experiment,config_id,config_json,seed,hit,hit_type,pos_error,vel_error,min_dist,ball_near_ms,tube_ready_ms,max_tcp,max_qdot,max_face,hit_time_error_ms,hit_pos_error,v_racket_at_hit,wall_time,error
exp14_pd_v2,ballspeed7__kd15.0__kp300__noplot__positionmode__servebox,"{""--ball-speed"": 7, ""--kd"": 15.0, ""--kp"": 300, ""--no-plot"": null, ""--position-mode"": null, ""--serve-box"": null}",1,False,miss,0.714701,1.774243,0.120347,0.0,0.0,1.8,0.8,1.8,0.0,0.714701,0.0,0.74,
exp14_pd_v2,ballspeed7__kd150.0__kp1000__noplot__positionmode__servebox,"{""--ball-speed"": 7, ""--kd"": 150.0, ""--kp"": 1000, ""--no-plot"": null, ""--position-mode"": null, ""--serve-box"": null}",50,True,passive,0.027671,1.8,0.027671,0.0,0.0,0.45,0.13,0.4,35.0,0.027671,0.09,0.74,
exp14_pd_v2,ballspeed7__kd2.5__kp50__noplot__positionmode__servebox,"{""--ball-speed"": 7, ""--kd"": 2.5, ""--kp"": 50, ""--no-plot"": null, ""--position-mode"": null, ""--serve-box"": null}",1,False,miss,0.589006,1.646424,0.114093,0.0,0.0,1.8,0.97,2.4,0.0,0.589006,0.0,0.75,
exp14_pd_v2,ballspeed7__kd15.0__kp300__noplot__positionmode__servebox,"{""--ball-speed"": 7, ""--kd"": 15.0, ""--kp"": 300, ""--no-plot"": null, ""--position-mode"": null, ""--serve-box"": null}",1,False,miss,0.714701,1.774243,0.120347,0.0,0.0,1.8,0.8,1.8,0.0,0.714701,0.0,0.77,
exp14_pd_v2,ballspeed7__kd2.5__kp50__noplot__positionmode__servebox,"{""--ball-speed"": 7, ""--kd"": 2.5, ""--kp"": 50, ""--no-plot"": null, ""--position-mode"": null, ""--serve-box"": null}",1,False,miss,0.589006,1.646424,0.114093,0.0,0.0,1.8,0.97,2.4,0.0,0.589006,0.0,0.77,
exp14_pd_v2,ballspeed7__kd150.0__kp1000__noplot__positionmode__servebox,"{""--ball-speed"": 7, ""--kd"": 150.0, ""--kp"": 1000, ""--no-plot"": null, ""--position-mode"": null, ""--serve-box"": null}",50,True,passive,0.027671,1.8,0.027671,0.0,0.0,0.45,0.13,0.4,35.0,0.027671,0.09,0.77,
exp14_pd_v2,ballspeed7__kd2.5__kp50__noplot__positionmode__servebox,"{""--ball-speed"": 7, ""--kd"": 2.5, ""--kp"": 50, ""--no-plot"": null, ""--position-mode"": null, ""--serve-box"": null}",8,False,miss,0.043355,1.817894,1.493032,0.0,0.0,0.8,0.92,0.6,0.0,0.043355,0.0,0.83,
exp14_pd_v2,ballspeed7__kd2.5__kp50__noplot__positionmode__servebox,"{""--ball-speed"": 7, ""--kd"": 2.5, ""--kp"": 50, ""--no-plot"": null, ""--position-mode"": null, ""--serve-box"": null}",9,True,active,0.038914,1.442911,0.038914,20.0,25.0,1.8,1.0,1.5,20.0,0.038914,0.957,0.94,
exp14_pd_v2,ballspeed7__kd2.5__kp50__noplot__positionmode__servebox,"{""--ball-speed"": 7, ""--kd"": 2.5, ""--kp"": 50, ""--no-plot"": null, ""--position-mode"": null, ""--serve-box"": null}",7,True,active,0.120242,1.756066,0.094305,0.0,0.0,1.8,1.0,1.8,35.0,0.120242,1.782,1.01,
exp14_pd_v2,ballspeed7__kd2.5__kp50__noplot__positionmode__servebox,"{""--ball-speed"": 7, ""--kd"": 2.5, ""--kp"": 50, ""--no-plot"": null, ""--position-mode"": null, ""--serve-box"": null}",14,True,active,0.055738,1.855845,0.053587,0.0,0.0,1.81,1.0,2.1,25.0,0.055738,1.794,1.03,
exp14_pd_v2,ballspeed7__kd2.5__kp50__noplot__positionmode__servebox,"{""--ball-speed"": 7, ""--kd"": 2.5, ""--kp"": 50, ""--no-plot"": null, ""--position-mode"": null, ""--serve-box"": null}",12,False,miss,0.604512,1.644918,0.155763,0.0,0.0,1.79,1.0,2.2,0.0,0.604512,0.0,1.07,
exp14_pd_v2,ballspeed7__kd2.5__kp50__noplot__positionmode__servebox,"{""--ball-speed"": 7, ""--kd"": 2.5, ""--kp"": 50, ""--no-plot"": null, ""--position-mode"": null, ""--serve-box"": null}",17,True,active,0.089667,1.62357,0.01892,0.0,0.0,1.55,1.0,1.3,20.0,0.089667,0.993,1.07,
exp14_pd_v2,ballspeed7__kd2.5__kp50__noplot__positionmode__servebox,"{""--ball-speed"": 7, ""--kd"": 2.5, ""--kp"": 50, ""--no-plot"": null, ""--position-mode"": null, ""--serve-box"": null}",5,False,miss,0.571972,1.595748,0.120451,0.0,0.0,1.8,1.0,2.0,0.0,0.571972,0.0,1.08,
exp14_pd_v2,ballspeed7__kd2.5__kp50__noplot__positionmode__servebox,"{""--ball-speed"": 7, ""--kd"": 2.5, ""--kp"": 50, ""--no-plot"": null, ""--position-mode"": null, ""--serve-box"": null}",16,True,active,0.088517,1.504925,0.088517,0.0,0.0,1.79,0.99,2.4,50.0,0.088517,1.698,1.09,
exp14_pd_v2,ballspeed7__kd2.5__kp50__noplot__positionmode__servebox,"{""--ball-speed"": 7, ""--kd"": 2.5, ""--kp"": 50, ""--no-plot"": null, ""--position-mode"": null, ""--serve-box"": null}",20,,,,,,,,,,,,,,0.26,no_result
exp14_pd_v2,ballspeed7__kd2.5__kp50__noplot__positionmode__servebox,"{""--ball-speed"": 7, ""--kd"": 2.5, ""--kp"": 50, ""--no-plot"": null, ""--position-mode"": null, ""--serve-box"": null}",21,,,,,,,,,,,,,,0.27,no_result
exp14_pd_v2,ballspeed7__kd2.5__kp50__noplot__positionmode__servebox,"{""--ball-speed"": 7, ""--kd"": 2.5, ""--kp"": 50, ""--no-plot"": null, ""--position-mode"": null, ""--serve-box"": null}",4,True,active,0.056732,1.805741,0.056732,0.0,0.0,1.8,0.99,1.4,35.0,0.056732,1.725,1.4,
exp14_pd_v2,ballspeed7__kd2.5__kp50__noplot__positionmode__servebox,"{""--ball-speed"": 7, ""--kd"": 2.5, ""--kp"": 50, ""--no-plot"": null, ""--position-mode"": null, ""--serve-box"": null}",6,True,active,0.052359,1.601874,0.052359,0.0,0.0,1.79,1.0,1.7,20.0,0.052359,1.695,1.48,
exp14_pd_v2,ballspeed7__kd2.5__kp50__noplot__positionmode__servebox,"{""--ball-speed"": 7, ""--kd"": 2.5, ""--kp"": 50, ""--no-plot"": null, ""--position-mode"": null, ""--serve-box"": null}",27,,,,,,,,,,,,,,0.22,no_result
exp14_pd_v2,ballspeed7__kd2.5__kp50__noplot__positionmode__servebox,"{""--ball-speed"": 7, ""--kd"": 2.5, ""--kp"": 50, ""--no-plot"": null, ""--position-mode"": null, ""--serve-box"": null}",10,True,active,0.03924,1.668898,0.03924,0.0,0.0,1.79,1.0,2.2,35.0,0.03924,1.624,1.82,
exp14_pd_v2,ballspeed7__kd2.5__kp50__noplot__positionmode__servebox,"{""--ball-speed"": 7, ""--kd"": 2.5, ""--kp"": 50, ""--no-plot"": null, ""--position-mode"": null, ""--serve-box"": null}",2,True,active,0.054319,1.508438,0.052742,0.0,0.0,1.79,0.99,1.4,25.0,0.054319,1.785,1.83,
exp14_pd_v2,ballspeed7__kd2.5__kp50__noplot__positionmode__servebox,"{""--ball-speed"": 7, ""--kd"": 2.5, ""--kp"": 50, ""--no-plot"": null, ""--position-mode"": null, ""--serve-box"": null}",11,False,miss,0.469433,1.597418,0.097485,0.0,0.0,1.77,1.0,2.2,0.0,0.469433,0.0,1.86,
exp14_pd_v2,ballspeed7__kd2.5__kp50__noplot__positionmode__servebox,"{""--ball-speed"": 7, ""--kd"": 2.5, ""--kp"": 50, ""--no-plot"": null, ""--position-mode"": null, ""--serve-box"": null}",13,True,active,0.056463,1.597594,0.044644,0.0,0.0,1.81,1.0,1.2,35.0,0.056463,1.796,1.87,
exp14_pd_v2,ballspeed7__kd2.5__kp50__noplot__positionmode__servebox,"{""--ball-speed"": 7, ""--kd"": 2.5, ""--kp"": 50, ""--no-plot"": null, ""--position-mode"": null, ""--serve-box"": null}",18,False,miss,0.411807,1.592703,0.137477,0.0,0.0,1.75,0.95,1.8,0.0,0.411807,0.0,1.06,
exp14_pd_v2,ballspeed7__kd2.5__kp50__noplot__positionmode__servebox,"{""--ball-speed"": 7, ""--kd"": 2.5, ""--kp"": 50, ""--no-plot"": null, ""--position-mode"": null, ""--serve-box"": null}",3,True,active,0.105554,1.675483,0.089265,25.0,95.0,1.81,0.96,2.0,40.0,0.105554,1.712,1.94,
exp14_pd_v2,ballspeed7__kd2.5__kp50__noplot__positionmode__servebox,"{""--ball-speed"": 7, ""--kd"": 2.5, ""--kp"": 50, ""--no-plot"": null, ""--position-mode"": null, ""--serve-box"": null}",23,True,active,0.053023,1.119682,0.053023,0.0,0.0,1.75,0.97,1.6,20.0,0.053023,1.75,0.91,
exp14_pd_v2,ballspeed7__kd2.5__kp50__noplot__positionmode__servebox,"{""--ball-speed"": 7, ""--kd"": 2.5, ""--kp"": 50, ""--no-plot"": null, ""--position-mode"": null, ""--serve-box"": null}",15,False,miss,0.399016,1.616769,0.144314,0.0,0.0,1.79,1.0,1.5,0.0,0.399016,0.0,2.03,
exp14_pd_v2,ballspeed7__kd2.5__kp50__noplot__positionmode__servebox,"{""--ball-speed"": 7, ""--kd"": 2.5, ""--kp"": 50, ""--no-plot"": null, ""--position-mode"": null, ""--serve-box"": null}",19,False,miss,0.561923,1.64701,0.210316,0.0,0.0,1.8,0.98,1.6,0.0,0.561923,0.0,1.11,
exp14_pd_v2,ballspeed7__kd2.5__kp50__noplot__positionmode__servebox,"{""--ball-speed"": 7, ""--kd"": 2.5, ""--kp"": 50, ""--no-plot"": null, ""--position-mode"": null, ""--serve-box"": null}",25,False,miss,0.573497,1.816316,0.113838,0.0,0.0,1.8,1.0,2.3,0.0,0.573497,0.0,0.98,
exp14_pd_v2,ballspeed7__kd2.5__kp50__noplot__positionmode__servebox,"{""--ball-speed"": 7, ""--kd"": 2.5, ""--kp"": 50, ""--no-plot"": null, ""--position-mode"": null, ""--serve-box"": null}",22,False,miss,0.395919,1.444272,0.102538,0.0,0.0,1.52,0.97,1.7,0.0,0.395919,0.0,1.0,
exp14_pd_v2,ballspeed7__kd2.5__kp50__noplot__positionmode__servebox,"{""--ball-speed"": 7, ""--kd"": 2.5, ""--kp"": 50, ""--no-plot"": null, ""--position-mode"": null, ""--serve-box"": null}",24,True,active,0.06911,1.615028,0.049604,0.0,0.0,1.79,1.0,1.2,30.0,0.06911,0.49,1.22,
exp14_pd_v2,ballspeed7__kd2.5__kp50__noplot__positionmode__servebox,"{""--ball-speed"": 7, ""--kd"": 2.5, ""--kp"": 50, ""--no-plot"": null, ""--position-mode"": null, ""--serve-box"": null}",28,True,active,0.093184,1.853883,0.072155,0.0,0.0,1.78,1.0,2.1,25.0,0.093184,1.687,0.98,
exp14_pd_v2,ballspeed7__kd2.5__kp50__noplot__positionmode__servebox,"{""--ball-speed"": 7, ""--kd"": 2.5, ""--kp"": 50, ""--no-plot"": null, ""--position-mode"": null, ""--serve-box"": null}",30,False,miss,0.598224,1.556242,0.123281,0.0,0.0,1.8,1.0,1.9,0.0,0.598224,0.0,0.93,
exp14_pd_v2,ballspeed7__kd2.5__kp50__noplot__positionmode__servebox,"{""--ball-speed"": 7, ""--kd"": 2.5, ""--kp"": 50, ""--no-plot"": null, ""--position-mode"": null, ""--serve-box"": null}",26,True,active,0.135463,1.671832,0.131367,0.0,0.0,1.8,0.98,1.6,40.0,0.135463,1.736,1.33,
exp14_pd_v2,ballspeed7__kd2.5__kp50__noplot__positionmode__servebox,"{""--ball-speed"": 7, ""--kd"": 2.5, ""--kp"": 50, ""--no-plot"": null, ""--position-mode"": null, ""--serve-box"": null}",29,False,miss,0.503501,1.6282,0.151819,0.0,0.0,1.8,0.99,2.1,0.0,0.503501,0.0,1.12,
exp14_pd_v2,ballspeed7__kd2.5__kp50__noplot__positionmode__servebox,"{""--ball-speed"": 7, ""--kd"": 2.5, ""--kp"": 50, ""--no-plot"": null, ""--position-mode"": null, ""--serve-box"": null}",33,True,active,0.063137,1.744748,0.050562,0.0,0.0,1.8,1.0,1.8,20.0,0.063137,1.8,1.02,
exp14_pd_v2,ballspeed7__kd2.5__kp50__noplot__positionmode__servebox,"{""--ball-speed"": 7, ""--kd"": 2.5, ""--kp"": 50, ""--no-plot"": null, ""--position-mode"": null, ""--serve-box"": null}",32,True,active,0.044066,1.516154,0.044066,0.0,0.0,1.56,0.99,2.0,15.0,0.044066,1.207,1.09,
exp14_pd_v2,ballspeed7__kd2.5__kp50__noplot__positionmode__servebox,"{""--ball-speed"": 7, ""--kd"": 2.5, ""--kp"": 50, ""--no-plot"": null, ""--position-mode"": null, ""--serve-box"": null}",35,True,active,0.087406,1.582315,0.073967,0.0,0.0,1.81,0.97,1.7,50.0,0.087406,1.809,1.05,
exp14_pd_v2,ballspeed7__kd2.5__kp50__noplot__positionmode__servebox,"{""--ball-speed"": 7, ""--kd"": 2.5, ""--kp"": 50, ""--no-plot"": null, ""--position-mode"": null, ""--serve-box"": null}",37,False,miss,0.613687,1.772455,0.138733,0.0,5.0,1.81,1.0,1.9,0.0,0.613687,0.0,0.95,
exp14_pd_v2,ballspeed7__kd2.5__kp50__noplot__positionmode__servebox,"{""--ball-speed"": 7, ""--kd"": 2.5, ""--kp"": 50, ""--no-plot"": null, ""--position-mode"": null, ""--serve-box"": null}",36,True,active,0.097087,1.793449,0.084721,0.0,0.0,1.8,1.0,1.6,30.0,0.097087,1.785,1.03,
exp14_pd_v2,ballspeed7__kd2.5__kp50__noplot__positionmode__servebox,"{""--ball-speed"": 7, ""--kd"": 2.5, ""--kp"": 50, ""--no-plot"": null, ""--position-mode"": null, ""--serve-box"": null}",39,True,active,0.070545,1.668981,0.070545,0.0,0.0,1.79,1.0,1.6,35.0,0.070545,1.721,0.99,
exp14_pd_v2,ballspeed7__kd2.5__kp50__noplot__positionmode__servebox,"{""--ball-speed"": 7, ""--kd"": 2.5, ""--kp"": 50, ""--no-plot"": null, ""--position-mode"": null, ""--serve-box"": null}",42,True,active,0.135735,1.672162,0.131072,0.0,0.0,1.79,0.98,2.4,40.0,0.135735,1.63,1.05,
exp14_pd_v2,ballspeed7__kd2.5__kp50__noplot__positionmode__servebox,"{""--ball-speed"": 7, ""--kd"": 2.5, ""--kp"": 50, ""--no-plot"": null, ""--position-mode"": null, ""--serve-box"": null}",44,True,active,0.101545,1.604892,0.101545,0.0,0.0,1.8,0.99,2.7,50.0,0.101545,1.759,0.91,
exp14_pd_v2,ballspeed7__kd2.5__kp50__noplot__positionmode__servebox,"{""--ball-speed"": 7, ""--kd"": 2.5, ""--kp"": 50, ""--no-plot"": null, ""--position-mode"": null, ""--serve-box"": null}",34,True,active,0.075293,1.859927,0.075293,30.0,95.0,1.81,1.0,1.8,40.0,0.075293,1.656,1.57,
exp14_pd_v2,ballspeed7__kd2.5__kp50__noplot__positionmode__servebox,"{""--ball-speed"": 7, ""--kd"": 2.5, ""--kp"": 50, ""--no-plot"": null, ""--position-mode"": null, ""--serve-box"": null}",43,True,active,0.093564,1.778894,0.077005,0.0,0.0,1.77,1.0,2.0,45.0,0.093564,1.696,1.09,
exp14_pd_v2,ballspeed7__kd2.5__kp50__noplot__positionmode__servebox,"{""--ball-speed"": 7, ""--kd"": 2.5, ""--kp"": 50, ""--no-plot"": null, ""--position-mode"": null, ""--serve-box"": null}",31,True,active,0.073598,1.83257,0.062083,0.0,55.0,1.8,1.0,1.8,35.0,0.073598,1.712,1.83,
exp14_pd_v2,ballspeed7__kd2.5__kp50__noplot__positionmode__servebox,"{""--ball-speed"": 7, ""--kd"": 2.5, ""--kp"": 50, ""--no-plot"": null, ""--position-mode"": null, ""--serve-box"": null}",48,False,miss,0.370926,1.765228,0.087062,0.0,0.0,1.79,1.0,2.2,0.0,0.370926,0.0,0.89,
exp14_pd_v2,ballspeed7__kd2.5__kp50__noplot__positionmode__servebox,"{""--ball-speed"": 7, ""--kd"": 2.5, ""--kp"": 50, ""--no-plot"": null, ""--position-mode"": null, ""--serve-box"": null}",49,True,active,0.074413,1.785481,0.052081,0.0,0.0,1.8,1.0,1.7,30.0,0.074413,1.775,0.88,
exp14_pd_v2,ballspeed7__kd2.5__kp50__noplot__positionmode__servebox,"{""--ball-speed"": 7, ""--kd"": 2.5, ""--kp"": 50, ""--no-plot"": null, ""--position-mode"": null, ""--serve-box"": null}",47,False,miss,0.587388,1.890161,0.138195,30.0,105.0,1.8,1.0,1.9,0.0,0.587388,0.0,0.96,
exp14_pd_v2,ballspeed7__kd2.5__kp50__noplot__positionmode__servebox,"{""--ball-speed"": 7, ""--kd"": 2.5, ""--kp"": 50, ""--no-plot"": null, ""--position-mode"": null, ""--serve-box"": null}",50,False,miss,0.597262,1.677478,0.104176,0.0,0.0,1.8,1.0,2.2,0.0,0.597262,0.0,0.94,
exp14_pd_v2,ballspeed7__kd2.5__kp50__noplot__positionmode__servebox,"{""--ball-speed"": 7, ""--kd"": 2.5, ""--kp"": 50, ""--no-plot"": null, ""--position-mode"": null, ""--serve-box"": null}",41,True,active,0.119361,1.842234,0.094297,40.0,90.0,1.8,1.0,1.8,25.0,0.119361,1.799,1.84,
exp14_pd_v2,ballspeed7__kd2.5__kp50__noplot__positionmode__servebox,"{""--ball-speed"": 7, ""--kd"": 2.5, ""--kp"": 50, ""--no-plot"": null, ""--position-mode"": null, ""--serve-box"": null}",40,True,active,0.05056,1.157044,0.05056,0.0,0.0,1.78,1.0,1.3,20.0,0.05056,0.9,1.95,
exp14_pd_v2,ballspeed7__kd2.5__kp50__noplot__positionmode__servebox,"{""--ball-speed"": 7, ""--kd"": 2.5, ""--kp"": 50, ""--no-plot"": null, ""--position-mode"": null, ""--serve-box"": null}",38,False,miss,0.526971,1.581273,0.111027,0.0,0.0,1.8,1.0,1.9,0.0,0.526971,0.0,1.97,
exp14_pd_v2,ballspeed7__kd4.0__kp50__noplot__positionmode__servebox,"{""--ball-speed"": 7, ""--kd"": 4.0, ""--kp"": 50, ""--no-plot"": null, ""--position-mode"": null, ""--serve-box"": null}",2,False,miss,0.394653,1.737308,0.100592,0.0,0.0,1.76,0.97,1.5,0.0,0.394653,0.0,1.07,
exp14_pd_v2,ballspeed7__kd4.0__kp50__noplot__positionmode__servebox,"{""--ball-speed"": 7, ""--kd"": 4.0, ""--kp"": 50, ""--no-plot"": null, ""--position-mode"": null, ""--serve-box"": null}",1,True,active,0.149024,1.670761,0.097816,0.0,0.0,1.79,0.91,2.1,35.0,0.149024,1.6,1.33,
exp14_pd_v2,ballspeed7__kd4.0__kp50__noplot__positionmode__servebox,"{""--ball-speed"": 7, ""--kd"": 4.0, ""--kp"": 50, ""--no-plot"": null, ""--position-mode"": null, ""--serve-box"": null}",4,True,active,0.106532,1.562973,0.047032,0.0,0.0,1.24,0.99,1.1,25.0,0.106532,0.73,0.98,
exp14_pd_v2,ballspeed7__kd4.0__kp50__noplot__positionmode__servebox,"{""--ball-speed"": 7, ""--kd"": 4.0, ""--kp"": 50, ""--no-plot"": null, ""--position-mode"": null, ""--serve-box"": null}",5,True,active,0.076127,1.561163,0.076127,0.0,0.0,1.8,1.0,1.9,40.0,0.076127,1.633,0.97,
exp14_pd_v2,ballspeed7__kd2.5__kp50__noplot__positionmode__servebox,"{""--ball-speed"": 7, ""--kd"": 2.5, ""--kp"": 50, ""--no-plot"": null, ""--position-mode"": null, ""--serve-box"": null}",46,False,miss,0.502856,1.74345,0.111947,0.0,0.0,1.79,1.0,2.5,0.0,0.502856,0.0,1.82,
exp14_pd_v2,ballspeed7__kd4.0__kp50__noplot__positionmode__servebox,"{""--ball-speed"": 7, ""--kd"": 4.0, ""--kp"": 50, ""--no-plot"": null, ""--position-mode"": null, ""--serve-box"": null}",3,False,miss,0.575312,1.692708,0.104838,0.0,0.0,1.8,0.85,2.2,0.0,0.575312,0.0,1.07,
exp14_pd_v2,ballspeed7__kd2.5__kp50__noplot__positionmode__servebox,"{""--ball-speed"": 7, ""--kd"": 2.5, ""--kp"": 50, ""--no-plot"": null, ""--position-mode"": null, ""--serve-box"": null}",45,False,miss,0.468829,1.765519,0.092083,0.0,0.0,1.8,1.0,2.1,0.0,0.468829,0.0,1.84,
exp14_pd_v2,ballspeed7__kd4.0__kp50__noplot__positionmode__servebox,"{""--ball-speed"": 7, ""--kd"": 4.0, ""--kp"": 50, ""--no-plot"": null, ""--position-mode"": null, ""--serve-box"": null}",6,True,active,0.018229,1.662056,0.018229,0.0,0.0,1.77,0.99,1.9,10.0,0.018229,1.726,1.06,
exp14_pd_v2,ballspeed7__kd4.0__kp50__noplot__positionmode__servebox,"{""--ball-speed"": 7, ""--kd"": 4.0, ""--kp"": 50, ""--no-plot"": null, ""--position-mode"": null, ""--serve-box"": null}",7,True,active,0.073224,1.662854,0.042041,0.0,0.0,1.79,0.87,1.8,35.0,0.073224,1.366,1.0,
exp14_pd_v2,ballspeed7__kd4.0__kp50__noplot__positionmode__servebox,"{""--ball-speed"": 7, ""--kd"": 4.0, ""--kp"": 50, ""--no-plot"": null, ""--position-mode"": null, ""--serve-box"": null}",21,,,,,,,,,,,,,,0.25,no_result
exp14_pd_v2,ballspeed7__kd4.0__kp50__noplot__positionmode__servebox,"{""--ball-speed"": 7, ""--kd"": 4.0, ""--kp"": 50, ""--no-plot"": null, ""--position-mode"": null, ""--serve-box"": null}",20,,,,,,,,,,,,,,0.31,no_result
exp14_pd_v2,ballspeed7__kd4.0__kp50__noplot__positionmode__servebox,"{""--ball-speed"": 7, ""--kd"": 4.0, ""--kp"": 50, ""--no-plot"": null, ""--position-mode"": null, ""--serve-box"": null}",8,True,active,0.087317,1.587307,0.072061,0.0,0.0,1.24,0.99,1.2,25.0,0.087317,0.832,1.0,
exp14_pd_v2,ballspeed7__kd4.0__kp50__noplot__positionmode__servebox,"{""--ball-speed"": 7, ""--kd"": 4.0, ""--kp"": 50, ""--no-plot"": null, ""--position-mode"": null, ""--serve-box"": null}",13,True,active,0.069911,1.620003,0.054624,0.0,0.0,1.8,0.97,1.4,40.0,0.069911,1.667,1.1,
exp14_pd_v2,ballspeed7__kd4.0__kp50__noplot__positionmode__servebox,"{""--ball-speed"": 7, ""--kd"": 4.0, ""--kp"": 50, ""--no-plot"": null, ""--position-mode"": null, ""--serve-box"": null}",10,True,active,0.07345,1.787686,0.07345,5.0,60.0,1.8,0.85,1.5,45.0,0.07345,1.788,1.33,
exp14_pd_v2,ballspeed7__kd4.0__kp50__noplot__positionmode__servebox,"{""--ball-speed"": 7, ""--kd"": 4.0, ""--kp"": 50, ""--no-plot"": null, ""--position-mode"": null, ""--serve-box"": null}",15,True,active,0.08228,1.588374,0.031523,0.0,0.0,1.65,1.0,1.7,15.0,0.08228,1.65,1.07,
exp14_pd_v2,ballspeed7__kd4.0__kp50__noplot__positionmode__servebox,"{""--ball-speed"": 7, ""--kd"": 4.0, ""--kp"": 50, ""--no-plot"": null, ""--position-mode"": null, ""--serve-box"": null}",16,True,active,0.128487,1.640441,0.078982,0.0,0.0,1.8,0.89,1.7,30.0,0.128487,1.707,0.95,
exp14_pd_v2,ballspeed7__kd4.0__kp50__noplot__positionmode__servebox,"{""--ball-speed"": 7, ""--kd"": 4.0, ""--kp"": 50, ""--no-plot"": null, ""--position-mode"": null, ""--serve-box"": null}",27,,,,,,,,,,,,,,0.24,no_result
exp14_pd_v2,ballspeed7__kd4.0__kp50__noplot__positionmode__servebox,"{""--ball-speed"": 7, ""--kd"": 4.0, ""--kp"": 50, ""--no-plot"": null, ""--position-mode"": null, ""--serve-box"": null}",14,True,active,0.135563,1.768395,0.088334,5.0,60.0,1.8,0.85,2.1,15.0,0.135563,1.749,1.35,
exp14_pd_v2,ballspeed7__kd4.0__kp50__noplot__positionmode__servebox,"{""--ball-speed"": 7, ""--kd"": 4.0, ""--kp"": 50, ""--no-plot"": null, ""--position-mode"": null, ""--serve-box"": null}",9,True,active,0.027081,1.713091,0.027081,45.0,105.0,1.62,0.92,1.6,20.0,0.027081,1.059,1.64,
exp14_pd_v2,ballspeed7__kd4.0__kp50__noplot__positionmode__servebox,"{""--ball-speed"": 7, ""--kd"": 4.0, ""--kp"": 50, ""--no-plot"": null, ""--position-mode"": null, ""--serve-box"": null}",22,False,miss,0.636763,1.698643,0.166875,0.0,0.0,1.8,0.98,2.0,0.0,0.636763,0.0,0.94,
exp14_pd_v2,ballspeed7__kd4.0__kp50__noplot__positionmode__servebox,"{""--ball-speed"": 7, ""--kd"": 4.0, ""--kp"": 50, ""--no-plot"": null, ""--position-mode"": null, ""--serve-box"": null}",19,True,active,0.058532,1.716776,0.049869,0.0,0.0,1.29,1.0,1.1,30.0,0.058532,1.052,1.08,
exp14_pd_v2,ballspeed7__kd4.0__kp50__noplot__positionmode__servebox,"{""--ball-speed"": 7, ""--kd"": 4.0, ""--kp"": 50, ""--no-plot"": null, ""--position-mode"": null, ""--serve-box"": null}",23,True,active,0.045046,1.340019,0.045046,0.0,0.0,1.71,0.99,1.3,10.0,0.045046,1.713,0.93,
exp14_pd_v2,ballspeed7__kd4.0__kp50__noplot__positionmode__servebox,"{""--ball-speed"": 7, ""--kd"": 4.0, ""--kp"": 50, ""--no-plot"": null, ""--position-mode"": null, ""--serve-box"": null}",24,True,active,0.062362,1.419114,0.051684,0.0,0.0,1.63,1.0,1.1,25.0,0.062362,0.948,0.9,
exp14_pd_v2,ballspeed7__kd4.0__kp50__noplot__positionmode__servebox,"{""--ball-speed"": 7, ""--kd"": 4.0, ""--kp"": 50, ""--no-plot"": null, ""--position-mode"": null, ""--serve-box"": null}",11,True,active,0.100377,1.677698,0.084179,0.0,0.0,1.8,0.88,2.0,40.0,0.100377,1.624,1.8,
exp14_pd_v2,ballspeed7__kd4.0__kp50__noplot__positionmode__servebox,"{""--ball-speed"": 7, ""--kd"": 4.0, ""--kp"": 50, ""--no-plot"": null, ""--position-mode"": null, ""--serve-box"": null}",12,True,active,0.091511,1.644545,0.025078,0.0,0.0,1.8,0.85,1.7,30.0,0.091511,1.8,1.99,
exp14_pd_v2,ballspeed7__kd4.0__kp50__noplot__positionmode__servebox,"{""--ball-speed"": 7, ""--kd"": 4.0, ""--kp"": 50, ""--no-plot"": null, ""--position-mode"": null, ""--serve-box"": null}",26,False,miss,0.607253,1.700264,0.136039,0.0,0.0,1.8,0.89,2.2,0.0,0.607253,0.0,1.11,
exp14_pd_v2,ballspeed7__kd4.0__kp50__noplot__positionmode__servebox,"{""--ball-speed"": 7, ""--kd"": 4.0, ""--kp"": 50, ""--no-plot"": null, ""--position-mode"": null, ""--serve-box"": null}",25,True,active,0.088667,1.56847,0.06889,0.0,0.0,1.69,1.0,2.1,40.0,0.088667,1.53,1.3,
exp14_pd_v2,ballspeed7__kd4.0__kp50__noplot__positionmode__servebox,"{""--ball-speed"": 7, ""--kd"": 4.0, ""--kp"": 50, ""--no-plot"": null, ""--position-mode"": null, ""--serve-box"": null}",28,True,active,0.086263,1.612542,0.046322,0.0,0.0,1.63,0.8,2.0,30.0,0.086263,1.154,0.91,
exp14_pd_v2,ballspeed7__kd4.0__kp50__noplot__positionmode__servebox,"{""--ball-speed"": 7, ""--kd"": 4.0, ""--kp"": 50, ""--no-plot"": null, ""--position-mode"": null, ""--serve-box"": null}",29,True,active,0.092742,1.346648,0.025667,0.0,0.0,1.22,0.95,1.1,5.0,0.092742,1.079,1.0,
exp14_pd_v2,ballspeed7__kd4.0__kp50__noplot__positionmode__servebox,"{""--ball-speed"": 7, ""--kd"": 4.0, ""--kp"": 50, ""--no-plot"": null, ""--position-mode"": null, ""--serve-box"": null}",17,True,active,0.033715,1.659816,0.033715,0.0,0.0,1.7,0.99,1.5,15.0,0.033715,1.676,1.84,
exp14_pd_v2,ballspeed7__kd4.0__kp50__noplot__positionmode__servebox,"{""--ball-speed"": 7, ""--kd"": 4.0, ""--kp"": 50, ""--no-plot"": null, ""--position-mode"": null, ""--serve-box"": null}",30,False,miss,0.224292,1.392994,0.165294,0.0,0.0,1.31,0.96,1.1,0.0,0.224292,0.0,0.95,
exp14_pd_v2,ballspeed7__kd4.0__kp50__noplot__positionmode__servebox,"{""--ball-speed"": 7, ""--kd"": 4.0, ""--kp"": 50, ""--no-plot"": null, ""--position-mode"": null, ""--serve-box"": null}",18,True,active,0.083191,1.666868,0.015378,0.0,0.0,1.8,1.0,1.6,25.0,0.083191,1.651,1.81,
exp14_pd_v2,ballspeed7__kd4.0__kp50__noplot__positionmode__servebox,"{""--ball-speed"": 7, ""--kd"": 4.0, ""--kp"": 50, ""--no-plot"": null, ""--position-mode"": null, ""--serve-box"": null}",31,True,active,0.043452,1.913897,0.043452,20.0,75.0,1.8,0.8,1.7,30.0,0.043452,1.711,1.03,
exp14_pd_v2,ballspeed7__kd4.0__kp50__noplot__positionmode__servebox,"{""--ball-speed"": 7, ""--kd"": 4.0, ""--kp"": 50, ""--no-plot"": null, ""--position-mode"": null, ""--serve-box"": null}",35,True,active,0.112958,1.742476,0.112958,0.0,0.0,1.79,0.99,1.8,55.0,0.112958,1.775,0.97,
exp14_pd_v2,ballspeed7__kd4.0__kp50__noplot__positionmode__servebox,"{""--ball-speed"": 7, ""--kd"": 4.0, ""--kp"": 50, ""--no-plot"": null, ""--position-mode"": null, ""--serve-box"": null}",33,True,active,0.053349,1.72464,0.053349,0.0,0.0,1.8,0.8,1.5,30.0,0.053349,0.78,1.06,
exp14_pd_v2,ballspeed7__kd4.0__kp50__noplot__positionmode__servebox,"{""--ball-speed"": 7, ""--kd"": 4.0, ""--kp"": 50, ""--no-plot"": null, ""--position-mode"": null, ""--serve-box"": null}",36,True,active,0.114877,1.659603,0.078183,0.0,0.0,1.7,0.77,1.6,15.0,0.114877,0.956,1.21,
exp14_pd_v2,ballspeed7__kd4.0__kp50__noplot__positionmode__servebox,"{""--ball-speed"": 7, ""--kd"": 4.0, ""--kp"": 50, ""--no-plot"": null, ""--position-mode"": null, ""--serve-box"": null}",32,False,miss,0.071073,1.838985,0.859023,0.0,0.0,1.21,0.98,0.9,0.0,0.071073,0.0,1.48,
exp14_pd_v2,ballspeed7__kd4.0__kp50__noplot__positionmode__servebox,"{""--ball-speed"": 7, ""--kd"": 4.0, ""--kp"": 50, ""--no-plot"": null, ""--position-mode"": null, ""--serve-box"": null}",39,True,active,0.095678,1.58581,0.055549,0.0,0.0,1.8,0.86,1.4,45.0,0.095678,1.796,0.98,
exp14_pd_v2,ballspeed7__kd4.0__kp50__noplot__positionmode__servebox,"{""--ball-speed"": 7, ""--kd"": 4.0, ""--kp"": 50, ""--no-plot"": null, ""--position-mode"": null, ""--serve-box"": null}",40,True,active,0.04872,1.662965,0.037679,0.0,0.0,1.77,1.0,1.5,15.0,0.04872,1.614,0.97,
exp14_pd_v2,ballspeed7__kd4.0__kp50__noplot__positionmode__servebox,"{""--ball-speed"": 7, ""--kd"": 4.0, ""--kp"": 50, ""--no-plot"": null, ""--position-mode"": null, ""--serve-box"": null}",41,True,active,0.042349,1.781242,0.042349,45.0,105.0,1.78,0.86,2.0,25.0,0.042349,1.463,0.92,
exp14_pd_v2,ballspeed7__kd4.0__kp50__noplot__positionmode__servebox,"{""--ball-speed"": 7, ""--kd"": 4.0, ""--kp"": 50, ""--no-plot"": null, ""--position-mode"": null, ""--serve-box"": null}",42,True,active,0.089781,1.714935,0.089781,0.0,0.0,1.81,0.96,1.8,45.0,0.089781,1.808,0.9,
exp14_pd_v2,ballspeed7__kd4.0__kp50__noplot__positionmode__servebox,"{""--ball-speed"": 7, ""--kd"": 4.0, ""--kp"": 50, ""--no-plot"": null, ""--position-mode"": null, ""--serve-box"": null}",34,True,active,0.109693,1.729899,0.097297,0.0,0.0,1.8,0.97,2.2,40.0,0.109693,1.622,1.78,
exp14_pd_v2,ballspeed7__kd4.0__kp50__noplot__positionmode__servebox,"{""--ball-speed"": 7, ""--kd"": 4.0, ""--kp"": 50, ""--no-plot"": null, ""--position-mode"": null, ""--serve-box"": null}",44,True,active,0.09092,1.650058,0.08865,0.0,0.0,1.8,0.99,2.2,45.0,0.09092,1.771,1.1,
exp14_pd_v2,ballspeed7__kd4.0__kp50__noplot__positionmode__servebox,"{""--ball-speed"": 7, ""--kd"": 4.0, ""--kp"": 50, ""--no-plot"": null, ""--position-mode"": null, ""--serve-box"": null}",38,False,miss,0.350705,1.588665,0.089424,0.0,0.0,1.77,0.75,1.8,0.0,0.350705,0.0,1.6,
exp14_pd_v2,ballspeed7__kd4.0__kp50__noplot__positionmode__servebox,"{""--ball-speed"": 7, ""--kd"": 4.0, ""--kp"": 50, ""--no-plot"": null, ""--position-mode"": null, ""--serve-box"": null}",49,False,miss,0.486489,1.744491,0.109147,0.0,55.0,1.81,0.84,2.1,0.0,0.486489,0.0,0.87,
exp14_pd_v2,ballspeed7__kd4.0__kp50__noplot__positionmode__servebox,"{""--ball-speed"": 7, ""--kd"": 4.0, ""--kp"": 50, ""--no-plot"": null, ""--position-mode"": null, ""--serve-box"": null}",37,False,miss,0.58998,1.695099,0.145628,0.0,0.0,1.8,0.79,2.1,0.0,0.58998,0.0,1.89,
exp14_pd_v2,ballspeed7__kd4.0__kp50__noplot__positionmode__servebox,"{""--ball-speed"": 7, ""--kd"": 4.0, ""--kp"": 50, ""--no-plot"": null, ""--position-mode"": null, ""--serve-box"": null}",46,True,active,0.076407,1.725775,0.06309,0.0,0.0,1.81,0.81,1.5,30.0,0.076407,1.785,1.29,
exp14_pd_v2,ballspeed7__kd4.0__kp50__noplot__positionmode__servebox,"{""--ball-speed"": 7, ""--kd"": 4.0, ""--kp"": 50, ""--no-plot"": null, ""--position-mode"": null, ""--serve-box"": null}",47,False,miss,0.537524,1.740634,0.116174,40.0,105.0,1.7,0.87,2.0,0.0,0.537524,0.0,1.24,
exp14_pd_v2,ballspeed7__kd5.0__kp50__noplot__positionmode__servebox,"{""--ball-speed"": 7, ""--kd"": 5.0, ""--kp"": 50, ""--no-plot"": null, ""--position-mode"": null, ""--serve-box"": null}",2,False,miss,0.378799,1.668988,0.1265,0.0,0.0,1.22,0.95,1.2,0.0,0.378799,0.0,0.89,
exp14_pd_v2,ballspeed7__kd4.0__kp50__noplot__positionmode__servebox,"{""--ball-speed"": 7, ""--kd"": 4.0, ""--kp"": 50, ""--no-plot"": null, ""--position-mode"": null, ""--serve-box"": null}",48,True,active,0.02978,1.669286,0.02978,40.0,90.0,1.79,0.88,1.8,25.0,0.02978,1.56,1.34,
exp14_pd_v2,ballspeed7__kd5.0__kp50__noplot__positionmode__servebox,"{""--ball-speed"": 7, ""--kd"": 5.0, ""--kp"": 50, ""--no-plot"": null, ""--position-mode"": null, ""--serve-box"": null}",3,False,miss,0.607628,1.779381,0.122647,35.0,105.0,1.8,0.91,1.7,0.0,0.607628,0.0,0.94,
exp14_pd_v2,ballspeed7__kd5.0__kp50__noplot__positionmode__servebox,"{""--ball-speed"": 7, ""--kd"": 5.0, ""--kp"": 50, ""--no-plot"": null, ""--position-mode"": null, ""--serve-box"": null}",1,False,miss,0.592705,1.725429,0.140137,30.0,80.0,1.8,0.95,1.9,0.0,0.592705,0.0,1.03,
exp14_pd_v2,ballspeed7__kd4.0__kp50__noplot__positionmode__servebox,"{""--ball-speed"": 7, ""--kd"": 4.0, ""--kp"": 50, ""--no-plot"": null, ""--position-mode"": null, ""--serve-box"": null}",45,True,active,0.066735,1.793832,0.063069,35.0,100.0,1.8,0.87,1.5,35.0,0.066735,1.801,1.68,
exp14_pd_v2,ballspeed7__kd4.0__kp50__noplot__positionmode__servebox,"{""--ball-speed"": 7, ""--kd"": 4.0, ""--kp"": 50, ""--no-plot"": null, ""--position-mode"": null, ""--serve-box"": null}",50,False,miss,0.637746,1.691789,0.15223,0.0,80.0,1.8,0.99,2.2,0.0,0.637746,0.0,1.24,
exp14_pd_v2,ballspeed7__kd4.0__kp50__noplot__positionmode__servebox,"{""--ball-speed"": 7, ""--kd"": 4.0, ""--kp"": 50, ""--no-plot"": null, ""--position-mode"": null, ""--serve-box"": null}",43,True,active,0.115628,1.820146,0.100812,0.0,0.0,1.8,0.92,2.2,45.0,0.115628,1.574,1.87,
exp14_pd_v2,ballspeed7__kd5.0__kp50__noplot__positionmode__servebox,"{""--ball-speed"": 7, ""--kd"": 5.0, ""--kp"": 50, ""--no-plot"": null, ""--position-mode"": null, ""--serve-box"": null}",8,False,miss,0.028653,1.793115,1.496228,0.0,0.0,0.3,0.54,0.2,0.0,0.028653,0.0,0.83,
exp14_pd_v2,ballspeed7__kd5.0__kp50__noplot__positionmode__servebox,"{""--ball-speed"": 7, ""--kd"": 5.0, ""--kp"": 50, ""--no-plot"": null, ""--position-mode"": null, ""--serve-box"": null}",7,False,miss,0.238629,1.629882,0.136053,0.0,0.0,1.74,0.81,1.5,0.0,0.238629,0.0,0.95,
exp14_pd_v2,ballspeed7__kd5.0__kp50__noplot__positionmode__servebox,"{""--ball-speed"": 7, ""--kd"": 5.0, ""--kp"": 50, ""--no-plot"": null, ""--position-mode"": null, ""--serve-box"": null}",20,,,,,,,,,,,,,,0.24,no_result
exp14_pd_v2,ballspeed7__kd5.0__kp50__noplot__positionmode__servebox,"{""--ball-speed"": 7, ""--kd"": 5.0, ""--kp"": 50, ""--no-plot"": null, ""--position-mode"": null, ""--serve-box"": null}",9,True,active,0.050707,1.749914,0.042266,40.0,85.0,1.79,0.77,1.4,15.0,0.050707,1.643,1.05,
exp14_pd_v2,ballspeed7__kd5.0__kp50__noplot__positionmode__servebox,"{""--ball-speed"": 7, ""--kd"": 5.0, ""--kp"": 50, ""--no-plot"": null, ""--position-mode"": null, ""--serve-box"": null}",4,True,active,0.081016,1.679277,0.037071,0.0,0.0,1.79,0.8,1.8,30.0,0.081016,1.561,1.5,
exp14_pd_v2,ballspeed7__kd5.0__kp50__noplot__positionmode__servebox,"{""--ball-speed"": 7, ""--kd"": 5.0, ""--kp"": 50, ""--no-plot"": null, ""--position-mode"": null, ""--serve-box"": null}",11,True,active,0.121963,1.690897,0.093048,0.0,0.0,1.81,0.95,2.0,35.0,0.121963,1.588,0.97,
exp14_pd_v2,ballspeed7__kd5.0__kp50__noplot__positionmode__servebox,"{""--ball-speed"": 7, ""--kd"": 5.0, ""--kp"": 50, ""--no-plot"": null, ""--position-mode"": null, ""--serve-box"": null}",5,True,active,0.052239,1.607324,0.052239,0.0,0.0,1.78,0.97,1.8,40.0,0.052239,1.725,1.55,
exp14_pd_v2,ballspeed7__kd5.0__kp50__noplot__positionmode__servebox,"{""--ball-speed"": 7, ""--kd"": 5.0, ""--kp"": 50, ""--no-plot"": null, ""--position-mode"": null, ""--serve-box"": null}",21,,,,,,,,,,,,,,0.32,no_result
exp14_pd_v2,ballspeed7__kd5.0__kp50__noplot__positionmode__servebox,"{""--ball-speed"": 7, ""--kd"": 5.0, ""--kp"": 50, ""--no-plot"": null, ""--position-mode"": null, ""--serve-box"": null}",12,True,active,0.058669,1.645447,0.058669,0.0,0.0,1.79,0.76,1.6,40.0,0.058669,1.755,0.98,
exp14_pd_v2,ballspeed7__kd5.0__kp50__noplot__positionmode__servebox,"{""--ball-speed"": 7, ""--kd"": 5.0, ""--kp"": 50, ""--no-plot"": null, ""--position-mode"": null, ""--serve-box"": null}",15,True,active,0.069473,1.631875,0.065764,0.0,0.0,1.77,0.86,1.5,25.0,0.069473,0.992,0.97,
exp14_pd_v2,ballspeed7__kd5.0__kp50__noplot__positionmode__servebox,"{""--ball-speed"": 7, ""--kd"": 5.0, ""--kp"": 50, ""--no-plot"": null, ""--position-mode"": null, ""--serve-box"": null}",27,,,,,,,,,,,,,,0.27,no_result
exp14_pd_v2,ballspeed7__kd5.0__kp50__noplot__positionmode__servebox,"{""--ball-speed"": 7, ""--kd"": 5.0, ""--kp"": 50, ""--no-plot"": null, ""--position-mode"": null, ""--serve-box"": null}",14,True,active,0.040654,1.824692,0.040654,40.0,105.0,1.75,0.96,1.9,25.0,0.040654,1.64,1.06,
exp14_pd_v2,ballspeed7__kd5.0__kp50__noplot__positionmode__servebox,"{""--ball-speed"": 7, ""--kd"": 5.0, ""--kp"": 50, ""--no-plot"": null, ""--position-mode"": null, ""--serve-box"": null}",6,True,active,0.02399,1.656122,0.02399,0.0,0.0,1.67,0.97,1.7,20.0,0.02399,0.87,1.64,
exp14_pd_v2,ballspeed7__kd5.0__kp50__noplot__positionmode__servebox,"{""--ball-speed"": 7, ""--kd"": 5.0, ""--kp"": 50, ""--no-plot"": null, ""--position-mode"": null, ""--serve-box"": null}",19,True,active,0.040584,1.661104,0.040584,0.0,0.0,1.61,0.96,1.5,30.0,0.040584,1.334,0.93,
exp14_pd_v2,ballspeed7__kd5.0__kp50__noplot__positionmode__servebox,"{""--ball-speed"": 7, ""--kd"": 5.0, ""--kp"": 50, ""--no-plot"": null, ""--position-mode"": null, ""--serve-box"": null}",18,True,active,0.058923,1.736749,0.058923,0.0,0.0,1.78,0.79,1.7,35.0,0.058923,1.771,1.1,
exp14_pd_v2,ballspeed7__kd5.0__kp50__noplot__positionmode__servebox,"{""--ball-speed"": 7, ""--kd"": 5.0, ""--kp"": 50, ""--no-plot"": null, ""--position-mode"": null, ""--serve-box"": null}",10,True,active,0.070654,1.749808,0.070654,0.0,0.0,1.8,0.86,2.0,35.0,0.070654,1.64,1.7,
exp14_pd_v2,ballspeed7__kd5.0__kp50__noplot__positionmode__servebox,"{""--ball-speed"": 7, ""--kd"": 5.0, ""--kp"": 50, ""--no-plot"": null, ""--position-mode"": null, ""--serve-box"": null}",17,True,active,0.041098,1.483363,0.041098,0.0,0.0,1.77,1.0,1.7,0.0,0.041098,0.996,1.31,
exp14_pd_v2,ballspeed7__kd5.0__kp50__noplot__positionmode__servebox,"{""--ball-speed"": 7, ""--kd"": 5.0, ""--kp"": 50, ""--no-plot"": null, ""--position-mode"": null, ""--serve-box"": null}",13,True,active,0.094267,1.585266,0.025518,0.0,0.0,1.8,0.8,1.4,40.0,0.094267,1.787,1.45,
exp14_pd_v2,ballspeed7__kd5.0__kp50__noplot__positionmode__servebox,"{""--ball-speed"": 7, ""--kd"": 5.0, ""--kp"": 50, ""--no-plot"": null, ""--position-mode"": null, ""--serve-box"": null}",22,False,miss,0.627302,1.669444,0.147821,0.0,0.0,1.81,1.0,1.8,0.0,0.627302,0.0,0.96,
exp14_pd_v2,ballspeed7__kd5.0__kp50__noplot__positionmode__servebox,"{""--ball-speed"": 7, ""--kd"": 5.0, ""--kp"": 50, ""--no-plot"": null, ""--position-mode"": null, ""--serve-box"": null}",24,True,active,0.071545,1.496795,0.046961,0.0,0.0,1.12,0.99,1.0,20.0,0.071545,0.795,1.01,
exp14_pd_v2,ballspeed7__kd5.0__kp50__noplot__positionmode__servebox,"{""--ball-speed"": 7, ""--kd"": 5.0, ""--kp"": 50, ""--no-plot"": null, ""--position-mode"": null, ""--serve-box"": null}",28,True,active,0.04502,1.71663,0.04502,0.0,0.0,1.8,0.77,1.9,35.0,0.04502,1.787,0.94,
exp14_pd_v2,ballspeed7__kd5.0__kp50__noplot__positionmode__servebox,"{""--ball-speed"": 7, ""--kd"": 5.0, ""--kp"": 50, ""--no-plot"": null, ""--position-mode"": null, ""--serve-box"": null}",23,True,active,0.049199,1.641839,0.049077,25.0,25.0,1.48,0.94,1.5,20.0,0.049199,0.937,1.13,
exp14_pd_v2,ballspeed7__kd5.0__kp50__noplot__positionmode__servebox,"{""--ball-speed"": 7, ""--kd"": 5.0, ""--kp"": 50, ""--no-plot"": null, ""--position-mode"": null, ""--serve-box"": null}",16,True,active,0.090923,1.642823,0.088262,0.0,0.0,1.8,1.0,1.8,55.0,0.090923,1.541,1.74,
exp14_pd_v2,ballspeed7__kd5.0__kp50__noplot__positionmode__servebox,"{""--ball-speed"": 7, ""--kd"": 5.0, ""--kp"": 50, ""--no-plot"": null, ""--position-mode"": null, ""--serve-box"": null}",26,True,active,0.129473,1.695337,0.10811,0.0,0.0,1.8,0.92,2.1,45.0,0.129473,1.683,1.21,
exp14_pd_v2,ballspeed7__kd5.0__kp50__noplot__positionmode__servebox,"{""--ball-speed"": 7, ""--kd"": 5.0, ""--kp"": 50, ""--no-plot"": null, ""--position-mode"": null, ""--serve-box"": null}",25,True,active,0.083343,1.698228,0.063599,0.0,0.0,1.8,0.8,1.5,45.0,0.083343,1.798,1.34,
exp14_pd_v2,ballspeed7__kd5.0__kp50__noplot__positionmode__servebox,"{""--ball-speed"": 7, ""--kd"": 5.0, ""--kp"": 50, ""--no-plot"": null, ""--position-mode"": null, ""--serve-box"": null}",31,True,active,0.048971,1.819041,0.048971,40.0,105.0,1.8,0.85,1.6,25.0,0.048971,1.72,0.98,
exp14_pd_v2,ballspeed7__kd5.0__kp50__noplot__positionmode__servebox,"{""--ball-speed"": 7, ""--kd"": 5.0, ""--kp"": 50, ""--no-plot"": null, ""--position-mode"": null, ""--serve-box"": null}",36,True,active,0.049619,1.707379,0.035475,0.0,0.0,1.8,0.78,1.7,30.0,0.049619,1.777,0.93,
exp14_pd_v2,ballspeed7__kd5.0__kp50__noplot__positionmode__servebox,"{""--ball-speed"": 7, ""--kd"": 5.0, ""--kp"": 50, ""--no-plot"": null, ""--position-mode"": null, ""--serve-box"": null}",32,False,miss,0.19884,1.876017,4.227189,0.0,0.0,1.16,0.99,0.8,0.0,0.19884,0.0,1.26,
exp14_pd_v2,ballspeed7__kd5.0__kp50__noplot__positionmode__servebox,"{""--ball-speed"": 7, ""--kd"": 5.0, ""--kp"": 50, ""--no-plot"": null, ""--position-mode"": null, ""--serve-box"": null}",34,True,active,0.13106,1.861978,0.098189,30.0,100.0,1.81,0.9,1.6,35.0,0.13106,1.79,1.21,
exp14_pd_v2,ballspeed7__kd5.0__kp50__noplot__positionmode__servebox,"{""--ball-speed"": 7, ""--kd"": 5.0, ""--kp"": 50, ""--no-plot"": null, ""--position-mode"": null, ""--serve-box"": null}",38,False,miss,0.367219,1.609442,0.133494,0.0,0.0,1.8,0.86,1.6,0.0,0.367219,0.0,1.1,
exp14_pd_v2,ballspeed7__kd5.0__kp50__noplot__positionmode__servebox,"{""--ball-speed"": 7, ""--kd"": 5.0, ""--kp"": 50, ""--no-plot"": null, ""--position-mode"": null, ""--serve-box"": null}",39,True,active,0.087147,1.53853,0.05998,0.0,0.0,1.79,0.88,1.9,45.0,0.087147,1.766,1.01,
exp14_pd_v2,ballspeed7__kd5.0__kp50__noplot__positionmode__servebox,"{""--ball-speed"": 7, ""--kd"": 5.0, ""--kp"": 50, ""--no-plot"": null, ""--position-mode"": null, ""--serve-box"": null}",30,True,active,0.062782,1.657674,0.053391,0.0,0.0,1.79,0.85,1.7,25.0,0.062782,0.898,1.69,
exp14_pd_v2,ballspeed7__kd5.0__kp50__noplot__positionmode__servebox,"{""--ball-speed"": 7, ""--kd"": 5.0, ""--kp"": 50, ""--no-plot"": null, ""--position-mode"": null, ""--serve-box"": null}",40,True,active,0.065805,1.715371,0.065805,0.0,0.0,1.8,0.98,1.6,35.0,0.065805,1.745,1.05,
exp14_pd_v2,ballspeed7__kd5.0__kp50__noplot__positionmode__servebox,"{""--ball-speed"": 7, ""--kd"": 5.0, ""--kp"": 50, ""--no-plot"": null, ""--position-mode"": null, ""--serve-box"": null}",35,True,active,0.104932,1.747595,0.104932,0.0,0.0,1.81,0.91,1.8,55.0,0.104932,1.785,1.45,
exp14_pd_v2,ballspeed7__kd5.0__kp50__noplot__positionmode__servebox,"{""--ball-speed"": 7, ""--kd"": 5.0, ""--kp"": 50, ""--no-plot"": null, ""--position-mode"": null, ""--serve-box"": null}",41,True,active,0.056537,1.832853,0.050473,40.0,105.0,1.8,0.84,1.6,25.0,0.056537,1.698,1.07,
exp14_pd_v2,ballspeed7__kd5.0__kp50__noplot__positionmode__servebox,"{""--ball-speed"": 7, ""--kd"": 5.0, ""--kp"": 50, ""--no-plot"": null, ""--position-mode"": null, ""--serve-box"": null}",29,True,active,0.058092,1.653719,0.032357,0.0,0.0,1.78,0.99,1.6,30.0,0.058092,1.63,2.0,
exp14_pd_v2,ballspeed7__kd5.0__kp50__noplot__positionmode__servebox,"{""--ball-speed"": 7, ""--kd"": 5.0, ""--kp"": 50, ""--no-plot"": null, ""--position-mode"": null, ""--serve-box"": null}",33,True,active,0.043869,1.763564,0.043869,0.0,0.0,1.79,0.84,1.7,25.0,0.043869,0.874,1.83,
exp14_pd_v2,ballspeed7__kd5.0__kp50__noplot__positionmode__servebox,"{""--ball-speed"": 7, ""--kd"": 5.0, ""--kp"": 50, ""--no-plot"": null, ""--position-mode"": null, ""--serve-box"": null}",45,True,active,0.07292,1.31751,0.07292,35.0,40.0,1.8,0.84,1.7,40.0,0.07292,1.776,1.0,
exp14_pd_v2,ballspeed7__kd5.0__kp50__noplot__positionmode__servebox,"{""--ball-speed"": 7, ""--kd"": 5.0, ""--kp"": 50, ""--no-plot"": null, ""--position-mode"": null, ""--serve-box"": null}",37,True,active,0.096728,1.766735,0.096728,0.0,0.0,1.8,0.74,1.6,50.0,0.096728,1.749,1.67,
exp14_pd_v2,ballspeed7__kd5.0__kp50__noplot__positionmode__servebox,"{""--ball-speed"": 7, ""--kd"": 5.0, ""--kp"": 50, ""--no-plot"": null, ""--position-mode"": null, ""--serve-box"": null}",42,True,active,0.122636,1.737206,0.08612,0.0,0.0,1.81,0.82,1.7,35.0,0.122636,1.792,1.36,
exp14_pd_v2,ballspeed7__kd5.0__kp50__noplot__positionmode__servebox,"{""--ball-speed"": 7, ""--kd"": 5.0, ""--kp"": 50, ""--no-plot"": null, ""--position-mode"": null, ""--serve-box"": null}",46,True,active,0.039364,1.716545,0.039364,0.0,0.0,1.76,0.76,2.0,30.0,0.039364,1.578,1.14,
exp14_pd_v2,ballspeed7__kd5.0__kp50__noplot__positionmode__servebox,"{""--ball-speed"": 7, ""--kd"": 5.0, ""--kp"": 50, ""--no-plot"": null, ""--position-mode"": null, ""--serve-box"": null}",43,True,active,0.10918,1.797712,0.10918,0.0,0.0,1.79,0.83,2.1,50.0,0.10918,1.584,1.62,
exp14_pd_v2,ballspeed7__kd5.0__kp50__noplot__positionmode__servebox,"{""--ball-speed"": 7, ""--kd"": 5.0, ""--kp"": 50, ""--no-plot"": null, ""--position-mode"": null, ""--serve-box"": null}",48,True,active,0.064529,1.739067,0.064529,35.0,105.0,1.8,0.8,1.6,40.0,0.064529,1.657,1.02,
exp14_pd_v2,ballspeed7__kd7.5__kp50__noplot__positionmode__servebox,"{""--ball-speed"": 7, ""--kd"": 7.5, ""--kp"": 50, ""--no-plot"": null, ""--position-mode"": null, ""--serve-box"": null}",1,True,active,0.110746,1.747921,0.099387,40.0,105.0,1.8,0.91,1.6,45.0,0.110746,1.711,1.01,
exp14_pd_v2,ballspeed7__kd5.0__kp50__noplot__positionmode__servebox,"{""--ball-speed"": 7, ""--kd"": 5.0, ""--kp"": 50, ""--no-plot"": null, ""--position-mode"": null, ""--serve-box"": null}",44,True,active,0.085536,1.727149,0.084453,0.0,0.0,1.79,0.98,1.9,45.0,0.085536,1.781,1.71,
exp14_pd_v2,ballspeed7__kd7.5__kp50__noplot__positionmode__servebox,"{""--ball-speed"": 7, ""--kd"": 7.5, ""--kp"": 50, ""--no-plot"": null, ""--position-mode"": null, ""--serve-box"": null}",2,False,miss,0.336285,1.729517,0.098659,0.0,0.0,1.8,0.75,1.6,0.0,0.336285,0.0,1.03,
exp14_pd_v2,ballspeed7__kd7.5__kp50__noplot__positionmode__servebox,"{""--ball-speed"": 7, ""--kd"": 7.5, ""--kp"": 50, ""--no-plot"": null, ""--position-mode"": null, ""--serve-box"": null}",4,True,active,0.048516,1.723171,0.048516,0.0,0.0,1.67,0.97,1.7,35.0,0.048516,1.597,1.0,
exp14_pd_v2,ballspeed7__kd7.5__kp50__noplot__positionmode__servebox,"{""--ball-speed"": 7, ""--kd"": 7.5, ""--kp"": 50, ""--no-plot"": null, ""--position-mode"": null, ""--serve-box"": null}",6,True,active,0.045569,1.717951,0.045569,40.0,105.0,1.77,0.76,1.4,5.0,0.045569,1.731,0.98,
exp14_pd_v2,ballspeed7__kd7.5__kp50__noplot__positionmode__servebox,"{""--ball-speed"": 7, ""--kd"": 7.5, ""--kp"": 50, ""--no-plot"": null, ""--position-mode"": null, ""--serve-box"": null}",7,True,active,0.082486,1.652616,0.054386,0.0,0.0,1.8,0.72,1.6,35.0,0.082486,1.587,0.96,
exp14_pd_v2,ballspeed7__kd5.0__kp50__noplot__positionmode__servebox,"{""--ball-speed"": 7, ""--kd"": 5.0, ""--kp"": 50, ""--no-plot"": null, ""--position-mode"": null, ""--serve-box"": null}",47,False,miss,0.595831,1.870178,0.116169,35.0,105.0,1.79,0.85,1.6,0.0,0.595831,0.0,1.7,
exp14_pd_v2,ballspeed7__kd7.5__kp50__noplot__positionmode__servebox,"{""--ball-speed"": 7, ""--kd"": 7.5, ""--kp"": 50, ""--no-plot"": null, ""--position-mode"": null, ""--serve-box"": null}",8,False,miss,0.104084,1.752449,2.858669,0.0,0.0,0.3,0.16,0.2,0.0,0.104084,0.0,1.1,
exp14_pd_v2,ballspeed7__kd7.5__kp50__noplot__positionmode__servebox,"{""--ball-speed"": 7, ""--kd"": 7.5, ""--kp"": 50, ""--no-plot"": null, ""--position-mode"": null, ""--serve-box"": null}",10,False,miss,0.519181,1.713402,0.105219,35.0,105.0,1.8,0.81,1.8,0.0,0.519181,0.0,0.92,
exp14_pd_v2,ballspeed7__kd7.5__kp50__noplot__positionmode__servebox,"{""--ball-speed"": 7, ""--kd"": 7.5, ""--kp"": 50, ""--no-plot"": null, ""--position-mode"": null, ""--serve-box"": null}",9,True,active,0.034955,1.726365,0.034955,40.0,105.0,1.52,0.97,1.5,20.0,0.034955,1.314,1.27,
exp14_pd_v2,ballspeed7__kd7.5__kp50__noplot__positionmode__servebox,"{""--ball-speed"": 7, ""--kd"": 7.5, ""--kp"": 50, ""--no-plot"": null, ""--position-mode"": null, ""--serve-box"": null}",20,,,,,,,,,,,,,,0.31,no_result
exp14_pd_v2,ballspeed7__kd7.5__kp50__noplot__positionmode__servebox,"{""--ball-speed"": 7, ""--kd"": 7.5, ""--kp"": 50, ""--no-plot"": null, ""--position-mode"": null, ""--serve-box"": null}",12,True,active,0.075081,1.678582,0.075081,0.0,0.0,1.8,0.67,1.9,50.0,0.075081,1.728,0.92,
exp14_pd_v2,ballspeed7__kd5.0__kp50__noplot__positionmode__servebox,"{""--ball-speed"": 7, ""--kd"": 5.0, ""--kp"": 50, ""--no-plot"": null, ""--position-mode"": null, ""--serve-box"": null}",49,True,active,0.054623,1.730318,0.054623,40.0,105.0,1.8,0.88,1.9,30.0,0.054623,1.715,1.88,
exp14_pd_v2,ballspeed7__kd7.5__kp50__noplot__positionmode__servebox,"{""--ball-speed"": 7, ""--kd"": 7.5, ""--kp"": 50, ""--no-plot"": null, ""--position-mode"": null, ""--serve-box"": null}",11,True,active,0.088639,1.739304,0.079588,0.0,65.0,1.81,0.97,1.7,40.0,0.088639,1.804,0.94,
exp14_pd_v2,ballspeed7__kd7.5__kp50__noplot__positionmode__servebox,"{""--ball-speed"": 7, ""--kd"": 7.5, ""--kp"": 50, ""--no-plot"": null, ""--position-mode"": null, ""--serve-box"": null}",3,True,active,0.095401,1.755958,0.095401,35.0,65.0,1.8,0.88,1.6,50.0,0.095401,1.616,1.76,
exp14_pd_v2,ballspeed7__kd7.5__kp50__noplot__positionmode__servebox,"{""--ball-speed"": 7, ""--kd"": 7.5, ""--kp"": 50, ""--no-plot"": null, ""--position-mode"": null, ""--serve-box"": null}",13,False,miss,0.255746,1.534849,0.106915,0.0,0.0,1.31,0.78,1.1,0.0,0.255746,0.0,0.91,
exp14_pd_v2,ballspeed7__kd5.0__kp50__noplot__positionmode__servebox,"{""--ball-speed"": 7, ""--kd"": 5.0, ""--kp"": 50, ""--no-plot"": null, ""--position-mode"": null, ""--serve-box"": null}",50,False,miss,0.600041,1.712503,0.14272,5.0,35.0,1.8,0.98,2.1,0.0,0.600041,0.0,2.05,
exp14_pd_v2,ballspeed7__kd7.5__kp50__noplot__positionmode__servebox,"{""--ball-speed"": 7, ""--kd"": 7.5, ""--kp"": 50, ""--no-plot"": null, ""--position-mode"": null, ""--serve-box"": null}",21,,,,,,,,,,,,,,0.4,no_result
exp14_pd_v2,ballspeed7__kd7.5__kp50__noplot__positionmode__servebox,"{""--ball-speed"": 7, ""--kd"": 7.5, ""--kp"": 50, ""--no-plot"": null, ""--position-mode"": null, ""--serve-box"": null}",15,True,active,0.047907,1.72367,0.047907,0.0,0.0,1.77,0.66,1.3,15.0,0.047907,1.767,0.99,
exp14_pd_v2,ballspeed7__kd7.5__kp50__noplot__positionmode__servebox,"{""--ball-speed"": 7, ""--kd"": 7.5, ""--kp"": 50, ""--no-plot"": null, ""--position-mode"": null, ""--serve-box"": null}",14,True,active,0.053298,1.79013,0.053298,45.0,105.0,1.61,0.78,1.4,25.0,0.053298,0.779,1.09,
exp14_pd_v2,ballspeed7__kd7.5__kp50__noplot__positionmode__servebox,"{""--ball-speed"": 7, ""--kd"": 7.5, ""--kp"": 50, ""--no-plot"": null, ""--position-mode"": null, ""--serve-box"": null}",5,True,active,0.07868,1.564631,0.032253,0.0,0.0,1.45,0.67,1.1,15.0,0.07868,1.303,1.88,
exp14_pd_v2,ballspeed7__kd7.5__kp50__noplot__positionmode__servebox,"{""--ball-speed"": 7, ""--kd"": 7.5, ""--kp"": 50, ""--no-plot"": null, ""--position-mode"": null, ""--serve-box"": null}",27,,,,,,,,,,,,,,0.34,no_result
exp14_pd_v2,ballspeed7__kd7.5__kp50__noplot__positionmode__servebox,"{""--ball-speed"": 7, ""--kd"": 7.5, ""--kp"": 50, ""--no-plot"": null, ""--position-mode"": null, ""--serve-box"": null}",18,True,active,0.067003,1.747452,0.067003,0.0,0.0,1.8,0.65,1.7,45.0,0.067003,1.744,0.96,
exp14_pd_v2,ballspeed7__kd7.5__kp50__noplot__positionmode__servebox,"{""--ball-speed"": 7, ""--kd"": 7.5, ""--kp"": 50, ""--no-plot"": null, ""--position-mode"": null, ""--serve-box"": null}",19,False,miss,0.40676,1.788112,0.097124,0.0,0.0,1.8,0.75,1.5,0.0,0.40676,0.0,1.03,
exp14_pd_v2,ballspeed7__kd7.5__kp50__noplot__positionmode__servebox,"{""--ball-speed"": 7, ""--kd"": 7.5, ""--kp"": 50, ""--no-plot"": null, ""--position-mode"": null, ""--serve-box"": null}",17,True,active,0.016367,1.723426,0.016367,40.0,60.0,1.11,0.77,0.9,0.0,0.016367,0.516,1.36,
exp14_pd_v2,ballspeed7__kd7.5__kp50__noplot__positionmode__servebox,"{""--ball-speed"": 7, ""--kd"": 7.5, ""--kp"": 50, ""--no-plot"": null, ""--position-mode"": null, ""--serve-box"": null}",23,True,active,0.008572,1.715371,0.008572,50.0,105.0,1.8,0.75,1.4,0.0,0.008572,1.463,1.01,
exp14_pd_v2,ballspeed7__kd7.5__kp50__noplot__positionmode__servebox,"{""--ball-speed"": 7, ""--kd"": 7.5, ""--kp"": 50, ""--no-plot"": null, ""--position-mode"": null, ""--serve-box"": null}",25,True,active,0.068052,1.712632,0.063159,0.0,0.0,1.8,0.89,1.8,45.0,0.068052,1.786,1.07,
exp14_pd_v2,ballspeed7__kd7.5__kp50__noplot__positionmode__servebox,"{""--ball-speed"": 7, ""--kd"": 7.5, ""--kp"": 50, ""--no-plot"": null, ""--position-mode"": null, ""--serve-box"": null}",16,True,active,0.096453,1.676363,0.085997,0.0,0.0,1.8,0.95,1.8,55.0,0.096453,1.651,1.78,
exp14_pd_v2,ballspeed7__kd7.5__kp50__noplot__positionmode__servebox,"{""--ball-speed"": 7, ""--kd"": 7.5, ""--kp"": 50, ""--no-plot"": null, ""--position-mode"": null, ""--serve-box"": null}",29,True,active,0.068601,1.755749,0.027164,0.0,0.0,1.72,0.75,1.5,35.0,0.068601,1.323,0.97,
exp14_pd_v2,ballspeed7__kd7.5__kp50__noplot__positionmode__servebox,"{""--ball-speed"": 7, ""--kd"": 7.5, ""--kp"": 50, ""--no-plot"": null, ""--position-mode"": null, ""--serve-box"": null}",31,True,active,0.029488,1.716859,0.029488,55.0,105.0,1.66,0.92,1.7,20.0,0.029488,1.615,0.91,
exp14_pd_v2,ballspeed7__kd7.5__kp50__noplot__positionmode__servebox,"{""--ball-speed"": 7, ""--kd"": 7.5, ""--kp"": 50, ""--no-plot"": null, ""--position-mode"": null, ""--serve-box"": null}",32,True,active,0.054486,1.703168,0.054486,0.0,0.0,1.78,0.83,1.7,20.0,0.054486,0.63,0.96,
exp14_pd_v2,ballspeed7__kd7.5__kp50__noplot__positionmode__servebox,"{""--ball-speed"": 7, ""--kd"": 7.5, ""--kp"": 50, ""--no-plot"": null, ""--position-mode"": null, ""--serve-box"": null}",30,True,active,0.044119,1.703028,0.044119,0.0,0.0,1.78,0.59,1.5,30.0,0.044119,1.312,1.04,
exp14_pd_v2,ballspeed7__kd7.5__kp50__noplot__positionmode__servebox,"{""--ball-speed"": 7, ""--kd"": 7.5, ""--kp"": 50, ""--no-plot"": null, ""--position-mode"": null, ""--serve-box"": null}",33,True,active,0.060142,1.721938,0.031775,0.0,0.0,1.68,0.68,1.6,20.0,0.060142,1.036,0.96,
exp14_pd_v2,ballspeed7__kd7.5__kp50__noplot__positionmode__servebox,"{""--ball-speed"": 7, ""--kd"": 7.5, ""--kp"": 50, ""--no-plot"": null, ""--position-mode"": null, ""--serve-box"": null}",34,False,miss,0.565134,1.761871,0.112192,35.0,105.0,1.8,0.81,1.7,0.0,0.565134,0.0,1.17,
exp14_pd_v2,ballspeed7__kd7.5__kp50__noplot__positionmode__servebox,"{""--ball-speed"": 7, ""--kd"": 7.5, ""--kp"": 50, ""--no-plot"": null, ""--position-mode"": null, ""--serve-box"": null}",26,True,active,0.120706,1.742405,0.109107,25.0,100.0,1.8,0.96,2.2,50.0,0.120706,1.547,1.64,
exp14_pd_v2,ballspeed7__kd7.5__kp50__noplot__positionmode__servebox,"{""--ball-speed"": 7, ""--kd"": 7.5, ""--kp"": 50, ""--no-plot"": null, ""--position-mode"": null, ""--serve-box"": null}",36,True,active,0.039092,1.698046,0.039092,0.0,0.0,1.76,0.7,1.9,30.0,0.039092,0.637,1.07,
exp14_pd_v2,ballspeed7__kd7.5__kp50__noplot__positionmode__servebox,"{""--ball-speed"": 7, ""--kd"": 7.5, ""--kp"": 50, ""--no-plot"": null, ""--position-mode"": null, ""--serve-box"": null}",35,True,active,0.110878,1.729646,0.110878,0.0,0.0,1.8,0.89,2.0,60.0,0.110878,1.773,1.23,
exp14_pd_v2,ballspeed7__kd7.5__kp50__noplot__positionmode__servebox,"{""--ball-speed"": 7, ""--kd"": 7.5, ""--kp"": 50, ""--no-plot"": null, ""--position-mode"": null, ""--serve-box"": null}",24,True,active,0.037522,1.712619,0.037522,40.0,105.0,1.6,0.76,1.4,15.0,0.037522,1.082,1.8,
exp14_pd_v2,ballspeed7__kd7.5__kp50__noplot__positionmode__servebox,"{""--ball-speed"": 7, ""--kd"": 7.5, ""--kp"": 50, ""--no-plot"": null, ""--position-mode"": null, ""--serve-box"": null}",22,True,active,0.14231,1.735815,0.138908,0.0,0.0,1.8,0.96,1.9,55.0,0.14231,1.643,1.9,
exp14_pd_v2,ballspeed7__kd7.5__kp50__noplot__positionmode__servebox,"{""--ball-speed"": 7, ""--kd"": 7.5, ""--kp"": 50, ""--no-plot"": null, ""--position-mode"": null, ""--serve-box"": null}",37,True,active,0.07479,1.753808,0.07479,0.0,0.0,1.8,0.78,1.6,50.0,0.07479,1.784,1.11,
exp14_pd_v2,ballspeed7__kd7.5__kp50__noplot__positionmode__servebox,"{""--ball-speed"": 7, ""--kd"": 7.5, ""--kp"": 50, ""--no-plot"": null, ""--position-mode"": null, ""--serve-box"": null}",28,True,active,0.051055,1.712119,0.051055,0.0,0.0,1.63,0.72,1.5,30.0,0.051055,1.118,1.81,
exp14_pd_v2,ballspeed7__kd7.5__kp50__noplot__positionmode__servebox,"{""--ball-speed"": 7, ""--kd"": 7.5, ""--kp"": 50, ""--no-plot"": null, ""--position-mode"": null, ""--serve-box"": null}",39,True,active,0.090961,1.535515,0.031299,0.0,0.0,1.29,0.6,0.8,15.0,0.090961,1.037,0.94,
exp14_pd_v2,ballspeed7__kd7.5__kp50__noplot__positionmode__servebox,"{""--ball-speed"": 7, ""--kd"": 7.5, ""--kp"": 50, ""--no-plot"": null, ""--position-mode"": null, ""--serve-box"": null}",41,True,active,0.038524,1.719621,0.038524,40.0,105.0,1.78,0.85,1.8,15.0,0.038524,1.632,0.9,
exp14_pd_v2,ballspeed7__kd7.5__kp50__noplot__positionmode__servebox,"{""--ball-speed"": 7, ""--kd"": 7.5, ""--kp"": 50, ""--no-plot"": null, ""--position-mode"": null, ""--serve-box"": null}",44,True,active,0.066212,1.742093,0.066212,0.0,0.0,1.79,0.94,1.7,45.0,0.066212,1.792,0.93,
exp14_pd_v2,ballspeed7__kd7.5__kp50__noplot__positionmode__servebox,"{""--ball-speed"": 7, ""--kd"": 7.5, ""--kp"": 50, ""--no-plot"": null, ""--position-mode"": null, ""--serve-box"": null}",45,True,active,0.13163,1.738538,0.095518,45.0,105.0,1.53,0.6,1.4,20.0,0.13163,1.02,0.95,
exp14_pd_v2,ballspeed7__kd7.5__kp50__noplot__positionmode__servebox,"{""--ball-speed"": 7, ""--kd"": 7.5, ""--kp"": 50, ""--no-plot"": null, ""--position-mode"": null, ""--serve-box"": null}",43,True,active,0.112121,1.775171,0.112121,0.0,65.0,1.8,0.82,1.9,50.0,0.112121,1.787,1.16,
exp14_pd_v2,ballspeed7__kd7.5__kp50__noplot__positionmode__servebox,"{""--ball-speed"": 7, ""--kd"": 7.5, ""--kp"": 50, ""--no-plot"": null, ""--position-mode"": null, ""--serve-box"": null}",38,True,active,0.066356,1.711513,0.066356,0.0,0.0,1.8,0.7,1.9,45.0,0.066356,1.145,1.64,
exp14_pd_v2,ballspeed7__kd7.5__kp50__noplot__positionmode__servebox,"{""--ball-speed"": 7, ""--kd"": 7.5, ""--kp"": 50, ""--no-plot"": null, ""--position-mode"": null, ""--serve-box"": null}",48,True,active,0.132454,1.720865,0.108222,35.0,105.0,1.79,0.72,1.8,25.0,0.132454,0.799,1.0,
exp14_pd_v2,ballspeed7__kd7.5__kp50__noplot__positionmode__servebox,"{""--ball-speed"": 7, ""--kd"": 7.5, ""--kp"": 50, ""--no-plot"": null, ""--position-mode"": null, ""--serve-box"": null}",42,True,active,0.091101,1.709102,0.086281,0.0,0.0,1.79,0.96,1.9,55.0,0.091101,1.613,1.71,
exp14_pd_v2,ballspeed7__kd5.0__kp100__noplot__positionmode__servebox,"{""--ball-speed"": 7, ""--kd"": 5.0, ""--kp"": 100, ""--no-plot"": null, ""--position-mode"": null, ""--serve-box"": null}",2,True,active,0.113345,1.723839,0.067377,0.0,0.0,1.78,1.0,1.6,5.0,0.113345,1.775,0.98,
exp14_pd_v2,ballspeed7__kd7.5__kp50__noplot__positionmode__servebox,"{""--ball-speed"": 7, ""--kd"": 7.5, ""--kp"": 50, ""--no-plot"": null, ""--position-mode"": null, ""--serve-box"": null}",40,True,active,0.046809,1.713489,0.020489,45.0,105.0,1.77,0.76,1.4,5.0,0.046809,1.682,1.86,
exp14_pd_v2,ballspeed7__kd7.5__kp50__noplot__positionmode__servebox,"{""--ball-speed"": 7, ""--kd"": 7.5, ""--kp"": 50, ""--no-plot"": null, ""--position-mode"": null, ""--serve-box"": null}",50,True,active,0.10369,1.749948,0.097246,35.0,105.0,1.8,0.91,1.9,50.0,0.10369,1.704,1.23,
exp14_pd_v2,ballspeed7__kd7.5__kp50__noplot__positionmode__servebox,"{""--ball-speed"": 7, ""--kd"": 7.5, ""--kp"": 50, ""--no-plot"": null, ""--position-mode"": null, ""--serve-box"": null}",46,True,active,0.028809,1.715261,0.028809,0.0,40.0,1.71,0.64,1.6,30.0,0.028809,1.04,1.43,
exp14_pd_v2,ballspeed7__kd5.0__kp100__noplot__positionmode__servebox,"{""--ball-speed"": 7, ""--kd"": 5.0, ""--kp"": 100, ""--no-plot"": null, ""--position-mode"": null, ""--serve-box"": null}",4,True,active,0.057037,1.602429,0.050835,0.0,0.0,1.22,0.99,1.3,30.0,0.057037,0.465,1.02,
exp14_pd_v2,ballspeed7__kd5.0__kp100__noplot__positionmode__servebox,"{""--ball-speed"": 7, ""--kd"": 5.0, ""--kp"": 100, ""--no-plot"": null, ""--position-mode"": null, ""--serve-box"": null}",5,True,active,0.038952,1.65855,0.038952,0.0,0.0,1.8,0.96,1.6,35.0,0.038952,1.685,1.08,
exp14_pd_v2,ballspeed7__kd5.0__kp100__noplot__positionmode__servebox,"{""--ball-speed"": 7, ""--kd"": 5.0, ""--kp"": 100, ""--no-plot"": null, ""--position-mode"": null, ""--serve-box"": null}",3,False,miss,0.697063,1.822507,0.232842,0.0,5.0,1.8,0.7,2.0,0.0,0.697063,0.0,1.27,
exp14_pd_v2,ballspeed7__kd5.0__kp100__noplot__positionmode__servebox,"{""--ball-speed"": 7, ""--kd"": 5.0, ""--kp"": 100, ""--no-plot"": null, ""--position-mode"": null, ""--serve-box"": null}",8,False,miss,0.048993,1.879409,2.165634,0.0,0.0,1.07,0.86,0.8,0.0,0.048993,0.0,0.88,
exp14_pd_v2,ballspeed7__kd5.0__kp100__noplot__positionmode__servebox,"{""--ball-speed"": 7, ""--kd"": 5.0, ""--kp"": 100, ""--no-plot"": null, ""--position-mode"": null, ""--serve-box"": null}",7,True,active,0.047908,1.72563,0.025817,0.0,0.0,1.8,0.99,1.6,35.0,0.047908,1.773,1.04,
exp14_pd_v2,ballspeed7__kd5.0__kp100__noplot__positionmode__servebox,"{""--ball-speed"": 7, ""--kd"": 5.0, ""--kp"": 100, ""--no-plot"": null, ""--position-mode"": null, ""--serve-box"": null}",6,True,active,0.026498,1.430564,0.026498,0.0,0.0,1.81,1.0,1.6,10.0,0.026498,1.39,1.12,
exp14_pd_v2,ballspeed7__kd7.5__kp50__noplot__positionmode__servebox,"{""--ball-speed"": 7, ""--kd"": 7.5, ""--kp"": 50, ""--no-plot"": null, ""--position-mode"": null, ""--serve-box"": null}",49,True,active,0.04743,1.754074,0.04743,40.0,105.0,1.79,0.66,1.8,30.0,0.04743,1.641,1.7,
exp14_pd_v2,ballspeed7__kd7.5__kp50__noplot__positionmode__servebox,"{""--ball-speed"": 7, ""--kd"": 7.5, ""--kp"": 50, ""--no-plot"": null, ""--position-mode"": null, ""--serve-box"": null}",47,False,miss,0.5438,1.744343,0.178568,10.0,95.0,1.79,0.78,1.9,0.0,0.5438,0.0,1.85,
exp14_pd_v2,ballspeed7__kd5.0__kp100__noplot__positionmode__servebox,"{""--ball-speed"": 7, ""--kd"": 5.0, ""--kp"": 100, ""--no-plot"": null, ""--position-mode"": null, ""--serve-box"": null}",20,,,,,,,,,,,,,,0.3,no_result
exp14_pd_v2,ballspeed7__kd5.0__kp100__noplot__positionmode__servebox,"{""--ball-speed"": 7, ""--kd"": 5.0, ""--kp"": 100, ""--no-plot"": null, ""--position-mode"": null, ""--serve-box"": null}",21,,,,,,,,,,,,,,0.29,no_result
exp14_pd_v2,ballspeed7__kd5.0__kp100__noplot__positionmode__servebox,"{""--ball-speed"": 7, ""--kd"": 5.0, ""--kp"": 100, ""--no-plot"": null, ""--position-mode"": null, ""--serve-box"": null}",1,False,miss,0.576261,1.647246,0.154234,0.0,0.0,1.8,0.93,1.6,0.0,0.576261,0.0,1.97,
exp14_pd_v2,ballspeed7__kd5.0__kp100__noplot__positionmode__servebox,"{""--ball-speed"": 7, ""--kd"": 5.0, ""--kp"": 100, ""--no-plot"": null, ""--position-mode"": null, ""--serve-box"": null}",9,False,miss,0.447607,1.568539,0.091455,15.0,70.0,1.79,0.94,1.8,0.0,0.447607,0.0,1.18,
exp14_pd_v2,ballspeed7__kd5.0__kp100__noplot__positionmode__servebox,"{""--ball-speed"": 7, ""--kd"": 5.0, ""--kp"": 100, ""--no-plot"": null, ""--position-mode"": null, ""--serve-box"": null}",27,,,,,,,,,,,,,,0.21,no_result
exp14_pd_v2,ballspeed7__kd5.0__kp100__noplot__positionmode__servebox,"{""--ball-speed"": 7, ""--kd"": 5.0, ""--kp"": 100, ""--no-plot"": null, ""--position-mode"": null, ""--serve-box"": null}",14,True,active,0.072397,1.745668,0.061132,20.0,75.0,1.79,1.0,1.5,20.0,0.072397,1.786,1.15,
exp14_pd_v2,ballspeed7__kd5.0__kp100__noplot__positionmode__servebox,"{""--ball-speed"": 7, ""--kd"": 5.0, ""--kp"": 100, ""--no-plot"": null, ""--position-mode"": null, ""--serve-box"": null}",17,True,active,0.026893,1.630812,0.026893,0.0,0.0,1.73,0.97,1.5,10.0,0.026893,1.477,1.03,
exp14_pd_v2,ballspeed7__kd5.0__kp100__noplot__positionmode__servebox,"{""--ball-speed"": 7, ""--kd"": 5.0, ""--kp"": 100, ""--no-plot"": null, ""--position-mode"": null, ""--serve-box"": null}",19,False,miss,0.55157,1.685751,0.209687,0.0,0.0,1.8,1.0,1.6,0.0,0.55157,0.0,0.97,
exp14_pd_v2,ballspeed7__kd5.0__kp100__noplot__positionmode__servebox,"{""--ball-speed"": 7, ""--kd"": 5.0, ""--kp"": 100, ""--no-plot"": null, ""--position-mode"": null, ""--serve-box"": null}",18,False,miss,0.64007,1.774225,0.194182,0.0,20.0,1.81,0.99,1.9,0.0,0.64007,0.0,1.09,
exp14_pd_v2,ballspeed7__kd5.0__kp100__noplot__positionmode__servebox,"{""--ball-speed"": 7, ""--kd"": 5.0, ""--kp"": 100, ""--no-plot"": null, ""--position-mode"": null, ""--serve-box"": null}",13,False,miss,0.589115,1.64663,0.102177,0.0,0.0,1.8,0.86,1.5,0.0,0.589115,0.0,1.35,
exp14_pd_v2,ballspeed7__kd5.0__kp100__noplot__positionmode__servebox,"{""--ball-speed"": 7, ""--kd"": 5.0, ""--kp"": 100, ""--no-plot"": null, ""--position-mode"": null, ""--serve-box"": null}",24,False,miss,0.012154,1.893399,1.475448,0.0,0.0,0.87,1.0,0.7,0.0,0.012154,0.0,0.88,
exp14_pd_v2,ballspeed7__kd5.0__kp100__noplot__positionmode__servebox,"{""--ball-speed"": 7, ""--kd"": 5.0, ""--kp"": 100, ""--no-plot"": null, ""--position-mode"": null, ""--serve-box"": null}",10,False,miss,0.600855,1.826336,0.117328,0.0,0.0,1.8,0.92,1.7,0.0,0.600855,0.0,1.88,
exp14_pd_v2,ballspeed7__kd5.0__kp100__noplot__positionmode__servebox,"{""--ball-speed"": 7, ""--kd"": 5.0, ""--kp"": 100, ""--no-plot"": null, ""--position-mode"": null, ""--serve-box"": null}",16,False,miss,0.502624,1.652616,0.163414,0.0,0.0,1.82,1.0,1.5,0.0,0.502624,0.0,1.51,
exp14_pd_v2,ballspeed7__kd5.0__kp100__noplot__positionmode__servebox,"{""--ball-speed"": 7, ""--kd"": 5.0, ""--kp"": 100, ""--no-plot"": null, ""--position-mode"": null, ""--serve-box"": null}",22,False,miss,0.32577,1.456695,0.16727,0.0,0.0,1.8,0.99,1.4,0.0,0.32577,0.0,1.39,
exp14_pd_v2,ballspeed7__kd5.0__kp100__noplot__positionmode__servebox,"{""--ball-speed"": 7, ""--kd"": 5.0, ""--kp"": 100, ""--no-plot"": null, ""--position-mode"": null, ""--serve-box"": null}",25,False,miss,0.521867,1.678026,0.144077,0.0,0.0,1.8,0.98,1.6,0.0,0.521867,0.0,1.17,
exp14_pd_v2,ballspeed7__kd5.0__kp100__noplot__positionmode__servebox,"{""--ball-speed"": 7, ""--kd"": 5.0, ""--kp"": 100, ""--no-plot"": null, ""--position-mode"": null, ""--serve-box"": null}",15,True,active,0.05899,1.464397,0.051804,0.0,0.0,1.69,0.96,1.4,20.0,0.05899,0.305,1.86,
exp14_pd_v2,ballspeed7__kd5.0__kp100__noplot__positionmode__servebox,"{""--ball-speed"": 7, ""--kd"": 5.0, ""--kp"": 100, ""--no-plot"": null, ""--position-mode"": null, ""--serve-box"": null}",12,False,miss,0.656745,1.705021,0.127386,0.0,0.0,1.8,0.96,1.6,0.0,0.656745,0.0,2.0,
exp14_pd_v2,ballspeed7__kd5.0__kp100__noplot__positionmode__servebox,"{""--ball-speed"": 7, ""--kd"": 5.0, ""--kp"": 100, ""--no-plot"": null, ""--position-mode"": null, ""--serve-box"": null}",11,True,active,0.07351,1.833601,0.07351,0.0,0.0,1.79,1.0,1.7,45.0,0.07351,1.666,2.01,
exp14_pd_v2,ballspeed7__kd5.0__kp100__noplot__positionmode__servebox,"{""--ball-speed"": 7, ""--kd"": 5.0, ""--kp"": 100, ""--no-plot"": null, ""--position-mode"": null, ""--serve-box"": null}",26,False,miss,0.694495,1.771208,0.164059,5.0,90.0,1.8,0.94,2.1,0.0,0.694495,0.0,1.18,
exp14_pd_v2,ballspeed7__kd5.0__kp100__noplot__positionmode__servebox,"{""--ball-speed"": 7, ""--kd"": 5.0, ""--kp"": 100, ""--no-plot"": null, ""--position-mode"": null, ""--serve-box"": null}",32,False,miss,0.094726,1.76401,2.190552,0.0,0.0,1.04,0.99,0.8,0.0,0.094726,0.0,0.78,
exp14_pd_v2,ballspeed7__kd5.0__kp100__noplot__positionmode__servebox,"{""--ball-speed"": 7, ""--kd"": 5.0, ""--kp"": 100, ""--no-plot"": null, ""--position-mode"": null, ""--serve-box"": null}",28,False,miss,0.663055,1.841011,0.144918,30.0,105.0,1.81,0.99,1.7,0.0,0.663055,0.0,1.11,
exp14_pd_v2,ballspeed7__kd5.0__kp100__noplot__positionmode__servebox,"{""--ball-speed"": 7, ""--kd"": 5.0, ""--kp"": 100, ""--no-plot"": null, ""--position-mode"": null, ""--serve-box"": null}",29,True,active,0.054528,1.749874,0.054528,0.0,0.0,1.8,0.99,1.6,30.0,0.054528,1.754,0.99,
exp14_pd_v2,ballspeed7__kd5.0__kp100__noplot__positionmode__servebox,"{""--ball-speed"": 7, ""--kd"": 5.0, ""--kp"": 100, ""--no-plot"": null, ""--position-mode"": null, ""--serve-box"": null}",23,False,miss,0.287161,1.636558,0.197409,0.0,0.0,1.64,1.0,1.4,0.0,0.287161,0.0,1.84,
exp14_pd_v2,ballspeed7__kd5.0__kp100__noplot__positionmode__servebox,"{""--ball-speed"": 7, ""--kd"": 5.0, ""--kp"": 100, ""--no-plot"": null, ""--position-mode"": null, ""--serve-box"": null}",31,False,miss,0.612559,1.911956,0.203889,0.0,35.0,1.8,1.0,2.0,0.0,0.612559,0.0,1.07,
exp14_pd_v2,ballspeed7__kd5.0__kp100__noplot__positionmode__servebox,"{""--ball-speed"": 7, ""--kd"": 5.0, ""--kp"": 100, ""--no-plot"": null, ""--position-mode"": null, ""--serve-box"": null}",33,True,active,0.028064,1.595495,0.028064,0.0,0.0,1.79,1.0,1.5,20.0,0.028064,1.774,1.04,
exp14_pd_v2,ballspeed7__kd5.0__kp100__noplot__positionmode__servebox,"{""--ball-speed"": 7, ""--kd"": 5.0, ""--kp"": 100, ""--no-plot"": null, ""--position-mode"": null, ""--serve-box"": null}",34,False,miss,0.316278,1.356513,0.160689,0.0,0.0,1.8,0.97,1.5,0.0,0.316278,0.0,0.96,
exp14_pd_v2,ballspeed7__kd5.0__kp100__noplot__positionmode__servebox,"{""--ball-speed"": 7, ""--kd"": 5.0, ""--kp"": 100, ""--no-plot"": null, ""--position-mode"": null, ""--serve-box"": null}",30,False,miss,0.500745,1.659808,0.148024,0.0,0.0,1.8,0.95,1.5,0.0,0.500745,0.0,1.33,
exp14_pd_v2,ballspeed7__kd5.0__kp100__noplot__positionmode__servebox,"{""--ball-speed"": 7, ""--kd"": 5.0, ""--kp"": 100, ""--no-plot"": null, ""--position-mode"": null, ""--serve-box"": null}",36,True,active,0.08126,1.53893,0.041138,0.0,0.0,1.24,1.0,1.0,30.0,0.08126,0.682,1.15,
exp14_pd_v2,ballspeed7__kd5.0__kp100__noplot__positionmode__servebox,"{""--ball-speed"": 7, ""--kd"": 5.0, ""--kp"": 100, ""--no-plot"": null, ""--position-mode"": null, ""--serve-box"": null}",38,False,miss,0.673712,1.880772,0.165346,0.0,65.0,1.81,1.0,1.7,0.0,0.673712,0.0,0.95,
exp14_pd_v2,ballspeed7__kd5.0__kp100__noplot__positionmode__servebox,"{""--ball-speed"": 7, ""--kd"": 5.0, ""--kp"": 100, ""--no-plot"": null, ""--position-mode"": null, ""--serve-box"": null}",37,False,miss,0.321977,1.61045,0.167884,0.0,0.0,1.76,0.97,1.4,0.0,0.321977,0.0,1.11,
exp14_pd_v2,ballspeed7__kd5.0__kp100__noplot__positionmode__servebox,"{""--ball-speed"": 7, ""--kd"": 5.0, ""--kp"": 100, ""--no-plot"": null, ""--position-mode"": null, ""--serve-box"": null}",41,True,active,0.075056,1.800553,0.067725,35.0,105.0,1.79,0.99,1.6,25.0,0.075056,1.775,1.08,
exp14_pd_v2,ballspeed7__kd5.0__kp100__noplot__positionmode__servebox,"{""--ball-speed"": 7, ""--kd"": 5.0, ""--kp"": 100, ""--no-plot"": null, ""--position-mode"": null, ""--serve-box"": null}",42,True,active,0.086808,1.908992,0.076504,0.0,0.0,1.81,0.87,1.8,40.0,0.086808,1.74,1.08,
exp14_pd_v2,ballspeed7__kd5.0__kp100__noplot__positionmode__servebox,"{""--ball-speed"": 7, ""--kd"": 5.0, ""--kp"": 100, ""--no-plot"": null, ""--position-mode"": null, ""--serve-box"": null}",43,True,active,0.078189,1.78404,0.078189,0.0,25.0,1.81,0.87,1.5,35.0,0.078189,1.635,1.02,
exp14_pd_v2,ballspeed7__kd5.0__kp100__noplot__positionmode__servebox,"{""--ball-speed"": 7, ""--kd"": 5.0, ""--kp"": 100, ""--no-plot"": null, ""--position-mode"": null, ""--serve-box"": null}",45,False,miss,0.525443,1.724046,0.129195,0.0,0.0,1.75,0.77,1.7,0.0,0.525443,0.0,1.0,
exp14_pd_v2,ballspeed7__kd5.0__kp100__noplot__positionmode__servebox,"{""--ball-speed"": 7, ""--kd"": 5.0, ""--kp"": 100, ""--no-plot"": null, ""--position-mode"": null, ""--serve-box"": null}",35,False,miss,0.743364,1.69845,0.090178,0.0,0.0,1.8,0.95,1.8,0.0,0.743364,0.0,1.85,
exp14_pd_v2,ballspeed7__kd5.0__kp100__noplot__positionmode__servebox,"{""--ball-speed"": 7, ""--kd"": 5.0, ""--kp"": 100, ""--no-plot"": null, ""--position-mode"": null, ""--serve-box"": null}",49,True,active,0.046664,1.650445,0.036806,40.0,105.0,1.8,1.0,1.5,25.0,0.046664,1.583,0.98,
exp14_pd_v2,ballspeed7__kd5.0__kp100__noplot__positionmode__servebox,"{""--ball-speed"": 7, ""--kd"": 5.0, ""--kp"": 100, ""--no-plot"": null, ""--position-mode"": null, ""--serve-box"": null}",47,False,miss,0.458298,1.735064,0.161492,20.0,105.0,1.8,1.0,1.9,0.0,0.458298,0.0,1.14,
exp14_pd_v2,ballspeed7__kd8.0__kp100__noplot__positionmode__servebox,"{""--ball-speed"": 7, ""--kd"": 8.0, ""--kp"": 100, ""--no-plot"": null, ""--position-mode"": null, ""--serve-box"": null}",1,True,active,0.098648,1.740604,0.083436,30.0,90.0,1.8,0.98,1.7,35.0,0.098648,1.545,0.91,
exp14_pd_v2,ballspeed7__kd5.0__kp100__noplot__positionmode__servebox,"{""--ball-speed"": 7, ""--kd"": 5.0, ""--kp"": 100, ""--no-plot"": null, ""--position-mode"": null, ""--serve-box"": null}",39,False,miss,0.338022,1.410659,0.142921,0.0,0.0,1.79,1.0,1.4,0.0,0.338022,0.0,1.8,
exp14_pd_v2,ballspeed7__kd8.0__kp100__noplot__positionmode__servebox,"{""--ball-speed"": 7, ""--kd"": 8.0, ""--kp"": 100, ""--no-plot"": null, ""--position-mode"": null, ""--serve-box"": null}",2,False,miss,0.30195,1.69123,0.120981,0.0,0.0,1.44,0.83,1.4,0.0,0.30195,0.0,0.97,
exp14_pd_v2,ballspeed7__kd8.0__kp100__noplot__positionmode__servebox,"{""--ball-speed"": 7, ""--kd"": 8.0, ""--kp"": 100, ""--no-plot"": null, ""--position-mode"": null, ""--serve-box"": null}",3,True,active,0.056065,1.764584,0.056065,20.0,80.0,1.79,0.83,1.4,40.0,0.056065,1.497,0.95,
exp14_pd_v2,ballspeed7__kd5.0__kp100__noplot__positionmode__servebox,"{""--ball-speed"": 7, ""--kd"": 5.0, ""--kp"": 100, ""--no-plot"": null, ""--position-mode"": null, ""--serve-box"": null}",40,True,active,0.084249,1.501641,0.072492,55.0,80.0,1.8,1.0,2.0,5.0,0.084249,1.707,1.93,
exp14_pd_v2,ballspeed7__kd5.0__kp100__noplot__positionmode__servebox,"{""--ball-speed"": 7, ""--kd"": 5.0, ""--kp"": 100, ""--no-plot"": null, ""--position-mode"": null, ""--serve-box"": null}",50,True,active,0.056861,1.905222,0.055901,0.0,0.0,1.8,0.87,1.8,60.0,0.056861,1.546,1.33,
exp14_pd_v2,ballspeed7__kd5.0__kp100__noplot__positionmode__servebox,"{""--ball-speed"": 7, ""--kd"": 5.0, ""--kp"": 100, ""--no-plot"": null, ""--position-mode"": null, ""--serve-box"": null}",44,False,miss,0.441198,1.645658,0.159166,0.0,0.0,1.82,0.96,1.5,0.0,0.441198,0.0,1.88,
exp14_pd_v2,ballspeed7__kd5.0__kp100__noplot__positionmode__servebox,"{""--ball-speed"": 7, ""--kd"": 5.0, ""--kp"": 100, ""--no-plot"": null, ""--position-mode"": null, ""--serve-box"": null}",46,True,passive,0.043257,1.583445,0.037159,0.0,0.0,1.28,1.0,1.3,25.0,0.043257,0.286,1.68,
exp14_pd_v2,ballspeed7__kd8.0__kp100__noplot__positionmode__servebox,"{""--ball-speed"": 7, ""--kd"": 8.0, ""--kp"": 100, ""--no-plot"": null, ""--position-mode"": null, ""--serve-box"": null}",6,False,miss,0.338732,1.64961,0.151742,30.0,10.0,1.8,0.85,1.6,0.0,0.338732,0.0,0.93,
exp14_pd_v2,ballspeed7__kd8.0__kp100__noplot__positionmode__servebox,"{""--ball-speed"": 7, ""--kd"": 8.0, ""--kp"": 100, ""--no-plot"": null, ""--position-mode"": null, ""--serve-box"": null}",5,False,miss,0.58415,1.61197,0.074915,0.0,0.0,1.77,0.87,1.6,0.0,0.58415,0.0,1.0,
exp14_pd_v2,ballspeed7__kd8.0__kp100__noplot__positionmode__servebox,"{""--ball-speed"": 7, ""--kd"": 8.0, ""--kp"": 100, ""--no-plot"": null, ""--position-mode"": null, ""--serve-box"": null}",7,False,miss,0.547593,1.714209,0.101156,0.0,0.0,1.79,0.86,1.8,0.0,0.547593,0.0,0.96,
exp14_pd_v2,ballspeed7__kd8.0__kp100__noplot__positionmode__servebox,"{""--ball-speed"": 7, ""--kd"": 8.0, ""--kp"": 100, ""--no-plot"": null, ""--position-mode"": null, ""--serve-box"": null}",4,False,miss,0.514836,1.730834,0.08445,0.0,0.0,1.79,0.9,1.6,0.0,0.514836,0.0,1.15,
exp14_pd_v2,ballspeed7__kd5.0__kp100__noplot__positionmode__servebox,"{""--ball-speed"": 7, ""--kd"": 5.0, ""--kp"": 100, ""--no-plot"": null, ""--position-mode"": null, ""--serve-box"": null}",48,True,active,0.080575,1.587708,0.0605,0.0,0.0,1.61,1.0,1.3,30.0,0.080575,0.948,1.98,
exp14_pd_v2,ballspeed7__kd8.0__kp100__noplot__positionmode__servebox,"{""--ball-speed"": 7, ""--kd"": 8.0, ""--kp"": 100, ""--no-plot"": null, ""--position-mode"": null, ""--serve-box"": null}",20,,,,,,,,,,,,,,0.29,no_result
exp14_pd_v2,ballspeed7__kd8.0__kp100__noplot__positionmode__servebox,"{""--ball-speed"": 7, ""--kd"": 8.0, ""--kp"": 100, ""--no-plot"": null, ""--position-mode"": null, ""--serve-box"": null}",21,,,,,,,,,,,,,,0.32,no_result
exp14_pd_v2,ballspeed7__kd8.0__kp100__noplot__positionmode__servebox,"{""--ball-speed"": 7, ""--kd"": 8.0, ""--kp"": 100, ""--no-plot"": null, ""--position-mode"": null, ""--serve-box"": null}",9,False,miss,0.418784,1.652692,0.098715,0.0,0.0,1.8,0.82,1.6,0.0,0.418784,0.0,1.03,
exp14_pd_v2,ballspeed7__kd8.0__kp100__noplot__positionmode__servebox,"{""--ball-speed"": 7, ""--kd"": 8.0, ""--kp"": 100, ""--no-plot"": null, ""--position-mode"": null, ""--serve-box"": null}",11,True,active,0.100158,1.781815,0.092599,0.0,25.0,1.8,0.94,1.8,45.0,0.100158,1.769,1.1,
exp14_pd_v2,ballspeed7__kd8.0__kp100__noplot__positionmode__servebox,"{""--ball-speed"": 7, ""--kd"": 8.0, ""--kp"": 100, ""--no-plot"": null, ""--position-mode"": null, ""--serve-box"": null}",16,False,miss,0.468506,1.674051,0.090443,0.0,0.0,1.79,0.73,1.5,0.0,0.468506,0.0,0.96,
exp14_pd_v2,ballspeed7__kd8.0__kp100__noplot__positionmode__servebox,"{""--ball-speed"": 7, ""--kd"": 8.0, ""--kp"": 100, ""--no-plot"": null, ""--position-mode"": null, ""--serve-box"": null}",10,False,miss,0.596219,1.740206,0.126414,35.0,45.0,1.79,1.0,1.9,0.0,0.596219,0.0,1.38,
exp14_pd_v2,ballspeed7__kd8.0__kp100__noplot__positionmode__servebox,"{""--ball-speed"": 7, ""--kd"": 8.0, ""--kp"": 100, ""--no-plot"": null, ""--position-mode"": null, ""--serve-box"": null}",19,True,active,0.077894,1.625191,0.045464,0.0,0.0,1.61,0.77,1.4,30.0,0.077894,1.079,0.91,
exp14_pd_v2,ballspeed7__kd8.0__kp100__noplot__positionmode__servebox,"{""--ball-speed"": 7, ""--kd"": 8.0, ""--kp"": 100, ""--no-plot"": null, ""--position-mode"": null, ""--serve-box"": null}",17,True,active,0.050918,1.693177,0.04724,45.0,105.0,1.8,0.94,1.6,15.0,0.050918,1.641,0.96,
exp14_pd_v2,ballspeed7__kd8.0__kp100__noplot__positionmode__servebox,"{""--ball-speed"": 7, ""--kd"": 8.0, ""--kp"": 100, ""--no-plot"": null, ""--position-mode"": null, ""--serve-box"": null}",27,,,,,,,,,,,,,,0.29,no_result
exp14_pd_v2,ballspeed7__kd8.0__kp100__noplot__positionmode__servebox,"{""--ball-speed"": 7, ""--kd"": 8.0, ""--kp"": 100, ""--no-plot"": null, ""--position-mode"": null, ""--serve-box"": null}",18,True,active,0.113487,1.792701,0.075941,0.0,0.0,1.8,0.96,1.9,25.0,0.113487,1.786,1.11,
exp14_pd_v2,ballspeed7__kd8.0__kp100__noplot__positionmode__servebox,"{""--ball-speed"": 7, ""--kd"": 8.0, ""--kp"": 100, ""--no-plot"": null, ""--position-mode"": null, ""--serve-box"": null}",8,False,miss,0.289033,1.668284,0.124752,0.0,0.0,1.51,0.88,1.3,0.0,0.289033,0.0,1.77,
exp14_pd_v2,ballspeed7__kd8.0__kp100__noplot__positionmode__servebox,"{""--ball-speed"": 7, ""--kd"": 8.0, ""--kp"": 100, ""--no-plot"": null, ""--position-mode"": null, ""--serve-box"": null}",23,True,active,0.054557,1.698283,0.050085,40.0,105.0,1.8,0.74,1.3,5.0,0.054557,1.796,0.91,
exp14_pd_v2,ballspeed7__kd8.0__kp100__noplot__positionmode__servebox,"{""--ball-speed"": 7, ""--kd"": 8.0, ""--kp"": 100, ""--no-plot"": null, ""--position-mode"": null, ""--serve-box"": null}",24,True,active,0.056249,1.639006,0.030558,0.0,0.0,1.75,0.78,1.4,30.0,0.056249,1.456,0.91,
exp14_pd_v2,ballspeed7__kd8.0__kp100__noplot__positionmode__servebox,"{""--ball-speed"": 7, ""--kd"": 8.0, ""--kp"": 100, ""--no-plot"": null, ""--position-mode"": null, ""--serve-box"": null}",25,False,miss,0.647577,1.720421,0.138307,0.0,0.0,1.8,0.73,1.8,0.0,0.647577,0.0,1.02,
exp14_pd_v2,ballspeed7__kd8.0__kp100__noplot__positionmode__servebox,"{""--ball-speed"": 7, ""--kd"": 8.0, ""--kp"": 100, ""--no-plot"": null, ""--position-mode"": null, ""--serve-box"": null}",14,True,active,0.10823,1.798948,0.088981,40.0,105.0,1.8,0.86,1.6,20.0,0.10823,1.761,1.63,
exp14_pd_v2,ballspeed7__kd8.0__kp100__noplot__positionmode__servebox,"{""--ball-speed"": 7, ""--kd"": 8.0, ""--kp"": 100, ""--no-plot"": null, ""--position-mode"": null, ""--serve-box"": null}",22,False,miss,0.611623,1.719193,0.105014,0.0,0.0,1.8,0.89,1.8,0.0,0.611623,0.0,1.34,
exp14_pd_v2,ballspeed7__kd8.0__kp100__noplot__positionmode__servebox,"{""--ball-speed"": 7, ""--kd"": 8.0, ""--kp"": 100, ""--no-plot"": null, ""--position-mode"": null, ""--serve-box"": null}",13,False,miss,0.545653,1.691174,0.088723,0.0,0.0,1.8,0.91,1.6,0.0,0.545653,0.0,1.76,
exp14_pd_v2,ballspeed7__kd8.0__kp100__noplot__positionmode__servebox,"{""--ball-speed"": 7, ""--kd"": 8.0, ""--kp"": 100, ""--no-plot"": null, ""--position-mode"": null, ""--serve-box"": null}",12,True,active,0.052035,1.700286,0.048689,0.0,0.0,1.79,0.9,1.8,30.0,0.052035,1.726,1.87,
exp14_pd_v2,ballspeed7__kd8.0__kp100__noplot__positionmode__servebox,"{""--ball-speed"": 7, ""--kd"": 8.0, ""--kp"": 100, ""--no-plot"": null, ""--position-mode"": null, ""--serve-box"": null}",15,True,active,0.049631,1.639864,0.049631,0.0,0.0,1.78,0.81,1.5,20.0,0.049631,0.875,1.85,
exp14_pd_v2,ballspeed7__kd8.0__kp100__noplot__positionmode__servebox,"{""--ball-speed"": 7, ""--kd"": 8.0, ""--kp"": 100, ""--no-plot"": null, ""--position-mode"": null, ""--serve-box"": null}",29,True,active,0.03844,1.705573,0.032168,0.0,0.0,1.79,0.8,1.6,30.0,0.03844,1.707,0.93,
exp14_pd_v2,ballspeed7__kd8.0__kp100__noplot__positionmode__servebox,"{""--ball-speed"": 7, ""--kd"": 8.0, ""--kp"": 100, ""--no-plot"": null, ""--position-mode"": null, ""--serve-box"": null}",32,False,miss,0.28172,1.634698,0.154805,0.0,0.0,1.33,0.89,1.3,0.0,0.28172,0.0,0.93,
exp14_pd_v2,ballspeed7__kd8.0__kp100__noplot__positionmode__servebox,"{""--ball-speed"": 7, ""--kd"": 8.0, ""--kp"": 100, ""--no-plot"": null, ""--position-mode"": null, ""--serve-box"": null}",30,True,active,0.036756,1.794227,0.036756,0.0,0.0,1.79,0.97,1.8,30.0,0.036756,1.739,0.97,
exp14_pd_v2,ballspeed7__kd8.0__kp100__noplot__positionmode__servebox,"{""--ball-speed"": 7, ""--kd"": 8.0, ""--kp"": 100, ""--no-plot"": null, ""--position-mode"": null, ""--serve-box"": null}",31,False,miss,0.506144,1.738411,0.163711,25.0,75.0,1.81,0.88,1.8,0.0,0.506144,0.0,1.05,
exp14_pd_v2,ballspeed7__kd8.0__kp100__noplot__positionmode__servebox,"{""--ball-speed"": 7, ""--kd"": 8.0, ""--kp"": 100, ""--no-plot"": null, ""--position-mode"": null, ""--serve-box"": null}",28,True,active,0.039756,1.726773,0.039756,0.0,0.0,1.8,0.93,1.6,30.0,0.039756,1.759,1.27,
exp14_pd_v2,ballspeed7__kd8.0__kp100__noplot__positionmode__servebox,"{""--ball-speed"": 7, ""--kd"": 8.0, ""--kp"": 100, ""--no-plot"": null, ""--position-mode"": null, ""--serve-box"": null}",26,True,active,0.095847,1.734217,0.084554,0.0,65.0,1.79,0.88,1.6,40.0,0.095847,1.56,1.63,
exp14_pd_v2,ballspeed7__kd8.0__kp100__noplot__positionmode__servebox,"{""--ball-speed"": 7, ""--kd"": 8.0, ""--kp"": 100, ""--no-plot"": null, ""--position-mode"": null, ""--serve-box"": null}",34,True,active,0.054666,1.746671,0.054666,0.0,0.0,1.8,0.84,1.5,40.0,0.054666,1.614,1.08,
exp14_pd_v2,ballspeed7__kd8.0__kp100__noplot__positionmode__servebox,"{""--ball-speed"": 7, ""--kd"": 8.0, ""--kp"": 100, ""--no-plot"": null, ""--position-mode"": null, ""--serve-box"": null}",36,True,active,0.085183,1.642103,0.062544,0.0,0.0,1.23,0.89,1.0,10.0,0.085183,0.317,1.15,
exp14_pd_v2,ballspeed7__kd8.0__kp100__noplot__positionmode__servebox,"{""--ball-speed"": 7, ""--kd"": 8.0, ""--kp"": 100, ""--no-plot"": null, ""--position-mode"": null, ""--serve-box"": null}",37,True,active,0.086805,1.70951,0.057779,0.0,0.0,1.79,0.96,1.8,45.0,0.086805,1.459,1.0,
exp14_pd_v2,ballspeed7__kd8.0__kp100__noplot__positionmode__servebox,"{""--ball-speed"": 7, ""--kd"": 8.0, ""--kp"": 100, ""--no-plot"": null, ""--position-mode"": null, ""--serve-box"": null}",40,False,miss,0.420976,1.691157,0.173545,0.0,0.0,1.79,0.74,1.6,0.0,0.420976,0.0,1.06,
exp14_pd_v2,ballspeed7__kd8.0__kp100__noplot__positionmode__servebox,"{""--ball-speed"": 7, ""--kd"": 8.0, ""--kp"": 100, ""--no-plot"": null, ""--position-mode"": null, ""--serve-box"": null}",38,True,active,0.106874,1.710627,0.062225,0.0,0.0,1.83,0.9,1.6,30.0,0.106874,1.631,1.12,
exp14_pd_v2,ballspeed7__kd8.0__kp100__noplot__positionmode__servebox,"{""--ball-speed"": 7, ""--kd"": 8.0, ""--kp"": 100, ""--no-plot"": null, ""--position-mode"": null, ""--serve-box"": null}",42,True,active,0.097514,1.711173,0.069726,0.0,0.0,1.79,0.76,1.6,25.0,0.097514,1.232,0.94,
exp14_pd_v2,ballspeed7__kd8.0__kp100__noplot__positionmode__servebox,"{""--ball-speed"": 7, ""--kd"": 8.0, ""--kp"": 100, ""--no-plot"": null, ""--position-mode"": null, ""--serve-box"": null}",33,True,active,0.086063,1.707925,0.065429,50.0,105.0,1.8,0.85,1.5,20.0,0.086063,0.994,1.67,
exp14_pd_v2,ballspeed7__kd8.0__kp100__noplot__positionmode__servebox,"{""--ball-speed"": 7, ""--kd"": 8.0, ""--kp"": 100, ""--no-plot"": null, ""--position-mode"": null, ""--serve-box"": null}",44,False,miss,0.661948,1.77446,0.105907,0.0,0.0,1.8,0.84,1.7,0.0,0.661948,0.0,0.92,
exp14_pd_v2,ballspeed7__kd8.0__kp100__noplot__positionmode__servebox,"{""--ball-speed"": 7, ""--kd"": 8.0, ""--kp"": 100, ""--no-plot"": null, ""--position-mode"": null, ""--serve-box"": null}",45,False,miss,0.569948,1.739834,0.109195,15.0,80.0,1.8,0.87,1.7,0.0,0.569948,0.0,0.93,
exp14_pd_v2,ballspeed7__kd8.0__kp100__noplot__positionmode__servebox,"{""--ball-speed"": 7, ""--kd"": 8.0, ""--kp"": 100, ""--no-plot"": null, ""--position-mode"": null, ""--serve-box"": null}",35,False,miss,0.707745,1.754368,0.136782,0.0,0.0,1.8,0.94,1.8,0.0,0.707745,0.0,1.73,
exp14_pd_v2,ballspeed7__kd8.0__kp100__noplot__positionmode__servebox,"{""--ball-speed"": 7, ""--kd"": 8.0, ""--kp"": 100, ""--no-plot"": null, ""--position-mode"": null, ""--serve-box"": null}",46,False,miss,0.604522,1.75972,0.207179,0.0,10.0,1.8,0.8,1.7,0.0,0.604522,0.0,0.95,
exp14_pd_v2,ballspeed7__kd8.0__kp100__noplot__positionmode__servebox,"{""--ball-speed"": 7, ""--kd"": 8.0, ""--kp"": 100, ""--no-plot"": null, ""--position-mode"": null, ""--serve-box"": null}",47,False,miss,0.510783,1.705099,0.14714,0.0,0.0,1.79,0.99,1.7,0.0,0.510783,0.0,0.97,
exp14_pd_v2,ballspeed7__kd8.0__kp100__noplot__positionmode__servebox,"{""--ball-speed"": 7, ""--kd"": 8.0, ""--kp"": 100, ""--no-plot"": null, ""--position-mode"": null, ""--serve-box"": null}",43,False,miss,0.691569,1.809349,0.112374,0.0,0.0,1.8,0.76,2.0,0.0,0.691569,0.0,1.33,
exp14_pd_v2,ballspeed7__kd8.0__kp100__noplot__positionmode__servebox,"{""--ball-speed"": 7, ""--kd"": 8.0, ""--kp"": 100, ""--no-plot"": null, ""--position-mode"": null, ""--serve-box"": null}",49,True,active,0.042521,1.738304,0.042521,20.0,80.0,1.8,0.82,1.5,20.0,0.042521,1.797,0.98,
exp14_pd_v2,ballspeed7__kd8.0__kp100__noplot__positionmode__servebox,"{""--ball-speed"": 7, ""--kd"": 8.0, ""--kp"": 100, ""--no-plot"": null, ""--position-mode"": null, ""--serve-box"": null}",39,False,miss,0.555307,1.729768,0.093208,0.0,0.0,1.8,0.82,1.5,0.0,0.555307,0.0,1.77,
exp14_pd_v2,ballspeed7__kd8.0__kp100__noplot__positionmode__servebox,"{""--ball-speed"": 7, ""--kd"": 8.0, ""--kp"": 100, ""--no-plot"": null, ""--position-mode"": null, ""--serve-box"": null}",41,True,active,0.158444,1.757751,0.106272,35.0,105.0,1.8,0.85,1.6,5.0,0.158444,1.689,1.83,
exp14_pd_v2,ballspeed7__kd10.0__kp100__noplot__positionmode__servebox,"{""--ball-speed"": 7, ""--kd"": 10.0, ""--kp"": 100, ""--no-plot"": null, ""--position-mode"": null, ""--serve-box"": null}",2,True,active,0.05645,1.700191,0.035617,0.0,0.0,1.79,0.64,1.6,25.0,0.05645,1.024,0.99,
exp14_pd_v2,ballspeed7__kd8.0__kp100__noplot__positionmode__servebox,"{""--ball-speed"": 7, ""--kd"": 8.0, ""--kp"": 100, ""--no-plot"": null, ""--position-mode"": null, ""--serve-box"": null}",50,False,miss,0.670583,1.779294,0.175407,15.0,105.0,1.79,0.82,2.0,0.0,0.670583,0.0,1.14,
exp14_pd_v2,ballspeed7__kd10.0__kp100__noplot__positionmode__servebox,"{""--ball-speed"": 7, ""--kd"": 10.0, ""--kp"": 100, ""--no-plot"": null, ""--position-mode"": null, ""--serve-box"": null}",4,False,miss,0.439871,1.720934,0.125111,0.0,0.0,1.47,0.8,1.2,0.0,0.439871,0.0,1.03,
exp14_pd_v2,ballspeed7__kd10.0__kp100__noplot__positionmode__servebox,"{""--ball-speed"": 7, ""--kd"": 10.0, ""--kp"": 100, ""--no-plot"": null, ""--position-mode"": null, ""--serve-box"": null}",5,False,miss,0.61847,1.7134,0.117911,0.0,0.0,1.79,0.71,1.6,0.0,0.61847,0.0,1.02,
exp14_pd_v2,ballspeed7__kd10.0__kp100__noplot__positionmode__servebox,"{""--ball-speed"": 7, ""--kd"": 10.0, ""--kp"": 100, ""--no-plot"": null, ""--position-mode"": null, ""--serve-box"": null}",6,True,active,0.090316,1.682578,0.069934,0.0,0.0,1.79,0.82,1.4,20.0,0.090316,1.654,1.0,
exp14_pd_v2,ballspeed7__kd10.0__kp100__noplot__positionmode__servebox,"{""--ball-speed"": 7, ""--kd"": 10.0, ""--kp"": 100, ""--no-plot"": null, ""--position-mode"": null, ""--serve-box"": null}",7,True,active,0.07921,1.683465,0.03541,0.0,0.0,1.79,0.77,1.5,35.0,0.07921,1.787,1.0,
exp14_pd_v2,ballspeed7__kd10.0__kp100__noplot__positionmode__servebox,"{""--ball-speed"": 7, ""--kd"": 10.0, ""--kp"": 100, ""--no-plot"": null, ""--position-mode"": null, ""--serve-box"": null}",9,True,active,0.03481,1.711947,0.03481,15.0,75.0,1.74,0.86,1.5,25.0,0.03481,1.515,1.06,
exp14_pd_v2,ballspeed7__kd8.0__kp100__noplot__positionmode__servebox,"{""--ball-speed"": 7, ""--kd"": 8.0, ""--kp"": 100, ""--no-plot"": null, ""--position-mode"": null, ""--serve-box"": null}",48,True,active,0.121959,1.673176,0.078045,0.0,0.0,1.79,0.92,1.7,5.0,0.121959,1.554,1.93,
exp14_pd_v2,ballspeed7__kd10.0__kp100__noplot__positionmode__servebox,"{""--ball-speed"": 7, ""--kd"": 10.0, ""--kp"": 100, ""--no-plot"": null, ""--position-mode"": null, ""--serve-box"": null}",20,,,,,,,,,,,,,,0.21,no_result
exp14_pd_v2,ballspeed7__kd10.0__kp100__noplot__positionmode__servebox,"{""--ball-speed"": 7, ""--kd"": 10.0, ""--kp"": 100, ""--no-plot"": null, ""--position-mode"": null, ""--serve-box"": null}",1,False,miss,0.550571,1.760341,0.116606,10.0,75.0,1.8,0.93,1.7,0.0,0.550571,0.0,1.71,
exp14_pd_v2,ballspeed7__kd10.0__kp100__noplot__positionmode__servebox,"{""--ball-speed"": 7, ""--kd"": 10.0, ""--kp"": 100, ""--no-plot"": null, ""--position-mode"": null, ""--serve-box"": null}",21,,,,,,,,,,,,,,0.21,no_result
exp14_pd_v2,ballspeed7__kd10.0__kp100__noplot__positionmode__servebox,"{""--ball-speed"": 7, ""--kd"": 10.0, ""--kp"": 100, ""--no-plot"": null, ""--position-mode"": null, ""--serve-box"": null}",13,True,active,0.138609,1.711858,0.076439,0.0,0.0,1.79,0.72,1.6,20.0,0.138609,1.523,1.02,
exp14_pd_v2,ballspeed7__kd10.0__kp100__noplot__positionmode__servebox,"{""--ball-speed"": 7, ""--kd"": 10.0, ""--kp"": 100, ""--no-plot"": null, ""--position-mode"": null, ""--serve-box"": null}",11,True,active,0.125387,1.774358,0.097698,0.0,0.0,1.78,0.9,1.8,40.0,0.125387,1.778,1.24,
exp14_pd_v2,ballspeed7__kd10.0__kp100__noplot__positionmode__servebox,"{""--ball-speed"": 7, ""--kd"": 10.0, ""--kp"": 100, ""--no-plot"": null, ""--position-mode"": null, ""--serve-box"": null}",14,True,active,0.12328,1.74334,0.094914,40.0,105.0,1.79,0.73,1.7,20.0,0.12328,1.528,1.08,
exp14_pd_v2,ballspeed7__kd10.0__kp100__noplot__positionmode__servebox,"{""--ball-speed"": 7, ""--kd"": 10.0, ""--kp"": 100, ""--no-plot"": null, ""--position-mode"": null, ""--serve-box"": null}",16,False,miss,0.64699,1.742439,0.091129,0.0,0.0,1.8,0.71,1.6,0.0,0.64699,0.0,0.91,
exp14_pd_v2,ballspeed7__kd10.0__kp100__noplot__positionmode__servebox,"{""--ball-speed"": 7, ""--kd"": 10.0, ""--kp"": 100, ""--no-plot"": null, ""--position-mode"": null, ""--serve-box"": null}",15,False,miss,0.380327,1.692146,0.189861,0.0,0.0,1.7,0.99,1.5,0.0,0.380327,0.0,0.93,
exp14_pd_v2,ballspeed7__kd10.0__kp100__noplot__positionmode__servebox,"{""--ball-speed"": 7, ""--kd"": 10.0, ""--kp"": 100, ""--no-plot"": null, ""--position-mode"": null, ""--serve-box"": null}",3,False,miss,0.68708,1.82368,0.113774,15.0,90.0,1.8,0.71,2.0,0.0,0.68708,0.0,1.92,
exp14_pd_v2,ballspeed7__kd10.0__kp100__noplot__positionmode__servebox,"{""--ball-speed"": 7, ""--kd"": 10.0, ""--kp"": 100, ""--no-plot"": null, ""--position-mode"": null, ""--serve-box"": null}",27,,,,,,,,,,,,,,0.27,no_result
exp14_pd_v2,ballspeed7__kd10.0__kp100__noplot__positionmode__servebox,"{""--ball-speed"": 7, ""--kd"": 10.0, ""--kp"": 100, ""--no-plot"": null, ""--position-mode"": null, ""--serve-box"": null}",8,False,miss,0.27936,1.670684,0.116929,0.0,0.0,1.79,0.81,1.7,0.0,0.27936,0.0,1.79,
exp14_pd_v2,ballspeed7__kd10.0__kp100__noplot__positionmode__servebox,"{""--ball-speed"": 7, ""--kd"": 10.0, ""--kp"": 100, ""--no-plot"": null, ""--position-mode"": null, ""--serve-box"": null}",10,True,active,0.027476,1.733797,0.027476,40.0,85.0,1.8,0.84,1.5,30.0,0.027476,1.793,1.72,
exp14_pd_v2,ballspeed7__kd10.0__kp100__noplot__positionmode__servebox,"{""--ball-speed"": 7, ""--kd"": 10.0, ""--kp"": 100, ""--no-plot"": null, ""--position-mode"": null, ""--serve-box"": null}",19,False,miss,0.414231,1.709246,0.098153,0.0,0.0,1.8,0.86,1.7,0.0,0.414231,0.0,0.97,
exp14_pd_v2,ballspeed7__kd10.0__kp100__noplot__positionmode__servebox,"{""--ball-speed"": 7, ""--kd"": 10.0, ""--kp"": 100, ""--no-plot"": null, ""--position-mode"": null, ""--serve-box"": null}",23,True,active,0.039713,1.669044,0.039713,55.0,105.0,1.48,0.81,1.3,10.0,0.039713,0.997,0.9,
exp14_pd_v2,ballspeed7__kd10.0__kp100__noplot__positionmode__servebox,"{""--ball-speed"": 7, ""--kd"": 10.0, ""--kp"": 100, ""--no-plot"": null, ""--position-mode"": null, ""--serve-box"": null}",12,False,miss,0.495049,1.734804,0.155711,0.0,0.0,1.77,0.95,1.5,0.0,0.495049,0.0,1.84,
exp14_pd_v2,ballspeed7__kd10.0__kp100__noplot__positionmode__servebox,"{""--ball-speed"": 7, ""--kd"": 10.0, ""--kp"": 100, ""--no-plot"": null, ""--position-mode"": null, ""--serve-box"": null}",18,True,active,0.042113,1.711605,0.042113,0.0,0.0,1.8,0.72,1.5,35.0,0.042113,1.129,1.27,
exp14_pd_v2,ballspeed7__kd10.0__kp100__noplot__positionmode__servebox,"{""--ball-speed"": 7, ""--kd"": 10.0, ""--kp"": 100, ""--no-plot"": null, ""--position-mode"": null, ""--serve-box"": null}",22,False,miss,0.585026,1.738495,0.117349,0.0,0.0,1.8,0.74,1.7,0.0,0.585026,0.0,1.05,
exp14_pd_v2,ballspeed7__kd10.0__kp100__noplot__positionmode__servebox,"{""--ball-speed"": 7, ""--kd"": 10.0, ""--kp"": 100, ""--no-plot"": null, ""--position-mode"": null, ""--serve-box"": null}",24,True,active,0.076648,1.731763,0.030696,0.0,0.0,1.53,0.65,1.4,25.0,0.076648,1.341,0.96,
exp14_pd_v2,ballspeed7__kd10.0__kp100__noplot__positionmode__servebox,"{""--ball-speed"": 7, ""--kd"": 10.0, ""--kp"": 100, ""--no-plot"": null, ""--position-mode"": null, ""--serve-box"": null}",17,True,active,0.037002,1.68822,0.037002,50.0,105.0,1.08,0.82,1.0,5.0,0.037002,0.677,1.5,
exp14_pd_v2,ballspeed7__kd10.0__kp100__noplot__positionmode__servebox,"{""--ball-speed"": 7, ""--kd"": 10.0, ""--kp"": 100, ""--no-plot"": null, ""--position-mode"": null, ""--serve-box"": null}",31,False,miss,0.481638,1.736734,0.126679,35.0,105.0,1.8,0.83,1.7,0.0,0.481638,0.0,0.97,
exp14_pd_v2,ballspeed7__kd10.0__kp100__noplot__positionmode__servebox,"{""--ball-speed"": 7, ""--kd"": 10.0, ""--kp"": 100, ""--no-plot"": null, ""--position-mode"": null, ""--serve-box"": null}",32,True,active,0.030715,1.66849,0.030715,0.0,0.0,1.65,0.75,1.1,15.0,0.030715,0.975,0.92,
exp14_pd_v2,ballspeed7__kd10.0__kp100__noplot__positionmode__servebox,"{""--ball-speed"": 7, ""--kd"": 10.0, ""--kp"": 100, ""--no-plot"": null, ""--position-mode"": null, ""--serve-box"": null}",33,True,active,0.042968,1.657831,0.042968,0.0,0.0,1.79,0.74,1.4,5.0,0.042968,1.778,0.92,
exp14_pd_v2,ballspeed7__kd10.0__kp100__noplot__positionmode__servebox,"{""--ball-speed"": 7, ""--kd"": 10.0, ""--kp"": 100, ""--no-plot"": null, ""--position-mode"": null, ""--serve-box"": null}",35,True,active,0.087734,1.766063,0.075285,0.0,0.0,1.8,0.8,1.7,45.0,0.087734,1.8,1.05,
exp14_pd_v2,ballspeed7__kd10.0__kp100__noplot__positionmode__servebox,"{""--ball-speed"": 7, ""--kd"": 10.0, ""--kp"": 100, ""--no-plot"": null, ""--position-mode"": null, ""--serve-box"": null}",36,True,active,0.038788,1.740141,0.038788,0.0,0.0,1.8,0.73,1.6,30.0,0.038788,1.789,0.92,
exp14_pd_v2,ballspeed7__kd10.0__kp100__noplot__positionmode__servebox,"{""--ball-speed"": 7, ""--kd"": 10.0, ""--kp"": 100, ""--no-plot"": null, ""--position-mode"": null, ""--serve-box"": null}",25,True,active,0.056303,1.723243,0.032685,0.0,0.0,1.8,0.81,1.4,35.0,0.056303,1.699,1.73,
exp14_pd_v2,ballspeed7__kd10.0__kp100__noplot__positionmode__servebox,"{""--ball-speed"": 7, ""--kd"": 10.0, ""--kp"": 100, ""--no-plot"": null, ""--position-mode"": null, ""--serve-box"": null}",39,True,active,0.064645,1.725047,0.051336,0.0,0.0,1.79,0.78,1.6,25.0,0.064645,1.686,0.95,
exp14_pd_v2,ballspeed7__kd10.0__kp100__noplot__positionmode__servebox,"{""--ball-speed"": 7, ""--kd"": 10.0, ""--kp"": 100, ""--no-plot"": null, ""--position-mode"": null, ""--serve-box"": null}",38,False,miss,0.613658,1.73451,0.105562,0.0,0.0,1.8,0.7,1.8,0.0,0.613658,0.0,0.96,
exp14_pd_v2,ballspeed7__kd10.0__kp100__noplot__positionmode__servebox,"{""--ball-speed"": 7, ""--kd"": 10.0, ""--kp"": 100, ""--no-plot"": null, ""--position-mode"": null, ""--serve-box"": null}",37,False,miss,0.701996,1.768274,0.141841,0.0,0.0,1.8,0.81,1.7,0.0,0.701996,0.0,1.02,
exp14_pd_v2,ballspeed7__kd10.0__kp100__noplot__positionmode__servebox,"{""--ball-speed"": 7, ""--kd"": 10.0, ""--kp"": 100, ""--no-plot"": null, ""--position-mode"": null, ""--serve-box"": null}",34,False,miss,0.569023,1.742281,0.109226,0.0,0.0,1.79,0.73,1.7,0.0,0.569023,0.0,1.35,
exp14_pd_v2,ballspeed7__kd10.0__kp100__noplot__positionmode__servebox,"{""--ball-speed"": 7, ""--kd"": 10.0, ""--kp"": 100, ""--no-plot"": null, ""--position-mode"": null, ""--serve-box"": null}",29,True,active,0.079704,1.798176,0.016106,0.0,0.0,1.36,0.87,1.2,30.0,0.079704,0.483,1.79,
exp14_pd_v2,ballspeed7__kd10.0__kp100__noplot__positionmode__servebox,"{""--ball-speed"": 7, ""--kd"": 10.0, ""--kp"": 100, ""--no-plot"": null, ""--position-mode"": null, ""--serve-box"": null}",26,True,active,0.076983,1.742497,0.0714,0.0,0.0,1.8,0.93,1.4,40.0,0.076983,1.69,1.97,
exp14_pd_v2,ballspeed7__kd10.0__kp100__noplot__positionmode__servebox,"{""--ball-speed"": 7, ""--kd"": 10.0, ""--kp"": 100, ""--no-plot"": null, ""--position-mode"": null, ""--serve-box"": null}",28,True,active,0.03511,1.733625,0.03511,0.0,0.0,1.8,0.82,1.6,30.0,0.03511,1.794,1.83,
exp14_pd_v2,ballspeed7__kd10.0__kp100__noplot__positionmode__servebox,"{""--ball-speed"": 7, ""--kd"": 10.0, ""--kp"": 100, ""--no-plot"": null, ""--position-mode"": null, ""--serve-box"": null}",30,False,miss,0.507143,1.718794,0.170366,0.0,0.0,1.8,0.71,1.6,0.0,0.507143,0.0,1.82,
exp14_pd_v2,ballspeed7__kd10.0__kp100__noplot__positionmode__servebox,"{""--ball-speed"": 7, ""--kd"": 10.0, ""--kp"": 100, ""--no-plot"": null, ""--position-mode"": null, ""--serve-box"": null}",40,True,active,0.071507,1.703641,0.070287,20.0,10.0,1.79,0.74,1.6,30.0,0.071507,1.084,1.19,
exp14_pd_v2,ballspeed7__kd10.0__kp100__noplot__positionmode__servebox,"{""--ball-speed"": 7, ""--kd"": 10.0, ""--kp"": 100, ""--no-plot"": null, ""--position-mode"": null, ""--serve-box"": null}",42,True,active,0.06263,1.754898,0.06263,0.0,0.0,1.8,0.79,1.7,45.0,0.06263,1.8,0.92,
exp14_pd_v2,ballspeed7__kd10.0__kp100__noplot__positionmode__servebox,"{""--ball-speed"": 7, ""--kd"": 10.0, ""--kp"": 100, ""--no-plot"": null, ""--position-mode"": null, ""--serve-box"": null}",41,True,active,0.037171,1.707282,0.037171,45.0,105.0,1.32,0.74,1.0,10.0,0.037171,0.896,1.3,
exp14_pd_v2,ballspeed7__kd10.0__kp100__noplot__positionmode__servebox,"{""--ball-speed"": 7, ""--kd"": 10.0, ""--kp"": 100, ""--no-plot"": null, ""--position-mode"": null, ""--serve-box"": null}",44,True,active,0.071253,1.776438,0.071253,0.0,0.0,1.8,0.89,1.7,50.0,0.071253,1.786,1.11,
exp14_pd_v2,ballspeed7__kd10.0__kp100__noplot__positionmode__servebox,"{""--ball-speed"": 7, ""--kd"": 10.0, ""--kp"": 100, ""--no-plot"": null, ""--position-mode"": null, ""--serve-box"": null}",47,False,miss,0.544211,1.747374,0.153455,25.0,105.0,1.8,0.83,1.7,0.0,0.544211,0.0,1.04,
exp14_pd_v2,ballspeed7__kd10.0__kp100__noplot__positionmode__servebox,"{""--ball-speed"": 7, ""--kd"": 10.0, ""--kp"": 100, ""--no-plot"": null, ""--position-mode"": null, ""--serve-box"": null}",50,False,miss,0.606496,1.770816,0.138144,0.0,75.0,1.8,1.0,1.8,0.0,0.606496,0.0,1.08,
exp14_pd_v2,ballspeed7__kd10.0__kp100__noplot__positionmode__servebox,"{""--ball-speed"": 7, ""--kd"": 10.0, ""--kp"": 100, ""--no-plot"": null, ""--position-mode"": null, ""--serve-box"": null}",48,True,active,0.06105,1.733324,0.049092,20.0,25.0,1.8,0.71,1.8,25.0,0.06105,0.985,1.1,
exp14_pd_v2,ballspeed7__kd10.0__kp100__noplot__positionmode__servebox,"{""--ball-speed"": 7, ""--kd"": 10.0, ""--kp"": 100, ""--no-plot"": null, ""--position-mode"": null, ""--serve-box"": null}",45,False,miss,0.483388,1.721154,0.110649,0.0,0.0,1.78,0.87,1.5,0.0,0.483388,0.0,1.33,
exp14_pd_v2,ballspeed7__kd15.0__kp100__noplot__positionmode__servebox,"{""--ball-speed"": 7, ""--kd"": 15.0, ""--kp"": 100, ""--no-plot"": null, ""--position-mode"": null, ""--serve-box"": null}",5,True,active,0.061608,1.758722,0.061608,0.0,0.0,1.8,0.73,1.6,45.0,0.061608,1.703,0.94,
exp14_pd_v2,ballspeed7__kd15.0__kp100__noplot__positionmode__servebox,"{""--ball-speed"": 7, ""--kd"": 15.0, ""--kp"": 100, ""--no-plot"": null, ""--position-mode"": null, ""--serve-box"": null}",4,True,active,0.04387,1.7614,0.04387,0.0,0.0,1.78,0.71,1.4,40.0,0.04387,1.525,0.96,
exp14_pd_v2,ballspeed7__kd15.0__kp100__noplot__positionmode__servebox,"{""--ball-speed"": 7, ""--kd"": 15.0, ""--kp"": 100, ""--no-plot"": null, ""--position-mode"": null, ""--serve-box"": null}",2,False,miss,0.411073,1.759131,0.224739,0.0,0.0,1.79,0.65,1.5,0.0,0.411073,0.0,1.11,
exp14_pd_v2,ballspeed7__kd10.0__kp100__noplot__positionmode__servebox,"{""--ball-speed"": 7, ""--kd"": 10.0, ""--kp"": 100, ""--no-plot"": null, ""--position-mode"": null, ""--serve-box"": null}",43,True,active,0.094163,1.765485,0.082995,0.0,0.0,1.8,0.82,1.6,50.0,0.094163,1.787,1.81,
exp14_pd_v2,ballspeed7__kd15.0__kp100__noplot__positionmode__servebox,"{""--ball-speed"": 7, ""--kd"": 15.0, ""--kp"": 100, ""--no-plot"": null, ""--position-mode"": null, ""--serve-box"": null}",3,False,miss,0.631467,1.786076,0.115484,30.0,105.0,1.8,0.69,1.7,0.0,0.631467,0.0,1.15,
exp14_pd_v2,ballspeed7__kd15.0__kp100__noplot__positionmode__servebox,"{""--ball-speed"": 7, ""--kd"": 15.0, ""--kp"": 100, ""--no-plot"": null, ""--position-mode"": null, ""--serve-box"": null}",7,True,active,0.057888,1.75022,0.043858,0.0,0.0,1.77,0.62,1.3,30.0,0.057888,1.478,1.08,
exp14_pd_v2,ballspeed7__kd10.0__kp100__noplot__positionmode__servebox,"{""--ball-speed"": 7, ""--kd"": 10.0, ""--kp"": 100, ""--no-plot"": null, ""--position-mode"": null, ""--serve-box"": null}",46,True,active,0.05336,1.739125,0.0496,0.0,0.0,1.8,0.77,1.6,25.0,0.05336,1.754,1.76,
exp14_pd_v2,ballspeed7__kd15.0__kp100__noplot__positionmode__servebox,"{""--ball-speed"": 7, ""--kd"": 15.0, ""--kp"": 100, ""--no-plot"": null, ""--position-mode"": null, ""--serve-box"": null}",6,True,active,0.042996,1.751885,0.042996,0.0,0.0,1.79,0.7,1.2,25.0,0.042996,1.249,1.45,
exp14_pd_v2,ballspeed7__kd15.0__kp100__noplot__positionmode__servebox,"{""--ball-speed"": 7, ""--kd"": 15.0, ""--kp"": 100, ""--no-plot"": null, ""--position-mode"": null, ""--serve-box"": null}",20,,,,,,,,,,,,,,0.24,no_result
exp14_pd_v2,ballspeed7__kd10.0__kp100__noplot__positionmode__servebox,"{""--ball-speed"": 7, ""--kd"": 10.0, ""--kp"": 100, ""--no-plot"": null, ""--position-mode"": null, ""--serve-box"": null}",49,True,active,0.052371,1.683754,0.052371,0.0,0.0,1.8,0.67,1.6,25.0,0.052371,1.434,1.82,
exp14_pd_v2,ballspeed7__kd15.0__kp100__noplot__positionmode__servebox,"{""--ball-speed"": 7, ""--kd"": 15.0, ""--kp"": 100, ""--no-plot"": null, ""--position-mode"": null, ""--serve-box"": null}",21,,,,,,,,,,,,,,0.23,no_result
exp14_pd_v2,ballspeed7__kd15.0__kp100__noplot__positionmode__servebox,"{""--ball-speed"": 7, ""--kd"": 15.0, ""--kp"": 100, ""--no-plot"": null, ""--position-mode"": null, ""--serve-box"": null}",10,False,miss,0.486084,1.771185,0.153645,30.0,105.0,1.79,0.7,1.5,0.0,0.486084,0.0,0.97,
exp14_pd_v2,ballspeed7__kd15.0__kp100__noplot__positionmode__servebox,"{""--ball-speed"": 7, ""--kd"": 15.0, ""--kp"": 100, ""--no-plot"": null, ""--position-mode"": null, ""--serve-box"": null}",1,False,miss,0.573707,1.782128,0.121674,35.0,105.0,1.8,0.89,1.6,0.0,0.573707,0.0,1.92,
exp14_pd_v2,ballspeed7__kd15.0__kp100__noplot__positionmode__servebox,"{""--ball-speed"": 7, ""--kd"": 15.0, ""--kp"": 100, ""--no-plot"": null, ""--position-mode"": null, ""--serve-box"": null}",17,False,miss,0.138337,1.787771,1.719776,0.0,0.0,0.66,0.55,0.5,0.0,0.138337,0.0,0.85,
exp14_pd_v2,ballspeed7__kd15.0__kp100__noplot__positionmode__servebox,"{""--ball-speed"": 7, ""--kd"": 15.0, ""--kp"": 100, ""--no-plot"": null, ""--position-mode"": null, ""--serve-box"": null}",13,True,active,0.044169,1.761892,0.044169,0.0,0.0,1.8,0.58,1.5,45.0,0.044169,1.784,1.05,
exp14_pd_v2,ballspeed7__kd15.0__kp100__noplot__positionmode__servebox,"{""--ball-speed"": 7, ""--kd"": 15.0, ""--kp"": 100, ""--no-plot"": null, ""--position-mode"": null, ""--serve-box"": null}",12,True,active,0.067047,1.758505,0.061938,0.0,0.0,1.8,0.56,1.5,35.0,0.067047,1.751,1.11,
exp14_pd_v2,ballspeed7__kd15.0__kp100__noplot__positionmode__servebox,"{""--ball-speed"": 7, ""--kd"": 15.0, ""--kp"": 100, ""--no-plot"": null, ""--position-mode"": null, ""--serve-box"": null}",8,True,active,0.036346,1.746587,0.036346,0.0,0.0,1.63,0.62,1.4,20.0,0.036346,0.887,1.85,
exp14_pd_v2,ballspeed7__kd15.0__kp100__noplot__positionmode__servebox,"{""--ball-speed"": 7, ""--kd"": 15.0, ""--kp"": 100, ""--no-plot"": null, ""--position-mode"": null, ""--serve-box"": null}",16,True,active,0.044436,1.764921,0.044436,0.0,0.0,1.8,0.57,1.5,45.0,0.044436,1.799,1.01,
exp14_pd_v2,ballspeed7__kd15.0__kp100__noplot__positionmode__servebox,"{""--ball-speed"": 7, ""--kd"": 15.0, ""--kp"": 100, ""--no-plot"": null, ""--position-mode"": null, ""--serve-box"": null}",18,True,active,0.055074,1.760906,0.052234,0.0,0.0,1.79,0.75,1.5,30.0,0.055074,1.289,0.96,
exp14_pd_v2,ballspeed7__kd15.0__kp100__noplot__positionmode__servebox,"{""--ball-speed"": 7, ""--kd"": 15.0, ""--kp"": 100, ""--no-plot"": null, ""--position-mode"": null, ""--serve-box"": null}",14,False,miss,0.5074,1.793762,0.111431,40.0,105.0,1.8,0.64,1.7,0.0,0.5074,0.0,1.17,
exp14_pd_v2,ballspeed7__kd15.0__kp100__noplot__positionmode__servebox,"{""--ball-speed"": 7, ""--kd"": 15.0, ""--kp"": 100, ""--no-plot"": null, ""--position-mode"": null, ""--serve-box"": null}",27,,,,,,,,,,,,,,0.34,no_result
exp14_pd_v2,ballspeed7__kd15.0__kp100__noplot__positionmode__servebox,"{""--ball-speed"": 7, ""--kd"": 15.0, ""--kp"": 100, ""--no-plot"": null, ""--position-mode"": null, ""--serve-box"": null}",9,True,active,0.049012,1.751796,0.049012,50.0,105.0,1.25,0.63,1.2,25.0,0.049012,0.84,1.9,
exp14_pd_v2,ballspeed7__kd15.0__kp100__noplot__positionmode__servebox,"{""--ball-speed"": 7, ""--kd"": 15.0, ""--kp"": 100, ""--no-plot"": null, ""--position-mode"": null, ""--serve-box"": null}",11,True,active,0.1252,1.786344,0.101864,0.0,0.0,1.8,0.88,1.6,45.0,0.1252,1.75,1.63,
exp14_pd_v2,ballspeed7__kd15.0__kp100__noplot__positionmode__servebox,"{""--ball-speed"": 7, ""--kd"": 15.0, ""--kp"": 100, ""--no-plot"": null, ""--position-mode"": null, ""--serve-box"": null}",23,True,active,0.053509,1.745218,0.053509,60.0,105.0,1.79,0.65,1.6,10.0,0.053509,1.696,0.93,
exp14_pd_v2,ballspeed7__kd15.0__kp100__noplot__positionmode__servebox,"{""--ball-speed"": 7, ""--kd"": 15.0, ""--kp"": 100, ""--no-plot"": null, ""--position-mode"": null, ""--serve-box"": null}",19,False,miss,0.356515,1.764437,0.085028,0.0,0.0,1.77,0.58,1.4,0.0,0.356515,0.0,1.38,
exp14_pd_v2,ballspeed7__kd15.0__kp100__noplot__positionmode__servebox,"{""--ball-speed"": 7, ""--kd"": 15.0, ""--kp"": 100, ""--no-plot"": null, ""--position-mode"": null, ""--serve-box"": null}",22,True,active,0.120979,1.766755,0.117534,0.0,0.0,1.8,0.94,1.6,65.0,0.120979,1.12,1.03,
exp14_pd_v2,ballspeed7__kd15.0__kp100__noplot__positionmode__servebox,"{""--ball-speed"": 7, ""--kd"": 15.0, ""--kp"": 100, ""--no-plot"": null, ""--position-mode"": null, ""--serve-box"": null}",25,True,active,0.066221,1.741064,0.048216,0.0,0.0,1.48,0.62,1.2,30.0,0.066221,1.278,0.92,
exp14_pd_v2,ballspeed7__kd15.0__kp100__noplot__positionmode__servebox,"{""--ball-speed"": 7, ""--kd"": 15.0, ""--kp"": 100, ""--no-plot"": null, ""--position-mode"": null, ""--serve-box"": null}",15,True,active,0.064125,1.767661,0.054165,0.0,0.0,1.45,0.62,1.2,25.0,0.064125,1.307,1.81,
exp14_pd_v2,ballspeed7__kd15.0__kp100__noplot__positionmode__servebox,"{""--ball-speed"": 7, ""--kd"": 15.0, ""--kp"": 100, ""--no-plot"": null, ""--position-mode"": null, ""--serve-box"": null}",29,False,miss,0.376157,1.756035,0.131704,0.0,0.0,1.8,0.81,1.5,0.0,0.376157,0.0,0.99,
exp14_pd_v2,ballspeed7__kd15.0__kp100__noplot__positionmode__servebox,"{""--ball-speed"": 7, ""--kd"": 15.0, ""--kp"": 100, ""--no-plot"": null, ""--position-mode"": null, ""--serve-box"": null}",30,False,miss,0.402646,1.771048,0.086691,0.0,0.0,1.79,0.62,1.4,0.0,0.402646,0.0,0.92,
exp14_pd_v2,ballspeed7__kd15.0__kp100__noplot__positionmode__servebox,"{""--ball-speed"": 7, ""--kd"": 15.0, ""--kp"": 100, ""--no-plot"": null, ""--position-mode"": null, ""--serve-box"": null}",32,False,miss,0.228434,1.750408,0.128891,0.0,0.0,1.55,0.76,1.3,0.0,0.228434,0.0,0.99,
exp14_pd_v2,ballspeed7__kd15.0__kp100__noplot__positionmode__servebox,"{""--ball-speed"": 7, ""--kd"": 15.0, ""--kp"": 100, ""--no-plot"": null, ""--position-mode"": null, ""--serve-box"": null}",34,False,miss,0.597267,1.788677,0.150483,25.0,105.0,1.8,0.69,1.6,0.0,0.597267,0.0,0.97,
exp14_pd_v2,ballspeed7__kd15.0__kp100__noplot__positionmode__servebox,"{""--ball-speed"": 7, ""--kd"": 15.0, ""--kp"": 100, ""--no-plot"": null, ""--position-mode"": null, ""--serve-box"": null}",35,True,active,0.05321,1.76877,0.048516,0.0,0.0,1.79,0.78,1.5,55.0,0.05321,1.512,0.98,
exp14_pd_v2,ballspeed7__kd15.0__kp100__noplot__positionmode__servebox,"{""--ball-speed"": 7, ""--kd"": 15.0, ""--kp"": 100, ""--no-plot"": null, ""--position-mode"": null, ""--serve-box"": null}",36,True,active,0.100513,1.750559,0.078139,0.0,0.0,1.35,0.55,1.1,5.0,0.100513,0.37,0.9,
exp14_pd_v2,ballspeed7__kd15.0__kp100__noplot__positionmode__servebox,"{""--ball-speed"": 7, ""--kd"": 15.0, ""--kp"": 100, ""--no-plot"": null, ""--position-mode"": null, ""--serve-box"": null}",24,True,active,0.04981,1.74861,0.042788,0.0,0.0,1.19,0.44,1.1,20.0,0.04981,0.662,1.72,
exp14_pd_v2,ballspeed7__kd15.0__kp100__noplot__positionmode__servebox,"{""--ball-speed"": 7, ""--kd"": 15.0, ""--kp"": 100, ""--no-plot"": null, ""--position-mode"": null, ""--serve-box"": null}",38,False,miss,0.601918,1.777479,0.130601,0.0,0.0,1.8,0.8,1.6,0.0,0.601918,0.0,0.97,
exp14_pd_v2,ballspeed7__kd15.0__kp100__noplot__positionmode__servebox,"{""--ball-speed"": 7, ""--kd"": 15.0, ""--kp"": 100, ""--no-plot"": null, ""--position-mode"": null, ""--serve-box"": null}",28,False,miss,0.530658,1.774647,0.10967,0.0,0.0,1.8,0.53,1.6,0.0,0.530658,0.0,1.63,
exp14_pd_v2,ballspeed7__kd15.0__kp100__noplot__positionmode__servebox,"{""--ball-speed"": 7, ""--kd"": 15.0, ""--kp"": 100, ""--no-plot"": null, ""--position-mode"": null, ""--serve-box"": null}",26,True,active,0.12748,1.779373,0.094901,10.0,80.0,1.8,0.87,1.7,40.0,0.12748,1.739,1.87,
exp14_pd_v2,ballspeed7__kd15.0__kp100__noplot__positionmode__servebox,"{""--ball-speed"": 7, ""--kd"": 15.0, ""--kp"": 100, ""--no-plot"": null, ""--position-mode"": null, ""--serve-box"": null}",39,False,miss,0.496584,1.762965,0.07662,0.0,0.0,1.79,0.61,1.5,0.0,0.496584,0.0,1.07,
exp14_pd_v2,ballspeed7__kd15.0__kp100__noplot__positionmode__servebox,"{""--ball-speed"": 7, ""--kd"": 15.0, ""--kp"": 100, ""--no-plot"": null, ""--position-mode"": null, ""--serve-box"": null}",41,True,active,0.113695,1.75704,0.096722,45.0,105.0,1.36,0.58,1.2,10.0,0.113695,0.972,1.03,
exp14_pd_v2,ballspeed7__kd15.0__kp100__noplot__positionmode__servebox,"{""--ball-speed"": 7, ""--kd"": 15.0, ""--kp"": 100, ""--no-plot"": null, ""--position-mode"": null, ""--serve-box"": null}",40,True,active,0.023853,1.730571,0.023853,0.0,0.0,1.68,0.51,1.1,25.0,0.023853,0.965,1.21,
exp14_pd_v2,ballspeed7__kd15.0__kp100__noplot__positionmode__servebox,"{""--ball-speed"": 7, ""--kd"": 15.0, ""--kp"": 100, ""--no-plot"": null, ""--position-mode"": null, ""--serve-box"": null}",31,True,active,0.054194,1.780851,0.044202,45.0,105.0,1.8,0.61,1.6,20.0,0.054194,1.734,1.82,
exp14_pd_v2,ballspeed7__kd15.0__kp100__noplot__positionmode__servebox,"{""--ball-speed"": 7, ""--kd"": 15.0, ""--kp"": 100, ""--no-plot"": null, ""--position-mode"": null, ""--serve-box"": null}",33,False,miss,0.408984,1.76026,0.139073,0.0,0.0,1.79,0.55,1.6,0.0,0.408984,0.0,1.81,
exp14_pd_v2,ballspeed7__kd15.0__kp100__noplot__positionmode__servebox,"{""--ball-speed"": 7, ""--kd"": 15.0, ""--kp"": 100, ""--no-plot"": null, ""--position-mode"": null, ""--serve-box"": null}",43,True,active,0.093278,1.785753,0.083704,0.0,0.0,1.8,0.69,1.6,45.0,0.093278,1.207,1.05,
exp14_pd_v2,ballspeed7__kd15.0__kp100__noplot__positionmode__servebox,"{""--ball-speed"": 7, ""--kd"": 15.0, ""--kp"": 100, ""--no-plot"": null, ""--position-mode"": null, ""--serve-box"": null}",44,True,active,0.069684,1.774715,0.067341,0.0,0.0,1.8,0.78,1.7,50.0,0.069684,1.768,1.02,
exp14_pd_v2,ballspeed7__kd15.0__kp100__noplot__positionmode__servebox,"{""--ball-speed"": 7, ""--kd"": 15.0, ""--kp"": 100, ""--no-plot"": null, ""--position-mode"": null, ""--serve-box"": null}",45,True,active,0.137042,1.767087,0.094528,25.0,75.0,1.5,0.69,1.3,10.0,0.137042,0.626,1.02,
exp14_pd_v2,ballspeed7__kd15.0__kp100__noplot__positionmode__servebox,"{""--ball-speed"": 7, ""--kd"": 15.0, ""--kp"": 100, ""--no-plot"": null, ""--position-mode"": null, ""--serve-box"": null}",37,False,miss,0.645383,1.782734,0.11095,0.0,0.0,1.79,0.61,1.6,0.0,0.645383,0.0,1.82,
exp14_pd_v2,ballspeed7__kd15.0__kp100__noplot__positionmode__servebox,"{""--ball-speed"": 7, ""--kd"": 15.0, ""--kp"": 100, ""--no-plot"": null, ""--position-mode"": null, ""--serve-box"": null}",48,True,active,0.061546,1.758456,0.054526,45.0,105.0,1.8,0.69,1.6,30.0,0.061546,1.516,0.97,
exp14_pd_v2,ballspeed7__kd15.0__kp100__noplot__positionmode__servebox,"{""--ball-speed"": 7, ""--kd"": 15.0, ""--kp"": 100, ""--no-plot"": null, ""--position-mode"": null, ""--serve-box"": null}",42,True,active,0.071292,1.774754,0.062804,0.0,0.0,1.8,0.69,1.7,45.0,0.071292,1.786,1.45,
exp14_pd_v2,ballspeed7__kd15.0__kp100__noplot__positionmode__servebox,"{""--ball-speed"": 7, ""--kd"": 15.0, ""--kp"": 100, ""--no-plot"": null, ""--position-mode"": null, ""--serve-box"": null}",46,True,active,0.140394,1.754923,0.088191,0.0,0.0,1.48,0.57,1.2,0.0,0.140394,0.573,1.02,
exp14_pd_v2,ballspeed7__kd15.0__kp100__noplot__positionmode__servebox,"{""--ball-speed"": 7, ""--kd"": 15.0, ""--kp"": 100, ""--no-plot"": null, ""--position-mode"": null, ""--serve-box"": null}",47,False,miss,0.594946,1.778798,0.171338,20.0,105.0,1.8,0.83,1.7,0.0,0.594946,0.0,1.1,
exp14_pd_v2,ballspeed7__kd15.0__kp100__noplot__positionmode__servebox,"{""--ball-speed"": 7, ""--kd"": 15.0, ""--kp"": 100, ""--no-plot"": null, ""--position-mode"": null, ""--serve-box"": null}",49,False,miss,0.371846,1.762121,0.122596,30.0,105.0,1.79,0.53,1.6,0.0,0.371846,0.0,1.02,
exp14_pd_v2,ballspeed7__kd15.0__kp100__noplot__positionmode__servebox,"{""--ball-speed"": 7, ""--kd"": 15.0, ""--kp"": 100, ""--no-plot"": null, ""--position-mode"": null, ""--serve-box"": null}",50,True,active,0.134487,1.778124,0.094864,15.0,85.0,1.8,0.91,1.6,40.0,0.134487,1.585,1.05,
exp14_pd_v2,ballspeed7__kd7.5__kp150__noplot__positionmode__servebox,"{""--ball-speed"": 7, ""--kd"": 7.5, ""--kp"": 150, ""--no-plot"": null, ""--position-mode"": null, ""--serve-box"": null}",1,False,miss,0.746962,1.8851,0.12336,0.0,0.0,1.8,0.69,2.0,0.0,0.746962,0.0,1.08,
exp14_pd_v2,ballspeed7__kd7.5__kp150__noplot__positionmode__servebox,"{""--ball-speed"": 7, ""--kd"": 7.5, ""--kp"": 150, ""--no-plot"": null, ""--position-mode"": null, ""--serve-box"": null}",2,False,miss,0.309143,1.673384,0.093981,0.0,0.0,1.79,0.96,1.8,0.0,0.309143,0.0,1.07,
exp14_pd_v2,ballspeed7__kd7.5__kp150__noplot__positionmode__servebox,"{""--ball-speed"": 7, ""--kd"": 7.5, ""--kp"": 150, ""--no-plot"": null, ""--position-mode"": null, ""--serve-box"": null}",5,True,active,0.052141,1.673995,0.052141,0.0,0.0,1.8,1.0,1.7,30.0,0.052141,1.724,0.99,
exp14_pd_v2,ballspeed7__kd7.5__kp150__noplot__positionmode__servebox,"{""--ball-speed"": 7, ""--kd"": 7.5, ""--kp"": 150, ""--no-plot"": null, ""--position-mode"": null, ""--serve-box"": null}",9,True,active,0.060743,1.673202,0.060743,50.0,105.0,1.8,1.0,1.7,15.0,0.060743,0.942,0.98,
exp14_pd_v2,ballspeed7__kd7.5__kp150__noplot__positionmode__servebox,"{""--ball-speed"": 7, ""--kd"": 7.5, ""--kp"": 150, ""--no-plot"": null, ""--position-mode"": null, ""--serve-box"": null}",13,True,active,0.041887,1.623237,0.041887,0.0,0.0,1.79,0.84,1.4,20.0,0.041887,1.636,0.93,
exp14_pd_v2,ballspeed7__kd7.5__kp150__noplot__positionmode__servebox,"{""--ball-speed"": 7, ""--kd"": 7.5, ""--kp"": 150, ""--no-plot"": null, ""--position-mode"": null, ""--serve-box"": null}",11,False,miss,0.821144,1.84063,0.156833,0.0,0.0,1.8,0.98,1.8,0.0,0.821144,0.0,0.96,
exp14_pd_v2,ballspeed7__kd7.5__kp150__noplot__positionmode__servebox,"{""--ball-speed"": 7, ""--kd"": 7.5, ""--kp"": 150, ""--no-plot"": null, ""--position-mode"": null, ""--serve-box"": null}",10,False,miss,0.510446,1.724268,0.114748,0.0,0.0,1.8,0.88,1.8,0.0,0.510446,0.0,1.04,
exp14_pd_v2,ballspeed7__kd7.5__kp150__noplot__positionmode__servebox,"{""--ball-speed"": 7, ""--kd"": 7.5, ""--kp"": 150, ""--no-plot"": null, ""--position-mode"": null, ""--serve-box"": null}",12,True,active,0.071799,1.659486,0.050963,0.0,0.0,1.78,0.99,1.5,15.0,0.071799,1.655,1.03,
exp14_pd_v2,ballspeed7__kd7.5__kp150__noplot__positionmode__servebox,"{""--ball-speed"": 7, ""--kd"": 7.5, ""--kp"": 150, ""--no-plot"": null, ""--position-mode"": null, ""--serve-box"": null}",20,,,,,,,,,,,,,,0.22,no_result
exp14_pd_v2,ballspeed7__kd7.5__kp150__noplot__positionmode__servebox,"{""--ball-speed"": 7, ""--kd"": 7.5, ""--kp"": 150, ""--no-plot"": null, ""--position-mode"": null, ""--serve-box"": null}",15,True,active,0.103251,1.77059,0.07831,0.0,0.0,1.79,0.98,1.6,5.0,0.103251,1.731,0.9,
exp14_pd_v2,ballspeed7__kd7.5__kp150__noplot__positionmode__servebox,"{""--ball-speed"": 7, ""--kd"": 7.5, ""--kp"": 150, ""--no-plot"": null, ""--position-mode"": null, ""--serve-box"": null}",14,True,active,0.075384,1.722602,0.060689,40.0,105.0,1.8,0.97,1.6,15.0,0.075384,1.634,1.04,
exp14_pd_v2,ballspeed7__kd7.5__kp150__noplot__positionmode__servebox,"{""--ball-speed"": 7, ""--kd"": 7.5, ""--kp"": 150, ""--no-plot"": null, ""--position-mode"": null, ""--serve-box"": null}",21,,,,,,,,,,,,,,0.22,no_result
exp14_pd_v2,ballspeed7__kd7.5__kp150__noplot__positionmode__servebox,"{""--ball-speed"": 7, ""--kd"": 7.5, ""--kp"": 150, ""--no-plot"": null, ""--position-mode"": null, ""--serve-box"": null}",4,True,active,0.04112,1.71127,0.04112,0.0,0.0,1.8,1.0,1.5,20.0,0.04112,1.797,1.81,
exp14_pd_v2,ballspeed7__kd7.5__kp150__noplot__positionmode__servebox,"{""--ball-speed"": 7, ""--kd"": 7.5, ""--kp"": 150, ""--no-plot"": null, ""--position-mode"": null, ""--serve-box"": null}",3,True,active,0.121676,1.94238,0.088954,0.0,0.0,1.8,0.99,2.0,45.0,0.121676,1.771,1.97,
exp14_pd_v2,ballspeed7__kd7.5__kp150__noplot__positionmode__servebox,"{""--ball-speed"": 7, ""--kd"": 7.5, ""--kp"": 150, ""--no-plot"": null, ""--position-mode"": null, ""--serve-box"": null}",19,False,miss,0.463774,1.645386,0.083547,0.0,0.0,1.79,0.91,1.5,0.0,0.463774,0.0,0.92,
exp14_pd_v2,ballspeed7__kd7.5__kp150__noplot__positionmode__servebox,"{""--ball-speed"": 7, ""--kd"": 7.5, ""--kp"": 150, ""--no-plot"": null, ""--position-mode"": null, ""--serve-box"": null}",6,False,miss,0.445481,1.703222,0.116828,40.0,40.0,1.79,1.0,1.6,0.0,0.445481,0.0,1.94,
exp14_pd_v2,ballspeed7__kd7.5__kp150__noplot__positionmode__servebox,"{""--ball-speed"": 7, ""--kd"": 7.5, ""--kp"": 150, ""--no-plot"": null, ""--position-mode"": null, ""--serve-box"": null}",7,True,active,0.155933,1.719434,0.085448,0.0,0.0,1.79,0.99,1.6,15.0,0.155933,1.459,1.86,
exp14_pd_v2,ballspeed7__kd7.5__kp150__noplot__positionmode__servebox,"{""--ball-speed"": 7, ""--kd"": 7.5, ""--kp"": 150, ""--no-plot"": null, ""--position-mode"": null, ""--serve-box"": null}",27,,,,,,,,,,,,,,0.37,no_result
exp14_pd_v2,ballspeed7__kd7.5__kp150__noplot__positionmode__servebox,"{""--ball-speed"": 7, ""--kd"": 7.5, ""--kp"": 150, ""--no-plot"": null, ""--position-mode"": null, ""--serve-box"": null}",17,False,miss,0.013174,1.845046,1.794187,0.0,0.0,0.87,0.98,0.7,0.0,0.013174,0.0,1.18,
exp14_pd_v2,ballspeed7__kd7.5__kp150__noplot__positionmode__servebox,"{""--ball-speed"": 7, ""--kd"": 7.5, ""--kp"": 150, ""--no-plot"": null, ""--position-mode"": null, ""--serve-box"": null}",8,False,miss,0.324205,1.68085,0.122017,0.0,0.0,1.67,1.0,1.6,0.0,0.324205,0.0,1.81,
exp14_pd_v2,ballspeed7__kd7.5__kp150__noplot__positionmode__servebox,"{""--ball-speed"": 7, ""--kd"": 7.5, ""--kp"": 150, ""--no-plot"": null, ""--position-mode"": null, ""--serve-box"": null}",18,False,miss,0.500225,1.723431,0.110725,0.0,0.0,1.8,0.92,1.7,0.0,0.500225,0.0,1.17,
exp14_pd_v2,ballspeed7__kd7.5__kp150__noplot__positionmode__servebox,"{""--ball-speed"": 7, ""--kd"": 7.5, ""--kp"": 150, ""--no-plot"": null, ""--position-mode"": null, ""--serve-box"": null}",23,True,active,0.063214,1.725861,0.047088,40.0,100.0,1.78,0.98,1.7,25.0,0.063214,1.765,0.95,
exp14_pd_v2,ballspeed7__kd7.5__kp150__noplot__positionmode__servebox,"{""--ball-speed"": 7, ""--kd"": 7.5, ""--kp"": 150, ""--no-plot"": null, ""--position-mode"": null, ""--serve-box"": null}",22,False,miss,0.858617,1.896996,0.155226,0.0,0.0,1.8,0.92,1.8,0.0,0.858617,0.0,1.0,
exp14_pd_v2,ballspeed7__kd7.5__kp150__noplot__positionmode__servebox,"{""--ball-speed"": 7, ""--kd"": 7.5, ""--kp"": 150, ""--no-plot"": null, ""--position-mode"": null, ""--serve-box"": null}",29,False,miss,0.534044,1.765727,0.214634,0.0,0.0,1.8,0.99,1.8,0.0,0.534044,0.0,0.96,
exp14_pd_v2,ballspeed7__kd7.5__kp150__noplot__positionmode__servebox,"{""--ball-speed"": 7, ""--kd"": 7.5, ""--kp"": 150, ""--no-plot"": null, ""--position-mode"": null, ""--serve-box"": null}",32,False,miss,0.150961,1.779295,4.160027,0.0,0.0,1.24,1.0,1.0,0.0,0.150961,0.0,0.79,
exp14_pd_v2,ballspeed7__kd7.5__kp150__noplot__positionmode__servebox,"{""--ball-speed"": 7, ""--kd"": 7.5, ""--kp"": 150, ""--no-plot"": null, ""--position-mode"": null, ""--serve-box"": null}",25,True,active,0.091863,1.720928,0.071274,0.0,0.0,1.79,0.92,1.7,25.0,0.091863,1.449,1.21,
exp14_pd_v2,ballspeed7__kd7.5__kp150__noplot__positionmode__servebox,"{""--ball-speed"": 7, ""--kd"": 7.5, ""--kp"": 150, ""--no-plot"": null, ""--position-mode"": null, ""--serve-box"": null}",16,True,active,0.107674,1.760384,0.091179,0.0,0.0,1.8,0.93,1.7,50.0,0.107674,1.796,2.03,
exp14_pd_v2,ballspeed7__kd7.5__kp150__noplot__positionmode__servebox,"{""--ball-speed"": 7, ""--kd"": 7.5, ""--kp"": 150, ""--no-plot"": null, ""--position-mode"": null, ""--serve-box"": null}",31,False,miss,0.421504,1.679765,0.1148,40.0,105.0,1.64,0.99,1.5,0.0,0.421504,0.0,0.92,
exp14_pd_v2,ballspeed7__kd7.5__kp150__noplot__positionmode__servebox,"{""--ball-speed"": 7, ""--kd"": 7.5, ""--kp"": 150, ""--no-plot"": null, ""--position-mode"": null, ""--serve-box"": null}",24,True,active,0.042693,1.663751,0.042693,0.0,0.0,1.52,1.0,1.5,10.0,0.042693,1.522,1.35,
exp14_pd_v2,ballspeed7__kd7.5__kp150__noplot__positionmode__servebox,"{""--ball-speed"": 7, ""--kd"": 7.5, ""--kp"": 150, ""--no-plot"": null, ""--position-mode"": null, ""--serve-box"": null}",30,True,active,0.097191,1.701559,0.026359,0.0,0.0,1.67,0.93,1.4,35.0,0.097191,1.51,1.1,
exp14_pd_v2,ballspeed7__kd7.5__kp150__noplot__positionmode__servebox,"{""--ball-speed"": 7, ""--kd"": 7.5, ""--kp"": 150, ""--no-plot"": null, ""--position-mode"": null, ""--serve-box"": null}",34,True,active,0.057093,1.786256,0.048514,0.0,0.0,1.81,0.91,1.7,50.0,0.057093,1.769,0.98,
exp14_pd_v2,ballspeed7__kd7.5__kp150__noplot__positionmode__servebox,"{""--ball-speed"": 7, ""--kd"": 7.5, ""--kp"": 150, ""--no-plot"": null, ""--position-mode"": null, ""--serve-box"": null}",33,True,active,0.088429,1.674893,0.040396,0.0,0.0,1.8,1.0,1.4,35.0,0.088429,0.731,1.22,
exp14_pd_v2,ballspeed7__kd7.5__kp150__noplot__positionmode__servebox,"{""--ball-speed"": 7, ""--kd"": 7.5, ""--kp"": 150, ""--no-plot"": null, ""--position-mode"": null, ""--serve-box"": null}",37,True,active,0.106951,1.708018,0.065334,0.0,0.0,1.8,0.91,1.6,45.0,0.106951,1.777,1.41,
exp14_pd_v2,ballspeed7__kd7.5__kp150__noplot__positionmode__servebox,"{""--ball-speed"": 7, ""--kd"": 7.5, ""--kp"": 150, ""--no-plot"": null, ""--position-mode"": null, ""--serve-box"": null}",28,True,active,0.15403,1.716548,0.094491,0.0,0.0,1.8,0.97,1.5,10.0,0.15403,1.369,1.83,
exp14_pd_v2,ballspeed7__kd7.5__kp150__noplot__positionmode__servebox,"{""--ball-speed"": 7, ""--kd"": 7.5, ""--kp"": 150, ""--no-plot"": null, ""--position-mode"": null, ""--serve-box"": null}",35,True,active,0.08215,1.77583,0.06934,0.0,0.0,1.8,0.87,1.7,50.0,0.08215,1.417,1.52,
exp14_pd_v2,ballspeed7__kd7.5__kp150__noplot__positionmode__servebox,"{""--ball-speed"": 7, ""--kd"": 7.5, ""--kp"": 150, ""--no-plot"": null, ""--position-mode"": null, ""--serve-box"": null}",26,True,active,0.112517,1.725956,0.052544,0.0,0.0,1.8,0.92,1.6,70.0,0.112517,1.799,1.95,
exp14_pd_v2,ballspeed7__kd7.5__kp150__noplot__positionmode__servebox,"{""--ball-speed"": 7, ""--kd"": 7.5, ""--kp"": 150, ""--no-plot"": null, ""--position-mode"": null, ""--serve-box"": null}",39,True,active,0.095005,1.634656,0.045266,0.0,0.0,1.78,0.99,1.4,25.0,0.095005,1.228,1.19,
exp14_pd_v2,ballspeed7__kd7.5__kp150__noplot__positionmode__servebox,"{""--ball-speed"": 7, ""--kd"": 7.5, ""--kp"": 150, ""--no-plot"": null, ""--position-mode"": null, ""--serve-box"": null}",40,True,active,0.079512,1.693654,0.056211,0.0,0.0,1.78,1.0,1.7,20.0,0.079512,1.719,0.95,
exp14_pd_v2,ballspeed7__kd7.5__kp150__noplot__positionmode__servebox,"{""--ball-speed"": 7, ""--kd"": 7.5, ""--kp"": 150, ""--no-plot"": null, ""--position-mode"": null, ""--serve-box"": null}",41,True,passive,0.038655,1.663791,0.038655,50.0,105.0,1.32,0.76,1.1,10.0,0.038655,0.287,0.98,
exp14_pd_v2,ballspeed7__kd7.5__kp150__noplot__positionmode__servebox,"{""--ball-speed"": 7, ""--kd"": 7.5, ""--kp"": 150, ""--no-plot"": null, ""--position-mode"": null, ""--serve-box"": null}",38,True,active,0.090601,1.737717,0.071961,0.0,0.0,1.8,0.99,1.5,30.0,0.090601,1.675,1.38,
exp14_pd_v2,ballspeed7__kd7.5__kp150__noplot__positionmode__servebox,"{""--ball-speed"": 7, ""--kd"": 7.5, ""--kp"": 150, ""--no-plot"": null, ""--position-mode"": null, ""--serve-box"": null}",36,True,active,0.050234,1.752729,0.046084,0.0,0.0,1.8,1.0,1.8,35.0,0.050234,1.794,1.82,
exp14_pd_v2,ballspeed7__kd7.5__kp150__noplot__positionmode__servebox,"{""--ball-speed"": 7, ""--kd"": 7.5, ""--kp"": 150, ""--no-plot"": null, ""--position-mode"": null, ""--serve-box"": null}",44,False,miss,0.75366,1.841095,0.110435,0.0,0.0,1.8,0.83,1.7,0.0,0.75366,0.0,1.03,
exp14_pd_v2,ballspeed7__kd7.5__kp150__noplot__positionmode__servebox,"{""--ball-speed"": 7, ""--kd"": 7.5, ""--kp"": 150, ""--no-plot"": null, ""--position-mode"": null, ""--serve-box"": null}",45,True,active,0.038897,1.792862,0.038897,45.0,105.0,1.79,0.86,1.6,20.0,0.038897,1.631,1.08,
exp14_pd_v2,ballspeed7__kd7.5__kp150__noplot__positionmode__servebox,"{""--ball-speed"": 7, ""--kd"": 7.5, ""--kp"": 150, ""--no-plot"": null, ""--position-mode"": null, ""--serve-box"": null}",48,True,active,0.065241,1.712652,0.05864,40.0,105.0,1.78,0.99,1.6,15.0,0.065241,1.752,0.9,
exp14_pd_v2,ballspeed7__kd7.5__kp150__noplot__positionmode__servebox,"{""--ball-speed"": 7, ""--kd"": 7.5, ""--kp"": 150, ""--no-plot"": null, ""--position-mode"": null, ""--serve-box"": null}",46,False,miss,0.521263,1.732532,0.099554,0.0,0.0,1.8,0.96,1.8,0.0,0.521263,0.0,1.23,
exp14_pd_v2,ballspeed7__kd7.5__kp150__noplot__positionmode__servebox,"{""--ball-speed"": 7, ""--kd"": 7.5, ""--kp"": 150, ""--no-plot"": null, ""--position-mode"": null, ""--serve-box"": null}",42,True,active,0.089204,1.707282,0.064806,0.0,0.0,1.8,0.94,1.6,40.0,0.089204,1.774,1.58,
exp14_pd_v2,ballspeed7__kd7.5__kp150__noplot__positionmode__servebox,"{""--ball-speed"": 7, ""--kd"": 7.5, ""--kp"": 150, ""--no-plot"": null, ""--position-mode"": null, ""--serve-box"": null}",49,True,active,0.028339,1.682083,0.028339,40.0,105.0,1.67,1.0,1.3,10.0,0.028339,1.555,1.02,
exp14_pd_v2,ballspeed7__kd12.0__kp150__noplot__positionmode__servebox,"{""--ball-speed"": 7, ""--kd"": 12.0, ""--kp"": 150, ""--no-plot"": null, ""--position-mode"": null, ""--serve-box"": null}",2,False,miss,0.40389,1.723923,0.155906,0.0,0.0,1.55,0.79,1.2,0.0,0.40389,0.0,1.0,
exp14_pd_v2,ballspeed7__kd7.5__kp150__noplot__positionmode__servebox,"{""--ball-speed"": 7, ""--kd"": 7.5, ""--kp"": 150, ""--no-plot"": null, ""--position-mode"": null, ""--serve-box"": null}",47,True,active,0.048235,1.728791,0.048235,40.0,105.0,1.79,0.98,1.5,35.0,0.048235,1.784,1.61,
exp14_pd_v2,ballspeed7__kd7.5__kp150__noplot__positionmode__servebox,"{""--ball-speed"": 7, ""--kd"": 7.5, ""--kp"": 150, ""--no-plot"": null, ""--position-mode"": null, ""--serve-box"": null}",43,True,active,0.087383,1.709872,0.046711,0.0,0.0,1.79,0.97,1.6,35.0,0.087383,1.51,1.81,
exp14_pd_v2,ballspeed7__kd12.0__kp150__noplot__positionmode__servebox,"{""--ball-speed"": 7, ""--kd"": 12.0, ""--kp"": 150, ""--no-plot"": null, ""--position-mode"": null, ""--serve-box"": null}",5,True,active,0.047143,1.734615,0.046302,0.0,0.0,1.8,0.64,1.6,30.0,0.047143,1.558,0.93,
exp14_pd_v2,ballspeed7__kd12.0__kp150__noplot__positionmode__servebox,"{""--ball-speed"": 7, ""--kd"": 12.0, ""--kp"": 150, ""--no-plot"": null, ""--position-mode"": null, ""--serve-box"": null}",7,True,active,0.115289,1.746496,0.075352,0.0,0.0,1.79,0.66,1.5,20.0,0.115289,1.21,0.94,
exp14_pd_v2,ballspeed7__kd12.0__kp150__noplot__positionmode__servebox,"{""--ball-speed"": 7, ""--kd"": 12.0, ""--kp"": 150, ""--no-plot"": null, ""--position-mode"": null, ""--serve-box"": null}",6,False,miss,0.458829,1.726959,0.113976,0.0,0.0,1.79,0.86,1.5,0.0,0.458829,0.0,1.0,
exp14_pd_v2,ballspeed7__kd12.0__kp150__noplot__positionmode__servebox,"{""--ball-speed"": 7, ""--kd"": 12.0, ""--kp"": 150, ""--no-plot"": null, ""--position-mode"": null, ""--serve-box"": null}",4,True,active,0.036357,1.75634,0.036357,0.0,0.0,1.79,0.7,1.7,30.0,0.036357,1.794,1.28,
exp14_pd_v2,ballspeed7__kd12.0__kp150__noplot__positionmode__servebox,"{""--ball-speed"": 7, ""--kd"": 12.0, ""--kp"": 150, ""--no-plot"": null, ""--position-mode"": null, ""--serve-box"": null}",1,False,miss,0.654751,1.790729,0.129897,30.0,105.0,1.8,0.66,1.6,0.0,0.654751,0.0,1.42,
exp14_pd_v2,ballspeed7__kd7.5__kp150__noplot__positionmode__servebox,"{""--ball-speed"": 7, ""--kd"": 7.5, ""--kp"": 150, ""--no-plot"": null, ""--position-mode"": null, ""--serve-box"": null}",50,True,active,0.127662,1.796664,0.099487,5.0,80.0,1.79,0.92,1.5,45.0,0.127662,1.701,1.59,
exp14_pd_v2,ballspeed7__kd12.0__kp150__noplot__positionmode__servebox,"{""--ball-speed"": 7, ""--kd"": 12.0, ""--kp"": 150, ""--no-plot"": null, ""--position-mode"": null, ""--serve-box"": null}",21,,,,,,,,,,,,,,0.21,no_result
exp14_pd_v2,ballspeed7__kd12.0__kp150__noplot__positionmode__servebox,"{""--ball-speed"": 7, ""--kd"": 12.0, ""--kp"": 150, ""--no-plot"": null, ""--position-mode"": null, ""--serve-box"": null}",20,,,,,,,,,,,,,,0.25,no_result
exp14_pd_v2,ballspeed7__kd12.0__kp150__noplot__positionmode__servebox,"{""--ball-speed"": 7, ""--kd"": 12.0, ""--kp"": 150, ""--no-plot"": null, ""--position-mode"": null, ""--serve-box"": null}",11,True,active,0.097887,1.806036,0.089612,0.0,0.0,1.8,0.91,1.8,50.0,0.097887,1.712,1.01,
exp14_pd_v2,ballspeed7__kd12.0__kp150__noplot__positionmode__servebox,"{""--ball-speed"": 7, ""--kd"": 12.0, ""--kp"": 150, ""--no-plot"": null, ""--position-mode"": null, ""--serve-box"": null}",3,False,miss,0.719711,1.824744,0.163504,15.0,95.0,1.8,0.81,1.9,0.0,0.719711,0.0,1.57,
exp14_pd_v2,ballspeed7__kd12.0__kp150__noplot__positionmode__servebox,"{""--ball-speed"": 7, ""--kd"": 12.0, ""--kp"": 150, ""--no-plot"": null, ""--position-mode"": null, ""--serve-box"": null}",9,True,active,0.094139,1.72753,0.01156,0.0,0.0,1.5,0.72,1.3,30.0,0.094139,0.379,1.3,
exp14_pd_v2,ballspeed7__kd12.0__kp150__noplot__positionmode__servebox,"{""--ball-speed"": 7, ""--kd"": 12.0, ""--kp"": 150, ""--no-plot"": null, ""--position-mode"": null, ""--serve-box"": null}",8,False,miss,0.023081,1.833491,2.134571,0.0,0.0,0.67,0.56,0.6,0.0,0.023081,0.0,1.45,
exp14_pd_v2,ballspeed7__kd12.0__kp150__noplot__positionmode__servebox,"{""--ball-speed"": 7, ""--kd"": 12.0, ""--kp"": 150, ""--no-plot"": null, ""--position-mode"": null, ""--serve-box"": null}",13,True,active,0.05938,1.73637,0.046356,0.0,0.0,1.79,0.77,1.5,35.0,0.05938,1.536,0.96,
exp14_pd_v2,ballspeed7__kd12.0__kp150__noplot__positionmode__servebox,"{""--ball-speed"": 7, ""--kd"": 12.0, ""--kp"": 150, ""--no-plot"": null, ""--position-mode"": null, ""--serve-box"": null}",27,,,,,,,,,,,,,,0.24,no_result
exp14_pd_v2,ballspeed7__kd12.0__kp150__noplot__positionmode__servebox,"{""--ball-speed"": 7, ""--kd"": 12.0, ""--kp"": 150, ""--no-plot"": null, ""--position-mode"": null, ""--serve-box"": null}",14,True,active,0.128652,1.763075,0.088284,10.0,65.0,1.8,0.64,1.8,20.0,0.128652,1.582,1.0,
exp14_pd_v2,ballspeed7__kd12.0__kp150__noplot__positionmode__servebox,"{""--ball-speed"": 7, ""--kd"": 12.0, ""--kp"": 150, ""--no-plot"": null, ""--position-mode"": null, ""--serve-box"": null}",10,False,miss,0.590633,1.742552,0.09896,0.0,0.0,1.8,0.69,1.6,0.0,0.590633,0.0,1.55,
exp14_pd_v2,ballspeed7__kd12.0__kp150__noplot__positionmode__servebox,"{""--ball-speed"": 7, ""--kd"": 12.0, ""--kp"": 150, ""--no-plot"": null, ""--position-mode"": null, ""--serve-box"": null}",17,True,active,0.089781,1.731337,0.042486,0.0,0.0,1.57,0.92,1.3,25.0,0.089781,1.168,0.98,
exp14_pd_v2,ballspeed7__kd12.0__kp150__noplot__positionmode__servebox,"{""--ball-speed"": 7, ""--kd"": 12.0, ""--kp"": 150, ""--no-plot"": null, ""--position-mode"": null, ""--serve-box"": null}",16,True,active,0.109908,1.750051,0.077495,0.0,0.0,1.8,0.91,1.5,30.0,0.109908,1.506,1.19,
exp14_pd_v2,ballspeed7__kd12.0__kp150__noplot__positionmode__servebox,"{""--ball-speed"": 7, ""--kd"": 12.0, ""--kp"": 150, ""--no-plot"": null, ""--position-mode"": null, ""--serve-box"": null}",19,False,miss,0.465116,1.737085,0.09362,0.0,0.0,1.8,0.86,1.6,0.0,0.465116,0.0,1.01,
exp14_pd_v2,ballspeed7__kd12.0__kp150__noplot__positionmode__servebox,"{""--ball-speed"": 7, ""--kd"": 12.0, ""--kp"": 150, ""--no-plot"": null, ""--position-mode"": null, ""--serve-box"": null}",12,False,miss,0.620915,1.757707,0.15596,0.0,0.0,1.8,0.73,1.6,0.0,0.620915,0.0,1.61,
exp14_pd_v2,ballspeed7__kd12.0__kp150__noplot__positionmode__servebox,"{""--ball-speed"": 7, ""--kd"": 12.0, ""--kp"": 150, ""--no-plot"": null, ""--position-mode"": null, ""--serve-box"": null}",24,True,active,0.01271,1.754251,0.01271,45.0,105.0,1.57,0.74,1.3,25.0,0.01271,0.766,0.93,
exp14_pd_v2,ballspeed7__kd12.0__kp150__noplot__positionmode__servebox,"{""--ball-speed"": 7, ""--kd"": 12.0, ""--kp"": 150, ""--no-plot"": null, ""--position-mode"": null, ""--serve-box"": null}",15,False,miss,0.383091,1.736381,0.101671,0.0,0.0,1.78,0.75,1.4,0.0,0.383091,0.0,1.56,
exp14_pd_v2,ballspeed7__kd12.0__kp150__noplot__positionmode__servebox,"{""--ball-speed"": 7, ""--kd"": 12.0, ""--kp"": 150, ""--no-plot"": null, ""--position-mode"": null, ""--serve-box"": null}",25,True,active,0.050628,1.758327,0.050628,0.0,0.0,1.79,0.69,1.7,35.0,0.050628,1.748,0.95,
exp14_pd_v2,ballspeed7__kd12.0__kp150__noplot__positionmode__servebox,"{""--ball-speed"": 7, ""--kd"": 12.0, ""--kp"": 150, ""--no-plot"": null, ""--position-mode"": null, ""--serve-box"": null}",23,True,active,0.035574,1.748747,0.019074,0.0,0.0,1.79,0.74,1.3,5.0,0.035574,0.986,1.03,
exp14_pd_v2,ballspeed7__kd12.0__kp150__noplot__positionmode__servebox,"{""--ball-speed"": 7, ""--kd"": 12.0, ""--kp"": 150, ""--no-plot"": null, ""--position-mode"": null, ""--serve-box"": null}",26,True,active,0.11554,1.778683,0.096273,0.0,0.0,1.8,0.8,1.5,45.0,0.11554,1.723,1.09,
exp14_pd_v2,ballspeed7__kd12.0__kp150__noplot__positionmode__servebox,"{""--ball-speed"": 7, ""--kd"": 12.0, ""--kp"": 150, ""--no-plot"": null, ""--position-mode"": null, ""--serve-box"": null}",29,True,active,0.098936,1.720839,0.069101,0.0,0.0,1.8,0.65,1.6,20.0,0.098936,1.611,0.92,
exp14_pd_v2,ballspeed7__kd12.0__kp150__noplot__positionmode__servebox,"{""--ball-speed"": 7, ""--kd"": 12.0, ""--kp"": 150, ""--no-plot"": null, ""--position-mode"": null, ""--serve-box"": null}",31,True,active,0.051773,1.762173,0.051773,0.0,0.0,1.8,0.76,1.6,40.0,0.051773,1.671,0.93,
exp14_pd_v2,ballspeed7__kd12.0__kp150__noplot__positionmode__servebox,"{""--ball-speed"": 7, ""--kd"": 12.0, ""--kp"": 150, ""--no-plot"": null, ""--position-mode"": null, ""--serve-box"": null}",18,True,active,0.039545,1.751933,0.039545,0.0,0.0,1.79,0.71,1.6,35.0,0.039545,1.789,1.69,
exp14_pd_v2,ballspeed7__kd12.0__kp150__noplot__positionmode__servebox,"{""--ball-speed"": 7, ""--kd"": 12.0, ""--kp"": 150, ""--no-plot"": null, ""--position-mode"": null, ""--serve-box"": null}",32,False,miss,0.285359,1.747103,0.130894,0.0,0.0,1.33,0.93,1.1,0.0,0.285359,0.0,0.98,
exp14_pd_v2,ballspeed7__kd12.0__kp150__noplot__positionmode__servebox,"{""--ball-speed"": 7, ""--kd"": 12.0, ""--kp"": 150, ""--no-plot"": null, ""--position-mode"": null, ""--serve-box"": null}",33,True,active,0.082635,1.737659,0.034572,0.0,0.0,1.79,0.66,1.3,35.0,0.082635,0.831,1.11,
exp14_pd_v2,ballspeed7__kd12.0__kp150__noplot__positionmode__servebox,"{""--ball-speed"": 7, ""--kd"": 12.0, ""--kp"": 150, ""--no-plot"": null, ""--position-mode"": null, ""--serve-box"": null}",22,True,active,0.090148,1.767236,0.083855,0.0,0.0,1.8,0.69,1.7,55.0,0.090148,1.694,1.85,
exp14_pd_v2,ballspeed7__kd12.0__kp150__noplot__positionmode__servebox,"{""--ball-speed"": 7, ""--kd"": 12.0, ""--kp"": 150, ""--no-plot"": null, ""--position-mode"": null, ""--serve-box"": null}",37,True,active,0.042126,1.76721,0.042126,0.0,0.0,1.8,0.7,1.6,35.0,0.042126,1.562,1.01,
exp14_pd_v2,ballspeed7__kd12.0__kp150__noplot__positionmode__servebox,"{""--ball-speed"": 7, ""--kd"": 12.0, ""--kp"": 150, ""--no-plot"": null, ""--position-mode"": null, ""--serve-box"": null}",30,True,active,0.119159,1.763053,0.07907,0.0,0.0,1.29,0.91,1.0,10.0,0.119159,0.388,1.7,
exp14_pd_v2,ballspeed7__kd12.0__kp150__noplot__positionmode__servebox,"{""--ball-speed"": 7, ""--kd"": 12.0, ""--kp"": 150, ""--no-plot"": null, ""--position-mode"": null, ""--serve-box"": null}",28,True,active,0.061515,1.759548,0.061515,0.0,0.0,1.79,0.74,1.7,30.0,0.061515,1.708,1.9,
exp14_pd_v2,ballspeed7__kd12.0__kp150__noplot__positionmode__servebox,"{""--ball-speed"": 7, ""--kd"": 12.0, ""--kp"": 150, ""--no-plot"": null, ""--position-mode"": null, ""--serve-box"": null}",39,True,active,0.077989,1.684178,0.04676,0.0,0.0,1.79,0.69,1.6,35.0,0.077989,1.794,1.05,
exp14_pd_v2,ballspeed7__kd12.0__kp150__noplot__positionmode__servebox,"{""--ball-speed"": 7, ""--kd"": 12.0, ""--kp"": 150, ""--no-plot"": null, ""--position-mode"": null, ""--serve-box"": null}",41,True,active,0.129385,1.759814,0.096449,35.0,90.0,1.79,0.7,1.7,20.0,0.129385,1.792,1.02,
exp14_pd_v2,ballspeed7__kd12.0__kp150__noplot__positionmode__servebox,"{""--ball-speed"": 7, ""--kd"": 12.0, ""--kp"": 150, ""--no-plot"": null, ""--position-mode"": null, ""--serve-box"": null}",35,True,active,0.091302,1.779932,0.085941,0.0,0.0,1.8,0.87,1.7,60.0,0.091302,1.671,1.59,
exp14_pd_v2,ballspeed7__kd12.0__kp150__noplot__positionmode__servebox,"{""--ball-speed"": 7, ""--kd"": 12.0, ""--kp"": 150, ""--no-plot"": null, ""--position-mode"": null, ""--serve-box"": null}",42,True,active,0.104476,1.738353,0.038978,0.0,0.0,1.8,0.81,1.6,60.0,0.104476,0.861,1.04,
exp14_pd_v2,ballspeed7__kd12.0__kp150__noplot__positionmode__servebox,"{""--ball-speed"": 7, ""--kd"": 12.0, ""--kp"": 150, ""--no-plot"": null, ""--position-mode"": null, ""--serve-box"": null}",34,False,miss,0.625695,1.799037,0.099404,0.0,0.0,1.8,0.65,1.8,0.0,0.625695,0.0,1.68,
exp14_pd_v2,ballspeed7__kd12.0__kp150__noplot__positionmode__servebox,"{""--ball-speed"": 7, ""--kd"": 12.0, ""--kp"": 150, ""--no-plot"": null, ""--position-mode"": null, ""--serve-box"": null}",40,False,miss,0.374987,1.775582,0.111057,0.0,0.0,1.78,0.78,1.5,0.0,0.374987,0.0,1.3,
exp14_pd_v2,ballspeed7__kd12.0__kp150__noplot__positionmode__servebox,"{""--ball-speed"": 7, ""--kd"": 12.0, ""--kp"": 150, ""--no-plot"": null, ""--position-mode"": null, ""--serve-box"": null}",44,False,miss,0.750799,1.793336,0.164851,0.0,0.0,1.8,0.84,1.8,0.0,0.750799,0.0,1.14,
exp14_pd_v2,ballspeed7__kd12.0__kp150__noplot__positionmode__servebox,"{""--ball-speed"": 7, ""--kd"": 12.0, ""--kp"": 150, ""--no-plot"": null, ""--position-mode"": null, ""--serve-box"": null}",36,True,active,0.052265,1.750869,0.048146,0.0,0.0,1.75,0.77,1.3,35.0,0.052265,1.353,1.7,
exp14_pd_v2,ballspeed7__kd12.0__kp150__noplot__positionmode__servebox,"{""--ball-speed"": 7, ""--kd"": 12.0, ""--kp"": 150, ""--no-plot"": null, ""--position-mode"": null, ""--serve-box"": null}",38,True,active,0.080586,1.750801,0.034897,0.0,0.0,1.8,0.7,1.7,35.0,0.080586,1.757,1.55,
exp14_pd_v2,ballspeed7__kd12.0__kp150__noplot__positionmode__servebox,"{""--ball-speed"": 7, ""--kd"": 12.0, ""--kp"": 150, ""--no-plot"": null, ""--position-mode"": null, ""--serve-box"": null}",45,False,miss,0.64987,1.764684,0.093383,0.0,0.0,1.8,0.72,1.8,0.0,0.64987,0.0,1.16,
exp14_pd_v2,ballspeed7__kd12.0__kp150__noplot__positionmode__servebox,"{""--ball-speed"": 7, ""--kd"": 12.0, ""--kp"": 150, ""--no-plot"": null, ""--position-mode"": null, ""--serve-box"": null}",46,True,passive,0.041762,1.731394,0.041762,0.0,0.0,1.14,0.65,0.9,15.0,0.041762,0.163,1.15,
exp14_pd_v2,ballspeed7__kd12.0__kp150__noplot__positionmode__servebox,"{""--ball-speed"": 7, ""--kd"": 12.0, ""--kp"": 150, ""--no-plot"": null, ""--position-mode"": null, ""--serve-box"": null}",43,False,miss,0.632301,1.762605,0.095978,0.0,0.0,1.79,0.71,1.7,0.0,0.632301,0.0,1.53,
exp14_pd_v2,ballspeed7__kd12.0__kp150__noplot__positionmode__servebox,"{""--ball-speed"": 7, ""--kd"": 12.0, ""--kp"": 150, ""--no-plot"": null, ""--position-mode"": null, ""--serve-box"": null}",50,True,active,0.134211,1.782275,0.098647,0.0,25.0,1.77,0.83,1.6,45.0,0.134211,1.642,1.12,
exp14_pd_v2,ballspeed7__kd15.0__kp150__noplot__positionmode__servebox,"{""--ball-speed"": 7, ""--kd"": 15.0, ""--kp"": 150, ""--no-plot"": null, ""--position-mode"": null, ""--serve-box"": null}",2,True,active,0.060297,1.759113,0.058759,0.0,0.0,1.78,0.52,1.4,15.0,0.060297,0.482,1.0,
exp14_pd_v2,ballspeed7__kd12.0__kp150__noplot__positionmode__servebox,"{""--ball-speed"": 7, ""--kd"": 12.0, ""--kp"": 150, ""--no-plot"": null, ""--position-mode"": null, ""--serve-box"": null}",48,True,active,0.115408,1.760163,0.086172,0.0,0.0,1.8,0.67,1.8,25.0,0.115408,1.553,1.29,
exp14_pd_v2,ballspeed7__kd15.0__kp150__noplot__positionmode__servebox,"{""--ball-speed"": 7, ""--kd"": 15.0, ""--kp"": 150, ""--no-plot"": null, ""--position-mode"": null, ""--serve-box"": null}",8,False,miss,0.130308,1.768412,3.503523,0.0,0.0,0.51,0.18,0.4,0.0,0.130308,0.0,0.87,
exp14_pd_v2,ballspeed7__kd15.0__kp150__noplot__positionmode__servebox,"{""--ball-speed"": 7, ""--kd"": 15.0, ""--kp"": 150, ""--no-plot"": null, ""--position-mode"": null, ""--serve-box"": null}",1,False,miss,0.642819,1.792007,0.140507,30.0,105.0,1.8,0.69,1.6,0.0,0.642819,0.0,1.37,
exp14_pd_v2,ballspeed7__kd12.0__kp150__noplot__positionmode__servebox,"{""--ball-speed"": 7, ""--kd"": 12.0, ""--kp"": 150, ""--no-plot"": null, ""--position-mode"": null, ""--serve-box"": null}",47,False,miss,0.557267,1.763508,0.127906,35.0,105.0,1.73,0.88,1.5,0.0,0.557267,0.0,1.68,
exp14_pd_v2,ballspeed7__kd15.0__kp150__noplot__positionmode__servebox,"{""--ball-speed"": 7, ""--kd"": 15.0, ""--kp"": 150, ""--no-plot"": null, ""--position-mode"": null, ""--serve-box"": null}",4,True,active,0.113657,1.760497,0.084382,0.0,0.0,1.45,0.59,1.2,10.0,0.113657,0.464,1.24,
exp14_pd_v2,ballspeed7__kd15.0__kp150__noplot__positionmode__servebox,"{""--ball-speed"": 7, ""--kd"": 15.0, ""--kp"": 150, ""--no-plot"": null, ""--position-mode"": null, ""--serve-box"": null}",7,False,miss,0.645382,1.773408,0.104788,0.0,0.0,1.79,0.53,1.5,0.0,0.645382,0.0,1.13,
exp14_pd_v2,ballspeed7__kd15.0__kp150__noplot__positionmode__servebox,"{""--ball-speed"": 7, ""--kd"": 15.0, ""--kp"": 150, ""--no-plot"": null, ""--position-mode"": null, ""--serve-box"": null}",9,True,active,0.021269,1.75775,0.021269,40.0,105.0,1.8,0.63,1.6,10.0,0.021269,1.397,1.14,
exp14_pd_v2,ballspeed7__kd15.0__kp150__noplot__positionmode__servebox,"{""--ball-speed"": 7, ""--kd"": 15.0, ""--kp"": 150, ""--no-plot"": null, ""--position-mode"": null, ""--serve-box"": null}",5,True,active,0.068528,1.765417,0.062931,0.0,0.0,1.79,0.64,1.6,45.0,0.068528,1.771,1.42,
exp14_pd_v2,ballspeed7__kd12.0__kp150__noplot__positionmode__servebox,"{""--ball-speed"": 7, ""--kd"": 12.0, ""--kp"": 150, ""--no-plot"": null, ""--position-mode"": null, ""--serve-box"": null}",49,True,active,0.040558,1.758267,0.038103,45.0,105.0,1.79,0.62,1.6,20.0,0.040558,1.759,1.78,
exp14_pd_v2,ballspeed7__kd15.0__kp150__noplot__positionmode__servebox,"{""--ball-speed"": 7, ""--kd"": 15.0, ""--kp"": 150, ""--no-plot"": null, ""--position-mode"": null, ""--serve-box"": null}",11,False,miss,0.710151,1.804152,0.152035,0.0,55.0,1.8,0.68,1.6,0.0,0.710151,0.0,1.13,
exp14_pd_v2,ballspeed7__kd15.0__kp150__noplot__positionmode__servebox,"{""--ball-speed"": 7, ""--kd"": 15.0, ""--kp"": 150, ""--no-plot"": null, ""--position-mode"": null, ""--serve-box"": null}",20,,,,,,,,,,,,,,0.31,no_result
exp14_pd_v2,ballspeed7__kd15.0__kp150__noplot__positionmode__servebox,"{""--ball-speed"": 7, ""--kd"": 15.0, ""--kp"": 150, ""--no-plot"": null, ""--position-mode"": null, ""--serve-box"": null}",21,,,,,,,,,,,,,,0.28,no_result
exp14_pd_v2,ballspeed7__kd15.0__kp150__noplot__positionmode__servebox,"{""--ball-speed"": 7, ""--kd"": 15.0, ""--kp"": 150, ""--no-plot"": null, ""--position-mode"": null, ""--serve-box"": null}",10,False,miss,0.448195,1.756585,0.119959,15.0,35.0,1.6,0.67,1.3,0.0,0.448195,0.0,1.43,
exp14_pd_v2,ballspeed7__kd15.0__kp150__noplot__positionmode__servebox,"{""--ball-speed"": 7, ""--kd"": 15.0, ""--kp"": 150, ""--no-plot"": null, ""--position-mode"": null, ""--serve-box"": null}",3,False,miss,0.684396,1.783647,0.116953,5.0,80.0,1.8,0.64,1.8,0.0,0.684396,0.0,1.9,
exp14_pd_v2,ballspeed7__kd15.0__kp150__noplot__positionmode__servebox,"{""--ball-speed"": 7, ""--kd"": 15.0, ""--kp"": 150, ""--no-plot"": null, ""--position-mode"": null, ""--serve-box"": null}",13,True,active,0.083085,1.746377,0.044415,0.0,0.0,1.79,0.68,1.4,30.0,0.083085,1.506,1.04,
exp14_pd_v2,ballspeed7__kd15.0__kp150__noplot__positionmode__servebox,"{""--ball-speed"": 7, ""--kd"": 15.0, ""--kp"": 150, ""--no-plot"": null, ""--position-mode"": null, ""--serve-box"": null}",12,False,miss,0.41808,1.754078,0.09327,0.0,0.0,1.75,0.57,1.5,0.0,0.41808,0.0,1.38,
exp14_pd_v2,ballspeed7__kd15.0__kp150__noplot__positionmode__servebox,"{""--ball-speed"": 7, ""--kd"": 15.0, ""--kp"": 150, ""--no-plot"": null, ""--position-mode"": null, ""--serve-box"": null}",6,True,active,0.033884,1.770858,0.033884,0.0,0.0,1.79,0.69,1.4,25.0,0.033884,1.758,1.92,
exp14_pd_v2,ballspeed7__kd15.0__kp150__noplot__positionmode__servebox,"{""--ball-speed"": 7, ""--kd"": 15.0, ""--kp"": 150, ""--no-plot"": null, ""--position-mode"": null, ""--serve-box"": null}",27,,,,,,,,,,,,,,0.31,no_result
exp14_pd_v2,ballspeed7__kd15.0__kp150__noplot__positionmode__servebox,"{""--ball-speed"": 7, ""--kd"": 15.0, ""--kp"": 150, ""--no-plot"": null, ""--position-mode"": null, ""--serve-box"": null}",15,True,active,0.057423,1.756882,0.047597,0.0,0.0,1.46,0.62,1.2,25.0,0.057423,1.086,1.11,
exp14_pd_v2,ballspeed7__kd15.0__kp150__noplot__positionmode__servebox,"{""--ball-speed"": 7, ""--kd"": 15.0, ""--kp"": 150, ""--no-plot"": null, ""--position-mode"": null, ""--serve-box"": null}",18,True,active,0.038395,1.769357,0.038395,0.0,0.0,1.79,0.61,1.6,35.0,0.038395,1.493,1.0,
exp14_pd_v2,ballspeed7__kd15.0__kp150__noplot__positionmode__servebox,"{""--ball-speed"": 7, ""--kd"": 15.0, ""--kp"": 150, ""--no-plot"": null, ""--position-mode"": null, ""--serve-box"": null}",16,False,miss,0.766538,1.794703,0.164714,0.0,0.0,1.8,0.65,1.8,0.0,0.766538,0.0,1.2,
exp14_pd_v2,ballspeed7__kd15.0__kp150__noplot__positionmode__servebox,"{""--ball-speed"": 7, ""--kd"": 15.0, ""--kp"": 150, ""--no-plot"": null, ""--position-mode"": null, ""--serve-box"": null}",14,False,miss,0.51465,1.78126,0.112356,35.0,105.0,1.8,0.69,1.7,0.0,0.51465,0.0,1.54,
exp14_pd_v2,ballspeed7__kd15.0__kp150__noplot__positionmode__servebox,"{""--ball-speed"": 7, ""--kd"": 15.0, ""--kp"": 150, ""--no-plot"": null, ""--position-mode"": null, ""--serve-box"": null}",17,False,miss,0.155712,1.739726,1.042105,0.0,0.0,0.81,0.55,0.7,0.0,0.155712,0.0,1.31,
exp14_pd_v2,ballspeed7__kd15.0__kp150__noplot__positionmode__servebox,"{""--ball-speed"": 7, ""--kd"": 15.0, ""--kp"": 150, ""--no-plot"": null, ""--position-mode"": null, ""--serve-box"": null}",23,True,active,0.038824,1.749724,0.038824,0.0,0.0,1.75,0.66,1.5,10.0,0.038824,1.711,1.15,
exp14_pd_v2,ballspeed7__kd15.0__kp150__noplot__positionmode__servebox,"{""--ball-speed"": 7, ""--kd"": 15.0, ""--kp"": 150, ""--no-plot"": null, ""--position-mode"": null, ""--serve-box"": null}",22,True,active,0.117283,1.77376,0.094514,0.0,0.0,1.8,0.7,1.6,50.0,0.117283,1.535,1.31,
exp14_pd_v2,ballspeed7__kd15.0__kp150__noplot__positionmode__servebox,"{""--ball-speed"": 7, ""--kd"": 15.0, ""--kp"": 150, ""--no-plot"": null, ""--position-mode"": null, ""--serve-box"": null}",29,False,miss,0.428961,1.753883,0.122797,0.0,0.0,1.79,0.58,1.5,0.0,0.428961,0.0,1.0,
exp14_pd_v2,ballspeed7__kd15.0__kp150__noplot__positionmode__servebox,"{""--ball-speed"": 7, ""--kd"": 15.0, ""--kp"": 150, ""--no-plot"": null, ""--position-mode"": null, ""--serve-box"": null}",19,False,miss,0.41646,1.732715,0.163319,0.0,0.0,1.79,0.86,1.5,0.0,0.41646,0.0,1.83,
exp14_pd_v2,ballspeed7__kd15.0__kp150__noplot__positionmode__servebox,"{""--ball-speed"": 7, ""--kd"": 15.0, ""--kp"": 150, ""--no-plot"": null, ""--position-mode"": null, ""--serve-box"": null}",28,False,miss,0.471329,1.770491,0.121645,0.0,0.0,1.76,0.7,1.4,0.0,0.471329,0.0,1.25,
exp14_pd_v2,ballspeed7__kd15.0__kp150__noplot__positionmode__servebox,"{""--ball-speed"": 7, ""--kd"": 15.0, ""--kp"": 150, ""--no-plot"": null, ""--position-mode"": null, ""--serve-box"": null}",33,True,active,0.040644,1.769491,0.033979,0.0,0.0,1.79,0.62,1.6,15.0,0.040644,1.034,1.05,
exp14_pd_v2,ballspeed7__kd15.0__kp150__noplot__positionmode__servebox,"{""--ball-speed"": 7, ""--kd"": 15.0, ""--kp"": 150, ""--no-plot"": null, ""--position-mode"": null, ""--serve-box"": null}",25,True,active,0.088216,1.774194,0.068494,0.0,0.0,1.78,0.63,1.5,35.0,0.088216,1.765,1.56,
exp14_pd_v2,ballspeed7__kd15.0__kp150__noplot__positionmode__servebox,"{""--ball-speed"": 7, ""--kd"": 15.0, ""--kp"": 150, ""--no-plot"": null, ""--position-mode"": null, ""--serve-box"": null}",34,False,miss,0.613409,1.786574,0.123042,40.0,105.0,1.8,0.69,1.6,0.0,0.613409,0.0,1.01,
exp14_pd_v2,ballspeed7__kd15.0__kp150__noplot__positionmode__servebox,"{""--ball-speed"": 7, ""--kd"": 15.0, ""--kp"": 150, ""--no-plot"": null, ""--position-mode"": null, ""--serve-box"": null}",32,True,active,0.041162,1.755882,0.041162,0.0,0.0,1.49,0.69,1.2,10.0,0.041162,0.722,1.14,
exp14_pd_v2,ballspeed7__kd15.0__kp150__noplot__positionmode__servebox,"{""--ball-speed"": 7, ""--kd"": 15.0, ""--kp"": 150, ""--no-plot"": null, ""--position-mode"": null, ""--serve-box"": null}",24,True,active,0.070741,1.7607,0.055943,0.0,0.0,1.48,0.69,1.2,25.0,0.070741,0.398,1.72,
exp14_pd_v2,ballspeed7__kd15.0__kp150__noplot__positionmode__servebox,"{""--ball-speed"": 7, ""--kd"": 15.0, ""--kp"": 150, ""--no-plot"": null, ""--position-mode"": null, ""--serve-box"": null}",35,False,miss,0.720849,1.793503,0.108902,0.0,0.0,1.8,0.81,1.7,0.0,0.720849,0.0,1.08,
exp14_pd_v2,ballspeed7__kd15.0__kp150__noplot__positionmode__servebox,"{""--ball-speed"": 7, ""--kd"": 15.0, ""--kp"": 150, ""--no-plot"": null, ""--position-mode"": null, ""--serve-box"": null}",26,False,miss,0.614801,1.785082,0.11389,5.0,75.0,1.8,0.83,1.6,0.0,0.614801,0.0,1.86,
exp14_pd_v2,ballspeed7__kd15.0__kp150__noplot__positionmode__servebox,"{""--ball-speed"": 7, ""--kd"": 15.0, ""--kp"": 150, ""--no-plot"": null, ""--position-mode"": null, ""--serve-box"": null}",31,False,miss,0.492675,1.78898,0.155811,0.0,0.0,1.79,0.58,1.7,0.0,0.492675,0.0,1.57,
exp14_pd_v2,ballspeed7__kd15.0__kp150__noplot__positionmode__servebox,"{""--ball-speed"": 7, ""--kd"": 15.0, ""--kp"": 150, ""--no-plot"": null, ""--position-mode"": null, ""--serve-box"": null}",30,True,active,0.081792,1.749963,0.062785,0.0,0.0,1.16,0.59,0.9,10.0,0.081792,0.327,1.77,
exp14_pd_v2,ballspeed7__kd15.0__kp150__noplot__positionmode__servebox,"{""--ball-speed"": 7, ""--kd"": 15.0, ""--kp"": 150, ""--no-plot"": null, ""--position-mode"": null, ""--serve-box"": null}",39,True,active,0.081726,1.774979,0.018974,0.0,0.0,1.79,0.73,1.4,35.0,0.081726,1.762,0.99,
exp14_pd_v2,ballspeed7__kd15.0__kp150__noplot__positionmode__servebox,"{""--ball-speed"": 7, ""--kd"": 15.0, ""--kp"": 150, ""--no-plot"": null, ""--position-mode"": null, ""--serve-box"": null}",38,True,active,0.058497,1.776154,0.053321,0.0,0.0,1.8,0.65,1.6,45.0,0.058497,1.754,1.08,
exp14_pd_v2,ballspeed7__kd15.0__kp150__noplot__positionmode__servebox,"{""--ball-speed"": 7, ""--kd"": 15.0, ""--kp"": 150, ""--no-plot"": null, ""--position-mode"": null, ""--serve-box"": null}",37,False,miss,0.656204,1.784645,0.104714,0.0,0.0,1.8,0.65,1.6,0.0,0.656204,0.0,1.36,
exp14_pd_v2,ballspeed7__kd15.0__kp150__noplot__positionmode__servebox,"{""--ball-speed"": 7, ""--kd"": 15.0, ""--kp"": 150, ""--no-plot"": null, ""--position-mode"": null, ""--serve-box"": null}",42,False,miss,0.709058,1.786709,0.121018,0.0,0.0,1.8,0.79,1.7,0.0,0.709058,0.0,0.98,
exp14_pd_v2,ballspeed7__kd15.0__kp150__noplot__positionmode__servebox,"{""--ball-speed"": 7, ""--kd"": 15.0, ""--kp"": 150, ""--no-plot"": null, ""--position-mode"": null, ""--serve-box"": null}",41,True,active,0.040118,1.788072,0.040118,45.0,105.0,1.8,0.58,1.6,35.0,0.040118,1.777,1.19,
exp14_pd_v2,ballspeed7__kd15.0__kp150__noplot__positionmode__servebox,"{""--ball-speed"": 7, ""--kd"": 15.0, ""--kp"": 150, ""--no-plot"": null, ""--position-mode"": null, ""--serve-box"": null}",36,False,miss,0.469048,1.743045,0.09492,0.0,0.0,1.79,0.59,1.6,0.0,0.469048,0.0,1.8,
exp14_pd_v2,ballspeed7__kd15.0__kp150__noplot__positionmode__servebox,"{""--ball-speed"": 7, ""--kd"": 15.0, ""--kp"": 150, ""--no-plot"": null, ""--position-mode"": null, ""--serve-box"": null}",43,False,miss,0.699216,1.800066,0.126908,0.0,0.0,1.8,0.68,1.8,0.0,0.699216,0.0,1.12,
exp14_pd_v2,ballspeed7__kd15.0__kp150__noplot__positionmode__servebox,"{""--ball-speed"": 7, ""--kd"": 15.0, ""--kp"": 150, ""--no-plot"": null, ""--position-mode"": null, ""--serve-box"": null}",45,True,active,0.084878,1.790316,0.066393,0.0,40.0,1.8,0.56,1.6,35.0,0.084878,1.547,1.19,
exp14_pd_v2,ballspeed7__kd15.0__kp150__noplot__positionmode__servebox,"{""--ball-speed"": 7, ""--kd"": 15.0, ""--kp"": 150, ""--no-plot"": null, ""--position-mode"": null, ""--serve-box"": null}",48,False,miss,0.524592,1.773913,0.102432,40.0,105.0,1.8,0.53,1.7,0.0,0.524592,0.0,1.15,
exp14_pd_v2,ballspeed7__kd15.0__kp150__noplot__positionmode__servebox,"{""--ball-speed"": 7, ""--kd"": 15.0, ""--kp"": 150, ""--no-plot"": null, ""--position-mode"": null, ""--serve-box"": null}",46,False,miss,0.55948,1.773293,0.183322,0.0,40.0,1.8,0.66,1.6,0.0,0.55948,0.0,1.3,
exp14_pd_v2,ballspeed7__kd15.0__kp150__noplot__positionmode__servebox,"{""--ball-speed"": 7, ""--kd"": 15.0, ""--kp"": 150, ""--no-plot"": null, ""--position-mode"": null, ""--serve-box"": null}",49,True,active,0.095845,1.756735,0.081166,55.0,105.0,1.8,0.69,1.5,10.0,0.095845,1.8,1.05,
exp14_pd_v2,ballspeed7__kd15.0__kp150__noplot__positionmode__servebox,"{""--ball-speed"": 7, ""--kd"": 15.0, ""--kp"": 150, ""--no-plot"": null, ""--position-mode"": null, ""--serve-box"": null}",40,False,miss,0.351167,1.760079,0.121439,0.0,0.0,1.77,0.64,1.4,0.0,0.351167,0.0,1.79,
exp14_pd_v2,ballspeed7__kd22.5__kp150__noplot__positionmode__servebox,"{""--ball-speed"": 7, ""--kd"": 22.5, ""--kp"": 150, ""--no-plot"": null, ""--position-mode"": null, ""--serve-box"": null}",4,False,miss,0.44918,1.790729,0.091893,0.0,0.0,1.79,0.54,1.5,0.0,0.44918,0.0,1.17,
exp14_pd_v2,ballspeed7__kd22.5__kp150__noplot__positionmode__servebox,"{""--ball-speed"": 7, ""--kd"": 22.5, ""--kp"": 150, ""--no-plot"": null, ""--position-mode"": null, ""--serve-box"": null}",3,False,miss,0.633379,1.798284,0.144663,35.0,105.0,1.8,0.74,1.6,0.0,0.633379,0.0,1.25,
exp14_pd_v2,ballspeed7__kd22.5__kp150__noplot__positionmode__servebox,"{""--ball-speed"": 7, ""--kd"": 22.5, ""--kp"": 150, ""--no-plot"": null, ""--position-mode"": null, ""--serve-box"": null}",2,False,miss,0.379036,1.786083,0.191396,0.0,0.0,1.77,0.62,1.5,0.0,0.379036,0.0,1.35,
exp14_pd_v2,ballspeed7__kd15.0__kp150__noplot__positionmode__servebox,"{""--ball-speed"": 7, ""--kd"": 15.0, ""--kp"": 150, ""--no-plot"": null, ""--position-mode"": null, ""--serve-box"": null}",44,False,miss,0.714369,1.799332,0.128954,0.0,0.0,1.8,0.63,1.7,0.0,0.714369,0.0,1.93,
exp14_pd_v2,ballspeed7__kd15.0__kp150__noplot__positionmode__servebox,"{""--ball-speed"": 7, ""--kd"": 15.0, ""--kp"": 150, ""--no-plot"": null, ""--position-mode"": null, ""--serve-box"": null}",50,True,active,0.130952,1.785345,0.102029,5.0,80.0,1.79,0.83,1.6,45.0,0.130952,1.609,1.63,
exp14_pd_v2,ballspeed7__kd15.0__kp150__noplot__positionmode__servebox,"{""--ball-speed"": 7, ""--kd"": 15.0, ""--kp"": 150, ""--no-plot"": null, ""--position-mode"": null, ""--serve-box"": null}",47,False,miss,0.617823,1.790678,0.143595,30.0,105.0,1.8,0.74,1.6,0.0,0.617823,0.0,1.9,
exp14_pd_v2,ballspeed7__kd22.5__kp150__noplot__positionmode__servebox,"{""--ball-speed"": 7, ""--kd"": 22.5, ""--kp"": 150, ""--no-plot"": null, ""--position-mode"": null, ""--serve-box"": null}",5,True,active,0.046539,1.77754,0.046539,0.0,0.0,1.75,0.44,1.3,40.0,0.046539,1.626,1.19,
exp14_pd_v2,ballspeed7__kd22.5__kp150__noplot__positionmode__servebox,"{""--ball-speed"": 7, ""--kd"": 22.5, ""--kp"": 150, ""--no-plot"": null, ""--position-mode"": null, ""--serve-box"": null}",8,False,miss,0.11223,1.842397,0.728528,0.0,0.0,0.87,0.29,0.8,0.0,0.11223,0.0,1.08,
exp14_pd_v2,ballspeed7__kd22.5__kp150__noplot__positionmode__servebox,"{""--ball-speed"": 7, ""--kd"": 22.5, ""--kp"": 150, ""--no-plot"": null, ""--position-mode"": null, ""--serve-box"": null}",7,True,active,0.060295,1.783072,0.035793,0.0,0.0,1.79,0.51,1.4,40.0,0.060295,0.809,1.15,
exp14_pd_v2,ballspeed7__kd22.5__kp150__noplot__positionmode__servebox,"{""--ball-speed"": 7, ""--kd"": 22.5, ""--kp"": 150, ""--no-plot"": null, ""--position-mode"": null, ""--serve-box"": null}",9,False,miss,0.378093,1.789666,0.155221,35.0,40.0,1.78,0.66,1.6,0.0,0.378093,0.0,1.04,
exp14_pd_v2,ballspeed7__kd22.5__kp150__noplot__positionmode__servebox,"{""--ball-speed"": 7, ""--kd"": 22.5, ""--kp"": 150, ""--no-plot"": null, ""--position-mode"": null, ""--serve-box"": null}",1,True,active,0.101499,1.795459,0.097549,0.0,0.0,1.79,0.78,1.5,60.0,0.101499,1.212,1.82,
exp14_pd_v2,ballspeed7__kd22.5__kp150__noplot__positionmode__servebox,"{""--ball-speed"": 7, ""--kd"": 22.5, ""--kp"": 150, ""--no-plot"": null, ""--position-mode"": null, ""--serve-box"": null}",21,,,,,,,,,,,,,,0.3,no_result
exp14_pd_v2,ballspeed7__kd22.5__kp150__noplot__positionmode__servebox,"{""--ball-speed"": 7, ""--kd"": 22.5, ""--kp"": 150, ""--no-plot"": null, ""--position-mode"": null, ""--serve-box"": null}",20,,,,,,,,,,,,,,0.35,no_result
exp14_pd_v2,ballspeed7__kd22.5__kp150__noplot__positionmode__servebox,"{""--ball-speed"": 7, ""--kd"": 22.5, ""--kp"": 150, ""--no-plot"": null, ""--position-mode"": null, ""--serve-box"": null}",12,True,active,0.062795,1.791573,0.054864,0.0,0.0,1.76,0.69,1.5,40.0,0.062795,1.314,1.22,
exp14_pd_v2,ballspeed7__kd22.5__kp150__noplot__positionmode__servebox,"{""--ball-speed"": 7, ""--kd"": 22.5, ""--kp"": 150, ""--no-plot"": null, ""--position-mode"": null, ""--serve-box"": null}",14,True,active,0.033773,1.787046,0.033773,55.0,105.0,1.67,0.54,1.5,20.0,0.033773,0.807,1.02,
exp14_pd_v2,ballspeed7__kd22.5__kp150__noplot__positionmode__servebox,"{""--ball-speed"": 7, ""--kd"": 22.5, ""--kp"": 150, ""--no-plot"": null, ""--position-mode"": null, ""--serve-box"": null}",10,False,miss,0.461211,1.786962,0.113459,0.0,0.0,1.8,0.65,1.6,0.0,0.461211,0.0,1.51,
exp14_pd_v2,ballspeed7__kd22.5__kp150__noplot__positionmode__servebox,"{""--ball-speed"": 7, ""--kd"": 22.5, ""--kp"": 150, ""--no-plot"": null, ""--position-mode"": null, ""--serve-box"": null}",6,True,active,0.04413,1.786677,0.04413,0.0,0.0,1.79,0.66,1.4,20.0,0.04413,1.313,1.8,
exp14_pd_v2,ballspeed7__kd22.5__kp150__noplot__positionmode__servebox,"{""--ball-speed"": 7, ""--kd"": 22.5, ""--kp"": 150, ""--no-plot"": null, ""--position-mode"": null, ""--serve-box"": null}",27,,,,,,,,,,,,,,0.24,no_result
exp14_pd_v2,ballspeed7__kd22.5__kp150__noplot__positionmode__servebox,"{""--ball-speed"": 7, ""--kd"": 22.5, ""--kp"": 150, ""--no-plot"": null, ""--position-mode"": null, ""--serve-box"": null}",11,True,active,0.090637,1.795638,0.090637,0.0,0.0,1.8,0.68,1.6,65.0,0.090637,1.319,1.59,
exp14_pd_v2,ballspeed7__kd22.5__kp150__noplot__positionmode__servebox,"{""--ball-speed"": 7, ""--kd"": 22.5, ""--kp"": 150, ""--no-plot"": null, ""--position-mode"": null, ""--serve-box"": null}",17,False,miss,0.267019,1.783833,0.123227,45.0,55.0,1.79,0.52,1.5,0.0,0.267019,0.0,1.13,
exp14_pd_v2,ballspeed7__kd22.5__kp150__noplot__positionmode__servebox,"{""--ball-speed"": 7, ""--kd"": 22.5, ""--kp"": 150, ""--no-plot"": null, ""--position-mode"": null, ""--serve-box"": null}",18,False,miss,0.508507,1.788486,0.11074,0.0,0.0,1.8,0.61,1.6,0.0,0.508507,0.0,1.23,
exp14_pd_v2,ballspeed7__kd22.5__kp150__noplot__positionmode__servebox,"{""--ball-speed"": 7, ""--kd"": 22.5, ""--kp"": 150, ""--no-plot"": null, ""--position-mode"": null, ""--serve-box"": null}",15,False,miss,0.024802,1.808849,0.19672,0.0,0.0,1.78,0.71,1.4,0.0,0.024802,0.0,1.43,
exp14_pd_v2,ballspeed7__kd22.5__kp150__noplot__positionmode__servebox,"{""--ball-speed"": 7, ""--kd"": 22.5, ""--kp"": 150, ""--no-plot"": null, ""--position-mode"": null, ""--serve-box"": null}",13,True,active,0.065049,1.773554,0.042971,0.0,0.0,1.79,0.73,1.4,45.0,0.065049,1.548,1.8,
exp14_pd_v2,ballspeed7__kd22.5__kp150__noplot__positionmode__servebox,"{""--ball-speed"": 7, ""--kd"": 22.5, ""--kp"": 150, ""--no-plot"": null, ""--position-mode"": null, ""--serve-box"": null}",23,True,active,0.03772,1.784719,0.03772,55.0,105.0,1.77,0.65,1.5,20.0,0.03772,1.289,1.11,
exp14_pd_v2,ballspeed7__kd22.5__kp150__noplot__positionmode__servebox,"{""--ball-speed"": 7, ""--kd"": 22.5, ""--kp"": 150, ""--no-plot"": null, ""--position-mode"": null, ""--serve-box"": null}",22,True,active,0.123419,1.792984,0.123419,0.0,0.0,1.8,0.77,1.6,65.0,0.123419,1.732,1.17,
exp14_pd_v2,ballspeed7__kd22.5__kp150__noplot__positionmode__servebox,"{""--ball-speed"": 7, ""--kd"": 22.5, ""--kp"": 150, ""--no-plot"": null, ""--position-mode"": null, ""--serve-box"": null}",24,True,active,0.037816,1.78502,0.037816,0.0,0.0,1.23,0.45,1.1,10.0,0.037816,0.396,1.08,
exp14_pd_v2,ballspeed7__kd22.5__kp150__noplot__positionmode__servebox,"{""--ball-speed"": 7, ""--kd"": 22.5, ""--kp"": 150, ""--no-plot"": null, ""--position-mode"": null, ""--serve-box"": null}",25,True,active,0.029595,1.784627,0.029595,0.0,0.0,1.54,0.57,1.3,40.0,0.029595,1.109,0.98,
exp14_pd_v2,ballspeed7__kd22.5__kp150__noplot__positionmode__servebox,"{""--ball-speed"": 7, ""--kd"": 22.5, ""--kp"": 150, ""--no-plot"": null, ""--position-mode"": null, ""--serve-box"": null}",19,False,miss,0.392339,1.782888,0.155506,0.0,0.0,1.79,0.65,1.5,0.0,0.392339,0.0,1.62,
exp14_pd_v2,ballspeed7__kd22.5__kp150__noplot__positionmode__servebox,"{""--ball-speed"": 7, ""--kd"": 22.5, ""--kp"": 150, ""--no-plot"": null, ""--position-mode"": null, ""--serve-box"": null}",16,True,active,0.088542,1.787903,0.072249,0.0,0.0,1.79,0.68,1.6,60.0,0.088542,1.693,1.78,
exp14_pd_v2,ballspeed7__kd22.5__kp150__noplot__positionmode__servebox,"{""--ball-speed"": 7, ""--kd"": 22.5, ""--kp"": 150, ""--no-plot"": null, ""--position-mode"": null, ""--serve-box"": null}",29,True,active,0.096598,1.783075,0.068157,0.0,0.0,1.05,0.53,0.8,5.0,0.096598,0.658,0.96,
exp14_pd_v2,ballspeed7__kd22.5__kp150__noplot__positionmode__servebox,"{""--ball-speed"": 7, ""--kd"": 22.5, ""--kp"": 150, ""--no-plot"": null, ""--position-mode"": null, ""--serve-box"": null}",28,False,miss,0.495794,1.787345,0.118006,0.0,0.0,1.79,0.54,1.5,0.0,0.495794,0.0,1.12,
exp14_pd_v2,ballspeed7__kd22.5__kp150__noplot__positionmode__servebox,"{""--ball-speed"": 7, ""--kd"": 22.5, ""--kp"": 150, ""--no-plot"": null, ""--position-mode"": null, ""--serve-box"": null}",32,False,miss,0.227531,1.785954,0.15446,0.0,0.0,1.77,0.67,1.5,0.0,0.227531,0.0,1.04,
exp14_pd_v2,ballspeed7__kd22.5__kp150__noplot__positionmode__servebox,"{""--ball-speed"": 7, ""--kd"": 22.5, ""--kp"": 150, ""--no-plot"": null, ""--position-mode"": null, ""--serve-box"": null}",31,True,active,0.105104,1.825443,0.090555,45.0,100.0,1.76,0.55,1.6,30.0,0.105104,1.048,1.11,
exp14_pd_v2,ballspeed7__kd22.5__kp150__noplot__positionmode__servebox,"{""--ball-speed"": 7, ""--kd"": 22.5, ""--kp"": 150, ""--no-plot"": null, ""--position-mode"": null, ""--serve-box"": null}",26,True,active,0.135078,1.796121,0.121852,35.0,105.0,1.8,0.75,1.6,55.0,0.135078,1.604,1.76,
exp14_pd_v2,ballspeed7__kd22.5__kp150__noplot__positionmode__servebox,"{""--ball-speed"": 7, ""--kd"": 22.5, ""--kp"": 150, ""--no-plot"": null, ""--position-mode"": null, ""--serve-box"": null}",34,False,miss,0.588463,1.793575,0.111272,10.0,80.0,1.8,0.66,1.6,0.0,0.588463,0.0,1.06,
exp14_pd_v2,ballspeed7__kd22.5__kp150__noplot__positionmode__servebox,"{""--ball-speed"": 7, ""--kd"": 22.5, ""--kp"": 150, ""--no-plot"": null, ""--position-mode"": null, ""--serve-box"": null}",36,True,active,0.103374,1.791692,0.07037,0.0,0.0,1.64,0.64,1.4,25.0,0.103374,1.445,1.02,
exp14_pd_v2,ballspeed7__kd22.5__kp150__noplot__positionmode__servebox,"{""--ball-speed"": 7, ""--kd"": 22.5, ""--kp"": 150, ""--no-plot"": null, ""--position-mode"": null, ""--serve-box"": null}",40,False,miss,0.281149,1.787791,0.094424,10.0,10.0,1.78,0.57,1.5,0.0,0.281149,0.0,1.01,
exp14_pd_v2,ballspeed7__kd22.5__kp150__noplot__positionmode__servebox,"{""--ball-speed"": 7, ""--kd"": 22.5, ""--kp"": 150, ""--no-plot"": null, ""--position-mode"": null, ""--serve-box"": null}",38,False,miss,0.512196,1.789235,0.087253,0.0,0.0,1.77,0.52,1.5,0.0,0.512196,0.0,1.14,
exp14_pd_v2,ballspeed7__kd22.5__kp150__noplot__positionmode__servebox,"{""--ball-speed"": 7, ""--kd"": 22.5, ""--kp"": 150, ""--no-plot"": null, ""--position-mode"": null, ""--serve-box"": null}",30,False,miss,0.382343,1.78565,0.105861,0.0,0.0,1.63,0.46,1.3,0.0,0.382343,0.0,1.82,
exp14_pd_v2,ballspeed7__kd22.5__kp150__noplot__positionmode__servebox,"{""--ball-speed"": 7, ""--kd"": 22.5, ""--kp"": 150, ""--no-plot"": null, ""--position-mode"": null, ""--serve-box"": null}",42,True,active,0.087255,1.790598,0.080299,0.0,0.0,1.8,0.68,1.6,65.0,0.087255,1.723,0.99,
exp14_pd_v2,ballspeed7__kd22.5__kp150__noplot__positionmode__servebox,"{""--ball-speed"": 7, ""--kd"": 22.5, ""--kp"": 150, ""--no-plot"": null, ""--position-mode"": null, ""--serve-box"": null}",41,True,active,0.132801,1.785503,0.102563,55.0,105.0,1.79,0.62,1.6,10.0,0.132801,1.447,1.09,
exp14_pd_v2,ballspeed7__kd22.5__kp150__noplot__positionmode__servebox,"{""--ball-speed"": 7, ""--kd"": 22.5, ""--kp"": 150, ""--no-plot"": null, ""--position-mode"": null, ""--serve-box"": null}",43,False,miss,0.677777,1.799158,0.163286,15.0,100.0,1.8,0.69,1.7,0.0,0.677777,0.0,1.09,
exp14_pd_v2,ballspeed7__kd22.5__kp150__noplot__positionmode__servebox,"{""--ball-speed"": 7, ""--kd"": 22.5, ""--kp"": 150, ""--no-plot"": null, ""--position-mode"": null, ""--serve-box"": null}",33,False,miss,0.370198,1.786115,0.095989,0.0,0.0,1.8,0.47,1.5,0.0,0.370198,0.0,1.86,
exp14_pd_v2,ballspeed7__kd22.5__kp150__noplot__positionmode__servebox,"{""--ball-speed"": 7, ""--kd"": 22.5, ""--kp"": 150, ""--no-plot"": null, ""--position-mode"": null, ""--serve-box"": null}",44,True,active,0.095128,1.791283,0.074495,0.0,0.0,1.79,0.64,1.6,50.0,0.095128,1.484,1.03,
exp14_pd_v2,ballspeed7__kd22.5__kp150__noplot__positionmode__servebox,"{""--ball-speed"": 7, ""--kd"": 22.5, ""--kp"": 150, ""--no-plot"": null, ""--position-mode"": null, ""--serve-box"": null}",39,True,active,0.05507,1.785419,0.05507,0.0,0.0,1.79,0.65,1.4,45.0,0.05507,1.598,1.66,
exp14_pd_v2,ballspeed7__kd22.5__kp150__noplot__positionmode__servebox,"{""--ball-speed"": 7, ""--kd"": 22.5, ""--kp"": 150, ""--no-plot"": null, ""--position-mode"": null, ""--serve-box"": null}",46,True,active,0.087834,1.790519,0.070212,0.0,0.0,1.79,0.65,1.6,30.0,0.087834,1.578,1.16,
exp14_pd_v2,ballspeed7__kd22.5__kp150__noplot__positionmode__servebox,"{""--ball-speed"": 7, ""--kd"": 22.5, ""--kp"": 150, ""--no-plot"": null, ""--position-mode"": null, ""--serve-box"": null}",35,True,active,0.066658,1.793244,0.066658,0.0,0.0,1.79,0.7,1.6,65.0,0.066658,1.25,1.86,
exp14_pd_v2,ballspeed7__kd22.5__kp150__noplot__positionmode__servebox,"{""--ball-speed"": 7, ""--kd"": 22.5, ""--kp"": 150, ""--no-plot"": null, ""--position-mode"": null, ""--serve-box"": null}",37,False,miss,0.610897,1.791069,0.106256,0.0,0.0,1.76,0.62,1.5,0.0,0.610897,0.0,1.86,
exp14_pd_v2,ballspeed7__kd22.5__kp150__noplot__positionmode__servebox,"{""--ball-speed"": 7, ""--kd"": 22.5, ""--kp"": 150, ""--no-plot"": null, ""--position-mode"": null, ""--serve-box"": null}",45,True,active,0.112617,1.789777,0.081452,50.0,105.0,1.79,0.7,1.5,20.0,0.112617,0.841,1.37,
exp14_pd_v2,ballspeed7__kd22.5__kp150__noplot__positionmode__servebox,"{""--ball-speed"": 7, ""--kd"": 22.5, ""--kp"": 150, ""--no-plot"": null, ""--position-mode"": null, ""--serve-box"": null}",48,False,miss,0.534614,1.791392,0.11051,40.0,100.0,1.79,0.72,1.7,0.0,0.534614,0.0,1.07,
exp14_pd_v2,ballspeed7__kd22.5__kp150__noplot__positionmode__servebox,"{""--ball-speed"": 7, ""--kd"": 22.5, ""--kp"": 150, ""--no-plot"": null, ""--position-mode"": null, ""--serve-box"": null}",47,True,active,0.102253,1.785881,0.078742,5.0,10.0,1.8,0.71,1.6,25.0,0.102253,1.135,1.26,
exp14_pd_v2,ballspeed7__kd10.0__kp200__noplot__positionmode__servebox,"{""--ball-speed"": 7, ""--kd"": 10.0, ""--kp"": 200, ""--no-plot"": null, ""--position-mode"": null, ""--serve-box"": null}",1,False,miss,0.725572,1.840024,0.104931,0.0,0.0,1.8,0.74,1.9,0.0,0.725572,0.0,1.06,
exp14_pd_v2,ballspeed7__kd22.5__kp150__noplot__positionmode__servebox,"{""--ball-speed"": 7, ""--kd"": 22.5, ""--kp"": 150, ""--no-plot"": null, ""--position-mode"": null, ""--serve-box"": null}",50,True,active,0.13751,1.794552,0.115214,35.0,105.0,1.8,0.71,1.6,50.0,0.13751,0.952,1.29,
exp14_pd_v2,ballspeed7__kd10.0__kp200__noplot__positionmode__servebox,"{""--ball-speed"": 7, ""--kd"": 10.0, ""--kp"": 200, ""--no-plot"": null, ""--position-mode"": null, ""--serve-box"": null}",2,False,miss,0.309816,1.768388,0.496952,0.0,0.0,1.46,0.71,1.1,0.0,0.309816,0.0,1.09,
exp14_pd_v2,ballspeed7__kd10.0__kp200__noplot__positionmode__servebox,"{""--ball-speed"": 7, ""--kd"": 10.0, ""--kp"": 200, ""--no-plot"": null, ""--position-mode"": null, ""--serve-box"": null}",4,True,active,0.060433,1.737232,0.048141,0.0,0.0,1.8,0.79,1.5,25.0,0.060433,1.795,1.24,
exp14_pd_v2,ballspeed7__kd22.5__kp150__noplot__positionmode__servebox,"{""--ball-speed"": 7, ""--kd"": 22.5, ""--kp"": 150, ""--no-plot"": null, ""--position-mode"": null, ""--serve-box"": null}",49,False,miss,0.51904,1.798204,0.267552,0.0,0.0,1.8,0.71,1.7,0.0,0.51904,0.0,1.64,
exp14_pd_v2,ballspeed7__kd10.0__kp200__noplot__positionmode__servebox,"{""--ball-speed"": 7, ""--kd"": 10.0, ""--kp"": 200, ""--no-plot"": null, ""--position-mode"": null, ""--serve-box"": null}",8,False,miss,0.186708,1.653666,4.107659,0.0,0.0,1.05,0.44,0.8,0.0,0.186708,0.0,1.01,
exp14_pd_v2,ballspeed7__kd10.0__kp200__noplot__positionmode__servebox,"{""--ball-speed"": 7, ""--kd"": 10.0, ""--kp"": 200, ""--no-plot"": null, ""--position-mode"": null, ""--serve-box"": null}",7,True,active,0.036239,1.73663,0.036239,0.0,0.0,1.78,0.8,1.7,25.0,0.036239,1.624,1.21,
exp14_pd_v2,ballspeed7__kd10.0__kp200__noplot__positionmode__servebox,"{""--ball-speed"": 7, ""--kd"": 10.0, ""--kp"": 200, ""--no-plot"": null, ""--position-mode"": null, ""--serve-box"": null}",5,True,active,0.072037,1.743151,0.056919,0.0,0.0,1.79,0.77,1.6,25.0,0.072037,1.548,1.53,
exp14_pd_v2,ballspeed7__kd10.0__kp200__noplot__positionmode__servebox,"{""--ball-speed"": 7, ""--kd"": 10.0, ""--kp"": 200, ""--no-plot"": null, ""--position-mode"": null, ""--serve-box"": null}",13,True,active,0.074534,1.638468,0.049268,0.0,0.0,1.79,0.83,1.5,20.0,0.074534,1.793,1.14,
exp14_pd_v2,ballspeed7__kd10.0__kp200__noplot__positionmode__servebox,"{""--ball-speed"": 7, ""--kd"": 10.0, ""--kp"": 200, ""--no-plot"": null, ""--position-mode"": null, ""--serve-box"": null}",6,True,active,0.038601,1.744679,0.017568,45.0,105.0,1.79,0.93,1.6,20.0,0.038601,1.735,1.58,
exp14_pd_v2,ballspeed7__kd10.0__kp200__noplot__positionmode__servebox,"{""--ball-speed"": 7, ""--kd"": 10.0, ""--kp"": 200, ""--no-plot"": null, ""--position-mode"": null, ""--serve-box"": null}",3,False,miss,0.73054,1.764294,0.137223,0.0,0.0,1.8,0.8,1.8,0.0,0.73054,0.0,1.82,
exp14_pd_v2,ballspeed7__kd10.0__kp200__noplot__positionmode__servebox,"{""--ball-speed"": 7, ""--kd"": 10.0, ""--kp"": 200, ""--no-plot"": null, ""--position-mode"": null, ""--serve-box"": null}",11,False,miss,0.823076,1.876619,0.178674,0.0,30.0,1.8,0.83,1.9,0.0,0.823076,0.0,1.31,
exp14_pd_v2,ballspeed7__kd10.0__kp200__noplot__positionmode__servebox,"{""--ball-speed"": 7, ""--kd"": 10.0, ""--kp"": 200, ""--no-plot"": null, ""--position-mode"": null, ""--serve-box"": null}",21,,,,,,,,,,,,,,0.33,no_result
exp14_pd_v2,ballspeed7__kd10.0__kp200__noplot__positionmode__servebox,"{""--ball-speed"": 7, ""--kd"": 10.0, ""--kp"": 200, ""--no-plot"": null, ""--position-mode"": null, ""--serve-box"": null}",20,,,,,,,,,,,,,,0.42,no_result
exp14_pd_v2,ballspeed7__kd10.0__kp200__noplot__positionmode__servebox,"{""--ball-speed"": 7, ""--kd"": 10.0, ""--kp"": 200, ""--no-plot"": null, ""--position-mode"": null, ""--serve-box"": null}",15,False,miss,0.117294,1.782207,4.831891,0.0,0.0,1.13,0.6,0.9,0.0,0.117294,0.0,0.97,
exp14_pd_v2,ballspeed7__kd10.0__kp200__noplot__positionmode__servebox,"{""--ball-speed"": 7, ""--kd"": 10.0, ""--kp"": 200, ""--no-plot"": null, ""--position-mode"": null, ""--serve-box"": null}",12,False,miss,0.505022,1.774144,0.199776,0.0,0.0,1.8,0.86,1.6,0.0,0.505022,0.0,1.22,
exp14_pd_v2,ballspeed7__kd10.0__kp200__noplot__positionmode__servebox,"{""--ball-speed"": 7, ""--kd"": 10.0, ""--kp"": 200, ""--no-plot"": null, ""--position-mode"": null, ""--serve-box"": null}",17,False,miss,0.129825,1.900791,1.691189,0.0,0.0,1.64,0.89,1.3,0.0,0.129825,0.0,0.94,
exp14_pd_v2,ballspeed7__kd10.0__kp200__noplot__positionmode__servebox,"{""--ball-speed"": 7, ""--kd"": 10.0, ""--kp"": 200, ""--no-plot"": null, ""--position-mode"": null, ""--serve-box"": null}",27,,,,,,,,,,,,,,0.4,no_result
exp14_pd_v2,ballspeed7__kd10.0__kp200__noplot__positionmode__servebox,"{""--ball-speed"": 7, ""--kd"": 10.0, ""--kp"": 200, ""--no-plot"": null, ""--position-mode"": null, ""--serve-box"": null}",9,True,active,0.060505,1.759233,0.049075,45.0,105.0,1.8,0.97,1.6,25.0,0.060505,1.538,1.89,
exp14_pd_v2,ballspeed7__kd10.0__kp200__noplot__positionmode__servebox,"{""--ball-speed"": 7, ""--kd"": 10.0, ""--kp"": 200, ""--no-plot"": null, ""--position-mode"": null, ""--serve-box"": null}",10,True,active,0.090848,1.743903,0.055927,5.0,20.0,1.8,0.85,1.5,25.0,0.090848,1.736,1.88,
exp14_pd_v2,ballspeed7__kd10.0__kp200__noplot__positionmode__servebox,"{""--ball-speed"": 7, ""--kd"": 10.0, ""--kp"": 200, ""--no-plot"": null, ""--position-mode"": null, ""--serve-box"": null}",16,False,miss,0.832041,1.793866,0.163738,0.0,0.0,1.8,0.86,1.8,0.0,0.832041,0.0,1.35,
exp14_pd_v2,ballspeed7__kd10.0__kp200__noplot__positionmode__servebox,"{""--ball-speed"": 7, ""--kd"": 10.0, ""--kp"": 200, ""--no-plot"": null, ""--position-mode"": null, ""--serve-box"": null}",18,True,active,0.032712,1.73105,0.032712,0.0,0.0,1.8,0.78,1.5,15.0,0.032712,1.632,1.1,
exp14_pd_v2,ballspeed7__kd10.0__kp200__noplot__positionmode__servebox,"{""--ball-speed"": 7, ""--kd"": 10.0, ""--kp"": 200, ""--no-plot"": null, ""--position-mode"": null, ""--serve-box"": null}",19,False,miss,0.47289,1.775901,0.172057,0.0,0.0,1.82,0.85,1.5,0.0,0.47289,0.0,1.09,
exp14_pd_v2,ballspeed7__kd10.0__kp200__noplot__positionmode__servebox,"{""--ball-speed"": 7, ""--kd"": 10.0, ""--kp"": 200, ""--no-plot"": null, ""--position-mode"": null, ""--serve-box"": null}",14,False,miss,0.318805,1.73308,0.102627,35.0,105.0,1.8,0.95,1.6,0.0,0.318805,0.0,2.02,
exp14_pd_v2,ballspeed7__kd10.0__kp200__noplot__positionmode__servebox,"{""--ball-speed"": 7, ""--kd"": 10.0, ""--kp"": 200, ""--no-plot"": null, ""--position-mode"": null, ""--serve-box"": null}",28,True,active,0.047154,1.738436,0.032265,0.0,0.0,1.8,0.78,1.5,20.0,0.047154,1.784,1.02,
exp14_pd_v2,ballspeed7__kd10.0__kp200__noplot__positionmode__servebox,"{""--ball-speed"": 7, ""--kd"": 10.0, ""--kp"": 200, ""--no-plot"": null, ""--position-mode"": null, ""--serve-box"": null}",25,True,active,0.062183,1.758997,0.042806,0.0,0.0,1.8,0.83,1.7,35.0,0.062183,1.8,1.06,
exp14_pd_v2,ballspeed7__kd10.0__kp200__noplot__positionmode__servebox,"{""--ball-speed"": 7, ""--kd"": 10.0, ""--kp"": 200, ""--no-plot"": null, ""--position-mode"": null, ""--serve-box"": null}",24,False,miss,0.45949,1.759535,0.183987,0.0,105.0,1.79,0.99,1.6,0.0,0.45949,0.0,1.16,
exp14_pd_v2,ballspeed7__kd10.0__kp200__noplot__positionmode__servebox,"{""--ball-speed"": 7, ""--kd"": 10.0, ""--kp"": 200, ""--no-plot"": null, ""--position-mode"": null, ""--serve-box"": null}",30,True,active,0.078161,1.788386,0.037995,0.0,0.0,1.8,1.0,1.4,40.0,0.078161,1.767,1.1,
exp14_pd_v2,ballspeed7__kd10.0__kp200__noplot__positionmode__servebox,"{""--ball-speed"": 7, ""--kd"": 10.0, ""--kp"": 200, ""--no-plot"": null, ""--position-mode"": null, ""--serve-box"": null}",23,True,active,0.038919,1.820339,0.038919,0.0,0.0,1.77,0.82,1.5,25.0,0.038919,1.719,1.21,
exp14_pd_v2,ballspeed7__kd10.0__kp200__noplot__positionmode__servebox,"{""--ball-speed"": 7, ""--kd"": 10.0, ""--kp"": 200, ""--no-plot"": null, ""--position-mode"": null, ""--serve-box"": null}",29,True,active,0.088131,1.691316,0.014031,0.0,0.0,1.86,0.69,1.7,30.0,0.088131,1.569,1.5,
exp14_pd_v2,ballspeed7__kd10.0__kp200__noplot__positionmode__servebox,"{""--ball-speed"": 7, ""--kd"": 10.0, ""--kp"": 200, ""--no-plot"": null, ""--position-mode"": null, ""--serve-box"": null}",36,True,active,0.058089,1.771077,0.058089,0.0,0.0,1.8,0.99,1.6,35.0,0.058089,1.685,1.04,
exp14_pd_v2,ballspeed7__kd10.0__kp200__noplot__positionmode__servebox,"{""--ball-speed"": 7, ""--kd"": 10.0, ""--kp"": 200, ""--no-plot"": null, ""--position-mode"": null, ""--serve-box"": null}",37,True,active,0.038257,1.789277,0.038257,0.0,0.0,1.79,0.84,1.6,45.0,0.038257,1.549,1.04,
exp14_pd_v2,ballspeed7__kd10.0__kp200__noplot__positionmode__servebox,"{""--ball-speed"": 7, ""--kd"": 10.0, ""--kp"": 200, ""--no-plot"": null, ""--position-mode"": null, ""--serve-box"": null}",34,True,active,0.08199,1.746942,0.027874,0.0,0.0,1.8,0.73,1.5,35.0,0.08199,1.544,1.14,
exp14_pd_v2,ballspeed7__kd10.0__kp200__noplot__positionmode__servebox,"{""--ball-speed"": 7, ""--kd"": 10.0, ""--kp"": 200, ""--no-plot"": null, ""--position-mode"": null, ""--serve-box"": null}",22,False,miss,0.795483,1.816255,0.162191,0.0,0.0,1.8,0.86,1.7,0.0,0.795483,0.0,1.85,
exp14_pd_v2,ballspeed7__kd10.0__kp200__noplot__positionmode__servebox,"{""--ball-speed"": 7, ""--kd"": 10.0, ""--kp"": 200, ""--no-plot"": null, ""--position-mode"": null, ""--serve-box"": null}",31,False,miss,0.439517,1.74583,0.122552,35.0,105.0,1.8,0.78,1.7,0.0,0.439517,0.0,1.69,
exp14_pd_v2,ballspeed7__kd10.0__kp200__noplot__positionmode__servebox,"{""--ball-speed"": 7, ""--kd"": 10.0, ""--kp"": 200, ""--no-plot"": null, ""--position-mode"": null, ""--serve-box"": null}",26,True,active,0.060605,1.806253,0.060605,0.0,0.0,1.8,0.79,1.7,55.0,0.060605,1.79,1.9,
exp14_pd_v2,ballspeed7__kd10.0__kp200__noplot__positionmode__servebox,"{""--ball-speed"": 7, ""--kd"": 10.0, ""--kp"": 200, ""--no-plot"": null, ""--position-mode"": null, ""--serve-box"": null}",39,False,miss,0.339199,1.675449,0.076051,0.0,0.0,1.76,0.82,1.3,0.0,0.339199,0.0,0.98,
exp14_pd_v2,ballspeed7__kd10.0__kp200__noplot__positionmode__servebox,"{""--ball-speed"": 7, ""--kd"": 10.0, ""--kp"": 200, ""--no-plot"": null, ""--position-mode"": null, ""--serve-box"": null}",38,True,active,0.102446,1.728313,0.036311,0.0,0.0,1.8,0.83,1.5,25.0,0.102446,1.799,1.04,
exp14_pd_v2,ballspeed7__kd10.0__kp200__noplot__positionmode__servebox,"{""--ball-speed"": 7, ""--kd"": 10.0, ""--kp"": 200, ""--no-plot"": null, ""--position-mode"": null, ""--serve-box"": null}",40,True,active,0.045516,1.732298,0.030814,0.0,0.0,1.76,0.77,1.5,25.0,0.045516,1.274,1.04,
exp14_pd_v2,ballspeed7__kd10.0__kp200__noplot__positionmode__servebox,"{""--ball-speed"": 7, ""--kd"": 10.0, ""--kp"": 200, ""--no-plot"": null, ""--position-mode"": null, ""--serve-box"": null}",42,True,active,0.0417,1.783652,0.0417,0.0,0.0,1.8,0.9,1.7,45.0,0.0417,1.783,1.04,
exp14_pd_v2,ballspeed7__kd10.0__kp200__noplot__positionmode__servebox,"{""--ball-speed"": 7, ""--kd"": 10.0, ""--kp"": 200, ""--no-plot"": null, ""--position-mode"": null, ""--serve-box"": null}",32,False,miss,0.305019,1.743372,0.090766,0.0,0.0,1.48,0.91,1.3,0.0,0.305019,0.0,1.87,
exp14_pd_v2,ballspeed7__kd10.0__kp200__noplot__positionmode__servebox,"{""--ball-speed"": 7, ""--kd"": 10.0, ""--kp"": 200, ""--no-plot"": null, ""--position-mode"": null, ""--serve-box"": null}",43,False,miss,0.78375,1.822533,0.192025,0.0,0.0,1.8,0.97,1.9,0.0,0.78375,0.0,1.15,
exp14_pd_v2,ballspeed7__kd10.0__kp200__noplot__positionmode__servebox,"{""--ball-speed"": 7, ""--kd"": 10.0, ""--kp"": 200, ""--no-plot"": null, ""--position-mode"": null, ""--serve-box"": null}",33,False,miss,0.3926,1.756391,0.094168,0.0,0.0,1.5,1.0,1.2,0.0,0.3926,0.0,1.86,
exp14_pd_v2,ballspeed7__kd10.0__kp200__noplot__positionmode__servebox,"{""--ball-speed"": 7, ""--kd"": 10.0, ""--kp"": 200, ""--no-plot"": null, ""--position-mode"": null, ""--serve-box"": null}",35,False,miss,0.762652,1.778508,0.135437,0.0,0.0,1.8,0.85,1.9,0.0,0.762652,0.0,1.92,
exp14_pd_v2,ballspeed7__kd10.0__kp200__noplot__positionmode__servebox,"{""--ball-speed"": 7, ""--kd"": 10.0, ""--kp"": 200, ""--no-plot"": null, ""--position-mode"": null, ""--serve-box"": null}",45,False,miss,0.125968,2.031837,1.302325,0.0,0.0,1.72,0.64,1.5,0.0,0.125968,0.0,0.9,
exp14_pd_v2,ballspeed7__kd10.0__kp200__noplot__positionmode__servebox,"{""--ball-speed"": 7, ""--kd"": 10.0, ""--kp"": 200, ""--no-plot"": null, ""--position-mode"": null, ""--serve-box"": null}",47,False,miss,0.606415,1.743117,0.157466,25.0,105.0,1.8,0.83,1.7,0.0,0.606415,0.0,1.0,
exp14_pd_v2,ballspeed7__kd10.0__kp200__noplot__positionmode__servebox,"{""--ball-speed"": 7, ""--kd"": 10.0, ""--kp"": 200, ""--no-plot"": null, ""--position-mode"": null, ""--serve-box"": null}",41,False,miss,0.527127,1.847158,0.098559,40.0,105.0,1.8,0.75,1.7,0.0,0.527127,0.0,1.62,
exp14_pd_v2,ballspeed7__kd10.0__kp200__noplot__positionmode__servebox,"{""--ball-speed"": 7, ""--kd"": 10.0, ""--kp"": 200, ""--no-plot"": null, ""--position-mode"": null, ""--serve-box"": null}",49,True,active,0.038013,1.778518,0.038013,40.0,105.0,1.8,0.9,1.5,20.0,0.038013,1.539,1.0,
exp14_pd_v2,ballspeed7__kd10.0__kp200__noplot__positionmode__servebox,"{""--ball-speed"": 7, ""--kd"": 10.0, ""--kp"": 200, ""--no-plot"": null, ""--position-mode"": null, ""--serve-box"": null}",48,True,active,0.110425,1.734643,0.079696,40.0,105.0,1.8,0.8,1.5,15.0,0.110425,1.658,1.13,
exp14_pd_v2,ballspeed7__kd10.0__kp200__noplot__positionmode__servebox,"{""--ball-speed"": 7, ""--kd"": 10.0, ""--kp"": 200, ""--no-plot"": null, ""--position-mode"": null, ""--serve-box"": null}",44,False,miss,0.753117,1.807081,0.148811,0.0,0.0,1.8,0.91,1.7,0.0,0.753117,0.0,1.47,
exp14_pd_v2,ballspeed7__kd10.0__kp200__noplot__positionmode__servebox,"{""--ball-speed"": 7, ""--kd"": 10.0, ""--kp"": 200, ""--no-plot"": null, ""--position-mode"": null, ""--serve-box"": null}",50,True,active,0.094872,1.79794,0.094872,0.0,0.0,1.8,0.88,1.7,65.0,0.094872,1.776,1.19,
exp14_pd_v2,ballspeed7__kd16.0__kp200__noplot__positionmode__servebox,"{""--ball-speed"": 7, ""--kd"": 16.0, ""--kp"": 200, ""--no-plot"": null, ""--position-mode"": null, ""--serve-box"": null}",3,False,miss,0.730273,1.807375,0.150912,30.0,105.0,1.8,0.69,1.8,0.0,0.730273,0.0,1.15,
exp14_pd_v2,ballspeed7__kd10.0__kp200__noplot__positionmode__servebox,"{""--ball-speed"": 7, ""--kd"": 10.0, ""--kp"": 200, ""--no-plot"": null, ""--position-mode"": null, ""--serve-box"": null}",46,True,active,0.038395,1.755597,0.038395,0.0,0.0,1.8,0.84,1.6,35.0,0.038395,1.786,1.7,
exp14_pd_v2,ballspeed7__kd16.0__kp200__noplot__positionmode__servebox,"{""--ball-speed"": 7, ""--kd"": 16.0, ""--kp"": 200, ""--no-plot"": null, ""--position-mode"": null, ""--serve-box"": null}",6,True,active,0.101703,1.76588,0.012641,0.0,0.0,1.77,0.89,1.3,35.0,0.101703,0.856,1.08,
exp14_pd_v2,ballspeed7__kd16.0__kp200__noplot__positionmode__servebox,"{""--ball-speed"": 7, ""--kd"": 16.0, ""--kp"": 200, ""--no-plot"": null, ""--position-mode"": null, ""--serve-box"": null}",1,True,active,0.140895,1.799037,0.105691,0.0,75.0,1.78,0.66,1.6,45.0,0.140895,1.575,1.52,
exp14_pd_v2,ballspeed7__kd16.0__kp200__noplot__positionmode__servebox,"{""--ball-speed"": 7, ""--kd"": 16.0, ""--kp"": 200, ""--no-plot"": null, ""--position-mode"": null, ""--serve-box"": null}",7,False,miss,0.628055,1.795967,0.132434,0.0,0.0,1.79,0.55,1.5,0.0,0.628055,0.0,1.18,
exp14_pd_v2,ballspeed7__kd16.0__kp200__noplot__positionmode__servebox,"{""--ball-speed"": 7, ""--kd"": 16.0, ""--kp"": 200, ""--no-plot"": null, ""--position-mode"": null, ""--serve-box"": null}",5,False,miss,0.680602,1.764432,0.078939,0.0,0.0,1.77,0.73,1.4,0.0,0.680602,0.0,1.28,
exp14_pd_v2,ballspeed7__kd16.0__kp200__noplot__positionmode__servebox,"{""--ball-speed"": 7, ""--kd"": 16.0, ""--kp"": 200, ""--no-plot"": null, ""--position-mode"": null, ""--serve-box"": null}",2,True,active,0.13436,1.772602,0.079869,0.0,0.0,1.76,0.68,1.4,10.0,0.13436,1.206,1.74,
exp14_pd_v2,ballspeed7__kd16.0__kp200__noplot__positionmode__servebox,"{""--ball-speed"": 7, ""--kd"": 16.0, ""--kp"": 200, ""--no-plot"": null, ""--position-mode"": null, ""--serve-box"": null}",20,,,,,,,,,,,,,,0.34,no_result
exp14_pd_v2,ballspeed7__kd16.0__kp200__noplot__positionmode__servebox,"{""--ball-speed"": 7, ""--kd"": 16.0, ""--kp"": 200, ""--no-plot"": null, ""--position-mode"": null, ""--serve-box"": null}",8,False,miss,0.03221,1.818441,2.135515,0.0,0.0,0.74,0.47,0.6,0.0,0.03221,0.0,1.41,
exp14_pd_v2,ballspeed7__kd16.0__kp200__noplot__positionmode__servebox,"{""--ball-speed"": 7, ""--kd"": 16.0, ""--kp"": 200, ""--no-plot"": null, ""--position-mode"": null, ""--serve-box"": null}",10,False,miss,0.630711,1.781403,0.093056,0.0,0.0,1.78,0.7,1.5,0.0,0.630711,0.0,1.25,
exp14_pd_v2,ballspeed7__kd16.0__kp200__noplot__positionmode__servebox,"{""--ball-speed"": 7, ""--kd"": 16.0, ""--kp"": 200, ""--no-plot"": null, ""--position-mode"": null, ""--serve-box"": null}",21,,,,,,,,,,,,,,0.36,no_result
exp14_pd_v2,ballspeed7__kd16.0__kp200__noplot__positionmode__servebox,"{""--ball-speed"": 7, ""--kd"": 16.0, ""--kp"": 200, ""--no-plot"": null, ""--position-mode"": null, ""--serve-box"": null}",9,False,miss,0.098716,1.841343,2.879308,0.0,0.0,0.66,0.44,0.6,0.0,0.098716,0.0,1.49,
exp14_pd_v2,ballspeed7__kd16.0__kp200__noplot__positionmode__servebox,"{""--ball-speed"": 7, ""--kd"": 16.0, ""--kp"": 200, ""--no-plot"": null, ""--position-mode"": null, ""--serve-box"": null}",12,False,miss,0.658338,1.785283,0.164886,0.0,0.0,1.79,0.55,1.6,0.0,0.658338,0.0,1.15,
exp14_pd_v2,ballspeed7__kd16.0__kp200__noplot__positionmode__servebox,"{""--ball-speed"": 7, ""--kd"": 16.0, ""--kp"": 200, ""--no-plot"": null, ""--position-mode"": null, ""--serve-box"": null}",4,False,miss,0.426448,1.773636,0.109119,0.0,0.0,1.5,0.65,1.3,0.0,0.426448,0.0,1.9,
exp14_pd_v2,ballspeed7__kd16.0__kp200__noplot__positionmode__servebox,"{""--ball-speed"": 7, ""--kd"": 16.0, ""--kp"": 200, ""--no-plot"": null, ""--position-mode"": null, ""--serve-box"": null}",13,True,active,0.047258,1.783931,0.047258,0.0,0.0,1.79,0.67,1.5,45.0,0.047258,1.492,1.22,
exp14_pd_v2,ballspeed7__kd16.0__kp200__noplot__positionmode__servebox,"{""--ball-speed"": 7, ""--kd"": 16.0, ""--kp"": 200, ""--no-plot"": null, ""--position-mode"": null, ""--serve-box"": null}",15,False,miss,0.255971,1.758297,0.0921,0.0,0.0,1.64,0.71,1.4,0.0,0.255971,0.0,1.13,
exp14_pd_v2,ballspeed7__kd16.0__kp200__noplot__positionmode__servebox,"{""--ball-speed"": 7, ""--kd"": 16.0, ""--kp"": 200, ""--no-plot"": null, ""--position-mode"": null, ""--serve-box"": null}",14,False,miss,0.572984,1.787921,0.175484,0.0,0.0,1.77,0.66,1.6,0.0,0.572984,0.0,1.27,
exp14_pd_v2,ballspeed7__kd16.0__kp200__noplot__positionmode__servebox,"{""--ball-speed"": 7, ""--kd"": 16.0, ""--kp"": 200, ""--no-plot"": null, ""--position-mode"": null, ""--serve-box"": null}",27,,,,,,,,,,,,,,0.38,no_result
exp14_pd_v2,ballspeed7__kd16.0__kp200__noplot__positionmode__servebox,"{""--ball-speed"": 7, ""--kd"": 16.0, ""--kp"": 200, ""--no-plot"": null, ""--position-mode"": null, ""--serve-box"": null}",11,True,active,0.141001,1.804383,0.125231,0.0,0.0,1.8,0.81,1.8,60.0,0.141001,1.416,1.72,
exp14_pd_v2,ballspeed7__kd16.0__kp200__noplot__positionmode__servebox,"{""--ball-speed"": 7, ""--kd"": 16.0, ""--kp"": 200, ""--no-plot"": null, ""--position-mode"": null, ""--serve-box"": null}",16,True,active,0.034164,1.767367,0.034164,0.0,0.0,1.8,0.63,1.6,40.0,0.034164,1.544,1.27,
exp14_pd_v2,ballspeed7__kd16.0__kp200__noplot__positionmode__servebox,"{""--ball-speed"": 7, ""--kd"": 16.0, ""--kp"": 200, ""--no-plot"": null, ""--position-mode"": null, ""--serve-box"": null}",17,True,active,0.033167,1.761801,0.033167,55.0,105.0,1.28,0.78,1.0,10.0,0.033167,0.465,1.2,
exp14_pd_v2,ballspeed7__kd16.0__kp200__noplot__positionmode__servebox,"{""--ball-speed"": 7, ""--kd"": 16.0, ""--kp"": 200, ""--no-plot"": null, ""--position-mode"": null, ""--serve-box"": null}",24,True,active,0.048088,1.735339,0.048088,0.0,0.0,1.52,0.71,1.3,25.0,0.048088,1.005,1.13,
exp14_pd_v2,ballspeed7__kd16.0__kp200__noplot__positionmode__servebox,"{""--ball-speed"": 7, ""--kd"": 16.0, ""--kp"": 200, ""--no-plot"": null, ""--position-mode"": null, ""--serve-box"": null}",31,False,miss,0.238805,1.809641,0.16688,0.0,0.0,0.92,0.51,0.8,0.0,0.238805,0.0,0.86,
exp14_pd_v2,ballspeed7__kd16.0__kp200__noplot__positionmode__servebox,"{""--ball-speed"": 7, ""--kd"": 16.0, ""--kp"": 200, ""--no-plot"": null, ""--position-mode"": null, ""--serve-box"": null}",18,True,active,0.131293,1.78077,0.088918,0.0,0.0,1.8,0.71,1.7,30.0,0.131293,1.66,1.72,
exp14_pd_v2,ballspeed7__kd16.0__kp200__noplot__positionmode__servebox,"{""--ball-speed"": 7, ""--kd"": 16.0, ""--kp"": 200, ""--no-plot"": null, ""--position-mode"": null, ""--serve-box"": null}",30,True,active,0.09618,1.773517,0.023978,0.0,0.0,1.79,0.77,1.4,40.0,0.09618,1.469,1.04,
exp14_pd_v2,ballspeed7__kd16.0__kp200__noplot__positionmode__servebox,"{""--ball-speed"": 7, ""--kd"": 16.0, ""--kp"": 200, ""--no-plot"": null, ""--position-mode"": null, ""--serve-box"": null}",29,True,active,0.045587,1.774496,0.045587,0.0,0.0,1.13,0.8,0.9,30.0,0.045587,1.041,1.08,
exp14_pd_v2,ballspeed7__kd16.0__kp200__noplot__positionmode__servebox,"{""--ball-speed"": 7, ""--kd"": 16.0, ""--kp"": 200, ""--no-plot"": null, ""--position-mode"": null, ""--serve-box"": null}",19,True,active,0.087852,1.76994,0.067289,0.0,0.0,1.39,0.62,1.1,20.0,0.087852,1.394,1.69,
exp14_pd_v2,ballspeed7__kd16.0__kp200__noplot__positionmode__servebox,"{""--ball-speed"": 7, ""--kd"": 16.0, ""--kp"": 200, ""--no-plot"": null, ""--position-mode"": null, ""--serve-box"": null}",32,False,miss,0.252156,1.766653,0.109261,0.0,0.0,1.61,0.83,1.4,0.0,0.252156,0.0,1.0,
exp14_pd_v2,ballspeed7__kd16.0__kp200__noplot__positionmode__servebox,"{""--ball-speed"": 7, ""--kd"": 16.0, ""--kp"": 200, ""--no-plot"": null, ""--position-mode"": null, ""--serve-box"": null}",34,False,miss,0.557035,1.778252,0.107946,0.0,0.0,1.71,0.63,1.6,0.0,0.557035,0.0,0.96,
exp14_pd_v2,ballspeed7__kd16.0__kp200__noplot__positionmode__servebox,"{""--ball-speed"": 7, ""--kd"": 16.0, ""--kp"": 200, ""--no-plot"": null, ""--position-mode"": null, ""--serve-box"": null}",23,True,active,0.034451,1.763063,0.034451,0.0,0.0,1.73,0.62,1.4,10.0,0.034451,1.683,1.61,
exp14_pd_v2,ballspeed7__kd16.0__kp200__noplot__positionmode__servebox,"{""--ball-speed"": 7, ""--kd"": 16.0, ""--kp"": 200, ""--no-plot"": null, ""--position-mode"": null, ""--serve-box"": null}",36,False,miss,0.303279,1.77471,0.112349,0.0,0.0,1.32,0.77,1.1,0.0,0.303279,0.0,0.99,
exp14_pd_v2,ballspeed7__kd16.0__kp200__noplot__positionmode__servebox,"{""--ball-speed"": 7, ""--kd"": 16.0, ""--kp"": 200, ""--no-plot"": null, ""--position-mode"": null, ""--serve-box"": null}",25,False,miss,0.122206,1.894908,1.237362,0.0,0.0,1.53,0.45,1.3,0.0,0.122206,0.0,1.66,
exp14_pd_v2,ballspeed7__kd16.0__kp200__noplot__positionmode__servebox,"{""--ball-speed"": 7, ""--kd"": 16.0, ""--kp"": 200, ""--no-plot"": null, ""--position-mode"": null, ""--serve-box"": null}",33,True,active,0.033843,1.769949,0.033843,0.0,0.0,1.58,0.59,1.3,30.0,0.033843,1.089,1.22,
exp14_pd_v2,ballspeed7__kd16.0__kp200__noplot__positionmode__servebox,"{""--ball-speed"": 7, ""--kd"": 16.0, ""--kp"": 200, ""--no-plot"": null, ""--position-mode"": null, ""--serve-box"": null}",22,True,active,0.099366,1.797012,0.098408,0.0,0.0,1.8,0.82,1.8,70.0,0.099366,1.784,1.84,
exp14_pd_v2,ballspeed7__kd16.0__kp200__noplot__positionmode__servebox,"{""--ball-speed"": 7, ""--kd"": 16.0, ""--kp"": 200, ""--no-plot"": null, ""--position-mode"": null, ""--serve-box"": null}",35,True,active,0.093142,1.790572,0.084057,0.0,0.0,1.8,0.75,1.8,60.0,0.093142,1.676,1.11,
exp14_pd_v2,ballspeed7__kd16.0__kp200__noplot__positionmode__servebox,"{""--ball-speed"": 7, ""--kd"": 16.0, ""--kp"": 200, ""--no-plot"": null, ""--position-mode"": null, ""--serve-box"": null}",26,True,active,0.117065,1.795168,0.101717,0.0,0.0,1.79,0.79,1.5,50.0,0.117065,1.603,1.85,
exp14_pd_v2,ballspeed7__kd16.0__kp200__noplot__positionmode__servebox,"{""--ball-speed"": 7, ""--kd"": 16.0, ""--kp"": 200, ""--no-plot"": null, ""--position-mode"": null, ""--serve-box"": null}",28,True,active,0.117762,1.78395,0.073544,0.0,0.0,1.8,0.59,1.7,25.0,0.117762,1.73,1.9,
exp14_pd_v2,ballspeed7__kd16.0__kp200__noplot__positionmode__servebox,"{""--ball-speed"": 7, ""--kd"": 16.0, ""--kp"": 200, ""--no-plot"": null, ""--position-mode"": null, ""--serve-box"": null}",41,False,miss,0.550396,1.812632,0.210494,0.0,35.0,1.8,0.63,1.7,0.0,0.550396,0.0,1.02,
exp14_pd_v2,ballspeed7__kd16.0__kp200__noplot__positionmode__servebox,"{""--ball-speed"": 7, ""--kd"": 16.0, ""--kp"": 200, ""--no-plot"": null, ""--position-mode"": null, ""--serve-box"": null}",37,False,miss,0.676155,1.78691,0.167295,0.0,0.0,1.8,0.7,1.7,0.0,0.676155,0.0,1.2,
exp14_pd_v2,ballspeed7__kd16.0__kp200__noplot__positionmode__servebox,"{""--ball-speed"": 7, ""--kd"": 16.0, ""--kp"": 200, ""--no-plot"": null, ""--position-mode"": null, ""--serve-box"": null}",42,True,active,0.052797,1.78153,0.052797,0.0,0.0,1.8,0.79,1.6,45.0,0.052797,1.786,1.07,
exp14_pd_v2,ballspeed7__kd16.0__kp200__noplot__positionmode__servebox,"{""--ball-speed"": 7, ""--kd"": 16.0, ""--kp"": 200, ""--no-plot"": null, ""--position-mode"": null, ""--serve-box"": null}",46,False,miss,0.487183,1.779934,0.204178,0.0,0.0,1.8,0.63,1.6,0.0,0.487183,0.0,0.97,
exp14_pd_v2,ballspeed7__kd16.0__kp200__noplot__positionmode__servebox,"{""--ball-speed"": 7, ""--kd"": 16.0, ""--kp"": 200, ""--no-plot"": null, ""--position-mode"": null, ""--serve-box"": null}",38,True,active,0.121421,1.78271,0.088732,0.0,0.0,1.8,0.63,1.6,35.0,0.121421,1.767,1.45,
exp14_pd_v2,ballspeed7__kd16.0__kp200__noplot__positionmode__servebox,"{""--ball-speed"": 7, ""--kd"": 16.0, ""--kp"": 200, ""--no-plot"": null, ""--position-mode"": null, ""--serve-box"": null}",48,True,active,0.124627,1.765395,0.082733,0.0,0.0,1.8,0.79,1.6,25.0,0.124627,1.542,0.99,
exp14_pd_v2,ballspeed7__kd16.0__kp200__noplot__positionmode__servebox,"{""--ball-speed"": 7, ""--kd"": 16.0, ""--kp"": 200, ""--no-plot"": null, ""--position-mode"": null, ""--serve-box"": null}",45,True,active,0.070694,1.785751,0.03942,0.0,0.0,1.8,0.58,1.6,45.0,0.070694,1.672,1.15,
exp14_pd_v2,ballspeed7__kd20.0__kp200__noplot__positionmode__servebox,"{""--ball-speed"": 7, ""--kd"": 20.0, ""--kp"": 200, ""--no-plot"": null, ""--position-mode"": null, ""--serve-box"": null}",1,False,miss,0.54302,1.790179,0.110632,45.0,105.0,1.8,0.8,1.5,0.0,0.54302,0.0,0.99,
exp14_pd_v2,ballspeed7__kd16.0__kp200__noplot__positionmode__servebox,"{""--ball-speed"": 7, ""--kd"": 16.0, ""--kp"": 200, ""--no-plot"": null, ""--position-mode"": null, ""--serve-box"": null}",49,False,miss,0.51173,1.76479,0.108641,0.0,0.0,1.79,0.64,1.6,0.0,0.51173,0.0,1.2,
exp14_pd_v2,ballspeed7__kd16.0__kp200__noplot__positionmode__servebox,"{""--ball-speed"": 7, ""--kd"": 16.0, ""--kp"": 200, ""--no-plot"": null, ""--position-mode"": null, ""--serve-box"": null}",44,True,active,0.04561,1.791393,0.04561,0.0,0.0,1.8,0.75,1.7,45.0,0.04561,1.487,1.4,
exp14_pd_v2,ballspeed7__kd16.0__kp200__noplot__positionmode__servebox,"{""--ball-speed"": 7, ""--kd"": 16.0, ""--kp"": 200, ""--no-plot"": null, ""--position-mode"": null, ""--serve-box"": null}",47,False,miss,0.547829,1.778556,0.14482,30.0,105.0,1.55,0.64,1.4,0.0,0.547829,0.0,1.34,
exp14_pd_v2,ballspeed7__kd16.0__kp200__noplot__positionmode__servebox,"{""--ball-speed"": 7, ""--kd"": 16.0, ""--kp"": 200, ""--no-plot"": null, ""--position-mode"": null, ""--serve-box"": null}",39,True,active,0.061212,1.740072,0.045499,0.0,0.0,1.56,0.62,1.3,45.0,0.061212,1.295,1.82,
exp14_pd_v2,ballspeed7__kd16.0__kp200__noplot__positionmode__servebox,"{""--ball-speed"": 7, ""--kd"": 16.0, ""--kp"": 200, ""--no-plot"": null, ""--position-mode"": null, ""--serve-box"": null}",40,True,active,0.026071,1.770289,0.026071,0.0,0.0,1.72,0.6,1.4,25.0,0.026071,1.124,1.84,
exp14_pd_v2,ballspeed7__kd20.0__kp200__noplot__positionmode__servebox,"{""--ball-speed"": 7, ""--kd"": 20.0, ""--kp"": 200, ""--no-plot"": null, ""--position-mode"": null, ""--serve-box"": null}",2,False,miss,0.374043,1.777579,0.195412,0.0,0.0,1.76,0.62,1.6,0.0,0.374043,0.0,1.19,
exp14_pd_v2,ballspeed7__kd16.0__kp200__noplot__positionmode__servebox,"{""--ball-speed"": 7, ""--kd"": 16.0, ""--kp"": 200, ""--no-plot"": null, ""--position-mode"": null, ""--serve-box"": null}",43,True,active,0.046067,1.791804,0.046067,0.0,0.0,1.8,0.61,1.6,50.0,0.046067,1.725,1.97,
exp14_pd_v2,ballspeed7__kd20.0__kp200__noplot__positionmode__servebox,"{""--ball-speed"": 7, ""--kd"": 20.0, ""--kp"": 200, ""--no-plot"": null, ""--position-mode"": null, ""--serve-box"": null}",8,False,miss,0.127865,1.783505,2.756258,0.0,0.0,0.52,0.19,0.4,0.0,0.127865,0.0,0.79,
exp14_pd_v2,ballspeed7__kd20.0__kp200__noplot__positionmode__servebox,"{""--ball-speed"": 7, ""--kd"": 20.0, ""--kp"": 200, ""--no-plot"": null, ""--position-mode"": null, ""--serve-box"": null}",3,False,miss,0.66585,1.796015,0.125665,0.0,0.0,1.8,0.74,1.7,0.0,0.66585,0.0,1.27,
exp14_pd_v2,ballspeed7__kd16.0__kp200__noplot__positionmode__servebox,"{""--ball-speed"": 7, ""--kd"": 16.0, ""--kp"": 200, ""--no-plot"": null, ""--position-mode"": null, ""--serve-box"": null}",50,True,active,0.128808,1.793921,0.10607,0.0,55.0,1.8,0.73,1.6,50.0,0.128808,1.484,1.89,
exp14_pd_v2,ballspeed7__kd20.0__kp200__noplot__positionmode__servebox,"{""--ball-speed"": 7, ""--kd"": 20.0, ""--kp"": 200, ""--no-plot"": null, ""--position-mode"": null, ""--serve-box"": null}",9,False,miss,0.21058,1.76009,1.428486,0.0,0.0,1.12,0.42,1.0,0.0,0.21058,0.0,0.9,
exp14_pd_v2,ballspeed7__kd20.0__kp200__noplot__positionmode__servebox,"{""--ball-speed"": 7, ""--kd"": 20.0, ""--kp"": 200, ""--no-plot"": null, ""--position-mode"": null, ""--serve-box"": null}",5,True,active,0.100039,1.781494,0.068997,0.0,0.0,1.79,0.62,1.6,45.0,0.100039,1.718,1.34,
exp14_pd_v2,ballspeed7__kd20.0__kp200__noplot__positionmode__servebox,"{""--ball-speed"": 7, ""--kd"": 20.0, ""--kp"": 200, ""--no-plot"": null, ""--position-mode"": null, ""--serve-box"": null}",10,True,active,0.048914,1.780043,0.048914,0.0,0.0,1.79,0.76,1.6,40.0,0.048914,1.785,0.98,
exp14_pd_v2,ballspeed7__kd20.0__kp200__noplot__positionmode__servebox,"{""--ball-speed"": 7, ""--kd"": 20.0, ""--kp"": 200, ""--no-plot"": null, ""--position-mode"": null, ""--serve-box"": null}",20,,,,,,,,,,,,,,0.29,no_result
exp14_pd_v2,ballspeed7__kd20.0__kp200__noplot__positionmode__servebox,"{""--ball-speed"": 7, ""--kd"": 20.0, ""--kp"": 200, ""--no-plot"": null, ""--position-mode"": null, ""--serve-box"": null}",21,,,,,,,,,,,,,,0.3,no_result
exp14_pd_v2,ballspeed7__kd20.0__kp200__noplot__positionmode__servebox,"{""--ball-speed"": 7, ""--kd"": 20.0, ""--kp"": 200, ""--no-plot"": null, ""--position-mode"": null, ""--serve-box"": null}",12,False,miss,0.541745,1.810348,0.108882,0.0,0.0,1.8,0.68,1.6,0.0,0.541745,0.0,1.05,
exp14_pd_v2,ballspeed7__kd20.0__kp200__noplot__positionmode__servebox,"{""--ball-speed"": 7, ""--kd"": 20.0, ""--kp"": 200, ""--no-plot"": null, ""--position-mode"": null, ""--serve-box"": null}",6,True,active,0.095654,1.779462,0.066119,50.0,105.0,1.8,0.72,1.5,35.0,0.095654,1.416,1.46,
exp14_pd_v2,ballspeed7__kd20.0__kp200__noplot__positionmode__servebox,"{""--ball-speed"": 7, ""--kd"": 20.0, ""--kp"": 200, ""--no-plot"": null, ""--position-mode"": null, ""--serve-box"": null}",4,True,active,0.122048,1.793435,0.081892,0.0,0.0,1.79,0.69,1.5,30.0,0.122048,1.371,1.77,
exp14_pd_v2,ballspeed7__kd20.0__kp200__noplot__positionmode__servebox,"{""--ball-speed"": 7, ""--kd"": 20.0, ""--kp"": 200, ""--no-plot"": null, ""--position-mode"": null, ""--serve-box"": null}",11,False,miss,0.702163,1.796502,0.124015,0.0,0.0,1.8,0.78,1.7,0.0,0.702163,0.0,1.38,
exp14_pd_v2,ballspeed7__kd20.0__kp200__noplot__positionmode__servebox,"{""--ball-speed"": 7, ""--kd"": 20.0, ""--kp"": 200, ""--no-plot"": null, ""--position-mode"": null, ""--serve-box"": null}",15,False,miss,0.057285,1.824114,0.156976,0.0,0.0,1.8,0.64,1.5,0.0,0.057285,0.0,1.21,
exp14_pd_v2,ballspeed7__kd20.0__kp200__noplot__positionmode__servebox,"{""--ball-speed"": 7, ""--kd"": 20.0, ""--kp"": 200, ""--no-plot"": null, ""--position-mode"": null, ""--serve-box"": null}",7,False,miss,0.596877,1.782457,0.090323,0.0,0.0,1.8,0.7,1.5,0.0,0.596877,0.0,1.76,
exp14_pd_v2,ballspeed7__kd20.0__kp200__noplot__positionmode__servebox,"{""--ball-speed"": 7, ""--kd"": 20.0, ""--kp"": 200, ""--no-plot"": null, ""--position-mode"": null, ""--serve-box"": null}",13,True,active,0.08866,1.787487,0.044198,0.0,0.0,1.8,0.73,1.5,60.0,0.08866,1.739,1.39,
exp14_pd_v2,ballspeed7__kd20.0__kp200__noplot__positionmode__servebox,"{""--ball-speed"": 7, ""--kd"": 20.0, ""--kp"": 200, ""--no-plot"": null, ""--position-mode"": null, ""--serve-box"": null}",16,False,miss,0.769365,1.797171,0.110165,0.0,0.0,1.8,0.64,1.7,0.0,0.769365,0.0,1.2,
exp14_pd_v2,ballspeed7__kd20.0__kp200__noplot__positionmode__servebox,"{""--ball-speed"": 7, ""--kd"": 20.0, ""--kp"": 200, ""--no-plot"": null, ""--position-mode"": null, ""--serve-box"": null}",27,,,,,,,,,,,,,,0.39,no_result
exp14_pd_v2,ballspeed7__kd20.0__kp200__noplot__positionmode__servebox,"{""--ball-speed"": 7, ""--kd"": 20.0, ""--kp"": 200, ""--no-plot"": null, ""--position-mode"": null, ""--serve-box"": null}",17,True,active,0.025484,1.775673,0.025484,55.0,105.0,1.5,0.69,1.3,5.0,0.025484,1.29,1.24,
exp14_pd_v2,ballspeed7__kd20.0__kp200__noplot__positionmode__servebox,"{""--ball-speed"": 7, ""--kd"": 20.0, ""--kp"": 200, ""--no-plot"": null, ""--position-mode"": null, ""--serve-box"": null}",18,False,miss,0.539997,1.792893,0.116139,0.0,0.0,1.79,0.65,1.5,0.0,0.539997,0.0,1.12,
exp14_pd_v2,ballspeed7__kd20.0__kp200__noplot__positionmode__servebox,"{""--ball-speed"": 7, ""--kd"": 20.0, ""--kp"": 200, ""--no-plot"": null, ""--position-mode"": null, ""--serve-box"": null}",14,True,active,0.070109,1.788751,0.033678,50.0,105.0,1.8,0.71,1.5,35.0,0.070109,1.745,1.66,
exp14_pd_v2,ballspeed7__kd20.0__kp200__noplot__positionmode__servebox,"{""--ball-speed"": 7, ""--kd"": 20.0, ""--kp"": 200, ""--no-plot"": null, ""--position-mode"": null, ""--serve-box"": null}",24,True,active,0.033386,1.77765,0.033386,0.0,0.0,1.68,0.59,1.4,25.0,0.033386,0.354,0.96,
exp14_pd_v2,ballspeed7__kd20.0__kp200__noplot__positionmode__servebox,"{""--ball-speed"": 7, ""--kd"": 20.0, ""--kp"": 200, ""--no-plot"": null, ""--position-mode"": null, ""--serve-box"": null}",23,True,active,0.046202,1.777983,0.046202,0.0,0.0,1.65,0.59,1.4,5.0,0.046202,1.021,1.14,
exp14_pd_v2,ballspeed7__kd20.0__kp200__noplot__positionmode__servebox,"{""--ball-speed"": 7, ""--kd"": 20.0, ""--kp"": 200, ""--no-plot"": null, ""--position-mode"": null, ""--serve-box"": null}",25,True,active,0.080088,1.788087,0.064041,0.0,0.0,1.8,0.67,1.5,25.0,0.080088,1.654,1.07,
exp14_pd_v2,ballspeed7__kd20.0__kp200__noplot__positionmode__servebox,"{""--ball-speed"": 7, ""--kd"": 20.0, ""--kp"": 200, ""--no-plot"": null, ""--position-mode"": null, ""--serve-box"": null}",26,False,miss,0.703984,1.796539,0.138554,0.0,0.0,1.79,0.76,1.7,0.0,0.703984,0.0,1.03,
exp14_pd_v2,ballspeed7__kd20.0__kp200__noplot__positionmode__servebox,"{""--ball-speed"": 7, ""--kd"": 20.0, ""--kp"": 200, ""--no-plot"": null, ""--position-mode"": null, ""--serve-box"": null}",19,False,miss,0.390979,1.782974,0.187552,0.0,0.0,1.8,0.69,1.6,0.0,0.390979,0.0,1.62,
exp14_pd_v2,ballspeed7__kd20.0__kp200__noplot__positionmode__servebox,"{""--ball-speed"": 7, ""--kd"": 20.0, ""--kp"": 200, ""--no-plot"": null, ""--position-mode"": null, ""--serve-box"": null}",29,False,miss,0.391929,1.785101,0.176515,0.0,0.0,1.79,0.66,1.6,0.0,0.391929,0.0,0.95,
exp14_pd_v2,ballspeed7__kd20.0__kp200__noplot__positionmode__servebox,"{""--ball-speed"": 7, ""--kd"": 20.0, ""--kp"": 200, ""--no-plot"": null, ""--position-mode"": null, ""--serve-box"": null}",33,True,active,0.046426,1.782141,0.046426,0.0,0.0,1.75,0.64,1.4,20.0,0.046426,1.268,0.94,
exp14_pd_v2,ballspeed7__kd20.0__kp200__noplot__positionmode__servebox,"{""--ball-speed"": 7, ""--kd"": 20.0, ""--kp"": 200, ""--no-plot"": null, ""--position-mode"": null, ""--serve-box"": null}",34,False,miss,0.62082,1.788167,0.128192,0.0,0.0,1.8,0.6,1.6,0.0,0.62082,0.0,0.9,
exp14_pd_v2,ballspeed7__kd20.0__kp200__noplot__positionmode__servebox,"{""--ball-speed"": 7, ""--kd"": 20.0, ""--kp"": 200, ""--no-plot"": null, ""--position-mode"": null, ""--serve-box"": null}",31,True,active,0.054661,1.790499,0.054661,5.0,65.0,1.8,0.55,1.6,40.0,0.054661,1.791,1.1,
exp14_pd_v2,ballspeed7__kd20.0__kp200__noplot__positionmode__servebox,"{""--ball-speed"": 7, ""--kd"": 20.0, ""--kp"": 200, ""--no-plot"": null, ""--position-mode"": null, ""--serve-box"": null}",22,True,active,0.137861,1.792375,0.121352,0.0,0.0,1.8,0.8,1.6,60.0,0.137861,0.94,1.85,
exp14_pd_v2,ballspeed7__kd20.0__kp200__noplot__positionmode__servebox,"{""--ball-speed"": 7, ""--kd"": 20.0, ""--kp"": 200, ""--no-plot"": null, ""--position-mode"": null, ""--serve-box"": null}",35,True,active,0.111188,1.794008,0.110517,0.0,0.0,1.8,0.77,1.7,75.0,0.111188,1.591,1.05,
exp14_pd_v2,ballspeed7__kd20.0__kp200__noplot__positionmode__servebox,"{""--ball-speed"": 7, ""--kd"": 20.0, ""--kp"": 200, ""--no-plot"": null, ""--position-mode"": null, ""--serve-box"": null}",28,False,miss,0.524103,1.784498,0.106646,0.0,0.0,1.8,0.68,1.6,0.0,0.524103,0.0,1.56,
exp14_pd_v2,ballspeed7__kd20.0__kp200__noplot__positionmode__servebox,"{""--ball-speed"": 7, ""--kd"": 20.0, ""--kp"": 200, ""--no-plot"": null, ""--position-mode"": null, ""--serve-box"": null}",32,False,miss,0.065498,1.811037,6.328795,0.0,0.0,1.73,0.73,1.4,0.0,0.065498,0.0,1.34,
exp14_pd_v2,ballspeed7__kd20.0__kp200__noplot__positionmode__servebox,"{""--ball-speed"": 7, ""--kd"": 20.0, ""--kp"": 200, ""--no-plot"": null, ""--position-mode"": null, ""--serve-box"": null}",41,False,miss,0.377432,1.770504,0.351184,0.0,0.0,1.44,0.5,1.4,0.0,0.377432,0.0,0.9,
exp14_pd_v2,ballspeed7__kd20.0__kp200__noplot__positionmode__servebox,"{""--ball-speed"": 7, ""--kd"": 20.0, ""--kp"": 200, ""--no-plot"": null, ""--position-mode"": null, ""--serve-box"": null}",40,True,active,0.063463,1.778508,0.06031,25.0,25.0,1.76,0.64,1.4,5.0,0.063463,1.63,0.96,
exp14_pd_v2,ballspeed7__kd20.0__kp200__noplot__positionmode__servebox,"{""--ball-speed"": 7, ""--kd"": 20.0, ""--kp"": 200, ""--no-plot"": null, ""--position-mode"": null, ""--serve-box"": null}",30,True,active,0.040327,1.77346,0.040327,0.0,0.0,1.8,0.62,1.4,40.0,0.040327,1.491,1.73,
exp14_pd_v2,ballspeed7__kd20.0__kp200__noplot__positionmode__servebox,"{""--ball-speed"": 7, ""--kd"": 20.0, ""--kp"": 200, ""--no-plot"": null, ""--position-mode"": null, ""--serve-box"": null}",39,True,active,0.080159,1.773358,0.03636,0.0,0.0,1.68,0.7,1.3,40.0,0.080159,1.472,1.11,
exp14_pd_v2,ballspeed7__kd20.0__kp200__noplot__positionmode__servebox,"{""--ball-speed"": 7, ""--kd"": 20.0, ""--kp"": 200, ""--no-plot"": null, ""--position-mode"": null, ""--serve-box"": null}",43,False,miss,0.716451,1.802068,0.166322,0.0,50.0,1.8,0.62,1.8,0.0,0.716451,0.0,0.89,
exp14_pd_v2,ballspeed7__kd20.0__kp200__noplot__positionmode__servebox,"{""--ball-speed"": 7, ""--kd"": 20.0, ""--kp"": 200, ""--no-plot"": null, ""--position-mode"": null, ""--serve-box"": null}",38,False,miss,0.612952,1.783414,0.137157,0.0,0.0,1.79,0.62,1.5,0.0,0.612952,0.0,1.32,
exp14_pd_v2,ballspeed7__kd20.0__kp200__noplot__positionmode__servebox,"{""--ball-speed"": 7, ""--kd"": 20.0, ""--kp"": 200, ""--no-plot"": null, ""--position-mode"": null, ""--serve-box"": null}",44,True,active,0.104634,1.796103,0.103749,0.0,0.0,1.8,0.77,1.7,65.0,0.104634,1.587,1.05,
exp14_pd_v2,ballspeed7__kd20.0__kp200__noplot__positionmode__servebox,"{""--ball-speed"": 7, ""--kd"": 20.0, ""--kp"": 200, ""--no-plot"": null, ""--position-mode"": null, ""--serve-box"": null}",46,False,miss,0.503342,1.784855,0.09842,0.0,0.0,1.79,0.62,1.6,0.0,0.503342,0.0,0.91,
exp14_pd_v2,ballspeed7__kd20.0__kp200__noplot__positionmode__servebox,"{""--ball-speed"": 7, ""--kd"": 20.0, ""--kp"": 200, ""--no-plot"": null, ""--position-mode"": null, ""--serve-box"": null}",37,False,miss,0.709735,1.797255,0.126164,0.0,0.0,1.8,0.71,1.6,0.0,0.709735,0.0,1.73,
exp14_pd_v2,ballspeed7__kd20.0__kp200__noplot__positionmode__servebox,"{""--ball-speed"": 7, ""--kd"": 20.0, ""--kp"": 200, ""--no-plot"": null, ""--position-mode"": null, ""--serve-box"": null}",36,False,miss,0.536141,1.788066,0.186571,0.0,0.0,1.79,0.58,1.6,0.0,0.536141,0.0,1.85,
exp14_pd_v2,ballspeed7__kd20.0__kp200__noplot__positionmode__servebox,"{""--ball-speed"": 7, ""--kd"": 20.0, ""--kp"": 200, ""--no-plot"": null, ""--position-mode"": null, ""--serve-box"": null}",49,True,active,0.081006,1.784019,0.081006,0.0,50.0,1.78,0.74,1.5,55.0,0.081006,1.459,0.86,
exp14_pd_v2,ballspeed7__kd20.0__kp200__noplot__positionmode__servebox,"{""--ball-speed"": 7, ""--kd"": 20.0, ""--kp"": 200, ""--no-plot"": null, ""--position-mode"": null, ""--serve-box"": null}",48,False,miss,0.504386,1.790162,0.162706,25.0,105.0,1.8,0.65,1.5,0.0,0.504386,0.0,0.92,
exp14_pd_v2,ballspeed7__kd20.0__kp200__noplot__positionmode__servebox,"{""--ball-speed"": 7, ""--kd"": 20.0, ""--kp"": 200, ""--no-plot"": null, ""--position-mode"": null, ""--serve-box"": null}",42,True,active,0.064359,1.786337,0.061846,0.0,0.0,1.8,0.77,1.6,50.0,0.064359,1.375,1.49,
exp14_pd_v2,ballspeed7__kd20.0__kp200__noplot__positionmode__servebox,"{""--ball-speed"": 7, ""--kd"": 20.0, ""--kp"": 200, ""--no-plot"": null, ""--position-mode"": null, ""--serve-box"": null}",47,True,active,0.068955,1.783704,0.062872,60.0,105.0,1.8,0.7,1.6,25.0,0.068955,1.543,1.11,
exp14_pd_v2,ballspeed7__kd30.0__kp200__noplot__positionmode__servebox,"{""--ball-speed"": 7, ""--kd"": 30.0, ""--kp"": 200, ""--no-plot"": null, ""--position-mode"": null, ""--serve-box"": null}",1,False,miss,0.591164,1.798366,0.121818,40.0,105.0,1.67,0.61,1.4,0.0,0.591164,0.0,0.96,
exp14_pd_v2,ballspeed7__kd30.0__kp200__noplot__positionmode__servebox,"{""--ball-speed"": 7, ""--kd"": 30.0, ""--kp"": 200, ""--no-plot"": null, ""--position-mode"": null, ""--serve-box"": null}",3,False,miss,0.636781,1.799401,0.131309,35.0,105.0,1.79,0.61,1.6,0.0,0.636781,0.0,0.99,
exp14_pd_v2,ballspeed7__kd30.0__kp200__noplot__positionmode__servebox,"{""--ball-speed"": 7, ""--kd"": 30.0, ""--kp"": 200, ""--no-plot"": null, ""--position-mode"": null, ""--serve-box"": null}",2,True,active,0.03072,1.795911,0.03072,0.0,0.0,1.64,0.58,1.4,15.0,0.03072,0.598,1.06,
exp14_pd_v2,ballspeed7__kd20.0__kp200__noplot__positionmode__servebox,"{""--ball-speed"": 7, ""--kd"": 20.0, ""--kp"": 200, ""--no-plot"": null, ""--position-mode"": null, ""--serve-box"": null}",45,False,miss,0.503258,1.78861,0.126612,0.0,0.0,1.8,0.67,1.6,0.0,0.503258,0.0,1.72,
exp14_pd_v2,ballspeed7__kd30.0__kp200__noplot__positionmode__servebox,"{""--ball-speed"": 7, ""--kd"": 30.0, ""--kp"": 200, ""--no-plot"": null, ""--position-mode"": null, ""--serve-box"": null}",8,False,miss,0.140864,1.796052,1.371543,0.0,0.0,0.45,0.17,0.4,0.0,0.140864,0.0,0.91,
exp14_pd_v2,ballspeed7__kd30.0__kp200__noplot__positionmode__servebox,"{""--ball-speed"": 7, ""--kd"": 30.0, ""--kp"": 200, ""--no-plot"": null, ""--position-mode"": null, ""--serve-box"": null}",7,True,active,0.059299,1.795483,0.056638,0.0,0.0,1.68,0.58,1.4,55.0,0.059299,1.09,0.99,
exp14_pd_v2,ballspeed7__kd30.0__kp200__noplot__positionmode__servebox,"{""--ball-speed"": 7, ""--kd"": 30.0, ""--kp"": 200, ""--no-plot"": null, ""--position-mode"": null, ""--serve-box"": null}",10,True,active,0.136795,1.795761,0.093444,0.0,0.0,1.79,0.57,1.5,15.0,0.136795,1.404,0.96,
exp14_pd_v2,ballspeed7__kd20.0__kp200__noplot__positionmode__servebox,"{""--ball-speed"": 7, ""--kd"": 20.0, ""--kp"": 200, ""--no-plot"": null, ""--position-mode"": null, ""--serve-box"": null}",50,False,miss,0.722841,1.800961,0.141209,0.0,0.0,1.8,0.8,1.7,0.0,0.722841,0.0,1.78,
exp14_pd_v2,ballspeed7__kd30.0__kp200__noplot__positionmode__servebox,"{""--ball-speed"": 7, ""--kd"": 30.0, ""--kp"": 200, ""--no-plot"": null, ""--position-mode"": null, ""--serve-box"": null}",12,False,miss,0.518652,1.792965,0.115151,0.0,0.0,1.8,0.58,1.5,0.0,0.518652,0.0,1.02,
exp14_pd_v2,ballspeed7__kd30.0__kp200__noplot__positionmode__servebox,"{""--ball-speed"": 7, ""--kd"": 30.0, ""--kp"": 200, ""--no-plot"": null, ""--position-mode"": null, ""--serve-box"": null}",20,,,,,,,,,,,,,,0.22,no_result
exp14_pd_v2,ballspeed7__kd30.0__kp200__noplot__positionmode__servebox,"{""--ball-speed"": 7, ""--kd"": 30.0, ""--kp"": 200, ""--no-plot"": null, ""--position-mode"": null, ""--serve-box"": null}",21,,,,,,,,,,,,,,0.22,no_result
exp14_pd_v2,ballspeed7__kd30.0__kp200__noplot__positionmode__servebox,"{""--ball-speed"": 7, ""--kd"": 30.0, ""--kp"": 200, ""--no-plot"": null, ""--position-mode"": null, ""--serve-box"": null}",14,True,active,0.032618,1.795644,0.032618,55.0,105.0,1.79,0.56,1.6,30.0,0.032618,0.982,0.95,
exp14_pd_v2,ballspeed7__kd30.0__kp200__noplot__positionmode__servebox,"{""--ball-speed"": 7, ""--kd"": 30.0, ""--kp"": 200, ""--no-plot"": null, ""--position-mode"": null, ""--serve-box"": null}",5,False,miss,0.482379,1.791028,0.073059,0.0,0.0,1.53,0.5,1.3,0.0,0.482379,0.0,1.61,
exp14_pd_v2,ballspeed7__kd30.0__kp200__noplot__positionmode__servebox,"{""--ball-speed"": 7, ""--kd"": 30.0, ""--kp"": 200, ""--no-plot"": null, ""--position-mode"": null, ""--serve-box"": null}",6,True,active,0.065591,1.795285,0.063575,30.0,95.0,1.8,0.56,1.5,20.0,0.065591,1.252,1.57,
exp14_pd_v2,ballspeed7__kd30.0__kp200__noplot__positionmode__servebox,"{""--ball-speed"": 7, ""--kd"": 30.0, ""--kp"": 200, ""--no-plot"": null, ""--position-mode"": null, ""--serve-box"": null}",13,True,active,0.095849,1.796516,0.035198,0.0,0.0,1.18,0.43,1.0,55.0,0.095849,0.46,1.12,
exp14_pd_v2,ballspeed7__kd30.0__kp200__noplot__positionmode__servebox,"{""--ball-speed"": 7, ""--kd"": 30.0, ""--kp"": 200, ""--no-plot"": null, ""--position-mode"": null, ""--serve-box"": null}",15,True,active,0.034364,1.795128,0.034364,0.0,0.0,1.78,0.62,1.4,20.0,0.034364,1.403,0.97,
exp14_pd_v2,ballspeed7__kd30.0__kp200__noplot__positionmode__servebox,"{""--ball-speed"": 7, ""--kd"": 30.0, ""--kp"": 200, ""--no-plot"": null, ""--position-mode"": null, ""--serve-box"": null}",4,False,miss,0.479198,1.795952,0.116375,0.0,0.0,1.8,0.55,1.5,0.0,0.479198,0.0,1.78,
exp14_pd_v2,ballspeed7__kd30.0__kp200__noplot__positionmode__servebox,"{""--ball-speed"": 7, ""--kd"": 30.0, ""--kp"": 200, ""--no-plot"": null, ""--position-mode"": null, ""--serve-box"": null}",17,True,active,0.025243,1.795305,0.025243,55.0,105.0,1.51,0.53,1.4,15.0,0.025243,0.835,0.91,
exp14_pd_v2,ballspeed7__kd30.0__kp200__noplot__positionmode__servebox,"{""--ball-speed"": 7, ""--kd"": 30.0, ""--kp"": 200, ""--no-plot"": null, ""--position-mode"": null, ""--serve-box"": null}",9,False,miss,0.175761,1.796655,1.43233,0.0,0.0,0.47,0.18,0.4,0.0,0.175761,0.0,1.56,
exp14_pd_v2,ballspeed7__kd30.0__kp200__noplot__positionmode__servebox,"{""--ball-speed"": 7, ""--kd"": 30.0, ""--kp"": 200, ""--no-plot"": null, ""--position-mode"": null, ""--serve-box"": null}",11,True,active,0.122103,1.798494,0.118708,0.0,0.0,1.66,0.61,1.6,60.0,0.122103,1.046,1.59,
exp14_pd_v2,ballspeed7__kd30.0__kp200__noplot__positionmode__servebox,"{""--ball-speed"": 7, ""--kd"": 30.0, ""--kp"": 200, ""--no-plot"": null, ""--position-mode"": null, ""--serve-box"": null}",27,,,,,,,,,,,,,,0.37,no_result
exp14_pd_v2,ballspeed7__kd30.0__kp200__noplot__positionmode__servebox,"{""--ball-speed"": 7, ""--kd"": 30.0, ""--kp"": 200, ""--no-plot"": null, ""--position-mode"": null, ""--serve-box"": null}",19,False,miss,0.317769,1.800447,0.075143,0.0,0.0,1.62,0.59,1.4,0.0,0.317769,0.0,0.89,
exp14_pd_v2,ballspeed7__kd30.0__kp200__noplot__positionmode__servebox,"{""--ball-speed"": 7, ""--kd"": 30.0, ""--kp"": 200, ""--no-plot"": null, ""--position-mode"": null, ""--serve-box"": null}",24,True,active,0.02924,1.796943,0.02924,0.0,0.0,1.5,0.53,1.3,30.0,0.02924,0.72,0.91,
exp14_pd_v2,ballspeed7__kd30.0__kp200__noplot__positionmode__servebox,"{""--ball-speed"": 7, ""--kd"": 30.0, ""--kp"": 200, ""--no-plot"": null, ""--position-mode"": null, ""--serve-box"": null}",22,True,active,0.107314,1.79741,0.107314,0.0,0.0,1.62,0.61,1.4,60.0,0.107314,1.273,1.04,
exp14_pd_v2,ballspeed7__kd30.0__kp200__noplot__positionmode__servebox,"{""--ball-speed"": 7, ""--kd"": 30.0, ""--kp"": 200, ""--no-plot"": null, ""--position-mode"": null, ""--serve-box"": null}",23,True,active,0.022715,1.795981,0.022715,10.0,15.0,1.32,0.48,1.2,10.0,0.022715,1.324,1.01,
exp14_pd_v2,ballspeed7__kd30.0__kp200__noplot__positionmode__servebox,"{""--ball-speed"": 7, ""--kd"": 30.0, ""--kp"": 200, ""--no-plot"": null, ""--position-mode"": null, ""--serve-box"": null}",16,True,active,0.070222,1.796693,0.070222,0.0,0.0,1.77,0.61,1.5,60.0,0.070222,1.772,1.59,
exp14_pd_v2,ballspeed7__kd30.0__kp200__noplot__positionmode__servebox,"{""--ball-speed"": 7, ""--kd"": 30.0, ""--kp"": 200, ""--no-plot"": null, ""--position-mode"": null, ""--serve-box"": null}",25,True,active,0.050288,1.796095,0.050288,0.0,0.0,1.8,0.59,1.6,50.0,0.050288,1.75,0.98,
exp14_pd_v2,ballspeed7__kd30.0__kp200__noplot__positionmode__servebox,"{""--ball-speed"": 7, ""--kd"": 30.0, ""--kp"": 200, ""--no-plot"": null, ""--position-mode"": null, ""--serve-box"": null}",32,False,miss,0.052009,1.797319,6.314467,0.0,0.0,1.64,0.6,1.4,0.0,0.052009,0.0,0.7,
exp14_pd_v2,ballspeed7__kd30.0__kp200__noplot__positionmode__servebox,"{""--ball-speed"": 7, ""--kd"": 30.0, ""--kp"": 200, ""--no-plot"": null, ""--position-mode"": null, ""--serve-box"": null}",18,False,miss,0.492322,1.797224,0.12824,0.0,0.0,1.78,0.58,1.5,0.0,0.492322,0.0,1.63,
exp14_pd_v2,ballspeed7__kd30.0__kp200__noplot__positionmode__servebox,"{""--ball-speed"": 7, ""--kd"": 30.0, ""--kp"": 200, ""--no-plot"": null, ""--position-mode"": null, ""--serve-box"": null}",29,False,miss,0.329122,1.797697,0.135944,0.0,0.0,1.64,0.59,1.4,0.0,0.329122,0.0,0.94,
exp14_pd_v2,ballspeed7__kd30.0__kp200__noplot__positionmode__servebox,"{""--ball-speed"": 7, ""--kd"": 30.0, ""--kp"": 200, ""--no-plot"": null, ""--position-mode"": null, ""--serve-box"": null}",26,True,active,0.145182,1.798926,0.114013,5.0,85.0,1.76,0.61,1.6,50.0,0.145182,1.524,1.22,
exp14_pd_v2,ballspeed7__kd30.0__kp200__noplot__positionmode__servebox,"{""--ball-speed"": 7, ""--kd"": 30.0, ""--kp"": 200, ""--no-plot"": null, ""--position-mode"": null, ""--serve-box"": null}",36,True,active,0.086832,1.793052,0.064231,0.0,0.0,1.76,0.59,1.3,55.0,0.086832,1.492,0.9,
exp14_pd_v2,ballspeed7__kd30.0__kp200__noplot__positionmode__servebox,"{""--ball-speed"": 7, ""--kd"": 30.0, ""--kp"": 200, ""--no-plot"": null, ""--position-mode"": null, ""--serve-box"": null}",35,True,active,0.088405,1.79796,0.088405,0.0,0.0,1.78,0.61,1.6,65.0,0.088405,1.365,1.0,
exp14_pd_v2,ballspeed7__kd30.0__kp200__noplot__positionmode__servebox,"{""--ball-speed"": 7, ""--kd"": 30.0, ""--kp"": 200, ""--no-plot"": null, ""--position-mode"": null, ""--serve-box"": null}",34,False,miss,0.436055,1.795445,0.102445,0.0,0.0,1.79,0.59,1.6,0.0,0.436055,0.0,1.08,
exp14_pd_v2,ballspeed7__kd30.0__kp200__noplot__positionmode__servebox,"{""--ball-speed"": 7, ""--kd"": 30.0, ""--kp"": 200, ""--no-plot"": null, ""--position-mode"": null, ""--serve-box"": null}",28,False,miss,0.518825,1.796115,0.101958,0.0,0.0,1.78,0.57,1.5,0.0,0.518825,0.0,1.57,
exp14_pd_v2,ballspeed7__kd30.0__kp200__noplot__positionmode__servebox,"{""--ball-speed"": 7, ""--kd"": 30.0, ""--kp"": 200, ""--no-plot"": null, ""--position-mode"": null, ""--serve-box"": null}",33,False,miss,0.316902,1.795454,0.103697,0.0,0.0,1.8,0.55,1.5,0.0,0.316902,0.0,1.48,
exp14_pd_v2,ballspeed7__kd30.0__kp200__noplot__positionmode__servebox,"{""--ball-speed"": 7, ""--kd"": 30.0, ""--kp"": 200, ""--no-plot"": null, ""--position-mode"": null, ""--serve-box"": null}",39,True,active,0.077875,1.793297,0.064308,0.0,0.0,1.8,0.58,1.5,55.0,0.077875,1.676,0.94,
exp14_pd_v2,ballspeed7__kd30.0__kp200__noplot__positionmode__servebox,"{""--ball-speed"": 7, ""--kd"": 30.0, ""--kp"": 200, ""--no-plot"": null, ""--position-mode"": null, ""--serve-box"": null}",30,True,active,0.043188,1.79432,0.043076,0.0,0.0,1.63,0.56,1.4,40.0,0.043188,1.347,1.68,
exp14_pd_v2,ballspeed7__kd30.0__kp200__noplot__positionmode__servebox,"{""--ball-speed"": 7, ""--kd"": 30.0, ""--kp"": 200, ""--no-plot"": null, ""--position-mode"": null, ""--serve-box"": null}",31,True,active,0.032499,1.795903,0.032499,55.0,65.0,1.75,0.54,1.6,30.0,0.032499,0.93,1.71,
exp14_pd_v2,ballspeed7__kd30.0__kp200__noplot__positionmode__servebox,"{""--ball-speed"": 7, ""--kd"": 30.0, ""--kp"": 200, ""--no-plot"": null, ""--position-mode"": null, ""--serve-box"": null}",42,True,active,0.075906,1.79644,0.065668,0.0,0.0,1.8,0.59,1.5,55.0,0.075906,1.507,0.95,
exp14_pd_v2,ballspeed7__kd30.0__kp200__noplot__positionmode__servebox,"{""--ball-speed"": 7, ""--kd"": 30.0, ""--kp"": 200, ""--no-plot"": null, ""--position-mode"": null, ""--serve-box"": null}",38,False,miss,0.553165,1.796683,0.117228,0.0,0.0,1.8,0.59,1.6,0.0,0.553165,0.0,1.04,
exp14_pd_v2,ballspeed7__kd30.0__kp200__noplot__positionmode__servebox,"{""--ball-speed"": 7, ""--kd"": 30.0, ""--kp"": 200, ""--no-plot"": null, ""--position-mode"": null, ""--serve-box"": null}",44,True,active,0.127109,1.798061,0.105566,0.0,0.0,1.72,0.61,1.5,55.0,0.127109,1.391,0.99,
exp14_pd_v2,ballspeed7__kd30.0__kp200__noplot__positionmode__servebox,"{""--ball-speed"": 7, ""--kd"": 30.0, ""--kp"": 200, ""--no-plot"": null, ""--position-mode"": null, ""--serve-box"": null}",45,True,active,0.054509,1.795975,0.054509,0.0,0.0,1.77,0.58,1.6,35.0,0.054509,1.172,0.94,
exp14_pd_v2,ballspeed7__kd30.0__kp200__noplot__positionmode__servebox,"{""--ball-speed"": 7, ""--kd"": 30.0, ""--kp"": 200, ""--no-plot"": null, ""--position-mode"": null, ""--serve-box"": null}",43,False,miss,0.636395,1.799592,0.147264,0.0,0.0,1.78,0.61,1.6,0.0,0.636395,0.0,1.25,
exp14_pd_v2,ballspeed7__kd30.0__kp200__noplot__positionmode__servebox,"{""--ball-speed"": 7, ""--kd"": 30.0, ""--kp"": 200, ""--no-plot"": null, ""--position-mode"": null, ""--serve-box"": null}",37,False,miss,0.575096,1.79719,0.125807,0.0,0.0,1.79,0.61,1.5,0.0,0.575096,0.0,1.76,
exp14_pd_v2,ballspeed7__kd30.0__kp200__noplot__positionmode__servebox,"{""--ball-speed"": 7, ""--kd"": 30.0, ""--kp"": 200, ""--no-plot"": null, ""--position-mode"": null, ""--serve-box"": null}",48,True,active,0.067599,1.79509,0.06351,50.0,105.0,1.76,0.55,1.5,30.0,0.067599,0.434,1.11,
exp14_pd_v2,ballspeed7__kd30.0__kp200__noplot__positionmode__servebox,"{""--ball-speed"": 7, ""--kd"": 30.0, ""--kp"": 200, ""--no-plot"": null, ""--position-mode"": null, ""--serve-box"": null}",40,True,active,0.058942,1.794435,0.050555,30.0,90.0,1.77,0.59,1.5,20.0,0.058942,0.504,1.7,
exp14_pd_v2,ballspeed7__kd30.0__kp200__noplot__positionmode__servebox,"{""--ball-speed"": 7, ""--kd"": 30.0, ""--kp"": 200, ""--no-plot"": null, ""--position-mode"": null, ""--serve-box"": null}",41,True,active,0.087621,1.796598,0.077274,55.0,105.0,1.8,0.56,1.6,25.0,0.087621,0.977,1.74,
exp14_pd_v2,ballspeed7__kd30.0__kp200__noplot__positionmode__servebox,"{""--ball-speed"": 7, ""--kd"": 30.0, ""--kp"": 200, ""--no-plot"": null, ""--position-mode"": null, ""--serve-box"": null}",46,True,active,0.06664,1.795859,0.051987,0.0,0.0,1.66,0.58,1.5,45.0,0.06664,0.85,1.25,
exp14_pd_v2,ballspeed7__kd30.0__kp200__noplot__positionmode__servebox,"{""--ball-speed"": 7, ""--kd"": 30.0, ""--kp"": 200, ""--no-plot"": null, ""--position-mode"": null, ""--serve-box"": null}",49,True,active,0.055706,1.795641,0.051822,0.0,0.0,1.78,0.59,1.4,45.0,0.055706,1.339,1.02,
exp14_pd_v2,ballspeed7__kd15.0__kp300__noplot__positionmode__servebox,"{""--ball-speed"": 7, ""--kd"": 15.0, ""--kp"": 300, ""--no-plot"": null, ""--position-mode"": null, ""--serve-box"": null}",2,True,active,0.07146,1.78808,0.05187,0.0,0.0,1.41,0.82,1.1,40.0,0.07146,0.827,1.0,
exp14_pd_v2,ballspeed7__kd15.0__kp300__noplot__positionmode__servebox,"{""--ball-speed"": 7, ""--kd"": 15.0, ""--kp"": 300, ""--no-plot"": null, ""--position-mode"": null, ""--serve-box"": null}",8,False,miss,0.217058,1.750969,3.398605,0.0,0.0,0.93,0.34,0.8,0.0,0.217058,0.0,0.75,
exp14_pd_v2,ballspeed7__kd15.0__kp300__noplot__positionmode__servebox,"{""--ball-speed"": 7, ""--kd"": 15.0, ""--kp"": 300, ""--no-plot"": null, ""--position-mode"": null, ""--serve-box"": null}",5,True,active,0.071312,1.766498,0.058958,0.0,0.0,1.8,0.62,1.5,30.0,0.071312,1.449,0.99,
exp14_pd_v2,ballspeed7__kd30.0__kp200__noplot__positionmode__servebox,"{""--ball-speed"": 7, ""--kd"": 30.0, ""--kp"": 200, ""--no-plot"": null, ""--position-mode"": null, ""--serve-box"": null}",50,True,active,0.149701,1.79884,0.117555,35.0,105.0,1.78,0.61,1.6,50.0,0.149701,1.781,1.1,
exp14_pd_v2,ballspeed7__kd30.0__kp200__noplot__positionmode__servebox,"{""--ball-speed"": 7, ""--kd"": 30.0, ""--kp"": 200, ""--no-plot"": null, ""--position-mode"": null, ""--serve-box"": null}",47,True,active,0.130432,1.795618,0.0978,50.0,105.0,1.8,0.59,1.6,15.0,0.130432,0.519,1.57,
exp14_pd_v2,ballspeed7__kd15.0__kp300__noplot__positionmode__servebox,"{""--ball-speed"": 7, ""--kd"": 15.0, ""--kp"": 300, ""--no-plot"": null, ""--position-mode"": null, ""--serve-box"": null}",7,False,miss,0.432482,1.778676,0.106198,0.0,0.0,1.75,0.65,1.5,0.0,0.432482,0.0,0.97,
exp14_pd_v2,ballspeed7__kd15.0__kp300__noplot__positionmode__servebox,"{""--ball-speed"": 7, ""--kd"": 15.0, ""--kp"": 300, ""--no-plot"": null, ""--position-mode"": null, ""--serve-box"": null}",4,False,miss,0.537682,1.780907,0.187108,0.0,0.0,1.79,0.78,1.6,0.0,0.537682,0.0,1.26,
exp14_pd_v2,ballspeed7__kd15.0__kp300__noplot__positionmode__servebox,"{""--ball-speed"": 7, ""--kd"": 15.0, ""--kp"": 300, ""--no-plot"": null, ""--position-mode"": null, ""--serve-box"": null}",9,True,active,0.09126,1.777719,0.046355,45.0,105.0,1.55,0.73,1.4,25.0,0.09126,1.47,0.91,
exp14_pd_v2,ballspeed7__kd15.0__kp300__noplot__positionmode__servebox,"{""--ball-speed"": 7, ""--kd"": 15.0, ""--kp"": 300, ""--no-plot"": null, ""--position-mode"": null, ""--serve-box"": null}",21,,,,,,,,,,,,,,0.27,no_result
exp14_pd_v2,ballspeed7__kd15.0__kp300__noplot__positionmode__servebox,"{""--ball-speed"": 7, ""--kd"": 15.0, ""--kp"": 300, ""--no-plot"": null, ""--position-mode"": null, ""--serve-box"": null}",6,True,active,0.061388,1.768978,0.046987,45.0,105.0,1.79,0.81,1.5,25.0,0.061388,1.31,1.42,
exp14_pd_v2,ballspeed7__kd15.0__kp300__noplot__positionmode__servebox,"{""--ball-speed"": 7, ""--kd"": 15.0, ""--kp"": 300, ""--no-plot"": null, ""--position-mode"": null, ""--serve-box"": null}",20,,,,,,,,,,,,,,0.33,no_result
exp14_pd_v2,ballspeed7__kd15.0__kp300__noplot__positionmode__servebox,"{""--ball-speed"": 7, ""--kd"": 15.0, ""--kp"": 300, ""--no-plot"": null, ""--position-mode"": null, ""--serve-box"": null}",3,False,miss,0.71397,1.816252,0.120189,0.0,0.0,1.8,0.7,1.7,0.0,0.71397,0.0,1.56,
exp14_pd_v2,ballspeed7__kd15.0__kp300__noplot__positionmode__servebox,"{""--ball-speed"": 7, ""--kd"": 15.0, ""--kp"": 300, ""--no-plot"": null, ""--position-mode"": null, ""--serve-box"": null}",10,True,active,0.11177,1.792332,0.071861,0.0,0.0,1.79,0.68,1.6,25.0,0.11177,1.711,1.06,
exp14_pd_v2,ballspeed7__kd15.0__kp300__noplot__positionmode__servebox,"{""--ball-speed"": 7, ""--kd"": 15.0, ""--kp"": 300, ""--no-plot"": null, ""--position-mode"": null, ""--serve-box"": null}",27,,,,,,,,,,,,,,0.24,no_result
exp14_pd_v2,ballspeed7__kd15.0__kp300__noplot__positionmode__servebox,"{""--ball-speed"": 7, ""--kd"": 15.0, ""--kp"": 300, ""--no-plot"": null, ""--position-mode"": null, ""--serve-box"": null}",12,True,active,0.062579,1.793217,0.050786,0.0,0.0,1.8,0.63,1.5,25.0,0.062579,1.203,1.05,
exp14_pd_v2,ballspeed7__kd15.0__kp300__noplot__positionmode__servebox,"{""--ball-speed"": 7, ""--kd"": 15.0, ""--kp"": 300, ""--no-plot"": null, ""--position-mode"": null, ""--serve-box"": null}",15,False,miss,0.088992,1.810445,0.164429,0.0,0.0,1.76,0.62,1.5,0.0,0.088992,0.0,1.09,
exp14_pd_v2,ballspeed7__kd15.0__kp300__noplot__positionmode__servebox,"{""--ball-speed"": 7, ""--kd"": 15.0, ""--kp"": 300, ""--no-plot"": null, ""--position-mode"": null, ""--serve-box"": null}",11,False,miss,0.69878,1.783158,0.131985,0.0,0.0,1.8,0.83,1.8,0.0,0.69878,0.0,1.25,
exp14_pd_v2,ballspeed7__kd15.0__kp300__noplot__positionmode__servebox,"{""--ball-speed"": 7, ""--kd"": 15.0, ""--kp"": 300, ""--no-plot"": null, ""--position-mode"": null, ""--serve-box"": null}",24,False,miss,0.087688,1.817016,1.44416,0.0,0.0,1.79,0.72,1.5,0.0,0.087688,0.0,0.74,
exp14_pd_v2,ballspeed7__kd15.0__kp300__noplot__positionmode__servebox,"{""--ball-speed"": 7, ""--kd"": 15.0, ""--kp"": 300, ""--no-plot"": null, ""--position-mode"": null, ""--serve-box"": null}",22,False,miss,0.836341,1.816501,0.137831,0.0,0.0,1.8,0.95,1.9,0.0,0.836341,0.0,0.98,
exp14_pd_v2,ballspeed7__kd15.0__kp300__noplot__positionmode__servebox,"{""--ball-speed"": 7, ""--kd"": 15.0, ""--kp"": 300, ""--no-plot"": null, ""--position-mode"": null, ""--serve-box"": null}",23,True,active,0.06809,1.782771,0.058569,50.0,45.0,1.78,0.66,1.5,15.0,0.06809,1.781,0.98,
exp14_pd_v2,ballspeed7__kd15.0__kp300__noplot__positionmode__servebox,"{""--ball-speed"": 7, ""--kd"": 15.0, ""--kp"": 300, ""--no-plot"": null, ""--position-mode"": null, ""--serve-box"": null}",19,False,miss,0.41403,1.785394,0.145427,0.0,0.0,1.8,0.71,1.4,0.0,0.41403,0.0,1.34,
exp14_pd_v2,ballspeed7__kd15.0__kp300__noplot__positionmode__servebox,"{""--ball-speed"": 7, ""--kd"": 15.0, ""--kp"": 300, ""--no-plot"": null, ""--position-mode"": null, ""--serve-box"": null}",26,False,miss,0.771127,1.815625,0.13485,0.0,0.0,1.8,0.85,1.8,0.0,0.771127,0.0,0.93,
exp14_pd_v2,ballspeed7__kd15.0__kp300__noplot__positionmode__servebox,"{""--ball-speed"": 7, ""--kd"": 15.0, ""--kp"": 300, ""--no-plot"": null, ""--position-mode"": null, ""--serve-box"": null}",13,True,active,0.090984,1.743825,0.042362,0.0,0.0,1.79,0.67,1.4,20.0,0.090984,1.789,1.66,
exp14_pd_v2,ballspeed7__kd15.0__kp300__noplot__positionmode__servebox,"{""--ball-speed"": 7, ""--kd"": 15.0, ""--kp"": 300, ""--no-plot"": null, ""--position-mode"": null, ""--serve-box"": null}",17,False,miss,0.09906,1.828646,2.413973,0.0,0.0,1.79,0.81,1.5,0.0,0.09906,0.0,1.51,
exp14_pd_v2,ballspeed7__kd15.0__kp300__noplot__positionmode__servebox,"{""--ball-speed"": 7, ""--kd"": 15.0, ""--kp"": 300, ""--no-plot"": null, ""--position-mode"": null, ""--serve-box"": null}",25,False,miss,0.589512,1.786632,0.092114,0.0,0.0,1.8,0.77,1.6,0.0,0.589512,0.0,1.08,
exp14_pd_v2,ballspeed7__kd15.0__kp300__noplot__positionmode__servebox,"{""--ball-speed"": 7, ""--kd"": 15.0, ""--kp"": 300, ""--no-plot"": null, ""--position-mode"": null, ""--serve-box"": null}",30,True,active,0.037889,1.840768,0.037889,0.0,0.0,1.8,1.0,1.6,35.0,0.037889,1.442,0.87,
exp14_pd_v2,ballspeed7__kd15.0__kp300__noplot__positionmode__servebox,"{""--ball-speed"": 7, ""--kd"": 15.0, ""--kp"": 300, ""--no-plot"": null, ""--position-mode"": null, ""--serve-box"": null}",28,True,active,0.055138,1.788336,0.045541,0.0,0.0,1.79,0.65,1.5,35.0,0.055138,1.528,0.93,
exp14_pd_v2,ballspeed7__kd15.0__kp300__noplot__positionmode__servebox,"{""--ball-speed"": 7, ""--kd"": 15.0, ""--kp"": 300, ""--no-plot"": null, ""--position-mode"": null, ""--serve-box"": null}",14,True,active,0.137977,1.766613,0.086692,0.0,0.0,1.67,0.79,1.5,0.0,0.137977,1.301,1.96,
exp14_pd_v2,ballspeed7__kd15.0__kp300__noplot__positionmode__servebox,"{""--ball-speed"": 7, ""--kd"": 15.0, ""--kp"": 300, ""--no-plot"": null, ""--position-mode"": null, ""--serve-box"": null}",18,False,miss,0.49534,1.793661,0.146252,0.0,0.0,1.8,0.77,1.5,0.0,0.49534,0.0,1.85,
exp14_pd_v2,ballspeed7__kd15.0__kp300__noplot__positionmode__servebox,"{""--ball-speed"": 7, ""--kd"": 15.0, ""--kp"": 300, ""--no-plot"": null, ""--position-mode"": null, ""--serve-box"": null}",16,True,active,0.06614,1.791879,0.053191,0.0,0.0,1.8,0.66,1.6,55.0,0.06614,1.568,1.9,
exp14_pd_v2,ballspeed7__kd15.0__kp300__noplot__positionmode__servebox,"{""--ball-speed"": 7, ""--kd"": 15.0, ""--kp"": 300, ""--no-plot"": null, ""--position-mode"": null, ""--serve-box"": null}",32,False,miss,0.281664,1.778084,0.109633,0.0,0.0,1.77,0.84,1.5,0.0,0.281664,0.0,0.97,
exp14_pd_v2,ballspeed7__kd15.0__kp300__noplot__positionmode__servebox,"{""--ball-speed"": 7, ""--kd"": 15.0, ""--kp"": 300, ""--no-plot"": null, ""--position-mode"": null, ""--serve-box"": null}",33,False,miss,0.39176,1.803695,0.122077,0.0,0.0,1.8,0.77,1.5,0.0,0.39176,0.0,0.93,
exp14_pd_v2,ballspeed7__kd15.0__kp300__noplot__positionmode__servebox,"{""--ball-speed"": 7, ""--kd"": 15.0, ""--kp"": 300, ""--no-plot"": null, ""--position-mode"": null, ""--serve-box"": null}",36,True,active,0.101058,1.76277,0.009867,0.0,0.0,1.8,0.74,1.5,35.0,0.101058,0.98,0.99,
exp14_pd_v2,ballspeed7__kd15.0__kp300__noplot__positionmode__servebox,"{""--ball-speed"": 7, ""--kd"": 15.0, ""--kp"": 300, ""--no-plot"": null, ""--position-mode"": null, ""--serve-box"": null}",39,False,miss,0.127045,1.951161,1.89152,0.0,0.0,1.8,0.56,1.5,0.0,0.127045,0.0,0.87,
exp14_pd_v2,ballspeed7__kd15.0__kp300__noplot__positionmode__servebox,"{""--ball-speed"": 7, ""--kd"": 15.0, ""--kp"": 300, ""--no-plot"": null, ""--position-mode"": null, ""--serve-box"": null}",41,False,miss,0.20762,1.900775,1.103546,0.0,0.0,1.71,0.65,1.5,0.0,0.20762,0.0,0.83,
exp14_pd_v2,ballspeed7__kd15.0__kp300__noplot__positionmode__servebox,"{""--ball-speed"": 7, ""--kd"": 15.0, ""--kp"": 300, ""--no-plot"": null, ""--position-mode"": null, ""--serve-box"": null}",29,True,active,0.080584,1.820773,0.059595,0.0,0.0,1.61,0.76,1.4,35.0,0.080584,0.899,1.72,
exp14_pd_v2,ballspeed7__kd15.0__kp300__noplot__positionmode__servebox,"{""--ball-speed"": 7, ""--kd"": 15.0, ""--kp"": 300, ""--no-plot"": null, ""--position-mode"": null, ""--serve-box"": null}",37,True,active,0.078686,1.800305,0.068278,0.0,0.0,1.8,0.62,1.6,45.0,0.078686,1.754,1.15,
exp14_pd_v2,ballspeed7__kd15.0__kp300__noplot__positionmode__servebox,"{""--ball-speed"": 7, ""--kd"": 15.0, ""--kp"": 300, ""--no-plot"": null, ""--position-mode"": null, ""--serve-box"": null}",31,False,miss,0.488809,1.81257,0.151618,25.0,105.0,1.8,0.71,1.7,0.0,0.488809,0.0,1.65,
exp14_pd_v2,ballspeed7__kd15.0__kp300__noplot__positionmode__servebox,"{""--ball-speed"": 7, ""--kd"": 15.0, ""--kp"": 300, ""--no-plot"": null, ""--position-mode"": null, ""--serve-box"": null}",40,False,miss,0.430783,1.783856,0.168879,0.0,0.0,1.8,0.99,1.6,0.0,0.430783,0.0,1.06,
exp14_pd_v2,ballspeed7__kd15.0__kp300__noplot__positionmode__servebox,"{""--ball-speed"": 7, ""--kd"": 15.0, ""--kp"": 300, ""--no-plot"": null, ""--position-mode"": null, ""--serve-box"": null}",42,True,active,0.088392,1.795282,0.029858,0.0,0.0,1.8,0.68,1.6,30.0,0.088392,1.547,1.01,
exp14_pd_v2,ballspeed7__kd15.0__kp300__noplot__positionmode__servebox,"{""--ball-speed"": 7, ""--kd"": 15.0, ""--kp"": 300, ""--no-plot"": null, ""--position-mode"": null, ""--serve-box"": null}",38,True,active,0.071617,1.790097,0.060537,0.0,0.0,1.79,0.65,1.6,35.0,0.071617,1.768,1.29,
exp14_pd_v2,ballspeed7__kd15.0__kp300__noplot__positionmode__servebox,"{""--ball-speed"": 7, ""--kd"": 15.0, ""--kp"": 300, ""--no-plot"": null, ""--position-mode"": null, ""--serve-box"": null}",35,False,miss,0.621266,1.792556,0.084726,0.0,0.0,1.8,0.73,1.6,0.0,0.621266,0.0,1.58,
exp14_pd_v2,ballspeed7__kd15.0__kp300__noplot__positionmode__servebox,"{""--ball-speed"": 7, ""--kd"": 15.0, ""--kp"": 300, ""--no-plot"": null, ""--position-mode"": null, ""--serve-box"": null}",45,True,active,0.059854,1.816993,0.055606,0.0,0.0,1.8,0.77,1.6,45.0,0.059854,1.668,1.04,
exp14_pd_v2,ballspeed7__kd15.0__kp300__noplot__positionmode__servebox,"{""--ball-speed"": 7, ""--kd"": 15.0, ""--kp"": 300, ""--no-plot"": null, ""--position-mode"": null, ""--serve-box"": null}",34,True,active,0.059199,1.783664,0.046347,0.0,0.0,1.8,0.63,1.6,35.0,0.059199,1.763,1.78,
exp14_pd_v2,ballspeed7__kd15.0__kp300__noplot__positionmode__servebox,"{""--ball-speed"": 7, ""--kd"": 15.0, ""--kp"": 300, ""--no-plot"": null, ""--position-mode"": null, ""--serve-box"": null}",43,True,active,0.092702,1.71439,0.040777,0.0,0.0,1.8,0.61,1.6,40.0,0.092702,1.642,1.29,
exp14_pd_v2,ballspeed7__kd15.0__kp300__noplot__positionmode__servebox,"{""--ball-speed"": 7, ""--kd"": 15.0, ""--kp"": 300, ""--no-plot"": null, ""--position-mode"": null, ""--serve-box"": null}",46,False,miss,0.239553,1.776191,2.530765,0.0,0.0,0.81,0.31,0.7,0.0,0.239553,0.0,1.13,
exp14_pd_v2,ballspeed7__kd15.0__kp300__noplot__positionmode__servebox,"{""--ball-speed"": 7, ""--kd"": 15.0, ""--kp"": 300, ""--no-plot"": null, ""--position-mode"": null, ""--serve-box"": null}",44,False,miss,0.207335,1.880779,0.299807,0.0,0.0,1.8,0.57,1.5,0.0,0.207335,0.0,1.26,
exp14_pd_v2,ballspeed7__kd15.0__kp300__noplot__positionmode__servebox,"{""--ball-speed"": 7, ""--kd"": 15.0, ""--kp"": 300, ""--no-plot"": null, ""--position-mode"": null, ""--serve-box"": null}",47,False,miss,0.526275,1.781903,0.133244,15.0,70.0,1.8,0.76,1.6,0.0,0.526275,0.0,1.05,
exp14_pd_v2,ballspeed7__kd15.0__kp300__noplot__positionmode__servebox,"{""--ball-speed"": 7, ""--kd"": 15.0, ""--kp"": 300, ""--no-plot"": null, ""--position-mode"": null, ""--serve-box"": null}",50,False,miss,0.8,1.819768,0.197471,0.0,105.0,1.79,0.75,1.8,0.0,0.8,0.0,1.01,
exp14_pd_v2,ballspeed7__kd24.0__kp300__noplot__positionmode__servebox,"{""--ball-speed"": 7, ""--kd"": 24.0, ""--kp"": 300, ""--no-plot"": null, ""--position-mode"": null, ""--serve-box"": null}",4,False,miss,0.569847,1.796904,0.101543,0.0,0.0,1.8,0.59,1.6,0.0,0.569847,0.0,0.92,
exp14_pd_v2,ballspeed7__kd24.0__kp300__noplot__positionmode__servebox,"{""--ball-speed"": 7, ""--kd"": 24.0, ""--kp"": 300, ""--no-plot"": null, ""--position-mode"": null, ""--serve-box"": null}",3,False,miss,0.729309,1.802425,0.126245,0.0,0.0,1.8,0.72,1.8,0.0,0.729309,0.0,1.02,
exp14_pd_v2,ballspeed7__kd24.0__kp300__noplot__positionmode__servebox,"{""--ball-speed"": 7, ""--kd"": 24.0, ""--kp"": 300, ""--no-plot"": null, ""--position-mode"": null, ""--serve-box"": null}",5,True,active,0.059495,1.789736,0.059274,0.0,0.0,1.8,0.64,1.5,40.0,0.059495,1.424,0.99,
exp14_pd_v2,ballspeed7__kd24.0__kp300__noplot__positionmode__servebox,"{""--ball-speed"": 7, ""--kd"": 24.0, ""--kp"": 300, ""--no-plot"": null, ""--position-mode"": null, ""--serve-box"": null}",7,False,miss,0.60296,1.798455,0.124763,0.0,0.0,1.79,0.64,1.5,0.0,0.60296,0.0,0.92,
exp14_pd_v2,ballspeed7__kd24.0__kp300__noplot__positionmode__servebox,"{""--ball-speed"": 7, ""--kd"": 24.0, ""--kp"": 300, ""--no-plot"": null, ""--position-mode"": null, ""--serve-box"": null}",9,True,active,0.082162,1.789753,0.062173,60.0,105.0,1.8,0.59,1.5,35.0,0.082162,1.553,0.95,
exp14_pd_v2,ballspeed7__kd24.0__kp300__noplot__positionmode__servebox,"{""--ball-speed"": 7, ""--kd"": 24.0, ""--kp"": 300, ""--no-plot"": null, ""--position-mode"": null, ""--serve-box"": null}",11,False,miss,0.755083,1.799438,0.178299,0.0,0.0,1.8,0.72,1.8,0.0,0.755083,0.0,0.92,
exp14_pd_v2,ballspeed7__kd24.0__kp300__noplot__positionmode__servebox,"{""--ball-speed"": 7, ""--kd"": 24.0, ""--kp"": 300, ""--no-plot"": null, ""--position-mode"": null, ""--serve-box"": null}",13,True,active,0.059193,1.789518,0.038184,0.0,0.0,1.78,0.68,1.5,45.0,0.059193,1.243,0.88,
exp14_pd_v2,ballspeed7__kd15.0__kp300__noplot__positionmode__servebox,"{""--ball-speed"": 7, ""--kd"": 15.0, ""--kp"": 300, ""--no-plot"": null, ""--position-mode"": null, ""--serve-box"": null}",49,False,miss,0.312111,1.783181,0.103595,0.0,0.0,1.78,0.88,1.5,0.0,0.312111,0.0,1.69,
exp14_pd_v2,ballspeed7__kd24.0__kp300__noplot__positionmode__servebox,"{""--ball-speed"": 7, ""--kd"": 24.0, ""--kp"": 300, ""--no-plot"": null, ""--position-mode"": null, ""--serve-box"": null}",1,True,active,0.101312,1.795114,0.080804,0.0,0.0,1.78,0.71,1.6,35.0,0.101312,1.479,1.6,
exp14_pd_v2,ballspeed7__kd24.0__kp300__noplot__positionmode__servebox,"{""--ball-speed"": 7, ""--kd"": 24.0, ""--kp"": 300, ""--no-plot"": null, ""--position-mode"": null, ""--serve-box"": null}",12,False,miss,0.533786,1.794932,0.099183,0.0,0.0,1.79,0.65,1.5,0.0,0.533786,0.0,1.09,
exp14_pd_v2,ballspeed7__kd24.0__kp300__noplot__positionmode__servebox,"{""--ball-speed"": 7, ""--kd"": 24.0, ""--kp"": 300, ""--no-plot"": null, ""--position-mode"": null, ""--serve-box"": null}",8,False,miss,0.15861,1.789369,2.722496,0.0,0.0,0.65,0.22,0.5,0.0,0.15861,0.0,1.31,
exp14_pd_v2,ballspeed7__kd15.0__kp300__noplot__positionmode__servebox,"{""--ball-speed"": 7, ""--kd"": 15.0, ""--kp"": 300, ""--no-plot"": null, ""--position-mode"": null, ""--serve-box"": null}",48,False,miss,0.523488,1.790913,0.22811,0.0,105.0,1.8,0.74,1.7,0.0,0.523488,0.0,1.91,
exp14_pd_v2,ballspeed7__kd24.0__kp300__noplot__positionmode__servebox,"{""--ball-speed"": 7, ""--kd"": 24.0, ""--kp"": 300, ""--no-plot"": null, ""--position-mode"": null, ""--serve-box"": null}",21,,,,,,,,,,,,,,0.27,no_result
exp14_pd_v2,ballspeed7__kd24.0__kp300__noplot__positionmode__servebox,"{""--ball-speed"": 7, ""--kd"": 24.0, ""--kp"": 300, ""--no-plot"": null, ""--position-mode"": null, ""--serve-box"": null}",10,False,miss,0.590254,1.794971,0.118237,0.0,0.0,1.8,0.65,1.6,0.0,0.590254,0.0,1.25,
exp14_pd_v2,ballspeed7__kd24.0__kp300__noplot__positionmode__servebox,"{""--ball-speed"": 7, ""--kd"": 24.0, ""--kp"": 300, ""--no-plot"": null, ""--position-mode"": null, ""--serve-box"": null}",20,,,,,,,,,,,,,,0.28,no_result
exp14_pd_v2,ballspeed7__kd24.0__kp300__noplot__positionmode__servebox,"{""--ball-speed"": 7, ""--kd"": 24.0, ""--kp"": 300, ""--no-plot"": null, ""--position-mode"": null, ""--serve-box"": null}",2,True,active,0.039292,1.791887,0.039292,0.0,0.0,1.19,0.46,0.9,25.0,0.039292,0.513,1.85,
exp14_pd_v2,ballspeed7__kd24.0__kp300__noplot__positionmode__servebox,"{""--ball-speed"": 7, ""--kd"": 24.0, ""--kp"": 300, ""--no-plot"": null, ""--position-mode"": null, ""--serve-box"": null}",15,True,active,0.094286,1.788069,0.074543,0.0,0.0,1.79,0.64,1.5,10.0,0.094286,1.54,0.94,
exp14_pd_v2,ballspeed7__kd24.0__kp300__noplot__positionmode__servebox,"{""--ball-speed"": 7, ""--kd"": 24.0, ""--kp"": 300, ""--no-plot"": null, ""--position-mode"": null, ""--serve-box"": null}",14,True,active,0.088384,1.793704,0.088384,0.0,0.0,1.8,0.63,1.7,60.0,0.088384,0.887,1.06,
exp14_pd_v2,ballspeed7__kd24.0__kp300__noplot__positionmode__servebox,"{""--ball-speed"": 7, ""--kd"": 24.0, ""--kp"": 300, ""--no-plot"": null, ""--position-mode"": null, ""--serve-box"": null}",27,,,,,,,,,,,,,,0.3,no_result
exp14_pd_v2,ballspeed7__kd24.0__kp300__noplot__positionmode__servebox,"{""--ball-speed"": 7, ""--kd"": 24.0, ""--kp"": 300, ""--no-plot"": null, ""--position-mode"": null, ""--serve-box"": null}",6,False,miss,0.529948,1.797735,0.123682,0.0,0.0,1.78,0.63,1.5,0.0,0.529948,0.0,1.88,
exp14_pd_v2,ballspeed7__kd24.0__kp300__noplot__positionmode__servebox,"{""--ball-speed"": 7, ""--kd"": 24.0, ""--kp"": 300, ""--no-plot"": null, ""--position-mode"": null, ""--serve-box"": null}",16,False,miss,0.806014,1.799973,0.177373,0.0,0.0,1.8,0.69,1.8,0.0,0.806014,0.0,1.49,
exp14_pd_v2,ballspeed7__kd24.0__kp300__noplot__positionmode__servebox,"{""--ball-speed"": 7, ""--kd"": 24.0, ""--kp"": 300, ""--no-plot"": null, ""--position-mode"": null, ""--serve-box"": null}",23,False,miss,0.358206,1.793949,0.228448,0.0,0.0,1.8,0.68,1.6,0.0,0.358206,0.0,1.0,
exp14_pd_v2,ballspeed7__kd24.0__kp300__noplot__positionmode__servebox,"{""--ball-speed"": 7, ""--kd"": 24.0, ""--kp"": 300, ""--no-plot"": null, ""--position-mode"": null, ""--serve-box"": null}",26,False,miss,0.732185,1.802795,0.149045,30.0,105.0,1.76,0.73,1.6,0.0,0.732185,0.0,0.89,
exp14_pd_v2,ballspeed7__kd24.0__kp300__noplot__positionmode__servebox,"{""--ball-speed"": 7, ""--kd"": 24.0, ""--kp"": 300, ""--no-plot"": null, ""--position-mode"": null, ""--serve-box"": null}",28,True,active,0.050771,1.788378,0.050771,0.0,0.0,1.8,0.64,1.6,45.0,0.050771,1.781,0.92,
exp14_pd_v2,ballspeed7__kd24.0__kp300__noplot__positionmode__servebox,"{""--ball-speed"": 7, ""--kd"": 24.0, ""--kp"": 300, ""--no-plot"": null, ""--position-mode"": null, ""--serve-box"": null}",31,False,miss,0.130492,1.817617,1.613036,0.0,0.0,1.18,0.43,1.0,0.0,0.130492,0.0,0.78,
exp14_pd_v2,ballspeed7__kd24.0__kp300__noplot__positionmode__servebox,"{""--ball-speed"": 7, ""--kd"": 24.0, ""--kp"": 300, ""--no-plot"": null, ""--position-mode"": null, ""--serve-box"": null}",29,False,miss,0.397619,1.787017,0.150371,0.0,0.0,1.78,0.63,1.6,0.0,0.397619,0.0,0.94,
exp14_pd_v2,ballspeed7__kd24.0__kp300__noplot__positionmode__servebox,"{""--ball-speed"": 7, ""--kd"": 24.0, ""--kp"": 300, ""--no-plot"": null, ""--position-mode"": null, ""--serve-box"": null}",33,False,miss,0.265881,1.788656,0.602877,0.0,0.0,1.17,0.41,1.1,0.0,0.265881,0.0,0.77,
exp14_pd_v2,ballspeed7__kd24.0__kp300__noplot__positionmode__servebox,"{""--ball-speed"": 7, ""--kd"": 24.0, ""--kp"": 300, ""--no-plot"": null, ""--position-mode"": null, ""--serve-box"": null}",17,True,active,0.062442,1.790059,0.060863,55.0,105.0,1.8,0.6,1.5,15.0,0.062442,1.767,1.75,
exp14_pd_v2,ballspeed7__kd24.0__kp300__noplot__positionmode__servebox,"{""--ball-speed"": 7, ""--kd"": 24.0, ""--kp"": 300, ""--no-plot"": null, ""--position-mode"": null, ""--serve-box"": null}",34,True,active,0.057444,1.793183,0.057444,0.0,0.0,1.8,0.64,1.6,50.0,0.057444,1.735,0.88,
exp14_pd_v2,ballspeed7__kd24.0__kp300__noplot__positionmode__servebox,"{""--ball-speed"": 7, ""--kd"": 24.0, ""--kp"": 300, ""--no-plot"": null, ""--position-mode"": null, ""--serve-box"": null}",24,True,active,0.11114,1.791275,0.025578,0.0,0.0,1.78,0.65,1.5,55.0,0.11114,1.078,1.38,
exp14_pd_v2,ballspeed7__kd24.0__kp300__noplot__positionmode__servebox,"{""--ball-speed"": 7, ""--kd"": 24.0, ""--kp"": 300, ""--no-plot"": null, ""--position-mode"": null, ""--serve-box"": null}",32,False,miss,0.083102,1.803476,6.271957,0.0,0.0,1.8,0.67,1.5,0.0,0.083102,0.0,1.04,
exp14_pd_v2,ballspeed7__kd24.0__kp300__noplot__positionmode__servebox,"{""--ball-speed"": 7, ""--kd"": 24.0, ""--kp"": 300, ""--no-plot"": null, ""--position-mode"": null, ""--serve-box"": null}",18,False,miss,0.529682,1.793171,0.117617,0.0,0.0,1.79,0.64,1.5,0.0,0.529682,0.0,1.83,
exp14_pd_v2,ballspeed7__kd24.0__kp300__noplot__positionmode__servebox,"{""--ball-speed"": 7, ""--kd"": 24.0, ""--kp"": 300, ""--no-plot"": null, ""--position-mode"": null, ""--serve-box"": null}",19,False,miss,0.427795,1.797562,0.169169,0.0,0.0,1.78,0.64,1.4,0.0,0.427795,0.0,1.7,
exp14_pd_v2,ballspeed7__kd24.0__kp300__noplot__positionmode__servebox,"{""--ball-speed"": 7, ""--kd"": 24.0, ""--kp"": 300, ""--no-plot"": null, ""--position-mode"": null, ""--serve-box"": null}",22,False,miss,0.776361,1.798987,0.12595,0.0,0.0,1.8,0.72,1.8,0.0,0.776361,0.0,1.77,
exp14_pd_v2,ballspeed7__kd24.0__kp300__noplot__positionmode__servebox,"{""--ball-speed"": 7, ""--kd"": 24.0, ""--kp"": 300, ""--no-plot"": null, ""--position-mode"": null, ""--serve-box"": null}",25,True,active,0.061233,1.790155,0.058574,0.0,0.0,1.79,0.69,1.6,55.0,0.061233,1.501,1.78,
exp14_pd_v2,ballspeed7__kd24.0__kp300__noplot__positionmode__servebox,"{""--ball-speed"": 7, ""--kd"": 24.0, ""--kp"": 300, ""--no-plot"": null, ""--position-mode"": null, ""--serve-box"": null}",35,False,miss,0.718981,1.797696,0.122423,0.0,0.0,1.8,0.69,1.7,0.0,0.718981,0.0,0.95,
exp14_pd_v2,ballspeed7__kd24.0__kp300__noplot__positionmode__servebox,"{""--ball-speed"": 7, ""--kd"": 24.0, ""--kp"": 300, ""--no-plot"": null, ""--position-mode"": null, ""--serve-box"": null}",37,True,active,0.064248,1.795528,0.064248,0.0,0.0,1.8,0.71,1.6,45.0,0.064248,1.726,0.98,
exp14_pd_v2,ballspeed7__kd24.0__kp300__noplot__positionmode__servebox,"{""--ball-speed"": 7, ""--kd"": 24.0, ""--kp"": 300, ""--no-plot"": null, ""--position-mode"": null, ""--serve-box"": null}",30,False,miss,0.556945,1.795046,0.275139,0.0,0.0,1.8,0.62,1.6,0.0,0.556945,0.0,1.78,
exp14_pd_v2,ballspeed7__kd24.0__kp300__noplot__positionmode__servebox,"{""--ball-speed"": 7, ""--kd"": 24.0, ""--kp"": 300, ""--no-plot"": null, ""--position-mode"": null, ""--serve-box"": null}",40,True,active,0.104576,1.791024,0.08182,25.0,90.0,1.8,0.58,1.6,10.0,0.104576,0.524,1.06,
exp14_pd_v2,ballspeed7__kd24.0__kp300__noplot__positionmode__servebox,"{""--ball-speed"": 7, ""--kd"": 24.0, ""--kp"": 300, ""--no-plot"": null, ""--position-mode"": null, ""--serve-box"": null}",38,True,active,0.05934,1.795651,0.05934,0.0,0.0,1.78,0.64,1.5,50.0,0.05934,1.319,1.14,
exp14_pd_v2,ballspeed7__kd24.0__kp300__noplot__positionmode__servebox,"{""--ball-speed"": 7, ""--kd"": 24.0, ""--kp"": 300, ""--no-plot"": null, ""--position-mode"": null, ""--serve-box"": null}",41,False,miss,0.554962,1.791867,0.296006,0.0,0.0,1.79,0.7,1.7,0.0,0.554962,0.0,1.02,
exp14_pd_v2,ballspeed7__kd24.0__kp300__noplot__positionmode__servebox,"{""--ball-speed"": 7, ""--kd"": 24.0, ""--kp"": 300, ""--no-plot"": null, ""--position-mode"": null, ""--serve-box"": null}",42,True,active,0.087129,1.795281,0.087129,0.0,0.0,1.8,0.6,1.6,70.0,0.087129,1.735,0.98,
exp14_pd_v2,ballspeed7__kd24.0__kp300__noplot__positionmode__servebox,"{""--ball-speed"": 7, ""--kd"": 24.0, ""--kp"": 300, ""--no-plot"": null, ""--position-mode"": null, ""--serve-box"": null}",43,True,active,0.085295,1.792981,0.065849,0.0,0.0,1.8,0.66,1.6,30.0,0.085295,0.979,0.96,
exp14_pd_v2,ballspeed7__kd24.0__kp300__noplot__positionmode__servebox,"{""--ball-speed"": 7, ""--kd"": 24.0, ""--kp"": 300, ""--no-plot"": null, ""--position-mode"": null, ""--serve-box"": null}",36,True,active,0.046929,1.788328,0.046929,0.0,0.0,1.78,0.6,1.5,40.0,0.046929,1.764,1.35,
exp14_pd_v2,ballspeed7__kd24.0__kp300__noplot__positionmode__servebox,"{""--ball-speed"": 7, ""--kd"": 24.0, ""--kp"": 300, ""--no-plot"": null, ""--position-mode"": null, ""--serve-box"": null}",44,False,miss,0.783432,1.80006,0.170316,0.0,0.0,1.8,0.67,1.8,0.0,0.783432,0.0,0.95,
exp14_pd_v2,ballspeed7__kd24.0__kp300__noplot__positionmode__servebox,"{""--ball-speed"": 7, ""--kd"": 24.0, ""--kp"": 300, ""--no-plot"": null, ""--position-mode"": null, ""--serve-box"": null}",45,False,miss,0.565844,1.790364,0.184636,0.0,100.0,1.8,0.59,1.6,0.0,0.565844,0.0,1.01,
exp14_pd_v2,ballspeed7__kd24.0__kp300__noplot__positionmode__servebox,"{""--ball-speed"": 7, ""--kd"": 24.0, ""--kp"": 300, ""--no-plot"": null, ""--position-mode"": null, ""--serve-box"": null}",39,False,miss,0.341677,1.779504,1.068574,0.0,0.0,1.33,0.31,1.1,0.0,0.341677,0.0,1.49,
exp14_pd_v2,ballspeed7__kd24.0__kp300__noplot__positionmode__servebox,"{""--ball-speed"": 7, ""--kd"": 24.0, ""--kp"": 300, ""--no-plot"": null, ""--position-mode"": null, ""--serve-box"": null}",50,False,miss,0.710845,1.799523,0.143188,0.0,0.0,1.8,0.73,1.6,0.0,0.710845,0.0,0.93,
exp14_pd_v2,ballspeed7__kd24.0__kp300__noplot__positionmode__servebox,"{""--ball-speed"": 7, ""--kd"": 24.0, ""--kp"": 300, ""--no-plot"": null, ""--position-mode"": null, ""--serve-box"": null}",49,True,active,0.100562,1.792283,0.03021,0.0,0.0,1.77,0.64,1.5,55.0,0.100562,0.932,1.02,
exp14_pd_v2,ballspeed7__kd24.0__kp300__noplot__positionmode__servebox,"{""--ball-speed"": 7, ""--kd"": 24.0, ""--kp"": 300, ""--no-plot"": null, ""--position-mode"": null, ""--serve-box"": null}",46,False,miss,0.176749,1.792089,2.579349,0.0,0.0,0.53,0.15,0.4,0.0,0.176749,0.0,1.46,
exp14_pd_v2,ballspeed7__kd30.0__kp300__noplot__positionmode__servebox,"{""--ball-speed"": 7, ""--kd"": 30.0, ""--kp"": 300, ""--no-plot"": null, ""--position-mode"": null, ""--serve-box"": null}",1,False,miss,0.679697,1.800007,0.138503,30.0,105.0,1.7,0.61,1.5,0.0,0.679697,0.0,0.98,
exp14_pd_v2,ballspeed7__kd30.0__kp300__noplot__positionmode__servebox,"{""--ball-speed"": 7, ""--kd"": 30.0, ""--kp"": 300, ""--no-plot"": null, ""--position-mode"": null, ""--serve-box"": null}",5,True,active,0.060172,1.790067,0.05484,0.0,0.0,1.77,0.59,1.5,55.0,0.060172,1.545,0.91,
exp14_pd_v2,ballspeed7__kd24.0__kp300__noplot__positionmode__servebox,"{""--ball-speed"": 7, ""--kd"": 24.0, ""--kp"": 300, ""--no-plot"": null, ""--position-mode"": null, ""--serve-box"": null}",48,False,miss,0.137737,1.819558,1.406151,0.0,0.0,1.3,0.47,1.1,0.0,0.137737,0.0,1.46,
exp14_pd_v2,ballspeed7__kd30.0__kp300__noplot__positionmode__servebox,"{""--ball-speed"": 7, ""--kd"": 30.0, ""--kp"": 300, ""--no-plot"": null, ""--position-mode"": null, ""--serve-box"": null}",7,True,active,0.093597,1.795832,0.074831,0.0,0.0,1.8,0.59,1.6,40.0,0.093597,1.562,0.94,
exp14_pd_v2,ballspeed7__kd30.0__kp300__noplot__positionmode__servebox,"{""--ball-speed"": 7, ""--kd"": 30.0, ""--kp"": 300, ""--no-plot"": null, ""--position-mode"": null, ""--serve-box"": null}",6,True,active,0.094583,1.799913,0.06415,0.0,0.0,1.62,0.56,1.4,45.0,0.094583,0.459,0.99,
exp14_pd_v2,ballspeed7__kd30.0__kp300__noplot__positionmode__servebox,"{""--ball-speed"": 7, ""--kd"": 30.0, ""--kp"": 300, ""--no-plot"": null, ""--position-mode"": null, ""--serve-box"": null}",9,False,miss,0.383884,1.786863,0.612663,0.0,0.0,1.76,0.59,1.6,0.0,0.383884,0.0,0.89,
exp14_pd_v2,ballspeed7__kd24.0__kp300__noplot__positionmode__servebox,"{""--ball-speed"": 7, ""--kd"": 24.0, ""--kp"": 300, ""--no-plot"": null, ""--position-mode"": null, ""--serve-box"": null}",47,True,active,0.065626,1.795134,0.065626,55.0,105.0,1.8,0.62,1.6,40.0,0.065626,1.16,1.92,
exp14_pd_v2,ballspeed7__kd30.0__kp300__noplot__positionmode__servebox,"{""--ball-speed"": 7, ""--kd"": 30.0, ""--kp"": 300, ""--no-plot"": null, ""--position-mode"": null, ""--serve-box"": null}",20,,,,,,,,,,,,,,0.28,no_result
exp14_pd_v2,ballspeed7__kd30.0__kp300__noplot__positionmode__servebox,"{""--ball-speed"": 7, ""--kd"": 30.0, ""--kp"": 300, ""--no-plot"": null, ""--position-mode"": null, ""--serve-box"": null}",11,False,miss,0.725828,1.799558,0.155985,0.0,0.0,1.8,0.61,1.8,0.0,0.725828,0.0,1.0,
exp14_pd_v2,ballspeed7__kd30.0__kp300__noplot__positionmode__servebox,"{""--ball-speed"": 7, ""--kd"": 30.0, ""--kp"": 300, ""--no-plot"": null, ""--position-mode"": null, ""--serve-box"": null}",4,True,active,0.076826,1.796505,0.065087,0.0,0.0,1.8,0.58,1.5,60.0,0.076826,1.729,1.48,
exp14_pd_v2,ballspeed7__kd30.0__kp300__noplot__positionmode__servebox,"{""--ball-speed"": 7, ""--kd"": 30.0, ""--kp"": 300, ""--no-plot"": null, ""--position-mode"": null, ""--serve-box"": null}",21,,,,,,,,,,,,,,0.23,no_result
exp14_pd_v2,ballspeed7__kd30.0__kp300__noplot__positionmode__servebox,"{""--ball-speed"": 7, ""--kd"": 30.0, ""--kp"": 300, ""--no-plot"": null, ""--position-mode"": null, ""--serve-box"": null}",12,False,miss,0.565676,1.796454,0.155408,0.0,0.0,1.8,0.58,1.5,0.0,0.565676,0.0,0.91,
exp14_pd_v2,ballspeed7__kd30.0__kp300__noplot__positionmode__servebox,"{""--ball-speed"": 7, ""--kd"": 30.0, ""--kp"": 300, ""--no-plot"": null, ""--position-mode"": null, ""--serve-box"": null}",10,True,active,0.094686,1.798321,0.072469,0.0,0.0,1.66,0.59,1.5,60.0,0.094686,0.435,1.25,
exp14_pd_v2,ballspeed7__kd30.0__kp300__noplot__positionmode__servebox,"{""--ball-speed"": 7, ""--kd"": 30.0, ""--kp"": 300, ""--no-plot"": null, ""--position-mode"": null, ""--serve-box"": null}",13,True,active,0.095552,1.793865,0.072175,0.0,0.0,1.79,0.57,1.5,70.0,0.095552,0.731,0.91,
exp14_pd_v2,ballspeed7__kd30.0__kp300__noplot__positionmode__servebox,"{""--ball-speed"": 7, ""--kd"": 30.0, ""--kp"": 300, ""--no-plot"": null, ""--position-mode"": null, ""--serve-box"": null}",3,False,miss,0.672357,1.799143,0.14594,20.0,105.0,1.8,0.61,1.7,0.0,0.672357,0.0,1.63,
exp14_pd_v2,ballspeed7__kd30.0__kp300__noplot__positionmode__servebox,"{""--ball-speed"": 7, ""--kd"": 30.0, ""--kp"": 300, ""--no-plot"": null, ""--position-mode"": null, ""--serve-box"": null}",2,True,active,0.04707,1.793648,0.04707,0.0,0.0,1.65,0.59,1.4,10.0,0.04707,0.781,1.9,
exp14_pd_v2,ballspeed7__kd30.0__kp300__noplot__positionmode__servebox,"{""--ball-speed"": 7, ""--kd"": 30.0, ""--kp"": 300, ""--no-plot"": null, ""--position-mode"": null, ""--serve-box"": null}",8,True,active,0.053124,1.795018,0.053124,0.0,0.0,1.8,0.6,1.4,30.0,0.053124,1.713,1.68,
exp14_pd_v2,ballspeed7__kd30.0__kp300__noplot__positionmode__servebox,"{""--ball-speed"": 7, ""--kd"": 30.0, ""--kp"": 300, ""--no-plot"": null, ""--position-mode"": null, ""--serve-box"": null}",27,,,,,,,,,,,,,,0.33,no_result
exp14_pd_v2,ballspeed7__kd30.0__kp300__noplot__positionmode__servebox,"{""--ball-speed"": 7, ""--kd"": 30.0, ""--kp"": 300, ""--no-plot"": null, ""--position-mode"": null, ""--serve-box"": null}",18,True,active,0.082745,1.794226,0.0731,0.0,0.0,1.65,0.6,1.4,65.0,0.082745,1.275,0.94,
exp14_pd_v2,ballspeed7__kd30.0__kp300__noplot__positionmode__servebox,"{""--ball-speed"": 7, ""--kd"": 30.0, ""--kp"": 300, ""--no-plot"": null, ""--position-mode"": null, ""--serve-box"": null}",19,False,miss,0.306206,1.801696,0.100266,0.0,0.0,1.63,0.59,1.4,0.0,0.306206,0.0,0.92,
exp14_pd_v2,ballspeed7__kd30.0__kp300__noplot__positionmode__servebox,"{""--ball-speed"": 7, ""--kd"": 30.0, ""--kp"": 300, ""--no-plot"": null, ""--position-mode"": null, ""--serve-box"": null}",16,True,active,0.076115,1.796478,0.076115,0.0,0.0,1.79,0.61,1.6,65.0,0.076115,1.754,1.1,
exp14_pd_v2,ballspeed7__kd30.0__kp300__noplot__positionmode__servebox,"{""--ball-speed"": 7, ""--kd"": 30.0, ""--kp"": 300, ""--no-plot"": null, ""--position-mode"": null, ""--serve-box"": null}",17,True,active,0.059673,1.795426,0.038483,55.0,105.0,1.77,0.6,1.5,40.0,0.059673,1.72,1.23,
exp14_pd_v2,ballspeed7__kd30.0__kp300__noplot__positionmode__servebox,"{""--ball-speed"": 7, ""--kd"": 30.0, ""--kp"": 300, ""--no-plot"": null, ""--position-mode"": null, ""--serve-box"": null}",25,False,miss,0.106219,1.809207,1.914009,0.0,0.0,1.13,0.35,0.9,0.0,0.106219,0.0,0.81,
exp14_pd_v2,ballspeed7__kd30.0__kp300__noplot__positionmode__servebox,"{""--ball-speed"": 7, ""--kd"": 30.0, ""--kp"": 300, ""--no-plot"": null, ""--position-mode"": null, ""--serve-box"": null}",22,True,active,0.116975,1.797836,0.116975,0.0,0.0,1.56,0.61,1.4,70.0,0.116975,1.299,0.97,
exp14_pd_v2,ballspeed7__kd30.0__kp300__noplot__positionmode__servebox,"{""--ball-speed"": 7, ""--kd"": 30.0, ""--kp"": 300, ""--no-plot"": null, ""--position-mode"": null, ""--serve-box"": null}",23,True,active,0.049002,1.795028,0.049002,40.0,90.0,1.57,0.55,1.2,0.0,0.049002,0.971,1.11,
exp14_pd_v2,ballspeed7__kd30.0__kp300__noplot__positionmode__servebox,"{""--ball-speed"": 7, ""--kd"": 30.0, ""--kp"": 300, ""--no-plot"": null, ""--position-mode"": null, ""--serve-box"": null}",24,True,active,0.039551,1.798035,0.039551,0.0,0.0,1.67,0.59,1.5,40.0,0.039551,0.77,1.02,
exp14_pd_v2,ballspeed7__kd30.0__kp300__noplot__positionmode__servebox,"{""--ball-speed"": 7, ""--kd"": 30.0, ""--kp"": 300, ""--no-plot"": null, ""--position-mode"": null, ""--serve-box"": null}",14,True,active,0.076321,1.796402,0.076321,0.0,60.0,1.8,0.59,1.5,55.0,0.076321,0.738,1.83,
exp14_pd_v2,ballspeed7__kd30.0__kp300__noplot__positionmode__servebox,"{""--ball-speed"": 7, ""--kd"": 30.0, ""--kp"": 300, ""--no-plot"": null, ""--position-mode"": null, ""--serve-box"": null}",15,True,active,0.048319,1.794089,0.046415,0.0,0.0,1.79,0.62,1.4,25.0,0.048319,1.399,1.83,
exp14_pd_v2,ballspeed7__kd30.0__kp300__noplot__positionmode__servebox,"{""--ball-speed"": 7, ""--kd"": 30.0, ""--kp"": 300, ""--no-plot"": null, ""--position-mode"": null, ""--serve-box"": null}",26,True,active,0.125425,1.799655,0.120059,0.0,0.0,1.53,0.61,1.4,60.0,0.125425,1.22,1.13,
exp14_pd_v2,ballspeed7__kd30.0__kp300__noplot__positionmode__servebox,"{""--ball-speed"": 7, ""--kd"": 30.0, ""--kp"": 300, ""--no-plot"": null, ""--position-mode"": null, ""--serve-box"": null}",31,False,miss,0.337703,1.800213,0.122855,15.0,0.0,1.51,0.59,1.3,0.0,0.337703,0.0,0.84,
exp14_pd_v2,ballspeed7__kd30.0__kp300__noplot__positionmode__servebox,"{""--ball-speed"": 7, ""--kd"": 30.0, ""--kp"": 300, ""--no-plot"": null, ""--position-mode"": null, ""--serve-box"": null}",32,False,miss,0.099135,1.794649,6.264958,0.0,0.0,1.79,0.6,1.5,0.0,0.099135,0.0,0.98,
exp14_pd_v2,ballspeed7__kd30.0__kp300__noplot__positionmode__servebox,"{""--ball-speed"": 7, ""--kd"": 30.0, ""--kp"": 300, ""--no-plot"": null, ""--position-mode"": null, ""--serve-box"": null}",33,True,active,0.089984,1.799238,0.024547,0.0,0.0,1.52,0.52,1.3,50.0,0.089984,0.84,0.88,
exp14_pd_v2,ballspeed7__kd30.0__kp300__noplot__positionmode__servebox,"{""--ball-speed"": 7, ""--kd"": 30.0, ""--kp"": 300, ""--no-plot"": null, ""--position-mode"": null, ""--serve-box"": null}",34,True,active,0.082918,1.796382,0.075916,0.0,0.0,1.8,0.58,1.6,35.0,0.082918,1.367,0.94,
exp14_pd_v2,ballspeed7__kd30.0__kp300__noplot__positionmode__servebox,"{""--ball-speed"": 7, ""--kd"": 30.0, ""--kp"": 300, ""--no-plot"": null, ""--position-mode"": null, ""--serve-box"": null}",36,False,miss,0.451946,1.798079,0.097566,0.0,0.0,1.76,0.48,1.5,0.0,0.451946,0.0,1.02,
exp14_pd_v2,ballspeed7__kd30.0__kp300__noplot__positionmode__servebox,"{""--ball-speed"": 7, ""--kd"": 30.0, ""--kp"": 300, ""--no-plot"": null, ""--position-mode"": null, ""--serve-box"": null}",38,True,active,0.08141,1.796857,0.070221,0.0,0.0,1.8,0.58,1.6,35.0,0.08141,1.01,0.86,
exp14_pd_v2,ballspeed7__kd30.0__kp300__noplot__positionmode__servebox,"{""--ball-speed"": 7, ""--kd"": 30.0, ""--kp"": 300, ""--no-plot"": null, ""--position-mode"": null, ""--serve-box"": null}",28,True,active,0.102137,1.796366,0.093692,0.0,0.0,1.77,0.59,1.6,70.0,0.102137,0.813,1.7,
exp14_pd_v2,ballspeed7__kd30.0__kp300__noplot__positionmode__servebox,"{""--ball-speed"": 7, ""--kd"": 30.0, ""--kp"": 300, ""--no-plot"": null, ""--position-mode"": null, ""--serve-box"": null}",37,False,miss,0.63228,1.79781,0.137993,0.0,0.0,1.8,0.54,1.6,0.0,0.63228,0.0,1.0,
exp14_pd_v2,ballspeed7__kd30.0__kp300__noplot__positionmode__servebox,"{""--ball-speed"": 7, ""--kd"": 30.0, ""--kp"": 300, ""--no-plot"": null, ""--position-mode"": null, ""--serve-box"": null}",39,False,miss,0.308233,1.79246,1.091323,0.0,0.0,1.08,0.32,0.9,0.0,0.308233,0.0,0.85,
exp14_pd_v2,ballspeed7__kd30.0__kp300__noplot__positionmode__servebox,"{""--ball-speed"": 7, ""--kd"": 30.0, ""--kp"": 300, ""--no-plot"": null, ""--position-mode"": null, ""--serve-box"": null}",29,True,active,0.024229,1.793443,0.024229,0.0,0.0,1.45,0.51,1.3,25.0,0.024229,0.464,1.78,
exp14_pd_v2,ballspeed7__kd30.0__kp300__noplot__positionmode__servebox,"{""--ball-speed"": 7, ""--kd"": 30.0, ""--kp"": 300, ""--no-plot"": null, ""--position-mode"": null, ""--serve-box"": null}",40,False,miss,0.371664,1.792055,0.114372,40.0,20.0,1.77,0.59,1.5,0.0,0.371664,0.0,0.96,
exp14_pd_v2,ballspeed7__kd30.0__kp300__noplot__positionmode__servebox,"{""--ball-speed"": 7, ""--kd"": 30.0, ""--kp"": 300, ""--no-plot"": null, ""--position-mode"": null, ""--serve-box"": null}",30,True,active,0.068673,1.792901,0.061234,0.0,0.0,1.8,0.59,1.5,55.0,0.068673,1.785,1.83,
exp14_pd_v2,ballspeed7__kd30.0__kp300__noplot__positionmode__servebox,"{""--ball-speed"": 7, ""--kd"": 30.0, ""--kp"": 300, ""--no-plot"": null, ""--position-mode"": null, ""--serve-box"": null}",44,False,miss,0.743873,1.801027,0.158058,0.0,0.0,1.8,0.59,1.8,0.0,0.743873,0.0,1.08,
exp14_pd_v2,ballspeed7__kd30.0__kp300__noplot__positionmode__servebox,"{""--ball-speed"": 7, ""--kd"": 30.0, ""--kp"": 300, ""--no-plot"": null, ""--position-mode"": null, ""--serve-box"": null}",45,True,active,0.068907,1.797296,0.068907,0.0,0.0,1.66,0.59,1.5,50.0,0.068907,0.901,0.94,
exp14_pd_v2,ballspeed7__kd30.0__kp300__noplot__positionmode__servebox,"{""--ball-speed"": 7, ""--kd"": 30.0, ""--kp"": 300, ""--no-plot"": null, ""--position-mode"": null, ""--serve-box"": null}",35,True,active,0.119311,1.799304,0.110429,0.0,0.0,1.8,0.61,1.7,65.0,0.119311,0.924,1.82,
exp14_pd_v2,ballspeed7__kd30.0__kp300__noplot__positionmode__servebox,"{""--ball-speed"": 7, ""--kd"": 30.0, ""--kp"": 300, ""--no-plot"": null, ""--position-mode"": null, ""--serve-box"": null}",47,False,miss,0.606888,1.797578,0.176968,15.0,105.0,1.79,0.57,1.6,0.0,0.606888,0.0,0.98,
exp14_pd_v2,ballspeed7__kd30.0__kp300__noplot__positionmode__servebox,"{""--ball-speed"": 7, ""--kd"": 30.0, ""--kp"": 300, ""--no-plot"": null, ""--position-mode"": null, ""--serve-box"": null}",46,True,active,0.069037,1.795482,0.069037,0.0,0.0,1.8,0.6,1.5,55.0,0.069037,1.664,1.09,
exp14_pd_v2,ballspeed7__kd30.0__kp300__noplot__positionmode__servebox,"{""--ball-speed"": 7, ""--kd"": 30.0, ""--kp"": 300, ""--no-plot"": null, ""--position-mode"": null, ""--serve-box"": null}",42,True,active,0.083186,1.797656,0.083186,0.0,0.0,1.8,0.58,1.6,70.0,0.083186,1.785,1.43,
exp14_pd_v2,ballspeed7__kd30.0__kp300__noplot__positionmode__servebox,"{""--ball-speed"": 7, ""--kd"": 30.0, ""--kp"": 300, ""--no-plot"": null, ""--position-mode"": null, ""--serve-box"": null}",48,False,miss,0.525015,1.796895,0.20105,0.0,105.0,1.8,0.56,1.6,0.0,0.525015,0.0,0.97,
exp14_pd_v2,ballspeed7__kd30.0__kp300__noplot__positionmode__servebox,"{""--ball-speed"": 7, ""--kd"": 30.0, ""--kp"": 300, ""--no-plot"": null, ""--position-mode"": null, ""--serve-box"": null}",50,True,active,0.133833,1.800029,0.123256,0.0,0.0,1.51,0.61,1.4,60.0,0.133833,1.321,0.93,
exp14_pd_v2,ballspeed7__kd30.0__kp300__noplot__positionmode__servebox,"{""--ball-speed"": 7, ""--kd"": 30.0, ""--kp"": 300, ""--no-plot"": null, ""--position-mode"": null, ""--serve-box"": null}",49,False,miss,0.174154,1.798254,1.498052,0.0,0.0,0.65,0.18,0.5,0.0,0.174154,0.0,1.11,
exp14_pd_v2,ballspeed7__kd30.0__kp300__noplot__positionmode__servebox,"{""--ball-speed"": 7, ""--kd"": 30.0, ""--kp"": 300, ""--no-plot"": null, ""--position-mode"": null, ""--serve-box"": null}",43,False,miss,0.677114,1.800444,0.133946,0.0,0.0,1.79,0.59,1.6,0.0,0.677114,0.0,1.74,
exp14_pd_v2,ballspeed7__kd45.0__kp300__noplot__positionmode__servebox,"{""--ball-speed"": 7, ""--kd"": 45.0, ""--kp"": 300, ""--no-plot"": null, ""--position-mode"": null, ""--serve-box"": null}",2,True,active,0.050974,1.799382,0.050974,0.0,0.0,1.28,0.41,1.0,30.0,0.050974,1.148,1.09,
exp14_pd_v2,ballspeed7__kd30.0__kp300__noplot__positionmode__servebox,"{""--ball-speed"": 7, ""--kd"": 30.0, ""--kp"": 300, ""--no-plot"": null, ""--position-mode"": null, ""--serve-box"": null}",41,True,active,0.074759,1.796475,0.074759,55.0,105.0,1.8,0.58,1.7,45.0,0.074759,1.634,1.88,
exp14_pd_v2,ballspeed7__kd45.0__kp300__noplot__positionmode__servebox,"{""--ball-speed"": 7, ""--kd"": 45.0, ""--kp"": 300, ""--no-plot"": null, ""--position-mode"": null, ""--serve-box"": null}",5,True,active,0.096868,1.799107,0.055214,0.0,0.0,1.17,0.42,1.0,65.0,0.096868,0.872,0.92,
exp14_pd_v2,ballspeed7__kd45.0__kp300__noplot__positionmode__servebox,"{""--ball-speed"": 7, ""--kd"": 45.0, ""--kp"": 300, ""--no-plot"": null, ""--position-mode"": null, ""--serve-box"": null}",3,True,active,0.105485,1.799818,0.086799,0.0,65.0,1.54,0.42,1.4,45.0,0.105485,1.181,1.15,
exp14_pd_v2,ballspeed7__kd45.0__kp300__noplot__positionmode__servebox,"{""--ball-speed"": 7, ""--kd"": 45.0, ""--kp"": 300, ""--no-plot"": null, ""--position-mode"": null, ""--serve-box"": null}",8,True,active,0.062942,1.799275,0.040413,0.0,0.0,1.22,0.41,1.1,40.0,0.062942,1.129,0.9,
exp14_pd_v2,ballspeed7__kd45.0__kp300__noplot__positionmode__servebox,"{""--ball-speed"": 7, ""--kd"": 45.0, ""--kp"": 300, ""--no-plot"": null, ""--position-mode"": null, ""--serve-box"": null}",7,False,miss,0.472387,1.799836,0.109891,0.0,0.0,1.29,0.41,1.1,0.0,0.472387,0.0,1.0,
exp14_pd_v2,ballspeed7__kd45.0__kp300__noplot__positionmode__servebox,"{""--ball-speed"": 7, ""--kd"": 45.0, ""--kp"": 300, ""--no-plot"": null, ""--position-mode"": null, ""--serve-box"": null}",1,True,active,0.066376,1.799706,0.066376,0.0,0.0,1.18,0.42,1.1,50.0,0.066376,0.823,1.51,
exp14_pd_v2,ballspeed7__kd45.0__kp300__noplot__positionmode__servebox,"{""--ball-speed"": 7, ""--kd"": 45.0, ""--kp"": 300, ""--no-plot"": null, ""--position-mode"": null, ""--serve-box"": null}",10,True,active,0.083065,1.799394,0.070734,30.0,35.0,1.58,0.42,1.3,25.0,0.083065,0.575,0.96,
exp14_pd_v2,ballspeed7__kd45.0__kp300__noplot__positionmode__servebox,"{""--ball-speed"": 7, ""--kd"": 45.0, ""--kp"": 300, ""--no-plot"": null, ""--position-mode"": null, ""--serve-box"": null}",11,True,active,0.098808,1.799715,0.087531,0.0,0.0,1.45,0.42,1.3,50.0,0.098808,1.299,0.95,
exp14_pd_v2,ballspeed7__kd45.0__kp300__noplot__positionmode__servebox,"{""--ball-speed"": 7, ""--kd"": 45.0, ""--kp"": 300, ""--no-plot"": null, ""--position-mode"": null, ""--serve-box"": null}",20,,,,,,,,,,,,,,0.26,no_result
exp14_pd_v2,ballspeed7__kd45.0__kp300__noplot__positionmode__servebox,"{""--ball-speed"": 7, ""--kd"": 45.0, ""--kp"": 300, ""--no-plot"": null, ""--position-mode"": null, ""--serve-box"": null}",12,True,active,0.093742,1.799377,0.067532,0.0,0.0,1.44,0.41,1.1,60.0,0.093742,0.747,0.93,
exp14_pd_v2,ballspeed7__kd45.0__kp300__noplot__positionmode__servebox,"{""--ball-speed"": 7, ""--kd"": 45.0, ""--kp"": 300, ""--no-plot"": null, ""--position-mode"": null, ""--serve-box"": null}",21,,,,,,,,,,,,,,0.34,no_result
exp14_pd_v2,ballspeed7__kd45.0__kp300__noplot__positionmode__servebox,"{""--ball-speed"": 7, ""--kd"": 45.0, ""--kp"": 300, ""--no-plot"": null, ""--position-mode"": null, ""--serve-box"": null}",4,True,active,0.048385,1.799198,0.048385,0.0,0.0,1.54,0.41,1.3,35.0,0.048385,1.21,1.71,
exp14_pd_v2,ballspeed7__kd45.0__kp300__noplot__positionmode__servebox,"{""--ball-speed"": 7, ""--kd"": 45.0, ""--kp"": 300, ""--no-plot"": null, ""--position-mode"": null, ""--serve-box"": null}",9,True,active,0.08842,1.799473,0.087817,50.0,95.0,1.31,0.42,1.2,45.0,0.08842,0.844,1.53,
exp14_pd_v2,ballspeed7__kd45.0__kp300__noplot__positionmode__servebox,"{""--ball-speed"": 7, ""--kd"": 45.0, ""--kp"": 300, ""--no-plot"": null, ""--position-mode"": null, ""--serve-box"": null}",27,,,,,,,,,,,,,,0.35,no_result
exp14_pd_v2,ballspeed7__kd45.0__kp300__noplot__positionmode__servebox,"{""--ball-speed"": 7, ""--kd"": 45.0, ""--kp"": 300, ""--no-plot"": null, ""--position-mode"": null, ""--serve-box"": null}",15,False,miss,0.250186,1.799493,0.110913,0.0,0.0,1.51,0.45,1.2,0.0,0.250186,0.0,1.1,
exp14_pd_v2,ballspeed7__kd45.0__kp300__noplot__positionmode__servebox,"{""--ball-speed"": 7, ""--kd"": 45.0, ""--kp"": 300, ""--no-plot"": null, ""--position-mode"": null, ""--serve-box"": null}",6,True,active,0.05171,1.79967,0.04117,45.0,105.0,1.25,0.41,1.1,30.0,0.05171,1.247,1.78,
exp14_pd_v2,ballspeed7__kd45.0__kp300__noplot__positionmode__servebox,"{""--ball-speed"": 7, ""--kd"": 45.0, ""--kp"": 300, ""--no-plot"": null, ""--position-mode"": null, ""--serve-box"": null}",18,False,miss,0.493458,1.799411,0.113764,0.0,0.0,1.79,0.41,1.5,0.0,0.493458,0.0,1.11,
exp14_pd_v2,ballspeed7__kd45.0__kp300__noplot__positionmode__servebox,"{""--ball-speed"": 7, ""--kd"": 45.0, ""--kp"": 300, ""--no-plot"": null, ""--position-mode"": null, ""--serve-box"": null}",16,True,active,0.099305,1.799529,0.090699,0.0,0.0,1.41,0.42,1.2,65.0,0.099305,1.034,1.17,
exp14_pd_v2,ballspeed7__kd45.0__kp300__noplot__positionmode__servebox,"{""--ball-speed"": 7, ""--kd"": 45.0, ""--kp"": 300, ""--no-plot"": null, ""--position-mode"": null, ""--serve-box"": null}",17,True,active,0.023129,1.799011,0.023129,45.0,105.0,1.45,0.41,1.2,25.0,0.023129,0.923,1.33,
exp14_pd_v2,ballspeed7__kd45.0__kp300__noplot__positionmode__servebox,"{""--ball-speed"": 7, ""--kd"": 45.0, ""--kp"": 300, ""--no-plot"": null, ""--position-mode"": null, ""--serve-box"": null}",19,True,active,0.077419,1.798895,0.050447,0.0,0.0,1.22,0.41,1.0,40.0,0.077419,0.55,1.26,
exp14_pd_v2,ballspeed7__kd45.0__kp300__noplot__positionmode__servebox,"{""--ball-speed"": 7, ""--kd"": 45.0, ""--kp"": 300, ""--no-plot"": null, ""--position-mode"": null, ""--serve-box"": null}",13,True,active,0.087748,1.799251,0.040479,0.0,0.0,1.66,0.42,1.3,60.0,0.087748,1.301,1.65,
exp14_pd_v2,ballspeed7__kd45.0__kp300__noplot__positionmode__servebox,"{""--ball-speed"": 7, ""--kd"": 45.0, ""--kp"": 300, ""--no-plot"": null, ""--position-mode"": null, ""--serve-box"": null}",25,False,miss,0.2979,1.800088,0.42633,0.0,0.0,1.18,0.4,1.0,0.0,0.2979,0.0,1.04,
exp14_pd_v2,ballspeed7__kd45.0__kp300__noplot__positionmode__servebox,"{""--ball-speed"": 7, ""--kd"": 45.0, ""--kp"": 300, ""--no-plot"": null, ""--position-mode"": null, ""--serve-box"": null}",14,True,active,0.101142,1.799284,0.086727,50.0,105.0,1.59,0.41,1.4,20.0,0.101142,0.42,1.75,
exp14_pd_v2,ballspeed7__kd45.0__kp300__noplot__positionmode__servebox,"{""--ball-speed"": 7, ""--kd"": 45.0, ""--kp"": 300, ""--no-plot"": null, ""--position-mode"": null, ""--serve-box"": null}",24,True,active,0.028034,1.799191,0.028034,0.0,0.0,1.27,0.41,1.1,30.0,0.028034,0.639,1.14,
exp14_pd_v2,ballspeed7__kd45.0__kp300__noplot__positionmode__servebox,"{""--ball-speed"": 7, ""--kd"": 45.0, ""--kp"": 300, ""--no-plot"": null, ""--position-mode"": null, ""--serve-box"": null}",26,True,active,0.068839,1.799671,0.068839,0.0,0.0,1.15,0.42,1.0,55.0,0.068839,0.881,1.06,
exp14_pd_v2,ballspeed7__kd45.0__kp300__noplot__positionmode__servebox,"{""--ball-speed"": 7, ""--kd"": 45.0, ""--kp"": 300, ""--no-plot"": null, ""--position-mode"": null, ""--serve-box"": null}",32,False,miss,0.138603,1.799221,6.304394,0.0,0.0,0.9,0.41,0.7,0.0,0.138603,0.0,0.77,
exp14_pd_v2,ballspeed7__kd45.0__kp300__noplot__positionmode__servebox,"{""--ball-speed"": 7, ""--kd"": 45.0, ""--kp"": 300, ""--no-plot"": null, ""--position-mode"": null, ""--serve-box"": null}",29,True,active,0.042629,1.799003,0.042629,0.0,0.0,1.25,0.41,1.0,30.0,0.042629,1.057,1.05,
exp14_pd_v2,ballspeed7__kd45.0__kp300__noplot__positionmode__servebox,"{""--ball-speed"": 7, ""--kd"": 45.0, ""--kp"": 300, ""--no-plot"": null, ""--position-mode"": null, ""--serve-box"": null}",23,True,active,0.030709,1.799192,0.030709,55.0,105.0,1.23,0.41,1.0,5.0,0.030709,0.72,1.63,
exp14_pd_v2,ballspeed7__kd45.0__kp300__noplot__positionmode__servebox,"{""--ball-speed"": 7, ""--kd"": 45.0, ""--kp"": 300, ""--no-plot"": null, ""--position-mode"": null, ""--serve-box"": null}",31,False,miss,0.196715,1.80031,0.199173,0.0,0.0,1.2,0.41,1.1,0.0,0.196715,0.0,1.13,
exp14_pd_v2,ballspeed7__kd45.0__kp300__noplot__positionmode__servebox,"{""--ball-speed"": 7, ""--kd"": 45.0, ""--kp"": 300, ""--no-plot"": null, ""--position-mode"": null, ""--serve-box"": null}",22,True,active,0.073911,1.799554,0.071562,0.0,0.0,1.28,0.42,1.1,60.0,0.073911,1.125,1.8,
exp14_pd_v2,ballspeed7__kd45.0__kp300__noplot__positionmode__servebox,"{""--ball-speed"": 7, ""--kd"": 45.0, ""--kp"": 300, ""--no-plot"": null, ""--position-mode"": null, ""--serve-box"": null}",34,True,active,0.080534,1.799401,0.07353,0.0,0.0,1.56,0.42,1.3,30.0,0.080534,0.776,1.05,
exp14_pd_v2,ballspeed7__kd45.0__kp300__noplot__positionmode__servebox,"{""--ball-speed"": 7, ""--kd"": 45.0, ""--kp"": 300, ""--no-plot"": null, ""--position-mode"": null, ""--serve-box"": null}",28,True,active,0.112189,1.799275,0.048892,0.0,0.0,1.19,0.41,1.0,60.0,0.112189,1.028,1.56,
exp14_pd_v2,ballspeed7__kd45.0__kp300__noplot__positionmode__servebox,"{""--ball-speed"": 7, ""--kd"": 45.0, ""--kp"": 300, ""--no-plot"": null, ""--position-mode"": null, ""--serve-box"": null}",37,False,miss,0.584754,1.799604,0.118178,0.0,0.0,1.67,0.42,1.4,0.0,0.584754,0.0,1.12,
exp14_pd_v2,ballspeed7__kd45.0__kp300__noplot__positionmode__servebox,"{""--ball-speed"": 7, ""--kd"": 45.0, ""--kp"": 300, ""--no-plot"": null, ""--position-mode"": null, ""--serve-box"": null}",35,True,active,0.062719,1.799518,0.062719,0.0,0.0,1.4,0.43,1.3,55.0,0.062719,0.96,1.25,
exp14_pd_v2,ballspeed7__kd45.0__kp300__noplot__positionmode__servebox,"{""--ball-speed"": 7, ""--kd"": 45.0, ""--kp"": 300, ""--no-plot"": null, ""--position-mode"": null, ""--serve-box"": null}",39,False,miss,0.281212,1.79985,0.468961,0.0,0.0,1.28,0.41,1.1,0.0,0.281212,0.0,0.96,
exp14_pd_v2,ballspeed7__kd45.0__kp300__noplot__positionmode__servebox,"{""--ball-speed"": 7, ""--kd"": 45.0, ""--kp"": 300, ""--no-plot"": null, ""--position-mode"": null, ""--serve-box"": null}",33,True,passive,0.098259,1.799215,0.022261,0.0,0.0,1.2,0.41,1.0,45.0,0.098259,0.247,1.54,
exp14_pd_v2,ballspeed7__kd45.0__kp300__noplot__positionmode__servebox,"{""--ball-speed"": 7, ""--kd"": 45.0, ""--kp"": 300, ""--no-plot"": null, ""--position-mode"": null, ""--serve-box"": null}",41,True,active,0.094825,1.799676,0.072514,55.0,105.0,1.37,0.42,1.1,50.0,0.094825,1.064,0.96,
exp14_pd_v2,ballspeed7__kd45.0__kp300__noplot__positionmode__servebox,"{""--ball-speed"": 7, ""--kd"": 45.0, ""--kp"": 300, ""--no-plot"": null, ""--position-mode"": null, ""--serve-box"": null}",30,True,active,0.083161,1.799029,0.065492,0.0,0.0,1.24,0.41,1.0,50.0,0.083161,0.67,1.84,
exp14_pd_v2,ballspeed7__kd45.0__kp300__noplot__positionmode__servebox,"{""--ball-speed"": 7, ""--kd"": 45.0, ""--kp"": 300, ""--no-plot"": null, ""--position-mode"": null, ""--serve-box"": null}",42,True,active,0.068103,1.79943,0.067681,0.0,0.0,1.42,0.42,1.2,60.0,0.068103,0.949,1.15,
exp14_pd_v2,ballspeed7__kd45.0__kp300__noplot__positionmode__servebox,"{""--ball-speed"": 7, ""--kd"": 45.0, ""--kp"": 300, ""--no-plot"": null, ""--position-mode"": null, ""--serve-box"": null}",36,True,active,0.091313,1.79931,0.052288,0.0,0.0,1.2,0.41,1.0,45.0,0.091313,1.146,1.67,
exp14_pd_v2,ballspeed7__kd45.0__kp300__noplot__positionmode__servebox,"{""--ball-speed"": 7, ""--kd"": 45.0, ""--kp"": 300, ""--no-plot"": null, ""--position-mode"": null, ""--serve-box"": null}",46,True,passive,0.063018,1.799604,0.062096,0.0,0.0,1.3,0.41,1.2,55.0,0.063018,0.267,0.88,
exp14_pd_v2,ballspeed7__kd45.0__kp300__noplot__positionmode__servebox,"{""--ball-speed"": 7, ""--kd"": 45.0, ""--kp"": 300, ""--no-plot"": null, ""--position-mode"": null, ""--serve-box"": null}",38,False,miss,0.547475,1.799435,0.118022,0.0,0.0,1.79,0.41,1.5,0.0,0.547475,0.0,1.51,
exp14_pd_v2,ballspeed7__kd45.0__kp300__noplot__positionmode__servebox,"{""--ball-speed"": 7, ""--kd"": 45.0, ""--kp"": 300, ""--no-plot"": null, ""--position-mode"": null, ""--serve-box"": null}",47,False,miss,0.555495,1.799469,0.188258,0.0,105.0,1.71,0.42,1.5,0.0,0.555495,0.0,0.99,
exp14_pd_v2,ballspeed7__kd45.0__kp300__noplot__positionmode__servebox,"{""--ball-speed"": 7, ""--kd"": 45.0, ""--kp"": 300, ""--no-plot"": null, ""--position-mode"": null, ""--serve-box"": null}",45,True,active,0.068216,1.799302,0.060159,0.0,0.0,1.71,0.41,1.5,25.0,0.068216,0.587,1.07,
exp14_pd_v2,ballspeed7__kd45.0__kp300__noplot__positionmode__servebox,"{""--ball-speed"": 7, ""--kd"": 45.0, ""--kp"": 300, ""--no-plot"": null, ""--position-mode"": null, ""--serve-box"": null}",48,True,active,0.143856,1.799768,0.105701,50.0,105.0,1.76,0.41,1.5,25.0,0.143856,1.109,0.99,
exp14_pd_v2,ballspeed7__kd45.0__kp300__noplot__positionmode__servebox,"{""--ball-speed"": 7, ""--kd"": 45.0, ""--kp"": 300, ""--no-plot"": null, ""--position-mode"": null, ""--serve-box"": null}",49,False,miss,0.219711,1.799931,0.124332,0.0,0.0,1.2,0.41,1.1,0.0,0.219711,0.0,0.86,
exp14_pd_v2,ballspeed7__kd45.0__kp300__noplot__positionmode__servebox,"{""--ball-speed"": 7, ""--kd"": 45.0, ""--kp"": 300, ""--no-plot"": null, ""--position-mode"": null, ""--serve-box"": null}",40,True,active,0.060117,1.799202,0.051232,45.0,105.0,1.29,0.41,1.1,25.0,0.060117,1.102,1.77,
exp14_pd_v2,ballspeed7__kd45.0__kp300__noplot__positionmode__servebox,"{""--ball-speed"": 7, ""--kd"": 45.0, ""--kp"": 300, ""--no-plot"": null, ""--position-mode"": null, ""--serve-box"": null}",50,True,active,0.066836,1.79967,0.066836,0.0,0.0,1.23,0.42,1.1,55.0,0.066836,1.23,0.93,
exp14_pd_v2,ballspeed7__kd45.0__kp300__noplot__positionmode__servebox,"{""--ball-speed"": 7, ""--kd"": 45.0, ""--kp"": 300, ""--no-plot"": null, ""--position-mode"": null, ""--serve-box"": null}",43,False,miss,0.607667,1.799696,0.115084,0.0,0.0,1.46,0.42,1.3,0.0,0.607667,0.0,1.6,
exp14_pd_v2,ballspeed7__kd25.0__kp500__noplot__positionmode__servebox,"{""--ball-speed"": 7, ""--kd"": 25.0, ""--kp"": 500, ""--no-plot"": null, ""--position-mode"": null, ""--serve-box"": null}",5,False,miss,0.392023,1.784572,1.813903,0.0,0.0,1.14,0.31,0.9,0.0,0.392023,0.0,0.8,
exp14_pd_v2,ballspeed7__kd25.0__kp500__noplot__positionmode__servebox,"{""--ball-speed"": 7, ""--kd"": 25.0, ""--kp"": 500, ""--no-plot"": null, ""--position-mode"": null, ""--serve-box"": null}",8,False,miss,0.26319,1.794433,1.256522,0.0,0.0,1.77,0.44,1.5,0.0,0.26319,0.0,0.78,
exp14_pd_v2,ballspeed7__kd45.0__kp300__noplot__positionmode__servebox,"{""--ball-speed"": 7, ""--kd"": 45.0, ""--kp"": 300, ""--no-plot"": null, ""--position-mode"": null, ""--serve-box"": null}",44,True,active,0.108153,1.799656,0.088848,0.0,0.0,1.41,0.42,1.3,50.0,0.108153,1.276,1.84,
exp14_pd_v2,ballspeed7__kd25.0__kp500__noplot__positionmode__servebox,"{""--ball-speed"": 7, ""--kd"": 25.0, ""--kp"": 500, ""--no-plot"": null, ""--position-mode"": null, ""--serve-box"": null}",3,False,miss,0.742612,1.797669,0.167404,0.0,0.0,1.8,0.7,1.8,0.0,0.742612,0.0,1.42,
exp14_pd_v2,ballspeed7__kd25.0__kp500__noplot__positionmode__servebox,"{""--ball-speed"": 7, ""--kd"": 25.0, ""--kp"": 500, ""--no-plot"": null, ""--position-mode"": null, ""--serve-box"": null}",7,True,active,0.130944,1.79326,0.106939,0.0,0.0,1.8,0.59,1.6,55.0,0.130944,1.786,1.05,
exp14_pd_v2,ballspeed7__kd25.0__kp500__noplot__positionmode__servebox,"{""--ball-speed"": 7, ""--kd"": 25.0, ""--kp"": 500, ""--no-plot"": null, ""--position-mode"": null, ""--serve-box"": null}",2,True,active,0.062722,1.796461,0.046982,0.0,0.0,1.79,0.64,1.6,45.0,0.062722,1.138,1.47,
exp14_pd_v2,ballspeed7__kd25.0__kp500__noplot__positionmode__servebox,"{""--ball-speed"": 7, ""--kd"": 25.0, ""--kp"": 500, ""--no-plot"": null, ""--position-mode"": null, ""--serve-box"": null}",10,False,miss,0.634587,1.803265,0.179335,0.0,70.0,1.8,0.65,1.6,0.0,0.634587,0.0,0.95,
exp14_pd_v2,ballspeed7__kd25.0__kp500__noplot__positionmode__servebox,"{""--ball-speed"": 7, ""--kd"": 25.0, ""--kp"": 500, ""--no-plot"": null, ""--position-mode"": null, ""--serve-box"": null}",11,False,miss,0.732483,1.799883,0.206503,0.0,0.0,1.8,0.66,1.8,0.0,0.732483,0.0,0.98,
exp14_pd_v2,ballspeed7__kd25.0__kp500__noplot__positionmode__servebox,"{""--ball-speed"": 7, ""--kd"": 25.0, ""--kp"": 500, ""--no-plot"": null, ""--position-mode"": null, ""--serve-box"": null}",9,False,miss,0.218913,1.794559,2.776298,0.0,0.0,1.01,0.36,0.9,0.0,0.218913,0.0,1.09,
exp14_pd_v2,ballspeed7__kd25.0__kp500__noplot__positionmode__servebox,"{""--ball-speed"": 7, ""--kd"": 25.0, ""--kp"": 500, ""--no-plot"": null, ""--position-mode"": null, ""--serve-box"": null}",1,False,miss,0.768015,1.79663,0.180376,0.0,0.0,1.8,0.68,1.8,0.0,0.768015,0.0,1.77,
exp14_pd_v2,ballspeed7__kd25.0__kp500__noplot__positionmode__servebox,"{""--ball-speed"": 7, ""--kd"": 25.0, ""--kp"": 500, ""--no-plot"": null, ""--position-mode"": null, ""--serve-box"": null}",13,False,miss,0.318756,1.819908,0.346704,0.0,0.0,1.26,0.38,1.1,0.0,0.318756,0.0,0.93,
exp14_pd_v2,ballspeed7__kd25.0__kp500__noplot__positionmode__servebox,"{""--ball-speed"": 7, ""--kd"": 25.0, ""--kp"": 500, ""--no-plot"": null, ""--position-mode"": null, ""--serve-box"": null}",12,True,active,0.054347,1.793501,0.05218,0.0,0.0,1.8,0.68,1.5,25.0,0.054347,1.713,0.99,
exp14_pd_v2,ballspeed7__kd25.0__kp500__noplot__positionmode__servebox,"{""--ball-speed"": 7, ""--kd"": 25.0, ""--kp"": 500, ""--no-plot"": null, ""--position-mode"": null, ""--serve-box"": null}",20,,,,,,,,,,,,,,0.35,no_result
exp14_pd_v2,ballspeed7__kd25.0__kp500__noplot__positionmode__servebox,"{""--ball-speed"": 7, ""--kd"": 25.0, ""--kp"": 500, ""--no-plot"": null, ""--position-mode"": null, ""--serve-box"": null}",21,,,,,,,,,,,,,,0.34,no_result
exp14_pd_v2,ballspeed7__kd25.0__kp500__noplot__positionmode__servebox,"{""--ball-speed"": 7, ""--kd"": 25.0, ""--kp"": 500, ""--no-plot"": null, ""--position-mode"": null, ""--serve-box"": null}",6,False,miss,0.115195,1.80487,1.545867,0.0,0.0,1.8,0.52,1.5,0.0,0.115195,0.0,1.48,
exp14_pd_v2,ballspeed7__kd25.0__kp500__noplot__positionmode__servebox,"{""--ball-speed"": 7, ""--kd"": 25.0, ""--kp"": 500, ""--no-plot"": null, ""--position-mode"": null, ""--serve-box"": null}",4,True,active,0.078214,1.803271,0.078214,0.0,0.0,1.8,0.63,1.6,60.0,0.078214,0.925,1.65,
exp14_pd_v2,ballspeed7__kd25.0__kp500__noplot__positionmode__servebox,"{""--ball-speed"": 7, ""--kd"": 25.0, ""--kp"": 500, ""--no-plot"": null, ""--position-mode"": null, ""--serve-box"": null}",14,True,active,0.05974,1.801691,0.05974,60.0,95.0,1.8,0.64,1.6,50.0,0.05974,1.473,1.02,
exp14_pd_v2,ballspeed7__kd25.0__kp500__noplot__positionmode__servebox,"{""--ball-speed"": 7, ""--kd"": 25.0, ""--kp"": 500, ""--no-plot"": null, ""--position-mode"": null, ""--serve-box"": null}",27,,,,,,,,,,,,,,0.31,no_result
exp14_pd_v2,ballspeed7__kd25.0__kp500__noplot__positionmode__servebox,"{""--ball-speed"": 7, ""--kd"": 25.0, ""--kp"": 500, ""--no-plot"": null, ""--position-mode"": null, ""--serve-box"": null}",18,False,miss,0.327931,1.789792,1.936153,0.0,0.0,0.96,0.35,0.8,0.0,0.327931,0.0,0.96,
exp14_pd_v2,ballspeed7__kd25.0__kp500__noplot__positionmode__servebox,"{""--ball-speed"": 7, ""--kd"": 25.0, ""--kp"": 500, ""--no-plot"": null, ""--position-mode"": null, ""--serve-box"": null}",15,True,active,0.057151,1.791935,0.053186,0.0,0.0,1.8,0.67,1.6,25.0,0.057151,0.53,1.28,
exp14_pd_v2,ballspeed7__kd25.0__kp500__noplot__positionmode__servebox,"{""--ball-speed"": 7, ""--kd"": 25.0, ""--kp"": 500, ""--no-plot"": null, ""--position-mode"": null, ""--serve-box"": null}",25,False,miss,0.304208,1.786563,2.42451,0.0,0.0,0.91,0.32,0.8,0.0,0.304208,0.0,0.79,
exp14_pd_v2,ballspeed7__kd25.0__kp500__noplot__positionmode__servebox,"{""--ball-speed"": 7, ""--kd"": 25.0, ""--kp"": 500, ""--no-plot"": null, ""--position-mode"": null, ""--serve-box"": null}",24,True,active,0.061352,1.797983,0.056253,0.0,0.0,1.8,0.63,1.6,25.0,0.061352,1.512,0.95,
exp14_pd_v2,ballspeed7__kd25.0__kp500__noplot__positionmode__servebox,"{""--ball-speed"": 7, ""--kd"": 25.0, ""--kp"": 500, ""--no-plot"": null, ""--position-mode"": null, ""--serve-box"": null}",31,False,miss,0.346146,1.787699,0.767944,0.0,0.0,1.79,0.61,1.7,0.0,0.346146,0.0,0.83,
exp14_pd_v2,ballspeed7__kd25.0__kp500__noplot__positionmode__servebox,"{""--ball-speed"": 7, ""--kd"": 25.0, ""--kp"": 500, ""--no-plot"": null, ""--position-mode"": null, ""--serve-box"": null}",32,False,miss,0.124252,1.796307,6.232243,0.0,0.0,1.77,0.67,1.5,0.0,0.124252,0.0,0.89,
exp14_pd_v2,ballspeed7__kd25.0__kp500__noplot__positionmode__servebox,"{""--ball-speed"": 7, ""--kd"": 25.0, ""--kp"": 500, ""--no-plot"": null, ""--position-mode"": null, ""--serve-box"": null}",29,True,active,0.079067,1.791702,0.066172,0.0,0.0,1.8,0.65,1.6,60.0,0.079067,0.311,0.92,
exp14_pd_v2,ballspeed7__kd25.0__kp500__noplot__positionmode__servebox,"{""--ball-speed"": 7, ""--kd"": 25.0, ""--kp"": 500, ""--no-plot"": null, ""--position-mode"": null, ""--serve-box"": null}",30,True,active,0.059536,1.793093,0.050999,0.0,0.0,1.79,0.56,1.5,45.0,0.059536,1.617,0.95,
exp14_pd_v2,ballspeed7__kd25.0__kp500__noplot__positionmode__servebox,"{""--ball-speed"": 7, ""--kd"": 25.0, ""--kp"": 500, ""--no-plot"": null, ""--position-mode"": null, ""--serve-box"": null}",26,True,active,0.082341,1.79865,0.082341,0.0,0.0,1.8,0.7,1.8,60.0,0.082341,1.542,1.05,
exp14_pd_v2,ballspeed7__kd25.0__kp500__noplot__positionmode__servebox,"{""--ball-speed"": 7, ""--kd"": 25.0, ""--kp"": 500, ""--no-plot"": null, ""--position-mode"": null, ""--serve-box"": null}",16,False,miss,0.782405,1.799775,0.18424,0.0,0.0,1.8,0.65,1.7,0.0,0.782405,0.0,1.82,
exp14_pd_v2,ballspeed7__kd25.0__kp500__noplot__positionmode__servebox,"{""--ball-speed"": 7, ""--kd"": 25.0, ""--kp"": 500, ""--no-plot"": null, ""--position-mode"": null, ""--serve-box"": null}",33,False,miss,0.231921,1.879851,0.647275,0.0,0.0,1.8,0.64,1.5,0.0,0.231921,0.0,0.92,
exp14_pd_v2,ballspeed7__kd25.0__kp500__noplot__positionmode__servebox,"{""--ball-speed"": 7, ""--kd"": 25.0, ""--kp"": 500, ""--no-plot"": null, ""--position-mode"": null, ""--serve-box"": null}",17,False,miss,0.352811,1.79496,0.134057,20.0,90.0,1.8,0.62,1.6,0.0,0.352811,0.0,1.72,
exp14_pd_v2,ballspeed7__kd25.0__kp500__noplot__positionmode__servebox,"{""--ball-speed"": 7, ""--kd"": 25.0, ""--kp"": 500, ""--no-plot"": null, ""--position-mode"": null, ""--serve-box"": null}",22,False,miss,0.813058,1.799109,0.151194,0.0,0.0,1.8,0.7,1.8,0.0,0.813058,0.0,1.57,
exp14_pd_v2,ballspeed7__kd25.0__kp500__noplot__positionmode__servebox,"{""--ball-speed"": 7, ""--kd"": 25.0, ""--kp"": 500, ""--no-plot"": null, ""--position-mode"": null, ""--serve-box"": null}",23,False,miss,0.386071,1.792905,0.187372,0.0,0.0,1.8,0.64,1.6,0.0,0.386071,0.0,1.5,
exp14_pd_v2,ballspeed7__kd25.0__kp500__noplot__positionmode__servebox,"{""--ball-speed"": 7, ""--kd"": 25.0, ""--kp"": 500, ""--no-plot"": null, ""--position-mode"": null, ""--serve-box"": null}",19,True,active,0.059335,1.792744,0.053964,0.0,0.0,1.79,0.65,1.5,45.0,0.059335,0.684,1.71,
exp14_pd_v2,ballspeed7__kd25.0__kp500__noplot__positionmode__servebox,"{""--ball-speed"": 7, ""--kd"": 25.0, ""--kp"": 500, ""--no-plot"": null, ""--position-mode"": null, ""--serve-box"": null}",28,False,miss,0.465168,1.800591,0.363743,0.0,0.0,1.78,0.58,1.6,0.0,0.465168,0.0,1.51,
exp14_pd_v2,ballspeed7__kd25.0__kp500__noplot__positionmode__servebox,"{""--ball-speed"": 7, ""--kd"": 25.0, ""--kp"": 500, ""--no-plot"": null, ""--position-mode"": null, ""--serve-box"": null}",36,True,active,0.061059,1.800962,0.061059,0.0,0.0,1.78,0.68,1.6,45.0,0.061059,1.054,0.94,
exp14_pd_v2,ballspeed7__kd25.0__kp500__noplot__positionmode__servebox,"{""--ball-speed"": 7, ""--kd"": 25.0, ""--kp"": 500, ""--no-plot"": null, ""--position-mode"": null, ""--serve-box"": null}",37,False,miss,0.681226,1.799332,0.185618,0.0,0.0,1.8,0.62,1.6,0.0,0.681226,0.0,0.91,
exp14_pd_v2,ballspeed7__kd25.0__kp500__noplot__positionmode__servebox,"{""--ball-speed"": 7, ""--kd"": 25.0, ""--kp"": 500, ""--no-plot"": null, ""--position-mode"": null, ""--serve-box"": null}",41,False,miss,0.37706,1.794867,0.998604,0.0,0.0,1.49,0.45,1.3,0.0,0.37706,0.0,0.81,
exp14_pd_v2,ballspeed7__kd25.0__kp500__noplot__positionmode__servebox,"{""--ball-speed"": 7, ""--kd"": 25.0, ""--kp"": 500, ""--no-plot"": null, ""--position-mode"": null, ""--serve-box"": null}",35,False,miss,0.791923,1.798463,0.16932,0.0,0.0,1.8,0.66,1.7,0.0,0.791923,0.0,1.36,
exp14_pd_v2,ballspeed7__kd25.0__kp500__noplot__positionmode__servebox,"{""--ball-speed"": 7, ""--kd"": 25.0, ""--kp"": 500, ""--no-plot"": null, ""--position-mode"": null, ""--serve-box"": null}",40,False,miss,0.417835,1.790839,0.174181,20.0,5.0,1.8,0.61,1.6,0.0,0.417835,0.0,0.91,
exp14_pd_v2,ballspeed7__kd25.0__kp500__noplot__positionmode__servebox,"{""--ball-speed"": 7, ""--kd"": 25.0, ""--kp"": 500, ""--no-plot"": null, ""--position-mode"": null, ""--serve-box"": null}",39,True,active,0.080788,1.795955,0.0506,0.0,0.0,1.79,0.66,1.5,50.0,0.080788,1.232,1.02,
exp14_pd_v2,ballspeed7__kd25.0__kp500__noplot__positionmode__servebox,"{""--ball-speed"": 7, ""--kd"": 25.0, ""--kp"": 500, ""--no-plot"": null, ""--position-mode"": null, ""--serve-box"": null}",45,False,miss,0.333736,1.791102,1.134283,0.0,0.0,1.36,0.38,1.2,0.0,0.333736,0.0,0.9,
exp14_pd_v2,ballspeed7__kd25.0__kp500__noplot__positionmode__servebox,"{""--ball-speed"": 7, ""--kd"": 25.0, ""--kp"": 500, ""--no-plot"": null, ""--position-mode"": null, ""--serve-box"": null}",34,True,active,0.077671,1.797495,0.077671,0.0,0.0,1.79,0.68,1.6,55.0,0.077671,1.69,1.75,
exp14_pd_v2,ballspeed7__kd25.0__kp500__noplot__positionmode__servebox,"{""--ball-speed"": 7, ""--kd"": 25.0, ""--kp"": 500, ""--no-plot"": null, ""--position-mode"": null, ""--serve-box"": null}",43,True,active,0.060819,1.799186,0.060819,0.0,0.0,1.8,0.7,1.6,55.0,0.060819,1.572,1.09,
exp14_pd_v2,ballspeed7__kd25.0__kp500__noplot__positionmode__servebox,"{""--ball-speed"": 7, ""--kd"": 25.0, ""--kp"": 500, ""--no-plot"": null, ""--position-mode"": null, ""--serve-box"": null}",48,True,active,0.105321,1.795464,0.084875,30.0,70.0,1.79,0.6,1.6,65.0,0.105321,1.77,1.01,
exp14_pd_v2,ballspeed7__kd25.0__kp500__noplot__positionmode__servebox,"{""--ball-speed"": 7, ""--kd"": 25.0, ""--kp"": 500, ""--no-plot"": null, ""--position-mode"": null, ""--serve-box"": null}",42,False,miss,0.50423,1.781269,0.223747,0.0,0.0,1.79,0.69,1.4,0.0,0.50423,0.0,1.39,
exp14_pd_v2,ballspeed7__kd25.0__kp500__noplot__positionmode__servebox,"{""--ball-speed"": 7, ""--kd"": 25.0, ""--kp"": 500, ""--no-plot"": null, ""--position-mode"": null, ""--serve-box"": null}",38,True,active,0.093266,1.803326,0.080513,0.0,0.0,1.8,0.66,1.6,70.0,0.093266,1.41,1.51,
exp14_pd_v2,ballspeed7__kd25.0__kp500__noplot__positionmode__servebox,"{""--ball-speed"": 7, ""--kd"": 25.0, ""--kp"": 500, ""--no-plot"": null, ""--position-mode"": null, ""--serve-box"": null}",47,False,miss,0.679005,1.797287,0.226618,0.0,105.0,1.8,0.68,1.7,0.0,0.679005,0.0,1.12,
exp14_pd_v2,ballspeed7__kd40.0__kp500__noplot__positionmode__servebox,"{""--ball-speed"": 7, ""--kd"": 40.0, ""--kp"": 500, ""--no-plot"": null, ""--position-mode"": null, ""--serve-box"": null}",1,True,active,0.085364,1.79919,0.085364,0.0,0.0,1.61,0.47,1.5,60.0,0.085364,1.053,0.97,
exp14_pd_v2,ballspeed7__kd25.0__kp500__noplot__positionmode__servebox,"{""--ball-speed"": 7, ""--kd"": 25.0, ""--kp"": 500, ""--no-plot"": null, ""--position-mode"": null, ""--serve-box"": null}",50,False,miss,0.789335,1.805151,0.150168,0.0,75.0,1.8,0.7,1.9,0.0,0.789335,0.0,1.05,
exp14_pd_v2,ballspeed7__kd25.0__kp500__noplot__positionmode__servebox,"{""--ball-speed"": 7, ""--kd"": 25.0, ""--kp"": 500, ""--no-plot"": null, ""--position-mode"": null, ""--serve-box"": null}",46,False,miss,0.210586,1.790936,3.266243,0.0,0.0,0.81,0.28,0.7,0.0,0.210586,0.0,1.4,
exp14_pd_v2,ballspeed7__kd40.0__kp500__noplot__positionmode__servebox,"{""--ball-speed"": 7, ""--kd"": 40.0, ""--kp"": 500, ""--no-plot"": null, ""--position-mode"": null, ""--serve-box"": null}",4,False,miss,0.381119,1.795446,0.423271,0.0,0.0,1.29,0.45,1.1,0.0,0.381119,0.0,0.87,
exp14_pd_v2,ballspeed7__kd40.0__kp500__noplot__positionmode__servebox,"{""--ball-speed"": 7, ""--kd"": 40.0, ""--kp"": 500, ""--no-plot"": null, ""--position-mode"": null, ""--serve-box"": null}",2,True,active,0.054496,1.798596,0.05079,0.0,0.0,1.32,0.46,1.1,35.0,0.054496,0.914,0.99,
exp14_pd_v2,ballspeed7__kd25.0__kp500__noplot__positionmode__servebox,"{""--ball-speed"": 7, ""--kd"": 25.0, ""--kp"": 500, ""--no-plot"": null, ""--position-mode"": null, ""--serve-box"": null}",49,False,miss,0.283215,1.794332,1.399688,0.0,0.0,0.8,0.3,0.7,0.0,0.283215,0.0,1.36,
exp14_pd_v2,ballspeed7__kd40.0__kp500__noplot__positionmode__servebox,"{""--ball-speed"": 7, ""--kd"": 40.0, ""--kp"": 500, ""--no-plot"": null, ""--position-mode"": null, ""--serve-box"": null}",6,False,miss,0.247446,1.796547,0.127066,0.0,0.0,1.32,0.45,1.2,0.0,0.247446,0.0,0.91,
exp14_pd_v2,ballspeed7__kd25.0__kp500__noplot__positionmode__servebox,"{""--ball-speed"": 7, ""--kd"": 25.0, ""--kp"": 500, ""--no-plot"": null, ""--position-mode"": null, ""--serve-box"": null}",44,False,miss,0.818186,1.808361,0.234523,0.0,0.0,1.8,0.66,1.8,0.0,0.818186,0.0,1.89,
exp14_pd_v2,ballspeed7__kd40.0__kp500__noplot__positionmode__servebox,"{""--ball-speed"": 7, ""--kd"": 40.0, ""--kp"": 500, ""--no-plot"": null, ""--position-mode"": null, ""--serve-box"": null}",7,True,active,0.080535,1.799031,0.080535,0.0,0.0,1.35,0.45,1.2,65.0,0.080535,1.205,0.97,
exp14_pd_v2,ballspeed7__kd40.0__kp500__noplot__positionmode__servebox,"{""--ball-speed"": 7, ""--kd"": 40.0, ""--kp"": 500, ""--no-plot"": null, ""--position-mode"": null, ""--serve-box"": null}",9,False,miss,0.288891,1.796093,0.686461,0.0,0.0,1.35,0.45,1.2,0.0,0.288891,0.0,0.87,
exp14_pd_v2,ballspeed7__kd40.0__kp500__noplot__positionmode__servebox,"{""--ball-speed"": 7, ""--kd"": 40.0, ""--kp"": 500, ""--no-plot"": null, ""--position-mode"": null, ""--serve-box"": null}",3,True,active,0.081233,1.799312,0.081233,0.0,0.0,1.7,0.47,1.6,60.0,0.081233,1.076,1.43,
exp14_pd_v2,ballspeed7__kd40.0__kp500__noplot__positionmode__servebox,"{""--ball-speed"": 7, ""--kd"": 40.0, ""--kp"": 500, ""--no-plot"": null, ""--position-mode"": null, ""--serve-box"": null}",5,False,miss,0.467627,1.797378,0.427142,0.0,0.0,1.29,0.45,1.1,0.0,0.467627,0.0,1.33,
exp14_pd_v2,ballspeed7__kd40.0__kp500__noplot__positionmode__servebox,"{""--ball-speed"": 7, ""--kd"": 40.0, ""--kp"": 500, ""--no-plot"": null, ""--position-mode"": null, ""--serve-box"": null}",21,,,,,,,,,,,,,,0.21,no_result
exp14_pd_v2,ballspeed7__kd40.0__kp500__noplot__positionmode__servebox,"{""--ball-speed"": 7, ""--kd"": 40.0, ""--kp"": 500, ""--no-plot"": null, ""--position-mode"": null, ""--serve-box"": null}",20,,,,,,,,,,,,,,0.34,no_result
exp14_pd_v2,ballspeed7__kd40.0__kp500__noplot__positionmode__servebox,"{""--ball-speed"": 7, ""--kd"": 40.0, ""--kp"": 500, ""--no-plot"": null, ""--position-mode"": null, ""--serve-box"": null}",11,True,active,0.109663,1.799622,0.103157,0.0,0.0,1.68,0.47,1.5,70.0,0.109663,1.238,1.03,
exp14_pd_v2,ballspeed7__kd40.0__kp500__noplot__positionmode__servebox,"{""--ball-speed"": 7, ""--kd"": 40.0, ""--kp"": 500, ""--no-plot"": null, ""--position-mode"": null, ""--serve-box"": null}",12,False,miss,0.634256,1.799374,0.162497,0.0,0.0,1.79,0.46,1.6,0.0,0.634256,0.0,1.12,
exp14_pd_v2,ballspeed7__kd40.0__kp500__noplot__positionmode__servebox,"{""--ball-speed"": 7, ""--kd"": 40.0, ""--kp"": 500, ""--no-plot"": null, ""--position-mode"": null, ""--serve-box"": null}",13,False,miss,0.354767,1.799535,1.000065,0.0,0.0,0.62,0.22,0.5,0.0,0.354767,0.0,0.93,
exp14_pd_v2,ballspeed7__kd40.0__kp500__noplot__positionmode__servebox,"{""--ball-speed"": 7, ""--kd"": 40.0, ""--kp"": 500, ""--no-plot"": null, ""--position-mode"": null, ""--serve-box"": null}",14,True,passive,0.125679,1.799883,0.106053,0.0,0.0,1.75,0.46,1.4,70.0,0.125679,0.092,0.95,
exp14_pd_v2,ballspeed7__kd40.0__kp500__noplot__positionmode__servebox,"{""--ball-speed"": 7, ""--kd"": 40.0, ""--kp"": 500, ""--no-plot"": null, ""--position-mode"": null, ""--serve-box"": null}",8,False,miss,0.114048,1.799301,2.062061,0.0,0.0,0.42,0.16,0.3,0.0,0.114048,0.0,1.44,
exp14_pd_v2,ballspeed7__kd40.0__kp500__noplot__positionmode__servebox,"{""--ball-speed"": 7, ""--kd"": 40.0, ""--kp"": 500, ""--no-plot"": null, ""--position-mode"": null, ""--serve-box"": null}",27,,,,,,,,,,,,,,0.31,no_result
exp14_pd_v2,ballspeed7__kd40.0__kp500__noplot__positionmode__servebox,"{""--ball-speed"": 7, ""--kd"": 40.0, ""--kp"": 500, ""--no-plot"": null, ""--position-mode"": null, ""--serve-box"": null}",16,False,miss,0.724163,1.799549,0.136583,0.0,0.0,1.67,0.47,1.5,0.0,0.724163,0.0,1.02,
exp14_pd_v2,ballspeed7__kd40.0__kp500__noplot__positionmode__servebox,"{""--ball-speed"": 7, ""--kd"": 40.0, ""--kp"": 500, ""--no-plot"": null, ""--position-mode"": null, ""--serve-box"": null}",17,True,active,0.042343,1.798653,0.042343,45.0,105.0,1.51,0.46,1.3,35.0,0.042343,1.469,1.0,
exp14_pd_v2,ballspeed7__kd40.0__kp500__noplot__positionmode__servebox,"{""--ball-speed"": 7, ""--kd"": 40.0, ""--kp"": 500, ""--no-plot"": null, ""--position-mode"": null, ""--serve-box"": null}",10,True,active,0.077249,1.799099,0.072553,0.0,0.0,1.33,0.46,1.2,60.0,0.077249,1.106,1.73,
exp14_pd_v2,ballspeed7__kd40.0__kp500__noplot__positionmode__servebox,"{""--ball-speed"": 7, ""--kd"": 40.0, ""--kp"": 500, ""--no-plot"": null, ""--position-mode"": null, ""--serve-box"": null}",19,True,active,0.098467,1.800524,0.021622,0.0,0.0,1.36,0.46,1.1,45.0,0.098467,0.666,1.16,
exp14_pd_v2,ballspeed7__kd40.0__kp500__noplot__positionmode__servebox,"{""--ball-speed"": 7, ""--kd"": 40.0, ""--kp"": 500, ""--no-plot"": null, ""--position-mode"": null, ""--serve-box"": null}",25,False,miss,0.285681,1.798804,1.759736,0.0,0.0,0.59,0.21,0.5,0.0,0.285681,0.0,0.78,
exp14_pd_v2,ballspeed7__kd40.0__kp500__noplot__positionmode__servebox,"{""--ball-speed"": 7, ""--kd"": 40.0, ""--kp"": 500, ""--no-plot"": null, ""--position-mode"": null, ""--serve-box"": null}",18,True,active,0.085479,1.798961,0.084303,0.0,0.0,1.3,0.46,1.2,65.0,0.085479,1.071,1.55,
exp14_pd_v2,ballspeed7__kd40.0__kp500__noplot__positionmode__servebox,"{""--ball-speed"": 7, ""--kd"": 40.0, ""--kp"": 500, ""--no-plot"": null, ""--position-mode"": null, ""--serve-box"": null}",24,True,active,0.047652,1.798804,0.047652,0.0,0.0,1.36,0.46,1.2,40.0,0.047652,1.116,1.14,
exp14_pd_v2,ballspeed7__kd40.0__kp500__noplot__positionmode__servebox,"{""--ball-speed"": 7, ""--kd"": 40.0, ""--kp"": 500, ""--no-plot"": null, ""--position-mode"": null, ""--serve-box"": null}",15,False,miss,0.332641,1.799057,0.136518,0.0,0.0,1.74,0.51,1.4,0.0,0.332641,0.0,1.77,
exp14_pd_v2,ballspeed7__kd40.0__kp500__noplot__positionmode__servebox,"{""--ball-speed"": 7, ""--kd"": 40.0, ""--kp"": 500, ""--no-plot"": null, ""--position-mode"": null, ""--serve-box"": null}",28,True,active,0.078569,1.799172,0.078569,0.0,0.0,1.49,0.46,1.2,60.0,0.078569,1.329,0.96,
exp14_pd_v2,ballspeed7__kd40.0__kp500__noplot__positionmode__servebox,"{""--ball-speed"": 7, ""--kd"": 40.0, ""--kp"": 500, ""--no-plot"": null, ""--position-mode"": null, ""--serve-box"": null}",29,True,active,0.070259,1.79776,0.049136,0.0,0.0,1.3,0.46,1.1,45.0,0.070259,1.246,0.95,
exp14_pd_v2,ballspeed7__kd40.0__kp500__noplot__positionmode__servebox,"{""--ball-speed"": 7, ""--kd"": 40.0, ""--kp"": 500, ""--no-plot"": null, ""--position-mode"": null, ""--serve-box"": null}",30,True,active,0.113497,1.798753,0.026214,0.0,0.0,1.69,0.52,1.4,60.0,0.113497,1.284,0.93,
exp14_pd_v2,ballspeed7__kd40.0__kp500__noplot__positionmode__servebox,"{""--ball-speed"": 7, ""--kd"": 40.0, ""--kp"": 500, ""--no-plot"": null, ""--position-mode"": null, ""--serve-box"": null}",34,True,active,0.090922,1.799402,0.084493,0.0,0.0,1.55,0.46,1.4,65.0,0.090922,1.306,0.87,
exp14_pd_v2,ballspeed7__kd40.0__kp500__noplot__positionmode__servebox,"{""--ball-speed"": 7, ""--kd"": 40.0, ""--kp"": 500, ""--no-plot"": null, ""--position-mode"": null, ""--serve-box"": null}",31,True,active,0.113283,1.799741,0.113283,45.0,0.0,1.32,0.46,1.2,65.0,0.113283,0.77,0.99,
exp14_pd_v2,ballspeed7__kd40.0__kp500__noplot__positionmode__servebox,"{""--ball-speed"": 7, ""--kd"": 40.0, ""--kp"": 500, ""--no-plot"": null, ""--position-mode"": null, ""--serve-box"": null}",33,True,active,0.117126,1.799128,0.109348,0.0,0.0,1.33,0.47,1.2,70.0,0.117126,1.316,1.07,
exp14_pd_v2,ballspeed7__kd40.0__kp500__noplot__positionmode__servebox,"{""--ball-speed"": 7, ""--kd"": 40.0, ""--kp"": 500, ""--no-plot"": null, ""--position-mode"": null, ""--serve-box"": null}",22,True,active,0.10629,1.799527,0.095119,0.0,0.0,1.58,0.47,1.5,75.0,0.10629,1.473,1.62,
exp14_pd_v2,ballspeed7__kd40.0__kp500__noplot__positionmode__servebox,"{""--ball-speed"": 7, ""--kd"": 40.0, ""--kp"": 500, ""--no-plot"": null, ""--position-mode"": null, ""--serve-box"": null}",32,False,miss,0.13769,1.797305,6.255832,0.0,0.0,1.49,0.45,1.2,0.0,0.13769,0.0,1.17,
exp14_pd_v2,ballspeed7__kd40.0__kp500__noplot__positionmode__servebox,"{""--ball-speed"": 7, ""--kd"": 40.0, ""--kp"": 500, ""--no-plot"": null, ""--position-mode"": null, ""--serve-box"": null}",37,True,passive,0.119041,1.799351,0.0711,0.0,0.0,1.47,0.47,1.2,70.0,0.119041,0.052,0.87,
exp14_pd_v2,ballspeed7__kd40.0__kp500__noplot__positionmode__servebox,"{""--ball-speed"": 7, ""--kd"": 40.0, ""--kp"": 500, ""--no-plot"": null, ""--position-mode"": null, ""--serve-box"": null}",23,True,active,0.041562,1.798972,0.041562,0.0,0.0,1.32,0.46,1.2,25.0,0.041562,1.243,1.81,
exp14_pd_v2,ballspeed7__kd40.0__kp500__noplot__positionmode__servebox,"{""--ball-speed"": 7, ""--kd"": 40.0, ""--kp"": 500, ""--no-plot"": null, ""--position-mode"": null, ""--serve-box"": null}",26,True,active,0.073039,1.799885,0.073039,0.0,0.0,1.47,0.47,1.4,55.0,0.073039,1.279,1.82,
exp14_pd_v2,ballspeed7__kd40.0__kp500__noplot__positionmode__servebox,"{""--ball-speed"": 7, ""--kd"": 40.0, ""--kp"": 500, ""--no-plot"": null, ""--position-mode"": null, ""--serve-box"": null}",39,False,miss,0.068586,1.802023,1.963021,0.0,0.0,1.79,0.43,1.5,0.0,0.068586,0.0,0.79,
exp14_pd_v2,ballspeed7__kd40.0__kp500__noplot__positionmode__servebox,"{""--ball-speed"": 7, ""--kd"": 40.0, ""--kp"": 500, ""--no-plot"": null, ""--position-mode"": null, ""--serve-box"": null}",42,True,active,0.09159,1.799744,0.09159,0.0,0.0,1.76,0.47,1.5,70.0,0.09159,1.76,0.91,
exp14_pd_v2,ballspeed7__kd40.0__kp500__noplot__positionmode__servebox,"{""--ball-speed"": 7, ""--kd"": 40.0, ""--kp"": 500, ""--no-plot"": null, ""--position-mode"": null, ""--serve-box"": null}",43,True,passive,0.120781,1.799256,0.070455,0.0,0.0,1.73,0.47,1.5,70.0,0.120781,0.295,0.92,
exp14_pd_v2,ballspeed7__kd40.0__kp500__noplot__positionmode__servebox,"{""--ball-speed"": 7, ""--kd"": 40.0, ""--kp"": 500, ""--no-plot"": null, ""--position-mode"": null, ""--serve-box"": null}",35,True,active,0.091184,1.799535,0.091184,0.0,0.0,1.76,0.47,1.6,75.0,0.091184,1.764,1.46,
exp14_pd_v2,ballspeed7__kd40.0__kp500__noplot__positionmode__servebox,"{""--ball-speed"": 7, ""--kd"": 40.0, ""--kp"": 500, ""--no-plot"": null, ""--position-mode"": null, ""--serve-box"": null}",44,False,miss,0.415362,1.799314,0.133391,0.0,0.0,1.31,0.47,1.1,0.0,0.415362,0.0,0.94,
exp14_pd_v2,ballspeed7__kd40.0__kp500__noplot__positionmode__servebox,"{""--ball-speed"": 7, ""--kd"": 40.0, ""--kp"": 500, ""--no-plot"": null, ""--position-mode"": null, ""--serve-box"": null}",36,False,miss,0.303462,1.797341,0.50735,0.0,0.0,1.35,0.45,1.1,0.0,0.303462,0.0,1.51,
exp14_pd_v2,ballspeed7__kd40.0__kp500__noplot__positionmode__servebox,"{""--ball-speed"": 7, ""--kd"": 40.0, ""--kp"": 500, ""--no-plot"": null, ""--position-mode"": null, ""--serve-box"": null}",45,True,active,0.095492,1.799098,0.089721,0.0,0.0,1.33,0.46,1.2,65.0,0.095492,0.591,0.99,
exp14_pd_v2,ballspeed7__kd40.0__kp500__noplot__positionmode__servebox,"{""--ball-speed"": 7, ""--kd"": 40.0, ""--kp"": 500, ""--no-plot"": null, ""--position-mode"": null, ""--serve-box"": null}",40,True,active,0.055157,1.798982,0.044852,35.0,30.0,1.33,0.45,1.2,30.0,0.055157,1.252,1.25,
exp14_pd_v2,ballspeed7__kd40.0__kp500__noplot__positionmode__servebox,"{""--ball-speed"": 7, ""--kd"": 40.0, ""--kp"": 500, ""--no-plot"": null, ""--position-mode"": null, ""--serve-box"": null}",48,True,active,0.111345,1.799699,0.111345,0.0,40.0,1.34,0.46,1.2,65.0,0.111345,1.134,1.0,
exp14_pd_v2,ballspeed7__kd40.0__kp500__noplot__positionmode__servebox,"{""--ball-speed"": 7, ""--kd"": 40.0, ""--kp"": 500, ""--no-plot"": null, ""--position-mode"": null, ""--serve-box"": null}",41,True,active,0.080531,1.800052,0.075703,50.0,0.0,1.6,0.45,1.4,55.0,0.080531,1.523,1.52,
exp14_pd_v2,ballspeed7__kd40.0__kp500__noplot__positionmode__servebox,"{""--ball-speed"": 7, ""--kd"": 40.0, ""--kp"": 500, ""--no-plot"": null, ""--position-mode"": null, ""--serve-box"": null}",50,True,active,0.086462,1.799772,0.086462,0.0,0.0,1.37,0.47,1.3,60.0,0.086462,1.322,0.94,
exp14_pd_v2,ballspeed7__kd40.0__kp500__noplot__positionmode__servebox,"{""--ball-speed"": 7, ""--kd"": 40.0, ""--kp"": 500, ""--no-plot"": null, ""--position-mode"": null, ""--serve-box"": null}",38,True,active,0.106688,1.799632,0.106688,0.0,0.0,1.4,0.46,1.2,70.0,0.106688,1.282,1.69,
exp14_pd_v2,ballspeed7__kd50.0__kp500__noplot__positionmode__servebox,"{""--ball-speed"": 7, ""--kd"": 50.0, ""--kp"": 500, ""--no-plot"": null, ""--position-mode"": null, ""--serve-box"": null}",1,True,active,0.059133,1.799818,0.059133,0.0,0.0,1.32,0.38,1.2,55.0,0.059133,0.792,0.93,
exp14_pd_v2,ballspeed7__kd40.0__kp500__noplot__positionmode__servebox,"{""--ball-speed"": 7, ""--kd"": 40.0, ""--kp"": 500, ""--no-plot"": null, ""--position-mode"": null, ""--serve-box"": null}",49,False,miss,0.315819,1.795234,0.723745,0.0,0.0,1.35,0.45,1.2,0.0,0.315819,0.0,1.16,
exp14_pd_v2,ballspeed7__kd50.0__kp500__noplot__positionmode__servebox,"{""--ball-speed"": 7, ""--kd"": 50.0, ""--kp"": 500, ""--no-plot"": null, ""--position-mode"": null, ""--serve-box"": null}",3,True,active,0.060978,1.799826,0.060978,0.0,0.0,1.37,0.39,1.3,55.0,0.060978,1.131,0.94,
exp14_pd_v2,ballspeed7__kd50.0__kp500__noplot__positionmode__servebox,"{""--ball-speed"": 7, ""--kd"": 50.0, ""--kp"": 500, ""--no-plot"": null, ""--position-mode"": null, ""--serve-box"": null}",4,True,active,0.079049,1.799752,0.079049,0.0,0.0,1.22,0.38,1.0,60.0,0.079049,1.07,0.95,
exp14_pd_v2,ballspeed7__kd50.0__kp500__noplot__positionmode__servebox,"{""--ball-speed"": 7, ""--kd"": 50.0, ""--kp"": 500, ""--no-plot"": null, ""--position-mode"": null, ""--serve-box"": null}",5,False,miss,0.391773,1.799767,0.484391,0.0,0.0,1.06,0.37,0.9,0.0,0.391773,0.0,0.9,
exp14_pd_v2,ballspeed7__kd50.0__kp500__noplot__positionmode__servebox,"{""--ball-speed"": 7, ""--kd"": 50.0, ""--kp"": 500, ""--no-plot"": null, ""--position-mode"": null, ""--serve-box"": null}",8,False,miss,0.116162,1.79983,1.384767,0.0,0.0,0.39,0.14,0.3,0.0,0.116162,0.0,0.84,
exp14_pd_v2,ballspeed7__kd40.0__kp500__noplot__positionmode__servebox,"{""--ball-speed"": 7, ""--kd"": 40.0, ""--kp"": 500, ""--no-plot"": null, ""--position-mode"": null, ""--serve-box"": null}",47,False,miss,0.610109,1.799267,0.119147,40.0,105.0,1.76,0.47,1.6,0.0,0.610109,0.0,1.69,
exp14_pd_v2,ballspeed7__kd40.0__kp500__noplot__positionmode__servebox,"{""--ball-speed"": 7, ""--kd"": 40.0, ""--kp"": 500, ""--no-plot"": null, ""--position-mode"": null, ""--serve-box"": null}",46,True,active,0.080982,1.799483,0.080982,0.0,0.0,1.51,0.46,1.2,60.0,0.080982,1.393,1.77,
exp14_pd_v2,ballspeed7__kd50.0__kp500__noplot__positionmode__servebox,"{""--ball-speed"": 7, ""--kd"": 50.0, ""--kp"": 500, ""--no-plot"": null, ""--position-mode"": null, ""--serve-box"": null}",2,True,active,0.052632,1.799408,0.048693,0.0,0.0,1.17,0.37,0.9,35.0,0.052632,0.494,1.39,
exp14_pd_v2,ballspeed7__kd50.0__kp500__noplot__positionmode__servebox,"{""--ball-speed"": 7, ""--kd"": 50.0, ""--kp"": 500, ""--no-plot"": null, ""--position-mode"": null, ""--serve-box"": null}",7,False,miss,0.555481,1.799176,0.116477,0.0,0.0,1.19,0.38,1.0,0.0,0.555481,0.0,1.03,
exp14_pd_v2,ballspeed7__kd50.0__kp500__noplot__positionmode__servebox,"{""--ball-speed"": 7, ""--kd"": 50.0, ""--kp"": 500, ""--no-plot"": null, ""--position-mode"": null, ""--serve-box"": null}",9,False,miss,0.172172,1.79974,0.773074,0.0,0.0,0.46,0.15,0.4,0.0,0.172172,0.0,1.02,
exp14_pd_v2,ballspeed7__kd50.0__kp500__noplot__positionmode__servebox,"{""--ball-speed"": 7, ""--kd"": 50.0, ""--kp"": 500, ""--no-plot"": null, ""--position-mode"": null, ""--serve-box"": null}",21,,,,,,,,,,,,,,0.29,no_result
exp14_pd_v2,ballspeed7__kd50.0__kp500__noplot__positionmode__servebox,"{""--ball-speed"": 7, ""--kd"": 50.0, ""--kp"": 500, ""--no-plot"": null, ""--position-mode"": null, ""--serve-box"": null}",20,,,,,,,,,,,,,,0.36,no_result
exp14_pd_v2,ballspeed7__kd50.0__kp500__noplot__positionmode__servebox,"{""--ball-speed"": 7, ""--kd"": 50.0, ""--kp"": 500, ""--no-plot"": null, ""--position-mode"": null, ""--serve-box"": null}",6,True,active,0.03355,1.799847,0.032671,45.0,105.0,1.24,0.37,1.1,30.0,0.03355,1.064,1.36,
exp14_pd_v2,ballspeed7__kd50.0__kp500__noplot__positionmode__servebox,"{""--ball-speed"": 7, ""--kd"": 50.0, ""--kp"": 500, ""--no-plot"": null, ""--position-mode"": null, ""--serve-box"": null}",14,True,active,0.08011,1.799674,0.08011,50.0,85.0,1.57,0.38,1.2,55.0,0.08011,0.761,0.97,
exp14_pd_v2,ballspeed7__kd50.0__kp500__noplot__positionmode__servebox,"{""--ball-speed"": 7, ""--kd"": 50.0, ""--kp"": 500, ""--no-plot"": null, ""--position-mode"": null, ""--serve-box"": null}",13,True,active,0.106877,1.799431,0.057317,0.0,0.0,1.27,0.38,1.0,70.0,0.106877,1.113,0.99,
exp14_pd_v2,ballspeed7__kd50.0__kp500__noplot__positionmode__servebox,"{""--ball-speed"": 7, ""--kd"": 50.0, ""--kp"": 500, ""--no-plot"": null, ""--position-mode"": null, ""--serve-box"": null}",27,,,,,,,,,,,,,,0.23,no_result
exp14_pd_v2,ballspeed7__kd50.0__kp500__noplot__positionmode__servebox,"{""--ball-speed"": 7, ""--kd"": 50.0, ""--kp"": 500, ""--no-plot"": null, ""--position-mode"": null, ""--serve-box"": null}",15,False,miss,0.325451,1.799512,0.120352,0.0,0.0,1.43,0.41,1.1,0.0,0.325451,0.0,1.0,
exp14_pd_v2,ballspeed7__kd50.0__kp500__noplot__positionmode__servebox,"{""--ball-speed"": 7, ""--kd"": 50.0, ""--kp"": 500, ""--no-plot"": null, ""--position-mode"": null, ""--serve-box"": null}",10,True,active,0.081472,1.799865,0.074239,0.0,0.0,1.07,0.38,0.9,60.0,0.081472,0.951,1.37,
exp14_pd_v2,ballspeed7__kd50.0__kp500__noplot__positionmode__servebox,"{""--ball-speed"": 7, ""--kd"": 50.0, ""--kp"": 500, ""--no-plot"": null, ""--position-mode"": null, ""--serve-box"": null}",16,True,active,0.099843,1.799805,0.085297,0.0,0.0,1.38,0.38,1.2,70.0,0.099843,1.156,0.92,
exp14_pd_v2,ballspeed7__kd50.0__kp500__noplot__positionmode__servebox,"{""--ball-speed"": 7, ""--kd"": 50.0, ""--kp"": 500, ""--no-plot"": null, ""--position-mode"": null, ""--serve-box"": null}",19,True,active,0.057408,1.799382,0.04724,0.0,0.0,1.11,0.37,0.9,40.0,0.057408,1.043,0.91,
exp14_pd_v2,ballspeed7__kd50.0__kp500__noplot__positionmode__servebox,"{""--ball-speed"": 7, ""--kd"": 50.0, ""--kp"": 500, ""--no-plot"": null, ""--position-mode"": null, ""--serve-box"": null}",11,True,active,0.069735,1.799788,0.069735,0.0,0.0,1.36,0.39,1.2,60.0,0.069735,1.232,1.58,
exp14_pd_v2,ballspeed7__kd50.0__kp500__noplot__positionmode__servebox,"{""--ball-speed"": 7, ""--kd"": 50.0, ""--kp"": 500, ""--no-plot"": null, ""--position-mode"": null, ""--serve-box"": null}",25,False,miss,0.271593,1.799635,1.107414,0.0,0.0,0.5,0.15,0.4,0.0,0.271593,0.0,0.77,
exp14_pd_v2,ballspeed7__kd50.0__kp500__noplot__positionmode__servebox,"{""--ball-speed"": 7, ""--kd"": 50.0, ""--kp"": 500, ""--no-plot"": null, ""--position-mode"": null, ""--serve-box"": null}",22,True,active,0.072762,1.799792,0.07137,0.0,0.0,1.37,0.38,1.2,65.0,0.072762,1.341,1.06,
exp14_pd_v2,ballspeed7__kd50.0__kp500__noplot__positionmode__servebox,"{""--ball-speed"": 7, ""--kd"": 50.0, ""--kp"": 500, ""--no-plot"": null, ""--position-mode"": null, ""--serve-box"": null}",12,False,miss,0.521223,1.799984,0.118191,0.0,0.0,1.23,0.38,1.0,0.0,0.521223,0.0,1.72,
exp14_pd_v2,ballspeed7__kd50.0__kp500__noplot__positionmode__servebox,"{""--ball-speed"": 7, ""--kd"": 50.0, ""--kp"": 500, ""--no-plot"": null, ""--position-mode"": null, ""--serve-box"": null}",26,True,active,0.072269,1.799875,0.070182,0.0,0.0,1.36,0.42,1.2,60.0,0.072269,1.332,0.96,
exp14_pd_v2,ballspeed7__kd50.0__kp500__noplot__positionmode__servebox,"{""--ball-speed"": 7, ""--kd"": 50.0, ""--kp"": 500, ""--no-plot"": null, ""--position-mode"": null, ""--serve-box"": null}",29,True,active,0.043109,1.800092,0.035375,0.0,0.0,1.08,0.37,0.9,40.0,0.043109,0.979,0.88,
exp14_pd_v2,ballspeed7__kd50.0__kp500__noplot__positionmode__servebox,"{""--ball-speed"": 7, ""--kd"": 50.0, ""--kp"": 500, ""--no-plot"": null, ""--position-mode"": null, ""--serve-box"": null}",30,True,active,0.099957,1.800034,0.077118,0.0,0.0,1.09,0.37,1.0,65.0,0.099957,0.517,0.88,
exp14_pd_v2,ballspeed7__kd50.0__kp500__noplot__positionmode__servebox,"{""--ball-speed"": 7, ""--kd"": 50.0, ""--kp"": 500, ""--no-plot"": null, ""--position-mode"": null, ""--serve-box"": null}",17,True,active,0.020469,1.799678,0.020469,45.0,105.0,1.22,0.38,1.1,25.0,0.020469,1.19,1.72,
exp14_pd_v2,ballspeed7__kd50.0__kp500__noplot__positionmode__servebox,"{""--ball-speed"": 7, ""--kd"": 50.0, ""--kp"": 500, ""--no-plot"": null, ""--position-mode"": null, ""--serve-box"": null}",18,True,passive,0.088827,1.799858,0.088827,0.0,0.0,1.09,0.37,0.9,65.0,0.088827,0.218,1.73,
exp14_pd_v2,ballspeed7__kd50.0__kp500__noplot__positionmode__servebox,"{""--ball-speed"": 7, ""--kd"": 50.0, ""--kp"": 500, ""--no-plot"": null, ""--position-mode"": null, ""--serve-box"": null}",28,True,active,0.069217,1.799706,0.069217,0.0,0.0,1.18,0.37,0.9,55.0,0.069217,1.116,1.12,
exp14_pd_v2,ballspeed7__kd50.0__kp500__noplot__positionmode__servebox,"{""--ball-speed"": 7, ""--kd"": 50.0, ""--kp"": 500, ""--no-plot"": null, ""--position-mode"": null, ""--serve-box"": null}",33,True,active,0.075074,1.799701,0.075074,0.0,0.0,1.21,0.37,1.1,50.0,0.075074,1.052,0.93,
exp14_pd_v2,ballspeed7__kd50.0__kp500__noplot__positionmode__servebox,"{""--ball-speed"": 7, ""--kd"": 50.0, ""--kp"": 500, ""--no-plot"": null, ""--position-mode"": null, ""--serve-box"": null}",31,True,active,0.095813,1.799612,0.091015,40.0,105.0,1.62,0.43,1.5,45.0,0.095813,1.323,1.23,
exp14_pd_v2,ballspeed7__kd50.0__kp500__noplot__positionmode__servebox,"{""--ball-speed"": 7, ""--kd"": 50.0, ""--kp"": 500, ""--no-plot"": null, ""--position-mode"": null, ""--serve-box"": null}",35,True,active,0.067196,1.799927,0.067196,0.0,0.0,1.38,0.38,1.2,65.0,0.067196,1.116,0.9,
exp14_pd_v2,ballspeed7__kd50.0__kp500__noplot__positionmode__servebox,"{""--ball-speed"": 7, ""--kd"": 50.0, ""--kp"": 500, ""--no-plot"": null, ""--position-mode"": null, ""--serve-box"": null}",32,False,miss,0.154757,1.799338,6.290215,0.0,0.0,1.02,0.37,0.8,0.0,0.154757,0.0,1.23,
exp14_pd_v2,ballspeed7__kd50.0__kp500__noplot__positionmode__servebox,"{""--ball-speed"": 7, ""--kd"": 50.0, ""--kp"": 500, ""--no-plot"": null, ""--position-mode"": null, ""--serve-box"": null}",23,True,active,0.065909,1.79966,0.065909,50.0,105.0,1.08,0.37,1.0,25.0,0.065909,0.918,1.86,
exp14_pd_v2,ballspeed7__kd50.0__kp500__noplot__positionmode__servebox,"{""--ball-speed"": 7, ""--kd"": 50.0, ""--kp"": 500, ""--no-plot"": null, ""--position-mode"": null, ""--serve-box"": null}",24,True,active,0.035501,1.799538,0.035501,0.0,0.0,1.06,0.37,0.9,35.0,0.035501,0.758,1.81,
exp14_pd_v2,ballspeed7__kd50.0__kp500__noplot__positionmode__servebox,"{""--ball-speed"": 7, ""--kd"": 50.0, ""--kp"": 500, ""--no-plot"": null, ""--position-mode"": null, ""--serve-box"": null}",37,True,active,0.07127,1.799849,0.07127,0.0,0.0,1.39,0.4,1.2,55.0,0.07127,1.014,0.94,
exp14_pd_v2,ballspeed7__kd50.0__kp500__noplot__positionmode__servebox,"{""--ball-speed"": 7, ""--kd"": 50.0, ""--kp"": 500, ""--no-plot"": null, ""--position-mode"": null, ""--serve-box"": null}",38,True,active,0.072154,1.79994,0.072154,0.0,0.0,1.18,0.39,1.0,60.0,0.072154,0.956,0.93,
exp14_pd_v2,ballspeed7__kd50.0__kp500__noplot__positionmode__servebox,"{""--ball-speed"": 7, ""--kd"": 50.0, ""--kp"": 500, ""--no-plot"": null, ""--position-mode"": null, ""--serve-box"": null}",34,True,active,0.063472,1.799711,0.063472,0.0,0.0,1.34,0.38,1.2,55.0,0.063472,0.928,1.34,
exp14_pd_v2,ballspeed7__kd50.0__kp500__noplot__positionmode__servebox,"{""--ball-speed"": 7, ""--kd"": 50.0, ""--kp"": 500, ""--no-plot"": null, ""--position-mode"": null, ""--serve-box"": null}",36,True,active,0.116588,1.799648,0.033743,0.0,0.0,1.29,0.42,1.1,60.0,0.116588,0.982,1.19,
exp14_pd_v2,ballspeed7__kd50.0__kp500__noplot__positionmode__servebox,"{""--ball-speed"": 7, ""--kd"": 50.0, ""--kp"": 500, ""--no-plot"": null, ""--position-mode"": null, ""--serve-box"": null}",41,True,active,0.083425,1.799612,0.083109,45.0,0.0,1.42,0.37,1.3,55.0,0.083425,0.898,0.97,
exp14_pd_v2,ballspeed7__kd50.0__kp500__noplot__positionmode__servebox,"{""--ball-speed"": 7, ""--kd"": 50.0, ""--kp"": 500, ""--no-plot"": null, ""--position-mode"": null, ""--serve-box"": null}",42,True,active,0.075151,1.799665,0.068699,0.0,0.0,1.46,0.38,1.2,65.0,0.075151,1.463,0.92,
exp14_pd_v2,ballspeed7__kd50.0__kp500__noplot__positionmode__servebox,"{""--ball-speed"": 7, ""--kd"": 50.0, ""--kp"": 500, ""--no-plot"": null, ""--position-mode"": null, ""--serve-box"": null}",45,True,active,0.093267,1.79976,0.084109,0.0,70.0,1.61,0.39,1.4,50.0,0.093267,1.589,0.99,
exp14_pd_v2,ballspeed7__kd50.0__kp500__noplot__positionmode__servebox,"{""--ball-speed"": 7, ""--kd"": 50.0, ""--kp"": 500, ""--no-plot"": null, ""--position-mode"": null, ""--serve-box"": null}",39,False,miss,0.350398,1.799156,2.393196,0.0,0.0,1.05,0.27,0.9,0.0,0.350398,0.0,1.42,
exp14_pd_v2,ballspeed7__kd50.0__kp500__noplot__positionmode__servebox,"{""--ball-speed"": 7, ""--kd"": 50.0, ""--kp"": 500, ""--no-plot"": null, ""--position-mode"": null, ""--serve-box"": null}",44,True,active,0.07906,1.799837,0.075731,0.0,0.0,1.4,0.38,1.2,65.0,0.07906,1.148,1.07,
exp14_pd_v2,ballspeed7__kd50.0__kp500__noplot__positionmode__servebox,"{""--ball-speed"": 7, ""--kd"": 50.0, ""--kp"": 500, ""--no-plot"": null, ""--position-mode"": null, ""--serve-box"": null}",46,True,active,0.095148,1.799703,0.085,0.0,0.0,1.12,0.37,1.0,65.0,0.095148,0.678,0.95,
exp14_pd_v2,ballspeed7__kd50.0__kp500__noplot__positionmode__servebox,"{""--ball-speed"": 7, ""--kd"": 50.0, ""--kp"": 500, ""--no-plot"": null, ""--position-mode"": null, ""--serve-box"": null}",48,True,active,0.072368,1.799618,0.072368,50.0,75.0,1.48,0.37,1.1,55.0,0.072368,0.645,1.0,
exp14_pd_v2,ballspeed7__kd75.0__kp500__noplot__positionmode__servebox,"{""--ball-speed"": 7, ""--kd"": 75.0, ""--kp"": 500, ""--no-plot"": null, ""--position-mode"": null, ""--serve-box"": null}",2,True,active,0.113907,1.799971,0.088475,0.0,0.0,0.81,0.25,0.7,15.0,0.113907,0.584,0.92,
exp14_pd_v2,ballspeed7__kd50.0__kp500__noplot__positionmode__servebox,"{""--ball-speed"": 7, ""--kd"": 50.0, ""--kp"": 500, ""--no-plot"": null, ""--position-mode"": null, ""--serve-box"": null}",49,True,active,0.083019,1.799691,0.07551,0.0,0.0,1.5,0.37,1.2,55.0,0.083019,0.543,1.09,
exp14_pd_v2,ballspeed7__kd50.0__kp500__noplot__positionmode__servebox,"{""--ball-speed"": 7, ""--kd"": 50.0, ""--kp"": 500, ""--no-plot"": null, ""--position-mode"": null, ""--serve-box"": null}",43,True,active,0.074326,1.799767,0.074326,0.0,0.0,1.41,0.38,1.3,60.0,0.074326,0.914,1.46,
exp14_pd_v2,ballspeed7__kd50.0__kp500__noplot__positionmode__servebox,"{""--ball-speed"": 7, ""--kd"": 50.0, ""--kp"": 500, ""--no-plot"": null, ""--position-mode"": null, ""--serve-box"": null}",40,True,active,0.046734,1.799523,0.04653,40.0,105.0,1.21,0.37,1.0,35.0,0.046734,1.023,1.8,
exp14_pd_v2,ballspeed7__kd75.0__kp500__noplot__positionmode__servebox,"{""--ball-speed"": 7, ""--kd"": 75.0, ""--kp"": 500, ""--no-plot"": null, ""--position-mode"": null, ""--serve-box"": null}",4,True,active,0.047204,1.799989,0.047204,0.0,0.0,1.05,0.25,0.9,45.0,0.047204,1.024,1.08,
exp14_pd_v2,ballspeed7__kd75.0__kp500__noplot__positionmode__servebox,"{""--ball-speed"": 7, ""--kd"": 75.0, ""--kp"": 500, ""--no-plot"": null, ""--position-mode"": null, ""--serve-box"": null}",6,True,active,0.028969,1.799974,0.028969,45.0,105.0,0.74,0.25,0.6,20.0,0.028969,0.691,0.9,
exp14_pd_v2,ballspeed7__kd50.0__kp500__noplot__positionmode__servebox,"{""--ball-speed"": 7, ""--kd"": 50.0, ""--kp"": 500, ""--no-plot"": null, ""--position-mode"": null, ""--serve-box"": null}",50,True,active,0.071032,1.799845,0.068603,0.0,0.0,1.29,0.38,1.2,60.0,0.071032,1.292,1.53,
exp14_pd_v2,ballspeed7__kd75.0__kp500__noplot__positionmode__servebox,"{""--ball-speed"": 7, ""--kd"": 75.0, ""--kp"": 500, ""--no-plot"": null, ""--position-mode"": null, ""--serve-box"": null}",8,True,active,0.040102,1.799975,0.040102,0.0,0.0,0.82,0.27,0.7,35.0,0.040102,0.814,0.86,
exp14_pd_v2,ballspeed7__kd75.0__kp500__noplot__positionmode__servebox,"{""--ball-speed"": 7, ""--kd"": 75.0, ""--kp"": 500, ""--no-plot"": null, ""--position-mode"": null, ""--serve-box"": null}",7,True,active,0.096384,1.799998,0.073813,0.0,0.0,0.8,0.25,0.7,60.0,0.096384,0.79,0.91,
exp14_pd_v2,ballspeed7__kd75.0__kp500__noplot__positionmode__servebox,"{""--ball-speed"": 7, ""--kd"": 75.0, ""--kp"": 500, ""--no-plot"": null, ""--position-mode"": null, ""--serve-box"": null}",9,True,active,0.11047,1.799963,0.092126,45.0,105.0,0.81,0.26,0.7,25.0,0.11047,0.796,0.92,
exp14_pd_v2,ballspeed7__kd50.0__kp500__noplot__positionmode__servebox,"{""--ball-speed"": 7, ""--kd"": 50.0, ""--kp"": 500, ""--no-plot"": null, ""--position-mode"": null, ""--serve-box"": null}",47,True,active,0.064586,1.799643,0.064586,40.0,105.0,1.32,0.38,1.2,55.0,0.064586,1.044,1.88,
exp14_pd_v2,ballspeed7__kd75.0__kp500__noplot__positionmode__servebox,"{""--ball-speed"": 7, ""--kd"": 75.0, ""--kp"": 500, ""--no-plot"": null, ""--position-mode"": null, ""--serve-box"": null}",20,,,,,,,,,,,,,,0.26,no_result
exp14_pd_v2,ballspeed7__kd75.0__kp500__noplot__positionmode__servebox,"{""--ball-speed"": 7, ""--kd"": 75.0, ""--kp"": 500, ""--no-plot"": null, ""--position-mode"": null, ""--serve-box"": null}",3,True,active,0.042947,1.799987,0.042947,0.0,0.0,0.94,0.25,0.8,45.0,0.042947,0.715,1.7,
exp14_pd_v2,ballspeed7__kd75.0__kp500__noplot__positionmode__servebox,"{""--ball-speed"": 7, ""--kd"": 75.0, ""--kp"": 500, ""--no-plot"": null, ""--position-mode"": null, ""--serve-box"": null}",1,True,active,0.05135,1.79999,0.045177,0.0,0.0,0.89,0.25,0.8,40.0,0.05135,0.669,1.83,
exp14_pd_v2,ballspeed7__kd75.0__kp500__noplot__positionmode__servebox,"{""--ball-speed"": 7, ""--kd"": 75.0, ""--kp"": 500, ""--no-plot"": null, ""--position-mode"": null, ""--serve-box"": null}",21,,,,,,,,,,,,,,0.26,no_result
exp14_pd_v2,ballspeed7__kd75.0__kp500__noplot__positionmode__servebox,"{""--ball-speed"": 7, ""--kd"": 75.0, ""--kp"": 500, ""--no-plot"": null, ""--position-mode"": null, ""--serve-box"": null}",11,True,active,0.048812,1.799984,0.048812,0.0,0.0,0.92,0.25,0.8,50.0,0.048812,0.704,0.97,
exp14_pd_v2,ballspeed7__kd75.0__kp500__noplot__positionmode__servebox,"{""--ball-speed"": 7, ""--kd"": 75.0, ""--kp"": 500, ""--no-plot"": null, ""--position-mode"": null, ""--serve-box"": null}",14,True,active,0.046421,1.799977,0.046421,45.0,105.0,0.78,0.25,0.7,40.0,0.046421,0.623,0.95,
exp14_pd_v2,ballspeed7__kd75.0__kp500__noplot__positionmode__servebox,"{""--ball-speed"": 7, ""--kd"": 75.0, ""--kp"": 500, ""--no-plot"": null, ""--position-mode"": null, ""--serve-box"": null}",12,True,active,0.10212,1.799982,0.075781,0.0,0.0,0.81,0.25,0.7,60.0,0.10212,0.61,1.0,
exp14_pd_v2,ballspeed7__kd75.0__kp500__noplot__positionmode__servebox,"{""--ball-speed"": 7, ""--kd"": 75.0, ""--kp"": 500, ""--no-plot"": null, ""--position-mode"": null, ""--serve-box"": null}",27,,,,,,,,,,,,,,0.26,no_result
exp14_pd_v2,ballspeed7__kd75.0__kp500__noplot__positionmode__servebox,"{""--ball-speed"": 7, ""--kd"": 75.0, ""--kp"": 500, ""--no-plot"": null, ""--position-mode"": null, ""--serve-box"": null}",5,True,active,0.065244,1.799972,0.053526,0.0,0.0,1.0,0.25,0.8,60.0,0.065244,0.84,1.77,
exp14_pd_v2,ballspeed7__kd75.0__kp500__noplot__positionmode__servebox,"{""--ball-speed"": 7, ""--kd"": 75.0, ""--kp"": 500, ""--no-plot"": null, ""--position-mode"": null, ""--serve-box"": null}",10,True,active,0.046084,1.799981,0.046084,0.0,0.0,0.83,0.25,0.7,45.0,0.046084,0.768,1.48,
exp14_pd_v2,ballspeed7__kd75.0__kp500__noplot__positionmode__servebox,"{""--ball-speed"": 7, ""--kd"": 75.0, ""--kp"": 500, ""--no-plot"": null, ""--position-mode"": null, ""--serve-box"": null}",16,True,active,0.05516,1.79998,0.05516,0.0,0.0,1.02,0.25,0.9,55.0,0.05516,0.874,1.04,
exp14_pd_v2,ballspeed7__kd75.0__kp500__noplot__positionmode__servebox,"{""--ball-speed"": 7, ""--kd"": 75.0, ""--kp"": 500, ""--no-plot"": null, ""--position-mode"": null, ""--serve-box"": null}",17,True,active,0.014679,1.799981,0.014679,50.0,105.0,0.79,0.25,0.6,15.0,0.014679,0.755,1.03,
exp14_pd_v2,ballspeed7__kd75.0__kp500__noplot__positionmode__servebox,"{""--ball-speed"": 7, ""--kd"": 75.0, ""--kp"": 500, ""--no-plot"": null, ""--position-mode"": null, ""--serve-box"": null}",13,True,active,0.077822,1.799979,0.058133,0.0,0.0,1.04,0.25,0.8,60.0,0.077822,1.008,1.39,
exp14_pd_v2,ballspeed7__kd75.0__kp500__noplot__positionmode__servebox,"{""--ball-speed"": 7, ""--kd"": 75.0, ""--kp"": 500, ""--no-plot"": null, ""--position-mode"": null, ""--serve-box"": null}",19,True,passive,0.057209,1.799976,0.049903,0.0,0.0,0.82,0.25,0.7,25.0,0.057209,0.254,0.91,
exp14_pd_v2,ballspeed7__kd75.0__kp500__noplot__positionmode__servebox,"{""--ball-speed"": 7, ""--kd"": 75.0, ""--kp"": 500, ""--no-plot"": null, ""--position-mode"": null, ""--serve-box"": null}",15,False,miss,0.319475,1.799989,0.131122,0.0,0.0,1.08,0.29,0.9,0.0,0.319475,0.0,1.48,
exp14_pd_v2,ballspeed7__kd75.0__kp500__noplot__positionmode__servebox,"{""--ball-speed"": 7, ""--kd"": 75.0, ""--kp"": 500, ""--no-plot"": null, ""--position-mode"": null, ""--serve-box"": null}",18,True,active,0.056761,1.799981,0.054785,0.0,0.0,0.84,0.25,0.7,50.0,0.056761,0.703,1.29,
exp14_pd_v2,ballspeed7__kd75.0__kp500__noplot__positionmode__servebox,"{""--ball-speed"": 7, ""--kd"": 75.0, ""--kp"": 500, ""--no-plot"": null, ""--position-mode"": null, ""--serve-box"": null}",22,True,active,0.050102,1.799988,0.045974,0.0,0.0,0.89,0.25,0.7,45.0,0.050102,0.554,0.99,
exp14_pd_v2,ballspeed7__kd75.0__kp500__noplot__positionmode__servebox,"{""--ball-speed"": 7, ""--kd"": 75.0, ""--kp"": 500, ""--no-plot"": null, ""--position-mode"": null, ""--serve-box"": null}",24,True,active,0.036612,1.799969,0.036612,0.0,0.0,0.84,0.25,0.7,30.0,0.036612,0.706,1.01,
exp14_pd_v2,ballspeed7__kd75.0__kp500__noplot__positionmode__servebox,"{""--ball-speed"": 7, ""--kd"": 75.0, ""--kp"": 500, ""--no-plot"": null, ""--position-mode"": null, ""--serve-box"": null}",32,False,miss,0.058196,1.800001,3.557814,0.0,0.0,0.87,0.27,0.7,0.0,0.058196,0.0,0.79,
exp14_pd_v2,ballspeed7__kd75.0__kp500__noplot__positionmode__servebox,"{""--ball-speed"": 7, ""--kd"": 75.0, ""--kp"": 500, ""--no-plot"": null, ""--position-mode"": null, ""--serve-box"": null}",30,True,active,0.051199,1.799967,0.051199,0.0,0.0,0.87,0.25,0.7,45.0,0.051199,0.749,0.93,
exp14_pd_v2,ballspeed7__kd75.0__kp500__noplot__positionmode__servebox,"{""--ball-speed"": 7, ""--kd"": 75.0, ""--kp"": 500, ""--no-plot"": null, ""--position-mode"": null, ""--serve-box"": null}",31,True,active,0.065926,1.799973,0.065926,50.0,105.0,0.82,0.25,0.8,35.0,0.065926,0.401,0.94,
exp14_pd_v2,ballspeed7__kd75.0__kp500__noplot__positionmode__servebox,"{""--ball-speed"": 7, ""--kd"": 75.0, ""--kp"": 500, ""--no-plot"": null, ""--position-mode"": null, ""--serve-box"": null}",33,True,active,0.054949,1.799975,0.047744,0.0,0.0,0.9,0.25,0.7,40.0,0.054949,0.77,0.9,
exp14_pd_v2,ballspeed7__kd75.0__kp500__noplot__positionmode__servebox,"{""--ball-speed"": 7, ""--kd"": 75.0, ""--kp"": 500, ""--no-plot"": null, ""--position-mode"": null, ""--serve-box"": null}",35,True,active,0.042092,1.79998,0.042092,0.0,0.0,0.96,0.27,0.8,50.0,0.042092,0.964,0.86,
exp14_pd_v2,ballspeed7__kd75.0__kp500__noplot__positionmode__servebox,"{""--ball-speed"": 7, ""--kd"": 75.0, ""--kp"": 500, ""--no-plot"": null, ""--position-mode"": null, ""--serve-box"": null}",25,False,miss,0.21059,1.799978,1.163276,0.0,0.0,0.39,0.13,0.3,0.0,0.21059,0.0,1.48,
exp14_pd_v2,ballspeed7__kd75.0__kp500__noplot__positionmode__servebox,"{""--ball-speed"": 7, ""--kd"": 75.0, ""--kp"": 500, ""--no-plot"": null, ""--position-mode"": null, ""--serve-box"": null}",23,False,miss,0.323309,1.79997,0.143564,35.0,50.0,0.92,0.25,0.7,0.0,0.323309,0.0,1.74,
exp14_pd_v2,ballspeed7__kd75.0__kp500__noplot__positionmode__servebox,"{""--ball-speed"": 7, ""--kd"": 75.0, ""--kp"": 500, ""--no-plot"": null, ""--position-mode"": null, ""--serve-box"": null}",34,True,active,0.033318,1.799982,0.033318,0.0,0.0,0.95,0.25,0.8,40.0,0.033318,0.595,1.18,
exp14_pd_v2,ballspeed7__kd75.0__kp500__noplot__positionmode__servebox,"{""--ball-speed"": 7, ""--kd"": 75.0, ""--kp"": 500, ""--no-plot"": null, ""--position-mode"": null, ""--serve-box"": null}",26,True,active,0.055376,1.799989,0.046171,0.0,0.0,0.9,0.25,0.8,40.0,0.055376,0.564,1.77,
exp14_pd_v2,ballspeed7__kd75.0__kp500__noplot__positionmode__servebox,"{""--ball-speed"": 7, ""--kd"": 75.0, ""--kp"": 500, ""--no-plot"": null, ""--position-mode"": null, ""--serve-box"": null}",37,True,active,0.054883,1.799983,0.054883,0.0,0.0,0.98,0.25,0.8,50.0,0.054883,0.61,1.02,
exp14_pd_v2,ballspeed7__kd75.0__kp500__noplot__positionmode__servebox,"{""--ball-speed"": 7, ""--kd"": 75.0, ""--kp"": 500, ""--no-plot"": null, ""--position-mode"": null, ""--serve-box"": null}",29,True,active,0.029189,1.799983,0.029189,0.0,0.0,0.77,0.25,0.6,30.0,0.029189,0.658,1.68,
exp14_pd_v2,ballspeed7__kd75.0__kp500__noplot__positionmode__servebox,"{""--ball-speed"": 7, ""--kd"": 75.0, ""--kp"": 500, ""--no-plot"": null, ""--position-mode"": null, ""--serve-box"": null}",38,True,active,0.05486,1.799973,0.050514,0.0,0.0,0.91,0.25,0.8,50.0,0.05486,0.638,0.94,
exp14_pd_v2,ballspeed7__kd75.0__kp500__noplot__positionmode__servebox,"{""--ball-speed"": 7, ""--kd"": 75.0, ""--kp"": 500, ""--no-plot"": null, ""--position-mode"": null, ""--serve-box"": null}",28,True,active,0.067833,1.799985,0.063049,0.0,0.0,1.0,0.25,0.8,50.0,0.067833,0.987,1.78,
exp14_pd_v2,ballspeed7__kd75.0__kp500__noplot__positionmode__servebox,"{""--ball-speed"": 7, ""--kd"": 75.0, ""--kp"": 500, ""--no-plot"": null, ""--position-mode"": null, ""--serve-box"": null}",40,True,active,0.028098,1.799973,0.028098,45.0,105.0,0.81,0.25,0.7,25.0,0.028098,0.716,1.05,
exp14_pd_v2,ballspeed7__kd75.0__kp500__noplot__positionmode__servebox,"{""--ball-speed"": 7, ""--kd"": 75.0, ""--kp"": 500, ""--no-plot"": null, ""--position-mode"": null, ""--serve-box"": null}",42,True,active,0.039072,1.79998,0.039072,0.0,0.0,1.02,0.26,0.9,50.0,0.039072,1.022,0.93,
exp14_pd_v2,ballspeed7__kd75.0__kp500__noplot__positionmode__servebox,"{""--ball-speed"": 7, ""--kd"": 75.0, ""--kp"": 500, ""--no-plot"": null, ""--position-mode"": null, ""--serve-box"": null}",41,True,active,0.050554,1.799987,0.050554,45.0,105.0,0.76,0.25,0.7,40.0,0.050554,0.644,0.96,
exp14_pd_v2,ballspeed7__kd75.0__kp500__noplot__positionmode__servebox,"{""--ball-speed"": 7, ""--kd"": 75.0, ""--kp"": 500, ""--no-plot"": null, ""--position-mode"": null, ""--serve-box"": null}",36,True,active,0.053884,1.799968,0.053884,0.0,0.0,0.81,0.26,0.7,45.0,0.053884,0.809,1.6,
exp14_pd_v2,ballspeed7__kd75.0__kp500__noplot__positionmode__servebox,"{""--ball-speed"": 7, ""--kd"": 75.0, ""--kp"": 500, ""--no-plot"": null, ""--position-mode"": null, ""--serve-box"": null}",43,True,active,0.042537,1.799988,0.042537,0.0,0.0,0.97,0.25,0.8,45.0,0.042537,0.901,1.03,
exp14_pd_v2,ballspeed7__kd75.0__kp500__noplot__positionmode__servebox,"{""--ball-speed"": 7, ""--kd"": 75.0, ""--kp"": 500, ""--no-plot"": null, ""--position-mode"": null, ""--serve-box"": null}",44,True,active,0.04573,1.799978,0.04573,0.0,0.0,0.97,0.27,0.8,50.0,0.04573,0.765,0.94,
exp14_pd_v2,ballspeed7__kd75.0__kp500__noplot__positionmode__servebox,"{""--ball-speed"": 7, ""--kd"": 75.0, ""--kp"": 500, ""--no-plot"": null, ""--position-mode"": null, ""--serve-box"": null}",39,True,active,0.09011,1.800006,0.09011,0.0,0.0,0.97,0.25,0.8,60.0,0.09011,0.659,1.63,
exp14_pd_v2,ballspeed7__kd75.0__kp500__noplot__positionmode__servebox,"{""--ball-speed"": 7, ""--kd"": 75.0, ""--kp"": 500, ""--no-plot"": null, ""--position-mode"": null, ""--serve-box"": null}",45,True,active,0.04876,1.799981,0.04876,45.0,105.0,0.83,0.25,0.7,45.0,0.04876,0.716,1.16,
exp14_pd_v2,ballspeed7__kd75.0__kp500__noplot__positionmode__servebox,"{""--ball-speed"": 7, ""--kd"": 75.0, ""--kp"": 500, ""--no-plot"": null, ""--position-mode"": null, ""--serve-box"": null}",47,True,active,0.046728,1.799987,0.046728,45.0,105.0,0.91,0.25,0.8,45.0,0.046728,0.69,0.98,
exp14_pd_v2,ballspeed7__kd37.5__kp750__noplot__positionmode__servebox,"{""--ball-speed"": 7, ""--kd"": 37.5, ""--kp"": 750, ""--no-plot"": null, ""--position-mode"": null, ""--serve-box"": null}",4,False,miss,0.236983,1.800023,1.871619,0.0,0.0,0.69,0.21,0.5,0.0,0.236983,0.0,0.78,
exp14_pd_v2,ballspeed7__kd37.5__kp750__noplot__positionmode__servebox,"{""--ball-speed"": 7, ""--kd"": 37.5, ""--kp"": 750, ""--no-plot"": null, ""--position-mode"": null, ""--serve-box"": null}",1,True,active,0.111614,1.799422,0.11111,0.0,0.0,1.76,0.5,1.7,75.0,0.111614,1.269,1.03,
exp14_pd_v2,ballspeed7__kd37.5__kp750__noplot__positionmode__servebox,"{""--ball-speed"": 7, ""--kd"": 37.5, ""--kp"": 750, ""--no-plot"": null, ""--position-mode"": null, ""--serve-box"": null}",3,True,active,0.110035,1.800219,0.107124,0.0,0.0,1.8,0.5,1.6,75.0,0.110035,1.085,1.04,
exp14_pd_v2,ballspeed7__kd37.5__kp750__noplot__positionmode__servebox,"{""--ball-speed"": 7, ""--kd"": 37.5, ""--kp"": 750, ""--no-plot"": null, ""--position-mode"": null, ""--serve-box"": null}",7,False,miss,0.344936,1.796282,1.216766,0.0,0.0,1.57,0.43,1.3,0.0,0.344936,0.0,0.79,
exp14_pd_v2,ballspeed7__kd37.5__kp750__noplot__positionmode__servebox,"{""--ball-speed"": 7, ""--kd"": 37.5, ""--kp"": 750, ""--no-plot"": null, ""--position-mode"": null, ""--serve-box"": null}",8,False,miss,0.027783,1.799869,7.027347,0.0,0.0,0.33,0.14,0.3,0.0,0.027783,0.0,0.67,
exp14_pd_v2,ballspeed7__kd75.0__kp500__noplot__positionmode__servebox,"{""--ball-speed"": 7, ""--kd"": 75.0, ""--kp"": 500, ""--no-plot"": null, ""--position-mode"": null, ""--serve-box"": null}",49,True,active,0.034668,1.79998,0.034668,45.0,105.0,0.77,0.25,0.7,35.0,0.034668,0.768,1.29,
exp14_pd_v2,ballspeed7__kd37.5__kp750__noplot__positionmode__servebox,"{""--ball-speed"": 7, ""--kd"": 37.5, ""--kp"": 750, ""--no-plot"": null, ""--position-mode"": null, ""--serve-box"": null}",9,False,miss,0.114654,1.801584,1.490522,0.0,0.0,0.96,0.3,0.8,0.0,0.114654,0.0,0.87,
exp14_pd_v2,ballspeed7__kd75.0__kp500__noplot__positionmode__servebox,"{""--ball-speed"": 7, ""--kd"": 75.0, ""--kp"": 500, ""--no-plot"": null, ""--position-mode"": null, ""--serve-box"": null}",46,True,active,0.045572,1.799982,0.045572,0.0,0.0,1.07,0.25,0.9,45.0,0.045572,0.989,1.79,
exp14_pd_v2,ballspeed7__kd37.5__kp750__noplot__positionmode__servebox,"{""--ball-speed"": 7, ""--kd"": 37.5, ""--kp"": 750, ""--no-plot"": null, ""--position-mode"": null, ""--serve-box"": null}",2,True,passive,0.048237,1.799129,0.047781,0.0,0.0,1.72,0.48,1.4,40.0,0.048237,0.25,1.5,
exp14_pd_v2,ballspeed7__kd37.5__kp750__noplot__positionmode__servebox,"{""--ball-speed"": 7, ""--kd"": 37.5, ""--kp"": 750, ""--no-plot"": null, ""--position-mode"": null, ""--serve-box"": null}",11,True,active,0.095251,1.799504,0.083936,0.0,0.0,1.8,0.5,1.7,70.0,0.095251,1.397,0.85,
exp14_pd_v2,ballspeed7__kd37.5__kp750__noplot__positionmode__servebox,"{""--ball-speed"": 7, ""--kd"": 37.5, ""--kp"": 750, ""--no-plot"": null, ""--position-mode"": null, ""--serve-box"": null}",10,True,active,0.066297,1.799562,0.066297,0.0,0.0,1.39,0.48,1.2,55.0,0.066297,1.287,0.98,
exp14_pd_v2,ballspeed7__kd75.0__kp500__noplot__positionmode__servebox,"{""--ball-speed"": 7, ""--kd"": 75.0, ""--kp"": 500, ""--no-plot"": null, ""--position-mode"": null, ""--serve-box"": null}",48,True,active,0.053859,1.799973,0.053859,40.0,105.0,0.88,0.25,0.8,45.0,0.053859,0.75,1.84,
exp14_pd_v2,ballspeed7__kd37.5__kp750__noplot__positionmode__servebox,"{""--ball-speed"": 7, ""--kd"": 37.5, ""--kp"": 750, ""--no-plot"": null, ""--position-mode"": null, ""--serve-box"": null}",20,,,,,,,,,,,,,,0.31,no_result
exp14_pd_v2,ballspeed7__kd37.5__kp750__noplot__positionmode__servebox,"{""--ball-speed"": 7, ""--kd"": 37.5, ""--kp"": 750, ""--no-plot"": null, ""--position-mode"": null, ""--serve-box"": null}",21,,,,,,,,,,,,,,0.28,no_result
exp14_pd_v2,ballspeed7__kd37.5__kp750__noplot__positionmode__servebox,"{""--ball-speed"": 7, ""--kd"": 37.5, ""--kp"": 750, ""--no-plot"": null, ""--position-mode"": null, ""--serve-box"": null}",6,False,miss,0.243924,1.795412,0.786438,0.0,0.0,1.38,0.48,1.2,0.0,0.243924,0.0,1.48,
exp14_pd_v2,ballspeed7__kd37.5__kp750__noplot__positionmode__servebox,"{""--ball-speed"": 7, ""--kd"": 37.5, ""--kp"": 750, ""--no-plot"": null, ""--position-mode"": null, ""--serve-box"": null}",12,True,active,0.112032,1.800985,0.088467,0.0,0.0,1.43,0.49,1.2,70.0,0.112032,0.789,0.98,
exp14_pd_v2,ballspeed7__kd75.0__kp500__noplot__positionmode__servebox,"{""--ball-speed"": 7, ""--kd"": 75.0, ""--kp"": 500, ""--no-plot"": null, ""--position-mode"": null, ""--serve-box"": null}",50,True,active,0.043427,1.799989,0.043427,0.0,0.0,0.91,0.25,0.8,45.0,0.043427,0.905,1.84,
exp14_pd_v2,ballspeed7__kd37.5__kp750__noplot__positionmode__servebox,"{""--ball-speed"": 7, ""--kd"": 37.5, ""--kp"": 750, ""--no-plot"": null, ""--position-mode"": null, ""--serve-box"": null}",5,False,miss,0.49072,1.797417,0.411287,0.0,0.0,1.39,0.49,1.2,0.0,0.49072,0.0,1.61,
exp14_pd_v2,ballspeed7__kd37.5__kp750__noplot__positionmode__servebox,"{""--ball-speed"": 7, ""--kd"": 37.5, ""--kp"": 750, ""--no-plot"": null, ""--position-mode"": null, ""--serve-box"": null}",13,False,miss,0.542009,1.797884,0.11297,0.0,0.0,1.79,0.49,1.4,0.0,0.542009,0.0,1.01,
exp14_pd_v2,ballspeed7__kd37.5__kp750__noplot__positionmode__servebox,"{""--ball-speed"": 7, ""--kd"": 37.5, ""--kp"": 750, ""--no-plot"": null, ""--position-mode"": null, ""--serve-box"": null}",14,False,miss,0.263513,1.799253,1.314785,0.0,0.0,0.6,0.22,0.5,0.0,0.263513,0.0,1.09,
exp14_pd_v2,ballspeed7__kd37.5__kp750__noplot__positionmode__servebox,"{""--ball-speed"": 7, ""--kd"": 37.5, ""--kp"": 750, ""--no-plot"": null, ""--position-mode"": null, ""--serve-box"": null}",17,False,miss,0.277248,1.794619,0.233068,0.0,0.0,1.41,0.48,1.3,0.0,0.277248,0.0,0.99,
exp14_pd_v2,ballspeed7__kd37.5__kp750__noplot__positionmode__servebox,"{""--ball-speed"": 7, ""--kd"": 37.5, ""--kp"": 750, ""--no-plot"": null, ""--position-mode"": null, ""--serve-box"": null}",16,True,active,0.113336,1.800008,0.091522,0.0,0.0,1.8,0.49,1.6,75.0,0.113336,1.504,1.01,
exp14_pd_v2,ballspeed7__kd37.5__kp750__noplot__positionmode__servebox,"{""--ball-speed"": 7, ""--kd"": 37.5, ""--kp"": 750, ""--no-plot"": null, ""--position-mode"": null, ""--serve-box"": null}",27,,,,,,,,,,,,,,0.34,no_result
exp14_pd_v2,ballspeed7__kd37.5__kp750__noplot__positionmode__servebox,"{""--ball-speed"": 7, ""--kd"": 37.5, ""--kp"": 750, ""--no-plot"": null, ""--position-mode"": null, ""--serve-box"": null}",18,False,miss,0.282489,1.799065,1.309012,0.0,0.0,1.29,0.34,1.1,0.0,0.282489,0.0,1.02,
exp14_pd_v2,ballspeed7__kd37.5__kp750__noplot__positionmode__servebox,"{""--ball-speed"": 7, ""--kd"": 37.5, ""--kp"": 750, ""--no-plot"": null, ""--position-mode"": null, ""--serve-box"": null}",19,True,active,0.068114,1.80163,0.034782,0.0,0.0,1.8,0.48,1.4,45.0,0.068114,1.299,1.08,
exp14_pd_v2,ballspeed7__kd37.5__kp750__noplot__positionmode__servebox,"{""--ball-speed"": 7, ""--kd"": 37.5, ""--kp"": 750, ""--no-plot"": null, ""--position-mode"": null, ""--serve-box"": null}",25,False,miss,0.208111,1.799638,3.200937,0.0,0.0,0.71,0.22,0.6,0.0,0.208111,0.0,0.89,
exp14_pd_v2,ballspeed7__kd37.5__kp750__noplot__positionmode__servebox,"{""--ball-speed"": 7, ""--kd"": 37.5, ""--kp"": 750, ""--no-plot"": null, ""--position-mode"": null, ""--serve-box"": null}",29,True,active,0.063796,1.799375,0.032685,0.0,0.0,1.48,0.49,1.2,45.0,0.063796,1.339,0.89,
exp14_pd_v2,ballspeed7__kd37.5__kp750__noplot__positionmode__servebox,"{""--ball-speed"": 7, ""--kd"": 37.5, ""--kp"": 750, ""--no-plot"": null, ""--position-mode"": null, ""--serve-box"": null}",23,True,active,0.085977,1.799211,0.085788,10.0,50.0,1.79,0.53,1.5,30.0,0.085977,1.21,1.07,
exp14_pd_v2,ballspeed7__kd37.5__kp750__noplot__positionmode__servebox,"{""--ball-speed"": 7, ""--kd"": 37.5, ""--kp"": 750, ""--no-plot"": null, ""--position-mode"": null, ""--serve-box"": null}",15,False,miss,0.396413,1.798387,0.139124,0.0,0.0,1.79,0.53,1.4,0.0,0.396413,0.0,1.71,
exp14_pd_v2,ballspeed7__kd37.5__kp750__noplot__positionmode__servebox,"{""--ball-speed"": 7, ""--kd"": 37.5, ""--kp"": 750, ""--no-plot"": null, ""--position-mode"": null, ""--serve-box"": null}",32,False,miss,0.157529,1.795929,6.221176,0.0,0.0,1.79,0.48,1.5,0.0,0.157529,0.0,0.72,
exp14_pd_v2,ballspeed7__kd37.5__kp750__noplot__positionmode__servebox,"{""--ball-speed"": 7, ""--kd"": 37.5, ""--kp"": 750, ""--no-plot"": null, ""--position-mode"": null, ""--serve-box"": null}",30,True,active,0.069508,1.798617,0.069508,0.0,0.0,1.41,0.49,1.2,55.0,0.069508,0.92,0.96,
exp14_pd_v2,ballspeed7__kd37.5__kp750__noplot__positionmode__servebox,"{""--ball-speed"": 7, ""--kd"": 37.5, ""--kp"": 750, ""--no-plot"": null, ""--position-mode"": null, ""--serve-box"": null}",31,True,active,0.121245,1.799392,0.095603,40.0,0.0,1.64,0.48,1.4,70.0,0.121245,1.397,0.98,
exp14_pd_v2,ballspeed7__kd37.5__kp750__noplot__positionmode__servebox,"{""--ball-speed"": 7, ""--kd"": 37.5, ""--kp"": 750, ""--no-plot"": null, ""--position-mode"": null, ""--serve-box"": null}",36,False,miss,0.134828,1.802298,1.344688,0.0,0.0,1.63,0.42,1.3,0.0,0.134828,0.0,0.82,
exp14_pd_v2,ballspeed7__kd37.5__kp750__noplot__positionmode__servebox,"{""--ball-speed"": 7, ""--kd"": 37.5, ""--kp"": 750, ""--no-plot"": null, ""--position-mode"": null, ""--serve-box"": null}",34,True,active,0.091642,1.801921,0.091642,0.0,0.0,1.36,0.5,1.2,65.0,0.091642,1.204,0.94,
exp14_pd_v2,ballspeed7__kd37.5__kp750__noplot__positionmode__servebox,"{""--ball-speed"": 7, ""--kd"": 37.5, ""--kp"": 750, ""--no-plot"": null, ""--position-mode"": null, ""--serve-box"": null}",33,False,miss,0.238598,1.794377,0.66047,0.0,0.0,1.79,0.48,1.5,0.0,0.238598,0.0,1.12,
exp14_pd_v2,ballspeed7__kd37.5__kp750__noplot__positionmode__servebox,"{""--ball-speed"": 7, ""--kd"": 37.5, ""--kp"": 750, ""--no-plot"": null, ""--position-mode"": null, ""--serve-box"": null}",22,True,active,0.116616,1.799864,0.109083,0.0,0.0,1.7,0.5,1.6,80.0,0.116616,1.439,1.73,
exp14_pd_v2,ballspeed7__kd37.5__kp750__noplot__positionmode__servebox,"{""--ball-speed"": 7, ""--kd"": 37.5, ""--kp"": 750, ""--no-plot"": null, ""--position-mode"": null, ""--serve-box"": null}",37,True,active,0.114553,1.799496,0.114553,0.0,0.0,1.53,0.49,1.3,75.0,0.114553,1.157,0.94,
exp14_pd_v2,ballspeed7__kd37.5__kp750__noplot__positionmode__servebox,"{""--ball-speed"": 7, ""--kd"": 37.5, ""--kp"": 750, ""--no-plot"": null, ""--position-mode"": null, ""--serve-box"": null}",24,True,active,0.055042,1.799593,0.055042,0.0,0.0,1.43,0.49,1.2,50.0,0.055042,0.468,1.71,
exp14_pd_v2,ballspeed7__kd37.5__kp750__noplot__positionmode__servebox,"{""--ball-speed"": 7, ""--kd"": 37.5, ""--kp"": 750, ""--no-plot"": null, ""--position-mode"": null, ""--serve-box"": null}",26,True,active,0.119464,1.799742,0.104068,0.0,0.0,1.74,0.5,1.7,75.0,0.119464,1.119,1.73,
exp14_pd_v2,ballspeed7__kd37.5__kp750__noplot__positionmode__servebox,"{""--ball-speed"": 7, ""--kd"": 37.5, ""--kp"": 750, ""--no-plot"": null, ""--position-mode"": null, ""--serve-box"": null}",38,False,miss,0.585193,1.799486,0.146791,0.0,0.0,1.74,0.49,1.4,0.0,0.585193,0.0,0.96,
exp14_pd_v2,ballspeed7__kd37.5__kp750__noplot__positionmode__servebox,"{""--ball-speed"": 7, ""--kd"": 37.5, ""--kp"": 750, ""--no-plot"": null, ""--position-mode"": null, ""--serve-box"": null}",39,False,miss,0.252388,1.798808,3.145518,0.0,0.0,1.04,0.3,0.8,0.0,0.252388,0.0,0.92,
exp14_pd_v2,ballspeed7__kd37.5__kp750__noplot__positionmode__servebox,"{""--ball-speed"": 7, ""--kd"": 37.5, ""--kp"": 750, ""--no-plot"": null, ""--position-mode"": null, ""--serve-box"": null}",28,False,miss,0.544101,1.800407,0.146497,0.0,0.0,1.8,0.49,1.4,0.0,0.544101,0.0,1.93,
exp14_pd_v2,ballspeed7__kd37.5__kp750__noplot__positionmode__servebox,"{""--ball-speed"": 7, ""--kd"": 37.5, ""--kp"": 750, ""--no-plot"": null, ""--position-mode"": null, ""--serve-box"": null}",40,True,active,0.085489,1.798377,0.026075,15.0,20.0,1.79,0.5,1.5,30.0,0.085489,1.323,0.98,
exp14_pd_v2,ballspeed7__kd37.5__kp750__noplot__positionmode__servebox,"{""--ball-speed"": 7, ""--kd"": 37.5, ""--kp"": 750, ""--no-plot"": null, ""--position-mode"": null, ""--serve-box"": null}",42,False,miss,0.411413,1.797396,0.27633,0.0,0.0,1.23,0.48,1.0,0.0,0.411413,0.0,0.93,
exp14_pd_v2,ballspeed7__kd37.5__kp750__noplot__positionmode__servebox,"{""--ball-speed"": 7, ""--kd"": 37.5, ""--kp"": 750, ""--no-plot"": null, ""--position-mode"": null, ""--serve-box"": null}",35,True,active,0.091851,1.800421,0.091851,0.0,0.0,1.8,0.5,1.7,75.0,0.091851,1.727,1.75,
exp14_pd_v2,ballspeed7__kd37.5__kp750__noplot__positionmode__servebox,"{""--ball-speed"": 7, ""--kd"": 37.5, ""--kp"": 750, ""--no-plot"": null, ""--position-mode"": null, ""--serve-box"": null}",46,False,miss,0.160758,1.803671,1.931757,0.0,0.0,1.79,0.43,1.5,0.0,0.160758,0.0,0.83,
exp14_pd_v2,ballspeed7__kd37.5__kp750__noplot__positionmode__servebox,"{""--ball-speed"": 7, ""--kd"": 37.5, ""--kp"": 750, ""--no-plot"": null, ""--position-mode"": null, ""--serve-box"": null}",44,False,miss,0.478437,1.799005,0.135248,0.0,0.0,1.31,0.5,1.1,0.0,0.478437,0.0,0.99,
exp14_pd_v2,ballspeed7__kd37.5__kp750__noplot__positionmode__servebox,"{""--ball-speed"": 7, ""--kd"": 37.5, ""--kp"": 750, ""--no-plot"": null, ""--position-mode"": null, ""--serve-box"": null}",45,False,miss,0.616716,1.798577,0.152683,0.0,70.0,1.74,0.49,1.4,0.0,0.616716,0.0,1.08,
exp14_pd_v2,ballspeed7__kd37.5__kp750__noplot__positionmode__servebox,"{""--ball-speed"": 7, ""--kd"": 37.5, ""--kp"": 750, ""--no-plot"": null, ""--position-mode"": null, ""--serve-box"": null}",48,False,miss,0.396705,1.79365,0.513621,0.0,0.0,1.41,0.48,1.3,0.0,0.396705,0.0,0.92,
exp14_pd_v2,ballspeed7__kd37.5__kp750__noplot__positionmode__servebox,"{""--ball-speed"": 7, ""--kd"": 37.5, ""--kp"": 750, ""--no-plot"": null, ""--position-mode"": null, ""--serve-box"": null}",49,True,active,0.103064,1.799033,0.008073,55.0,105.0,1.8,0.49,1.5,35.0,0.103064,1.585,0.96,
exp14_pd_v2,ballspeed7__kd37.5__kp750__noplot__positionmode__servebox,"{""--ball-speed"": 7, ""--kd"": 37.5, ""--kp"": 750, ""--no-plot"": null, ""--position-mode"": null, ""--serve-box"": null}",41,True,active,0.072445,1.798782,0.072445,45.0,0.0,1.8,0.49,1.6,50.0,0.072445,1.712,1.53,
exp14_pd_v2,ballspeed7__kd37.5__kp750__noplot__positionmode__servebox,"{""--ball-speed"": 7, ""--kd"": 37.5, ""--kp"": 750, ""--no-plot"": null, ""--position-mode"": null, ""--serve-box"": null}",50,True,active,0.0942,1.800045,0.079775,0.0,0.0,1.73,0.49,1.7,70.0,0.0942,1.296,1.02,
exp14_pd_v2,ballspeed7__kd37.5__kp750__noplot__positionmode__servebox,"{""--ball-speed"": 7, ""--kd"": 37.5, ""--kp"": 750, ""--no-plot"": null, ""--position-mode"": null, ""--serve-box"": null}",43,True,active,0.117141,1.800088,0.117141,0.0,0.0,1.75,0.49,1.6,75.0,0.117141,1.159,1.61,
exp14_pd_v2,ballspeed7__kd60.0__kp750__noplot__positionmode__servebox,"{""--ball-speed"": 7, ""--kd"": 60.0, ""--kp"": 750, ""--no-plot"": null, ""--position-mode"": null, ""--serve-box"": null}",3,True,active,0.056863,1.79993,0.056863,0.0,0.0,1.16,0.32,1.1,55.0,0.056863,1.023,0.96,
exp14_pd_v2,ballspeed7__kd60.0__kp750__noplot__positionmode__servebox,"{""--ball-speed"": 7, ""--kd"": 60.0, ""--kp"": 750, ""--no-plot"": null, ""--position-mode"": null, ""--serve-box"": null}",5,False,miss,0.385498,1.801051,0.484065,0.0,0.0,0.9,0.31,0.8,0.0,0.385498,0.0,0.89,
exp14_pd_v2,ballspeed7__kd60.0__kp750__noplot__positionmode__servebox,"{""--ball-speed"": 7, ""--kd"": 60.0, ""--kp"": 750, ""--no-plot"": null, ""--position-mode"": null, ""--serve-box"": null}",9,False,miss,0.126139,1.799979,0.873784,0.0,0.0,1.23,0.3,1.1,0.0,0.126139,0.0,0.76,
exp14_pd_v2,ballspeed7__kd60.0__kp750__noplot__positionmode__servebox,"{""--ball-speed"": 7, ""--kd"": 60.0, ""--kp"": 750, ""--no-plot"": null, ""--position-mode"": null, ""--serve-box"": null}",7,True,active,0.095717,1.800041,0.086344,0.0,0.0,0.97,0.31,0.8,70.0,0.095717,0.779,0.94,
exp14_pd_v2,ballspeed7__kd37.5__kp750__noplot__positionmode__servebox,"{""--ball-speed"": 7, ""--kd"": 37.5, ""--kp"": 750, ""--no-plot"": null, ""--position-mode"": null, ""--serve-box"": null}",47,True,active,0.107627,1.799316,0.100284,0.0,0.0,1.58,0.5,1.4,70.0,0.107627,1.221,1.79,
exp14_pd_v2,ballspeed7__kd60.0__kp750__noplot__positionmode__servebox,"{""--ball-speed"": 7, ""--kd"": 60.0, ""--kp"": 750, ""--no-plot"": null, ""--position-mode"": null, ""--serve-box"": null}",8,False,miss,0.0219,1.799993,7.028155,0.0,0.0,0.24,0.09,0.2,0.0,0.0219,0.0,1.15,
exp14_pd_v2,ballspeed7__kd60.0__kp750__noplot__positionmode__servebox,"{""--ball-speed"": 7, ""--kd"": 60.0, ""--kp"": 750, ""--no-plot"": null, ""--position-mode"": null, ""--serve-box"": null}",6,True,active,0.049095,1.799831,0.049095,40.0,105.0,1.21,0.31,1.0,40.0,0.049095,0.827,1.33,
exp14_pd_v2,ballspeed7__kd60.0__kp750__noplot__positionmode__servebox,"{""--ball-speed"": 7, ""--kd"": 60.0, ""--kp"": 750, ""--no-plot"": null, ""--position-mode"": null, ""--serve-box"": null}",10,True,active,0.066877,1.799906,0.066877,0.0,0.0,1.06,0.32,0.9,55.0,0.066877,0.839,0.99,
exp14_pd_v2,ballspeed7__kd60.0__kp750__noplot__positionmode__servebox,"{""--ball-speed"": 7, ""--kd"": 60.0, ""--kp"": 750, ""--no-plot"": null, ""--position-mode"": null, ""--serve-box"": null}",13,True,active,0.100951,1.799713,0.089934,0.0,0.0,1.25,0.31,1.1,75.0,0.100951,1.007,0.96,
exp14_pd_v2,ballspeed7__kd60.0__kp750__noplot__positionmode__servebox,"{""--ball-speed"": 7, ""--kd"": 60.0, ""--kp"": 750, ""--no-plot"": null, ""--position-mode"": null, ""--serve-box"": null}",12,True,active,0.092284,1.799933,0.092284,0.0,0.0,1.3,0.31,1.1,65.0,0.092284,1.288,1.0,
exp14_pd_v2,ballspeed7__kd60.0__kp750__noplot__positionmode__servebox,"{""--ball-speed"": 7, ""--kd"": 60.0, ""--kp"": 750, ""--no-plot"": null, ""--position-mode"": null, ""--serve-box"": null}",2,True,passive,0.075866,1.799877,0.067277,0.0,0.0,1.15,0.31,0.9,25.0,0.075866,0.068,1.79,
exp14_pd_v2,ballspeed7__kd60.0__kp750__noplot__positionmode__servebox,"{""--ball-speed"": 7, ""--kd"": 60.0, ""--kp"": 750, ""--no-plot"": null, ""--position-mode"": null, ""--serve-box"": null}",21,,,,,,,,,,,,,,0.34,no_result
exp14_pd_v2,ballspeed7__kd60.0__kp750__noplot__positionmode__servebox,"{""--ball-speed"": 7, ""--kd"": 60.0, ""--kp"": 750, ""--no-plot"": null, ""--position-mode"": null, ""--serve-box"": null}",20,,,,,,,,,,,,,,0.38,no_result
exp14_pd_v2,ballspeed7__kd60.0__kp750__noplot__positionmode__servebox,"{""--ball-speed"": 7, ""--kd"": 60.0, ""--kp"": 750, ""--no-plot"": null, ""--position-mode"": null, ""--serve-box"": null}",1,True,active,0.069931,1.799943,0.063949,0.0,0.0,1.11,0.32,1.0,50.0,0.069931,1.052,1.9,
exp14_pd_v2,ballspeed7__kd60.0__kp750__noplot__positionmode__servebox,"{""--ball-speed"": 7, ""--kd"": 60.0, ""--kp"": 750, ""--no-plot"": null, ""--position-mode"": null, ""--serve-box"": null}",15,False,miss,0.376344,1.799883,0.147665,0.0,0.0,1.34,0.35,1.1,0.0,0.376344,0.0,0.95,
exp14_pd_v2,ballspeed7__kd60.0__kp750__noplot__positionmode__servebox,"{""--ball-speed"": 7, ""--kd"": 60.0, ""--kp"": 750, ""--no-plot"": null, ""--position-mode"": null, ""--serve-box"": null}",4,True,active,0.098591,1.799885,0.093777,0.0,0.0,0.98,0.32,0.9,55.0,0.098591,0.694,1.75,
exp14_pd_v2,ballspeed7__kd60.0__kp750__noplot__positionmode__servebox,"{""--ball-speed"": 7, ""--kd"": 60.0, ""--kp"": 750, ""--no-plot"": null, ""--position-mode"": null, ""--serve-box"": null}",17,True,active,0.034658,1.799898,0.034658,45.0,105.0,1.03,0.32,0.9,25.0,0.034658,1.017,1.0,
exp14_pd_v2,ballspeed7__kd60.0__kp750__noplot__positionmode__servebox,"{""--ball-speed"": 7, ""--kd"": 60.0, ""--kp"": 750, ""--no-plot"": null, ""--position-mode"": null, ""--serve-box"": null}",19,True,active,0.044665,1.799828,0.044665,0.0,0.0,1.16,0.32,0.9,35.0,0.044665,0.862,0.94,
exp14_pd_v2,ballspeed7__kd60.0__kp750__noplot__positionmode__servebox,"{""--ball-speed"": 7, ""--kd"": 60.0, ""--kp"": 750, ""--no-plot"": null, ""--position-mode"": null, ""--serve-box"": null}",27,,,,,,,,,,,,,,0.37,no_result
exp14_pd_v2,ballspeed7__kd60.0__kp750__noplot__positionmode__servebox,"{""--ball-speed"": 7, ""--kd"": 60.0, ""--kp"": 750, ""--no-plot"": null, ""--position-mode"": null, ""--serve-box"": null}",16,True,active,0.073241,1.799942,0.073241,0.0,0.0,1.17,0.32,1.0,65.0,0.073241,1.166,1.31,
exp14_pd_v2,ballspeed7__kd60.0__kp750__noplot__positionmode__servebox,"{""--ball-speed"": 7, ""--kd"": 60.0, ""--kp"": 750, ""--no-plot"": null, ""--position-mode"": null, ""--serve-box"": null}",11,True,active,0.072489,1.799931,0.072489,0.0,0.0,1.14,0.32,1.0,60.0,0.072489,1.09,1.71,
exp14_pd_v2,ballspeed7__kd60.0__kp750__noplot__positionmode__servebox,"{""--ball-speed"": 7, ""--kd"": 60.0, ""--kp"": 750, ""--no-plot"": null, ""--position-mode"": null, ""--serve-box"": null}",23,False,miss,0.36442,1.799887,0.120891,45.0,105.0,1.08,0.32,0.9,0.0,0.36442,0.0,0.95,
exp14_pd_v2,ballspeed7__kd60.0__kp750__noplot__positionmode__servebox,"{""--ball-speed"": 7, ""--kd"": 60.0, ""--kp"": 750, ""--no-plot"": null, ""--position-mode"": null, ""--serve-box"": null}",14,True,active,0.073652,1.799917,0.073652,40.0,105.0,1.26,0.31,1.0,45.0,0.073652,0.936,1.72,
exp14_pd_v2,ballspeed7__kd60.0__kp750__noplot__positionmode__servebox,"{""--ball-speed"": 7, ""--kd"": 60.0, ""--kp"": 750, ""--no-plot"": null, ""--position-mode"": null, ""--serve-box"": null}",18,True,active,0.132324,1.799867,0.107621,0.0,0.0,1.04,0.31,0.9,40.0,0.132324,1.041,1.45,
exp14_pd_v2,ballspeed7__kd60.0__kp750__noplot__positionmode__servebox,"{""--ball-speed"": 7, ""--kd"": 60.0, ""--kp"": 750, ""--no-plot"": null, ""--position-mode"": null, ""--serve-box"": null}",25,False,miss,0.266264,1.799969,1.107944,0.0,0.0,0.5,0.15,0.4,0.0,0.266264,0.0,0.89,
exp14_pd_v2,ballspeed7__kd60.0__kp750__noplot__positionmode__servebox,"{""--ball-speed"": 7, ""--kd"": 60.0, ""--kp"": 750, ""--no-plot"": null, ""--position-mode"": null, ""--serve-box"": null}",28,True,active,0.082852,1.799872,0.080176,0.0,0.0,1.2,0.31,1.0,60.0,0.082852,1.165,0.9,
exp14_pd_v2,ballspeed7__kd60.0__kp750__noplot__positionmode__servebox,"{""--ball-speed"": 7, ""--kd"": 60.0, ""--kp"": 750, ""--no-plot"": null, ""--position-mode"": null, ""--serve-box"": null}",29,True,active,0.079853,1.799842,0.063939,0.0,0.0,1.01,0.32,0.8,55.0,0.079853,0.978,0.99,
exp14_pd_v2,ballspeed7__kd60.0__kp750__noplot__positionmode__servebox,"{""--ball-speed"": 7, ""--kd"": 60.0, ""--kp"": 750, ""--no-plot"": null, ""--position-mode"": null, ""--serve-box"": null}",30,True,active,0.063899,1.799997,0.063899,0.0,0.0,1.04,0.32,0.9,55.0,0.063899,0.742,1.01,
exp14_pd_v2,ballspeed7__kd60.0__kp750__noplot__positionmode__servebox,"{""--ball-speed"": 7, ""--kd"": 60.0, ""--kp"": 750, ""--no-plot"": null, ""--position-mode"": null, ""--serve-box"": null}",31,False,miss,0.249688,1.799717,0.172546,5.0,0.0,1.0,0.31,0.9,0.0,0.249688,0.0,1.0,
exp14_pd_v2,ballspeed7__kd60.0__kp750__noplot__positionmode__servebox,"{""--ball-speed"": 7, ""--kd"": 60.0, ""--kp"": 750, ""--no-plot"": null, ""--position-mode"": null, ""--serve-box"": null}",24,True,active,0.064485,1.799871,0.057762,0.0,0.0,1.02,0.33,0.9,30.0,0.064485,1.016,1.2,
exp14_pd_v2,ballspeed7__kd60.0__kp750__noplot__positionmode__servebox,"{""--ball-speed"": 7, ""--kd"": 60.0, ""--kp"": 750, ""--no-plot"": null, ""--position-mode"": null, ""--serve-box"": null}",32,False,miss,0.149596,1.799757,6.259128,0.0,0.0,1.02,0.31,0.8,0.0,0.149596,0.0,1.04,
exp14_pd_v2,ballspeed7__kd60.0__kp750__noplot__positionmode__servebox,"{""--ball-speed"": 7, ""--kd"": 60.0, ""--kp"": 750, ""--no-plot"": null, ""--position-mode"": null, ""--serve-box"": null}",22,True,active,0.061199,1.79993,0.061199,0.0,0.0,1.11,0.32,1.0,60.0,0.061199,1.11,1.66,
exp14_pd_v2,ballspeed7__kd60.0__kp750__noplot__positionmode__servebox,"{""--ball-speed"": 7, ""--kd"": 60.0, ""--kp"": 750, ""--no-plot"": null, ""--position-mode"": null, ""--serve-box"": null}",33,True,active,0.076174,1.799919,0.073593,0.0,0.0,1.07,0.33,0.9,45.0,0.076174,1.02,1.01,
exp14_pd_v2,ballspeed7__kd60.0__kp750__noplot__positionmode__servebox,"{""--ball-speed"": 7, ""--kd"": 60.0, ""--kp"": 750, ""--no-plot"": null, ""--position-mode"": null, ""--serve-box"": null}",34,True,active,0.062222,1.799893,0.062222,0.0,0.0,1.2,0.32,1.1,55.0,0.062222,0.764,1.01,
exp14_pd_v2,ballspeed7__kd60.0__kp750__noplot__positionmode__servebox,"{""--ball-speed"": 7, ""--kd"": 60.0, ""--kp"": 750, ""--no-plot"": null, ""--position-mode"": null, ""--serve-box"": null}",36,True,active,0.069776,1.800222,0.069776,0.0,0.0,1.06,0.31,0.9,55.0,0.069776,0.879,0.93,
exp14_pd_v2,ballspeed7__kd60.0__kp750__noplot__positionmode__servebox,"{""--ball-speed"": 7, ""--kd"": 60.0, ""--kp"": 750, ""--no-plot"": null, ""--position-mode"": null, ""--serve-box"": null}",37,True,active,0.060587,1.799932,0.060587,0.0,0.0,1.21,0.32,1.1,55.0,0.060587,1.122,0.99,
exp14_pd_v2,ballspeed7__kd60.0__kp750__noplot__positionmode__servebox,"{""--ball-speed"": 7, ""--kd"": 60.0, ""--kp"": 750, ""--no-plot"": null, ""--position-mode"": null, ""--serve-box"": null}",26,True,active,0.064664,1.799947,0.057779,0.0,0.0,1.1,0.32,1.0,50.0,0.064664,0.663,1.71,
exp14_pd_v2,ballspeed7__kd60.0__kp750__noplot__positionmode__servebox,"{""--ball-speed"": 7, ""--kd"": 60.0, ""--kp"": 750, ""--no-plot"": null, ""--position-mode"": null, ""--serve-box"": null}",39,True,active,0.07374,1.800036,0.044831,0.0,0.0,1.35,0.31,1.1,40.0,0.07374,1.124,0.95,
exp14_pd_v2,ballspeed7__kd60.0__kp750__noplot__positionmode__servebox,"{""--ball-speed"": 7, ""--kd"": 60.0, ""--kp"": 750, ""--no-plot"": null, ""--position-mode"": null, ""--serve-box"": null}",41,True,active,0.06657,1.799947,0.06657,45.0,70.0,1.06,0.32,0.9,45.0,0.06657,0.929,1.06,
exp14_pd_v2,ballspeed7__kd60.0__kp750__noplot__positionmode__servebox,"{""--ball-speed"": 7, ""--kd"": 60.0, ""--kp"": 750, ""--no-plot"": null, ""--position-mode"": null, ""--serve-box"": null}",44,True,active,0.073104,1.799934,0.073104,0.0,0.0,1.22,0.32,1.1,65.0,0.073104,1.092,0.9,
exp14_pd_v2,ballspeed7__kd60.0__kp750__noplot__positionmode__servebox,"{""--ball-speed"": 7, ""--kd"": 60.0, ""--kp"": 750, ""--no-plot"": null, ""--position-mode"": null, ""--serve-box"": null}",43,True,active,0.068323,1.799924,0.068323,0.0,0.0,1.2,0.32,1.1,60.0,0.068323,0.842,1.01,
exp14_pd_v2,ballspeed7__kd60.0__kp750__noplot__positionmode__servebox,"{""--ball-speed"": 7, ""--kd"": 60.0, ""--kp"": 750, ""--no-plot"": null, ""--position-mode"": null, ""--serve-box"": null}",45,True,active,0.071145,1.799903,0.071145,0.0,0.0,1.04,0.32,0.9,50.0,0.071145,0.759,0.97,
exp14_pd_v2,ballspeed7__kd60.0__kp750__noplot__positionmode__servebox,"{""--ball-speed"": 7, ""--kd"": 60.0, ""--kp"": 750, ""--no-plot"": null, ""--position-mode"": null, ""--serve-box"": null}",38,True,active,0.073269,1.799889,0.073269,0.0,0.0,0.95,0.31,0.8,60.0,0.073269,0.802,1.44,
exp14_pd_v2,ballspeed7__kd60.0__kp750__noplot__positionmode__servebox,"{""--ball-speed"": 7, ""--kd"": 60.0, ""--kp"": 750, ""--no-plot"": null, ""--position-mode"": null, ""--serve-box"": null}",35,True,active,0.066038,1.799916,0.066038,0.0,0.0,1.24,0.32,1.1,65.0,0.066038,1.207,1.78,
exp14_pd_v2,ballspeed7__kd60.0__kp750__noplot__positionmode__servebox,"{""--ball-speed"": 7, ""--kd"": 60.0, ""--kp"": 750, ""--no-plot"": null, ""--position-mode"": null, ""--serve-box"": null}",48,True,active,0.058951,1.799926,0.058951,45.0,0.0,1.1,0.33,1.0,50.0,0.058951,0.913,0.92,
exp14_pd_v2,ballspeed7__kd60.0__kp750__noplot__positionmode__servebox,"{""--ball-speed"": 7, ""--kd"": 60.0, ""--kp"": 750, ""--no-plot"": null, ""--position-mode"": null, ""--serve-box"": null}",46,False,miss,0.22303,1.788579,0.525228,0.0,0.0,1.25,0.31,1.0,0.0,0.22303,0.0,1.09,
exp14_pd_v2,ballspeed7__kd60.0__kp750__noplot__positionmode__servebox,"{""--ball-speed"": 7, ""--kd"": 60.0, ""--kp"": 750, ""--no-plot"": null, ""--position-mode"": null, ""--serve-box"": null}",40,True,active,0.056601,1.799913,0.056601,45.0,105.0,0.96,0.31,0.8,40.0,0.056601,0.84,1.62,
exp14_pd_v2,ballspeed7__kd60.0__kp750__noplot__positionmode__servebox,"{""--ball-speed"": 7, ""--kd"": 60.0, ""--kp"": 750, ""--no-plot"": null, ""--position-mode"": null, ""--serve-box"": null}",42,True,active,0.064308,1.799873,0.064308,0.0,0.0,1.21,0.33,1.1,60.0,0.064308,0.928,1.62,
exp14_pd_v2,ballspeed7__kd75.0__kp750__noplot__positionmode__servebox,"{""--ball-speed"": 7, ""--kd"": 75.0, ""--kp"": 750, ""--no-plot"": null, ""--position-mode"": null, ""--serve-box"": null}",3,True,active,0.066076,1.799989,0.058615,0.0,0.0,1.02,0.28,0.9,45.0,0.066076,0.911,0.92,
exp14_pd_v2,ballspeed7__kd75.0__kp750__noplot__positionmode__servebox,"{""--ball-speed"": 7, ""--kd"": 75.0, ""--kp"": 750, ""--no-plot"": null, ""--position-mode"": null, ""--serve-box"": null}",1,True,active,0.059689,1.79999,0.059517,0.0,0.0,0.89,0.25,0.8,45.0,0.059689,0.594,0.99,
exp14_pd_v2,ballspeed7__kd75.0__kp750__noplot__positionmode__servebox,"{""--ball-speed"": 7, ""--kd"": 75.0, ""--kp"": 750, ""--no-plot"": null, ""--position-mode"": null, ""--serve-box"": null}",4,True,active,0.05763,1.799974,0.05763,0.0,0.0,0.78,0.25,0.7,50.0,0.05763,0.611,0.88,
exp14_pd_v2,ballspeed7__kd75.0__kp750__noplot__positionmode__servebox,"{""--ball-speed"": 7, ""--kd"": 75.0, ""--kp"": 750, ""--no-plot"": null, ""--position-mode"": null, ""--serve-box"": null}",8,False,miss,0.019292,1.799999,7.028514,0.0,0.0,0.21,0.07,0.2,0.0,0.019292,0.0,0.7,
exp14_pd_v2,ballspeed7__kd75.0__kp750__noplot__positionmode__servebox,"{""--ball-speed"": 7, ""--kd"": 75.0, ""--kp"": 750, ""--no-plot"": null, ""--position-mode"": null, ""--serve-box"": null}",2,True,active,0.061911,1.799965,0.059851,0.0,0.0,1.08,0.25,0.9,25.0,0.061911,0.41,1.23,
exp14_pd_v2,ballspeed7__kd75.0__kp750__noplot__positionmode__servebox,"{""--ball-speed"": 7, ""--kd"": 75.0, ""--kp"": 750, ""--no-plot"": null, ""--position-mode"": null, ""--serve-box"": null}",7,True,active,0.067439,1.799992,0.067439,0.0,0.0,0.78,0.25,0.7,60.0,0.067439,0.642,0.87,
exp14_pd_v2,ballspeed7__kd75.0__kp750__noplot__positionmode__servebox,"{""--ball-speed"": 7, ""--kd"": 75.0, ""--kp"": 750, ""--no-plot"": null, ""--position-mode"": null, ""--serve-box"": null}",5,True,active,0.084852,1.79996,0.084852,0.0,0.0,1.0,0.25,0.8,70.0,0.084852,0.949,1.09,
exp14_pd_v2,ballspeed7__kd60.0__kp750__noplot__positionmode__servebox,"{""--ball-speed"": 7, ""--kd"": 60.0, ""--kp"": 750, ""--no-plot"": null, ""--position-mode"": null, ""--serve-box"": null}",47,True,active,0.050826,1.799903,0.050826,45.0,5.0,1.19,0.32,1.0,50.0,0.050826,0.733,1.81,
exp14_pd_v2,ballspeed7__kd60.0__kp750__noplot__positionmode__servebox,"{""--ball-speed"": 7, ""--kd"": 60.0, ""--kp"": 750, ""--no-plot"": null, ""--position-mode"": null, ""--serve-box"": null}",49,True,passive,0.068721,1.799879,0.068721,50.0,40.0,1.32,0.35,1.0,50.0,0.068721,0.186,1.83,
exp14_pd_v2,ballspeed7__kd75.0__kp750__noplot__positionmode__servebox,"{""--ball-speed"": 7, ""--kd"": 75.0, ""--kp"": 750, ""--no-plot"": null, ""--position-mode"": null, ""--serve-box"": null}",9,False,miss,0.125038,1.799947,0.157206,5.0,20.0,0.81,0.25,0.7,0.0,0.125038,0.0,0.93,
exp14_pd_v2,ballspeed7__kd75.0__kp750__noplot__positionmode__servebox,"{""--ball-speed"": 7, ""--kd"": 75.0, ""--kp"": 750, ""--no-plot"": null, ""--position-mode"": null, ""--serve-box"": null}",11,True,active,0.052173,1.799987,0.052173,0.0,0.0,0.91,0.25,0.8,50.0,0.052173,0.679,0.95,
exp14_pd_v2,ballspeed7__kd60.0__kp750__noplot__positionmode__servebox,"{""--ball-speed"": 7, ""--kd"": 60.0, ""--kp"": 750, ""--no-plot"": null, ""--position-mode"": null, ""--serve-box"": null}",50,True,active,0.057237,1.799949,0.057237,0.0,0.0,1.1,0.32,1.0,55.0,0.057237,1.096,1.91,
exp14_pd_v2,ballspeed7__kd75.0__kp750__noplot__positionmode__servebox,"{""--ball-speed"": 7, ""--kd"": 75.0, ""--kp"": 750, ""--no-plot"": null, ""--position-mode"": null, ""--serve-box"": null}",20,,,,,,,,,,,,,,0.36,no_result
exp14_pd_v2,ballspeed7__kd75.0__kp750__noplot__positionmode__servebox,"{""--ball-speed"": 7, ""--kd"": 75.0, ""--kp"": 750, ""--no-plot"": null, ""--position-mode"": null, ""--serve-box"": null}",12,False,miss,0.476425,1.799966,0.102282,0.0,0.0,0.99,0.25,0.8,0.0,0.476425,0.0,1.0,
exp14_pd_v2,ballspeed7__kd75.0__kp750__noplot__positionmode__servebox,"{""--ball-speed"": 7, ""--kd"": 75.0, ""--kp"": 750, ""--no-plot"": null, ""--position-mode"": null, ""--serve-box"": null}",21,,,,,,,,,,,,,,0.32,no_result
exp14_pd_v2,ballspeed7__kd75.0__kp750__noplot__positionmode__servebox,"{""--ball-speed"": 7, ""--kd"": 75.0, ""--kp"": 750, ""--no-plot"": null, ""--position-mode"": null, ""--serve-box"": null}",13,True,active,0.075141,1.799968,0.068211,0.0,0.0,1.01,0.25,0.8,65.0,0.075141,0.959,0.89,
exp14_pd_v2,ballspeed7__kd75.0__kp750__noplot__positionmode__servebox,"{""--ball-speed"": 7, ""--kd"": 75.0, ""--kp"": 750, ""--no-plot"": null, ""--position-mode"": null, ""--serve-box"": null}",27,,,,,,,,,,,,,,0.23,no_result
exp14_pd_v2,ballspeed7__kd75.0__kp750__noplot__positionmode__servebox,"{""--ball-speed"": 7, ""--kd"": 75.0, ""--kp"": 750, ""--no-plot"": null, ""--position-mode"": null, ""--serve-box"": null}",14,True,active,0.060128,1.799973,0.060128,45.0,105.0,0.93,0.25,0.8,45.0,0.060128,0.735,1.06,
exp14_pd_v2,ballspeed7__kd75.0__kp750__noplot__positionmode__servebox,"{""--ball-speed"": 7, ""--kd"": 75.0, ""--kp"": 750, ""--no-plot"": null, ""--position-mode"": null, ""--serve-box"": null}",6,True,active,0.067343,1.799968,0.053932,45.0,105.0,1.15,0.25,1.0,35.0,0.067343,0.928,1.72,
exp14_pd_v2,ballspeed7__kd75.0__kp750__noplot__positionmode__servebox,"{""--ball-speed"": 7, ""--kd"": 75.0, ""--kp"": 750, ""--no-plot"": null, ""--position-mode"": null, ""--serve-box"": null}",19,True,passive,0.046328,1.799991,0.04472,0.0,0.0,0.97,0.25,0.8,25.0,0.046328,0.18,0.91,
exp14_pd_v2,ballspeed7__kd75.0__kp750__noplot__positionmode__servebox,"{""--ball-speed"": 7, ""--kd"": 75.0, ""--kp"": 750, ""--no-plot"": null, ""--position-mode"": null, ""--serve-box"": null}",17,True,active,0.068351,1.799974,0.061253,45.0,105.0,0.84,0.27,0.8,20.0,0.068351,0.829,0.98,
exp14_pd_v2,ballspeed7__kd75.0__kp750__noplot__positionmode__servebox,"{""--ball-speed"": 7, ""--kd"": 75.0, ""--kp"": 750, ""--no-plot"": null, ""--position-mode"": null, ""--serve-box"": null}",10,True,active,0.047116,1.799982,0.047116,0.0,10.0,0.92,0.25,0.8,45.0,0.047116,0.814,1.79,
exp14_pd_v2,ballspeed7__kd75.0__kp750__noplot__positionmode__servebox,"{""--ball-speed"": 7, ""--kd"": 75.0, ""--kp"": 750, ""--no-plot"": null, ""--position-mode"": null, ""--serve-box"": null}",16,True,active,0.063592,1.799985,0.063592,0.0,0.0,0.94,0.26,0.8,60.0,0.063592,0.713,1.33,
exp14_pd_v2,ballspeed7__kd75.0__kp750__noplot__positionmode__servebox,"{""--ball-speed"": 7, ""--kd"": 75.0, ""--kp"": 750, ""--no-plot"": null, ""--position-mode"": null, ""--serve-box"": null}",22,True,active,0.042748,1.799987,0.042748,0.0,0.0,0.86,0.25,0.8,55.0,0.042748,0.831,1.0,
exp14_pd_v2,ballspeed7__kd75.0__kp750__noplot__positionmode__servebox,"{""--ball-speed"": 7, ""--kd"": 75.0, ""--kp"": 750, ""--no-plot"": null, ""--position-mode"": null, ""--serve-box"": null}",23,False,miss,0.335021,1.799973,0.140394,35.0,105.0,1.09,0.26,0.9,0.0,0.335021,0.0,1.0,
exp14_pd_v2,ballspeed7__kd75.0__kp750__noplot__positionmode__servebox,"{""--ball-speed"": 7, ""--kd"": 75.0, ""--kp"": 750, ""--no-plot"": null, ""--position-mode"": null, ""--serve-box"": null}",25,False,miss,0.30622,1.798919,0.412061,0.0,0.0,0.75,0.25,0.7,0.0,0.30622,0.0,0.9,
exp14_pd_v2,ballspeed7__kd75.0__kp750__noplot__positionmode__servebox,"{""--ball-speed"": 7, ""--kd"": 75.0, ""--kp"": 750, ""--no-plot"": null, ""--position-mode"": null, ""--serve-box"": null}",15,False,miss,0.342671,1.799967,0.147558,0.0,0.0,1.09,0.29,0.9,0.0,0.342671,0.0,1.71,
exp14_pd_v2,ballspeed7__kd75.0__kp750__noplot__positionmode__servebox,"{""--ball-speed"": 7, ""--kd"": 75.0, ""--kp"": 750, ""--no-plot"": null, ""--position-mode"": null, ""--serve-box"": null}",24,True,passive,0.062419,1.799966,0.053211,20.0,35.0,0.86,0.25,0.7,20.0,0.062419,0.212,1.16,
exp14_pd_v2,ballspeed7__kd75.0__kp750__noplot__positionmode__servebox,"{""--ball-speed"": 7, ""--kd"": 75.0, ""--kp"": 750, ""--no-plot"": null, ""--position-mode"": null, ""--serve-box"": null}",28,True,active,0.058938,1.799982,0.058938,0.0,0.0,0.96,0.27,0.8,50.0,0.058938,0.609,1.06,
exp14_pd_v2,ballspeed7__kd75.0__kp750__noplot__positionmode__servebox,"{""--ball-speed"": 7, ""--kd"": 75.0, ""--kp"": 750, ""--no-plot"": null, ""--position-mode"": null, ""--serve-box"": null}",18,True,active,0.064234,1.79999,0.064234,0.0,0.0,0.86,0.25,0.8,55.0,0.064234,0.622,1.72,
exp14_pd_v2,ballspeed7__kd75.0__kp750__noplot__positionmode__servebox,"{""--ball-speed"": 7, ""--kd"": 75.0, ""--kp"": 750, ""--no-plot"": null, ""--position-mode"": null, ""--serve-box"": null}",30,True,active,0.06804,1.800029,0.06804,0.0,0.0,0.76,0.25,0.7,55.0,0.06804,0.684,0.98,
exp14_pd_v2,ballspeed7__kd75.0__kp750__noplot__positionmode__servebox,"{""--ball-speed"": 7, ""--kd"": 75.0, ""--kp"": 750, ""--no-plot"": null, ""--position-mode"": null, ""--serve-box"": null}",31,True,active,0.050467,1.799978,0.050467,50.0,105.0,0.92,0.25,0.8,40.0,0.050467,0.566,1.0,
exp14_pd_v2,ballspeed7__kd75.0__kp750__noplot__positionmode__servebox,"{""--ball-speed"": 7, ""--kd"": 75.0, ""--kp"": 750, ""--no-plot"": null, ""--position-mode"": null, ""--serve-box"": null}",33,True,active,0.03262,1.799968,0.03262,0.0,0.0,0.98,0.25,0.8,35.0,0.03262,0.773,0.94,
exp14_pd_v2,ballspeed7__kd75.0__kp750__noplot__positionmode__servebox,"{""--ball-speed"": 7, ""--kd"": 75.0, ""--kp"": 750, ""--no-plot"": null, ""--position-mode"": null, ""--serve-box"": null}",29,True,active,0.050628,1.79997,0.050628,0.0,0.0,0.83,0.25,0.7,45.0,0.050628,0.709,1.4,
exp14_pd_v2,ballspeed7__kd75.0__kp750__noplot__positionmode__servebox,"{""--ball-speed"": 7, ""--kd"": 75.0, ""--kp"": 750, ""--no-plot"": null, ""--position-mode"": null, ""--serve-box"": null}",32,False,miss,0.11774,1.79996,6.27933,0.0,0.0,0.79,0.25,0.6,0.0,0.11774,0.0,1.21,
exp14_pd_v2,ballspeed7__kd75.0__kp750__noplot__positionmode__servebox,"{""--ball-speed"": 7, ""--kd"": 75.0, ""--kp"": 750, ""--no-plot"": null, ""--position-mode"": null, ""--serve-box"": null}",36,True,active,0.062096,1.799967,0.062096,0.0,0.0,0.84,0.27,0.7,45.0,0.062096,0.814,0.87,
exp14_pd_v2,ballspeed7__kd75.0__kp750__noplot__positionmode__servebox,"{""--ball-speed"": 7, ""--kd"": 75.0, ""--kp"": 750, ""--no-plot"": null, ""--position-mode"": null, ""--serve-box"": null}",34,True,active,0.042594,1.799982,0.042594,0.0,0.0,0.98,0.25,0.8,45.0,0.042594,0.768,1.4,
exp14_pd_v2,ballspeed7__kd75.0__kp750__noplot__positionmode__servebox,"{""--ball-speed"": 7, ""--kd"": 75.0, ""--kp"": 750, ""--no-plot"": null, ""--position-mode"": null, ""--serve-box"": null}",26,True,active,0.045236,1.799989,0.045236,0.0,0.0,0.88,0.25,0.8,50.0,0.045236,0.859,1.85,
exp14_pd_v2,ballspeed7__kd75.0__kp750__noplot__positionmode__servebox,"{""--ball-speed"": 7, ""--kd"": 75.0, ""--kp"": 750, ""--no-plot"": null, ""--position-mode"": null, ""--serve-box"": null}",40,True,active,0.036815,1.799991,0.036815,45.0,105.0,0.97,0.25,0.7,35.0,0.036815,0.646,0.98,
exp14_pd_v2,ballspeed7__kd75.0__kp750__noplot__positionmode__servebox,"{""--ball-speed"": 7, ""--kd"": 75.0, ""--kp"": 750, ""--no-plot"": null, ""--position-mode"": null, ""--serve-box"": null}",39,True,active,0.071991,1.799993,0.05122,0.0,0.0,1.09,0.25,0.9,45.0,0.071991,0.617,1.09,
exp14_pd_v2,ballspeed7__kd75.0__kp750__noplot__positionmode__servebox,"{""--ball-speed"": 7, ""--kd"": 75.0, ""--kp"": 750, ""--no-plot"": null, ""--position-mode"": null, ""--serve-box"": null}",41,True,active,0.070231,1.799979,0.070231,45.0,105.0,0.81,0.25,0.7,35.0,0.070231,0.61,0.93,
exp14_pd_v2,ballspeed7__kd75.0__kp750__noplot__positionmode__servebox,"{""--ball-speed"": 7, ""--kd"": 75.0, ""--kp"": 750, ""--no-plot"": null, ""--position-mode"": null, ""--serve-box"": null}",42,True,active,0.051021,1.799976,0.051021,0.0,0.0,0.98,0.26,0.8,55.0,0.051021,0.883,0.93,
exp14_pd_v2,ballspeed7__kd75.0__kp750__noplot__positionmode__servebox,"{""--ball-speed"": 7, ""--kd"": 75.0, ""--kp"": 750, ""--no-plot"": null, ""--position-mode"": null, ""--serve-box"": null}",43,True,active,0.053321,1.799987,0.053321,0.0,0.0,0.97,0.25,0.9,50.0,0.053321,0.85,0.9,
exp14_pd_v2,ballspeed7__kd75.0__kp750__noplot__positionmode__servebox,"{""--ball-speed"": 7, ""--kd"": 75.0, ""--kp"": 750, ""--no-plot"": null, ""--position-mode"": null, ""--serve-box"": null}",44,True,active,0.056013,1.799984,0.056013,0.0,0.0,0.97,0.25,0.8,55.0,0.056013,0.667,0.93,
exp14_pd_v2,ballspeed7__kd75.0__kp750__noplot__positionmode__servebox,"{""--ball-speed"": 7, ""--kd"": 75.0, ""--kp"": 750, ""--no-plot"": null, ""--position-mode"": null, ""--serve-box"": null}",37,True,active,0.05426,1.800002,0.05426,0.0,0.0,0.99,0.25,0.8,50.0,0.05426,0.771,1.49,
exp14_pd_v2,ballspeed7__kd75.0__kp750__noplot__positionmode__servebox,"{""--ball-speed"": 7, ""--kd"": 75.0, ""--kp"": 750, ""--no-plot"": null, ""--position-mode"": null, ""--serve-box"": null}",35,True,active,0.088461,1.799981,0.070795,0.0,0.0,0.98,0.28,0.9,50.0,0.088461,0.642,1.62,
exp14_pd_v2,ballspeed7__kd75.0__kp750__noplot__positionmode__servebox,"{""--ball-speed"": 7, ""--kd"": 75.0, ""--kp"": 750, ""--no-plot"": null, ""--position-mode"": null, ""--serve-box"": null}",46,False,miss,0.449176,1.799975,0.108672,0.0,0.0,0.9,0.25,0.8,0.0,0.449176,0.0,0.92,
exp14_pd_v2,ballspeed7__kd75.0__kp750__noplot__positionmode__servebox,"{""--ball-speed"": 7, ""--kd"": 75.0, ""--kp"": 750, ""--no-plot"": null, ""--position-mode"": null, ""--serve-box"": null}",45,True,active,0.052681,1.799984,0.052681,45.0,105.0,0.9,0.25,0.8,45.0,0.052681,0.626,1.16,
exp14_pd_v2,ballspeed7__kd75.0__kp750__noplot__positionmode__servebox,"{""--ball-speed"": 7, ""--kd"": 75.0, ""--kp"": 750, ""--no-plot"": null, ""--position-mode"": null, ""--serve-box"": null}",38,True,active,0.062469,1.799985,0.062469,0.0,0.0,0.86,0.25,0.7,50.0,0.062469,0.683,1.67,
exp14_pd_v2,ballspeed7__kd75.0__kp750__noplot__positionmode__servebox,"{""--ball-speed"": 7, ""--kd"": 75.0, ""--kp"": 750, ""--no-plot"": null, ""--position-mode"": null, ""--serve-box"": null}",47,True,active,0.05729,1.799985,0.05504,45.0,105.0,0.96,0.25,0.8,40.0,0.05729,0.774,1.01,
exp14_pd_v2,ballspeed7__kd112.5__kp750__noplot__positionmode__servebox,"{""--ball-speed"": 7, ""--kd"": 112.5, ""--kp"": 750, ""--no-plot"": null, ""--position-mode"": null, ""--serve-box"": null}",2,False,miss,0.125726,1.799999,4.700614,0.0,0.0,0.65,0.17,0.5,0.0,0.125726,0.0,0.81,
exp14_pd_v2,ballspeed7__kd75.0__kp750__noplot__positionmode__servebox,"{""--ball-speed"": 7, ""--kd"": 75.0, ""--kp"": 750, ""--no-plot"": null, ""--position-mode"": null, ""--serve-box"": null}",50,True,active,0.041086,1.799989,0.041086,0.0,0.0,0.88,0.25,0.8,50.0,0.041086,0.876,1.04,
exp14_pd_v2,ballspeed7__kd112.5__kp750__noplot__positionmode__servebox,"{""--ball-speed"": 7, ""--kd"": 112.5, ""--kp"": 750, ""--no-plot"": null, ""--position-mode"": null, ""--serve-box"": null}",4,True,active,0.063262,1.799999,0.057352,0.0,0.0,0.62,0.17,0.5,35.0,0.063262,0.542,0.92,
exp14_pd_v2,ballspeed7__kd112.5__kp750__noplot__positionmode__servebox,"{""--ball-speed"": 7, ""--kd"": 112.5, ""--kp"": 750, ""--no-plot"": null, ""--position-mode"": null, ""--serve-box"": null}",5,True,active,0.043957,1.799999,0.043957,0.0,0.0,0.71,0.17,0.6,50.0,0.043957,0.657,0.95,
exp14_pd_v2,ballspeed7__kd112.5__kp750__noplot__positionmode__servebox,"{""--ball-speed"": 7, ""--kd"": 112.5, ""--kp"": 750, ""--no-plot"": null, ""--position-mode"": null, ""--serve-box"": null}",3,True,passive,0.052008,1.8,0.045288,0.0,0.0,0.65,0.17,0.6,35.0,0.052008,0.178,1.06,
exp14_pd_v2,ballspeed7__kd112.5__kp750__noplot__positionmode__servebox,"{""--ball-speed"": 7, ""--kd"": 112.5, ""--kp"": 750, ""--no-plot"": null, ""--position-mode"": null, ""--serve-box"": null}",8,False,miss,0.015304,1.8,7.029097,0.0,0.0,0.15,0.05,0.1,0.0,0.015304,0.0,0.79,
exp14_pd_v2,ballspeed7__kd112.5__kp750__noplot__positionmode__servebox,"{""--ball-speed"": 7, ""--kd"": 112.5, ""--kp"": 750, ""--no-plot"": null, ""--position-mode"": null, ""--serve-box"": null}",6,True,active,0.032526,1.799999,0.032526,45.0,105.0,0.68,0.17,0.6,30.0,0.032526,0.455,0.96,
exp14_pd_v2,ballspeed7__kd112.5__kp750__noplot__positionmode__servebox,"{""--ball-speed"": 7, ""--kd"": 112.5, ""--kp"": 750, ""--no-plot"": null, ""--position-mode"": null, ""--serve-box"": null}",20,,,,,,,,,,,,,,0.24,no_result
exp14_pd_v2,ballspeed7__kd112.5__kp750__noplot__positionmode__servebox,"{""--ball-speed"": 7, ""--kd"": 112.5, ""--kp"": 750, ""--no-plot"": null, ""--position-mode"": null, ""--serve-box"": null}",11,True,active,0.04496,1.8,0.04496,0.0,0.0,0.63,0.17,0.5,45.0,0.04496,0.49,0.91,
exp14_pd_v2,ballspeed7__kd75.0__kp750__noplot__positionmode__servebox,"{""--ball-speed"": 7, ""--kd"": 75.0, ""--kp"": 750, ""--no-plot"": null, ""--position-mode"": null, ""--serve-box"": null}",49,True,passive,0.040477,1.79997,0.040477,50.0,105.0,0.84,0.25,0.7,35.0,0.040477,0.124,1.78,
exp14_pd_v2,ballspeed7__kd75.0__kp750__noplot__positionmode__servebox,"{""--ball-speed"": 7, ""--kd"": 75.0, ""--kp"": 750, ""--no-plot"": null, ""--position-mode"": null, ""--serve-box"": null}",48,True,active,0.052709,1.79997,0.052709,45.0,105.0,0.8,0.25,0.7,45.0,0.052709,0.616,1.88,
exp14_pd_v2,ballspeed7__kd112.5__kp750__noplot__positionmode__servebox,"{""--ball-speed"": 7, ""--kd"": 112.5, ""--kp"": 750, ""--no-plot"": null, ""--position-mode"": null, ""--serve-box"": null}",12,True,active,0.075781,1.799999,0.06892,0.0,0.0,0.58,0.17,0.5,40.0,0.075781,0.431,1.04,
exp14_pd_v2,ballspeed7__kd112.5__kp750__noplot__positionmode__servebox,"{""--ball-speed"": 7, ""--kd"": 112.5, ""--kp"": 750, ""--no-plot"": null, ""--position-mode"": null, ""--serve-box"": null}",13,True,active,0.050058,1.8,0.041502,0.0,0.0,0.71,0.18,0.6,50.0,0.050058,0.442,1.06,
exp14_pd_v2,ballspeed7__kd112.5__kp750__noplot__positionmode__servebox,"{""--ball-speed"": 7, ""--kd"": 112.5, ""--kp"": 750, ""--no-plot"": null, ""--position-mode"": null, ""--serve-box"": null}",21,,,,,,,,,,,,,,0.27,no_result
exp14_pd_v2,ballspeed7__kd112.5__kp750__noplot__positionmode__servebox,"{""--ball-speed"": 7, ""--kd"": 112.5, ""--kp"": 750, ""--no-plot"": null, ""--position-mode"": null, ""--serve-box"": null}",10,True,active,0.045484,1.8,0.045484,50.0,105.0,0.66,0.18,0.6,30.0,0.045484,0.579,1.33,
exp14_pd_v2,ballspeed7__kd112.5__kp750__noplot__positionmode__servebox,"{""--ball-speed"": 7, ""--kd"": 112.5, ""--kp"": 750, ""--no-plot"": null, ""--position-mode"": null, ""--serve-box"": null}",1,True,active,0.03789,1.8,0.03789,0.0,0.0,0.6,0.17,0.5,35.0,0.03789,0.314,1.83,
exp14_pd_v2,ballspeed7__kd112.5__kp750__noplot__positionmode__servebox,"{""--ball-speed"": 7, ""--kd"": 112.5, ""--kp"": 750, ""--no-plot"": null, ""--position-mode"": null, ""--serve-box"": null}",14,True,active,0.068148,1.8,0.061192,45.0,105.0,0.66,0.17,0.5,25.0,0.068148,0.313,0.99,
exp14_pd_v2,ballspeed7__kd112.5__kp750__noplot__positionmode__servebox,"{""--ball-speed"": 7, ""--kd"": 112.5, ""--kp"": 750, ""--no-plot"": null, ""--position-mode"": null, ""--serve-box"": null}",27,,,,,,,,,,,,,,0.25,no_result
exp14_pd_v2,ballspeed7__kd112.5__kp750__noplot__positionmode__servebox,"{""--ball-speed"": 7, ""--kd"": 112.5, ""--kp"": 750, ""--no-plot"": null, ""--position-mode"": null, ""--serve-box"": null}",18,True,active,0.035162,1.799999,0.035162,0.0,0.0,0.75,0.17,0.6,35.0,0.035162,0.474,0.92,
exp14_pd_v2,ballspeed7__kd112.5__kp750__noplot__positionmode__servebox,"{""--ball-speed"": 7, ""--kd"": 112.5, ""--kp"": 750, ""--no-plot"": null, ""--position-mode"": null, ""--serve-box"": null}",7,True,active,0.038279,1.8,0.038279,0.0,0.0,0.58,0.17,0.5,40.0,0.038279,0.505,1.76,
exp14_pd_v2,ballspeed7__kd112.5__kp750__noplot__positionmode__servebox,"{""--ball-speed"": 7, ""--kd"": 112.5, ""--kp"": 750, ""--no-plot"": null, ""--position-mode"": null, ""--serve-box"": null}",19,False,miss,0.273092,1.8,0.09782,0.0,0.0,0.74,0.17,0.6,0.0,0.273092,0.0,0.91,
exp14_pd_v2,ballspeed7__kd112.5__kp750__noplot__positionmode__servebox,"{""--ball-speed"": 7, ""--kd"": 112.5, ""--kp"": 750, ""--no-plot"": null, ""--position-mode"": null, ""--serve-box"": null}",9,True,active,0.031605,1.799999,0.031605,50.0,105.0,0.64,0.17,0.5,25.0,0.031605,0.517,1.73,
exp14_pd_v2,ballspeed7__kd112.5__kp750__noplot__positionmode__servebox,"{""--ball-speed"": 7, ""--kd"": 112.5, ""--kp"": 750, ""--no-plot"": null, ""--position-mode"": null, ""--serve-box"": null}",15,False,miss,0.262169,1.8,0.181526,0.0,0.0,0.73,0.19,0.6,0.0,0.262169,0.0,1.3,
exp14_pd_v2,ballspeed7__kd112.5__kp750__noplot__positionmode__servebox,"{""--ball-speed"": 7, ""--kd"": 112.5, ""--kp"": 750, ""--no-plot"": null, ""--position-mode"": null, ""--serve-box"": null}",16,True,active,0.061984,1.8,0.057062,0.0,0.0,0.65,0.19,0.5,50.0,0.061984,0.503,1.47,
exp14_pd_v2,ballspeed7__kd112.5__kp750__noplot__positionmode__servebox,"{""--ball-speed"": 7, ""--kd"": 112.5, ""--kp"": 750, ""--no-plot"": null, ""--position-mode"": null, ""--serve-box"": null}",24,True,active,0.071236,1.799999,0.067699,45.0,105.0,0.59,0.17,0.5,15.0,0.071236,0.378,1.0,
exp14_pd_v2,ballspeed7__kd112.5__kp750__noplot__positionmode__servebox,"{""--ball-speed"": 7, ""--kd"": 112.5, ""--kp"": 750, ""--no-plot"": null, ""--position-mode"": null, ""--serve-box"": null}",25,True,active,0.041751,1.8,0.041751,0.0,0.0,0.68,0.17,0.6,45.0,0.041751,0.462,0.96,
exp14_pd_v2,ballspeed7__kd112.5__kp750__noplot__positionmode__servebox,"{""--ball-speed"": 7, ""--kd"": 112.5, ""--kp"": 750, ""--no-plot"": null, ""--position-mode"": null, ""--serve-box"": null}",26,True,passive,0.030063,1.8,0.030063,0.0,0.0,0.58,0.17,0.5,40.0,0.030063,0.29,0.96,
exp14_pd_v2,ballspeed7__kd112.5__kp750__noplot__positionmode__servebox,"{""--ball-speed"": 7, ""--kd"": 112.5, ""--kp"": 750, ""--no-plot"": null, ""--position-mode"": null, ""--serve-box"": null}",17,True,active,0.0642,1.8,0.06145,45.0,105.0,0.59,0.17,0.5,10.0,0.0642,0.452,1.54,
exp14_pd_v2,ballspeed7__kd112.5__kp750__noplot__positionmode__servebox,"{""--ball-speed"": 7, ""--kd"": 112.5, ""--kp"": 750, ""--no-plot"": null, ""--position-mode"": null, ""--serve-box"": null}",32,False,miss,0.130069,1.799999,5.540094,0.0,0.0,0.56,0.17,0.4,0.0,0.130069,0.0,0.74,
exp14_pd_v2,ballspeed7__kd112.5__kp750__noplot__positionmode__servebox,"{""--ball-speed"": 7, ""--kd"": 112.5, ""--kp"": 750, ""--no-plot"": null, ""--position-mode"": null, ""--serve-box"": null}",23,False,miss,0.318601,1.799999,0.16862,20.0,105.0,0.74,0.17,0.6,0.0,0.318601,0.0,1.28,
exp14_pd_v2,ballspeed7__kd112.5__kp750__noplot__positionmode__servebox,"{""--ball-speed"": 7, ""--kd"": 112.5, ""--kp"": 750, ""--no-plot"": null, ""--position-mode"": null, ""--serve-box"": null}",31,True,active,0.038579,1.8,0.038579,55.0,105.0,0.67,0.17,0.6,30.0,0.038579,0.399,0.9,
exp14_pd_v2,ballspeed7__kd112.5__kp750__noplot__positionmode__servebox,"{""--ball-speed"": 7, ""--kd"": 112.5, ""--kp"": 750, ""--no-plot"": null, ""--position-mode"": null, ""--serve-box"": null}",33,True,active,0.037519,1.799999,0.037519,50.0,105.0,0.66,0.17,0.5,25.0,0.037519,0.485,1.01,
exp14_pd_v2,ballspeed7__kd112.5__kp750__noplot__positionmode__servebox,"{""--ball-speed"": 7, ""--kd"": 112.5, ""--kp"": 750, ""--no-plot"": null, ""--position-mode"": null, ""--serve-box"": null}",35,True,active,0.029135,1.799999,0.029135,0.0,0.0,0.66,0.19,0.6,45.0,0.029135,0.611,0.97,
exp14_pd_v2,ballspeed7__kd112.5__kp750__noplot__positionmode__servebox,"{""--ball-speed"": 7, ""--kd"": 112.5, ""--kp"": 750, ""--no-plot"": null, ""--position-mode"": null, ""--serve-box"": null}",29,True,active,0.116633,1.8,0.091659,0.0,0.0,0.64,0.17,0.5,30.0,0.116633,0.457,1.38,
exp14_pd_v2,ballspeed7__kd112.5__kp750__noplot__positionmode__servebox,"{""--ball-speed"": 7, ""--kd"": 112.5, ""--kp"": 750, ""--no-plot"": null, ""--position-mode"": null, ""--serve-box"": null}",22,True,active,0.037412,1.8,0.037412,0.0,0.0,0.56,0.17,0.4,45.0,0.037412,0.556,1.79,
exp14_pd_v2,ballspeed7__kd112.5__kp750__noplot__positionmode__servebox,"{""--ball-speed"": 7, ""--kd"": 112.5, ""--kp"": 750, ""--no-plot"": null, ""--position-mode"": null, ""--serve-box"": null}",39,False,miss,0.279637,1.798821,0.448937,0.0,0.0,0.73,0.17,0.6,0.0,0.279637,0.0,0.79,
exp14_pd_v2,ballspeed7__kd112.5__kp750__noplot__positionmode__servebox,"{""--ball-speed"": 7, ""--kd"": 112.5, ""--kp"": 750, ""--no-plot"": null, ""--position-mode"": null, ""--serve-box"": null}",37,True,active,0.042595,1.8,0.042595,0.0,0.0,0.67,0.17,0.6,40.0,0.042595,0.497,0.91,
exp14_pd_v2,ballspeed7__kd112.5__kp750__noplot__positionmode__servebox,"{""--ball-speed"": 7, ""--kd"": 112.5, ""--kp"": 750, ""--no-plot"": null, ""--position-mode"": null, ""--serve-box"": null}",28,True,active,0.045944,1.8,0.045944,0.0,0.0,0.64,0.17,0.5,35.0,0.045944,0.328,1.77,
exp14_pd_v2,ballspeed7__kd112.5__kp750__noplot__positionmode__servebox,"{""--ball-speed"": 7, ""--kd"": 112.5, ""--kp"": 750, ""--no-plot"": null, ""--position-mode"": null, ""--serve-box"": null}",40,True,active,0.030768,1.799999,0.030768,55.0,105.0,0.73,0.17,0.6,30.0,0.030768,0.604,0.96,
exp14_pd_v2,ballspeed7__kd112.5__kp750__noplot__positionmode__servebox,"{""--ball-speed"": 7, ""--kd"": 112.5, ""--kp"": 750, ""--no-plot"": null, ""--position-mode"": null, ""--serve-box"": null}",30,True,active,0.051778,1.799999,0.051778,0.0,0.0,0.6,0.17,0.5,40.0,0.051778,0.573,1.79,
exp14_pd_v2,ballspeed7__kd112.5__kp750__noplot__positionmode__servebox,"{""--ball-speed"": 7, ""--kd"": 112.5, ""--kp"": 750, ""--no-plot"": null, ""--position-mode"": null, ""--serve-box"": null}",41,True,active,0.048016,1.799999,0.048016,50.0,105.0,0.56,0.17,0.5,20.0,0.048016,0.509,1.04,
exp14_pd_v2,ballspeed7__kd112.5__kp750__noplot__positionmode__servebox,"{""--ball-speed"": 7, ""--kd"": 112.5, ""--kp"": 750, ""--no-plot"": null, ""--position-mode"": null, ""--serve-box"": null}",43,True,active,0.050458,1.8,0.050458,0.0,0.0,0.67,0.18,0.6,40.0,0.050458,0.662,0.96,
exp14_pd_v2,ballspeed7__kd112.5__kp750__noplot__positionmode__servebox,"{""--ball-speed"": 7, ""--kd"": 112.5, ""--kp"": 750, ""--no-plot"": null, ""--position-mode"": null, ""--serve-box"": null}",38,True,active,0.068279,1.8,0.055325,0.0,0.0,0.76,0.17,0.7,35.0,0.068279,0.63,1.28,
exp14_pd_v2,ballspeed7__kd112.5__kp750__noplot__positionmode__servebox,"{""--ball-speed"": 7, ""--kd"": 112.5, ""--kp"": 750, ""--no-plot"": null, ""--position-mode"": null, ""--serve-box"": null}",44,True,active,0.038008,1.8,0.038008,0.0,0.0,0.67,0.18,0.6,45.0,0.038008,0.511,0.98,
exp14_pd_v2,ballspeed7__kd112.5__kp750__noplot__positionmode__servebox,"{""--ball-speed"": 7, ""--kd"": 112.5, ""--kp"": 750, ""--no-plot"": null, ""--position-mode"": null, ""--serve-box"": null}",34,True,active,0.071213,1.8,0.056805,25.0,75.0,0.67,0.17,0.6,30.0,0.071213,0.614,1.78,
exp14_pd_v2,ballspeed7__kd112.5__kp750__noplot__positionmode__servebox,"{""--ball-speed"": 7, ""--kd"": 112.5, ""--kp"": 750, ""--no-plot"": null, ""--position-mode"": null, ""--serve-box"": null}",45,True,active,0.05465,1.8,0.05465,50.0,105.0,0.67,0.18,0.6,30.0,0.05465,0.632,0.89,
exp14_pd_v2,ballspeed7__kd112.5__kp750__noplot__positionmode__servebox,"{""--ball-speed"": 7, ""--kd"": 112.5, ""--kp"": 750, ""--no-plot"": null, ""--position-mode"": null, ""--serve-box"": null}",36,True,active,0.047194,1.799999,0.047194,0.0,0.0,0.63,0.17,0.5,35.0,0.047194,0.55,1.66,
exp14_pd_v2,ballspeed7__kd112.5__kp750__noplot__positionmode__servebox,"{""--ball-speed"": 7, ""--kd"": 112.5, ""--kp"": 750, ""--no-plot"": null, ""--position-mode"": null, ""--serve-box"": null}",42,True,active,0.042844,1.799999,0.042844,0.0,0.0,0.67,0.18,0.6,45.0,0.042844,0.363,1.28,
exp14_pd_v2,ballspeed7__kd112.5__kp750__noplot__positionmode__servebox,"{""--ball-speed"": 7, ""--kd"": 112.5, ""--kp"": 750, ""--no-plot"": null, ""--position-mode"": null, ""--serve-box"": null}",46,True,active,0.056673,1.8,0.051648,0.0,0.0,0.57,0.17,0.5,35.0,0.056673,0.421,0.98,
exp14_pd_v2,ballspeed7__kd112.5__kp750__noplot__positionmode__servebox,"{""--ball-speed"": 7, ""--kd"": 112.5, ""--kp"": 750, ""--no-plot"": null, ""--position-mode"": null, ""--serve-box"": null}",49,True,active,0.049604,1.799999,0.046747,50.0,105.0,0.57,0.17,0.5,25.0,0.049604,0.54,0.96,
exp14_pd_v2,ballspeed7__kd50.0__kp1000__noplot__positionmode__servebox,"{""--ball-speed"": 7, ""--kd"": 50.0, ""--kp"": 1000, ""--no-plot"": null, ""--position-mode"": null, ""--serve-box"": null}",1,True,active,0.079714,1.799856,0.079714,0.0,0.0,1.34,0.38,1.3,60.0,0.079714,1.29,0.94,
exp14_pd_v2,ballspeed7__kd112.5__kp750__noplot__positionmode__servebox,"{""--ball-speed"": 7, ""--kd"": 112.5, ""--kp"": 750, ""--no-plot"": null, ""--position-mode"": null, ""--serve-box"": null}",47,True,passive,0.042715,1.8,0.042082,50.0,105.0,0.66,0.19,0.6,30.0,0.042715,0.286,1.29,
exp14_pd_v2,ballspeed7__kd50.0__kp1000__noplot__positionmode__servebox,"{""--ball-speed"": 7, ""--kd"": 50.0, ""--kp"": 1000, ""--no-plot"": null, ""--position-mode"": null, ""--serve-box"": null}",2,True,active,0.0387,1.799647,0.0387,0.0,0.0,1.47,0.39,1.2,35.0,0.0387,1.027,0.91,
exp14_pd_v2,ballspeed7__kd50.0__kp1000__noplot__positionmode__servebox,"{""--ball-speed"": 7, ""--kd"": 50.0, ""--kp"": 1000, ""--no-plot"": null, ""--position-mode"": null, ""--serve-box"": null}",3,True,active,0.084861,1.799697,0.082768,0.0,0.0,1.39,0.38,1.3,60.0,0.084861,1.32,0.98,
exp14_pd_v2,ballspeed7__kd112.5__kp750__noplot__positionmode__servebox,"{""--ball-speed"": 7, ""--kd"": 112.5, ""--kp"": 750, ""--no-plot"": null, ""--position-mode"": null, ""--serve-box"": null}",48,True,active,0.066099,1.8,0.059478,45.0,105.0,0.66,0.17,0.5,25.0,0.066099,0.319,1.5,
exp14_pd_v2,ballspeed7__kd50.0__kp1000__noplot__positionmode__servebox,"{""--ball-speed"": 7, ""--kd"": 50.0, ""--kp"": 1000, ""--no-plot"": null, ""--position-mode"": null, ""--serve-box"": null}",9,False,miss,0.102822,1.800029,1.503091,0.0,0.0,1.07,0.34,0.9,0.0,0.102822,0.0,0.87,
exp14_pd_v2,ballspeed7__kd50.0__kp1000__noplot__positionmode__servebox,"{""--ball-speed"": 7, ""--kd"": 50.0, ""--kp"": 1000, ""--no-plot"": null, ""--position-mode"": null, ""--serve-box"": null}",8,False,miss,0.029357,1.799974,7.027157,0.0,0.0,0.37,0.14,0.3,0.0,0.029357,0.0,0.96,
exp14_pd_v2,ballspeed7__kd50.0__kp1000__noplot__positionmode__servebox,"{""--ball-speed"": 7, ""--kd"": 50.0, ""--kp"": 1000, ""--no-plot"": null, ""--position-mode"": null, ""--serve-box"": null}",10,False,miss,0.548346,1.800151,0.13592,0.0,70.0,1.21,0.38,1.1,0.0,0.548346,0.0,0.97,
exp14_pd_v2,ballspeed7__kd50.0__kp1000__noplot__positionmode__servebox,"{""--ball-speed"": 7, ""--kd"": 50.0, ""--kp"": 1000, ""--no-plot"": null, ""--position-mode"": null, ""--serve-box"": null}",20,,,,,,,,,,,,,,0.21,no_result
exp14_pd_v2,ballspeed7__kd112.5__kp750__noplot__positionmode__servebox,"{""--ball-speed"": 7, ""--kd"": 112.5, ""--kp"": 750, ""--no-plot"": null, ""--position-mode"": null, ""--serve-box"": null}",50,True,active,0.025828,1.8,0.025828,0.0,0.0,0.6,0.17,0.5,40.0,0.025828,0.313,1.73,
exp14_pd_v2,ballspeed7__kd50.0__kp1000__noplot__positionmode__servebox,"{""--ball-speed"": 7, ""--kd"": 50.0, ""--kp"": 1000, ""--no-plot"": null, ""--position-mode"": null, ""--serve-box"": null}",7,True,active,0.074124,1.80001,0.074124,0.0,0.0,1.63,0.38,1.4,60.0,0.074124,1.578,1.32,
exp14_pd_v2,ballspeed7__kd50.0__kp1000__noplot__positionmode__servebox,"{""--ball-speed"": 7, ""--kd"": 50.0, ""--kp"": 1000, ""--no-plot"": null, ""--position-mode"": null, ""--serve-box"": null}",21,,,,,,,,,,,,,,0.23,no_result
exp14_pd_v2,ballspeed7__kd50.0__kp1000__noplot__positionmode__servebox,"{""--ball-speed"": 7, ""--kd"": 50.0, ""--kp"": 1000, ""--no-plot"": null, ""--position-mode"": null, ""--serve-box"": null}",12,True,passive,0.101775,1.799774,0.101466,0.0,0.0,1.15,0.37,1.0,60.0,0.101775,0.03,1.1,
exp14_pd_v2,ballspeed7__kd50.0__kp1000__noplot__positionmode__servebox,"{""--ball-speed"": 7, ""--kd"": 50.0, ""--kp"": 1000, ""--no-plot"": null, ""--position-mode"": null, ""--serve-box"": null}",13,True,active,0.060281,1.799718,0.052194,0.0,0.0,1.57,0.37,1.3,60.0,0.060281,1.151,0.92,
exp14_pd_v2,ballspeed7__kd50.0__kp1000__noplot__positionmode__servebox,"{""--ball-speed"": 7, ""--kd"": 50.0, ""--kp"": 1000, ""--no-plot"": null, ""--position-mode"": null, ""--serve-box"": null}",4,True,active,0.144907,1.799738,0.120546,0.0,0.0,1.21,0.37,1.0,45.0,0.144907,0.701,1.63,
exp14_pd_v2,ballspeed7__kd50.0__kp1000__noplot__positionmode__servebox,"{""--ball-speed"": 7, ""--kd"": 50.0, ""--kp"": 1000, ""--no-plot"": null, ""--position-mode"": null, ""--serve-box"": null}",15,False,miss,0.439951,1.800081,0.178788,0.0,0.0,1.57,0.41,1.3,0.0,0.439951,0.0,0.97,
exp14_pd_v2,ballspeed7__kd50.0__kp1000__noplot__positionmode__servebox,"{""--ball-speed"": 7, ""--kd"": 50.0, ""--kp"": 1000, ""--no-plot"": null, ""--position-mode"": null, ""--serve-box"": null}",14,True,passive,0.086459,1.799563,0.084178,45.0,105.0,1.22,0.37,1.0,45.0,0.086459,0.135,1.02,
exp14_pd_v2,ballspeed7__kd50.0__kp1000__noplot__positionmode__servebox,"{""--ball-speed"": 7, ""--kd"": 50.0, ""--kp"": 1000, ""--no-plot"": null, ""--position-mode"": null, ""--serve-box"": null}",16,True,active,0.103399,1.799775,0.099277,0.0,0.0,1.4,0.38,1.2,75.0,0.103399,1.262,1.01,
exp14_pd_v2,ballspeed7__kd50.0__kp1000__noplot__positionmode__servebox,"{""--ball-speed"": 7, ""--kd"": 50.0, ""--kp"": 1000, ""--no-plot"": null, ""--position-mode"": null, ""--serve-box"": null}",5,True,active,0.096917,1.799774,0.086097,0.0,0.0,1.6,0.38,1.3,75.0,0.096917,1.552,1.79,
exp14_pd_v2,ballspeed7__kd50.0__kp1000__noplot__positionmode__servebox,"{""--ball-speed"": 7, ""--kd"": 50.0, ""--kp"": 1000, ""--no-plot"": null, ""--position-mode"": null, ""--serve-box"": null}",11,True,active,0.097646,1.799847,0.097646,0.0,0.0,1.37,0.42,1.3,70.0,0.097646,1.13,1.51,
exp14_pd_v2,ballspeed7__kd50.0__kp1000__noplot__positionmode__servebox,"{""--ball-speed"": 7, ""--kd"": 50.0, ""--kp"": 1000, ""--no-plot"": null, ""--position-mode"": null, ""--serve-box"": null}",27,,,,,,,,,,,,,,0.33,no_result
exp14_pd_v2,ballspeed7__kd50.0__kp1000__noplot__positionmode__servebox,"{""--ball-speed"": 7, ""--kd"": 50.0, ""--kp"": 1000, ""--no-plot"": null, ""--position-mode"": null, ""--serve-box"": null}",6,True,active,0.04971,1.80007,0.04971,20.0,40.0,1.34,0.37,1.0,40.0,0.04971,1.021,1.77,
exp14_pd_v2,ballspeed7__kd50.0__kp1000__noplot__positionmode__servebox,"{""--ball-speed"": 7, ""--kd"": 50.0, ""--kp"": 1000, ""--no-plot"": null, ""--position-mode"": null, ""--serve-box"": null}",17,True,active,0.025036,1.799866,0.025036,45.0,105.0,1.09,0.37,1.0,25.0,0.025036,1.024,1.02,
exp14_pd_v2,ballspeed7__kd50.0__kp1000__noplot__positionmode__servebox,"{""--ball-speed"": 7, ""--kd"": 50.0, ""--kp"": 1000, ""--no-plot"": null, ""--position-mode"": null, ""--serve-box"": null}",19,True,active,0.044285,1.799594,0.044285,0.0,0.0,1.49,0.39,1.2,35.0,0.044285,0.999,0.96,
exp14_pd_v2,ballspeed7__kd50.0__kp1000__noplot__positionmode__servebox,"{""--ball-speed"": 7, ""--kd"": 50.0, ""--kp"": 1000, ""--no-plot"": null, ""--position-mode"": null, ""--serve-box"": null}",24,False,miss,0.20073,1.805355,0.647465,0.0,0.0,1.06,0.37,0.9,0.0,0.20073,0.0,0.98,
exp14_pd_v2,ballspeed7__kd50.0__kp1000__noplot__positionmode__servebox,"{""--ball-speed"": 7, ""--kd"": 50.0, ""--kp"": 1000, ""--no-plot"": null, ""--position-mode"": null, ""--serve-box"": null}",22,True,active,0.078273,1.799854,0.078273,0.0,0.0,1.29,0.38,1.2,70.0,0.078273,1.225,1.16,
exp14_pd_v2,ballspeed7__kd50.0__kp1000__noplot__positionmode__servebox,"{""--ball-speed"": 7, ""--kd"": 50.0, ""--kp"": 1000, ""--no-plot"": null, ""--position-mode"": null, ""--serve-box"": null}",28,True,active,0.112471,1.799822,0.108136,0.0,0.0,1.31,0.37,1.2,55.0,0.112471,0.321,0.95,
exp14_pd_v2,ballspeed7__kd50.0__kp1000__noplot__positionmode__servebox,"{""--ball-speed"": 7, ""--kd"": 50.0, ""--kp"": 1000, ""--no-plot"": null, ""--position-mode"": null, ""--serve-box"": null}",36,False,miss,0.273241,1.799551,1.18152,0.0,0.0,1.28,0.35,1.1,0.0,0.273241,0.0,0.72,
exp14_pd_v2,ballspeed7__kd50.0__kp1000__noplot__positionmode__servebox,"{""--ball-speed"": 7, ""--kd"": 50.0, ""--kp"": 1000, ""--no-plot"": null, ""--position-mode"": null, ""--serve-box"": null}",30,True,active,0.08987,1.799193,0.084019,0.0,0.0,1.29,0.37,1.1,65.0,0.08987,0.799,0.92,
exp14_pd_v2,ballspeed7__kd50.0__kp1000__noplot__positionmode__servebox,"{""--ball-speed"": 7, ""--kd"": 50.0, ""--kp"": 1000, ""--no-plot"": null, ""--position-mode"": null, ""--serve-box"": null}",33,True,active,0.069556,1.799829,0.069556,0.0,0.0,1.21,0.38,1.1,50.0,0.069556,1.179,0.97,
exp14_pd_v2,ballspeed7__kd50.0__kp1000__noplot__positionmode__servebox,"{""--ball-speed"": 7, ""--kd"": 50.0, ""--kp"": 1000, ""--no-plot"": null, ""--position-mode"": null, ""--serve-box"": null}",25,False,miss,0.209307,1.799912,3.201328,0.0,0.0,0.76,0.23,0.6,0.0,0.209307,0.0,1.38,
exp14_pd_v2,ballspeed7__kd50.0__kp1000__noplot__positionmode__servebox,"{""--ball-speed"": 7, ""--kd"": 50.0, ""--kp"": 1000, ""--no-plot"": null, ""--position-mode"": null, ""--serve-box"": null}",34,True,active,0.076292,1.80031,0.076292,0.0,0.0,1.18,0.38,1.0,60.0,0.076292,0.906,0.98,
exp14_pd_v2,ballspeed7__kd50.0__kp1000__noplot__positionmode__servebox,"{""--ball-speed"": 7, ""--kd"": 50.0, ""--kp"": 1000, ""--no-plot"": null, ""--position-mode"": null, ""--serve-box"": null}",35,True,active,0.076503,1.799936,0.076503,0.0,0.0,1.4,0.38,1.3,70.0,0.076503,1.151,0.99,
exp14_pd_v2,ballspeed7__kd50.0__kp1000__noplot__positionmode__servebox,"{""--ball-speed"": 7, ""--kd"": 50.0, ""--kp"": 1000, ""--no-plot"": null, ""--position-mode"": null, ""--serve-box"": null}",29,True,active,0.138217,1.799456,0.110236,0.0,0.0,1.57,0.38,1.3,40.0,0.138217,0.811,1.19,
exp14_pd_v2,ballspeed7__kd50.0__kp1000__noplot__positionmode__servebox,"{""--ball-speed"": 7, ""--kd"": 50.0, ""--kp"": 1000, ""--no-plot"": null, ""--position-mode"": null, ""--serve-box"": null}",18,False,miss,0.595604,1.799858,0.136543,0.0,0.0,1.54,0.37,1.2,0.0,0.595604,0.0,1.9,
exp14_pd_v2,ballspeed7__kd50.0__kp1000__noplot__positionmode__servebox,"{""--ball-speed"": 7, ""--kd"": 50.0, ""--kp"": 1000, ""--no-plot"": null, ""--position-mode"": null, ""--serve-box"": null}",32,False,miss,0.179361,1.799165,6.242412,0.0,0.0,1.22,0.37,1.0,0.0,0.179361,0.0,1.18,
exp14_pd_v2,ballspeed7__kd50.0__kp1000__noplot__positionmode__servebox,"{""--ball-speed"": 7, ""--kd"": 50.0, ""--kp"": 1000, ""--no-plot"": null, ""--position-mode"": null, ""--serve-box"": null}",37,True,active,0.091723,1.800099,0.091723,0.0,0.0,1.41,0.38,1.2,65.0,0.091723,0.87,1.07,
exp14_pd_v2,ballspeed7__kd50.0__kp1000__noplot__positionmode__servebox,"{""--ball-speed"": 7, ""--kd"": 50.0, ""--kp"": 1000, ""--no-plot"": null, ""--position-mode"": null, ""--serve-box"": null}",23,True,active,0.06922,1.799806,0.06922,50.0,105.0,1.52,0.37,1.3,30.0,0.06922,0.639,1.84,
exp14_pd_v2,ballspeed7__kd50.0__kp1000__noplot__positionmode__servebox,"{""--ball-speed"": 7, ""--kd"": 50.0, ""--kp"": 1000, ""--no-plot"": null, ""--position-mode"": null, ""--serve-box"": null}",26,True,active,0.087836,1.79983,0.087836,0.0,0.0,1.32,0.38,1.3,65.0,0.087836,1.201,1.79,
exp14_pd_v2,ballspeed7__kd50.0__kp1000__noplot__positionmode__servebox,"{""--ball-speed"": 7, ""--kd"": 50.0, ""--kp"": 1000, ""--no-plot"": null, ""--position-mode"": null, ""--serve-box"": null}",39,False,miss,0.105291,1.80062,3.259761,0.0,0.0,1.36,0.36,1.1,0.0,0.105291,0.0,0.78,
exp14_pd_v2,ballspeed7__kd50.0__kp1000__noplot__positionmode__servebox,"{""--ball-speed"": 7, ""--kd"": 50.0, ""--kp"": 1000, ""--no-plot"": null, ""--position-mode"": null, ""--serve-box"": null}",38,True,active,0.105295,1.799411,0.080117,0.0,0.0,1.24,0.37,1.1,65.0,0.105295,0.913,1.05,
exp14_pd_v2,ballspeed7__kd50.0__kp1000__noplot__positionmode__servebox,"{""--ball-speed"": 7, ""--kd"": 50.0, ""--kp"": 1000, ""--no-plot"": null, ""--position-mode"": null, ""--serve-box"": null}",31,True,active,0.092147,1.799764,0.091603,40.0,50.0,1.52,0.37,1.2,50.0,0.092147,1.022,1.75,
exp14_pd_v2,ballspeed7__kd50.0__kp1000__noplot__positionmode__servebox,"{""--ball-speed"": 7, ""--kd"": 50.0, ""--kp"": 1000, ""--no-plot"": null, ""--position-mode"": null, ""--serve-box"": null}",41,True,passive,0.079069,1.79973,0.079069,45.0,0.0,1.23,0.38,1.1,45.0,0.079069,0.113,0.93,
exp14_pd_v2,ballspeed7__kd50.0__kp1000__noplot__positionmode__servebox,"{""--ball-speed"": 7, ""--kd"": 50.0, ""--kp"": 1000, ""--no-plot"": null, ""--position-mode"": null, ""--serve-box"": null}",42,True,active,0.099019,1.799988,0.092687,0.0,0.0,1.4,0.38,1.2,75.0,0.099019,1.09,0.97,
exp14_pd_v2,ballspeed7__kd50.0__kp1000__noplot__positionmode__servebox,"{""--ball-speed"": 7, ""--kd"": 50.0, ""--kp"": 1000, ""--no-plot"": null, ""--position-mode"": null, ""--serve-box"": null}",43,True,active,0.096383,1.79975,0.090211,0.0,0.0,1.43,0.38,1.3,70.0,0.096383,0.846,0.91,
exp14_pd_v2,ballspeed7__kd50.0__kp1000__noplot__positionmode__servebox,"{""--ball-speed"": 7, ""--kd"": 50.0, ""--kp"": 1000, ""--no-plot"": null, ""--position-mode"": null, ""--serve-box"": null}",44,True,active,0.104938,1.799843,0.098404,0.0,0.0,1.42,0.38,1.3,75.0,0.104938,0.911,1.03,
exp14_pd_v2,ballspeed7__kd50.0__kp1000__noplot__positionmode__servebox,"{""--ball-speed"": 7, ""--kd"": 50.0, ""--kp"": 1000, ""--no-plot"": null, ""--position-mode"": null, ""--serve-box"": null}",48,False,miss,0.500048,1.799713,0.123744,45.0,105.0,1.23,0.37,1.1,0.0,0.500048,0.0,1.05,
exp14_pd_v2,ballspeed7__kd50.0__kp1000__noplot__positionmode__servebox,"{""--ball-speed"": 7, ""--kd"": 50.0, ""--kp"": 1000, ""--no-plot"": null, ""--position-mode"": null, ""--serve-box"": null}",40,True,active,0.050509,1.8,0.050509,35.0,90.0,1.11,0.37,1.0,40.0,0.050509,0.983,1.45,
exp14_pd_v2,ballspeed7__kd50.0__kp1000__noplot__positionmode__servebox,"{""--ball-speed"": 7, ""--kd"": 50.0, ""--kp"": 1000, ""--no-plot"": null, ""--position-mode"": null, ""--serve-box"": null}",49,True,active,0.089288,1.799633,0.089288,45.0,25.0,1.61,0.37,1.3,55.0,0.089288,0.958,1.01,
exp14_pd_v2,ballspeed7__kd50.0__kp1000__noplot__positionmode__servebox,"{""--ball-speed"": 7, ""--kd"": 50.0, ""--kp"": 1000, ""--no-plot"": null, ""--position-mode"": null, ""--serve-box"": null}",46,True,active,0.05246,1.799919,0.05246,0.0,0.0,1.51,0.37,1.3,45.0,0.05246,1.508,1.22,
exp14_pd_v2,ballspeed7__kd50.0__kp1000__noplot__positionmode__servebox,"{""--ball-speed"": 7, ""--kd"": 50.0, ""--kp"": 1000, ""--no-plot"": null, ""--position-mode"": null, ""--serve-box"": null}",50,True,active,0.085214,1.799805,0.085214,0.0,0.0,1.36,0.38,1.3,65.0,0.085214,1.219,1.01,
exp14_pd_v2,ballspeed7__kd80.0__kp1000__noplot__positionmode__servebox,"{""--ball-speed"": 7, ""--kd"": 80.0, ""--kp"": 1000, ""--no-plot"": null, ""--position-mode"": null, ""--serve-box"": null}",1,True,active,0.045507,1.799995,0.045507,0.0,0.0,0.84,0.26,0.8,50.0,0.045507,0.717,1.07,
exp14_pd_v2,ballspeed7__kd80.0__kp1000__noplot__positionmode__servebox,"{""--ball-speed"": 7, ""--kd"": 80.0, ""--kp"": 1000, ""--no-plot"": null, ""--position-mode"": null, ""--serve-box"": null}",8,False,miss,0.023099,1.799999,7.028016,0.0,0.0,0.27,0.09,0.2,0.0,0.023099,0.0,0.68,
exp14_pd_v2,ballspeed7__kd80.0__kp1000__noplot__positionmode__servebox,"{""--ball-speed"": 7, ""--kd"": 80.0, ""--kp"": 1000, ""--no-plot"": null, ""--position-mode"": null, ""--serve-box"": null}",6,True,active,0.051032,1.799995,0.051032,40.0,105.0,0.96,0.24,0.7,35.0,0.051032,0.747,0.92,
exp14_pd_v2,ballspeed7__kd50.0__kp1000__noplot__positionmode__servebox,"{""--ball-speed"": 7, ""--kd"": 50.0, ""--kp"": 1000, ""--no-plot"": null, ""--position-mode"": null, ""--serve-box"": null}",45,True,active,0.120209,1.799658,0.104164,45.0,105.0,1.21,0.38,1.1,40.0,0.120209,1.062,1.71,
exp14_pd_v2,ballspeed7__kd80.0__kp1000__noplot__positionmode__servebox,"{""--ball-speed"": 7, ""--kd"": 80.0, ""--kp"": 1000, ""--no-plot"": null, ""--position-mode"": null, ""--serve-box"": null}",4,True,active,0.041164,1.799985,0.041164,0.0,0.0,0.93,0.24,0.8,40.0,0.041164,0.625,1.26,
exp14_pd_v2,ballspeed7__kd50.0__kp1000__noplot__positionmode__servebox,"{""--ball-speed"": 7, ""--kd"": 50.0, ""--kp"": 1000, ""--no-plot"": null, ""--position-mode"": null, ""--serve-box"": null}",47,True,active,0.080601,1.799796,0.080601,40.0,105.0,1.4,0.38,1.3,55.0,0.080601,0.849,1.83,
exp14_pd_v2,ballspeed7__kd80.0__kp1000__noplot__positionmode__servebox,"{""--ball-speed"": 7, ""--kd"": 80.0, ""--kp"": 1000, ""--no-plot"": null, ""--position-mode"": null, ""--serve-box"": null}",9,True,passive,0.083692,1.799986,0.072883,45.0,105.0,0.85,0.24,0.7,25.0,0.083692,0.168,0.92,
exp14_pd_v2,ballspeed7__kd80.0__kp1000__noplot__positionmode__servebox,"{""--ball-speed"": 7, ""--kd"": 80.0, ""--kp"": 1000, ""--no-plot"": null, ""--position-mode"": null, ""--serve-box"": null}",11,True,active,0.054542,1.799996,0.054542,0.0,0.0,0.86,0.24,0.8,55.0,0.054542,0.835,0.93,
exp14_pd_v2,ballspeed7__kd80.0__kp1000__noplot__positionmode__servebox,"{""--ball-speed"": 7, ""--kd"": 80.0, ""--kp"": 1000, ""--no-plot"": null, ""--position-mode"": null, ""--serve-box"": null}",10,True,active,0.057538,1.79999,0.057538,45.0,105.0,0.92,0.24,0.8,40.0,0.057538,0.36,0.99,
exp14_pd_v2,ballspeed7__kd80.0__kp1000__noplot__positionmode__servebox,"{""--ball-speed"": 7, ""--kd"": 80.0, ""--kp"": 1000, ""--no-plot"": null, ""--position-mode"": null, ""--serve-box"": null}",12,True,active,0.097139,1.799992,0.093337,0.0,0.0,0.79,0.24,0.7,55.0,0.097139,0.676,0.95,
exp14_pd_v2,ballspeed7__kd80.0__kp1000__noplot__positionmode__servebox,"{""--ball-speed"": 7, ""--kd"": 80.0, ""--kp"": 1000, ""--no-plot"": null, ""--position-mode"": null, ""--serve-box"": null}",20,,,,,,,,,,,,,,0.25,no_result
exp14_pd_v2,ballspeed7__kd80.0__kp1000__noplot__positionmode__servebox,"{""--ball-speed"": 7, ""--kd"": 80.0, ""--kp"": 1000, ""--no-plot"": null, ""--position-mode"": null, ""--serve-box"": null}",21,,,,,,,,,,,,,,0.24,no_result
exp14_pd_v2,ballspeed7__kd80.0__kp1000__noplot__positionmode__servebox,"{""--ball-speed"": 7, ""--kd"": 80.0, ""--kp"": 1000, ""--no-plot"": null, ""--position-mode"": null, ""--serve-box"": null}",14,True,active,0.059465,1.799995,0.059465,50.0,105.0,0.97,0.24,0.8,35.0,0.059465,0.705,0.94,
exp14_pd_v2,ballspeed7__kd80.0__kp1000__noplot__positionmode__servebox,"{""--ball-speed"": 7, ""--kd"": 80.0, ""--kp"": 1000, ""--no-plot"": null, ""--position-mode"": null, ""--serve-box"": null}",2,True,passive,0.117176,1.799987,0.086274,0.0,0.0,1.03,0.24,0.9,15.0,0.117176,0.139,1.82,
exp14_pd_v2,ballspeed7__kd80.0__kp1000__noplot__positionmode__servebox,"{""--ball-speed"": 7, ""--kd"": 80.0, ""--kp"": 1000, ""--no-plot"": null, ""--position-mode"": null, ""--serve-box"": null}",3,True,active,0.070914,1.799995,0.059701,0.0,0.0,0.93,0.25,0.8,45.0,0.070914,0.873,1.95,
exp14_pd_v2,ballspeed7__kd80.0__kp1000__noplot__positionmode__servebox,"{""--ball-speed"": 7, ""--kd"": 80.0, ""--kp"": 1000, ""--no-plot"": null, ""--position-mode"": null, ""--serve-box"": null}",5,True,active,0.088829,1.799987,0.088829,0.0,0.0,0.97,0.24,0.8,65.0,0.088829,0.947,1.72,
exp14_pd_v2,ballspeed7__kd80.0__kp1000__noplot__positionmode__servebox,"{""--ball-speed"": 7, ""--kd"": 80.0, ""--kp"": 1000, ""--no-plot"": null, ""--position-mode"": null, ""--serve-box"": null}",15,False,miss,0.336838,1.799979,0.183713,0.0,0.0,1.02,0.27,0.8,0.0,0.336838,0.0,0.98,
exp14_pd_v2,ballspeed7__kd80.0__kp1000__noplot__positionmode__servebox,"{""--ball-speed"": 7, ""--kd"": 80.0, ""--kp"": 1000, ""--no-plot"": null, ""--position-mode"": null, ""--serve-box"": null}",7,True,active,0.108215,1.799977,0.090947,0.0,0.0,0.86,0.24,0.7,50.0,0.108215,0.444,1.68,
exp14_pd_v2,ballspeed7__kd80.0__kp1000__noplot__positionmode__servebox,"{""--ball-speed"": 7, ""--kd"": 80.0, ""--kp"": 1000, ""--no-plot"": null, ""--position-mode"": null, ""--serve-box"": null}",27,,,,,,,,,,,,,,0.3,no_result
exp14_pd_v2,ballspeed7__kd80.0__kp1000__noplot__positionmode__servebox,"{""--ball-speed"": 7, ""--kd"": 80.0, ""--kp"": 1000, ""--no-plot"": null, ""--position-mode"": null, ""--serve-box"": null}",13,True,active,0.069975,1.799999,0.069975,0.0,0.0,0.96,0.24,0.8,65.0,0.069975,0.814,1.37,
exp14_pd_v2,ballspeed7__kd80.0__kp1000__noplot__positionmode__servebox,"{""--ball-speed"": 7, ""--kd"": 80.0, ""--kp"": 1000, ""--no-plot"": null, ""--position-mode"": null, ""--serve-box"": null}",17,True,active,0.038528,1.79998,0.038528,45.0,105.0,0.8,0.24,0.7,15.0,0.038528,0.773,1.02,
exp14_pd_v2,ballspeed7__kd80.0__kp1000__noplot__positionmode__servebox,"{""--ball-speed"": 7, ""--kd"": 80.0, ""--kp"": 1000, ""--no-plot"": null, ""--position-mode"": null, ""--serve-box"": null}",19,True,passive,0.083781,1.799975,0.066664,0.0,0.0,1.03,0.24,0.8,20.0,0.083781,0.228,1.03,
exp14_pd_v2,ballspeed7__kd80.0__kp1000__noplot__positionmode__servebox,"{""--ball-speed"": 7, ""--kd"": 80.0, ""--kp"": 1000, ""--no-plot"": null, ""--position-mode"": null, ""--serve-box"": null}",22,True,active,0.059211,1.799993,0.057209,0.0,0.0,0.81,0.24,0.7,60.0,0.059211,0.657,0.91,
exp14_pd_v2,ballspeed7__kd80.0__kp1000__noplot__positionmode__servebox,"{""--ball-speed"": 7, ""--kd"": 80.0, ""--kp"": 1000, ""--no-plot"": null, ""--position-mode"": null, ""--serve-box"": null}",16,True,active,0.062314,1.799994,0.062314,0.0,0.0,0.89,0.24,0.7,60.0,0.062314,0.68,1.46,
exp14_pd_v2,ballspeed7__kd80.0__kp1000__noplot__positionmode__servebox,"{""--ball-speed"": 7, ""--kd"": 80.0, ""--kp"": 1000, ""--no-plot"": null, ""--position-mode"": null, ""--serve-box"": null}",26,True,active,0.041156,1.799994,0.041156,0.0,0.0,0.83,0.24,0.8,50.0,0.041156,0.52,0.91,
exp14_pd_v2,ballspeed7__kd80.0__kp1000__noplot__positionmode__servebox,"{""--ball-speed"": 7, ""--kd"": 80.0, ""--kp"": 1000, ""--no-plot"": null, ""--position-mode"": null, ""--serve-box"": null}",28,False,miss,0.456445,1.799986,0.104085,0.0,0.0,0.89,0.25,0.8,0.0,0.456445,0.0,0.92,
exp14_pd_v2,ballspeed7__kd80.0__kp1000__noplot__positionmode__servebox,"{""--ball-speed"": 7, ""--kd"": 80.0, ""--kp"": 1000, ""--no-plot"": null, ""--position-mode"": null, ""--serve-box"": null}",32,False,miss,0.100101,1.800008,4.179644,0.0,0.0,0.89,0.23,0.7,0.0,0.100101,0.0,0.77,
exp14_pd_v2,ballspeed7__kd80.0__kp1000__noplot__positionmode__servebox,"{""--ball-speed"": 7, ""--kd"": 80.0, ""--kp"": 1000, ""--no-plot"": null, ""--position-mode"": null, ""--serve-box"": null}",31,True,active,0.024154,1.799991,0.024154,50.0,105.0,0.91,0.24,0.8,30.0,0.024154,0.592,0.87,
exp14_pd_v2,ballspeed7__kd80.0__kp1000__noplot__positionmode__servebox,"{""--ball-speed"": 7, ""--kd"": 80.0, ""--kp"": 1000, ""--no-plot"": null, ""--position-mode"": null, ""--serve-box"": null}",29,True,active,0.041334,1.799993,0.041334,0.0,0.0,0.98,0.23,0.8,30.0,0.041334,0.616,0.96,
exp14_pd_v2,ballspeed7__kd80.0__kp1000__noplot__positionmode__servebox,"{""--ball-speed"": 7, ""--kd"": 80.0, ""--kp"": 1000, ""--no-plot"": null, ""--position-mode"": null, ""--serve-box"": null}",25,False,miss,0.280327,1.799993,1.096939,0.0,0.0,0.52,0.16,0.4,0.0,0.280327,0.0,1.24,
exp14_pd_v2,ballspeed7__kd80.0__kp1000__noplot__positionmode__servebox,"{""--ball-speed"": 7, ""--kd"": 80.0, ""--kp"": 1000, ""--no-plot"": null, ""--position-mode"": null, ""--serve-box"": null}",33,True,active,0.067552,1.799989,0.063518,0.0,0.0,0.83,0.24,0.7,35.0,0.067552,0.601,0.96,
exp14_pd_v2,ballspeed7__kd80.0__kp1000__noplot__positionmode__servebox,"{""--ball-speed"": 7, ""--kd"": 80.0, ""--kp"": 1000, ""--no-plot"": null, ""--position-mode"": null, ""--serve-box"": null}",18,True,active,0.087561,1.79999,0.081688,0.0,0.0,0.83,0.24,0.7,45.0,0.087561,0.579,1.85,
exp14_pd_v2,ballspeed7__kd80.0__kp1000__noplot__positionmode__servebox,"{""--ball-speed"": 7, ""--kd"": 80.0, ""--kp"": 1000, ""--no-plot"": null, ""--position-mode"": null, ""--serve-box"": null}",34,True,active,0.04875,1.799991,0.04875,0.0,0.0,0.92,0.24,0.8,40.0,0.04875,0.606,0.99,
exp14_pd_v2,ballspeed7__kd80.0__kp1000__noplot__positionmode__servebox,"{""--ball-speed"": 7, ""--kd"": 80.0, ""--kp"": 1000, ""--no-plot"": null, ""--position-mode"": null, ""--serve-box"": null}",39,False,miss,0.285095,1.799983,2.443795,0.0,0.0,0.66,0.22,0.5,0.0,0.285095,0.0,0.77,
exp14_pd_v2,ballspeed7__kd80.0__kp1000__noplot__positionmode__servebox,"{""--ball-speed"": 7, ""--kd"": 80.0, ""--kp"": 1000, ""--no-plot"": null, ""--position-mode"": null, ""--serve-box"": null}",24,True,passive,0.05263,1.799984,0.05263,45.0,105.0,0.91,0.24,0.8,25.0,0.05263,0.153,1.73,
exp14_pd_v2,ballspeed7__kd80.0__kp1000__noplot__positionmode__servebox,"{""--ball-speed"": 7, ""--kd"": 80.0, ""--kp"": 1000, ""--no-plot"": null, ""--position-mode"": null, ""--serve-box"": null}",37,True,active,0.119942,1.799988,0.089796,0.0,0.0,0.93,0.25,0.8,40.0,0.119942,0.642,0.91,
exp14_pd_v2,ballspeed7__kd80.0__kp1000__noplot__positionmode__servebox,"{""--ball-speed"": 7, ""--kd"": 80.0, ""--kp"": 1000, ""--no-plot"": null, ""--position-mode"": null, ""--serve-box"": null}",23,False,miss,0.352563,1.799982,0.16453,25.0,105.0,1.03,0.23,0.9,0.0,0.352563,0.0,1.82,
exp14_pd_v2,ballspeed7__kd80.0__kp1000__noplot__positionmode__servebox,"{""--ball-speed"": 7, ""--kd"": 80.0, ""--kp"": 1000, ""--no-plot"": null, ""--position-mode"": null, ""--serve-box"": null}",30,True,active,0.062921,1.799974,0.062921,0.0,0.0,0.91,0.24,0.8,45.0,0.062921,0.676,1.75,
exp14_pd_v2,ballspeed7__kd80.0__kp1000__noplot__positionmode__servebox,"{""--ball-speed"": 7, ""--kd"": 80.0, ""--kp"": 1000, ""--no-plot"": null, ""--position-mode"": null, ""--serve-box"": null}",41,True,active,0.102146,1.799987,0.090308,40.0,105.0,0.78,0.24,0.7,30.0,0.102146,0.727,0.91,
exp14_pd_v2,ballspeed7__kd80.0__kp1000__noplot__positionmode__servebox,"{""--ball-speed"": 7, ""--kd"": 80.0, ""--kp"": 1000, ""--no-plot"": null, ""--position-mode"": null, ""--serve-box"": null}",43,True,active,0.057987,1.799993,0.057987,0.0,0.0,0.92,0.24,0.8,50.0,0.057987,0.413,0.88,
exp14_pd_v2,ballspeed7__kd80.0__kp1000__noplot__positionmode__servebox,"{""--ball-speed"": 7, ""--kd"": 80.0, ""--kp"": 1000, ""--no-plot"": null, ""--position-mode"": null, ""--serve-box"": null}",44,True,active,0.062373,1.799992,0.062373,0.0,0.0,0.91,0.25,0.8,60.0,0.062373,0.723,0.93,
exp14_pd_v2,ballspeed7__kd80.0__kp1000__noplot__positionmode__servebox,"{""--ball-speed"": 7, ""--kd"": 80.0, ""--kp"": 1000, ""--no-plot"": null, ""--position-mode"": null, ""--serve-box"": null}",38,True,active,0.058616,1.799984,0.058616,0.0,0.0,0.85,0.24,0.7,50.0,0.058616,0.571,1.42,
exp14_pd_v2,ballspeed7__kd80.0__kp1000__noplot__positionmode__servebox,"{""--ball-speed"": 7, ""--kd"": 80.0, ""--kp"": 1000, ""--no-plot"": null, ""--position-mode"": null, ""--serve-box"": null}",45,True,active,0.051409,1.799987,0.051409,50.0,105.0,0.91,0.24,0.8,45.0,0.051409,0.666,0.97,
exp14_pd_v2,ballspeed7__kd80.0__kp1000__noplot__positionmode__servebox,"{""--ball-speed"": 7, ""--kd"": 80.0, ""--kp"": 1000, ""--no-plot"": null, ""--position-mode"": null, ""--serve-box"": null}",35,True,active,0.05863,1.799988,0.057289,0.0,0.0,0.89,0.26,0.8,55.0,0.05863,0.823,1.84,
exp14_pd_v2,ballspeed7__kd80.0__kp1000__noplot__positionmode__servebox,"{""--ball-speed"": 7, ""--kd"": 80.0, ""--kp"": 1000, ""--no-plot"": null, ""--position-mode"": null, ""--serve-box"": null}",47,True,active,0.059729,1.79999,0.059729,50.0,105.0,0.9,0.24,0.8,40.0,0.059729,0.573,0.96,
exp14_pd_v2,ballspeed7__kd80.0__kp1000__noplot__positionmode__servebox,"{""--ball-speed"": 7, ""--kd"": 80.0, ""--kp"": 1000, ""--no-plot"": null, ""--position-mode"": null, ""--serve-box"": null}",46,True,active,0.102425,1.799987,0.090986,0.0,0.0,0.78,0.24,0.7,40.0,0.102425,0.394,1.02,
exp14_pd_v2,ballspeed7__kd80.0__kp1000__noplot__positionmode__servebox,"{""--ball-speed"": 7, ""--kd"": 80.0, ""--kp"": 1000, ""--no-plot"": null, ""--position-mode"": null, ""--serve-box"": null}",36,True,active,0.031448,1.799983,0.031448,0.0,0.0,0.89,0.24,0.7,30.0,0.031448,0.888,1.78,
exp14_pd_v2,ballspeed7__kd80.0__kp1000__noplot__positionmode__servebox,"{""--ball-speed"": 7, ""--kd"": 80.0, ""--kp"": 1000, ""--no-plot"": null, ""--position-mode"": null, ""--serve-box"": null}",42,True,active,0.095557,1.799992,0.079754,0.0,0.0,0.92,0.24,0.8,50.0,0.095557,0.878,1.41,
exp14_pd_v2,ballspeed7__kd80.0__kp1000__noplot__positionmode__servebox,"{""--ball-speed"": 7, ""--kd"": 80.0, ""--kp"": 1000, ""--no-plot"": null, ""--position-mode"": null, ""--serve-box"": null}",40,True,active,0.028635,1.799982,0.028635,45.0,105.0,0.97,0.25,0.8,20.0,0.028635,0.827,1.67,
exp14_pd_v2,ballspeed7__kd100.0__kp1000__noplot__positionmode__servebox,"{""--ball-speed"": 7, ""--kd"": 100.0, ""--kp"": 1000, ""--no-plot"": null, ""--position-mode"": null, ""--serve-box"": null}",1,True,active,0.04252,1.799999,0.04252,0.0,0.0,0.68,0.19,0.6,45.0,0.04252,0.637,1.11,
exp14_pd_v2,ballspeed7__kd100.0__kp1000__noplot__positionmode__servebox,"{""--ball-speed"": 7, ""--kd"": 100.0, ""--kp"": 1000, ""--no-plot"": null, ""--position-mode"": null, ""--serve-box"": null}",4,True,active,0.050215,1.799998,0.050215,0.0,0.0,0.71,0.19,0.6,35.0,0.050215,0.438,0.91,
exp14_pd_v2,ballspeed7__kd80.0__kp1000__noplot__positionmode__servebox,"{""--ball-speed"": 7, ""--kd"": 80.0, ""--kp"": 1000, ""--no-plot"": null, ""--position-mode"": null, ""--serve-box"": null}",49,True,active,0.082302,1.799985,0.080552,45.0,105.0,0.79,0.24,0.7,35.0,0.082302,0.36,1.28,
exp14_pd_v2,ballspeed7__kd100.0__kp1000__noplot__positionmode__servebox,"{""--ball-speed"": 7, ""--kd"": 100.0, ""--kp"": 1000, ""--no-plot"": null, ""--position-mode"": null, ""--serve-box"": null}",2,False,miss,0.325448,1.799997,0.111184,0.0,0.0,0.8,0.19,0.7,0.0,0.325448,0.0,0.97,
exp14_pd_v2,ballspeed7__kd100.0__kp1000__noplot__positionmode__servebox,"{""--ball-speed"": 7, ""--kd"": 100.0, ""--kp"": 1000, ""--no-plot"": null, ""--position-mode"": null, ""--serve-box"": null}",3,True,passive,0.064181,1.799999,0.054356,0.0,0.0,0.72,0.19,0.6,40.0,0.064181,0.238,0.96,
exp14_pd_v2,ballspeed7__kd80.0__kp1000__noplot__positionmode__servebox,"{""--ball-speed"": 7, ""--kd"": 80.0, ""--kp"": 1000, ""--no-plot"": null, ""--position-mode"": null, ""--serve-box"": null}",50,True,active,0.036803,1.799994,0.036803,0.0,0.0,0.83,0.24,0.8,50.0,0.036803,0.434,1.32,
exp14_pd_v2,ballspeed7__kd100.0__kp1000__noplot__positionmode__servebox,"{""--ball-speed"": 7, ""--kd"": 100.0, ""--kp"": 1000, ""--no-plot"": null, ""--position-mode"": null, ""--serve-box"": null}",7,True,active,0.053309,1.799999,0.053309,0.0,0.0,0.68,0.19,0.5,50.0,0.053309,0.541,0.96,
exp14_pd_v2,ballspeed7__kd100.0__kp1000__noplot__positionmode__servebox,"{""--ball-speed"": 7, ""--kd"": 100.0, ""--kp"": 1000, ""--no-plot"": null, ""--position-mode"": null, ""--serve-box"": null}",10,True,active,0.078069,1.799999,0.074345,45.0,105.0,0.75,0.19,0.6,35.0,0.078069,0.479,0.9,
exp14_pd_v2,ballspeed7__kd80.0__kp1000__noplot__positionmode__servebox,"{""--ball-speed"": 7, ""--kd"": 80.0, ""--kp"": 1000, ""--no-plot"": null, ""--position-mode"": null, ""--serve-box"": null}",48,True,active,0.038239,1.799988,0.038239,45.0,105.0,1.01,0.24,0.8,40.0,0.038239,0.363,1.71,
exp14_pd_v2,ballspeed7__kd100.0__kp1000__noplot__positionmode__servebox,"{""--ball-speed"": 7, ""--kd"": 100.0, ""--kp"": 1000, ""--no-plot"": null, ""--position-mode"": null, ""--serve-box"": null}",21,,,,,,,,,,,,,,0.21,no_result
exp14_pd_v2,ballspeed7__kd100.0__kp1000__noplot__positionmode__servebox,"{""--ball-speed"": 7, ""--kd"": 100.0, ""--kp"": 1000, ""--no-plot"": null, ""--position-mode"": null, ""--serve-box"": null}",8,False,miss,0.020285,1.8,7.028397,0.0,0.0,0.22,0.07,0.2,0.0,0.020285,0.0,1.19,
exp14_pd_v2,ballspeed7__kd100.0__kp1000__noplot__positionmode__servebox,"{""--ball-speed"": 7, ""--kd"": 100.0, ""--kp"": 1000, ""--no-plot"": null, ""--position-mode"": null, ""--serve-box"": null}",20,,,,,,,,,,,,,,0.35,no_result
exp14_pd_v2,ballspeed7__kd100.0__kp1000__noplot__positionmode__servebox,"{""--ball-speed"": 7, ""--kd"": 100.0, ""--kp"": 1000, ""--no-plot"": null, ""--position-mode"": null, ""--serve-box"": null}",12,True,active,0.063765,1.8,0.063765,0.0,0.0,0.77,0.21,0.6,45.0,0.063765,0.658,1.03,
exp14_pd_v2,ballspeed7__kd100.0__kp1000__noplot__positionmode__servebox,"{""--ball-speed"": 7, ""--kd"": 100.0, ""--kp"": 1000, ""--no-plot"": null, ""--position-mode"": null, ""--serve-box"": null}",17,False,miss,0.034016,1.8,4.472893,0.0,0.0,0.51,0.19,0.4,0.0,0.034016,0.0,0.75,
exp14_pd_v2,ballspeed7__kd100.0__kp1000__noplot__positionmode__servebox,"{""--ball-speed"": 7, ""--kd"": 100.0, ""--kp"": 1000, ""--no-plot"": null, ""--position-mode"": null, ""--serve-box"": null}",9,True,active,0.079346,1.799998,0.067494,45.0,105.0,0.65,0.19,0.6,25.0,0.079346,0.517,1.37,
exp14_pd_v2,ballspeed7__kd100.0__kp1000__noplot__positionmode__servebox,"{""--ball-speed"": 7, ""--kd"": 100.0, ""--kp"": 1000, ""--no-plot"": null, ""--position-mode"": null, ""--serve-box"": null}",14,True,passive,0.047177,1.799999,0.047177,50.0,105.0,0.76,0.19,0.6,40.0,0.047177,0.289,0.91,
exp14_pd_v2,ballspeed7__kd100.0__kp1000__noplot__positionmode__servebox,"{""--ball-speed"": 7, ""--kd"": 100.0, ""--kp"": 1000, ""--no-plot"": null, ""--position-mode"": null, ""--serve-box"": null}",15,False,miss,0.303708,1.799999,0.167895,0.0,0.0,0.82,0.21,0.6,0.0,0.303708,0.0,0.88,
exp14_pd_v2,ballspeed7__kd100.0__kp1000__noplot__positionmode__servebox,"{""--ball-speed"": 7, ""--kd"": 100.0, ""--kp"": 1000, ""--no-plot"": null, ""--position-mode"": null, ""--serve-box"": null}",5,True,active,0.073876,1.799997,0.072209,0.0,0.0,0.76,0.2,0.6,55.0,0.073876,0.552,1.79,
exp14_pd_v2,ballspeed7__kd100.0__kp1000__noplot__positionmode__servebox,"{""--ball-speed"": 7, ""--kd"": 100.0, ""--kp"": 1000, ""--no-plot"": null, ""--position-mode"": null, ""--serve-box"": null}",18,True,active,0.042175,1.799998,0.042175,0.0,0.0,0.77,0.19,0.6,45.0,0.042175,0.57,1.0,
exp14_pd_v2,ballspeed7__kd100.0__kp1000__noplot__positionmode__servebox,"{""--ball-speed"": 7, ""--kd"": 100.0, ""--kp"": 1000, ""--no-plot"": null, ""--position-mode"": null, ""--serve-box"": null}",27,,,,,,,,,,,,,,0.28,no_result
exp14_pd_v2,ballspeed7__kd100.0__kp1000__noplot__positionmode__servebox,"{""--ball-speed"": 7, ""--kd"": 100.0, ""--kp"": 1000, ""--no-plot"": null, ""--position-mode"": null, ""--serve-box"": null}",19,False,miss,0.300786,1.799998,0.104864,0.0,0.0,0.83,0.2,0.7,0.0,0.300786,0.0,0.97,
exp14_pd_v2,ballspeed7__kd100.0__kp1000__noplot__positionmode__servebox,"{""--ball-speed"": 7, ""--kd"": 100.0, ""--kp"": 1000, ""--no-plot"": null, ""--position-mode"": null, ""--serve-box"": null}",6,True,active,0.096324,1.799998,0.079667,45.0,105.0,0.72,0.19,0.6,25.0,0.096324,0.635,1.82,
exp14_pd_v2,ballspeed7__kd100.0__kp1000__noplot__positionmode__servebox,"{""--ball-speed"": 7, ""--kd"": 100.0, ""--kp"": 1000, ""--no-plot"": null, ""--position-mode"": null, ""--serve-box"": null}",13,True,active,0.079876,1.799997,0.069807,0.0,0.0,0.75,0.19,0.6,50.0,0.079876,0.498,1.47,
exp14_pd_v2,ballspeed7__kd100.0__kp1000__noplot__positionmode__servebox,"{""--ball-speed"": 7, ""--kd"": 100.0, ""--kp"": 1000, ""--no-plot"": null, ""--position-mode"": null, ""--serve-box"": null}",11,True,active,0.047694,1.799999,0.047694,0.0,0.0,0.71,0.21,0.6,50.0,0.047694,0.584,1.74,
exp14_pd_v2,ballspeed7__kd100.0__kp1000__noplot__positionmode__servebox,"{""--ball-speed"": 7, ""--kd"": 100.0, ""--kp"": 1000, ""--no-plot"": null, ""--position-mode"": null, ""--serve-box"": null}",22,True,active,0.063765,1.799999,0.056147,0.0,0.0,0.63,0.19,0.5,55.0,0.063765,0.561,0.93,
exp14_pd_v2,ballspeed7__kd100.0__kp1000__noplot__positionmode__servebox,"{""--ball-speed"": 7, ""--kd"": 100.0, ""--kp"": 1000, ""--no-plot"": null, ""--position-mode"": null, ""--serve-box"": null}",16,True,active,0.061278,1.799999,0.057956,0.0,0.0,0.73,0.21,0.6,55.0,0.061278,0.574,1.53,
exp14_pd_v2,ballspeed7__kd100.0__kp1000__noplot__positionmode__servebox,"{""--ball-speed"": 7, ""--kd"": 100.0, ""--kp"": 1000, ""--no-plot"": null, ""--position-mode"": null, ""--serve-box"": null}",26,True,active,0.034339,1.799999,0.034339,0.0,0.0,0.67,0.19,0.6,45.0,0.034339,0.338,0.99,
exp14_pd_v2,ballspeed7__kd100.0__kp1000__noplot__positionmode__servebox,"{""--ball-speed"": 7, ""--kd"": 100.0, ""--kp"": 1000, ""--no-plot"": null, ""--position-mode"": null, ""--serve-box"": null}",29,False,miss,0.247221,1.784221,0.601415,0.0,0.0,0.83,0.19,0.7,0.0,0.247221,0.0,0.85,
exp14_pd_v2,ballspeed7__kd100.0__kp1000__noplot__positionmode__servebox,"{""--ball-speed"": 7, ""--kd"": 100.0, ""--kp"": 1000, ""--no-plot"": null, ""--position-mode"": null, ""--serve-box"": null}",32,False,miss,0.151812,1.799997,5.520952,0.0,0.0,0.63,0.19,0.5,0.0,0.151812,0.0,0.69,
exp14_pd_v2,ballspeed7__kd100.0__kp1000__noplot__positionmode__servebox,"{""--ball-speed"": 7, ""--kd"": 100.0, ""--kp"": 1000, ""--no-plot"": null, ""--position-mode"": null, ""--serve-box"": null}",25,True,active,0.083357,1.799998,0.068554,0.0,0.0,0.74,0.19,0.6,45.0,0.083357,0.559,1.11,
exp14_pd_v2,ballspeed7__kd100.0__kp1000__noplot__positionmode__servebox,"{""--ball-speed"": 7, ""--kd"": 100.0, ""--kp"": 1000, ""--no-plot"": null, ""--position-mode"": null, ""--serve-box"": null}",28,True,active,0.057618,1.799999,0.056201,0.0,0.0,0.75,0.19,0.6,40.0,0.057618,0.428,0.98,
exp14_pd_v2,ballspeed7__kd100.0__kp1000__noplot__positionmode__servebox,"{""--ball-speed"": 7, ""--kd"": 100.0, ""--kp"": 1000, ""--no-plot"": null, ""--position-mode"": null, ""--serve-box"": null}",24,True,active,0.089158,1.799998,0.078359,45.0,105.0,0.72,0.19,0.6,25.0,0.089158,0.327,1.29,
exp14_pd_v2,ballspeed7__kd100.0__kp1000__noplot__positionmode__servebox,"{""--ball-speed"": 7, ""--kd"": 100.0, ""--kp"": 1000, ""--no-plot"": null, ""--position-mode"": null, ""--serve-box"": null}",33,True,passive,0.047462,1.799998,0.047462,45.0,105.0,0.67,0.19,0.6,30.0,0.047462,0.205,0.99,
exp14_pd_v2,ballspeed7__kd100.0__kp1000__noplot__positionmode__servebox,"{""--ball-speed"": 7, ""--kd"": 100.0, ""--kp"": 1000, ""--no-plot"": null, ""--position-mode"": null, ""--serve-box"": null}",36,True,active,0.036931,1.799997,0.036931,0.0,0.0,0.79,0.19,0.6,35.0,0.036931,0.377,0.97,
exp14_pd_v2,ballspeed7__kd100.0__kp1000__noplot__positionmode__servebox,"{""--ball-speed"": 7, ""--kd"": 100.0, ""--kp"": 1000, ""--no-plot"": null, ""--position-mode"": null, ""--serve-box"": null}",23,False,miss,0.334118,1.799997,0.184134,0.0,105.0,0.83,0.19,0.7,0.0,0.334118,0.0,1.63,
exp14_pd_v2,ballspeed7__kd100.0__kp1000__noplot__positionmode__servebox,"{""--ball-speed"": 7, ""--kd"": 100.0, ""--kp"": 1000, ""--no-plot"": null, ""--position-mode"": null, ""--serve-box"": null}",30,True,active,0.036777,1.799998,0.036777,0.0,0.0,0.74,0.19,0.6,35.0,0.036777,0.526,1.32,
exp14_pd_v2,ballspeed7__kd100.0__kp1000__noplot__positionmode__servebox,"{""--ball-speed"": 7, ""--kd"": 100.0, ""--kp"": 1000, ""--no-plot"": null, ""--position-mode"": null, ""--serve-box"": null}",38,True,active,0.041604,1.799999,0.041604,0.0,0.0,0.76,0.19,0.6,40.0,0.041604,0.408,1.05,
exp14_pd_v2,ballspeed7__kd100.0__kp1000__noplot__positionmode__servebox,"{""--ball-speed"": 7, ""--kd"": 100.0, ""--kp"": 1000, ""--no-plot"": null, ""--position-mode"": null, ""--serve-box"": null}",34,True,active,0.053925,1.799999,0.049197,0.0,0.0,0.75,0.21,0.6,35.0,0.053925,0.608,1.5,
exp14_pd_v2,ballspeed7__kd100.0__kp1000__noplot__positionmode__servebox,"{""--ball-speed"": 7, ""--kd"": 100.0, ""--kp"": 1000, ""--no-plot"": null, ""--position-mode"": null, ""--serve-box"": null}",42,True,active,0.054177,1.799998,0.054177,0.0,0.0,0.75,0.19,0.6,50.0,0.054177,0.691,0.88,
exp14_pd_v2,ballspeed7__kd100.0__kp1000__noplot__positionmode__servebox,"{""--ball-speed"": 7, ""--kd"": 100.0, ""--kp"": 1000, ""--no-plot"": null, ""--position-mode"": null, ""--serve-box"": null}",41,True,active,0.047863,1.799998,0.047863,50.0,105.0,0.76,0.19,0.6,30.0,0.047863,0.539,0.92,
exp14_pd_v2,ballspeed7__kd100.0__kp1000__noplot__positionmode__servebox,"{""--ball-speed"": 7, ""--kd"": 100.0, ""--kp"": 1000, ""--no-plot"": null, ""--position-mode"": null, ""--serve-box"": null}",37,True,active,0.06786,1.799998,0.062805,0.0,0.0,0.75,0.19,0.6,40.0,0.06786,0.381,1.32,
exp14_pd_v2,ballspeed7__kd100.0__kp1000__noplot__positionmode__servebox,"{""--ball-speed"": 7, ""--kd"": 100.0, ""--kp"": 1000, ""--no-plot"": null, ""--position-mode"": null, ""--serve-box"": null}",43,True,active,0.048393,1.799999,0.048393,0.0,0.0,0.75,0.19,0.7,45.0,0.048393,0.406,0.91,
exp14_pd_v2,ballspeed7__kd100.0__kp1000__noplot__positionmode__servebox,"{""--ball-speed"": 7, ""--kd"": 100.0, ""--kp"": 1000, ""--no-plot"": null, ""--position-mode"": null, ""--serve-box"": null}",31,True,active,0.045773,1.799999,0.045773,45.0,105.0,0.76,0.2,0.6,40.0,0.045773,0.611,1.81,
exp14_pd_v2,ballspeed7__kd100.0__kp1000__noplot__positionmode__servebox,"{""--ball-speed"": 7, ""--kd"": 100.0, ""--kp"": 1000, ""--no-plot"": null, ""--position-mode"": null, ""--serve-box"": null}",45,True,active,0.108884,1.799999,0.088931,45.0,105.0,0.75,0.19,0.7,30.0,0.108884,0.544,1.0,
exp14_pd_v2,ballspeed7__kd100.0__kp1000__noplot__positionmode__servebox,"{""--ball-speed"": 7, ""--kd"": 100.0, ""--kp"": 1000, ""--no-plot"": null, ""--position-mode"": null, ""--serve-box"": null}",35,True,active,0.049203,1.799998,0.049203,0.0,0.0,0.73,0.19,0.6,55.0,0.049203,0.639,1.8,
exp14_pd_v2,ballspeed7__kd100.0__kp1000__noplot__positionmode__servebox,"{""--ball-speed"": 7, ""--kd"": 100.0, ""--kp"": 1000, ""--no-plot"": null, ""--position-mode"": null, ""--serve-box"": null}",44,True,active,0.03828,1.799999,0.03828,0.0,0.0,0.75,0.21,0.6,50.0,0.03828,0.592,1.26,
exp14_pd_v2,ballspeed7__kd100.0__kp1000__noplot__positionmode__servebox,"{""--ball-speed"": 7, ""--kd"": 100.0, ""--kp"": 1000, ""--no-plot"": null, ""--position-mode"": null, ""--serve-box"": null}",39,True,active,0.109264,1.799993,0.079271,0.0,0.0,0.82,0.19,0.7,40.0,0.109264,0.556,1.51,
exp14_pd_v2,ballspeed7__kd100.0__kp1000__noplot__positionmode__servebox,"{""--ball-speed"": 7, ""--kd"": 100.0, ""--kp"": 1000, ""--no-plot"": null, ""--position-mode"": null, ""--serve-box"": null}",49,True,active,0.027057,1.799998,0.027057,45.0,105.0,0.65,0.19,0.6,25.0,0.027057,0.403,0.87,
exp14_pd_v2,ballspeed7__kd100.0__kp1000__noplot__positionmode__servebox,"{""--ball-speed"": 7, ""--kd"": 100.0, ""--kp"": 1000, ""--no-plot"": null, ""--position-mode"": null, ""--serve-box"": null}",46,False,miss,0.206163,1.78808,0.538351,0.0,0.0,0.64,0.19,0.6,0.0,0.206163,0.0,1.13,
exp14_pd_v2,ballspeed7__kd100.0__kp1000__noplot__positionmode__servebox,"{""--ball-speed"": 7, ""--kd"": 100.0, ""--kp"": 1000, ""--no-plot"": null, ""--position-mode"": null, ""--serve-box"": null}",40,True,active,0.037856,1.799998,0.037856,50.0,105.0,0.79,0.19,0.6,30.0,0.037856,0.471,1.68,
exp14_pd_v2,ballspeed7__kd150.0__kp1000__noplot__positionmode__servebox,"{""--ball-speed"": 7, ""--kd"": 150.0, ""--kp"": 1000, ""--no-plot"": null, ""--position-mode"": null, ""--serve-box"": null}",1,True,passive,0.03389,1.8,0.03389,0.0,0.0,0.46,0.13,0.4,35.0,0.03389,0.198,0.9,
exp14_pd_v2,ballspeed7__kd150.0__kp1000__noplot__positionmode__servebox,"{""--ball-speed"": 7, ""--kd"": 150.0, ""--kp"": 1000, ""--no-plot"": null, ""--position-mode"": null, ""--serve-box"": null}",2,False,miss,0.102258,1.8,4.715007,0.0,0.0,0.53,0.13,0.4,0.0,0.102258,0.0,0.94,
exp14_pd_v2,ballspeed7__kd150.0__kp1000__noplot__positionmode__servebox,"{""--ball-speed"": 7, ""--kd"": 150.0, ""--kp"": 1000, ""--no-plot"": null, ""--position-mode"": null, ""--serve-box"": null}",3,True,passive,0.030778,1.8,0.030778,0.0,0.0,0.49,0.13,0.4,35.0,0.030778,0.214,0.94,
exp14_pd_v2,ballspeed7__kd100.0__kp1000__noplot__positionmode__servebox,"{""--ball-speed"": 7, ""--kd"": 100.0, ""--kp"": 1000, ""--no-plot"": null, ""--position-mode"": null, ""--serve-box"": null}",48,True,active,0.054903,1.799998,0.054903,40.0,105.0,0.73,0.2,0.6,35.0,0.054903,0.639,1.36,
exp14_pd_v2,ballspeed7__kd150.0__kp1000__noplot__positionmode__servebox,"{""--ball-speed"": 7, ""--kd"": 150.0, ""--kp"": 1000, ""--no-plot"": null, ""--position-mode"": null, ""--serve-box"": null}",8,False,miss,0.015954,1.8,7.029015,0.0,0.0,0.16,0.05,0.1,0.0,0.015954,0.0,0.68,
exp14_pd_v2,ballspeed7__kd150.0__kp1000__noplot__positionmode__servebox,"{""--ball-speed"": 7, ""--kd"": 150.0, ""--kp"": 1000, ""--no-plot"": null, ""--position-mode"": null, ""--serve-box"": null}",6,True,active,0.025679,1.8,0.025679,50.0,105.0,0.57,0.13,0.5,20.0,0.025679,0.418,0.91,
exp14_pd_v2,ballspeed7__kd150.0__kp1000__noplot__positionmode__servebox,"{""--ball-speed"": 7, ""--kd"": 150.0, ""--kp"": 1000, ""--no-plot"": null, ""--position-mode"": null, ""--serve-box"": null}",7,True,active,0.041719,1.8,0.041719,0.0,0.0,0.54,0.14,0.4,35.0,0.041719,0.459,0.93,
exp14_pd_v2,ballspeed7__kd100.0__kp1000__noplot__positionmode__servebox,"{""--ball-speed"": 7, ""--kd"": 100.0, ""--kp"": 1000, ""--no-plot"": null, ""--position-mode"": null, ""--serve-box"": null}",47,True,passive,0.054745,1.799999,0.054745,45.0,105.0,0.73,0.19,0.6,35.0,0.054745,0.194,1.72,
exp14_pd_v2,ballspeed7__kd150.0__kp1000__noplot__positionmode__servebox,"{""--ball-speed"": 7, ""--kd"": 150.0, ""--kp"": 1000, ""--no-plot"": null, ""--position-mode"": null, ""--serve-box"": null}",4,True,active,0.064019,1.8,0.06123,0.0,0.0,0.5,0.13,0.4,30.0,0.064019,0.372,1.35,
exp14_pd_v2,ballspeed7__kd150.0__kp1000__noplot__positionmode__servebox,"{""--ball-speed"": 7, ""--kd"": 150.0, ""--kp"": 1000, ""--no-plot"": null, ""--position-mode"": null, ""--serve-box"": null}",11,True,passive,0.03393,1.8,0.03393,0.0,0.0,0.51,0.14,0.4,40.0,0.03393,0.182,0.9,
exp14_pd_v2,ballspeed7__kd150.0__kp1000__noplot__positionmode__servebox,"{""--ball-speed"": 7, ""--kd"": 150.0, ""--kp"": 1000, ""--no-plot"": null, ""--position-mode"": null, ""--serve-box"": null}",20,,,,,,,,,,,,,,0.24,no_result
exp14_pd_v2,ballspeed7__kd150.0__kp1000__noplot__positionmode__servebox,"{""--ball-speed"": 7, ""--kd"": 150.0, ""--kp"": 1000, ""--no-plot"": null, ""--position-mode"": null, ""--serve-box"": null}",12,True,passive,0.054393,1.8,0.054393,0.0,0.0,0.5,0.13,0.4,35.0,0.054393,0.249,0.93,
exp14_pd_v2,ballspeed7__kd150.0__kp1000__noplot__positionmode__servebox,"{""--ball-speed"": 7, ""--kd"": 150.0, ""--kp"": 1000, ""--no-plot"": null, ""--position-mode"": null, ""--serve-box"": null}",9,True,active,0.025569,1.8,0.025569,45.0,105.0,0.52,0.14,0.4,20.0,0.025569,0.312,1.18,
exp14_pd_v2,ballspeed7__kd150.0__kp1000__noplot__positionmode__servebox,"{""--ball-speed"": 7, ""--kd"": 150.0, ""--kp"": 1000, ""--no-plot"": null, ""--position-mode"": null, ""--serve-box"": null}",21,,,,,,,,,,,,,,0.38,no_result
exp14_pd_v2,ballspeed7__kd100.0__kp1000__noplot__positionmode__servebox,"{""--ball-speed"": 7, ""--kd"": 100.0, ""--kp"": 1000, ""--no-plot"": null, ""--position-mode"": null, ""--serve-box"": null}",50,True,active,0.030672,1.799999,0.030672,0.0,0.0,0.65,0.19,0.6,45.0,0.030672,0.33,1.83,
exp14_pd_v2,ballspeed7__kd150.0__kp1000__noplot__positionmode__servebox,"{""--ball-speed"": 7, ""--kd"": 150.0, ""--kp"": 1000, ""--no-plot"": null, ""--position-mode"": null, ""--serve-box"": null}",5,True,passive,0.042571,1.8,0.042571,0.0,0.0,0.51,0.13,0.4,45.0,0.042571,0.248,1.64,
exp14_pd_v2,ballspeed7__kd150.0__kp1000__noplot__positionmode__servebox,"{""--ball-speed"": 7, ""--kd"": 150.0, ""--kp"": 1000, ""--no-plot"": null, ""--position-mode"": null, ""--serve-box"": null}",13,True,passive,0.044283,1.8,0.044283,0.0,0.0,0.52,0.13,0.4,45.0,0.044283,0.244,0.99,
exp14_pd_v2,ballspeed7__kd150.0__kp1000__noplot__positionmode__servebox,"{""--ball-speed"": 7, ""--kd"": 150.0, ""--kp"": 1000, ""--no-plot"": null, ""--position-mode"": null, ""--serve-box"": null}",14,True,passive,0.034796,1.8,0.034796,50.0,105.0,0.51,0.13,0.4,30.0,0.034796,0.182,0.95,
exp14_pd_v2,ballspeed7__kd150.0__kp1000__noplot__positionmode__servebox,"{""--ball-speed"": 7, ""--kd"": 150.0, ""--kp"": 1000, ""--no-plot"": null, ""--position-mode"": null, ""--serve-box"": null}",27,,,,,,,,,,,,,,0.35,no_result
exp14_pd_v2,ballspeed7__kd150.0__kp1000__noplot__positionmode__servebox,"{""--ball-speed"": 7, ""--kd"": 150.0, ""--kp"": 1000, ""--no-plot"": null, ""--position-mode"": null, ""--serve-box"": null}",16,True,passive,0.02537,1.8,0.02537,0.0,0.0,0.5,0.14,0.4,40.0,0.02537,0.185,1.06,
exp14_pd_v2,ballspeed7__kd150.0__kp1000__noplot__positionmode__servebox,"{""--ball-speed"": 7, ""--kd"": 150.0, ""--kp"": 1000, ""--no-plot"": null, ""--position-mode"": null, ""--serve-box"": null}",19,False,miss,0.259504,1.8,0.090978,0.0,0.0,0.56,0.13,0.5,0.0,0.259504,0.0,0.93,
exp14_pd_v2,ballspeed7__kd150.0__kp1000__noplot__positionmode__servebox,"{""--ball-speed"": 7, ""--kd"": 150.0, ""--kp"": 1000, ""--no-plot"": null, ""--position-mode"": null, ""--serve-box"": null}",10,True,passive,0.039295,1.8,0.039295,50.0,105.0,0.51,0.13,0.4,30.0,0.039295,0.203,1.68,
exp14_pd_v2,ballspeed7__kd150.0__kp1000__noplot__positionmode__servebox,"{""--ball-speed"": 7, ""--kd"": 150.0, ""--kp"": 1000, ""--no-plot"": null, ""--position-mode"": null, ""--serve-box"": null}",18,True,passive,0.030765,1.8,0.030765,0.0,0.0,0.52,0.13,0.4,35.0,0.030765,0.195,1.25,
exp14_pd_v2,ballspeed7__kd150.0__kp1000__noplot__positionmode__servebox,"{""--ball-speed"": 7, ""--kd"": 150.0, ""--kp"": 1000, ""--no-plot"": null, ""--position-mode"": null, ""--serve-box"": null}",17,False,miss,0.078565,1.8,2.392817,0.0,0.0,0.48,0.13,0.4,0.0,0.078565,0.0,1.39,
exp14_pd_v2,ballspeed7__kd150.0__kp1000__noplot__positionmode__servebox,"{""--ball-speed"": 7, ""--kd"": 150.0, ""--kp"": 1000, ""--no-plot"": null, ""--position-mode"": null, ""--serve-box"": null}",22,True,passive,0.026369,1.8,0.026369,0.0,0.0,0.43,0.13,0.3,40.0,0.026369,0.189,0.98,
exp14_pd_v2,ballspeed7__kd150.0__kp1000__noplot__positionmode__servebox,"{""--ball-speed"": 7, ""--kd"": 150.0, ""--kp"": 1000, ""--no-plot"": null, ""--position-mode"": null, ""--serve-box"": null}",23,False,miss,0.28996,1.8,0.14093,35.0,105.0,0.56,0.13,0.5,0.0,0.28996,0.0,1.01,
exp14_pd_v2,ballspeed7__kd150.0__kp1000__noplot__positionmode__servebox,"{""--ball-speed"": 7, ""--kd"": 150.0, ""--kp"": 1000, ""--no-plot"": null, ""--position-mode"": null, ""--serve-box"": null}",29,True,passive,0.084903,1.8,0.075912,0.0,0.0,0.51,0.14,0.4,35.0,0.084903,0.266,0.91,
exp14_pd_v2,ballspeed7__kd150.0__kp1000__noplot__positionmode__servebox,"{""--ball-speed"": 7, ""--kd"": 150.0, ""--kp"": 1000, ""--no-plot"": null, ""--position-mode"": null, ""--serve-box"": null}",26,True,passive,0.026429,1.8,0.026429,0.0,0.0,0.44,0.13,0.4,35.0,0.026429,0.086,1.0,
exp14_pd_v2,ballspeed7__kd150.0__kp1000__noplot__positionmode__servebox,"{""--ball-speed"": 7, ""--kd"": 150.0, ""--kp"": 1000, ""--no-plot"": null, ""--position-mode"": null, ""--serve-box"": null}",15,False,miss,0.206186,1.8,0.161483,0.0,0.0,0.55,0.14,0.4,0.0,0.206186,0.0,1.73,
exp14_pd_v2,ballspeed7__kd150.0__kp1000__noplot__positionmode__servebox,"{""--ball-speed"": 7, ""--kd"": 150.0, ""--kp"": 1000, ""--no-plot"": null, ""--position-mode"": null, ""--serve-box"": null}",25,True,active,0.041841,1.8,0.041841,0.0,0.0,0.52,0.13,0.4,40.0,0.041841,0.383,1.2,
exp14_pd_v2,ballspeed7__kd150.0__kp1000__noplot__positionmode__servebox,"{""--ball-speed"": 7, ""--kd"": 150.0, ""--kp"": 1000, ""--no-plot"": null, ""--position-mode"": null, ""--serve-box"": null}",28,True,active,0.055545,1.8,0.055545,0.0,0.0,0.52,0.13,0.4,30.0,0.055545,0.479,1.13,
exp14_pd_v2,ballspeed7__kd150.0__kp1000__noplot__positionmode__servebox,"{""--ball-speed"": 7, ""--kd"": 150.0, ""--kp"": 1000, ""--no-plot"": null, ""--position-mode"": null, ""--serve-box"": null}",32,False,miss,0.100807,1.8,5.558131,0.0,0.0,0.42,0.13,0.3,0.0,0.100807,0.0,0.95,
exp14_pd_v2,ballspeed7__kd150.0__kp1000__noplot__positionmode__servebox,"{""--ball-speed"": 7, ""--kd"": 150.0, ""--kp"": 1000, ""--no-plot"": null, ""--position-mode"": null, ""--serve-box"": null}",33,True,passive,0.074186,1.8,0.069919,45.0,105.0,0.46,0.13,0.4,25.0,0.074186,0.208,0.93,
exp14_pd_v2,ballspeed7__kd150.0__kp1000__noplot__positionmode__servebox,"{""--ball-speed"": 7, ""--kd"": 150.0, ""--kp"": 1000, ""--no-plot"": null, ""--position-mode"": null, ""--serve-box"": null}",31,True,active,0.03818,1.8,0.03818,50.0,105.0,0.45,0.13,0.4,20.0,0.03818,0.303,1.15,
exp14_pd_v2,ballspeed7__kd150.0__kp1000__noplot__positionmode__servebox,"{""--ball-speed"": 7, ""--kd"": 150.0, ""--kp"": 1000, ""--no-plot"": null, ""--position-mode"": null, ""--serve-box"": null}",24,True,active,0.050517,1.8,0.050517,45.0,105.0,0.53,0.14,0.4,20.0,0.050517,0.405,1.74,
exp14_pd_v2,ballspeed7__kd150.0__kp1000__noplot__positionmode__servebox,"{""--ball-speed"": 7, ""--kd"": 150.0, ""--kp"": 1000, ""--no-plot"": null, ""--position-mode"": null, ""--serve-box"": null}",36,True,active,0.059608,1.8,0.053978,0.0,0.0,0.44,0.13,0.4,25.0,0.059608,0.323,1.0,
exp14_pd_v2,ballspeed7__kd150.0__kp1000__noplot__positionmode__servebox,"{""--ball-speed"": 7, ""--kd"": 150.0, ""--kp"": 1000, ""--no-plot"": null, ""--position-mode"": null, ""--serve-box"": null}",35,True,active,0.045537,1.8,0.045537,0.0,0.0,0.5,0.13,0.4,45.0,0.045537,0.449,1.28,
exp14_pd_v2,ballspeed7__kd150.0__kp1000__noplot__positionmode__servebox,"{""--ball-speed"": 7, ""--kd"": 150.0, ""--kp"": 1000, ""--no-plot"": null, ""--position-mode"": null, ""--serve-box"": null}",37,True,active,0.049748,1.8,0.049748,0.0,0.0,0.51,0.13,0.4,35.0,0.049748,0.493,1.1,
exp14_pd_v2,ballspeed7__kd150.0__kp1000__noplot__positionmode__servebox,"{""--ball-speed"": 7, ""--kd"": 150.0, ""--kp"": 1000, ""--no-plot"": null, ""--position-mode"": null, ""--serve-box"": null}",30,True,active,0.069299,1.8,0.065049,0.0,0.0,0.48,0.13,0.4,35.0,0.069299,0.416,1.74,
exp14_pd_v2,ballspeed7__kd150.0__kp1000__noplot__positionmode__servebox,"{""--ball-speed"": 7, ""--kd"": 150.0, ""--kp"": 1000, ""--no-plot"": null, ""--position-mode"": null, ""--serve-box"": null}",42,True,active,0.047171,1.8,0.047171,0.0,0.0,0.52,0.14,0.4,45.0,0.047171,0.439,0.88,
exp14_pd_v2,ballspeed7__kd150.0__kp1000__noplot__positionmode__servebox,"{""--ball-speed"": 7, ""--kd"": 150.0, ""--kp"": 1000, ""--no-plot"": null, ""--position-mode"": null, ""--serve-box"": null}",41,True,passive,0.037508,1.8,0.037508,50.0,105.0,0.51,0.13,0.4,20.0,0.037508,0.214,0.93,
exp14_pd_v2,ballspeed7__kd150.0__kp1000__noplot__positionmode__servebox,"{""--ball-speed"": 7, ""--kd"": 150.0, ""--kp"": 1000, ""--no-plot"": null, ""--position-mode"": null, ""--serve-box"": null}",34,True,passive,0.057046,1.8,0.057046,45.0,105.0,0.51,0.13,0.4,30.0,0.057046,0.212,1.55,
exp14_pd_v2,ballspeed7__kd150.0__kp1000__noplot__positionmode__servebox,"{""--ball-speed"": 7, ""--kd"": 150.0, ""--kp"": 1000, ""--no-plot"": null, ""--position-mode"": null, ""--serve-box"": null}",43,True,active,0.038432,1.8,0.038432,0.0,0.0,0.51,0.14,0.4,35.0,0.038432,0.393,0.88,
exp14_pd_v2,ballspeed7__kd150.0__kp1000__noplot__positionmode__servebox,"{""--ball-speed"": 7, ""--kd"": 150.0, ""--kp"": 1000, ""--no-plot"": null, ""--position-mode"": null, ""--serve-box"": null}",40,True,active,0.121237,1.8,0.100637,45.0,105.0,0.46,0.13,0.4,20.0,0.121237,0.431,1.07,
exp14_pd_v2,ballspeed7__kd150.0__kp1000__noplot__positionmode__servebox,"{""--ball-speed"": 7, ""--kd"": 150.0, ""--kp"": 1000, ""--no-plot"": null, ""--position-mode"": null, ""--serve-box"": null}",47,True,passive,0.066913,1.8,0.055047,50.0,105.0,0.5,0.13,0.4,25.0,0.066913,0.103,0.81,
exp14_pd_v2,ballspeed7__kd150.0__kp1000__noplot__positionmode__servebox,"{""--ball-speed"": 7, ""--kd"": 150.0, ""--kp"": 1000, ""--no-plot"": null, ""--position-mode"": null, ""--serve-box"": null}",38,True,active,0.072084,1.8,0.061719,0.0,0.0,0.53,0.13,0.5,30.0,0.072084,0.465,1.44,
exp14_pd_v2,ballspeed7__kd150.0__kp1000__noplot__positionmode__servebox,"{""--ball-speed"": 7, ""--kd"": 150.0, ""--kp"": 1000, ""--no-plot"": null, ""--position-mode"": null, ""--serve-box"": null}",39,True,active,0.088713,1.8,0.078369,0.0,0.0,0.51,0.13,0.4,45.0,0.088713,0.408,1.42,
exp14_pd_v2,ballspeed7__kd150.0__kp1000__noplot__positionmode__servebox,"{""--ball-speed"": 7, ""--kd"": 150.0, ""--kp"": 1000, ""--no-plot"": null, ""--position-mode"": null, ""--serve-box"": null}",46,True,active,0.077414,1.8,0.06494,0.0,0.0,0.45,0.13,0.4,25.0,0.077414,0.455,0.97,
exp14_pd_v2,ballspeed7__kd150.0__kp1000__noplot__positionmode__servebox,"{""--ball-speed"": 7, ""--kd"": 150.0, ""--kp"": 1000, ""--no-plot"": null, ""--position-mode"": null, ""--serve-box"": null}",45,True,passive,0.058816,1.8,0.051102,50.0,105.0,0.53,0.13,0.5,25.0,0.058816,0.24,0.98,
exp14_pd_v2,ballspeed7__kd150.0__kp1000__noplot__positionmode__servebox,"{""--ball-speed"": 7, ""--kd"": 150.0, ""--kp"": 1000, ""--no-plot"": null, ""--position-mode"": null, ""--serve-box"": null}",44,True,passive,0.028646,1.8,0.028646,0.0,0.0,0.51,0.13,0.4,40.0,0.028646,0.191,1.17,
exp14_pd_v2,ballspeed7__kd150.0__kp1000__noplot__positionmode__servebox,"{""--ball-speed"": 7, ""--kd"": 150.0, ""--kp"": 1000, ""--no-plot"": null, ""--position-mode"": null, ""--serve-box"": null}",48,True,active,0.030578,1.8,0.030578,50.0,105.0,0.52,0.13,0.4,25.0,0.030578,0.422,0.83,
exp14_pd_v2,ballspeed7__kd150.0__kp1000__noplot__positionmode__servebox,"{""--ball-speed"": 7, ""--kd"": 150.0, ""--kp"": 1000, ""--no-plot"": null, ""--position-mode"": null, ""--serve-box"": null}",49,True,passive,0.041275,1.8,0.041275,50.0,105.0,0.44,0.13,0.4,20.0,0.041275,0.201,0.72,
