experiment,config_id,config_json,seed,hit,hit_type,pos_error,vel_error,min_dist,ball_near_ms,tube_ready_ms,max_tcp,max_qdot,max_face,hit_time_error_ms,hit_pos_error,v_racket_at_hit,wall_time,first_plan_ms,ball_out_speed,ball_out_vy,error
exp25_select_one,ablationselect_one__ballspeed7__noplot__servebox,"{""--ablation"": ""select_one"", ""--ball-speed"": 7, ""--no-plot"": null, ""--serve-box"": null}",8,False,miss,0.292567,1.923551,0.158023,25.0,10.0,1.45,0.99,1.7,0.0,0.292567,0.0,1.59,1086.9,-1.0,-99.0,
exp25_select_one,ablationselect_one__ballspeed7__noplot__servebox,"{""--ablation"": ""select_one"", ""--ball-speed"": 7, ""--no-plot"": null, ""--serve-box"": null}",2,True,active,0.074641,1.915479,0.074641,50.0,105.0,1.51,0.99,1.2,0.0,0.074641,0.514,1.75,1051.7,4.933,-3.878,
exp25_select_one,ablationselect_one__ballspeed7__noplot__servebox,"{""--ablation"": ""select_one"", ""--ball-speed"": 7, ""--no-plot"": null, ""--serve-box"": null}",4,True,active,0.128165,1.941534,0.121129,40.0,105.0,1.66,1.0,1.5,15.0,0.128165,1.529,1.77,1076.8,6.19,-3.604,
exp25_select_one,ablationselect_one__ballspeed7__noplot__servebox,"{""--ablation"": ""select_one"", ""--ball-speed"": 7, ""--no-plot"": null, ""--serve-box"": null}",5,True,active,0.066178,1.991819,0.032917,10.0,45.0,1.78,1.0,1.5,20.0,0.066178,1.589,1.83,1043.7,5.876,-0.641,
exp25_select_one,ablationselect_one__ballspeed7__noplot__servebox,"{""--ablation"": ""select_one"", ""--ball-speed"": 7, ""--no-plot"": null, ""--serve-box"": null}",11,True,active,0.108281,1.890816,0.018071,15.0,30.0,1.41,1.0,1.4,10.0,0.108281,1.415,1.87,1103.4,5.386,1.877,
exp25_select_one,ablationselect_one__ballspeed7__noplot__servebox,"{""--ablation"": ""select_one"", ""--ball-speed"": 7, ""--no-plot"": null, ""--serve-box"": null}",1,False,miss,0.192831,1.835744,0.10162,0.0,0.0,1.79,1.0,1.4,0.0,0.192831,0.0,1.95,1059.1,-1.0,-99.0,
exp25_select_one,ablationselect_one__ballspeed7__noplot__servebox,"{""--ablation"": ""select_one"", ""--ball-speed"": 7, ""--no-plot"": null, ""--serve-box"": null}",12,True,active,0.035926,2.059254,0.035926,0.0,0.0,1.8,1.0,2.1,25.0,0.035926,1.684,2.0,1066.4,6.836,-0.041,
exp25_select_one,ablationselect_one__ballspeed7__noplot__servebox,"{""--ablation"": ""select_one"", ""--ball-speed"": 7, ""--no-plot"": null, ""--serve-box"": null}",21,,,,,,,,,,,,,,0.22,,,,no_result
exp25_select_one,ablationselect_one__ballspeed7__noplot__servebox,"{""--ablation"": ""select_one"", ""--ball-speed"": 7, ""--no-plot"": null, ""--serve-box"": null}",20,,,,,,,,,,,,,,0.25,,,,no_result
exp25_select_one,ablationselect_one__ballspeed7__noplot__servebox,"{""--ablation"": ""select_one"", ""--ball-speed"": 7, ""--no-plot"": null, ""--serve-box"": null}",7,True,active,0.072389,1.944104,0.032973,0.0,0.0,1.75,0.99,1.4,25.0,0.072389,1.45,2.48,1653.0,5.672,1.579,
exp25_select_one,ablationselect_one__ballspeed7__noplot__servebox,"{""--ablation"": ""select_one"", ""--ball-speed"": 7, ""--no-plot"": null, ""--serve-box"": null}",16,False,miss,0.26809,1.945294,0.115103,0.0,0.0,1.41,1.0,1.3,0.0,0.26809,0.0,2.64,1754.0,-1.0,-99.0,
exp25_select_one,ablationselect_one__ballspeed7__noplot__servebox,"{""--ablation"": ""select_one"", ""--ball-speed"": 7, ""--no-plot"": null, ""--serve-box"": null}",3,False,miss,0.315133,1.925673,0.110853,40.0,75.0,1.78,0.99,1.7,0.0,0.315133,0.0,2.78,1963.1,-1.0,-99.0,
exp25_select_one,ablationselect_one__ballspeed7__noplot__servebox,"{""--ablation"": ""select_one"", ""--ball-speed"": 7, ""--no-plot"": null, ""--serve-box"": null}",27,,,,,,,,,,,,,,0.18,,,,no_result
exp25_select_one,ablationselect_one__ballspeed7__noplot__servebox,"{""--ablation"": ""select_one"", ""--ball-speed"": 7, ""--no-plot"": null, ""--serve-box"": null}",17,True,active,0.122744,1.940754,0.075763,60.0,105.0,1.61,0.99,1.5,10.0,0.122744,0.841,1.63,1149.8,6.072,-2.359,
exp25_select_one,ablationselect_one__ballspeed7__noplot__servebox,"{""--ablation"": ""select_one"", ""--ball-speed"": 7, ""--no-plot"": null, ""--serve-box"": null}",9,True,active,0.112248,1.935123,0.097625,50.0,105.0,1.45,0.99,1.7,15.0,0.112248,0.852,3.61,2387.4,5.401,-1.072,
exp25_select_one,ablationselect_one__ballspeed7__noplot__servebox,"{""--ablation"": ""select_one"", ""--ball-speed"": 7, ""--no-plot"": null, ""--serve-box"": null}",22,False,miss,0.566423,1.980185,0.192311,0.0,0.0,1.81,1.0,1.8,0.0,0.566423,0.0,1.7,1098.4,-1.0,-99.0,
exp25_select_one,ablationselect_one__ballspeed7__noplot__servebox,"{""--ablation"": ""select_one"", ""--ball-speed"": 7, ""--no-plot"": null, ""--serve-box"": null}",15,True,active,0.059874,1.981116,0.059874,40.0,105.0,1.79,0.98,1.5,10.0,0.059874,1.374,3.67,2456.9,6.518,-4.101,
exp25_select_one,ablationselect_one__ballspeed7__noplot__servebox,"{""--ablation"": ""select_one"", ""--ball-speed"": 7, ""--no-plot"": null, ""--serve-box"": null}",13,True,active,0.093657,1.993868,0.032217,0.0,0.0,1.8,1.0,2.1,25.0,0.093657,1.589,3.74,2457.4,6.91,0.447,
exp25_select_one,ablationselect_one__ballspeed7__noplot__servebox,"{""--ablation"": ""select_one"", ""--ball-speed"": 7, ""--no-plot"": null, ""--serve-box"": null}",14,True,active,0.04449,1.905202,0.04449,55.0,105.0,1.79,1.0,2.1,10.0,0.04449,0.711,3.79,2332.1,4.726,-4.356,
exp25_select_one,ablationselect_one__ballspeed7__noplot__servebox,"{""--ablation"": ""select_one"", ""--ball-speed"": 7, ""--no-plot"": null, ""--serve-box"": null}",25,True,active,0.078446,1.955618,0.066064,45.0,105.0,1.8,0.99,1.6,20.0,0.078446,1.755,1.71,1069.0,5.693,-1.691,
exp25_select_one,ablationselect_one__ballspeed7__noplot__servebox,"{""--ablation"": ""select_one"", ""--ball-speed"": 7, ""--no-plot"": null, ""--serve-box"": null}",6,False,miss,0.2715,1.937234,0.139759,35.0,105.0,1.38,0.95,1.1,0.0,0.2715,0.0,3.84,2442.7,-1.0,-99.0,
exp25_select_one,ablationselect_one__ballspeed7__noplot__servebox,"{""--ablation"": ""select_one"", ""--ball-speed"": 7, ""--no-plot"": null, ""--serve-box"": null}",24,False,miss,0.359205,1.948468,0.12254,0.0,0.0,1.79,0.98,2.2,0.0,0.359205,0.0,1.76,1191.7,-1.0,-99.0,
exp25_select_one,ablationselect_one__ballspeed7__noplot__servebox,"{""--ablation"": ""select_one"", ""--ball-speed"": 7, ""--no-plot"": null, ""--serve-box"": null}",19,True,active,0.060468,1.96536,0.060468,0.0,0.0,1.37,0.98,1.3,20.0,0.060468,1.318,2.15,1540.9,5.629,2.866,
exp25_select_one,ablationselect_one__ballspeed7__noplot__servebox,"{""--ablation"": ""select_one"", ""--ball-speed"": 7, ""--no-plot"": null, ""--serve-box"": null}",10,True,active,0.074212,1.995887,0.054444,50.0,105.0,1.67,0.99,1.7,15.0,0.074212,1.495,4.04,2442.2,5.97,-0.169,
exp25_select_one,ablationselect_one__ballspeed7__noplot__servebox,"{""--ablation"": ""select_one"", ""--ball-speed"": 7, ""--no-plot"": null, ""--serve-box"": null}",18,True,passive,0.070463,1.939845,0.066213,55.0,105.0,1.68,0.99,1.8,5.0,0.070463,0.268,2.39,1675.9,5.581,-4.718,
exp25_select_one,ablationselect_one__ballspeed7__noplot__servebox,"{""--ablation"": ""select_one"", ""--ball-speed"": 7, ""--no-plot"": null, ""--serve-box"": null}",26,True,active,0.109647,1.856638,0.025151,20.0,35.0,1.78,1.0,1.3,15.0,0.109647,1.735,1.98,1196.5,5.274,2.697,
exp25_select_one,ablationselect_one__ballspeed7__noplot__servebox,"{""--ablation"": ""select_one"", ""--ball-speed"": 7, ""--no-plot"": null, ""--serve-box"": null}",29,False,miss,0.271014,1.923766,0.150427,0.0,0.0,1.58,0.98,1.3,0.0,0.271014,0.0,2.05,1403.7,-1.0,-99.0,
exp25_select_one,ablationselect_one__ballspeed7__noplot__servebox,"{""--ablation"": ""select_one"", ""--ball-speed"": 7, ""--no-plot"": null, ""--serve-box"": null}",23,True,active,0.116166,1.98018,0.10612,45.0,105.0,1.8,1.0,1.9,25.0,0.116166,1.341,3.09,1869.5,6.228,-0.822,
exp25_select_one,ablationselect_one__ballspeed7__noplot__servebox,"{""--ablation"": ""select_one"", ""--ball-speed"": 7, ""--no-plot"": null, ""--serve-box"": null}",31,False,miss,0.322196,1.931486,0.14509,30.0,60.0,1.51,1.0,1.4,0.0,0.322196,0.0,1.89,1190.3,-1.0,-99.0,
exp25_select_one,ablationselect_one__ballspeed7__noplot__servebox,"{""--ablation"": ""select_one"", ""--ball-speed"": 7, ""--no-plot"": null, ""--serve-box"": null}",39,False,miss,0.43079,2.026904,0.125282,0.0,0.0,1.8,0.99,1.5,0.0,0.43079,0.0,1.71,1111.8,-1.0,-99.0,
exp25_select_one,ablationselect_one__ballspeed7__noplot__servebox,"{""--ablation"": ""select_one"", ""--ball-speed"": 7, ""--no-plot"": null, ""--serve-box"": null}",36,True,active,0.121047,1.965895,0.107839,45.0,105.0,1.8,1.0,1.7,5.0,0.121047,1.208,1.84,1141.8,6.228,-1.59,
exp25_select_one,ablationselect_one__ballspeed7__noplot__servebox,"{""--ablation"": ""select_one"", ""--ball-speed"": 7, ""--no-plot"": null, ""--serve-box"": null}",40,True,active,0.073396,1.999405,0.05126,55.0,105.0,1.78,0.9,1.5,20.0,0.073396,0.731,2.11,1513.2,6.464,-1.8,
exp25_select_one,ablationselect_one__ballspeed7__noplot__servebox,"{""--ablation"": ""select_one"", ""--ball-speed"": 7, ""--no-plot"": null, ""--serve-box"": null}",28,True,active,0.043588,1.954847,0.043588,45.0,105.0,1.76,0.99,1.4,10.0,0.043588,1.639,3.38,2320.9,6.512,-4.618,
exp25_select_one,ablationselect_one__ballspeed7__noplot__servebox,"{""--ablation"": ""select_one"", ""--ball-speed"": 7, ""--no-plot"": null, ""--serve-box"": null}",34,True,active,0.054157,1.97646,0.054157,45.0,105.0,1.74,0.97,1.6,20.0,0.054157,1.739,2.47,1287.1,5.993,-2.123,
exp25_select_one,ablationselect_one__ballspeed7__noplot__servebox,"{""--ablation"": ""select_one"", ""--ball-speed"": 7, ""--no-plot"": null, ""--serve-box"": null}",42,False,miss,0.364454,1.967313,0.144435,0.0,0.0,1.39,0.99,2.0,0.0,0.364454,0.0,1.98,1280.1,-1.0,-99.0,
exp25_select_one,ablationselect_one__ballspeed7__noplot__servebox,"{""--ablation"": ""select_one"", ""--ball-speed"": 7, ""--no-plot"": null, ""--serve-box"": null}",33,False,miss,0.305768,1.952887,0.145942,30.0,65.0,1.6,1.0,1.5,0.0,0.305768,0.0,2.8,1562.1,-1.0,-99.0,
exp25_select_one,ablationselect_one__ballspeed7__noplot__servebox,"{""--ablation"": ""select_one"", ""--ball-speed"": 7, ""--no-plot"": null, ""--serve-box"": null}",43,False,miss,0.334973,1.928302,0.107284,35.0,95.0,1.75,1.0,1.5,0.0,0.334973,0.0,1.84,1125.2,-1.0,-99.0,
exp25_select_one,ablationselect_one__ballspeed7__noplot__servebox,"{""--ablation"": ""select_one"", ""--ball-speed"": 7, ""--no-plot"": null, ""--serve-box"": null}",30,True,active,0.089461,1.929553,0.087152,45.0,105.0,1.0,0.99,1.7,5.0,0.089461,0.647,3.51,2331.9,5.254,-2.287,
exp25_select_one,ablationselect_one__ballspeed7__noplot__servebox,"{""--ablation"": ""select_one"", ""--ball-speed"": 7, ""--no-plot"": null, ""--serve-box"": null}",38,False,miss,0.22336,1.890835,0.108916,0.0,45.0,1.36,1.0,1.3,0.0,0.22336,0.0,2.96,2009.9,-1.0,-99.0,
exp25_select_one,ablationselect_one__ballspeed7__noplot__servebox,"{""--ablation"": ""select_one"", ""--ball-speed"": 7, ""--no-plot"": null, ""--serve-box"": null}",35,False,miss,0.361255,1.918254,0.140257,0.0,35.0,1.76,1.0,1.6,0.0,0.361255,0.0,3.12,2320.0,-1.0,-99.0,
exp25_select_one,ablationselect_one__ballspeed7__noplot__servebox,"{""--ablation"": ""select_one"", ""--ball-speed"": 7, ""--no-plot"": null, ""--serve-box"": null}",32,True,active,0.104964,1.938472,0.10375,50.0,105.0,1.4,0.98,1.4,5.0,0.104964,1.088,3.35,2358.6,6.327,-3.276,
exp25_select_one,ablationselect_one__ballspeed7__noplot__servebox,"{""--ablation"": ""select_one"", ""--ball-speed"": 7, ""--no-plot"": null, ""--serve-box"": null}",41,True,active,0.10056,1.948481,0.091532,50.0,105.0,1.63,0.96,1.7,15.0,0.10056,1.63,3.16,1651.1,4.698,-1.16,
exp25_select_one,ablationselect_one__ballspeed7__noplot__servebox,"{""--ablation"": ""select_one"", ""--ball-speed"": 7, ""--no-plot"": null, ""--serve-box"": null}",46,True,active,0.092087,1.984099,0.065336,50.0,105.0,1.79,0.97,1.9,20.0,0.092087,1.795,1.74,1117.9,5.575,-1.3,
exp25_select_one,ablationselect_one__ballspeed7__noplot__servebox,"{""--ablation"": ""select_one"", ""--ball-speed"": 7, ""--no-plot"": null, ""--serve-box"": null}",44,False,miss,0.317507,1.948921,0.100207,0.0,0.0,1.78,1.0,1.5,0.0,0.317507,0.0,2.47,1687.9,-1.0,-99.0,
exp25_select_one,ablationselect_one__ballspeed7__noplot__servebox,"{""--ablation"": ""select_one"", ""--ball-speed"": 7, ""--no-plot"": null, ""--serve-box"": null}",47,True,active,0.018476,1.949679,0.018476,50.0,105.0,1.78,0.94,1.7,15.0,0.018476,1.267,2.15,1384.3,5.982,-2.375,
exp25_select_one,ablationselect_one__ballspeed7__noplot__servebox,"{""--ablation"": ""select_one"", ""--ball-speed"": 7, ""--no-plot"": null, ""--serve-box"": null}",37,True,active,0.086189,1.919143,0.051263,55.0,90.0,1.67,1.0,1.7,20.0,0.086189,0.988,4.1,2438.7,5.147,0.288,
exp25_select_one,ablationselect_one__ballspeed7__noplot__servebox,"{""--ablation"": ""select_one"", ""--ball-speed"": 7, ""--no-plot"": null, ""--serve-box"": null}",49,False,miss,0.29516,1.919535,0.153501,25.0,30.0,1.38,1.0,1.3,0.0,0.29516,0.0,1.83,1203.2,-1.0,-99.0,
exp25_select_one,ablationselect_one__ballspeed7__noplot__servebox,"{""--ablation"": ""select_one"", ""--ball-speed"": 7, ""--no-plot"": null, ""--serve-box"": null}",51,True,active,0.11906,1.954022,0.090004,40.0,75.0,1.8,1.0,1.6,20.0,0.11906,1.637,1.72,1215.2,6.364,-0.49,
exp25_select_one,ablationselect_one__ballspeed7__noplot__servebox,"{""--ablation"": ""select_one"", ""--ball-speed"": 7, ""--no-plot"": null, ""--serve-box"": null}",50,False,miss,0.222375,1.819602,0.110851,45.0,85.0,1.79,1.0,1.6,0.0,0.222375,0.0,2.03,1180.0,-1.0,-99.0,
exp25_select_one,ablationselect_one__ballspeed7__noplot__servebox,"{""--ablation"": ""select_one"", ""--ball-speed"": 7, ""--no-plot"": null, ""--serve-box"": null}",56,False,miss,0.384933,1.938639,0.151878,25.0,30.0,1.8,1.0,2.0,0.0,0.384933,0.0,1.71,1117.7,-1.0,-99.0,
exp25_select_one,ablationselect_one__ballspeed7__noplot__servebox,"{""--ablation"": ""select_one"", ""--ball-speed"": 7, ""--no-plot"": null, ""--serve-box"": null}",45,True,active,0.063701,1.9975,0.063701,45.0,105.0,1.77,0.98,1.5,15.0,0.063701,1.575,3.19,1839.5,6.527,-4.095,
exp25_select_one,ablationselect_one__ballspeed7__noplot__servebox,"{""--ablation"": ""select_one"", ""--ball-speed"": 7, ""--no-plot"": null, ""--serve-box"": null}",55,True,active,0.080437,1.986231,0.054644,65.0,105.0,1.39,1.0,1.3,10.0,0.080437,0.667,2.0,1270.9,5.101,-0.335,
exp25_select_one,ablationselect_one__ballspeed7__noplot__servebox,"{""--ablation"": ""select_one"", ""--ball-speed"": 7, ""--no-plot"": null, ""--serve-box"": null}",54,False,miss,0.300219,1.978198,0.102982,0.0,0.0,1.51,1.0,1.6,0.0,0.300219,0.0,2.12,1400.4,-1.0,-99.0,
exp25_select_one,ablationselect_one__ballspeed7__noplot__servebox,"{""--ablation"": ""select_one"", ""--ball-speed"": 7, ""--no-plot"": null, ""--serve-box"": null}",53,False,miss,0.271499,1.806204,0.224858,0.0,0.0,1.78,0.99,1.2,0.0,0.271499,0.0,2.47,1695.7,-1.0,-99.0,
exp25_select_one,ablationselect_one__ballspeed7__noplot__servebox,"{""--ablation"": ""select_one"", ""--ball-speed"": 7, ""--no-plot"": null, ""--serve-box"": null}",58,False,miss,0.310956,2.000485,0.102082,0.0,0.0,1.79,0.98,1.7,0.0,0.310956,0.0,2.28,1568.8,-1.0,-99.0,
exp25_select_one,ablationselect_one__ballspeed7__noplot__servebox,"{""--ablation"": ""select_one"", ""--ball-speed"": 7, ""--no-plot"": null, ""--serve-box"": null}",60,False,miss,0.366563,1.928272,0.194319,0.0,0.0,1.51,1.0,1.8,0.0,0.366563,0.0,2.04,1311.6,-1.0,-99.0,
exp25_select_one,ablationselect_one__ballspeed7__noplot__servebox,"{""--ablation"": ""select_one"", ""--ball-speed"": 7, ""--no-plot"": null, ""--serve-box"": null}",52,True,active,0.114764,1.907045,0.112584,0.0,0.0,1.25,1.0,1.5,30.0,0.114764,0.734,3.14,2258.3,6.232,3.163,
exp25_select_one,ablationselect_one__ballspeed7__noplot__servebox,"{""--ablation"": ""select_one"", ""--ball-speed"": 7, ""--no-plot"": null, ""--serve-box"": null}",61,True,active,0.089209,1.966878,0.073462,40.0,105.0,1.8,0.97,1.7,25.0,0.089209,1.543,1.84,1118.8,5.933,-0.976,
exp25_select_one,ablationselect_one__ballspeed7__noplot__servebox,"{""--ablation"": ""select_one"", ""--ball-speed"": 7, ""--no-plot"": null, ""--serve-box"": null}",62,True,active,0.120043,1.941547,0.085483,60.0,95.0,1.5,0.99,1.4,10.0,0.120043,1.5,1.81,1116.0,4.873,-1.487,
exp25_select_one,ablationselect_one__ballspeed7__noplot__servebox,"{""--ablation"": ""select_one"", ""--ball-speed"": 7, ""--no-plot"": null, ""--serve-box"": null}",48,True,active,0.07642,1.900871,0.07642,45.0,105.0,1.3,0.99,1.5,10.0,0.07642,0.524,3.7,2299.6,5.481,-3.93,
exp25_select_one,ablationselect_one__ballspeed7__noplot__servebox,"{""--ablation"": ""select_one"", ""--ball-speed"": 7, ""--no-plot"": null, ""--serve-box"": null}",63,True,active,0.087693,1.923553,0.03491,0.0,0.0,1.22,1.0,1.3,15.0,0.087693,0.779,2.38,1516.5,6.394,3.654,
exp25_select_one,ablationselect_one__ballspeed7__noplot__servebox,"{""--ablation"": ""select_one"", ""--ball-speed"": 7, ""--no-plot"": null, ""--serve-box"": null}",57,False,miss,0.25647,1.919477,0.126336,45.0,105.0,1.06,0.99,1.3,0.0,0.25647,0.0,3.46,2341.3,-1.0,-99.0,
exp25_select_one,ablationselect_one__ballspeed7__noplot__servebox,"{""--ablation"": ""select_one"", ""--ball-speed"": 7, ""--no-plot"": null, ""--serve-box"": null}",67,False,miss,0.321056,1.940524,0.130431,0.0,0.0,1.5,1.0,1.5,0.0,0.321056,0.0,1.92,1196.5,-1.0,-99.0,
exp25_select_one,ablationselect_one__ballspeed7__noplot__servebox,"{""--ablation"": ""select_one"", ""--ball-speed"": 7, ""--no-plot"": null, ""--serve-box"": null}",68,False,miss,0.341642,1.931387,0.113296,0.0,0.0,1.38,1.0,1.4,0.0,0.341642,0.0,1.95,1249.8,-1.0,-99.0,
exp25_select_one,ablationselect_one__ballspeed7__noplot__servebox,"{""--ablation"": ""select_one"", ""--ball-speed"": 7, ""--no-plot"": null, ""--serve-box"": null}",59,True,active,0.095751,1.987434,0.018084,0.0,0.0,1.41,0.99,1.2,20.0,0.095751,1.414,3.41,2147.1,6.128,1.121,
exp25_select_one,ablationselect_one__ballspeed7__noplot__servebox,"{""--ablation"": ""select_one"", ""--ball-speed"": 7, ""--no-plot"": null, ""--serve-box"": null}",66,True,active,0.079927,1.99151,0.073161,45.0,105.0,1.79,0.97,2.1,20.0,0.079927,1.749,2.38,1727.9,6.002,-1.123,
exp25_select_one,ablationselect_one__ballspeed7__noplot__servebox,"{""--ablation"": ""select_one"", ""--ball-speed"": 7, ""--no-plot"": null, ""--serve-box"": null}",70,True,active,0.101675,1.936861,0.096919,45.0,105.0,1.48,0.99,1.5,15.0,0.101675,1.007,2.15,1303.8,5.808,-4.09,
exp25_select_one,ablationselect_one__ballspeed7__noplot__servebox,"{""--ablation"": ""select_one"", ""--ball-speed"": 7, ""--no-plot"": null, ""--serve-box"": null}",71,False,miss,0.34624,1.971928,0.123313,0.0,0.0,1.79,1.0,1.5,0.0,0.34624,0.0,1.81,1189.8,-1.0,-99.0,
exp25_select_one,ablationselect_one__ballspeed7__noplot__servebox,"{""--ablation"": ""select_one"", ""--ball-speed"": 7, ""--no-plot"": null, ""--serve-box"": null}",72,True,active,0.05577,1.957804,0.054612,55.0,105.0,1.6,1.0,1.3,0.0,0.05577,0.832,2.04,1373.2,5.296,-0.907,
exp25_select_one,ablationselect_one__ballspeed7__noplot__servebox,"{""--ablation"": ""select_one"", ""--ball-speed"": 7, ""--no-plot"": null, ""--serve-box"": null}",65,True,active,0.109978,1.969705,0.10969,45.0,105.0,1.28,0.99,1.3,10.0,0.109978,0.855,3.62,2292.1,5.223,-3.092,
exp25_select_one,ablationselect_one__ballspeed7__noplot__servebox,"{""--ablation"": ""select_one"", ""--ball-speed"": 7, ""--no-plot"": null, ""--serve-box"": null}",69,False,miss,0.357951,1.93345,0.152019,25.0,0.0,1.76,1.0,1.8,0.0,0.357951,0.0,3.01,1526.4,-1.0,-99.0,
exp25_select_one,ablationselect_one__ballspeed7__noplot__servebox,"{""--ablation"": ""select_one"", ""--ball-speed"": 7, ""--no-plot"": null, ""--serve-box"": null}",64,True,active,0.1283,1.941936,0.101149,45.0,105.0,1.8,0.99,1.6,20.0,0.1283,1.546,3.9,2369.6,6.774,-1.57,
exp25_select_one,ablationselect_one__ballspeed7__noplot__servebox,"{""--ablation"": ""select_one"", ""--ball-speed"": 7, ""--no-plot"": null, ""--serve-box"": null}",76,False,miss,0.259008,1.88139,0.186336,0.0,0.0,1.79,0.97,1.6,0.0,0.259008,0.0,2.23,1506.7,-1.0,-99.0,
exp25_select_one,ablationselect_one__ballspeed7__noplot__servebox,"{""--ablation"": ""select_one"", ""--ball-speed"": 7, ""--no-plot"": null, ""--serve-box"": null}",77,False,miss,0.27344,1.993521,0.109983,10.0,45.0,1.74,0.99,1.6,0.0,0.27344,0.0,1.9,1181.2,-1.0,-99.0,
exp25_select_one,ablationselect_one__ballspeed7__noplot__servebox,"{""--ablation"": ""select_one"", ""--ball-speed"": 7, ""--no-plot"": null, ""--serve-box"": null}",75,True,active,0.099645,1.958585,0.093529,45.0,105.0,1.79,0.99,1.8,25.0,0.099645,1.628,2.67,1500.2,6.311,-1.003,
exp25_select_one,ablationselect_one__ballspeed7__noplot__servebox,"{""--ablation"": ""select_one"", ""--ball-speed"": 7, ""--no-plot"": null, ""--serve-box"": null}",78,False,miss,0.192707,1.844133,0.114686,0.0,0.0,1.31,1.0,1.3,0.0,0.192707,0.0,2.12,1324.5,-1.0,-99.0,
exp25_select_one,ablationselect_one__ballspeed7__noplot__servebox,"{""--ablation"": ""select_one"", ""--ball-speed"": 7, ""--no-plot"": null, ""--serve-box"": null}",81,True,active,0.119202,1.938341,0.091279,55.0,105.0,1.24,1.0,1.3,10.0,0.119202,0.615,1.87,1134.5,6.02,-2.337,
exp25_select_one,ablationselect_one__ballspeed7__noplot__servebox,"{""--ablation"": ""select_one"", ""--ball-speed"": 7, ""--no-plot"": null, ""--serve-box"": null}",80,True,active,0.133242,1.962348,0.102419,55.0,105.0,1.52,1.0,1.7,5.0,0.133242,1.518,2.05,1415.7,5.715,-2.956,
exp25_select_one,ablationselect_one__ballspeed7__noplot__servebox,"{""--ablation"": ""select_one"", ""--ball-speed"": 7, ""--no-plot"": null, ""--serve-box"": null}",79,True,active,0.080909,2.005219,0.032041,0.0,0.0,1.8,0.99,1.8,25.0,0.080909,1.759,2.36,1105.2,6.146,2.344,
exp25_select_one,ablationselect_one__ballspeed7__noplot__servebox,"{""--ablation"": ""select_one"", ""--ball-speed"": 7, ""--no-plot"": null, ""--serve-box"": null}",82,True,active,0.112971,1.908691,0.055085,20.0,65.0,1.24,1.0,1.2,0.0,0.112971,0.443,2.11,1308.3,5.771,1.209,
exp25_select_one,ablationselect_one__ballspeed7__noplot__servebox,"{""--ablation"": ""select_one"", ""--ball-speed"": 7, ""--no-plot"": null, ""--serve-box"": null}",83,False,miss,0.304578,1.965787,0.168063,20.0,0.0,0.96,1.0,0.9,0.0,0.304578,0.0,1.8,1131.1,-1.0,-99.0,
exp25_select_one,ablationselect_one__ballspeed7__noplot__servebox,"{""--ablation"": ""select_one"", ""--ball-speed"": 7, ""--no-plot"": null, ""--serve-box"": null}",73,False,miss,0.37413,1.957629,0.133915,0.0,0.0,1.73,1.0,1.3,0.0,0.37413,0.0,3.63,1971.0,-1.0,-99.0,
exp25_select_one,ablationselect_one__ballspeed7__noplot__servebox,"{""--ablation"": ""select_one"", ""--ball-speed"": 7, ""--no-plot"": null, ""--serve-box"": null}",74,False,miss,0.378588,1.953974,0.171305,0.0,0.0,1.79,0.99,2.2,0.0,0.378588,0.0,3.84,2367.9,-1.0,-99.0,
exp25_select_one,ablationselect_one__ballspeed7__noplot__servebox,"{""--ablation"": ""select_one"", ""--ball-speed"": 7, ""--no-plot"": null, ""--serve-box"": null}",84,False,miss,0.21538,1.830584,0.112024,0.0,0.0,1.8,1.0,1.3,0.0,0.21538,0.0,2.16,1414.3,-1.0,-99.0,
exp25_select_one,ablationselect_one__ballspeed7__noplot__servebox,"{""--ablation"": ""select_one"", ""--ball-speed"": 7, ""--no-plot"": null, ""--serve-box"": null}",86,False,miss,0.254796,1.910006,0.152532,0.0,0.0,1.52,0.99,1.4,0.0,0.254796,0.0,1.91,1245.0,-1.0,-99.0,
exp25_select_one,ablationselect_one__ballspeed7__noplot__servebox,"{""--ablation"": ""select_one"", ""--ball-speed"": 7, ""--no-plot"": null, ""--serve-box"": null}",89,True,active,0.113294,1.941581,0.083616,50.0,105.0,1.2,1.0,1.1,10.0,0.113294,0.968,1.81,1217.3,5.316,0.766,
exp25_select_one,ablationselect_one__ballspeed7__noplot__servebox,"{""--ablation"": ""select_one"", ""--ball-speed"": 7, ""--no-plot"": null, ""--serve-box"": null}",90,False,miss,0.337239,1.933068,0.151551,30.0,40.0,1.18,1.0,1.5,0.0,0.337239,0.0,1.88,1199.8,-1.0,-99.0,
exp25_select_one,ablationselect_one__ballspeed7__noplot__servebox,"{""--ablation"": ""select_one"", ""--ball-speed"": 7, ""--no-plot"": null, ""--serve-box"": null}",85,True,active,0.086671,1.980791,0.05018,0.0,0.0,1.78,0.99,1.7,25.0,0.086671,1.755,2.53,1905.4,6.023,2.249,
exp25_select_one,ablationselect_one__ballspeed7__noplot__servebox,"{""--ablation"": ""select_one"", ""--ball-speed"": 7, ""--no-plot"": null, ""--serve-box"": null}",92,False,miss,0.330319,1.923864,0.154482,30.0,0.0,1.44,0.99,1.7,0.0,0.330319,0.0,1.79,1121.9,-1.0,-99.0,
exp25_select_one,ablationselect_one__ballspeed7__noplot__servebox,"{""--ablation"": ""select_one"", ""--ball-speed"": 7, ""--no-plot"": null, ""--serve-box"": null}",95,True,active,0.088139,1.962289,0.088139,40.0,105.0,1.49,1.0,1.2,10.0,0.088139,1.127,1.86,1133.2,6.501,-4.396,
exp25_select_one,ablationselect_one__ballspeed7__noplot__servebox,"{""--ablation"": ""select_one"", ""--ball-speed"": 7, ""--no-plot"": null, ""--serve-box"": null}",88,False,miss,0.29593,1.947511,0.130907,40.0,90.0,1.41,1.0,1.8,0.0,0.29593,0.0,2.8,2043.7,-1.0,-99.0,
exp25_select_one,ablationselect_one__ballspeed7__noplot__servebox,"{""--ablation"": ""select_one"", ""--ball-speed"": 7, ""--no-plot"": null, ""--serve-box"": null}",99,True,active,0.047651,1.944056,0.047651,55.0,105.0,1.49,1.0,1.7,10.0,0.047651,0.792,1.85,1145.9,4.798,-4.405,
exp25_select_one,ablationselect_one__ballspeed7__noplot__servebox,"{""--ablation"": ""select_one"", ""--ball-speed"": 7, ""--no-plot"": null, ""--serve-box"": null}",100,True,active,0.122313,1.929139,0.088855,55.0,95.0,1.21,0.99,1.4,10.0,0.122313,0.443,1.86,1129.8,5.671,-3.135,
exp25_select_one,ablationselect_one__ballspeed7__noplot__servebox,"{""--ablation"": ""select_one"", ""--ball-speed"": 7, ""--no-plot"": null, ""--serve-box"": null}",101,True,active,0.048923,1.98587,0.044547,0.0,0.0,1.8,1.0,2.3,25.0,0.048923,1.712,1.72,1124.1,6.343,1.205,
exp25_select_one,ablationselect_one__ballspeed7__noplot__servebox,"{""--ablation"": ""select_one"", ""--ball-speed"": 7, ""--no-plot"": null, ""--serve-box"": null}",102,True,active,0.118291,1.997839,0.115099,40.0,105.0,1.79,0.98,2.0,25.0,0.118291,1.249,1.78,1207.4,5.797,-1.974,
exp25_select_one,ablationselect_one__ballspeed7__noplot__servebox,"{""--ablation"": ""select_one"", ""--ball-speed"": 7, ""--no-plot"": null, ""--serve-box"": null}",87,True,active,0.058398,1.940971,0.058398,40.0,80.0,1.8,1.0,2.1,15.0,0.058398,1.389,3.9,2327.7,6.866,-1.675,
exp25_select_one,ablationselect_one__ballspeed7__noplot__servebox,"{""--ablation"": ""select_one"", ""--ball-speed"": 7, ""--no-plot"": null, ""--serve-box"": null}",91,False,miss,0.313779,1.930755,0.165577,20.0,0.0,1.53,1.0,1.6,0.0,0.313779,0.0,3.37,2284.5,-1.0,-99.0,
exp25_select_one,ablationselect_one__ballspeed7__noplot__servebox,"{""--ablation"": ""select_one"", ""--ball-speed"": 7, ""--no-plot"": null, ""--serve-box"": null}",96,True,active,0.024372,1.955439,0.024372,50.0,105.0,1.71,1.0,1.3,10.0,0.024372,1.245,2.79,1616.1,5.211,-1.775,
exp25_select_one,ablationselect_one__ballspeed7__noplot__servebox,"{""--ablation"": ""select_one"", ""--ball-speed"": 7, ""--no-plot"": null, ""--serve-box"": null}",103,False,miss,0.350392,1.978677,0.154699,25.0,0.0,1.8,1.0,1.6,0.0,0.350392,0.0,1.79,1099.8,-1.0,-99.0,
exp25_select_one,ablationselect_one__ballspeed7__noplot__servebox,"{""--ablation"": ""select_one"", ""--ball-speed"": 7, ""--no-plot"": null, ""--serve-box"": null}",104,True,active,0.056733,1.967865,0.056733,45.0,105.0,1.78,0.99,1.6,15.0,0.056733,1.778,1.8,1126.1,7.554,-5.73,
exp25_select_one,ablationselect_one__ballspeed7__noplot__servebox,"{""--ablation"": ""select_one"", ""--ball-speed"": 7, ""--no-plot"": null, ""--serve-box"": null}",94,True,passive,0.086711,2.002329,0.074258,50.0,105.0,1.47,0.98,1.5,15.0,0.086711,0.104,3.26,2097.7,6.013,-0.993,
exp25_select_one,ablationselect_one__ballspeed7__noplot__servebox,"{""--ablation"": ""select_one"", ""--ball-speed"": 7, ""--no-plot"": null, ""--serve-box"": null}",93,True,active,0.101245,1.935762,0.097181,40.0,105.0,1.39,1.0,1.5,25.0,0.101245,0.683,3.51,2339.6,6.55,-0.832,
exp25_select_one,ablationselect_one__ballspeed7__noplot__servebox,"{""--ablation"": ""select_one"", ""--ball-speed"": 7, ""--no-plot"": null, ""--serve-box"": null}",106,True,active,0.080673,1.99616,0.02666,0.0,0.0,1.78,0.99,1.6,25.0,0.080673,1.435,1.78,1158.9,6.346,2.015,
exp25_select_one,ablationselect_one__ballspeed7__noplot__servebox,"{""--ablation"": ""select_one"", ""--ball-speed"": 7, ""--no-plot"": null, ""--serve-box"": null}",105,True,active,0.053017,1.973818,0.044449,45.0,105.0,1.51,0.97,1.5,20.0,0.053017,1.221,2.27,1471.8,5.527,-0.11,
exp25_select_one,ablationselect_one__ballspeed7__noplot__servebox,"{""--ablation"": ""select_one"", ""--ball-speed"": 7, ""--no-plot"": null, ""--serve-box"": null}",107,True,active,0.086093,1.947231,0.07757,45.0,105.0,1.77,0.99,1.4,20.0,0.086093,1.179,1.94,1324.9,5.539,-0.571,
exp25_select_one,ablationselect_one__ballspeed7__noplot__servebox,"{""--ablation"": ""select_one"", ""--ball-speed"": 7, ""--no-plot"": null, ""--serve-box"": null}",98,False,miss,0.312346,1.926751,0.071586,0.0,0.0,1.52,0.99,1.4,0.0,0.312346,0.0,3.62,2400.5,-1.0,-99.0,
exp25_select_one,ablationselect_one__ballspeed7__noplot__servebox,"{""--ablation"": ""select_one"", ""--ball-speed"": 7, ""--no-plot"": null, ""--serve-box"": null}",97,True,active,0.097643,1.94136,0.046831,0.0,0.0,1.57,1.0,1.4,5.0,0.097643,1.567,3.89,2427.4,5.415,2.176,
exp25_select_one,ablationselect_one__ballspeed7__noplot__servebox,"{""--ablation"": ""select_one"", ""--ball-speed"": 7, ""--no-plot"": null, ""--serve-box"": null}",108,True,active,0.101845,1.923887,0.070895,55.0,105.0,1.5,0.99,1.7,15.0,0.101845,1.008,1.79,1167.8,6.368,-1.864,
exp25_select_one,ablationselect_one__ballspeed7__noplot__servebox,"{""--ablation"": ""select_one"", ""--ball-speed"": 7, ""--no-plot"": null, ""--serve-box"": null}",109,True,active,0.094735,1.965551,0.094735,40.0,105.0,1.59,0.99,1.5,20.0,0.094735,1.018,1.84,1130.1,5.701,-1.399,
exp25_select_one,ablationselect_one__ballspeed7__noplot__servebox,"{""--ablation"": ""select_one"", ""--ball-speed"": 7, ""--no-plot"": null, ""--serve-box"": null}",114,False,miss,0.321444,1.977257,0.130328,0.0,0.0,1.09,0.99,1.3,0.0,0.321444,0.0,1.72,1098.9,-1.0,-99.0,
exp25_select_one,ablationselect_one__ballspeed7__noplot__servebox,"{""--ablation"": ""select_one"", ""--ball-speed"": 7, ""--no-plot"": null, ""--serve-box"": null}",115,False,miss,0.238668,1.854807,0.141818,0.0,5.0,1.79,0.99,1.3,0.0,0.238668,0.0,1.75,1093.3,-1.0,-99.0,
exp25_select_one,ablationselect_one__ballspeed7__noplot__servebox,"{""--ablation"": ""select_one"", ""--ball-speed"": 7, ""--no-plot"": null, ""--serve-box"": null}",118,True,active,0.085595,1.933104,0.081578,55.0,105.0,1.81,1.0,1.3,0.0,0.085595,0.4,1.84,1203.2,6.268,-5.063,
exp25_select_one,ablationselect_one__ballspeed7__noplot__servebox,"{""--ablation"": ""select_one"", ""--ball-speed"": 7, ""--no-plot"": null, ""--serve-box"": null}",117,True,active,0.075823,1.941309,0.069758,45.0,105.0,1.5,0.99,1.8,20.0,0.075823,0.746,2.09,1334.7,5.309,-0.991,
exp25_select_one,ablationselect_one__ballspeed7__noplot__servebox,"{""--ablation"": ""select_one"", ""--ball-speed"": 7, ""--no-plot"": null, ""--serve-box"": null}",121,True,active,0.126405,1.967125,0.11982,0.0,0.0,1.78,0.99,2.1,20.0,0.126405,1.669,1.66,1147.5,6.101,2.367,
exp25_select_one,ablationselect_one__ballspeed7__noplot__servebox,"{""--ablation"": ""select_one"", ""--ball-speed"": 7, ""--no-plot"": null, ""--serve-box"": null}",123,False,miss,0.311853,1.932806,0.08893,0.0,0.0,1.79,0.98,1.5,0.0,0.311853,0.0,1.68,1073.9,-1.0,-99.0,
exp25_select_one,ablationselect_one__ballspeed7__noplot__servebox,"{""--ablation"": ""select_one"", ""--ball-speed"": 7, ""--no-plot"": null, ""--serve-box"": null}",122,True,active,0.028936,1.975011,0.028936,50.0,105.0,1.55,1.0,1.6,5.0,0.028936,0.801,1.88,1115.1,5.237,-2.462,
exp25_select_one,ablationselect_one__ballspeed7__noplot__servebox,"{""--ablation"": ""select_one"", ""--ball-speed"": 7, ""--no-plot"": null, ""--serve-box"": null}",119,False,miss,0.298018,1.982064,0.092394,0.0,0.0,1.69,0.99,1.2,0.0,0.298018,0.0,2.13,1459.4,-1.0,-99.0,
exp25_select_one,ablationselect_one__ballspeed7__noplot__servebox,"{""--ablation"": ""select_one"", ""--ball-speed"": 7, ""--no-plot"": null, ""--serve-box"": null}",116,False,miss,0.284067,1.874261,0.162748,20.0,0.0,1.4,1.0,1.7,0.0,0.284067,0.0,3.06,1376.5,-1.0,-99.0,
exp25_select_one,ablationselect_one__ballspeed7__noplot__servebox,"{""--ablation"": ""select_one"", ""--ball-speed"": 7, ""--no-plot"": null, ""--serve-box"": null}",110,True,active,0.094242,1.951482,0.088864,45.0,105.0,1.34,0.99,1.3,10.0,0.094242,0.374,3.66,2276.6,6.086,-2.108,
exp25_select_one,ablationselect_one__ballspeed7__noplot__servebox,"{""--ablation"": ""select_one"", ""--ball-speed"": 7, ""--no-plot"": null, ""--serve-box"": null}",124,True,active,0.061866,1.911758,0.061866,60.0,105.0,1.75,0.98,1.5,10.0,0.061866,0.454,2.09,1305.6,5.897,-4.381,
exp25_select_one,ablationselect_one__ballspeed7__noplot__servebox,"{""--ablation"": ""select_one"", ""--ball-speed"": 7, ""--no-plot"": null, ""--serve-box"": null}",111,False,miss,0.349249,1.922947,0.151334,30.0,0.0,1.38,1.0,1.4,0.0,0.349249,0.0,3.58,2242.4,-1.0,-99.0,
exp25_select_one,ablationselect_one__ballspeed7__noplot__servebox,"{""--ablation"": ""select_one"", ""--ball-speed"": 7, ""--no-plot"": null, ""--serve-box"": null}",113,True,active,0.043553,1.965591,0.043553,0.0,0.0,1.79,0.97,1.3,15.0,0.043553,1.789,3.51,2202.8,5.73,1.77,
exp25_select_one,ablationselect_one__ballspeed7__noplot__servebox,"{""--ablation"": ""select_one"", ""--ball-speed"": 7, ""--no-plot"": null, ""--serve-box"": null}",112,True,active,0.085582,1.966273,0.065256,0.0,0.0,1.8,1.0,1.5,25.0,0.085582,1.711,3.58,2401.6,6.245,3.71,
exp25_select_one,ablationselect_one__ballspeed7__noplot__servebox,"{""--ablation"": ""select_one"", ""--ball-speed"": 7, ""--no-plot"": null, ""--serve-box"": null}",126,False,miss,0.238554,1.874769,0.177255,10.0,0.0,1.75,1.0,1.3,0.0,0.238554,0.0,1.87,1176.0,-1.0,-99.0,
exp25_select_one,ablationselect_one__ballspeed7__noplot__servebox,"{""--ablation"": ""select_one"", ""--ball-speed"": 7, ""--no-plot"": null, ""--serve-box"": null}",127,False,miss,0.327461,1.905719,0.17025,0.0,0.0,0.99,0.99,1.2,0.0,0.327461,0.0,1.93,1239.8,-1.0,-99.0,
exp25_select_one,ablationselect_one__ballspeed7__noplot__servebox,"{""--ablation"": ""select_one"", ""--ball-speed"": 7, ""--no-plot"": null, ""--serve-box"": null}",128,True,active,0.115089,1.92109,0.107595,45.0,105.0,1.38,1.0,1.7,20.0,0.115089,1.376,1.89,1116.3,6.366,-3.13,
exp25_select_one,ablationselect_one__ballspeed7__noplot__servebox,"{""--ablation"": ""select_one"", ""--ball-speed"": 7, ""--no-plot"": null, ""--serve-box"": null}",125,False,miss,0.214685,1.884238,0.107267,0.0,0.0,1.79,1.0,1.5,0.0,0.214685,0.0,2.84,1877.4,-1.0,-99.0,
exp25_select_one,ablationselect_one__ballspeed7__noplot__servebox,"{""--ablation"": ""select_one"", ""--ball-speed"": 7, ""--no-plot"": null, ""--serve-box"": null}",120,False,miss,0.284554,1.956729,0.135095,30.0,100.0,1.81,0.99,1.9,0.0,0.284554,0.0,3.73,2372.7,-1.0,-99.0,
exp25_select_one,ablationselect_one__ballspeed7__noplot__servebox,"{""--ablation"": ""select_one"", ""--ball-speed"": 7, ""--no-plot"": null, ""--serve-box"": null}",132,True,active,0.089535,1.973247,0.081083,45.0,105.0,1.72,0.99,1.4,35.0,0.089535,1.725,1.77,1104.4,7.009,-3.078,
exp25_select_one,ablationselect_one__ballspeed7__noplot__servebox,"{""--ablation"": ""select_one"", ""--ball-speed"": 7, ""--no-plot"": null, ""--serve-box"": null}",136,True,active,0.089784,1.93488,0.061395,0.0,0.0,1.77,0.99,1.6,10.0,0.089784,1.313,1.66,1118.5,6.26,3.958,
exp25_select_one,ablationselect_one__ballspeed7__noplot__servebox,"{""--ablation"": ""select_one"", ""--ball-speed"": 7, ""--no-plot"": null, ""--serve-box"": null}",135,False,miss,0.325849,1.932408,0.124692,40.0,85.0,1.28,1.0,1.7,0.0,0.325849,0.0,1.8,1114.0,-1.0,-99.0,
exp25_select_one,ablationselect_one__ballspeed7__noplot__servebox,"{""--ablation"": ""select_one"", ""--ball-speed"": 7, ""--no-plot"": null, ""--serve-box"": null}",137,True,active,0.083535,1.901486,0.052866,0.0,0.0,1.57,0.98,1.4,20.0,0.083535,1.55,1.78,1128.6,6.449,4.814,
exp25_select_one,ablationselect_one__ballspeed7__noplot__servebox,"{""--ablation"": ""select_one"", ""--ball-speed"": 7, ""--no-plot"": null, ""--serve-box"": null}",138,True,active,0.059048,1.966443,0.057405,35.0,70.0,1.25,0.99,1.4,15.0,0.059048,0.942,1.89,1194.3,6.087,-1.192,
exp25_select_one,ablationselect_one__ballspeed7__noplot__servebox,"{""--ablation"": ""select_one"", ""--ball-speed"": 7, ""--no-plot"": null, ""--serve-box"": null}",129,True,active,0.129382,1.925017,0.109861,55.0,100.0,1.38,1.0,1.6,10.0,0.129382,0.543,3.12,1711.0,5.702,-3.883,
exp25_select_one,ablationselect_one__ballspeed7__noplot__servebox,"{""--ablation"": ""select_one"", ""--ball-speed"": 7, ""--no-plot"": null, ""--serve-box"": null}",139,True,active,0.092121,1.958179,0.091076,40.0,65.0,1.79,0.99,1.9,20.0,0.092121,1.209,2.08,1325.9,5.561,0.865,
exp25_select_one,ablationselect_one__ballspeed7__noplot__servebox,"{""--ablation"": ""select_one"", ""--ball-speed"": 7, ""--no-plot"": null, ""--serve-box"": null}",142,False,miss,0.376414,1.967414,0.109761,0.0,0.0,1.66,0.95,2.4,0.0,0.376414,0.0,1.85,1259.2,-1.0,-99.0,
exp25_select_one,ablationselect_one__ballspeed7__noplot__servebox,"{""--ablation"": ""select_one"", ""--ball-speed"": 7, ""--no-plot"": null, ""--serve-box"": null}",130,False,miss,0.320343,1.948183,0.136186,0.0,0.0,1.25,1.0,1.3,0.0,0.320343,0.0,3.29,1974.1,-1.0,-99.0,
exp25_select_one,ablationselect_one__ballspeed7__noplot__servebox,"{""--ablation"": ""select_one"", ""--ball-speed"": 7, ""--no-plot"": null, ""--serve-box"": null}",140,True,active,0.120718,1.92104,0.109446,40.0,80.0,1.34,0.99,1.7,15.0,0.120718,1.239,2.35,1261.7,5.677,0.493,
exp25_select_one,ablationselect_one__ballspeed7__noplot__servebox,"{""--ablation"": ""select_one"", ""--ball-speed"": 7, ""--no-plot"": null, ""--serve-box"": null}",133,True,active,0.104586,1.948341,0.074621,45.0,105.0,1.8,1.0,1.5,15.0,0.104586,1.71,3.21,2072.0,5.907,-1.601,
exp25_select_one,ablationselect_one__ballspeed7__noplot__servebox,"{""--ablation"": ""select_one"", ""--ball-speed"": 7, ""--no-plot"": null, ""--serve-box"": null}",143,True,active,0.030375,1.970888,0.030375,45.0,105.0,1.75,0.99,1.8,5.0,0.030375,0.423,1.87,1142.5,6.157,-5.911,
exp25_select_one,ablationselect_one__ballspeed7__noplot__servebox,"{""--ablation"": ""select_one"", ""--ball-speed"": 7, ""--no-plot"": null, ""--serve-box"": null}",144,True,active,0.118028,1.960278,0.086802,0.0,0.0,1.72,1.0,1.9,35.0,0.118028,1.634,1.98,1302.1,5.946,2.501,
exp25_select_one,ablationselect_one__ballspeed7__noplot__servebox,"{""--ablation"": ""select_one"", ""--ball-speed"": 7, ""--no-plot"": null, ""--serve-box"": null}",145,True,active,0.02792,1.965609,0.02792,50.0,105.0,1.41,1.0,1.5,10.0,0.02792,1.222,1.93,1112.8,5.033,-3.357,
exp25_select_one,ablationselect_one__ballspeed7__noplot__servebox,"{""--ablation"": ""select_one"", ""--ball-speed"": 7, ""--no-plot"": null, ""--serve-box"": null}",131,True,active,0.052809,1.971675,0.052809,45.0,105.0,1.79,0.99,1.9,15.0,0.052809,0.936,3.79,2265.8,6.047,-3.438,
exp25_select_one,ablationselect_one__ballspeed7__noplot__servebox,"{""--ablation"": ""select_one"", ""--ball-speed"": 7, ""--no-plot"": null, ""--serve-box"": null}",149,True,active,0.127988,1.957662,0.103334,55.0,90.0,1.63,1.0,1.8,10.0,0.127988,1.567,1.62,1154.4,5.83,-1.172,
exp25_select_one,ablationselect_one__ballspeed7__noplot__servebox,"{""--ablation"": ""select_one"", ""--ball-speed"": 7, ""--no-plot"": null, ""--serve-box"": null}",148,False,miss,0.332463,1.982912,0.135518,35.0,105.0,1.39,0.99,1.3,0.0,0.332463,0.0,1.79,1140.3,-1.0,-99.0,
exp25_select_one,ablationselect_one__ballspeed7__noplot__servebox,"{""--ablation"": ""select_one"", ""--ball-speed"": 7, ""--no-plot"": null, ""--serve-box"": null}",134,True,active,0.127642,1.973555,0.107736,50.0,105.0,1.35,1.0,1.6,10.0,0.127642,0.953,3.98,2346.9,6.216,-1.94,
exp25_select_one,ablationselect_one__ballspeed7__noplot__servebox,"{""--ablation"": ""select_one"", ""--ball-speed"": 7, ""--no-plot"": null, ""--serve-box"": null}",147,True,active,0.122067,1.986411,0.081504,55.0,105.0,1.27,1.0,1.4,10.0,0.122067,1.267,2.09,1094.1,5.788,-2.327,
exp25_select_one,ablationselect_one__ballspeed7__noplot__servebox,"{""--ablation"": ""select_one"", ""--ball-speed"": 7, ""--no-plot"": null, ""--serve-box"": null}",141,False,miss,0.269221,1.964082,0.192102,0.0,0.0,0.96,0.99,1.2,0.0,0.269221,0.0,3.58,2293.6,-1.0,-99.0,
exp25_select_one,ablationselect_one__ballspeed7__noplot__servebox,"{""--ablation"": ""select_one"", ""--ball-speed"": 7, ""--no-plot"": null, ""--serve-box"": null}",146,False,miss,0.298876,1.949618,0.157724,25.0,0.0,1.82,0.99,1.8,0.0,0.298876,0.0,2.53,1505.7,-1.0,-99.0,
exp25_select_one,ablationselect_one__ballspeed7__noplot__servebox,"{""--ablation"": ""select_one"", ""--ball-speed"": 7, ""--no-plot"": null, ""--serve-box"": null}",153,False,miss,0.353756,1.965807,0.134841,30.0,80.0,1.78,1.0,1.4,0.0,0.353756,0.0,1.8,1094.2,-1.0,-99.0,
exp25_select_one,ablationselect_one__ballspeed7__noplot__servebox,"{""--ablation"": ""select_one"", ""--ball-speed"": 7, ""--no-plot"": null, ""--serve-box"": null}",151,True,active,0.127893,1.947724,0.1147,0.0,0.0,1.72,1.0,2.1,25.0,0.127893,1.715,2.33,1303.9,6.161,1.558,
exp25_select_one,ablationselect_one__ballspeed7__noplot__servebox,"{""--ablation"": ""select_one"", ""--ball-speed"": 7, ""--no-plot"": null, ""--serve-box"": null}",155,True,active,0.089631,2.007718,0.080708,50.0,80.0,1.76,0.99,1.6,10.0,0.089631,1.056,2.1,1321.6,5.555,0.396,
exp25_select_one,ablationselect_one__ballspeed7__noplot__servebox,"{""--ablation"": ""select_one"", ""--ball-speed"": 7, ""--no-plot"": null, ""--serve-box"": null}",156,False,miss,0.345811,1.952188,0.110685,0.0,0.0,1.77,1.0,1.6,0.0,0.345811,0.0,2.1,1325.6,-1.0,-99.0,
exp25_select_one,ablationselect_one__ballspeed7__noplot__servebox,"{""--ablation"": ""select_one"", ""--ball-speed"": 7, ""--no-plot"": null, ""--serve-box"": null}",157,True,active,0.115511,1.918452,0.086754,50.0,85.0,1.38,1.0,1.6,25.0,0.115511,1.378,1.78,1140.4,5.222,0.937,
exp25_select_one,ablationselect_one__ballspeed7__noplot__servebox,"{""--ablation"": ""select_one"", ""--ball-speed"": 7, ""--no-plot"": null, ""--serve-box"": null}",158,True,active,0.111711,1.955095,0.090285,55.0,105.0,1.04,1.0,1.5,15.0,0.111711,0.877,1.8,1104.3,6.004,-2.008,
exp25_select_one,ablationselect_one__ballspeed7__noplot__servebox,"{""--ablation"": ""select_one"", ""--ball-speed"": 7, ""--no-plot"": null, ""--serve-box"": null}",152,False,miss,0.256868,1.935795,0.108375,20.0,50.0,1.73,1.0,1.6,0.0,0.256868,0.0,2.59,1627.2,-1.0,-99.0,
exp25_select_one,ablationselect_one__ballspeed7__noplot__servebox,"{""--ablation"": ""select_one"", ""--ball-speed"": 7, ""--no-plot"": null, ""--serve-box"": null}",161,True,active,0.097662,1.958355,0.091892,55.0,105.0,1.66,1.0,1.2,15.0,0.097662,0.431,1.76,1226.6,5.759,-4.235,
exp25_select_one,ablationselect_one__ballspeed7__noplot__servebox,"{""--ablation"": ""select_one"", ""--ball-speed"": 7, ""--no-plot"": null, ""--serve-box"": null}",164,True,active,0.091948,1.98104,0.036097,0.0,0.0,1.79,1.0,2.0,25.0,0.091948,1.756,1.86,1134.5,6.132,2.795,
exp25_select_one,ablationselect_one__ballspeed7__noplot__servebox,"{""--ablation"": ""select_one"", ""--ball-speed"": 7, ""--no-plot"": null, ""--serve-box"": null}",163,False,miss,0.211196,1.828301,0.140162,0.0,0.0,1.07,0.99,1.3,0.0,0.211196,0.0,2.06,1391.6,-1.0,-99.0,
exp25_select_one,ablationselect_one__ballspeed7__noplot__servebox,"{""--ablation"": ""select_one"", ""--ball-speed"": 7, ""--no-plot"": null, ""--serve-box"": null}",166,False,miss,0.387111,2.009494,0.12015,0.0,40.0,1.79,0.97,1.6,0.0,0.387111,0.0,1.74,1086.1,-1.0,-99.0,
exp25_select_one,ablationselect_one__ballspeed7__noplot__servebox,"{""--ablation"": ""select_one"", ""--ball-speed"": 7, ""--no-plot"": null, ""--serve-box"": null}",150,True,active,0.126225,1.917357,0.126225,45.0,105.0,1.19,0.99,1.5,0.0,0.126225,0.59,4.08,2434.1,4.627,-4.19,
exp25_select_one,ablationselect_one__ballspeed7__noplot__servebox,"{""--ablation"": ""select_one"", ""--ball-speed"": 7, ""--no-plot"": null, ""--serve-box"": null}",154,False,miss,0.360378,1.957236,0.17219,15.0,0.0,1.78,1.0,1.5,0.0,0.360378,0.0,3.62,2375.7,-1.0,-99.0,
exp25_select_one,ablationselect_one__ballspeed7__noplot__servebox,"{""--ablation"": ""select_one"", ""--ball-speed"": 7, ""--no-plot"": null, ""--serve-box"": null}",167,False,miss,0.288055,1.991524,0.134126,0.0,0.0,1.44,1.0,1.3,0.0,0.288055,0.0,1.86,1091.7,-1.0,-99.0,
exp25_select_one,ablationselect_one__ballspeed7__noplot__servebox,"{""--ablation"": ""select_one"", ""--ball-speed"": 7, ""--no-plot"": null, ""--serve-box"": null}",159,False,miss,0.312355,1.93091,0.134694,35.0,95.0,1.1,1.0,1.2,0.0,0.312355,0.0,3.29,1860.6,-1.0,-99.0,
exp25_select_one,ablationselect_one__ballspeed7__noplot__servebox,"{""--ablation"": ""select_one"", ""--ball-speed"": 7, ""--no-plot"": null, ""--serve-box"": null}",170,False,miss,0.249344,1.919365,0.156384,0.0,0.0,1.78,1.0,2.0,0.0,0.249344,0.0,1.8,1082.7,-1.0,-99.0,
exp25_select_one,ablationselect_one__ballspeed7__noplot__servebox,"{""--ablation"": ""select_one"", ""--ball-speed"": 7, ""--no-plot"": null, ""--serve-box"": null}",171,True,active,0.111184,1.960112,0.083162,0.0,0.0,1.18,0.99,1.2,25.0,0.111184,0.986,1.75,1083.1,5.793,2.129,
exp25_select_one,ablationselect_one__ballspeed7__noplot__servebox,"{""--ablation"": ""select_one"", ""--ball-speed"": 7, ""--no-plot"": null, ""--serve-box"": null}",172,False,miss,0.247747,1.866156,0.102315,0.0,0.0,1.78,1.0,1.3,0.0,0.247747,0.0,1.95,1206.0,-1.0,-99.0,
exp25_select_one,ablationselect_one__ballspeed7__noplot__servebox,"{""--ablation"": ""select_one"", ""--ball-speed"": 7, ""--no-plot"": null, ""--serve-box"": null}",169,False,miss,0.251217,1.936499,0.085683,0.0,0.0,1.78,1.0,1.4,0.0,0.251217,0.0,2.45,1473.5,-1.0,-99.0,
exp25_select_one,ablationselect_one__ballspeed7__noplot__servebox,"{""--ablation"": ""select_one"", ""--ball-speed"": 7, ""--no-plot"": null, ""--serve-box"": null}",173,False,miss,0.259201,1.899273,0.171021,0.0,0.0,1.0,0.97,1.0,0.0,0.259201,0.0,1.96,1356.4,-1.0,-99.0,
exp25_select_one,ablationselect_one__ballspeed7__noplot__servebox,"{""--ablation"": ""select_one"", ""--ball-speed"": 7, ""--no-plot"": null, ""--serve-box"": null}",160,True,active,0.065372,1.923546,0.065372,50.0,105.0,1.5,0.99,1.3,5.0,0.065372,0.351,3.77,2437.6,5.414,-2.419,
exp25_select_one,ablationselect_one__ballspeed7__noplot__servebox,"{""--ablation"": ""select_one"", ""--ball-speed"": 7, ""--no-plot"": null, ""--serve-box"": null}",162,True,active,0.11606,1.938968,0.061586,65.0,105.0,0.98,0.99,1.3,10.0,0.11606,0.725,3.66,2275.7,5.371,-2.668,
exp25_select_one,ablationselect_one__ballspeed7__noplot__servebox,"{""--ablation"": ""select_one"", ""--ball-speed"": 7, ""--no-plot"": null, ""--serve-box"": null}",174,True,active,0.095071,1.999064,0.030217,0.0,0.0,1.79,1.0,1.5,30.0,0.095071,1.561,1.8,1158.3,6.228,2.932,
exp25_select_one,ablationselect_one__ballspeed7__noplot__servebox,"{""--ablation"": ""select_one"", ""--ball-speed"": 7, ""--no-plot"": null, ""--serve-box"": null}",168,True,active,0.093018,1.976718,0.015317,20.0,40.0,1.75,1.0,1.9,20.0,0.093018,1.272,2.83,1523.4,5.616,-0.148,
exp25_select_one,ablationselect_one__ballspeed7__noplot__servebox,"{""--ablation"": ""select_one"", ""--ball-speed"": 7, ""--no-plot"": null, ""--serve-box"": null}",165,False,miss,0.30476,1.933708,0.147799,30.0,75.0,1.79,1.0,1.6,0.0,0.30476,0.0,3.59,2142.7,-1.0,-99.0,
exp25_select_one,ablationselect_one__ballspeed7__noplot__servebox,"{""--ablation"": ""select_one"", ""--ball-speed"": 7, ""--no-plot"": null, ""--serve-box"": null}",176,False,miss,0.354811,1.94185,0.154714,25.0,30.0,1.64,0.99,1.7,0.0,0.354811,0.0,1.76,1113.2,-1.0,-99.0,
exp25_select_one,ablationselect_one__ballspeed7__noplot__servebox,"{""--ablation"": ""select_one"", ""--ball-speed"": 7, ""--no-plot"": null, ""--serve-box"": null}",178,True,active,0.106928,1.936435,0.057181,0.0,25.0,1.8,0.99,1.6,20.0,0.106928,1.621,1.88,1133.2,5.936,0.53,
exp25_select_one,ablationselect_one__ballspeed7__noplot__servebox,"{""--ablation"": ""select_one"", ""--ball-speed"": 7, ""--no-plot"": null, ""--serve-box"": null}",179,False,miss,0.353309,1.957914,0.15089,0.0,0.0,1.61,1.0,1.9,0.0,0.353309,0.0,1.78,1106.9,-1.0,-99.0,
exp25_select_one,ablationselect_one__ballspeed7__noplot__servebox,"{""--ablation"": ""select_one"", ""--ball-speed"": 7, ""--no-plot"": null, ""--serve-box"": null}",180,False,miss,0.347114,1.918285,0.117115,0.0,0.0,1.38,0.99,1.6,0.0,0.347114,0.0,1.8,1222.3,-1.0,-99.0,
exp25_select_one,ablationselect_one__ballspeed7__noplot__servebox,"{""--ablation"": ""select_one"", ""--ball-speed"": 7, ""--no-plot"": null, ""--serve-box"": null}",177,False,miss,0.341228,1.939753,0.168189,15.0,0.0,1.61,1.0,1.4,0.0,0.341228,0.0,2.46,1691.9,-1.0,-99.0,
exp25_select_one,ablationselect_one__ballspeed7__noplot__servebox,"{""--ablation"": ""select_one"", ""--ball-speed"": 7, ""--no-plot"": null, ""--serve-box"": null}",181,True,active,0.113032,1.965155,0.099514,0.0,0.0,1.67,1.0,2.1,35.0,0.113032,1.647,2.19,1524.6,5.73,1.658,
exp25_select_one,ablationselect_one__ballspeed7__noplot__servebox,"{""--ablation"": ""select_one"", ""--ball-speed"": 7, ""--no-plot"": null, ""--serve-box"": null}",183,True,active,0.084255,1.89711,0.065587,0.0,0.0,1.77,1.0,1.6,15.0,0.084255,1.489,1.93,1275.0,5.819,2.945,
exp25_select_one,ablationselect_one__ballspeed7__noplot__servebox,"{""--ablation"": ""select_one"", ""--ball-speed"": 7, ""--no-plot"": null, ""--serve-box"": null}",187,True,active,0.097794,1.925231,0.097794,50.0,105.0,1.26,0.99,1.4,5.0,0.097794,0.527,1.98,1397.9,5.698,-4.388,
exp25_select_one,ablationselect_one__ballspeed7__noplot__servebox,"{""--ablation"": ""select_one"", ""--ball-speed"": 7, ""--no-plot"": null, ""--serve-box"": null}",189,False,miss,0.297152,1.95768,0.130179,35.0,80.0,1.33,1.0,1.4,0.0,0.297152,0.0,1.84,1131.1,-1.0,-99.0,
exp25_select_one,ablationselect_one__ballspeed7__noplot__servebox,"{""--ablation"": ""select_one"", ""--ball-speed"": 7, ""--no-plot"": null, ""--serve-box"": null}",188,True,active,0.118919,1.926129,0.081378,60.0,85.0,1.31,1.0,1.3,15.0,0.118919,1.147,1.94,1116.2,5.206,-2.331,
exp25_select_one,ablationselect_one__ballspeed7__noplot__servebox,"{""--ablation"": ""select_one"", ""--ball-speed"": 7, ""--no-plot"": null, ""--serve-box"": null}",175,False,miss,0.228201,1.857575,0.127314,0.0,0.0,1.44,1.0,1.3,0.0,0.228201,0.0,3.69,2217.4,-1.0,-99.0,
exp25_select_one,ablationselect_one__ballspeed7__noplot__servebox,"{""--ablation"": ""select_one"", ""--ball-speed"": 7, ""--no-plot"": null, ""--serve-box"": null}",190,True,active,0.109633,1.998277,0.104521,45.0,105.0,1.82,0.99,1.9,20.0,0.109633,0.796,1.89,1178.2,6.593,-2.163,
exp25_select_one,ablationselect_one__ballspeed7__noplot__servebox,"{""--ablation"": ""select_one"", ""--ball-speed"": 7, ""--no-plot"": null, ""--serve-box"": null}",193,True,active,0.039008,1.924209,0.039008,60.0,105.0,1.79,1.0,2.0,10.0,0.039008,0.955,1.76,1223.1,4.296,-2.635,
exp25_select_one,ablationselect_one__ballspeed7__noplot__servebox,"{""--ablation"": ""select_one"", ""--ball-speed"": 7, ""--no-plot"": null, ""--serve-box"": null}",182,True,active,0.065399,2.008187,0.065399,45.0,105.0,1.73,0.95,1.4,25.0,0.065399,0.735,3.31,2031.6,6.027,-0.065,
exp25_select_one,ablationselect_one__ballspeed7__noplot__servebox,"{""--ablation"": ""select_one"", ""--ball-speed"": 7, ""--no-plot"": null, ""--serve-box"": null}",194,True,active,0.061498,1.972179,0.056314,55.0,105.0,1.79,1.0,1.5,10.0,0.061498,1.381,1.89,1238.8,6.713,-5.484,
exp25_select_one,ablationselect_one__ballspeed7__noplot__servebox,"{""--ablation"": ""select_one"", ""--ball-speed"": 7, ""--no-plot"": null, ""--serve-box"": null}",196,True,active,0.089778,1.975602,0.036581,15.0,50.0,1.79,0.99,1.6,25.0,0.089778,1.746,1.73,1099.7,5.946,1.162,
exp25_select_one,ablationselect_one__ballspeed7__noplot__servebox,"{""--ablation"": ""select_one"", ""--ball-speed"": 7, ""--no-plot"": null, ""--serve-box"": null}",197,True,active,0.073745,1.944509,0.069024,55.0,105.0,1.51,0.98,1.5,15.0,0.073745,1.413,1.87,1201.1,5.439,-3.092,
exp25_select_one,ablationselect_one__ballspeed7__noplot__servebox,"{""--ablation"": ""select_one"", ""--ball-speed"": 7, ""--no-plot"": null, ""--serve-box"": null}",186,True,active,0.093757,1.953018,0.092297,50.0,105.0,1.22,0.99,1.5,15.0,0.093757,0.959,3.61,2010.2,5.776,-3.595,
exp25_select_one,ablationselect_one__ballspeed7__noplot__servebox,"{""--ablation"": ""select_one"", ""--ball-speed"": 7, ""--no-plot"": null, ""--serve-box"": null}",185,False,miss,0.253224,1.892546,0.173222,20.0,40.0,1.24,1.0,0.9,0.0,0.253224,0.0,3.74,2426.5,-1.0,-99.0,
exp25_select_one,ablationselect_one__ballspeed7__noplot__servebox,"{""--ablation"": ""select_one"", ""--ball-speed"": 7, ""--no-plot"": null, ""--serve-box"": null}",195,True,active,0.08674,1.970204,0.081231,45.0,105.0,1.74,1.0,1.7,20.0,0.08674,1.478,2.5,1542.5,6.168,-1.672,
exp25_select_one,ablationselect_one__ballspeed9__noplot__servebox,"{""--ablation"": ""select_one"", ""--ball-speed"": 9, ""--no-plot"": null, ""--serve-box"": null}",2,True,active,0.102647,1.959343,0.055892,45.0,100.0,1.79,0.97,1.6,10.0,0.102647,1.344,1.55,1057.8,8.128,-1.294,
exp25_select_one,ablationselect_one__ballspeed7__noplot__servebox,"{""--ablation"": ""select_one"", ""--ball-speed"": 7, ""--no-plot"": null, ""--serve-box"": null}",200,False,miss,0.299561,1.911152,0.149803,0.0,0.0,1.1,0.99,1.4,0.0,0.299561,0.0,1.72,1120.5,-1.0,-99.0,
exp25_select_one,ablationselect_one__ballspeed7__noplot__servebox,"{""--ablation"": ""select_one"", ""--ball-speed"": 7, ""--no-plot"": null, ""--serve-box"": null}",184,True,active,0.077253,1.900475,0.044704,60.0,95.0,1.78,1.0,1.7,25.0,0.077253,1.079,4.02,2450.5,5.091,-0.098,
exp25_select_one,ablationselect_one__ballspeed9__noplot__servebox,"{""--ablation"": ""select_one"", ""--ball-speed"": 9, ""--no-plot"": null, ""--serve-box"": null}",1,False,miss,0.166723,1.91947,0.117889,35.0,95.0,1.68,1.0,1.3,0.0,0.166723,0.0,1.79,1121.1,-1.0,-99.0,
exp25_select_one,ablationselect_one__ballspeed7__noplot__servebox,"{""--ablation"": ""select_one"", ""--ball-speed"": 7, ""--no-plot"": null, ""--serve-box"": null}",191,False,miss,0.307083,1.927963,0.15894,25.0,0.0,1.79,1.0,1.8,0.0,0.307083,0.0,3.61,2334.7,-1.0,-99.0,
exp25_select_one,ablationselect_one__ballspeed7__noplot__servebox,"{""--ablation"": ""select_one"", ""--ball-speed"": 7, ""--no-plot"": null, ""--serve-box"": null}",192,False,miss,0.337923,1.98214,0.097516,0.0,0.0,1.75,1.0,1.8,0.0,0.337923,0.0,3.41,2039.0,-1.0,-99.0,
exp25_select_one,ablationselect_one__ballspeed7__noplot__servebox,"{""--ablation"": ""select_one"", ""--ball-speed"": 7, ""--no-plot"": null, ""--serve-box"": null}",198,True,active,0.106682,1.99212,0.102994,50.0,105.0,1.77,1.0,2.0,25.0,0.106682,0.942,2.14,1457.9,4.657,-1.943,
exp25_select_one,ablationselect_one__ballspeed9__noplot__servebox,"{""--ablation"": ""select_one"", ""--ball-speed"": 9, ""--no-plot"": null, ""--serve-box"": null}",4,True,active,0.068218,1.952347,0.03922,45.0,105.0,1.78,1.0,1.5,10.0,0.068218,1.743,1.63,1124.4,7.202,-2.039,
exp25_select_one,ablationselect_one__ballspeed9__noplot__servebox,"{""--ablation"": ""select_one"", ""--ball-speed"": 9, ""--no-plot"": null, ""--serve-box"": null}",3,True,active,0.109701,1.844292,0.077299,40.0,105.0,1.8,1.0,2.2,10.0,0.109701,1.589,1.84,1120.6,7.265,-0.689,
exp25_select_one,ablationselect_one__ballspeed7__noplot__servebox,"{""--ablation"": ""select_one"", ""--ball-speed"": 7, ""--no-plot"": null, ""--serve-box"": null}",199,False,miss,0.304507,2.001609,0.135949,35.0,105.0,0.85,0.98,1.3,0.0,0.304507,0.0,2.53,1965.9,-1.0,-99.0,
exp25_select_one,ablationselect_one__ballspeed9__noplot__servebox,"{""--ablation"": ""select_one"", ""--ball-speed"": 9, ""--no-plot"": null, ""--serve-box"": null}",20,,,,,,,,,,,,,,0.17,,,,no_result
exp25_select_one,ablationselect_one__ballspeed9__noplot__servebox,"{""--ablation"": ""select_one"", ""--ball-speed"": 9, ""--no-plot"": null, ""--serve-box"": null}",6,True,active,0.111422,1.924446,0.101257,35.0,95.0,1.49,1.0,2.1,15.0,0.111422,1.49,1.67,1195.5,6.945,-0.46,
exp25_select_one,ablationselect_one__ballspeed9__noplot__servebox,"{""--ablation"": ""select_one"", ""--ball-speed"": 9, ""--no-plot"": null, ""--serve-box"": null}",21,,,,,,,,,,,,,,0.18,,,,no_result
exp25_select_one,ablationselect_one__ballspeed9__noplot__servebox,"{""--ablation"": ""select_one"", ""--ball-speed"": 9, ""--no-plot"": null, ""--serve-box"": null}",7,False,miss,0.201162,1.811315,0.178572,0.0,0.0,1.77,0.99,1.9,0.0,0.201162,0.0,1.72,1151.9,-1.0,-99.0,
exp25_select_one,ablationselect_one__ballspeed9__noplot__servebox,"{""--ablation"": ""select_one"", ""--ball-speed"": 9, ""--no-plot"": null, ""--serve-box"": null}",8,True,active,0.139933,1.933146,0.132667,35.0,100.0,1.67,1.0,1.5,15.0,0.139933,0.496,1.86,1202.1,7.185,0.341,
exp25_select_one,ablationselect_one__ballspeed9__noplot__servebox,"{""--ablation"": ""select_one"", ""--ball-speed"": 9, ""--no-plot"": null, ""--serve-box"": null}",5,False,miss,0.325417,1.956557,0.098058,0.0,0.0,1.62,1.0,1.5,0.0,0.325417,0.0,2.73,2200.3,-1.0,-99.0,
exp25_select_one,ablationselect_one__ballspeed9__noplot__servebox,"{""--ablation"": ""select_one"", ""--ball-speed"": 9, ""--no-plot"": null, ""--serve-box"": null}",11,True,active,0.089738,1.884368,0.076801,45.0,105.0,1.8,0.97,1.4,10.0,0.089738,1.01,1.83,1298.4,8.198,-4.362,
exp25_select_one,ablationselect_one__ballspeed9__noplot__servebox,"{""--ablation"": ""select_one"", ""--ball-speed"": 9, ""--no-plot"": null, ""--serve-box"": null}",15,True,active,0.133221,1.927184,0.10469,45.0,105.0,1.16,1.0,1.1,5.0,0.133221,0.973,1.72,1171.8,8.752,-3.185,
exp25_select_one,ablationselect_one__ballspeed9__noplot__servebox,"{""--ablation"": ""select_one"", ""--ball-speed"": 9, ""--no-plot"": null, ""--serve-box"": null}",14,True,active,0.081669,1.946208,0.070309,40.0,105.0,1.78,0.99,1.2,15.0,0.081669,1.672,1.82,1221.5,8.415,-5.608,
exp25_select_one,ablationselect_one__ballspeed9__noplot__servebox,"{""--ablation"": ""select_one"", ""--ball-speed"": 9, ""--no-plot"": null, ""--serve-box"": null}",18,True,active,0.094038,1.976551,0.04725,35.0,45.0,1.7,1.0,1.6,20.0,0.094038,1.326,1.75,1239.4,7.659,-0.002,
exp25_select_one,ablationselect_one__ballspeed9__noplot__servebox,"{""--ablation"": ""select_one"", ""--ball-speed"": 9, ""--no-plot"": null, ""--serve-box"": null}",19,True,active,0.089013,1.92967,0.035245,0.0,0.0,1.53,1.0,1.3,25.0,0.089013,1.142,1.78,1284.5,7.784,4.123,
exp25_select_one,ablationselect_one__ballspeed9__noplot__servebox,"{""--ablation"": ""select_one"", ""--ball-speed"": 9, ""--no-plot"": null, ""--serve-box"": null}",22,False,miss,0.277489,1.848312,0.213145,0.0,0.0,1.03,1.0,0.9,0.0,0.277489,0.0,1.78,1151.5,-1.0,-99.0,
exp25_select_one,ablationselect_one__ballspeed9__noplot__servebox,"{""--ablation"": ""select_one"", ""--ball-speed"": 9, ""--no-plot"": null, ""--serve-box"": null}",16,False,miss,0.19354,1.873548,0.132818,0.0,0.0,1.14,0.98,1.2,0.0,0.19354,0.0,2.66,1898.2,-1.0,-99.0,
exp25_select_one,ablationselect_one__ballspeed9__noplot__servebox,"{""--ablation"": ""select_one"", ""--ball-speed"": 9, ""--no-plot"": null, ""--serve-box"": null}",24,True,active,0.123565,1.930107,0.093274,45.0,90.0,1.75,1.0,1.6,15.0,0.123565,1.015,1.65,1172.4,8.126,-4.058,
exp25_select_one,ablationselect_one__ballspeed9__noplot__servebox,"{""--ablation"": ""select_one"", ""--ball-speed"": 9, ""--no-plot"": null, ""--serve-box"": null}",9,True,active,0.085627,1.964101,0.0365,35.0,55.0,1.8,1.0,1.6,15.0,0.085627,0.882,3.36,2379.6,7.693,0.988,
exp25_select_one,ablationselect_one__ballspeed9__noplot__servebox,"{""--ablation"": ""select_one"", ""--ball-speed"": 9, ""--no-plot"": null, ""--serve-box"": null}",27,True,passive,0.069478,1.97963,0.060272,50.0,105.0,1.55,0.99,1.3,5.0,0.069478,0.196,1.62,1090.8,7.277,-6.97,
exp25_select_one,ablationselect_one__ballspeed9__noplot__servebox,"{""--ablation"": ""select_one"", ""--ball-speed"": 9, ""--no-plot"": null, ""--serve-box"": null}",12,True,active,0.043394,1.975652,0.01687,35.0,60.0,1.74,1.0,1.7,10.0,0.043394,1.742,3.42,2400.2,8.657,-1.485,
exp25_select_one,ablationselect_one__ballspeed9__noplot__servebox,"{""--ablation"": ""select_one"", ""--ball-speed"": 9, ""--no-plot"": null, ""--serve-box"": null}",17,True,active,0.109601,1.949343,0.107107,40.0,105.0,1.57,1.0,1.9,10.0,0.109601,1.314,3.18,2377.1,7.511,-3.798,
exp25_select_one,ablationselect_one__ballspeed9__noplot__servebox,"{""--ablation"": ""select_one"", ""--ball-speed"": 9, ""--no-plot"": null, ""--serve-box"": null}",28,False,miss,0.288347,1.929419,0.14842,25.0,65.0,1.65,1.0,1.3,0.0,0.288347,0.0,1.59,1098.1,-1.0,-99.0,
exp25_select_one,ablationselect_one__ballspeed9__noplot__servebox,"{""--ablation"": ""select_one"", ""--ball-speed"": 9, ""--no-plot"": null, ""--serve-box"": null}",10,True,active,0.083902,1.933829,0.050444,45.0,105.0,1.28,1.0,1.6,15.0,0.083902,1.205,3.72,2448.1,6.457,-0.695,
exp25_select_one,ablationselect_one__ballspeed9__noplot__servebox,"{""--ablation"": ""select_one"", ""--ball-speed"": 9, ""--no-plot"": null, ""--serve-box"": null}",29,True,active,0.132487,1.921978,0.116457,35.0,105.0,1.75,0.99,1.9,15.0,0.132487,1.002,1.77,1194.2,6.84,-2.711,
exp25_select_one,ablationselect_one__ballspeed9__noplot__servebox,"{""--ablation"": ""select_one"", ""--ball-speed"": 9, ""--no-plot"": null, ""--serve-box"": null}",31,True,active,0.127757,1.92538,0.125175,40.0,105.0,1.77,1.0,2.0,10.0,0.127757,1.447,1.59,1080.8,7.268,-4.59,
exp25_select_one,ablationselect_one__ballspeed9__noplot__servebox,"{""--ablation"": ""select_one"", ""--ball-speed"": 9, ""--no-plot"": null, ""--serve-box"": null}",13,True,active,0.092923,1.849722,0.025389,0.0,0.0,1.41,1.0,1.3,15.0,0.092923,0.681,3.85,2443.2,7.868,1.053,
exp25_select_one,ablationselect_one__ballspeed9__noplot__servebox,"{""--ablation"": ""select_one"", ""--ball-speed"": 9, ""--no-plot"": null, ""--serve-box"": null}",26,False,miss,0.168382,1.869215,0.151587,0.0,0.0,1.05,1.0,1.5,0.0,0.168382,0.0,2.37,1434.0,-1.0,-99.0,
exp25_select_one,ablationselect_one__ballspeed9__noplot__servebox,"{""--ablation"": ""select_one"", ""--ball-speed"": 9, ""--no-plot"": null, ""--serve-box"": null}",30,True,active,0.094449,1.926249,0.057037,45.0,65.0,1.71,1.0,1.6,5.0,0.094449,1.657,1.99,1089.2,6.515,1.873,
exp25_select_one,ablationselect_one__ballspeed9__noplot__servebox,"{""--ablation"": ""select_one"", ""--ball-speed"": 9, ""--no-plot"": null, ""--serve-box"": null}",23,True,active,0.088971,1.944283,0.074203,40.0,105.0,1.8,0.99,1.5,25.0,0.088971,1.43,3.22,2275.9,7.476,-1.753,
exp25_select_one,ablationselect_one__ballspeed9__noplot__servebox,"{""--ablation"": ""select_one"", ""--ball-speed"": 9, ""--no-plot"": null, ""--serve-box"": null}",32,True,active,0.110551,1.947729,0.102051,45.0,105.0,1.37,1.0,1.2,10.0,0.110551,0.351,1.58,1131.9,7.646,-5.271,
exp25_select_one,ablationselect_one__ballspeed9__noplot__servebox,"{""--ablation"": ""select_one"", ""--ball-speed"": 9, ""--no-plot"": null, ""--serve-box"": null}",33,True,active,0.06354,1.939862,0.055464,45.0,105.0,1.79,1.0,1.7,5.0,0.06354,1.241,1.72,1248.1,8.23,-4.746,
exp25_select_one,ablationselect_one__ballspeed9__noplot__servebox,"{""--ablation"": ""select_one"", ""--ball-speed"": 9, ""--no-plot"": null, ""--serve-box"": null}",36,False,miss,0.26451,1.943093,0.136682,25.0,85.0,1.41,1.0,1.5,0.0,0.26451,0.0,1.63,1158.9,-1.0,-99.0,
exp25_select_one,ablationselect_one__ballspeed9__noplot__servebox,"{""--ablation"": ""select_one"", ""--ball-speed"": 9, ""--no-plot"": null, ""--serve-box"": null}",39,True,active,0.081806,1.892033,0.076702,45.0,105.0,1.8,0.93,1.4,10.0,0.081806,1.194,1.65,1145.2,8.147,-4.442,
exp25_select_one,ablationselect_one__ballspeed9__noplot__servebox,"{""--ablation"": ""select_one"", ""--ball-speed"": 9, ""--no-plot"": null, ""--serve-box"": null}",25,False,miss,0.251139,1.918721,0.143334,25.0,75.0,1.27,1.0,1.2,0.0,0.251139,0.0,3.57,2326.5,-1.0,-99.0,
exp25_select_one,ablationselect_one__ballspeed9__noplot__servebox,"{""--ablation"": ""select_one"", ""--ball-speed"": 9, ""--no-plot"": null, ""--serve-box"": null}",37,True,active,0.073847,1.991724,0.046014,5.0,5.0,1.78,1.0,1.5,15.0,0.073847,1.762,1.82,1183.4,7.468,0.463,
exp25_select_one,ablationselect_one__ballspeed9__noplot__servebox,"{""--ablation"": ""select_one"", ""--ball-speed"": 9, ""--no-plot"": null, ""--serve-box"": null}",41,True,active,0.037523,1.925719,0.037523,40.0,105.0,1.68,1.0,1.9,10.0,0.037523,0.424,1.79,1204.6,7.491,-4.702,
exp25_select_one,ablationselect_one__ballspeed9__noplot__servebox,"{""--ablation"": ""select_one"", ""--ball-speed"": 9, ""--no-plot"": null, ""--serve-box"": null}",42,True,active,0.055276,1.968443,0.055276,40.0,105.0,1.76,1.0,1.4,10.0,0.055276,1.177,1.82,1207.0,7.86,-3.161,
exp25_select_one,ablationselect_one__ballspeed9__noplot__servebox,"{""--ablation"": ""select_one"", ""--ball-speed"": 9, ""--no-plot"": null, ""--serve-box"": null}",35,False,miss,0.217669,1.90432,0.103713,0.0,0.0,1.57,0.98,1.7,0.0,0.217669,0.0,2.63,1810.2,-1.0,-99.0,
exp25_select_one,ablationselect_one__ballspeed9__noplot__servebox,"{""--ablation"": ""select_one"", ""--ball-speed"": 9, ""--no-plot"": null, ""--serve-box"": null}",43,True,active,0.102501,2.097596,0.053074,40.0,100.0,1.8,1.0,1.7,10.0,0.102501,1.803,1.93,1109.1,8.185,-1.657,
exp25_select_one,ablationselect_one__ballspeed9__noplot__servebox,"{""--ablation"": ""select_one"", ""--ball-speed"": 9, ""--no-plot"": null, ""--serve-box"": null}",47,True,active,0.04514,1.910115,0.04514,45.0,105.0,1.77,0.98,1.4,20.0,0.04514,0.949,1.54,1062.7,8.06,-5.345,
exp25_select_one,ablationselect_one__ballspeed9__noplot__servebox,"{""--ablation"": ""select_one"", ""--ball-speed"": 9, ""--no-plot"": null, ""--serve-box"": null}",38,False,miss,0.300932,1.869643,0.275038,0.0,0.0,0.97,0.97,1.0,0.0,0.300932,0.0,2.82,2169.6,-1.0,-99.0,
exp25_select_one,ablationselect_one__ballspeed9__noplot__servebox,"{""--ablation"": ""select_one"", ""--ball-speed"": 9, ""--no-plot"": null, ""--serve-box"": null}",45,True,active,0.106212,1.956804,0.070096,40.0,105.0,1.46,1.0,1.4,15.0,0.106212,1.017,2.16,1529.8,7.664,-1.716,
exp25_select_one,ablationselect_one__ballspeed9__noplot__servebox,"{""--ablation"": ""select_one"", ""--ball-speed"": 9, ""--no-plot"": null, ""--serve-box"": null}",34,False,miss,0.258257,1.869584,0.219722,0.0,0.0,1.14,0.99,1.2,0.0,0.258257,0.0,3.63,2389.7,-1.0,-99.0,
exp25_select_one,ablationselect_one__ballspeed9__noplot__servebox,"{""--ablation"": ""select_one"", ""--ball-speed"": 9, ""--no-plot"": null, ""--serve-box"": null}",49,True,active,0.091962,1.968412,0.091962,30.0,105.0,1.8,0.99,2.0,15.0,0.091962,1.795,1.64,1117.5,7.94,-1.473,
exp25_select_one,ablationselect_one__ballspeed9__noplot__servebox,"{""--ablation"": ""select_one"", ""--ball-speed"": 9, ""--no-plot"": null, ""--serve-box"": null}",40,True,active,0.08798,1.980646,0.080268,40.0,105.0,1.61,0.99,1.8,25.0,0.08798,1.081,3.25,2297.2,7.371,-3.449,
exp25_select_one,ablationselect_one__ballspeed9__noplot__servebox,"{""--ablation"": ""select_one"", ""--ball-speed"": 9, ""--no-plot"": null, ""--serve-box"": null}",50,False,miss,0.218123,1.832512,0.197092,0.0,0.0,1.78,0.97,1.3,0.0,0.218123,0.0,1.95,1299.9,-1.0,-99.0,
exp25_select_one,ablationselect_one__ballspeed9__noplot__servebox,"{""--ablation"": ""select_one"", ""--ball-speed"": 9, ""--no-plot"": null, ""--serve-box"": null}",55,True,active,0.124365,1.972891,0.113032,45.0,105.0,1.8,1.0,1.3,15.0,0.124365,0.701,1.57,1090.6,8.102,-7.628,
exp25_select_one,ablationselect_one__ballspeed9__noplot__servebox,"{""--ablation"": ""select_one"", ""--ball-speed"": 9, ""--no-plot"": null, ""--serve-box"": null}",56,True,active,0.096265,1.933809,0.059052,50.0,90.0,1.31,1.0,1.5,5.0,0.096265,0.706,1.56,1139.3,7.93,-2.961,
exp25_select_one,ablationselect_one__ballspeed9__noplot__servebox,"{""--ablation"": ""select_one"", ""--ball-speed"": 9, ""--no-plot"": null, ""--serve-box"": null}",54,False,miss,0.280586,1.910139,0.119231,0.0,0.0,1.34,1.0,1.1,0.0,0.280586,0.0,1.73,1164.4,-1.0,-99.0,
exp25_select_one,ablationselect_one__ballspeed9__noplot__servebox,"{""--ablation"": ""select_one"", ""--ball-speed"": 9, ""--no-plot"": null, ""--serve-box"": null}",48,True,active,0.108434,1.943377,0.059722,45.0,105.0,1.43,1.0,1.3,10.0,0.108434,1.332,2.85,1753.4,7.71,-3.193,
exp25_select_one,ablationselect_one__ballspeed9__noplot__servebox,"{""--ablation"": ""select_one"", ""--ball-speed"": 9, ""--no-plot"": null, ""--serve-box"": null}",46,True,active,0.121612,1.935298,0.115949,40.0,105.0,1.33,0.98,1.8,20.0,0.121612,0.544,3.33,1900.1,7.419,-0.219,
exp25_select_one,ablationselect_one__ballspeed9__noplot__servebox,"{""--ablation"": ""select_one"", ""--ball-speed"": 9, ""--no-plot"": null, ""--serve-box"": null}",57,False,miss,0.252585,1.896867,0.129844,25.0,90.0,1.3,1.0,1.3,0.0,0.252585,0.0,1.72,1240.7,-1.0,-99.0,
exp25_select_one,ablationselect_one__ballspeed9__noplot__servebox,"{""--ablation"": ""select_one"", ""--ball-speed"": 9, ""--no-plot"": null, ""--serve-box"": null}",44,False,miss,0.310988,1.962351,0.098026,0.0,0.0,1.8,0.99,1.6,0.0,0.310988,0.0,3.63,2254.6,-1.0,-99.0,
exp25_select_one,ablationselect_one__ballspeed9__noplot__servebox,"{""--ablation"": ""select_one"", ""--ball-speed"": 9, ""--no-plot"": null, ""--serve-box"": null}",51,True,active,0.115487,1.942424,0.072837,40.0,70.0,1.36,0.99,2.1,10.0,0.115487,1.356,2.74,2229.8,8.289,-1.966,
exp25_select_one,ablationselect_one__ballspeed9__noplot__servebox,"{""--ablation"": ""select_one"", ""--ball-speed"": 9, ""--no-plot"": null, ""--serve-box"": null}",58,True,active,0.085106,1.886988,0.077063,55.0,105.0,1.8,1.0,1.8,10.0,0.085106,0.679,1.66,1105.5,7.476,-6.556,
exp25_select_one,ablationselect_one__ballspeed9__noplot__servebox,"{""--ablation"": ""select_one"", ""--ball-speed"": 9, ""--no-plot"": null, ""--serve-box"": null}",53,False,miss,0.178177,1.858032,0.144255,0.0,0.0,1.37,1.0,1.1,0.0,0.178177,0.0,2.81,1459.5,-1.0,-99.0,
exp25_select_one,ablationselect_one__ballspeed9__noplot__servebox,"{""--ablation"": ""select_one"", ""--ball-speed"": 9, ""--no-plot"": null, ""--serve-box"": null}",60,True,active,0.100036,1.917932,0.047109,50.0,105.0,1.57,1.0,1.3,10.0,0.100036,1.195,1.77,1162.8,8.003,-0.703,
exp25_select_one,ablationselect_one__ballspeed9__noplot__servebox,"{""--ablation"": ""select_one"", ""--ball-speed"": 9, ""--no-plot"": null, ""--serve-box"": null}",62,True,active,0.080481,1.981366,0.039784,45.0,65.0,1.8,0.99,1.5,25.0,0.080481,1.773,1.67,1175.3,6.74,2.012,
exp25_select_one,ablationselect_one__ballspeed9__noplot__servebox,"{""--ablation"": ""select_one"", ""--ball-speed"": 9, ""--no-plot"": null, ""--serve-box"": null}",59,True,active,0.064799,1.927227,0.050546,5.0,35.0,1.75,1.0,1.6,20.0,0.064799,1.084,2.2,1591.8,7.456,-0.189,
exp25_select_one,ablationselect_one__ballspeed9__noplot__servebox,"{""--ablation"": ""select_one"", ""--ball-speed"": 9, ""--no-plot"": null, ""--serve-box"": null}",52,True,active,0.080672,1.896801,0.059538,0.0,0.0,1.79,0.99,1.5,5.0,0.080672,1.367,3.34,2343.1,8.166,6.519,
exp25_select_one,ablationselect_one__ballspeed9__noplot__servebox,"{""--ablation"": ""select_one"", ""--ball-speed"": 9, ""--no-plot"": null, ""--serve-box"": null}",63,False,miss,0.230243,1.888458,0.169058,15.0,0.0,1.8,0.97,1.6,0.0,0.230243,0.0,1.9,1301.2,-1.0,-99.0,
exp25_select_one,ablationselect_one__ballspeed9__noplot__servebox,"{""--ablation"": ""select_one"", ""--ball-speed"": 9, ""--no-plot"": null, ""--serve-box"": null}",66,False,miss,0.26132,1.940207,0.129762,0.0,0.0,1.79,0.99,1.8,0.0,0.26132,0.0,1.72,1184.0,-1.0,-99.0,
exp25_select_one,ablationselect_one__ballspeed9__noplot__servebox,"{""--ablation"": ""select_one"", ""--ball-speed"": 9, ""--no-plot"": null, ""--serve-box"": null}",70,True,active,0.062992,1.959444,0.062992,40.0,105.0,1.79,0.99,1.7,10.0,0.062992,1.132,1.77,1143.7,7.533,-4.212,
exp25_select_one,ablationselect_one__ballspeed9__noplot__servebox,"{""--ablation"": ""select_one"", ""--ball-speed"": 9, ""--no-plot"": null, ""--serve-box"": null}",69,False,miss,0.302701,1.905741,0.142092,25.0,95.0,1.38,0.99,1.3,0.0,0.302701,0.0,1.84,1239.5,-1.0,-99.0,
exp25_select_one,ablationselect_one__ballspeed9__noplot__servebox,"{""--ablation"": ""select_one"", ""--ball-speed"": 9, ""--no-plot"": null, ""--serve-box"": null}",71,True,active,0.118285,1.912412,0.105168,35.0,105.0,1.78,1.0,1.8,10.0,0.118285,1.259,1.85,1207.6,7.963,-2.619,
exp25_select_one,ablationselect_one__ballspeed9__noplot__servebox,"{""--ablation"": ""select_one"", ""--ball-speed"": 9, ""--no-plot"": null, ""--serve-box"": null}",68,True,active,0.028355,1.896616,0.028355,55.0,105.0,1.77,1.0,1.5,10.0,0.028355,0.887,2.07,1380.3,6.095,-3.832,
exp25_select_one,ablationselect_one__ballspeed9__noplot__servebox,"{""--ablation"": ""select_one"", ""--ball-speed"": 9, ""--no-plot"": null, ""--serve-box"": null}",61,True,active,0.098235,1.935547,0.037435,0.0,15.0,1.35,1.0,1.2,10.0,0.098235,1.258,3.12,1878.1,7.279,1.579,
exp25_select_one,ablationselect_one__ballspeed9__noplot__servebox,"{""--ablation"": ""select_one"", ""--ball-speed"": 9, ""--no-plot"": null, ""--serve-box"": null}",73,True,active,0.077551,1.970043,0.055076,40.0,75.0,1.79,0.98,1.5,15.0,0.077551,1.79,1.74,1092.4,7.347,-0.101,
exp25_select_one,ablationselect_one__ballspeed9__noplot__servebox,"{""--ablation"": ""select_one"", ""--ball-speed"": 9, ""--no-plot"": null, ""--serve-box"": null}",65,True,active,0.107239,1.93798,0.064312,45.0,105.0,1.51,0.99,1.6,10.0,0.107239,0.704,2.65,2140.6,7.93,-3.059,
exp25_select_one,ablationselect_one__ballspeed9__noplot__servebox,"{""--ablation"": ""select_one"", ""--ball-speed"": 9, ""--no-plot"": null, ""--serve-box"": null}",74,False,miss,0.28885,1.962096,0.109331,30.0,105.0,1.37,1.0,1.2,0.0,0.28885,0.0,1.71,1153.5,-1.0,-99.0,
exp25_select_one,ablationselect_one__ballspeed9__noplot__servebox,"{""--ablation"": ""select_one"", ""--ball-speed"": 9, ""--no-plot"": null, ""--serve-box"": null}",75,True,active,0.078163,1.955509,0.069192,40.0,105.0,1.81,0.98,2.3,25.0,0.078163,0.948,1.99,1319.7,6.989,-1.777,
exp25_select_one,ablationselect_one__ballspeed9__noplot__servebox,"{""--ablation"": ""select_one"", ""--ball-speed"": 9, ""--no-plot"": null, ""--serve-box"": null}",78,False,miss,0.193482,1.936546,0.115956,25.0,75.0,1.78,1.0,1.4,0.0,0.193482,0.0,1.71,1087.6,-1.0,-99.0,
exp25_select_one,ablationselect_one__ballspeed9__noplot__servebox,"{""--ablation"": ""select_one"", ""--ball-speed"": 9, ""--no-plot"": null, ""--serve-box"": null}",72,True,passive,0.119902,1.959388,0.079339,45.0,105.0,1.11,0.98,1.5,20.0,0.119902,0.229,2.79,2224.0,7.807,-1.322,
exp25_select_one,ablationselect_one__ballspeed9__noplot__servebox,"{""--ablation"": ""select_one"", ""--ball-speed"": 9, ""--no-plot"": null, ""--serve-box"": null}",64,False,miss,0.293958,1.91574,0.143237,25.0,80.0,1.12,0.99,1.0,0.0,0.293958,0.0,3.58,2429.2,-1.0,-99.0,
exp25_select_one,ablationselect_one__ballspeed9__noplot__servebox,"{""--ablation"": ""select_one"", ""--ball-speed"": 9, ""--no-plot"": null, ""--serve-box"": null}",67,True,active,0.083011,1.927246,0.067533,40.0,105.0,1.25,0.96,1.3,5.0,0.083011,0.536,3.46,2396.0,7.72,0.058,
exp25_select_one,ablationselect_one__ballspeed9__noplot__servebox,"{""--ablation"": ""select_one"", ""--ball-speed"": 9, ""--no-plot"": null, ""--serve-box"": null}",79,True,active,0.099213,1.940687,0.028946,0.0,0.0,1.58,0.99,1.2,15.0,0.099213,1.234,1.86,1231.0,7.252,0.843,
exp25_select_one,ablationselect_one__ballspeed9__noplot__servebox,"{""--ablation"": ""select_one"", ""--ball-speed"": 9, ""--no-plot"": null, ""--serve-box"": null}",81,True,active,0.102444,1.962071,0.101078,35.0,105.0,1.37,0.98,1.7,15.0,0.102444,0.801,1.78,1168.2,7.181,-1.124,
exp25_select_one,ablationselect_one__ballspeed9__noplot__servebox,"{""--ablation"": ""select_one"", ""--ball-speed"": 9, ""--no-plot"": null, ""--serve-box"": null}",83,True,active,0.064084,1.976071,0.045474,0.0,10.0,1.63,1.0,1.7,25.0,0.064084,1.34,1.62,1088.3,7.202,3.598,
exp25_select_one,ablationselect_one__ballspeed9__noplot__servebox,"{""--ablation"": ""select_one"", ""--ball-speed"": 9, ""--no-plot"": null, ""--serve-box"": null}",82,False,miss,0.170366,1.871524,0.133286,0.0,0.0,1.58,1.0,1.2,0.0,0.170366,0.0,1.79,1148.3,-1.0,-99.0,
exp25_select_one,ablationselect_one__ballspeed9__noplot__servebox,"{""--ablation"": ""select_one"", ""--ball-speed"": 9, ""--no-plot"": null, ""--serve-box"": null}",84,False,miss,0.316913,1.876725,0.292422,0.0,0.0,1.1,1.0,1.0,0.0,0.316913,0.0,1.85,1118.5,-1.0,-99.0,
exp25_select_one,ablationselect_one__ballspeed9__noplot__servebox,"{""--ablation"": ""select_one"", ""--ball-speed"": 9, ""--no-plot"": null, ""--serve-box"": null}",89,True,active,0.102042,1.869057,0.072567,50.0,105.0,1.78,1.0,1.8,15.0,0.102042,0.784,1.59,1122.0,6.952,0.546,
exp25_select_one,ablationselect_one__ballspeed9__noplot__servebox,"{""--ablation"": ""select_one"", ""--ball-speed"": 9, ""--no-plot"": null, ""--serve-box"": null}",76,False,miss,0.215106,1.824751,0.138343,0.0,0.0,1.81,1.0,1.3,0.0,0.215106,0.0,3.84,2432.6,-1.0,-99.0,
exp25_select_one,ablationselect_one__ballspeed9__noplot__servebox,"{""--ablation"": ""select_one"", ""--ball-speed"": 9, ""--no-plot"": null, ""--serve-box"": null}",90,True,active,0.097981,1.955669,0.085578,40.0,105.0,1.79,1.0,1.8,15.0,0.097981,1.326,1.73,1232.3,7.412,-3.008,
exp25_select_one,ablationselect_one__ballspeed9__noplot__servebox,"{""--ablation"": ""select_one"", ""--ball-speed"": 9, ""--no-plot"": null, ""--serve-box"": null}",77,True,active,0.082844,1.920986,0.057942,0.0,0.0,1.78,1.0,1.5,5.0,0.082844,0.819,3.93,2426.8,7.72,2.506,
exp25_select_one,ablationselect_one__ballspeed9__noplot__servebox,"{""--ablation"": ""select_one"", ""--ball-speed"": 9, ""--no-plot"": null, ""--serve-box"": null}",88,True,active,0.13969,1.940322,0.139342,30.0,75.0,1.66,0.99,1.6,10.0,0.13969,1.661,2.14,1537.5,8.103,-3.146,
exp25_select_one,ablationselect_one__ballspeed9__noplot__servebox,"{""--ablation"": ""select_one"", ""--ball-speed"": 9, ""--no-plot"": null, ""--serve-box"": null}",93,True,active,0.100502,1.954352,0.099269,30.0,105.0,1.79,1.0,1.8,15.0,0.100502,1.768,1.66,1128.4,7.095,-1.787,
exp25_select_one,ablationselect_one__ballspeed9__noplot__servebox,"{""--ablation"": ""select_one"", ""--ball-speed"": 9, ""--no-plot"": null, ""--serve-box"": null}",80,True,active,0.11026,1.90884,0.101403,40.0,105.0,1.56,1.0,1.8,0.0,0.11026,0.537,3.19,2388.0,6.373,-6.352,
exp25_select_one,ablationselect_one__ballspeed9__noplot__servebox,"{""--ablation"": ""select_one"", ""--ball-speed"": 9, ""--no-plot"": null, ""--serve-box"": null}",94,False,miss,0.254308,1.919579,0.095067,0.0,0.0,1.76,0.99,1.8,0.0,0.254308,0.0,1.58,1067.3,-1.0,-99.0,
exp25_select_one,ablationselect_one__ballspeed9__noplot__servebox,"{""--ablation"": ""select_one"", ""--ball-speed"": 9, ""--no-plot"": null, ""--serve-box"": null}",87,True,active,0.097414,1.952499,0.063516,40.0,100.0,1.2,1.0,1.3,10.0,0.097414,1.051,3.04,1866.1,8.226,-1.529,
exp25_select_one,ablationselect_one__ballspeed9__noplot__servebox,"{""--ablation"": ""select_one"", ""--ball-speed"": 9, ""--no-plot"": null, ""--serve-box"": null}",96,True,active,0.105163,1.921414,0.088012,45.0,105.0,1.36,1.0,1.2,0.0,0.105163,0.58,1.76,1076.9,7.383,-5.597,
exp25_select_one,ablationselect_one__ballspeed9__noplot__servebox,"{""--ablation"": ""select_one"", ""--ball-speed"": 9, ""--no-plot"": null, ""--serve-box"": null}",91,True,active,0.04866,1.952893,0.04866,40.0,105.0,1.54,0.99,2.2,15.0,0.04866,0.846,2.35,1180.0,6.678,-0.61,
exp25_select_one,ablationselect_one__ballspeed9__noplot__servebox,"{""--ablation"": ""select_one"", ""--ball-speed"": 9, ""--no-plot"": null, ""--serve-box"": null}",97,True,active,0.108247,1.929272,0.095706,45.0,105.0,1.36,1.0,1.3,5.0,0.108247,0.75,1.73,1110.1,7.765,-3.309,
exp25_select_one,ablationselect_one__ballspeed9__noplot__servebox,"{""--ablation"": ""select_one"", ""--ball-speed"": 9, ""--no-plot"": null, ""--serve-box"": null}",85,True,active,0.088981,1.945713,0.088981,45.0,105.0,1.8,1.0,2.1,20.0,0.088981,0.805,3.46,2404.6,6.096,-4.73,
exp25_select_one,ablationselect_one__ballspeed9__noplot__servebox,"{""--ablation"": ""select_one"", ""--ball-speed"": 9, ""--no-plot"": null, ""--serve-box"": null}",86,False,miss,0.219321,1.925802,0.123155,30.0,105.0,1.26,0.99,1.1,0.0,0.219321,0.0,3.49,2402.4,-1.0,-99.0,
exp25_select_one,ablationselect_one__ballspeed9__noplot__servebox,"{""--ablation"": ""select_one"", ""--ball-speed"": 9, ""--no-plot"": null, ""--serve-box"": null}",95,False,miss,0.325245,1.938519,0.141432,25.0,60.0,1.46,1.0,1.1,0.0,0.325245,0.0,2.39,1297.2,-1.0,-99.0,
exp25_select_one,ablationselect_one__ballspeed9__noplot__servebox,"{""--ablation"": ""select_one"", ""--ball-speed"": 9, ""--no-plot"": null, ""--serve-box"": null}",101,True,active,0.100259,1.943677,0.07218,20.0,45.0,1.41,1.0,1.3,5.0,0.100259,0.799,1.59,1072.5,8.086,-0.668,
exp25_select_one,ablationselect_one__ballspeed9__noplot__servebox,"{""--ablation"": ""select_one"", ""--ball-speed"": 9, ""--no-plot"": null, ""--serve-box"": null}",100,True,active,0.049212,1.93925,0.049212,35.0,105.0,1.75,0.99,1.9,5.0,0.049212,0.882,1.68,1068.7,7.777,-7.165,
exp25_select_one,ablationselect_one__ballspeed9__noplot__servebox,"{""--ablation"": ""select_one"", ""--ball-speed"": 9, ""--no-plot"": null, ""--serve-box"": null}",99,False,miss,0.305509,1.93921,0.144587,25.0,75.0,1.11,1.0,1.3,0.0,0.305509,0.0,1.9,1128.3,-1.0,-99.0,
exp25_select_one,ablationselect_one__ballspeed9__noplot__servebox,"{""--ablation"": ""select_one"", ""--ball-speed"": 9, ""--no-plot"": null, ""--serve-box"": null}",104,True,active,0.1222,1.935471,0.103432,45.0,105.0,1.67,1.0,1.4,20.0,0.1222,0.369,1.69,1087.1,7.407,-3.233,
exp25_select_one,ablationselect_one__ballspeed9__noplot__servebox,"{""--ablation"": ""select_one"", ""--ball-speed"": 9, ""--no-plot"": null, ""--serve-box"": null}",98,False,miss,0.313965,1.912186,0.103737,0.0,0.0,1.39,1.0,1.2,0.0,0.313965,0.0,2.16,1578.9,-1.0,-99.0,
exp25_select_one,ablationselect_one__ballspeed9__noplot__servebox,"{""--ablation"": ""select_one"", ""--ball-speed"": 9, ""--no-plot"": null, ""--serve-box"": null}",92,True,active,0.086686,1.962123,0.062391,0.0,0.0,1.79,0.94,2.0,20.0,0.086686,1.755,3.53,2404.8,7.906,1.8,
exp25_select_one,ablationselect_one__ballspeed9__noplot__servebox,"{""--ablation"": ""select_one"", ""--ball-speed"": 9, ""--no-plot"": null, ""--serve-box"": null}",105,True,active,0.049234,1.964807,0.026296,45.0,105.0,1.44,1.0,1.3,5.0,0.049234,1.369,1.69,1102.5,7.171,-2.708,
exp25_select_one,ablationselect_one__ballspeed9__noplot__servebox,"{""--ablation"": ""select_one"", ""--ball-speed"": 9, ""--no-plot"": null, ""--serve-box"": null}",107,True,active,0.095054,1.921701,0.068033,0.0,25.0,1.32,1.0,1.8,15.0,0.095054,1.139,1.65,1111.4,7.734,1.314,
exp25_select_one,ablationselect_one__ballspeed9__noplot__servebox,"{""--ablation"": ""select_one"", ""--ball-speed"": 9, ""--no-plot"": null, ""--serve-box"": null}",106,False,miss,0.275962,1.98523,0.073857,0.0,0.0,1.8,1.0,2.0,0.0,0.275962,0.0,1.9,1181.9,-1.0,-99.0,
exp25_select_one,ablationselect_one__ballspeed9__noplot__servebox,"{""--ablation"": ""select_one"", ""--ball-speed"": 9, ""--no-plot"": null, ""--serve-box"": null}",121,,,,,,,,,,,,,,0.18,,,,no_result
exp25_select_one,ablationselect_one__ballspeed9__noplot__servebox,"{""--ablation"": ""select_one"", ""--ball-speed"": 9, ""--no-plot"": null, ""--serve-box"": null}",103,False,miss,0.314058,1.973919,0.113915,10.0,25.0,1.54,1.0,1.6,0.0,0.314058,0.0,2.73,1745.4,-1.0,-99.0,
exp25_select_one,ablationselect_one__ballspeed9__noplot__servebox,"{""--ablation"": ""select_one"", ""--ball-speed"": 9, ""--no-plot"": null, ""--serve-box"": null}",102,True,active,0.106425,1.955596,0.078211,40.0,105.0,1.22,1.0,1.0,15.0,0.106425,0.539,2.86,1914.1,7.703,0.476,
exp25_select_one,ablationselect_one__ballspeed9__noplot__servebox,"{""--ablation"": ""select_one"", ""--ball-speed"": 9, ""--no-plot"": null, ""--serve-box"": null}",113,False,miss,0.268832,1.920381,0.089747,0.0,0.0,1.37,1.0,1.5,0.0,0.268832,0.0,1.62,1122.9,-1.0,-99.0,
exp25_select_one,ablationselect_one__ballspeed9__noplot__servebox,"{""--ablation"": ""select_one"", ""--ball-speed"": 9, ""--no-plot"": null, ""--serve-box"": null}",112,True,active,0.079211,1.950768,0.05372,0.0,0.0,1.48,0.99,1.3,10.0,0.079211,1.38,2.07,1571.3,7.612,2.953,
exp25_select_one,ablationselect_one__ballspeed9__noplot__servebox,"{""--ablation"": ""select_one"", ""--ball-speed"": 9, ""--no-plot"": null, ""--serve-box"": null}",117,False,miss,0.317533,1.926588,0.093557,0.0,0.0,1.42,1.0,1.6,0.0,0.317533,0.0,1.64,1058.0,-1.0,-99.0,
exp25_select_one,ablationselect_one__ballspeed9__noplot__servebox,"{""--ablation"": ""select_one"", ""--ball-speed"": 9, ""--no-plot"": null, ""--serve-box"": null}",115,False,miss,0.205537,1.859772,0.168566,0.0,0.0,1.19,1.0,1.3,0.0,0.205537,0.0,1.87,1089.7,-1.0,-99.0,
exp25_select_one,ablationselect_one__ballspeed9__noplot__servebox,"{""--ablation"": ""select_one"", ""--ball-speed"": 9, ""--no-plot"": null, ""--serve-box"": null}",119,True,active,0.133004,1.954545,0.093604,45.0,60.0,1.76,1.0,1.4,30.0,0.133004,1.233,1.6,1060.1,8.908,-2.325,
exp25_select_one,ablationselect_one__ballspeed9__noplot__servebox,"{""--ablation"": ""select_one"", ""--ball-speed"": 9, ""--no-plot"": null, ""--serve-box"": null}",110,True,active,0.094355,1.962652,0.028212,0.0,0.0,1.8,0.99,1.8,10.0,0.094355,1.722,2.76,1615.7,8.738,-1.478,
exp25_select_one,ablationselect_one__ballspeed9__noplot__servebox,"{""--ablation"": ""select_one"", ""--ball-speed"": 9, ""--no-plot"": null, ""--serve-box"": null}",111,True,active,0.114159,1.809259,0.097675,0.0,0.0,1.8,1.0,2.2,25.0,0.114159,1.792,2.89,2146.6,7.867,1.962,
exp25_select_one,ablationselect_one__ballspeed9__noplot__servebox,"{""--ablation"": ""select_one"", ""--ball-speed"": 9, ""--no-plot"": null, ""--serve-box"": null}",114,False,miss,0.43129,1.904369,0.157438,20.0,0.0,1.78,1.0,1.8,0.0,0.43129,0.0,2.45,1387.7,-1.0,-99.0,
exp25_select_one,ablationselect_one__ballspeed9__noplot__servebox,"{""--ablation"": ""select_one"", ""--ball-speed"": 9, ""--no-plot"": null, ""--serve-box"": null}",108,False,miss,0.212942,1.911298,0.153155,25.0,50.0,1.57,1.0,1.2,0.0,0.212942,0.0,3.45,2265.2,-1.0,-99.0,
exp25_select_one,ablationselect_one__ballspeed9__noplot__servebox,"{""--ablation"": ""select_one"", ""--ball-speed"": 9, ""--no-plot"": null, ""--serve-box"": null}",118,False,miss,0.245666,1.919561,0.156588,20.0,40.0,1.8,0.96,1.2,0.0,0.245666,0.0,2.33,1244.1,-1.0,-99.0,
exp25_select_one,ablationselect_one__ballspeed9__noplot__servebox,"{""--ablation"": ""select_one"", ""--ball-speed"": 9, ""--no-plot"": null, ""--serve-box"": null}",122,True,active,0.070315,1.960592,0.070315,40.0,105.0,1.7,1.0,1.7,15.0,0.070315,0.649,1.72,1183.2,7.237,-0.231,
exp25_select_one,ablationselect_one__ballspeed9__noplot__servebox,"{""--ablation"": ""select_one"", ""--ball-speed"": 9, ""--no-plot"": null, ""--serve-box"": null}",109,True,active,0.103147,1.909924,0.07305,40.0,65.0,0.99,1.0,1.3,20.0,0.103147,0.349,3.53,2385.2,7.276,-0.282,
exp25_select_one,ablationselect_one__ballspeed9__noplot__servebox,"{""--ablation"": ""select_one"", ""--ball-speed"": 9, ""--no-plot"": null, ""--serve-box"": null}",123,True,active,0.045273,2.000089,0.045273,40.0,105.0,1.58,1.0,1.4,20.0,0.045273,0.428,1.71,1153.8,7.594,-3.678,
exp25_select_one,ablationselect_one__ballspeed9__noplot__servebox,"{""--ablation"": ""select_one"", ""--ball-speed"": 9, ""--no-plot"": null, ""--serve-box"": null}",124,True,active,0.082561,1.950659,0.050802,40.0,105.0,1.77,1.0,1.8,10.0,0.082561,1.767,1.85,1130.9,7.439,-2.239,
exp25_select_one,ablationselect_one__ballspeed9__noplot__servebox,"{""--ablation"": ""select_one"", ""--ball-speed"": 9, ""--no-plot"": null, ""--serve-box"": null}",116,False,miss,0.201223,1.936768,0.107963,30.0,80.0,1.81,0.98,1.7,0.0,0.201223,0.0,3.18,1894.6,-1.0,-99.0,
exp25_select_one,ablationselect_one__ballspeed9__noplot__servebox,"{""--ablation"": ""select_one"", ""--ball-speed"": 9, ""--no-plot"": null, ""--serve-box"": null}",127,True,active,0.072386,1.965727,0.044465,45.0,105.0,1.79,0.97,1.9,15.0,0.072386,1.744,1.77,1120.2,8.214,-3.547,
exp25_select_one,ablationselect_one__ballspeed9__noplot__servebox,"{""--ablation"": ""select_one"", ""--ball-speed"": 9, ""--no-plot"": null, ""--serve-box"": null}",128,True,active,0.069316,1.945273,0.039243,45.0,105.0,1.78,0.99,1.4,10.0,0.069316,1.783,1.7,1092.2,7.357,-1.518,
exp25_select_one,ablationselect_one__ballspeed9__noplot__servebox,"{""--ablation"": ""select_one"", ""--ball-speed"": 9, ""--no-plot"": null, ""--serve-box"": null}",129,True,active,0.130129,1.939543,0.124935,40.0,105.0,1.41,1.0,1.2,5.0,0.130129,0.62,1.83,1280.8,7.512,-5.739,
exp25_select_one,ablationselect_one__ballspeed9__noplot__servebox,"{""--ablation"": ""select_one"", ""--ball-speed"": 9, ""--no-plot"": null, ""--serve-box"": null}",120,True,active,0.10545,1.926263,0.10545,40.0,105.0,1.79,0.99,1.6,25.0,0.10545,1.608,3.1,2105.1,8.382,-4.608,
exp25_select_one,ablationselect_one__ballspeed9__noplot__servebox,"{""--ablation"": ""select_one"", ""--ball-speed"": 9, ""--no-plot"": null, ""--serve-box"": null}",130,True,active,0.045773,1.89894,0.017651,25.0,40.0,1.8,0.99,1.2,5.0,0.045773,0.987,1.91,1189.8,8.001,-0.122,
exp25_select_one,ablationselect_one__ballspeed9__noplot__servebox,"{""--ablation"": ""select_one"", ""--ball-speed"": 9, ""--no-plot"": null, ""--serve-box"": null}",125,False,miss,0.216489,1.922221,0.117931,30.0,80.0,1.78,0.99,1.2,0.0,0.216489,0.0,2.55,1348.9,-1.0,-99.0,
exp25_select_one,ablationselect_one__ballspeed9__noplot__servebox,"{""--ablation"": ""select_one"", ""--ball-speed"": 9, ""--no-plot"": null, ""--serve-box"": null}",133,True,active,0.108291,1.92556,0.065061,20.0,50.0,1.46,0.99,2.4,10.0,0.108291,0.996,1.66,1099.5,8.179,-0.127,
exp25_select_one,ablationselect_one__ballspeed9__noplot__servebox,"{""--ablation"": ""select_one"", ""--ball-speed"": 9, ""--no-plot"": null, ""--serve-box"": null}",134,True,active,0.092889,1.972479,0.040561,0.0,0.0,1.6,0.99,1.7,15.0,0.092889,1.436,1.73,1122.6,7.786,3.085,
exp25_select_one,ablationselect_one__ballspeed9__noplot__servebox,"{""--ablation"": ""select_one"", ""--ball-speed"": 9, ""--no-plot"": null, ""--serve-box"": null}",136,False,miss,0.218693,1.917347,0.148556,25.0,60.0,1.22,1.0,1.1,0.0,0.218693,0.0,1.88,1275.2,-1.0,-99.0,
exp25_select_one,ablationselect_one__ballspeed9__noplot__servebox,"{""--ablation"": ""select_one"", ""--ball-speed"": 9, ""--no-plot"": null, ""--serve-box"": null}",135,False,miss,0.410655,1.938138,0.227559,0.0,0.0,1.76,0.99,2.3,0.0,0.410655,0.0,2.32,1680.9,-1.0,-99.0,
exp25_select_one,ablationselect_one__ballspeed9__noplot__servebox,"{""--ablation"": ""select_one"", ""--ball-speed"": 9, ""--no-plot"": null, ""--serve-box"": null}",138,True,active,0.12256,1.907526,0.110541,45.0,105.0,1.79,0.97,2.0,25.0,0.12256,0.756,1.91,1276.0,6.375,-2.049,
exp25_select_one,ablationselect_one__ballspeed9__noplot__servebox,"{""--ablation"": ""select_one"", ""--ball-speed"": 9, ""--no-plot"": null, ""--serve-box"": null}",137,False,miss,0.308794,1.918252,0.149737,0.0,0.0,1.18,1.0,1.4,0.0,0.308794,0.0,2.36,1302.3,-1.0,-99.0,
exp25_select_one,ablationselect_one__ballspeed9__noplot__servebox,"{""--ablation"": ""select_one"", ""--ball-speed"": 9, ""--no-plot"": null, ""--serve-box"": null}",132,True,active,0.067922,1.95642,0.067922,35.0,105.0,1.46,1.0,1.3,15.0,0.067922,0.401,2.91,2243.6,7.432,-5.9,
exp25_select_one,ablationselect_one__ballspeed9__noplot__servebox,"{""--ablation"": ""select_one"", ""--ball-speed"": 9, ""--no-plot"": null, ""--serve-box"": null}",126,False,miss,0.215366,1.819688,0.089939,0.0,0.0,1.74,1.0,1.3,0.0,0.215366,0.0,3.72,2310.6,-1.0,-99.0,
exp25_select_one,ablationselect_one__ballspeed9__noplot__servebox,"{""--ablation"": ""select_one"", ""--ball-speed"": 9, ""--no-plot"": null, ""--serve-box"": null}",142,True,active,0.113616,1.94604,0.081058,45.0,105.0,1.81,0.93,1.3,10.0,0.113616,0.461,1.68,1101.8,8.159,-3.855,
exp25_select_one,ablationselect_one__ballspeed9__noplot__servebox,"{""--ablation"": ""select_one"", ""--ball-speed"": 9, ""--no-plot"": null, ""--serve-box"": null}",143,True,active,0.009975,1.946136,0.009975,45.0,105.0,1.78,1.0,1.5,5.0,0.009975,1.352,1.76,1108.9,7.154,-0.942,
exp25_select_one,ablationselect_one__ballspeed9__noplot__servebox,"{""--ablation"": ""select_one"", ""--ball-speed"": 9, ""--no-plot"": null, ""--serve-box"": null}",145,True,active,0.040173,1.948973,0.040173,0.0,0.0,1.77,0.98,1.5,0.0,0.040173,1.362,1.69,1107.8,7.61,1.702,
exp25_select_one,ablationselect_one__ballspeed9__noplot__servebox,"{""--ablation"": ""select_one"", ""--ball-speed"": 9, ""--no-plot"": null, ""--serve-box"": null}",131,False,miss,0.385617,1.892714,0.121889,0.0,0.0,1.8,1.0,1.9,0.0,0.385617,0.0,3.65,2284.8,-1.0,-99.0,
exp25_select_one,ablationselect_one__ballspeed9__noplot__servebox,"{""--ablation"": ""select_one"", ""--ball-speed"": 9, ""--no-plot"": null, ""--serve-box"": null}",146,True,active,0.093575,1.912091,0.084501,40.0,105.0,1.79,1.0,1.6,15.0,0.093575,1.218,1.7,1194.9,7.175,-3.291,
exp25_select_one,ablationselect_one__ballspeed9__noplot__servebox,"{""--ablation"": ""select_one"", ""--ball-speed"": 9, ""--no-plot"": null, ""--serve-box"": null}",141,True,active,0.082978,1.953454,0.076165,45.0,105.0,1.79,1.0,1.5,20.0,0.082978,0.656,2.4,1811.1,6.618,-3.339,
exp25_select_one,ablationselect_one__ballspeed9__noplot__servebox,"{""--ablation"": ""select_one"", ""--ball-speed"": 9, ""--no-plot"": null, ""--serve-box"": null}",148,False,miss,0.213103,1.939419,0.119705,0.0,15.0,1.41,1.0,1.5,0.0,0.213103,0.0,1.89,1321.7,-1.0,-99.0,
exp25_select_one,ablationselect_one__ballspeed9__noplot__servebox,"{""--ablation"": ""select_one"", ""--ball-speed"": 9, ""--no-plot"": null, ""--serve-box"": null}",149,True,active,0.105643,1.913491,0.094015,45.0,105.0,1.41,1.0,1.5,5.0,0.105643,0.378,1.72,1291.0,7.36,-5.735,
exp25_select_one,ablationselect_one__ballspeed9__noplot__servebox,"{""--ablation"": ""select_one"", ""--ball-speed"": 9, ""--no-plot"": null, ""--serve-box"": null}",147,True,active,0.108237,1.945263,0.106284,40.0,105.0,1.37,1.0,1.4,10.0,0.108237,0.742,2.42,1180.2,7.407,-2.587,
exp25_select_one,ablationselect_one__ballspeed9__noplot__servebox,"{""--ablation"": ""select_one"", ""--ball-speed"": 9, ""--no-plot"": null, ""--serve-box"": null}",139,True,active,0.058813,1.966664,0.058813,45.0,105.0,1.79,1.0,1.4,20.0,0.058813,1.53,3.49,2390.8,7.283,-4.646,
exp25_select_one,ablationselect_one__ballspeed9__noplot__servebox,"{""--ablation"": ""select_one"", ""--ball-speed"": 9, ""--no-plot"": null, ""--serve-box"": null}",140,False,miss,0.242099,1.896661,0.155043,25.0,45.0,1.08,0.99,1.4,0.0,0.242099,0.0,3.29,2393.2,-1.0,-99.0,
exp25_select_one,ablationselect_one__ballspeed9__noplot__servebox,"{""--ablation"": ""select_one"", ""--ball-speed"": 9, ""--no-plot"": null, ""--serve-box"": null}",150,True,active,0.056472,1.961732,0.052943,50.0,105.0,1.8,1.0,1.7,20.0,0.056472,1.068,1.89,1278.0,7.159,-5.826,
exp25_select_one,ablationselect_one__ballspeed9__noplot__servebox,"{""--ablation"": ""select_one"", ""--ball-speed"": 9, ""--no-plot"": null, ""--serve-box"": null}",152,False,miss,0.262412,1.855517,0.237915,0.0,0.0,1.22,1.0,1.1,0.0,0.262412,0.0,1.77,1141.8,-1.0,-99.0,
exp25_select_one,ablationselect_one__ballspeed9__noplot__servebox,"{""--ablation"": ""select_one"", ""--ball-speed"": 9, ""--no-plot"": null, ""--serve-box"": null}",144,True,active,0.118331,1.897959,0.088313,50.0,105.0,1.76,0.99,1.7,25.0,0.118331,0.504,3.12,1823.4,7.135,-2.533,
exp25_select_one,ablationselect_one__ballspeed9__noplot__servebox,"{""--ablation"": ""select_one"", ""--ball-speed"": 9, ""--no-plot"": null, ""--serve-box"": null}",153,False,miss,0.252624,1.884503,0.158975,20.0,0.0,1.07,1.0,1.2,0.0,0.252624,0.0,2.14,1155.3,-1.0,-99.0,
exp25_select_one,ablationselect_one__ballspeed9__noplot__servebox,"{""--ablation"": ""select_one"", ""--ball-speed"": 9, ""--no-plot"": null, ""--serve-box"": null}",157,True,active,0.09842,1.942859,0.033262,50.0,105.0,1.24,1.0,1.0,5.0,0.09842,0.881,1.6,1117.5,8.141,-4.388,
exp25_select_one,ablationselect_one__ballspeed9__noplot__servebox,"{""--ablation"": ""select_one"", ""--ball-speed"": 9, ""--no-plot"": null, ""--serve-box"": null}",158,True,passive,0.093098,1.943115,0.072502,55.0,105.0,1.44,0.99,1.4,15.0,0.093098,0.198,1.64,1112.7,7.474,-4.227,
exp25_select_one,ablationselect_one__ballspeed9__noplot__servebox,"{""--ablation"": ""select_one"", ""--ball-speed"": 9, ""--no-plot"": null, ""--serve-box"": null}",156,False,miss,0.305831,1.964029,0.160512,15.0,25.0,1.68,1.0,1.1,0.0,0.305831,0.0,2.02,1346.8,-1.0,-99.0,
exp25_select_one,ablationselect_one__ballspeed9__noplot__servebox,"{""--ablation"": ""select_one"", ""--ball-speed"": 9, ""--no-plot"": null, ""--serve-box"": null}",151,True,active,0.089562,1.960197,0.076603,40.0,105.0,1.74,1.0,1.5,10.0,0.089562,1.74,2.7,1872.1,7.389,-4.176,
exp25_select_one,ablationselect_one__ballspeed9__noplot__servebox,"{""--ablation"": ""select_one"", ""--ball-speed"": 9, ""--no-plot"": null, ""--serve-box"": null}",160,False,miss,0.279097,1.948816,0.12976,30.0,105.0,1.22,1.0,1.5,0.0,0.279097,0.0,1.61,1107.3,-1.0,-99.0,
exp25_select_one,ablationselect_one__ballspeed9__noplot__servebox,"{""--ablation"": ""select_one"", ""--ball-speed"": 9, ""--no-plot"": null, ""--serve-box"": null}",154,True,passive,0.113935,1.904468,0.100843,40.0,105.0,1.4,1.0,1.7,10.0,0.113935,0.242,2.84,2318.9,6.922,-6.335,
exp25_select_one,ablationselect_one__ballspeed9__noplot__servebox,"{""--ablation"": ""select_one"", ""--ball-speed"": 9, ""--no-plot"": null, ""--serve-box"": null}",163,False,miss,0.229473,1.920042,0.165861,15.0,25.0,1.78,0.96,1.5,0.0,0.229473,0.0,1.75,1105.7,-1.0,-99.0,
exp25_select_one,ablationselect_one__ballspeed9__noplot__servebox,"{""--ablation"": ""select_one"", ""--ball-speed"": 9, ""--no-plot"": null, ""--serve-box"": null}",159,True,active,0.079128,1.919843,0.079128,35.0,105.0,1.8,0.99,1.7,10.0,0.079128,0.939,2.63,1619.0,8.17,-6.579,
exp25_select_one,ablationselect_one__ballspeed9__noplot__servebox,"{""--ablation"": ""select_one"", ""--ball-speed"": 9, ""--no-plot"": null, ""--serve-box"": null}",166,True,active,0.095449,1.906015,0.041528,45.0,50.0,1.51,0.99,1.6,5.0,0.095449,1.138,1.62,1091.1,6.999,0.946,
exp25_select_one,ablationselect_one__ballspeed9__noplot__servebox,"{""--ablation"": ""select_one"", ""--ball-speed"": 9, ""--no-plot"": null, ""--serve-box"": null}",165,True,active,0.095158,1.912754,0.083024,45.0,105.0,1.5,0.99,1.7,10.0,0.095158,1.021,1.76,1092.8,6.704,-3.985,
exp25_select_one,ablationselect_one__ballspeed9__noplot__servebox,"{""--ablation"": ""select_one"", ""--ball-speed"": 9, ""--no-plot"": null, ""--serve-box"": null}",162,False,miss,0.270399,1.891068,0.224589,0.0,0.0,0.94,0.99,1.1,0.0,0.270399,0.0,2.09,1341.5,-1.0,-99.0,
exp25_select_one,ablationselect_one__ballspeed9__noplot__servebox,"{""--ablation"": ""select_one"", ""--ball-speed"": 9, ""--no-plot"": null, ""--serve-box"": null}",164,False,miss,0.273609,1.937519,0.095374,0.0,0.0,1.76,1.0,1.5,0.0,0.273609,0.0,1.97,1367.8,-1.0,-99.0,
exp25_select_one,ablationselect_one__ballspeed9__noplot__servebox,"{""--ablation"": ""select_one"", ""--ball-speed"": 9, ""--no-plot"": null, ""--serve-box"": null}",171,True,active,0.138794,1.993151,0.12573,40.0,75.0,1.8,1.0,1.7,30.0,0.138794,1.141,1.66,1189.3,8.603,-5.558,
exp25_select_one,ablationselect_one__ballspeed9__noplot__servebox,"{""--ablation"": ""select_one"", ""--ball-speed"": 9, ""--no-plot"": null, ""--serve-box"": null}",155,False,miss,0.260576,1.924825,0.153677,0.0,0.0,1.76,0.98,1.5,0.0,0.260576,0.0,3.89,2428.5,-1.0,-99.0,
exp25_select_one,ablationselect_one__ballspeed9__noplot__servebox,"{""--ablation"": ""select_one"", ""--ball-speed"": 9, ""--no-plot"": null, ""--serve-box"": null}",173,True,active,0.050283,1.945304,0.047215,35.0,105.0,1.79,0.99,1.4,0.0,0.050283,1.363,1.75,1252.2,8.034,-3.259,
exp25_select_one,ablationselect_one__ballspeed9__noplot__servebox,"{""--ablation"": ""select_one"", ""--ball-speed"": 9, ""--no-plot"": null, ""--serve-box"": null}",172,True,active,0.067167,1.950278,0.058287,35.0,105.0,1.71,1.0,1.7,10.0,0.067167,1.673,1.92,1374.3,6.968,-3.291,
exp25_select_one,ablationselect_one__ballspeed9__noplot__servebox,"{""--ablation"": ""select_one"", ""--ball-speed"": 9, ""--no-plot"": null, ""--serve-box"": null}",161,False,miss,0.238441,1.85536,0.149332,0.0,25.0,1.33,1.0,1.3,0.0,0.238441,0.0,3.26,2390.3,-1.0,-99.0,
exp25_select_one,ablationselect_one__ballspeed9__noplot__servebox,"{""--ablation"": ""select_one"", ""--ball-speed"": 9, ""--no-plot"": null, ""--serve-box"": null}",174,False,miss,0.197907,1.847701,0.171992,0.0,0.0,1.8,0.94,1.3,0.0,0.197907,0.0,1.77,1165.8,-1.0,-99.0,
exp25_select_one,ablationselect_one__ballspeed9__noplot__servebox,"{""--ablation"": ""select_one"", ""--ball-speed"": 9, ""--no-plot"": null, ""--serve-box"": null}",168,False,miss,0.192082,1.938751,0.094838,0.0,0.0,1.81,0.99,2.0,0.0,0.192082,0.0,2.78,2138.5,-1.0,-99.0,
exp25_select_one,ablationselect_one__ballspeed9__noplot__servebox,"{""--ablation"": ""select_one"", ""--ball-speed"": 9, ""--no-plot"": null, ""--serve-box"": null}",176,False,miss,0.304167,1.942451,0.183289,0.0,0.0,1.03,1.0,1.3,0.0,0.304167,0.0,1.7,1104.6,-1.0,-99.0,
exp25_select_one,ablationselect_one__ballspeed9__noplot__servebox,"{""--ablation"": ""select_one"", ""--ball-speed"": 9, ""--no-plot"": null, ""--serve-box"": null}",177,True,active,0.085487,1.965526,0.060328,0.0,0.0,1.76,0.99,1.8,20.0,0.085487,1.742,1.68,1103.4,7.978,0.859,
exp25_select_one,ablationselect_one__ballspeed9__noplot__servebox,"{""--ablation"": ""select_one"", ""--ball-speed"": 9, ""--no-plot"": null, ""--serve-box"": null}",178,False,miss,0.218867,1.898695,0.159503,0.0,0.0,1.73,0.99,1.4,0.0,0.218867,0.0,1.73,1114.5,-1.0,-99.0,
exp25_select_one,ablationselect_one__ballspeed9__noplot__servebox,"{""--ablation"": ""select_one"", ""--ball-speed"": 9, ""--no-plot"": null, ""--serve-box"": null}",180,True,active,0.065815,1.946017,0.065815,0.0,0.0,1.78,1.0,1.8,15.0,0.065815,1.779,1.61,1093.6,7.203,1.429,
exp25_select_one,ablationselect_one__ballspeed9__noplot__servebox,"{""--ablation"": ""select_one"", ""--ball-speed"": 9, ""--no-plot"": null, ""--serve-box"": null}",167,True,active,0.074562,1.930105,0.074562,35.0,105.0,1.81,1.0,1.9,5.0,0.074562,0.718,3.51,2398.1,8.255,-4.251,
exp25_select_one,ablationselect_one__ballspeed9__noplot__servebox,"{""--ablation"": ""select_one"", ""--ball-speed"": 9, ""--no-plot"": null, ""--serve-box"": null}",169,False,miss,0.216754,1.869478,0.190803,0.0,0.0,1.79,0.99,1.3,0.0,0.216754,0.0,3.4,2115.0,-1.0,-99.0,
exp25_select_one,ablationselect_one__ballspeed9__noplot__servebox,"{""--ablation"": ""select_one"", ""--ball-speed"": 9, ""--no-plot"": null, ""--serve-box"": null}",170,False,miss,0.142744,1.84791,0.121844,35.0,105.0,1.46,1.0,1.3,0.0,0.142744,0.0,3.81,2400.3,-1.0,-99.0,
exp25_select_one,ablationselect_one__ballspeed9__noplot__servebox,"{""--ablation"": ""select_one"", ""--ball-speed"": 9, ""--no-plot"": null, ""--serve-box"": null}",183,True,active,0.05363,2.013385,0.051166,45.0,105.0,1.76,1.0,1.6,30.0,0.05363,1.008,1.65,1165.4,7.076,-1.445,
exp25_select_one,ablationselect_one__ballspeed9__noplot__servebox,"{""--ablation"": ""select_one"", ""--ball-speed"": 9, ""--no-plot"": null, ""--serve-box"": null}",182,True,active,0.106469,2.012399,0.104574,40.0,105.0,1.81,0.99,1.8,30.0,0.106469,1.249,2.03,1565.5,8.282,-3.196,
exp25_select_one,ablationselect_one__ballspeed9__noplot__servebox,"{""--ablation"": ""select_one"", ""--ball-speed"": 9, ""--no-plot"": null, ""--serve-box"": null}",185,False,miss,0.219902,1.929268,0.107008,0.0,30.0,1.78,1.0,1.4,0.0,0.219902,0.0,1.66,1132.9,-1.0,-99.0,
exp25_select_one,ablationselect_one__ballspeed9__noplot__servebox,"{""--ablation"": ""select_one"", ""--ball-speed"": 9, ""--no-plot"": null, ""--serve-box"": null}",186,True,active,0.10379,1.945504,0.033228,50.0,105.0,1.59,1.0,1.4,15.0,0.10379,1.044,1.77,1217.4,7.632,0.45,
exp25_select_one,ablationselect_one__ballspeed9__noplot__servebox,"{""--ablation"": ""select_one"", ""--ball-speed"": 9, ""--no-plot"": null, ""--serve-box"": null}",189,True,active,0.123923,1.948762,0.1186,40.0,105.0,1.57,0.97,2.0,15.0,0.123923,1.426,1.63,1113.9,6.683,-0.524,
exp25_select_one,ablationselect_one__ballspeed9__noplot__servebox,"{""--ablation"": ""select_one"", ""--ball-speed"": 9, ""--no-plot"": null, ""--serve-box"": null}",187,True,active,0.099223,1.936528,0.083286,45.0,105.0,1.8,1.0,1.4,15.0,0.099223,1.08,1.75,1107.3,7.565,-3.094,
exp25_select_one,ablationselect_one__ballspeed9__noplot__servebox,"{""--ablation"": ""select_one"", ""--ball-speed"": 9, ""--no-plot"": null, ""--serve-box"": null}",188,True,active,0.095183,1.949121,0.092519,40.0,105.0,1.55,1.0,1.6,5.0,0.095183,1.04,1.74,1137.7,7.688,-6.063,
exp25_select_one,ablationselect_one__ballspeed9__noplot__servebox,"{""--ablation"": ""select_one"", ""--ball-speed"": 9, ""--no-plot"": null, ""--serve-box"": null}",175,True,active,0.127275,1.951491,0.11614,45.0,105.0,1.17,1.0,1.4,10.0,0.127275,0.432,3.51,2422.6,6.841,-2.812,
exp25_select_one,ablationselect_one__ballspeed9__noplot__servebox,"{""--ablation"": ""select_one"", ""--ball-speed"": 9, ""--no-plot"": null, ""--serve-box"": null}",179,True,active,0.099793,2.014245,0.085965,45.0,105.0,1.56,1.0,1.7,40.0,0.099793,0.871,3.3,2084.0,7.763,-2.297,
exp25_select_one,ablationselect_one__ballspeed9__noplot__servebox,"{""--ablation"": ""select_one"", ""--ball-speed"": 9, ""--no-plot"": null, ""--serve-box"": null}",191,True,active,0.088732,1.951319,0.056598,50.0,105.0,1.79,0.99,1.5,0.0,0.088732,0.986,1.8,1262.2,7.763,-3.715,
exp25_select_one,ablationselect_one__ballspeed9__noplot__servebox,"{""--ablation"": ""select_one"", ""--ball-speed"": 9, ""--no-plot"": null, ""--serve-box"": null}",181,True,active,0.107855,1.918516,0.10592,45.0,105.0,1.26,0.98,1.7,20.0,0.107855,0.669,3.5,2369.9,6.021,-2.649,
exp25_select_one,ablationselect_one__ballspeed9__noplot__servebox,"{""--ablation"": ""select_one"", ""--ball-speed"": 9, ""--no-plot"": null, ""--serve-box"": null}",184,True,active,0.017136,1.966496,0.017136,45.0,105.0,1.66,1.0,2.2,25.0,0.017136,0.399,3.1,1892.5,7.287,-5.085,
exp25_select_one,ablationselect_one__ballspeed9__noplot__servebox,"{""--ablation"": ""select_one"", ""--ball-speed"": 9, ""--no-plot"": null, ""--serve-box"": null}",190,True,active,0.105147,1.943329,0.077003,50.0,105.0,1.74,0.99,2.1,10.0,0.105147,1.397,2.7,1722.2,6.098,0.016,
exp25_select_one,ablationselect_one__ballspeed9__noplot__servebox,"{""--ablation"": ""select_one"", ""--ball-speed"": 9, ""--no-plot"": null, ""--serve-box"": null}",196,False,miss,0.355567,1.800836,0.281881,0.0,0.0,1.45,1.0,1.2,0.0,0.355567,0.0,1.85,1168.2,-1.0,-99.0,
exp25_select_one,ablationselect_one__ballspeed9__noplot__servebox,"{""--ablation"": ""select_one"", ""--ball-speed"": 9, ""--no-plot"": null, ""--serve-box"": null}",197,False,miss,0.169193,1.889431,0.137554,0.0,0.0,1.35,0.99,1.3,0.0,0.169193,0.0,1.73,1123.4,-1.0,-99.0,
exp25_select_one,ablationselect_one__ballspeed9__noplot__servebox,"{""--ablation"": ""select_one"", ""--ball-speed"": 9, ""--no-plot"": null, ""--serve-box"": null}",194,False,miss,0.249927,1.883337,0.212444,0.0,0.0,0.98,0.98,0.8,0.0,0.249927,0.0,2.2,1182.3,-1.0,-99.0,
exp25_select_one,ablationselect_one__ballspeed9__noplot__servebox,"{""--ablation"": ""select_one"", ""--ball-speed"": 9, ""--no-plot"": null, ""--serve-box"": null}",198,True,active,0.052433,1.970374,0.052433,40.0,105.0,1.78,0.98,1.7,15.0,0.052433,1.674,1.83,1272.7,5.576,-2.338,
exp25_select_one,ablationselect_one__ballspeed9__noplot__servebox,"{""--ablation"": ""select_one"", ""--ball-speed"": 9, ""--no-plot"": null, ""--serve-box"": null}",199,False,miss,0.356875,1.971343,0.115141,30.0,105.0,1.76,0.97,1.3,0.0,0.356875,0.0,1.68,1176.8,-1.0,-99.0,
exp25_select_one,ablationselect_one__ballspeed9__noplot__servebox,"{""--ablation"": ""select_one"", ""--ball-speed"": 9, ""--no-plot"": null, ""--serve-box"": null}",195,True,active,0.109453,1.948812,0.05662,50.0,105.0,1.34,1.0,1.1,10.0,0.109453,1.258,2.3,1545.8,7.2,-3.231,
exp25_select_one,ablationselect_one__ballspeed12__noplot__servebox,"{""--ablation"": ""select_one"", ""--ball-speed"": 12, ""--no-plot"": null, ""--serve-box"": null}",2,False,miss,0.416641,1.838714,0.150496,15.0,15.0,1.25,0.98,1.2,0.0,0.416641,0.0,1.68,1148.7,-1.0,-99.0,
exp25_select_one,ablationselect_one__ballspeed9__noplot__servebox,"{""--ablation"": ""select_one"", ""--ball-speed"": 9, ""--no-plot"": null, ""--serve-box"": null}",193,True,active,0.108118,1.958149,0.049109,50.0,105.0,1.44,1.0,1.5,10.0,0.108118,1.436,3.19,2327.3,7.563,-1.461,
exp25_select_one,ablationselect_one__ballspeed12__noplot__servebox,"{""--ablation"": ""select_one"", ""--ball-speed"": 12, ""--no-plot"": null, ""--serve-box"": null}",1,False,miss,0.223345,1.824212,0.188505,0.0,0.0,1.77,0.99,1.6,0.0,0.223345,0.0,2.11,1553.2,-1.0,-99.0,
exp25_select_one,ablationselect_one__ballspeed9__noplot__servebox,"{""--ablation"": ""select_one"", ""--ball-speed"": 9, ""--no-plot"": null, ""--serve-box"": null}",192,False,miss,0.259516,1.90302,0.136293,0.0,0.0,1.36,1.0,1.6,0.0,0.259516,0.0,3.63,2309.2,-1.0,-99.0,
exp25_select_one,ablationselect_one__ballspeed9__noplot__servebox,"{""--ablation"": ""select_one"", ""--ball-speed"": 9, ""--no-plot"": null, ""--serve-box"": null}",200,False,miss,0.281359,1.963999,0.105908,0.0,0.0,1.79,0.97,1.4,0.0,0.281359,0.0,2.54,1784.5,-1.0,-99.0,
exp25_select_one,ablationselect_one__ballspeed12__noplot__servebox,"{""--ablation"": ""select_one"", ""--ball-speed"": 12, ""--no-plot"": null, ""--serve-box"": null}",5,False,miss,0.161311,1.780889,0.131777,0.0,0.0,1.62,1.0,1.3,0.0,0.161311,0.0,1.88,1324.4,-1.0,-99.0,
exp25_select_one,ablationselect_one__ballspeed12__noplot__servebox,"{""--ablation"": ""select_one"", ""--ball-speed"": 12, ""--no-plot"": null, ""--serve-box"": null}",8,True,active,0.123199,1.866578,0.110574,40.0,105.0,1.77,1.0,2.4,15.0,0.123199,1.77,1.71,1185.2,6.703,-2.867,
exp25_select_one,ablationselect_one__ballspeed12__noplot__servebox,"{""--ablation"": ""select_one"", ""--ball-speed"": 12, ""--no-plot"": null, ""--serve-box"": null}",20,,,,,,,,,,,,,,0.18,,,,no_result
exp25_select_one,ablationselect_one__ballspeed12__noplot__servebox,"{""--ablation"": ""select_one"", ""--ball-speed"": 12, ""--no-plot"": null, ""--serve-box"": null}",14,False,miss,0.360408,1.891252,0.158868,15.0,0.0,1.48,1.0,1.5,0.0,0.360408,0.0,1.65,1221.1,-1.0,-99.0,
exp25_select_one,ablationselect_one__ballspeed12__noplot__servebox,"{""--ablation"": ""select_one"", ""--ball-speed"": 12, ""--no-plot"": null, ""--serve-box"": null}",21,,,,,,,,,,,,,,0.25,,,,no_result
exp25_select_one,ablationselect_one__ballspeed12__noplot__servebox,"{""--ablation"": ""select_one"", ""--ball-speed"": 12, ""--no-plot"": null, ""--serve-box"": null}",4,True,active,0.044524,1.893425,0.025085,35.0,105.0,1.8,1.0,1.4,5.0,0.044524,0.855,3.25,2308.6,9.333,-5.796,
exp25_select_one,ablationselect_one__ballspeed12__noplot__servebox,"{""--ablation"": ""select_one"", ""--ball-speed"": 12, ""--no-plot"": null, ""--serve-box"": null}",3,True,active,0.085223,1.788997,0.030925,40.0,90.0,1.79,1.0,1.8,10.0,0.085223,1.214,3.46,2411.2,9.333,2.385,
exp25_select_one,ablationselect_one__ballspeed12__noplot__servebox,"{""--ablation"": ""select_one"", ""--ball-speed"": 12, ""--no-plot"": null, ""--serve-box"": null}",6,True,active,0.091013,1.916678,0.062043,35.0,105.0,1.53,1.0,1.3,20.0,0.091013,1.265,2.66,2193.2,8.694,-2.947,
exp25_select_one,ablationselect_one__ballspeed12__noplot__servebox,"{""--ablation"": ""select_one"", ""--ball-speed"": 12, ""--no-plot"": null, ""--serve-box"": null}",15,True,active,0.12979,1.868385,0.099729,30.0,100.0,1.76,1.0,1.5,25.0,0.12979,1.408,1.6,1112.5,10.423,0.936,
exp25_select_one,ablationselect_one__ballspeed12__noplot__servebox,"{""--ablation"": ""select_one"", ""--ball-speed"": 12, ""--no-plot"": null, ""--serve-box"": null}",7,False,miss,0.341452,1.868271,0.111001,5.0,40.0,1.78,1.0,2.1,0.0,0.341452,0.0,2.57,1488.7,-1.0,-99.0,
exp25_select_one,ablationselect_one__ballspeed12__noplot__servebox,"{""--ablation"": ""select_one"", ""--ball-speed"": 12, ""--no-plot"": null, ""--serve-box"": null}",13,False,miss,0.212879,1.81446,0.179628,0.0,0.0,1.03,0.99,1.0,0.0,0.212879,0.0,1.97,1335.7,-1.0,-99.0,
exp25_select_one,ablationselect_one__ballspeed12__noplot__servebox,"{""--ablation"": ""select_one"", ""--ball-speed"": 12, ""--no-plot"": null, ""--serve-box"": null}",10,False,miss,0.474277,1.927389,0.15149,20.0,35.0,1.79,0.99,1.9,0.0,0.474277,0.0,2.3,1570.5,-1.0,-99.0,
exp25_select_one,ablationselect_one__ballspeed12__noplot__servebox,"{""--ablation"": ""select_one"", ""--ball-speed"": 12, ""--no-plot"": null, ""--serve-box"": null}",9,False,miss,0.30764,1.884591,0.141133,20.0,65.0,1.49,1.0,1.5,0.0,0.30764,0.0,2.93,2232.2,-1.0,-99.0,
exp25_select_one,ablationselect_one__ballspeed12__noplot__servebox,"{""--ablation"": ""select_one"", ""--ball-speed"": 12, ""--no-plot"": null, ""--serve-box"": null}",11,True,active,0.077426,1.865714,0.067006,40.0,105.0,1.73,1.0,1.4,0.0,0.077426,0.341,2.67,2152.1,9.071,-6.17,
exp25_select_one,ablationselect_one__ballspeed12__noplot__servebox,"{""--ablation"": ""select_one"", ""--ball-speed"": 12, ""--no-plot"": null, ""--serve-box"": null}",12,True,active,0.094444,1.867059,0.019229,40.0,75.0,1.8,1.0,1.5,15.0,0.094444,1.687,2.7,2208.7,9.042,1.767,
exp25_select_one,ablationselect_one__ballspeed12__noplot__servebox,"{""--ablation"": ""select_one"", ""--ball-speed"": 12, ""--no-plot"": null, ""--serve-box"": null}",17,True,active,0.135103,1.877865,0.089614,45.0,100.0,1.51,0.98,1.4,5.0,0.135103,0.301,2.35,1699.8,9.461,-7.235,
exp25_select_one,ablationselect_one__ballspeed12__noplot__servebox,"{""--ablation"": ""select_one"", ""--ball-speed"": 12, ""--no-plot"": null, ""--serve-box"": null}",19,True,active,0.067218,1.864958,0.053007,35.0,105.0,1.34,0.99,1.0,0.0,0.067218,0.645,1.76,1297.9,9.51,-2.384,
exp25_select_one,ablationselect_one__ballspeed12__noplot__servebox,"{""--ablation"": ""select_one"", ""--ball-speed"": 12, ""--no-plot"": null, ""--serve-box"": null}",18,False,miss,0.3475,1.872438,0.185394,0.0,0.0,1.35,1.0,1.3,0.0,0.3475,0.0,2.13,1255.0,-1.0,-99.0,
exp25_select_one,ablationselect_one__ballspeed12__noplot__servebox,"{""--ablation"": ""select_one"", ""--ball-speed"": 12, ""--no-plot"": null, ""--serve-box"": null}",16,False,miss,0.281659,1.773976,0.290472,0.0,0.0,1.14,1.0,1.2,0.0,0.281659,0.0,2.56,1421.6,-1.0,-99.0,
exp25_select_one,ablationselect_one__ballspeed12__noplot__servebox,"{""--ablation"": ""select_one"", ""--ball-speed"": 12, ""--no-plot"": null, ""--serve-box"": null}",22,False,miss,0.215855,1.773048,0.177864,0.0,0.0,1.79,0.99,1.4,0.0,0.215855,0.0,1.77,1210.8,-1.0,-99.0,
exp25_select_one,ablationselect_one__ballspeed12__noplot__servebox,"{""--ablation"": ""select_one"", ""--ball-speed"": 12, ""--no-plot"": null, ""--serve-box"": null}",25,True,active,0.155115,1.857174,0.138782,25.0,75.0,1.62,1.0,1.8,5.0,0.155115,0.919,1.7,1209.2,10.074,-0.005,
exp25_select_one,ablationselect_one__ballspeed12__noplot__servebox,"{""--ablation"": ""select_one"", ""--ball-speed"": 12, ""--no-plot"": null, ""--serve-box"": null}",24,False,miss,0.332402,1.871495,0.148548,15.0,55.0,1.54,1.0,1.5,0.0,0.332402,0.0,1.94,1245.8,-1.0,-99.0,
exp25_select_one,ablationselect_one__ballspeed12__noplot__servebox,"{""--ablation"": ""select_one"", ""--ball-speed"": 12, ""--no-plot"": null, ""--serve-box"": null}",23,True,active,0.109584,1.912507,0.093395,35.0,105.0,1.8,0.98,1.4,20.0,0.109584,0.993,2.13,1570.3,10.15,-7.14,
exp25_select_one,ablationselect_one__ballspeed12__noplot__servebox,"{""--ablation"": ""select_one"", ""--ball-speed"": 12, ""--no-plot"": null, ""--serve-box"": null}",32,True,active,0.120784,1.877808,0.0867,40.0,85.0,1.78,1.0,1.4,10.0,0.120784,1.021,1.57,1166.3,9.421,-3.682,
exp25_select_one,ablationselect_one__ballspeed12__noplot__servebox,"{""--ablation"": ""select_one"", ""--ball-speed"": 12, ""--no-plot"": null, ""--serve-box"": null}",33,True,active,0.139046,1.858793,0.12408,35.0,55.0,1.73,0.99,1.7,20.0,0.139046,1.113,1.55,1142.2,9.258,1.054,
exp25_select_one,ablationselect_one__ballspeed12__noplot__servebox,"{""--ablation"": ""select_one"", ""--ball-speed"": 12, ""--no-plot"": null, ""--serve-box"": null}",28,False,miss,0.216858,1.819853,0.166941,15.0,0.0,1.55,0.98,1.1,0.0,0.216858,0.0,2.24,1615.8,-1.0,-99.0,
exp25_select_one,ablationselect_one__ballspeed12__noplot__servebox,"{""--ablation"": ""select_one"", ""--ball-speed"": 12, ""--no-plot"": null, ""--serve-box"": null}",36,True,active,0.134353,1.876149,0.101026,40.0,95.0,1.7,1.0,1.5,10.0,0.134353,0.567,1.58,1097.6,9.643,-4.982,
exp25_select_one,ablationselect_one__ballspeed12__noplot__servebox,"{""--ablation"": ""select_one"", ""--ball-speed"": 12, ""--no-plot"": null, ""--serve-box"": null}",35,True,active,0.081132,1.803227,0.06833,40.0,105.0,1.75,1.0,2.2,10.0,0.081132,1.448,1.83,1126.9,8.416,0.203,
exp25_select_one,ablationselect_one__ballspeed12__noplot__servebox,"{""--ablation"": ""select_one"", ""--ball-speed"": 12, ""--no-plot"": null, ""--serve-box"": null}",27,True,active,0.063496,1.929383,0.063496,30.0,105.0,1.81,1.0,2.0,20.0,0.063496,1.404,2.9,2061.1,9.324,-1.682,
exp25_select_one,ablationselect_one__ballspeed12__noplot__servebox,"{""--ablation"": ""select_one"", ""--ball-speed"": 12, ""--no-plot"": null, ""--serve-box"": null}",30,True,active,0.107655,1.880327,0.037255,45.0,95.0,1.74,0.99,1.3,5.0,0.107655,1.319,3.02,2089.4,9.313,-3.024,
exp25_select_one,ablationselect_one__ballspeed12__noplot__servebox,"{""--ablation"": ""select_one"", ""--ball-speed"": 12, ""--no-plot"": null, ""--serve-box"": null}",39,True,active,0.112085,1.884339,0.108754,35.0,105.0,1.68,0.99,1.9,5.0,0.112085,0.966,1.56,1089.0,9.317,-0.569,
exp25_select_one,ablationselect_one__ballspeed12__noplot__servebox,"{""--ablation"": ""select_one"", ""--ball-speed"": 12, ""--no-plot"": null, ""--serve-box"": null}",37,False,miss,0.350555,1.88199,0.170348,15.0,0.0,1.8,1.0,1.7,0.0,0.350555,0.0,2.11,1561.8,-1.0,-99.0,
exp25_select_one,ablationselect_one__ballspeed12__noplot__servebox,"{""--ablation"": ""select_one"", ""--ball-speed"": 12, ""--no-plot"": null, ""--serve-box"": null}",29,True,active,0.108027,1.934283,0.07816,35.0,105.0,1.4,1.0,1.4,25.0,0.108027,1.191,3.26,2384.3,9.597,-2.176,
exp25_select_one,ablationselect_one__ballspeed12__noplot__servebox,"{""--ablation"": ""select_one"", ""--ball-speed"": 12, ""--no-plot"": null, ""--serve-box"": null}",26,False,miss,0.203302,1.806159,0.206973,0.0,0.0,1.74,0.99,1.6,0.0,0.203302,0.0,3.49,2431.2,-1.0,-99.0,
exp25_select_one,ablationselect_one__ballspeed12__noplot__servebox,"{""--ablation"": ""select_one"", ""--ball-speed"": 12, ""--no-plot"": null, ""--serve-box"": null}",31,True,active,0.105665,1.893754,0.071697,35.0,85.0,1.79,1.0,1.6,10.0,0.105665,1.791,3.15,2400.7,8.679,-3.231,
exp25_select_one,ablationselect_one__ballspeed12__noplot__servebox,"{""--ablation"": ""select_one"", ""--ball-speed"": 12, ""--no-plot"": null, ""--serve-box"": null}",40,False,miss,0.341605,1.844333,0.166792,15.0,0.0,1.43,1.0,1.3,0.0,0.341605,0.0,2.09,1340.5,-1.0,-99.0,
exp25_select_one,ablationselect_one__ballspeed12__noplot__servebox,"{""--ablation"": ""select_one"", ""--ball-speed"": 12, ""--no-plot"": null, ""--serve-box"": null}",43,False,miss,0.378228,1.864025,0.158294,10.0,0.0,1.44,1.0,1.6,0.0,0.378228,0.0,1.66,1198.3,-1.0,-99.0,
exp25_select_one,ablationselect_one__ballspeed12__noplot__servebox,"{""--ablation"": ""select_one"", ""--ball-speed"": 12, ""--no-plot"": null, ""--serve-box"": null}",44,True,active,0.085929,1.923819,0.028302,35.0,105.0,1.81,1.0,1.3,0.0,0.085929,1.752,1.96,1331.4,10.866,-2.939,
exp25_select_one,ablationselect_one__ballspeed12__noplot__servebox,"{""--ablation"": ""select_one"", ""--ball-speed"": 12, ""--no-plot"": null, ""--serve-box"": null}",34,True,active,0.103584,1.889159,0.08212,35.0,105.0,1.73,0.99,1.7,15.0,0.103584,1.224,3.4,2425.2,10.063,-5.218,
exp25_select_one,ablationselect_one__ballspeed12__noplot__servebox,"{""--ablation"": ""select_one"", ""--ball-speed"": 12, ""--no-plot"": null, ""--serve-box"": null}",41,True,active,0.113923,1.781232,0.112453,30.0,105.0,1.8,1.0,1.8,20.0,0.113923,1.753,2.46,1571.8,8.159,3.14,
exp25_select_one,ablationselect_one__ballspeed12__noplot__servebox,"{""--ablation"": ""select_one"", ""--ball-speed"": 12, ""--no-plot"": null, ""--serve-box"": null}",46,True,active,0.053077,1.916412,0.053077,40.0,105.0,1.81,1.0,2.0,20.0,0.053077,1.79,1.66,1183.5,7.31,-3.049,
exp25_select_one,ablationselect_one__ballspeed12__noplot__servebox,"{""--ablation"": ""select_one"", ""--ball-speed"": 12, ""--no-plot"": null, ""--serve-box"": null}",47,True,active,0.11734,1.880558,0.110725,35.0,105.0,1.18,1.0,1.2,0.0,0.11734,0.582,1.7,1249.6,9.707,-8.247,
exp25_select_one,ablationselect_one__ballspeed12__noplot__servebox,"{""--ablation"": ""select_one"", ""--ball-speed"": 12, ""--no-plot"": null, ""--serve-box"": null}",38,False,miss,0.314562,1.865794,0.119839,25.0,65.0,1.42,0.99,1.5,0.0,0.314562,0.0,3.26,2366.6,-1.0,-99.0,
exp25_select_one,ablationselect_one__ballspeed12__noplot__servebox,"{""--ablation"": ""select_one"", ""--ball-speed"": 12, ""--no-plot"": null, ""--serve-box"": null}",45,False,miss,0.31148,1.855892,0.156728,20.0,45.0,1.41,0.99,1.5,0.0,0.31148,0.0,2.22,1738.5,-1.0,-99.0,
exp25_select_one,ablationselect_one__ballspeed12__noplot__servebox,"{""--ablation"": ""select_one"", ""--ball-speed"": 12, ""--no-plot"": null, ""--serve-box"": null}",48,False,miss,0.349841,1.894169,0.142033,20.0,70.0,1.31,0.99,1.1,0.0,0.349841,0.0,1.65,1187.8,-1.0,-99.0,
exp25_select_one,ablationselect_one__ballspeed12__noplot__servebox,"{""--ablation"": ""select_one"", ""--ball-speed"": 12, ""--no-plot"": null, ""--serve-box"": null}",51,False,miss,0.332777,1.874779,0.137269,20.0,70.0,1.78,0.99,1.5,0.0,0.332777,0.0,1.61,1173.6,-1.0,-99.0,
exp25_select_one,ablationselect_one__ballspeed12__noplot__servebox,"{""--ablation"": ""select_one"", ""--ball-speed"": 12, ""--no-plot"": null, ""--serve-box"": null}",42,False,miss,0.232515,1.840865,0.127013,0.0,0.0,1.79,1.0,1.6,0.0,0.232515,0.0,2.73,1665.4,-1.0,-99.0,
exp25_select_one,ablationselect_one__ballspeed12__noplot__servebox,"{""--ablation"": ""select_one"", ""--ball-speed"": 12, ""--no-plot"": null, ""--serve-box"": null}",53,False,miss,0.140797,1.723422,0.160349,0.0,0.0,1.79,0.98,1.7,0.0,0.140797,0.0,1.85,1196.3,-1.0,-99.0,
exp25_select_one,ablationselect_one__ballspeed12__noplot__servebox,"{""--ablation"": ""select_one"", ""--ball-speed"": 12, ""--no-plot"": null, ""--serve-box"": null}",55,False,miss,0.293993,1.848022,0.128005,20.0,90.0,1.4,1.0,1.3,0.0,0.293993,0.0,1.8,1316.7,-1.0,-99.0,
exp25_select_one,ablationselect_one__ballspeed12__noplot__servebox,"{""--ablation"": ""select_one"", ""--ball-speed"": 12, ""--no-plot"": null, ""--serve-box"": null}",57,False,miss,0.335751,1.874329,0.136471,20.0,75.0,1.22,1.0,1.1,0.0,0.335751,0.0,1.52,1088.3,-1.0,-99.0,
exp25_select_one,ablationselect_one__ballspeed12__noplot__servebox,"{""--ablation"": ""select_one"", ""--ball-speed"": 12, ""--no-plot"": null, ""--serve-box"": null}",50,False,miss,0.224749,1.805672,0.235363,0.0,0.0,1.21,1.0,1.3,0.0,0.224749,0.0,2.9,1804.8,-1.0,-99.0,
exp25_select_one,ablationselect_one__ballspeed12__noplot__servebox,"{""--ablation"": ""select_one"", ""--ball-speed"": 12, ""--no-plot"": null, ""--serve-box"": null}",56,False,miss,0.336774,1.871662,0.165785,15.0,0.0,1.6,1.0,1.3,0.0,0.336774,0.0,1.89,1487.0,-1.0,-99.0,
exp25_select_one,ablationselect_one__ballspeed12__noplot__servebox,"{""--ablation"": ""select_one"", ""--ball-speed"": 12, ""--no-plot"": null, ""--serve-box"": null}",58,True,active,0.117064,1.905677,0.107315,35.0,105.0,1.72,0.97,1.8,15.0,0.117064,0.966,1.73,1239.6,9.575,-1.761,
exp25_select_one,ablationselect_one__ballspeed12__noplot__servebox,"{""--ablation"": ""select_one"", ""--ball-speed"": 12, ""--no-plot"": null, ""--serve-box"": null}",49,True,active,0.127911,1.8709,0.100063,45.0,80.0,1.48,0.99,1.3,5.0,0.127911,1.083,3.09,2343.1,7.986,-6.898,
exp25_select_one,ablationselect_one__ballspeed12__noplot__servebox,"{""--ablation"": ""select_one"", ""--ball-speed"": 12, ""--no-plot"": null, ""--serve-box"": null}",61,True,active,0.121438,1.883637,0.063895,40.0,90.0,1.78,1.0,1.3,15.0,0.121438,1.183,1.57,1071.1,10.286,-4.648,
exp25_select_one,ablationselect_one__ballspeed12__noplot__servebox,"{""--ablation"": ""select_one"", ""--ball-speed"": 12, ""--no-plot"": null, ""--serve-box"": null}",59,False,miss,0.192913,1.805942,0.190053,0.0,0.0,1.51,1.0,1.2,0.0,0.192913,0.0,2.06,1522.4,-1.0,-99.0,
exp25_select_one,ablationselect_one__ballspeed12__noplot__servebox,"{""--ablation"": ""select_one"", ""--ball-speed"": 12, ""--no-plot"": null, ""--serve-box"": null}",64,False,miss,0.336744,1.860603,0.151895,20.0,0.0,1.36,1.0,1.5,0.0,0.336744,0.0,1.62,1164.9,-1.0,-99.0,
exp25_select_one,ablationselect_one__ballspeed12__noplot__servebox,"{""--ablation"": ""select_one"", ""--ball-speed"": 12, ""--no-plot"": null, ""--serve-box"": null}",52,True,active,0.067603,1.844328,0.024517,0.0,0.0,1.78,0.99,1.7,15.0,0.067603,1.755,3.1,2155.4,9.395,4.788,
exp25_select_one,ablationselect_one__ballspeed12__noplot__servebox,"{""--ablation"": ""select_one"", ""--ball-speed"": 12, ""--no-plot"": null, ""--serve-box"": null}",65,False,miss,0.321628,1.879614,0.142671,15.0,60.0,1.79,1.0,1.5,0.0,0.321628,0.0,2.06,1296.2,-1.0,-99.0,
exp25_select_one,ablationselect_one__ballspeed12__noplot__servebox,"{""--ablation"": ""select_one"", ""--ball-speed"": 12, ""--no-plot"": null, ""--serve-box"": null}",62,True,active,0.098503,1.922649,0.085802,35.0,105.0,1.52,1.0,1.3,10.0,0.098503,0.392,2.24,1634.7,9.78,-9.694,
exp25_select_one,ablationselect_one__ballspeed12__noplot__servebox,"{""--ablation"": ""select_one"", ""--ball-speed"": 12, ""--no-plot"": null, ""--serve-box"": null}",66,False,miss,0.305823,1.856127,0.134708,20.0,75.0,1.35,0.99,1.5,0.0,0.305823,0.0,1.53,1096.4,-1.0,-99.0,
exp25_select_one,ablationselect_one__ballspeed12__noplot__servebox,"{""--ablation"": ""select_one"", ""--ball-speed"": 12, ""--no-plot"": null, ""--serve-box"": null}",67,True,active,0.083992,1.855742,0.077665,40.0,105.0,1.58,1.0,1.6,5.0,0.083992,0.56,1.49,1101.8,9.067,-6.642,
exp25_select_one,ablationselect_one__ballspeed12__noplot__servebox,"{""--ablation"": ""select_one"", ""--ball-speed"": 12, ""--no-plot"": null, ""--serve-box"": null}",60,False,miss,0.297804,1.848383,0.160547,15.0,0.0,1.18,1.0,1.3,0.0,0.297804,0.0,2.79,1823.8,-1.0,-99.0,
exp25_select_one,ablationselect_one__ballspeed12__noplot__servebox,"{""--ablation"": ""select_one"", ""--ball-speed"": 12, ""--no-plot"": null, ""--serve-box"": null}",54,False,miss,0.19048,1.797172,0.173695,15.0,0.0,1.16,1.0,0.9,0.0,0.19048,0.0,3.5,2297.2,-1.0,-99.0,
exp25_select_one,ablationselect_one__ballspeed12__noplot__servebox,"{""--ablation"": ""select_one"", ""--ball-speed"": 12, ""--no-plot"": null, ""--serve-box"": null}",69,False,miss,0.303161,1.848878,0.142362,20.0,65.0,1.34,1.0,1.4,0.0,0.303161,0.0,1.57,1119.3,-1.0,-99.0,
exp25_select_one,ablationselect_one__ballspeed12__noplot__servebox,"{""--ablation"": ""select_one"", ""--ball-speed"": 12, ""--no-plot"": null, ""--serve-box"": null}",72,True,active,0.107217,1.882635,0.071137,40.0,105.0,1.44,1.0,1.5,20.0,0.107217,0.744,1.59,1112.9,9.172,-0.605,
exp25_select_one,ablationselect_one__ballspeed12__noplot__servebox,"{""--ablation"": ""select_one"", ""--ball-speed"": 12, ""--no-plot"": null, ""--serve-box"": null}",73,True,active,0.094235,1.736569,0.090879,30.0,105.0,1.8,0.98,2.1,5.0,0.094235,1.787,1.64,1117.9,9.181,1.689,
exp25_select_one,ablationselect_one__ballspeed12__noplot__servebox,"{""--ablation"": ""select_one"", ""--ball-speed"": 12, ""--no-plot"": null, ""--serve-box"": null}",76,False,miss,0.226642,1.796164,0.194608,0.0,0.0,1.21,1.0,1.0,0.0,0.226642,0.0,1.69,1121.2,-1.0,-99.0,
exp25_select_one,ablationselect_one__ballspeed12__noplot__servebox,"{""--ablation"": ""select_one"", ""--ball-speed"": 12, ""--no-plot"": null, ""--serve-box"": null}",70,False,miss,0.312368,1.890505,0.14034,20.0,70.0,1.32,1.0,1.3,0.0,0.312368,0.0,2.14,1682.4,-1.0,-99.0,
exp25_select_one,ablationselect_one__ballspeed12__noplot__servebox,"{""--ablation"": ""select_one"", ""--ball-speed"": 12, ""--no-plot"": null, ""--serve-box"": null}",75,False,miss,0.493534,1.836324,0.172531,15.0,0.0,1.68,1.0,2.0,0.0,0.493534,0.0,1.73,1132.3,-1.0,-99.0,
exp25_select_one,ablationselect_one__ballspeed12__noplot__servebox,"{""--ablation"": ""select_one"", ""--ball-speed"": 12, ""--no-plot"": null, ""--serve-box"": null}",63,False,miss,0.16269,1.768158,0.164564,20.0,0.0,1.32,0.97,1.1,0.0,0.16269,0.0,3.56,2390.5,-1.0,-99.0,
exp25_select_one,ablationselect_one__ballspeed12__noplot__servebox,"{""--ablation"": ""select_one"", ""--ball-speed"": 12, ""--no-plot"": null, ""--serve-box"": null}",80,True,active,0.107538,1.840749,0.089619,40.0,100.0,1.53,1.0,1.6,5.0,0.107538,0.848,1.45,1065.9,9.067,-7.951,
exp25_select_one,ablationselect_one__ballspeed12__noplot__servebox,"{""--ablation"": ""select_one"", ""--ball-speed"": 12, ""--no-plot"": null, ""--serve-box"": null}",78,False,miss,0.134166,1.75717,0.137895,25.0,45.0,1.75,1.0,1.3,0.0,0.134166,0.0,1.75,1116.6,-1.0,-99.0,
exp25_select_one,ablationselect_one__ballspeed12__noplot__servebox,"{""--ablation"": ""select_one"", ""--ball-speed"": 12, ""--no-plot"": null, ""--serve-box"": null}",74,False,miss,0.324447,1.862699,0.147728,15.0,60.0,1.46,1.0,1.5,0.0,0.324447,0.0,2.38,1583.3,-1.0,-99.0,
exp25_select_one,ablationselect_one__ballspeed12__noplot__servebox,"{""--ablation"": ""select_one"", ""--ball-speed"": 12, ""--no-plot"": null, ""--serve-box"": null}",71,False,miss,0.299966,1.842183,0.127593,0.0,0.0,1.72,1.0,1.9,0.0,0.299966,0.0,2.81,1802.6,-1.0,-99.0,
exp25_select_one,ablationselect_one__ballspeed12__noplot__servebox,"{""--ablation"": ""select_one"", ""--ball-speed"": 12, ""--no-plot"": null, ""--serve-box"": null}",82,False,miss,0.258914,1.888162,0.176584,5.0,0.0,1.81,1.0,1.6,0.0,0.258914,0.0,1.75,1139.9,-1.0,-99.0,
exp25_select_one,ablationselect_one__ballspeed12__noplot__servebox,"{""--ablation"": ""select_one"", ""--ball-speed"": 12, ""--no-plot"": null, ""--serve-box"": null}",68,True,active,0.129562,1.876248,0.090191,40.0,105.0,1.8,1.0,2.1,25.0,0.129562,0.422,3.4,2307.6,9.209,1.179,
exp25_select_one,ablationselect_one__ballspeed12__noplot__servebox,"{""--ablation"": ""select_one"", ""--ball-speed"": 12, ""--no-plot"": null, ""--serve-box"": null}",83,True,active,0.129088,1.884378,0.084122,40.0,105.0,1.76,1.0,1.7,20.0,0.129088,1.079,1.66,1175.9,9.325,-4.264,
exp25_select_one,ablationselect_one__ballspeed12__noplot__servebox,"{""--ablation"": ""select_one"", ""--ball-speed"": 12, ""--no-plot"": null, ""--serve-box"": null}",86,False,miss,0.366964,1.849849,0.135506,0.0,0.0,1.0,1.0,1.2,0.0,0.366964,0.0,1.59,1163.2,-1.0,-99.0,
exp25_select_one,ablationselect_one__ballspeed12__noplot__servebox,"{""--ablation"": ""select_one"", ""--ball-speed"": 12, ""--no-plot"": null, ""--serve-box"": null}",87,True,active,0.105218,1.890413,0.009416,40.0,90.0,1.78,0.99,1.4,10.0,0.105218,1.78,1.59,1133.6,9.226,-2.099,
exp25_select_one,ablationselect_one__ballspeed12__noplot__servebox,"{""--ablation"": ""select_one"", ""--ball-speed"": 12, ""--no-plot"": null, ""--serve-box"": null}",85,True,active,0.146807,1.867491,0.137464,30.0,40.0,1.71,0.99,1.9,10.0,0.146807,0.935,1.84,1430.8,9.224,-2.905,
exp25_select_one,ablationselect_one__ballspeed12__noplot__servebox,"{""--ablation"": ""select_one"", ""--ball-speed"": 12, ""--no-plot"": null, ""--serve-box"": null}",88,False,miss,0.287264,1.891336,0.14116,20.0,65.0,1.27,1.0,1.3,0.0,0.287264,0.0,1.65,1171.7,-1.0,-99.0,
exp25_select_one,ablationselect_one__ballspeed12__noplot__servebox,"{""--ablation"": ""select_one"", ""--ball-speed"": 12, ""--no-plot"": null, ""--serve-box"": null}",89,True,active,0.092038,1.875076,0.070197,35.0,105.0,1.77,0.98,1.2,15.0,0.092038,0.957,1.64,1141.7,10.031,-6.281,
exp25_select_one,ablationselect_one__ballspeed12__noplot__servebox,"{""--ablation"": ""select_one"", ""--ball-speed"": 12, ""--no-plot"": null, ""--serve-box"": null}",90,True,active,0.099633,1.911173,0.023171,40.0,105.0,1.73,1.0,1.3,15.0,0.099633,0.768,1.59,1129.3,10.169,-2.82,
exp25_select_one,ablationselect_one__ballspeed12__noplot__servebox,"{""--ablation"": ""select_one"", ""--ball-speed"": 12, ""--no-plot"": null, ""--serve-box"": null}",91,True,active,0.133033,1.93921,0.114237,30.0,105.0,1.78,0.98,1.6,25.0,0.133033,0.8,1.73,1176.4,9.686,0.237,
exp25_select_one,ablationselect_one__ballspeed12__noplot__servebox,"{""--ablation"": ""select_one"", ""--ball-speed"": 12, ""--no-plot"": null, ""--serve-box"": null}",77,False,miss,0.152733,1.770273,0.139533,20.0,50.0,1.77,0.99,1.6,0.0,0.152733,0.0,3.55,2336.1,-1.0,-99.0,
exp25_select_one,ablationselect_one__ballspeed12__noplot__servebox,"{""--ablation"": ""select_one"", ""--ball-speed"": 12, ""--no-plot"": null, ""--serve-box"": null}",81,False,miss,0.238842,1.874939,0.129097,25.0,70.0,1.29,1.0,1.2,0.0,0.238842,0.0,3.16,2158.9,-1.0,-99.0,
exp25_select_one,ablationselect_one__ballspeed12__noplot__servebox,"{""--ablation"": ""select_one"", ""--ball-speed"": 12, ""--no-plot"": null, ""--serve-box"": null}",79,False,miss,0.213253,1.801892,0.19901,0.0,0.0,1.61,1.0,1.1,0.0,0.213253,0.0,3.55,2421.0,-1.0,-99.0,
exp25_select_one,ablationselect_one__ballspeed12__noplot__servebox,"{""--ablation"": ""select_one"", ""--ball-speed"": 12, ""--no-plot"": null, ""--serve-box"": null}",94,True,active,0.096189,1.833793,0.079367,40.0,105.0,1.16,0.99,1.4,0.0,0.096189,0.507,1.57,1112.0,8.925,-6.507,
exp25_select_one,ablationselect_one__ballspeed12__noplot__servebox,"{""--ablation"": ""select_one"", ""--ball-speed"": 12, ""--no-plot"": null, ""--serve-box"": null}",84,False,miss,0.206592,1.804432,0.222621,0.0,0.0,1.0,0.99,1.4,0.0,0.206592,0.0,2.92,1807.1,-1.0,-99.0,
exp25_select_one,ablationselect_one__ballspeed12__noplot__servebox,"{""--ablation"": ""select_one"", ""--ball-speed"": 12, ""--no-plot"": null, ""--serve-box"": null}",95,False,miss,0.364669,1.879486,0.111363,25.0,60.0,1.74,0.99,1.7,0.0,0.364669,0.0,1.92,1343.4,-1.0,-99.0,
exp25_select_one,ablationselect_one__ballspeed12__noplot__servebox,"{""--ablation"": ""select_one"", ""--ball-speed"": 12, ""--no-plot"": null, ""--serve-box"": null}",99,False,miss,0.322783,1.867354,0.136777,20.0,70.0,1.37,1.0,1.4,0.0,0.322783,0.0,1.63,1208.6,-1.0,-99.0,
exp25_select_one,ablationselect_one__ballspeed12__noplot__servebox,"{""--ablation"": ""select_one"", ""--ball-speed"": 12, ""--no-plot"": null, ""--serve-box"": null}",97,False,miss,0.161862,1.808435,0.144834,20.0,95.0,1.52,1.0,1.6,0.0,0.161862,0.0,1.68,1169.6,-1.0,-99.0,
exp25_select_one,ablationselect_one__ballspeed12__noplot__servebox,"{""--ablation"": ""select_one"", ""--ball-speed"": 12, ""--no-plot"": null, ""--serve-box"": null}",92,True,active,0.109529,1.852796,0.054866,40.0,65.0,1.53,0.99,1.8,5.0,0.109529,1.526,2.87,2254.3,9.85,0.619,
exp25_select_one,ablationselect_one__ballspeed12__noplot__servebox,"{""--ablation"": ""select_one"", ""--ball-speed"": 12, ""--no-plot"": null, ""--serve-box"": null}",102,True,active,0.100956,1.894575,0.082473,35.0,105.0,1.77,0.99,1.5,20.0,0.100956,1.282,1.54,1136.8,9.734,-6.238,
exp25_select_one,ablationselect_one__ballspeed12__noplot__servebox,"{""--ablation"": ""select_one"", ""--ball-speed"": 12, ""--no-plot"": null, ""--serve-box"": null}",96,True,active,0.119384,1.88542,0.054893,40.0,85.0,1.65,0.99,1.7,15.0,0.119384,1.652,2.49,1622.6,9.934,-0.927,
exp25_select_one,ablationselect_one__ballspeed12__noplot__servebox,"{""--ablation"": ""select_one"", ""--ball-speed"": 12, ""--no-plot"": null, ""--serve-box"": null}",101,False,miss,0.363069,1.869901,0.141131,20.0,70.0,1.61,1.0,1.5,0.0,0.363069,0.0,1.9,1351.4,-1.0,-99.0,
exp25_select_one,ablationselect_one__ballspeed12__noplot__servebox,"{""--ablation"": ""select_one"", ""--ball-speed"": 12, ""--no-plot"": null, ""--serve-box"": null}",93,True,active,0.107003,1.893561,0.083083,40.0,105.0,1.75,1.0,1.5,20.0,0.107003,1.418,3.11,2313.5,8.957,-4.747,
exp25_select_one,ablationselect_one__ballspeed12__noplot__servebox,"{""--ablation"": ""select_one"", ""--ball-speed"": 12, ""--no-plot"": null, ""--serve-box"": null}",100,False,miss,0.261606,1.872121,0.119394,25.0,80.0,1.46,0.99,1.4,0.0,0.261606,0.0,2.23,1357.8,-1.0,-99.0,
exp25_select_one,ablationselect_one__ballspeed12__noplot__servebox,"{""--ablation"": ""select_one"", ""--ball-speed"": 12, ""--no-plot"": null, ""--serve-box"": null}",103,False,miss,0.326642,1.864695,0.171823,10.0,0.0,1.34,1.0,1.2,0.0,0.326642,0.0,1.66,1240.5,-1.0,-99.0,
exp25_select_one,ablationselect_one__ballspeed12__noplot__servebox,"{""--ablation"": ""select_one"", ""--ball-speed"": 12, ""--no-plot"": null, ""--serve-box"": null}",107,False,miss,0.320305,1.860554,0.14936,15.0,55.0,1.48,1.0,1.4,0.0,0.320305,0.0,1.61,1159.3,-1.0,-99.0,
exp25_select_one,ablationselect_one__ballspeed12__noplot__servebox,"{""--ablation"": ""select_one"", ""--ball-speed"": 12, ""--no-plot"": null, ""--serve-box"": null}",106,False,miss,0.143336,1.811182,0.117991,0.0,0.0,1.76,0.99,1.3,0.0,0.143336,0.0,1.94,1324.9,-1.0,-99.0,
exp25_select_one,ablationselect_one__ballspeed12__noplot__servebox,"{""--ablation"": ""select_one"", ""--ball-speed"": 12, ""--no-plot"": null, ""--serve-box"": null}",98,False,miss,0.270699,1.757817,0.260403,0.0,0.0,1.24,1.0,1.4,0.0,0.270699,0.0,2.95,1795.7,-1.0,-99.0,
exp25_select_one,ablationselect_one__ballspeed12__noplot__servebox,"{""--ablation"": ""select_one"", ""--ball-speed"": 12, ""--no-plot"": null, ""--serve-box"": null}",109,True,active,0.091264,1.8721,0.075382,40.0,105.0,1.61,0.99,1.6,10.0,0.091264,1.55,1.7,1267.3,7.983,-4.448,
exp25_select_one,ablationselect_one__ballspeed12__noplot__servebox,"{""--ablation"": ""select_one"", ""--ball-speed"": 12, ""--no-plot"": null, ""--serve-box"": null}",110,False,miss,0.331109,1.844144,0.144473,20.0,70.0,1.19,1.0,1.2,0.0,0.331109,0.0,1.54,1075.6,-1.0,-99.0,
exp25_select_one,ablationselect_one__ballspeed12__noplot__servebox,"{""--ablation"": ""select_one"", ""--ball-speed"": 12, ""--no-plot"": null, ""--serve-box"": null}",111,False,miss,0.347499,1.853846,0.156177,15.0,45.0,1.43,1.0,1.3,0.0,0.347499,0.0,1.57,1093.7,-1.0,-99.0,
exp25_select_one,ablationselect_one__ballspeed12__noplot__servebox,"{""--ablation"": ""select_one"", ""--ball-speed"": 12, ""--no-plot"": null, ""--serve-box"": null}",108,False,miss,0.310955,1.861174,0.130872,20.0,40.0,1.3,1.0,1.4,0.0,0.310955,0.0,2.59,1764.1,-1.0,-99.0,
exp25_select_one,ablationselect_one__ballspeed12__noplot__servebox,"{""--ablation"": ""select_one"", ""--ball-speed"": 12, ""--no-plot"": null, ""--serve-box"": null}",114,True,active,0.130058,1.89701,0.129643,30.0,100.0,1.59,1.0,1.5,10.0,0.130058,0.926,1.67,1205.3,9.039,-4.25,
exp25_select_one,ablationselect_one__ballspeed12__noplot__servebox,"{""--ablation"": ""select_one"", ""--ball-speed"": 12, ""--no-plot"": null, ""--serve-box"": null}",115,False,miss,0.173418,1.788987,0.169408,0.0,0.0,1.51,1.0,1.2,0.0,0.173418,0.0,1.74,1159.2,-1.0,-99.0,
exp25_select_one,ablationselect_one__ballspeed12__noplot__servebox,"{""--ablation"": ""select_one"", ""--ball-speed"": 12, ""--no-plot"": null, ""--serve-box"": null}",118,True,active,0.106268,1.896394,0.106268,35.0,105.0,1.77,0.99,1.9,20.0,0.106268,0.985,1.54,1084.8,8.413,-4.293,
exp25_select_one,ablationselect_one__ballspeed12__noplot__servebox,"{""--ablation"": ""select_one"", ""--ball-speed"": 12, ""--no-plot"": null, ""--serve-box"": null}",117,False,miss,0.170648,1.826119,0.138876,20.0,55.0,1.78,0.99,1.2,0.0,0.170648,0.0,1.59,1075.2,-1.0,-99.0,
exp25_select_one,ablationselect_one__ballspeed12__noplot__servebox,"{""--ablation"": ""select_one"", ""--ball-speed"": 12, ""--no-plot"": null, ""--serve-box"": null}",104,False,miss,0.356036,1.870018,0.149478,20.0,35.0,1.5,1.0,1.5,0.0,0.356036,0.0,3.24,2420.6,-1.0,-99.0,
exp25_select_one,ablationselect_one__ballspeed12__noplot__servebox,"{""--ablation"": ""select_one"", ""--ball-speed"": 12, ""--no-plot"": null, ""--serve-box"": null}",105,False,miss,0.410331,1.901116,0.142945,20.0,70.0,1.8,1.0,1.9,0.0,0.410331,0.0,3.41,2372.1,-1.0,-99.0,
exp25_select_one,ablationselect_one__ballspeed12__noplot__servebox,"{""--ablation"": ""select_one"", ""--ball-speed"": 12, ""--no-plot"": null, ""--serve-box"": null}",112,False,miss,0.262591,1.713933,0.229453,0.0,0.0,1.32,0.98,1.0,0.0,0.262591,0.0,2.31,1669.1,-1.0,-99.0,
exp25_select_one,ablationselect_one__ballspeed12__noplot__servebox,"{""--ablation"": ""select_one"", ""--ball-speed"": 12, ""--no-plot"": null, ""--serve-box"": null}",119,True,active,0.077622,1.911317,0.057451,40.0,105.0,1.55,1.0,1.4,10.0,0.077622,0.773,1.71,1277.2,8.788,-4.665,
exp25_select_one,ablationselect_one__ballspeed12__noplot__servebox,"{""--ablation"": ""select_one"", ""--ball-speed"": 12, ""--no-plot"": null, ""--serve-box"": null}",122,True,active,0.097869,1.89526,0.056093,35.0,100.0,1.78,1.0,1.6,15.0,0.097869,1.779,1.57,1136.2,9.09,-0.864,
exp25_select_one,ablationselect_one__ballspeed12__noplot__servebox,"{""--ablation"": ""select_one"", ""--ball-speed"": 12, ""--no-plot"": null, ""--serve-box"": null}",116,True,active,0.101335,1.881183,0.095535,30.0,105.0,1.8,1.0,2.1,25.0,0.101335,1.176,2.53,1934.5,10.861,-4.71,
exp25_select_one,ablationselect_one__ballspeed12__noplot__servebox,"{""--ablation"": ""select_one"", ""--ball-speed"": 12, ""--no-plot"": null, ""--serve-box"": null}",113,False,miss,0.156352,1.809406,0.129967,20.0,25.0,1.5,1.0,1.2,0.0,0.156352,0.0,2.8,2179.0,-1.0,-99.0,
exp25_select_one,ablationselect_one__ballspeed12__noplot__servebox,"{""--ablation"": ""select_one"", ""--ball-speed"": 12, ""--no-plot"": null, ""--serve-box"": null}",123,True,active,0.124917,1.925792,0.124917,25.0,105.0,1.8,0.99,1.6,25.0,0.124917,0.806,1.65,1238.0,9.577,1.089,
exp25_select_one,ablationselect_one__ballspeed12__noplot__servebox,"{""--ablation"": ""select_one"", ""--ball-speed"": 12, ""--no-plot"": null, ""--serve-box"": null}",124,True,active,0.114723,1.863239,0.063437,40.0,85.0,1.44,1.0,1.5,10.0,0.114723,1.017,2.05,1594.0,8.924,-4.372,
exp25_select_one,ablationselect_one__ballspeed12__noplot__servebox,"{""--ablation"": ""select_one"", ""--ball-speed"": 12, ""--no-plot"": null, ""--serve-box"": null}",126,False,miss,0.207058,1.761374,0.184384,0.0,0.0,1.4,1.0,1.1,0.0,0.207058,0.0,1.67,1151.4,-1.0,-99.0,
exp25_select_one,ablationselect_one__ballspeed12__noplot__servebox,"{""--ablation"": ""select_one"", ""--ball-speed"": 12, ""--no-plot"": null, ""--serve-box"": null}",127,False,miss,0.206959,1.846426,0.132862,20.0,80.0,1.34,1.0,1.2,0.0,0.206959,0.0,1.54,1077.5,-1.0,-99.0,
exp25_select_one,ablationselect_one__ballspeed12__noplot__servebox,"{""--ablation"": ""select_one"", ""--ball-speed"": 12, ""--no-plot"": null, ""--serve-box"": null}",131,False,miss,0.371341,1.864086,0.12546,25.0,100.0,1.8,0.99,1.5,0.0,0.371341,0.0,1.6,1100.4,-1.0,-99.0,
exp25_select_one,ablationselect_one__ballspeed12__noplot__servebox,"{""--ablation"": ""select_one"", ""--ball-speed"": 12, ""--no-plot"": null, ""--serve-box"": null}",132,True,active,0.073452,1.926753,0.056006,35.0,105.0,1.74,1.0,1.5,20.0,0.073452,0.707,1.59,1085.9,9.75,-3.702,
exp25_select_one,ablationselect_one__ballspeed12__noplot__servebox,"{""--ablation"": ""select_one"", ""--ball-speed"": 12, ""--no-plot"": null, ""--serve-box"": null}",121,False,miss,0.326997,1.873354,0.148651,15.0,60.0,1.44,1.0,1.2,0.0,0.326997,0.0,3.02,2360.9,-1.0,-99.0,
exp25_select_one,ablationselect_one__ballspeed12__noplot__servebox,"{""--ablation"": ""select_one"", ""--ball-speed"": 12, ""--no-plot"": null, ""--serve-box"": null}",129,True,active,0.117771,1.901371,0.0811,40.0,90.0,1.51,1.0,1.6,10.0,0.117771,0.791,2.08,1643.1,9.207,-4.406,
exp25_select_one,ablationselect_one__ballspeed12__noplot__servebox,"{""--ablation"": ""select_one"", ""--ball-speed"": 12, ""--no-plot"": null, ""--serve-box"": null}",120,True,active,0.079083,1.892234,0.079083,40.0,105.0,1.78,1.0,2.1,15.0,0.079083,0.478,3.25,2390.5,8.735,-6.801,
exp25_select_one,ablationselect_one__ballspeed12__noplot__servebox,"{""--ablation"": ""select_one"", ""--ball-speed"": 12, ""--no-plot"": null, ""--serve-box"": null}",134,False,miss,0.331467,1.869161,0.137255,20.0,70.0,1.31,0.99,1.6,0.0,0.331467,0.0,1.55,1078.7,-1.0,-99.0,
exp25_select_one,ablationselect_one__ballspeed12__noplot__servebox,"{""--ablation"": ""select_one"", ""--ball-speed"": 12, ""--no-plot"": null, ""--serve-box"": null}",136,False,miss,0.265304,1.753314,0.162179,0.0,0.0,1.68,1.0,1.6,0.0,0.265304,0.0,1.58,1090.0,-1.0,-99.0,
exp25_select_one,ablationselect_one__ballspeed12__noplot__servebox,"{""--ablation"": ""select_one"", ""--ball-speed"": 12, ""--no-plot"": null, ""--serve-box"": null}",137,True,active,0.099508,1.800149,0.09112,0.0,10.0,1.43,0.99,1.7,5.0,0.099508,1.232,1.72,1143.8,9.631,3.602,
exp25_select_one,ablationselect_one__ballspeed12__noplot__servebox,"{""--ablation"": ""select_one"", ""--ball-speed"": 12, ""--no-plot"": null, ""--serve-box"": null}",135,False,miss,0.342925,1.831873,0.14667,20.0,35.0,1.44,1.0,2.1,0.0,0.342925,0.0,1.9,1394.7,-1.0,-99.0,
exp25_select_one,ablationselect_one__ballspeed12__noplot__servebox,"{""--ablation"": ""select_one"", ""--ball-speed"": 12, ""--no-plot"": null, ""--serve-box"": null}",125,False,miss,0.213657,1.864653,0.170861,10.0,0.0,1.8,0.97,1.7,0.0,0.213657,0.0,3.32,2321.5,-1.0,-99.0,
exp25_select_one,ablationselect_one__ballspeed12__noplot__servebox,"{""--ablation"": ""select_one"", ""--ball-speed"": 12, ""--no-plot"": null, ""--serve-box"": null}",139,True,active,0.13085,1.907042,0.115772,35.0,105.0,1.78,1.0,1.6,15.0,0.13085,1.114,1.58,1130.9,8.573,-4.403,
exp25_select_one,ablationselect_one__ballspeed12__noplot__servebox,"{""--ablation"": ""select_one"", ""--ball-speed"": 12, ""--no-plot"": null, ""--serve-box"": null}",140,True,active,0.084121,1.882983,0.058032,45.0,105.0,1.75,0.99,1.6,15.0,0.084121,1.591,1.66,1249.7,7.839,-2.544,
exp25_select_one,ablationselect_one__ballspeed12__noplot__servebox,"{""--ablation"": ""select_one"", ""--ball-speed"": 12, ""--no-plot"": null, ""--serve-box"": null}",128,False,miss,0.312919,1.883862,0.130891,25.0,80.0,1.52,1.0,1.5,0.0,0.312919,0.0,3.28,2411.0,-1.0,-99.0,
exp25_select_one,ablationselect_one__ballspeed12__noplot__servebox,"{""--ablation"": ""select_one"", ""--ball-speed"": 12, ""--no-plot"": null, ""--serve-box"": null}",133,True,active,0.120588,1.897899,0.051683,45.0,85.0,1.73,1.0,1.5,10.0,0.120588,1.308,3.07,2275.0,9.435,-4.275,
exp25_select_one,ablationselect_one__ballspeed12__noplot__servebox,"{""--ablation"": ""select_one"", ""--ball-speed"": 12, ""--no-plot"": null, ""--serve-box"": null}",130,False,miss,0.191272,1.785285,0.128485,0.0,0.0,1.78,1.0,1.4,0.0,0.191272,0.0,3.46,2255.5,-1.0,-99.0,
exp25_select_one,ablationselect_one__ballspeed12__noplot__servebox,"{""--ablation"": ""select_one"", ""--ball-speed"": 12, ""--no-plot"": null, ""--serve-box"": null}",146,False,miss,0.344736,1.870882,0.133832,20.0,60.0,1.56,1.0,1.4,0.0,0.344736,0.0,1.55,1125.9,-1.0,-99.0,
exp25_select_one,ablationselect_one__ballspeed12__noplot__servebox,"{""--ablation"": ""select_one"", ""--ball-speed"": 12, ""--no-plot"": null, ""--serve-box"": null}",144,True,active,0.095852,1.872607,0.095852,35.0,105.0,1.79,0.99,1.8,20.0,0.095852,1.794,1.67,1169.7,7.908,1.735,
exp25_select_one,ablationselect_one__ballspeed12__noplot__servebox,"{""--ablation"": ""select_one"", ""--ball-speed"": 12, ""--no-plot"": null, ""--serve-box"": null}",145,False,miss,0.147067,1.763694,0.112714,0.0,0.0,1.82,1.0,1.4,0.0,0.147067,0.0,1.84,1242.9,-1.0,-99.0,
exp25_select_one,ablationselect_one__ballspeed12__noplot__servebox,"{""--ablation"": ""select_one"", ""--ball-speed"": 12, ""--no-plot"": null, ""--serve-box"": null}",142,True,passive,0.128663,1.856254,0.101731,40.0,105.0,1.57,1.0,1.5,10.0,0.128663,0.245,2.24,1267.9,9.753,-7.209,
exp25_select_one,ablationselect_one__ballspeed12__noplot__servebox,"{""--ablation"": ""select_one"", ""--ball-speed"": 12, ""--no-plot"": null, ""--serve-box"": null}",148,False,miss,0.324113,1.839281,0.153938,15.0,0.0,1.42,1.0,1.4,0.0,0.324113,0.0,1.52,1069.6,-1.0,-99.0,
exp25_select_one,ablationselect_one__ballspeed12__noplot__servebox,"{""--ablation"": ""select_one"", ""--ball-speed"": 12, ""--no-plot"": null, ""--serve-box"": null}",138,True,active,0.101675,1.876438,0.087736,40.0,105.0,1.76,0.98,2.0,10.0,0.101675,1.161,3.0,2004.6,8.644,-5.545,
exp25_select_one,ablationselect_one__ballspeed12__noplot__servebox,"{""--ablation"": ""select_one"", ""--ball-speed"": 12, ""--no-plot"": null, ""--serve-box"": null}",151,False,miss,0.314793,1.858347,0.172468,10.0,0.0,1.51,1.0,1.6,0.0,0.314793,0.0,1.56,1162.3,-1.0,-99.0,
exp25_select_one,ablationselect_one__ballspeed12__noplot__servebox,"{""--ablation"": ""select_one"", ""--ball-speed"": 12, ""--no-plot"": null, ""--serve-box"": null}",152,True,active,0.083959,1.877766,0.035188,0.0,20.0,1.8,0.99,1.9,15.0,0.083959,1.758,1.58,1088.2,10.138,3.332,
exp25_select_one,ablationselect_one__ballspeed12__noplot__servebox,"{""--ablation"": ""select_one"", ""--ball-speed"": 12, ""--no-plot"": null, ""--serve-box"": null}",147,True,active,0.106135,1.872304,0.026269,45.0,105.0,1.23,1.0,1.7,15.0,0.106135,0.907,2.37,1517.9,8.985,-1.895,
exp25_select_one,ablationselect_one__ballspeed12__noplot__servebox,"{""--ablation"": ""select_one"", ""--ball-speed"": 12, ""--no-plot"": null, ""--serve-box"": null}",154,True,active,0.145708,1.891977,0.130984,35.0,85.0,1.79,0.99,2.1,5.0,0.145708,1.203,1.48,1091.7,9.255,-5.791,
exp25_select_one,ablationselect_one__ballspeed12__noplot__servebox,"{""--ablation"": ""select_one"", ""--ball-speed"": 12, ""--no-plot"": null, ""--serve-box"": null}",153,False,miss,0.267,1.839898,0.130568,25.0,35.0,1.37,1.0,1.5,0.0,0.267,0.0,1.64,1098.4,-1.0,-99.0,
exp25_select_one,ablationselect_one__ballspeed12__noplot__servebox,"{""--ablation"": ""select_one"", ""--ball-speed"": 12, ""--no-plot"": null, ""--serve-box"": null}",141,True,active,0.125123,1.883131,0.07305,40.0,105.0,1.6,1.0,1.5,15.0,0.125123,0.34,3.12,2326.7,10.198,-0.944,
exp25_select_one,ablationselect_one__ballspeed12__noplot__servebox,"{""--ablation"": ""select_one"", ""--ball-speed"": 12, ""--no-plot"": null, ""--serve-box"": null}",150,True,active,0.0895,1.866846,0.029856,40.0,105.0,1.81,1.0,1.6,10.0,0.0895,1.806,2.06,1501.9,8.848,0.372,
exp25_select_one,ablationselect_one__ballspeed12__noplot__servebox,"{""--ablation"": ""select_one"", ""--ball-speed"": 12, ""--no-plot"": null, ""--serve-box"": null}",155,False,miss,0.15773,1.844915,0.111754,0.0,20.0,1.77,1.0,2.0,0.0,0.15773,0.0,1.73,1126.7,-1.0,-99.0,
exp25_select_one,ablationselect_one__ballspeed12__noplot__servebox,"{""--ablation"": ""select_one"", ""--ball-speed"": 12, ""--no-plot"": null, ""--serve-box"": null}",143,True,active,0.083351,1.871991,0.041735,45.0,105.0,1.8,1.0,1.6,5.0,0.083351,1.258,3.36,2420.8,8.331,-2.279,
exp25_select_one,ablationselect_one__ballspeed12__noplot__servebox,"{""--ablation"": ""select_one"", ""--ball-speed"": 12, ""--no-plot"": null, ""--serve-box"": null}",149,False,miss,0.335621,1.866219,0.154432,15.0,0.0,1.61,1.0,1.4,0.0,0.335621,0.0,2.96,2295.4,-1.0,-99.0,
exp25_select_one,ablationselect_one__ballspeed12__noplot__servebox,"{""--ablation"": ""select_one"", ""--ball-speed"": 12, ""--no-plot"": null, ""--serve-box"": null}",158,True,active,0.140582,1.897021,0.114937,35.0,95.0,1.13,1.0,1.2,15.0,0.140582,0.315,1.77,1330.9,9.703,-7.26,
exp25_select_one,ablationselect_one__ballspeed12__noplot__servebox,"{""--ablation"": ""select_one"", ""--ball-speed"": 12, ""--no-plot"": null, ""--serve-box"": null}",160,False,miss,0.34183,1.872459,0.135368,20.0,75.0,1.46,1.0,1.3,0.0,0.34183,0.0,1.69,1257.9,-1.0,-99.0,
exp25_select_one,ablationselect_one__ballspeed12__noplot__servebox,"{""--ablation"": ""select_one"", ""--ball-speed"": 12, ""--no-plot"": null, ""--serve-box"": null}",161,True,active,0.124101,1.884666,0.088158,40.0,105.0,1.71,1.0,1.5,15.0,0.124101,0.838,1.64,1160.8,8.564,-1.808,
exp25_select_one,ablationselect_one__ballspeed12__noplot__servebox,"{""--ablation"": ""select_one"", ""--ball-speed"": 12, ""--no-plot"": null, ""--serve-box"": null}",163,False,miss,0.131943,1.765284,0.130759,25.0,50.0,1.78,1.0,1.5,0.0,0.131943,0.0,1.67,1123.7,-1.0,-99.0,
exp25_select_one,ablationselect_one__ballspeed12__noplot__servebox,"{""--ablation"": ""select_one"", ""--ball-speed"": 12, ""--no-plot"": null, ""--serve-box"": null}",167,True,active,0.136996,1.8563,0.107478,40.0,105.0,1.56,0.98,1.6,5.0,0.136996,1.042,1.51,1126.5,9.852,-5.485,
exp25_select_one,ablationselect_one__ballspeed12__noplot__servebox,"{""--ablation"": ""select_one"", ""--ball-speed"": 12, ""--no-plot"": null, ""--serve-box"": null}",156,False,miss,0.254701,1.830801,0.172936,10.0,0.0,1.78,1.0,2.1,0.0,0.254701,0.0,2.74,1634.3,-1.0,-99.0,
exp25_select_one,ablationselect_one__ballspeed12__noplot__servebox,"{""--ablation"": ""select_one"", ""--ball-speed"": 12, ""--no-plot"": null, ""--serve-box"": null}",165,True,active,0.144415,1.881855,0.141996,30.0,60.0,1.79,0.98,2.3,20.0,0.144415,1.524,1.66,1132.4,7.807,-0.479,
exp25_select_one,ablationselect_one__ballspeed12__noplot__servebox,"{""--ablation"": ""select_one"", ""--ball-speed"": 12, ""--no-plot"": null, ""--serve-box"": null}",157,False,miss,0.309137,1.8632,0.131193,20.0,105.0,1.18,0.99,1.2,0.0,0.309137,0.0,2.88,1975.6,-1.0,-99.0,
exp25_select_one,ablationselect_one__ballspeed12__noplot__servebox,"{""--ablation"": ""select_one"", ""--ball-speed"": 12, ""--no-plot"": null, ""--serve-box"": null}",168,False,miss,0.136241,1.786142,0.097875,0.0,0.0,1.76,0.99,1.3,0.0,0.136241,0.0,1.76,1241.7,-1.0,-99.0,
exp25_select_one,ablationselect_one__ballspeed12__noplot__servebox,"{""--ablation"": ""select_one"", ""--ball-speed"": 12, ""--no-plot"": null, ""--serve-box"": null}",166,False,miss,0.323802,1.875635,0.121273,25.0,90.0,1.44,1.0,1.2,0.0,0.323802,0.0,1.98,1517.8,-1.0,-99.0,
exp25_select_one,ablationselect_one__ballspeed12__noplot__servebox,"{""--ablation"": ""select_one"", ""--ball-speed"": 12, ""--no-plot"": null, ""--serve-box"": null}",169,False,miss,0.220384,1.823958,0.215849,0.0,0.0,1.14,1.0,1.0,0.0,0.220384,0.0,1.75,1132.0,-1.0,-99.0,
exp25_select_one,ablationselect_one__ballspeed12__noplot__servebox,"{""--ablation"": ""select_one"", ""--ball-speed"": 12, ""--no-plot"": null, ""--serve-box"": null}",159,False,miss,0.384838,1.87911,0.188306,0.0,0.0,1.3,1.0,1.5,0.0,0.384838,0.0,3.26,2340.1,-1.0,-99.0,
exp25_select_one,ablationselect_one__ballspeed12__noplot__servebox,"{""--ablation"": ""select_one"", ""--ball-speed"": 12, ""--no-plot"": null, ""--serve-box"": null}",173,False,miss,0.329221,1.882527,0.136917,20.0,70.0,1.2,0.99,1.1,0.0,0.329221,0.0,1.64,1160.8,-1.0,-99.0,
exp25_select_one,ablationselect_one__ballspeed12__noplot__servebox,"{""--ablation"": ""select_one"", ""--ball-speed"": 12, ""--no-plot"": null, ""--serve-box"": null}",172,True,active,0.114362,1.86653,0.072573,35.0,75.0,1.35,1.0,1.4,10.0,0.114362,1.352,2.08,1522.1,9.277,1.038,
exp25_select_one,ablationselect_one__ballspeed12__noplot__servebox,"{""--ablation"": ""select_one"", ""--ball-speed"": 12, ""--no-plot"": null, ""--serve-box"": null}",164,False,miss,0.195586,1.813083,0.131103,20.0,75.0,1.15,0.99,0.9,0.0,0.195586,0.0,3.12,1983.2,-1.0,-99.0,
exp25_select_one,ablationselect_one__ballspeed12__noplot__servebox,"{""--ablation"": ""select_one"", ""--ball-speed"": 12, ""--no-plot"": null, ""--serve-box"": null}",176,True,active,0.133991,1.923646,0.098417,40.0,90.0,1.4,1.0,1.3,5.0,0.133991,0.722,1.54,1106.3,10.067,-7.427,
exp25_select_one,ablationselect_one__ballspeed12__noplot__servebox,"{""--ablation"": ""select_one"", ""--ball-speed"": 12, ""--no-plot"": null, ""--serve-box"": null}",162,False,miss,0.129168,1.791112,0.112748,0.0,0.0,1.79,0.93,1.4,0.0,0.129168,0.0,3.49,2397.6,-1.0,-99.0,
exp25_select_one,ablationselect_one__ballspeed12__noplot__servebox,"{""--ablation"": ""select_one"", ""--ball-speed"": 12, ""--no-plot"": null, ""--serve-box"": null}",171,True,active,0.099435,1.9163,0.083935,40.0,105.0,1.78,1.0,1.6,15.0,0.099435,0.599,2.41,1552.0,9.101,-7.081,
exp25_select_one,ablationselect_one__ballspeed12__noplot__servebox,"{""--ablation"": ""select_one"", ""--ball-speed"": 12, ""--no-plot"": null, ""--serve-box"": null}",177,True,active,0.077392,1.884961,0.077392,30.0,95.0,1.81,0.99,1.8,10.0,0.077392,1.739,1.62,1124.6,9.787,0.802,
exp25_select_one,ablationselect_one__ballspeed12__noplot__servebox,"{""--ablation"": ""select_one"", ""--ball-speed"": 12, ""--no-plot"": null, ""--serve-box"": null}",178,False,miss,0.153292,1.817518,0.109636,25.0,95.0,1.47,0.99,1.4,0.0,0.153292,0.0,1.77,1130.1,-1.0,-99.0,
exp25_select_one,ablationselect_one__ballspeed12__noplot__servebox,"{""--ablation"": ""select_one"", ""--ball-speed"": 12, ""--no-plot"": null, ""--serve-box"": null}",179,True,active,0.079064,1.898669,0.077553,35.0,105.0,1.8,1.0,1.5,20.0,0.079064,1.805,1.65,1082.7,8.08,3.184,
exp25_select_one,ablationselect_one__ballspeed12__noplot__servebox,"{""--ablation"": ""select_one"", ""--ball-speed"": 12, ""--no-plot"": null, ""--serve-box"": null}",181,True,active,0.148991,1.890112,0.142098,30.0,55.0,1.58,0.98,2.0,15.0,0.148991,1.288,1.54,1061.3,8.753,-1.177,
exp25_select_one,ablationselect_one__ballspeed12__noplot__servebox,"{""--ablation"": ""select_one"", ""--ball-speed"": 12, ""--no-plot"": null, ""--serve-box"": null}",174,True,active,0.086424,1.81158,0.043046,0.0,0.0,1.23,0.99,1.2,5.0,0.086424,0.426,2.7,2062.6,10.342,2.546,
exp25_select_one,ablationselect_one__ballspeed12__noplot__servebox,"{""--ablation"": ""select_one"", ""--ball-speed"": 12, ""--no-plot"": null, ""--serve-box"": null}",182,True,active,0.134649,1.933664,0.118831,35.0,70.0,1.75,1.0,1.4,20.0,0.134649,0.853,1.87,1384.7,9.546,-2.031,
exp25_select_one,ablationselect_one__ballspeed12__noplot__servebox,"{""--ablation"": ""select_one"", ""--ball-speed"": 12, ""--no-plot"": null, ""--serve-box"": null}",170,False,miss,0.230143,1.765974,0.241452,0.0,0.0,0.99,0.99,1.2,0.0,0.230143,0.0,3.52,2331.2,-1.0,-99.0,
exp25_select_one,ablationselect_one__ballspeed12__noplot__servebox,"{""--ablation"": ""select_one"", ""--ball-speed"": 12, ""--no-plot"": null, ""--serve-box"": null}",183,True,active,0.078187,1.859043,0.061046,40.0,105.0,1.79,1.0,2.1,15.0,0.078187,1.756,1.62,1118.3,7.35,0.177,
exp25_select_one,ablationselect_one__ballspeed12__noplot__servebox,"{""--ablation"": ""select_one"", ""--ball-speed"": 12, ""--no-plot"": null, ""--serve-box"": null}",184,True,active,0.04586,1.891314,0.04586,40.0,105.0,1.78,1.0,1.7,20.0,0.04586,1.691,1.81,1329.5,8.049,-3.174,
exp25_select_one,ablationselect_one__ballspeed12__noplot__servebox,"{""--ablation"": ""select_one"", ""--ball-speed"": 12, ""--no-plot"": null, ""--serve-box"": null}",180,False,miss,0.209194,1.821392,0.135585,20.0,65.0,1.73,1.0,1.6,0.0,0.209194,0.0,2.67,1694.8,-1.0,-99.0,
exp25_select_one,ablationselect_one__ballspeed12__noplot__servebox,"{""--ablation"": ""select_one"", ""--ball-speed"": 12, ""--no-plot"": null, ""--serve-box"": null}",175,False,miss,0.442747,1.976734,0.156453,15.0,10.0,1.37,1.0,1.6,0.0,0.442747,0.0,3.12,2232.2,-1.0,-99.0,
exp25_select_one,ablationselect_one__ballspeed12__noplot__servebox,"{""--ablation"": ""select_one"", ""--ball-speed"": 12, ""--no-plot"": null, ""--serve-box"": null}",190,True,active,0.08093,1.901034,0.054843,40.0,105.0,1.59,0.99,1.3,15.0,0.08093,1.183,1.54,1094.3,7.982,-3.772,
exp25_select_one,ablationselect_one__ballspeed12__noplot__servebox,"{""--ablation"": ""select_one"", ""--ball-speed"": 12, ""--no-plot"": null, ""--serve-box"": null}",185,False,miss,0.33068,1.85385,0.168427,0.0,0.0,1.14,1.0,1.3,0.0,0.33068,0.0,2.13,1676.9,-1.0,-99.0,
exp25_select_one,ablationselect_one__ballspeed12__noplot__servebox,"{""--ablation"": ""select_one"", ""--ball-speed"": 12, ""--no-plot"": null, ""--serve-box"": null}",192,False,miss,0.261723,1.792262,0.245256,0.0,0.0,1.59,1.0,1.1,0.0,0.261723,0.0,1.69,1137.4,-1.0,-99.0,
exp25_select_one,ablationselect_one__ballspeed12__noplot__servebox,"{""--ablation"": ""select_one"", ""--ball-speed"": 12, ""--no-plot"": null, ""--serve-box"": null}",191,False,miss,0.327607,1.875478,0.139916,20.0,70.0,1.35,1.0,1.3,0.0,0.327607,0.0,1.78,1371.0,-1.0,-99.0,
exp25_select_one,ablationselect_one__ballspeed12__noplot__servebox,"{""--ablation"": ""select_one"", ""--ball-speed"": 12, ""--no-plot"": null, ""--serve-box"": null}",189,True,active,0.105679,1.881815,0.088683,35.0,105.0,1.71,0.99,1.8,15.0,0.105679,0.892,2.12,1534.6,8.22,-4.981,
exp25_select_one,ablationselect_one__ballspeed12__noplot__servebox,"{""--ablation"": ""select_one"", ""--ball-speed"": 12, ""--no-plot"": null, ""--serve-box"": null}",193,False,miss,0.300739,1.877931,0.152033,20.0,0.0,1.23,1.0,1.6,0.0,0.300739,0.0,1.91,1137.9,-1.0,-99.0,
exp25_select_one,ablationselect_one__ballspeed12__noplot__servebox,"{""--ablation"": ""select_one"", ""--ball-speed"": 12, ""--no-plot"": null, ""--serve-box"": null}",187,False,miss,0.281864,1.870416,0.14056,20.0,75.0,1.71,1.0,1.8,0.0,0.281864,0.0,2.45,2014.1,-1.0,-99.0,
exp25_select_one,ablationselect_one__ballspeed12__noplot__servebox,"{""--ablation"": ""select_one"", ""--ball-speed"": 12, ""--no-plot"": null, ""--serve-box"": null}",195,False,miss,0.318215,1.86195,0.151975,15.0,0.0,1.2,0.99,1.6,0.0,0.318215,0.0,1.59,1121.9,-1.0,-99.0,
exp25_select_one,ablationselect_one__ballspeed12__noplot__servebox,"{""--ablation"": ""select_one"", ""--ball-speed"": 12, ""--no-plot"": null, ""--serve-box"": null}",188,False,miss,0.383762,1.89315,0.154944,20.0,0.0,1.12,1.0,1.2,0.0,0.383762,0.0,2.47,1943.7,-1.0,-99.0,
exp25_select_one,ablationselect_one__ballspeed12__noplot__servebox,"{""--ablation"": ""select_one"", ""--ball-speed"": 12, ""--no-plot"": null, ""--serve-box"": null}",186,False,miss,0.325752,1.87449,0.14152,20.0,70.0,1.44,0.99,1.8,0.0,0.325752,0.0,2.83,2294.1,-1.0,-99.0,
exp25_select_one,ablationselect_one__ballspeed12__noplot__servebox,"{""--ablation"": ""select_one"", ""--ball-speed"": 12, ""--no-plot"": null, ""--serve-box"": null}",194,False,miss,0.316713,1.875514,0.128812,25.0,80.0,1.32,1.0,1.4,0.0,0.316713,0.0,2.02,1470.7,-1.0,-99.0,
exp25_select_one,ablationselect_one__ballspeed12__noplot__servebox,"{""--ablation"": ""select_one"", ""--ball-speed"": 12, ""--no-plot"": null, ""--serve-box"": null}",197,False,miss,0.225258,1.839641,0.134764,20.0,90.0,1.36,1.0,1.2,0.0,0.225258,0.0,1.76,1275.7,-1.0,-99.0,
exp25_select_one,ablationselect_one__ballspeed12__noplot__servebox,"{""--ablation"": ""select_one"", ""--ball-speed"": 12, ""--no-plot"": null, ""--serve-box"": null}",198,True,active,0.115924,1.920679,0.088825,40.0,105.0,1.76,0.98,1.6,25.0,0.115924,0.965,1.49,1069.9,10.027,-5.148,
exp25_select_one,ablationselect_one__ballspeed12__noplot__servebox,"{""--ablation"": ""select_one"", ""--ball-speed"": 12, ""--no-plot"": null, ""--serve-box"": null}",196,True,active,0.091236,1.817223,0.091236,30.0,105.0,1.46,1.0,1.5,10.0,0.091236,0.321,1.88,1316.9,9.507,-1.595,
exp25_select_one,ablationselect_one__ballspeed12__noplot__servebox,"{""--ablation"": ""select_one"", ""--ball-speed"": 12, ""--no-plot"": null, ""--serve-box"": null}",199,True,active,0.093361,1.850008,0.053381,35.0,105.0,1.41,1.0,1.2,5.0,0.093361,0.917,1.52,1020.7,9.715,-0.905,
exp25_select_one,ablationselect_one__ballspeed12__noplot__servebox,"{""--ablation"": ""select_one"", ""--ball-speed"": 12, ""--no-plot"": null, ""--serve-box"": null}",200,False,miss,0.196243,1.845844,0.116824,25.0,65.0,1.82,0.97,1.3,0.0,0.196243,0.0,1.67,1113.0,-1.0,-99.0,
