experiment,config_id,config_json,seed,hit,hit_type,pos_error,vel_error,min_dist,ball_near_ms,tube_ready_ms,max_tcp,max_qdot,max_face,hit_time_error_ms,hit_pos_error,v_racket_at_hit,wall_time,error
exp17i_limits_ablation,ablationfull__ballspeed7__limitsconfigconfigs_real_robot.yaml__noplot__servebox,"{""--ablation"": ""full"", ""--ball-speed"": 7, ""--limits-config"": ""configs/real_robot.yaml"", ""--no-plot"": null, ""--serve-box"": null}",3,True,active,0.120565,1.956107,0.111293,40.0,90.0,1.0,1.0,1.3,20.0,0.120565,0.972,1.36,
exp17i_limits_ablation,ablationfull__ballspeed7__limitsconfigconfigs_real_robot.yaml__noplot__servebox,"{""--ablation"": ""full"", ""--ball-speed"": 7, ""--limits-config"": ""configs/real_robot.yaml"", ""--no-plot"": null, ""--serve-box"": null}",1,True,active,0.135436,1.91546,0.109373,50.0,60.0,1.0,0.99,1.1,20.0,0.135436,0.971,1.38,
exp17i_limits_ablation,ablationfull__ballspeed7__limitsconfigconfigs_real_robot.yaml__noplot__servebox,"{""--ablation"": ""full"", ""--ball-speed"": 7, ""--limits-config"": ""configs/real_robot.yaml"", ""--no-plot"": null, ""--serve-box"": null}",2,False,miss,0.349525,1.938761,0.124536,0.0,0.0,1.0,1.0,1.4,0.0,0.349525,0.0,1.5,
exp17i_limits_ablation,ablationfull__ballspeed7__limitsconfigconfigs_real_robot.yaml__noplot__servebox,"{""--ablation"": ""full"", ""--ball-speed"": 7, ""--limits-config"": ""configs/real_robot.yaml"", ""--no-plot"": null, ""--serve-box"": null}",16,True,active,0.123744,1.926305,0.083795,55.0,105.0,1.0,0.98,1.0,20.0,0.123744,0.952,1.53,
exp17i_limits_ablation,ablationfull__ballspeed7__limitsconfigconfigs_real_robot.yaml__noplot__servebox,"{""--ablation"": ""full"", ""--ball-speed"": 7, ""--limits-config"": ""configs/real_robot.yaml"", ""--no-plot"": null, ""--serve-box"": null}",7,True,active,0.106248,1.940031,0.08099,55.0,100.0,1.0,1.0,1.0,25.0,0.106248,0.985,1.56,
exp17i_limits_ablation,ablationfull__ballspeed7__limitsconfigconfigs_real_robot.yaml__noplot__servebox,"{""--ablation"": ""full"", ""--ball-speed"": 7, ""--limits-config"": ""configs/real_robot.yaml"", ""--no-plot"": null, ""--serve-box"": null}",13,False,miss,0.335443,1.964932,0.138238,0.0,0.0,1.0,0.99,1.2,0.0,0.335443,0.0,1.62,
exp17i_limits_ablation,ablationfull__ballspeed7__limitsconfigconfigs_real_robot.yaml__noplot__servebox,"{""--ablation"": ""full"", ""--ball-speed"": 7, ""--limits-config"": ""configs/real_robot.yaml"", ""--no-plot"": null, ""--serve-box"": null}",10,True,active,0.115214,1.957231,0.112508,45.0,105.0,1.0,1.0,1.0,15.0,0.115214,0.6,1.64,
exp17i_limits_ablation,ablationfull__ballspeed7__limitsconfigconfigs_real_robot.yaml__noplot__servebox,"{""--ablation"": ""full"", ""--ball-speed"": 7, ""--limits-config"": ""configs/real_robot.yaml"", ""--no-plot"": null, ""--serve-box"": null}",18,True,active,0.13344,1.938709,0.126394,45.0,105.0,1.0,0.99,1.4,15.0,0.13344,0.98,1.65,
exp17i_limits_ablation,ablationfull__ballspeed7__limitsconfigconfigs_real_robot.yaml__noplot__servebox,"{""--ablation"": ""full"", ""--ball-speed"": 7, ""--limits-config"": ""configs/real_robot.yaml"", ""--no-plot"": null, ""--serve-box"": null}",8,True,active,0.110891,1.927454,0.08526,20.0,50.0,1.0,0.99,1.5,15.0,0.110891,0.958,1.68,
exp17i_limits_ablation,ablationfull__ballspeed7__limitsconfigconfigs_real_robot.yaml__noplot__servebox,"{""--ablation"": ""full"", ""--ball-speed"": 7, ""--limits-config"": ""configs/real_robot.yaml"", ""--no-plot"": null, ""--serve-box"": null}",15,True,active,0.070198,1.966247,0.064964,45.0,80.0,1.0,1.0,1.0,10.0,0.070198,0.883,1.73,
exp17i_limits_ablation,ablationfull__ballspeed7__limitsconfigconfigs_real_robot.yaml__noplot__servebox,"{""--ablation"": ""full"", ""--ball-speed"": 7, ""--limits-config"": ""configs/real_robot.yaml"", ""--no-plot"": null, ""--serve-box"": null}",19,True,active,0.107713,1.951358,0.099151,50.0,105.0,1.0,0.99,1.1,20.0,0.107713,0.789,1.74,
exp17i_limits_ablation,ablationfull__ballspeed7__limitsconfigconfigs_real_robot.yaml__noplot__servebox,"{""--ablation"": ""full"", ""--ball-speed"": 7, ""--limits-config"": ""configs/real_robot.yaml"", ""--no-plot"": null, ""--serve-box"": null}",20,,,,,,,,,,,,,,0.23,no_result
exp17i_limits_ablation,ablationfull__ballspeed7__limitsconfigconfigs_real_robot.yaml__noplot__servebox,"{""--ablation"": ""full"", ""--ball-speed"": 7, ""--limits-config"": ""configs/real_robot.yaml"", ""--no-plot"": null, ""--serve-box"": null}",21,,,,,,,,,,,,,,0.22,no_result
exp17i_limits_ablation,ablationfull__ballspeed7__limitsconfigconfigs_real_robot.yaml__noplot__servebox,"{""--ablation"": ""full"", ""--ball-speed"": 7, ""--limits-config"": ""configs/real_robot.yaml"", ""--no-plot"": null, ""--serve-box"": null}",27,,,,,,,,,,,,,,0.24,no_result
exp17i_limits_ablation,ablationfull__ballspeed7__limitsconfigconfigs_real_robot.yaml__noplot__servebox,"{""--ablation"": ""full"", ""--ball-speed"": 7, ""--limits-config"": ""configs/real_robot.yaml"", ""--no-plot"": null, ""--serve-box"": null}",9,True,active,0.111791,1.950278,0.111541,45.0,105.0,1.0,1.0,1.5,15.0,0.111791,0.519,2.61,
exp17i_limits_ablation,ablationfull__ballspeed7__limitsconfigconfigs_real_robot.yaml__noplot__servebox,"{""--ablation"": ""full"", ""--ball-speed"": 7, ""--limits-config"": ""configs/real_robot.yaml"", ""--no-plot"": null, ""--serve-box"": null}",6,True,active,0.091036,1.969773,0.082015,45.0,105.0,1.0,0.97,1.1,30.0,0.091036,0.95,2.65,
exp17i_limits_ablation,ablationfull__ballspeed7__limitsconfigconfigs_real_robot.yaml__noplot__servebox,"{""--ablation"": ""full"", ""--ball-speed"": 7, ""--limits-config"": ""configs/real_robot.yaml"", ""--no-plot"": null, ""--serve-box"": null}",5,False,miss,0.332802,1.968174,0.116623,0.0,0.0,1.0,1.0,1.1,0.0,0.332802,0.0,3.17,
exp17i_limits_ablation,ablationfull__ballspeed7__limitsconfigconfigs_real_robot.yaml__noplot__servebox,"{""--ablation"": ""full"", ""--ball-speed"": 7, ""--limits-config"": ""configs/real_robot.yaml"", ""--no-plot"": null, ""--serve-box"": null}",12,True,active,0.114228,1.983195,0.096009,45.0,105.0,1.0,1.0,1.0,25.0,0.114228,0.977,3.21,
exp17i_limits_ablation,ablationfull__ballspeed7__limitsconfigconfigs_real_robot.yaml__noplot__servebox,"{""--ablation"": ""full"", ""--ball-speed"": 7, ""--limits-config"": ""configs/real_robot.yaml"", ""--no-plot"": null, ""--serve-box"": null}",26,True,active,0.129792,1.944846,0.11523,40.0,95.0,1.0,1.0,1.1,30.0,0.129792,0.971,1.53,
exp17i_limits_ablation,ablationfull__ballspeed7__limitsconfigconfigs_real_robot.yaml__noplot__servebox,"{""--ablation"": ""full"", ""--ball-speed"": 7, ""--limits-config"": ""configs/real_robot.yaml"", ""--no-plot"": null, ""--serve-box"": null}",11,False,miss,0.345029,1.957931,0.138551,0.0,0.0,1.0,0.98,1.2,0.0,0.345029,0.0,3.34,
exp17i_limits_ablation,ablationfull__ballspeed7__limitsconfigconfigs_real_robot.yaml__noplot__servebox,"{""--ablation"": ""full"", ""--ball-speed"": 7, ""--limits-config"": ""configs/real_robot.yaml"", ""--no-plot"": null, ""--serve-box"": null}",4,False,miss,0.39942,1.94829,0.125865,0.0,0.0,1.0,0.98,1.4,0.0,0.39942,0.0,3.34,
exp17i_limits_ablation,ablationfull__ballspeed7__limitsconfigconfigs_real_robot.yaml__noplot__servebox,"{""--ablation"": ""full"", ""--ball-speed"": 7, ""--limits-config"": ""configs/real_robot.yaml"", ""--no-plot"": null, ""--serve-box"": null}",23,True,active,0.131523,1.963972,0.116303,50.0,100.0,1.0,0.99,1.0,20.0,0.131523,0.979,1.75,
exp17i_limits_ablation,ablationfull__ballspeed7__limitsconfigconfigs_real_robot.yaml__noplot__servebox,"{""--ablation"": ""full"", ""--ball-speed"": 7, ""--limits-config"": ""configs/real_robot.yaml"", ""--no-plot"": null, ""--serve-box"": null}",28,False,miss,0.358061,1.958833,0.155323,25.0,0.0,1.0,1.0,1.3,0.0,0.358061,0.0,1.67,
exp17i_limits_ablation,ablationfull__ballspeed7__limitsconfigconfigs_real_robot.yaml__noplot__servebox,"{""--ablation"": ""full"", ""--ball-speed"": 7, ""--limits-config"": ""configs/real_robot.yaml"", ""--no-plot"": null, ""--serve-box"": null}",14,False,miss,0.443552,1.954471,0.176297,15.0,0.0,1.0,0.99,1.4,0.0,0.443552,0.0,3.43,
exp17i_limits_ablation,ablationfull__ballspeed7__limitsconfigconfigs_real_robot.yaml__noplot__servebox,"{""--ablation"": ""full"", ""--ball-speed"": 7, ""--limits-config"": ""configs/real_robot.yaml"", ""--no-plot"": null, ""--serve-box"": null}",22,True,active,0.095928,1.933433,0.055812,0.0,0.0,1.0,0.99,1.3,15.0,0.095928,0.913,1.84,
exp17i_limits_ablation,ablationfull__ballspeed7__limitsconfigconfigs_real_robot.yaml__noplot__servebox,"{""--ablation"": ""full"", ""--ball-speed"": 7, ""--limits-config"": ""configs/real_robot.yaml"", ""--no-plot"": null, ""--serve-box"": null}",29,False,miss,0.334171,1.763536,0.254876,0.0,0.0,0.29,0.43,0.3,0.0,0.334171,0.0,1.75,
exp17i_limits_ablation,ablationfull__ballspeed7__limitsconfigconfigs_real_robot.yaml__noplot__servebox,"{""--ablation"": ""full"", ""--ball-speed"": 7, ""--limits-config"": ""configs/real_robot.yaml"", ""--no-plot"": null, ""--serve-box"": null}",17,False,miss,0.390393,1.957924,0.177745,10.0,0.0,1.01,0.99,1.1,0.0,0.390393,0.0,3.66,
exp17i_limits_ablation,ablationfull__ballspeed7__limitsconfigconfigs_real_robot.yaml__noplot__servebox,"{""--ablation"": ""full"", ""--ball-speed"": 7, ""--limits-config"": ""configs/real_robot.yaml"", ""--no-plot"": null, ""--serve-box"": null}",30,False,miss,0.364256,1.929881,0.161488,25.0,0.0,1.0,1.0,1.3,0.0,0.364256,0.0,1.77,
exp17i_limits_ablation,ablationfull__ballspeed7__limitsconfigconfigs_real_robot.yaml__noplot__servebox,"{""--ablation"": ""full"", ""--ball-speed"": 7, ""--limits-config"": ""configs/real_robot.yaml"", ""--no-plot"": null, ""--serve-box"": null}",25,False,miss,0.300402,1.960826,0.104244,45.0,100.0,1.0,1.0,1.0,0.0,0.300402,0.0,2.15,
exp17i_limits_ablation,ablationfull__ballspeed7__limitsconfigconfigs_real_robot.yaml__noplot__servebox,"{""--ablation"": ""full"", ""--ball-speed"": 7, ""--limits-config"": ""configs/real_robot.yaml"", ""--no-plot"": null, ""--serve-box"": null}",24,True,active,0.11926,1.943073,0.091923,55.0,90.0,1.0,0.97,1.3,20.0,0.11926,0.95,2.61,
exp17i_limits_ablation,ablationfull__ballspeed7__limitsconfigconfigs_real_robot.yaml__noplot__servebox,"{""--ablation"": ""full"", ""--ball-speed"": 7, ""--limits-config"": ""configs/real_robot.yaml"", ""--no-plot"": null, ""--serve-box"": null}",31,False,miss,0.532879,1.725424,0.392652,0.0,0.0,0.5,0.41,0.4,0.0,0.532879,0.0,1.86,
exp17i_limits_ablation,ablationfull__ballspeed7__limitsconfigconfigs_real_robot.yaml__noplot__servebox,"{""--ablation"": ""full"", ""--ball-speed"": 7, ""--limits-config"": ""configs/real_robot.yaml"", ""--no-plot"": null, ""--serve-box"": null}",35,False,miss,0.371635,1.939007,0.176676,15.0,0.0,1.0,1.0,1.2,0.0,0.371635,0.0,1.53,
exp17i_limits_ablation,ablationfull__ballspeed7__limitsconfigconfigs_real_robot.yaml__noplot__servebox,"{""--ablation"": ""full"", ""--ball-speed"": 7, ""--limits-config"": ""configs/real_robot.yaml"", ""--no-plot"": null, ""--serve-box"": null}",36,True,active,0.09494,1.925599,0.083434,50.0,105.0,1.0,1.0,0.9,10.0,0.09494,0.622,1.56,
exp17i_limits_ablation,ablationfull__ballspeed7__limitsconfigconfigs_real_robot.yaml__noplot__servebox,"{""--ablation"": ""full"", ""--ball-speed"": 7, ""--limits-config"": ""configs/real_robot.yaml"", ""--no-plot"": null, ""--serve-box"": null}",39,False,miss,0.306281,1.941295,0.133173,0.0,0.0,0.99,0.99,1.1,0.0,0.306281,0.0,1.49,
exp17i_limits_ablation,ablationfull__ballspeed7__limitsconfigconfigs_real_robot.yaml__noplot__servebox,"{""--ablation"": ""full"", ""--ball-speed"": 7, ""--limits-config"": ""configs/real_robot.yaml"", ""--no-plot"": null, ""--serve-box"": null}",33,False,miss,0.465998,1.756951,0.344592,0.0,0.0,0.41,0.47,0.3,0.0,0.465998,0.0,1.95,
exp17i_limits_ablation,ablationfull__ballspeed7__limitsconfigconfigs_real_robot.yaml__noplot__servebox,"{""--ablation"": ""full"", ""--ball-speed"": 7, ""--limits-config"": ""configs/real_robot.yaml"", ""--no-plot"": null, ""--serve-box"": null}",40,True,active,0.089727,1.948803,0.080841,45.0,105.0,1.01,0.98,1.1,10.0,0.089727,0.745,1.87,
exp17i_limits_ablation,ablationfull__ballspeed7__limitsconfigconfigs_real_robot.yaml__noplot__servebox,"{""--ablation"": ""full"", ""--ball-speed"": 7, ""--limits-config"": ""configs/real_robot.yaml"", ""--no-plot"": null, ""--serve-box"": null}",43,False,miss,0.359946,1.947526,0.177016,10.0,0.0,1.01,1.0,1.0,0.0,0.359946,0.0,1.77,
exp17i_limits_ablation,ablationfull__ballspeed7__limitsconfigconfigs_real_robot.yaml__noplot__servebox,"{""--ablation"": ""full"", ""--ball-speed"": 7, ""--limits-config"": ""configs/real_robot.yaml"", ""--no-plot"": null, ""--serve-box"": null}",45,False,miss,0.401502,1.977146,0.157682,25.0,0.0,1.0,0.99,1.1,0.0,0.401502,0.0,1.71,
exp17i_limits_ablation,ablationfull__ballspeed7__limitsconfigconfigs_real_robot.yaml__noplot__servebox,"{""--ablation"": ""full"", ""--ball-speed"": 7, ""--limits-config"": ""configs/real_robot.yaml"", ""--no-plot"": null, ""--serve-box"": null}",32,True,active,0.112823,1.961942,0.112692,40.0,105.0,1.01,1.0,1.2,10.0,0.112823,0.788,2.92,
exp17i_limits_ablation,ablationfull__ballspeed7__limitsconfigconfigs_real_robot.yaml__noplot__servebox,"{""--ablation"": ""full"", ""--ball-speed"": 7, ""--limits-config"": ""configs/real_robot.yaml"", ""--no-plot"": null, ""--serve-box"": null}",47,True,active,0.135606,1.97119,0.135606,35.0,80.0,1.0,1.0,1.0,15.0,0.135606,0.859,1.66,
exp17i_limits_ablation,ablationfull__ballspeed7__limitsconfigconfigs_real_robot.yaml__noplot__servebox,"{""--ablation"": ""full"", ""--ball-speed"": 7, ""--limits-config"": ""configs/real_robot.yaml"", ""--no-plot"": null, ""--serve-box"": null}",34,False,miss,0.357682,1.953762,0.185939,0.0,0.0,0.99,1.0,1.3,0.0,0.357682,0.0,2.92,
exp17i_limits_ablation,ablationfull__ballspeed7__limitsconfigconfigs_real_robot.yaml__noplot__servebox,"{""--ablation"": ""full"", ""--ball-speed"": 7, ""--limits-config"": ""configs/real_robot.yaml"", ""--no-plot"": null, ""--serve-box"": null}",46,True,active,0.12118,1.951282,0.081766,65.0,105.0,1.0,0.99,1.2,25.0,0.12118,0.958,2.03,
exp17i_limits_ablation,ablationfull__ballspeed7__limitsconfigconfigs_real_robot.yaml__noplot__servebox,"{""--ablation"": ""full"", ""--ball-speed"": 7, ""--limits-config"": ""configs/real_robot.yaml"", ""--no-plot"": null, ""--serve-box"": null}",50,False,miss,0.363623,1.938529,0.174402,15.0,0.0,0.99,1.0,1.2,0.0,0.363623,0.0,1.46,
exp17i_limits_ablation,ablationfull__ballspeed7__limitsconfigconfigs_real_robot.yaml__noplot__servebox,"{""--ablation"": ""full"", ""--ball-speed"": 7, ""--limits-config"": ""configs/real_robot.yaml"", ""--no-plot"": null, ""--serve-box"": null}",49,False,miss,0.361852,1.945379,0.12852,35.0,105.0,1.0,0.99,1.3,0.0,0.361852,0.0,1.7,
exp17i_limits_ablation,ablationfull__ballspeed7__limitsconfigconfigs_real_robot.yaml__noplot__servebox,"{""--ablation"": ""full"", ""--ball-speed"": 7, ""--limits-config"": ""configs/real_robot.yaml"", ""--no-plot"": null, ""--serve-box"": null}",37,True,active,0.116472,1.99567,0.095461,45.0,105.0,1.0,1.0,1.1,25.0,0.116472,0.911,3.29,
exp17i_limits_ablation,ablationfull__ballspeed7__limitsconfigconfigs_real_robot.yaml__noplot__servebox,"{""--ablation"": ""full"", ""--ball-speed"": 7, ""--limits-config"": ""configs/real_robot.yaml"", ""--no-plot"": null, ""--serve-box"": null}",42,False,miss,0.351798,1.930823,0.18018,10.0,0.0,0.99,0.98,1.3,0.0,0.351798,0.0,3.12,
exp17i_limits_ablation,ablationfull__ballspeed7__limitsconfigconfigs_real_robot.yaml__noplot__servebox,"{""--ablation"": ""full"", ""--ball-speed"": 7, ""--limits-config"": ""configs/real_robot.yaml"", ""--no-plot"": null, ""--serve-box"": null}",51,False,miss,0.361493,1.9382,0.14349,35.0,75.0,1.0,1.0,1.2,0.0,0.361493,0.0,1.64,
exp17i_limits_ablation,ablationfull__ballspeed7__limitsconfigconfigs_real_robot.yaml__noplot__servebox,"{""--ablation"": ""full"", ""--ball-speed"": 7, ""--limits-config"": ""configs/real_robot.yaml"", ""--no-plot"": null, ""--serve-box"": null}",44,False,miss,0.374329,1.963786,0.182819,0.0,0.0,1.0,0.97,1.1,0.0,0.374329,0.0,3.02,
exp17i_limits_ablation,ablationfull__ballspeed7__limitsconfigconfigs_real_robot.yaml__noplot__servebox,"{""--ablation"": ""full"", ""--ball-speed"": 7, ""--limits-config"": ""configs/real_robot.yaml"", ""--no-plot"": null, ""--serve-box"": null}",48,False,miss,0.338941,1.962527,0.140058,35.0,90.0,1.0,1.0,1.0,0.0,0.338941,0.0,2.1,
exp17i_limits_ablation,ablationfull__ballspeed7__limitsconfigconfigs_real_robot.yaml__noplot__servebox,"{""--ablation"": ""full"", ""--ball-speed"": 7, ""--limits-config"": ""configs/real_robot.yaml"", ""--no-plot"": null, ""--serve-box"": null}",53,True,active,0.09483,1.940757,0.081563,50.0,105.0,1.0,1.0,1.0,20.0,0.09483,0.816,1.49,
exp17i_limits_ablation,ablationfull__ballspeed7__limitsconfigconfigs_real_robot.yaml__noplot__servebox,"{""--ablation"": ""full"", ""--ball-speed"": 7, ""--limits-config"": ""configs/real_robot.yaml"", ""--no-plot"": null, ""--serve-box"": null}",54,False,miss,0.350076,1.973324,0.137624,0.0,0.0,1.01,0.98,1.1,0.0,0.350076,0.0,1.48,
exp17i_limits_ablation,ablationfull__ballspeed7__limitsconfigconfigs_real_robot.yaml__noplot__servebox,"{""--ablation"": ""full"", ""--ball-speed"": 7, ""--limits-config"": ""configs/real_robot.yaml"", ""--no-plot"": null, ""--serve-box"": null}",55,False,miss,0.386622,1.938328,0.151156,25.0,0.0,1.0,0.99,1.1,0.0,0.386622,0.0,1.55,
exp17i_limits_ablation,ablationfull__ballspeed7__limitsconfigconfigs_real_robot.yaml__noplot__servebox,"{""--ablation"": ""full"", ""--ball-speed"": 7, ""--limits-config"": ""configs/real_robot.yaml"", ""--no-plot"": null, ""--serve-box"": null}",38,True,active,0.098375,1.943283,0.068419,55.0,105.0,1.0,0.99,1.0,20.0,0.098375,0.966,3.75,
exp17i_limits_ablation,ablationfull__ballspeed7__limitsconfigconfigs_real_robot.yaml__noplot__servebox,"{""--ablation"": ""full"", ""--ball-speed"": 7, ""--limits-config"": ""configs/real_robot.yaml"", ""--no-plot"": null, ""--serve-box"": null}",41,False,miss,0.465203,1.744386,0.314967,0.0,0.0,0.39,0.48,0.3,0.0,0.465203,0.0,4.02,
exp17i_limits_ablation,ablationfull__ballspeed7__limitsconfigconfigs_real_robot.yaml__noplot__servebox,"{""--ablation"": ""full"", ""--ball-speed"": 7, ""--limits-config"": ""configs/real_robot.yaml"", ""--no-plot"": null, ""--serve-box"": null}",58,False,miss,0.330748,1.933182,0.114917,0.0,0.0,1.0,0.99,1.1,0.0,0.330748,0.0,1.51,
exp17i_limits_ablation,ablationfull__ballspeed7__limitsconfigconfigs_real_robot.yaml__noplot__servebox,"{""--ablation"": ""full"", ""--ball-speed"": 7, ""--limits-config"": ""configs/real_robot.yaml"", ""--no-plot"": null, ""--serve-box"": null}",56,False,miss,0.439748,1.926956,0.201877,0.0,0.0,1.0,1.0,1.3,0.0,0.439748,0.0,1.79,
exp17i_limits_ablation,ablationfull__ballspeed7__limitsconfigconfigs_real_robot.yaml__noplot__servebox,"{""--ablation"": ""full"", ""--ball-speed"": 7, ""--limits-config"": ""configs/real_robot.yaml"", ""--no-plot"": null, ""--serve-box"": null}",60,True,active,0.116422,1.926453,0.111106,45.0,95.0,1.0,1.0,1.4,10.0,0.116422,0.977,1.58,
exp17i_limits_ablation,ablationfull__ballspeed7__limitsconfigconfigs_real_robot.yaml__noplot__servebox,"{""--ablation"": ""full"", ""--ball-speed"": 7, ""--limits-config"": ""configs/real_robot.yaml"", ""--no-plot"": null, ""--serve-box"": null}",52,False,miss,0.724757,1.811109,0.72525,0.0,0.0,4.32,6.56,2.5,0.0,0.724757,0.0,2.91,
exp17i_limits_ablation,ablationfull__ballspeed7__limitsconfigconfigs_real_robot.yaml__noplot__servebox,"{""--ablation"": ""full"", ""--ball-speed"": 7, ""--limits-config"": ""configs/real_robot.yaml"", ""--no-plot"": null, ""--serve-box"": null}",62,True,active,0.109273,1.934563,0.098357,50.0,105.0,1.0,1.0,1.2,25.0,0.109273,0.922,1.62,
exp17i_limits_ablation,ablationfull__ballspeed7__limitsconfigconfigs_real_robot.yaml__noplot__servebox,"{""--ablation"": ""full"", ""--ball-speed"": 7, ""--limits-config"": ""configs/real_robot.yaml"", ""--no-plot"": null, ""--serve-box"": null}",59,True,active,0.121322,1.959628,0.098212,50.0,105.0,0.98,0.99,0.9,15.0,0.121322,0.865,2.07,
exp17i_limits_ablation,ablationfull__ballspeed7__limitsconfigconfigs_real_robot.yaml__noplot__servebox,"{""--ablation"": ""full"", ""--ball-speed"": 7, ""--limits-config"": ""configs/real_robot.yaml"", ""--no-plot"": null, ""--serve-box"": null}",67,False,miss,0.341338,1.95211,0.166191,0.0,0.0,1.0,0.95,1.2,0.0,0.341338,0.0,1.5,
exp17i_limits_ablation,ablationfull__ballspeed7__limitsconfigconfigs_real_robot.yaml__noplot__servebox,"{""--ablation"": ""full"", ""--ball-speed"": 7, ""--limits-config"": ""configs/real_robot.yaml"", ""--no-plot"": null, ""--serve-box"": null}",69,False,miss,0.342805,1.771037,0.317147,0.0,0.0,2.72,3.73,2.9,0.0,0.342805,0.0,1.79,
exp17i_limits_ablation,ablationfull__ballspeed7__limitsconfigconfigs_real_robot.yaml__noplot__servebox,"{""--ablation"": ""full"", ""--ball-speed"": 7, ""--limits-config"": ""configs/real_robot.yaml"", ""--no-plot"": null, ""--serve-box"": null}",61,False,miss,0.341774,1.944962,0.149637,30.0,55.0,1.0,1.0,1.3,0.0,0.341774,0.0,2.31,
exp17i_limits_ablation,ablationfull__ballspeed7__limitsconfigconfigs_real_robot.yaml__noplot__servebox,"{""--ablation"": ""full"", ""--ball-speed"": 7, ""--limits-config"": ""configs/real_robot.yaml"", ""--no-plot"": null, ""--serve-box"": null}",71,False,miss,0.35795,1.947996,0.158055,25.0,0.0,1.0,1.0,1.0,0.0,0.35795,0.0,1.44,
exp17i_limits_ablation,ablationfull__ballspeed7__limitsconfigconfigs_real_robot.yaml__noplot__servebox,"{""--ablation"": ""full"", ""--ball-speed"": 7, ""--limits-config"": ""configs/real_robot.yaml"", ""--no-plot"": null, ""--serve-box"": null}",72,True,active,0.050729,1.981576,0.050729,55.0,105.0,1.0,1.0,1.2,5.0,0.050729,0.749,1.47,
exp17i_limits_ablation,ablationfull__ballspeed7__limitsconfigconfigs_real_robot.yaml__noplot__servebox,"{""--ablation"": ""full"", ""--ball-speed"": 7, ""--limits-config"": ""configs/real_robot.yaml"", ""--no-plot"": null, ""--serve-box"": null}",57,True,active,0.117372,1.92529,0.117372,40.0,105.0,1.0,0.99,1.2,15.0,0.117372,0.976,3.53,
exp17i_limits_ablation,ablationfull__ballspeed7__limitsconfigconfigs_real_robot.yaml__noplot__servebox,"{""--ablation"": ""full"", ""--ball-speed"": 7, ""--limits-config"": ""configs/real_robot.yaml"", ""--no-plot"": null, ""--serve-box"": null}",73,False,miss,0.37357,1.946891,0.171561,20.0,0.0,1.01,1.0,1.3,0.0,0.37357,0.0,1.51,
exp17i_limits_ablation,ablationfull__ballspeed7__limitsconfigconfigs_real_robot.yaml__noplot__servebox,"{""--ablation"": ""full"", ""--ball-speed"": 7, ""--limits-config"": ""configs/real_robot.yaml"", ""--no-plot"": null, ""--serve-box"": null}",74,False,miss,0.401508,1.922506,0.166412,20.0,0.0,1.0,1.0,1.3,0.0,0.401508,0.0,1.52,
exp17i_limits_ablation,ablationfull__ballspeed7__limitsconfigconfigs_real_robot.yaml__noplot__servebox,"{""--ablation"": ""full"", ""--ball-speed"": 7, ""--limits-config"": ""configs/real_robot.yaml"", ""--no-plot"": null, ""--serve-box"": null}",63,False,miss,0.328671,1.937728,0.137065,30.0,75.0,1.0,0.95,1.1,0.0,0.328671,0.0,3.09,
exp17i_limits_ablation,ablationfull__ballspeed7__limitsconfigconfigs_real_robot.yaml__noplot__servebox,"{""--ablation"": ""full"", ""--ball-speed"": 7, ""--limits-config"": ""configs/real_robot.yaml"", ""--no-plot"": null, ""--serve-box"": null}",64,False,miss,0.30828,1.931657,0.121877,40.0,100.0,1.0,1.0,1.2,0.0,0.30828,0.0,3.1,
exp17i_limits_ablation,ablationfull__ballspeed7__limitsconfigconfigs_real_robot.yaml__noplot__servebox,"{""--ablation"": ""full"", ""--ball-speed"": 7, ""--limits-config"": ""configs/real_robot.yaml"", ""--no-plot"": null, ""--serve-box"": null}",68,False,miss,0.384761,1.930184,0.195455,0.0,0.0,1.0,0.99,1.2,0.0,0.384761,0.0,2.89,
exp17i_limits_ablation,ablationfull__ballspeed7__limitsconfigconfigs_real_robot.yaml__noplot__servebox,"{""--ablation"": ""full"", ""--ball-speed"": 7, ""--limits-config"": ""configs/real_robot.yaml"", ""--no-plot"": null, ""--serve-box"": null}",70,False,miss,0.365938,1.950724,0.185303,0.0,0.0,1.01,0.91,1.3,0.0,0.365938,0.0,2.54,
exp17i_limits_ablation,ablationfull__ballspeed7__limitsconfigconfigs_real_robot.yaml__noplot__servebox,"{""--ablation"": ""full"", ""--ball-speed"": 7, ""--limits-config"": ""configs/real_robot.yaml"", ""--no-plot"": null, ""--serve-box"": null}",77,False,miss,0.308745,1.954298,0.12922,0.0,0.0,1.0,1.0,1.2,0.0,0.308745,0.0,1.54,
exp17i_limits_ablation,ablationfull__ballspeed7__limitsconfigconfigs_real_robot.yaml__noplot__servebox,"{""--ablation"": ""full"", ""--ball-speed"": 7, ""--limits-config"": ""configs/real_robot.yaml"", ""--no-plot"": null, ""--serve-box"": null}",65,True,active,0.146624,1.948984,0.14431,40.0,70.0,1.01,1.0,1.6,10.0,0.146624,0.749,3.19,
exp17i_limits_ablation,ablationfull__ballspeed7__limitsconfigconfigs_real_robot.yaml__noplot__servebox,"{""--ablation"": ""full"", ""--ball-speed"": 7, ""--limits-config"": ""configs/real_robot.yaml"", ""--no-plot"": null, ""--serve-box"": null}",75,False,miss,0.402348,1.915143,0.183777,0.0,0.0,1.0,0.99,1.5,0.0,0.402348,0.0,1.84,
exp17i_limits_ablation,ablationfull__ballspeed7__limitsconfigconfigs_real_robot.yaml__noplot__servebox,"{""--ablation"": ""full"", ""--ball-speed"": 7, ""--limits-config"": ""configs/real_robot.yaml"", ""--no-plot"": null, ""--serve-box"": null}",66,False,miss,0.46233,1.720095,0.326974,0.0,0.0,0.46,0.47,0.4,0.0,0.46233,0.0,3.5,
exp17i_limits_ablation,ablationfull__ballspeed7__limitsconfigconfigs_real_robot.yaml__noplot__servebox,"{""--ablation"": ""full"", ""--ball-speed"": 7, ""--limits-config"": ""configs/real_robot.yaml"", ""--no-plot"": null, ""--serve-box"": null}",76,True,active,0.094762,1.944196,0.019047,10.0,40.0,1.0,0.96,1.0,25.0,0.094762,0.97,2.02,
exp17i_limits_ablation,ablationfull__ballspeed7__limitsconfigconfigs_real_robot.yaml__noplot__servebox,"{""--ablation"": ""full"", ""--ball-speed"": 7, ""--limits-config"": ""configs/real_robot.yaml"", ""--no-plot"": null, ""--serve-box"": null}",81,True,active,0.121624,1.978581,0.099144,50.0,105.0,1.01,1.0,1.3,10.0,0.121624,0.953,1.48,
exp17i_limits_ablation,ablationfull__ballspeed7__limitsconfigconfigs_real_robot.yaml__noplot__servebox,"{""--ablation"": ""full"", ""--ball-speed"": 7, ""--limits-config"": ""configs/real_robot.yaml"", ""--no-plot"": null, ""--serve-box"": null}",80,False,miss,0.406998,1.976738,0.17061,15.0,0.0,1.0,0.98,1.2,0.0,0.406998,0.0,1.91,
exp17i_limits_ablation,ablationfull__ballspeed7__limitsconfigconfigs_real_robot.yaml__noplot__servebox,"{""--ablation"": ""full"", ""--ball-speed"": 7, ""--limits-config"": ""configs/real_robot.yaml"", ""--no-plot"": null, ""--serve-box"": null}",78,True,active,0.114638,1.957407,0.10826,45.0,105.0,1.01,1.0,1.2,20.0,0.114638,0.882,2.27,
exp17i_limits_ablation,ablationfull__ballspeed7__limitsconfigconfigs_real_robot.yaml__noplot__servebox,"{""--ablation"": ""full"", ""--ball-speed"": 7, ""--limits-config"": ""configs/real_robot.yaml"", ""--no-plot"": null, ""--serve-box"": null}",84,False,miss,0.313817,1.926365,0.130091,35.0,90.0,1.0,1.0,1.2,0.0,0.313817,0.0,1.49,
exp17i_limits_ablation,ablationfull__ballspeed7__limitsconfigconfigs_real_robot.yaml__noplot__servebox,"{""--ablation"": ""full"", ""--ball-speed"": 7, ""--limits-config"": ""configs/real_robot.yaml"", ""--no-plot"": null, ""--serve-box"": null}",82,False,miss,0.355112,1.915202,0.162301,20.0,0.0,1.0,1.0,1.1,0.0,0.355112,0.0,1.61,
exp17i_limits_ablation,ablationfull__ballspeed7__limitsconfigconfigs_real_robot.yaml__noplot__servebox,"{""--ablation"": ""full"", ""--ball-speed"": 7, ""--limits-config"": ""configs/real_robot.yaml"", ""--no-plot"": null, ""--serve-box"": null}",79,True,active,0.119298,1.950038,0.109281,45.0,90.0,1.0,1.0,1.1,20.0,0.119298,0.842,2.41,
exp17i_limits_ablation,ablationfull__ballspeed7__limitsconfigconfigs_real_robot.yaml__noplot__servebox,"{""--ablation"": ""full"", ""--ball-speed"": 7, ""--limits-config"": ""configs/real_robot.yaml"", ""--no-plot"": null, ""--serve-box"": null}",89,False,miss,0.333231,1.886452,0.273257,0.0,0.0,0.98,0.99,0.9,0.0,0.333231,0.0,1.6,
exp17i_limits_ablation,ablationfull__ballspeed7__limitsconfigconfigs_real_robot.yaml__noplot__servebox,"{""--ablation"": ""full"", ""--ball-speed"": 7, ""--limits-config"": ""configs/real_robot.yaml"", ""--no-plot"": null, ""--serve-box"": null}",88,True,active,0.118896,1.964175,0.107731,55.0,105.0,1.0,0.99,1.6,15.0,0.118896,0.974,1.72,
exp17i_limits_ablation,ablationfull__ballspeed7__limitsconfigconfigs_real_robot.yaml__noplot__servebox,"{""--ablation"": ""full"", ""--ball-speed"": 7, ""--limits-config"": ""configs/real_robot.yaml"", ""--no-plot"": null, ""--serve-box"": null}",91,True,active,0.12515,1.954669,0.103964,50.0,105.0,1.0,1.0,1.4,20.0,0.12515,0.988,1.79,
exp17i_limits_ablation,ablationfull__ballspeed7__limitsconfigconfigs_real_robot.yaml__noplot__servebox,"{""--ablation"": ""full"", ""--ball-speed"": 7, ""--limits-config"": ""configs/real_robot.yaml"", ""--no-plot"": null, ""--serve-box"": null}",85,False,miss,0.336524,1.956697,0.157752,0.0,0.0,0.99,1.0,1.3,0.0,0.336524,0.0,2.11,
exp17i_limits_ablation,ablationfull__ballspeed7__limitsconfigconfigs_real_robot.yaml__noplot__servebox,"{""--ablation"": ""full"", ""--ball-speed"": 7, ""--limits-config"": ""configs/real_robot.yaml"", ""--no-plot"": null, ""--serve-box"": null}",90,False,miss,0.32949,1.928843,0.198256,0.0,0.0,1.0,0.96,1.2,0.0,0.32949,0.0,2.3,
exp17i_limits_ablation,ablationfull__ballspeed7__limitsconfigconfigs_real_robot.yaml__noplot__servebox,"{""--ablation"": ""full"", ""--ball-speed"": 7, ""--limits-config"": ""configs/real_robot.yaml"", ""--no-plot"": null, ""--serve-box"": null}",94,False,miss,0.376606,1.967649,0.113925,0.0,0.0,1.0,1.0,1.3,0.0,0.376606,0.0,1.64,
exp17i_limits_ablation,ablationfull__ballspeed7__limitsconfigconfigs_real_robot.yaml__noplot__servebox,"{""--ablation"": ""full"", ""--ball-speed"": 7, ""--limits-config"": ""configs/real_robot.yaml"", ""--no-plot"": null, ""--serve-box"": null}",98,False,miss,0.31295,1.946185,0.097537,0.0,0.0,1.0,0.98,1.1,0.0,0.31295,0.0,1.49,
exp17i_limits_ablation,ablationfull__ballspeed7__limitsconfigconfigs_real_robot.yaml__noplot__servebox,"{""--ablation"": ""full"", ""--ball-speed"": 7, ""--limits-config"": ""configs/real_robot.yaml"", ""--no-plot"": null, ""--serve-box"": null}",96,True,active,0.109061,1.927525,0.081451,60.0,105.0,1.0,1.0,1.1,15.0,0.109061,0.982,1.58,
exp17i_limits_ablation,ablationfull__ballspeed7__limitsconfigconfigs_real_robot.yaml__noplot__servebox,"{""--ablation"": ""full"", ""--ball-speed"": 7, ""--limits-config"": ""configs/real_robot.yaml"", ""--no-plot"": null, ""--serve-box"": null}",95,False,miss,0.341917,1.967722,0.144615,30.0,95.0,1.0,1.0,1.1,0.0,0.341917,0.0,1.65,
exp17i_limits_ablation,ablationfull__ballspeed7__limitsconfigconfigs_real_robot.yaml__noplot__servebox,"{""--ablation"": ""full"", ""--ball-speed"": 7, ""--limits-config"": ""configs/real_robot.yaml"", ""--no-plot"": null, ""--serve-box"": null}",87,False,miss,1.019948,1.728194,0.840033,0.0,0.0,5.96,4.6,8.6,0.0,1.019948,0.0,2.84,
exp17i_limits_ablation,ablationfull__ballspeed7__limitsconfigconfigs_real_robot.yaml__noplot__servebox,"{""--ablation"": ""full"", ""--ball-speed"": 7, ""--limits-config"": ""configs/real_robot.yaml"", ""--no-plot"": null, ""--serve-box"": null}",97,False,miss,0.366608,1.95279,0.170244,20.0,0.0,1.0,0.99,1.1,0.0,0.366608,0.0,1.8,
exp17i_limits_ablation,ablationfull__ballspeed7__limitsconfigconfigs_real_robot.yaml__noplot__servebox,"{""--ablation"": ""full"", ""--ball-speed"": 7, ""--limits-config"": ""configs/real_robot.yaml"", ""--no-plot"": null, ""--serve-box"": null}",100,False,miss,0.387643,1.955038,0.229912,0.0,0.0,1.01,0.99,1.0,0.0,0.387643,0.0,1.58,
exp17i_limits_ablation,ablationfull__ballspeed7__limitsconfigconfigs_real_robot.yaml__noplot__servebox,"{""--ablation"": ""full"", ""--ball-speed"": 7, ""--limits-config"": ""configs/real_robot.yaml"", ""--no-plot"": null, ""--serve-box"": null}",99,False,miss,0.336359,1.848978,0.280088,0.0,0.0,1.08,1.0,0.9,0.0,0.336359,0.0,1.93,
exp17i_limits_ablation,ablationfull__ballspeed7__limitsconfigconfigs_real_robot.yaml__noplot__servebox,"{""--ablation"": ""full"", ""--ball-speed"": 7, ""--limits-config"": ""configs/real_robot.yaml"", ""--no-plot"": null, ""--serve-box"": null}",86,True,active,0.119427,1.942967,0.086379,55.0,105.0,1.0,0.97,1.1,25.0,0.119427,0.965,3.54,
exp17i_limits_ablation,ablationfull__ballspeed7__limitsconfigconfigs_real_robot.yaml__noplot__servebox,"{""--ablation"": ""full"", ""--ball-speed"": 7, ""--limits-config"": ""configs/real_robot.yaml"", ""--no-plot"": null, ""--serve-box"": null}",83,False,miss,0.321961,1.903389,0.214166,0.0,0.0,1.0,1.0,1.5,0.0,0.321961,0.0,3.73,
exp17i_limits_ablation,ablationfull__ballspeed7__limitsconfigconfigs_real_robot.yaml__noplot__servebox,"{""--ablation"": ""full"", ""--ball-speed"": 7, ""--limits-config"": ""configs/real_robot.yaml"", ""--no-plot"": null, ""--serve-box"": null}",92,False,miss,0.363962,1.936922,0.138662,35.0,40.0,1.0,0.99,1.5,0.0,0.363962,0.0,3.06,
exp17i_limits_ablation,ablationfull__ballspeed7__limitsconfigconfigs_real_robot.yaml__noplot__servebox,"{""--ablation"": ""full"", ""--ball-speed"": 7, ""--limits-config"": ""configs/real_robot.yaml"", ""--no-plot"": null, ""--serve-box"": null}",101,False,miss,0.427174,1.938963,0.189026,0.0,0.0,1.0,0.99,1.2,0.0,0.427174,0.0,2.14,
exp17i_limits_ablation,ablationfull__ballspeed7__limitsconfigconfigs_real_robot.yaml__noplot__servebox,"{""--ablation"": ""full"", ""--ball-speed"": 7, ""--limits-config"": ""configs/real_robot.yaml"", ""--no-plot"": null, ""--serve-box"": null}",104,False,miss,0.35693,1.938088,0.174552,20.0,0.0,1.0,0.98,1.3,0.0,0.35693,0.0,1.57,
exp17i_limits_ablation,ablationfull__ballspeed7__limitsconfigconfigs_real_robot.yaml__noplot__servebox,"{""--ablation"": ""full"", ""--ball-speed"": 7, ""--limits-config"": ""configs/real_robot.yaml"", ""--no-plot"": null, ""--serve-box"": null}",93,True,active,0.112789,1.966774,0.106796,50.0,105.0,1.0,1.0,1.2,20.0,0.112789,0.734,3.57,
exp17i_limits_ablation,ablationfull__ballspeed7__limitsconfigconfigs_real_robot.yaml__noplot__servebox,"{""--ablation"": ""full"", ""--ball-speed"": 7, ""--limits-config"": ""configs/real_robot.yaml"", ""--no-plot"": null, ""--serve-box"": null}",105,True,active,0.112373,1.955419,0.112373,40.0,105.0,1.0,0.99,1.3,20.0,0.112373,0.966,1.61,
exp17i_limits_ablation,ablationfull__ballspeed7__limitsconfigconfigs_real_robot.yaml__noplot__servebox,"{""--ablation"": ""full"", ""--ball-speed"": 7, ""--limits-config"": ""configs/real_robot.yaml"", ""--no-plot"": null, ""--serve-box"": null}",109,True,active,0.104047,1.957866,0.100725,50.0,105.0,1.01,0.99,1.2,10.0,0.104047,0.972,1.63,
exp17i_limits_ablation,ablationfull__ballspeed7__limitsconfigconfigs_real_robot.yaml__noplot__servebox,"{""--ablation"": ""full"", ""--ball-speed"": 7, ""--limits-config"": ""configs/real_robot.yaml"", ""--no-plot"": null, ""--serve-box"": null}",102,True,active,0.12639,1.955239,0.118033,50.0,105.0,1.01,1.0,1.1,5.0,0.12639,0.698,2.63,
exp17i_limits_ablation,ablationfull__ballspeed7__limitsconfigconfigs_real_robot.yaml__noplot__servebox,"{""--ablation"": ""full"", ""--ball-speed"": 7, ""--limits-config"": ""configs/real_robot.yaml"", ""--no-plot"": null, ""--serve-box"": null}",112,False,miss,0.357833,1.911465,0.1756,0.0,0.0,0.99,1.0,1.1,0.0,0.357833,0.0,1.46,
exp17i_limits_ablation,ablationfull__ballspeed7__limitsconfigconfigs_real_robot.yaml__noplot__servebox,"{""--ablation"": ""full"", ""--ball-speed"": 7, ""--limits-config"": ""configs/real_robot.yaml"", ""--no-plot"": null, ""--serve-box"": null}",106,False,miss,0.348381,1.937657,0.157941,25.0,10.0,0.99,1.0,1.1,0.0,0.348381,0.0,2.03,
exp17i_limits_ablation,ablationfull__ballspeed7__limitsconfigconfigs_real_robot.yaml__noplot__servebox,"{""--ablation"": ""full"", ""--ball-speed"": 7, ""--limits-config"": ""configs/real_robot.yaml"", ""--no-plot"": null, ""--serve-box"": null}",111,False,miss,0.42182,1.907994,0.209074,0.0,0.0,1.0,0.93,1.2,0.0,0.42182,0.0,1.55,
exp17i_limits_ablation,ablationfull__ballspeed7__limitsconfigconfigs_real_robot.yaml__noplot__servebox,"{""--ablation"": ""full"", ""--ball-speed"": 7, ""--limits-config"": ""configs/real_robot.yaml"", ""--no-plot"": null, ""--serve-box"": null}",114,False,miss,0.345001,1.925196,0.151055,30.0,0.0,1.0,1.0,1.0,0.0,0.345001,0.0,1.48,
exp17i_limits_ablation,ablationfull__ballspeed7__limitsconfigconfigs_real_robot.yaml__noplot__servebox,"{""--ablation"": ""full"", ""--ball-speed"": 7, ""--limits-config"": ""configs/real_robot.yaml"", ""--no-plot"": null, ""--serve-box"": null}",113,False,miss,0.333958,1.967438,0.150047,0.0,0.0,1.01,0.99,1.3,0.0,0.333958,0.0,1.72,
exp17i_limits_ablation,ablationfull__ballspeed7__limitsconfigconfigs_real_robot.yaml__noplot__servebox,"{""--ablation"": ""full"", ""--ball-speed"": 7, ""--limits-config"": ""configs/real_robot.yaml"", ""--no-plot"": null, ""--serve-box"": null}",103,False,miss,0.891099,1.668925,0.711387,0.0,0.0,4.31,3.19,6.2,0.0,0.891099,0.0,3.26,
exp17i_limits_ablation,ablationfull__ballspeed7__limitsconfigconfigs_real_robot.yaml__noplot__servebox,"{""--ablation"": ""full"", ""--ball-speed"": 7, ""--limits-config"": ""configs/real_robot.yaml"", ""--no-plot"": null, ""--serve-box"": null}",116,False,miss,0.387404,1.92147,0.188359,0.0,0.0,0.99,0.99,1.3,0.0,0.387404,0.0,1.55,
exp17i_limits_ablation,ablationfull__ballspeed7__limitsconfigconfigs_real_robot.yaml__noplot__servebox,"{""--ablation"": ""full"", ""--ball-speed"": 7, ""--limits-config"": ""configs/real_robot.yaml"", ""--no-plot"": null, ""--serve-box"": null}",117,True,active,0.107799,1.905551,0.0751,55.0,105.0,1.01,0.99,1.5,5.0,0.107799,0.843,1.56,
exp17i_limits_ablation,ablationfull__ballspeed7__limitsconfigconfigs_real_robot.yaml__noplot__servebox,"{""--ablation"": ""full"", ""--ball-speed"": 7, ""--limits-config"": ""configs/real_robot.yaml"", ""--no-plot"": null, ""--serve-box"": null}",108,True,active,0.100914,1.925928,0.088507,0.0,0.0,1.0,0.99,1.3,5.0,0.100914,0.777,2.8,
exp17i_limits_ablation,ablationfull__ballspeed7__limitsconfigconfigs_real_robot.yaml__noplot__servebox,"{""--ablation"": ""full"", ""--ball-speed"": 7, ""--limits-config"": ""configs/real_robot.yaml"", ""--no-plot"": null, ""--serve-box"": null}",119,False,miss,0.326763,1.921333,0.151847,20.0,10.0,1.0,0.97,1.0,0.0,0.326763,0.0,1.64,
exp17i_limits_ablation,ablationfull__ballspeed7__limitsconfigconfigs_real_robot.yaml__noplot__servebox,"{""--ablation"": ""full"", ""--ball-speed"": 7, ""--limits-config"": ""configs/real_robot.yaml"", ""--no-plot"": null, ""--serve-box"": null}",118,False,miss,0.376317,1.817101,0.315926,0.0,0.0,0.97,0.97,0.8,0.0,0.376317,0.0,1.78,
exp17i_limits_ablation,ablationfull__ballspeed7__limitsconfigconfigs_real_robot.yaml__noplot__servebox,"{""--ablation"": ""full"", ""--ball-speed"": 7, ""--limits-config"": ""configs/real_robot.yaml"", ""--no-plot"": null, ""--serve-box"": null}",110,True,active,0.134424,1.917003,0.134424,40.0,90.0,1.0,1.0,1.3,10.0,0.134424,0.727,2.85,
exp17i_limits_ablation,ablationfull__ballspeed7__limitsconfigconfigs_real_robot.yaml__noplot__servebox,"{""--ablation"": ""full"", ""--ball-speed"": 7, ""--limits-config"": ""configs/real_robot.yaml"", ""--no-plot"": null, ""--serve-box"": null}",107,False,miss,0.419206,1.932462,0.218194,0.0,0.0,1.0,0.99,1.4,0.0,0.419206,0.0,3.41,
exp17i_limits_ablation,ablationfull__ballspeed7__limitsconfigconfigs_real_robot.yaml__noplot__servebox,"{""--ablation"": ""full"", ""--ball-speed"": 7, ""--limits-config"": ""configs/real_robot.yaml"", ""--no-plot"": null, ""--serve-box"": null}",123,True,active,0.129341,1.947565,0.118338,35.0,75.0,1.0,0.99,1.0,20.0,0.129341,0.807,1.48,
exp17i_limits_ablation,ablationfull__ballspeed7__limitsconfigconfigs_real_robot.yaml__noplot__servebox,"{""--ablation"": ""full"", ""--ball-speed"": 7, ""--limits-config"": ""configs/real_robot.yaml"", ""--no-plot"": null, ""--serve-box"": null}",124,True,active,0.109891,1.983814,0.101558,45.0,105.0,1.0,1.0,1.1,15.0,0.109891,0.67,1.51,
exp17i_limits_ablation,ablationfull__ballspeed7__limitsconfigconfigs_real_robot.yaml__noplot__servebox,"{""--ablation"": ""full"", ""--ball-speed"": 7, ""--limits-config"": ""configs/real_robot.yaml"", ""--no-plot"": null, ""--serve-box"": null}",120,False,miss,0.456752,1.72397,0.353896,0.0,0.0,0.39,0.41,0.2,0.0,0.456752,0.0,1.93,
exp17i_limits_ablation,ablationfull__ballspeed7__limitsconfigconfigs_real_robot.yaml__noplot__servebox,"{""--ablation"": ""full"", ""--ball-speed"": 7, ""--limits-config"": ""configs/real_robot.yaml"", ""--no-plot"": null, ""--serve-box"": null}",126,True,active,0.087068,1.950777,0.071037,45.0,105.0,1.0,1.0,1.2,25.0,0.087068,0.953,1.81,
exp17i_limits_ablation,ablationfull__ballspeed7__limitsconfigconfigs_real_robot.yaml__noplot__servebox,"{""--ablation"": ""full"", ""--ball-speed"": 7, ""--limits-config"": ""configs/real_robot.yaml"", ""--no-plot"": null, ""--serve-box"": null}",131,True,active,0.103891,1.975759,0.097667,50.0,105.0,1.0,0.99,1.2,20.0,0.103891,0.95,1.48,
exp17i_limits_ablation,ablationfull__ballspeed7__limitsconfigconfigs_real_robot.yaml__noplot__servebox,"{""--ablation"": ""full"", ""--ball-speed"": 7, ""--limits-config"": ""configs/real_robot.yaml"", ""--no-plot"": null, ""--serve-box"": null}",128,False,miss,0.364449,1.917341,0.158462,25.0,0.0,1.0,1.0,1.7,0.0,0.364449,0.0,1.82,
exp17i_limits_ablation,ablationfull__ballspeed7__limitsconfigconfigs_real_robot.yaml__noplot__servebox,"{""--ablation"": ""full"", ""--ball-speed"": 7, ""--limits-config"": ""configs/real_robot.yaml"", ""--no-plot"": null, ""--serve-box"": null}",132,False,miss,0.34049,1.956204,0.153858,25.0,0.0,1.0,1.0,1.3,0.0,0.34049,0.0,1.51,
exp17i_limits_ablation,ablationfull__ballspeed7__limitsconfigconfigs_real_robot.yaml__noplot__servebox,"{""--ablation"": ""full"", ""--ball-speed"": 7, ""--limits-config"": ""configs/real_robot.yaml"", ""--no-plot"": null, ""--serve-box"": null}",115,False,miss,0.399622,1.921055,0.279983,0.0,0.0,7.55,6.36,8.4,0.0,0.399622,0.0,3.95,
exp17i_limits_ablation,ablationfull__ballspeed7__limitsconfigconfigs_real_robot.yaml__noplot__servebox,"{""--ablation"": ""full"", ""--ball-speed"": 7, ""--limits-config"": ""configs/real_robot.yaml"", ""--no-plot"": null, ""--serve-box"": null}",130,True,active,0.115413,1.915519,0.102927,50.0,105.0,1.0,0.96,1.3,10.0,0.115413,0.879,2.04,
exp17i_limits_ablation,ablationfull__ballspeed7__limitsconfigconfigs_real_robot.yaml__noplot__servebox,"{""--ablation"": ""full"", ""--ball-speed"": 7, ""--limits-config"": ""configs/real_robot.yaml"", ""--no-plot"": null, ""--serve-box"": null}",133,True,active,0.150433,1.965536,0.146754,40.0,55.0,1.0,1.0,1.3,15.0,0.150433,0.964,1.78,
exp17i_limits_ablation,ablationfull__ballspeed7__limitsconfigconfigs_real_robot.yaml__noplot__servebox,"{""--ablation"": ""full"", ""--ball-speed"": 7, ""--limits-config"": ""configs/real_robot.yaml"", ""--no-plot"": null, ""--serve-box"": null}",134,True,active,0.137695,1.911981,0.137695,30.0,60.0,1.01,1.0,1.3,15.0,0.137695,0.939,1.51,
exp17i_limits_ablation,ablationfull__ballspeed7__limitsconfigconfigs_real_robot.yaml__noplot__servebox,"{""--ablation"": ""full"", ""--ball-speed"": 7, ""--limits-config"": ""configs/real_robot.yaml"", ""--no-plot"": null, ""--serve-box"": null}",125,False,miss,0.392934,1.953067,0.170762,15.0,0.0,1.0,0.99,1.2,0.0,0.392934,0.0,2.83,
exp17i_limits_ablation,ablationfull__ballspeed7__limitsconfigconfigs_real_robot.yaml__noplot__servebox,"{""--ablation"": ""full"", ""--ball-speed"": 7, ""--limits-config"": ""configs/real_robot.yaml"", ""--no-plot"": null, ""--serve-box"": null}",129,False,miss,0.368672,1.932938,0.220539,0.0,0.0,1.01,1.0,1.0,0.0,0.368672,0.0,2.24,
exp17i_limits_ablation,ablationfull__ballspeed7__limitsconfigconfigs_real_robot.yaml__noplot__servebox,"{""--ablation"": ""full"", ""--ball-speed"": 7, ""--limits-config"": ""configs/real_robot.yaml"", ""--no-plot"": null, ""--serve-box"": null}",137,False,miss,0.322425,1.951686,0.120128,40.0,100.0,1.0,1.0,1.1,0.0,0.322425,0.0,1.65,
exp17i_limits_ablation,ablationfull__ballspeed7__limitsconfigconfigs_real_robot.yaml__noplot__servebox,"{""--ablation"": ""full"", ""--ball-speed"": 7, ""--limits-config"": ""configs/real_robot.yaml"", ""--no-plot"": null, ""--serve-box"": null}",122,True,active,0.108748,1.940788,0.091699,0.0,0.0,1.0,0.98,1.4,5.0,0.108748,0.688,3.36,
exp17i_limits_ablation,ablationfull__ballspeed7__limitsconfigconfigs_real_robot.yaml__noplot__servebox,"{""--ablation"": ""full"", ""--ball-speed"": 7, ""--limits-config"": ""configs/real_robot.yaml"", ""--no-plot"": null, ""--serve-box"": null}",121,False,miss,0.413027,1.86276,0.354982,0.0,0.0,1.0,0.99,1.1,0.0,0.413027,0.0,3.72,
exp17i_limits_ablation,ablationfull__ballspeed7__limitsconfigconfigs_real_robot.yaml__noplot__servebox,"{""--ablation"": ""full"", ""--ball-speed"": 7, ""--limits-config"": ""configs/real_robot.yaml"", ""--no-plot"": null, ""--serve-box"": null}",127,False,miss,0.346276,1.94761,0.148531,30.0,35.0,1.01,0.99,1.0,0.0,0.346276,0.0,3.09,
exp17i_limits_ablation,ablationfull__ballspeed7__limitsconfigconfigs_real_robot.yaml__noplot__servebox,"{""--ablation"": ""full"", ""--ball-speed"": 7, ""--limits-config"": ""configs/real_robot.yaml"", ""--no-plot"": null, ""--serve-box"": null}",135,False,miss,0.384998,1.936754,0.191325,0.0,0.0,1.0,0.98,1.4,0.0,0.384998,0.0,2.09,
exp17i_limits_ablation,ablationfull__ballspeed7__limitsconfigconfigs_real_robot.yaml__noplot__servebox,"{""--ablation"": ""full"", ""--ball-speed"": 7, ""--limits-config"": ""configs/real_robot.yaml"", ""--no-plot"": null, ""--serve-box"": null}",136,False,miss,0.786513,1.782689,0.779494,0.0,0.0,2.42,6.79,4.3,0.0,0.786513,0.0,2.09,
exp17i_limits_ablation,ablationfull__ballspeed7__limitsconfigconfigs_real_robot.yaml__noplot__servebox,"{""--ablation"": ""full"", ""--ball-speed"": 7, ""--limits-config"": ""configs/real_robot.yaml"", ""--no-plot"": null, ""--serve-box"": null}",139,False,miss,0.385258,1.935825,0.145447,30.0,60.0,1.0,0.99,1.3,0.0,0.385258,0.0,1.71,
exp17i_limits_ablation,ablationfull__ballspeed7__limitsconfigconfigs_real_robot.yaml__noplot__servebox,"{""--ablation"": ""full"", ""--ball-speed"": 7, ""--limits-config"": ""configs/real_robot.yaml"", ""--no-plot"": null, ""--serve-box"": null}",138,False,miss,0.326921,1.94896,0.145053,30.0,55.0,1.0,1.0,1.4,0.0,0.326921,0.0,2.2,
exp17i_limits_ablation,ablationfull__ballspeed7__limitsconfigconfigs_real_robot.yaml__noplot__servebox,"{""--ablation"": ""full"", ""--ball-speed"": 7, ""--limits-config"": ""configs/real_robot.yaml"", ""--no-plot"": null, ""--serve-box"": null}",145,True,active,0.081679,1.954425,0.076992,45.0,105.0,1.0,1.0,1.1,25.0,0.081679,0.859,1.52,
exp17i_limits_ablation,ablationfull__ballspeed7__limitsconfigconfigs_real_robot.yaml__noplot__servebox,"{""--ablation"": ""full"", ""--ball-speed"": 7, ""--limits-config"": ""configs/real_robot.yaml"", ""--no-plot"": null, ""--serve-box"": null}",144,True,active,0.084322,1.986081,0.078161,55.0,105.0,1.01,1.0,1.3,15.0,0.084322,0.994,1.74,
exp17i_limits_ablation,ablationfull__ballspeed7__limitsconfigconfigs_real_robot.yaml__noplot__servebox,"{""--ablation"": ""full"", ""--ball-speed"": 7, ""--limits-config"": ""configs/real_robot.yaml"", ""--no-plot"": null, ""--serve-box"": null}",146,False,miss,0.349852,1.954114,0.132064,0.0,0.0,0.99,0.99,1.3,0.0,0.349852,0.0,1.91,
exp17i_limits_ablation,ablationfull__ballspeed7__limitsconfigconfigs_real_robot.yaml__noplot__servebox,"{""--ablation"": ""full"", ""--ball-speed"": 7, ""--limits-config"": ""configs/real_robot.yaml"", ""--no-plot"": null, ""--serve-box"": null}",147,True,active,0.118917,1.969116,0.059702,65.0,105.0,1.01,0.99,1.2,10.0,0.118917,0.979,1.92,
exp17i_limits_ablation,ablationfull__ballspeed7__limitsconfigconfigs_real_robot.yaml__noplot__servebox,"{""--ablation"": ""full"", ""--ball-speed"": 7, ""--limits-config"": ""configs/real_robot.yaml"", ""--no-plot"": null, ""--serve-box"": null}",152,True,active,0.120494,1.947979,0.112903,45.0,105.0,0.98,1.0,1.1,15.0,0.120494,0.661,1.45,
exp17i_limits_ablation,ablationfull__ballspeed7__limitsconfigconfigs_real_robot.yaml__noplot__servebox,"{""--ablation"": ""full"", ""--ball-speed"": 7, ""--limits-config"": ""configs/real_robot.yaml"", ""--no-plot"": null, ""--serve-box"": null}",151,False,miss,0.345844,1.936117,0.217808,0.0,0.0,1.01,0.99,1.0,0.0,0.345844,0.0,1.77,
exp17i_limits_ablation,ablationfull__ballspeed7__limitsconfigconfigs_real_robot.yaml__noplot__servebox,"{""--ablation"": ""full"", ""--ball-speed"": 7, ""--limits-config"": ""configs/real_robot.yaml"", ""--no-plot"": null, ""--serve-box"": null}",143,True,active,0.10912,1.975669,0.10912,40.0,105.0,1.0,1.0,1.2,15.0,0.10912,0.603,2.57,
exp17i_limits_ablation,ablationfull__ballspeed7__limitsconfigconfigs_real_robot.yaml__noplot__servebox,"{""--ablation"": ""full"", ""--ball-speed"": 7, ""--limits-config"": ""configs/real_robot.yaml"", ""--no-plot"": null, ""--serve-box"": null}",153,False,miss,0.539732,1.705433,0.4251,0.0,0.0,1.9,0.98,1.5,0.0,0.539732,0.0,1.87,
exp17i_limits_ablation,ablationfull__ballspeed7__limitsconfigconfigs_real_robot.yaml__noplot__servebox,"{""--ablation"": ""full"", ""--ball-speed"": 7, ""--limits-config"": ""configs/real_robot.yaml"", ""--no-plot"": null, ""--serve-box"": null}",149,False,miss,0.353221,1.943797,0.130397,40.0,105.0,1.0,1.0,1.3,0.0,0.353221,0.0,2.21,
exp17i_limits_ablation,ablationfull__ballspeed7__limitsconfigconfigs_real_robot.yaml__noplot__servebox,"{""--ablation"": ""full"", ""--ball-speed"": 7, ""--limits-config"": ""configs/real_robot.yaml"", ""--no-plot"": null, ""--serve-box"": null}",141,True,passive,0.103798,1.896903,0.097108,50.0,105.0,1.0,0.99,0.7,5.0,0.103798,0.28,3.22,
exp17i_limits_ablation,ablationfull__ballspeed7__limitsconfigconfigs_real_robot.yaml__noplot__servebox,"{""--ablation"": ""full"", ""--ball-speed"": 7, ""--limits-config"": ""configs/real_robot.yaml"", ""--no-plot"": null, ""--serve-box"": null}",140,False,miss,0.355679,1.939732,0.143647,20.0,25.0,0.99,0.99,1.4,0.0,0.355679,0.0,3.29,
exp17i_limits_ablation,ablationfull__ballspeed7__limitsconfigconfigs_real_robot.yaml__noplot__servebox,"{""--ablation"": ""full"", ""--ball-speed"": 7, ""--limits-config"": ""configs/real_robot.yaml"", ""--no-plot"": null, ""--serve-box"": null}",142,False,miss,0.326163,1.979706,0.129448,35.0,105.0,1.0,1.0,1.1,0.0,0.326163,0.0,3.2,
exp17i_limits_ablation,ablationfull__ballspeed7__limitsconfigconfigs_real_robot.yaml__noplot__servebox,"{""--ablation"": ""full"", ""--ball-speed"": 7, ""--limits-config"": ""configs/real_robot.yaml"", ""--no-plot"": null, ""--serve-box"": null}",156,False,miss,0.359463,1.963137,0.167596,20.0,0.0,1.0,0.99,1.2,0.0,0.359463,0.0,1.5,
exp17i_limits_ablation,ablationfull__ballspeed7__limitsconfigconfigs_real_robot.yaml__noplot__servebox,"{""--ablation"": ""full"", ""--ball-speed"": 7, ""--limits-config"": ""configs/real_robot.yaml"", ""--no-plot"": null, ""--serve-box"": null}",154,False,miss,0.583433,1.731296,0.448475,0.0,0.0,0.49,0.44,0.4,0.0,0.583433,0.0,1.9,
exp17i_limits_ablation,ablationfull__ballspeed7__limitsconfigconfigs_real_robot.yaml__noplot__servebox,"{""--ablation"": ""full"", ""--ball-speed"": 7, ""--limits-config"": ""configs/real_robot.yaml"", ""--no-plot"": null, ""--serve-box"": null}",157,False,miss,0.32923,1.9497,0.165224,20.0,0.0,2.13,1.33,1.9,0.0,0.32923,0.0,1.56,
exp17i_limits_ablation,ablationfull__ballspeed7__limitsconfigconfigs_real_robot.yaml__noplot__servebox,"{""--ablation"": ""full"", ""--ball-speed"": 7, ""--limits-config"": ""configs/real_robot.yaml"", ""--no-plot"": null, ""--serve-box"": null}",158,True,active,0.125682,1.960129,0.117479,50.0,100.0,1.02,0.99,1.3,20.0,0.125682,0.974,1.54,
exp17i_limits_ablation,ablationfull__ballspeed7__limitsconfigconfigs_real_robot.yaml__noplot__servebox,"{""--ablation"": ""full"", ""--ball-speed"": 7, ""--limits-config"": ""configs/real_robot.yaml"", ""--no-plot"": null, ""--serve-box"": null}",150,False,miss,0.354586,1.965043,0.159305,25.0,0.0,1.0,0.99,1.4,0.0,0.354586,0.0,3.25,
exp17i_limits_ablation,ablationfull__ballspeed7__limitsconfigconfigs_real_robot.yaml__noplot__servebox,"{""--ablation"": ""full"", ""--ball-speed"": 7, ""--limits-config"": ""configs/real_robot.yaml"", ""--no-plot"": null, ""--serve-box"": null}",159,False,miss,0.395543,1.838868,0.326617,0.0,0.0,1.0,0.97,1.3,0.0,0.395543,0.0,1.85,
exp17i_limits_ablation,ablationfull__ballspeed7__limitsconfigconfigs_real_robot.yaml__noplot__servebox,"{""--ablation"": ""full"", ""--ball-speed"": 7, ""--limits-config"": ""configs/real_robot.yaml"", ""--no-plot"": null, ""--serve-box"": null}",160,False,miss,0.370295,1.927763,0.247487,0.0,0.0,1.0,0.98,1.4,0.0,0.370295,0.0,1.83,
exp17i_limits_ablation,ablationfull__ballspeed7__limitsconfigconfigs_real_robot.yaml__noplot__servebox,"{""--ablation"": ""full"", ""--ball-speed"": 7, ""--limits-config"": ""configs/real_robot.yaml"", ""--no-plot"": null, ""--serve-box"": null}",155,True,active,0.076947,2.002923,0.065347,50.0,105.0,1.0,1.0,1.0,25.0,0.076947,0.832,2.52,
exp17i_limits_ablation,ablationfull__ballspeed7__limitsconfigconfigs_real_robot.yaml__noplot__servebox,"{""--ablation"": ""full"", ""--ball-speed"": 7, ""--limits-config"": ""configs/real_robot.yaml"", ""--no-plot"": null, ""--serve-box"": null}",148,False,miss,0.468707,1.686317,0.358045,0.0,0.0,1.0,0.59,0.7,0.0,0.468707,0.0,3.95,
exp17i_limits_ablation,ablationfull__ballspeed7__limitsconfigconfigs_real_robot.yaml__noplot__servebox,"{""--ablation"": ""full"", ""--ball-speed"": 7, ""--limits-config"": ""configs/real_robot.yaml"", ""--no-plot"": null, ""--serve-box"": null}",166,True,active,0.122576,1.945233,0.114901,45.0,105.0,1.0,1.0,1.2,20.0,0.122576,0.904,1.58,
exp17i_limits_ablation,ablationfull__ballspeed7__limitsconfigconfigs_real_robot.yaml__noplot__servebox,"{""--ablation"": ""full"", ""--ball-speed"": 7, ""--limits-config"": ""configs/real_robot.yaml"", ""--no-plot"": null, ""--serve-box"": null}",165,False,miss,0.360548,1.915129,0.195003,0.0,0.0,1.99,0.99,1.7,0.0,0.360548,0.0,1.63,
exp17i_limits_ablation,ablationfull__ballspeed7__limitsconfigconfigs_real_robot.yaml__noplot__servebox,"{""--ablation"": ""full"", ""--ball-speed"": 7, ""--limits-config"": ""configs/real_robot.yaml"", ""--no-plot"": null, ""--serve-box"": null}",168,False,miss,0.383845,1.941954,0.16616,0.0,0.0,1.0,0.99,1.3,0.0,0.383845,0.0,1.48,
exp17i_limits_ablation,ablationfull__ballspeed7__limitsconfigconfigs_real_robot.yaml__noplot__servebox,"{""--ablation"": ""full"", ""--ball-speed"": 7, ""--limits-config"": ""configs/real_robot.yaml"", ""--no-plot"": null, ""--serve-box"": null}",167,True,active,0.090871,1.963046,0.051979,30.0,65.0,1.0,0.98,1.1,25.0,0.090871,0.895,1.58,
exp17i_limits_ablation,ablationfull__ballspeed7__limitsconfigconfigs_real_robot.yaml__noplot__servebox,"{""--ablation"": ""full"", ""--ball-speed"": 7, ""--limits-config"": ""configs/real_robot.yaml"", ""--no-plot"": null, ""--serve-box"": null}",170,False,miss,0.346071,1.924641,0.15798,0.0,0.0,0.99,1.0,1.4,0.0,0.346071,0.0,1.65,
exp17i_limits_ablation,ablationfull__ballspeed7__limitsconfigconfigs_real_robot.yaml__noplot__servebox,"{""--ablation"": ""full"", ""--ball-speed"": 7, ""--limits-config"": ""configs/real_robot.yaml"", ""--no-plot"": null, ""--serve-box"": null}",169,False,miss,0.331646,1.92641,0.148276,30.0,50.0,1.0,1.0,1.1,0.0,0.331646,0.0,1.86,
exp17i_limits_ablation,ablationfull__ballspeed7__limitsconfigconfigs_real_robot.yaml__noplot__servebox,"{""--ablation"": ""full"", ""--ball-speed"": 7, ""--limits-config"": ""configs/real_robot.yaml"", ""--no-plot"": null, ""--serve-box"": null}",172,False,miss,0.34189,1.956125,0.144364,30.0,105.0,1.0,1.0,1.2,0.0,0.34189,0.0,1.49,
exp17i_limits_ablation,ablationfull__ballspeed7__limitsconfigconfigs_real_robot.yaml__noplot__servebox,"{""--ablation"": ""full"", ""--ball-speed"": 7, ""--limits-config"": ""configs/real_robot.yaml"", ""--no-plot"": null, ""--serve-box"": null}",162,False,miss,0.264186,1.860668,0.220884,0.0,0.0,1.0,1.0,1.5,0.0,0.264186,0.0,2.84,
exp17i_limits_ablation,ablationfull__ballspeed7__limitsconfigconfigs_real_robot.yaml__noplot__servebox,"{""--ablation"": ""full"", ""--ball-speed"": 7, ""--limits-config"": ""configs/real_robot.yaml"", ""--no-plot"": null, ""--serve-box"": null}",174,True,active,0.12463,1.944693,0.096991,0.0,0.0,1.01,1.0,1.1,20.0,0.12463,0.899,1.44,
exp17i_limits_ablation,ablationfull__ballspeed7__limitsconfigconfigs_real_robot.yaml__noplot__servebox,"{""--ablation"": ""full"", ""--ball-speed"": 7, ""--limits-config"": ""configs/real_robot.yaml"", ""--no-plot"": null, ""--serve-box"": null}",161,True,active,0.076445,1.960005,0.076445,45.0,105.0,0.99,0.99,1.0,15.0,0.076445,0.962,3.08,
exp17i_limits_ablation,ablationfull__ballspeed7__limitsconfigconfigs_real_robot.yaml__noplot__servebox,"{""--ablation"": ""full"", ""--ball-speed"": 7, ""--limits-config"": ""configs/real_robot.yaml"", ""--no-plot"": null, ""--serve-box"": null}",175,True,active,0.088636,1.936751,0.03167,0.0,0.0,1.0,0.97,1.1,25.0,0.088636,0.964,1.58,
exp17i_limits_ablation,ablationfull__ballspeed7__limitsconfigconfigs_real_robot.yaml__noplot__servebox,"{""--ablation"": ""full"", ""--ball-speed"": 7, ""--limits-config"": ""configs/real_robot.yaml"", ""--no-plot"": null, ""--serve-box"": null}",164,False,miss,0.33847,1.951748,0.146293,30.0,40.0,0.98,1.0,1.1,0.0,0.33847,0.0,3.04,
exp17i_limits_ablation,ablationfull__ballspeed7__limitsconfigconfigs_real_robot.yaml__noplot__servebox,"{""--ablation"": ""full"", ""--ball-speed"": 7, ""--limits-config"": ""configs/real_robot.yaml"", ""--no-plot"": null, ""--serve-box"": null}",163,True,active,0.1012,1.987819,0.090907,50.0,105.0,1.0,1.0,1.1,20.0,0.1012,0.923,3.17,
exp17i_limits_ablation,ablationfull__ballspeed7__limitsconfigconfigs_real_robot.yaml__noplot__servebox,"{""--ablation"": ""full"", ""--ball-speed"": 7, ""--limits-config"": ""configs/real_robot.yaml"", ""--no-plot"": null, ""--serve-box"": null}",179,False,miss,0.344678,1.929716,0.195797,0.0,0.0,1.0,0.99,1.3,0.0,0.344678,0.0,1.72,
exp17i_limits_ablation,ablationfull__ballspeed7__limitsconfigconfigs_real_robot.yaml__noplot__servebox,"{""--ablation"": ""full"", ""--ball-speed"": 7, ""--limits-config"": ""configs/real_robot.yaml"", ""--no-plot"": null, ""--serve-box"": null}",176,False,miss,0.426917,1.82853,0.37367,0.0,0.0,1.17,0.99,1.0,0.0,0.426917,0.0,1.92,
exp17i_limits_ablation,ablationfull__ballspeed7__limitsconfigconfigs_real_robot.yaml__noplot__servebox,"{""--ablation"": ""full"", ""--ball-speed"": 7, ""--limits-config"": ""configs/real_robot.yaml"", ""--no-plot"": null, ""--serve-box"": null}",177,False,miss,0.366151,1.898171,0.293749,0.0,0.0,1.0,1.0,1.2,0.0,0.366151,0.0,1.81,
exp17i_limits_ablation,ablationfull__ballspeed7__limitsconfigconfigs_real_robot.yaml__noplot__servebox,"{""--ablation"": ""full"", ""--ball-speed"": 7, ""--limits-config"": ""configs/real_robot.yaml"", ""--no-plot"": null, ""--serve-box"": null}",173,False,miss,0.390456,1.926964,0.166609,25.0,0.0,1.0,0.98,1.3,0.0,0.390456,0.0,2.57,
exp17i_limits_ablation,ablationfull__ballspeed7__limitsconfigconfigs_real_robot.yaml__noplot__servebox,"{""--ablation"": ""full"", ""--ball-speed"": 7, ""--limits-config"": ""configs/real_robot.yaml"", ""--no-plot"": null, ""--serve-box"": null}",182,False,miss,0.342752,1.948786,0.166687,20.0,0.0,1.0,0.95,1.3,0.0,0.342752,0.0,1.52,
exp17i_limits_ablation,ablationfull__ballspeed7__limitsconfigconfigs_real_robot.yaml__noplot__servebox,"{""--ablation"": ""full"", ""--ball-speed"": 7, ""--limits-config"": ""configs/real_robot.yaml"", ""--no-plot"": null, ""--serve-box"": null}",180,False,miss,0.253009,1.939397,0.135085,0.0,0.0,1.0,0.99,0.9,0.0,0.253009,0.0,2.02,
exp17i_limits_ablation,ablationfull__ballspeed7__limitsconfigconfigs_real_robot.yaml__noplot__servebox,"{""--ablation"": ""full"", ""--ball-speed"": 7, ""--limits-config"": ""configs/real_robot.yaml"", ""--no-plot"": null, ""--serve-box"": null}",181,True,active,0.121472,1.962718,0.102467,50.0,105.0,0.99,0.99,1.0,20.0,0.121472,0.872,1.66,
exp17i_limits_ablation,ablationfull__ballspeed7__limitsconfigconfigs_real_robot.yaml__noplot__servebox,"{""--ablation"": ""full"", ""--ball-speed"": 7, ""--limits-config"": ""configs/real_robot.yaml"", ""--no-plot"": null, ""--serve-box"": null}",171,False,miss,0.477472,1.7176,0.368534,0.0,0.0,0.3,0.4,0.2,0.0,0.477472,0.0,3.28,
exp17i_limits_ablation,ablationfull__ballspeed7__limitsconfigconfigs_real_robot.yaml__noplot__servebox,"{""--ablation"": ""full"", ""--ball-speed"": 7, ""--limits-config"": ""configs/real_robot.yaml"", ""--no-plot"": null, ""--serve-box"": null}",185,True,active,0.062413,1.95539,0.062413,45.0,105.0,1.01,1.0,0.9,15.0,0.062413,0.905,1.55,
exp17i_limits_ablation,ablationfull__ballspeed7__limitsconfigconfigs_real_robot.yaml__noplot__servebox,"{""--ablation"": ""full"", ""--ball-speed"": 7, ""--limits-config"": ""configs/real_robot.yaml"", ""--no-plot"": null, ""--serve-box"": null}",187,False,miss,0.330572,1.914701,0.179749,10.0,0.0,0.99,1.0,1.1,0.0,0.330572,0.0,1.8,
exp17i_limits_ablation,ablationfull__ballspeed7__limitsconfigconfigs_real_robot.yaml__noplot__servebox,"{""--ablation"": ""full"", ""--ball-speed"": 7, ""--limits-config"": ""configs/real_robot.yaml"", ""--no-plot"": null, ""--serve-box"": null}",178,False,miss,0.37235,1.927466,0.19249,0.0,0.0,1.0,0.99,1.1,0.0,0.37235,0.0,3.03,
exp17i_limits_ablation,ablationfull__ballspeed7__limitsconfigconfigs_real_robot.yaml__noplot__servebox,"{""--ablation"": ""full"", ""--ball-speed"": 7, ""--limits-config"": ""configs/real_robot.yaml"", ""--no-plot"": null, ""--serve-box"": null}",190,False,miss,0.360829,1.804808,0.299762,0.0,0.0,0.97,0.56,0.7,0.0,0.360829,0.0,1.74,
exp17i_limits_ablation,ablationfull__ballspeed7__limitsconfigconfigs_real_robot.yaml__noplot__servebox,"{""--ablation"": ""full"", ""--ball-speed"": 7, ""--limits-config"": ""configs/real_robot.yaml"", ""--no-plot"": null, ""--serve-box"": null}",194,True,active,0.122508,1.959752,0.114843,55.0,105.0,1.01,1.0,1.2,15.0,0.122508,0.757,1.48,
exp17i_limits_ablation,ablationfull__ballspeed7__limitsconfigconfigs_real_robot.yaml__noplot__servebox,"{""--ablation"": ""full"", ""--ball-speed"": 7, ""--limits-config"": ""configs/real_robot.yaml"", ""--no-plot"": null, ""--serve-box"": null}",191,False,miss,0.441296,1.712135,0.35393,0.0,0.0,1.0,0.45,0.7,0.0,0.441296,0.0,1.83,
exp17i_limits_ablation,ablationfull__ballspeed7__limitsconfigconfigs_real_robot.yaml__noplot__servebox,"{""--ablation"": ""full"", ""--ball-speed"": 7, ""--limits-config"": ""configs/real_robot.yaml"", ""--no-plot"": null, ""--serve-box"": null}",193,False,miss,0.356189,1.945224,0.132488,35.0,95.0,1.0,1.0,1.0,0.0,0.356189,0.0,1.65,
exp17i_limits_ablation,ablationfull__ballspeed7__limitsconfigconfigs_real_robot.yaml__noplot__servebox,"{""--ablation"": ""full"", ""--ball-speed"": 7, ""--limits-config"": ""configs/real_robot.yaml"", ""--no-plot"": null, ""--serve-box"": null}",196,False,miss,0.363927,1.963503,0.173138,0.0,0.0,1.0,1.0,1.2,0.0,0.363927,0.0,1.51,
exp17i_limits_ablation,ablationfull__ballspeed7__limitsconfigconfigs_real_robot.yaml__noplot__servebox,"{""--ablation"": ""full"", ""--ball-speed"": 7, ""--limits-config"": ""configs/real_robot.yaml"", ""--no-plot"": null, ""--serve-box"": null}",197,False,miss,0.366328,1.96528,0.160947,25.0,0.0,1.01,1.0,1.2,0.0,0.366328,0.0,1.51,
exp17i_limits_ablation,ablationfull__ballspeed7__limitsconfigconfigs_real_robot.yaml__noplot__servebox,"{""--ablation"": ""full"", ""--ball-speed"": 7, ""--limits-config"": ""configs/real_robot.yaml"", ""--no-plot"": null, ""--serve-box"": null}",195,False,miss,0.398085,1.715193,0.267513,0.0,0.0,0.35,0.45,0.3,0.0,0.398085,0.0,1.78,
exp17i_limits_ablation,ablationfull__ballspeed7__limitsconfigconfigs_real_robot.yaml__noplot__servebox,"{""--ablation"": ""full"", ""--ball-speed"": 7, ""--limits-config"": ""configs/real_robot.yaml"", ""--no-plot"": null, ""--serve-box"": null}",183,False,miss,0.36588,1.958186,0.131119,30.0,95.0,1.0,1.0,1.3,0.0,0.36588,0.0,3.07,
exp17i_limits_ablation,ablationfull__ballspeed7__limitsconfigconfigs_real_robot.yaml__noplot__servebox,"{""--ablation"": ""full"", ""--ball-speed"": 7, ""--limits-config"": ""configs/real_robot.yaml"", ""--no-plot"": null, ""--serve-box"": null}",184,False,miss,0.352013,1.982128,0.146114,30.0,40.0,0.99,0.99,1.1,0.0,0.352013,0.0,3.05,
exp17i_limits_ablation,ablationfull__ballspeed7__limitsconfigconfigs_real_robot.yaml__noplot__servebox,"{""--ablation"": ""full"", ""--ball-speed"": 7, ""--limits-config"": ""configs/real_robot.yaml"", ""--no-plot"": null, ""--serve-box"": null}",189,False,miss,0.377055,1.934687,0.202476,0.0,0.0,1.0,0.99,1.0,0.0,0.377055,0.0,2.88,
exp17i_limits_ablation,ablationfull__ballspeed7__limitsconfigconfigs_real_robot.yaml__noplot__servebox,"{""--ablation"": ""full"", ""--ball-speed"": 7, ""--limits-config"": ""configs/real_robot.yaml"", ""--no-plot"": null, ""--serve-box"": null}",186,False,miss,0.368623,1.940814,0.177338,15.0,0.0,1.01,1.0,1.3,0.0,0.368623,0.0,3.24,
exp17i_limits_ablation,ablationfull__ballspeed7__limitsconfigconfigs_real_robot.yaml__noplot__servebox,"{""--ablation"": ""full"", ""--ball-speed"": 7, ""--limits-config"": ""configs/real_robot.yaml"", ""--no-plot"": null, ""--serve-box"": null}",188,False,miss,0.527528,1.688698,0.364794,0.0,0.0,0.44,0.37,0.3,0.0,0.527528,0.0,3.3,
exp17i_limits_ablation,ablationfull__ballspeed7__limitsconfigconfigs_real_robot.yaml__noplot__servebox,"{""--ablation"": ""full"", ""--ball-speed"": 7, ""--limits-config"": ""configs/real_robot.yaml"", ""--no-plot"": null, ""--serve-box"": null}",192,False,miss,0.327286,1.94874,0.149463,15.0,0.0,0.99,1.0,1.2,0.0,0.327286,0.0,3.04,
exp17i_limits_ablation,ablationfull__ballspeed7__limitsconfigconfigs_real_robot.yaml__noplot__servebox,"{""--ablation"": ""full"", ""--ball-speed"": 7, ""--limits-config"": ""configs/real_robot.yaml"", ""--no-plot"": null, ""--serve-box"": null}",201,True,active,0.11708,1.948072,0.114267,45.0,105.0,1.0,0.99,1.3,15.0,0.11708,0.986,1.55,
exp17i_limits_ablation,ablationfull__ballspeed7__limitsconfigconfigs_real_robot.yaml__noplot__servebox,"{""--ablation"": ""full"", ""--ball-speed"": 7, ""--limits-config"": ""configs/real_robot.yaml"", ""--no-plot"": null, ""--serve-box"": null}",199,False,miss,0.337786,1.909631,0.183127,0.0,0.0,0.99,1.0,1.4,0.0,0.337786,0.0,2.41,
exp17i_limits_ablation,ablationfull__ballspeed7__limitsconfigconfigs_real_robot.yaml__noplot__servebox,"{""--ablation"": ""full"", ""--ball-speed"": 7, ""--limits-config"": ""configs/real_robot.yaml"", ""--no-plot"": null, ""--serve-box"": null}",204,True,active,0.129392,1.946121,0.119785,45.0,105.0,1.01,0.99,1.5,10.0,0.129392,0.832,1.7,
exp17i_limits_ablation,ablationfull__ballspeed7__limitsconfigconfigs_real_robot.yaml__noplot__servebox,"{""--ablation"": ""full"", ""--ball-speed"": 7, ""--limits-config"": ""configs/real_robot.yaml"", ""--no-plot"": null, ""--serve-box"": null}",207,True,active,0.124667,1.971752,0.109085,50.0,105.0,1.0,0.99,1.1,20.0,0.124667,0.843,1.5,
exp17i_limits_ablation,ablationfull__ballspeed7__limitsconfigconfigs_real_robot.yaml__noplot__servebox,"{""--ablation"": ""full"", ""--ball-speed"": 7, ""--limits-config"": ""configs/real_robot.yaml"", ""--no-plot"": null, ""--serve-box"": null}",203,False,miss,0.339737,1.984059,0.14183,30.0,75.0,1.01,1.0,0.9,0.0,0.339737,0.0,1.8,
exp17i_limits_ablation,ablationfull__ballspeed7__limitsconfigconfigs_real_robot.yaml__noplot__servebox,"{""--ablation"": ""full"", ""--ball-speed"": 7, ""--limits-config"": ""configs/real_robot.yaml"", ""--no-plot"": null, ""--serve-box"": null}",198,False,miss,0.368417,1.953116,0.158666,0.0,0.0,1.0,0.99,1.3,0.0,0.368417,0.0,3.09,
exp17i_limits_ablation,ablationfull__ballspeed7__limitsconfigconfigs_real_robot.yaml__noplot__servebox,"{""--ablation"": ""full"", ""--ball-speed"": 7, ""--limits-config"": ""configs/real_robot.yaml"", ""--no-plot"": null, ""--serve-box"": null}",202,False,miss,0.620263,1.755135,0.572476,0.0,0.0,3.25,2.57,2.4,0.0,0.620263,0.0,2.03,
exp17i_limits_ablation,ablationfull__ballspeed7__limitsconfigconfigs_real_robot.yaml__noplot__servebox,"{""--ablation"": ""full"", ""--ball-speed"": 7, ""--limits-config"": ""configs/real_robot.yaml"", ""--no-plot"": null, ""--serve-box"": null}",200,True,active,0.111573,1.949879,0.096216,30.0,50.0,1.0,0.99,1.1,20.0,0.111573,0.83,2.72,
exp17i_limits_ablation,ablationfull__ballspeed7__limitsconfigconfigs_real_robot.yaml__noplot__servebox,"{""--ablation"": ""full"", ""--ball-speed"": 7, ""--limits-config"": ""configs/real_robot.yaml"", ""--no-plot"": null, ""--serve-box"": null}",210,False,miss,0.364935,1.985473,0.108057,0.0,0.0,1.0,0.99,1.1,0.0,0.364935,0.0,1.78,
exp17i_limits_ablation,ablationfull__ballspeed7__limitsconfigconfigs_real_robot.yaml__noplot__servebox,"{""--ablation"": ""full"", ""--ball-speed"": 7, ""--limits-config"": ""configs/real_robot.yaml"", ""--no-plot"": null, ""--serve-box"": null}",206,False,miss,0.377229,1.943829,0.13363,35.0,90.0,1.0,1.0,1.3,0.0,0.377229,0.0,2.18,
exp17i_limits_ablation,ablationfull__ballspeed7__limitsconfigconfigs_real_robot.yaml__noplot__servebox,"{""--ablation"": ""full"", ""--ball-speed"": 7, ""--limits-config"": ""configs/real_robot.yaml"", ""--no-plot"": null, ""--serve-box"": null}",208,True,active,0.095985,1.952327,0.070459,15.0,50.0,1.0,1.0,1.0,25.0,0.095985,0.841,2.11,
exp17i_limits_ablation,ablationfull__ballspeed7__limitsconfigconfigs_real_robot.yaml__noplot__servebox,"{""--ablation"": ""full"", ""--ball-speed"": 7, ""--limits-config"": ""configs/real_robot.yaml"", ""--no-plot"": null, ""--serve-box"": null}",212,False,miss,0.480757,1.747662,0.322839,0.0,0.0,0.4,0.37,0.3,0.0,0.480757,0.0,1.82,
exp17i_limits_ablation,ablationfull__ballspeed7__limitsconfigconfigs_real_robot.yaml__noplot__servebox,"{""--ablation"": ""full"", ""--ball-speed"": 7, ""--limits-config"": ""configs/real_robot.yaml"", ""--no-plot"": null, ""--serve-box"": null}",213,False,miss,0.352631,1.943934,0.150032,30.0,40.0,1.0,0.98,1.1,0.0,0.352631,0.0,1.63,
exp17i_limits_ablation,ablationfull__ballspeed7__limitsconfigconfigs_real_robot.yaml__noplot__servebox,"{""--ablation"": ""full"", ""--ball-speed"": 7, ""--limits-config"": ""configs/real_robot.yaml"", ""--no-plot"": null, ""--serve-box"": null}",205,True,active,0.117964,1.990917,0.092862,50.0,105.0,1.01,0.99,1.1,20.0,0.117964,1.004,2.85,
exp17i_limits_ablation,ablationfull__ballspeed7__limitsconfigconfigs_real_robot.yaml__noplot__servebox,"{""--ablation"": ""full"", ""--ball-speed"": 7, ""--limits-config"": ""configs/real_robot.yaml"", ""--no-plot"": null, ""--serve-box"": null}",217,False,miss,0.378047,1.940919,0.16997,20.0,0.0,1.0,0.99,1.1,0.0,0.378047,0.0,1.5,
exp17i_limits_ablation,ablationfull__ballspeed7__limitsconfigconfigs_real_robot.yaml__noplot__servebox,"{""--ablation"": ""full"", ""--ball-speed"": 7, ""--limits-config"": ""configs/real_robot.yaml"", ""--no-plot"": null, ""--serve-box"": null}",218,False,miss,0.358165,1.949434,0.173347,0.0,0.0,1.0,0.99,1.2,0.0,0.358165,0.0,1.52,
exp17i_limits_ablation,ablationfull__ballspeed7__limitsconfigconfigs_real_robot.yaml__noplot__servebox,"{""--ablation"": ""full"", ""--ball-speed"": 7, ""--limits-config"": ""configs/real_robot.yaml"", ""--no-plot"": null, ""--serve-box"": null}",215,True,active,0.12183,1.989019,0.091502,55.0,90.0,1.01,0.99,1.2,20.0,0.12183,0.866,1.67,
exp17i_limits_ablation,ablationfull__ballspeed7__limitsconfigconfigs_real_robot.yaml__noplot__servebox,"{""--ablation"": ""full"", ""--ball-speed"": 7, ""--limits-config"": ""configs/real_robot.yaml"", ""--no-plot"": null, ""--serve-box"": null}",211,True,active,0.099365,1.934061,0.075246,50.0,105.0,1.0,1.0,1.0,20.0,0.099365,0.811,2.76,
exp17i_limits_ablation,ablationfull__ballspeed7__limitsconfigconfigs_real_robot.yaml__noplot__servebox,"{""--ablation"": ""full"", ""--ball-speed"": 7, ""--limits-config"": ""configs/real_robot.yaml"", ""--no-plot"": null, ""--serve-box"": null}",209,False,miss,0.323217,1.924638,0.157284,25.0,10.0,0.99,1.0,1.2,0.0,0.323217,0.0,3.07,
exp17i_limits_ablation,ablationfull__ballspeed7__limitsconfigconfigs_real_robot.yaml__noplot__servebox,"{""--ablation"": ""full"", ""--ball-speed"": 7, ""--limits-config"": ""configs/real_robot.yaml"", ""--no-plot"": null, ""--serve-box"": null}",216,False,miss,0.443956,1.719879,0.370569,0.0,0.0,1.0,0.49,0.7,0.0,0.443956,0.0,1.87,
exp17i_limits_ablation,ablationfull__ballspeed7__limitsconfigconfigs_real_robot.yaml__noplot__servebox,"{""--ablation"": ""full"", ""--ball-speed"": 7, ""--limits-config"": ""configs/real_robot.yaml"", ""--no-plot"": null, ""--serve-box"": null}",221,False,miss,0.394722,1.946635,0.149673,25.0,15.0,1.0,0.99,1.3,0.0,0.394722,0.0,1.5,
exp17i_limits_ablation,ablationfull__ballspeed7__limitsconfigconfigs_real_robot.yaml__noplot__servebox,"{""--ablation"": ""full"", ""--ball-speed"": 7, ""--limits-config"": ""configs/real_robot.yaml"", ""--no-plot"": null, ""--serve-box"": null}",222,True,active,0.104472,1.910459,0.077887,35.0,70.0,1.0,1.0,1.1,25.0,0.104472,0.876,1.7,
exp17i_limits_ablation,ablationfull__ballspeed7__limitsconfigconfigs_real_robot.yaml__noplot__servebox,"{""--ablation"": ""full"", ""--ball-speed"": 7, ""--limits-config"": ""configs/real_robot.yaml"", ""--no-plot"": null, ""--serve-box"": null}",225,False,miss,0.393414,1.924981,0.200485,0.0,0.0,1.0,0.98,1.4,0.0,0.393414,0.0,1.68,
exp17i_limits_ablation,ablationfull__ballspeed7__limitsconfigconfigs_real_robot.yaml__noplot__servebox,"{""--ablation"": ""full"", ""--ball-speed"": 7, ""--limits-config"": ""configs/real_robot.yaml"", ""--no-plot"": null, ""--serve-box"": null}",220,True,active,0.104854,1.948441,0.037239,55.0,105.0,0.99,0.92,1.0,25.0,0.104854,0.984,2.63,
exp17i_limits_ablation,ablationfull__ballspeed7__limitsconfigconfigs_real_robot.yaml__noplot__servebox,"{""--ablation"": ""full"", ""--ball-speed"": 7, ""--limits-config"": ""configs/real_robot.yaml"", ""--no-plot"": null, ""--serve-box"": null}",227,False,miss,0.337641,1.960734,0.139329,30.0,75.0,0.99,1.0,1.1,0.0,0.337641,0.0,1.81,
exp17i_limits_ablation,ablationfull__ballspeed7__limitsconfigconfigs_real_robot.yaml__noplot__servebox,"{""--ablation"": ""full"", ""--ball-speed"": 7, ""--limits-config"": ""configs/real_robot.yaml"", ""--no-plot"": null, ""--serve-box"": null}",228,False,miss,0.337099,1.945924,0.143289,30.0,50.0,1.0,1.0,1.1,0.0,0.337099,0.0,1.48,
exp17i_limits_ablation,ablationfull__ballspeed7__limitsconfigconfigs_real_robot.yaml__noplot__servebox,"{""--ablation"": ""full"", ""--ball-speed"": 7, ""--limits-config"": ""configs/real_robot.yaml"", ""--no-plot"": null, ""--serve-box"": null}",229,True,active,0.10225,1.961927,0.092191,55.0,105.0,1.01,1.0,0.9,25.0,0.10225,0.925,1.66,
exp17i_limits_ablation,ablationfull__ballspeed7__limitsconfigconfigs_real_robot.yaml__noplot__servebox,"{""--ablation"": ""full"", ""--ball-speed"": 7, ""--limits-config"": ""configs/real_robot.yaml"", ""--no-plot"": null, ""--serve-box"": null}",219,False,miss,0.38151,1.92439,0.204964,0.0,0.0,1.0,0.99,1.3,0.0,0.38151,0.0,3.1,
exp17i_limits_ablation,ablationfull__ballspeed7__limitsconfigconfigs_real_robot.yaml__noplot__servebox,"{""--ablation"": ""full"", ""--ball-speed"": 7, ""--limits-config"": ""configs/real_robot.yaml"", ""--no-plot"": null, ""--serve-box"": null}",233,False,miss,0.304282,1.933304,0.134742,30.0,100.0,1.0,0.99,0.9,0.0,0.304282,0.0,1.53,
exp17i_limits_ablation,ablationfull__ballspeed7__limitsconfigconfigs_real_robot.yaml__noplot__servebox,"{""--ablation"": ""full"", ""--ball-speed"": 7, ""--limits-config"": ""configs/real_robot.yaml"", ""--no-plot"": null, ""--serve-box"": null}",230,False,miss,0.397221,1.983395,0.165293,20.0,0.0,1.0,0.99,1.2,0.0,0.397221,0.0,1.74,
exp17i_limits_ablation,ablationfull__ballspeed7__limitsconfigconfigs_real_robot.yaml__noplot__servebox,"{""--ablation"": ""full"", ""--ball-speed"": 7, ""--limits-config"": ""configs/real_robot.yaml"", ""--no-plot"": null, ""--serve-box"": null}",214,False,miss,0.372077,1.933381,0.145448,30.0,60.0,1.0,0.99,1.4,0.0,0.372077,0.0,3.72,
exp17i_limits_ablation,ablationfull__ballspeed7__limitsconfigconfigs_real_robot.yaml__noplot__servebox,"{""--ablation"": ""full"", ""--ball-speed"": 7, ""--limits-config"": ""configs/real_robot.yaml"", ""--no-plot"": null, ""--serve-box"": null}",234,False,miss,0.397198,1.939428,0.168365,0.0,0.0,0.99,0.91,1.5,0.0,0.397198,0.0,1.57,
exp17i_limits_ablation,ablationfull__ballspeed7__limitsconfigconfigs_real_robot.yaml__noplot__servebox,"{""--ablation"": ""full"", ""--ball-speed"": 7, ""--limits-config"": ""configs/real_robot.yaml"", ""--no-plot"": null, ""--serve-box"": null}",231,False,miss,0.495333,1.667391,0.345466,0.0,0.0,0.68,0.44,0.5,0.0,0.495333,0.0,1.86,
exp17i_limits_ablation,ablationfull__ballspeed7__limitsconfigconfigs_real_robot.yaml__noplot__servebox,"{""--ablation"": ""full"", ""--ball-speed"": 7, ""--limits-config"": ""configs/real_robot.yaml"", ""--no-plot"": null, ""--serve-box"": null}",224,False,miss,0.385544,1.923733,0.214044,0.0,0.0,0.99,0.99,1.1,0.0,0.385544,0.0,3.08,
exp17i_limits_ablation,ablationfull__ballspeed7__limitsconfigconfigs_real_robot.yaml__noplot__servebox,"{""--ablation"": ""full"", ""--ball-speed"": 7, ""--limits-config"": ""configs/real_robot.yaml"", ""--no-plot"": null, ""--serve-box"": null}",223,False,miss,0.372132,1.94577,0.166805,20.0,0.0,1.0,0.99,1.6,0.0,0.372132,0.0,3.23,
exp17i_limits_ablation,ablationfull__ballspeed7__limitsconfigconfigs_real_robot.yaml__noplot__servebox,"{""--ablation"": ""full"", ""--ball-speed"": 7, ""--limits-config"": ""configs/real_robot.yaml"", ""--no-plot"": null, ""--serve-box"": null}",235,False,miss,0.340676,1.974925,0.130403,0.0,0.0,1.01,0.99,1.1,0.0,0.340676,0.0,1.72,
exp17i_limits_ablation,ablationfull__ballspeed7__limitsconfigconfigs_real_robot.yaml__noplot__servebox,"{""--ablation"": ""full"", ""--ball-speed"": 7, ""--limits-config"": ""configs/real_robot.yaml"", ""--no-plot"": null, ""--serve-box"": null}",232,False,miss,0.54164,1.766773,0.511779,0.0,0.0,0.29,0.44,0.3,0.0,0.54164,0.0,2.5,
exp17i_limits_ablation,ablationfull__ballspeed7__limitsconfigconfigs_real_robot.yaml__noplot__servebox,"{""--ablation"": ""full"", ""--ball-speed"": 7, ""--limits-config"": ""configs/real_robot.yaml"", ""--no-plot"": null, ""--serve-box"": null}",226,True,active,0.041283,1.966347,0.039971,55.0,105.0,1.0,1.0,1.4,0.0,0.041283,0.406,3.09,
exp17i_limits_ablation,ablationfull__ballspeed7__limitsconfigconfigs_real_robot.yaml__noplot__servebox,"{""--ablation"": ""full"", ""--ball-speed"": 7, ""--limits-config"": ""configs/real_robot.yaml"", ""--no-plot"": null, ""--serve-box"": null}",238,True,active,0.135152,1.934988,0.128386,55.0,105.0,1.0,1.0,1.2,10.0,0.135152,0.841,1.55,
exp17i_limits_ablation,ablationfull__ballspeed7__limitsconfigconfigs_real_robot.yaml__noplot__servebox,"{""--ablation"": ""full"", ""--ball-speed"": 7, ""--limits-config"": ""configs/real_robot.yaml"", ""--no-plot"": null, ""--serve-box"": null}",239,False,miss,0.326342,1.935741,0.132112,0.0,0.0,1.0,0.98,1.2,0.0,0.326342,0.0,1.59,
exp17i_limits_ablation,ablationfull__ballspeed7__limitsconfigconfigs_real_robot.yaml__noplot__servebox,"{""--ablation"": ""full"", ""--ball-speed"": 7, ""--limits-config"": ""configs/real_robot.yaml"", ""--no-plot"": null, ""--serve-box"": null}",237,False,miss,0.50734,1.718886,0.372125,0.0,0.0,0.44,0.48,0.3,0.0,0.50734,0.0,1.79,
exp17i_limits_ablation,ablationfull__ballspeed7__limitsconfigconfigs_real_robot.yaml__noplot__servebox,"{""--ablation"": ""full"", ""--ball-speed"": 7, ""--limits-config"": ""configs/real_robot.yaml"", ""--no-plot"": null, ""--serve-box"": null}",254,,,,,,,,,,,,,,0.21,no_result
exp17i_limits_ablation,ablationfull__ballspeed7__limitsconfigconfigs_real_robot.yaml__noplot__servebox,"{""--ablation"": ""full"", ""--ball-speed"": 7, ""--limits-config"": ""configs/real_robot.yaml"", ""--no-plot"": null, ""--serve-box"": null}",244,False,miss,0.298253,1.865195,0.230422,0.0,0.0,1.01,1.0,1.1,0.0,0.298253,0.0,1.73,
exp17i_limits_ablation,ablationfull__ballspeed7__limitsconfigconfigs_real_robot.yaml__noplot__servebox,"{""--ablation"": ""full"", ""--ball-speed"": 7, ""--limits-config"": ""configs/real_robot.yaml"", ""--no-plot"": null, ""--serve-box"": null}",243,False,miss,0.3447,1.95534,0.139225,30.0,80.0,1.01,0.99,1.4,0.0,0.3447,0.0,1.86,
exp17i_limits_ablation,ablationfull__ballspeed7__limitsconfigconfigs_real_robot.yaml__noplot__servebox,"{""--ablation"": ""full"", ""--ball-speed"": 7, ""--limits-config"": ""configs/real_robot.yaml"", ""--no-plot"": null, ""--serve-box"": null}",249,False,miss,0.340349,1.950043,0.139258,30.0,55.0,1.0,0.97,1.4,0.0,0.340349,0.0,1.47,
exp17i_limits_ablation,ablationfull__ballspeed7__limitsconfigconfigs_real_robot.yaml__noplot__servebox,"{""--ablation"": ""full"", ""--ball-speed"": 7, ""--limits-config"": ""configs/real_robot.yaml"", ""--no-plot"": null, ""--serve-box"": null}",240,False,miss,0.357237,1.925299,0.172807,15.0,0.0,0.99,1.0,1.1,0.0,0.357237,0.0,2.36,
exp17i_limits_ablation,ablationfull__ballspeed7__limitsconfigconfigs_real_robot.yaml__noplot__servebox,"{""--ablation"": ""full"", ""--ball-speed"": 7, ""--limits-config"": ""configs/real_robot.yaml"", ""--no-plot"": null, ""--serve-box"": null}",247,False,miss,0.370712,1.933576,0.189489,0.0,0.0,0.99,1.0,1.2,0.0,0.370712,0.0,1.85,
exp17i_limits_ablation,ablationfull__ballspeed7__limitsconfigconfigs_real_robot.yaml__noplot__servebox,"{""--ablation"": ""full"", ""--ball-speed"": 7, ""--limits-config"": ""configs/real_robot.yaml"", ""--no-plot"": null, ""--serve-box"": null}",236,False,miss,0.419091,1.928491,0.186458,0.0,0.0,1.0,0.99,1.5,0.0,0.419091,0.0,3.1,
exp17i_limits_ablation,ablationfull__ballspeed7__limitsconfigconfigs_real_robot.yaml__noplot__servebox,"{""--ablation"": ""full"", ""--ball-speed"": 7, ""--limits-config"": ""configs/real_robot.yaml"", ""--no-plot"": null, ""--serve-box"": null}",251,True,active,0.068567,1.978009,0.068567,45.0,105.0,1.0,0.99,0.9,15.0,0.068567,0.858,1.59,
exp17i_limits_ablation,ablationfull__ballspeed7__limitsconfigconfigs_real_robot.yaml__noplot__servebox,"{""--ablation"": ""full"", ""--ball-speed"": 7, ""--limits-config"": ""configs/real_robot.yaml"", ""--no-plot"": null, ""--serve-box"": null}",250,False,miss,0.383348,1.976898,0.143202,35.0,65.0,1.0,0.99,1.2,0.0,0.383348,0.0,1.71,
exp17i_limits_ablation,ablationfull__ballspeed7__limitsconfigconfigs_real_robot.yaml__noplot__servebox,"{""--ablation"": ""full"", ""--ball-speed"": 7, ""--limits-config"": ""configs/real_robot.yaml"", ""--no-plot"": null, ""--serve-box"": null}",246,False,miss,0.393383,1.972327,0.170096,20.0,0.0,1.0,0.99,1.2,0.0,0.393383,0.0,2.46,
exp17i_limits_ablation,ablationfull__ballspeed7__limitsconfigconfigs_real_robot.yaml__noplot__servebox,"{""--ablation"": ""full"", ""--ball-speed"": 7, ""--limits-config"": ""configs/real_robot.yaml"", ""--no-plot"": null, ""--serve-box"": null}",252,False,miss,0.402886,1.926398,0.167641,20.0,0.0,1.0,0.98,1.5,0.0,0.402886,0.0,1.55,
exp17i_limits_ablation,ablationfull__ballspeed7__limitsconfigconfigs_real_robot.yaml__noplot__servebox,"{""--ablation"": ""full"", ""--ball-speed"": 7, ""--limits-config"": ""configs/real_robot.yaml"", ""--no-plot"": null, ""--serve-box"": null}",253,True,active,0.100287,1.977929,0.071689,35.0,70.0,1.0,1.0,1.1,30.0,0.100287,0.979,1.56,
exp17i_limits_ablation,ablationfull__ballspeed7__limitsconfigconfigs_real_robot.yaml__noplot__servebox,"{""--ablation"": ""full"", ""--ball-speed"": 7, ""--limits-config"": ""configs/real_robot.yaml"", ""--no-plot"": null, ""--serve-box"": null}",241,True,active,0.090184,1.933104,0.080718,0.0,0.0,1.0,0.99,1.4,25.0,0.090184,0.934,3.2,
exp17i_limits_ablation,ablationfull__ballspeed7__limitsconfigconfigs_real_robot.yaml__noplot__servebox,"{""--ablation"": ""full"", ""--ball-speed"": 7, ""--limits-config"": ""configs/real_robot.yaml"", ""--no-plot"": null, ""--serve-box"": null}",242,True,active,0.100714,1.955797,0.094161,45.0,105.0,1.0,0.97,1.0,20.0,0.100714,0.985,3.19,
exp17i_limits_ablation,ablationfull__ballspeed7__limitsconfigconfigs_real_robot.yaml__noplot__servebox,"{""--ablation"": ""full"", ""--ball-speed"": 7, ""--limits-config"": ""configs/real_robot.yaml"", ""--no-plot"": null, ""--serve-box"": null}",256,False,miss,0.309655,1.944288,0.140702,0.0,0.0,0.99,1.0,1.0,0.0,0.309655,0.0,1.62,
exp17i_limits_ablation,ablationfull__ballspeed7__limitsconfigconfigs_real_robot.yaml__noplot__servebox,"{""--ablation"": ""full"", ""--ball-speed"": 7, ""--limits-config"": ""configs/real_robot.yaml"", ""--no-plot"": null, ""--serve-box"": null}",257,False,miss,0.326313,1.948273,0.169321,0.0,0.0,1.0,0.94,1.4,0.0,0.326313,0.0,1.75,
exp17i_limits_ablation,ablationfull__ballspeed7__limitsconfigconfigs_real_robot.yaml__noplot__servebox,"{""--ablation"": ""full"", ""--ball-speed"": 7, ""--limits-config"": ""configs/real_robot.yaml"", ""--no-plot"": null, ""--serve-box"": null}",245,False,miss,0.299939,1.959027,0.127964,0.0,0.0,1.0,0.98,1.0,0.0,0.299939,0.0,3.51,
exp17i_limits_ablation,ablationfull__ballspeed7__limitsconfigconfigs_real_robot.yaml__noplot__servebox,"{""--ablation"": ""full"", ""--ball-speed"": 7, ""--limits-config"": ""configs/real_robot.yaml"", ""--no-plot"": null, ""--serve-box"": null}",260,True,active,0.129804,1.953468,0.127047,40.0,105.0,0.99,1.0,1.0,15.0,0.129804,0.894,1.68,
exp17i_limits_ablation,ablationfull__ballspeed7__limitsconfigconfigs_real_robot.yaml__noplot__servebox,"{""--ablation"": ""full"", ""--ball-speed"": 7, ""--limits-config"": ""configs/real_robot.yaml"", ""--no-plot"": null, ""--serve-box"": null}",259,False,miss,0.356827,1.937901,0.151333,30.0,0.0,1.0,1.0,1.4,0.0,0.356827,0.0,1.74,
exp17i_limits_ablation,ablationfull__ballspeed7__limitsconfigconfigs_real_robot.yaml__noplot__servebox,"{""--ablation"": ""full"", ""--ball-speed"": 7, ""--limits-config"": ""configs/real_robot.yaml"", ""--no-plot"": null, ""--serve-box"": null}",264,False,miss,0.35596,1.950053,0.136131,35.0,70.0,1.0,1.0,1.2,0.0,0.35596,0.0,1.48,
exp17i_limits_ablation,ablationfull__ballspeed7__limitsconfigconfigs_real_robot.yaml__noplot__servebox,"{""--ablation"": ""full"", ""--ball-speed"": 7, ""--limits-config"": ""configs/real_robot.yaml"", ""--no-plot"": null, ""--serve-box"": null}",263,True,active,0.085183,1.924565,0.075754,45.0,105.0,1.0,0.97,1.1,5.0,0.085183,0.781,1.75,
exp17i_limits_ablation,ablationfull__ballspeed7__limitsconfigconfigs_real_robot.yaml__noplot__servebox,"{""--ablation"": ""full"", ""--ball-speed"": 7, ""--limits-config"": ""configs/real_robot.yaml"", ""--no-plot"": null, ""--serve-box"": null}",248,False,miss,0.478521,1.742874,0.339328,0.0,0.0,0.45,0.47,0.4,0.0,0.478521,0.0,3.77,
exp17i_limits_ablation,ablationfull__ballspeed7__limitsconfigconfigs_real_robot.yaml__noplot__servebox,"{""--ablation"": ""full"", ""--ball-speed"": 7, ""--limits-config"": ""configs/real_robot.yaml"", ""--no-plot"": null, ""--serve-box"": null}",262,False,miss,0.294602,1.905195,0.179271,10.0,0.0,1.01,1.0,1.2,0.0,0.294602,0.0,1.89,
exp17i_limits_ablation,ablationfull__ballspeed7__limitsconfigconfigs_real_robot.yaml__noplot__servebox,"{""--ablation"": ""full"", ""--ball-speed"": 7, ""--limits-config"": ""configs/real_robot.yaml"", ""--no-plot"": null, ""--serve-box"": null}",274,,,,,,,,,,,,,,0.29,no_result
exp17i_limits_ablation,ablationfull__ballspeed7__limitsconfigconfigs_real_robot.yaml__noplot__servebox,"{""--ablation"": ""full"", ""--ball-speed"": 7, ""--limits-config"": ""configs/real_robot.yaml"", ""--no-plot"": null, ""--serve-box"": null}",266,False,miss,0.289439,1.905254,0.157001,25.0,0.0,1.0,1.0,1.4,0.0,0.289439,0.0,1.78,
exp17i_limits_ablation,ablationfull__ballspeed7__limitsconfigconfigs_real_robot.yaml__noplot__servebox,"{""--ablation"": ""full"", ""--ball-speed"": 7, ""--limits-config"": ""configs/real_robot.yaml"", ""--no-plot"": null, ""--serve-box"": null}",261,False,miss,0.348165,1.938872,0.164645,20.0,0.0,1.0,1.0,1.3,0.0,0.348165,0.0,2.45,
exp17i_limits_ablation,ablationfull__ballspeed7__limitsconfigconfigs_real_robot.yaml__noplot__servebox,"{""--ablation"": ""full"", ""--ball-speed"": 7, ""--limits-config"": ""configs/real_robot.yaml"", ""--no-plot"": null, ""--serve-box"": null}",269,False,miss,0.355979,1.925069,0.154561,25.0,0.0,1.0,1.0,1.1,0.0,0.355979,0.0,1.6,
exp17i_limits_ablation,ablationfull__ballspeed7__limitsconfigconfigs_real_robot.yaml__noplot__servebox,"{""--ablation"": ""full"", ""--ball-speed"": 7, ""--limits-config"": ""configs/real_robot.yaml"", ""--no-plot"": null, ""--serve-box"": null}",270,False,miss,0.33172,1.942417,0.148902,0.0,0.0,1.0,0.99,1.0,0.0,0.33172,0.0,1.55,
exp17i_limits_ablation,ablationfull__ballspeed7__limitsconfigconfigs_real_robot.yaml__noplot__servebox,"{""--ablation"": ""full"", ""--ball-speed"": 7, ""--limits-config"": ""configs/real_robot.yaml"", ""--no-plot"": null, ""--serve-box"": null}",271,False,miss,0.322475,1.946264,0.137628,0.0,0.0,1.0,0.95,0.9,0.0,0.322475,0.0,1.51,
exp17i_limits_ablation,ablationfull__ballspeed7__limitsconfigconfigs_real_robot.yaml__noplot__servebox,"{""--ablation"": ""full"", ""--ball-speed"": 7, ""--limits-config"": ""configs/real_robot.yaml"", ""--no-plot"": null, ""--serve-box"": null}",255,False,miss,0.337651,1.932622,0.125397,25.0,65.0,1.0,1.0,1.4,0.0,0.337651,0.0,3.71,
exp17i_limits_ablation,ablationfull__ballspeed7__limitsconfigconfigs_real_robot.yaml__noplot__servebox,"{""--ablation"": ""full"", ""--ball-speed"": 7, ""--limits-config"": ""configs/real_robot.yaml"", ""--no-plot"": null, ""--serve-box"": null}",272,True,active,0.127172,1.96087,0.122796,40.0,85.0,1.01,0.99,1.1,15.0,0.127172,0.966,1.51,
exp17i_limits_ablation,ablationfull__ballspeed7__limitsconfigconfigs_real_robot.yaml__noplot__servebox,"{""--ablation"": ""full"", ""--ball-speed"": 7, ""--limits-config"": ""configs/real_robot.yaml"", ""--no-plot"": null, ""--serve-box"": null}",265,False,miss,0.29932,1.944162,0.161127,25.0,0.0,0.98,1.0,0.9,0.0,0.29932,0.0,2.82,
exp17i_limits_ablation,ablationfull__ballspeed7__limitsconfigconfigs_real_robot.yaml__noplot__servebox,"{""--ablation"": ""full"", ""--ball-speed"": 7, ""--limits-config"": ""configs/real_robot.yaml"", ""--no-plot"": null, ""--serve-box"": null}",258,False,miss,0.349609,1.977121,0.128809,35.0,95.0,1.02,0.97,0.9,0.0,0.349609,0.0,3.73,
exp17i_limits_ablation,ablationfull__ballspeed7__limitsconfigconfigs_real_robot.yaml__noplot__servebox,"{""--ablation"": ""full"", ""--ball-speed"": 7, ""--limits-config"": ""configs/real_robot.yaml"", ""--no-plot"": null, ""--serve-box"": null}",275,False,miss,0.35081,1.933581,0.150047,20.0,5.0,1.01,0.99,1.2,0.0,0.35081,0.0,1.6,
exp17i_limits_ablation,ablationfull__ballspeed7__limitsconfigconfigs_real_robot.yaml__noplot__servebox,"{""--ablation"": ""full"", ""--ball-speed"": 7, ""--limits-config"": ""configs/real_robot.yaml"", ""--no-plot"": null, ""--serve-box"": null}",279,False,miss,0.308355,1.969939,0.119855,0.0,0.0,1.0,0.98,1.1,0.0,0.308355,0.0,1.41,
exp17i_limits_ablation,ablationfull__ballspeed7__limitsconfigconfigs_real_robot.yaml__noplot__servebox,"{""--ablation"": ""full"", ""--ball-speed"": 7, ""--limits-config"": ""configs/real_robot.yaml"", ""--no-plot"": null, ""--serve-box"": null}",278,False,miss,0.334232,1.923384,0.137442,30.0,55.0,1.0,0.97,1.1,0.0,0.334232,0.0,1.69,
exp17i_limits_ablation,ablationfull__ballspeed7__limitsconfigconfigs_real_robot.yaml__noplot__servebox,"{""--ablation"": ""full"", ""--ball-speed"": 7, ""--limits-config"": ""configs/real_robot.yaml"", ""--no-plot"": null, ""--serve-box"": null}",276,False,miss,0.400748,1.946332,0.228308,0.0,0.0,1.0,1.0,1.1,0.0,0.400748,0.0,1.81,
exp17i_limits_ablation,ablationfull__ballspeed7__limitsconfigconfigs_real_robot.yaml__noplot__servebox,"{""--ablation"": ""full"", ""--ball-speed"": 7, ""--limits-config"": ""configs/real_robot.yaml"", ""--no-plot"": null, ""--serve-box"": null}",273,True,active,0.101978,1.9502,0.075085,30.0,50.0,1.0,0.99,1.2,25.0,0.101978,0.948,2.15,
exp17i_limits_ablation,ablationfull__ballspeed7__limitsconfigconfigs_real_robot.yaml__noplot__servebox,"{""--ablation"": ""full"", ""--ball-speed"": 7, ""--limits-config"": ""configs/real_robot.yaml"", ""--no-plot"": null, ""--serve-box"": null}",267,False,miss,0.360167,1.93388,0.19072,0.0,0.0,1.0,1.0,1.0,0.0,0.360167,0.0,3.02,
exp17i_limits_ablation,ablationfull__ballspeed7__limitsconfigconfigs_real_robot.yaml__noplot__servebox,"{""--ablation"": ""full"", ""--ball-speed"": 7, ""--limits-config"": ""configs/real_robot.yaml"", ""--no-plot"": null, ""--serve-box"": null}",268,False,miss,0.309839,1.949986,0.1536,25.0,0.0,1.01,0.97,1.3,0.0,0.309839,0.0,3.17,
exp17i_limits_ablation,ablationfull__ballspeed7__limitsconfigconfigs_real_robot.yaml__noplot__servebox,"{""--ablation"": ""full"", ""--ball-speed"": 7, ""--limits-config"": ""configs/real_robot.yaml"", ""--no-plot"": null, ""--serve-box"": null}",284,True,active,0.093469,1.93552,0.061837,55.0,80.0,1.0,1.0,0.9,15.0,0.093469,0.873,1.59,
exp17i_limits_ablation,ablationfull__ballspeed7__limitsconfigconfigs_real_robot.yaml__noplot__servebox,"{""--ablation"": ""full"", ""--ball-speed"": 7, ""--limits-config"": ""configs/real_robot.yaml"", ""--no-plot"": null, ""--serve-box"": null}",282,True,active,0.115445,1.960127,0.06846,60.0,105.0,1.0,0.99,1.1,20.0,0.115445,0.947,1.91,
exp17i_limits_ablation,ablationfull__ballspeed7__limitsconfigconfigs_real_robot.yaml__noplot__servebox,"{""--ablation"": ""full"", ""--ball-speed"": 7, ""--limits-config"": ""configs/real_robot.yaml"", ""--no-plot"": null, ""--serve-box"": null}",285,False,miss,0.369073,1.939908,0.172533,15.0,0.0,1.01,1.0,1.3,0.0,0.369073,0.0,1.68,
exp17i_limits_ablation,ablationfull__ballspeed7__limitsconfigconfigs_real_robot.yaml__noplot__servebox,"{""--ablation"": ""full"", ""--ball-speed"": 7, ""--limits-config"": ""configs/real_robot.yaml"", ""--no-plot"": null, ""--serve-box"": null}",277,False,miss,0.35739,1.937983,0.156247,25.0,20.0,0.99,1.0,1.1,0.0,0.35739,0.0,2.89,
exp17i_limits_ablation,ablationfull__ballspeed7__limitsconfigconfigs_real_robot.yaml__noplot__servebox,"{""--ablation"": ""full"", ""--ball-speed"": 7, ""--limits-config"": ""configs/real_robot.yaml"", ""--no-plot"": null, ""--serve-box"": null}",286,False,miss,0.387138,1.917776,0.211691,0.0,0.0,0.99,1.0,1.2,0.0,0.387138,0.0,1.76,
exp17i_limits_ablation,ablationfull__ballspeed7__limitsconfigconfigs_real_robot.yaml__noplot__servebox,"{""--ablation"": ""full"", ""--ball-speed"": 7, ""--limits-config"": ""configs/real_robot.yaml"", ""--no-plot"": null, ""--serve-box"": null}",288,False,miss,0.36503,1.934526,0.17258,20.0,0.0,1.0,1.0,1.4,0.0,0.36503,0.0,1.57,
exp17i_limits_ablation,ablationfull__ballspeed7__limitsconfigconfigs_real_robot.yaml__noplot__servebox,"{""--ablation"": ""full"", ""--ball-speed"": 7, ""--limits-config"": ""configs/real_robot.yaml"", ""--no-plot"": null, ""--serve-box"": null}",283,False,miss,0.328535,1.936039,0.13198,35.0,55.0,0.98,0.99,1.2,0.0,0.328535,0.0,2.49,
exp17i_limits_ablation,ablationfull__ballspeed7__limitsconfigconfigs_real_robot.yaml__noplot__servebox,"{""--ablation"": ""full"", ""--ball-speed"": 7, ""--limits-config"": ""configs/real_robot.yaml"", ""--no-plot"": null, ""--serve-box"": null}",292,False,miss,0.354867,1.958902,0.15446,30.0,0.0,1.0,0.99,1.2,0.0,0.354867,0.0,1.56,
exp17i_limits_ablation,ablationfull__ballspeed7__limitsconfigconfigs_real_robot.yaml__noplot__servebox,"{""--ablation"": ""full"", ""--ball-speed"": 7, ""--limits-config"": ""configs/real_robot.yaml"", ""--no-plot"": null, ""--serve-box"": null}",287,False,miss,0.371552,1.868837,0.307182,0.0,0.0,0.99,0.98,1.1,0.0,0.371552,0.0,1.85,
exp17i_limits_ablation,ablationfull__ballspeed7__limitsconfigconfigs_real_robot.yaml__noplot__servebox,"{""--ablation"": ""full"", ""--ball-speed"": 7, ""--limits-config"": ""configs/real_robot.yaml"", ""--no-plot"": null, ""--serve-box"": null}",290,False,miss,0.347736,1.92495,0.238298,0.0,0.0,1.0,0.99,1.1,0.0,0.347736,0.0,1.75,
exp17i_limits_ablation,ablationfull__ballspeed7__limitsconfigconfigs_real_robot.yaml__noplot__servebox,"{""--ablation"": ""full"", ""--ball-speed"": 7, ""--limits-config"": ""configs/real_robot.yaml"", ""--no-plot"": null, ""--serve-box"": null}",280,True,active,0.110918,1.930048,0.087817,0.0,0.0,1.0,1.0,1.4,20.0,0.110918,0.978,2.99,
exp17i_limits_ablation,ablationfull__ballspeed7__limitsconfigconfigs_real_robot.yaml__noplot__servebox,"{""--ablation"": ""full"", ""--ball-speed"": 7, ""--limits-config"": ""configs/real_robot.yaml"", ""--no-plot"": null, ""--serve-box"": null}",281,False,miss,0.364072,1.974992,0.161905,0.0,0.0,1.0,1.0,1.3,0.0,0.364072,0.0,3.01,
exp17i_limits_ablation,ablationfull__ballspeed7__limitsconfigconfigs_real_robot.yaml__noplot__servebox,"{""--ablation"": ""full"", ""--ball-speed"": 7, ""--limits-config"": ""configs/real_robot.yaml"", ""--no-plot"": null, ""--serve-box"": null}",294,True,active,0.082094,1.963717,0.079167,45.0,105.0,1.0,0.99,1.1,25.0,0.082094,0.956,1.7,
exp17i_limits_ablation,ablationfull__ballspeed7__limitsconfigconfigs_real_robot.yaml__noplot__servebox,"{""--ablation"": ""full"", ""--ball-speed"": 7, ""--limits-config"": ""configs/real_robot.yaml"", ""--no-plot"": null, ""--serve-box"": null}",297,False,miss,0.348018,1.949396,0.159159,0.0,0.0,1.0,0.99,1.4,0.0,0.348018,0.0,1.69,
exp17i_limits_ablation,ablationfull__ballspeed7__limitsconfigconfigs_real_robot.yaml__noplot__servebox,"{""--ablation"": ""full"", ""--ball-speed"": 7, ""--limits-config"": ""configs/real_robot.yaml"", ""--no-plot"": null, ""--serve-box"": null}",299,False,miss,0.334492,1.94371,0.131187,35.0,105.0,0.98,1.0,1.2,0.0,0.334492,0.0,1.68,
exp17i_limits_ablation,ablationfull__ballspeed7__limitsconfigconfigs_real_robot.yaml__noplot__servebox,"{""--ablation"": ""full"", ""--ball-speed"": 7, ""--limits-config"": ""configs/real_robot.yaml"", ""--no-plot"": null, ""--serve-box"": null}",296,False,miss,0.414193,1.939335,0.172671,15.0,0.0,1.0,0.98,1.1,0.0,0.414193,0.0,1.94,
exp17i_limits_ablation,ablationfull__ballspeed7__limitsconfigconfigs_real_robot.yaml__noplot__servebox,"{""--ablation"": ""full"", ""--ball-speed"": 7, ""--limits-config"": ""configs/real_robot.yaml"", ""--no-plot"": null, ""--serve-box"": null}",300,False,miss,0.350908,1.975003,0.167723,20.0,0.0,0.99,0.98,1.2,0.0,0.350908,0.0,1.59,
exp17i_limits_ablation,ablationfull__ballspeed7__limitsconfigconfigs_real_robot.yaml__noplot__servebox,"{""--ablation"": ""full"", ""--ball-speed"": 7, ""--limits-config"": ""configs/real_robot.yaml"", ""--no-plot"": null, ""--serve-box"": null}",289,True,active,0.098254,1.937334,0.025152,0.0,0.0,1.0,1.0,1.1,25.0,0.098254,0.797,3.11,
exp17i_limits_ablation,ablationfull__ballspeed7__limitsconfigconfigs_real_robot.yaml__noplot__servebox,"{""--ablation"": ""full"", ""--ball-speed"": 7, ""--limits-config"": ""configs/real_robot.yaml"", ""--no-plot"": null, ""--serve-box"": null}",298,False,miss,0.327161,1.92938,0.154935,25.0,20.0,1.0,1.0,1.3,0.0,0.327161,0.0,1.93,
exp17i_limits_ablation,ablationfull__ballspeed7__limitsconfigconfigs_real_robot.yaml__noplot__servebox,"{""--ablation"": ""full"", ""--ball-speed"": 7, ""--limits-config"": ""configs/real_robot.yaml"", ""--no-plot"": null, ""--serve-box"": null}",302,False,miss,0.332796,1.952599,0.134925,35.0,95.0,1.0,1.0,0.9,0.0,0.332796,0.0,1.49,
exp17i_limits_ablation,ablationfull__ballspeed7__limitsconfigconfigs_real_robot.yaml__noplot__servebox,"{""--ablation"": ""full"", ""--ball-speed"": 7, ""--limits-config"": ""configs/real_robot.yaml"", ""--no-plot"": null, ""--serve-box"": null}",304,False,miss,0.333637,1.936464,0.133399,35.0,95.0,1.0,0.96,1.0,0.0,0.333637,0.0,1.55,
exp17i_limits_ablation,ablationfull__ballspeed7__limitsconfigconfigs_real_robot.yaml__noplot__servebox,"{""--ablation"": ""full"", ""--ball-speed"": 7, ""--limits-config"": ""configs/real_robot.yaml"", ""--no-plot"": null, ""--serve-box"": null}",303,False,miss,0.479693,1.745434,0.37324,0.0,0.0,0.26,0.45,0.2,0.0,0.479693,0.0,1.82,
exp17i_limits_ablation,ablationfull__ballspeed7__limitsconfigconfigs_real_robot.yaml__noplot__servebox,"{""--ablation"": ""full"", ""--ball-speed"": 7, ""--limits-config"": ""configs/real_robot.yaml"", ""--no-plot"": null, ""--serve-box"": null}",301,True,active,0.095681,1.94932,0.095681,40.0,105.0,1.01,1.0,1.2,10.0,0.095681,0.793,2.01,
exp17i_limits_ablation,ablationfull__ballspeed7__limitsconfigconfigs_real_robot.yaml__noplot__servebox,"{""--ablation"": ""full"", ""--ball-speed"": 7, ""--limits-config"": ""configs/real_robot.yaml"", ""--no-plot"": null, ""--serve-box"": null}",307,False,miss,0.329522,1.959495,0.125398,35.0,85.0,1.0,0.99,1.0,0.0,0.329522,0.0,1.73,
exp17i_limits_ablation,ablationfull__ballspeed7__limitsconfigconfigs_real_robot.yaml__noplot__servebox,"{""--ablation"": ""full"", ""--ball-speed"": 7, ""--limits-config"": ""configs/real_robot.yaml"", ""--no-plot"": null, ""--serve-box"": null}",293,False,miss,0.323143,1.95914,0.126775,40.0,105.0,1.0,1.0,1.2,0.0,0.323143,0.0,3.74,
exp17i_limits_ablation,ablationfull__ballspeed7__limitsconfigconfigs_real_robot.yaml__noplot__servebox,"{""--ablation"": ""full"", ""--ball-speed"": 7, ""--limits-config"": ""configs/real_robot.yaml"", ""--no-plot"": null, ""--serve-box"": null}",291,False,miss,0.478795,1.74915,0.401842,0.0,0.0,0.21,0.49,0.2,0.0,0.478795,0.0,3.95,
exp17i_limits_ablation,ablationfull__ballspeed7__limitsconfigconfigs_real_robot.yaml__noplot__servebox,"{""--ablation"": ""full"", ""--ball-speed"": 7, ""--limits-config"": ""configs/real_robot.yaml"", ""--no-plot"": null, ""--serve-box"": null}",306,True,active,0.112182,1.9254,0.10379,15.0,50.0,1.0,1.0,1.3,10.0,0.112182,0.622,2.22,
exp17i_limits_ablation,ablationfull__ballspeed7__limitsconfigconfigs_real_robot.yaml__noplot__servebox,"{""--ablation"": ""full"", ""--ball-speed"": 7, ""--limits-config"": ""configs/real_robot.yaml"", ""--no-plot"": null, ""--serve-box"": null}",295,False,miss,0.44022,1.751754,0.355054,0.0,0.0,1.0,0.46,0.7,0.0,0.44022,0.0,3.57,
exp17i_limits_ablation,ablationfull__ballspeed7__limitsconfigconfigs_real_robot.yaml__noplot__servebox,"{""--ablation"": ""full"", ""--ball-speed"": 7, ""--limits-config"": ""configs/real_robot.yaml"", ""--no-plot"": null, ""--serve-box"": null}",309,True,active,0.129253,1.964238,0.122585,45.0,105.0,0.99,0.99,1.3,15.0,0.129253,0.857,1.61,
exp17i_limits_ablation,ablationfull__ballspeed7__limitsconfigconfigs_real_robot.yaml__noplot__servebox,"{""--ablation"": ""full"", ""--ball-speed"": 7, ""--limits-config"": ""configs/real_robot.yaml"", ""--no-plot"": null, ""--serve-box"": null}",310,False,miss,0.341185,1.936074,0.145744,30.0,20.0,1.0,0.99,1.0,0.0,0.341185,0.0,1.55,
exp17i_limits_ablation,ablationfull__ballspeed7__limitsconfigconfigs_real_robot.yaml__noplot__servebox,"{""--ablation"": ""full"", ""--ball-speed"": 7, ""--limits-config"": ""configs/real_robot.yaml"", ""--no-plot"": null, ""--serve-box"": null}",308,False,miss,0.37237,1.912518,0.222737,0.0,0.0,1.26,1.0,1.2,0.0,0.37237,0.0,1.85,
exp17i_limits_ablation,ablationfull__ballspeed7__limitsconfigconfigs_real_robot.yaml__noplot__servebox,"{""--ablation"": ""full"", ""--ball-speed"": 7, ""--limits-config"": ""configs/real_robot.yaml"", ""--no-plot"": null, ""--serve-box"": null}",312,True,active,0.10138,1.961618,0.006875,25.0,45.0,1.0,1.0,1.3,20.0,0.10138,0.888,1.81,
exp17i_limits_ablation,ablationfull__ballspeed7__limitsconfigconfigs_real_robot.yaml__noplot__servebox,"{""--ablation"": ""full"", ""--ball-speed"": 7, ""--limits-config"": ""configs/real_robot.yaml"", ""--no-plot"": null, ""--serve-box"": null}",305,True,active,0.103575,1.942905,0.051271,25.0,60.0,1.0,1.0,1.0,25.0,0.103575,0.937,3.16,
exp17i_limits_ablation,ablationfull__ballspeed7__limitsconfigconfigs_real_robot.yaml__noplot__servebox,"{""--ablation"": ""full"", ""--ball-speed"": 7, ""--limits-config"": ""configs/real_robot.yaml"", ""--no-plot"": null, ""--serve-box"": null}",316,True,active,0.134757,1.905595,0.134757,35.0,105.0,1.0,1.0,1.3,10.0,0.134757,0.997,1.58,
exp17i_limits_ablation,ablationfull__ballspeed7__limitsconfigconfigs_real_robot.yaml__noplot__servebox,"{""--ablation"": ""full"", ""--ball-speed"": 7, ""--limits-config"": ""configs/real_robot.yaml"", ""--no-plot"": null, ""--serve-box"": null}",315,False,miss,0.3799,1.933295,0.20691,0.0,0.0,1.0,0.99,1.4,0.0,0.3799,0.0,1.79,
exp17i_limits_ablation,ablationfull__ballspeed7__limitsconfigconfigs_real_robot.yaml__noplot__servebox,"{""--ablation"": ""full"", ""--ball-speed"": 7, ""--limits-config"": ""configs/real_robot.yaml"", ""--no-plot"": null, ""--serve-box"": null}",319,True,active,0.111876,1.955348,0.101053,50.0,105.0,1.01,1.0,1.0,20.0,0.111876,0.999,1.6,
exp17i_limits_ablation,ablationfull__ballspeed7__limitsconfigconfigs_real_robot.yaml__noplot__servebox,"{""--ablation"": ""full"", ""--ball-speed"": 7, ""--limits-config"": ""configs/real_robot.yaml"", ""--no-plot"": null, ""--serve-box"": null}",321,False,miss,0.355699,1.978746,0.149616,30.0,30.0,1.0,0.99,1.3,0.0,0.355699,0.0,1.47,
exp17i_limits_ablation,ablationfull__ballspeed7__limitsconfigconfigs_real_robot.yaml__noplot__servebox,"{""--ablation"": ""full"", ""--ball-speed"": 7, ""--limits-config"": ""configs/real_robot.yaml"", ""--no-plot"": null, ""--serve-box"": null}",322,False,miss,0.323804,1.962142,0.180743,5.0,0.0,1.0,0.99,1.2,0.0,0.323804,0.0,1.55,
exp17i_limits_ablation,ablationfull__ballspeed7__limitsconfigconfigs_real_robot.yaml__noplot__servebox,"{""--ablation"": ""full"", ""--ball-speed"": 7, ""--limits-config"": ""configs/real_robot.yaml"", ""--no-plot"": null, ""--serve-box"": null}",311,False,miss,0.341388,1.938722,0.15358,25.0,0.0,1.01,1.0,1.1,0.0,0.341388,0.0,3.05,
exp17i_limits_ablation,ablationfull__ballspeed7__limitsconfigconfigs_real_robot.yaml__noplot__servebox,"{""--ablation"": ""full"", ""--ball-speed"": 7, ""--limits-config"": ""configs/real_robot.yaml"", ""--no-plot"": null, ""--serve-box"": null}",323,False,miss,0.353122,1.95437,0.113764,0.0,0.0,1.0,1.0,1.1,0.0,0.353122,0.0,1.58,
exp17i_limits_ablation,ablationfull__ballspeed7__limitsconfigconfigs_real_robot.yaml__noplot__servebox,"{""--ablation"": ""full"", ""--ball-speed"": 7, ""--limits-config"": ""configs/real_robot.yaml"", ""--no-plot"": null, ""--serve-box"": null}",325,False,miss,0.359571,1.930679,0.16785,0.0,0.0,1.0,0.98,1.2,0.0,0.359571,0.0,1.48,
exp17i_limits_ablation,ablationfull__ballspeed7__limitsconfigconfigs_real_robot.yaml__noplot__servebox,"{""--ablation"": ""full"", ""--ball-speed"": 7, ""--limits-config"": ""configs/real_robot.yaml"", ""--no-plot"": null, ""--serve-box"": null}",314,False,miss,0.330971,1.979175,0.129143,0.0,0.0,1.01,1.0,1.2,0.0,0.330971,0.0,3.13,
exp17i_limits_ablation,ablationfull__ballspeed7__limitsconfigconfigs_real_robot.yaml__noplot__servebox,"{""--ablation"": ""full"", ""--ball-speed"": 7, ""--limits-config"": ""configs/real_robot.yaml"", ""--no-plot"": null, ""--serve-box"": null}",320,False,miss,0.357424,1.9715,0.144568,30.0,40.0,1.0,0.98,1.3,0.0,0.357424,0.0,2.29,
exp17i_limits_ablation,ablationfull__ballspeed7__limitsconfigconfigs_real_robot.yaml__noplot__servebox,"{""--ablation"": ""full"", ""--ball-speed"": 7, ""--limits-config"": ""configs/real_robot.yaml"", ""--no-plot"": null, ""--serve-box"": null}",313,True,active,0.08556,1.930543,0.079632,55.0,105.0,1.01,1.0,1.2,10.0,0.08556,0.791,3.35,
exp17i_limits_ablation,ablationfull__ballspeed7__limitsconfigconfigs_real_robot.yaml__noplot__servebox,"{""--ablation"": ""full"", ""--ball-speed"": 7, ""--limits-config"": ""configs/real_robot.yaml"", ""--no-plot"": null, ""--serve-box"": null}",326,True,active,0.114069,1.909035,0.110426,55.0,105.0,1.0,1.0,1.4,10.0,0.114069,0.912,1.65,
exp17i_limits_ablation,ablationfull__ballspeed7__limitsconfigconfigs_real_robot.yaml__noplot__servebox,"{""--ablation"": ""full"", ""--ball-speed"": 7, ""--limits-config"": ""configs/real_robot.yaml"", ""--no-plot"": null, ""--serve-box"": null}",317,False,miss,0.311193,1.93343,0.140345,0.0,0.0,1.0,0.96,1.3,0.0,0.311193,0.0,2.95,
exp17i_limits_ablation,ablationfull__ballspeed7__limitsconfigconfigs_real_robot.yaml__noplot__servebox,"{""--ablation"": ""full"", ""--ball-speed"": 7, ""--limits-config"": ""configs/real_robot.yaml"", ""--no-plot"": null, ""--serve-box"": null}",327,True,active,0.117234,1.950865,0.10087,55.0,105.0,1.01,0.99,1.1,10.0,0.117234,0.925,1.88,
exp17i_limits_ablation,ablationfull__ballspeed7__limitsconfigconfigs_real_robot.yaml__noplot__servebox,"{""--ablation"": ""full"", ""--ball-speed"": 7, ""--limits-config"": ""configs/real_robot.yaml"", ""--no-plot"": null, ""--serve-box"": null}",329,False,miss,0.385667,1.887772,0.315932,0.0,0.0,1.25,1.0,1.1,0.0,0.385667,0.0,1.81,
exp17i_limits_ablation,ablationfull__ballspeed7__limitsconfigconfigs_real_robot.yaml__noplot__servebox,"{""--ablation"": ""full"", ""--ball-speed"": 7, ""--limits-config"": ""configs/real_robot.yaml"", ""--no-plot"": null, ""--serve-box"": null}",318,False,miss,0.371733,1.950725,0.148593,0.0,0.0,1.0,0.99,1.3,0.0,0.371733,0.0,3.3,
exp17i_limits_ablation,ablationfull__ballspeed7__limitsconfigconfigs_real_robot.yaml__noplot__servebox,"{""--ablation"": ""full"", ""--ball-speed"": 7, ""--limits-config"": ""configs/real_robot.yaml"", ""--no-plot"": null, ""--serve-box"": null}",324,False,miss,0.308483,1.960016,0.114426,0.0,0.0,1.0,0.99,1.3,0.0,0.308483,0.0,2.55,
exp17i_limits_ablation,ablationfull__ballspeed7__limitsconfigconfigs_real_robot.yaml__noplot__servebox,"{""--ablation"": ""full"", ""--ball-speed"": 7, ""--limits-config"": ""configs/real_robot.yaml"", ""--no-plot"": null, ""--serve-box"": null}",331,False,miss,0.34884,1.962426,0.148319,30.0,0.0,1.01,1.0,1.0,0.0,0.34884,0.0,1.47,
exp17i_limits_ablation,ablationfull__ballspeed7__limitsconfigconfigs_real_robot.yaml__noplot__servebox,"{""--ablation"": ""full"", ""--ball-speed"": 7, ""--limits-config"": ""configs/real_robot.yaml"", ""--no-plot"": null, ""--serve-box"": null}",328,False,miss,0.386275,1.948456,0.157128,25.0,0.0,1.0,1.0,1.2,0.0,0.386275,0.0,2.23,
exp17i_limits_ablation,ablationfull__ballspeed7__limitsconfigconfigs_real_robot.yaml__noplot__servebox,"{""--ablation"": ""full"", ""--ball-speed"": 7, ""--limits-config"": ""configs/real_robot.yaml"", ""--no-plot"": null, ""--serve-box"": null}",330,False,miss,0.373945,1.941667,0.144001,30.0,0.0,1.0,0.99,1.4,0.0,0.373945,0.0,1.91,
exp17i_limits_ablation,ablationfull__ballspeed7__limitsconfigconfigs_real_robot.yaml__noplot__servebox,"{""--ablation"": ""full"", ""--ball-speed"": 7, ""--limits-config"": ""configs/real_robot.yaml"", ""--no-plot"": null, ""--serve-box"": null}",336,False,miss,0.359648,1.965196,0.15056,0.0,0.0,1.0,0.97,1.3,0.0,0.359648,0.0,1.6,
exp17i_limits_ablation,ablationfull__ballspeed7__limitsconfigconfigs_real_robot.yaml__noplot__servebox,"{""--ablation"": ""full"", ""--ball-speed"": 7, ""--limits-config"": ""configs/real_robot.yaml"", ""--no-plot"": null, ""--serve-box"": null}",334,False,miss,0.382627,1.967618,0.154324,25.0,0.0,0.99,1.0,1.1,0.0,0.382627,0.0,1.84,
exp17i_limits_ablation,ablationfull__ballspeed7__limitsconfigconfigs_real_robot.yaml__noplot__servebox,"{""--ablation"": ""full"", ""--ball-speed"": 7, ""--limits-config"": ""configs/real_robot.yaml"", ""--no-plot"": null, ""--serve-box"": null}",335,True,active,0.097158,1.992943,0.045515,65.0,105.0,1.0,0.98,1.1,25.0,0.097158,0.965,2.18,
exp17i_limits_ablation,ablationfull__ballspeed7__limitsconfigconfigs_real_robot.yaml__noplot__servebox,"{""--ablation"": ""full"", ""--ball-speed"": 7, ""--limits-config"": ""configs/real_robot.yaml"", ""--no-plot"": null, ""--serve-box"": null}",339,False,miss,0.329954,1.950363,0.127223,35.0,70.0,1.0,1.0,1.0,0.0,0.329954,0.0,2.02,
exp17i_limits_ablation,ablationfull__ballspeed7__limitsconfigconfigs_real_robot.yaml__noplot__servebox,"{""--ablation"": ""full"", ""--ball-speed"": 7, ""--limits-config"": ""configs/real_robot.yaml"", ""--no-plot"": null, ""--serve-box"": null}",333,False,miss,0.386538,1.95395,0.172819,15.0,0.0,1.01,0.99,1.3,0.0,0.386538,0.0,2.6,
exp17i_limits_ablation,ablationfull__ballspeed7__limitsconfigconfigs_real_robot.yaml__noplot__servebox,"{""--ablation"": ""full"", ""--ball-speed"": 7, ""--limits-config"": ""configs/real_robot.yaml"", ""--no-plot"": null, ""--serve-box"": null}",344,True,active,0.09163,1.996152,0.045135,10.0,40.0,1.0,1.0,0.9,20.0,0.09163,0.872,1.59,
exp17i_limits_ablation,ablationfull__ballspeed7__limitsconfigconfigs_real_robot.yaml__noplot__servebox,"{""--ablation"": ""full"", ""--ball-speed"": 7, ""--limits-config"": ""configs/real_robot.yaml"", ""--no-plot"": null, ""--serve-box"": null}",342,True,active,0.090326,1.975355,0.073927,55.0,105.0,1.01,1.0,1.0,25.0,0.090326,0.949,1.79,
exp17i_limits_ablation,ablationfull__ballspeed7__limitsconfigconfigs_real_robot.yaml__noplot__servebox,"{""--ablation"": ""full"", ""--ball-speed"": 7, ""--limits-config"": ""configs/real_robot.yaml"", ""--no-plot"": null, ""--serve-box"": null}",343,False,miss,0.325903,1.962578,0.174106,15.0,0.0,0.99,1.0,1.0,0.0,0.325903,0.0,1.69,
exp17i_limits_ablation,ablationfull__ballspeed7__limitsconfigconfigs_real_robot.yaml__noplot__servebox,"{""--ablation"": ""full"", ""--ball-speed"": 7, ""--limits-config"": ""configs/real_robot.yaml"", ""--no-plot"": null, ""--serve-box"": null}",351,,,,,,,,,,,,,,0.31,no_result
exp17i_limits_ablation,ablationfull__ballspeed7__limitsconfigconfigs_real_robot.yaml__noplot__servebox,"{""--ablation"": ""full"", ""--ball-speed"": 7, ""--limits-config"": ""configs/real_robot.yaml"", ""--no-plot"": null, ""--serve-box"": null}",345,False,miss,0.348065,1.931582,0.168575,20.0,0.0,1.0,1.0,1.3,0.0,0.348065,0.0,1.71,
exp17i_limits_ablation,ablationfull__ballspeed7__limitsconfigconfigs_real_robot.yaml__noplot__servebox,"{""--ablation"": ""full"", ""--ball-speed"": 7, ""--limits-config"": ""configs/real_robot.yaml"", ""--no-plot"": null, ""--serve-box"": null}",332,False,miss,0.360715,1.909579,0.187813,0.0,0.0,1.0,0.98,1.0,0.0,0.360715,0.0,3.1,
exp17i_limits_ablation,ablationfull__ballspeed7__limitsconfigconfigs_real_robot.yaml__noplot__servebox,"{""--ablation"": ""full"", ""--ball-speed"": 7, ""--limits-config"": ""configs/real_robot.yaml"", ""--no-plot"": null, ""--serve-box"": null}",341,False,miss,0.333374,1.959193,0.141834,0.0,0.0,1.01,1.0,1.1,0.0,0.333374,0.0,2.34,
exp17i_limits_ablation,ablationfull__ballspeed7__limitsconfigconfigs_real_robot.yaml__noplot__servebox,"{""--ablation"": ""full"", ""--ball-speed"": 7, ""--limits-config"": ""configs/real_robot.yaml"", ""--no-plot"": null, ""--serve-box"": null}",347,True,active,0.130974,1.965913,0.124011,45.0,105.0,0.99,1.0,1.2,15.0,0.130974,0.677,1.8,
exp17i_limits_ablation,ablationfull__ballspeed7__limitsconfigconfigs_real_robot.yaml__noplot__servebox,"{""--ablation"": ""full"", ""--ball-speed"": 7, ""--limits-config"": ""configs/real_robot.yaml"", ""--no-plot"": null, ""--serve-box"": null}",346,False,miss,0.389621,1.847988,0.316473,0.0,0.0,1.0,0.82,1.1,0.0,0.389621,0.0,2.06,
exp17i_limits_ablation,ablationfull__ballspeed7__limitsconfigconfigs_real_robot.yaml__noplot__servebox,"{""--ablation"": ""full"", ""--ball-speed"": 7, ""--limits-config"": ""configs/real_robot.yaml"", ""--no-plot"": null, ""--serve-box"": null}",337,False,miss,0.444634,1.925819,0.187072,0.0,0.0,1.0,1.0,1.4,0.0,0.444634,0.0,3.12,
exp17i_limits_ablation,ablationfull__ballspeed7__limitsconfigconfigs_real_robot.yaml__noplot__servebox,"{""--ablation"": ""full"", ""--ball-speed"": 7, ""--limits-config"": ""configs/real_robot.yaml"", ""--no-plot"": null, ""--serve-box"": null}",349,False,miss,0.363153,1.969763,0.174869,15.0,0.0,0.99,1.0,1.1,0.0,0.363153,0.0,1.79,
exp17i_limits_ablation,ablationfull__ballspeed7__limitsconfigconfigs_real_robot.yaml__noplot__servebox,"{""--ablation"": ""full"", ""--ball-speed"": 7, ""--limits-config"": ""configs/real_robot.yaml"", ""--no-plot"": null, ""--serve-box"": null}",338,False,miss,0.249143,1.918423,0.168904,20.0,80.0,1.0,1.0,0.7,0.0,0.249143,0.0,3.39,
exp17i_limits_ablation,ablationfull__ballspeed7__limitsconfigconfigs_real_robot.yaml__noplot__servebox,"{""--ablation"": ""full"", ""--ball-speed"": 7, ""--limits-config"": ""configs/real_robot.yaml"", ""--no-plot"": null, ""--serve-box"": null}",355,False,miss,0.349065,1.936148,0.184839,0.0,0.0,1.0,1.0,1.1,0.0,0.349065,0.0,1.58,
exp17i_limits_ablation,ablationfull__ballspeed7__limitsconfigconfigs_real_robot.yaml__noplot__servebox,"{""--ablation"": ""full"", ""--ball-speed"": 7, ""--limits-config"": ""configs/real_robot.yaml"", ""--no-plot"": null, ""--serve-box"": null}",354,False,miss,0.321421,1.950668,0.158482,25.0,0.0,0.99,1.0,1.3,0.0,0.321421,0.0,1.61,
exp17i_limits_ablation,ablationfull__ballspeed7__limitsconfigconfigs_real_robot.yaml__noplot__servebox,"{""--ablation"": ""full"", ""--ball-speed"": 7, ""--limits-config"": ""configs/real_robot.yaml"", ""--no-plot"": null, ""--serve-box"": null}",340,False,miss,0.388408,1.773652,0.314579,0.0,0.0,1.0,0.57,0.7,0.0,0.388408,0.0,3.82,
exp17i_limits_ablation,ablationfull__ballspeed7__limitsconfigconfigs_real_robot.yaml__noplot__servebox,"{""--ablation"": ""full"", ""--ball-speed"": 7, ""--limits-config"": ""configs/real_robot.yaml"", ""--no-plot"": null, ""--serve-box"": null}",357,True,active,0.115415,1.943475,0.113863,40.0,105.0,0.99,0.97,1.2,15.0,0.115415,0.994,1.59,
exp17i_limits_ablation,ablationfull__ballspeed7__limitsconfigconfigs_real_robot.yaml__noplot__servebox,"{""--ablation"": ""full"", ""--ball-speed"": 7, ""--limits-config"": ""configs/real_robot.yaml"", ""--no-plot"": null, ""--serve-box"": null}",350,False,miss,0.42512,1.938212,0.200185,0.0,0.0,1.0,1.0,1.3,0.0,0.42512,0.0,2.38,
exp17i_limits_ablation,ablationfull__ballspeed7__limitsconfigconfigs_real_robot.yaml__noplot__servebox,"{""--ablation"": ""full"", ""--ball-speed"": 7, ""--limits-config"": ""configs/real_robot.yaml"", ""--no-plot"": null, ""--serve-box"": null}",358,False,miss,0.321158,1.975179,0.13796,30.0,90.0,1.01,0.99,1.2,0.0,0.321158,0.0,1.79,
exp17i_limits_ablation,ablationfull__ballspeed7__limitsconfigconfigs_real_robot.yaml__noplot__servebox,"{""--ablation"": ""full"", ""--ball-speed"": 7, ""--limits-config"": ""configs/real_robot.yaml"", ""--no-plot"": null, ""--serve-box"": null}",359,False,miss,0.330111,1.842403,0.276014,0.0,0.0,1.12,1.0,0.9,0.0,0.330111,0.0,1.85,
exp17i_limits_ablation,ablationfull__ballspeed7__limitsconfigconfigs_real_robot.yaml__noplot__servebox,"{""--ablation"": ""full"", ""--ball-speed"": 7, ""--limits-config"": ""configs/real_robot.yaml"", ""--no-plot"": null, ""--serve-box"": null}",348,False,miss,0.37496,1.940699,0.16237,25.0,0.0,1.0,0.97,1.1,0.0,0.37496,0.0,3.31,
exp17i_limits_ablation,ablationfull__ballspeed7__limitsconfigconfigs_real_robot.yaml__noplot__servebox,"{""--ablation"": ""full"", ""--ball-speed"": 7, ""--limits-config"": ""configs/real_robot.yaml"", ""--no-plot"": null, ""--serve-box"": null}",363,False,miss,0.330616,1.9682,0.139009,30.0,105.0,1.01,0.99,1.2,0.0,0.330616,0.0,1.57,
exp17i_limits_ablation,ablationfull__ballspeed7__limitsconfigconfigs_real_robot.yaml__noplot__servebox,"{""--ablation"": ""full"", ""--ball-speed"": 7, ""--limits-config"": ""configs/real_robot.yaml"", ""--no-plot"": null, ""--serve-box"": null}",360,True,active,0.127565,1.942657,0.093225,55.0,105.0,1.0,0.98,1.2,20.0,0.127565,0.961,2.11,
exp17i_limits_ablation,ablationfull__ballspeed7__limitsconfigconfigs_real_robot.yaml__noplot__servebox,"{""--ablation"": ""full"", ""--ball-speed"": 7, ""--limits-config"": ""configs/real_robot.yaml"", ""--no-plot"": null, ""--serve-box"": null}",361,False,miss,1.034035,1.734846,0.888531,0.0,0.0,23.33,24.4,28.1,0.0,1.034035,0.0,1.99,
exp17i_limits_ablation,ablationfull__ballspeed7__limitsconfigconfigs_real_robot.yaml__noplot__servebox,"{""--ablation"": ""full"", ""--ball-speed"": 7, ""--limits-config"": ""configs/real_robot.yaml"", ""--no-plot"": null, ""--serve-box"": null}",362,False,miss,0.381251,1.96155,0.143674,30.0,45.0,1.0,0.98,1.4,0.0,0.381251,0.0,2.34,
exp17i_limits_ablation,ablationfull__ballspeed7__limitsconfigconfigs_real_robot.yaml__noplot__servebox,"{""--ablation"": ""full"", ""--ball-speed"": 7, ""--limits-config"": ""configs/real_robot.yaml"", ""--no-plot"": null, ""--serve-box"": null}",353,False,miss,0.335249,1.964435,0.11596,0.0,25.0,1.0,0.99,1.2,0.0,0.335249,0.0,3.13,
exp17i_limits_ablation,ablationfull__ballspeed7__limitsconfigconfigs_real_robot.yaml__noplot__servebox,"{""--ablation"": ""full"", ""--ball-speed"": 7, ""--limits-config"": ""configs/real_robot.yaml"", ""--no-plot"": null, ""--serve-box"": null}",366,False,miss,0.350626,1.964751,0.143213,0.0,0.0,1.0,0.96,1.2,0.0,0.350626,0.0,1.49,
exp17i_limits_ablation,ablationfull__ballspeed7__limitsconfigconfigs_real_robot.yaml__noplot__servebox,"{""--ablation"": ""full"", ""--ball-speed"": 7, ""--limits-config"": ""configs/real_robot.yaml"", ""--no-plot"": null, ""--serve-box"": null}",364,False,miss,0.332954,1.93446,0.227298,0.0,0.0,0.99,1.0,1.1,0.0,0.332954,0.0,2.23,
exp17i_limits_ablation,ablationfull__ballspeed7__limitsconfigconfigs_real_robot.yaml__noplot__servebox,"{""--ablation"": ""full"", ""--ball-speed"": 7, ""--limits-config"": ""configs/real_robot.yaml"", ""--no-plot"": null, ""--serve-box"": null}",356,False,miss,0.339538,1.967052,0.136493,0.0,0.0,1.0,1.0,1.3,0.0,0.339538,0.0,3.27,
exp17i_limits_ablation,ablationfull__ballspeed7__limitsconfigconfigs_real_robot.yaml__noplot__servebox,"{""--ablation"": ""full"", ""--ball-speed"": 7, ""--limits-config"": ""configs/real_robot.yaml"", ""--no-plot"": null, ""--serve-box"": null}",367,False,miss,0.311838,1.963647,0.134163,30.0,100.0,1.0,1.0,0.9,0.0,0.311838,0.0,1.77,
exp17i_limits_ablation,ablationfull__ballspeed7__limitsconfigconfigs_real_robot.yaml__noplot__servebox,"{""--ablation"": ""full"", ""--ball-speed"": 7, ""--limits-config"": ""configs/real_robot.yaml"", ""--no-plot"": null, ""--serve-box"": null}",365,True,active,0.114497,2.011595,0.087623,55.0,105.0,1.0,1.0,1.0,25.0,0.114497,0.904,1.87,
exp17i_limits_ablation,ablationfull__ballspeed7__limitsconfigconfigs_real_robot.yaml__noplot__servebox,"{""--ablation"": ""full"", ""--ball-speed"": 7, ""--limits-config"": ""configs/real_robot.yaml"", ""--no-plot"": null, ""--serve-box"": null}",352,False,miss,0.463853,1.746906,0.355128,0.0,0.0,0.39,0.43,0.3,0.0,0.463853,0.0,3.96,
exp17i_limits_ablation,ablationfull__ballspeed7__limitsconfigconfigs_real_robot.yaml__noplot__servebox,"{""--ablation"": ""full"", ""--ball-speed"": 7, ""--limits-config"": ""configs/real_robot.yaml"", ""--no-plot"": null, ""--serve-box"": null}",370,True,active,0.121053,1.941755,0.094067,45.0,75.0,0.98,1.0,1.2,20.0,0.121053,0.934,1.9,
exp17i_limits_ablation,ablationfull__ballspeed7__limitsconfigconfigs_real_robot.yaml__noplot__servebox,"{""--ablation"": ""full"", ""--ball-speed"": 7, ""--limits-config"": ""configs/real_robot.yaml"", ""--no-plot"": null, ""--serve-box"": null}",371,True,active,0.078539,1.96739,0.076091,45.0,105.0,1.0,0.99,1.1,20.0,0.078539,0.972,1.68,
exp17i_limits_ablation,ablationfull__ballspeed7__limitsconfigconfigs_real_robot.yaml__noplot__servebox,"{""--ablation"": ""full"", ""--ball-speed"": 7, ""--limits-config"": ""configs/real_robot.yaml"", ""--no-plot"": null, ""--serve-box"": null}",368,True,active,0.101522,1.948237,0.026403,65.0,105.0,1.0,0.99,1.1,25.0,0.101522,0.879,2.42,
exp17i_limits_ablation,ablationfull__ballspeed7__limitsconfigconfigs_real_robot.yaml__noplot__servebox,"{""--ablation"": ""full"", ""--ball-speed"": 7, ""--limits-config"": ""configs/real_robot.yaml"", ""--no-plot"": null, ""--serve-box"": null}",372,False,miss,0.38892,1.918643,0.172361,20.0,0.0,1.0,1.0,1.3,0.0,0.38892,0.0,1.7,
exp17i_limits_ablation,ablationfull__ballspeed7__limitsconfigconfigs_real_robot.yaml__noplot__servebox,"{""--ablation"": ""full"", ""--ball-speed"": 7, ""--limits-config"": ""configs/real_robot.yaml"", ""--no-plot"": null, ""--serve-box"": null}",374,False,miss,0.435138,1.956539,0.16544,25.0,0.0,1.0,1.0,1.1,0.0,0.435138,0.0,1.62,
exp17i_limits_ablation,ablationfull__ballspeed7__limitsconfigconfigs_real_robot.yaml__noplot__servebox,"{""--ablation"": ""full"", ""--ball-speed"": 7, ""--limits-config"": ""configs/real_robot.yaml"", ""--no-plot"": null, ""--serve-box"": null}",376,False,miss,0.327889,1.964929,0.134658,20.0,65.0,1.0,0.98,0.9,0.0,0.327889,0.0,1.65,
exp17i_limits_ablation,ablationfull__ballspeed7__limitsconfigconfigs_real_robot.yaml__noplot__servebox,"{""--ablation"": ""full"", ""--ball-speed"": 7, ""--limits-config"": ""configs/real_robot.yaml"", ""--no-plot"": null, ""--serve-box"": null}",378,False,miss,0.340746,1.925247,0.16881,0.0,0.0,0.99,1.0,1.0,0.0,0.340746,0.0,1.65,
exp17i_limits_ablation,ablationfull__ballspeed7__limitsconfigconfigs_real_robot.yaml__noplot__servebox,"{""--ablation"": ""full"", ""--ball-speed"": 7, ""--limits-config"": ""configs/real_robot.yaml"", ""--no-plot"": null, ""--serve-box"": null}",377,False,miss,0.371463,1.943719,0.166415,20.0,0.0,1.0,0.99,1.2,0.0,0.371463,0.0,2.01,
exp17i_limits_ablation,ablationfull__ballspeed7__limitsconfigconfigs_real_robot.yaml__noplot__servebox,"{""--ablation"": ""full"", ""--ball-speed"": 7, ""--limits-config"": ""configs/real_robot.yaml"", ""--no-plot"": null, ""--serve-box"": null}",369,False,miss,0.346235,1.952483,0.126919,40.0,100.0,1.0,1.0,1.3,0.0,0.346235,0.0,3.16,
exp17i_limits_ablation,ablationfull__ballspeed7__limitsconfigconfigs_real_robot.yaml__noplot__servebox,"{""--ablation"": ""full"", ""--ball-speed"": 7, ""--limits-config"": ""configs/real_robot.yaml"", ""--no-plot"": null, ""--serve-box"": null}",380,False,miss,0.550925,1.669979,0.437914,0.0,0.0,1.0,0.44,0.7,0.0,0.550925,0.0,1.8,
exp17i_limits_ablation,ablationfull__ballspeed7__limitsconfigconfigs_real_robot.yaml__noplot__servebox,"{""--ablation"": ""full"", ""--ball-speed"": 7, ""--limits-config"": ""configs/real_robot.yaml"", ""--no-plot"": null, ""--serve-box"": null}",373,True,active,0.119125,1.951606,0.095155,45.0,80.0,1.0,0.99,1.2,25.0,0.119125,0.78,2.83,
exp17i_limits_ablation,ablationfull__ballspeed7__limitsconfigconfigs_real_robot.yaml__noplot__servebox,"{""--ablation"": ""full"", ""--ball-speed"": 7, ""--limits-config"": ""configs/real_robot.yaml"", ""--no-plot"": null, ""--serve-box"": null}",383,False,miss,0.396565,1.960798,0.162257,25.0,5.0,1.0,1.0,1.1,0.0,0.396565,0.0,1.64,
exp17i_limits_ablation,ablationfull__ballspeed7__limitsconfigconfigs_real_robot.yaml__noplot__servebox,"{""--ablation"": ""full"", ""--ball-speed"": 7, ""--limits-config"": ""configs/real_robot.yaml"", ""--no-plot"": null, ""--serve-box"": null}",384,True,active,0.088431,1.953352,0.082866,45.0,105.0,1.0,1.0,1.2,5.0,0.088431,0.901,1.67,
exp17i_limits_ablation,ablationfull__ballspeed7__limitsconfigconfigs_real_robot.yaml__noplot__servebox,"{""--ablation"": ""full"", ""--ball-speed"": 7, ""--limits-config"": ""configs/real_robot.yaml"", ""--no-plot"": null, ""--serve-box"": null}",386,False,miss,0.350788,1.956381,0.176802,0.0,0.0,1.0,0.98,1.4,0.0,0.350788,0.0,1.62,
exp17i_limits_ablation,ablationfull__ballspeed7__limitsconfigconfigs_real_robot.yaml__noplot__servebox,"{""--ablation"": ""full"", ""--ball-speed"": 7, ""--limits-config"": ""configs/real_robot.yaml"", ""--no-plot"": null, ""--serve-box"": null}",385,False,miss,0.610024,1.793156,0.584402,0.0,0.0,2.23,2.14,2.1,0.0,0.610024,0.0,1.81,
exp17i_limits_ablation,ablationfull__ballspeed7__limitsconfigconfigs_real_robot.yaml__noplot__servebox,"{""--ablation"": ""full"", ""--ball-speed"": 7, ""--limits-config"": ""configs/real_robot.yaml"", ""--no-plot"": null, ""--serve-box"": null}",387,False,miss,0.38914,1.948507,0.124107,40.0,105.0,1.0,1.0,1.2,0.0,0.38914,0.0,1.76,
exp17i_limits_ablation,ablationfull__ballspeed7__limitsconfigconfigs_real_robot.yaml__noplot__servebox,"{""--ablation"": ""full"", ""--ball-speed"": 7, ""--limits-config"": ""configs/real_robot.yaml"", ""--no-plot"": null, ""--serve-box"": null}",388,True,active,0.122227,1.94002,0.085374,55.0,105.0,1.0,0.99,1.5,15.0,0.122227,0.942,1.77,
exp17i_limits_ablation,ablationfull__ballspeed7__limitsconfigconfigs_real_robot.yaml__noplot__servebox,"{""--ablation"": ""full"", ""--ball-speed"": 7, ""--limits-config"": ""configs/real_robot.yaml"", ""--no-plot"": null, ""--serve-box"": null}",381,False,miss,0.362354,1.974257,0.152524,10.0,0.0,1.0,0.96,1.5,0.0,0.362354,0.0,2.61,
exp17i_limits_ablation,ablationfull__ballspeed7__limitsconfigconfigs_real_robot.yaml__noplot__servebox,"{""--ablation"": ""full"", ""--ball-speed"": 7, ""--limits-config"": ""configs/real_robot.yaml"", ""--no-plot"": null, ""--serve-box"": null}",375,True,active,0.090104,1.960179,0.090104,45.0,105.0,1.01,0.99,1.3,20.0,0.090104,1.005,3.48,
exp17i_limits_ablation,ablationfull__ballspeed7__limitsconfigconfigs_real_robot.yaml__noplot__servebox,"{""--ablation"": ""full"", ""--ball-speed"": 7, ""--limits-config"": ""configs/real_robot.yaml"", ""--no-plot"": null, ""--serve-box"": null}",390,True,active,0.110987,1.935362,0.073785,55.0,80.0,1.0,1.0,1.1,15.0,0.110987,0.939,1.45,
exp17i_limits_ablation,ablationfull__ballspeed7__limitsconfigconfigs_real_robot.yaml__noplot__servebox,"{""--ablation"": ""full"", ""--ball-speed"": 7, ""--limits-config"": ""configs/real_robot.yaml"", ""--no-plot"": null, ""--serve-box"": null}",382,False,miss,0.430507,1.970412,0.193795,0.0,0.0,1.01,0.99,1.1,0.0,0.430507,0.0,2.76,
exp17i_limits_ablation,ablationfull__ballspeed7__limitsconfigconfigs_real_robot.yaml__noplot__servebox,"{""--ablation"": ""full"", ""--ball-speed"": 7, ""--limits-config"": ""configs/real_robot.yaml"", ""--no-plot"": null, ""--serve-box"": null}",379,True,active,0.109749,1.967522,0.101501,50.0,105.0,1.0,1.0,1.1,20.0,0.109749,0.904,3.23,
exp17i_limits_ablation,ablationfull__ballspeed7__limitsconfigconfigs_real_robot.yaml__noplot__servebox,"{""--ablation"": ""full"", ""--ball-speed"": 7, ""--limits-config"": ""configs/real_robot.yaml"", ""--no-plot"": null, ""--serve-box"": null}",389,False,miss,0.32666,1.937272,0.129564,0.0,15.0,0.99,1.0,1.1,0.0,0.32666,0.0,1.92,
exp17i_limits_ablation,ablationfull__ballspeed7__limitsconfigconfigs_real_robot.yaml__noplot__servebox,"{""--ablation"": ""full"", ""--ball-speed"": 7, ""--limits-config"": ""configs/real_robot.yaml"", ""--no-plot"": null, ""--serve-box"": null}",392,True,active,0.079124,1.966221,0.077366,55.0,105.0,1.0,1.0,1.1,15.0,0.079124,0.691,1.58,
exp17i_limits_ablation,ablationfull__ballspeed7__limitsconfigconfigs_real_robot.yaml__noplot__servebox,"{""--ablation"": ""full"", ""--ball-speed"": 7, ""--limits-config"": ""configs/real_robot.yaml"", ""--no-plot"": null, ""--serve-box"": null}",394,False,miss,0.358736,1.965385,0.159722,20.0,0.0,1.01,1.0,1.3,0.0,0.358736,0.0,1.68,
exp17i_limits_ablation,ablationfull__ballspeed7__limitsconfigconfigs_real_robot.yaml__noplot__servebox,"{""--ablation"": ""full"", ""--ball-speed"": 7, ""--limits-config"": ""configs/real_robot.yaml"", ""--no-plot"": null, ""--serve-box"": null}",396,True,active,0.137297,1.988777,0.130179,45.0,105.0,1.0,1.0,1.2,15.0,0.137297,0.901,1.56,
exp17i_limits_ablation,ablationfull__ballspeed7__limitsconfigconfigs_real_robot.yaml__noplot__servebox,"{""--ablation"": ""full"", ""--ball-speed"": 7, ""--limits-config"": ""configs/real_robot.yaml"", ""--no-plot"": null, ""--serve-box"": null}",397,False,miss,0.358684,1.961765,0.160492,25.0,0.0,1.01,0.93,1.2,0.0,0.358684,0.0,1.61,
exp17i_limits_ablation,ablationfull__ballspeed7__limitsconfigconfigs_real_robot.yaml__noplot__servebox,"{""--ablation"": ""full"", ""--ball-speed"": 7, ""--limits-config"": ""configs/real_robot.yaml"", ""--no-plot"": null, ""--serve-box"": null}",393,False,miss,0.369574,1.931461,0.178316,15.0,0.0,1.0,0.98,1.1,0.0,0.369574,0.0,2.24,
exp17i_limits_ablation,ablationfull__ballspeed7__limitsconfigconfigs_real_robot.yaml__noplot__servebox,"{""--ablation"": ""full"", ""--ball-speed"": 7, ""--limits-config"": ""configs/real_robot.yaml"", ""--no-plot"": null, ""--serve-box"": null}",398,False,miss,0.328976,1.940394,0.149186,30.0,20.0,1.0,0.99,1.2,0.0,0.328976,0.0,1.68,
exp17i_limits_ablation,ablationtube_only__ballspeed7__limitsconfigconfigs_real_robot.yaml__noplot__servebox,"{""--ablation"": ""tube_only"", ""--ball-speed"": 7, ""--limits-config"": ""configs/real_robot.yaml"", ""--no-plot"": null, ""--serve-box"": null}",1,False,miss,0.30525,1.930525,0.122463,30.0,70.0,1.0,1.0,1.0,0.0,0.30525,0.0,1.66,
exp17i_limits_ablation,ablationtube_only__ballspeed7__limitsconfigconfigs_real_robot.yaml__noplot__servebox,"{""--ablation"": ""tube_only"", ""--ball-speed"": 7, ""--limits-config"": ""configs/real_robot.yaml"", ""--no-plot"": null, ""--serve-box"": null}",3,True,active,0.113479,1.921383,0.113479,40.0,105.0,0.98,1.0,1.3,15.0,0.113479,0.631,1.61,
exp17i_limits_ablation,ablationtube_only__ballspeed7__limitsconfigconfigs_real_robot.yaml__noplot__servebox,"{""--ablation"": ""tube_only"", ""--ball-speed"": 7, ""--limits-config"": ""configs/real_robot.yaml"", ""--no-plot"": null, ""--serve-box"": null}",7,True,active,0.107792,1.930766,0.076118,0.0,0.0,0.98,1.0,1.0,15.0,0.107792,0.973,1.47,
exp17i_limits_ablation,ablationfull__ballspeed7__limitsconfigconfigs_real_robot.yaml__noplot__servebox,"{""--ablation"": ""full"", ""--ball-speed"": 7, ""--limits-config"": ""configs/real_robot.yaml"", ""--no-plot"": null, ""--serve-box"": null}",391,True,active,0.122989,1.983531,0.097617,50.0,105.0,1.0,1.0,1.2,10.0,0.122989,0.92,3.09,
exp17i_limits_ablation,ablationtube_only__ballspeed7__limitsconfigconfigs_real_robot.yaml__noplot__servebox,"{""--ablation"": ""tube_only"", ""--ball-speed"": 7, ""--limits-config"": ""configs/real_robot.yaml"", ""--no-plot"": null, ""--serve-box"": null}",5,False,miss,0.276826,1.954488,0.070223,0.0,0.0,0.98,0.98,1.1,0.0,0.276826,0.0,1.62,
exp17i_limits_ablation,ablationfull__ballspeed7__limitsconfigconfigs_real_robot.yaml__noplot__servebox,"{""--ablation"": ""full"", ""--ball-speed"": 7, ""--limits-config"": ""configs/real_robot.yaml"", ""--no-plot"": null, ""--serve-box"": null}",395,False,miss,0.376936,1.935179,0.153036,25.0,0.0,1.0,1.0,1.2,0.0,0.376936,0.0,3.06,
exp17i_limits_ablation,ablationtube_only__ballspeed7__limitsconfigconfigs_real_robot.yaml__noplot__servebox,"{""--ablation"": ""tube_only"", ""--ball-speed"": 7, ""--limits-config"": ""configs/real_robot.yaml"", ""--no-plot"": null, ""--serve-box"": null}",8,True,active,0.110711,1.927651,0.085096,20.0,50.0,1.0,0.99,1.5,15.0,0.110711,0.958,1.65,
exp17i_limits_ablation,ablationtube_only__ballspeed7__limitsconfigconfigs_real_robot.yaml__noplot__servebox,"{""--ablation"": ""tube_only"", ""--ball-speed"": 7, ""--limits-config"": ""configs/real_robot.yaml"", ""--no-plot"": null, ""--serve-box"": null}",9,False,miss,0.337013,1.934134,0.150613,30.0,30.0,1.0,1.0,1.5,0.0,0.337013,0.0,1.53,
exp17i_limits_ablation,ablationtube_only__ballspeed7__limitsconfigconfigs_real_robot.yaml__noplot__servebox,"{""--ablation"": ""tube_only"", ""--ball-speed"": 7, ""--limits-config"": ""configs/real_robot.yaml"", ""--no-plot"": null, ""--serve-box"": null}",20,,,,,,,,,,,,,,0.22,no_result
exp17i_limits_ablation,ablationtube_only__ballspeed7__limitsconfigconfigs_real_robot.yaml__noplot__servebox,"{""--ablation"": ""tube_only"", ""--ball-speed"": 7, ""--limits-config"": ""configs/real_robot.yaml"", ""--no-plot"": null, ""--serve-box"": null}",12,True,active,0.07525,1.936789,0.073441,40.0,105.0,0.99,1.0,1.1,15.0,0.07525,0.961,1.51,
exp17i_limits_ablation,ablationtube_only__ballspeed7__limitsconfigconfigs_real_robot.yaml__noplot__servebox,"{""--ablation"": ""tube_only"", ""--ball-speed"": 7, ""--limits-config"": ""configs/real_robot.yaml"", ""--no-plot"": null, ""--serve-box"": null}",10,True,active,0.087408,1.94422,0.086291,45.0,105.0,1.0,0.99,1.0,10.0,0.087408,0.957,1.64,
exp17i_limits_ablation,ablationtube_only__ballspeed7__limitsconfigconfigs_real_robot.yaml__noplot__servebox,"{""--ablation"": ""tube_only"", ""--ball-speed"": 7, ""--limits-config"": ""configs/real_robot.yaml"", ""--no-plot"": null, ""--serve-box"": null}",11,False,miss,0.319801,1.928231,0.110315,0.0,0.0,1.0,0.94,1.4,0.0,0.319801,0.0,1.65,
exp17i_limits_ablation,ablationtube_only__ballspeed7__limitsconfigconfigs_real_robot.yaml__noplot__servebox,"{""--ablation"": ""tube_only"", ""--ball-speed"": 7, ""--limits-config"": ""configs/real_robot.yaml"", ""--no-plot"": null, ""--serve-box"": null}",6,False,miss,0.343111,1.920578,0.162748,20.0,15.0,1.0,0.99,1.2,0.0,0.343111,0.0,2.49,
exp17i_limits_ablation,ablationtube_only__ballspeed7__limitsconfigconfigs_real_robot.yaml__noplot__servebox,"{""--ablation"": ""tube_only"", ""--ball-speed"": 7, ""--limits-config"": ""configs/real_robot.yaml"", ""--no-plot"": null, ""--serve-box"": null}",13,False,miss,0.300116,1.874647,0.121001,0.0,0.0,0.98,0.99,1.0,0.0,0.300116,0.0,1.53,
exp17i_limits_ablation,ablationtube_only__ballspeed7__limitsconfigconfigs_real_robot.yaml__noplot__servebox,"{""--ablation"": ""tube_only"", ""--ball-speed"": 7, ""--limits-config"": ""configs/real_robot.yaml"", ""--no-plot"": null, ""--serve-box"": null}",21,,,,,,,,,,,,,,0.35,no_result
exp17i_limits_ablation,ablationtube_only__ballspeed7__limitsconfigconfigs_real_robot.yaml__noplot__servebox,"{""--ablation"": ""tube_only"", ""--ball-speed"": 7, ""--limits-config"": ""configs/real_robot.yaml"", ""--no-plot"": null, ""--serve-box"": null}",4,True,active,0.104173,1.906705,0.101279,45.0,105.0,1.0,0.95,1.3,20.0,0.104173,0.905,3.12,
exp17i_limits_ablation,ablationfull__ballspeed7__limitsconfigconfigs_real_robot.yaml__noplot__servebox,"{""--ablation"": ""full"", ""--ball-speed"": 7, ""--limits-config"": ""configs/real_robot.yaml"", ""--no-plot"": null, ""--serve-box"": null}",400,False,miss,0.38841,1.907861,0.208258,0.0,0.0,1.0,1.0,1.2,0.0,0.38841,0.0,3.45,
exp17i_limits_ablation,ablationfull__ballspeed7__limitsconfigconfigs_real_robot.yaml__noplot__servebox,"{""--ablation"": ""full"", ""--ball-speed"": 7, ""--limits-config"": ""configs/real_robot.yaml"", ""--no-plot"": null, ""--serve-box"": null}",399,False,miss,0.299774,1.891181,0.24129,0.0,0.0,1.0,1.0,1.0,0.0,0.299774,0.0,3.63,
exp17i_limits_ablation,ablationtube_only__ballspeed7__limitsconfigconfigs_real_robot.yaml__noplot__servebox,"{""--ablation"": ""tube_only"", ""--ball-speed"": 7, ""--limits-config"": ""configs/real_robot.yaml"", ""--no-plot"": null, ""--serve-box"": null}",27,,,,,,,,,,,,,,0.31,no_result
exp17i_limits_ablation,ablationtube_only__ballspeed7__limitsconfigconfigs_real_robot.yaml__noplot__servebox,"{""--ablation"": ""tube_only"", ""--ball-speed"": 7, ""--limits-config"": ""configs/real_robot.yaml"", ""--no-plot"": null, ""--serve-box"": null}",2,True,active,0.119658,1.929997,0.100012,0.0,0.0,1.0,0.98,1.2,15.0,0.119658,0.984,3.59,
exp17i_limits_ablation,ablationtube_only__ballspeed7__limitsconfigconfigs_real_robot.yaml__noplot__servebox,"{""--ablation"": ""tube_only"", ""--ball-speed"": 7, ""--limits-config"": ""configs/real_robot.yaml"", ""--no-plot"": null, ""--serve-box"": null}",15,True,active,0.086988,1.947868,0.084447,55.0,105.0,0.99,1.0,1.1,5.0,0.086988,0.72,1.59,
exp17i_limits_ablation,ablationtube_only__ballspeed7__limitsconfigconfigs_real_robot.yaml__noplot__servebox,"{""--ablation"": ""tube_only"", ""--ball-speed"": 7, ""--limits-config"": ""configs/real_robot.yaml"", ""--no-plot"": null, ""--serve-box"": null}",14,False,miss,0.372622,1.917436,0.140198,35.0,60.0,1.0,0.99,1.3,0.0,0.372622,0.0,1.93,
exp17i_limits_ablation,ablationtube_only__ballspeed7__limitsconfigconfigs_real_robot.yaml__noplot__servebox,"{""--ablation"": ""tube_only"", ""--ball-speed"": 7, ""--limits-config"": ""configs/real_robot.yaml"", ""--no-plot"": null, ""--serve-box"": null}",17,False,miss,0.386461,1.95708,0.171143,20.0,0.0,1.0,0.97,1.2,0.0,0.386461,0.0,1.78,
exp17i_limits_ablation,ablationtube_only__ballspeed7__limitsconfigconfigs_real_robot.yaml__noplot__servebox,"{""--ablation"": ""tube_only"", ""--ball-speed"": 7, ""--limits-config"": ""configs/real_robot.yaml"", ""--no-plot"": null, ""--serve-box"": null}",16,False,miss,0.299956,1.90895,0.105186,0.0,0.0,0.99,0.99,1.2,0.0,0.299956,0.0,1.96,
exp17i_limits_ablation,ablationtube_only__ballspeed7__limitsconfigconfigs_real_robot.yaml__noplot__servebox,"{""--ablation"": ""tube_only"", ""--ball-speed"": 7, ""--limits-config"": ""configs/real_robot.yaml"", ""--no-plot"": null, ""--serve-box"": null}",18,True,active,0.115018,1.916721,0.115018,40.0,105.0,1.0,0.99,1.6,15.0,0.115018,0.926,1.72,
exp17i_limits_ablation,ablationtube_only__ballspeed7__limitsconfigconfigs_real_robot.yaml__noplot__servebox,"{""--ablation"": ""tube_only"", ""--ball-speed"": 7, ""--limits-config"": ""configs/real_robot.yaml"", ""--no-plot"": null, ""--serve-box"": null}",22,True,active,0.096896,1.92586,0.053765,0.0,0.0,0.98,0.99,1.0,25.0,0.096896,0.972,1.55,
exp17i_limits_ablation,ablationtube_only__ballspeed7__limitsconfigconfigs_real_robot.yaml__noplot__servebox,"{""--ablation"": ""tube_only"", ""--ball-speed"": 7, ""--limits-config"": ""configs/real_robot.yaml"", ""--no-plot"": null, ""--serve-box"": null}",23,False,miss,0.330348,1.944337,0.16907,15.0,0.0,1.0,1.0,1.1,0.0,0.330348,0.0,1.96,
exp17i_limits_ablation,ablationtube_only__ballspeed7__limitsconfigconfigs_real_robot.yaml__noplot__servebox,"{""--ablation"": ""tube_only"", ""--ball-speed"": 7, ""--limits-config"": ""configs/real_robot.yaml"", ""--no-plot"": null, ""--serve-box"": null}",28,True,active,0.105359,1.934197,0.050174,60.0,100.0,1.0,0.98,1.3,15.0,0.105359,0.937,1.86,
exp17i_limits_ablation,ablationtube_only__ballspeed7__limitsconfigconfigs_real_robot.yaml__noplot__servebox,"{""--ablation"": ""tube_only"", ""--ball-speed"": 7, ""--limits-config"": ""configs/real_robot.yaml"", ""--no-plot"": null, ""--serve-box"": null}",25,False,miss,0.271989,1.938393,0.09556,0.0,0.0,1.0,1.0,1.2,0.0,0.271989,0.0,2.22,
exp17i_limits_ablation,ablationtube_only__ballspeed7__limitsconfigconfigs_real_robot.yaml__noplot__servebox,"{""--ablation"": ""tube_only"", ""--ball-speed"": 7, ""--limits-config"": ""configs/real_robot.yaml"", ""--no-plot"": null, ""--serve-box"": null}",34,True,active,0.109101,1.94077,0.101795,50.0,105.0,0.96,0.99,1.2,15.0,0.109101,0.832,1.74,
exp17i_limits_ablation,ablationtube_only__ballspeed7__limitsconfigconfigs_real_robot.yaml__noplot__servebox,"{""--ablation"": ""tube_only"", ""--ball-speed"": 7, ""--limits-config"": ""configs/real_robot.yaml"", ""--no-plot"": null, ""--serve-box"": null}",31,False,miss,0.532879,1.725424,0.392652,0.0,0.0,0.5,0.41,0.4,0.0,0.532879,0.0,1.87,
exp17i_limits_ablation,ablationtube_only__ballspeed7__limitsconfigconfigs_real_robot.yaml__noplot__servebox,"{""--ablation"": ""tube_only"", ""--ball-speed"": 7, ""--limits-config"": ""configs/real_robot.yaml"", ""--no-plot"": null, ""--serve-box"": null}",33,False,miss,0.465998,1.756951,0.344592,0.0,0.0,0.41,0.47,0.3,0.0,0.465998,0.0,1.91,
exp17i_limits_ablation,ablationtube_only__ballspeed7__limitsconfigconfigs_real_robot.yaml__noplot__servebox,"{""--ablation"": ""tube_only"", ""--ball-speed"": 7, ""--limits-config"": ""configs/real_robot.yaml"", ""--no-plot"": null, ""--serve-box"": null}",29,False,miss,0.334171,1.763536,0.254876,0.0,0.0,0.29,0.43,0.3,0.0,0.334171,0.0,2.38,
exp17i_limits_ablation,ablationtube_only__ballspeed7__limitsconfigconfigs_real_robot.yaml__noplot__servebox,"{""--ablation"": ""tube_only"", ""--ball-speed"": 7, ""--limits-config"": ""configs/real_robot.yaml"", ""--no-plot"": null, ""--serve-box"": null}",37,True,active,0.109055,1.962185,0.088629,50.0,100.0,0.93,0.99,1.1,15.0,0.109055,0.739,1.57,
exp17i_limits_ablation,ablationtube_only__ballspeed7__limitsconfigconfigs_real_robot.yaml__noplot__servebox,"{""--ablation"": ""tube_only"", ""--ball-speed"": 7, ""--limits-config"": ""configs/real_robot.yaml"", ""--no-plot"": null, ""--serve-box"": null}",32,True,active,0.1175,1.959187,0.111894,45.0,105.0,1.0,1.0,1.0,5.0,0.1175,0.631,2.33,
exp17i_limits_ablation,ablationtube_only__ballspeed7__limitsconfigconfigs_real_robot.yaml__noplot__servebox,"{""--ablation"": ""tube_only"", ""--ball-speed"": 7, ""--limits-config"": ""configs/real_robot.yaml"", ""--no-plot"": null, ""--serve-box"": null}",19,True,active,0.104709,1.9319,0.080958,55.0,80.0,0.99,1.0,1.0,10.0,0.104709,0.834,3.39,
exp17i_limits_ablation,ablationtube_only__ballspeed7__limitsconfigconfigs_real_robot.yaml__noplot__servebox,"{""--ablation"": ""tube_only"", ""--ball-speed"": 7, ""--limits-config"": ""configs/real_robot.yaml"", ""--no-plot"": null, ""--serve-box"": null}",24,True,active,0.109257,1.935844,0.074188,55.0,70.0,1.0,0.99,1.3,20.0,0.109257,0.929,3.17,
exp17i_limits_ablation,ablationtube_only__ballspeed7__limitsconfigconfigs_real_robot.yaml__noplot__servebox,"{""--ablation"": ""tube_only"", ""--ball-speed"": 7, ""--limits-config"": ""configs/real_robot.yaml"", ""--no-plot"": null, ""--serve-box"": null}",35,False,miss,0.30628,1.934366,0.160902,0.0,0.0,1.01,0.99,1.1,0.0,0.30628,0.0,2.29,
exp17i_limits_ablation,ablationtube_only__ballspeed7__limitsconfigconfigs_real_robot.yaml__noplot__servebox,"{""--ablation"": ""tube_only"", ""--ball-speed"": 7, ""--limits-config"": ""configs/real_robot.yaml"", ""--no-plot"": null, ""--serve-box"": null}",39,True,active,0.107188,1.907326,0.056597,0.0,0.0,1.0,0.99,1.3,20.0,0.107188,0.933,1.42,
exp17i_limits_ablation,ablationtube_only__ballspeed7__limitsconfigconfigs_real_robot.yaml__noplot__servebox,"{""--ablation"": ""tube_only"", ""--ball-speed"": 7, ""--limits-config"": ""configs/real_robot.yaml"", ""--no-plot"": null, ""--serve-box"": null}",26,True,active,0.070308,1.919406,0.054449,0.0,0.0,1.0,0.99,1.2,25.0,0.070308,0.929,3.25,
exp17i_limits_ablation,ablationtube_only__ballspeed7__limitsconfigconfigs_real_robot.yaml__noplot__servebox,"{""--ablation"": ""tube_only"", ""--ball-speed"": 7, ""--limits-config"": ""configs/real_robot.yaml"", ""--no-plot"": null, ""--serve-box"": null}",36,True,active,0.100573,1.928105,0.06963,15.0,55.0,1.0,0.98,1.2,5.0,0.100573,0.408,2.42,
exp17i_limits_ablation,ablationtube_only__ballspeed7__limitsconfigconfigs_real_robot.yaml__noplot__servebox,"{""--ablation"": ""tube_only"", ""--ball-speed"": 7, ""--limits-config"": ""configs/real_robot.yaml"", ""--no-plot"": null, ""--serve-box"": null}",30,False,miss,0.310981,1.920701,0.128223,40.0,100.0,1.0,1.0,1.0,0.0,0.310981,0.0,3.25,
exp17i_limits_ablation,ablationtube_only__ballspeed7__limitsconfigconfigs_real_robot.yaml__noplot__servebox,"{""--ablation"": ""tube_only"", ""--ball-speed"": 7, ""--limits-config"": ""configs/real_robot.yaml"", ""--no-plot"": null, ""--serve-box"": null}",38,True,active,0.080519,1.927124,0.058197,55.0,105.0,1.0,0.99,1.2,10.0,0.080519,0.979,2.33,
exp17i_limits_ablation,ablationtube_only__ballspeed7__limitsconfigconfigs_real_robot.yaml__noplot__servebox,"{""--ablation"": ""tube_only"", ""--ball-speed"": 7, ""--limits-config"": ""configs/real_robot.yaml"", ""--no-plot"": null, ""--serve-box"": null}",40,True,active,0.099355,1.932652,0.081358,50.0,105.0,1.0,0.98,0.9,10.0,0.099355,0.727,1.74,
exp17i_limits_ablation,ablationtube_only__ballspeed7__limitsconfigconfigs_real_robot.yaml__noplot__servebox,"{""--ablation"": ""tube_only"", ""--ball-speed"": 7, ""--limits-config"": ""configs/real_robot.yaml"", ""--no-plot"": null, ""--serve-box"": null}",42,False,miss,0.328029,1.935824,0.140074,0.0,0.0,0.99,0.99,1.4,0.0,0.328029,0.0,1.48,
exp17i_limits_ablation,ablationtube_only__ballspeed7__limitsconfigconfigs_real_robot.yaml__noplot__servebox,"{""--ablation"": ""tube_only"", ""--ball-speed"": 7, ""--limits-config"": ""configs/real_robot.yaml"", ""--no-plot"": null, ""--serve-box"": null}",43,False,miss,0.313417,1.909857,0.131248,35.0,90.0,1.0,0.99,1.1,0.0,0.313417,0.0,1.79,
exp17i_limits_ablation,ablationtube_only__ballspeed7__limitsconfigconfigs_real_robot.yaml__noplot__servebox,"{""--ablation"": ""tube_only"", ""--ball-speed"": 7, ""--limits-config"": ""configs/real_robot.yaml"", ""--no-plot"": null, ""--serve-box"": null}",47,True,active,0.077275,1.939976,0.077275,50.0,105.0,0.99,0.98,1.3,10.0,0.077275,0.976,1.57,
exp17i_limits_ablation,ablationtube_only__ballspeed7__limitsconfigconfigs_real_robot.yaml__noplot__servebox,"{""--ablation"": ""tube_only"", ""--ball-speed"": 7, ""--limits-config"": ""configs/real_robot.yaml"", ""--no-plot"": null, ""--serve-box"": null}",45,False,miss,0.392785,1.941283,0.14785,30.0,45.0,1.0,0.99,1.4,0.0,0.392785,0.0,1.85,
exp17i_limits_ablation,ablationtube_only__ballspeed7__limitsconfigconfigs_real_robot.yaml__noplot__servebox,"{""--ablation"": ""tube_only"", ""--ball-speed"": 7, ""--limits-config"": ""configs/real_robot.yaml"", ""--no-plot"": null, ""--serve-box"": null}",50,False,miss,0.322537,1.910408,0.116227,0.0,15.0,1.0,0.99,1.1,0.0,0.322537,0.0,1.53,
exp17i_limits_ablation,ablationtube_only__ballspeed7__limitsconfigconfigs_real_robot.yaml__noplot__servebox,"{""--ablation"": ""tube_only"", ""--ball-speed"": 7, ""--limits-config"": ""configs/real_robot.yaml"", ""--no-plot"": null, ""--serve-box"": null}",41,False,miss,0.465203,1.744386,0.314967,0.0,0.0,0.39,0.48,0.3,0.0,0.465203,0.0,2.86,
exp17i_limits_ablation,ablationtube_only__ballspeed7__limitsconfigconfigs_real_robot.yaml__noplot__servebox,"{""--ablation"": ""tube_only"", ""--ball-speed"": 7, ""--limits-config"": ""configs/real_robot.yaml"", ""--no-plot"": null, ""--serve-box"": null}",48,True,active,0.104668,1.944038,0.087387,50.0,105.0,1.0,0.98,1.3,15.0,0.104668,0.924,2.19,
exp17i_limits_ablation,ablationtube_only__ballspeed7__limitsconfigconfigs_real_robot.yaml__noplot__servebox,"{""--ablation"": ""tube_only"", ""--ball-speed"": 7, ""--limits-config"": ""configs/real_robot.yaml"", ""--no-plot"": null, ""--serve-box"": null}",56,False,miss,0.412953,1.904914,0.184832,0.0,0.0,1.0,1.0,1.4,0.0,0.412953,0.0,1.45,
exp17i_limits_ablation,ablationtube_only__ballspeed7__limitsconfigconfigs_real_robot.yaml__noplot__servebox,"{""--ablation"": ""tube_only"", ""--ball-speed"": 7, ""--limits-config"": ""configs/real_robot.yaml"", ""--no-plot"": null, ""--serve-box"": null}",55,True,active,0.106877,1.932158,0.085372,50.0,105.0,1.0,0.94,1.1,25.0,0.106877,0.954,1.54,
exp17i_limits_ablation,ablationtube_only__ballspeed7__limitsconfigconfigs_real_robot.yaml__noplot__servebox,"{""--ablation"": ""tube_only"", ""--ball-speed"": 7, ""--limits-config"": ""configs/real_robot.yaml"", ""--no-plot"": null, ""--serve-box"": null}",44,False,miss,0.338552,1.923833,0.154808,0.0,0.0,0.99,1.0,1.3,0.0,0.338552,0.0,2.9,
exp17i_limits_ablation,ablationtube_only__ballspeed7__limitsconfigconfigs_real_robot.yaml__noplot__servebox,"{""--ablation"": ""tube_only"", ""--ball-speed"": 7, ""--limits-config"": ""configs/real_robot.yaml"", ""--no-plot"": null, ""--serve-box"": null}",49,True,active,0.104072,1.935548,0.077045,55.0,105.0,1.0,0.99,1.2,15.0,0.104072,0.687,2.32,
exp17i_limits_ablation,ablationtube_only__ballspeed7__limitsconfigconfigs_real_robot.yaml__noplot__servebox,"{""--ablation"": ""tube_only"", ""--ball-speed"": 7, ""--limits-config"": ""configs/real_robot.yaml"", ""--no-plot"": null, ""--serve-box"": null}",54,False,miss,0.2969,1.900256,0.107544,0.0,0.0,0.98,0.99,1.3,0.0,0.2969,0.0,1.99,
exp17i_limits_ablation,ablationtube_only__ballspeed7__limitsconfigconfigs_real_robot.yaml__noplot__servebox,"{""--ablation"": ""tube_only"", ""--ball-speed"": 7, ""--limits-config"": ""configs/real_robot.yaml"", ""--no-plot"": null, ""--serve-box"": null}",58,False,miss,0.313183,1.89478,0.128688,0.0,0.0,0.99,0.98,1.0,0.0,0.313183,0.0,1.55,
exp17i_limits_ablation,ablationtube_only__ballspeed7__limitsconfigconfigs_real_robot.yaml__noplot__servebox,"{""--ablation"": ""tube_only"", ""--ball-speed"": 7, ""--limits-config"": ""configs/real_robot.yaml"", ""--no-plot"": null, ""--serve-box"": null}",51,False,miss,0.359823,1.927716,0.135563,0.0,0.0,1.0,0.98,1.4,0.0,0.359823,0.0,2.61,
exp17i_limits_ablation,ablationtube_only__ballspeed7__limitsconfigconfigs_real_robot.yaml__noplot__servebox,"{""--ablation"": ""tube_only"", ""--ball-speed"": 7, ""--limits-config"": ""configs/real_robot.yaml"", ""--no-plot"": null, ""--serve-box"": null}",46,False,miss,0.35294,1.92231,0.155924,30.0,0.0,0.99,1.0,1.3,0.0,0.35294,0.0,3.15,
exp17i_limits_ablation,ablationtube_only__ballspeed7__limitsconfigconfigs_real_robot.yaml__noplot__servebox,"{""--ablation"": ""tube_only"", ""--ball-speed"": 7, ""--limits-config"": ""configs/real_robot.yaml"", ""--no-plot"": null, ""--serve-box"": null}",59,False,miss,0.308996,1.901195,0.108215,0.0,0.0,0.99,0.98,1.2,0.0,0.308996,0.0,1.48,
exp17i_limits_ablation,ablationtube_only__ballspeed7__limitsconfigconfigs_real_robot.yaml__noplot__servebox,"{""--ablation"": ""tube_only"", ""--ball-speed"": 7, ""--limits-config"": ""configs/real_robot.yaml"", ""--no-plot"": null, ""--serve-box"": null}",60,True,active,0.128713,1.910923,0.128713,0.0,0.0,0.99,0.99,1.6,10.0,0.128713,0.976,1.63,
exp17i_limits_ablation,ablationtube_only__ballspeed7__limitsconfigconfigs_real_robot.yaml__noplot__servebox,"{""--ablation"": ""tube_only"", ""--ball-speed"": 7, ""--limits-config"": ""configs/real_robot.yaml"", ""--no-plot"": null, ""--serve-box"": null}",57,True,active,0.093668,1.93554,0.093668,40.0,105.0,1.0,1.0,1.3,15.0,0.093668,0.969,2.41,
exp17i_limits_ablation,ablationtube_only__ballspeed7__limitsconfigconfigs_real_robot.yaml__noplot__servebox,"{""--ablation"": ""tube_only"", ""--ball-speed"": 7, ""--limits-config"": ""configs/real_robot.yaml"", ""--no-plot"": null, ""--serve-box"": null}",53,True,active,0.103263,1.942478,0.038789,0.0,0.0,1.0,0.94,1.0,25.0,0.103263,1.001,2.89,
exp17i_limits_ablation,ablationtube_only__ballspeed7__limitsconfigconfigs_real_robot.yaml__noplot__servebox,"{""--ablation"": ""tube_only"", ""--ball-speed"": 7, ""--limits-config"": ""configs/real_robot.yaml"", ""--no-plot"": null, ""--serve-box"": null}",62,True,active,0.080667,1.927876,0.080667,45.0,105.0,1.0,1.0,1.3,10.0,0.080667,0.726,1.61,
exp17i_limits_ablation,ablationtube_only__ballspeed7__limitsconfigconfigs_real_robot.yaml__noplot__servebox,"{""--ablation"": ""tube_only"", ""--ball-speed"": 7, ""--limits-config"": ""configs/real_robot.yaml"", ""--no-plot"": null, ""--serve-box"": null}",63,True,active,0.09287,1.946183,0.057811,0.0,0.0,0.99,0.99,1.1,15.0,0.09287,0.826,1.56,
exp17i_limits_ablation,ablationtube_only__ballspeed7__limitsconfigconfigs_real_robot.yaml__noplot__servebox,"{""--ablation"": ""tube_only"", ""--ball-speed"": 7, ""--limits-config"": ""configs/real_robot.yaml"", ""--no-plot"": null, ""--serve-box"": null}",52,False,miss,0.724757,1.811109,0.72525,0.0,0.0,4.32,6.56,2.5,0.0,0.724757,0.0,3.35,
exp17i_limits_ablation,ablationtube_only__ballspeed7__limitsconfigconfigs_real_robot.yaml__noplot__servebox,"{""--ablation"": ""tube_only"", ""--ball-speed"": 7, ""--limits-config"": ""configs/real_robot.yaml"", ""--no-plot"": null, ""--serve-box"": null}",65,True,active,0.098537,1.908644,0.094097,45.0,105.0,1.0,0.97,1.2,20.0,0.098537,0.993,1.63,
exp17i_limits_ablation,ablationtube_only__ballspeed7__limitsconfigconfigs_real_robot.yaml__noplot__servebox,"{""--ablation"": ""tube_only"", ""--ball-speed"": 7, ""--limits-config"": ""configs/real_robot.yaml"", ""--no-plot"": null, ""--serve-box"": null}",61,True,active,0.121417,1.926998,0.106595,55.0,105.0,0.99,0.99,1.3,15.0,0.121417,0.98,2.52,
exp17i_limits_ablation,ablationtube_only__ballspeed7__limitsconfigconfigs_real_robot.yaml__noplot__servebox,"{""--ablation"": ""tube_only"", ""--ball-speed"": 7, ""--limits-config"": ""configs/real_robot.yaml"", ""--no-plot"": null, ""--serve-box"": null}",71,False,miss,0.335795,1.921717,0.14853,0.0,0.0,0.99,0.99,1.3,0.0,0.335795,0.0,1.58,
exp17i_limits_ablation,ablationtube_only__ballspeed7__limitsconfigconfigs_real_robot.yaml__noplot__servebox,"{""--ablation"": ""tube_only"", ""--ball-speed"": 7, ""--limits-config"": ""configs/real_robot.yaml"", ""--no-plot"": null, ""--serve-box"": null}",72,True,active,0.09404,1.941204,0.09329,45.0,105.0,0.99,1.0,1.3,10.0,0.09404,0.989,1.67,
exp17i_limits_ablation,ablationtube_only__ballspeed7__limitsconfigconfigs_real_robot.yaml__noplot__servebox,"{""--ablation"": ""tube_only"", ""--ball-speed"": 7, ""--limits-config"": ""configs/real_robot.yaml"", ""--no-plot"": null, ""--serve-box"": null}",69,False,miss,0.342805,1.771037,0.317147,0.0,0.0,2.72,3.73,2.9,0.0,0.342805,0.0,2.08,
exp17i_limits_ablation,ablationtube_only__ballspeed7__limitsconfigconfigs_real_robot.yaml__noplot__servebox,"{""--ablation"": ""tube_only"", ""--ball-speed"": 7, ""--limits-config"": ""configs/real_robot.yaml"", ""--no-plot"": null, ""--serve-box"": null}",74,True,active,0.105071,1.943811,0.045988,40.0,65.0,1.0,1.0,1.4,30.0,0.105071,0.992,1.63,
exp17i_limits_ablation,ablationtube_only__ballspeed7__limitsconfigconfigs_real_robot.yaml__noplot__servebox,"{""--ablation"": ""tube_only"", ""--ball-speed"": 7, ""--limits-config"": ""configs/real_robot.yaml"", ""--no-plot"": null, ""--serve-box"": null}",76,True,active,0.103391,1.930047,0.05939,0.0,0.0,0.99,0.97,1.2,25.0,0.103391,0.99,1.56,
exp17i_limits_ablation,ablationtube_only__ballspeed7__limitsconfigconfigs_real_robot.yaml__noplot__servebox,"{""--ablation"": ""tube_only"", ""--ball-speed"": 7, ""--limits-config"": ""configs/real_robot.yaml"", ""--no-plot"": null, ""--serve-box"": null}",77,True,active,0.110964,1.926575,0.073861,0.0,0.0,1.0,0.99,1.2,20.0,0.110964,0.989,1.53,
exp17i_limits_ablation,ablationtube_only__ballspeed7__limitsconfigconfigs_real_robot.yaml__noplot__servebox,"{""--ablation"": ""tube_only"", ""--ball-speed"": 7, ""--limits-config"": ""configs/real_robot.yaml"", ""--no-plot"": null, ""--serve-box"": null}",78,True,active,0.119345,1.944726,0.099294,0.0,5.0,1.0,0.99,1.3,15.0,0.119345,0.997,1.55,
exp17i_limits_ablation,ablationtube_only__ballspeed7__limitsconfigconfigs_real_robot.yaml__noplot__servebox,"{""--ablation"": ""tube_only"", ""--ball-speed"": 7, ""--limits-config"": ""configs/real_robot.yaml"", ""--no-plot"": null, ""--serve-box"": null}",67,False,miss,0.312987,1.919549,0.143067,0.0,0.0,0.99,1.0,1.2,0.0,0.312987,0.0,2.84,
exp17i_limits_ablation,ablationtube_only__ballspeed7__limitsconfigconfigs_real_robot.yaml__noplot__servebox,"{""--ablation"": ""tube_only"", ""--ball-speed"": 7, ""--limits-config"": ""configs/real_robot.yaml"", ""--no-plot"": null, ""--serve-box"": null}",79,False,miss,0.315532,1.925819,0.116124,0.0,0.0,0.99,0.98,1.2,0.0,0.315532,0.0,1.44,
exp17i_limits_ablation,ablationtube_only__ballspeed7__limitsconfigconfigs_real_robot.yaml__noplot__servebox,"{""--ablation"": ""tube_only"", ""--ball-speed"": 7, ""--limits-config"": ""configs/real_robot.yaml"", ""--no-plot"": null, ""--serve-box"": null}",73,True,active,0.121306,1.937832,0.096124,50.0,80.0,1.0,1.0,1.1,15.0,0.121306,0.952,2.23,
exp17i_limits_ablation,ablationtube_only__ballspeed7__limitsconfigconfigs_real_robot.yaml__noplot__servebox,"{""--ablation"": ""tube_only"", ""--ball-speed"": 7, ""--limits-config"": ""configs/real_robot.yaml"", ""--no-plot"": null, ""--serve-box"": null}",75,False,miss,0.358588,1.92194,0.130084,0.0,0.0,1.0,0.99,1.5,0.0,0.358588,0.0,2.31,
exp17i_limits_ablation,ablationtube_only__ballspeed7__limitsconfigconfigs_real_robot.yaml__noplot__servebox,"{""--ablation"": ""tube_only"", ""--ball-speed"": 7, ""--limits-config"": ""configs/real_robot.yaml"", ""--no-plot"": null, ""--serve-box"": null}",68,False,miss,0.31803,1.9325,0.115841,0.0,0.0,1.0,0.95,1.3,0.0,0.31803,0.0,3.05,
exp17i_limits_ablation,ablationtube_only__ballspeed7__limitsconfigconfigs_real_robot.yaml__noplot__servebox,"{""--ablation"": ""tube_only"", ""--ball-speed"": 7, ""--limits-config"": ""configs/real_robot.yaml"", ""--no-plot"": null, ""--serve-box"": null}",66,False,miss,0.46233,1.720095,0.326974,0.0,0.0,0.46,0.47,0.4,0.0,0.46233,0.0,3.4,
exp17i_limits_ablation,ablationtube_only__ballspeed7__limitsconfigconfigs_real_robot.yaml__noplot__servebox,"{""--ablation"": ""tube_only"", ""--ball-speed"": 7, ""--limits-config"": ""configs/real_robot.yaml"", ""--no-plot"": null, ""--serve-box"": null}",64,False,miss,0.320769,1.939945,0.142069,30.0,70.0,1.01,1.0,1.2,0.0,0.320769,0.0,3.78,
exp17i_limits_ablation,ablationtube_only__ballspeed7__limitsconfigconfigs_real_robot.yaml__noplot__servebox,"{""--ablation"": ""tube_only"", ""--ball-speed"": 7, ""--limits-config"": ""configs/real_robot.yaml"", ""--no-plot"": null, ""--serve-box"": null}",81,True,active,0.135621,1.934955,0.130506,40.0,95.0,1.0,0.98,1.2,5.0,0.135621,0.78,1.59,
exp17i_limits_ablation,ablationtube_only__ballspeed7__limitsconfigconfigs_real_robot.yaml__noplot__servebox,"{""--ablation"": ""tube_only"", ""--ball-speed"": 7, ""--limits-config"": ""configs/real_robot.yaml"", ""--no-plot"": null, ""--serve-box"": null}",82,True,active,0.116391,1.937993,0.091136,45.0,105.0,1.0,0.99,1.2,20.0,0.116391,0.937,1.47,
exp17i_limits_ablation,ablationtube_only__ballspeed7__limitsconfigconfigs_real_robot.yaml__noplot__servebox,"{""--ablation"": ""tube_only"", ""--ball-speed"": 7, ""--limits-config"": ""configs/real_robot.yaml"", ""--no-plot"": null, ""--serve-box"": null}",70,False,miss,0.309334,1.942812,0.125965,35.0,85.0,1.0,0.97,1.3,0.0,0.309334,0.0,3.28,
exp17i_limits_ablation,ablationtube_only__ballspeed7__limitsconfigconfigs_real_robot.yaml__noplot__servebox,"{""--ablation"": ""tube_only"", ""--ball-speed"": 7, ""--limits-config"": ""configs/real_robot.yaml"", ""--no-plot"": null, ""--serve-box"": null}",84,True,active,0.106536,1.922049,0.075115,50.0,95.0,0.99,0.99,1.3,15.0,0.106536,0.909,1.58,
exp17i_limits_ablation,ablationtube_only__ballspeed7__limitsconfigconfigs_real_robot.yaml__noplot__servebox,"{""--ablation"": ""tube_only"", ""--ball-speed"": 7, ""--limits-config"": ""configs/real_robot.yaml"", ""--no-plot"": null, ""--serve-box"": null}",83,False,miss,0.320224,1.908564,0.208033,0.0,0.0,1.0,0.99,1.2,0.0,0.320224,0.0,1.88,
exp17i_limits_ablation,ablationtube_only__ballspeed7__limitsconfigconfigs_real_robot.yaml__noplot__servebox,"{""--ablation"": ""tube_only"", ""--ball-speed"": 7, ""--limits-config"": ""configs/real_robot.yaml"", ""--no-plot"": null, ""--serve-box"": null}",87,False,miss,1.019737,1.734801,0.833304,0.0,0.0,5.96,4.6,8.6,0.0,1.019737,0.0,1.69,
exp17i_limits_ablation,ablationtube_only__ballspeed7__limitsconfigconfigs_real_robot.yaml__noplot__servebox,"{""--ablation"": ""tube_only"", ""--ball-speed"": 7, ""--limits-config"": ""configs/real_robot.yaml"", ""--no-plot"": null, ""--serve-box"": null}",89,False,miss,0.345073,1.895123,0.284324,0.0,0.0,1.0,1.0,0.9,0.0,0.345073,0.0,1.73,
exp17i_limits_ablation,ablationtube_only__ballspeed7__limitsconfigconfigs_real_robot.yaml__noplot__servebox,"{""--ablation"": ""tube_only"", ""--ball-speed"": 7, ""--limits-config"": ""configs/real_robot.yaml"", ""--no-plot"": null, ""--serve-box"": null}",96,False,miss,0.293464,1.891908,0.159061,25.0,0.0,1.0,0.99,1.1,0.0,0.293464,0.0,1.52,
exp17i_limits_ablation,ablationtube_only__ballspeed7__limitsconfigconfigs_real_robot.yaml__noplot__servebox,"{""--ablation"": ""tube_only"", ""--ball-speed"": 7, ""--limits-config"": ""configs/real_robot.yaml"", ""--no-plot"": null, ""--serve-box"": null}",91,True,active,0.110973,1.971295,0.096605,45.0,105.0,1.0,0.99,1.3,25.0,0.110973,0.966,1.97,
exp17i_limits_ablation,ablationtube_only__ballspeed7__limitsconfigconfigs_real_robot.yaml__noplot__servebox,"{""--ablation"": ""tube_only"", ""--ball-speed"": 7, ""--limits-config"": ""configs/real_robot.yaml"", ""--no-plot"": null, ""--serve-box"": null}",93,True,active,0.112134,1.935458,0.096142,50.0,105.0,0.99,0.99,1.3,20.0,0.112134,0.946,1.8,
exp17i_limits_ablation,ablationtube_only__ballspeed7__limitsconfigconfigs_real_robot.yaml__noplot__servebox,"{""--ablation"": ""tube_only"", ""--ball-speed"": 7, ""--limits-config"": ""configs/real_robot.yaml"", ""--no-plot"": null, ""--serve-box"": null}",97,False,miss,0.333993,1.918619,0.133383,35.0,90.0,1.0,0.99,1.1,0.0,0.333993,0.0,1.49,
exp17i_limits_ablation,ablationtube_only__ballspeed7__limitsconfigconfigs_real_robot.yaml__noplot__servebox,"{""--ablation"": ""tube_only"", ""--ball-speed"": 7, ""--limits-config"": ""configs/real_robot.yaml"", ""--no-plot"": null, ""--serve-box"": null}",80,False,miss,0.397947,1.959635,0.164191,20.0,0.0,1.0,0.97,1.1,0.0,0.397947,0.0,3.62,
exp17i_limits_ablation,ablationtube_only__ballspeed7__limitsconfigconfigs_real_robot.yaml__noplot__servebox,"{""--ablation"": ""tube_only"", ""--ball-speed"": 7, ""--limits-config"": ""configs/real_robot.yaml"", ""--no-plot"": null, ""--serve-box"": null}",86,True,active,0.091561,1.930626,0.039035,0.0,0.0,1.0,0.98,1.1,20.0,0.091561,0.939,2.62,
exp17i_limits_ablation,ablationtube_only__ballspeed7__limitsconfigconfigs_real_robot.yaml__noplot__servebox,"{""--ablation"": ""tube_only"", ""--ball-speed"": 7, ""--limits-config"": ""configs/real_robot.yaml"", ""--no-plot"": null, ""--serve-box"": null}",94,True,active,0.104492,1.933163,0.073913,10.0,40.0,0.98,1.0,1.1,15.0,0.104492,0.911,1.87,
exp17i_limits_ablation,ablationtube_only__ballspeed7__limitsconfigconfigs_real_robot.yaml__noplot__servebox,"{""--ablation"": ""tube_only"", ""--ball-speed"": 7, ""--limits-config"": ""configs/real_robot.yaml"", ""--no-plot"": null, ""--serve-box"": null}",98,False,miss,0.261862,1.908854,0.13707,0.0,0.0,0.91,1.0,0.9,0.0,0.261862,0.0,1.55,
exp17i_limits_ablation,ablationtube_only__ballspeed7__limitsconfigconfigs_real_robot.yaml__noplot__servebox,"{""--ablation"": ""tube_only"", ""--ball-speed"": 7, ""--limits-config"": ""configs/real_robot.yaml"", ""--no-plot"": null, ""--serve-box"": null}",85,True,active,0.117071,1.914488,0.093135,0.0,0.0,0.99,0.98,1.4,20.0,0.117071,0.929,3.05,
exp17i_limits_ablation,ablationtube_only__ballspeed7__limitsconfigconfigs_real_robot.yaml__noplot__servebox,"{""--ablation"": ""tube_only"", ""--ball-speed"": 7, ""--limits-config"": ""configs/real_robot.yaml"", ""--no-plot"": null, ""--serve-box"": null}",90,False,miss,0.328721,1.955781,0.188115,0.0,0.0,1.0,0.96,1.3,0.0,0.328721,0.0,2.94,
exp17i_limits_ablation,ablationtube_only__ballspeed7__limitsconfigconfigs_real_robot.yaml__noplot__servebox,"{""--ablation"": ""tube_only"", ""--ball-speed"": 7, ""--limits-config"": ""configs/real_robot.yaml"", ""--no-plot"": null, ""--serve-box"": null}",100,False,miss,0.319215,1.941273,0.152631,30.0,20.0,1.01,1.0,1.4,0.0,0.319215,0.0,1.55,
exp17i_limits_ablation,ablationtube_only__ballspeed7__limitsconfigconfigs_real_robot.yaml__noplot__servebox,"{""--ablation"": ""tube_only"", ""--ball-speed"": 7, ""--limits-config"": ""configs/real_robot.yaml"", ""--no-plot"": null, ""--serve-box"": null}",99,False,miss,0.370981,1.829737,0.313587,0.0,0.0,1.2,0.96,1.2,0.0,0.370981,0.0,1.91,
exp17i_limits_ablation,ablationtube_only__ballspeed7__limitsconfigconfigs_real_robot.yaml__noplot__servebox,"{""--ablation"": ""tube_only"", ""--ball-speed"": 7, ""--limits-config"": ""configs/real_robot.yaml"", ""--no-plot"": null, ""--serve-box"": null}",92,True,active,0.104783,1.939226,0.07189,50.0,90.0,1.0,0.99,1.2,20.0,0.104783,0.986,2.95,
exp17i_limits_ablation,ablationtube_only__ballspeed7__limitsconfigconfigs_real_robot.yaml__noplot__servebox,"{""--ablation"": ""tube_only"", ""--ball-speed"": 7, ""--limits-config"": ""configs/real_robot.yaml"", ""--no-plot"": null, ""--serve-box"": null}",101,False,miss,0.388824,1.91324,0.188136,0.0,0.0,0.99,0.98,1.4,0.0,0.388824,0.0,1.79,
exp17i_limits_ablation,ablationtube_only__ballspeed7__limitsconfigconfigs_real_robot.yaml__noplot__servebox,"{""--ablation"": ""tube_only"", ""--ball-speed"": 7, ""--limits-config"": ""configs/real_robot.yaml"", ""--no-plot"": null, ""--serve-box"": null}",88,True,active,0.083241,1.947963,0.064217,55.0,105.0,1.0,0.98,1.4,15.0,0.083241,0.916,3.79,
exp17i_limits_ablation,ablationtube_only__ballspeed7__limitsconfigconfigs_real_robot.yaml__noplot__servebox,"{""--ablation"": ""tube_only"", ""--ball-speed"": 7, ""--limits-config"": ""configs/real_robot.yaml"", ""--no-plot"": null, ""--serve-box"": null}",95,True,active,0.10364,1.965864,0.036832,0.0,0.0,1.0,0.99,1.0,20.0,0.10364,0.99,3.09,
exp17i_limits_ablation,ablationtube_only__ballspeed7__limitsconfigconfigs_real_robot.yaml__noplot__servebox,"{""--ablation"": ""tube_only"", ""--ball-speed"": 7, ""--limits-config"": ""configs/real_robot.yaml"", ""--no-plot"": null, ""--serve-box"": null}",103,False,miss,0.883796,1.678389,0.707916,0.0,0.0,4.31,3.19,6.2,0.0,0.883796,0.0,1.72,
exp17i_limits_ablation,ablationtube_only__ballspeed7__limitsconfigconfigs_real_robot.yaml__noplot__servebox,"{""--ablation"": ""tube_only"", ""--ball-speed"": 7, ""--limits-config"": ""configs/real_robot.yaml"", ""--no-plot"": null, ""--serve-box"": null}",106,True,active,0.099028,1.934829,0.076456,0.0,0.0,0.97,0.99,1.0,15.0,0.099028,0.764,1.56,
exp17i_limits_ablation,ablationtube_only__ballspeed7__limitsconfigconfigs_real_robot.yaml__noplot__servebox,"{""--ablation"": ""tube_only"", ""--ball-speed"": 7, ""--limits-config"": ""configs/real_robot.yaml"", ""--no-plot"": null, ""--serve-box"": null}",105,True,active,0.047777,2.000361,0.043606,45.0,105.0,1.0,1.0,1.1,15.0,0.047777,0.936,1.78,
exp17i_limits_ablation,ablationtube_only__ballspeed7__limitsconfigconfigs_real_robot.yaml__noplot__servebox,"{""--ablation"": ""tube_only"", ""--ball-speed"": 7, ""--limits-config"": ""configs/real_robot.yaml"", ""--no-plot"": null, ""--serve-box"": null}",109,True,active,0.076386,1.959486,0.069532,45.0,105.0,1.0,1.0,1.2,10.0,0.076386,0.991,1.66,
exp17i_limits_ablation,ablationtube_only__ballspeed7__limitsconfigconfigs_real_robot.yaml__noplot__servebox,"{""--ablation"": ""tube_only"", ""--ball-speed"": 7, ""--limits-config"": ""configs/real_robot.yaml"", ""--no-plot"": null, ""--serve-box"": null}",107,True,active,0.118779,1.937117,0.074521,60.0,100.0,1.01,1.0,1.2,20.0,0.118779,0.937,1.82,
exp17i_limits_ablation,ablationtube_only__ballspeed7__limitsconfigconfigs_real_robot.yaml__noplot__servebox,"{""--ablation"": ""tube_only"", ""--ball-speed"": 7, ""--limits-config"": ""configs/real_robot.yaml"", ""--no-plot"": null, ""--serve-box"": null}",112,False,miss,0.290586,1.904984,0.120571,0.0,0.0,0.96,0.99,1.0,0.0,0.290586,0.0,1.48,
exp17i_limits_ablation,ablationtube_only__ballspeed7__limitsconfigconfigs_real_robot.yaml__noplot__servebox,"{""--ablation"": ""tube_only"", ""--ball-speed"": 7, ""--limits-config"": ""configs/real_robot.yaml"", ""--no-plot"": null, ""--serve-box"": null}",113,True,active,0.069726,1.965876,0.008066,0.0,0.0,1.0,1.0,1.1,20.0,0.069726,0.999,1.49,
exp17i_limits_ablation,ablationtube_only__ballspeed7__limitsconfigconfigs_real_robot.yaml__noplot__servebox,"{""--ablation"": ""tube_only"", ""--ball-speed"": 7, ""--limits-config"": ""configs/real_robot.yaml"", ""--no-plot"": null, ""--serve-box"": null}",102,True,active,0.102424,1.958668,0.101106,50.0,105.0,1.0,1.0,1.4,15.0,0.102424,0.977,2.88,
exp17i_limits_ablation,ablationtube_only__ballspeed7__limitsconfigconfigs_real_robot.yaml__noplot__servebox,"{""--ablation"": ""tube_only"", ""--ball-speed"": 7, ""--limits-config"": ""configs/real_robot.yaml"", ""--no-plot"": null, ""--serve-box"": null}",117,True,active,0.086049,1.909912,0.013588,0.0,10.0,1.0,0.99,1.4,10.0,0.086049,0.982,1.49,
exp17i_limits_ablation,ablationtube_only__ballspeed7__limitsconfigconfigs_real_robot.yaml__noplot__servebox,"{""--ablation"": ""tube_only"", ""--ball-speed"": 7, ""--limits-config"": ""configs/real_robot.yaml"", ""--no-plot"": null, ""--serve-box"": null}",116,True,active,0.10317,1.917984,0.098038,45.0,105.0,0.98,1.0,1.1,15.0,0.10317,0.762,1.65,
exp17i_limits_ablation,ablationtube_only__ballspeed7__limitsconfigconfigs_real_robot.yaml__noplot__servebox,"{""--ablation"": ""tube_only"", ""--ball-speed"": 7, ""--limits-config"": ""configs/real_robot.yaml"", ""--no-plot"": null, ""--serve-box"": null}",104,True,active,0.110741,1.939763,0.088672,55.0,105.0,1.0,1.0,1.3,15.0,0.110741,0.932,3.19,
exp17i_limits_ablation,ablationtube_only__ballspeed7__limitsconfigconfigs_real_robot.yaml__noplot__servebox,"{""--ablation"": ""tube_only"", ""--ball-speed"": 7, ""--limits-config"": ""configs/real_robot.yaml"", ""--no-plot"": null, ""--serve-box"": null}",119,False,miss,0.291853,1.936082,0.123479,0.0,0.0,0.96,1.0,1.0,0.0,0.291853,0.0,1.45,
exp17i_limits_ablation,ablationtube_only__ballspeed7__limitsconfigconfigs_real_robot.yaml__noplot__servebox,"{""--ablation"": ""tube_only"", ""--ball-speed"": 7, ""--limits-config"": ""configs/real_robot.yaml"", ""--no-plot"": null, ""--serve-box"": null}",108,True,active,0.07545,1.931123,0.071539,55.0,105.0,1.0,0.98,1.2,5.0,0.07545,0.643,3.14,
exp17i_limits_ablation,ablationtube_only__ballspeed7__limitsconfigconfigs_real_robot.yaml__noplot__servebox,"{""--ablation"": ""tube_only"", ""--ball-speed"": 7, ""--limits-config"": ""configs/real_robot.yaml"", ""--no-plot"": null, ""--serve-box"": null}",122,True,active,0.130283,1.930236,0.129949,40.0,105.0,1.0,0.99,1.3,5.0,0.130283,0.833,1.68,
exp17i_limits_ablation,ablationtube_only__ballspeed7__limitsconfigconfigs_real_robot.yaml__noplot__servebox,"{""--ablation"": ""tube_only"", ""--ball-speed"": 7, ""--limits-config"": ""configs/real_robot.yaml"", ""--no-plot"": null, ""--serve-box"": null}",120,False,miss,0.456752,1.72397,0.353896,0.0,0.0,0.39,0.41,0.2,0.0,0.456752,0.0,1.94,
exp17i_limits_ablation,ablationtube_only__ballspeed7__limitsconfigconfigs_real_robot.yaml__noplot__servebox,"{""--ablation"": ""tube_only"", ""--ball-speed"": 7, ""--limits-config"": ""configs/real_robot.yaml"", ""--no-plot"": null, ""--serve-box"": null}",111,False,miss,0.368014,1.899916,0.180854,0.0,0.0,0.99,1.0,1.6,0.0,0.368014,0.0,3.09,
exp17i_limits_ablation,ablationtube_only__ballspeed7__limitsconfigconfigs_real_robot.yaml__noplot__servebox,"{""--ablation"": ""tube_only"", ""--ball-speed"": 7, ""--limits-config"": ""configs/real_robot.yaml"", ""--no-plot"": null, ""--serve-box"": null}",110,True,active,0.117118,1.92209,0.102218,0.0,10.0,1.0,0.99,1.3,20.0,0.117118,0.985,3.18,
exp17i_limits_ablation,ablationtube_only__ballspeed7__limitsconfigconfigs_real_robot.yaml__noplot__servebox,"{""--ablation"": ""tube_only"", ""--ball-speed"": 7, ""--limits-config"": ""configs/real_robot.yaml"", ""--no-plot"": null, ""--serve-box"": null}",121,False,miss,0.413027,1.86276,0.354982,0.0,0.0,1.0,0.99,1.1,0.0,0.413027,0.0,1.85,
exp17i_limits_ablation,ablationtube_only__ballspeed7__limitsconfigconfigs_real_robot.yaml__noplot__servebox,"{""--ablation"": ""tube_only"", ""--ball-speed"": 7, ""--limits-config"": ""configs/real_robot.yaml"", ""--no-plot"": null, ""--serve-box"": null}",123,False,miss,0.312255,1.928189,0.117524,0.0,0.0,0.99,0.99,1.1,0.0,0.312255,0.0,1.59,
exp17i_limits_ablation,ablationtube_only__ballspeed7__limitsconfigconfigs_real_robot.yaml__noplot__servebox,"{""--ablation"": ""tube_only"", ""--ball-speed"": 7, ""--limits-config"": ""configs/real_robot.yaml"", ""--no-plot"": null, ""--serve-box"": null}",114,False,miss,0.317128,1.903665,0.153812,0.0,0.0,0.92,1.0,1.4,0.0,0.317128,0.0,2.99,
exp17i_limits_ablation,ablationtube_only__ballspeed7__limitsconfigconfigs_real_robot.yaml__noplot__servebox,"{""--ablation"": ""tube_only"", ""--ball-speed"": 7, ""--limits-config"": ""configs/real_robot.yaml"", ""--no-plot"": null, ""--serve-box"": null}",118,False,miss,0.375004,1.826147,0.316085,0.0,0.0,0.97,0.94,0.9,0.0,0.375004,0.0,2.75,
exp17i_limits_ablation,ablationtube_only__ballspeed7__limitsconfigconfigs_real_robot.yaml__noplot__servebox,"{""--ablation"": ""tube_only"", ""--ball-speed"": 7, ""--limits-config"": ""configs/real_robot.yaml"", ""--no-plot"": null, ""--serve-box"": null}",124,True,active,0.089313,1.923281,0.089042,55.0,105.0,0.99,1.0,1.3,5.0,0.089313,0.395,2.09,
exp17i_limits_ablation,ablationtube_only__ballspeed7__limitsconfigconfigs_real_robot.yaml__noplot__servebox,"{""--ablation"": ""tube_only"", ""--ball-speed"": 7, ""--limits-config"": ""configs/real_robot.yaml"", ""--no-plot"": null, ""--serve-box"": null}",126,True,active,0.077783,1.93172,0.031501,0.0,0.0,1.0,0.98,1.2,20.0,0.077783,0.957,1.62,
exp17i_limits_ablation,ablationtube_only__ballspeed7__limitsconfigconfigs_real_robot.yaml__noplot__servebox,"{""--ablation"": ""tube_only"", ""--ball-speed"": 7, ""--limits-config"": ""configs/real_robot.yaml"", ""--no-plot"": null, ""--serve-box"": null}",127,True,active,0.111621,1.947998,0.079245,55.0,90.0,0.99,1.0,1.0,15.0,0.111621,0.904,1.6,
exp17i_limits_ablation,ablationtube_only__ballspeed7__limitsconfigconfigs_real_robot.yaml__noplot__servebox,"{""--ablation"": ""tube_only"", ""--ball-speed"": 7, ""--limits-config"": ""configs/real_robot.yaml"", ""--no-plot"": null, ""--serve-box"": null}",115,False,miss,0.398436,1.907813,0.287722,0.0,0.0,7.55,6.36,8.4,0.0,0.398436,0.0,3.6,
exp17i_limits_ablation,ablationtube_only__ballspeed7__limitsconfigconfigs_real_robot.yaml__noplot__servebox,"{""--ablation"": ""tube_only"", ""--ball-speed"": 7, ""--limits-config"": ""configs/real_robot.yaml"", ""--no-plot"": null, ""--serve-box"": null}",128,True,active,0.105204,1.925533,0.078426,45.0,105.0,1.0,0.99,1.5,20.0,0.105204,0.995,1.69,
exp17i_limits_ablation,ablationtube_only__ballspeed7__limitsconfigconfigs_real_robot.yaml__noplot__servebox,"{""--ablation"": ""tube_only"", ""--ball-speed"": 7, ""--limits-config"": ""configs/real_robot.yaml"", ""--no-plot"": null, ""--serve-box"": null}",129,False,miss,0.346063,1.921722,0.193049,0.0,0.0,1.0,1.0,1.1,0.0,0.346063,0.0,1.79,
exp17i_limits_ablation,ablationtube_only__ballspeed7__limitsconfigconfigs_real_robot.yaml__noplot__servebox,"{""--ablation"": ""tube_only"", ""--ball-speed"": 7, ""--limits-config"": ""configs/real_robot.yaml"", ""--no-plot"": null, ""--serve-box"": null}",130,True,active,0.121307,1.9104,0.09553,55.0,90.0,1.0,1.0,1.4,5.0,0.121307,0.817,1.59,
exp17i_limits_ablation,ablationtube_only__ballspeed7__limitsconfigconfigs_real_robot.yaml__noplot__servebox,"{""--ablation"": ""tube_only"", ""--ball-speed"": 7, ""--limits-config"": ""configs/real_robot.yaml"", ""--no-plot"": null, ""--serve-box"": null}",133,True,active,0.141187,1.943515,0.135458,45.0,105.0,0.97,1.0,1.1,10.0,0.141187,0.726,1.76,
exp17i_limits_ablation,ablationtube_only__ballspeed7__limitsconfigconfigs_real_robot.yaml__noplot__servebox,"{""--ablation"": ""tube_only"", ""--ball-speed"": 7, ""--limits-config"": ""configs/real_robot.yaml"", ""--no-plot"": null, ""--serve-box"": null}",137,True,active,0.112346,1.915343,0.09271,0.0,0.0,1.0,0.99,1.2,10.0,0.112346,0.924,1.65,
exp17i_limits_ablation,ablationtube_only__ballspeed7__limitsconfigconfigs_real_robot.yaml__noplot__servebox,"{""--ablation"": ""tube_only"", ""--ball-speed"": 7, ""--limits-config"": ""configs/real_robot.yaml"", ""--no-plot"": null, ""--serve-box"": null}",138,True,active,0.123415,1.927648,0.110237,0.0,0.0,0.95,1.0,1.0,15.0,0.123415,0.946,1.47,
exp17i_limits_ablation,ablationtube_only__ballspeed7__limitsconfigconfigs_real_robot.yaml__noplot__servebox,"{""--ablation"": ""tube_only"", ""--ball-speed"": 7, ""--limits-config"": ""configs/real_robot.yaml"", ""--no-plot"": null, ""--serve-box"": null}",125,True,active,0.101405,1.943271,0.084415,50.0,105.0,0.98,0.98,1.1,15.0,0.101405,0.801,3.13,
exp17i_limits_ablation,ablationtube_only__ballspeed7__limitsconfigconfigs_real_robot.yaml__noplot__servebox,"{""--ablation"": ""tube_only"", ""--ball-speed"": 7, ""--limits-config"": ""configs/real_robot.yaml"", ""--no-plot"": null, ""--serve-box"": null}",136,False,miss,0.786513,1.782689,0.779494,0.0,0.0,2.42,6.79,4.3,0.0,0.786513,0.0,2.14,
exp17i_limits_ablation,ablationtube_only__ballspeed7__limitsconfigconfigs_real_robot.yaml__noplot__servebox,"{""--ablation"": ""tube_only"", ""--ball-speed"": 7, ""--limits-config"": ""configs/real_robot.yaml"", ""--no-plot"": null, ""--serve-box"": null}",139,True,active,0.138914,1.939513,0.130674,45.0,75.0,1.0,0.99,1.3,20.0,0.138914,0.927,1.56,
exp17i_limits_ablation,ablationtube_only__ballspeed7__limitsconfigconfigs_real_robot.yaml__noplot__servebox,"{""--ablation"": ""tube_only"", ""--ball-speed"": 7, ""--limits-config"": ""configs/real_robot.yaml"", ""--no-plot"": null, ""--serve-box"": null}",140,False,miss,0.328389,1.934503,0.130174,0.0,0.0,0.99,1.0,1.3,0.0,0.328389,0.0,1.64,
exp17i_limits_ablation,ablationtube_only__ballspeed7__limitsconfigconfigs_real_robot.yaml__noplot__servebox,"{""--ablation"": ""tube_only"", ""--ball-speed"": 7, ""--limits-config"": ""configs/real_robot.yaml"", ""--no-plot"": null, ""--serve-box"": null}",141,True,active,0.089154,1.914355,0.082766,55.0,105.0,1.0,0.99,0.7,10.0,0.089154,0.413,1.67,
exp17i_limits_ablation,ablationtube_only__ballspeed7__limitsconfigconfigs_real_robot.yaml__noplot__servebox,"{""--ablation"": ""tube_only"", ""--ball-speed"": 7, ""--limits-config"": ""configs/real_robot.yaml"", ""--no-plot"": null, ""--serve-box"": null}",142,False,miss,0.288946,1.935187,0.11999,35.0,105.0,1.0,1.0,0.9,0.0,0.288946,0.0,1.72,
exp17i_limits_ablation,ablationtube_only__ballspeed7__limitsconfigconfigs_real_robot.yaml__noplot__servebox,"{""--ablation"": ""tube_only"", ""--ball-speed"": 7, ""--limits-config"": ""configs/real_robot.yaml"", ""--no-plot"": null, ""--serve-box"": null}",145,True,active,0.112634,1.928428,0.09123,0.0,0.0,0.99,0.99,1.3,20.0,0.112634,0.927,1.75,
exp17i_limits_ablation,ablationtube_only__ballspeed7__limitsconfigconfigs_real_robot.yaml__noplot__servebox,"{""--ablation"": ""tube_only"", ""--ball-speed"": 7, ""--limits-config"": ""configs/real_robot.yaml"", ""--no-plot"": null, ""--serve-box"": null}",132,True,active,0.092421,1.948701,0.092384,50.0,105.0,1.0,1.0,1.3,5.0,0.092421,0.668,3.05,
exp17i_limits_ablation,ablationtube_only__ballspeed7__limitsconfigconfigs_real_robot.yaml__noplot__servebox,"{""--ablation"": ""tube_only"", ""--ball-speed"": 7, ""--limits-config"": ""configs/real_robot.yaml"", ""--no-plot"": null, ""--serve-box"": null}",131,True,active,0.120738,1.942734,0.110032,50.0,105.0,0.99,1.0,1.1,10.0,0.120738,0.879,3.13,
exp17i_limits_ablation,ablationtube_only__ballspeed7__limitsconfigconfigs_real_robot.yaml__noplot__servebox,"{""--ablation"": ""tube_only"", ""--ball-speed"": 7, ""--limits-config"": ""configs/real_robot.yaml"", ""--no-plot"": null, ""--serve-box"": null}",135,False,miss,0.31982,1.917574,0.135133,35.0,80.0,1.0,1.0,1.2,0.0,0.31982,0.0,3.2,
exp17i_limits_ablation,ablationtube_only__ballspeed7__limitsconfigconfigs_real_robot.yaml__noplot__servebox,"{""--ablation"": ""tube_only"", ""--ball-speed"": 7, ""--limits-config"": ""configs/real_robot.yaml"", ""--no-plot"": null, ""--serve-box"": null}",134,True,active,0.098522,1.936086,0.065504,0.0,0.0,1.0,0.98,1.4,20.0,0.098522,0.99,3.36,
exp17i_limits_ablation,ablationtube_only__ballspeed7__limitsconfigconfigs_real_robot.yaml__noplot__servebox,"{""--ablation"": ""tube_only"", ""--ball-speed"": 7, ""--limits-config"": ""configs/real_robot.yaml"", ""--no-plot"": null, ""--serve-box"": null}",149,False,miss,0.350445,1.924451,0.162476,25.0,0.0,0.98,0.99,1.6,0.0,0.350445,0.0,1.66,
exp17i_limits_ablation,ablationtube_only__ballspeed7__limitsconfigconfigs_real_robot.yaml__noplot__servebox,"{""--ablation"": ""tube_only"", ""--ball-speed"": 7, ""--limits-config"": ""configs/real_robot.yaml"", ""--no-plot"": null, ""--serve-box"": null}",150,False,miss,0.313474,1.927982,0.157038,25.0,0.0,1.0,1.0,1.1,0.0,0.313474,0.0,1.55,
exp17i_limits_ablation,ablationtube_only__ballspeed7__limitsconfigconfigs_real_robot.yaml__noplot__servebox,"{""--ablation"": ""tube_only"", ""--ball-speed"": 7, ""--limits-config"": ""configs/real_robot.yaml"", ""--no-plot"": null, ""--serve-box"": null}",148,False,miss,0.468707,1.686317,0.358045,0.0,0.0,1.0,0.59,0.7,0.0,0.468707,0.0,1.86,
exp17i_limits_ablation,ablationtube_only__ballspeed7__limitsconfigconfigs_real_robot.yaml__noplot__servebox,"{""--ablation"": ""tube_only"", ""--ball-speed"": 7, ""--limits-config"": ""configs/real_robot.yaml"", ""--no-plot"": null, ""--serve-box"": null}",147,True,active,0.12537,1.943262,0.082683,65.0,105.0,1.0,1.0,1.3,5.0,0.12537,0.792,2.18,
exp17i_limits_ablation,ablationtube_only__ballspeed7__limitsconfigconfigs_real_robot.yaml__noplot__servebox,"{""--ablation"": ""tube_only"", ""--ball-speed"": 7, ""--limits-config"": ""configs/real_robot.yaml"", ""--no-plot"": null, ""--serve-box"": null}",151,False,miss,0.345844,1.936117,0.217808,0.0,0.0,1.01,0.99,1.0,0.0,0.345844,0.0,1.79,
exp17i_limits_ablation,ablationtube_only__ballspeed7__limitsconfigconfigs_real_robot.yaml__noplot__servebox,"{""--ablation"": ""tube_only"", ""--ball-speed"": 7, ""--limits-config"": ""configs/real_robot.yaml"", ""--no-plot"": null, ""--serve-box"": null}",152,True,active,0.102598,1.959129,0.09423,45.0,105.0,0.97,1.0,1.1,10.0,0.102598,0.852,1.66,
exp17i_limits_ablation,ablationtube_only__ballspeed7__limitsconfigconfigs_real_robot.yaml__noplot__servebox,"{""--ablation"": ""tube_only"", ""--ball-speed"": 7, ""--limits-config"": ""configs/real_robot.yaml"", ""--no-plot"": null, ""--serve-box"": null}",143,False,miss,0.314914,1.942287,0.160213,25.0,0.0,0.99,1.0,1.4,0.0,0.314914,0.0,3.3,
exp17i_limits_ablation,ablationtube_only__ballspeed7__limitsconfigconfigs_real_robot.yaml__noplot__servebox,"{""--ablation"": ""tube_only"", ""--ball-speed"": 7, ""--limits-config"": ""configs/real_robot.yaml"", ""--no-plot"": null, ""--serve-box"": null}",144,True,active,0.100476,1.951233,0.068743,60.0,105.0,1.0,1.0,1.2,10.0,0.100476,0.972,3.2,
exp17i_limits_ablation,ablationtube_only__ballspeed7__limitsconfigconfigs_real_robot.yaml__noplot__servebox,"{""--ablation"": ""tube_only"", ""--ball-speed"": 7, ""--limits-config"": ""configs/real_robot.yaml"", ""--no-plot"": null, ""--serve-box"": null}",155,True,active,0.077858,1.973821,0.066207,45.0,85.0,1.0,1.0,1.1,20.0,0.077858,0.937,1.56,
exp17i_limits_ablation,ablationtube_only__ballspeed7__limitsconfigconfigs_real_robot.yaml__noplot__servebox,"{""--ablation"": ""tube_only"", ""--ball-speed"": 7, ""--limits-config"": ""configs/real_robot.yaml"", ""--no-plot"": null, ""--serve-box"": null}",157,False,miss,0.325767,1.897684,0.201092,0.0,0.0,2.13,1.33,1.9,0.0,0.325767,0.0,1.55,
exp17i_limits_ablation,ablationtube_only__ballspeed7__limitsconfigconfigs_real_robot.yaml__noplot__servebox,"{""--ablation"": ""tube_only"", ""--ball-speed"": 7, ""--limits-config"": ""configs/real_robot.yaml"", ""--no-plot"": null, ""--serve-box"": null}",146,False,miss,0.336949,1.938112,0.130898,0.0,0.0,0.97,1.0,1.5,0.0,0.336949,0.0,3.4,
exp17i_limits_ablation,ablationtube_only__ballspeed7__limitsconfigconfigs_real_robot.yaml__noplot__servebox,"{""--ablation"": ""tube_only"", ""--ball-speed"": 7, ""--limits-config"": ""configs/real_robot.yaml"", ""--no-plot"": null, ""--serve-box"": null}",153,False,miss,0.539732,1.705433,0.4251,0.0,0.0,1.9,0.98,1.5,0.0,0.539732,0.0,2.59,
exp17i_limits_ablation,ablationtube_only__ballspeed7__limitsconfigconfigs_real_robot.yaml__noplot__servebox,"{""--ablation"": ""tube_only"", ""--ball-speed"": 7, ""--limits-config"": ""configs/real_robot.yaml"", ""--no-plot"": null, ""--serve-box"": null}",159,False,miss,0.427513,1.833615,0.369545,0.0,0.0,1.0,0.99,1.0,0.0,0.427513,0.0,1.89,
exp17i_limits_ablation,ablationtube_only__ballspeed7__limitsconfigconfigs_real_robot.yaml__noplot__servebox,"{""--ablation"": ""tube_only"", ""--ball-speed"": 7, ""--limits-config"": ""configs/real_robot.yaml"", ""--no-plot"": null, ""--serve-box"": null}",158,True,active,0.094865,1.934233,0.06794,50.0,105.0,1.0,0.96,1.1,15.0,0.094865,0.991,2.04,
exp17i_limits_ablation,ablationtube_only__ballspeed7__limitsconfigconfigs_real_robot.yaml__noplot__servebox,"{""--ablation"": ""tube_only"", ""--ball-speed"": 7, ""--limits-config"": ""configs/real_robot.yaml"", ""--no-plot"": null, ""--serve-box"": null}",161,True,active,0.073307,1.95163,0.073307,40.0,105.0,1.01,1.0,1.0,15.0,0.073307,0.972,1.67,
exp17i_limits_ablation,ablationtube_only__ballspeed7__limitsconfigconfigs_real_robot.yaml__noplot__servebox,"{""--ablation"": ""tube_only"", ""--ball-speed"": 7, ""--limits-config"": ""configs/real_robot.yaml"", ""--no-plot"": null, ""--serve-box"": null}",163,True,active,0.091627,1.933819,0.089082,45.0,105.0,1.0,1.0,1.1,15.0,0.091627,0.936,1.51,
exp17i_limits_ablation,ablationtube_only__ballspeed7__limitsconfigconfigs_real_robot.yaml__noplot__servebox,"{""--ablation"": ""tube_only"", ""--ball-speed"": 7, ""--limits-config"": ""configs/real_robot.yaml"", ""--no-plot"": null, ""--serve-box"": null}",164,False,miss,0.307712,1.91756,0.097032,0.0,0.0,0.98,0.98,1.2,0.0,0.307712,0.0,1.67,
exp17i_limits_ablation,ablationtube_only__ballspeed7__limitsconfigconfigs_real_robot.yaml__noplot__servebox,"{""--ablation"": ""tube_only"", ""--ball-speed"": 7, ""--limits-config"": ""configs/real_robot.yaml"", ""--no-plot"": null, ""--serve-box"": null}",167,True,active,0.072763,1.95502,0.049675,0.0,0.0,0.99,1.0,1.0,20.0,0.072763,0.952,1.43,
exp17i_limits_ablation,ablationtube_only__ballspeed7__limitsconfigconfigs_real_robot.yaml__noplot__servebox,"{""--ablation"": ""tube_only"", ""--ball-speed"": 7, ""--limits-config"": ""configs/real_robot.yaml"", ""--no-plot"": null, ""--serve-box"": null}",154,False,miss,0.583433,1.731296,0.448475,0.0,0.0,0.49,0.44,0.4,0.0,0.583433,0.0,3.11,
exp17i_limits_ablation,ablationtube_only__ballspeed7__limitsconfigconfigs_real_robot.yaml__noplot__servebox,"{""--ablation"": ""tube_only"", ""--ball-speed"": 7, ""--limits-config"": ""configs/real_robot.yaml"", ""--no-plot"": null, ""--serve-box"": null}",165,False,miss,0.334802,1.906169,0.201558,0.0,0.0,1.99,0.98,1.7,0.0,0.334802,0.0,1.97,
exp17i_limits_ablation,ablationtube_only__ballspeed7__limitsconfigconfigs_real_robot.yaml__noplot__servebox,"{""--ablation"": ""tube_only"", ""--ball-speed"": 7, ""--limits-config"": ""configs/real_robot.yaml"", ""--no-plot"": null, ""--serve-box"": null}",156,False,miss,0.323631,1.922848,0.151167,0.0,0.0,0.9,0.99,1.3,0.0,0.323631,0.0,3.14,
exp17i_limits_ablation,ablationtube_only__ballspeed7__limitsconfigconfigs_real_robot.yaml__noplot__servebox,"{""--ablation"": ""tube_only"", ""--ball-speed"": 7, ""--limits-config"": ""configs/real_robot.yaml"", ""--no-plot"": null, ""--serve-box"": null}",168,False,miss,0.315609,1.899999,0.152688,0.0,0.0,0.98,0.97,1.3,0.0,0.315609,0.0,1.66,
exp17i_limits_ablation,ablationtube_only__ballspeed7__limitsconfigconfigs_real_robot.yaml__noplot__servebox,"{""--ablation"": ""tube_only"", ""--ball-speed"": 7, ""--limits-config"": ""configs/real_robot.yaml"", ""--no-plot"": null, ""--serve-box"": null}",166,False,miss,0.323123,1.907214,0.163684,20.0,0.0,0.97,1.0,1.0,0.0,0.323123,0.0,2.19,
exp17i_limits_ablation,ablationtube_only__ballspeed7__limitsconfigconfigs_real_robot.yaml__noplot__servebox,"{""--ablation"": ""tube_only"", ""--ball-speed"": 7, ""--limits-config"": ""configs/real_robot.yaml"", ""--no-plot"": null, ""--serve-box"": null}",169,False,miss,0.308187,1.922744,0.12027,0.0,0.0,0.99,0.99,1.4,0.0,0.308187,0.0,2.2,
exp17i_limits_ablation,ablationtube_only__ballspeed7__limitsconfigconfigs_real_robot.yaml__noplot__servebox,"{""--ablation"": ""tube_only"", ""--ball-speed"": 7, ""--limits-config"": ""configs/real_robot.yaml"", ""--no-plot"": null, ""--serve-box"": null}",172,True,active,0.113651,1.945336,0.066419,50.0,85.0,1.0,0.98,1.1,20.0,0.113651,0.872,1.6,
exp17i_limits_ablation,ablationtube_only__ballspeed7__limitsconfigconfigs_real_robot.yaml__noplot__servebox,"{""--ablation"": ""tube_only"", ""--ball-speed"": 7, ""--limits-config"": ""configs/real_robot.yaml"", ""--no-plot"": null, ""--serve-box"": null}",170,True,active,0.098661,1.936106,0.027865,0.0,0.0,1.0,1.0,1.2,20.0,0.098661,0.924,1.73,
exp17i_limits_ablation,ablationtube_only__ballspeed7__limitsconfigconfigs_real_robot.yaml__noplot__servebox,"{""--ablation"": ""tube_only"", ""--ball-speed"": 7, ""--limits-config"": ""configs/real_robot.yaml"", ""--no-plot"": null, ""--serve-box"": null}",162,False,miss,0.366379,1.849006,0.27109,0.0,0.0,0.99,1.0,1.2,0.0,0.366379,0.0,2.94,
exp17i_limits_ablation,ablationtube_only__ballspeed7__limitsconfigconfigs_real_robot.yaml__noplot__servebox,"{""--ablation"": ""tube_only"", ""--ball-speed"": 7, ""--limits-config"": ""configs/real_robot.yaml"", ""--no-plot"": null, ""--serve-box"": null}",173,False,miss,0.367199,1.918079,0.196427,0.0,0.0,0.99,1.0,1.3,0.0,0.367199,0.0,1.6,
exp17i_limits_ablation,ablationtube_only__ballspeed7__limitsconfigconfigs_real_robot.yaml__noplot__servebox,"{""--ablation"": ""tube_only"", ""--ball-speed"": 7, ""--limits-config"": ""configs/real_robot.yaml"", ""--no-plot"": null, ""--serve-box"": null}",178,False,miss,0.329585,1.911805,0.121004,0.0,0.0,0.99,0.99,1.1,0.0,0.329585,0.0,1.49,
exp17i_limits_ablation,ablationtube_only__ballspeed7__limitsconfigconfigs_real_robot.yaml__noplot__servebox,"{""--ablation"": ""tube_only"", ""--ball-speed"": 7, ""--limits-config"": ""configs/real_robot.yaml"", ""--no-plot"": null, ""--serve-box"": null}",171,False,miss,0.477472,1.7176,0.368534,0.0,0.0,0.3,0.4,0.2,0.0,0.477472,0.0,2.27,
exp17i_limits_ablation,ablationtube_only__ballspeed7__limitsconfigconfigs_real_robot.yaml__noplot__servebox,"{""--ablation"": ""tube_only"", ""--ball-speed"": 7, ""--limits-config"": ""configs/real_robot.yaml"", ""--no-plot"": null, ""--serve-box"": null}",160,False,miss,0.353328,1.920366,0.228843,0.0,0.0,1.0,1.0,1.4,0.0,0.353328,0.0,3.74,
exp17i_limits_ablation,ablationtube_only__ballspeed7__limitsconfigconfigs_real_robot.yaml__noplot__servebox,"{""--ablation"": ""tube_only"", ""--ball-speed"": 7, ""--limits-config"": ""configs/real_robot.yaml"", ""--no-plot"": null, ""--serve-box"": null}",174,True,active,0.095244,1.951208,0.056862,0.0,0.0,1.0,1.0,1.1,20.0,0.095244,0.969,2.16,
exp17i_limits_ablation,ablationtube_only__ballspeed7__limitsconfigconfigs_real_robot.yaml__noplot__servebox,"{""--ablation"": ""tube_only"", ""--ball-speed"": 7, ""--limits-config"": ""configs/real_robot.yaml"", ""--no-plot"": null, ""--serve-box"": null}",180,False,miss,0.253938,1.953314,0.12242,40.0,85.0,1.0,0.99,0.9,0.0,0.253938,0.0,1.94,
exp17i_limits_ablation,ablationtube_only__ballspeed7__limitsconfigconfigs_real_robot.yaml__noplot__servebox,"{""--ablation"": ""tube_only"", ""--ball-speed"": 7, ""--limits-config"": ""configs/real_robot.yaml"", ""--no-plot"": null, ""--serve-box"": null}",182,False,miss,0.313417,1.946809,0.153612,30.0,0.0,1.0,0.99,1.3,0.0,0.313417,0.0,1.51,
exp17i_limits_ablation,ablationtube_only__ballspeed7__limitsconfigconfigs_real_robot.yaml__noplot__servebox,"{""--ablation"": ""tube_only"", ""--ball-speed"": 7, ""--limits-config"": ""configs/real_robot.yaml"", ""--no-plot"": null, ""--serve-box"": null}",181,False,miss,0.369458,1.906262,0.177667,10.0,0.0,0.98,1.0,1.4,0.0,0.369458,0.0,1.92,
exp17i_limits_ablation,ablationtube_only__ballspeed7__limitsconfigconfigs_real_robot.yaml__noplot__servebox,"{""--ablation"": ""tube_only"", ""--ball-speed"": 7, ""--limits-config"": ""configs/real_robot.yaml"", ""--no-plot"": null, ""--serve-box"": null}",184,False,miss,0.304161,1.943596,0.138924,0.0,0.0,0.92,0.99,1.2,0.0,0.304161,0.0,1.49,
exp17i_limits_ablation,ablationtube_only__ballspeed7__limitsconfigconfigs_real_robot.yaml__noplot__servebox,"{""--ablation"": ""tube_only"", ""--ball-speed"": 7, ""--limits-config"": ""configs/real_robot.yaml"", ""--no-plot"": null, ""--serve-box"": null}",183,True,active,0.089272,1.957719,0.02686,0.0,0.0,1.0,1.0,1.1,20.0,0.089272,0.918,1.59,
exp17i_limits_ablation,ablationtube_only__ballspeed7__limitsconfigconfigs_real_robot.yaml__noplot__servebox,"{""--ablation"": ""tube_only"", ""--ball-speed"": 7, ""--limits-config"": ""configs/real_robot.yaml"", ""--no-plot"": null, ""--serve-box"": null}",175,True,active,0.097733,1.912887,0.037805,0.0,0.0,1.0,1.0,1.1,25.0,0.097733,0.983,2.86,
exp17i_limits_ablation,ablationtube_only__ballspeed7__limitsconfigconfigs_real_robot.yaml__noplot__servebox,"{""--ablation"": ""tube_only"", ""--ball-speed"": 7, ""--limits-config"": ""configs/real_robot.yaml"", ""--no-plot"": null, ""--serve-box"": null}",185,True,active,0.076192,1.962664,0.070519,45.0,105.0,1.0,0.98,1.3,20.0,0.076192,0.993,1.72,
exp17i_limits_ablation,ablationtube_only__ballspeed7__limitsconfigconfigs_real_robot.yaml__noplot__servebox,"{""--ablation"": ""tube_only"", ""--ball-speed"": 7, ""--limits-config"": ""configs/real_robot.yaml"", ""--no-plot"": null, ""--serve-box"": null}",176,False,miss,0.427995,1.838964,0.373261,0.0,0.0,1.13,0.99,1.1,0.0,0.427995,0.0,2.96,
exp17i_limits_ablation,ablationtube_only__ballspeed7__limitsconfigconfigs_real_robot.yaml__noplot__servebox,"{""--ablation"": ""tube_only"", ""--ball-speed"": 7, ""--limits-config"": ""configs/real_robot.yaml"", ""--no-plot"": null, ""--serve-box"": null}",177,False,miss,0.348977,1.867421,0.286938,0.0,0.0,0.99,1.0,1.3,0.0,0.348977,0.0,2.91,
exp17i_limits_ablation,ablationtube_only__ballspeed7__limitsconfigconfigs_real_robot.yaml__noplot__servebox,"{""--ablation"": ""tube_only"", ""--ball-speed"": 7, ""--limits-config"": ""configs/real_robot.yaml"", ""--no-plot"": null, ""--serve-box"": null}",187,False,miss,0.330572,1.914701,0.179749,10.0,0.0,0.99,1.0,1.1,0.0,0.330572,0.0,2.18,
exp17i_limits_ablation,ablationtube_only__ballspeed7__limitsconfigconfigs_real_robot.yaml__noplot__servebox,"{""--ablation"": ""tube_only"", ""--ball-speed"": 7, ""--limits-config"": ""configs/real_robot.yaml"", ""--no-plot"": null, ""--serve-box"": null}",189,False,miss,0.345898,1.954255,0.174264,15.0,0.0,1.0,1.0,1.2,0.0,0.345898,0.0,1.7,
exp17i_limits_ablation,ablationtube_only__ballspeed7__limitsconfigconfigs_real_robot.yaml__noplot__servebox,"{""--ablation"": ""tube_only"", ""--ball-speed"": 7, ""--limits-config"": ""configs/real_robot.yaml"", ""--no-plot"": null, ""--serve-box"": null}",186,False,miss,0.330572,1.915018,0.147511,30.0,45.0,1.0,0.99,1.5,0.0,0.330572,0.0,2.69,
exp17i_limits_ablation,ablationtube_only__ballspeed7__limitsconfigconfigs_real_robot.yaml__noplot__servebox,"{""--ablation"": ""tube_only"", ""--ball-speed"": 7, ""--limits-config"": ""configs/real_robot.yaml"", ""--no-plot"": null, ""--serve-box"": null}",192,False,miss,0.317076,1.918269,0.104787,0.0,0.0,0.98,0.94,1.3,0.0,0.317076,0.0,1.58,
exp17i_limits_ablation,ablationtube_only__ballspeed7__limitsconfigconfigs_real_robot.yaml__noplot__servebox,"{""--ablation"": ""tube_only"", ""--ball-speed"": 7, ""--limits-config"": ""configs/real_robot.yaml"", ""--no-plot"": null, ""--serve-box"": null}",194,True,active,0.097008,1.962923,0.066729,0.0,0.0,0.99,0.96,1.3,20.0,0.097008,0.989,1.54,
exp17i_limits_ablation,ablationtube_only__ballspeed7__limitsconfigconfigs_real_robot.yaml__noplot__servebox,"{""--ablation"": ""tube_only"", ""--ball-speed"": 7, ""--limits-config"": ""configs/real_robot.yaml"", ""--no-plot"": null, ""--serve-box"": null}",190,False,miss,0.342036,1.815372,0.277695,0.0,0.0,0.99,0.96,0.8,0.0,0.342036,0.0,2.26,
exp17i_limits_ablation,ablationtube_only__ballspeed7__limitsconfigconfigs_real_robot.yaml__noplot__servebox,"{""--ablation"": ""tube_only"", ""--ball-speed"": 7, ""--limits-config"": ""configs/real_robot.yaml"", ""--no-plot"": null, ""--serve-box"": null}",196,False,miss,0.31976,1.958603,0.112792,0.0,0.0,0.99,0.99,1.1,0.0,0.31976,0.0,1.51,
exp17i_limits_ablation,ablationtube_only__ballspeed7__limitsconfigconfigs_real_robot.yaml__noplot__servebox,"{""--ablation"": ""tube_only"", ""--ball-speed"": 7, ""--limits-config"": ""configs/real_robot.yaml"", ""--no-plot"": null, ""--serve-box"": null}",179,False,miss,0.335926,1.949424,0.178756,0.0,0.0,1.0,0.99,1.1,0.0,0.335926,0.0,3.93,
exp17i_limits_ablation,ablationtube_only__ballspeed7__limitsconfigconfigs_real_robot.yaml__noplot__servebox,"{""--ablation"": ""tube_only"", ""--ball-speed"": 7, ""--limits-config"": ""configs/real_robot.yaml"", ""--no-plot"": null, ""--serve-box"": null}",195,False,miss,0.398085,1.715193,0.267513,0.0,0.0,0.35,0.45,0.3,0.0,0.398085,0.0,1.89,
exp17i_limits_ablation,ablationtube_only__ballspeed7__limitsconfigconfigs_real_robot.yaml__noplot__servebox,"{""--ablation"": ""tube_only"", ""--ball-speed"": 7, ""--limits-config"": ""configs/real_robot.yaml"", ""--no-plot"": null, ""--serve-box"": null}",198,False,miss,0.349467,1.935557,0.153442,30.0,0.0,1.0,0.99,1.2,0.0,0.349467,0.0,1.66,
exp17i_limits_ablation,ablationtube_only__ballspeed7__limitsconfigconfigs_real_robot.yaml__noplot__servebox,"{""--ablation"": ""tube_only"", ""--ball-speed"": 7, ""--limits-config"": ""configs/real_robot.yaml"", ""--no-plot"": null, ""--serve-box"": null}",200,False,miss,0.288917,1.953749,0.120203,0.0,0.0,0.99,1.0,0.8,0.0,0.288917,0.0,1.64,
exp17i_limits_ablation,ablationtube_only__ballspeed7__limitsconfigconfigs_real_robot.yaml__noplot__servebox,"{""--ablation"": ""tube_only"", ""--ball-speed"": 7, ""--limits-config"": ""configs/real_robot.yaml"", ""--no-plot"": null, ""--serve-box"": null}",188,False,miss,0.527528,1.688698,0.364794,0.0,0.0,0.44,0.37,0.3,0.0,0.527528,0.0,3.08,
exp17i_limits_ablation,ablationtube_only__ballspeed7__limitsconfigconfigs_real_robot.yaml__noplot__servebox,"{""--ablation"": ""tube_only"", ""--ball-speed"": 7, ""--limits-config"": ""configs/real_robot.yaml"", ""--no-plot"": null, ""--serve-box"": null}",193,True,active,0.093577,1.938746,0.067808,65.0,105.0,1.0,0.97,0.9,15.0,0.093577,0.938,2.48,
exp17i_limits_ablation,ablationtube_only__ballspeed7__limitsconfigconfigs_real_robot.yaml__noplot__servebox,"{""--ablation"": ""tube_only"", ""--ball-speed"": 7, ""--limits-config"": ""configs/real_robot.yaml"", ""--no-plot"": null, ""--serve-box"": null}",202,False,miss,0.620263,1.755135,0.572476,0.0,0.0,3.25,2.57,2.4,0.0,0.620263,0.0,2.01,
exp17i_limits_ablation,ablationtube_only__ballspeed7__limitsconfigconfigs_real_robot.yaml__noplot__servebox,"{""--ablation"": ""tube_only"", ""--ball-speed"": 7, ""--limits-config"": ""configs/real_robot.yaml"", ""--no-plot"": null, ""--serve-box"": null}",197,True,active,0.111317,1.944185,0.061841,0.0,0.0,0.98,0.99,1.3,20.0,0.111317,0.974,2.84,
exp17i_limits_ablation,ablationtube_only__ballspeed7__limitsconfigconfigs_real_robot.yaml__noplot__servebox,"{""--ablation"": ""tube_only"", ""--ball-speed"": 7, ""--limits-config"": ""configs/real_robot.yaml"", ""--no-plot"": null, ""--serve-box"": null}",203,True,active,0.105546,1.944895,0.035599,60.0,95.0,1.0,1.0,1.4,15.0,0.105546,0.935,1.73,
exp17i_limits_ablation,ablationtube_only__ballspeed7__limitsconfigconfigs_real_robot.yaml__noplot__servebox,"{""--ablation"": ""tube_only"", ""--ball-speed"": 7, ""--limits-config"": ""configs/real_robot.yaml"", ""--no-plot"": null, ""--serve-box"": null}",207,True,active,0.079893,1.964341,0.058061,55.0,105.0,1.0,1.0,1.1,15.0,0.079893,0.949,1.49,
exp17i_limits_ablation,ablationtube_only__ballspeed7__limitsconfigconfigs_real_robot.yaml__noplot__servebox,"{""--ablation"": ""tube_only"", ""--ball-speed"": 7, ""--limits-config"": ""configs/real_robot.yaml"", ""--no-plot"": null, ""--serve-box"": null}",208,True,active,0.057868,1.960671,0.03542,0.0,0.0,1.01,0.97,1.0,20.0,0.057868,0.931,1.44,
exp17i_limits_ablation,ablationtube_only__ballspeed7__limitsconfigconfigs_real_robot.yaml__noplot__servebox,"{""--ablation"": ""tube_only"", ""--ball-speed"": 7, ""--limits-config"": ""configs/real_robot.yaml"", ""--no-plot"": null, ""--serve-box"": null}",201,True,active,0.135627,1.937142,0.129843,45.0,90.0,1.0,1.0,1.3,5.0,0.135627,0.801,2.55,
exp17i_limits_ablation,ablationtube_only__ballspeed7__limitsconfigconfigs_real_robot.yaml__noplot__servebox,"{""--ablation"": ""tube_only"", ""--ball-speed"": 7, ""--limits-config"": ""configs/real_robot.yaml"", ""--no-plot"": null, ""--serve-box"": null}",191,False,miss,0.441296,1.712135,0.35393,0.0,0.0,1.0,0.45,0.7,0.0,0.441296,0.0,4.0,
exp17i_limits_ablation,ablationtube_only__ballspeed7__limitsconfigconfigs_real_robot.yaml__noplot__servebox,"{""--ablation"": ""tube_only"", ""--ball-speed"": 7, ""--limits-config"": ""configs/real_robot.yaml"", ""--no-plot"": null, ""--serve-box"": null}",209,True,active,0.090925,1.928385,0.080255,0.0,0.0,0.99,0.99,1.2,15.0,0.090925,0.974,1.52,
exp17i_limits_ablation,ablationtube_only__ballspeed7__limitsconfigconfigs_real_robot.yaml__noplot__servebox,"{""--ablation"": ""tube_only"", ""--ball-speed"": 7, ""--limits-config"": ""configs/real_robot.yaml"", ""--no-plot"": null, ""--serve-box"": null}",210,True,active,0.065801,1.943651,0.060687,0.0,0.0,1.0,1.0,1.1,20.0,0.065801,0.778,1.65,
exp17i_limits_ablation,ablationtube_only__ballspeed7__limitsconfigconfigs_real_robot.yaml__noplot__servebox,"{""--ablation"": ""tube_only"", ""--ball-speed"": 7, ""--limits-config"": ""configs/real_robot.yaml"", ""--no-plot"": null, ""--serve-box"": null}",199,False,miss,0.31278,1.906858,0.180151,0.0,0.0,0.99,1.0,1.2,0.0,0.31278,0.0,3.23,
exp17i_limits_ablation,ablationtube_only__ballspeed7__limitsconfigconfigs_real_robot.yaml__noplot__servebox,"{""--ablation"": ""tube_only"", ""--ball-speed"": 7, ""--limits-config"": ""configs/real_robot.yaml"", ""--no-plot"": null, ""--serve-box"": null}",211,True,active,0.084976,1.931133,0.012992,0.0,0.0,0.99,0.99,1.1,20.0,0.084976,0.943,1.59,
exp17i_limits_ablation,ablationtube_only__ballspeed7__limitsconfigconfigs_real_robot.yaml__noplot__servebox,"{""--ablation"": ""tube_only"", ""--ball-speed"": 7, ""--limits-config"": ""configs/real_robot.yaml"", ""--no-plot"": null, ""--serve-box"": null}",205,True,active,0.103673,1.911647,0.093323,50.0,105.0,0.99,1.0,1.2,15.0,0.103673,0.885,2.34,
exp17i_limits_ablation,ablationtube_only__ballspeed7__limitsconfigconfigs_real_robot.yaml__noplot__servebox,"{""--ablation"": ""tube_only"", ""--ball-speed"": 7, ""--limits-config"": ""configs/real_robot.yaml"", ""--no-plot"": null, ""--serve-box"": null}",206,True,active,0.101796,1.934164,0.035427,0.0,0.0,1.0,0.97,1.3,25.0,0.101796,0.951,2.23,
exp17i_limits_ablation,ablationtube_only__ballspeed7__limitsconfigconfigs_real_robot.yaml__noplot__servebox,"{""--ablation"": ""tube_only"", ""--ball-speed"": 7, ""--limits-config"": ""configs/real_robot.yaml"", ""--no-plot"": null, ""--serve-box"": null}",213,True,active,0.107052,1.93319,0.073868,0.0,0.0,1.0,1.0,1.2,15.0,0.107052,0.947,2.12,
exp17i_limits_ablation,ablationtube_only__ballspeed7__limitsconfigconfigs_real_robot.yaml__noplot__servebox,"{""--ablation"": ""tube_only"", ""--ball-speed"": 7, ""--limits-config"": ""configs/real_robot.yaml"", ""--no-plot"": null, ""--serve-box"": null}",215,True,active,0.102379,1.951591,0.068627,50.0,85.0,1.0,0.99,1.1,20.0,0.102379,0.966,1.65,
exp17i_limits_ablation,ablationtube_only__ballspeed7__limitsconfigconfigs_real_robot.yaml__noplot__servebox,"{""--ablation"": ""tube_only"", ""--ball-speed"": 7, ""--limits-config"": ""configs/real_robot.yaml"", ""--no-plot"": null, ""--serve-box"": null}",214,False,miss,0.36256,1.922559,0.136209,0.0,0.0,1.0,0.97,1.5,0.0,0.36256,0.0,1.83,
exp17i_limits_ablation,ablationtube_only__ballspeed7__limitsconfigconfigs_real_robot.yaml__noplot__servebox,"{""--ablation"": ""tube_only"", ""--ball-speed"": 7, ""--limits-config"": ""configs/real_robot.yaml"", ""--no-plot"": null, ""--serve-box"": null}",217,False,miss,0.316012,1.909878,0.169407,15.0,0.0,0.91,1.0,1.1,0.0,0.316012,0.0,1.61,
exp17i_limits_ablation,ablationtube_only__ballspeed7__limitsconfigconfigs_real_robot.yaml__noplot__servebox,"{""--ablation"": ""tube_only"", ""--ball-speed"": 7, ""--limits-config"": ""configs/real_robot.yaml"", ""--no-plot"": null, ""--serve-box"": null}",218,False,miss,0.314558,1.936005,0.140243,0.0,0.0,1.0,0.99,1.2,0.0,0.314558,0.0,1.6,
exp17i_limits_ablation,ablationtube_only__ballspeed7__limitsconfigconfigs_real_robot.yaml__noplot__servebox,"{""--ablation"": ""tube_only"", ""--ball-speed"": 7, ""--limits-config"": ""configs/real_robot.yaml"", ""--no-plot"": null, ""--serve-box"": null}",204,True,active,0.132979,1.904241,0.127859,35.0,90.0,1.0,1.0,1.4,15.0,0.132979,0.904,3.51,
exp17i_limits_ablation,ablationtube_only__ballspeed7__limitsconfigconfigs_real_robot.yaml__noplot__servebox,"{""--ablation"": ""tube_only"", ""--ball-speed"": 7, ""--limits-config"": ""configs/real_robot.yaml"", ""--no-plot"": null, ""--serve-box"": null}",219,False,miss,0.30937,1.909008,0.144998,0.0,0.0,1.0,0.99,1.5,0.0,0.30937,0.0,1.53,
exp17i_limits_ablation,ablationtube_only__ballspeed7__limitsconfigconfigs_real_robot.yaml__noplot__servebox,"{""--ablation"": ""tube_only"", ""--ball-speed"": 7, ""--limits-config"": ""configs/real_robot.yaml"", ""--no-plot"": null, ""--serve-box"": null}",221,True,active,0.105109,1.93252,0.067977,0.0,0.0,0.99,0.97,1.3,20.0,0.105109,0.966,1.68,
exp17i_limits_ablation,ablationtube_only__ballspeed7__limitsconfigconfigs_real_robot.yaml__noplot__servebox,"{""--ablation"": ""tube_only"", ""--ball-speed"": 7, ""--limits-config"": ""configs/real_robot.yaml"", ""--no-plot"": null, ""--serve-box"": null}",225,True,active,0.126323,1.938059,0.106979,0.0,0.0,1.0,0.99,1.3,20.0,0.126323,0.988,1.66,
exp17i_limits_ablation,ablationtube_only__ballspeed7__limitsconfigconfigs_real_robot.yaml__noplot__servebox,"{""--ablation"": ""tube_only"", ""--ball-speed"": 7, ""--limits-config"": ""configs/real_robot.yaml"", ""--no-plot"": null, ""--serve-box"": null}",220,False,miss,0.369681,1.916672,0.119856,0.0,0.0,0.99,1.0,1.4,0.0,0.369681,0.0,2.03,
exp17i_limits_ablation,ablationtube_only__ballspeed7__limitsconfigconfigs_real_robot.yaml__noplot__servebox,"{""--ablation"": ""tube_only"", ""--ball-speed"": 7, ""--limits-config"": ""configs/real_robot.yaml"", ""--no-plot"": null, ""--serve-box"": null}",212,False,miss,0.480757,1.747662,0.322839,0.0,0.0,0.4,0.37,0.3,0.0,0.480757,0.0,3.5,
exp17i_limits_ablation,ablationtube_only__ballspeed7__limitsconfigconfigs_real_robot.yaml__noplot__servebox,"{""--ablation"": ""tube_only"", ""--ball-speed"": 7, ""--limits-config"": ""configs/real_robot.yaml"", ""--no-plot"": null, ""--serve-box"": null}",226,True,active,0.082762,1.966656,0.082762,40.0,105.0,1.0,0.99,1.3,10.0,0.082762,0.968,1.97,
exp17i_limits_ablation,ablationtube_only__ballspeed7__limitsconfigconfigs_real_robot.yaml__noplot__servebox,"{""--ablation"": ""tube_only"", ""--ball-speed"": 7, ""--limits-config"": ""configs/real_robot.yaml"", ""--no-plot"": null, ""--serve-box"": null}",227,True,active,0.128024,1.934047,0.104261,50.0,100.0,0.99,1.0,1.2,15.0,0.128024,0.987,1.51,
exp17i_limits_ablation,ablationtube_only__ballspeed7__limitsconfigconfigs_real_robot.yaml__noplot__servebox,"{""--ablation"": ""tube_only"", ""--ball-speed"": 7, ""--limits-config"": ""configs/real_robot.yaml"", ""--no-plot"": null, ""--serve-box"": null}",223,True,active,0.102753,1.927829,0.096208,50.0,105.0,1.0,0.97,1.2,15.0,0.102753,0.747,2.59,
exp17i_limits_ablation,ablationtube_only__ballspeed7__limitsconfigconfigs_real_robot.yaml__noplot__servebox,"{""--ablation"": ""tube_only"", ""--ball-speed"": 7, ""--limits-config"": ""configs/real_robot.yaml"", ""--no-plot"": null, ""--serve-box"": null}",224,True,active,0.064357,1.943887,0.064357,50.0,105.0,0.97,1.0,1.3,5.0,0.064357,0.407,2.62,
exp17i_limits_ablation,ablationtube_only__ballspeed7__limitsconfigconfigs_real_robot.yaml__noplot__servebox,"{""--ablation"": ""tube_only"", ""--ball-speed"": 7, ""--limits-config"": ""configs/real_robot.yaml"", ""--no-plot"": null, ""--serve-box"": null}",233,False,miss,0.302718,1.905221,0.131843,0.0,0.0,1.0,0.99,1.6,0.0,0.302718,0.0,1.51,
exp17i_limits_ablation,ablationtube_only__ballspeed7__limitsconfigconfigs_real_robot.yaml__noplot__servebox,"{""--ablation"": ""tube_only"", ""--ball-speed"": 7, ""--limits-config"": ""configs/real_robot.yaml"", ""--no-plot"": null, ""--serve-box"": null}",230,False,miss,0.306653,1.922795,0.134156,35.0,80.0,1.0,1.0,1.2,0.0,0.306653,0.0,1.8,
exp17i_limits_ablation,ablationtube_only__ballspeed7__limitsconfigconfigs_real_robot.yaml__noplot__servebox,"{""--ablation"": ""tube_only"", ""--ball-speed"": 7, ""--limits-config"": ""configs/real_robot.yaml"", ""--no-plot"": null, ""--serve-box"": null}",231,False,miss,0.495333,1.667391,0.345466,0.0,0.0,0.68,0.44,0.5,0.0,0.495333,0.0,1.77,
exp17i_limits_ablation,ablationtube_only__ballspeed7__limitsconfigconfigs_real_robot.yaml__noplot__servebox,"{""--ablation"": ""tube_only"", ""--ball-speed"": 7, ""--limits-config"": ""configs/real_robot.yaml"", ""--no-plot"": null, ""--serve-box"": null}",222,True,active,0.073043,1.91787,0.058172,0.0,0.0,0.99,1.0,1.2,15.0,0.073043,0.967,3.13,
exp17i_limits_ablation,ablationtube_only__ballspeed7__limitsconfigconfigs_real_robot.yaml__noplot__servebox,"{""--ablation"": ""tube_only"", ""--ball-speed"": 7, ""--limits-config"": ""configs/real_robot.yaml"", ""--no-plot"": null, ""--serve-box"": null}",235,True,active,0.10844,1.922388,0.078771,0.0,0.0,1.0,1.0,1.2,15.0,0.10844,0.973,1.45,
exp17i_limits_ablation,ablationtube_only__ballspeed7__limitsconfigconfigs_real_robot.yaml__noplot__servebox,"{""--ablation"": ""tube_only"", ""--ball-speed"": 7, ""--limits-config"": ""configs/real_robot.yaml"", ""--no-plot"": null, ""--serve-box"": null}",216,False,miss,0.443956,1.719879,0.370569,0.0,0.0,1.0,0.49,0.7,0.0,0.443956,0.0,3.97,
exp17i_limits_ablation,ablationtube_only__ballspeed7__limitsconfigconfigs_real_robot.yaml__noplot__servebox,"{""--ablation"": ""tube_only"", ""--ball-speed"": 7, ""--limits-config"": ""configs/real_robot.yaml"", ""--no-plot"": null, ""--serve-box"": null}",236,True,active,0.123456,1.921405,0.109131,50.0,105.0,0.99,1.0,1.2,15.0,0.123456,0.709,1.65,
exp17i_limits_ablation,ablationtube_only__ballspeed7__limitsconfigconfigs_real_robot.yaml__noplot__servebox,"{""--ablation"": ""tube_only"", ""--ball-speed"": 7, ""--limits-config"": ""configs/real_robot.yaml"", ""--no-plot"": null, ""--serve-box"": null}",229,True,active,0.086021,1.950291,0.079076,45.0,105.0,1.0,0.99,1.1,20.0,0.086021,0.967,2.48,
exp17i_limits_ablation,ablationtube_only__ballspeed7__limitsconfigconfigs_real_robot.yaml__noplot__servebox,"{""--ablation"": ""tube_only"", ""--ball-speed"": 7, ""--limits-config"": ""configs/real_robot.yaml"", ""--no-plot"": null, ""--serve-box"": null}",237,False,miss,0.50734,1.718886,0.372125,0.0,0.0,0.44,0.48,0.3,0.0,0.50734,0.0,1.71,
exp17i_limits_ablation,ablationtube_only__ballspeed7__limitsconfigconfigs_real_robot.yaml__noplot__servebox,"{""--ablation"": ""tube_only"", ""--ball-speed"": 7, ""--limits-config"": ""configs/real_robot.yaml"", ""--no-plot"": null, ""--serve-box"": null}",239,False,miss,0.24878,1.945175,0.084949,0.0,0.0,1.0,0.99,1.1,0.0,0.24878,0.0,1.51,
exp17i_limits_ablation,ablationtube_only__ballspeed7__limitsconfigconfigs_real_robot.yaml__noplot__servebox,"{""--ablation"": ""tube_only"", ""--ball-speed"": 7, ""--limits-config"": ""configs/real_robot.yaml"", ""--no-plot"": null, ""--serve-box"": null}",238,True,active,0.085704,1.907113,0.081153,60.0,105.0,1.0,0.99,1.5,10.0,0.085704,0.932,1.8,
exp17i_limits_ablation,ablationtube_only__ballspeed7__limitsconfigconfigs_real_robot.yaml__noplot__servebox,"{""--ablation"": ""tube_only"", ""--ball-speed"": 7, ""--limits-config"": ""configs/real_robot.yaml"", ""--no-plot"": null, ""--serve-box"": null}",228,False,miss,0.297784,1.929321,0.117029,0.0,0.0,0.99,0.99,1.3,0.0,0.297784,0.0,3.05,
exp17i_limits_ablation,ablationtube_only__ballspeed7__limitsconfigconfigs_real_robot.yaml__noplot__servebox,"{""--ablation"": ""tube_only"", ""--ball-speed"": 7, ""--limits-config"": ""configs/real_robot.yaml"", ""--no-plot"": null, ""--serve-box"": null}",242,True,active,0.08561,1.95844,0.076363,55.0,105.0,1.0,0.99,0.9,5.0,0.08561,0.663,1.58,
exp17i_limits_ablation,ablationtube_only__ballspeed7__limitsconfigconfigs_real_robot.yaml__noplot__servebox,"{""--ablation"": ""tube_only"", ""--ball-speed"": 7, ""--limits-config"": ""configs/real_robot.yaml"", ""--no-plot"": null, ""--serve-box"": null}",240,False,miss,0.337026,1.943332,0.150661,30.0,10.0,0.99,1.0,1.0,0.0,0.337026,0.0,1.81,
exp17i_limits_ablation,ablationtube_only__ballspeed7__limitsconfigconfigs_real_robot.yaml__noplot__servebox,"{""--ablation"": ""tube_only"", ""--ball-speed"": 7, ""--limits-config"": ""configs/real_robot.yaml"", ""--no-plot"": null, ""--serve-box"": null}",234,True,active,0.106436,1.928343,0.0659,60.0,105.0,1.0,0.96,1.0,20.0,0.106436,0.952,3.01,
exp17i_limits_ablation,ablationtube_only__ballspeed7__limitsconfigconfigs_real_robot.yaml__noplot__servebox,"{""--ablation"": ""tube_only"", ""--ball-speed"": 7, ""--limits-config"": ""configs/real_robot.yaml"", ""--no-plot"": null, ""--serve-box"": null}",254,,,,,,,,,,,,,,0.22,no_result
exp17i_limits_ablation,ablationtube_only__ballspeed7__limitsconfigconfigs_real_robot.yaml__noplot__servebox,"{""--ablation"": ""tube_only"", ""--ball-speed"": 7, ""--limits-config"": ""configs/real_robot.yaml"", ""--no-plot"": null, ""--serve-box"": null}",232,False,miss,0.54164,1.766773,0.511779,0.0,0.0,0.29,0.44,0.3,0.0,0.54164,0.0,3.42,
exp17i_limits_ablation,ablationtube_only__ballspeed7__limitsconfigconfigs_real_robot.yaml__noplot__servebox,"{""--ablation"": ""tube_only"", ""--ball-speed"": 7, ""--limits-config"": ""configs/real_robot.yaml"", ""--no-plot"": null, ""--serve-box"": null}",244,False,miss,0.291217,1.902899,0.219066,0.0,0.0,1.0,0.99,1.4,0.0,0.291217,0.0,1.89,
exp17i_limits_ablation,ablationtube_only__ballspeed7__limitsconfigconfigs_real_robot.yaml__noplot__servebox,"{""--ablation"": ""tube_only"", ""--ball-speed"": 7, ""--limits-config"": ""configs/real_robot.yaml"", ""--no-plot"": null, ""--serve-box"": null}",241,True,active,0.081516,1.97021,0.037465,0.0,0.0,1.0,1.0,1.0,20.0,0.081516,0.622,2.32,
exp17i_limits_ablation,ablationtube_only__ballspeed7__limitsconfigconfigs_real_robot.yaml__noplot__servebox,"{""--ablation"": ""tube_only"", ""--ball-speed"": 7, ""--limits-config"": ""configs/real_robot.yaml"", ""--no-plot"": null, ""--serve-box"": null}",249,False,miss,0.296927,1.928852,0.150042,30.0,35.0,1.0,0.99,1.0,0.0,0.296927,0.0,1.6,
exp17i_limits_ablation,ablationtube_only__ballspeed7__limitsconfigconfigs_real_robot.yaml__noplot__servebox,"{""--ablation"": ""tube_only"", ""--ball-speed"": 7, ""--limits-config"": ""configs/real_robot.yaml"", ""--no-plot"": null, ""--serve-box"": null}",246,False,miss,0.363079,1.96189,0.139179,35.0,70.0,1.0,0.98,1.3,0.0,0.363079,0.0,2.18,
exp17i_limits_ablation,ablationtube_only__ballspeed7__limitsconfigconfigs_real_robot.yaml__noplot__servebox,"{""--ablation"": ""tube_only"", ""--ball-speed"": 7, ""--limits-config"": ""configs/real_robot.yaml"", ""--no-plot"": null, ""--serve-box"": null}",250,True,active,0.108168,1.952307,0.0659,60.0,105.0,1.0,0.99,1.1,20.0,0.108168,0.912,1.8,
exp17i_limits_ablation,ablationtube_only__ballspeed7__limitsconfigconfigs_real_robot.yaml__noplot__servebox,"{""--ablation"": ""tube_only"", ""--ball-speed"": 7, ""--limits-config"": ""configs/real_robot.yaml"", ""--no-plot"": null, ""--serve-box"": null}",253,True,active,0.04863,1.951683,0.03697,0.0,0.0,1.0,0.99,1.1,20.0,0.04863,0.928,1.61,
exp17i_limits_ablation,ablationtube_only__ballspeed7__limitsconfigconfigs_real_robot.yaml__noplot__servebox,"{""--ablation"": ""tube_only"", ""--ball-speed"": 7, ""--limits-config"": ""configs/real_robot.yaml"", ""--no-plot"": null, ""--serve-box"": null}",248,False,miss,0.478521,1.742874,0.339328,0.0,0.0,0.45,0.47,0.4,0.0,0.478521,0.0,2.25,
exp17i_limits_ablation,ablationtube_only__ballspeed7__limitsconfigconfigs_real_robot.yaml__noplot__servebox,"{""--ablation"": ""tube_only"", ""--ball-speed"": 7, ""--limits-config"": ""configs/real_robot.yaml"", ""--no-plot"": null, ""--serve-box"": null}",243,True,active,0.103252,1.923092,0.061153,55.0,100.0,1.01,0.99,1.3,15.0,0.103252,0.942,2.94,
exp17i_limits_ablation,ablationtube_only__ballspeed7__limitsconfigconfigs_real_robot.yaml__noplot__servebox,"{""--ablation"": ""tube_only"", ""--ball-speed"": 7, ""--limits-config"": ""configs/real_robot.yaml"", ""--no-plot"": null, ""--serve-box"": null}",256,True,active,0.107715,1.944142,0.073331,0.0,0.0,0.99,1.0,1.1,15.0,0.107715,0.923,1.55,
exp17i_limits_ablation,ablationtube_only__ballspeed7__limitsconfigconfigs_real_robot.yaml__noplot__servebox,"{""--ablation"": ""tube_only"", ""--ball-speed"": 7, ""--limits-config"": ""configs/real_robot.yaml"", ""--no-plot"": null, ""--serve-box"": null}",255,True,active,0.106707,1.94003,0.051234,65.0,105.0,1.0,1.0,1.0,15.0,0.106707,0.909,1.71,
exp17i_limits_ablation,ablationtube_only__ballspeed7__limitsconfigconfigs_real_robot.yaml__noplot__servebox,"{""--ablation"": ""tube_only"", ""--ball-speed"": 7, ""--limits-config"": ""configs/real_robot.yaml"", ""--no-plot"": null, ""--serve-box"": null}",251,True,active,0.064419,1.961908,0.064208,55.0,105.0,1.0,1.0,1.0,10.0,0.064419,0.757,2.65,
exp17i_limits_ablation,ablationtube_only__ballspeed7__limitsconfigconfigs_real_robot.yaml__noplot__servebox,"{""--ablation"": ""tube_only"", ""--ball-speed"": 7, ""--limits-config"": ""configs/real_robot.yaml"", ""--no-plot"": null, ""--serve-box"": null}",259,True,active,0.103202,1.934099,0.02234,0.0,0.0,1.0,0.99,1.3,20.0,0.103202,0.911,1.63,
exp17i_limits_ablation,ablationtube_only__ballspeed7__limitsconfigconfigs_real_robot.yaml__noplot__servebox,"{""--ablation"": ""tube_only"", ""--ball-speed"": 7, ""--limits-config"": ""configs/real_robot.yaml"", ""--no-plot"": null, ""--serve-box"": null}",258,False,miss,0.301085,1.92748,0.130641,35.0,85.0,0.94,0.99,0.8,0.0,0.301085,0.0,1.86,
exp17i_limits_ablation,ablationtube_only__ballspeed7__limitsconfigconfigs_real_robot.yaml__noplot__servebox,"{""--ablation"": ""tube_only"", ""--ball-speed"": 7, ""--limits-config"": ""configs/real_robot.yaml"", ""--no-plot"": null, ""--serve-box"": null}",245,False,miss,0.27989,1.946893,0.118573,0.0,0.0,0.99,1.0,1.1,0.0,0.27989,0.0,3.41,
exp17i_limits_ablation,ablationtube_only__ballspeed7__limitsconfigconfigs_real_robot.yaml__noplot__servebox,"{""--ablation"": ""tube_only"", ""--ball-speed"": 7, ""--limits-config"": ""configs/real_robot.yaml"", ""--no-plot"": null, ""--serve-box"": null}",260,False,miss,0.337145,1.929407,0.164766,25.0,0.0,0.99,1.0,1.2,0.0,0.337145,0.0,1.63,
exp17i_limits_ablation,ablationtube_only__ballspeed7__limitsconfigconfigs_real_robot.yaml__noplot__servebox,"{""--ablation"": ""tube_only"", ""--ball-speed"": 7, ""--limits-config"": ""configs/real_robot.yaml"", ""--no-plot"": null, ""--serve-box"": null}",247,True,active,0.099099,1.951969,0.075442,50.0,105.0,1.0,1.0,1.0,15.0,0.099099,0.868,3.55,
exp17i_limits_ablation,ablationtube_only__ballspeed7__limitsconfigconfigs_real_robot.yaml__noplot__servebox,"{""--ablation"": ""tube_only"", ""--ball-speed"": 7, ""--limits-config"": ""configs/real_robot.yaml"", ""--no-plot"": null, ""--serve-box"": null}",252,False,miss,0.350846,1.928426,0.130254,35.0,100.0,0.99,0.99,1.2,0.0,0.350846,0.0,3.01,
exp17i_limits_ablation,ablationtube_only__ballspeed7__limitsconfigconfigs_real_robot.yaml__noplot__servebox,"{""--ablation"": ""tube_only"", ""--ball-speed"": 7, ""--limits-config"": ""configs/real_robot.yaml"", ""--no-plot"": null, ""--serve-box"": null}",261,False,miss,0.343635,1.950632,0.163181,25.0,0.0,1.0,0.95,1.4,0.0,0.343635,0.0,1.99,
exp17i_limits_ablation,ablationtube_only__ballspeed7__limitsconfigconfigs_real_robot.yaml__noplot__servebox,"{""--ablation"": ""tube_only"", ""--ball-speed"": 7, ""--limits-config"": ""configs/real_robot.yaml"", ""--no-plot"": null, ""--serve-box"": null}",265,True,active,0.105552,1.971911,0.102664,50.0,105.0,1.0,1.0,1.2,5.0,0.105552,0.661,1.55,
exp17i_limits_ablation,ablationtube_only__ballspeed7__limitsconfigconfigs_real_robot.yaml__noplot__servebox,"{""--ablation"": ""tube_only"", ""--ball-speed"": 7, ""--limits-config"": ""configs/real_robot.yaml"", ""--no-plot"": null, ""--serve-box"": null}",274,,,,,,,,,,,,,,0.32,no_result
exp17i_limits_ablation,ablationtube_only__ballspeed7__limitsconfigconfigs_real_robot.yaml__noplot__servebox,"{""--ablation"": ""tube_only"", ""--ball-speed"": 7, ""--limits-config"": ""configs/real_robot.yaml"", ""--no-plot"": null, ""--serve-box"": null}",263,True,active,0.077798,1.919187,0.076379,45.0,105.0,1.0,1.0,1.0,5.0,0.077798,0.757,1.76,
exp17i_limits_ablation,ablationtube_only__ballspeed7__limitsconfigconfigs_real_robot.yaml__noplot__servebox,"{""--ablation"": ""tube_only"", ""--ball-speed"": 7, ""--limits-config"": ""configs/real_robot.yaml"", ""--no-plot"": null, ""--serve-box"": null}",267,False,miss,0.328279,1.92523,0.124833,0.0,0.0,1.0,0.97,1.2,0.0,0.328279,0.0,1.46,
exp17i_limits_ablation,ablationtube_only__ballspeed7__limitsconfigconfigs_real_robot.yaml__noplot__servebox,"{""--ablation"": ""tube_only"", ""--ball-speed"": 7, ""--limits-config"": ""configs/real_robot.yaml"", ""--no-plot"": null, ""--serve-box"": null}",266,True,active,0.140033,1.899899,0.140033,0.0,0.0,1.01,0.99,1.2,10.0,0.140033,0.657,1.73,
exp17i_limits_ablation,ablationtube_only__ballspeed7__limitsconfigconfigs_real_robot.yaml__noplot__servebox,"{""--ablation"": ""tube_only"", ""--ball-speed"": 7, ""--limits-config"": ""configs/real_robot.yaml"", ""--no-plot"": null, ""--serve-box"": null}",268,True,active,0.115064,1.94463,0.074197,55.0,105.0,1.0,0.95,1.2,10.0,0.115064,0.991,1.56,
exp17i_limits_ablation,ablationtube_only__ballspeed7__limitsconfigconfigs_real_robot.yaml__noplot__servebox,"{""--ablation"": ""tube_only"", ""--ball-speed"": 7, ""--limits-config"": ""configs/real_robot.yaml"", ""--no-plot"": null, ""--serve-box"": null}",257,False,miss,0.321832,1.947739,0.169741,0.0,0.0,1.0,0.96,1.3,0.0,0.321832,0.0,3.37,
exp17i_limits_ablation,ablationtube_only__ballspeed7__limitsconfigconfigs_real_robot.yaml__noplot__servebox,"{""--ablation"": ""tube_only"", ""--ball-speed"": 7, ""--limits-config"": ""configs/real_robot.yaml"", ""--no-plot"": null, ""--serve-box"": null}",271,False,miss,0.288904,1.937286,0.107732,0.0,0.0,1.0,1.0,1.0,0.0,0.288904,0.0,1.55,
exp17i_limits_ablation,ablationtube_only__ballspeed7__limitsconfigconfigs_real_robot.yaml__noplot__servebox,"{""--ablation"": ""tube_only"", ""--ball-speed"": 7, ""--limits-config"": ""configs/real_robot.yaml"", ""--no-plot"": null, ""--serve-box"": null}",262,False,miss,0.290129,1.905985,0.18354,0.0,0.0,1.01,1.0,1.1,0.0,0.290129,0.0,2.83,
exp17i_limits_ablation,ablationtube_only__ballspeed7__limitsconfigconfigs_real_robot.yaml__noplot__servebox,"{""--ablation"": ""tube_only"", ""--ball-speed"": 7, ""--limits-config"": ""configs/real_robot.yaml"", ""--no-plot"": null, ""--serve-box"": null}",273,True,active,0.070149,1.95158,0.054263,45.0,105.0,1.0,0.99,1.1,15.0,0.070149,0.908,1.75,
exp17i_limits_ablation,ablationtube_only__ballspeed7__limitsconfigconfigs_real_robot.yaml__noplot__servebox,"{""--ablation"": ""tube_only"", ""--ball-speed"": 7, ""--limits-config"": ""configs/real_robot.yaml"", ""--no-plot"": null, ""--serve-box"": null}",275,False,miss,0.28948,1.944149,0.103821,0.0,0.0,1.0,1.0,1.0,0.0,0.28948,0.0,1.53,
exp17i_limits_ablation,ablationtube_only__ballspeed7__limitsconfigconfigs_real_robot.yaml__noplot__servebox,"{""--ablation"": ""tube_only"", ""--ball-speed"": 7, ""--limits-config"": ""configs/real_robot.yaml"", ""--no-plot"": null, ""--serve-box"": null}",270,False,miss,0.290252,1.963956,0.098874,0.0,0.0,1.0,1.0,1.1,0.0,0.290252,0.0,2.24,
exp17i_limits_ablation,ablationtube_only__ballspeed7__limitsconfigconfigs_real_robot.yaml__noplot__servebox,"{""--ablation"": ""tube_only"", ""--ball-speed"": 7, ""--limits-config"": ""configs/real_robot.yaml"", ""--no-plot"": null, ""--serve-box"": null}",264,False,miss,0.299203,1.921391,0.170793,0.0,0.0,0.99,0.99,1.5,0.0,0.299203,0.0,3.08,
exp17i_limits_ablation,ablationtube_only__ballspeed7__limitsconfigconfigs_real_robot.yaml__noplot__servebox,"{""--ablation"": ""tube_only"", ""--ball-speed"": 7, ""--limits-config"": ""configs/real_robot.yaml"", ""--no-plot"": null, ""--serve-box"": null}",277,True,active,0.091874,1.955566,0.072373,55.0,105.0,0.99,1.0,1.0,10.0,0.091874,0.666,1.65,
exp17i_limits_ablation,ablationtube_only__ballspeed7__limitsconfigconfigs_real_robot.yaml__noplot__servebox,"{""--ablation"": ""tube_only"", ""--ball-speed"": 7, ""--limits-config"": ""configs/real_robot.yaml"", ""--no-plot"": null, ""--serve-box"": null}",279,False,miss,0.2972,1.921024,0.121833,0.0,0.0,0.99,0.97,1.2,0.0,0.2972,0.0,1.57,
exp17i_limits_ablation,ablationtube_only__ballspeed7__limitsconfigconfigs_real_robot.yaml__noplot__servebox,"{""--ablation"": ""tube_only"", ""--ball-speed"": 7, ""--limits-config"": ""configs/real_robot.yaml"", ""--no-plot"": null, ""--serve-box"": null}",276,False,miss,0.400748,1.946332,0.228308,0.0,0.0,1.0,1.0,1.1,0.0,0.400748,0.0,1.78,
exp17i_limits_ablation,ablationtube_only__ballspeed7__limitsconfigconfigs_real_robot.yaml__noplot__servebox,"{""--ablation"": ""tube_only"", ""--ball-speed"": 7, ""--limits-config"": ""configs/real_robot.yaml"", ""--no-plot"": null, ""--serve-box"": null}",281,True,active,0.101669,1.990361,0.02229,55.0,80.0,1.0,1.0,1.0,15.0,0.101669,0.9,1.49,
exp17i_limits_ablation,ablationtube_only__ballspeed7__limitsconfigconfigs_real_robot.yaml__noplot__servebox,"{""--ablation"": ""tube_only"", ""--ball-speed"": 7, ""--limits-config"": ""configs/real_robot.yaml"", ""--no-plot"": null, ""--serve-box"": null}",280,True,active,0.103171,1.941021,0.031696,0.0,0.0,1.0,0.99,1.1,25.0,0.103171,0.964,1.83,
exp17i_limits_ablation,ablationtube_only__ballspeed7__limitsconfigconfigs_real_robot.yaml__noplot__servebox,"{""--ablation"": ""tube_only"", ""--ball-speed"": 7, ""--limits-config"": ""configs/real_robot.yaml"", ""--no-plot"": null, ""--serve-box"": null}",272,True,active,0.085791,1.96272,0.085791,45.0,105.0,1.01,1.0,1.4,15.0,0.085791,1.006,2.82,
exp17i_limits_ablation,ablationtube_only__ballspeed7__limitsconfigconfigs_real_robot.yaml__noplot__servebox,"{""--ablation"": ""tube_only"", ""--ball-speed"": 7, ""--limits-config"": ""configs/real_robot.yaml"", ""--no-plot"": null, ""--serve-box"": null}",282,True,active,0.100331,1.945283,0.067495,60.0,105.0,1.0,0.98,1.2,15.0,0.100331,0.966,1.68,
exp17i_limits_ablation,ablationtube_only__ballspeed7__limitsconfigconfigs_real_robot.yaml__noplot__servebox,"{""--ablation"": ""tube_only"", ""--ball-speed"": 7, ""--limits-config"": ""configs/real_robot.yaml"", ""--no-plot"": null, ""--serve-box"": null}",269,True,active,0.114916,1.923836,0.079519,0.0,0.0,0.99,1.0,1.2,20.0,0.114916,0.933,3.13,
exp17i_limits_ablation,ablationtube_only__ballspeed7__limitsconfigconfigs_real_robot.yaml__noplot__servebox,"{""--ablation"": ""tube_only"", ""--ball-speed"": 7, ""--limits-config"": ""configs/real_robot.yaml"", ""--no-plot"": null, ""--serve-box"": null}",288,False,miss,0.316541,1.940407,0.12082,0.0,0.0,0.99,0.99,1.3,0.0,0.316541,0.0,1.43,
exp17i_limits_ablation,ablationtube_only__ballspeed7__limitsconfigconfigs_real_robot.yaml__noplot__servebox,"{""--ablation"": ""tube_only"", ""--ball-speed"": 7, ""--limits-config"": ""configs/real_robot.yaml"", ""--no-plot"": null, ""--serve-box"": null}",292,True,active,0.110405,1.928041,0.075596,55.0,105.0,0.99,0.99,1.1,15.0,0.110405,0.864,1.43,
exp17i_limits_ablation,ablationtube_only__ballspeed7__limitsconfigconfigs_real_robot.yaml__noplot__servebox,"{""--ablation"": ""tube_only"", ""--ball-speed"": 7, ""--limits-config"": ""configs/real_robot.yaml"", ""--no-plot"": null, ""--serve-box"": null}",283,False,miss,0.319978,1.926659,0.125486,35.0,90.0,0.99,1.0,1.1,0.0,0.319978,0.0,2.38,
exp17i_limits_ablation,ablationtube_only__ballspeed7__limitsconfigconfigs_real_robot.yaml__noplot__servebox,"{""--ablation"": ""tube_only"", ""--ball-speed"": 7, ""--limits-config"": ""configs/real_robot.yaml"", ""--no-plot"": null, ""--serve-box"": null}",289,True,active,0.084793,1.917634,0.029254,0.0,0.0,0.99,0.99,1.0,20.0,0.084793,0.988,1.68,
exp17i_limits_ablation,ablationtube_only__ballspeed7__limitsconfigconfigs_real_robot.yaml__noplot__servebox,"{""--ablation"": ""tube_only"", ""--ball-speed"": 7, ""--limits-config"": ""configs/real_robot.yaml"", ""--no-plot"": null, ""--serve-box"": null}",278,False,miss,0.320505,1.910632,0.112844,0.0,0.0,0.99,1.0,1.4,0.0,0.320505,0.0,3.17,
exp17i_limits_ablation,ablationtube_only__ballspeed7__limitsconfigconfigs_real_robot.yaml__noplot__servebox,"{""--ablation"": ""tube_only"", ""--ball-speed"": 7, ""--limits-config"": ""configs/real_robot.yaml"", ""--no-plot"": null, ""--serve-box"": null}",291,False,miss,0.478795,1.74915,0.401842,0.0,0.0,0.21,0.49,0.2,0.0,0.478795,0.0,1.81,
exp17i_limits_ablation,ablationtube_only__ballspeed7__limitsconfigconfigs_real_robot.yaml__noplot__servebox,"{""--ablation"": ""tube_only"", ""--ball-speed"": 7, ""--limits-config"": ""configs/real_robot.yaml"", ""--no-plot"": null, ""--serve-box"": null}",290,False,miss,0.347736,1.92495,0.238298,0.0,0.0,1.0,0.99,1.1,0.0,0.347736,0.0,1.89,
exp17i_limits_ablation,ablationtube_only__ballspeed7__limitsconfigconfigs_real_robot.yaml__noplot__servebox,"{""--ablation"": ""tube_only"", ""--ball-speed"": 7, ""--limits-config"": ""configs/real_robot.yaml"", ""--no-plot"": null, ""--serve-box"": null}",284,True,active,0.086014,1.951815,0.042929,0.0,0.0,1.0,1.0,1.1,15.0,0.086014,0.962,3.05,
exp17i_limits_ablation,ablationtube_only__ballspeed7__limitsconfigconfigs_real_robot.yaml__noplot__servebox,"{""--ablation"": ""tube_only"", ""--ball-speed"": 7, ""--limits-config"": ""configs/real_robot.yaml"", ""--no-plot"": null, ""--serve-box"": null}",295,False,miss,0.44022,1.751754,0.355054,0.0,0.0,1.0,0.46,0.7,0.0,0.44022,0.0,1.8,
exp17i_limits_ablation,ablationtube_only__ballspeed7__limitsconfigconfigs_real_robot.yaml__noplot__servebox,"{""--ablation"": ""tube_only"", ""--ball-speed"": 7, ""--limits-config"": ""configs/real_robot.yaml"", ""--no-plot"": null, ""--serve-box"": null}",293,True,active,0.070868,1.958828,0.061037,45.0,105.0,1.0,1.0,0.9,15.0,0.070868,0.567,2.21,
exp17i_limits_ablation,ablationtube_only__ballspeed7__limitsconfigconfigs_real_robot.yaml__noplot__servebox,"{""--ablation"": ""tube_only"", ""--ball-speed"": 7, ""--limits-config"": ""configs/real_robot.yaml"", ""--no-plot"": null, ""--serve-box"": null}",294,True,active,0.091045,1.932787,0.081258,45.0,105.0,0.99,1.0,1.1,20.0,0.091045,0.96,1.89,
exp17i_limits_ablation,ablationtube_only__ballspeed7__limitsconfigconfigs_real_robot.yaml__noplot__servebox,"{""--ablation"": ""tube_only"", ""--ball-speed"": 7, ""--limits-config"": ""configs/real_robot.yaml"", ""--no-plot"": null, ""--serve-box"": null}",285,True,active,0.103924,1.954333,0.078756,55.0,105.0,1.0,0.99,1.2,15.0,0.103924,0.829,3.09,
exp17i_limits_ablation,ablationtube_only__ballspeed7__limitsconfigconfigs_real_robot.yaml__noplot__servebox,"{""--ablation"": ""tube_only"", ""--ball-speed"": 7, ""--limits-config"": ""configs/real_robot.yaml"", ""--no-plot"": null, ""--serve-box"": null}",286,False,miss,0.369208,1.92829,0.202031,0.0,0.0,0.99,1.0,1.3,0.0,0.369208,0.0,2.98,
exp17i_limits_ablation,ablationtube_only__ballspeed7__limitsconfigconfigs_real_robot.yaml__noplot__servebox,"{""--ablation"": ""tube_only"", ""--ball-speed"": 7, ""--limits-config"": ""configs/real_robot.yaml"", ""--no-plot"": null, ""--serve-box"": null}",297,True,active,0.130281,1.928445,0.122986,45.0,105.0,1.0,1.0,1.2,5.0,0.130281,0.65,1.85,
exp17i_limits_ablation,ablationtube_only__ballspeed7__limitsconfigconfigs_real_robot.yaml__noplot__servebox,"{""--ablation"": ""tube_only"", ""--ball-speed"": 7, ""--limits-config"": ""configs/real_robot.yaml"", ""--no-plot"": null, ""--serve-box"": null}",296,False,miss,0.332674,1.933142,0.137546,0.0,35.0,1.0,0.99,1.0,0.0,0.332674,0.0,2.3,
exp17i_limits_ablation,ablationtube_only__ballspeed7__limitsconfigconfigs_real_robot.yaml__noplot__servebox,"{""--ablation"": ""tube_only"", ""--ball-speed"": 7, ""--limits-config"": ""configs/real_robot.yaml"", ""--no-plot"": null, ""--serve-box"": null}",300,True,active,0.0721,1.951808,0.0721,50.0,105.0,0.98,0.99,1.2,10.0,0.0721,0.972,1.54,
exp17i_limits_ablation,ablationtube_only__ballspeed7__limitsconfigconfigs_real_robot.yaml__noplot__servebox,"{""--ablation"": ""tube_only"", ""--ball-speed"": 7, ""--limits-config"": ""configs/real_robot.yaml"", ""--no-plot"": null, ""--serve-box"": null}",298,False,miss,0.287595,1.918594,0.122312,0.0,0.0,1.0,1.0,1.4,0.0,0.287595,0.0,1.91,
exp17i_limits_ablation,ablationtube_only__ballspeed7__limitsconfigconfigs_real_robot.yaml__noplot__servebox,"{""--ablation"": ""tube_only"", ""--ball-speed"": 7, ""--limits-config"": ""configs/real_robot.yaml"", ""--no-plot"": null, ""--serve-box"": null}",301,False,miss,0.323078,1.954381,0.165668,20.0,0.0,1.0,0.99,1.4,0.0,0.323078,0.0,1.71,
exp17i_limits_ablation,ablationtube_only__ballspeed7__limitsconfigconfigs_real_robot.yaml__noplot__servebox,"{""--ablation"": ""tube_only"", ""--ball-speed"": 7, ""--limits-config"": ""configs/real_robot.yaml"", ""--no-plot"": null, ""--serve-box"": null}",299,True,active,0.129959,1.94734,0.100833,55.0,105.0,0.98,1.0,1.5,15.0,0.129959,0.969,1.81,
exp17i_limits_ablation,ablationtube_only__ballspeed7__limitsconfigconfigs_real_robot.yaml__noplot__servebox,"{""--ablation"": ""tube_only"", ""--ball-speed"": 7, ""--limits-config"": ""configs/real_robot.yaml"", ""--no-plot"": null, ""--serve-box"": null}",287,False,miss,0.371552,1.868837,0.307182,0.0,0.0,0.99,0.98,1.1,0.0,0.371552,0.0,3.69,
exp17i_limits_ablation,ablationtube_only__ballspeed7__limitsconfigconfigs_real_robot.yaml__noplot__servebox,"{""--ablation"": ""tube_only"", ""--ball-speed"": 7, ""--limits-config"": ""configs/real_robot.yaml"", ""--no-plot"": null, ""--serve-box"": null}",304,False,miss,0.316298,1.89461,0.134719,0.0,0.0,0.98,1.0,1.2,0.0,0.316298,0.0,1.85,
exp17i_limits_ablation,ablationtube_only__ballspeed7__limitsconfigconfigs_real_robot.yaml__noplot__servebox,"{""--ablation"": ""tube_only"", ""--ball-speed"": 7, ""--limits-config"": ""configs/real_robot.yaml"", ""--no-plot"": null, ""--serve-box"": null}",309,True,active,0.084478,1.934536,0.081204,45.0,105.0,1.0,0.98,1.2,15.0,0.084478,0.925,1.49,
exp17i_limits_ablation,ablationtube_only__ballspeed7__limitsconfigconfigs_real_robot.yaml__noplot__servebox,"{""--ablation"": ""tube_only"", ""--ball-speed"": 7, ""--limits-config"": ""configs/real_robot.yaml"", ""--no-plot"": null, ""--serve-box"": null}",311,False,miss,0.307314,1.922771,0.122537,0.0,0.0,0.98,1.0,1.0,0.0,0.307314,0.0,1.49,
exp17i_limits_ablation,ablationtube_only__ballspeed7__limitsconfigconfigs_real_robot.yaml__noplot__servebox,"{""--ablation"": ""tube_only"", ""--ball-speed"": 7, ""--limits-config"": ""configs/real_robot.yaml"", ""--no-plot"": null, ""--serve-box"": null}",310,False,miss,0.305251,1.907994,0.129724,0.0,25.0,1.0,0.98,1.2,0.0,0.305251,0.0,1.62,
exp17i_limits_ablation,ablationtube_only__ballspeed7__limitsconfigconfigs_real_robot.yaml__noplot__servebox,"{""--ablation"": ""tube_only"", ""--ball-speed"": 7, ""--limits-config"": ""configs/real_robot.yaml"", ""--no-plot"": null, ""--serve-box"": null}",303,False,miss,0.479693,1.745434,0.37324,0.0,0.0,0.26,0.45,0.2,0.0,0.479693,0.0,2.5,
exp17i_limits_ablation,ablationtube_only__ballspeed7__limitsconfigconfigs_real_robot.yaml__noplot__servebox,"{""--ablation"": ""tube_only"", ""--ball-speed"": 7, ""--limits-config"": ""configs/real_robot.yaml"", ""--no-plot"": null, ""--serve-box"": null}",305,True,active,0.085724,1.896882,0.045164,0.0,0.0,1.0,0.94,1.1,20.0,0.085724,0.956,2.29,
exp17i_limits_ablation,ablationtube_only__ballspeed7__limitsconfigconfigs_real_robot.yaml__noplot__servebox,"{""--ablation"": ""tube_only"", ""--ball-speed"": 7, ""--limits-config"": ""configs/real_robot.yaml"", ""--no-plot"": null, ""--serve-box"": null}",302,False,miss,0.321551,1.906338,0.130856,0.0,0.0,0.99,1.0,1.2,0.0,0.321551,0.0,3.08,
exp17i_limits_ablation,ablationtube_only__ballspeed7__limitsconfigconfigs_real_robot.yaml__noplot__servebox,"{""--ablation"": ""tube_only"", ""--ball-speed"": 7, ""--limits-config"": ""configs/real_robot.yaml"", ""--no-plot"": null, ""--serve-box"": null}",313,True,active,0.073703,1.946563,0.067844,55.0,105.0,1.01,1.0,1.1,10.0,0.073703,0.77,1.7,
exp17i_limits_ablation,ablationtube_only__ballspeed7__limitsconfigconfigs_real_robot.yaml__noplot__servebox,"{""--ablation"": ""tube_only"", ""--ball-speed"": 7, ""--limits-config"": ""configs/real_robot.yaml"", ""--no-plot"": null, ""--serve-box"": null}",315,True,active,0.054134,1.960969,0.054134,45.0,105.0,0.98,1.0,1.2,10.0,0.054134,0.601,1.53,
exp17i_limits_ablation,ablationtube_only__ballspeed7__limitsconfigconfigs_real_robot.yaml__noplot__servebox,"{""--ablation"": ""tube_only"", ""--ball-speed"": 7, ""--limits-config"": ""configs/real_robot.yaml"", ""--no-plot"": null, ""--serve-box"": null}",316,True,active,0.067195,1.931489,0.067195,45.0,105.0,1.01,1.0,1.3,15.0,0.067195,0.936,1.5,
exp17i_limits_ablation,ablationtube_only__ballspeed7__limitsconfigconfigs_real_robot.yaml__noplot__servebox,"{""--ablation"": ""tube_only"", ""--ball-speed"": 7, ""--limits-config"": ""configs/real_robot.yaml"", ""--no-plot"": null, ""--serve-box"": null}",317,False,miss,0.287423,1.92495,0.123393,0.0,0.0,1.0,0.99,1.2,0.0,0.287423,0.0,1.83,
exp17i_limits_ablation,ablationtube_only__ballspeed7__limitsconfigconfigs_real_robot.yaml__noplot__servebox,"{""--ablation"": ""tube_only"", ""--ball-speed"": 7, ""--limits-config"": ""configs/real_robot.yaml"", ""--no-plot"": null, ""--serve-box"": null}",307,True,active,0.111711,1.928508,0.08514,50.0,105.0,1.0,0.97,1.0,15.0,0.111711,0.966,2.79,
exp17i_limits_ablation,ablationtube_only__ballspeed7__limitsconfigconfigs_real_robot.yaml__noplot__servebox,"{""--ablation"": ""tube_only"", ""--ball-speed"": 7, ""--limits-config"": ""configs/real_robot.yaml"", ""--no-plot"": null, ""--serve-box"": null}",306,False,miss,0.296998,1.900295,0.162496,25.0,0.0,1.0,1.0,1.0,0.0,0.296998,0.0,2.99,
exp17i_limits_ablation,ablationtube_only__ballspeed7__limitsconfigconfigs_real_robot.yaml__noplot__servebox,"{""--ablation"": ""tube_only"", ""--ball-speed"": 7, ""--limits-config"": ""configs/real_robot.yaml"", ""--no-plot"": null, ""--serve-box"": null}",318,True,active,0.102315,1.942347,0.072572,0.0,0.0,1.0,1.0,1.0,20.0,0.102315,0.96,1.64,
exp17i_limits_ablation,ablationtube_only__ballspeed7__limitsconfigconfigs_real_robot.yaml__noplot__servebox,"{""--ablation"": ""tube_only"", ""--ball-speed"": 7, ""--limits-config"": ""configs/real_robot.yaml"", ""--no-plot"": null, ""--serve-box"": null}",319,True,active,0.119924,1.941951,0.101927,45.0,105.0,1.0,1.0,1.2,10.0,0.119924,0.929,1.58,
exp17i_limits_ablation,ablationtube_only__ballspeed7__limitsconfigconfigs_real_robot.yaml__noplot__servebox,"{""--ablation"": ""tube_only"", ""--ball-speed"": 7, ""--limits-config"": ""configs/real_robot.yaml"", ""--no-plot"": null, ""--serve-box"": null}",321,True,active,0.124189,1.930535,0.115043,45.0,105.0,0.98,0.99,1.5,15.0,0.124189,0.902,1.44,
exp17i_limits_ablation,ablationtube_only__ballspeed7__limitsconfigconfigs_real_robot.yaml__noplot__servebox,"{""--ablation"": ""tube_only"", ""--ball-speed"": 7, ""--limits-config"": ""configs/real_robot.yaml"", ""--no-plot"": null, ""--serve-box"": null}",308,False,miss,0.321074,1.91527,0.15499,0.0,0.0,1.26,0.97,1.5,0.0,0.321074,0.0,3.22,
exp17i_limits_ablation,ablationtube_only__ballspeed7__limitsconfigconfigs_real_robot.yaml__noplot__servebox,"{""--ablation"": ""tube_only"", ""--ball-speed"": 7, ""--limits-config"": ""configs/real_robot.yaml"", ""--no-plot"": null, ""--serve-box"": null}",320,False,miss,0.321725,1.931564,0.139005,10.0,35.0,0.99,0.99,1.4,0.0,0.321725,0.0,1.72,
exp17i_limits_ablation,ablationtube_only__ballspeed7__limitsconfigconfigs_real_robot.yaml__noplot__servebox,"{""--ablation"": ""tube_only"", ""--ball-speed"": 7, ""--limits-config"": ""configs/real_robot.yaml"", ""--no-plot"": null, ""--serve-box"": null}",314,False,miss,0.316689,1.91462,0.125628,0.0,0.0,0.98,0.99,1.1,0.0,0.316689,0.0,3.0,
exp17i_limits_ablation,ablationtube_only__ballspeed7__limitsconfigconfigs_real_robot.yaml__noplot__servebox,"{""--ablation"": ""tube_only"", ""--ball-speed"": 7, ""--limits-config"": ""configs/real_robot.yaml"", ""--no-plot"": null, ""--serve-box"": null}",323,False,miss,0.321189,1.908453,0.105294,0.0,0.0,1.0,1.0,1.3,0.0,0.321189,0.0,1.66,
exp17i_limits_ablation,ablationtube_only__ballspeed7__limitsconfigconfigs_real_robot.yaml__noplot__servebox,"{""--ablation"": ""tube_only"", ""--ball-speed"": 7, ""--limits-config"": ""configs/real_robot.yaml"", ""--no-plot"": null, ""--serve-box"": null}",325,False,miss,0.307088,1.940598,0.126499,0.0,0.0,1.0,0.99,1.1,0.0,0.307088,0.0,1.52,
exp17i_limits_ablation,ablationtube_only__ballspeed7__limitsconfigconfigs_real_robot.yaml__noplot__servebox,"{""--ablation"": ""tube_only"", ""--ball-speed"": 7, ""--limits-config"": ""configs/real_robot.yaml"", ""--no-plot"": null, ""--serve-box"": null}",324,True,active,0.107113,1.956652,0.06358,0.0,0.0,1.0,0.99,1.1,15.0,0.107113,0.983,1.84,
exp17i_limits_ablation,ablationtube_only__ballspeed7__limitsconfigconfigs_real_robot.yaml__noplot__servebox,"{""--ablation"": ""tube_only"", ""--ball-speed"": 7, ""--limits-config"": ""configs/real_robot.yaml"", ""--no-plot"": null, ""--serve-box"": null}",326,False,miss,0.313082,1.927994,0.143628,35.0,65.0,1.0,1.0,1.1,0.0,0.313082,0.0,1.68,
exp17i_limits_ablation,ablationtube_only__ballspeed7__limitsconfigconfigs_real_robot.yaml__noplot__servebox,"{""--ablation"": ""tube_only"", ""--ball-speed"": 7, ""--limits-config"": ""configs/real_robot.yaml"", ""--no-plot"": null, ""--serve-box"": null}",312,True,active,0.094399,1.944623,0.068199,40.0,75.0,1.0,0.99,0.9,10.0,0.094399,0.974,3.69,
exp17i_limits_ablation,ablationtube_only__ballspeed7__limitsconfigconfigs_real_robot.yaml__noplot__servebox,"{""--ablation"": ""tube_only"", ""--ball-speed"": 7, ""--limits-config"": ""configs/real_robot.yaml"", ""--no-plot"": null, ""--serve-box"": null}",328,False,miss,0.379822,1.939881,0.179512,10.0,0.0,1.0,1.0,1.5,0.0,0.379822,0.0,1.47,
exp17i_limits_ablation,ablationtube_only__ballspeed7__limitsconfigconfigs_real_robot.yaml__noplot__servebox,"{""--ablation"": ""tube_only"", ""--ball-speed"": 7, ""--limits-config"": ""configs/real_robot.yaml"", ""--no-plot"": null, ""--serve-box"": null}",332,True,active,0.109232,1.932767,0.077219,45.0,60.0,1.0,1.0,1.1,10.0,0.109232,0.954,1.56,
exp17i_limits_ablation,ablationtube_only__ballspeed7__limitsconfigconfigs_real_robot.yaml__noplot__servebox,"{""--ablation"": ""tube_only"", ""--ball-speed"": 7, ""--limits-config"": ""configs/real_robot.yaml"", ""--no-plot"": null, ""--serve-box"": null}",322,True,active,0.129533,1.975506,0.121038,45.0,105.0,1.0,1.0,1.0,5.0,0.129533,0.725,2.98,
exp17i_limits_ablation,ablationtube_only__ballspeed7__limitsconfigconfigs_real_robot.yaml__noplot__servebox,"{""--ablation"": ""tube_only"", ""--ball-speed"": 7, ""--limits-config"": ""configs/real_robot.yaml"", ""--no-plot"": null, ""--serve-box"": null}",335,True,active,0.094688,1.94764,0.094688,50.0,105.0,1.01,0.99,1.3,5.0,0.094688,0.708,1.67,
exp17i_limits_ablation,ablationtube_only__ballspeed7__limitsconfigconfigs_real_robot.yaml__noplot__servebox,"{""--ablation"": ""tube_only"", ""--ball-speed"": 7, ""--limits-config"": ""configs/real_robot.yaml"", ""--no-plot"": null, ""--serve-box"": null}",329,False,miss,0.385667,1.887772,0.315932,0.0,0.0,1.25,1.0,1.1,0.0,0.385667,0.0,2.37,
exp17i_limits_ablation,ablationtube_only__ballspeed7__limitsconfigconfigs_real_robot.yaml__noplot__servebox,"{""--ablation"": ""tube_only"", ""--ball-speed"": 7, ""--limits-config"": ""configs/real_robot.yaml"", ""--no-plot"": null, ""--serve-box"": null}",333,False,miss,0.356127,1.94693,0.14114,30.0,75.0,1.0,0.99,1.2,0.0,0.356127,0.0,2.0,
exp17i_limits_ablation,ablationtube_only__ballspeed7__limitsconfigconfigs_real_robot.yaml__noplot__servebox,"{""--ablation"": ""tube_only"", ""--ball-speed"": 7, ""--limits-config"": ""configs/real_robot.yaml"", ""--no-plot"": null, ""--serve-box"": null}",336,False,miss,0.335743,1.918213,0.14003,0.0,0.0,0.99,0.98,1.4,0.0,0.335743,0.0,1.63,
exp17i_limits_ablation,ablationtube_only__ballspeed7__limitsconfigconfigs_real_robot.yaml__noplot__servebox,"{""--ablation"": ""tube_only"", ""--ball-speed"": 7, ""--limits-config"": ""configs/real_robot.yaml"", ""--no-plot"": null, ""--serve-box"": null}",341,True,active,0.100904,1.94878,0.069725,0.0,0.0,0.99,1.0,1.3,20.0,0.100904,0.972,1.51,
exp17i_limits_ablation,ablationtube_only__ballspeed7__limitsconfigconfigs_real_robot.yaml__noplot__servebox,"{""--ablation"": ""tube_only"", ""--ball-speed"": 7, ""--limits-config"": ""configs/real_robot.yaml"", ""--no-plot"": null, ""--serve-box"": null}",338,False,miss,0.226052,1.943365,0.124762,0.0,40.0,1.0,0.98,0.9,0.0,0.226052,0.0,1.83,
exp17i_limits_ablation,ablationtube_only__ballspeed7__limitsconfigconfigs_real_robot.yaml__noplot__servebox,"{""--ablation"": ""tube_only"", ""--ball-speed"": 7, ""--limits-config"": ""configs/real_robot.yaml"", ""--no-plot"": null, ""--serve-box"": null}",340,False,miss,0.388408,1.773652,0.314579,0.0,0.0,1.0,0.57,0.7,0.0,0.388408,0.0,1.74,
exp17i_limits_ablation,ablationtube_only__ballspeed7__limitsconfigconfigs_real_robot.yaml__noplot__servebox,"{""--ablation"": ""tube_only"", ""--ball-speed"": 7, ""--limits-config"": ""configs/real_robot.yaml"", ""--no-plot"": null, ""--serve-box"": null}",327,True,active,0.097928,1.910765,0.017857,55.0,55.0,1.0,0.99,1.3,5.0,0.097928,0.8,3.52,
exp17i_limits_ablation,ablationtube_only__ballspeed7__limitsconfigconfigs_real_robot.yaml__noplot__servebox,"{""--ablation"": ""tube_only"", ""--ball-speed"": 7, ""--limits-config"": ""configs/real_robot.yaml"", ""--no-plot"": null, ""--serve-box"": null}",351,,,,,,,,,,,,,,0.19,no_result
exp17i_limits_ablation,ablationtube_only__ballspeed7__limitsconfigconfigs_real_robot.yaml__noplot__servebox,"{""--ablation"": ""tube_only"", ""--ball-speed"": 7, ""--limits-config"": ""configs/real_robot.yaml"", ""--no-plot"": null, ""--serve-box"": null}",342,True,active,0.055833,1.957533,0.053361,50.0,105.0,1.0,0.99,1.1,15.0,0.055833,0.954,1.81,
exp17i_limits_ablation,ablationtube_only__ballspeed7__limitsconfigconfigs_real_robot.yaml__noplot__servebox,"{""--ablation"": ""tube_only"", ""--ball-speed"": 7, ""--limits-config"": ""configs/real_robot.yaml"", ""--no-plot"": null, ""--serve-box"": null}",331,False,miss,0.314592,1.948098,0.127146,0.0,0.0,0.99,1.0,1.3,0.0,0.314592,0.0,3.14,
exp17i_limits_ablation,ablationtube_only__ballspeed7__limitsconfigconfigs_real_robot.yaml__noplot__servebox,"{""--ablation"": ""tube_only"", ""--ball-speed"": 7, ""--limits-config"": ""configs/real_robot.yaml"", ""--no-plot"": null, ""--serve-box"": null}",334,False,miss,0.336533,1.936396,0.132424,0.0,0.0,0.99,0.99,1.0,0.0,0.336533,0.0,3.01,
exp17i_limits_ablation,ablationtube_only__ballspeed7__limitsconfigconfigs_real_robot.yaml__noplot__servebox,"{""--ablation"": ""tube_only"", ""--ball-speed"": 7, ""--limits-config"": ""configs/real_robot.yaml"", ""--no-plot"": null, ""--serve-box"": null}",339,False,miss,0.307344,1.923591,0.110425,0.0,0.0,0.99,1.0,1.3,0.0,0.307344,0.0,2.21,
exp17i_limits_ablation,ablationtube_only__ballspeed7__limitsconfigconfigs_real_robot.yaml__noplot__servebox,"{""--ablation"": ""tube_only"", ""--ball-speed"": 7, ""--limits-config"": ""configs/real_robot.yaml"", ""--no-plot"": null, ""--serve-box"": null}",343,False,miss,0.280566,1.925608,0.145399,30.0,95.0,0.86,0.98,0.9,0.0,0.280566,0.0,1.75,
exp17i_limits_ablation,ablationtube_only__ballspeed7__limitsconfigconfigs_real_robot.yaml__noplot__servebox,"{""--ablation"": ""tube_only"", ""--ball-speed"": 7, ""--limits-config"": ""configs/real_robot.yaml"", ""--no-plot"": null, ""--serve-box"": null}",330,True,active,0.10658,1.940369,0.049187,60.0,85.0,1.0,1.0,1.2,15.0,0.10658,0.966,3.55,
exp17i_limits_ablation,ablationtube_only__ballspeed7__limitsconfigconfigs_real_robot.yaml__noplot__servebox,"{""--ablation"": ""tube_only"", ""--ball-speed"": 7, ""--limits-config"": ""configs/real_robot.yaml"", ""--no-plot"": null, ""--serve-box"": null}",344,True,active,0.083144,1.925542,0.047086,0.0,0.0,1.0,0.98,1.3,20.0,0.083144,0.992,1.57,
exp17i_limits_ablation,ablationtube_only__ballspeed7__limitsconfigconfigs_real_robot.yaml__noplot__servebox,"{""--ablation"": ""tube_only"", ""--ball-speed"": 7, ""--limits-config"": ""configs/real_robot.yaml"", ""--no-plot"": null, ""--serve-box"": null}",347,True,active,0.04247,1.952244,0.038747,55.0,105.0,1.0,0.98,1.2,5.0,0.04247,0.689,1.55,
exp17i_limits_ablation,ablationtube_only__ballspeed7__limitsconfigconfigs_real_robot.yaml__noplot__servebox,"{""--ablation"": ""tube_only"", ""--ball-speed"": 7, ""--limits-config"": ""configs/real_robot.yaml"", ""--no-plot"": null, ""--serve-box"": null}",337,False,miss,0.390991,1.934476,0.138677,35.0,85.0,1.0,0.97,1.5,0.0,0.390991,0.0,3.08,
exp17i_limits_ablation,ablationtube_only__ballspeed7__limitsconfigconfigs_real_robot.yaml__noplot__servebox,"{""--ablation"": ""tube_only"", ""--ball-speed"": 7, ""--limits-config"": ""configs/real_robot.yaml"", ""--no-plot"": null, ""--serve-box"": null}",350,True,active,0.13246,1.945873,0.129854,40.0,105.0,0.99,0.99,1.3,20.0,0.13246,0.953,1.5,
exp17i_limits_ablation,ablationtube_only__ballspeed7__limitsconfigconfigs_real_robot.yaml__noplot__servebox,"{""--ablation"": ""tube_only"", ""--ball-speed"": 7, ""--limits-config"": ""configs/real_robot.yaml"", ""--no-plot"": null, ""--serve-box"": null}",345,True,active,0.094147,1.945201,0.040412,60.0,105.0,1.0,1.0,1.3,15.0,0.094147,0.966,2.32,
exp17i_limits_ablation,ablationtube_only__ballspeed7__limitsconfigconfigs_real_robot.yaml__noplot__servebox,"{""--ablation"": ""tube_only"", ""--ball-speed"": 7, ""--limits-config"": ""configs/real_robot.yaml"", ""--no-plot"": null, ""--serve-box"": null}",353,True,active,0.100036,1.908848,0.071386,50.0,105.0,1.0,0.99,1.2,20.0,0.100036,0.97,1.5,
exp17i_limits_ablation,ablationtube_only__ballspeed7__limitsconfigconfigs_real_robot.yaml__noplot__servebox,"{""--ablation"": ""tube_only"", ""--ball-speed"": 7, ""--limits-config"": ""configs/real_robot.yaml"", ""--no-plot"": null, ""--serve-box"": null}",348,False,miss,0.365281,1.949813,0.15362,15.0,0.0,1.0,1.0,1.3,0.0,0.365281,0.0,2.13,
exp17i_limits_ablation,ablationtube_only__ballspeed7__limitsconfigconfigs_real_robot.yaml__noplot__servebox,"{""--ablation"": ""tube_only"", ""--ball-speed"": 7, ""--limits-config"": ""configs/real_robot.yaml"", ""--no-plot"": null, ""--serve-box"": null}",346,False,miss,0.391777,1.851497,0.321385,0.0,0.0,1.0,0.89,1.1,0.0,0.391777,0.0,2.74,
exp17i_limits_ablation,ablationtube_only__ballspeed7__limitsconfigconfigs_real_robot.yaml__noplot__servebox,"{""--ablation"": ""tube_only"", ""--ball-speed"": 7, ""--limits-config"": ""configs/real_robot.yaml"", ""--no-plot"": null, ""--serve-box"": null}",357,False,miss,0.310592,1.910895,0.178919,0.0,0.0,0.98,1.0,1.1,0.0,0.310592,0.0,1.67,
exp17i_limits_ablation,ablationtube_only__ballspeed7__limitsconfigconfigs_real_robot.yaml__noplot__servebox,"{""--ablation"": ""tube_only"", ""--ball-speed"": 7, ""--limits-config"": ""configs/real_robot.yaml"", ""--no-plot"": null, ""--serve-box"": null}",356,False,miss,0.280116,1.91175,0.100286,0.0,0.0,1.0,0.99,1.2,0.0,0.280116,0.0,1.88,
exp17i_limits_ablation,ablationtube_only__ballspeed7__limitsconfigconfigs_real_robot.yaml__noplot__servebox,"{""--ablation"": ""tube_only"", ""--ball-speed"": 7, ""--limits-config"": ""configs/real_robot.yaml"", ""--no-plot"": null, ""--serve-box"": null}",358,True,active,0.108378,1.92045,0.10476,55.0,105.0,1.01,1.0,1.4,5.0,0.108378,0.634,1.74,
exp17i_limits_ablation,ablationtube_only__ballspeed7__limitsconfigconfigs_real_robot.yaml__noplot__servebox,"{""--ablation"": ""tube_only"", ""--ball-speed"": 7, ""--limits-config"": ""configs/real_robot.yaml"", ""--no-plot"": null, ""--serve-box"": null}",362,True,active,0.098952,1.965509,0.089132,50.0,105.0,1.0,0.99,0.9,10.0,0.098952,0.921,1.63,
exp17i_limits_ablation,ablationtube_only__ballspeed7__limitsconfigconfigs_real_robot.yaml__noplot__servebox,"{""--ablation"": ""tube_only"", ""--ball-speed"": 7, ""--limits-config"": ""configs/real_robot.yaml"", ""--no-plot"": null, ""--serve-box"": null}",354,True,active,0.131597,1.963902,0.120631,40.0,105.0,1.0,1.0,1.2,10.0,0.131597,0.889,2.52,
exp17i_limits_ablation,ablationtube_only__ballspeed7__limitsconfigconfigs_real_robot.yaml__noplot__servebox,"{""--ablation"": ""tube_only"", ""--ball-speed"": 7, ""--limits-config"": ""configs/real_robot.yaml"", ""--no-plot"": null, ""--serve-box"": null}",360,True,active,0.113176,1.949858,0.089967,55.0,90.0,0.99,1.0,1.3,15.0,0.113176,0.887,2.18,
exp17i_limits_ablation,ablationtube_only__ballspeed7__limitsconfigconfigs_real_robot.yaml__noplot__servebox,"{""--ablation"": ""tube_only"", ""--ball-speed"": 7, ""--limits-config"": ""configs/real_robot.yaml"", ""--no-plot"": null, ""--serve-box"": null}",363,True,active,0.139399,1.92805,0.135123,45.0,105.0,1.0,0.98,1.3,5.0,0.139399,0.531,1.6,
exp17i_limits_ablation,ablationtube_only__ballspeed7__limitsconfigconfigs_real_robot.yaml__noplot__servebox,"{""--ablation"": ""tube_only"", ""--ball-speed"": 7, ""--limits-config"": ""configs/real_robot.yaml"", ""--no-plot"": null, ""--serve-box"": null}",361,False,miss,1.029668,1.741976,0.885371,0.0,0.0,23.33,24.4,28.1,0.0,1.029668,0.0,2.13,
exp17i_limits_ablation,ablationtube_only__ballspeed7__limitsconfigconfigs_real_robot.yaml__noplot__servebox,"{""--ablation"": ""tube_only"", ""--ball-speed"": 7, ""--limits-config"": ""configs/real_robot.yaml"", ""--no-plot"": null, ""--serve-box"": null}",352,False,miss,0.463853,1.746906,0.355128,0.0,0.0,0.39,0.43,0.3,0.0,0.463853,0.0,3.01,
exp17i_limits_ablation,ablationtube_only__ballspeed7__limitsconfigconfigs_real_robot.yaml__noplot__servebox,"{""--ablation"": ""tube_only"", ""--ball-speed"": 7, ""--limits-config"": ""configs/real_robot.yaml"", ""--no-plot"": null, ""--serve-box"": null}",364,False,miss,0.340047,1.909767,0.243188,0.0,0.0,1.0,1.0,1.2,0.0,0.340047,0.0,1.69,
exp17i_limits_ablation,ablationtube_only__ballspeed7__limitsconfigconfigs_real_robot.yaml__noplot__servebox,"{""--ablation"": ""tube_only"", ""--ball-speed"": 7, ""--limits-config"": ""configs/real_robot.yaml"", ""--no-plot"": null, ""--serve-box"": null}",349,False,miss,0.342611,1.957844,0.204299,0.0,0.0,0.99,0.99,0.9,0.0,0.342611,0.0,3.55,
exp17i_limits_ablation,ablationtube_only__ballspeed7__limitsconfigconfigs_real_robot.yaml__noplot__servebox,"{""--ablation"": ""tube_only"", ""--ball-speed"": 7, ""--limits-config"": ""configs/real_robot.yaml"", ""--no-plot"": null, ""--serve-box"": null}",355,True,active,0.111509,1.939456,0.0678,0.0,0.0,1.0,1.0,0.9,15.0,0.111509,0.95,3.09,
exp17i_limits_ablation,ablationtube_only__ballspeed7__limitsconfigconfigs_real_robot.yaml__noplot__servebox,"{""--ablation"": ""tube_only"", ""--ball-speed"": 7, ""--limits-config"": ""configs/real_robot.yaml"", ""--no-plot"": null, ""--serve-box"": null}",365,False,miss,0.325518,1.95242,0.141056,35.0,70.0,0.95,0.99,1.1,0.0,0.325518,0.0,1.86,
exp17i_limits_ablation,ablationtube_only__ballspeed7__limitsconfigconfigs_real_robot.yaml__noplot__servebox,"{""--ablation"": ""tube_only"", ""--ball-speed"": 7, ""--limits-config"": ""configs/real_robot.yaml"", ""--no-plot"": null, ""--serve-box"": null}",370,True,active,0.071038,1.967835,0.030808,0.0,15.0,0.99,0.99,0.8,20.0,0.071038,0.979,1.61,
exp17i_limits_ablation,ablationtube_only__ballspeed7__limitsconfigconfigs_real_robot.yaml__noplot__servebox,"{""--ablation"": ""tube_only"", ""--ball-speed"": 7, ""--limits-config"": ""configs/real_robot.yaml"", ""--no-plot"": null, ""--serve-box"": null}",367,False,miss,0.245777,1.945581,0.097139,0.0,0.0,0.99,0.99,0.9,0.0,0.245777,0.0,1.88,
exp17i_limits_ablation,ablationtube_only__ballspeed7__limitsconfigconfigs_real_robot.yaml__noplot__servebox,"{""--ablation"": ""tube_only"", ""--ball-speed"": 7, ""--limits-config"": ""configs/real_robot.yaml"", ""--no-plot"": null, ""--serve-box"": null}",369,True,active,0.097478,1.926011,0.030447,0.0,0.0,1.0,0.99,1.4,20.0,0.097478,0.953,1.78,
exp17i_limits_ablation,ablationtube_only__ballspeed7__limitsconfigconfigs_real_robot.yaml__noplot__servebox,"{""--ablation"": ""tube_only"", ""--ball-speed"": 7, ""--limits-config"": ""configs/real_robot.yaml"", ""--no-plot"": null, ""--serve-box"": null}",368,True,active,0.112612,1.936658,0.086636,60.0,105.0,1.0,0.99,1.4,20.0,0.112612,0.974,2.03,
exp17i_limits_ablation,ablationtube_only__ballspeed7__limitsconfigconfigs_real_robot.yaml__noplot__servebox,"{""--ablation"": ""tube_only"", ""--ball-speed"": 7, ""--limits-config"": ""configs/real_robot.yaml"", ""--no-plot"": null, ""--serve-box"": null}",359,False,miss,0.362924,1.817135,0.304677,0.0,0.0,1.19,0.99,1.0,0.0,0.362924,0.0,3.63,
exp17i_limits_ablation,ablationtube_only__ballspeed7__limitsconfigconfigs_real_robot.yaml__noplot__servebox,"{""--ablation"": ""tube_only"", ""--ball-speed"": 7, ""--limits-config"": ""configs/real_robot.yaml"", ""--no-plot"": null, ""--serve-box"": null}",366,True,active,0.113247,1.922017,0.071822,0.0,0.0,1.0,1.0,1.1,20.0,0.113247,0.965,2.71,
exp17i_limits_ablation,ablationtube_only__ballspeed7__limitsconfigconfigs_real_robot.yaml__noplot__servebox,"{""--ablation"": ""tube_only"", ""--ball-speed"": 7, ""--limits-config"": ""configs/real_robot.yaml"", ""--no-plot"": null, ""--serve-box"": null}",371,True,active,0.095325,1.945213,0.091518,45.0,105.0,1.0,1.0,1.2,15.0,0.095325,0.97,1.8,
exp17i_limits_ablation,ablationtube_only__ballspeed7__limitsconfigconfigs_real_robot.yaml__noplot__servebox,"{""--ablation"": ""tube_only"", ""--ball-speed"": 7, ""--limits-config"": ""configs/real_robot.yaml"", ""--no-plot"": null, ""--serve-box"": null}",373,True,active,0.085871,1.975312,0.068354,45.0,105.0,1.0,1.0,1.2,20.0,0.085871,0.923,1.72,
exp17i_limits_ablation,ablationtube_only__ballspeed7__limitsconfigconfigs_real_robot.yaml__noplot__servebox,"{""--ablation"": ""tube_only"", ""--ball-speed"": 7, ""--limits-config"": ""configs/real_robot.yaml"", ""--no-plot"": null, ""--serve-box"": null}",374,False,miss,0.384054,1.933938,0.120676,40.0,105.0,1.0,0.99,1.2,0.0,0.384054,0.0,1.64,
exp17i_limits_ablation,ablationtube_only__ballspeed7__limitsconfigconfigs_real_robot.yaml__noplot__servebox,"{""--ablation"": ""tube_only"", ""--ball-speed"": 7, ""--limits-config"": ""configs/real_robot.yaml"", ""--no-plot"": null, ""--serve-box"": null}",378,False,miss,0.300352,1.898992,0.136408,0.0,0.0,0.99,1.0,1.4,0.0,0.300352,0.0,1.54,
exp17i_limits_ablation,ablationtube_only__ballspeed7__limitsconfigconfigs_real_robot.yaml__noplot__servebox,"{""--ablation"": ""tube_only"", ""--ball-speed"": 7, ""--limits-config"": ""configs/real_robot.yaml"", ""--no-plot"": null, ""--serve-box"": null}",381,False,miss,0.329393,1.954161,0.138069,30.0,90.0,1.0,0.99,1.2,0.0,0.329393,0.0,1.52,
exp17i_limits_ablation,ablationtube_only__ballspeed7__limitsconfigconfigs_real_robot.yaml__noplot__servebox,"{""--ablation"": ""tube_only"", ""--ball-speed"": 7, ""--limits-config"": ""configs/real_robot.yaml"", ""--no-plot"": null, ""--serve-box"": null}",383,True,active,0.111674,1.948521,0.097107,50.0,105.0,0.97,1.0,1.1,15.0,0.111674,0.899,1.48,
exp17i_limits_ablation,ablationtube_only__ballspeed7__limitsconfigconfigs_real_robot.yaml__noplot__servebox,"{""--ablation"": ""tube_only"", ""--ball-speed"": 7, ""--limits-config"": ""configs/real_robot.yaml"", ""--no-plot"": null, ""--serve-box"": null}",380,False,miss,0.550925,1.669979,0.437914,0.0,0.0,1.0,0.44,0.7,0.0,0.550925,0.0,2.05,
exp17i_limits_ablation,ablationtube_only__ballspeed7__limitsconfigconfigs_real_robot.yaml__noplot__servebox,"{""--ablation"": ""tube_only"", ""--ball-speed"": 7, ""--limits-config"": ""configs/real_robot.yaml"", ""--no-plot"": null, ""--serve-box"": null}",386,False,miss,0.317471,1.934352,0.11627,0.0,0.0,0.99,0.91,1.2,0.0,0.317471,0.0,1.44,
exp17i_limits_ablation,ablationtube_only__ballspeed7__limitsconfigconfigs_real_robot.yaml__noplot__servebox,"{""--ablation"": ""tube_only"", ""--ball-speed"": 7, ""--limits-config"": ""configs/real_robot.yaml"", ""--no-plot"": null, ""--serve-box"": null}",372,False,miss,0.357273,1.92519,0.14861,30.0,25.0,1.0,1.0,1.2,0.0,0.357273,0.0,3.17,
exp17i_limits_ablation,ablationtube_only__ballspeed7__limitsconfigconfigs_real_robot.yaml__noplot__servebox,"{""--ablation"": ""tube_only"", ""--ball-speed"": 7, ""--limits-config"": ""configs/real_robot.yaml"", ""--no-plot"": null, ""--serve-box"": null}",379,True,active,0.101303,1.950339,0.096142,50.0,105.0,1.0,0.98,0.9,15.0,0.101303,0.925,2.54,
exp17i_limits_ablation,ablationtube_only__ballspeed7__limitsconfigconfigs_real_robot.yaml__noplot__servebox,"{""--ablation"": ""tube_only"", ""--ball-speed"": 7, ""--limits-config"": ""configs/real_robot.yaml"", ""--no-plot"": null, ""--serve-box"": null}",389,True,active,0.111762,1.895023,0.076431,0.0,0.0,0.99,1.0,1.2,20.0,0.111762,0.969,1.48,
exp17i_limits_ablation,ablationtube_only__ballspeed7__limitsconfigconfigs_real_robot.yaml__noplot__servebox,"{""--ablation"": ""tube_only"", ""--ball-speed"": 7, ""--limits-config"": ""configs/real_robot.yaml"", ""--no-plot"": null, ""--serve-box"": null}",376,False,miss,0.283916,1.938662,0.117472,0.0,0.0,1.0,0.99,1.1,0.0,0.283916,0.0,3.02,
exp17i_limits_ablation,ablationtube_only__ballspeed7__limitsconfigconfigs_real_robot.yaml__noplot__servebox,"{""--ablation"": ""tube_only"", ""--ball-speed"": 7, ""--limits-config"": ""configs/real_robot.yaml"", ""--no-plot"": null, ""--serve-box"": null}",385,False,miss,0.610024,1.793156,0.584402,0.0,0.0,2.23,2.14,2.1,0.0,0.610024,0.0,1.97,
exp17i_limits_ablation,ablationtube_only__ballspeed7__limitsconfigconfigs_real_robot.yaml__noplot__servebox,"{""--ablation"": ""tube_only"", ""--ball-speed"": 7, ""--limits-config"": ""configs/real_robot.yaml"", ""--no-plot"": null, ""--serve-box"": null}",387,True,active,0.11984,1.921621,0.088622,0.0,10.0,1.0,0.99,1.4,25.0,0.11984,0.977,1.75,
exp17i_limits_ablation,ablationtube_only__ballspeed7__limitsconfigconfigs_real_robot.yaml__noplot__servebox,"{""--ablation"": ""tube_only"", ""--ball-speed"": 7, ""--limits-config"": ""configs/real_robot.yaml"", ""--no-plot"": null, ""--serve-box"": null}",388,True,active,0.124889,1.913362,0.104355,50.0,105.0,1.0,0.98,1.1,5.0,0.124889,0.731,1.69,
exp17i_limits_ablation,ablationtube_only__ballspeed7__limitsconfigconfigs_real_robot.yaml__noplot__servebox,"{""--ablation"": ""tube_only"", ""--ball-speed"": 7, ""--limits-config"": ""configs/real_robot.yaml"", ""--no-plot"": null, ""--serve-box"": null}",377,True,active,0.125735,1.937364,0.100351,35.0,65.0,1.0,1.0,1.2,15.0,0.125735,0.797,3.1,
exp17i_limits_ablation,ablationtube_only__ballspeed7__limitsconfigconfigs_real_robot.yaml__noplot__servebox,"{""--ablation"": ""tube_only"", ""--ball-speed"": 7, ""--limits-config"": ""configs/real_robot.yaml"", ""--no-plot"": null, ""--serve-box"": null}",390,False,miss,0.294452,1.929305,0.10561,0.0,0.0,1.0,1.0,1.1,0.0,0.294452,0.0,1.45,
exp17i_limits_ablation,ablationtube_only__ballspeed7__limitsconfigconfigs_real_robot.yaml__noplot__servebox,"{""--ablation"": ""tube_only"", ""--ball-speed"": 7, ""--limits-config"": ""configs/real_robot.yaml"", ""--no-plot"": null, ""--serve-box"": null}",384,True,active,0.04343,1.956218,0.04343,45.0,105.0,1.0,0.99,1.2,10.0,0.04343,0.959,2.32,
exp17i_limits_ablation,ablationtube_only__ballspeed7__limitsconfigconfigs_real_robot.yaml__noplot__servebox,"{""--ablation"": ""tube_only"", ""--ball-speed"": 7, ""--limits-config"": ""configs/real_robot.yaml"", ""--no-plot"": null, ""--serve-box"": null}",375,True,active,0.095307,1.932955,0.082031,50.0,105.0,1.0,0.99,1.0,15.0,0.095307,0.959,3.79,
exp17i_limits_ablation,ablationtube_only__ballspeed7__limitsconfigconfigs_real_robot.yaml__noplot__servebox,"{""--ablation"": ""tube_only"", ""--ball-speed"": 7, ""--limits-config"": ""configs/real_robot.yaml"", ""--no-plot"": null, ""--serve-box"": null}",392,True,active,0.111283,1.959003,0.078674,55.0,105.0,1.0,0.97,1.0,10.0,0.111283,0.99,1.53,
exp17i_limits_ablation,ablationtube_only__ballspeed7__limitsconfigconfigs_real_robot.yaml__noplot__servebox,"{""--ablation"": ""tube_only"", ""--ball-speed"": 7, ""--limits-config"": ""configs/real_robot.yaml"", ""--no-plot"": null, ""--serve-box"": null}",391,True,active,0.13286,1.952893,0.124098,45.0,105.0,1.0,1.0,1.4,10.0,0.13286,0.798,1.76,
exp17i_limits_ablation,ablationtube_only__ballspeed7__limitsconfigconfigs_real_robot.yaml__noplot__servebox,"{""--ablation"": ""tube_only"", ""--ball-speed"": 7, ""--limits-config"": ""configs/real_robot.yaml"", ""--no-plot"": null, ""--serve-box"": null}",395,True,active,0.140777,1.921929,0.132848,50.0,80.0,1.0,0.99,1.4,10.0,0.140777,0.576,1.58,
exp17i_limits_ablation,ablationtube_only__ballspeed7__limitsconfigconfigs_real_robot.yaml__noplot__servebox,"{""--ablation"": ""tube_only"", ""--ball-speed"": 7, ""--limits-config"": ""configs/real_robot.yaml"", ""--no-plot"": null, ""--serve-box"": null}",397,False,miss,0.327538,1.947055,0.130263,35.0,105.0,1.0,1.0,1.2,0.0,0.327538,0.0,1.52,
exp17i_limits_ablation,ablationtube_only__ballspeed7__limitsconfigconfigs_real_robot.yaml__noplot__servebox,"{""--ablation"": ""tube_only"", ""--ball-speed"": 7, ""--limits-config"": ""configs/real_robot.yaml"", ""--no-plot"": null, ""--serve-box"": null}",382,True,active,0.098249,1.964729,0.033642,65.0,105.0,1.0,0.99,1.1,20.0,0.098249,0.915,3.67,
exp17i_limits_ablation,ablationsoftmin_only__ballspeed7__limitsconfigconfigs_real_robot.yaml__noplot__servebox,"{""--ablation"": ""softmin_only"", ""--ball-speed"": 7, ""--limits-config"": ""configs/real_robot.yaml"", ""--no-plot"": null, ""--serve-box"": null}",1,True,active,0.13542,1.915462,0.109365,50.0,60.0,1.0,0.99,1.1,20.0,0.13542,0.971,1.55,
exp17i_limits_ablation,ablationtube_only__ballspeed7__limitsconfigconfigs_real_robot.yaml__noplot__servebox,"{""--ablation"": ""tube_only"", ""--ball-speed"": 7, ""--limits-config"": ""configs/real_robot.yaml"", ""--no-plot"": null, ""--serve-box"": null}",398,True,active,0.137141,1.936122,0.124942,45.0,90.0,1.0,1.0,1.2,10.0,0.137141,0.77,1.76,
exp17i_limits_ablation,ablationtube_only__ballspeed7__limitsconfigconfigs_real_robot.yaml__noplot__servebox,"{""--ablation"": ""tube_only"", ""--ball-speed"": 7, ""--limits-config"": ""configs/real_robot.yaml"", ""--no-plot"": null, ""--serve-box"": null}",399,False,miss,0.273218,1.892189,0.200747,0.0,0.0,1.0,0.99,0.9,0.0,0.273218,0.0,1.8,
exp17i_limits_ablation,ablationtube_only__ballspeed7__limitsconfigconfigs_real_robot.yaml__noplot__servebox,"{""--ablation"": ""tube_only"", ""--ball-speed"": 7, ""--limits-config"": ""configs/real_robot.yaml"", ""--no-plot"": null, ""--serve-box"": null}",400,True,active,0.114328,1.928821,0.078787,0.0,0.0,1.0,1.0,1.4,25.0,0.114328,0.928,1.83,
exp17i_limits_ablation,ablationsoftmin_only__ballspeed7__limitsconfigconfigs_real_robot.yaml__noplot__servebox,"{""--ablation"": ""softmin_only"", ""--ball-speed"": 7, ""--limits-config"": ""configs/real_robot.yaml"", ""--no-plot"": null, ""--serve-box"": null}",4,False,miss,0.399414,1.94829,0.125848,0.0,0.0,1.0,0.98,1.4,0.0,0.399414,0.0,1.68,
exp17i_limits_ablation,ablationtube_only__ballspeed7__limitsconfigconfigs_real_robot.yaml__noplot__servebox,"{""--ablation"": ""tube_only"", ""--ball-speed"": 7, ""--limits-config"": ""configs/real_robot.yaml"", ""--no-plot"": null, ""--serve-box"": null}",393,False,miss,0.3369,1.919678,0.15007,0.0,0.0,1.0,0.99,1.3,0.0,0.3369,0.0,3.07,
exp17i_limits_ablation,ablationtube_only__ballspeed7__limitsconfigconfigs_real_robot.yaml__noplot__servebox,"{""--ablation"": ""tube_only"", ""--ball-speed"": 7, ""--limits-config"": ""configs/real_robot.yaml"", ""--no-plot"": null, ""--serve-box"": null}",396,True,active,0.091661,1.958195,0.090636,45.0,105.0,0.99,1.0,1.1,10.0,0.091661,0.878,2.83,
exp17i_limits_ablation,ablationsoftmin_only__ballspeed7__limitsconfigconfigs_real_robot.yaml__noplot__servebox,"{""--ablation"": ""softmin_only"", ""--ball-speed"": 7, ""--limits-config"": ""configs/real_robot.yaml"", ""--no-plot"": null, ""--serve-box"": null}",7,True,active,0.106224,1.940038,0.080979,55.0,100.0,1.0,1.0,1.0,25.0,0.106224,0.985,1.63,
exp17i_limits_ablation,ablationtube_only__ballspeed7__limitsconfigconfigs_real_robot.yaml__noplot__servebox,"{""--ablation"": ""tube_only"", ""--ball-speed"": 7, ""--limits-config"": ""configs/real_robot.yaml"", ""--no-plot"": null, ""--serve-box"": null}",394,False,miss,0.352832,1.92016,0.181127,5.0,0.0,1.0,0.99,1.3,0.0,0.352832,0.0,3.0,
exp17i_limits_ablation,ablationsoftmin_only__ballspeed7__limitsconfigconfigs_real_robot.yaml__noplot__servebox,"{""--ablation"": ""softmin_only"", ""--ball-speed"": 7, ""--limits-config"": ""configs/real_robot.yaml"", ""--no-plot"": null, ""--serve-box"": null}",5,False,miss,0.33278,1.968177,0.116577,0.0,0.0,1.0,1.0,1.1,0.0,0.33278,0.0,2.17,
exp17i_limits_ablation,ablationsoftmin_only__ballspeed7__limitsconfigconfigs_real_robot.yaml__noplot__servebox,"{""--ablation"": ""softmin_only"", ""--ball-speed"": 7, ""--limits-config"": ""configs/real_robot.yaml"", ""--no-plot"": null, ""--serve-box"": null}",8,True,active,0.110891,1.927454,0.08526,20.0,50.0,1.0,0.99,1.5,15.0,0.110891,0.958,1.57,
exp17i_limits_ablation,ablationsoftmin_only__ballspeed7__limitsconfigconfigs_real_robot.yaml__noplot__servebox,"{""--ablation"": ""softmin_only"", ""--ball-speed"": 7, ""--limits-config"": ""configs/real_robot.yaml"", ""--no-plot"": null, ""--serve-box"": null}",3,True,active,0.120569,1.956106,0.111297,40.0,90.0,1.0,1.0,1.3,20.0,0.120569,0.972,2.85,
exp17i_limits_ablation,ablationsoftmin_only__ballspeed7__limitsconfigconfigs_real_robot.yaml__noplot__servebox,"{""--ablation"": ""softmin_only"", ""--ball-speed"": 7, ""--limits-config"": ""configs/real_robot.yaml"", ""--no-plot"": null, ""--serve-box"": null}",10,True,active,0.115214,1.957231,0.112508,45.0,105.0,1.0,1.0,1.0,15.0,0.115214,0.6,1.6,
exp17i_limits_ablation,ablationsoftmin_only__ballspeed7__limitsconfigconfigs_real_robot.yaml__noplot__servebox,"{""--ablation"": ""softmin_only"", ""--ball-speed"": 7, ""--limits-config"": ""configs/real_robot.yaml"", ""--no-plot"": null, ""--serve-box"": null}",20,,,,,,,,,,,,,,0.23,no_result
exp17i_limits_ablation,ablationsoftmin_only__ballspeed7__limitsconfigconfigs_real_robot.yaml__noplot__servebox,"{""--ablation"": ""softmin_only"", ""--ball-speed"": 7, ""--limits-config"": ""configs/real_robot.yaml"", ""--no-plot"": null, ""--serve-box"": null}",6,True,active,0.091016,1.969776,0.082002,45.0,105.0,1.0,0.97,1.1,30.0,0.091016,0.949,2.14,
exp17i_limits_ablation,ablationsoftmin_only__ballspeed7__limitsconfigconfigs_real_robot.yaml__noplot__servebox,"{""--ablation"": ""softmin_only"", ""--ball-speed"": 7, ""--limits-config"": ""configs/real_robot.yaml"", ""--no-plot"": null, ""--serve-box"": null}",21,,,,,,,,,,,,,,0.27,no_result
exp17i_limits_ablation,ablationsoftmin_only__ballspeed7__limitsconfigconfigs_real_robot.yaml__noplot__servebox,"{""--ablation"": ""softmin_only"", ""--ball-speed"": 7, ""--limits-config"": ""configs/real_robot.yaml"", ""--no-plot"": null, ""--serve-box"": null}",11,False,miss,0.345029,1.957931,0.138551,0.0,0.0,1.0,0.98,1.2,0.0,0.345029,0.0,1.53,
exp17i_limits_ablation,ablationsoftmin_only__ballspeed7__limitsconfigconfigs_real_robot.yaml__noplot__servebox,"{""--ablation"": ""softmin_only"", ""--ball-speed"": 7, ""--limits-config"": ""configs/real_robot.yaml"", ""--no-plot"": null, ""--serve-box"": null}",12,True,active,0.115584,1.981538,0.101109,45.0,105.0,1.0,1.0,1.0,25.0,0.115584,0.952,1.64,
exp17i_limits_ablation,ablationsoftmin_only__ballspeed7__limitsconfigconfigs_real_robot.yaml__noplot__servebox,"{""--ablation"": ""softmin_only"", ""--ball-speed"": 7, ""--limits-config"": ""configs/real_robot.yaml"", ""--no-plot"": null, ""--serve-box"": null}",27,,,,,,,,,,,,,,0.21,no_result
exp17i_limits_ablation,ablationsoftmin_only__ballspeed7__limitsconfigconfigs_real_robot.yaml__noplot__servebox,"{""--ablation"": ""softmin_only"", ""--ball-speed"": 7, ""--limits-config"": ""configs/real_robot.yaml"", ""--no-plot"": null, ""--serve-box"": null}",14,False,miss,0.44355,1.954472,0.17629,15.0,0.0,1.0,0.99,1.4,0.0,0.44355,0.0,1.53,
exp17i_limits_ablation,ablationsoftmin_only__ballspeed7__limitsconfigconfigs_real_robot.yaml__noplot__servebox,"{""--ablation"": ""softmin_only"", ""--ball-speed"": 7, ""--limits-config"": ""configs/real_robot.yaml"", ""--no-plot"": null, ""--serve-box"": null}",2,False,miss,0.349519,1.938761,0.124527,0.0,0.0,1.0,1.0,1.4,0.0,0.349519,0.0,3.56,
exp17i_limits_ablation,ablationsoftmin_only__ballspeed7__limitsconfigconfigs_real_robot.yaml__noplot__servebox,"{""--ablation"": ""softmin_only"", ""--ball-speed"": 7, ""--limits-config"": ""configs/real_robot.yaml"", ""--no-plot"": null, ""--serve-box"": null}",16,True,active,0.123737,1.92631,0.083796,55.0,105.0,1.0,0.98,1.0,20.0,0.123737,0.952,1.69,
exp17i_limits_ablation,ablationsoftmin_only__ballspeed7__limitsconfigconfigs_real_robot.yaml__noplot__servebox,"{""--ablation"": ""softmin_only"", ""--ball-speed"": 7, ""--limits-config"": ""configs/real_robot.yaml"", ""--no-plot"": null, ""--serve-box"": null}",17,False,miss,0.39039,1.957923,0.17774,10.0,0.0,1.01,0.99,1.1,0.0,0.39039,0.0,1.63,
exp17i_limits_ablation,ablationsoftmin_only__ballspeed7__limitsconfigconfigs_real_robot.yaml__noplot__servebox,"{""--ablation"": ""softmin_only"", ""--ball-speed"": 7, ""--limits-config"": ""configs/real_robot.yaml"", ""--no-plot"": null, ""--serve-box"": null}",9,True,active,0.111796,1.950279,0.111547,45.0,105.0,1.0,1.0,1.5,15.0,0.111796,0.519,2.89,
exp17i_limits_ablation,ablationsoftmin_only__ballspeed7__limitsconfigconfigs_real_robot.yaml__noplot__servebox,"{""--ablation"": ""softmin_only"", ""--ball-speed"": 7, ""--limits-config"": ""configs/real_robot.yaml"", ""--no-plot"": null, ""--serve-box"": null}",13,False,miss,0.335442,1.964931,0.138239,0.0,0.0,1.0,0.99,1.2,0.0,0.335442,0.0,2.57,
exp17i_limits_ablation,ablationsoftmin_only__ballspeed7__limitsconfigconfigs_real_robot.yaml__noplot__servebox,"{""--ablation"": ""softmin_only"", ""--ball-speed"": 7, ""--limits-config"": ""configs/real_robot.yaml"", ""--no-plot"": null, ""--serve-box"": null}",23,True,active,0.131224,1.97164,0.124951,45.0,100.0,1.0,0.99,1.1,20.0,0.131224,0.978,1.57,
exp17i_limits_ablation,ablationsoftmin_only__ballspeed7__limitsconfigconfigs_real_robot.yaml__noplot__servebox,"{""--ablation"": ""softmin_only"", ""--ball-speed"": 7, ""--limits-config"": ""configs/real_robot.yaml"", ""--no-plot"": null, ""--serve-box"": null}",18,True,active,0.133437,1.938705,0.126397,45.0,105.0,1.0,0.99,1.4,15.0,0.133437,0.98,2.13,
exp17i_limits_ablation,ablationsoftmin_only__ballspeed7__limitsconfigconfigs_real_robot.yaml__noplot__servebox,"{""--ablation"": ""softmin_only"", ""--ball-speed"": 7, ""--limits-config"": ""configs/real_robot.yaml"", ""--no-plot"": null, ""--serve-box"": null}",26,True,active,0.129775,1.944856,0.115291,40.0,95.0,1.0,1.0,1.1,30.0,0.129775,0.971,1.74,
exp17i_limits_ablation,ablationsoftmin_only__ballspeed7__limitsconfigconfigs_real_robot.yaml__noplot__servebox,"{""--ablation"": ""softmin_only"", ""--ball-speed"": 7, ""--limits-config"": ""configs/real_robot.yaml"", ""--no-plot"": null, ""--serve-box"": null}",25,False,miss,0.300402,1.960826,0.104244,45.0,100.0,1.0,1.0,1.0,0.0,0.300402,0.0,1.89,
exp17i_limits_ablation,ablationsoftmin_only__ballspeed7__limitsconfigconfigs_real_robot.yaml__noplot__servebox,"{""--ablation"": ""softmin_only"", ""--ball-speed"": 7, ""--limits-config"": ""configs/real_robot.yaml"", ""--no-plot"": null, ""--serve-box"": null}",24,True,active,0.119259,1.943073,0.091923,55.0,90.0,1.0,0.97,1.3,20.0,0.119259,0.95,2.07,
exp17i_limits_ablation,ablationsoftmin_only__ballspeed7__limitsconfigconfigs_real_robot.yaml__noplot__servebox,"{""--ablation"": ""softmin_only"", ""--ball-speed"": 7, ""--limits-config"": ""configs/real_robot.yaml"", ""--no-plot"": null, ""--serve-box"": null}",15,True,active,0.06824,1.97028,0.057101,50.0,75.0,1.0,1.0,0.9,10.0,0.06824,0.976,3.17,
exp17i_limits_ablation,ablationsoftmin_only__ballspeed7__limitsconfigconfigs_real_robot.yaml__noplot__servebox,"{""--ablation"": ""softmin_only"", ""--ball-speed"": 7, ""--limits-config"": ""configs/real_robot.yaml"", ""--no-plot"": null, ""--serve-box"": null}",30,False,miss,0.345244,1.93353,0.144825,30.0,60.0,1.0,1.0,1.3,0.0,0.345244,0.0,1.8,
exp17i_limits_ablation,ablationsoftmin_only__ballspeed7__limitsconfigconfigs_real_robot.yaml__noplot__servebox,"{""--ablation"": ""softmin_only"", ""--ball-speed"": 7, ""--limits-config"": ""configs/real_robot.yaml"", ""--no-plot"": null, ""--serve-box"": null}",31,False,miss,0.532879,1.725424,0.392652,0.0,0.0,0.5,0.41,0.4,0.0,0.532879,0.0,1.92,
exp17i_limits_ablation,ablationsoftmin_only__ballspeed7__limitsconfigconfigs_real_robot.yaml__noplot__servebox,"{""--ablation"": ""softmin_only"", ""--ball-speed"": 7, ""--limits-config"": ""configs/real_robot.yaml"", ""--no-plot"": null, ""--serve-box"": null}",34,False,miss,0.357666,1.95376,0.185917,0.0,0.0,0.99,1.0,1.3,0.0,0.357666,0.0,1.49,
exp17i_limits_ablation,ablationsoftmin_only__ballspeed7__limitsconfigconfigs_real_robot.yaml__noplot__servebox,"{""--ablation"": ""softmin_only"", ""--ball-speed"": 7, ""--limits-config"": ""configs/real_robot.yaml"", ""--no-plot"": null, ""--serve-box"": null}",19,True,active,0.106862,1.959097,0.095109,50.0,105.0,1.0,0.99,1.1,20.0,0.106862,0.736,3.15,
exp17i_limits_ablation,ablationsoftmin_only__ballspeed7__limitsconfigconfigs_real_robot.yaml__noplot__servebox,"{""--ablation"": ""softmin_only"", ""--ball-speed"": 7, ""--limits-config"": ""configs/real_robot.yaml"", ""--no-plot"": null, ""--serve-box"": null}",22,True,active,0.095913,1.933429,0.055802,0.0,0.0,1.0,0.99,1.3,15.0,0.095913,0.913,2.88,
exp17i_limits_ablation,ablationsoftmin_only__ballspeed7__limitsconfigconfigs_real_robot.yaml__noplot__servebox,"{""--ablation"": ""softmin_only"", ""--ball-speed"": 7, ""--limits-config"": ""configs/real_robot.yaml"", ""--no-plot"": null, ""--serve-box"": null}",32,True,active,0.112823,1.961942,0.112693,40.0,105.0,1.01,1.0,1.2,10.0,0.112823,0.788,1.72,
exp17i_limits_ablation,ablationsoftmin_only__ballspeed7__limitsconfigconfigs_real_robot.yaml__noplot__servebox,"{""--ablation"": ""softmin_only"", ""--ball-speed"": 7, ""--limits-config"": ""configs/real_robot.yaml"", ""--no-plot"": null, ""--serve-box"": null}",37,True,active,0.11645,1.997385,0.093962,50.0,105.0,1.0,1.0,1.1,25.0,0.11645,0.911,1.45,
exp17i_limits_ablation,ablationsoftmin_only__ballspeed7__limitsconfigconfigs_real_robot.yaml__noplot__servebox,"{""--ablation"": ""softmin_only"", ""--ball-speed"": 7, ""--limits-config"": ""configs/real_robot.yaml"", ""--no-plot"": null, ""--serve-box"": null}",39,False,miss,0.306281,1.941296,0.133172,0.0,0.0,0.99,0.99,1.1,0.0,0.306281,0.0,1.46,
exp17i_limits_ablation,ablationsoftmin_only__ballspeed7__limitsconfigconfigs_real_robot.yaml__noplot__servebox,"{""--ablation"": ""softmin_only"", ""--ball-speed"": 7, ""--limits-config"": ""configs/real_robot.yaml"", ""--no-plot"": null, ""--serve-box"": null}",28,False,miss,0.358059,1.958833,0.155321,25.0,0.0,1.0,1.0,1.3,0.0,0.358059,0.0,3.49,
exp17i_limits_ablation,ablationsoftmin_only__ballspeed7__limitsconfigconfigs_real_robot.yaml__noplot__servebox,"{""--ablation"": ""softmin_only"", ""--ball-speed"": 7, ""--limits-config"": ""configs/real_robot.yaml"", ""--no-plot"": null, ""--serve-box"": null}",42,False,miss,0.351782,1.930821,0.180157,10.0,0.0,0.99,0.98,1.3,0.0,0.351782,0.0,1.63,
exp17i_limits_ablation,ablationsoftmin_only__ballspeed7__limitsconfigconfigs_real_robot.yaml__noplot__servebox,"{""--ablation"": ""softmin_only"", ""--ball-speed"": 7, ""--limits-config"": ""configs/real_robot.yaml"", ""--no-plot"": null, ""--serve-box"": null}",40,True,active,0.089705,1.948803,0.080826,45.0,105.0,1.01,0.98,1.1,10.0,0.089705,0.745,1.89,
exp17i_limits_ablation,ablationsoftmin_only__ballspeed7__limitsconfigconfigs_real_robot.yaml__noplot__servebox,"{""--ablation"": ""softmin_only"", ""--ball-speed"": 7, ""--limits-config"": ""configs/real_robot.yaml"", ""--no-plot"": null, ""--serve-box"": null}",29,False,miss,0.334171,1.763536,0.254876,0.0,0.0,0.29,0.43,0.3,0.0,0.334171,0.0,3.63,
exp17i_limits_ablation,ablationsoftmin_only__ballspeed7__limitsconfigconfigs_real_robot.yaml__noplot__servebox,"{""--ablation"": ""softmin_only"", ""--ball-speed"": 7, ""--limits-config"": ""configs/real_robot.yaml"", ""--no-plot"": null, ""--serve-box"": null}",35,False,miss,0.37161,1.939004,0.176644,15.0,0.0,1.0,1.0,1.2,0.0,0.37161,0.0,2.66,
exp17i_limits_ablation,ablationsoftmin_only__ballspeed7__limitsconfigconfigs_real_robot.yaml__noplot__servebox,"{""--ablation"": ""softmin_only"", ""--ball-speed"": 7, ""--limits-config"": ""configs/real_robot.yaml"", ""--no-plot"": null, ""--serve-box"": null}",41,False,miss,0.465203,1.744386,0.314967,0.0,0.0,0.39,0.48,0.3,0.0,0.465203,0.0,2.07,
exp17i_limits_ablation,ablationsoftmin_only__ballspeed7__limitsconfigconfigs_real_robot.yaml__noplot__servebox,"{""--ablation"": ""softmin_only"", ""--ball-speed"": 7, ""--limits-config"": ""configs/real_robot.yaml"", ""--no-plot"": null, ""--serve-box"": null}",33,False,miss,0.465998,1.756951,0.344592,0.0,0.0,0.41,0.47,0.3,0.0,0.465998,0.0,3.07,
exp17i_limits_ablation,ablationsoftmin_only__ballspeed7__limitsconfigconfigs_real_robot.yaml__noplot__servebox,"{""--ablation"": ""softmin_only"", ""--ball-speed"": 7, ""--limits-config"": ""configs/real_robot.yaml"", ""--no-plot"": null, ""--serve-box"": null}",44,False,miss,0.37432,1.963784,0.182804,0.0,0.0,1.0,0.97,1.1,0.0,0.37432,0.0,1.5,
exp17i_limits_ablation,ablationsoftmin_only__ballspeed7__limitsconfigconfigs_real_robot.yaml__noplot__servebox,"{""--ablation"": ""softmin_only"", ""--ball-speed"": 7, ""--limits-config"": ""configs/real_robot.yaml"", ""--no-plot"": null, ""--serve-box"": null}",38,True,active,0.098369,1.943283,0.068417,55.0,105.0,1.0,0.99,1.0,20.0,0.098369,0.966,2.54,
exp17i_limits_ablation,ablationsoftmin_only__ballspeed7__limitsconfigconfigs_real_robot.yaml__noplot__servebox,"{""--ablation"": ""softmin_only"", ""--ball-speed"": 7, ""--limits-config"": ""configs/real_robot.yaml"", ""--no-plot"": null, ""--serve-box"": null}",36,True,active,0.094927,1.9256,0.083426,50.0,105.0,1.0,1.0,0.9,10.0,0.094927,0.622,2.94,
exp17i_limits_ablation,ablationsoftmin_only__ballspeed7__limitsconfigconfigs_real_robot.yaml__noplot__servebox,"{""--ablation"": ""softmin_only"", ""--ball-speed"": 7, ""--limits-config"": ""configs/real_robot.yaml"", ""--no-plot"": null, ""--serve-box"": null}",45,False,miss,0.401498,1.977145,0.157676,25.0,0.0,1.0,0.99,1.1,0.0,0.401498,0.0,1.85,
exp17i_limits_ablation,ablationsoftmin_only__ballspeed7__limitsconfigconfigs_real_robot.yaml__noplot__servebox,"{""--ablation"": ""softmin_only"", ""--ball-speed"": 7, ""--limits-config"": ""configs/real_robot.yaml"", ""--no-plot"": null, ""--serve-box"": null}",47,True,active,0.135598,1.97119,0.135598,35.0,80.0,1.0,1.0,1.0,15.0,0.135598,0.859,1.84,
exp17i_limits_ablation,ablationsoftmin_only__ballspeed7__limitsconfigconfigs_real_robot.yaml__noplot__servebox,"{""--ablation"": ""softmin_only"", ""--ball-speed"": 7, ""--limits-config"": ""configs/real_robot.yaml"", ""--no-plot"": null, ""--serve-box"": null}",46,True,active,0.121165,1.951285,0.081767,65.0,105.0,1.0,0.99,1.2,25.0,0.121165,0.958,2.01,
exp17i_limits_ablation,ablationsoftmin_only__ballspeed7__limitsconfigconfigs_real_robot.yaml__noplot__servebox,"{""--ablation"": ""softmin_only"", ""--ball-speed"": 7, ""--limits-config"": ""configs/real_robot.yaml"", ""--no-plot"": null, ""--serve-box"": null}",48,False,miss,0.338941,1.962527,0.140058,35.0,90.0,1.0,1.0,1.0,0.0,0.338941,0.0,1.78,
exp17i_limits_ablation,ablationsoftmin_only__ballspeed7__limitsconfigconfigs_real_robot.yaml__noplot__servebox,"{""--ablation"": ""softmin_only"", ""--ball-speed"": 7, ""--limits-config"": ""configs/real_robot.yaml"", ""--no-plot"": null, ""--serve-box"": null}",49,False,miss,0.361852,1.945379,0.12852,35.0,105.0,1.0,0.99,1.3,0.0,0.361852,0.0,1.9,
exp17i_limits_ablation,ablationsoftmin_only__ballspeed7__limitsconfigconfigs_real_robot.yaml__noplot__servebox,"{""--ablation"": ""softmin_only"", ""--ball-speed"": 7, ""--limits-config"": ""configs/real_robot.yaml"", ""--no-plot"": null, ""--serve-box"": null}",50,False,miss,0.363617,1.938528,0.174389,15.0,0.0,0.99,1.0,1.2,0.0,0.363617,0.0,1.65,
exp17i_limits_ablation,ablationsoftmin_only__ballspeed7__limitsconfigconfigs_real_robot.yaml__noplot__servebox,"{""--ablation"": ""softmin_only"", ""--ball-speed"": 7, ""--limits-config"": ""configs/real_robot.yaml"", ""--no-plot"": null, ""--serve-box"": null}",43,False,miss,0.359929,1.947523,0.176984,10.0,0.0,1.01,1.0,1.0,0.0,0.359929,0.0,3.02,
exp17i_limits_ablation,ablationsoftmin_only__ballspeed7__limitsconfigconfigs_real_robot.yaml__noplot__servebox,"{""--ablation"": ""softmin_only"", ""--ball-speed"": 7, ""--limits-config"": ""configs/real_robot.yaml"", ""--no-plot"": null, ""--serve-box"": null}",56,False,miss,0.439745,1.926953,0.201852,0.0,0.0,1.0,1.0,1.3,0.0,0.439745,0.0,1.58,
exp17i_limits_ablation,ablationsoftmin_only__ballspeed7__limitsconfigconfigs_real_robot.yaml__noplot__servebox,"{""--ablation"": ""softmin_only"", ""--ball-speed"": 7, ""--limits-config"": ""configs/real_robot.yaml"", ""--no-plot"": null, ""--serve-box"": null}",53,True,active,0.094829,1.940757,0.081563,50.0,105.0,1.0,1.0,1.0,20.0,0.094829,0.816,1.96,
exp17i_limits_ablation,ablationsoftmin_only__ballspeed7__limitsconfigconfigs_real_robot.yaml__noplot__servebox,"{""--ablation"": ""softmin_only"", ""--ball-speed"": 7, ""--limits-config"": ""configs/real_robot.yaml"", ""--no-plot"": null, ""--serve-box"": null}",57,True,active,0.117372,1.92529,0.117372,40.0,105.0,1.0,0.99,1.2,15.0,0.117372,0.976,1.74,
exp17i_limits_ablation,ablationsoftmin_only__ballspeed7__limitsconfigconfigs_real_robot.yaml__noplot__servebox,"{""--ablation"": ""softmin_only"", ""--ball-speed"": 7, ""--limits-config"": ""configs/real_robot.yaml"", ""--no-plot"": null, ""--serve-box"": null}",59,True,active,0.121314,1.959629,0.098211,50.0,105.0,0.98,0.99,0.9,15.0,0.121314,0.865,1.52,
exp17i_limits_ablation,ablationsoftmin_only__ballspeed7__limitsconfigconfigs_real_robot.yaml__noplot__servebox,"{""--ablation"": ""softmin_only"", ""--ball-speed"": 7, ""--limits-config"": ""configs/real_robot.yaml"", ""--no-plot"": null, ""--serve-box"": null}",60,True,active,0.116427,1.926451,0.111113,45.0,95.0,1.0,1.0,1.4,10.0,0.116427,0.977,1.56,
exp17i_limits_ablation,ablationsoftmin_only__ballspeed7__limitsconfigconfigs_real_robot.yaml__noplot__servebox,"{""--ablation"": ""softmin_only"", ""--ball-speed"": 7, ""--limits-config"": ""configs/real_robot.yaml"", ""--no-plot"": null, ""--serve-box"": null}",61,False,miss,0.34176,1.944959,0.149619,30.0,55.0,1.0,1.0,1.3,0.0,0.34176,0.0,1.48,
exp17i_limits_ablation,ablationsoftmin_only__ballspeed7__limitsconfigconfigs_real_robot.yaml__noplot__servebox,"{""--ablation"": ""softmin_only"", ""--ball-speed"": 7, ""--limits-config"": ""configs/real_robot.yaml"", ""--no-plot"": null, ""--serve-box"": null}",51,False,miss,0.36149,1.938199,0.143491,35.0,75.0,1.0,1.0,1.2,0.0,0.36149,0.0,2.63,
exp17i_limits_ablation,ablationsoftmin_only__ballspeed7__limitsconfigconfigs_real_robot.yaml__noplot__servebox,"{""--ablation"": ""softmin_only"", ""--ball-speed"": 7, ""--limits-config"": ""configs/real_robot.yaml"", ""--no-plot"": null, ""--serve-box"": null}",62,True,active,0.109276,1.934563,0.098357,50.0,105.0,1.0,1.0,1.2,25.0,0.109276,0.922,1.6,
exp17i_limits_ablation,ablationsoftmin_only__ballspeed7__limitsconfigconfigs_real_robot.yaml__noplot__servebox,"{""--ablation"": ""softmin_only"", ""--ball-speed"": 7, ""--limits-config"": ""configs/real_robot.yaml"", ""--no-plot"": null, ""--serve-box"": null}",63,False,miss,0.328665,1.937729,0.137051,30.0,75.0,1.0,0.95,1.1,0.0,0.328665,0.0,2.02,
exp17i_limits_ablation,ablationsoftmin_only__ballspeed7__limitsconfigconfigs_real_robot.yaml__noplot__servebox,"{""--ablation"": ""softmin_only"", ""--ball-speed"": 7, ""--limits-config"": ""configs/real_robot.yaml"", ""--no-plot"": null, ""--serve-box"": null}",64,False,miss,0.308281,1.931657,0.121878,40.0,100.0,1.0,1.0,1.2,0.0,0.308281,0.0,1.78,
exp17i_limits_ablation,ablationsoftmin_only__ballspeed7__limitsconfigconfigs_real_robot.yaml__noplot__servebox,"{""--ablation"": ""softmin_only"", ""--ball-speed"": 7, ""--limits-config"": ""configs/real_robot.yaml"", ""--no-plot"": null, ""--serve-box"": null}",54,False,miss,0.350069,1.973325,0.13761,0.0,0.0,1.01,0.98,1.1,0.0,0.350069,0.0,3.07,
exp17i_limits_ablation,ablationsoftmin_only__ballspeed7__limitsconfigconfigs_real_robot.yaml__noplot__servebox,"{""--ablation"": ""softmin_only"", ""--ball-speed"": 7, ""--limits-config"": ""configs/real_robot.yaml"", ""--no-plot"": null, ""--serve-box"": null}",55,False,miss,0.383488,1.94535,0.148105,25.0,30.0,1.0,0.98,1.1,0.0,0.383488,0.0,3.2,
exp17i_limits_ablation,ablationsoftmin_only__ballspeed7__limitsconfigconfigs_real_robot.yaml__noplot__servebox,"{""--ablation"": ""softmin_only"", ""--ball-speed"": 7, ""--limits-config"": ""configs/real_robot.yaml"", ""--no-plot"": null, ""--serve-box"": null}",68,False,miss,0.384751,1.930184,0.195434,0.0,0.0,1.0,0.99,1.2,0.0,0.384751,0.0,1.5,
exp17i_limits_ablation,ablationsoftmin_only__ballspeed7__limitsconfigconfigs_real_robot.yaml__noplot__servebox,"{""--ablation"": ""softmin_only"", ""--ball-speed"": 7, ""--limits-config"": ""configs/real_robot.yaml"", ""--no-plot"": null, ""--serve-box"": null}",58,False,miss,0.330747,1.933182,0.114915,0.0,0.0,1.0,0.99,1.1,0.0,0.330747,0.0,3.05,
exp17i_limits_ablation,ablationsoftmin_only__ballspeed7__limitsconfigconfigs_real_robot.yaml__noplot__servebox,"{""--ablation"": ""softmin_only"", ""--ball-speed"": 7, ""--limits-config"": ""configs/real_robot.yaml"", ""--no-plot"": null, ""--serve-box"": null}",70,False,miss,0.365935,1.950724,0.185295,0.0,0.0,1.01,0.91,1.3,0.0,0.365935,0.0,1.45,
exp17i_limits_ablation,ablationsoftmin_only__ballspeed7__limitsconfigconfigs_real_robot.yaml__noplot__servebox,"{""--ablation"": ""softmin_only"", ""--ball-speed"": 7, ""--limits-config"": ""configs/real_robot.yaml"", ""--no-plot"": null, ""--serve-box"": null}",66,False,miss,0.46233,1.720095,0.326974,0.0,0.0,0.46,0.47,0.4,0.0,0.46233,0.0,1.96,
exp17i_limits_ablation,ablationsoftmin_only__ballspeed7__limitsconfigconfigs_real_robot.yaml__noplot__servebox,"{""--ablation"": ""softmin_only"", ""--ball-speed"": 7, ""--limits-config"": ""configs/real_robot.yaml"", ""--no-plot"": null, ""--serve-box"": null}",71,False,miss,0.357943,1.947996,0.158039,25.0,0.0,1.0,1.0,1.0,0.0,0.357943,0.0,1.5,
exp17i_limits_ablation,ablationsoftmin_only__ballspeed7__limitsconfigconfigs_real_robot.yaml__noplot__servebox,"{""--ablation"": ""softmin_only"", ""--ball-speed"": 7, ""--limits-config"": ""configs/real_robot.yaml"", ""--no-plot"": null, ""--serve-box"": null}",52,False,miss,0.724757,1.811109,0.72525,0.0,0.0,4.32,6.56,2.5,0.0,0.724757,0.0,3.73,
exp17i_limits_ablation,ablationsoftmin_only__ballspeed7__limitsconfigconfigs_real_robot.yaml__noplot__servebox,"{""--ablation"": ""softmin_only"", ""--ball-speed"": 7, ""--limits-config"": ""configs/real_robot.yaml"", ""--no-plot"": null, ""--serve-box"": null}",73,False,miss,0.373554,1.946887,0.17153,20.0,0.0,1.01,1.0,1.3,0.0,0.373554,0.0,1.46,
exp17i_limits_ablation,ablationsoftmin_only__ballspeed7__limitsconfigconfigs_real_robot.yaml__noplot__servebox,"{""--ablation"": ""softmin_only"", ""--ball-speed"": 7, ""--limits-config"": ""configs/real_robot.yaml"", ""--no-plot"": null, ""--serve-box"": null}",65,True,active,0.146619,1.948983,0.144309,40.0,70.0,1.01,1.0,1.6,10.0,0.146619,0.749,2.59,
exp17i_limits_ablation,ablationsoftmin_only__ballspeed7__limitsconfigconfigs_real_robot.yaml__noplot__servebox,"{""--ablation"": ""softmin_only"", ""--ball-speed"": 7, ""--limits-config"": ""configs/real_robot.yaml"", ""--no-plot"": null, ""--serve-box"": null}",74,False,miss,0.401511,1.922507,0.166415,20.0,0.0,1.0,0.99,1.3,0.0,0.401511,0.0,1.72,
exp17i_limits_ablation,ablationsoftmin_only__ballspeed7__limitsconfigconfigs_real_robot.yaml__noplot__servebox,"{""--ablation"": ""softmin_only"", ""--ball-speed"": 7, ""--limits-config"": ""configs/real_robot.yaml"", ""--no-plot"": null, ""--serve-box"": null}",72,True,active,0.050732,1.981572,0.050732,55.0,105.0,1.0,1.0,1.2,5.0,0.050732,0.749,2.04,
exp17i_limits_ablation,ablationsoftmin_only__ballspeed7__limitsconfigconfigs_real_robot.yaml__noplot__servebox,"{""--ablation"": ""softmin_only"", ""--ball-speed"": 7, ""--limits-config"": ""configs/real_robot.yaml"", ""--no-plot"": null, ""--serve-box"": null}",67,False,miss,0.341334,1.952111,0.166184,0.0,0.0,1.0,0.95,1.2,0.0,0.341334,0.0,3.01,
exp17i_limits_ablation,ablationsoftmin_only__ballspeed7__limitsconfigconfigs_real_robot.yaml__noplot__servebox,"{""--ablation"": ""softmin_only"", ""--ball-speed"": 7, ""--limits-config"": ""configs/real_robot.yaml"", ""--no-plot"": null, ""--serve-box"": null}",81,True,active,0.12161,1.97858,0.099136,50.0,105.0,1.01,1.0,1.3,10.0,0.12161,0.953,1.47,
exp17i_limits_ablation,ablationsoftmin_only__ballspeed7__limitsconfigconfigs_real_robot.yaml__noplot__servebox,"{""--ablation"": ""softmin_only"", ""--ball-speed"": 7, ""--limits-config"": ""configs/real_robot.yaml"", ""--no-plot"": null, ""--serve-box"": null}",78,True,active,0.114608,1.957399,0.108243,45.0,105.0,1.01,1.0,1.2,20.0,0.114608,0.882,1.64,
exp17i_limits_ablation,ablationsoftmin_only__ballspeed7__limitsconfigconfigs_real_robot.yaml__noplot__servebox,"{""--ablation"": ""softmin_only"", ""--ball-speed"": 7, ""--limits-config"": ""configs/real_robot.yaml"", ""--no-plot"": null, ""--serve-box"": null}",80,False,miss,0.406996,1.976738,0.170606,15.0,0.0,1.0,0.98,1.2,0.0,0.406996,0.0,1.62,
exp17i_limits_ablation,ablationsoftmin_only__ballspeed7__limitsconfigconfigs_real_robot.yaml__noplot__servebox,"{""--ablation"": ""softmin_only"", ""--ball-speed"": 7, ""--limits-config"": ""configs/real_robot.yaml"", ""--no-plot"": null, ""--serve-box"": null}",82,False,miss,0.355106,1.915202,0.162288,20.0,0.0,1.0,1.0,1.1,0.0,0.355106,0.0,1.52,
exp17i_limits_ablation,ablationsoftmin_only__ballspeed7__limitsconfigconfigs_real_robot.yaml__noplot__servebox,"{""--ablation"": ""softmin_only"", ""--ball-speed"": 7, ""--limits-config"": ""configs/real_robot.yaml"", ""--no-plot"": null, ""--serve-box"": null}",69,False,miss,0.342805,1.771037,0.317147,0.0,0.0,2.72,3.73,2.9,0.0,0.342805,0.0,3.35,
exp17i_limits_ablation,ablationsoftmin_only__ballspeed7__limitsconfigconfigs_real_robot.yaml__noplot__servebox,"{""--ablation"": ""softmin_only"", ""--ball-speed"": 7, ""--limits-config"": ""configs/real_robot.yaml"", ""--no-plot"": null, ""--serve-box"": null}",85,False,miss,0.33651,1.956698,0.157728,0.0,0.0,0.99,1.0,1.3,0.0,0.33651,0.0,1.49,
exp17i_limits_ablation,ablationsoftmin_only__ballspeed7__limitsconfigconfigs_real_robot.yaml__noplot__servebox,"{""--ablation"": ""softmin_only"", ""--ball-speed"": 7, ""--limits-config"": ""configs/real_robot.yaml"", ""--no-plot"": null, ""--serve-box"": null}",83,False,miss,0.321958,1.90339,0.214163,0.0,0.0,1.0,1.0,1.5,0.0,0.321958,0.0,1.8,
exp17i_limits_ablation,ablationsoftmin_only__ballspeed7__limitsconfigconfigs_real_robot.yaml__noplot__servebox,"{""--ablation"": ""softmin_only"", ""--ball-speed"": 7, ""--limits-config"": ""configs/real_robot.yaml"", ""--no-plot"": null, ""--serve-box"": null}",88,True,active,0.118877,1.964174,0.10772,55.0,105.0,1.0,0.99,1.6,15.0,0.118877,0.973,1.66,
exp17i_limits_ablation,ablationsoftmin_only__ballspeed7__limitsconfigconfigs_real_robot.yaml__noplot__servebox,"{""--ablation"": ""softmin_only"", ""--ball-speed"": 7, ""--limits-config"": ""configs/real_robot.yaml"", ""--no-plot"": null, ""--serve-box"": null}",87,False,miss,1.019948,1.728194,0.840033,0.0,0.0,5.96,4.6,8.6,0.0,1.019948,0.0,1.72,
exp17i_limits_ablation,ablationsoftmin_only__ballspeed7__limitsconfigconfigs_real_robot.yaml__noplot__servebox,"{""--ablation"": ""softmin_only"", ""--ball-speed"": 7, ""--limits-config"": ""configs/real_robot.yaml"", ""--no-plot"": null, ""--serve-box"": null}",86,True,active,0.118415,1.946203,0.089339,55.0,105.0,1.0,0.99,1.2,25.0,0.118415,0.942,2.0,
exp17i_limits_ablation,ablationsoftmin_only__ballspeed7__limitsconfigconfigs_real_robot.yaml__noplot__servebox,"{""--ablation"": ""softmin_only"", ""--ball-speed"": 7, ""--limits-config"": ""configs/real_robot.yaml"", ""--no-plot"": null, ""--serve-box"": null}",76,True,active,0.094728,1.944198,0.019098,10.0,40.0,1.0,0.96,1.0,25.0,0.094728,0.97,3.01,
exp17i_limits_ablation,ablationsoftmin_only__ballspeed7__limitsconfigconfigs_real_robot.yaml__noplot__servebox,"{""--ablation"": ""softmin_only"", ""--ball-speed"": 7, ""--limits-config"": ""configs/real_robot.yaml"", ""--no-plot"": null, ""--serve-box"": null}",77,True,active,0.1292,1.953582,0.112477,0.0,0.0,1.0,1.0,1.2,15.0,0.1292,0.95,3.08,
exp17i_limits_ablation,ablationsoftmin_only__ballspeed7__limitsconfigconfigs_real_robot.yaml__noplot__servebox,"{""--ablation"": ""softmin_only"", ""--ball-speed"": 7, ""--limits-config"": ""configs/real_robot.yaml"", ""--no-plot"": null, ""--serve-box"": null}",84,False,miss,0.313809,1.926364,0.130072,35.0,90.0,1.0,1.0,1.2,0.0,0.313809,0.0,2.66,
exp17i_limits_ablation,ablationsoftmin_only__ballspeed7__limitsconfigconfigs_real_robot.yaml__noplot__servebox,"{""--ablation"": ""softmin_only"", ""--ball-speed"": 7, ""--limits-config"": ""configs/real_robot.yaml"", ""--no-plot"": null, ""--serve-box"": null}",79,True,active,0.11928,1.950018,0.109278,45.0,90.0,1.0,1.0,1.1,20.0,0.11928,0.842,2.94,
exp17i_limits_ablation,ablationsoftmin_only__ballspeed7__limitsconfigconfigs_real_robot.yaml__noplot__servebox,"{""--ablation"": ""softmin_only"", ""--ball-speed"": 7, ""--limits-config"": ""configs/real_robot.yaml"", ""--no-plot"": null, ""--serve-box"": null}",89,False,miss,0.350746,1.892375,0.290631,0.0,0.0,0.99,0.99,1.1,0.0,0.350746,0.0,1.63,
exp17i_limits_ablation,ablationsoftmin_only__ballspeed7__limitsconfigconfigs_real_robot.yaml__noplot__servebox,"{""--ablation"": ""softmin_only"", ""--ball-speed"": 7, ""--limits-config"": ""configs/real_robot.yaml"", ""--no-plot"": null, ""--serve-box"": null}",75,False,miss,0.402349,1.915144,0.183779,0.0,0.0,1.0,0.99,1.5,0.0,0.402349,0.0,3.68,
exp17i_limits_ablation,ablationsoftmin_only__ballspeed7__limitsconfigconfigs_real_robot.yaml__noplot__servebox,"{""--ablation"": ""softmin_only"", ""--ball-speed"": 7, ""--limits-config"": ""configs/real_robot.yaml"", ""--no-plot"": null, ""--serve-box"": null}",90,False,miss,0.32949,1.928844,0.198256,0.0,0.0,1.0,0.96,1.2,0.0,0.32949,0.0,1.82,
exp17i_limits_ablation,ablationsoftmin_only__ballspeed7__limitsconfigconfigs_real_robot.yaml__noplot__servebox,"{""--ablation"": ""softmin_only"", ""--ball-speed"": 7, ""--limits-config"": ""configs/real_robot.yaml"", ""--no-plot"": null, ""--serve-box"": null}",95,False,miss,0.341902,1.967722,0.144587,30.0,95.0,1.0,1.0,1.1,0.0,0.341902,0.0,1.47,
exp17i_limits_ablation,ablationsoftmin_only__ballspeed7__limitsconfigconfigs_real_robot.yaml__noplot__servebox,"{""--ablation"": ""softmin_only"", ""--ball-speed"": 7, ""--limits-config"": ""configs/real_robot.yaml"", ""--no-plot"": null, ""--serve-box"": null}",96,True,active,0.109055,1.927525,0.081458,60.0,105.0,1.0,1.0,1.1,15.0,0.109055,0.982,1.68,
exp17i_limits_ablation,ablationsoftmin_only__ballspeed7__limitsconfigconfigs_real_robot.yaml__noplot__servebox,"{""--ablation"": ""softmin_only"", ""--ball-speed"": 7, ""--limits-config"": ""configs/real_robot.yaml"", ""--no-plot"": null, ""--serve-box"": null}",94,True,active,0.117253,1.959558,0.082269,25.0,60.0,1.0,1.0,1.3,30.0,0.117253,0.978,1.83,
exp17i_limits_ablation,ablationsoftmin_only__ballspeed7__limitsconfigconfigs_real_robot.yaml__noplot__servebox,"{""--ablation"": ""softmin_only"", ""--ball-speed"": 7, ""--limits-config"": ""configs/real_robot.yaml"", ""--no-plot"": null, ""--serve-box"": null}",91,True,active,0.125149,1.954669,0.103965,50.0,105.0,1.0,1.0,1.4,20.0,0.125149,0.988,2.29,
exp17i_limits_ablation,ablationsoftmin_only__ballspeed7__limitsconfigconfigs_real_robot.yaml__noplot__servebox,"{""--ablation"": ""softmin_only"", ""--ball-speed"": 7, ""--limits-config"": ""configs/real_robot.yaml"", ""--no-plot"": null, ""--serve-box"": null}",98,False,miss,0.312934,1.946188,0.097485,0.0,0.0,1.0,0.98,1.1,0.0,0.312934,0.0,1.56,
exp17i_limits_ablation,ablationsoftmin_only__ballspeed7__limitsconfigconfigs_real_robot.yaml__noplot__servebox,"{""--ablation"": ""softmin_only"", ""--ball-speed"": 7, ""--limits-config"": ""configs/real_robot.yaml"", ""--no-plot"": null, ""--serve-box"": null}",101,False,miss,0.427171,1.938963,0.189024,0.0,0.0,1.0,0.99,1.2,0.0,0.427171,0.0,1.64,
exp17i_limits_ablation,ablationsoftmin_only__ballspeed7__limitsconfigconfigs_real_robot.yaml__noplot__servebox,"{""--ablation"": ""softmin_only"", ""--ball-speed"": 7, ""--limits-config"": ""configs/real_robot.yaml"", ""--no-plot"": null, ""--serve-box"": null}",97,False,miss,0.366605,1.952789,0.170241,20.0,0.0,1.0,0.99,1.1,0.0,0.366605,0.0,2.1,
exp17i_limits_ablation,ablationsoftmin_only__ballspeed7__limitsconfigconfigs_real_robot.yaml__noplot__servebox,"{""--ablation"": ""softmin_only"", ""--ball-speed"": 7, ""--limits-config"": ""configs/real_robot.yaml"", ""--no-plot"": null, ""--serve-box"": null}",102,True,active,0.126371,1.955239,0.118024,50.0,105.0,1.01,1.0,1.1,5.0,0.126371,0.698,1.67,
exp17i_limits_ablation,ablationsoftmin_only__ballspeed7__limitsconfigconfigs_real_robot.yaml__noplot__servebox,"{""--ablation"": ""softmin_only"", ""--ball-speed"": 7, ""--limits-config"": ""configs/real_robot.yaml"", ""--no-plot"": null, ""--serve-box"": null}",103,False,miss,0.891097,1.668928,0.711386,0.0,0.0,4.31,3.19,6.2,0.0,0.891097,0.0,1.69,
exp17i_limits_ablation,ablationsoftmin_only__ballspeed7__limitsconfigconfigs_real_robot.yaml__noplot__servebox,"{""--ablation"": ""softmin_only"", ""--ball-speed"": 7, ""--limits-config"": ""configs/real_robot.yaml"", ""--no-plot"": null, ""--serve-box"": null}",92,False,miss,0.366145,1.943454,0.158436,25.0,0.0,1.0,0.97,1.4,0.0,0.366145,0.0,3.15,
exp17i_limits_ablation,ablationsoftmin_only__ballspeed7__limitsconfigconfigs_real_robot.yaml__noplot__servebox,"{""--ablation"": ""softmin_only"", ""--ball-speed"": 7, ""--limits-config"": ""configs/real_robot.yaml"", ""--no-plot"": null, ""--serve-box"": null}",106,False,miss,0.348353,1.937658,0.157906,25.0,10.0,0.99,1.0,1.1,0.0,0.348353,0.0,1.54,
exp17i_limits_ablation,ablationsoftmin_only__ballspeed7__limitsconfigconfigs_real_robot.yaml__noplot__servebox,"{""--ablation"": ""softmin_only"", ""--ball-speed"": 7, ""--limits-config"": ""configs/real_robot.yaml"", ""--no-plot"": null, ""--serve-box"": null}",105,True,active,0.112373,1.955411,0.112373,40.0,105.0,1.0,0.99,1.3,20.0,0.112373,0.967,1.63,
exp17i_limits_ablation,ablationsoftmin_only__ballspeed7__limitsconfigconfigs_real_robot.yaml__noplot__servebox,"{""--ablation"": ""softmin_only"", ""--ball-speed"": 7, ""--limits-config"": ""configs/real_robot.yaml"", ""--no-plot"": null, ""--serve-box"": null}",93,True,active,0.112787,1.966775,0.106794,50.0,105.0,1.0,1.0,1.2,20.0,0.112787,0.734,3.66,
exp17i_limits_ablation,ablationsoftmin_only__ballspeed7__limitsconfigconfigs_real_robot.yaml__noplot__servebox,"{""--ablation"": ""softmin_only"", ""--ball-speed"": 7, ""--limits-config"": ""configs/real_robot.yaml"", ""--no-plot"": null, ""--serve-box"": null}",109,True,active,0.10405,1.957864,0.100728,50.0,105.0,1.01,0.99,1.2,10.0,0.10405,0.972,1.59,
exp17i_limits_ablation,ablationsoftmin_only__ballspeed7__limitsconfigconfigs_real_robot.yaml__noplot__servebox,"{""--ablation"": ""softmin_only"", ""--ball-speed"": 7, ""--limits-config"": ""configs/real_robot.yaml"", ""--no-plot"": null, ""--serve-box"": null}",108,True,active,0.100908,1.925929,0.088515,0.0,0.0,1.0,0.99,1.3,5.0,0.100908,0.777,1.95,
exp17i_limits_ablation,ablationsoftmin_only__ballspeed7__limitsconfigconfigs_real_robot.yaml__noplot__servebox,"{""--ablation"": ""softmin_only"", ""--ball-speed"": 7, ""--limits-config"": ""configs/real_robot.yaml"", ""--no-plot"": null, ""--serve-box"": null}",110,True,active,0.134423,1.917002,0.134423,40.0,90.0,1.0,1.0,1.3,10.0,0.134423,0.727,1.97,
exp17i_limits_ablation,ablationsoftmin_only__ballspeed7__limitsconfigconfigs_real_robot.yaml__noplot__servebox,"{""--ablation"": ""softmin_only"", ""--ball-speed"": 7, ""--limits-config"": ""configs/real_robot.yaml"", ""--no-plot"": null, ""--serve-box"": null}",100,False,miss,0.387639,1.955038,0.229906,0.0,0.0,1.01,0.99,1.0,0.0,0.387639,0.0,3.29,
exp17i_limits_ablation,ablationsoftmin_only__ballspeed7__limitsconfigconfigs_real_robot.yaml__noplot__servebox,"{""--ablation"": ""softmin_only"", ""--ball-speed"": 7, ""--limits-config"": ""configs/real_robot.yaml"", ""--no-plot"": null, ""--serve-box"": null}",111,False,miss,0.421815,1.907993,0.209068,0.0,0.0,1.0,0.93,1.2,0.0,0.421815,0.0,1.89,
exp17i_limits_ablation,ablationsoftmin_only__ballspeed7__limitsconfigconfigs_real_robot.yaml__noplot__servebox,"{""--ablation"": ""softmin_only"", ""--ball-speed"": 7, ""--limits-config"": ""configs/real_robot.yaml"", ""--no-plot"": null, ""--serve-box"": null}",107,False,miss,0.419206,1.932462,0.218194,0.0,0.0,1.0,0.99,1.4,0.0,0.419206,0.0,2.67,
exp17i_limits_ablation,ablationsoftmin_only__ballspeed7__limitsconfigconfigs_real_robot.yaml__noplot__servebox,"{""--ablation"": ""softmin_only"", ""--ball-speed"": 7, ""--limits-config"": ""configs/real_robot.yaml"", ""--no-plot"": null, ""--serve-box"": null}",104,False,miss,0.356925,1.93809,0.17454,20.0,0.0,1.0,0.98,1.3,0.0,0.356925,0.0,3.19,
exp17i_limits_ablation,ablationsoftmin_only__ballspeed7__limitsconfigconfigs_real_robot.yaml__noplot__servebox,"{""--ablation"": ""softmin_only"", ""--ball-speed"": 7, ""--limits-config"": ""configs/real_robot.yaml"", ""--no-plot"": null, ""--serve-box"": null}",112,False,miss,0.342698,1.938283,0.162267,0.0,0.0,1.0,1.0,1.0,0.0,0.342698,0.0,1.94,
exp17i_limits_ablation,ablationsoftmin_only__ballspeed7__limitsconfigconfigs_real_robot.yaml__noplot__servebox,"{""--ablation"": ""softmin_only"", ""--ball-speed"": 7, ""--limits-config"": ""configs/real_robot.yaml"", ""--no-plot"": null, ""--serve-box"": null}",117,True,active,0.113882,1.916381,0.053029,60.0,105.0,1.0,0.99,1.5,5.0,0.113882,0.8,1.57,
exp17i_limits_ablation,ablationsoftmin_only__ballspeed7__limitsconfigconfigs_real_robot.yaml__noplot__servebox,"{""--ablation"": ""softmin_only"", ""--ball-speed"": 7, ""--limits-config"": ""configs/real_robot.yaml"", ""--no-plot"": null, ""--serve-box"": null}",115,False,miss,0.399618,1.921056,0.279977,0.0,0.0,7.55,6.36,8.4,0.0,0.399618,0.0,1.94,
exp17i_limits_ablation,ablationsoftmin_only__ballspeed7__limitsconfigconfigs_real_robot.yaml__noplot__servebox,"{""--ablation"": ""softmin_only"", ""--ball-speed"": 7, ""--limits-config"": ""configs/real_robot.yaml"", ""--no-plot"": null, ""--serve-box"": null}",99,False,miss,0.336359,1.848978,0.280088,0.0,0.0,1.08,1.0,0.9,0.0,0.336359,0.0,3.99,
exp17i_limits_ablation,ablationsoftmin_only__ballspeed7__limitsconfigconfigs_real_robot.yaml__noplot__servebox,"{""--ablation"": ""softmin_only"", ""--ball-speed"": 7, ""--limits-config"": ""configs/real_robot.yaml"", ""--no-plot"": null, ""--serve-box"": null}",113,False,miss,0.33393,1.967438,0.149999,0.0,0.0,1.01,0.99,1.3,0.0,0.33393,0.0,2.09,
exp17i_limits_ablation,ablationsoftmin_only__ballspeed7__limitsconfigconfigs_real_robot.yaml__noplot__servebox,"{""--ablation"": ""softmin_only"", ""--ball-speed"": 7, ""--limits-config"": ""configs/real_robot.yaml"", ""--no-plot"": null, ""--serve-box"": null}",118,False,miss,0.376315,1.817103,0.315923,0.0,0.0,0.97,0.97,0.8,0.0,0.376315,0.0,1.93,
exp17i_limits_ablation,ablationsoftmin_only__ballspeed7__limitsconfigconfigs_real_robot.yaml__noplot__servebox,"{""--ablation"": ""softmin_only"", ""--ball-speed"": 7, ""--limits-config"": ""configs/real_robot.yaml"", ""--no-plot"": null, ""--serve-box"": null}",114,False,miss,0.344997,1.925196,0.151048,30.0,0.0,1.0,1.0,1.0,0.0,0.344997,0.0,2.27,
exp17i_limits_ablation,ablationsoftmin_only__ballspeed7__limitsconfigconfigs_real_robot.yaml__noplot__servebox,"{""--ablation"": ""softmin_only"", ""--ball-speed"": 7, ""--limits-config"": ""configs/real_robot.yaml"", ""--no-plot"": null, ""--serve-box"": null}",119,False,miss,0.32676,1.921333,0.151843,20.0,10.0,1.0,0.97,1.0,0.0,0.32676,0.0,1.64,
exp17i_limits_ablation,ablationsoftmin_only__ballspeed7__limitsconfigconfigs_real_robot.yaml__noplot__servebox,"{""--ablation"": ""softmin_only"", ""--ball-speed"": 7, ""--limits-config"": ""configs/real_robot.yaml"", ""--no-plot"": null, ""--serve-box"": null}",120,False,miss,0.456752,1.72397,0.353896,0.0,0.0,0.39,0.41,0.2,0.0,0.456752,0.0,2.17,
exp17i_limits_ablation,ablationsoftmin_only__ballspeed7__limitsconfigconfigs_real_robot.yaml__noplot__servebox,"{""--ablation"": ""softmin_only"", ""--ball-speed"": 7, ""--limits-config"": ""configs/real_robot.yaml"", ""--no-plot"": null, ""--serve-box"": null}",116,False,miss,0.38739,1.921467,0.188341,0.0,0.0,0.99,0.99,1.3,0.0,0.38739,0.0,2.77,
exp17i_limits_ablation,ablationsoftmin_only__ballspeed7__limitsconfigconfigs_real_robot.yaml__noplot__servebox,"{""--ablation"": ""softmin_only"", ""--ball-speed"": 7, ""--limits-config"": ""configs/real_robot.yaml"", ""--no-plot"": null, ""--serve-box"": null}",124,True,active,0.109885,1.983809,0.101554,45.0,105.0,1.0,1.0,1.1,15.0,0.109885,0.67,1.71,
exp17i_limits_ablation,ablationsoftmin_only__ballspeed7__limitsconfigconfigs_real_robot.yaml__noplot__servebox,"{""--ablation"": ""softmin_only"", ""--ball-speed"": 7, ""--limits-config"": ""configs/real_robot.yaml"", ""--no-plot"": null, ""--serve-box"": null}",127,False,miss,0.346268,1.947608,0.148513,30.0,35.0,1.01,0.99,1.0,0.0,0.346268,0.0,1.53,
exp17i_limits_ablation,ablationsoftmin_only__ballspeed7__limitsconfigconfigs_real_robot.yaml__noplot__servebox,"{""--ablation"": ""softmin_only"", ""--ball-speed"": 7, ""--limits-config"": ""configs/real_robot.yaml"", ""--no-plot"": null, ""--serve-box"": null}",126,True,active,0.087066,1.950777,0.071036,45.0,105.0,1.0,1.0,1.2,25.0,0.087066,0.953,1.7,
exp17i_limits_ablation,ablationsoftmin_only__ballspeed7__limitsconfigconfigs_real_robot.yaml__noplot__servebox,"{""--ablation"": ""softmin_only"", ""--ball-speed"": 7, ""--limits-config"": ""configs/real_robot.yaml"", ""--no-plot"": null, ""--serve-box"": null}",128,False,miss,0.364443,1.91734,0.15845,25.0,0.0,1.0,1.0,1.7,0.0,0.364443,0.0,1.68,
exp17i_limits_ablation,ablationsoftmin_only__ballspeed7__limitsconfigconfigs_real_robot.yaml__noplot__servebox,"{""--ablation"": ""softmin_only"", ""--ball-speed"": 7, ""--limits-config"": ""configs/real_robot.yaml"", ""--no-plot"": null, ""--serve-box"": null}",131,True,active,0.10343,1.967285,0.09969,45.0,105.0,1.0,1.0,1.3,20.0,0.10343,0.828,1.54,
exp17i_limits_ablation,ablationsoftmin_only__ballspeed7__limitsconfigconfigs_real_robot.yaml__noplot__servebox,"{""--ablation"": ""softmin_only"", ""--ball-speed"": 7, ""--limits-config"": ""configs/real_robot.yaml"", ""--no-plot"": null, ""--serve-box"": null}",132,False,miss,0.340489,1.956204,0.153854,25.0,0.0,1.0,1.0,1.3,0.0,0.340489,0.0,1.5,
exp17i_limits_ablation,ablationsoftmin_only__ballspeed7__limitsconfigconfigs_real_robot.yaml__noplot__servebox,"{""--ablation"": ""softmin_only"", ""--ball-speed"": 7, ""--limits-config"": ""configs/real_robot.yaml"", ""--no-plot"": null, ""--serve-box"": null}",130,True,active,0.115401,1.915518,0.10293,50.0,105.0,1.0,0.96,1.3,10.0,0.115401,0.879,1.73,
exp17i_limits_ablation,ablationsoftmin_only__ballspeed7__limitsconfigconfigs_real_robot.yaml__noplot__servebox,"{""--ablation"": ""softmin_only"", ""--ball-speed"": 7, ""--limits-config"": ""configs/real_robot.yaml"", ""--no-plot"": null, ""--serve-box"": null}",123,True,active,0.129333,1.947566,0.118336,35.0,75.0,1.0,0.99,1.0,20.0,0.129333,0.807,2.44,
exp17i_limits_ablation,ablationsoftmin_only__ballspeed7__limitsconfigconfigs_real_robot.yaml__noplot__servebox,"{""--ablation"": ""softmin_only"", ""--ball-speed"": 7, ""--limits-config"": ""configs/real_robot.yaml"", ""--no-plot"": null, ""--serve-box"": null}",121,False,miss,0.413027,1.86276,0.354982,0.0,0.0,1.0,0.99,1.1,0.0,0.413027,0.0,2.75,
exp17i_limits_ablation,ablationsoftmin_only__ballspeed7__limitsconfigconfigs_real_robot.yaml__noplot__servebox,"{""--ablation"": ""softmin_only"", ""--ball-speed"": 7, ""--limits-config"": ""configs/real_robot.yaml"", ""--no-plot"": null, ""--serve-box"": null}",134,True,active,0.137648,1.911992,0.137648,30.0,60.0,1.01,1.0,1.3,15.0,0.137648,0.938,1.86,
exp17i_limits_ablation,ablationsoftmin_only__ballspeed7__limitsconfigconfigs_real_robot.yaml__noplot__servebox,"{""--ablation"": ""softmin_only"", ""--ball-speed"": 7, ""--limits-config"": ""configs/real_robot.yaml"", ""--no-plot"": null, ""--serve-box"": null}",133,True,active,0.150432,1.965535,0.146755,40.0,55.0,1.0,1.0,1.3,15.0,0.150432,0.964,2.08,
exp17i_limits_ablation,ablationsoftmin_only__ballspeed7__limitsconfigconfigs_real_robot.yaml__noplot__servebox,"{""--ablation"": ""softmin_only"", ""--ball-speed"": 7, ""--limits-config"": ""configs/real_robot.yaml"", ""--no-plot"": null, ""--serve-box"": null}",122,True,active,0.116806,1.935601,0.074045,55.0,105.0,1.01,0.98,1.2,5.0,0.116806,0.78,3.17,
exp17i_limits_ablation,ablationsoftmin_only__ballspeed7__limitsconfigconfigs_real_robot.yaml__noplot__servebox,"{""--ablation"": ""softmin_only"", ""--ball-speed"": 7, ""--limits-config"": ""configs/real_robot.yaml"", ""--no-plot"": null, ""--serve-box"": null}",125,False,miss,0.392924,1.953065,0.170747,15.0,0.0,1.0,0.99,1.2,0.0,0.392924,0.0,3.06,
exp17i_limits_ablation,ablationsoftmin_only__ballspeed7__limitsconfigconfigs_real_robot.yaml__noplot__servebox,"{""--ablation"": ""softmin_only"", ""--ball-speed"": 7, ""--limits-config"": ""configs/real_robot.yaml"", ""--no-plot"": null, ""--serve-box"": null}",135,False,miss,0.384988,1.936753,0.191312,0.0,0.0,1.0,0.98,1.4,0.0,0.384988,0.0,1.7,
exp17i_limits_ablation,ablationsoftmin_only__ballspeed7__limitsconfigconfigs_real_robot.yaml__noplot__servebox,"{""--ablation"": ""softmin_only"", ""--ball-speed"": 7, ""--limits-config"": ""configs/real_robot.yaml"", ""--no-plot"": null, ""--serve-box"": null}",136,False,miss,0.786513,1.782689,0.779494,0.0,0.0,2.42,6.79,4.3,0.0,0.786513,0.0,2.0,
exp17i_limits_ablation,ablationsoftmin_only__ballspeed7__limitsconfigconfigs_real_robot.yaml__noplot__servebox,"{""--ablation"": ""softmin_only"", ""--ball-speed"": 7, ""--limits-config"": ""configs/real_robot.yaml"", ""--no-plot"": null, ""--serve-box"": null}",139,False,miss,0.385257,1.935825,0.145444,30.0,60.0,1.0,0.99,1.3,0.0,0.385257,0.0,1.84,
exp17i_limits_ablation,ablationsoftmin_only__ballspeed7__limitsconfigconfigs_real_robot.yaml__noplot__servebox,"{""--ablation"": ""softmin_only"", ""--ball-speed"": 7, ""--limits-config"": ""configs/real_robot.yaml"", ""--no-plot"": null, ""--serve-box"": null}",141,True,passive,0.103771,1.896904,0.097086,50.0,105.0,1.0,0.99,0.7,5.0,0.103771,0.28,1.6,
exp17i_limits_ablation,ablationsoftmin_only__ballspeed7__limitsconfigconfigs_real_robot.yaml__noplot__servebox,"{""--ablation"": ""softmin_only"", ""--ball-speed"": 7, ""--limits-config"": ""configs/real_robot.yaml"", ""--no-plot"": null, ""--serve-box"": null}",143,True,active,0.109103,1.975673,0.109103,40.0,105.0,1.0,1.0,1.2,15.0,0.109103,0.603,1.5,
exp17i_limits_ablation,ablationsoftmin_only__ballspeed7__limitsconfigconfigs_real_robot.yaml__noplot__servebox,"{""--ablation"": ""softmin_only"", ""--ball-speed"": 7, ""--limits-config"": ""configs/real_robot.yaml"", ""--no-plot"": null, ""--serve-box"": null}",145,True,active,0.081653,1.95443,0.076971,45.0,105.0,1.0,1.0,1.1,25.0,0.081653,0.859,1.49,
exp17i_limits_ablation,ablationsoftmin_only__ballspeed7__limitsconfigconfigs_real_robot.yaml__noplot__servebox,"{""--ablation"": ""softmin_only"", ""--ball-speed"": 7, ""--limits-config"": ""configs/real_robot.yaml"", ""--no-plot"": null, ""--serve-box"": null}",142,False,miss,0.326156,1.979709,0.129427,35.0,105.0,1.0,1.0,1.1,0.0,0.326156,0.0,1.73,
exp17i_limits_ablation,ablationsoftmin_only__ballspeed7__limitsconfigconfigs_real_robot.yaml__noplot__servebox,"{""--ablation"": ""softmin_only"", ""--ball-speed"": 7, ""--limits-config"": ""configs/real_robot.yaml"", ""--no-plot"": null, ""--serve-box"": null}",129,False,miss,0.36867,1.932937,0.220536,0.0,0.0,1.01,1.0,1.0,0.0,0.36867,0.0,3.86,
exp17i_limits_ablation,ablationsoftmin_only__ballspeed7__limitsconfigconfigs_real_robot.yaml__noplot__servebox,"{""--ablation"": ""softmin_only"", ""--ball-speed"": 7, ""--limits-config"": ""configs/real_robot.yaml"", ""--no-plot"": null, ""--serve-box"": null}",146,False,miss,0.349852,1.954114,0.132064,0.0,0.0,0.99,0.99,1.3,0.0,0.349852,0.0,1.65,
exp17i_limits_ablation,ablationsoftmin_only__ballspeed7__limitsconfigconfigs_real_robot.yaml__noplot__servebox,"{""--ablation"": ""softmin_only"", ""--ball-speed"": 7, ""--limits-config"": ""configs/real_robot.yaml"", ""--no-plot"": null, ""--serve-box"": null}",147,True,active,0.118903,1.969115,0.059697,65.0,105.0,1.01,0.99,1.2,10.0,0.118903,0.979,1.56,
exp17i_limits_ablation,ablationsoftmin_only__ballspeed7__limitsconfigconfigs_real_robot.yaml__noplot__servebox,"{""--ablation"": ""softmin_only"", ""--ball-speed"": 7, ""--limits-config"": ""configs/real_robot.yaml"", ""--no-plot"": null, ""--serve-box"": null}",137,False,miss,0.322423,1.951686,0.120129,40.0,100.0,1.0,1.0,1.1,0.0,0.322423,0.0,3.05,
exp17i_limits_ablation,ablationsoftmin_only__ballspeed7__limitsconfigconfigs_real_robot.yaml__noplot__servebox,"{""--ablation"": ""softmin_only"", ""--ball-speed"": 7, ""--limits-config"": ""configs/real_robot.yaml"", ""--no-plot"": null, ""--serve-box"": null}",138,False,miss,0.326905,1.948962,0.145029,30.0,55.0,1.0,1.0,1.4,0.0,0.326905,0.0,2.88,
exp17i_limits_ablation,ablationsoftmin_only__ballspeed7__limitsconfigconfigs_real_robot.yaml__noplot__servebox,"{""--ablation"": ""softmin_only"", ""--ball-speed"": 7, ""--limits-config"": ""configs/real_robot.yaml"", ""--no-plot"": null, ""--serve-box"": null}",144,True,active,0.084311,1.986081,0.078151,55.0,105.0,1.01,1.0,1.3,15.0,0.084311,0.994,2.46,
exp17i_limits_ablation,ablationsoftmin_only__ballspeed7__limitsconfigconfigs_real_robot.yaml__noplot__servebox,"{""--ablation"": ""softmin_only"", ""--ball-speed"": 7, ""--limits-config"": ""configs/real_robot.yaml"", ""--no-plot"": null, ""--serve-box"": null}",149,False,miss,0.353217,1.943796,0.130389,40.0,105.0,1.0,1.0,1.3,0.0,0.353217,0.0,1.9,
exp17i_limits_ablation,ablationsoftmin_only__ballspeed7__limitsconfigconfigs_real_robot.yaml__noplot__servebox,"{""--ablation"": ""softmin_only"", ""--ball-speed"": 7, ""--limits-config"": ""configs/real_robot.yaml"", ""--no-plot"": null, ""--serve-box"": null}",151,False,miss,0.345844,1.936117,0.217808,0.0,0.0,1.01,0.99,1.0,0.0,0.345844,0.0,1.77,
exp17i_limits_ablation,ablationsoftmin_only__ballspeed7__limitsconfigconfigs_real_robot.yaml__noplot__servebox,"{""--ablation"": ""softmin_only"", ""--ball-speed"": 7, ""--limits-config"": ""configs/real_robot.yaml"", ""--no-plot"": null, ""--serve-box"": null}",152,True,active,0.120482,1.94793,0.112899,45.0,105.0,0.98,1.0,1.1,15.0,0.120482,0.661,1.56,
exp17i_limits_ablation,ablationsoftmin_only__ballspeed7__limitsconfigconfigs_real_robot.yaml__noplot__servebox,"{""--ablation"": ""softmin_only"", ""--ball-speed"": 7, ""--limits-config"": ""configs/real_robot.yaml"", ""--no-plot"": null, ""--serve-box"": null}",140,False,miss,0.355678,1.939732,0.143646,20.0,25.0,0.99,0.99,1.4,0.0,0.355678,0.0,3.38,
exp17i_limits_ablation,ablationsoftmin_only__ballspeed7__limitsconfigconfigs_real_robot.yaml__noplot__servebox,"{""--ablation"": ""softmin_only"", ""--ball-speed"": 7, ""--limits-config"": ""configs/real_robot.yaml"", ""--no-plot"": null, ""--serve-box"": null}",154,False,miss,0.583433,1.731296,0.448475,0.0,0.0,0.49,0.44,0.4,0.0,0.583433,0.0,1.81,
exp17i_limits_ablation,ablationsoftmin_only__ballspeed7__limitsconfigconfigs_real_robot.yaml__noplot__servebox,"{""--ablation"": ""softmin_only"", ""--ball-speed"": 7, ""--limits-config"": ""configs/real_robot.yaml"", ""--no-plot"": null, ""--serve-box"": null}",156,False,miss,0.359454,1.963135,0.167578,20.0,0.0,1.0,0.99,1.2,0.0,0.359454,0.0,1.77,
exp17i_limits_ablation,ablationsoftmin_only__ballspeed7__limitsconfigconfigs_real_robot.yaml__noplot__servebox,"{""--ablation"": ""softmin_only"", ""--ball-speed"": 7, ""--limits-config"": ""configs/real_robot.yaml"", ""--no-plot"": null, ""--serve-box"": null}",157,False,miss,0.329228,1.9497,0.165221,20.0,0.0,2.13,1.33,1.9,0.0,0.329228,0.0,1.55,
exp17i_limits_ablation,ablationsoftmin_only__ballspeed7__limitsconfigconfigs_real_robot.yaml__noplot__servebox,"{""--ablation"": ""softmin_only"", ""--ball-speed"": 7, ""--limits-config"": ""configs/real_robot.yaml"", ""--no-plot"": null, ""--serve-box"": null}",158,True,active,0.125662,1.960126,0.117463,50.0,100.0,1.02,0.99,1.3,20.0,0.125662,0.974,1.54,
exp17i_limits_ablation,ablationsoftmin_only__ballspeed7__limitsconfigconfigs_real_robot.yaml__noplot__servebox,"{""--ablation"": ""softmin_only"", ""--ball-speed"": 7, ""--limits-config"": ""configs/real_robot.yaml"", ""--no-plot"": null, ""--serve-box"": null}",159,False,miss,0.395543,1.838868,0.326617,0.0,0.0,1.0,0.97,1.3,0.0,0.395543,0.0,1.81,
exp17i_limits_ablation,ablationsoftmin_only__ballspeed7__limitsconfigconfigs_real_robot.yaml__noplot__servebox,"{""--ablation"": ""softmin_only"", ""--ball-speed"": 7, ""--limits-config"": ""configs/real_robot.yaml"", ""--no-plot"": null, ""--serve-box"": null}",150,True,active,0.129358,1.965015,0.098496,60.0,105.0,1.01,0.98,1.2,20.0,0.129358,1.005,3.28,
exp17i_limits_ablation,ablationsoftmin_only__ballspeed7__limitsconfigconfigs_real_robot.yaml__noplot__servebox,"{""--ablation"": ""softmin_only"", ""--ball-speed"": 7, ""--limits-config"": ""configs/real_robot.yaml"", ""--no-plot"": null, ""--serve-box"": null}",155,True,active,0.076916,2.002894,0.06533,50.0,105.0,1.0,1.0,1.0,25.0,0.076916,0.832,2.68,
exp17i_limits_ablation,ablationsoftmin_only__ballspeed7__limitsconfigconfigs_real_robot.yaml__noplot__servebox,"{""--ablation"": ""softmin_only"", ""--ball-speed"": 7, ""--limits-config"": ""configs/real_robot.yaml"", ""--no-plot"": null, ""--serve-box"": null}",161,True,active,0.075988,1.944545,0.075988,50.0,105.0,1.0,1.0,1.1,10.0,0.075988,0.726,1.88,
exp17i_limits_ablation,ablationsoftmin_only__ballspeed7__limitsconfigconfigs_real_robot.yaml__noplot__servebox,"{""--ablation"": ""softmin_only"", ""--ball-speed"": 7, ""--limits-config"": ""configs/real_robot.yaml"", ""--no-plot"": null, ""--serve-box"": null}",165,False,miss,0.360547,1.915129,0.195001,0.0,0.0,1.99,0.99,1.7,0.0,0.360547,0.0,1.48,
exp17i_limits_ablation,ablationsoftmin_only__ballspeed7__limitsconfigconfigs_real_robot.yaml__noplot__servebox,"{""--ablation"": ""softmin_only"", ""--ball-speed"": 7, ""--limits-config"": ""configs/real_robot.yaml"", ""--no-plot"": null, ""--serve-box"": null}",164,False,miss,0.338447,1.951745,0.146257,30.0,40.0,0.98,1.0,1.1,0.0,0.338447,0.0,1.52,
exp17i_limits_ablation,ablationsoftmin_only__ballspeed7__limitsconfigconfigs_real_robot.yaml__noplot__servebox,"{""--ablation"": ""softmin_only"", ""--ball-speed"": 7, ""--limits-config"": ""configs/real_robot.yaml"", ""--no-plot"": null, ""--serve-box"": null}",162,False,miss,0.264161,1.860636,0.220896,0.0,0.0,1.0,1.0,1.5,0.0,0.264161,0.0,2.1,
exp17i_limits_ablation,ablationsoftmin_only__ballspeed7__limitsconfigconfigs_real_robot.yaml__noplot__servebox,"{""--ablation"": ""softmin_only"", ""--ball-speed"": 7, ""--limits-config"": ""configs/real_robot.yaml"", ""--no-plot"": null, ""--serve-box"": null}",148,False,miss,0.468707,1.686317,0.358045,0.0,0.0,1.0,0.59,0.7,0.0,0.468707,0.0,4.0,
exp17i_limits_ablation,ablationsoftmin_only__ballspeed7__limitsconfigconfigs_real_robot.yaml__noplot__servebox,"{""--ablation"": ""softmin_only"", ""--ball-speed"": 7, ""--limits-config"": ""configs/real_robot.yaml"", ""--no-plot"": null, ""--serve-box"": null}",166,True,active,0.122576,1.945233,0.114901,45.0,105.0,1.0,1.0,1.2,20.0,0.122576,0.904,1.56,
exp17i_limits_ablation,ablationsoftmin_only__ballspeed7__limitsconfigconfigs_real_robot.yaml__noplot__servebox,"{""--ablation"": ""softmin_only"", ""--ball-speed"": 7, ""--limits-config"": ""configs/real_robot.yaml"", ""--no-plot"": null, ""--serve-box"": null}",160,False,miss,0.370295,1.927763,0.247487,0.0,0.0,1.0,0.98,1.4,0.0,0.370295,0.0,2.77,
exp17i_limits_ablation,ablationsoftmin_only__ballspeed7__limitsconfigconfigs_real_robot.yaml__noplot__servebox,"{""--ablation"": ""softmin_only"", ""--ball-speed"": 7, ""--limits-config"": ""configs/real_robot.yaml"", ""--no-plot"": null, ""--serve-box"": null}",167,True,active,0.090833,1.963049,0.051962,30.0,65.0,1.0,0.98,1.1,25.0,0.090833,0.895,1.84,
exp17i_limits_ablation,ablationsoftmin_only__ballspeed7__limitsconfigconfigs_real_robot.yaml__noplot__servebox,"{""--ablation"": ""softmin_only"", ""--ball-speed"": 7, ""--limits-config"": ""configs/real_robot.yaml"", ""--no-plot"": null, ""--serve-box"": null}",169,False,miss,0.331637,1.926409,0.148257,30.0,50.0,1.0,1.0,1.1,0.0,0.331637,0.0,1.51,
exp17i_limits_ablation,ablationsoftmin_only__ballspeed7__limitsconfigconfigs_real_robot.yaml__noplot__servebox,"{""--ablation"": ""softmin_only"", ""--ball-speed"": 7, ""--limits-config"": ""configs/real_robot.yaml"", ""--no-plot"": null, ""--serve-box"": null}",153,False,miss,0.539732,1.705433,0.4251,0.0,0.0,1.9,0.98,1.5,0.0,0.539732,0.0,4.03,
exp17i_limits_ablation,ablationsoftmin_only__ballspeed7__limitsconfigconfigs_real_robot.yaml__noplot__servebox,"{""--ablation"": ""softmin_only"", ""--ball-speed"": 7, ""--limits-config"": ""configs/real_robot.yaml"", ""--no-plot"": null, ""--serve-box"": null}",163,True,active,0.101286,2.000147,0.090756,50.0,105.0,1.0,1.0,1.3,20.0,0.101286,0.902,2.96,
exp17i_limits_ablation,ablationsoftmin_only__ballspeed7__limitsconfigconfigs_real_robot.yaml__noplot__servebox,"{""--ablation"": ""softmin_only"", ""--ball-speed"": 7, ""--limits-config"": ""configs/real_robot.yaml"", ""--no-plot"": null, ""--serve-box"": null}",173,False,miss,0.390451,1.926963,0.166603,25.0,0.0,1.0,0.98,1.3,0.0,0.390451,0.0,1.69,
exp17i_limits_ablation,ablationsoftmin_only__ballspeed7__limitsconfigconfigs_real_robot.yaml__noplot__servebox,"{""--ablation"": ""softmin_only"", ""--ball-speed"": 7, ""--limits-config"": ""configs/real_robot.yaml"", ""--no-plot"": null, ""--serve-box"": null}",172,False,miss,0.341874,1.956122,0.144343,30.0,105.0,1.0,1.0,1.2,0.0,0.341874,0.0,2.07,
exp17i_limits_ablation,ablationsoftmin_only__ballspeed7__limitsconfigconfigs_real_robot.yaml__noplot__servebox,"{""--ablation"": ""softmin_only"", ""--ball-speed"": 7, ""--limits-config"": ""configs/real_robot.yaml"", ""--no-plot"": null, ""--serve-box"": null}",175,True,active,0.088634,1.936753,0.031666,0.0,0.0,1.0,0.97,1.1,25.0,0.088634,0.964,1.82,
exp17i_limits_ablation,ablationsoftmin_only__ballspeed7__limitsconfigconfigs_real_robot.yaml__noplot__servebox,"{""--ablation"": ""softmin_only"", ""--ball-speed"": 7, ""--limits-config"": ""configs/real_robot.yaml"", ""--no-plot"": null, ""--serve-box"": null}",176,False,miss,0.426917,1.82853,0.37367,0.0,0.0,1.17,0.99,1.0,0.0,0.426917,0.0,1.79,
exp17i_limits_ablation,ablationsoftmin_only__ballspeed7__limitsconfigconfigs_real_robot.yaml__noplot__servebox,"{""--ablation"": ""softmin_only"", ""--ball-speed"": 7, ""--limits-config"": ""configs/real_robot.yaml"", ""--no-plot"": null, ""--serve-box"": null}",177,False,miss,0.366151,1.898171,0.293749,0.0,0.0,1.0,1.0,1.2,0.0,0.366151,0.0,1.75,
exp17i_limits_ablation,ablationsoftmin_only__ballspeed7__limitsconfigconfigs_real_robot.yaml__noplot__servebox,"{""--ablation"": ""softmin_only"", ""--ball-speed"": 7, ""--limits-config"": ""configs/real_robot.yaml"", ""--no-plot"": null, ""--serve-box"": null}",178,False,miss,0.37235,1.927468,0.192489,0.0,0.0,1.0,0.99,1.1,0.0,0.37235,0.0,1.69,
exp17i_limits_ablation,ablationsoftmin_only__ballspeed7__limitsconfigconfigs_real_robot.yaml__noplot__servebox,"{""--ablation"": ""softmin_only"", ""--ball-speed"": 7, ""--limits-config"": ""configs/real_robot.yaml"", ""--no-plot"": null, ""--serve-box"": null}",170,False,miss,0.346063,1.92464,0.157963,0.0,0.0,0.99,1.0,1.4,0.0,0.346063,0.0,2.83,
exp17i_limits_ablation,ablationsoftmin_only__ballspeed7__limitsconfigconfigs_real_robot.yaml__noplot__servebox,"{""--ablation"": ""softmin_only"", ""--ball-speed"": 7, ""--limits-config"": ""configs/real_robot.yaml"", ""--no-plot"": null, ""--serve-box"": null}",168,False,miss,0.383835,1.941954,0.166147,0.0,0.0,1.0,0.99,1.3,0.0,0.383835,0.0,3.05,
exp17i_limits_ablation,ablationsoftmin_only__ballspeed7__limitsconfigconfigs_real_robot.yaml__noplot__servebox,"{""--ablation"": ""softmin_only"", ""--ball-speed"": 7, ""--limits-config"": ""configs/real_robot.yaml"", ""--no-plot"": null, ""--serve-box"": null}",179,False,miss,0.344678,1.929716,0.195797,0.0,0.0,1.0,0.99,1.3,0.0,0.344678,0.0,1.92,
exp17i_limits_ablation,ablationsoftmin_only__ballspeed7__limitsconfigconfigs_real_robot.yaml__noplot__servebox,"{""--ablation"": ""softmin_only"", ""--ball-speed"": 7, ""--limits-config"": ""configs/real_robot.yaml"", ""--no-plot"": null, ""--serve-box"": null}",182,False,miss,0.343983,1.950559,0.167783,15.0,0.0,1.01,0.95,1.3,0.0,0.343983,0.0,1.51,
exp17i_limits_ablation,ablationsoftmin_only__ballspeed7__limitsconfigconfigs_real_robot.yaml__noplot__servebox,"{""--ablation"": ""softmin_only"", ""--ball-speed"": 7, ""--limits-config"": ""configs/real_robot.yaml"", ""--no-plot"": null, ""--serve-box"": null}",180,False,miss,0.253014,1.939398,0.135092,0.0,0.0,1.0,0.99,0.9,0.0,0.253014,0.0,1.72,
exp17i_limits_ablation,ablationsoftmin_only__ballspeed7__limitsconfigconfigs_real_robot.yaml__noplot__servebox,"{""--ablation"": ""softmin_only"", ""--ball-speed"": 7, ""--limits-config"": ""configs/real_robot.yaml"", ""--no-plot"": null, ""--serve-box"": null}",183,False,miss,0.365851,1.958183,0.131069,30.0,95.0,1.0,1.0,1.3,0.0,0.365851,0.0,1.49,
exp17i_limits_ablation,ablationsoftmin_only__ballspeed7__limitsconfigconfigs_real_robot.yaml__noplot__servebox,"{""--ablation"": ""softmin_only"", ""--ball-speed"": 7, ""--limits-config"": ""configs/real_robot.yaml"", ""--no-plot"": null, ""--serve-box"": null}",184,False,miss,0.351991,1.982121,0.146081,30.0,40.0,0.99,0.99,1.1,0.0,0.351991,0.0,1.51,
exp17i_limits_ablation,ablationsoftmin_only__ballspeed7__limitsconfigconfigs_real_robot.yaml__noplot__servebox,"{""--ablation"": ""softmin_only"", ""--ball-speed"": 7, ""--limits-config"": ""configs/real_robot.yaml"", ""--no-plot"": null, ""--serve-box"": null}",174,True,active,0.124626,1.944692,0.096989,0.0,0.0,1.01,1.0,1.1,20.0,0.124626,0.899,3.08,
exp17i_limits_ablation,ablationsoftmin_only__ballspeed7__limitsconfigconfigs_real_robot.yaml__noplot__servebox,"{""--ablation"": ""softmin_only"", ""--ball-speed"": 7, ""--limits-config"": ""configs/real_robot.yaml"", ""--no-plot"": null, ""--serve-box"": null}",171,False,miss,0.477472,1.7176,0.368534,0.0,0.0,0.3,0.4,0.2,0.0,0.477472,0.0,3.92,
exp17i_limits_ablation,ablationsoftmin_only__ballspeed7__limitsconfigconfigs_real_robot.yaml__noplot__servebox,"{""--ablation"": ""softmin_only"", ""--ball-speed"": 7, ""--limits-config"": ""configs/real_robot.yaml"", ""--no-plot"": null, ""--serve-box"": null}",187,False,miss,0.330571,1.9147,0.179752,10.0,0.0,0.99,1.0,1.1,0.0,0.330571,0.0,1.74,
exp17i_limits_ablation,ablationsoftmin_only__ballspeed7__limitsconfigconfigs_real_robot.yaml__noplot__servebox,"{""--ablation"": ""softmin_only"", ""--ball-speed"": 7, ""--limits-config"": ""configs/real_robot.yaml"", ""--no-plot"": null, ""--serve-box"": null}",189,False,miss,0.377053,1.934686,0.202473,0.0,0.0,1.0,0.99,1.0,0.0,0.377053,0.0,1.68,
exp17i_limits_ablation,ablationsoftmin_only__ballspeed7__limitsconfigconfigs_real_robot.yaml__noplot__servebox,"{""--ablation"": ""softmin_only"", ""--ball-speed"": 7, ""--limits-config"": ""configs/real_robot.yaml"", ""--no-plot"": null, ""--serve-box"": null}",181,True,active,0.121457,1.962715,0.102461,50.0,105.0,0.99,0.99,1.0,20.0,0.121457,0.872,2.89,
exp17i_limits_ablation,ablationsoftmin_only__ballspeed7__limitsconfigconfigs_real_robot.yaml__noplot__servebox,"{""--ablation"": ""softmin_only"", ""--ball-speed"": 7, ""--limits-config"": ""configs/real_robot.yaml"", ""--no-plot"": null, ""--serve-box"": null}",192,False,miss,0.327278,1.948739,0.149451,15.0,0.0,0.99,1.0,1.2,0.0,0.327278,0.0,1.55,
exp17i_limits_ablation,ablationsoftmin_only__ballspeed7__limitsconfigconfigs_real_robot.yaml__noplot__servebox,"{""--ablation"": ""softmin_only"", ""--ball-speed"": 7, ""--limits-config"": ""configs/real_robot.yaml"", ""--no-plot"": null, ""--serve-box"": null}",188,False,miss,0.527528,1.688698,0.364794,0.0,0.0,0.44,0.37,0.3,0.0,0.527528,0.0,1.81,
exp17i_limits_ablation,ablationsoftmin_only__ballspeed7__limitsconfigconfigs_real_robot.yaml__noplot__servebox,"{""--ablation"": ""softmin_only"", ""--ball-speed"": 7, ""--limits-config"": ""configs/real_robot.yaml"", ""--no-plot"": null, ""--serve-box"": null}",185,True,active,0.062414,1.95539,0.062414,45.0,105.0,1.01,1.0,0.9,15.0,0.062414,0.905,2.23,
exp17i_limits_ablation,ablationsoftmin_only__ballspeed7__limitsconfigconfigs_real_robot.yaml__noplot__servebox,"{""--ablation"": ""softmin_only"", ""--ball-speed"": 7, ""--limits-config"": ""configs/real_robot.yaml"", ""--no-plot"": null, ""--serve-box"": null}",196,False,miss,0.363914,1.9635,0.173125,0.0,0.0,1.0,1.0,1.2,0.0,0.363914,0.0,1.56,
exp17i_limits_ablation,ablationsoftmin_only__ballspeed7__limitsconfigconfigs_real_robot.yaml__noplot__servebox,"{""--ablation"": ""softmin_only"", ""--ball-speed"": 7, ""--limits-config"": ""configs/real_robot.yaml"", ""--no-plot"": null, ""--serve-box"": null}",191,False,miss,0.441296,1.712135,0.35393,0.0,0.0,1.0,0.45,0.7,0.0,0.441296,0.0,2.06,
exp17i_limits_ablation,ablationsoftmin_only__ballspeed7__limitsconfigconfigs_real_robot.yaml__noplot__servebox,"{""--ablation"": ""softmin_only"", ""--ball-speed"": 7, ""--limits-config"": ""configs/real_robot.yaml"", ""--no-plot"": null, ""--serve-box"": null}",197,False,miss,0.366315,1.965278,0.160927,25.0,0.0,1.01,1.0,1.2,0.0,0.366315,0.0,1.62,
exp17i_limits_ablation,ablationsoftmin_only__ballspeed7__limitsconfigconfigs_real_robot.yaml__noplot__servebox,"{""--ablation"": ""softmin_only"", ""--ball-speed"": 7, ""--limits-config"": ""configs/real_robot.yaml"", ""--no-plot"": null, ""--serve-box"": null}",193,False,miss,0.356188,1.945224,0.132487,35.0,95.0,1.0,1.0,1.0,0.0,0.356188,0.0,2.34,
exp17i_limits_ablation,ablationsoftmin_only__ballspeed7__limitsconfigconfigs_real_robot.yaml__noplot__servebox,"{""--ablation"": ""softmin_only"", ""--ball-speed"": 7, ""--limits-config"": ""configs/real_robot.yaml"", ""--no-plot"": null, ""--serve-box"": null}",186,False,miss,0.368609,1.940812,0.177309,15.0,0.0,1.01,1.0,1.3,0.0,0.368609,0.0,3.24,
exp17i_limits_ablation,ablationsoftmin_only__ballspeed7__limitsconfigconfigs_real_robot.yaml__noplot__servebox,"{""--ablation"": ""softmin_only"", ""--ball-speed"": 7, ""--limits-config"": ""configs/real_robot.yaml"", ""--no-plot"": null, ""--serve-box"": null}",195,False,miss,0.398085,1.715193,0.267513,0.0,0.0,0.35,0.45,0.3,0.0,0.398085,0.0,2.64,
exp17i_limits_ablation,ablationsoftmin_only__ballspeed7__limitsconfigconfigs_real_robot.yaml__noplot__servebox,"{""--ablation"": ""softmin_only"", ""--ball-speed"": 7, ""--limits-config"": ""configs/real_robot.yaml"", ""--no-plot"": null, ""--serve-box"": null}",200,True,active,0.111547,1.949886,0.096155,30.0,50.0,1.0,0.99,1.1,20.0,0.111547,0.83,1.47,
exp17i_limits_ablation,ablationsoftmin_only__ballspeed7__limitsconfigconfigs_real_robot.yaml__noplot__servebox,"{""--ablation"": ""softmin_only"", ""--ball-speed"": 7, ""--limits-config"": ""configs/real_robot.yaml"", ""--no-plot"": null, ""--serve-box"": null}",199,False,miss,0.352865,1.916644,0.18813,0.0,0.0,1.0,0.99,1.3,0.0,0.352865,0.0,1.62,
exp17i_limits_ablation,ablationsoftmin_only__ballspeed7__limitsconfigconfigs_real_robot.yaml__noplot__servebox,"{""--ablation"": ""softmin_only"", ""--ball-speed"": 7, ""--limits-config"": ""configs/real_robot.yaml"", ""--no-plot"": null, ""--serve-box"": null}",201,True,active,0.117068,1.948074,0.114253,45.0,105.0,1.0,0.99,1.3,15.0,0.117068,0.986,1.6,
exp17i_limits_ablation,ablationsoftmin_only__ballspeed7__limitsconfigconfigs_real_robot.yaml__noplot__servebox,"{""--ablation"": ""softmin_only"", ""--ball-speed"": 7, ""--limits-config"": ""configs/real_robot.yaml"", ""--no-plot"": null, ""--serve-box"": null}",194,True,active,0.122489,1.959741,0.114834,55.0,105.0,1.01,1.0,1.2,15.0,0.122489,0.757,3.09,
exp17i_limits_ablation,ablationsoftmin_only__ballspeed7__limitsconfigconfigs_real_robot.yaml__noplot__servebox,"{""--ablation"": ""softmin_only"", ""--ball-speed"": 7, ""--limits-config"": ""configs/real_robot.yaml"", ""--no-plot"": null, ""--serve-box"": null}",204,True,active,0.129379,1.946122,0.119782,45.0,105.0,1.01,0.99,1.5,10.0,0.129379,0.832,1.73,
exp17i_limits_ablation,ablationsoftmin_only__ballspeed7__limitsconfigconfigs_real_robot.yaml__noplot__servebox,"{""--ablation"": ""softmin_only"", ""--ball-speed"": 7, ""--limits-config"": ""configs/real_robot.yaml"", ""--no-plot"": null, ""--serve-box"": null}",203,False,miss,0.332246,1.979869,0.140436,35.0,75.0,1.01,1.0,0.9,0.0,0.332246,0.0,1.9,
exp17i_limits_ablation,ablationsoftmin_only__ballspeed7__limitsconfigconfigs_real_robot.yaml__noplot__servebox,"{""--ablation"": ""softmin_only"", ""--ball-speed"": 7, ""--limits-config"": ""configs/real_robot.yaml"", ""--no-plot"": null, ""--serve-box"": null}",207,True,active,0.124656,1.97175,0.109085,50.0,105.0,1.0,0.99,1.1,20.0,0.124656,0.843,1.43,
exp17i_limits_ablation,ablationsoftmin_only__ballspeed7__limitsconfigconfigs_real_robot.yaml__noplot__servebox,"{""--ablation"": ""softmin_only"", ""--ball-speed"": 7, ""--limits-config"": ""configs/real_robot.yaml"", ""--no-plot"": null, ""--serve-box"": null}",198,False,miss,0.368548,1.954421,0.157902,0.0,0.0,1.0,0.99,1.3,0.0,0.368548,0.0,2.71,
exp17i_limits_ablation,ablationsoftmin_only__ballspeed7__limitsconfigconfigs_real_robot.yaml__noplot__servebox,"{""--ablation"": ""softmin_only"", ""--ball-speed"": 7, ""--limits-config"": ""configs/real_robot.yaml"", ""--no-plot"": null, ""--serve-box"": null}",208,True,active,0.095981,1.952334,0.070413,15.0,50.0,1.0,1.0,1.0,25.0,0.095981,0.841,1.5,
exp17i_limits_ablation,ablationsoftmin_only__ballspeed7__limitsconfigconfigs_real_robot.yaml__noplot__servebox,"{""--ablation"": ""softmin_only"", ""--ball-speed"": 7, ""--limits-config"": ""configs/real_robot.yaml"", ""--no-plot"": null, ""--serve-box"": null}",190,False,miss,0.360877,1.804805,0.299826,0.0,0.0,0.97,0.56,0.7,0.0,0.360877,0.0,4.01,
exp17i_limits_ablation,ablationsoftmin_only__ballspeed7__limitsconfigconfigs_real_robot.yaml__noplot__servebox,"{""--ablation"": ""softmin_only"", ""--ball-speed"": 7, ""--limits-config"": ""configs/real_robot.yaml"", ""--no-plot"": null, ""--serve-box"": null}",205,True,active,0.117939,1.990917,0.09286,50.0,105.0,1.01,0.99,1.1,20.0,0.117939,1.004,2.35,
exp17i_limits_ablation,ablationsoftmin_only__ballspeed7__limitsconfigconfigs_real_robot.yaml__noplot__servebox,"{""--ablation"": ""softmin_only"", ""--ball-speed"": 7, ""--limits-config"": ""configs/real_robot.yaml"", ""--no-plot"": null, ""--serve-box"": null}",206,False,miss,0.377227,1.943829,0.133624,35.0,90.0,1.0,1.0,1.3,0.0,0.377227,0.0,2.38,
exp17i_limits_ablation,ablationsoftmin_only__ballspeed7__limitsconfigconfigs_real_robot.yaml__noplot__servebox,"{""--ablation"": ""softmin_only"", ""--ball-speed"": 7, ""--limits-config"": ""configs/real_robot.yaml"", ""--no-plot"": null, ""--serve-box"": null}",211,True,active,0.099338,1.93406,0.07525,50.0,105.0,1.0,1.0,1.0,20.0,0.099338,0.811,1.61,
exp17i_limits_ablation,ablationsoftmin_only__ballspeed7__limitsconfigconfigs_real_robot.yaml__noplot__servebox,"{""--ablation"": ""softmin_only"", ""--ball-speed"": 7, ""--limits-config"": ""configs/real_robot.yaml"", ""--no-plot"": null, ""--serve-box"": null}",210,False,miss,0.364926,1.985471,0.108051,0.0,0.0,1.0,0.99,1.1,0.0,0.364926,0.0,1.69,
exp17i_limits_ablation,ablationsoftmin_only__ballspeed7__limitsconfigconfigs_real_robot.yaml__noplot__servebox,"{""--ablation"": ""softmin_only"", ""--ball-speed"": 7, ""--limits-config"": ""configs/real_robot.yaml"", ""--no-plot"": null, ""--serve-box"": null}",215,True,active,0.121801,1.989015,0.091493,55.0,90.0,1.01,0.99,1.2,20.0,0.121801,0.866,1.48,
exp17i_limits_ablation,ablationsoftmin_only__ballspeed7__limitsconfigconfigs_real_robot.yaml__noplot__servebox,"{""--ablation"": ""softmin_only"", ""--ball-speed"": 7, ""--limits-config"": ""configs/real_robot.yaml"", ""--no-plot"": null, ""--serve-box"": null}",217,False,miss,0.378039,1.940919,0.169955,20.0,0.0,1.0,0.99,1.1,0.0,0.378039,0.0,1.48,
exp17i_limits_ablation,ablationsoftmin_only__ballspeed7__limitsconfigconfigs_real_robot.yaml__noplot__servebox,"{""--ablation"": ""softmin_only"", ""--ball-speed"": 7, ""--limits-config"": ""configs/real_robot.yaml"", ""--no-plot"": null, ""--serve-box"": null}",209,False,miss,0.323211,1.924638,0.157276,25.0,10.0,0.99,1.0,1.2,0.0,0.323211,0.0,2.81,
exp17i_limits_ablation,ablationsoftmin_only__ballspeed7__limitsconfigconfigs_real_robot.yaml__noplot__servebox,"{""--ablation"": ""softmin_only"", ""--ball-speed"": 7, ""--limits-config"": ""configs/real_robot.yaml"", ""--no-plot"": null, ""--serve-box"": null}",221,False,miss,0.408936,1.931407,0.172667,15.0,0.0,0.99,1.0,1.3,0.0,0.408936,0.0,1.45,
exp17i_limits_ablation,ablationsoftmin_only__ballspeed7__limitsconfigconfigs_real_robot.yaml__noplot__servebox,"{""--ablation"": ""softmin_only"", ""--ball-speed"": 7, ""--limits-config"": ""configs/real_robot.yaml"", ""--no-plot"": null, ""--serve-box"": null}",216,False,miss,0.443956,1.719879,0.370569,0.0,0.0,1.0,0.49,0.7,0.0,0.443956,0.0,2.08,
exp17i_limits_ablation,ablationsoftmin_only__ballspeed7__limitsconfigconfigs_real_robot.yaml__noplot__servebox,"{""--ablation"": ""softmin_only"", ""--ball-speed"": 7, ""--limits-config"": ""configs/real_robot.yaml"", ""--no-plot"": null, ""--serve-box"": null}",202,False,miss,0.620263,1.755135,0.572476,0.0,0.0,3.25,2.57,2.4,0.0,0.620263,0.0,3.98,
exp17i_limits_ablation,ablationsoftmin_only__ballspeed7__limitsconfigconfigs_real_robot.yaml__noplot__servebox,"{""--ablation"": ""softmin_only"", ""--ball-speed"": 7, ""--limits-config"": ""configs/real_robot.yaml"", ""--no-plot"": null, ""--serve-box"": null}",220,True,active,0.104854,1.948441,0.037239,55.0,105.0,0.99,0.92,1.0,25.0,0.104854,0.984,1.77,
exp17i_limits_ablation,ablationsoftmin_only__ballspeed7__limitsconfigconfigs_real_robot.yaml__noplot__servebox,"{""--ablation"": ""softmin_only"", ""--ball-speed"": 7, ""--limits-config"": ""configs/real_robot.yaml"", ""--no-plot"": null, ""--serve-box"": null}",218,False,miss,0.358156,1.949433,0.173331,0.0,0.0,1.0,0.99,1.2,0.0,0.358156,0.0,2.29,
exp17i_limits_ablation,ablationsoftmin_only__ballspeed7__limitsconfigconfigs_real_robot.yaml__noplot__servebox,"{""--ablation"": ""softmin_only"", ""--ball-speed"": 7, ""--limits-config"": ""configs/real_robot.yaml"", ""--no-plot"": null, ""--serve-box"": null}",223,False,miss,0.372128,1.945769,0.166805,20.0,0.0,1.0,0.99,1.6,0.0,0.372128,0.0,1.54,
exp17i_limits_ablation,ablationsoftmin_only__ballspeed7__limitsconfigconfigs_real_robot.yaml__noplot__servebox,"{""--ablation"": ""softmin_only"", ""--ball-speed"": 7, ""--limits-config"": ""configs/real_robot.yaml"", ""--no-plot"": null, ""--serve-box"": null}",219,False,miss,0.381504,1.924389,0.204956,0.0,0.0,1.0,0.99,1.3,0.0,0.381504,0.0,2.34,
exp17i_limits_ablation,ablationsoftmin_only__ballspeed7__limitsconfigconfigs_real_robot.yaml__noplot__servebox,"{""--ablation"": ""softmin_only"", ""--ball-speed"": 7, ""--limits-config"": ""configs/real_robot.yaml"", ""--no-plot"": null, ""--serve-box"": null}",214,False,miss,0.372077,1.933381,0.145448,30.0,60.0,1.0,0.99,1.4,0.0,0.372077,0.0,2.96,
exp17i_limits_ablation,ablationsoftmin_only__ballspeed7__limitsconfigconfigs_real_robot.yaml__noplot__servebox,"{""--ablation"": ""softmin_only"", ""--ball-speed"": 7, ""--limits-config"": ""configs/real_robot.yaml"", ""--no-plot"": null, ""--serve-box"": null}",213,False,miss,0.352621,1.943934,0.150017,30.0,40.0,1.0,0.98,1.1,0.0,0.352621,0.0,3.08,
exp17i_limits_ablation,ablationsoftmin_only__ballspeed7__limitsconfigconfigs_real_robot.yaml__noplot__servebox,"{""--ablation"": ""softmin_only"", ""--ball-speed"": 7, ""--limits-config"": ""configs/real_robot.yaml"", ""--no-plot"": null, ""--serve-box"": null}",226,True,active,0.042055,1.963883,0.040877,55.0,105.0,1.0,1.0,1.4,0.0,0.042055,0.412,1.5,
exp17i_limits_ablation,ablationsoftmin_only__ballspeed7__limitsconfigconfigs_real_robot.yaml__noplot__servebox,"{""--ablation"": ""softmin_only"", ""--ball-speed"": 7, ""--limits-config"": ""configs/real_robot.yaml"", ""--no-plot"": null, ""--serve-box"": null}",225,False,miss,0.393412,1.924981,0.200483,0.0,0.0,1.0,0.98,1.4,0.0,0.393412,0.0,1.61,
exp17i_limits_ablation,ablationsoftmin_only__ballspeed7__limitsconfigconfigs_real_robot.yaml__noplot__servebox,"{""--ablation"": ""softmin_only"", ""--ball-speed"": 7, ""--limits-config"": ""configs/real_robot.yaml"", ""--no-plot"": null, ""--serve-box"": null}",224,False,miss,0.385535,1.923732,0.214038,0.0,0.0,0.99,0.99,1.1,0.0,0.385535,0.0,1.78,
exp17i_limits_ablation,ablationsoftmin_only__ballspeed7__limitsconfigconfigs_real_robot.yaml__noplot__servebox,"{""--ablation"": ""softmin_only"", ""--ball-speed"": 7, ""--limits-config"": ""configs/real_robot.yaml"", ""--no-plot"": null, ""--serve-box"": null}",222,True,active,0.104469,1.91046,0.077885,35.0,70.0,1.0,1.0,1.1,25.0,0.104469,0.876,2.6,
exp17i_limits_ablation,ablationsoftmin_only__ballspeed7__limitsconfigconfigs_real_robot.yaml__noplot__servebox,"{""--ablation"": ""softmin_only"", ""--ball-speed"": 7, ""--limits-config"": ""configs/real_robot.yaml"", ""--no-plot"": null, ""--serve-box"": null}",212,False,miss,0.480757,1.747662,0.322839,0.0,0.0,0.4,0.37,0.3,0.0,0.480757,0.0,3.93,
exp17i_limits_ablation,ablationsoftmin_only__ballspeed7__limitsconfigconfigs_real_robot.yaml__noplot__servebox,"{""--ablation"": ""softmin_only"", ""--ball-speed"": 7, ""--limits-config"": ""configs/real_robot.yaml"", ""--no-plot"": null, ""--serve-box"": null}",229,True,active,0.102256,1.961926,0.092196,55.0,105.0,1.01,1.0,0.9,25.0,0.102256,0.925,1.76,
exp17i_limits_ablation,ablationsoftmin_only__ballspeed7__limitsconfigconfigs_real_robot.yaml__noplot__servebox,"{""--ablation"": ""softmin_only"", ""--ball-speed"": 7, ""--limits-config"": ""configs/real_robot.yaml"", ""--no-plot"": null, ""--serve-box"": null}",227,False,miss,0.337634,1.960732,0.139319,30.0,75.0,0.99,1.0,1.1,0.0,0.337634,0.0,2.14,
exp17i_limits_ablation,ablationsoftmin_only__ballspeed7__limitsconfigconfigs_real_robot.yaml__noplot__servebox,"{""--ablation"": ""softmin_only"", ""--ball-speed"": 7, ""--limits-config"": ""configs/real_robot.yaml"", ""--no-plot"": null, ""--serve-box"": null}",230,False,miss,0.397212,1.983393,0.165279,20.0,0.0,1.0,0.99,1.2,0.0,0.397212,0.0,1.88,
exp17i_limits_ablation,ablationsoftmin_only__ballspeed7__limitsconfigconfigs_real_robot.yaml__noplot__servebox,"{""--ablation"": ""softmin_only"", ""--ball-speed"": 7, ""--limits-config"": ""configs/real_robot.yaml"", ""--no-plot"": null, ""--serve-box"": null}",232,False,miss,0.54164,1.766773,0.511779,0.0,0.0,0.29,0.44,0.3,0.0,0.54164,0.0,1.69,
exp17i_limits_ablation,ablationsoftmin_only__ballspeed7__limitsconfigconfigs_real_robot.yaml__noplot__servebox,"{""--ablation"": ""softmin_only"", ""--ball-speed"": 7, ""--limits-config"": ""configs/real_robot.yaml"", ""--no-plot"": null, ""--serve-box"": null}",239,False,miss,0.326342,1.935741,0.132112,0.0,0.0,1.0,0.98,1.2,0.0,0.326342,0.0,1.52,
exp17i_limits_ablation,ablationsoftmin_only__ballspeed7__limitsconfigconfigs_real_robot.yaml__noplot__servebox,"{""--ablation"": ""softmin_only"", ""--ball-speed"": 7, ""--limits-config"": ""configs/real_robot.yaml"", ""--no-plot"": null, ""--serve-box"": null}",237,False,miss,0.50734,1.718886,0.372125,0.0,0.0,0.44,0.48,0.3,0.0,0.50734,0.0,1.81,
exp17i_limits_ablation,ablationsoftmin_only__ballspeed7__limitsconfigconfigs_real_robot.yaml__noplot__servebox,"{""--ablation"": ""softmin_only"", ""--ball-speed"": 7, ""--limits-config"": ""configs/real_robot.yaml"", ""--no-plot"": null, ""--serve-box"": null}",238,True,active,0.135166,1.934991,0.128397,55.0,105.0,1.0,1.0,1.2,10.0,0.135166,0.841,1.68,
exp17i_limits_ablation,ablationsoftmin_only__ballspeed7__limitsconfigconfigs_real_robot.yaml__noplot__servebox,"{""--ablation"": ""softmin_only"", ""--ball-speed"": 7, ""--limits-config"": ""configs/real_robot.yaml"", ""--no-plot"": null, ""--serve-box"": null}",236,False,miss,0.419091,1.92849,0.18646,0.0,0.0,1.0,0.99,1.5,0.0,0.419091,0.0,1.9,
exp17i_limits_ablation,ablationsoftmin_only__ballspeed7__limitsconfigconfigs_real_robot.yaml__noplot__servebox,"{""--ablation"": ""softmin_only"", ""--ball-speed"": 7, ""--limits-config"": ""configs/real_robot.yaml"", ""--no-plot"": null, ""--serve-box"": null}",234,False,miss,0.397188,1.939429,0.168344,0.0,0.0,0.99,0.91,1.5,0.0,0.397188,0.0,2.04,
exp17i_limits_ablation,ablationsoftmin_only__ballspeed7__limitsconfigconfigs_real_robot.yaml__noplot__servebox,"{""--ablation"": ""softmin_only"", ""--ball-speed"": 7, ""--limits-config"": ""configs/real_robot.yaml"", ""--no-plot"": null, ""--serve-box"": null}",240,False,miss,0.357233,1.925301,0.172798,15.0,0.0,0.99,1.0,1.1,0.0,0.357233,0.0,1.72,
exp17i_limits_ablation,ablationsoftmin_only__ballspeed7__limitsconfigconfigs_real_robot.yaml__noplot__servebox,"{""--ablation"": ""softmin_only"", ""--ball-speed"": 7, ""--limits-config"": ""configs/real_robot.yaml"", ""--no-plot"": null, ""--serve-box"": null}",228,False,miss,0.337099,1.945924,0.143288,30.0,50.0,1.0,1.0,1.1,0.0,0.337099,0.0,2.86,
exp17i_limits_ablation,ablationsoftmin_only__ballspeed7__limitsconfigconfigs_real_robot.yaml__noplot__servebox,"{""--ablation"": ""softmin_only"", ""--ball-speed"": 7, ""--limits-config"": ""configs/real_robot.yaml"", ""--no-plot"": null, ""--serve-box"": null}",241,True,active,0.090166,1.933116,0.080709,0.0,0.0,1.0,0.99,1.4,25.0,0.090166,0.933,1.73,
exp17i_limits_ablation,ablationsoftmin_only__ballspeed7__limitsconfigconfigs_real_robot.yaml__noplot__servebox,"{""--ablation"": ""softmin_only"", ""--ball-speed"": 7, ""--limits-config"": ""configs/real_robot.yaml"", ""--no-plot"": null, ""--serve-box"": null}",235,False,miss,0.340675,1.974925,0.130402,0.0,0.0,1.01,0.99,1.1,0.0,0.340675,0.0,2.54,
exp17i_limits_ablation,ablationsoftmin_only__ballspeed7__limitsconfigconfigs_real_robot.yaml__noplot__servebox,"{""--ablation"": ""softmin_only"", ""--ball-speed"": 7, ""--limits-config"": ""configs/real_robot.yaml"", ""--no-plot"": null, ""--serve-box"": null}",254,,,,,,,,,,,,,,0.21,no_result
exp17i_limits_ablation,ablationsoftmin_only__ballspeed7__limitsconfigconfigs_real_robot.yaml__noplot__servebox,"{""--ablation"": ""softmin_only"", ""--ball-speed"": 7, ""--limits-config"": ""configs/real_robot.yaml"", ""--no-plot"": null, ""--serve-box"": null}",242,True,active,0.102937,1.969855,0.092571,20.0,20.0,1.0,1.0,1.2,20.0,0.102937,0.959,1.68,
exp17i_limits_ablation,ablationsoftmin_only__ballspeed7__limitsconfigconfigs_real_robot.yaml__noplot__servebox,"{""--ablation"": ""softmin_only"", ""--ball-speed"": 7, ""--limits-config"": ""configs/real_robot.yaml"", ""--no-plot"": null, ""--serve-box"": null}",233,False,miss,0.304274,1.933306,0.134725,30.0,100.0,1.0,0.99,0.9,0.0,0.304274,0.0,2.97,
exp17i_limits_ablation,ablationsoftmin_only__ballspeed7__limitsconfigconfigs_real_robot.yaml__noplot__servebox,"{""--ablation"": ""softmin_only"", ""--ball-speed"": 7, ""--limits-config"": ""configs/real_robot.yaml"", ""--no-plot"": null, ""--serve-box"": null}",246,False,miss,0.393377,1.972326,0.170085,20.0,0.0,1.0,0.99,1.2,0.0,0.393377,0.0,1.88,
exp17i_limits_ablation,ablationsoftmin_only__ballspeed7__limitsconfigconfigs_real_robot.yaml__noplot__servebox,"{""--ablation"": ""softmin_only"", ""--ball-speed"": 7, ""--limits-config"": ""configs/real_robot.yaml"", ""--no-plot"": null, ""--serve-box"": null}",231,False,miss,0.495333,1.667391,0.345466,0.0,0.0,0.68,0.44,0.5,0.0,0.495333,0.0,3.81,
exp17i_limits_ablation,ablationsoftmin_only__ballspeed7__limitsconfigconfigs_real_robot.yaml__noplot__servebox,"{""--ablation"": ""softmin_only"", ""--ball-speed"": 7, ""--limits-config"": ""configs/real_robot.yaml"", ""--no-plot"": null, ""--serve-box"": null}",249,False,miss,0.340348,1.950044,0.139256,30.0,55.0,1.0,0.97,1.4,0.0,0.340348,0.0,1.51,
exp17i_limits_ablation,ablationsoftmin_only__ballspeed7__limitsconfigconfigs_real_robot.yaml__noplot__servebox,"{""--ablation"": ""softmin_only"", ""--ball-speed"": 7, ""--limits-config"": ""configs/real_robot.yaml"", ""--no-plot"": null, ""--serve-box"": null}",250,False,miss,0.383336,1.976899,0.143177,35.0,65.0,1.0,0.99,1.2,0.0,0.383336,0.0,1.69,
exp17i_limits_ablation,ablationsoftmin_only__ballspeed7__limitsconfigconfigs_real_robot.yaml__noplot__servebox,"{""--ablation"": ""softmin_only"", ""--ball-speed"": 7, ""--limits-config"": ""configs/real_robot.yaml"", ""--no-plot"": null, ""--serve-box"": null}",248,False,miss,0.478521,1.742874,0.339328,0.0,0.0,0.45,0.47,0.4,0.0,0.478521,0.0,1.81,
exp17i_limits_ablation,ablationsoftmin_only__ballspeed7__limitsconfigconfigs_real_robot.yaml__noplot__servebox,"{""--ablation"": ""softmin_only"", ""--ball-speed"": 7, ""--limits-config"": ""configs/real_robot.yaml"", ""--no-plot"": null, ""--serve-box"": null}",245,False,miss,0.299939,1.959027,0.127963,0.0,0.0,1.0,0.98,1.0,0.0,0.299939,0.0,2.61,
exp17i_limits_ablation,ablationsoftmin_only__ballspeed7__limitsconfigconfigs_real_robot.yaml__noplot__servebox,"{""--ablation"": ""softmin_only"", ""--ball-speed"": 7, ""--limits-config"": ""configs/real_robot.yaml"", ""--no-plot"": null, ""--serve-box"": null}",253,True,active,0.100281,1.977927,0.0717,35.0,70.0,1.0,1.0,1.1,30.0,0.100281,0.979,1.77,
exp17i_limits_ablation,ablationsoftmin_only__ballspeed7__limitsconfigconfigs_real_robot.yaml__noplot__servebox,"{""--ablation"": ""softmin_only"", ""--ball-speed"": 7, ""--limits-config"": ""configs/real_robot.yaml"", ""--no-plot"": null, ""--serve-box"": null}",256,False,miss,0.309646,1.944287,0.140685,0.0,0.0,0.99,1.0,1.0,0.0,0.309646,0.0,1.42,
exp17i_limits_ablation,ablationsoftmin_only__ballspeed7__limitsconfigconfigs_real_robot.yaml__noplot__servebox,"{""--ablation"": ""softmin_only"", ""--ball-speed"": 7, ""--limits-config"": ""configs/real_robot.yaml"", ""--no-plot"": null, ""--serve-box"": null}",243,False,miss,0.344698,1.955339,0.139221,30.0,80.0,1.01,0.99,1.4,0.0,0.344698,0.0,3.04,
exp17i_limits_ablation,ablationsoftmin_only__ballspeed7__limitsconfigconfigs_real_robot.yaml__noplot__servebox,"{""--ablation"": ""softmin_only"", ""--ball-speed"": 7, ""--limits-config"": ""configs/real_robot.yaml"", ""--no-plot"": null, ""--serve-box"": null}",257,False,miss,0.32631,1.948273,0.169319,0.0,0.0,1.0,0.94,1.4,0.0,0.32631,0.0,1.59,
exp17i_limits_ablation,ablationsoftmin_only__ballspeed7__limitsconfigconfigs_real_robot.yaml__noplot__servebox,"{""--ablation"": ""softmin_only"", ""--ball-speed"": 7, ""--limits-config"": ""configs/real_robot.yaml"", ""--no-plot"": null, ""--serve-box"": null}",255,False,miss,0.337651,1.932622,0.125397,25.0,65.0,1.0,1.0,1.4,0.0,0.337651,0.0,1.73,
exp17i_limits_ablation,ablationsoftmin_only__ballspeed7__limitsconfigconfigs_real_robot.yaml__noplot__servebox,"{""--ablation"": ""softmin_only"", ""--ball-speed"": 7, ""--limits-config"": ""configs/real_robot.yaml"", ""--no-plot"": null, ""--serve-box"": null}",252,False,miss,0.402874,1.926396,0.167623,20.0,0.0,1.0,0.98,1.5,0.0,0.402874,0.0,2.14,
exp17i_limits_ablation,ablationsoftmin_only__ballspeed7__limitsconfigconfigs_real_robot.yaml__noplot__servebox,"{""--ablation"": ""softmin_only"", ""--ball-speed"": 7, ""--limits-config"": ""configs/real_robot.yaml"", ""--no-plot"": null, ""--serve-box"": null}",244,False,miss,0.298253,1.865195,0.230422,0.0,0.0,1.01,1.0,1.1,0.0,0.298253,0.0,3.53,
exp17i_limits_ablation,ablationsoftmin_only__ballspeed7__limitsconfigconfigs_real_robot.yaml__noplot__servebox,"{""--ablation"": ""softmin_only"", ""--ball-speed"": 7, ""--limits-config"": ""configs/real_robot.yaml"", ""--no-plot"": null, ""--serve-box"": null}",259,False,miss,0.35682,1.9379,0.151321,30.0,0.0,1.0,1.0,1.4,0.0,0.35682,0.0,1.65,
exp17i_limits_ablation,ablationsoftmin_only__ballspeed7__limitsconfigconfigs_real_robot.yaml__noplot__servebox,"{""--ablation"": ""softmin_only"", ""--ball-speed"": 7, ""--limits-config"": ""configs/real_robot.yaml"", ""--no-plot"": null, ""--serve-box"": null}",251,True,active,0.068572,1.978007,0.068572,45.0,105.0,1.0,0.99,0.9,15.0,0.068572,0.858,3.09,
exp17i_limits_ablation,ablationsoftmin_only__ballspeed7__limitsconfigconfigs_real_robot.yaml__noplot__servebox,"{""--ablation"": ""softmin_only"", ""--ball-speed"": 7, ""--limits-config"": ""configs/real_robot.yaml"", ""--no-plot"": null, ""--serve-box"": null}",264,False,miss,0.355927,1.950047,0.136081,35.0,70.0,1.0,1.0,1.2,0.0,0.355927,0.0,1.5,
exp17i_limits_ablation,ablationsoftmin_only__ballspeed7__limitsconfigconfigs_real_robot.yaml__noplot__servebox,"{""--ablation"": ""softmin_only"", ""--ball-speed"": 7, ""--limits-config"": ""configs/real_robot.yaml"", ""--no-plot"": null, ""--serve-box"": null}",265,False,miss,0.299323,1.944163,0.16113,25.0,0.0,0.98,1.0,0.9,0.0,0.299323,0.0,1.5,
exp17i_limits_ablation,ablationsoftmin_only__ballspeed7__limitsconfigconfigs_real_robot.yaml__noplot__servebox,"{""--ablation"": ""softmin_only"", ""--ball-speed"": 7, ""--limits-config"": ""configs/real_robot.yaml"", ""--no-plot"": null, ""--serve-box"": null}",247,False,miss,0.370706,1.933577,0.189478,0.0,0.0,0.99,1.0,1.2,0.0,0.370706,0.0,3.69,
exp17i_limits_ablation,ablationsoftmin_only__ballspeed7__limitsconfigconfigs_real_robot.yaml__noplot__servebox,"{""--ablation"": ""softmin_only"", ""--ball-speed"": 7, ""--limits-config"": ""configs/real_robot.yaml"", ""--no-plot"": null, ""--serve-box"": null}",262,False,miss,0.294602,1.905195,0.179271,10.0,0.0,1.01,1.0,1.2,0.0,0.294602,0.0,1.87,
exp17i_limits_ablation,ablationsoftmin_only__ballspeed7__limitsconfigconfigs_real_robot.yaml__noplot__servebox,"{""--ablation"": ""softmin_only"", ""--ball-speed"": 7, ""--limits-config"": ""configs/real_robot.yaml"", ""--no-plot"": null, ""--serve-box"": null}",274,,,,,,,,,,,,,,0.21,no_result
exp17i_limits_ablation,ablationsoftmin_only__ballspeed7__limitsconfigconfigs_real_robot.yaml__noplot__servebox,"{""--ablation"": ""softmin_only"", ""--ball-speed"": 7, ""--limits-config"": ""configs/real_robot.yaml"", ""--no-plot"": null, ""--serve-box"": null}",266,False,miss,0.289435,1.905256,0.157001,25.0,0.0,1.0,1.0,1.4,0.0,0.289435,0.0,1.67,
exp17i_limits_ablation,ablationsoftmin_only__ballspeed7__limitsconfigconfigs_real_robot.yaml__noplot__servebox,"{""--ablation"": ""softmin_only"", ""--ball-speed"": 7, ""--limits-config"": ""configs/real_robot.yaml"", ""--no-plot"": null, ""--serve-box"": null}",263,True,active,0.106336,1.911896,0.084262,50.0,105.0,1.0,0.96,1.1,5.0,0.106336,0.601,1.97,
exp17i_limits_ablation,ablationsoftmin_only__ballspeed7__limitsconfigconfigs_real_robot.yaml__noplot__servebox,"{""--ablation"": ""softmin_only"", ""--ball-speed"": 7, ""--limits-config"": ""configs/real_robot.yaml"", ""--no-plot"": null, ""--serve-box"": null}",268,False,miss,0.309836,1.949986,0.153596,25.0,0.0,1.01,0.97,1.3,0.0,0.309836,0.0,1.54,
exp17i_limits_ablation,ablationsoftmin_only__ballspeed7__limitsconfigconfigs_real_robot.yaml__noplot__servebox,"{""--ablation"": ""softmin_only"", ""--ball-speed"": 7, ""--limits-config"": ""configs/real_robot.yaml"", ""--no-plot"": null, ""--serve-box"": null}",258,False,miss,0.349595,1.97712,0.128781,35.0,95.0,1.02,0.97,0.9,0.0,0.349595,0.0,3.21,
exp17i_limits_ablation,ablationsoftmin_only__ballspeed7__limitsconfigconfigs_real_robot.yaml__noplot__servebox,"{""--ablation"": ""softmin_only"", ""--ball-speed"": 7, ""--limits-config"": ""configs/real_robot.yaml"", ""--no-plot"": null, ""--serve-box"": null}",260,True,active,0.113878,1.946258,0.113878,40.0,105.0,1.0,1.0,1.2,15.0,0.113878,0.987,2.66,
exp17i_limits_ablation,ablationsoftmin_only__ballspeed7__limitsconfigconfigs_real_robot.yaml__noplot__servebox,"{""--ablation"": ""softmin_only"", ""--ball-speed"": 7, ""--limits-config"": ""configs/real_robot.yaml"", ""--no-plot"": null, ""--serve-box"": null}",269,False,miss,0.355976,1.925069,0.154555,25.0,0.0,1.0,1.0,1.1,0.0,0.355976,0.0,1.93,
exp17i_limits_ablation,ablationsoftmin_only__ballspeed7__limitsconfigconfigs_real_robot.yaml__noplot__servebox,"{""--ablation"": ""softmin_only"", ""--ball-speed"": 7, ""--limits-config"": ""configs/real_robot.yaml"", ""--no-plot"": null, ""--serve-box"": null}",261,False,miss,0.345545,1.943227,0.159264,25.0,0.0,1.0,1.0,1.3,0.0,0.345545,0.0,2.89,
exp17i_limits_ablation,ablationsoftmin_only__ballspeed7__limitsconfigconfigs_real_robot.yaml__noplot__servebox,"{""--ablation"": ""softmin_only"", ""--ball-speed"": 7, ""--limits-config"": ""configs/real_robot.yaml"", ""--no-plot"": null, ""--serve-box"": null}",271,False,miss,0.322472,1.946264,0.137622,0.0,0.0,1.0,0.95,0.9,0.0,0.322472,0.0,1.8,
exp17i_limits_ablation,ablationsoftmin_only__ballspeed7__limitsconfigconfigs_real_robot.yaml__noplot__servebox,"{""--ablation"": ""softmin_only"", ""--ball-speed"": 7, ""--limits-config"": ""configs/real_robot.yaml"", ""--no-plot"": null, ""--serve-box"": null}",273,True,active,0.101964,1.950206,0.075093,30.0,50.0,1.0,0.99,1.2,25.0,0.101964,0.947,1.63,
exp17i_limits_ablation,ablationsoftmin_only__ballspeed7__limitsconfigconfigs_real_robot.yaml__noplot__servebox,"{""--ablation"": ""softmin_only"", ""--ball-speed"": 7, ""--limits-config"": ""configs/real_robot.yaml"", ""--no-plot"": null, ""--serve-box"": null}",272,True,active,0.127173,1.960869,0.122796,40.0,85.0,1.01,0.99,1.1,15.0,0.127173,0.966,1.9,
exp17i_limits_ablation,ablationsoftmin_only__ballspeed7__limitsconfigconfigs_real_robot.yaml__noplot__servebox,"{""--ablation"": ""softmin_only"", ""--ball-speed"": 7, ""--limits-config"": ""configs/real_robot.yaml"", ""--no-plot"": null, ""--serve-box"": null}",267,False,miss,0.360163,1.93388,0.190712,0.0,0.0,1.0,1.0,1.0,0.0,0.360163,0.0,2.84,
exp17i_limits_ablation,ablationsoftmin_only__ballspeed7__limitsconfigconfigs_real_robot.yaml__noplot__servebox,"{""--ablation"": ""softmin_only"", ""--ball-speed"": 7, ""--limits-config"": ""configs/real_robot.yaml"", ""--no-plot"": null, ""--serve-box"": null}",275,False,miss,0.350794,1.933581,0.150015,20.0,5.0,1.01,0.99,1.2,0.0,0.350794,0.0,1.57,
exp17i_limits_ablation,ablationsoftmin_only__ballspeed7__limitsconfigconfigs_real_robot.yaml__noplot__servebox,"{""--ablation"": ""softmin_only"", ""--ball-speed"": 7, ""--limits-config"": ""configs/real_robot.yaml"", ""--no-plot"": null, ""--serve-box"": null}",279,False,miss,0.308355,1.969939,0.119855,0.0,0.0,1.0,0.98,1.1,0.0,0.308355,0.0,1.51,
exp17i_limits_ablation,ablationsoftmin_only__ballspeed7__limitsconfigconfigs_real_robot.yaml__noplot__servebox,"{""--ablation"": ""softmin_only"", ""--ball-speed"": 7, ""--limits-config"": ""configs/real_robot.yaml"", ""--no-plot"": null, ""--serve-box"": null}",270,False,miss,0.331714,1.942419,0.14889,0.0,0.0,1.0,0.99,1.0,0.0,0.331714,0.0,3.02,
exp17i_limits_ablation,ablationsoftmin_only__ballspeed7__limitsconfigconfigs_real_robot.yaml__noplot__servebox,"{""--ablation"": ""softmin_only"", ""--ball-speed"": 7, ""--limits-config"": ""configs/real_robot.yaml"", ""--no-plot"": null, ""--serve-box"": null}",276,False,miss,0.400748,1.946332,0.228308,0.0,0.0,1.0,1.0,1.1,0.0,0.400748,0.0,1.94,
exp17i_limits_ablation,ablationsoftmin_only__ballspeed7__limitsconfigconfigs_real_robot.yaml__noplot__servebox,"{""--ablation"": ""softmin_only"", ""--ball-speed"": 7, ""--limits-config"": ""configs/real_robot.yaml"", ""--no-plot"": null, ""--serve-box"": null}",278,False,miss,0.334221,1.923385,0.137423,30.0,55.0,1.0,0.97,1.1,0.0,0.334221,0.0,1.86,
exp17i_limits_ablation,ablationsoftmin_only__ballspeed7__limitsconfigconfigs_real_robot.yaml__noplot__servebox,"{""--ablation"": ""softmin_only"", ""--ball-speed"": 7, ""--limits-config"": ""configs/real_robot.yaml"", ""--no-plot"": null, ""--serve-box"": null}",283,False,miss,0.328535,1.936039,0.13198,35.0,55.0,0.98,0.99,1.2,0.0,0.328535,0.0,1.69,
exp17i_limits_ablation,ablationsoftmin_only__ballspeed7__limitsconfigconfigs_real_robot.yaml__noplot__servebox,"{""--ablation"": ""softmin_only"", ""--ball-speed"": 7, ""--limits-config"": ""configs/real_robot.yaml"", ""--no-plot"": null, ""--serve-box"": null}",280,True,active,0.110895,1.930043,0.087819,0.0,0.0,1.0,1.0,1.4,20.0,0.110895,0.978,2.05,
exp17i_limits_ablation,ablationsoftmin_only__ballspeed7__limitsconfigconfigs_real_robot.yaml__noplot__servebox,"{""--ablation"": ""softmin_only"", ""--ball-speed"": 7, ""--limits-config"": ""configs/real_robot.yaml"", ""--no-plot"": null, ""--serve-box"": null}",285,False,miss,0.369063,1.939907,0.172517,15.0,0.0,1.01,1.0,1.3,0.0,0.369063,0.0,1.66,
exp17i_limits_ablation,ablationsoftmin_only__ballspeed7__limitsconfigconfigs_real_robot.yaml__noplot__servebox,"{""--ablation"": ""softmin_only"", ""--ball-speed"": 7, ""--limits-config"": ""configs/real_robot.yaml"", ""--no-plot"": null, ""--serve-box"": null}",286,False,miss,0.387136,1.917776,0.211689,0.0,0.0,0.99,1.0,1.2,0.0,0.387136,0.0,1.68,
exp17i_limits_ablation,ablationsoftmin_only__ballspeed7__limitsconfigconfigs_real_robot.yaml__noplot__servebox,"{""--ablation"": ""softmin_only"", ""--ball-speed"": 7, ""--limits-config"": ""configs/real_robot.yaml"", ""--no-plot"": null, ""--serve-box"": null}",287,False,miss,0.371552,1.868837,0.307182,0.0,0.0,0.99,0.98,1.1,0.0,0.371552,0.0,1.71,
exp17i_limits_ablation,ablationsoftmin_only__ballspeed7__limitsconfigconfigs_real_robot.yaml__noplot__servebox,"{""--ablation"": ""softmin_only"", ""--ball-speed"": 7, ""--limits-config"": ""configs/real_robot.yaml"", ""--no-plot"": null, ""--serve-box"": null}",277,False,miss,0.35737,1.93798,0.156217,25.0,20.0,0.99,1.0,1.1,0.0,0.35737,0.0,2.99,
exp17i_limits_ablation,ablationsoftmin_only__ballspeed7__limitsconfigconfigs_real_robot.yaml__noplot__servebox,"{""--ablation"": ""softmin_only"", ""--ball-speed"": 7, ""--limits-config"": ""configs/real_robot.yaml"", ""--no-plot"": null, ""--serve-box"": null}",289,True,active,0.098252,1.937335,0.025151,0.0,0.0,1.0,1.0,1.1,25.0,0.098252,0.797,1.63,
exp17i_limits_ablation,ablationsoftmin_only__ballspeed7__limitsconfigconfigs_real_robot.yaml__noplot__servebox,"{""--ablation"": ""softmin_only"", ""--ball-speed"": 7, ""--limits-config"": ""configs/real_robot.yaml"", ""--no-plot"": null, ""--serve-box"": null}",290,False,miss,0.347736,1.92495,0.238298,0.0,0.0,1.0,0.99,1.1,0.0,0.347736,0.0,1.7,
exp17i_limits_ablation,ablationsoftmin_only__ballspeed7__limitsconfigconfigs_real_robot.yaml__noplot__servebox,"{""--ablation"": ""softmin_only"", ""--ball-speed"": 7, ""--limits-config"": ""configs/real_robot.yaml"", ""--no-plot"": null, ""--serve-box"": null}",281,False,miss,0.364053,1.974989,0.161876,0.0,0.0,1.0,1.0,1.3,0.0,0.364053,0.0,3.09,
exp17i_limits_ablation,ablationsoftmin_only__ballspeed7__limitsconfigconfigs_real_robot.yaml__noplot__servebox,"{""--ablation"": ""softmin_only"", ""--ball-speed"": 7, ""--limits-config"": ""configs/real_robot.yaml"", ""--no-plot"": null, ""--serve-box"": null}",284,True,active,0.093453,1.935521,0.061834,55.0,80.0,1.0,1.0,0.9,15.0,0.093453,0.873,2.87,
exp17i_limits_ablation,ablationsoftmin_only__ballspeed7__limitsconfigconfigs_real_robot.yaml__noplot__servebox,"{""--ablation"": ""softmin_only"", ""--ball-speed"": 7, ""--limits-config"": ""configs/real_robot.yaml"", ""--no-plot"": null, ""--serve-box"": null}",293,False,miss,0.323138,1.959141,0.126764,40.0,105.0,1.0,1.0,1.2,0.0,0.323138,0.0,1.78,
exp17i_limits_ablation,ablationsoftmin_only__ballspeed7__limitsconfigconfigs_real_robot.yaml__noplot__servebox,"{""--ablation"": ""softmin_only"", ""--ball-speed"": 7, ""--limits-config"": ""configs/real_robot.yaml"", ""--no-plot"": null, ""--serve-box"": null}",295,False,miss,0.44022,1.751754,0.355054,0.0,0.0,1.0,0.46,0.7,0.0,0.44022,0.0,1.79,
exp17i_limits_ablation,ablationsoftmin_only__ballspeed7__limitsconfigconfigs_real_robot.yaml__noplot__servebox,"{""--ablation"": ""softmin_only"", ""--ball-speed"": 7, ""--limits-config"": ""configs/real_robot.yaml"", ""--no-plot"": null, ""--serve-box"": null}",288,False,miss,0.365023,1.934525,0.172571,20.0,0.0,1.0,1.0,1.4,0.0,0.365023,0.0,2.9,
exp17i_limits_ablation,ablationsoftmin_only__ballspeed7__limitsconfigconfigs_real_robot.yaml__noplot__servebox,"{""--ablation"": ""softmin_only"", ""--ball-speed"": 7, ""--limits-config"": ""configs/real_robot.yaml"", ""--no-plot"": null, ""--serve-box"": null}",297,False,miss,0.348314,1.95759,0.160019,25.0,0.0,1.0,1.0,1.3,0.0,0.348314,0.0,1.74,
exp17i_limits_ablation,ablationsoftmin_only__ballspeed7__limitsconfigconfigs_real_robot.yaml__noplot__servebox,"{""--ablation"": ""softmin_only"", ""--ball-speed"": 7, ""--limits-config"": ""configs/real_robot.yaml"", ""--no-plot"": null, ""--serve-box"": null}",282,True,active,0.115446,1.960126,0.068464,60.0,105.0,1.0,0.99,1.1,20.0,0.115446,0.947,3.75,
exp17i_limits_ablation,ablationsoftmin_only__ballspeed7__limitsconfigconfigs_real_robot.yaml__noplot__servebox,"{""--ablation"": ""softmin_only"", ""--ball-speed"": 7, ""--limits-config"": ""configs/real_robot.yaml"", ""--no-plot"": null, ""--serve-box"": null}",296,False,miss,0.414184,1.939334,0.172665,15.0,0.0,1.0,0.98,1.1,0.0,0.414184,0.0,2.14,
exp17i_limits_ablation,ablationsoftmin_only__ballspeed7__limitsconfigconfigs_real_robot.yaml__noplot__servebox,"{""--ablation"": ""softmin_only"", ""--ball-speed"": 7, ""--limits-config"": ""configs/real_robot.yaml"", ""--no-plot"": null, ""--serve-box"": null}",294,True,active,0.082092,1.963718,0.079167,45.0,105.0,1.0,0.99,1.1,25.0,0.082092,0.956,2.46,
exp17i_limits_ablation,ablationsoftmin_only__ballspeed7__limitsconfigconfigs_real_robot.yaml__noplot__servebox,"{""--ablation"": ""softmin_only"", ""--ball-speed"": 7, ""--limits-config"": ""configs/real_robot.yaml"", ""--no-plot"": null, ""--serve-box"": null}",299,False,miss,0.334492,1.94371,0.131187,35.0,105.0,0.98,1.0,1.2,0.0,0.334492,0.0,1.75,
exp17i_limits_ablation,ablationsoftmin_only__ballspeed7__limitsconfigconfigs_real_robot.yaml__noplot__servebox,"{""--ablation"": ""softmin_only"", ""--ball-speed"": 7, ""--limits-config"": ""configs/real_robot.yaml"", ""--no-plot"": null, ""--serve-box"": null}",301,True,active,0.108381,1.959952,0.108381,35.0,105.0,1.01,1.0,1.3,5.0,0.108381,0.734,1.58,
exp17i_limits_ablation,ablationsoftmin_only__ballspeed7__limitsconfigconfigs_real_robot.yaml__noplot__servebox,"{""--ablation"": ""softmin_only"", ""--ball-speed"": 7, ""--limits-config"": ""configs/real_robot.yaml"", ""--no-plot"": null, ""--serve-box"": null}",292,False,miss,0.354862,1.958901,0.154448,30.0,0.0,1.0,0.99,1.2,0.0,0.354862,0.0,2.95,
exp17i_limits_ablation,ablationsoftmin_only__ballspeed7__limitsconfigconfigs_real_robot.yaml__noplot__servebox,"{""--ablation"": ""softmin_only"", ""--ball-speed"": 7, ""--limits-config"": ""configs/real_robot.yaml"", ""--no-plot"": null, ""--serve-box"": null}",302,False,miss,0.332787,1.952598,0.134909,35.0,95.0,1.0,1.0,0.9,0.0,0.332787,0.0,1.51,
exp17i_limits_ablation,ablationsoftmin_only__ballspeed7__limitsconfigconfigs_real_robot.yaml__noplot__servebox,"{""--ablation"": ""softmin_only"", ""--ball-speed"": 7, ""--limits-config"": ""configs/real_robot.yaml"", ""--no-plot"": null, ""--serve-box"": null}",304,False,miss,0.333634,1.936463,0.133393,35.0,95.0,1.0,0.96,1.0,0.0,0.333634,0.0,1.55,
exp17i_limits_ablation,ablationsoftmin_only__ballspeed7__limitsconfigconfigs_real_robot.yaml__noplot__servebox,"{""--ablation"": ""softmin_only"", ""--ball-speed"": 7, ""--limits-config"": ""configs/real_robot.yaml"", ""--no-plot"": null, ""--serve-box"": null}",300,False,miss,0.3509,1.975002,0.167711,20.0,0.0,0.99,0.98,1.2,0.0,0.3509,0.0,2.06,
exp17i_limits_ablation,ablationsoftmin_only__ballspeed7__limitsconfigconfigs_real_robot.yaml__noplot__servebox,"{""--ablation"": ""softmin_only"", ""--ball-speed"": 7, ""--limits-config"": ""configs/real_robot.yaml"", ""--no-plot"": null, ""--serve-box"": null}",303,False,miss,0.479693,1.745434,0.37324,0.0,0.0,0.26,0.45,0.2,0.0,0.479693,0.0,1.79,
exp17i_limits_ablation,ablationsoftmin_only__ballspeed7__limitsconfigconfigs_real_robot.yaml__noplot__servebox,"{""--ablation"": ""softmin_only"", ""--ball-speed"": 7, ""--limits-config"": ""configs/real_robot.yaml"", ""--no-plot"": null, ""--serve-box"": null}",305,True,active,0.103556,1.942897,0.051336,25.0,60.0,1.0,1.0,1.0,25.0,0.103556,0.937,1.65,
exp17i_limits_ablation,ablationsoftmin_only__ballspeed7__limitsconfigconfigs_real_robot.yaml__noplot__servebox,"{""--ablation"": ""softmin_only"", ""--ball-speed"": 7, ""--limits-config"": ""configs/real_robot.yaml"", ""--no-plot"": null, ""--serve-box"": null}",291,False,miss,0.478795,1.74915,0.401842,0.0,0.0,0.21,0.49,0.2,0.0,0.478795,0.0,4.0,
exp17i_limits_ablation,ablationsoftmin_only__ballspeed7__limitsconfigconfigs_real_robot.yaml__noplot__servebox,"{""--ablation"": ""softmin_only"", ""--ball-speed"": 7, ""--limits-config"": ""configs/real_robot.yaml"", ""--no-plot"": null, ""--serve-box"": null}",307,False,miss,0.32952,1.959494,0.125395,35.0,85.0,1.0,0.99,1.0,0.0,0.32952,0.0,1.62,
exp17i_limits_ablation,ablationsoftmin_only__ballspeed7__limitsconfigconfigs_real_robot.yaml__noplot__servebox,"{""--ablation"": ""softmin_only"", ""--ball-speed"": 7, ""--limits-config"": ""configs/real_robot.yaml"", ""--no-plot"": null, ""--serve-box"": null}",308,False,miss,0.372367,1.912518,0.22273,0.0,0.0,1.26,1.0,1.2,0.0,0.372367,0.0,1.54,
exp17i_limits_ablation,ablationsoftmin_only__ballspeed7__limitsconfigconfigs_real_robot.yaml__noplot__servebox,"{""--ablation"": ""softmin_only"", ""--ball-speed"": 7, ""--limits-config"": ""configs/real_robot.yaml"", ""--no-plot"": null, ""--serve-box"": null}",298,False,miss,0.327161,1.92938,0.154936,25.0,20.0,1.0,1.0,1.3,0.0,0.327161,0.0,3.32,
exp17i_limits_ablation,ablationsoftmin_only__ballspeed7__limitsconfigconfigs_real_robot.yaml__noplot__servebox,"{""--ablation"": ""softmin_only"", ""--ball-speed"": 7, ""--limits-config"": ""configs/real_robot.yaml"", ""--no-plot"": null, ""--serve-box"": null}",309,True,active,0.129245,1.964237,0.12258,45.0,105.0,0.99,0.99,1.3,15.0,0.129245,0.857,1.88,
exp17i_limits_ablation,ablationsoftmin_only__ballspeed7__limitsconfigconfigs_real_robot.yaml__noplot__servebox,"{""--ablation"": ""softmin_only"", ""--ball-speed"": 7, ""--limits-config"": ""configs/real_robot.yaml"", ""--no-plot"": null, ""--serve-box"": null}",314,False,miss,0.330967,1.979174,0.129136,0.0,0.0,1.01,1.0,1.2,0.0,0.330967,0.0,1.59,
exp17i_limits_ablation,ablationsoftmin_only__ballspeed7__limitsconfigconfigs_real_robot.yaml__noplot__servebox,"{""--ablation"": ""softmin_only"", ""--ball-speed"": 7, ""--limits-config"": ""configs/real_robot.yaml"", ""--no-plot"": null, ""--serve-box"": null}",313,True,active,0.08556,1.930543,0.079632,55.0,105.0,1.01,1.0,1.2,10.0,0.08556,0.791,1.74,
exp17i_limits_ablation,ablationsoftmin_only__ballspeed7__limitsconfigconfigs_real_robot.yaml__noplot__servebox,"{""--ablation"": ""softmin_only"", ""--ball-speed"": 7, ""--limits-config"": ""configs/real_robot.yaml"", ""--no-plot"": null, ""--serve-box"": null}",317,False,miss,0.31119,1.93343,0.140341,0.0,0.0,1.0,0.96,1.3,0.0,0.31119,0.0,1.47,
exp17i_limits_ablation,ablationsoftmin_only__ballspeed7__limitsconfigconfigs_real_robot.yaml__noplot__servebox,"{""--ablation"": ""softmin_only"", ""--ball-speed"": 7, ""--limits-config"": ""configs/real_robot.yaml"", ""--no-plot"": null, ""--serve-box"": null}",306,True,active,0.112178,1.925402,0.10379,15.0,50.0,1.0,1.0,1.3,10.0,0.112178,0.622,2.65,
exp17i_limits_ablation,ablationsoftmin_only__ballspeed7__limitsconfigconfigs_real_robot.yaml__noplot__servebox,"{""--ablation"": ""softmin_only"", ""--ball-speed"": 7, ""--limits-config"": ""configs/real_robot.yaml"", ""--no-plot"": null, ""--serve-box"": null}",316,True,active,0.127479,1.893434,0.127479,40.0,105.0,1.0,1.0,1.2,10.0,0.127479,0.713,1.65,
exp17i_limits_ablation,ablationsoftmin_only__ballspeed7__limitsconfigconfigs_real_robot.yaml__noplot__servebox,"{""--ablation"": ""softmin_only"", ""--ball-speed"": 7, ""--limits-config"": ""configs/real_robot.yaml"", ""--no-plot"": null, ""--serve-box"": null}",318,False,miss,0.371721,1.950726,0.148571,0.0,0.0,1.0,0.99,1.3,0.0,0.371721,0.0,1.7,
exp17i_limits_ablation,ablationsoftmin_only__ballspeed7__limitsconfigconfigs_real_robot.yaml__noplot__servebox,"{""--ablation"": ""softmin_only"", ""--ball-speed"": 7, ""--limits-config"": ""configs/real_robot.yaml"", ""--no-plot"": null, ""--serve-box"": null}",319,True,active,0.111875,1.955348,0.101054,50.0,105.0,1.01,1.0,1.0,20.0,0.111875,0.999,1.68,
exp17i_limits_ablation,ablationsoftmin_only__ballspeed7__limitsconfigconfigs_real_robot.yaml__noplot__servebox,"{""--ablation"": ""softmin_only"", ""--ball-speed"": 7, ""--limits-config"": ""configs/real_robot.yaml"", ""--no-plot"": null, ""--serve-box"": null}",322,False,miss,0.323798,1.96214,0.180735,5.0,0.0,1.0,0.99,1.2,0.0,0.323798,0.0,1.51,
exp17i_limits_ablation,ablationsoftmin_only__ballspeed7__limitsconfigconfigs_real_robot.yaml__noplot__servebox,"{""--ablation"": ""softmin_only"", ""--ball-speed"": 7, ""--limits-config"": ""configs/real_robot.yaml"", ""--no-plot"": null, ""--serve-box"": null}",310,False,miss,0.341182,1.936074,0.145736,30.0,20.0,1.0,0.99,1.0,0.0,0.341182,0.0,2.95,
exp17i_limits_ablation,ablationsoftmin_only__ballspeed7__limitsconfigconfigs_real_robot.yaml__noplot__servebox,"{""--ablation"": ""softmin_only"", ""--ball-speed"": 7, ""--limits-config"": ""configs/real_robot.yaml"", ""--no-plot"": null, ""--serve-box"": null}",323,False,miss,0.353115,1.95437,0.113746,0.0,0.0,1.0,1.0,1.1,0.0,0.353115,0.0,1.49,
exp17i_limits_ablation,ablationsoftmin_only__ballspeed7__limitsconfigconfigs_real_robot.yaml__noplot__servebox,"{""--ablation"": ""softmin_only"", ""--ball-speed"": 7, ""--limits-config"": ""configs/real_robot.yaml"", ""--no-plot"": null, ""--serve-box"": null}",311,False,miss,0.341387,1.938723,0.153578,25.0,0.0,1.01,1.0,1.1,0.0,0.341387,0.0,3.06,
exp17i_limits_ablation,ablationsoftmin_only__ballspeed7__limitsconfigconfigs_real_robot.yaml__noplot__servebox,"{""--ablation"": ""softmin_only"", ""--ball-speed"": 7, ""--limits-config"": ""configs/real_robot.yaml"", ""--no-plot"": null, ""--serve-box"": null}",315,False,miss,0.379883,1.933294,0.206902,0.0,0.0,1.0,0.99,1.4,0.0,0.379883,0.0,2.89,
exp17i_limits_ablation,ablationsoftmin_only__ballspeed7__limitsconfigconfigs_real_robot.yaml__noplot__servebox,"{""--ablation"": ""softmin_only"", ""--ball-speed"": 7, ""--limits-config"": ""configs/real_robot.yaml"", ""--no-plot"": null, ""--serve-box"": null}",324,False,miss,0.308462,1.960016,0.114387,0.0,0.0,1.0,0.99,1.3,0.0,0.308462,0.0,1.66,
exp17i_limits_ablation,ablationsoftmin_only__ballspeed7__limitsconfigconfigs_real_robot.yaml__noplot__servebox,"{""--ablation"": ""softmin_only"", ""--ball-speed"": 7, ""--limits-config"": ""configs/real_robot.yaml"", ""--no-plot"": null, ""--serve-box"": null}",321,False,miss,0.355684,1.978743,0.149593,30.0,30.0,1.0,0.99,1.3,0.0,0.355684,0.0,2.02,
exp17i_limits_ablation,ablationsoftmin_only__ballspeed7__limitsconfigconfigs_real_robot.yaml__noplot__servebox,"{""--ablation"": ""softmin_only"", ""--ball-speed"": 7, ""--limits-config"": ""configs/real_robot.yaml"", ""--no-plot"": null, ""--serve-box"": null}",325,False,miss,0.359569,1.930679,0.167845,0.0,0.0,1.0,0.98,1.2,0.0,0.359569,0.0,1.6,
exp17i_limits_ablation,ablationsoftmin_only__ballspeed7__limitsconfigconfigs_real_robot.yaml__noplot__servebox,"{""--ablation"": ""softmin_only"", ""--ball-speed"": 7, ""--limits-config"": ""configs/real_robot.yaml"", ""--no-plot"": null, ""--serve-box"": null}",312,True,active,0.101364,1.961614,0.006899,25.0,45.0,1.0,1.0,1.3,20.0,0.101364,0.888,3.41,
exp17i_limits_ablation,ablationsoftmin_only__ballspeed7__limitsconfigconfigs_real_robot.yaml__noplot__servebox,"{""--ablation"": ""softmin_only"", ""--ball-speed"": 7, ""--limits-config"": ""configs/real_robot.yaml"", ""--no-plot"": null, ""--serve-box"": null}",330,False,miss,0.373925,1.941663,0.143959,30.0,0.0,1.0,0.99,1.4,0.0,0.373925,0.0,1.58,
exp17i_limits_ablation,ablationsoftmin_only__ballspeed7__limitsconfigconfigs_real_robot.yaml__noplot__servebox,"{""--ablation"": ""softmin_only"", ""--ball-speed"": 7, ""--limits-config"": ""configs/real_robot.yaml"", ""--no-plot"": null, ""--serve-box"": null}",326,True,active,0.114072,1.909034,0.110429,55.0,105.0,1.0,1.0,1.4,10.0,0.114072,0.912,2.06,
exp17i_limits_ablation,ablationsoftmin_only__ballspeed7__limitsconfigconfigs_real_robot.yaml__noplot__servebox,"{""--ablation"": ""softmin_only"", ""--ball-speed"": 7, ""--limits-config"": ""configs/real_robot.yaml"", ""--no-plot"": null, ""--serve-box"": null}",332,False,miss,0.360708,1.90958,0.187799,0.0,0.0,1.0,0.98,1.0,0.0,0.360708,0.0,1.55,
exp17i_limits_ablation,ablationsoftmin_only__ballspeed7__limitsconfigconfigs_real_robot.yaml__noplot__servebox,"{""--ablation"": ""softmin_only"", ""--ball-speed"": 7, ""--limits-config"": ""configs/real_robot.yaml"", ""--no-plot"": null, ""--serve-box"": null}",320,False,miss,0.357407,1.971497,0.144543,30.0,40.0,1.0,0.98,1.3,0.0,0.357407,0.0,3.23,
exp17i_limits_ablation,ablationsoftmin_only__ballspeed7__limitsconfigconfigs_real_robot.yaml__noplot__servebox,"{""--ablation"": ""softmin_only"", ""--ball-speed"": 7, ""--limits-config"": ""configs/real_robot.yaml"", ""--no-plot"": null, ""--serve-box"": null}",327,True,active,0.117234,1.950865,0.10087,55.0,105.0,1.01,0.99,1.1,10.0,0.117234,0.925,2.38,
exp17i_limits_ablation,ablationsoftmin_only__ballspeed7__limitsconfigconfigs_real_robot.yaml__noplot__servebox,"{""--ablation"": ""softmin_only"", ""--ball-speed"": 7, ""--limits-config"": ""configs/real_robot.yaml"", ""--no-plot"": null, ""--serve-box"": null}",333,False,miss,0.386534,1.953949,0.172812,15.0,0.0,1.01,0.99,1.3,0.0,0.386534,0.0,1.78,
exp17i_limits_ablation,ablationsoftmin_only__ballspeed7__limitsconfigconfigs_real_robot.yaml__noplot__servebox,"{""--ablation"": ""softmin_only"", ""--ball-speed"": 7, ""--limits-config"": ""configs/real_robot.yaml"", ""--no-plot"": null, ""--serve-box"": null}",339,False,miss,0.329953,1.950363,0.127221,35.0,70.0,1.0,1.0,1.0,0.0,0.329953,0.0,1.47,
exp17i_limits_ablation,ablationsoftmin_only__ballspeed7__limitsconfigconfigs_real_robot.yaml__noplot__servebox,"{""--ablation"": ""softmin_only"", ""--ball-speed"": 7, ""--limits-config"": ""configs/real_robot.yaml"", ""--no-plot"": null, ""--serve-box"": null}",338,False,miss,0.249141,1.918425,0.168903,20.0,80.0,1.0,1.0,0.7,0.0,0.249141,0.0,1.71,
exp17i_limits_ablation,ablationsoftmin_only__ballspeed7__limitsconfigconfigs_real_robot.yaml__noplot__servebox,"{""--ablation"": ""softmin_only"", ""--ball-speed"": 7, ""--limits-config"": ""configs/real_robot.yaml"", ""--no-plot"": null, ""--serve-box"": null}",331,False,miss,0.347767,1.976659,0.156364,25.0,0.0,1.0,1.0,1.0,0.0,0.347767,0.0,2.49,
exp17i_limits_ablation,ablationsoftmin_only__ballspeed7__limitsconfigconfigs_real_robot.yaml__noplot__servebox,"{""--ablation"": ""softmin_only"", ""--ball-speed"": 7, ""--limits-config"": ""configs/real_robot.yaml"", ""--no-plot"": null, ""--serve-box"": null}",336,False,miss,0.359647,1.965195,0.15056,0.0,0.0,1.0,0.97,1.3,0.0,0.359647,0.0,2.03,
exp17i_limits_ablation,ablationsoftmin_only__ballspeed7__limitsconfigconfigs_real_robot.yaml__noplot__servebox,"{""--ablation"": ""softmin_only"", ""--ball-speed"": 7, ""--limits-config"": ""configs/real_robot.yaml"", ""--no-plot"": null, ""--serve-box"": null}",328,False,miss,0.386268,1.948455,0.157117,25.0,0.0,1.0,1.0,1.2,0.0,0.386268,0.0,3.09,
exp17i_limits_ablation,ablationsoftmin_only__ballspeed7__limitsconfigconfigs_real_robot.yaml__noplot__servebox,"{""--ablation"": ""softmin_only"", ""--ball-speed"": 7, ""--limits-config"": ""configs/real_robot.yaml"", ""--no-plot"": null, ""--serve-box"": null}",337,False,miss,0.444633,1.925819,0.187071,0.0,0.0,1.0,1.0,1.4,0.0,0.444633,0.0,1.97,
exp17i_limits_ablation,ablationsoftmin_only__ballspeed7__limitsconfigconfigs_real_robot.yaml__noplot__servebox,"{""--ablation"": ""softmin_only"", ""--ball-speed"": 7, ""--limits-config"": ""configs/real_robot.yaml"", ""--no-plot"": null, ""--serve-box"": null}",334,False,miss,0.382613,1.967615,0.154303,25.0,0.0,0.99,1.0,1.1,0.0,0.382613,0.0,2.37,
exp17i_limits_ablation,ablationsoftmin_only__ballspeed7__limitsconfigconfigs_real_robot.yaml__noplot__servebox,"{""--ablation"": ""softmin_only"", ""--ball-speed"": 7, ""--limits-config"": ""configs/real_robot.yaml"", ""--no-plot"": null, ""--serve-box"": null}",335,True,active,0.096675,1.977573,0.059624,55.0,105.0,1.0,0.98,1.1,25.0,0.096675,0.971,2.43,
exp17i_limits_ablation,ablationsoftmin_only__ballspeed7__limitsconfigconfigs_real_robot.yaml__noplot__servebox,"{""--ablation"": ""softmin_only"", ""--ball-speed"": 7, ""--limits-config"": ""configs/real_robot.yaml"", ""--no-plot"": null, ""--serve-box"": null}",351,,,,,,,,,,,,,,0.3,no_result
exp17i_limits_ablation,ablationsoftmin_only__ballspeed7__limitsconfigconfigs_real_robot.yaml__noplot__servebox,"{""--ablation"": ""softmin_only"", ""--ball-speed"": 7, ""--limits-config"": ""configs/real_robot.yaml"", ""--no-plot"": null, ""--serve-box"": null}",329,False,miss,0.385667,1.887772,0.315932,0.0,0.0,1.25,1.0,1.1,0.0,0.385667,0.0,3.36,
exp17i_limits_ablation,ablationsoftmin_only__ballspeed7__limitsconfigconfigs_real_robot.yaml__noplot__servebox,"{""--ablation"": ""softmin_only"", ""--ball-speed"": 7, ""--limits-config"": ""configs/real_robot.yaml"", ""--no-plot"": null, ""--serve-box"": null}",342,True,active,0.090339,1.975362,0.07386,55.0,105.0,1.01,1.0,1.0,25.0,0.090339,0.949,1.76,
exp17i_limits_ablation,ablationsoftmin_only__ballspeed7__limitsconfigconfigs_real_robot.yaml__noplot__servebox,"{""--ablation"": ""softmin_only"", ""--ball-speed"": 7, ""--limits-config"": ""configs/real_robot.yaml"", ""--no-plot"": null, ""--serve-box"": null}",340,False,miss,0.388408,1.773652,0.314579,0.0,0.0,1.0,0.57,0.7,0.0,0.388408,0.0,2.33,
exp17i_limits_ablation,ablationsoftmin_only__ballspeed7__limitsconfigconfigs_real_robot.yaml__noplot__servebox,"{""--ablation"": ""softmin_only"", ""--ball-speed"": 7, ""--limits-config"": ""configs/real_robot.yaml"", ""--no-plot"": null, ""--serve-box"": null}",344,True,active,0.091623,1.996152,0.045142,10.0,40.0,1.0,1.0,0.9,20.0,0.091623,0.872,1.55,
exp17i_limits_ablation,ablationsoftmin_only__ballspeed7__limitsconfigconfigs_real_robot.yaml__noplot__servebox,"{""--ablation"": ""softmin_only"", ""--ball-speed"": 7, ""--limits-config"": ""configs/real_robot.yaml"", ""--no-plot"": null, ""--serve-box"": null}",343,False,miss,0.288131,1.938637,0.146463,30.0,75.0,0.99,1.0,1.0,0.0,0.288131,0.0,1.85,
exp17i_limits_ablation,ablationsoftmin_only__ballspeed7__limitsconfigconfigs_real_robot.yaml__noplot__servebox,"{""--ablation"": ""softmin_only"", ""--ball-speed"": 7, ""--limits-config"": ""configs/real_robot.yaml"", ""--no-plot"": null, ""--serve-box"": null}",345,False,miss,0.348059,1.931582,0.168561,20.0,0.0,1.0,1.0,1.3,0.0,0.348059,0.0,1.85,
exp17i_limits_ablation,ablationsoftmin_only__ballspeed7__limitsconfigconfigs_real_robot.yaml__noplot__servebox,"{""--ablation"": ""softmin_only"", ""--ball-speed"": 7, ""--limits-config"": ""configs/real_robot.yaml"", ""--no-plot"": null, ""--serve-box"": null}",347,True,active,0.13098,1.965913,0.124013,45.0,105.0,0.99,1.0,1.2,15.0,0.13098,0.677,1.49,
exp17i_limits_ablation,ablationsoftmin_only__ballspeed7__limitsconfigconfigs_real_robot.yaml__noplot__servebox,"{""--ablation"": ""softmin_only"", ""--ball-speed"": 7, ""--limits-config"": ""configs/real_robot.yaml"", ""--no-plot"": null, ""--serve-box"": null}",341,False,miss,0.333359,1.959194,0.141804,0.0,0.0,1.01,1.0,1.1,0.0,0.333359,0.0,2.79,
exp17i_limits_ablation,ablationsoftmin_only__ballspeed7__limitsconfigconfigs_real_robot.yaml__noplot__servebox,"{""--ablation"": ""softmin_only"", ""--ball-speed"": 7, ""--limits-config"": ""configs/real_robot.yaml"", ""--no-plot"": null, ""--serve-box"": null}",354,False,miss,0.321406,1.950667,0.158459,25.0,0.0,0.99,1.0,1.3,0.0,0.321406,0.0,1.49,
exp17i_limits_ablation,ablationsoftmin_only__ballspeed7__limitsconfigconfigs_real_robot.yaml__noplot__servebox,"{""--ablation"": ""softmin_only"", ""--ball-speed"": 7, ""--limits-config"": ""configs/real_robot.yaml"", ""--no-plot"": null, ""--serve-box"": null}",349,False,miss,0.363145,1.969763,0.174859,15.0,0.0,0.99,1.0,1.1,0.0,0.363145,0.0,1.93,
exp17i_limits_ablation,ablationsoftmin_only__ballspeed7__limitsconfigconfigs_real_robot.yaml__noplot__servebox,"{""--ablation"": ""softmin_only"", ""--ball-speed"": 7, ""--limits-config"": ""configs/real_robot.yaml"", ""--no-plot"": null, ""--serve-box"": null}",355,False,miss,0.349064,1.936148,0.184837,0.0,0.0,1.0,1.0,1.1,0.0,0.349064,0.0,1.52,
exp17i_limits_ablation,ablationsoftmin_only__ballspeed7__limitsconfigconfigs_real_robot.yaml__noplot__servebox,"{""--ablation"": ""softmin_only"", ""--ball-speed"": 7, ""--limits-config"": ""configs/real_robot.yaml"", ""--no-plot"": null, ""--serve-box"": null}",350,False,miss,0.425119,1.938212,0.200183,0.0,0.0,1.0,1.0,1.3,0.0,0.425119,0.0,2.04,
exp17i_limits_ablation,ablationsoftmin_only__ballspeed7__limitsconfigconfigs_real_robot.yaml__noplot__servebox,"{""--ablation"": ""softmin_only"", ""--ball-speed"": 7, ""--limits-config"": ""configs/real_robot.yaml"", ""--no-plot"": null, ""--serve-box"": null}",357,True,active,0.115412,1.943459,0.113863,40.0,105.0,0.99,0.97,1.2,15.0,0.115412,0.994,1.86,
exp17i_limits_ablation,ablationsoftmin_only__ballspeed7__limitsconfigconfigs_real_robot.yaml__noplot__servebox,"{""--ablation"": ""softmin_only"", ""--ball-speed"": 7, ""--limits-config"": ""configs/real_robot.yaml"", ""--no-plot"": null, ""--serve-box"": null}",360,True,active,0.12755,1.942656,0.09322,55.0,105.0,1.0,0.98,1.2,20.0,0.12755,0.961,1.5,
exp17i_limits_ablation,ablationsoftmin_only__ballspeed7__limitsconfigconfigs_real_robot.yaml__noplot__servebox,"{""--ablation"": ""softmin_only"", ""--ball-speed"": 7, ""--limits-config"": ""configs/real_robot.yaml"", ""--no-plot"": null, ""--serve-box"": null}",358,False,miss,0.321158,1.975179,0.13796,30.0,90.0,1.01,0.99,1.2,0.0,0.321158,0.0,1.78,
exp17i_limits_ablation,ablationsoftmin_only__ballspeed7__limitsconfigconfigs_real_robot.yaml__noplot__servebox,"{""--ablation"": ""softmin_only"", ""--ball-speed"": 7, ""--limits-config"": ""configs/real_robot.yaml"", ""--no-plot"": null, ""--serve-box"": null}",346,False,miss,0.389621,1.847988,0.316473,0.0,0.0,1.0,0.82,1.1,0.0,0.389621,0.0,3.21,
exp17i_limits_ablation,ablationsoftmin_only__ballspeed7__limitsconfigconfigs_real_robot.yaml__noplot__servebox,"{""--ablation"": ""softmin_only"", ""--ball-speed"": 7, ""--limits-config"": ""configs/real_robot.yaml"", ""--no-plot"": null, ""--serve-box"": null}",359,False,miss,0.330111,1.842403,0.276014,0.0,0.0,1.12,1.0,0.9,0.0,0.330111,0.0,1.91,
exp17i_limits_ablation,ablationsoftmin_only__ballspeed7__limitsconfigconfigs_real_robot.yaml__noplot__servebox,"{""--ablation"": ""softmin_only"", ""--ball-speed"": 7, ""--limits-config"": ""configs/real_robot.yaml"", ""--no-plot"": null, ""--serve-box"": null}",352,False,miss,0.463853,1.746906,0.355128,0.0,0.0,0.39,0.43,0.3,0.0,0.463853,0.0,2.73,
exp17i_limits_ablation,ablationsoftmin_only__ballspeed7__limitsconfigconfigs_real_robot.yaml__noplot__servebox,"{""--ablation"": ""softmin_only"", ""--ball-speed"": 7, ""--limits-config"": ""configs/real_robot.yaml"", ""--no-plot"": null, ""--serve-box"": null}",348,False,miss,0.37496,1.940699,0.16237,25.0,0.0,1.0,0.97,1.1,0.0,0.37496,0.0,2.98,
exp17i_limits_ablation,ablationsoftmin_only__ballspeed7__limitsconfigconfigs_real_robot.yaml__noplot__servebox,"{""--ablation"": ""softmin_only"", ""--ball-speed"": 7, ""--limits-config"": ""configs/real_robot.yaml"", ""--no-plot"": null, ""--serve-box"": null}",353,False,miss,0.335249,1.964434,0.115959,0.0,25.0,1.0,0.99,1.2,0.0,0.335249,0.0,3.1,
exp17i_limits_ablation,ablationsoftmin_only__ballspeed7__limitsconfigconfigs_real_robot.yaml__noplot__servebox,"{""--ablation"": ""softmin_only"", ""--ball-speed"": 7, ""--limits-config"": ""configs/real_robot.yaml"", ""--no-plot"": null, ""--serve-box"": null}",366,False,miss,0.350625,1.96475,0.143212,0.0,0.0,1.0,0.96,1.2,0.0,0.350625,0.0,1.57,
exp17i_limits_ablation,ablationsoftmin_only__ballspeed7__limitsconfigconfigs_real_robot.yaml__noplot__servebox,"{""--ablation"": ""softmin_only"", ""--ball-speed"": 7, ""--limits-config"": ""configs/real_robot.yaml"", ""--no-plot"": null, ""--serve-box"": null}",365,True,active,0.111264,2.00988,0.092357,50.0,105.0,1.0,1.0,1.0,25.0,0.111264,0.962,1.81,
exp17i_limits_ablation,ablationsoftmin_only__ballspeed7__limitsconfigconfigs_real_robot.yaml__noplot__servebox,"{""--ablation"": ""softmin_only"", ""--ball-speed"": 7, ""--limits-config"": ""configs/real_robot.yaml"", ""--no-plot"": null, ""--serve-box"": null}",361,False,miss,1.034035,1.734846,0.888531,0.0,0.0,23.33,24.4,28.1,0.0,1.034035,0.0,2.5,
exp17i_limits_ablation,ablationsoftmin_only__ballspeed7__limitsconfigconfigs_real_robot.yaml__noplot__servebox,"{""--ablation"": ""softmin_only"", ""--ball-speed"": 7, ""--limits-config"": ""configs/real_robot.yaml"", ""--no-plot"": null, ""--serve-box"": null}",363,False,miss,0.330607,1.968199,0.138994,30.0,105.0,1.01,0.99,1.2,0.0,0.330607,0.0,2.14,
exp17i_limits_ablation,ablationsoftmin_only__ballspeed7__limitsconfigconfigs_real_robot.yaml__noplot__servebox,"{""--ablation"": ""softmin_only"", ""--ball-speed"": 7, ""--limits-config"": ""configs/real_robot.yaml"", ""--no-plot"": null, ""--serve-box"": null}",356,False,miss,0.339536,1.967051,0.136495,0.0,0.0,1.0,1.0,1.3,0.0,0.339536,0.0,3.51,
exp17i_limits_ablation,ablationsoftmin_only__ballspeed7__limitsconfigconfigs_real_robot.yaml__noplot__servebox,"{""--ablation"": ""softmin_only"", ""--ball-speed"": 7, ""--limits-config"": ""configs/real_robot.yaml"", ""--no-plot"": null, ""--serve-box"": null}",369,False,miss,0.346229,1.952484,0.126906,40.0,100.0,1.0,1.0,1.3,0.0,0.346229,0.0,1.5,
exp17i_limits_ablation,ablationsoftmin_only__ballspeed7__limitsconfigconfigs_real_robot.yaml__noplot__servebox,"{""--ablation"": ""softmin_only"", ""--ball-speed"": 7, ""--limits-config"": ""configs/real_robot.yaml"", ""--no-plot"": null, ""--serve-box"": null}",370,True,active,0.121052,1.941755,0.094067,45.0,75.0,0.98,1.0,1.2,20.0,0.121052,0.935,1.49,
exp17i_limits_ablation,ablationsoftmin_only__ballspeed7__limitsconfigconfigs_real_robot.yaml__noplot__servebox,"{""--ablation"": ""softmin_only"", ""--ball-speed"": 7, ""--limits-config"": ""configs/real_robot.yaml"", ""--no-plot"": null, ""--serve-box"": null}",362,False,miss,0.381236,1.961545,0.143648,30.0,45.0,1.0,0.98,1.4,0.0,0.381236,0.0,3.1,
exp17i_limits_ablation,ablationsoftmin_only__ballspeed7__limitsconfigconfigs_real_robot.yaml__noplot__servebox,"{""--ablation"": ""softmin_only"", ""--ball-speed"": 7, ""--limits-config"": ""configs/real_robot.yaml"", ""--no-plot"": null, ""--serve-box"": null}",368,True,active,0.101522,1.948237,0.026403,65.0,105.0,1.0,0.99,1.1,25.0,0.101522,0.879,1.95,
exp17i_limits_ablation,ablationsoftmin_only__ballspeed7__limitsconfigconfigs_real_robot.yaml__noplot__servebox,"{""--ablation"": ""softmin_only"", ""--ball-speed"": 7, ""--limits-config"": ""configs/real_robot.yaml"", ""--no-plot"": null, ""--serve-box"": null}",372,False,miss,0.388911,1.918642,0.172349,20.0,0.0,1.0,1.0,1.3,0.0,0.388911,0.0,1.66,
exp17i_limits_ablation,ablationsoftmin_only__ballspeed7__limitsconfigconfigs_real_robot.yaml__noplot__servebox,"{""--ablation"": ""softmin_only"", ""--ball-speed"": 7, ""--limits-config"": ""configs/real_robot.yaml"", ""--no-plot"": null, ""--serve-box"": null}",373,True,active,0.119112,1.951605,0.095153,45.0,80.0,1.0,0.99,1.2,25.0,0.119112,0.779,1.67,
exp17i_limits_ablation,ablationsoftmin_only__ballspeed7__limitsconfigconfigs_real_robot.yaml__noplot__servebox,"{""--ablation"": ""softmin_only"", ""--ball-speed"": 7, ""--limits-config"": ""configs/real_robot.yaml"", ""--no-plot"": null, ""--serve-box"": null}",364,False,miss,0.332954,1.93446,0.227298,0.0,0.0,0.99,1.0,1.1,0.0,0.332954,0.0,2.89,
exp17i_limits_ablation,ablationsoftmin_only__ballspeed7__limitsconfigconfigs_real_robot.yaml__noplot__servebox,"{""--ablation"": ""softmin_only"", ""--ball-speed"": 7, ""--limits-config"": ""configs/real_robot.yaml"", ""--no-plot"": null, ""--serve-box"": null}",375,True,active,0.091235,1.965598,0.084469,55.0,105.0,1.01,1.0,1.1,20.0,0.091235,0.861,1.81,
exp17i_limits_ablation,ablationsoftmin_only__ballspeed7__limitsconfigconfigs_real_robot.yaml__noplot__servebox,"{""--ablation"": ""softmin_only"", ""--ball-speed"": 7, ""--limits-config"": ""configs/real_robot.yaml"", ""--no-plot"": null, ""--serve-box"": null}",367,False,miss,0.311838,1.963647,0.134163,30.0,100.0,1.0,1.0,0.9,0.0,0.311838,0.0,3.11,
exp17i_limits_ablation,ablationsoftmin_only__ballspeed7__limitsconfigconfigs_real_robot.yaml__noplot__servebox,"{""--ablation"": ""softmin_only"", ""--ball-speed"": 7, ""--limits-config"": ""configs/real_robot.yaml"", ""--no-plot"": null, ""--serve-box"": null}",378,False,miss,0.340737,1.925248,0.168791,0.0,0.0,0.99,1.0,1.0,0.0,0.340737,0.0,1.59,
exp17i_limits_ablation,ablationsoftmin_only__ballspeed7__limitsconfigconfigs_real_robot.yaml__noplot__servebox,"{""--ablation"": ""softmin_only"", ""--ball-speed"": 7, ""--limits-config"": ""configs/real_robot.yaml"", ""--no-plot"": null, ""--serve-box"": null}",380,False,miss,0.550925,1.669979,0.437914,0.0,0.0,1.0,0.44,0.7,0.0,0.550925,0.0,1.69,
exp17i_limits_ablation,ablationsoftmin_only__ballspeed7__limitsconfigconfigs_real_robot.yaml__noplot__servebox,"{""--ablation"": ""softmin_only"", ""--ball-speed"": 7, ""--limits-config"": ""configs/real_robot.yaml"", ""--no-plot"": null, ""--serve-box"": null}",374,False,miss,0.435139,1.956539,0.165442,25.0,0.0,1.0,1.0,1.1,0.0,0.435139,0.0,2.88,
exp17i_limits_ablation,ablationsoftmin_only__ballspeed7__limitsconfigconfigs_real_robot.yaml__noplot__servebox,"{""--ablation"": ""softmin_only"", ""--ball-speed"": 7, ""--limits-config"": ""configs/real_robot.yaml"", ""--no-plot"": null, ""--serve-box"": null}",377,False,miss,0.371439,1.943717,0.166374,20.0,0.0,1.0,0.99,1.2,0.0,0.371439,0.0,2.16,
exp17i_limits_ablation,ablationsoftmin_only__ballspeed7__limitsconfigconfigs_real_robot.yaml__noplot__servebox,"{""--ablation"": ""softmin_only"", ""--ball-speed"": 7, ""--limits-config"": ""configs/real_robot.yaml"", ""--no-plot"": null, ""--serve-box"": null}",371,True,active,0.077885,1.970433,0.076282,45.0,105.0,1.0,0.99,1.0,20.0,0.077885,0.954,3.15,
exp17i_limits_ablation,ablationsoftmin_only__ballspeed7__limitsconfigconfigs_real_robot.yaml__noplot__servebox,"{""--ablation"": ""softmin_only"", ""--ball-speed"": 7, ""--limits-config"": ""configs/real_robot.yaml"", ""--no-plot"": null, ""--serve-box"": null}",382,False,miss,0.430496,1.97041,0.193771,0.0,0.0,1.01,0.99,1.1,0.0,0.430496,0.0,1.89,
exp17i_limits_ablation,ablationsoftmin_only__ballspeed7__limitsconfigconfigs_real_robot.yaml__noplot__servebox,"{""--ablation"": ""softmin_only"", ""--ball-speed"": 7, ""--limits-config"": ""configs/real_robot.yaml"", ""--no-plot"": null, ""--serve-box"": null}",384,True,active,0.088442,1.953363,0.082881,45.0,105.0,1.0,1.0,1.2,5.0,0.088442,0.901,1.8,
exp17i_limits_ablation,ablationsoftmin_only__ballspeed7__limitsconfigconfigs_real_robot.yaml__noplot__servebox,"{""--ablation"": ""softmin_only"", ""--ball-speed"": 7, ""--limits-config"": ""configs/real_robot.yaml"", ""--no-plot"": null, ""--serve-box"": null}",386,False,miss,0.350788,1.956381,0.176801,0.0,0.0,1.0,0.98,1.4,0.0,0.350788,0.0,1.82,
exp17i_limits_ablation,ablationsoftmin_only__ballspeed7__limitsconfigconfigs_real_robot.yaml__noplot__servebox,"{""--ablation"": ""softmin_only"", ""--ball-speed"": 7, ""--limits-config"": ""configs/real_robot.yaml"", ""--no-plot"": null, ""--serve-box"": null}",387,False,miss,0.389139,1.948507,0.124105,40.0,105.0,1.0,1.0,1.2,0.0,0.389139,0.0,1.65,
exp17i_limits_ablation,ablationsoftmin_only__ballspeed7__limitsconfigconfigs_real_robot.yaml__noplot__servebox,"{""--ablation"": ""softmin_only"", ""--ball-speed"": 7, ""--limits-config"": ""configs/real_robot.yaml"", ""--no-plot"": null, ""--serve-box"": null}",376,False,miss,0.327887,1.964929,0.134653,20.0,65.0,1.0,0.98,0.9,0.0,0.327887,0.0,2.97,
exp17i_limits_ablation,ablationsoftmin_only__ballspeed7__limitsconfigconfigs_real_robot.yaml__noplot__servebox,"{""--ablation"": ""softmin_only"", ""--ball-speed"": 7, ""--limits-config"": ""configs/real_robot.yaml"", ""--no-plot"": null, ""--serve-box"": null}",379,True,active,0.105706,1.963864,0.098259,50.0,105.0,1.0,1.0,1.1,20.0,0.105706,0.973,2.88,
exp17i_limits_ablation,ablationsoftmin_only__ballspeed7__limitsconfigconfigs_real_robot.yaml__noplot__servebox,"{""--ablation"": ""softmin_only"", ""--ball-speed"": 7, ""--limits-config"": ""configs/real_robot.yaml"", ""--no-plot"": null, ""--serve-box"": null}",388,True,active,0.122218,1.940021,0.085362,55.0,105.0,1.0,0.99,1.5,15.0,0.122218,0.942,1.53,
exp17i_limits_ablation,ablationsoftmin_only__ballspeed7__limitsconfigconfigs_real_robot.yaml__noplot__servebox,"{""--ablation"": ""softmin_only"", ""--ball-speed"": 7, ""--limits-config"": ""configs/real_robot.yaml"", ""--no-plot"": null, ""--serve-box"": null}",389,False,miss,0.332267,1.946151,0.128457,0.0,0.0,1.0,1.0,1.0,0.0,0.332267,0.0,1.51,
exp17i_limits_ablation,ablationsoftmin_only__ballspeed7__limitsconfigconfigs_real_robot.yaml__noplot__servebox,"{""--ablation"": ""softmin_only"", ""--ball-speed"": 7, ""--limits-config"": ""configs/real_robot.yaml"", ""--no-plot"": null, ""--serve-box"": null}",385,False,miss,0.610024,1.793156,0.584402,0.0,0.0,2.23,2.14,2.1,0.0,0.610024,0.0,2.26,
exp17i_limits_ablation,ablationsoftmin_only__ballspeed7__limitsconfigconfigs_real_robot.yaml__noplot__servebox,"{""--ablation"": ""softmin_only"", ""--ball-speed"": 7, ""--limits-config"": ""configs/real_robot.yaml"", ""--no-plot"": null, ""--serve-box"": null}",383,False,miss,0.39655,1.960794,0.162235,25.0,5.0,1.0,1.0,1.1,0.0,0.39655,0.0,2.47,
exp17i_limits_ablation,ablationsoftmin_only__ballspeed7__limitsconfigconfigs_real_robot.yaml__noplot__servebox,"{""--ablation"": ""softmin_only"", ""--ball-speed"": 7, ""--limits-config"": ""configs/real_robot.yaml"", ""--no-plot"": null, ""--serve-box"": null}",381,False,miss,0.362349,1.974257,0.152514,10.0,0.0,1.0,0.96,1.5,0.0,0.362349,0.0,2.96,
exp17i_limits_ablation,ablationsoftmin_only__ballspeed7__limitsconfigconfigs_real_robot.yaml__noplot__servebox,"{""--ablation"": ""softmin_only"", ""--ball-speed"": 7, ""--limits-config"": ""configs/real_robot.yaml"", ""--no-plot"": null, ""--serve-box"": null}",391,True,active,0.122975,1.983532,0.09761,50.0,105.0,1.0,1.0,1.2,10.0,0.122975,0.92,1.54,
exp17i_limits_ablation,ablationsoftmin_only__ballspeed7__limitsconfigconfigs_real_robot.yaml__noplot__servebox,"{""--ablation"": ""softmin_only"", ""--ball-speed"": 7, ""--limits-config"": ""configs/real_robot.yaml"", ""--no-plot"": null, ""--serve-box"": null}",393,False,miss,0.369562,1.931457,0.178302,15.0,0.0,1.0,0.98,1.1,0.0,0.369562,0.0,1.59,
exp17i_limits_ablation,ablationsoftmin_only__ballspeed7__limitsconfigconfigs_real_robot.yaml__noplot__servebox,"{""--ablation"": ""softmin_only"", ""--ball-speed"": 7, ""--limits-config"": ""configs/real_robot.yaml"", ""--no-plot"": null, ""--serve-box"": null}",390,True,active,0.110982,1.935362,0.073783,55.0,80.0,1.0,1.0,1.1,15.0,0.110982,0.939,2.12,
exp17i_limits_ablation,ablationsoftmin_only__ballspeed7__limitsconfigconfigs_real_robot.yaml__noplot__servebox,"{""--ablation"": ""softmin_only"", ""--ball-speed"": 7, ""--limits-config"": ""configs/real_robot.yaml"", ""--no-plot"": null, ""--serve-box"": null}",396,True,active,0.137291,1.988776,0.130174,45.0,105.0,1.0,1.0,1.2,15.0,0.137291,0.901,1.61,
exp17i_limits_ablation,ablationsoftmin_only__ballspeed7__limitsconfigconfigs_real_robot.yaml__noplot__servebox,"{""--ablation"": ""softmin_only"", ""--ball-speed"": 7, ""--limits-config"": ""configs/real_robot.yaml"", ""--no-plot"": null, ""--serve-box"": null}",397,False,miss,0.358677,1.961765,0.160481,25.0,0.0,1.01,0.93,1.2,0.0,0.358677,0.0,1.58,
exp17i_limits_ablation,ablationsoftmin_only__ballspeed7__limitsconfigconfigs_real_robot.yaml__noplot__servebox,"{""--ablation"": ""softmin_only"", ""--ball-speed"": 7, ""--limits-config"": ""configs/real_robot.yaml"", ""--no-plot"": null, ""--serve-box"": null}",392,True,active,0.079114,1.966221,0.077358,55.0,105.0,1.0,1.0,1.1,15.0,0.079114,0.691,2.22,
exp17i_limits_ablation,ablationsoftmin_only__ballspeed7__limitsconfigconfigs_real_robot.yaml__noplot__servebox,"{""--ablation"": ""softmin_only"", ""--ball-speed"": 7, ""--limits-config"": ""configs/real_robot.yaml"", ""--no-plot"": null, ""--serve-box"": null}",394,False,miss,0.358733,1.965384,0.159716,20.0,0.0,1.01,1.0,1.3,0.0,0.358733,0.0,2.22,
exp17i_limits_ablation,ablationsoftmin_only__ballspeed7__limitsconfigconfigs_real_robot.yaml__noplot__servebox,"{""--ablation"": ""softmin_only"", ""--ball-speed"": 7, ""--limits-config"": ""configs/real_robot.yaml"", ""--no-plot"": null, ""--serve-box"": null}",398,False,miss,0.328976,1.940394,0.149186,30.0,20.0,1.0,0.99,1.2,0.0,0.328976,0.0,1.73,
exp17i_limits_ablation,ablationnone__ballspeed7__limitsconfigconfigs_real_robot.yaml__noplot__servebox,"{""--ablation"": ""none"", ""--ball-speed"": 7, ""--limits-config"": ""configs/real_robot.yaml"", ""--no-plot"": null, ""--serve-box"": null}",3,True,active,0.067531,1.935367,0.067531,45.0,0.0,1.0,1.0,1.2,10.0,0.067531,0.812,1.49,
exp17i_limits_ablation,ablationsoftmin_only__ballspeed7__limitsconfigconfigs_real_robot.yaml__noplot__servebox,"{""--ablation"": ""softmin_only"", ""--ball-speed"": 7, ""--limits-config"": ""configs/real_robot.yaml"", ""--no-plot"": null, ""--serve-box"": null}",400,False,miss,0.388406,1.907862,0.20825,0.0,0.0,1.0,1.0,1.2,0.0,0.388406,0.0,1.76,
exp17i_limits_ablation,ablationsoftmin_only__ballspeed7__limitsconfigconfigs_real_robot.yaml__noplot__servebox,"{""--ablation"": ""softmin_only"", ""--ball-speed"": 7, ""--limits-config"": ""configs/real_robot.yaml"", ""--no-plot"": null, ""--serve-box"": null}",395,False,miss,0.376932,1.935177,0.153033,25.0,0.0,1.0,1.0,1.2,0.0,0.376932,0.0,2.61,
exp17i_limits_ablation,ablationsoftmin_only__ballspeed7__limitsconfigconfigs_real_robot.yaml__noplot__servebox,"{""--ablation"": ""softmin_only"", ""--ball-speed"": 7, ""--limits-config"": ""configs/real_robot.yaml"", ""--no-plot"": null, ""--serve-box"": null}",399,False,miss,0.299774,1.891181,0.24129,0.0,0.0,1.0,1.0,1.0,0.0,0.299774,0.0,2.39,
exp17i_limits_ablation,ablationnone__ballspeed7__limitsconfigconfigs_real_robot.yaml__noplot__servebox,"{""--ablation"": ""none"", ""--ball-speed"": 7, ""--limits-config"": ""configs/real_robot.yaml"", ""--no-plot"": null, ""--serve-box"": null}",1,True,active,0.093368,1.909744,0.077922,40.0,0.0,1.0,1.0,1.3,25.0,0.093368,0.662,2.24,
exp17i_limits_ablation,ablationnone__ballspeed7__limitsconfigconfigs_real_robot.yaml__noplot__servebox,"{""--ablation"": ""none"", ""--ball-speed"": 7, ""--limits-config"": ""configs/real_robot.yaml"", ""--no-plot"": null, ""--serve-box"": null}",5,False,miss,0.30251,1.94553,0.104316,0.0,0.0,1.0,0.99,1.2,0.0,0.30251,0.0,2.08,
exp17i_limits_ablation,ablationnone__ballspeed7__limitsconfigconfigs_real_robot.yaml__noplot__servebox,"{""--ablation"": ""none"", ""--ball-speed"": 7, ""--limits-config"": ""configs/real_robot.yaml"", ""--no-plot"": null, ""--serve-box"": null}",8,True,active,0.109874,1.915449,0.101081,50.0,0.0,1.0,1.0,1.4,15.0,0.109874,0.977,1.76,
exp17i_limits_ablation,ablationnone__ballspeed7__limitsconfigconfigs_real_robot.yaml__noplot__servebox,"{""--ablation"": ""none"", ""--ball-speed"": 7, ""--limits-config"": ""configs/real_robot.yaml"", ""--no-plot"": null, ""--serve-box"": null}",20,,,,,,,,,,,,,,0.2,no_result
exp17i_limits_ablation,ablationnone__ballspeed7__limitsconfigconfigs_real_robot.yaml__noplot__servebox,"{""--ablation"": ""none"", ""--ball-speed"": 7, ""--limits-config"": ""configs/real_robot.yaml"", ""--no-plot"": null, ""--serve-box"": null}",9,True,active,0.12334,1.935981,0.112016,55.0,0.0,1.0,1.0,1.2,15.0,0.12334,0.674,1.58,
exp17i_limits_ablation,ablationnone__ballspeed7__limitsconfigconfigs_real_robot.yaml__noplot__servebox,"{""--ablation"": ""none"", ""--ball-speed"": 7, ""--limits-config"": ""configs/real_robot.yaml"", ""--no-plot"": null, ""--serve-box"": null}",21,,,,,,,,,,,,,,0.23,no_result
exp17i_limits_ablation,ablationnone__ballspeed7__limitsconfigconfigs_real_robot.yaml__noplot__servebox,"{""--ablation"": ""none"", ""--ball-speed"": 7, ""--limits-config"": ""configs/real_robot.yaml"", ""--no-plot"": null, ""--serve-box"": null}",13,False,miss,0.316004,1.911437,0.139287,0.0,0.0,0.96,1.0,1.0,0.0,0.316004,0.0,1.54,
exp17i_limits_ablation,ablationnone__ballspeed7__limitsconfigconfigs_real_robot.yaml__noplot__servebox,"{""--ablation"": ""none"", ""--ball-speed"": 7, ""--limits-config"": ""configs/real_robot.yaml"", ""--no-plot"": null, ""--serve-box"": null}",2,True,active,0.108862,1.931653,0.069459,0.0,0.0,1.0,0.99,1.1,20.0,0.108862,0.946,3.01,
exp17i_limits_ablation,ablationnone__ballspeed7__limitsconfigconfigs_real_robot.yaml__noplot__servebox,"{""--ablation"": ""none"", ""--ball-speed"": 7, ""--limits-config"": ""configs/real_robot.yaml"", ""--no-plot"": null, ""--serve-box"": null}",14,False,miss,0.341758,1.909302,0.147862,30.0,0.0,1.0,0.99,1.6,0.0,0.341758,0.0,1.52,
exp17i_limits_ablation,ablationnone__ballspeed7__limitsconfigconfigs_real_robot.yaml__noplot__servebox,"{""--ablation"": ""none"", ""--ball-speed"": 7, ""--limits-config"": ""configs/real_robot.yaml"", ""--no-plot"": null, ""--serve-box"": null}",7,True,active,0.085726,1.935729,0.06299,0.0,0.0,0.99,0.99,1.1,20.0,0.085726,0.936,2.49,
exp17i_limits_ablation,ablationnone__ballspeed7__limitsconfigconfigs_real_robot.yaml__noplot__servebox,"{""--ablation"": ""none"", ""--ball-speed"": 7, ""--limits-config"": ""configs/real_robot.yaml"", ""--no-plot"": null, ""--serve-box"": null}",10,True,active,0.091067,1.935803,0.081251,50.0,0.0,1.0,0.99,1.2,15.0,0.091067,0.681,2.05,
exp17i_limits_ablation,ablationnone__ballspeed7__limitsconfigconfigs_real_robot.yaml__noplot__servebox,"{""--ablation"": ""none"", ""--ball-speed"": 7, ""--limits-config"": ""configs/real_robot.yaml"", ""--no-plot"": null, ""--serve-box"": null}",15,True,active,0.084043,1.943761,0.084043,45.0,0.0,0.99,0.98,1.0,10.0,0.084043,0.925,1.61,
exp17i_limits_ablation,ablationnone__ballspeed7__limitsconfigconfigs_real_robot.yaml__noplot__servebox,"{""--ablation"": ""none"", ""--ball-speed"": 7, ""--limits-config"": ""configs/real_robot.yaml"", ""--no-plot"": null, ""--serve-box"": null}",4,False,miss,0.36525,1.926843,0.138903,0.0,0.0,1.0,1.0,1.4,0.0,0.36525,0.0,3.18,
exp17i_limits_ablation,ablationnone__ballspeed7__limitsconfigconfigs_real_robot.yaml__noplot__servebox,"{""--ablation"": ""none"", ""--ball-speed"": 7, ""--limits-config"": ""configs/real_robot.yaml"", ""--no-plot"": null, ""--serve-box"": null}",6,False,miss,0.361412,1.953727,0.170954,20.0,0.0,1.0,0.99,1.0,0.0,0.361412,0.0,2.84,
exp17i_limits_ablation,ablationnone__ballspeed7__limitsconfigconfigs_real_robot.yaml__noplot__servebox,"{""--ablation"": ""none"", ""--ball-speed"": 7, ""--limits-config"": ""configs/real_robot.yaml"", ""--no-plot"": null, ""--serve-box"": null}",27,,,,,,,,,,,,,,0.3,no_result
exp17i_limits_ablation,ablationnone__ballspeed7__limitsconfigconfigs_real_robot.yaml__noplot__servebox,"{""--ablation"": ""none"", ""--ball-speed"": 7, ""--limits-config"": ""configs/real_robot.yaml"", ""--no-plot"": null, ""--serve-box"": null}",16,False,miss,0.322552,1.930362,0.112332,0.0,0.0,0.99,1.0,1.1,0.0,0.322552,0.0,1.79,
exp17i_limits_ablation,ablationnone__ballspeed7__limitsconfigconfigs_real_robot.yaml__noplot__servebox,"{""--ablation"": ""none"", ""--ball-speed"": 7, ""--limits-config"": ""configs/real_robot.yaml"", ""--no-plot"": null, ""--serve-box"": null}",12,True,active,0.052175,1.950053,0.052175,45.0,0.0,1.0,0.99,1.3,10.0,0.052175,0.684,2.34,
exp17i_limits_ablation,ablationnone__ballspeed7__limitsconfigconfigs_real_robot.yaml__noplot__servebox,"{""--ablation"": ""none"", ""--ball-speed"": 7, ""--limits-config"": ""configs/real_robot.yaml"", ""--no-plot"": null, ""--serve-box"": null}",17,False,miss,0.386063,1.946681,0.172167,20.0,0.0,1.0,0.99,1.2,0.0,0.386063,0.0,1.66,
exp17i_limits_ablation,ablationnone__ballspeed7__limitsconfigconfigs_real_robot.yaml__noplot__servebox,"{""--ablation"": ""none"", ""--ball-speed"": 7, ""--limits-config"": ""configs/real_robot.yaml"", ""--no-plot"": null, ""--serve-box"": null}",18,True,active,0.131664,1.903132,0.121835,55.0,0.0,1.0,1.0,1.3,15.0,0.131664,0.816,1.75,
exp17i_limits_ablation,ablationnone__ballspeed7__limitsconfigconfigs_real_robot.yaml__noplot__servebox,"{""--ablation"": ""none"", ""--ball-speed"": 7, ""--limits-config"": ""configs/real_robot.yaml"", ""--no-plot"": null, ""--serve-box"": null}",11,False,miss,0.344977,1.923959,0.155348,0.0,0.0,1.0,1.0,1.3,0.0,0.344977,0.0,2.91,
exp17i_limits_ablation,ablationnone__ballspeed7__limitsconfigconfigs_real_robot.yaml__noplot__servebox,"{""--ablation"": ""none"", ""--ball-speed"": 7, ""--limits-config"": ""configs/real_robot.yaml"", ""--no-plot"": null, ""--serve-box"": null}",22,True,active,0.097484,1.908902,0.045922,0.0,0.0,0.99,0.97,1.0,20.0,0.097484,0.99,1.69,
exp17i_limits_ablation,ablationnone__ballspeed7__limitsconfigconfigs_real_robot.yaml__noplot__servebox,"{""--ablation"": ""none"", ""--ball-speed"": 7, ""--limits-config"": ""configs/real_robot.yaml"", ""--no-plot"": null, ""--serve-box"": null}",25,False,miss,0.285975,1.926418,0.112582,0.0,0.0,1.0,1.0,1.3,0.0,0.285975,0.0,1.91,
exp17i_limits_ablation,ablationnone__ballspeed7__limitsconfigconfigs_real_robot.yaml__noplot__servebox,"{""--ablation"": ""none"", ""--ball-speed"": 7, ""--limits-config"": ""configs/real_robot.yaml"", ""--no-plot"": null, ""--serve-box"": null}",32,True,active,0.132159,1.937576,0.112804,50.0,0.0,1.0,0.99,1.1,15.0,0.132159,0.871,1.63,
exp17i_limits_ablation,ablationnone__ballspeed7__limitsconfigconfigs_real_robot.yaml__noplot__servebox,"{""--ablation"": ""none"", ""--ball-speed"": 7, ""--limits-config"": ""configs/real_robot.yaml"", ""--no-plot"": null, ""--serve-box"": null}",28,False,miss,0.292247,1.932194,0.127299,40.0,0.0,1.0,0.99,1.2,0.0,0.292247,0.0,1.87,
exp17i_limits_ablation,ablationnone__ballspeed7__limitsconfigconfigs_real_robot.yaml__noplot__servebox,"{""--ablation"": ""none"", ""--ball-speed"": 7, ""--limits-config"": ""configs/real_robot.yaml"", ""--no-plot"": null, ""--serve-box"": null}",26,True,active,0.080469,1.904054,0.080469,45.0,0.0,1.0,0.99,1.2,15.0,0.080469,0.522,2.4,
exp17i_limits_ablation,ablationnone__ballspeed7__limitsconfigconfigs_real_robot.yaml__noplot__servebox,"{""--ablation"": ""none"", ""--ball-speed"": 7, ""--limits-config"": ""configs/real_robot.yaml"", ""--no-plot"": null, ""--serve-box"": null}",31,False,miss,0.532879,1.725424,0.392652,0.0,0.0,0.5,0.41,0.4,0.0,0.532879,0.0,2.09,
exp17i_limits_ablation,ablationnone__ballspeed7__limitsconfigconfigs_real_robot.yaml__noplot__servebox,"{""--ablation"": ""none"", ""--ball-speed"": 7, ""--limits-config"": ""configs/real_robot.yaml"", ""--no-plot"": null, ""--serve-box"": null}",33,False,miss,0.465998,1.756951,0.344592,0.0,0.0,0.41,0.47,0.3,0.0,0.465998,0.0,1.79,
exp17i_limits_ablation,ablationnone__ballspeed7__limitsconfigconfigs_real_robot.yaml__noplot__servebox,"{""--ablation"": ""none"", ""--ball-speed"": 7, ""--limits-config"": ""configs/real_robot.yaml"", ""--no-plot"": null, ""--serve-box"": null}",29,False,miss,0.334171,1.763536,0.254876,0.0,0.0,0.29,0.43,0.3,0.0,0.334171,0.0,2.18,
exp17i_limits_ablation,ablationnone__ballspeed7__limitsconfigconfigs_real_robot.yaml__noplot__servebox,"{""--ablation"": ""none"", ""--ball-speed"": 7, ""--limits-config"": ""configs/real_robot.yaml"", ""--no-plot"": null, ""--serve-box"": null}",23,True,active,0.127333,1.954326,0.103638,50.0,0.0,0.99,0.99,0.9,15.0,0.127333,0.48,2.69,
exp17i_limits_ablation,ablationnone__ballspeed7__limitsconfigconfigs_real_robot.yaml__noplot__servebox,"{""--ablation"": ""none"", ""--ball-speed"": 7, ""--limits-config"": ""configs/real_robot.yaml"", ""--no-plot"": null, ""--serve-box"": null}",37,True,passive,0.115108,1.920348,0.106798,45.0,0.0,0.98,0.99,1.5,15.0,0.115108,0.273,1.56,
exp17i_limits_ablation,ablationnone__ballspeed7__limitsconfigconfigs_real_robot.yaml__noplot__servebox,"{""--ablation"": ""none"", ""--ball-speed"": 7, ""--limits-config"": ""configs/real_robot.yaml"", ""--no-plot"": null, ""--serve-box"": null}",19,True,active,0.106322,1.932487,0.08156,0.0,0.0,0.99,1.0,1.0,10.0,0.106322,0.807,3.37,
exp17i_limits_ablation,ablationnone__ballspeed7__limitsconfigconfigs_real_robot.yaml__noplot__servebox,"{""--ablation"": ""none"", ""--ball-speed"": 7, ""--limits-config"": ""configs/real_robot.yaml"", ""--no-plot"": null, ""--serve-box"": null}",30,False,miss,0.302785,1.939355,0.124761,20.0,0.0,1.0,0.99,1.0,0.0,0.302785,0.0,2.6,
exp17i_limits_ablation,ablationnone__ballspeed7__limitsconfigconfigs_real_robot.yaml__noplot__servebox,"{""--ablation"": ""none"", ""--ball-speed"": 7, ""--limits-config"": ""configs/real_robot.yaml"", ""--no-plot"": null, ""--serve-box"": null}",36,True,active,0.111865,1.896541,0.095502,55.0,0.0,1.0,1.0,0.8,5.0,0.111865,0.359,2.13,
exp17i_limits_ablation,ablationnone__ballspeed7__limitsconfigconfigs_real_robot.yaml__noplot__servebox,"{""--ablation"": ""none"", ""--ball-speed"": 7, ""--limits-config"": ""configs/real_robot.yaml"", ""--no-plot"": null, ""--serve-box"": null}",24,True,active,0.107844,1.947138,0.062567,0.0,0.0,1.0,0.99,1.3,20.0,0.107844,0.942,3.19,
exp17i_limits_ablation,ablationnone__ballspeed7__limitsconfigconfigs_real_robot.yaml__noplot__servebox,"{""--ablation"": ""none"", ""--ball-speed"": 7, ""--limits-config"": ""configs/real_robot.yaml"", ""--no-plot"": null, ""--serve-box"": null}",38,True,active,0.12456,1.917667,0.099951,55.0,0.0,1.0,1.0,1.1,5.0,0.12456,0.74,1.68,
exp17i_limits_ablation,ablationnone__ballspeed7__limitsconfigconfigs_real_robot.yaml__noplot__servebox,"{""--ablation"": ""none"", ""--ball-speed"": 7, ""--limits-config"": ""configs/real_robot.yaml"", ""--no-plot"": null, ""--serve-box"": null}",34,True,active,0.113901,1.967238,0.101014,45.0,0.0,1.0,0.99,1.2,15.0,0.113901,0.771,2.58,
exp17i_limits_ablation,ablationnone__ballspeed7__limitsconfigconfigs_real_robot.yaml__noplot__servebox,"{""--ablation"": ""none"", ""--ball-speed"": 7, ""--limits-config"": ""configs/real_robot.yaml"", ""--no-plot"": null, ""--serve-box"": null}",35,True,active,0.122539,1.939274,0.114254,0.0,0.0,0.99,0.99,1.3,20.0,0.122539,0.778,2.63,
exp17i_limits_ablation,ablationnone__ballspeed7__limitsconfigconfigs_real_robot.yaml__noplot__servebox,"{""--ablation"": ""none"", ""--ball-speed"": 7, ""--limits-config"": ""configs/real_robot.yaml"", ""--no-plot"": null, ""--serve-box"": null}",43,False,miss,0.335105,1.912823,0.151496,0.0,0.0,0.98,0.99,1.2,0.0,0.335105,0.0,1.47,
exp17i_limits_ablation,ablationnone__ballspeed7__limitsconfigconfigs_real_robot.yaml__noplot__servebox,"{""--ablation"": ""none"", ""--ball-speed"": 7, ""--limits-config"": ""configs/real_robot.yaml"", ""--no-plot"": null, ""--serve-box"": null}",39,True,active,0.082516,1.956365,0.050092,0.0,0.0,1.0,0.95,0.8,15.0,0.082516,0.981,2.04,
exp17i_limits_ablation,ablationnone__ballspeed7__limitsconfigconfigs_real_robot.yaml__noplot__servebox,"{""--ablation"": ""none"", ""--ball-speed"": 7, ""--limits-config"": ""configs/real_robot.yaml"", ""--no-plot"": null, ""--serve-box"": null}",41,False,miss,0.465203,1.744386,0.314967,0.0,0.0,0.39,0.48,0.3,0.0,0.465203,0.0,1.93,
exp17i_limits_ablation,ablationnone__ballspeed7__limitsconfigconfigs_real_robot.yaml__noplot__servebox,"{""--ablation"": ""none"", ""--ball-speed"": 7, ""--limits-config"": ""configs/real_robot.yaml"", ""--no-plot"": null, ""--serve-box"": null}",45,False,miss,0.33429,1.924548,0.152022,25.0,0.0,1.0,0.99,1.3,0.0,0.33429,0.0,1.75,
exp17i_limits_ablation,ablationnone__ballspeed7__limitsconfigconfigs_real_robot.yaml__noplot__servebox,"{""--ablation"": ""none"", ""--ball-speed"": 7, ""--limits-config"": ""configs/real_robot.yaml"", ""--no-plot"": null, ""--serve-box"": null}",47,True,active,0.132948,1.911324,0.132948,40.0,0.0,0.99,0.99,1.1,5.0,0.132948,0.517,1.71,
exp17i_limits_ablation,ablationnone__ballspeed7__limitsconfigconfigs_real_robot.yaml__noplot__servebox,"{""--ablation"": ""none"", ""--ball-speed"": 7, ""--limits-config"": ""configs/real_robot.yaml"", ""--no-plot"": null, ""--serve-box"": null}",50,False,miss,0.285182,1.879147,0.130982,0.0,0.0,0.98,1.0,1.2,0.0,0.285182,0.0,1.5,
exp17i_limits_ablation,ablationnone__ballspeed7__limitsconfigconfigs_real_robot.yaml__noplot__servebox,"{""--ablation"": ""none"", ""--ball-speed"": 7, ""--limits-config"": ""configs/real_robot.yaml"", ""--no-plot"": null, ""--serve-box"": null}",48,True,active,0.102785,1.933887,0.03829,65.0,0.0,1.0,1.0,1.0,15.0,0.102785,0.922,1.77,
exp17i_limits_ablation,ablationnone__ballspeed7__limitsconfigconfigs_real_robot.yaml__noplot__servebox,"{""--ablation"": ""none"", ""--ball-speed"": 7, ""--limits-config"": ""configs/real_robot.yaml"", ""--no-plot"": null, ""--serve-box"": null}",51,True,active,0.117218,1.931085,0.095176,50.0,0.0,1.0,0.99,1.2,20.0,0.117218,0.864,1.6,
exp17i_limits_ablation,ablationnone__ballspeed7__limitsconfigconfigs_real_robot.yaml__noplot__servebox,"{""--ablation"": ""none"", ""--ball-speed"": 7, ""--limits-config"": ""configs/real_robot.yaml"", ""--no-plot"": null, ""--serve-box"": null}",53,False,miss,0.353041,1.945032,0.114069,0.0,0.0,0.99,1.0,1.3,0.0,0.353041,0.0,1.5,
exp17i_limits_ablation,ablationnone__ballspeed7__limitsconfigconfigs_real_robot.yaml__noplot__servebox,"{""--ablation"": ""none"", ""--ball-speed"": 7, ""--limits-config"": ""configs/real_robot.yaml"", ""--no-plot"": null, ""--serve-box"": null}",54,False,miss,0.301216,1.942648,0.08471,0.0,0.0,1.0,0.98,1.0,0.0,0.301216,0.0,1.67,
exp17i_limits_ablation,ablationnone__ballspeed7__limitsconfigconfigs_real_robot.yaml__noplot__servebox,"{""--ablation"": ""none"", ""--ball-speed"": 7, ""--limits-config"": ""configs/real_robot.yaml"", ""--no-plot"": null, ""--serve-box"": null}",46,True,active,0.114699,1.949314,0.082639,50.0,0.0,0.99,1.0,1.2,25.0,0.114699,0.995,2.61,
exp17i_limits_ablation,ablationnone__ballspeed7__limitsconfigconfigs_real_robot.yaml__noplot__servebox,"{""--ablation"": ""none"", ""--ball-speed"": 7, ""--limits-config"": ""configs/real_robot.yaml"", ""--no-plot"": null, ""--serve-box"": null}",42,False,miss,0.349235,1.952365,0.137967,0.0,0.0,1.0,1.0,1.5,0.0,0.349235,0.0,2.78,
exp17i_limits_ablation,ablationnone__ballspeed7__limitsconfigconfigs_real_robot.yaml__noplot__servebox,"{""--ablation"": ""none"", ""--ball-speed"": 7, ""--limits-config"": ""configs/real_robot.yaml"", ""--no-plot"": null, ""--serve-box"": null}",44,False,miss,0.313673,1.926302,0.133282,0.0,0.0,0.98,0.99,1.1,0.0,0.313673,0.0,3.01,
exp17i_limits_ablation,ablationnone__ballspeed7__limitsconfigconfigs_real_robot.yaml__noplot__servebox,"{""--ablation"": ""none"", ""--ball-speed"": 7, ""--limits-config"": ""configs/real_robot.yaml"", ""--no-plot"": null, ""--serve-box"": null}",40,True,active,0.124868,1.946087,0.087168,55.0,0.0,0.99,0.95,1.0,5.0,0.124868,0.641,3.36,
exp17i_limits_ablation,ablationnone__ballspeed7__limitsconfigconfigs_real_robot.yaml__noplot__servebox,"{""--ablation"": ""none"", ""--ball-speed"": 7, ""--limits-config"": ""configs/real_robot.yaml"", ""--no-plot"": null, ""--serve-box"": null}",55,True,active,0.095934,1.94709,0.057138,60.0,0.0,1.0,0.99,1.1,20.0,0.095934,0.968,1.84,
exp17i_limits_ablation,ablationnone__ballspeed7__limitsconfigconfigs_real_robot.yaml__noplot__servebox,"{""--ablation"": ""none"", ""--ball-speed"": 7, ""--limits-config"": ""configs/real_robot.yaml"", ""--no-plot"": null, ""--serve-box"": null}",57,True,active,0.139489,1.908198,0.13271,40.0,0.0,0.99,1.0,1.5,10.0,0.139489,0.795,1.72,
exp17i_limits_ablation,ablationnone__ballspeed7__limitsconfigconfigs_real_robot.yaml__noplot__servebox,"{""--ablation"": ""none"", ""--ball-speed"": 7, ""--limits-config"": ""configs/real_robot.yaml"", ""--no-plot"": null, ""--serve-box"": null}",59,True,active,0.084659,1.949826,0.036979,0.0,0.0,1.0,0.99,1.0,15.0,0.084659,0.845,1.43,
exp17i_limits_ablation,ablationnone__ballspeed7__limitsconfigconfigs_real_robot.yaml__noplot__servebox,"{""--ablation"": ""none"", ""--ball-speed"": 7, ""--limits-config"": ""configs/real_robot.yaml"", ""--no-plot"": null, ""--serve-box"": null}",58,False,miss,0.290146,1.892008,0.085588,0.0,0.0,1.0,0.97,1.1,0.0,0.290146,0.0,1.7,
exp17i_limits_ablation,ablationnone__ballspeed7__limitsconfigconfigs_real_robot.yaml__noplot__servebox,"{""--ablation"": ""none"", ""--ball-speed"": 7, ""--limits-config"": ""configs/real_robot.yaml"", ""--no-plot"": null, ""--serve-box"": null}",49,False,miss,0.359488,1.960208,0.158656,25.0,0.0,1.0,0.96,1.2,0.0,0.359488,0.0,3.14,
exp17i_limits_ablation,ablationnone__ballspeed7__limitsconfigconfigs_real_robot.yaml__noplot__servebox,"{""--ablation"": ""none"", ""--ball-speed"": 7, ""--limits-config"": ""configs/real_robot.yaml"", ""--no-plot"": null, ""--serve-box"": null}",52,False,miss,0.724757,1.811109,0.72525,0.0,0.0,4.32,6.56,2.5,0.0,0.724757,0.0,2.97,
exp17i_limits_ablation,ablationnone__ballspeed7__limitsconfigconfigs_real_robot.yaml__noplot__servebox,"{""--ablation"": ""none"", ""--ball-speed"": 7, ""--limits-config"": ""configs/real_robot.yaml"", ""--no-plot"": null, ""--serve-box"": null}",60,True,active,0.113514,1.911913,0.113514,40.0,0.0,0.99,1.0,1.3,10.0,0.113514,0.307,1.57,
exp17i_limits_ablation,ablationnone__ballspeed7__limitsconfigconfigs_real_robot.yaml__noplot__servebox,"{""--ablation"": ""none"", ""--ball-speed"": 7, ""--limits-config"": ""configs/real_robot.yaml"", ""--no-plot"": null, ""--serve-box"": null}",56,False,miss,0.326831,1.906531,0.143998,0.0,0.0,1.0,1.0,1.3,0.0,0.326831,0.0,2.35,
exp17i_limits_ablation,ablationnone__ballspeed7__limitsconfigconfigs_real_robot.yaml__noplot__servebox,"{""--ablation"": ""none"", ""--ball-speed"": 7, ""--limits-config"": ""configs/real_robot.yaml"", ""--no-plot"": null, ""--serve-box"": null}",65,False,miss,0.391587,1.921952,0.153448,25.0,0.0,1.0,1.0,1.2,0.0,0.391587,0.0,1.56,
exp17i_limits_ablation,ablationnone__ballspeed7__limitsconfigconfigs_real_robot.yaml__noplot__servebox,"{""--ablation"": ""none"", ""--ball-speed"": 7, ""--limits-config"": ""configs/real_robot.yaml"", ""--no-plot"": null, ""--serve-box"": null}",68,False,miss,0.278814,1.928843,0.110956,0.0,0.0,1.0,0.95,1.3,0.0,0.278814,0.0,1.56,
exp17i_limits_ablation,ablationnone__ballspeed7__limitsconfigconfigs_real_robot.yaml__noplot__servebox,"{""--ablation"": ""none"", ""--ball-speed"": 7, ""--limits-config"": ""configs/real_robot.yaml"", ""--no-plot"": null, ""--serve-box"": null}",66,False,miss,0.46233,1.720095,0.326974,0.0,0.0,0.46,0.47,0.4,0.0,0.46233,0.0,1.85,
exp17i_limits_ablation,ablationnone__ballspeed7__limitsconfigconfigs_real_robot.yaml__noplot__servebox,"{""--ablation"": ""none"", ""--ball-speed"": 7, ""--limits-config"": ""configs/real_robot.yaml"", ""--no-plot"": null, ""--serve-box"": null}",62,True,active,0.077219,1.95274,0.069961,45.0,0.0,1.0,0.97,1.3,20.0,0.077219,0.965,2.59,
exp17i_limits_ablation,ablationnone__ballspeed7__limitsconfigconfigs_real_robot.yaml__noplot__servebox,"{""--ablation"": ""none"", ""--ball-speed"": 7, ""--limits-config"": ""configs/real_robot.yaml"", ""--no-plot"": null, ""--serve-box"": null}",71,False,miss,0.324458,1.961938,0.127688,0.0,0.0,0.99,1.0,1.0,0.0,0.324458,0.0,1.6,
exp17i_limits_ablation,ablationnone__ballspeed7__limitsconfigconfigs_real_robot.yaml__noplot__servebox,"{""--ablation"": ""none"", ""--ball-speed"": 7, ""--limits-config"": ""configs/real_robot.yaml"", ""--no-plot"": null, ""--serve-box"": null}",61,True,active,0.115285,1.932329,0.113922,15.0,0.0,1.0,1.0,1.1,15.0,0.115285,0.881,2.92,
exp17i_limits_ablation,ablationnone__ballspeed7__limitsconfigconfigs_real_robot.yaml__noplot__servebox,"{""--ablation"": ""none"", ""--ball-speed"": 7, ""--limits-config"": ""configs/real_robot.yaml"", ""--no-plot"": null, ""--serve-box"": null}",72,True,active,0.068088,1.963024,0.067387,50.0,0.0,0.99,1.0,1.1,10.0,0.068088,0.662,1.58,
exp17i_limits_ablation,ablationnone__ballspeed7__limitsconfigconfigs_real_robot.yaml__noplot__servebox,"{""--ablation"": ""none"", ""--ball-speed"": 7, ""--limits-config"": ""configs/real_robot.yaml"", ""--no-plot"": null, ""--serve-box"": null}",73,False,miss,0.37297,1.915101,0.187406,0.0,0.0,1.01,1.0,1.3,0.0,0.37297,0.0,1.46,
exp17i_limits_ablation,ablationnone__ballspeed7__limitsconfigconfigs_real_robot.yaml__noplot__servebox,"{""--ablation"": ""none"", ""--ball-speed"": 7, ""--limits-config"": ""configs/real_robot.yaml"", ""--no-plot"": null, ""--serve-box"": null}",69,False,miss,0.342805,1.771037,0.317147,0.0,0.0,2.72,3.73,2.9,0.0,0.342805,0.0,1.82,
exp17i_limits_ablation,ablationnone__ballspeed7__limitsconfigconfigs_real_robot.yaml__noplot__servebox,"{""--ablation"": ""none"", ""--ball-speed"": 7, ""--limits-config"": ""configs/real_robot.yaml"", ""--no-plot"": null, ""--serve-box"": null}",63,True,active,0.103689,1.940819,0.054146,0.0,0.0,0.95,0.99,0.9,15.0,0.103689,0.904,2.89,
exp17i_limits_ablation,ablationnone__ballspeed7__limitsconfigconfigs_real_robot.yaml__noplot__servebox,"{""--ablation"": ""none"", ""--ball-speed"": 7, ""--limits-config"": ""configs/real_robot.yaml"", ""--no-plot"": null, ""--serve-box"": null}",74,False,miss,0.39682,1.9249,0.146781,0.0,0.0,1.0,0.99,1.6,0.0,0.39682,0.0,1.65,
exp17i_limits_ablation,ablationnone__ballspeed7__limitsconfigconfigs_real_robot.yaml__noplot__servebox,"{""--ablation"": ""none"", ""--ball-speed"": 7, ""--limits-config"": ""configs/real_robot.yaml"", ""--no-plot"": null, ""--serve-box"": null}",76,True,active,0.061532,1.931823,0.04873,5.0,0.0,1.0,1.0,1.2,20.0,0.061532,0.906,1.81,
exp17i_limits_ablation,ablationnone__ballspeed7__limitsconfigconfigs_real_robot.yaml__noplot__servebox,"{""--ablation"": ""none"", ""--ball-speed"": 7, ""--limits-config"": ""configs/real_robot.yaml"", ""--no-plot"": null, ""--serve-box"": null}",67,False,miss,0.309898,1.938133,0.139355,0.0,0.0,0.99,0.99,1.1,0.0,0.309898,0.0,2.87,
exp17i_limits_ablation,ablationnone__ballspeed7__limitsconfigconfigs_real_robot.yaml__noplot__servebox,"{""--ablation"": ""none"", ""--ball-speed"": 7, ""--limits-config"": ""configs/real_robot.yaml"", ""--no-plot"": null, ""--serve-box"": null}",77,False,miss,0.331733,1.925373,0.131119,0.0,0.0,0.98,0.99,0.9,0.0,0.331733,0.0,1.63,
exp17i_limits_ablation,ablationnone__ballspeed7__limitsconfigconfigs_real_robot.yaml__noplot__servebox,"{""--ablation"": ""none"", ""--ball-speed"": 7, ""--limits-config"": ""configs/real_robot.yaml"", ""--no-plot"": null, ""--serve-box"": null}",70,False,miss,0.326061,1.931341,0.15035,25.0,0.0,1.0,1.0,1.5,0.0,0.326061,0.0,2.77,
exp17i_limits_ablation,ablationnone__ballspeed7__limitsconfigconfigs_real_robot.yaml__noplot__servebox,"{""--ablation"": ""none"", ""--ball-speed"": 7, ""--limits-config"": ""configs/real_robot.yaml"", ""--no-plot"": null, ""--serve-box"": null}",64,False,miss,0.296957,1.945311,0.120068,40.0,0.0,1.0,0.99,1.1,0.0,0.296957,0.0,3.6,
exp17i_limits_ablation,ablationnone__ballspeed7__limitsconfigconfigs_real_robot.yaml__noplot__servebox,"{""--ablation"": ""none"", ""--ball-speed"": 7, ""--limits-config"": ""configs/real_robot.yaml"", ""--no-plot"": null, ""--serve-box"": null}",78,True,active,0.085687,1.908139,0.070686,50.0,0.0,0.99,0.99,1.1,20.0,0.085687,0.98,1.71,
exp17i_limits_ablation,ablationnone__ballspeed7__limitsconfigconfigs_real_robot.yaml__noplot__servebox,"{""--ablation"": ""none"", ""--ball-speed"": 7, ""--limits-config"": ""configs/real_robot.yaml"", ""--no-plot"": null, ""--serve-box"": null}",79,False,miss,0.320466,1.918792,0.127617,0.0,0.0,1.0,0.97,1.3,0.0,0.320466,0.0,1.69,
exp17i_limits_ablation,ablationnone__ballspeed7__limitsconfigconfigs_real_robot.yaml__noplot__servebox,"{""--ablation"": ""none"", ""--ball-speed"": 7, ""--limits-config"": ""configs/real_robot.yaml"", ""--no-plot"": null, ""--serve-box"": null}",75,False,miss,0.410582,1.923863,0.175108,0.0,0.0,1.0,1.0,1.4,0.0,0.410582,0.0,2.86,
exp17i_limits_ablation,ablationnone__ballspeed7__limitsconfigconfigs_real_robot.yaml__noplot__servebox,"{""--ablation"": ""none"", ""--ball-speed"": 7, ""--limits-config"": ""configs/real_robot.yaml"", ""--no-plot"": null, ""--serve-box"": null}",81,True,passive,0.114493,1.952785,0.081613,55.0,0.0,0.98,0.99,1.2,0.0,0.114493,0.187,1.59,
exp17i_limits_ablation,ablationnone__ballspeed7__limitsconfigconfigs_real_robot.yaml__noplot__servebox,"{""--ablation"": ""none"", ""--ball-speed"": 7, ""--limits-config"": ""configs/real_robot.yaml"", ""--no-plot"": null, ""--serve-box"": null}",85,False,miss,0.314462,1.932121,0.112496,0.0,0.0,0.99,0.99,1.1,0.0,0.314462,0.0,1.5,
exp17i_limits_ablation,ablationnone__ballspeed7__limitsconfigconfigs_real_robot.yaml__noplot__servebox,"{""--ablation"": ""none"", ""--ball-speed"": 7, ""--limits-config"": ""configs/real_robot.yaml"", ""--no-plot"": null, ""--serve-box"": null}",80,False,miss,0.397007,1.959766,0.175095,15.0,0.0,1.0,1.0,1.1,0.0,0.397007,0.0,1.83,
exp17i_limits_ablation,ablationnone__ballspeed7__limitsconfigconfigs_real_robot.yaml__noplot__servebox,"{""--ablation"": ""none"", ""--ball-speed"": 7, ""--limits-config"": ""configs/real_robot.yaml"", ""--no-plot"": null, ""--serve-box"": null}",87,False,miss,1.016412,1.73711,0.834603,0.0,0.0,5.96,4.6,8.6,0.0,1.016412,0.0,1.59,
exp17i_limits_ablation,ablationnone__ballspeed7__limitsconfigconfigs_real_robot.yaml__noplot__servebox,"{""--ablation"": ""none"", ""--ball-speed"": 7, ""--limits-config"": ""configs/real_robot.yaml"", ""--no-plot"": null, ""--serve-box"": null}",89,False,miss,0.292084,1.885317,0.224455,0.0,0.0,1.0,0.99,0.9,0.0,0.292084,0.0,1.63,
exp17i_limits_ablation,ablationnone__ballspeed7__limitsconfigconfigs_real_robot.yaml__noplot__servebox,"{""--ablation"": ""none"", ""--ball-speed"": 7, ""--limits-config"": ""configs/real_robot.yaml"", ""--no-plot"": null, ""--serve-box"": null}",88,False,miss,0.286732,1.930675,0.126032,40.0,0.0,1.0,0.98,1.2,0.0,0.286732,0.0,1.87,
exp17i_limits_ablation,ablationnone__ballspeed7__limitsconfigconfigs_real_robot.yaml__noplot__servebox,"{""--ablation"": ""none"", ""--ball-speed"": 7, ""--limits-config"": ""configs/real_robot.yaml"", ""--no-plot"": null, ""--serve-box"": null}",91,True,active,0.127714,1.936879,0.105728,55.0,0.0,1.0,1.0,1.4,20.0,0.127714,0.895,1.7,
exp17i_limits_ablation,ablationnone__ballspeed7__limitsconfigconfigs_real_robot.yaml__noplot__servebox,"{""--ablation"": ""none"", ""--ball-speed"": 7, ""--limits-config"": ""configs/real_robot.yaml"", ""--no-plot"": null, ""--serve-box"": null}",94,True,active,0.113435,1.924857,0.092228,0.0,0.0,0.99,0.99,1.1,15.0,0.113435,0.556,1.6,
exp17i_limits_ablation,ablationnone__ballspeed7__limitsconfigconfigs_real_robot.yaml__noplot__servebox,"{""--ablation"": ""none"", ""--ball-speed"": 7, ""--limits-config"": ""configs/real_robot.yaml"", ""--no-plot"": null, ""--serve-box"": null}",84,True,active,0.117157,1.912713,0.086801,0.0,0.0,1.0,1.0,1.6,5.0,0.117157,0.474,2.99,
exp17i_limits_ablation,ablationnone__ballspeed7__limitsconfigconfigs_real_robot.yaml__noplot__servebox,"{""--ablation"": ""none"", ""--ball-speed"": 7, ""--limits-config"": ""configs/real_robot.yaml"", ""--no-plot"": null, ""--serve-box"": null}",82,False,miss,0.334822,1.919774,0.137641,20.0,0.0,0.99,0.99,1.4,0.0,0.334822,0.0,3.06,
exp17i_limits_ablation,ablationnone__ballspeed7__limitsconfigconfigs_real_robot.yaml__noplot__servebox,"{""--ablation"": ""none"", ""--ball-speed"": 7, ""--limits-config"": ""configs/real_robot.yaml"", ""--no-plot"": null, ""--serve-box"": null}",97,False,miss,0.333853,1.926847,0.121171,0.0,0.0,0.98,1.0,0.9,0.0,0.333853,0.0,1.48,
exp17i_limits_ablation,ablationnone__ballspeed7__limitsconfigconfigs_real_robot.yaml__noplot__servebox,"{""--ablation"": ""none"", ""--ball-speed"": 7, ""--limits-config"": ""configs/real_robot.yaml"", ""--no-plot"": null, ""--serve-box"": null}",93,False,miss,0.388526,1.95265,0.153333,30.0,0.0,0.99,0.98,1.2,0.0,0.388526,0.0,1.83,
exp17i_limits_ablation,ablationnone__ballspeed7__limitsconfigconfigs_real_robot.yaml__noplot__servebox,"{""--ablation"": ""none"", ""--ball-speed"": 7, ""--limits-config"": ""configs/real_robot.yaml"", ""--no-plot"": null, ""--serve-box"": null}",98,True,active,0.082987,2.011554,0.02671,0.0,0.0,1.0,1.0,1.1,20.0,0.082987,0.948,1.49,
exp17i_limits_ablation,ablationnone__ballspeed7__limitsconfigconfigs_real_robot.yaml__noplot__servebox,"{""--ablation"": ""none"", ""--ball-speed"": 7, ""--limits-config"": ""configs/real_robot.yaml"", ""--no-plot"": null, ""--serve-box"": null}",95,True,active,0.107349,1.911943,0.071331,0.0,0.0,1.0,1.0,1.2,20.0,0.107349,0.989,1.66,
exp17i_limits_ablation,ablationnone__ballspeed7__limitsconfigconfigs_real_robot.yaml__noplot__servebox,"{""--ablation"": ""none"", ""--ball-speed"": 7, ""--limits-config"": ""configs/real_robot.yaml"", ""--no-plot"": null, ""--serve-box"": null}",83,False,miss,0.361232,1.923321,0.253263,0.0,0.0,1.0,0.99,1.3,0.0,0.361232,0.0,3.53,
exp17i_limits_ablation,ablationnone__ballspeed7__limitsconfigconfigs_real_robot.yaml__noplot__servebox,"{""--ablation"": ""none"", ""--ball-speed"": 7, ""--limits-config"": ""configs/real_robot.yaml"", ""--no-plot"": null, ""--serve-box"": null}",86,True,active,0.112509,1.931721,0.085653,50.0,0.0,1.0,0.99,1.1,20.0,0.112509,0.932,3.55,
exp17i_limits_ablation,ablationnone__ballspeed7__limitsconfigconfigs_real_robot.yaml__noplot__servebox,"{""--ablation"": ""none"", ""--ball-speed"": 7, ""--limits-config"": ""configs/real_robot.yaml"", ""--no-plot"": null, ""--serve-box"": null}",96,False,miss,0.304497,1.905396,0.157201,25.0,0.0,1.0,0.98,1.3,0.0,0.304497,0.0,2.33,
exp17i_limits_ablation,ablationnone__ballspeed7__limitsconfigconfigs_real_robot.yaml__noplot__servebox,"{""--ablation"": ""none"", ""--ball-speed"": 7, ""--limits-config"": ""configs/real_robot.yaml"", ""--no-plot"": null, ""--serve-box"": null}",99,False,miss,0.322276,1.855412,0.255256,0.0,0.0,1.16,1.0,1.0,0.0,0.322276,0.0,2.18,
exp17i_limits_ablation,ablationnone__ballspeed7__limitsconfigconfigs_real_robot.yaml__noplot__servebox,"{""--ablation"": ""none"", ""--ball-speed"": 7, ""--limits-config"": ""configs/real_robot.yaml"", ""--no-plot"": null, ""--serve-box"": null}",101,False,miss,0.382891,1.923552,0.147062,0.0,0.0,0.99,0.98,1.4,0.0,0.382891,0.0,1.54,
exp17i_limits_ablation,ablationnone__ballspeed7__limitsconfigconfigs_real_robot.yaml__noplot__servebox,"{""--ablation"": ""none"", ""--ball-speed"": 7, ""--limits-config"": ""configs/real_robot.yaml"", ""--no-plot"": null, ""--serve-box"": null}",100,False,miss,0.316685,1.920293,0.161574,15.0,0.0,1.01,1.0,1.5,0.0,0.316685,0.0,1.56,
exp17i_limits_ablation,ablationnone__ballspeed7__limitsconfigconfigs_real_robot.yaml__noplot__servebox,"{""--ablation"": ""none"", ""--ball-speed"": 7, ""--limits-config"": ""configs/real_robot.yaml"", ""--no-plot"": null, ""--serve-box"": null}",92,True,active,0.109301,1.921622,0.04074,0.0,0.0,1.0,0.98,1.2,15.0,0.109301,0.953,3.11,
exp17i_limits_ablation,ablationnone__ballspeed7__limitsconfigconfigs_real_robot.yaml__noplot__servebox,"{""--ablation"": ""none"", ""--ball-speed"": 7, ""--limits-config"": ""configs/real_robot.yaml"", ""--no-plot"": null, ""--serve-box"": null}",90,False,miss,0.344867,1.92655,0.225298,0.0,0.0,1.0,0.95,1.1,0.0,0.344867,0.0,3.71,
exp17i_limits_ablation,ablationnone__ballspeed7__limitsconfigconfigs_real_robot.yaml__noplot__servebox,"{""--ablation"": ""none"", ""--ball-speed"": 7, ""--limits-config"": ""configs/real_robot.yaml"", ""--no-plot"": null, ""--serve-box"": null}",108,True,active,0.112222,1.937536,0.091517,55.0,0.0,1.0,0.99,1.1,15.0,0.112222,0.848,1.57,
exp17i_limits_ablation,ablationnone__ballspeed7__limitsconfigconfigs_real_robot.yaml__noplot__servebox,"{""--ablation"": ""none"", ""--ball-speed"": 7, ""--limits-config"": ""configs/real_robot.yaml"", ""--no-plot"": null, ""--serve-box"": null}",109,True,active,0.119311,1.921935,0.119311,40.0,0.0,1.0,1.0,1.2,10.0,0.119311,0.744,1.57,
exp17i_limits_ablation,ablationnone__ballspeed7__limitsconfigconfigs_real_robot.yaml__noplot__servebox,"{""--ablation"": ""none"", ""--ball-speed"": 7, ""--limits-config"": ""configs/real_robot.yaml"", ""--no-plot"": null, ""--serve-box"": null}",105,True,active,0.121515,1.922005,0.110747,0.0,0.0,1.0,0.99,1.4,20.0,0.121515,0.783,2.08,
exp17i_limits_ablation,ablationnone__ballspeed7__limitsconfigconfigs_real_robot.yaml__noplot__servebox,"{""--ablation"": ""none"", ""--ball-speed"": 7, ""--limits-config"": ""configs/real_robot.yaml"", ""--no-plot"": null, ""--serve-box"": null}",107,True,active,0.116489,1.918307,0.109132,50.0,0.0,1.0,1.0,1.2,15.0,0.116489,0.713,2.03,
exp17i_limits_ablation,ablationnone__ballspeed7__limitsconfigconfigs_real_robot.yaml__noplot__servebox,"{""--ablation"": ""none"", ""--ball-speed"": 7, ""--limits-config"": ""configs/real_robot.yaml"", ""--no-plot"": null, ""--serve-box"": null}",102,True,active,0.130338,1.938755,0.11618,50.0,0.0,1.0,1.0,1.3,15.0,0.130338,0.703,2.37,
exp17i_limits_ablation,ablationnone__ballspeed7__limitsconfigconfigs_real_robot.yaml__noplot__servebox,"{""--ablation"": ""none"", ""--ball-speed"": 7, ""--limits-config"": ""configs/real_robot.yaml"", ""--no-plot"": null, ""--serve-box"": null}",110,False,miss,0.300989,1.913576,0.103001,0.0,0.0,1.0,0.99,1.3,0.0,0.300989,0.0,1.71,
exp17i_limits_ablation,ablationnone__ballspeed7__limitsconfigconfigs_real_robot.yaml__noplot__servebox,"{""--ablation"": ""none"", ""--ball-speed"": 7, ""--limits-config"": ""configs/real_robot.yaml"", ""--no-plot"": null, ""--serve-box"": null}",111,False,miss,0.365222,1.90271,0.163704,0.0,0.0,0.99,0.98,1.3,0.0,0.365222,0.0,1.79,
exp17i_limits_ablation,ablationnone__ballspeed7__limitsconfigconfigs_real_robot.yaml__noplot__servebox,"{""--ablation"": ""none"", ""--ball-speed"": 7, ""--limits-config"": ""configs/real_robot.yaml"", ""--no-plot"": null, ""--serve-box"": null}",114,False,miss,0.320487,1.908024,0.110215,0.0,0.0,0.99,0.99,1.1,0.0,0.320487,0.0,1.52,
exp17i_limits_ablation,ablationnone__ballspeed7__limitsconfigconfigs_real_robot.yaml__noplot__servebox,"{""--ablation"": ""none"", ""--ball-speed"": 7, ""--limits-config"": ""configs/real_robot.yaml"", ""--no-plot"": null, ""--serve-box"": null}",112,False,miss,0.264874,1.873844,0.110336,0.0,0.0,0.98,0.99,1.1,0.0,0.264874,0.0,1.76,
exp17i_limits_ablation,ablationnone__ballspeed7__limitsconfigconfigs_real_robot.yaml__noplot__servebox,"{""--ablation"": ""none"", ""--ball-speed"": 7, ""--limits-config"": ""configs/real_robot.yaml"", ""--no-plot"": null, ""--serve-box"": null}",106,False,miss,0.31819,1.918049,0.134344,0.0,0.0,0.99,1.0,1.3,0.0,0.31819,0.0,2.69,
exp17i_limits_ablation,ablationnone__ballspeed7__limitsconfigconfigs_real_robot.yaml__noplot__servebox,"{""--ablation"": ""none"", ""--ball-speed"": 7, ""--limits-config"": ""configs/real_robot.yaml"", ""--no-plot"": null, ""--serve-box"": null}",115,False,miss,0.432856,1.931462,0.320048,0.0,0.0,7.55,6.36,8.4,0.0,0.432856,0.0,1.86,
exp17i_limits_ablation,ablationnone__ballspeed7__limitsconfigconfigs_real_robot.yaml__noplot__servebox,"{""--ablation"": ""none"", ""--ball-speed"": 7, ""--limits-config"": ""configs/real_robot.yaml"", ""--no-plot"": null, ""--serve-box"": null}",103,False,miss,0.893692,1.675211,0.718077,0.0,0.0,4.31,3.19,6.2,0.0,0.893692,0.0,3.05,
exp17i_limits_ablation,ablationnone__ballspeed7__limitsconfigconfigs_real_robot.yaml__noplot__servebox,"{""--ablation"": ""none"", ""--ball-speed"": 7, ""--limits-config"": ""configs/real_robot.yaml"", ""--no-plot"": null, ""--serve-box"": null}",104,True,active,0.123198,1.928102,0.108162,50.0,0.0,1.0,1.0,1.3,10.0,0.123198,0.853,3.12,
exp17i_limits_ablation,ablationnone__ballspeed7__limitsconfigconfigs_real_robot.yaml__noplot__servebox,"{""--ablation"": ""none"", ""--ball-speed"": 7, ""--limits-config"": ""configs/real_robot.yaml"", ""--no-plot"": null, ""--serve-box"": null}",117,True,active,0.106774,1.925193,0.077668,50.0,0.0,1.0,0.98,1.2,20.0,0.106774,0.965,1.63,
exp17i_limits_ablation,ablationnone__ballspeed7__limitsconfigconfigs_real_robot.yaml__noplot__servebox,"{""--ablation"": ""none"", ""--ball-speed"": 7, ""--limits-config"": ""configs/real_robot.yaml"", ""--no-plot"": null, ""--serve-box"": null}",119,False,miss,0.290871,1.952378,0.102527,0.0,0.0,1.0,0.99,1.1,0.0,0.290871,0.0,1.54,
exp17i_limits_ablation,ablationnone__ballspeed7__limitsconfigconfigs_real_robot.yaml__noplot__servebox,"{""--ablation"": ""none"", ""--ball-speed"": 7, ""--limits-config"": ""configs/real_robot.yaml"", ""--no-plot"": null, ""--serve-box"": null}",125,True,passive,0.117852,1.923996,0.09496,0.0,0.0,0.97,0.99,1.4,15.0,0.117852,0.235,1.48,
exp17i_limits_ablation,ablationnone__ballspeed7__limitsconfigconfigs_real_robot.yaml__noplot__servebox,"{""--ablation"": ""none"", ""--ball-speed"": 7, ""--limits-config"": ""configs/real_robot.yaml"", ""--no-plot"": null, ""--serve-box"": null}",124,True,active,0.091537,1.931623,0.088264,45.0,0.0,1.0,0.99,1.3,15.0,0.091537,0.591,1.56,
exp17i_limits_ablation,ablationnone__ballspeed7__limitsconfigconfigs_real_robot.yaml__noplot__servebox,"{""--ablation"": ""none"", ""--ball-speed"": 7, ""--limits-config"": ""configs/real_robot.yaml"", ""--no-plot"": null, ""--serve-box"": null}",113,True,active,0.066238,1.950486,0.065449,0.0,0.0,1.0,0.99,1.0,15.0,0.066238,0.924,3.13,
exp17i_limits_ablation,ablationnone__ballspeed7__limitsconfigconfigs_real_robot.yaml__noplot__servebox,"{""--ablation"": ""none"", ""--ball-speed"": 7, ""--limits-config"": ""configs/real_robot.yaml"", ""--no-plot"": null, ""--serve-box"": null}",127,False,miss,0.299462,1.938213,0.107219,0.0,0.0,1.0,0.99,1.2,0.0,0.299462,0.0,1.4,
exp17i_limits_ablation,ablationnone__ballspeed7__limitsconfigconfigs_real_robot.yaml__noplot__servebox,"{""--ablation"": ""none"", ""--ball-speed"": 7, ""--limits-config"": ""configs/real_robot.yaml"", ""--no-plot"": null, ""--serve-box"": null}",120,False,miss,0.456752,1.72397,0.353896,0.0,0.0,0.39,0.41,0.2,0.0,0.456752,0.0,2.13,
exp17i_limits_ablation,ablationnone__ballspeed7__limitsconfigconfigs_real_robot.yaml__noplot__servebox,"{""--ablation"": ""none"", ""--ball-speed"": 7, ""--limits-config"": ""configs/real_robot.yaml"", ""--no-plot"": null, ""--serve-box"": null}",116,True,active,0.087087,1.90061,0.085897,45.0,0.0,1.01,1.0,1.4,10.0,0.087087,0.932,3.03,
exp17i_limits_ablation,ablationnone__ballspeed7__limitsconfigconfigs_real_robot.yaml__noplot__servebox,"{""--ablation"": ""none"", ""--ball-speed"": 7, ""--limits-config"": ""configs/real_robot.yaml"", ""--no-plot"": null, ""--serve-box"": null}",123,True,active,0.109465,1.958924,0.07556,0.0,0.0,1.0,0.97,1.1,20.0,0.109465,0.96,2.2,
exp17i_limits_ablation,ablationnone__ballspeed7__limitsconfigconfigs_real_robot.yaml__noplot__servebox,"{""--ablation"": ""none"", ""--ball-speed"": 7, ""--limits-config"": ""configs/real_robot.yaml"", ""--no-plot"": null, ""--serve-box"": null}",126,True,active,0.076093,1.939327,0.053191,0.0,0.0,1.0,1.0,1.1,20.0,0.076093,0.9,1.82,
exp17i_limits_ablation,ablationnone__ballspeed7__limitsconfigconfigs_real_robot.yaml__noplot__servebox,"{""--ablation"": ""none"", ""--ball-speed"": 7, ""--limits-config"": ""configs/real_robot.yaml"", ""--no-plot"": null, ""--serve-box"": null}",130,False,miss,0.254719,1.934955,0.107113,0.0,0.0,1.0,0.99,1.1,0.0,0.254719,0.0,1.49,
exp17i_limits_ablation,ablationnone__ballspeed7__limitsconfigconfigs_real_robot.yaml__noplot__servebox,"{""--ablation"": ""none"", ""--ball-speed"": 7, ""--limits-config"": ""configs/real_robot.yaml"", ""--no-plot"": null, ""--serve-box"": null}",131,True,active,0.085665,1.974078,0.082735,45.0,0.0,0.97,1.0,1.0,10.0,0.085665,0.42,1.45,
exp17i_limits_ablation,ablationnone__ballspeed7__limitsconfigconfigs_real_robot.yaml__noplot__servebox,"{""--ablation"": ""none"", ""--ball-speed"": 7, ""--limits-config"": ""configs/real_robot.yaml"", ""--no-plot"": null, ""--serve-box"": null}",132,True,active,0.134399,1.938498,0.115095,55.0,0.0,1.0,0.99,1.2,0.0,0.134399,0.356,1.76,
exp17i_limits_ablation,ablationnone__ballspeed7__limitsconfigconfigs_real_robot.yaml__noplot__servebox,"{""--ablation"": ""none"", ""--ball-speed"": 7, ""--limits-config"": ""configs/real_robot.yaml"", ""--no-plot"": null, ""--serve-box"": null}",129,False,miss,0.333615,1.915029,0.183554,0.0,0.0,1.0,1.0,1.2,0.0,0.333615,0.0,2.11,
exp17i_limits_ablation,ablationnone__ballspeed7__limitsconfigconfigs_real_robot.yaml__noplot__servebox,"{""--ablation"": ""none"", ""--ball-speed"": 7, ""--limits-config"": ""configs/real_robot.yaml"", ""--no-plot"": null, ""--serve-box"": null}",121,False,miss,0.391347,1.875153,0.338243,0.0,0.0,1.02,0.99,1.0,0.0,0.391347,0.0,3.08,
exp17i_limits_ablation,ablationnone__ballspeed7__limitsconfigconfigs_real_robot.yaml__noplot__servebox,"{""--ablation"": ""none"", ""--ball-speed"": 7, ""--limits-config"": ""configs/real_robot.yaml"", ""--no-plot"": null, ""--serve-box"": null}",122,True,active,0.086546,1.925036,0.080677,60.0,0.0,1.0,1.0,1.1,5.0,0.086546,0.655,3.12,
exp17i_limits_ablation,ablationnone__ballspeed7__limitsconfigconfigs_real_robot.yaml__noplot__servebox,"{""--ablation"": ""none"", ""--ball-speed"": 7, ""--limits-config"": ""configs/real_robot.yaml"", ""--no-plot"": null, ""--serve-box"": null}",118,False,miss,0.377087,1.809134,0.316843,0.0,0.0,0.94,0.98,0.7,0.0,0.377087,0.0,3.81,
exp17i_limits_ablation,ablationnone__ballspeed7__limitsconfigconfigs_real_robot.yaml__noplot__servebox,"{""--ablation"": ""none"", ""--ball-speed"": 7, ""--limits-config"": ""configs/real_robot.yaml"", ""--no-plot"": null, ""--serve-box"": null}",134,True,active,0.089166,1.917753,0.080797,50.0,0.0,0.99,1.0,1.1,10.0,0.089166,0.63,1.58,
exp17i_limits_ablation,ablationnone__ballspeed7__limitsconfigconfigs_real_robot.yaml__noplot__servebox,"{""--ablation"": ""none"", ""--ball-speed"": 7, ""--limits-config"": ""configs/real_robot.yaml"", ""--no-plot"": null, ""--serve-box"": null}",135,False,miss,0.327533,1.926287,0.144041,15.0,0.0,1.0,1.0,1.4,0.0,0.327533,0.0,1.58,
exp17i_limits_ablation,ablationnone__ballspeed7__limitsconfigconfigs_real_robot.yaml__noplot__servebox,"{""--ablation"": ""none"", ""--ball-speed"": 7, ""--limits-config"": ""configs/real_robot.yaml"", ""--no-plot"": null, ""--serve-box"": null}",138,True,active,0.094505,1.936865,0.06484,0.0,0.0,0.98,0.99,1.1,10.0,0.094505,0.953,1.55,
exp17i_limits_ablation,ablationnone__ballspeed7__limitsconfigconfigs_real_robot.yaml__noplot__servebox,"{""--ablation"": ""none"", ""--ball-speed"": 7, ""--limits-config"": ""configs/real_robot.yaml"", ""--no-plot"": null, ""--serve-box"": null}",136,False,miss,0.786513,1.782689,0.779494,0.0,0.0,2.42,6.79,4.3,0.0,0.786513,0.0,1.86,
exp17i_limits_ablation,ablationnone__ballspeed7__limitsconfigconfigs_real_robot.yaml__noplot__servebox,"{""--ablation"": ""none"", ""--ball-speed"": 7, ""--limits-config"": ""configs/real_robot.yaml"", ""--no-plot"": null, ""--serve-box"": null}",128,False,miss,0.343101,1.901845,0.14604,30.0,0.0,1.0,1.0,1.3,0.0,0.343101,0.0,3.15,
exp17i_limits_ablation,ablationnone__ballspeed7__limitsconfigconfigs_real_robot.yaml__noplot__servebox,"{""--ablation"": ""none"", ""--ball-speed"": 7, ""--limits-config"": ""configs/real_robot.yaml"", ""--no-plot"": null, ""--serve-box"": null}",139,True,active,0.131196,1.939199,0.122258,45.0,0.0,1.0,0.97,1.4,20.0,0.131196,0.916,1.61,
exp17i_limits_ablation,ablationnone__ballspeed7__limitsconfigconfigs_real_robot.yaml__noplot__servebox,"{""--ablation"": ""none"", ""--ball-speed"": 7, ""--limits-config"": ""configs/real_robot.yaml"", ""--no-plot"": null, ""--serve-box"": null}",137,True,active,0.090108,1.94907,0.047377,0.0,0.0,1.0,0.96,1.0,15.0,0.090108,0.976,1.87,
exp17i_limits_ablation,ablationnone__ballspeed7__limitsconfigconfigs_real_robot.yaml__noplot__servebox,"{""--ablation"": ""none"", ""--ball-speed"": 7, ""--limits-config"": ""configs/real_robot.yaml"", ""--no-plot"": null, ""--serve-box"": null}",140,True,active,0.112596,1.923712,0.079587,60.0,0.0,1.0,0.97,1.4,10.0,0.112596,0.685,2.11,
exp17i_limits_ablation,ablationnone__ballspeed7__limitsconfigconfigs_real_robot.yaml__noplot__servebox,"{""--ablation"": ""none"", ""--ball-speed"": 7, ""--limits-config"": ""configs/real_robot.yaml"", ""--no-plot"": null, ""--serve-box"": null}",144,True,active,0.108412,1.950066,0.060417,20.0,0.0,1.0,1.0,1.2,20.0,0.108412,0.716,1.76,
exp17i_limits_ablation,ablationnone__ballspeed7__limitsconfigconfigs_real_robot.yaml__noplot__servebox,"{""--ablation"": ""none"", ""--ball-speed"": 7, ""--limits-config"": ""configs/real_robot.yaml"", ""--no-plot"": null, ""--serve-box"": null}",146,False,miss,0.327147,1.942764,0.124676,10.0,0.0,1.0,1.0,1.2,0.0,0.327147,0.0,1.69,
exp17i_limits_ablation,ablationnone__ballspeed7__limitsconfigconfigs_real_robot.yaml__noplot__servebox,"{""--ablation"": ""none"", ""--ball-speed"": 7, ""--limits-config"": ""configs/real_robot.yaml"", ""--no-plot"": null, ""--serve-box"": null}",145,True,active,0.09678,1.927419,0.092851,45.0,0.0,0.99,1.0,1.2,15.0,0.09678,0.484,1.8,
exp17i_limits_ablation,ablationnone__ballspeed7__limitsconfigconfigs_real_robot.yaml__noplot__servebox,"{""--ablation"": ""none"", ""--ball-speed"": 7, ""--limits-config"": ""configs/real_robot.yaml"", ""--no-plot"": null, ""--serve-box"": null}",147,False,miss,0.282874,1.946123,0.130811,35.0,0.0,1.0,1.0,1.3,0.0,0.282874,0.0,1.63,
exp17i_limits_ablation,ablationnone__ballspeed7__limitsconfigconfigs_real_robot.yaml__noplot__servebox,"{""--ablation"": ""none"", ""--ball-speed"": 7, ""--limits-config"": ""configs/real_robot.yaml"", ""--no-plot"": null, ""--serve-box"": null}",141,True,active,0.10148,1.92018,0.093632,50.0,0.0,1.0,0.98,0.7,10.0,0.10148,0.412,2.59,
exp17i_limits_ablation,ablationnone__ballspeed7__limitsconfigconfigs_real_robot.yaml__noplot__servebox,"{""--ablation"": ""none"", ""--ball-speed"": 7, ""--limits-config"": ""configs/real_robot.yaml"", ""--no-plot"": null, ""--serve-box"": null}",148,False,miss,0.468707,1.686317,0.358045,0.0,0.0,1.0,0.59,0.7,0.0,0.468707,0.0,1.89,
exp17i_limits_ablation,ablationnone__ballspeed7__limitsconfigconfigs_real_robot.yaml__noplot__servebox,"{""--ablation"": ""none"", ""--ball-speed"": 7, ""--limits-config"": ""configs/real_robot.yaml"", ""--no-plot"": null, ""--serve-box"": null}",133,True,active,0.103395,1.960142,0.103395,50.0,0.0,0.99,1.0,1.3,10.0,0.103395,0.545,3.6,
exp17i_limits_ablation,ablationnone__ballspeed7__limitsconfigconfigs_real_robot.yaml__noplot__servebox,"{""--ablation"": ""none"", ""--ball-speed"": 7, ""--limits-config"": ""configs/real_robot.yaml"", ""--no-plot"": null, ""--serve-box"": null}",149,False,miss,0.335675,1.938966,0.124774,40.0,0.0,1.0,0.98,1.2,0.0,0.335675,0.0,1.91,
exp17i_limits_ablation,ablationnone__ballspeed7__limitsconfigconfigs_real_robot.yaml__noplot__servebox,"{""--ablation"": ""none"", ""--ball-speed"": 7, ""--limits-config"": ""configs/real_robot.yaml"", ""--no-plot"": null, ""--serve-box"": null}",142,False,miss,0.284477,1.923441,0.092208,0.0,0.0,1.0,0.98,1.2,0.0,0.284477,0.0,3.01,
exp17i_limits_ablation,ablationnone__ballspeed7__limitsconfigconfigs_real_robot.yaml__noplot__servebox,"{""--ablation"": ""none"", ""--ball-speed"": 7, ""--limits-config"": ""configs/real_robot.yaml"", ""--no-plot"": null, ""--serve-box"": null}",153,False,miss,0.539732,1.705433,0.4251,0.0,0.0,1.9,0.98,1.5,0.0,0.539732,0.0,1.95,
exp17i_limits_ablation,ablationnone__ballspeed7__limitsconfigconfigs_real_robot.yaml__noplot__servebox,"{""--ablation"": ""none"", ""--ball-speed"": 7, ""--limits-config"": ""configs/real_robot.yaml"", ""--no-plot"": null, ""--serve-box"": null}",143,True,active,0.088734,1.942518,0.088734,45.0,0.0,1.0,1.0,1.1,10.0,0.088734,0.879,3.03,
exp17i_limits_ablation,ablationnone__ballspeed7__limitsconfigconfigs_real_robot.yaml__noplot__servebox,"{""--ablation"": ""none"", ""--ball-speed"": 7, ""--limits-config"": ""configs/real_robot.yaml"", ""--no-plot"": null, ""--serve-box"": null}",155,True,active,0.073743,1.939282,0.073743,15.0,0.0,0.99,1.0,1.2,10.0,0.073743,0.563,1.56,
exp17i_limits_ablation,ablationnone__ballspeed7__limitsconfigconfigs_real_robot.yaml__noplot__servebox,"{""--ablation"": ""none"", ""--ball-speed"": 7, ""--limits-config"": ""configs/real_robot.yaml"", ""--no-plot"": null, ""--serve-box"": null}",156,True,active,0.091084,1.946082,0.029969,0.0,0.0,0.99,0.98,1.1,15.0,0.091084,0.97,1.44,
exp17i_limits_ablation,ablationnone__ballspeed7__limitsconfigconfigs_real_robot.yaml__noplot__servebox,"{""--ablation"": ""none"", ""--ball-speed"": 7, ""--limits-config"": ""configs/real_robot.yaml"", ""--no-plot"": null, ""--serve-box"": null}",157,False,miss,0.314614,1.923396,0.175905,0.0,0.0,2.13,1.33,1.9,0.0,0.314614,0.0,1.53,
exp17i_limits_ablation,ablationnone__ballspeed7__limitsconfigconfigs_real_robot.yaml__noplot__servebox,"{""--ablation"": ""none"", ""--ball-speed"": 7, ""--limits-config"": ""configs/real_robot.yaml"", ""--no-plot"": null, ""--serve-box"": null}",158,False,miss,0.322675,1.941679,0.13635,35.0,0.0,1.0,0.97,1.4,0.0,0.322675,0.0,1.51,
exp17i_limits_ablation,ablationnone__ballspeed7__limitsconfigconfigs_real_robot.yaml__noplot__servebox,"{""--ablation"": ""none"", ""--ball-speed"": 7, ""--limits-config"": ""configs/real_robot.yaml"", ""--no-plot"": null, ""--serve-box"": null}",150,True,active,0.111233,1.938957,0.076428,0.0,0.0,1.0,0.95,1.3,20.0,0.111233,0.952,2.86,
exp17i_limits_ablation,ablationnone__ballspeed7__limitsconfigconfigs_real_robot.yaml__noplot__servebox,"{""--ablation"": ""none"", ""--ball-speed"": 7, ""--limits-config"": ""configs/real_robot.yaml"", ""--no-plot"": null, ""--serve-box"": null}",154,False,miss,0.583433,1.731296,0.448475,0.0,0.0,0.49,0.44,0.4,0.0,0.583433,0.0,2.85,
exp17i_limits_ablation,ablationnone__ballspeed7__limitsconfigconfigs_real_robot.yaml__noplot__servebox,"{""--ablation"": ""none"", ""--ball-speed"": 7, ""--limits-config"": ""configs/real_robot.yaml"", ""--no-plot"": null, ""--serve-box"": null}",159,False,miss,0.411536,1.842117,0.337566,0.0,0.0,1.0,0.94,1.0,0.0,0.411536,0.0,2.02,
exp17i_limits_ablation,ablationnone__ballspeed7__limitsconfigconfigs_real_robot.yaml__noplot__servebox,"{""--ablation"": ""none"", ""--ball-speed"": 7, ""--limits-config"": ""configs/real_robot.yaml"", ""--no-plot"": null, ""--serve-box"": null}",152,True,active,0.084118,1.930038,0.073219,55.0,0.0,0.98,1.0,1.0,15.0,0.084118,0.559,3.18,
exp17i_limits_ablation,ablationnone__ballspeed7__limitsconfigconfigs_real_robot.yaml__noplot__servebox,"{""--ablation"": ""none"", ""--ball-speed"": 7, ""--limits-config"": ""configs/real_robot.yaml"", ""--no-plot"": null, ""--serve-box"": null}",163,True,active,0.118447,1.936381,0.115533,45.0,0.0,1.01,1.0,1.1,15.0,0.118447,0.514,1.67,
exp17i_limits_ablation,ablationnone__ballspeed7__limitsconfigconfigs_real_robot.yaml__noplot__servebox,"{""--ablation"": ""none"", ""--ball-speed"": 7, ""--limits-config"": ""configs/real_robot.yaml"", ""--no-plot"": null, ""--serve-box"": null}",164,False,miss,0.316639,1.920381,0.110371,0.0,0.0,0.98,0.96,1.3,0.0,0.316639,0.0,1.64,
exp17i_limits_ablation,ablationnone__ballspeed7__limitsconfigconfigs_real_robot.yaml__noplot__servebox,"{""--ablation"": ""none"", ""--ball-speed"": 7, ""--limits-config"": ""configs/real_robot.yaml"", ""--no-plot"": null, ""--serve-box"": null}",166,True,active,0.128497,1.918443,0.109662,50.0,0.0,0.97,0.98,1.0,10.0,0.128497,0.693,1.63,
exp17i_limits_ablation,ablationnone__ballspeed7__limitsconfigconfigs_real_robot.yaml__noplot__servebox,"{""--ablation"": ""none"", ""--ball-speed"": 7, ""--limits-config"": ""configs/real_robot.yaml"", ""--no-plot"": null, ""--serve-box"": null}",151,False,miss,0.29878,1.919726,0.16364,20.0,0.0,1.0,0.99,0.9,0.0,0.29878,0.0,3.77,
exp17i_limits_ablation,ablationnone__ballspeed7__limitsconfigconfigs_real_robot.yaml__noplot__servebox,"{""--ablation"": ""none"", ""--ball-speed"": 7, ""--limits-config"": ""configs/real_robot.yaml"", ""--no-plot"": null, ""--serve-box"": null}",165,False,miss,0.350232,1.906982,0.199981,0.0,0.0,1.99,0.98,1.7,0.0,0.350232,0.0,1.87,
exp17i_limits_ablation,ablationnone__ballspeed7__limitsconfigconfigs_real_robot.yaml__noplot__servebox,"{""--ablation"": ""none"", ""--ball-speed"": 7, ""--limits-config"": ""configs/real_robot.yaml"", ""--no-plot"": null, ""--serve-box"": null}",169,False,miss,0.288115,1.934787,0.101788,0.0,0.0,0.99,0.99,1.1,0.0,0.288115,0.0,1.56,
exp17i_limits_ablation,ablationnone__ballspeed7__limitsconfigconfigs_real_robot.yaml__noplot__servebox,"{""--ablation"": ""none"", ""--ball-speed"": 7, ""--limits-config"": ""configs/real_robot.yaml"", ""--no-plot"": null, ""--serve-box"": null}",170,True,active,0.103277,1.902065,0.054497,0.0,0.0,0.98,1.0,1.1,15.0,0.103277,0.912,1.83,
exp17i_limits_ablation,ablationnone__ballspeed7__limitsconfigconfigs_real_robot.yaml__noplot__servebox,"{""--ablation"": ""none"", ""--ball-speed"": 7, ""--limits-config"": ""configs/real_robot.yaml"", ""--no-plot"": null, ""--serve-box"": null}",167,True,active,0.078102,1.949082,0.061329,0.0,0.0,1.0,0.97,1.1,20.0,0.078102,0.86,2.33,
exp17i_limits_ablation,ablationnone__ballspeed7__limitsconfigconfigs_real_robot.yaml__noplot__servebox,"{""--ablation"": ""none"", ""--ball-speed"": 7, ""--limits-config"": ""configs/real_robot.yaml"", ""--no-plot"": null, ""--serve-box"": null}",172,True,active,0.107529,1.951066,0.082613,0.0,0.0,0.98,1.0,1.3,15.0,0.107529,0.661,1.54,
exp17i_limits_ablation,ablationnone__ballspeed7__limitsconfigconfigs_real_robot.yaml__noplot__servebox,"{""--ablation"": ""none"", ""--ball-speed"": 7, ""--limits-config"": ""configs/real_robot.yaml"", ""--no-plot"": null, ""--serve-box"": null}",162,False,miss,0.269906,1.861228,0.206648,0.0,0.0,1.0,1.0,1.2,0.0,0.269906,0.0,3.05,
exp17i_limits_ablation,ablationnone__ballspeed7__limitsconfigconfigs_real_robot.yaml__noplot__servebox,"{""--ablation"": ""none"", ""--ball-speed"": 7, ""--limits-config"": ""configs/real_robot.yaml"", ""--no-plot"": null, ""--serve-box"": null}",173,True,active,0.111826,1.931566,0.095734,0.0,0.0,1.0,0.97,1.2,20.0,0.111826,0.938,1.53,
exp17i_limits_ablation,ablationnone__ballspeed7__limitsconfigconfigs_real_robot.yaml__noplot__servebox,"{""--ablation"": ""none"", ""--ball-speed"": 7, ""--limits-config"": ""configs/real_robot.yaml"", ""--no-plot"": null, ""--serve-box"": null}",174,False,miss,0.318274,1.970292,0.089243,0.0,0.0,0.99,1.0,1.0,0.0,0.318274,0.0,1.65,
exp17i_limits_ablation,ablationnone__ballspeed7__limitsconfigconfigs_real_robot.yaml__noplot__servebox,"{""--ablation"": ""none"", ""--ball-speed"": 7, ""--limits-config"": ""configs/real_robot.yaml"", ""--no-plot"": null, ""--serve-box"": null}",161,True,active,0.108129,1.928111,0.108129,50.0,0.0,0.99,1.0,1.2,10.0,0.108129,0.518,3.34,
exp17i_limits_ablation,ablationnone__ballspeed7__limitsconfigconfigs_real_robot.yaml__noplot__servebox,"{""--ablation"": ""none"", ""--ball-speed"": 7, ""--limits-config"": ""configs/real_robot.yaml"", ""--no-plot"": null, ""--serve-box"": null}",160,False,miss,0.331418,1.911468,0.21125,0.0,0.0,1.0,1.0,1.4,0.0,0.331418,0.0,3.73,
exp17i_limits_ablation,ablationnone__ballspeed7__limitsconfigconfigs_real_robot.yaml__noplot__servebox,"{""--ablation"": ""none"", ""--ball-speed"": 7, ""--limits-config"": ""configs/real_robot.yaml"", ""--no-plot"": null, ""--serve-box"": null}",168,False,miss,0.23751,1.836152,0.166904,0.0,0.0,1.0,1.0,1.2,0.0,0.23751,0.0,2.75,
exp17i_limits_ablation,ablationnone__ballspeed7__limitsconfigconfigs_real_robot.yaml__noplot__servebox,"{""--ablation"": ""none"", ""--ball-speed"": 7, ""--limits-config"": ""configs/real_robot.yaml"", ""--no-plot"": null, ""--serve-box"": null}",176,False,miss,0.408435,1.845323,0.335448,0.0,0.0,1.0,0.97,0.8,0.0,0.408435,0.0,1.79,
exp17i_limits_ablation,ablationnone__ballspeed7__limitsconfigconfigs_real_robot.yaml__noplot__servebox,"{""--ablation"": ""none"", ""--ball-speed"": 7, ""--limits-config"": ""configs/real_robot.yaml"", ""--no-plot"": null, ""--serve-box"": null}",175,True,active,0.094008,1.962254,0.053728,0.0,0.0,1.0,0.98,0.9,25.0,0.094008,0.95,2.16,
exp17i_limits_ablation,ablationnone__ballspeed7__limitsconfigconfigs_real_robot.yaml__noplot__servebox,"{""--ablation"": ""none"", ""--ball-speed"": 7, ""--limits-config"": ""configs/real_robot.yaml"", ""--no-plot"": null, ""--serve-box"": null}",177,False,miss,0.329686,1.870926,0.260413,0.0,0.0,0.99,1.0,0.9,0.0,0.329686,0.0,1.8,
exp17i_limits_ablation,ablationnone__ballspeed7__limitsconfigconfigs_real_robot.yaml__noplot__servebox,"{""--ablation"": ""none"", ""--ball-speed"": 7, ""--limits-config"": ""configs/real_robot.yaml"", ""--no-plot"": null, ""--serve-box"": null}",171,False,miss,0.477472,1.7176,0.368534,0.0,0.0,0.3,0.4,0.2,0.0,0.477472,0.0,2.95,
exp17i_limits_ablation,ablationnone__ballspeed7__limitsconfigconfigs_real_robot.yaml__noplot__servebox,"{""--ablation"": ""none"", ""--ball-speed"": 7, ""--limits-config"": ""configs/real_robot.yaml"", ""--no-plot"": null, ""--serve-box"": null}",180,False,miss,0.245505,1.951636,0.117811,0.0,0.0,0.99,0.99,0.9,0.0,0.245505,0.0,1.68,
exp17i_limits_ablation,ablationnone__ballspeed7__limitsconfigconfigs_real_robot.yaml__noplot__servebox,"{""--ablation"": ""none"", ""--ball-speed"": 7, ""--limits-config"": ""configs/real_robot.yaml"", ""--no-plot"": null, ""--serve-box"": null}",181,False,miss,0.32501,1.918973,0.142398,30.0,0.0,0.98,0.99,1.4,0.0,0.32501,0.0,1.57,
exp17i_limits_ablation,ablationnone__ballspeed7__limitsconfigconfigs_real_robot.yaml__noplot__servebox,"{""--ablation"": ""none"", ""--ball-speed"": 7, ""--limits-config"": ""configs/real_robot.yaml"", ""--no-plot"": null, ""--serve-box"": null}",178,False,miss,0.317657,1.963156,0.099235,0.0,0.0,1.01,0.99,1.0,0.0,0.317657,0.0,2.28,
exp17i_limits_ablation,ablationnone__ballspeed7__limitsconfigconfigs_real_robot.yaml__noplot__servebox,"{""--ablation"": ""none"", ""--ball-speed"": 7, ""--limits-config"": ""configs/real_robot.yaml"", ""--no-plot"": null, ""--serve-box"": null}",182,False,miss,0.312351,1.956188,0.137698,35.0,0.0,1.0,0.99,1.2,0.0,0.312351,0.0,1.69,
exp17i_limits_ablation,ablationnone__ballspeed7__limitsconfigconfigs_real_robot.yaml__noplot__servebox,"{""--ablation"": ""none"", ""--ball-speed"": 7, ""--limits-config"": ""configs/real_robot.yaml"", ""--no-plot"": null, ""--serve-box"": null}",184,True,active,0.095956,1.930089,0.095384,45.0,0.0,1.0,0.99,1.2,10.0,0.095956,0.389,1.67,
exp17i_limits_ablation,ablationnone__ballspeed7__limitsconfigconfigs_real_robot.yaml__noplot__servebox,"{""--ablation"": ""none"", ""--ball-speed"": 7, ""--limits-config"": ""configs/real_robot.yaml"", ""--no-plot"": null, ""--serve-box"": null}",179,False,miss,0.336041,1.939849,0.183901,0.0,0.0,1.0,1.0,1.4,0.0,0.336041,0.0,2.85,
exp17i_limits_ablation,ablationnone__ballspeed7__limitsconfigconfigs_real_robot.yaml__noplot__servebox,"{""--ablation"": ""none"", ""--ball-speed"": 7, ""--limits-config"": ""configs/real_robot.yaml"", ""--no-plot"": null, ""--serve-box"": null}",189,False,miss,0.346304,1.93356,0.202282,0.0,0.0,1.0,1.0,1.3,0.0,0.346304,0.0,1.77,
exp17i_limits_ablation,ablationnone__ballspeed7__limitsconfigconfigs_real_robot.yaml__noplot__servebox,"{""--ablation"": ""none"", ""--ball-speed"": 7, ""--limits-config"": ""configs/real_robot.yaml"", ""--no-plot"": null, ""--serve-box"": null}",187,True,active,0.114555,1.930036,0.098838,45.0,0.0,0.99,0.99,1.0,20.0,0.114555,0.953,1.84,
exp17i_limits_ablation,ablationnone__ballspeed7__limitsconfigconfigs_real_robot.yaml__noplot__servebox,"{""--ablation"": ""none"", ""--ball-speed"": 7, ""--limits-config"": ""configs/real_robot.yaml"", ""--no-plot"": null, ""--serve-box"": null}",192,False,miss,0.348699,1.934452,0.127069,0.0,0.0,0.99,0.98,1.5,0.0,0.348699,0.0,1.52,
exp17i_limits_ablation,ablationnone__ballspeed7__limitsconfigconfigs_real_robot.yaml__noplot__servebox,"{""--ablation"": ""none"", ""--ball-speed"": 7, ""--limits-config"": ""configs/real_robot.yaml"", ""--no-plot"": null, ""--serve-box"": null}",194,True,active,0.10327,1.93043,0.094333,50.0,0.0,0.99,1.0,1.0,15.0,0.10327,0.978,1.52,
exp17i_limits_ablation,ablationnone__ballspeed7__limitsconfigconfigs_real_robot.yaml__noplot__servebox,"{""--ablation"": ""none"", ""--ball-speed"": 7, ""--limits-config"": ""configs/real_robot.yaml"", ""--no-plot"": null, ""--serve-box"": null}",183,True,active,0.107842,1.922951,0.065404,0.0,0.0,0.99,0.94,1.2,25.0,0.107842,0.849,2.77,
exp17i_limits_ablation,ablationnone__ballspeed7__limitsconfigconfigs_real_robot.yaml__noplot__servebox,"{""--ablation"": ""none"", ""--ball-speed"": 7, ""--limits-config"": ""configs/real_robot.yaml"", ""--no-plot"": null, ""--serve-box"": null}",191,False,miss,0.441296,1.712135,0.35393,0.0,0.0,1.0,0.45,0.7,0.0,0.441296,0.0,1.93,
exp17i_limits_ablation,ablationnone__ballspeed7__limitsconfigconfigs_real_robot.yaml__noplot__servebox,"{""--ablation"": ""none"", ""--ball-speed"": 7, ""--limits-config"": ""configs/real_robot.yaml"", ""--no-plot"": null, ""--serve-box"": null}",196,True,active,0.099061,1.943713,0.069103,0.0,0.0,1.0,1.0,1.1,20.0,0.099061,0.987,1.53,
exp17i_limits_ablation,ablationnone__ballspeed7__limitsconfigconfigs_real_robot.yaml__noplot__servebox,"{""--ablation"": ""none"", ""--ball-speed"": 7, ""--limits-config"": ""configs/real_robot.yaml"", ""--no-plot"": null, ""--serve-box"": null}",195,False,miss,0.398085,1.715193,0.267513,0.0,0.0,0.35,0.45,0.3,0.0,0.398085,0.0,1.84,
exp17i_limits_ablation,ablationnone__ballspeed7__limitsconfigconfigs_real_robot.yaml__noplot__servebox,"{""--ablation"": ""none"", ""--ball-speed"": 7, ""--limits-config"": ""configs/real_robot.yaml"", ""--no-plot"": null, ""--serve-box"": null}",185,True,active,0.092789,1.948949,0.083488,50.0,0.0,1.0,1.0,1.2,20.0,0.092789,0.905,3.16,
exp17i_limits_ablation,ablationnone__ballspeed7__limitsconfigconfigs_real_robot.yaml__noplot__servebox,"{""--ablation"": ""none"", ""--ball-speed"": 7, ""--limits-config"": ""configs/real_robot.yaml"", ""--no-plot"": null, ""--serve-box"": null}",198,False,miss,0.35637,1.945047,0.152739,30.0,0.0,1.0,0.99,1.2,0.0,0.35637,0.0,1.72,
exp17i_limits_ablation,ablationnone__ballspeed7__limitsconfigconfigs_real_robot.yaml__noplot__servebox,"{""--ablation"": ""none"", ""--ball-speed"": 7, ""--limits-config"": ""configs/real_robot.yaml"", ""--no-plot"": null, ""--serve-box"": null}",186,False,miss,0.319837,1.933767,0.120385,40.0,0.0,1.0,0.99,1.5,0.0,0.319837,0.0,3.21,
exp17i_limits_ablation,ablationnone__ballspeed7__limitsconfigconfigs_real_robot.yaml__noplot__servebox,"{""--ablation"": ""none"", ""--ball-speed"": 7, ""--limits-config"": ""configs/real_robot.yaml"", ""--no-plot"": null, ""--serve-box"": null}",190,False,miss,0.352283,1.824317,0.29906,0.0,0.0,0.97,0.99,0.9,0.0,0.352283,0.0,3.15,
exp17i_limits_ablation,ablationnone__ballspeed7__limitsconfigconfigs_real_robot.yaml__noplot__servebox,"{""--ablation"": ""none"", ""--ball-speed"": 7, ""--limits-config"": ""configs/real_robot.yaml"", ""--no-plot"": null, ""--serve-box"": null}",199,True,active,0.126913,1.920119,0.114699,0.0,0.0,0.99,0.99,1.3,10.0,0.126913,0.82,1.59,
exp17i_limits_ablation,ablationnone__ballspeed7__limitsconfigconfigs_real_robot.yaml__noplot__servebox,"{""--ablation"": ""none"", ""--ball-speed"": 7, ""--limits-config"": ""configs/real_robot.yaml"", ""--no-plot"": null, ""--serve-box"": null}",193,True,active,0.128767,1.924029,0.103869,55.0,0.0,1.0,1.0,1.3,15.0,0.128767,0.932,2.82,
exp17i_limits_ablation,ablationnone__ballspeed7__limitsconfigconfigs_real_robot.yaml__noplot__servebox,"{""--ablation"": ""none"", ""--ball-speed"": 7, ""--limits-config"": ""configs/real_robot.yaml"", ""--no-plot"": null, ""--serve-box"": null}",201,True,active,0.131894,1.940628,0.124572,50.0,0.0,1.0,1.0,1.7,5.0,0.131894,0.564,1.82,
exp17i_limits_ablation,ablationnone__ballspeed7__limitsconfigconfigs_real_robot.yaml__noplot__servebox,"{""--ablation"": ""none"", ""--ball-speed"": 7, ""--limits-config"": ""configs/real_robot.yaml"", ""--no-plot"": null, ""--serve-box"": null}",188,False,miss,0.527528,1.688698,0.364794,0.0,0.0,0.44,0.37,0.3,0.0,0.527528,0.0,3.72,
exp17i_limits_ablation,ablationnone__ballspeed7__limitsconfigconfigs_real_robot.yaml__noplot__servebox,"{""--ablation"": ""none"", ""--ball-speed"": 7, ""--limits-config"": ""configs/real_robot.yaml"", ""--no-plot"": null, ""--serve-box"": null}",197,True,active,0.098509,1.935395,0.087363,10.0,0.0,1.0,1.0,1.2,20.0,0.098509,0.646,2.56,
exp17i_limits_ablation,ablationnone__ballspeed7__limitsconfigconfigs_real_robot.yaml__noplot__servebox,"{""--ablation"": ""none"", ""--ball-speed"": 7, ""--limits-config"": ""configs/real_robot.yaml"", ""--no-plot"": null, ""--serve-box"": null}",204,True,active,0.102343,1.924881,0.088856,25.0,0.0,1.0,1.0,1.5,20.0,0.102343,0.756,1.7,
exp17i_limits_ablation,ablationnone__ballspeed7__limitsconfigconfigs_real_robot.yaml__noplot__servebox,"{""--ablation"": ""none"", ""--ball-speed"": 7, ""--limits-config"": ""configs/real_robot.yaml"", ""--no-plot"": null, ""--serve-box"": null}",206,True,active,0.101893,1.932353,0.072368,55.0,0.0,1.0,0.99,1.1,20.0,0.101893,0.928,1.57,
exp17i_limits_ablation,ablationnone__ballspeed7__limitsconfigconfigs_real_robot.yaml__noplot__servebox,"{""--ablation"": ""none"", ""--ball-speed"": 7, ""--limits-config"": ""configs/real_robot.yaml"", ""--no-plot"": null, ""--serve-box"": null}",200,True,active,0.104528,1.946814,0.065463,0.0,0.0,1.0,0.99,1.2,20.0,0.104528,0.876,2.5,
exp17i_limits_ablation,ablationnone__ballspeed7__limitsconfigconfigs_real_robot.yaml__noplot__servebox,"{""--ablation"": ""none"", ""--ball-speed"": 7, ""--limits-config"": ""configs/real_robot.yaml"", ""--no-plot"": null, ""--serve-box"": null}",207,True,active,0.100733,1.976877,0.072445,55.0,0.0,0.96,0.99,1.1,15.0,0.100733,0.722,1.55,
exp17i_limits_ablation,ablationnone__ballspeed7__limitsconfigconfigs_real_robot.yaml__noplot__servebox,"{""--ablation"": ""none"", ""--ball-speed"": 7, ""--limits-config"": ""configs/real_robot.yaml"", ""--no-plot"": null, ""--serve-box"": null}",202,False,miss,0.620263,1.755135,0.572476,0.0,0.0,3.25,2.57,2.4,0.0,0.620263,0.0,2.31,
exp17i_limits_ablation,ablationnone__ballspeed7__limitsconfigconfigs_real_robot.yaml__noplot__servebox,"{""--ablation"": ""none"", ""--ball-speed"": 7, ""--limits-config"": ""configs/real_robot.yaml"", ""--no-plot"": null, ""--serve-box"": null}",209,True,active,0.106511,1.914302,0.078306,0.0,0.0,0.99,0.98,1.2,20.0,0.106511,0.937,1.61,
exp17i_limits_ablation,ablationnone__ballspeed7__limitsconfigconfigs_real_robot.yaml__noplot__servebox,"{""--ablation"": ""none"", ""--ball-speed"": 7, ""--limits-config"": ""configs/real_robot.yaml"", ""--no-plot"": null, ""--serve-box"": null}",213,True,active,0.097313,1.941225,0.033072,25.0,0.0,1.0,0.99,1.1,15.0,0.097313,0.954,1.53,
exp17i_limits_ablation,ablationnone__ballspeed7__limitsconfigconfigs_real_robot.yaml__noplot__servebox,"{""--ablation"": ""none"", ""--ball-speed"": 7, ""--limits-config"": ""configs/real_robot.yaml"", ""--no-plot"": null, ""--serve-box"": null}",212,False,miss,0.480757,1.747662,0.322839,0.0,0.0,0.4,0.37,0.3,0.0,0.480757,0.0,1.86,
exp17i_limits_ablation,ablationnone__ballspeed7__limitsconfigconfigs_real_robot.yaml__noplot__servebox,"{""--ablation"": ""none"", ""--ball-speed"": 7, ""--limits-config"": ""configs/real_robot.yaml"", ""--no-plot"": null, ""--serve-box"": null}",205,True,active,0.106946,1.956302,0.085157,0.0,0.0,0.99,1.0,1.3,20.0,0.106946,0.993,2.96,
exp17i_limits_ablation,ablationnone__ballspeed7__limitsconfigconfigs_real_robot.yaml__noplot__servebox,"{""--ablation"": ""none"", ""--ball-speed"": 7, ""--limits-config"": ""configs/real_robot.yaml"", ""--no-plot"": null, ""--serve-box"": null}",214,False,miss,0.386677,1.92686,0.164249,0.0,0.0,1.0,0.99,1.2,0.0,0.386677,0.0,1.8,
exp17i_limits_ablation,ablationnone__ballspeed7__limitsconfigconfigs_real_robot.yaml__noplot__servebox,"{""--ablation"": ""none"", ""--ball-speed"": 7, ""--limits-config"": ""configs/real_robot.yaml"", ""--no-plot"": null, ""--serve-box"": null}",210,True,active,0.108409,1.935751,0.07797,0.0,0.0,1.0,0.99,1.4,25.0,0.108409,0.749,2.35,
exp17i_limits_ablation,ablationnone__ballspeed7__limitsconfigconfigs_real_robot.yaml__noplot__servebox,"{""--ablation"": ""none"", ""--ball-speed"": 7, ""--limits-config"": ""configs/real_robot.yaml"", ""--no-plot"": null, ""--serve-box"": null}",217,True,active,0.094766,1.934484,0.063306,0.0,0.0,1.0,0.97,1.3,20.0,0.094766,0.757,1.55,
exp17i_limits_ablation,ablationnone__ballspeed7__limitsconfigconfigs_real_robot.yaml__noplot__servebox,"{""--ablation"": ""none"", ""--ball-speed"": 7, ""--limits-config"": ""configs/real_robot.yaml"", ""--no-plot"": null, ""--serve-box"": null}",208,True,active,0.091179,1.890876,0.061552,0.0,0.0,0.99,1.0,1.1,20.0,0.091179,0.964,2.77,
exp17i_limits_ablation,ablationnone__ballspeed7__limitsconfigconfigs_real_robot.yaml__noplot__servebox,"{""--ablation"": ""none"", ""--ball-speed"": 7, ""--limits-config"": ""configs/real_robot.yaml"", ""--no-plot"": null, ""--serve-box"": null}",216,False,miss,0.443956,1.719879,0.370569,0.0,0.0,1.0,0.49,0.7,0.0,0.443956,0.0,1.95,
exp17i_limits_ablation,ablationnone__ballspeed7__limitsconfigconfigs_real_robot.yaml__noplot__servebox,"{""--ablation"": ""none"", ""--ball-speed"": 7, ""--limits-config"": ""configs/real_robot.yaml"", ""--no-plot"": null, ""--serve-box"": null}",203,True,active,0.113958,1.937216,0.046436,65.0,0.0,1.0,1.0,1.1,10.0,0.113958,0.957,3.47,
exp17i_limits_ablation,ablationnone__ballspeed7__limitsconfigconfigs_real_robot.yaml__noplot__servebox,"{""--ablation"": ""none"", ""--ball-speed"": 7, ""--limits-config"": ""configs/real_robot.yaml"", ""--no-plot"": null, ""--serve-box"": null}",211,True,active,0.103837,1.954934,0.007717,0.0,0.0,0.99,0.99,0.9,25.0,0.103837,0.85,2.57,
exp17i_limits_ablation,ablationnone__ballspeed7__limitsconfigconfigs_real_robot.yaml__noplot__servebox,"{""--ablation"": ""none"", ""--ball-speed"": 7, ""--limits-config"": ""configs/real_robot.yaml"", ""--no-plot"": null, ""--serve-box"": null}",219,False,miss,0.287517,1.912858,0.133703,0.0,0.0,1.0,0.97,1.1,0.0,0.287517,0.0,1.59,
exp17i_limits_ablation,ablationnone__ballspeed7__limitsconfigconfigs_real_robot.yaml__noplot__servebox,"{""--ablation"": ""none"", ""--ball-speed"": 7, ""--limits-config"": ""configs/real_robot.yaml"", ""--no-plot"": null, ""--serve-box"": null}",221,False,miss,0.345533,1.919129,0.142236,0.0,0.0,0.99,1.0,1.3,0.0,0.345533,0.0,1.71,
exp17i_limits_ablation,ablationnone__ballspeed7__limitsconfigconfigs_real_robot.yaml__noplot__servebox,"{""--ablation"": ""none"", ""--ball-speed"": 7, ""--limits-config"": ""configs/real_robot.yaml"", ""--no-plot"": null, ""--serve-box"": null}",222,True,active,0.097075,1.919605,0.041571,0.0,0.0,1.0,0.98,1.4,25.0,0.097075,0.972,1.48,
exp17i_limits_ablation,ablationnone__ballspeed7__limitsconfigconfigs_real_robot.yaml__noplot__servebox,"{""--ablation"": ""none"", ""--ball-speed"": 7, ""--limits-config"": ""configs/real_robot.yaml"", ""--no-plot"": null, ""--serve-box"": null}",215,True,active,0.126104,1.946506,0.116931,0.0,0.0,0.97,0.99,1.3,15.0,0.126104,0.7,2.51,
exp17i_limits_ablation,ablationnone__ballspeed7__limitsconfigconfigs_real_robot.yaml__noplot__servebox,"{""--ablation"": ""none"", ""--ball-speed"": 7, ""--limits-config"": ""configs/real_robot.yaml"", ""--no-plot"": null, ""--serve-box"": null}",220,False,miss,0.363544,1.912319,0.130025,0.0,0.0,1.0,1.0,1.5,0.0,0.363544,0.0,2.05,
exp17i_limits_ablation,ablationnone__ballspeed7__limitsconfigconfigs_real_robot.yaml__noplot__servebox,"{""--ablation"": ""none"", ""--ball-speed"": 7, ""--limits-config"": ""configs/real_robot.yaml"", ""--no-plot"": null, ""--serve-box"": null}",223,False,miss,0.44579,1.928218,0.203554,0.0,0.0,1.0,1.0,1.7,0.0,0.44579,0.0,1.55,
exp17i_limits_ablation,ablationnone__ballspeed7__limitsconfigconfigs_real_robot.yaml__noplot__servebox,"{""--ablation"": ""none"", ""--ball-speed"": 7, ""--limits-config"": ""configs/real_robot.yaml"", ""--no-plot"": null, ""--serve-box"": null}",226,False,miss,0.306235,1.916269,0.167759,20.0,0.0,0.99,1.0,1.4,0.0,0.306235,0.0,1.58,
exp17i_limits_ablation,ablationnone__ballspeed7__limitsconfigconfigs_real_robot.yaml__noplot__servebox,"{""--ablation"": ""none"", ""--ball-speed"": 7, ""--limits-config"": ""configs/real_robot.yaml"", ""--no-plot"": null, ""--serve-box"": null}",218,True,active,0.10854,1.951899,0.045002,0.0,0.0,0.96,0.99,1.3,15.0,0.10854,0.933,2.86,
exp17i_limits_ablation,ablationnone__ballspeed7__limitsconfigconfigs_real_robot.yaml__noplot__servebox,"{""--ablation"": ""none"", ""--ball-speed"": 7, ""--limits-config"": ""configs/real_robot.yaml"", ""--no-plot"": null, ""--serve-box"": null}",225,True,active,0.11878,1.937838,0.11458,45.0,0.0,0.99,0.98,1.2,15.0,0.11878,0.673,1.75,
exp17i_limits_ablation,ablationnone__ballspeed7__limitsconfigconfigs_real_robot.yaml__noplot__servebox,"{""--ablation"": ""none"", ""--ball-speed"": 7, ""--limits-config"": ""configs/real_robot.yaml"", ""--no-plot"": null, ""--serve-box"": null}",230,False,miss,0.344101,1.951444,0.169105,15.0,0.0,1.0,1.0,1.1,0.0,0.344101,0.0,1.82,
exp17i_limits_ablation,ablationnone__ballspeed7__limitsconfigconfigs_real_robot.yaml__noplot__servebox,"{""--ablation"": ""none"", ""--ball-speed"": 7, ""--limits-config"": ""configs/real_robot.yaml"", ""--no-plot"": null, ""--serve-box"": null}",232,False,miss,0.54164,1.766773,0.511779,0.0,0.0,0.29,0.44,0.3,0.0,0.54164,0.0,1.68,
exp17i_limits_ablation,ablationnone__ballspeed7__limitsconfigconfigs_real_robot.yaml__noplot__servebox,"{""--ablation"": ""none"", ""--ball-speed"": 7, ""--limits-config"": ""configs/real_robot.yaml"", ""--no-plot"": null, ""--serve-box"": null}",234,True,active,0.111995,1.923795,0.08926,0.0,0.0,0.99,1.0,1.2,20.0,0.111995,0.94,1.53,
exp17i_limits_ablation,ablationnone__ballspeed7__limitsconfigconfigs_real_robot.yaml__noplot__servebox,"{""--ablation"": ""none"", ""--ball-speed"": 7, ""--limits-config"": ""configs/real_robot.yaml"", ""--no-plot"": null, ""--serve-box"": null}",235,True,active,0.095108,1.932777,0.042604,0.0,0.0,0.99,1.0,0.9,15.0,0.095108,0.907,1.56,
exp17i_limits_ablation,ablationnone__ballspeed7__limitsconfigconfigs_real_robot.yaml__noplot__servebox,"{""--ablation"": ""none"", ""--ball-speed"": 7, ""--limits-config"": ""configs/real_robot.yaml"", ""--no-plot"": null, ""--serve-box"": null}",236,True,active,0.115223,1.914978,0.075673,0.0,0.0,1.0,0.99,1.2,25.0,0.115223,0.987,1.57,
exp17i_limits_ablation,ablationnone__ballspeed7__limitsconfigconfigs_real_robot.yaml__noplot__servebox,"{""--ablation"": ""none"", ""--ball-speed"": 7, ""--limits-config"": ""configs/real_robot.yaml"", ""--no-plot"": null, ""--serve-box"": null}",227,False,miss,0.333626,1.942791,0.126546,0.0,0.0,1.0,0.95,1.2,0.0,0.333626,0.0,2.62,
exp17i_limits_ablation,ablationnone__ballspeed7__limitsconfigconfigs_real_robot.yaml__noplot__servebox,"{""--ablation"": ""none"", ""--ball-speed"": 7, ""--limits-config"": ""configs/real_robot.yaml"", ""--no-plot"": null, ""--serve-box"": null}",237,False,miss,0.50734,1.718886,0.372125,0.0,0.0,0.44,0.48,0.3,0.0,0.50734,0.0,1.71,
exp17i_limits_ablation,ablationnone__ballspeed7__limitsconfigconfigs_real_robot.yaml__noplot__servebox,"{""--ablation"": ""none"", ""--ball-speed"": 7, ""--limits-config"": ""configs/real_robot.yaml"", ""--no-plot"": null, ""--serve-box"": null}",224,True,passive,0.113582,1.92166,0.093516,60.0,0.0,0.97,1.0,1.3,15.0,0.113582,0.103,2.99,
exp17i_limits_ablation,ablationnone__ballspeed7__limitsconfigconfigs_real_robot.yaml__noplot__servebox,"{""--ablation"": ""none"", ""--ball-speed"": 7, ""--limits-config"": ""configs/real_robot.yaml"", ""--no-plot"": null, ""--serve-box"": null}",228,False,miss,0.321772,1.935578,0.169511,0.0,0.0,0.96,1.0,1.1,0.0,0.321772,0.0,2.96,
exp17i_limits_ablation,ablationnone__ballspeed7__limitsconfigconfigs_real_robot.yaml__noplot__servebox,"{""--ablation"": ""none"", ""--ball-speed"": 7, ""--limits-config"": ""configs/real_robot.yaml"", ""--no-plot"": null, ""--serve-box"": null}",239,True,active,0.097073,1.981085,0.057946,5.0,0.0,1.0,1.0,0.8,15.0,0.097073,0.68,1.54,
exp17i_limits_ablation,ablationnone__ballspeed7__limitsconfigconfigs_real_robot.yaml__noplot__servebox,"{""--ablation"": ""none"", ""--ball-speed"": 7, ""--limits-config"": ""configs/real_robot.yaml"", ""--no-plot"": null, ""--serve-box"": null}",233,False,miss,0.289775,1.939525,0.12116,0.0,0.0,1.0,1.0,1.0,0.0,0.289775,0.0,3.1,
exp17i_limits_ablation,ablationnone__ballspeed7__limitsconfigconfigs_real_robot.yaml__noplot__servebox,"{""--ablation"": ""none"", ""--ball-speed"": 7, ""--limits-config"": ""configs/real_robot.yaml"", ""--no-plot"": null, ""--serve-box"": null}",242,False,miss,0.305622,1.953887,0.138964,30.0,0.0,1.0,1.0,1.1,0.0,0.305622,0.0,1.51,
exp17i_limits_ablation,ablationnone__ballspeed7__limitsconfigconfigs_real_robot.yaml__noplot__servebox,"{""--ablation"": ""none"", ""--ball-speed"": 7, ""--limits-config"": ""configs/real_robot.yaml"", ""--no-plot"": null, ""--serve-box"": null}",229,True,active,0.109431,1.935248,0.109097,45.0,0.0,1.0,1.0,1.1,15.0,0.109431,0.965,3.36,
exp17i_limits_ablation,ablationnone__ballspeed7__limitsconfigconfigs_real_robot.yaml__noplot__servebox,"{""--ablation"": ""none"", ""--ball-speed"": 7, ""--limits-config"": ""configs/real_robot.yaml"", ""--no-plot"": null, ""--serve-box"": null}",254,,,,,,,,,,,,,,0.21,no_result
exp17i_limits_ablation,ablationnone__ballspeed7__limitsconfigconfigs_real_robot.yaml__noplot__servebox,"{""--ablation"": ""none"", ""--ball-speed"": 7, ""--limits-config"": ""configs/real_robot.yaml"", ""--no-plot"": null, ""--serve-box"": null}",241,True,active,0.075195,1.938574,0.061988,0.0,0.0,0.94,0.99,1.0,15.0,0.075195,0.895,2.15,
exp17i_limits_ablation,ablationnone__ballspeed7__limitsconfigconfigs_real_robot.yaml__noplot__servebox,"{""--ablation"": ""none"", ""--ball-speed"": 7, ""--limits-config"": ""configs/real_robot.yaml"", ""--no-plot"": null, ""--serve-box"": null}",244,False,miss,0.246051,1.904888,0.16163,0.0,0.0,1.0,0.99,1.1,0.0,0.246051,0.0,1.79,
exp17i_limits_ablation,ablationnone__ballspeed7__limitsconfigconfigs_real_robot.yaml__noplot__servebox,"{""--ablation"": ""none"", ""--ball-speed"": 7, ""--limits-config"": ""configs/real_robot.yaml"", ""--no-plot"": null, ""--serve-box"": null}",246,False,miss,0.358906,1.953842,0.150596,30.0,0.0,1.0,1.0,1.3,0.0,0.358906,0.0,1.63,
exp17i_limits_ablation,ablationnone__ballspeed7__limitsconfigconfigs_real_robot.yaml__noplot__servebox,"{""--ablation"": ""none"", ""--ball-speed"": 7, ""--limits-config"": ""configs/real_robot.yaml"", ""--no-plot"": null, ""--serve-box"": null}",238,True,active,0.108519,1.911158,0.061519,60.0,0.0,1.0,0.99,1.3,15.0,0.108519,0.945,2.87,
exp17i_limits_ablation,ablationnone__ballspeed7__limitsconfigconfigs_real_robot.yaml__noplot__servebox,"{""--ablation"": ""none"", ""--ball-speed"": 7, ""--limits-config"": ""configs/real_robot.yaml"", ""--no-plot"": null, ""--serve-box"": null}",231,False,miss,0.495333,1.667391,0.345466,0.0,0.0,0.68,0.44,0.5,0.0,0.495333,0.0,3.76,
exp17i_limits_ablation,ablationnone__ballspeed7__limitsconfigconfigs_real_robot.yaml__noplot__servebox,"{""--ablation"": ""none"", ""--ball-speed"": 7, ""--limits-config"": ""configs/real_robot.yaml"", ""--no-plot"": null, ""--serve-box"": null}",240,False,miss,0.331102,1.933544,0.142751,30.0,0.0,0.99,0.99,1.2,0.0,0.331102,0.0,2.55,
exp17i_limits_ablation,ablationnone__ballspeed7__limitsconfigconfigs_real_robot.yaml__noplot__servebox,"{""--ablation"": ""none"", ""--ball-speed"": 7, ""--limits-config"": ""configs/real_robot.yaml"", ""--no-plot"": null, ""--serve-box"": null}",247,False,miss,0.334483,1.933818,0.132795,0.0,0.0,0.99,0.99,1.1,0.0,0.334483,0.0,1.79,
exp17i_limits_ablation,ablationnone__ballspeed7__limitsconfigconfigs_real_robot.yaml__noplot__servebox,"{""--ablation"": ""none"", ""--ball-speed"": 7, ""--limits-config"": ""configs/real_robot.yaml"", ""--no-plot"": null, ""--serve-box"": null}",243,True,active,0.104526,1.899991,0.042967,0.0,0.0,0.99,0.99,1.1,15.0,0.104526,0.962,2.52,
exp17i_limits_ablation,ablationnone__ballspeed7__limitsconfigconfigs_real_robot.yaml__noplot__servebox,"{""--ablation"": ""none"", ""--ball-speed"": 7, ""--limits-config"": ""configs/real_robot.yaml"", ""--no-plot"": null, ""--serve-box"": null}",251,True,active,0.070471,1.948004,0.066339,60.0,0.0,1.0,1.0,1.3,10.0,0.070471,0.597,1.55,
exp17i_limits_ablation,ablationnone__ballspeed7__limitsconfigconfigs_real_robot.yaml__noplot__servebox,"{""--ablation"": ""none"", ""--ball-speed"": 7, ""--limits-config"": ""configs/real_robot.yaml"", ""--no-plot"": null, ""--serve-box"": null}",249,False,miss,0.298313,1.925932,0.133608,25.0,0.0,1.0,1.0,1.4,0.0,0.298313,0.0,2.28,
exp17i_limits_ablation,ablationnone__ballspeed7__limitsconfigconfigs_real_robot.yaml__noplot__servebox,"{""--ablation"": ""none"", ""--ball-speed"": 7, ""--limits-config"": ""configs/real_robot.yaml"", ""--no-plot"": null, ""--serve-box"": null}",252,True,active,0.139627,1.912663,0.125485,45.0,0.0,1.0,0.99,1.5,20.0,0.139627,0.912,1.6,
exp17i_limits_ablation,ablationnone__ballspeed7__limitsconfigconfigs_real_robot.yaml__noplot__servebox,"{""--ablation"": ""none"", ""--ball-speed"": 7, ""--limits-config"": ""configs/real_robot.yaml"", ""--no-plot"": null, ""--serve-box"": null}",248,False,miss,0.478521,1.742874,0.339328,0.0,0.0,0.45,0.47,0.4,0.0,0.478521,0.0,2.53,
exp17i_limits_ablation,ablationnone__ballspeed7__limitsconfigconfigs_real_robot.yaml__noplot__servebox,"{""--ablation"": ""none"", ""--ball-speed"": 7, ""--limits-config"": ""configs/real_robot.yaml"", ""--no-plot"": null, ""--serve-box"": null}",250,False,miss,0.349742,1.942734,0.11539,20.0,0.0,1.0,0.97,1.1,0.0,0.349742,0.0,2.08,
exp17i_limits_ablation,ablationnone__ballspeed7__limitsconfigconfigs_real_robot.yaml__noplot__servebox,"{""--ablation"": ""none"", ""--ball-speed"": 7, ""--limits-config"": ""configs/real_robot.yaml"", ""--no-plot"": null, ""--serve-box"": null}",245,False,miss,0.292647,1.923252,0.134791,0.0,0.0,0.99,0.98,1.1,0.0,0.292647,0.0,2.89,
exp17i_limits_ablation,ablationnone__ballspeed7__limitsconfigconfigs_real_robot.yaml__noplot__servebox,"{""--ablation"": ""none"", ""--ball-speed"": 7, ""--limits-config"": ""configs/real_robot.yaml"", ""--no-plot"": null, ""--serve-box"": null}",255,False,miss,0.348362,1.926035,0.169772,20.0,0.0,1.0,1.0,1.3,0.0,0.348362,0.0,1.82,
exp17i_limits_ablation,ablationnone__ballspeed7__limitsconfigconfigs_real_robot.yaml__noplot__servebox,"{""--ablation"": ""none"", ""--ball-speed"": 7, ""--limits-config"": ""configs/real_robot.yaml"", ""--no-plot"": null, ""--serve-box"": null}",257,False,miss,0.305046,1.937498,0.159042,25.0,0.0,0.99,0.98,1.2,0.0,0.305046,0.0,1.74,
exp17i_limits_ablation,ablationnone__ballspeed7__limitsconfigconfigs_real_robot.yaml__noplot__servebox,"{""--ablation"": ""none"", ""--ball-speed"": 7, ""--limits-config"": ""configs/real_robot.yaml"", ""--no-plot"": null, ""--serve-box"": null}",261,False,miss,0.331889,1.938252,0.153954,25.0,0.0,1.01,0.99,1.3,0.0,0.331889,0.0,2.06,
exp17i_limits_ablation,ablationnone__ballspeed7__limitsconfigconfigs_real_robot.yaml__noplot__servebox,"{""--ablation"": ""none"", ""--ball-speed"": 7, ""--limits-config"": ""configs/real_robot.yaml"", ""--no-plot"": null, ""--serve-box"": null}",256,False,miss,0.29846,1.940753,0.116909,0.0,0.0,0.99,1.0,0.9,0.0,0.29846,0.0,2.53,
exp17i_limits_ablation,ablationnone__ballspeed7__limitsconfigconfigs_real_robot.yaml__noplot__servebox,"{""--ablation"": ""none"", ""--ball-speed"": 7, ""--limits-config"": ""configs/real_robot.yaml"", ""--no-plot"": null, ""--serve-box"": null}",260,True,active,0.099031,1.965611,0.085396,50.0,0.0,0.99,1.0,1.0,15.0,0.099031,0.899,2.3,
exp17i_limits_ablation,ablationnone__ballspeed7__limitsconfigconfigs_real_robot.yaml__noplot__servebox,"{""--ablation"": ""none"", ""--ball-speed"": 7, ""--limits-config"": ""configs/real_robot.yaml"", ""--no-plot"": null, ""--serve-box"": null}",262,False,miss,0.345498,1.94475,0.240009,0.0,0.0,1.0,1.0,0.9,0.0,0.345498,0.0,2.01,
exp17i_limits_ablation,ablationnone__ballspeed7__limitsconfigconfigs_real_robot.yaml__noplot__servebox,"{""--ablation"": ""none"", ""--ball-speed"": 7, ""--limits-config"": ""configs/real_robot.yaml"", ""--no-plot"": null, ""--serve-box"": null}",263,True,active,0.080678,1.970806,0.07071,50.0,0.0,1.0,0.99,1.0,15.0,0.080678,0.945,1.86,
exp17i_limits_ablation,ablationnone__ballspeed7__limitsconfigconfigs_real_robot.yaml__noplot__servebox,"{""--ablation"": ""none"", ""--ball-speed"": 7, ""--limits-config"": ""configs/real_robot.yaml"", ""--no-plot"": null, ""--serve-box"": null}",274,,,,,,,,,,,,,,0.22,no_result
exp17i_limits_ablation,ablationnone__ballspeed7__limitsconfigconfigs_real_robot.yaml__noplot__servebox,"{""--ablation"": ""none"", ""--ball-speed"": 7, ""--limits-config"": ""configs/real_robot.yaml"", ""--no-plot"": null, ""--serve-box"": null}",267,False,miss,0.32206,1.918428,0.119556,0.0,0.0,1.0,0.99,1.1,0.0,0.32206,0.0,1.57,
exp17i_limits_ablation,ablationnone__ballspeed7__limitsconfigconfigs_real_robot.yaml__noplot__servebox,"{""--ablation"": ""none"", ""--ball-speed"": 7, ""--limits-config"": ""configs/real_robot.yaml"", ""--no-plot"": null, ""--serve-box"": null}",253,True,active,0.065202,1.942359,0.057911,0.0,0.0,0.99,0.99,1.0,15.0,0.065202,0.543,3.16,
exp17i_limits_ablation,ablationnone__ballspeed7__limitsconfigconfigs_real_robot.yaml__noplot__servebox,"{""--ablation"": ""none"", ""--ball-speed"": 7, ""--limits-config"": ""configs/real_robot.yaml"", ""--no-plot"": null, ""--serve-box"": null}",259,False,miss,0.295483,1.917077,0.132942,40.0,0.0,1.0,1.0,1.2,0.0,0.295483,0.0,2.73,
exp17i_limits_ablation,ablationnone__ballspeed7__limitsconfigconfigs_real_robot.yaml__noplot__servebox,"{""--ablation"": ""none"", ""--ball-speed"": 7, ""--limits-config"": ""configs/real_robot.yaml"", ""--no-plot"": null, ""--serve-box"": null}",265,True,active,0.063029,1.953364,0.059072,50.0,0.0,1.0,0.99,1.2,0.0,0.063029,0.577,1.82,
exp17i_limits_ablation,ablationnone__ballspeed7__limitsconfigconfigs_real_robot.yaml__noplot__servebox,"{""--ablation"": ""none"", ""--ball-speed"": 7, ""--limits-config"": ""configs/real_robot.yaml"", ""--no-plot"": null, ""--serve-box"": null}",268,False,miss,0.296854,1.947338,0.141506,35.0,0.0,1.0,0.98,1.1,0.0,0.296854,0.0,1.76,
exp17i_limits_ablation,ablationnone__ballspeed7__limitsconfigconfigs_real_robot.yaml__noplot__servebox,"{""--ablation"": ""none"", ""--ball-speed"": 7, ""--limits-config"": ""configs/real_robot.yaml"", ""--no-plot"": null, ""--serve-box"": null}",269,True,active,0.099118,1.917782,0.046094,0.0,0.0,0.95,1.0,1.1,10.0,0.099118,0.844,1.97,
exp17i_limits_ablation,ablationnone__ballspeed7__limitsconfigconfigs_real_robot.yaml__noplot__servebox,"{""--ablation"": ""none"", ""--ball-speed"": 7, ""--limits-config"": ""configs/real_robot.yaml"", ""--no-plot"": null, ""--serve-box"": null}",270,False,miss,0.307455,1.934916,0.107389,0.0,0.0,1.0,0.98,0.9,0.0,0.307455,0.0,1.78,
exp17i_limits_ablation,ablationnone__ballspeed7__limitsconfigconfigs_real_robot.yaml__noplot__servebox,"{""--ablation"": ""none"", ""--ball-speed"": 7, ""--limits-config"": ""configs/real_robot.yaml"", ""--no-plot"": null, ""--serve-box"": null}",271,True,active,0.104658,1.945502,0.052149,0.0,0.0,1.0,1.0,0.8,15.0,0.104658,0.957,1.75,
exp17i_limits_ablation,ablationnone__ballspeed7__limitsconfigconfigs_real_robot.yaml__noplot__servebox,"{""--ablation"": ""none"", ""--ball-speed"": 7, ""--limits-config"": ""configs/real_robot.yaml"", ""--no-plot"": null, ""--serve-box"": null}",264,True,active,0.090484,1.959704,0.045141,0.0,0.0,0.98,0.99,1.0,15.0,0.090484,0.935,2.85,
exp17i_limits_ablation,ablationnone__ballspeed7__limitsconfigconfigs_real_robot.yaml__noplot__servebox,"{""--ablation"": ""none"", ""--ball-speed"": 7, ""--limits-config"": ""configs/real_robot.yaml"", ""--no-plot"": null, ""--serve-box"": null}",258,True,active,0.107978,1.944484,0.055847,60.0,0.0,0.97,0.99,0.9,15.0,0.107978,0.841,3.69,
exp17i_limits_ablation,ablationnone__ballspeed7__limitsconfigconfigs_real_robot.yaml__noplot__servebox,"{""--ablation"": ""none"", ""--ball-speed"": 7, ""--limits-config"": ""configs/real_robot.yaml"", ""--no-plot"": null, ""--serve-box"": null}",266,True,active,0.114154,1.944674,0.114154,40.0,0.0,1.0,1.0,1.2,10.0,0.114154,0.446,2.74,
exp17i_limits_ablation,ablationnone__ballspeed7__limitsconfigconfigs_real_robot.yaml__noplot__servebox,"{""--ablation"": ""none"", ""--ball-speed"": 7, ""--limits-config"": ""configs/real_robot.yaml"", ""--no-plot"": null, ""--serve-box"": null}",272,True,active,0.091525,1.94728,0.079269,35.0,0.0,1.0,1.0,1.2,20.0,0.091525,0.646,1.66,
exp17i_limits_ablation,ablationnone__ballspeed7__limitsconfigconfigs_real_robot.yaml__noplot__servebox,"{""--ablation"": ""none"", ""--ball-speed"": 7, ""--limits-config"": ""configs/real_robot.yaml"", ""--no-plot"": null, ""--serve-box"": null}",275,False,miss,0.287358,1.940235,0.137079,0.0,0.0,0.97,1.0,1.0,0.0,0.287358,0.0,1.64,
exp17i_limits_ablation,ablationnone__ballspeed7__limitsconfigconfigs_real_robot.yaml__noplot__servebox,"{""--ablation"": ""none"", ""--ball-speed"": 7, ""--limits-config"": ""configs/real_robot.yaml"", ""--no-plot"": null, ""--serve-box"": null}",278,False,miss,0.297499,1.952534,0.102013,0.0,0.0,1.0,1.0,1.0,0.0,0.297499,0.0,1.51,
exp17i_limits_ablation,ablationnone__ballspeed7__limitsconfigconfigs_real_robot.yaml__noplot__servebox,"{""--ablation"": ""none"", ""--ball-speed"": 7, ""--limits-config"": ""configs/real_robot.yaml"", ""--no-plot"": null, ""--serve-box"": null}",276,False,miss,0.384944,1.941784,0.174592,15.0,0.0,1.0,1.0,1.3,0.0,0.384944,0.0,1.76,
exp17i_limits_ablation,ablationnone__ballspeed7__limitsconfigconfigs_real_robot.yaml__noplot__servebox,"{""--ablation"": ""none"", ""--ball-speed"": 7, ""--limits-config"": ""configs/real_robot.yaml"", ""--no-plot"": null, ""--serve-box"": null}",280,True,active,0.101093,1.925722,0.037432,0.0,0.0,1.0,0.93,1.2,25.0,0.101093,0.972,1.48,
exp17i_limits_ablation,ablationnone__ballspeed7__limitsconfigconfigs_real_robot.yaml__noplot__servebox,"{""--ablation"": ""none"", ""--ball-speed"": 7, ""--limits-config"": ""configs/real_robot.yaml"", ""--no-plot"": null, ""--serve-box"": null}",281,True,active,0.081125,1.94184,0.069269,15.0,0.0,1.0,0.98,1.2,20.0,0.081125,0.709,1.52,
exp17i_limits_ablation,ablationnone__ballspeed7__limitsconfigconfigs_real_robot.yaml__noplot__servebox,"{""--ablation"": ""none"", ""--ball-speed"": 7, ""--limits-config"": ""configs/real_robot.yaml"", ""--no-plot"": null, ""--serve-box"": null}",279,False,miss,0.30202,1.974394,0.126185,0.0,0.0,0.99,1.0,0.8,0.0,0.30202,0.0,1.84,
exp17i_limits_ablation,ablationnone__ballspeed7__limitsconfigconfigs_real_robot.yaml__noplot__servebox,"{""--ablation"": ""none"", ""--ball-speed"": 7, ""--limits-config"": ""configs/real_robot.yaml"", ""--no-plot"": null, ""--serve-box"": null}",277,True,active,0.115237,1.930739,0.102396,45.0,0.0,1.0,0.99,1.2,20.0,0.115237,0.809,2.62,
exp17i_limits_ablation,ablationnone__ballspeed7__limitsconfigconfigs_real_robot.yaml__noplot__servebox,"{""--ablation"": ""none"", ""--ball-speed"": 7, ""--limits-config"": ""configs/real_robot.yaml"", ""--no-plot"": null, ""--serve-box"": null}",288,False,miss,0.352543,1.934465,0.150025,0.0,0.0,0.99,0.99,1.2,0.0,0.352543,0.0,1.5,
exp17i_limits_ablation,ablationnone__ballspeed7__limitsconfigconfigs_real_robot.yaml__noplot__servebox,"{""--ablation"": ""none"", ""--ball-speed"": 7, ""--limits-config"": ""configs/real_robot.yaml"", ""--no-plot"": null, ""--serve-box"": null}",287,False,miss,0.395967,1.882245,0.325079,0.0,0.0,0.99,0.98,1.2,0.0,0.395967,0.0,1.81,
exp17i_limits_ablation,ablationnone__ballspeed7__limitsconfigconfigs_real_robot.yaml__noplot__servebox,"{""--ablation"": ""none"", ""--ball-speed"": 7, ""--limits-config"": ""configs/real_robot.yaml"", ""--no-plot"": null, ""--serve-box"": null}",289,False,miss,0.323419,1.947545,0.104983,0.0,0.0,1.0,1.0,1.3,0.0,0.323419,0.0,1.63,
exp17i_limits_ablation,ablationnone__ballspeed7__limitsconfigconfigs_real_robot.yaml__noplot__servebox,"{""--ablation"": ""none"", ""--ball-speed"": 7, ""--limits-config"": ""configs/real_robot.yaml"", ""--no-plot"": null, ""--serve-box"": null}",273,False,miss,0.303437,1.912468,0.118195,0.0,0.0,1.0,1.0,1.2,0.0,0.303437,0.0,3.22,
exp17i_limits_ablation,ablationnone__ballspeed7__limitsconfigconfigs_real_robot.yaml__noplot__servebox,"{""--ablation"": ""none"", ""--ball-speed"": 7, ""--limits-config"": ""configs/real_robot.yaml"", ""--no-plot"": null, ""--serve-box"": null}",292,False,miss,0.315606,1.911765,0.113407,0.0,0.0,1.0,0.99,1.1,0.0,0.315606,0.0,1.44,
exp17i_limits_ablation,ablationnone__ballspeed7__limitsconfigconfigs_real_robot.yaml__noplot__servebox,"{""--ablation"": ""none"", ""--ball-speed"": 7, ""--limits-config"": ""configs/real_robot.yaml"", ""--no-plot"": null, ""--serve-box"": null}",283,False,miss,0.312127,1.935792,0.12859,0.0,0.0,1.0,1.0,1.1,0.0,0.312127,0.0,2.55,
exp17i_limits_ablation,ablationnone__ballspeed7__limitsconfigconfigs_real_robot.yaml__noplot__servebox,"{""--ablation"": ""none"", ""--ball-speed"": 7, ""--limits-config"": ""configs/real_robot.yaml"", ""--no-plot"": null, ""--serve-box"": null}",282,True,active,0.11058,1.953889,0.072996,70.0,0.0,1.0,0.98,0.9,5.0,0.11058,0.66,3.07,
exp17i_limits_ablation,ablationnone__ballspeed7__limitsconfigconfigs_real_robot.yaml__noplot__servebox,"{""--ablation"": ""none"", ""--ball-speed"": 7, ""--limits-config"": ""configs/real_robot.yaml"", ""--no-plot"": null, ""--serve-box"": null}",291,False,miss,0.478795,1.74915,0.401842,0.0,0.0,0.21,0.49,0.2,0.0,0.478795,0.0,1.81,
exp17i_limits_ablation,ablationnone__ballspeed7__limitsconfigconfigs_real_robot.yaml__noplot__servebox,"{""--ablation"": ""none"", ""--ball-speed"": 7, ""--limits-config"": ""configs/real_robot.yaml"", ""--no-plot"": null, ""--serve-box"": null}",293,True,active,0.08978,1.941732,0.08978,40.0,0.0,1.0,1.0,1.1,5.0,0.08978,0.614,1.79,
exp17i_limits_ablation,ablationnone__ballspeed7__limitsconfigconfigs_real_robot.yaml__noplot__servebox,"{""--ablation"": ""none"", ""--ball-speed"": 7, ""--limits-config"": ""configs/real_robot.yaml"", ""--no-plot"": null, ""--serve-box"": null}",290,False,miss,0.318133,1.928761,0.195385,0.0,0.0,1.0,1.0,1.2,0.0,0.318133,0.0,2.07,
exp17i_limits_ablation,ablationnone__ballspeed7__limitsconfigconfigs_real_robot.yaml__noplot__servebox,"{""--ablation"": ""none"", ""--ball-speed"": 7, ""--limits-config"": ""configs/real_robot.yaml"", ""--no-plot"": null, ""--serve-box"": null}",284,True,active,0.09371,1.921907,0.037891,0.0,0.0,0.99,1.0,1.0,10.0,0.09371,0.989,3.05,
exp17i_limits_ablation,ablationnone__ballspeed7__limitsconfigconfigs_real_robot.yaml__noplot__servebox,"{""--ablation"": ""none"", ""--ball-speed"": 7, ""--limits-config"": ""configs/real_robot.yaml"", ""--no-plot"": null, ""--serve-box"": null}",285,True,active,0.119878,1.953272,0.116818,45.0,0.0,0.99,1.0,1.0,10.0,0.119878,0.447,3.05,
exp17i_limits_ablation,ablationnone__ballspeed7__limitsconfigconfigs_real_robot.yaml__noplot__servebox,"{""--ablation"": ""none"", ""--ball-speed"": 7, ""--limits-config"": ""configs/real_robot.yaml"", ""--no-plot"": null, ""--serve-box"": null}",286,True,active,0.133992,1.957841,0.128865,40.0,0.0,1.0,0.99,1.2,15.0,0.133992,0.726,3.41,
exp17i_limits_ablation,ablationnone__ballspeed7__limitsconfigconfigs_real_robot.yaml__noplot__servebox,"{""--ablation"": ""none"", ""--ball-speed"": 7, ""--limits-config"": ""configs/real_robot.yaml"", ""--no-plot"": null, ""--serve-box"": null}",295,False,miss,0.44022,1.751754,0.355054,0.0,0.0,1.0,0.46,0.7,0.0,0.44022,0.0,2.34,
exp17i_limits_ablation,ablationnone__ballspeed7__limitsconfigconfigs_real_robot.yaml__noplot__servebox,"{""--ablation"": ""none"", ""--ball-speed"": 7, ""--limits-config"": ""configs/real_robot.yaml"", ""--no-plot"": null, ""--serve-box"": null}",296,False,miss,0.369828,1.90434,0.163956,0.0,0.0,1.0,0.99,1.8,0.0,0.369828,0.0,1.72,
exp17i_limits_ablation,ablationnone__ballspeed7__limitsconfigconfigs_real_robot.yaml__noplot__servebox,"{""--ablation"": ""none"", ""--ball-speed"": 7, ""--limits-config"": ""configs/real_robot.yaml"", ""--no-plot"": null, ""--serve-box"": null}",297,True,active,0.084093,1.947708,0.083338,45.0,0.0,1.0,1.0,1.0,10.0,0.084093,0.964,1.73,
exp17i_limits_ablation,ablationnone__ballspeed7__limitsconfigconfigs_real_robot.yaml__noplot__servebox,"{""--ablation"": ""none"", ""--ball-speed"": 7, ""--limits-config"": ""configs/real_robot.yaml"", ""--no-plot"": null, ""--serve-box"": null}",301,True,active,0.078687,1.942672,0.078687,45.0,0.0,1.0,1.0,1.2,15.0,0.078687,0.61,1.53,
exp17i_limits_ablation,ablationnone__ballspeed7__limitsconfigconfigs_real_robot.yaml__noplot__servebox,"{""--ablation"": ""none"", ""--ball-speed"": 7, ""--limits-config"": ""configs/real_robot.yaml"", ""--no-plot"": null, ""--serve-box"": null}",302,False,miss,0.314237,1.94915,0.104722,0.0,0.0,0.99,0.99,1.1,0.0,0.314237,0.0,1.54,
exp17i_limits_ablation,ablationnone__ballspeed7__limitsconfigconfigs_real_robot.yaml__noplot__servebox,"{""--ablation"": ""none"", ""--ball-speed"": 7, ""--limits-config"": ""configs/real_robot.yaml"", ""--no-plot"": null, ""--serve-box"": null}",299,True,active,0.126645,1.946697,0.10372,50.0,0.0,1.0,1.0,1.3,15.0,0.126645,0.83,1.79,
exp17i_limits_ablation,ablationnone__ballspeed7__limitsconfigconfigs_real_robot.yaml__noplot__servebox,"{""--ablation"": ""none"", ""--ball-speed"": 7, ""--limits-config"": ""configs/real_robot.yaml"", ""--no-plot"": null, ""--serve-box"": null}",304,False,miss,0.325711,1.909203,0.136063,0.0,0.0,1.0,1.0,1.2,0.0,0.325711,0.0,1.52,
exp17i_limits_ablation,ablationnone__ballspeed7__limitsconfigconfigs_real_robot.yaml__noplot__servebox,"{""--ablation"": ""none"", ""--ball-speed"": 7, ""--limits-config"": ""configs/real_robot.yaml"", ""--no-plot"": null, ""--serve-box"": null}",294,False,miss,0.323098,1.921797,0.108079,0.0,0.0,1.0,1.0,1.0,0.0,0.323098,0.0,3.26,
exp17i_limits_ablation,ablationnone__ballspeed7__limitsconfigconfigs_real_robot.yaml__noplot__servebox,"{""--ablation"": ""none"", ""--ball-speed"": 7, ""--limits-config"": ""configs/real_robot.yaml"", ""--no-plot"": null, ""--serve-box"": null}",303,False,miss,0.479693,1.745434,0.37324,0.0,0.0,0.26,0.45,0.2,0.0,0.479693,0.0,1.83,
exp17i_limits_ablation,ablationnone__ballspeed7__limitsconfigconfigs_real_robot.yaml__noplot__servebox,"{""--ablation"": ""none"", ""--ball-speed"": 7, ""--limits-config"": ""configs/real_robot.yaml"", ""--no-plot"": null, ""--serve-box"": null}",300,True,active,0.123568,1.940611,0.108923,50.0,0.0,1.0,0.98,1.1,15.0,0.123568,0.72,2.23,
exp17i_limits_ablation,ablationnone__ballspeed7__limitsconfigconfigs_real_robot.yaml__noplot__servebox,"{""--ablation"": ""none"", ""--ball-speed"": 7, ""--limits-config"": ""configs/real_robot.yaml"", ""--no-plot"": null, ""--serve-box"": null}",305,False,miss,0.318068,1.909298,0.123193,0.0,0.0,0.99,1.0,1.4,0.0,0.318068,0.0,1.77,
exp17i_limits_ablation,ablationnone__ballspeed7__limitsconfigconfigs_real_robot.yaml__noplot__servebox,"{""--ablation"": ""none"", ""--ball-speed"": 7, ""--limits-config"": ""configs/real_robot.yaml"", ""--no-plot"": null, ""--serve-box"": null}",306,True,active,0.130898,1.902117,0.123514,45.0,0.0,1.0,0.99,1.1,5.0,0.130898,0.459,1.95,
exp17i_limits_ablation,ablationnone__ballspeed7__limitsconfigconfigs_real_robot.yaml__noplot__servebox,"{""--ablation"": ""none"", ""--ball-speed"": 7, ""--limits-config"": ""configs/real_robot.yaml"", ""--no-plot"": null, ""--serve-box"": null}",310,False,miss,0.32477,1.91107,0.142429,0.0,0.0,0.99,1.0,1.3,0.0,0.32477,0.0,1.59,
exp17i_limits_ablation,ablationnone__ballspeed7__limitsconfigconfigs_real_robot.yaml__noplot__servebox,"{""--ablation"": ""none"", ""--ball-speed"": 7, ""--limits-config"": ""configs/real_robot.yaml"", ""--no-plot"": null, ""--serve-box"": null}",314,False,miss,0.33186,1.959755,0.104287,0.0,0.0,1.0,0.99,1.1,0.0,0.33186,0.0,1.44,
exp17i_limits_ablation,ablationnone__ballspeed7__limitsconfigconfigs_real_robot.yaml__noplot__servebox,"{""--ablation"": ""none"", ""--ball-speed"": 7, ""--limits-config"": ""configs/real_robot.yaml"", ""--no-plot"": null, ""--serve-box"": null}",312,True,active,0.086522,1.918865,0.059186,55.0,0.0,1.0,0.99,0.9,5.0,0.086522,0.643,1.68,
exp17i_limits_ablation,ablationnone__ballspeed7__limitsconfigconfigs_real_robot.yaml__noplot__servebox,"{""--ablation"": ""none"", ""--ball-speed"": 7, ""--limits-config"": ""configs/real_robot.yaml"", ""--no-plot"": null, ""--serve-box"": null}",313,False,miss,0.295461,1.936804,0.123711,40.0,0.0,1.0,0.99,1.3,0.0,0.295461,0.0,1.71,
exp17i_limits_ablation,ablationnone__ballspeed7__limitsconfigconfigs_real_robot.yaml__noplot__servebox,"{""--ablation"": ""none"", ""--ball-speed"": 7, ""--limits-config"": ""configs/real_robot.yaml"", ""--no-plot"": null, ""--serve-box"": null}",315,False,miss,0.330468,1.914549,0.143461,0.0,0.0,0.99,0.98,1.4,0.0,0.330468,0.0,1.67,
exp17i_limits_ablation,ablationnone__ballspeed7__limitsconfigconfigs_real_robot.yaml__noplot__servebox,"{""--ablation"": ""none"", ""--ball-speed"": 7, ""--limits-config"": ""configs/real_robot.yaml"", ""--no-plot"": null, ""--serve-box"": null}",298,False,miss,0.291832,1.918774,0.140003,35.0,0.0,1.0,0.98,1.0,0.0,0.291832,0.0,3.78,
exp17i_limits_ablation,ablationnone__ballspeed7__limitsconfigconfigs_real_robot.yaml__noplot__servebox,"{""--ablation"": ""none"", ""--ball-speed"": 7, ""--limits-config"": ""configs/real_robot.yaml"", ""--no-plot"": null, ""--serve-box"": null}",319,True,active,0.078293,1.938366,0.059551,55.0,0.0,1.0,0.99,1.1,10.0,0.078293,0.978,1.46,
exp17i_limits_ablation,ablationnone__ballspeed7__limitsconfigconfigs_real_robot.yaml__noplot__servebox,"{""--ablation"": ""none"", ""--ball-speed"": 7, ""--limits-config"": ""configs/real_robot.yaml"", ""--no-plot"": null, ""--serve-box"": null}",321,True,active,0.113009,1.938897,0.101892,45.0,0.0,1.0,1.0,1.1,15.0,0.113009,0.977,1.41,
exp17i_limits_ablation,ablationnone__ballspeed7__limitsconfigconfigs_real_robot.yaml__noplot__servebox,"{""--ablation"": ""none"", ""--ball-speed"": 7, ""--limits-config"": ""configs/real_robot.yaml"", ""--no-plot"": null, ""--serve-box"": null}",307,False,miss,0.31201,1.932334,0.130098,0.0,0.0,1.0,0.99,1.2,0.0,0.31201,0.0,3.08,
exp17i_limits_ablation,ablationnone__ballspeed7__limitsconfigconfigs_real_robot.yaml__noplot__servebox,"{""--ablation"": ""none"", ""--ball-speed"": 7, ""--limits-config"": ""configs/real_robot.yaml"", ""--no-plot"": null, ""--serve-box"": null}",318,True,active,0.089862,1.951367,0.056178,0.0,0.0,1.0,0.99,1.2,20.0,0.089862,0.96,1.75,
exp17i_limits_ablation,ablationnone__ballspeed7__limitsconfigconfigs_real_robot.yaml__noplot__servebox,"{""--ablation"": ""none"", ""--ball-speed"": 7, ""--limits-config"": ""configs/real_robot.yaml"", ""--no-plot"": null, ""--serve-box"": null}",308,False,miss,0.351156,1.889971,0.213209,0.0,0.0,1.26,0.99,1.2,0.0,0.351156,0.0,3.17,
exp17i_limits_ablation,ablationnone__ballspeed7__limitsconfigconfigs_real_robot.yaml__noplot__servebox,"{""--ablation"": ""none"", ""--ball-speed"": 7, ""--limits-config"": ""configs/real_robot.yaml"", ""--no-plot"": null, ""--serve-box"": null}",320,True,passive,0.114549,1.937127,0.089303,0.0,0.0,0.99,0.99,1.1,20.0,0.114549,0.217,1.84,
exp17i_limits_ablation,ablationnone__ballspeed7__limitsconfigconfigs_real_robot.yaml__noplot__servebox,"{""--ablation"": ""none"", ""--ball-speed"": 7, ""--limits-config"": ""configs/real_robot.yaml"", ""--no-plot"": null, ""--serve-box"": null}",311,False,miss,0.337431,1.939709,0.134656,0.0,0.0,1.0,0.99,1.1,0.0,0.337431,0.0,2.98,
exp17i_limits_ablation,ablationnone__ballspeed7__limitsconfigconfigs_real_robot.yaml__noplot__servebox,"{""--ablation"": ""none"", ""--ball-speed"": 7, ""--limits-config"": ""configs/real_robot.yaml"", ""--no-plot"": null, ""--serve-box"": null}",309,True,active,0.108147,1.912237,0.107511,40.0,0.0,1.0,0.99,1.4,15.0,0.108147,0.869,3.12,
exp17i_limits_ablation,ablationnone__ballspeed7__limitsconfigconfigs_real_robot.yaml__noplot__servebox,"{""--ablation"": ""none"", ""--ball-speed"": 7, ""--limits-config"": ""configs/real_robot.yaml"", ""--no-plot"": null, ""--serve-box"": null}",322,True,active,0.115888,1.948133,0.066546,65.0,0.0,0.98,1.0,1.2,5.0,0.115888,0.475,1.53,
exp17i_limits_ablation,ablationnone__ballspeed7__limitsconfigconfigs_real_robot.yaml__noplot__servebox,"{""--ablation"": ""none"", ""--ball-speed"": 7, ""--limits-config"": ""configs/real_robot.yaml"", ""--no-plot"": null, ""--serve-box"": null}",323,True,active,0.098018,1.93147,0.048818,0.0,0.0,1.0,1.0,1.2,20.0,0.098018,0.904,1.43,
exp17i_limits_ablation,ablationnone__ballspeed7__limitsconfigconfigs_real_robot.yaml__noplot__servebox,"{""--ablation"": ""none"", ""--ball-speed"": 7, ""--limits-config"": ""configs/real_robot.yaml"", ""--no-plot"": null, ""--serve-box"": null}",316,True,active,0.034847,1.951087,0.034847,50.0,0.0,1.0,1.0,1.1,10.0,0.034847,0.968,2.61,
exp17i_limits_ablation,ablationnone__ballspeed7__limitsconfigconfigs_real_robot.yaml__noplot__servebox,"{""--ablation"": ""none"", ""--ball-speed"": 7, ""--limits-config"": ""configs/real_robot.yaml"", ""--no-plot"": null, ""--serve-box"": null}",317,False,miss,0.32915,1.909891,0.144875,0.0,0.0,1.0,0.98,1.2,0.0,0.32915,0.0,2.75,
exp17i_limits_ablation,ablationnone__ballspeed7__limitsconfigconfigs_real_robot.yaml__noplot__servebox,"{""--ablation"": ""none"", ""--ball-speed"": 7, ""--limits-config"": ""configs/real_robot.yaml"", ""--no-plot"": null, ""--serve-box"": null}",328,False,miss,0.37744,1.938829,0.166926,20.0,0.0,1.0,0.97,1.5,0.0,0.37744,0.0,1.49,
exp17i_limits_ablation,ablationnone__ballspeed7__limitsconfigconfigs_real_robot.yaml__noplot__servebox,"{""--ablation"": ""none"", ""--ball-speed"": 7, ""--limits-config"": ""configs/real_robot.yaml"", ""--no-plot"": null, ""--serve-box"": null}",327,True,active,0.112937,1.911524,0.080737,60.0,0.0,1.0,1.0,1.1,10.0,0.112937,0.923,1.81,
exp17i_limits_ablation,ablationnone__ballspeed7__limitsconfigconfigs_real_robot.yaml__noplot__servebox,"{""--ablation"": ""none"", ""--ball-speed"": 7, ""--limits-config"": ""configs/real_robot.yaml"", ""--no-plot"": null, ""--serve-box"": null}",329,False,miss,0.379773,1.895643,0.299571,0.0,0.0,1.01,0.99,0.9,0.0,0.379773,0.0,1.7,
exp17i_limits_ablation,ablationnone__ballspeed7__limitsconfigconfigs_real_robot.yaml__noplot__servebox,"{""--ablation"": ""none"", ""--ball-speed"": 7, ""--limits-config"": ""configs/real_robot.yaml"", ""--no-plot"": null, ""--serve-box"": null}",330,True,active,0.096141,1.974584,0.011295,40.0,0.0,1.0,0.96,1.0,15.0,0.096141,0.971,1.69,
exp17i_limits_ablation,ablationnone__ballspeed7__limitsconfigconfigs_real_robot.yaml__noplot__servebox,"{""--ablation"": ""none"", ""--ball-speed"": 7, ""--limits-config"": ""configs/real_robot.yaml"", ""--no-plot"": null, ""--serve-box"": null}",326,True,active,0.113377,1.941723,0.051086,60.0,0.0,1.0,1.0,1.2,10.0,0.113377,0.812,2.47,
exp17i_limits_ablation,ablationnone__ballspeed7__limitsconfigconfigs_real_robot.yaml__noplot__servebox,"{""--ablation"": ""none"", ""--ball-speed"": 7, ""--limits-config"": ""configs/real_robot.yaml"", ""--no-plot"": null, ""--serve-box"": null}",325,False,miss,0.322722,1.939478,0.132796,0.0,0.0,1.0,0.97,1.1,0.0,0.322722,0.0,2.53,
exp17i_limits_ablation,ablationnone__ballspeed7__limitsconfigconfigs_real_robot.yaml__noplot__servebox,"{""--ablation"": ""none"", ""--ball-speed"": 7, ""--limits-config"": ""configs/real_robot.yaml"", ""--no-plot"": null, ""--serve-box"": null}",336,False,miss,0.299211,1.924271,0.109597,0.0,0.0,0.98,0.99,1.1,0.0,0.299211,0.0,1.45,
exp17i_limits_ablation,ablationnone__ballspeed7__limitsconfigconfigs_real_robot.yaml__noplot__servebox,"{""--ablation"": ""none"", ""--ball-speed"": 7, ""--limits-config"": ""configs/real_robot.yaml"", ""--no-plot"": null, ""--serve-box"": null}",334,True,active,0.117746,1.934644,0.10058,0.0,0.0,1.0,1.0,1.2,20.0,0.117746,0.935,1.63,
exp17i_limits_ablation,ablationnone__ballspeed7__limitsconfigconfigs_real_robot.yaml__noplot__servebox,"{""--ablation"": ""none"", ""--ball-speed"": 7, ""--limits-config"": ""configs/real_robot.yaml"", ""--no-plot"": null, ""--serve-box"": null}",337,False,miss,0.398176,1.909138,0.18589,0.0,0.0,1.0,1.0,1.4,0.0,0.398176,0.0,1.68,
exp17i_limits_ablation,ablationnone__ballspeed7__limitsconfigconfigs_real_robot.yaml__noplot__servebox,"{""--ablation"": ""none"", ""--ball-speed"": 7, ""--limits-config"": ""configs/real_robot.yaml"", ""--no-plot"": null, ""--serve-box"": null}",324,False,miss,0.313256,1.945764,0.139747,0.0,0.0,0.99,0.98,1.2,0.0,0.313256,0.0,3.03,
exp17i_limits_ablation,ablationnone__ballspeed7__limitsconfigconfigs_real_robot.yaml__noplot__servebox,"{""--ablation"": ""none"", ""--ball-speed"": 7, ""--limits-config"": ""configs/real_robot.yaml"", ""--no-plot"": null, ""--serve-box"": null}",332,False,miss,0.311252,1.934984,0.119035,0.0,0.0,0.99,0.99,1.3,0.0,0.311252,0.0,2.18,
exp17i_limits_ablation,ablationnone__ballspeed7__limitsconfigconfigs_real_robot.yaml__noplot__servebox,"{""--ablation"": ""none"", ""--ball-speed"": 7, ""--limits-config"": ""configs/real_robot.yaml"", ""--no-plot"": null, ""--serve-box"": null}",335,True,active,0.06428,1.941319,0.06428,50.0,0.0,1.0,1.0,1.0,10.0,0.06428,0.629,1.95,
exp17i_limits_ablation,ablationnone__ballspeed7__limitsconfigconfigs_real_robot.yaml__noplot__servebox,"{""--ablation"": ""none"", ""--ball-speed"": 7, ""--limits-config"": ""configs/real_robot.yaml"", ""--no-plot"": null, ""--serve-box"": null}",339,True,active,0.098865,1.926409,0.055093,0.0,0.0,0.98,1.0,1.2,15.0,0.098865,0.927,1.64,
exp17i_limits_ablation,ablationnone__ballspeed7__limitsconfigconfigs_real_robot.yaml__noplot__servebox,"{""--ablation"": ""none"", ""--ball-speed"": 7, ""--limits-config"": ""configs/real_robot.yaml"", ""--no-plot"": null, ""--serve-box"": null}",351,,,,,,,,,,,,,,0.21,no_result
exp17i_limits_ablation,ablationnone__ballspeed7__limitsconfigconfigs_real_robot.yaml__noplot__servebox,"{""--ablation"": ""none"", ""--ball-speed"": 7, ""--limits-config"": ""configs/real_robot.yaml"", ""--no-plot"": null, ""--serve-box"": null}",333,False,miss,0.360594,1.946303,0.14998,30.0,0.0,1.0,0.99,1.2,0.0,0.360594,0.0,2.83,
exp17i_limits_ablation,ablationnone__ballspeed7__limitsconfigconfigs_real_robot.yaml__noplot__servebox,"{""--ablation"": ""none"", ""--ball-speed"": 7, ""--limits-config"": ""configs/real_robot.yaml"", ""--no-plot"": null, ""--serve-box"": null}",341,True,active,0.098225,1.947063,0.030477,0.0,0.0,1.0,0.99,1.1,20.0,0.098225,0.966,1.49,
exp17i_limits_ablation,ablationnone__ballspeed7__limitsconfigconfigs_real_robot.yaml__noplot__servebox,"{""--ablation"": ""none"", ""--ball-speed"": 7, ""--limits-config"": ""configs/real_robot.yaml"", ""--no-plot"": null, ""--serve-box"": null}",331,False,miss,0.327598,1.955575,0.114935,0.0,0.0,0.99,1.0,1.0,0.0,0.327598,0.0,3.01,
exp17i_limits_ablation,ablationnone__ballspeed7__limitsconfigconfigs_real_robot.yaml__noplot__servebox,"{""--ablation"": ""none"", ""--ball-speed"": 7, ""--limits-config"": ""configs/real_robot.yaml"", ""--no-plot"": null, ""--serve-box"": null}",342,True,active,0.087151,1.936794,0.04438,0.0,0.0,1.0,0.99,1.0,20.0,0.087151,0.889,1.73,
exp17i_limits_ablation,ablationnone__ballspeed7__limitsconfigconfigs_real_robot.yaml__noplot__servebox,"{""--ablation"": ""none"", ""--ball-speed"": 7, ""--limits-config"": ""configs/real_robot.yaml"", ""--no-plot"": null, ""--serve-box"": null}",343,True,active,0.088975,1.963156,0.059346,65.0,0.0,0.99,0.98,0.8,5.0,0.088975,0.592,1.76,
exp17i_limits_ablation,ablationnone__ballspeed7__limitsconfigconfigs_real_robot.yaml__noplot__servebox,"{""--ablation"": ""none"", ""--ball-speed"": 7, ""--limits-config"": ""configs/real_robot.yaml"", ""--no-plot"": null, ""--serve-box"": null}",344,False,miss,0.317228,1.955895,0.087039,0.0,0.0,1.0,1.0,1.2,0.0,0.317228,0.0,1.67,
exp17i_limits_ablation,ablationnone__ballspeed7__limitsconfigconfigs_real_robot.yaml__noplot__servebox,"{""--ablation"": ""none"", ""--ball-speed"": 7, ""--limits-config"": ""configs/real_robot.yaml"", ""--no-plot"": null, ""--serve-box"": null}",347,True,active,0.055124,1.927547,0.055124,55.0,0.0,1.0,1.0,1.2,0.0,0.055124,0.577,1.87,
exp17i_limits_ablation,ablationnone__ballspeed7__limitsconfigconfigs_real_robot.yaml__noplot__servebox,"{""--ablation"": ""none"", ""--ball-speed"": 7, ""--limits-config"": ""configs/real_robot.yaml"", ""--no-plot"": null, ""--serve-box"": null}",349,False,miss,0.341001,1.922911,0.214804,0.0,0.0,0.99,1.0,1.0,0.0,0.341001,0.0,1.63,
exp17i_limits_ablation,ablationnone__ballspeed7__limitsconfigconfigs_real_robot.yaml__noplot__servebox,"{""--ablation"": ""none"", ""--ball-speed"": 7, ""--limits-config"": ""configs/real_robot.yaml"", ""--no-plot"": null, ""--serve-box"": null}",353,False,miss,0.320731,1.903819,0.127616,0.0,0.0,0.99,1.0,1.3,0.0,0.320731,0.0,1.5,
exp17i_limits_ablation,ablationnone__ballspeed7__limitsconfigconfigs_real_robot.yaml__noplot__servebox,"{""--ablation"": ""none"", ""--ball-speed"": 7, ""--limits-config"": ""configs/real_robot.yaml"", ""--no-plot"": null, ""--serve-box"": null}",352,False,miss,0.463853,1.746906,0.355128,0.0,0.0,0.39,0.43,0.3,0.0,0.463853,0.0,1.84,
exp17i_limits_ablation,ablationnone__ballspeed7__limitsconfigconfigs_real_robot.yaml__noplot__servebox,"{""--ablation"": ""none"", ""--ball-speed"": 7, ""--limits-config"": ""configs/real_robot.yaml"", ""--no-plot"": null, ""--serve-box"": null}",338,True,passive,0.110124,1.932868,0.044155,60.0,0.0,0.98,1.0,0.7,5.0,0.110124,0.276,3.7,
exp17i_limits_ablation,ablationnone__ballspeed7__limitsconfigconfigs_real_robot.yaml__noplot__servebox,"{""--ablation"": ""none"", ""--ball-speed"": 7, ""--limits-config"": ""configs/real_robot.yaml"", ""--no-plot"": null, ""--serve-box"": null}",340,False,miss,0.388408,1.773652,0.314579,0.0,0.0,1.0,0.57,0.7,0.0,0.388408,0.0,3.2,
exp17i_limits_ablation,ablationnone__ballspeed7__limitsconfigconfigs_real_robot.yaml__noplot__servebox,"{""--ablation"": ""none"", ""--ball-speed"": 7, ""--limits-config"": ""configs/real_robot.yaml"", ""--no-plot"": null, ""--serve-box"": null}",355,False,miss,0.311298,1.965196,0.129496,0.0,0.0,1.0,1.0,1.0,0.0,0.311298,0.0,1.47,
exp17i_limits_ablation,ablationnone__ballspeed7__limitsconfigconfigs_real_robot.yaml__noplot__servebox,"{""--ablation"": ""none"", ""--ball-speed"": 7, ""--limits-config"": ""configs/real_robot.yaml"", ""--no-plot"": null, ""--serve-box"": null}",354,True,active,0.108705,1.918889,0.095549,50.0,0.0,1.0,0.99,1.1,0.0,0.108705,0.39,1.55,
exp17i_limits_ablation,ablationnone__ballspeed7__limitsconfigconfigs_real_robot.yaml__noplot__servebox,"{""--ablation"": ""none"", ""--ball-speed"": 7, ""--limits-config"": ""configs/real_robot.yaml"", ""--no-plot"": null, ""--serve-box"": null}",356,True,active,0.08716,1.938627,0.046348,0.0,0.0,1.0,0.99,1.0,10.0,0.08716,0.979,1.89,
exp17i_limits_ablation,ablationnone__ballspeed7__limitsconfigconfigs_real_robot.yaml__noplot__servebox,"{""--ablation"": ""none"", ""--ball-speed"": 7, ""--limits-config"": ""configs/real_robot.yaml"", ""--no-plot"": null, ""--serve-box"": null}",345,False,miss,0.28717,1.927754,0.107177,45.0,0.0,1.0,0.96,1.2,0.0,0.28717,0.0,3.07,
exp17i_limits_ablation,ablationnone__ballspeed7__limitsconfigconfigs_real_robot.yaml__noplot__servebox,"{""--ablation"": ""none"", ""--ball-speed"": 7, ""--limits-config"": ""configs/real_robot.yaml"", ""--no-plot"": null, ""--serve-box"": null}",348,False,miss,0.356851,1.951634,0.14364,25.0,0.0,1.0,0.99,1.1,0.0,0.356851,0.0,2.77,
exp17i_limits_ablation,ablationnone__ballspeed7__limitsconfigconfigs_real_robot.yaml__noplot__servebox,"{""--ablation"": ""none"", ""--ball-speed"": 7, ""--limits-config"": ""configs/real_robot.yaml"", ""--no-plot"": null, ""--serve-box"": null}",350,False,miss,0.412369,1.931506,0.227542,0.0,0.0,0.99,0.99,1.1,0.0,0.412369,0.0,2.77,
exp17i_limits_ablation,ablationnone__ballspeed7__limitsconfigconfigs_real_robot.yaml__noplot__servebox,"{""--ablation"": ""none"", ""--ball-speed"": 7, ""--limits-config"": ""configs/real_robot.yaml"", ""--no-plot"": null, ""--serve-box"": null}",358,True,active,0.10123,1.936839,0.021618,0.0,0.0,1.0,1.0,1.3,10.0,0.10123,0.73,1.88,
exp17i_limits_ablation,ablationnone__ballspeed7__limitsconfigconfigs_real_robot.yaml__noplot__servebox,"{""--ablation"": ""none"", ""--ball-speed"": 7, ""--limits-config"": ""configs/real_robot.yaml"", ""--no-plot"": null, ""--serve-box"": null}",359,False,miss,0.309528,1.851922,0.231728,0.0,0.0,0.99,1.0,0.9,0.0,0.309528,0.0,1.77,
exp17i_limits_ablation,ablationnone__ballspeed7__limitsconfigconfigs_real_robot.yaml__noplot__servebox,"{""--ablation"": ""none"", ""--ball-speed"": 7, ""--limits-config"": ""configs/real_robot.yaml"", ""--no-plot"": null, ""--serve-box"": null}",360,True,active,0.099478,1.937417,0.095321,45.0,0.0,0.99,0.99,1.2,15.0,0.099478,0.421,1.56,
exp17i_limits_ablation,ablationnone__ballspeed7__limitsconfigconfigs_real_robot.yaml__noplot__servebox,"{""--ablation"": ""none"", ""--ball-speed"": 7, ""--limits-config"": ""configs/real_robot.yaml"", ""--no-plot"": null, ""--serve-box"": null}",357,False,miss,0.324099,1.896498,0.198668,0.0,0.0,0.93,0.98,1.3,0.0,0.324099,0.0,2.38,
exp17i_limits_ablation,ablationnone__ballspeed7__limitsconfigconfigs_real_robot.yaml__noplot__servebox,"{""--ablation"": ""none"", ""--ball-speed"": 7, ""--limits-config"": ""configs/real_robot.yaml"", ""--no-plot"": null, ""--serve-box"": null}",346,False,miss,0.40142,1.849281,0.332088,0.0,0.0,1.0,0.8,1.1,0.0,0.40142,0.0,3.82,
exp17i_limits_ablation,ablationnone__ballspeed7__limitsconfigconfigs_real_robot.yaml__noplot__servebox,"{""--ablation"": ""none"", ""--ball-speed"": 7, ""--limits-config"": ""configs/real_robot.yaml"", ""--no-plot"": null, ""--serve-box"": null}",363,True,active,0.118872,1.945517,0.105589,50.0,0.0,1.0,0.99,1.2,15.0,0.118872,0.649,1.53,
exp17i_limits_ablation,ablationnone__ballspeed7__limitsconfigconfigs_real_robot.yaml__noplot__servebox,"{""--ablation"": ""none"", ""--ball-speed"": 7, ""--limits-config"": ""configs/real_robot.yaml"", ""--no-plot"": null, ""--serve-box"": null}",365,False,miss,0.382827,1.968113,0.158434,25.0,0.0,0.99,0.99,1.1,0.0,0.382827,0.0,1.71,
exp17i_limits_ablation,ablationnone__ballspeed7__limitsconfigconfigs_real_robot.yaml__noplot__servebox,"{""--ablation"": ""none"", ""--ball-speed"": 7, ""--limits-config"": ""configs/real_robot.yaml"", ""--no-plot"": null, ""--serve-box"": null}",366,False,miss,0.327869,1.928396,0.114772,0.0,0.0,1.0,1.0,1.3,0.0,0.327869,0.0,1.71,
exp17i_limits_ablation,ablationnone__ballspeed7__limitsconfigconfigs_real_robot.yaml__noplot__servebox,"{""--ablation"": ""none"", ""--ball-speed"": 7, ""--limits-config"": ""configs/real_robot.yaml"", ""--no-plot"": null, ""--serve-box"": null}",362,False,miss,0.334284,1.926455,0.138257,30.0,0.0,0.99,1.0,1.2,0.0,0.334284,0.0,2.13,
exp17i_limits_ablation,ablationnone__ballspeed7__limitsconfigconfigs_real_robot.yaml__noplot__servebox,"{""--ablation"": ""none"", ""--ball-speed"": 7, ""--limits-config"": ""configs/real_robot.yaml"", ""--no-plot"": null, ""--serve-box"": null}",371,False,miss,0.34717,1.949377,0.13826,35.0,0.0,1.0,1.0,1.1,0.0,0.34717,0.0,1.5,
exp17i_limits_ablation,ablationnone__ballspeed7__limitsconfigconfigs_real_robot.yaml__noplot__servebox,"{""--ablation"": ""none"", ""--ball-speed"": 7, ""--limits-config"": ""configs/real_robot.yaml"", ""--no-plot"": null, ""--serve-box"": null}",370,True,active,0.100323,1.941066,0.078529,0.0,0.0,0.98,0.99,1.3,20.0,0.100323,0.942,1.55,
exp17i_limits_ablation,ablationnone__ballspeed7__limitsconfigconfigs_real_robot.yaml__noplot__servebox,"{""--ablation"": ""none"", ""--ball-speed"": 7, ""--limits-config"": ""configs/real_robot.yaml"", ""--no-plot"": null, ""--serve-box"": null}",361,False,miss,1.01406,1.762074,0.87934,0.0,0.0,23.33,24.4,28.1,0.0,1.01406,0.0,2.97,
exp17i_limits_ablation,ablationnone__ballspeed7__limitsconfigconfigs_real_robot.yaml__noplot__servebox,"{""--ablation"": ""none"", ""--ball-speed"": 7, ""--limits-config"": ""configs/real_robot.yaml"", ""--no-plot"": null, ""--serve-box"": null}",374,False,miss,0.384591,1.912729,0.139389,35.0,0.0,1.0,1.0,1.2,0.0,0.384591,0.0,1.64,
exp17i_limits_ablation,ablationnone__ballspeed7__limitsconfigconfigs_real_robot.yaml__noplot__servebox,"{""--ablation"": ""none"", ""--ball-speed"": 7, ""--limits-config"": ""configs/real_robot.yaml"", ""--no-plot"": null, ""--serve-box"": null}",376,False,miss,0.330883,1.934703,0.149034,5.0,0.0,0.99,1.0,0.9,0.0,0.330883,0.0,1.45,
exp17i_limits_ablation,ablationnone__ballspeed7__limitsconfigconfigs_real_robot.yaml__noplot__servebox,"{""--ablation"": ""none"", ""--ball-speed"": 7, ""--limits-config"": ""configs/real_robot.yaml"", ""--no-plot"": null, ""--serve-box"": null}",377,True,active,0.094318,1.929251,0.09391,45.0,0.0,0.99,1.0,1.1,15.0,0.094318,0.593,1.63,
exp17i_limits_ablation,ablationnone__ballspeed7__limitsconfigconfigs_real_robot.yaml__noplot__servebox,"{""--ablation"": ""none"", ""--ball-speed"": 7, ""--limits-config"": ""configs/real_robot.yaml"", ""--no-plot"": null, ""--serve-box"": null}",372,False,miss,0.389714,1.930953,0.169951,20.0,0.0,1.0,1.0,1.3,0.0,0.389714,0.0,2.16,
exp17i_limits_ablation,ablationnone__ballspeed7__limitsconfigconfigs_real_robot.yaml__noplot__servebox,"{""--ablation"": ""none"", ""--ball-speed"": 7, ""--limits-config"": ""configs/real_robot.yaml"", ""--no-plot"": null, ""--serve-box"": null}",375,True,active,0.061297,1.935146,0.056703,60.0,0.0,1.0,0.98,1.4,10.0,0.061297,0.729,1.89,
exp17i_limits_ablation,ablationnone__ballspeed7__limitsconfigconfigs_real_robot.yaml__noplot__servebox,"{""--ablation"": ""none"", ""--ball-speed"": 7, ""--limits-config"": ""configs/real_robot.yaml"", ""--no-plot"": null, ""--serve-box"": null}",367,True,active,0.091043,1.939963,0.04374,0.0,0.0,1.0,0.99,0.9,5.0,0.091043,0.594,3.21,
exp17i_limits_ablation,ablationnone__ballspeed7__limitsconfigconfigs_real_robot.yaml__noplot__servebox,"{""--ablation"": ""none"", ""--ball-speed"": 7, ""--limits-config"": ""configs/real_robot.yaml"", ""--no-plot"": null, ""--serve-box"": null}",379,False,miss,0.308331,1.93834,0.143145,30.0,0.0,1.0,1.0,1.3,0.0,0.308331,0.0,1.57,
exp17i_limits_ablation,ablationnone__ballspeed7__limitsconfigconfigs_real_robot.yaml__noplot__servebox,"{""--ablation"": ""none"", ""--ball-speed"": 7, ""--limits-config"": ""configs/real_robot.yaml"", ""--no-plot"": null, ""--serve-box"": null}",378,False,miss,0.298554,1.915421,0.159726,0.0,0.0,0.95,0.99,1.0,0.0,0.298554,0.0,1.69,
exp17i_limits_ablation,ablationnone__ballspeed7__limitsconfigconfigs_real_robot.yaml__noplot__servebox,"{""--ablation"": ""none"", ""--ball-speed"": 7, ""--limits-config"": ""configs/real_robot.yaml"", ""--no-plot"": null, ""--serve-box"": null}",364,False,miss,0.335483,1.898991,0.242943,0.0,0.0,0.99,0.99,1.1,0.0,0.335483,0.0,3.68,
exp17i_limits_ablation,ablationnone__ballspeed7__limitsconfigconfigs_real_robot.yaml__noplot__servebox,"{""--ablation"": ""none"", ""--ball-speed"": 7, ""--limits-config"": ""configs/real_robot.yaml"", ""--no-plot"": null, ""--serve-box"": null}",369,True,active,0.094535,1.944025,0.039035,0.0,0.0,1.0,0.95,1.2,15.0,0.094535,0.938,3.05,
exp17i_limits_ablation,ablationnone__ballspeed7__limitsconfigconfigs_real_robot.yaml__noplot__servebox,"{""--ablation"": ""none"", ""--ball-speed"": 7, ""--limits-config"": ""configs/real_robot.yaml"", ""--no-plot"": null, ""--serve-box"": null}",368,False,miss,0.337346,1.933595,0.107795,0.0,0.0,1.0,0.99,1.3,0.0,0.337346,0.0,3.16,
exp17i_limits_ablation,ablationnone__ballspeed7__limitsconfigconfigs_real_robot.yaml__noplot__servebox,"{""--ablation"": ""none"", ""--ball-speed"": 7, ""--limits-config"": ""configs/real_robot.yaml"", ""--no-plot"": null, ""--serve-box"": null}",373,False,miss,0.305345,1.899486,0.168784,0.0,0.0,0.98,0.99,1.3,0.0,0.305345,0.0,2.84,
exp17i_limits_ablation,ablationnone__ballspeed7__limitsconfigconfigs_real_robot.yaml__noplot__servebox,"{""--ablation"": ""none"", ""--ball-speed"": 7, ""--limits-config"": ""configs/real_robot.yaml"", ""--no-plot"": null, ""--serve-box"": null}",381,False,miss,0.332687,1.946186,0.15308,25.0,0.0,0.99,1.0,1.2,0.0,0.332687,0.0,1.67,
exp17i_limits_ablation,ablationnone__ballspeed7__limitsconfigconfigs_real_robot.yaml__noplot__servebox,"{""--ablation"": ""none"", ""--ball-speed"": 7, ""--limits-config"": ""configs/real_robot.yaml"", ""--no-plot"": null, ""--serve-box"": null}",383,True,passive,0.095919,1.917308,0.088267,50.0,0.0,0.98,1.0,1.4,10.0,0.095919,0.285,1.6,
exp17i_limits_ablation,ablationnone__ballspeed7__limitsconfigconfigs_real_robot.yaml__noplot__servebox,"{""--ablation"": ""none"", ""--ball-speed"": 7, ""--limits-config"": ""configs/real_robot.yaml"", ""--no-plot"": null, ""--serve-box"": null}",382,False,miss,0.368743,1.93761,0.156347,25.0,0.0,1.0,1.0,1.4,0.0,0.368743,0.0,2.28,
exp17i_limits_ablation,ablationnone__ballspeed7__limitsconfigconfigs_real_robot.yaml__noplot__servebox,"{""--ablation"": ""none"", ""--ball-speed"": 7, ""--limits-config"": ""configs/real_robot.yaml"", ""--no-plot"": null, ""--serve-box"": null}",387,True,active,0.105062,1.941831,0.096121,50.0,0.0,1.0,0.98,1.4,20.0,0.105062,0.929,1.48,
exp17i_limits_ablation,ablationnone__ballspeed7__limitsconfigconfigs_real_robot.yaml__noplot__servebox,"{""--ablation"": ""none"", ""--ball-speed"": 7, ""--limits-config"": ""configs/real_robot.yaml"", ""--no-plot"": null, ""--serve-box"": null}",384,True,active,0.090231,1.922542,0.087276,55.0,0.0,1.0,1.0,1.0,10.0,0.090231,0.487,2.01,
exp17i_limits_ablation,ablationnone__ballspeed7__limitsconfigconfigs_real_robot.yaml__noplot__servebox,"{""--ablation"": ""none"", ""--ball-speed"": 7, ""--limits-config"": ""configs/real_robot.yaml"", ""--no-plot"": null, ""--serve-box"": null}",388,True,active,0.124984,1.905028,0.120669,45.0,0.0,1.0,0.97,1.3,5.0,0.124984,0.768,1.52,
exp17i_limits_ablation,ablationnone__ballspeed7__limitsconfigconfigs_real_robot.yaml__noplot__servebox,"{""--ablation"": ""none"", ""--ball-speed"": 7, ""--limits-config"": ""configs/real_robot.yaml"", ""--no-plot"": null, ""--serve-box"": null}",390,False,miss,0.303966,1.926418,0.115588,0.0,0.0,0.99,0.99,1.0,0.0,0.303966,0.0,1.47,
exp17i_limits_ablation,ablationnone__ballspeed7__limitsconfigconfigs_real_robot.yaml__noplot__servebox,"{""--ablation"": ""none"", ""--ball-speed"": 7, ""--limits-config"": ""configs/real_robot.yaml"", ""--no-plot"": null, ""--serve-box"": null}",391,False,miss,0.294057,1.932062,0.135273,35.0,0.0,0.99,0.99,1.2,0.0,0.294057,0.0,1.53,
exp17i_limits_ablation,ablationnone__ballspeed7__limitsconfigconfigs_real_robot.yaml__noplot__servebox,"{""--ablation"": ""none"", ""--ball-speed"": 7, ""--limits-config"": ""configs/real_robot.yaml"", ""--no-plot"": null, ""--serve-box"": null}",392,True,active,0.112741,1.913753,0.0831,20.0,0.0,1.0,0.96,1.2,15.0,0.112741,0.924,1.47,
exp17i_limits_ablation,ablationnone__ballspeed7__limitsconfigconfigs_real_robot.yaml__noplot__servebox,"{""--ablation"": ""none"", ""--ball-speed"": 7, ""--limits-config"": ""configs/real_robot.yaml"", ""--no-plot"": null, ""--serve-box"": null}",380,False,miss,0.550925,1.669979,0.437914,0.0,0.0,1.0,0.44,0.7,0.0,0.550925,0.0,3.28,
exp17i_limits_ablation,ablationnone__ballspeed7__limitsconfigconfigs_real_robot.yaml__noplot__servebox,"{""--ablation"": ""none"", ""--ball-speed"": 7, ""--limits-config"": ""configs/real_robot.yaml"", ""--no-plot"": null, ""--serve-box"": null}",395,False,miss,0.35973,1.93159,0.177156,15.0,0.0,1.0,0.99,1.2,0.0,0.35973,0.0,1.52,
exp17i_limits_ablation,ablationnone__ballspeed7__limitsconfigconfigs_real_robot.yaml__noplot__servebox,"{""--ablation"": ""none"", ""--ball-speed"": 7, ""--limits-config"": ""configs/real_robot.yaml"", ""--no-plot"": null, ""--serve-box"": null}",396,True,active,0.123104,1.940218,0.116055,45.0,0.0,0.99,1.0,1.2,15.0,0.123104,0.683,1.6,
exp17i_limits_ablation,ablationnone__ballspeed7__limitsconfigconfigs_real_robot.yaml__noplot__servebox,"{""--ablation"": ""none"", ""--ball-speed"": 7, ""--limits-config"": ""configs/real_robot.yaml"", ""--no-plot"": null, ""--serve-box"": null}",385,False,miss,0.610024,1.793156,0.584402,0.0,0.0,2.23,2.14,2.1,0.0,0.610024,0.0,2.59,
exp17i_limits_ablation,ablationnone__ballspeed7__limitsconfigconfigs_real_robot.yaml__noplot__servebox,"{""--ablation"": ""none"", ""--ball-speed"": 7, ""--limits-config"": ""configs/real_robot.yaml"", ""--no-plot"": null, ""--serve-box"": null}",397,False,miss,0.318531,1.97171,0.117623,40.0,0.0,1.0,1.0,1.2,0.0,0.318531,0.0,1.67,
exp17i_limits_ablation,ablationnone__ballspeed7__limitsconfigconfigs_real_robot.yaml__noplot__servebox,"{""--ablation"": ""none"", ""--ball-speed"": 7, ""--limits-config"": ""configs/real_robot.yaml"", ""--no-plot"": null, ""--serve-box"": null}",386,False,miss,0.306224,1.954065,0.11658,0.0,0.0,0.98,1.0,1.0,0.0,0.306224,0.0,2.95,
exp17i_limits_ablation,ablationnone__ballspeed7__limitsconfigconfigs_real_robot.yaml__noplot__servebox,"{""--ablation"": ""none"", ""--ball-speed"": 7, ""--limits-config"": ""configs/real_robot.yaml"", ""--no-plot"": null, ""--serve-box"": null}",398,True,active,0.133979,1.912884,0.132054,40.0,0.0,1.0,1.0,1.3,5.0,0.133979,0.776,1.64,
exp17i_limits_ablation,ablationnone__ballspeed7__limitsconfigconfigs_real_robot.yaml__noplot__servebox,"{""--ablation"": ""none"", ""--ball-speed"": 7, ""--limits-config"": ""configs/real_robot.yaml"", ""--no-plot"": null, ""--serve-box"": null}",389,True,active,0.101895,1.899011,0.084002,0.0,0.0,0.96,1.0,1.2,15.0,0.101895,0.961,2.83,
exp17i_limits_ablation,ablationfull__ballspeed7__noplot__servebox,"{""--ablation"": ""full"", ""--ball-speed"": 7, ""--no-plot"": null, ""--serve-box"": null}",1,True,active,0.063337,1.986146,0.060244,95.0,105.0,1.77,1.0,1.6,10.0,0.063337,1.405,1.51,
exp17i_limits_ablation,ablationnone__ballspeed7__limitsconfigconfigs_real_robot.yaml__noplot__servebox,"{""--ablation"": ""none"", ""--ball-speed"": 7, ""--limits-config"": ""configs/real_robot.yaml"", ""--no-plot"": null, ""--serve-box"": null}",400,True,passive,0.114744,1.912133,0.112126,50.0,0.0,1.0,1.0,1.4,5.0,0.114744,0.238,1.69,
exp17i_limits_ablation,ablationfull__ballspeed7__noplot__servebox,"{""--ablation"": ""full"", ""--ball-speed"": 7, ""--no-plot"": null, ""--serve-box"": null}",2,True,active,0.102455,1.969225,0.098729,25.0,80.0,1.8,0.99,1.9,25.0,0.102455,1.762,1.67,
exp17i_limits_ablation,ablationfull__ballspeed7__noplot__servebox,"{""--ablation"": ""full"", ""--ball-speed"": 7, ""--no-plot"": null, ""--serve-box"": null}",4,True,active,0.138839,1.950731,0.127067,45.0,105.0,1.4,1.0,1.4,20.0,0.138839,1.302,1.54,
exp17i_limits_ablation,ablationnone__ballspeed7__limitsconfigconfigs_real_robot.yaml__noplot__servebox,"{""--ablation"": ""none"", ""--ball-speed"": 7, ""--limits-config"": ""configs/real_robot.yaml"", ""--no-plot"": null, ""--serve-box"": null}",394,False,miss,0.318516,1.918061,0.137991,0.0,0.0,0.97,1.0,1.0,0.0,0.318516,0.0,3.0,
exp17i_limits_ablation,ablationfull__ballspeed7__noplot__servebox,"{""--ablation"": ""full"", ""--ball-speed"": 7, ""--no-plot"": null, ""--serve-box"": null}",7,True,active,0.097377,1.929171,0.094438,50.0,105.0,1.59,1.0,1.6,25.0,0.097377,0.896,1.48,
exp17i_limits_ablation,ablationnone__ballspeed7__limitsconfigconfigs_real_robot.yaml__noplot__servebox,"{""--ablation"": ""none"", ""--ball-speed"": 7, ""--limits-config"": ""configs/real_robot.yaml"", ""--no-plot"": null, ""--serve-box"": null}",393,False,miss,0.326443,1.921559,0.128153,0.0,0.0,1.0,0.99,1.1,0.0,0.326443,0.0,3.24,
exp17i_limits_ablation,ablationfull__ballspeed7__noplot__servebox,"{""--ablation"": ""full"", ""--ball-speed"": 7, ""--no-plot"": null, ""--serve-box"": null}",6,True,active,0.06403,1.918489,0.059018,60.0,105.0,1.5,0.99,1.8,20.0,0.06403,1.348,1.86,
exp17i_limits_ablation,ablationfull__ballspeed7__noplot__servebox,"{""--ablation"": ""full"", ""--ball-speed"": 7, ""--no-plot"": null, ""--serve-box"": null}",8,False,miss,0.358096,1.944892,0.172004,0.0,0.0,1.37,1.0,1.6,0.0,0.358096,0.0,1.8,
exp17i_limits_ablation,ablationfull__ballspeed7__noplot__servebox,"{""--ablation"": ""full"", ""--ball-speed"": 7, ""--no-plot"": null, ""--serve-box"": null}",9,False,miss,0.330493,1.927912,0.172817,20.0,0.0,1.16,0.99,1.6,0.0,0.330493,0.0,1.52,
exp17i_limits_ablation,ablationfull__ballspeed7__noplot__servebox,"{""--ablation"": ""full"", ""--ball-speed"": 7, ""--no-plot"": null, ""--serve-box"": null}",20,,,,,,,,,,,,,,0.2,no_result
exp17i_limits_ablation,ablationfull__ballspeed7__noplot__servebox,"{""--ablation"": ""full"", ""--ball-speed"": 7, ""--no-plot"": null, ""--serve-box"": null}",21,,,,,,,,,,,,,,0.18,no_result
exp17i_limits_ablation,ablationfull__ballspeed7__noplot__servebox,"{""--ablation"": ""full"", ""--ball-speed"": 7, ""--no-plot"": null, ""--serve-box"": null}",5,True,active,0.12829,1.964744,0.12829,0.0,20.0,1.77,0.98,1.8,30.0,0.12829,1.646,2.39,
exp17i_limits_ablation,ablationfull__ballspeed7__noplot__servebox,"{""--ablation"": ""full"", ""--ball-speed"": 7, ""--no-plot"": null, ""--serve-box"": null}",11,True,active,0.118389,1.995488,0.110457,0.0,0.0,1.81,1.0,1.9,30.0,0.118389,1.364,1.57,
exp17i_limits_ablation,ablationfull__ballspeed7__noplot__servebox,"{""--ablation"": ""full"", ""--ball-speed"": 7, ""--no-plot"": null, ""--serve-box"": null}",10,True,active,0.062241,1.981583,0.062241,50.0,105.0,1.5,1.0,1.6,15.0,0.062241,1.42,1.77,
exp17i_limits_ablation,ablationfull__ballspeed7__noplot__servebox,"{""--ablation"": ""full"", ""--ball-speed"": 7, ""--no-plot"": null, ""--serve-box"": null}",3,True,active,0.109543,1.992778,0.095492,50.0,105.0,1.81,0.99,1.9,35.0,0.109543,1.465,2.91,
exp17i_limits_ablation,ablationfull__ballspeed7__noplot__servebox,"{""--ablation"": ""full"", ""--ball-speed"": 7, ""--no-plot"": null, ""--serve-box"": null}",14,True,active,0.047737,2.010868,0.047737,50.0,105.0,1.59,1.0,1.4,15.0,0.047737,1.469,1.53,
exp17i_limits_ablation,ablationfull__ballspeed7__noplot__servebox,"{""--ablation"": ""full"", ""--ball-speed"": 7, ""--no-plot"": null, ""--serve-box"": null}",27,,,,,,,,,,,,,,0.22,no_result
exp17i_limits_ablation,ablationnone__ballspeed7__limitsconfigconfigs_real_robot.yaml__noplot__servebox,"{""--ablation"": ""none"", ""--ball-speed"": 7, ""--limits-config"": ""configs/real_robot.yaml"", ""--no-plot"": null, ""--serve-box"": null}",399,False,miss,0.254896,1.925641,0.183016,0.0,0.0,1.01,1.0,1.0,0.0,0.254896,0.0,3.73,
exp17i_limits_ablation,ablationfull__ballspeed7__noplot__servebox,"{""--ablation"": ""full"", ""--ball-speed"": 7, ""--no-plot"": null, ""--serve-box"": null}",18,True,active,0.138148,1.955343,0.133205,45.0,105.0,1.76,1.0,1.5,15.0,0.138148,1.296,1.47,
exp17i_limits_ablation,ablationfull__ballspeed7__noplot__servebox,"{""--ablation"": ""full"", ""--ball-speed"": 7, ""--no-plot"": null, ""--serve-box"": null}",19,True,active,0.085417,1.970768,0.085417,45.0,85.0,1.72,0.99,1.7,25.0,0.085417,1.576,1.65,
exp17i_limits_ablation,ablationfull__ballspeed7__noplot__servebox,"{""--ablation"": ""full"", ""--ball-speed"": 7, ""--no-plot"": null, ""--serve-box"": null}",22,True,active,0.089577,1.922023,0.089577,0.0,0.0,1.68,1.0,2.2,10.0,0.089577,1.386,1.59,
exp17i_limits_ablation,ablationfull__ballspeed7__noplot__servebox,"{""--ablation"": ""full"", ""--ball-speed"": 7, ""--no-plot"": null, ""--serve-box"": null}",17,True,active,0.124511,1.976693,0.106874,45.0,100.0,1.78,0.99,2.2,20.0,0.124511,1.705,2.17,
exp17i_limits_ablation,ablationfull__ballspeed7__noplot__servebox,"{""--ablation"": ""full"", ""--ball-speed"": 7, ""--no-plot"": null, ""--serve-box"": null}",15,True,passive,0.081878,1.948164,0.081878,55.0,105.0,1.58,0.98,1.5,10.0,0.081878,0.17,2.43,
exp17i_limits_ablation,ablationfull__ballspeed7__noplot__servebox,"{""--ablation"": ""full"", ""--ball-speed"": 7, ""--no-plot"": null, ""--serve-box"": null}",23,True,active,0.069135,2.006176,0.069135,40.0,105.0,1.81,1.0,1.7,20.0,0.069135,1.768,1.62,
exp17i_limits_ablation,ablationfull__ballspeed7__noplot__servebox,"{""--ablation"": ""full"", ""--ball-speed"": 7, ""--no-plot"": null, ""--serve-box"": null}",25,True,active,0.128594,1.984513,0.116793,0.0,25.0,1.8,0.98,2.2,35.0,0.128594,1.769,1.56,
exp17i_limits_ablation,ablationfull__ballspeed7__noplot__servebox,"{""--ablation"": ""full"", ""--ball-speed"": 7, ""--no-plot"": null, ""--serve-box"": null}",24,True,active,0.125102,1.948396,0.116213,45.0,90.0,1.32,1.0,1.5,20.0,0.125102,1.104,1.71,
exp17i_limits_ablation,ablationfull__ballspeed7__noplot__servebox,"{""--ablation"": ""full"", ""--ball-speed"": 7, ""--no-plot"": null, ""--serve-box"": null}",12,True,active,0.089631,1.970173,0.089631,40.0,95.0,1.79,0.98,1.9,35.0,0.089631,1.444,2.94,
exp17i_limits_ablation,ablationfull__ballspeed7__noplot__servebox,"{""--ablation"": ""full"", ""--ball-speed"": 7, ""--no-plot"": null, ""--serve-box"": null}",13,True,active,0.122735,1.981994,0.113439,30.0,80.0,1.8,0.99,1.7,30.0,0.122735,1.726,2.88,
exp17i_limits_ablation,ablationfull__ballspeed7__noplot__servebox,"{""--ablation"": ""full"", ""--ball-speed"": 7, ""--no-plot"": null, ""--serve-box"": null}",26,True,active,0.094771,1.948063,0.09348,40.0,105.0,1.79,0.99,1.7,40.0,0.094771,1.545,1.6,
exp17i_limits_ablation,ablationfull__ballspeed7__noplot__servebox,"{""--ablation"": ""full"", ""--ball-speed"": 7, ""--no-plot"": null, ""--serve-box"": null}",16,True,active,0.101702,1.982196,0.073246,50.0,75.0,1.8,0.99,1.7,30.0,0.101702,1.362,2.74,
exp17i_limits_ablation,ablationfull__ballspeed7__noplot__servebox,"{""--ablation"": ""full"", ""--ball-speed"": 7, ""--no-plot"": null, ""--serve-box"": null}",28,True,active,0.142756,1.929098,0.122952,50.0,75.0,1.49,0.99,1.6,20.0,0.142756,1.412,1.5,
exp17i_limits_ablation,ablationfull__ballspeed7__noplot__servebox,"{""--ablation"": ""full"", ""--ball-speed"": 7, ""--no-plot"": null, ""--serve-box"": null}",33,True,active,0.087156,1.951641,0.087156,45.0,105.0,1.74,0.99,1.9,25.0,0.087156,1.417,1.49,
exp17i_limits_ablation,ablationfull__ballspeed7__noplot__servebox,"{""--ablation"": ""full"", ""--ball-speed"": 7, ""--no-plot"": null, ""--serve-box"": null}",29,True,active,0.126415,1.959417,0.124708,0.0,15.0,1.78,0.98,2.1,30.0,0.126415,1.776,2.18,
exp17i_limits_ablation,ablationfull__ballspeed7__noplot__servebox,"{""--ablation"": ""full"", ""--ball-speed"": 7, ""--no-plot"": null, ""--serve-box"": null}",35,False,miss,0.455666,1.99972,0.156579,0.0,0.0,1.8,1.0,2.0,0.0,0.455666,0.0,1.5,
exp17i_limits_ablation,ablationfull__ballspeed7__noplot__servebox,"{""--ablation"": ""full"", ""--ball-speed"": 7, ""--no-plot"": null, ""--serve-box"": null}",34,True,active,0.098825,1.983534,0.096078,45.0,105.0,1.64,0.99,1.4,20.0,0.098825,1.55,1.6,
exp17i_limits_ablation,ablationfull__ballspeed7__noplot__servebox,"{""--ablation"": ""full"", ""--ball-speed"": 7, ""--no-plot"": null, ""--serve-box"": null}",39,False,miss,0.392,1.95284,0.149923,0.0,0.0,1.78,1.0,2.1,0.0,0.392,0.0,1.48,
exp17i_limits_ablation,ablationfull__ballspeed7__noplot__servebox,"{""--ablation"": ""full"", ""--ball-speed"": 7, ""--no-plot"": null, ""--serve-box"": null}",37,False,miss,0.434161,1.929433,0.166941,20.0,0.0,1.78,0.99,1.7,0.0,0.434161,0.0,1.66,
exp17i_limits_ablation,ablationfull__ballspeed7__noplot__servebox,"{""--ablation"": ""full"", ""--ball-speed"": 7, ""--no-plot"": null, ""--serve-box"": null}",43,False,miss,0.369765,1.966008,0.154879,25.0,10.0,1.74,1.0,1.8,0.0,0.369765,0.0,1.43,
exp17i_limits_ablation,ablationfull__ballspeed7__noplot__servebox,"{""--ablation"": ""full"", ""--ball-speed"": 7, ""--no-plot"": null, ""--serve-box"": null}",42,True,active,0.118449,1.967939,0.108581,45.0,105.0,1.77,1.0,1.9,25.0,0.118449,1.486,1.57,
exp17i_limits_ablation,ablationfull__ballspeed7__noplot__servebox,"{""--ablation"": ""full"", ""--ball-speed"": 7, ""--no-plot"": null, ""--serve-box"": null}",38,False,miss,0.40259,1.971058,0.152032,25.0,0.0,1.77,1.0,1.8,0.0,0.40259,0.0,1.87,
exp17i_limits_ablation,ablationfull__ballspeed7__noplot__servebox,"{""--ablation"": ""full"", ""--ball-speed"": 7, ""--no-plot"": null, ""--serve-box"": null}",30,True,active,0.110765,1.974469,0.110765,40.0,105.0,1.79,0.98,1.9,30.0,0.110765,1.757,3.09,
exp17i_limits_ablation,ablationfull__ballspeed7__noplot__servebox,"{""--ablation"": ""full"", ""--ball-speed"": 7, ""--no-plot"": null, ""--serve-box"": null}",31,True,active,0.140328,1.978858,0.13343,40.0,50.0,1.79,1.0,1.8,20.0,0.140328,1.624,2.85,
exp17i_limits_ablation,ablationfull__ballspeed7__noplot__servebox,"{""--ablation"": ""full"", ""--ball-speed"": 7, ""--no-plot"": null, ""--serve-box"": null}",44,False,miss,0.432483,1.94984,0.148107,25.0,0.0,1.81,0.99,1.7,0.0,0.432483,0.0,1.85,
exp17i_limits_ablation,ablationfull__ballspeed7__noplot__servebox,"{""--ablation"": ""full"", ""--ball-speed"": 7, ""--no-plot"": null, ""--serve-box"": null}",32,True,active,0.072118,1.97307,0.072118,45.0,105.0,1.49,1.0,1.3,10.0,0.072118,1.423,2.92,
exp17i_limits_ablation,ablationfull__ballspeed7__noplot__servebox,"{""--ablation"": ""full"", ""--ball-speed"": 7, ""--no-plot"": null, ""--serve-box"": null}",45,True,active,0.142677,1.977684,0.137692,35.0,50.0,1.78,1.0,1.9,30.0,0.142677,1.484,1.52,
exp17i_limits_ablation,ablationfull__ballspeed7__noplot__servebox,"{""--ablation"": ""full"", ""--ball-speed"": 7, ""--no-plot"": null, ""--serve-box"": null}",46,True,active,0.131919,1.792022,0.130606,30.0,45.0,1.8,1.0,1.9,25.0,0.131919,1.797,1.58,
exp17i_limits_ablation,ablationfull__ballspeed7__noplot__servebox,"{""--ablation"": ""full"", ""--ball-speed"": 7, ""--no-plot"": null, ""--serve-box"": null}",36,True,active,0.102525,1.965262,0.102525,40.0,105.0,1.79,0.98,1.7,25.0,0.102525,1.518,2.77,
exp17i_limits_ablation,ablationfull__ballspeed7__noplot__servebox,"{""--ablation"": ""full"", ""--ball-speed"": 7, ""--no-plot"": null, ""--serve-box"": null}",47,True,active,0.02424,2.029368,0.02424,45.0,105.0,1.8,1.0,1.7,20.0,0.02424,1.309,1.5,
exp17i_limits_ablation,ablationfull__ballspeed7__noplot__servebox,"{""--ablation"": ""full"", ""--ball-speed"": 7, ""--no-plot"": null, ""--serve-box"": null}",40,True,active,0.102306,1.97941,0.102306,40.0,105.0,1.46,1.0,1.8,20.0,0.102306,1.227,2.93,
exp17i_limits_ablation,ablationfull__ballspeed7__noplot__servebox,"{""--ablation"": ""full"", ""--ball-speed"": 7, ""--no-plot"": null, ""--serve-box"": null}",49,True,active,0.110307,1.983777,0.110307,40.0,105.0,1.48,0.99,1.5,25.0,0.110307,0.945,1.51,
exp17i_limits_ablation,ablationfull__ballspeed7__noplot__servebox,"{""--ablation"": ""full"", ""--ball-speed"": 7, ""--no-plot"": null, ""--serve-box"": null}",50,True,active,0.086088,1.952023,0.074544,45.0,105.0,1.81,0.99,1.7,30.0,0.086088,1.69,1.52,
exp17i_limits_ablation,ablationfull__ballspeed7__noplot__servebox,"{""--ablation"": ""full"", ""--ball-speed"": 7, ""--no-plot"": null, ""--serve-box"": null}",41,True,active,0.114071,2.022208,0.114071,40.0,105.0,1.79,0.99,1.9,20.0,0.114071,1.791,3.05,
exp17i_limits_ablation,ablationfull__ballspeed7__noplot__servebox,"{""--ablation"": ""full"", ""--ball-speed"": 7, ""--no-plot"": null, ""--serve-box"": null}",56,False,miss,0.394543,1.941165,0.151582,25.0,35.0,1.8,1.0,2.3,0.0,0.394543,0.0,1.46,
exp17i_limits_ablation,ablationfull__ballspeed7__noplot__servebox,"{""--ablation"": ""full"", ""--ball-speed"": 7, ""--no-plot"": null, ""--serve-box"": null}",54,True,active,0.121581,1.992811,0.103519,20.0,65.0,1.8,1.0,1.6,25.0,0.121581,1.557,1.62,
exp17i_limits_ablation,ablationfull__ballspeed7__noplot__servebox,"{""--ablation"": ""full"", ""--ball-speed"": 7, ""--no-plot"": null, ""--serve-box"": null}",55,True,active,0.08248,1.982655,0.075304,50.0,105.0,1.79,0.99,1.6,25.0,0.08248,1.733,1.68,
exp17i_limits_ablation,ablationfull__ballspeed7__noplot__servebox,"{""--ablation"": ""full"", ""--ball-speed"": 7, ""--no-plot"": null, ""--serve-box"": null}",48,True,active,0.131218,1.993287,0.12195,45.0,90.0,1.64,1.0,1.6,20.0,0.131218,1.282,2.68,
exp17i_limits_ablation,ablationfull__ballspeed7__noplot__servebox,"{""--ablation"": ""full"", ""--ball-speed"": 7, ""--no-plot"": null, ""--serve-box"": null}",58,True,active,0.044894,2.026119,0.044894,45.0,95.0,1.8,1.0,1.7,25.0,0.044894,1.656,1.59,
exp17i_limits_ablation,ablationfull__ballspeed7__noplot__servebox,"{""--ablation"": ""full"", ""--ball-speed"": 7, ""--no-plot"": null, ""--serve-box"": null}",57,True,active,0.127769,1.936733,0.127769,35.0,100.0,1.42,0.99,1.6,10.0,0.127769,1.347,2.03,
exp17i_limits_ablation,ablationfull__ballspeed7__noplot__servebox,"{""--ablation"": ""full"", ""--ball-speed"": 7, ""--no-plot"": null, ""--serve-box"": null}",60,True,active,0.06734,2.000328,0.06734,50.0,105.0,1.81,1.0,1.6,25.0,0.06734,1.705,1.64,
exp17i_limits_ablation,ablationfull__ballspeed7__noplot__servebox,"{""--ablation"": ""full"", ""--ball-speed"": 7, ""--no-plot"": null, ""--serve-box"": null}",51,False,miss,0.413509,1.907956,0.188295,0.0,0.0,1.69,1.0,1.7,0.0,0.413509,0.0,2.64,
exp17i_limits_ablation,ablationfull__ballspeed7__noplot__servebox,"{""--ablation"": ""full"", ""--ball-speed"": 7, ""--no-plot"": null, ""--serve-box"": null}",62,True,active,0.090677,2.013092,0.090677,50.0,105.0,1.8,1.0,1.7,15.0,0.090677,1.316,1.45,
exp17i_limits_ablation,ablationfull__ballspeed7__noplot__servebox,"{""--ablation"": ""full"", ""--ball-speed"": 7, ""--no-plot"": null, ""--serve-box"": null}",64,True,active,0.094803,1.974381,0.094803,45.0,105.0,1.59,0.99,1.5,20.0,0.094803,1.298,1.52,
exp17i_limits_ablation,ablationfull__ballspeed7__noplot__servebox,"{""--ablation"": ""full"", ""--ball-speed"": 7, ""--no-plot"": null, ""--serve-box"": null}",59,True,active,0.101977,1.994321,0.086447,0.0,0.0,1.8,1.0,1.7,30.0,0.101977,1.754,2.03,
exp17i_limits_ablation,ablationfull__ballspeed7__noplot__servebox,"{""--ablation"": ""full"", ""--ball-speed"": 7, ""--no-plot"": null, ""--serve-box"": null}",65,True,active,0.149961,1.976401,0.142295,35.0,85.0,1.38,0.99,2.0,5.0,0.149961,0.7,1.49,
exp17i_limits_ablation,ablationfull__ballspeed7__noplot__servebox,"{""--ablation"": ""full"", ""--ball-speed"": 7, ""--no-plot"": null, ""--serve-box"": null}",52,True,active,0.050836,2.008741,0.050836,45.0,105.0,1.8,0.99,1.6,30.0,0.050836,0.935,2.9,
exp17i_limits_ablation,ablationfull__ballspeed7__noplot__servebox,"{""--ablation"": ""full"", ""--ball-speed"": 7, ""--no-plot"": null, ""--serve-box"": null}",63,True,active,0.08966,1.969973,0.076861,5.0,50.0,1.8,0.99,1.5,25.0,0.08966,1.703,1.81,
exp17i_limits_ablation,ablationfull__ballspeed7__noplot__servebox,"{""--ablation"": ""full"", ""--ball-speed"": 7, ""--no-plot"": null, ""--serve-box"": null}",53,True,active,0.060068,2.011538,0.058543,45.0,105.0,1.81,1.0,1.7,25.0,0.060068,1.628,3.14,
exp17i_limits_ablation,ablationfull__ballspeed7__noplot__servebox,"{""--ablation"": ""full"", ""--ball-speed"": 7, ""--no-plot"": null, ""--serve-box"": null}",66,True,active,0.149832,1.948246,0.142602,45.0,65.0,1.2,1.0,1.6,10.0,0.149832,0.926,1.53,
exp17i_limits_ablation,ablationfull__ballspeed7__noplot__servebox,"{""--ablation"": ""full"", ""--ball-speed"": 7, ""--no-plot"": null, ""--serve-box"": null}",68,True,active,0.124526,1.963828,0.115772,35.0,105.0,1.8,0.99,1.6,25.0,0.124526,1.789,1.52,
exp17i_limits_ablation,ablationfull__ballspeed7__noplot__servebox,"{""--ablation"": ""full"", ""--ball-speed"": 7, ""--no-plot"": null, ""--serve-box"": null}",67,True,active,0.12046,1.942688,0.104442,5.0,45.0,1.79,0.99,1.5,25.0,0.12046,1.72,1.99,
exp17i_limits_ablation,ablationfull__ballspeed7__noplot__servebox,"{""--ablation"": ""full"", ""--ball-speed"": 7, ""--no-plot"": null, ""--serve-box"": null}",61,True,active,0.115391,1.94357,0.11211,45.0,105.0,1.79,0.98,1.6,25.0,0.115391,1.789,3.03,
exp17i_limits_ablation,ablationfull__ballspeed7__noplot__servebox,"{""--ablation"": ""full"", ""--ball-speed"": 7, ""--no-plot"": null, ""--serve-box"": null}",73,False,miss,0.422516,1.976794,0.144335,30.0,0.0,1.79,1.0,1.9,0.0,0.422516,0.0,1.54,
exp17i_limits_ablation,ablationfull__ballspeed7__noplot__servebox,"{""--ablation"": ""full"", ""--ball-speed"": 7, ""--no-plot"": null, ""--serve-box"": null}",74,True,active,0.140959,1.980217,0.140959,35.0,60.0,1.8,0.99,1.9,25.0,0.140959,1.694,1.51,
exp17i_limits_ablation,ablationfull__ballspeed7__noplot__servebox,"{""--ablation"": ""full"", ""--ball-speed"": 7, ""--no-plot"": null, ""--serve-box"": null}",75,False,miss,0.428247,1.932509,0.158918,25.0,0.0,1.79,0.99,1.9,0.0,0.428247,0.0,1.46,
exp17i_limits_ablation,ablationfull__ballspeed7__noplot__servebox,"{""--ablation"": ""full"", ""--ball-speed"": 7, ""--no-plot"": null, ""--serve-box"": null}",76,True,active,0.078728,2.007224,0.078728,40.0,100.0,1.81,1.0,1.7,30.0,0.078728,1.809,1.51,
exp17i_limits_ablation,ablationfull__ballspeed7__noplot__servebox,"{""--ablation"": ""full"", ""--ball-speed"": 7, ""--no-plot"": null, ""--serve-box"": null}",78,True,active,0.078216,1.936617,0.078216,40.0,105.0,1.81,1.0,1.7,30.0,0.078216,1.446,1.75,
exp17i_limits_ablation,ablationfull__ballspeed7__noplot__servebox,"{""--ablation"": ""full"", ""--ball-speed"": 7, ""--no-plot"": null, ""--serve-box"": null}",80,True,active,0.114719,1.988049,0.109887,45.0,105.0,1.81,0.99,1.8,20.0,0.114719,1.796,1.53,
exp17i_limits_ablation,ablationfull__ballspeed7__noplot__servebox,"{""--ablation"": ""full"", ""--ball-speed"": 7, ""--no-plot"": null, ""--serve-box"": null}",82,True,active,0.112963,1.962026,0.106735,40.0,105.0,1.79,1.0,1.7,25.0,0.112963,1.753,1.46,
exp17i_limits_ablation,ablationfull__ballspeed7__noplot__servebox,"{""--ablation"": ""full"", ""--ball-speed"": 7, ""--no-plot"": null, ""--serve-box"": null}",77,False,miss,0.379655,1.92815,0.1463,25.0,10.0,1.79,1.0,1.7,0.0,0.379655,0.0,2.22,
exp17i_limits_ablation,ablationfull__ballspeed7__noplot__servebox,"{""--ablation"": ""full"", ""--ball-speed"": 7, ""--no-plot"": null, ""--serve-box"": null}",71,True,active,0.111803,1.982985,0.104631,45.0,105.0,1.79,0.99,1.6,25.0,0.111803,1.697,2.7,
exp17i_limits_ablation,ablationfull__ballspeed7__noplot__servebox,"{""--ablation"": ""full"", ""--ball-speed"": 7, ""--no-plot"": null, ""--serve-box"": null}",70,True,active,0.126816,1.961333,0.126816,40.0,105.0,1.79,0.99,1.7,20.0,0.126816,1.571,3.1,
exp17i_limits_ablation,ablationfull__ballspeed7__noplot__servebox,"{""--ablation"": ""full"", ""--ball-speed"": 7, ""--no-plot"": null, ""--serve-box"": null}",69,True,active,0.130551,2.010007,0.127224,40.0,105.0,1.79,1.0,2.0,30.0,0.130551,1.635,3.16,
exp17i_limits_ablation,ablationfull__ballspeed7__noplot__servebox,"{""--ablation"": ""full"", ""--ball-speed"": 7, ""--no-plot"": null, ""--serve-box"": null}",83,True,active,0.077726,1.953,0.074827,55.0,105.0,1.42,1.0,1.6,20.0,0.077726,1.373,1.67,
exp17i_limits_ablation,ablationfull__ballspeed7__noplot__servebox,"{""--ablation"": ""full"", ""--ball-speed"": 7, ""--no-plot"": null, ""--serve-box"": null}",84,True,active,0.105985,1.945264,0.100042,45.0,105.0,1.7,1.0,1.8,20.0,0.105985,1.515,1.57,
exp17i_limits_ablation,ablationfull__ballspeed7__noplot__servebox,"{""--ablation"": ""full"", ""--ball-speed"": 7, ""--no-plot"": null, ""--serve-box"": null}",72,True,passive,0.086499,1.965257,0.078985,50.0,105.0,1.1,1.0,1.6,10.0,0.086499,0.223,3.17,
exp17i_limits_ablation,ablationfull__ballspeed7__noplot__servebox,"{""--ablation"": ""full"", ""--ball-speed"": 7, ""--no-plot"": null, ""--serve-box"": null}",85,True,active,0.107033,1.993645,0.088715,35.0,85.0,1.82,1.0,1.6,30.0,0.107033,1.582,1.54,
exp17i_limits_ablation,ablationfull__ballspeed7__noplot__servebox,"{""--ablation"": ""full"", ""--ball-speed"": 7, ""--no-plot"": null, ""--serve-box"": null}",79,True,active,0.125379,1.949619,0.107626,45.0,90.0,1.79,1.0,1.8,25.0,0.125379,1.492,2.67,
exp17i_limits_ablation,ablationfull__ballspeed7__noplot__servebox,"{""--ablation"": ""full"", ""--ball-speed"": 7, ""--no-plot"": null, ""--serve-box"": null}",86,True,active,0.112058,1.986678,0.112058,40.0,105.0,1.79,0.98,1.9,30.0,0.112058,1.789,1.64,
exp17i_limits_ablation,ablationfull__ballspeed7__noplot__servebox,"{""--ablation"": ""full"", ""--ball-speed"": 7, ""--no-plot"": null, ""--serve-box"": null}",88,True,active,0.09784,2.010965,0.09784,45.0,105.0,1.75,1.0,1.6,25.0,0.09784,1.398,1.66,
exp17i_limits_ablation,ablationfull__ballspeed7__noplot__servebox,"{""--ablation"": ""full"", ""--ball-speed"": 7, ""--no-plot"": null, ""--serve-box"": null}",81,True,active,0.08243,2.000662,0.082409,40.0,105.0,1.8,1.0,1.7,20.0,0.08243,1.721,2.67,
exp17i_limits_ablation,ablationfull__ballspeed7__noplot__servebox,"{""--ablation"": ""full"", ""--ball-speed"": 7, ""--no-plot"": null, ""--serve-box"": null}",87,True,active,0.090849,2.015689,0.090849,40.0,105.0,1.78,1.0,1.9,25.0,0.090849,1.542,1.87,
exp17i_limits_ablation,ablationfull__ballspeed7__noplot__servebox,"{""--ablation"": ""full"", ""--ball-speed"": 7, ""--no-plot"": null, ""--serve-box"": null}",89,True,active,0.095898,1.961599,0.095898,0.0,0.0,1.76,0.99,1.9,15.0,0.095898,1.72,1.85,
exp17i_limits_ablation,ablationfull__ballspeed7__noplot__servebox,"{""--ablation"": ""full"", ""--ball-speed"": 7, ""--no-plot"": null, ""--serve-box"": null}",93,True,active,0.082958,1.98447,0.082958,45.0,105.0,1.78,0.98,1.9,20.0,0.082958,1.742,1.67,
exp17i_limits_ablation,ablationfull__ballspeed7__noplot__servebox,"{""--ablation"": ""full"", ""--ball-speed"": 7, ""--no-plot"": null, ""--serve-box"": null}",96,True,active,0.118861,2.004829,0.118494,45.0,105.0,1.81,1.0,2.2,25.0,0.118861,1.612,1.49,
exp17i_limits_ablation,ablationfull__ballspeed7__noplot__servebox,"{""--ablation"": ""full"", ""--ball-speed"": 7, ""--no-plot"": null, ""--serve-box"": null}",97,True,active,0.135319,1.989682,0.12632,35.0,0.0,1.81,1.0,1.9,30.0,0.135319,1.674,1.51,
exp17i_limits_ablation,ablationfull__ballspeed7__noplot__servebox,"{""--ablation"": ""full"", ""--ball-speed"": 7, ""--no-plot"": null, ""--serve-box"": null}",94,True,active,0.123792,1.920135,0.116083,45.0,105.0,1.68,0.99,1.7,25.0,0.123792,1.354,1.76,
exp17i_limits_ablation,ablationfull__ballspeed7__noplot__servebox,"{""--ablation"": ""full"", ""--ball-speed"": 7, ""--no-plot"": null, ""--serve-box"": null}",98,True,active,0.094357,1.942352,0.058927,0.0,0.0,1.8,1.0,1.6,40.0,0.094357,1.765,1.55,
exp17i_limits_ablation,ablationfull__ballspeed7__noplot__servebox,"{""--ablation"": ""full"", ""--ball-speed"": 7, ""--no-plot"": null, ""--serve-box"": null}",101,True,active,0.064894,1.996066,0.064894,40.0,105.0,1.75,0.99,1.7,25.0,0.064894,1.63,1.53,
exp17i_limits_ablation,ablationfull__ballspeed7__noplot__servebox,"{""--ablation"": ""full"", ""--ball-speed"": 7, ""--no-plot"": null, ""--serve-box"": null}",100,True,active,0.094915,1.979577,0.091162,50.0,105.0,1.81,1.0,1.8,20.0,0.094915,1.754,1.62,
exp17i_limits_ablation,ablationfull__ballspeed7__noplot__servebox,"{""--ablation"": ""full"", ""--ball-speed"": 7, ""--no-plot"": null, ""--serve-box"": null}",91,True,active,0.084345,2.009766,0.084345,40.0,105.0,1.82,0.99,1.8,10.0,0.084345,1.441,2.49,
exp17i_limits_ablation,ablationfull__ballspeed7__noplot__servebox,"{""--ablation"": ""full"", ""--ball-speed"": 7, ""--no-plot"": null, ""--serve-box"": null}",90,True,active,0.097112,1.993436,0.095722,40.0,105.0,1.79,0.98,1.8,20.0,0.097112,1.718,2.81,
exp17i_limits_ablation,ablationfull__ballspeed7__noplot__servebox,"{""--ablation"": ""full"", ""--ball-speed"": 7, ""--no-plot"": null, ""--serve-box"": null}",104,True,active,0.120273,1.977265,0.119054,45.0,105.0,1.77,0.99,1.8,25.0,0.120273,1.613,1.61,
exp17i_limits_ablation,ablationfull__ballspeed7__noplot__servebox,"{""--ablation"": ""full"", ""--ball-speed"": 7, ""--no-plot"": null, ""--serve-box"": null}",92,False,miss,0.444568,1.979275,0.17535,15.0,0.0,1.79,0.99,2.3,0.0,0.444568,0.0,2.86,
exp17i_limits_ablation,ablationfull__ballspeed7__noplot__servebox,"{""--ablation"": ""full"", ""--ball-speed"": 7, ""--no-plot"": null, ""--serve-box"": null}",105,True,active,0.095673,1.957098,0.095673,40.0,105.0,1.45,0.99,1.6,25.0,0.095673,0.887,1.74,
exp17i_limits_ablation,ablationfull__ballspeed7__noplot__servebox,"{""--ablation"": ""full"", ""--ball-speed"": 7, ""--no-plot"": null, ""--serve-box"": null}",95,True,active,0.119099,1.986349,0.119099,35.0,105.0,1.79,0.99,1.9,30.0,0.119099,1.792,2.84,
exp17i_limits_ablation,ablationfull__ballspeed7__noplot__servebox,"{""--ablation"": ""full"", ""--ball-speed"": 7, ""--no-plot"": null, ""--serve-box"": null}",106,False,miss,0.388744,1.983142,0.1571,0.0,0.0,1.76,1.0,1.9,0.0,0.388744,0.0,1.54,
exp17i_limits_ablation,ablationfull__ballspeed7__noplot__servebox,"{""--ablation"": ""full"", ""--ball-speed"": 7, ""--no-plot"": null, ""--serve-box"": null}",107,True,active,0.059493,1.996101,0.059493,50.0,105.0,1.8,1.0,1.9,15.0,0.059493,1.655,1.55,
exp17i_limits_ablation,ablationfull__ballspeed7__noplot__servebox,"{""--ablation"": ""full"", ""--ball-speed"": 7, ""--no-plot"": null, ""--serve-box"": null}",108,True,active,0.043547,2.032287,0.043547,40.0,105.0,1.8,1.0,1.6,10.0,0.043547,1.732,1.6,
exp17i_limits_ablation,ablationfull__ballspeed7__noplot__servebox,"{""--ablation"": ""full"", ""--ball-speed"": 7, ""--no-plot"": null, ""--serve-box"": null}",99,True,active,0.105855,1.94285,0.105855,35.0,105.0,1.5,1.0,1.5,20.0,0.105855,1.113,3.04,
exp17i_limits_ablation,ablationfull__ballspeed7__noplot__servebox,"{""--ablation"": ""full"", ""--ball-speed"": 7, ""--no-plot"": null, ""--serve-box"": null}",109,True,active,0.089146,2.000516,0.089146,40.0,105.0,1.2,1.0,1.4,10.0,0.089146,0.501,1.69,
exp17i_limits_ablation,ablationfull__ballspeed7__noplot__servebox,"{""--ablation"": ""full"", ""--ball-speed"": 7, ""--no-plot"": null, ""--serve-box"": null}",113,True,active,0.055683,1.941505,0.055683,0.0,0.0,1.81,0.98,1.6,35.0,0.055683,1.772,1.53,
exp17i_limits_ablation,ablationfull__ballspeed7__noplot__servebox,"{""--ablation"": ""full"", ""--ball-speed"": 7, ""--no-plot"": null, ""--serve-box"": null}",102,True,active,0.067994,1.958327,0.063285,50.0,105.0,1.77,1.0,1.9,10.0,0.067994,0.715,3.04,
exp17i_limits_ablation,ablationfull__ballspeed7__noplot__servebox,"{""--ablation"": ""full"", ""--ball-speed"": 7, ""--no-plot"": null, ""--serve-box"": null}",103,True,active,0.143499,2.00435,0.141793,35.0,60.0,1.8,1.0,2.0,25.0,0.143499,1.802,3.01,
exp17i_limits_ablation,ablationfull__ballspeed7__noplot__servebox,"{""--ablation"": ""full"", ""--ball-speed"": 7, ""--no-plot"": null, ""--serve-box"": null}",115,True,active,0.084411,1.987778,0.081207,55.0,105.0,1.62,0.99,1.4,20.0,0.084411,1.458,1.54,
exp17i_limits_ablation,ablationfull__ballspeed7__noplot__servebox,"{""--ablation"": ""full"", ""--ball-speed"": 7, ""--no-plot"": null, ""--serve-box"": null}",112,True,active,0.109399,1.934944,0.095262,0.0,0.0,1.78,0.99,1.7,35.0,0.109399,1.78,2.08,
exp17i_limits_ablation,ablationfull__ballspeed7__noplot__servebox,"{""--ablation"": ""full"", ""--ball-speed"": 7, ""--no-plot"": null, ""--serve-box"": null}",114,True,active,0.110543,1.968842,0.090315,0.0,0.0,1.79,0.99,1.7,30.0,0.110543,1.544,1.86,
exp17i_limits_ablation,ablationfull__ballspeed7__noplot__servebox,"{""--ablation"": ""full"", ""--ball-speed"": 7, ""--no-plot"": null, ""--serve-box"": null}",111,False,miss,0.421456,1.936847,0.179316,10.0,0.0,1.78,1.0,1.6,0.0,0.421456,0.0,2.31,
exp17i_limits_ablation,ablationfull__ballspeed7__noplot__servebox,"{""--ablation"": ""full"", ""--ball-speed"": 7, ""--no-plot"": null, ""--serve-box"": null}",118,True,active,0.07099,1.957358,0.07099,50.0,105.0,1.8,0.99,1.6,25.0,0.07099,1.052,1.51,
exp17i_limits_ablation,ablationfull__ballspeed7__noplot__servebox,"{""--ablation"": ""full"", ""--ball-speed"": 7, ""--no-plot"": null, ""--serve-box"": null}",119,True,active,0.120075,1.953396,0.085977,45.0,90.0,1.78,1.0,1.4,30.0,0.120075,1.753,1.64,
exp17i_limits_ablation,ablationfull__ballspeed7__noplot__servebox,"{""--ablation"": ""full"", ""--ball-speed"": 7, ""--no-plot"": null, ""--serve-box"": null}",120,True,active,0.111796,1.953221,0.111283,50.0,105.0,1.72,1.0,1.8,25.0,0.111796,1.723,1.54,
exp17i_limits_ablation,ablationfull__ballspeed7__noplot__servebox,"{""--ablation"": ""full"", ""--ball-speed"": 7, ""--no-plot"": null, ""--serve-box"": null}",110,False,miss,0.352841,1.962354,0.156267,20.0,0.0,1.74,1.0,1.2,0.0,0.352841,0.0,2.96,
exp17i_limits_ablation,ablationfull__ballspeed7__noplot__servebox,"{""--ablation"": ""full"", ""--ball-speed"": 7, ""--no-plot"": null, ""--serve-box"": null}",123,True,active,0.123535,1.955993,0.113642,40.0,105.0,1.81,0.99,1.8,30.0,0.123535,1.78,1.48,
exp17i_limits_ablation,ablationfull__ballspeed7__noplot__servebox,"{""--ablation"": ""full"", ""--ball-speed"": 7, ""--no-plot"": null, ""--serve-box"": null}",126,True,active,0.090956,1.99143,0.048016,0.0,40.0,1.81,0.98,2.0,35.0,0.090956,1.757,1.46,
exp17i_limits_ablation,ablationfull__ballspeed7__noplot__servebox,"{""--ablation"": ""full"", ""--ball-speed"": 7, ""--no-plot"": null, ""--serve-box"": null}",124,True,active,0.055531,1.959583,0.055531,40.0,105.0,1.8,1.0,1.5,25.0,0.055531,1.649,1.68,
exp17i_limits_ablation,ablationfull__ballspeed7__noplot__servebox,"{""--ablation"": ""full"", ""--ball-speed"": 7, ""--no-plot"": null, ""--serve-box"": null}",127,True,active,0.138774,1.968684,0.119285,45.0,15.0,1.76,0.99,1.6,25.0,0.138774,1.54,1.49,
exp17i_limits_ablation,ablationfull__ballspeed7__noplot__servebox,"{""--ablation"": ""full"", ""--ball-speed"": 7, ""--no-plot"": null, ""--serve-box"": null}",128,True,active,0.091097,1.918658,0.086485,50.0,105.0,1.77,1.0,1.8,30.0,0.091097,1.549,1.57,
exp17i_limits_ablation,ablationfull__ballspeed7__noplot__servebox,"{""--ablation"": ""full"", ""--ball-speed"": 7, ""--no-plot"": null, ""--serve-box"": null}",117,True,active,0.043888,1.976722,0.043888,40.0,105.0,1.8,1.0,1.9,10.0,0.043888,1.684,2.77,
exp17i_limits_ablation,ablationfull__ballspeed7__noplot__servebox,"{""--ablation"": ""full"", ""--ball-speed"": 7, ""--no-plot"": null, ""--serve-box"": null}",129,True,active,0.127363,1.968508,0.120778,40.0,90.0,1.81,0.99,1.7,20.0,0.127363,1.737,1.58,
exp17i_limits_ablation,ablationfull__ballspeed7__noplot__servebox,"{""--ablation"": ""full"", ""--ball-speed"": 7, ""--no-plot"": null, ""--serve-box"": null}",116,True,active,0.109453,2.003347,0.108667,40.0,105.0,1.79,1.0,1.7,30.0,0.109453,1.705,3.16,
exp17i_limits_ablation,ablationfull__ballspeed7__noplot__servebox,"{""--ablation"": ""full"", ""--ball-speed"": 7, ""--no-plot"": null, ""--serve-box"": null}",131,True,active,0.08492,1.990484,0.083173,50.0,105.0,1.77,1.0,1.6,25.0,0.08492,1.477,1.65,
exp17i_limits_ablation,ablationfull__ballspeed7__noplot__servebox,"{""--ablation"": ""full"", ""--ball-speed"": 7, ""--no-plot"": null, ""--serve-box"": null}",121,True,active,0.060333,1.948993,0.060333,45.0,105.0,1.77,1.0,1.6,20.0,0.060333,1.545,2.78,
exp17i_limits_ablation,ablationfull__ballspeed7__noplot__servebox,"{""--ablation"": ""full"", ""--ball-speed"": 7, ""--no-plot"": null, ""--serve-box"": null}",133,True,active,0.077231,2.013494,0.077231,35.0,105.0,1.63,1.0,1.3,15.0,0.077231,1.632,1.48,
exp17i_limits_ablation,ablationfull__ballspeed7__noplot__servebox,"{""--ablation"": ""full"", ""--ball-speed"": 7, ""--no-plot"": null, ""--serve-box"": null}",122,True,active,0.033165,1.995381,0.033165,55.0,105.0,1.73,1.0,2.0,0.0,0.033165,0.713,3.06,
exp17i_limits_ablation,ablationfull__ballspeed7__noplot__servebox,"{""--ablation"": ""full"", ""--ball-speed"": 7, ""--no-plot"": null, ""--serve-box"": null}",125,True,active,0.1389,1.975559,0.136145,35.0,40.0,1.79,1.0,2.3,35.0,0.1389,1.752,2.76,
exp17i_limits_ablation,ablationfull__ballspeed7__noplot__servebox,"{""--ablation"": ""full"", ""--ball-speed"": 7, ""--no-plot"": null, ""--serve-box"": null}",135,False,miss,0.434891,1.973129,0.167996,15.0,0.0,1.8,1.0,1.8,0.0,0.434891,0.0,1.54,
exp17i_limits_ablation,ablationfull__ballspeed7__noplot__servebox,"{""--ablation"": ""full"", ""--ball-speed"": 7, ""--no-plot"": null, ""--serve-box"": null}",136,False,miss,0.37347,1.962413,0.115559,0.0,0.0,1.79,0.99,1.9,0.0,0.37347,0.0,1.45,
exp17i_limits_ablation,ablationfull__ballspeed7__noplot__servebox,"{""--ablation"": ""full"", ""--ball-speed"": 7, ""--no-plot"": null, ""--serve-box"": null}",134,True,active,0.070487,1.971365,0.070487,50.0,105.0,1.17,0.99,1.5,15.0,0.070487,0.465,1.93,
exp17i_limits_ablation,ablationfull__ballspeed7__noplot__servebox,"{""--ablation"": ""full"", ""--ball-speed"": 7, ""--no-plot"": null, ""--serve-box"": null}",137,True,active,0.109842,1.957051,0.109842,40.0,105.0,1.78,0.99,1.9,30.0,0.109842,1.743,1.48,
exp17i_limits_ablation,ablationfull__ballspeed7__noplot__servebox,"{""--ablation"": ""full"", ""--ball-speed"": 7, ""--no-plot"": null, ""--serve-box"": null}",132,True,active,0.127763,1.956317,0.120596,40.0,105.0,1.26,1.0,1.6,0.0,0.127763,0.608,2.33,
exp17i_limits_ablation,ablationfull__ballspeed7__noplot__servebox,"{""--ablation"": ""full"", ""--ball-speed"": 7, ""--no-plot"": null, ""--serve-box"": null}",138,True,active,0.124989,1.976028,0.124888,40.0,105.0,1.59,1.0,1.6,20.0,0.124989,1.043,1.57,
exp17i_limits_ablation,ablationfull__ballspeed7__noplot__servebox,"{""--ablation"": ""full"", ""--ball-speed"": 7, ""--no-plot"": null, ""--serve-box"": null}",140,True,active,0.102037,1.959572,0.102037,40.0,105.0,1.74,0.99,1.8,20.0,0.102037,1.586,1.44,
exp17i_limits_ablation,ablationfull__ballspeed7__noplot__servebox,"{""--ablation"": ""full"", ""--ball-speed"": 7, ""--no-plot"": null, ""--serve-box"": null}",130,False,miss,0.398849,1.95707,0.143537,30.0,0.0,1.8,1.0,1.8,0.0,0.398849,0.0,2.96,
exp17i_limits_ablation,ablationfull__ballspeed7__noplot__servebox,"{""--ablation"": ""full"", ""--ball-speed"": 7, ""--no-plot"": null, ""--serve-box"": null}",139,True,active,0.089441,1.99934,0.085895,50.0,105.0,1.56,1.0,1.5,10.0,0.089441,1.104,1.66,
exp17i_limits_ablation,ablationfull__ballspeed7__noplot__servebox,"{""--ablation"": ""full"", ""--ball-speed"": 7, ""--no-plot"": null, ""--serve-box"": null}",141,True,active,0.094931,1.97055,0.087888,45.0,105.0,1.8,0.99,1.8,25.0,0.094931,1.732,2.0,
exp17i_limits_ablation,ablationfull__ballspeed7__noplot__servebox,"{""--ablation"": ""full"", ""--ball-speed"": 7, ""--no-plot"": null, ""--serve-box"": null}",147,True,active,0.087256,1.983416,0.087256,45.0,105.0,1.82,0.99,1.9,15.0,0.087256,1.755,1.47,
exp17i_limits_ablation,ablationfull__ballspeed7__noplot__servebox,"{""--ablation"": ""full"", ""--ball-speed"": 7, ""--no-plot"": null, ""--serve-box"": null}",146,True,active,0.097222,1.971257,0.097222,40.0,105.0,1.78,0.99,2.0,20.0,0.097222,1.762,1.55,
exp17i_limits_ablation,ablationfull__ballspeed7__noplot__servebox,"{""--ablation"": ""full"", ""--ball-speed"": 7, ""--no-plot"": null, ""--serve-box"": null}",148,True,active,0.104547,1.969287,0.104547,40.0,105.0,1.78,0.99,1.7,30.0,0.104547,1.573,1.5,
exp17i_limits_ablation,ablationfull__ballspeed7__noplot__servebox,"{""--ablation"": ""full"", ""--ball-speed"": 7, ""--no-plot"": null, ""--serve-box"": null}",152,True,active,0.140199,1.983955,0.13137,35.0,45.0,1.79,0.99,2.0,30.0,0.140199,1.713,1.46,
exp17i_limits_ablation,ablationfull__ballspeed7__noplot__servebox,"{""--ablation"": ""full"", ""--ball-speed"": 7, ""--no-plot"": null, ""--serve-box"": null}",154,True,active,0.144264,1.973232,0.13925,40.0,80.0,1.32,1.0,1.7,5.0,0.144264,0.742,1.48,
exp17i_limits_ablation,ablationfull__ballspeed7__noplot__servebox,"{""--ablation"": ""full"", ""--ball-speed"": 7, ""--no-plot"": null, ""--serve-box"": null}",149,False,miss,0.360993,1.94649,0.167339,20.0,0.0,1.17,0.99,1.6,0.0,0.360993,0.0,2.03,
exp17i_limits_ablation,ablationfull__ballspeed7__noplot__servebox,"{""--ablation"": ""full"", ""--ball-speed"": 7, ""--no-plot"": null, ""--serve-box"": null}",151,True,active,0.11514,1.843594,0.11514,20.0,30.0,1.79,0.98,2.4,30.0,0.11514,1.675,1.99,
exp17i_limits_ablation,ablationfull__ballspeed7__noplot__servebox,"{""--ablation"": ""full"", ""--ball-speed"": 7, ""--no-plot"": null, ""--serve-box"": null}",150,True,active,0.059271,2.033767,0.059271,50.0,105.0,1.79,0.99,1.7,20.0,0.059271,1.332,2.05,
exp17i_limits_ablation,ablationfull__ballspeed7__noplot__servebox,"{""--ablation"": ""full"", ""--ball-speed"": 7, ""--no-plot"": null, ""--serve-box"": null}",156,True,active,0.111616,1.983647,0.093392,45.0,105.0,1.8,1.0,1.7,30.0,0.111616,1.754,1.56,
exp17i_limits_ablation,ablationfull__ballspeed7__noplot__servebox,"{""--ablation"": ""full"", ""--ball-speed"": 7, ""--no-plot"": null, ""--serve-box"": null}",142,True,active,0.120407,1.976477,0.114471,45.0,105.0,1.79,1.0,1.5,20.0,0.120407,1.312,3.15,
exp17i_limits_ablation,ablationfull__ballspeed7__noplot__servebox,"{""--ablation"": ""full"", ""--ball-speed"": 7, ""--no-plot"": null, ""--serve-box"": null}",155,True,active,0.093627,2.005636,0.090818,50.0,105.0,1.39,1.0,1.4,25.0,0.093627,0.772,1.7,
exp17i_limits_ablation,ablationfull__ballspeed7__noplot__servebox,"{""--ablation"": ""full"", ""--ball-speed"": 7, ""--no-plot"": null, ""--serve-box"": null}",153,True,active,0.131341,1.993539,0.12451,45.0,105.0,1.81,1.0,1.7,30.0,0.131341,1.752,2.08,
exp17i_limits_ablation,ablationfull__ballspeed7__noplot__servebox,"{""--ablation"": ""full"", ""--ball-speed"": 7, ""--no-plot"": null, ""--serve-box"": null}",145,True,active,0.062071,2.014719,0.062071,40.0,105.0,1.81,1.0,1.6,35.0,0.062071,1.791,2.91,
exp17i_limits_ablation,ablationfull__ballspeed7__noplot__servebox,"{""--ablation"": ""full"", ""--ball-speed"": 7, ""--no-plot"": null, ""--serve-box"": null}",143,True,active,0.058267,1.946285,0.058267,40.0,105.0,1.8,0.99,1.7,25.0,0.058267,1.571,3.09,
exp17i_limits_ablation,ablationfull__ballspeed7__noplot__servebox,"{""--ablation"": ""full"", ""--ball-speed"": 7, ""--no-plot"": null, ""--serve-box"": null}",157,True,active,0.099241,2.004585,0.099241,40.0,105.0,1.8,0.98,2.0,30.0,0.099241,1.8,1.6,
exp17i_limits_ablation,ablationfull__ballspeed7__noplot__servebox,"{""--ablation"": ""full"", ""--ball-speed"": 7, ""--no-plot"": null, ""--serve-box"": null}",144,False,miss,0.430521,1.977457,0.151959,30.0,0.0,1.81,0.99,1.8,0.0,0.430521,0.0,3.16,
exp17i_limits_ablation,ablationfull__ballspeed7__noplot__servebox,"{""--ablation"": ""full"", ""--ball-speed"": 7, ""--no-plot"": null, ""--serve-box"": null}",158,True,active,0.117133,1.999794,0.115248,45.0,105.0,1.42,1.0,1.3,20.0,0.117133,0.877,1.56,
exp17i_limits_ablation,ablationfull__ballspeed7__noplot__servebox,"{""--ablation"": ""full"", ""--ball-speed"": 7, ""--no-plot"": null, ""--serve-box"": null}",159,True,active,0.130536,2.020065,0.130536,35.0,85.0,1.63,1.0,1.8,25.0,0.130536,1.563,2.01,
exp17i_limits_ablation,ablationfull__ballspeed7__noplot__servebox,"{""--ablation"": ""full"", ""--ball-speed"": 7, ""--no-plot"": null, ""--serve-box"": null}",164,True,active,0.129923,1.978583,0.111476,5.0,55.0,1.8,1.0,1.7,30.0,0.129923,1.802,1.51,
exp17i_limits_ablation,ablationfull__ballspeed7__noplot__servebox,"{""--ablation"": ""full"", ""--ball-speed"": 7, ""--no-plot"": null, ""--serve-box"": null}",165,True,active,0.056462,1.998258,0.056462,50.0,105.0,1.78,1.0,1.7,25.0,0.056462,1.535,1.67,
exp17i_limits_ablation,ablationfull__ballspeed7__noplot__servebox,"{""--ablation"": ""full"", ""--ball-speed"": 7, ""--no-plot"": null, ""--serve-box"": null}",168,True,active,0.106479,1.97629,0.096193,45.0,105.0,1.79,0.98,1.8,35.0,0.106479,1.634,1.58,
exp17i_limits_ablation,ablationfull__ballspeed7__noplot__servebox,"{""--ablation"": ""full"", ""--ball-speed"": 7, ""--no-plot"": null, ""--serve-box"": null}",169,True,active,0.111549,1.958271,0.083188,45.0,105.0,1.79,1.0,1.5,30.0,0.111549,1.497,1.5,
exp17i_limits_ablation,ablationfull__ballspeed7__noplot__servebox,"{""--ablation"": ""full"", ""--ball-speed"": 7, ""--no-plot"": null, ""--serve-box"": null}",171,True,active,0.105707,1.975871,0.10462,45.0,105.0,1.6,1.0,1.6,15.0,0.105707,0.967,1.51,
exp17i_limits_ablation,ablationfull__ballspeed7__noplot__servebox,"{""--ablation"": ""full"", ""--ball-speed"": 7, ""--no-plot"": null, ""--serve-box"": null}",172,True,active,0.099057,1.999972,0.09734,40.0,105.0,1.81,0.99,2.0,35.0,0.099057,1.412,1.54,
exp17i_limits_ablation,ablationfull__ballspeed7__noplot__servebox,"{""--ablation"": ""full"", ""--ball-speed"": 7, ""--no-plot"": null, ""--serve-box"": null}",173,True,active,0.085415,1.989903,0.085415,40.0,105.0,1.78,0.97,1.7,30.0,0.085415,1.328,1.72,
exp17i_limits_ablation,ablationfull__ballspeed7__noplot__servebox,"{""--ablation"": ""full"", ""--ball-speed"": 7, ""--no-plot"": null, ""--serve-box"": null}",160,False,miss,0.327229,1.964014,0.155804,25.0,30.0,1.14,1.0,1.7,0.0,0.327229,0.0,3.08,
exp17i_limits_ablation,ablationfull__ballspeed7__noplot__servebox,"{""--ablation"": ""full"", ""--ball-speed"": 7, ""--no-plot"": null, ""--serve-box"": null}",161,True,active,0.065368,1.973471,0.065368,45.0,105.0,1.8,0.98,1.5,10.0,0.065368,1.783,2.71,
exp17i_limits_ablation,ablationfull__ballspeed7__noplot__servebox,"{""--ablation"": ""full"", ""--ball-speed"": 7, ""--no-plot"": null, ""--serve-box"": null}",166,True,active,0.089628,1.98051,0.089628,45.0,105.0,1.77,0.99,1.8,25.0,0.089628,1.769,2.52,
exp17i_limits_ablation,ablationfull__ballspeed7__noplot__servebox,"{""--ablation"": ""full"", ""--ball-speed"": 7, ""--no-plot"": null, ""--serve-box"": null}",174,True,active,0.094216,1.971743,0.094216,40.0,105.0,1.81,1.0,1.7,25.0,0.094216,1.735,1.91,
exp17i_limits_ablation,ablationfull__ballspeed7__noplot__servebox,"{""--ablation"": ""full"", ""--ball-speed"": 7, ""--no-plot"": null, ""--serve-box"": null}",170,True,active,0.083985,1.940718,0.057633,50.0,105.0,1.79,0.99,1.6,30.0,0.083985,1.775,2.31,
exp17i_limits_ablation,ablationfull__ballspeed7__noplot__servebox,"{""--ablation"": ""full"", ""--ball-speed"": 7, ""--no-plot"": null, ""--serve-box"": null}",175,True,active,0.056649,1.975233,0.033062,0.0,30.0,1.8,0.94,1.7,30.0,0.056649,1.761,1.52,
exp17i_limits_ablation,ablationfull__ballspeed7__noplot__servebox,"{""--ablation"": ""full"", ""--ball-speed"": 7, ""--no-plot"": null, ""--serve-box"": null}",162,False,miss,0.423555,1.995964,0.148331,0.0,0.0,1.8,0.99,1.9,0.0,0.423555,0.0,3.06,
exp17i_limits_ablation,ablationfull__ballspeed7__noplot__servebox,"{""--ablation"": ""full"", ""--ball-speed"": 7, ""--no-plot"": null, ""--serve-box"": null}",163,True,active,0.031363,2.011859,0.031363,55.0,105.0,1.8,1.0,1.3,20.0,0.031363,1.228,3.1,
exp17i_limits_ablation,ablationfull__ballspeed7__noplot__servebox,"{""--ablation"": ""full"", ""--ball-speed"": 7, ""--no-plot"": null, ""--serve-box"": null}",176,True,active,0.096946,1.984332,0.095547,50.0,105.0,1.78,0.98,1.7,30.0,0.096946,0.918,1.58,
exp17i_limits_ablation,ablationfull__ballspeed7__noplot__servebox,"{""--ablation"": ""full"", ""--ball-speed"": 7, ""--no-plot"": null, ""--serve-box"": null}",167,True,active,0.11323,1.985961,0.08536,45.0,105.0,1.81,1.0,1.7,35.0,0.11323,1.778,2.99,
exp17i_limits_ablation,ablationfull__ballspeed7__noplot__servebox,"{""--ablation"": ""full"", ""--ball-speed"": 7, ""--no-plot"": null, ""--serve-box"": null}",177,False,miss,0.446036,1.934055,0.180663,5.0,0.0,1.79,0.99,1.7,0.0,0.446036,0.0,1.55,
exp17i_limits_ablation,ablationfull__ballspeed7__noplot__servebox,"{""--ablation"": ""full"", ""--ball-speed"": 7, ""--no-plot"": null, ""--serve-box"": null}",181,False,miss,0.457719,1.932673,0.1856,0.0,0.0,1.77,0.99,1.9,0.0,0.457719,0.0,1.46,
exp17i_limits_ablation,ablationfull__ballspeed7__noplot__servebox,"{""--ablation"": ""full"", ""--ball-speed"": 7, ""--no-plot"": null, ""--serve-box"": null}",179,True,active,0.12144,1.97688,0.12144,35.0,105.0,1.8,0.96,2.1,35.0,0.12144,1.728,1.77,
exp17i_limits_ablation,ablationfull__ballspeed7__noplot__servebox,"{""--ablation"": ""full"", ""--ball-speed"": 7, ""--no-plot"": null, ""--serve-box"": null}",183,True,active,0.094528,1.988658,0.078323,0.0,0.0,1.79,1.0,1.6,20.0,0.094528,1.6,1.65,
exp17i_limits_ablation,ablationfull__ballspeed7__noplot__servebox,"{""--ablation"": ""full"", ""--ball-speed"": 7, ""--no-plot"": null, ""--serve-box"": null}",180,True,active,0.117467,1.967899,0.103455,0.0,0.0,1.8,0.99,1.9,30.0,0.117467,1.686,2.09,
exp17i_limits_ablation,ablationfull__ballspeed7__noplot__servebox,"{""--ablation"": ""full"", ""--ball-speed"": 7, ""--no-plot"": null, ""--serve-box"": null}",185,True,active,0.132009,1.941008,0.130556,45.0,70.0,1.46,0.99,1.5,15.0,0.132009,0.924,1.49,
exp17i_limits_ablation,ablationfull__ballspeed7__noplot__servebox,"{""--ablation"": ""full"", ""--ball-speed"": 7, ""--no-plot"": null, ""--serve-box"": null}",188,True,active,0.09592,1.982352,0.095493,50.0,105.0,1.7,1.0,1.7,15.0,0.09592,1.434,1.56,
exp17i_limits_ablation,ablationfull__ballspeed7__noplot__servebox,"{""--ablation"": ""full"", ""--ball-speed"": 7, ""--no-plot"": null, ""--serve-box"": null}",178,True,active,0.120457,1.960149,0.10949,40.0,85.0,1.81,1.0,1.5,25.0,0.120457,1.751,2.59,
exp17i_limits_ablation,ablationfull__ballspeed7__noplot__servebox,"{""--ablation"": ""full"", ""--ball-speed"": 7, ""--no-plot"": null, ""--serve-box"": null}",189,True,active,0.127452,1.990964,0.121703,40.0,85.0,1.8,0.99,1.8,20.0,0.127452,1.673,1.52,
exp17i_limits_ablation,ablationfull__ballspeed7__noplot__servebox,"{""--ablation"": ""full"", ""--ball-speed"": 7, ""--no-plot"": null, ""--serve-box"": null}",190,True,active,0.085681,1.918284,0.085681,40.0,100.0,1.76,1.0,1.7,35.0,0.085681,0.883,1.55,
exp17i_limits_ablation,ablationfull__ballspeed7__noplot__servebox,"{""--ablation"": ""full"", ""--ball-speed"": 7, ""--no-plot"": null, ""--serve-box"": null}",187,False,miss,0.336622,1.917327,0.163966,25.0,0.0,1.21,0.99,1.4,0.0,0.336622,0.0,1.93,
exp17i_limits_ablation,ablationfull__ballspeed7__noplot__servebox,"{""--ablation"": ""full"", ""--ball-speed"": 7, ""--no-plot"": null, ""--serve-box"": null}",192,True,active,0.066179,2.000564,0.06163,45.0,105.0,1.81,0.99,1.7,25.0,0.066179,1.802,1.57,
exp17i_limits_ablation,ablationfull__ballspeed7__noplot__servebox,"{""--ablation"": ""full"", ""--ball-speed"": 7, ""--no-plot"": null, ""--serve-box"": null}",182,True,active,0.097356,1.970898,0.090975,45.0,105.0,1.79,0.97,1.7,15.0,0.097356,1.441,2.6,
exp17i_limits_ablation,ablationfull__ballspeed7__noplot__servebox,"{""--ablation"": ""full"", ""--ball-speed"": 7, ""--no-plot"": null, ""--serve-box"": null}",193,True,active,0.091599,1.970311,0.091599,45.0,105.0,1.8,0.98,1.7,20.0,0.091599,1.613,1.61,
exp17i_limits_ablation,ablationfull__ballspeed7__noplot__servebox,"{""--ablation"": ""full"", ""--ball-speed"": 7, ""--no-plot"": null, ""--serve-box"": null}",186,True,active,0.094104,2.029213,0.094104,40.0,105.0,1.78,1.0,1.8,30.0,0.094104,1.681,2.28,
exp17i_limits_ablation,ablationfull__ballspeed7__noplot__servebox,"{""--ablation"": ""full"", ""--ball-speed"": 7, ""--no-plot"": null, ""--serve-box"": null}",195,True,active,0.142889,1.936393,0.132723,45.0,65.0,1.76,0.98,1.7,25.0,0.142889,0.943,1.64,
exp17i_limits_ablation,ablationfull__ballspeed7__noplot__servebox,"{""--ablation"": ""full"", ""--ball-speed"": 7, ""--no-plot"": null, ""--serve-box"": null}",184,True,active,0.07446,1.970587,0.071305,60.0,105.0,1.61,1.0,1.4,25.0,0.07446,1.3,3.12,
exp17i_limits_ablation,ablationfull__ballspeed7__noplot__servebox,"{""--ablation"": ""full"", ""--ball-speed"": 7, ""--no-plot"": null, ""--serve-box"": null}",197,False,miss,0.428994,1.964302,0.159076,20.0,0.0,1.8,0.99,2.0,0.0,0.428994,0.0,1.6,
exp17i_limits_ablation,ablationfull__ballspeed7__noplot__servebox,"{""--ablation"": ""full"", ""--ball-speed"": 7, ""--no-plot"": null, ""--serve-box"": null}",198,True,active,0.10487,1.995277,0.10487,40.0,105.0,1.8,1.0,2.0,20.0,0.10487,1.507,1.67,
exp17i_limits_ablation,ablationfull__ballspeed7__noplot__servebox,"{""--ablation"": ""full"", ""--ball-speed"": 7, ""--no-plot"": null, ""--serve-box"": null}",200,True,active,0.099676,1.98921,0.090527,40.0,100.0,1.8,0.98,1.6,30.0,0.099676,1.704,1.54,
exp17i_limits_ablation,ablationfull__ballspeed7__noplot__servebox,"{""--ablation"": ""full"", ""--ball-speed"": 7, ""--no-plot"": null, ""--serve-box"": null}",201,True,active,0.107671,1.968645,0.098739,45.0,105.0,1.81,1.0,1.9,10.0,0.107671,0.851,1.55,
exp17i_limits_ablation,ablationfull__ballspeed7__noplot__servebox,"{""--ablation"": ""full"", ""--ball-speed"": 7, ""--no-plot"": null, ""--serve-box"": null}",196,False,miss,0.420266,1.977864,0.155366,25.0,0.0,1.77,1.0,2.0,0.0,0.420266,0.0,2.09,
exp17i_limits_ablation,ablationfull__ballspeed7__noplot__servebox,"{""--ablation"": ""full"", ""--ball-speed"": 7, ""--no-plot"": null, ""--serve-box"": null}",191,True,active,0.088705,2.0025,0.088705,40.0,105.0,1.79,0.98,1.9,25.0,0.088705,1.769,3.08,
exp17i_limits_ablation,ablationfull__ballspeed7__noplot__servebox,"{""--ablation"": ""full"", ""--ball-speed"": 7, ""--no-plot"": null, ""--serve-box"": null}",203,True,active,0.025662,2.029405,0.025662,45.0,105.0,1.79,0.99,1.7,20.0,0.025662,0.97,1.65,
exp17i_limits_ablation,ablationfull__ballspeed7__noplot__servebox,"{""--ablation"": ""full"", ""--ball-speed"": 7, ""--no-plot"": null, ""--serve-box"": null}",205,True,active,0.109494,1.962077,0.10656,45.0,105.0,1.66,0.99,1.4,25.0,0.109494,1.532,1.5,
exp17i_limits_ablation,ablationfull__ballspeed7__noplot__servebox,"{""--ablation"": ""full"", ""--ball-speed"": 7, ""--no-plot"": null, ""--serve-box"": null}",206,True,active,0.133347,1.928671,0.126979,45.0,105.0,1.61,0.99,1.5,25.0,0.133347,1.334,1.65,
exp17i_limits_ablation,ablationfull__ballspeed7__noplot__servebox,"{""--ablation"": ""full"", ""--ball-speed"": 7, ""--no-plot"": null, ""--serve-box"": null}",194,True,active,0.073956,1.945259,0.070678,55.0,105.0,1.8,0.96,1.8,30.0,0.073956,1.802,3.06,
exp17i_limits_ablation,ablationfull__ballspeed7__noplot__servebox,"{""--ablation"": ""full"", ""--ball-speed"": 7, ""--no-plot"": null, ""--serve-box"": null}",208,True,active,0.088516,1.979458,0.088516,35.0,105.0,1.81,1.0,1.7,30.0,0.088516,1.768,1.5,
exp17i_limits_ablation,ablationfull__ballspeed7__noplot__servebox,"{""--ablation"": ""full"", ""--ball-speed"": 7, ""--no-plot"": null, ""--serve-box"": null}",210,True,active,0.152088,1.963911,0.145459,30.0,15.0,1.8,1.0,2.0,30.0,0.152088,1.474,1.43,
exp17i_limits_ablation,ablationfull__ballspeed7__noplot__servebox,"{""--ablation"": ""full"", ""--ball-speed"": 7, ""--no-plot"": null, ""--serve-box"": null}",204,True,active,0.054898,2.033646,0.048986,45.0,105.0,1.81,1.0,1.8,10.0,0.054898,1.715,2.38,
exp17i_limits_ablation,ablationfull__ballspeed7__noplot__servebox,"{""--ablation"": ""full"", ""--ball-speed"": 7, ""--no-plot"": null, ""--serve-box"": null}",199,True,active,0.074882,1.997239,0.074882,45.0,105.0,1.8,0.98,1.8,25.0,0.074882,1.247,3.02,
exp17i_limits_ablation,ablationfull__ballspeed7__noplot__servebox,"{""--ablation"": ""full"", ""--ball-speed"": 7, ""--no-plot"": null, ""--serve-box"": null}",212,False,miss,0.397034,1.936002,0.158264,25.0,0.0,1.78,1.0,1.7,0.0,0.397034,0.0,1.45,
exp17i_limits_ablation,ablationfull__ballspeed7__noplot__servebox,"{""--ablation"": ""full"", ""--ball-speed"": 7, ""--no-plot"": null, ""--serve-box"": null}",214,True,active,0.125746,1.785549,0.120493,30.0,40.0,1.78,1.0,2.0,30.0,0.125746,1.538,1.41,
exp17i_limits_ablation,ablationfull__ballspeed7__noplot__servebox,"{""--ablation"": ""full"", ""--ball-speed"": 7, ""--no-plot"": null, ""--serve-box"": null}",202,False,miss,0.339025,2.008899,0.191639,0.0,0.0,1.32,1.0,1.5,0.0,0.339025,0.0,3.04,
exp17i_limits_ablation,ablationfull__ballspeed7__noplot__servebox,"{""--ablation"": ""full"", ""--ball-speed"": 7, ""--no-plot"": null, ""--serve-box"": null}",215,True,active,0.128091,1.97368,0.125526,35.0,105.0,1.79,0.99,1.9,25.0,0.128091,1.677,1.54,
exp17i_limits_ablation,ablationfull__ballspeed7__noplot__servebox,"{""--ablation"": ""full"", ""--ball-speed"": 7, ""--no-plot"": null, ""--serve-box"": null}",213,True,active,0.104487,1.959224,0.102865,45.0,105.0,1.79,0.99,1.7,25.0,0.104487,1.548,1.8,
exp17i_limits_ablation,ablationfull__ballspeed7__noplot__servebox,"{""--ablation"": ""full"", ""--ball-speed"": 7, ""--no-plot"": null, ""--serve-box"": null}",217,True,active,0.134533,1.990962,0.134296,35.0,105.0,1.62,0.99,1.5,30.0,0.134533,1.558,1.62,
exp17i_limits_ablation,ablationfull__ballspeed7__noplot__servebox,"{""--ablation"": ""full"", ""--ball-speed"": 7, ""--no-plot"": null, ""--serve-box"": null}",207,True,active,0.119777,1.969451,0.119777,40.0,105.0,1.31,1.0,1.2,15.0,0.119777,1.121,3.13,
exp17i_limits_ablation,ablationfull__ballspeed7__noplot__servebox,"{""--ablation"": ""full"", ""--ball-speed"": 7, ""--no-plot"": null, ""--serve-box"": null}",218,False,miss,0.369535,1.950033,0.152147,30.0,0.0,1.42,1.0,1.5,0.0,0.369535,0.0,1.55,
exp17i_limits_ablation,ablationfull__ballspeed7__noplot__servebox,"{""--ablation"": ""full"", ""--ball-speed"": 7, ""--no-plot"": null, ""--serve-box"": null}",220,True,active,0.130229,1.93319,0.130229,40.0,90.0,1.27,0.99,1.9,20.0,0.130229,1.007,1.5,
exp17i_limits_ablation,ablationfull__ballspeed7__noplot__servebox,"{""--ablation"": ""full"", ""--ball-speed"": 7, ""--no-plot"": null, ""--serve-box"": null}",219,False,miss,0.410652,1.947397,0.169408,15.0,0.0,1.8,1.0,1.7,0.0,0.410652,0.0,1.73,
exp17i_limits_ablation,ablationfull__ballspeed7__noplot__servebox,"{""--ablation"": ""full"", ""--ball-speed"": 7, ""--no-plot"": null, ""--serve-box"": null}",209,True,active,0.093914,1.954941,0.092095,45.0,105.0,1.54,1.0,1.5,20.0,0.093914,1.24,2.91,
exp17i_limits_ablation,ablationfull__ballspeed7__noplot__servebox,"{""--ablation"": ""full"", ""--ball-speed"": 7, ""--no-plot"": null, ""--serve-box"": null}",211,True,active,0.090636,1.975829,0.075658,15.0,65.0,1.79,0.99,1.9,30.0,0.090636,1.695,2.99,
exp17i_limits_ablation,ablationfull__ballspeed7__noplot__servebox,"{""--ablation"": ""full"", ""--ball-speed"": 7, ""--no-plot"": null, ""--serve-box"": null}",223,True,active,0.144722,1.95055,0.135159,40.0,105.0,1.12,1.0,1.6,5.0,0.144722,0.358,1.53,
exp17i_limits_ablation,ablationfull__ballspeed7__noplot__servebox,"{""--ablation"": ""full"", ""--ball-speed"": 7, ""--no-plot"": null, ""--serve-box"": null}",216,True,active,0.060276,2.013271,0.060276,45.0,105.0,1.77,1.0,1.5,20.0,0.060276,0.766,2.66,
exp17i_limits_ablation,ablationfull__ballspeed7__noplot__servebox,"{""--ablation"": ""full"", ""--ball-speed"": 7, ""--no-plot"": null, ""--serve-box"": null}",226,True,active,0.051837,1.935812,0.051837,45.0,105.0,1.8,1.0,2.0,10.0,0.051837,0.492,1.58,
exp17i_limits_ablation,ablationfull__ballspeed7__noplot__servebox,"{""--ablation"": ""full"", ""--ball-speed"": 7, ""--no-plot"": null, ""--serve-box"": null}",227,True,active,0.103054,1.981503,0.102415,40.0,105.0,1.81,1.0,1.7,25.0,0.103054,1.605,1.47,
exp17i_limits_ablation,ablationfull__ballspeed7__noplot__servebox,"{""--ablation"": ""full"", ""--ball-speed"": 7, ""--no-plot"": null, ""--serve-box"": null}",222,True,active,0.103056,1.964408,0.092831,0.0,0.0,1.63,1.0,1.9,30.0,0.103056,1.533,2.32,
exp17i_limits_ablation,ablationfull__ballspeed7__noplot__servebox,"{""--ablation"": ""full"", ""--ball-speed"": 7, ""--no-plot"": null, ""--serve-box"": null}",228,False,miss,0.400914,1.928351,0.171435,15.0,0.0,1.64,1.0,1.5,0.0,0.400914,0.0,1.7,
exp17i_limits_ablation,ablationfull__ballspeed7__noplot__servebox,"{""--ablation"": ""full"", ""--ball-speed"": 7, ""--no-plot"": null, ""--serve-box"": null}",230,True,active,0.135754,1.975409,0.127137,40.0,90.0,1.79,1.0,1.6,25.0,0.135754,1.674,1.47,
exp17i_limits_ablation,ablationfull__ballspeed7__noplot__servebox,"{""--ablation"": ""full"", ""--ball-speed"": 7, ""--no-plot"": null, ""--serve-box"": null}",225,True,active,0.118373,1.942804,0.117305,40.0,105.0,1.71,1.0,1.8,25.0,0.118373,1.599,2.03,
exp17i_limits_ablation,ablationfull__ballspeed7__noplot__servebox,"{""--ablation"": ""full"", ""--ball-speed"": 7, ""--no-plot"": null, ""--serve-box"": null}",221,True,active,0.136335,1.931497,0.136335,35.0,65.0,1.65,0.99,1.7,20.0,0.136335,1.62,2.74,
exp17i_limits_ablation,ablationfull__ballspeed7__noplot__servebox,"{""--ablation"": ""full"", ""--ball-speed"": 7, ""--no-plot"": null, ""--serve-box"": null}",224,True,active,0.093998,1.988081,0.085719,40.0,105.0,1.8,1.0,1.9,20.0,0.093998,1.622,2.49,
exp17i_limits_ablation,ablationfull__ballspeed7__noplot__servebox,"{""--ablation"": ""full"", ""--ball-speed"": 7, ""--no-plot"": null, ""--serve-box"": null}",234,True,active,0.127049,1.97556,0.119681,40.0,105.0,1.8,1.0,1.8,30.0,0.127049,1.769,1.44,
exp17i_limits_ablation,ablationfull__ballspeed7__noplot__servebox,"{""--ablation"": ""full"", ""--ball-speed"": 7, ""--no-plot"": null, ""--serve-box"": null}",233,True,active,0.116185,1.954013,0.100298,0.0,0.0,1.79,1.0,1.7,25.0,0.116185,1.74,1.92,
exp17i_limits_ablation,ablationfull__ballspeed7__noplot__servebox,"{""--ablation"": ""full"", ""--ball-speed"": 7, ""--no-plot"": null, ""--serve-box"": null}",235,True,active,0.099832,1.990202,0.09432,30.0,80.0,1.81,1.0,1.7,30.0,0.099832,1.714,1.57,
exp17i_limits_ablation,ablationfull__ballspeed7__noplot__servebox,"{""--ablation"": ""full"", ""--ball-speed"": 7, ""--no-plot"": null, ""--serve-box"": null}",236,True,active,0.145818,1.926324,0.136236,45.0,50.0,1.76,0.99,1.7,25.0,0.145818,1.675,1.49,
exp17i_limits_ablation,ablationfull__ballspeed7__noplot__servebox,"{""--ablation"": ""full"", ""--ball-speed"": 7, ""--no-plot"": null, ""--serve-box"": null}",232,True,active,0.111995,1.995251,0.095112,40.0,90.0,1.8,1.0,2.0,10.0,0.111995,1.662,2.16,
exp17i_limits_ablation,ablationfull__ballspeed7__noplot__servebox,"{""--ablation"": ""full"", ""--ball-speed"": 7, ""--no-plot"": null, ""--serve-box"": null}",237,True,active,0.130466,1.995134,0.122963,40.0,85.0,1.81,1.0,2.1,20.0,0.130466,1.629,1.52,
exp17i_limits_ablation,ablationfull__ballspeed7__noplot__servebox,"{""--ablation"": ""full"", ""--ball-speed"": 7, ""--no-plot"": null, ""--serve-box"": null}",231,True,active,0.096826,2.048295,0.094976,40.0,105.0,1.8,0.98,1.9,35.0,0.096826,1.632,2.67,
exp17i_limits_ablation,ablationfull__ballspeed7__noplot__servebox,"{""--ablation"": ""full"", ""--ball-speed"": 7, ""--no-plot"": null, ""--serve-box"": null}",229,True,active,0.062793,1.956147,0.062793,55.0,105.0,1.59,0.96,1.3,15.0,0.062793,0.874,2.81,
exp17i_limits_ablation,ablationfull__ballspeed7__noplot__servebox,"{""--ablation"": ""full"", ""--ball-speed"": 7, ""--no-plot"": null, ""--serve-box"": null}",241,True,active,0.111651,1.963208,0.111617,0.0,45.0,1.8,1.0,2.1,40.0,0.111651,1.596,1.48,
exp17i_limits_ablation,ablationfull__ballspeed7__noplot__servebox,"{""--ablation"": ""full"", ""--ball-speed"": 7, ""--no-plot"": null, ""--serve-box"": null}",240,True,active,0.099147,1.997049,0.099147,35.0,105.0,1.79,0.98,2.1,25.0,0.099147,1.754,1.58,
exp17i_limits_ablation,ablationfull__ballspeed7__noplot__servebox,"{""--ablation"": ""full"", ""--ball-speed"": 7, ""--no-plot"": null, ""--serve-box"": null}",243,True,active,0.084868,1.961689,0.074502,50.0,105.0,1.78,0.99,1.7,25.0,0.084868,1.611,1.47,
exp17i_limits_ablation,ablationfull__ballspeed7__noplot__servebox,"{""--ablation"": ""full"", ""--ball-speed"": 7, ""--no-plot"": null, ""--serve-box"": null}",254,,,,,,,,,,,,,,0.21,no_result
exp17i_limits_ablation,ablationfull__ballspeed7__noplot__servebox,"{""--ablation"": ""full"", ""--ball-speed"": 7, ""--no-plot"": null, ""--serve-box"": null}",245,True,active,0.112488,1.948355,0.092433,0.0,0.0,1.76,1.0,2.0,20.0,0.112488,1.568,1.48,
exp17i_limits_ablation,ablationfull__ballspeed7__noplot__servebox,"{""--ablation"": ""full"", ""--ball-speed"": 7, ""--no-plot"": null, ""--serve-box"": null}",242,True,active,0.061942,1.944685,0.061942,65.0,105.0,1.28,0.97,1.5,10.0,0.061942,0.897,2.24,
exp17i_limits_ablation,ablationfull__ballspeed7__noplot__servebox,"{""--ablation"": ""full"", ""--ball-speed"": 7, ""--no-plot"": null, ""--serve-box"": null}",249,True,active,0.056829,2.01456,0.055848,50.0,105.0,1.79,1.0,1.4,20.0,0.056829,1.426,1.48,
exp17i_limits_ablation,ablationfull__ballspeed7__noplot__servebox,"{""--ablation"": ""full"", ""--ball-speed"": 7, ""--no-plot"": null, ""--serve-box"": null}",238,True,active,0.118614,1.987625,0.118614,40.0,105.0,1.72,0.99,1.6,30.0,0.118614,1.366,2.77,
exp17i_limits_ablation,ablationfull__ballspeed7__noplot__servebox,"{""--ablation"": ""full"", ""--ball-speed"": 7, ""--no-plot"": null, ""--serve-box"": null}",251,True,active,0.136962,1.96745,0.125578,45.0,85.0,1.3,0.99,1.6,5.0,0.136962,0.835,1.71,
exp17i_limits_ablation,ablationfull__ballspeed7__noplot__servebox,"{""--ablation"": ""full"", ""--ball-speed"": 7, ""--no-plot"": null, ""--serve-box"": null}",239,True,active,0.127931,1.953373,0.118494,0.0,0.0,1.78,0.99,1.9,30.0,0.127931,1.707,2.99,
exp17i_limits_ablation,ablationfull__ballspeed7__noplot__servebox,"{""--ablation"": ""full"", ""--ball-speed"": 7, ""--no-plot"": null, ""--serve-box"": null}",250,True,active,0.083396,1.989959,0.079943,55.0,105.0,1.78,0.99,1.8,20.0,0.083396,1.781,1.76,
exp17i_limits_ablation,ablationfull__ballspeed7__noplot__servebox,"{""--ablation"": ""full"", ""--ball-speed"": 7, ""--no-plot"": null, ""--serve-box"": null}",252,True,active,0.109639,1.983472,0.109639,40.0,105.0,1.75,1.0,1.7,25.0,0.109639,1.488,1.6,
exp17i_limits_ablation,ablationfull__ballspeed7__noplot__servebox,"{""--ablation"": ""full"", ""--ball-speed"": 7, ""--no-plot"": null, ""--serve-box"": null}",246,True,active,0.110541,1.97591,0.109936,45.0,105.0,1.78,0.99,1.8,15.0,0.110541,1.637,2.51,
exp17i_limits_ablation,ablationfull__ballspeed7__noplot__servebox,"{""--ablation"": ""full"", ""--ball-speed"": 7, ""--no-plot"": null, ""--serve-box"": null}",253,True,active,0.063982,1.943573,0.063982,40.0,105.0,1.79,0.99,1.7,40.0,0.063982,1.102,1.62,
exp17i_limits_ablation,ablationfull__ballspeed7__noplot__servebox,"{""--ablation"": ""full"", ""--ball-speed"": 7, ""--no-plot"": null, ""--serve-box"": null}",255,False,miss,0.407011,1.965939,0.153826,25.0,0.0,1.77,1.0,2.1,0.0,0.407011,0.0,1.59,
exp17i_limits_ablation,ablationfull__ballspeed7__noplot__servebox,"{""--ablation"": ""full"", ""--ball-speed"": 7, ""--no-plot"": null, ""--serve-box"": null}",257,True,active,0.101923,1.987174,0.095643,35.0,105.0,1.81,0.98,1.9,20.0,0.101923,1.777,1.5,
exp17i_limits_ablation,ablationfull__ballspeed7__noplot__servebox,"{""--ablation"": ""full"", ""--ball-speed"": 7, ""--no-plot"": null, ""--serve-box"": null}",258,True,active,0.055642,1.986625,0.055642,45.0,105.0,1.8,0.98,1.6,25.0,0.055642,1.683,1.53,
exp17i_limits_ablation,ablationfull__ballspeed7__noplot__servebox,"{""--ablation"": ""full"", ""--ball-speed"": 7, ""--no-plot"": null, ""--serve-box"": null}",244,False,miss,0.4025,1.984718,0.1563,25.0,0.0,1.8,0.99,1.8,0.0,0.4025,0.0,3.11,
exp17i_limits_ablation,ablationfull__ballspeed7__noplot__servebox,"{""--ablation"": ""full"", ""--ball-speed"": 7, ""--no-plot"": null, ""--serve-box"": null}",248,True,active,0.124073,1.994432,0.121349,40.0,105.0,1.81,0.99,1.9,20.0,0.124073,1.708,2.99,
exp17i_limits_ablation,ablationfull__ballspeed7__noplot__servebox,"{""--ablation"": ""full"", ""--ball-speed"": 7, ""--no-plot"": null, ""--serve-box"": null}",256,True,active,0.077209,1.970401,0.077209,25.0,65.0,1.81,0.99,1.6,20.0,0.077209,1.719,2.36,
exp17i_limits_ablation,ablationfull__ballspeed7__noplot__servebox,"{""--ablation"": ""full"", ""--ball-speed"": 7, ""--no-plot"": null, ""--serve-box"": null}",261,True,active,0.10923,1.990759,0.100508,45.0,105.0,1.81,1.0,1.6,20.0,0.10923,1.633,1.48,
exp17i_limits_ablation,ablationfull__ballspeed7__noplot__servebox,"{""--ablation"": ""full"", ""--ball-speed"": 7, ""--no-plot"": null, ""--serve-box"": null}",247,True,active,0.069202,2.006917,0.069202,45.0,105.0,1.79,0.99,1.6,25.0,0.069202,1.114,3.22,
exp17i_limits_ablation,ablationfull__ballspeed7__noplot__servebox,"{""--ablation"": ""full"", ""--ball-speed"": 7, ""--no-plot"": null, ""--serve-box"": null}",274,,,,,,,,,,,,,,0.23,no_result
exp17i_limits_ablation,ablationfull__ballspeed7__noplot__servebox,"{""--ablation"": ""full"", ""--ball-speed"": 7, ""--no-plot"": null, ""--serve-box"": null}",263,False,miss,0.375763,1.951867,0.150778,25.0,35.0,1.8,1.0,1.6,0.0,0.375763,0.0,1.51,
exp17i_limits_ablation,ablationfull__ballspeed7__noplot__servebox,"{""--ablation"": ""full"", ""--ball-speed"": 7, ""--no-plot"": null, ""--serve-box"": null}",262,True,active,0.15422,1.959287,0.139453,40.0,90.0,1.3,1.0,1.6,0.0,0.15422,0.548,1.61,
exp17i_limits_ablation,ablationfull__ballspeed7__noplot__servebox,"{""--ablation"": ""full"", ""--ball-speed"": 7, ""--no-plot"": null, ""--serve-box"": null}",265,True,active,0.13439,1.95584,0.129708,40.0,105.0,1.17,1.0,1.3,0.0,0.13439,0.637,1.6,
exp17i_limits_ablation,ablationfull__ballspeed7__noplot__servebox,"{""--ablation"": ""full"", ""--ball-speed"": 7, ""--no-plot"": null, ""--serve-box"": null}",266,True,active,0.083318,1.973032,0.080173,0.0,5.0,1.55,1.0,1.6,10.0,0.083318,0.968,1.6,
exp17i_limits_ablation,ablationfull__ballspeed7__noplot__servebox,"{""--ablation"": ""full"", ""--ball-speed"": 7, ""--no-plot"": null, ""--serve-box"": null}",260,True,active,0.044169,1.981251,0.044169,50.0,105.0,1.61,0.98,1.5,10.0,0.044169,1.613,2.32,
exp17i_limits_ablation,ablationfull__ballspeed7__noplot__servebox,"{""--ablation"": ""full"", ""--ball-speed"": 7, ""--no-plot"": null, ""--serve-box"": null}",269,False,miss,0.382743,1.973286,0.147634,0.0,0.0,1.8,1.0,1.9,0.0,0.382743,0.0,1.54,
exp17i_limits_ablation,ablationfull__ballspeed7__noplot__servebox,"{""--ablation"": ""full"", ""--ball-speed"": 7, ""--no-plot"": null, ""--serve-box"": null}",270,False,miss,0.392535,1.940321,0.129291,0.0,25.0,1.78,1.0,1.7,0.0,0.392535,0.0,1.65,
exp17i_limits_ablation,ablationfull__ballspeed7__noplot__servebox,"{""--ablation"": ""full"", ""--ball-speed"": 7, ""--no-plot"": null, ""--serve-box"": null}",259,True,active,0.088278,1.978624,0.088278,40.0,105.0,1.8,0.99,1.7,30.0,0.088278,1.652,2.95,
exp17i_limits_ablation,ablationfull__ballspeed7__noplot__servebox,"{""--ablation"": ""full"", ""--ball-speed"": 7, ""--no-plot"": null, ""--serve-box"": null}",268,True,active,0.064418,2.005195,0.064418,40.0,105.0,1.8,0.99,1.8,15.0,0.064418,1.47,2.21,
exp17i_limits_ablation,ablationfull__ballspeed7__noplot__servebox,"{""--ablation"": ""full"", ""--ball-speed"": 7, ""--no-plot"": null, ""--serve-box"": null}",273,True,active,0.119431,2.010593,0.119431,35.0,105.0,1.61,0.99,1.5,30.0,0.119431,0.878,1.58,
exp17i_limits_ablation,ablationfull__ballspeed7__noplot__servebox,"{""--ablation"": ""full"", ""--ball-speed"": 7, ""--no-plot"": null, ""--serve-box"": null}",275,True,active,0.107775,1.981531,0.089387,45.0,90.0,1.81,1.0,1.6,30.0,0.107775,1.603,1.5,
exp17i_limits_ablation,ablationfull__ballspeed7__noplot__servebox,"{""--ablation"": ""full"", ""--ball-speed"": 7, ""--no-plot"": null, ""--serve-box"": null}",267,True,active,0.099926,1.952281,0.096664,45.0,105.0,1.77,1.0,1.6,25.0,0.099926,1.647,2.7,
exp17i_limits_ablation,ablationfull__ballspeed7__noplot__servebox,"{""--ablation"": ""full"", ""--ball-speed"": 7, ""--no-plot"": null, ""--serve-box"": null}",276,False,miss,0.409167,1.977536,0.159875,25.0,0.0,1.77,1.0,2.1,0.0,0.409167,0.0,1.48,
exp17i_limits_ablation,ablationfull__ballspeed7__noplot__servebox,"{""--ablation"": ""full"", ""--ball-speed"": 7, ""--no-plot"": null, ""--serve-box"": null}",277,True,active,0.088021,2.022899,0.071319,40.0,105.0,1.8,0.98,1.8,40.0,0.088021,1.733,1.48,
exp17i_limits_ablation,ablationfull__ballspeed7__noplot__servebox,"{""--ablation"": ""full"", ""--ball-speed"": 7, ""--no-plot"": null, ""--serve-box"": null}",264,False,miss,0.447649,1.96672,0.156644,0.0,0.0,1.8,1.0,2.2,0.0,0.447649,0.0,3.15,
exp17i_limits_ablation,ablationfull__ballspeed7__noplot__servebox,"{""--ablation"": ""full"", ""--ball-speed"": 7, ""--no-plot"": null, ""--serve-box"": null}",279,True,active,0.130159,1.998049,0.122291,0.0,0.0,1.8,1.0,1.9,30.0,0.130159,1.76,1.66,
exp17i_limits_ablation,ablationfull__ballspeed7__noplot__servebox,"{""--ablation"": ""full"", ""--ball-speed"": 7, ""--no-plot"": null, ""--serve-box"": null}",278,True,active,0.083318,1.988054,0.072651,45.0,105.0,1.81,0.98,1.7,25.0,0.083318,1.78,1.89,
exp17i_limits_ablation,ablationfull__ballspeed7__noplot__servebox,"{""--ablation"": ""full"", ""--ball-speed"": 7, ""--no-plot"": null, ""--serve-box"": null}",281,True,active,0.102355,2.013874,0.102355,40.0,105.0,1.79,0.98,1.8,30.0,0.102355,1.66,1.53,
exp17i_limits_ablation,ablationfull__ballspeed7__noplot__servebox,"{""--ablation"": ""full"", ""--ball-speed"": 7, ""--no-plot"": null, ""--serve-box"": null}",271,True,active,0.113675,1.982365,0.084267,0.0,15.0,1.8,0.97,1.8,30.0,0.113675,1.8,2.87,
exp17i_limits_ablation,ablationfull__ballspeed7__noplot__servebox,"{""--ablation"": ""full"", ""--ball-speed"": 7, ""--no-plot"": null, ""--serve-box"": null}",282,True,active,0.12009,1.976967,0.12009,45.0,105.0,1.6,0.99,1.8,20.0,0.12009,1.341,1.82,
exp17i_limits_ablation,ablationfull__ballspeed7__noplot__servebox,"{""--ablation"": ""full"", ""--ball-speed"": 7, ""--no-plot"": null, ""--serve-box"": null}",284,True,active,0.09924,1.960296,0.094047,0.0,0.0,1.66,1.0,1.7,20.0,0.09924,1.548,1.6,
exp17i_limits_ablation,ablationfull__ballspeed7__noplot__servebox,"{""--ablation"": ""full"", ""--ball-speed"": 7, ""--no-plot"": null, ""--serve-box"": null}",285,True,active,0.092621,1.984498,0.092621,40.0,105.0,1.57,0.99,1.4,30.0,0.092621,1.35,1.55,
exp17i_limits_ablation,ablationfull__ballspeed7__noplot__servebox,"{""--ablation"": ""full"", ""--ball-speed"": 7, ""--no-plot"": null, ""--serve-box"": null}",272,False,miss,0.371917,1.976094,0.203514,0.0,0.0,1.58,1.0,1.3,0.0,0.371917,0.0,3.1,
exp17i_limits_ablation,ablationfull__ballspeed7__noplot__servebox,"{""--ablation"": ""full"", ""--ball-speed"": 7, ""--no-plot"": null, ""--serve-box"": null}",287,True,active,0.097654,2.002908,0.097654,40.0,105.0,1.81,1.0,1.7,20.0,0.097654,1.708,1.5,
exp17i_limits_ablation,ablationfull__ballspeed7__noplot__servebox,"{""--ablation"": ""full"", ""--ball-speed"": 7, ""--no-plot"": null, ""--serve-box"": null}",289,True,active,0.089022,1.954554,0.078175,35.0,85.0,1.8,1.0,1.9,30.0,0.089022,1.804,1.62,
exp17i_limits_ablation,ablationfull__ballspeed7__noplot__servebox,"{""--ablation"": ""full"", ""--ball-speed"": 7, ""--no-plot"": null, ""--serve-box"": null}",291,True,active,0.03576,2.034807,0.03576,45.0,105.0,1.79,1.0,1.7,20.0,0.03576,1.62,1.45,
exp17i_limits_ablation,ablationfull__ballspeed7__noplot__servebox,"{""--ablation"": ""full"", ""--ball-speed"": 7, ""--no-plot"": null, ""--serve-box"": null}",280,True,active,0.104538,1.987599,0.09236,0.0,0.0,1.79,1.0,2.0,30.0,0.104538,1.639,2.82,
exp17i_limits_ablation,ablationfull__ballspeed7__noplot__servebox,"{""--ablation"": ""full"", ""--ball-speed"": 7, ""--no-plot"": null, ""--serve-box"": null}",283,False,miss,0.394,1.968111,0.13581,35.0,20.0,1.79,0.99,2.1,0.0,0.394,0.0,2.57,
exp17i_limits_ablation,ablationfull__ballspeed7__noplot__servebox,"{""--ablation"": ""full"", ""--ball-speed"": 7, ""--no-plot"": null, ""--serve-box"": null}",292,True,active,0.106251,1.96472,0.094724,45.0,105.0,1.8,0.99,1.7,30.0,0.106251,1.694,1.57,
exp17i_limits_ablation,ablationfull__ballspeed7__noplot__servebox,"{""--ablation"": ""full"", ""--ball-speed"": 7, ""--no-plot"": null, ""--serve-box"": null}",294,True,active,0.095368,1.940357,0.094791,45.0,105.0,1.63,0.98,1.7,25.0,0.095368,1.234,1.49,
exp17i_limits_ablation,ablationfull__ballspeed7__noplot__servebox,"{""--ablation"": ""full"", ""--ball-speed"": 7, ""--no-plot"": null, ""--serve-box"": null}",286,True,active,0.051219,2.009534,0.051219,45.0,105.0,1.76,1.0,1.9,15.0,0.051219,1.154,2.48,
exp17i_limits_ablation,ablationfull__ballspeed7__noplot__servebox,"{""--ablation"": ""full"", ""--ball-speed"": 7, ""--no-plot"": null, ""--serve-box"": null}",296,True,active,0.145575,1.989998,0.143789,0.0,0.0,1.78,0.99,2.1,30.0,0.145575,1.711,1.62,
exp17i_limits_ablation,ablationfull__ballspeed7__noplot__servebox,"{""--ablation"": ""full"", ""--ball-speed"": 7, ""--no-plot"": null, ""--serve-box"": null}",288,False,miss,0.420514,1.957723,0.167395,0.0,0.0,1.8,1.0,1.9,0.0,0.420514,0.0,2.58,
exp17i_limits_ablation,ablationfull__ballspeed7__noplot__servebox,"{""--ablation"": ""full"", ""--ball-speed"": 7, ""--no-plot"": null, ""--serve-box"": null}",295,False,miss,0.393451,1.978482,0.151666,25.0,0.0,1.79,1.0,1.8,0.0,0.393451,0.0,1.96,
exp17i_limits_ablation,ablationfull__ballspeed7__noplot__servebox,"{""--ablation"": ""full"", ""--ball-speed"": 7, ""--no-plot"": null, ""--serve-box"": null}",298,True,active,0.114241,1.999902,0.114241,40.0,105.0,1.79,1.0,2.1,30.0,0.114241,1.682,1.47,
exp17i_limits_ablation,ablationfull__ballspeed7__noplot__servebox,"{""--ablation"": ""full"", ""--ball-speed"": 7, ""--no-plot"": null, ""--serve-box"": null}",300,True,active,0.1409,1.985673,0.126646,45.0,105.0,1.7,1.0,1.5,15.0,0.1409,1.454,1.59,
exp17i_limits_ablation,ablationfull__ballspeed7__noplot__servebox,"{""--ablation"": ""full"", ""--ball-speed"": 7, ""--no-plot"": null, ""--serve-box"": null}",290,False,miss,0.396093,1.935246,0.156781,25.0,0.0,1.73,1.0,2.2,0.0,0.396093,0.0,3.05,
exp17i_limits_ablation,ablationfull__ballspeed7__noplot__servebox,"{""--ablation"": ""full"", ""--ball-speed"": 7, ""--no-plot"": null, ""--serve-box"": null}",302,True,active,0.112815,1.984081,0.103017,45.0,105.0,1.78,1.0,1.8,25.0,0.112815,1.44,1.47,
exp17i_limits_ablation,ablationfull__ballspeed7__noplot__servebox,"{""--ablation"": ""full"", ""--ball-speed"": 7, ""--no-plot"": null, ""--serve-box"": null}",303,False,miss,0.393312,1.988621,0.139727,30.0,0.0,1.8,1.0,1.8,0.0,0.393312,0.0,1.46,
exp17i_limits_ablation,ablationfull__ballspeed7__noplot__servebox,"{""--ablation"": ""full"", ""--ball-speed"": 7, ""--no-plot"": null, ""--serve-box"": null}",304,True,active,0.102149,1.950618,0.088455,40.0,85.0,1.67,1.0,1.6,25.0,0.102149,1.67,1.53,
exp17i_limits_ablation,ablationfull__ballspeed7__noplot__servebox,"{""--ablation"": ""full"", ""--ball-speed"": 7, ""--no-plot"": null, ""--serve-box"": null}",293,False,miss,0.361527,1.921707,0.149314,30.0,60.0,1.7,1.0,1.7,0.0,0.361527,0.0,2.95,
exp17i_limits_ablation,ablationfull__ballspeed7__noplot__servebox,"{""--ablation"": ""full"", ""--ball-speed"": 7, ""--no-plot"": null, ""--serve-box"": null}",299,True,active,0.081582,1.968596,0.081582,40.0,105.0,1.54,0.98,1.4,20.0,0.081582,0.676,2.21,
exp17i_limits_ablation,ablationfull__ballspeed7__noplot__servebox,"{""--ablation"": ""full"", ""--ball-speed"": 7, ""--no-plot"": null, ""--serve-box"": null}",297,True,active,0.087897,1.992409,0.087897,40.0,95.0,1.8,0.96,1.8,25.0,0.087897,1.001,2.49,
exp17i_limits_ablation,ablationfull__ballspeed7__noplot__servebox,"{""--ablation"": ""full"", ""--ball-speed"": 7, ""--no-plot"": null, ""--serve-box"": null}",306,True,active,0.107187,2.000517,0.107187,40.0,105.0,1.8,1.0,1.8,30.0,0.107187,1.772,1.67,
exp17i_limits_ablation,ablationfull__ballspeed7__noplot__servebox,"{""--ablation"": ""full"", ""--ball-speed"": 7, ""--no-plot"": null, ""--serve-box"": null}",307,True,active,0.144955,1.988264,0.143116,0.0,0.0,1.81,1.0,2.1,25.0,0.144955,1.627,1.6,
exp17i_limits_ablation,ablationfull__ballspeed7__noplot__servebox,"{""--ablation"": ""full"", ""--ball-speed"": 7, ""--no-plot"": null, ""--serve-box"": null}",308,False,miss,0.397066,1.966392,0.134666,30.0,50.0,1.79,0.99,1.7,0.0,0.397066,0.0,1.49,
exp17i_limits_ablation,ablationfull__ballspeed7__noplot__servebox,"{""--ablation"": ""full"", ""--ball-speed"": 7, ""--no-plot"": null, ""--serve-box"": null}",305,True,active,0.120849,1.952433,0.080823,45.0,90.0,1.8,1.0,1.8,30.0,0.120849,1.742,2.2,
exp17i_limits_ablation,ablationfull__ballspeed7__noplot__servebox,"{""--ablation"": ""full"", ""--ball-speed"": 7, ""--no-plot"": null, ""--serve-box"": null}",312,True,active,0.10813,2.002086,0.10813,35.0,105.0,1.79,0.99,1.7,30.0,0.10813,1.778,1.51,
exp17i_limits_ablation,ablationfull__ballspeed7__noplot__servebox,"{""--ablation"": ""full"", ""--ball-speed"": 7, ""--no-plot"": null, ""--serve-box"": null}",311,True,active,0.103642,1.978776,0.098114,35.0,105.0,1.76,1.0,1.5,25.0,0.103642,1.647,1.94,
exp17i_limits_ablation,ablationfull__ballspeed7__noplot__servebox,"{""--ablation"": ""full"", ""--ball-speed"": 7, ""--no-plot"": null, ""--serve-box"": null}",313,True,active,0.07904,1.960159,0.077376,50.0,75.0,1.76,0.97,2.1,25.0,0.07904,0.883,1.55,
exp17i_limits_ablation,ablationfull__ballspeed7__noplot__servebox,"{""--ablation"": ""full"", ""--ball-speed"": 7, ""--no-plot"": null, ""--serve-box"": null}",315,True,active,0.094398,1.976477,0.094398,40.0,105.0,1.41,1.0,1.5,15.0,0.094398,1.202,1.53,
exp17i_limits_ablation,ablationfull__ballspeed7__noplot__servebox,"{""--ablation"": ""full"", ""--ball-speed"": 7, ""--no-plot"": null, ""--serve-box"": null}",310,True,active,0.105,1.962347,0.075503,45.0,105.0,1.8,0.98,1.8,30.0,0.105,1.756,2.08,
exp17i_limits_ablation,ablationfull__ballspeed7__noplot__servebox,"{""--ablation"": ""full"", ""--ball-speed"": 7, ""--no-plot"": null, ""--serve-box"": null}",301,True,active,0.043761,1.942069,0.043761,50.0,105.0,1.76,1.0,2.1,15.0,0.043761,0.377,3.1,
exp17i_limits_ablation,ablationfull__ballspeed7__noplot__servebox,"{""--ablation"": ""full"", ""--ball-speed"": 7, ""--no-plot"": null, ""--serve-box"": null}",320,True,active,0.083457,2.028683,0.083457,45.0,105.0,1.8,1.0,1.5,25.0,0.083457,1.443,1.57,
exp17i_limits_ablation,ablationfull__ballspeed7__noplot__servebox,"{""--ablation"": ""full"", ""--ball-speed"": 7, ""--no-plot"": null, ""--serve-box"": null}",319,True,active,0.124863,2.018362,0.124863,40.0,85.0,1.81,0.99,1.6,25.0,0.124863,1.492,1.66,
exp17i_limits_ablation,ablationfull__ballspeed7__noplot__servebox,"{""--ablation"": ""full"", ""--ball-speed"": 7, ""--no-plot"": null, ""--serve-box"": null}",318,True,active,0.096847,1.982456,0.096847,40.0,105.0,1.63,1.0,1.6,20.0,0.096847,1.625,1.92,
exp17i_limits_ablation,ablationfull__ballspeed7__noplot__servebox,"{""--ablation"": ""full"", ""--ball-speed"": 7, ""--no-plot"": null, ""--serve-box"": null}",317,False,miss,0.354716,1.967124,0.18775,0.0,0.0,1.27,0.99,1.5,0.0,0.354716,0.0,2.04,
exp17i_limits_ablation,ablationfull__ballspeed7__noplot__servebox,"{""--ablation"": ""full"", ""--ball-speed"": 7, ""--no-plot"": null, ""--serve-box"": null}",316,True,active,0.080382,1.984071,0.080382,45.0,105.0,1.81,1.0,1.9,35.0,0.080382,1.132,2.11,
exp17i_limits_ablation,ablationfull__ballspeed7__noplot__servebox,"{""--ablation"": ""full"", ""--ball-speed"": 7, ""--no-plot"": null, ""--serve-box"": null}",309,True,active,0.077457,1.936341,0.077457,45.0,105.0,1.8,1.0,2.3,15.0,0.077457,1.722,3.03,
exp17i_limits_ablation,ablationfull__ballspeed7__noplot__servebox,"{""--ablation"": ""full"", ""--ball-speed"": 7, ""--no-plot"": null, ""--serve-box"": null}",321,True,active,0.070097,1.974425,0.070097,45.0,105.0,1.48,1.0,1.5,15.0,0.070097,1.057,1.68,
exp17i_limits_ablation,ablationfull__ballspeed7__noplot__servebox,"{""--ablation"": ""full"", ""--ball-speed"": 7, ""--no-plot"": null, ""--serve-box"": null}",323,True,active,0.122518,1.958435,0.112591,0.0,0.0,1.8,1.0,2.1,30.0,0.122518,1.625,1.55,
exp17i_limits_ablation,ablationfull__ballspeed7__noplot__servebox,"{""--ablation"": ""full"", ""--ball-speed"": 7, ""--no-plot"": null, ""--serve-box"": null}",325,False,miss,0.404332,1.965506,0.154851,25.0,0.0,1.79,0.99,1.8,0.0,0.404332,0.0,1.46,
exp17i_limits_ablation,ablationfull__ballspeed7__noplot__servebox,"{""--ablation"": ""full"", ""--ball-speed"": 7, ""--no-plot"": null, ""--serve-box"": null}",314,True,active,0.069078,2.023007,0.069078,40.0,105.0,1.82,1.0,1.7,20.0,0.069078,1.76,3.02,
exp17i_limits_ablation,ablationfull__ballspeed7__noplot__servebox,"{""--ablation"": ""full"", ""--ball-speed"": 7, ""--no-plot"": null, ""--serve-box"": null}",326,True,active,0.069409,1.998251,0.069409,40.0,105.0,1.81,1.0,1.7,30.0,0.069409,1.799,1.74,
exp17i_limits_ablation,ablationfull__ballspeed7__noplot__servebox,"{""--ablation"": ""full"", ""--ball-speed"": 7, ""--no-plot"": null, ""--serve-box"": null}",329,False,miss,0.384886,1.946996,0.159975,20.0,0.0,1.61,1.0,1.5,0.0,0.384886,0.0,1.69,
exp17i_limits_ablation,ablationfull__ballspeed7__noplot__servebox,"{""--ablation"": ""full"", ""--ball-speed"": 7, ""--no-plot"": null, ""--serve-box"": null}",322,True,active,0.096364,1.983918,0.096364,45.0,105.0,1.51,1.0,1.2,15.0,0.096364,1.346,2.51,
exp17i_limits_ablation,ablationfull__ballspeed7__noplot__servebox,"{""--ablation"": ""full"", ""--ball-speed"": 7, ""--no-plot"": null, ""--serve-box"": null}",330,False,miss,0.448929,1.999941,0.1482,25.0,0.0,1.8,0.99,1.8,0.0,0.448929,0.0,1.55,
exp17i_limits_ablation,ablationfull__ballspeed7__noplot__servebox,"{""--ablation"": ""full"", ""--ball-speed"": 7, ""--no-plot"": null, ""--serve-box"": null}",324,True,active,0.112318,1.875471,0.106286,20.0,35.0,1.78,1.0,1.8,25.0,0.112318,1.761,2.51,
exp17i_limits_ablation,ablationfull__ballspeed7__noplot__servebox,"{""--ablation"": ""full"", ""--ball-speed"": 7, ""--no-plot"": null, ""--serve-box"": null}",334,False,miss,0.426833,1.966841,0.151428,25.0,0.0,1.79,1.0,1.9,0.0,0.426833,0.0,1.48,
exp17i_limits_ablation,ablationfull__ballspeed7__noplot__servebox,"{""--ablation"": ""full"", ""--ball-speed"": 7, ""--no-plot"": null, ""--serve-box"": null}",335,True,active,0.098523,1.98382,0.098523,40.0,105.0,1.79,0.99,1.7,25.0,0.098523,1.777,1.53,
exp17i_limits_ablation,ablationfull__ballspeed7__noplot__servebox,"{""--ablation"": ""full"", ""--ball-speed"": 7, ""--no-plot"": null, ""--serve-box"": null}",328,True,active,0.124568,1.992526,0.122039,40.0,105.0,1.81,0.99,1.8,20.0,0.124568,1.763,2.48,
exp17i_limits_ablation,ablationfull__ballspeed7__noplot__servebox,"{""--ablation"": ""full"", ""--ball-speed"": 7, ""--no-plot"": null, ""--serve-box"": null}",332,True,active,0.124518,1.964133,0.12313,40.0,100.0,1.53,0.98,1.5,20.0,0.124518,1.256,1.77,
exp17i_limits_ablation,ablationfull__ballspeed7__noplot__servebox,"{""--ablation"": ""full"", ""--ball-speed"": 7, ""--no-plot"": null, ""--serve-box"": null}",336,False,miss,0.423242,1.97967,0.158363,0.0,0.0,1.81,1.0,2.2,0.0,0.423242,0.0,1.72,
exp17i_limits_ablation,ablationfull__ballspeed7__noplot__servebox,"{""--ablation"": ""full"", ""--ball-speed"": 7, ""--no-plot"": null, ""--serve-box"": null}",331,True,active,0.125571,1.952993,0.104383,45.0,95.0,1.7,1.0,1.5,25.0,0.125571,1.515,2.11,
exp17i_limits_ablation,ablationfull__ballspeed7__noplot__servebox,"{""--ablation"": ""full"", ""--ball-speed"": 7, ""--no-plot"": null, ""--serve-box"": null}",333,True,active,0.102562,1.977103,0.102562,45.0,105.0,1.8,0.99,1.8,15.0,0.102562,1.669,2.26,
exp17i_limits_ablation,ablationfull__ballspeed7__noplot__servebox,"{""--ablation"": ""full"", ""--ball-speed"": 7, ""--no-plot"": null, ""--serve-box"": null}",327,True,active,0.075021,1.942944,0.075021,50.0,105.0,1.8,0.99,1.7,25.0,0.075021,0.932,3.12,
exp17i_limits_ablation,ablationfull__ballspeed7__noplot__servebox,"{""--ablation"": ""full"", ""--ball-speed"": 7, ""--no-plot"": null, ""--serve-box"": null}",341,True,active,0.12669,2.015514,0.12669,0.0,0.0,1.76,1.0,2.0,35.0,0.12669,1.557,1.49,
exp17i_limits_ablation,ablationfull__ballspeed7__noplot__servebox,"{""--ablation"": ""full"", ""--ball-speed"": 7, ""--no-plot"": null, ""--serve-box"": null}",338,True,active,0.126016,1.962499,0.112593,0.0,0.0,1.79,0.96,1.8,30.0,0.126016,1.717,1.83,
exp17i_limits_ablation,ablationfull__ballspeed7__noplot__servebox,"{""--ablation"": ""full"", ""--ball-speed"": 7, ""--no-plot"": null, ""--serve-box"": null}",342,True,active,0.081789,1.993445,0.081789,40.0,105.0,1.8,1.0,2.0,30.0,0.081789,0.862,1.52,
exp17i_limits_ablation,ablationfull__ballspeed7__noplot__servebox,"{""--ablation"": ""full"", ""--ball-speed"": 7, ""--no-plot"": null, ""--serve-box"": null}",351,,,,,,,,,,,,,,0.3,no_result
exp17i_limits_ablation,ablationfull__ballspeed7__noplot__servebox,"{""--ablation"": ""full"", ""--ball-speed"": 7, ""--no-plot"": null, ""--serve-box"": null}",337,False,miss,0.3452,1.949032,0.188908,0.0,0.0,1.17,1.0,1.7,0.0,0.3452,0.0,2.75,
exp17i_limits_ablation,ablationfull__ballspeed7__noplot__servebox,"{""--ablation"": ""full"", ""--ball-speed"": 7, ""--no-plot"": null, ""--serve-box"": null}",346,False,miss,0.363958,1.975438,0.150755,25.0,0.0,1.6,1.0,1.5,0.0,0.363958,0.0,1.45,
exp17i_limits_ablation,ablationfull__ballspeed7__noplot__servebox,"{""--ablation"": ""full"", ""--ball-speed"": 7, ""--no-plot"": null, ""--serve-box"": null}",345,False,miss,0.410067,1.93407,0.165889,20.0,0.0,1.58,0.98,1.5,0.0,0.410067,0.0,1.58,
exp17i_limits_ablation,ablationfull__ballspeed7__noplot__servebox,"{""--ablation"": ""full"", ""--ball-speed"": 7, ""--no-plot"": null, ""--serve-box"": null}",347,True,passive,0.065152,1.93796,0.06144,50.0,105.0,1.27,1.0,1.6,10.0,0.065152,0.234,1.63,
exp17i_limits_ablation,ablationfull__ballspeed7__noplot__servebox,"{""--ablation"": ""full"", ""--ball-speed"": 7, ""--no-plot"": null, ""--serve-box"": null}",349,True,active,0.057569,1.99344,0.057569,50.0,105.0,1.72,0.89,1.6,20.0,0.057569,1.172,1.48,
exp17i_limits_ablation,ablationfull__ballspeed7__noplot__servebox,"{""--ablation"": ""full"", ""--ball-speed"": 7, ""--no-plot"": null, ""--serve-box"": null}",339,True,active,0.0895,1.940262,0.084266,35.0,90.0,1.79,0.99,1.8,30.0,0.0895,1.714,3.03,
exp17i_limits_ablation,ablationfull__ballspeed7__noplot__servebox,"{""--ablation"": ""full"", ""--ball-speed"": 7, ""--no-plot"": null, ""--serve-box"": null}",340,False,miss,0.402691,1.957229,0.154961,30.0,0.0,1.79,0.99,1.8,0.0,0.402691,0.0,2.94,
exp17i_limits_ablation,ablationfull__ballspeed7__noplot__servebox,"{""--ablation"": ""full"", ""--ball-speed"": 7, ""--no-plot"": null, ""--serve-box"": null}",354,True,active,0.082712,1.992823,0.082712,40.0,105.0,1.69,1.0,1.6,15.0,0.082712,1.21,1.43,
exp17i_limits_ablation,ablationfull__ballspeed7__noplot__servebox,"{""--ablation"": ""full"", ""--ball-speed"": 7, ""--no-plot"": null, ""--serve-box"": null}",352,True,active,0.103585,2.022728,0.103585,40.0,105.0,1.79,0.99,1.8,25.0,0.103585,1.698,1.57,
exp17i_limits_ablation,ablationfull__ballspeed7__noplot__servebox,"{""--ablation"": ""full"", ""--ball-speed"": 7, ""--no-plot"": null, ""--serve-box"": null}",353,True,active,0.122035,1.944031,0.114079,40.0,100.0,1.81,1.0,1.8,30.0,0.122035,1.581,1.56,
exp17i_limits_ablation,ablationfull__ballspeed7__noplot__servebox,"{""--ablation"": ""full"", ""--ball-speed"": 7, ""--no-plot"": null, ""--serve-box"": null}",348,True,active,0.103066,2.003131,0.103066,45.0,105.0,1.81,1.0,1.7,20.0,0.103066,1.569,2.38,
exp17i_limits_ablation,ablationfull__ballspeed7__noplot__servebox,"{""--ablation"": ""full"", ""--ball-speed"": 7, ""--no-plot"": null, ""--serve-box"": null}",343,True,active,0.114045,1.973091,0.112441,35.0,100.0,1.2,0.99,1.3,20.0,0.114045,0.982,2.83,
exp17i_limits_ablation,ablationfull__ballspeed7__noplot__servebox,"{""--ablation"": ""full"", ""--ball-speed"": 7, ""--no-plot"": null, ""--serve-box"": null}",344,True,active,0.066082,1.974088,0.038931,0.0,0.0,1.8,0.95,1.6,30.0,0.066082,1.801,2.93,
exp17i_limits_ablation,ablationfull__ballspeed7__noplot__servebox,"{""--ablation"": ""full"", ""--ball-speed"": 7, ""--no-plot"": null, ""--serve-box"": null}",357,True,active,0.110605,1.957589,0.104732,0.0,0.0,1.79,1.0,2.2,35.0,0.110605,1.758,1.55,
exp17i_limits_ablation,ablationfull__ballspeed7__noplot__servebox,"{""--ablation"": ""full"", ""--ball-speed"": 7, ""--no-plot"": null, ""--serve-box"": null}",350,False,miss,0.392411,1.985576,0.16786,20.0,0.0,1.76,1.0,2.1,0.0,0.392411,0.0,2.67,
exp17i_limits_ablation,ablationfull__ballspeed7__noplot__servebox,"{""--ablation"": ""full"", ""--ball-speed"": 7, ""--no-plot"": null, ""--serve-box"": null}",361,True,active,0.127773,1.997529,0.11635,40.0,105.0,1.8,1.0,1.8,30.0,0.127773,1.629,1.48,
exp17i_limits_ablation,ablationfull__ballspeed7__noplot__servebox,"{""--ablation"": ""full"", ""--ball-speed"": 7, ""--no-plot"": null, ""--serve-box"": null}",360,False,miss,0.342572,1.991271,0.162214,25.0,0.0,1.12,1.0,1.4,0.0,0.342572,0.0,1.52,
exp17i_limits_ablation,ablationfull__ballspeed7__noplot__servebox,"{""--ablation"": ""full"", ""--ball-speed"": 7, ""--no-plot"": null, ""--serve-box"": null}",356,True,active,0.11053,1.935636,0.10946,0.0,0.0,1.79,1.0,1.8,30.0,0.11053,1.79,2.26,
exp17i_limits_ablation,ablationfull__ballspeed7__noplot__servebox,"{""--ablation"": ""full"", ""--ball-speed"": 7, ""--no-plot"": null, ""--serve-box"": null}",355,True,active,0.123579,1.973092,0.09419,50.0,100.0,1.79,1.0,1.6,25.0,0.123579,1.71,2.35,
exp17i_limits_ablation,ablationfull__ballspeed7__noplot__servebox,"{""--ablation"": ""full"", ""--ball-speed"": 7, ""--no-plot"": null, ""--serve-box"": null}",358,True,active,0.051525,2.037891,0.043998,50.0,105.0,1.79,1.0,1.8,5.0,0.051525,1.281,2.05,
exp17i_limits_ablation,ablationfull__ballspeed7__noplot__servebox,"{""--ablation"": ""full"", ""--ball-speed"": 7, ""--no-plot"": null, ""--serve-box"": null}",362,False,miss,0.463083,1.90998,0.152691,25.0,0.0,1.77,1.0,1.9,0.0,0.463083,0.0,1.66,
exp17i_limits_ablation,ablationfull__ballspeed7__noplot__servebox,"{""--ablation"": ""full"", ""--ball-speed"": 7, ""--no-plot"": null, ""--serve-box"": null}",365,True,active,0.066583,1.97401,0.066583,50.0,105.0,1.42,1.0,1.3,15.0,0.066583,1.418,1.52,
exp17i_limits_ablation,ablationfull__ballspeed7__noplot__servebox,"{""--ablation"": ""full"", ""--ball-speed"": 7, ""--no-plot"": null, ""--serve-box"": null}",363,True,active,0.068612,2.031612,0.068612,45.0,105.0,1.8,0.98,1.7,25.0,0.068612,1.729,1.62,
exp17i_limits_ablation,ablationfull__ballspeed7__noplot__servebox,"{""--ablation"": ""full"", ""--ball-speed"": 7, ""--no-plot"": null, ""--serve-box"": null}",359,True,active,0.098175,1.987453,0.098175,40.0,105.0,1.79,0.99,1.7,20.0,0.098175,1.745,2.32,
exp17i_limits_ablation,ablationfull__ballspeed7__noplot__servebox,"{""--ablation"": ""full"", ""--ball-speed"": 7, ""--no-plot"": null, ""--serve-box"": null}",367,False,miss,0.409859,1.936908,0.134935,0.0,0.0,1.78,0.99,2.5,0.0,0.409859,0.0,1.53,
exp17i_limits_ablation,ablationfull__ballspeed7__noplot__servebox,"{""--ablation"": ""full"", ""--ball-speed"": 7, ""--no-plot"": null, ""--serve-box"": null}",368,True,active,0.102006,1.973891,0.102006,40.0,105.0,1.79,0.99,1.7,20.0,0.102006,1.58,1.59,
exp17i_limits_ablation,ablationfull__ballspeed7__noplot__servebox,"{""--ablation"": ""full"", ""--ball-speed"": 7, ""--no-plot"": null, ""--serve-box"": null}",364,True,active,0.094503,1.850666,0.094503,15.0,25.0,1.79,0.98,1.5,20.0,0.094503,1.783,2.31,
exp17i_limits_ablation,ablationfull__ballspeed7__noplot__servebox,"{""--ablation"": ""full"", ""--ball-speed"": 7, ""--no-plot"": null, ""--serve-box"": null}",372,False,miss,0.407733,1.948135,0.180505,10.0,0.0,1.72,1.0,2.1,0.0,0.407733,0.0,1.46,
exp17i_limits_ablation,ablationfull__ballspeed7__noplot__servebox,"{""--ablation"": ""full"", ""--ball-speed"": 7, ""--no-plot"": null, ""--serve-box"": null}",374,True,active,0.07721,1.940711,0.07721,45.0,105.0,1.31,1.0,1.6,10.0,0.07721,0.64,1.52,
exp17i_limits_ablation,ablationfull__ballspeed7__noplot__servebox,"{""--ablation"": ""full"", ""--ball-speed"": 7, ""--no-plot"": null, ""--serve-box"": null}",366,True,active,0.098928,1.96384,0.093779,45.0,105.0,1.81,1.0,1.6,30.0,0.098928,1.753,2.46,
exp17i_limits_ablation,ablationfull__ballspeed7__noplot__servebox,"{""--ablation"": ""full"", ""--ball-speed"": 7, ""--no-plot"": null, ""--serve-box"": null}",369,True,active,0.118551,1.998566,0.118551,35.0,105.0,1.8,0.99,1.8,30.0,0.118551,1.796,2.18,
exp17i_limits_ablation,ablationfull__ballspeed7__noplot__servebox,"{""--ablation"": ""full"", ""--ball-speed"": 7, ""--no-plot"": null, ""--serve-box"": null}",373,True,active,0.046684,1.957395,0.046684,45.0,105.0,1.8,1.0,2.2,35.0,0.046684,1.032,1.82,
exp17i_limits_ablation,ablationfull__ballspeed7__noplot__servebox,"{""--ablation"": ""full"", ""--ball-speed"": 7, ""--no-plot"": null, ""--serve-box"": null}",375,True,active,0.074846,1.98443,0.074846,45.0,105.0,1.62,0.98,1.4,15.0,0.074846,1.544,1.91,
exp17i_limits_ablation,ablationfull__ballspeed7__noplot__servebox,"{""--ablation"": ""full"", ""--ball-speed"": 7, ""--no-plot"": null, ""--serve-box"": null}",378,False,miss,0.375451,1.950942,0.129071,0.0,0.0,1.79,1.0,1.7,0.0,0.375451,0.0,1.53,
exp17i_limits_ablation,ablationfull__ballspeed7__noplot__servebox,"{""--ablation"": ""full"", ""--ball-speed"": 7, ""--no-plot"": null, ""--serve-box"": null}",380,True,active,0.130359,1.974693,0.124967,40.0,90.0,1.8,0.97,1.8,20.0,0.130359,1.752,1.57,
exp17i_limits_ablation,ablationfull__ballspeed7__noplot__servebox,"{""--ablation"": ""full"", ""--ball-speed"": 7, ""--no-plot"": null, ""--serve-box"": null}",371,True,active,0.078778,1.948221,0.078433,55.0,105.0,1.25,1.0,1.2,15.0,0.078778,0.836,2.46,
exp17i_limits_ablation,ablationfull__ballspeed7__noplot__servebox,"{""--ablation"": ""full"", ""--ball-speed"": 7, ""--no-plot"": null, ""--serve-box"": null}",382,False,miss,0.40461,1.987666,0.152172,30.0,25.0,1.59,1.0,1.7,0.0,0.40461,0.0,1.67,
exp17i_limits_ablation,ablationfull__ballspeed7__noplot__servebox,"{""--ablation"": ""full"", ""--ball-speed"": 7, ""--no-plot"": null, ""--serve-box"": null}",370,True,active,0.089514,1.993148,0.089514,40.0,105.0,1.8,1.0,1.7,25.0,0.089514,1.621,3.11,
exp17i_limits_ablation,ablationfull__ballspeed7__noplot__servebox,"{""--ablation"": ""full"", ""--ball-speed"": 7, ""--no-plot"": null, ""--serve-box"": null}",383,True,active,0.10202,2.007076,0.10202,35.0,105.0,1.8,0.99,2.1,40.0,0.10202,1.781,1.57,
exp17i_limits_ablation,ablationfull__ballspeed7__noplot__servebox,"{""--ablation"": ""full"", ""--ball-speed"": 7, ""--no-plot"": null, ""--serve-box"": null}",385,True,active,0.127901,1.980193,0.127485,35.0,105.0,1.78,0.99,1.9,30.0,0.127901,1.777,1.47,
exp17i_limits_ablation,ablationfull__ballspeed7__noplot__servebox,"{""--ablation"": ""full"", ""--ball-speed"": 7, ""--no-plot"": null, ""--serve-box"": null}",386,True,active,0.122145,1.989694,0.11644,25.0,45.0,1.81,1.0,1.9,30.0,0.122145,1.671,1.45,
exp17i_limits_ablation,ablationfull__ballspeed7__noplot__servebox,"{""--ablation"": ""full"", ""--ball-speed"": 7, ""--no-plot"": null, ""--serve-box"": null}",387,False,miss,0.388574,1.946125,0.17464,15.0,0.0,1.46,0.99,1.7,0.0,0.388574,0.0,1.48,
exp17i_limits_ablation,ablationfull__ballspeed7__noplot__servebox,"{""--ablation"": ""full"", ""--ball-speed"": 7, ""--no-plot"": null, ""--serve-box"": null}",388,True,active,0.052574,2.029775,0.052574,45.0,105.0,1.8,1.0,1.4,25.0,0.052574,1.562,1.52,
exp17i_limits_ablation,ablationfull__ballspeed7__noplot__servebox,"{""--ablation"": ""full"", ""--ball-speed"": 7, ""--no-plot"": null, ""--serve-box"": null}",379,True,active,0.073952,1.94077,0.073952,45.0,105.0,1.31,1.0,1.3,20.0,0.073952,1.118,2.79,
exp17i_limits_ablation,ablationfull__ballspeed7__noplot__servebox,"{""--ablation"": ""full"", ""--ball-speed"": 7, ""--no-plot"": null, ""--serve-box"": null}",376,True,active,0.105142,1.979195,0.082449,0.0,35.0,1.8,1.0,1.6,30.0,0.105142,1.682,3.13,
exp17i_limits_ablation,ablationfull__ballspeed7__noplot__servebox,"{""--ablation"": ""full"", ""--ball-speed"": 7, ""--no-plot"": null, ""--serve-box"": null}",377,True,active,0.109539,1.985234,0.109539,40.0,105.0,1.8,0.99,1.9,35.0,0.109539,1.525,3.01,
exp17i_limits_ablation,ablationfull__ballspeed7__noplot__servebox,"{""--ablation"": ""full"", ""--ball-speed"": 7, ""--no-plot"": null, ""--serve-box"": null}",381,True,active,0.090599,2.021478,0.090222,45.0,105.0,1.81,0.99,1.9,20.0,0.090599,1.71,3.02,
exp17i_limits_ablation,ablationfull__ballspeed7__noplot__servebox,"{""--ablation"": ""full"", ""--ball-speed"": 7, ""--no-plot"": null, ""--serve-box"": null}",391,True,active,0.068526,1.995846,0.068526,40.0,105.0,1.8,0.99,1.7,20.0,0.068526,1.646,1.69,
exp17i_limits_ablation,ablationfull__ballspeed7__noplot__servebox,"{""--ablation"": ""full"", ""--ball-speed"": 7, ""--no-plot"": null, ""--serve-box"": null}",390,True,active,0.097139,1.955499,0.082726,30.0,70.0,1.8,1.0,1.6,25.0,0.097139,1.797,1.85,
exp17i_limits_ablation,ablationfull__ballspeed7__noplot__servebox,"{""--ablation"": ""full"", ""--ball-speed"": 7, ""--no-plot"": null, ""--serve-box"": null}",384,True,passive,0.057282,1.932562,0.057282,50.0,105.0,1.74,1.0,1.8,5.0,0.057282,0.231,2.55,
exp17i_limits_ablation,ablationfull__ballspeed7__noplot__servebox,"{""--ablation"": ""full"", ""--ball-speed"": 7, ""--no-plot"": null, ""--serve-box"": null}",389,False,miss,0.380035,1.925589,0.156157,20.0,15.0,1.73,1.0,1.5,0.0,0.380035,0.0,2.05,
exp17i_limits_ablation,ablationfull__ballspeed7__noplot__servebox,"{""--ablation"": ""full"", ""--ball-speed"": 7, ""--no-plot"": null, ""--serve-box"": null}",392,True,active,0.111758,1.996304,0.111758,35.0,105.0,1.65,0.99,1.3,20.0,0.111758,1.607,1.76,
exp17i_limits_ablation,ablationfull__ballspeed7__noplot__servebox,"{""--ablation"": ""full"", ""--ball-speed"": 7, ""--no-plot"": null, ""--serve-box"": null}",394,True,active,0.105973,1.965303,0.104725,40.0,105.0,1.67,1.0,1.6,25.0,0.105973,1.553,1.54,
exp17i_limits_ablation,ablationfull__ballspeed7__noplot__servebox,"{""--ablation"": ""full"", ""--ball-speed"": 7, ""--no-plot"": null, ""--serve-box"": null}",397,True,active,0.110948,1.98996,0.110948,35.0,105.0,1.79,1.0,1.7,20.0,0.110948,1.718,1.59,
exp17i_limits_ablation,ablationfull__ballspeed7__noplot__servebox,"{""--ablation"": ""full"", ""--ball-speed"": 7, ""--no-plot"": null, ""--serve-box"": null}",396,True,active,0.030794,1.970239,0.030794,45.0,105.0,1.79,1.0,1.6,25.0,0.030794,1.503,1.64,
exp17i_limits_ablation,ablationfull__ballspeed7__noplot__servebox,"{""--ablation"": ""full"", ""--ball-speed"": 7, ""--no-plot"": null, ""--serve-box"": null}",398,True,active,0.111273,1.976728,0.111273,40.0,105.0,1.78,0.98,1.5,10.0,0.111273,1.778,1.7,
exp17i_limits_ablation,ablationtube_only__ballspeed7__noplot__servebox,"{""--ablation"": ""tube_only"", ""--ball-speed"": 7, ""--no-plot"": null, ""--serve-box"": null}",1,False,miss,0.231874,1.810486,0.23898,0.0,0.0,1.73,1.0,1.9,0.0,0.231874,0.0,1.57,
exp17i_limits_ablation,ablationfull__ballspeed7__noplot__servebox,"{""--ablation"": ""full"", ""--ball-speed"": 7, ""--no-plot"": null, ""--serve-box"": null}",395,True,active,0.070498,1.95985,0.070498,45.0,105.0,1.76,1.0,1.8,20.0,0.070498,1.648,2.44,
exp17i_limits_ablation,ablationfull__ballspeed7__noplot__servebox,"{""--ablation"": ""full"", ""--ball-speed"": 7, ""--no-plot"": null, ""--serve-box"": null}",399,True,active,0.087303,1.963349,0.087303,45.0,105.0,1.79,1.0,1.9,25.0,0.087303,1.654,2.01,
exp17i_limits_ablation,ablationtube_only__ballspeed7__noplot__servebox,"{""--ablation"": ""tube_only"", ""--ball-speed"": 7, ""--no-plot"": null, ""--serve-box"": null}",3,False,miss,0.348901,1.816747,0.322691,0.0,0.0,1.95,1.36,1.7,0.0,0.348901,0.0,1.56,
exp17i_limits_ablation,ablationtube_only__ballspeed7__noplot__servebox,"{""--ablation"": ""tube_only"", ""--ball-speed"": 7, ""--no-plot"": null, ""--serve-box"": null}",7,True,active,0.118796,1.943146,0.092163,0.0,0.0,1.04,0.99,1.3,15.0,0.118796,1.009,1.65,
exp17i_limits_ablation,ablationfull__ballspeed7__noplot__servebox,"{""--ablation"": ""full"", ""--ball-speed"": 7, ""--no-plot"": null, ""--serve-box"": null}",393,False,miss,0.385902,1.967361,0.156053,25.0,0.0,1.75,1.0,1.5,0.0,0.385902,0.0,3.12,
exp17i_limits_ablation,ablationtube_only__ballspeed7__noplot__servebox,"{""--ablation"": ""tube_only"", ""--ball-speed"": 7, ""--no-plot"": null, ""--serve-box"": null}",4,False,miss,0.363499,1.934946,0.138796,0.0,0.0,1.74,1.0,2.3,0.0,0.363499,0.0,1.87,
exp17i_limits_ablation,ablationtube_only__ballspeed7__noplot__servebox,"{""--ablation"": ""tube_only"", ""--ball-speed"": 7, ""--no-plot"": null, ""--serve-box"": null}",9,True,active,0.144991,1.952221,0.1405,40.0,95.0,1.76,0.99,1.8,10.0,0.144991,1.764,1.48,
exp17i_limits_ablation,ablationtube_only__ballspeed7__noplot__servebox,"{""--ablation"": ""tube_only"", ""--ball-speed"": 7, ""--no-plot"": null, ""--serve-box"": null}",6,True,active,0.093243,1.942388,0.093243,45.0,105.0,1.56,0.97,1.5,10.0,0.093243,0.919,2.04,
exp17i_limits_ablation,ablationtube_only__ballspeed7__noplot__servebox,"{""--ablation"": ""tube_only"", ""--ball-speed"": 7, ""--no-plot"": null, ""--serve-box"": null}",20,,,,,,,,,,,,,,0.18,no_result
exp17i_limits_ablation,ablationtube_only__ballspeed7__noplot__servebox,"{""--ablation"": ""tube_only"", ""--ball-speed"": 7, ""--no-plot"": null, ""--serve-box"": null}",10,True,active,0.088291,1.949777,0.088291,45.0,105.0,1.21,0.99,1.5,15.0,0.088291,0.953,1.51,
exp17i_limits_ablation,ablationtube_only__ballspeed7__noplot__servebox,"{""--ablation"": ""tube_only"", ""--ball-speed"": 7, ""--no-plot"": null, ""--serve-box"": null}",21,,,,,,,,,,,,,,0.18,no_result
exp17i_limits_ablation,ablationtube_only__ballspeed7__noplot__servebox,"{""--ablation"": ""tube_only"", ""--ball-speed"": 7, ""--no-plot"": null, ""--serve-box"": null}",12,True,active,0.025776,2.005649,0.025776,45.0,105.0,1.7,1.0,1.2,15.0,0.025776,1.168,1.44,
exp17i_limits_ablation,ablationfull__ballspeed7__noplot__servebox,"{""--ablation"": ""full"", ""--ball-speed"": 7, ""--no-plot"": null, ""--serve-box"": null}",400,True,active,0.098652,1.973083,0.098652,40.0,105.0,1.74,0.99,1.7,25.0,0.098652,0.812,3.06,
exp17i_limits_ablation,ablationtube_only__ballspeed7__noplot__servebox,"{""--ablation"": ""tube_only"", ""--ball-speed"": 7, ""--no-plot"": null, ""--serve-box"": null}",13,True,active,0.09904,1.914597,0.05891,0.0,0.0,1.51,0.99,1.8,25.0,0.09904,1.458,1.47,
exp17i_limits_ablation,ablationtube_only__ballspeed7__noplot__servebox,"{""--ablation"": ""tube_only"", ""--ball-speed"": 7, ""--no-plot"": null, ""--serve-box"": null}",2,True,active,0.091116,1.938412,0.05186,0.0,0.0,1.74,0.98,2.4,20.0,0.091116,1.68,3.05,
exp17i_limits_ablation,ablationtube_only__ballspeed7__noplot__servebox,"{""--ablation"": ""tube_only"", ""--ball-speed"": 7, ""--no-plot"": null, ""--serve-box"": null}",11,True,active,0.091357,1.933019,0.076241,25.0,70.0,1.78,0.95,1.9,25.0,0.091357,1.762,1.91,
exp17i_limits_ablation,ablationtube_only__ballspeed7__noplot__servebox,"{""--ablation"": ""tube_only"", ""--ball-speed"": 7, ""--no-plot"": null, ""--serve-box"": null}",27,,,,,,,,,,,,,,0.25,no_result
exp17i_limits_ablation,ablationtube_only__ballspeed7__noplot__servebox,"{""--ablation"": ""tube_only"", ""--ball-speed"": 7, ""--no-plot"": null, ""--serve-box"": null}",5,False,miss,0.306414,2.020629,0.079512,0.0,0.0,1.22,0.99,1.5,0.0,0.306414,0.0,2.84,
exp17i_limits_ablation,ablationtube_only__ballspeed7__noplot__servebox,"{""--ablation"": ""tube_only"", ""--ball-speed"": 7, ""--no-plot"": null, ""--serve-box"": null}",8,True,active,0.085258,1.936995,0.084245,40.0,100.0,1.78,0.99,1.7,15.0,0.085258,1.454,2.89,
exp17i_limits_ablation,ablationtube_only__ballspeed7__noplot__servebox,"{""--ablation"": ""tube_only"", ""--ball-speed"": 7, ""--no-plot"": null, ""--serve-box"": null}",16,True,active,0.060392,1.97647,0.031964,0.0,0.0,1.78,0.98,1.7,20.0,0.060392,1.702,1.67,
exp17i_limits_ablation,ablationtube_only__ballspeed7__noplot__servebox,"{""--ablation"": ""tube_only"", ""--ball-speed"": 7, ""--no-plot"": null, ""--serve-box"": null}",19,True,active,0.068228,1.973123,0.050704,0.0,0.0,1.6,0.97,1.2,15.0,0.068228,1.513,1.44,
exp17i_limits_ablation,ablationtube_only__ballspeed7__noplot__servebox,"{""--ablation"": ""tube_only"", ""--ball-speed"": 7, ""--no-plot"": null, ""--serve-box"": null}",17,True,active,0.127697,1.966922,0.103939,50.0,100.0,1.77,1.0,2.1,15.0,0.127697,1.656,1.6,
exp17i_limits_ablation,ablationtube_only__ballspeed7__noplot__servebox,"{""--ablation"": ""tube_only"", ""--ball-speed"": 7, ""--no-plot"": null, ""--serve-box"": null}",15,True,active,0.057743,1.973928,0.057743,40.0,105.0,1.74,0.99,1.4,10.0,0.057743,1.74,2.2,
exp17i_limits_ablation,ablationtube_only__ballspeed7__noplot__servebox,"{""--ablation"": ""tube_only"", ""--ball-speed"": 7, ""--no-plot"": null, ""--serve-box"": null}",22,True,active,0.044501,1.928477,0.044501,0.0,0.0,1.8,0.97,1.9,25.0,0.044501,1.8,1.5,
exp17i_limits_ablation,ablationtube_only__ballspeed7__noplot__servebox,"{""--ablation"": ""tube_only"", ""--ball-speed"": 7, ""--no-plot"": null, ""--serve-box"": null}",23,True,active,0.111381,1.959019,0.105835,45.0,105.0,1.02,1.0,1.0,10.0,0.111381,0.69,1.54,
exp17i_limits_ablation,ablationtube_only__ballspeed7__noplot__servebox,"{""--ablation"": ""tube_only"", ""--ball-speed"": 7, ""--no-plot"": null, ""--serve-box"": null}",24,False,miss,0.322754,1.933787,0.138066,5.0,35.0,1.32,1.0,1.7,0.0,0.322754,0.0,1.55,
exp17i_limits_ablation,ablationtube_only__ballspeed7__noplot__servebox,"{""--ablation"": ""tube_only"", ""--ball-speed"": 7, ""--no-plot"": null, ""--serve-box"": null}",18,True,active,0.035549,1.989336,0.035549,50.0,105.0,1.76,1.0,1.7,5.0,0.035549,1.159,2.17,
exp17i_limits_ablation,ablationtube_only__ballspeed7__noplot__servebox,"{""--ablation"": ""tube_only"", ""--ball-speed"": 7, ""--no-plot"": null, ""--serve-box"": null}",31,False,miss,0.320147,1.942455,0.153049,25.0,0.0,1.52,1.0,1.7,0.0,0.320147,0.0,1.69,
exp17i_limits_ablation,ablationtube_only__ballspeed7__noplot__servebox,"{""--ablation"": ""tube_only"", ""--ball-speed"": 7, ""--no-plot"": null, ""--serve-box"": null}",14,True,passive,0.041837,1.926842,0.041837,50.0,105.0,1.37,1.0,1.7,10.0,0.041837,0.185,3.17,
exp17i_limits_ablation,ablationtube_only__ballspeed7__noplot__servebox,"{""--ablation"": ""tube_only"", ""--ball-speed"": 7, ""--no-plot"": null, ""--serve-box"": null}",32,True,active,0.087794,1.956175,0.087794,40.0,105.0,1.39,0.99,1.5,10.0,0.087794,1.389,1.62,
exp17i_limits_ablation,ablationtube_only__ballspeed7__noplot__servebox,"{""--ablation"": ""tube_only"", ""--ball-speed"": 7, ""--no-plot"": null, ""--serve-box"": null}",28,True,active,0.122434,1.934591,0.10718,0.0,0.0,1.74,1.0,1.9,20.0,0.122434,1.738,2.1,
exp17i_limits_ablation,ablationtube_only__ballspeed7__noplot__servebox,"{""--ablation"": ""tube_only"", ""--ball-speed"": 7, ""--no-plot"": null, ""--serve-box"": null}",33,True,active,0.052299,1.946086,0.052299,35.0,50.0,1.56,0.97,1.8,15.0,0.052299,1.183,1.6,
exp17i_limits_ablation,ablationtube_only__ballspeed7__noplot__servebox,"{""--ablation"": ""tube_only"", ""--ball-speed"": 7, ""--no-plot"": null, ""--serve-box"": null}",34,True,active,0.108,1.978358,0.098494,45.0,105.0,1.43,0.99,1.7,20.0,0.108,1.344,1.53,
exp17i_limits_ablation,ablationtube_only__ballspeed7__noplot__servebox,"{""--ablation"": ""tube_only"", ""--ball-speed"": 7, ""--no-plot"": null, ""--serve-box"": null}",35,False,miss,0.348922,1.953516,0.113757,0.0,30.0,1.67,1.0,1.2,0.0,0.348922,0.0,1.53,
exp17i_limits_ablation,ablationtube_only__ballspeed7__noplot__servebox,"{""--ablation"": ""tube_only"", ""--ball-speed"": 7, ""--no-plot"": null, ""--serve-box"": null}",38,False,miss,0.319316,1.938311,0.148109,30.0,40.0,1.06,0.99,1.2,0.0,0.319316,0.0,1.51,
exp17i_limits_ablation,ablationtube_only__ballspeed7__noplot__servebox,"{""--ablation"": ""tube_only"", ""--ball-speed"": 7, ""--no-plot"": null, ""--serve-box"": null}",26,True,active,0.047739,1.99532,0.047739,45.0,45.0,1.8,0.98,1.8,20.0,0.047739,1.795,2.86,
exp17i_limits_ablation,ablationtube_only__ballspeed7__noplot__servebox,"{""--ablation"": ""tube_only"", ""--ball-speed"": 7, ""--no-plot"": null, ""--serve-box"": null}",25,True,active,0.112957,1.911511,0.103686,0.0,0.0,1.78,0.98,1.8,15.0,0.112957,1.753,3.03,
exp17i_limits_ablation,ablationtube_only__ballspeed7__noplot__servebox,"{""--ablation"": ""tube_only"", ""--ball-speed"": 7, ""--no-plot"": null, ""--serve-box"": null}",29,True,active,0.113037,1.929582,0.098252,0.0,0.0,1.45,1.0,1.5,15.0,0.113037,1.24,3.09,
exp17i_limits_ablation,ablationtube_only__ballspeed7__noplot__servebox,"{""--ablation"": ""tube_only"", ""--ball-speed"": 7, ""--no-plot"": null, ""--serve-box"": null}",40,False,miss,0.330102,1.932145,0.158717,25.0,5.0,1.45,0.99,1.6,0.0,0.330102,0.0,1.77,
exp17i_limits_ablation,ablationtube_only__ballspeed7__noplot__servebox,"{""--ablation"": ""tube_only"", ""--ball-speed"": 7, ""--no-plot"": null, ""--serve-box"": null}",30,True,active,0.110338,1.931617,0.079846,0.0,0.0,1.64,1.0,1.6,20.0,0.110338,1.496,3.14,
exp17i_limits_ablation,ablationtube_only__ballspeed7__noplot__servebox,"{""--ablation"": ""tube_only"", ""--ball-speed"": 7, ""--no-plot"": null, ""--serve-box"": null}",36,True,active,0.087664,1.978766,0.060463,45.0,105.0,1.74,0.96,1.6,20.0,0.087664,1.736,2.37,
exp17i_limits_ablation,ablationtube_only__ballspeed7__noplot__servebox,"{""--ablation"": ""tube_only"", ""--ball-speed"": 7, ""--no-plot"": null, ""--serve-box"": null}",41,False,miss,0.311509,1.98185,0.149989,25.0,40.0,1.28,1.0,1.3,0.0,0.311509,0.0,1.47,
exp17i_limits_ablation,ablationtube_only__ballspeed7__noplot__servebox,"{""--ablation"": ""tube_only"", ""--ball-speed"": 7, ""--no-plot"": null, ""--serve-box"": null}",43,True,active,0.11217,1.95481,0.094206,45.0,85.0,1.76,0.99,1.7,20.0,0.11217,1.69,1.47,
exp17i_limits_ablation,ablationtube_only__ballspeed7__noplot__servebox,"{""--ablation"": ""tube_only"", ""--ball-speed"": 7, ""--no-plot"": null, ""--serve-box"": null}",39,True,active,0.094176,1.94197,0.071417,0.0,0.0,1.54,1.0,1.6,20.0,0.094176,1.538,2.4,
exp17i_limits_ablation,ablationtube_only__ballspeed7__noplot__servebox,"{""--ablation"": ""tube_only"", ""--ball-speed"": 7, ""--no-plot"": null, ""--serve-box"": null}",45,True,active,0.123295,1.958504,0.113588,40.0,105.0,1.25,1.0,1.4,15.0,0.123295,1.005,1.52,
exp17i_limits_ablation,ablationtube_only__ballspeed7__noplot__servebox,"{""--ablation"": ""tube_only"", ""--ball-speed"": 7, ""--no-plot"": null, ""--serve-box"": null}",46,True,active,0.106371,1.985891,0.094681,45.0,105.0,1.67,1.0,1.6,15.0,0.106371,1.668,1.46,
exp17i_limits_ablation,ablationtube_only__ballspeed7__noplot__servebox,"{""--ablation"": ""tube_only"", ""--ball-speed"": 7, ""--no-plot"": null, ""--serve-box"": null}",44,False,miss,0.320458,1.919844,0.111924,30.0,65.0,1.6,0.99,1.7,0.0,0.320458,0.0,1.57,
exp17i_limits_ablation,ablationtube_only__ballspeed7__noplot__servebox,"{""--ablation"": ""tube_only"", ""--ball-speed"": 7, ""--no-plot"": null, ""--serve-box"": null}",37,True,active,0.076816,1.932278,0.064088,0.0,0.0,1.77,0.99,1.9,25.0,0.076816,1.475,3.05,
exp17i_limits_ablation,ablationtube_only__ballspeed7__noplot__servebox,"{""--ablation"": ""tube_only"", ""--ball-speed"": 7, ""--no-plot"": null, ""--serve-box"": null}",49,True,active,0.096812,1.960312,0.09643,40.0,105.0,1.7,1.0,1.6,15.0,0.096812,1.632,1.44,
exp17i_limits_ablation,ablationtube_only__ballspeed7__noplot__servebox,"{""--ablation"": ""tube_only"", ""--ball-speed"": 7, ""--no-plot"": null, ""--serve-box"": null}",42,False,miss,0.350137,1.89581,0.106344,0.0,0.0,1.77,0.99,2.0,0.0,0.350137,0.0,2.34,
exp17i_limits_ablation,ablationtube_only__ballspeed7__noplot__servebox,"{""--ablation"": ""tube_only"", ""--ball-speed"": 7, ""--no-plot"": null, ""--serve-box"": null}",52,True,active,0.072819,1.956645,0.072819,40.0,105.0,1.73,0.98,1.4,15.0,0.072819,1.291,1.6,
exp17i_limits_ablation,ablationtube_only__ballspeed7__noplot__servebox,"{""--ablation"": ""tube_only"", ""--ball-speed"": 7, ""--no-plot"": null, ""--serve-box"": null}",54,True,active,0.077488,1.924887,0.048327,0.0,0.0,1.8,0.97,1.7,20.0,0.077488,1.765,1.5,
exp17i_limits_ablation,ablationtube_only__ballspeed7__noplot__servebox,"{""--ablation"": ""tube_only"", ""--ball-speed"": 7, ""--no-plot"": null, ""--serve-box"": null}",56,True,active,0.131292,1.902365,0.131292,35.0,105.0,1.8,0.99,2.0,20.0,0.131292,1.769,1.48,
exp17i_limits_ablation,ablationtube_only__ballspeed7__noplot__servebox,"{""--ablation"": ""tube_only"", ""--ball-speed"": 7, ""--no-plot"": null, ""--serve-box"": null}",55,False,miss,0.306085,1.925589,0.13917,30.0,95.0,1.4,0.99,1.8,0.0,0.306085,0.0,1.57,
exp17i_limits_ablation,ablationtube_only__ballspeed7__noplot__servebox,"{""--ablation"": ""tube_only"", ""--ball-speed"": 7, ""--no-plot"": null, ""--serve-box"": null}",58,True,active,0.088373,1.950938,0.04066,0.0,0.0,1.33,0.97,1.3,20.0,0.088373,1.328,1.48,
exp17i_limits_ablation,ablationtube_only__ballspeed7__noplot__servebox,"{""--ablation"": ""tube_only"", ""--ball-speed"": 7, ""--no-plot"": null, ""--serve-box"": null}",47,True,active,0.045946,1.951598,0.045946,45.0,105.0,1.12,1.0,1.5,5.0,0.045946,0.65,2.89,
exp17i_limits_ablation,ablationtube_only__ballspeed7__noplot__servebox,"{""--ablation"": ""tube_only"", ""--ball-speed"": 7, ""--no-plot"": null, ""--serve-box"": null}",59,True,active,0.07576,1.97742,0.038193,0.0,0.0,1.79,1.0,1.4,20.0,0.07576,1.746,1.67,
exp17i_limits_ablation,ablationtube_only__ballspeed7__noplot__servebox,"{""--ablation"": ""tube_only"", ""--ball-speed"": 7, ""--no-plot"": null, ""--serve-box"": null}",48,True,active,0.106074,1.954061,0.103637,45.0,105.0,1.17,1.0,1.4,0.0,0.106074,0.628,2.92,
exp17i_limits_ablation,ablationtube_only__ballspeed7__noplot__servebox,"{""--ablation"": ""tube_only"", ""--ball-speed"": 7, ""--no-plot"": null, ""--serve-box"": null}",62,True,active,0.065423,1.970452,0.065423,50.0,105.0,1.24,1.0,1.2,5.0,0.065423,0.926,1.45,
exp17i_limits_ablation,ablationtube_only__ballspeed7__noplot__servebox,"{""--ablation"": ""tube_only"", ""--ball-speed"": 7, ""--no-plot"": null, ""--serve-box"": null}",50,True,active,0.096422,1.93986,0.070797,45.0,85.0,1.78,0.99,1.6,25.0,0.096422,1.76,2.81,
exp17i_limits_ablation,ablationtube_only__ballspeed7__noplot__servebox,"{""--ablation"": ""tube_only"", ""--ball-speed"": 7, ""--no-plot"": null, ""--serve-box"": null}",63,True,active,0.089103,1.981162,0.051136,0.0,0.0,1.74,0.99,1.4,20.0,0.089103,1.562,1.43,
exp17i_limits_ablation,ablationtube_only__ballspeed7__noplot__servebox,"{""--ablation"": ""tube_only"", ""--ball-speed"": 7, ""--no-plot"": null, ""--serve-box"": null}",51,False,miss,0.341879,1.901371,0.189152,0.0,0.0,1.07,0.99,1.5,0.0,0.341879,0.0,2.91,
exp17i_limits_ablation,ablationtube_only__ballspeed7__noplot__servebox,"{""--ablation"": ""tube_only"", ""--ball-speed"": 7, ""--no-plot"": null, ""--serve-box"": null}",64,True,active,0.119069,1.946162,0.117102,45.0,105.0,1.17,1.0,1.1,10.0,0.119069,0.609,1.43,
exp17i_limits_ablation,ablationtube_only__ballspeed7__noplot__servebox,"{""--ablation"": ""tube_only"", ""--ball-speed"": 7, ""--no-plot"": null, ""--serve-box"": null}",60,False,miss,0.372597,1.94697,0.149346,0.0,0.0,1.8,1.0,2.3,0.0,0.372597,0.0,2.59,
exp17i_limits_ablation,ablationtube_only__ballspeed7__noplot__servebox,"{""--ablation"": ""tube_only"", ""--ball-speed"": 7, ""--no-plot"": null, ""--serve-box"": null}",57,True,active,0.043091,2.008797,0.043091,40.0,105.0,1.79,1.0,1.7,10.0,0.043091,1.767,2.68,
exp17i_limits_ablation,ablationtube_only__ballspeed7__noplot__servebox,"{""--ablation"": ""tube_only"", ""--ball-speed"": 7, ""--no-plot"": null, ""--serve-box"": null}",53,True,active,0.103844,1.888303,0.039313,0.0,0.0,1.79,0.98,1.6,30.0,0.103844,1.642,2.99,
exp17i_limits_ablation,ablationtube_only__ballspeed7__noplot__servebox,"{""--ablation"": ""tube_only"", ""--ball-speed"": 7, ""--no-plot"": null, ""--serve-box"": null}",66,True,active,0.129839,1.955546,0.118246,45.0,105.0,1.72,1.0,1.9,15.0,0.129839,1.723,1.47,
exp17i_limits_ablation,ablationtube_only__ballspeed7__noplot__servebox,"{""--ablation"": ""tube_only"", ""--ball-speed"": 7, ""--no-plot"": null, ""--serve-box"": null}",65,True,active,0.128622,1.961664,0.118505,40.0,105.0,1.79,1.0,1.8,10.0,0.128622,0.74,1.57,
exp17i_limits_ablation,ablationtube_only__ballspeed7__noplot__servebox,"{""--ablation"": ""tube_only"", ""--ball-speed"": 7, ""--no-plot"": null, ""--serve-box"": null}",67,True,active,0.107147,1.93191,0.099263,0.0,0.0,1.79,0.95,1.9,15.0,0.107147,1.783,1.65,
exp17i_limits_ablation,ablationtube_only__ballspeed7__noplot__servebox,"{""--ablation"": ""tube_only"", ""--ball-speed"": 7, ""--no-plot"": null, ""--serve-box"": null}",61,True,active,0.06949,1.916828,0.06949,45.0,105.0,1.73,0.95,1.6,15.0,0.06949,1.732,2.74,
exp17i_limits_ablation,ablationtube_only__ballspeed7__noplot__servebox,"{""--ablation"": ""tube_only"", ""--ball-speed"": 7, ""--no-plot"": null, ""--serve-box"": null}",70,True,active,0.104113,1.969205,0.092235,45.0,105.0,1.78,0.99,2.0,15.0,0.104113,1.659,1.6,
exp17i_limits_ablation,ablationtube_only__ballspeed7__noplot__servebox,"{""--ablation"": ""tube_only"", ""--ball-speed"": 7, ""--no-plot"": null, ""--serve-box"": null}",68,True,active,0.107947,1.943465,0.092887,0.0,0.0,1.8,0.98,1.8,20.0,0.107947,1.799,1.81,
exp17i_limits_ablation,ablationtube_only__ballspeed7__noplot__servebox,"{""--ablation"": ""tube_only"", ""--ball-speed"": 7, ""--no-plot"": null, ""--serve-box"": null}",73,False,miss,0.356162,1.935927,0.134711,30.0,80.0,1.77,1.0,1.6,0.0,0.356162,0.0,1.54,
exp17i_limits_ablation,ablationtube_only__ballspeed7__noplot__servebox,"{""--ablation"": ""tube_only"", ""--ball-speed"": 7, ""--no-plot"": null, ""--serve-box"": null}",74,True,active,0.14427,1.936395,0.140837,40.0,75.0,1.43,1.0,1.6,10.0,0.14427,1.247,1.64,
exp17i_limits_ablation,ablationtube_only__ballspeed7__noplot__servebox,"{""--ablation"": ""tube_only"", ""--ball-speed"": 7, ""--no-plot"": null, ""--serve-box"": null}",76,True,active,0.068717,1.932032,0.048644,0.0,0.0,1.65,1.0,1.5,30.0,0.068717,1.285,1.52,
exp17i_limits_ablation,ablationtube_only__ballspeed7__noplot__servebox,"{""--ablation"": ""tube_only"", ""--ball-speed"": 7, ""--no-plot"": null, ""--serve-box"": null}",78,True,active,0.051046,1.940333,0.051046,45.0,105.0,1.79,0.98,2.0,20.0,0.051046,1.764,1.59,
exp17i_limits_ablation,ablationtube_only__ballspeed7__noplot__servebox,"{""--ablation"": ""tube_only"", ""--ball-speed"": 7, ""--no-plot"": null, ""--serve-box"": null}",81,True,active,0.107734,1.966136,0.103984,40.0,105.0,1.8,1.0,1.7,10.0,0.107734,1.532,1.47,
exp17i_limits_ablation,ablationtube_only__ballspeed7__noplot__servebox,"{""--ablation"": ""tube_only"", ""--ball-speed"": 7, ""--no-plot"": null, ""--serve-box"": null}",72,False,miss,0.269173,1.945991,0.159889,25.0,0.0,0.94,0.99,0.9,0.0,0.269173,0.0,2.28,
exp17i_limits_ablation,ablationtube_only__ballspeed7__noplot__servebox,"{""--ablation"": ""tube_only"", ""--ball-speed"": 7, ""--no-plot"": null, ""--serve-box"": null}",69,True,active,0.134572,1.929575,0.114006,50.0,100.0,1.24,0.99,1.6,15.0,0.134572,1.136,2.92,
exp17i_limits_ablation,ablationtube_only__ballspeed7__noplot__servebox,"{""--ablation"": ""tube_only"", ""--ball-speed"": 7, ""--no-plot"": null, ""--serve-box"": null}",80,False,miss,0.334037,1.945444,0.148215,25.0,30.0,1.76,1.0,2.7,0.0,0.334037,0.0,1.83,
exp17i_limits_ablation,ablationtube_only__ballspeed7__noplot__servebox,"{""--ablation"": ""tube_only"", ""--ball-speed"": 7, ""--no-plot"": null, ""--serve-box"": null}",83,True,active,0.1381,1.929743,0.129191,45.0,105.0,1.12,0.98,1.3,10.0,0.1381,0.922,1.52,
exp17i_limits_ablation,ablationtube_only__ballspeed7__noplot__servebox,"{""--ablation"": ""tube_only"", ""--ball-speed"": 7, ""--no-plot"": null, ""--serve-box"": null}",84,True,active,0.107869,1.930127,0.055224,0.0,0.0,1.77,1.0,1.9,25.0,0.107869,1.767,1.47,
exp17i_limits_ablation,ablationtube_only__ballspeed7__noplot__servebox,"{""--ablation"": ""tube_only"", ""--ball-speed"": 7, ""--no-plot"": null, ""--serve-box"": null}",85,True,active,0.094651,1.950217,0.077233,0.0,0.0,1.8,0.99,1.8,25.0,0.094651,1.8,1.46,
exp17i_limits_ablation,ablationtube_only__ballspeed7__noplot__servebox,"{""--ablation"": ""tube_only"", ""--ball-speed"": 7, ""--no-plot"": null, ""--serve-box"": null}",71,True,active,0.110609,1.924196,0.083425,0.0,0.0,1.72,1.0,2.0,20.0,0.110609,1.713,2.86,
exp17i_limits_ablation,ablationtube_only__ballspeed7__noplot__servebox,"{""--ablation"": ""tube_only"", ""--ball-speed"": 7, ""--no-plot"": null, ""--serve-box"": null}",75,False,miss,0.368052,1.917904,0.147089,10.0,10.0,1.62,0.99,1.6,0.0,0.368052,0.0,2.77,
exp17i_limits_ablation,ablationtube_only__ballspeed7__noplot__servebox,"{""--ablation"": ""tube_only"", ""--ball-speed"": 7, ""--no-plot"": null, ""--serve-box"": null}",86,True,active,0.098748,1.949378,0.079095,0.0,5.0,1.3,1.0,1.6,20.0,0.098748,1.078,1.63,
exp17i_limits_ablation,ablationtube_only__ballspeed7__noplot__servebox,"{""--ablation"": ""tube_only"", ""--ball-speed"": 7, ""--no-plot"": null, ""--serve-box"": null}",77,True,active,0.098873,1.924291,0.034487,0.0,0.0,1.52,0.99,1.7,25.0,0.098873,1.451,2.63,
exp17i_limits_ablation,ablationtube_only__ballspeed7__noplot__servebox,"{""--ablation"": ""tube_only"", ""--ball-speed"": 7, ""--no-plot"": null, ""--serve-box"": null}",87,True,active,0.087501,1.944857,0.081286,45.0,105.0,1.76,0.98,1.7,20.0,0.087501,1.735,1.53,
exp17i_limits_ablation,ablationtube_only__ballspeed7__noplot__servebox,"{""--ablation"": ""tube_only"", ""--ball-speed"": 7, ""--no-plot"": null, ""--serve-box"": null}",79,True,active,0.099822,1.919715,0.06067,0.0,0.0,1.78,0.97,1.7,20.0,0.099822,1.777,2.77,
exp17i_limits_ablation,ablationtube_only__ballspeed7__noplot__servebox,"{""--ablation"": ""tube_only"", ""--ball-speed"": 7, ""--no-plot"": null, ""--serve-box"": null}",88,True,active,0.072954,2.006112,0.072954,45.0,105.0,1.5,1.0,1.5,10.0,0.072954,1.505,1.57,
exp17i_limits_ablation,ablationtube_only__ballspeed7__noplot__servebox,"{""--ablation"": ""tube_only"", ""--ball-speed"": 7, ""--no-plot"": null, ""--serve-box"": null}",91,True,active,0.049057,1.986847,0.043338,45.0,105.0,1.8,1.0,1.7,5.0,0.049057,1.375,1.64,
exp17i_limits_ablation,ablationtube_only__ballspeed7__noplot__servebox,"{""--ablation"": ""tube_only"", ""--ball-speed"": 7, ""--no-plot"": null, ""--serve-box"": null}",82,True,active,0.090366,1.942329,0.087056,45.0,105.0,1.69,0.99,1.4,15.0,0.090366,1.61,3.05,
exp17i_limits_ablation,ablationtube_only__ballspeed7__noplot__servebox,"{""--ablation"": ""tube_only"", ""--ball-speed"": 7, ""--no-plot"": null, ""--serve-box"": null}",92,True,active,0.122285,1.943471,0.112202,45.0,105.0,1.4,1.0,1.4,15.0,0.122285,1.251,1.69,
exp17i_limits_ablation,ablationtube_only__ballspeed7__noplot__servebox,"{""--ablation"": ""tube_only"", ""--ball-speed"": 7, ""--no-plot"": null, ""--serve-box"": null}",89,True,active,0.105389,1.933793,0.090172,0.0,0.0,1.61,0.99,1.9,15.0,0.105389,1.539,1.87,
exp17i_limits_ablation,ablationtube_only__ballspeed7__noplot__servebox,"{""--ablation"": ""tube_only"", ""--ball-speed"": 7, ""--no-plot"": null, ""--serve-box"": null}",95,True,active,0.074341,1.964744,0.059858,45.0,105.0,1.77,1.0,1.8,20.0,0.074341,1.496,1.62,
exp17i_limits_ablation,ablationtube_only__ballspeed7__noplot__servebox,"{""--ablation"": ""tube_only"", ""--ball-speed"": 7, ""--no-plot"": null, ""--serve-box"": null}",97,False,miss,0.347149,1.904658,0.126329,0.0,10.0,1.73,1.0,2.0,0.0,0.347149,0.0,1.75,
exp17i_limits_ablation,ablationtube_only__ballspeed7__noplot__servebox,"{""--ablation"": ""tube_only"", ""--ball-speed"": 7, ""--no-plot"": null, ""--serve-box"": null}",99,True,active,0.089388,1.936993,0.089388,45.0,105.0,1.2,1.0,1.4,5.0,0.089388,0.337,1.48,
exp17i_limits_ablation,ablationtube_only__ballspeed7__noplot__servebox,"{""--ablation"": ""tube_only"", ""--ball-speed"": 7, ""--no-plot"": null, ""--serve-box"": null}",98,True,active,0.090321,1.92209,0.028916,0.0,0.0,1.63,0.97,1.2,15.0,0.090321,1.629,1.64,
exp17i_limits_ablation,ablationtube_only__ballspeed7__noplot__servebox,"{""--ablation"": ""tube_only"", ""--ball-speed"": 7, ""--no-plot"": null, ""--serve-box"": null}",101,True,active,0.068701,1.974409,0.068701,40.0,105.0,1.77,0.99,1.5,15.0,0.068701,1.753,1.56,
exp17i_limits_ablation,ablationtube_only__ballspeed7__noplot__servebox,"{""--ablation"": ""tube_only"", ""--ball-speed"": 7, ""--no-plot"": null, ""--serve-box"": null}",100,True,active,0.121774,1.969337,0.106085,50.0,105.0,1.76,0.99,1.8,15.0,0.121774,1.733,1.6,
exp17i_limits_ablation,ablationtube_only__ballspeed7__noplot__servebox,"{""--ablation"": ""tube_only"", ""--ball-speed"": 7, ""--no-plot"": null, ""--serve-box"": null}",90,True,active,0.099776,1.9912,0.091715,45.0,105.0,1.56,1.0,1.6,10.0,0.099776,1.508,2.64,
exp17i_limits_ablation,ablationtube_only__ballspeed7__noplot__servebox,"{""--ablation"": ""tube_only"", ""--ball-speed"": 7, ""--no-plot"": null, ""--serve-box"": null}",103,True,active,0.109613,1.945,0.09922,45.0,105.0,1.74,1.0,1.8,20.0,0.109613,1.737,1.89,
exp17i_limits_ablation,ablationtube_only__ballspeed7__noplot__servebox,"{""--ablation"": ""tube_only"", ""--ball-speed"": 7, ""--no-plot"": null, ""--serve-box"": null}",96,True,active,0.118854,1.914803,0.118019,45.0,105.0,1.0,1.0,1.5,0.0,0.118854,0.472,2.77,
exp17i_limits_ablation,ablationtube_only__ballspeed7__noplot__servebox,"{""--ablation"": ""tube_only"", ""--ball-speed"": 7, ""--no-plot"": null, ""--serve-box"": null}",93,True,active,0.119238,1.951563,0.100377,50.0,105.0,1.75,0.99,2.3,10.0,0.119238,1.634,3.02,
exp17i_limits_ablation,ablationtube_only__ballspeed7__noplot__servebox,"{""--ablation"": ""tube_only"", ""--ball-speed"": 7, ""--no-plot"": null, ""--serve-box"": null}",102,True,active,0.085891,1.970665,0.082683,40.0,105.0,1.8,1.0,1.5,0.0,0.085891,0.905,2.22,
exp17i_limits_ablation,ablationtube_only__ballspeed7__noplot__servebox,"{""--ablation"": ""tube_only"", ""--ball-speed"": 7, ""--no-plot"": null, ""--serve-box"": null}",106,True,active,0.122482,1.924447,0.108891,0.0,0.0,0.93,1.0,1.2,10.0,0.122482,0.82,1.58,
exp17i_limits_ablation,ablationtube_only__ballspeed7__noplot__servebox,"{""--ablation"": ""tube_only"", ""--ball-speed"": 7, ""--no-plot"": null, ""--serve-box"": null}",104,True,active,0.083914,1.957865,0.081713,55.0,105.0,1.07,0.97,1.5,5.0,0.083914,0.746,1.83,
exp17i_limits_ablation,ablationtube_only__ballspeed7__noplot__servebox,"{""--ablation"": ""tube_only"", ""--ball-speed"": 7, ""--no-plot"": null, ""--serve-box"": null}",108,True,active,0.114796,1.973,0.075041,0.0,0.0,1.8,0.99,2.2,10.0,0.114796,1.472,1.49,
exp17i_limits_ablation,ablationtube_only__ballspeed7__noplot__servebox,"{""--ablation"": ""tube_only"", ""--ball-speed"": 7, ""--no-plot"": null, ""--serve-box"": null}",94,True,active,0.069925,1.935317,0.069925,45.0,105.0,1.44,0.99,1.3,10.0,0.069925,0.92,3.16,
exp17i_limits_ablation,ablationtube_only__ballspeed7__noplot__servebox,"{""--ablation"": ""tube_only"", ""--ball-speed"": 7, ""--no-plot"": null, ""--serve-box"": null}",109,True,active,0.040001,1.989472,0.040001,60.0,105.0,1.11,1.0,1.3,0.0,0.040001,0.381,1.51,
exp17i_limits_ablation,ablationtube_only__ballspeed7__noplot__servebox,"{""--ablation"": ""tube_only"", ""--ball-speed"": 7, ""--no-plot"": null, ""--serve-box"": null}",114,False,miss,0.335967,1.914358,0.118803,0.0,0.0,1.77,0.99,2.0,0.0,0.335967,0.0,1.56,
exp17i_limits_ablation,ablationtube_only__ballspeed7__noplot__servebox,"{""--ablation"": ""tube_only"", ""--ball-speed"": 7, ""--no-plot"": null, ""--serve-box"": null}",110,True,active,0.089848,1.906816,0.081809,45.0,65.0,1.57,0.99,1.9,25.0,0.089848,0.746,2.07,
exp17i_limits_ablation,ablationtube_only__ballspeed7__noplot__servebox,"{""--ablation"": ""tube_only"", ""--ball-speed"": 7, ""--no-plot"": null, ""--serve-box"": null}",113,True,active,0.055037,2.009416,0.044381,0.0,0.0,1.74,0.98,1.5,25.0,0.055037,1.65,1.98,
exp17i_limits_ablation,ablationtube_only__ballspeed7__noplot__servebox,"{""--ablation"": ""tube_only"", ""--ball-speed"": 7, ""--no-plot"": null, ""--serve-box"": null}",107,True,passive,0.102072,1.922823,0.096318,45.0,105.0,1.43,0.99,2.1,15.0,0.102072,0.29,2.85,
exp17i_limits_ablation,ablationtube_only__ballspeed7__noplot__servebox,"{""--ablation"": ""tube_only"", ""--ball-speed"": 7, ""--no-plot"": null, ""--serve-box"": null}",105,True,active,0.023645,1.990902,0.023645,45.0,105.0,1.56,0.99,1.4,15.0,0.023645,1.123,2.97,
exp17i_limits_ablation,ablationtube_only__ballspeed7__noplot__servebox,"{""--ablation"": ""tube_only"", ""--ball-speed"": 7, ""--no-plot"": null, ""--serve-box"": null}",115,True,active,0.12309,1.939442,0.104063,50.0,105.0,1.51,1.0,1.5,15.0,0.12309,1.33,1.55,
exp17i_limits_ablation,ablationtube_only__ballspeed7__noplot__servebox,"{""--ablation"": ""tube_only"", ""--ball-speed"": 7, ""--no-plot"": null, ""--serve-box"": null}",116,True,active,0.056667,1.937463,0.053972,45.0,105.0,1.45,1.0,1.1,15.0,0.056667,1.125,1.61,
exp17i_limits_ablation,ablationtube_only__ballspeed7__noplot__servebox,"{""--ablation"": ""tube_only"", ""--ball-speed"": 7, ""--no-plot"": null, ""--serve-box"": null}",111,False,miss,0.340723,1.947756,0.143338,0.0,0.0,1.57,0.99,1.9,0.0,0.340723,0.0,2.36,
exp17i_limits_ablation,ablationtube_only__ballspeed7__noplot__servebox,"{""--ablation"": ""tube_only"", ""--ball-speed"": 7, ""--no-plot"": null, ""--serve-box"": null}",117,True,active,0.040081,2.002471,0.039328,40.0,105.0,1.8,0.99,1.8,5.0,0.040081,1.245,1.55,
exp17i_limits_ablation,ablationtube_only__ballspeed7__noplot__servebox,"{""--ablation"": ""tube_only"", ""--ball-speed"": 7, ""--no-plot"": null, ""--serve-box"": null}",119,True,active,0.100151,1.973008,0.055379,0.0,0.0,1.8,0.99,1.6,15.0,0.100151,1.801,1.54,
exp17i_limits_ablation,ablationtube_only__ballspeed7__noplot__servebox,"{""--ablation"": ""tube_only"", ""--ball-speed"": 7, ""--no-plot"": null, ""--serve-box"": null}",121,True,active,0.076979,1.941947,0.076979,40.0,105.0,1.65,1.0,1.7,15.0,0.076979,1.329,1.52,
exp17i_limits_ablation,ablationtube_only__ballspeed7__noplot__servebox,"{""--ablation"": ""tube_only"", ""--ball-speed"": 7, ""--no-plot"": null, ""--serve-box"": null}",120,True,active,0.074199,1.957734,0.068017,45.0,105.0,1.72,1.0,1.7,15.0,0.074199,1.658,1.81,
exp17i_limits_ablation,ablationtube_only__ballspeed7__noplot__servebox,"{""--ablation"": ""tube_only"", ""--ball-speed"": 7, ""--no-plot"": null, ""--serve-box"": null}",112,False,miss,0.276093,1.872468,0.091059,0.0,0.0,1.6,0.98,1.4,0.0,0.276093,0.0,2.82,
exp17i_limits_ablation,ablationtube_only__ballspeed7__noplot__servebox,"{""--ablation"": ""tube_only"", ""--ball-speed"": 7, ""--no-plot"": null, ""--serve-box"": null}",122,True,active,0.109847,1.950046,0.109354,40.0,105.0,1.41,0.99,1.5,5.0,0.109847,0.432,2.12,
exp17i_limits_ablation,ablationtube_only__ballspeed7__noplot__servebox,"{""--ablation"": ""tube_only"", ""--ball-speed"": 7, ""--no-plot"": null, ""--serve-box"": null}",123,True,active,0.111563,1.925773,0.080623,0.0,0.0,1.29,0.98,1.7,20.0,0.111563,1.289,2.31,
exp17i_limits_ablation,ablationtube_only__ballspeed7__noplot__servebox,"{""--ablation"": ""tube_only"", ""--ball-speed"": 7, ""--no-plot"": null, ""--serve-box"": null}",126,True,active,0.089957,1.903994,0.03819,0.0,0.0,2.02,0.99,1.9,30.0,0.089957,1.689,1.62,
exp17i_limits_ablation,ablationtube_only__ballspeed7__noplot__servebox,"{""--ablation"": ""tube_only"", ""--ball-speed"": 7, ""--no-plot"": null, ""--serve-box"": null}",127,True,active,0.115137,1.9695,0.091767,0.0,0.0,1.78,1.0,1.7,20.0,0.115137,1.69,1.53,
exp17i_limits_ablation,ablationtube_only__ballspeed7__noplot__servebox,"{""--ablation"": ""tube_only"", ""--ball-speed"": 7, ""--no-plot"": null, ""--serve-box"": null}",118,True,active,0.087136,1.921701,0.077057,50.0,105.0,1.76,0.98,1.6,15.0,0.087136,1.732,2.97,
exp17i_limits_ablation,ablationtube_only__ballspeed7__noplot__servebox,"{""--ablation"": ""tube_only"", ""--ball-speed"": 7, ""--no-plot"": null, ""--serve-box"": null}",128,True,active,0.05775,1.943412,0.05775,40.0,105.0,1.78,1.0,1.6,15.0,0.05775,1.784,1.7,
exp17i_limits_ablation,ablationtube_only__ballspeed7__noplot__servebox,"{""--ablation"": ""tube_only"", ""--ball-speed"": 7, ""--no-plot"": null, ""--serve-box"": null}",133,True,active,0.079224,1.956463,0.079224,35.0,105.0,1.77,0.97,1.4,10.0,0.079224,1.775,1.53,
exp17i_limits_ablation,ablationtube_only__ballspeed7__noplot__servebox,"{""--ablation"": ""tube_only"", ""--ball-speed"": 7, ""--no-plot"": null, ""--serve-box"": null}",124,True,active,0.070091,1.95537,0.070091,50.0,105.0,1.29,0.99,1.3,5.0,0.070091,0.864,2.3,
exp17i_limits_ablation,ablationtube_only__ballspeed7__noplot__servebox,"{""--ablation"": ""tube_only"", ""--ball-speed"": 7, ""--no-plot"": null, ""--serve-box"": null}",131,True,active,0.062412,1.974039,0.062412,45.0,105.0,1.48,1.0,1.6,15.0,0.062412,1.164,1.64,
exp17i_limits_ablation,ablationtube_only__ballspeed7__noplot__servebox,"{""--ablation"": ""tube_only"", ""--ball-speed"": 7, ""--no-plot"": null, ""--serve-box"": null}",132,True,active,0.124359,1.951108,0.124359,40.0,105.0,1.04,1.0,1.3,5.0,0.124359,0.726,1.68,
exp17i_limits_ablation,ablationtube_only__ballspeed7__noplot__servebox,"{""--ablation"": ""tube_only"", ""--ball-speed"": 7, ""--no-plot"": null, ""--serve-box"": null}",135,False,miss,0.362844,1.923848,0.141784,0.0,0.0,1.74,0.98,2.4,0.0,0.362844,0.0,1.51,
exp17i_limits_ablation,ablationtube_only__ballspeed7__noplot__servebox,"{""--ablation"": ""tube_only"", ""--ball-speed"": 7, ""--no-plot"": null, ""--serve-box"": null}",130,False,miss,0.336218,1.955304,0.114191,0.0,0.0,1.77,0.99,1.8,0.0,0.336218,0.0,2.22,
exp17i_limits_ablation,ablationtube_only__ballspeed7__noplot__servebox,"{""--ablation"": ""tube_only"", ""--ball-speed"": 7, ""--no-plot"": null, ""--serve-box"": null}",125,True,active,0.062813,1.940458,0.061116,20.0,35.0,1.8,0.98,2.2,25.0,0.062813,1.754,2.84,
exp17i_limits_ablation,ablationtube_only__ballspeed7__noplot__servebox,"{""--ablation"": ""tube_only"", ""--ball-speed"": 7, ""--no-plot"": null, ""--serve-box"": null}",137,True,active,0.080279,2.008144,0.039991,0.0,0.0,1.69,1.0,1.4,25.0,0.080279,1.518,1.7,
exp17i_limits_ablation,ablationtube_only__ballspeed7__noplot__servebox,"{""--ablation"": ""tube_only"", ""--ball-speed"": 7, ""--no-plot"": null, ""--serve-box"": null}",136,False,miss,0.306652,1.93859,0.106466,0.0,0.0,1.7,1.0,1.6,0.0,0.306652,0.0,2.25,
exp17i_limits_ablation,ablationtube_only__ballspeed7__noplot__servebox,"{""--ablation"": ""tube_only"", ""--ball-speed"": 7, ""--no-plot"": null, ""--serve-box"": null}",139,True,active,0.086374,1.951805,0.080012,45.0,105.0,1.67,0.99,1.6,15.0,0.086374,1.511,1.48,
exp17i_limits_ablation,ablationtube_only__ballspeed7__noplot__servebox,"{""--ablation"": ""tube_only"", ""--ball-speed"": 7, ""--no-plot"": null, ""--serve-box"": null}",129,True,active,0.13369,1.947025,0.126204,40.0,90.0,1.65,1.0,1.7,10.0,0.13369,1.647,2.96,
exp17i_limits_ablation,ablationtube_only__ballspeed7__noplot__servebox,"{""--ablation"": ""tube_only"", ""--ball-speed"": 7, ""--no-plot"": null, ""--serve-box"": null}",142,True,active,0.078677,1.919682,0.06469,35.0,55.0,1.44,0.98,1.7,20.0,0.078677,1.351,1.54,
exp17i_limits_ablation,ablationtube_only__ballspeed7__noplot__servebox,"{""--ablation"": ""tube_only"", ""--ball-speed"": 7, ""--no-plot"": null, ""--serve-box"": null}",145,True,active,0.035042,1.989573,0.035042,40.0,105.0,1.78,1.0,1.4,20.0,0.035042,1.387,1.51,
exp17i_limits_ablation,ablationtube_only__ballspeed7__noplot__servebox,"{""--ablation"": ""tube_only"", ""--ball-speed"": 7, ""--no-plot"": null, ""--serve-box"": null}",138,True,active,0.119538,1.921714,0.089511,40.0,65.0,0.96,1.0,1.1,10.0,0.119538,0.96,2.04,
exp17i_limits_ablation,ablationtube_only__ballspeed7__noplot__servebox,"{""--ablation"": ""tube_only"", ""--ball-speed"": 7, ""--no-plot"": null, ""--serve-box"": null}",143,True,passive,0.059509,1.976276,0.059509,50.0,105.0,1.19,0.99,1.2,5.0,0.059509,0.081,1.67,
exp17i_limits_ablation,ablationtube_only__ballspeed7__noplot__servebox,"{""--ablation"": ""tube_only"", ""--ball-speed"": 7, ""--no-plot"": null, ""--serve-box"": null}",134,True,active,0.041906,1.995906,0.041906,45.0,105.0,1.41,1.0,1.4,10.0,0.041906,1.05,3.15,
exp17i_limits_ablation,ablationtube_only__ballspeed7__noplot__servebox,"{""--ablation"": ""tube_only"", ""--ball-speed"": 7, ""--no-plot"": null, ""--serve-box"": null}",147,True,active,0.082968,1.978818,0.082968,40.0,105.0,1.68,1.0,1.6,10.0,0.082968,1.39,1.46,
exp17i_limits_ablation,ablationtube_only__ballspeed7__noplot__servebox,"{""--ablation"": ""tube_only"", ""--ball-speed"": 7, ""--no-plot"": null, ""--serve-box"": null}",140,True,active,0.082558,1.940391,0.071841,0.0,0.0,1.62,0.97,1.9,15.0,0.082558,1.317,2.33,
exp17i_limits_ablation,ablationtube_only__ballspeed7__noplot__servebox,"{""--ablation"": ""tube_only"", ""--ball-speed"": 7, ""--no-plot"": null, ""--serve-box"": null}",148,True,active,0.109772,1.9441,0.100996,45.0,80.0,1.54,0.99,1.5,15.0,0.109772,1.428,1.64,
exp17i_limits_ablation,ablationtube_only__ballspeed7__noplot__servebox,"{""--ablation"": ""tube_only"", ""--ball-speed"": 7, ""--no-plot"": null, ""--serve-box"": null}",144,True,active,0.033663,2.042421,0.033663,50.0,105.0,1.72,0.99,1.6,20.0,0.033663,1.041,2.38,
exp17i_limits_ablation,ablationtube_only__ballspeed7__noplot__servebox,"{""--ablation"": ""tube_only"", ""--ball-speed"": 7, ""--no-plot"": null, ""--serve-box"": null}",150,True,active,0.069683,1.981062,0.066201,40.0,105.0,1.78,0.99,1.8,5.0,0.069683,1.227,1.51,
exp17i_limits_ablation,ablationtube_only__ballspeed7__noplot__servebox,"{""--ablation"": ""tube_only"", ""--ball-speed"": 7, ""--no-plot"": null, ""--serve-box"": null}",146,True,active,0.077069,1.916151,0.073283,45.0,105.0,1.67,0.98,2.0,15.0,0.077069,1.571,2.51,
exp17i_limits_ablation,ablationtube_only__ballspeed7__noplot__servebox,"{""--ablation"": ""tube_only"", ""--ball-speed"": 7, ""--no-plot"": null, ""--serve-box"": null}",151,True,active,0.125833,1.911248,0.109132,45.0,105.0,1.58,1.0,1.3,15.0,0.125833,1.251,1.52,
exp17i_limits_ablation,ablationtube_only__ballspeed7__noplot__servebox,"{""--ablation"": ""tube_only"", ""--ball-speed"": 7, ""--no-plot"": null, ""--serve-box"": null}",152,True,active,0.087052,1.95987,0.075286,50.0,105.0,1.6,0.99,1.8,15.0,0.087052,1.143,1.56,
exp17i_limits_ablation,ablationtube_only__ballspeed7__noplot__servebox,"{""--ablation"": ""tube_only"", ""--ball-speed"": 7, ""--no-plot"": null, ""--serve-box"": null}",153,True,active,0.099686,1.934191,0.096124,45.0,105.0,1.39,1.0,1.3,15.0,0.099686,1.176,1.6,
exp17i_limits_ablation,ablationtube_only__ballspeed7__noplot__servebox,"{""--ablation"": ""tube_only"", ""--ball-speed"": 7, ""--no-plot"": null, ""--serve-box"": null}",141,True,active,0.096653,1.963811,0.080679,0.0,0.0,1.68,0.99,1.7,25.0,0.096653,1.618,2.99,
exp17i_limits_ablation,ablationtube_only__ballspeed7__noplot__servebox,"{""--ablation"": ""tube_only"", ""--ball-speed"": 7, ""--no-plot"": null, ""--serve-box"": null}",154,True,active,0.126995,1.962626,0.126995,40.0,100.0,1.65,0.99,1.7,10.0,0.126995,1.54,1.57,
exp17i_limits_ablation,ablationtube_only__ballspeed7__noplot__servebox,"{""--ablation"": ""tube_only"", ""--ball-speed"": 7, ""--no-plot"": null, ""--serve-box"": null}",158,True,active,0.075115,2.006786,0.070038,45.0,105.0,1.51,0.99,1.6,15.0,0.075115,1.498,1.49,
exp17i_limits_ablation,ablationtube_only__ballspeed7__noplot__servebox,"{""--ablation"": ""tube_only"", ""--ball-speed"": 7, ""--no-plot"": null, ""--serve-box"": null}",159,True,active,0.130981,1.943973,0.129718,40.0,105.0,1.13,0.99,1.3,10.0,0.130981,1.131,1.7,
exp17i_limits_ablation,ablationtube_only__ballspeed7__noplot__servebox,"{""--ablation"": ""tube_only"", ""--ball-speed"": 7, ""--no-plot"": null, ""--serve-box"": null}",149,False,miss,0.349793,1.925817,0.161221,25.0,0.0,1.74,1.0,2.2,0.0,0.349793,0.0,2.9,
exp17i_limits_ablation,ablationtube_only__ballspeed7__noplot__servebox,"{""--ablation"": ""tube_only"", ""--ball-speed"": 7, ""--no-plot"": null, ""--serve-box"": null}",162,True,active,0.098835,1.945847,0.094145,0.0,0.0,1.34,0.99,1.2,15.0,0.098835,1.226,1.67,
exp17i_limits_ablation,ablationtube_only__ballspeed7__noplot__servebox,"{""--ablation"": ""tube_only"", ""--ball-speed"": 7, ""--no-plot"": null, ""--serve-box"": null}",164,True,active,0.094947,1.945551,0.03912,0.0,0.0,1.72,0.99,1.9,25.0,0.094947,1.532,1.56,
exp17i_limits_ablation,ablationtube_only__ballspeed7__noplot__servebox,"{""--ablation"": ""tube_only"", ""--ball-speed"": 7, ""--no-plot"": null, ""--serve-box"": null}",161,True,active,0.016874,1.97311,0.016874,60.0,105.0,1.63,0.99,1.7,5.0,0.016874,0.915,1.94,
exp17i_limits_ablation,ablationtube_only__ballspeed7__noplot__servebox,"{""--ablation"": ""tube_only"", ""--ball-speed"": 7, ""--no-plot"": null, ""--serve-box"": null}",165,True,active,0.046215,1.95178,0.04304,0.0,0.0,1.5,0.98,1.6,20.0,0.046215,1.259,1.59,
exp17i_limits_ablation,ablationtube_only__ballspeed7__noplot__servebox,"{""--ablation"": ""tube_only"", ""--ball-speed"": 7, ""--no-plot"": null, ""--serve-box"": null}",155,True,active,0.045697,1.965171,0.045697,20.0,55.0,1.72,0.98,1.6,20.0,0.045697,1.695,2.74,
exp17i_limits_ablation,ablationtube_only__ballspeed7__noplot__servebox,"{""--ablation"": ""tube_only"", ""--ball-speed"": 7, ""--no-plot"": null, ""--serve-box"": null}",156,True,active,0.109599,1.95132,0.079742,0.0,0.0,1.77,1.0,1.7,25.0,0.109599,1.694,2.7,
exp17i_limits_ablation,ablationtube_only__ballspeed7__noplot__servebox,"{""--ablation"": ""tube_only"", ""--ball-speed"": 7, ""--no-plot"": null, ""--serve-box"": null}",167,True,active,0.029471,2.031165,0.029471,0.0,0.0,1.78,1.0,1.7,25.0,0.029471,1.734,1.52,
exp17i_limits_ablation,ablationtube_only__ballspeed7__noplot__servebox,"{""--ablation"": ""tube_only"", ""--ball-speed"": 7, ""--no-plot"": null, ""--serve-box"": null}",168,True,active,0.055902,2.007542,0.032445,0.0,0.0,2.01,0.98,2.2,25.0,0.055902,1.339,1.6,
exp17i_limits_ablation,ablationtube_only__ballspeed7__noplot__servebox,"{""--ablation"": ""tube_only"", ""--ball-speed"": 7, ""--no-plot"": null, ""--serve-box"": null}",169,True,active,0.083749,1.956133,0.055153,0.0,5.0,1.77,1.0,1.4,20.0,0.083749,1.768,1.62,
exp17i_limits_ablation,ablationtube_only__ballspeed7__noplot__servebox,"{""--ablation"": ""tube_only"", ""--ball-speed"": 7, ""--no-plot"": null, ""--serve-box"": null}",170,True,active,0.083629,1.929506,0.067817,0.0,0.0,1.69,0.99,1.7,20.0,0.083629,1.606,1.53,
exp17i_limits_ablation,ablationtube_only__ballspeed7__noplot__servebox,"{""--ablation"": ""tube_only"", ""--ball-speed"": 7, ""--no-plot"": null, ""--serve-box"": null}",157,True,active,0.09699,1.93932,0.081565,40.0,65.0,1.64,1.0,1.5,20.0,0.09699,1.407,3.16,
exp17i_limits_ablation,ablationtube_only__ballspeed7__noplot__servebox,"{""--ablation"": ""tube_only"", ""--ball-speed"": 7, ""--no-plot"": null, ""--serve-box"": null}",166,False,miss,0.30345,1.896358,0.142333,0.0,0.0,1.06,1.0,1.3,0.0,0.30345,0.0,2.16,
exp17i_limits_ablation,ablationtube_only__ballspeed7__noplot__servebox,"{""--ablation"": ""tube_only"", ""--ball-speed"": 7, ""--no-plot"": null, ""--serve-box"": null}",160,True,active,0.13936,1.95901,0.12743,45.0,85.0,1.27,0.99,1.8,10.0,0.13936,1.212,3.11,
exp17i_limits_ablation,ablationtube_only__ballspeed7__noplot__servebox,"{""--ablation"": ""tube_only"", ""--ball-speed"": 7, ""--no-plot"": null, ""--serve-box"": null}",163,True,active,0.071835,1.941827,0.071835,40.0,105.0,1.64,0.99,1.6,15.0,0.071835,1.532,2.83,
exp17i_limits_ablation,ablationtube_only__ballspeed7__noplot__servebox,"{""--ablation"": ""tube_only"", ""--ball-speed"": 7, ""--no-plot"": null, ""--serve-box"": null}",171,True,active,0.05831,1.967803,0.05831,45.0,105.0,1.25,1.0,1.6,5.0,0.05831,0.549,1.98,
exp17i_limits_ablation,ablationtube_only__ballspeed7__noplot__servebox,"{""--ablation"": ""tube_only"", ""--ball-speed"": 7, ""--no-plot"": null, ""--serve-box"": null}",173,True,active,0.12077,1.947906,0.10442,45.0,105.0,1.6,0.99,1.5,20.0,0.12077,1.231,1.54,
exp17i_limits_ablation,ablationtube_only__ballspeed7__noplot__servebox,"{""--ablation"": ""tube_only"", ""--ball-speed"": 7, ""--no-plot"": null, ""--serve-box"": null}",175,True,active,0.064713,1.957798,0.044328,0.0,0.0,1.8,0.98,1.8,25.0,0.064713,1.762,1.61,
exp17i_limits_ablation,ablationtube_only__ballspeed7__noplot__servebox,"{""--ablation"": ""tube_only"", ""--ball-speed"": 7, ""--no-plot"": null, ""--serve-box"": null}",179,False,miss,0.336263,1.940063,0.142731,5.0,30.0,1.54,0.99,1.8,0.0,0.336263,0.0,1.51,
exp17i_limits_ablation,ablationtube_only__ballspeed7__noplot__servebox,"{""--ablation"": ""tube_only"", ""--ball-speed"": 7, ""--no-plot"": null, ""--serve-box"": null}",180,False,miss,0.296605,1.953564,0.104899,0.0,0.0,1.65,0.98,1.6,0.0,0.296605,0.0,1.42,
exp17i_limits_ablation,ablationtube_only__ballspeed7__noplot__servebox,"{""--ablation"": ""tube_only"", ""--ball-speed"": 7, ""--no-plot"": null, ""--serve-box"": null}",178,True,active,0.101423,1.956798,0.063498,0.0,0.0,1.45,1.0,1.7,25.0,0.101423,1.273,1.72,
exp17i_limits_ablation,ablationtube_only__ballspeed7__noplot__servebox,"{""--ablation"": ""tube_only"", ""--ball-speed"": 7, ""--no-plot"": null, ""--serve-box"": null}",172,True,active,0.091433,1.917017,0.077439,15.0,35.0,1.44,0.97,1.8,25.0,0.091433,1.229,2.58,
exp17i_limits_ablation,ablationtube_only__ballspeed7__noplot__servebox,"{""--ablation"": ""tube_only"", ""--ball-speed"": 7, ""--no-plot"": null, ""--serve-box"": null}",182,True,active,0.100933,1.964066,0.092415,40.0,105.0,1.78,0.95,1.6,15.0,0.100933,1.758,1.77,
exp17i_limits_ablation,ablationtube_only__ballspeed7__noplot__servebox,"{""--ablation"": ""tube_only"", ""--ball-speed"": 7, ""--no-plot"": null, ""--serve-box"": null}",184,True,active,0.046671,1.966975,0.046671,30.0,45.0,1.8,0.99,1.8,25.0,0.046671,1.284,1.69,
exp17i_limits_ablation,ablationtube_only__ballspeed7__noplot__servebox,"{""--ablation"": ""tube_only"", ""--ball-speed"": 7, ""--no-plot"": null, ""--serve-box"": null}",185,True,active,0.086622,1.891123,0.079236,0.0,0.0,1.57,0.99,1.9,25.0,0.086622,0.964,1.54,
exp17i_limits_ablation,ablationtube_only__ballspeed7__noplot__servebox,"{""--ablation"": ""tube_only"", ""--ball-speed"": 7, ""--no-plot"": null, ""--serve-box"": null}",174,True,active,0.087662,1.917437,0.034448,0.0,0.0,1.81,1.0,1.8,25.0,0.087662,1.69,2.55,
exp17i_limits_ablation,ablationtube_only__ballspeed7__noplot__servebox,"{""--ablation"": ""tube_only"", ""--ball-speed"": 7, ""--no-plot"": null, ""--serve-box"": null}",186,True,active,0.042542,1.98065,0.042542,50.0,105.0,1.66,1.0,1.4,5.0,0.042542,0.801,1.71,
exp17i_limits_ablation,ablationtube_only__ballspeed7__noplot__servebox,"{""--ablation"": ""tube_only"", ""--ball-speed"": 7, ""--no-plot"": null, ""--serve-box"": null}",187,True,active,0.087134,1.976054,0.074216,50.0,70.0,1.29,1.0,1.5,15.0,0.087134,0.724,1.52,
exp17i_limits_ablation,ablationtube_only__ballspeed7__noplot__servebox,"{""--ablation"": ""tube_only"", ""--ball-speed"": 7, ""--no-plot"": null, ""--serve-box"": null}",188,True,active,0.103876,1.934966,0.103876,35.0,105.0,1.77,0.99,1.7,15.0,0.103876,1.726,1.48,
exp17i_limits_ablation,ablationtube_only__ballspeed7__noplot__servebox,"{""--ablation"": ""tube_only"", ""--ball-speed"": 7, ""--no-plot"": null, ""--serve-box"": null}",176,False,miss,0.303129,1.937675,0.174787,15.0,0.0,0.99,1.0,1.1,0.0,0.303129,0.0,3.03,
exp17i_limits_ablation,ablationtube_only__ballspeed7__noplot__servebox,"{""--ablation"": ""tube_only"", ""--ball-speed"": 7, ""--no-plot"": null, ""--serve-box"": null}",177,False,miss,0.342959,1.919435,0.126658,0.0,0.0,1.44,0.98,1.4,0.0,0.342959,0.0,3.08,
exp17i_limits_ablation,ablationtube_only__ballspeed7__noplot__servebox,"{""--ablation"": ""tube_only"", ""--ball-speed"": 7, ""--no-plot"": null, ""--serve-box"": null}",192,True,active,0.086385,1.897816,0.034941,0.0,0.0,1.75,0.99,1.6,25.0,0.086385,1.754,1.57,
exp17i_limits_ablation,ablationtube_only__ballspeed7__noplot__servebox,"{""--ablation"": ""tube_only"", ""--ball-speed"": 7, ""--no-plot"": null, ""--serve-box"": null}",181,True,active,0.06906,1.898276,0.06906,50.0,105.0,1.24,0.99,1.6,15.0,0.06906,1.19,2.94,
exp17i_limits_ablation,ablationtube_only__ballspeed7__noplot__servebox,"{""--ablation"": ""tube_only"", ""--ball-speed"": 7, ""--no-plot"": null, ""--serve-box"": null}",190,True,active,0.080637,1.96025,0.065568,50.0,105.0,1.2,0.97,1.3,15.0,0.080637,1.003,1.89,
exp17i_limits_ablation,ablationtube_only__ballspeed7__noplot__servebox,"{""--ablation"": ""tube_only"", ""--ball-speed"": 7, ""--no-plot"": null, ""--serve-box"": null}",193,False,miss,0.330883,1.921412,0.154747,30.0,20.0,1.41,1.0,1.5,0.0,0.330883,0.0,1.44,
exp17i_limits_ablation,ablationtube_only__ballspeed7__noplot__servebox,"{""--ablation"": ""tube_only"", ""--ball-speed"": 7, ""--no-plot"": null, ""--serve-box"": null}",183,True,active,0.031601,1.939748,0.031601,45.0,85.0,1.55,1.0,1.5,15.0,0.031601,1.506,3.1,
exp17i_limits_ablation,ablationtube_only__ballspeed7__noplot__servebox,"{""--ablation"": ""tube_only"", ""--ball-speed"": 7, ""--no-plot"": null, ""--serve-box"": null}",194,True,active,0.064266,1.955913,0.054387,50.0,105.0,1.8,0.99,1.5,15.0,0.064266,1.798,1.56,
exp17i_limits_ablation,ablationtube_only__ballspeed7__noplot__servebox,"{""--ablation"": ""tube_only"", ""--ball-speed"": 7, ""--no-plot"": null, ""--serve-box"": null}",189,True,active,0.114208,1.982888,0.096636,50.0,105.0,1.8,0.93,1.7,15.0,0.114208,1.766,2.37,
exp17i_limits_ablation,ablationtube_only__ballspeed7__noplot__servebox,"{""--ablation"": ""tube_only"", ""--ball-speed"": 7, ""--no-plot"": null, ""--serve-box"": null}",191,False,miss,0.314105,1.947224,0.149573,25.0,45.0,1.3,0.99,1.5,0.0,0.314105,0.0,2.34,
exp17i_limits_ablation,ablationtube_only__ballspeed7__noplot__servebox,"{""--ablation"": ""tube_only"", ""--ball-speed"": 7, ""--no-plot"": null, ""--serve-box"": null}",197,True,active,0.11081,1.900718,0.088866,55.0,105.0,1.06,1.0,1.2,15.0,0.11081,0.622,1.61,
exp17i_limits_ablation,ablationtube_only__ballspeed7__noplot__servebox,"{""--ablation"": ""tube_only"", ""--ball-speed"": 7, ""--no-plot"": null, ""--serve-box"": null}",195,True,active,0.074084,1.997475,0.065463,55.0,105.0,1.53,0.99,1.4,15.0,0.074084,1.048,2.11,
exp17i_limits_ablation,ablationtube_only__ballspeed7__noplot__servebox,"{""--ablation"": ""tube_only"", ""--ball-speed"": 7, ""--no-plot"": null, ""--serve-box"": null}",201,False,miss,0.166081,1.987415,0.108569,0.0,0.0,1.79,1.0,1.6,0.0,0.166081,0.0,1.47,
exp17i_limits_ablation,ablationtube_only__ballspeed7__noplot__servebox,"{""--ablation"": ""tube_only"", ""--ball-speed"": 7, ""--no-plot"": null, ""--serve-box"": null}",199,True,active,0.052064,1.9804,0.049082,45.0,65.0,1.19,0.99,1.1,15.0,0.052064,1.057,2.1,
exp17i_limits_ablation,ablationtube_only__ballspeed7__noplot__servebox,"{""--ablation"": ""tube_only"", ""--ball-speed"": 7, ""--no-plot"": null, ""--serve-box"": null}",202,False,miss,0.342374,1.930191,0.142842,30.0,50.0,1.64,1.0,1.7,0.0,0.342374,0.0,1.83,
exp17i_limits_ablation,ablationtube_only__ballspeed7__noplot__servebox,"{""--ablation"": ""tube_only"", ""--ball-speed"": 7, ""--no-plot"": null, ""--serve-box"": null}",200,True,active,0.068589,1.970246,0.059688,35.0,75.0,1.56,1.0,1.2,20.0,0.068589,1.507,2.12,
exp17i_limits_ablation,ablationtube_only__ballspeed7__noplot__servebox,"{""--ablation"": ""tube_only"", ""--ball-speed"": 7, ""--no-plot"": null, ""--serve-box"": null}",206,True,active,0.104959,1.926036,0.081267,35.0,55.0,1.71,0.99,1.7,25.0,0.104959,1.484,1.49,
exp17i_limits_ablation,ablationtube_only__ballspeed7__noplot__servebox,"{""--ablation"": ""tube_only"", ""--ball-speed"": 7, ""--no-plot"": null, ""--serve-box"": null}",196,True,active,0.0958,1.998012,0.058132,15.0,45.0,1.59,1.0,1.3,20.0,0.0958,1.595,2.56,
exp17i_limits_ablation,ablationtube_only__ballspeed7__noplot__servebox,"{""--ablation"": ""tube_only"", ""--ball-speed"": 7, ""--no-plot"": null, ""--serve-box"": null}",207,True,active,0.046663,1.943058,0.046663,45.0,105.0,1.66,0.99,1.6,10.0,0.046663,1.573,1.52,
exp17i_limits_ablation,ablationtube_only__ballspeed7__noplot__servebox,"{""--ablation"": ""tube_only"", ""--ball-speed"": 7, ""--no-plot"": null, ""--serve-box"": null}",204,True,active,0.063638,1.978947,0.063638,45.0,105.0,1.66,1.0,1.5,10.0,0.063638,1.135,1.89,
exp17i_limits_ablation,ablationtube_only__ballspeed7__noplot__servebox,"{""--ablation"": ""tube_only"", ""--ball-speed"": 7, ""--no-plot"": null, ""--serve-box"": null}",208,True,active,0.065492,2.035752,0.065492,0.0,0.0,1.81,0.99,1.7,20.0,0.065492,1.803,1.47,
exp17i_limits_ablation,ablationtube_only__ballspeed7__noplot__servebox,"{""--ablation"": ""tube_only"", ""--ball-speed"": 7, ""--no-plot"": null, ""--serve-box"": null}",198,True,active,0.087208,1.963272,0.085114,45.0,105.0,1.8,0.96,1.6,10.0,0.087208,1.564,2.74,
exp17i_limits_ablation,ablationtube_only__ballspeed7__noplot__servebox,"{""--ablation"": ""tube_only"", ""--ball-speed"": 7, ""--no-plot"": null, ""--serve-box"": null}",210,True,active,0.074251,1.944393,0.052387,0.0,0.0,1.75,1.0,1.7,35.0,0.074251,1.077,1.76,
exp17i_limits_ablation,ablationtube_only__ballspeed7__noplot__servebox,"{""--ablation"": ""tube_only"", ""--ball-speed"": 7, ""--no-plot"": null, ""--serve-box"": null}",213,True,active,0.092248,1.901539,0.092248,40.0,90.0,1.8,1.0,1.7,15.0,0.092248,1.752,1.47,
exp17i_limits_ablation,ablationtube_only__ballspeed7__noplot__servebox,"{""--ablation"": ""tube_only"", ""--ball-speed"": 7, ""--no-plot"": null, ""--serve-box"": null}",209,True,active,0.079375,1.977355,0.068498,0.0,0.0,1.68,1.0,1.6,20.0,0.079375,1.637,2.23,
exp17i_limits_ablation,ablationtube_only__ballspeed7__noplot__servebox,"{""--ablation"": ""tube_only"", ""--ball-speed"": 7, ""--no-plot"": null, ""--serve-box"": null}",205,True,active,0.009556,1.979117,0.009556,45.0,105.0,1.33,0.98,1.5,10.0,0.009556,0.855,2.74,
exp17i_limits_ablation,ablationtube_only__ballspeed7__noplot__servebox,"{""--ablation"": ""tube_only"", ""--ball-speed"": 7, ""--no-plot"": null, ""--serve-box"": null}",203,True,active,0.136431,1.98503,0.133079,40.0,95.0,0.92,1.0,1.0,5.0,0.136431,0.682,2.91,
exp17i_limits_ablation,ablationtube_only__ballspeed7__noplot__servebox,"{""--ablation"": ""tube_only"", ""--ball-speed"": 7, ""--no-plot"": null, ""--serve-box"": null}",214,True,active,0.138238,1.907988,0.130907,40.0,90.0,1.24,1.0,1.6,15.0,0.138238,1.172,1.52,
exp17i_limits_ablation,ablationtube_only__ballspeed7__noplot__servebox,"{""--ablation"": ""tube_only"", ""--ball-speed"": 7, ""--no-plot"": null, ""--serve-box"": null}",215,True,active,0.072824,1.978797,0.062309,45.0,105.0,1.78,0.97,1.6,20.0,0.072824,1.701,1.49,
exp17i_limits_ablation,ablationtube_only__ballspeed7__noplot__servebox,"{""--ablation"": ""tube_only"", ""--ball-speed"": 7, ""--no-plot"": null, ""--serve-box"": null}",211,True,active,0.092165,1.878405,0.039784,0.0,0.0,1.76,1.0,1.7,25.0,0.092165,1.45,2.48,
exp17i_limits_ablation,ablationtube_only__ballspeed7__noplot__servebox,"{""--ablation"": ""tube_only"", ""--ball-speed"": 7, ""--no-plot"": null, ""--serve-box"": null}",216,True,active,0.048057,1.966011,0.048057,55.0,105.0,1.37,1.0,1.5,0.0,0.048057,0.668,1.65,
exp17i_limits_ablation,ablationtube_only__ballspeed7__noplot__servebox,"{""--ablation"": ""tube_only"", ""--ball-speed"": 7, ""--no-plot"": null, ""--serve-box"": null}",217,True,active,0.078151,1.955477,0.060102,50.0,105.0,1.52,1.0,1.6,20.0,0.078151,1.3,1.62,
exp17i_limits_ablation,ablationtube_only__ballspeed7__noplot__servebox,"{""--ablation"": ""tube_only"", ""--ball-speed"": 7, ""--no-plot"": null, ""--serve-box"": null}",212,False,miss,0.328172,1.935969,0.138737,0.0,0.0,1.62,1.0,1.7,0.0,0.328172,0.0,2.4,
exp17i_limits_ablation,ablationtube_only__ballspeed7__noplot__servebox,"{""--ablation"": ""tube_only"", ""--ball-speed"": 7, ""--no-plot"": null, ""--serve-box"": null}",221,True,active,0.119695,1.924717,0.109193,35.0,65.0,1.46,0.99,1.8,10.0,0.119695,1.456,1.65,
exp17i_limits_ablation,ablationtube_only__ballspeed7__noplot__servebox,"{""--ablation"": ""tube_only"", ""--ball-speed"": 7, ""--no-plot"": null, ""--serve-box"": null}",222,True,active,0.05357,1.980713,0.05357,0.0,0.0,2.06,1.0,1.7,25.0,0.05357,1.77,1.75,
exp17i_limits_ablation,ablationtube_only__ballspeed7__noplot__servebox,"{""--ablation"": ""tube_only"", ""--ball-speed"": 7, ""--no-plot"": null, ""--serve-box"": null}",219,True,active,0.123072,1.950347,0.100217,0.0,0.0,1.79,0.99,2.0,20.0,0.123072,1.774,2.08,
exp17i_limits_ablation,ablationtube_only__ballspeed7__noplot__servebox,"{""--ablation"": ""tube_only"", ""--ball-speed"": 7, ""--no-plot"": null, ""--serve-box"": null}",218,True,active,0.087187,1.961888,0.0644,0.0,0.0,1.78,0.98,1.8,20.0,0.087187,1.782,2.32,
exp17i_limits_ablation,ablationtube_only__ballspeed7__noplot__servebox,"{""--ablation"": ""tube_only"", ""--ball-speed"": 7, ""--no-plot"": null, ""--serve-box"": null}",224,True,active,0.047519,1.953573,0.047519,45.0,105.0,1.68,0.99,1.7,20.0,0.047519,1.185,1.48,
exp17i_limits_ablation,ablationtube_only__ballspeed7__noplot__servebox,"{""--ablation"": ""tube_only"", ""--ball-speed"": 7, ""--no-plot"": null, ""--serve-box"": null}",227,True,active,0.101205,1.939646,0.097445,40.0,105.0,1.75,1.0,1.6,15.0,0.101205,1.662,1.46,
exp17i_limits_ablation,ablationtube_only__ballspeed7__noplot__servebox,"{""--ablation"": ""tube_only"", ""--ball-speed"": 7, ""--no-plot"": null, ""--serve-box"": null}",223,True,active,0.101304,1.966404,0.101304,40.0,105.0,1.4,1.0,1.6,0.0,0.101304,0.705,2.02,
exp17i_limits_ablation,ablationtube_only__ballspeed7__noplot__servebox,"{""--ablation"": ""tube_only"", ""--ball-speed"": 7, ""--no-plot"": null, ""--serve-box"": null}",228,False,miss,0.344415,1.94236,0.122959,0.0,0.0,1.79,0.99,2.1,0.0,0.344415,0.0,1.51,
exp17i_limits_ablation,ablationtube_only__ballspeed7__noplot__servebox,"{""--ablation"": ""tube_only"", ""--ball-speed"": 7, ""--no-plot"": null, ""--serve-box"": null}",229,True,active,0.022245,1.967894,0.022245,60.0,105.0,1.41,0.99,1.3,0.0,0.022245,0.926,1.53,
exp17i_limits_ablation,ablationtube_only__ballspeed7__noplot__servebox,"{""--ablation"": ""tube_only"", ""--ball-speed"": 7, ""--no-plot"": null, ""--serve-box"": null}",220,True,active,0.118496,1.948036,0.089892,0.0,0.0,1.79,0.99,1.9,25.0,0.118496,1.748,3.0,
exp17i_limits_ablation,ablationtube_only__ballspeed7__noplot__servebox,"{""--ablation"": ""tube_only"", ""--ball-speed"": 7, ""--no-plot"": null, ""--serve-box"": null}",230,True,active,0.100589,1.914342,0.097742,45.0,105.0,1.68,0.98,1.7,10.0,0.100589,1.362,1.74,
exp17i_limits_ablation,ablationtube_only__ballspeed7__noplot__servebox,"{""--ablation"": ""tube_only"", ""--ball-speed"": 7, ""--no-plot"": null, ""--serve-box"": null}",231,True,active,0.08041,1.968321,0.066549,50.0,105.0,1.6,1.0,1.4,20.0,0.08041,1.154,1.89,
exp17i_limits_ablation,ablationtube_only__ballspeed7__noplot__servebox,"{""--ablation"": ""tube_only"", ""--ball-speed"": 7, ""--no-plot"": null, ""--serve-box"": null}",235,True,active,0.102503,1.941811,0.075614,0.0,0.0,1.71,0.99,1.9,20.0,0.102503,1.436,1.45,
exp17i_limits_ablation,ablationtube_only__ballspeed7__noplot__servebox,"{""--ablation"": ""tube_only"", ""--ball-speed"": 7, ""--no-plot"": null, ""--serve-box"": null}",237,True,active,0.132841,1.967598,0.125447,45.0,90.0,1.79,0.99,2.0,10.0,0.132841,1.781,1.52,
exp17i_limits_ablation,ablationtube_only__ballspeed7__noplot__servebox,"{""--ablation"": ""tube_only"", ""--ball-speed"": 7, ""--no-plot"": null, ""--serve-box"": null}",225,True,active,0.091906,1.95089,0.086663,45.0,85.0,1.77,0.98,1.8,20.0,0.091906,1.335,2.9,
exp17i_limits_ablation,ablationtube_only__ballspeed7__noplot__servebox,"{""--ablation"": ""tube_only"", ""--ball-speed"": 7, ""--no-plot"": null, ""--serve-box"": null}",238,False,miss,0.36821,1.934259,0.14752,25.0,45.0,1.76,0.98,1.7,0.0,0.36821,0.0,1.63,
exp17i_limits_ablation,ablationtube_only__ballspeed7__noplot__servebox,"{""--ablation"": ""tube_only"", ""--ball-speed"": 7, ""--no-plot"": null, ""--serve-box"": null}",236,False,miss,0.372631,1.925373,0.156281,0.0,0.0,1.47,0.99,2.0,0.0,0.372631,0.0,1.88,
exp17i_limits_ablation,ablationtube_only__ballspeed7__noplot__servebox,"{""--ablation"": ""tube_only"", ""--ball-speed"": 7, ""--no-plot"": null, ""--serve-box"": null}",239,False,miss,0.274706,1.917363,0.085479,0.0,0.0,1.27,1.0,1.2,0.0,0.274706,0.0,1.5,
exp17i_limits_ablation,ablationtube_only__ballspeed7__noplot__servebox,"{""--ablation"": ""tube_only"", ""--ball-speed"": 7, ""--no-plot"": null, ""--serve-box"": null}",240,True,active,0.121208,1.941513,0.117152,45.0,105.0,1.18,0.99,1.3,10.0,0.121208,1.055,1.49,
exp17i_limits_ablation,ablationtube_only__ballspeed7__noplot__servebox,"{""--ablation"": ""tube_only"", ""--ball-speed"": 7, ""--no-plot"": null, ""--serve-box"": null}",232,True,active,0.070473,1.960346,0.070473,50.0,105.0,1.6,0.99,1.1,10.0,0.070473,1.602,2.66,
exp17i_limits_ablation,ablationtube_only__ballspeed7__noplot__servebox,"{""--ablation"": ""tube_only"", ""--ball-speed"": 7, ""--no-plot"": null, ""--serve-box"": null}",226,True,active,0.02884,1.982322,0.02884,50.0,105.0,1.42,1.0,1.9,0.0,0.02884,0.92,3.18,
exp17i_limits_ablation,ablationtube_only__ballspeed7__noplot__servebox,"{""--ablation"": ""tube_only"", ""--ball-speed"": 7, ""--no-plot"": null, ""--serve-box"": null}",241,True,active,0.052448,2.0128,0.052448,0.0,0.0,1.99,0.99,1.7,20.0,0.052448,1.78,1.57,
exp17i_limits_ablation,ablationtube_only__ballspeed7__noplot__servebox,"{""--ablation"": ""tube_only"", ""--ball-speed"": 7, ""--no-plot"": null, ""--serve-box"": null}",233,False,miss,0.302315,1.912211,0.123294,0.0,0.0,1.55,1.0,1.7,0.0,0.302315,0.0,2.73,
exp17i_limits_ablation,ablationtube_only__ballspeed7__noplot__servebox,"{""--ablation"": ""tube_only"", ""--ball-speed"": 7, ""--no-plot"": null, ""--serve-box"": null}",254,,,,,,,,,,,,,,0.25,no_result
exp17i_limits_ablation,ablationtube_only__ballspeed7__noplot__servebox,"{""--ablation"": ""tube_only"", ""--ball-speed"": 7, ""--no-plot"": null, ""--serve-box"": null}",234,True,active,0.105111,1.944271,0.084527,50.0,105.0,1.48,0.98,1.4,15.0,0.105111,1.359,3.12,
exp17i_limits_ablation,ablationtube_only__ballspeed7__noplot__servebox,"{""--ablation"": ""tube_only"", ""--ball-speed"": 7, ""--no-plot"": null, ""--serve-box"": null}",246,True,active,0.130685,1.949719,0.127375,40.0,105.0,1.29,1.0,1.4,5.0,0.130685,1.003,1.46,
exp17i_limits_ablation,ablationtube_only__ballspeed7__noplot__servebox,"{""--ablation"": ""tube_only"", ""--ball-speed"": 7, ""--no-plot"": null, ""--serve-box"": null}",245,True,active,0.100091,1.933494,0.071502,0.0,0.0,1.78,0.99,1.9,15.0,0.100091,1.736,1.8,
exp17i_limits_ablation,ablationtube_only__ballspeed7__noplot__servebox,"{""--ablation"": ""tube_only"", ""--ball-speed"": 7, ""--no-plot"": null, ""--serve-box"": null}",247,True,active,0.085525,1.932442,0.085067,45.0,105.0,1.22,1.0,1.8,15.0,0.085525,1.158,1.5,
exp17i_limits_ablation,ablationtube_only__ballspeed7__noplot__servebox,"{""--ablation"": ""tube_only"", ""--ball-speed"": 7, ""--no-plot"": null, ""--serve-box"": null}",244,True,active,0.12078,1.953529,0.104811,0.0,0.0,1.78,1.0,1.9,20.0,0.12078,1.711,2.22,
exp17i_limits_ablation,ablationtube_only__ballspeed7__noplot__servebox,"{""--ablation"": ""tube_only"", ""--ball-speed"": 7, ""--no-plot"": null, ""--serve-box"": null}",250,True,active,0.118542,1.95226,0.08937,50.0,105.0,1.79,0.99,1.6,20.0,0.118542,1.741,1.51,
exp17i_limits_ablation,ablationtube_only__ballspeed7__noplot__servebox,"{""--ablation"": ""tube_only"", ""--ball-speed"": 7, ""--no-plot"": null, ""--serve-box"": null}",251,True,active,0.016155,1.9869,0.016155,60.0,105.0,1.45,1.0,1.3,5.0,0.016155,0.642,1.65,
exp17i_limits_ablation,ablationtube_only__ballspeed7__noplot__servebox,"{""--ablation"": ""tube_only"", ""--ball-speed"": 7, ""--no-plot"": null, ""--serve-box"": null}",255,True,active,0.093095,1.973269,0.090364,40.0,105.0,1.77,0.99,1.7,20.0,0.093095,1.545,1.47,
exp17i_limits_ablation,ablationtube_only__ballspeed7__noplot__servebox,"{""--ablation"": ""tube_only"", ""--ball-speed"": 7, ""--no-plot"": null, ""--serve-box"": null}",242,True,active,0.036854,1.977453,0.036854,45.0,105.0,1.28,0.98,1.2,10.0,0.036854,0.915,3.01,
exp17i_limits_ablation,ablationtube_only__ballspeed7__noplot__servebox,"{""--ablation"": ""tube_only"", ""--ball-speed"": 7, ""--no-plot"": null, ""--serve-box"": null}",256,False,miss,0.310336,1.910307,0.114295,0.0,0.0,1.74,0.97,2.0,0.0,0.310336,0.0,1.47,
exp17i_limits_ablation,ablationtube_only__ballspeed7__noplot__servebox,"{""--ablation"": ""tube_only"", ""--ball-speed"": 7, ""--no-plot"": null, ""--serve-box"": null}",243,True,active,0.107977,1.925145,0.096398,50.0,105.0,1.05,0.99,1.5,10.0,0.107977,0.849,2.85,
exp17i_limits_ablation,ablationtube_only__ballspeed7__noplot__servebox,"{""--ablation"": ""tube_only"", ""--ball-speed"": 7, ""--no-plot"": null, ""--serve-box"": null}",257,True,active,0.106164,1.965536,0.091964,45.0,105.0,1.77,0.98,2.0,15.0,0.106164,1.744,1.67,
exp17i_limits_ablation,ablationtube_only__ballspeed7__noplot__servebox,"{""--ablation"": ""tube_only"", ""--ball-speed"": 7, ""--no-plot"": null, ""--serve-box"": null}",259,True,active,0.057199,1.919464,0.051055,0.0,10.0,1.79,0.98,1.8,25.0,0.057199,1.557,1.44,
exp17i_limits_ablation,ablationtube_only__ballspeed7__noplot__servebox,"{""--ablation"": ""tube_only"", ""--ball-speed"": 7, ""--no-plot"": null, ""--serve-box"": null}",248,True,active,0.116299,1.979372,0.106709,45.0,105.0,1.79,1.0,1.7,15.0,0.116299,1.778,2.57,
exp17i_limits_ablation,ablationtube_only__ballspeed7__noplot__servebox,"{""--ablation"": ""tube_only"", ""--ball-speed"": 7, ""--no-plot"": null, ""--serve-box"": null}",253,True,active,0.049803,2.031472,0.049803,0.0,0.0,1.79,1.0,1.8,20.0,0.049803,1.401,2.42,
exp17i_limits_ablation,ablationtube_only__ballspeed7__noplot__servebox,"{""--ablation"": ""tube_only"", ""--ball-speed"": 7, ""--no-plot"": null, ""--serve-box"": null}",260,False,miss,0.295623,1.916583,0.141377,35.0,70.0,1.16,0.99,1.3,0.0,0.295623,0.0,1.48,
exp17i_limits_ablation,ablationtube_only__ballspeed7__noplot__servebox,"{""--ablation"": ""tube_only"", ""--ball-speed"": 7, ""--no-plot"": null, ""--serve-box"": null}",261,True,active,0.12008,1.973685,0.102385,45.0,105.0,1.59,1.0,2.1,15.0,0.12008,1.457,1.54,
exp17i_limits_ablation,ablationtube_only__ballspeed7__noplot__servebox,"{""--ablation"": ""tube_only"", ""--ball-speed"": 7, ""--no-plot"": null, ""--serve-box"": null}",258,True,active,0.09254,1.959242,0.076907,50.0,105.0,1.54,0.97,1.3,15.0,0.09254,1.535,1.95,
exp17i_limits_ablation,ablationtube_only__ballspeed7__noplot__servebox,"{""--ablation"": ""tube_only"", ""--ball-speed"": 7, ""--no-plot"": null, ""--serve-box"": null}",274,,,,,,,,,,,,,,0.21,no_result
exp17i_limits_ablation,ablationtube_only__ballspeed7__noplot__servebox,"{""--ablation"": ""tube_only"", ""--ball-speed"": 7, ""--no-plot"": null, ""--serve-box"": null}",249,False,miss,0.282715,1.965024,0.156475,30.0,0.0,0.95,1.0,0.9,0.0,0.282715,0.0,3.08,
exp17i_limits_ablation,ablationtube_only__ballspeed7__noplot__servebox,"{""--ablation"": ""tube_only"", ""--ball-speed"": 7, ""--no-plot"": null, ""--serve-box"": null}",262,False,miss,0.338157,1.946657,0.148601,25.0,40.0,1.81,1.0,1.9,0.0,0.338157,0.0,1.66,
exp17i_limits_ablation,ablationtube_only__ballspeed7__noplot__servebox,"{""--ablation"": ""tube_only"", ""--ball-speed"": 7, ""--no-plot"": null, ""--serve-box"": null}",252,True,active,0.118778,1.973917,0.113858,45.0,105.0,1.36,0.99,1.3,10.0,0.118778,0.871,3.01,
exp17i_limits_ablation,ablationtube_only__ballspeed7__noplot__servebox,"{""--ablation"": ""tube_only"", ""--ball-speed"": 7, ""--no-plot"": null, ""--serve-box"": null}",264,True,active,0.066531,1.973516,0.052393,30.0,70.0,1.8,0.97,1.5,20.0,0.066531,1.78,1.58,
exp17i_limits_ablation,ablationtube_only__ballspeed7__noplot__servebox,"{""--ablation"": ""tube_only"", ""--ball-speed"": 7, ""--no-plot"": null, ""--serve-box"": null}",267,True,active,0.116277,1.939668,0.089542,50.0,85.0,1.77,1.0,1.8,15.0,0.116277,1.588,1.6,
exp17i_limits_ablation,ablationtube_only__ballspeed7__noplot__servebox,"{""--ablation"": ""tube_only"", ""--ball-speed"": 7, ""--no-plot"": null, ""--serve-box"": null}",266,True,active,0.079618,2.000282,0.066536,0.0,10.0,1.79,1.0,1.7,5.0,0.079618,0.603,1.81,
exp17i_limits_ablation,ablationtube_only__ballspeed7__noplot__servebox,"{""--ablation"": ""tube_only"", ""--ball-speed"": 7, ""--no-plot"": null, ""--serve-box"": null}",269,True,active,0.097021,1.936407,0.068726,0.0,0.0,1.77,0.97,1.9,25.0,0.097021,1.736,1.48,
exp17i_limits_ablation,ablationtube_only__ballspeed7__noplot__servebox,"{""--ablation"": ""tube_only"", ""--ball-speed"": 7, ""--no-plot"": null, ""--serve-box"": null}",272,True,active,0.136938,1.931965,0.131516,40.0,100.0,1.33,0.99,1.4,10.0,0.136938,1.331,1.6,
exp17i_limits_ablation,ablationtube_only__ballspeed7__noplot__servebox,"{""--ablation"": ""tube_only"", ""--ball-speed"": 7, ""--no-plot"": null, ""--serve-box"": null}",263,True,active,0.022889,2.005185,0.022889,40.0,105.0,1.82,0.99,1.5,15.0,0.022889,1.709,2.72,
exp17i_limits_ablation,ablationtube_only__ballspeed7__noplot__servebox,"{""--ablation"": ""tube_only"", ""--ball-speed"": 7, ""--no-plot"": null, ""--serve-box"": null}",275,True,active,0.094995,1.971002,0.041067,0.0,0.0,1.46,0.98,1.3,20.0,0.094995,1.394,1.44,
exp17i_limits_ablation,ablationtube_only__ballspeed7__noplot__servebox,"{""--ablation"": ""tube_only"", ""--ball-speed"": 7, ""--no-plot"": null, ""--serve-box"": null}",278,True,active,0.100688,1.929271,0.068453,0.0,0.0,1.77,0.98,1.7,20.0,0.100688,1.773,1.47,
exp17i_limits_ablation,ablationtube_only__ballspeed7__noplot__servebox,"{""--ablation"": ""tube_only"", ""--ball-speed"": 7, ""--no-plot"": null, ""--serve-box"": null}",268,True,active,0.076813,1.996529,0.055872,50.0,105.0,1.78,0.97,1.4,15.0,0.076813,1.751,2.58,
exp17i_limits_ablation,ablationtube_only__ballspeed7__noplot__servebox,"{""--ablation"": ""tube_only"", ""--ball-speed"": 7, ""--no-plot"": null, ""--serve-box"": null}",279,False,miss,0.303814,1.919148,0.106949,0.0,0.0,1.47,0.99,1.8,0.0,0.303814,0.0,1.55,
exp17i_limits_ablation,ablationtube_only__ballspeed7__noplot__servebox,"{""--ablation"": ""tube_only"", ""--ball-speed"": 7, ""--no-plot"": null, ""--serve-box"": null}",276,True,active,0.112842,1.928401,0.112842,40.0,105.0,1.37,0.99,1.4,15.0,0.112842,1.197,1.79,
exp17i_limits_ablation,ablationtube_only__ballspeed7__noplot__servebox,"{""--ablation"": ""tube_only"", ""--ball-speed"": 7, ""--no-plot"": null, ""--serve-box"": null}",280,True,active,0.09794,1.897891,0.051017,0.0,0.0,1.8,0.97,2.3,30.0,0.09794,1.727,1.46,
exp17i_limits_ablation,ablationtube_only__ballspeed7__noplot__servebox,"{""--ablation"": ""tube_only"", ""--ball-speed"": 7, ""--no-plot"": null, ""--serve-box"": null}",265,True,active,0.06955,2.001388,0.06955,45.0,105.0,1.24,1.0,1.4,5.0,0.06955,0.798,3.07,
exp17i_limits_ablation,ablationtube_only__ballspeed7__noplot__servebox,"{""--ablation"": ""tube_only"", ""--ball-speed"": 7, ""--no-plot"": null, ""--serve-box"": null}",281,True,active,0.111397,1.956809,0.097997,45.0,105.0,1.62,1.0,1.6,15.0,0.111397,1.393,1.47,
exp17i_limits_ablation,ablationtube_only__ballspeed7__noplot__servebox,"{""--ablation"": ""tube_only"", ""--ball-speed"": 7, ""--no-plot"": null, ""--serve-box"": null}",271,True,active,0.101658,1.952466,0.068401,0.0,0.0,1.76,0.99,1.6,20.0,0.101658,1.758,2.62,
exp17i_limits_ablation,ablationtube_only__ballspeed7__noplot__servebox,"{""--ablation"": ""tube_only"", ""--ball-speed"": 7, ""--no-plot"": null, ""--serve-box"": null}",277,True,active,0.11613,1.923882,0.086075,30.0,60.0,1.09,0.99,1.4,20.0,0.11613,0.775,2.08,
exp17i_limits_ablation,ablationtube_only__ballspeed7__noplot__servebox,"{""--ablation"": ""tube_only"", ""--ball-speed"": 7, ""--no-plot"": null, ""--serve-box"": null}",283,False,miss,0.335252,1.921292,0.141525,0.0,0.0,1.63,1.0,2.1,0.0,0.335252,0.0,1.46,
exp17i_limits_ablation,ablationtube_only__ballspeed7__noplot__servebox,"{""--ablation"": ""tube_only"", ""--ball-speed"": 7, ""--no-plot"": null, ""--serve-box"": null}",270,False,miss,0.30113,1.913119,0.09822,0.0,0.0,1.29,1.0,1.6,0.0,0.30113,0.0,3.05,
exp17i_limits_ablation,ablationtube_only__ballspeed7__noplot__servebox,"{""--ablation"": ""tube_only"", ""--ball-speed"": 7, ""--no-plot"": null, ""--serve-box"": null}",273,True,active,0.101703,1.945623,0.077579,0.0,0.0,1.42,0.99,1.6,25.0,0.101703,1.399,2.97,
exp17i_limits_ablation,ablationtube_only__ballspeed7__noplot__servebox,"{""--ablation"": ""tube_only"", ""--ball-speed"": 7, ""--no-plot"": null, ""--serve-box"": null}",286,True,active,0.132629,1.920677,0.129425,50.0,105.0,1.42,1.0,2.0,0.0,0.132629,0.786,1.45,
exp17i_limits_ablation,ablationtube_only__ballspeed7__noplot__servebox,"{""--ablation"": ""tube_only"", ""--ball-speed"": 7, ""--no-plot"": null, ""--serve-box"": null}",287,True,active,0.107817,1.975221,0.102859,40.0,105.0,1.8,0.99,1.6,15.0,0.107817,1.799,1.52,
exp17i_limits_ablation,ablationtube_only__ballspeed7__noplot__servebox,"{""--ablation"": ""tube_only"", ""--ball-speed"": 7, ""--no-plot"": null, ""--serve-box"": null}",285,True,active,0.070679,1.944591,0.063458,45.0,105.0,1.79,0.97,1.7,20.0,0.070679,1.262,1.8,
exp17i_limits_ablation,ablationtube_only__ballspeed7__noplot__servebox,"{""--ablation"": ""tube_only"", ""--ball-speed"": 7, ""--no-plot"": null, ""--serve-box"": null}",288,False,miss,0.341352,1.923981,0.125468,20.0,65.0,1.78,1.0,1.7,0.0,0.341352,0.0,1.53,
exp17i_limits_ablation,ablationtube_only__ballspeed7__noplot__servebox,"{""--ablation"": ""tube_only"", ""--ball-speed"": 7, ""--no-plot"": null, ""--serve-box"": null}",289,True,active,0.080663,1.944988,0.009716,0.0,0.0,1.77,0.98,1.9,30.0,0.080663,1.74,1.58,
exp17i_limits_ablation,ablationtube_only__ballspeed7__noplot__servebox,"{""--ablation"": ""tube_only"", ""--ball-speed"": 7, ""--no-plot"": null, ""--serve-box"": null}",290,True,active,0.121562,1.91711,0.115088,45.0,105.0,1.52,1.0,1.6,15.0,0.121562,1.153,1.62,
exp17i_limits_ablation,ablationtube_only__ballspeed7__noplot__servebox,"{""--ablation"": ""tube_only"", ""--ball-speed"": 7, ""--no-plot"": null, ""--serve-box"": null}",284,True,active,0.095516,1.926508,0.080031,0.0,0.0,1.53,0.99,1.8,20.0,0.095516,1.438,2.41,
exp17i_limits_ablation,ablationtube_only__ballspeed7__noplot__servebox,"{""--ablation"": ""tube_only"", ""--ball-speed"": 7, ""--no-plot"": null, ""--serve-box"": null}",294,True,active,0.124846,1.911473,0.087527,60.0,105.0,1.2,0.98,1.5,10.0,0.124846,1.202,1.48,
exp17i_limits_ablation,ablationtube_only__ballspeed7__noplot__servebox,"{""--ablation"": ""tube_only"", ""--ball-speed"": 7, ""--no-plot"": null, ""--serve-box"": null}",282,True,active,0.087019,1.974916,0.087019,45.0,105.0,1.52,0.98,1.4,10.0,0.087019,1.336,3.06,
exp17i_limits_ablation,ablationtube_only__ballspeed7__noplot__servebox,"{""--ablation"": ""tube_only"", ""--ball-speed"": 7, ""--no-plot"": null, ""--serve-box"": null}",295,False,miss,0.338338,1.917837,0.124833,0.0,0.0,1.75,1.0,1.9,0.0,0.338338,0.0,1.63,
exp17i_limits_ablation,ablationtube_only__ballspeed7__noplot__servebox,"{""--ablation"": ""tube_only"", ""--ball-speed"": 7, ""--no-plot"": null, ""--serve-box"": null}",296,True,active,0.110438,1.936643,0.085676,0.0,0.0,1.09,1.0,1.4,20.0,0.110438,1.078,1.59,
exp17i_limits_ablation,ablationtube_only__ballspeed7__noplot__servebox,"{""--ablation"": ""tube_only"", ""--ball-speed"": 7, ""--no-plot"": null, ""--serve-box"": null}",301,True,active,0.069621,1.99371,0.06363,45.0,105.0,1.81,0.99,1.9,5.0,0.069621,1.177,1.45,
exp17i_limits_ablation,ablationtube_only__ballspeed7__noplot__servebox,"{""--ablation"": ""tube_only"", ""--ball-speed"": 7, ""--no-plot"": null, ""--serve-box"": null}",293,True,active,0.048888,1.994196,0.048888,50.0,105.0,1.73,1.0,1.4,5.0,0.048888,1.397,2.57,
exp17i_limits_ablation,ablationtube_only__ballspeed7__noplot__servebox,"{""--ablation"": ""tube_only"", ""--ball-speed"": 7, ""--no-plot"": null, ""--serve-box"": null}",300,True,active,0.145483,1.920749,0.137938,45.0,65.0,1.38,0.99,1.3,5.0,0.145483,0.918,1.57,
exp17i_limits_ablation,ablationtube_only__ballspeed7__noplot__servebox,"{""--ablation"": ""tube_only"", ""--ball-speed"": 7, ""--no-plot"": null, ""--serve-box"": null}",302,True,active,0.104434,1.95281,0.088292,0.0,0.0,1.75,1.0,1.7,20.0,0.104434,1.587,1.5,
exp17i_limits_ablation,ablationtube_only__ballspeed7__noplot__servebox,"{""--ablation"": ""tube_only"", ""--ball-speed"": 7, ""--no-plot"": null, ""--serve-box"": null}",303,False,miss,0.325379,1.943559,0.127851,0.0,0.0,1.76,0.99,2.1,0.0,0.325379,0.0,1.42,
exp17i_limits_ablation,ablationtube_only__ballspeed7__noplot__servebox,"{""--ablation"": ""tube_only"", ""--ball-speed"": 7, ""--no-plot"": null, ""--serve-box"": null}",292,True,active,0.092754,1.942836,0.072544,35.0,65.0,1.74,1.0,1.7,20.0,0.092754,1.566,3.01,
exp17i_limits_ablation,ablationtube_only__ballspeed7__noplot__servebox,"{""--ablation"": ""tube_only"", ""--ball-speed"": 7, ""--no-plot"": null, ""--serve-box"": null}",291,True,active,0.093052,1.942283,0.093052,40.0,105.0,1.28,0.99,1.4,0.0,0.093052,0.325,3.09,
exp17i_limits_ablation,ablationtube_only__ballspeed7__noplot__servebox,"{""--ablation"": ""tube_only"", ""--ball-speed"": 7, ""--no-plot"": null, ""--serve-box"": null}",306,True,active,0.117293,1.931161,0.08479,40.0,60.0,1.71,1.0,1.5,15.0,0.117293,1.372,1.48,
exp17i_limits_ablation,ablationtube_only__ballspeed7__noplot__servebox,"{""--ablation"": ""tube_only"", ""--ball-speed"": 7, ""--no-plot"": null, ""--serve-box"": null}",299,True,active,0.128528,1.965604,0.11163,45.0,105.0,1.42,0.99,1.6,10.0,0.128528,1.425,2.31,
exp17i_limits_ablation,ablationtube_only__ballspeed7__noplot__servebox,"{""--ablation"": ""tube_only"", ""--ball-speed"": 7, ""--no-plot"": null, ""--serve-box"": null}",307,True,active,0.101653,1.935039,0.069919,0.0,0.0,1.8,0.9,2.2,25.0,0.101653,1.723,1.46,
exp17i_limits_ablation,ablationtube_only__ballspeed7__noplot__servebox,"{""--ablation"": ""tube_only"", ""--ball-speed"": 7, ""--no-plot"": null, ""--serve-box"": null}",309,True,active,0.075338,1.943582,0.075338,45.0,105.0,1.73,0.99,1.7,15.0,0.075338,1.636,1.47,
exp17i_limits_ablation,ablationtube_only__ballspeed7__noplot__servebox,"{""--ablation"": ""tube_only"", ""--ball-speed"": 7, ""--no-plot"": null, ""--serve-box"": null}",305,True,active,0.084662,1.898213,0.037337,0.0,0.0,1.77,0.97,1.5,20.0,0.084662,1.553,1.93,
exp17i_limits_ablation,ablationtube_only__ballspeed7__noplot__servebox,"{""--ablation"": ""tube_only"", ""--ball-speed"": 7, ""--no-plot"": null, ""--serve-box"": null}",297,False,miss,0.295607,1.94294,0.134577,0.0,10.0,1.27,1.0,1.5,0.0,0.295607,0.0,3.13,
exp17i_limits_ablation,ablationtube_only__ballspeed7__noplot__servebox,"{""--ablation"": ""tube_only"", ""--ball-speed"": 7, ""--no-plot"": null, ""--serve-box"": null}",298,True,active,0.129139,1.938511,0.109681,45.0,105.0,1.75,0.99,1.7,15.0,0.129139,1.333,3.11,
exp17i_limits_ablation,ablationtube_only__ballspeed7__noplot__servebox,"{""--ablation"": ""tube_only"", ""--ball-speed"": 7, ""--no-plot"": null, ""--serve-box"": null}",310,True,active,0.112418,1.933952,0.091929,0.0,0.0,1.74,1.0,2.0,20.0,0.112418,1.658,1.51,
exp17i_limits_ablation,ablationtube_only__ballspeed7__noplot__servebox,"{""--ablation"": ""tube_only"", ""--ball-speed"": 7, ""--no-plot"": null, ""--serve-box"": null}",312,True,active,0.115662,1.949625,0.100127,45.0,105.0,1.39,1.0,1.0,15.0,0.115662,0.961,1.48,
exp17i_limits_ablation,ablationtube_only__ballspeed7__noplot__servebox,"{""--ablation"": ""tube_only"", ""--ball-speed"": 7, ""--no-plot"": null, ""--serve-box"": null}",313,True,active,0.119647,1.929739,0.119408,45.0,105.0,1.34,0.99,1.6,5.0,0.119647,0.74,1.52,
exp17i_limits_ablation,ablationtube_only__ballspeed7__noplot__servebox,"{""--ablation"": ""tube_only"", ""--ball-speed"": 7, ""--no-plot"": null, ""--serve-box"": null}",311,True,active,0.104033,1.912588,0.070656,0.0,0.0,1.78,0.97,2.0,25.0,0.104033,1.761,1.64,
exp17i_limits_ablation,ablationtube_only__ballspeed7__noplot__servebox,"{""--ablation"": ""tube_only"", ""--ball-speed"": 7, ""--no-plot"": null, ""--serve-box"": null}",308,False,miss,0.326653,1.944868,0.136301,0.0,0.0,1.42,0.98,1.6,0.0,0.326653,0.0,2.56,
exp17i_limits_ablation,ablationtube_only__ballspeed7__noplot__servebox,"{""--ablation"": ""tube_only"", ""--ball-speed"": 7, ""--no-plot"": null, ""--serve-box"": null}",304,True,active,0.106223,1.920397,0.073742,0.0,0.0,1.79,1.0,2.1,20.0,0.106223,1.718,3.07,
exp17i_limits_ablation,ablationtube_only__ballspeed7__noplot__servebox,"{""--ablation"": ""tube_only"", ""--ball-speed"": 7, ""--no-plot"": null, ""--serve-box"": null}",317,True,active,0.121461,1.957909,0.116197,0.0,0.0,1.79,0.98,1.8,15.0,0.121461,1.763,1.43,
exp17i_limits_ablation,ablationtube_only__ballspeed7__noplot__servebox,"{""--ablation"": ""tube_only"", ""--ball-speed"": 7, ""--no-plot"": null, ""--serve-box"": null}",319,True,active,0.082515,1.951243,0.079585,40.0,105.0,1.59,0.99,1.4,15.0,0.082515,1.501,1.48,
exp17i_limits_ablation,ablationtube_only__ballspeed7__noplot__servebox,"{""--ablation"": ""tube_only"", ""--ball-speed"": 7, ""--no-plot"": null, ""--serve-box"": null}",318,True,active,0.108431,1.935354,0.083549,10.0,10.0,1.73,0.97,1.9,15.0,0.108431,1.614,1.54,
exp17i_limits_ablation,ablationtube_only__ballspeed7__noplot__servebox,"{""--ablation"": ""tube_only"", ""--ball-speed"": 7, ""--no-plot"": null, ""--serve-box"": null}",316,True,active,0.022904,1.981397,0.022904,45.0,105.0,1.78,1.0,1.5,15.0,0.022904,1.748,2.22,
exp17i_limits_ablation,ablationtube_only__ballspeed7__noplot__servebox,"{""--ablation"": ""tube_only"", ""--ball-speed"": 7, ""--no-plot"": null, ""--serve-box"": null}",322,True,active,0.110086,1.97019,0.110086,40.0,105.0,1.13,1.0,1.3,5.0,0.110086,0.802,1.68,
exp17i_limits_ablation,ablationtube_only__ballspeed7__noplot__servebox,"{""--ablation"": ""tube_only"", ""--ball-speed"": 7, ""--no-plot"": null, ""--serve-box"": null}",320,True,active,0.102152,1.957012,0.092661,40.0,80.0,1.55,0.99,1.6,20.0,0.102152,1.088,2.23,
exp17i_limits_ablation,ablationtube_only__ballspeed7__noplot__servebox,"{""--ablation"": ""tube_only"", ""--ball-speed"": 7, ""--no-plot"": null, ""--serve-box"": null}",325,False,miss,0.317247,1.938859,0.14219,30.0,75.0,1.18,1.0,1.4,0.0,0.317247,0.0,1.46,
exp17i_limits_ablation,ablationtube_only__ballspeed7__noplot__servebox,"{""--ablation"": ""tube_only"", ""--ball-speed"": 7, ""--no-plot"": null, ""--serve-box"": null}",314,True,active,0.094043,1.952349,0.045125,0.0,0.0,1.8,0.95,2.1,30.0,0.094043,1.748,3.06,
exp17i_limits_ablation,ablationtube_only__ballspeed7__noplot__servebox,"{""--ablation"": ""tube_only"", ""--ball-speed"": 7, ""--no-plot"": null, ""--serve-box"": null}",315,True,active,0.042929,1.941984,0.042929,45.0,105.0,1.31,0.99,1.4,20.0,0.042929,0.581,2.87,
exp17i_limits_ablation,ablationtube_only__ballspeed7__noplot__servebox,"{""--ablation"": ""tube_only"", ""--ball-speed"": 7, ""--no-plot"": null, ""--serve-box"": null}",326,True,active,0.12402,1.946481,0.115631,40.0,105.0,1.28,0.99,1.3,15.0,0.12402,1.105,1.72,
exp17i_limits_ablation,ablationtube_only__ballspeed7__noplot__servebox,"{""--ablation"": ""tube_only"", ""--ball-speed"": 7, ""--no-plot"": null, ""--serve-box"": null}",328,True,active,0.117471,1.970389,0.111994,40.0,105.0,1.78,1.0,2.0,15.0,0.117471,1.67,1.74,
exp17i_limits_ablation,ablationtube_only__ballspeed7__noplot__servebox,"{""--ablation"": ""tube_only"", ""--ball-speed"": 7, ""--no-plot"": null, ""--serve-box"": null}",330,False,miss,0.338278,1.936321,0.153999,0.0,0.0,1.31,0.99,1.7,0.0,0.338278,0.0,1.57,
exp17i_limits_ablation,ablationtube_only__ballspeed7__noplot__servebox,"{""--ablation"": ""tube_only"", ""--ball-speed"": 7, ""--no-plot"": null, ""--serve-box"": null}",331,True,active,0.116948,1.914429,0.104341,45.0,90.0,1.26,1.0,1.4,20.0,0.116948,1.184,1.43,
exp17i_limits_ablation,ablationtube_only__ballspeed7__noplot__servebox,"{""--ablation"": ""tube_only"", ""--ball-speed"": 7, ""--no-plot"": null, ""--serve-box"": null}",332,True,active,0.101319,1.929012,0.063822,0.0,0.0,1.79,0.98,2.1,20.0,0.101319,1.787,1.44,
exp17i_limits_ablation,ablationtube_only__ballspeed7__noplot__servebox,"{""--ablation"": ""tube_only"", ""--ball-speed"": 7, ""--no-plot"": null, ""--serve-box"": null}",324,True,active,0.07969,1.95282,0.063541,15.0,15.0,1.79,0.98,1.6,15.0,0.07969,1.767,2.28,
exp17i_limits_ablation,ablationtube_only__ballspeed7__noplot__servebox,"{""--ablation"": ""tube_only"", ""--ball-speed"": 7, ""--no-plot"": null, ""--serve-box"": null}",329,True,active,0.112331,1.901059,0.112331,45.0,105.0,1.31,1.0,1.7,10.0,0.112331,1.054,1.95,
exp17i_limits_ablation,ablationtube_only__ballspeed7__noplot__servebox,"{""--ablation"": ""tube_only"", ""--ball-speed"": 7, ""--no-plot"": null, ""--serve-box"": null}",323,True,active,0.089434,1.906396,0.05917,0.0,0.0,1.78,0.98,1.8,20.0,0.089434,1.754,2.76,
exp17i_limits_ablation,ablationtube_only__ballspeed7__noplot__servebox,"{""--ablation"": ""tube_only"", ""--ball-speed"": 7, ""--no-plot"": null, ""--serve-box"": null}",321,True,active,0.017038,1.958197,0.017038,45.0,105.0,1.79,0.97,1.4,10.0,0.017038,1.421,3.08,
exp17i_limits_ablation,ablationtube_only__ballspeed7__noplot__servebox,"{""--ablation"": ""tube_only"", ""--ball-speed"": 7, ""--no-plot"": null, ""--serve-box"": null}",333,True,active,0.101702,1.968868,0.101702,40.0,105.0,1.71,1.0,1.5,10.0,0.101702,1.156,1.56,
exp17i_limits_ablation,ablationtube_only__ballspeed7__noplot__servebox,"{""--ablation"": ""tube_only"", ""--ball-speed"": 7, ""--no-plot"": null, ""--serve-box"": null}",337,False,miss,0.311151,1.925369,0.152052,30.0,0.0,1.24,0.98,1.4,0.0,0.311151,0.0,1.48,
exp17i_limits_ablation,ablationtube_only__ballspeed7__noplot__servebox,"{""--ablation"": ""tube_only"", ""--ball-speed"": 7, ""--no-plot"": null, ""--serve-box"": null}",327,True,active,0.027706,1.975415,0.025346,55.0,105.0,1.62,1.0,1.8,0.0,0.027706,1.202,3.06,
exp17i_limits_ablation,ablationtube_only__ballspeed7__noplot__servebox,"{""--ablation"": ""tube_only"", ""--ball-speed"": 7, ""--no-plot"": null, ""--serve-box"": null}",334,True,active,0.116022,1.948366,0.095947,0.0,0.0,1.8,0.98,1.9,25.0,0.116022,1.725,2.09,
exp17i_limits_ablation,ablationtube_only__ballspeed7__noplot__servebox,"{""--ablation"": ""tube_only"", ""--ball-speed"": 7, ""--no-plot"": null, ""--serve-box"": null}",341,True,active,0.099578,1.976095,0.082997,0.0,0.0,1.72,0.99,1.8,25.0,0.099578,1.596,1.49,
exp17i_limits_ablation,ablationtube_only__ballspeed7__noplot__servebox,"{""--ablation"": ""tube_only"", ""--ball-speed"": 7, ""--no-plot"": null, ""--serve-box"": null}",351,,,,,,,,,,,,,,0.22,no_result
exp17i_limits_ablation,ablationtube_only__ballspeed7__noplot__servebox,"{""--ablation"": ""tube_only"", ""--ball-speed"": 7, ""--no-plot"": null, ""--serve-box"": null}",343,True,active,0.090819,1.951914,0.076445,35.0,55.0,1.6,1.0,2.0,15.0,0.090819,1.297,1.58,
exp17i_limits_ablation,ablationtube_only__ballspeed7__noplot__servebox,"{""--ablation"": ""tube_only"", ""--ball-speed"": 7, ""--no-plot"": null, ""--serve-box"": null}",344,True,active,0.088058,1.937423,0.023804,0.0,0.0,1.81,0.99,2.0,30.0,0.088058,1.748,1.42,
exp17i_limits_ablation,ablationtube_only__ballspeed7__noplot__servebox,"{""--ablation"": ""tube_only"", ""--ball-speed"": 7, ""--no-plot"": null, ""--serve-box"": null}",336,True,active,0.10713,1.949494,0.078996,45.0,75.0,1.78,1.0,1.7,20.0,0.10713,1.784,2.31,
exp17i_limits_ablation,ablationtube_only__ballspeed7__noplot__servebox,"{""--ablation"": ""tube_only"", ""--ball-speed"": 7, ""--no-plot"": null, ""--serve-box"": null}",345,True,active,0.076982,1.946313,0.070328,45.0,105.0,1.72,0.99,1.4,20.0,0.076982,1.423,1.47,
exp17i_limits_ablation,ablationtube_only__ballspeed7__noplot__servebox,"{""--ablation"": ""tube_only"", ""--ball-speed"": 7, ""--no-plot"": null, ""--serve-box"": null}",339,True,active,0.085957,1.927982,0.055363,0.0,0.0,1.79,0.87,1.7,25.0,0.085957,1.71,2.21,
exp17i_limits_ablation,ablationtube_only__ballspeed7__noplot__servebox,"{""--ablation"": ""tube_only"", ""--ball-speed"": 7, ""--no-plot"": null, ""--serve-box"": null}",340,False,miss,0.360054,1.907285,0.126382,0.0,0.0,1.75,1.0,2.4,0.0,0.360054,0.0,2.09,
exp17i_limits_ablation,ablationtube_only__ballspeed7__noplot__servebox,"{""--ablation"": ""tube_only"", ""--ball-speed"": 7, ""--no-plot"": null, ""--serve-box"": null}",347,True,active,0.056335,1.966727,0.056335,40.0,75.0,1.65,1.0,1.9,5.0,0.056335,0.999,1.83,
exp17i_limits_ablation,ablationtube_only__ballspeed7__noplot__servebox,"{""--ablation"": ""tube_only"", ""--ball-speed"": 7, ""--no-plot"": null, ""--serve-box"": null}",335,True,active,0.034277,2.010918,0.034277,50.0,105.0,1.44,0.99,1.4,5.0,0.034277,0.652,2.98,
exp17i_limits_ablation,ablationtube_only__ballspeed7__noplot__servebox,"{""--ablation"": ""tube_only"", ""--ball-speed"": 7, ""--no-plot"": null, ""--serve-box"": null}",338,False,miss,0.312652,1.911009,0.115103,0.0,0.0,1.69,1.0,2.0,0.0,0.312652,0.0,2.86,
exp17i_limits_ablation,ablationtube_only__ballspeed7__noplot__servebox,"{""--ablation"": ""tube_only"", ""--ball-speed"": 7, ""--no-plot"": null, ""--serve-box"": null}",348,True,active,0.113107,1.980159,0.105993,45.0,105.0,1.78,0.98,1.7,15.0,0.113107,1.744,1.97,
exp17i_limits_ablation,ablationtube_only__ballspeed7__noplot__servebox,"{""--ablation"": ""tube_only"", ""--ball-speed"": 7, ""--no-plot"": null, ""--serve-box"": null}",349,True,active,0.098911,1.958284,0.098911,45.0,105.0,1.42,1.0,1.5,5.0,0.098911,1.236,1.48,
exp17i_limits_ablation,ablationtube_only__ballspeed7__noplot__servebox,"{""--ablation"": ""tube_only"", ""--ball-speed"": 7, ""--no-plot"": null, ""--serve-box"": null}",346,True,active,0.118658,1.973204,0.111359,45.0,105.0,1.63,0.99,1.5,15.0,0.118658,1.594,2.33,
exp17i_limits_ablation,ablationtube_only__ballspeed7__noplot__servebox,"{""--ablation"": ""tube_only"", ""--ball-speed"": 7, ""--no-plot"": null, ""--serve-box"": null}",342,True,active,0.056508,1.985012,0.056508,40.0,105.0,1.7,0.99,1.3,15.0,0.056508,1.7,3.01,
exp17i_limits_ablation,ablationtube_only__ballspeed7__noplot__servebox,"{""--ablation"": ""tube_only"", ""--ball-speed"": 7, ""--no-plot"": null, ""--serve-box"": null}",355,True,active,0.105157,1.939734,0.082919,0.0,0.0,1.75,0.99,2.0,20.0,0.105157,1.73,1.47,
exp17i_limits_ablation,ablationtube_only__ballspeed7__noplot__servebox,"{""--ablation"": ""tube_only"", ""--ball-speed"": 7, ""--no-plot"": null, ""--serve-box"": null}",354,True,active,0.104164,1.949129,0.104164,40.0,105.0,1.79,0.99,1.7,15.0,0.104164,1.688,1.51,
exp17i_limits_ablation,ablationtube_only__ballspeed7__noplot__servebox,"{""--ablation"": ""tube_only"", ""--ball-speed"": 7, ""--no-plot"": null, ""--serve-box"": null}",356,True,active,0.05784,2.047356,0.052167,0.0,0.0,1.78,0.99,1.4,20.0,0.05784,1.78,1.46,
exp17i_limits_ablation,ablationtube_only__ballspeed7__noplot__servebox,"{""--ablation"": ""tube_only"", ""--ball-speed"": 7, ""--no-plot"": null, ""--serve-box"": null}",357,True,active,0.105787,1.942318,0.066339,0.0,0.0,1.22,0.98,1.2,20.0,0.105787,1.126,1.63,
exp17i_limits_ablation,ablationtube_only__ballspeed7__noplot__servebox,"{""--ablation"": ""tube_only"", ""--ball-speed"": 7, ""--no-plot"": null, ""--serve-box"": null}",352,True,active,0.095297,1.93722,0.079776,0.0,0.0,1.74,0.98,1.7,25.0,0.095297,1.695,2.02,
exp17i_limits_ablation,ablationtube_only__ballspeed7__noplot__servebox,"{""--ablation"": ""tube_only"", ""--ball-speed"": 7, ""--no-plot"": null, ""--serve-box"": null}",358,True,active,0.039662,2.023711,0.030415,55.0,105.0,1.8,1.0,2.0,0.0,0.039662,0.991,1.69,
exp17i_limits_ablation,ablationtube_only__ballspeed7__noplot__servebox,"{""--ablation"": ""tube_only"", ""--ball-speed"": 7, ""--no-plot"": null, ""--serve-box"": null}",353,True,active,0.0751,1.922774,0.070497,45.0,85.0,1.79,1.0,1.8,20.0,0.0751,1.705,2.16,
exp17i_limits_ablation,ablationtube_only__ballspeed7__noplot__servebox,"{""--ablation"": ""tube_only"", ""--ball-speed"": 7, ""--no-plot"": null, ""--serve-box"": null}",359,True,active,0.129178,1.955875,0.126031,40.0,105.0,1.57,0.99,1.5,10.0,0.129178,1.461,1.83,
exp17i_limits_ablation,ablationtube_only__ballspeed7__noplot__servebox,"{""--ablation"": ""tube_only"", ""--ball-speed"": 7, ""--no-plot"": null, ""--serve-box"": null}",350,True,active,0.118849,1.950725,0.109662,45.0,105.0,1.79,1.0,2.2,15.0,0.118849,1.756,2.75,
exp17i_limits_ablation,ablationtube_only__ballspeed7__noplot__servebox,"{""--ablation"": ""tube_only"", ""--ball-speed"": 7, ""--no-plot"": null, ""--serve-box"": null}",362,True,active,0.095196,1.946273,0.084596,40.0,85.0,1.81,0.95,1.9,25.0,0.095196,1.8,1.58,
exp17i_limits_ablation,ablationtube_only__ballspeed7__noplot__servebox,"{""--ablation"": ""tube_only"", ""--ball-speed"": 7, ""--no-plot"": null, ""--serve-box"": null}",364,True,active,0.074654,1.949673,0.074654,50.0,105.0,1.58,0.97,1.6,10.0,0.074654,1.578,1.57,
exp17i_limits_ablation,ablationtube_only__ballspeed7__noplot__servebox,"{""--ablation"": ""tube_only"", ""--ball-speed"": 7, ""--no-plot"": null, ""--serve-box"": null}",360,True,active,0.111612,1.929189,0.098935,45.0,105.0,1.79,0.97,1.9,20.0,0.111612,1.762,2.07,
exp17i_limits_ablation,ablationtube_only__ballspeed7__noplot__servebox,"{""--ablation"": ""tube_only"", ""--ball-speed"": 7, ""--no-plot"": null, ""--serve-box"": null}",366,True,active,0.095799,1.935383,0.075029,0.0,0.0,1.79,0.98,1.7,20.0,0.095799,1.793,1.62,
exp17i_limits_ablation,ablationtube_only__ballspeed7__noplot__servebox,"{""--ablation"": ""tube_only"", ""--ball-speed"": 7, ""--no-plot"": null, ""--serve-box"": null}",368,True,active,0.087118,1.942718,0.087118,50.0,105.0,1.58,1.0,1.8,10.0,0.087118,1.418,1.53,
exp17i_limits_ablation,ablationtube_only__ballspeed7__noplot__servebox,"{""--ablation"": ""tube_only"", ""--ball-speed"": 7, ""--no-plot"": null, ""--serve-box"": null}",367,True,active,0.082969,1.905452,0.069987,0.0,0.0,1.7,0.98,1.6,20.0,0.082969,1.611,1.61,
exp17i_limits_ablation,ablationtube_only__ballspeed7__noplot__servebox,"{""--ablation"": ""tube_only"", ""--ball-speed"": 7, ""--no-plot"": null, ""--serve-box"": null}",369,True,active,0.095195,1.942409,0.070209,0.0,0.0,1.56,0.97,2.0,25.0,0.095195,1.442,1.55,
exp17i_limits_ablation,ablationtube_only__ballspeed7__noplot__servebox,"{""--ablation"": ""tube_only"", ""--ball-speed"": 7, ""--no-plot"": null, ""--serve-box"": null}",373,True,active,0.083641,1.945782,0.051692,0.0,0.0,1.8,0.99,1.7,30.0,0.083641,1.469,1.52,
exp17i_limits_ablation,ablationtube_only__ballspeed7__noplot__servebox,"{""--ablation"": ""tube_only"", ""--ball-speed"": 7, ""--no-plot"": null, ""--serve-box"": null}",363,True,active,0.067604,1.987666,0.066027,45.0,105.0,1.64,0.99,1.5,15.0,0.067604,1.083,2.93,
exp17i_limits_ablation,ablationtube_only__ballspeed7__noplot__servebox,"{""--ablation"": ""tube_only"", ""--ball-speed"": 7, ""--no-plot"": null, ""--serve-box"": null}",375,True,active,0.119762,1.941184,0.118991,45.0,105.0,0.94,0.98,1.2,5.0,0.119762,0.533,1.57,
exp17i_limits_ablation,ablationtube_only__ballspeed7__noplot__servebox,"{""--ablation"": ""tube_only"", ""--ball-speed"": 7, ""--no-plot"": null, ""--serve-box"": null}",361,True,active,0.093618,1.956565,0.080328,45.0,105.0,1.72,1.0,1.6,15.0,0.093618,1.443,3.2,
exp17i_limits_ablation,ablationtube_only__ballspeed7__noplot__servebox,"{""--ablation"": ""tube_only"", ""--ball-speed"": 7, ""--no-plot"": null, ""--serve-box"": null}",374,True,active,0.095787,1.91464,0.095615,55.0,105.0,1.5,0.99,1.4,5.0,0.095787,0.844,1.66,
exp17i_limits_ablation,ablationtube_only__ballspeed7__noplot__servebox,"{""--ablation"": ""tube_only"", ""--ball-speed"": 7, ""--no-plot"": null, ""--serve-box"": null}",376,False,miss,0.324138,1.906373,0.117084,0.0,0.0,1.77,1.0,2.3,0.0,0.324138,0.0,1.62,
exp17i_limits_ablation,ablationtube_only__ballspeed7__noplot__servebox,"{""--ablation"": ""tube_only"", ""--ball-speed"": 7, ""--no-plot"": null, ""--serve-box"": null}",365,True,active,0.117571,1.942816,0.108675,50.0,105.0,1.36,1.0,1.7,10.0,0.117571,1.36,3.11,
exp17i_limits_ablation,ablationtube_only__ballspeed7__noplot__servebox,"{""--ablation"": ""tube_only"", ""--ball-speed"": 7, ""--no-plot"": null, ""--serve-box"": null}",378,True,active,0.096677,1.92812,0.052114,0.0,0.0,1.8,0.91,1.7,25.0,0.096677,1.762,1.49,
exp17i_limits_ablation,ablationtube_only__ballspeed7__noplot__servebox,"{""--ablation"": ""tube_only"", ""--ball-speed"": 7, ""--no-plot"": null, ""--serve-box"": null}",377,True,active,0.084037,1.935408,0.069948,45.0,105.0,1.73,1.0,1.4,20.0,0.084037,1.387,1.74,
exp17i_limits_ablation,ablationtube_only__ballspeed7__noplot__servebox,"{""--ablation"": ""tube_only"", ""--ball-speed"": 7, ""--no-plot"": null, ""--serve-box"": null}",379,True,active,0.122542,1.958242,0.108873,50.0,105.0,1.28,0.99,1.6,10.0,0.122542,1.284,1.57,
exp17i_limits_ablation,ablationtube_only__ballspeed7__noplot__servebox,"{""--ablation"": ""tube_only"", ""--ball-speed"": 7, ""--no-plot"": null, ""--serve-box"": null}",380,False,miss,0.334299,1.960092,0.143805,30.0,60.0,1.74,0.99,1.9,0.0,0.334299,0.0,1.65,
exp17i_limits_ablation,ablationtube_only__ballspeed7__noplot__servebox,"{""--ablation"": ""tube_only"", ""--ball-speed"": 7, ""--no-plot"": null, ""--serve-box"": null}",370,True,active,0.084654,1.903983,0.036768,0.0,0.0,1.65,0.99,1.9,25.0,0.084654,1.38,3.03,
exp17i_limits_ablation,ablationtube_only__ballspeed7__noplot__servebox,"{""--ablation"": ""tube_only"", ""--ball-speed"": 7, ""--no-plot"": null, ""--serve-box"": null}",372,False,miss,0.348406,1.950438,0.140061,0.0,0.0,1.77,0.99,1.8,0.0,0.348406,0.0,2.96,
exp17i_limits_ablation,ablationtube_only__ballspeed7__noplot__servebox,"{""--ablation"": ""tube_only"", ""--ball-speed"": 7, ""--no-plot"": null, ""--serve-box"": null}",371,True,active,0.139923,1.936863,0.13736,40.0,95.0,1.41,1.0,1.2,5.0,0.139923,0.954,3.15,
exp17i_limits_ablation,ablationtube_only__ballspeed7__noplot__servebox,"{""--ablation"": ""tube_only"", ""--ball-speed"": 7, ""--no-plot"": null, ""--serve-box"": null}",383,True,active,0.053913,2.010883,0.053913,30.0,40.0,1.77,1.0,1.6,25.0,0.053913,1.678,1.54,
exp17i_limits_ablation,ablationtube_only__ballspeed7__noplot__servebox,"{""--ablation"": ""tube_only"", ""--ball-speed"": 7, ""--no-plot"": null, ""--serve-box"": null}",381,True,active,0.108118,2.006292,0.104306,40.0,105.0,1.8,0.97,1.5,15.0,0.108118,1.754,2.54,
exp17i_limits_ablation,ablationtube_only__ballspeed7__noplot__servebox,"{""--ablation"": ""tube_only"", ""--ball-speed"": 7, ""--no-plot"": null, ""--serve-box"": null}",388,True,active,0.105303,1.926136,0.104728,40.0,105.0,1.73,0.99,1.7,15.0,0.105303,1.727,1.55,
exp17i_limits_ablation,ablationtube_only__ballspeed7__noplot__servebox,"{""--ablation"": ""tube_only"", ""--ball-speed"": 7, ""--no-plot"": null, ""--serve-box"": null}",385,True,active,0.117774,1.94383,0.087041,20.0,45.0,1.47,0.99,1.9,15.0,0.117774,1.263,1.78,
exp17i_limits_ablation,ablationtube_only__ballspeed7__noplot__servebox,"{""--ablation"": ""tube_only"", ""--ball-speed"": 7, ""--no-plot"": null, ""--serve-box"": null}",390,True,active,0.102061,1.938679,0.065263,0.0,0.0,1.79,0.96,1.8,25.0,0.102061,1.758,1.44,
exp17i_limits_ablation,ablationtube_only__ballspeed7__noplot__servebox,"{""--ablation"": ""tube_only"", ""--ball-speed"": 7, ""--no-plot"": null, ""--serve-box"": null}",389,True,active,0.0794,1.936578,0.046137,0.0,0.0,1.72,0.99,1.7,20.0,0.0794,1.724,1.7,
exp17i_limits_ablation,ablationtube_only__ballspeed7__noplot__servebox,"{""--ablation"": ""tube_only"", ""--ball-speed"": 7, ""--no-plot"": null, ""--serve-box"": null}",382,True,active,0.111334,1.981017,0.106363,45.0,105.0,1.28,1.0,1.3,10.0,0.111334,1.158,2.83,
exp17i_limits_ablation,ablationtube_only__ballspeed7__noplot__servebox,"{""--ablation"": ""tube_only"", ""--ball-speed"": 7, ""--no-plot"": null, ""--serve-box"": null}",386,True,active,0.106609,1.939636,0.088312,0.0,0.0,1.78,0.98,2.0,20.0,0.106609,1.765,2.09,
exp17i_limits_ablation,ablationtube_only__ballspeed7__noplot__servebox,"{""--ablation"": ""tube_only"", ""--ball-speed"": 7, ""--no-plot"": null, ""--serve-box"": null}",387,True,active,0.139049,1.938129,0.134087,40.0,70.0,1.23,1.0,1.6,10.0,0.139049,1.047,2.14,
exp17i_limits_ablation,ablationtube_only__ballspeed7__noplot__servebox,"{""--ablation"": ""tube_only"", ""--ball-speed"": 7, ""--no-plot"": null, ""--serve-box"": null}",393,True,active,0.099847,1.936024,0.093269,40.0,105.0,1.79,0.99,1.8,20.0,0.099847,1.766,1.55,
exp17i_limits_ablation,ablationtube_only__ballspeed7__noplot__servebox,"{""--ablation"": ""tube_only"", ""--ball-speed"": 7, ""--no-plot"": null, ""--serve-box"": null}",391,True,active,0.110972,1.952826,0.107832,40.0,105.0,1.79,0.97,1.9,10.0,0.110972,1.689,2.05,
exp17i_limits_ablation,ablationtube_only__ballspeed7__noplot__servebox,"{""--ablation"": ""tube_only"", ""--ball-speed"": 7, ""--no-plot"": null, ""--serve-box"": null}",392,True,active,0.081661,1.9757,0.073959,50.0,105.0,1.52,1.0,1.7,10.0,0.081661,1.373,1.91,
exp17i_limits_ablation,ablationtube_only__ballspeed7__noplot__servebox,"{""--ablation"": ""tube_only"", ""--ball-speed"": 7, ""--no-plot"": null, ""--serve-box"": null}",394,True,active,0.097447,1.923919,0.084312,40.0,90.0,1.73,1.0,1.6,20.0,0.097447,1.642,1.65,
exp17i_limits_ablation,ablationtube_only__ballspeed7__noplot__servebox,"{""--ablation"": ""tube_only"", ""--ball-speed"": 7, ""--no-plot"": null, ""--serve-box"": null}",396,True,active,0.073728,1.923461,0.073728,40.0,105.0,1.79,0.99,1.9,15.0,0.073728,1.789,1.59,
exp17i_limits_ablation,ablationtube_only__ballspeed7__noplot__servebox,"{""--ablation"": ""tube_only"", ""--ball-speed"": 7, ""--no-plot"": null, ""--serve-box"": null}",384,True,active,0.030008,1.944859,0.030008,45.0,105.0,1.55,1.0,1.8,5.0,0.030008,0.311,2.92,
exp17i_limits_ablation,ablationtube_only__ballspeed7__noplot__servebox,"{""--ablation"": ""tube_only"", ""--ball-speed"": 7, ""--no-plot"": null, ""--serve-box"": null}",399,True,active,0.038506,1.95037,0.038506,50.0,105.0,1.77,1.0,1.6,15.0,0.038506,1.701,1.47,
exp17i_limits_ablation,ablationtube_only__ballspeed7__noplot__servebox,"{""--ablation"": ""tube_only"", ""--ball-speed"": 7, ""--no-plot"": null, ""--serve-box"": null}",400,True,active,0.122026,1.94713,0.120333,40.0,105.0,1.2,1.0,1.3,10.0,0.122026,0.814,1.49,
exp17i_limits_ablation,ablationtube_only__ballspeed7__noplot__servebox,"{""--ablation"": ""tube_only"", ""--ball-speed"": 7, ""--no-plot"": null, ""--serve-box"": null}",397,True,active,0.078979,1.988446,0.077882,45.0,105.0,1.72,0.99,1.7,10.0,0.078979,1.586,2.19,
exp17i_limits_ablation,ablationsoftmin_only__ballspeed7__noplot__servebox,"{""--ablation"": ""softmin_only"", ""--ball-speed"": 7, ""--no-plot"": null, ""--serve-box"": null}",1,True,active,0.063346,1.986181,0.060255,95.0,105.0,1.77,1.0,1.6,10.0,0.063346,1.405,1.67,
exp17i_limits_ablation,ablationsoftmin_only__ballspeed7__noplot__servebox,"{""--ablation"": ""softmin_only"", ""--ball-speed"": 7, ""--no-plot"": null, ""--serve-box"": null}",2,True,active,0.102455,1.969225,0.098729,25.0,80.0,1.8,0.99,1.9,25.0,0.102455,1.762,1.5,
exp17i_limits_ablation,ablationsoftmin_only__ballspeed7__noplot__servebox,"{""--ablation"": ""softmin_only"", ""--ball-speed"": 7, ""--no-plot"": null, ""--serve-box"": null}",3,True,active,0.109534,1.992778,0.095492,50.0,105.0,1.81,0.99,1.9,35.0,0.109534,1.465,1.49,
exp17i_limits_ablation,ablationsoftmin_only__ballspeed7__noplot__servebox,"{""--ablation"": ""softmin_only"", ""--ball-speed"": 7, ""--no-plot"": null, ""--serve-box"": null}",4,True,active,0.138831,1.95073,0.127069,45.0,105.0,1.4,1.0,1.4,20.0,0.138831,1.301,1.68,
exp17i_limits_ablation,ablationsoftmin_only__ballspeed7__noplot__servebox,"{""--ablation"": ""softmin_only"", ""--ball-speed"": 7, ""--no-plot"": null, ""--serve-box"": null}",7,True,active,0.097365,1.929177,0.094431,50.0,105.0,1.59,1.0,1.6,25.0,0.097365,0.895,1.54,
exp17i_limits_ablation,ablationsoftmin_only__ballspeed7__noplot__servebox,"{""--ablation"": ""softmin_only"", ""--ball-speed"": 7, ""--no-plot"": null, ""--serve-box"": null}",8,False,miss,0.358096,1.944892,0.172004,0.0,0.0,1.37,1.0,1.6,0.0,0.358096,0.0,1.42,
exp17i_limits_ablation,ablationtube_only__ballspeed7__noplot__servebox,"{""--ablation"": ""tube_only"", ""--ball-speed"": 7, ""--no-plot"": null, ""--serve-box"": null}",395,False,miss,0.331995,1.949129,0.149504,30.0,35.0,1.17,0.99,1.5,0.0,0.331995,0.0,3.02,
exp17i_limits_ablation,ablationtube_only__ballspeed7__noplot__servebox,"{""--ablation"": ""tube_only"", ""--ball-speed"": 7, ""--no-plot"": null, ""--serve-box"": null}",398,True,active,0.142737,1.96416,0.134959,45.0,75.0,1.27,0.99,1.3,5.0,0.142737,0.999,2.38,
exp17i_limits_ablation,ablationsoftmin_only__ballspeed7__noplot__servebox,"{""--ablation"": ""softmin_only"", ""--ball-speed"": 7, ""--no-plot"": null, ""--serve-box"": null}",20,,,,,,,,,,,,,,0.19,no_result
exp17i_limits_ablation,ablationsoftmin_only__ballspeed7__noplot__servebox,"{""--ablation"": ""softmin_only"", ""--ball-speed"": 7, ""--no-plot"": null, ""--serve-box"": null}",21,,,,,,,,,,,,,,0.22,no_result
exp17i_limits_ablation,ablationsoftmin_only__ballspeed7__noplot__servebox,"{""--ablation"": ""softmin_only"", ""--ball-speed"": 7, ""--no-plot"": null, ""--serve-box"": null}",11,True,active,0.118388,1.995488,0.110457,0.0,0.0,1.81,1.0,1.9,30.0,0.118388,1.364,1.59,
exp17i_limits_ablation,ablationsoftmin_only__ballspeed7__noplot__servebox,"{""--ablation"": ""softmin_only"", ""--ball-speed"": 7, ""--no-plot"": null, ""--serve-box"": null}",13,True,active,0.122735,1.981994,0.113436,30.0,80.0,1.8,0.99,1.7,30.0,0.122735,1.726,1.41,
exp17i_limits_ablation,ablationsoftmin_only__ballspeed7__noplot__servebox,"{""--ablation"": ""softmin_only"", ""--ball-speed"": 7, ""--no-plot"": null, ""--serve-box"": null}",17,True,active,0.12451,1.976693,0.106874,45.0,100.0,1.78,0.99,2.2,20.0,0.12451,1.705,1.45,
exp17i_limits_ablation,ablationsoftmin_only__ballspeed7__noplot__servebox,"{""--ablation"": ""softmin_only"", ""--ball-speed"": 7, ""--no-plot"": null, ""--serve-box"": null}",16,True,active,0.101697,1.982195,0.073249,50.0,75.0,1.8,0.99,1.7,30.0,0.101697,1.362,1.53,
exp17i_limits_ablation,ablationsoftmin_only__ballspeed7__noplot__servebox,"{""--ablation"": ""softmin_only"", ""--ball-speed"": 7, ""--no-plot"": null, ""--serve-box"": null}",18,True,active,0.138147,1.955347,0.133206,45.0,105.0,1.76,1.0,1.5,15.0,0.138147,1.296,1.44,
exp17i_limits_ablation,ablationsoftmin_only__ballspeed7__noplot__servebox,"{""--ablation"": ""softmin_only"", ""--ball-speed"": 7, ""--no-plot"": null, ""--serve-box"": null}",27,,,,,,,,,,,,,,0.3,no_result
exp17i_limits_ablation,ablationsoftmin_only__ballspeed7__noplot__servebox,"{""--ablation"": ""softmin_only"", ""--ball-speed"": 7, ""--no-plot"": null, ""--serve-box"": null}",5,True,active,0.128287,1.96475,0.128287,0.0,20.0,1.77,0.98,1.8,30.0,0.128287,1.646,3.17,
exp17i_limits_ablation,ablationsoftmin_only__ballspeed7__noplot__servebox,"{""--ablation"": ""softmin_only"", ""--ball-speed"": 7, ""--no-plot"": null, ""--serve-box"": null}",6,True,active,0.064023,1.918499,0.058988,60.0,105.0,1.5,0.99,1.8,20.0,0.064023,1.348,3.05,
exp17i_limits_ablation,ablationsoftmin_only__ballspeed7__noplot__servebox,"{""--ablation"": ""softmin_only"", ""--ball-speed"": 7, ""--no-plot"": null, ""--serve-box"": null}",10,True,active,0.062229,1.981582,0.062229,50.0,105.0,1.5,0.99,1.6,15.0,0.062229,1.42,2.72,
exp17i_limits_ablation,ablationsoftmin_only__ballspeed7__noplot__servebox,"{""--ablation"": ""softmin_only"", ""--ball-speed"": 7, ""--no-plot"": null, ""--serve-box"": null}",19,True,active,0.085415,1.971,0.085415,45.0,85.0,1.72,1.0,1.7,25.0,0.085415,1.576,1.48,
exp17i_limits_ablation,ablationsoftmin_only__ballspeed7__noplot__servebox,"{""--ablation"": ""softmin_only"", ""--ball-speed"": 7, ""--no-plot"": null, ""--serve-box"": null}",22,True,active,0.089584,1.922015,0.089584,0.0,0.0,1.68,1.0,2.2,10.0,0.089584,1.386,1.54,
exp17i_limits_ablation,ablationsoftmin_only__ballspeed7__noplot__servebox,"{""--ablation"": ""softmin_only"", ""--ball-speed"": 7, ""--no-plot"": null, ""--serve-box"": null}",9,False,miss,0.33049,1.927911,0.172815,20.0,0.0,1.16,0.99,1.6,0.0,0.33049,0.0,3.12,
exp17i_limits_ablation,ablationsoftmin_only__ballspeed7__noplot__servebox,"{""--ablation"": ""softmin_only"", ""--ball-speed"": 7, ""--no-plot"": null, ""--serve-box"": null}",24,True,active,0.1251,1.948396,0.116212,45.0,90.0,1.32,1.0,1.5,20.0,0.1251,1.104,1.5,
exp17i_limits_ablation,ablationsoftmin_only__ballspeed7__noplot__servebox,"{""--ablation"": ""softmin_only"", ""--ball-speed"": 7, ""--no-plot"": null, ""--serve-box"": null}",25,True,active,0.128589,1.984531,0.116794,0.0,25.0,1.8,0.98,2.2,35.0,0.128589,1.769,1.48,
exp17i_limits_ablation,ablationsoftmin_only__ballspeed7__noplot__servebox,"{""--ablation"": ""softmin_only"", ""--ball-speed"": 7, ""--no-plot"": null, ""--serve-box"": null}",15,True,passive,0.081878,1.948162,0.081878,55.0,105.0,1.58,0.98,1.5,10.0,0.081878,0.17,2.56,
exp17i_limits_ablation,ablationsoftmin_only__ballspeed7__noplot__servebox,"{""--ablation"": ""softmin_only"", ""--ball-speed"": 7, ""--no-plot"": null, ""--serve-box"": null}",23,True,active,0.069135,2.006176,0.069135,40.0,105.0,1.81,1.0,1.7,20.0,0.069135,1.768,1.85,
exp17i_limits_ablation,ablationsoftmin_only__ballspeed7__noplot__servebox,"{""--ablation"": ""softmin_only"", ""--ball-speed"": 7, ""--no-plot"": null, ""--serve-box"": null}",26,True,active,0.094749,1.947965,0.093507,40.0,105.0,1.79,0.99,1.7,40.0,0.094749,1.548,1.58,
exp17i_limits_ablation,ablationsoftmin_only__ballspeed7__noplot__servebox,"{""--ablation"": ""softmin_only"", ""--ball-speed"": 7, ""--no-plot"": null, ""--serve-box"": null}",12,True,active,0.089631,1.970224,0.089631,40.0,95.0,1.79,0.98,1.9,35.0,0.089631,1.444,3.22,
exp17i_limits_ablation,ablationsoftmin_only__ballspeed7__noplot__servebox,"{""--ablation"": ""softmin_only"", ""--ball-speed"": 7, ""--no-plot"": null, ""--serve-box"": null}",14,True,active,0.047737,2.01087,0.047737,50.0,105.0,1.59,1.0,1.4,15.0,0.047737,1.47,3.14,
exp17i_limits_ablation,ablationsoftmin_only__ballspeed7__noplot__servebox,"{""--ablation"": ""softmin_only"", ""--ball-speed"": 7, ""--no-plot"": null, ""--serve-box"": null}",29,True,active,0.126414,1.959418,0.124708,0.0,15.0,1.78,0.98,2.1,30.0,0.126414,1.776,1.54,
exp17i_limits_ablation,ablationsoftmin_only__ballspeed7__noplot__servebox,"{""--ablation"": ""softmin_only"", ""--ball-speed"": 7, ""--no-plot"": null, ""--serve-box"": null}",32,True,active,0.072118,1.97307,0.072118,45.0,105.0,1.49,1.0,1.3,10.0,0.072118,1.423,1.5,
exp17i_limits_ablation,ablationsoftmin_only__ballspeed7__noplot__servebox,"{""--ablation"": ""softmin_only"", ""--ball-speed"": 7, ""--no-plot"": null, ""--serve-box"": null}",31,True,active,0.140321,1.978857,0.133426,40.0,50.0,1.79,1.0,1.8,20.0,0.140321,1.623,1.58,
exp17i_limits_ablation,ablationsoftmin_only__ballspeed7__noplot__servebox,"{""--ablation"": ""softmin_only"", ""--ball-speed"": 7, ""--no-plot"": null, ""--serve-box"": null}",33,True,active,0.087156,1.951643,0.087156,45.0,105.0,1.74,0.99,1.9,25.0,0.087156,1.417,1.51,
exp17i_limits_ablation,ablationsoftmin_only__ballspeed7__noplot__servebox,"{""--ablation"": ""softmin_only"", ""--ball-speed"": 7, ""--no-plot"": null, ""--serve-box"": null}",36,True,active,0.102516,1.965263,0.102516,40.0,105.0,1.79,0.98,1.7,25.0,0.102516,1.518,1.47,
exp17i_limits_ablation,ablationsoftmin_only__ballspeed7__noplot__servebox,"{""--ablation"": ""softmin_only"", ""--ball-speed"": 7, ""--no-plot"": null, ""--serve-box"": null}",35,False,miss,0.455649,1.999717,0.15656,0.0,0.0,1.8,1.0,2.0,0.0,0.455649,0.0,1.54,
exp17i_limits_ablation,ablationsoftmin_only__ballspeed7__noplot__servebox,"{""--ablation"": ""softmin_only"", ""--ball-speed"": 7, ""--no-plot"": null, ""--serve-box"": null}",38,False,miss,0.402581,1.971057,0.15202,25.0,0.0,1.77,1.0,1.8,0.0,0.402581,0.0,1.66,
exp17i_limits_ablation,ablationsoftmin_only__ballspeed7__noplot__servebox,"{""--ablation"": ""softmin_only"", ""--ball-speed"": 7, ""--no-plot"": null, ""--serve-box"": null}",39,False,miss,0.392008,1.952846,0.149923,0.0,0.0,1.78,1.0,2.1,0.0,0.392008,0.0,1.73,
exp17i_limits_ablation,ablationsoftmin_only__ballspeed7__noplot__servebox,"{""--ablation"": ""softmin_only"", ""--ball-speed"": 7, ""--no-plot"": null, ""--serve-box"": null}",28,True,active,0.142751,1.929097,0.122951,50.0,75.0,1.49,0.99,1.6,20.0,0.142751,1.412,2.91,
exp17i_limits_ablation,ablationsoftmin_only__ballspeed7__noplot__servebox,"{""--ablation"": ""softmin_only"", ""--ball-speed"": 7, ""--no-plot"": null, ""--serve-box"": null}",43,False,miss,0.369749,1.965999,0.154861,25.0,10.0,1.74,1.0,1.8,0.0,0.369749,0.0,1.55,
exp17i_limits_ablation,ablationsoftmin_only__ballspeed7__noplot__servebox,"{""--ablation"": ""softmin_only"", ""--ball-speed"": 7, ""--no-plot"": null, ""--serve-box"": null}",45,True,active,0.142672,1.977685,0.13769,35.0,50.0,1.78,1.0,1.9,30.0,0.142672,1.484,1.44,
exp17i_limits_ablation,ablationsoftmin_only__ballspeed7__noplot__servebox,"{""--ablation"": ""softmin_only"", ""--ball-speed"": 7, ""--no-plot"": null, ""--serve-box"": null}",46,True,active,0.131916,1.792022,0.130604,30.0,45.0,1.8,1.0,1.9,25.0,0.131916,1.797,1.4,
exp17i_limits_ablation,ablationsoftmin_only__ballspeed7__noplot__servebox,"{""--ablation"": ""softmin_only"", ""--ball-speed"": 7, ""--no-plot"": null, ""--serve-box"": null}",42,True,active,0.11844,1.967944,0.108579,45.0,105.0,1.77,1.0,1.9,25.0,0.11844,1.486,1.94,
exp17i_limits_ablation,ablationsoftmin_only__ballspeed7__noplot__servebox,"{""--ablation"": ""softmin_only"", ""--ball-speed"": 7, ""--no-plot"": null, ""--serve-box"": null}",47,True,active,0.024241,2.029367,0.024241,45.0,105.0,1.8,1.0,1.7,20.0,0.024241,1.309,1.47,
exp17i_limits_ablation,ablationsoftmin_only__ballspeed7__noplot__servebox,"{""--ablation"": ""softmin_only"", ""--ball-speed"": 7, ""--no-plot"": null, ""--serve-box"": null}",30,True,active,0.11076,1.97446,0.11076,40.0,105.0,1.79,0.98,1.9,30.0,0.11076,1.757,3.1,
exp17i_limits_ablation,ablationsoftmin_only__ballspeed7__noplot__servebox,"{""--ablation"": ""softmin_only"", ""--ball-speed"": 7, ""--no-plot"": null, ""--serve-box"": null}",34,True,active,0.0988,1.983532,0.096066,45.0,105.0,1.64,0.99,1.4,20.0,0.0988,1.55,3.11,
exp17i_limits_ablation,ablationsoftmin_only__ballspeed7__noplot__servebox,"{""--ablation"": ""softmin_only"", ""--ball-speed"": 7, ""--no-plot"": null, ""--serve-box"": null}",37,False,miss,0.434154,1.929434,0.166931,20.0,0.0,1.78,0.99,1.7,0.0,0.434154,0.0,2.8,
exp17i_limits_ablation,ablationsoftmin_only__ballspeed7__noplot__servebox,"{""--ablation"": ""softmin_only"", ""--ball-speed"": 7, ""--no-plot"": null, ""--serve-box"": null}",49,True,active,0.110304,1.983777,0.110304,40.0,105.0,1.48,0.99,1.5,25.0,0.110304,0.945,1.52,
exp17i_limits_ablation,ablationsoftmin_only__ballspeed7__noplot__servebox,"{""--ablation"": ""softmin_only"", ""--ball-speed"": 7, ""--no-plot"": null, ""--serve-box"": null}",44,False,miss,0.432476,1.949838,0.148094,25.0,0.0,1.81,0.99,1.7,0.0,0.432476,0.0,2.13,
exp17i_limits_ablation,ablationsoftmin_only__ballspeed7__noplot__servebox,"{""--ablation"": ""softmin_only"", ""--ball-speed"": 7, ""--no-plot"": null, ""--serve-box"": null}",48,True,active,0.131215,1.993288,0.121948,45.0,90.0,1.64,1.0,1.6,20.0,0.131215,1.282,1.85,
exp17i_limits_ablation,ablationsoftmin_only__ballspeed7__noplot__servebox,"{""--ablation"": ""softmin_only"", ""--ball-speed"": 7, ""--no-plot"": null, ""--serve-box"": null}",50,True,active,0.086083,1.951979,0.074541,45.0,105.0,1.81,0.99,1.7,30.0,0.086083,1.69,1.52,
exp17i_limits_ablation,ablationsoftmin_only__ballspeed7__noplot__servebox,"{""--ablation"": ""softmin_only"", ""--ball-speed"": 7, ""--no-plot"": null, ""--serve-box"": null}",40,True,active,0.102301,1.979411,0.102301,40.0,105.0,1.46,1.0,1.8,20.0,0.102301,1.227,3.14,
exp17i_limits_ablation,ablationsoftmin_only__ballspeed7__noplot__servebox,"{""--ablation"": ""softmin_only"", ""--ball-speed"": 7, ""--no-plot"": null, ""--serve-box"": null}",41,True,active,0.114068,2.022209,0.114068,40.0,105.0,1.79,0.99,1.9,20.0,0.114068,1.791,3.1,
exp17i_limits_ablation,ablationsoftmin_only__ballspeed7__noplot__servebox,"{""--ablation"": ""softmin_only"", ""--ball-speed"": 7, ""--no-plot"": null, ""--serve-box"": null}",52,True,active,0.050847,2.00875,0.050847,45.0,105.0,1.8,0.99,1.6,30.0,0.050847,0.935,1.56,
exp17i_limits_ablation,ablationsoftmin_only__ballspeed7__noplot__servebox,"{""--ablation"": ""softmin_only"", ""--ball-speed"": 7, ""--no-plot"": null, ""--serve-box"": null}",51,False,miss,0.413503,1.907956,0.188291,0.0,0.0,1.69,1.0,1.7,0.0,0.413503,0.0,1.92,
exp17i_limits_ablation,ablationsoftmin_only__ballspeed7__noplot__servebox,"{""--ablation"": ""softmin_only"", ""--ball-speed"": 7, ""--no-plot"": null, ""--serve-box"": null}",57,True,active,0.127769,1.936733,0.127769,35.0,100.0,1.42,0.99,1.6,10.0,0.127769,1.347,1.53,
exp17i_limits_ablation,ablationsoftmin_only__ballspeed7__noplot__servebox,"{""--ablation"": ""softmin_only"", ""--ball-speed"": 7, ""--no-plot"": null, ""--serve-box"": null}",58,True,active,0.044894,2.026119,0.044894,45.0,95.0,1.8,1.0,1.7,25.0,0.044894,1.656,1.57,
exp17i_limits_ablation,ablationsoftmin_only__ballspeed7__noplot__servebox,"{""--ablation"": ""softmin_only"", ""--ball-speed"": 7, ""--no-plot"": null, ""--serve-box"": null}",56,False,miss,0.394598,1.941159,0.151599,25.0,35.0,1.8,1.0,2.3,0.0,0.394598,0.0,1.65,
exp17i_limits_ablation,ablationsoftmin_only__ballspeed7__noplot__servebox,"{""--ablation"": ""softmin_only"", ""--ball-speed"": 7, ""--no-plot"": null, ""--serve-box"": null}",54,True,active,0.121565,1.992813,0.103523,20.0,65.0,1.8,1.0,1.6,25.0,0.121565,1.557,1.8,
exp17i_limits_ablation,ablationsoftmin_only__ballspeed7__noplot__servebox,"{""--ablation"": ""softmin_only"", ""--ball-speed"": 7, ""--no-plot"": null, ""--serve-box"": null}",59,True,active,0.101973,1.99432,0.086446,0.0,0.0,1.8,1.0,1.7,30.0,0.101973,1.754,1.65,
exp17i_limits_ablation,ablationsoftmin_only__ballspeed7__noplot__servebox,"{""--ablation"": ""softmin_only"", ""--ball-speed"": 7, ""--no-plot"": null, ""--serve-box"": null}",62,True,active,0.090679,2.013097,0.090679,50.0,105.0,1.8,1.0,1.7,15.0,0.090679,1.316,1.62,
exp17i_limits_ablation,ablationsoftmin_only__ballspeed7__noplot__servebox,"{""--ablation"": ""softmin_only"", ""--ball-speed"": 7, ""--no-plot"": null, ""--serve-box"": null}",63,True,active,0.089659,1.969974,0.076861,5.0,50.0,1.8,0.99,1.5,25.0,0.089659,1.703,1.56,
exp17i_limits_ablation,ablationsoftmin_only__ballspeed7__noplot__servebox,"{""--ablation"": ""softmin_only"", ""--ball-speed"": 7, ""--no-plot"": null, ""--serve-box"": null}",64,True,active,0.077794,2.005048,0.077794,45.0,105.0,1.75,1.0,1.6,25.0,0.077794,1.54,1.68,
exp17i_limits_ablation,ablationsoftmin_only__ballspeed7__noplot__servebox,"{""--ablation"": ""softmin_only"", ""--ball-speed"": 7, ""--no-plot"": null, ""--serve-box"": null}",61,True,active,0.115388,1.943572,0.112106,45.0,105.0,1.79,0.98,1.6,25.0,0.115388,1.789,2.15,
exp17i_limits_ablation,ablationsoftmin_only__ballspeed7__noplot__servebox,"{""--ablation"": ""softmin_only"", ""--ball-speed"": 7, ""--no-plot"": null, ""--serve-box"": null}",53,True,active,0.060067,2.011539,0.058542,45.0,105.0,1.81,1.0,1.7,25.0,0.060067,1.628,2.82,
exp17i_limits_ablation,ablationsoftmin_only__ballspeed7__noplot__servebox,"{""--ablation"": ""softmin_only"", ""--ball-speed"": 7, ""--no-plot"": null, ""--serve-box"": null}",65,True,active,0.149961,1.976402,0.1423,35.0,85.0,1.38,0.99,2.0,5.0,0.149961,0.7,1.86,
exp17i_limits_ablation,ablationsoftmin_only__ballspeed7__noplot__servebox,"{""--ablation"": ""softmin_only"", ""--ball-speed"": 7, ""--no-plot"": null, ""--serve-box"": null}",55,True,active,0.082471,1.982658,0.075297,50.0,105.0,1.79,0.99,1.6,25.0,0.082471,1.733,3.02,
exp17i_limits_ablation,ablationsoftmin_only__ballspeed7__noplot__servebox,"{""--ablation"": ""softmin_only"", ""--ball-speed"": 7, ""--no-plot"": null, ""--serve-box"": null}",69,True,active,0.130543,2.010006,0.127221,40.0,105.0,1.79,1.0,2.0,30.0,0.130543,1.635,1.46,
exp17i_limits_ablation,ablationsoftmin_only__ballspeed7__noplot__servebox,"{""--ablation"": ""softmin_only"", ""--ball-speed"": 7, ""--no-plot"": null, ""--serve-box"": null}",70,True,active,0.126806,1.96133,0.126806,40.0,105.0,1.79,0.99,1.7,20.0,0.126806,1.571,1.46,
exp17i_limits_ablation,ablationsoftmin_only__ballspeed7__noplot__servebox,"{""--ablation"": ""softmin_only"", ""--ball-speed"": 7, ""--no-plot"": null, ""--serve-box"": null}",73,False,miss,0.422507,1.976792,0.144316,30.0,0.0,1.79,1.0,1.9,0.0,0.422507,0.0,1.46,
exp17i_limits_ablation,ablationsoftmin_only__ballspeed7__noplot__servebox,"{""--ablation"": ""softmin_only"", ""--ball-speed"": 7, ""--no-plot"": null, ""--serve-box"": null}",60,True,active,0.067338,2.000329,0.067338,50.0,105.0,1.81,1.0,1.6,25.0,0.067338,1.705,3.14,
exp17i_limits_ablation,ablationsoftmin_only__ballspeed7__noplot__servebox,"{""--ablation"": ""softmin_only"", ""--ball-speed"": 7, ""--no-plot"": null, ""--serve-box"": null}",72,True,passive,0.086512,1.965257,0.078998,50.0,105.0,1.1,1.0,1.6,10.0,0.086512,0.223,1.69,
exp17i_limits_ablation,ablationsoftmin_only__ballspeed7__noplot__servebox,"{""--ablation"": ""softmin_only"", ""--ball-speed"": 7, ""--no-plot"": null, ""--serve-box"": null}",71,True,active,0.111796,1.982984,0.104628,45.0,105.0,1.79,0.99,1.6,25.0,0.111796,1.697,1.92,
exp17i_limits_ablation,ablationsoftmin_only__ballspeed7__noplot__servebox,"{""--ablation"": ""softmin_only"", ""--ball-speed"": 7, ""--no-plot"": null, ""--serve-box"": null}",75,False,miss,0.42824,1.932508,0.158913,25.0,0.0,1.79,0.99,1.9,0.0,0.42824,0.0,1.48,
exp17i_limits_ablation,ablationsoftmin_only__ballspeed7__noplot__servebox,"{""--ablation"": ""softmin_only"", ""--ball-speed"": 7, ""--no-plot"": null, ""--serve-box"": null}",74,True,active,0.140957,1.980218,0.140957,35.0,60.0,1.8,0.99,1.9,25.0,0.140957,1.694,1.62,
exp17i_limits_ablation,ablationsoftmin_only__ballspeed7__noplot__servebox,"{""--ablation"": ""softmin_only"", ""--ball-speed"": 7, ""--no-plot"": null, ""--serve-box"": null}",67,True,active,0.120457,1.942687,0.104444,5.0,45.0,1.79,0.99,1.5,25.0,0.120457,1.72,2.79,
exp17i_limits_ablation,ablationsoftmin_only__ballspeed7__noplot__servebox,"{""--ablation"": ""softmin_only"", ""--ball-speed"": 7, ""--no-plot"": null, ""--serve-box"": null}",76,True,active,0.078717,2.007219,0.078717,40.0,100.0,1.81,1.0,1.7,30.0,0.078717,1.809,1.56,
exp17i_limits_ablation,ablationsoftmin_only__ballspeed7__noplot__servebox,"{""--ablation"": ""softmin_only"", ""--ball-speed"": 7, ""--no-plot"": null, ""--serve-box"": null}",66,True,active,0.149828,1.948246,0.142597,45.0,65.0,1.2,1.0,1.6,10.0,0.149828,0.926,3.11,
exp17i_limits_ablation,ablationsoftmin_only__ballspeed7__noplot__servebox,"{""--ablation"": ""softmin_only"", ""--ball-speed"": 7, ""--no-plot"": null, ""--serve-box"": null}",68,True,active,0.124524,1.963827,0.115772,35.0,105.0,1.8,0.99,1.6,25.0,0.124524,1.789,2.8,
exp17i_limits_ablation,ablationsoftmin_only__ballspeed7__noplot__servebox,"{""--ablation"": ""softmin_only"", ""--ball-speed"": 7, ""--no-plot"": null, ""--serve-box"": null}",77,False,miss,0.379648,1.928146,0.146296,25.0,10.0,1.79,1.0,1.7,0.0,0.379648,0.0,1.78,
exp17i_limits_ablation,ablationsoftmin_only__ballspeed7__noplot__servebox,"{""--ablation"": ""softmin_only"", ""--ball-speed"": 7, ""--no-plot"": null, ""--serve-box"": null}",80,True,active,0.114717,1.988048,0.109885,45.0,105.0,1.81,0.99,1.8,20.0,0.114717,1.796,1.49,
exp17i_limits_ablation,ablationsoftmin_only__ballspeed7__noplot__servebox,"{""--ablation"": ""softmin_only"", ""--ball-speed"": 7, ""--no-plot"": null, ""--serve-box"": null}",81,True,active,0.082429,2.000663,0.082408,40.0,105.0,1.8,1.0,1.7,20.0,0.082429,1.721,1.53,
exp17i_limits_ablation,ablationsoftmin_only__ballspeed7__noplot__servebox,"{""--ablation"": ""softmin_only"", ""--ball-speed"": 7, ""--no-plot"": null, ""--serve-box"": null}",82,True,active,0.112956,1.962027,0.10673,40.0,105.0,1.79,1.0,1.7,25.0,0.112956,1.753,1.51,
exp17i_limits_ablation,ablationsoftmin_only__ballspeed7__noplot__servebox,"{""--ablation"": ""softmin_only"", ""--ball-speed"": 7, ""--no-plot"": null, ""--serve-box"": null}",78,True,active,0.078208,1.936618,0.078208,40.0,105.0,1.81,1.0,1.7,30.0,0.078208,1.445,2.11,
exp17i_limits_ablation,ablationsoftmin_only__ballspeed7__noplot__servebox,"{""--ablation"": ""softmin_only"", ""--ball-speed"": 7, ""--no-plot"": null, ""--serve-box"": null}",84,True,active,0.109444,1.935072,0.102185,45.0,105.0,1.68,1.0,1.7,20.0,0.109444,1.549,1.56,
exp17i_limits_ablation,ablationsoftmin_only__ballspeed7__noplot__servebox,"{""--ablation"": ""softmin_only"", ""--ball-speed"": 7, ""--no-plot"": null, ""--serve-box"": null}",88,True,active,0.097837,2.010965,0.097837,45.0,105.0,1.75,1.0,1.6,25.0,0.097837,1.398,1.59,
exp17i_limits_ablation,ablationsoftmin_only__ballspeed7__noplot__servebox,"{""--ablation"": ""softmin_only"", ""--ball-speed"": 7, ""--no-plot"": null, ""--serve-box"": null}",85,True,active,0.107015,1.993639,0.088749,35.0,85.0,1.82,1.0,1.6,30.0,0.107015,1.582,2.02,
exp17i_limits_ablation,ablationsoftmin_only__ballspeed7__noplot__servebox,"{""--ablation"": ""softmin_only"", ""--ball-speed"": 7, ""--no-plot"": null, ""--serve-box"": null}",91,True,active,0.107713,1.977477,0.094498,40.0,105.0,1.8,0.98,1.8,5.0,0.107713,1.443,1.53,
exp17i_limits_ablation,ablationsoftmin_only__ballspeed7__noplot__servebox,"{""--ablation"": ""softmin_only"", ""--ball-speed"": 7, ""--no-plot"": null, ""--serve-box"": null}",92,False,miss,0.44456,1.979275,0.175342,15.0,0.0,1.79,0.99,2.3,0.0,0.44456,0.0,1.52,
exp17i_limits_ablation,ablationsoftmin_only__ballspeed7__noplot__servebox,"{""--ablation"": ""softmin_only"", ""--ball-speed"": 7, ""--no-plot"": null, ""--serve-box"": null}",79,True,active,0.125369,1.949618,0.107641,45.0,90.0,1.79,1.0,1.8,25.0,0.125369,1.492,3.02,
exp17i_limits_ablation,ablationsoftmin_only__ballspeed7__noplot__servebox,"{""--ablation"": ""softmin_only"", ""--ball-speed"": 7, ""--no-plot"": null, ""--serve-box"": null}",93,True,active,0.082956,1.984469,0.082956,45.0,105.0,1.78,0.98,1.9,20.0,0.082956,1.742,1.52,
exp17i_limits_ablation,ablationsoftmin_only__ballspeed7__noplot__servebox,"{""--ablation"": ""softmin_only"", ""--ball-speed"": 7, ""--no-plot"": null, ""--serve-box"": null}",94,True,active,0.123789,1.920113,0.116082,45.0,105.0,1.68,0.99,1.7,25.0,0.123789,1.353,1.46,
exp17i_limits_ablation,ablationsoftmin_only__ballspeed7__noplot__servebox,"{""--ablation"": ""softmin_only"", ""--ball-speed"": 7, ""--no-plot"": null, ""--serve-box"": null}",95,True,active,0.119095,1.986351,0.119095,35.0,105.0,1.79,0.99,1.9,30.0,0.119095,1.792,1.51,
exp17i_limits_ablation,ablationsoftmin_only__ballspeed7__noplot__servebox,"{""--ablation"": ""softmin_only"", ""--ball-speed"": 7, ""--no-plot"": null, ""--serve-box"": null}",98,True,active,0.094357,1.942459,0.058959,0.0,0.0,1.8,1.0,1.6,40.0,0.094357,1.765,1.39,
exp17i_limits_ablation,ablationsoftmin_only__ballspeed7__noplot__servebox,"{""--ablation"": ""softmin_only"", ""--ball-speed"": 7, ""--no-plot"": null, ""--serve-box"": null}",83,True,active,0.077721,1.952994,0.074818,55.0,105.0,1.42,1.0,1.6,20.0,0.077721,1.373,3.1,
exp17i_limits_ablation,ablationsoftmin_only__ballspeed7__noplot__servebox,"{""--ablation"": ""softmin_only"", ""--ball-speed"": 7, ""--no-plot"": null, ""--serve-box"": null}",87,True,active,0.090847,2.01569,0.090847,40.0,105.0,1.78,1.0,1.9,25.0,0.090847,1.542,2.81,
exp17i_limits_ablation,ablationsoftmin_only__ballspeed7__noplot__servebox,"{""--ablation"": ""softmin_only"", ""--ball-speed"": 7, ""--no-plot"": null, ""--serve-box"": null}",86,True,active,0.112055,1.986679,0.112055,40.0,105.0,1.79,0.98,1.9,30.0,0.112055,1.789,3.05,
exp17i_limits_ablation,ablationsoftmin_only__ballspeed7__noplot__servebox,"{""--ablation"": ""softmin_only"", ""--ball-speed"": 7, ""--no-plot"": null, ""--serve-box"": null}",96,True,active,0.118854,2.004828,0.118487,45.0,105.0,1.81,1.0,2.2,25.0,0.118854,1.612,2.08,
exp17i_limits_ablation,ablationsoftmin_only__ballspeed7__noplot__servebox,"{""--ablation"": ""softmin_only"", ""--ball-speed"": 7, ""--no-plot"": null, ""--serve-box"": null}",89,True,active,0.095898,1.961599,0.095898,0.0,0.0,1.76,0.99,1.9,15.0,0.095898,1.72,2.9,
exp17i_limits_ablation,ablationsoftmin_only__ballspeed7__noplot__servebox,"{""--ablation"": ""softmin_only"", ""--ball-speed"": 7, ""--no-plot"": null, ""--serve-box"": null}",90,True,active,0.097109,1.993436,0.095721,40.0,105.0,1.79,0.98,1.8,20.0,0.097109,1.718,3.02,
exp17i_limits_ablation,ablationsoftmin_only__ballspeed7__noplot__servebox,"{""--ablation"": ""softmin_only"", ""--ball-speed"": 7, ""--no-plot"": null, ""--serve-box"": null}",101,True,active,0.064893,1.996052,0.064893,40.0,105.0,1.75,0.99,1.7,25.0,0.064893,1.63,1.49,
exp17i_limits_ablation,ablationsoftmin_only__ballspeed7__noplot__servebox,"{""--ablation"": ""softmin_only"", ""--ball-speed"": 7, ""--no-plot"": null, ""--serve-box"": null}",102,True,active,0.067998,1.95833,0.063304,50.0,105.0,1.77,1.0,1.9,10.0,0.067998,0.715,1.52,
exp17i_limits_ablation,ablationsoftmin_only__ballspeed7__noplot__servebox,"{""--ablation"": ""softmin_only"", ""--ball-speed"": 7, ""--no-plot"": null, ""--serve-box"": null}",99,True,active,0.105855,1.942833,0.105855,35.0,105.0,1.5,1.0,1.5,20.0,0.105855,1.113,1.83,
exp17i_limits_ablation,ablationsoftmin_only__ballspeed7__noplot__servebox,"{""--ablation"": ""softmin_only"", ""--ball-speed"": 7, ""--no-plot"": null, ""--serve-box"": null}",100,True,active,0.094904,1.979571,0.091155,50.0,105.0,1.81,1.0,1.8,20.0,0.094904,1.754,1.86,
exp17i_limits_ablation,ablationsoftmin_only__ballspeed7__noplot__servebox,"{""--ablation"": ""softmin_only"", ""--ball-speed"": 7, ""--no-plot"": null, ""--serve-box"": null}",97,True,active,0.135316,1.989681,0.126319,35.0,0.0,1.81,1.0,1.9,30.0,0.135316,1.674,2.66,
exp17i_limits_ablation,ablationsoftmin_only__ballspeed7__noplot__servebox,"{""--ablation"": ""softmin_only"", ""--ball-speed"": 7, ""--no-plot"": null, ""--serve-box"": null}",106,False,miss,0.388728,1.983145,0.157077,0.0,0.0,1.76,1.0,1.9,0.0,0.388728,0.0,1.58,
exp17i_limits_ablation,ablationsoftmin_only__ballspeed7__noplot__servebox,"{""--ablation"": ""softmin_only"", ""--ball-speed"": 7, ""--no-plot"": null, ""--serve-box"": null}",103,True,active,0.143494,2.004348,0.141787,35.0,60.0,1.8,1.0,2.0,25.0,0.143494,1.802,2.08,
exp17i_limits_ablation,ablationsoftmin_only__ballspeed7__noplot__servebox,"{""--ablation"": ""softmin_only"", ""--ball-speed"": 7, ""--no-plot"": null, ""--serve-box"": null}",107,True,active,0.059494,1.996113,0.059494,50.0,105.0,1.8,1.0,1.9,15.0,0.059494,1.655,1.69,
exp17i_limits_ablation,ablationsoftmin_only__ballspeed7__noplot__servebox,"{""--ablation"": ""softmin_only"", ""--ball-speed"": 7, ""--no-plot"": null, ""--serve-box"": null}",105,True,active,0.095675,1.95708,0.095675,40.0,105.0,1.45,0.99,1.6,25.0,0.095675,0.886,2.25,
exp17i_limits_ablation,ablationsoftmin_only__ballspeed7__noplot__servebox,"{""--ablation"": ""softmin_only"", ""--ball-speed"": 7, ""--no-plot"": null, ""--serve-box"": null}",111,False,miss,0.421443,1.936842,0.1793,10.0,0.0,1.78,1.0,1.6,0.0,0.421443,0.0,1.55,
exp17i_limits_ablation,ablationsoftmin_only__ballspeed7__noplot__servebox,"{""--ablation"": ""softmin_only"", ""--ball-speed"": 7, ""--no-plot"": null, ""--serve-box"": null}",109,True,active,0.089145,2.000515,0.089145,40.0,105.0,1.2,1.0,1.4,10.0,0.089145,0.501,1.78,
exp17i_limits_ablation,ablationsoftmin_only__ballspeed7__noplot__servebox,"{""--ablation"": ""softmin_only"", ""--ball-speed"": 7, ""--no-plot"": null, ""--serve-box"": null}",104,True,active,0.120267,1.977266,0.119049,45.0,105.0,1.77,0.99,1.8,25.0,0.120267,1.612,2.49,
exp17i_limits_ablation,ablationsoftmin_only__ballspeed7__noplot__servebox,"{""--ablation"": ""softmin_only"", ""--ball-speed"": 7, ""--no-plot"": null, ""--serve-box"": null}",112,True,active,0.109389,1.934932,0.095259,0.0,0.0,1.78,0.99,1.7,35.0,0.109389,1.779,1.52,
exp17i_limits_ablation,ablationsoftmin_only__ballspeed7__noplot__servebox,"{""--ablation"": ""softmin_only"", ""--ball-speed"": 7, ""--no-plot"": null, ""--serve-box"": null}",114,True,active,0.110537,1.968843,0.090315,0.0,0.0,1.79,0.99,1.7,30.0,0.110537,1.544,1.56,
exp17i_limits_ablation,ablationsoftmin_only__ballspeed7__noplot__servebox,"{""--ablation"": ""softmin_only"", ""--ball-speed"": 7, ""--no-plot"": null, ""--serve-box"": null}",113,True,active,0.05696,1.93064,0.05696,0.0,0.0,1.8,1.0,1.6,35.0,0.05696,1.738,1.63,
exp17i_limits_ablation,ablationsoftmin_only__ballspeed7__noplot__servebox,"{""--ablation"": ""softmin_only"", ""--ball-speed"": 7, ""--no-plot"": null, ""--serve-box"": null}",108,True,active,0.043557,2.032293,0.043557,40.0,105.0,1.8,1.0,1.6,10.0,0.043557,1.732,2.54,
exp17i_limits_ablation,ablationsoftmin_only__ballspeed7__noplot__servebox,"{""--ablation"": ""softmin_only"", ""--ball-speed"": 7, ""--no-plot"": null, ""--serve-box"": null}",118,True,active,0.070988,1.95736,0.070988,50.0,105.0,1.8,0.99,1.6,25.0,0.070988,1.052,1.66,
exp17i_limits_ablation,ablationsoftmin_only__ballspeed7__noplot__servebox,"{""--ablation"": ""softmin_only"", ""--ball-speed"": 7, ""--no-plot"": null, ""--serve-box"": null}",120,True,active,0.11179,1.953219,0.111286,50.0,105.0,1.72,1.0,1.8,25.0,0.11179,1.723,1.61,
exp17i_limits_ablation,ablationsoftmin_only__ballspeed7__noplot__servebox,"{""--ablation"": ""softmin_only"", ""--ball-speed"": 7, ""--no-plot"": null, ""--serve-box"": null}",115,True,active,0.084396,1.987772,0.081202,55.0,105.0,1.62,0.99,1.4,20.0,0.084396,1.458,2.32,
exp17i_limits_ablation,ablationsoftmin_only__ballspeed7__noplot__servebox,"{""--ablation"": ""softmin_only"", ""--ball-speed"": 7, ""--no-plot"": null, ""--serve-box"": null}",121,True,active,0.060332,1.948993,0.060332,45.0,105.0,1.77,1.0,1.6,20.0,0.060332,1.545,1.48,
exp17i_limits_ablation,ablationsoftmin_only__ballspeed7__noplot__servebox,"{""--ablation"": ""softmin_only"", ""--ball-speed"": 7, ""--no-plot"": null, ""--serve-box"": null}",110,False,miss,0.353146,1.962336,0.156406,20.0,0.0,1.74,1.0,1.2,0.0,0.353146,0.0,3.02,
exp17i_limits_ablation,ablationsoftmin_only__ballspeed7__noplot__servebox,"{""--ablation"": ""softmin_only"", ""--ball-speed"": 7, ""--no-plot"": null, ""--serve-box"": null}",122,True,active,0.033165,1.99538,0.033165,55.0,105.0,1.73,1.0,2.0,0.0,0.033165,0.713,1.56,
exp17i_limits_ablation,ablationsoftmin_only__ballspeed7__noplot__servebox,"{""--ablation"": ""softmin_only"", ""--ball-speed"": 7, ""--no-plot"": null, ""--serve-box"": null}",125,True,active,0.138895,1.975561,0.13614,35.0,40.0,1.79,1.0,2.3,35.0,0.138895,1.752,1.55,
exp17i_limits_ablation,ablationsoftmin_only__ballspeed7__noplot__servebox,"{""--ablation"": ""softmin_only"", ""--ball-speed"": 7, ""--no-plot"": null, ""--serve-box"": null}",116,True,active,0.109445,2.003341,0.108749,40.0,105.0,1.79,1.0,1.7,30.0,0.109445,1.705,2.87,
exp17i_limits_ablation,ablationsoftmin_only__ballspeed7__noplot__servebox,"{""--ablation"": ""softmin_only"", ""--ball-speed"": 7, ""--no-plot"": null, ""--serve-box"": null}",119,True,active,0.120075,1.953396,0.085977,45.0,90.0,1.78,1.0,1.4,30.0,0.120075,1.753,2.44,
exp17i_limits_ablation,ablationsoftmin_only__ballspeed7__noplot__servebox,"{""--ablation"": ""softmin_only"", ""--ball-speed"": 7, ""--no-plot"": null, ""--serve-box"": null}",128,True,active,0.091091,1.918642,0.086482,50.0,105.0,1.77,1.0,1.8,30.0,0.091091,1.549,1.51,
exp17i_limits_ablation,ablationsoftmin_only__ballspeed7__noplot__servebox,"{""--ablation"": ""softmin_only"", ""--ball-speed"": 7, ""--no-plot"": null, ""--serve-box"": null}",117,True,active,0.031287,1.983918,0.031287,45.0,105.0,1.79,1.0,1.9,10.0,0.031287,1.638,2.87,
exp17i_limits_ablation,ablationsoftmin_only__ballspeed7__noplot__servebox,"{""--ablation"": ""softmin_only"", ""--ball-speed"": 7, ""--no-plot"": null, ""--serve-box"": null}",123,True,active,0.123535,1.955992,0.113643,40.0,105.0,1.81,0.99,1.8,30.0,0.123535,1.78,2.13,
exp17i_limits_ablation,ablationsoftmin_only__ballspeed7__noplot__servebox,"{""--ablation"": ""softmin_only"", ""--ball-speed"": 7, ""--no-plot"": null, ""--serve-box"": null}",126,True,active,0.090951,1.991429,0.048016,0.0,40.0,1.81,0.98,2.0,35.0,0.090951,1.757,2.05,
exp17i_limits_ablation,ablationsoftmin_only__ballspeed7__noplot__servebox,"{""--ablation"": ""softmin_only"", ""--ball-speed"": 7, ""--no-plot"": null, ""--serve-box"": null}",130,False,miss,0.398845,1.95707,0.14353,30.0,0.0,1.8,1.0,1.8,0.0,0.398845,0.0,1.56,
exp17i_limits_ablation,ablationsoftmin_only__ballspeed7__noplot__servebox,"{""--ablation"": ""softmin_only"", ""--ball-speed"": 7, ""--no-plot"": null, ""--serve-box"": null}",127,True,active,0.138764,1.968681,0.119288,45.0,20.0,1.76,0.99,1.6,25.0,0.138764,1.54,2.16,
exp17i_limits_ablation,ablationsoftmin_only__ballspeed7__noplot__servebox,"{""--ablation"": ""softmin_only"", ""--ball-speed"": 7, ""--no-plot"": null, ""--serve-box"": null}",131,True,active,0.084913,1.990487,0.083168,50.0,105.0,1.77,1.0,1.6,25.0,0.084913,1.476,1.52,
exp17i_limits_ablation,ablationsoftmin_only__ballspeed7__noplot__servebox,"{""--ablation"": ""softmin_only"", ""--ball-speed"": 7, ""--no-plot"": null, ""--serve-box"": null}",132,True,active,0.120487,1.949476,0.110476,45.0,105.0,1.29,1.0,1.6,0.0,0.120487,0.879,1.6,
exp17i_limits_ablation,ablationsoftmin_only__ballspeed7__noplot__servebox,"{""--ablation"": ""softmin_only"", ""--ball-speed"": 7, ""--no-plot"": null, ""--serve-box"": null}",134,True,active,0.070493,1.971373,0.070493,50.0,105.0,1.17,0.99,1.5,15.0,0.070493,0.465,1.5,
exp17i_limits_ablation,ablationsoftmin_only__ballspeed7__noplot__servebox,"{""--ablation"": ""softmin_only"", ""--ball-speed"": 7, ""--no-plot"": null, ""--serve-box"": null}",124,True,active,0.055526,1.959587,0.055526,40.0,105.0,1.8,1.0,1.5,25.0,0.055526,1.649,3.06,
exp17i_limits_ablation,ablationsoftmin_only__ballspeed7__noplot__servebox,"{""--ablation"": ""softmin_only"", ""--ball-speed"": 7, ""--no-plot"": null, ""--serve-box"": null}",129,True,active,0.127354,1.968507,0.120773,40.0,90.0,1.81,0.99,1.7,20.0,0.127354,1.737,2.39,
exp17i_limits_ablation,ablationsoftmin_only__ballspeed7__noplot__servebox,"{""--ablation"": ""softmin_only"", ""--ball-speed"": 7, ""--no-plot"": null, ""--serve-box"": null}",135,False,miss,0.434881,1.973124,0.16798,15.0,0.0,1.8,1.0,1.8,0.0,0.434881,0.0,1.72,
exp17i_limits_ablation,ablationsoftmin_only__ballspeed7__noplot__servebox,"{""--ablation"": ""softmin_only"", ""--ball-speed"": 7, ""--no-plot"": null, ""--serve-box"": null}",137,True,active,0.109835,1.95705,0.109835,40.0,105.0,1.78,0.99,1.9,30.0,0.109835,1.743,1.47,
exp17i_limits_ablation,ablationsoftmin_only__ballspeed7__noplot__servebox,"{""--ablation"": ""softmin_only"", ""--ball-speed"": 7, ""--no-plot"": null, ""--serve-box"": null}",138,True,active,0.124982,1.976031,0.124885,40.0,105.0,1.59,1.0,1.6,20.0,0.124982,1.043,1.57,
exp17i_limits_ablation,ablationsoftmin_only__ballspeed7__noplot__servebox,"{""--ablation"": ""softmin_only"", ""--ball-speed"": 7, ""--no-plot"": null, ""--serve-box"": null}",142,True,active,0.120395,1.976525,0.114466,45.0,105.0,1.79,1.0,1.5,20.0,0.120395,1.311,1.59,
exp17i_limits_ablation,ablationsoftmin_only__ballspeed7__noplot__servebox,"{""--ablation"": ""softmin_only"", ""--ball-speed"": 7, ""--no-plot"": null, ""--serve-box"": null}",133,True,active,0.077233,2.013497,0.077233,35.0,105.0,1.63,1.0,1.3,15.0,0.077233,1.632,2.6,
exp17i_limits_ablation,ablationsoftmin_only__ballspeed7__noplot__servebox,"{""--ablation"": ""softmin_only"", ""--ball-speed"": 7, ""--no-plot"": null, ""--serve-box"": null}",145,True,active,0.062066,2.014716,0.062066,40.0,105.0,1.81,1.0,1.6,35.0,0.062066,1.791,1.44,
exp17i_limits_ablation,ablationsoftmin_only__ballspeed7__noplot__servebox,"{""--ablation"": ""softmin_only"", ""--ball-speed"": 7, ""--no-plot"": null, ""--serve-box"": null}",147,True,active,0.087256,1.983414,0.087256,45.0,105.0,1.82,0.99,1.9,15.0,0.087256,1.755,1.45,
exp17i_limits_ablation,ablationsoftmin_only__ballspeed7__noplot__servebox,"{""--ablation"": ""softmin_only"", ""--ball-speed"": 7, ""--no-plot"": null, ""--serve-box"": null}",140,True,active,0.102035,1.95957,0.102035,40.0,105.0,1.74,0.98,1.8,20.0,0.102035,1.586,2.47,
exp17i_limits_ablation,ablationsoftmin_only__ballspeed7__noplot__servebox,"{""--ablation"": ""softmin_only"", ""--ball-speed"": 7, ""--no-plot"": null, ""--serve-box"": null}",149,False,miss,0.360992,1.946489,0.167337,20.0,0.0,1.17,0.99,1.6,0.0,0.360992,0.0,1.44,
exp17i_limits_ablation,ablationsoftmin_only__ballspeed7__noplot__servebox,"{""--ablation"": ""softmin_only"", ""--ball-speed"": 7, ""--no-plot"": null, ""--serve-box"": null}",146,True,active,0.09722,1.971256,0.09722,40.0,105.0,1.78,0.99,1.9,20.0,0.09722,1.762,1.76,
exp17i_limits_ablation,ablationsoftmin_only__ballspeed7__noplot__servebox,"{""--ablation"": ""softmin_only"", ""--ball-speed"": 7, ""--no-plot"": null, ""--serve-box"": null}",136,False,miss,0.373469,1.962413,0.115558,0.0,0.0,1.79,0.99,1.9,0.0,0.373469,0.0,3.0,
exp17i_limits_ablation,ablationsoftmin_only__ballspeed7__noplot__servebox,"{""--ablation"": ""softmin_only"", ""--ball-speed"": 7, ""--no-plot"": null, ""--serve-box"": null}",148,True,active,0.104541,1.969288,0.104541,40.0,105.0,1.78,0.99,1.7,30.0,0.104541,1.573,1.52,
exp17i_limits_ablation,ablationsoftmin_only__ballspeed7__noplot__servebox,"{""--ablation"": ""softmin_only"", ""--ball-speed"": 7, ""--no-plot"": null, ""--serve-box"": null}",151,True,active,0.115139,1.843584,0.115139,20.0,30.0,1.79,0.98,2.4,30.0,0.115139,1.675,1.42,
exp17i_limits_ablation,ablationsoftmin_only__ballspeed7__noplot__servebox,"{""--ablation"": ""softmin_only"", ""--ball-speed"": 7, ""--no-plot"": null, ""--serve-box"": null}",141,True,active,0.094922,1.970552,0.087855,45.0,105.0,1.8,0.99,1.8,25.0,0.094922,1.732,2.76,
exp17i_limits_ablation,ablationsoftmin_only__ballspeed7__noplot__servebox,"{""--ablation"": ""softmin_only"", ""--ball-speed"": 7, ""--no-plot"": null, ""--serve-box"": null}",139,True,active,0.089441,1.99934,0.085895,50.0,105.0,1.56,1.0,1.5,10.0,0.089441,1.104,3.0,
exp17i_limits_ablation,ablationsoftmin_only__ballspeed7__noplot__servebox,"{""--ablation"": ""softmin_only"", ""--ball-speed"": 7, ""--no-plot"": null, ""--serve-box"": null}",152,True,active,0.140198,1.983956,0.131371,35.0,45.0,1.79,0.99,2.0,30.0,0.140198,1.713,1.52,
exp17i_limits_ablation,ablationsoftmin_only__ballspeed7__noplot__servebox,"{""--ablation"": ""softmin_only"", ""--ball-speed"": 7, ""--no-plot"": null, ""--serve-box"": null}",144,False,miss,0.430507,1.977456,0.151949,30.0,0.0,1.81,0.99,1.8,0.0,0.430507,0.0,2.54,
exp17i_limits_ablation,ablationsoftmin_only__ballspeed7__noplot__servebox,"{""--ablation"": ""softmin_only"", ""--ball-speed"": 7, ""--no-plot"": null, ""--serve-box"": null}",143,True,active,0.058263,1.946283,0.058263,40.0,105.0,1.8,0.99,1.7,25.0,0.058263,1.571,2.96,
exp17i_limits_ablation,ablationsoftmin_only__ballspeed7__noplot__servebox,"{""--ablation"": ""softmin_only"", ""--ball-speed"": 7, ""--no-plot"": null, ""--serve-box"": null}",154,True,active,0.144256,1.973229,0.13924,40.0,80.0,1.32,1.0,1.7,5.0,0.144256,0.742,1.45,
exp17i_limits_ablation,ablationsoftmin_only__ballspeed7__noplot__servebox,"{""--ablation"": ""softmin_only"", ""--ball-speed"": 7, ""--no-plot"": null, ""--serve-box"": null}",153,True,active,0.13133,1.993535,0.124512,45.0,105.0,1.81,1.0,1.7,30.0,0.13133,1.752,1.85,
exp17i_limits_ablation,ablationsoftmin_only__ballspeed7__noplot__servebox,"{""--ablation"": ""softmin_only"", ""--ball-speed"": 7, ""--no-plot"": null, ""--serve-box"": null}",150,True,active,0.059266,2.033772,0.059266,50.0,105.0,1.79,0.99,1.7,20.0,0.059266,1.332,2.41,
exp17i_limits_ablation,ablationsoftmin_only__ballspeed7__noplot__servebox,"{""--ablation"": ""softmin_only"", ""--ball-speed"": 7, ""--no-plot"": null, ""--serve-box"": null}",159,True,active,0.130529,2.020063,0.130529,35.0,85.0,1.63,1.0,1.8,25.0,0.130529,1.563,1.5,
exp17i_limits_ablation,ablationsoftmin_only__ballspeed7__noplot__servebox,"{""--ablation"": ""softmin_only"", ""--ball-speed"": 7, ""--no-plot"": null, ""--serve-box"": null}",162,False,miss,0.423542,1.995965,0.148307,0.0,0.0,1.8,0.99,1.9,0.0,0.423542,0.0,1.49,
exp17i_limits_ablation,ablationsoftmin_only__ballspeed7__noplot__servebox,"{""--ablation"": ""softmin_only"", ""--ball-speed"": 7, ""--no-plot"": null, ""--serve-box"": null}",160,False,miss,0.327223,1.964013,0.155795,25.0,30.0,1.14,1.0,1.7,0.0,0.327223,0.0,1.68,
exp17i_limits_ablation,ablationsoftmin_only__ballspeed7__noplot__servebox,"{""--ablation"": ""softmin_only"", ""--ball-speed"": 7, ""--no-plot"": null, ""--serve-box"": null}",163,True,active,0.033479,2.010042,0.033479,55.0,105.0,1.81,1.0,1.3,20.0,0.033479,1.119,1.44,
exp17i_limits_ablation,ablationsoftmin_only__ballspeed7__noplot__servebox,"{""--ablation"": ""softmin_only"", ""--ball-speed"": 7, ""--no-plot"": null, ""--serve-box"": null}",165,True,active,0.056462,1.998258,0.056462,50.0,105.0,1.78,1.0,1.7,25.0,0.056462,1.535,1.48,
exp17i_limits_ablation,ablationsoftmin_only__ballspeed7__noplot__servebox,"{""--ablation"": ""softmin_only"", ""--ball-speed"": 7, ""--no-plot"": null, ""--serve-box"": null}",164,True,active,0.129904,1.97858,0.111476,5.0,55.0,1.8,1.0,1.7,30.0,0.129904,1.802,1.51,
exp17i_limits_ablation,ablationsoftmin_only__ballspeed7__noplot__servebox,"{""--ablation"": ""softmin_only"", ""--ball-speed"": 7, ""--no-plot"": null, ""--serve-box"": null}",156,True,active,0.111611,1.983644,0.093396,45.0,105.0,1.8,1.0,1.7,30.0,0.111611,1.754,2.23,
exp17i_limits_ablation,ablationsoftmin_only__ballspeed7__noplot__servebox,"{""--ablation"": ""softmin_only"", ""--ball-speed"": 7, ""--no-plot"": null, ""--serve-box"": null}",161,True,active,0.065368,1.973478,0.065368,45.0,105.0,1.8,0.98,1.5,10.0,0.065368,1.784,2.04,
exp17i_limits_ablation,ablationsoftmin_only__ballspeed7__noplot__servebox,"{""--ablation"": ""softmin_only"", ""--ball-speed"": 7, ""--no-plot"": null, ""--serve-box"": null}",167,True,active,0.113205,1.985961,0.085375,45.0,105.0,1.81,1.0,1.7,35.0,0.113205,1.777,1.58,
exp17i_limits_ablation,ablationsoftmin_only__ballspeed7__noplot__servebox,"{""--ablation"": ""softmin_only"", ""--ball-speed"": 7, ""--no-plot"": null, ""--serve-box"": null}",166,True,active,0.089628,1.98051,0.089628,45.0,105.0,1.77,0.99,1.8,25.0,0.089628,1.769,2.03,
exp17i_limits_ablation,ablationsoftmin_only__ballspeed7__noplot__servebox,"{""--ablation"": ""softmin_only"", ""--ball-speed"": 7, ""--no-plot"": null, ""--serve-box"": null}",155,True,active,0.093618,2.005639,0.090789,50.0,105.0,1.39,1.0,1.4,25.0,0.093618,0.772,3.07,
exp17i_limits_ablation,ablationsoftmin_only__ballspeed7__noplot__servebox,"{""--ablation"": ""softmin_only"", ""--ball-speed"": 7, ""--no-plot"": null, ""--serve-box"": null}",168,True,active,0.106461,1.976307,0.096165,45.0,105.0,1.79,0.98,1.8,35.0,0.106461,1.634,1.93,
exp17i_limits_ablation,ablationsoftmin_only__ballspeed7__noplot__servebox,"{""--ablation"": ""softmin_only"", ""--ball-speed"": 7, ""--no-plot"": null, ""--serve-box"": null}",170,True,active,0.083972,1.940714,0.057636,50.0,105.0,1.79,0.99,1.6,30.0,0.083972,1.775,1.76,
exp17i_limits_ablation,ablationsoftmin_only__ballspeed7__noplot__servebox,"{""--ablation"": ""softmin_only"", ""--ball-speed"": 7, ""--no-plot"": null, ""--serve-box"": null}",157,True,active,0.099241,2.004586,0.099241,40.0,105.0,1.8,0.98,2.0,30.0,0.099241,1.8,3.01,
exp17i_limits_ablation,ablationsoftmin_only__ballspeed7__noplot__servebox,"{""--ablation"": ""softmin_only"", ""--ball-speed"": 7, ""--no-plot"": null, ""--serve-box"": null}",158,True,active,0.117127,1.999794,0.115241,45.0,105.0,1.42,1.0,1.3,20.0,0.117127,0.877,2.96,
exp17i_limits_ablation,ablationsoftmin_only__ballspeed7__noplot__servebox,"{""--ablation"": ""softmin_only"", ""--ball-speed"": 7, ""--no-plot"": null, ""--serve-box"": null}",174,True,active,0.094215,1.971743,0.094215,40.0,105.0,1.81,1.0,1.7,25.0,0.094215,1.735,1.52,
exp17i_limits_ablation,ablationsoftmin_only__ballspeed7__noplot__servebox,"{""--ablation"": ""softmin_only"", ""--ball-speed"": 7, ""--no-plot"": null, ""--serve-box"": null}",175,True,active,0.056647,1.975233,0.033062,0.0,30.0,1.8,0.94,1.7,30.0,0.056647,1.761,1.46,
exp17i_limits_ablation,ablationsoftmin_only__ballspeed7__noplot__servebox,"{""--ablation"": ""softmin_only"", ""--ball-speed"": 7, ""--no-plot"": null, ""--serve-box"": null}",173,True,active,0.085414,1.989904,0.085414,40.0,105.0,1.78,0.96,1.7,30.0,0.085414,1.328,1.67,
exp17i_limits_ablation,ablationsoftmin_only__ballspeed7__noplot__servebox,"{""--ablation"": ""softmin_only"", ""--ball-speed"": 7, ""--no-plot"": null, ""--serve-box"": null}",172,True,active,0.099044,1.999965,0.09736,40.0,105.0,1.81,0.99,2.0,35.0,0.099044,1.412,1.82,
exp17i_limits_ablation,ablationsoftmin_only__ballspeed7__noplot__servebox,"{""--ablation"": ""softmin_only"", ""--ball-speed"": 7, ""--no-plot"": null, ""--serve-box"": null}",179,True,active,0.121434,1.976879,0.121434,35.0,105.0,1.8,0.96,2.1,35.0,0.121434,1.728,1.49,
exp17i_limits_ablation,ablationsoftmin_only__ballspeed7__noplot__servebox,"{""--ablation"": ""softmin_only"", ""--ball-speed"": 7, ""--no-plot"": null, ""--serve-box"": null}",178,True,active,0.12045,1.960151,0.109487,40.0,85.0,1.81,1.0,1.5,25.0,0.12045,1.751,1.81,
exp17i_limits_ablation,ablationsoftmin_only__ballspeed7__noplot__servebox,"{""--ablation"": ""softmin_only"", ""--ball-speed"": 7, ""--no-plot"": null, ""--serve-box"": null}",180,True,active,0.117457,1.967898,0.103451,0.0,0.0,1.8,0.99,1.9,30.0,0.117457,1.686,1.48,
exp17i_limits_ablation,ablationsoftmin_only__ballspeed7__noplot__servebox,"{""--ablation"": ""softmin_only"", ""--ball-speed"": 7, ""--no-plot"": null, ""--serve-box"": null}",169,True,active,0.111544,1.958271,0.08319,45.0,105.0,1.79,1.0,1.5,30.0,0.111544,1.497,3.08,
exp17i_limits_ablation,ablationsoftmin_only__ballspeed7__noplot__servebox,"{""--ablation"": ""softmin_only"", ""--ball-speed"": 7, ""--no-plot"": null, ""--serve-box"": null}",183,True,active,0.093717,1.988022,0.077323,0.0,0.0,1.81,1.0,1.5,20.0,0.093717,1.675,1.51,
exp17i_limits_ablation,ablationsoftmin_only__ballspeed7__noplot__servebox,"{""--ablation"": ""softmin_only"", ""--ball-speed"": 7, ""--no-plot"": null, ""--serve-box"": null}",184,True,active,0.074454,1.97059,0.071299,60.0,105.0,1.61,1.0,1.4,25.0,0.074454,1.3,1.56,
exp17i_limits_ablation,ablationsoftmin_only__ballspeed7__noplot__servebox,"{""--ablation"": ""softmin_only"", ""--ball-speed"": 7, ""--no-plot"": null, ""--serve-box"": null}",177,False,miss,0.44603,1.934055,0.180653,5.0,0.0,1.79,0.99,1.7,0.0,0.44603,0.0,2.44,
exp17i_limits_ablation,ablationsoftmin_only__ballspeed7__noplot__servebox,"{""--ablation"": ""softmin_only"", ""--ball-speed"": 7, ""--no-plot"": null, ""--serve-box"": null}",171,True,active,0.105707,1.975872,0.10462,45.0,105.0,1.6,1.0,1.6,15.0,0.105707,0.967,3.03,
exp17i_limits_ablation,ablationsoftmin_only__ballspeed7__noplot__servebox,"{""--ablation"": ""softmin_only"", ""--ball-speed"": 7, ""--no-plot"": null, ""--serve-box"": null}",185,True,active,0.13201,1.941007,0.130558,45.0,70.0,1.46,0.99,1.5,15.0,0.13201,0.924,1.62,
exp17i_limits_ablation,ablationsoftmin_only__ballspeed7__noplot__servebox,"{""--ablation"": ""softmin_only"", ""--ball-speed"": 7, ""--no-plot"": null, ""--serve-box"": null}",187,False,miss,0.33662,1.917327,0.163966,25.0,0.0,1.21,0.99,1.4,0.0,0.33662,0.0,1.49,
exp17i_limits_ablation,ablationsoftmin_only__ballspeed7__noplot__servebox,"{""--ablation"": ""softmin_only"", ""--ball-speed"": 7, ""--no-plot"": null, ""--serve-box"": null}",186,True,active,0.094097,2.02921,0.094097,40.0,105.0,1.78,1.0,1.8,30.0,0.094097,1.681,1.56,
exp17i_limits_ablation,ablationsoftmin_only__ballspeed7__noplot__servebox,"{""--ablation"": ""softmin_only"", ""--ball-speed"": 7, ""--no-plot"": null, ""--serve-box"": null}",176,True,active,0.096571,2.012146,0.0949,50.0,105.0,1.78,0.96,1.7,30.0,0.096571,0.708,3.16,
exp17i_limits_ablation,ablationsoftmin_only__ballspeed7__noplot__servebox,"{""--ablation"": ""softmin_only"", ""--ball-speed"": 7, ""--no-plot"": null, ""--serve-box"": null}",188,True,active,0.095909,1.98235,0.095487,50.0,105.0,1.7,1.0,1.7,15.0,0.095909,1.434,1.67,
exp17i_limits_ablation,ablationsoftmin_only__ballspeed7__noplot__servebox,"{""--ablation"": ""softmin_only"", ""--ball-speed"": 7, ""--no-plot"": null, ""--serve-box"": null}",190,True,active,0.085678,1.918284,0.085678,40.0,100.0,1.76,1.0,1.7,35.0,0.085678,0.883,1.51,
exp17i_limits_ablation,ablationsoftmin_only__ballspeed7__noplot__servebox,"{""--ablation"": ""softmin_only"", ""--ball-speed"": 7, ""--no-plot"": null, ""--serve-box"": null}",191,True,active,0.098954,2.00692,0.098954,45.0,105.0,1.8,0.95,2.1,25.0,0.098954,1.802,1.5,
exp17i_limits_ablation,ablationsoftmin_only__ballspeed7__noplot__servebox,"{""--ablation"": ""softmin_only"", ""--ball-speed"": 7, ""--no-plot"": null, ""--serve-box"": null}",189,True,active,0.127449,1.990963,0.121703,40.0,85.0,1.8,0.99,1.8,20.0,0.127449,1.673,2.08,
exp17i_limits_ablation,ablationsoftmin_only__ballspeed7__noplot__servebox,"{""--ablation"": ""softmin_only"", ""--ball-speed"": 7, ""--no-plot"": null, ""--serve-box"": null}",182,True,active,0.097355,1.970899,0.090974,45.0,105.0,1.79,0.97,1.7,15.0,0.097355,1.441,2.84,
exp17i_limits_ablation,ablationsoftmin_only__ballspeed7__noplot__servebox,"{""--ablation"": ""softmin_only"", ""--ball-speed"": 7, ""--no-plot"": null, ""--serve-box"": null}",192,True,active,0.066178,2.000564,0.06163,45.0,105.0,1.81,0.99,1.7,25.0,0.066178,1.802,1.58,
exp17i_limits_ablation,ablationsoftmin_only__ballspeed7__noplot__servebox,"{""--ablation"": ""softmin_only"", ""--ball-speed"": 7, ""--no-plot"": null, ""--serve-box"": null}",181,False,miss,0.457711,1.932673,0.185592,0.0,0.0,1.77,0.99,1.9,0.0,0.457711,0.0,3.16,
exp17i_limits_ablation,ablationsoftmin_only__ballspeed7__noplot__servebox,"{""--ablation"": ""softmin_only"", ""--ball-speed"": 7, ""--no-plot"": null, ""--serve-box"": null}",198,True,active,0.104862,1.995277,0.104862,40.0,105.0,1.8,1.0,2.0,20.0,0.104862,1.507,1.6,
exp17i_limits_ablation,ablationsoftmin_only__ballspeed7__noplot__servebox,"{""--ablation"": ""softmin_only"", ""--ball-speed"": 7, ""--no-plot"": null, ""--serve-box"": null}",197,False,miss,0.428987,1.964303,0.159065,20.0,0.0,1.8,0.99,2.0,0.0,0.428987,0.0,1.83,
exp17i_limits_ablation,ablationsoftmin_only__ballspeed7__noplot__servebox,"{""--ablation"": ""softmin_only"", ""--ball-speed"": 7, ""--no-plot"": null, ""--serve-box"": null}",195,True,active,0.14288,1.93639,0.132731,45.0,65.0,1.76,0.98,1.7,25.0,0.14288,0.943,2.09,
exp17i_limits_ablation,ablationsoftmin_only__ballspeed7__noplot__servebox,"{""--ablation"": ""softmin_only"", ""--ball-speed"": 7, ""--no-plot"": null, ""--serve-box"": null}",201,False,miss,0.318399,1.958104,0.144117,25.0,60.0,1.82,1.0,1.9,0.0,0.318399,0.0,1.53,
exp17i_limits_ablation,ablationsoftmin_only__ballspeed7__noplot__servebox,"{""--ablation"": ""softmin_only"", ""--ball-speed"": 7, ""--no-plot"": null, ""--serve-box"": null}",202,False,miss,0.344038,2.00678,0.192255,0.0,0.0,1.41,1.0,1.5,0.0,0.344038,0.0,1.54,
exp17i_limits_ablation,ablationsoftmin_only__ballspeed7__noplot__servebox,"{""--ablation"": ""softmin_only"", ""--ball-speed"": 7, ""--no-plot"": null, ""--serve-box"": null}",203,True,active,0.025657,2.029401,0.025657,45.0,105.0,1.79,0.99,1.7,20.0,0.025657,0.97,1.57,
exp17i_limits_ablation,ablationsoftmin_only__ballspeed7__noplot__servebox,"{""--ablation"": ""softmin_only"", ""--ball-speed"": 7, ""--no-plot"": null, ""--serve-box"": null}",205,True,active,0.109489,1.962076,0.106558,45.0,105.0,1.66,0.99,1.4,25.0,0.109489,1.532,1.52,
exp17i_limits_ablation,ablationsoftmin_only__ballspeed7__noplot__servebox,"{""--ablation"": ""softmin_only"", ""--ball-speed"": 7, ""--no-plot"": null, ""--serve-box"": null}",193,True,active,0.091599,1.970311,0.091599,45.0,105.0,1.8,0.98,1.7,20.0,0.091599,1.613,3.1,
exp17i_limits_ablation,ablationsoftmin_only__ballspeed7__noplot__servebox,"{""--ablation"": ""softmin_only"", ""--ball-speed"": 7, ""--no-plot"": null, ""--serve-box"": null}",208,True,active,0.088515,1.979458,0.088515,35.0,105.0,1.81,1.0,1.7,30.0,0.088515,1.768,1.46,
exp17i_limits_ablation,ablationsoftmin_only__ballspeed7__noplot__servebox,"{""--ablation"": ""softmin_only"", ""--ball-speed"": 7, ""--no-plot"": null, ""--serve-box"": null}",199,True,active,0.074884,1.997241,0.074884,45.0,105.0,1.8,0.98,1.8,25.0,0.074884,1.247,2.56,
exp17i_limits_ablation,ablationsoftmin_only__ballspeed7__noplot__servebox,"{""--ablation"": ""softmin_only"", ""--ball-speed"": 7, ""--no-plot"": null, ""--serve-box"": null}",194,True,active,0.073949,1.945262,0.07067,55.0,105.0,1.8,0.96,1.8,30.0,0.073949,1.802,3.18,
exp17i_limits_ablation,ablationsoftmin_only__ballspeed7__noplot__servebox,"{""--ablation"": ""softmin_only"", ""--ball-speed"": 7, ""--no-plot"": null, ""--serve-box"": null}",196,False,miss,0.420258,1.977865,0.155355,25.0,0.0,1.77,1.0,2.0,0.0,0.420258,0.0,3.11,
exp17i_limits_ablation,ablationsoftmin_only__ballspeed7__noplot__servebox,"{""--ablation"": ""softmin_only"", ""--ball-speed"": 7, ""--no-plot"": null, ""--serve-box"": null}",206,True,active,0.133338,1.92867,0.126977,45.0,105.0,1.61,0.99,1.5,25.0,0.133338,1.334,2.05,
exp17i_limits_ablation,ablationsoftmin_only__ballspeed7__noplot__servebox,"{""--ablation"": ""softmin_only"", ""--ball-speed"": 7, ""--no-plot"": null, ""--serve-box"": null}",204,True,active,0.054906,2.033646,0.049017,45.0,105.0,1.81,1.0,1.8,10.0,0.054906,1.715,2.3,
exp17i_limits_ablation,ablationsoftmin_only__ballspeed7__noplot__servebox,"{""--ablation"": ""softmin_only"", ""--ball-speed"": 7, ""--no-plot"": null, ""--serve-box"": null}",207,True,active,0.119766,1.969451,0.119766,40.0,105.0,1.31,1.0,1.2,15.0,0.119766,1.121,2.14,
exp17i_limits_ablation,ablationsoftmin_only__ballspeed7__noplot__servebox,"{""--ablation"": ""softmin_only"", ""--ball-speed"": 7, ""--no-plot"": null, ""--serve-box"": null}",209,True,active,0.093907,1.95495,0.092049,45.0,105.0,1.54,1.0,1.5,20.0,0.093907,1.24,1.62,
exp17i_limits_ablation,ablationsoftmin_only__ballspeed7__noplot__servebox,"{""--ablation"": ""softmin_only"", ""--ball-speed"": 7, ""--no-plot"": null, ""--serve-box"": null}",200,True,active,0.099657,1.989214,0.090516,40.0,100.0,1.8,0.98,1.6,30.0,0.099657,1.704,3.05,
exp17i_limits_ablation,ablationsoftmin_only__ballspeed7__noplot__servebox,"{""--ablation"": ""softmin_only"", ""--ball-speed"": 7, ""--no-plot"": null, ""--serve-box"": null}",210,True,active,0.15207,1.963912,0.145445,30.0,15.0,1.8,1.0,2.0,30.0,0.15207,1.474,1.54,
exp17i_limits_ablation,ablationsoftmin_only__ballspeed7__noplot__servebox,"{""--ablation"": ""softmin_only"", ""--ball-speed"": 7, ""--no-plot"": null, ""--serve-box"": null}",212,False,miss,0.397028,1.935999,0.158256,25.0,0.0,1.78,1.0,1.7,0.0,0.397028,0.0,1.48,
exp17i_limits_ablation,ablationsoftmin_only__ballspeed7__noplot__servebox,"{""--ablation"": ""softmin_only"", ""--ball-speed"": 7, ""--no-plot"": null, ""--serve-box"": null}",213,True,active,0.104481,1.959223,0.102889,45.0,105.0,1.79,0.99,1.7,25.0,0.104481,1.548,1.66,
exp17i_limits_ablation,ablationsoftmin_only__ballspeed7__noplot__servebox,"{""--ablation"": ""softmin_only"", ""--ball-speed"": 7, ""--no-plot"": null, ""--serve-box"": null}",216,True,active,0.055475,2.005125,0.055475,45.0,105.0,1.77,0.98,1.5,20.0,0.055475,0.939,1.61,
exp17i_limits_ablation,ablationsoftmin_only__ballspeed7__noplot__servebox,"{""--ablation"": ""softmin_only"", ""--ball-speed"": 7, ""--no-plot"": null, ""--serve-box"": null}",211,True,active,0.090634,1.975829,0.075657,15.0,65.0,1.79,0.99,1.9,30.0,0.090634,1.695,2.39,
exp17i_limits_ablation,ablationsoftmin_only__ballspeed7__noplot__servebox,"{""--ablation"": ""softmin_only"", ""--ball-speed"": 7, ""--no-plot"": null, ""--serve-box"": null}",218,False,miss,0.36953,1.950033,0.152138,30.0,0.0,1.42,1.0,1.5,0.0,0.36953,0.0,1.51,
exp17i_limits_ablation,ablationsoftmin_only__ballspeed7__noplot__servebox,"{""--ablation"": ""softmin_only"", ""--ball-speed"": 7, ""--no-plot"": null, ""--serve-box"": null}",220,True,active,0.130223,1.933192,0.130223,40.0,90.0,1.27,0.99,1.9,20.0,0.130223,1.007,1.51,
exp17i_limits_ablation,ablationsoftmin_only__ballspeed7__noplot__servebox,"{""--ablation"": ""softmin_only"", ""--ball-speed"": 7, ""--no-plot"": null, ""--serve-box"": null}",222,True,active,0.103054,1.964409,0.09283,0.0,0.0,1.63,1.0,1.9,30.0,0.103054,1.533,1.57,
exp17i_limits_ablation,ablationsoftmin_only__ballspeed7__noplot__servebox,"{""--ablation"": ""softmin_only"", ""--ball-speed"": 7, ""--no-plot"": null, ""--serve-box"": null}",224,True,active,0.093997,1.988082,0.085723,40.0,105.0,1.8,1.0,1.9,20.0,0.093997,1.622,1.55,
exp17i_limits_ablation,ablationsoftmin_only__ballspeed7__noplot__servebox,"{""--ablation"": ""softmin_only"", ""--ball-speed"": 7, ""--no-plot"": null, ""--serve-box"": null}",225,True,active,0.118371,1.942804,0.117305,40.0,105.0,1.71,1.0,1.8,25.0,0.118371,1.599,1.48,
exp17i_limits_ablation,ablationsoftmin_only__ballspeed7__noplot__servebox,"{""--ablation"": ""softmin_only"", ""--ball-speed"": 7, ""--no-plot"": null, ""--serve-box"": null}",226,True,active,0.098228,1.928005,0.081467,50.0,105.0,1.8,1.0,2.2,15.0,0.098228,0.415,1.46,
exp17i_limits_ablation,ablationsoftmin_only__ballspeed7__noplot__servebox,"{""--ablation"": ""softmin_only"", ""--ball-speed"": 7, ""--no-plot"": null, ""--serve-box"": null}",214,True,active,0.12574,1.785545,0.120491,30.0,40.0,1.78,1.0,2.0,30.0,0.12574,1.538,2.59,
exp17i_limits_ablation,ablationsoftmin_only__ballspeed7__noplot__servebox,"{""--ablation"": ""softmin_only"", ""--ball-speed"": 7, ""--no-plot"": null, ""--serve-box"": null}",215,True,active,0.128087,1.973682,0.125523,35.0,105.0,1.79,0.99,1.9,25.0,0.128087,1.677,2.81,
exp17i_limits_ablation,ablationsoftmin_only__ballspeed7__noplot__servebox,"{""--ablation"": ""softmin_only"", ""--ball-speed"": 7, ""--no-plot"": null, ""--serve-box"": null}",223,True,active,0.144714,1.950543,0.135157,35.0,105.0,1.12,1.0,1.6,5.0,0.144714,0.358,2.26,
exp17i_limits_ablation,ablationsoftmin_only__ballspeed7__noplot__servebox,"{""--ablation"": ""softmin_only"", ""--ball-speed"": 7, ""--no-plot"": null, ""--serve-box"": null}",227,True,active,0.103045,1.981509,0.102411,40.0,105.0,1.81,1.0,1.7,25.0,0.103045,1.605,2.13,
exp17i_limits_ablation,ablationsoftmin_only__ballspeed7__noplot__servebox,"{""--ablation"": ""softmin_only"", ""--ball-speed"": 7, ""--no-plot"": null, ""--serve-box"": null}",217,True,active,0.134518,1.990955,0.134298,35.0,105.0,1.62,0.99,1.5,30.0,0.134518,1.558,3.09,
exp17i_limits_ablation,ablationsoftmin_only__ballspeed7__noplot__servebox,"{""--ablation"": ""softmin_only"", ""--ball-speed"": 7, ""--no-plot"": null, ""--serve-box"": null}",228,False,miss,0.400898,1.928346,0.171413,15.0,0.0,1.64,1.0,1.5,0.0,0.400898,0.0,2.12,
exp17i_limits_ablation,ablationsoftmin_only__ballspeed7__noplot__servebox,"{""--ablation"": ""softmin_only"", ""--ball-speed"": 7, ""--no-plot"": null, ""--serve-box"": null}",229,True,active,0.062792,1.956056,0.062792,55.0,105.0,1.59,0.96,1.3,15.0,0.062792,0.877,1.56,
exp17i_limits_ablation,ablationsoftmin_only__ballspeed7__noplot__servebox,"{""--ablation"": ""softmin_only"", ""--ball-speed"": 7, ""--no-plot"": null, ""--serve-box"": null}",230,True,active,0.135743,1.975406,0.127131,40.0,90.0,1.79,1.0,1.6,25.0,0.135743,1.674,1.53,
exp17i_limits_ablation,ablationsoftmin_only__ballspeed7__noplot__servebox,"{""--ablation"": ""softmin_only"", ""--ball-speed"": 7, ""--no-plot"": null, ""--serve-box"": null}",232,True,active,0.111989,1.995254,0.095136,40.0,90.0,1.8,1.0,2.0,10.0,0.111989,1.662,1.48,
exp17i_limits_ablation,ablationsoftmin_only__ballspeed7__noplot__servebox,"{""--ablation"": ""softmin_only"", ""--ball-speed"": 7, ""--no-plot"": null, ""--serve-box"": null}",219,False,miss,0.410639,1.94739,0.169387,15.0,0.0,1.8,1.0,1.7,0.0,0.410639,0.0,3.07,
exp17i_limits_ablation,ablationsoftmin_only__ballspeed7__noplot__servebox,"{""--ablation"": ""softmin_only"", ""--ball-speed"": 7, ""--no-plot"": null, ""--serve-box"": null}",221,True,active,0.136331,1.931495,0.136331,35.0,65.0,1.65,0.99,1.7,20.0,0.136331,1.62,3.1,
exp17i_limits_ablation,ablationsoftmin_only__ballspeed7__noplot__servebox,"{""--ablation"": ""softmin_only"", ""--ball-speed"": 7, ""--no-plot"": null, ""--serve-box"": null}",233,True,active,0.116178,1.954015,0.100304,0.0,0.0,1.79,1.0,1.7,25.0,0.116178,1.74,1.48,
exp17i_limits_ablation,ablationsoftmin_only__ballspeed7__noplot__servebox,"{""--ablation"": ""softmin_only"", ""--ball-speed"": 7, ""--no-plot"": null, ""--serve-box"": null}",237,True,active,0.130463,1.995133,0.122963,40.0,85.0,1.81,1.0,2.1,20.0,0.130463,1.629,1.49,
exp17i_limits_ablation,ablationsoftmin_only__ballspeed7__noplot__servebox,"{""--ablation"": ""softmin_only"", ""--ball-speed"": 7, ""--no-plot"": null, ""--serve-box"": null}",236,True,active,0.058281,1.995703,0.058281,40.0,105.0,1.79,1.0,1.8,30.0,0.058281,1.722,1.72,
exp17i_limits_ablation,ablationsoftmin_only__ballspeed7__noplot__servebox,"{""--ablation"": ""softmin_only"", ""--ball-speed"": 7, ""--no-plot"": null, ""--serve-box"": null}",234,True,active,0.127043,1.975561,0.11968,40.0,105.0,1.8,0.99,1.8,30.0,0.127043,1.769,1.98,
exp17i_limits_ablation,ablationsoftmin_only__ballspeed7__noplot__servebox,"{""--ablation"": ""softmin_only"", ""--ball-speed"": 7, ""--no-plot"": null, ""--serve-box"": null}",238,True,active,0.118608,1.987625,0.118608,40.0,105.0,1.72,0.99,1.6,30.0,0.118608,1.365,1.54,
exp17i_limits_ablation,ablationsoftmin_only__ballspeed7__noplot__servebox,"{""--ablation"": ""softmin_only"", ""--ball-speed"": 7, ""--no-plot"": null, ""--serve-box"": null}",231,True,active,0.096819,2.048292,0.094979,40.0,105.0,1.8,0.98,1.9,35.0,0.096819,1.632,2.66,
exp17i_limits_ablation,ablationsoftmin_only__ballspeed7__noplot__servebox,"{""--ablation"": ""softmin_only"", ""--ball-speed"": 7, ""--no-plot"": null, ""--serve-box"": null}",235,True,active,0.099821,1.990202,0.094296,35.0,80.0,1.81,1.0,1.7,30.0,0.099821,1.714,2.29,
exp17i_limits_ablation,ablationsoftmin_only__ballspeed7__noplot__servebox,"{""--ablation"": ""softmin_only"", ""--ball-speed"": 7, ""--no-plot"": null, ""--serve-box"": null}",254,,,,,,,,,,,,,,0.22,no_result
exp17i_limits_ablation,ablationsoftmin_only__ballspeed7__noplot__servebox,"{""--ablation"": ""softmin_only"", ""--ball-speed"": 7, ""--no-plot"": null, ""--serve-box"": null}",240,True,active,0.099144,1.997051,0.099144,35.0,105.0,1.79,0.98,2.1,25.0,0.099144,1.754,1.83,
exp17i_limits_ablation,ablationsoftmin_only__ballspeed7__noplot__servebox,"{""--ablation"": ""softmin_only"", ""--ball-speed"": 7, ""--no-plot"": null, ""--serve-box"": null}",246,True,active,0.110536,1.975907,0.109934,45.0,105.0,1.78,0.99,1.8,15.0,0.110536,1.637,1.43,
exp17i_limits_ablation,ablationsoftmin_only__ballspeed7__noplot__servebox,"{""--ablation"": ""softmin_only"", ""--ball-speed"": 7, ""--no-plot"": null, ""--serve-box"": null}",239,True,active,0.127932,1.953372,0.118494,0.0,0.0,1.78,0.99,1.9,30.0,0.127932,1.707,2.1,
exp17i_limits_ablation,ablationsoftmin_only__ballspeed7__noplot__servebox,"{""--ablation"": ""softmin_only"", ""--ball-speed"": 7, ""--no-plot"": null, ""--serve-box"": null}",241,True,active,0.122563,1.95835,0.111827,0.0,55.0,1.8,0.99,2.1,45.0,0.122563,1.746,1.92,
exp17i_limits_ablation,ablationsoftmin_only__ballspeed7__noplot__servebox,"{""--ablation"": ""softmin_only"", ""--ball-speed"": 7, ""--no-plot"": null, ""--serve-box"": null}",248,True,active,0.124069,1.994432,0.121347,40.0,105.0,1.81,0.99,1.9,20.0,0.124069,1.708,1.52,
exp17i_limits_ablation,ablationsoftmin_only__ballspeed7__noplot__servebox,"{""--ablation"": ""softmin_only"", ""--ball-speed"": 7, ""--no-plot"": null, ""--serve-box"": null}",243,True,active,0.084866,1.96169,0.074501,50.0,105.0,1.78,0.99,1.7,25.0,0.084866,1.611,2.05,
exp17i_limits_ablation,ablationsoftmin_only__ballspeed7__noplot__servebox,"{""--ablation"": ""softmin_only"", ""--ball-speed"": 7, ""--no-plot"": null, ""--serve-box"": null}",242,True,active,0.061943,1.944687,0.061943,65.0,105.0,1.28,0.97,1.5,10.0,0.061943,0.897,2.1,
exp17i_limits_ablation,ablationsoftmin_only__ballspeed7__noplot__servebox,"{""--ablation"": ""softmin_only"", ""--ball-speed"": 7, ""--no-plot"": null, ""--serve-box"": null}",245,True,active,0.112487,1.948356,0.092433,0.0,0.0,1.76,1.0,2.0,20.0,0.112487,1.568,1.99,
exp17i_limits_ablation,ablationsoftmin_only__ballspeed7__noplot__servebox,"{""--ablation"": ""softmin_only"", ""--ball-speed"": 7, ""--no-plot"": null, ""--serve-box"": null}",247,True,active,0.069199,2.006916,0.069199,45.0,105.0,1.79,0.99,1.6,25.0,0.069199,1.114,1.91,
exp17i_limits_ablation,ablationsoftmin_only__ballspeed7__noplot__servebox,"{""--ablation"": ""softmin_only"", ""--ball-speed"": 7, ""--no-plot"": null, ""--serve-box"": null}",252,True,active,0.109634,1.983472,0.109634,40.0,105.0,1.75,1.0,1.7,25.0,0.109634,1.488,1.54,
exp17i_limits_ablation,ablationsoftmin_only__ballspeed7__noplot__servebox,"{""--ablation"": ""softmin_only"", ""--ball-speed"": 7, ""--no-plot"": null, ""--serve-box"": null}",253,True,active,0.063971,1.94359,0.063971,40.0,105.0,1.79,0.99,1.7,40.0,0.063971,1.102,1.52,
exp17i_limits_ablation,ablationsoftmin_only__ballspeed7__noplot__servebox,"{""--ablation"": ""softmin_only"", ""--ball-speed"": 7, ""--no-plot"": null, ""--serve-box"": null}",244,False,miss,0.402496,1.984718,0.156292,25.0,0.0,1.8,0.99,1.8,0.0,0.402496,0.0,2.9,
exp17i_limits_ablation,ablationsoftmin_only__ballspeed7__noplot__servebox,"{""--ablation"": ""softmin_only"", ""--ball-speed"": 7, ""--no-plot"": null, ""--serve-box"": null}",256,True,active,0.077207,1.970402,0.077207,25.0,65.0,1.81,0.99,1.6,20.0,0.077207,1.719,1.5,
exp17i_limits_ablation,ablationsoftmin_only__ballspeed7__noplot__servebox,"{""--ablation"": ""softmin_only"", ""--ball-speed"": 7, ""--no-plot"": null, ""--serve-box"": null}",258,True,active,0.055641,1.986625,0.055641,45.0,105.0,1.8,0.98,1.6,25.0,0.055641,1.683,1.43,
exp17i_limits_ablation,ablationsoftmin_only__ballspeed7__noplot__servebox,"{""--ablation"": ""softmin_only"", ""--ball-speed"": 7, ""--no-plot"": null, ""--serve-box"": null}",257,True,active,0.101921,1.987173,0.095642,35.0,105.0,1.81,0.98,1.9,20.0,0.101921,1.777,1.59,
exp17i_limits_ablation,ablationsoftmin_only__ballspeed7__noplot__servebox,"{""--ablation"": ""softmin_only"", ""--ball-speed"": 7, ""--no-plot"": null, ""--serve-box"": null}",259,True,active,0.088277,1.978623,0.088277,40.0,105.0,1.8,0.99,1.7,30.0,0.088277,1.652,1.48,
exp17i_limits_ablation,ablationsoftmin_only__ballspeed7__noplot__servebox,"{""--ablation"": ""softmin_only"", ""--ball-speed"": 7, ""--no-plot"": null, ""--serve-box"": null}",249,True,active,0.056828,2.01456,0.055849,50.0,105.0,1.79,1.0,1.4,20.0,0.056828,1.426,2.97,
exp17i_limits_ablation,ablationsoftmin_only__ballspeed7__noplot__servebox,"{""--ablation"": ""softmin_only"", ""--ball-speed"": 7, ""--no-plot"": null, ""--serve-box"": null}",261,True,active,0.109223,1.990758,0.100505,45.0,105.0,1.81,1.0,1.6,20.0,0.109223,1.633,1.48,
exp17i_limits_ablation,ablationsoftmin_only__ballspeed7__noplot__servebox,"{""--ablation"": ""softmin_only"", ""--ball-speed"": 7, ""--no-plot"": null, ""--serve-box"": null}",263,False,miss,0.375755,1.951868,0.150778,25.0,35.0,1.8,1.0,1.6,0.0,0.375755,0.0,1.56,
exp17i_limits_ablation,ablationsoftmin_only__ballspeed7__noplot__servebox,"{""--ablation"": ""softmin_only"", ""--ball-speed"": 7, ""--no-plot"": null, ""--serve-box"": null}",250,True,active,0.083391,1.989959,0.07994,55.0,105.0,1.78,0.99,1.8,20.0,0.083391,1.781,3.04,
exp17i_limits_ablation,ablationsoftmin_only__ballspeed7__noplot__servebox,"{""--ablation"": ""softmin_only"", ""--ball-speed"": 7, ""--no-plot"": null, ""--serve-box"": null}",251,True,active,0.13696,1.967451,0.12558,45.0,85.0,1.3,0.99,1.6,5.0,0.13696,0.835,2.92,
exp17i_limits_ablation,ablationsoftmin_only__ballspeed7__noplot__servebox,"{""--ablation"": ""softmin_only"", ""--ball-speed"": 7, ""--no-plot"": null, ""--serve-box"": null}",274,,,,,,,,,,,,,,0.21,no_result
exp17i_limits_ablation,ablationsoftmin_only__ballspeed7__noplot__servebox,"{""--ablation"": ""softmin_only"", ""--ball-speed"": 7, ""--no-plot"": null, ""--serve-box"": null}",262,True,active,0.15422,1.959291,0.139456,40.0,90.0,1.3,1.0,1.6,0.0,0.15422,0.548,1.87,
exp17i_limits_ablation,ablationsoftmin_only__ballspeed7__noplot__servebox,"{""--ablation"": ""softmin_only"", ""--ball-speed"": 7, ""--no-plot"": null, ""--serve-box"": null}",265,True,active,0.13438,1.955839,0.129698,40.0,105.0,1.17,1.0,1.3,0.0,0.13438,0.637,1.48,
exp17i_limits_ablation,ablationsoftmin_only__ballspeed7__noplot__servebox,"{""--ablation"": ""softmin_only"", ""--ball-speed"": 7, ""--no-plot"": null, ""--serve-box"": null}",255,False,miss,0.407005,1.965938,0.153818,25.0,0.0,1.77,1.0,2.1,0.0,0.407005,0.0,2.63,
exp17i_limits_ablation,ablationsoftmin_only__ballspeed7__noplot__servebox,"{""--ablation"": ""softmin_only"", ""--ball-speed"": 7, ""--no-plot"": null, ""--serve-box"": null}",267,True,active,0.099915,1.952282,0.096614,45.0,105.0,1.77,1.0,1.6,25.0,0.099915,1.647,1.62,
exp17i_limits_ablation,ablationsoftmin_only__ballspeed7__noplot__servebox,"{""--ablation"": ""softmin_only"", ""--ball-speed"": 7, ""--no-plot"": null, ""--serve-box"": null}",270,False,miss,0.392527,1.940321,0.129272,0.0,25.0,1.78,1.0,1.7,0.0,0.392527,0.0,1.47,
exp17i_limits_ablation,ablationsoftmin_only__ballspeed7__noplot__servebox,"{""--ablation"": ""softmin_only"", ""--ball-speed"": 7, ""--no-plot"": null, ""--serve-box"": null}",260,True,active,0.044169,1.981251,0.044169,50.0,105.0,1.61,0.98,1.5,10.0,0.044169,1.613,2.86,
exp17i_limits_ablation,ablationsoftmin_only__ballspeed7__noplot__servebox,"{""--ablation"": ""softmin_only"", ""--ball-speed"": 7, ""--no-plot"": null, ""--serve-box"": null}",264,False,miss,0.447637,1.966722,0.156628,0.0,0.0,1.8,1.0,2.2,0.0,0.447637,0.0,2.56,
exp17i_limits_ablation,ablationsoftmin_only__ballspeed7__noplot__servebox,"{""--ablation"": ""softmin_only"", ""--ball-speed"": 7, ""--no-plot"": null, ""--serve-box"": null}",269,False,miss,0.382732,1.973283,0.147614,0.0,0.0,1.8,1.0,1.9,0.0,0.382732,0.0,1.69,
exp17i_limits_ablation,ablationsoftmin_only__ballspeed7__noplot__servebox,"{""--ablation"": ""softmin_only"", ""--ball-speed"": 7, ""--no-plot"": null, ""--serve-box"": null}",268,True,active,0.064418,2.005195,0.064418,40.0,105.0,1.8,0.99,1.8,15.0,0.064418,1.47,1.86,
exp17i_limits_ablation,ablationsoftmin_only__ballspeed7__noplot__servebox,"{""--ablation"": ""softmin_only"", ""--ball-speed"": 7, ""--no-plot"": null, ""--serve-box"": null}",272,False,miss,0.371881,1.976084,0.203496,0.0,0.0,1.58,1.0,1.3,0.0,0.371881,0.0,1.53,
exp17i_limits_ablation,ablationsoftmin_only__ballspeed7__noplot__servebox,"{""--ablation"": ""softmin_only"", ""--ball-speed"": 7, ""--no-plot"": null, ""--serve-box"": null}",273,True,active,0.119426,2.0106,0.119426,35.0,105.0,1.61,0.99,1.5,30.0,0.119426,0.878,1.64,
exp17i_limits_ablation,ablationsoftmin_only__ballspeed7__noplot__servebox,"{""--ablation"": ""softmin_only"", ""--ball-speed"": 7, ""--no-plot"": null, ""--serve-box"": null}",275,True,active,0.107764,1.981532,0.089401,45.0,90.0,1.81,1.0,1.6,30.0,0.107764,1.603,1.61,
exp17i_limits_ablation,ablationsoftmin_only__ballspeed7__noplot__servebox,"{""--ablation"": ""softmin_only"", ""--ball-speed"": 7, ""--no-plot"": null, ""--serve-box"": null}",277,True,active,0.088003,2.022897,0.071314,40.0,105.0,1.8,0.98,1.8,40.0,0.088003,1.733,1.47,
exp17i_limits_ablation,ablationsoftmin_only__ballspeed7__noplot__servebox,"{""--ablation"": ""softmin_only"", ""--ball-speed"": 7, ""--no-plot"": null, ""--serve-box"": null}",276,False,miss,0.409163,1.977535,0.159871,25.0,0.0,1.77,1.0,2.1,0.0,0.409163,0.0,1.63,
exp17i_limits_ablation,ablationsoftmin_only__ballspeed7__noplot__servebox,"{""--ablation"": ""softmin_only"", ""--ball-speed"": 7, ""--no-plot"": null, ""--serve-box"": null}",266,True,active,0.083317,1.973032,0.080173,0.0,5.0,1.55,1.0,1.6,10.0,0.083317,0.968,2.94,
exp17i_limits_ablation,ablationsoftmin_only__ballspeed7__noplot__servebox,"{""--ablation"": ""softmin_only"", ""--ball-speed"": 7, ""--no-plot"": null, ""--serve-box"": null}",278,True,active,0.083294,1.988053,0.072652,45.0,105.0,1.81,0.98,1.7,25.0,0.083294,1.78,1.79,
exp17i_limits_ablation,ablationsoftmin_only__ballspeed7__noplot__servebox,"{""--ablation"": ""softmin_only"", ""--ball-speed"": 7, ""--no-plot"": null, ""--serve-box"": null}",279,True,active,0.130159,1.998049,0.122291,0.0,0.0,1.8,1.0,1.9,30.0,0.130159,1.76,1.9,
exp17i_limits_ablation,ablationsoftmin_only__ballspeed7__noplot__servebox,"{""--ablation"": ""softmin_only"", ""--ball-speed"": 7, ""--no-plot"": null, ""--serve-box"": null}",271,True,active,0.113667,1.982363,0.084271,0.0,15.0,1.8,0.97,1.8,30.0,0.113667,1.8,2.84,
exp17i_limits_ablation,ablationsoftmin_only__ballspeed7__noplot__servebox,"{""--ablation"": ""softmin_only"", ""--ball-speed"": 7, ""--no-plot"": null, ""--serve-box"": null}",286,True,active,0.04362,2.031706,0.04362,50.0,105.0,1.76,0.98,1.6,15.0,0.04362,1.318,1.42,
exp17i_limits_ablation,ablationsoftmin_only__ballspeed7__noplot__servebox,"{""--ablation"": ""softmin_only"", ""--ball-speed"": 7, ""--no-plot"": null, ""--serve-box"": null}",287,True,active,0.097648,2.002905,0.097648,40.0,105.0,1.81,1.0,1.7,20.0,0.097648,1.708,1.48,
exp17i_limits_ablation,ablationsoftmin_only__ballspeed7__noplot__servebox,"{""--ablation"": ""softmin_only"", ""--ball-speed"": 7, ""--no-plot"": null, ""--serve-box"": null}",288,False,miss,0.420505,1.957719,0.16738,0.0,0.0,1.8,1.0,1.9,0.0,0.420505,0.0,1.43,
exp17i_limits_ablation,ablationsoftmin_only__ballspeed7__noplot__servebox,"{""--ablation"": ""softmin_only"", ""--ball-speed"": 7, ""--no-plot"": null, ""--serve-box"": null}",289,True,active,0.089009,1.954553,0.078176,35.0,85.0,1.8,1.0,1.9,30.0,0.089009,1.804,1.48,
exp17i_limits_ablation,ablationsoftmin_only__ballspeed7__noplot__servebox,"{""--ablation"": ""softmin_only"", ""--ball-speed"": 7, ""--no-plot"": null, ""--serve-box"": null}",290,False,miss,0.396088,1.935246,0.156777,25.0,0.0,1.73,1.0,2.2,0.0,0.396088,0.0,1.46,
exp17i_limits_ablation,ablationsoftmin_only__ballspeed7__noplot__servebox,"{""--ablation"": ""softmin_only"", ""--ball-speed"": 7, ""--no-plot"": null, ""--serve-box"": null}",291,True,active,0.035639,2.037581,0.035639,45.0,105.0,1.79,1.0,1.7,20.0,0.035639,1.575,1.5,
exp17i_limits_ablation,ablationsoftmin_only__ballspeed7__noplot__servebox,"{""--ablation"": ""softmin_only"", ""--ball-speed"": 7, ""--no-plot"": null, ""--serve-box"": null}",292,True,active,0.106243,1.964702,0.09472,45.0,105.0,1.8,0.99,1.7,30.0,0.106243,1.694,1.62,
exp17i_limits_ablation,ablationsoftmin_only__ballspeed7__noplot__servebox,"{""--ablation"": ""softmin_only"", ""--ball-speed"": 7, ""--no-plot"": null, ""--serve-box"": null}",280,True,active,0.10452,1.987593,0.092332,0.0,0.0,1.79,1.0,2.0,30.0,0.10452,1.639,3.16,
exp17i_limits_ablation,ablationsoftmin_only__ballspeed7__noplot__servebox,"{""--ablation"": ""softmin_only"", ""--ball-speed"": 7, ""--no-plot"": null, ""--serve-box"": null}",283,False,miss,0.393997,1.968113,0.135802,35.0,20.0,1.79,0.99,2.1,0.0,0.393997,0.0,2.7,
exp17i_limits_ablation,ablationsoftmin_only__ballspeed7__noplot__servebox,"{""--ablation"": ""softmin_only"", ""--ball-speed"": 7, ""--no-plot"": null, ""--serve-box"": null}",284,True,active,0.099236,1.960294,0.094071,0.0,0.0,1.66,1.0,1.7,20.0,0.099236,1.548,2.7,
exp17i_limits_ablation,ablationsoftmin_only__ballspeed7__noplot__servebox,"{""--ablation"": ""softmin_only"", ""--ball-speed"": 7, ""--no-plot"": null, ""--serve-box"": null}",285,True,active,0.092613,1.984496,0.092613,40.0,105.0,1.57,0.99,1.4,30.0,0.092613,1.35,2.74,
exp17i_limits_ablation,ablationsoftmin_only__ballspeed7__noplot__servebox,"{""--ablation"": ""softmin_only"", ""--ball-speed"": 7, ""--no-plot"": null, ""--serve-box"": null}",281,True,active,0.102344,2.013868,0.102344,40.0,105.0,1.79,0.98,1.8,30.0,0.102344,1.66,3.17,
exp17i_limits_ablation,ablationsoftmin_only__ballspeed7__noplot__servebox,"{""--ablation"": ""softmin_only"", ""--ball-speed"": 7, ""--no-plot"": null, ""--serve-box"": null}",293,False,miss,0.361525,1.921707,0.149314,30.0,60.0,1.7,1.0,1.7,0.0,0.361525,0.0,2.05,
exp17i_limits_ablation,ablationsoftmin_only__ballspeed7__noplot__servebox,"{""--ablation"": ""softmin_only"", ""--ball-speed"": 7, ""--no-plot"": null, ""--serve-box"": null}",282,True,active,0.120086,1.976968,0.120086,45.0,105.0,1.6,0.99,1.8,20.0,0.120086,1.341,3.19,
exp17i_limits_ablation,ablationsoftmin_only__ballspeed7__noplot__servebox,"{""--ablation"": ""softmin_only"", ""--ball-speed"": 7, ""--no-plot"": null, ""--serve-box"": null}",295,False,miss,0.393623,1.97218,0.151652,25.0,0.0,1.77,0.99,1.8,0.0,0.393623,0.0,1.68,
exp17i_limits_ablation,ablationsoftmin_only__ballspeed7__noplot__servebox,"{""--ablation"": ""softmin_only"", ""--ball-speed"": 7, ""--no-plot"": null, ""--serve-box"": null}",296,True,active,0.145568,1.989998,0.143784,0.0,0.0,1.78,0.99,2.1,30.0,0.145568,1.711,1.54,
exp17i_limits_ablation,ablationsoftmin_only__ballspeed7__noplot__servebox,"{""--ablation"": ""softmin_only"", ""--ball-speed"": 7, ""--no-plot"": null, ""--serve-box"": null}",294,True,active,0.095368,1.940357,0.094791,45.0,105.0,1.63,0.98,1.7,25.0,0.095368,1.234,2.05,
exp17i_limits_ablation,ablationsoftmin_only__ballspeed7__noplot__servebox,"{""--ablation"": ""softmin_only"", ""--ball-speed"": 7, ""--no-plot"": null, ""--serve-box"": null}",297,True,active,0.087895,1.992409,0.087895,40.0,95.0,1.8,0.96,1.8,25.0,0.087895,1.001,1.54,
exp17i_limits_ablation,ablationsoftmin_only__ballspeed7__noplot__servebox,"{""--ablation"": ""softmin_only"", ""--ball-speed"": 7, ""--no-plot"": null, ""--serve-box"": null}",298,True,active,0.114234,1.999902,0.114234,40.0,105.0,1.79,1.0,2.1,30.0,0.114234,1.682,1.58,
exp17i_limits_ablation,ablationsoftmin_only__ballspeed7__noplot__servebox,"{""--ablation"": ""softmin_only"", ""--ball-speed"": 7, ""--no-plot"": null, ""--serve-box"": null}",299,True,active,0.081582,1.968596,0.081582,40.0,105.0,1.54,0.98,1.4,20.0,0.081582,0.676,1.5,
exp17i_limits_ablation,ablationsoftmin_only__ballspeed7__noplot__servebox,"{""--ablation"": ""softmin_only"", ""--ball-speed"": 7, ""--no-plot"": null, ""--serve-box"": null}",300,True,active,0.140886,1.985671,0.12665,45.0,105.0,1.7,1.0,1.5,15.0,0.140886,1.454,1.58,
exp17i_limits_ablation,ablationsoftmin_only__ballspeed7__noplot__servebox,"{""--ablation"": ""softmin_only"", ""--ball-speed"": 7, ""--no-plot"": null, ""--serve-box"": null}",305,True,active,0.120832,1.952439,0.080819,45.0,90.0,1.8,1.0,1.8,30.0,0.120832,1.742,1.65,
exp17i_limits_ablation,ablationsoftmin_only__ballspeed7__noplot__servebox,"{""--ablation"": ""softmin_only"", ""--ball-speed"": 7, ""--no-plot"": null, ""--serve-box"": null}",302,True,active,0.112808,1.984077,0.103016,45.0,105.0,1.78,1.0,1.8,25.0,0.112808,1.44,2.07,
exp17i_limits_ablation,ablationsoftmin_only__ballspeed7__noplot__servebox,"{""--ablation"": ""softmin_only"", ""--ball-speed"": 7, ""--no-plot"": null, ""--serve-box"": null}",307,True,active,0.144952,1.988262,0.143113,0.0,0.0,1.81,1.0,2.1,25.0,0.144952,1.627,1.64,
exp17i_limits_ablation,ablationsoftmin_only__ballspeed7__noplot__servebox,"{""--ablation"": ""softmin_only"", ""--ball-speed"": 7, ""--no-plot"": null, ""--serve-box"": null}",310,True,active,0.104995,1.962348,0.075505,45.0,105.0,1.8,0.98,1.8,30.0,0.104995,1.756,1.57,
exp17i_limits_ablation,ablationsoftmin_only__ballspeed7__noplot__servebox,"{""--ablation"": ""softmin_only"", ""--ball-speed"": 7, ""--no-plot"": null, ""--serve-box"": null}",301,True,active,0.043773,1.94207,0.043773,50.0,105.0,1.76,1.0,2.1,15.0,0.043773,0.377,2.54,
exp17i_limits_ablation,ablationsoftmin_only__ballspeed7__noplot__servebox,"{""--ablation"": ""softmin_only"", ""--ball-speed"": 7, ""--no-plot"": null, ""--serve-box"": null}",308,False,miss,0.397062,1.966392,0.134657,30.0,50.0,1.79,0.99,1.7,0.0,0.397062,0.0,1.71,
exp17i_limits_ablation,ablationsoftmin_only__ballspeed7__noplot__servebox,"{""--ablation"": ""softmin_only"", ""--ball-speed"": 7, ""--no-plot"": null, ""--serve-box"": null}",304,True,active,0.102123,1.950615,0.088446,40.0,85.0,1.67,1.0,1.6,25.0,0.102123,1.67,2.12,
exp17i_limits_ablation,ablationsoftmin_only__ballspeed7__noplot__servebox,"{""--ablation"": ""softmin_only"", ""--ball-speed"": 7, ""--no-plot"": null, ""--serve-box"": null}",312,True,active,0.108127,2.002087,0.108127,35.0,105.0,1.79,0.99,1.7,30.0,0.108127,1.778,1.61,
exp17i_limits_ablation,ablationsoftmin_only__ballspeed7__noplot__servebox,"{""--ablation"": ""softmin_only"", ""--ball-speed"": 7, ""--no-plot"": null, ""--serve-box"": null}",314,True,active,0.069078,2.023007,0.069078,40.0,105.0,1.82,1.0,1.7,20.0,0.069078,1.76,1.59,
exp17i_limits_ablation,ablationsoftmin_only__ballspeed7__noplot__servebox,"{""--ablation"": ""softmin_only"", ""--ball-speed"": 7, ""--no-plot"": null, ""--serve-box"": null}",315,True,active,0.094393,1.976476,0.094393,40.0,105.0,1.41,1.0,1.5,15.0,0.094393,1.202,1.53,
exp17i_limits_ablation,ablationsoftmin_only__ballspeed7__noplot__servebox,"{""--ablation"": ""softmin_only"", ""--ball-speed"": 7, ""--no-plot"": null, ""--serve-box"": null}",311,True,active,0.103639,1.978773,0.098113,35.0,105.0,1.76,1.0,1.5,25.0,0.103639,1.647,2.08,
exp17i_limits_ablation,ablationsoftmin_only__ballspeed7__noplot__servebox,"{""--ablation"": ""softmin_only"", ""--ball-speed"": 7, ""--no-plot"": null, ""--serve-box"": null}",303,False,miss,0.393302,1.988618,0.139706,30.0,0.0,1.8,1.0,1.8,0.0,0.393302,0.0,3.16,
exp17i_limits_ablation,ablationsoftmin_only__ballspeed7__noplot__servebox,"{""--ablation"": ""softmin_only"", ""--ball-speed"": 7, ""--no-plot"": null, ""--serve-box"": null}",316,True,active,0.080375,1.98406,0.080375,45.0,105.0,1.81,1.0,1.9,35.0,0.080375,1.132,2.09,
exp17i_limits_ablation,ablationsoftmin_only__ballspeed7__noplot__servebox,"{""--ablation"": ""softmin_only"", ""--ball-speed"": 7, ""--no-plot"": null, ""--serve-box"": null}",306,True,active,0.107184,2.000519,0.107184,40.0,105.0,1.8,1.0,1.8,30.0,0.107184,1.772,3.11,
exp17i_limits_ablation,ablationsoftmin_only__ballspeed7__noplot__servebox,"{""--ablation"": ""softmin_only"", ""--ball-speed"": 7, ""--no-plot"": null, ""--serve-box"": null}",317,False,miss,0.354698,1.967119,0.187735,0.0,0.0,1.27,0.99,1.5,0.0,0.354698,0.0,1.61,
exp17i_limits_ablation,ablationsoftmin_only__ballspeed7__noplot__servebox,"{""--ablation"": ""softmin_only"", ""--ball-speed"": 7, ""--no-plot"": null, ""--serve-box"": null}",313,True,active,0.07904,1.960161,0.077374,50.0,75.0,1.76,0.97,2.1,25.0,0.07904,0.883,2.74,
exp17i_limits_ablation,ablationsoftmin_only__ballspeed7__noplot__servebox,"{""--ablation"": ""softmin_only"", ""--ball-speed"": 7, ""--no-plot"": null, ""--serve-box"": null}",319,True,active,0.124448,2.001261,0.123238,40.0,85.0,1.81,1.0,1.6,25.0,0.124448,1.482,1.56,
exp17i_limits_ablation,ablationsoftmin_only__ballspeed7__noplot__servebox,"{""--ablation"": ""softmin_only"", ""--ball-speed"": 7, ""--no-plot"": null, ""--serve-box"": null}",318,True,active,0.096847,1.982456,0.096847,40.0,105.0,1.63,1.0,1.6,20.0,0.096847,1.625,1.65,
exp17i_limits_ablation,ablationsoftmin_only__ballspeed7__noplot__servebox,"{""--ablation"": ""softmin_only"", ""--ball-speed"": 7, ""--no-plot"": null, ""--serve-box"": null}",321,True,active,0.070092,1.974425,0.070092,45.0,105.0,1.48,1.0,1.5,15.0,0.070092,1.057,1.54,
exp17i_limits_ablation,ablationsoftmin_only__ballspeed7__noplot__servebox,"{""--ablation"": ""softmin_only"", ""--ball-speed"": 7, ""--no-plot"": null, ""--serve-box"": null}",309,True,active,0.077451,1.936338,0.077451,45.0,105.0,1.8,1.0,2.3,15.0,0.077451,1.722,3.2,
exp17i_limits_ablation,ablationsoftmin_only__ballspeed7__noplot__servebox,"{""--ablation"": ""softmin_only"", ""--ball-speed"": 7, ""--no-plot"": null, ""--serve-box"": null}",323,True,active,0.122505,1.95843,0.112594,0.0,0.0,1.8,1.0,2.1,30.0,0.122505,1.625,1.56,
exp17i_limits_ablation,ablationsoftmin_only__ballspeed7__noplot__servebox,"{""--ablation"": ""softmin_only"", ""--ball-speed"": 7, ""--no-plot"": null, ""--serve-box"": null}",326,True,active,0.069408,1.998251,0.069408,40.0,105.0,1.81,1.0,1.7,30.0,0.069408,1.799,1.78,
exp17i_limits_ablation,ablationsoftmin_only__ballspeed7__noplot__servebox,"{""--ablation"": ""softmin_only"", ""--ball-speed"": 7, ""--no-plot"": null, ""--serve-box"": null}",327,True,active,0.075021,1.942946,0.075021,50.0,105.0,1.8,0.99,1.7,25.0,0.075021,0.932,1.68,
exp17i_limits_ablation,ablationsoftmin_only__ballspeed7__noplot__servebox,"{""--ablation"": ""softmin_only"", ""--ball-speed"": 7, ""--no-plot"": null, ""--serve-box"": null}",324,True,active,0.112315,1.875474,0.106285,20.0,35.0,1.78,1.0,1.8,25.0,0.112315,1.761,2.1,
exp17i_limits_ablation,ablationsoftmin_only__ballspeed7__noplot__servebox,"{""--ablation"": ""softmin_only"", ""--ball-speed"": 7, ""--no-plot"": null, ""--serve-box"": null}",325,False,miss,0.404321,1.965504,0.154836,25.0,0.0,1.79,0.99,1.8,0.0,0.404321,0.0,2.24,
exp17i_limits_ablation,ablationsoftmin_only__ballspeed7__noplot__servebox,"{""--ablation"": ""softmin_only"", ""--ball-speed"": 7, ""--no-plot"": null, ""--serve-box"": null}",329,False,miss,0.38488,1.946996,0.15997,20.0,0.0,1.61,1.0,1.5,0.0,0.38488,0.0,1.54,
exp17i_limits_ablation,ablationsoftmin_only__ballspeed7__noplot__servebox,"{""--ablation"": ""softmin_only"", ""--ball-speed"": 7, ""--no-plot"": null, ""--serve-box"": null}",331,True,active,0.125565,1.952992,0.104386,45.0,95.0,1.7,1.0,1.5,25.0,0.125565,1.515,1.48,
exp17i_limits_ablation,ablationsoftmin_only__ballspeed7__noplot__servebox,"{""--ablation"": ""softmin_only"", ""--ball-speed"": 7, ""--no-plot"": null, ""--serve-box"": null}",330,False,miss,0.448921,1.999941,0.148191,25.0,0.0,1.8,0.99,1.8,0.0,0.448921,0.0,1.6,
exp17i_limits_ablation,ablationsoftmin_only__ballspeed7__noplot__servebox,"{""--ablation"": ""softmin_only"", ""--ball-speed"": 7, ""--no-plot"": null, ""--serve-box"": null}",322,True,active,0.096355,1.983918,0.096355,45.0,105.0,1.51,1.0,1.2,15.0,0.096355,1.346,2.86,
exp17i_limits_ablation,ablationsoftmin_only__ballspeed7__noplot__servebox,"{""--ablation"": ""softmin_only"", ""--ball-speed"": 7, ""--no-plot"": null, ""--serve-box"": null}",333,True,active,0.102556,1.9771,0.102556,45.0,105.0,1.8,0.99,1.8,15.0,0.102556,1.669,1.54,
exp17i_limits_ablation,ablationsoftmin_only__ballspeed7__noplot__servebox,"{""--ablation"": ""softmin_only"", ""--ball-speed"": 7, ""--no-plot"": null, ""--serve-box"": null}",320,True,active,0.083451,2.028686,0.083451,45.0,105.0,1.8,1.0,1.5,25.0,0.083451,1.443,3.21,
exp17i_limits_ablation,ablationsoftmin_only__ballspeed7__noplot__servebox,"{""--ablation"": ""softmin_only"", ""--ball-speed"": 7, ""--no-plot"": null, ""--serve-box"": null}",336,False,miss,0.423238,1.979668,0.158357,0.0,0.0,1.81,1.0,2.2,0.0,0.423238,0.0,1.79,
exp17i_limits_ablation,ablationsoftmin_only__ballspeed7__noplot__servebox,"{""--ablation"": ""softmin_only"", ""--ball-speed"": 7, ""--no-plot"": null, ""--serve-box"": null}",335,True,active,0.098521,1.98382,0.098521,40.0,105.0,1.79,0.99,1.7,25.0,0.098521,1.777,2.03,
exp17i_limits_ablation,ablationsoftmin_only__ballspeed7__noplot__servebox,"{""--ablation"": ""softmin_only"", ""--ball-speed"": 7, ""--no-plot"": null, ""--serve-box"": null}",339,True,active,0.089499,1.940263,0.084266,35.0,90.0,1.79,0.99,1.8,30.0,0.089499,1.714,1.43,
exp17i_limits_ablation,ablationsoftmin_only__ballspeed7__noplot__servebox,"{""--ablation"": ""softmin_only"", ""--ball-speed"": 7, ""--no-plot"": null, ""--serve-box"": null}",338,True,active,0.126015,1.9625,0.112594,0.0,0.0,1.79,0.96,1.8,30.0,0.126015,1.717,1.61,
exp17i_limits_ablation,ablationsoftmin_only__ballspeed7__noplot__servebox,"{""--ablation"": ""softmin_only"", ""--ball-speed"": 7, ""--no-plot"": null, ""--serve-box"": null}",337,False,miss,0.345196,1.949033,0.188906,0.0,0.0,1.17,1.0,1.7,0.0,0.345196,0.0,2.18,
exp17i_limits_ablation,ablationsoftmin_only__ballspeed7__noplot__servebox,"{""--ablation"": ""softmin_only"", ""--ball-speed"": 7, ""--no-plot"": null, ""--serve-box"": null}",351,,,,,,,,,,,,,,0.21,no_result
exp17i_limits_ablation,ablationsoftmin_only__ballspeed7__noplot__servebox,"{""--ablation"": ""softmin_only"", ""--ball-speed"": 7, ""--no-plot"": null, ""--serve-box"": null}",341,True,active,0.126687,2.015514,0.126687,0.0,0.0,1.76,1.0,2.0,35.0,0.126687,1.557,1.49,
exp17i_limits_ablation,ablationsoftmin_only__ballspeed7__noplot__servebox,"{""--ablation"": ""softmin_only"", ""--ball-speed"": 7, ""--no-plot"": null, ""--serve-box"": null}",342,True,active,0.081787,1.993444,0.081787,40.0,105.0,1.8,1.0,2.0,30.0,0.081787,0.863,1.46,
exp17i_limits_ablation,ablationsoftmin_only__ballspeed7__noplot__servebox,"{""--ablation"": ""softmin_only"", ""--ball-speed"": 7, ""--no-plot"": null, ""--serve-box"": null}",328,True,active,0.12456,1.992526,0.122036,40.0,105.0,1.81,0.99,1.8,20.0,0.12456,1.763,3.12,
exp17i_limits_ablation,ablationsoftmin_only__ballspeed7__noplot__servebox,"{""--ablation"": ""softmin_only"", ""--ball-speed"": 7, ""--no-plot"": null, ""--serve-box"": null}",343,True,active,0.114045,1.973092,0.112441,35.0,100.0,1.2,0.99,1.3,20.0,0.114045,0.982,1.67,
exp17i_limits_ablation,ablationsoftmin_only__ballspeed7__noplot__servebox,"{""--ablation"": ""softmin_only"", ""--ball-speed"": 7, ""--no-plot"": null, ""--serve-box"": null}",332,True,active,0.124493,1.964124,0.123126,40.0,100.0,1.53,0.99,1.5,20.0,0.124493,1.256,3.07,
exp17i_limits_ablation,ablationsoftmin_only__ballspeed7__noplot__servebox,"{""--ablation"": ""softmin_only"", ""--ball-speed"": 7, ""--no-plot"": null, ""--serve-box"": null}",345,False,miss,0.410065,1.934072,0.16588,20.0,0.0,1.58,0.98,1.5,0.0,0.410065,0.0,1.57,
exp17i_limits_ablation,ablationsoftmin_only__ballspeed7__noplot__servebox,"{""--ablation"": ""softmin_only"", ""--ball-speed"": 7, ""--no-plot"": null, ""--serve-box"": null}",334,False,miss,0.426827,1.96684,0.151423,25.0,0.0,1.79,1.0,1.9,0.0,0.426827,0.0,3.04,
exp17i_limits_ablation,ablationsoftmin_only__ballspeed7__noplot__servebox,"{""--ablation"": ""softmin_only"", ""--ball-speed"": 7, ""--no-plot"": null, ""--serve-box"": null}",347,True,passive,0.065158,1.937958,0.061448,50.0,105.0,1.27,1.0,1.6,10.0,0.065158,0.234,1.6,
exp17i_limits_ablation,ablationsoftmin_only__ballspeed7__noplot__servebox,"{""--ablation"": ""softmin_only"", ""--ball-speed"": 7, ""--no-plot"": null, ""--serve-box"": null}",340,False,miss,0.402681,1.957229,0.154951,30.0,0.0,1.79,0.99,1.8,0.0,0.402681,0.0,2.62,
exp17i_limits_ablation,ablationsoftmin_only__ballspeed7__noplot__servebox,"{""--ablation"": ""softmin_only"", ""--ball-speed"": 7, ""--no-plot"": null, ""--serve-box"": null}",348,True,active,0.103065,2.003131,0.103065,45.0,105.0,1.81,1.0,1.7,20.0,0.103065,1.569,1.54,
exp17i_limits_ablation,ablationsoftmin_only__ballspeed7__noplot__servebox,"{""--ablation"": ""softmin_only"", ""--ball-speed"": 7, ""--no-plot"": null, ""--serve-box"": null}",344,True,active,0.066079,1.97409,0.038906,0.0,0.0,1.8,0.95,1.6,30.0,0.066079,1.801,2.14,
exp17i_limits_ablation,ablationsoftmin_only__ballspeed7__noplot__servebox,"{""--ablation"": ""softmin_only"", ""--ball-speed"": 7, ""--no-plot"": null, ""--serve-box"": null}",346,False,miss,0.363955,1.975438,0.150749,25.0,0.0,1.6,1.0,1.5,0.0,0.363955,0.0,2.03,
exp17i_limits_ablation,ablationsoftmin_only__ballspeed7__noplot__servebox,"{""--ablation"": ""softmin_only"", ""--ball-speed"": 7, ""--no-plot"": null, ""--serve-box"": null}",350,False,miss,0.392407,1.985575,0.167855,20.0,0.0,1.76,1.0,2.1,0.0,0.392407,0.0,1.53,
exp17i_limits_ablation,ablationsoftmin_only__ballspeed7__noplot__servebox,"{""--ablation"": ""softmin_only"", ""--ball-speed"": 7, ""--no-plot"": null, ""--serve-box"": null}",352,True,active,0.10358,2.022729,0.10358,40.0,105.0,1.79,0.99,1.8,25.0,0.10358,1.698,1.6,
exp17i_limits_ablation,ablationsoftmin_only__ballspeed7__noplot__servebox,"{""--ablation"": ""softmin_only"", ""--ball-speed"": 7, ""--no-plot"": null, ""--serve-box"": null}",353,True,active,0.122031,1.944029,0.114079,40.0,100.0,1.81,1.0,1.8,30.0,0.122031,1.581,1.56,
exp17i_limits_ablation,ablationsoftmin_only__ballspeed7__noplot__servebox,"{""--ablation"": ""softmin_only"", ""--ball-speed"": 7, ""--no-plot"": null, ""--serve-box"": null}",354,True,active,0.082709,1.992825,0.082709,40.0,105.0,1.69,1.0,1.6,15.0,0.082709,1.21,1.9,
exp17i_limits_ablation,ablationsoftmin_only__ballspeed7__noplot__servebox,"{""--ablation"": ""softmin_only"", ""--ball-speed"": 7, ""--no-plot"": null, ""--serve-box"": null}",357,True,active,0.110605,1.957593,0.104738,0.0,0.0,1.79,1.0,2.2,35.0,0.110605,1.758,1.56,
exp17i_limits_ablation,ablationsoftmin_only__ballspeed7__noplot__servebox,"{""--ablation"": ""softmin_only"", ""--ball-speed"": 7, ""--no-plot"": null, ""--serve-box"": null}",355,True,active,0.123577,1.973092,0.09419,50.0,100.0,1.79,1.0,1.6,25.0,0.123577,1.71,2.18,
exp17i_limits_ablation,ablationsoftmin_only__ballspeed7__noplot__servebox,"{""--ablation"": ""softmin_only"", ""--ball-speed"": 7, ""--no-plot"": null, ""--serve-box"": null}",361,True,active,0.127764,1.997534,0.116348,40.0,105.0,1.8,1.0,1.8,30.0,0.127764,1.629,1.56,
exp17i_limits_ablation,ablationsoftmin_only__ballspeed7__noplot__servebox,"{""--ablation"": ""softmin_only"", ""--ball-speed"": 7, ""--no-plot"": null, ""--serve-box"": null}",362,False,miss,0.463076,1.909982,0.15268,25.0,0.0,1.77,1.0,1.9,0.0,0.463076,0.0,1.56,
exp17i_limits_ablation,ablationsoftmin_only__ballspeed7__noplot__servebox,"{""--ablation"": ""softmin_only"", ""--ball-speed"": 7, ""--no-plot"": null, ""--serve-box"": null}",364,True,active,0.094501,1.850665,0.094501,15.0,25.0,1.79,0.98,1.5,20.0,0.094501,1.783,1.46,
exp17i_limits_ablation,ablationsoftmin_only__ballspeed7__noplot__servebox,"{""--ablation"": ""softmin_only"", ""--ball-speed"": 7, ""--no-plot"": null, ""--serve-box"": null}",365,True,active,0.066572,1.974009,0.066572,50.0,105.0,1.42,1.0,1.3,15.0,0.066572,1.419,1.52,
exp17i_limits_ablation,ablationsoftmin_only__ballspeed7__noplot__servebox,"{""--ablation"": ""softmin_only"", ""--ball-speed"": 7, ""--no-plot"": null, ""--serve-box"": null}",349,True,active,0.057569,1.99344,0.057569,50.0,105.0,1.72,0.89,1.6,20.0,0.057569,1.172,3.13,
exp17i_limits_ablation,ablationsoftmin_only__ballspeed7__noplot__servebox,"{""--ablation"": ""softmin_only"", ""--ball-speed"": 7, ""--no-plot"": null, ""--serve-box"": null}",366,True,active,0.098922,1.963839,0.093787,45.0,105.0,1.81,1.0,1.6,30.0,0.098922,1.753,1.61,
exp17i_limits_ablation,ablationsoftmin_only__ballspeed7__noplot__servebox,"{""--ablation"": ""softmin_only"", ""--ball-speed"": 7, ""--no-plot"": null, ""--serve-box"": null}",367,False,miss,0.409849,1.936905,0.134928,0.0,0.0,1.78,0.99,2.5,0.0,0.409849,0.0,1.61,
exp17i_limits_ablation,ablationsoftmin_only__ballspeed7__noplot__servebox,"{""--ablation"": ""softmin_only"", ""--ball-speed"": 7, ""--no-plot"": null, ""--serve-box"": null}",356,True,active,0.09655,1.967946,0.09655,0.0,0.0,1.79,1.0,1.9,35.0,0.09655,1.774,3.05,
exp17i_limits_ablation,ablationsoftmin_only__ballspeed7__noplot__servebox,"{""--ablation"": ""softmin_only"", ""--ball-speed"": 7, ""--no-plot"": null, ""--serve-box"": null}",368,True,active,0.102005,1.973892,0.102005,40.0,105.0,1.79,0.99,1.7,20.0,0.102005,1.58,1.65,
exp17i_limits_ablation,ablationsoftmin_only__ballspeed7__noplot__servebox,"{""--ablation"": ""softmin_only"", ""--ball-speed"": 7, ""--no-plot"": null, ""--serve-box"": null}",370,True,active,0.089514,1.993148,0.089514,40.0,105.0,1.8,1.0,1.7,25.0,0.089514,1.621,1.49,
exp17i_limits_ablation,ablationsoftmin_only__ballspeed7__noplot__servebox,"{""--ablation"": ""softmin_only"", ""--ball-speed"": 7, ""--no-plot"": null, ""--serve-box"": null}",359,True,active,0.098168,1.987453,0.098168,40.0,105.0,1.79,0.99,1.7,20.0,0.098168,1.745,3.0,
exp17i_limits_ablation,ablationsoftmin_only__ballspeed7__noplot__servebox,"{""--ablation"": ""softmin_only"", ""--ball-speed"": 7, ""--no-plot"": null, ""--serve-box"": null}",360,False,miss,0.342561,1.99127,0.162198,25.0,0.0,1.12,1.0,1.4,0.0,0.342561,0.0,3.0,
exp17i_limits_ablation,ablationsoftmin_only__ballspeed7__noplot__servebox,"{""--ablation"": ""softmin_only"", ""--ball-speed"": 7, ""--no-plot"": null, ""--serve-box"": null}",358,True,active,0.060681,2.006724,0.060681,40.0,105.0,1.8,1.0,1.9,5.0,0.060681,0.975,3.24,
exp17i_limits_ablation,ablationsoftmin_only__ballspeed7__noplot__servebox,"{""--ablation"": ""softmin_only"", ""--ball-speed"": 7, ""--no-plot"": null, ""--serve-box"": null}",371,True,active,0.078776,1.948214,0.078442,55.0,105.0,1.25,1.0,1.2,15.0,0.078776,0.836,1.58,
exp17i_limits_ablation,ablationsoftmin_only__ballspeed7__noplot__servebox,"{""--ablation"": ""softmin_only"", ""--ball-speed"": 7, ""--no-plot"": null, ""--serve-box"": null}",372,False,miss,0.407727,1.948135,0.180494,10.0,0.0,1.72,1.0,2.1,0.0,0.407727,0.0,1.47,
exp17i_limits_ablation,ablationsoftmin_only__ballspeed7__noplot__servebox,"{""--ablation"": ""softmin_only"", ""--ball-speed"": 7, ""--no-plot"": null, ""--serve-box"": null}",363,True,active,0.06861,2.031614,0.06861,45.0,105.0,1.8,0.98,1.7,25.0,0.06861,1.729,2.97,
exp17i_limits_ablation,ablationsoftmin_only__ballspeed7__noplot__servebox,"{""--ablation"": ""softmin_only"", ""--ball-speed"": 7, ""--no-plot"": null, ""--serve-box"": null}",369,True,active,0.118545,1.998568,0.118545,35.0,105.0,1.8,0.99,1.8,30.0,0.118545,1.796,1.97,
exp17i_limits_ablation,ablationsoftmin_only__ballspeed7__noplot__servebox,"{""--ablation"": ""softmin_only"", ""--ball-speed"": 7, ""--no-plot"": null, ""--serve-box"": null}",373,True,active,0.046415,1.947469,0.046415,45.0,105.0,1.78,1.0,2.3,35.0,0.046415,1.025,1.56,
exp17i_limits_ablation,ablationsoftmin_only__ballspeed7__noplot__servebox,"{""--ablation"": ""softmin_only"", ""--ball-speed"": 7, ""--no-plot"": null, ""--serve-box"": null}",374,True,active,0.077211,1.940711,0.077211,45.0,105.0,1.31,1.0,1.6,10.0,0.077211,0.64,1.67,
exp17i_limits_ablation,ablationsoftmin_only__ballspeed7__noplot__servebox,"{""--ablation"": ""softmin_only"", ""--ball-speed"": 7, ""--no-plot"": null, ""--serve-box"": null}",377,True,active,0.109534,1.985235,0.109534,40.0,105.0,1.8,0.99,1.9,35.0,0.109534,1.525,1.66,
exp17i_limits_ablation,ablationsoftmin_only__ballspeed7__noplot__servebox,"{""--ablation"": ""softmin_only"", ""--ball-speed"": 7, ""--no-plot"": null, ""--serve-box"": null}",378,False,miss,0.375447,1.950942,0.129066,0.0,0.0,1.79,1.0,1.7,0.0,0.375447,0.0,1.54,
exp17i_limits_ablation,ablationsoftmin_only__ballspeed7__noplot__servebox,"{""--ablation"": ""softmin_only"", ""--ball-speed"": 7, ""--no-plot"": null, ""--serve-box"": null}",380,True,active,0.130357,1.974692,0.124966,40.0,90.0,1.8,0.97,1.8,20.0,0.130357,1.752,1.56,
exp17i_limits_ablation,ablationsoftmin_only__ballspeed7__noplot__servebox,"{""--ablation"": ""softmin_only"", ""--ball-speed"": 7, ""--no-plot"": null, ""--serve-box"": null}",382,False,miss,0.404608,1.987666,0.152166,30.0,25.0,1.59,1.0,1.7,0.0,0.404608,0.0,1.56,
exp17i_limits_ablation,ablationsoftmin_only__ballspeed7__noplot__servebox,"{""--ablation"": ""softmin_only"", ""--ball-speed"": 7, ""--no-plot"": null, ""--serve-box"": null}",381,True,active,0.090598,2.021478,0.090222,45.0,105.0,1.81,0.99,1.9,20.0,0.090598,1.71,1.58,
exp17i_limits_ablation,ablationsoftmin_only__ballspeed7__noplot__servebox,"{""--ablation"": ""softmin_only"", ""--ball-speed"": 7, ""--no-plot"": null, ""--serve-box"": null}",383,True,active,0.102014,2.007077,0.102014,35.0,105.0,1.8,0.99,2.1,40.0,0.102014,1.781,1.73,
exp17i_limits_ablation,ablationsoftmin_only__ballspeed7__noplot__servebox,"{""--ablation"": ""softmin_only"", ""--ball-speed"": 7, ""--no-plot"": null, ""--serve-box"": null}",385,True,active,0.1279,1.980193,0.127485,35.0,105.0,1.78,0.99,1.9,30.0,0.1279,1.776,1.49,
exp17i_limits_ablation,ablationsoftmin_only__ballspeed7__noplot__servebox,"{""--ablation"": ""softmin_only"", ""--ball-speed"": 7, ""--no-plot"": null, ""--serve-box"": null}",389,False,miss,0.380028,1.925592,0.156141,20.0,15.0,1.73,1.0,1.5,0.0,0.380028,0.0,1.47,
exp17i_limits_ablation,ablationsoftmin_only__ballspeed7__noplot__servebox,"{""--ablation"": ""softmin_only"", ""--ball-speed"": 7, ""--no-plot"": null, ""--serve-box"": null}",375,True,active,0.074841,1.984432,0.074841,45.0,105.0,1.62,0.98,1.4,15.0,0.074841,1.543,3.06,
exp17i_limits_ablation,ablationsoftmin_only__ballspeed7__noplot__servebox,"{""--ablation"": ""softmin_only"", ""--ball-speed"": 7, ""--no-plot"": null, ""--serve-box"": null}",386,True,active,0.122142,1.989692,0.11644,25.0,45.0,1.81,1.0,1.9,30.0,0.122142,1.671,1.88,
exp17i_limits_ablation,ablationsoftmin_only__ballspeed7__noplot__servebox,"{""--ablation"": ""softmin_only"", ""--ball-speed"": 7, ""--no-plot"": null, ""--serve-box"": null}",376,True,active,0.105139,1.979196,0.082447,0.0,35.0,1.8,1.0,1.6,30.0,0.105139,1.682,3.14,
exp17i_limits_ablation,ablationsoftmin_only__ballspeed7__noplot__servebox,"{""--ablation"": ""softmin_only"", ""--ball-speed"": 7, ""--no-plot"": null, ""--serve-box"": null}",391,True,active,0.068513,1.995844,0.068513,40.0,105.0,1.8,0.99,1.7,20.0,0.068513,1.646,1.5,
exp17i_limits_ablation,ablationsoftmin_only__ballspeed7__noplot__servebox,"{""--ablation"": ""softmin_only"", ""--ball-speed"": 7, ""--no-plot"": null, ""--serve-box"": null}",379,True,active,0.073951,1.940771,0.073951,45.0,105.0,1.31,1.0,1.3,20.0,0.073951,1.118,3.02,
exp17i_limits_ablation,ablationsoftmin_only__ballspeed7__noplot__servebox,"{""--ablation"": ""softmin_only"", ""--ball-speed"": 7, ""--no-plot"": null, ""--serve-box"": null}",392,True,active,0.111748,1.996304,0.111748,35.0,105.0,1.65,0.99,1.3,20.0,0.111748,1.607,1.56,
exp17i_limits_ablation,ablationsoftmin_only__ballspeed7__noplot__servebox,"{""--ablation"": ""softmin_only"", ""--ball-speed"": 7, ""--no-plot"": null, ""--serve-box"": null}",393,False,miss,0.385895,1.967362,0.156043,25.0,0.0,1.75,1.0,1.5,0.0,0.385895,0.0,1.62,
exp17i_limits_ablation,ablationsoftmin_only__ballspeed7__noplot__servebox,"{""--ablation"": ""softmin_only"", ""--ball-speed"": 7, ""--no-plot"": null, ""--serve-box"": null}",390,True,active,0.097135,1.9555,0.082724,30.0,70.0,1.8,1.0,1.6,25.0,0.097135,1.797,2.28,
exp17i_limits_ablation,ablationsoftmin_only__ballspeed7__noplot__servebox,"{""--ablation"": ""softmin_only"", ""--ball-speed"": 7, ""--no-plot"": null, ""--serve-box"": null}",395,True,active,0.070498,1.95985,0.070498,45.0,105.0,1.76,1.0,1.8,20.0,0.070498,1.648,1.38,
exp17i_limits_ablation,ablationsoftmin_only__ballspeed7__noplot__servebox,"{""--ablation"": ""softmin_only"", ""--ball-speed"": 7, ""--no-plot"": null, ""--serve-box"": null}",394,True,active,0.105962,1.965302,0.10481,40.0,105.0,1.67,1.0,1.6,25.0,0.105962,1.552,1.59,
exp17i_limits_ablation,ablationsoftmin_only__ballspeed7__noplot__servebox,"{""--ablation"": ""softmin_only"", ""--ball-speed"": 7, ""--no-plot"": null, ""--serve-box"": null}",384,True,passive,0.057279,1.932563,0.057279,50.0,105.0,1.74,1.0,1.8,5.0,0.057279,0.231,3.25,
exp17i_limits_ablation,ablationsoftmin_only__ballspeed7__noplot__servebox,"{""--ablation"": ""softmin_only"", ""--ball-speed"": 7, ""--no-plot"": null, ""--serve-box"": null}",387,False,miss,0.388568,1.946124,0.174634,15.0,0.0,1.46,0.99,1.7,0.0,0.388568,0.0,3.14,
exp17i_limits_ablation,ablationsoftmin_only__ballspeed7__noplot__servebox,"{""--ablation"": ""softmin_only"", ""--ball-speed"": 7, ""--no-plot"": null, ""--serve-box"": null}",388,True,active,0.052574,2.029775,0.052574,45.0,105.0,1.8,1.0,1.4,25.0,0.052574,1.562,3.14,
exp17i_limits_ablation,ablationsoftmin_only__ballspeed7__noplot__servebox,"{""--ablation"": ""softmin_only"", ""--ball-speed"": 7, ""--no-plot"": null, ""--serve-box"": null}",398,True,active,0.11127,1.976727,0.11127,40.0,105.0,1.78,0.98,1.5,10.0,0.11127,1.778,1.81,
exp17i_limits_ablation,ablationsoftmin_only__ballspeed7__noplot__servebox,"{""--ablation"": ""softmin_only"", ""--ball-speed"": 7, ""--no-plot"": null, ""--serve-box"": null}",399,True,active,0.087304,1.963348,0.087304,45.0,105.0,1.79,1.0,1.9,25.0,0.087304,1.654,1.69,
exp17i_limits_ablation,ablationnone__ballspeed7__noplot__servebox,"{""--ablation"": ""none"", ""--ball-speed"": 7, ""--no-plot"": null, ""--serve-box"": null}",1,False,miss,0.218399,1.818924,0.207166,0.0,0.0,1.79,1.0,2.0,0.0,0.218399,0.0,1.57,
exp17i_limits_ablation,ablationnone__ballspeed7__noplot__servebox,"{""--ablation"": ""none"", ""--ball-speed"": 7, ""--no-plot"": null, ""--serve-box"": null}",2,True,active,0.10519,1.926908,0.089744,0.0,0.0,1.51,0.99,1.9,15.0,0.10519,1.444,1.62,
exp17i_limits_ablation,ablationnone__ballspeed7__noplot__servebox,"{""--ablation"": ""none"", ""--ball-speed"": 7, ""--no-plot"": null, ""--serve-box"": null}",3,True,active,0.104729,1.913675,0.073937,0.0,0.0,1.23,1.0,1.5,20.0,0.104729,0.747,1.49,
exp17i_limits_ablation,ablationsoftmin_only__ballspeed7__noplot__servebox,"{""--ablation"": ""softmin_only"", ""--ball-speed"": 7, ""--no-plot"": null, ""--serve-box"": null}",397,True,active,0.110942,1.989958,0.110942,35.0,105.0,1.79,1.0,1.7,20.0,0.110942,1.718,2.71,
exp17i_limits_ablation,ablationnone__ballspeed7__noplot__servebox,"{""--ablation"": ""none"", ""--ball-speed"": 7, ""--no-plot"": null, ""--serve-box"": null}",8,False,miss,0.320112,1.946138,0.137884,35.0,0.0,1.42,0.99,1.4,0.0,0.320112,0.0,1.44,
exp17i_limits_ablation,ablationsoftmin_only__ballspeed7__noplot__servebox,"{""--ablation"": ""softmin_only"", ""--ball-speed"": 7, ""--no-plot"": null, ""--serve-box"": null}",396,True,active,0.030793,1.970241,0.030793,45.0,105.0,1.79,1.0,1.6,25.0,0.030793,1.503,2.89,
exp17i_limits_ablation,ablationnone__ballspeed7__noplot__servebox,"{""--ablation"": ""none"", ""--ball-speed"": 7, ""--no-plot"": null, ""--serve-box"": null}",9,False,miss,0.337523,1.94616,0.158816,25.0,0.0,1.35,1.0,1.9,0.0,0.337523,0.0,1.53,
exp17i_limits_ablation,ablationnone__ballspeed7__noplot__servebox,"{""--ablation"": ""none"", ""--ball-speed"": 7, ""--no-plot"": null, ""--serve-box"": null}",4,True,active,0.082505,1.975702,0.082505,20.0,0.0,1.76,0.99,1.7,20.0,0.082505,1.757,2.33,
exp17i_limits_ablation,ablationnone__ballspeed7__noplot__servebox,"{""--ablation"": ""none"", ""--ball-speed"": 7, ""--no-plot"": null, ""--serve-box"": null}",5,True,active,0.069336,2.005655,0.049908,0.0,0.0,1.63,0.95,1.2,25.0,0.069336,1.462,2.14,
exp17i_limits_ablation,ablationnone__ballspeed7__noplot__servebox,"{""--ablation"": ""none"", ""--ball-speed"": 7, ""--no-plot"": null, ""--serve-box"": null}",11,True,active,0.094857,1.954077,0.027234,0.0,0.0,1.81,0.99,2.3,30.0,0.094857,1.559,1.52,
exp17i_limits_ablation,ablationnone__ballspeed7__noplot__servebox,"{""--ablation"": ""none"", ""--ball-speed"": 7, ""--no-plot"": null, ""--serve-box"": null}",21,,,,,,,,,,,,,,0.21,no_result
exp17i_limits_ablation,ablationnone__ballspeed7__noplot__servebox,"{""--ablation"": ""none"", ""--ball-speed"": 7, ""--no-plot"": null, ""--serve-box"": null}",20,,,,,,,,,,,,,,0.29,no_result
exp17i_limits_ablation,ablationnone__ballspeed7__noplot__servebox,"{""--ablation"": ""none"", ""--ball-speed"": 7, ""--no-plot"": null, ""--serve-box"": null}",12,True,active,0.059749,1.976069,0.047352,0.0,0.0,1.34,0.99,1.4,20.0,0.059749,0.939,1.49,
exp17i_limits_ablation,ablationsoftmin_only__ballspeed7__noplot__servebox,"{""--ablation"": ""softmin_only"", ""--ball-speed"": 7, ""--no-plot"": null, ""--serve-box"": null}",400,True,active,0.098654,1.973081,0.098654,40.0,105.0,1.74,0.99,1.7,25.0,0.098654,0.812,3.06,
exp17i_limits_ablation,ablationnone__ballspeed7__noplot__servebox,"{""--ablation"": ""none"", ""--ball-speed"": 7, ""--no-plot"": null, ""--serve-box"": null}",6,True,active,0.132807,1.947909,0.115521,55.0,0.0,1.05,1.0,1.3,5.0,0.132807,0.68,2.43,
exp17i_limits_ablation,ablationnone__ballspeed7__noplot__servebox,"{""--ablation"": ""none"", ""--ball-speed"": 7, ""--no-plot"": null, ""--serve-box"": null}",7,True,active,0.10449,1.929481,0.08549,0.0,0.0,1.1,0.97,1.1,15.0,0.10449,0.747,2.51,
exp17i_limits_ablation,ablationnone__ballspeed7__noplot__servebox,"{""--ablation"": ""none"", ""--ball-speed"": 7, ""--no-plot"": null, ""--serve-box"": null}",14,True,active,0.104431,1.919637,0.103249,50.0,0.0,1.58,0.99,1.6,5.0,0.104431,0.521,1.51,
exp17i_limits_ablation,ablationnone__ballspeed7__noplot__servebox,"{""--ablation"": ""none"", ""--ball-speed"": 7, ""--no-plot"": null, ""--serve-box"": null}",27,,,,,,,,,,,,,,0.25,no_result
exp17i_limits_ablation,ablationnone__ballspeed7__noplot__servebox,"{""--ablation"": ""none"", ""--ball-speed"": 7, ""--no-plot"": null, ""--serve-box"": null}",15,True,active,0.036711,1.970607,0.036711,50.0,0.0,1.79,1.0,1.3,5.0,0.036711,0.424,1.71,
exp17i_limits_ablation,ablationnone__ballspeed7__noplot__servebox,"{""--ablation"": ""none"", ""--ball-speed"": 7, ""--no-plot"": null, ""--serve-box"": null}",18,True,active,0.027841,1.985399,0.027841,45.0,0.0,1.69,0.99,1.6,15.0,0.027841,1.004,1.51,
exp17i_limits_ablation,ablationnone__ballspeed7__noplot__servebox,"{""--ablation"": ""none"", ""--ball-speed"": 7, ""--no-plot"": null, ""--serve-box"": null}",10,True,active,0.063199,1.944432,0.063199,50.0,0.0,1.38,0.98,1.3,10.0,0.063199,1.118,2.53,
exp17i_limits_ablation,ablationnone__ballspeed7__noplot__servebox,"{""--ablation"": ""none"", ""--ball-speed"": 7, ""--no-plot"": null, ""--serve-box"": null}",19,True,active,0.103481,1.93861,0.07171,0.0,0.0,1.58,1.0,1.2,10.0,0.103481,1.481,1.48,
exp17i_limits_ablation,ablationnone__ballspeed7__noplot__servebox,"{""--ablation"": ""none"", ""--ball-speed"": 7, ""--no-plot"": null, ""--serve-box"": null}",13,True,active,0.079531,1.973268,0.030838,0.0,0.0,1.79,0.97,1.6,25.0,0.079531,1.562,2.36,
exp17i_limits_ablation,ablationnone__ballspeed7__noplot__servebox,"{""--ablation"": ""none"", ""--ball-speed"": 7, ""--no-plot"": null, ""--serve-box"": null}",17,True,active,0.121111,1.964758,0.105072,45.0,0.0,1.51,0.99,1.6,15.0,0.121111,1.296,1.94,
exp17i_limits_ablation,ablationnone__ballspeed7__noplot__servebox,"{""--ablation"": ""none"", ""--ball-speed"": 7, ""--no-plot"": null, ""--serve-box"": null}",16,True,active,0.083098,1.951458,0.019088,0.0,0.0,1.76,1.0,1.8,20.0,0.083098,1.627,2.48,
exp17i_limits_ablation,ablationnone__ballspeed7__noplot__servebox,"{""--ablation"": ""none"", ""--ball-speed"": 7, ""--no-plot"": null, ""--serve-box"": null}",22,True,active,0.05913,2.026906,0.05913,0.0,0.0,1.81,0.97,1.8,25.0,0.05913,1.774,1.65,
exp17i_limits_ablation,ablationnone__ballspeed7__noplot__servebox,"{""--ablation"": ""none"", ""--ball-speed"": 7, ""--no-plot"": null, ""--serve-box"": null}",24,True,active,0.126481,1.937277,0.103937,15.0,0.0,1.45,1.0,1.7,20.0,0.126481,1.147,1.53,
exp17i_limits_ablation,ablationnone__ballspeed7__noplot__servebox,"{""--ablation"": ""none"", ""--ball-speed"": 7, ""--no-plot"": null, ""--serve-box"": null}",26,True,active,0.032288,1.907553,0.028576,0.0,0.0,1.51,0.98,1.7,20.0,0.032288,1.408,1.53,
exp17i_limits_ablation,ablationnone__ballspeed7__noplot__servebox,"{""--ablation"": ""none"", ""--ball-speed"": 7, ""--no-plot"": null, ""--serve-box"": null}",30,True,active,0.120914,1.905213,0.100295,55.0,0.0,1.05,0.99,1.3,10.0,0.120914,0.873,1.55,
exp17i_limits_ablation,ablationnone__ballspeed7__noplot__servebox,"{""--ablation"": ""none"", ""--ball-speed"": 7, ""--no-plot"": null, ""--serve-box"": null}",32,True,active,0.061239,1.954634,0.061239,40.0,0.0,1.67,1.0,1.6,5.0,0.061239,1.131,1.54,
exp17i_limits_ablation,ablationnone__ballspeed7__noplot__servebox,"{""--ablation"": ""none"", ""--ball-speed"": 7, ""--no-plot"": null, ""--serve-box"": null}",33,True,active,0.124302,1.92764,0.121679,45.0,0.0,1.47,1.0,1.3,5.0,0.124302,0.511,1.48,
exp17i_limits_ablation,ablationnone__ballspeed7__noplot__servebox,"{""--ablation"": ""none"", ""--ball-speed"": 7, ""--no-plot"": null, ""--serve-box"": null}",36,True,active,0.124811,1.936289,0.098021,0.0,0.0,1.74,0.95,1.8,20.0,0.124811,1.45,1.47,
exp17i_limits_ablation,ablationnone__ballspeed7__noplot__servebox,"{""--ablation"": ""none"", ""--ball-speed"": 7, ""--no-plot"": null, ""--serve-box"": null}",28,True,active,0.124927,1.950921,0.102238,5.0,0.0,1.38,0.99,1.8,20.0,0.124927,1.385,2.47,
exp17i_limits_ablation,ablationnone__ballspeed7__noplot__servebox,"{""--ablation"": ""none"", ""--ball-speed"": 7, ""--no-plot"": null, ""--serve-box"": null}",37,True,active,0.098863,1.895996,0.098863,45.0,0.0,1.12,0.99,1.6,5.0,0.098863,0.333,1.49,
exp17i_limits_ablation,ablationnone__ballspeed7__noplot__servebox,"{""--ablation"": ""none"", ""--ball-speed"": 7, ""--no-plot"": null, ""--serve-box"": null}",31,False,miss,0.31361,1.949206,0.155555,30.0,0.0,1.44,1.0,1.4,0.0,0.31361,0.0,2.49,
exp17i_limits_ablation,ablationnone__ballspeed7__noplot__servebox,"{""--ablation"": ""none"", ""--ball-speed"": 7, ""--no-plot"": null, ""--serve-box"": null}",23,True,active,0.06145,1.998716,0.053057,45.0,0.0,1.8,0.99,1.4,15.0,0.06145,1.532,3.04,
exp17i_limits_ablation,ablationnone__ballspeed7__noplot__servebox,"{""--ablation"": ""none"", ""--ball-speed"": 7, ""--no-plot"": null, ""--serve-box"": null}",39,True,active,0.069841,1.948628,0.03907,0.0,0.0,1.63,0.99,1.4,20.0,0.069841,1.617,1.5,
exp17i_limits_ablation,ablationnone__ballspeed7__noplot__servebox,"{""--ablation"": ""none"", ""--ball-speed"": 7, ""--no-plot"": null, ""--serve-box"": null}",40,True,active,0.068743,1.963193,0.060594,50.0,0.0,1.77,1.0,1.6,15.0,0.068743,1.769,1.49,
exp17i_limits_ablation,ablationnone__ballspeed7__noplot__servebox,"{""--ablation"": ""none"", ""--ball-speed"": 7, ""--no-plot"": null, ""--serve-box"": null}",25,True,active,0.130886,1.920179,0.120117,0.0,0.0,1.77,1.0,1.8,20.0,0.130886,1.664,3.03,
exp17i_limits_ablation,ablationnone__ballspeed7__noplot__servebox,"{""--ablation"": ""none"", ""--ball-speed"": 7, ""--no-plot"": null, ""--serve-box"": null}",41,True,active,0.11731,1.96321,0.114998,50.0,0.0,1.0,1.0,1.3,10.0,0.11731,0.322,1.52,
exp17i_limits_ablation,ablationnone__ballspeed7__noplot__servebox,"{""--ablation"": ""none"", ""--ball-speed"": 7, ""--no-plot"": null, ""--serve-box"": null}",29,True,active,0.085913,1.939535,0.051915,0.0,0.0,1.58,0.99,1.2,20.0,0.085913,1.244,3.05,
exp17i_limits_ablation,ablationnone__ballspeed7__noplot__servebox,"{""--ablation"": ""none"", ""--ball-speed"": 7, ""--no-plot"": null, ""--serve-box"": null}",42,False,miss,0.3755,1.94785,0.1076,0.0,0.0,1.77,0.99,2.0,0.0,0.3755,0.0,1.59,
exp17i_limits_ablation,ablationnone__ballspeed7__noplot__servebox,"{""--ablation"": ""none"", ""--ball-speed"": 7, ""--no-plot"": null, ""--serve-box"": null}",34,True,active,0.074499,1.967206,0.063797,25.0,0.0,1.79,0.96,2.0,25.0,0.074499,1.785,2.56,
exp17i_limits_ablation,ablationnone__ballspeed7__noplot__servebox,"{""--ablation"": ""none"", ""--ball-speed"": 7, ""--no-plot"": null, ""--serve-box"": null}",38,True,active,0.114952,1.95806,0.104964,0.0,0.0,1.43,0.99,1.9,20.0,0.114952,1.028,2.07,
exp17i_limits_ablation,ablationnone__ballspeed7__noplot__servebox,"{""--ablation"": ""none"", ""--ball-speed"": 7, ""--no-plot"": null, ""--serve-box"": null}",43,False,miss,0.360869,1.94836,0.107963,0.0,0.0,1.72,1.0,2.1,0.0,0.360869,0.0,1.53,
exp17i_limits_ablation,ablationnone__ballspeed7__noplot__servebox,"{""--ablation"": ""none"", ""--ball-speed"": 7, ""--no-plot"": null, ""--serve-box"": null}",35,True,active,0.102222,1.988717,0.067928,0.0,0.0,1.8,1.0,1.4,30.0,0.102222,1.792,3.06,
exp17i_limits_ablation,ablationnone__ballspeed7__noplot__servebox,"{""--ablation"": ""none"", ""--ball-speed"": 7, ""--no-plot"": null, ""--serve-box"": null}",46,True,active,0.06926,1.960753,0.06926,40.0,0.0,1.75,0.97,1.9,15.0,0.06926,1.753,1.57,
exp17i_limits_ablation,ablationnone__ballspeed7__noplot__servebox,"{""--ablation"": ""none"", ""--ball-speed"": 7, ""--no-plot"": null, ""--serve-box"": null}",48,True,active,0.089774,1.929985,0.089774,45.0,0.0,1.43,0.99,1.5,10.0,0.089774,0.594,1.53,
exp17i_limits_ablation,ablationnone__ballspeed7__noplot__servebox,"{""--ablation"": ""none"", ""--ball-speed"": 7, ""--no-plot"": null, ""--serve-box"": null}",49,True,active,0.104693,1.968615,0.095009,50.0,0.0,1.22,1.0,1.3,15.0,0.104693,1.047,1.57,
exp17i_limits_ablation,ablationnone__ballspeed7__noplot__servebox,"{""--ablation"": ""none"", ""--ball-speed"": 7, ""--no-plot"": null, ""--serve-box"": null}",52,True,active,0.086845,2.009893,0.06341,0.0,0.0,1.53,1.0,1.2,20.0,0.086845,1.105,1.52,
exp17i_limits_ablation,ablationnone__ballspeed7__noplot__servebox,"{""--ablation"": ""none"", ""--ball-speed"": 7, ""--no-plot"": null, ""--serve-box"": null}",54,False,miss,0.336056,1.931975,0.092785,0.0,0.0,1.79,0.95,1.7,0.0,0.336056,0.0,1.49,
exp17i_limits_ablation,ablationnone__ballspeed7__noplot__servebox,"{""--ablation"": ""none"", ""--ball-speed"": 7, ""--no-plot"": null, ""--serve-box"": null}",44,False,miss,0.325537,1.951885,0.0955,0.0,0.0,1.32,0.99,1.6,0.0,0.325537,0.0,2.53,
exp17i_limits_ablation,ablationnone__ballspeed7__noplot__servebox,"{""--ablation"": ""none"", ""--ball-speed"": 7, ""--no-plot"": null, ""--serve-box"": null}",56,True,active,0.092079,1.950919,0.076647,45.0,0.0,1.76,1.0,1.6,0.0,0.092079,0.88,1.54,
exp17i_limits_ablation,ablationnone__ballspeed7__noplot__servebox,"{""--ablation"": ""none"", ""--ball-speed"": 7, ""--no-plot"": null, ""--serve-box"": null}",57,True,active,0.033722,2.04667,0.033722,0.0,0.0,1.69,1.0,1.4,15.0,0.033722,0.892,1.63,
exp17i_limits_ablation,ablationnone__ballspeed7__noplot__servebox,"{""--ablation"": ""none"", ""--ball-speed"": 7, ""--no-plot"": null, ""--serve-box"": null}",45,True,active,0.091236,1.993601,0.083475,45.0,0.0,1.8,0.97,1.9,20.0,0.091236,1.798,2.72,
exp17i_limits_ablation,ablationnone__ballspeed7__noplot__servebox,"{""--ablation"": ""none"", ""--ball-speed"": 7, ""--no-plot"": null, ""--serve-box"": null}",58,False,miss,0.296922,1.89096,0.071402,0.0,0.0,1.81,0.99,1.4,0.0,0.296922,0.0,1.64,
exp17i_limits_ablation,ablationnone__ballspeed7__noplot__servebox,"{""--ablation"": ""none"", ""--ball-speed"": 7, ""--no-plot"": null, ""--serve-box"": null}",53,True,active,0.068059,2.017226,0.041332,0.0,0.0,1.8,1.0,1.6,30.0,0.068059,1.71,2.29,
exp17i_limits_ablation,ablationnone__ballspeed7__noplot__servebox,"{""--ablation"": ""none"", ""--ball-speed"": 7, ""--no-plot"": null, ""--serve-box"": null}",50,True,active,0.106396,1.921197,0.045403,0.0,0.0,1.41,1.0,1.3,20.0,0.106396,1.411,2.62,
exp17i_limits_ablation,ablationnone__ballspeed7__noplot__servebox,"{""--ablation"": ""none"", ""--ball-speed"": 7, ""--no-plot"": null, ""--serve-box"": null}",47,True,active,0.023814,1.955309,0.023814,50.0,0.0,1.42,0.97,1.3,10.0,0.023814,0.818,3.0,
exp17i_limits_ablation,ablationnone__ballspeed7__noplot__servebox,"{""--ablation"": ""none"", ""--ball-speed"": 7, ""--no-plot"": null, ""--serve-box"": null}",61,True,active,0.098007,1.938535,0.097214,40.0,0.0,1.77,0.99,2.1,20.0,0.098007,1.77,1.56,
exp17i_limits_ablation,ablationnone__ballspeed7__noplot__servebox,"{""--ablation"": ""none"", ""--ball-speed"": 7, ""--no-plot"": null, ""--serve-box"": null}",63,True,active,0.078234,1.964306,0.019771,0.0,0.0,1.41,1.0,1.1,15.0,0.078234,1.247,1.43,
exp17i_limits_ablation,ablationnone__ballspeed7__noplot__servebox,"{""--ablation"": ""none"", ""--ball-speed"": 7, ""--no-plot"": null, ""--serve-box"": null}",51,False,miss,0.376942,1.919418,0.153928,0.0,0.0,1.73,1.0,2.2,0.0,0.376942,0.0,3.0,
exp17i_limits_ablation,ablationnone__ballspeed7__noplot__servebox,"{""--ablation"": ""none"", ""--ball-speed"": 7, ""--no-plot"": null, ""--serve-box"": null}",62,True,active,0.017646,1.970895,0.017646,50.0,0.0,1.38,1.0,1.4,5.0,0.017646,0.512,1.52,
exp17i_limits_ablation,ablationnone__ballspeed7__noplot__servebox,"{""--ablation"": ""none"", ""--ball-speed"": 7, ""--no-plot"": null, ""--serve-box"": null}",60,True,active,0.115319,1.90923,0.109849,40.0,0.0,1.8,1.0,1.8,10.0,0.115319,1.06,2.07,
exp17i_limits_ablation,ablationnone__ballspeed7__noplot__servebox,"{""--ablation"": ""none"", ""--ball-speed"": 7, ""--no-plot"": null, ""--serve-box"": null}",64,True,active,0.085377,1.925584,0.085377,40.0,0.0,1.7,0.99,1.6,15.0,0.085377,1.397,1.49,
exp17i_limits_ablation,ablationnone__ballspeed7__noplot__servebox,"{""--ablation"": ""none"", ""--ball-speed"": 7, ""--no-plot"": null, ""--serve-box"": null}",55,True,active,0.097867,1.943361,0.092658,15.0,0.0,1.44,0.99,1.4,15.0,0.097867,1.443,2.85,
exp17i_limits_ablation,ablationnone__ballspeed7__noplot__servebox,"{""--ablation"": ""none"", ""--ball-speed"": 7, ""--no-plot"": null, ""--serve-box"": null}",59,True,active,0.096963,1.950989,0.038127,0.0,0.0,1.39,0.99,1.4,20.0,0.096963,1.148,2.39,
exp17i_limits_ablation,ablationnone__ballspeed7__noplot__servebox,"{""--ablation"": ""none"", ""--ball-speed"": 7, ""--no-plot"": null, ""--serve-box"": null}",66,True,active,0.055035,1.965273,0.055035,50.0,0.0,1.79,0.94,1.4,10.0,0.055035,1.781,1.48,
exp17i_limits_ablation,ablationnone__ballspeed7__noplot__servebox,"{""--ablation"": ""none"", ""--ball-speed"": 7, ""--no-plot"": null, ""--serve-box"": null}",65,True,active,0.088182,1.954831,0.088182,45.0,0.0,1.62,1.0,1.4,10.0,0.088182,0.672,1.7,
exp17i_limits_ablation,ablationnone__ballspeed7__noplot__servebox,"{""--ablation"": ""none"", ""--ball-speed"": 7, ""--no-plot"": null, ""--serve-box"": null}",69,True,active,0.125633,1.949552,0.120204,40.0,0.0,1.75,1.0,1.8,20.0,0.125633,1.754,1.52,
exp17i_limits_ablation,ablationnone__ballspeed7__noplot__servebox,"{""--ablation"": ""none"", ""--ball-speed"": 7, ""--no-plot"": null, ""--serve-box"": null}",68,True,active,0.097013,1.95381,0.042956,0.0,0.0,1.39,1.0,1.1,15.0,0.097013,0.981,1.69,
exp17i_limits_ablation,ablationnone__ballspeed7__noplot__servebox,"{""--ablation"": ""none"", ""--ball-speed"": 7, ""--no-plot"": null, ""--serve-box"": null}",71,False,miss,0.340886,1.962223,0.139803,0.0,0.0,1.26,1.0,1.3,0.0,0.340886,0.0,1.55,
exp17i_limits_ablation,ablationnone__ballspeed7__noplot__servebox,"{""--ablation"": ""none"", ""--ball-speed"": 7, ""--no-plot"": null, ""--serve-box"": null}",73,False,miss,0.336662,1.896705,0.174444,15.0,0.0,0.92,0.99,1.2,0.0,0.336662,0.0,1.51,
exp17i_limits_ablation,ablationnone__ballspeed7__noplot__servebox,"{""--ablation"": ""none"", ""--ball-speed"": 7, ""--no-plot"": null, ""--serve-box"": null}",70,True,active,0.109623,1.932405,0.094512,55.0,0.0,1.19,1.0,1.3,10.0,0.109623,1.034,2.16,
exp17i_limits_ablation,ablationnone__ballspeed7__noplot__servebox,"{""--ablation"": ""none"", ""--ball-speed"": 7, ""--no-plot"": null, ""--serve-box"": null}",79,False,miss,0.324534,1.910266,0.104604,0.0,0.0,1.79,0.98,2.0,0.0,0.324534,0.0,1.48,
exp17i_limits_ablation,ablationnone__ballspeed7__noplot__servebox,"{""--ablation"": ""none"", ""--ball-speed"": 7, ""--no-plot"": null, ""--serve-box"": null}",67,False,miss,0.335343,1.964228,0.122654,0.0,0.0,1.51,1.0,1.3,0.0,0.335343,0.0,2.7,
exp17i_limits_ablation,ablationnone__ballspeed7__noplot__servebox,"{""--ablation"": ""none"", ""--ball-speed"": 7, ""--no-plot"": null, ""--serve-box"": null}",77,True,active,0.080185,1.979367,0.014515,0.0,0.0,1.86,1.0,1.3,25.0,0.080185,1.564,1.65,
exp17i_limits_ablation,ablationnone__ballspeed7__noplot__servebox,"{""--ablation"": ""none"", ""--ball-speed"": 7, ""--no-plot"": null, ""--serve-box"": null}",81,True,active,0.077612,1.954584,0.055985,50.0,0.0,1.41,1.0,1.5,10.0,0.077612,1.245,1.43,
exp17i_limits_ablation,ablationnone__ballspeed7__noplot__servebox,"{""--ablation"": ""none"", ""--ball-speed"": 7, ""--no-plot"": null, ""--serve-box"": null}",78,True,active,0.067682,1.92285,0.067682,45.0,0.0,1.49,0.99,1.9,20.0,0.067682,1.305,1.75,
exp17i_limits_ablation,ablationnone__ballspeed7__noplot__servebox,"{""--ablation"": ""none"", ""--ball-speed"": 7, ""--no-plot"": null, ""--serve-box"": null}",72,True,active,0.084861,1.925043,0.084861,50.0,0.0,1.12,0.99,1.3,5.0,0.084861,0.333,2.65,
exp17i_limits_ablation,ablationnone__ballspeed7__noplot__servebox,"{""--ablation"": ""none"", ""--ball-speed"": 7, ""--no-plot"": null, ""--serve-box"": null}",84,True,active,0.091075,1.93724,0.029785,0.0,0.0,1.53,1.0,1.3,15.0,0.091075,1.528,1.63,
exp17i_limits_ablation,ablationnone__ballspeed7__noplot__servebox,"{""--ablation"": ""none"", ""--ball-speed"": 7, ""--no-plot"": null, ""--serve-box"": null}",83,False,miss,0.332038,1.944812,0.165588,20.0,0.0,1.03,0.99,1.4,0.0,0.332038,0.0,1.71,
exp17i_limits_ablation,ablationnone__ballspeed7__noplot__servebox,"{""--ablation"": ""none"", ""--ball-speed"": 7, ""--no-plot"": null, ""--serve-box"": null}",82,True,active,0.091644,1.942436,0.082341,35.0,0.0,1.8,0.97,2.2,15.0,0.091644,1.761,2.04,
exp17i_limits_ablation,ablationnone__ballspeed7__noplot__servebox,"{""--ablation"": ""none"", ""--ball-speed"": 7, ""--no-plot"": null, ""--serve-box"": null}",85,True,active,0.067377,1.968489,0.052855,0.0,0.0,1.8,1.0,1.7,25.0,0.067377,1.757,1.49,
exp17i_limits_ablation,ablationnone__ballspeed7__noplot__servebox,"{""--ablation"": ""none"", ""--ball-speed"": 7, ""--no-plot"": null, ""--serve-box"": null}",74,True,active,0.094584,1.928656,0.094584,45.0,0.0,1.36,0.99,1.6,5.0,0.094584,1.004,3.03,
exp17i_limits_ablation,ablationnone__ballspeed7__noplot__servebox,"{""--ablation"": ""none"", ""--ball-speed"": 7, ""--no-plot"": null, ""--serve-box"": null}",76,True,active,0.057351,1.951611,0.056348,0.0,0.0,1.79,0.98,1.9,30.0,0.057351,1.786,3.03,
exp17i_limits_ablation,ablationnone__ballspeed7__noplot__servebox,"{""--ablation"": ""none"", ""--ball-speed"": 7, ""--no-plot"": null, ""--serve-box"": null}",75,True,active,0.135833,1.920215,0.135833,0.0,0.0,1.75,0.99,2.3,20.0,0.135833,1.614,3.05,
exp17i_limits_ablation,ablationnone__ballspeed7__noplot__servebox,"{""--ablation"": ""none"", ""--ball-speed"": 7, ""--no-plot"": null, ""--serve-box"": null}",87,True,active,0.126977,1.936839,0.115041,45.0,0.0,1.19,0.98,1.3,15.0,0.126977,0.787,1.51,
exp17i_limits_ablation,ablationnone__ballspeed7__noplot__servebox,"{""--ablation"": ""none"", ""--ball-speed"": 7, ""--no-plot"": null, ""--serve-box"": null}",88,True,active,0.113784,1.945192,0.08801,20.0,0.0,1.16,0.98,1.5,10.0,0.113784,0.706,1.49,
exp17i_limits_ablation,ablationnone__ballspeed7__noplot__servebox,"{""--ablation"": ""none"", ""--ball-speed"": 7, ""--no-plot"": null, ""--serve-box"": null}",89,True,active,0.055699,1.971004,0.055699,0.0,0.0,1.7,0.9,1.7,10.0,0.055699,1.699,1.56,
exp17i_limits_ablation,ablationnone__ballspeed7__noplot__servebox,"{""--ablation"": ""none"", ""--ball-speed"": 7, ""--no-plot"": null, ""--serve-box"": null}",80,False,miss,0.329356,1.930151,0.157229,25.0,0.0,1.27,0.99,1.3,0.0,0.329356,0.0,3.03,
exp17i_limits_ablation,ablationnone__ballspeed7__noplot__servebox,"{""--ablation"": ""none"", ""--ball-speed"": 7, ""--no-plot"": null, ""--serve-box"": null}",90,False,miss,0.306096,1.939739,0.137113,35.0,0.0,1.44,1.0,1.3,0.0,0.306096,0.0,1.69,
exp17i_limits_ablation,ablationnone__ballspeed7__noplot__servebox,"{""--ablation"": ""none"", ""--ball-speed"": 7, ""--no-plot"": null, ""--serve-box"": null}",86,True,active,0.052679,1.99119,0.047309,0.0,0.0,1.77,1.0,1.6,20.0,0.052679,1.537,2.2,
exp17i_limits_ablation,ablationnone__ballspeed7__noplot__servebox,"{""--ablation"": ""none"", ""--ball-speed"": 7, ""--no-plot"": null, ""--serve-box"": null}",93,False,miss,0.337389,1.955184,0.155441,25.0,0.0,1.29,0.99,1.7,0.0,0.337389,0.0,1.48,
exp17i_limits_ablation,ablationnone__ballspeed7__noplot__servebox,"{""--ablation"": ""none"", ""--ball-speed"": 7, ""--no-plot"": null, ""--serve-box"": null}",96,True,active,0.092794,1.943317,0.088472,45.0,0.0,1.76,0.97,1.5,15.0,0.092794,1.579,1.49,
exp17i_limits_ablation,ablationnone__ballspeed7__noplot__servebox,"{""--ablation"": ""none"", ""--ball-speed"": 7, ""--no-plot"": null, ""--serve-box"": null}",94,True,active,0.092587,2.047316,0.076609,40.0,0.0,1.75,1.0,1.5,5.0,0.092587,0.925,1.73,
exp17i_limits_ablation,ablationnone__ballspeed7__noplot__servebox,"{""--ablation"": ""none"", ""--ball-speed"": 7, ""--no-plot"": null, ""--serve-box"": null}",101,True,active,0.118402,1.928486,0.113582,45.0,0.0,1.17,1.0,1.4,15.0,0.118402,0.76,1.44,
exp17i_limits_ablation,ablationnone__ballspeed7__noplot__servebox,"{""--ablation"": ""none"", ""--ball-speed"": 7, ""--no-plot"": null, ""--serve-box"": null}",98,True,active,0.092461,1.884213,0.063731,0.0,0.0,1.75,0.97,1.4,20.0,0.092461,1.592,1.54,
exp17i_limits_ablation,ablationnone__ballspeed7__noplot__servebox,"{""--ablation"": ""none"", ""--ball-speed"": 7, ""--no-plot"": null, ""--serve-box"": null}",91,True,active,0.133291,1.920985,0.126304,45.0,0.0,1.76,1.0,1.9,10.0,0.133291,0.502,2.69,
exp17i_limits_ablation,ablationnone__ballspeed7__noplot__servebox,"{""--ablation"": ""none"", ""--ball-speed"": 7, ""--no-plot"": null, ""--serve-box"": null}",100,True,active,0.111421,1.945204,0.079179,50.0,0.0,1.51,0.98,1.3,15.0,0.111421,0.892,1.63,
exp17i_limits_ablation,ablationnone__ballspeed7__noplot__servebox,"{""--ablation"": ""none"", ""--ball-speed"": 7, ""--no-plot"": null, ""--serve-box"": null}",97,True,active,0.115401,1.950659,0.079296,0.0,0.0,1.76,0.99,1.6,25.0,0.115401,1.435,2.07,
exp17i_limits_ablation,ablationnone__ballspeed7__noplot__servebox,"{""--ablation"": ""none"", ""--ball-speed"": 7, ""--no-plot"": null, ""--serve-box"": null}",102,True,active,0.037889,1.956977,0.037889,50.0,0.0,1.8,0.99,1.9,0.0,0.037889,0.487,1.62,
exp17i_limits_ablation,ablationnone__ballspeed7__noplot__servebox,"{""--ablation"": ""none"", ""--ball-speed"": 7, ""--no-plot"": null, ""--serve-box"": null}",103,False,miss,0.35032,1.905368,0.153497,30.0,0.0,1.75,0.99,1.9,0.0,0.35032,0.0,1.58,
exp17i_limits_ablation,ablationnone__ballspeed7__noplot__servebox,"{""--ablation"": ""none"", ""--ball-speed"": 7, ""--no-plot"": null, ""--serve-box"": null}",92,True,active,0.066658,1.970328,0.058465,0.0,0.0,1.44,1.0,1.6,15.0,0.066658,1.043,3.14,
exp17i_limits_ablation,ablationnone__ballspeed7__noplot__servebox,"{""--ablation"": ""none"", ""--ball-speed"": 7, ""--no-plot"": null, ""--serve-box"": null}",95,True,active,0.096569,1.953279,0.085623,0.0,0.0,1.72,1.0,1.5,20.0,0.096569,1.48,2.66,
exp17i_limits_ablation,ablationnone__ballspeed7__noplot__servebox,"{""--ablation"": ""none"", ""--ball-speed"": 7, ""--no-plot"": null, ""--serve-box"": null}",105,True,active,0.070003,1.945838,0.068455,20.0,0.0,1.43,0.98,1.3,20.0,0.070003,1.262,1.74,
exp17i_limits_ablation,ablationnone__ballspeed7__noplot__servebox,"{""--ablation"": ""none"", ""--ball-speed"": 7, ""--no-plot"": null, ""--serve-box"": null}",104,True,active,0.076911,1.958781,0.076904,45.0,0.0,1.44,0.99,1.6,15.0,0.076911,0.887,2.03,
exp17i_limits_ablation,ablationnone__ballspeed7__noplot__servebox,"{""--ablation"": ""none"", ""--ball-speed"": 7, ""--no-plot"": null, ""--serve-box"": null}",107,True,active,0.08315,1.947056,0.08315,45.0,0.0,1.4,0.99,1.6,5.0,0.08315,0.583,1.69,
exp17i_limits_ablation,ablationnone__ballspeed7__noplot__servebox,"{""--ablation"": ""none"", ""--ball-speed"": 7, ""--no-plot"": null, ""--serve-box"": null}",108,True,active,0.021001,1.977088,0.021001,15.0,0.0,1.5,0.99,1.9,15.0,0.021001,0.672,1.5,
exp17i_limits_ablation,ablationnone__ballspeed7__noplot__servebox,"{""--ablation"": ""none"", ""--ball-speed"": 7, ""--no-plot"": null, ""--serve-box"": null}",110,False,miss,0.314618,1.922068,0.153366,0.0,0.0,0.92,1.0,1.3,0.0,0.314618,0.0,1.57,
exp17i_limits_ablation,ablationnone__ballspeed7__noplot__servebox,"{""--ablation"": ""none"", ""--ball-speed"": 7, ""--no-plot"": null, ""--serve-box"": null}",99,True,active,0.02675,1.965161,0.02675,45.0,0.0,1.62,0.97,2.1,15.0,0.02675,1.531,3.06,
exp17i_limits_ablation,ablationnone__ballspeed7__noplot__servebox,"{""--ablation"": ""none"", ""--ball-speed"": 7, ""--no-plot"": null, ""--serve-box"": null}",112,False,miss,0.287113,1.897444,0.08522,0.0,0.0,1.27,1.0,1.2,0.0,0.287113,0.0,1.53,
exp17i_limits_ablation,ablationnone__ballspeed7__noplot__servebox,"{""--ablation"": ""none"", ""--ball-speed"": 7, ""--no-plot"": null, ""--serve-box"": null}",115,False,miss,0.344914,1.935376,0.15244,25.0,0.0,1.66,0.99,1.9,0.0,0.344914,0.0,1.57,
exp17i_limits_ablation,ablationnone__ballspeed7__noplot__servebox,"{""--ablation"": ""none"", ""--ball-speed"": 7, ""--no-plot"": null, ""--serve-box"": null}",106,True,active,0.08167,1.928753,0.08167,40.0,0.0,1.58,0.98,1.8,10.0,0.08167,1.171,3.02,
exp17i_limits_ablation,ablationnone__ballspeed7__noplot__servebox,"{""--ablation"": ""none"", ""--ball-speed"": 7, ""--no-plot"": null, ""--serve-box"": null}",116,True,active,0.039098,1.931315,0.028441,55.0,0.0,1.8,0.98,1.8,20.0,0.039098,1.392,1.69,
exp17i_limits_ablation,ablationnone__ballspeed7__noplot__servebox,"{""--ablation"": ""none"", ""--ball-speed"": 7, ""--no-plot"": null, ""--serve-box"": null}",118,True,active,0.08918,1.955769,0.081478,45.0,0.0,1.54,0.97,1.6,15.0,0.08918,1.203,1.54,
exp17i_limits_ablation,ablationnone__ballspeed7__noplot__servebox,"{""--ablation"": ""none"", ""--ball-speed"": 7, ""--no-plot"": null, ""--serve-box"": null}",117,True,active,0.06133,1.940756,0.06133,50.0,0.0,1.32,0.99,1.7,5.0,0.06133,0.415,1.72,
exp17i_limits_ablation,ablationnone__ballspeed7__noplot__servebox,"{""--ablation"": ""none"", ""--ball-speed"": 7, ""--no-plot"": null, ""--serve-box"": null}",120,True,active,0.088608,1.976645,0.076233,0.0,0.0,1.77,0.94,1.8,25.0,0.088608,1.772,1.48,
exp17i_limits_ablation,ablationnone__ballspeed7__noplot__servebox,"{""--ablation"": ""none"", ""--ball-speed"": 7, ""--no-plot"": null, ""--serve-box"": null}",122,True,active,0.063178,1.942996,0.063178,50.0,0.0,1.81,0.99,1.9,10.0,0.063178,0.369,1.46,
exp17i_limits_ablation,ablationnone__ballspeed7__noplot__servebox,"{""--ablation"": ""none"", ""--ball-speed"": 7, ""--no-plot"": null, ""--serve-box"": null}",109,True,passive,0.115735,1.954101,0.115735,40.0,0.0,1.38,0.99,1.6,5.0,0.115735,0.275,3.01,
exp17i_limits_ablation,ablationnone__ballspeed7__noplot__servebox,"{""--ablation"": ""none"", ""--ball-speed"": 7, ""--no-plot"": null, ""--serve-box"": null}",114,False,miss,0.299099,1.943151,0.121334,0.0,0.0,0.96,0.99,1.0,0.0,0.299099,0.0,2.61,
exp17i_limits_ablation,ablationnone__ballspeed7__noplot__servebox,"{""--ablation"": ""none"", ""--ball-speed"": 7, ""--no-plot"": null, ""--serve-box"": null}",111,False,miss,0.353363,1.930168,0.165063,0.0,0.0,1.34,1.0,1.6,0.0,0.353363,0.0,2.86,
exp17i_limits_ablation,ablationnone__ballspeed7__noplot__servebox,"{""--ablation"": ""none"", ""--ball-speed"": 7, ""--no-plot"": null, ""--serve-box"": null}",123,True,active,0.084327,1.961307,0.066472,0.0,0.0,1.68,0.97,1.3,20.0,0.084327,1.677,1.48,
exp17i_limits_ablation,ablationnone__ballspeed7__noplot__servebox,"{""--ablation"": ""none"", ""--ball-speed"": 7, ""--no-plot"": null, ""--serve-box"": null}",113,True,active,0.064854,2.033216,0.051398,0.0,0.0,1.78,0.99,1.4,10.0,0.064854,1.392,2.9,
exp17i_limits_ablation,ablationnone__ballspeed7__noplot__servebox,"{""--ablation"": ""none"", ""--ball-speed"": 7, ""--no-plot"": null, ""--serve-box"": null}",124,True,active,0.088781,1.941033,0.088781,50.0,0.0,1.48,1.0,1.5,10.0,0.088781,0.905,1.55,
exp17i_limits_ablation,ablationnone__ballspeed7__noplot__servebox,"{""--ablation"": ""none"", ""--ball-speed"": 7, ""--no-plot"": null, ""--serve-box"": null}",125,True,active,0.094239,1.904608,0.094239,45.0,0.0,1.29,0.99,1.6,10.0,0.094239,0.477,1.57,
exp17i_limits_ablation,ablationnone__ballspeed7__noplot__servebox,"{""--ablation"": ""none"", ""--ball-speed"": 7, ""--no-plot"": null, ""--serve-box"": null}",121,True,active,0.120665,1.950833,0.120665,40.0,0.0,1.79,1.0,2.2,15.0,0.120665,1.603,2.35,
exp17i_limits_ablation,ablationnone__ballspeed7__noplot__servebox,"{""--ablation"": ""none"", ""--ball-speed"": 7, ""--no-plot"": null, ""--serve-box"": null}",129,False,miss,0.312494,1.919348,0.162905,25.0,0.0,1.1,1.0,1.3,0.0,0.312494,0.0,1.47,
exp17i_limits_ablation,ablationnone__ballspeed7__noplot__servebox,"{""--ablation"": ""none"", ""--ball-speed"": 7, ""--no-plot"": null, ""--serve-box"": null}",128,True,active,0.128683,1.924098,0.128683,35.0,0.0,1.72,0.99,2.3,25.0,0.128683,1.297,1.6,
exp17i_limits_ablation,ablationnone__ballspeed7__noplot__servebox,"{""--ablation"": ""none"", ""--ball-speed"": 7, ""--no-plot"": null, ""--serve-box"": null}",119,True,active,0.104745,1.925502,0.078436,55.0,0.0,1.59,1.0,1.6,10.0,0.104745,1.589,2.98,
exp17i_limits_ablation,ablationnone__ballspeed7__noplot__servebox,"{""--ablation"": ""none"", ""--ball-speed"": 7, ""--no-plot"": null, ""--serve-box"": null}",130,False,miss,0.335539,1.972846,0.121689,0.0,0.0,1.75,1.0,1.5,0.0,0.335539,0.0,1.49,
exp17i_limits_ablation,ablationnone__ballspeed7__noplot__servebox,"{""--ablation"": ""none"", ""--ball-speed"": 7, ""--no-plot"": null, ""--serve-box"": null}",132,True,active,0.087627,1.926129,0.07028,60.0,0.0,1.03,1.0,1.1,0.0,0.087627,0.681,1.55,
exp17i_limits_ablation,ablationnone__ballspeed7__noplot__servebox,"{""--ablation"": ""none"", ""--ball-speed"": 7, ""--no-plot"": null, ""--serve-box"": null}",134,True,active,0.057984,1.990023,0.046934,45.0,0.0,1.76,0.98,1.7,15.0,0.057984,1.265,1.55,
exp17i_limits_ablation,ablationnone__ballspeed7__noplot__servebox,"{""--ablation"": ""none"", ""--ball-speed"": 7, ""--no-plot"": null, ""--serve-box"": null}",133,True,active,0.067786,1.957398,0.067786,50.0,0.0,1.33,0.99,1.2,5.0,0.067786,0.757,1.73,
exp17i_limits_ablation,ablationnone__ballspeed7__noplot__servebox,"{""--ablation"": ""none"", ""--ball-speed"": 7, ""--no-plot"": null, ""--serve-box"": null}",127,True,active,0.105485,1.94967,0.031081,0.0,0.0,1.66,1.0,1.5,20.0,0.105485,1.194,2.54,
exp17i_limits_ablation,ablationnone__ballspeed7__noplot__servebox,"{""--ablation"": ""none"", ""--ball-speed"": 7, ""--no-plot"": null, ""--serve-box"": null}",137,True,active,0.072039,1.94394,0.067589,0.0,0.0,1.64,0.99,1.6,20.0,0.072039,1.641,1.68,
exp17i_limits_ablation,ablationnone__ballspeed7__noplot__servebox,"{""--ablation"": ""none"", ""--ball-speed"": 7, ""--no-plot"": null, ""--serve-box"": null}",126,True,active,0.043365,1.957497,0.043365,0.0,0.0,1.95,0.97,1.8,25.0,0.043365,1.731,2.99,
exp17i_limits_ablation,ablationnone__ballspeed7__noplot__servebox,"{""--ablation"": ""none"", ""--ball-speed"": 7, ""--no-plot"": null, ""--serve-box"": null}",140,True,active,0.10647,1.927638,0.098738,40.0,0.0,1.5,1.0,1.9,10.0,0.10647,1.501,1.58,
exp17i_limits_ablation,ablationnone__ballspeed7__noplot__servebox,"{""--ablation"": ""none"", ""--ball-speed"": 7, ""--no-plot"": null, ""--serve-box"": null}",136,False,miss,0.304641,1.912677,0.118795,0.0,0.0,1.2,0.99,1.5,0.0,0.304641,0.0,2.16,
exp17i_limits_ablation,ablationnone__ballspeed7__noplot__servebox,"{""--ablation"": ""none"", ""--ball-speed"": 7, ""--no-plot"": null, ""--serve-box"": null}",142,True,active,0.029836,1.998427,0.029836,0.0,0.0,1.53,0.98,1.5,15.0,0.029836,1.136,1.5,
exp17i_limits_ablation,ablationnone__ballspeed7__noplot__servebox,"{""--ablation"": ""none"", ""--ball-speed"": 7, ""--no-plot"": null, ""--serve-box"": null}",141,True,active,0.0611,1.969922,0.0611,40.0,0.0,1.7,0.99,1.5,15.0,0.0611,1.614,1.65,
exp17i_limits_ablation,ablationnone__ballspeed7__noplot__servebox,"{""--ablation"": ""none"", ""--ball-speed"": 7, ""--no-plot"": null, ""--serve-box"": null}",131,True,active,0.0572,1.959583,0.054485,45.0,0.0,1.52,0.98,1.7,15.0,0.0572,1.438,2.9,
exp17i_limits_ablation,ablationnone__ballspeed7__noplot__servebox,"{""--ablation"": ""none"", ""--ball-speed"": 7, ""--no-plot"": null, ""--serve-box"": null}",135,False,miss,0.339888,1.926142,0.147049,20.0,0.0,1.29,1.0,1.2,0.0,0.339888,0.0,2.53,
exp17i_limits_ablation,ablationnone__ballspeed7__noplot__servebox,"{""--ablation"": ""none"", ""--ball-speed"": 7, ""--no-plot"": null, ""--serve-box"": null}",145,True,active,0.072672,1.910162,0.072672,50.0,0.0,1.52,1.0,1.6,10.0,0.072672,0.483,1.54,
exp17i_limits_ablation,ablationnone__ballspeed7__noplot__servebox,"{""--ablation"": ""none"", ""--ball-speed"": 7, ""--no-plot"": null, ""--serve-box"": null}",143,True,active,0.104745,1.951488,0.104745,45.0,0.0,1.02,0.99,1.0,0.0,0.104745,0.311,1.91,
exp17i_limits_ablation,ablationnone__ballspeed7__noplot__servebox,"{""--ablation"": ""none"", ""--ball-speed"": 7, ""--no-plot"": null, ""--serve-box"": null}",144,True,active,0.095689,1.958033,0.087182,30.0,0.0,1.55,0.99,1.6,25.0,0.095689,1.292,1.93,
exp17i_limits_ablation,ablationnone__ballspeed7__noplot__servebox,"{""--ablation"": ""none"", ""--ball-speed"": 7, ""--no-plot"": null, ""--serve-box"": null}",146,True,active,0.092564,1.945841,0.086319,45.0,0.0,1.47,0.97,1.7,15.0,0.092564,0.72,1.69,
exp17i_limits_ablation,ablationnone__ballspeed7__noplot__servebox,"{""--ablation"": ""none"", ""--ball-speed"": 7, ""--no-plot"": null, ""--serve-box"": null}",138,True,active,0.044089,2.0214,0.044089,0.0,0.0,1.63,1.0,1.6,20.0,0.044089,1.183,2.99,
exp17i_limits_ablation,ablationnone__ballspeed7__noplot__servebox,"{""--ablation"": ""none"", ""--ball-speed"": 7, ""--no-plot"": null, ""--serve-box"": null}",147,True,active,0.10138,1.968707,0.059375,55.0,0.0,1.28,1.0,1.4,10.0,0.10138,1.211,1.76,
exp17i_limits_ablation,ablationnone__ballspeed7__noplot__servebox,"{""--ablation"": ""none"", ""--ball-speed"": 7, ""--no-plot"": null, ""--serve-box"": null}",139,True,active,0.057695,1.980263,0.054535,55.0,0.0,1.8,1.0,1.6,10.0,0.057695,1.65,3.11,
exp17i_limits_ablation,ablationnone__ballspeed7__noplot__servebox,"{""--ablation"": ""none"", ""--ball-speed"": 7, ""--no-plot"": null, ""--serve-box"": null}",151,True,active,0.128208,1.924886,0.118958,0.0,0.0,1.79,0.98,2.3,20.0,0.128208,1.529,1.56,
exp17i_limits_ablation,ablationnone__ballspeed7__noplot__servebox,"{""--ablation"": ""none"", ""--ball-speed"": 7, ""--no-plot"": null, ""--serve-box"": null}",148,True,active,0.078705,1.945903,0.078705,0.0,0.0,1.77,0.94,2.0,20.0,0.078705,1.709,2.03,
exp17i_limits_ablation,ablationnone__ballspeed7__noplot__servebox,"{""--ablation"": ""none"", ""--ball-speed"": 7, ""--no-plot"": null, ""--serve-box"": null}",154,True,active,0.132339,1.956465,0.132339,35.0,0.0,1.54,0.99,1.7,10.0,0.132339,1.263,1.51,
exp17i_limits_ablation,ablationnone__ballspeed7__noplot__servebox,"{""--ablation"": ""none"", ""--ball-speed"": 7, ""--no-plot"": null, ""--serve-box"": null}",153,True,active,0.072722,1.925643,0.072722,45.0,0.0,1.66,1.0,1.8,15.0,0.072722,1.498,1.6,
exp17i_limits_ablation,ablationnone__ballspeed7__noplot__servebox,"{""--ablation"": ""none"", ""--ball-speed"": 7, ""--no-plot"": null, ""--serve-box"": null}",156,True,active,0.107525,1.95608,0.053723,0.0,0.0,1.75,1.0,1.9,20.0,0.107525,0.806,1.44,
exp17i_limits_ablation,ablationnone__ballspeed7__noplot__servebox,"{""--ablation"": ""none"", ""--ball-speed"": 7, ""--no-plot"": null, ""--serve-box"": null}",149,False,miss,0.313357,1.916446,0.184909,0.0,0.0,1.12,1.0,1.6,0.0,0.313357,0.0,2.41,
exp17i_limits_ablation,ablationnone__ballspeed7__noplot__servebox,"{""--ablation"": ""none"", ""--ball-speed"": 7, ""--no-plot"": null, ""--serve-box"": null}",157,True,active,0.067286,1.925934,0.064447,35.0,0.0,1.76,0.98,1.8,15.0,0.067286,1.649,1.54,
exp17i_limits_ablation,ablationnone__ballspeed7__noplot__servebox,"{""--ablation"": ""none"", ""--ball-speed"": 7, ""--no-plot"": null, ""--serve-box"": null}",158,True,active,0.06797,1.892632,0.06797,50.0,0.0,1.59,1.0,2.5,15.0,0.06797,0.675,1.66,
exp17i_limits_ablation,ablationnone__ballspeed7__noplot__servebox,"{""--ablation"": ""none"", ""--ball-speed"": 7, ""--no-plot"": null, ""--serve-box"": null}",150,True,active,0.093904,1.927125,0.093904,45.0,0.0,1.04,1.0,1.5,0.0,0.093904,0.512,2.54,
exp17i_limits_ablation,ablationnone__ballspeed7__noplot__servebox,"{""--ablation"": ""none"", ""--ball-speed"": 7, ""--no-plot"": null, ""--serve-box"": null}",152,True,active,0.119735,1.922969,0.114759,50.0,0.0,1.16,0.99,1.1,5.0,0.119735,0.67,2.55,
exp17i_limits_ablation,ablationnone__ballspeed7__noplot__servebox,"{""--ablation"": ""none"", ""--ball-speed"": 7, ""--no-plot"": null, ""--serve-box"": null}",162,True,active,0.091735,1.943692,0.072305,50.0,0.0,1.15,0.99,1.4,15.0,0.091735,1.005,1.58,
exp17i_limits_ablation,ablationnone__ballspeed7__noplot__servebox,"{""--ablation"": ""none"", ""--ball-speed"": 7, ""--no-plot"": null, ""--serve-box"": null}",164,True,active,0.113715,1.939892,0.111422,0.0,0.0,1.75,1.0,1.8,20.0,0.113715,1.675,1.54,
exp17i_limits_ablation,ablationnone__ballspeed7__noplot__servebox,"{""--ablation"": ""none"", ""--ball-speed"": 7, ""--no-plot"": null, ""--serve-box"": null}",155,True,active,0.072999,1.918807,0.06311,45.0,0.0,1.08,0.99,1.0,15.0,0.072999,0.782,2.8,
exp17i_limits_ablation,ablationnone__ballspeed7__noplot__servebox,"{""--ablation"": ""none"", ""--ball-speed"": 7, ""--no-plot"": null, ""--serve-box"": null}",161,True,active,0.033847,2.004377,0.033847,40.0,0.0,1.73,0.99,1.4,10.0,0.033847,0.677,2.05,
exp17i_limits_ablation,ablationnone__ballspeed7__noplot__servebox,"{""--ablation"": ""none"", ""--ball-speed"": 7, ""--no-plot"": null, ""--serve-box"": null}",165,True,active,0.053416,1.94903,0.053416,50.0,0.0,1.13,1.0,1.3,5.0,0.053416,0.635,1.62,
exp17i_limits_ablation,ablationnone__ballspeed7__noplot__servebox,"{""--ablation"": ""none"", ""--ball-speed"": 7, ""--no-plot"": null, ""--serve-box"": null}",166,True,active,0.114306,1.915866,0.081917,35.0,0.0,1.48,1.0,1.4,15.0,0.114306,1.271,1.58,
exp17i_limits_ablation,ablationnone__ballspeed7__noplot__servebox,"{""--ablation"": ""none"", ""--ball-speed"": 7, ""--no-plot"": null, ""--serve-box"": null}",160,True,active,0.12049,1.930296,0.118023,45.0,0.0,1.13,0.99,1.3,10.0,0.12049,0.507,2.37,
exp17i_limits_ablation,ablationnone__ballspeed7__noplot__servebox,"{""--ablation"": ""none"", ""--ball-speed"": 7, ""--no-plot"": null, ""--serve-box"": null}",167,True,active,0.045117,1.927661,0.045117,0.0,0.0,1.64,1.0,1.8,15.0,0.045117,1.505,1.68,
exp17i_limits_ablation,ablationnone__ballspeed7__noplot__servebox,"{""--ablation"": ""none"", ""--ball-speed"": 7, ""--no-plot"": null, ""--serve-box"": null}",163,True,active,0.053277,1.928341,0.053277,45.0,0.0,1.17,0.99,1.5,10.0,0.053277,0.85,2.37,
exp17i_limits_ablation,ablationnone__ballspeed7__noplot__servebox,"{""--ablation"": ""none"", ""--ball-speed"": 7, ""--no-plot"": null, ""--serve-box"": null}",159,False,miss,0.283789,1.931931,0.152564,30.0,0.0,1.01,0.99,1.1,0.0,0.283789,0.0,2.91,
exp17i_limits_ablation,ablationnone__ballspeed7__noplot__servebox,"{""--ablation"": ""none"", ""--ball-speed"": 7, ""--no-plot"": null, ""--serve-box"": null}",171,True,active,0.040859,1.976812,0.040859,50.0,0.0,1.51,1.0,1.4,5.0,0.040859,0.773,1.49,
exp17i_limits_ablation,ablationnone__ballspeed7__noplot__servebox,"{""--ablation"": ""none"", ""--ball-speed"": 7, ""--no-plot"": null, ""--serve-box"": null}",172,True,active,0.068751,1.96204,0.057472,0.0,0.0,1.37,0.97,1.5,20.0,0.068751,1.154,1.52,
exp17i_limits_ablation,ablationnone__ballspeed7__noplot__servebox,"{""--ablation"": ""none"", ""--ball-speed"": 7, ""--no-plot"": null, ""--serve-box"": null}",173,True,active,0.104995,1.911388,0.098989,50.0,0.0,1.35,0.97,1.5,15.0,0.104995,0.871,1.53,
exp17i_limits_ablation,ablationnone__ballspeed7__noplot__servebox,"{""--ablation"": ""none"", ""--ball-speed"": 7, ""--no-plot"": null, ""--serve-box"": null}",168,True,active,0.072545,1.986614,0.059385,0.0,0.0,1.77,1.0,1.5,20.0,0.072545,1.393,2.78,
exp17i_limits_ablation,ablationnone__ballspeed7__noplot__servebox,"{""--ablation"": ""none"", ""--ball-speed"": 7, ""--no-plot"": null, ""--serve-box"": null}",178,True,active,0.10388,1.967104,0.090613,0.0,0.0,1.8,0.99,1.7,30.0,0.10388,1.665,1.48,
exp17i_limits_ablation,ablationnone__ballspeed7__noplot__servebox,"{""--ablation"": ""none"", ""--ball-speed"": 7, ""--no-plot"": null, ""--serve-box"": null}",179,True,active,0.105472,1.954499,0.089096,45.0,0.0,1.73,0.95,1.4,25.0,0.105472,1.658,1.49,
exp17i_limits_ablation,ablationnone__ballspeed7__noplot__servebox,"{""--ablation"": ""none"", ""--ball-speed"": 7, ""--no-plot"": null, ""--serve-box"": null}",180,False,miss,0.327674,1.935862,0.119188,0.0,0.0,1.67,0.99,1.5,0.0,0.327674,0.0,1.62,
exp17i_limits_ablation,ablationnone__ballspeed7__noplot__servebox,"{""--ablation"": ""none"", ""--ball-speed"": 7, ""--no-plot"": null, ""--serve-box"": null}",181,True,active,0.094493,1.938717,0.087554,50.0,0.0,1.21,1.0,1.4,15.0,0.094493,0.725,1.52,
exp17i_limits_ablation,ablationnone__ballspeed7__noplot__servebox,"{""--ablation"": ""none"", ""--ball-speed"": 7, ""--no-plot"": null, ""--serve-box"": null}",170,True,active,0.087115,1.916027,0.042914,0.0,0.0,1.26,1.0,1.4,20.0,0.087115,0.879,2.87,
exp17i_limits_ablation,ablationnone__ballspeed7__noplot__servebox,"{""--ablation"": ""none"", ""--ball-speed"": 7, ""--no-plot"": null, ""--serve-box"": null}",174,True,active,0.070802,1.992821,0.00971,0.0,0.0,1.85,1.0,1.5,25.0,0.070802,1.249,2.37,
exp17i_limits_ablation,ablationnone__ballspeed7__noplot__servebox,"{""--ablation"": ""none"", ""--ball-speed"": 7, ""--no-plot"": null, ""--serve-box"": null}",169,False,miss,0.344577,1.904195,0.131534,0.0,0.0,1.16,1.0,1.4,0.0,0.344577,0.0,3.1,
exp17i_limits_ablation,ablationnone__ballspeed7__noplot__servebox,"{""--ablation"": ""none"", ""--ball-speed"": 7, ""--no-plot"": null, ""--serve-box"": null}",184,True,active,0.0992,1.911448,0.0992,40.0,0.0,1.37,0.99,1.5,20.0,0.0992,0.82,1.49,
exp17i_limits_ablation,ablationnone__ballspeed7__noplot__servebox,"{""--ablation"": ""none"", ""--ball-speed"": 7, ""--no-plot"": null, ""--serve-box"": null}",182,True,active,0.095859,1.982954,0.064385,55.0,0.0,1.79,0.99,1.6,15.0,0.095859,1.357,1.67,
exp17i_limits_ablation,ablationnone__ballspeed7__noplot__servebox,"{""--ablation"": ""none"", ""--ball-speed"": 7, ""--no-plot"": null, ""--serve-box"": null}",176,False,miss,0.375848,1.935357,0.196186,0.0,0.0,1.56,1.0,1.9,0.0,0.375848,0.0,2.32,
exp17i_limits_ablation,ablationnone__ballspeed7__noplot__servebox,"{""--ablation"": ""none"", ""--ball-speed"": 7, ""--no-plot"": null, ""--serve-box"": null}",185,True,active,0.094693,1.919837,0.087111,55.0,0.0,1.09,1.0,1.3,10.0,0.094693,0.428,1.47,
exp17i_limits_ablation,ablationnone__ballspeed7__noplot__servebox,"{""--ablation"": ""none"", ""--ball-speed"": 7, ""--no-plot"": null, ""--serve-box"": null}",175,True,active,0.070902,2.012132,0.024843,0.0,0.0,1.79,0.99,1.8,30.0,0.070902,1.764,2.81,
exp17i_limits_ablation,ablationnone__ballspeed7__noplot__servebox,"{""--ablation"": ""none"", ""--ball-speed"": 7, ""--no-plot"": null, ""--serve-box"": null}",186,True,active,0.075882,1.974944,0.075882,40.0,0.0,1.6,1.0,1.4,15.0,0.075882,1.377,1.62,
exp17i_limits_ablation,ablationnone__ballspeed7__noplot__servebox,"{""--ablation"": ""none"", ""--ball-speed"": 7, ""--no-plot"": null, ""--serve-box"": null}",183,True,active,0.061356,1.971698,0.037078,0.0,0.0,1.79,1.0,2.0,30.0,0.061356,1.346,2.47,
exp17i_limits_ablation,ablationnone__ballspeed7__noplot__servebox,"{""--ablation"": ""none"", ""--ball-speed"": 7, ""--no-plot"": null, ""--serve-box"": null}",177,False,miss,0.358349,1.936174,0.1567,0.0,0.0,1.14,1.0,1.5,0.0,0.358349,0.0,3.0,
exp17i_limits_ablation,ablationnone__ballspeed7__noplot__servebox,"{""--ablation"": ""none"", ""--ball-speed"": 7, ""--no-plot"": null, ""--serve-box"": null}",188,True,active,0.113104,1.920039,0.09687,50.0,0.0,1.28,1.0,1.4,10.0,0.113104,0.672,1.47,
exp17i_limits_ablation,ablationnone__ballspeed7__noplot__servebox,"{""--ablation"": ""none"", ""--ball-speed"": 7, ""--no-plot"": null, ""--serve-box"": null}",189,True,active,0.12245,1.955125,0.085343,50.0,0.0,1.48,1.0,1.4,15.0,0.12245,1.142,1.66,
exp17i_limits_ablation,ablationnone__ballspeed7__noplot__servebox,"{""--ablation"": ""none"", ""--ball-speed"": 7, ""--no-plot"": null, ""--serve-box"": null}",191,True,active,0.08235,1.944728,0.08235,40.0,0.0,1.74,0.99,1.9,15.0,0.08235,1.59,1.54,
exp17i_limits_ablation,ablationnone__ballspeed7__noplot__servebox,"{""--ablation"": ""none"", ""--ball-speed"": 7, ""--no-plot"": null, ""--serve-box"": null}",192,True,active,0.047371,2.001722,0.016904,0.0,0.0,1.9,0.98,1.4,25.0,0.047371,1.745,1.55,
exp17i_limits_ablation,ablationnone__ballspeed7__noplot__servebox,"{""--ablation"": ""none"", ""--ball-speed"": 7, ""--no-plot"": null, ""--serve-box"": null}",193,False,miss,0.347128,1.940855,0.165031,20.0,0.0,1.48,1.0,1.8,0.0,0.347128,0.0,1.64,
exp17i_limits_ablation,ablationnone__ballspeed7__noplot__servebox,"{""--ablation"": ""none"", ""--ball-speed"": 7, ""--no-plot"": null, ""--serve-box"": null}",195,True,active,0.060689,1.951827,0.060689,50.0,0.0,1.65,0.99,1.7,10.0,0.060689,1.366,1.49,
exp17i_limits_ablation,ablationnone__ballspeed7__noplot__servebox,"{""--ablation"": ""none"", ""--ball-speed"": 7, ""--no-plot"": null, ""--serve-box"": null}",187,True,active,0.048034,1.978549,0.048034,45.0,0.0,1.36,1.0,1.5,5.0,0.048034,0.876,2.51,
exp17i_limits_ablation,ablationnone__ballspeed7__noplot__servebox,"{""--ablation"": ""none"", ""--ball-speed"": 7, ""--no-plot"": null, ""--serve-box"": null}",196,True,active,0.116675,1.922058,0.116675,0.0,0.0,1.78,0.99,1.8,20.0,0.116675,1.694,2.14,
exp17i_limits_ablation,ablationnone__ballspeed7__noplot__servebox,"{""--ablation"": ""none"", ""--ball-speed"": 7, ""--no-plot"": null, ""--serve-box"": null}",199,True,active,0.054085,1.968855,0.054085,50.0,0.0,1.25,0.99,1.3,10.0,0.054085,1.021,1.6,
exp17i_limits_ablation,ablationnone__ballspeed7__noplot__servebox,"{""--ablation"": ""none"", ""--ball-speed"": 7, ""--no-plot"": null, ""--serve-box"": null}",202,True,active,0.129582,1.917622,0.128451,50.0,0.0,1.28,1.0,1.7,0.0,0.129582,0.414,1.5,
exp17i_limits_ablation,ablationnone__ballspeed7__noplot__servebox,"{""--ablation"": ""none"", ""--ball-speed"": 7, ""--no-plot"": null, ""--serve-box"": null}",201,True,passive,0.065832,1.937366,0.062585,45.0,0.0,1.79,1.0,2.0,10.0,0.065832,0.191,1.6,
exp17i_limits_ablation,ablationnone__ballspeed7__noplot__servebox,"{""--ablation"": ""none"", ""--ball-speed"": 7, ""--no-plot"": null, ""--serve-box"": null}",203,True,active,0.111656,1.921078,0.105146,45.0,0.0,1.2,0.99,1.8,10.0,0.111656,0.375,1.51,
exp17i_limits_ablation,ablationnone__ballspeed7__noplot__servebox,"{""--ablation"": ""none"", ""--ball-speed"": 7, ""--no-plot"": null, ""--serve-box"": null}",198,True,active,0.126206,1.95042,0.08416,50.0,0.0,1.58,1.0,1.4,15.0,0.126206,1.167,2.5,
exp17i_limits_ablation,ablationnone__ballspeed7__noplot__servebox,"{""--ablation"": ""none"", ""--ball-speed"": 7, ""--no-plot"": null, ""--serve-box"": null}",194,True,active,0.113691,1.973147,0.107747,45.0,0.0,1.52,0.99,1.3,15.0,0.113691,1.521,2.7,
exp17i_limits_ablation,ablationnone__ballspeed7__noplot__servebox,"{""--ablation"": ""none"", ""--ball-speed"": 7, ""--no-plot"": null, ""--serve-box"": null}",205,True,active,0.090813,1.960167,0.090813,40.0,0.0,1.73,0.99,1.5,20.0,0.090813,1.733,1.44,
exp17i_limits_ablation,ablationnone__ballspeed7__noplot__servebox,"{""--ablation"": ""none"", ""--ball-speed"": 7, ""--no-plot"": null, ""--serve-box"": null}",190,True,active,0.116008,1.956377,0.089648,60.0,0.0,1.01,0.99,1.5,10.0,0.116008,0.598,3.05,
exp17i_limits_ablation,ablationnone__ballspeed7__noplot__servebox,"{""--ablation"": ""none"", ""--ball-speed"": 7, ""--no-plot"": null, ""--serve-box"": null}",206,True,active,0.123241,1.932182,0.115787,0.0,0.0,1.44,1.0,2.0,20.0,0.123241,0.908,1.58,
exp17i_limits_ablation,ablationnone__ballspeed7__noplot__servebox,"{""--ablation"": ""none"", ""--ball-speed"": 7, ""--no-plot"": null, ""--serve-box"": null}",197,True,active,0.066933,1.993333,0.066933,40.0,0.0,1.74,0.99,1.7,20.0,0.066933,1.584,2.94,
exp17i_limits_ablation,ablationnone__ballspeed7__noplot__servebox,"{""--ablation"": ""none"", ""--ball-speed"": 7, ""--no-plot"": null, ""--serve-box"": null}",208,True,active,0.072876,1.940234,0.026713,0.0,0.0,1.9,0.98,1.7,30.0,0.072876,1.796,1.71,
exp17i_limits_ablation,ablationnone__ballspeed7__noplot__servebox,"{""--ablation"": ""none"", ""--ball-speed"": 7, ""--no-plot"": null, ""--serve-box"": null}",204,True,active,0.066979,1.935305,0.066979,55.0,0.0,1.61,0.99,1.6,5.0,0.066979,0.429,2.19,
exp17i_limits_ablation,ablationnone__ballspeed7__noplot__servebox,"{""--ablation"": ""none"", ""--ball-speed"": 7, ""--no-plot"": null, ""--serve-box"": null}",209,True,active,0.108573,1.951397,0.089099,0.0,0.0,1.79,0.99,1.8,30.0,0.108573,1.793,1.68,
exp17i_limits_ablation,ablationnone__ballspeed7__noplot__servebox,"{""--ablation"": ""none"", ""--ball-speed"": 7, ""--no-plot"": null, ""--serve-box"": null}",200,True,active,0.079184,1.968634,0.046839,0.0,0.0,1.63,1.0,2.1,25.0,0.079184,1.357,3.0,
exp17i_limits_ablation,ablationnone__ballspeed7__noplot__servebox,"{""--ablation"": ""none"", ""--ball-speed"": 7, ""--no-plot"": null, ""--serve-box"": null}",210,True,active,0.049003,2.031889,0.049003,0.0,0.0,1.67,1.0,2.0,15.0,0.049003,1.671,1.49,
exp17i_limits_ablation,ablationnone__ballspeed7__noplot__servebox,"{""--ablation"": ""none"", ""--ball-speed"": 7, ""--no-plot"": null, ""--serve-box"": null}",211,True,active,0.077148,1.996611,0.014189,0.0,0.0,1.83,0.93,1.6,30.0,0.077148,1.759,1.48,
exp17i_limits_ablation,ablationnone__ballspeed7__noplot__servebox,"{""--ablation"": ""none"", ""--ball-speed"": 7, ""--no-plot"": null, ""--serve-box"": null}",212,False,miss,0.320012,1.959586,0.13694,30.0,0.0,1.04,1.0,1.2,0.0,0.320012,0.0,1.5,
exp17i_limits_ablation,ablationnone__ballspeed7__noplot__servebox,"{""--ablation"": ""none"", ""--ball-speed"": 7, ""--no-plot"": null, ""--serve-box"": null}",216,True,active,0.030456,1.949375,0.030456,45.0,0.0,1.43,1.0,1.3,10.0,0.030456,1.013,1.45,
exp17i_limits_ablation,ablationnone__ballspeed7__noplot__servebox,"{""--ablation"": ""none"", ""--ball-speed"": 7, ""--no-plot"": null, ""--serve-box"": null}",215,True,active,0.036209,1.967125,0.036209,0.0,0.0,1.75,0.99,1.4,15.0,0.036209,1.342,1.57,
exp17i_limits_ablation,ablationnone__ballspeed7__noplot__servebox,"{""--ablation"": ""none"", ""--ball-speed"": 7, ""--no-plot"": null, ""--serve-box"": null}",218,True,active,0.052559,2.006224,0.036059,0.0,0.0,1.78,1.0,1.5,15.0,0.052559,1.094,1.48,
exp17i_limits_ablation,ablationnone__ballspeed7__noplot__servebox,"{""--ablation"": ""none"", ""--ball-speed"": 7, ""--no-plot"": null, ""--serve-box"": null}",207,True,active,0.057327,1.969165,0.057327,15.0,0.0,1.77,0.97,1.8,20.0,0.057327,1.705,2.98,
exp17i_limits_ablation,ablationnone__ballspeed7__noplot__servebox,"{""--ablation"": ""none"", ""--ball-speed"": 7, ""--no-plot"": null, ""--serve-box"": null}",221,False,miss,0.3352,1.923889,0.179596,10.0,0.0,1.14,0.99,1.5,0.0,0.3352,0.0,1.76,
exp17i_limits_ablation,ablationnone__ballspeed7__noplot__servebox,"{""--ablation"": ""none"", ""--ball-speed"": 7, ""--no-plot"": null, ""--serve-box"": null}",222,True,active,0.06476,1.964032,0.051654,0.0,0.0,1.79,1.0,1.6,20.0,0.06476,1.785,1.55,
exp17i_limits_ablation,ablationnone__ballspeed7__noplot__servebox,"{""--ablation"": ""none"", ""--ball-speed"": 7, ""--no-plot"": null, ""--serve-box"": null}",223,True,active,0.0795,1.947077,0.0795,45.0,0.0,1.48,1.0,1.7,10.0,0.0795,1.012,1.54,
exp17i_limits_ablation,ablationnone__ballspeed7__noplot__servebox,"{""--ablation"": ""none"", ""--ball-speed"": 7, ""--no-plot"": null, ""--serve-box"": null}",226,True,active,0.043221,1.946318,0.043221,60.0,0.0,1.64,1.0,1.8,5.0,0.043221,0.88,1.43,
exp17i_limits_ablation,ablationnone__ballspeed7__noplot__servebox,"{""--ablation"": ""none"", ""--ball-speed"": 7, ""--no-plot"": null, ""--serve-box"": null}",219,False,miss,0.304921,1.897746,0.147632,30.0,0.0,1.22,1.0,1.5,0.0,0.304921,0.0,2.39,
exp17i_limits_ablation,ablationnone__ballspeed7__noplot__servebox,"{""--ablation"": ""none"", ""--ball-speed"": 7, ""--no-plot"": null, ""--serve-box"": null}",225,True,active,0.122007,1.947572,0.114031,0.0,0.0,1.54,0.98,2.1,20.0,0.122007,1.17,1.75,
exp17i_limits_ablation,ablationnone__ballspeed7__noplot__servebox,"{""--ablation"": ""none"", ""--ball-speed"": 7, ""--no-plot"": null, ""--serve-box"": null}",213,True,active,0.059756,1.988985,0.055344,0.0,0.0,1.8,1.0,2.0,15.0,0.059756,1.655,2.98,
exp17i_limits_ablation,ablationnone__ballspeed7__noplot__servebox,"{""--ablation"": ""none"", ""--ball-speed"": 7, ""--no-plot"": null, ""--serve-box"": null}",214,True,active,0.115785,1.974449,0.108102,0.0,0.0,1.8,0.95,2.0,25.0,0.115785,1.801,2.99,
exp17i_limits_ablation,ablationnone__ballspeed7__noplot__servebox,"{""--ablation"": ""none"", ""--ball-speed"": 7, ""--no-plot"": null, ""--serve-box"": null}",228,False,miss,0.323217,1.948406,0.102044,0.0,0.0,1.26,1.0,1.8,0.0,0.323217,0.0,1.45,
exp17i_limits_ablation,ablationnone__ballspeed7__noplot__servebox,"{""--ablation"": ""none"", ""--ball-speed"": 7, ""--no-plot"": null, ""--serve-box"": null}",229,True,active,0.0278,1.997591,0.0278,45.0,0.0,1.47,1.0,1.5,10.0,0.0278,1.474,1.47,
exp17i_limits_ablation,ablationnone__ballspeed7__noplot__servebox,"{""--ablation"": ""none"", ""--ball-speed"": 7, ""--no-plot"": null, ""--serve-box"": null}",217,True,active,0.044291,1.964836,0.044291,35.0,0.0,1.77,0.99,1.5,20.0,0.044291,1.771,3.09,
exp17i_limits_ablation,ablationnone__ballspeed7__noplot__servebox,"{""--ablation"": ""none"", ""--ball-speed"": 7, ""--no-plot"": null, ""--serve-box"": null}",220,False,miss,0.386709,1.921877,0.156976,0.0,0.0,1.75,0.99,1.8,0.0,0.386709,0.0,2.74,
exp17i_limits_ablation,ablationnone__ballspeed7__noplot__servebox,"{""--ablation"": ""none"", ""--ball-speed"": 7, ""--no-plot"": null, ""--serve-box"": null}",227,True,active,0.09128,1.944959,0.09022,0.0,0.0,1.78,0.99,2.1,25.0,0.09128,1.736,2.15,
exp17i_limits_ablation,ablationnone__ballspeed7__noplot__servebox,"{""--ablation"": ""none"", ""--ball-speed"": 7, ""--no-plot"": null, ""--serve-box"": null}",231,True,active,0.079641,1.963179,0.070064,50.0,0.0,1.43,0.97,1.2,15.0,0.079641,0.916,1.61,
exp17i_limits_ablation,ablationnone__ballspeed7__noplot__servebox,"{""--ablation"": ""none"", ""--ball-speed"": 7, ""--no-plot"": null, ""--serve-box"": null}",230,True,active,0.054663,1.935525,0.054663,50.0,0.0,1.78,0.99,1.6,15.0,0.054663,1.67,1.86,
exp17i_limits_ablation,ablationnone__ballspeed7__noplot__servebox,"{""--ablation"": ""none"", ""--ball-speed"": 7, ""--no-plot"": null, ""--serve-box"": null}",232,True,active,0.044196,1.989565,0.044196,0.0,0.0,1.79,1.0,1.2,20.0,0.044196,0.971,1.55,
exp17i_limits_ablation,ablationnone__ballspeed7__noplot__servebox,"{""--ablation"": ""none"", ""--ball-speed"": 7, ""--no-plot"": null, ""--serve-box"": null}",235,True,active,0.09473,1.97038,0.027666,0.0,0.0,1.77,1.0,1.6,25.0,0.09473,1.655,1.5,
exp17i_limits_ablation,ablationnone__ballspeed7__noplot__servebox,"{""--ablation"": ""none"", ""--ball-speed"": 7, ""--no-plot"": null, ""--serve-box"": null}",234,True,active,0.058012,1.966094,0.05456,20.0,0.0,1.77,0.99,1.5,15.0,0.058012,1.695,1.52,
exp17i_limits_ablation,ablationnone__ballspeed7__noplot__servebox,"{""--ablation"": ""none"", ""--ball-speed"": 7, ""--no-plot"": null, ""--serve-box"": null}",224,True,active,0.108976,1.897481,0.107824,40.0,0.0,1.38,1.0,1.6,20.0,0.108976,0.43,3.04,
exp17i_limits_ablation,ablationnone__ballspeed7__noplot__servebox,"{""--ablation"": ""none"", ""--ball-speed"": 7, ""--no-plot"": null, ""--serve-box"": null}",237,True,active,0.117971,1.94905,0.104513,45.0,0.0,1.65,0.99,1.5,15.0,0.117971,1.231,1.5,
exp17i_limits_ablation,ablationnone__ballspeed7__noplot__servebox,"{""--ablation"": ""none"", ""--ball-speed"": 7, ""--no-plot"": null, ""--serve-box"": null}",243,True,active,0.067161,1.902911,0.053231,40.0,0.0,1.78,0.99,1.7,15.0,0.067161,1.724,1.43,
exp17i_limits_ablation,ablationnone__ballspeed7__noplot__servebox,"{""--ablation"": ""none"", ""--ball-speed"": 7, ""--no-plot"": null, ""--serve-box"": null}",236,True,active,0.103399,1.937523,0.094373,0.0,0.0,1.8,0.97,2.0,25.0,0.103399,1.757,2.1,
exp17i_limits_ablation,ablationnone__ballspeed7__noplot__servebox,"{""--ablation"": ""none"", ""--ball-speed"": 7, ""--no-plot"": null, ""--serve-box"": null}",246,False,miss,0.299164,1.934382,0.142816,35.0,0.0,1.35,1.0,1.5,0.0,0.299164,0.0,1.43,
exp17i_limits_ablation,ablationnone__ballspeed7__noplot__servebox,"{""--ablation"": ""none"", ""--ball-speed"": 7, ""--no-plot"": null, ""--serve-box"": null}",238,True,active,0.150025,1.936874,0.146697,0.0,0.0,1.8,1.0,2.0,20.0,0.150025,1.604,2.15,
exp17i_limits_ablation,ablationnone__ballspeed7__noplot__servebox,"{""--ablation"": ""none"", ""--ball-speed"": 7, ""--no-plot"": null, ""--serve-box"": null}",245,False,miss,0.315788,1.940235,0.111911,0.0,0.0,1.75,0.99,1.2,0.0,0.315788,0.0,1.63,
exp17i_limits_ablation,ablationnone__ballspeed7__noplot__servebox,"{""--ablation"": ""none"", ""--ball-speed"": 7, ""--no-plot"": null, ""--serve-box"": null}",254,,,,,,,,,,,,,,0.21,no_result
exp17i_limits_ablation,ablationnone__ballspeed7__noplot__servebox,"{""--ablation"": ""none"", ""--ball-speed"": 7, ""--no-plot"": null, ""--serve-box"": null}",233,False,miss,0.298243,1.952808,0.108631,0.0,0.0,1.23,1.0,1.3,0.0,0.298243,0.0,2.77,
exp17i_limits_ablation,ablationnone__ballspeed7__noplot__servebox,"{""--ablation"": ""none"", ""--ball-speed"": 7, ""--no-plot"": null, ""--serve-box"": null}",247,True,active,0.097705,1.932789,0.094058,45.0,0.0,1.29,1.0,1.7,20.0,0.097705,0.774,1.54,
exp17i_limits_ablation,ablationnone__ballspeed7__noplot__servebox,"{""--ablation"": ""none"", ""--ball-speed"": 7, ""--no-plot"": null, ""--serve-box"": null}",250,True,active,0.07784,1.963411,0.073906,25.0,0.0,1.8,0.91,1.5,20.0,0.07784,1.801,1.43,
exp17i_limits_ablation,ablationnone__ballspeed7__noplot__servebox,"{""--ablation"": ""none"", ""--ball-speed"": 7, ""--no-plot"": null, ""--serve-box"": null}",239,False,miss,0.209286,1.907552,0.126179,0.0,0.0,1.75,0.97,1.6,0.0,0.209286,0.0,2.86,
exp17i_limits_ablation,ablationnone__ballspeed7__noplot__servebox,"{""--ablation"": ""none"", ""--ball-speed"": 7, ""--no-plot"": null, ""--serve-box"": null}",240,True,active,0.119934,1.957997,0.109851,40.0,0.0,1.41,0.99,1.2,15.0,0.119934,0.93,2.78,
exp17i_limits_ablation,ablationnone__ballspeed7__noplot__servebox,"{""--ablation"": ""none"", ""--ball-speed"": 7, ""--no-plot"": null, ""--serve-box"": null}",242,True,active,0.125777,1.960896,0.10517,50.0,0.0,1.13,0.99,1.3,15.0,0.125777,0.799,2.66,
exp17i_limits_ablation,ablationnone__ballspeed7__noplot__servebox,"{""--ablation"": ""none"", ""--ball-speed"": 7, ""--no-plot"": null, ""--serve-box"": null}",244,False,miss,0.332081,1.978841,0.098729,0.0,0.0,1.77,0.99,1.8,0.0,0.332081,0.0,2.54,
exp17i_limits_ablation,ablationnone__ballspeed7__noplot__servebox,"{""--ablation"": ""none"", ""--ball-speed"": 7, ""--no-plot"": null, ""--serve-box"": null}",251,True,active,0.026024,2.001225,0.026024,45.0,0.0,1.43,0.98,1.3,10.0,0.026024,1.031,1.79,
exp17i_limits_ablation,ablationnone__ballspeed7__noplot__servebox,"{""--ablation"": ""none"", ""--ball-speed"": 7, ""--no-plot"": null, ""--serve-box"": null}",252,True,active,0.138855,1.925385,0.130278,40.0,0.0,1.34,0.99,1.5,15.0,0.138855,0.942,1.51,
exp17i_limits_ablation,ablationnone__ballspeed7__noplot__servebox,"{""--ablation"": ""none"", ""--ball-speed"": 7, ""--no-plot"": null, ""--serve-box"": null}",249,True,active,0.061832,1.964483,0.058555,35.0,0.0,1.46,0.99,1.2,15.0,0.061832,1.114,2.15,
exp17i_limits_ablation,ablationnone__ballspeed7__noplot__servebox,"{""--ablation"": ""none"", ""--ball-speed"": 7, ""--no-plot"": null, ""--serve-box"": null}",241,True,active,0.052168,2.037404,0.052168,0.0,0.0,1.8,0.99,1.8,10.0,0.052168,1.796,3.12,
exp17i_limits_ablation,ablationnone__ballspeed7__noplot__servebox,"{""--ablation"": ""none"", ""--ball-speed"": 7, ""--no-plot"": null, ""--serve-box"": null}",248,True,active,0.117174,1.954416,0.089252,50.0,0.0,1.28,1.0,1.2,15.0,0.117174,1.019,2.28,
exp17i_limits_ablation,ablationnone__ballspeed7__noplot__servebox,"{""--ablation"": ""none"", ""--ball-speed"": 7, ""--no-plot"": null, ""--serve-box"": null}",255,True,active,0.136382,1.929176,0.129974,0.0,0.0,1.65,0.99,2.0,20.0,0.136382,1.511,1.53,
exp17i_limits_ablation,ablationnone__ballspeed7__noplot__servebox,"{""--ablation"": ""none"", ""--ball-speed"": 7, ""--no-plot"": null, ""--serve-box"": null}",257,True,active,0.112325,1.950246,0.093812,45.0,0.0,1.76,0.99,1.5,15.0,0.112325,1.447,1.46,
exp17i_limits_ablation,ablationnone__ballspeed7__noplot__servebox,"{""--ablation"": ""none"", ""--ball-speed"": 7, ""--no-plot"": null, ""--serve-box"": null}",258,True,active,0.081507,1.943994,0.072632,15.0,0.0,1.69,0.99,1.5,15.0,0.081507,1.693,1.56,
exp17i_limits_ablation,ablationnone__ballspeed7__noplot__servebox,"{""--ablation"": ""none"", ""--ball-speed"": 7, ""--no-plot"": null, ""--serve-box"": null}",256,True,active,0.090641,2.009322,0.032618,0.0,0.0,1.74,1.0,1.7,20.0,0.090641,1.672,1.71,
exp17i_limits_ablation,ablationnone__ballspeed7__noplot__servebox,"{""--ablation"": ""none"", ""--ball-speed"": 7, ""--no-plot"": null, ""--serve-box"": null}",259,True,active,0.09782,1.930877,0.09782,50.0,0.0,1.23,0.99,1.5,10.0,0.09782,0.681,1.44,
exp17i_limits_ablation,ablationnone__ballspeed7__noplot__servebox,"{""--ablation"": ""none"", ""--ball-speed"": 7, ""--no-plot"": null, ""--serve-box"": null}",274,,,,,,,,,,,,,,0.2,no_result
exp17i_limits_ablation,ablationnone__ballspeed7__noplot__servebox,"{""--ablation"": ""none"", ""--ball-speed"": 7, ""--no-plot"": null, ""--serve-box"": null}",253,True,active,0.029235,1.999412,0.029235,0.0,0.0,1.73,1.0,1.7,25.0,0.029235,1.045,2.32,
exp17i_limits_ablation,ablationnone__ballspeed7__noplot__servebox,"{""--ablation"": ""none"", ""--ball-speed"": 7, ""--no-plot"": null, ""--serve-box"": null}",260,True,active,0.07764,1.95955,0.071539,55.0,0.0,1.2,1.0,1.0,10.0,0.07764,1.191,1.73,
exp17i_limits_ablation,ablationnone__ballspeed7__noplot__servebox,"{""--ablation"": ""none"", ""--ball-speed"": 7, ""--no-plot"": null, ""--serve-box"": null}",265,True,active,0.02437,1.972734,0.02437,50.0,0.0,1.62,1.0,1.6,5.0,0.02437,0.804,1.52,
exp17i_limits_ablation,ablationnone__ballspeed7__noplot__servebox,"{""--ablation"": ""none"", ""--ball-speed"": 7, ""--no-plot"": null, ""--serve-box"": null}",268,True,active,0.085442,1.973506,0.057337,55.0,0.0,1.22,1.0,1.4,10.0,0.085442,1.224,1.54,
exp17i_limits_ablation,ablationnone__ballspeed7__noplot__servebox,"{""--ablation"": ""none"", ""--ball-speed"": 7, ""--no-plot"": null, ""--serve-box"": null}",267,True,active,0.101116,1.934465,0.052254,0.0,0.0,1.27,0.99,1.5,15.0,0.101116,1.268,1.58,
exp17i_limits_ablation,ablationnone__ballspeed7__noplot__servebox,"{""--ablation"": ""none"", ""--ball-speed"": 7, ""--no-plot"": null, ""--serve-box"": null}",269,True,active,0.103397,1.932665,0.057851,0.0,0.0,1.03,1.0,1.2,15.0,0.103397,0.633,1.57,
exp17i_limits_ablation,ablationnone__ballspeed7__noplot__servebox,"{""--ablation"": ""none"", ""--ball-speed"": 7, ""--no-plot"": null, ""--serve-box"": null}",266,True,active,0.059482,2.05919,0.051644,45.0,0.0,1.79,0.99,1.5,10.0,0.059482,0.749,1.73,
exp17i_limits_ablation,ablationnone__ballspeed7__noplot__servebox,"{""--ablation"": ""none"", ""--ball-speed"": 7, ""--no-plot"": null, ""--serve-box"": null}",272,False,miss,0.265654,1.870519,0.230834,0.0,0.0,1.17,1.0,1.1,0.0,0.265654,0.0,1.6,
exp17i_limits_ablation,ablationnone__ballspeed7__noplot__servebox,"{""--ablation"": ""none"", ""--ball-speed"": 7, ""--no-plot"": null, ""--serve-box"": null}",273,False,miss,0.292804,1.92396,0.097496,0.0,0.0,1.29,1.0,1.4,0.0,0.292804,0.0,1.73,
exp17i_limits_ablation,ablationnone__ballspeed7__noplot__servebox,"{""--ablation"": ""none"", ""--ball-speed"": 7, ""--no-plot"": null, ""--serve-box"": null}",276,True,active,0.114977,1.952989,0.114977,40.0,0.0,1.61,1.0,2.0,15.0,0.114977,1.264,1.54,
exp17i_limits_ablation,ablationnone__ballspeed7__noplot__servebox,"{""--ablation"": ""none"", ""--ball-speed"": 7, ""--no-plot"": null, ""--serve-box"": null}",262,True,active,0.117572,1.922196,0.117572,40.0,0.0,1.45,1.0,1.9,10.0,0.117572,0.582,3.02,
exp17i_limits_ablation,ablationnone__ballspeed7__noplot__servebox,"{""--ablation"": ""none"", ""--ball-speed"": 7, ""--no-plot"": null, ""--serve-box"": null}",261,True,active,0.115508,1.962882,0.091503,45.0,0.0,1.49,1.0,1.6,15.0,0.115508,0.979,3.08,
exp17i_limits_ablation,ablationnone__ballspeed7__noplot__servebox,"{""--ablation"": ""none"", ""--ball-speed"": 7, ""--no-plot"": null, ""--serve-box"": null}",277,True,active,0.100548,1.917762,0.083081,0.0,0.0,1.19,0.98,1.3,25.0,0.100548,0.82,1.67,
exp17i_limits_ablation,ablationnone__ballspeed7__noplot__servebox,"{""--ablation"": ""none"", ""--ball-speed"": 7, ""--no-plot"": null, ""--serve-box"": null}",263,True,active,0.048251,1.926945,0.048251,50.0,0.0,1.25,1.0,1.5,5.0,0.048251,0.43,3.11,
exp17i_limits_ablation,ablationnone__ballspeed7__noplot__servebox,"{""--ablation"": ""none"", ""--ball-speed"": 7, ""--no-plot"": null, ""--serve-box"": null}",275,True,active,0.075756,1.966435,0.02031,0.0,0.0,1.39,0.98,1.2,15.0,0.075756,1.081,1.89,
exp17i_limits_ablation,ablationnone__ballspeed7__noplot__servebox,"{""--ablation"": ""none"", ""--ball-speed"": 7, ""--no-plot"": null, ""--serve-box"": null}",264,True,active,0.081416,1.959461,0.060941,0.0,0.0,1.75,0.99,1.7,20.0,0.081416,1.704,3.18,
exp17i_limits_ablation,ablationnone__ballspeed7__noplot__servebox,"{""--ablation"": ""none"", ""--ball-speed"": 7, ""--no-plot"": null, ""--serve-box"": null}",279,True,active,0.097965,1.999383,0.03314,0.0,0.0,1.77,1.0,1.7,20.0,0.097965,1.569,1.49,
exp17i_limits_ablation,ablationnone__ballspeed7__noplot__servebox,"{""--ablation"": ""none"", ""--ball-speed"": 7, ""--no-plot"": null, ""--serve-box"": null}",282,True,active,0.100823,1.960735,0.100823,45.0,0.0,1.01,0.99,1.2,5.0,0.100823,0.52,1.53,
exp17i_limits_ablation,ablationnone__ballspeed7__noplot__servebox,"{""--ablation"": ""none"", ""--ball-speed"": 7, ""--no-plot"": null, ""--serve-box"": null}",271,False,miss,0.299659,2.009395,0.080446,0.0,0.0,1.8,1.0,1.8,0.0,0.299659,0.0,2.84,
exp17i_limits_ablation,ablationnone__ballspeed7__noplot__servebox,"{""--ablation"": ""none"", ""--ball-speed"": 7, ""--no-plot"": null, ""--serve-box"": null}",281,True,active,0.052365,1.979615,0.051884,45.0,0.0,1.53,1.0,1.4,15.0,0.052365,1.453,1.71,
exp17i_limits_ablation,ablationnone__ballspeed7__noplot__servebox,"{""--ablation"": ""none"", ""--ball-speed"": 7, ""--no-plot"": null, ""--serve-box"": null}",270,False,miss,0.315302,1.877359,0.141591,0.0,0.0,1.04,1.0,1.3,0.0,0.315302,0.0,3.08,
exp17i_limits_ablation,ablationnone__ballspeed7__noplot__servebox,"{""--ablation"": ""none"", ""--ball-speed"": 7, ""--no-plot"": null, ""--serve-box"": null}",278,True,active,0.084421,1.977822,0.048314,0.0,0.0,1.77,1.0,1.7,25.0,0.084421,1.702,2.03,
exp17i_limits_ablation,ablationnone__ballspeed7__noplot__servebox,"{""--ablation"": ""none"", ""--ball-speed"": 7, ""--no-plot"": null, ""--serve-box"": null}",285,True,active,0.115392,1.926006,0.107175,40.0,0.0,1.74,1.0,1.5,20.0,0.115392,1.438,1.47,
exp17i_limits_ablation,ablationnone__ballspeed7__noplot__servebox,"{""--ablation"": ""none"", ""--ball-speed"": 7, ""--no-plot"": null, ""--serve-box"": null}",284,True,active,0.059083,1.988476,0.03826,0.0,0.0,1.76,1.0,1.6,20.0,0.059083,1.757,1.62,
exp17i_limits_ablation,ablationnone__ballspeed7__noplot__servebox,"{""--ablation"": ""none"", ""--ball-speed"": 7, ""--no-plot"": null, ""--serve-box"": null}",287,False,miss,0.304521,1.952042,0.151856,30.0,0.0,1.36,1.0,1.5,0.0,0.304521,0.0,1.48,
exp17i_limits_ablation,ablationnone__ballspeed7__noplot__servebox,"{""--ablation"": ""none"", ""--ball-speed"": 7, ""--no-plot"": null, ""--serve-box"": null}",288,True,active,0.105117,1.951542,0.065593,0.0,0.0,1.28,1.0,1.2,20.0,0.105117,1.049,1.5,
exp17i_limits_ablation,ablationnone__ballspeed7__noplot__servebox,"{""--ablation"": ""none"", ""--ball-speed"": 7, ""--no-plot"": null, ""--serve-box"": null}",280,True,active,0.094333,1.929892,0.07977,0.0,0.0,1.72,0.98,1.7,25.0,0.094333,1.517,2.79,
exp17i_limits_ablation,ablationnone__ballspeed7__noplot__servebox,"{""--ablation"": ""none"", ""--ball-speed"": 7, ""--no-plot"": null, ""--serve-box"": null}",291,True,active,0.033568,1.996198,0.033568,40.0,0.0,1.78,0.99,1.7,15.0,0.033568,1.777,1.48,
exp17i_limits_ablation,ablationnone__ballspeed7__noplot__servebox,"{""--ablation"": ""none"", ""--ball-speed"": 7, ""--no-plot"": null, ""--serve-box"": null}",292,True,active,0.088241,1.923016,0.031714,0.0,0.0,1.52,0.99,1.2,20.0,0.088241,1.407,1.62,
exp17i_limits_ablation,ablationnone__ballspeed7__noplot__servebox,"{""--ablation"": ""none"", ""--ball-speed"": 7, ""--no-plot"": null, ""--serve-box"": null}",283,False,miss,0.337464,1.930331,0.151049,0.0,0.0,1.21,1.0,1.4,0.0,0.337464,0.0,2.58,
exp17i_limits_ablation,ablationnone__ballspeed7__noplot__servebox,"{""--ablation"": ""none"", ""--ball-speed"": 7, ""--no-plot"": null, ""--serve-box"": null}",294,True,active,0.118197,1.923973,0.11483,50.0,0.0,1.14,1.0,1.6,10.0,0.118197,1.144,1.44,
exp17i_limits_ablation,ablationnone__ballspeed7__noplot__servebox,"{""--ablation"": ""none"", ""--ball-speed"": 7, ""--no-plot"": null, ""--serve-box"": null}",293,True,active,0.048465,1.949102,0.048465,45.0,0.0,1.3,1.0,1.3,5.0,0.048465,0.308,1.6,
exp17i_limits_ablation,ablationnone__ballspeed7__noplot__servebox,"{""--ablation"": ""none"", ""--ball-speed"": 7, ""--no-plot"": null, ""--serve-box"": null}",295,False,miss,0.343816,1.910895,0.15598,0.0,0.0,1.23,0.99,1.3,0.0,0.343816,0.0,1.46,
exp17i_limits_ablation,ablationnone__ballspeed7__noplot__servebox,"{""--ablation"": ""none"", ""--ball-speed"": 7, ""--no-plot"": null, ""--serve-box"": null}",296,True,active,0.092772,1.965473,0.075002,55.0,0.0,1.2,0.99,1.4,15.0,0.092772,1.115,1.85,
exp17i_limits_ablation,ablationnone__ballspeed7__noplot__servebox,"{""--ablation"": ""none"", ""--ball-speed"": 7, ""--no-plot"": null, ""--serve-box"": null}",289,True,active,0.094748,1.996157,0.030474,0.0,0.0,1.8,0.98,2.2,35.0,0.094748,1.261,2.75,
exp17i_limits_ablation,ablationnone__ballspeed7__noplot__servebox,"{""--ablation"": ""none"", ""--ball-speed"": 7, ""--no-plot"": null, ""--serve-box"": null}",286,True,active,0.099848,1.930441,0.095151,45.0,0.0,1.64,1.0,1.6,10.0,0.099848,1.487,3.03,
exp17i_limits_ablation,ablationnone__ballspeed7__noplot__servebox,"{""--ablation"": ""none"", ""--ball-speed"": 7, ""--no-plot"": null, ""--serve-box"": null}",300,True,active,0.074064,1.942876,0.074064,45.0,0.0,1.69,0.99,1.5,10.0,0.074064,1.366,1.54,
exp17i_limits_ablation,ablationnone__ballspeed7__noplot__servebox,"{""--ablation"": ""none"", ""--ball-speed"": 7, ""--no-plot"": null, ""--serve-box"": null}",290,False,miss,0.331808,1.935215,0.140759,15.0,0.0,1.49,1.0,1.8,0.0,0.331808,0.0,2.86,
exp17i_limits_ablation,ablationnone__ballspeed7__noplot__servebox,"{""--ablation"": ""none"", ""--ball-speed"": 7, ""--no-plot"": null, ""--serve-box"": null}",301,True,active,0.097108,1.996796,0.085843,45.0,0.0,1.68,1.0,1.8,5.0,0.097108,0.602,1.63,
exp17i_limits_ablation,ablationnone__ballspeed7__noplot__servebox,"{""--ablation"": ""none"", ""--ball-speed"": 7, ""--no-plot"": null, ""--serve-box"": null}",298,True,active,0.121325,1.950957,0.121325,40.0,0.0,1.51,0.99,1.8,15.0,0.121325,1.158,1.93,
exp17i_limits_ablation,ablationnone__ballspeed7__noplot__servebox,"{""--ablation"": ""none"", ""--ball-speed"": 7, ""--no-plot"": null, ""--serve-box"": null}",303,False,miss,0.343454,1.934124,0.13785,0.0,0.0,1.24,1.0,1.6,0.0,0.343454,0.0,1.61,
exp17i_limits_ablation,ablationnone__ballspeed7__noplot__servebox,"{""--ablation"": ""none"", ""--ball-speed"": 7, ""--no-plot"": null, ""--serve-box"": null}",297,True,active,0.102408,1.950361,0.102408,45.0,0.0,1.1,1.0,1.2,10.0,0.102408,0.687,2.7,
exp17i_limits_ablation,ablationnone__ballspeed7__noplot__servebox,"{""--ablation"": ""none"", ""--ball-speed"": 7, ""--no-plot"": null, ""--serve-box"": null}",304,False,miss,0.321287,1.942018,0.088326,0.0,0.0,1.73,1.0,1.5,0.0,0.321287,0.0,1.62,
exp17i_limits_ablation,ablationnone__ballspeed7__noplot__servebox,"{""--ablation"": ""none"", ""--ball-speed"": 7, ""--no-plot"": null, ""--serve-box"": null}",308,False,miss,0.324749,1.977056,0.112256,0.0,0.0,1.18,1.0,1.5,0.0,0.324749,0.0,1.49,
exp17i_limits_ablation,ablationnone__ballspeed7__noplot__servebox,"{""--ablation"": ""none"", ""--ball-speed"": 7, ""--no-plot"": null, ""--serve-box"": null}",307,True,active,0.108859,1.939844,0.075375,0.0,0.0,1.59,1.0,1.3,25.0,0.108859,1.152,1.51,
exp17i_limits_ablation,ablationnone__ballspeed7__noplot__servebox,"{""--ablation"": ""none"", ""--ball-speed"": 7, ""--no-plot"": null, ""--serve-box"": null}",306,True,active,0.053346,1.977867,0.053346,50.0,0.0,1.43,0.99,1.1,10.0,0.053346,1.071,1.7,
exp17i_limits_ablation,ablationnone__ballspeed7__noplot__servebox,"{""--ablation"": ""none"", ""--ball-speed"": 7, ""--no-plot"": null, ""--serve-box"": null}",302,False,miss,0.288253,1.935492,0.10677,0.0,0.0,1.03,1.0,1.1,0.0,0.288253,0.0,2.14,
exp17i_limits_ablation,ablationnone__ballspeed7__noplot__servebox,"{""--ablation"": ""none"", ""--ball-speed"": 7, ""--no-plot"": null, ""--serve-box"": null}",299,True,active,0.115374,1.960504,0.108561,45.0,0.0,1.45,0.98,1.6,15.0,0.115374,1.016,2.91,
exp17i_limits_ablation,ablationnone__ballspeed7__noplot__servebox,"{""--ablation"": ""none"", ""--ball-speed"": 7, ""--no-plot"": null, ""--serve-box"": null}",310,True,active,0.100009,1.909921,0.050143,10.0,0.0,1.4,1.0,1.3,15.0,0.100009,1.336,1.56,
exp17i_limits_ablation,ablationnone__ballspeed7__noplot__servebox,"{""--ablation"": ""none"", ""--ball-speed"": 7, ""--no-plot"": null, ""--serve-box"": null}",311,True,active,0.101118,1.983173,0.028785,0.0,0.0,1.74,1.0,1.5,20.0,0.101118,1.515,1.56,
exp17i_limits_ablation,ablationnone__ballspeed7__noplot__servebox,"{""--ablation"": ""none"", ""--ball-speed"": 7, ""--no-plot"": null, ""--serve-box"": null}",314,True,active,0.078227,2.026283,0.02168,0.0,0.0,1.96,1.0,1.7,25.0,0.078227,1.374,1.71,
exp17i_limits_ablation,ablationnone__ballspeed7__noplot__servebox,"{""--ablation"": ""none"", ""--ball-speed"": 7, ""--no-plot"": null, ""--serve-box"": null}",316,True,active,0.043643,1.935065,0.043643,50.0,0.0,1.32,1.0,1.3,10.0,0.043643,1.281,1.52,
exp17i_limits_ablation,ablationnone__ballspeed7__noplot__servebox,"{""--ablation"": ""none"", ""--ball-speed"": 7, ""--no-plot"": null, ""--serve-box"": null}",317,False,miss,0.355063,1.913365,0.146108,0.0,0.0,1.75,1.0,2.0,0.0,0.355063,0.0,1.54,
exp17i_limits_ablation,ablationnone__ballspeed7__noplot__servebox,"{""--ablation"": ""none"", ""--ball-speed"": 7, ""--no-plot"": null, ""--serve-box"": null}",319,True,active,0.094877,1.945331,0.094712,0.0,0.0,1.22,0.99,1.2,15.0,0.094877,0.747,1.49,
exp17i_limits_ablation,ablationnone__ballspeed7__noplot__servebox,"{""--ablation"": ""none"", ""--ball-speed"": 7, ""--no-plot"": null, ""--serve-box"": null}",320,True,active,0.084287,1.965374,0.078466,45.0,0.0,1.53,0.99,1.7,15.0,0.084287,1.279,1.5,
exp17i_limits_ablation,ablationnone__ballspeed7__noplot__servebox,"{""--ablation"": ""none"", ""--ball-speed"": 7, ""--no-plot"": null, ""--serve-box"": null}",305,True,active,0.096082,1.903433,0.03977,0.0,0.0,1.56,0.99,1.7,25.0,0.096082,1.245,3.14,
exp17i_limits_ablation,ablationnone__ballspeed7__noplot__servebox,"{""--ablation"": ""none"", ""--ball-speed"": 7, ""--no-plot"": null, ""--serve-box"": null}",318,True,active,0.058594,1.989109,0.058594,0.0,0.0,1.75,1.0,1.6,15.0,0.058594,1.699,1.62,
exp17i_limits_ablation,ablationnone__ballspeed7__noplot__servebox,"{""--ablation"": ""none"", ""--ball-speed"": 7, ""--no-plot"": null, ""--serve-box"": null}",315,True,active,0.032192,1.959099,0.032192,0.0,0.0,1.3,1.0,1.7,15.0,0.032192,1.3,2.21,
exp17i_limits_ablation,ablationnone__ballspeed7__noplot__servebox,"{""--ablation"": ""none"", ""--ball-speed"": 7, ""--no-plot"": null, ""--serve-box"": null}",321,True,active,0.100881,1.940446,0.100881,40.0,0.0,1.81,0.99,1.7,15.0,0.100881,1.718,1.77,
exp17i_limits_ablation,ablationnone__ballspeed7__noplot__servebox,"{""--ablation"": ""none"", ""--ball-speed"": 7, ""--no-plot"": null, ""--serve-box"": null}",309,True,active,0.067122,1.966469,0.067122,15.0,0.0,1.8,0.97,2.0,20.0,0.067122,1.786,3.1,
exp17i_limits_ablation,ablationnone__ballspeed7__noplot__servebox,"{""--ablation"": ""none"", ""--ball-speed"": 7, ""--no-plot"": null, ""--serve-box"": null}",325,False,miss,0.336125,1.938612,0.164781,0.0,0.0,1.01,0.99,1.0,0.0,0.336125,0.0,1.45,
exp17i_limits_ablation,ablationnone__ballspeed7__noplot__servebox,"{""--ablation"": ""none"", ""--ball-speed"": 7, ""--no-plot"": null, ""--serve-box"": null}",324,True,active,0.10243,1.969028,0.06368,0.0,0.0,1.74,0.97,1.9,20.0,0.10243,1.681,1.54,
exp17i_limits_ablation,ablationnone__ballspeed7__noplot__servebox,"{""--ablation"": ""none"", ""--ball-speed"": 7, ""--no-plot"": null, ""--serve-box"": null}",312,True,active,0.081444,1.948714,0.04612,0.0,0.0,1.65,0.98,1.3,20.0,0.081444,1.324,3.03,
exp17i_limits_ablation,ablationnone__ballspeed7__noplot__servebox,"{""--ablation"": ""none"", ""--ball-speed"": 7, ""--no-plot"": null, ""--serve-box"": null}",322,True,passive,0.121692,1.920219,0.118931,45.0,0.0,1.06,0.99,1.5,10.0,0.121692,0.147,2.26,
exp17i_limits_ablation,ablationnone__ballspeed7__noplot__servebox,"{""--ablation"": ""none"", ""--ball-speed"": 7, ""--no-plot"": null, ""--serve-box"": null}",313,True,active,0.023394,1.954353,0.023394,55.0,0.0,1.36,1.0,1.4,5.0,0.023394,0.674,3.16,
exp17i_limits_ablation,ablationnone__ballspeed7__noplot__servebox,"{""--ablation"": ""none"", ""--ball-speed"": 7, ""--no-plot"": null, ""--serve-box"": null}",326,True,active,0.056783,1.96442,0.056783,45.0,0.0,1.45,0.99,1.4,15.0,0.056783,1.12,1.62,
exp17i_limits_ablation,ablationnone__ballspeed7__noplot__servebox,"{""--ablation"": ""none"", ""--ball-speed"": 7, ""--no-plot"": null, ""--serve-box"": null}",328,True,active,0.099047,1.967503,0.076378,55.0,0.0,1.17,1.0,1.4,0.0,0.099047,0.558,1.56,
exp17i_limits_ablation,ablationnone__ballspeed7__noplot__servebox,"{""--ablation"": ""none"", ""--ball-speed"": 7, ""--no-plot"": null, ""--serve-box"": null}",331,True,active,0.126155,1.948161,0.118578,0.0,0.0,1.51,1.0,1.6,15.0,0.126155,1.448,1.55,
exp17i_limits_ablation,ablationnone__ballspeed7__noplot__servebox,"{""--ablation"": ""none"", ""--ball-speed"": 7, ""--no-plot"": null, ""--serve-box"": null}",332,True,active,0.09529,1.940267,0.051537,0.0,0.0,1.29,0.99,1.3,15.0,0.09529,0.811,1.58,
exp17i_limits_ablation,ablationnone__ballspeed7__noplot__servebox,"{""--ablation"": ""none"", ""--ball-speed"": 7, ""--no-plot"": null, ""--serve-box"": null}",333,True,active,0.124479,1.956683,0.095074,60.0,0.0,1.14,1.0,1.2,0.0,0.124479,0.364,1.76,
exp17i_limits_ablation,ablationnone__ballspeed7__noplot__servebox,"{""--ablation"": ""none"", ""--ball-speed"": 7, ""--no-plot"": null, ""--serve-box"": null}",323,True,active,0.062873,1.941257,0.028204,10.0,0.0,1.71,1.0,1.5,20.0,0.062873,1.709,3.01,
exp17i_limits_ablation,ablationnone__ballspeed7__noplot__servebox,"{""--ablation"": ""none"", ""--ball-speed"": 7, ""--no-plot"": null, ""--serve-box"": null}",334,True,active,0.082717,1.958611,0.072813,0.0,0.0,1.79,1.0,1.8,30.0,0.082717,1.739,1.78,
exp17i_limits_ablation,ablationnone__ballspeed7__noplot__servebox,"{""--ablation"": ""none"", ""--ball-speed"": 7, ""--no-plot"": null, ""--serve-box"": null}",327,True,passive,0.064423,1.909927,0.064423,45.0,0.0,1.65,0.97,1.5,10.0,0.064423,0.13,2.52,
exp17i_limits_ablation,ablationnone__ballspeed7__noplot__servebox,"{""--ablation"": ""none"", ""--ball-speed"": 7, ""--no-plot"": null, ""--serve-box"": null}",330,True,active,0.085265,1.962718,0.076507,45.0,0.0,1.47,1.0,1.3,20.0,0.085265,0.909,2.28,
exp17i_limits_ablation,ablationnone__ballspeed7__noplot__servebox,"{""--ablation"": ""none"", ""--ball-speed"": 7, ""--no-plot"": null, ""--serve-box"": null}",336,False,miss,0.334381,1.934705,0.115927,0.0,0.0,1.73,1.0,1.6,0.0,0.334381,0.0,1.55,
exp17i_limits_ablation,ablationnone__ballspeed7__noplot__servebox,"{""--ablation"": ""none"", ""--ball-speed"": 7, ""--no-plot"": null, ""--serve-box"": null}",337,False,miss,0.31836,1.93524,0.155489,30.0,0.0,1.43,1.0,1.9,0.0,0.31836,0.0,1.76,
exp17i_limits_ablation,ablationnone__ballspeed7__noplot__servebox,"{""--ablation"": ""none"", ""--ball-speed"": 7, ""--no-plot"": null, ""--serve-box"": null}",339,True,active,0.080307,1.961218,0.038333,0.0,0.0,1.78,0.99,1.8,25.0,0.080307,1.612,1.68,
exp17i_limits_ablation,ablationnone__ballspeed7__noplot__servebox,"{""--ablation"": ""none"", ""--ball-speed"": 7, ""--no-plot"": null, ""--serve-box"": null}",338,False,miss,0.323753,2.018683,0.116142,0.0,0.0,1.73,1.0,1.7,0.0,0.323753,0.0,1.77,
exp17i_limits_ablation,ablationnone__ballspeed7__noplot__servebox,"{""--ablation"": ""none"", ""--ball-speed"": 7, ""--no-plot"": null, ""--serve-box"": null}",340,False,miss,0.421152,1.895375,0.213107,0.0,0.0,1.77,1.0,1.5,0.0,0.421152,0.0,1.75,
exp17i_limits_ablation,ablationnone__ballspeed7__noplot__servebox,"{""--ablation"": ""none"", ""--ball-speed"": 7, ""--no-plot"": null, ""--serve-box"": null}",351,,,,,,,,,,,,,,0.23,no_result
exp17i_limits_ablation,ablationnone__ballspeed7__noplot__servebox,"{""--ablation"": ""none"", ""--ball-speed"": 7, ""--no-plot"": null, ""--serve-box"": null}",329,True,active,0.145059,1.95106,0.14173,40.0,0.0,1.47,0.99,1.7,10.0,0.145059,1.198,2.91,
exp17i_limits_ablation,ablationnone__ballspeed7__noplot__servebox,"{""--ablation"": ""none"", ""--ball-speed"": 7, ""--no-plot"": null, ""--serve-box"": null}",342,True,active,0.071897,1.963442,0.071897,15.0,0.0,1.67,1.0,1.6,15.0,0.071897,1.165,1.59,
exp17i_limits_ablation,ablationnone__ballspeed7__noplot__servebox,"{""--ablation"": ""none"", ""--ball-speed"": 7, ""--no-plot"": null, ""--serve-box"": null}",343,False,miss,0.303613,1.918035,0.145142,30.0,0.0,1.15,0.99,1.1,0.0,0.303613,0.0,1.52,
exp17i_limits_ablation,ablationnone__ballspeed7__noplot__servebox,"{""--ablation"": ""none"", ""--ball-speed"": 7, ""--no-plot"": null, ""--serve-box"": null}",344,True,active,0.087513,2.016529,0.03561,0.0,0.0,1.98,1.0,1.5,30.0,0.087513,1.628,1.63,
exp17i_limits_ablation,ablationnone__ballspeed7__noplot__servebox,"{""--ablation"": ""none"", ""--ball-speed"": 7, ""--no-plot"": null, ""--serve-box"": null}",335,True,active,0.01836,1.969109,0.01836,60.0,0.0,1.41,0.99,1.3,0.0,0.01836,0.394,3.1,
exp17i_limits_ablation,ablationnone__ballspeed7__noplot__servebox,"{""--ablation"": ""none"", ""--ball-speed"": 7, ""--no-plot"": null, ""--serve-box"": null}",347,True,active,0.0236,1.951909,0.0236,45.0,0.0,1.62,0.99,1.6,10.0,0.0236,0.891,1.64,
exp17i_limits_ablation,ablationnone__ballspeed7__noplot__servebox,"{""--ablation"": ""none"", ""--ball-speed"": 7, ""--no-plot"": null, ""--serve-box"": null}",349,True,active,0.129475,1.950493,0.098874,55.0,0.0,1.28,1.0,1.6,15.0,0.129475,0.867,1.66,
exp17i_limits_ablation,ablationnone__ballspeed7__noplot__servebox,"{""--ablation"": ""none"", ""--ball-speed"": 7, ""--no-plot"": null, ""--serve-box"": null}",353,True,active,0.084398,1.933241,0.064218,0.0,0.0,1.77,1.0,1.7,20.0,0.084398,1.571,1.5,
exp17i_limits_ablation,ablationnone__ballspeed7__noplot__servebox,"{""--ablation"": ""none"", ""--ball-speed"": 7, ""--no-plot"": null, ""--serve-box"": null}",352,True,active,0.097984,1.937799,0.088635,0.0,0.0,1.49,1.0,1.4,25.0,0.097984,0.605,1.53,
exp17i_limits_ablation,ablationnone__ballspeed7__noplot__servebox,"{""--ablation"": ""none"", ""--ball-speed"": 7, ""--no-plot"": null, ""--serve-box"": null}",354,True,active,0.103592,1.923534,0.099894,50.0,0.0,1.24,0.99,1.6,5.0,0.103592,0.569,1.46,
exp17i_limits_ablation,ablationnone__ballspeed7__noplot__servebox,"{""--ablation"": ""none"", ""--ball-speed"": 7, ""--no-plot"": null, ""--serve-box"": null}",341,True,active,0.065916,1.986823,0.065916,0.0,0.0,1.79,0.97,1.8,25.0,0.065916,1.721,3.02,
exp17i_limits_ablation,ablationnone__ballspeed7__noplot__servebox,"{""--ablation"": ""none"", ""--ball-speed"": 7, ""--no-plot"": null, ""--serve-box"": null}",357,False,miss,0.301051,1.946709,0.117396,0.0,0.0,1.79,1.0,1.6,0.0,0.301051,0.0,1.46,
exp17i_limits_ablation,ablationnone__ballspeed7__noplot__servebox,"{""--ablation"": ""none"", ""--ball-speed"": 7, ""--no-plot"": null, ""--serve-box"": null}",358,True,active,0.048697,1.997366,0.048697,50.0,0.0,1.68,1.0,1.6,10.0,0.048697,0.929,1.74,
exp17i_limits_ablation,ablationnone__ballspeed7__noplot__servebox,"{""--ablation"": ""none"", ""--ball-speed"": 7, ""--no-plot"": null, ""--serve-box"": null}",359,False,miss,0.27266,1.941512,0.153131,30.0,0.0,1.05,1.0,1.2,0.0,0.27266,0.0,1.58,
exp17i_limits_ablation,ablationnone__ballspeed7__noplot__servebox,"{""--ablation"": ""none"", ""--ball-speed"": 7, ""--no-plot"": null, ""--serve-box"": null}",346,False,miss,0.267675,1.943756,0.140176,35.0,0.0,1.1,1.0,1.2,0.0,0.267675,0.0,3.04,
exp17i_limits_ablation,ablationnone__ballspeed7__noplot__servebox,"{""--ablation"": ""none"", ""--ball-speed"": 7, ""--no-plot"": null, ""--serve-box"": null}",345,True,active,0.081373,1.924671,0.081373,45.0,0.0,1.24,1.0,1.4,10.0,0.081373,1.241,3.16,
exp17i_limits_ablation,ablationnone__ballspeed7__noplot__servebox,"{""--ablation"": ""none"", ""--ball-speed"": 7, ""--no-plot"": null, ""--serve-box"": null}",360,True,active,0.045266,1.938477,0.045266,45.0,0.0,1.71,0.99,1.5,20.0,0.045266,1.292,1.52,
exp17i_limits_ablation,ablationnone__ballspeed7__noplot__servebox,"{""--ablation"": ""none"", ""--ball-speed"": 7, ""--no-plot"": null, ""--serve-box"": null}",361,True,active,0.082404,1.930336,0.076382,45.0,0.0,1.37,1.0,1.5,15.0,0.082404,0.96,1.54,
exp17i_limits_ablation,ablationnone__ballspeed7__noplot__servebox,"{""--ablation"": ""none"", ""--ball-speed"": 7, ""--no-plot"": null, ""--serve-box"": null}",348,True,active,0.116751,1.968777,0.081476,60.0,0.0,1.29,0.99,1.2,10.0,0.116751,0.872,3.09,
exp17i_limits_ablation,ablationnone__ballspeed7__noplot__servebox,"{""--ablation"": ""none"", ""--ball-speed"": 7, ""--no-plot"": null, ""--serve-box"": null}",350,False,miss,0.303919,1.965637,0.170102,20.0,0.0,1.05,1.0,1.3,0.0,0.303919,0.0,3.05,
exp17i_limits_ablation,ablationnone__ballspeed7__noplot__servebox,"{""--ablation"": ""none"", ""--ball-speed"": 7, ""--no-plot"": null, ""--serve-box"": null}",356,True,active,0.104858,1.923115,0.092909,0.0,0.0,1.76,1.0,1.8,20.0,0.104858,1.69,2.53,
exp17i_limits_ablation,ablationnone__ballspeed7__noplot__servebox,"{""--ablation"": ""none"", ""--ball-speed"": 7, ""--no-plot"": null, ""--serve-box"": null}",364,True,active,0.100873,1.87657,0.100873,0.0,0.0,1.65,0.79,1.5,20.0,0.100873,1.646,1.51,
exp17i_limits_ablation,ablationnone__ballspeed7__noplot__servebox,"{""--ablation"": ""none"", ""--ball-speed"": 7, ""--no-plot"": null, ""--serve-box"": null}",365,True,active,0.041602,1.956945,0.041602,50.0,0.0,1.32,1.0,1.4,5.0,0.041602,0.959,1.49,
exp17i_limits_ablation,ablationnone__ballspeed7__noplot__servebox,"{""--ablation"": ""none"", ""--ball-speed"": 7, ""--no-plot"": null, ""--serve-box"": null}",362,True,active,0.076804,1.927698,0.076804,50.0,0.0,1.23,1.0,1.6,15.0,0.076804,0.646,1.78,
exp17i_limits_ablation,ablationnone__ballspeed7__noplot__servebox,"{""--ablation"": ""none"", ""--ball-speed"": 7, ""--no-plot"": null, ""--serve-box"": null}",355,True,active,0.093364,1.975118,0.039212,0.0,0.0,1.38,0.99,1.3,15.0,0.093364,1.162,2.95,
exp17i_limits_ablation,ablationnone__ballspeed7__noplot__servebox,"{""--ablation"": ""none"", ""--ball-speed"": 7, ""--no-plot"": null, ""--serve-box"": null}",363,True,active,0.098862,1.977565,0.095437,45.0,0.0,1.11,1.0,1.4,10.0,0.098862,0.733,1.67,
exp17i_limits_ablation,ablationnone__ballspeed7__noplot__servebox,"{""--ablation"": ""none"", ""--ball-speed"": 7, ""--no-plot"": null, ""--serve-box"": null}",366,True,active,0.098428,1.956429,0.030872,0.0,0.0,1.78,0.99,1.6,25.0,0.098428,1.109,1.53,
exp17i_limits_ablation,ablationnone__ballspeed7__noplot__servebox,"{""--ablation"": ""none"", ""--ball-speed"": 7, ""--no-plot"": null, ""--serve-box"": null}",368,True,active,0.132652,1.942738,0.124983,45.0,0.0,1.22,1.0,1.1,5.0,0.132652,0.625,1.55,
exp17i_limits_ablation,ablationnone__ballspeed7__noplot__servebox,"{""--ablation"": ""none"", ""--ball-speed"": 7, ""--no-plot"": null, ""--serve-box"": null}",369,False,miss,0.361577,1.93149,0.136723,0.0,0.0,1.65,1.0,1.9,0.0,0.361577,0.0,1.6,
exp17i_limits_ablation,ablationnone__ballspeed7__noplot__servebox,"{""--ablation"": ""none"", ""--ball-speed"": 7, ""--no-plot"": null, ""--serve-box"": null}",371,True,active,0.119807,1.973227,0.075238,50.0,0.0,1.18,0.99,1.5,15.0,0.119807,0.836,1.7,
exp17i_limits_ablation,ablationnone__ballspeed7__noplot__servebox,"{""--ablation"": ""none"", ""--ball-speed"": 7, ""--no-plot"": null, ""--serve-box"": null}",375,True,active,0.027136,1.934597,0.027136,55.0,0.0,1.33,1.0,1.6,0.0,0.027136,0.366,1.48,
exp17i_limits_ablation,ablationnone__ballspeed7__noplot__servebox,"{""--ablation"": ""none"", ""--ball-speed"": 7, ""--no-plot"": null, ""--serve-box"": null}",376,False,miss,0.318193,1.928972,0.148651,0.0,0.0,0.97,1.0,1.1,0.0,0.318193,0.0,1.53,
exp17i_limits_ablation,ablationnone__ballspeed7__noplot__servebox,"{""--ablation"": ""none"", ""--ball-speed"": 7, ""--no-plot"": null, ""--serve-box"": null}",374,False,miss,0.32751,1.910072,0.160647,20.0,0.0,1.31,0.98,1.6,0.0,0.32751,0.0,1.67,
exp17i_limits_ablation,ablationnone__ballspeed7__noplot__servebox,"{""--ablation"": ""none"", ""--ball-speed"": 7, ""--no-plot"": null, ""--serve-box"": null}",377,True,active,0.093516,1.962605,0.087192,40.0,0.0,1.37,0.99,1.8,20.0,0.093516,1.144,1.52,
exp17i_limits_ablation,ablationnone__ballspeed7__noplot__servebox,"{""--ablation"": ""none"", ""--ball-speed"": 7, ""--no-plot"": null, ""--serve-box"": null}",379,True,active,0.084103,1.953163,0.084103,40.0,0.0,1.37,0.99,1.3,10.0,0.084103,1.372,1.48,
exp17i_limits_ablation,ablationnone__ballspeed7__noplot__servebox,"{""--ablation"": ""none"", ""--ball-speed"": 7, ""--no-plot"": null, ""--serve-box"": null}",367,True,active,0.087181,1.956905,0.087181,40.0,0.0,1.65,1.0,1.5,15.0,0.087181,1.55,2.89,
exp17i_limits_ablation,ablationnone__ballspeed7__noplot__servebox,"{""--ablation"": ""none"", ""--ball-speed"": 7, ""--no-plot"": null, ""--serve-box"": null}",378,False,miss,0.299918,1.937999,0.106892,0.0,0.0,1.73,0.99,1.6,0.0,0.299918,0.0,1.75,
exp17i_limits_ablation,ablationnone__ballspeed7__noplot__servebox,"{""--ablation"": ""none"", ""--ball-speed"": 7, ""--no-plot"": null, ""--serve-box"": null}",382,True,active,0.1014,1.93,0.086628,50.0,0.0,1.34,1.0,1.3,20.0,0.1014,0.569,1.66,
exp17i_limits_ablation,ablationnone__ballspeed7__noplot__servebox,"{""--ablation"": ""none"", ""--ball-speed"": 7, ""--no-plot"": null, ""--serve-box"": null}",380,False,miss,0.315661,1.952644,0.141266,30.0,0.0,1.17,1.0,1.1,0.0,0.315661,0.0,2.14,
exp17i_limits_ablation,ablationnone__ballspeed7__noplot__servebox,"{""--ablation"": ""none"", ""--ball-speed"": 7, ""--no-plot"": null, ""--serve-box"": null}",370,True,active,0.045204,1.970691,0.045204,0.0,0.0,1.79,1.0,2.0,25.0,0.045204,1.787,3.01,
exp17i_limits_ablation,ablationnone__ballspeed7__noplot__servebox,"{""--ablation"": ""none"", ""--ball-speed"": 7, ""--no-plot"": null, ""--serve-box"": null}",383,True,active,0.06526,1.928094,0.050845,0.0,0.0,1.26,1.0,1.2,20.0,0.06526,1.04,1.8,
exp17i_limits_ablation,ablationnone__ballspeed7__noplot__servebox,"{""--ablation"": ""none"", ""--ball-speed"": 7, ""--no-plot"": null, ""--serve-box"": null}",372,True,active,0.100125,1.813341,0.100125,0.0,0.0,1.79,0.99,2.0,20.0,0.100125,1.745,3.03,
exp17i_limits_ablation,ablationnone__ballspeed7__noplot__servebox,"{""--ablation"": ""none"", ""--ball-speed"": 7, ""--no-plot"": null, ""--serve-box"": null}",386,True,active,0.082044,1.951631,0.040485,0.0,0.0,1.49,1.0,1.6,20.0,0.082044,1.368,1.57,
exp17i_limits_ablation,ablationnone__ballspeed7__noplot__servebox,"{""--ablation"": ""none"", ""--ball-speed"": 7, ""--no-plot"": null, ""--serve-box"": null}",373,True,active,0.096038,1.937749,0.096038,40.0,0.0,1.58,0.99,1.6,20.0,0.096038,1.181,3.12,
exp17i_limits_ablation,ablationnone__ballspeed7__noplot__servebox,"{""--ablation"": ""none"", ""--ball-speed"": 7, ""--no-plot"": null, ""--serve-box"": null}",389,True,active,0.078048,1.969803,0.051424,0.0,0.0,1.8,1.0,1.6,25.0,0.078048,1.705,1.51,
exp17i_limits_ablation,ablationnone__ballspeed7__noplot__servebox,"{""--ablation"": ""none"", ""--ball-speed"": 7, ""--no-plot"": null, ""--serve-box"": null}",385,True,active,0.102555,1.959361,0.066375,45.0,0.0,1.23,0.99,1.2,15.0,0.102555,0.888,1.91,
exp17i_limits_ablation,ablationnone__ballspeed7__noplot__servebox,"{""--ablation"": ""none"", ""--ball-speed"": 7, ""--no-plot"": null, ""--serve-box"": null}",384,True,active,0.049596,1.938013,0.049596,50.0,0.0,1.62,1.0,1.6,5.0,0.049596,0.507,2.32,
exp17i_limits_ablation,ablationnone__ballspeed7__noplot__servebox,"{""--ablation"": ""none"", ""--ball-speed"": 7, ""--no-plot"": null, ""--serve-box"": null}",381,True,active,0.112505,1.95878,0.089379,45.0,0.0,1.15,1.0,1.1,10.0,0.112505,0.721,3.08,
exp17i_limits_ablation,ablationnone__ballspeed7__noplot__servebox,"{""--ablation"": ""none"", ""--ball-speed"": 7, ""--no-plot"": null, ""--serve-box"": null}",390,True,active,0.089549,1.944931,0.039035,0.0,0.0,1.58,1.0,1.4,20.0,0.089549,1.583,1.65,
exp17i_limits_ablation,ablationnone__ballspeed7__noplot__servebox,"{""--ablation"": ""none"", ""--ball-speed"": 7, ""--no-plot"": null, ""--serve-box"": null}",392,True,active,0.075778,1.937572,0.073046,50.0,0.0,1.38,1.0,1.1,10.0,0.075778,1.379,1.57,
exp17i_limits_ablation,ablationnone__ballspeed7__noplot__servebox,"{""--ablation"": ""none"", ""--ball-speed"": 7, ""--no-plot"": null, ""--serve-box"": null}",391,True,active,0.102671,1.925855,0.087952,50.0,0.0,1.24,0.99,1.3,10.0,0.102671,0.885,1.75,
exp17i_limits_ablation,ablationnone__ballspeed7__noplot__servebox,"{""--ablation"": ""none"", ""--ball-speed"": 7, ""--no-plot"": null, ""--serve-box"": null}",394,False,miss,0.321702,1.919804,0.12075,0.0,0.0,1.4,0.99,1.3,0.0,0.321702,0.0,1.43,
exp17i_limits_ablation,ablationnone__ballspeed7__noplot__servebox,"{""--ablation"": ""none"", ""--ball-speed"": 7, ""--no-plot"": null, ""--serve-box"": null}",388,True,active,0.063523,1.971573,0.063523,40.0,0.0,1.59,1.0,1.4,15.0,0.063523,1.591,2.31,
exp17i_limits_ablation,ablationnone__ballspeed7__noplot__servebox,"{""--ablation"": ""none"", ""--ball-speed"": 7, ""--no-plot"": null, ""--serve-box"": null}",393,True,active,0.034772,1.951267,0.034772,45.0,0.0,1.78,0.99,1.9,20.0,0.034772,1.108,1.88,
exp17i_limits_ablation,ablationnone__ballspeed7__noplot__servebox,"{""--ablation"": ""none"", ""--ball-speed"": 7, ""--no-plot"": null, ""--serve-box"": null}",387,True,active,0.141469,1.949112,0.136166,40.0,0.0,1.72,0.98,1.8,20.0,0.141469,1.505,2.59,
exp17i_limits_ablation,ablationnone__ballspeed7__noplot__servebox,"{""--ablation"": ""none"", ""--ball-speed"": 7, ""--no-plot"": null, ""--serve-box"": null}",395,True,active,0.061684,1.94873,0.061684,45.0,0.0,1.72,1.0,1.6,10.0,0.061684,1.481,1.51,
exp17i_limits_ablation,ablationnone__ballspeed7__noplot__servebox,"{""--ablation"": ""none"", ""--ball-speed"": 7, ""--no-plot"": null, ""--serve-box"": null}",397,True,active,0.101344,1.963733,0.080954,50.0,0.0,1.23,0.99,1.2,15.0,0.101344,0.992,1.44,
exp17i_limits_ablation,ablationnone__ballspeed7__noplot__servebox,"{""--ablation"": ""none"", ""--ball-speed"": 7, ""--no-plot"": null, ""--serve-box"": null}",398,False,miss,0.326947,1.942882,0.159682,0.0,0.0,1.13,0.99,1.8,0.0,0.326947,0.0,1.53,
exp17i_limits_ablation,ablationnone__ballspeed7__noplot__servebox,"{""--ablation"": ""none"", ""--ball-speed"": 7, ""--no-plot"": null, ""--serve-box"": null}",396,True,active,0.033661,1.938009,0.033661,50.0,0.0,1.6,1.0,1.5,10.0,0.033661,1.472,1.8,
exp17i_limits_ablation,ablationnone__ballspeed7__noplot__servebox,"{""--ablation"": ""none"", ""--ball-speed"": 7, ""--no-plot"": null, ""--serve-box"": null}",400,True,active,0.017189,1.975853,0.017189,55.0,0.0,1.38,1.01,2.0,10.0,0.017189,1.361,1.38,
exp17i_limits_ablation,ablationnone__ballspeed7__noplot__servebox,"{""--ablation"": ""none"", ""--ball-speed"": 7, ""--no-plot"": null, ""--serve-box"": null}",399,True,active,0.085088,1.958027,0.076548,15.0,0.0,1.58,0.96,1.5,15.0,0.085088,1.575,1.73,
