experiment,config_id,config_json,seed,hit,hit_type,pos_error,vel_error,min_dist,ball_near_ms,tube_ready_ms,max_tcp,max_qdot,max_face,hit_time_error_ms,hit_pos_error,v_racket_at_hit,wall_time,first_plan_ms,ball_out_speed,ball_out_vy,error
exp27_ball_quality,ablationfull__ballspeed9__noplot__servebox,"{""--ablation"": ""full"", ""--ball-speed"": 9, ""--no-plot"": null, ""--serve-box"": null}",9,True,active,0.137241,1.963303,0.132474,30.0,85.0,1.78,0.99,1.8,15.0,0.137241,1.756,1.54,1102.1,7.964,-4.025,
exp27_ball_quality,ablationfull__ballspeed9__noplot__servebox,"{""--ablation"": ""full"", ""--ball-speed"": 9, ""--no-plot"": null, ""--serve-box"": null}",15,True,active,0.108297,1.950195,0.10011,0.0,0.0,1.77,0.98,2.1,15.0,0.108297,1.775,1.58,1036.9,7.829,1.775,
exp27_ball_quality,ablationfull__ballspeed9__noplot__servebox,"{""--ablation"": ""full"", ""--ball-speed"": 9, ""--no-plot"": null, ""--serve-box"": null}",2,True,active,0.101154,1.951322,0.090046,35.0,70.0,1.79,1.0,1.8,20.0,0.101154,1.781,1.6,1019.8,6.85,1.463,
exp27_ball_quality,ablationfull__ballspeed9__noplot__servebox,"{""--ablation"": ""full"", ""--ball-speed"": 9, ""--no-plot"": null, ""--serve-box"": null}",11,True,active,0.106181,1.903871,0.101442,40.0,105.0,1.61,0.99,1.4,10.0,0.106181,0.726,1.6,1023.6,7.399,-2.452,
exp27_ball_quality,ablationfull__ballspeed9__noplot__servebox,"{""--ablation"": ""full"", ""--ball-speed"": 9, ""--no-plot"": null, ""--serve-box"": null}",8,True,active,0.144057,1.957844,0.122085,35.0,105.0,1.24,1.0,1.6,0.0,0.144057,0.473,1.62,1030.2,7.43,-7.4,
exp27_ball_quality,ablationfull__ballspeed9__noplot__servebox,"{""--ablation"": ""full"", ""--ball-speed"": 9, ""--no-plot"": null, ""--serve-box"": null}",12,True,active,0.07331,1.951965,0.07331,40.0,105.0,1.8,0.99,1.8,20.0,0.07331,1.781,1.63,1061.7,6.874,-3.78,
exp27_ball_quality,ablationfull__ballspeed9__noplot__servebox,"{""--ablation"": ""full"", ""--ball-speed"": 9, ""--no-plot"": null, ""--serve-box"": null}",1,True,active,0.06683,1.96945,0.06683,40.0,105.0,1.81,1.0,1.4,15.0,0.06683,1.633,1.65,1041.0,8.568,-5.489,
exp27_ball_quality,ablationfull__ballspeed9__noplot__servebox,"{""--ablation"": ""full"", ""--ball-speed"": 9, ""--no-plot"": null, ""--serve-box"": null}",16,True,active,0.065424,1.976198,0.058809,5.0,45.0,1.63,1.0,1.6,15.0,0.065424,1.347,1.68,1138.2,8.117,-0.269,
exp27_ball_quality,ablationfull__ballspeed9__noplot__servebox,"{""--ablation"": ""full"", ""--ball-speed"": 9, ""--no-plot"": null, ""--serve-box"": null}",20,,,,,,,,,,,,,,0.26,,,,no_result
exp27_ball_quality,ablationfull__ballspeed9__noplot__servebox,"{""--ablation"": ""full"", ""--ball-speed"": 9, ""--no-plot"": null, ""--serve-box"": null}",21,,,,,,,,,,,,,,0.25,,,,no_result
exp27_ball_quality,ablationfull__ballspeed9__noplot__servebox,"{""--ablation"": ""full"", ""--ball-speed"": 9, ""--no-plot"": null, ""--serve-box"": null}",7,True,active,0.102696,1.949466,0.098637,35.0,105.0,1.78,0.99,1.7,20.0,0.102696,1.761,2.28,1766.0,7.491,-2.335,
exp27_ball_quality,ablationfull__ballspeed9__noplot__servebox,"{""--ablation"": ""full"", ""--ball-speed"": 9, ""--no-plot"": null, ""--serve-box"": null}",6,True,active,0.10185,1.949561,0.095652,35.0,105.0,1.8,0.99,1.6,20.0,0.10185,1.742,2.3,1826.0,6.169,-1.684,
exp27_ball_quality,ablationfull__ballspeed9__noplot__servebox,"{""--ablation"": ""full"", ""--ball-speed"": 9, ""--no-plot"": null, ""--serve-box"": null}",17,True,active,0.084584,1.933898,0.081287,45.0,105.0,1.4,1.0,1.3,5.0,0.084584,0.55,1.43,1053.1,7.026,-6.564,
exp27_ball_quality,ablationfull__ballspeed9__noplot__servebox,"{""--ablation"": ""full"", ""--ball-speed"": 9, ""--no-plot"": null, ""--serve-box"": null}",4,True,active,0.124027,1.955262,0.109907,40.0,105.0,1.8,0.99,1.7,20.0,0.124027,1.699,2.99,2276.4,7.35,-3.77,
exp27_ball_quality,ablationfull__ballspeed9__noplot__servebox,"{""--ablation"": ""full"", ""--ball-speed"": 9, ""--no-plot"": null, ""--serve-box"": null}",18,True,active,0.114785,1.992625,0.114785,30.0,105.0,1.81,0.99,1.9,20.0,0.114785,1.653,1.42,1028.5,7.534,-1.991,
exp27_ball_quality,ablationfull__ballspeed9__noplot__servebox,"{""--ablation"": ""full"", ""--ball-speed"": 9, ""--no-plot"": null, ""--serve-box"": null}",23,True,active,0.105769,1.94775,0.105769,35.0,105.0,1.78,0.99,1.9,15.0,0.105769,1.696,1.43,1005.1,6.884,-3.991,
exp27_ball_quality,ablationfull__ballspeed9__noplot__servebox,"{""--ablation"": ""full"", ""--ball-speed"": 9, ""--no-plot"": null, ""--serve-box"": null}",14,True,active,0.085757,1.98576,0.085757,40.0,105.0,1.79,1.0,1.4,15.0,0.085757,1.757,3.11,2331.5,8.553,-7.103,
exp27_ball_quality,ablationfull__ballspeed9__noplot__servebox,"{""--ablation"": ""full"", ""--ball-speed"": 9, ""--no-plot"": null, ""--serve-box"": null}",22,True,active,0.103366,1.918018,0.064212,0.0,0.0,1.8,1.0,1.8,25.0,0.103366,1.782,1.49,1026.1,8.183,2.685,
exp27_ball_quality,ablationfull__ballspeed9__noplot__servebox,"{""--ablation"": ""full"", ""--ball-speed"": 9, ""--no-plot"": null, ""--serve-box"": null}",5,True,active,0.102937,1.950804,0.069905,0.0,0.0,1.79,0.99,1.5,25.0,0.102937,1.599,3.13,2342.5,8.277,0.45,
exp27_ball_quality,ablationfull__ballspeed9__noplot__servebox,"{""--ablation"": ""full"", ""--ball-speed"": 9, ""--no-plot"": null, ""--serve-box"": null}",10,True,active,0.099045,1.962541,0.096678,40.0,105.0,1.8,1.0,1.6,15.0,0.099045,1.679,3.15,2381.8,8.154,-6.093,
exp27_ball_quality,ablationfull__ballspeed9__noplot__servebox,"{""--ablation"": ""full"", ""--ball-speed"": 9, ""--no-plot"": null, ""--serve-box"": null}",3,True,active,0.136368,1.915636,0.123043,35.0,100.0,1.75,1.0,1.7,25.0,0.136368,1.543,3.2,2304.0,7.642,-4.993,
exp27_ball_quality,ablationfull__ballspeed9__noplot__servebox,"{""--ablation"": ""full"", ""--ball-speed"": 9, ""--no-plot"": null, ""--serve-box"": null}",24,False,miss,0.31935,1.934235,0.130031,0.0,15.0,1.76,1.0,1.7,0.0,0.31935,0.0,1.61,1193.0,-1.0,-99.0,
exp27_ball_quality,ablationfull__ballspeed9__noplot__servebox,"{""--ablation"": ""full"", ""--ball-speed"": 9, ""--no-plot"": null, ""--serve-box"": null}",13,True,active,0.14318,1.916528,0.140801,35.0,75.0,1.14,1.0,1.4,5.0,0.14318,0.746,3.32,2340.1,8.034,-4.182,
exp27_ball_quality,ablationfull__ballspeed9__noplot__servebox,"{""--ablation"": ""full"", ""--ball-speed"": 9, ""--no-plot"": null, ""--serve-box"": null}",25,False,miss,0.310899,1.935819,0.218241,0.0,0.0,1.1,1.0,1.4,0.0,0.310899,0.0,1.6,1066.4,-1.0,-99.0,
exp27_ball_quality,ablationfull__ballspeed9__noplot__servebox,"{""--ablation"": ""full"", ""--ball-speed"": 9, ""--no-plot"": null, ""--serve-box"": null}",26,True,active,0.093695,1.948249,0.093695,40.0,105.0,1.8,1.0,1.6,20.0,0.093695,1.532,1.69,1157.3,7.875,-4.333,
exp27_ball_quality,ablationfull__ballspeed9__noplot__servebox,"{""--ablation"": ""full"", ""--ball-speed"": 9, ""--no-plot"": null, ""--serve-box"": null}",19,True,active,0.113456,1.937541,0.099306,0.0,0.0,1.78,0.99,2.0,25.0,0.113456,1.64,2.1,1469.8,7.622,1.339,
exp27_ball_quality,ablationfull__ballspeed9__noplot__servebox,"{""--ablation"": ""full"", ""--ball-speed"": 9, ""--no-plot"": null, ""--serve-box"": null}",27,True,active,0.034755,1.914821,0.034755,40.0,105.0,1.48,1.0,1.7,10.0,0.034755,0.754,1.47,1066.5,8.514,-7.145,
exp27_ball_quality,ablationfull__ballspeed9__noplot__servebox,"{""--ablation"": ""full"", ""--ball-speed"": 9, ""--no-plot"": null, ""--serve-box"": null}",28,True,active,0.101675,1.934764,0.08609,0.0,0.0,1.79,0.98,1.6,20.0,0.101675,1.745,1.77,1414.8,8.359,2.273,
exp27_ball_quality,ablationfull__ballspeed9__noplot__servebox,"{""--ablation"": ""full"", ""--ball-speed"": 9, ""--no-plot"": null, ""--serve-box"": null}",31,False,miss,0.355262,1.968782,0.153561,25.0,0.0,1.5,0.99,1.4,0.0,0.355262,0.0,1.43,1053.8,-1.0,-99.0,
exp27_ball_quality,ablationfull__ballspeed9__noplot__servebox,"{""--ablation"": ""full"", ""--ball-speed"": 9, ""--no-plot"": null, ""--serve-box"": null}",36,True,active,0.115858,1.931859,0.113812,35.0,105.0,1.79,1.0,1.8,10.0,0.115858,1.403,1.45,1012.3,7.043,-5.13,
exp27_ball_quality,ablationfull__ballspeed9__noplot__servebox,"{""--ablation"": ""full"", ""--ball-speed"": 9, ""--no-plot"": null, ""--serve-box"": null}",34,True,active,0.09099,1.983368,0.09099,30.0,105.0,1.81,1.0,1.7,20.0,0.09099,1.661,1.7,1200.8,7.812,-2.546,
exp27_ball_quality,ablationfull__ballspeed9__noplot__servebox,"{""--ablation"": ""full"", ""--ball-speed"": 9, ""--no-plot"": null, ""--serve-box"": null}",39,True,active,0.091562,1.913835,0.091562,40.0,105.0,1.8,0.99,2.0,10.0,0.091562,1.773,1.51,1047.6,7.635,-2.924,
exp27_ball_quality,ablationfull__ballspeed9__noplot__servebox,"{""--ablation"": ""full"", ""--ball-speed"": 9, ""--no-plot"": null, ""--serve-box"": null}",37,True,active,0.139208,1.965344,0.125336,35.0,65.0,1.65,1.0,1.7,20.0,0.139208,1.298,1.76,1257.8,8.118,-3.752,
exp27_ball_quality,ablationfull__ballspeed9__noplot__servebox,"{""--ablation"": ""full"", ""--ball-speed"": 9, ""--no-plot"": null, ""--serve-box"": null}",41,True,active,0.056183,1.997129,0.034753,40.0,105.0,1.8,1.0,2.1,5.0,0.056183,1.348,1.55,1087.9,8.715,-3.744,
exp27_ball_quality,ablationfull__ballspeed9__noplot__servebox,"{""--ablation"": ""full"", ""--ball-speed"": 9, ""--no-plot"": null, ""--serve-box"": null}",43,True,active,0.115634,1.944807,0.113098,35.0,105.0,1.8,1.0,1.8,25.0,0.115634,1.395,1.4,997.8,7.153,-5.033,
exp27_ball_quality,ablationfull__ballspeed9__noplot__servebox,"{""--ablation"": ""full"", ""--ball-speed"": 9, ""--no-plot"": null, ""--serve-box"": null}",42,True,active,0.094913,1.966658,0.094913,35.0,105.0,1.81,1.0,1.7,20.0,0.094913,1.537,1.67,1169.4,7.231,-2.127,
exp27_ball_quality,ablationfull__ballspeed9__noplot__servebox,"{""--ablation"": ""full"", ""--ball-speed"": 9, ""--no-plot"": null, ""--serve-box"": null}",44,True,active,0.129569,1.964779,0.121277,40.0,105.0,1.83,1.0,2.2,20.0,0.129569,1.757,1.42,1044.9,7.652,-6.637,
exp27_ball_quality,ablationfull__ballspeed9__noplot__servebox,"{""--ablation"": ""full"", ""--ball-speed"": 9, ""--no-plot"": null, ""--serve-box"": null}",40,True,active,0.073123,1.977508,0.073123,40.0,105.0,1.81,0.98,1.7,15.0,0.073123,1.732,2.12,1662.1,7.135,-2.207,
exp27_ball_quality,ablationfull__ballspeed9__noplot__servebox,"{""--ablation"": ""full"", ""--ball-speed"": 9, ""--no-plot"": null, ""--serve-box"": null}",32,True,active,0.102337,1.943804,0.089879,45.0,105.0,1.74,1.0,1.7,15.0,0.102337,1.74,2.51,1823.6,7.619,-4.877,
exp27_ball_quality,ablationfull__ballspeed9__noplot__servebox,"{""--ablation"": ""full"", ""--ball-speed"": 9, ""--no-plot"": null, ""--serve-box"": null}",33,True,active,0.110297,1.972966,0.110297,35.0,105.0,1.79,0.98,2.0,15.0,0.110297,1.783,2.52,1845.4,7.375,-2.333,
exp27_ball_quality,ablationfull__ballspeed9__noplot__servebox,"{""--ablation"": ""full"", ""--ball-speed"": 9, ""--no-plot"": null, ""--serve-box"": null}",45,True,active,0.109191,1.972798,0.108133,35.0,105.0,1.81,1.0,1.8,20.0,0.109191,1.799,1.49,1082.8,8.077,-3.411,
exp27_ball_quality,ablationfull__ballspeed9__noplot__servebox,"{""--ablation"": ""full"", ""--ball-speed"": 9, ""--no-plot"": null, ""--serve-box"": null}",30,True,active,0.071285,1.94592,0.051287,0.0,0.0,1.79,0.98,1.7,20.0,0.071285,1.784,2.94,2219.5,7.353,1.699,
exp27_ball_quality,ablationfull__ballspeed9__noplot__servebox,"{""--ablation"": ""full"", ""--ball-speed"": 9, ""--no-plot"": null, ""--serve-box"": null}",29,True,active,0.106476,1.908638,0.103461,35.0,105.0,0.99,1.0,1.2,5.0,0.106476,0.363,3.09,2294.1,7.521,-7.263,
exp27_ball_quality,ablationfull__ballspeed9__noplot__servebox,"{""--ablation"": ""full"", ""--ball-speed"": 9, ""--no-plot"": null, ""--serve-box"": null}",35,True,active,0.113404,1.959309,0.104396,40.0,105.0,1.79,0.99,1.7,20.0,0.113404,1.656,3.04,2243.3,7.61,-2.695,
exp27_ball_quality,ablationfull__ballspeed9__noplot__servebox,"{""--ablation"": ""full"", ""--ball-speed"": 9, ""--no-plot"": null, ""--serve-box"": null}",38,True,active,0.089332,1.985166,0.089332,30.0,105.0,1.81,1.0,1.7,20.0,0.089332,1.451,2.98,2258.1,7.253,-3.641,
exp27_ball_quality,ablationfull__ballspeed9__noplot__servebox,"{""--ablation"": ""full"", ""--ball-speed"": 9, ""--no-plot"": null, ""--serve-box"": null}",48,True,active,0.105054,1.942428,0.099425,35.0,105.0,1.79,1.0,1.7,20.0,0.105054,1.749,1.5,1079.7,8.389,-6.493,
exp27_ball_quality,ablationfull__ballspeed9__noplot__servebox,"{""--ablation"": ""full"", ""--ball-speed"": 9, ""--no-plot"": null, ""--serve-box"": null}",49,True,active,0.09145,1.949414,0.084788,45.0,105.0,1.78,0.99,1.9,20.0,0.09145,1.743,1.54,1130.1,7.497,-5.161,
exp27_ball_quality,ablationfull__ballspeed9__noplot__servebox,"{""--ablation"": ""full"", ""--ball-speed"": 9, ""--no-plot"": null, ""--serve-box"": null}",46,True,active,0.108514,1.968238,0.104572,35.0,105.0,1.34,0.99,1.4,10.0,0.108514,1.098,1.96,1574.4,7.949,-6.982,
exp27_ball_quality,ablationfull__ballspeed9__noplot__servebox,"{""--ablation"": ""full"", ""--ball-speed"": 9, ""--no-plot"": null, ""--serve-box"": null}",51,True,active,0.11297,1.953827,0.099565,40.0,105.0,1.68,1.0,1.8,15.0,0.11297,1.562,1.5,1123.7,7.141,-0.963,
exp27_ball_quality,ablationfull__ballspeed9__noplot__servebox,"{""--ablation"": ""full"", ""--ball-speed"": 9, ""--no-plot"": null, ""--serve-box"": null}",47,True,active,0.064985,1.887022,0.064985,50.0,105.0,1.52,0.98,1.6,10.0,0.064985,1.116,1.92,1264.7,7.258,-5.225,
exp27_ball_quality,ablationfull__ballspeed9__noplot__servebox,"{""--ablation"": ""full"", ""--ball-speed"": 9, ""--no-plot"": null, ""--serve-box"": null}",55,True,active,0.088314,1.991799,0.08214,40.0,105.0,1.8,0.96,1.9,20.0,0.088314,1.797,1.54,1084.6,7.749,0.171,
exp27_ball_quality,ablationfull__ballspeed9__noplot__servebox,"{""--ablation"": ""full"", ""--ball-speed"": 9, ""--no-plot"": null, ""--serve-box"": null}",56,False,miss,0.368244,1.958887,0.147452,0.0,0.0,1.79,1.0,2.0,0.0,0.368244,0.0,1.51,1067.3,-1.0,-99.0,
exp27_ball_quality,ablationfull__ballspeed9__noplot__servebox,"{""--ablation"": ""full"", ""--ball-speed"": 9, ""--no-plot"": null, ""--serve-box"": null}",52,True,active,0.083163,1.959336,0.078353,35.0,105.0,1.8,0.99,1.5,20.0,0.083163,1.744,2.04,1426.2,7.273,-1.908,
exp27_ball_quality,ablationfull__ballspeed9__noplot__servebox,"{""--ablation"": ""full"", ""--ball-speed"": 9, ""--no-plot"": null, ""--serve-box"": null}",50,True,active,0.112881,1.922109,0.10606,30.0,85.0,1.81,1.0,2.0,20.0,0.112881,1.724,2.31,1311.6,8.112,-1.518,
exp27_ball_quality,ablationfull__ballspeed9__noplot__servebox,"{""--ablation"": ""full"", ""--ball-speed"": 9, ""--no-plot"": null, ""--serve-box"": null}",57,True,active,0.097783,1.972986,0.092844,0.0,0.0,1.8,0.93,2.0,20.0,0.097783,1.789,1.64,1288.2,7.453,1.167,
exp27_ball_quality,ablationfull__ballspeed9__noplot__servebox,"{""--ablation"": ""full"", ""--ball-speed"": 9, ""--no-plot"": null, ""--serve-box"": null}",60,True,active,0.127876,1.958514,0.126692,35.0,105.0,1.8,1.0,1.9,20.0,0.127876,1.571,1.44,1001.1,7.727,-3.294,
exp27_ball_quality,ablationfull__ballspeed9__noplot__servebox,"{""--ablation"": ""full"", ""--ball-speed"": 9, ""--no-plot"": null, ""--serve-box"": null}",58,True,active,0.077257,1.896827,0.07613,45.0,105.0,1.4,1.0,1.8,15.0,0.077257,1.252,1.72,1251.9,6.218,-2.787,
exp27_ball_quality,ablationfull__ballspeed9__noplot__servebox,"{""--ablation"": ""full"", ""--ball-speed"": 9, ""--no-plot"": null, ""--serve-box"": null}",62,True,active,0.095273,1.973723,0.092454,35.0,105.0,1.8,0.99,1.8,20.0,0.095273,1.673,1.57,1127.8,7.038,-3.894,
exp27_ball_quality,ablationfull__ballspeed9__noplot__servebox,"{""--ablation"": ""full"", ""--ball-speed"": 9, ""--no-plot"": null, ""--serve-box"": null}",64,True,active,0.128047,1.958688,0.118032,35.0,105.0,1.81,0.99,1.6,20.0,0.128047,1.688,1.46,1104.5,8.541,-5.591,
exp27_ball_quality,ablationfull__ballspeed9__noplot__servebox,"{""--ablation"": ""full"", ""--ball-speed"": 9, ""--no-plot"": null, ""--serve-box"": null}",65,True,active,0.09285,1.993612,0.09285,30.0,105.0,1.82,1.0,1.8,20.0,0.09285,1.775,1.59,1215.6,7.884,-4.686,
exp27_ball_quality,ablationfull__ballspeed9__noplot__servebox,"{""--ablation"": ""full"", ""--ball-speed"": 9, ""--no-plot"": null, ""--serve-box"": null}",63,True,active,0.072823,1.982572,0.072823,40.0,105.0,1.81,1.0,1.5,20.0,0.072823,1.57,1.83,1126.6,8.244,-4.049,
exp27_ball_quality,ablationfull__ballspeed9__noplot__servebox,"{""--ablation"": ""full"", ""--ball-speed"": 9, ""--no-plot"": null, ""--serve-box"": null}",67,True,active,0.073771,1.954488,0.073771,35.0,105.0,1.78,0.99,1.8,15.0,0.073771,1.568,1.37,1014.2,7.01,-0.625,
exp27_ball_quality,ablationfull__ballspeed9__noplot__servebox,"{""--ablation"": ""full"", ""--ball-speed"": 9, ""--no-plot"": null, ""--serve-box"": null}",53,True,active,0.043132,1.938156,0.043132,40.0,105.0,1.41,1.0,1.5,10.0,0.043132,0.468,3.04,2250.5,7.39,-5.429,
exp27_ball_quality,ablationfull__ballspeed9__noplot__servebox,"{""--ablation"": ""full"", ""--ball-speed"": 9, ""--no-plot"": null, ""--serve-box"": null}",54,True,active,0.026586,2.002054,0.026586,0.0,40.0,1.83,0.99,1.8,25.0,0.026586,1.798,3.03,2198.7,8.39,-1.408,
exp27_ball_quality,ablationfull__ballspeed9__noplot__servebox,"{""--ablation"": ""full"", ""--ball-speed"": 9, ""--no-plot"": null, ""--serve-box"": null}",66,True,active,0.12469,1.952175,0.112218,40.0,100.0,1.8,1.0,1.8,20.0,0.12469,1.52,1.86,1449.6,7.981,-3.079,
exp27_ball_quality,ablationfull__ballspeed9__noplot__servebox,"{""--ablation"": ""full"", ""--ball-speed"": 9, ""--no-plot"": null, ""--serve-box"": null}",70,True,active,0.082878,1.983895,0.082878,40.0,105.0,1.79,1.0,1.7,20.0,0.082878,1.761,1.51,1051.6,9.097,-8.348,
exp27_ball_quality,ablationfull__ballspeed9__noplot__servebox,"{""--ablation"": ""full"", ""--ball-speed"": 9, ""--no-plot"": null, ""--serve-box"": null}",69,True,active,0.11835,1.974658,0.11144,35.0,105.0,1.79,0.99,1.8,20.0,0.11835,1.752,1.53,1063.5,7.541,-3.897,
exp27_ball_quality,ablationfull__ballspeed9__noplot__servebox,"{""--ablation"": ""full"", ""--ball-speed"": 9, ""--no-plot"": null, ""--serve-box"": null}",72,True,active,0.074501,1.984458,0.074501,40.0,105.0,1.79,0.99,1.8,15.0,0.074501,1.748,1.42,1038.1,8.437,-6.261,
exp27_ball_quality,ablationfull__ballspeed9__noplot__servebox,"{""--ablation"": ""full"", ""--ball-speed"": 9, ""--no-plot"": null, ""--serve-box"": null}",61,True,active,0.11432,1.984064,0.11432,30.0,105.0,1.81,1.0,1.6,20.0,0.11432,1.692,2.77,2078.7,7.937,-3.643,
exp27_ball_quality,ablationfull__ballspeed9__noplot__servebox,"{""--ablation"": ""full"", ""--ball-speed"": 9, ""--no-plot"": null, ""--serve-box"": null}",59,True,active,0.096793,1.96297,0.089672,35.0,85.0,1.79,1.0,1.8,25.0,0.096793,1.79,3.11,2265.4,7.6,-1.367,
exp27_ball_quality,ablationfull__ballspeed9__noplot__servebox,"{""--ablation"": ""full"", ""--ball-speed"": 9, ""--no-plot"": null, ""--serve-box"": null}",73,True,active,0.140894,1.988814,0.136055,35.0,105.0,1.73,0.99,1.5,20.0,0.140894,1.456,1.55,1123.2,8.015,-3.799,
exp27_ball_quality,ablationfull__ballspeed9__noplot__servebox,"{""--ablation"": ""full"", ""--ball-speed"": 9, ""--no-plot"": null, ""--serve-box"": null}",74,True,active,0.102081,1.949043,0.092376,40.0,105.0,1.8,0.99,1.8,20.0,0.102081,1.612,1.41,1022.5,7.973,-5.982,
exp27_ball_quality,ablationfull__ballspeed9__noplot__servebox,"{""--ablation"": ""full"", ""--ball-speed"": 9, ""--no-plot"": null, ""--serve-box"": null}",75,True,active,0.127343,1.946594,0.126061,35.0,105.0,1.3,0.99,1.5,5.0,0.127343,0.788,1.53,1083.9,7.856,-4.717,
exp27_ball_quality,ablationfull__ballspeed9__noplot__servebox,"{""--ablation"": ""full"", ""--ball-speed"": 9, ""--no-plot"": null, ""--serve-box"": null}",76,True,active,0.08453,1.911601,0.079262,0.0,0.0,1.68,0.99,1.8,15.0,0.08453,1.582,1.59,1090.0,7.748,1.555,
exp27_ball_quality,ablationfull__ballspeed9__noplot__servebox,"{""--ablation"": ""full"", ""--ball-speed"": 9, ""--no-plot"": null, ""--serve-box"": null}",68,True,active,0.071334,1.922423,0.064738,45.0,105.0,1.62,1.0,1.1,5.0,0.071334,1.194,2.92,2217.8,8.239,-7.001,
exp27_ball_quality,ablationfull__ballspeed9__noplot__servebox,"{""--ablation"": ""full"", ""--ball-speed"": 9, ""--no-plot"": null, ""--serve-box"": null}",80,True,active,0.030953,1.933759,0.030953,50.0,105.0,1.81,1.0,1.5,10.0,0.030953,0.789,1.51,1020.8,7.522,-6.608,
exp27_ball_quality,ablationfull__ballspeed9__noplot__servebox,"{""--ablation"": ""full"", ""--ball-speed"": 9, ""--no-plot"": null, ""--serve-box"": null}",79,True,active,0.109761,1.943228,0.0789,25.0,60.0,1.79,0.99,1.6,20.0,0.109761,1.751,1.64,1150.0,8.196,-1.381,
exp27_ball_quality,ablationfull__ballspeed9__noplot__servebox,"{""--ablation"": ""full"", ""--ball-speed"": 9, ""--no-plot"": null, ""--serve-box"": null}",71,True,active,0.126619,1.976014,0.126619,20.0,80.0,1.78,1.0,1.9,25.0,0.126619,1.555,2.89,2243.0,7.409,-0.161,
exp27_ball_quality,ablationfull__ballspeed9__noplot__servebox,"{""--ablation"": ""full"", ""--ball-speed"": 9, ""--no-plot"": null, ""--serve-box"": null}",83,True,active,0.106131,1.987813,0.106131,40.0,105.0,1.59,1.0,1.5,15.0,0.106131,1.425,1.62,1065.2,8.371,-7.689,
exp27_ball_quality,ablationfull__ballspeed9__noplot__servebox,"{""--ablation"": ""full"", ""--ball-speed"": 9, ""--no-plot"": null, ""--serve-box"": null}",85,True,active,0.076236,1.966502,0.07422,40.0,105.0,1.8,0.99,1.6,10.0,0.076236,1.656,1.53,1067.0,9.615,-8.316,
exp27_ball_quality,ablationfull__ballspeed9__noplot__servebox,"{""--ablation"": ""full"", ""--ball-speed"": 9, ""--no-plot"": null, ""--serve-box"": null}",86,True,active,0.084805,1.952287,0.084805,40.0,105.0,1.78,1.0,1.8,15.0,0.084805,1.657,1.49,1109.7,6.988,-3.76,
exp27_ball_quality,ablationfull__ballspeed9__noplot__servebox,"{""--ablation"": ""full"", ""--ball-speed"": 9, ""--no-plot"": null, ""--serve-box"": null}",82,True,active,0.093209,1.964047,0.093209,30.0,105.0,1.81,0.99,1.7,20.0,0.093209,1.711,1.77,1145.8,8.053,-3.259,
exp27_ball_quality,ablationfull__ballspeed9__noplot__servebox,"{""--ablation"": ""full"", ""--ball-speed"": 9, ""--no-plot"": null, ""--serve-box"": null}",77,True,active,0.09224,1.91121,0.082952,40.0,105.0,1.48,1.0,1.4,15.0,0.09224,1.407,2.53,1956.2,7.308,-5.318,
exp27_ball_quality,ablationfull__ballspeed9__noplot__servebox,"{""--ablation"": ""full"", ""--ball-speed"": 9, ""--no-plot"": null, ""--serve-box"": null}",89,True,active,0.079684,1.937969,0.079684,40.0,105.0,1.79,0.97,1.8,15.0,0.079684,1.784,1.5,1136.7,7.137,-3.114,
exp27_ball_quality,ablationfull__ballspeed9__noplot__servebox,"{""--ablation"": ""full"", ""--ball-speed"": 9, ""--no-plot"": null, ""--serve-box"": null}",87,True,active,0.132262,1.950591,0.121873,35.0,100.0,1.78,0.99,1.9,20.0,0.132262,1.465,1.99,1565.3,7.714,-2.567,
exp27_ball_quality,ablationfull__ballspeed9__noplot__servebox,"{""--ablation"": ""full"", ""--ball-speed"": 9, ""--no-plot"": null, ""--serve-box"": null}",88,True,active,0.101658,1.967028,0.101658,35.0,105.0,1.8,0.99,2.0,20.0,0.101658,1.669,2.1,1386.2,8.187,-5.665,
exp27_ball_quality,ablationfull__ballspeed9__noplot__servebox,"{""--ablation"": ""full"", ""--ball-speed"": 9, ""--no-plot"": null, ""--serve-box"": null}",78,True,active,0.087027,1.939952,0.083845,35.0,105.0,1.8,0.99,1.8,20.0,0.087027,1.635,2.99,2224.3,7.315,-4.26,
exp27_ball_quality,ablationfull__ballspeed9__noplot__servebox,"{""--ablation"": ""full"", ""--ball-speed"": 9, ""--no-plot"": null, ""--serve-box"": null}",91,True,active,0.006857,1.964639,0.006857,55.0,105.0,1.6,1.0,1.5,5.0,0.006857,0.674,1.52,1083.7,6.208,-6.002,
exp27_ball_quality,ablationfull__ballspeed9__noplot__servebox,"{""--ablation"": ""full"", ""--ball-speed"": 9, ""--no-plot"": null, ""--serve-box"": null}",93,True,active,0.095905,1.937913,0.085581,45.0,105.0,1.79,0.99,2.1,15.0,0.095905,1.731,1.44,1066.6,6.987,-4.145,
exp27_ball_quality,ablationfull__ballspeed9__noplot__servebox,"{""--ablation"": ""full"", ""--ball-speed"": 9, ""--no-plot"": null, ""--serve-box"": null}",81,True,active,0.071026,1.982943,0.071026,35.0,105.0,1.79,1.0,1.8,20.0,0.071026,1.411,3.06,2297.7,7.635,-5.284,
exp27_ball_quality,ablationfull__ballspeed9__noplot__servebox,"{""--ablation"": ""full"", ""--ball-speed"": 9, ""--no-plot"": null, ""--serve-box"": null}",84,True,active,0.076666,1.95954,0.070048,40.0,105.0,1.8,1.0,1.8,20.0,0.076666,1.718,2.98,2283.3,7.355,-5.348,
exp27_ball_quality,ablationfull__ballspeed9__noplot__servebox,"{""--ablation"": ""full"", ""--ball-speed"": 9, ""--no-plot"": null, ""--serve-box"": null}",96,True,active,0.083008,1.980193,0.077035,35.0,105.0,1.81,0.94,1.8,20.0,0.083008,1.739,1.52,1146.9,7.425,-3.487,
exp27_ball_quality,ablationfull__ballspeed9__noplot__servebox,"{""--ablation"": ""full"", ""--ball-speed"": 9, ""--no-plot"": null, ""--serve-box"": null}",98,True,active,0.08569,1.932214,0.056172,0.0,0.0,1.79,0.99,1.4,20.0,0.08569,1.706,1.59,1079.7,8.358,0.246,
exp27_ball_quality,ablationfull__ballspeed9__noplot__servebox,"{""--ablation"": ""full"", ""--ball-speed"": 9, ""--no-plot"": null, ""--serve-box"": null}",94,True,active,0.094843,1.978892,0.094843,35.0,105.0,1.8,0.97,1.8,20.0,0.094843,1.744,1.94,1520.5,7.678,-1.305,
exp27_ball_quality,ablationfull__ballspeed9__noplot__servebox,"{""--ablation"": ""full"", ""--ball-speed"": 9, ""--no-plot"": null, ""--serve-box"": null}",99,True,active,0.122597,1.963723,0.117566,35.0,105.0,1.8,1.0,1.8,20.0,0.122597,1.802,1.66,1043.3,8.299,-5.906,
exp27_ball_quality,ablationfull__ballspeed9__noplot__servebox,"{""--ablation"": ""full"", ""--ball-speed"": 9, ""--no-plot"": null, ""--serve-box"": null}",100,True,active,0.081024,1.985073,0.0764,40.0,105.0,1.8,0.98,1.8,20.0,0.081024,1.777,1.49,1106.8,7.481,-5.689,
exp27_ball_quality,ablationfull__ballspeed9__noplot__servebox,"{""--ablation"": ""full"", ""--ball-speed"": 9, ""--no-plot"": null, ""--serve-box"": null}",97,True,active,0.131892,1.974842,0.122393,30.0,85.0,1.79,1.0,1.9,20.0,0.131892,1.681,1.99,1265.1,8.582,-2.715,
exp27_ball_quality,ablationfull__ballspeed9__noplot__servebox,"{""--ablation"": ""full"", ""--ball-speed"": 9, ""--no-plot"": null, ""--serve-box"": null}",90,True,active,0.0873,1.974535,0.085874,40.0,105.0,1.81,0.96,2.1,15.0,0.0873,1.806,2.85,2115.1,7.606,-6.96,
exp27_ball_quality,ablationfull__ballspeed9__noplot__servebox,"{""--ablation"": ""full"", ""--ball-speed"": 9, ""--no-plot"": null, ""--serve-box"": null}",95,True,active,0.100278,1.93337,0.08638,40.0,105.0,1.76,0.99,1.8,25.0,0.100278,1.546,2.29,1633.1,6.901,-1.871,
exp27_ball_quality,ablationtube_only__ballspeed9__noplot__servebox,"{""--ablation"": ""tube_only"", ""--ball-speed"": 9, ""--no-plot"": null, ""--serve-box"": null}",4,True,active,0.118874,1.939295,0.099712,40.0,105.0,1.76,0.98,1.9,15.0,0.118874,1.75,1.43,1034.1,7.862,-0.59,
exp27_ball_quality,ablationfull__ballspeed9__noplot__servebox,"{""--ablation"": ""full"", ""--ball-speed"": 9, ""--no-plot"": null, ""--serve-box"": null}",92,True,active,0.106311,1.956969,0.087031,40.0,105.0,1.79,1.0,1.9,30.0,0.106311,1.716,2.98,2251.3,7.325,-2.44,
exp27_ball_quality,ablationtube_only__ballspeed9__noplot__servebox,"{""--ablation"": ""tube_only"", ""--ball-speed"": 9, ""--no-plot"": null, ""--serve-box"": null}",5,False,miss,0.296172,1.924691,0.088628,0.0,0.0,1.15,1.0,1.1,0.0,0.296172,0.0,1.5,1035.7,-1.0,-99.0,
exp27_ball_quality,ablationtube_only__ballspeed9__noplot__servebox,"{""--ablation"": ""tube_only"", ""--ball-speed"": 9, ""--no-plot"": null, ""--serve-box"": null}",6,True,active,0.055962,1.933183,0.055962,40.0,105.0,1.78,0.97,1.7,15.0,0.055962,1.775,1.56,1136.8,6.725,1.218,
exp27_ball_quality,ablationtube_only__ballspeed9__noplot__servebox,"{""--ablation"": ""tube_only"", ""--ball-speed"": 9, ""--no-plot"": null, ""--serve-box"": null}",2,True,active,0.093304,1.928257,0.078251,0.0,0.0,1.7,1.0,2.3,10.0,0.093304,1.693,1.81,1310.9,7.729,1.022,
exp27_ball_quality,ablationtube_only__ballspeed9__noplot__servebox,"{""--ablation"": ""tube_only"", ""--ball-speed"": 9, ""--no-plot"": null, ""--serve-box"": null}",3,False,miss,0.342716,1.913843,0.171595,15.0,0.0,1.12,1.0,1.4,0.0,0.342716,0.0,1.89,1193.8,-1.0,-99.0,
exp27_ball_quality,ablationtube_only__ballspeed9__noplot__servebox,"{""--ablation"": ""tube_only"", ""--ball-speed"": 9, ""--no-plot"": null, ""--serve-box"": null}",20,,,,,,,,,,,,,,0.22,,,,no_result
exp27_ball_quality,ablationtube_only__ballspeed9__noplot__servebox,"{""--ablation"": ""tube_only"", ""--ball-speed"": 9, ""--no-plot"": null, ""--serve-box"": null}",21,,,,,,,,,,,,,,0.19,,,,no_result
exp27_ball_quality,ablationtube_only__ballspeed9__noplot__servebox,"{""--ablation"": ""tube_only"", ""--ball-speed"": 9, ""--no-plot"": null, ""--serve-box"": null}",10,True,active,0.109267,1.949302,0.105107,40.0,105.0,1.4,1.0,1.4,10.0,0.109267,1.244,1.48,1099.7,7.873,-5.545,
exp27_ball_quality,ablationtube_only__ballspeed9__noplot__servebox,"{""--ablation"": ""tube_only"", ""--ball-speed"": 9, ""--no-plot"": null, ""--serve-box"": null}",9,False,miss,0.327476,1.954936,0.147604,20.0,40.0,1.79,1.0,1.9,0.0,0.327476,0.0,1.63,1145.0,-1.0,-99.0,
exp27_ball_quality,ablationtube_only__ballspeed9__noplot__servebox,"{""--ablation"": ""tube_only"", ""--ball-speed"": 9, ""--no-plot"": null, ""--serve-box"": null}",11,True,active,0.089259,1.885984,0.082303,45.0,105.0,1.67,0.97,1.6,5.0,0.089259,1.278,1.5,1081.3,7.832,-4.896,
exp27_ball_quality,ablationtube_only__ballspeed9__noplot__servebox,"{""--ablation"": ""tube_only"", ""--ball-speed"": 9, ""--no-plot"": null, ""--serve-box"": null}",1,True,active,0.091094,1.893505,0.08134,40.0,95.0,1.78,1.0,1.8,15.0,0.091094,1.782,2.91,2211.7,6.922,0.626,
exp27_ball_quality,ablationtube_only__ballspeed9__noplot__servebox,"{""--ablation"": ""tube_only"", ""--ball-speed"": 9, ""--no-plot"": null, ""--serve-box"": null}",14,True,active,0.117589,1.982498,0.107806,40.0,105.0,1.79,1.0,1.7,10.0,0.117589,1.67,1.65,1217.2,7.99,-3.935,
exp27_ball_quality,ablationtube_only__ballspeed9__noplot__servebox,"{""--ablation"": ""tube_only"", ""--ball-speed"": 9, ""--no-plot"": null, ""--serve-box"": null}",15,True,active,0.106101,1.944144,0.086935,0.0,0.0,1.77,0.97,2.1,15.0,0.106101,1.769,1.53,1064.1,7.836,1.988,
exp27_ball_quality,ablationtube_only__ballspeed9__noplot__servebox,"{""--ablation"": ""tube_only"", ""--ball-speed"": 9, ""--no-plot"": null, ""--serve-box"": null}",8,True,passive,0.100703,1.955679,0.091534,45.0,105.0,0.97,1.0,1.3,5.0,0.100703,0.161,2.29,1509.8,7.337,-7.165,
exp27_ball_quality,ablationtube_only__ballspeed9__noplot__servebox,"{""--ablation"": ""tube_only"", ""--ball-speed"": 9, ""--no-plot"": null, ""--serve-box"": null}",17,True,active,0.103838,1.929115,0.099716,40.0,105.0,1.61,0.99,2.2,10.0,0.103838,1.609,1.48,1086.8,7.363,-2.498,
exp27_ball_quality,ablationtube_only__ballspeed9__noplot__servebox,"{""--ablation"": ""tube_only"", ""--ball-speed"": 9, ""--no-plot"": null, ""--serve-box"": null}",18,True,active,0.128928,1.958824,0.114294,35.0,105.0,1.78,0.98,1.9,15.0,0.128928,1.744,1.53,1116.5,7.881,-2.047,
exp27_ball_quality,ablationtube_only__ballspeed9__noplot__servebox,"{""--ablation"": ""tube_only"", ""--ball-speed"": 9, ""--no-plot"": null, ""--serve-box"": null}",7,True,active,0.101431,1.919691,0.06644,0.0,0.0,1.75,0.98,2.0,15.0,0.101431,1.647,2.81,2069.0,7.564,0.785,
exp27_ball_quality,ablationtube_only__ballspeed9__noplot__servebox,"{""--ablation"": ""tube_only"", ""--ball-speed"": 9, ""--no-plot"": null, ""--serve-box"": null}",23,True,active,0.087936,1.958937,0.078596,40.0,105.0,1.77,1.0,1.9,10.0,0.087936,1.77,1.45,1060.1,7.945,-1.859,
exp27_ball_quality,ablationtube_only__ballspeed9__noplot__servebox,"{""--ablation"": ""tube_only"", ""--ball-speed"": 9, ""--no-plot"": null, ""--serve-box"": null}",22,True,active,0.089807,1.884663,0.065916,0.0,0.0,1.8,0.99,1.9,20.0,0.089807,1.715,1.62,1133.7,7.684,2.33,
exp27_ball_quality,ablationtube_only__ballspeed9__noplot__servebox,"{""--ablation"": ""tube_only"", ""--ball-speed"": 9, ""--no-plot"": null, ""--serve-box"": null}",16,True,active,0.078691,1.966857,0.032883,0.0,0.0,1.78,0.98,1.9,20.0,0.078691,1.769,2.44,1991.6,8.032,3.67,
exp27_ball_quality,ablationtube_only__ballspeed9__noplot__servebox,"{""--ablation"": ""tube_only"", ""--ball-speed"": 9, ""--no-plot"": null, ""--serve-box"": null}",12,True,active,0.022407,1.972845,0.022407,40.0,80.0,1.78,0.97,1.5,10.0,0.022407,1.757,2.92,2255.0,7.187,-0.057,
exp27_ball_quality,ablationtube_only__ballspeed9__noplot__servebox,"{""--ablation"": ""tube_only"", ""--ball-speed"": 9, ""--no-plot"": null, ""--serve-box"": null}",26,True,active,0.079216,1.917511,0.079216,0.0,0.0,1.79,0.97,2.0,20.0,0.079216,1.79,1.44,1049.1,7.534,2.357,
exp27_ball_quality,ablationtube_only__ballspeed9__noplot__servebox,"{""--ablation"": ""tube_only"", ""--ball-speed"": 9, ""--no-plot"": null, ""--serve-box"": null}",27,True,passive,0.084451,1.937113,0.071441,45.0,105.0,1.3,1.0,1.3,5.0,0.084451,0.094,1.48,1040.3,7.053,-7.025,
exp27_ball_quality,ablationtube_only__ballspeed9__noplot__servebox,"{""--ablation"": ""tube_only"", ""--ball-speed"": 9, ""--no-plot"": null, ""--serve-box"": null}",13,True,active,0.04711,1.934844,0.040574,0.0,0.0,1.42,0.99,1.2,20.0,0.04711,1.296,3.11,2275.2,7.399,1.077,
exp27_ball_quality,ablationtube_only__ballspeed9__noplot__servebox,"{""--ablation"": ""tube_only"", ""--ball-speed"": 9, ""--no-plot"": null, ""--serve-box"": null}",28,False,miss,0.280726,1.900363,0.094141,0.0,0.0,1.3,0.99,1.4,0.0,0.280726,0.0,1.49,1092.4,-1.0,-99.0,
exp27_ball_quality,ablationtube_only__ballspeed9__noplot__servebox,"{""--ablation"": ""tube_only"", ""--ball-speed"": 9, ""--no-plot"": null, ""--serve-box"": null}",31,True,active,0.106362,1.94348,0.106087,40.0,105.0,1.79,1.0,1.6,10.0,0.106362,1.602,1.41,1027.7,7.964,-5.894,
exp27_ball_quality,ablationtube_only__ballspeed9__noplot__servebox,"{""--ablation"": ""tube_only"", ""--ball-speed"": 9, ""--no-plot"": null, ""--serve-box"": null}",30,True,active,0.092887,1.936698,0.061294,0.0,0.0,1.77,0.98,1.8,15.0,0.092887,1.736,1.64,1257.8,7.538,3.011,
exp27_ball_quality,ablationtube_only__ballspeed9__noplot__servebox,"{""--ablation"": ""tube_only"", ""--ball-speed"": 9, ""--no-plot"": null, ""--serve-box"": null}",29,True,active,0.070298,1.869746,0.070298,40.0,105.0,1.51,1.0,1.5,5.0,0.070298,0.43,1.67,1210.9,7.478,-6.758,
exp27_ball_quality,ablationtube_only__ballspeed9__noplot__servebox,"{""--ablation"": ""tube_only"", ""--ball-speed"": 9, ""--no-plot"": null, ""--serve-box"": null}",19,True,active,0.108847,1.889958,0.08056,0.0,0.0,1.54,0.98,1.6,15.0,0.108847,1.544,2.96,2274.4,7.525,4.003,
exp27_ball_quality,ablationtube_only__ballspeed9__noplot__servebox,"{""--ablation"": ""tube_only"", ""--ball-speed"": 9, ""--no-plot"": null, ""--serve-box"": null}",33,True,active,0.093397,1.962692,0.07695,45.0,105.0,1.81,0.99,1.6,10.0,0.093397,1.798,1.4,1020.2,7.894,-2.264,
exp27_ball_quality,ablationtube_only__ballspeed9__noplot__servebox,"{""--ablation"": ""tube_only"", ""--ball-speed"": 9, ""--no-plot"": null, ""--serve-box"": null}",25,True,active,0.098649,1.924759,0.066798,40.0,105.0,1.78,1.0,1.7,15.0,0.098649,1.783,2.53,1743.8,6.935,-2.068,
exp27_ball_quality,ablationtube_only__ballspeed9__noplot__servebox,"{""--ablation"": ""tube_only"", ""--ball-speed"": 9, ""--no-plot"": null, ""--serve-box"": null}",35,True,active,0.109855,1.917147,0.090899,0.0,0.0,1.8,1.0,1.7,15.0,0.109855,1.722,1.41,1028.0,7.667,1.588,
exp27_ball_quality,ablationtube_only__ballspeed9__noplot__servebox,"{""--ablation"": ""tube_only"", ""--ball-speed"": 9, ""--no-plot"": null, ""--serve-box"": null}",24,True,active,0.088386,1.960253,0.073033,20.0,40.0,1.81,0.95,2.0,15.0,0.088386,1.79,2.91,2243.5,7.207,0.321,
exp27_ball_quality,ablationtube_only__ballspeed9__noplot__servebox,"{""--ablation"": ""tube_only"", ""--ball-speed"": 9, ""--no-plot"": null, ""--serve-box"": null}",38,True,active,0.084374,1.931927,0.081724,35.0,105.0,1.79,0.99,1.8,15.0,0.084374,1.788,1.46,1064.3,7.126,-0.607,
exp27_ball_quality,ablationtube_only__ballspeed9__noplot__servebox,"{""--ablation"": ""tube_only"", ""--ball-speed"": 9, ""--no-plot"": null, ""--serve-box"": null}",34,True,active,0.105101,1.956307,0.097386,40.0,105.0,1.78,1.0,1.5,10.0,0.105101,1.784,1.93,1504.8,7.645,-3.381,
exp27_ball_quality,ablationtube_only__ballspeed9__noplot__servebox,"{""--ablation"": ""tube_only"", ""--ball-speed"": 9, ""--no-plot"": null, ""--serve-box"": null}",40,True,active,0.095187,1.943329,0.090617,40.0,105.0,1.64,0.99,1.5,5.0,0.095187,0.927,1.44,1053.5,6.911,-1.455,
exp27_ball_quality,ablationtube_only__ballspeed9__noplot__servebox,"{""--ablation"": ""tube_only"", ""--ball-speed"": 9, ""--no-plot"": null, ""--serve-box"": null}",41,True,active,0.090891,1.961814,0.090891,30.0,105.0,1.8,0.99,1.8,5.0,0.090891,1.344,1.49,1091.6,9.005,-3.668,
exp27_ball_quality,ablationtube_only__ballspeed9__noplot__servebox,"{""--ablation"": ""tube_only"", ""--ball-speed"": 9, ""--no-plot"": null, ""--serve-box"": null}",43,True,active,0.113343,1.936196,0.108979,35.0,105.0,1.79,1.0,1.6,10.0,0.113343,1.74,1.48,1065.3,7.448,-3.12,
exp27_ball_quality,ablationtube_only__ballspeed9__noplot__servebox,"{""--ablation"": ""tube_only"", ""--ball-speed"": 9, ""--no-plot"": null, ""--serve-box"": null}",42,True,active,0.004444,1.999017,0.004444,0.0,0.0,1.93,1.0,1.8,15.0,0.004444,1.715,1.54,1096.1,8.208,-0.719,
exp27_ball_quality,ablationtube_only__ballspeed9__noplot__servebox,"{""--ablation"": ""tube_only"", ""--ball-speed"": 9, ""--no-plot"": null, ""--serve-box"": null}",32,True,active,0.107824,1.949081,0.081976,40.0,105.0,1.77,0.99,1.7,15.0,0.107824,1.773,2.88,2250.7,7.936,-1.491,
exp27_ball_quality,ablationtube_only__ballspeed9__noplot__servebox,"{""--ablation"": ""tube_only"", ""--ball-speed"": 9, ""--no-plot"": null, ""--serve-box"": null}",44,True,active,0.081528,1.949489,0.07706,40.0,105.0,1.71,1.0,1.6,15.0,0.081528,1.496,1.66,1265.1,7.951,-3.344,
exp27_ball_quality,ablationtube_only__ballspeed9__noplot__servebox,"{""--ablation"": ""tube_only"", ""--ball-speed"": 9, ""--no-plot"": null, ""--serve-box"": null}",47,True,active,0.058398,1.896642,0.051948,50.0,105.0,1.49,0.92,1.4,5.0,0.058398,0.864,1.67,1293.4,6.987,-3.812,
exp27_ball_quality,ablationtube_only__ballspeed9__noplot__servebox,"{""--ablation"": ""tube_only"", ""--ball-speed"": 9, ""--no-plot"": null, ""--serve-box"": null}",39,True,active,0.079431,1.900903,0.074958,40.0,105.0,1.78,0.96,2.0,5.0,0.079431,1.364,2.67,1996.9,7.711,-2.778,
exp27_ball_quality,ablationtube_only__ballspeed9__noplot__servebox,"{""--ablation"": ""tube_only"", ""--ball-speed"": 9, ""--no-plot"": null, ""--serve-box"": null}",49,True,active,0.099532,1.946753,0.099532,35.0,105.0,1.8,1.0,1.9,5.0,0.099532,1.356,1.51,1065.3,6.797,-3.873,
exp27_ball_quality,ablationtube_only__ballspeed9__noplot__servebox,"{""--ablation"": ""tube_only"", ""--ball-speed"": 9, ""--no-plot"": null, ""--serve-box"": null}",51,False,miss,0.353263,1.945096,0.144149,0.0,0.0,1.75,1.0,2.2,0.0,0.353263,0.0,1.4,998.0,-1.0,-99.0,
exp27_ball_quality,ablationtube_only__ballspeed9__noplot__servebox,"{""--ablation"": ""tube_only"", ""--ball-speed"": 9, ""--no-plot"": null, ""--serve-box"": null}",37,True,active,0.11283,1.928017,0.10736,0.0,20.0,1.77,0.99,1.8,10.0,0.11283,1.723,2.92,2263.5,7.503,0.669,
exp27_ball_quality,ablationtube_only__ballspeed9__noplot__servebox,"{""--ablation"": ""tube_only"", ""--ball-speed"": 9, ""--no-plot"": null, ""--serve-box"": null}",48,True,active,0.09955,1.982362,0.092001,40.0,105.0,1.75,0.98,1.8,10.0,0.09955,1.481,1.91,1336.4,8.281,-3.972,
exp27_ball_quality,ablationtube_only__ballspeed9__noplot__servebox,"{""--ablation"": ""tube_only"", ""--ball-speed"": 9, ""--no-plot"": null, ""--serve-box"": null}",36,True,active,0.100246,1.965315,0.090376,40.0,105.0,1.76,0.95,1.9,15.0,0.100246,1.751,3.01,2284.9,7.326,-1.562,
exp27_ball_quality,ablationtube_only__ballspeed9__noplot__servebox,"{""--ablation"": ""tube_only"", ""--ball-speed"": 9, ""--no-plot"": null, ""--serve-box"": null}",52,True,active,0.092451,1.934185,0.040651,0.0,0.0,1.56,1.0,1.3,15.0,0.092451,1.536,1.48,1019.1,7.461,2.393,
exp27_ball_quality,ablationtube_only__ballspeed9__noplot__servebox,"{""--ablation"": ""tube_only"", ""--ball-speed"": 9, ""--no-plot"": null, ""--serve-box"": null}",50,True,active,0.070198,1.915608,0.053392,35.0,80.0,1.8,1.0,2.1,20.0,0.070198,1.715,1.93,1442.3,7.203,0.227,
exp27_ball_quality,ablationtube_only__ballspeed9__noplot__servebox,"{""--ablation"": ""tube_only"", ""--ball-speed"": 9, ""--no-plot"": null, ""--serve-box"": null}",45,True,active,0.130074,1.951827,0.119676,35.0,100.0,1.67,1.0,1.8,10.0,0.130074,1.502,2.77,2125.1,7.678,-1.907,
exp27_ball_quality,ablationtube_only__ballspeed9__noplot__servebox,"{""--ablation"": ""tube_only"", ""--ball-speed"": 9, ""--no-plot"": null, ""--serve-box"": null}",55,True,active,0.100281,1.941638,0.080253,40.0,105.0,1.5,0.96,1.4,10.0,0.100281,1.405,1.45,1072.7,7.57,-1.934,
exp27_ball_quality,ablationtube_only__ballspeed9__noplot__servebox,"{""--ablation"": ""tube_only"", ""--ball-speed"": 9, ""--no-plot"": null, ""--serve-box"": null}",56,False,miss,0.353274,1.953512,0.134299,0.0,0.0,1.78,1.0,1.9,0.0,0.353274,0.0,1.47,1038.8,-1.0,-99.0,
exp27_ball_quality,ablationtube_only__ballspeed9__noplot__servebox,"{""--ablation"": ""tube_only"", ""--ball-speed"": 9, ""--no-plot"": null, ""--serve-box"": null}",57,True,active,0.112168,1.927998,0.096556,0.0,5.0,1.59,1.0,1.9,10.0,0.112168,1.579,1.43,1015.6,7.279,2.0,
exp27_ball_quality,ablationtube_only__ballspeed9__noplot__servebox,"{""--ablation"": ""tube_only"", ""--ball-speed"": 9, ""--no-plot"": null, ""--serve-box"": null}",46,True,passive,0.118912,1.934006,0.111741,40.0,105.0,1.13,1.0,1.6,10.0,0.118912,0.199,3.05,2319.4,7.382,-6.547,
exp27_ball_quality,ablationtube_only__ballspeed9__noplot__servebox,"{""--ablation"": ""tube_only"", ""--ball-speed"": 9, ""--no-plot"": null, ""--serve-box"": null}",58,True,active,0.091693,1.875607,0.091693,40.0,105.0,1.77,1.0,1.5,5.0,0.091693,0.972,1.53,1124.1,7.695,-7.392,
exp27_ball_quality,ablationtube_only__ballspeed9__noplot__servebox,"{""--ablation"": ""tube_only"", ""--ball-speed"": 9, ""--no-plot"": null, ""--serve-box"": null}",59,True,active,0.063155,1.925699,0.027271,0.0,0.0,1.53,0.99,1.2,20.0,0.063155,0.869,1.48,1080.6,7.817,2.34,
exp27_ball_quality,ablationtube_only__ballspeed9__noplot__servebox,"{""--ablation"": ""tube_only"", ""--ball-speed"": 9, ""--no-plot"": null, ""--serve-box"": null}",54,True,active,0.029846,1.984467,0.029846,0.0,0.0,1.72,0.99,1.6,20.0,0.029846,1.364,2.43,1632.3,7.793,3.56,
exp27_ball_quality,ablationtube_only__ballspeed9__noplot__servebox,"{""--ablation"": ""tube_only"", ""--ball-speed"": 9, ""--no-plot"": null, ""--serve-box"": null}",62,True,active,0.086159,1.972767,0.076812,40.0,105.0,1.77,1.0,1.6,10.0,0.086159,1.774,1.57,1101.8,7.258,-2.077,
exp27_ball_quality,ablationtube_only__ballspeed9__noplot__servebox,"{""--ablation"": ""tube_only"", ""--ball-speed"": 9, ""--no-plot"": null, ""--serve-box"": null}",64,True,active,0.129432,1.951341,0.11464,35.0,105.0,1.79,1.0,2.0,15.0,0.129432,1.764,1.53,1073.6,8.124,-1.203,
exp27_ball_quality,ablationtube_only__ballspeed9__noplot__servebox,"{""--ablation"": ""tube_only"", ""--ball-speed"": 9, ""--no-plot"": null, ""--serve-box"": null}",53,True,active,0.04828,1.956792,0.04828,0.0,0.0,1.78,0.99,1.5,15.0,0.04828,1.676,2.87,2040.6,8.308,-0.021,
exp27_ball_quality,ablationtube_only__ballspeed9__noplot__servebox,"{""--ablation"": ""tube_only"", ""--ball-speed"": 9, ""--no-plot"": null, ""--serve-box"": null}",68,True,active,0.097685,1.900678,0.096206,40.0,105.0,1.49,0.99,1.5,5.0,0.097685,1.016,1.46,1058.0,7.598,-5.621,
exp27_ball_quality,ablationtube_only__ballspeed9__noplot__servebox,"{""--ablation"": ""tube_only"", ""--ball-speed"": 9, ""--no-plot"": null, ""--serve-box"": null}",67,True,active,0.054483,1.923214,0.049983,45.0,105.0,1.79,0.99,1.6,5.0,0.054483,1.393,1.51,1102.7,6.423,-1.79,
exp27_ball_quality,ablationtube_only__ballspeed9__noplot__servebox,"{""--ablation"": ""tube_only"", ""--ball-speed"": 9, ""--no-plot"": null, ""--serve-box"": null}",66,True,active,0.093678,1.96064,0.076868,45.0,105.0,1.78,1.0,1.4,10.0,0.093678,1.633,1.65,1246.8,7.58,-2.373,
exp27_ball_quality,ablationtube_only__ballspeed9__noplot__servebox,"{""--ablation"": ""tube_only"", ""--ball-speed"": 9, ""--no-plot"": null, ""--serve-box"": null}",71,True,active,0.052289,1.96162,0.052289,40.0,85.0,1.77,0.98,1.4,15.0,0.052289,1.651,1.47,1027.5,7.405,-1.03,
exp27_ball_quality,ablationtube_only__ballspeed9__noplot__servebox,"{""--ablation"": ""tube_only"", ""--ball-speed"": 9, ""--no-plot"": null, ""--serve-box"": null}",60,True,active,0.11743,1.936721,0.114456,40.0,100.0,1.49,0.99,1.6,10.0,0.11743,1.332,2.6,1934.9,7.622,0.25,
exp27_ball_quality,ablationtube_only__ballspeed9__noplot__servebox,"{""--ablation"": ""tube_only"", ""--ball-speed"": 9, ""--no-plot"": null, ""--serve-box"": null}",69,True,active,0.125296,1.946818,0.117079,35.0,105.0,1.68,1.0,1.8,10.0,0.125296,1.42,2.02,1338.0,7.87,-2.515,
exp27_ball_quality,ablationtube_only__ballspeed9__noplot__servebox,"{""--ablation"": ""tube_only"", ""--ball-speed"": 9, ""--no-plot"": null, ""--serve-box"": null}",70,True,active,0.131683,1.949591,0.122303,40.0,100.0,1.79,1.0,1.9,10.0,0.131683,1.534,1.9,1476.1,8.399,-4.678,
exp27_ball_quality,ablationtube_only__ballspeed9__noplot__servebox,"{""--ablation"": ""tube_only"", ""--ball-speed"": 9, ""--no-plot"": null, ""--serve-box"": null}",72,True,active,0.095683,1.970351,0.091386,40.0,105.0,1.78,0.99,1.9,10.0,0.095683,1.754,1.5,1061.2,7.833,-2.575,
exp27_ball_quality,ablationtube_only__ballspeed9__noplot__servebox,"{""--ablation"": ""tube_only"", ""--ball-speed"": 9, ""--no-plot"": null, ""--serve-box"": null}",61,True,active,0.099161,1.918249,0.078032,40.0,105.0,1.8,0.94,1.7,15.0,0.099161,1.777,3.0,2318.4,7.713,-2.459,
exp27_ball_quality,ablationtube_only__ballspeed9__noplot__servebox,"{""--ablation"": ""tube_only"", ""--ball-speed"": 9, ""--no-plot"": null, ""--serve-box"": null}",74,True,active,0.117998,1.962539,0.10698,35.0,105.0,1.8,0.98,1.8,15.0,0.117998,1.803,1.43,1054.8,7.66,-2.372,
exp27_ball_quality,ablationtube_only__ballspeed9__noplot__servebox,"{""--ablation"": ""tube_only"", ""--ball-speed"": 9, ""--no-plot"": null, ""--serve-box"": null}",63,True,active,0.054044,1.986078,0.019143,0.0,0.0,1.78,1.0,1.7,20.0,0.054044,1.738,3.04,2260.5,8.34,3.786,
exp27_ball_quality,ablationtube_only__ballspeed9__noplot__servebox,"{""--ablation"": ""tube_only"", ""--ball-speed"": 9, ""--no-plot"": null, ""--serve-box"": null}",65,True,active,0.107199,1.950197,0.107002,35.0,105.0,1.59,1.0,1.6,10.0,0.107199,1.394,2.95,2303.3,7.858,-5.404,
exp27_ball_quality,ablationtube_only__ballspeed9__noplot__servebox,"{""--ablation"": ""tube_only"", ""--ball-speed"": 9, ""--no-plot"": null, ""--serve-box"": null}",78,True,active,0.066342,1.91151,0.064113,40.0,105.0,1.79,1.0,1.8,15.0,0.066342,1.729,1.39,1019.4,6.87,-0.393,
exp27_ball_quality,ablationtube_only__ballspeed9__noplot__servebox,"{""--ablation"": ""tube_only"", ""--ball-speed"": 9, ""--no-plot"": null, ""--serve-box"": null}",80,True,active,0.08313,1.918103,0.081168,45.0,105.0,1.4,0.97,1.6,0.0,0.08313,0.443,1.4,1008.4,7.219,-7.218,
exp27_ball_quality,ablationtube_only__ballspeed9__noplot__servebox,"{""--ablation"": ""tube_only"", ""--ball-speed"": 9, ""--no-plot"": null, ""--serve-box"": null}",77,True,active,0.009685,1.980981,0.009685,35.0,60.0,1.82,0.97,2.0,15.0,0.009685,1.794,1.76,1055.3,8.335,-2.291,
exp27_ball_quality,ablationtube_only__ballspeed9__noplot__servebox,"{""--ablation"": ""tube_only"", ""--ball-speed"": 9, ""--no-plot"": null, ""--serve-box"": null}",79,False,miss,0.330111,1.913072,0.094547,0.0,0.0,1.77,1.0,2.0,0.0,0.330111,0.0,1.59,1191.7,-1.0,-99.0,
exp27_ball_quality,ablationtube_only__ballspeed9__noplot__servebox,"{""--ablation"": ""tube_only"", ""--ball-speed"": 9, ""--no-plot"": null, ""--serve-box"": null}",75,True,active,0.129388,1.914345,0.11776,40.0,105.0,1.43,1.0,1.6,0.0,0.129388,0.7,2.34,1938.0,7.414,-6.188,
exp27_ball_quality,ablationtube_only__ballspeed9__noplot__servebox,"{""--ablation"": ""tube_only"", ""--ball-speed"": 9, ""--no-plot"": null, ""--serve-box"": null}",82,True,active,0.096772,1.947559,0.092991,35.0,105.0,1.61,0.99,1.5,10.0,0.096772,1.54,1.45,1056.2,7.4,-2.526,
exp27_ball_quality,ablationtube_only__ballspeed9__noplot__servebox,"{""--ablation"": ""tube_only"", ""--ball-speed"": 9, ""--no-plot"": null, ""--serve-box"": null}",76,True,active,0.084338,1.8901,0.063973,0.0,0.0,1.73,0.99,1.9,15.0,0.084338,1.593,2.55,1816.2,7.825,4.163,
exp27_ball_quality,ablationtube_only__ballspeed9__noplot__servebox,"{""--ablation"": ""tube_only"", ""--ball-speed"": 9, ""--no-plot"": null, ""--serve-box"": null}",85,True,active,0.058284,1.959678,0.050982,45.0,105.0,1.79,0.98,1.5,5.0,0.058284,1.345,1.55,1046.1,9.195,-7.934,
exp27_ball_quality,ablationtube_only__ballspeed9__noplot__servebox,"{""--ablation"": ""tube_only"", ""--ball-speed"": 9, ""--no-plot"": null, ""--serve-box"": null}",73,True,active,0.103646,1.952242,0.091197,15.0,50.0,1.24,0.99,1.2,10.0,0.103646,0.845,2.99,2293.3,7.831,0.095,
exp27_ball_quality,ablationtube_only__ballspeed9__noplot__servebox,"{""--ablation"": ""tube_only"", ""--ball-speed"": 9, ""--no-plot"": null, ""--serve-box"": null}",87,True,active,0.106019,1.945153,0.096057,0.0,0.0,1.8,1.0,2.0,15.0,0.106019,1.697,1.45,1066.4,7.569,1.275,
exp27_ball_quality,ablationtube_only__ballspeed9__noplot__servebox,"{""--ablation"": ""tube_only"", ""--ball-speed"": 9, ""--no-plot"": null, ""--serve-box"": null}",88,True,active,0.096711,1.935392,0.094593,40.0,105.0,1.8,0.99,1.8,10.0,0.096711,1.621,1.43,1015.4,8.229,-4.949,
exp27_ball_quality,ablationtube_only__ballspeed9__noplot__servebox,"{""--ablation"": ""tube_only"", ""--ball-speed"": 9, ""--no-plot"": null, ""--serve-box"": null}",81,True,active,0.069408,1.954536,0.063575,45.0,105.0,1.24,1.0,1.4,10.0,0.069408,0.786,2.41,1698.9,7.098,-1.427,
exp27_ball_quality,ablationtube_only__ballspeed9__noplot__servebox,"{""--ablation"": ""tube_only"", ""--ball-speed"": 9, ""--no-plot"": null, ""--serve-box"": null}",89,True,active,0.09003,1.939411,0.07495,35.0,75.0,1.78,0.97,2.0,10.0,0.09003,1.715,1.53,1056.5,7.737,-0.244,
exp27_ball_quality,ablationtube_only__ballspeed9__noplot__servebox,"{""--ablation"": ""tube_only"", ""--ball-speed"": 9, ""--no-plot"": null, ""--serve-box"": null}",91,True,passive,0.101735,1.932662,0.097727,45.0,105.0,1.03,1.0,1.0,5.0,0.101735,0.288,1.53,1044.9,6.763,-6.381,
exp27_ball_quality,ablationtube_only__ballspeed9__noplot__servebox,"{""--ablation"": ""tube_only"", ""--ball-speed"": 9, ""--no-plot"": null, ""--serve-box"": null}",92,False,miss,0.317454,1.952261,0.134773,0.0,0.0,1.53,0.99,1.8,0.0,0.317454,0.0,1.57,1203.4,-1.0,-99.0,
exp27_ball_quality,ablationtube_only__ballspeed9__noplot__servebox,"{""--ablation"": ""tube_only"", ""--ball-speed"": 9, ""--no-plot"": null, ""--serve-box"": null}",86,True,active,0.085689,1.959338,0.058011,45.0,105.0,1.69,0.99,1.6,10.0,0.085689,1.692,2.31,1696.7,7.324,-1.5,
exp27_ball_quality,ablationtube_only__ballspeed9__noplot__servebox,"{""--ablation"": ""tube_only"", ""--ball-speed"": 9, ""--no-plot"": null, ""--serve-box"": null}",94,True,active,0.077253,1.923331,0.077253,0.0,0.0,1.79,0.99,1.7,10.0,0.077253,1.793,1.38,1015.7,7.29,1.866,
exp27_ball_quality,ablationtube_only__ballspeed9__noplot__servebox,"{""--ablation"": ""tube_only"", ""--ball-speed"": 9, ""--no-plot"": null, ""--serve-box"": null}",90,True,active,0.101631,1.96835,0.091354,40.0,105.0,1.5,0.99,1.4,10.0,0.101631,1.454,2.05,1599.0,7.174,-4.554,
exp27_ball_quality,ablationtube_only__ballspeed9__noplot__servebox,"{""--ablation"": ""tube_only"", ""--ball-speed"": 9, ""--no-plot"": null, ""--serve-box"": null}",83,True,active,0.126717,1.91632,0.126717,35.0,105.0,1.4,1.0,1.6,5.0,0.126717,0.839,2.91,2212.0,7.478,-5.557,
exp27_ball_quality,ablationtube_only__ballspeed9__noplot__servebox,"{""--ablation"": ""tube_only"", ""--ball-speed"": 9, ""--no-plot"": null, ""--serve-box"": null}",96,True,active,0.116178,1.950255,0.107448,40.0,105.0,1.81,0.99,1.6,10.0,0.116178,1.519,1.58,1077.4,8.167,-3.731,
exp27_ball_quality,ablationtube_only__ballspeed9__noplot__servebox,"{""--ablation"": ""tube_only"", ""--ball-speed"": 9, ""--no-plot"": null, ""--serve-box"": null}",93,True,active,0.081151,1.922172,0.081151,35.0,105.0,1.76,0.99,1.9,10.0,0.081151,1.683,2.17,1507.0,6.297,-2.139,
exp27_ball_quality,ablationtube_only__ballspeed9__noplot__servebox,"{""--ablation"": ""tube_only"", ""--ball-speed"": 9, ""--no-plot"": null, ""--serve-box"": null}",84,True,active,0.07411,1.786415,0.063394,0.0,0.0,1.8,1.0,1.9,20.0,0.07411,1.694,3.2,2149.7,7.474,1.611,
exp27_ball_quality,ablationtube_only__ballspeed9__noplot__servebox,"{""--ablation"": ""tube_only"", ""--ball-speed"": 9, ""--no-plot"": null, ""--serve-box"": null}",100,True,active,0.073015,1.965514,0.073015,40.0,105.0,1.38,1.0,1.5,10.0,0.073015,0.724,1.5,1099.9,7.113,-5.529,
exp27_ball_quality,ablationtube_only__ballspeed9__noplot__servebox,"{""--ablation"": ""tube_only"", ""--ball-speed"": 9, ""--no-plot"": null, ""--serve-box"": null}",97,True,active,0.050321,1.936835,0.050321,0.0,5.0,1.77,0.99,2.1,20.0,0.050321,1.398,1.82,1087.3,7.923,-0.002,
exp27_ball_quality,ablationtube_only__ballspeed9__noplot__servebox,"{""--ablation"": ""tube_only"", ""--ball-speed"": 9, ""--no-plot"": null, ""--serve-box"": null}",99,False,miss,0.316442,1.945237,0.154403,25.0,0.0,1.49,0.99,1.4,0.0,0.316442,0.0,1.69,1218.3,-1.0,-99.0,
exp27_ball_quality,ablationsoftmin_only__ballspeed9__noplot__servebox,"{""--ablation"": ""softmin_only"", ""--ball-speed"": 9, ""--no-plot"": null, ""--serve-box"": null}",1,True,active,0.066828,1.969449,0.066828,40.0,105.0,1.81,1.0,1.4,15.0,0.066828,1.633,1.49,1092.9,8.568,-5.489,
exp27_ball_quality,ablationsoftmin_only__ballspeed9__noplot__servebox,"{""--ablation"": ""softmin_only"", ""--ball-speed"": 9, ""--no-plot"": null, ""--serve-box"": null}",2,True,active,0.101154,1.951322,0.090046,35.0,70.0,1.79,1.0,1.8,20.0,0.101154,1.781,1.55,1065.2,6.85,1.463,
exp27_ball_quality,ablationsoftmin_only__ballspeed9__noplot__servebox,"{""--ablation"": ""softmin_only"", ""--ball-speed"": 9, ""--no-plot"": null, ""--serve-box"": null}",3,True,active,0.136364,1.915635,0.123042,35.0,100.0,1.75,1.0,1.7,25.0,0.136364,1.543,1.69,1195.3,7.642,-4.993,
exp27_ball_quality,ablationsoftmin_only__ballspeed9__noplot__servebox,"{""--ablation"": ""softmin_only"", ""--ball-speed"": 9, ""--no-plot"": null, ""--serve-box"": null}",5,True,active,0.102928,1.950802,0.069918,0.0,0.0,1.79,0.99,1.5,25.0,0.102928,1.599,1.57,1076.9,8.277,0.45,
exp27_ball_quality,ablationtube_only__ballspeed9__noplot__servebox,"{""--ablation"": ""tube_only"", ""--ball-speed"": 9, ""--no-plot"": null, ""--serve-box"": null}",95,True,active,0.09039,1.936549,0.087621,40.0,105.0,1.79,0.98,1.8,10.0,0.09039,1.791,2.92,2272.1,7.232,-0.875,
exp27_ball_quality,ablationsoftmin_only__ballspeed9__noplot__servebox,"{""--ablation"": ""softmin_only"", ""--ball-speed"": 9, ""--no-plot"": null, ""--serve-box"": null}",7,True,active,0.102693,1.949466,0.098638,35.0,105.0,1.78,0.99,1.7,20.0,0.102693,1.761,1.7,1299.3,7.491,-2.335,
exp27_ball_quality,ablationsoftmin_only__ballspeed9__noplot__servebox,"{""--ablation"": ""softmin_only"", ""--ball-speed"": 9, ""--no-plot"": null, ""--serve-box"": null}",9,True,active,0.137239,1.963303,0.132473,30.0,85.0,1.78,0.99,1.8,15.0,0.137239,1.756,1.45,1030.0,7.964,-4.025,
exp27_ball_quality,ablationtube_only__ballspeed9__noplot__servebox,"{""--ablation"": ""tube_only"", ""--ball-speed"": 9, ""--no-plot"": null, ""--serve-box"": null}",98,True,active,0.082617,1.921335,0.056065,0.0,0.0,1.43,1.0,1.4,15.0,0.082617,1.3,2.92,2209.4,8.17,3.913,
exp27_ball_quality,ablationsoftmin_only__ballspeed9__noplot__servebox,"{""--ablation"": ""softmin_only"", ""--ball-speed"": 9, ""--no-plot"": null, ""--serve-box"": null}",8,True,active,0.144053,1.957843,0.122077,35.0,105.0,1.24,1.0,1.6,0.0,0.144053,0.473,1.72,1250.4,7.429,-7.4,
exp27_ball_quality,ablationsoftmin_only__ballspeed9__noplot__servebox,"{""--ablation"": ""softmin_only"", ""--ball-speed"": 9, ""--no-plot"": null, ""--serve-box"": null}",10,True,active,0.099043,1.962539,0.09668,40.0,105.0,1.8,1.0,1.6,15.0,0.099043,1.679,1.52,1059.0,8.154,-6.093,
exp27_ball_quality,ablationsoftmin_only__ballspeed9__noplot__servebox,"{""--ablation"": ""softmin_only"", ""--ball-speed"": 9, ""--no-plot"": null, ""--serve-box"": null}",20,,,,,,,,,,,,,,0.2,,,,no_result
exp27_ball_quality,ablationsoftmin_only__ballspeed9__noplot__servebox,"{""--ablation"": ""softmin_only"", ""--ball-speed"": 9, ""--no-plot"": null, ""--serve-box"": null}",21,,,,,,,,,,,,,,0.2,,,,no_result
exp27_ball_quality,ablationsoftmin_only__ballspeed9__noplot__servebox,"{""--ablation"": ""softmin_only"", ""--ball-speed"": 9, ""--no-plot"": null, ""--serve-box"": null}",14,True,active,0.085752,1.98576,0.085752,40.0,105.0,1.79,1.0,1.4,15.0,0.085752,1.757,1.44,1021.3,8.553,-7.103,
exp27_ball_quality,ablationsoftmin_only__ballspeed9__noplot__servebox,"{""--ablation"": ""softmin_only"", ""--ball-speed"": 9, ""--no-plot"": null, ""--serve-box"": null}",12,True,active,0.073309,1.951965,0.073309,40.0,105.0,1.8,0.99,1.8,20.0,0.073309,1.781,1.69,1233.8,6.874,-3.78,
exp27_ball_quality,ablationsoftmin_only__ballspeed9__noplot__servebox,"{""--ablation"": ""softmin_only"", ""--ball-speed"": 9, ""--no-plot"": null, ""--serve-box"": null}",6,True,active,0.101852,1.949561,0.095652,35.0,105.0,1.8,0.99,1.6,20.0,0.101852,1.742,2.43,1766.1,6.169,-1.684,
exp27_ball_quality,ablationsoftmin_only__ballspeed9__noplot__servebox,"{""--ablation"": ""softmin_only"", ""--ball-speed"": 9, ""--no-plot"": null, ""--serve-box"": null}",4,True,active,0.124026,1.955262,0.109907,40.0,105.0,1.8,0.99,1.7,20.0,0.124026,1.699,2.78,2158.7,7.35,-3.77,
exp27_ball_quality,ablationsoftmin_only__ballspeed9__noplot__servebox,"{""--ablation"": ""softmin_only"", ""--ball-speed"": 9, ""--no-plot"": null, ""--serve-box"": null}",13,True,active,0.143171,1.916528,0.140791,35.0,75.0,1.14,1.0,1.4,5.0,0.143171,0.746,1.86,1401.5,8.034,-4.182,
exp27_ball_quality,ablationsoftmin_only__ballspeed9__noplot__servebox,"{""--ablation"": ""softmin_only"", ""--ball-speed"": 9, ""--no-plot"": null, ""--serve-box"": null}",15,True,active,0.108297,1.950195,0.10011,0.0,0.0,1.77,0.98,2.1,15.0,0.108297,1.775,1.83,1410.8,7.829,1.775,
exp27_ball_quality,ablationsoftmin_only__ballspeed9__noplot__servebox,"{""--ablation"": ""softmin_only"", ""--ball-speed"": 9, ""--no-plot"": null, ""--serve-box"": null}",19,True,active,0.113456,1.937541,0.099306,0.0,0.0,1.78,0.99,2.0,25.0,0.113456,1.64,1.45,1070.3,7.622,1.339,
exp27_ball_quality,ablationsoftmin_only__ballspeed9__noplot__servebox,"{""--ablation"": ""softmin_only"", ""--ball-speed"": 9, ""--no-plot"": null, ""--serve-box"": null}",22,True,active,0.103354,1.918014,0.064216,0.0,0.0,1.8,1.0,1.8,25.0,0.103354,1.782,1.51,1074.4,8.183,2.685,
exp27_ball_quality,ablationsoftmin_only__ballspeed9__noplot__servebox,"{""--ablation"": ""softmin_only"", ""--ball-speed"": 9, ""--no-plot"": null, ""--serve-box"": null}",24,False,miss,0.31935,1.934235,0.130031,0.0,15.0,1.76,1.0,1.7,0.0,0.31935,0.0,1.4,1022.2,-1.0,-99.0,
exp27_ball_quality,ablationsoftmin_only__ballspeed9__noplot__servebox,"{""--ablation"": ""softmin_only"", ""--ball-speed"": 9, ""--no-plot"": null, ""--serve-box"": null}",11,True,active,0.106181,1.903871,0.101442,40.0,105.0,1.61,0.99,1.4,10.0,0.106181,0.726,2.95,2289.9,7.399,-2.452,
exp27_ball_quality,ablationsoftmin_only__ballspeed9__noplot__servebox,"{""--ablation"": ""softmin_only"", ""--ball-speed"": 9, ""--no-plot"": null, ""--serve-box"": null}",25,False,miss,0.334178,1.933358,0.201624,0.0,0.0,1.37,0.99,1.6,0.0,0.334178,0.0,1.52,1071.2,-1.0,-99.0,
exp27_ball_quality,ablationsoftmin_only__ballspeed9__noplot__servebox,"{""--ablation"": ""softmin_only"", ""--ball-speed"": 9, ""--no-plot"": null, ""--serve-box"": null}",26,True,active,0.093695,1.948249,0.093695,40.0,105.0,1.8,1.0,1.6,20.0,0.093695,1.532,1.58,1104.3,7.875,-4.333,
exp27_ball_quality,ablationsoftmin_only__ballspeed9__noplot__servebox,"{""--ablation"": ""softmin_only"", ""--ball-speed"": 9, ""--no-plot"": null, ""--serve-box"": null}",28,True,active,0.101673,1.934764,0.08609,0.0,0.0,1.79,0.98,1.6,20.0,0.101673,1.745,1.52,1034.0,8.359,2.273,
exp27_ball_quality,ablationsoftmin_only__ballspeed9__noplot__servebox,"{""--ablation"": ""softmin_only"", ""--ball-speed"": 9, ""--no-plot"": null, ""--serve-box"": null}",29,True,active,0.106484,1.908637,0.103471,35.0,105.0,0.99,1.0,1.2,5.0,0.106484,0.363,1.51,1071.3,7.521,-7.263,
exp27_ball_quality,ablationsoftmin_only__ballspeed9__noplot__servebox,"{""--ablation"": ""softmin_only"", ""--ball-speed"": 9, ""--no-plot"": null, ""--serve-box"": null}",18,True,active,0.114785,1.992625,0.114785,30.0,105.0,1.81,0.99,1.9,20.0,0.114785,1.653,2.58,1868.0,7.534,-1.991,
exp27_ball_quality,ablationsoftmin_only__ballspeed9__noplot__servebox,"{""--ablation"": ""softmin_only"", ""--ball-speed"": 9, ""--no-plot"": null, ""--serve-box"": null}",31,False,miss,0.355259,1.968782,0.153555,25.0,0.0,1.5,0.99,1.4,0.0,0.355259,0.0,1.49,1010.3,-1.0,-99.0,
exp27_ball_quality,ablationsoftmin_only__ballspeed9__noplot__servebox,"{""--ablation"": ""softmin_only"", ""--ball-speed"": 9, ""--no-plot"": null, ""--serve-box"": null}",16,True,active,0.065409,1.976202,0.058801,5.0,45.0,1.63,1.0,1.6,15.0,0.065409,1.347,3.13,2316.8,8.117,-0.27,
exp27_ball_quality,ablationsoftmin_only__ballspeed9__noplot__servebox,"{""--ablation"": ""softmin_only"", ""--ball-speed"": 9, ""--no-plot"": null, ""--serve-box"": null}",17,True,active,0.084584,1.933899,0.081288,45.0,105.0,1.4,1.0,1.3,5.0,0.084584,0.55,2.87,2249.8,7.026,-6.564,
exp27_ball_quality,ablationsoftmin_only__ballspeed9__noplot__servebox,"{""--ablation"": ""softmin_only"", ""--ball-speed"": 9, ""--no-plot"": null, ""--serve-box"": null}",33,True,active,0.110297,1.972966,0.110297,35.0,105.0,1.79,0.98,2.0,15.0,0.110297,1.783,1.38,1014.8,7.375,-2.333,
exp27_ball_quality,ablationsoftmin_only__ballspeed9__noplot__servebox,"{""--ablation"": ""softmin_only"", ""--ball-speed"": 9, ""--no-plot"": null, ""--serve-box"": null}",32,True,active,0.102336,1.943804,0.089879,45.0,105.0,1.74,1.0,1.7,15.0,0.102336,1.74,1.7,1328.2,7.619,-4.877,
exp27_ball_quality,ablationsoftmin_only__ballspeed9__noplot__servebox,"{""--ablation"": ""softmin_only"", ""--ball-speed"": 9, ""--no-plot"": null, ""--serve-box"": null}",23,True,active,0.10577,1.94775,0.10577,35.0,105.0,1.78,0.99,1.9,15.0,0.10577,1.696,2.87,2225.8,6.884,-3.991,
exp27_ball_quality,ablationsoftmin_only__ballspeed9__noplot__servebox,"{""--ablation"": ""softmin_only"", ""--ball-speed"": 9, ""--no-plot"": null, ""--serve-box"": null}",35,True,active,0.113393,1.959297,0.104403,40.0,105.0,1.79,0.99,1.7,20.0,0.113393,1.656,1.41,1039.0,7.61,-2.695,
exp27_ball_quality,ablationsoftmin_only__ballspeed9__noplot__servebox,"{""--ablation"": ""softmin_only"", ""--ball-speed"": 9, ""--no-plot"": null, ""--serve-box"": null}",27,True,active,0.034768,1.914805,0.034768,40.0,105.0,1.48,1.0,1.7,10.0,0.034768,0.754,2.7,1959.1,8.514,-7.145,
exp27_ball_quality,ablationsoftmin_only__ballspeed9__noplot__servebox,"{""--ablation"": ""softmin_only"", ""--ball-speed"": 9, ""--no-plot"": null, ""--serve-box"": null}",30,True,active,0.071285,1.94592,0.051287,0.0,0.0,1.79,0.98,1.7,20.0,0.071285,1.784,2.55,1919.8,7.353,1.699,
exp27_ball_quality,ablationsoftmin_only__ballspeed9__noplot__servebox,"{""--ablation"": ""softmin_only"", ""--ball-speed"": 9, ""--no-plot"": null, ""--serve-box"": null}",36,True,active,0.115858,1.931859,0.113812,35.0,105.0,1.79,1.0,1.8,10.0,0.115858,1.403,1.72,1337.8,7.043,-5.13,
exp27_ball_quality,ablationsoftmin_only__ballspeed9__noplot__servebox,"{""--ablation"": ""softmin_only"", ""--ball-speed"": 9, ""--no-plot"": null, ""--serve-box"": null}",39,True,active,0.091562,1.913835,0.091562,40.0,105.0,1.8,0.99,2.0,10.0,0.091562,1.773,1.49,1122.5,7.635,-2.924,
exp27_ball_quality,ablationsoftmin_only__ballspeed9__noplot__servebox,"{""--ablation"": ""softmin_only"", ""--ball-speed"": 9, ""--no-plot"": null, ""--serve-box"": null}",43,True,active,0.115631,1.944806,0.113097,35.0,105.0,1.8,1.0,1.8,25.0,0.115631,1.395,1.41,1046.4,7.153,-5.033,
exp27_ball_quality,ablationsoftmin_only__ballspeed9__noplot__servebox,"{""--ablation"": ""softmin_only"", ""--ball-speed"": 9, ""--no-plot"": null, ""--serve-box"": null}",41,True,active,0.056175,1.99712,0.034779,40.0,105.0,1.8,1.0,2.1,5.0,0.056175,1.348,1.49,1045.4,8.715,-3.745,
exp27_ball_quality,ablationsoftmin_only__ballspeed9__noplot__servebox,"{""--ablation"": ""softmin_only"", ""--ball-speed"": 9, ""--no-plot"": null, ""--serve-box"": null}",44,True,active,0.129566,1.964778,0.121275,40.0,105.0,1.83,1.0,2.2,20.0,0.129566,1.757,1.49,1051.5,7.652,-6.636,
exp27_ball_quality,ablationsoftmin_only__ballspeed9__noplot__servebox,"{""--ablation"": ""softmin_only"", ""--ball-speed"": 9, ""--no-plot"": null, ""--serve-box"": null}",37,True,active,0.139205,1.965343,0.125334,35.0,65.0,1.65,1.0,1.7,20.0,0.139205,1.298,2.25,1532.8,8.118,-3.752,
exp27_ball_quality,ablationsoftmin_only__ballspeed9__noplot__servebox,"{""--ablation"": ""softmin_only"", ""--ball-speed"": 9, ""--no-plot"": null, ""--serve-box"": null}",45,True,active,0.109188,1.972797,0.108132,35.0,105.0,1.81,1.0,1.8,20.0,0.109188,1.799,1.49,1025.7,8.078,-3.411,
exp27_ball_quality,ablationsoftmin_only__ballspeed9__noplot__servebox,"{""--ablation"": ""softmin_only"", ""--ball-speed"": 9, ""--no-plot"": null, ""--serve-box"": null}",38,True,active,0.089315,1.985162,0.089315,30.0,105.0,1.81,1.0,1.7,20.0,0.089315,1.452,2.45,1818.7,7.253,-3.642,
exp27_ball_quality,ablationsoftmin_only__ballspeed9__noplot__servebox,"{""--ablation"": ""softmin_only"", ""--ball-speed"": 9, ""--no-plot"": null, ""--serve-box"": null}",34,True,active,0.090987,1.983368,0.090987,30.0,105.0,1.81,1.0,1.7,20.0,0.090987,1.661,2.85,2151.5,7.812,-2.546,
exp27_ball_quality,ablationsoftmin_only__ballspeed9__noplot__servebox,"{""--ablation"": ""softmin_only"", ""--ball-speed"": 9, ""--no-plot"": null, ""--serve-box"": null}",48,True,active,0.105045,1.942427,0.099419,35.0,105.0,1.79,1.0,1.7,20.0,0.105045,1.75,1.45,1094.7,8.389,-6.492,
exp27_ball_quality,ablationsoftmin_only__ballspeed9__noplot__servebox,"{""--ablation"": ""softmin_only"", ""--ball-speed"": 9, ""--no-plot"": null, ""--serve-box"": null}",46,True,active,0.108509,1.968238,0.104567,35.0,105.0,1.34,0.99,1.4,10.0,0.108509,1.098,1.9,1491.4,7.949,-6.982,
exp27_ball_quality,ablationsoftmin_only__ballspeed9__noplot__servebox,"{""--ablation"": ""softmin_only"", ""--ball-speed"": 9, ""--no-plot"": null, ""--serve-box"": null}",42,True,active,0.094911,1.966659,0.094911,35.0,105.0,1.81,1.0,1.7,20.0,0.094911,1.537,2.32,1555.4,7.232,-2.128,
exp27_ball_quality,ablationsoftmin_only__ballspeed9__noplot__servebox,"{""--ablation"": ""softmin_only"", ""--ball-speed"": 9, ""--no-plot"": null, ""--serve-box"": null}",49,True,active,0.091449,1.949414,0.084788,45.0,105.0,1.78,0.99,1.9,20.0,0.091449,1.743,1.52,1018.3,7.497,-5.161,
exp27_ball_quality,ablationsoftmin_only__ballspeed9__noplot__servebox,"{""--ablation"": ""softmin_only"", ""--ball-speed"": 9, ""--no-plot"": null, ""--serve-box"": null}",51,True,active,0.112968,1.953826,0.099565,40.0,105.0,1.68,1.0,1.8,15.0,0.112968,1.562,1.35,994.5,7.141,-0.963,
exp27_ball_quality,ablationsoftmin_only__ballspeed9__noplot__servebox,"{""--ablation"": ""softmin_only"", ""--ball-speed"": 9, ""--no-plot"": null, ""--serve-box"": null}",40,True,active,0.073123,1.977508,0.073123,40.0,105.0,1.81,0.98,1.7,15.0,0.073123,1.732,2.91,2282.4,7.135,-2.207,
exp27_ball_quality,ablationsoftmin_only__ballspeed9__noplot__servebox,"{""--ablation"": ""softmin_only"", ""--ball-speed"": 9, ""--no-plot"": null, ""--serve-box"": null}",52,True,active,0.083158,1.959336,0.078359,35.0,105.0,1.8,0.99,1.5,20.0,0.083158,1.743,1.57,1148.9,7.273,-1.908,
exp27_ball_quality,ablationsoftmin_only__ballspeed9__noplot__servebox,"{""--ablation"": ""softmin_only"", ""--ball-speed"": 9, ""--no-plot"": null, ""--serve-box"": null}",53,True,active,0.043133,1.938171,0.043133,40.0,105.0,1.41,1.0,1.5,10.0,0.043133,0.467,1.54,1140.9,7.391,-5.43,
exp27_ball_quality,ablationsoftmin_only__ballspeed9__noplot__servebox,"{""--ablation"": ""softmin_only"", ""--ball-speed"": 9, ""--no-plot"": null, ""--serve-box"": null}",50,True,active,0.11287,1.94601,0.106058,30.0,85.0,1.81,1.0,2.0,20.0,0.11287,1.724,2.06,1053.0,8.112,-1.518,
exp27_ball_quality,ablationsoftmin_only__ballspeed9__noplot__servebox,"{""--ablation"": ""softmin_only"", ""--ball-speed"": 9, ""--no-plot"": null, ""--serve-box"": null}",56,False,miss,0.368242,1.958887,0.14745,0.0,0.0,1.79,1.0,2.0,0.0,0.368242,0.0,1.52,1073.6,-1.0,-99.0,
exp27_ball_quality,ablationsoftmin_only__ballspeed9__noplot__servebox,"{""--ablation"": ""softmin_only"", ""--ball-speed"": 9, ""--no-plot"": null, ""--serve-box"": null}",55,True,active,0.088314,1.991799,0.082141,40.0,105.0,1.8,0.96,1.9,20.0,0.088314,1.797,1.74,1367.3,7.749,0.171,
exp27_ball_quality,ablationsoftmin_only__ballspeed9__noplot__servebox,"{""--ablation"": ""softmin_only"", ""--ball-speed"": 9, ""--no-plot"": null, ""--serve-box"": null}",60,True,active,0.127872,1.958513,0.126691,35.0,105.0,1.8,1.0,1.9,20.0,0.127872,1.57,1.41,1012.2,7.727,-3.294,
exp27_ball_quality,ablationsoftmin_only__ballspeed9__noplot__servebox,"{""--ablation"": ""softmin_only"", ""--ball-speed"": 9, ""--no-plot"": null, ""--serve-box"": null}",47,True,active,0.064985,1.887022,0.064985,50.0,105.0,1.52,0.98,1.6,10.0,0.064985,1.116,2.94,2240.9,7.258,-5.225,
exp27_ball_quality,ablationsoftmin_only__ballspeed9__noplot__servebox,"{""--ablation"": ""softmin_only"", ""--ball-speed"": 9, ""--no-plot"": null, ""--serve-box"": null}",59,True,active,0.096787,1.962974,0.089674,35.0,85.0,1.79,1.0,1.8,25.0,0.096787,1.79,1.51,1028.5,7.6,-1.368,
exp27_ball_quality,ablationsoftmin_only__ballspeed9__noplot__servebox,"{""--ablation"": ""softmin_only"", ""--ball-speed"": 9, ""--no-plot"": null, ""--serve-box"": null}",62,True,active,0.095273,1.973723,0.092454,35.0,105.0,1.8,0.99,1.8,20.0,0.095273,1.673,1.49,1056.9,7.038,-3.894,
exp27_ball_quality,ablationsoftmin_only__ballspeed9__noplot__servebox,"{""--ablation"": ""softmin_only"", ""--ball-speed"": 9, ""--no-plot"": null, ""--serve-box"": null}",64,True,active,0.128042,1.958688,0.118029,35.0,105.0,1.81,0.99,1.6,20.0,0.128042,1.687,1.5,1031.9,8.541,-5.591,
exp27_ball_quality,ablationsoftmin_only__ballspeed9__noplot__servebox,"{""--ablation"": ""softmin_only"", ""--ball-speed"": 9, ""--no-plot"": null, ""--serve-box"": null}",54,True,active,0.026602,2.002052,0.026602,0.0,40.0,1.83,0.99,1.8,25.0,0.026602,1.798,2.61,2154.0,8.39,-1.408,
exp27_ball_quality,ablationsoftmin_only__ballspeed9__noplot__servebox,"{""--ablation"": ""softmin_only"", ""--ball-speed"": 9, ""--no-plot"": null, ""--serve-box"": null}",66,True,active,0.124686,1.952174,0.112218,40.0,100.0,1.8,1.0,1.8,20.0,0.124686,1.52,1.49,1023.1,7.981,-3.079,
exp27_ball_quality,ablationsoftmin_only__ballspeed9__noplot__servebox,"{""--ablation"": ""softmin_only"", ""--ball-speed"": 9, ""--no-plot"": null, ""--serve-box"": null}",61,True,active,0.114318,1.984063,0.114318,30.0,105.0,1.81,1.0,1.6,20.0,0.114318,1.692,2.13,1469.5,7.937,-3.643,
exp27_ball_quality,ablationsoftmin_only__ballspeed9__noplot__servebox,"{""--ablation"": ""softmin_only"", ""--ball-speed"": 9, ""--no-plot"": null, ""--serve-box"": null}",67,True,active,0.073771,1.954488,0.073771,35.0,105.0,1.78,0.99,1.8,15.0,0.073771,1.568,1.46,1097.5,7.01,-0.625,
exp27_ball_quality,ablationsoftmin_only__ballspeed9__noplot__servebox,"{""--ablation"": ""softmin_only"", ""--ball-speed"": 9, ""--no-plot"": null, ""--serve-box"": null}",57,True,active,0.097783,1.972986,0.092844,0.0,0.0,1.8,0.93,2.0,20.0,0.097783,1.789,2.81,2210.8,7.453,1.167,
exp27_ball_quality,ablationsoftmin_only__ballspeed9__noplot__servebox,"{""--ablation"": ""softmin_only"", ""--ball-speed"": 9, ""--no-plot"": null, ""--serve-box"": null}",65,True,active,0.092845,1.99361,0.092845,30.0,105.0,1.82,1.0,1.8,20.0,0.092845,1.775,1.99,1504.1,7.884,-4.686,
exp27_ball_quality,ablationsoftmin_only__ballspeed9__noplot__servebox,"{""--ablation"": ""softmin_only"", ""--ball-speed"": 9, ""--no-plot"": null, ""--serve-box"": null}",58,True,active,0.077252,1.896829,0.07613,45.0,105.0,1.4,1.0,1.8,15.0,0.077252,1.252,2.9,2194.1,6.218,-2.787,
exp27_ball_quality,ablationsoftmin_only__ballspeed9__noplot__servebox,"{""--ablation"": ""softmin_only"", ""--ball-speed"": 9, ""--no-plot"": null, ""--serve-box"": null}",71,True,active,0.126612,1.976013,0.126612,20.0,80.0,1.78,1.0,1.9,25.0,0.126612,1.555,1.4,1020.9,7.409,-0.161,
exp27_ball_quality,ablationsoftmin_only__ballspeed9__noplot__servebox,"{""--ablation"": ""softmin_only"", ""--ball-speed"": 9, ""--no-plot"": null, ""--serve-box"": null}",72,True,active,0.074501,1.984458,0.074501,40.0,105.0,1.79,0.99,1.8,15.0,0.074501,1.748,1.57,1180.9,8.437,-6.261,
exp27_ball_quality,ablationsoftmin_only__ballspeed9__noplot__servebox,"{""--ablation"": ""softmin_only"", ""--ball-speed"": 9, ""--no-plot"": null, ""--serve-box"": null}",74,True,active,0.102079,1.949042,0.092375,40.0,105.0,1.8,0.99,1.8,20.0,0.102079,1.612,1.42,1027.5,7.973,-5.982,
exp27_ball_quality,ablationsoftmin_only__ballspeed9__noplot__servebox,"{""--ablation"": ""softmin_only"", ""--ball-speed"": 9, ""--no-plot"": null, ""--serve-box"": null}",70,True,active,0.082875,1.983895,0.082875,40.0,105.0,1.79,1.0,1.7,20.0,0.082875,1.761,1.92,1202.9,9.097,-8.348,
exp27_ball_quality,ablationsoftmin_only__ballspeed9__noplot__servebox,"{""--ablation"": ""softmin_only"", ""--ball-speed"": 9, ""--no-plot"": null, ""--serve-box"": null}",75,True,active,0.12734,1.946594,0.126058,35.0,105.0,1.3,0.99,1.5,5.0,0.12734,0.788,1.4,1031.9,7.856,-4.717,
exp27_ball_quality,ablationsoftmin_only__ballspeed9__noplot__servebox,"{""--ablation"": ""softmin_only"", ""--ball-speed"": 9, ""--no-plot"": null, ""--serve-box"": null}",63,True,active,0.072817,1.982574,0.072817,40.0,105.0,1.81,1.0,1.5,20.0,0.072817,1.57,3.0,2253.7,8.244,-4.049,
exp27_ball_quality,ablationsoftmin_only__ballspeed9__noplot__servebox,"{""--ablation"": ""softmin_only"", ""--ball-speed"": 9, ""--no-plot"": null, ""--serve-box"": null}",68,True,active,0.071333,1.922423,0.064737,45.0,105.0,1.62,1.0,1.1,5.0,0.071333,1.194,2.63,1850.0,8.239,-7.001,
exp27_ball_quality,ablationsoftmin_only__ballspeed9__noplot__servebox,"{""--ablation"": ""softmin_only"", ""--ball-speed"": 9, ""--no-plot"": null, ""--serve-box"": null}",73,True,active,0.140882,1.988806,0.136042,35.0,105.0,1.73,0.99,1.5,20.0,0.140882,1.456,2.1,1702.6,8.015,-3.799,
exp27_ball_quality,ablationsoftmin_only__ballspeed9__noplot__servebox,"{""--ablation"": ""softmin_only"", ""--ball-speed"": 9, ""--no-plot"": null, ""--serve-box"": null}",79,True,active,0.109749,1.943225,0.078906,25.0,60.0,1.79,0.99,1.6,20.0,0.109749,1.751,1.53,1066.4,8.196,-1.381,
exp27_ball_quality,ablationsoftmin_only__ballspeed9__noplot__servebox,"{""--ablation"": ""softmin_only"", ""--ball-speed"": 9, ""--no-plot"": null, ""--serve-box"": null}",69,True,active,0.118332,1.974652,0.111439,35.0,105.0,1.79,0.99,1.8,20.0,0.118332,1.752,2.85,2142.7,7.541,-3.897,
exp27_ball_quality,ablationsoftmin_only__ballspeed9__noplot__servebox,"{""--ablation"": ""softmin_only"", ""--ball-speed"": 9, ""--no-plot"": null, ""--serve-box"": null}",81,True,active,0.071023,1.982943,0.071023,35.0,105.0,1.79,1.0,1.8,20.0,0.071023,1.411,1.43,1026.2,7.635,-5.284,
exp27_ball_quality,ablationsoftmin_only__ballspeed9__noplot__servebox,"{""--ablation"": ""softmin_only"", ""--ball-speed"": 9, ""--no-plot"": null, ""--serve-box"": null}",80,True,active,0.030953,1.933759,0.030953,50.0,105.0,1.81,1.0,1.5,10.0,0.030953,0.789,1.64,1252.6,7.522,-6.608,
exp27_ball_quality,ablationsoftmin_only__ballspeed9__noplot__servebox,"{""--ablation"": ""softmin_only"", ""--ball-speed"": 9, ""--no-plot"": null, ""--serve-box"": null}",78,True,active,0.087023,1.93995,0.083849,35.0,105.0,1.8,0.99,1.8,20.0,0.087023,1.635,1.88,1200.4,7.315,-4.26,
exp27_ball_quality,ablationsoftmin_only__ballspeed9__noplot__servebox,"{""--ablation"": ""softmin_only"", ""--ball-speed"": 9, ""--no-plot"": null, ""--serve-box"": null}",83,True,active,0.106132,1.987813,0.106132,40.0,105.0,1.59,1.0,1.5,15.0,0.106132,1.425,1.53,1131.4,8.371,-7.689,
exp27_ball_quality,ablationsoftmin_only__ballspeed9__noplot__servebox,"{""--ablation"": ""softmin_only"", ""--ball-speed"": 9, ""--no-plot"": null, ""--serve-box"": null}",77,True,active,0.092238,1.911211,0.08295,40.0,105.0,1.48,1.0,1.4,15.0,0.092238,1.407,2.25,1461.7,7.308,-5.319,
exp27_ball_quality,ablationsoftmin_only__ballspeed9__noplot__servebox,"{""--ablation"": ""softmin_only"", ""--ball-speed"": 9, ""--no-plot"": null, ""--serve-box"": null}",76,True,active,0.084506,1.911595,0.079259,0.0,0.0,1.68,0.99,1.8,15.0,0.084506,1.582,2.49,1831.3,7.747,1.555,
exp27_ball_quality,ablationsoftmin_only__ballspeed9__noplot__servebox,"{""--ablation"": ""softmin_only"", ""--ball-speed"": 9, ""--no-plot"": null, ""--serve-box"": null}",85,True,active,0.076236,1.966507,0.074221,40.0,105.0,1.8,0.99,1.6,10.0,0.076236,1.656,1.49,1063.5,9.616,-8.317,
exp27_ball_quality,ablationsoftmin_only__ballspeed9__noplot__servebox,"{""--ablation"": ""softmin_only"", ""--ball-speed"": 9, ""--no-plot"": null, ""--serve-box"": null}",84,True,active,0.076655,1.959534,0.070055,40.0,105.0,1.8,1.0,1.8,20.0,0.076655,1.718,1.6,1138.1,7.355,-5.348,
exp27_ball_quality,ablationsoftmin_only__ballspeed9__noplot__servebox,"{""--ablation"": ""softmin_only"", ""--ball-speed"": 9, ""--no-plot"": null, ""--serve-box"": null}",86,True,active,0.084805,1.952287,0.084805,40.0,105.0,1.78,1.0,1.8,15.0,0.084805,1.657,1.72,1265.8,6.988,-3.76,
exp27_ball_quality,ablationsoftmin_only__ballspeed9__noplot__servebox,"{""--ablation"": ""softmin_only"", ""--ball-speed"": 9, ""--no-plot"": null, ""--serve-box"": null}",82,True,active,0.093201,1.964045,0.093201,30.0,105.0,1.81,0.99,1.7,20.0,0.093201,1.711,2.31,1843.1,8.053,-3.259,
exp27_ball_quality,ablationsoftmin_only__ballspeed9__noplot__servebox,"{""--ablation"": ""softmin_only"", ""--ball-speed"": 9, ""--no-plot"": null, ""--serve-box"": null}",91,True,active,0.006856,1.964643,0.006856,55.0,105.0,1.6,1.0,1.5,5.0,0.006856,0.674,1.55,1068.7,6.208,-6.002,
exp27_ball_quality,ablationsoftmin_only__ballspeed9__noplot__servebox,"{""--ablation"": ""softmin_only"", ""--ball-speed"": 9, ""--no-plot"": null, ""--serve-box"": null}",93,True,active,0.095907,1.937913,0.085582,45.0,105.0,1.79,0.99,2.1,15.0,0.095907,1.731,1.48,1092.2,6.987,-4.145,
exp27_ball_quality,ablationsoftmin_only__ballspeed9__noplot__servebox,"{""--ablation"": ""softmin_only"", ""--ball-speed"": 9, ""--no-plot"": null, ""--serve-box"": null}",95,True,active,0.100277,1.933371,0.086379,40.0,105.0,1.76,0.99,1.8,25.0,0.100277,1.546,1.49,1083.8,6.901,-1.871,
exp27_ball_quality,ablationsoftmin_only__ballspeed9__noplot__servebox,"{""--ablation"": ""softmin_only"", ""--ball-speed"": 9, ""--no-plot"": null, ""--serve-box"": null}",87,True,active,0.132261,1.950591,0.121874,35.0,100.0,1.78,0.99,1.9,20.0,0.132261,1.465,2.68,2045.0,7.714,-2.567,
exp27_ball_quality,ablationsoftmin_only__ballspeed9__noplot__servebox,"{""--ablation"": ""softmin_only"", ""--ball-speed"": 9, ""--no-plot"": null, ""--serve-box"": null}",90,True,active,0.087297,1.974534,0.085874,40.0,105.0,1.81,0.96,2.1,15.0,0.087297,1.806,2.31,1694.6,7.606,-6.96,
exp27_ball_quality,ablationsoftmin_only__ballspeed9__noplot__servebox,"{""--ablation"": ""softmin_only"", ""--ball-speed"": 9, ""--no-plot"": null, ""--serve-box"": null}",98,True,active,0.085684,1.932208,0.056169,0.0,0.0,1.79,0.99,1.4,20.0,0.085684,1.706,1.52,1057.7,8.359,0.246,
exp27_ball_quality,ablationsoftmin_only__ballspeed9__noplot__servebox,"{""--ablation"": ""softmin_only"", ""--ball-speed"": 9, ""--no-plot"": null, ""--serve-box"": null}",99,True,active,0.12259,1.963722,0.117563,35.0,105.0,1.8,1.0,1.8,20.0,0.12259,1.802,1.45,1038.1,8.3,-5.906,
exp27_ball_quality,ablationsoftmin_only__ballspeed9__noplot__servebox,"{""--ablation"": ""softmin_only"", ""--ball-speed"": 9, ""--no-plot"": null, ""--serve-box"": null}",97,True,active,0.131879,1.974839,0.122393,30.0,85.0,1.79,1.0,1.9,20.0,0.131879,1.681,1.62,1122.8,8.582,-2.715,
exp27_ball_quality,ablationsoftmin_only__ballspeed9__noplot__servebox,"{""--ablation"": ""softmin_only"", ""--ball-speed"": 9, ""--no-plot"": null, ""--serve-box"": null}",96,True,active,0.083003,1.980057,0.077248,35.0,105.0,1.81,0.94,1.8,20.0,0.083003,1.739,1.73,1267.8,7.425,-3.487,
exp27_ball_quality,ablationsoftmin_only__ballspeed9__noplot__servebox,"{""--ablation"": ""softmin_only"", ""--ball-speed"": 9, ""--no-plot"": null, ""--serve-box"": null}",88,True,active,0.101654,1.967029,0.101654,35.0,105.0,1.8,0.99,2.0,20.0,0.101654,1.669,3.01,2296.5,8.187,-5.665,
exp27_ball_quality,ablationsoftmin_only__ballspeed9__noplot__servebox,"{""--ablation"": ""softmin_only"", ""--ball-speed"": 9, ""--no-plot"": null, ""--serve-box"": null}",89,True,active,0.079683,1.937969,0.079683,40.0,105.0,1.79,0.97,1.8,15.0,0.079683,1.784,2.75,2123.1,7.137,-3.114,
exp27_ball_quality,ablationsoftmin_only__ballspeed9__noplot__servebox,"{""--ablation"": ""softmin_only"", ""--ball-speed"": 9, ""--no-plot"": null, ""--serve-box"": null}",100,True,active,0.081013,1.985073,0.076399,40.0,105.0,1.8,0.98,1.8,20.0,0.081013,1.778,1.79,1330.5,7.481,-5.689,
exp27_ball_quality,ablationsoftmin_only__ballspeed9__noplot__servebox,"{""--ablation"": ""softmin_only"", ""--ball-speed"": 9, ""--no-plot"": null, ""--serve-box"": null}",94,True,active,0.094843,1.978892,0.094843,35.0,105.0,1.8,0.97,1.8,20.0,0.094843,1.744,2.43,1763.4,7.678,-1.305,
exp27_ball_quality,ablationnone__ballspeed9__noplot__servebox,"{""--ablation"": ""none"", ""--ball-speed"": 9, ""--no-plot"": null, ""--serve-box"": null}",2,True,active,0.0914,1.980466,0.067024,40.0,0.0,1.65,0.99,1.1,15.0,0.0914,1.117,1.45,1062.2,7.407,-3.688,
exp27_ball_quality,ablationsoftmin_only__ballspeed9__noplot__servebox,"{""--ablation"": ""softmin_only"", ""--ball-speed"": 9, ""--no-plot"": null, ""--serve-box"": null}",92,True,active,0.106301,1.956975,0.087002,40.0,105.0,1.79,1.0,1.9,30.0,0.106301,1.716,2.93,2275.2,7.325,-2.44,
exp27_ball_quality,ablationnone__ballspeed9__noplot__servebox,"{""--ablation"": ""none"", ""--ball-speed"": 9, ""--no-plot"": null, ""--serve-box"": null}",3,True,active,0.101632,1.933792,0.034245,0.0,0.0,1.46,1.0,1.7,20.0,0.101632,0.823,1.52,1191.1,8.293,0.73,
exp27_ball_quality,ablationnone__ballspeed9__noplot__servebox,"{""--ablation"": ""none"", ""--ball-speed"": 9, ""--no-plot"": null, ""--serve-box"": null}",4,True,active,0.113372,1.942406,0.073817,45.0,0.0,1.27,1.0,1.1,10.0,0.113372,0.731,1.5,1131.3,7.509,-1.773,
exp27_ball_quality,ablationnone__ballspeed9__noplot__servebox,"{""--ablation"": ""none"", ""--ball-speed"": 9, ""--no-plot"": null, ""--serve-box"": null}",1,True,active,0.056345,1.946711,0.045804,0.0,0.0,1.79,1.0,1.6,20.0,0.056345,1.789,2.47,1829.5,7.76,1.88,
exp27_ball_quality,ablationnone__ballspeed9__noplot__servebox,"{""--ablation"": ""none"", ""--ball-speed"": 9, ""--no-plot"": null, ""--serve-box"": null}",6,True,active,0.041667,1.963245,0.041667,35.0,0.0,1.8,0.99,1.8,10.0,0.041667,1.752,1.51,1122.7,7.048,0.597,
exp27_ball_quality,ablationnone__ballspeed9__noplot__servebox,"{""--ablation"": ""none"", ""--ball-speed"": 9, ""--no-plot"": null, ""--serve-box"": null}",7,True,active,0.076035,1.98018,0.019934,50.0,0.0,1.79,1.0,1.4,10.0,0.076035,1.79,1.51,1112.0,7.873,-2.276,
exp27_ball_quality,ablationnone__ballspeed9__noplot__servebox,"{""--ablation"": ""none"", ""--ball-speed"": 9, ""--no-plot"": null, ""--serve-box"": null}",21,,,,,,,,,,,,,,0.19,,,,no_result
exp27_ball_quality,ablationnone__ballspeed9__noplot__servebox,"{""--ablation"": ""none"", ""--ball-speed"": 9, ""--no-plot"": null, ""--serve-box"": null}",9,True,active,0.094524,1.939047,0.063607,50.0,0.0,1.28,1.0,1.3,5.0,0.094524,0.759,1.6,1176.4,7.51,-4.739,
exp27_ball_quality,ablationnone__ballspeed9__noplot__servebox,"{""--ablation"": ""none"", ""--ball-speed"": 9, ""--no-plot"": null, ""--serve-box"": null}",20,,,,,,,,,,,,,,0.29,,,,no_result
exp27_ball_quality,ablationnone__ballspeed9__noplot__servebox,"{""--ablation"": ""none"", ""--ball-speed"": 9, ""--no-plot"": null, ""--serve-box"": null}",12,True,active,0.076772,1.961254,0.037698,0.0,0.0,1.41,1.0,1.4,15.0,0.076772,0.963,1.47,1068.6,7.606,0.304,
exp27_ball_quality,ablationnone__ballspeed9__noplot__servebox,"{""--ablation"": ""none"", ""--ball-speed"": 9, ""--no-plot"": null, ""--serve-box"": null}",13,False,miss,0.258967,1.883136,0.092805,0.0,0.0,1.8,0.98,1.3,0.0,0.258967,0.0,1.53,1101.6,-1.0,-99.0,
exp27_ball_quality,ablationnone__ballspeed9__noplot__servebox,"{""--ablation"": ""none"", ""--ball-speed"": 9, ""--no-plot"": null, ""--serve-box"": null}",14,True,active,0.103945,1.951178,0.070166,45.0,0.0,1.35,1.0,1.6,10.0,0.103945,1.209,1.67,1330.4,7.742,-2.427,
exp27_ball_quality,ablationnone__ballspeed9__noplot__servebox,"{""--ablation"": ""none"", ""--ball-speed"": 9, ""--no-plot"": null, ""--serve-box"": null}",5,False,miss,0.302049,1.95578,0.094482,0.0,0.0,1.37,1.0,1.2,0.0,0.302049,0.0,2.68,2106.4,-1.0,-99.0,
exp27_ball_quality,ablationnone__ballspeed9__noplot__servebox,"{""--ablation"": ""none"", ""--ball-speed"": 9, ""--no-plot"": null, ""--serve-box"": null}",10,True,active,0.063642,1.965808,0.033176,40.0,0.0,1.72,0.99,1.7,10.0,0.063642,1.724,2.38,1754.4,7.273,0.315,
exp27_ball_quality,ablationnone__ballspeed9__noplot__servebox,"{""--ablation"": ""none"", ""--ball-speed"": 9, ""--no-plot"": null, ""--serve-box"": null}",17,True,active,0.090855,1.919206,0.090855,40.0,0.0,1.58,0.97,1.4,5.0,0.090855,0.835,1.55,1206.7,5.9,-5.266,
exp27_ball_quality,ablationnone__ballspeed9__noplot__servebox,"{""--ablation"": ""none"", ""--ball-speed"": 9, ""--no-plot"": null, ""--serve-box"": null}",19,True,active,0.093229,1.966529,0.028792,0.0,0.0,1.51,0.99,1.1,15.0,0.093229,1.449,1.71,1344.9,7.214,2.463,
exp27_ball_quality,ablationnone__ballspeed9__noplot__servebox,"{""--ablation"": ""none"", ""--ball-speed"": 9, ""--no-plot"": null, ""--serve-box"": null}",22,True,active,0.057752,1.923803,0.025463,0.0,0.0,1.77,0.99,1.3,15.0,0.057752,1.721,1.49,1119.0,7.971,1.605,
exp27_ball_quality,ablationnone__ballspeed9__noplot__servebox,"{""--ablation"": ""none"", ""--ball-speed"": 9, ""--no-plot"": null, ""--serve-box"": null}",8,False,miss,0.191065,1.906671,0.175849,10.0,0.0,1.45,1.0,1.6,0.0,0.191065,0.0,2.98,2337.6,-1.0,-99.0,
exp27_ball_quality,ablationnone__ballspeed9__noplot__servebox,"{""--ablation"": ""none"", ""--ball-speed"": 9, ""--no-plot"": null, ""--serve-box"": null}",18,True,active,0.079494,1.973642,0.026104,45.0,0.0,1.66,1.0,1.7,10.0,0.079494,1.66,2.18,1619.3,7.85,-1.148,
exp27_ball_quality,ablationnone__ballspeed9__noplot__servebox,"{""--ablation"": ""none"", ""--ball-speed"": 9, ""--no-plot"": null, ""--serve-box"": null}",11,True,active,0.109392,1.87789,0.107896,35.0,0.0,1.38,0.99,1.2,10.0,0.109392,0.809,2.98,2324.0,7.539,-4.683,
exp27_ball_quality,ablationnone__ballspeed9__noplot__servebox,"{""--ablation"": ""none"", ""--ball-speed"": 9, ""--no-plot"": null, ""--serve-box"": null}",24,True,active,0.081582,1.944779,0.078428,40.0,0.0,1.81,1.0,1.5,15.0,0.081582,1.251,1.47,1095.2,6.111,-1.973,
exp27_ball_quality,ablationnone__ballspeed9__noplot__servebox,"{""--ablation"": ""none"", ""--ball-speed"": 9, ""--no-plot"": null, ""--serve-box"": null}",23,True,active,0.107985,1.938745,0.10616,35.0,0.0,1.32,0.99,1.4,10.0,0.107985,1.302,1.55,1109.3,7.448,-5.18,
exp27_ball_quality,ablationnone__ballspeed9__noplot__servebox,"{""--ablation"": ""none"", ""--ball-speed"": 9, ""--no-plot"": null, ""--serve-box"": null}",25,False,miss,0.170541,1.876711,0.151651,0.0,0.0,1.72,1.0,1.7,0.0,0.170541,0.0,1.52,1130.4,-1.0,-99.0,
exp27_ball_quality,ablationnone__ballspeed9__noplot__servebox,"{""--ablation"": ""none"", ""--ball-speed"": 9, ""--no-plot"": null, ""--serve-box"": null}",26,True,active,0.038576,1.974776,0.038576,0.0,0.0,1.8,1.0,1.5,20.0,0.038576,1.755,1.5,1123.1,8.369,-0.299,
exp27_ball_quality,ablationnone__ballspeed9__noplot__servebox,"{""--ablation"": ""none"", ""--ball-speed"": 9, ""--no-plot"": null, ""--serve-box"": null}",16,True,active,0.047939,2.020466,0.047939,0.0,0.0,1.79,0.99,1.5,15.0,0.047939,1.473,2.78,2186.7,7.987,1.902,
exp27_ball_quality,ablationnone__ballspeed9__noplot__servebox,"{""--ablation"": ""none"", ""--ball-speed"": 9, ""--no-plot"": null, ""--serve-box"": null}",15,True,active,0.096965,1.956504,0.069954,45.0,0.0,1.63,1.0,1.1,15.0,0.096965,0.858,3.1,2410.8,6.969,-1.112,
exp27_ball_quality,ablationnone__ballspeed9__noplot__servebox,"{""--ablation"": ""none"", ""--ball-speed"": 9, ""--no-plot"": null, ""--serve-box"": null}",29,True,active,0.032211,1.829229,0.032211,45.0,0.0,1.74,0.99,2.1,0.0,0.032211,0.819,1.63,1106.0,5.893,-5.815,
exp27_ball_quality,ablationnone__ballspeed9__noplot__servebox,"{""--ablation"": ""none"", ""--ball-speed"": 9, ""--no-plot"": null, ""--serve-box"": null}",31,False,miss,0.31925,1.929066,0.214906,0.0,0.0,1.12,0.99,1.3,0.0,0.31925,0.0,1.5,1158.2,-1.0,-99.0,
exp27_ball_quality,ablationnone__ballspeed9__noplot__servebox,"{""--ablation"": ""none"", ""--ball-speed"": 9, ""--no-plot"": null, ""--serve-box"": null}",28,False,miss,0.301522,1.990643,0.103434,0.0,0.0,1.61,0.99,1.2,0.0,0.301522,0.0,2.17,1630.4,-1.0,-99.0,
exp27_ball_quality,ablationnone__ballspeed9__noplot__servebox,"{""--ablation"": ""none"", ""--ball-speed"": 9, ""--no-plot"": null, ""--serve-box"": null}",34,True,active,0.102874,1.951026,0.057783,45.0,0.0,1.19,1.0,1.2,10.0,0.102874,0.811,1.5,1096.8,7.629,-1.22,
exp27_ball_quality,ablationnone__ballspeed9__noplot__servebox,"{""--ablation"": ""none"", ""--ball-speed"": 9, ""--no-plot"": null, ""--serve-box"": null}",35,False,miss,0.316662,1.903572,0.122283,0.0,0.0,1.31,0.99,1.6,0.0,0.316662,0.0,1.52,1159.6,-1.0,-99.0,
exp27_ball_quality,ablationnone__ballspeed9__noplot__servebox,"{""--ablation"": ""none"", ""--ball-speed"": 9, ""--no-plot"": null, ""--serve-box"": null}",38,True,active,0.090646,1.954148,0.051676,50.0,0.0,1.27,0.99,1.3,10.0,0.090646,1.155,1.5,1105.3,7.746,-3.44,
exp27_ball_quality,ablationnone__ballspeed9__noplot__servebox,"{""--ablation"": ""none"", ""--ball-speed"": 9, ""--no-plot"": null, ""--serve-box"": null}",36,True,active,0.119603,1.960268,0.104265,40.0,0.0,1.25,1.0,1.1,5.0,0.119603,0.702,1.55,1151.4,8.251,-4.429,
exp27_ball_quality,ablationnone__ballspeed9__noplot__servebox,"{""--ablation"": ""none"", ""--ball-speed"": 9, ""--no-plot"": null, ""--serve-box"": null}",40,True,active,0.046658,1.960363,0.028947,45.0,0.0,1.72,1.0,1.8,10.0,0.046658,1.716,1.53,1160.7,7.055,-1.165,
exp27_ball_quality,ablationnone__ballspeed9__noplot__servebox,"{""--ablation"": ""none"", ""--ball-speed"": 9, ""--no-plot"": null, ""--serve-box"": null}",27,True,active,0.029988,1.977935,0.029988,40.0,0.0,1.66,1.0,1.6,5.0,0.029988,0.749,2.95,2329.2,7.438,2.225,
exp27_ball_quality,ablationnone__ballspeed9__noplot__servebox,"{""--ablation"": ""none"", ""--ball-speed"": 9, ""--no-plot"": null, ""--serve-box"": null}",41,True,passive,0.086263,1.926089,0.083086,35.0,0.0,1.8,1.0,2.0,15.0,0.086263,0.223,1.68,1266.1,7.629,-5.626,
exp27_ball_quality,ablationnone__ballspeed9__noplot__servebox,"{""--ablation"": ""none"", ""--ball-speed"": 9, ""--no-plot"": null, ""--serve-box"": null}",30,False,miss,0.331062,2.014312,0.100187,0.0,0.0,1.78,1.0,1.7,0.0,0.331062,0.0,2.58,1955.7,-1.0,-99.0,
exp27_ball_quality,ablationnone__ballspeed9__noplot__servebox,"{""--ablation"": ""none"", ""--ball-speed"": 9, ""--no-plot"": null, ""--serve-box"": null}",42,True,active,0.063957,1.934816,0.050344,15.0,0.0,1.3,1.0,1.5,15.0,0.063957,0.635,1.63,1260.9,7.781,-1.316,
exp27_ball_quality,ablationnone__ballspeed9__noplot__servebox,"{""--ablation"": ""none"", ""--ball-speed"": 9, ""--no-plot"": null, ""--serve-box"": null}",43,True,active,0.133283,1.89376,0.120506,35.0,0.0,1.78,0.99,2.0,15.0,0.133283,1.474,1.4,1059.6,7.43,-1.07,
exp27_ball_quality,ablationnone__ballspeed9__noplot__servebox,"{""--ablation"": ""none"", ""--ball-speed"": 9, ""--no-plot"": null, ""--serve-box"": null}",32,True,active,0.103773,1.918402,0.077763,50.0,0.0,1.26,1.0,1.2,5.0,0.103773,0.388,2.85,2295.0,7.544,-3.579,
exp27_ball_quality,ablationnone__ballspeed9__noplot__servebox,"{""--ablation"": ""none"", ""--ball-speed"": 9, ""--no-plot"": null, ""--serve-box"": null}",39,True,active,0.093892,1.897449,0.088409,45.0,0.0,1.74,0.99,1.6,5.0,0.093892,0.875,2.44,2029.8,7.597,-4.711,
exp27_ball_quality,ablationnone__ballspeed9__noplot__servebox,"{""--ablation"": ""none"", ""--ball-speed"": 9, ""--no-plot"": null, ""--serve-box"": null}",33,True,active,0.125045,1.950037,0.087253,45.0,0.0,1.35,1.0,1.4,10.0,0.125045,0.563,2.85,2297.6,7.424,0.14,
exp27_ball_quality,ablationnone__ballspeed9__noplot__servebox,"{""--ablation"": ""none"", ""--ball-speed"": 9, ""--no-plot"": null, ""--serve-box"": null}",45,True,active,0.07024,1.976097,0.023748,50.0,0.0,1.79,1.0,1.5,10.0,0.07024,1.788,1.62,1204.8,7.609,-1.931,
exp27_ball_quality,ablationnone__ballspeed9__noplot__servebox,"{""--ablation"": ""none"", ""--ball-speed"": 9, ""--no-plot"": null, ""--serve-box"": null}",44,True,active,0.080092,1.905311,0.080092,0.0,0.0,1.8,1.0,1.8,15.0,0.080092,1.735,2.08,1503.9,7.557,1.001,
exp27_ball_quality,ablationnone__ballspeed9__noplot__servebox,"{""--ablation"": ""none"", ""--ball-speed"": 9, ""--no-plot"": null, ""--serve-box"": null}",37,True,active,0.04033,1.995297,0.009437,0.0,0.0,1.66,1.0,1.7,10.0,0.04033,1.661,2.99,2336.6,7.723,1.673,
exp27_ball_quality,ablationnone__ballspeed9__noplot__servebox,"{""--ablation"": ""none"", ""--ball-speed"": 9, ""--no-plot"": null, ""--serve-box"": null}",50,True,active,0.057608,1.909722,0.057608,15.0,0.0,1.78,1.0,1.8,15.0,0.057608,1.769,1.49,1060.4,6.903,-1.244,
exp27_ball_quality,ablationnone__ballspeed9__noplot__servebox,"{""--ablation"": ""none"", ""--ball-speed"": 9, ""--no-plot"": null, ""--serve-box"": null}",49,True,active,0.088668,1.973793,0.085829,40.0,0.0,1.72,0.97,1.9,10.0,0.088668,1.534,1.67,1303.3,7.702,-3.692,
exp27_ball_quality,ablationnone__ballspeed9__noplot__servebox,"{""--ablation"": ""none"", ""--ball-speed"": 9, ""--no-plot"": null, ""--serve-box"": null}",51,True,active,0.10848,1.944385,0.056596,30.0,0.0,1.54,1.0,2.2,15.0,0.10848,1.516,1.52,1142.5,8.143,-1.718,
exp27_ball_quality,ablationnone__ballspeed9__noplot__servebox,"{""--ablation"": ""none"", ""--ball-speed"": 9, ""--no-plot"": null, ""--serve-box"": null}",47,True,active,0.065723,1.877404,0.065723,40.0,0.0,1.38,1.0,1.3,5.0,0.065723,0.936,1.77,1212.7,7.981,-5.286,
exp27_ball_quality,ablationnone__ballspeed9__noplot__servebox,"{""--ablation"": ""none"", ""--ball-speed"": 9, ""--no-plot"": null, ""--serve-box"": null}",52,False,miss,0.305231,1.930324,0.134925,10.0,0.0,0.97,1.0,1.0,0.0,0.305231,0.0,1.44,1051.4,-1.0,-99.0,
exp27_ball_quality,ablationnone__ballspeed9__noplot__servebox,"{""--ablation"": ""none"", ""--ball-speed"": 9, ""--no-plot"": null, ""--serve-box"": null}",53,True,active,0.04826,1.925252,0.04826,0.0,0.0,1.4,0.99,1.2,15.0,0.04826,0.901,1.53,1140.0,7.731,-0.958,
exp27_ball_quality,ablationnone__ballspeed9__noplot__servebox,"{""--ablation"": ""none"", ""--ball-speed"": 9, ""--no-plot"": null, ""--serve-box"": null}",56,False,miss,0.331034,1.953172,0.102189,0.0,0.0,1.78,1.0,2.3,0.0,0.331034,0.0,1.51,1107.9,-1.0,-99.0,
exp27_ball_quality,ablationnone__ballspeed9__noplot__servebox,"{""--ablation"": ""none"", ""--ball-speed"": 9, ""--no-plot"": null, ""--serve-box"": null}",57,True,active,0.103904,1.991033,0.047306,45.0,0.0,1.62,1.0,1.3,20.0,0.103904,1.22,1.55,1198.3,8.203,-1.998,
exp27_ball_quality,ablationnone__ballspeed9__noplot__servebox,"{""--ablation"": ""none"", ""--ball-speed"": 9, ""--no-plot"": null, ""--serve-box"": null}",46,True,active,0.006927,1.945795,0.006927,45.0,0.0,1.29,0.98,1.5,5.0,0.006927,0.358,2.97,2325.6,6.841,-4.242,
exp27_ball_quality,ablationnone__ballspeed9__noplot__servebox,"{""--ablation"": ""none"", ""--ball-speed"": 9, ""--no-plot"": null, ""--serve-box"": null}",48,True,active,0.102985,1.954129,0.057188,45.0,0.0,1.22,1.0,1.2,5.0,0.102985,0.757,2.86,2275.7,7.425,-0.99,
exp27_ball_quality,ablationnone__ballspeed9__noplot__servebox,"{""--ablation"": ""none"", ""--ball-speed"": 9, ""--no-plot"": null, ""--serve-box"": null}",60,False,miss,0.304284,1.930195,0.137556,25.0,0.0,1.25,1.0,1.3,0.0,0.304284,0.0,1.49,1088.9,-1.0,-99.0,
exp27_ball_quality,ablationnone__ballspeed9__noplot__servebox,"{""--ablation"": ""none"", ""--ball-speed"": 9, ""--no-plot"": null, ""--serve-box"": null}",61,True,active,0.116456,1.927886,0.066382,45.0,0.0,1.27,1.0,1.1,10.0,0.116456,1.087,1.47,1153.1,7.457,-2.827,
exp27_ball_quality,ablationnone__ballspeed9__noplot__servebox,"{""--ablation"": ""none"", ""--ball-speed"": 9, ""--no-plot"": null, ""--serve-box"": null}",62,True,active,0.078171,1.952326,0.065012,35.0,0.0,1.32,1.0,1.1,10.0,0.078171,1.123,1.52,1093.4,7.387,-1.382,
exp27_ball_quality,ablationnone__ballspeed9__noplot__servebox,"{""--ablation"": ""none"", ""--ball-speed"": 9, ""--no-plot"": null, ""--serve-box"": null}",59,True,active,0.050269,1.948411,0.050269,0.0,0.0,1.73,1.0,1.4,20.0,0.050269,1.057,1.83,1442.0,7.529,1.218,
exp27_ball_quality,ablationnone__ballspeed9__noplot__servebox,"{""--ablation"": ""none"", ""--ball-speed"": 9, ""--no-plot"": null, ""--serve-box"": null}",64,True,active,0.09314,1.941679,0.036531,5.0,0.0,1.43,1.0,1.6,10.0,0.09314,1.432,1.47,1046.6,7.486,1.184,
exp27_ball_quality,ablationnone__ballspeed9__noplot__servebox,"{""--ablation"": ""none"", ""--ball-speed"": 9, ""--no-plot"": null, ""--serve-box"": null}",54,True,active,0.051937,1.982058,0.051937,0.0,0.0,1.47,1.0,1.5,20.0,0.051937,1.101,2.68,2051.9,8.312,3.288,
exp27_ball_quality,ablationnone__ballspeed9__noplot__servebox,"{""--ablation"": ""none"", ""--ball-speed"": 9, ""--no-plot"": null, ""--serve-box"": null}",55,False,miss,0.295703,1.959828,0.113366,35.0,0.0,1.26,0.99,1.1,0.0,0.295703,0.0,2.64,2060.2,-1.0,-99.0,
exp27_ball_quality,ablationnone__ballspeed9__noplot__servebox,"{""--ablation"": ""none"", ""--ball-speed"": 9, ""--no-plot"": null, ""--serve-box"": null}",67,True,active,0.059739,1.939254,0.051618,30.0,0.0,1.67,0.97,1.9,10.0,0.059739,1.673,1.69,1311.5,7.155,1.858,
exp27_ball_quality,ablationnone__ballspeed9__noplot__servebox,"{""--ablation"": ""none"", ""--ball-speed"": 9, ""--no-plot"": null, ""--serve-box"": null}",66,False,miss,0.304012,1.929817,0.137965,25.0,0.0,1.22,1.0,1.0,0.0,0.304012,0.0,1.84,1260.2,-1.0,-99.0,
exp27_ball_quality,ablationnone__ballspeed9__noplot__servebox,"{""--ablation"": ""none"", ""--ball-speed"": 9, ""--no-plot"": null, ""--serve-box"": null}",63,True,active,0.061202,1.964914,0.019987,0.0,0.0,1.76,0.98,1.5,20.0,0.061202,1.581,2.03,1678.7,8.263,2.078,
exp27_ball_quality,ablationnone__ballspeed9__noplot__servebox,"{""--ablation"": ""none"", ""--ball-speed"": 9, ""--no-plot"": null, ""--serve-box"": null}",65,True,active,0.100711,1.961668,0.048656,50.0,0.0,1.28,0.99,1.2,10.0,0.100711,1.082,2.23,1629.3,8.144,-1.752,
exp27_ball_quality,ablationnone__ballspeed9__noplot__servebox,"{""--ablation"": ""none"", ""--ball-speed"": 9, ""--no-plot"": null, ""--serve-box"": null}",69,False,miss,0.286428,1.929609,0.134891,10.0,0.0,1.13,1.0,1.3,0.0,0.286428,0.0,1.61,1289.5,-1.0,-99.0,
exp27_ball_quality,ablationnone__ballspeed9__noplot__servebox,"{""--ablation"": ""none"", ""--ball-speed"": 9, ""--no-plot"": null, ""--serve-box"": null}",58,True,active,0.089674,1.866225,0.087033,45.0,0.0,1.17,0.99,1.2,5.0,0.089674,0.796,3.01,2304.5,6.234,-4.692,
exp27_ball_quality,ablationnone__ballspeed9__noplot__servebox,"{""--ablation"": ""none"", ""--ball-speed"": 9, ""--no-plot"": null, ""--serve-box"": null}",70,False,miss,0.299314,1.948963,0.156594,20.0,0.0,1.1,0.99,1.3,0.0,0.299314,0.0,1.49,1105.6,-1.0,-99.0,
exp27_ball_quality,ablationnone__ballspeed9__noplot__servebox,"{""--ablation"": ""none"", ""--ball-speed"": 9, ""--no-plot"": null, ""--serve-box"": null}",71,True,active,0.092171,1.963841,0.06489,0.0,0.0,1.78,1.0,1.5,20.0,0.092171,1.559,1.56,1104.5,7.99,2.534,
exp27_ball_quality,ablationnone__ballspeed9__noplot__servebox,"{""--ablation"": ""none"", ""--ball-speed"": 9, ""--no-plot"": null, ""--serve-box"": null}",73,True,active,0.091577,1.963628,0.074048,0.0,0.0,1.78,1.0,1.9,20.0,0.091577,1.585,1.53,1137.3,7.98,1.006,
exp27_ball_quality,ablationnone__ballspeed9__noplot__servebox,"{""--ablation"": ""none"", ""--ball-speed"": 9, ""--no-plot"": null, ""--serve-box"": null}",74,True,active,0.104914,1.957733,0.064401,50.0,0.0,1.25,1.0,1.1,10.0,0.104914,1.253,1.54,1176.4,7.181,-3.302,
exp27_ball_quality,ablationnone__ballspeed9__noplot__servebox,"{""--ablation"": ""none"", ""--ball-speed"": 9, ""--no-plot"": null, ""--serve-box"": null}",78,True,active,0.09085,1.926911,0.028804,35.0,0.0,1.23,1.0,1.2,15.0,0.09085,1.113,1.61,1254.4,8.033,-0.788,
exp27_ball_quality,ablationnone__ballspeed9__noplot__servebox,"{""--ablation"": ""none"", ""--ball-speed"": 9, ""--no-plot"": null, ""--serve-box"": null}",80,True,active,0.103248,1.924751,0.092561,45.0,0.0,1.59,0.99,1.5,0.0,0.103248,0.692,1.48,1115.1,7.695,-7.66,
exp27_ball_quality,ablationnone__ballspeed9__noplot__servebox,"{""--ablation"": ""none"", ""--ball-speed"": 9, ""--no-plot"": null, ""--serve-box"": null}",68,True,active,0.094694,1.882938,0.088998,50.0,0.0,1.21,1.0,1.0,5.0,0.094694,0.571,2.79,2226.9,6.834,-4.448,
exp27_ball_quality,ablationnone__ballspeed9__noplot__servebox,"{""--ablation"": ""none"", ""--ball-speed"": 9, ""--no-plot"": null, ""--serve-box"": null}",81,True,active,0.058555,1.953284,0.058555,40.0,0.0,1.41,0.98,1.1,10.0,0.058555,0.596,1.49,1140.5,6.955,-3.603,
exp27_ball_quality,ablationnone__ballspeed9__noplot__servebox,"{""--ablation"": ""none"", ""--ball-speed"": 9, ""--no-plot"": null, ""--serve-box"": null}",72,True,active,0.047155,1.949052,0.027142,45.0,0.0,1.37,0.99,1.3,5.0,0.047155,1.046,2.7,2140.4,7.252,-2.84,
exp27_ball_quality,ablationnone__ballspeed9__noplot__servebox,"{""--ablation"": ""none"", ""--ball-speed"": 9, ""--no-plot"": null, ""--serve-box"": null}",83,True,active,0.108176,1.937817,0.101864,40.0,0.0,1.79,0.98,1.6,10.0,0.108176,1.677,1.51,1094.5,8.377,-4.915,
exp27_ball_quality,ablationnone__ballspeed9__noplot__servebox,"{""--ablation"": ""none"", ""--ball-speed"": 9, ""--no-plot"": null, ""--serve-box"": null}",84,True,active,0.036983,1.942231,0.036983,20.0,0.0,1.8,0.99,1.8,15.0,0.036983,1.768,1.48,1108.6,7.233,-2.373,
exp27_ball_quality,ablationnone__ballspeed9__noplot__servebox,"{""--ablation"": ""none"", ""--ball-speed"": 9, ""--no-plot"": null, ""--serve-box"": null}",77,True,active,0.089954,1.901866,0.089954,35.0,0.0,1.39,0.99,1.4,10.0,0.089954,0.637,2.44,2072.3,7.367,-1.335,
exp27_ball_quality,ablationnone__ballspeed9__noplot__servebox,"{""--ablation"": ""none"", ""--ball-speed"": 9, ""--no-plot"": null, ""--serve-box"": null}",85,True,active,0.082228,1.920803,0.082228,35.0,0.0,1.79,1.0,1.7,0.0,0.082228,0.399,1.53,1146.8,7.877,-5.113,
exp27_ball_quality,ablationnone__ballspeed9__noplot__servebox,"{""--ablation"": ""none"", ""--ball-speed"": 9, ""--no-plot"": null, ""--serve-box"": null}",86,True,active,0.095336,1.967961,0.027876,20.0,0.0,1.57,0.99,1.6,15.0,0.095336,1.45,1.41,1060.3,7.642,-0.455,
exp27_ball_quality,ablationnone__ballspeed9__noplot__servebox,"{""--ablation"": ""none"", ""--ball-speed"": 9, ""--no-plot"": null, ""--serve-box"": null}",76,True,active,0.076755,1.920115,0.037113,0.0,0.0,1.77,1.0,1.3,15.0,0.076755,1.55,2.72,2142.1,8.262,1.447,
exp27_ball_quality,ablationnone__ballspeed9__noplot__servebox,"{""--ablation"": ""none"", ""--ball-speed"": 9, ""--no-plot"": null, ""--serve-box"": null}",75,True,active,0.100578,1.892332,0.100578,35.0,0.0,1.41,1.0,1.9,5.0,0.100578,0.49,2.92,2350.8,6.624,-5.157,
exp27_ball_quality,ablationnone__ballspeed9__noplot__servebox,"{""--ablation"": ""none"", ""--ball-speed"": 9, ""--no-plot"": null, ""--serve-box"": null}",88,False,miss,0.327193,1.950891,0.147207,20.0,0.0,1.8,0.99,1.7,0.0,0.327193,0.0,1.61,1262.6,-1.0,-99.0,
exp27_ball_quality,ablationnone__ballspeed9__noplot__servebox,"{""--ablation"": ""none"", ""--ball-speed"": 9, ""--no-plot"": null, ""--serve-box"": null}",79,False,miss,0.319356,1.953928,0.106147,0.0,0.0,1.8,0.99,2.0,0.0,0.319356,0.0,2.75,2199.4,-1.0,-99.0,
exp27_ball_quality,ablationnone__ballspeed9__noplot__servebox,"{""--ablation"": ""none"", ""--ball-speed"": 9, ""--no-plot"": null, ""--serve-box"": null}",89,True,active,0.109237,1.905777,0.083966,50.0,0.0,1.57,1.0,1.2,10.0,0.109237,0.886,1.5,1181.1,7.459,-3.306,
exp27_ball_quality,ablationnone__ballspeed9__noplot__servebox,"{""--ablation"": ""none"", ""--ball-speed"": 9, ""--no-plot"": null, ""--serve-box"": null}",90,True,active,0.068128,1.928868,0.068128,40.0,0.0,1.38,0.99,1.4,10.0,0.068128,1.089,1.51,1103.5,7.232,-4.779,
exp27_ball_quality,ablationnone__ballspeed9__noplot__servebox,"{""--ablation"": ""none"", ""--ball-speed"": 9, ""--no-plot"": null, ""--serve-box"": null}",87,True,active,0.098574,1.968937,0.026488,0.0,0.0,1.43,1.0,1.8,15.0,0.098574,1.374,2.38,1799.1,7.825,1.569,
exp27_ball_quality,ablationnone__ballspeed9__noplot__servebox,"{""--ablation"": ""none"", ""--ball-speed"": 9, ""--no-plot"": null, ""--serve-box"": null}",92,True,active,0.119656,1.94414,0.119281,0.0,0.0,1.77,1.0,2.0,15.0,0.119656,1.769,1.66,1328.0,7.618,2.147,
exp27_ball_quality,ablationnone__ballspeed9__noplot__servebox,"{""--ablation"": ""none"", ""--ball-speed"": 9, ""--no-plot"": null, ""--serve-box"": null}",82,True,active,0.118446,1.907937,0.09105,40.0,0.0,1.33,1.0,1.3,10.0,0.118446,0.732,2.99,2344.0,7.723,-3.522,
exp27_ball_quality,ablationnone__ballspeed9__noplot__servebox,"{""--ablation"": ""none"", ""--ball-speed"": 9, ""--no-plot"": null, ""--serve-box"": null}",95,True,active,0.099037,1.934738,0.050891,50.0,0.0,1.11,1.0,0.9,10.0,0.099037,0.921,1.43,1064.3,7.85,-3.398,
exp27_ball_quality,ablationnone__ballspeed9__noplot__servebox,"{""--ablation"": ""none"", ""--ball-speed"": 9, ""--no-plot"": null, ""--serve-box"": null}",91,False,miss,0.196753,1.906955,0.142145,30.0,0.0,1.3,0.99,2.0,0.0,0.196753,0.0,1.91,1517.4,-1.0,-99.0,
exp27_ball_quality,ablationnone__ballspeed9__noplot__servebox,"{""--ablation"": ""none"", ""--ball-speed"": 9, ""--no-plot"": null, ""--serve-box"": null}",94,True,active,0.085782,1.942189,0.029672,0.0,0.0,1.24,1.0,1.7,10.0,0.085782,1.143,1.53,1151.8,7.365,3.369,
exp27_ball_quality,ablationnone__ballspeed9__noplot__servebox,"{""--ablation"": ""none"", ""--ball-speed"": 9, ""--no-plot"": null, ""--serve-box"": null}",96,True,active,0.098591,1.9913,0.02379,15.0,0.0,1.8,1.0,1.9,15.0,0.098591,1.789,1.51,1080.3,7.626,0.835,
exp27_ball_quality,ablationnone__ballspeed9__noplot__servebox,"{""--ablation"": ""none"", ""--ball-speed"": 9, ""--no-plot"": null, ""--serve-box"": null}",100,False,miss,0.281967,1.916573,0.157163,25.0,0.0,1.15,1.0,1.4,0.0,0.281967,0.0,1.56,1215.9,-1.0,-99.0,
exp27_ball_quality,ablationfull__ballspeed12__noplot__servebox,"{""--ablation"": ""full"", ""--ball-speed"": 12, ""--no-plot"": null, ""--serve-box"": null}",2,True,active,0.110588,1.896432,0.094075,35.0,105.0,1.79,1.0,1.8,15.0,0.110588,1.773,1.41,1050.5,9.011,-2.967,
exp27_ball_quality,ablationfull__ballspeed12__noplot__servebox,"{""--ablation"": ""full"", ""--ball-speed"": 12, ""--no-plot"": null, ""--serve-box"": null}",1,True,active,0.100814,1.87344,0.100814,30.0,105.0,1.27,0.99,1.8,10.0,0.100814,1.227,1.55,1095.0,9.403,-6.281,
exp27_ball_quality,ablationfull__ballspeed12__noplot__servebox,"{""--ablation"": ""full"", ""--ball-speed"": 12, ""--no-plot"": null, ""--serve-box"": null}",3,False,miss,0.403891,1.895603,0.156348,20.0,0.0,1.42,1.0,1.6,0.0,0.403891,0.0,1.7,1309.0,-1.0,-99.0,
exp27_ball_quality,ablationfull__ballspeed12__noplot__servebox,"{""--ablation"": ""full"", ""--ball-speed"": 12, ""--no-plot"": null, ""--serve-box"": null}",7,True,active,0.099014,1.907177,0.098452,30.0,105.0,1.73,1.0,2.0,15.0,0.099014,1.632,1.41,1018.0,9.644,-1.142,
exp27_ball_quality,ablationfull__ballspeed12__noplot__servebox,"{""--ablation"": ""full"", ""--ball-speed"": 12, ""--no-plot"": null, ""--serve-box"": null}",5,True,active,0.093251,1.900268,0.079282,30.0,105.0,1.74,0.99,1.8,15.0,0.093251,1.687,1.55,1064.1,9.654,-2.351,
exp27_ball_quality,ablationfull__ballspeed12__noplot__servebox,"{""--ablation"": ""full"", ""--ball-speed"": 12, ""--no-plot"": null, ""--serve-box"": null}",10,True,active,0.101633,1.887252,0.096711,35.0,105.0,1.79,1.0,1.8,10.0,0.101633,1.55,1.34,991.6,9.865,-7.608,
exp27_ball_quality,ablationnone__ballspeed9__noplot__servebox,"{""--ablation"": ""none"", ""--ball-speed"": 9, ""--no-plot"": null, ""--serve-box"": null}",93,True,active,0.087252,1.962688,0.079011,40.0,0.0,1.77,0.96,2.0,10.0,0.087252,1.768,2.99,2324.4,7.967,-4.164,
exp27_ball_quality,ablationnone__ballspeed9__noplot__servebox,"{""--ablation"": ""none"", ""--ball-speed"": 9, ""--no-plot"": null, ""--serve-box"": null}",99,False,miss,0.279359,1.936677,0.115923,10.0,0.0,1.16,1.0,1.3,0.0,0.279359,0.0,2.72,2093.7,-1.0,-99.0,
exp27_ball_quality,ablationfull__ballspeed12__noplot__servebox,"{""--ablation"": ""full"", ""--ball-speed"": 12, ""--no-plot"": null, ""--serve-box"": null}",8,False,miss,0.273102,1.909909,0.171846,10.0,0.0,1.05,1.0,1.4,0.0,0.273102,0.0,1.64,1236.6,-1.0,-99.0,
exp27_ball_quality,ablationnone__ballspeed9__noplot__servebox,"{""--ablation"": ""none"", ""--ball-speed"": 9, ""--no-plot"": null, ""--serve-box"": null}",98,True,active,0.068779,1.935549,0.029665,0.0,0.0,1.6,1.0,1.3,10.0,0.068779,1.551,2.95,2313.2,7.43,2.524,
exp27_ball_quality,ablationnone__ballspeed9__noplot__servebox,"{""--ablation"": ""none"", ""--ball-speed"": 9, ""--no-plot"": null, ""--serve-box"": null}",97,True,active,0.042427,1.943692,0.042427,0.0,0.0,1.78,1.0,1.7,20.0,0.042427,1.621,3.01,2346.1,7.472,0.585,
exp27_ball_quality,ablationfull__ballspeed12__noplot__servebox,"{""--ablation"": ""full"", ""--ball-speed"": 12, ""--no-plot"": null, ""--serve-box"": null}",11,True,active,0.039514,1.863081,0.030351,35.0,105.0,1.72,0.99,1.8,0.0,0.039514,0.656,1.59,1134.6,10.118,-7.218,
exp27_ball_quality,ablationfull__ballspeed12__noplot__servebox,"{""--ablation"": ""full"", ""--ball-speed"": 12, ""--no-plot"": null, ""--serve-box"": null}",20,,,,,,,,,,,,,,0.22,,,,no_result
exp27_ball_quality,ablationfull__ballspeed12__noplot__servebox,"{""--ablation"": ""full"", ""--ball-speed"": 12, ""--no-plot"": null, ""--serve-box"": null}",12,True,active,0.098412,1.884884,0.091777,30.0,105.0,1.77,0.98,1.5,15.0,0.098412,1.573,1.4,1017.4,9.422,-5.801,
exp27_ball_quality,ablationfull__ballspeed12__noplot__servebox,"{""--ablation"": ""full"", ""--ball-speed"": 12, ""--no-plot"": null, ""--serve-box"": null}",21,,,,,,,,,,,,,,0.3,,,,no_result
exp27_ball_quality,ablationfull__ballspeed12__noplot__servebox,"{""--ablation"": ""full"", ""--ball-speed"": 12, ""--no-plot"": null, ""--serve-box"": null}",13,True,active,0.114306,1.876816,0.108116,30.0,105.0,1.67,0.99,1.4,20.0,0.114306,1.472,1.44,1044.4,9.411,-5.671,
exp27_ball_quality,ablationfull__ballspeed12__noplot__servebox,"{""--ablation"": ""full"", ""--ball-speed"": 12, ""--no-plot"": null, ""--serve-box"": null}",14,True,active,0.13097,1.907196,0.119155,30.0,90.0,1.78,1.0,1.7,15.0,0.13097,1.585,1.57,1144.6,10.183,-7.974,
exp27_ball_quality,ablationfull__ballspeed12__noplot__servebox,"{""--ablation"": ""full"", ""--ball-speed"": 12, ""--no-plot"": null, ""--serve-box"": null}",4,True,active,0.116109,1.866743,0.105458,30.0,100.0,1.8,0.99,1.7,15.0,0.116109,1.681,2.88,2265.2,9.044,-5.206,
exp27_ball_quality,ablationfull__ballspeed12__noplot__servebox,"{""--ablation"": ""full"", ""--ball-speed"": 12, ""--no-plot"": null, ""--serve-box"": null}",9,True,active,0.127051,1.931321,0.10977,35.0,90.0,1.77,1.0,1.7,10.0,0.127051,1.583,2.41,2059.2,9.822,-5.593,
exp27_ball_quality,ablationfull__ballspeed12__noplot__servebox,"{""--ablation"": ""full"", ""--ball-speed"": 12, ""--no-plot"": null, ""--serve-box"": null}",15,True,active,0.106024,1.914058,0.08911,35.0,105.0,1.8,0.99,2.0,15.0,0.106024,1.738,1.39,1063.1,9.459,-3.948,
exp27_ball_quality,ablationfull__ballspeed12__noplot__servebox,"{""--ablation"": ""full"", ""--ball-speed"": 12, ""--no-plot"": null, ""--serve-box"": null}",6,True,active,0.104573,1.928305,0.094637,30.0,105.0,1.8,0.98,2.0,15.0,0.104573,1.692,2.8,2241.4,9.438,-2.684,
exp27_ball_quality,ablationfull__ballspeed12__noplot__servebox,"{""--ablation"": ""full"", ""--ball-speed"": 12, ""--no-plot"": null, ""--serve-box"": null}",17,True,active,0.132713,1.898251,0.116167,40.0,85.0,1.81,0.99,1.6,5.0,0.132713,1.277,1.44,1075.5,10.465,-8.581,
exp27_ball_quality,ablationfull__ballspeed12__noplot__servebox,"{""--ablation"": ""full"", ""--ball-speed"": 12, ""--no-plot"": null, ""--serve-box"": null}",16,True,active,0.058263,1.906925,0.058263,30.0,105.0,1.8,0.99,1.8,20.0,0.058263,1.723,1.53,1170.3,9.724,-2.562,
exp27_ball_quality,ablationfull__ballspeed12__noplot__servebox,"{""--ablation"": ""full"", ""--ball-speed"": 12, ""--no-plot"": null, ""--serve-box"": null}",18,True,active,0.128728,1.897405,0.112566,35.0,100.0,1.78,0.99,1.6,15.0,0.128728,1.656,1.68,1270.3,9.797,-6.644,
exp27_ball_quality,ablationfull__ballspeed12__noplot__servebox,"{""--ablation"": ""full"", ""--ball-speed"": 12, ""--no-plot"": null, ""--serve-box"": null}",24,True,active,0.129246,1.912869,0.116081,30.0,90.0,1.8,1.0,1.9,10.0,0.129246,1.755,1.45,1056.4,9.935,-0.971,
exp27_ball_quality,ablationfull__ballspeed12__noplot__servebox,"{""--ablation"": ""full"", ""--ball-speed"": 12, ""--no-plot"": null, ""--serve-box"": null}",27,True,active,0.050698,1.899369,0.03792,40.0,105.0,1.76,0.97,1.9,10.0,0.050698,1.477,1.44,1046.3,9.778,-4.701,
exp27_ball_quality,ablationfull__ballspeed12__noplot__servebox,"{""--ablation"": ""full"", ""--ball-speed"": 12, ""--no-plot"": null, ""--serve-box"": null}",25,True,active,0.146108,1.883378,0.125834,35.0,80.0,1.8,1.0,1.6,15.0,0.146108,1.664,1.7,1249.2,9.901,-8.015,
exp27_ball_quality,ablationfull__ballspeed12__noplot__servebox,"{""--ablation"": ""full"", ""--ball-speed"": 12, ""--no-plot"": null, ""--serve-box"": null}",26,True,active,0.077117,1.865569,0.077117,35.0,105.0,1.8,0.99,1.9,15.0,0.077117,1.733,1.78,1356.4,8.964,-4.678,
exp27_ball_quality,ablationfull__ballspeed12__noplot__servebox,"{""--ablation"": ""full"", ""--ball-speed"": 12, ""--no-plot"": null, ""--serve-box"": null}",30,True,active,0.091539,1.910809,0.084109,30.0,105.0,1.81,0.96,1.6,15.0,0.091539,1.772,1.33,998.5,8.753,-3.653,
exp27_ball_quality,ablationfull__ballspeed12__noplot__servebox,"{""--ablation"": ""full"", ""--ball-speed"": 12, ""--no-plot"": null, ""--serve-box"": null}",33,True,active,0.106166,1.918077,0.092151,30.0,105.0,1.8,1.0,1.9,15.0,0.106166,1.637,1.36,1032.0,9.265,-3.782,
exp27_ball_quality,ablationfull__ballspeed12__noplot__servebox,"{""--ablation"": ""full"", ""--ball-speed"": 12, ""--no-plot"": null, ""--serve-box"": null}",31,True,active,0.125709,1.888635,0.122552,30.0,100.0,1.78,1.0,1.8,10.0,0.125709,1.068,1.6,1232.0,9.526,-8.492,
exp27_ball_quality,ablationfull__ballspeed12__noplot__servebox,"{""--ablation"": ""full"", ""--ball-speed"": 12, ""--no-plot"": null, ""--serve-box"": null}",35,True,active,0.125825,1.90697,0.122237,25.0,105.0,1.77,1.0,1.6,15.0,0.125825,1.507,1.57,1207.7,9.868,-3.715,
exp27_ball_quality,ablationfull__ballspeed12__noplot__servebox,"{""--ablation"": ""full"", ""--ball-speed"": 12, ""--no-plot"": null, ""--serve-box"": null}",19,True,active,0.108234,1.891596,0.09441,30.0,105.0,1.8,0.99,1.8,20.0,0.108234,1.749,2.94,2261.1,9.581,-0.631,
exp27_ball_quality,ablationfull__ballspeed12__noplot__servebox,"{""--ablation"": ""full"", ""--ball-speed"": 12, ""--no-plot"": null, ""--serve-box"": null}",36,True,active,0.122428,1.902885,0.10225,35.0,100.0,1.76,1.0,2.1,10.0,0.122428,1.702,1.36,1049.3,9.787,0.112,
exp27_ball_quality,ablationfull__ballspeed12__noplot__servebox,"{""--ablation"": ""full"", ""--ball-speed"": 12, ""--no-plot"": null, ""--serve-box"": null}",37,True,active,0.13804,1.875555,0.118675,35.0,105.0,1.79,1.0,1.7,15.0,0.13804,1.691,1.44,1095.3,9.764,-5.111,
exp27_ball_quality,ablationfull__ballspeed12__noplot__servebox,"{""--ablation"": ""full"", ""--ball-speed"": 12, ""--no-plot"": null, ""--serve-box"": null}",23,True,active,0.093159,1.918986,0.090056,30.0,105.0,1.81,0.99,1.7,15.0,0.093159,1.766,2.94,2270.7,9.042,-4.082,
exp27_ball_quality,ablationfull__ballspeed12__noplot__servebox,"{""--ablation"": ""full"", ""--ball-speed"": 12, ""--no-plot"": null, ""--serve-box"": null}",22,True,active,0.066337,1.902912,0.052937,35.0,105.0,1.8,1.0,1.5,15.0,0.066337,1.67,3.02,2303.0,10.17,-6.911,
exp27_ball_quality,ablationfull__ballspeed12__noplot__servebox,"{""--ablation"": ""full"", ""--ball-speed"": 12, ""--no-plot"": null, ""--serve-box"": null}",38,True,active,0.1419,1.899945,0.106296,35.0,100.0,1.81,0.98,1.6,15.0,0.1419,1.696,1.35,1000.6,10.162,-6.471,
exp27_ball_quality,ablationfull__ballspeed12__noplot__servebox,"{""--ablation"": ""full"", ""--ball-speed"": 12, ""--no-plot"": null, ""--serve-box"": null}",39,True,active,0.105095,1.878536,0.07835,35.0,105.0,1.79,0.99,1.6,5.0,0.105095,0.881,1.47,1087.1,10.712,-10.707,
exp27_ball_quality,ablationfull__ballspeed12__noplot__servebox,"{""--ablation"": ""full"", ""--ball-speed"": 12, ""--no-plot"": null, ""--serve-box"": null}",29,True,active,0.113932,1.891866,0.113932,30.0,105.0,1.44,1.0,1.4,10.0,0.113932,1.072,2.67,2204.6,9.481,-9.236,
exp27_ball_quality,ablationfull__ballspeed12__noplot__servebox,"{""--ablation"": ""full"", ""--ball-speed"": 12, ""--no-plot"": null, ""--serve-box"": null}",34,True,active,0.12016,1.86846,0.103025,40.0,105.0,1.74,1.0,1.6,10.0,0.12016,1.584,2.34,1933.4,10.733,-7.217,
exp27_ball_quality,ablationfull__ballspeed12__noplot__servebox,"{""--ablation"": ""full"", ""--ball-speed"": 12, ""--no-plot"": null, ""--serve-box"": null}",28,True,active,0.065574,1.892309,0.065574,30.0,105.0,1.7,0.99,1.4,10.0,0.065574,1.323,3.0,2283.7,9.19,-2.448,
exp27_ball_quality,ablationfull__ballspeed12__noplot__servebox,"{""--ablation"": ""full"", ""--ball-speed"": 12, ""--no-plot"": null, ""--serve-box"": null}",32,False,miss,0.322802,1.864759,0.137215,20.0,70.0,1.66,1.0,1.7,0.0,0.322802,0.0,2.81,2244.9,-1.0,-99.0,
exp27_ball_quality,ablationfull__ballspeed12__noplot__servebox,"{""--ablation"": ""full"", ""--ball-speed"": 12, ""--no-plot"": null, ""--serve-box"": null}",40,True,active,0.098794,1.901961,0.091031,30.0,105.0,1.79,0.98,2.0,15.0,0.098794,1.577,1.72,1169.2,9.446,-0.469,
exp27_ball_quality,ablationfull__ballspeed12__noplot__servebox,"{""--ablation"": ""full"", ""--ball-speed"": 12, ""--no-plot"": null, ""--serve-box"": null}",42,True,active,0.102556,1.86405,0.095931,35.0,105.0,1.77,0.99,1.9,15.0,0.102556,1.656,1.47,1074.2,9.137,-7.471,
exp27_ball_quality,ablationfull__ballspeed12__noplot__servebox,"{""--ablation"": ""full"", ""--ball-speed"": 12, ""--no-plot"": null, ""--serve-box"": null}",44,False,miss,0.42617,1.90322,0.146637,15.0,45.0,1.79,1.0,1.9,0.0,0.42617,0.0,1.44,1097.3,-1.0,-99.0,
exp27_ball_quality,ablationfull__ballspeed12__noplot__servebox,"{""--ablation"": ""full"", ""--ball-speed"": 12, ""--no-plot"": null, ""--serve-box"": null}",45,False,miss,0.379532,1.898811,0.147088,15.0,50.0,1.76,1.0,1.7,0.0,0.379532,0.0,1.52,1103.4,-1.0,-99.0,
exp27_ball_quality,ablationfull__ballspeed12__noplot__servebox,"{""--ablation"": ""full"", ""--ball-speed"": 12, ""--no-plot"": null, ""--serve-box"": null}",41,True,active,0.116115,1.889599,0.113508,30.0,105.0,1.62,0.99,1.9,10.0,0.116115,1.406,2.28,1633.3,9.309,-8.289,
exp27_ball_quality,ablationfull__ballspeed12__noplot__servebox,"{""--ablation"": ""full"", ""--ball-speed"": 12, ""--no-plot"": null, ""--serve-box"": null}",50,True,active,0.093586,1.864593,0.093586,30.0,105.0,1.71,0.98,1.9,15.0,0.093586,1.645,1.49,1076.6,8.611,-4.631,
exp27_ball_quality,ablationfull__ballspeed12__noplot__servebox,"{""--ablation"": ""full"", ""--ball-speed"": 12, ""--no-plot"": null, ""--serve-box"": null}",48,True,active,0.130024,1.929974,0.114148,35.0,95.0,1.79,0.99,1.9,15.0,0.130024,1.773,1.56,1051.5,9.955,-6.017,
exp27_ball_quality,ablationfull__ballspeed12__noplot__servebox,"{""--ablation"": ""full"", ""--ball-speed"": 12, ""--no-plot"": null, ""--serve-box"": null}",51,False,miss,0.380233,1.864819,0.153603,15.0,0.0,1.78,0.98,1.8,0.0,0.380233,0.0,1.38,1039.1,-1.0,-99.0,
exp27_ball_quality,ablationfull__ballspeed12__noplot__servebox,"{""--ablation"": ""full"", ""--ball-speed"": 12, ""--no-plot"": null, ""--serve-box"": null}",49,True,active,0.120234,1.896953,0.109727,30.0,105.0,1.79,0.99,1.6,15.0,0.120234,1.765,1.75,1378.2,10.105,-7.401,
exp27_ball_quality,ablationfull__ballspeed12__noplot__servebox,"{""--ablation"": ""full"", ""--ball-speed"": 12, ""--no-plot"": null, ""--serve-box"": null}",52,True,active,0.081053,1.883144,0.081053,35.0,105.0,1.74,1.0,1.5,15.0,0.081053,1.623,1.55,1129.1,9.152,0.208,
exp27_ball_quality,ablationfull__ballspeed12__noplot__servebox,"{""--ablation"": ""full"", ""--ball-speed"": 12, ""--no-plot"": null, ""--serve-box"": null}",46,True,active,0.122687,1.919657,0.11852,30.0,105.0,1.68,0.99,1.6,15.0,0.122687,1.621,2.09,1486.2,10.477,-8.486,
exp27_ball_quality,ablationfull__ballspeed12__noplot__servebox,"{""--ablation"": ""full"", ""--ball-speed"": 12, ""--no-plot"": null, ""--serve-box"": null}",43,True,active,0.13825,1.883291,0.126433,30.0,90.0,1.76,1.0,1.7,15.0,0.13825,1.751,2.81,2226.9,9.074,-3.914,
exp27_ball_quality,ablationfull__ballspeed12__noplot__servebox,"{""--ablation"": ""full"", ""--ball-speed"": 12, ""--no-plot"": null, ""--serve-box"": null}",53,True,active,0.128676,1.866807,0.112035,30.0,105.0,1.76,1.0,1.4,20.0,0.128676,1.662,1.77,1265.2,10.829,-7.036,
exp27_ball_quality,ablationfull__ballspeed12__noplot__servebox,"{""--ablation"": ""full"", ""--ball-speed"": 12, ""--no-plot"": null, ""--serve-box"": null}",57,False,miss,0.418939,1.905423,0.131803,20.0,90.0,1.8,0.99,1.8,0.0,0.418939,0.0,1.62,1236.6,-1.0,-99.0,
exp27_ball_quality,ablationfull__ballspeed12__noplot__servebox,"{""--ablation"": ""full"", ""--ball-speed"": 12, ""--no-plot"": null, ""--serve-box"": null}",56,False,miss,0.402497,1.905,0.171497,10.0,0.0,1.79,1.0,2.1,0.0,0.402497,0.0,1.71,1265.9,-1.0,-99.0,
exp27_ball_quality,ablationfull__ballspeed12__noplot__servebox,"{""--ablation"": ""full"", ""--ball-speed"": 12, ""--no-plot"": null, ""--serve-box"": null}",59,True,active,0.091367,1.904912,0.079163,30.0,105.0,1.81,0.98,1.8,15.0,0.091367,1.801,1.44,1060.3,9.217,-3.025,
exp27_ball_quality,ablationfull__ballspeed12__noplot__servebox,"{""--ablation"": ""full"", ""--ball-speed"": 12, ""--no-plot"": null, ""--serve-box"": null}",60,True,active,0.145026,1.86667,0.127711,30.0,55.0,1.8,1.0,2.0,15.0,0.145026,1.66,1.46,1064.2,9.767,-7.215,
exp27_ball_quality,ablationfull__ballspeed12__noplot__servebox,"{""--ablation"": ""full"", ""--ball-speed"": 12, ""--no-plot"": null, ""--serve-box"": null}",47,True,active,0.071218,1.866759,0.066437,40.0,105.0,1.58,0.95,1.6,0.0,0.071218,0.397,2.94,2226.8,8.799,-6.194,
exp27_ball_quality,ablationfull__ballspeed12__noplot__servebox,"{""--ablation"": ""full"", ""--ball-speed"": 12, ""--no-plot"": null, ""--serve-box"": null}",61,True,active,0.11878,1.896833,0.104429,35.0,105.0,1.8,0.99,1.8,15.0,0.11878,1.799,1.34,994.8,9.623,-4.228,
exp27_ball_quality,ablationfull__ballspeed12__noplot__servebox,"{""--ablation"": ""full"", ""--ball-speed"": 12, ""--no-plot"": null, ""--serve-box"": null}",63,True,active,0.055227,1.91059,0.055227,30.0,105.0,1.81,0.98,1.9,20.0,0.055227,1.692,1.53,1128.1,9.353,-2.201,
exp27_ball_quality,ablationfull__ballspeed12__noplot__servebox,"{""--ablation"": ""full"", ""--ball-speed"": 12, ""--no-plot"": null, ""--serve-box"": null}",66,True,active,0.125218,1.88242,0.111406,30.0,100.0,1.79,0.99,2.0,15.0,0.125218,1.654,1.45,1054.7,8.894,-5.354,
exp27_ball_quality,ablationfull__ballspeed12__noplot__servebox,"{""--ablation"": ""full"", ""--ball-speed"": 12, ""--no-plot"": null, ""--serve-box"": null}",65,False,miss,0.383466,1.932045,0.148997,15.0,15.0,1.8,0.99,2.2,0.0,0.383466,0.0,1.54,1179.4,-1.0,-99.0,
exp27_ball_quality,ablationfull__ballspeed12__noplot__servebox,"{""--ablation"": ""full"", ""--ball-speed"": 12, ""--no-plot"": null, ""--serve-box"": null}",54,True,active,0.081651,1.871515,0.081651,30.0,105.0,1.8,0.99,1.8,20.0,0.081651,1.662,2.96,2242.7,9.756,-6.957,
exp27_ball_quality,ablationfull__ballspeed12__noplot__servebox,"{""--ablation"": ""full"", ""--ball-speed"": 12, ""--no-plot"": null, ""--serve-box"": null}",55,True,active,0.101808,1.858174,0.088896,35.0,105.0,1.78,0.98,1.5,15.0,0.101808,1.557,2.87,2224.0,9.358,-4.981,
exp27_ball_quality,ablationfull__ballspeed12__noplot__servebox,"{""--ablation"": ""full"", ""--ball-speed"": 12, ""--no-plot"": null, ""--serve-box"": null}",67,True,active,0.079121,1.892989,0.069784,40.0,105.0,1.78,0.99,1.7,5.0,0.079121,1.081,1.41,1034.4,9.245,-3.973,
exp27_ball_quality,ablationfull__ballspeed12__noplot__servebox,"{""--ablation"": ""full"", ""--ball-speed"": 12, ""--no-plot"": null, ""--serve-box"": null}",68,False,miss,0.166321,1.894025,0.141024,20.0,105.0,1.49,1.0,1.6,0.0,0.166321,0.0,1.59,1174.7,-1.0,-99.0,
exp27_ball_quality,ablationfull__ballspeed12__noplot__servebox,"{""--ablation"": ""full"", ""--ball-speed"": 12, ""--no-plot"": null, ""--serve-box"": null}",58,True,active,0.071044,1.872198,0.060542,40.0,105.0,1.62,0.99,1.8,5.0,0.071044,1.198,2.9,2300.5,7.948,-7.722,
exp27_ball_quality,ablationfull__ballspeed12__noplot__servebox,"{""--ablation"": ""full"", ""--ball-speed"": 12, ""--no-plot"": null, ""--serve-box"": null}",70,True,active,0.133031,1.928528,0.126776,30.0,90.0,1.59,0.99,1.8,10.0,0.133031,1.442,1.88,1222.9,10.067,-7.822,
exp27_ball_quality,ablationfull__ballspeed12__noplot__servebox,"{""--ablation"": ""full"", ""--ball-speed"": 12, ""--no-plot"": null, ""--serve-box"": null}",62,True,active,0.102285,1.923842,0.09639,40.0,105.0,1.8,0.98,1.9,10.0,0.102285,1.804,2.75,2167.8,9.177,-2.634,
exp27_ball_quality,ablationfull__ballspeed12__noplot__servebox,"{""--ablation"": ""full"", ""--ball-speed"": 12, ""--no-plot"": null, ""--serve-box"": null}",71,False,miss,0.446132,1.876658,0.153569,15.0,0.0,1.8,1.0,1.9,0.0,0.446132,0.0,1.66,1269.1,-1.0,-99.0,
exp27_ball_quality,ablationfull__ballspeed12__noplot__servebox,"{""--ablation"": ""full"", ""--ball-speed"": 12, ""--no-plot"": null, ""--serve-box"": null}",74,True,active,0.127123,1.919747,0.113627,30.0,95.0,1.8,0.99,1.8,15.0,0.127123,1.797,1.48,1090.9,9.789,-4.294,
exp27_ball_quality,ablationfull__ballspeed12__noplot__servebox,"{""--ablation"": ""full"", ""--ball-speed"": 12, ""--no-plot"": null, ""--serve-box"": null}",72,True,active,0.093812,1.899184,0.093812,30.0,105.0,1.81,0.99,1.6,15.0,0.093812,1.801,1.72,1343.0,10.459,-5.962,
exp27_ball_quality,ablationfull__ballspeed12__noplot__servebox,"{""--ablation"": ""full"", ""--ball-speed"": 12, ""--no-plot"": null, ""--serve-box"": null}",64,True,active,0.109819,1.903963,0.099012,30.0,105.0,1.77,0.99,1.6,15.0,0.109819,1.649,2.8,2182.0,9.946,-6.515,
exp27_ball_quality,ablationfull__ballspeed12__noplot__servebox,"{""--ablation"": ""full"", ""--ball-speed"": 12, ""--no-plot"": null, ""--serve-box"": null}",69,True,active,0.120068,1.923876,0.113317,30.0,95.0,1.8,1.0,1.7,15.0,0.120068,1.723,2.27,1681.4,9.534,-4.358,
exp27_ball_quality,ablationfull__ballspeed12__noplot__servebox,"{""--ablation"": ""full"", ""--ball-speed"": 12, ""--no-plot"": null, ""--serve-box"": null}",75,True,active,0.083247,1.922998,0.083247,35.0,105.0,1.34,0.98,1.3,5.0,0.083247,0.805,1.5,1065.8,8.365,-6.572,
exp27_ball_quality,ablationfull__ballspeed12__noplot__servebox,"{""--ablation"": ""full"", ""--ball-speed"": 12, ""--no-plot"": null, ""--serve-box"": null}",78,True,active,0.119719,1.901562,0.110934,30.0,105.0,1.8,1.0,1.7,20.0,0.119719,1.665,1.53,1136.8,10.187,-5.667,
exp27_ball_quality,ablationfull__ballspeed12__noplot__servebox,"{""--ablation"": ""full"", ""--ball-speed"": 12, ""--no-plot"": null, ""--serve-box"": null}",80,False,miss,0.358074,1.867249,0.158057,20.0,0.0,1.53,1.0,1.7,0.0,0.358074,0.0,1.44,1066.3,-1.0,-99.0,
exp27_ball_quality,ablationfull__ballspeed12__noplot__servebox,"{""--ablation"": ""full"", ""--ball-speed"": 12, ""--no-plot"": null, ""--serve-box"": null}",79,True,active,0.150153,1.8931,0.140782,25.0,70.0,1.79,1.0,2.0,20.0,0.150153,1.699,1.61,1148.2,10.293,-1.518,
exp27_ball_quality,ablationfull__ballspeed12__noplot__servebox,"{""--ablation"": ""full"", ""--ball-speed"": 12, ""--no-plot"": null, ""--serve-box"": null}",81,True,active,0.098531,1.883893,0.088816,35.0,105.0,1.77,0.99,1.8,5.0,0.098531,0.919,1.83,1241.1,8.723,-7.47,
exp27_ball_quality,ablationfull__ballspeed12__noplot__servebox,"{""--ablation"": ""full"", ""--ball-speed"": 12, ""--no-plot"": null, ""--serve-box"": null}",82,True,active,0.14883,1.887741,0.136094,30.0,90.0,1.56,1.0,1.6,10.0,0.14883,1.298,1.6,1186.7,10.009,-5.048,
exp27_ball_quality,ablationfull__ballspeed12__noplot__servebox,"{""--ablation"": ""full"", ""--ball-speed"": 12, ""--no-plot"": null, ""--serve-box"": null}",83,True,active,0.134353,1.907698,0.115165,40.0,105.0,1.8,0.99,1.8,10.0,0.134353,1.592,1.48,1047.8,10.568,-7.056,
exp27_ball_quality,ablationfull__ballspeed12__noplot__servebox,"{""--ablation"": ""full"", ""--ball-speed"": 12, ""--no-plot"": null, ""--serve-box"": null}",77,True,active,0.129211,1.868424,0.121608,30.0,105.0,1.8,1.0,1.8,15.0,0.129211,1.738,2.45,1784.3,9.126,-6.224,
exp27_ball_quality,ablationfull__ballspeed12__noplot__servebox,"{""--ablation"": ""full"", ""--ball-speed"": 12, ""--no-plot"": null, ""--serve-box"": null}",73,False,miss,0.439114,1.862508,0.157003,15.0,0.0,1.75,1.0,1.7,0.0,0.439114,0.0,3.09,2335.5,-1.0,-99.0,
exp27_ball_quality,ablationfull__ballspeed12__noplot__servebox,"{""--ablation"": ""full"", ""--ball-speed"": 12, ""--no-plot"": null, ""--serve-box"": null}",84,True,active,0.089761,1.867497,0.080555,30.0,105.0,1.8,0.99,1.7,20.0,0.089761,1.772,1.7,1299.7,9.592,-3.158,
exp27_ball_quality,ablationfull__ballspeed12__noplot__servebox,"{""--ablation"": ""full"", ""--ball-speed"": 12, ""--no-plot"": null, ""--serve-box"": null}",88,True,active,0.10667,1.915105,0.085359,40.0,105.0,1.74,0.98,1.6,5.0,0.10667,1.01,1.49,1086.1,9.977,-8.691,
exp27_ball_quality,ablationfull__ballspeed12__noplot__servebox,"{""--ablation"": ""full"", ""--ball-speed"": 12, ""--no-plot"": null, ""--serve-box"": null}",87,True,active,0.126388,1.91332,0.106998,35.0,105.0,1.8,0.98,1.7,15.0,0.126388,1.664,1.69,1279.4,10.046,-5.75,
exp27_ball_quality,ablationfull__ballspeed12__noplot__servebox,"{""--ablation"": ""full"", ""--ball-speed"": 12, ""--no-plot"": null, ""--serve-box"": null}",89,True,active,0.096159,1.895741,0.077672,35.0,105.0,1.79,0.99,1.9,15.0,0.096159,1.792,1.67,1230.8,9.153,-0.522,
exp27_ball_quality,ablationfull__ballspeed12__noplot__servebox,"{""--ablation"": ""full"", ""--ball-speed"": 12, ""--no-plot"": null, ""--serve-box"": null}",76,True,active,0.06173,1.857662,0.057745,35.0,105.0,1.8,0.98,1.8,15.0,0.06173,0.951,3.0,2284.6,9.73,-3.537,
exp27_ball_quality,ablationfull__ballspeed12__noplot__servebox,"{""--ablation"": ""full"", ""--ball-speed"": 12, ""--no-plot"": null, ""--serve-box"": null}",91,True,active,0.099202,1.876677,0.09262,35.0,105.0,1.3,1.0,1.5,5.0,0.099202,0.661,1.71,1195.1,8.69,-8.679,
exp27_ball_quality,ablationfull__ballspeed12__noplot__servebox,"{""--ablation"": ""full"", ""--ball-speed"": 12, ""--no-plot"": null, ""--serve-box"": null}",93,True,active,0.114991,1.889627,0.111325,30.0,105.0,1.79,1.0,1.7,15.0,0.114991,1.551,1.75,1404.1,8.846,-5.13,
exp27_ball_quality,ablationfull__ballspeed12__noplot__servebox,"{""--ablation"": ""full"", ""--ball-speed"": 12, ""--no-plot"": null, ""--serve-box"": null}",92,True,active,0.145255,1.901299,0.13368,30.0,95.0,1.75,1.0,1.7,10.0,0.145255,1.658,1.79,1418.0,9.593,-3.816,
exp27_ball_quality,ablationfull__ballspeed12__noplot__servebox,"{""--ablation"": ""full"", ""--ball-speed"": 12, ""--no-plot"": null, ""--serve-box"": null}",96,True,active,0.139612,1.900428,0.126454,30.0,95.0,1.77,0.99,1.9,15.0,0.139612,1.679,1.48,1081.7,9.927,-4.361,
exp27_ball_quality,ablationfull__ballspeed12__noplot__servebox,"{""--ablation"": ""full"", ""--ball-speed"": 12, ""--no-plot"": null, ""--serve-box"": null}",85,True,active,0.128792,1.889002,0.114147,35.0,95.0,1.47,1.0,1.7,10.0,0.128792,1.404,2.91,2283.0,8.896,-6.579,
exp27_ball_quality,ablationfull__ballspeed12__noplot__servebox,"{""--ablation"": ""full"", ""--ball-speed"": 12, ""--no-plot"": null, ""--serve-box"": null}",86,True,active,0.112788,1.887076,0.094864,35.0,105.0,1.8,0.93,1.9,20.0,0.112788,1.802,2.91,2314.8,9.386,-3.129,
exp27_ball_quality,ablationfull__ballspeed12__noplot__servebox,"{""--ablation"": ""full"", ""--ball-speed"": 12, ""--no-plot"": null, ""--serve-box"": null}",90,True,active,0.100806,1.879954,0.099201,35.0,105.0,1.79,0.99,1.7,10.0,0.100806,1.409,2.68,2126.4,8.981,-6.047,
exp27_ball_quality,ablationfull__ballspeed12__noplot__servebox,"{""--ablation"": ""full"", ""--ball-speed"": 12, ""--no-plot"": null, ""--serve-box"": null}",99,True,active,0.125795,1.923852,0.116839,30.0,90.0,1.81,1.0,2.0,15.0,0.125795,1.699,1.41,1033.1,9.627,-5.342,
exp27_ball_quality,ablationfull__ballspeed12__noplot__servebox,"{""--ablation"": ""full"", ""--ball-speed"": 12, ""--no-plot"": null, ""--serve-box"": null}",100,True,active,0.136373,1.895961,0.123609,40.0,90.0,1.71,1.0,1.9,10.0,0.136373,1.286,1.4,1034.7,9.378,-8.317,
exp27_ball_quality,ablationfull__ballspeed12__noplot__servebox,"{""--ablation"": ""full"", ""--ball-speed"": 12, ""--no-plot"": null, ""--serve-box"": null}",95,True,active,0.108538,1.921552,0.093825,30.0,105.0,1.79,1.0,2.0,20.0,0.108538,1.522,1.86,1240.6,10.082,-2.237,
exp27_ball_quality,ablationtube_only__ballspeed12__noplot__servebox,"{""--ablation"": ""tube_only"", ""--ball-speed"": 12, ""--no-plot"": null, ""--serve-box"": null}",3,True,active,0.118653,1.853692,0.101194,35.0,95.0,1.71,0.99,1.7,10.0,0.118653,1.705,1.46,1051.0,9.582,-0.967,
exp27_ball_quality,ablationtube_only__ballspeed12__noplot__servebox,"{""--ablation"": ""tube_only"", ""--ball-speed"": 12, ""--no-plot"": null, ""--serve-box"": null}",2,True,active,0.124989,1.860593,0.083838,35.0,80.0,1.62,1.0,1.7,10.0,0.124989,1.317,1.63,1265.2,9.649,-1.502,
exp27_ball_quality,ablationtube_only__ballspeed12__noplot__servebox,"{""--ablation"": ""tube_only"", ""--ball-speed"": 12, ""--no-plot"": null, ""--serve-box"": null}",1,True,active,0.094159,1.856539,0.094159,30.0,105.0,1.74,0.97,2.0,10.0,0.094159,1.738,1.88,1187.2,10.037,-2.249,
exp27_ball_quality,ablationtube_only__ballspeed12__noplot__servebox,"{""--ablation"": ""tube_only"", ""--ball-speed"": 12, ""--no-plot"": null, ""--serve-box"": null}",6,True,active,0.129131,1.860942,0.095681,40.0,90.0,1.75,1.0,1.6,5.0,0.129131,1.189,1.43,1032.4,10.205,-7.461,
exp27_ball_quality,ablationtube_only__ballspeed12__noplot__servebox,"{""--ablation"": ""tube_only"", ""--ball-speed"": 12, ""--no-plot"": null, ""--serve-box"": null}",5,True,active,0.042144,1.875012,0.042144,0.0,5.0,1.75,0.99,1.8,10.0,0.042144,1.058,1.49,1077.2,9.595,2.403,
exp27_ball_quality,ablationtube_only__ballspeed12__noplot__servebox,"{""--ablation"": ""tube_only"", ""--ball-speed"": 12, ""--no-plot"": null, ""--serve-box"": null}",4,True,active,0.144249,1.855358,0.104384,35.0,75.0,1.68,1.0,1.6,5.0,0.144249,0.95,1.7,1282.5,9.742,-6.308,
exp27_ball_quality,ablationfull__ballspeed12__noplot__servebox,"{""--ablation"": ""full"", ""--ball-speed"": 12, ""--no-plot"": null, ""--serve-box"": null}",97,False,miss,0.385093,1.867211,0.151087,20.0,50.0,1.52,1.0,1.9,0.0,0.385093,0.0,2.52,2133.1,-1.0,-99.0,
exp27_ball_quality,ablationfull__ballspeed12__noplot__servebox,"{""--ablation"": ""full"", ""--ball-speed"": 12, ""--no-plot"": null, ""--serve-box"": null}",94,True,active,0.111908,1.872725,0.097345,35.0,105.0,1.79,0.99,1.7,15.0,0.111908,1.713,2.84,2252.6,9.324,-1.963,
exp27_ball_quality,ablationtube_only__ballspeed12__noplot__servebox,"{""--ablation"": ""tube_only"", ""--ball-speed"": 12, ""--no-plot"": null, ""--serve-box"": null}",20,,,,,,,,,,,,,,0.21,,,,no_result
exp27_ball_quality,ablationtube_only__ballspeed12__noplot__servebox,"{""--ablation"": ""tube_only"", ""--ball-speed"": 12, ""--no-plot"": null, ""--serve-box"": null}",21,,,,,,,,,,,,,,0.21,,,,no_result
exp27_ball_quality,ablationtube_only__ballspeed12__noplot__servebox,"{""--ablation"": ""tube_only"", ""--ball-speed"": 12, ""--no-plot"": null, ""--serve-box"": null}",7,True,active,0.095199,1.85698,0.083146,35.0,105.0,1.78,1.0,1.6,10.0,0.095199,1.526,1.5,1112.8,9.553,-0.256,
exp27_ball_quality,ablationfull__ballspeed12__noplot__servebox,"{""--ablation"": ""full"", ""--ball-speed"": 12, ""--no-plot"": null, ""--serve-box"": null}",98,True,active,0.089177,1.87879,0.083764,30.0,70.0,1.8,0.99,2.1,15.0,0.089177,1.721,2.8,2094.9,9.763,-0.513,
exp27_ball_quality,ablationtube_only__ballspeed12__noplot__servebox,"{""--ablation"": ""tube_only"", ""--ball-speed"": 12, ""--no-plot"": null, ""--serve-box"": null}",10,True,active,0.093493,1.864938,0.083119,40.0,105.0,1.76,0.99,1.6,5.0,0.093493,1.048,1.45,1049.6,9.555,-5.303,
exp27_ball_quality,ablationtube_only__ballspeed12__noplot__servebox,"{""--ablation"": ""tube_only"", ""--ball-speed"": 12, ""--no-plot"": null, ""--serve-box"": null}",12,True,active,0.104719,1.846328,0.100655,35.0,105.0,1.79,0.99,1.8,5.0,0.104719,1.41,1.45,1064.9,8.959,-2.692,
exp27_ball_quality,ablationtube_only__ballspeed12__noplot__servebox,"{""--ablation"": ""tube_only"", ""--ball-speed"": 12, ""--no-plot"": null, ""--serve-box"": null}",13,True,active,0.050296,1.824514,0.050296,30.0,65.0,1.72,0.99,1.7,15.0,0.050296,1.664,1.44,1030.6,9.1,0.156,
exp27_ball_quality,ablationtube_only__ballspeed12__noplot__servebox,"{""--ablation"": ""tube_only"", ""--ball-speed"": 12, ""--no-plot"": null, ""--serve-box"": null}",9,False,miss,0.329517,1.865725,0.154292,15.0,0.0,1.6,1.0,1.5,0.0,0.329517,0.0,2.18,1767.7,-1.0,-99.0,
exp27_ball_quality,ablationtube_only__ballspeed12__noplot__servebox,"{""--ablation"": ""tube_only"", ""--ball-speed"": 12, ""--no-plot"": null, ""--serve-box"": null}",11,False,miss,0.324676,1.901752,0.15181,15.0,15.0,1.59,1.0,1.6,0.0,0.324676,0.0,2.12,1664.4,-1.0,-99.0,
exp27_ball_quality,ablationtube_only__ballspeed12__noplot__servebox,"{""--ablation"": ""tube_only"", ""--ball-speed"": 12, ""--no-plot"": null, ""--serve-box"": null}",16,True,active,0.048465,1.845327,0.048465,35.0,105.0,1.8,0.94,1.8,10.0,0.048465,1.804,1.52,1086.9,8.784,-0.43,
exp27_ball_quality,ablationtube_only__ballspeed12__noplot__servebox,"{""--ablation"": ""tube_only"", ""--ball-speed"": 12, ""--no-plot"": null, ""--serve-box"": null}",15,True,active,0.103196,1.877802,0.074913,35.0,95.0,1.75,1.0,1.7,10.0,0.103196,1.492,1.73,1175.0,9.606,-0.605,
exp27_ball_quality,ablationtube_only__ballspeed12__noplot__servebox,"{""--ablation"": ""tube_only"", ""--ball-speed"": 12, ""--no-plot"": null, ""--serve-box"": null}",22,True,active,0.112272,1.875368,0.06983,30.0,105.0,1.8,0.98,1.9,10.0,0.112272,1.744,1.49,1074.6,9.983,-0.538,
exp27_ball_quality,ablationtube_only__ballspeed12__noplot__servebox,"{""--ablation"": ""tube_only"", ""--ball-speed"": 12, ""--no-plot"": null, ""--serve-box"": null}",24,True,active,0.137197,1.896375,0.104474,35.0,80.0,1.61,1.0,1.6,5.0,0.137197,1.017,1.36,1021.5,10.091,-3.233,
exp27_ball_quality,ablationtube_only__ballspeed12__noplot__servebox,"{""--ablation"": ""tube_only"", ""--ball-speed"": 12, ""--no-plot"": null, ""--serve-box"": null}",26,True,active,0.10951,1.840242,0.10951,30.0,105.0,1.56,0.99,1.6,10.0,0.10951,1.414,1.36,1004.6,9.168,-1.919,
exp27_ball_quality,ablationtube_only__ballspeed12__noplot__servebox,"{""--ablation"": ""tube_only"", ""--ball-speed"": 12, ""--no-plot"": null, ""--serve-box"": null}",8,True,active,0.060915,1.886626,0.056677,35.0,105.0,1.43,1.0,1.5,0.0,0.060915,0.464,2.93,2246.1,9.684,-9.602,
exp27_ball_quality,ablationtube_only__ballspeed12__noplot__servebox,"{""--ablation"": ""tube_only"", ""--ball-speed"": 12, ""--no-plot"": null, ""--serve-box"": null}",27,True,active,0.085189,1.871041,0.082621,30.0,105.0,1.56,0.97,1.7,10.0,0.085189,1.304,1.42,999.8,10.496,-6.014,
exp27_ball_quality,ablationtube_only__ballspeed12__noplot__servebox,"{""--ablation"": ""tube_only"", ""--ball-speed"": 12, ""--no-plot"": null, ""--serve-box"": null}",19,True,active,0.125214,1.852954,0.108024,15.0,50.0,1.38,0.99,1.8,10.0,0.125214,1.24,2.07,1605.0,9.811,1.819,
exp27_ball_quality,ablationtube_only__ballspeed12__noplot__servebox,"{""--ablation"": ""tube_only"", ""--ball-speed"": 12, ""--no-plot"": null, ""--serve-box"": null}",14,False,miss,0.325979,1.86384,0.16509,15.0,0.0,1.35,1.0,1.6,0.0,0.325979,0.0,2.91,2254.7,-1.0,-99.0,
exp27_ball_quality,ablationtube_only__ballspeed12__noplot__servebox,"{""--ablation"": ""tube_only"", ""--ball-speed"": 12, ""--no-plot"": null, ""--serve-box"": null}",25,False,miss,0.370191,1.901417,0.119135,0.0,0.0,1.77,1.0,1.5,0.0,0.370191,0.0,1.99,1386.5,-1.0,-99.0,
exp27_ball_quality,ablationtube_only__ballspeed12__noplot__servebox,"{""--ablation"": ""tube_only"", ""--ball-speed"": 12, ""--no-plot"": null, ""--serve-box"": null}",29,True,active,0.106771,1.900778,0.095261,35.0,105.0,1.62,0.96,1.7,10.0,0.106771,1.533,1.41,1037.1,8.543,-2.617,
exp27_ball_quality,ablationtube_only__ballspeed12__noplot__servebox,"{""--ablation"": ""tube_only"", ""--ball-speed"": 12, ""--no-plot"": null, ""--serve-box"": null}",31,False,miss,0.305986,1.906021,0.151678,20.0,55.0,1.31,0.99,1.4,0.0,0.305986,0.0,1.41,1046.7,-1.0,-99.0,
exp27_ball_quality,ablationtube_only__ballspeed12__noplot__servebox,"{""--ablation"": ""tube_only"", ""--ball-speed"": 12, ""--no-plot"": null, ""--serve-box"": null}",32,False,miss,0.322802,1.864759,0.137215,20.0,70.0,1.66,1.0,1.7,0.0,0.322802,0.0,1.42,1076.2,-1.0,-99.0,
exp27_ball_quality,ablationtube_only__ballspeed12__noplot__servebox,"{""--ablation"": ""tube_only"", ""--ball-speed"": 12, ""--no-plot"": null, ""--serve-box"": null}",17,False,miss,0.309576,1.903206,0.140957,20.0,70.0,1.48,0.99,1.8,0.0,0.309576,0.0,2.88,2246.6,-1.0,-99.0,
exp27_ball_quality,ablationtube_only__ballspeed12__noplot__servebox,"{""--ablation"": ""tube_only"", ""--ball-speed"": 12, ""--no-plot"": null, ""--serve-box"": null}",18,True,active,0.133076,1.89844,0.106672,35.0,85.0,1.77,1.0,1.9,10.0,0.133076,1.752,2.9,2257.9,9.772,-3.745,
exp27_ball_quality,ablationtube_only__ballspeed12__noplot__servebox,"{""--ablation"": ""tube_only"", ""--ball-speed"": 12, ""--no-plot"": null, ""--serve-box"": null}",23,True,active,0.134129,1.869988,0.109066,40.0,90.0,1.4,0.99,1.4,5.0,0.134129,0.861,2.79,2222.1,9.584,-7.018,
exp27_ball_quality,ablationtube_only__ballspeed12__noplot__servebox,"{""--ablation"": ""tube_only"", ""--ball-speed"": 12, ""--no-plot"": null, ""--serve-box"": null}",33,True,active,0.11247,1.89135,0.090194,35.0,90.0,1.79,1.0,1.6,10.0,0.11247,1.594,1.42,1048.0,9.591,-2.717,
exp27_ball_quality,ablationtube_only__ballspeed12__noplot__servebox,"{""--ablation"": ""tube_only"", ""--ball-speed"": 12, ""--no-plot"": null, ""--serve-box"": null}",36,True,active,0.103124,1.89421,0.085281,35.0,105.0,1.79,0.99,2.0,10.0,0.103124,1.629,1.38,1048.2,9.425,1.146,
exp27_ball_quality,ablationtube_only__ballspeed12__noplot__servebox,"{""--ablation"": ""tube_only"", ""--ball-speed"": 12, ""--no-plot"": null, ""--serve-box"": null}",30,True,active,0.093518,1.874395,0.083996,35.0,105.0,1.79,1.0,1.8,10.0,0.093518,1.78,2.19,1591.2,8.642,-1.422,
exp27_ball_quality,ablationtube_only__ballspeed12__noplot__servebox,"{""--ablation"": ""tube_only"", ""--ball-speed"": 12, ""--no-plot"": null, ""--serve-box"": null}",35,True,active,0.064079,1.888995,0.060487,15.0,60.0,1.69,0.99,1.6,15.0,0.064079,1.499,1.57,1159.6,9.903,1.634,
exp27_ball_quality,ablationtube_only__ballspeed12__noplot__servebox,"{""--ablation"": ""tube_only"", ""--ball-speed"": 12, ""--no-plot"": null, ""--serve-box"": null}",28,True,active,0.038361,1.833768,0.038361,0.0,0.0,1.64,0.98,1.7,10.0,0.038361,1.514,2.87,2178.4,9.784,2.451,
exp27_ball_quality,ablationtube_only__ballspeed12__noplot__servebox,"{""--ablation"": ""tube_only"", ""--ball-speed"": 12, ""--no-plot"": null, ""--serve-box"": null}",34,True,active,0.140702,1.871987,0.126414,30.0,90.0,1.46,0.99,1.7,5.0,0.140702,1.033,1.84,1454.5,9.825,-4.677,
exp27_ball_quality,ablationtube_only__ballspeed12__noplot__servebox,"{""--ablation"": ""tube_only"", ""--ball-speed"": 12, ""--no-plot"": null, ""--serve-box"": null}",37,True,active,0.110614,1.854006,0.104391,30.0,105.0,1.77,1.0,2.0,10.0,0.110614,1.744,1.7,1303.5,8.622,-1.918,
exp27_ball_quality,ablationtube_only__ballspeed12__noplot__servebox,"{""--ablation"": ""tube_only"", ""--ball-speed"": 12, ""--no-plot"": null, ""--serve-box"": null}",39,True,active,0.118926,1.875695,0.107628,30.0,105.0,1.58,1.0,1.5,0.0,0.118926,0.681,1.45,1025.0,10.12,-9.927,
exp27_ball_quality,ablationtube_only__ballspeed12__noplot__servebox,"{""--ablation"": ""tube_only"", ""--ball-speed"": 12, ""--no-plot"": null, ""--serve-box"": null}",40,True,active,0.103552,1.87314,0.076587,35.0,100.0,1.78,1.0,2.1,10.0,0.103552,1.675,1.43,1012.3,10.129,0.716,
exp27_ball_quality,ablationtube_only__ballspeed12__noplot__servebox,"{""--ablation"": ""tube_only"", ""--ball-speed"": 12, ""--no-plot"": null, ""--serve-box"": null}",43,True,active,0.116945,1.858544,0.111408,30.0,95.0,1.8,0.98,2.0,10.0,0.116945,1.769,1.42,1061.0,9.07,0.024,
exp27_ball_quality,ablationtube_only__ballspeed12__noplot__servebox,"{""--ablation"": ""tube_only"", ""--ball-speed"": 12, ""--no-plot"": null, ""--serve-box"": null}",42,True,active,0.133873,1.8514,0.126994,30.0,105.0,1.8,0.98,1.8,10.0,0.133873,1.64,1.72,1305.0,9.726,-0.912,
exp27_ball_quality,ablationtube_only__ballspeed12__noplot__servebox,"{""--ablation"": ""tube_only"", ""--ball-speed"": 12, ""--no-plot"": null, ""--serve-box"": null}",45,False,miss,0.323723,1.887249,0.137898,20.0,75.0,1.55,1.0,1.7,0.0,0.323723,0.0,1.78,1414.6,-1.0,-99.0,
exp27_ball_quality,ablationtube_only__ballspeed12__noplot__servebox,"{""--ablation"": ""tube_only"", ""--ball-speed"": 12, ""--no-plot"": null, ""--serve-box"": null}",49,False,miss,0.346529,1.89943,0.150716,20.0,45.0,1.65,1.0,2.0,0.0,0.346529,0.0,1.38,1033.4,-1.0,-99.0,
exp27_ball_quality,ablationtube_only__ballspeed12__noplot__servebox,"{""--ablation"": ""tube_only"", ""--ball-speed"": 12, ""--no-plot"": null, ""--serve-box"": null}",48,True,active,0.1526,1.886684,0.120801,40.0,75.0,1.75,0.99,1.5,5.0,0.1526,1.038,1.55,1143.1,10.362,-8.442,
exp27_ball_quality,ablationtube_only__ballspeed12__noplot__servebox,"{""--ablation"": ""tube_only"", ""--ball-speed"": 12, ""--no-plot"": null, ""--serve-box"": null}",38,False,miss,0.360681,1.870244,0.130953,20.0,85.0,1.79,1.0,2.2,0.0,0.360681,0.0,2.74,2154.9,-1.0,-99.0,
exp27_ball_quality,ablationtube_only__ballspeed12__noplot__servebox,"{""--ablation"": ""tube_only"", ""--ball-speed"": 12, ""--no-plot"": null, ""--serve-box"": null}",51,False,miss,0.343502,1.878154,0.162181,15.0,0.0,1.52,1.0,1.6,0.0,0.343502,0.0,1.46,1049.6,-1.0,-99.0,
exp27_ball_quality,ablationtube_only__ballspeed12__noplot__servebox,"{""--ablation"": ""tube_only"", ""--ball-speed"": 12, ""--no-plot"": null, ""--serve-box"": null}",52,True,active,0.098016,1.859443,0.078482,0.0,0.0,1.79,0.99,1.7,15.0,0.098016,1.769,1.4,1014.6,9.791,2.091,
exp27_ball_quality,ablationtube_only__ballspeed12__noplot__servebox,"{""--ablation"": ""tube_only"", ""--ball-speed"": 12, ""--no-plot"": null, ""--serve-box"": null}",53,True,active,0.029984,1.867375,0.029984,0.0,0.0,1.79,1.0,1.9,15.0,0.029984,1.645,1.52,1125.6,10.084,1.946,
exp27_ball_quality,ablationtube_only__ballspeed12__noplot__servebox,"{""--ablation"": ""tube_only"", ""--ball-speed"": 12, ""--no-plot"": null, ""--serve-box"": null}",41,False,miss,0.279632,1.902695,0.191758,0.0,0.0,1.22,0.99,1.4,0.0,0.279632,0.0,2.99,2288.5,-1.0,-99.0,
exp27_ball_quality,ablationtube_only__ballspeed12__noplot__servebox,"{""--ablation"": ""tube_only"", ""--ball-speed"": 12, ""--no-plot"": null, ""--serve-box"": null}",55,True,active,0.099982,1.886091,0.086911,35.0,100.0,1.8,0.98,1.7,10.0,0.099982,1.655,1.7,1289.2,9.078,-2.292,
exp27_ball_quality,ablationtube_only__ballspeed12__noplot__servebox,"{""--ablation"": ""tube_only"", ""--ball-speed"": 12, ""--no-plot"": null, ""--serve-box"": null}",50,True,active,0.068211,1.864801,0.062298,35.0,105.0,1.77,0.98,1.5,10.0,0.068211,1.679,2.23,1619.7,9.284,-3.279,
exp27_ball_quality,ablationtube_only__ballspeed12__noplot__servebox,"{""--ablation"": ""tube_only"", ""--ball-speed"": 12, ""--no-plot"": null, ""--serve-box"": null}",56,False,miss,0.343927,1.871376,0.17185,10.0,0.0,1.56,1.0,1.7,0.0,0.343927,0.0,1.44,1036.0,-1.0,-99.0,
exp27_ball_quality,ablationtube_only__ballspeed12__noplot__servebox,"{""--ablation"": ""tube_only"", ""--ball-speed"": 12, ""--no-plot"": null, ""--serve-box"": null}",44,False,miss,0.365796,1.842218,0.157505,15.0,0.0,1.5,1.0,1.8,0.0,0.365796,0.0,3.01,2266.4,-1.0,-99.0,
exp27_ball_quality,ablationtube_only__ballspeed12__noplot__servebox,"{""--ablation"": ""tube_only"", ""--ball-speed"": 12, ""--no-plot"": null, ""--serve-box"": null}",47,True,active,0.050529,1.856094,0.050529,40.0,105.0,1.62,0.98,1.6,0.0,0.050529,0.339,2.67,1907.8,9.505,-7.557,
exp27_ball_quality,ablationtube_only__ballspeed12__noplot__servebox,"{""--ablation"": ""tube_only"", ""--ball-speed"": 12, ""--no-plot"": null, ""--serve-box"": null}",57,True,active,0.114643,1.869314,0.092443,35.0,90.0,1.78,0.98,2.0,10.0,0.114643,1.63,1.45,1087.9,9.864,-0.946,
exp27_ball_quality,ablationtube_only__ballspeed12__noplot__servebox,"{""--ablation"": ""tube_only"", ""--ball-speed"": 12, ""--no-plot"": null, ""--serve-box"": null}",46,True,active,0.089426,1.904346,0.084315,35.0,105.0,1.74,1.0,1.7,5.0,0.089426,1.112,2.89,2272.8,9.783,-7.78,
exp27_ball_quality,ablationtube_only__ballspeed12__noplot__servebox,"{""--ablation"": ""tube_only"", ""--ball-speed"": 12, ""--no-plot"": null, ""--serve-box"": null}",60,True,active,0.114973,1.851416,0.103538,30.0,95.0,1.76,0.99,1.8,10.0,0.114973,1.652,1.41,1037.3,9.379,-5.679,
exp27_ball_quality,ablationtube_only__ballspeed12__noplot__servebox,"{""--ablation"": ""tube_only"", ""--ball-speed"": 12, ""--no-plot"": null, ""--serve-box"": null}",58,True,active,0.127655,1.871029,0.111848,35.0,90.0,1.53,1.0,1.3,5.0,0.127655,0.982,1.64,1040.5,9.45,-5.937,
exp27_ball_quality,ablationtube_only__ballspeed12__noplot__servebox,"{""--ablation"": ""tube_only"", ""--ball-speed"": 12, ""--no-plot"": null, ""--serve-box"": null}",61,True,active,0.131362,1.875042,0.10828,35.0,95.0,1.78,1.0,2.0,10.0,0.131362,1.76,1.57,1158.8,10.061,-2.306,
exp27_ball_quality,ablationtube_only__ballspeed12__noplot__servebox,"{""--ablation"": ""tube_only"", ""--ball-speed"": 12, ""--no-plot"": null, ""--serve-box"": null}",63,True,active,0.053895,1.86589,0.053895,30.0,105.0,1.79,0.98,1.5,10.0,0.053895,1.779,1.43,1067.6,9.676,-0.779,
exp27_ball_quality,ablationtube_only__ballspeed12__noplot__servebox,"{""--ablation"": ""tube_only"", ""--ball-speed"": 12, ""--no-plot"": null, ""--serve-box"": null}",54,True,active,0.052637,1.835501,0.036779,15.0,45.0,1.73,0.99,1.9,10.0,0.052637,1.491,2.91,2229.5,9.743,1.52,
exp27_ball_quality,ablationtube_only__ballspeed12__noplot__servebox,"{""--ablation"": ""tube_only"", ""--ball-speed"": 12, ""--no-plot"": null, ""--serve-box"": null}",65,True,active,0.139311,1.890244,0.120607,35.0,80.0,1.71,0.99,1.6,5.0,0.139311,0.956,1.43,1012.4,10.037,-7.975,
exp27_ball_quality,ablationtube_only__ballspeed12__noplot__servebox,"{""--ablation"": ""tube_only"", ""--ball-speed"": 12, ""--no-plot"": null, ""--serve-box"": null}",66,True,active,0.12539,1.87211,0.110154,35.0,90.0,1.78,0.99,1.8,10.0,0.12539,1.774,1.46,1034.8,9.512,-4.039,
exp27_ball_quality,ablationtube_only__ballspeed12__noplot__servebox,"{""--ablation"": ""tube_only"", ""--ball-speed"": 12, ""--no-plot"": null, ""--serve-box"": null}",69,True,active,0.146396,1.863853,0.134098,35.0,75.0,1.78,1.0,2.0,5.0,0.146396,1.305,1.42,1033.9,9.144,-1.508,
exp27_ball_quality,ablationtube_only__ballspeed12__noplot__servebox,"{""--ablation"": ""tube_only"", ""--ball-speed"": 12, ""--no-plot"": null, ""--serve-box"": null}",67,True,active,0.10831,1.898575,0.089904,35.0,100.0,1.78,0.98,1.7,5.0,0.10831,1.202,1.58,1201.1,10.419,-6.532,
exp27_ball_quality,ablationtube_only__ballspeed12__noplot__servebox,"{""--ablation"": ""tube_only"", ""--ball-speed"": 12, ""--no-plot"": null, ""--serve-box"": null}",64,True,active,0.120042,1.884562,0.100694,30.0,90.0,1.72,1.0,1.4,10.0,0.120042,1.664,2.03,1465.6,10.719,-5.378,
exp27_ball_quality,ablationtube_only__ballspeed12__noplot__servebox,"{""--ablation"": ""tube_only"", ""--ball-speed"": 12, ""--no-plot"": null, ""--serve-box"": null}",70,False,miss,0.29741,1.919469,0.148875,20.0,50.0,1.36,0.99,1.4,0.0,0.29741,0.0,1.5,1017.1,-1.0,-99.0,
exp27_ball_quality,ablationtube_only__ballspeed12__noplot__servebox,"{""--ablation"": ""tube_only"", ""--ball-speed"": 12, ""--no-plot"": null, ""--serve-box"": null}",62,True,active,0.134397,1.914784,0.10777,35.0,100.0,1.43,1.0,1.7,5.0,0.134397,0.963,2.47,1894.5,9.782,-1.064,
exp27_ball_quality,ablationtube_only__ballspeed12__noplot__servebox,"{""--ablation"": ""tube_only"", ""--ball-speed"": 12, ""--no-plot"": null, ""--serve-box"": null}",72,False,miss,0.324205,1.912563,0.144201,15.0,70.0,1.76,0.99,2.1,0.0,0.324205,0.0,1.61,1122.6,-1.0,-99.0,
exp27_ball_quality,ablationtube_only__ballspeed12__noplot__servebox,"{""--ablation"": ""tube_only"", ""--ball-speed"": 12, ""--no-plot"": null, ""--serve-box"": null}",59,True,active,0.070786,1.866069,0.046918,30.0,105.0,1.79,0.99,1.7,5.0,0.070786,1.418,2.92,2314.2,9.288,-0.782,
exp27_ball_quality,ablationtube_only__ballspeed12__noplot__servebox,"{""--ablation"": ""tube_only"", ""--ball-speed"": 12, ""--no-plot"": null, ""--serve-box"": null}",73,False,miss,0.346466,1.879805,0.144131,0.0,0.0,1.44,1.0,1.8,0.0,0.346466,0.0,1.56,1169.6,-1.0,-99.0,
exp27_ball_quality,ablationtube_only__ballspeed12__noplot__servebox,"{""--ablation"": ""tube_only"", ""--ball-speed"": 12, ""--no-plot"": null, ""--serve-box"": null}",76,True,active,0.027444,1.877493,0.027444,0.0,0.0,1.81,0.95,1.8,20.0,0.027444,1.785,1.49,1087.1,11.0,0.783,
exp27_ball_quality,ablationtube_only__ballspeed12__noplot__servebox,"{""--ablation"": ""tube_only"", ""--ball-speed"": 12, ""--no-plot"": null, ""--serve-box"": null}",74,False,miss,0.324678,1.88924,0.154454,15.0,0.0,1.54,1.0,1.6,0.0,0.324678,0.0,1.78,1380.6,-1.0,-99.0,
exp27_ball_quality,ablationtube_only__ballspeed12__noplot__servebox,"{""--ablation"": ""tube_only"", ""--ball-speed"": 12, ""--no-plot"": null, ""--serve-box"": null}",75,True,active,0.087925,1.876081,0.085696,35.0,105.0,1.79,0.98,1.5,5.0,0.087925,0.804,1.86,1401.1,8.665,-6.522,
exp27_ball_quality,ablationtube_only__ballspeed12__noplot__servebox,"{""--ablation"": ""tube_only"", ""--ball-speed"": 12, ""--no-plot"": null, ""--serve-box"": null}",78,True,active,0.110123,1.866113,0.098106,30.0,105.0,1.79,0.99,2.2,15.0,0.110123,1.767,1.5,1139.7,9.674,-1.752,
exp27_ball_quality,ablationtube_only__ballspeed12__noplot__servebox,"{""--ablation"": ""tube_only"", ""--ball-speed"": 12, ""--no-plot"": null, ""--serve-box"": null}",79,True,active,0.04411,1.837379,0.04411,25.0,50.0,1.75,0.98,1.9,15.0,0.04411,1.483,1.54,1109.6,9.724,0.577,
exp27_ball_quality,ablationtube_only__ballspeed12__noplot__servebox,"{""--ablation"": ""tube_only"", ""--ball-speed"": 12, ""--no-plot"": null, ""--serve-box"": null}",80,False,miss,0.336485,1.908217,0.175423,5.0,0.0,1.37,1.0,1.4,0.0,0.336485,0.0,1.38,1027.0,-1.0,-99.0,
exp27_ball_quality,ablationtube_only__ballspeed12__noplot__servebox,"{""--ablation"": ""tube_only"", ""--ball-speed"": 12, ""--no-plot"": null, ""--serve-box"": null}",68,True,passive,0.123085,1.875271,0.097547,25.0,105.0,1.69,1.0,1.8,15.0,0.123085,0.25,3.06,2321.6,10.112,-8.069,
exp27_ball_quality,ablationtube_only__ballspeed12__noplot__servebox,"{""--ablation"": ""tube_only"", ""--ball-speed"": 12, ""--no-plot"": null, ""--serve-box"": null}",81,True,active,0.122861,1.918666,0.1055,35.0,100.0,1.66,1.0,1.5,0.0,0.122861,0.816,1.59,1196.7,9.924,-6.228,
exp27_ball_quality,ablationtube_only__ballspeed12__noplot__servebox,"{""--ablation"": ""tube_only"", ""--ball-speed"": 12, ""--no-plot"": null, ""--serve-box"": null}",71,False,miss,0.390636,1.857277,0.1312,20.0,90.0,1.76,1.0,1.9,0.0,0.390636,0.0,2.97,2322.1,-1.0,-99.0,
exp27_ball_quality,ablationtube_only__ballspeed12__noplot__servebox,"{""--ablation"": ""tube_only"", ""--ball-speed"": 12, ""--no-plot"": null, ""--serve-box"": null}",86,True,active,0.125781,1.863252,0.102746,35.0,85.0,1.73,1.0,1.9,10.0,0.125781,1.731,1.52,1072.3,9.611,0.114,
exp27_ball_quality,ablationtube_only__ballspeed12__noplot__servebox,"{""--ablation"": ""tube_only"", ""--ball-speed"": 12, ""--no-plot"": null, ""--serve-box"": null}",87,True,active,0.120574,1.870417,0.102935,35.0,100.0,1.8,0.99,1.9,10.0,0.120574,1.593,1.5,1118.6,9.475,-1.713,
exp27_ball_quality,ablationtube_only__ballspeed12__noplot__servebox,"{""--ablation"": ""tube_only"", ""--ball-speed"": 12, ""--no-plot"": null, ""--serve-box"": null}",89,True,active,0.107396,1.87383,0.079448,40.0,90.0,1.8,1.0,1.5,5.0,0.107396,1.2,1.52,1160.7,9.18,-2.482,
exp27_ball_quality,ablationtube_only__ballspeed12__noplot__servebox,"{""--ablation"": ""tube_only"", ""--ball-speed"": 12, ""--no-plot"": null, ""--serve-box"": null}",84,True,active,0.066334,1.827754,0.05978,40.0,105.0,1.77,0.98,1.8,10.0,0.066334,1.743,2.14,1430.7,9.195,-0.706,
exp27_ball_quality,ablationtube_only__ballspeed12__noplot__servebox,"{""--ablation"": ""tube_only"", ""--ball-speed"": 12, ""--no-plot"": null, ""--serve-box"": null}",90,True,active,0.125061,1.905369,0.106665,35.0,85.0,1.61,1.0,1.9,10.0,0.125061,1.543,1.6,1185.5,9.624,-1.296,
exp27_ball_quality,ablationtube_only__ballspeed12__noplot__servebox,"{""--ablation"": ""tube_only"", ""--ball-speed"": 12, ""--no-plot"": null, ""--serve-box"": null}",91,True,active,0.05392,1.863515,0.05392,40.0,105.0,1.77,0.98,1.5,5.0,0.05392,0.789,1.54,1097.1,8.831,-7.373,
exp27_ball_quality,ablationtube_only__ballspeed12__noplot__servebox,"{""--ablation"": ""tube_only"", ""--ball-speed"": 12, ""--no-plot"": null, ""--serve-box"": null}",93,False,miss,0.336022,1.892269,0.135062,20.0,75.0,1.59,1.0,1.8,0.0,0.336022,0.0,1.43,1083.0,-1.0,-99.0,
exp27_ball_quality,ablationtube_only__ballspeed12__noplot__servebox,"{""--ablation"": ""tube_only"", ""--ball-speed"": 12, ""--no-plot"": null, ""--serve-box"": null}",92,True,active,0.123478,1.864507,0.111624,30.0,85.0,1.8,1.0,1.8,10.0,0.123478,1.798,1.54,1092.3,9.121,-3.705,
exp27_ball_quality,ablationtube_only__ballspeed12__noplot__servebox,"{""--ablation"": ""tube_only"", ""--ball-speed"": 12, ""--no-plot"": null, ""--serve-box"": null}",94,True,active,0.10725,1.869963,0.092282,35.0,105.0,1.72,1.0,1.5,10.0,0.10725,1.633,1.45,1064.1,8.93,-1.656,
exp27_ball_quality,ablationtube_only__ballspeed12__noplot__servebox,"{""--ablation"": ""tube_only"", ""--ball-speed"": 12, ""--no-plot"": null, ""--serve-box"": null}",77,True,active,0.033561,1.704771,0.033561,25.0,75.0,1.81,1.0,2.0,15.0,0.033561,1.751,3.42,2280.2,9.497,1.554,
exp27_ball_quality,ablationtube_only__ballspeed12__noplot__servebox,"{""--ablation"": ""tube_only"", ""--ball-speed"": 12, ""--no-plot"": null, ""--serve-box"": null}",82,True,active,0.10902,1.86933,0.096715,30.0,105.0,1.74,0.99,2.1,10.0,0.10902,1.645,2.89,2208.8,9.286,-2.088,
exp27_ball_quality,ablationtube_only__ballspeed12__noplot__servebox,"{""--ablation"": ""tube_only"", ""--ball-speed"": 12, ""--no-plot"": null, ""--serve-box"": null}",83,True,active,0.116381,1.883404,0.106131,30.0,90.0,1.76,1.0,1.6,10.0,0.116381,1.444,2.88,2264.8,10.155,-6.474,
exp27_ball_quality,ablationtube_only__ballspeed12__noplot__servebox,"{""--ablation"": ""tube_only"", ""--ball-speed"": 12, ""--no-plot"": null, ""--serve-box"": null}",88,True,active,0.144079,1.882544,0.131498,35.0,85.0,1.29,1.0,1.6,0.0,0.144079,0.396,2.33,1713.2,9.378,-8.853,
exp27_ball_quality,ablationtube_only__ballspeed12__noplot__servebox,"{""--ablation"": ""tube_only"", ""--ball-speed"": 12, ""--no-plot"": null, ""--serve-box"": null}",85,False,miss,0.301515,1.885251,0.169436,10.0,0.0,1.16,0.99,1.1,0.0,0.301515,0.0,2.78,2143.4,-1.0,-99.0,
exp27_ball_quality,ablationtube_only__ballspeed12__noplot__servebox,"{""--ablation"": ""tube_only"", ""--ball-speed"": 12, ""--no-plot"": null, ""--serve-box"": null}",96,False,miss,0.334671,1.882502,0.146003,20.0,30.0,1.49,0.99,1.5,0.0,0.334671,0.0,1.78,1399.5,-1.0,-99.0,
exp27_ball_quality,ablationtube_only__ballspeed12__noplot__servebox,"{""--ablation"": ""tube_only"", ""--ball-speed"": 12, ""--no-plot"": null, ""--serve-box"": null}",97,True,active,0.117315,1.830831,0.102068,35.0,105.0,1.73,1.0,2.0,10.0,0.117315,1.591,1.54,1183.2,9.13,-1.926,
exp27_ball_quality,ablationtube_only__ballspeed12__noplot__servebox,"{""--ablation"": ""tube_only"", ""--ball-speed"": 12, ""--no-plot"": null, ""--serve-box"": null}",98,True,active,0.009301,1.871484,0.009301,35.0,65.0,1.79,0.94,2.0,10.0,0.009301,1.794,1.49,1094.2,10.748,-1.744,
exp27_ball_quality,ablationtube_only__ballspeed12__noplot__servebox,"{""--ablation"": ""tube_only"", ""--ball-speed"": 12, ""--no-plot"": null, ""--serve-box"": null}",95,True,active,0.107214,1.88322,0.086513,35.0,105.0,1.79,0.98,2.1,15.0,0.107214,1.679,2.03,1599.6,9.78,-2.246,
exp27_ball_quality,ablationtube_only__ballspeed12__noplot__servebox,"{""--ablation"": ""tube_only"", ""--ball-speed"": 12, ""--no-plot"": null, ""--serve-box"": null}",100,True,active,0.161627,1.89314,0.140242,30.0,60.0,1.42,0.99,1.7,0.0,0.161627,0.669,1.46,1045.2,9.44,-6.241,
exp27_ball_quality,ablationsoftmin_only__ballspeed12__noplot__servebox,"{""--ablation"": ""softmin_only"", ""--ball-speed"": 12, ""--no-plot"": null, ""--serve-box"": null}",1,True,active,0.100805,1.873437,0.100805,30.0,105.0,1.27,0.99,1.8,10.0,0.100805,1.226,1.72,1386.3,9.403,-6.282,
exp27_ball_quality,ablationsoftmin_only__ballspeed12__noplot__servebox,"{""--ablation"": ""softmin_only"", ""--ball-speed"": 12, ""--no-plot"": null, ""--serve-box"": null}",2,True,active,0.110577,1.896432,0.094075,35.0,105.0,1.79,1.0,1.8,15.0,0.110577,1.773,1.64,1062.5,9.011,-2.967,
exp27_ball_quality,ablationsoftmin_only__ballspeed12__noplot__servebox,"{""--ablation"": ""softmin_only"", ""--ball-speed"": 12, ""--no-plot"": null, ""--serve-box"": null}",8,False,miss,0.273098,1.909907,0.171852,10.0,0.0,1.05,1.0,1.4,0.0,0.273098,0.0,1.52,1013.4,-1.0,-99.0,
exp27_ball_quality,ablationsoftmin_only__ballspeed12__noplot__servebox,"{""--ablation"": ""softmin_only"", ""--ball-speed"": 12, ""--no-plot"": null, ""--serve-box"": null}",4,True,active,0.116102,1.866741,0.105457,30.0,100.0,1.8,0.99,1.7,15.0,0.116102,1.681,1.72,1326.5,9.044,-5.206,
exp27_ball_quality,ablationsoftmin_only__ballspeed12__noplot__servebox,"{""--ablation"": ""softmin_only"", ""--ball-speed"": 12, ""--no-plot"": null, ""--serve-box"": null}",9,True,active,0.127049,1.93132,0.109769,35.0,90.0,1.77,1.0,1.7,10.0,0.127049,1.583,1.55,1117.0,9.822,-5.593,
exp27_ball_quality,ablationsoftmin_only__ballspeed12__noplot__servebox,"{""--ablation"": ""softmin_only"", ""--ball-speed"": 12, ""--no-plot"": null, ""--serve-box"": null}",11,True,active,0.039512,1.86308,0.030356,35.0,105.0,1.72,0.99,1.8,0.0,0.039512,0.656,1.5,1105.1,10.118,-7.218,
exp27_ball_quality,ablationsoftmin_only__ballspeed12__noplot__servebox,"{""--ablation"": ""softmin_only"", ""--ball-speed"": 12, ""--no-plot"": null, ""--serve-box"": null}",20,,,,,,,,,,,,,,0.28,,,,no_result
exp27_ball_quality,ablationsoftmin_only__ballspeed12__noplot__servebox,"{""--ablation"": ""softmin_only"", ""--ball-speed"": 12, ""--no-plot"": null, ""--serve-box"": null}",13,True,active,0.114306,1.876816,0.108115,30.0,105.0,1.67,0.99,1.4,20.0,0.114306,1.472,1.37,1003.6,9.411,-5.671,
exp27_ball_quality,ablationsoftmin_only__ballspeed12__noplot__servebox,"{""--ablation"": ""softmin_only"", ""--ball-speed"": 12, ""--no-plot"": null, ""--serve-box"": null}",14,True,active,0.130967,1.907195,0.119153,30.0,90.0,1.78,1.0,1.7,15.0,0.130967,1.585,1.4,1081.1,10.183,-7.975,
exp27_ball_quality,ablationsoftmin_only__ballspeed12__noplot__servebox,"{""--ablation"": ""softmin_only"", ""--ball-speed"": 12, ""--no-plot"": null, ""--serve-box"": null}",21,,,,,,,,,,,,,,0.25,,,,no_result
exp27_ball_quality,ablationsoftmin_only__ballspeed12__noplot__servebox,"{""--ablation"": ""softmin_only"", ""--ball-speed"": 12, ""--no-plot"": null, ""--serve-box"": null}",10,True,active,0.101624,1.88725,0.096711,35.0,105.0,1.79,1.0,1.8,10.0,0.101624,1.55,1.95,1522.7,9.865,-7.608,
exp27_ball_quality,ablationtube_only__ballspeed12__noplot__servebox,"{""--ablation"": ""tube_only"", ""--ball-speed"": 12, ""--no-plot"": null, ""--serve-box"": null}",99,False,miss,0.32827,1.867165,0.160842,15.0,0.0,1.4,1.0,1.4,0.0,0.32827,0.0,2.86,2248.8,-1.0,-99.0,
exp27_ball_quality,ablationsoftmin_only__ballspeed12__noplot__servebox,"{""--ablation"": ""softmin_only"", ""--ball-speed"": 12, ""--no-plot"": null, ""--serve-box"": null}",15,True,active,0.10602,1.914058,0.089109,35.0,105.0,1.8,0.99,2.0,15.0,0.10602,1.738,1.39,981.4,9.459,-3.948,
exp27_ball_quality,ablationsoftmin_only__ballspeed12__noplot__servebox,"{""--ablation"": ""softmin_only"", ""--ball-speed"": 12, ""--no-plot"": null, ""--serve-box"": null}",3,False,miss,0.403883,1.895598,0.156333,20.0,0.0,1.42,1.0,1.6,0.0,0.403883,0.0,2.84,2204.8,-1.0,-99.0,
exp27_ball_quality,ablationsoftmin_only__ballspeed12__noplot__servebox,"{""--ablation"": ""softmin_only"", ""--ball-speed"": 12, ""--no-plot"": null, ""--serve-box"": null}",17,True,active,0.132713,1.898251,0.116167,40.0,85.0,1.81,0.99,1.6,5.0,0.132713,1.277,1.4,1034.5,10.465,-8.581,
exp27_ball_quality,ablationsoftmin_only__ballspeed12__noplot__servebox,"{""--ablation"": ""softmin_only"", ""--ball-speed"": 12, ""--no-plot"": null, ""--serve-box"": null}",5,True,active,0.09325,1.900271,0.07928,30.0,105.0,1.74,0.99,1.8,15.0,0.09325,1.687,2.89,2181.5,9.654,-2.351,
exp27_ball_quality,ablationsoftmin_only__ballspeed12__noplot__servebox,"{""--ablation"": ""softmin_only"", ""--ball-speed"": 12, ""--no-plot"": null, ""--serve-box"": null}",6,True,active,0.104572,1.928305,0.094637,30.0,105.0,1.8,0.98,2.0,15.0,0.104572,1.692,2.9,2195.5,9.438,-2.684,
exp27_ball_quality,ablationsoftmin_only__ballspeed12__noplot__servebox,"{""--ablation"": ""softmin_only"", ""--ball-speed"": 12, ""--no-plot"": null, ""--serve-box"": null}",16,True,active,0.058258,1.906924,0.058258,30.0,105.0,1.8,0.99,1.8,20.0,0.058258,1.723,1.51,1109.5,9.724,-2.563,
exp27_ball_quality,ablationsoftmin_only__ballspeed12__noplot__servebox,"{""--ablation"": ""softmin_only"", ""--ball-speed"": 12, ""--no-plot"": null, ""--serve-box"": null}",7,True,active,0.099012,1.907176,0.098449,30.0,105.0,1.73,1.0,2.0,15.0,0.099012,1.633,2.92,2180.2,9.644,-1.142,
exp27_ball_quality,ablationsoftmin_only__ballspeed12__noplot__servebox,"{""--ablation"": ""softmin_only"", ""--ball-speed"": 12, ""--no-plot"": null, ""--serve-box"": null}",19,True,active,0.108227,1.891595,0.094412,30.0,105.0,1.8,0.99,1.8,20.0,0.108227,1.749,1.43,1041.0,9.581,-0.631,
exp27_ball_quality,ablationsoftmin_only__ballspeed12__noplot__servebox,"{""--ablation"": ""softmin_only"", ""--ball-speed"": 12, ""--no-plot"": null, ""--serve-box"": null}",18,True,active,0.128816,1.904701,0.112848,35.0,100.0,1.78,1.0,1.6,15.0,0.128816,1.654,1.61,1210.5,9.793,-6.557,
exp27_ball_quality,ablationsoftmin_only__ballspeed12__noplot__servebox,"{""--ablation"": ""softmin_only"", ""--ball-speed"": 12, ""--no-plot"": null, ""--serve-box"": null}",12,True,active,0.09841,1.884885,0.091777,30.0,105.0,1.77,0.98,1.5,15.0,0.09841,1.573,2.86,2255.7,9.422,-5.801,
exp27_ball_quality,ablationsoftmin_only__ballspeed12__noplot__servebox,"{""--ablation"": ""softmin_only"", ""--ball-speed"": 12, ""--no-plot"": null, ""--serve-box"": null}",23,True,active,0.093158,1.918986,0.090055,30.0,105.0,1.81,0.99,1.7,15.0,0.093158,1.766,1.53,1198.6,9.042,-4.082,
exp27_ball_quality,ablationsoftmin_only__ballspeed12__noplot__servebox,"{""--ablation"": ""softmin_only"", ""--ball-speed"": 12, ""--no-plot"": null, ""--serve-box"": null}",25,True,active,0.146102,1.883378,0.125829,35.0,80.0,1.8,1.0,1.6,15.0,0.146102,1.664,1.63,1188.1,9.901,-8.015,
exp27_ball_quality,ablationsoftmin_only__ballspeed12__noplot__servebox,"{""--ablation"": ""softmin_only"", ""--ball-speed"": 12, ""--no-plot"": null, ""--serve-box"": null}",27,True,active,0.050697,1.899369,0.03792,40.0,105.0,1.76,0.97,1.9,10.0,0.050697,1.477,1.68,1317.6,9.778,-4.701,
exp27_ball_quality,ablationsoftmin_only__ballspeed12__noplot__servebox,"{""--ablation"": ""softmin_only"", ""--ball-speed"": 12, ""--no-plot"": null, ""--serve-box"": null}",22,True,active,0.066336,1.902912,0.052937,35.0,105.0,1.8,1.0,1.5,15.0,0.066336,1.669,2.24,1554.0,10.17,-6.911,
exp27_ball_quality,ablationsoftmin_only__ballspeed12__noplot__servebox,"{""--ablation"": ""softmin_only"", ""--ball-speed"": 12, ""--no-plot"": null, ""--serve-box"": null}",28,True,active,0.065566,1.892309,0.065566,30.0,105.0,1.7,0.99,1.4,10.0,0.065566,1.322,1.98,1576.9,9.19,-2.449,
exp27_ball_quality,ablationsoftmin_only__ballspeed12__noplot__servebox,"{""--ablation"": ""softmin_only"", ""--ball-speed"": 12, ""--no-plot"": null, ""--serve-box"": null}",31,True,active,0.125706,1.888633,0.122551,30.0,100.0,1.78,1.0,1.8,10.0,0.125706,1.068,1.4,1041.3,9.526,-8.492,
exp27_ball_quality,ablationsoftmin_only__ballspeed12__noplot__servebox,"{""--ablation"": ""softmin_only"", ""--ball-speed"": 12, ""--no-plot"": null, ""--serve-box"": null}",34,True,active,0.120154,1.868458,0.103025,40.0,105.0,1.74,1.0,1.6,10.0,0.120154,1.584,1.43,1046.3,10.733,-7.217,
exp27_ball_quality,ablationsoftmin_only__ballspeed12__noplot__servebox,"{""--ablation"": ""softmin_only"", ""--ball-speed"": 12, ""--no-plot"": null, ""--serve-box"": null}",32,False,miss,0.322802,1.864759,0.137215,20.0,70.0,1.66,1.0,1.7,0.0,0.322802,0.0,1.57,1057.2,-1.0,-99.0,
exp27_ball_quality,ablationsoftmin_only__ballspeed12__noplot__servebox,"{""--ablation"": ""softmin_only"", ""--ball-speed"": 12, ""--no-plot"": null, ""--serve-box"": null}",35,True,active,0.125818,1.906971,0.122233,25.0,105.0,1.77,1.0,1.6,15.0,0.125818,1.507,1.45,1028.0,9.868,-3.715,
exp27_ball_quality,ablationsoftmin_only__ballspeed12__noplot__servebox,"{""--ablation"": ""softmin_only"", ""--ball-speed"": 12, ""--no-plot"": null, ""--serve-box"": null}",36,True,active,0.122427,1.902885,0.10225,35.0,100.0,1.76,1.0,2.1,10.0,0.122427,1.702,1.41,1042.6,9.787,0.112,
exp27_ball_quality,ablationsoftmin_only__ballspeed12__noplot__servebox,"{""--ablation"": ""softmin_only"", ""--ball-speed"": 12, ""--no-plot"": null, ""--serve-box"": null}",26,True,active,0.077115,1.865567,0.077115,35.0,105.0,1.8,0.99,1.9,15.0,0.077115,1.733,2.48,1835.2,8.964,-4.678,
exp27_ball_quality,ablationsoftmin_only__ballspeed12__noplot__servebox,"{""--ablation"": ""softmin_only"", ""--ball-speed"": 12, ""--no-plot"": null, ""--serve-box"": null}",24,True,active,0.129245,1.912868,0.116082,30.0,90.0,1.8,1.0,1.9,10.0,0.129245,1.755,2.86,2277.7,9.935,-0.971,
exp27_ball_quality,ablationsoftmin_only__ballspeed12__noplot__servebox,"{""--ablation"": ""softmin_only"", ""--ball-speed"": 12, ""--no-plot"": null, ""--serve-box"": null}",37,True,active,0.138032,1.875551,0.118677,35.0,105.0,1.79,1.0,1.7,15.0,0.138032,1.691,1.6,1164.3,9.764,-5.111,
exp27_ball_quality,ablationsoftmin_only__ballspeed12__noplot__servebox,"{""--ablation"": ""softmin_only"", ""--ball-speed"": 12, ""--no-plot"": null, ""--serve-box"": null}",39,True,active,0.105088,1.878538,0.078348,35.0,105.0,1.79,0.99,1.6,5.0,0.105088,0.881,1.48,1084.5,10.712,-10.707,
exp27_ball_quality,ablationsoftmin_only__ballspeed12__noplot__servebox,"{""--ablation"": ""softmin_only"", ""--ball-speed"": 12, ""--no-plot"": null, ""--serve-box"": null}",29,True,active,0.11393,1.891866,0.11393,30.0,105.0,1.44,1.0,1.4,10.0,0.11393,1.072,2.64,1926.1,9.481,-9.236,
exp27_ball_quality,ablationsoftmin_only__ballspeed12__noplot__servebox,"{""--ablation"": ""softmin_only"", ""--ball-speed"": 12, ""--no-plot"": null, ""--serve-box"": null}",38,True,active,0.141896,1.899944,0.1063,35.0,100.0,1.81,0.98,1.6,15.0,0.141896,1.696,1.84,1503.7,10.162,-6.471,
exp27_ball_quality,ablationsoftmin_only__ballspeed12__noplot__servebox,"{""--ablation"": ""softmin_only"", ""--ball-speed"": 12, ""--no-plot"": null, ""--serve-box"": null}",30,True,active,0.091537,1.910809,0.08411,30.0,105.0,1.81,0.96,1.6,15.0,0.091537,1.772,2.79,2175.8,8.753,-3.653,
exp27_ball_quality,ablationsoftmin_only__ballspeed12__noplot__servebox,"{""--ablation"": ""softmin_only"", ""--ball-speed"": 12, ""--no-plot"": null, ""--serve-box"": null}",41,True,active,0.11611,1.889597,0.113504,30.0,105.0,1.62,0.99,1.9,10.0,0.11611,1.406,1.5,1133.1,9.309,-8.289,
exp27_ball_quality,ablationsoftmin_only__ballspeed12__noplot__servebox,"{""--ablation"": ""softmin_only"", ""--ball-speed"": 12, ""--no-plot"": null, ""--serve-box"": null}",42,True,active,0.102552,1.864046,0.095933,35.0,105.0,1.77,0.99,1.9,15.0,0.102552,1.656,1.49,1095.4,9.138,-7.471,
exp27_ball_quality,ablationsoftmin_only__ballspeed12__noplot__servebox,"{""--ablation"": ""softmin_only"", ""--ball-speed"": 12, ""--no-plot"": null, ""--serve-box"": null}",43,True,active,0.138241,1.883288,0.126434,30.0,90.0,1.76,1.0,1.7,15.0,0.138241,1.751,1.53,1165.3,9.074,-3.915,
exp27_ball_quality,ablationsoftmin_only__ballspeed12__noplot__servebox,"{""--ablation"": ""softmin_only"", ""--ball-speed"": 12, ""--no-plot"": null, ""--serve-box"": null}",33,True,active,0.106163,1.918077,0.09215,30.0,105.0,1.8,1.0,1.9,15.0,0.106163,1.637,2.91,2271.7,9.266,-3.782,
exp27_ball_quality,ablationsoftmin_only__ballspeed12__noplot__servebox,"{""--ablation"": ""softmin_only"", ""--ball-speed"": 12, ""--no-plot"": null, ""--serve-box"": null}",44,False,miss,0.426166,1.903218,0.14663,15.0,45.0,1.79,1.0,1.9,0.0,0.426166,0.0,1.52,1081.0,-1.0,-99.0,
exp27_ball_quality,ablationsoftmin_only__ballspeed12__noplot__servebox,"{""--ablation"": ""softmin_only"", ""--ball-speed"": 12, ""--no-plot"": null, ""--serve-box"": null}",46,True,active,0.122674,1.919654,0.118514,30.0,105.0,1.68,0.99,1.6,15.0,0.122674,1.621,1.67,1282.4,10.477,-8.486,
exp27_ball_quality,ablationsoftmin_only__ballspeed12__noplot__servebox,"{""--ablation"": ""softmin_only"", ""--ball-speed"": 12, ""--no-plot"": null, ""--serve-box"": null}",47,True,active,0.071219,1.866759,0.066437,40.0,105.0,1.58,0.95,1.6,0.0,0.071219,0.397,1.8,1156.1,8.799,-6.194,
exp27_ball_quality,ablationsoftmin_only__ballspeed12__noplot__servebox,"{""--ablation"": ""softmin_only"", ""--ball-speed"": 12, ""--no-plot"": null, ""--serve-box"": null}",40,True,active,0.098792,1.901961,0.091032,30.0,105.0,1.79,0.98,2.0,15.0,0.098792,1.577,2.66,2134.3,9.446,-0.469,
exp27_ball_quality,ablationsoftmin_only__ballspeed12__noplot__servebox,"{""--ablation"": ""softmin_only"", ""--ball-speed"": 12, ""--no-plot"": null, ""--serve-box"": null}",52,True,active,0.081048,1.883143,0.081048,35.0,105.0,1.74,1.0,1.5,15.0,0.081048,1.623,1.5,1017.5,9.152,0.208,
exp27_ball_quality,ablationsoftmin_only__ballspeed12__noplot__servebox,"{""--ablation"": ""softmin_only"", ""--ball-speed"": 12, ""--no-plot"": null, ""--serve-box"": null}",53,True,active,0.128669,1.866812,0.112033,30.0,105.0,1.76,1.0,1.4,20.0,0.128669,1.662,1.48,1073.1,10.829,-7.036,
exp27_ball_quality,ablationsoftmin_only__ballspeed12__noplot__servebox,"{""--ablation"": ""softmin_only"", ""--ball-speed"": 12, ""--no-plot"": null, ""--serve-box"": null}",50,True,active,0.093582,1.864589,0.093582,30.0,105.0,1.71,0.98,1.9,15.0,0.093582,1.645,1.9,1469.9,8.611,-4.631,
exp27_ball_quality,ablationsoftmin_only__ballspeed12__noplot__servebox,"{""--ablation"": ""softmin_only"", ""--ball-speed"": 12, ""--no-plot"": null, ""--serve-box"": null}",54,True,active,0.08165,1.871516,0.08165,30.0,105.0,1.8,0.99,1.8,20.0,0.08165,1.662,1.42,1029.3,9.756,-6.957,
exp27_ball_quality,ablationsoftmin_only__ballspeed12__noplot__servebox,"{""--ablation"": ""softmin_only"", ""--ball-speed"": 12, ""--no-plot"": null, ""--serve-box"": null}",57,False,miss,0.418934,1.905419,0.131788,20.0,90.0,1.8,0.99,1.8,0.0,0.418934,0.0,1.38,983.8,-1.0,-99.0,
exp27_ball_quality,ablationsoftmin_only__ballspeed12__noplot__servebox,"{""--ablation"": ""softmin_only"", ""--ball-speed"": 12, ""--no-plot"": null, ""--serve-box"": null}",45,False,miss,0.37953,1.898809,0.147081,15.0,50.0,1.76,1.0,1.7,0.0,0.37953,0.0,2.8,2212.5,-1.0,-99.0,
exp27_ball_quality,ablationsoftmin_only__ballspeed12__noplot__servebox,"{""--ablation"": ""softmin_only"", ""--ball-speed"": 12, ""--no-plot"": null, ""--serve-box"": null}",51,False,miss,0.38023,1.864817,0.153594,15.0,0.0,1.78,0.98,1.8,0.0,0.38023,0.0,1.95,1605.4,-1.0,-99.0,
exp27_ball_quality,ablationsoftmin_only__ballspeed12__noplot__servebox,"{""--ablation"": ""softmin_only"", ""--ball-speed"": 12, ""--no-plot"": null, ""--serve-box"": null}",59,True,active,0.091413,1.90491,0.079164,30.0,105.0,1.81,0.98,1.8,15.0,0.091413,1.802,1.5,1073.9,9.217,-3.026,
exp27_ball_quality,ablationsoftmin_only__ballspeed12__noplot__servebox,"{""--ablation"": ""softmin_only"", ""--ball-speed"": 12, ""--no-plot"": null, ""--serve-box"": null}",55,True,active,0.1018,1.858173,0.088896,35.0,105.0,1.78,0.98,1.5,15.0,0.1018,1.557,1.73,1236.8,9.358,-4.981,
exp27_ball_quality,ablationsoftmin_only__ballspeed12__noplot__servebox,"{""--ablation"": ""softmin_only"", ""--ball-speed"": 12, ""--no-plot"": null, ""--serve-box"": null}",48,True,active,0.130019,1.929973,0.114146,35.0,95.0,1.79,0.99,1.9,15.0,0.130019,1.773,2.88,2294.2,9.955,-6.017,
exp27_ball_quality,ablationsoftmin_only__ballspeed12__noplot__servebox,"{""--ablation"": ""softmin_only"", ""--ball-speed"": 12, ""--no-plot"": null, ""--serve-box"": null}",49,True,active,0.120232,1.896953,0.109725,30.0,105.0,1.79,0.99,1.6,15.0,0.120232,1.765,2.74,2055.8,10.105,-7.401,
exp27_ball_quality,ablationsoftmin_only__ballspeed12__noplot__servebox,"{""--ablation"": ""softmin_only"", ""--ball-speed"": 12, ""--no-plot"": null, ""--serve-box"": null}",60,True,active,0.145022,1.866669,0.127711,30.0,55.0,1.8,1.0,2.0,15.0,0.145022,1.66,1.47,1078.8,9.767,-7.215,
exp27_ball_quality,ablationsoftmin_only__ballspeed12__noplot__servebox,"{""--ablation"": ""softmin_only"", ""--ball-speed"": 12, ""--no-plot"": null, ""--serve-box"": null}",58,True,active,0.071044,1.872199,0.060542,40.0,105.0,1.62,0.99,1.8,5.0,0.071044,1.198,2.41,1813.1,7.948,-7.722,
exp27_ball_quality,ablationsoftmin_only__ballspeed12__noplot__servebox,"{""--ablation"": ""softmin_only"", ""--ball-speed"": 12, ""--no-plot"": null, ""--serve-box"": null}",64,True,active,0.10981,1.903962,0.099007,30.0,105.0,1.77,0.99,1.6,15.0,0.10981,1.649,1.47,1090.4,9.946,-6.516,
exp27_ball_quality,ablationsoftmin_only__ballspeed12__noplot__servebox,"{""--ablation"": ""softmin_only"", ""--ball-speed"": 12, ""--no-plot"": null, ""--serve-box"": null}",62,True,active,0.102284,1.923841,0.09639,40.0,105.0,1.8,0.98,1.9,10.0,0.102284,1.804,1.73,1225.6,9.177,-2.634,
exp27_ball_quality,ablationsoftmin_only__ballspeed12__noplot__servebox,"{""--ablation"": ""softmin_only"", ""--ball-speed"": 12, ""--no-plot"": null, ""--serve-box"": null}",65,False,miss,0.383463,1.932043,0.14899,15.0,15.0,1.8,0.99,2.2,0.0,0.383463,0.0,1.49,1102.3,-1.0,-99.0,
exp27_ball_quality,ablationsoftmin_only__ballspeed12__noplot__servebox,"{""--ablation"": ""softmin_only"", ""--ball-speed"": 12, ""--no-plot"": null, ""--serve-box"": null}",63,True,active,0.055227,1.910588,0.055227,30.0,105.0,1.81,0.98,1.9,20.0,0.055227,1.692,1.61,1223.7,9.353,-2.201,
exp27_ball_quality,ablationsoftmin_only__ballspeed12__noplot__servebox,"{""--ablation"": ""softmin_only"", ""--ball-speed"": 12, ""--no-plot"": null, ""--serve-box"": null}",56,False,miss,0.402848,1.907254,0.171105,10.0,0.0,1.79,1.0,2.1,0.0,0.402848,0.0,2.81,2260.9,-1.0,-99.0,
exp27_ball_quality,ablationsoftmin_only__ballspeed12__noplot__servebox,"{""--ablation"": ""softmin_only"", ""--ball-speed"": 12, ""--no-plot"": null, ""--serve-box"": null}",70,True,active,0.133027,1.928527,0.126771,30.0,90.0,1.59,0.99,1.8,10.0,0.133027,1.442,1.49,1112.4,10.067,-7.822,
exp27_ball_quality,ablationsoftmin_only__ballspeed12__noplot__servebox,"{""--ablation"": ""softmin_only"", ""--ball-speed"": 12, ""--no-plot"": null, ""--serve-box"": null}",71,False,miss,0.446128,1.876654,0.153563,15.0,0.0,1.8,1.0,1.9,0.0,0.446128,0.0,1.51,1143.4,-1.0,-99.0,
exp27_ball_quality,ablationsoftmin_only__ballspeed12__noplot__servebox,"{""--ablation"": ""softmin_only"", ""--ball-speed"": 12, ""--no-plot"": null, ""--serve-box"": null}",66,True,active,0.125207,1.882417,0.111403,30.0,100.0,1.79,0.99,2.0,15.0,0.125207,1.654,1.95,1588.5,8.894,-5.354,
exp27_ball_quality,ablationsoftmin_only__ballspeed12__noplot__servebox,"{""--ablation"": ""softmin_only"", ""--ball-speed"": 12, ""--no-plot"": null, ""--serve-box"": null}",61,True,active,0.11877,1.896831,0.104427,35.0,105.0,1.8,0.99,1.8,15.0,0.11877,1.799,2.81,2216.0,9.623,-4.228,
exp27_ball_quality,ablationsoftmin_only__ballspeed12__noplot__servebox,"{""--ablation"": ""softmin_only"", ""--ball-speed"": 12, ""--no-plot"": null, ""--serve-box"": null}",73,False,miss,0.43911,1.862506,0.156999,15.0,0.0,1.75,1.0,1.7,0.0,0.43911,0.0,1.62,1220.8,-1.0,-99.0,
exp27_ball_quality,ablationsoftmin_only__ballspeed12__noplot__servebox,"{""--ablation"": ""softmin_only"", ""--ball-speed"": 12, ""--no-plot"": null, ""--serve-box"": null}",72,True,active,0.093811,1.899184,0.093811,30.0,105.0,1.81,0.99,1.6,15.0,0.093811,1.801,1.73,1341.0,10.459,-5.962,
exp27_ball_quality,ablationsoftmin_only__ballspeed12__noplot__servebox,"{""--ablation"": ""softmin_only"", ""--ball-speed"": 12, ""--no-plot"": null, ""--serve-box"": null}",76,True,active,0.061731,1.857663,0.057743,35.0,105.0,1.8,0.98,1.8,15.0,0.061731,0.951,1.4,1037.5,9.73,-3.537,
exp27_ball_quality,ablationsoftmin_only__ballspeed12__noplot__servebox,"{""--ablation"": ""softmin_only"", ""--ball-speed"": 12, ""--no-plot"": null, ""--serve-box"": null}",77,True,active,0.12921,1.868423,0.121609,30.0,105.0,1.8,1.0,1.8,15.0,0.12921,1.738,1.44,1066.3,9.126,-6.224,
exp27_ball_quality,ablationsoftmin_only__ballspeed12__noplot__servebox,"{""--ablation"": ""softmin_only"", ""--ball-speed"": 12, ""--no-plot"": null, ""--serve-box"": null}",79,True,active,0.150142,1.893096,0.140773,25.0,70.0,1.79,1.0,2.0,20.0,0.150142,1.699,1.41,1034.9,10.293,-1.518,
exp27_ball_quality,ablationsoftmin_only__ballspeed12__noplot__servebox,"{""--ablation"": ""softmin_only"", ""--ball-speed"": 12, ""--no-plot"": null, ""--serve-box"": null}",74,True,active,0.127117,1.919746,0.113625,30.0,95.0,1.8,0.99,1.8,15.0,0.127117,1.797,2.23,1666.6,9.789,-4.294,
exp27_ball_quality,ablationsoftmin_only__ballspeed12__noplot__servebox,"{""--ablation"": ""softmin_only"", ""--ball-speed"": 12, ""--no-plot"": null, ""--serve-box"": null}",67,True,active,0.079121,1.892989,0.069784,40.0,105.0,1.78,0.99,1.7,5.0,0.079121,1.081,2.78,2201.0,9.245,-3.973,
exp27_ball_quality,ablationsoftmin_only__ballspeed12__noplot__servebox,"{""--ablation"": ""softmin_only"", ""--ball-speed"": 12, ""--no-plot"": null, ""--serve-box"": null}",78,True,active,0.119715,1.901561,0.110934,30.0,105.0,1.8,1.0,1.7,20.0,0.119715,1.665,1.62,1208.4,10.187,-5.667,
exp27_ball_quality,ablationsoftmin_only__ballspeed12__noplot__servebox,"{""--ablation"": ""softmin_only"", ""--ball-speed"": 12, ""--no-plot"": null, ""--serve-box"": null}",68,False,miss,0.166332,1.894017,0.141036,20.0,105.0,1.49,1.0,1.6,0.0,0.166332,0.0,2.84,2116.6,-1.0,-99.0,
exp27_ball_quality,ablationsoftmin_only__ballspeed12__noplot__servebox,"{""--ablation"": ""softmin_only"", ""--ball-speed"": 12, ""--no-plot"": null, ""--serve-box"": null}",69,True,active,0.120059,1.923873,0.113316,30.0,95.0,1.8,1.0,1.7,15.0,0.120059,1.723,2.89,2271.3,9.534,-4.358,
exp27_ball_quality,ablationsoftmin_only__ballspeed12__noplot__servebox,"{""--ablation"": ""softmin_only"", ""--ball-speed"": 12, ""--no-plot"": null, ""--serve-box"": null}",82,True,active,0.148821,1.887736,0.136092,30.0,90.0,1.56,1.0,1.6,10.0,0.148821,1.298,1.43,1079.8,10.009,-5.049,
exp27_ball_quality,ablationsoftmin_only__ballspeed12__noplot__servebox,"{""--ablation"": ""softmin_only"", ""--ball-speed"": 12, ""--no-plot"": null, ""--serve-box"": null}",83,True,active,0.134353,1.907697,0.115165,40.0,105.0,1.8,0.99,1.8,10.0,0.134353,1.592,1.42,1054.7,10.568,-7.056,
exp27_ball_quality,ablationsoftmin_only__ballspeed12__noplot__servebox,"{""--ablation"": ""softmin_only"", ""--ball-speed"": 12, ""--no-plot"": null, ""--serve-box"": null}",84,True,active,0.089759,1.867497,0.080555,30.0,105.0,1.8,0.99,1.7,20.0,0.089759,1.772,1.49,1146.9,9.592,-3.158,
exp27_ball_quality,ablationsoftmin_only__ballspeed12__noplot__servebox,"{""--ablation"": ""softmin_only"", ""--ball-speed"": 12, ""--no-plot"": null, ""--serve-box"": null}",75,True,active,0.083244,1.922998,0.083244,35.0,105.0,1.34,0.98,1.3,5.0,0.083244,0.805,2.83,2169.2,8.365,-6.572,
exp27_ball_quality,ablationsoftmin_only__ballspeed12__noplot__servebox,"{""--ablation"": ""softmin_only"", ""--ball-speed"": 12, ""--no-plot"": null, ""--serve-box"": null}",87,True,active,0.126385,1.913319,0.106997,35.0,105.0,1.8,0.98,1.7,15.0,0.126385,1.664,1.44,1104.1,10.047,-5.75,
exp27_ball_quality,ablationsoftmin_only__ballspeed12__noplot__servebox,"{""--ablation"": ""softmin_only"", ""--ball-speed"": 12, ""--no-plot"": null, ""--serve-box"": null}",89,True,active,0.096153,1.89574,0.077672,35.0,105.0,1.79,0.99,1.9,15.0,0.096153,1.792,1.37,1029.1,9.153,-0.522,
exp27_ball_quality,ablationsoftmin_only__ballspeed12__noplot__servebox,"{""--ablation"": ""softmin_only"", ""--ball-speed"": 12, ""--no-plot"": null, ""--serve-box"": null}",80,False,miss,0.358074,1.867249,0.158056,20.0,0.0,1.53,1.0,1.7,0.0,0.358074,0.0,2.68,2105.9,-1.0,-99.0,
exp27_ball_quality,ablationsoftmin_only__ballspeed12__noplot__servebox,"{""--ablation"": ""softmin_only"", ""--ball-speed"": 12, ""--no-plot"": null, ""--serve-box"": null}",91,True,active,0.099201,1.876677,0.092618,35.0,105.0,1.3,1.0,1.5,5.0,0.099201,0.661,1.37,1016.8,8.69,-8.679,
exp27_ball_quality,ablationsoftmin_only__ballspeed12__noplot__servebox,"{""--ablation"": ""softmin_only"", ""--ball-speed"": 12, ""--no-plot"": null, ""--serve-box"": null}",90,True,active,0.100803,1.879953,0.0992,35.0,105.0,1.79,0.99,1.7,10.0,0.100803,1.409,1.57,1123.2,8.981,-6.047,
exp27_ball_quality,ablationsoftmin_only__ballspeed12__noplot__servebox,"{""--ablation"": ""softmin_only"", ""--ball-speed"": 12, ""--no-plot"": null, ""--serve-box"": null}",86,True,active,0.112779,1.887075,0.094864,35.0,105.0,1.8,0.93,1.9,20.0,0.112779,1.802,2.22,1637.3,9.386,-3.129,
exp27_ball_quality,ablationsoftmin_only__ballspeed12__noplot__servebox,"{""--ablation"": ""softmin_only"", ""--ball-speed"": 12, ""--no-plot"": null, ""--serve-box"": null}",93,True,active,0.11499,1.889627,0.111326,30.0,105.0,1.79,1.0,1.7,15.0,0.11499,1.551,1.42,989.9,8.846,-5.13,
exp27_ball_quality,ablationsoftmin_only__ballspeed12__noplot__servebox,"{""--ablation"": ""softmin_only"", ""--ball-speed"": 12, ""--no-plot"": null, ""--serve-box"": null}",92,True,active,0.145247,1.901293,0.13367,30.0,95.0,1.75,1.0,1.7,10.0,0.145247,1.658,1.46,1023.3,9.593,-3.817,
exp27_ball_quality,ablationsoftmin_only__ballspeed12__noplot__servebox,"{""--ablation"": ""softmin_only"", ""--ball-speed"": 12, ""--no-plot"": null, ""--serve-box"": null}",81,True,active,0.09853,1.883893,0.088815,35.0,105.0,1.77,0.99,1.8,5.0,0.09853,0.919,2.67,2078.4,8.723,-7.47,
exp27_ball_quality,ablationsoftmin_only__ballspeed12__noplot__servebox,"{""--ablation"": ""softmin_only"", ""--ball-speed"": 12, ""--no-plot"": null, ""--serve-box"": null}",85,True,active,0.128791,1.889002,0.114146,35.0,95.0,1.47,1.0,1.7,10.0,0.128791,1.404,2.43,1800.6,8.896,-6.579,
exp27_ball_quality,ablationsoftmin_only__ballspeed12__noplot__servebox,"{""--ablation"": ""softmin_only"", ""--ball-speed"": 12, ""--no-plot"": null, ""--serve-box"": null}",94,True,active,0.111903,1.872724,0.097347,35.0,105.0,1.79,0.99,1.7,15.0,0.111903,1.713,1.58,1124.6,9.324,-1.962,
exp27_ball_quality,ablationsoftmin_only__ballspeed12__noplot__servebox,"{""--ablation"": ""softmin_only"", ""--ball-speed"": 12, ""--no-plot"": null, ""--serve-box"": null}",97,False,miss,0.385087,1.867207,0.151076,20.0,50.0,1.52,1.0,1.9,0.0,0.385087,0.0,1.48,1135.5,-1.0,-99.0,
exp27_ball_quality,ablationsoftmin_only__ballspeed12__noplot__servebox,"{""--ablation"": ""softmin_only"", ""--ball-speed"": 12, ""--no-plot"": null, ""--serve-box"": null}",88,True,active,0.106664,1.915103,0.085349,40.0,105.0,1.74,0.98,1.6,5.0,0.106664,1.01,2.76,2184.0,9.977,-8.692,
exp27_ball_quality,ablationsoftmin_only__ballspeed12__noplot__servebox,"{""--ablation"": ""softmin_only"", ""--ball-speed"": 12, ""--no-plot"": null, ""--serve-box"": null}",99,True,active,0.12579,1.92385,0.116837,30.0,90.0,1.81,1.0,2.0,15.0,0.12579,1.699,1.53,1139.7,9.627,-5.342,
exp27_ball_quality,ablationsoftmin_only__ballspeed12__noplot__servebox,"{""--ablation"": ""softmin_only"", ""--ball-speed"": 12, ""--no-plot"": null, ""--serve-box"": null}",98,True,active,0.089176,1.878792,0.083763,30.0,70.0,1.8,0.99,2.1,15.0,0.089176,1.721,1.66,1156.0,9.763,-0.514,
exp27_ball_quality,ablationnone__ballspeed12__noplot__servebox,"{""--ablation"": ""none"", ""--ball-speed"": 12, ""--no-plot"": null, ""--serve-box"": null}",1,True,active,0.076744,1.850774,0.049258,35.0,0.0,1.63,1.0,1.3,10.0,0.076744,1.631,1.54,1132.0,9.545,-2.508,
exp27_ball_quality,ablationsoftmin_only__ballspeed12__noplot__servebox,"{""--ablation"": ""softmin_only"", ""--ball-speed"": 12, ""--no-plot"": null, ""--serve-box"": null}",95,True,active,0.108527,1.92155,0.093825,30.0,105.0,1.79,1.0,2.0,20.0,0.108527,1.522,2.48,1868.7,10.081,-2.237,
exp27_ball_quality,ablationnone__ballspeed12__noplot__servebox,"{""--ablation"": ""none"", ""--ball-speed"": 12, ""--no-plot"": null, ""--serve-box"": null}",6,True,active,0.101475,1.892346,0.076809,35.0,0.0,1.59,1.0,1.3,10.0,0.101475,1.546,1.5,1075.0,8.558,-4.613,
exp27_ball_quality,ablationnone__ballspeed12__noplot__servebox,"{""--ablation"": ""none"", ""--ball-speed"": 12, ""--no-plot"": null, ""--serve-box"": null}",2,False,miss,0.336734,1.851931,0.161631,15.0,0.0,1.39,0.98,1.3,0.0,0.336734,0.0,1.75,1326.1,-1.0,-99.0,
exp27_ball_quality,ablationnone__ballspeed12__noplot__servebox,"{""--ablation"": ""none"", ""--ball-speed"": 12, ""--no-plot"": null, ""--serve-box"": null}",8,False,miss,0.235314,1.868066,0.184394,0.0,0.0,1.38,0.99,1.5,0.0,0.235314,0.0,1.43,1051.7,-1.0,-99.0,
exp27_ball_quality,ablationsoftmin_only__ballspeed12__noplot__servebox,"{""--ablation"": ""softmin_only"", ""--ball-speed"": 12, ""--no-plot"": null, ""--serve-box"": null}",96,True,active,0.139601,1.900422,0.126455,30.0,95.0,1.77,0.99,1.9,15.0,0.139601,1.679,2.83,2235.2,9.927,-4.361,
exp27_ball_quality,ablationnone__ballspeed12__noplot__servebox,"{""--ablation"": ""none"", ""--ball-speed"": 12, ""--no-plot"": null, ""--serve-box"": null}",10,True,active,0.125552,1.857257,0.049231,50.0,0.0,1.07,1.0,1.0,5.0,0.125552,0.632,1.38,1067.6,9.18,-4.665,
exp27_ball_quality,ablationnone__ballspeed12__noplot__servebox,"{""--ablation"": ""none"", ""--ball-speed"": 12, ""--no-plot"": null, ""--serve-box"": null}",9,False,miss,0.307284,1.867539,0.169101,10.0,0.0,1.31,1.0,1.2,0.0,0.307284,0.0,1.93,1602.9,-1.0,-99.0,
exp27_ball_quality,ablationnone__ballspeed12__noplot__servebox,"{""--ablation"": ""none"", ""--ball-speed"": 12, ""--no-plot"": null, ""--serve-box"": null}",7,True,active,0.085848,1.868323,0.036944,10.0,0.0,1.79,1.0,1.6,15.0,0.085848,1.732,2.17,1581.6,9.553,1.56,
exp27_ball_quality,ablationnone__ballspeed12__noplot__servebox,"{""--ablation"": ""none"", ""--ball-speed"": 12, ""--no-plot"": null, ""--serve-box"": null}",20,,,,,,,,,,,,,,0.2,,,,no_result
exp27_ball_quality,ablationnone__ballspeed12__noplot__servebox,"{""--ablation"": ""none"", ""--ball-speed"": 12, ""--no-plot"": null, ""--serve-box"": null}",5,True,active,0.05307,1.836389,0.05307,35.0,0.0,1.78,0.99,1.5,10.0,0.05307,1.53,2.37,1770.7,9.183,0.227,
exp27_ball_quality,ablationnone__ballspeed12__noplot__servebox,"{""--ablation"": ""none"", ""--ball-speed"": 12, ""--no-plot"": null, ""--serve-box"": null}",21,,,,,,,,,,,,,,0.28,,,,no_result
exp27_ball_quality,ablationsoftmin_only__ballspeed12__noplot__servebox,"{""--ablation"": ""softmin_only"", ""--ball-speed"": 12, ""--no-plot"": null, ""--serve-box"": null}",100,True,active,0.136372,1.895961,0.123608,40.0,90.0,1.71,1.0,1.9,10.0,0.136372,1.286,2.75,2113.3,9.378,-8.317,
exp27_ball_quality,ablationnone__ballspeed12__noplot__servebox,"{""--ablation"": ""none"", ""--ball-speed"": 12, ""--no-plot"": null, ""--serve-box"": null}",12,True,active,0.098343,1.84047,0.044659,40.0,0.0,1.5,1.0,1.5,10.0,0.098343,1.356,1.55,1171.0,9.01,-0.979,
exp27_ball_quality,ablationnone__ballspeed12__noplot__servebox,"{""--ablation"": ""none"", ""--ball-speed"": 12, ""--no-plot"": null, ""--serve-box"": null}",13,True,active,0.080162,1.86874,0.080162,0.0,0.0,1.8,0.91,1.8,15.0,0.080162,1.784,1.63,1291.8,9.936,1.026,
exp27_ball_quality,ablationnone__ballspeed12__noplot__servebox,"{""--ablation"": ""none"", ""--ball-speed"": 12, ""--no-plot"": null, ""--serve-box"": null}",3,False,miss,0.303,1.830128,0.154039,20.0,0.0,1.12,0.99,1.4,0.0,0.303,0.0,2.94,2383.3,-1.0,-99.0,
exp27_ball_quality,ablationnone__ballspeed12__noplot__servebox,"{""--ablation"": ""none"", ""--ball-speed"": 12, ""--no-plot"": null, ""--serve-box"": null}",15,True,active,0.121418,1.864589,0.068383,40.0,0.0,1.49,1.0,1.2,10.0,0.121418,1.435,1.54,1166.3,8.254,-2.151,
exp27_ball_quality,ablationnone__ballspeed12__noplot__servebox,"{""--ablation"": ""none"", ""--ball-speed"": 12, ""--no-plot"": null, ""--serve-box"": null}",14,False,miss,0.309389,1.872715,0.164586,15.0,0.0,1.23,0.99,1.2,0.0,0.309389,0.0,1.65,1269.7,-1.0,-99.0,
exp27_ball_quality,ablationnone__ballspeed12__noplot__servebox,"{""--ablation"": ""none"", ""--ball-speed"": 12, ""--no-plot"": null, ""--serve-box"": null}",4,False,miss,0.328351,1.846003,0.160966,15.0,0.0,1.32,1.0,1.3,0.0,0.328351,0.0,2.91,2373.4,-1.0,-99.0,
exp27_ball_quality,ablationnone__ballspeed12__noplot__servebox,"{""--ablation"": ""none"", ""--ball-speed"": 12, ""--no-plot"": null, ""--serve-box"": null}",17,True,active,0.106386,1.890799,0.045101,45.0,0.0,1.48,1.0,1.4,5.0,0.106386,0.934,1.6,1201.9,9.78,-5.801,
exp27_ball_quality,ablationnone__ballspeed12__noplot__servebox,"{""--ablation"": ""none"", ""--ball-speed"": 12, ""--no-plot"": null, ""--serve-box"": null}",18,False,miss,0.300924,1.871512,0.143639,20.0,0.0,1.36,1.0,1.1,0.0,0.300924,0.0,1.57,1197.4,-1.0,-99.0,
exp27_ball_quality,ablationnone__ballspeed12__noplot__servebox,"{""--ablation"": ""none"", ""--ball-speed"": 12, ""--no-plot"": null, ""--serve-box"": null}",11,True,active,0.050018,1.839754,0.025919,40.0,0.0,1.79,1.0,1.8,5.0,0.050018,0.729,2.42,1830.3,10.515,-7.901,
exp27_ball_quality,ablationnone__ballspeed12__noplot__servebox,"{""--ablation"": ""none"", ""--ball-speed"": 12, ""--no-plot"": null, ""--serve-box"": null}",23,True,active,0.098371,1.875412,0.075783,35.0,0.0,1.51,1.0,1.1,10.0,0.098371,0.666,1.62,1222.9,9.876,-4.002,
exp27_ball_quality,ablationnone__ballspeed12__noplot__servebox,"{""--ablation"": ""none"", ""--ball-speed"": 12, ""--no-plot"": null, ""--serve-box"": null}",24,False,miss,0.318801,1.861765,0.156285,20.0,0.0,1.46,1.0,1.3,0.0,0.318801,0.0,1.51,1106.4,-1.0,-99.0,
exp27_ball_quality,ablationnone__ballspeed12__noplot__servebox,"{""--ablation"": ""none"", ""--ball-speed"": 12, ""--no-plot"": null, ""--serve-box"": null}",25,False,miss,0.38922,1.8748,0.194134,0.0,0.0,1.75,0.99,1.8,0.0,0.38922,0.0,1.64,1189.0,-1.0,-99.0,
exp27_ball_quality,ablationnone__ballspeed12__noplot__servebox,"{""--ablation"": ""none"", ""--ball-speed"": 12, ""--no-plot"": null, ""--serve-box"": null}",26,True,active,0.097192,1.845652,0.061161,35.0,0.0,1.22,1.0,1.4,10.0,0.097192,1.217,1.74,1371.1,10.299,-0.162,
exp27_ball_quality,ablationnone__ballspeed12__noplot__servebox,"{""--ablation"": ""none"", ""--ball-speed"": 12, ""--no-plot"": null, ""--serve-box"": null}",27,True,active,0.108128,1.877948,0.081787,40.0,0.0,1.56,0.99,1.0,0.0,0.108128,0.942,1.48,1068.4,10.649,-10.052,
exp27_ball_quality,ablationnone__ballspeed12__noplot__servebox,"{""--ablation"": ""none"", ""--ball-speed"": 12, ""--no-plot"": null, ""--serve-box"": null}",31,False,miss,0.317488,1.878841,0.17028,10.0,0.0,1.35,0.99,1.3,0.0,0.317488,0.0,1.44,1069.5,-1.0,-99.0,
exp27_ball_quality,ablationnone__ballspeed12__noplot__servebox,"{""--ablation"": ""none"", ""--ball-speed"": 12, ""--no-plot"": null, ""--serve-box"": null}",16,True,active,0.018039,1.859325,0.018039,35.0,0.0,1.77,1.0,1.4,10.0,0.018039,1.719,2.9,2337.9,9.693,0.318,
exp27_ball_quality,ablationnone__ballspeed12__noplot__servebox,"{""--ablation"": ""none"", ""--ball-speed"": 12, ""--no-plot"": null, ""--serve-box"": null}",19,True,active,0.102308,1.856782,0.03764,40.0,0.0,1.4,1.0,1.1,10.0,0.102308,1.36,2.82,2326.6,9.857,-0.643,
exp27_ball_quality,ablationnone__ballspeed12__noplot__servebox,"{""--ablation"": ""none"", ""--ball-speed"": 12, ""--no-plot"": null, ""--serve-box"": null}",33,False,miss,0.311604,1.867513,0.134761,20.0,0.0,1.34,1.0,1.0,0.0,0.311604,0.0,1.5,1119.3,-1.0,-99.0,
exp27_ball_quality,ablationnone__ballspeed12__noplot__servebox,"{""--ablation"": ""none"", ""--ball-speed"": 12, ""--no-plot"": null, ""--serve-box"": null}",34,False,miss,0.301237,1.84436,0.138274,20.0,0.0,1.31,1.0,1.4,0.0,0.301237,0.0,1.49,1178.1,-1.0,-99.0,
exp27_ball_quality,ablationnone__ballspeed12__noplot__servebox,"{""--ablation"": ""none"", ""--ball-speed"": 12, ""--no-plot"": null, ""--serve-box"": null}",29,True,active,0.100998,1.868061,0.089281,40.0,0.0,1.48,0.99,0.9,5.0,0.100998,0.521,1.84,1388.7,9.708,-8.775,
exp27_ball_quality,ablationnone__ballspeed12__noplot__servebox,"{""--ablation"": ""none"", ""--ball-speed"": 12, ""--no-plot"": null, ""--serve-box"": null}",35,True,active,0.116528,1.862056,0.116528,0.0,0.0,1.72,1.0,1.9,10.0,0.116528,1.562,1.4,1068.3,10.262,2.746,
exp27_ball_quality,ablationnone__ballspeed12__noplot__servebox,"{""--ablation"": ""none"", ""--ball-speed"": 12, ""--no-plot"": null, ""--serve-box"": null}",22,True,active,0.05084,1.857353,0.048473,30.0,0.0,1.8,0.99,1.5,15.0,0.05084,1.317,2.86,2220.6,10.702,-4.144,
exp27_ball_quality,ablationnone__ballspeed12__noplot__servebox,"{""--ablation"": ""none"", ""--ball-speed"": 12, ""--no-plot"": null, ""--serve-box"": null}",36,True,active,0.109593,1.876388,0.08743,35.0,0.0,1.79,1.0,1.5,10.0,0.109593,1.228,1.41,1108.1,8.909,-4.195,
exp27_ball_quality,ablationnone__ballspeed12__noplot__servebox,"{""--ablation"": ""none"", ""--ball-speed"": 12, ""--no-plot"": null, ""--serve-box"": null}",38,False,miss,0.327484,1.868928,0.134443,20.0,0.0,1.24,0.99,1.1,0.0,0.327484,0.0,1.48,1127.3,-1.0,-99.0,
exp27_ball_quality,ablationnone__ballspeed12__noplot__servebox,"{""--ablation"": ""none"", ""--ball-speed"": 12, ""--no-plot"": null, ""--serve-box"": null}",40,True,active,0.114782,1.881062,0.060302,40.0,0.0,1.75,1.0,1.1,10.0,0.114782,0.978,1.38,1076.9,9.488,-3.184,
exp27_ball_quality,ablationnone__ballspeed12__noplot__servebox,"{""--ablation"": ""none"", ""--ball-speed"": 12, ""--no-plot"": null, ""--serve-box"": null}",32,True,active,0.116474,1.875198,0.089542,35.0,0.0,1.77,1.0,1.5,10.0,0.116474,1.244,2.75,2153.6,9.618,-3.799,
exp27_ball_quality,ablationnone__ballspeed12__noplot__servebox,"{""--ablation"": ""none"", ""--ball-speed"": 12, ""--no-plot"": null, ""--serve-box"": null}",37,True,active,0.087065,1.873912,0.022887,40.0,0.0,1.77,1.0,1.4,10.0,0.087065,1.711,1.8,1464.9,9.298,-0.373,
exp27_ball_quality,ablationnone__ballspeed12__noplot__servebox,"{""--ablation"": ""none"", ""--ball-speed"": 12, ""--no-plot"": null, ""--serve-box"": null}",30,True,active,0.102423,1.880905,0.043017,40.0,0.0,1.73,0.99,1.4,10.0,0.102423,1.73,2.85,2295.3,9.083,-1.764,
exp27_ball_quality,ablationnone__ballspeed12__noplot__servebox,"{""--ablation"": ""none"", ""--ball-speed"": 12, ""--no-plot"": null, ""--serve-box"": null}",28,True,active,0.020208,1.908863,0.020208,0.0,0.0,1.72,1.0,1.5,15.0,0.020208,1.04,2.93,2318.3,10.1,1.267,
exp27_ball_quality,ablationnone__ballspeed12__noplot__servebox,"{""--ablation"": ""none"", ""--ball-speed"": 12, ""--no-plot"": null, ""--serve-box"": null}",41,True,active,0.139608,1.876627,0.128082,35.0,0.0,1.48,0.99,1.9,0.0,0.139608,0.565,1.55,1176.6,8.48,-8.023,
exp27_ball_quality,ablationnone__ballspeed12__noplot__servebox,"{""--ablation"": ""none"", ""--ball-speed"": 12, ""--no-plot"": null, ""--serve-box"": null}",42,True,active,0.068748,1.861101,0.068748,10.0,0.0,1.79,1.0,2.0,15.0,0.068748,1.792,1.67,1214.0,9.271,-0.906,
exp27_ball_quality,ablationnone__ballspeed12__noplot__servebox,"{""--ablation"": ""none"", ""--ball-speed"": 12, ""--no-plot"": null, ""--serve-box"": null}",44,False,miss,0.27483,1.861049,0.134577,0.0,0.0,1.14,1.0,1.4,0.0,0.27483,0.0,1.48,1107.9,-1.0,-99.0,
exp27_ball_quality,ablationnone__ballspeed12__noplot__servebox,"{""--ablation"": ""none"", ""--ball-speed"": 12, ""--no-plot"": null, ""--serve-box"": null}",45,False,miss,0.300579,1.844064,0.164269,15.0,0.0,1.35,1.0,1.7,0.0,0.300579,0.0,1.49,1164.2,-1.0,-99.0,
exp27_ball_quality,ablationnone__ballspeed12__noplot__servebox,"{""--ablation"": ""none"", ""--ball-speed"": 12, ""--no-plot"": null, ""--serve-box"": null}",48,False,miss,0.300225,1.872576,0.147868,20.0,0.0,1.3,0.98,1.1,0.0,0.300225,0.0,1.55,1154.1,-1.0,-99.0,
exp27_ball_quality,ablationnone__ballspeed12__noplot__servebox,"{""--ablation"": ""none"", ""--ball-speed"": 12, ""--no-plot"": null, ""--serve-box"": null}",49,False,miss,0.315232,1.876187,0.117671,25.0,0.0,1.38,1.0,1.2,0.0,0.315232,0.0,1.52,1204.4,-1.0,-99.0,
exp27_ball_quality,ablationnone__ballspeed12__noplot__servebox,"{""--ablation"": ""none"", ""--ball-speed"": 12, ""--no-plot"": null, ""--serve-box"": null}",51,False,miss,0.336535,1.853169,0.181698,5.0,0.0,1.49,1.0,1.6,0.0,0.336535,0.0,1.43,1115.2,-1.0,-99.0,
exp27_ball_quality,ablationnone__ballspeed12__noplot__servebox,"{""--ablation"": ""none"", ""--ball-speed"": 12, ""--no-plot"": null, ""--serve-box"": null}",53,True,active,0.055356,1.869129,0.055356,30.0,0.0,1.79,0.99,1.9,15.0,0.055356,1.458,1.45,1051.3,9.842,0.121,
exp27_ball_quality,ablationnone__ballspeed12__noplot__servebox,"{""--ablation"": ""none"", ""--ball-speed"": 12, ""--no-plot"": null, ""--serve-box"": null}",39,True,active,0.088176,1.848865,0.080024,40.0,0.0,1.79,0.99,1.9,0.0,0.088176,0.305,2.96,2348.3,9.561,-6.461,
exp27_ball_quality,ablationnone__ballspeed12__noplot__servebox,"{""--ablation"": ""none"", ""--ball-speed"": 12, ""--no-plot"": null, ""--serve-box"": null}",50,False,miss,0.304302,1.83233,0.128704,25.0,0.0,1.17,1.0,1.3,0.0,0.304302,0.0,1.71,1338.4,-1.0,-99.0,
exp27_ball_quality,ablationnone__ballspeed12__noplot__servebox,"{""--ablation"": ""none"", ""--ball-speed"": 12, ""--no-plot"": null, ""--serve-box"": null}",43,False,miss,0.332409,1.861654,0.12607,20.0,0.0,1.55,1.0,1.4,0.0,0.332409,0.0,2.69,2139.8,-1.0,-99.0,
exp27_ball_quality,ablationnone__ballspeed12__noplot__servebox,"{""--ablation"": ""none"", ""--ball-speed"": 12, ""--no-plot"": null, ""--serve-box"": null}",55,False,miss,0.322654,1.847331,0.132987,25.0,0.0,1.36,1.0,1.4,0.0,0.322654,0.0,1.57,1160.5,-1.0,-99.0,
exp27_ball_quality,ablationnone__ballspeed12__noplot__servebox,"{""--ablation"": ""none"", ""--ball-speed"": 12, ""--no-plot"": null, ""--serve-box"": null}",58,True,active,0.115726,1.877682,0.101707,40.0,0.0,1.77,1.0,1.7,5.0,0.115726,1.281,1.37,1043.9,8.514,-3.419,
exp27_ball_quality,ablationnone__ballspeed12__noplot__servebox,"{""--ablation"": ""none"", ""--ball-speed"": 12, ""--no-plot"": null, ""--serve-box"": null}",46,True,active,0.095141,1.89958,0.095141,30.0,0.0,1.62,0.97,1.7,5.0,0.095141,1.236,2.86,2235.2,10.322,-9.574,
exp27_ball_quality,ablationnone__ballspeed12__noplot__servebox,"{""--ablation"": ""none"", ""--ball-speed"": 12, ""--no-plot"": null, ""--serve-box"": null}",57,False,miss,0.32067,1.850423,0.160662,15.0,0.0,1.18,0.99,1.3,0.0,0.32067,0.0,1.58,1079.5,-1.0,-99.0,
exp27_ball_quality,ablationnone__ballspeed12__noplot__servebox,"{""--ablation"": ""none"", ""--ball-speed"": 12, ""--no-plot"": null, ""--serve-box"": null}",47,True,active,0.064134,1.865988,0.052426,35.0,0.0,1.79,0.99,1.5,0.0,0.064134,1.012,2.95,2344.1,10.649,-9.214,
exp27_ball_quality,ablationnone__ballspeed12__noplot__servebox,"{""--ablation"": ""none"", ""--ball-speed"": 12, ""--no-plot"": null, ""--serve-box"": null}",59,True,active,0.034585,1.883643,0.033288,0.0,0.0,1.78,0.99,1.6,15.0,0.034585,1.74,1.68,1326.5,10.051,1.84,
exp27_ball_quality,ablationnone__ballspeed12__noplot__servebox,"{""--ablation"": ""none"", ""--ball-speed"": 12, ""--no-plot"": null, ""--serve-box"": null}",54,True,active,0.060331,1.854645,0.041045,30.0,0.0,1.76,1.0,1.9,10.0,0.060331,1.236,2.15,1712.1,10.479,-2.682,
exp27_ball_quality,ablationnone__ballspeed12__noplot__servebox,"{""--ablation"": ""none"", ""--ball-speed"": 12, ""--no-plot"": null, ""--serve-box"": null}",60,True,active,0.113711,1.872163,0.075602,40.0,0.0,1.45,0.99,1.5,5.0,0.113711,0.883,1.39,1088.6,9.465,-3.107,
exp27_ball_quality,ablationnone__ballspeed12__noplot__servebox,"{""--ablation"": ""none"", ""--ball-speed"": 12, ""--no-plot"": null, ""--serve-box"": null}",61,True,active,0.119889,1.827146,0.06118,40.0,0.0,1.32,0.99,1.5,10.0,0.119889,1.12,1.58,1238.5,8.918,-1.961,
exp27_ball_quality,ablationnone__ballspeed12__noplot__servebox,"{""--ablation"": ""none"", ""--ball-speed"": 12, ""--no-plot"": null, ""--serve-box"": null}",63,True,active,0.045806,1.854393,0.045806,0.0,0.0,1.77,0.99,1.6,10.0,0.045806,1.55,1.43,1101.7,10.048,3.171,
exp27_ball_quality,ablationnone__ballspeed12__noplot__servebox,"{""--ablation"": ""none"", ""--ball-speed"": 12, ""--no-plot"": null, ""--serve-box"": null}",52,True,active,0.082754,1.870593,0.038574,0.0,0.0,1.69,1.0,1.4,10.0,0.082754,1.687,2.94,2357.4,9.88,1.237,
exp27_ball_quality,ablationnone__ballspeed12__noplot__servebox,"{""--ablation"": ""none"", ""--ball-speed"": 12, ""--no-plot"": null, ""--serve-box"": null}",66,False,miss,0.300698,1.834234,0.160894,20.0,0.0,1.23,1.0,1.4,0.0,0.300698,0.0,1.41,1100.7,-1.0,-99.0,
exp27_ball_quality,ablationnone__ballspeed12__noplot__servebox,"{""--ablation"": ""none"", ""--ball-speed"": 12, ""--no-plot"": null, ""--serve-box"": null}",56,False,miss,0.334463,1.841667,0.173401,10.0,0.0,1.28,1.0,1.6,0.0,0.334463,0.0,2.88,2310.0,-1.0,-99.0,
exp27_ball_quality,ablationnone__ballspeed12__noplot__servebox,"{""--ablation"": ""none"", ""--ball-speed"": 12, ""--no-plot"": null, ""--serve-box"": null}",67,False,miss,0.310394,1.866963,0.138316,20.0,0.0,1.23,1.0,1.3,0.0,0.310394,0.0,1.62,1249.2,-1.0,-99.0,
exp27_ball_quality,ablationnone__ballspeed12__noplot__servebox,"{""--ablation"": ""none"", ""--ball-speed"": 12, ""--no-plot"": null, ""--serve-box"": null}",65,False,miss,0.324791,1.890654,0.166835,15.0,0.0,1.38,1.0,1.5,0.0,0.324791,0.0,1.76,1417.2,-1.0,-99.0,
exp27_ball_quality,ablationnone__ballspeed12__noplot__servebox,"{""--ablation"": ""none"", ""--ball-speed"": 12, ""--no-plot"": null, ""--serve-box"": null}",70,False,miss,0.278953,1.870275,0.158428,15.0,0.0,1.15,1.0,1.2,0.0,0.278953,0.0,1.52,1124.6,-1.0,-99.0,
exp27_ball_quality,ablationnone__ballspeed12__noplot__servebox,"{""--ablation"": ""none"", ""--ball-speed"": 12, ""--no-plot"": null, ""--serve-box"": null}",71,False,miss,0.362307,1.889347,0.118185,0.0,0.0,1.49,1.0,1.9,0.0,0.362307,0.0,1.53,1174.7,-1.0,-99.0,
exp27_ball_quality,ablationnone__ballspeed12__noplot__servebox,"{""--ablation"": ""none"", ""--ball-speed"": 12, ""--no-plot"": null, ""--serve-box"": null}",72,True,active,0.129299,1.837574,0.075233,45.0,0.0,1.12,1.0,1.2,0.0,0.129299,0.49,1.54,1187.6,9.13,-5.581,
exp27_ball_quality,ablationnone__ballspeed12__noplot__servebox,"{""--ablation"": ""none"", ""--ball-speed"": 12, ""--no-plot"": null, ""--serve-box"": null}",64,False,miss,0.303346,1.85912,0.128294,20.0,0.0,1.39,0.99,1.4,0.0,0.303346,0.0,2.34,1852.2,-1.0,-99.0,
exp27_ball_quality,ablationnone__ballspeed12__noplot__servebox,"{""--ablation"": ""none"", ""--ball-speed"": 12, ""--no-plot"": null, ""--serve-box"": null}",62,False,miss,0.303747,1.888702,0.125741,20.0,0.0,1.22,1.0,1.1,0.0,0.303747,0.0,2.85,2357.0,-1.0,-99.0,
exp27_ball_quality,ablationnone__ballspeed12__noplot__servebox,"{""--ablation"": ""none"", ""--ball-speed"": 12, ""--no-plot"": null, ""--serve-box"": null}",76,True,active,0.059526,1.861366,0.059526,0.0,0.0,1.78,0.98,2.0,20.0,0.059526,1.523,1.48,1096.1,10.706,-1.004,
exp27_ball_quality,ablationnone__ballspeed12__noplot__servebox,"{""--ablation"": ""none"", ""--ball-speed"": 12, ""--no-plot"": null, ""--serve-box"": null}",78,False,miss,0.340704,1.855921,0.127408,20.0,0.0,1.69,1.0,2.0,0.0,0.340704,0.0,1.39,1062.9,-1.0,-99.0,
exp27_ball_quality,ablationnone__ballspeed12__noplot__servebox,"{""--ablation"": ""none"", ""--ball-speed"": 12, ""--no-plot"": null, ""--serve-box"": null}",77,True,active,0.067584,1.750229,0.067584,0.0,0.0,1.79,1.0,2.2,15.0,0.067584,1.759,1.53,1114.5,9.562,1.199,
exp27_ball_quality,ablationnone__ballspeed12__noplot__servebox,"{""--ablation"": ""none"", ""--ball-speed"": 12, ""--no-plot"": null, ""--serve-box"": null}",74,False,miss,0.299462,1.878796,0.138294,20.0,0.0,1.3,0.99,1.4,0.0,0.299462,0.0,2.36,1984.3,-1.0,-99.0,
exp27_ball_quality,ablationnone__ballspeed12__noplot__servebox,"{""--ablation"": ""none"", ""--ball-speed"": 12, ""--no-plot"": null, ""--serve-box"": null}",80,True,active,0.114606,1.846089,0.096581,35.0,0.0,1.41,1.0,1.5,5.0,0.114606,0.597,1.41,1085.7,8.86,-6.395,
exp27_ball_quality,ablationnone__ballspeed12__noplot__servebox,"{""--ablation"": ""none"", ""--ball-speed"": 12, ""--no-plot"": null, ""--serve-box"": null}",69,False,miss,0.31999,1.86215,0.141953,20.0,0.0,1.51,1.0,1.5,0.0,0.31999,0.0,2.85,2313.1,-1.0,-99.0,
exp27_ball_quality,ablationnone__ballspeed12__noplot__servebox,"{""--ablation"": ""none"", ""--ball-speed"": 12, ""--no-plot"": null, ""--serve-box"": null}",81,True,active,0.118312,1.886623,0.072722,40.0,0.0,1.21,1.0,1.3,5.0,0.118312,0.717,1.49,1099.0,9.686,0.155,
exp27_ball_quality,ablationnone__ballspeed12__noplot__servebox,"{""--ablation"": ""none"", ""--ball-speed"": 12, ""--no-plot"": null, ""--serve-box"": null}",73,False,miss,0.35257,1.862242,0.165025,10.0,0.0,1.19,1.0,1.3,0.0,0.35257,0.0,2.63,2277.7,-1.0,-99.0,
exp27_ball_quality,ablationnone__ballspeed12__noplot__servebox,"{""--ablation"": ""none"", ""--ball-speed"": 12, ""--no-plot"": null, ""--serve-box"": null}",68,True,active,0.099279,1.847035,0.072421,40.0,0.0,1.76,1.0,2.0,15.0,0.099279,0.311,3.02,2373.1,9.802,-9.014,
exp27_ball_quality,ablationnone__ballspeed12__noplot__servebox,"{""--ablation"": ""none"", ""--ball-speed"": 12, ""--no-plot"": null, ""--serve-box"": null}",82,True,active,0.137484,1.840995,0.11282,35.0,0.0,1.26,1.0,1.7,5.0,0.137484,0.415,1.43,1108.5,9.495,-2.699,
exp27_ball_quality,ablationnone__ballspeed12__noplot__servebox,"{""--ablation"": ""none"", ""--ball-speed"": 12, ""--no-plot"": null, ""--serve-box"": null}",83,False,miss,0.2983,1.88998,0.131114,20.0,0.0,1.45,1.0,1.3,0.0,0.2983,0.0,1.46,1078.8,-1.0,-99.0,
exp27_ball_quality,ablationnone__ballspeed12__noplot__servebox,"{""--ablation"": ""none"", ""--ball-speed"": 12, ""--no-plot"": null, ""--serve-box"": null}",79,True,active,0.082246,1.857468,0.082246,10.0,0.0,1.8,0.98,2.2,15.0,0.082246,1.76,2.33,1770.6,10.163,0.184,
exp27_ball_quality,ablationnone__ballspeed12__noplot__servebox,"{""--ablation"": ""none"", ""--ball-speed"": 12, ""--no-plot"": null, ""--serve-box"": null}",84,True,active,0.08756,1.872091,0.044218,35.0,0.0,1.79,1.0,1.6,15.0,0.08756,1.788,1.75,1442.6,9.504,-0.181,
exp27_ball_quality,ablationnone__ballspeed12__noplot__servebox,"{""--ablation"": ""none"", ""--ball-speed"": 12, ""--no-plot"": null, ""--serve-box"": null}",75,True,active,0.087083,1.878076,0.077316,35.0,0.0,1.44,0.99,1.4,5.0,0.087083,0.613,2.88,2329.4,9.23,-5.559,
exp27_ball_quality,ablationnone__ballspeed12__noplot__servebox,"{""--ablation"": ""none"", ""--ball-speed"": 12, ""--no-plot"": null, ""--serve-box"": null}",87,False,miss,0.336324,1.872214,0.122475,20.0,0.0,1.71,0.99,1.3,0.0,0.336324,0.0,1.48,1157.9,-1.0,-99.0,
exp27_ball_quality,ablationnone__ballspeed12__noplot__servebox,"{""--ablation"": ""none"", ""--ball-speed"": 12, ""--no-plot"": null, ""--serve-box"": null}",86,False,miss,0.344689,1.856917,0.135977,0.0,0.0,1.23,1.0,1.2,0.0,0.344689,0.0,1.66,1255.1,-1.0,-99.0,
exp27_ball_quality,ablationnone__ballspeed12__noplot__servebox,"{""--ablation"": ""none"", ""--ball-speed"": 12, ""--no-plot"": null, ""--serve-box"": null}",89,False,miss,0.306129,1.855436,0.12964,20.0,0.0,1.34,0.99,1.2,0.0,0.306129,0.0,1.48,1183.3,-1.0,-99.0,
exp27_ball_quality,ablationnone__ballspeed12__noplot__servebox,"{""--ablation"": ""none"", ""--ball-speed"": 12, ""--no-plot"": null, ""--serve-box"": null}",85,True,active,0.1318,1.900611,0.109897,40.0,0.0,1.77,0.97,1.6,0.0,0.1318,0.708,2.16,1628.2,9.725,-7.509,
exp27_ball_quality,ablationnone__ballspeed12__noplot__servebox,"{""--ablation"": ""none"", ""--ball-speed"": 12, ""--no-plot"": null, ""--serve-box"": null}",94,False,miss,0.313366,1.846067,0.131598,20.0,0.0,1.23,1.0,0.9,0.0,0.313366,0.0,1.46,1123.0,-1.0,-99.0,
exp27_ball_quality,ablationnone__ballspeed12__noplot__servebox,"{""--ablation"": ""none"", ""--ball-speed"": 12, ""--no-plot"": null, ""--serve-box"": null}",95,False,miss,0.345877,1.84596,0.119255,25.0,0.0,1.21,1.0,1.1,0.0,0.345877,0.0,1.47,1077.8,-1.0,-99.0,
exp27_ball_quality,ablationnone__ballspeed12__noplot__servebox,"{""--ablation"": ""none"", ""--ball-speed"": 12, ""--no-plot"": null, ""--serve-box"": null}",91,True,active,0.089649,1.881738,0.066422,40.0,0.0,1.41,1.0,1.3,5.0,0.089649,1.049,1.71,1372.6,9.117,-5.958,
exp27_ball_quality,ablationnone__ballspeed12__noplot__servebox,"{""--ablation"": ""none"", ""--ball-speed"": 12, ""--no-plot"": null, ""--serve-box"": null}",97,False,miss,0.334818,1.853989,0.148964,0.0,0.0,1.09,1.0,1.4,0.0,0.334818,0.0,1.42,1087.8,-1.0,-99.0,
exp27_ball_quality,ablationnone__ballspeed12__noplot__servebox,"{""--ablation"": ""none"", ""--ball-speed"": 12, ""--no-plot"": null, ""--serve-box"": null}",96,False,miss,0.312346,1.856742,0.168432,10.0,0.0,1.21,1.0,1.2,0.0,0.312346,0.0,1.68,1337.3,-1.0,-99.0,
exp27_ball_quality,ablationnone__ballspeed12__noplot__servebox,"{""--ablation"": ""none"", ""--ball-speed"": 12, ""--no-plot"": null, ""--serve-box"": null}",88,False,miss,0.281924,1.881756,0.134625,20.0,0.0,1.47,1.0,1.1,0.0,0.281924,0.0,2.31,1999.8,-1.0,-99.0,
exp27_ball_quality,ablationnone__ballspeed12__noplot__servebox,"{""--ablation"": ""none"", ""--ball-speed"": 12, ""--no-plot"": null, ""--serve-box"": null}",92,False,miss,0.289727,1.858161,0.144396,20.0,0.0,1.21,1.0,1.3,0.0,0.289727,0.0,1.96,1548.3,-1.0,-99.0,
exp27_ball_quality,ablationnone__ballspeed12__noplot__servebox,"{""--ablation"": ""none"", ""--ball-speed"": 12, ""--no-plot"": null, ""--serve-box"": null}",90,True,active,0.099669,1.880689,0.069776,35.0,0.0,1.52,1.0,1.6,10.0,0.099669,1.425,2.19,1887.2,8.916,-1.49,
exp27_ball_quality,ablationnone__ballspeed12__noplot__servebox,"{""--ablation"": ""none"", ""--ball-speed"": 12, ""--no-plot"": null, ""--serve-box"": null}",93,True,active,0.135111,1.846016,0.116507,35.0,0.0,1.49,1.0,1.3,5.0,0.135111,0.683,2.06,1734.6,8.933,-6.041,
exp27_ball_quality,ablationnone__ballspeed12__noplot__servebox,"{""--ablation"": ""none"", ""--ball-speed"": 12, ""--no-plot"": null, ""--serve-box"": null}",99,False,miss,0.318049,1.865842,0.155121,15.0,0.0,1.2,0.99,1.2,0.0,0.318049,0.0,1.45,1124.8,-1.0,-99.0,
exp27_ball_quality,ablationnone__ballspeed12__noplot__servebox,"{""--ablation"": ""none"", ""--ball-speed"": 12, ""--no-plot"": null, ""--serve-box"": null}",98,True,active,0.0791,1.885624,0.041663,0.0,0.0,1.8,0.97,1.8,10.0,0.0791,1.347,1.55,1174.6,10.168,1.89,
exp27_ball_quality,ablationnone__ballspeed12__noplot__servebox,"{""--ablation"": ""none"", ""--ball-speed"": 12, ""--no-plot"": null, ""--serve-box"": null}",100,False,miss,0.289239,1.875259,0.143521,20.0,0.0,1.19,1.0,1.2,0.0,0.289239,0.0,1.44,1033.4,-1.0,-99.0,
