experiment,config_id,config_json,seed,hit,hit_type,pos_error,vel_error,min_dist,ball_near_ms,tube_ready_ms,max_tcp,max_qdot,max_face,hit_time_error_ms,hit_pos_error,v_racket_at_hit,wall_time,error
exp20c_shared_targets,ablationfull__ballspeed9__noplot__perturbsignrandom__randomperturb__servebox__spaceperturbm0.1__spaceperturbminm0.0__spatialperturbtargetballstate,"{""--ablation"": ""full"", ""--ball-speed"": 9, ""--no-plot"": null, ""--perturb-sign"": ""random"", ""--random-perturb"": null, ""--serve-box"": null, ""--space-perturb-m"": 0.1, ""--space-perturb-min-m"": 0.0, ""--spatial-perturb-target"": ""ballstate""}",9,True,active,0.060676,1.95586,0.060676,40.0,105.0,1.8,0.97,2.0,15.0,0.060676,1.729,1.42,
exp20c_shared_targets,ablationfull__ballspeed9__noplot__perturbsignrandom__randomperturb__servebox__spaceperturbm0.1__spaceperturbminm0.0__spatialperturbtargetballstate,"{""--ablation"": ""full"", ""--ball-speed"": 9, ""--no-plot"": null, ""--perturb-sign"": ""random"", ""--random-perturb"": null, ""--serve-box"": null, ""--space-perturb-m"": 0.1, ""--space-perturb-min-m"": 0.0, ""--spatial-perturb-target"": ""ballstate""}",6,True,active,0.084934,1.954718,0.084934,30.0,105.0,1.79,0.99,1.9,20.0,0.084934,1.771,1.43,
exp20c_shared_targets,ablationfull__ballspeed9__noplot__perturbsignrandom__randomperturb__servebox__spaceperturbm0.1__spaceperturbminm0.0__spatialperturbtargetballstate,"{""--ablation"": ""full"", ""--ball-speed"": 9, ""--no-plot"": null, ""--perturb-sign"": ""random"", ""--random-perturb"": null, ""--serve-box"": null, ""--space-perturb-m"": 0.1, ""--space-perturb-min-m"": 0.0, ""--spatial-perturb-target"": ""ballstate""}",3,True,active,0.088481,1.947854,0.083505,40.0,105.0,1.8,1.0,1.9,25.0,0.088481,1.75,1.45,
exp20c_shared_targets,ablationfull__ballspeed9__noplot__perturbsignrandom__randomperturb__servebox__spaceperturbm0.1__spaceperturbminm0.0__spatialperturbtargetballstate,"{""--ablation"": ""full"", ""--ball-speed"": 9, ""--no-plot"": null, ""--perturb-sign"": ""random"", ""--random-perturb"": null, ""--serve-box"": null, ""--space-perturb-m"": 0.1, ""--space-perturb-min-m"": 0.0, ""--spatial-perturb-target"": ""ballstate""}",2,True,active,0.05702,1.975121,0.039266,45.0,105.0,1.79,0.99,1.6,15.0,0.05702,1.743,1.49,
exp20c_shared_targets,ablationfull__ballspeed9__noplot__perturbsignrandom__randomperturb__servebox__spaceperturbm0.1__spaceperturbminm0.0__spatialperturbtargetballstate,"{""--ablation"": ""full"", ""--ball-speed"": 9, ""--no-plot"": null, ""--perturb-sign"": ""random"", ""--random-perturb"": null, ""--serve-box"": null, ""--space-perturb-m"": 0.1, ""--space-perturb-min-m"": 0.0, ""--spatial-perturb-target"": ""ballstate""}",12,True,active,0.076239,1.968211,0.076239,35.0,105.0,1.81,0.96,1.7,25.0,0.076239,1.733,1.56,
exp20c_shared_targets,ablationfull__ballspeed9__noplot__perturbsignrandom__randomperturb__servebox__spaceperturbm0.1__spaceperturbminm0.0__spatialperturbtargetballstate,"{""--ablation"": ""full"", ""--ball-speed"": 9, ""--no-plot"": null, ""--perturb-sign"": ""random"", ""--random-perturb"": null, ""--serve-box"": null, ""--space-perturb-m"": 0.1, ""--space-perturb-min-m"": 0.0, ""--spatial-perturb-target"": ""ballstate""}",8,True,active,0.160178,1.950546,0.146226,30.0,60.0,1.19,1.0,1.4,0.0,0.160178,0.585,1.56,
exp20c_shared_targets,ablationfull__ballspeed9__noplot__perturbsignrandom__randomperturb__servebox__spaceperturbm0.1__spaceperturbminm0.0__spatialperturbtargetballstate,"{""--ablation"": ""full"", ""--ball-speed"": 9, ""--no-plot"": null, ""--perturb-sign"": ""random"", ""--random-perturb"": null, ""--serve-box"": null, ""--space-perturb-m"": 0.1, ""--space-perturb-min-m"": 0.0, ""--spatial-perturb-target"": ""ballstate""}",5,True,active,0.09943,1.950911,0.07352,0.0,0.0,1.8,1.0,1.6,25.0,0.09943,1.694,1.72,
exp20c_shared_targets,ablationfull__ballspeed9__noplot__perturbsignrandom__randomperturb__servebox__spaceperturbm0.1__spaceperturbminm0.0__spatialperturbtargetballstate,"{""--ablation"": ""full"", ""--ball-speed"": 9, ""--no-plot"": null, ""--perturb-sign"": ""random"", ""--random-perturb"": null, ""--serve-box"": null, ""--space-perturb-m"": 0.1, ""--space-perturb-min-m"": 0.0, ""--spatial-perturb-target"": ""ballstate""}",20,,,,,,,,,,,,,,0.19,no_result
exp20c_shared_targets,ablationfull__ballspeed9__noplot__perturbsignrandom__randomperturb__servebox__spaceperturbm0.1__spaceperturbminm0.0__spatialperturbtargetballstate,"{""--ablation"": ""full"", ""--ball-speed"": 9, ""--no-plot"": null, ""--perturb-sign"": ""random"", ""--random-perturb"": null, ""--serve-box"": null, ""--space-perturb-m"": 0.1, ""--space-perturb-min-m"": 0.0, ""--spatial-perturb-target"": ""ballstate""}",13,True,active,0.063849,1.945308,0.063849,40.0,105.0,1.48,0.99,1.3,10.0,0.063849,0.844,1.92,
exp20c_shared_targets,ablationfull__ballspeed9__noplot__perturbsignrandom__randomperturb__servebox__spaceperturbm0.1__spaceperturbminm0.0__spatialperturbtargetballstate,"{""--ablation"": ""full"", ""--ball-speed"": 9, ""--no-plot"": null, ""--perturb-sign"": ""random"", ""--random-perturb"": null, ""--serve-box"": null, ""--space-perturb-m"": 0.1, ""--space-perturb-min-m"": 0.0, ""--spatial-perturb-target"": ""ballstate""}",21,,,,,,,,,,,,,,0.22,no_result
exp20c_shared_targets,ablationfull__ballspeed9__noplot__perturbsignrandom__randomperturb__servebox__spaceperturbm0.1__spaceperturbminm0.0__spatialperturbtargetballstate,"{""--ablation"": ""full"", ""--ball-speed"": 9, ""--no-plot"": null, ""--perturb-sign"": ""random"", ""--random-perturb"": null, ""--serve-box"": null, ""--space-perturb-m"": 0.1, ""--space-perturb-min-m"": 0.0, ""--spatial-perturb-target"": ""ballstate""}",7,True,active,0.045593,1.974371,0.045593,40.0,105.0,1.81,0.99,1.6,20.0,0.045593,1.799,2.05,
exp20c_shared_targets,ablationfull__ballspeed9__noplot__perturbsignrandom__randomperturb__servebox__spaceperturbm0.1__spaceperturbminm0.0__spatialperturbtargetballstate,"{""--ablation"": ""full"", ""--ball-speed"": 9, ""--no-plot"": null, ""--perturb-sign"": ""random"", ""--random-perturb"": null, ""--serve-box"": null, ""--space-perturb-m"": 0.1, ""--space-perturb-min-m"": 0.0, ""--spatial-perturb-target"": ""ballstate""}",14,True,active,0.047882,1.961382,0.047882,40.0,105.0,1.79,0.98,1.6,20.0,0.047882,1.762,2.51,
exp20c_shared_targets,ablationfull__ballspeed9__noplot__perturbsignrandom__randomperturb__servebox__spaceperturbm0.1__spaceperturbminm0.0__spatialperturbtargetballstate,"{""--ablation"": ""full"", ""--ball-speed"": 9, ""--no-plot"": null, ""--perturb-sign"": ""random"", ""--random-perturb"": null, ""--serve-box"": null, ""--space-perturb-m"": 0.1, ""--space-perturb-min-m"": 0.0, ""--spatial-perturb-target"": ""ballstate""}",10,True,active,0.067067,1.992691,0.066952,40.0,105.0,1.81,1.0,1.8,20.0,0.067067,1.653,2.82,
exp20c_shared_targets,ablationfull__ballspeed9__noplot__perturbsignrandom__randomperturb__servebox__spaceperturbm0.1__spaceperturbminm0.0__spatialperturbtargetballstate,"{""--ablation"": ""full"", ""--ball-speed"": 9, ""--no-plot"": null, ""--perturb-sign"": ""random"", ""--random-perturb"": null, ""--serve-box"": null, ""--space-perturb-m"": 0.1, ""--space-perturb-min-m"": 0.0, ""--spatial-perturb-target"": ""ballstate""}",16,True,active,0.097041,1.950087,0.090187,35.0,105.0,1.79,1.0,1.4,20.0,0.097041,1.632,1.39,
exp20c_shared_targets,ablationfull__ballspeed9__noplot__perturbsignrandom__randomperturb__servebox__spaceperturbm0.1__spaceperturbminm0.0__spatialperturbtargetballstate,"{""--ablation"": ""full"", ""--ball-speed"": 9, ""--no-plot"": null, ""--perturb-sign"": ""random"", ""--random-perturb"": null, ""--serve-box"": null, ""--space-perturb-m"": 0.1, ""--space-perturb-min-m"": 0.0, ""--spatial-perturb-target"": ""ballstate""}",18,True,active,0.065184,1.973314,0.065184,40.0,105.0,1.81,0.97,1.9,20.0,0.065184,1.73,1.35,
exp20c_shared_targets,ablationfull__ballspeed9__noplot__perturbsignrandom__randomperturb__servebox__spaceperturbm0.1__spaceperturbminm0.0__spatialperturbtargetballstate,"{""--ablation"": ""full"", ""--ball-speed"": 9, ""--no-plot"": null, ""--perturb-sign"": ""random"", ""--random-perturb"": null, ""--serve-box"": null, ""--space-perturb-m"": 0.1, ""--space-perturb-min-m"": 0.0, ""--spatial-perturb-target"": ""ballstate""}",17,True,active,0.150993,1.917952,0.137924,40.0,70.0,1.44,1.0,1.4,5.0,0.150993,0.939,1.42,
exp20c_shared_targets,ablationfull__ballspeed9__noplot__perturbsignrandom__randomperturb__servebox__spaceperturbm0.1__spaceperturbminm0.0__spatialperturbtargetballstate,"{""--ablation"": ""full"", ""--ball-speed"": 9, ""--no-plot"": null, ""--perturb-sign"": ""random"", ""--random-perturb"": null, ""--serve-box"": null, ""--space-perturb-m"": 0.1, ""--space-perturb-min-m"": 0.0, ""--spatial-perturb-target"": ""ballstate""}",19,True,active,0.083217,1.969273,0.068982,0.0,0.0,1.79,0.97,1.6,25.0,0.083217,1.78,1.35,
exp20c_shared_targets,ablationfull__ballspeed9__noplot__perturbsignrandom__randomperturb__servebox__spaceperturbm0.1__spaceperturbminm0.0__spatialperturbtargetballstate,"{""--ablation"": ""full"", ""--ball-speed"": 9, ""--no-plot"": null, ""--perturb-sign"": ""random"", ""--random-perturb"": null, ""--serve-box"": null, ""--space-perturb-m"": 0.1, ""--space-perturb-min-m"": 0.0, ""--spatial-perturb-target"": ""ballstate""}",15,True,active,0.049941,1.959527,0.049941,0.0,10.0,1.68,0.93,2.0,10.0,0.049941,1.684,1.55,
exp20c_shared_targets,ablationfull__ballspeed9__noplot__perturbsignrandom__randomperturb__servebox__spaceperturbm0.1__spaceperturbminm0.0__spatialperturbtargetballstate,"{""--ablation"": ""full"", ""--ball-speed"": 9, ""--no-plot"": null, ""--perturb-sign"": ""random"", ""--random-perturb"": null, ""--serve-box"": null, ""--space-perturb-m"": 0.1, ""--space-perturb-min-m"": 0.0, ""--spatial-perturb-target"": ""ballstate""}",4,False,miss,0.383489,1.955682,0.151134,25.0,0.0,1.75,0.99,1.7,0.0,0.383489,0.0,2.98,
exp20c_shared_targets,ablationfull__ballspeed9__noplot__perturbsignrandom__randomperturb__servebox__spaceperturbm0.1__spaceperturbminm0.0__spatialperturbtargetballstate,"{""--ablation"": ""full"", ""--ball-speed"": 9, ""--no-plot"": null, ""--perturb-sign"": ""random"", ""--random-perturb"": null, ""--serve-box"": null, ""--space-perturb-m"": 0.1, ""--space-perturb-min-m"": 0.0, ""--spatial-perturb-target"": ""ballstate""}",11,True,active,0.132612,1.949296,0.123739,35.0,105.0,1.8,0.98,1.7,10.0,0.132612,1.787,2.99,
exp20c_shared_targets,ablationfull__ballspeed9__noplot__perturbsignrandom__randomperturb__servebox__spaceperturbm0.1__spaceperturbminm0.0__spatialperturbtargetballstate,"{""--ablation"": ""full"", ""--ball-speed"": 9, ""--no-plot"": null, ""--perturb-sign"": ""random"", ""--random-perturb"": null, ""--serve-box"": null, ""--space-perturb-m"": 0.1, ""--space-perturb-min-m"": 0.0, ""--spatial-perturb-target"": ""ballstate""}",1,True,active,0.082707,1.955252,0.082707,35.0,105.0,1.8,1.0,2.0,20.0,0.082707,1.577,3.11,
exp20c_shared_targets,ablationfull__ballspeed9__noplot__perturbsignrandom__randomperturb__servebox__spaceperturbm0.1__spaceperturbminm0.0__spatialperturbtargetballstate,"{""--ablation"": ""full"", ""--ball-speed"": 9, ""--no-plot"": null, ""--perturb-sign"": ""random"", ""--random-perturb"": null, ""--serve-box"": null, ""--space-perturb-m"": 0.1, ""--space-perturb-min-m"": 0.0, ""--spatial-perturb-target"": ""ballstate""}",23,True,active,0.064781,1.948561,0.064781,35.0,105.0,1.8,0.99,1.8,10.0,0.064781,1.753,1.41,
exp20c_shared_targets,ablationfull__ballspeed9__noplot__perturbsignrandom__randomperturb__servebox__spaceperturbm0.1__spaceperturbminm0.0__spatialperturbtargetballstate,"{""--ablation"": ""full"", ""--ball-speed"": 9, ""--no-plot"": null, ""--perturb-sign"": ""random"", ""--random-perturb"": null, ""--serve-box"": null, ""--space-perturb-m"": 0.1, ""--space-perturb-min-m"": 0.0, ""--spatial-perturb-target"": ""ballstate""}",25,False,miss,0.427406,1.962618,0.184845,0.0,0.0,1.79,1.0,2.1,0.0,0.427406,0.0,1.39,
exp20c_shared_targets,ablationfull__ballspeed9__noplot__perturbsignrandom__randomperturb__servebox__spaceperturbm0.1__spaceperturbminm0.0__spatialperturbtargetballstate,"{""--ablation"": ""full"", ""--ball-speed"": 9, ""--no-plot"": null, ""--perturb-sign"": ""random"", ""--random-perturb"": null, ""--serve-box"": null, ""--space-perturb-m"": 0.1, ""--space-perturb-min-m"": 0.0, ""--spatial-perturb-target"": ""ballstate""}",24,False,miss,0.321691,1.932657,0.145239,25.0,40.0,1.35,1.0,1.4,0.0,0.321691,0.0,2.04,
exp20c_shared_targets,ablationfull__ballspeed9__noplot__perturbsignrandom__randomperturb__servebox__spaceperturbm0.1__spaceperturbminm0.0__spatialperturbtargetballstate,"{""--ablation"": ""full"", ""--ball-speed"": 9, ""--no-plot"": null, ""--perturb-sign"": ""random"", ""--random-perturb"": null, ""--serve-box"": null, ""--space-perturb-m"": 0.1, ""--space-perturb-min-m"": 0.0, ""--spatial-perturb-target"": ""ballstate""}",22,True,active,0.113188,1.887868,0.097746,0.0,0.0,1.78,1.0,1.9,20.0,0.113188,1.587,2.27,
exp20c_shared_targets,ablationfull__ballspeed9__noplot__perturbsignrandom__randomperturb__servebox__spaceperturbm0.1__spaceperturbminm0.0__spatialperturbtargetballstate,"{""--ablation"": ""full"", ""--ball-speed"": 9, ""--no-plot"": null, ""--perturb-sign"": ""random"", ""--random-perturb"": null, ""--serve-box"": null, ""--space-perturb-m"": 0.1, ""--space-perturb-min-m"": 0.0, ""--spatial-perturb-target"": ""ballstate""}",28,True,active,0.109983,1.940036,0.094757,0.0,0.0,1.8,1.0,1.6,20.0,0.109983,1.72,1.43,
exp20c_shared_targets,ablationfull__ballspeed9__noplot__perturbsignrandom__randomperturb__servebox__spaceperturbm0.1__spaceperturbminm0.0__spatialperturbtargetballstate,"{""--ablation"": ""full"", ""--ball-speed"": 9, ""--no-plot"": null, ""--perturb-sign"": ""random"", ""--random-perturb"": null, ""--serve-box"": null, ""--space-perturb-m"": 0.1, ""--space-perturb-min-m"": 0.0, ""--spatial-perturb-target"": ""ballstate""}",31,False,miss,0.367622,1.951119,0.152001,20.0,0.0,1.59,0.99,1.8,0.0,0.367622,0.0,1.39,
exp20c_shared_targets,ablationfull__ballspeed9__noplot__perturbsignrandom__randomperturb__servebox__spaceperturbm0.1__spaceperturbminm0.0__spatialperturbtargetballstate,"{""--ablation"": ""full"", ""--ball-speed"": 9, ""--no-plot"": null, ""--perturb-sign"": ""random"", ""--random-perturb"": null, ""--serve-box"": null, ""--space-perturb-m"": 0.1, ""--space-perturb-min-m"": 0.0, ""--spatial-perturb-target"": ""ballstate""}",32,False,miss,0.36803,1.940603,0.162436,15.0,0.0,1.81,0.97,1.6,0.0,0.36803,0.0,1.36,
exp20c_shared_targets,ablationfull__ballspeed9__noplot__perturbsignrandom__randomperturb__servebox__spaceperturbm0.1__spaceperturbminm0.0__spatialperturbtargetballstate,"{""--ablation"": ""full"", ""--ball-speed"": 9, ""--no-plot"": null, ""--perturb-sign"": ""random"", ""--random-perturb"": null, ""--serve-box"": null, ""--space-perturb-m"": 0.1, ""--space-perturb-min-m"": 0.0, ""--spatial-perturb-target"": ""ballstate""}",29,True,active,0.072823,1.892256,0.072823,50.0,105.0,1.17,1.0,1.2,15.0,0.072823,1.167,1.65,
exp20c_shared_targets,ablationfull__ballspeed9__noplot__perturbsignrandom__randomperturb__servebox__spaceperturbm0.1__spaceperturbminm0.0__spatialperturbtargetballstate,"{""--ablation"": ""full"", ""--ball-speed"": 9, ""--no-plot"": null, ""--perturb-sign"": ""random"", ""--random-perturb"": null, ""--serve-box"": null, ""--space-perturb-m"": 0.1, ""--space-perturb-min-m"": 0.0, ""--spatial-perturb-target"": ""ballstate""}",35,True,active,0.091664,1.9538,0.040642,40.0,95.0,1.8,0.98,1.6,25.0,0.091664,1.706,1.41,
exp20c_shared_targets,ablationfull__ballspeed9__noplot__perturbsignrandom__randomperturb__servebox__spaceperturbm0.1__spaceperturbminm0.0__spatialperturbtargetballstate,"{""--ablation"": ""full"", ""--ball-speed"": 9, ""--no-plot"": null, ""--perturb-sign"": ""random"", ""--random-perturb"": null, ""--serve-box"": null, ""--space-perturb-m"": 0.1, ""--space-perturb-min-m"": 0.0, ""--spatial-perturb-target"": ""ballstate""}",36,True,active,0.120367,1.931113,0.111894,40.0,105.0,1.61,1.0,1.8,5.0,0.120367,0.94,1.33,
exp20c_shared_targets,ablationfull__ballspeed9__noplot__perturbsignrandom__randomperturb__servebox__spaceperturbm0.1__spaceperturbminm0.0__spatialperturbtargetballstate,"{""--ablation"": ""full"", ""--ball-speed"": 9, ""--no-plot"": null, ""--perturb-sign"": ""random"", ""--random-perturb"": null, ""--serve-box"": null, ""--space-perturb-m"": 0.1, ""--space-perturb-min-m"": 0.0, ""--spatial-perturb-target"": ""ballstate""}",33,True,active,0.049133,1.954029,0.049133,40.0,105.0,1.8,0.91,1.7,15.0,0.049133,1.723,1.82,
exp20c_shared_targets,ablationfull__ballspeed9__noplot__perturbsignrandom__randomperturb__servebox__spaceperturbm0.1__spaceperturbminm0.0__spatialperturbtargetballstate,"{""--ablation"": ""full"", ""--ball-speed"": 9, ""--no-plot"": null, ""--perturb-sign"": ""random"", ""--random-perturb"": null, ""--serve-box"": null, ""--space-perturb-m"": 0.1, ""--space-perturb-min-m"": 0.0, ""--spatial-perturb-target"": ""ballstate""}",34,True,active,0.109608,1.95855,0.109608,30.0,105.0,1.8,0.98,1.9,20.0,0.109608,1.684,1.93,
exp20c_shared_targets,ablationfull__ballspeed9__noplot__perturbsignrandom__randomperturb__servebox__spaceperturbm0.1__spaceperturbminm0.0__spatialperturbtargetballstate,"{""--ablation"": ""full"", ""--ball-speed"": 9, ""--no-plot"": null, ""--perturb-sign"": ""random"", ""--random-perturb"": null, ""--serve-box"": null, ""--space-perturb-m"": 0.1, ""--space-perturb-min-m"": 0.0, ""--spatial-perturb-target"": ""ballstate""}",26,True,active,0.100252,1.961196,0.100252,35.0,105.0,1.64,1.0,1.6,15.0,0.100252,1.605,2.52,
exp20c_shared_targets,ablationfull__ballspeed9__noplot__perturbsignrandom__randomperturb__servebox__spaceperturbm0.1__spaceperturbminm0.0__spatialperturbtargetballstate,"{""--ablation"": ""full"", ""--ball-speed"": 9, ""--no-plot"": null, ""--perturb-sign"": ""random"", ""--random-perturb"": null, ""--serve-box"": null, ""--space-perturb-m"": 0.1, ""--space-perturb-min-m"": 0.0, ""--spatial-perturb-target"": ""ballstate""}",37,True,active,0.065786,1.954646,0.061221,45.0,105.0,1.79,0.99,2.1,20.0,0.065786,1.713,1.77,
exp20c_shared_targets,ablationfull__ballspeed9__noplot__perturbsignrandom__randomperturb__servebox__spaceperturbm0.1__spaceperturbminm0.0__spatialperturbtargetballstate,"{""--ablation"": ""full"", ""--ball-speed"": 9, ""--no-plot"": null, ""--perturb-sign"": ""random"", ""--random-perturb"": null, ""--serve-box"": null, ""--space-perturb-m"": 0.1, ""--space-perturb-min-m"": 0.0, ""--spatial-perturb-target"": ""ballstate""}",27,True,active,0.049435,1.990787,0.02723,45.0,105.0,1.73,1.0,1.6,5.0,0.049435,1.376,2.59,
exp20c_shared_targets,ablationfull__ballspeed9__noplot__perturbsignrandom__randomperturb__servebox__spaceperturbm0.1__spaceperturbminm0.0__spatialperturbtargetballstate,"{""--ablation"": ""full"", ""--ball-speed"": 9, ""--no-plot"": null, ""--perturb-sign"": ""random"", ""--random-perturb"": null, ""--serve-box"": null, ""--space-perturb-m"": 0.1, ""--space-perturb-min-m"": 0.0, ""--spatial-perturb-target"": ""ballstate""}",39,True,active,0.078935,1.900941,0.075004,45.0,105.0,1.54,1.0,1.8,5.0,0.078935,1.131,1.47,
exp20c_shared_targets,ablationfull__ballspeed9__noplot__perturbsignrandom__randomperturb__servebox__spaceperturbm0.1__spaceperturbminm0.0__spatialperturbtargetballstate,"{""--ablation"": ""full"", ""--ball-speed"": 9, ""--no-plot"": null, ""--perturb-sign"": ""random"", ""--random-perturb"": null, ""--serve-box"": null, ""--space-perturb-m"": 0.1, ""--space-perturb-min-m"": 0.0, ""--spatial-perturb-target"": ""ballstate""}",38,False,miss,0.386337,1.950275,0.14959,25.0,20.0,1.79,0.99,2.0,0.0,0.386337,0.0,1.53,
exp20c_shared_targets,ablationfull__ballspeed9__noplot__perturbsignrandom__randomperturb__servebox__spaceperturbm0.1__spaceperturbminm0.0__spatialperturbtargetballstate,"{""--ablation"": ""full"", ""--ball-speed"": 9, ""--no-plot"": null, ""--perturb-sign"": ""random"", ""--random-perturb"": null, ""--serve-box"": null, ""--space-perturb-m"": 0.1, ""--space-perturb-min-m"": 0.0, ""--spatial-perturb-target"": ""ballstate""}",30,True,active,0.073887,1.951588,0.057878,35.0,70.0,1.78,0.98,1.7,20.0,0.073887,1.764,2.77,
exp20c_shared_targets,ablationfull__ballspeed9__noplot__perturbsignrandom__randomperturb__servebox__spaceperturbm0.1__spaceperturbminm0.0__spatialperturbtargetballstate,"{""--ablation"": ""full"", ""--ball-speed"": 9, ""--no-plot"": null, ""--perturb-sign"": ""random"", ""--random-perturb"": null, ""--serve-box"": null, ""--space-perturb-m"": 0.1, ""--space-perturb-min-m"": 0.0, ""--spatial-perturb-target"": ""ballstate""}",42,True,active,0.147631,1.93473,0.140314,30.0,55.0,1.77,1.0,1.6,20.0,0.147631,1.65,1.47,
exp20c_shared_targets,ablationfull__ballspeed9__noplot__perturbsignrandom__randomperturb__servebox__spaceperturbm0.1__spaceperturbminm0.0__spatialperturbtargetballstate,"{""--ablation"": ""full"", ""--ball-speed"": 9, ""--no-plot"": null, ""--perturb-sign"": ""random"", ""--random-perturb"": null, ""--serve-box"": null, ""--space-perturb-m"": 0.1, ""--space-perturb-min-m"": 0.0, ""--spatial-perturb-target"": ""ballstate""}",43,True,active,0.120318,1.974374,0.119167,30.0,105.0,1.81,1.0,1.8,20.0,0.120318,1.788,1.34,
exp20c_shared_targets,ablationfull__ballspeed9__noplot__perturbsignrandom__randomperturb__servebox__spaceperturbm0.1__spaceperturbminm0.0__spatialperturbtargetballstate,"{""--ablation"": ""full"", ""--ball-speed"": 9, ""--no-plot"": null, ""--perturb-sign"": ""random"", ""--random-perturb"": null, ""--serve-box"": null, ""--space-perturb-m"": 0.1, ""--space-perturb-min-m"": 0.0, ""--spatial-perturb-target"": ""ballstate""}",45,True,active,0.084356,1.974291,0.079287,40.0,105.0,1.79,1.0,1.8,20.0,0.084356,1.753,1.35,
exp20c_shared_targets,ablationfull__ballspeed9__noplot__perturbsignrandom__randomperturb__servebox__spaceperturbm0.1__spaceperturbminm0.0__spatialperturbtargetballstate,"{""--ablation"": ""full"", ""--ball-speed"": 9, ""--no-plot"": null, ""--perturb-sign"": ""random"", ""--random-perturb"": null, ""--serve-box"": null, ""--space-perturb-m"": 0.1, ""--space-perturb-min-m"": 0.0, ""--spatial-perturb-target"": ""ballstate""}",46,True,active,0.03254,1.960768,0.03254,45.0,105.0,1.5,1.0,1.7,5.0,0.03254,0.414,1.52,
exp20c_shared_targets,ablationfull__ballspeed9__noplot__perturbsignrandom__randomperturb__servebox__spaceperturbm0.1__spaceperturbminm0.0__spatialperturbtargetballstate,"{""--ablation"": ""full"", ""--ball-speed"": 9, ""--no-plot"": null, ""--perturb-sign"": ""random"", ""--random-perturb"": null, ""--serve-box"": null, ""--space-perturb-m"": 0.1, ""--space-perturb-min-m"": 0.0, ""--spatial-perturb-target"": ""ballstate""}",48,True,active,0.122304,1.963428,0.120565,35.0,105.0,1.6,0.99,1.8,15.0,0.122304,1.384,1.51,
exp20c_shared_targets,ablationfull__ballspeed9__noplot__perturbsignrandom__randomperturb__servebox__spaceperturbm0.1__spaceperturbminm0.0__spatialperturbtargetballstate,"{""--ablation"": ""full"", ""--ball-speed"": 9, ""--no-plot"": null, ""--perturb-sign"": ""random"", ""--random-perturb"": null, ""--serve-box"": null, ""--space-perturb-m"": 0.1, ""--space-perturb-min-m"": 0.0, ""--spatial-perturb-target"": ""ballstate""}",49,True,active,0.118993,1.977766,0.118993,30.0,105.0,1.79,1.0,2.0,20.0,0.118993,1.768,1.38,
exp20c_shared_targets,ablationfull__ballspeed9__noplot__perturbsignrandom__randomperturb__servebox__spaceperturbm0.1__spaceperturbminm0.0__spatialperturbtargetballstate,"{""--ablation"": ""full"", ""--ball-speed"": 9, ""--no-plot"": null, ""--perturb-sign"": ""random"", ""--random-perturb"": null, ""--serve-box"": null, ""--space-perturb-m"": 0.1, ""--space-perturb-min-m"": 0.0, ""--spatial-perturb-target"": ""ballstate""}",41,True,active,0.078777,1.963181,0.078777,40.0,105.0,1.8,0.99,1.8,10.0,0.078777,1.358,2.34,
exp20c_shared_targets,ablationfull__ballspeed9__noplot__perturbsignrandom__randomperturb__servebox__spaceperturbm0.1__spaceperturbminm0.0__spatialperturbtargetballstate,"{""--ablation"": ""full"", ""--ball-speed"": 9, ""--no-plot"": null, ""--perturb-sign"": ""random"", ""--random-perturb"": null, ""--serve-box"": null, ""--space-perturb-m"": 0.1, ""--space-perturb-min-m"": 0.0, ""--spatial-perturb-target"": ""ballstate""}",47,True,active,0.150918,1.928951,0.141412,35.0,75.0,1.77,1.0,1.7,10.0,0.150918,1.59,1.94,
exp20c_shared_targets,ablationfull__ballspeed9__noplot__perturbsignrandom__randomperturb__servebox__spaceperturbm0.1__spaceperturbminm0.0__spatialperturbtargetballstate,"{""--ablation"": ""full"", ""--ball-speed"": 9, ""--no-plot"": null, ""--perturb-sign"": ""random"", ""--random-perturb"": null, ""--serve-box"": null, ""--space-perturb-m"": 0.1, ""--space-perturb-min-m"": 0.0, ""--spatial-perturb-target"": ""ballstate""}",51,False,miss,0.393954,1.934764,0.179175,10.0,0.0,1.74,1.0,1.7,0.0,0.393954,0.0,1.41,
exp20c_shared_targets,ablationfull__ballspeed9__noplot__perturbsignrandom__randomperturb__servebox__spaceperturbm0.1__spaceperturbminm0.0__spatialperturbtargetballstate,"{""--ablation"": ""full"", ""--ball-speed"": 9, ""--no-plot"": null, ""--perturb-sign"": ""random"", ""--random-perturb"": null, ""--serve-box"": null, ""--space-perturb-m"": 0.1, ""--space-perturb-min-m"": 0.0, ""--spatial-perturb-target"": ""ballstate""}",44,False,miss,0.382134,1.939929,0.161298,20.0,0.0,1.8,1.0,1.7,0.0,0.382134,0.0,2.4,
exp20c_shared_targets,ablationfull__ballspeed9__noplot__perturbsignrandom__randomperturb__servebox__spaceperturbm0.1__spaceperturbminm0.0__spatialperturbtargetballstate,"{""--ablation"": ""full"", ""--ball-speed"": 9, ""--no-plot"": null, ""--perturb-sign"": ""random"", ""--random-perturb"": null, ""--serve-box"": null, ""--space-perturb-m"": 0.1, ""--space-perturb-min-m"": 0.0, ""--spatial-perturb-target"": ""ballstate""}",40,True,active,0.08227,1.946476,0.080483,40.0,105.0,1.79,1.0,1.8,15.0,0.08227,1.761,2.85,
exp20c_shared_targets,ablationfull__ballspeed9__noplot__perturbsignrandom__randomperturb__servebox__spaceperturbm0.1__spaceperturbminm0.0__spatialperturbtargetballstate,"{""--ablation"": ""full"", ""--ball-speed"": 9, ""--no-plot"": null, ""--perturb-sign"": ""random"", ""--random-perturb"": null, ""--serve-box"": null, ""--space-perturb-m"": 0.1, ""--space-perturb-min-m"": 0.0, ""--spatial-perturb-target"": ""ballstate""}",55,True,active,0.049794,1.961715,0.025371,45.0,95.0,1.79,0.98,1.6,20.0,0.049794,1.768,1.34,
exp20c_shared_targets,ablationfull__ballspeed9__noplot__perturbsignrandom__randomperturb__servebox__spaceperturbm0.1__spaceperturbminm0.0__spatialperturbtargetballstate,"{""--ablation"": ""full"", ""--ball-speed"": 9, ""--no-plot"": null, ""--perturb-sign"": ""random"", ""--random-perturb"": null, ""--serve-box"": null, ""--space-perturb-m"": 0.1, ""--space-perturb-min-m"": 0.0, ""--spatial-perturb-target"": ""ballstate""}",54,True,active,0.072623,1.978052,0.05862,40.0,105.0,1.81,0.99,1.6,15.0,0.072623,1.232,1.41,
exp20c_shared_targets,ablationfull__ballspeed9__noplot__perturbsignrandom__randomperturb__servebox__spaceperturbm0.1__spaceperturbminm0.0__spatialperturbtargetballstate,"{""--ablation"": ""full"", ""--ball-speed"": 9, ""--no-plot"": null, ""--perturb-sign"": ""random"", ""--random-perturb"": null, ""--serve-box"": null, ""--space-perturb-m"": 0.1, ""--space-perturb-min-m"": 0.0, ""--spatial-perturb-target"": ""ballstate""}",56,True,active,0.125203,1.941525,0.107888,0.0,0.0,1.76,1.0,2.2,20.0,0.125203,1.754,1.38,
exp20c_shared_targets,ablationfull__ballspeed9__noplot__perturbsignrandom__randomperturb__servebox__spaceperturbm0.1__spaceperturbminm0.0__spatialperturbtargetballstate,"{""--ablation"": ""full"", ""--ball-speed"": 9, ""--no-plot"": null, ""--perturb-sign"": ""random"", ""--random-perturb"": null, ""--serve-box"": null, ""--space-perturb-m"": 0.1, ""--space-perturb-min-m"": 0.0, ""--spatial-perturb-target"": ""ballstate""}",50,True,active,0.140069,1.923356,0.129381,35.0,90.0,1.79,1.0,1.7,20.0,0.140069,1.557,2.07,
exp20c_shared_targets,ablationfull__ballspeed9__noplot__perturbsignrandom__randomperturb__servebox__spaceperturbm0.1__spaceperturbminm0.0__spatialperturbtargetballstate,"{""--ablation"": ""full"", ""--ball-speed"": 9, ""--no-plot"": null, ""--perturb-sign"": ""random"", ""--random-perturb"": null, ""--serve-box"": null, ""--space-perturb-m"": 0.1, ""--space-perturb-min-m"": 0.0, ""--spatial-perturb-target"": ""ballstate""}",58,True,active,0.049623,1.872048,0.03533,45.0,105.0,1.56,1.0,1.7,5.0,0.049623,1.1,1.47,
exp20c_shared_targets,ablationfull__ballspeed9__noplot__perturbsignrandom__randomperturb__servebox__spaceperturbm0.1__spaceperturbminm0.0__spatialperturbtargetballstate,"{""--ablation"": ""full"", ""--ball-speed"": 9, ""--no-plot"": null, ""--perturb-sign"": ""random"", ""--random-perturb"": null, ""--serve-box"": null, ""--space-perturb-m"": 0.1, ""--space-perturb-min-m"": 0.0, ""--spatial-perturb-target"": ""ballstate""}",57,True,active,0.074691,1.949826,0.066269,0.0,0.0,1.79,0.95,1.8,20.0,0.074691,1.744,1.7,
exp20c_shared_targets,ablationfull__ballspeed9__noplot__perturbsignrandom__randomperturb__servebox__spaceperturbm0.1__spaceperturbminm0.0__spatialperturbtargetballstate,"{""--ablation"": ""full"", ""--ball-speed"": 9, ""--no-plot"": null, ""--perturb-sign"": ""random"", ""--random-perturb"": null, ""--serve-box"": null, ""--space-perturb-m"": 0.1, ""--space-perturb-min-m"": 0.0, ""--spatial-perturb-target"": ""ballstate""}",59,True,active,0.049485,1.999905,0.049485,35.0,105.0,1.8,1.0,1.9,30.0,0.049485,1.677,1.42,
exp20c_shared_targets,ablationfull__ballspeed9__noplot__perturbsignrandom__randomperturb__servebox__spaceperturbm0.1__spaceperturbminm0.0__spatialperturbtargetballstate,"{""--ablation"": ""full"", ""--ball-speed"": 9, ""--no-plot"": null, ""--perturb-sign"": ""random"", ""--random-perturb"": null, ""--serve-box"": null, ""--space-perturb-m"": 0.1, ""--space-perturb-min-m"": 0.0, ""--spatial-perturb-target"": ""ballstate""}",61,True,active,0.104159,1.968964,0.09086,35.0,105.0,1.81,0.99,1.9,25.0,0.104159,1.718,1.36,
exp20c_shared_targets,ablationfull__ballspeed9__noplot__perturbsignrandom__randomperturb__servebox__spaceperturbm0.1__spaceperturbminm0.0__spatialperturbtargetballstate,"{""--ablation"": ""full"", ""--ball-speed"": 9, ""--no-plot"": null, ""--perturb-sign"": ""random"", ""--random-perturb"": null, ""--serve-box"": null, ""--space-perturb-m"": 0.1, ""--space-perturb-min-m"": 0.0, ""--spatial-perturb-target"": ""ballstate""}",52,True,active,0.099058,1.949882,0.084636,35.0,105.0,1.79,0.96,1.5,25.0,0.099058,1.772,2.78,
exp20c_shared_targets,ablationfull__ballspeed9__noplot__perturbsignrandom__randomperturb__servebox__spaceperturbm0.1__spaceperturbminm0.0__spatialperturbtargetballstate,"{""--ablation"": ""full"", ""--ball-speed"": 9, ""--no-plot"": null, ""--perturb-sign"": ""random"", ""--random-perturb"": null, ""--serve-box"": null, ""--space-perturb-m"": 0.1, ""--space-perturb-min-m"": 0.0, ""--spatial-perturb-target"": ""ballstate""}",65,True,active,0.040128,1.949708,0.040128,40.0,105.0,1.79,1.0,2.1,20.0,0.040128,1.787,1.35,
exp20c_shared_targets,ablationfull__ballspeed9__noplot__perturbsignrandom__randomperturb__servebox__spaceperturbm0.1__spaceperturbminm0.0__spatialperturbtargetballstate,"{""--ablation"": ""full"", ""--ball-speed"": 9, ""--no-plot"": null, ""--perturb-sign"": ""random"", ""--random-perturb"": null, ""--serve-box"": null, ""--space-perturb-m"": 0.1, ""--space-perturb-min-m"": 0.0, ""--spatial-perturb-target"": ""ballstate""}",53,True,active,0.056103,1.971919,0.056103,10.0,60.0,1.81,1.0,2.0,25.0,0.056103,1.781,3.03,
exp20c_shared_targets,ablationfull__ballspeed9__noplot__perturbsignrandom__randomperturb__servebox__spaceperturbm0.1__spaceperturbminm0.0__spatialperturbtargetballstate,"{""--ablation"": ""full"", ""--ball-speed"": 9, ""--no-plot"": null, ""--perturb-sign"": ""random"", ""--random-perturb"": null, ""--serve-box"": null, ""--space-perturb-m"": 0.1, ""--space-perturb-min-m"": 0.0, ""--spatial-perturb-target"": ""ballstate""}",67,True,active,0.150676,1.937807,0.141886,40.0,55.0,1.4,1.0,1.8,10.0,0.150676,1.16,1.35,
exp20c_shared_targets,ablationfull__ballspeed9__noplot__perturbsignrandom__randomperturb__servebox__spaceperturbm0.1__spaceperturbminm0.0__spatialperturbtargetballstate,"{""--ablation"": ""full"", ""--ball-speed"": 9, ""--no-plot"": null, ""--perturb-sign"": ""random"", ""--random-perturb"": null, ""--serve-box"": null, ""--space-perturb-m"": 0.1, ""--space-perturb-min-m"": 0.0, ""--spatial-perturb-target"": ""ballstate""}",63,True,active,0.069609,1.952457,0.069609,30.0,105.0,1.81,0.99,1.9,25.0,0.069609,1.612,1.92,
exp20c_shared_targets,ablationfull__ballspeed9__noplot__perturbsignrandom__randomperturb__servebox__spaceperturbm0.1__spaceperturbminm0.0__spatialperturbtargetballstate,"{""--ablation"": ""full"", ""--ball-speed"": 9, ""--no-plot"": null, ""--perturb-sign"": ""random"", ""--random-perturb"": null, ""--serve-box"": null, ""--space-perturb-m"": 0.1, ""--space-perturb-min-m"": 0.0, ""--spatial-perturb-target"": ""ballstate""}",68,True,active,0.023092,1.929124,0.023092,35.0,105.0,1.63,1.0,1.4,10.0,0.023092,1.583,1.37,
exp20c_shared_targets,ablationfull__ballspeed9__noplot__perturbsignrandom__randomperturb__servebox__spaceperturbm0.1__spaceperturbminm0.0__spatialperturbtargetballstate,"{""--ablation"": ""full"", ""--ball-speed"": 9, ""--no-plot"": null, ""--perturb-sign"": ""random"", ""--random-perturb"": null, ""--serve-box"": null, ""--space-perturb-m"": 0.1, ""--space-perturb-min-m"": 0.0, ""--spatial-perturb-target"": ""ballstate""}",64,True,active,0.039248,1.966305,0.028592,45.0,105.0,1.8,1.0,2.0,20.0,0.039248,1.782,1.76,
exp20c_shared_targets,ablationfull__ballspeed9__noplot__perturbsignrandom__randomperturb__servebox__spaceperturbm0.1__spaceperturbminm0.0__spatialperturbtargetballstate,"{""--ablation"": ""full"", ""--ball-speed"": 9, ""--no-plot"": null, ""--perturb-sign"": ""random"", ""--random-perturb"": null, ""--serve-box"": null, ""--space-perturb-m"": 0.1, ""--space-perturb-min-m"": 0.0, ""--spatial-perturb-target"": ""ballstate""}",66,True,active,0.043313,1.961095,0.013209,0.0,0.0,1.83,1.0,1.7,20.0,0.043313,1.775,1.92,
exp20c_shared_targets,ablationfull__ballspeed9__noplot__perturbsignrandom__randomperturb__servebox__spaceperturbm0.1__spaceperturbminm0.0__spatialperturbtargetballstate,"{""--ablation"": ""full"", ""--ball-speed"": 9, ""--no-plot"": null, ""--perturb-sign"": ""random"", ""--random-perturb"": null, ""--serve-box"": null, ""--space-perturb-m"": 0.1, ""--space-perturb-min-m"": 0.0, ""--spatial-perturb-target"": ""ballstate""}",69,True,active,0.073081,1.970919,0.06459,35.0,105.0,1.8,0.97,1.8,25.0,0.073081,1.765,1.35,
exp20c_shared_targets,ablationfull__ballspeed9__noplot__perturbsignrandom__randomperturb__servebox__spaceperturbm0.1__spaceperturbminm0.0__spatialperturbtargetballstate,"{""--ablation"": ""full"", ""--ball-speed"": 9, ""--no-plot"": null, ""--perturb-sign"": ""random"", ""--random-perturb"": null, ""--serve-box"": null, ""--space-perturb-m"": 0.1, ""--space-perturb-min-m"": 0.0, ""--spatial-perturb-target"": ""ballstate""}",62,True,active,0.155686,1.96145,0.146175,40.0,45.0,1.48,1.0,1.3,10.0,0.155686,1.363,2.48,
exp20c_shared_targets,ablationfull__ballspeed9__noplot__perturbsignrandom__randomperturb__servebox__spaceperturbm0.1__spaceperturbminm0.0__spatialperturbtargetballstate,"{""--ablation"": ""full"", ""--ball-speed"": 9, ""--no-plot"": null, ""--perturb-sign"": ""random"", ""--random-perturb"": null, ""--serve-box"": null, ""--space-perturb-m"": 0.1, ""--space-perturb-min-m"": 0.0, ""--spatial-perturb-target"": ""ballstate""}",60,False,miss,0.403175,1.951185,0.177834,10.0,0.0,1.8,1.0,1.8,0.0,0.403175,0.0,2.74,
exp20c_shared_targets,ablationfull__ballspeed9__noplot__perturbsignrandom__randomperturb__servebox__spaceperturbm0.1__spaceperturbminm0.0__spatialperturbtargetballstate,"{""--ablation"": ""full"", ""--ball-speed"": 9, ""--no-plot"": null, ""--perturb-sign"": ""random"", ""--random-perturb"": null, ""--serve-box"": null, ""--space-perturb-m"": 0.1, ""--space-perturb-min-m"": 0.0, ""--spatial-perturb-target"": ""ballstate""}",71,True,active,0.092537,1.960924,0.088603,45.0,105.0,1.5,0.99,1.4,10.0,0.092537,1.315,1.4,
exp20c_shared_targets,ablationfull__ballspeed9__noplot__perturbsignrandom__randomperturb__servebox__spaceperturbm0.1__spaceperturbminm0.0__spatialperturbtargetballstate,"{""--ablation"": ""full"", ""--ball-speed"": 9, ""--no-plot"": null, ""--perturb-sign"": ""random"", ""--random-perturb"": null, ""--serve-box"": null, ""--space-perturb-m"": 0.1, ""--space-perturb-min-m"": 0.0, ""--spatial-perturb-target"": ""ballstate""}",73,True,active,0.142876,1.987089,0.131691,30.0,65.0,1.81,0.99,2.1,25.0,0.142876,1.708,1.66,
exp20c_shared_targets,ablationfull__ballspeed9__noplot__perturbsignrandom__randomperturb__servebox__spaceperturbm0.1__spaceperturbminm0.0__spatialperturbtargetballstate,"{""--ablation"": ""full"", ""--ball-speed"": 9, ""--no-plot"": null, ""--perturb-sign"": ""random"", ""--random-perturb"": null, ""--serve-box"": null, ""--space-perturb-m"": 0.1, ""--space-perturb-min-m"": 0.0, ""--spatial-perturb-target"": ""ballstate""}",76,True,active,0.113009,1.916375,0.094876,0.0,0.0,1.75,0.99,1.7,20.0,0.113009,1.626,1.55,
exp20c_shared_targets,ablationfull__ballspeed9__noplot__perturbsignrandom__randomperturb__servebox__spaceperturbm0.1__spaceperturbminm0.0__spatialperturbtargetballstate,"{""--ablation"": ""full"", ""--ball-speed"": 9, ""--no-plot"": null, ""--perturb-sign"": ""random"", ""--random-perturb"": null, ""--serve-box"": null, ""--space-perturb-m"": 0.1, ""--space-perturb-min-m"": 0.0, ""--spatial-perturb-target"": ""ballstate""}",77,True,active,0.084783,1.987369,0.078439,40.0,105.0,1.79,1.0,1.3,15.0,0.084783,1.272,1.48,
exp20c_shared_targets,ablationfull__ballspeed9__noplot__perturbsignrandom__randomperturb__servebox__spaceperturbm0.1__spaceperturbminm0.0__spatialperturbtargetballstate,"{""--ablation"": ""full"", ""--ball-speed"": 9, ""--no-plot"": null, ""--perturb-sign"": ""random"", ""--random-perturb"": null, ""--serve-box"": null, ""--space-perturb-m"": 0.1, ""--space-perturb-min-m"": 0.0, ""--spatial-perturb-target"": ""ballstate""}",78,True,active,0.13613,1.95522,0.13613,30.0,105.0,1.79,1.0,2.0,15.0,0.13613,1.642,1.48,
exp20c_shared_targets,ablationfull__ballspeed9__noplot__perturbsignrandom__randomperturb__servebox__spaceperturbm0.1__spaceperturbminm0.0__spatialperturbtargetballstate,"{""--ablation"": ""full"", ""--ball-speed"": 9, ""--no-plot"": null, ""--perturb-sign"": ""random"", ""--random-perturb"": null, ""--serve-box"": null, ""--space-perturb-m"": 0.1, ""--space-perturb-min-m"": 0.0, ""--spatial-perturb-target"": ""ballstate""}",79,False,miss,0.368035,1.946571,0.135274,0.0,0.0,1.76,1.0,1.6,0.0,0.368035,0.0,1.52,
exp20c_shared_targets,ablationfull__ballspeed9__noplot__perturbsignrandom__randomperturb__servebox__spaceperturbm0.1__spaceperturbminm0.0__spatialperturbtargetballstate,"{""--ablation"": ""full"", ""--ball-speed"": 9, ""--no-plot"": null, ""--perturb-sign"": ""random"", ""--random-perturb"": null, ""--serve-box"": null, ""--space-perturb-m"": 0.1, ""--space-perturb-min-m"": 0.0, ""--spatial-perturb-target"": ""ballstate""}",80,False,miss,0.324305,1.94648,0.17005,15.0,0.0,1.48,0.99,1.5,0.0,0.324305,0.0,1.51,
exp20c_shared_targets,ablationfull__ballspeed9__noplot__perturbsignrandom__randomperturb__servebox__spaceperturbm0.1__spaceperturbminm0.0__spatialperturbtargetballstate,"{""--ablation"": ""full"", ""--ball-speed"": 9, ""--no-plot"": null, ""--perturb-sign"": ""random"", ""--random-perturb"": null, ""--serve-box"": null, ""--space-perturb-m"": 0.1, ""--space-perturb-min-m"": 0.0, ""--spatial-perturb-target"": ""ballstate""}",70,True,active,0.058634,1.961872,0.050476,50.0,105.0,1.49,1.0,1.9,10.0,0.058634,1.306,2.64,
exp20c_shared_targets,ablationfull__ballspeed9__noplot__perturbsignrandom__randomperturb__servebox__spaceperturbm0.1__spaceperturbminm0.0__spatialperturbtargetballstate,"{""--ablation"": ""full"", ""--ball-speed"": 9, ""--no-plot"": null, ""--perturb-sign"": ""random"", ""--random-perturb"": null, ""--serve-box"": null, ""--space-perturb-m"": 0.1, ""--space-perturb-min-m"": 0.0, ""--spatial-perturb-target"": ""ballstate""}",81,True,active,0.090655,1.968297,0.08529,45.0,105.0,1.65,1.0,1.4,15.0,0.090655,1.242,1.4,
exp20c_shared_targets,ablationfull__ballspeed9__noplot__perturbsignrandom__randomperturb__servebox__spaceperturbm0.1__spaceperturbminm0.0__spatialperturbtargetballstate,"{""--ablation"": ""full"", ""--ball-speed"": 9, ""--no-plot"": null, ""--perturb-sign"": ""random"", ""--random-perturb"": null, ""--serve-box"": null, ""--space-perturb-m"": 0.1, ""--space-perturb-min-m"": 0.0, ""--spatial-perturb-target"": ""ballstate""}",72,True,active,0.058642,1.979397,0.058642,40.0,105.0,1.81,0.99,1.7,15.0,0.058642,1.646,2.84,
exp20c_shared_targets,ablationfull__ballspeed9__noplot__perturbsignrandom__randomperturb__servebox__spaceperturbm0.1__spaceperturbminm0.0__spatialperturbtargetballstate,"{""--ablation"": ""full"", ""--ball-speed"": 9, ""--no-plot"": null, ""--perturb-sign"": ""random"", ""--random-perturb"": null, ""--serve-box"": null, ""--space-perturb-m"": 0.1, ""--space-perturb-min-m"": 0.0, ""--spatial-perturb-target"": ""ballstate""}",74,False,miss,0.399947,1.969059,0.162117,15.0,0.0,1.79,1.0,1.9,0.0,0.399947,0.0,2.68,
exp20c_shared_targets,ablationfull__ballspeed9__noplot__perturbsignrandom__randomperturb__servebox__spaceperturbm0.1__spaceperturbminm0.0__spatialperturbtargetballstate,"{""--ablation"": ""full"", ""--ball-speed"": 9, ""--no-plot"": null, ""--perturb-sign"": ""random"", ""--random-perturb"": null, ""--serve-box"": null, ""--space-perturb-m"": 0.1, ""--space-perturb-min-m"": 0.0, ""--spatial-perturb-target"": ""ballstate""}",83,True,active,0.119005,1.97617,0.117821,35.0,105.0,1.8,1.0,2.0,20.0,0.119005,1.57,1.89,
exp20c_shared_targets,ablationfull__ballspeed9__noplot__perturbsignrandom__randomperturb__servebox__spaceperturbm0.1__spaceperturbminm0.0__spatialperturbtargetballstate,"{""--ablation"": ""full"", ""--ball-speed"": 9, ""--no-plot"": null, ""--perturb-sign"": ""random"", ""--random-perturb"": null, ""--serve-box"": null, ""--space-perturb-m"": 0.1, ""--space-perturb-min-m"": 0.0, ""--spatial-perturb-target"": ""ballstate""}",75,True,active,0.084574,1.966594,0.084574,35.0,105.0,1.47,0.99,1.4,10.0,0.084574,1.009,2.81,
exp20c_shared_targets,ablationfull__ballspeed9__noplot__perturbsignrandom__randomperturb__servebox__spaceperturbm0.1__spaceperturbminm0.0__spatialperturbtargetballstate,"{""--ablation"": ""full"", ""--ball-speed"": 9, ""--no-plot"": null, ""--perturb-sign"": ""random"", ""--random-perturb"": null, ""--serve-box"": null, ""--space-perturb-m"": 0.1, ""--space-perturb-min-m"": 0.0, ""--spatial-perturb-target"": ""ballstate""}",86,True,active,0.108592,1.94349,0.102189,35.0,105.0,1.78,0.99,1.9,20.0,0.108592,1.784,1.37,
exp20c_shared_targets,ablationfull__ballspeed9__noplot__perturbsignrandom__randomperturb__servebox__spaceperturbm0.1__spaceperturbminm0.0__spatialperturbtargetballstate,"{""--ablation"": ""full"", ""--ball-speed"": 9, ""--no-plot"": null, ""--perturb-sign"": ""random"", ""--random-perturb"": null, ""--serve-box"": null, ""--space-perturb-m"": 0.1, ""--space-perturb-min-m"": 0.0, ""--spatial-perturb-target"": ""ballstate""}",85,True,active,0.007725,1.941046,0.007725,50.0,105.0,1.79,1.0,2.0,5.0,0.007725,1.141,1.79,
exp20c_shared_targets,ablationfull__ballspeed9__noplot__perturbsignrandom__randomperturb__servebox__spaceperturbm0.1__spaceperturbminm0.0__spatialperturbtargetballstate,"{""--ablation"": ""full"", ""--ball-speed"": 9, ""--no-plot"": null, ""--perturb-sign"": ""random"", ""--random-perturb"": null, ""--serve-box"": null, ""--space-perturb-m"": 0.1, ""--space-perturb-min-m"": 0.0, ""--spatial-perturb-target"": ""ballstate""}",88,True,active,0.066877,1.987834,0.051818,45.0,105.0,1.6,1.0,1.6,15.0,0.066877,1.579,1.41,
exp20c_shared_targets,ablationfull__ballspeed9__noplot__perturbsignrandom__randomperturb__servebox__spaceperturbm0.1__spaceperturbminm0.0__spatialperturbtargetballstate,"{""--ablation"": ""full"", ""--ball-speed"": 9, ""--no-plot"": null, ""--perturb-sign"": ""random"", ""--random-perturb"": null, ""--serve-box"": null, ""--space-perturb-m"": 0.1, ""--space-perturb-min-m"": 0.0, ""--spatial-perturb-target"": ""ballstate""}",89,False,miss,0.398893,1.958893,0.172161,15.0,0.0,1.78,0.95,1.7,0.0,0.398893,0.0,1.4,
exp20c_shared_targets,ablationfull__ballspeed9__noplot__perturbsignrandom__randomperturb__servebox__spaceperturbm0.1__spaceperturbminm0.0__spatialperturbtargetballstate,"{""--ablation"": ""full"", ""--ball-speed"": 9, ""--no-plot"": null, ""--perturb-sign"": ""random"", ""--random-perturb"": null, ""--serve-box"": null, ""--space-perturb-m"": 0.1, ""--space-perturb-min-m"": 0.0, ""--spatial-perturb-target"": ""ballstate""}",90,True,active,0.106729,1.988047,0.102617,40.0,105.0,1.72,0.99,1.7,10.0,0.106729,1.447,1.47,
exp20c_shared_targets,ablationfull__ballspeed9__noplot__perturbsignrandom__randomperturb__servebox__spaceperturbm0.1__spaceperturbminm0.0__spatialperturbtargetballstate,"{""--ablation"": ""full"", ""--ball-speed"": 9, ""--no-plot"": null, ""--perturb-sign"": ""random"", ""--random-perturb"": null, ""--serve-box"": null, ""--space-perturb-m"": 0.1, ""--space-perturb-min-m"": 0.0, ""--spatial-perturb-target"": ""ballstate""}",91,True,active,0.046584,1.951035,0.046584,40.0,105.0,1.4,0.99,1.2,10.0,0.046584,0.902,1.51,
exp20c_shared_targets,ablationfull__ballspeed9__noplot__perturbsignrandom__randomperturb__servebox__spaceperturbm0.1__spaceperturbminm0.0__spatialperturbtargetballstate,"{""--ablation"": ""full"", ""--ball-speed"": 9, ""--no-plot"": null, ""--perturb-sign"": ""random"", ""--random-perturb"": null, ""--serve-box"": null, ""--space-perturb-m"": 0.1, ""--space-perturb-min-m"": 0.0, ""--spatial-perturb-target"": ""ballstate""}",87,True,active,0.090138,1.957224,0.088035,35.0,105.0,1.79,1.0,1.9,25.0,0.090138,1.733,1.95,
exp20c_shared_targets,ablationfull__ballspeed9__noplot__perturbsignrandom__randomperturb__servebox__spaceperturbm0.1__spaceperturbminm0.0__spatialperturbtargetballstate,"{""--ablation"": ""full"", ""--ball-speed"": 9, ""--no-plot"": null, ""--perturb-sign"": ""random"", ""--random-perturb"": null, ""--serve-box"": null, ""--space-perturb-m"": 0.1, ""--space-perturb-min-m"": 0.0, ""--spatial-perturb-target"": ""ballstate""}",82,True,active,0.108125,1.959593,0.108028,40.0,105.0,1.5,0.99,1.4,10.0,0.108125,1.286,2.91,
exp20c_shared_targets,ablationfull__ballspeed9__noplot__perturbsignrandom__randomperturb__servebox__spaceperturbm0.1__spaceperturbminm0.0__spatialperturbtargetballstate,"{""--ablation"": ""full"", ""--ball-speed"": 9, ""--no-plot"": null, ""--perturb-sign"": ""random"", ""--random-perturb"": null, ""--serve-box"": null, ""--space-perturb-m"": 0.1, ""--space-perturb-min-m"": 0.0, ""--spatial-perturb-target"": ""ballstate""}",84,True,active,0.126731,1.811399,0.122988,0.0,15.0,1.8,1.0,2.2,20.0,0.126731,1.739,2.91,
exp20c_shared_targets,ablationfull__ballspeed9__noplot__perturbsignrandom__randomperturb__servebox__spaceperturbm0.1__spaceperturbminm0.0__spatialperturbtargetballstate,"{""--ablation"": ""full"", ""--ball-speed"": 9, ""--no-plot"": null, ""--perturb-sign"": ""random"", ""--random-perturb"": null, ""--serve-box"": null, ""--space-perturb-m"": 0.1, ""--space-perturb-min-m"": 0.0, ""--spatial-perturb-target"": ""ballstate""}",93,True,active,0.125654,1.957839,0.113079,35.0,80.0,1.77,1.0,2.3,20.0,0.125654,1.557,1.56,
exp20c_shared_targets,ablationfull__ballspeed9__noplot__perturbsignrandom__randomperturb__servebox__spaceperturbm0.1__spaceperturbminm0.0__spatialperturbtargetballstate,"{""--ablation"": ""full"", ""--ball-speed"": 9, ""--no-plot"": null, ""--perturb-sign"": ""random"", ""--random-perturb"": null, ""--serve-box"": null, ""--space-perturb-m"": 0.1, ""--space-perturb-min-m"": 0.0, ""--spatial-perturb-target"": ""ballstate""}",94,True,active,0.13008,1.956061,0.13008,30.0,105.0,1.49,1.0,1.4,15.0,0.13008,1.355,1.56,
exp20c_shared_targets,ablationfull__ballspeed9__noplot__perturbsignrandom__randomperturb__servebox__spaceperturbm0.1__spaceperturbminm0.0__spatialperturbtargetballstate,"{""--ablation"": ""full"", ""--ball-speed"": 9, ""--no-plot"": null, ""--perturb-sign"": ""random"", ""--random-perturb"": null, ""--serve-box"": null, ""--space-perturb-m"": 0.1, ""--space-perturb-min-m"": 0.0, ""--spatial-perturb-target"": ""ballstate""}",92,False,miss,0.450357,1.951179,0.205981,0.0,0.0,1.78,1.0,1.4,0.0,0.450357,0.0,2.51,
exp20c_shared_targets,ablationfull__ballspeed9__noplot__perturbsignrandom__randomperturb__servebox__spaceperturbm0.1__spaceperturbminm0.0__spatialperturbtargetballstate,"{""--ablation"": ""full"", ""--ball-speed"": 9, ""--no-plot"": null, ""--perturb-sign"": ""random"", ""--random-perturb"": null, ""--serve-box"": null, ""--space-perturb-m"": 0.1, ""--space-perturb-min-m"": 0.0, ""--spatial-perturb-target"": ""ballstate""}",97,False,miss,0.445337,1.98918,0.161857,20.0,0.0,1.79,0.99,2.1,0.0,0.445337,0.0,1.68,
exp20c_shared_targets,ablationfull__ballspeed9__noplot__perturbsignrandom__randomperturb__servebox__spaceperturbm0.1__spaceperturbminm0.0__spatialperturbtargetballstate,"{""--ablation"": ""full"", ""--ball-speed"": 9, ""--no-plot"": null, ""--perturb-sign"": ""random"", ""--random-perturb"": null, ""--serve-box"": null, ""--space-perturb-m"": 0.1, ""--space-perturb-min-m"": 0.0, ""--spatial-perturb-target"": ""ballstate""}",99,False,miss,0.36465,1.975333,0.152137,20.0,40.0,1.68,1.0,1.7,0.0,0.36465,0.0,1.59,
exp20c_shared_targets,ablationfull__ballspeed9__noplot__perturbsignrandom__randomperturb__servebox__spaceperturbm0.1__spaceperturbminm0.0__spatialperturbtargetballstate,"{""--ablation"": ""full"", ""--ball-speed"": 9, ""--no-plot"": null, ""--perturb-sign"": ""random"", ""--random-perturb"": null, ""--serve-box"": null, ""--space-perturb-m"": 0.1, ""--space-perturb-min-m"": 0.0, ""--spatial-perturb-target"": ""ballstate""}",96,True,active,0.014176,1.95138,0.014176,0.0,0.0,1.79,0.98,1.8,10.0,0.014176,1.79,1.92,
exp20c_shared_targets,ablationtube_only__ballspeed9__noplot__perturbsignrandom__randomperturb__servebox__spaceperturbm0.1__spaceperturbminm0.0__spatialperturbtargetballstate,"{""--ablation"": ""tube_only"", ""--ball-speed"": 9, ""--no-plot"": null, ""--perturb-sign"": ""random"", ""--random-perturb"": null, ""--serve-box"": null, ""--space-perturb-m"": 0.1, ""--space-perturb-min-m"": 0.0, ""--spatial-perturb-target"": ""ballstate""}",2,True,active,0.064078,1.929807,0.03337,0.0,0.0,1.55,1.0,1.7,10.0,0.064078,1.295,1.48,
exp20c_shared_targets,ablationfull__ballspeed9__noplot__perturbsignrandom__randomperturb__servebox__spaceperturbm0.1__spaceperturbminm0.0__spatialperturbtargetballstate,"{""--ablation"": ""full"", ""--ball-speed"": 9, ""--no-plot"": null, ""--perturb-sign"": ""random"", ""--random-perturb"": null, ""--serve-box"": null, ""--space-perturb-m"": 0.1, ""--space-perturb-min-m"": 0.0, ""--spatial-perturb-target"": ""ballstate""}",98,True,active,0.097718,1.939325,0.065138,0.0,0.0,1.48,1.0,1.6,20.0,0.097718,1.365,2.03,
exp20c_shared_targets,ablationtube_only__ballspeed9__noplot__perturbsignrandom__randomperturb__servebox__spaceperturbm0.1__spaceperturbminm0.0__spatialperturbtargetballstate,"{""--ablation"": ""tube_only"", ""--ball-speed"": 9, ""--no-plot"": null, ""--perturb-sign"": ""random"", ""--random-perturb"": null, ""--serve-box"": null, ""--space-perturb-m"": 0.1, ""--space-perturb-min-m"": 0.0, ""--spatial-perturb-target"": ""ballstate""}",5,False,miss,0.296042,1.924949,0.088352,0.0,0.0,1.15,1.0,1.1,0.0,0.296042,0.0,1.47,
exp20c_shared_targets,ablationtube_only__ballspeed9__noplot__perturbsignrandom__randomperturb__servebox__spaceperturbm0.1__spaceperturbminm0.0__spatialperturbtargetballstate,"{""--ablation"": ""tube_only"", ""--ball-speed"": 9, ""--no-plot"": null, ""--perturb-sign"": ""random"", ""--random-perturb"": null, ""--serve-box"": null, ""--space-perturb-m"": 0.1, ""--space-perturb-min-m"": 0.0, ""--spatial-perturb-target"": ""ballstate""}",1,True,active,0.082882,1.901856,0.060112,40.0,85.0,1.78,0.98,1.8,20.0,0.082882,1.73,1.73,
exp20c_shared_targets,ablationfull__ballspeed9__noplot__perturbsignrandom__randomperturb__servebox__spaceperturbm0.1__spaceperturbminm0.0__spatialperturbtargetballstate,"{""--ablation"": ""full"", ""--ball-speed"": 9, ""--no-plot"": null, ""--perturb-sign"": ""random"", ""--random-perturb"": null, ""--serve-box"": null, ""--space-perturb-m"": 0.1, ""--space-perturb-min-m"": 0.0, ""--spatial-perturb-target"": ""ballstate""}",95,True,active,0.142782,1.970295,0.137372,30.0,65.0,1.78,1.0,1.5,20.0,0.142782,1.521,2.95,
exp20c_shared_targets,ablationtube_only__ballspeed9__noplot__perturbsignrandom__randomperturb__servebox__spaceperturbm0.1__spaceperturbminm0.0__spatialperturbtargetballstate,"{""--ablation"": ""tube_only"", ""--ball-speed"": 9, ""--no-plot"": null, ""--perturb-sign"": ""random"", ""--random-perturb"": null, ""--serve-box"": null, ""--space-perturb-m"": 0.1, ""--space-perturb-min-m"": 0.0, ""--spatial-perturb-target"": ""ballstate""}",3,True,active,0.068614,1.915349,0.062071,35.0,35.0,1.79,0.98,2.0,15.0,0.068614,1.735,2.05,
exp20c_shared_targets,ablationfull__ballspeed9__noplot__perturbsignrandom__randomperturb__servebox__spaceperturbm0.1__spaceperturbminm0.0__spatialperturbtargetballstate,"{""--ablation"": ""full"", ""--ball-speed"": 9, ""--no-plot"": null, ""--perturb-sign"": ""random"", ""--random-perturb"": null, ""--serve-box"": null, ""--space-perturb-m"": 0.1, ""--space-perturb-min-m"": 0.0, ""--spatial-perturb-target"": ""ballstate""}",100,True,active,0.086829,1.981219,0.086537,40.0,105.0,1.81,0.98,2.0,25.0,0.086829,1.796,2.68,
exp20c_shared_targets,ablationtube_only__ballspeed9__noplot__perturbsignrandom__randomperturb__servebox__spaceperturbm0.1__spaceperturbminm0.0__spatialperturbtargetballstate,"{""--ablation"": ""tube_only"", ""--ball-speed"": 9, ""--no-plot"": null, ""--perturb-sign"": ""random"", ""--random-perturb"": null, ""--serve-box"": null, ""--space-perturb-m"": 0.1, ""--space-perturb-min-m"": 0.0, ""--spatial-perturb-target"": ""ballstate""}",6,True,active,0.043375,1.930001,0.043375,45.0,105.0,1.51,1.0,1.4,5.0,0.043375,1.115,2.0,
exp20c_shared_targets,ablationtube_only__ballspeed9__noplot__perturbsignrandom__randomperturb__servebox__spaceperturbm0.1__spaceperturbminm0.0__spatialperturbtargetballstate,"{""--ablation"": ""tube_only"", ""--ball-speed"": 9, ""--no-plot"": null, ""--perturb-sign"": ""random"", ""--random-perturb"": null, ""--serve-box"": null, ""--space-perturb-m"": 0.1, ""--space-perturb-min-m"": 0.0, ""--spatial-perturb-target"": ""ballstate""}",9,True,active,0.051998,1.936841,0.042622,45.0,105.0,1.79,0.98,1.8,10.0,0.051998,1.747,1.38,
exp20c_shared_targets,ablationtube_only__ballspeed9__noplot__perturbsignrandom__randomperturb__servebox__spaceperturbm0.1__spaceperturbminm0.0__spatialperturbtargetballstate,"{""--ablation"": ""tube_only"", ""--ball-speed"": 9, ""--no-plot"": null, ""--perturb-sign"": ""random"", ""--random-perturb"": null, ""--serve-box"": null, ""--space-perturb-m"": 0.1, ""--space-perturb-min-m"": 0.0, ""--spatial-perturb-target"": ""ballstate""}",10,True,active,0.067009,1.958995,0.044965,40.0,105.0,1.77,0.92,2.0,15.0,0.067009,1.775,1.4,
exp20c_shared_targets,ablationtube_only__ballspeed9__noplot__perturbsignrandom__randomperturb__servebox__spaceperturbm0.1__spaceperturbminm0.0__spatialperturbtargetballstate,"{""--ablation"": ""tube_only"", ""--ball-speed"": 9, ""--no-plot"": null, ""--perturb-sign"": ""random"", ""--random-perturb"": null, ""--serve-box"": null, ""--space-perturb-m"": 0.1, ""--space-perturb-min-m"": 0.0, ""--spatial-perturb-target"": ""ballstate""}",11,True,active,0.138006,1.924879,0.130427,40.0,80.0,1.76,0.99,1.6,5.0,0.138006,1.358,1.45,
exp20c_shared_targets,ablationtube_only__ballspeed9__noplot__perturbsignrandom__randomperturb__servebox__spaceperturbm0.1__spaceperturbminm0.0__spatialperturbtargetballstate,"{""--ablation"": ""tube_only"", ""--ball-speed"": 9, ""--no-plot"": null, ""--perturb-sign"": ""random"", ""--random-perturb"": null, ""--serve-box"": null, ""--space-perturb-m"": 0.1, ""--space-perturb-min-m"": 0.0, ""--spatial-perturb-target"": ""ballstate""}",8,True,passive,0.103589,1.971765,0.103589,40.0,105.0,1.09,0.99,1.1,0.0,0.103589,0.255,1.61,
exp20c_shared_targets,ablationtube_only__ballspeed9__noplot__perturbsignrandom__randomperturb__servebox__spaceperturbm0.1__spaceperturbminm0.0__spatialperturbtargetballstate,"{""--ablation"": ""tube_only"", ""--ball-speed"": 9, ""--no-plot"": null, ""--perturb-sign"": ""random"", ""--random-perturb"": null, ""--serve-box"": null, ""--space-perturb-m"": 0.1, ""--space-perturb-min-m"": 0.0, ""--spatial-perturb-target"": ""ballstate""}",20,,,,,,,,,,,,,,0.21,no_result
exp20c_shared_targets,ablationtube_only__ballspeed9__noplot__perturbsignrandom__randomperturb__servebox__spaceperturbm0.1__spaceperturbminm0.0__spatialperturbtargetballstate,"{""--ablation"": ""tube_only"", ""--ball-speed"": 9, ""--no-plot"": null, ""--perturb-sign"": ""random"", ""--random-perturb"": null, ""--serve-box"": null, ""--space-perturb-m"": 0.1, ""--space-perturb-min-m"": 0.0, ""--spatial-perturb-target"": ""ballstate""}",21,,,,,,,,,,,,,,0.22,no_result
exp20c_shared_targets,ablationtube_only__ballspeed9__noplot__perturbsignrandom__randomperturb__servebox__spaceperturbm0.1__spaceperturbminm0.0__spatialperturbtargetballstate,"{""--ablation"": ""tube_only"", ""--ball-speed"": 9, ""--no-plot"": null, ""--perturb-sign"": ""random"", ""--random-perturb"": null, ""--serve-box"": null, ""--space-perturb-m"": 0.1, ""--space-perturb-min-m"": 0.0, ""--spatial-perturb-target"": ""ballstate""}",12,True,active,0.063821,1.925601,0.043137,25.0,55.0,1.77,0.91,1.6,15.0,0.063821,1.624,1.41,
exp20c_shared_targets,ablationtube_only__ballspeed9__noplot__perturbsignrandom__randomperturb__servebox__spaceperturbm0.1__spaceperturbminm0.0__spatialperturbtargetballstate,"{""--ablation"": ""tube_only"", ""--ball-speed"": 9, ""--no-plot"": null, ""--perturb-sign"": ""random"", ""--random-perturb"": null, ""--serve-box"": null, ""--space-perturb-m"": 0.1, ""--space-perturb-min-m"": 0.0, ""--spatial-perturb-target"": ""ballstate""}",4,True,active,0.120726,1.930842,0.102107,40.0,105.0,1.77,1.0,1.9,15.0,0.120726,1.737,2.86,
exp20c_shared_targets,ablationtube_only__ballspeed9__noplot__perturbsignrandom__randomperturb__servebox__spaceperturbm0.1__spaceperturbminm0.0__spatialperturbtargetballstate,"{""--ablation"": ""tube_only"", ""--ball-speed"": 9, ""--no-plot"": null, ""--perturb-sign"": ""random"", ""--random-perturb"": null, ""--serve-box"": null, ""--space-perturb-m"": 0.1, ""--space-perturb-min-m"": 0.0, ""--spatial-perturb-target"": ""ballstate""}",7,True,active,0.078025,1.930669,0.058862,10.0,10.0,1.76,0.98,1.6,15.0,0.078025,1.747,2.59,
exp20c_shared_targets,ablationtube_only__ballspeed9__noplot__perturbsignrandom__randomperturb__servebox__spaceperturbm0.1__spaceperturbminm0.0__spatialperturbtargetballstate,"{""--ablation"": ""tube_only"", ""--ball-speed"": 9, ""--no-plot"": null, ""--perturb-sign"": ""random"", ""--random-perturb"": null, ""--serve-box"": null, ""--space-perturb-m"": 0.1, ""--space-perturb-min-m"": 0.0, ""--spatial-perturb-target"": ""ballstate""}",14,True,active,0.0423,1.944019,0.041204,40.0,70.0,1.8,1.0,2.0,10.0,0.0423,1.775,1.7,
exp20c_shared_targets,ablationtube_only__ballspeed9__noplot__perturbsignrandom__randomperturb__servebox__spaceperturbm0.1__spaceperturbminm0.0__spatialperturbtargetballstate,"{""--ablation"": ""tube_only"", ""--ball-speed"": 9, ""--no-plot"": null, ""--perturb-sign"": ""random"", ""--random-perturb"": null, ""--serve-box"": null, ""--space-perturb-m"": 0.1, ""--space-perturb-min-m"": 0.0, ""--spatial-perturb-target"": ""ballstate""}",13,True,active,0.030459,1.967711,0.030459,40.0,105.0,1.75,1.0,1.4,15.0,0.030459,1.667,2.0,
exp20c_shared_targets,ablationtube_only__ballspeed9__noplot__perturbsignrandom__randomperturb__servebox__spaceperturbm0.1__spaceperturbminm0.0__spatialperturbtargetballstate,"{""--ablation"": ""tube_only"", ""--ball-speed"": 9, ""--no-plot"": null, ""--perturb-sign"": ""random"", ""--random-perturb"": null, ""--serve-box"": null, ""--space-perturb-m"": 0.1, ""--space-perturb-min-m"": 0.0, ""--spatial-perturb-target"": ""ballstate""}",17,True,active,0.060497,1.92704,0.060497,40.0,105.0,1.68,0.99,1.7,5.0,0.060497,0.877,1.47,
exp20c_shared_targets,ablationtube_only__ballspeed9__noplot__perturbsignrandom__randomperturb__servebox__spaceperturbm0.1__spaceperturbminm0.0__spatialperturbtargetballstate,"{""--ablation"": ""tube_only"", ""--ball-speed"": 9, ""--no-plot"": null, ""--perturb-sign"": ""random"", ""--random-perturb"": null, ""--serve-box"": null, ""--space-perturb-m"": 0.1, ""--space-perturb-min-m"": 0.0, ""--spatial-perturb-target"": ""ballstate""}",18,True,active,0.080966,1.948451,0.057731,25.0,50.0,1.78,0.99,2.2,15.0,0.080966,1.72,1.45,
exp20c_shared_targets,ablationtube_only__ballspeed9__noplot__perturbsignrandom__randomperturb__servebox__spaceperturbm0.1__spaceperturbminm0.0__spatialperturbtargetballstate,"{""--ablation"": ""tube_only"", ""--ball-speed"": 9, ""--no-plot"": null, ""--perturb-sign"": ""random"", ""--random-perturb"": null, ""--serve-box"": null, ""--space-perturb-m"": 0.1, ""--space-perturb-min-m"": 0.0, ""--spatial-perturb-target"": ""ballstate""}",15,False,miss,0.289107,1.944087,0.115419,0.0,0.0,1.32,0.99,2.0,0.0,0.289107,0.0,2.13,
exp20c_shared_targets,ablationtube_only__ballspeed9__noplot__perturbsignrandom__randomperturb__servebox__spaceperturbm0.1__spaceperturbminm0.0__spatialperturbtargetballstate,"{""--ablation"": ""tube_only"", ""--ball-speed"": 9, ""--no-plot"": null, ""--perturb-sign"": ""random"", ""--random-perturb"": null, ""--serve-box"": null, ""--space-perturb-m"": 0.1, ""--space-perturb-min-m"": 0.0, ""--spatial-perturb-target"": ""ballstate""}",19,True,active,0.089527,1.920123,0.077478,30.0,30.0,1.75,1.0,1.5,15.0,0.089527,1.467,1.36,
exp20c_shared_targets,ablationtube_only__ballspeed9__noplot__perturbsignrandom__randomperturb__servebox__spaceperturbm0.1__spaceperturbminm0.0__spatialperturbtargetballstate,"{""--ablation"": ""tube_only"", ""--ball-speed"": 9, ""--no-plot"": null, ""--perturb-sign"": ""random"", ""--random-perturb"": null, ""--serve-box"": null, ""--space-perturb-m"": 0.1, ""--space-perturb-min-m"": 0.0, ""--spatial-perturb-target"": ""ballstate""}",16,True,active,0.06412,1.985938,0.032364,0.0,0.0,1.76,1.0,1.7,20.0,0.06412,1.666,2.03,
exp20c_shared_targets,ablationtube_only__ballspeed9__noplot__perturbsignrandom__randomperturb__servebox__spaceperturbm0.1__spaceperturbminm0.0__spatialperturbtargetballstate,"{""--ablation"": ""tube_only"", ""--ball-speed"": 9, ""--no-plot"": null, ""--perturb-sign"": ""random"", ""--random-perturb"": null, ""--serve-box"": null, ""--space-perturb-m"": 0.1, ""--space-perturb-min-m"": 0.0, ""--spatial-perturb-target"": ""ballstate""}",22,True,active,0.081868,1.887002,0.077504,0.0,0.0,1.8,0.99,1.7,15.0,0.081868,1.674,1.45,
exp20c_shared_targets,ablationtube_only__ballspeed9__noplot__perturbsignrandom__randomperturb__servebox__spaceperturbm0.1__spaceperturbminm0.0__spatialperturbtargetballstate,"{""--ablation"": ""tube_only"", ""--ball-speed"": 9, ""--no-plot"": null, ""--perturb-sign"": ""random"", ""--random-perturb"": null, ""--serve-box"": null, ""--space-perturb-m"": 0.1, ""--space-perturb-min-m"": 0.0, ""--spatial-perturb-target"": ""ballstate""}",25,True,active,0.139667,1.914082,0.129212,40.0,85.0,1.34,1.0,1.3,5.0,0.139667,0.816,1.4,
exp20c_shared_targets,ablationtube_only__ballspeed9__noplot__perturbsignrandom__randomperturb__servebox__spaceperturbm0.1__spaceperturbminm0.0__spatialperturbtargetballstate,"{""--ablation"": ""tube_only"", ""--ball-speed"": 9, ""--no-plot"": null, ""--perturb-sign"": ""random"", ""--random-perturb"": null, ""--serve-box"": null, ""--space-perturb-m"": 0.1, ""--space-perturb-min-m"": 0.0, ""--spatial-perturb-target"": ""ballstate""}",23,True,active,0.063674,1.944371,0.063674,45.0,105.0,1.51,1.0,1.7,5.0,0.063674,1.046,1.66,
exp20c_shared_targets,ablationtube_only__ballspeed9__noplot__perturbsignrandom__randomperturb__servebox__spaceperturbm0.1__spaceperturbminm0.0__spatialperturbtargetballstate,"{""--ablation"": ""tube_only"", ""--ball-speed"": 9, ""--no-plot"": null, ""--perturb-sign"": ""random"", ""--random-perturb"": null, ""--serve-box"": null, ""--space-perturb-m"": 0.1, ""--space-perturb-min-m"": 0.0, ""--spatial-perturb-target"": ""ballstate""}",28,False,miss,0.28413,1.891092,0.111256,0.0,0.0,1.55,0.99,1.4,0.0,0.28413,0.0,1.6,
exp20c_shared_targets,ablationtube_only__ballspeed9__noplot__perturbsignrandom__randomperturb__servebox__spaceperturbm0.1__spaceperturbminm0.0__spatialperturbtargetballstate,"{""--ablation"": ""tube_only"", ""--ball-speed"": 9, ""--no-plot"": null, ""--perturb-sign"": ""random"", ""--random-perturb"": null, ""--serve-box"": null, ""--space-perturb-m"": 0.1, ""--space-perturb-min-m"": 0.0, ""--spatial-perturb-target"": ""ballstate""}",30,True,active,0.098057,1.938826,0.066602,0.0,0.0,1.73,0.99,1.9,15.0,0.098057,1.726,1.36,
exp20c_shared_targets,ablationtube_only__ballspeed9__noplot__perturbsignrandom__randomperturb__servebox__spaceperturbm0.1__spaceperturbminm0.0__spatialperturbtargetballstate,"{""--ablation"": ""tube_only"", ""--ball-speed"": 9, ""--no-plot"": null, ""--perturb-sign"": ""random"", ""--random-perturb"": null, ""--serve-box"": null, ""--space-perturb-m"": 0.1, ""--space-perturb-min-m"": 0.0, ""--spatial-perturb-target"": ""ballstate""}",27,True,active,0.08268,1.95048,0.078088,45.0,105.0,1.76,0.99,1.4,5.0,0.08268,1.03,2.0,
exp20c_shared_targets,ablationtube_only__ballspeed9__noplot__perturbsignrandom__randomperturb__servebox__spaceperturbm0.1__spaceperturbminm0.0__spatialperturbtargetballstate,"{""--ablation"": ""tube_only"", ""--ball-speed"": 9, ""--no-plot"": null, ""--perturb-sign"": ""random"", ""--random-perturb"": null, ""--serve-box"": null, ""--space-perturb-m"": 0.1, ""--space-perturb-min-m"": 0.0, ""--spatial-perturb-target"": ""ballstate""}",33,True,active,0.071223,1.944585,0.061436,25.0,50.0,1.77,0.98,2.0,10.0,0.071223,1.756,1.48,
exp20c_shared_targets,ablationtube_only__ballspeed9__noplot__perturbsignrandom__randomperturb__servebox__spaceperturbm0.1__spaceperturbminm0.0__spatialperturbtargetballstate,"{""--ablation"": ""tube_only"", ""--ball-speed"": 9, ""--no-plot"": null, ""--perturb-sign"": ""random"", ""--random-perturb"": null, ""--serve-box"": null, ""--space-perturb-m"": 0.1, ""--space-perturb-min-m"": 0.0, ""--spatial-perturb-target"": ""ballstate""}",34,True,active,0.116648,1.947702,0.111777,30.0,105.0,1.79,0.99,1.6,10.0,0.116648,1.758,1.52,
exp20c_shared_targets,ablationtube_only__ballspeed9__noplot__perturbsignrandom__randomperturb__servebox__spaceperturbm0.1__spaceperturbminm0.0__spatialperturbtargetballstate,"{""--ablation"": ""tube_only"", ""--ball-speed"": 9, ""--no-plot"": null, ""--perturb-sign"": ""random"", ""--random-perturb"": null, ""--serve-box"": null, ""--space-perturb-m"": 0.1, ""--space-perturb-min-m"": 0.0, ""--spatial-perturb-target"": ""ballstate""}",32,False,miss,0.339928,1.941725,0.154103,20.0,0.0,1.77,1.0,1.9,0.0,0.339928,0.0,1.63,
exp20c_shared_targets,ablationtube_only__ballspeed9__noplot__perturbsignrandom__randomperturb__servebox__spaceperturbm0.1__spaceperturbminm0.0__spatialperturbtargetballstate,"{""--ablation"": ""tube_only"", ""--ball-speed"": 9, ""--no-plot"": null, ""--perturb-sign"": ""random"", ""--random-perturb"": null, ""--serve-box"": null, ""--space-perturb-m"": 0.1, ""--space-perturb-min-m"": 0.0, ""--spatial-perturb-target"": ""ballstate""}",35,True,active,0.104192,1.921418,0.058761,0.0,0.0,1.77,0.99,2.2,20.0,0.104192,1.711,1.38,
exp20c_shared_targets,ablationtube_only__ballspeed9__noplot__perturbsignrandom__randomperturb__servebox__spaceperturbm0.1__spaceperturbminm0.0__spatialperturbtargetballstate,"{""--ablation"": ""tube_only"", ""--ball-speed"": 9, ""--no-plot"": null, ""--perturb-sign"": ""random"", ""--random-perturb"": null, ""--serve-box"": null, ""--space-perturb-m"": 0.1, ""--space-perturb-min-m"": 0.0, ""--spatial-perturb-target"": ""ballstate""}",37,True,active,0.071524,1.953407,0.031569,15.0,25.0,1.74,0.95,1.7,15.0,0.071524,1.707,1.41,
exp20c_shared_targets,ablationtube_only__ballspeed9__noplot__perturbsignrandom__randomperturb__servebox__spaceperturbm0.1__spaceperturbminm0.0__spatialperturbtargetballstate,"{""--ablation"": ""tube_only"", ""--ball-speed"": 9, ""--no-plot"": null, ""--perturb-sign"": ""random"", ""--random-perturb"": null, ""--serve-box"": null, ""--space-perturb-m"": 0.1, ""--space-perturb-min-m"": 0.0, ""--spatial-perturb-target"": ""ballstate""}",24,True,active,0.110739,1.956678,0.097646,35.0,105.0,1.79,1.0,1.8,15.0,0.110739,1.791,2.86,
exp20c_shared_targets,ablationtube_only__ballspeed9__noplot__perturbsignrandom__randomperturb__servebox__spaceperturbm0.1__spaceperturbminm0.0__spatialperturbtargetballstate,"{""--ablation"": ""tube_only"", ""--ball-speed"": 9, ""--no-plot"": null, ""--perturb-sign"": ""random"", ""--random-perturb"": null, ""--serve-box"": null, ""--space-perturb-m"": 0.1, ""--space-perturb-min-m"": 0.0, ""--spatial-perturb-target"": ""ballstate""}",38,False,miss,0.303794,1.93848,0.139776,25.0,75.0,1.79,1.0,2.0,0.0,0.303794,0.0,1.39,
exp20c_shared_targets,ablationtube_only__ballspeed9__noplot__perturbsignrandom__randomperturb__servebox__spaceperturbm0.1__spaceperturbminm0.0__spatialperturbtargetballstate,"{""--ablation"": ""tube_only"", ""--ball-speed"": 9, ""--no-plot"": null, ""--perturb-sign"": ""random"", ""--random-perturb"": null, ""--serve-box"": null, ""--space-perturb-m"": 0.1, ""--space-perturb-min-m"": 0.0, ""--spatial-perturb-target"": ""ballstate""}",26,True,active,0.093911,1.887615,0.07923,20.0,65.0,1.8,0.98,1.8,20.0,0.093911,1.792,3.0,
exp20c_shared_targets,ablationtube_only__ballspeed9__noplot__perturbsignrandom__randomperturb__servebox__spaceperturbm0.1__spaceperturbminm0.0__spatialperturbtargetballstate,"{""--ablation"": ""tube_only"", ""--ball-speed"": 9, ""--no-plot"": null, ""--perturb-sign"": ""random"", ""--random-perturb"": null, ""--serve-box"": null, ""--space-perturb-m"": 0.1, ""--space-perturb-min-m"": 0.0, ""--spatial-perturb-target"": ""ballstate""}",29,True,active,0.10484,1.871291,0.10484,35.0,105.0,0.99,1.0,1.2,10.0,0.10484,0.865,2.85,
exp20c_shared_targets,ablationtube_only__ballspeed9__noplot__perturbsignrandom__randomperturb__servebox__spaceperturbm0.1__spaceperturbminm0.0__spatialperturbtargetballstate,"{""--ablation"": ""tube_only"", ""--ball-speed"": 9, ""--no-plot"": null, ""--perturb-sign"": ""random"", ""--random-perturb"": null, ""--serve-box"": null, ""--space-perturb-m"": 0.1, ""--space-perturb-min-m"": 0.0, ""--spatial-perturb-target"": ""ballstate""}",39,True,active,0.069684,1.898803,0.069684,40.0,105.0,1.79,0.98,1.7,10.0,0.069684,1.613,1.49,
exp20c_shared_targets,ablationtube_only__ballspeed9__noplot__perturbsignrandom__randomperturb__servebox__spaceperturbm0.1__spaceperturbminm0.0__spatialperturbtargetballstate,"{""--ablation"": ""tube_only"", ""--ball-speed"": 9, ""--no-plot"": null, ""--perturb-sign"": ""random"", ""--random-perturb"": null, ""--serve-box"": null, ""--space-perturb-m"": 0.1, ""--space-perturb-min-m"": 0.0, ""--spatial-perturb-target"": ""ballstate""}",40,True,active,0.079372,1.942487,0.065698,30.0,60.0,1.71,0.99,2.2,10.0,0.079372,1.648,1.36,
exp20c_shared_targets,ablationtube_only__ballspeed9__noplot__perturbsignrandom__randomperturb__servebox__spaceperturbm0.1__spaceperturbminm0.0__spatialperturbtargetballstate,"{""--ablation"": ""tube_only"", ""--ball-speed"": 9, ""--no-plot"": null, ""--perturb-sign"": ""random"", ""--random-perturb"": null, ""--serve-box"": null, ""--space-perturb-m"": 0.1, ""--space-perturb-min-m"": 0.0, ""--spatial-perturb-target"": ""ballstate""}",36,True,active,0.073786,1.954569,0.065876,40.0,105.0,1.8,0.89,2.0,15.0,0.073786,1.797,2.37,
exp20c_shared_targets,ablationtube_only__ballspeed9__noplot__perturbsignrandom__randomperturb__servebox__spaceperturbm0.1__spaceperturbminm0.0__spatialperturbtargetballstate,"{""--ablation"": ""tube_only"", ""--ball-speed"": 9, ""--no-plot"": null, ""--perturb-sign"": ""random"", ""--random-perturb"": null, ""--serve-box"": null, ""--space-perturb-m"": 0.1, ""--space-perturb-min-m"": 0.0, ""--spatial-perturb-target"": ""ballstate""}",31,True,active,0.094973,1.938958,0.094973,40.0,105.0,1.8,1.0,1.6,10.0,0.094973,1.645,2.92,
exp20c_shared_targets,ablationtube_only__ballspeed9__noplot__perturbsignrandom__randomperturb__servebox__spaceperturbm0.1__spaceperturbminm0.0__spatialperturbtargetballstate,"{""--ablation"": ""tube_only"", ""--ball-speed"": 9, ""--no-plot"": null, ""--perturb-sign"": ""random"", ""--random-perturb"": null, ""--serve-box"": null, ""--space-perturb-m"": 0.1, ""--space-perturb-min-m"": 0.0, ""--spatial-perturb-target"": ""ballstate""}",42,True,active,0.059813,1.918294,0.059813,0.0,0.0,1.72,1.0,1.5,20.0,0.059813,1.381,1.4,
exp20c_shared_targets,ablationtube_only__ballspeed9__noplot__perturbsignrandom__randomperturb__servebox__spaceperturbm0.1__spaceperturbminm0.0__spatialperturbtargetballstate,"{""--ablation"": ""tube_only"", ""--ball-speed"": 9, ""--no-plot"": null, ""--perturb-sign"": ""random"", ""--random-perturb"": null, ""--serve-box"": null, ""--space-perturb-m"": 0.1, ""--space-perturb-min-m"": 0.0, ""--spatial-perturb-target"": ""ballstate""}",43,False,miss,0.344489,1.925598,0.168808,0.0,0.0,1.44,1.0,1.8,0.0,0.344489,0.0,1.52,
exp20c_shared_targets,ablationtube_only__ballspeed9__noplot__perturbsignrandom__randomperturb__servebox__spaceperturbm0.1__spaceperturbminm0.0__spatialperturbtargetballstate,"{""--ablation"": ""tube_only"", ""--ball-speed"": 9, ""--no-plot"": null, ""--perturb-sign"": ""random"", ""--random-perturb"": null, ""--serve-box"": null, ""--space-perturb-m"": 0.1, ""--space-perturb-min-m"": 0.0, ""--spatial-perturb-target"": ""ballstate""}",45,True,active,0.084855,1.922091,0.082232,40.0,105.0,1.77,0.99,2.2,10.0,0.084855,1.706,1.5,
exp20c_shared_targets,ablationtube_only__ballspeed9__noplot__perturbsignrandom__randomperturb__servebox__spaceperturbm0.1__spaceperturbminm0.0__spatialperturbtargetballstate,"{""--ablation"": ""tube_only"", ""--ball-speed"": 9, ""--no-plot"": null, ""--perturb-sign"": ""random"", ""--random-perturb"": null, ""--serve-box"": null, ""--space-perturb-m"": 0.1, ""--space-perturb-min-m"": 0.0, ""--spatial-perturb-target"": ""ballstate""}",46,False,miss,0.23659,1.918716,0.169115,15.0,0.0,1.11,1.0,1.6,0.0,0.23659,0.0,1.45,
exp20c_shared_targets,ablationtube_only__ballspeed9__noplot__perturbsignrandom__randomperturb__servebox__spaceperturbm0.1__spaceperturbminm0.0__spatialperturbtargetballstate,"{""--ablation"": ""tube_only"", ""--ball-speed"": 9, ""--no-plot"": null, ""--perturb-sign"": ""random"", ""--random-perturb"": null, ""--serve-box"": null, ""--space-perturb-m"": 0.1, ""--space-perturb-min-m"": 0.0, ""--spatial-perturb-target"": ""ballstate""}",47,False,miss,0.291917,1.897914,0.156299,15.0,0.0,1.39,0.99,1.2,0.0,0.291917,0.0,1.53,
exp20c_shared_targets,ablationtube_only__ballspeed9__noplot__perturbsignrandom__randomperturb__servebox__spaceperturbm0.1__spaceperturbminm0.0__spatialperturbtargetballstate,"{""--ablation"": ""tube_only"", ""--ball-speed"": 9, ""--no-plot"": null, ""--perturb-sign"": ""random"", ""--random-perturb"": null, ""--serve-box"": null, ""--space-perturb-m"": 0.1, ""--space-perturb-min-m"": 0.0, ""--spatial-perturb-target"": ""ballstate""}",48,True,active,0.102146,1.96122,0.090086,40.0,105.0,1.57,1.0,1.5,10.0,0.102146,1.565,1.68,
exp20c_shared_targets,ablationtube_only__ballspeed9__noplot__perturbsignrandom__randomperturb__servebox__spaceperturbm0.1__spaceperturbminm0.0__spatialperturbtargetballstate,"{""--ablation"": ""tube_only"", ""--ball-speed"": 9, ""--no-plot"": null, ""--perturb-sign"": ""random"", ""--random-perturb"": null, ""--serve-box"": null, ""--space-perturb-m"": 0.1, ""--space-perturb-min-m"": 0.0, ""--spatial-perturb-target"": ""ballstate""}",50,True,active,0.071386,1.934212,0.063593,35.0,105.0,1.8,0.99,1.5,20.0,0.071386,1.775,1.46,
exp20c_shared_targets,ablationtube_only__ballspeed9__noplot__perturbsignrandom__randomperturb__servebox__spaceperturbm0.1__spaceperturbminm0.0__spatialperturbtargetballstate,"{""--ablation"": ""tube_only"", ""--ball-speed"": 9, ""--no-plot"": null, ""--perturb-sign"": ""random"", ""--random-perturb"": null, ""--serve-box"": null, ""--space-perturb-m"": 0.1, ""--space-perturb-min-m"": 0.0, ""--spatial-perturb-target"": ""ballstate""}",52,True,active,0.069001,1.910175,0.033528,0.0,0.0,1.79,0.97,1.4,15.0,0.069001,1.753,1.38,
exp20c_shared_targets,ablationtube_only__ballspeed9__noplot__perturbsignrandom__randomperturb__servebox__spaceperturbm0.1__spaceperturbminm0.0__spatialperturbtargetballstate,"{""--ablation"": ""tube_only"", ""--ball-speed"": 9, ""--no-plot"": null, ""--perturb-sign"": ""random"", ""--random-perturb"": null, ""--serve-box"": null, ""--space-perturb-m"": 0.1, ""--space-perturb-min-m"": 0.0, ""--spatial-perturb-target"": ""ballstate""}",41,True,active,0.016663,1.970448,0.016663,40.0,105.0,1.8,1.0,1.8,0.0,0.016663,1.046,2.93,
exp20c_shared_targets,ablationtube_only__ballspeed9__noplot__perturbsignrandom__randomperturb__servebox__spaceperturbm0.1__spaceperturbminm0.0__spatialperturbtargetballstate,"{""--ablation"": ""tube_only"", ""--ball-speed"": 9, ""--no-plot"": null, ""--perturb-sign"": ""random"", ""--random-perturb"": null, ""--serve-box"": null, ""--space-perturb-m"": 0.1, ""--space-perturb-min-m"": 0.0, ""--spatial-perturb-target"": ""ballstate""}",44,True,active,0.083929,1.941409,0.083929,35.0,105.0,1.76,1.0,1.6,10.0,0.083929,1.573,2.54,
exp20c_shared_targets,ablationtube_only__ballspeed9__noplot__perturbsignrandom__randomperturb__servebox__spaceperturbm0.1__spaceperturbminm0.0__spatialperturbtargetballstate,"{""--ablation"": ""tube_only"", ""--ball-speed"": 9, ""--no-plot"": null, ""--perturb-sign"": ""random"", ""--random-perturb"": null, ""--serve-box"": null, ""--space-perturb-m"": 0.1, ""--space-perturb-min-m"": 0.0, ""--spatial-perturb-target"": ""ballstate""}",51,False,miss,0.34513,1.931398,0.18585,0.0,0.0,1.59,1.0,1.7,0.0,0.34513,0.0,1.69,
exp20c_shared_targets,ablationtube_only__ballspeed9__noplot__perturbsignrandom__randomperturb__servebox__spaceperturbm0.1__spaceperturbminm0.0__spatialperturbtargetballstate,"{""--ablation"": ""tube_only"", ""--ball-speed"": 9, ""--no-plot"": null, ""--perturb-sign"": ""random"", ""--random-perturb"": null, ""--serve-box"": null, ""--space-perturb-m"": 0.1, ""--space-perturb-min-m"": 0.0, ""--spatial-perturb-target"": ""ballstate""}",54,True,active,0.054611,1.948463,0.048035,0.0,0.0,1.8,1.0,1.8,20.0,0.054611,1.762,1.51,
exp20c_shared_targets,ablationtube_only__ballspeed9__noplot__perturbsignrandom__randomperturb__servebox__spaceperturbm0.1__spaceperturbminm0.0__spatialperturbtargetballstate,"{""--ablation"": ""tube_only"", ""--ball-speed"": 9, ""--no-plot"": null, ""--perturb-sign"": ""random"", ""--random-perturb"": null, ""--serve-box"": null, ""--space-perturb-m"": 0.1, ""--space-perturb-min-m"": 0.0, ""--spatial-perturb-target"": ""ballstate""}",55,True,active,0.095243,1.935071,0.037919,15.0,15.0,1.75,0.98,1.7,15.0,0.095243,1.754,1.43,
exp20c_shared_targets,ablationtube_only__ballspeed9__noplot__perturbsignrandom__randomperturb__servebox__spaceperturbm0.1__spaceperturbminm0.0__spatialperturbtargetballstate,"{""--ablation"": ""tube_only"", ""--ball-speed"": 9, ""--no-plot"": null, ""--perturb-sign"": ""random"", ""--random-perturb"": null, ""--serve-box"": null, ""--space-perturb-m"": 0.1, ""--space-perturb-min-m"": 0.0, ""--spatial-perturb-target"": ""ballstate""}",56,True,active,0.106108,1.927536,0.088949,0.0,0.0,1.77,1.0,2.1,15.0,0.106108,1.567,1.35,
exp20c_shared_targets,ablationtube_only__ballspeed9__noplot__perturbsignrandom__randomperturb__servebox__spaceperturbm0.1__spaceperturbminm0.0__spatialperturbtargetballstate,"{""--ablation"": ""tube_only"", ""--ball-speed"": 9, ""--no-plot"": null, ""--perturb-sign"": ""random"", ""--random-perturb"": null, ""--serve-box"": null, ""--space-perturb-m"": 0.1, ""--space-perturb-min-m"": 0.0, ""--spatial-perturb-target"": ""ballstate""}",57,True,active,0.093956,1.931516,0.072827,0.0,0.0,1.78,1.0,2.0,15.0,0.093956,1.748,1.38,
exp20c_shared_targets,ablationtube_only__ballspeed9__noplot__perturbsignrandom__randomperturb__servebox__spaceperturbm0.1__spaceperturbminm0.0__spatialperturbtargetballstate,"{""--ablation"": ""tube_only"", ""--ball-speed"": 9, ""--no-plot"": null, ""--perturb-sign"": ""random"", ""--random-perturb"": null, ""--serve-box"": null, ""--space-perturb-m"": 0.1, ""--space-perturb-min-m"": 0.0, ""--spatial-perturb-target"": ""ballstate""}",49,False,miss,0.321588,1.95276,0.148521,20.0,35.0,1.78,1.0,1.4,0.0,0.321588,0.0,2.77,
exp20c_shared_targets,ablationtube_only__ballspeed9__noplot__perturbsignrandom__randomperturb__servebox__spaceperturbm0.1__spaceperturbminm0.0__spatialperturbtargetballstate,"{""--ablation"": ""tube_only"", ""--ball-speed"": 9, ""--no-plot"": null, ""--perturb-sign"": ""random"", ""--random-perturb"": null, ""--serve-box"": null, ""--space-perturb-m"": 0.1, ""--space-perturb-min-m"": 0.0, ""--spatial-perturb-target"": ""ballstate""}",59,True,active,0.104466,1.921438,0.05021,15.0,20.0,1.3,0.99,1.5,15.0,0.104466,1.301,1.59,
exp20c_shared_targets,ablationtube_only__ballspeed9__noplot__perturbsignrandom__randomperturb__servebox__spaceperturbm0.1__spaceperturbminm0.0__spatialperturbtargetballstate,"{""--ablation"": ""tube_only"", ""--ball-speed"": 9, ""--no-plot"": null, ""--perturb-sign"": ""random"", ""--random-perturb"": null, ""--serve-box"": null, ""--space-perturb-m"": 0.1, ""--space-perturb-min-m"": 0.0, ""--spatial-perturb-target"": ""ballstate""}",60,False,miss,0.323427,1.906139,0.191315,0.0,0.0,1.09,1.0,1.5,0.0,0.323427,0.0,1.57,
exp20c_shared_targets,ablationtube_only__ballspeed9__noplot__perturbsignrandom__randomperturb__servebox__spaceperturbm0.1__spaceperturbminm0.0__spatialperturbtargetballstate,"{""--ablation"": ""tube_only"", ""--ball-speed"": 9, ""--no-plot"": null, ""--perturb-sign"": ""random"", ""--random-perturb"": null, ""--serve-box"": null, ""--space-perturb-m"": 0.1, ""--space-perturb-min-m"": 0.0, ""--spatial-perturb-target"": ""ballstate""}",61,True,active,0.074566,1.961573,0.043903,40.0,105.0,1.79,0.95,1.9,15.0,0.074566,1.789,1.6,
exp20c_shared_targets,ablationtube_only__ballspeed9__noplot__perturbsignrandom__randomperturb__servebox__spaceperturbm0.1__spaceperturbminm0.0__spatialperturbtargetballstate,"{""--ablation"": ""tube_only"", ""--ball-speed"": 9, ""--no-plot"": null, ""--perturb-sign"": ""random"", ""--random-perturb"": null, ""--serve-box"": null, ""--space-perturb-m"": 0.1, ""--space-perturb-min-m"": 0.0, ""--spatial-perturb-target"": ""ballstate""}",63,True,active,0.066053,1.998038,0.051718,0.0,0.0,1.79,1.0,1.8,20.0,0.066053,1.682,1.44,
exp20c_shared_targets,ablationtube_only__ballspeed9__noplot__perturbsignrandom__randomperturb__servebox__spaceperturbm0.1__spaceperturbminm0.0__spatialperturbtargetballstate,"{""--ablation"": ""tube_only"", ""--ball-speed"": 9, ""--no-plot"": null, ""--perturb-sign"": ""random"", ""--random-perturb"": null, ""--serve-box"": null, ""--space-perturb-m"": 0.1, ""--space-perturb-min-m"": 0.0, ""--spatial-perturb-target"": ""ballstate""}",53,True,active,0.065114,1.943177,0.039027,0.0,0.0,1.74,1.0,1.8,20.0,0.065114,1.656,2.98,
exp20c_shared_targets,ablationtube_only__ballspeed9__noplot__perturbsignrandom__randomperturb__servebox__spaceperturbm0.1__spaceperturbminm0.0__spatialperturbtargetballstate,"{""--ablation"": ""tube_only"", ""--ball-speed"": 9, ""--no-plot"": null, ""--perturb-sign"": ""random"", ""--random-perturb"": null, ""--serve-box"": null, ""--space-perturb-m"": 0.1, ""--space-perturb-min-m"": 0.0, ""--spatial-perturb-target"": ""ballstate""}",65,True,active,0.0602,1.962444,0.041163,45.0,105.0,1.78,0.99,1.8,10.0,0.0602,1.776,1.53,
exp20c_shared_targets,ablationtube_only__ballspeed9__noplot__perturbsignrandom__randomperturb__servebox__spaceperturbm0.1__spaceperturbminm0.0__spatialperturbtargetballstate,"{""--ablation"": ""tube_only"", ""--ball-speed"": 9, ""--no-plot"": null, ""--perturb-sign"": ""random"", ""--random-perturb"": null, ""--serve-box"": null, ""--space-perturb-m"": 0.1, ""--space-perturb-min-m"": 0.0, ""--spatial-perturb-target"": ""ballstate""}",67,False,miss,0.313429,1.930208,0.140743,10.0,15.0,1.5,1.0,1.7,0.0,0.313429,0.0,1.4,
exp20c_shared_targets,ablationtube_only__ballspeed9__noplot__perturbsignrandom__randomperturb__servebox__spaceperturbm0.1__spaceperturbminm0.0__spatialperturbtargetballstate,"{""--ablation"": ""tube_only"", ""--ball-speed"": 9, ""--no-plot"": null, ""--perturb-sign"": ""random"", ""--random-perturb"": null, ""--serve-box"": null, ""--space-perturb-m"": 0.1, ""--space-perturb-min-m"": 0.0, ""--spatial-perturb-target"": ""ballstate""}",64,True,active,0.072069,1.952276,0.044992,40.0,105.0,1.77,0.98,1.7,15.0,0.072069,1.762,1.7,
exp20c_shared_targets,ablationtube_only__ballspeed9__noplot__perturbsignrandom__randomperturb__servebox__spaceperturbm0.1__spaceperturbminm0.0__spatialperturbtargetballstate,"{""--ablation"": ""tube_only"", ""--ball-speed"": 9, ""--no-plot"": null, ""--perturb-sign"": ""random"", ""--random-perturb"": null, ""--serve-box"": null, ""--space-perturb-m"": 0.1, ""--space-perturb-min-m"": 0.0, ""--spatial-perturb-target"": ""ballstate""}",68,True,active,0.117116,1.904932,0.107499,40.0,105.0,1.03,0.99,1.1,0.0,0.117116,0.65,1.48,
exp20c_shared_targets,ablationtube_only__ballspeed9__noplot__perturbsignrandom__randomperturb__servebox__spaceperturbm0.1__spaceperturbminm0.0__spatialperturbtargetballstate,"{""--ablation"": ""tube_only"", ""--ball-speed"": 9, ""--no-plot"": null, ""--perturb-sign"": ""random"", ""--random-perturb"": null, ""--serve-box"": null, ""--space-perturb-m"": 0.1, ""--space-perturb-min-m"": 0.0, ""--spatial-perturb-target"": ""ballstate""}",58,True,active,0.030383,1.861927,0.030383,40.0,105.0,1.79,0.99,1.5,5.0,0.030383,1.079,2.72,
exp20c_shared_targets,ablationtube_only__ballspeed9__noplot__perturbsignrandom__randomperturb__servebox__spaceperturbm0.1__spaceperturbminm0.0__spatialperturbtargetballstate,"{""--ablation"": ""tube_only"", ""--ball-speed"": 9, ""--no-plot"": null, ""--perturb-sign"": ""random"", ""--random-perturb"": null, ""--serve-box"": null, ""--space-perturb-m"": 0.1, ""--space-perturb-min-m"": 0.0, ""--spatial-perturb-target"": ""ballstate""}",70,True,active,0.038756,1.950049,0.0264,45.0,105.0,1.74,0.97,1.8,10.0,0.038756,1.736,1.53,
exp20c_shared_targets,ablationtube_only__ballspeed9__noplot__perturbsignrandom__randomperturb__servebox__spaceperturbm0.1__spaceperturbminm0.0__spatialperturbtargetballstate,"{""--ablation"": ""tube_only"", ""--ball-speed"": 9, ""--no-plot"": null, ""--perturb-sign"": ""random"", ""--random-perturb"": null, ""--serve-box"": null, ""--space-perturb-m"": 0.1, ""--space-perturb-min-m"": 0.0, ""--spatial-perturb-target"": ""ballstate""}",72,True,active,0.041141,1.951646,0.041141,40.0,105.0,1.79,0.92,1.6,10.0,0.041141,1.791,1.37,
exp20c_shared_targets,ablationtube_only__ballspeed9__noplot__perturbsignrandom__randomperturb__servebox__spaceperturbm0.1__spaceperturbminm0.0__spatialperturbtargetballstate,"{""--ablation"": ""tube_only"", ""--ball-speed"": 9, ""--no-plot"": null, ""--perturb-sign"": ""random"", ""--random-perturb"": null, ""--serve-box"": null, ""--space-perturb-m"": 0.1, ""--space-perturb-min-m"": 0.0, ""--spatial-perturb-target"": ""ballstate""}",71,True,active,0.086707,1.972618,0.086707,30.0,80.0,1.82,1.0,1.7,15.0,0.086707,1.586,1.67,
exp20c_shared_targets,ablationtube_only__ballspeed9__noplot__perturbsignrandom__randomperturb__servebox__spaceperturbm0.1__spaceperturbminm0.0__spatialperturbtargetballstate,"{""--ablation"": ""tube_only"", ""--ball-speed"": 9, ""--no-plot"": null, ""--perturb-sign"": ""random"", ""--random-perturb"": null, ""--serve-box"": null, ""--space-perturb-m"": 0.1, ""--space-perturb-min-m"": 0.0, ""--spatial-perturb-target"": ""ballstate""}",69,True,active,0.087097,1.930552,0.070005,35.0,105.0,1.77,1.0,2.0,15.0,0.087097,1.75,2.19,
exp20c_shared_targets,ablationtube_only__ballspeed9__noplot__perturbsignrandom__randomperturb__servebox__spaceperturbm0.1__spaceperturbminm0.0__spatialperturbtargetballstate,"{""--ablation"": ""tube_only"", ""--ball-speed"": 9, ""--no-plot"": null, ""--perturb-sign"": ""random"", ""--random-perturb"": null, ""--serve-box"": null, ""--space-perturb-m"": 0.1, ""--space-perturb-min-m"": 0.0, ""--spatial-perturb-target"": ""ballstate""}",62,True,active,0.111591,1.971142,0.10411,35.0,105.0,1.6,1.0,1.5,10.0,0.111591,1.348,2.84,
exp20c_shared_targets,ablationtube_only__ballspeed9__noplot__perturbsignrandom__randomperturb__servebox__spaceperturbm0.1__spaceperturbminm0.0__spatialperturbtargetballstate,"{""--ablation"": ""tube_only"", ""--ball-speed"": 9, ""--no-plot"": null, ""--perturb-sign"": ""random"", ""--random-perturb"": null, ""--serve-box"": null, ""--space-perturb-m"": 0.1, ""--space-perturb-min-m"": 0.0, ""--spatial-perturb-target"": ""ballstate""}",74,True,active,0.128063,1.949259,0.120636,35.0,95.0,1.68,0.99,1.8,10.0,0.128063,1.685,1.4,
exp20c_shared_targets,ablationtube_only__ballspeed9__noplot__perturbsignrandom__randomperturb__servebox__spaceperturbm0.1__spaceperturbminm0.0__spatialperturbtargetballstate,"{""--ablation"": ""tube_only"", ""--ball-speed"": 9, ""--no-plot"": null, ""--perturb-sign"": ""random"", ""--random-perturb"": null, ""--serve-box"": null, ""--space-perturb-m"": 0.1, ""--space-perturb-min-m"": 0.0, ""--spatial-perturb-target"": ""ballstate""}",73,True,active,0.089732,1.964802,0.067374,0.0,0.0,1.57,0.99,1.7,15.0,0.089732,1.31,1.63,
exp20c_shared_targets,ablationtube_only__ballspeed9__noplot__perturbsignrandom__randomperturb__servebox__spaceperturbm0.1__spaceperturbminm0.0__spatialperturbtargetballstate,"{""--ablation"": ""tube_only"", ""--ball-speed"": 9, ""--no-plot"": null, ""--perturb-sign"": ""random"", ""--random-perturb"": null, ""--serve-box"": null, ""--space-perturb-m"": 0.1, ""--space-perturb-min-m"": 0.0, ""--spatial-perturb-target"": ""ballstate""}",77,True,active,0.124818,1.879614,0.115459,35.0,105.0,1.35,1.0,2.1,5.0,0.124818,0.352,1.44,
exp20c_shared_targets,ablationtube_only__ballspeed9__noplot__perturbsignrandom__randomperturb__servebox__spaceperturbm0.1__spaceperturbminm0.0__spatialperturbtargetballstate,"{""--ablation"": ""tube_only"", ""--ball-speed"": 9, ""--no-plot"": null, ""--perturb-sign"": ""random"", ""--random-perturb"": null, ""--serve-box"": null, ""--space-perturb-m"": 0.1, ""--space-perturb-min-m"": 0.0, ""--spatial-perturb-target"": ""ballstate""}",66,True,active,0.062882,1.947568,0.033548,40.0,105.0,1.72,0.98,1.5,10.0,0.062882,1.488,2.91,
exp20c_shared_targets,ablationtube_only__ballspeed9__noplot__perturbsignrandom__randomperturb__servebox__spaceperturbm0.1__spaceperturbminm0.0__spatialperturbtargetballstate,"{""--ablation"": ""tube_only"", ""--ball-speed"": 9, ""--no-plot"": null, ""--perturb-sign"": ""random"", ""--random-perturb"": null, ""--serve-box"": null, ""--space-perturb-m"": 0.1, ""--space-perturb-min-m"": 0.0, ""--spatial-perturb-target"": ""ballstate""}",76,True,active,0.085511,1.895542,0.077533,0.0,0.0,1.78,1.0,1.8,15.0,0.085511,1.52,1.57,
exp20c_shared_targets,ablationtube_only__ballspeed9__noplot__perturbsignrandom__randomperturb__servebox__spaceperturbm0.1__spaceperturbminm0.0__spatialperturbtargetballstate,"{""--ablation"": ""tube_only"", ""--ball-speed"": 9, ""--no-plot"": null, ""--perturb-sign"": ""random"", ""--random-perturb"": null, ""--serve-box"": null, ""--space-perturb-m"": 0.1, ""--space-perturb-min-m"": 0.0, ""--spatial-perturb-target"": ""ballstate""}",78,True,active,0.144695,1.893589,0.139671,35.0,75.0,1.79,1.0,2.0,10.0,0.144695,1.786,1.48,
exp20c_shared_targets,ablationtube_only__ballspeed9__noplot__perturbsignrandom__randomperturb__servebox__spaceperturbm0.1__spaceperturbminm0.0__spatialperturbtargetballstate,"{""--ablation"": ""tube_only"", ""--ball-speed"": 9, ""--no-plot"": null, ""--perturb-sign"": ""random"", ""--random-perturb"": null, ""--serve-box"": null, ""--space-perturb-m"": 0.1, ""--space-perturb-min-m"": 0.0, ""--spatial-perturb-target"": ""ballstate""}",79,True,active,0.099318,1.925304,0.083175,0.0,0.0,1.79,1.0,1.6,15.0,0.099318,1.783,1.52,
exp20c_shared_targets,ablationtube_only__ballspeed9__noplot__perturbsignrandom__randomperturb__servebox__spaceperturbm0.1__spaceperturbminm0.0__spatialperturbtargetballstate,"{""--ablation"": ""tube_only"", ""--ball-speed"": 9, ""--no-plot"": null, ""--perturb-sign"": ""random"", ""--random-perturb"": null, ""--serve-box"": null, ""--space-perturb-m"": 0.1, ""--space-perturb-min-m"": 0.0, ""--spatial-perturb-target"": ""ballstate""}",80,False,miss,0.328058,1.946399,0.171268,15.0,0.0,1.48,0.99,1.5,0.0,0.328058,0.0,1.63,
exp20c_shared_targets,ablationtube_only__ballspeed9__noplot__perturbsignrandom__randomperturb__servebox__spaceperturbm0.1__spaceperturbminm0.0__spatialperturbtargetballstate,"{""--ablation"": ""tube_only"", ""--ball-speed"": 9, ""--no-plot"": null, ""--perturb-sign"": ""random"", ""--random-perturb"": null, ""--serve-box"": null, ""--space-perturb-m"": 0.1, ""--space-perturb-min-m"": 0.0, ""--spatial-perturb-target"": ""ballstate""}",83,True,active,0.087869,1.97811,0.082894,40.0,105.0,1.64,1.0,1.5,10.0,0.087869,1.495,1.5,
exp20c_shared_targets,ablationtube_only__ballspeed9__noplot__perturbsignrandom__randomperturb__servebox__spaceperturbm0.1__spaceperturbminm0.0__spatialperturbtargetballstate,"{""--ablation"": ""tube_only"", ""--ball-speed"": 9, ""--no-plot"": null, ""--perturb-sign"": ""random"", ""--random-perturb"": null, ""--serve-box"": null, ""--space-perturb-m"": 0.1, ""--space-perturb-min-m"": 0.0, ""--spatial-perturb-target"": ""ballstate""}",82,True,active,0.103103,1.948789,0.095969,35.0,105.0,1.77,0.99,1.6,10.0,0.103103,1.56,1.53,
exp20c_shared_targets,ablationtube_only__ballspeed9__noplot__perturbsignrandom__randomperturb__servebox__spaceperturbm0.1__spaceperturbminm0.0__spatialperturbtargetballstate,"{""--ablation"": ""tube_only"", ""--ball-speed"": 9, ""--no-plot"": null, ""--perturb-sign"": ""random"", ""--random-perturb"": null, ""--serve-box"": null, ""--space-perturb-m"": 0.1, ""--space-perturb-min-m"": 0.0, ""--spatial-perturb-target"": ""ballstate""}",75,True,active,0.101893,1.93016,0.101893,35.0,105.0,1.56,0.99,1.5,0.0,0.101893,0.625,2.62,
exp20c_shared_targets,ablationtube_only__ballspeed9__noplot__perturbsignrandom__randomperturb__servebox__spaceperturbm0.1__spaceperturbminm0.0__spatialperturbtargetballstate,"{""--ablation"": ""tube_only"", ""--ball-speed"": 9, ""--no-plot"": null, ""--perturb-sign"": ""random"", ""--random-perturb"": null, ""--serve-box"": null, ""--space-perturb-m"": 0.1, ""--space-perturb-min-m"": 0.0, ""--spatial-perturb-target"": ""ballstate""}",86,True,active,0.12355,1.928287,0.11199,25.0,60.0,1.79,1.0,1.8,10.0,0.12355,1.787,1.44,
exp20c_shared_targets,ablationtube_only__ballspeed9__noplot__perturbsignrandom__randomperturb__servebox__spaceperturbm0.1__spaceperturbminm0.0__spatialperturbtargetballstate,"{""--ablation"": ""tube_only"", ""--ball-speed"": 9, ""--no-plot"": null, ""--perturb-sign"": ""random"", ""--random-perturb"": null, ""--serve-box"": null, ""--space-perturb-m"": 0.1, ""--space-perturb-min-m"": 0.0, ""--spatial-perturb-target"": ""ballstate""}",84,True,active,0.094576,1.98294,0.076257,15.0,60.0,1.78,1.0,1.9,20.0,0.094576,1.76,1.8,
exp20c_shared_targets,ablationtube_only__ballspeed9__noplot__perturbsignrandom__randomperturb__servebox__spaceperturbm0.1__spaceperturbminm0.0__spatialperturbtargetballstate,"{""--ablation"": ""tube_only"", ""--ball-speed"": 9, ""--no-plot"": null, ""--perturb-sign"": ""random"", ""--random-perturb"": null, ""--serve-box"": null, ""--space-perturb-m"": 0.1, ""--space-perturb-min-m"": 0.0, ""--spatial-perturb-target"": ""ballstate""}",89,False,miss,0.35172,1.918065,0.165285,0.0,0.0,1.78,0.92,2.2,0.0,0.35172,0.0,1.53,
exp20c_shared_targets,ablationtube_only__ballspeed9__noplot__perturbsignrandom__randomperturb__servebox__spaceperturbm0.1__spaceperturbminm0.0__spatialperturbtargetballstate,"{""--ablation"": ""tube_only"", ""--ball-speed"": 9, ""--no-plot"": null, ""--perturb-sign"": ""random"", ""--random-perturb"": null, ""--serve-box"": null, ""--space-perturb-m"": 0.1, ""--space-perturb-min-m"": 0.0, ""--spatial-perturb-target"": ""ballstate""}",91,True,active,0.135066,1.933266,0.135066,35.0,105.0,1.09,1.0,1.3,0.0,0.135066,0.455,1.41,
exp20c_shared_targets,ablationtube_only__ballspeed9__noplot__perturbsignrandom__randomperturb__servebox__spaceperturbm0.1__spaceperturbminm0.0__spatialperturbtargetballstate,"{""--ablation"": ""tube_only"", ""--ball-speed"": 9, ""--no-plot"": null, ""--perturb-sign"": ""random"", ""--random-perturb"": null, ""--serve-box"": null, ""--space-perturb-m"": 0.1, ""--space-perturb-min-m"": 0.0, ""--spatial-perturb-target"": ""ballstate""}",90,True,active,0.108694,1.943673,0.106808,40.0,105.0,1.4,0.99,1.5,5.0,0.108694,0.702,1.53,
exp20c_shared_targets,ablationtube_only__ballspeed9__noplot__perturbsignrandom__randomperturb__servebox__spaceperturbm0.1__spaceperturbminm0.0__spatialperturbtargetballstate,"{""--ablation"": ""tube_only"", ""--ball-speed"": 9, ""--no-plot"": null, ""--perturb-sign"": ""random"", ""--random-perturb"": null, ""--serve-box"": null, ""--space-perturb-m"": 0.1, ""--space-perturb-min-m"": 0.0, ""--spatial-perturb-target"": ""ballstate""}",92,False,miss,0.343649,1.921256,0.160821,20.0,0.0,1.72,1.0,2.0,0.0,0.343649,0.0,1.45,
exp20c_shared_targets,ablationtube_only__ballspeed9__noplot__perturbsignrandom__randomperturb__servebox__spaceperturbm0.1__spaceperturbminm0.0__spatialperturbtargetballstate,"{""--ablation"": ""tube_only"", ""--ball-speed"": 9, ""--no-plot"": null, ""--perturb-sign"": ""random"", ""--random-perturb"": null, ""--serve-box"": null, ""--space-perturb-m"": 0.1, ""--space-perturb-min-m"": 0.0, ""--spatial-perturb-target"": ""ballstate""}",81,True,active,0.038447,1.975707,0.035431,40.0,105.0,1.73,0.99,1.9,10.0,0.038447,1.426,2.87,
exp20c_shared_targets,ablationtube_only__ballspeed9__noplot__perturbsignrandom__randomperturb__servebox__spaceperturbm0.1__spaceperturbminm0.0__spatialperturbtargetballstate,"{""--ablation"": ""tube_only"", ""--ball-speed"": 9, ""--no-plot"": null, ""--perturb-sign"": ""random"", ""--random-perturb"": null, ""--serve-box"": null, ""--space-perturb-m"": 0.1, ""--space-perturb-min-m"": 0.0, ""--spatial-perturb-target"": ""ballstate""}",95,True,active,0.112036,1.935251,0.109622,40.0,105.0,1.77,1.0,1.6,10.0,0.112036,1.743,1.4,
exp20c_shared_targets,ablationtube_only__ballspeed9__noplot__perturbsignrandom__randomperturb__servebox__spaceperturbm0.1__spaceperturbminm0.0__spatialperturbtargetballstate,"{""--ablation"": ""tube_only"", ""--ball-speed"": 9, ""--no-plot"": null, ""--perturb-sign"": ""random"", ""--random-perturb"": null, ""--serve-box"": null, ""--space-perturb-m"": 0.1, ""--space-perturb-min-m"": 0.0, ""--spatial-perturb-target"": ""ballstate""}",94,True,active,0.102153,1.91654,0.080998,0.0,0.0,1.77,1.0,1.5,15.0,0.102153,1.743,1.45,
exp20c_shared_targets,ablationtube_only__ballspeed9__noplot__perturbsignrandom__randomperturb__servebox__spaceperturbm0.1__spaceperturbminm0.0__spatialperturbtargetballstate,"{""--ablation"": ""tube_only"", ""--ball-speed"": 9, ""--no-plot"": null, ""--perturb-sign"": ""random"", ""--random-perturb"": null, ""--serve-box"": null, ""--space-perturb-m"": 0.1, ""--space-perturb-min-m"": 0.0, ""--spatial-perturb-target"": ""ballstate""}",93,True,active,0.074751,1.913879,0.074751,40.0,100.0,1.78,0.99,1.8,10.0,0.074751,1.778,1.96,
exp20c_shared_targets,ablationtube_only__ballspeed9__noplot__perturbsignrandom__randomperturb__servebox__spaceperturbm0.1__spaceperturbminm0.0__spatialperturbtargetballstate,"{""--ablation"": ""tube_only"", ""--ball-speed"": 9, ""--no-plot"": null, ""--perturb-sign"": ""random"", ""--random-perturb"": null, ""--serve-box"": null, ""--space-perturb-m"": 0.1, ""--space-perturb-min-m"": 0.0, ""--spatial-perturb-target"": ""ballstate""}",85,True,active,0.023761,1.931989,0.013024,50.0,105.0,1.76,0.99,1.4,5.0,0.023761,1.446,2.87,
exp20c_shared_targets,ablationtube_only__ballspeed9__noplot__perturbsignrandom__randomperturb__servebox__spaceperturbm0.1__spaceperturbminm0.0__spatialperturbtargetballstate,"{""--ablation"": ""tube_only"", ""--ball-speed"": 9, ""--no-plot"": null, ""--perturb-sign"": ""random"", ""--random-perturb"": null, ""--serve-box"": null, ""--space-perturb-m"": 0.1, ""--space-perturb-min-m"": 0.0, ""--spatial-perturb-target"": ""ballstate""}",96,True,active,0.054866,1.939382,0.042374,0.0,0.0,1.76,0.98,1.8,10.0,0.054866,1.749,1.39,
exp20c_shared_targets,ablationtube_only__ballspeed9__noplot__perturbsignrandom__randomperturb__servebox__spaceperturbm0.1__spaceperturbminm0.0__spatialperturbtargetballstate,"{""--ablation"": ""tube_only"", ""--ball-speed"": 9, ""--no-plot"": null, ""--perturb-sign"": ""random"", ""--random-perturb"": null, ""--serve-box"": null, ""--space-perturb-m"": 0.1, ""--space-perturb-min-m"": 0.0, ""--spatial-perturb-target"": ""ballstate""}",87,True,active,0.083707,1.963008,0.054346,40.0,95.0,1.8,0.94,1.9,15.0,0.083707,1.77,2.86,
exp20c_shared_targets,ablationtube_only__ballspeed9__noplot__perturbsignrandom__randomperturb__servebox__spaceperturbm0.1__spaceperturbminm0.0__spatialperturbtargetballstate,"{""--ablation"": ""tube_only"", ""--ball-speed"": 9, ""--no-plot"": null, ""--perturb-sign"": ""random"", ""--random-perturb"": null, ""--serve-box"": null, ""--space-perturb-m"": 0.1, ""--space-perturb-min-m"": 0.0, ""--spatial-perturb-target"": ""ballstate""}",97,True,active,0.04762,1.939399,0.032602,45.0,105.0,1.35,1.0,1.7,10.0,0.04762,1.351,1.53,
exp20c_shared_targets,ablationtube_only__ballspeed9__noplot__perturbsignrandom__randomperturb__servebox__spaceperturbm0.1__spaceperturbminm0.0__spatialperturbtargetballstate,"{""--ablation"": ""tube_only"", ""--ball-speed"": 9, ""--no-plot"": null, ""--perturb-sign"": ""random"", ""--random-perturb"": null, ""--serve-box"": null, ""--space-perturb-m"": 0.1, ""--space-perturb-min-m"": 0.0, ""--spatial-perturb-target"": ""ballstate""}",98,True,active,0.088106,1.902915,0.045894,0.0,0.0,1.17,0.99,1.4,15.0,0.088106,1.029,1.43,
exp20c_shared_targets,ablationtube_only__ballspeed9__noplot__perturbsignrandom__randomperturb__servebox__spaceperturbm0.1__spaceperturbminm0.0__spatialperturbtargetballstate,"{""--ablation"": ""tube_only"", ""--ball-speed"": 9, ""--no-plot"": null, ""--perturb-sign"": ""random"", ""--random-perturb"": null, ""--serve-box"": null, ""--space-perturb-m"": 0.1, ""--space-perturb-min-m"": 0.0, ""--spatial-perturb-target"": ""ballstate""}",88,True,active,0.053862,1.936024,0.05329,35.0,105.0,1.77,0.98,1.7,15.0,0.053862,1.745,2.93,
exp20c_shared_targets,ablationtube_only__ballspeed9__noplot__perturbsignrandom__randomperturb__servebox__spaceperturbm0.1__spaceperturbminm0.0__spatialperturbtargetballstate,"{""--ablation"": ""tube_only"", ""--ball-speed"": 9, ""--no-plot"": null, ""--perturb-sign"": ""random"", ""--random-perturb"": null, ""--serve-box"": null, ""--space-perturb-m"": 0.1, ""--space-perturb-min-m"": 0.0, ""--spatial-perturb-target"": ""ballstate""}",99,True,active,0.151239,1.944844,0.14392,35.0,70.0,1.66,1.0,1.5,5.0,0.151239,0.971,1.41,
exp20c_shared_targets,ablationtube_only__ballspeed9__noplot__perturbsignrandom__randomperturb__servebox__spaceperturbm0.1__spaceperturbminm0.0__spatialperturbtargetballstate,"{""--ablation"": ""tube_only"", ""--ball-speed"": 9, ""--no-plot"": null, ""--perturb-sign"": ""random"", ""--random-perturb"": null, ""--serve-box"": null, ""--space-perturb-m"": 0.1, ""--space-perturb-min-m"": 0.0, ""--spatial-perturb-target"": ""ballstate""}",100,True,active,0.094986,1.955967,0.094986,35.0,105.0,1.76,0.99,1.7,10.0,0.094986,1.475,1.41,
exp20c_shared_targets,ablationsoftmin_only__ballspeed9__noplot__perturbsignrandom__randomperturb__servebox__spaceperturbm0.1__spaceperturbminm0.0__spatialperturbtargetballstate,"{""--ablation"": ""softmin_only"", ""--ball-speed"": 9, ""--no-plot"": null, ""--perturb-sign"": ""random"", ""--random-perturb"": null, ""--serve-box"": null, ""--space-perturb-m"": 0.1, ""--space-perturb-min-m"": 0.0, ""--spatial-perturb-target"": ""ballstate""}",1,True,active,0.082707,1.955252,0.082707,35.0,105.0,1.8,1.0,2.0,20.0,0.082707,1.577,1.41,
exp20c_shared_targets,ablationsoftmin_only__ballspeed9__noplot__perturbsignrandom__randomperturb__servebox__spaceperturbm0.1__spaceperturbminm0.0__spatialperturbtargetballstate,"{""--ablation"": ""softmin_only"", ""--ball-speed"": 9, ""--no-plot"": null, ""--perturb-sign"": ""random"", ""--random-perturb"": null, ""--serve-box"": null, ""--space-perturb-m"": 0.1, ""--space-perturb-min-m"": 0.0, ""--spatial-perturb-target"": ""ballstate""}",5,True,active,0.09943,1.950911,0.07352,0.0,0.0,1.8,1.0,1.6,25.0,0.09943,1.694,1.45,
exp20c_shared_targets,ablationsoftmin_only__ballspeed9__noplot__perturbsignrandom__randomperturb__servebox__spaceperturbm0.1__spaceperturbminm0.0__spatialperturbtargetballstate,"{""--ablation"": ""softmin_only"", ""--ball-speed"": 9, ""--no-plot"": null, ""--perturb-sign"": ""random"", ""--random-perturb"": null, ""--serve-box"": null, ""--space-perturb-m"": 0.1, ""--space-perturb-min-m"": 0.0, ""--spatial-perturb-target"": ""ballstate""}",2,True,active,0.05702,1.975121,0.039266,45.0,105.0,1.79,0.99,1.6,15.0,0.05702,1.743,2.16,
exp20c_shared_targets,ablationsoftmin_only__ballspeed9__noplot__perturbsignrandom__randomperturb__servebox__spaceperturbm0.1__spaceperturbminm0.0__spatialperturbtargetballstate,"{""--ablation"": ""softmin_only"", ""--ball-speed"": 9, ""--no-plot"": null, ""--perturb-sign"": ""random"", ""--random-perturb"": null, ""--serve-box"": null, ""--space-perturb-m"": 0.1, ""--space-perturb-min-m"": 0.0, ""--spatial-perturb-target"": ""ballstate""}",7,True,active,0.045593,1.974371,0.045593,40.0,105.0,1.81,0.99,1.6,20.0,0.045593,1.799,1.49,
exp20c_shared_targets,ablationsoftmin_only__ballspeed9__noplot__perturbsignrandom__randomperturb__servebox__spaceperturbm0.1__spaceperturbminm0.0__spatialperturbtargetballstate,"{""--ablation"": ""softmin_only"", ""--ball-speed"": 9, ""--no-plot"": null, ""--perturb-sign"": ""random"", ""--random-perturb"": null, ""--serve-box"": null, ""--space-perturb-m"": 0.1, ""--space-perturb-min-m"": 0.0, ""--spatial-perturb-target"": ""ballstate""}",8,True,active,0.157037,1.954322,0.143431,35.0,65.0,1.19,1.0,1.4,0.0,0.157037,0.578,1.56,
exp20c_shared_targets,ablationsoftmin_only__ballspeed9__noplot__perturbsignrandom__randomperturb__servebox__spaceperturbm0.1__spaceperturbminm0.0__spatialperturbtargetballstate,"{""--ablation"": ""softmin_only"", ""--ball-speed"": 9, ""--no-plot"": null, ""--perturb-sign"": ""random"", ""--random-perturb"": null, ""--serve-box"": null, ""--space-perturb-m"": 0.1, ""--space-perturb-min-m"": 0.0, ""--spatial-perturb-target"": ""ballstate""}",11,True,active,0.132611,1.949295,0.123737,35.0,105.0,1.8,0.98,1.7,10.0,0.132611,1.787,1.39,
exp20c_shared_targets,ablationsoftmin_only__ballspeed9__noplot__perturbsignrandom__randomperturb__servebox__spaceperturbm0.1__spaceperturbminm0.0__spatialperturbtargetballstate,"{""--ablation"": ""softmin_only"", ""--ball-speed"": 9, ""--no-plot"": null, ""--perturb-sign"": ""random"", ""--random-perturb"": null, ""--serve-box"": null, ""--space-perturb-m"": 0.1, ""--space-perturb-min-m"": 0.0, ""--spatial-perturb-target"": ""ballstate""}",10,True,active,0.067065,1.992691,0.066953,40.0,105.0,1.81,1.0,1.8,20.0,0.067065,1.653,1.44,
exp20c_shared_targets,ablationsoftmin_only__ballspeed9__noplot__perturbsignrandom__randomperturb__servebox__spaceperturbm0.1__spaceperturbminm0.0__spatialperturbtargetballstate,"{""--ablation"": ""softmin_only"", ""--ball-speed"": 9, ""--no-plot"": null, ""--perturb-sign"": ""random"", ""--random-perturb"": null, ""--serve-box"": null, ""--space-perturb-m"": 0.1, ""--space-perturb-min-m"": 0.0, ""--spatial-perturb-target"": ""ballstate""}",13,True,active,0.063847,1.945311,0.063847,40.0,105.0,1.48,0.99,1.3,10.0,0.063847,0.844,1.48,
exp20c_shared_targets,ablationsoftmin_only__ballspeed9__noplot__perturbsignrandom__randomperturb__servebox__spaceperturbm0.1__spaceperturbminm0.0__spatialperturbtargetballstate,"{""--ablation"": ""softmin_only"", ""--ball-speed"": 9, ""--no-plot"": null, ""--perturb-sign"": ""random"", ""--random-perturb"": null, ""--serve-box"": null, ""--space-perturb-m"": 0.1, ""--space-perturb-min-m"": 0.0, ""--spatial-perturb-target"": ""ballstate""}",14,True,active,0.047881,1.961382,0.047881,40.0,105.0,1.79,0.98,1.6,20.0,0.047881,1.762,1.45,
exp20c_shared_targets,ablationsoftmin_only__ballspeed9__noplot__perturbsignrandom__randomperturb__servebox__spaceperturbm0.1__spaceperturbminm0.0__spatialperturbtargetballstate,"{""--ablation"": ""softmin_only"", ""--ball-speed"": 9, ""--no-plot"": null, ""--perturb-sign"": ""random"", ""--random-perturb"": null, ""--serve-box"": null, ""--space-perturb-m"": 0.1, ""--space-perturb-min-m"": 0.0, ""--spatial-perturb-target"": ""ballstate""}",21,,,,,,,,,,,,,,0.21,no_result
exp20c_shared_targets,ablationsoftmin_only__ballspeed9__noplot__perturbsignrandom__randomperturb__servebox__spaceperturbm0.1__spaceperturbminm0.0__spatialperturbtargetballstate,"{""--ablation"": ""softmin_only"", ""--ball-speed"": 9, ""--no-plot"": null, ""--perturb-sign"": ""random"", ""--random-perturb"": null, ""--serve-box"": null, ""--space-perturb-m"": 0.1, ""--space-perturb-min-m"": 0.0, ""--spatial-perturb-target"": ""ballstate""}",20,,,,,,,,,,,,,,0.22,no_result
exp20c_shared_targets,ablationsoftmin_only__ballspeed9__noplot__perturbsignrandom__randomperturb__servebox__spaceperturbm0.1__spaceperturbminm0.0__spatialperturbtargetballstate,"{""--ablation"": ""softmin_only"", ""--ball-speed"": 9, ""--no-plot"": null, ""--perturb-sign"": ""random"", ""--random-perturb"": null, ""--serve-box"": null, ""--space-perturb-m"": 0.1, ""--space-perturb-min-m"": 0.0, ""--spatial-perturb-target"": ""ballstate""}",3,True,active,0.088481,1.947854,0.083505,40.0,105.0,1.8,1.0,1.9,25.0,0.088481,1.75,2.4,
exp20c_shared_targets,ablationsoftmin_only__ballspeed9__noplot__perturbsignrandom__randomperturb__servebox__spaceperturbm0.1__spaceperturbminm0.0__spatialperturbtargetballstate,"{""--ablation"": ""softmin_only"", ""--ball-speed"": 9, ""--no-plot"": null, ""--perturb-sign"": ""random"", ""--random-perturb"": null, ""--serve-box"": null, ""--space-perturb-m"": 0.1, ""--space-perturb-min-m"": 0.0, ""--spatial-perturb-target"": ""ballstate""}",15,True,active,0.049941,1.959527,0.049941,0.0,10.0,1.68,0.93,2.0,10.0,0.049941,1.684,1.56,
exp20c_shared_targets,ablationsoftmin_only__ballspeed9__noplot__perturbsignrandom__randomperturb__servebox__spaceperturbm0.1__spaceperturbminm0.0__spatialperturbtargetballstate,"{""--ablation"": ""softmin_only"", ""--ball-speed"": 9, ""--no-plot"": null, ""--perturb-sign"": ""random"", ""--random-perturb"": null, ""--serve-box"": null, ""--space-perturb-m"": 0.1, ""--space-perturb-min-m"": 0.0, ""--spatial-perturb-target"": ""ballstate""}",9,True,active,0.060676,1.95586,0.060676,40.0,105.0,1.8,0.97,2.0,15.0,0.060676,1.729,1.89,
exp20c_shared_targets,ablationsoftmin_only__ballspeed9__noplot__perturbsignrandom__randomperturb__servebox__spaceperturbm0.1__spaceperturbminm0.0__spatialperturbtargetballstate,"{""--ablation"": ""softmin_only"", ""--ball-speed"": 9, ""--no-plot"": null, ""--perturb-sign"": ""random"", ""--random-perturb"": null, ""--serve-box"": null, ""--space-perturb-m"": 0.1, ""--space-perturb-min-m"": 0.0, ""--spatial-perturb-target"": ""ballstate""}",12,True,active,0.076237,1.968209,0.076237,35.0,105.0,1.81,0.96,1.7,25.0,0.076237,1.733,1.99,
exp20c_shared_targets,ablationsoftmin_only__ballspeed9__noplot__perturbsignrandom__randomperturb__servebox__spaceperturbm0.1__spaceperturbminm0.0__spatialperturbtargetballstate,"{""--ablation"": ""softmin_only"", ""--ball-speed"": 9, ""--no-plot"": null, ""--perturb-sign"": ""random"", ""--random-perturb"": null, ""--serve-box"": null, ""--space-perturb-m"": 0.1, ""--space-perturb-min-m"": 0.0, ""--spatial-perturb-target"": ""ballstate""}",4,False,miss,0.383488,1.955681,0.15113,25.0,0.0,1.75,0.99,1.7,0.0,0.383488,0.0,2.58,
exp20c_shared_targets,ablationsoftmin_only__ballspeed9__noplot__perturbsignrandom__randomperturb__servebox__spaceperturbm0.1__spaceperturbminm0.0__spatialperturbtargetballstate,"{""--ablation"": ""softmin_only"", ""--ball-speed"": 9, ""--no-plot"": null, ""--perturb-sign"": ""random"", ""--random-perturb"": null, ""--serve-box"": null, ""--space-perturb-m"": 0.1, ""--space-perturb-min-m"": 0.0, ""--spatial-perturb-target"": ""ballstate""}",6,True,active,0.084934,1.954717,0.084934,30.0,105.0,1.79,0.99,1.9,20.0,0.084934,1.771,2.86,
exp20c_shared_targets,ablationsoftmin_only__ballspeed9__noplot__perturbsignrandom__randomperturb__servebox__spaceperturbm0.1__spaceperturbminm0.0__spatialperturbtargetballstate,"{""--ablation"": ""softmin_only"", ""--ball-speed"": 9, ""--no-plot"": null, ""--perturb-sign"": ""random"", ""--random-perturb"": null, ""--serve-box"": null, ""--space-perturb-m"": 0.1, ""--space-perturb-min-m"": 0.0, ""--spatial-perturb-target"": ""ballstate""}",19,True,active,0.083222,1.969267,0.068985,0.0,0.0,1.79,0.97,1.6,25.0,0.083222,1.78,1.4,
exp20c_shared_targets,ablationsoftmin_only__ballspeed9__noplot__perturbsignrandom__randomperturb__servebox__spaceperturbm0.1__spaceperturbminm0.0__spatialperturbtargetballstate,"{""--ablation"": ""softmin_only"", ""--ball-speed"": 9, ""--no-plot"": null, ""--perturb-sign"": ""random"", ""--random-perturb"": null, ""--serve-box"": null, ""--space-perturb-m"": 0.1, ""--space-perturb-min-m"": 0.0, ""--spatial-perturb-target"": ""ballstate""}",24,False,miss,0.321691,1.932657,0.145239,25.0,40.0,1.35,1.0,1.4,0.0,0.321691,0.0,1.32,
exp20c_shared_targets,ablationsoftmin_only__ballspeed9__noplot__perturbsignrandom__randomperturb__servebox__spaceperturbm0.1__spaceperturbminm0.0__spatialperturbtargetballstate,"{""--ablation"": ""softmin_only"", ""--ball-speed"": 9, ""--no-plot"": null, ""--perturb-sign"": ""random"", ""--random-perturb"": null, ""--serve-box"": null, ""--space-perturb-m"": 0.1, ""--space-perturb-min-m"": 0.0, ""--spatial-perturb-target"": ""ballstate""}",23,True,active,0.064781,1.948561,0.064781,35.0,105.0,1.8,0.99,1.8,10.0,0.064781,1.753,1.4,
exp20c_shared_targets,ablationsoftmin_only__ballspeed9__noplot__perturbsignrandom__randomperturb__servebox__spaceperturbm0.1__spaceperturbminm0.0__spatialperturbtargetballstate,"{""--ablation"": ""softmin_only"", ""--ball-speed"": 9, ""--no-plot"": null, ""--perturb-sign"": ""random"", ""--random-perturb"": null, ""--serve-box"": null, ""--space-perturb-m"": 0.1, ""--space-perturb-min-m"": 0.0, ""--spatial-perturb-target"": ""ballstate""}",25,False,miss,0.427399,1.962615,0.184844,0.0,0.0,1.79,1.0,2.1,0.0,0.427399,0.0,1.4,
exp20c_shared_targets,ablationsoftmin_only__ballspeed9__noplot__perturbsignrandom__randomperturb__servebox__spaceperturbm0.1__spaceperturbminm0.0__spatialperturbtargetballstate,"{""--ablation"": ""softmin_only"", ""--ball-speed"": 9, ""--no-plot"": null, ""--perturb-sign"": ""random"", ""--random-perturb"": null, ""--serve-box"": null, ""--space-perturb-m"": 0.1, ""--space-perturb-min-m"": 0.0, ""--spatial-perturb-target"": ""ballstate""}",22,True,active,0.113176,1.88786,0.097744,0.0,0.0,1.78,1.0,1.9,20.0,0.113176,1.587,1.43,
exp20c_shared_targets,ablationsoftmin_only__ballspeed9__noplot__perturbsignrandom__randomperturb__servebox__spaceperturbm0.1__spaceperturbminm0.0__spatialperturbtargetballstate,"{""--ablation"": ""softmin_only"", ""--ball-speed"": 9, ""--no-plot"": null, ""--perturb-sign"": ""random"", ""--random-perturb"": null, ""--serve-box"": null, ""--space-perturb-m"": 0.1, ""--space-perturb-min-m"": 0.0, ""--spatial-perturb-target"": ""ballstate""}",27,True,active,0.04943,1.99079,0.027231,45.0,105.0,1.73,1.0,1.6,5.0,0.04943,1.376,1.46,
exp20c_shared_targets,ablationsoftmin_only__ballspeed9__noplot__perturbsignrandom__randomperturb__servebox__spaceperturbm0.1__spaceperturbminm0.0__spatialperturbtargetballstate,"{""--ablation"": ""softmin_only"", ""--ball-speed"": 9, ""--no-plot"": null, ""--perturb-sign"": ""random"", ""--random-perturb"": null, ""--serve-box"": null, ""--space-perturb-m"": 0.1, ""--space-perturb-min-m"": 0.0, ""--spatial-perturb-target"": ""ballstate""}",16,True,active,0.097034,1.95009,0.090184,35.0,105.0,1.79,1.0,1.4,20.0,0.097034,1.632,2.21,
exp20c_shared_targets,ablationsoftmin_only__ballspeed9__noplot__perturbsignrandom__randomperturb__servebox__spaceperturbm0.1__spaceperturbminm0.0__spatialperturbtargetballstate,"{""--ablation"": ""softmin_only"", ""--ball-speed"": 9, ""--no-plot"": null, ""--perturb-sign"": ""random"", ""--random-perturb"": null, ""--serve-box"": null, ""--space-perturb-m"": 0.1, ""--space-perturb-min-m"": 0.0, ""--spatial-perturb-target"": ""ballstate""}",28,True,active,0.109973,1.940038,0.094758,0.0,0.0,1.8,1.0,1.6,20.0,0.109973,1.72,1.44,
exp20c_shared_targets,ablationsoftmin_only__ballspeed9__noplot__perturbsignrandom__randomperturb__servebox__spaceperturbm0.1__spaceperturbminm0.0__spatialperturbtargetballstate,"{""--ablation"": ""softmin_only"", ""--ball-speed"": 9, ""--no-plot"": null, ""--perturb-sign"": ""random"", ""--random-perturb"": null, ""--serve-box"": null, ""--space-perturb-m"": 0.1, ""--space-perturb-min-m"": 0.0, ""--spatial-perturb-target"": ""ballstate""}",30,True,active,0.073887,1.951588,0.057878,35.0,70.0,1.78,0.98,1.7,20.0,0.073887,1.764,1.59,
exp20c_shared_targets,ablationsoftmin_only__ballspeed9__noplot__perturbsignrandom__randomperturb__servebox__spaceperturbm0.1__spaceperturbminm0.0__spatialperturbtargetballstate,"{""--ablation"": ""softmin_only"", ""--ball-speed"": 9, ""--no-plot"": null, ""--perturb-sign"": ""random"", ""--random-perturb"": null, ""--serve-box"": null, ""--space-perturb-m"": 0.1, ""--space-perturb-min-m"": 0.0, ""--spatial-perturb-target"": ""ballstate""}",18,True,active,0.065183,1.973314,0.065183,40.0,105.0,1.81,0.97,1.9,20.0,0.065183,1.73,2.9,
exp20c_shared_targets,ablationsoftmin_only__ballspeed9__noplot__perturbsignrandom__randomperturb__servebox__spaceperturbm0.1__spaceperturbminm0.0__spatialperturbtargetballstate,"{""--ablation"": ""softmin_only"", ""--ball-speed"": 9, ""--no-plot"": null, ""--perturb-sign"": ""random"", ""--random-perturb"": null, ""--serve-box"": null, ""--space-perturb-m"": 0.1, ""--space-perturb-min-m"": 0.0, ""--spatial-perturb-target"": ""ballstate""}",17,True,active,0.150993,1.917952,0.137925,40.0,70.0,1.44,1.0,1.4,5.0,0.150993,0.939,3.03,
exp20c_shared_targets,ablationsoftmin_only__ballspeed9__noplot__perturbsignrandom__randomperturb__servebox__spaceperturbm0.1__spaceperturbminm0.0__spatialperturbtargetballstate,"{""--ablation"": ""softmin_only"", ""--ball-speed"": 9, ""--no-plot"": null, ""--perturb-sign"": ""random"", ""--random-perturb"": null, ""--serve-box"": null, ""--space-perturb-m"": 0.1, ""--space-perturb-min-m"": 0.0, ""--spatial-perturb-target"": ""ballstate""}",32,False,miss,0.368029,1.940602,0.162436,15.0,0.0,1.81,0.97,1.6,0.0,0.368029,0.0,1.49,
exp20c_shared_targets,ablationsoftmin_only__ballspeed9__noplot__perturbsignrandom__randomperturb__servebox__spaceperturbm0.1__spaceperturbminm0.0__spatialperturbtargetballstate,"{""--ablation"": ""softmin_only"", ""--ball-speed"": 9, ""--no-plot"": null, ""--perturb-sign"": ""random"", ""--random-perturb"": null, ""--serve-box"": null, ""--space-perturb-m"": 0.1, ""--space-perturb-min-m"": 0.0, ""--spatial-perturb-target"": ""ballstate""}",36,True,active,0.120367,1.931113,0.111894,40.0,105.0,1.61,1.0,1.8,5.0,0.120367,0.94,1.33,
exp20c_shared_targets,ablationsoftmin_only__ballspeed9__noplot__perturbsignrandom__randomperturb__servebox__spaceperturbm0.1__spaceperturbminm0.0__spatialperturbtargetballstate,"{""--ablation"": ""softmin_only"", ""--ball-speed"": 9, ""--no-plot"": null, ""--perturb-sign"": ""random"", ""--random-perturb"": null, ""--serve-box"": null, ""--space-perturb-m"": 0.1, ""--space-perturb-min-m"": 0.0, ""--spatial-perturb-target"": ""ballstate""}",33,True,active,0.049133,1.954029,0.049133,40.0,105.0,1.8,0.91,1.7,15.0,0.049133,1.723,1.45,
exp20c_shared_targets,ablationsoftmin_only__ballspeed9__noplot__perturbsignrandom__randomperturb__servebox__spaceperturbm0.1__spaceperturbminm0.0__spatialperturbtargetballstate,"{""--ablation"": ""softmin_only"", ""--ball-speed"": 9, ""--no-plot"": null, ""--perturb-sign"": ""random"", ""--random-perturb"": null, ""--serve-box"": null, ""--space-perturb-m"": 0.1, ""--space-perturb-min-m"": 0.0, ""--spatial-perturb-target"": ""ballstate""}",34,True,active,0.109604,1.958549,0.109604,30.0,105.0,1.8,0.98,1.9,20.0,0.109604,1.684,1.45,
exp20c_shared_targets,ablationsoftmin_only__ballspeed9__noplot__perturbsignrandom__randomperturb__servebox__spaceperturbm0.1__spaceperturbminm0.0__spatialperturbtargetballstate,"{""--ablation"": ""softmin_only"", ""--ball-speed"": 9, ""--no-plot"": null, ""--perturb-sign"": ""random"", ""--random-perturb"": null, ""--serve-box"": null, ""--space-perturb-m"": 0.1, ""--space-perturb-min-m"": 0.0, ""--spatial-perturb-target"": ""ballstate""}",35,True,active,0.091661,1.953799,0.040644,40.0,95.0,1.8,0.98,1.6,25.0,0.091661,1.706,1.44,
exp20c_shared_targets,ablationsoftmin_only__ballspeed9__noplot__perturbsignrandom__randomperturb__servebox__spaceperturbm0.1__spaceperturbminm0.0__spatialperturbtargetballstate,"{""--ablation"": ""softmin_only"", ""--ball-speed"": 9, ""--no-plot"": null, ""--perturb-sign"": ""random"", ""--random-perturb"": null, ""--serve-box"": null, ""--space-perturb-m"": 0.1, ""--space-perturb-min-m"": 0.0, ""--spatial-perturb-target"": ""ballstate""}",26,True,active,0.100251,1.961192,0.100251,35.0,105.0,1.64,1.0,1.6,15.0,0.100251,1.605,2.8,
exp20c_shared_targets,ablationsoftmin_only__ballspeed9__noplot__perturbsignrandom__randomperturb__servebox__spaceperturbm0.1__spaceperturbminm0.0__spatialperturbtargetballstate,"{""--ablation"": ""softmin_only"", ""--ball-speed"": 9, ""--no-plot"": null, ""--perturb-sign"": ""random"", ""--random-perturb"": null, ""--serve-box"": null, ""--space-perturb-m"": 0.1, ""--space-perturb-min-m"": 0.0, ""--spatial-perturb-target"": ""ballstate""}",29,True,active,0.072824,1.892256,0.072824,50.0,105.0,1.17,1.0,1.2,15.0,0.072824,1.167,2.46,
exp20c_shared_targets,ablationsoftmin_only__ballspeed9__noplot__perturbsignrandom__randomperturb__servebox__spaceperturbm0.1__spaceperturbminm0.0__spatialperturbtargetballstate,"{""--ablation"": ""softmin_only"", ""--ball-speed"": 9, ""--no-plot"": null, ""--perturb-sign"": ""random"", ""--random-perturb"": null, ""--serve-box"": null, ""--space-perturb-m"": 0.1, ""--space-perturb-min-m"": 0.0, ""--spatial-perturb-target"": ""ballstate""}",38,False,miss,0.386332,1.950273,0.149581,25.0,20.0,1.79,0.99,2.0,0.0,0.386332,0.0,1.5,
exp20c_shared_targets,ablationsoftmin_only__ballspeed9__noplot__perturbsignrandom__randomperturb__servebox__spaceperturbm0.1__spaceperturbminm0.0__spatialperturbtargetballstate,"{""--ablation"": ""softmin_only"", ""--ball-speed"": 9, ""--no-plot"": null, ""--perturb-sign"": ""random"", ""--random-perturb"": null, ""--serve-box"": null, ""--space-perturb-m"": 0.1, ""--space-perturb-min-m"": 0.0, ""--spatial-perturb-target"": ""ballstate""}",39,True,active,0.079064,1.900943,0.07517,45.0,105.0,1.54,1.0,1.8,5.0,0.079064,1.133,1.49,
exp20c_shared_targets,ablationsoftmin_only__ballspeed9__noplot__perturbsignrandom__randomperturb__servebox__spaceperturbm0.1__spaceperturbminm0.0__spatialperturbtargetballstate,"{""--ablation"": ""softmin_only"", ""--ball-speed"": 9, ""--no-plot"": null, ""--perturb-sign"": ""random"", ""--random-perturb"": null, ""--serve-box"": null, ""--space-perturb-m"": 0.1, ""--space-perturb-min-m"": 0.0, ""--spatial-perturb-target"": ""ballstate""}",37,True,active,0.065785,1.954647,0.06122,45.0,105.0,1.79,0.99,2.1,20.0,0.065785,1.713,1.78,
exp20c_shared_targets,ablationsoftmin_only__ballspeed9__noplot__perturbsignrandom__randomperturb__servebox__spaceperturbm0.1__spaceperturbminm0.0__spatialperturbtargetballstate,"{""--ablation"": ""softmin_only"", ""--ball-speed"": 9, ""--no-plot"": null, ""--perturb-sign"": ""random"", ""--random-perturb"": null, ""--serve-box"": null, ""--space-perturb-m"": 0.1, ""--space-perturb-min-m"": 0.0, ""--spatial-perturb-target"": ""ballstate""}",40,True,active,0.082269,1.946478,0.080485,40.0,105.0,1.79,1.0,1.8,15.0,0.082269,1.761,1.57,
exp20c_shared_targets,ablationsoftmin_only__ballspeed9__noplot__perturbsignrandom__randomperturb__servebox__spaceperturbm0.1__spaceperturbminm0.0__spatialperturbtargetballstate,"{""--ablation"": ""softmin_only"", ""--ball-speed"": 9, ""--no-plot"": null, ""--perturb-sign"": ""random"", ""--random-perturb"": null, ""--serve-box"": null, ""--space-perturb-m"": 0.1, ""--space-perturb-min-m"": 0.0, ""--spatial-perturb-target"": ""ballstate""}",31,False,miss,0.367618,1.951118,0.151994,20.0,0.0,1.59,0.99,1.8,0.0,0.367618,0.0,2.94,
exp20c_shared_targets,ablationsoftmin_only__ballspeed9__noplot__perturbsignrandom__randomperturb__servebox__spaceperturbm0.1__spaceperturbminm0.0__spatialperturbtargetballstate,"{""--ablation"": ""softmin_only"", ""--ball-speed"": 9, ""--no-plot"": null, ""--perturb-sign"": ""random"", ""--random-perturb"": null, ""--serve-box"": null, ""--space-perturb-m"": 0.1, ""--space-perturb-min-m"": 0.0, ""--spatial-perturb-target"": ""ballstate""}",41,True,active,0.078777,1.963185,0.078777,40.0,105.0,1.8,0.99,1.8,10.0,0.078777,1.358,1.53,
exp20c_shared_targets,ablationsoftmin_only__ballspeed9__noplot__perturbsignrandom__randomperturb__servebox__spaceperturbm0.1__spaceperturbminm0.0__spatialperturbtargetballstate,"{""--ablation"": ""softmin_only"", ""--ball-speed"": 9, ""--no-plot"": null, ""--perturb-sign"": ""random"", ""--random-perturb"": null, ""--serve-box"": null, ""--space-perturb-m"": 0.1, ""--space-perturb-min-m"": 0.0, ""--spatial-perturb-target"": ""ballstate""}",42,True,active,0.147625,1.93473,0.140311,30.0,55.0,1.77,1.0,1.6,20.0,0.147625,1.65,1.66,
exp20c_shared_targets,ablationsoftmin_only__ballspeed9__noplot__perturbsignrandom__randomperturb__servebox__spaceperturbm0.1__spaceperturbminm0.0__spatialperturbtargetballstate,"{""--ablation"": ""softmin_only"", ""--ball-speed"": 9, ""--no-plot"": null, ""--perturb-sign"": ""random"", ""--random-perturb"": null, ""--serve-box"": null, ""--space-perturb-m"": 0.1, ""--space-perturb-min-m"": 0.0, ""--spatial-perturb-target"": ""ballstate""}",47,True,active,0.150916,1.92895,0.141409,35.0,75.0,1.77,1.0,1.7,10.0,0.150916,1.59,1.37,
exp20c_shared_targets,ablationsoftmin_only__ballspeed9__noplot__perturbsignrandom__randomperturb__servebox__spaceperturbm0.1__spaceperturbminm0.0__spatialperturbtargetballstate,"{""--ablation"": ""softmin_only"", ""--ball-speed"": 9, ""--no-plot"": null, ""--perturb-sign"": ""random"", ""--random-perturb"": null, ""--serve-box"": null, ""--space-perturb-m"": 0.1, ""--space-perturb-min-m"": 0.0, ""--spatial-perturb-target"": ""ballstate""}",46,True,active,0.025545,1.982449,0.025545,45.0,105.0,1.52,1.0,1.7,5.0,0.025545,0.54,1.49,
exp20c_shared_targets,ablationsoftmin_only__ballspeed9__noplot__perturbsignrandom__randomperturb__servebox__spaceperturbm0.1__spaceperturbminm0.0__spatialperturbtargetballstate,"{""--ablation"": ""softmin_only"", ""--ball-speed"": 9, ""--no-plot"": null, ""--perturb-sign"": ""random"", ""--random-perturb"": null, ""--serve-box"": null, ""--space-perturb-m"": 0.1, ""--space-perturb-min-m"": 0.0, ""--spatial-perturb-target"": ""ballstate""}",51,False,miss,0.393951,1.934764,0.179172,10.0,0.0,1.74,1.0,1.7,0.0,0.393951,0.0,1.49,
exp20c_shared_targets,ablationsoftmin_only__ballspeed9__noplot__perturbsignrandom__randomperturb__servebox__spaceperturbm0.1__spaceperturbminm0.0__spatialperturbtargetballstate,"{""--ablation"": ""softmin_only"", ""--ball-speed"": 9, ""--no-plot"": null, ""--perturb-sign"": ""random"", ""--random-perturb"": null, ""--serve-box"": null, ""--space-perturb-m"": 0.1, ""--space-perturb-min-m"": 0.0, ""--spatial-perturb-target"": ""ballstate""}",52,True,active,0.099052,1.949883,0.084636,35.0,105.0,1.79,0.96,1.5,25.0,0.099052,1.771,1.36,
exp20c_shared_targets,ablationsoftmin_only__ballspeed9__noplot__perturbsignrandom__randomperturb__servebox__spaceperturbm0.1__spaceperturbminm0.0__spatialperturbtargetballstate,"{""--ablation"": ""softmin_only"", ""--ball-speed"": 9, ""--no-plot"": null, ""--perturb-sign"": ""random"", ""--random-perturb"": null, ""--serve-box"": null, ""--space-perturb-m"": 0.1, ""--space-perturb-min-m"": 0.0, ""--spatial-perturb-target"": ""ballstate""}",49,True,active,0.11899,1.977766,0.11899,30.0,105.0,1.79,1.0,2.0,20.0,0.11899,1.768,1.85,
exp20c_shared_targets,ablationsoftmin_only__ballspeed9__noplot__perturbsignrandom__randomperturb__servebox__spaceperturbm0.1__spaceperturbminm0.0__spatialperturbtargetballstate,"{""--ablation"": ""softmin_only"", ""--ball-speed"": 9, ""--no-plot"": null, ""--perturb-sign"": ""random"", ""--random-perturb"": null, ""--serve-box"": null, ""--space-perturb-m"": 0.1, ""--space-perturb-min-m"": 0.0, ""--spatial-perturb-target"": ""ballstate""}",45,True,active,0.084355,1.974291,0.079287,40.0,105.0,1.79,1.0,1.8,20.0,0.084355,1.753,2.36,
exp20c_shared_targets,ablationsoftmin_only__ballspeed9__noplot__perturbsignrandom__randomperturb__servebox__spaceperturbm0.1__spaceperturbminm0.0__spatialperturbtargetballstate,"{""--ablation"": ""softmin_only"", ""--ball-speed"": 9, ""--no-plot"": null, ""--perturb-sign"": ""random"", ""--random-perturb"": null, ""--serve-box"": null, ""--space-perturb-m"": 0.1, ""--space-perturb-min-m"": 0.0, ""--spatial-perturb-target"": ""ballstate""}",54,True,active,0.066241,1.992569,0.050311,40.0,105.0,1.81,0.98,1.4,15.0,0.066241,1.736,1.47,
exp20c_shared_targets,ablationsoftmin_only__ballspeed9__noplot__perturbsignrandom__randomperturb__servebox__spaceperturbm0.1__spaceperturbminm0.0__spatialperturbtargetballstate,"{""--ablation"": ""softmin_only"", ""--ball-speed"": 9, ""--no-plot"": null, ""--perturb-sign"": ""random"", ""--random-perturb"": null, ""--serve-box"": null, ""--space-perturb-m"": 0.1, ""--space-perturb-min-m"": 0.0, ""--spatial-perturb-target"": ""ballstate""}",44,False,miss,0.382127,1.93993,0.161289,20.0,0.0,1.8,1.0,1.7,0.0,0.382127,0.0,2.51,
exp20c_shared_targets,ablationsoftmin_only__ballspeed9__noplot__perturbsignrandom__randomperturb__servebox__spaceperturbm0.1__spaceperturbminm0.0__spatialperturbtargetballstate,"{""--ablation"": ""softmin_only"", ""--ball-speed"": 9, ""--no-plot"": null, ""--perturb-sign"": ""random"", ""--random-perturb"": null, ""--serve-box"": null, ""--space-perturb-m"": 0.1, ""--space-perturb-min-m"": 0.0, ""--spatial-perturb-target"": ""ballstate""}",53,True,active,0.056098,1.971924,0.056098,10.0,60.0,1.81,1.0,2.0,25.0,0.056098,1.78,1.6,
exp20c_shared_targets,ablationsoftmin_only__ballspeed9__noplot__perturbsignrandom__randomperturb__servebox__spaceperturbm0.1__spaceperturbminm0.0__spatialperturbtargetballstate,"{""--ablation"": ""softmin_only"", ""--ball-speed"": 9, ""--no-plot"": null, ""--perturb-sign"": ""random"", ""--random-perturb"": null, ""--serve-box"": null, ""--space-perturb-m"": 0.1, ""--space-perturb-min-m"": 0.0, ""--spatial-perturb-target"": ""ballstate""}",55,True,active,0.049794,1.961715,0.025371,45.0,95.0,1.79,0.98,1.6,20.0,0.049794,1.768,1.42,
exp20c_shared_targets,ablationsoftmin_only__ballspeed9__noplot__perturbsignrandom__randomperturb__servebox__spaceperturbm0.1__spaceperturbminm0.0__spatialperturbtargetballstate,"{""--ablation"": ""softmin_only"", ""--ball-speed"": 9, ""--no-plot"": null, ""--perturb-sign"": ""random"", ""--random-perturb"": null, ""--serve-box"": null, ""--space-perturb-m"": 0.1, ""--space-perturb-min-m"": 0.0, ""--spatial-perturb-target"": ""ballstate""}",43,True,active,0.120308,1.974367,0.11917,30.0,105.0,1.81,1.0,1.8,20.0,0.120308,1.788,2.92,
exp20c_shared_targets,ablationsoftmin_only__ballspeed9__noplot__perturbsignrandom__randomperturb__servebox__spaceperturbm0.1__spaceperturbminm0.0__spatialperturbtargetballstate,"{""--ablation"": ""softmin_only"", ""--ball-speed"": 9, ""--no-plot"": null, ""--perturb-sign"": ""random"", ""--random-perturb"": null, ""--serve-box"": null, ""--space-perturb-m"": 0.1, ""--space-perturb-min-m"": 0.0, ""--spatial-perturb-target"": ""ballstate""}",56,True,active,0.125203,1.941525,0.107888,0.0,0.0,1.76,1.0,2.2,20.0,0.125203,1.754,1.44,
exp20c_shared_targets,ablationsoftmin_only__ballspeed9__noplot__perturbsignrandom__randomperturb__servebox__spaceperturbm0.1__spaceperturbminm0.0__spatialperturbtargetballstate,"{""--ablation"": ""softmin_only"", ""--ball-speed"": 9, ""--no-plot"": null, ""--perturb-sign"": ""random"", ""--random-perturb"": null, ""--serve-box"": null, ""--space-perturb-m"": 0.1, ""--space-perturb-min-m"": 0.0, ""--spatial-perturb-target"": ""ballstate""}",50,True,active,0.14006,1.923355,0.129377,35.0,90.0,1.79,1.0,1.7,20.0,0.14006,1.557,2.45,
exp20c_shared_targets,ablationsoftmin_only__ballspeed9__noplot__perturbsignrandom__randomperturb__servebox__spaceperturbm0.1__spaceperturbminm0.0__spatialperturbtargetballstate,"{""--ablation"": ""softmin_only"", ""--ball-speed"": 9, ""--no-plot"": null, ""--perturb-sign"": ""random"", ""--random-perturb"": null, ""--serve-box"": null, ""--space-perturb-m"": 0.1, ""--space-perturb-min-m"": 0.0, ""--spatial-perturb-target"": ""ballstate""}",57,True,active,0.074691,1.949826,0.066269,0.0,0.0,1.79,0.95,1.8,20.0,0.074691,1.744,1.53,
exp20c_shared_targets,ablationsoftmin_only__ballspeed9__noplot__perturbsignrandom__randomperturb__servebox__spaceperturbm0.1__spaceperturbminm0.0__spatialperturbtargetballstate,"{""--ablation"": ""softmin_only"", ""--ball-speed"": 9, ""--no-plot"": null, ""--perturb-sign"": ""random"", ""--random-perturb"": null, ""--serve-box"": null, ""--space-perturb-m"": 0.1, ""--space-perturb-min-m"": 0.0, ""--spatial-perturb-target"": ""ballstate""}",48,True,active,0.122299,1.963427,0.120562,35.0,105.0,1.6,0.99,1.8,15.0,0.122299,1.384,2.92,
exp20c_shared_targets,ablationsoftmin_only__ballspeed9__noplot__perturbsignrandom__randomperturb__servebox__spaceperturbm0.1__spaceperturbminm0.0__spatialperturbtargetballstate,"{""--ablation"": ""softmin_only"", ""--ball-speed"": 9, ""--no-plot"": null, ""--perturb-sign"": ""random"", ""--random-perturb"": null, ""--serve-box"": null, ""--space-perturb-m"": 0.1, ""--space-perturb-min-m"": 0.0, ""--spatial-perturb-target"": ""ballstate""}",58,True,active,0.049613,1.87205,0.035326,45.0,105.0,1.56,1.0,1.7,5.0,0.049613,1.1,1.51,
exp20c_shared_targets,ablationsoftmin_only__ballspeed9__noplot__perturbsignrandom__randomperturb__servebox__spaceperturbm0.1__spaceperturbminm0.0__spatialperturbtargetballstate,"{""--ablation"": ""softmin_only"", ""--ball-speed"": 9, ""--no-plot"": null, ""--perturb-sign"": ""random"", ""--random-perturb"": null, ""--serve-box"": null, ""--space-perturb-m"": 0.1, ""--space-perturb-min-m"": 0.0, ""--spatial-perturb-target"": ""ballstate""}",61,True,active,0.104155,1.968963,0.09086,35.0,105.0,1.81,0.99,1.9,25.0,0.104155,1.718,1.55,
exp20c_shared_targets,ablationsoftmin_only__ballspeed9__noplot__perturbsignrandom__randomperturb__servebox__spaceperturbm0.1__spaceperturbminm0.0__spatialperturbtargetballstate,"{""--ablation"": ""softmin_only"", ""--ball-speed"": 9, ""--no-plot"": null, ""--perturb-sign"": ""random"", ""--random-perturb"": null, ""--serve-box"": null, ""--space-perturb-m"": 0.1, ""--space-perturb-min-m"": 0.0, ""--spatial-perturb-target"": ""ballstate""}",59,True,active,0.049485,1.999905,0.049485,35.0,105.0,1.8,1.0,1.9,30.0,0.049485,1.677,1.8,
exp20c_shared_targets,ablationsoftmin_only__ballspeed9__noplot__perturbsignrandom__randomperturb__servebox__spaceperturbm0.1__spaceperturbminm0.0__spatialperturbtargetballstate,"{""--ablation"": ""softmin_only"", ""--ball-speed"": 9, ""--no-plot"": null, ""--perturb-sign"": ""random"", ""--random-perturb"": null, ""--serve-box"": null, ""--space-perturb-m"": 0.1, ""--space-perturb-min-m"": 0.0, ""--spatial-perturb-target"": ""ballstate""}",60,False,miss,0.403172,1.951184,0.177827,10.0,0.0,1.8,1.0,1.8,0.0,0.403172,0.0,1.81,
exp20c_shared_targets,ablationsoftmin_only__ballspeed9__noplot__perturbsignrandom__randomperturb__servebox__spaceperturbm0.1__spaceperturbminm0.0__spatialperturbtargetballstate,"{""--ablation"": ""softmin_only"", ""--ball-speed"": 9, ""--no-plot"": null, ""--perturb-sign"": ""random"", ""--random-perturb"": null, ""--serve-box"": null, ""--space-perturb-m"": 0.1, ""--space-perturb-min-m"": 0.0, ""--spatial-perturb-target"": ""ballstate""}",67,True,active,0.150674,1.937807,0.141885,40.0,55.0,1.4,1.0,1.8,10.0,0.150674,1.16,1.37,
exp20c_shared_targets,ablationsoftmin_only__ballspeed9__noplot__perturbsignrandom__randomperturb__servebox__spaceperturbm0.1__spaceperturbminm0.0__spatialperturbtargetballstate,"{""--ablation"": ""softmin_only"", ""--ball-speed"": 9, ""--no-plot"": null, ""--perturb-sign"": ""random"", ""--random-perturb"": null, ""--serve-box"": null, ""--space-perturb-m"": 0.1, ""--space-perturb-min-m"": 0.0, ""--spatial-perturb-target"": ""ballstate""}",65,True,active,0.040128,1.949708,0.040128,40.0,105.0,1.79,1.0,2.1,20.0,0.040128,1.787,1.68,
exp20c_shared_targets,ablationsoftmin_only__ballspeed9__noplot__perturbsignrandom__randomperturb__servebox__spaceperturbm0.1__spaceperturbminm0.0__spatialperturbtargetballstate,"{""--ablation"": ""softmin_only"", ""--ball-speed"": 9, ""--no-plot"": null, ""--perturb-sign"": ""random"", ""--random-perturb"": null, ""--serve-box"": null, ""--space-perturb-m"": 0.1, ""--space-perturb-min-m"": 0.0, ""--spatial-perturb-target"": ""ballstate""}",69,True,active,0.07308,1.970919,0.06459,35.0,105.0,1.8,0.97,1.8,25.0,0.07308,1.765,1.37,
exp20c_shared_targets,ablationsoftmin_only__ballspeed9__noplot__perturbsignrandom__randomperturb__servebox__spaceperturbm0.1__spaceperturbminm0.0__spatialperturbtargetballstate,"{""--ablation"": ""softmin_only"", ""--ball-speed"": 9, ""--no-plot"": null, ""--perturb-sign"": ""random"", ""--random-perturb"": null, ""--serve-box"": null, ""--space-perturb-m"": 0.1, ""--space-perturb-min-m"": 0.0, ""--spatial-perturb-target"": ""ballstate""}",70,True,active,0.058635,1.961872,0.050477,50.0,105.0,1.49,1.0,1.9,10.0,0.058635,1.306,1.47,
exp20c_shared_targets,ablationsoftmin_only__ballspeed9__noplot__perturbsignrandom__randomperturb__servebox__spaceperturbm0.1__spaceperturbminm0.0__spatialperturbtargetballstate,"{""--ablation"": ""softmin_only"", ""--ball-speed"": 9, ""--no-plot"": null, ""--perturb-sign"": ""random"", ""--random-perturb"": null, ""--serve-box"": null, ""--space-perturb-m"": 0.1, ""--space-perturb-min-m"": 0.0, ""--spatial-perturb-target"": ""ballstate""}",68,True,active,0.023091,1.929124,0.023091,35.0,105.0,1.63,1.0,1.4,10.0,0.023091,1.583,1.67,
exp20c_shared_targets,ablationsoftmin_only__ballspeed9__noplot__perturbsignrandom__randomperturb__servebox__spaceperturbm0.1__spaceperturbminm0.0__spatialperturbtargetballstate,"{""--ablation"": ""softmin_only"", ""--ball-speed"": 9, ""--no-plot"": null, ""--perturb-sign"": ""random"", ""--random-perturb"": null, ""--serve-box"": null, ""--space-perturb-m"": 0.1, ""--space-perturb-min-m"": 0.0, ""--spatial-perturb-target"": ""ballstate""}",72,True,active,0.058642,1.979397,0.058642,40.0,105.0,1.81,0.99,1.7,15.0,0.058642,1.646,1.41,
exp20c_shared_targets,ablationsoftmin_only__ballspeed9__noplot__perturbsignrandom__randomperturb__servebox__spaceperturbm0.1__spaceperturbminm0.0__spatialperturbtargetballstate,"{""--ablation"": ""softmin_only"", ""--ball-speed"": 9, ""--no-plot"": null, ""--perturb-sign"": ""random"", ""--random-perturb"": null, ""--serve-box"": null, ""--space-perturb-m"": 0.1, ""--space-perturb-min-m"": 0.0, ""--spatial-perturb-target"": ""ballstate""}",71,True,active,0.092525,1.960923,0.088604,45.0,105.0,1.5,0.99,1.4,10.0,0.092525,1.314,1.5,
exp20c_shared_targets,ablationsoftmin_only__ballspeed9__noplot__perturbsignrandom__randomperturb__servebox__spaceperturbm0.1__spaceperturbminm0.0__spatialperturbtargetballstate,"{""--ablation"": ""softmin_only"", ""--ball-speed"": 9, ""--no-plot"": null, ""--perturb-sign"": ""random"", ""--random-perturb"": null, ""--serve-box"": null, ""--space-perturb-m"": 0.1, ""--space-perturb-min-m"": 0.0, ""--spatial-perturb-target"": ""ballstate""}",63,True,active,0.069607,1.952449,0.069607,30.0,105.0,1.81,0.99,1.9,25.0,0.069607,1.612,2.2,
exp20c_shared_targets,ablationsoftmin_only__ballspeed9__noplot__perturbsignrandom__randomperturb__servebox__spaceperturbm0.1__spaceperturbminm0.0__spatialperturbtargetballstate,"{""--ablation"": ""softmin_only"", ""--ball-speed"": 9, ""--no-plot"": null, ""--perturb-sign"": ""random"", ""--random-perturb"": null, ""--serve-box"": null, ""--space-perturb-m"": 0.1, ""--space-perturb-min-m"": 0.0, ""--spatial-perturb-target"": ""ballstate""}",64,True,active,0.039244,1.966302,0.028593,45.0,105.0,1.8,1.0,2.0,20.0,0.039244,1.782,2.62,
exp20c_shared_targets,ablationsoftmin_only__ballspeed9__noplot__perturbsignrandom__randomperturb__servebox__spaceperturbm0.1__spaceperturbminm0.0__spatialperturbtargetballstate,"{""--ablation"": ""softmin_only"", ""--ball-speed"": 9, ""--no-plot"": null, ""--perturb-sign"": ""random"", ""--random-perturb"": null, ""--serve-box"": null, ""--space-perturb-m"": 0.1, ""--space-perturb-min-m"": 0.0, ""--spatial-perturb-target"": ""ballstate""}",66,True,active,0.043313,1.961095,0.01321,0.0,0.0,1.83,1.0,1.7,20.0,0.043313,1.775,2.53,
exp20c_shared_targets,ablationsoftmin_only__ballspeed9__noplot__perturbsignrandom__randomperturb__servebox__spaceperturbm0.1__spaceperturbminm0.0__spatialperturbtargetballstate,"{""--ablation"": ""softmin_only"", ""--ball-speed"": 9, ""--no-plot"": null, ""--perturb-sign"": ""random"", ""--random-perturb"": null, ""--serve-box"": null, ""--space-perturb-m"": 0.1, ""--space-perturb-min-m"": 0.0, ""--spatial-perturb-target"": ""ballstate""}",74,False,miss,0.399942,1.969056,0.162108,15.0,0.0,1.79,1.0,1.9,0.0,0.399942,0.0,1.46,
exp20c_shared_targets,ablationsoftmin_only__ballspeed9__noplot__perturbsignrandom__randomperturb__servebox__spaceperturbm0.1__spaceperturbminm0.0__spatialperturbtargetballstate,"{""--ablation"": ""softmin_only"", ""--ball-speed"": 9, ""--no-plot"": null, ""--perturb-sign"": ""random"", ""--random-perturb"": null, ""--serve-box"": null, ""--space-perturb-m"": 0.1, ""--space-perturb-min-m"": 0.0, ""--spatial-perturb-target"": ""ballstate""}",62,True,active,0.155684,1.961449,0.146174,40.0,45.0,1.48,1.0,1.3,10.0,0.155684,1.363,2.94,
exp20c_shared_targets,ablationsoftmin_only__ballspeed9__noplot__perturbsignrandom__randomperturb__servebox__spaceperturbm0.1__spaceperturbminm0.0__spatialperturbtargetballstate,"{""--ablation"": ""softmin_only"", ""--ball-speed"": 9, ""--no-plot"": null, ""--perturb-sign"": ""random"", ""--random-perturb"": null, ""--serve-box"": null, ""--space-perturb-m"": 0.1, ""--space-perturb-min-m"": 0.0, ""--spatial-perturb-target"": ""ballstate""}",75,True,active,0.084561,1.966592,0.084561,35.0,105.0,1.47,0.99,1.4,10.0,0.084561,1.009,1.51,
exp20c_shared_targets,ablationsoftmin_only__ballspeed9__noplot__perturbsignrandom__randomperturb__servebox__spaceperturbm0.1__spaceperturbminm0.0__spatialperturbtargetballstate,"{""--ablation"": ""softmin_only"", ""--ball-speed"": 9, ""--no-plot"": null, ""--perturb-sign"": ""random"", ""--random-perturb"": null, ""--serve-box"": null, ""--space-perturb-m"": 0.1, ""--space-perturb-min-m"": 0.0, ""--spatial-perturb-target"": ""ballstate""}",76,True,active,0.112993,1.916361,0.094874,0.0,0.0,1.75,0.99,1.7,20.0,0.112993,1.626,1.47,
exp20c_shared_targets,ablationsoftmin_only__ballspeed9__noplot__perturbsignrandom__randomperturb__servebox__spaceperturbm0.1__spaceperturbminm0.0__spatialperturbtargetballstate,"{""--ablation"": ""softmin_only"", ""--ball-speed"": 9, ""--no-plot"": null, ""--perturb-sign"": ""random"", ""--random-perturb"": null, ""--serve-box"": null, ""--space-perturb-m"": 0.1, ""--space-perturb-min-m"": 0.0, ""--spatial-perturb-target"": ""ballstate""}",77,True,active,0.084782,1.98737,0.078438,40.0,105.0,1.79,1.0,1.3,15.0,0.084782,1.272,1.54,
exp20c_shared_targets,ablationsoftmin_only__ballspeed9__noplot__perturbsignrandom__randomperturb__servebox__spaceperturbm0.1__spaceperturbminm0.0__spatialperturbtargetballstate,"{""--ablation"": ""softmin_only"", ""--ball-speed"": 9, ""--no-plot"": null, ""--perturb-sign"": ""random"", ""--random-perturb"": null, ""--serve-box"": null, ""--space-perturb-m"": 0.1, ""--space-perturb-min-m"": 0.0, ""--spatial-perturb-target"": ""ballstate""}",80,False,miss,0.324301,1.946479,0.170049,15.0,0.0,1.48,0.99,1.5,0.0,0.324301,0.0,1.4,
exp20c_shared_targets,ablationsoftmin_only__ballspeed9__noplot__perturbsignrandom__randomperturb__servebox__spaceperturbm0.1__spaceperturbminm0.0__spatialperturbtargetballstate,"{""--ablation"": ""softmin_only"", ""--ball-speed"": 9, ""--no-plot"": null, ""--perturb-sign"": ""random"", ""--random-perturb"": null, ""--serve-box"": null, ""--space-perturb-m"": 0.1, ""--space-perturb-min-m"": 0.0, ""--spatial-perturb-target"": ""ballstate""}",81,True,active,0.090647,1.968297,0.085285,45.0,105.0,1.65,1.0,1.4,15.0,0.090647,1.242,1.59,
exp20c_shared_targets,ablationsoftmin_only__ballspeed9__noplot__perturbsignrandom__randomperturb__servebox__spaceperturbm0.1__spaceperturbminm0.0__spatialperturbtargetballstate,"{""--ablation"": ""softmin_only"", ""--ball-speed"": 9, ""--no-plot"": null, ""--perturb-sign"": ""random"", ""--random-perturb"": null, ""--serve-box"": null, ""--space-perturb-m"": 0.1, ""--space-perturb-min-m"": 0.0, ""--spatial-perturb-target"": ""ballstate""}",83,True,active,0.119005,1.97617,0.11782,35.0,105.0,1.8,1.0,2.0,20.0,0.119005,1.57,1.42,
exp20c_shared_targets,ablationsoftmin_only__ballspeed9__noplot__perturbsignrandom__randomperturb__servebox__spaceperturbm0.1__spaceperturbminm0.0__spatialperturbtargetballstate,"{""--ablation"": ""softmin_only"", ""--ball-speed"": 9, ""--no-plot"": null, ""--perturb-sign"": ""random"", ""--random-perturb"": null, ""--serve-box"": null, ""--space-perturb-m"": 0.1, ""--space-perturb-min-m"": 0.0, ""--spatial-perturb-target"": ""ballstate""}",78,True,active,0.13612,1.955216,0.13612,30.0,105.0,1.79,1.0,2.0,15.0,0.13612,1.642,2.11,
exp20c_shared_targets,ablationsoftmin_only__ballspeed9__noplot__perturbsignrandom__randomperturb__servebox__spaceperturbm0.1__spaceperturbminm0.0__spatialperturbtargetballstate,"{""--ablation"": ""softmin_only"", ""--ball-speed"": 9, ""--no-plot"": null, ""--perturb-sign"": ""random"", ""--random-perturb"": null, ""--serve-box"": null, ""--space-perturb-m"": 0.1, ""--space-perturb-min-m"": 0.0, ""--spatial-perturb-target"": ""ballstate""}",73,True,active,0.14283,1.987032,0.131646,30.0,65.0,1.81,0.99,2.1,25.0,0.14283,1.707,2.75,
exp20c_shared_targets,ablationsoftmin_only__ballspeed9__noplot__perturbsignrandom__randomperturb__servebox__spaceperturbm0.1__spaceperturbminm0.0__spatialperturbtargetballstate,"{""--ablation"": ""softmin_only"", ""--ball-speed"": 9, ""--no-plot"": null, ""--perturb-sign"": ""random"", ""--random-perturb"": null, ""--serve-box"": null, ""--space-perturb-m"": 0.1, ""--space-perturb-min-m"": 0.0, ""--spatial-perturb-target"": ""ballstate""}",85,True,active,0.007726,1.941045,0.007726,50.0,105.0,1.79,1.0,2.0,5.0,0.007726,1.141,1.5,
exp20c_shared_targets,ablationsoftmin_only__ballspeed9__noplot__perturbsignrandom__randomperturb__servebox__spaceperturbm0.1__spaceperturbminm0.0__spatialperturbtargetballstate,"{""--ablation"": ""softmin_only"", ""--ball-speed"": 9, ""--no-plot"": null, ""--perturb-sign"": ""random"", ""--random-perturb"": null, ""--serve-box"": null, ""--space-perturb-m"": 0.1, ""--space-perturb-min-m"": 0.0, ""--spatial-perturb-target"": ""ballstate""}",86,True,active,0.108461,1.966233,0.108461,35.0,105.0,1.77,1.0,1.7,15.0,0.108461,1.735,1.5,
exp20c_shared_targets,ablationsoftmin_only__ballspeed9__noplot__perturbsignrandom__randomperturb__servebox__spaceperturbm0.1__spaceperturbminm0.0__spatialperturbtargetballstate,"{""--ablation"": ""softmin_only"", ""--ball-speed"": 9, ""--no-plot"": null, ""--perturb-sign"": ""random"", ""--random-perturb"": null, ""--serve-box"": null, ""--space-perturb-m"": 0.1, ""--space-perturb-min-m"": 0.0, ""--spatial-perturb-target"": ""ballstate""}",79,False,miss,0.368029,1.946569,0.135254,0.0,0.0,1.76,1.0,1.6,0.0,0.368029,0.0,2.26,
exp20c_shared_targets,ablationsoftmin_only__ballspeed9__noplot__perturbsignrandom__randomperturb__servebox__spaceperturbm0.1__spaceperturbminm0.0__spatialperturbtargetballstate,"{""--ablation"": ""softmin_only"", ""--ball-speed"": 9, ""--no-plot"": null, ""--perturb-sign"": ""random"", ""--random-perturb"": null, ""--serve-box"": null, ""--space-perturb-m"": 0.1, ""--space-perturb-min-m"": 0.0, ""--spatial-perturb-target"": ""ballstate""}",88,True,active,0.066875,1.987833,0.051816,45.0,105.0,1.6,1.0,1.6,15.0,0.066875,1.578,1.56,
exp20c_shared_targets,ablationsoftmin_only__ballspeed9__noplot__perturbsignrandom__randomperturb__servebox__spaceperturbm0.1__spaceperturbminm0.0__spatialperturbtargetballstate,"{""--ablation"": ""softmin_only"", ""--ball-speed"": 9, ""--no-plot"": null, ""--perturb-sign"": ""random"", ""--random-perturb"": null, ""--serve-box"": null, ""--space-perturb-m"": 0.1, ""--space-perturb-min-m"": 0.0, ""--spatial-perturb-target"": ""ballstate""}",89,False,miss,0.398893,1.958894,0.172161,15.0,0.0,1.78,0.95,1.7,0.0,0.398893,0.0,1.42,
exp20c_shared_targets,ablationsoftmin_only__ballspeed9__noplot__perturbsignrandom__randomperturb__servebox__spaceperturbm0.1__spaceperturbminm0.0__spatialperturbtargetballstate,"{""--ablation"": ""softmin_only"", ""--ball-speed"": 9, ""--no-plot"": null, ""--perturb-sign"": ""random"", ""--random-perturb"": null, ""--serve-box"": null, ""--space-perturb-m"": 0.1, ""--space-perturb-min-m"": 0.0, ""--spatial-perturb-target"": ""ballstate""}",87,True,active,0.090138,1.957224,0.088035,35.0,105.0,1.79,1.0,1.9,25.0,0.090138,1.733,1.72,
exp20c_shared_targets,ablationsoftmin_only__ballspeed9__noplot__perturbsignrandom__randomperturb__servebox__spaceperturbm0.1__spaceperturbminm0.0__spatialperturbtargetballstate,"{""--ablation"": ""softmin_only"", ""--ball-speed"": 9, ""--no-plot"": null, ""--perturb-sign"": ""random"", ""--random-perturb"": null, ""--serve-box"": null, ""--space-perturb-m"": 0.1, ""--space-perturb-min-m"": 0.0, ""--spatial-perturb-target"": ""ballstate""}",82,True,active,0.108119,1.959593,0.108024,40.0,105.0,1.5,0.99,1.4,10.0,0.108119,1.286,2.7,
exp20c_shared_targets,ablationsoftmin_only__ballspeed9__noplot__perturbsignrandom__randomperturb__servebox__spaceperturbm0.1__spaceperturbminm0.0__spatialperturbtargetballstate,"{""--ablation"": ""softmin_only"", ""--ball-speed"": 9, ""--no-plot"": null, ""--perturb-sign"": ""random"", ""--random-perturb"": null, ""--serve-box"": null, ""--space-perturb-m"": 0.1, ""--space-perturb-min-m"": 0.0, ""--spatial-perturb-target"": ""ballstate""}",91,True,active,0.046584,1.951035,0.046584,40.0,105.0,1.4,0.99,1.2,10.0,0.046584,0.902,1.5,
exp20c_shared_targets,ablationsoftmin_only__ballspeed9__noplot__perturbsignrandom__randomperturb__servebox__spaceperturbm0.1__spaceperturbminm0.0__spatialperturbtargetballstate,"{""--ablation"": ""softmin_only"", ""--ball-speed"": 9, ""--no-plot"": null, ""--perturb-sign"": ""random"", ""--random-perturb"": null, ""--serve-box"": null, ""--space-perturb-m"": 0.1, ""--space-perturb-min-m"": 0.0, ""--spatial-perturb-target"": ""ballstate""}",92,False,miss,0.45035,1.951178,0.205972,0.0,0.0,1.78,1.0,1.4,0.0,0.45035,0.0,1.39,
exp20c_shared_targets,ablationsoftmin_only__ballspeed9__noplot__perturbsignrandom__randomperturb__servebox__spaceperturbm0.1__spaceperturbminm0.0__spatialperturbtargetballstate,"{""--ablation"": ""softmin_only"", ""--ball-speed"": 9, ""--no-plot"": null, ""--perturb-sign"": ""random"", ""--random-perturb"": null, ""--serve-box"": null, ""--space-perturb-m"": 0.1, ""--space-perturb-min-m"": 0.0, ""--spatial-perturb-target"": ""ballstate""}",93,True,active,0.125654,1.957839,0.113078,35.0,80.0,1.77,1.0,2.3,20.0,0.125654,1.557,1.42,
exp20c_shared_targets,ablationsoftmin_only__ballspeed9__noplot__perturbsignrandom__randomperturb__servebox__spaceperturbm0.1__spaceperturbminm0.0__spatialperturbtargetballstate,"{""--ablation"": ""softmin_only"", ""--ball-speed"": 9, ""--no-plot"": null, ""--perturb-sign"": ""random"", ""--random-perturb"": null, ""--serve-box"": null, ""--space-perturb-m"": 0.1, ""--space-perturb-min-m"": 0.0, ""--spatial-perturb-target"": ""ballstate""}",95,True,active,0.14278,1.970295,0.137372,30.0,65.0,1.78,1.0,1.5,20.0,0.14278,1.521,1.47,
exp20c_shared_targets,ablationsoftmin_only__ballspeed9__noplot__perturbsignrandom__randomperturb__servebox__spaceperturbm0.1__spaceperturbminm0.0__spatialperturbtargetballstate,"{""--ablation"": ""softmin_only"", ""--ball-speed"": 9, ""--no-plot"": null, ""--perturb-sign"": ""random"", ""--random-perturb"": null, ""--serve-box"": null, ""--space-perturb-m"": 0.1, ""--space-perturb-min-m"": 0.0, ""--spatial-perturb-target"": ""ballstate""}",90,True,active,0.106729,1.988046,0.102614,40.0,105.0,1.72,0.99,1.7,10.0,0.106729,1.447,2.28,
exp20c_shared_targets,ablationsoftmin_only__ballspeed9__noplot__perturbsignrandom__randomperturb__servebox__spaceperturbm0.1__spaceperturbminm0.0__spatialperturbtargetballstate,"{""--ablation"": ""softmin_only"", ""--ball-speed"": 9, ""--no-plot"": null, ""--perturb-sign"": ""random"", ""--random-perturb"": null, ""--serve-box"": null, ""--space-perturb-m"": 0.1, ""--space-perturb-min-m"": 0.0, ""--spatial-perturb-target"": ""ballstate""}",98,True,active,0.097698,1.939326,0.065147,0.0,0.0,1.48,1.0,1.6,20.0,0.097698,1.365,1.42,
exp20c_shared_targets,ablationsoftmin_only__ballspeed9__noplot__perturbsignrandom__randomperturb__servebox__spaceperturbm0.1__spaceperturbminm0.0__spatialperturbtargetballstate,"{""--ablation"": ""softmin_only"", ""--ball-speed"": 9, ""--no-plot"": null, ""--perturb-sign"": ""random"", ""--random-perturb"": null, ""--serve-box"": null, ""--space-perturb-m"": 0.1, ""--space-perturb-min-m"": 0.0, ""--spatial-perturb-target"": ""ballstate""}",96,True,active,0.014176,1.95138,0.014176,0.0,0.0,1.79,0.98,1.8,10.0,0.014176,1.79,1.6,
exp20c_shared_targets,ablationsoftmin_only__ballspeed9__noplot__perturbsignrandom__randomperturb__servebox__spaceperturbm0.1__spaceperturbminm0.0__spatialperturbtargetballstate,"{""--ablation"": ""softmin_only"", ""--ball-speed"": 9, ""--no-plot"": null, ""--perturb-sign"": ""random"", ""--random-perturb"": null, ""--serve-box"": null, ""--space-perturb-m"": 0.1, ""--space-perturb-min-m"": 0.0, ""--spatial-perturb-target"": ""ballstate""}",84,True,active,0.12672,1.818074,0.122991,0.0,15.0,1.8,1.0,2.3,20.0,0.12672,1.739,3.15,
exp20c_shared_targets,ablationsoftmin_only__ballspeed9__noplot__perturbsignrandom__randomperturb__servebox__spaceperturbm0.1__spaceperturbminm0.0__spatialperturbtargetballstate,"{""--ablation"": ""softmin_only"", ""--ball-speed"": 9, ""--no-plot"": null, ""--perturb-sign"": ""random"", ""--random-perturb"": null, ""--serve-box"": null, ""--space-perturb-m"": 0.1, ""--space-perturb-min-m"": 0.0, ""--spatial-perturb-target"": ""ballstate""}",97,False,miss,0.445333,1.989183,0.161843,20.0,0.0,1.79,0.99,2.1,0.0,0.445333,0.0,1.66,
exp20c_shared_targets,ablationsoftmin_only__ballspeed9__noplot__perturbsignrandom__randomperturb__servebox__spaceperturbm0.1__spaceperturbminm0.0__spatialperturbtargetballstate,"{""--ablation"": ""softmin_only"", ""--ball-speed"": 9, ""--no-plot"": null, ""--perturb-sign"": ""random"", ""--random-perturb"": null, ""--serve-box"": null, ""--space-perturb-m"": 0.1, ""--space-perturb-min-m"": 0.0, ""--spatial-perturb-target"": ""ballstate""}",100,True,active,0.086817,1.968362,0.086662,40.0,105.0,1.8,0.98,2.0,25.0,0.086817,1.796,1.38,
exp20c_shared_targets,ablationnone__ballspeed9__noplot__perturbsignrandom__randomperturb__servebox__spaceperturbm0.1__spaceperturbminm0.0__spatialperturbtargetballstate,"{""--ablation"": ""none"", ""--ball-speed"": 9, ""--no-plot"": null, ""--perturb-sign"": ""random"", ""--random-perturb"": null, ""--serve-box"": null, ""--space-perturb-m"": 0.1, ""--space-perturb-min-m"": 0.0, ""--spatial-perturb-target"": ""ballstate""}",2,True,active,0.047671,1.974406,0.022,45.0,0.0,1.8,0.97,1.6,5.0,0.047671,1.227,1.46,
exp20c_shared_targets,ablationnone__ballspeed9__noplot__perturbsignrandom__randomperturb__servebox__spaceperturbm0.1__spaceperturbminm0.0__spatialperturbtargetballstate,"{""--ablation"": ""none"", ""--ball-speed"": 9, ""--no-plot"": null, ""--perturb-sign"": ""random"", ""--random-perturb"": null, ""--serve-box"": null, ""--space-perturb-m"": 0.1, ""--space-perturb-min-m"": 0.0, ""--spatial-perturb-target"": ""ballstate""}",3,True,active,0.057632,1.96595,0.057632,20.0,0.0,1.79,0.99,1.6,10.0,0.057632,1.772,1.4,
exp20c_shared_targets,ablationnone__ballspeed9__noplot__perturbsignrandom__randomperturb__servebox__spaceperturbm0.1__spaceperturbminm0.0__spatialperturbtargetballstate,"{""--ablation"": ""none"", ""--ball-speed"": 9, ""--no-plot"": null, ""--perturb-sign"": ""random"", ""--random-perturb"": null, ""--serve-box"": null, ""--space-perturb-m"": 0.1, ""--space-perturb-min-m"": 0.0, ""--spatial-perturb-target"": ""ballstate""}",1,True,active,0.043415,1.955511,0.043415,40.0,0.0,1.76,0.99,1.6,15.0,0.043415,1.742,1.82,
exp20c_shared_targets,ablationnone__ballspeed9__noplot__perturbsignrandom__randomperturb__servebox__spaceperturbm0.1__spaceperturbminm0.0__spatialperturbtargetballstate,"{""--ablation"": ""none"", ""--ball-speed"": 9, ""--no-plot"": null, ""--perturb-sign"": ""random"", ""--random-perturb"": null, ""--serve-box"": null, ""--space-perturb-m"": 0.1, ""--space-perturb-min-m"": 0.0, ""--spatial-perturb-target"": ""ballstate""}",5,False,miss,0.311151,1.936639,0.097352,0.0,0.0,1.4,1.0,1.1,0.0,0.311151,0.0,1.37,
exp20c_shared_targets,ablationsoftmin_only__ballspeed9__noplot__perturbsignrandom__randomperturb__servebox__spaceperturbm0.1__spaceperturbminm0.0__spatialperturbtargetballstate,"{""--ablation"": ""softmin_only"", ""--ball-speed"": 9, ""--no-plot"": null, ""--perturb-sign"": ""random"", ""--random-perturb"": null, ""--serve-box"": null, ""--space-perturb-m"": 0.1, ""--space-perturb-min-m"": 0.0, ""--spatial-perturb-target"": ""ballstate""}",94,True,active,0.130075,1.95606,0.130075,30.0,105.0,1.49,1.0,1.4,15.0,0.130075,1.355,2.87,
exp20c_shared_targets,ablationnone__ballspeed9__noplot__perturbsignrandom__randomperturb__servebox__spaceperturbm0.1__spaceperturbminm0.0__spatialperturbtargetballstate,"{""--ablation"": ""none"", ""--ball-speed"": 9, ""--no-plot"": null, ""--perturb-sign"": ""random"", ""--random-perturb"": null, ""--serve-box"": null, ""--space-perturb-m"": 0.1, ""--space-perturb-min-m"": 0.0, ""--spatial-perturb-target"": ""ballstate""}",6,True,active,0.052372,1.943311,0.045496,50.0,0.0,1.38,0.98,1.2,5.0,0.052372,0.843,1.4,
exp20c_shared_targets,ablationsoftmin_only__ballspeed9__noplot__perturbsignrandom__randomperturb__servebox__spaceperturbm0.1__spaceperturbminm0.0__spatialperturbtargetballstate,"{""--ablation"": ""softmin_only"", ""--ball-speed"": 9, ""--no-plot"": null, ""--perturb-sign"": ""random"", ""--random-perturb"": null, ""--serve-box"": null, ""--space-perturb-m"": 0.1, ""--space-perturb-min-m"": 0.0, ""--spatial-perturb-target"": ""ballstate""}",99,False,miss,0.364648,1.975332,0.152131,20.0,40.0,1.68,1.0,1.7,0.0,0.364648,0.0,2.59,
exp20c_shared_targets,ablationnone__ballspeed9__noplot__perturbsignrandom__randomperturb__servebox__spaceperturbm0.1__spaceperturbminm0.0__spatialperturbtargetballstate,"{""--ablation"": ""none"", ""--ball-speed"": 9, ""--no-plot"": null, ""--perturb-sign"": ""random"", ""--random-perturb"": null, ""--serve-box"": null, ""--space-perturb-m"": 0.1, ""--space-perturb-min-m"": 0.0, ""--spatial-perturb-target"": ""ballstate""}",10,True,active,0.058955,1.9445,0.030156,30.0,0.0,1.61,1.0,1.5,10.0,0.058955,1.128,1.42,
exp20c_shared_targets,ablationnone__ballspeed9__noplot__perturbsignrandom__randomperturb__servebox__spaceperturbm0.1__spaceperturbminm0.0__spatialperturbtargetballstate,"{""--ablation"": ""none"", ""--ball-speed"": 9, ""--no-plot"": null, ""--perturb-sign"": ""random"", ""--random-perturb"": null, ""--serve-box"": null, ""--space-perturb-m"": 0.1, ""--space-perturb-min-m"": 0.0, ""--spatial-perturb-target"": ""ballstate""}",9,True,active,0.034961,1.94045,0.034961,40.0,0.0,1.8,0.98,1.7,10.0,0.034961,0.826,1.46,
exp20c_shared_targets,ablationnone__ballspeed9__noplot__perturbsignrandom__randomperturb__servebox__spaceperturbm0.1__spaceperturbminm0.0__spatialperturbtargetballstate,"{""--ablation"": ""none"", ""--ball-speed"": 9, ""--no-plot"": null, ""--perturb-sign"": ""random"", ""--random-perturb"": null, ""--serve-box"": null, ""--space-perturb-m"": 0.1, ""--space-perturb-min-m"": 0.0, ""--spatial-perturb-target"": ""ballstate""}",21,,,,,,,,,,,,,,0.19,no_result
exp20c_shared_targets,ablationnone__ballspeed9__noplot__perturbsignrandom__randomperturb__servebox__spaceperturbm0.1__spaceperturbminm0.0__spatialperturbtargetballstate,"{""--ablation"": ""none"", ""--ball-speed"": 9, ""--no-plot"": null, ""--perturb-sign"": ""random"", ""--random-perturb"": null, ""--serve-box"": null, ""--space-perturb-m"": 0.1, ""--space-perturb-min-m"": 0.0, ""--spatial-perturb-target"": ""ballstate""}",20,,,,,,,,,,,,,,0.28,no_result
exp20c_shared_targets,ablationnone__ballspeed9__noplot__perturbsignrandom__randomperturb__servebox__spaceperturbm0.1__spaceperturbminm0.0__spatialperturbtargetballstate,"{""--ablation"": ""none"", ""--ball-speed"": 9, ""--no-plot"": null, ""--perturb-sign"": ""random"", ""--random-perturb"": null, ""--serve-box"": null, ""--space-perturb-m"": 0.1, ""--space-perturb-min-m"": 0.0, ""--spatial-perturb-target"": ""ballstate""}",11,True,active,0.122022,1.874223,0.119783,40.0,0.0,1.42,0.99,1.2,5.0,0.122022,0.986,1.67,
exp20c_shared_targets,ablationnone__ballspeed9__noplot__perturbsignrandom__randomperturb__servebox__spaceperturbm0.1__spaceperturbminm0.0__spatialperturbtargetballstate,"{""--ablation"": ""none"", ""--ball-speed"": 9, ""--no-plot"": null, ""--perturb-sign"": ""random"", ""--random-perturb"": null, ""--serve-box"": null, ""--space-perturb-m"": 0.1, ""--space-perturb-min-m"": 0.0, ""--spatial-perturb-target"": ""ballstate""}",13,True,active,0.048986,1.930762,0.038768,45.0,0.0,1.68,1.0,1.4,0.0,0.048986,0.911,1.42,
exp20c_shared_targets,ablationnone__ballspeed9__noplot__perturbsignrandom__randomperturb__servebox__spaceperturbm0.1__spaceperturbminm0.0__spatialperturbtargetballstate,"{""--ablation"": ""none"", ""--ball-speed"": 9, ""--no-plot"": null, ""--perturb-sign"": ""random"", ""--random-perturb"": null, ""--serve-box"": null, ""--space-perturb-m"": 0.1, ""--space-perturb-min-m"": 0.0, ""--spatial-perturb-target"": ""ballstate""}",7,True,active,0.096571,1.945037,0.036711,0.0,0.0,1.39,1.0,1.8,20.0,0.096571,1.277,2.13,
exp20c_shared_targets,ablationnone__ballspeed9__noplot__perturbsignrandom__randomperturb__servebox__spaceperturbm0.1__spaceperturbminm0.0__spatialperturbtargetballstate,"{""--ablation"": ""none"", ""--ball-speed"": 9, ""--no-plot"": null, ""--perturb-sign"": ""random"", ""--random-perturb"": null, ""--serve-box"": null, ""--space-perturb-m"": 0.1, ""--space-perturb-min-m"": 0.0, ""--spatial-perturb-target"": ""ballstate""}",15,True,active,0.100397,1.966214,0.058601,40.0,0.0,1.24,1.0,1.2,10.0,0.100397,0.542,1.41,
exp20c_shared_targets,ablationnone__ballspeed9__noplot__perturbsignrandom__randomperturb__servebox__spaceperturbm0.1__spaceperturbminm0.0__spatialperturbtargetballstate,"{""--ablation"": ""none"", ""--ball-speed"": 9, ""--no-plot"": null, ""--perturb-sign"": ""random"", ""--random-perturb"": null, ""--serve-box"": null, ""--space-perturb-m"": 0.1, ""--space-perturb-min-m"": 0.0, ""--spatial-perturb-target"": ""ballstate""}",4,False,miss,0.308474,1.950368,0.111697,0.0,0.0,1.57,0.99,1.4,0.0,0.308474,0.0,2.9,
exp20c_shared_targets,ablationnone__ballspeed9__noplot__perturbsignrandom__randomperturb__servebox__spaceperturbm0.1__spaceperturbminm0.0__spatialperturbtargetballstate,"{""--ablation"": ""none"", ""--ball-speed"": 9, ""--no-plot"": null, ""--perturb-sign"": ""random"", ""--random-perturb"": null, ""--serve-box"": null, ""--space-perturb-m"": 0.1, ""--space-perturb-min-m"": 0.0, ""--spatial-perturb-target"": ""ballstate""}",16,True,active,0.05403,1.976465,0.048777,0.0,0.0,1.77,0.99,1.7,20.0,0.05403,1.499,1.56,
exp20c_shared_targets,ablationnone__ballspeed9__noplot__perturbsignrandom__randomperturb__servebox__spaceperturbm0.1__spaceperturbminm0.0__spatialperturbtargetballstate,"{""--ablation"": ""none"", ""--ball-speed"": 9, ""--no-plot"": null, ""--perturb-sign"": ""random"", ""--random-perturb"": null, ""--serve-box"": null, ""--space-perturb-m"": 0.1, ""--space-perturb-min-m"": 0.0, ""--spatial-perturb-target"": ""ballstate""}",18,True,active,0.07547,1.956533,0.033601,0.0,0.0,1.72,0.99,2.0,15.0,0.07547,1.52,1.39,
exp20c_shared_targets,ablationnone__ballspeed9__noplot__perturbsignrandom__randomperturb__servebox__spaceperturbm0.1__spaceperturbminm0.0__spatialperturbtargetballstate,"{""--ablation"": ""none"", ""--ball-speed"": 9, ""--no-plot"": null, ""--perturb-sign"": ""random"", ""--random-perturb"": null, ""--serve-box"": null, ""--space-perturb-m"": 0.1, ""--space-perturb-min-m"": 0.0, ""--spatial-perturb-target"": ""ballstate""}",17,True,active,0.075449,1.942808,0.075449,35.0,0.0,1.56,0.97,1.5,10.0,0.075449,1.537,1.6,
exp20c_shared_targets,ablationnone__ballspeed9__noplot__perturbsignrandom__randomperturb__servebox__spaceperturbm0.1__spaceperturbminm0.0__spatialperturbtargetballstate,"{""--ablation"": ""none"", ""--ball-speed"": 9, ""--no-plot"": null, ""--perturb-sign"": ""random"", ""--random-perturb"": null, ""--serve-box"": null, ""--space-perturb-m"": 0.1, ""--space-perturb-min-m"": 0.0, ""--spatial-perturb-target"": ""ballstate""}",12,True,active,0.092961,1.946463,0.049741,15.0,0.0,1.15,1.0,1.6,15.0,0.092961,0.981,2.67,
exp20c_shared_targets,ablationnone__ballspeed9__noplot__perturbsignrandom__randomperturb__servebox__spaceperturbm0.1__spaceperturbminm0.0__spatialperturbtargetballstate,"{""--ablation"": ""none"", ""--ball-speed"": 9, ""--no-plot"": null, ""--perturb-sign"": ""random"", ""--random-perturb"": null, ""--serve-box"": null, ""--space-perturb-m"": 0.1, ""--space-perturb-min-m"": 0.0, ""--spatial-perturb-target"": ""ballstate""}",14,True,active,0.046322,1.951837,0.03826,50.0,0.0,1.79,0.99,2.0,5.0,0.046322,1.034,2.3,
exp20c_shared_targets,ablationnone__ballspeed9__noplot__perturbsignrandom__randomperturb__servebox__spaceperturbm0.1__spaceperturbminm0.0__spatialperturbtargetballstate,"{""--ablation"": ""none"", ""--ball-speed"": 9, ""--no-plot"": null, ""--perturb-sign"": ""random"", ""--random-perturb"": null, ""--serve-box"": null, ""--space-perturb-m"": 0.1, ""--space-perturb-min-m"": 0.0, ""--spatial-perturb-target"": ""ballstate""}",8,False,miss,0.217877,1.861173,0.198255,0.0,0.0,1.57,0.99,1.7,0.0,0.217877,0.0,3.04,
exp20c_shared_targets,ablationnone__ballspeed9__noplot__perturbsignrandom__randomperturb__servebox__spaceperturbm0.1__spaceperturbminm0.0__spatialperturbtargetballstate,"{""--ablation"": ""none"", ""--ball-speed"": 9, ""--no-plot"": null, ""--perturb-sign"": ""random"", ""--random-perturb"": null, ""--serve-box"": null, ""--space-perturb-m"": 0.1, ""--space-perturb-min-m"": 0.0, ""--spatial-perturb-target"": ""ballstate""}",19,True,active,0.088949,1.941275,0.024538,0.0,0.0,1.78,0.99,1.2,15.0,0.088949,1.781,1.82,
exp20c_shared_targets,ablationnone__ballspeed9__noplot__perturbsignrandom__randomperturb__servebox__spaceperturbm0.1__spaceperturbminm0.0__spatialperturbtargetballstate,"{""--ablation"": ""none"", ""--ball-speed"": 9, ""--no-plot"": null, ""--perturb-sign"": ""random"", ""--random-perturb"": null, ""--serve-box"": null, ""--space-perturb-m"": 0.1, ""--space-perturb-min-m"": 0.0, ""--spatial-perturb-target"": ""ballstate""}",23,True,active,0.051079,1.938993,0.051079,40.0,0.0,1.65,1.0,1.6,10.0,0.051079,1.402,1.44,
exp20c_shared_targets,ablationnone__ballspeed9__noplot__perturbsignrandom__randomperturb__servebox__spaceperturbm0.1__spaceperturbminm0.0__spatialperturbtargetballstate,"{""--ablation"": ""none"", ""--ball-speed"": 9, ""--no-plot"": null, ""--perturb-sign"": ""random"", ""--random-perturb"": null, ""--serve-box"": null, ""--space-perturb-m"": 0.1, ""--space-perturb-min-m"": 0.0, ""--spatial-perturb-target"": ""ballstate""}",25,False,miss,0.24009,1.913394,0.132204,0.0,0.0,1.05,1.0,1.4,0.0,0.24009,0.0,1.41,
exp20c_shared_targets,ablationnone__ballspeed9__noplot__perturbsignrandom__randomperturb__servebox__spaceperturbm0.1__spaceperturbminm0.0__spatialperturbtargetballstate,"{""--ablation"": ""none"", ""--ball-speed"": 9, ""--no-plot"": null, ""--perturb-sign"": ""random"", ""--random-perturb"": null, ""--serve-box"": null, ""--space-perturb-m"": 0.1, ""--space-perturb-min-m"": 0.0, ""--spatial-perturb-target"": ""ballstate""}",26,True,active,0.071025,1.942761,0.043946,0.0,0.0,1.79,1.0,1.9,15.0,0.071025,1.708,1.42,
exp20c_shared_targets,ablationnone__ballspeed9__noplot__perturbsignrandom__randomperturb__servebox__spaceperturbm0.1__spaceperturbminm0.0__spatialperturbtargetballstate,"{""--ablation"": ""none"", ""--ball-speed"": 9, ""--no-plot"": null, ""--perturb-sign"": ""random"", ""--random-perturb"": null, ""--serve-box"": null, ""--space-perturb-m"": 0.1, ""--space-perturb-min-m"": 0.0, ""--spatial-perturb-target"": ""ballstate""}",24,True,active,0.097651,1.957864,0.073384,40.0,0.0,1.7,1.0,1.6,15.0,0.097651,1.196,1.7,
exp20c_shared_targets,ablationnone__ballspeed9__noplot__perturbsignrandom__randomperturb__servebox__spaceperturbm0.1__spaceperturbminm0.0__spatialperturbtargetballstate,"{""--ablation"": ""none"", ""--ball-speed"": 9, ""--no-plot"": null, ""--perturb-sign"": ""random"", ""--random-perturb"": null, ""--serve-box"": null, ""--space-perturb-m"": 0.1, ""--space-perturb-min-m"": 0.0, ""--spatial-perturb-target"": ""ballstate""}",28,False,miss,0.325607,1.968835,0.112752,0.0,0.0,1.74,1.0,1.2,0.0,0.325607,0.0,1.43,
exp20c_shared_targets,ablationnone__ballspeed9__noplot__perturbsignrandom__randomperturb__servebox__spaceperturbm0.1__spaceperturbminm0.0__spatialperturbtargetballstate,"{""--ablation"": ""none"", ""--ball-speed"": 9, ""--no-plot"": null, ""--perturb-sign"": ""random"", ""--random-perturb"": null, ""--serve-box"": null, ""--space-perturb-m"": 0.1, ""--space-perturb-min-m"": 0.0, ""--spatial-perturb-target"": ""ballstate""}",27,True,passive,0.095013,1.912155,0.081592,40.0,0.0,1.44,1.0,1.4,10.0,0.095013,0.253,1.73,
exp20c_shared_targets,ablationnone__ballspeed9__noplot__perturbsignrandom__randomperturb__servebox__spaceperturbm0.1__spaceperturbminm0.0__spatialperturbtargetballstate,"{""--ablation"": ""none"", ""--ball-speed"": 9, ""--no-plot"": null, ""--perturb-sign"": ""random"", ""--random-perturb"": null, ""--serve-box"": null, ""--space-perturb-m"": 0.1, ""--space-perturb-min-m"": 0.0, ""--spatial-perturb-target"": ""ballstate""}",30,True,active,0.084891,1.914487,0.065737,20.0,0.0,1.42,1.0,1.6,10.0,0.084891,1.287,1.4,
exp20c_shared_targets,ablationnone__ballspeed9__noplot__perturbsignrandom__randomperturb__servebox__spaceperturbm0.1__spaceperturbminm0.0__spatialperturbtargetballstate,"{""--ablation"": ""none"", ""--ball-speed"": 9, ""--no-plot"": null, ""--perturb-sign"": ""random"", ""--random-perturb"": null, ""--serve-box"": null, ""--space-perturb-m"": 0.1, ""--space-perturb-min-m"": 0.0, ""--spatial-perturb-target"": ""ballstate""}",31,True,active,0.126713,1.950399,0.126713,35.0,0.0,1.28,1.0,1.6,5.0,0.126713,0.806,1.39,
exp20c_shared_targets,ablationnone__ballspeed9__noplot__perturbsignrandom__randomperturb__servebox__spaceperturbm0.1__spaceperturbminm0.0__spatialperturbtargetballstate,"{""--ablation"": ""none"", ""--ball-speed"": 9, ""--no-plot"": null, ""--perturb-sign"": ""random"", ""--random-perturb"": null, ""--serve-box"": null, ""--space-perturb-m"": 0.1, ""--space-perturb-min-m"": 0.0, ""--spatial-perturb-target"": ""ballstate""}",29,True,active,0.136886,1.85569,0.131157,45.0,0.0,1.35,1.0,1.7,0.0,0.136886,0.726,1.97,
exp20c_shared_targets,ablationnone__ballspeed9__noplot__perturbsignrandom__randomperturb__servebox__spaceperturbm0.1__spaceperturbminm0.0__spatialperturbtargetballstate,"{""--ablation"": ""none"", ""--ball-speed"": 9, ""--no-plot"": null, ""--perturb-sign"": ""random"", ""--random-perturb"": null, ""--serve-box"": null, ""--space-perturb-m"": 0.1, ""--space-perturb-min-m"": 0.0, ""--spatial-perturb-target"": ""ballstate""}",22,True,active,0.082707,1.910412,0.042326,0.0,0.0,1.4,1.0,1.3,15.0,0.082707,1.333,2.81,
exp20c_shared_targets,ablationnone__ballspeed9__noplot__perturbsignrandom__randomperturb__servebox__spaceperturbm0.1__spaceperturbminm0.0__spatialperturbtargetballstate,"{""--ablation"": ""none"", ""--ball-speed"": 9, ""--no-plot"": null, ""--perturb-sign"": ""random"", ""--random-perturb"": null, ""--serve-box"": null, ""--space-perturb-m"": 0.1, ""--space-perturb-min-m"": 0.0, ""--spatial-perturb-target"": ""ballstate""}",36,True,active,0.113666,1.909894,0.075377,50.0,0.0,1.49,1.0,2.2,10.0,0.113666,0.946,1.47,
exp20c_shared_targets,ablationnone__ballspeed9__noplot__perturbsignrandom__randomperturb__servebox__spaceperturbm0.1__spaceperturbminm0.0__spatialperturbtargetballstate,"{""--ablation"": ""none"", ""--ball-speed"": 9, ""--no-plot"": null, ""--perturb-sign"": ""random"", ""--random-perturb"": null, ""--serve-box"": null, ""--space-perturb-m"": 0.1, ""--space-perturb-min-m"": 0.0, ""--spatial-perturb-target"": ""ballstate""}",34,True,active,0.09426,1.93557,0.058932,40.0,0.0,1.42,1.0,1.2,10.0,0.09426,1.242,1.79,
exp20c_shared_targets,ablationnone__ballspeed9__noplot__perturbsignrandom__randomperturb__servebox__spaceperturbm0.1__spaceperturbminm0.0__spatialperturbtargetballstate,"{""--ablation"": ""none"", ""--ball-speed"": 9, ""--no-plot"": null, ""--perturb-sign"": ""random"", ""--random-perturb"": null, ""--serve-box"": null, ""--space-perturb-m"": 0.1, ""--space-perturb-min-m"": 0.0, ""--spatial-perturb-target"": ""ballstate""}",38,False,miss,0.254354,1.946731,0.119384,0.0,0.0,1.14,1.0,1.1,0.0,0.254354,0.0,1.56,
exp20c_shared_targets,ablationnone__ballspeed9__noplot__perturbsignrandom__randomperturb__servebox__spaceperturbm0.1__spaceperturbminm0.0__spatialperturbtargetballstate,"{""--ablation"": ""none"", ""--ball-speed"": 9, ""--no-plot"": null, ""--perturb-sign"": ""random"", ""--random-perturb"": null, ""--serve-box"": null, ""--space-perturb-m"": 0.1, ""--space-perturb-min-m"": 0.0, ""--spatial-perturb-target"": ""ballstate""}",35,True,active,0.073508,1.955928,0.035943,0.0,0.0,1.79,0.98,1.5,20.0,0.073508,1.737,2.03,
exp20c_shared_targets,ablationnone__ballspeed9__noplot__perturbsignrandom__randomperturb__servebox__spaceperturbm0.1__spaceperturbminm0.0__spatialperturbtargetballstate,"{""--ablation"": ""none"", ""--ball-speed"": 9, ""--no-plot"": null, ""--perturb-sign"": ""random"", ""--random-perturb"": null, ""--serve-box"": null, ""--space-perturb-m"": 0.1, ""--space-perturb-min-m"": 0.0, ""--spatial-perturb-target"": ""ballstate""}",40,True,active,0.051622,1.930144,0.036128,50.0,0.0,1.75,1.0,1.3,10.0,0.051622,1.137,1.61,
exp20c_shared_targets,ablationnone__ballspeed9__noplot__perturbsignrandom__randomperturb__servebox__spaceperturbm0.1__spaceperturbminm0.0__spatialperturbtargetballstate,"{""--ablation"": ""none"", ""--ball-speed"": 9, ""--no-plot"": null, ""--perturb-sign"": ""random"", ""--random-perturb"": null, ""--serve-box"": null, ""--space-perturb-m"": 0.1, ""--space-perturb-min-m"": 0.0, ""--spatial-perturb-target"": ""ballstate""}",37,True,active,0.081112,1.996868,0.00926,0.0,0.0,1.77,1.0,1.6,20.0,0.081112,1.763,1.91,
exp20c_shared_targets,ablationnone__ballspeed9__noplot__perturbsignrandom__randomperturb__servebox__spaceperturbm0.1__spaceperturbminm0.0__spatialperturbtargetballstate,"{""--ablation"": ""none"", ""--ball-speed"": 9, ""--no-plot"": null, ""--perturb-sign"": ""random"", ""--random-perturb"": null, ""--serve-box"": null, ""--space-perturb-m"": 0.1, ""--space-perturb-min-m"": 0.0, ""--spatial-perturb-target"": ""ballstate""}",42,True,active,0.077321,1.950543,0.066545,0.0,0.0,1.79,0.99,1.8,15.0,0.077321,1.246,1.43,
exp20c_shared_targets,ablationnone__ballspeed9__noplot__perturbsignrandom__randomperturb__servebox__spaceperturbm0.1__spaceperturbminm0.0__spatialperturbtargetballstate,"{""--ablation"": ""none"", ""--ball-speed"": 9, ""--no-plot"": null, ""--perturb-sign"": ""random"", ""--random-perturb"": null, ""--serve-box"": null, ""--space-perturb-m"": 0.1, ""--space-perturb-min-m"": 0.0, ""--spatial-perturb-target"": ""ballstate""}",39,True,active,0.083328,1.889571,0.075003,50.0,0.0,1.76,1.0,1.4,5.0,0.083328,0.398,1.77,
exp20c_shared_targets,ablationnone__ballspeed9__noplot__perturbsignrandom__randomperturb__servebox__spaceperturbm0.1__spaceperturbminm0.0__spatialperturbtargetballstate,"{""--ablation"": ""none"", ""--ball-speed"": 9, ""--no-plot"": null, ""--perturb-sign"": ""random"", ""--random-perturb"": null, ""--serve-box"": null, ""--space-perturb-m"": 0.1, ""--space-perturb-min-m"": 0.0, ""--spatial-perturb-target"": ""ballstate""}",41,True,active,0.080709,1.888504,0.080709,40.0,0.0,1.81,1.0,2.6,10.0,0.080709,0.721,1.55,
exp20c_shared_targets,ablationnone__ballspeed9__noplot__perturbsignrandom__randomperturb__servebox__spaceperturbm0.1__spaceperturbminm0.0__spatialperturbtargetballstate,"{""--ablation"": ""none"", ""--ball-speed"": 9, ""--no-plot"": null, ""--perturb-sign"": ""random"", ""--random-perturb"": null, ""--serve-box"": null, ""--space-perturb-m"": 0.1, ""--space-perturb-min-m"": 0.0, ""--spatial-perturb-target"": ""ballstate""}",32,False,miss,0.321307,1.933682,0.164367,15.0,0.0,0.93,1.0,1.3,0.0,0.321307,0.0,2.65,
exp20c_shared_targets,ablationnone__ballspeed9__noplot__perturbsignrandom__randomperturb__servebox__spaceperturbm0.1__spaceperturbminm0.0__spatialperturbtargetballstate,"{""--ablation"": ""none"", ""--ball-speed"": 9, ""--no-plot"": null, ""--perturb-sign"": ""random"", ""--random-perturb"": null, ""--serve-box"": null, ""--space-perturb-m"": 0.1, ""--space-perturb-min-m"": 0.0, ""--spatial-perturb-target"": ""ballstate""}",43,False,miss,0.360347,1.939698,0.171051,0.0,0.0,1.77,1.0,2.0,0.0,0.360347,0.0,1.64,
exp20c_shared_targets,ablationnone__ballspeed9__noplot__perturbsignrandom__randomperturb__servebox__spaceperturbm0.1__spaceperturbminm0.0__spatialperturbtargetballstate,"{""--ablation"": ""none"", ""--ball-speed"": 9, ""--no-plot"": null, ""--perturb-sign"": ""random"", ""--random-perturb"": null, ""--serve-box"": null, ""--space-perturb-m"": 0.1, ""--space-perturb-min-m"": 0.0, ""--spatial-perturb-target"": ""ballstate""}",44,True,active,0.140397,1.946709,0.121743,30.0,0.0,1.8,0.98,2.0,10.0,0.140397,1.719,1.46,
exp20c_shared_targets,ablationnone__ballspeed9__noplot__perturbsignrandom__randomperturb__servebox__spaceperturbm0.1__spaceperturbminm0.0__spatialperturbtargetballstate,"{""--ablation"": ""none"", ""--ball-speed"": 9, ""--no-plot"": null, ""--perturb-sign"": ""random"", ""--random-perturb"": null, ""--serve-box"": null, ""--space-perturb-m"": 0.1, ""--space-perturb-min-m"": 0.0, ""--spatial-perturb-target"": ""ballstate""}",33,True,active,0.094105,1.982571,0.015838,10.0,0.0,1.78,0.99,1.5,15.0,0.094105,0.972,2.96,
exp20c_shared_targets,ablationnone__ballspeed9__noplot__perturbsignrandom__randomperturb__servebox__spaceperturbm0.1__spaceperturbminm0.0__spatialperturbtargetballstate,"{""--ablation"": ""none"", ""--ball-speed"": 9, ""--no-plot"": null, ""--perturb-sign"": ""random"", ""--random-perturb"": null, ""--serve-box"": null, ""--space-perturb-m"": 0.1, ""--space-perturb-min-m"": 0.0, ""--spatial-perturb-target"": ""ballstate""}",46,True,active,0.013284,1.944607,0.013284,50.0,0.0,1.57,0.99,1.7,5.0,0.013284,0.618,1.4,
exp20c_shared_targets,ablationnone__ballspeed9__noplot__perturbsignrandom__randomperturb__servebox__spaceperturbm0.1__spaceperturbminm0.0__spatialperturbtargetballstate,"{""--ablation"": ""none"", ""--ball-speed"": 9, ""--no-plot"": null, ""--perturb-sign"": ""random"", ""--random-perturb"": null, ""--serve-box"": null, ""--space-perturb-m"": 0.1, ""--space-perturb-min-m"": 0.0, ""--spatial-perturb-target"": ""ballstate""}",49,True,active,0.091944,1.96097,0.091165,40.0,0.0,1.76,1.0,1.8,10.0,0.091944,1.519,1.45,
exp20c_shared_targets,ablationnone__ballspeed9__noplot__perturbsignrandom__randomperturb__servebox__spaceperturbm0.1__spaceperturbminm0.0__spatialperturbtargetballstate,"{""--ablation"": ""none"", ""--ball-speed"": 9, ""--no-plot"": null, ""--perturb-sign"": ""random"", ""--random-perturb"": null, ""--serve-box"": null, ""--space-perturb-m"": 0.1, ""--space-perturb-min-m"": 0.0, ""--spatial-perturb-target"": ""ballstate""}",50,True,active,0.087363,1.918925,0.077868,35.0,0.0,1.8,0.98,1.8,10.0,0.087363,1.622,1.39,
exp20c_shared_targets,ablationnone__ballspeed9__noplot__perturbsignrandom__randomperturb__servebox__spaceperturbm0.1__spaceperturbminm0.0__spatialperturbtargetballstate,"{""--ablation"": ""none"", ""--ball-speed"": 9, ""--no-plot"": null, ""--perturb-sign"": ""random"", ""--random-perturb"": null, ""--serve-box"": null, ""--space-perturb-m"": 0.1, ""--space-perturb-min-m"": 0.0, ""--spatial-perturb-target"": ""ballstate""}",53,True,active,0.047771,1.951913,0.047771,0.0,0.0,1.74,1.0,1.6,0.0,0.047771,0.782,1.41,
exp20c_shared_targets,ablationnone__ballspeed9__noplot__perturbsignrandom__randomperturb__servebox__spaceperturbm0.1__spaceperturbminm0.0__spatialperturbtargetballstate,"{""--ablation"": ""none"", ""--ball-speed"": 9, ""--no-plot"": null, ""--perturb-sign"": ""random"", ""--random-perturb"": null, ""--serve-box"": null, ""--space-perturb-m"": 0.1, ""--space-perturb-min-m"": 0.0, ""--spatial-perturb-target"": ""ballstate""}",52,True,active,0.099281,1.964278,0.017614,0.0,0.0,1.13,0.99,1.1,15.0,0.099281,1.034,1.58,
exp20c_shared_targets,ablationnone__ballspeed9__noplot__perturbsignrandom__randomperturb__servebox__spaceperturbm0.1__spaceperturbminm0.0__spatialperturbtargetballstate,"{""--ablation"": ""none"", ""--ball-speed"": 9, ""--no-plot"": null, ""--perturb-sign"": ""random"", ""--random-perturb"": null, ""--serve-box"": null, ""--space-perturb-m"": 0.1, ""--space-perturb-min-m"": 0.0, ""--spatial-perturb-target"": ""ballstate""}",56,True,active,0.096612,1.9375,0.053177,0.0,0.0,1.73,0.99,1.5,20.0,0.096612,1.431,1.4,
exp20c_shared_targets,ablationnone__ballspeed9__noplot__perturbsignrandom__randomperturb__servebox__spaceperturbm0.1__spaceperturbminm0.0__spatialperturbtargetballstate,"{""--ablation"": ""none"", ""--ball-speed"": 9, ""--no-plot"": null, ""--perturb-sign"": ""random"", ""--random-perturb"": null, ""--serve-box"": null, ""--space-perturb-m"": 0.1, ""--space-perturb-min-m"": 0.0, ""--spatial-perturb-target"": ""ballstate""}",45,True,active,0.09748,1.940599,0.066909,25.0,0.0,1.52,1.0,2.0,15.0,0.09748,1.168,2.52,
exp20c_shared_targets,ablationnone__ballspeed9__noplot__perturbsignrandom__randomperturb__servebox__spaceperturbm0.1__spaceperturbminm0.0__spatialperturbtargetballstate,"{""--ablation"": ""none"", ""--ball-speed"": 9, ""--no-plot"": null, ""--perturb-sign"": ""random"", ""--random-perturb"": null, ""--serve-box"": null, ""--space-perturb-m"": 0.1, ""--space-perturb-min-m"": 0.0, ""--spatial-perturb-target"": ""ballstate""}",48,True,active,0.055486,1.942908,0.034331,45.0,0.0,1.75,1.0,1.6,5.0,0.055486,1.335,2.23,
exp20c_shared_targets,ablationnone__ballspeed9__noplot__perturbsignrandom__randomperturb__servebox__spaceperturbm0.1__spaceperturbminm0.0__spatialperturbtargetballstate,"{""--ablation"": ""none"", ""--ball-speed"": 9, ""--no-plot"": null, ""--perturb-sign"": ""random"", ""--random-perturb"": null, ""--serve-box"": null, ""--space-perturb-m"": 0.1, ""--space-perturb-min-m"": 0.0, ""--spatial-perturb-target"": ""ballstate""}",55,True,active,0.096247,1.963974,0.025763,25.0,0.0,1.21,1.0,1.0,10.0,0.096247,0.982,1.73,
exp20c_shared_targets,ablationnone__ballspeed9__noplot__perturbsignrandom__randomperturb__servebox__spaceperturbm0.1__spaceperturbminm0.0__spatialperturbtargetballstate,"{""--ablation"": ""none"", ""--ball-speed"": 9, ""--no-plot"": null, ""--perturb-sign"": ""random"", ""--random-perturb"": null, ""--serve-box"": null, ""--space-perturb-m"": 0.1, ""--space-perturb-min-m"": 0.0, ""--spatial-perturb-target"": ""ballstate""}",47,True,active,0.136212,1.863605,0.123218,45.0,0.0,1.16,1.0,1.3,5.0,0.136212,0.458,2.52,
exp20c_shared_targets,ablationnone__ballspeed9__noplot__perturbsignrandom__randomperturb__servebox__spaceperturbm0.1__spaceperturbminm0.0__spatialperturbtargetballstate,"{""--ablation"": ""none"", ""--ball-speed"": 9, ""--no-plot"": null, ""--perturb-sign"": ""random"", ""--random-perturb"": null, ""--serve-box"": null, ""--space-perturb-m"": 0.1, ""--space-perturb-min-m"": 0.0, ""--spatial-perturb-target"": ""ballstate""}",58,True,active,0.045786,1.85066,0.045786,40.0,0.0,1.13,1.0,0.9,5.0,0.045786,0.432,1.51,
exp20c_shared_targets,ablationnone__ballspeed9__noplot__perturbsignrandom__randomperturb__servebox__spaceperturbm0.1__spaceperturbminm0.0__spatialperturbtargetballstate,"{""--ablation"": ""none"", ""--ball-speed"": 9, ""--no-plot"": null, ""--perturb-sign"": ""random"", ""--random-perturb"": null, ""--serve-box"": null, ""--space-perturb-m"": 0.1, ""--space-perturb-min-m"": 0.0, ""--spatial-perturb-target"": ""ballstate""}",59,True,active,0.036491,1.959056,0.036491,0.0,0.0,1.36,0.99,1.2,15.0,0.036491,0.94,1.43,
exp20c_shared_targets,ablationnone__ballspeed9__noplot__perturbsignrandom__randomperturb__servebox__spaceperturbm0.1__spaceperturbminm0.0__spatialperturbtargetballstate,"{""--ablation"": ""none"", ""--ball-speed"": 9, ""--no-plot"": null, ""--perturb-sign"": ""random"", ""--random-perturb"": null, ""--serve-box"": null, ""--space-perturb-m"": 0.1, ""--space-perturb-min-m"": 0.0, ""--spatial-perturb-target"": ""ballstate""}",57,True,active,0.072815,1.978018,0.041185,45.0,0.0,1.55,1.0,1.1,15.0,0.072815,1.022,1.93,
exp20c_shared_targets,ablationnone__ballspeed9__noplot__perturbsignrandom__randomperturb__servebox__spaceperturbm0.1__spaceperturbminm0.0__spatialperturbtargetballstate,"{""--ablation"": ""none"", ""--ball-speed"": 9, ""--no-plot"": null, ""--perturb-sign"": ""random"", ""--random-perturb"": null, ""--serve-box"": null, ""--space-perturb-m"": 0.1, ""--space-perturb-min-m"": 0.0, ""--spatial-perturb-target"": ""ballstate""}",51,False,miss,0.35755,1.921343,0.225073,0.0,0.0,1.1,0.99,1.3,0.0,0.35755,0.0,2.73,
exp20c_shared_targets,ablationnone__ballspeed9__noplot__perturbsignrandom__randomperturb__servebox__spaceperturbm0.1__spaceperturbminm0.0__spatialperturbtargetballstate,"{""--ablation"": ""none"", ""--ball-speed"": 9, ""--no-plot"": null, ""--perturb-sign"": ""random"", ""--random-perturb"": null, ""--serve-box"": null, ""--space-perturb-m"": 0.1, ""--space-perturb-min-m"": 0.0, ""--spatial-perturb-target"": ""ballstate""}",61,True,active,0.06808,1.970109,0.048619,35.0,0.0,1.75,0.99,1.5,15.0,0.06808,1.635,1.38,
exp20c_shared_targets,ablationnone__ballspeed9__noplot__perturbsignrandom__randomperturb__servebox__spaceperturbm0.1__spaceperturbminm0.0__spatialperturbtargetballstate,"{""--ablation"": ""none"", ""--ball-speed"": 9, ""--no-plot"": null, ""--perturb-sign"": ""random"", ""--random-perturb"": null, ""--serve-box"": null, ""--space-perturb-m"": 0.1, ""--space-perturb-min-m"": 0.0, ""--spatial-perturb-target"": ""ballstate""}",54,True,active,0.083907,1.934358,0.083907,0.0,0.0,1.55,1.0,1.7,15.0,0.083907,1.23,2.65,
exp20c_shared_targets,ablationnone__ballspeed9__noplot__perturbsignrandom__randomperturb__servebox__spaceperturbm0.1__spaceperturbminm0.0__spatialperturbtargetballstate,"{""--ablation"": ""none"", ""--ball-speed"": 9, ""--no-plot"": null, ""--perturb-sign"": ""random"", ""--random-perturb"": null, ""--serve-box"": null, ""--space-perturb-m"": 0.1, ""--space-perturb-min-m"": 0.0, ""--spatial-perturb-target"": ""ballstate""}",63,True,active,0.050375,1.985432,0.030964,0.0,0.0,1.78,0.99,1.7,20.0,0.050375,1.686,1.44,
exp20c_shared_targets,ablationnone__ballspeed9__noplot__perturbsignrandom__randomperturb__servebox__spaceperturbm0.1__spaceperturbminm0.0__spatialperturbtargetballstate,"{""--ablation"": ""none"", ""--ball-speed"": 9, ""--no-plot"": null, ""--perturb-sign"": ""random"", ""--random-perturb"": null, ""--serve-box"": null, ""--space-perturb-m"": 0.1, ""--space-perturb-min-m"": 0.0, ""--spatial-perturb-target"": ""ballstate""}",65,True,active,0.032918,1.974165,0.032918,35.0,0.0,1.77,0.99,2.4,10.0,0.032918,1.682,1.5,
exp20c_shared_targets,ablationnone__ballspeed9__noplot__perturbsignrandom__randomperturb__servebox__spaceperturbm0.1__spaceperturbminm0.0__spatialperturbtargetballstate,"{""--ablation"": ""none"", ""--ball-speed"": 9, ""--no-plot"": null, ""--perturb-sign"": ""random"", ""--random-perturb"": null, ""--serve-box"": null, ""--space-perturb-m"": 0.1, ""--space-perturb-min-m"": 0.0, ""--spatial-perturb-target"": ""ballstate""}",68,True,active,0.057524,1.836586,0.057524,40.0,0.0,1.59,1.0,1.7,0.0,0.057524,1.135,1.47,
exp20c_shared_targets,ablationnone__ballspeed9__noplot__perturbsignrandom__randomperturb__servebox__spaceperturbm0.1__spaceperturbminm0.0__spatialperturbtargetballstate,"{""--ablation"": ""none"", ""--ball-speed"": 9, ""--no-plot"": null, ""--perturb-sign"": ""random"", ""--random-perturb"": null, ""--serve-box"": null, ""--space-perturb-m"": 0.1, ""--space-perturb-min-m"": 0.0, ""--spatial-perturb-target"": ""ballstate""}",66,True,active,0.064776,1.93326,0.041841,0.0,0.0,1.79,0.99,1.6,10.0,0.064776,1.197,1.68,
exp20c_shared_targets,ablationnone__ballspeed9__noplot__perturbsignrandom__randomperturb__servebox__spaceperturbm0.1__spaceperturbminm0.0__spatialperturbtargetballstate,"{""--ablation"": ""none"", ""--ball-speed"": 9, ""--no-plot"": null, ""--perturb-sign"": ""random"", ""--random-perturb"": null, ""--serve-box"": null, ""--space-perturb-m"": 0.1, ""--space-perturb-min-m"": 0.0, ""--spatial-perturb-target"": ""ballstate""}",62,True,active,0.046194,1.929965,0.035038,45.0,0.0,1.56,1.0,1.7,5.0,0.046194,1.164,2.22,
exp20c_shared_targets,ablationnone__ballspeed9__noplot__perturbsignrandom__randomperturb__servebox__spaceperturbm0.1__spaceperturbminm0.0__spatialperturbtargetballstate,"{""--ablation"": ""none"", ""--ball-speed"": 9, ""--no-plot"": null, ""--perturb-sign"": ""random"", ""--random-perturb"": null, ""--serve-box"": null, ""--space-perturb-m"": 0.1, ""--space-perturb-min-m"": 0.0, ""--spatial-perturb-target"": ""ballstate""}",70,True,active,0.095879,1.970667,0.051902,55.0,0.0,1.64,0.98,1.3,10.0,0.095879,1.327,1.44,
exp20c_shared_targets,ablationnone__ballspeed9__noplot__perturbsignrandom__randomperturb__servebox__spaceperturbm0.1__spaceperturbminm0.0__spatialperturbtargetballstate,"{""--ablation"": ""none"", ""--ball-speed"": 9, ""--no-plot"": null, ""--perturb-sign"": ""random"", ""--random-perturb"": null, ""--serve-box"": null, ""--space-perturb-m"": 0.1, ""--space-perturb-min-m"": 0.0, ""--spatial-perturb-target"": ""ballstate""}",60,False,miss,0.269784,1.930662,0.131741,0.0,0.0,1.22,0.99,1.2,0.0,0.269784,0.0,2.46,
exp20c_shared_targets,ablationnone__ballspeed9__noplot__perturbsignrandom__randomperturb__servebox__spaceperturbm0.1__spaceperturbminm0.0__spatialperturbtargetballstate,"{""--ablation"": ""none"", ""--ball-speed"": 9, ""--no-plot"": null, ""--perturb-sign"": ""random"", ""--random-perturb"": null, ""--serve-box"": null, ""--space-perturb-m"": 0.1, ""--space-perturb-min-m"": 0.0, ""--spatial-perturb-target"": ""ballstate""}",67,True,active,0.064477,1.94344,0.057614,50.0,0.0,1.28,0.98,1.1,5.0,0.064477,0.873,1.92,
exp20c_shared_targets,ablationnone__ballspeed9__noplot__perturbsignrandom__randomperturb__servebox__spaceperturbm0.1__spaceperturbminm0.0__spatialperturbtargetballstate,"{""--ablation"": ""none"", ""--ball-speed"": 9, ""--no-plot"": null, ""--perturb-sign"": ""random"", ""--random-perturb"": null, ""--serve-box"": null, ""--space-perturb-m"": 0.1, ""--space-perturb-min-m"": 0.0, ""--spatial-perturb-target"": ""ballstate""}",73,True,active,0.095765,1.959479,0.095765,0.0,0.0,1.75,1.0,1.9,20.0,0.095765,1.587,1.44,
exp20c_shared_targets,ablationnone__ballspeed9__noplot__perturbsignrandom__randomperturb__servebox__spaceperturbm0.1__spaceperturbminm0.0__spatialperturbtargetballstate,"{""--ablation"": ""none"", ""--ball-speed"": 9, ""--no-plot"": null, ""--perturb-sign"": ""random"", ""--random-perturb"": null, ""--serve-box"": null, ""--space-perturb-m"": 0.1, ""--space-perturb-min-m"": 0.0, ""--spatial-perturb-target"": ""ballstate""}",74,False,miss,0.286726,1.951619,0.12155,30.0,0.0,1.4,1.0,1.5,0.0,0.286726,0.0,1.46,
exp20c_shared_targets,ablationnone__ballspeed9__noplot__perturbsignrandom__randomperturb__servebox__spaceperturbm0.1__spaceperturbminm0.0__spatialperturbtargetballstate,"{""--ablation"": ""none"", ""--ball-speed"": 9, ""--no-plot"": null, ""--perturb-sign"": ""random"", ""--random-perturb"": null, ""--serve-box"": null, ""--space-perturb-m"": 0.1, ""--space-perturb-min-m"": 0.0, ""--spatial-perturb-target"": ""ballstate""}",64,True,active,0.059187,1.982369,0.048605,0.0,0.0,1.78,1.0,1.5,15.0,0.059187,1.723,2.45,
exp20c_shared_targets,ablationnone__ballspeed9__noplot__perturbsignrandom__randomperturb__servebox__spaceperturbm0.1__spaceperturbminm0.0__spatialperturbtargetballstate,"{""--ablation"": ""none"", ""--ball-speed"": 9, ""--no-plot"": null, ""--perturb-sign"": ""random"", ""--random-perturb"": null, ""--serve-box"": null, ""--space-perturb-m"": 0.1, ""--space-perturb-min-m"": 0.0, ""--spatial-perturb-target"": ""ballstate""}",71,True,active,0.073612,1.979898,0.062708,5.0,0.0,1.8,0.99,1.2,10.0,0.073612,1.58,1.84,
exp20c_shared_targets,ablationnone__ballspeed9__noplot__perturbsignrandom__randomperturb__servebox__spaceperturbm0.1__spaceperturbminm0.0__spatialperturbtargetballstate,"{""--ablation"": ""none"", ""--ball-speed"": 9, ""--no-plot"": null, ""--perturb-sign"": ""random"", ""--random-perturb"": null, ""--serve-box"": null, ""--space-perturb-m"": 0.1, ""--space-perturb-min-m"": 0.0, ""--spatial-perturb-target"": ""ballstate""}",69,True,active,0.070542,1.980003,0.033791,0.0,0.0,1.66,1.0,1.7,15.0,0.070542,1.492,2.17,
exp20c_shared_targets,ablationnone__ballspeed9__noplot__perturbsignrandom__randomperturb__servebox__spaceperturbm0.1__spaceperturbminm0.0__spatialperturbtargetballstate,"{""--ablation"": ""none"", ""--ball-speed"": 9, ""--no-plot"": null, ""--perturb-sign"": ""random"", ""--random-perturb"": null, ""--serve-box"": null, ""--space-perturb-m"": 0.1, ""--space-perturb-min-m"": 0.0, ""--spatial-perturb-target"": ""ballstate""}",75,True,active,0.097487,1.910642,0.067446,50.0,0.0,1.3,1.0,1.2,0.0,0.097487,0.784,1.41,
exp20c_shared_targets,ablationnone__ballspeed9__noplot__perturbsignrandom__randomperturb__servebox__spaceperturbm0.1__spaceperturbminm0.0__spatialperturbtargetballstate,"{""--ablation"": ""none"", ""--ball-speed"": 9, ""--no-plot"": null, ""--perturb-sign"": ""random"", ""--random-perturb"": null, ""--serve-box"": null, ""--space-perturb-m"": 0.1, ""--space-perturb-min-m"": 0.0, ""--spatial-perturb-target"": ""ballstate""}",79,False,miss,0.294545,1.894769,0.123824,0.0,0.0,1.11,0.99,1.1,0.0,0.294545,0.0,1.43,
exp20c_shared_targets,ablationnone__ballspeed9__noplot__perturbsignrandom__randomperturb__servebox__spaceperturbm0.1__spaceperturbminm0.0__spatialperturbtargetballstate,"{""--ablation"": ""none"", ""--ball-speed"": 9, ""--no-plot"": null, ""--perturb-sign"": ""random"", ""--random-perturb"": null, ""--serve-box"": null, ""--space-perturb-m"": 0.1, ""--space-perturb-min-m"": 0.0, ""--spatial-perturb-target"": ""ballstate""}",78,True,active,0.117072,1.919691,0.096134,0.0,0.0,1.32,1.0,1.3,10.0,0.117072,0.949,1.49,
exp20c_shared_targets,ablationnone__ballspeed9__noplot__perturbsignrandom__randomperturb__servebox__spaceperturbm0.1__spaceperturbminm0.0__spatialperturbtargetballstate,"{""--ablation"": ""none"", ""--ball-speed"": 9, ""--no-plot"": null, ""--perturb-sign"": ""random"", ""--random-perturb"": null, ""--serve-box"": null, ""--space-perturb-m"": 0.1, ""--space-perturb-min-m"": 0.0, ""--spatial-perturb-target"": ""ballstate""}",80,True,passive,0.117523,1.919286,0.112736,40.0,0.0,1.63,0.98,1.4,0.0,0.117523,0.137,1.49,
exp20c_shared_targets,ablationnone__ballspeed9__noplot__perturbsignrandom__randomperturb__servebox__spaceperturbm0.1__spaceperturbminm0.0__spatialperturbtargetballstate,"{""--ablation"": ""none"", ""--ball-speed"": 9, ""--no-plot"": null, ""--perturb-sign"": ""random"", ""--random-perturb"": null, ""--serve-box"": null, ""--space-perturb-m"": 0.1, ""--space-perturb-min-m"": 0.0, ""--spatial-perturb-target"": ""ballstate""}",76,True,active,0.080753,1.916257,0.048773,0.0,0.0,1.79,0.97,1.3,15.0,0.080753,1.738,2.26,
exp20c_shared_targets,ablationnone__ballspeed9__noplot__perturbsignrandom__randomperturb__servebox__spaceperturbm0.1__spaceperturbminm0.0__spatialperturbtargetballstate,"{""--ablation"": ""none"", ""--ball-speed"": 9, ""--no-plot"": null, ""--perturb-sign"": ""random"", ""--random-perturb"": null, ""--serve-box"": null, ""--space-perturb-m"": 0.1, ""--space-perturb-min-m"": 0.0, ""--spatial-perturb-target"": ""ballstate""}",83,True,active,0.075389,1.972834,0.074898,40.0,0.0,1.77,0.96,1.9,10.0,0.075389,1.765,1.4,
exp20c_shared_targets,ablationnone__ballspeed9__noplot__perturbsignrandom__randomperturb__servebox__spaceperturbm0.1__spaceperturbminm0.0__spatialperturbtargetballstate,"{""--ablation"": ""none"", ""--ball-speed"": 9, ""--no-plot"": null, ""--perturb-sign"": ""random"", ""--random-perturb"": null, ""--serve-box"": null, ""--space-perturb-m"": 0.1, ""--space-perturb-min-m"": 0.0, ""--spatial-perturb-target"": ""ballstate""}",72,True,active,0.059733,1.967487,0.02382,45.0,0.0,1.74,0.99,1.9,10.0,0.059733,1.738,2.9,
exp20c_shared_targets,ablationnone__ballspeed9__noplot__perturbsignrandom__randomperturb__servebox__spaceperturbm0.1__spaceperturbminm0.0__spatialperturbtargetballstate,"{""--ablation"": ""none"", ""--ball-speed"": 9, ""--no-plot"": null, ""--perturb-sign"": ""random"", ""--random-perturb"": null, ""--serve-box"": null, ""--space-perturb-m"": 0.1, ""--space-perturb-min-m"": 0.0, ""--spatial-perturb-target"": ""ballstate""}",77,True,active,0.103814,1.937844,0.093429,0.0,0.0,1.76,1.0,1.6,5.0,0.103814,0.921,2.13,
exp20c_shared_targets,ablationnone__ballspeed9__noplot__perturbsignrandom__randomperturb__servebox__spaceperturbm0.1__spaceperturbminm0.0__spatialperturbtargetballstate,"{""--ablation"": ""none"", ""--ball-speed"": 9, ""--no-plot"": null, ""--perturb-sign"": ""random"", ""--random-perturb"": null, ""--serve-box"": null, ""--space-perturb-m"": 0.1, ""--space-perturb-min-m"": 0.0, ""--spatial-perturb-target"": ""ballstate""}",87,True,active,0.037284,1.981085,0.014753,45.0,0.0,1.78,0.99,1.8,10.0,0.037284,1.777,1.41,
exp20c_shared_targets,ablationnone__ballspeed9__noplot__perturbsignrandom__randomperturb__servebox__spaceperturbm0.1__spaceperturbminm0.0__spatialperturbtargetballstate,"{""--ablation"": ""none"", ""--ball-speed"": 9, ""--no-plot"": null, ""--perturb-sign"": ""random"", ""--random-perturb"": null, ""--serve-box"": null, ""--space-perturb-m"": 0.1, ""--space-perturb-min-m"": 0.0, ""--spatial-perturb-target"": ""ballstate""}",85,True,active,0.043045,1.900521,0.043045,50.0,0.0,1.22,0.99,1.2,0.0,0.043045,0.447,1.54,
exp20c_shared_targets,ablationnone__ballspeed9__noplot__perturbsignrandom__randomperturb__servebox__spaceperturbm0.1__spaceperturbminm0.0__spatialperturbtargetballstate,"{""--ablation"": ""none"", ""--ball-speed"": 9, ""--no-plot"": null, ""--perturb-sign"": ""random"", ""--random-perturb"": null, ""--serve-box"": null, ""--space-perturb-m"": 0.1, ""--space-perturb-min-m"": 0.0, ""--spatial-perturb-target"": ""ballstate""}",84,True,active,0.063748,2.023666,0.063748,0.0,0.0,1.8,1.0,1.9,20.0,0.063748,1.789,1.54,
exp20c_shared_targets,ablationnone__ballspeed9__noplot__perturbsignrandom__randomperturb__servebox__spaceperturbm0.1__spaceperturbminm0.0__spatialperturbtargetballstate,"{""--ablation"": ""none"", ""--ball-speed"": 9, ""--no-plot"": null, ""--perturb-sign"": ""random"", ""--random-perturb"": null, ""--serve-box"": null, ""--space-perturb-m"": 0.1, ""--space-perturb-min-m"": 0.0, ""--spatial-perturb-target"": ""ballstate""}",88,True,active,0.072914,1.94761,0.069598,35.0,0.0,1.64,0.97,1.6,15.0,0.072914,1.645,1.43,
exp20c_shared_targets,ablationnone__ballspeed9__noplot__perturbsignrandom__randomperturb__servebox__spaceperturbm0.1__spaceperturbminm0.0__spatialperturbtargetballstate,"{""--ablation"": ""none"", ""--ball-speed"": 9, ""--no-plot"": null, ""--perturb-sign"": ""random"", ""--random-perturb"": null, ""--serve-box"": null, ""--space-perturb-m"": 0.1, ""--space-perturb-min-m"": 0.0, ""--spatial-perturb-target"": ""ballstate""}",81,True,active,0.087012,1.945406,0.082272,40.0,0.0,1.57,1.0,1.2,10.0,0.087012,1.122,2.36,
exp20c_shared_targets,ablationnone__ballspeed9__noplot__perturbsignrandom__randomperturb__servebox__spaceperturbm0.1__spaceperturbminm0.0__spatialperturbtargetballstate,"{""--ablation"": ""none"", ""--ball-speed"": 9, ""--no-plot"": null, ""--perturb-sign"": ""random"", ""--random-perturb"": null, ""--serve-box"": null, ""--space-perturb-m"": 0.1, ""--space-perturb-min-m"": 0.0, ""--spatial-perturb-target"": ""ballstate""}",82,True,active,0.092324,1.923798,0.052764,0.0,0.0,1.33,1.0,1.3,10.0,0.092324,1.141,2.45,
exp20c_shared_targets,ablationnone__ballspeed9__noplot__perturbsignrandom__randomperturb__servebox__spaceperturbm0.1__spaceperturbminm0.0__spatialperturbtargetballstate,"{""--ablation"": ""none"", ""--ball-speed"": 9, ""--no-plot"": null, ""--perturb-sign"": ""random"", ""--random-perturb"": null, ""--serve-box"": null, ""--space-perturb-m"": 0.1, ""--space-perturb-min-m"": 0.0, ""--spatial-perturb-target"": ""ballstate""}",90,True,active,0.107896,1.949046,0.105244,35.0,0.0,1.77,0.98,1.6,5.0,0.107896,1.076,1.4,
exp20c_shared_targets,ablationnone__ballspeed9__noplot__perturbsignrandom__randomperturb__servebox__spaceperturbm0.1__spaceperturbminm0.0__spatialperturbtargetballstate,"{""--ablation"": ""none"", ""--ball-speed"": 9, ""--no-plot"": null, ""--perturb-sign"": ""random"", ""--random-perturb"": null, ""--serve-box"": null, ""--space-perturb-m"": 0.1, ""--space-perturb-min-m"": 0.0, ""--spatial-perturb-target"": ""ballstate""}",86,True,active,0.108648,1.941736,0.077812,40.0,0.0,1.19,1.0,1.0,10.0,0.108648,0.865,2.44,
exp20c_shared_targets,ablationnone__ballspeed9__noplot__perturbsignrandom__randomperturb__servebox__spaceperturbm0.1__spaceperturbminm0.0__spatialperturbtargetballstate,"{""--ablation"": ""none"", ""--ball-speed"": 9, ""--no-plot"": null, ""--perturb-sign"": ""random"", ""--random-perturb"": null, ""--serve-box"": null, ""--space-perturb-m"": 0.1, ""--space-perturb-min-m"": 0.0, ""--spatial-perturb-target"": ""ballstate""}",89,False,miss,0.321786,1.935993,0.151714,20.0,0.0,1.09,0.99,1.4,0.0,0.321786,0.0,1.67,
exp20c_shared_targets,ablationnone__ballspeed9__noplot__perturbsignrandom__randomperturb__servebox__spaceperturbm0.1__spaceperturbminm0.0__spatialperturbtargetballstate,"{""--ablation"": ""none"", ""--ball-speed"": 9, ""--no-plot"": null, ""--perturb-sign"": ""random"", ""--random-perturb"": null, ""--serve-box"": null, ""--space-perturb-m"": 0.1, ""--space-perturb-min-m"": 0.0, ""--spatial-perturb-target"": ""ballstate""}",93,True,active,0.078859,1.942657,0.0619,40.0,0.0,1.77,0.99,1.7,15.0,0.078859,1.757,1.39,
exp20c_shared_targets,ablationnone__ballspeed9__noplot__perturbsignrandom__randomperturb__servebox__spaceperturbm0.1__spaceperturbminm0.0__spatialperturbtargetballstate,"{""--ablation"": ""none"", ""--ball-speed"": 9, ""--no-plot"": null, ""--perturb-sign"": ""random"", ""--random-perturb"": null, ""--serve-box"": null, ""--space-perturb-m"": 0.1, ""--space-perturb-min-m"": 0.0, ""--spatial-perturb-target"": ""ballstate""}",96,True,active,0.0854,1.954671,0.030192,0.0,0.0,1.64,1.0,2.1,15.0,0.0854,1.323,1.39,
exp20c_shared_targets,ablationnone__ballspeed9__noplot__perturbsignrandom__randomperturb__servebox__spaceperturbm0.1__spaceperturbminm0.0__spatialperturbtargetballstate,"{""--ablation"": ""none"", ""--ball-speed"": 9, ""--no-plot"": null, ""--perturb-sign"": ""random"", ""--random-perturb"": null, ""--serve-box"": null, ""--space-perturb-m"": 0.1, ""--space-perturb-min-m"": 0.0, ""--spatial-perturb-target"": ""ballstate""}",95,True,active,0.101687,1.958834,0.052064,45.0,0.0,1.39,1.0,1.2,10.0,0.101687,1.389,1.43,
exp20c_shared_targets,ablationnone__ballspeed9__noplot__perturbsignrandom__randomperturb__servebox__spaceperturbm0.1__spaceperturbminm0.0__spatialperturbtargetballstate,"{""--ablation"": ""none"", ""--ball-speed"": 9, ""--no-plot"": null, ""--perturb-sign"": ""random"", ""--random-perturb"": null, ""--serve-box"": null, ""--space-perturb-m"": 0.1, ""--space-perturb-min-m"": 0.0, ""--spatial-perturb-target"": ""ballstate""}",94,False,miss,0.310768,1.885873,0.144002,25.0,0.0,1.04,1.0,1.2,0.0,0.310768,0.0,1.48,
exp20c_shared_targets,ablationnone__ballspeed9__noplot__perturbsignrandom__randomperturb__servebox__spaceperturbm0.1__spaceperturbminm0.0__spatialperturbtargetballstate,"{""--ablation"": ""none"", ""--ball-speed"": 9, ""--no-plot"": null, ""--perturb-sign"": ""random"", ""--random-perturb"": null, ""--serve-box"": null, ""--space-perturb-m"": 0.1, ""--space-perturb-min-m"": 0.0, ""--spatial-perturb-target"": ""ballstate""}",91,True,active,0.107925,1.918553,0.103112,40.0,0.0,1.44,0.98,1.5,5.0,0.107925,0.587,2.42,
exp20c_shared_targets,ablationnone__ballspeed9__noplot__perturbsignrandom__randomperturb__servebox__spaceperturbm0.1__spaceperturbminm0.0__spatialperturbtargetballstate,"{""--ablation"": ""none"", ""--ball-speed"": 9, ""--no-plot"": null, ""--perturb-sign"": ""random"", ""--random-perturb"": null, ""--serve-box"": null, ""--space-perturb-m"": 0.1, ""--space-perturb-min-m"": 0.0, ""--spatial-perturb-target"": ""ballstate""}",100,True,active,0.046622,1.970059,0.046622,40.0,0.0,1.4,1.0,1.7,5.0,0.046622,0.555,1.6,
exp20c_shared_targets,ablationfull__ballspeed9__noplot__perturbsignrandom__randomperturb__servebox__spaceperturbm0.2__spaceperturbminm0.0__spatialperturbtargetballstate,"{""--ablation"": ""full"", ""--ball-speed"": 9, ""--no-plot"": null, ""--perturb-sign"": ""random"", ""--random-perturb"": null, ""--serve-box"": null, ""--space-perturb-m"": 0.2, ""--space-perturb-min-m"": 0.0, ""--spatial-perturb-target"": ""ballstate""}",1,True,active,0.074556,1.964552,0.074556,30.0,105.0,1.79,1.0,2.0,20.0,0.074556,1.733,1.55,
exp20c_shared_targets,ablationnone__ballspeed9__noplot__perturbsignrandom__randomperturb__servebox__spaceperturbm0.1__spaceperturbminm0.0__spatialperturbtargetballstate,"{""--ablation"": ""none"", ""--ball-speed"": 9, ""--no-plot"": null, ""--perturb-sign"": ""random"", ""--random-perturb"": null, ""--serve-box"": null, ""--space-perturb-m"": 0.1, ""--space-perturb-min-m"": 0.0, ""--spatial-perturb-target"": ""ballstate""}",99,False,miss,0.290948,1.920073,0.144477,25.0,0.0,1.1,1.0,1.2,0.0,0.290948,0.0,2.13,
exp20c_shared_targets,ablationfull__ballspeed9__noplot__perturbsignrandom__randomperturb__servebox__spaceperturbm0.2__spaceperturbminm0.0__spatialperturbtargetballstate,"{""--ablation"": ""full"", ""--ball-speed"": 9, ""--no-plot"": null, ""--perturb-sign"": ""random"", ""--random-perturb"": null, ""--serve-box"": null, ""--space-perturb-m"": 0.2, ""--space-perturb-min-m"": 0.0, ""--spatial-perturb-target"": ""ballstate""}",4,True,active,0.138366,1.988847,0.12732,35.0,75.0,1.78,1.0,1.8,20.0,0.138366,1.424,1.39,
exp20c_shared_targets,ablationfull__ballspeed9__noplot__perturbsignrandom__randomperturb__servebox__spaceperturbm0.2__spaceperturbminm0.0__spatialperturbtargetballstate,"{""--ablation"": ""full"", ""--ball-speed"": 9, ""--no-plot"": null, ""--perturb-sign"": ""random"", ""--random-perturb"": null, ""--serve-box"": null, ""--space-perturb-m"": 0.2, ""--space-perturb-min-m"": 0.0, ""--spatial-perturb-target"": ""ballstate""}",3,True,active,0.080406,1.958601,0.070415,0.0,0.0,1.94,0.99,2.1,25.0,0.080406,1.772,1.47,
exp20c_shared_targets,ablationnone__ballspeed9__noplot__perturbsignrandom__randomperturb__servebox__spaceperturbm0.1__spaceperturbminm0.0__spatialperturbtargetballstate,"{""--ablation"": ""none"", ""--ball-speed"": 9, ""--no-plot"": null, ""--perturb-sign"": ""random"", ""--random-perturb"": null, ""--serve-box"": null, ""--space-perturb-m"": 0.1, ""--space-perturb-min-m"": 0.0, ""--spatial-perturb-target"": ""ballstate""}",92,False,miss,0.333084,1.955264,0.161392,15.0,0.0,1.63,1.0,1.3,0.0,0.333084,0.0,2.67,
exp20c_shared_targets,ablationfull__ballspeed9__noplot__perturbsignrandom__randomperturb__servebox__spaceperturbm0.2__spaceperturbminm0.0__spatialperturbtargetballstate,"{""--ablation"": ""full"", ""--ball-speed"": 9, ""--no-plot"": null, ""--perturb-sign"": ""random"", ""--random-perturb"": null, ""--serve-box"": null, ""--space-perturb-m"": 0.2, ""--space-perturb-min-m"": 0.0, ""--spatial-perturb-target"": ""ballstate""}",5,True,active,0.097243,1.942969,0.078338,0.0,0.0,1.79,1.0,1.6,20.0,0.097243,1.625,1.37,
exp20c_shared_targets,ablationfull__ballspeed9__noplot__perturbsignrandom__randomperturb__servebox__spaceperturbm0.2__spaceperturbminm0.0__spatialperturbtargetballstate,"{""--ablation"": ""full"", ""--ball-speed"": 9, ""--no-plot"": null, ""--perturb-sign"": ""random"", ""--random-perturb"": null, ""--serve-box"": null, ""--space-perturb-m"": 0.2, ""--space-perturb-min-m"": 0.0, ""--spatial-perturb-target"": ""ballstate""}",6,True,active,0.10093,1.931035,0.094143,45.0,105.0,1.62,1.0,1.9,10.0,0.10093,1.48,1.39,
exp20c_shared_targets,ablationfull__ballspeed9__noplot__perturbsignrandom__randomperturb__servebox__spaceperturbm0.2__spaceperturbminm0.0__spatialperturbtargetballstate,"{""--ablation"": ""full"", ""--ball-speed"": 9, ""--no-plot"": null, ""--perturb-sign"": ""random"", ""--random-perturb"": null, ""--serve-box"": null, ""--space-perturb-m"": 0.2, ""--space-perturb-min-m"": 0.0, ""--spatial-perturb-target"": ""ballstate""}",2,True,active,0.09064,1.946303,0.08918,30.0,80.0,1.79,0.99,1.7,20.0,0.09064,1.78,1.98,
exp20c_shared_targets,ablationfull__ballspeed9__noplot__perturbsignrandom__randomperturb__servebox__spaceperturbm0.2__spaceperturbminm0.0__spatialperturbtargetballstate,"{""--ablation"": ""full"", ""--ball-speed"": 9, ""--no-plot"": null, ""--perturb-sign"": ""random"", ""--random-perturb"": null, ""--serve-box"": null, ""--space-perturb-m"": 0.2, ""--space-perturb-min-m"": 0.0, ""--spatial-perturb-target"": ""ballstate""}",7,True,active,0.046616,1.93618,0.046616,35.0,85.0,1.76,0.99,1.8,20.0,0.046616,1.723,1.39,
exp20c_shared_targets,ablationnone__ballspeed9__noplot__perturbsignrandom__randomperturb__servebox__spaceperturbm0.1__spaceperturbminm0.0__spatialperturbtargetballstate,"{""--ablation"": ""none"", ""--ball-speed"": 9, ""--no-plot"": null, ""--perturb-sign"": ""random"", ""--random-perturb"": null, ""--serve-box"": null, ""--space-perturb-m"": 0.1, ""--space-perturb-min-m"": 0.0, ""--spatial-perturb-target"": ""ballstate""}",97,True,active,0.042158,1.935317,0.042158,0.0,0.0,1.76,1.0,1.9,15.0,0.042158,1.598,2.73,
exp20c_shared_targets,ablationfull__ballspeed9__noplot__perturbsignrandom__randomperturb__servebox__spaceperturbm0.2__spaceperturbminm0.0__spatialperturbtargetballstate,"{""--ablation"": ""full"", ""--ball-speed"": 9, ""--no-plot"": null, ""--perturb-sign"": ""random"", ""--random-perturb"": null, ""--serve-box"": null, ""--space-perturb-m"": 0.2, ""--space-perturb-min-m"": 0.0, ""--spatial-perturb-target"": ""ballstate""}",20,,,,,,,,,,,,,,0.22,no_result
exp20c_shared_targets,ablationnone__ballspeed9__noplot__perturbsignrandom__randomperturb__servebox__spaceperturbm0.1__spaceperturbminm0.0__spatialperturbtargetballstate,"{""--ablation"": ""none"", ""--ball-speed"": 9, ""--no-plot"": null, ""--perturb-sign"": ""random"", ""--random-perturb"": null, ""--serve-box"": null, ""--space-perturb-m"": 0.1, ""--space-perturb-min-m"": 0.0, ""--spatial-perturb-target"": ""ballstate""}",98,False,miss,0.308248,1.943679,0.076618,0.0,0.0,1.81,1.0,1.5,0.0,0.308248,0.0,2.95,
exp20c_shared_targets,ablationfull__ballspeed9__noplot__perturbsignrandom__randomperturb__servebox__spaceperturbm0.2__spaceperturbminm0.0__spatialperturbtargetballstate,"{""--ablation"": ""full"", ""--ball-speed"": 9, ""--no-plot"": null, ""--perturb-sign"": ""random"", ""--random-perturb"": null, ""--serve-box"": null, ""--space-perturb-m"": 0.2, ""--space-perturb-min-m"": 0.0, ""--spatial-perturb-target"": ""ballstate""}",21,,,,,,,,,,,,,,0.17,no_result
exp20c_shared_targets,ablationfull__ballspeed9__noplot__perturbsignrandom__randomperturb__servebox__spaceperturbm0.2__spaceperturbminm0.0__spatialperturbtargetballstate,"{""--ablation"": ""full"", ""--ball-speed"": 9, ""--no-plot"": null, ""--perturb-sign"": ""random"", ""--random-perturb"": null, ""--serve-box"": null, ""--space-perturb-m"": 0.2, ""--space-perturb-min-m"": 0.0, ""--spatial-perturb-target"": ""ballstate""}",8,True,active,0.122847,2.005291,0.118181,35.0,105.0,1.21,1.0,1.2,5.0,0.122847,0.5,2.12,
exp20c_shared_targets,ablationfull__ballspeed9__noplot__perturbsignrandom__randomperturb__servebox__spaceperturbm0.2__spaceperturbminm0.0__spatialperturbtargetballstate,"{""--ablation"": ""full"", ""--ball-speed"": 9, ""--no-plot"": null, ""--perturb-sign"": ""random"", ""--random-perturb"": null, ""--serve-box"": null, ""--space-perturb-m"": 0.2, ""--space-perturb-min-m"": 0.0, ""--spatial-perturb-target"": ""ballstate""}",11,False,miss,0.354591,1.924341,0.174815,10.0,0.0,1.79,0.99,1.5,0.0,0.354591,0.0,1.41,
exp20c_shared_targets,ablationfull__ballspeed9__noplot__perturbsignrandom__randomperturb__servebox__spaceperturbm0.2__spaceperturbminm0.0__spatialperturbtargetballstate,"{""--ablation"": ""full"", ""--ball-speed"": 9, ""--no-plot"": null, ""--perturb-sign"": ""random"", ""--random-perturb"": null, ""--serve-box"": null, ""--space-perturb-m"": 0.2, ""--space-perturb-min-m"": 0.0, ""--spatial-perturb-target"": ""ballstate""}",15,True,active,0.050725,1.965662,0.050725,20.0,50.0,1.78,0.99,1.9,10.0,0.050725,1.776,1.34,
exp20c_shared_targets,ablationfull__ballspeed9__noplot__perturbsignrandom__randomperturb__servebox__spaceperturbm0.2__spaceperturbminm0.0__spatialperturbtargetballstate,"{""--ablation"": ""full"", ""--ball-speed"": 9, ""--no-plot"": null, ""--perturb-sign"": ""random"", ""--random-perturb"": null, ""--serve-box"": null, ""--space-perturb-m"": 0.2, ""--space-perturb-min-m"": 0.0, ""--spatial-perturb-target"": ""ballstate""}",13,True,active,0.072421,1.976856,0.052364,25.0,60.0,1.33,1.0,1.3,15.0,0.072421,0.792,1.51,
exp20c_shared_targets,ablationfull__ballspeed9__noplot__perturbsignrandom__randomperturb__servebox__spaceperturbm0.2__spaceperturbminm0.0__spatialperturbtargetballstate,"{""--ablation"": ""full"", ""--ball-speed"": 9, ""--no-plot"": null, ""--perturb-sign"": ""random"", ""--random-perturb"": null, ""--serve-box"": null, ""--space-perturb-m"": 0.2, ""--space-perturb-min-m"": 0.0, ""--spatial-perturb-target"": ""ballstate""}",17,True,passive,0.036349,1.926492,0.021253,50.0,105.0,1.78,1.0,1.5,0.0,0.036349,0.046,1.39,
exp20c_shared_targets,ablationfull__ballspeed9__noplot__perturbsignrandom__randomperturb__servebox__spaceperturbm0.2__spaceperturbminm0.0__spatialperturbtargetballstate,"{""--ablation"": ""full"", ""--ball-speed"": 9, ""--no-plot"": null, ""--perturb-sign"": ""random"", ""--random-perturb"": null, ""--serve-box"": null, ""--space-perturb-m"": 0.2, ""--space-perturb-min-m"": 0.0, ""--spatial-perturb-target"": ""ballstate""}",16,True,active,0.076912,1.95076,0.075233,30.0,105.0,1.8,1.0,1.7,25.0,0.076912,1.678,1.53,
exp20c_shared_targets,ablationfull__ballspeed9__noplot__perturbsignrandom__randomperturb__servebox__spaceperturbm0.2__spaceperturbminm0.0__spatialperturbtargetballstate,"{""--ablation"": ""full"", ""--ball-speed"": 9, ""--no-plot"": null, ""--perturb-sign"": ""random"", ""--random-perturb"": null, ""--serve-box"": null, ""--space-perturb-m"": 0.2, ""--space-perturb-min-m"": 0.0, ""--spatial-perturb-target"": ""ballstate""}",19,True,active,0.064968,1.933803,0.064968,35.0,105.0,1.77,0.99,1.9,15.0,0.064968,1.769,1.45,
exp20c_shared_targets,ablationfull__ballspeed9__noplot__perturbsignrandom__randomperturb__servebox__spaceperturbm0.2__spaceperturbminm0.0__spatialperturbtargetballstate,"{""--ablation"": ""full"", ""--ball-speed"": 9, ""--no-plot"": null, ""--perturb-sign"": ""random"", ""--random-perturb"": null, ""--serve-box"": null, ""--space-perturb-m"": 0.2, ""--space-perturb-min-m"": 0.0, ""--spatial-perturb-target"": ""ballstate""}",10,True,active,0.036846,1.978141,0.032499,40.0,105.0,1.82,0.98,1.9,20.0,0.036846,1.744,2.24,
exp20c_shared_targets,ablationfull__ballspeed9__noplot__perturbsignrandom__randomperturb__servebox__spaceperturbm0.2__spaceperturbminm0.0__spatialperturbtargetballstate,"{""--ablation"": ""full"", ""--ball-speed"": 9, ""--no-plot"": null, ""--perturb-sign"": ""random"", ""--random-perturb"": null, ""--serve-box"": null, ""--space-perturb-m"": 0.2, ""--space-perturb-min-m"": 0.0, ""--spatial-perturb-target"": ""ballstate""}",14,True,active,0.02116,1.927689,0.02116,35.0,105.0,1.74,0.89,1.9,15.0,0.02116,1.744,1.97,
exp20c_shared_targets,ablationfull__ballspeed9__noplot__perturbsignrandom__randomperturb__servebox__spaceperturbm0.2__spaceperturbminm0.0__spatialperturbtargetballstate,"{""--ablation"": ""full"", ""--ball-speed"": 9, ""--no-plot"": null, ""--perturb-sign"": ""random"", ""--random-perturb"": null, ""--serve-box"": null, ""--space-perturb-m"": 0.2, ""--space-perturb-min-m"": 0.0, ""--spatial-perturb-target"": ""ballstate""}",12,True,active,0.073747,1.969226,0.073747,40.0,105.0,1.81,0.98,1.4,20.0,0.073747,1.663,2.36,
exp20c_shared_targets,ablationfull__ballspeed9__noplot__perturbsignrandom__randomperturb__servebox__spaceperturbm0.2__spaceperturbminm0.0__spatialperturbtargetballstate,"{""--ablation"": ""full"", ""--ball-speed"": 9, ""--no-plot"": null, ""--perturb-sign"": ""random"", ""--random-perturb"": null, ""--serve-box"": null, ""--space-perturb-m"": 0.2, ""--space-perturb-min-m"": 0.0, ""--spatial-perturb-target"": ""ballstate""}",18,True,active,0.088625,1.95396,0.076739,35.0,105.0,1.79,0.99,2.0,25.0,0.088625,1.728,1.98,
exp20c_shared_targets,ablationfull__ballspeed9__noplot__perturbsignrandom__randomperturb__servebox__spaceperturbm0.2__spaceperturbminm0.0__spatialperturbtargetballstate,"{""--ablation"": ""full"", ""--ball-speed"": 9, ""--no-plot"": null, ""--perturb-sign"": ""random"", ""--random-perturb"": null, ""--serve-box"": null, ""--space-perturb-m"": 0.2, ""--space-perturb-min-m"": 0.0, ""--spatial-perturb-target"": ""ballstate""}",9,True,active,0.037653,1.930033,0.037653,35.0,105.0,1.76,0.99,1.8,15.0,0.037653,1.715,2.84,
exp20c_shared_targets,ablationfull__ballspeed9__noplot__perturbsignrandom__randomperturb__servebox__spaceperturbm0.2__spaceperturbminm0.0__spatialperturbtargetballstate,"{""--ablation"": ""full"", ""--ball-speed"": 9, ""--no-plot"": null, ""--perturb-sign"": ""random"", ""--random-perturb"": null, ""--serve-box"": null, ""--space-perturb-m"": 0.2, ""--space-perturb-min-m"": 0.0, ""--spatial-perturb-target"": ""ballstate""}",23,True,active,0.070103,1.961913,0.070103,40.0,105.0,1.81,0.98,2.1,15.0,0.070103,1.812,1.7,
exp20c_shared_targets,ablationfull__ballspeed9__noplot__perturbsignrandom__randomperturb__servebox__spaceperturbm0.2__spaceperturbminm0.0__spatialperturbtargetballstate,"{""--ablation"": ""full"", ""--ball-speed"": 9, ""--no-plot"": null, ""--perturb-sign"": ""random"", ""--random-perturb"": null, ""--serve-box"": null, ""--space-perturb-m"": 0.2, ""--space-perturb-min-m"": 0.0, ""--spatial-perturb-target"": ""ballstate""}",22,True,active,0.122306,1.894481,0.122306,0.0,0.0,1.71,1.0,1.9,15.0,0.122306,1.614,2.07,
exp20c_shared_targets,ablationfull__ballspeed9__noplot__perturbsignrandom__randomperturb__servebox__spaceperturbm0.2__spaceperturbminm0.0__spatialperturbtargetballstate,"{""--ablation"": ""full"", ""--ball-speed"": 9, ""--no-plot"": null, ""--perturb-sign"": ""random"", ""--random-perturb"": null, ""--serve-box"": null, ""--space-perturb-m"": 0.2, ""--space-perturb-min-m"": 0.0, ""--spatial-perturb-target"": ""ballstate""}",24,False,miss,0.324332,1.934241,0.153356,20.0,0.0,1.45,0.99,1.5,0.0,0.324332,0.0,1.58,
exp20c_shared_targets,ablationfull__ballspeed9__noplot__perturbsignrandom__randomperturb__servebox__spaceperturbm0.2__spaceperturbminm0.0__spatialperturbtargetballstate,"{""--ablation"": ""full"", ""--ball-speed"": 9, ""--no-plot"": null, ""--perturb-sign"": ""random"", ""--random-perturb"": null, ""--serve-box"": null, ""--space-perturb-m"": 0.2, ""--space-perturb-min-m"": 0.0, ""--spatial-perturb-target"": ""ballstate""}",26,True,active,0.072466,1.960277,0.072466,35.0,105.0,1.82,0.99,1.8,15.0,0.072466,1.697,1.44,
exp20c_shared_targets,ablationfull__ballspeed9__noplot__perturbsignrandom__randomperturb__servebox__spaceperturbm0.2__spaceperturbminm0.0__spatialperturbtargetballstate,"{""--ablation"": ""full"", ""--ball-speed"": 9, ""--no-plot"": null, ""--perturb-sign"": ""random"", ""--random-perturb"": null, ""--serve-box"": null, ""--space-perturb-m"": 0.2, ""--space-perturb-min-m"": 0.0, ""--spatial-perturb-target"": ""ballstate""}",27,True,active,0.129125,1.955588,0.121376,30.0,105.0,1.11,0.99,1.4,0.0,0.129125,0.437,1.42,
exp20c_shared_targets,ablationfull__ballspeed9__noplot__perturbsignrandom__randomperturb__servebox__spaceperturbm0.2__spaceperturbminm0.0__spatialperturbtargetballstate,"{""--ablation"": ""full"", ""--ball-speed"": 9, ""--no-plot"": null, ""--perturb-sign"": ""random"", ""--random-perturb"": null, ""--serve-box"": null, ""--space-perturb-m"": 0.2, ""--space-perturb-min-m"": 0.0, ""--spatial-perturb-target"": ""ballstate""}",28,True,active,0.124681,1.951296,0.119663,0.0,0.0,1.76,1.0,1.5,15.0,0.124681,1.622,1.45,
exp20c_shared_targets,ablationfull__ballspeed9__noplot__perturbsignrandom__randomperturb__servebox__spaceperturbm0.2__spaceperturbminm0.0__spatialperturbtargetballstate,"{""--ablation"": ""full"", ""--ball-speed"": 9, ""--no-plot"": null, ""--perturb-sign"": ""random"", ""--random-perturb"": null, ""--serve-box"": null, ""--space-perturb-m"": 0.2, ""--space-perturb-min-m"": 0.0, ""--spatial-perturb-target"": ""ballstate""}",30,True,active,0.074596,1.987967,0.06066,45.0,105.0,1.8,0.99,1.4,20.0,0.074596,1.784,1.39,
exp20c_shared_targets,ablationfull__ballspeed9__noplot__perturbsignrandom__randomperturb__servebox__spaceperturbm0.2__spaceperturbminm0.0__spatialperturbtargetballstate,"{""--ablation"": ""full"", ""--ball-speed"": 9, ""--no-plot"": null, ""--perturb-sign"": ""random"", ""--random-perturb"": null, ""--serve-box"": null, ""--space-perturb-m"": 0.2, ""--space-perturb-min-m"": 0.0, ""--spatial-perturb-target"": ""ballstate""}",29,True,active,0.070752,1.883057,0.070752,45.0,105.0,1.28,1.0,1.8,10.0,0.070752,0.949,1.46,
exp20c_shared_targets,ablationfull__ballspeed9__noplot__perturbsignrandom__randomperturb__servebox__spaceperturbm0.2__spaceperturbminm0.0__spatialperturbtargetballstate,"{""--ablation"": ""full"", ""--ball-speed"": 9, ""--no-plot"": null, ""--perturb-sign"": ""random"", ""--random-perturb"": null, ""--serve-box"": null, ""--space-perturb-m"": 0.2, ""--space-perturb-min-m"": 0.0, ""--spatial-perturb-target"": ""ballstate""}",34,True,active,0.098671,1.973424,0.097616,40.0,105.0,1.7,1.0,1.5,15.0,0.098671,1.519,1.5,
exp20c_shared_targets,ablationfull__ballspeed9__noplot__perturbsignrandom__randomperturb__servebox__spaceperturbm0.2__spaceperturbminm0.0__spatialperturbtargetballstate,"{""--ablation"": ""full"", ""--ball-speed"": 9, ""--no-plot"": null, ""--perturb-sign"": ""random"", ""--random-perturb"": null, ""--serve-box"": null, ""--space-perturb-m"": 0.2, ""--space-perturb-min-m"": 0.0, ""--spatial-perturb-target"": ""ballstate""}",36,True,active,0.124722,1.970847,0.117951,40.0,105.0,1.8,0.98,2.0,15.0,0.124722,1.787,1.41,
exp20c_shared_targets,ablationfull__ballspeed9__noplot__perturbsignrandom__randomperturb__servebox__spaceperturbm0.2__spaceperturbminm0.0__spatialperturbtargetballstate,"{""--ablation"": ""full"", ""--ball-speed"": 9, ""--no-plot"": null, ""--perturb-sign"": ""random"", ""--random-perturb"": null, ""--serve-box"": null, ""--space-perturb-m"": 0.2, ""--space-perturb-min-m"": 0.0, ""--spatial-perturb-target"": ""ballstate""}",35,True,active,0.072676,1.967166,0.012719,45.0,95.0,1.81,0.98,1.9,25.0,0.072676,1.733,1.56,
exp20c_shared_targets,ablationfull__ballspeed9__noplot__perturbsignrandom__randomperturb__servebox__spaceperturbm0.2__spaceperturbminm0.0__spatialperturbtargetballstate,"{""--ablation"": ""full"", ""--ball-speed"": 9, ""--no-plot"": null, ""--perturb-sign"": ""random"", ""--random-perturb"": null, ""--serve-box"": null, ""--space-perturb-m"": 0.2, ""--space-perturb-min-m"": 0.0, ""--spatial-perturb-target"": ""ballstate""}",31,True,active,0.127603,1.966128,0.118786,40.0,105.0,1.67,1.0,1.6,15.0,0.127603,1.503,2.26,
exp20c_shared_targets,ablationfull__ballspeed9__noplot__perturbsignrandom__randomperturb__servebox__spaceperturbm0.2__spaceperturbminm0.0__spatialperturbtargetballstate,"{""--ablation"": ""full"", ""--ball-speed"": 9, ""--no-plot"": null, ""--perturb-sign"": ""random"", ""--random-perturb"": null, ""--serve-box"": null, ""--space-perturb-m"": 0.2, ""--space-perturb-min-m"": 0.0, ""--spatial-perturb-target"": ""ballstate""}",25,False,miss,0.484267,1.918667,0.222325,0.0,0.0,1.76,1.0,1.8,0.0,0.484267,0.0,3.01,
exp20c_shared_targets,ablationfull__ballspeed9__noplot__perturbsignrandom__randomperturb__servebox__spaceperturbm0.2__spaceperturbminm0.0__spatialperturbtargetballstate,"{""--ablation"": ""full"", ""--ball-speed"": 9, ""--no-plot"": null, ""--perturb-sign"": ""random"", ""--random-perturb"": null, ""--serve-box"": null, ""--space-perturb-m"": 0.2, ""--space-perturb-min-m"": 0.0, ""--spatial-perturb-target"": ""ballstate""}",32,True,active,0.153102,1.932161,0.14977,30.0,40.0,1.76,0.97,2.0,15.0,0.153102,1.757,2.29,
exp20c_shared_targets,ablationfull__ballspeed9__noplot__perturbsignrandom__randomperturb__servebox__spaceperturbm0.2__spaceperturbminm0.0__spatialperturbtargetballstate,"{""--ablation"": ""full"", ""--ball-speed"": 9, ""--no-plot"": null, ""--perturb-sign"": ""random"", ""--random-perturb"": null, ""--serve-box"": null, ""--space-perturb-m"": 0.2, ""--space-perturb-min-m"": 0.0, ""--spatial-perturb-target"": ""ballstate""}",39,True,active,0.08424,1.890709,0.08424,40.0,105.0,1.79,0.89,1.8,10.0,0.08424,1.781,1.44,
exp20c_shared_targets,ablationfull__ballspeed9__noplot__perturbsignrandom__randomperturb__servebox__spaceperturbm0.2__spaceperturbminm0.0__spatialperturbtargetballstate,"{""--ablation"": ""full"", ""--ball-speed"": 9, ""--no-plot"": null, ""--perturb-sign"": ""random"", ""--random-perturb"": null, ""--serve-box"": null, ""--space-perturb-m"": 0.2, ""--space-perturb-min-m"": 0.0, ""--spatial-perturb-target"": ""ballstate""}",38,True,active,0.151299,1.974104,0.141225,35.0,95.0,1.76,0.99,1.6,10.0,0.151299,1.743,1.81,
exp20c_shared_targets,ablationfull__ballspeed9__noplot__perturbsignrandom__randomperturb__servebox__spaceperturbm0.2__spaceperturbminm0.0__spatialperturbtargetballstate,"{""--ablation"": ""full"", ""--ball-speed"": 9, ""--no-plot"": null, ""--perturb-sign"": ""random"", ""--random-perturb"": null, ""--serve-box"": null, ""--space-perturb-m"": 0.2, ""--space-perturb-min-m"": 0.0, ""--spatial-perturb-target"": ""ballstate""}",41,True,active,0.056292,2.01378,0.056292,35.0,105.0,1.51,1.0,1.3,15.0,0.056292,1.36,1.39,
exp20c_shared_targets,ablationfull__ballspeed9__noplot__perturbsignrandom__randomperturb__servebox__spaceperturbm0.2__spaceperturbminm0.0__spatialperturbtargetballstate,"{""--ablation"": ""full"", ""--ball-speed"": 9, ""--no-plot"": null, ""--perturb-sign"": ""random"", ""--random-perturb"": null, ""--serve-box"": null, ""--space-perturb-m"": 0.2, ""--space-perturb-min-m"": 0.0, ""--spatial-perturb-target"": ""ballstate""}",40,True,active,0.071821,1.96431,0.067821,40.0,105.0,1.78,0.99,2.0,15.0,0.071821,1.753,1.63,
exp20c_shared_targets,ablationfull__ballspeed9__noplot__perturbsignrandom__randomperturb__servebox__spaceperturbm0.2__spaceperturbminm0.0__spatialperturbtargetballstate,"{""--ablation"": ""full"", ""--ball-speed"": 9, ""--no-plot"": null, ""--perturb-sign"": ""random"", ""--random-perturb"": null, ""--serve-box"": null, ""--space-perturb-m"": 0.2, ""--space-perturb-min-m"": 0.0, ""--spatial-perturb-target"": ""ballstate""}",43,False,miss,0.423677,1.956323,0.196291,0.0,0.0,1.78,0.99,1.8,0.0,0.423677,0.0,1.45,
exp20c_shared_targets,ablationfull__ballspeed9__noplot__perturbsignrandom__randomperturb__servebox__spaceperturbm0.2__spaceperturbminm0.0__spatialperturbtargetballstate,"{""--ablation"": ""full"", ""--ball-speed"": 9, ""--no-plot"": null, ""--perturb-sign"": ""random"", ""--random-perturb"": null, ""--serve-box"": null, ""--space-perturb-m"": 0.2, ""--space-perturb-min-m"": 0.0, ""--spatial-perturb-target"": ""ballstate""}",42,False,miss,0.433633,1.92199,0.202254,0.0,0.0,1.79,1.0,1.3,0.0,0.433633,0.0,1.78,
exp20c_shared_targets,ablationfull__ballspeed9__noplot__perturbsignrandom__randomperturb__servebox__spaceperturbm0.2__spaceperturbminm0.0__spatialperturbtargetballstate,"{""--ablation"": ""full"", ""--ball-speed"": 9, ""--no-plot"": null, ""--perturb-sign"": ""random"", ""--random-perturb"": null, ""--serve-box"": null, ""--space-perturb-m"": 0.2, ""--space-perturb-min-m"": 0.0, ""--spatial-perturb-target"": ""ballstate""}",33,True,active,0.053266,1.958788,0.036421,0.0,0.0,1.79,0.99,1.8,15.0,0.053266,1.728,2.94,
exp20c_shared_targets,ablationfull__ballspeed9__noplot__perturbsignrandom__randomperturb__servebox__spaceperturbm0.2__spaceperturbminm0.0__spatialperturbtargetballstate,"{""--ablation"": ""full"", ""--ball-speed"": 9, ""--no-plot"": null, ""--perturb-sign"": ""random"", ""--random-perturb"": null, ""--serve-box"": null, ""--space-perturb-m"": 0.2, ""--space-perturb-min-m"": 0.0, ""--spatial-perturb-target"": ""ballstate""}",44,False,miss,0.36958,1.927935,0.166788,15.0,0.0,1.79,1.0,1.3,0.0,0.36958,0.0,1.4,
exp20c_shared_targets,ablationfull__ballspeed9__noplot__perturbsignrandom__randomperturb__servebox__spaceperturbm0.2__spaceperturbminm0.0__spatialperturbtargetballstate,"{""--ablation"": ""full"", ""--ball-speed"": 9, ""--no-plot"": null, ""--perturb-sign"": ""random"", ""--random-perturb"": null, ""--serve-box"": null, ""--space-perturb-m"": 0.2, ""--space-perturb-min-m"": 0.0, ""--spatial-perturb-target"": ""ballstate""}",45,True,active,0.072335,1.989742,0.035334,20.0,65.0,1.84,0.95,1.8,25.0,0.072335,1.603,1.38,
exp20c_shared_targets,ablationfull__ballspeed9__noplot__perturbsignrandom__randomperturb__servebox__spaceperturbm0.2__spaceperturbminm0.0__spatialperturbtargetballstate,"{""--ablation"": ""full"", ""--ball-speed"": 9, ""--no-plot"": null, ""--perturb-sign"": ""random"", ""--random-perturb"": null, ""--serve-box"": null, ""--space-perturb-m"": 0.2, ""--space-perturb-min-m"": 0.0, ""--spatial-perturb-target"": ""ballstate""}",46,True,active,0.113477,1.946054,0.096325,35.0,105.0,1.79,1.0,1.6,5.0,0.113477,1.341,1.48,
exp20c_shared_targets,ablationfull__ballspeed9__noplot__perturbsignrandom__randomperturb__servebox__spaceperturbm0.2__spaceperturbminm0.0__spatialperturbtargetballstate,"{""--ablation"": ""full"", ""--ball-speed"": 9, ""--no-plot"": null, ""--perturb-sign"": ""random"", ""--random-perturb"": null, ""--serve-box"": null, ""--space-perturb-m"": 0.2, ""--space-perturb-min-m"": 0.0, ""--spatial-perturb-target"": ""ballstate""}",37,True,active,0.038081,1.968959,0.027663,0.0,0.0,1.84,1.0,1.9,25.0,0.038081,1.773,2.93,
exp20c_shared_targets,ablationfull__ballspeed9__noplot__perturbsignrandom__randomperturb__servebox__spaceperturbm0.2__spaceperturbminm0.0__spatialperturbtargetballstate,"{""--ablation"": ""full"", ""--ball-speed"": 9, ""--no-plot"": null, ""--perturb-sign"": ""random"", ""--random-perturb"": null, ""--serve-box"": null, ""--space-perturb-m"": 0.2, ""--space-perturb-min-m"": 0.0, ""--spatial-perturb-target"": ""ballstate""}",48,True,active,0.13438,1.965426,0.121343,40.0,90.0,1.77,1.0,1.6,15.0,0.13438,1.644,1.48,
exp20c_shared_targets,ablationfull__ballspeed9__noplot__perturbsignrandom__randomperturb__servebox__spaceperturbm0.2__spaceperturbminm0.0__spatialperturbtargetballstate,"{""--ablation"": ""full"", ""--ball-speed"": 9, ""--no-plot"": null, ""--perturb-sign"": ""random"", ""--random-perturb"": null, ""--serve-box"": null, ""--space-perturb-m"": 0.2, ""--space-perturb-min-m"": 0.0, ""--spatial-perturb-target"": ""ballstate""}",50,True,active,0.121708,1.955717,0.112083,35.0,105.0,1.8,1.0,1.9,25.0,0.121708,1.798,1.53,
exp20c_shared_targets,ablationfull__ballspeed9__noplot__perturbsignrandom__randomperturb__servebox__spaceperturbm0.2__spaceperturbminm0.0__spatialperturbtargetballstate,"{""--ablation"": ""full"", ""--ball-speed"": 9, ""--no-plot"": null, ""--perturb-sign"": ""random"", ""--random-perturb"": null, ""--serve-box"": null, ""--space-perturb-m"": 0.2, ""--space-perturb-min-m"": 0.0, ""--spatial-perturb-target"": ""ballstate""}",52,True,active,0.096287,1.951928,0.083938,25.0,75.0,1.79,0.99,1.6,25.0,0.096287,1.752,1.43,
exp20c_shared_targets,ablationfull__ballspeed9__noplot__perturbsignrandom__randomperturb__servebox__spaceperturbm0.2__spaceperturbminm0.0__spatialperturbtargetballstate,"{""--ablation"": ""full"", ""--ball-speed"": 9, ""--no-plot"": null, ""--perturb-sign"": ""random"", ""--random-perturb"": null, ""--serve-box"": null, ""--space-perturb-m"": 0.2, ""--space-perturb-min-m"": 0.0, ""--spatial-perturb-target"": ""ballstate""}",54,True,active,0.043358,1.993147,0.043358,35.0,85.0,1.79,0.99,1.7,15.0,0.043358,1.689,1.43,
exp20c_shared_targets,ablationfull__ballspeed9__noplot__perturbsignrandom__randomperturb__servebox__spaceperturbm0.2__spaceperturbminm0.0__spatialperturbtargetballstate,"{""--ablation"": ""full"", ""--ball-speed"": 9, ""--no-plot"": null, ""--perturb-sign"": ""random"", ""--random-perturb"": null, ""--serve-box"": null, ""--space-perturb-m"": 0.2, ""--space-perturb-min-m"": 0.0, ""--spatial-perturb-target"": ""ballstate""}",47,False,miss,0.289027,1.902014,0.170186,15.0,0.0,1.28,1.0,1.4,0.0,0.289027,0.0,1.96,
exp20c_shared_targets,ablationfull__ballspeed9__noplot__perturbsignrandom__randomperturb__servebox__spaceperturbm0.2__spaceperturbminm0.0__spatialperturbtargetballstate,"{""--ablation"": ""full"", ""--ball-speed"": 9, ""--no-plot"": null, ""--perturb-sign"": ""random"", ""--random-perturb"": null, ""--serve-box"": null, ""--space-perturb-m"": 0.2, ""--space-perturb-min-m"": 0.0, ""--spatial-perturb-target"": ""ballstate""}",55,True,active,0.058167,1.963603,0.058167,35.0,90.0,1.79,0.98,1.8,20.0,0.058167,1.775,1.43,
exp20c_shared_targets,ablationfull__ballspeed9__noplot__perturbsignrandom__randomperturb__servebox__spaceperturbm0.2__spaceperturbminm0.0__spatialperturbtargetballstate,"{""--ablation"": ""full"", ""--ball-speed"": 9, ""--no-plot"": null, ""--perturb-sign"": ""random"", ""--random-perturb"": null, ""--serve-box"": null, ""--space-perturb-m"": 0.2, ""--space-perturb-min-m"": 0.0, ""--spatial-perturb-target"": ""ballstate""}",56,True,active,0.098739,1.935992,0.089222,0.0,0.0,1.79,1.0,2.1,15.0,0.098739,1.773,1.44,
exp20c_shared_targets,ablationfull__ballspeed9__noplot__perturbsignrandom__randomperturb__servebox__spaceperturbm0.2__spaceperturbminm0.0__spatialperturbtargetballstate,"{""--ablation"": ""full"", ""--ball-speed"": 9, ""--no-plot"": null, ""--perturb-sign"": ""random"", ""--random-perturb"": null, ""--serve-box"": null, ""--space-perturb-m"": 0.2, ""--space-perturb-min-m"": 0.0, ""--spatial-perturb-target"": ""ballstate""}",59,True,active,0.04977,2.041064,0.04977,0.0,0.0,1.79,1.0,1.6,30.0,0.04977,1.64,1.4,
exp20c_shared_targets,ablationfull__ballspeed9__noplot__perturbsignrandom__randomperturb__servebox__spaceperturbm0.2__spaceperturbminm0.0__spatialperturbtargetballstate,"{""--ablation"": ""full"", ""--ball-speed"": 9, ""--no-plot"": null, ""--perturb-sign"": ""random"", ""--random-perturb"": null, ""--serve-box"": null, ""--space-perturb-m"": 0.2, ""--space-perturb-min-m"": 0.0, ""--spatial-perturb-target"": ""ballstate""}",61,True,active,0.041553,1.981946,0.041553,35.0,105.0,1.82,0.99,2.0,20.0,0.041553,1.711,1.47,
exp20c_shared_targets,ablationfull__ballspeed9__noplot__perturbsignrandom__randomperturb__servebox__spaceperturbm0.2__spaceperturbminm0.0__spatialperturbtargetballstate,"{""--ablation"": ""full"", ""--ball-speed"": 9, ""--no-plot"": null, ""--perturb-sign"": ""random"", ""--random-perturb"": null, ""--serve-box"": null, ""--space-perturb-m"": 0.2, ""--space-perturb-min-m"": 0.0, ""--spatial-perturb-target"": ""ballstate""}",60,False,miss,0.367375,1.912176,0.226242,0.0,0.0,1.46,1.0,1.3,0.0,0.367375,0.0,1.62,
exp20c_shared_targets,ablationfull__ballspeed9__noplot__perturbsignrandom__randomperturb__servebox__spaceperturbm0.2__spaceperturbminm0.0__spatialperturbtargetballstate,"{""--ablation"": ""full"", ""--ball-speed"": 9, ""--no-plot"": null, ""--perturb-sign"": ""random"", ""--random-perturb"": null, ""--serve-box"": null, ""--space-perturb-m"": 0.2, ""--space-perturb-min-m"": 0.0, ""--spatial-perturb-target"": ""ballstate""}",49,True,active,0.135569,1.977401,0.128134,35.0,105.0,1.78,1.0,1.9,15.0,0.135569,1.775,2.93,
exp20c_shared_targets,ablationfull__ballspeed9__noplot__perturbsignrandom__randomperturb__servebox__spaceperturbm0.2__spaceperturbminm0.0__spatialperturbtargetballstate,"{""--ablation"": ""full"", ""--ball-speed"": 9, ""--no-plot"": null, ""--perturb-sign"": ""random"", ""--random-perturb"": null, ""--serve-box"": null, ""--space-perturb-m"": 0.2, ""--space-perturb-min-m"": 0.0, ""--spatial-perturb-target"": ""ballstate""}",58,True,active,0.009825,1.887668,0.009825,50.0,105.0,1.43,0.95,1.3,5.0,0.009825,0.788,2.02,
exp20c_shared_targets,ablationfull__ballspeed9__noplot__perturbsignrandom__randomperturb__servebox__spaceperturbm0.2__spaceperturbminm0.0__spatialperturbtargetballstate,"{""--ablation"": ""full"", ""--ball-speed"": 9, ""--no-plot"": null, ""--perturb-sign"": ""random"", ""--random-perturb"": null, ""--serve-box"": null, ""--space-perturb-m"": 0.2, ""--space-perturb-min-m"": 0.0, ""--spatial-perturb-target"": ""ballstate""}",51,False,miss,0.36966,1.955539,0.214825,0.0,0.0,1.52,1.0,1.6,0.0,0.36966,0.0,2.82,
exp20c_shared_targets,ablationfull__ballspeed9__noplot__perturbsignrandom__randomperturb__servebox__spaceperturbm0.2__spaceperturbminm0.0__spatialperturbtargetballstate,"{""--ablation"": ""full"", ""--ball-speed"": 9, ""--no-plot"": null, ""--perturb-sign"": ""random"", ""--random-perturb"": null, ""--serve-box"": null, ""--space-perturb-m"": 0.2, ""--space-perturb-min-m"": 0.0, ""--spatial-perturb-target"": ""ballstate""}",62,True,active,0.13649,1.980543,0.136404,30.0,105.0,1.78,1.0,1.6,15.0,0.13649,1.674,1.5,
exp20c_shared_targets,ablationfull__ballspeed9__noplot__perturbsignrandom__randomperturb__servebox__spaceperturbm0.2__spaceperturbminm0.0__spatialperturbtargetballstate,"{""--ablation"": ""full"", ""--ball-speed"": 9, ""--no-plot"": null, ""--perturb-sign"": ""random"", ""--random-perturb"": null, ""--serve-box"": null, ""--space-perturb-m"": 0.2, ""--space-perturb-min-m"": 0.0, ""--spatial-perturb-target"": ""ballstate""}",53,True,active,0.048907,1.957906,0.048907,40.0,105.0,1.81,1.0,1.5,25.0,0.048907,1.489,2.93,
exp20c_shared_targets,ablationfull__ballspeed9__noplot__perturbsignrandom__randomperturb__servebox__spaceperturbm0.2__spaceperturbminm0.0__spatialperturbtargetballstate,"{""--ablation"": ""full"", ""--ball-speed"": 9, ""--no-plot"": null, ""--perturb-sign"": ""random"", ""--random-perturb"": null, ""--serve-box"": null, ""--space-perturb-m"": 0.2, ""--space-perturb-min-m"": 0.0, ""--spatial-perturb-target"": ""ballstate""}",63,True,active,0.083168,1.951906,0.069453,0.0,0.0,1.8,1.0,2.2,30.0,0.083168,1.638,1.53,
exp20c_shared_targets,ablationfull__ballspeed9__noplot__perturbsignrandom__randomperturb__servebox__spaceperturbm0.2__spaceperturbminm0.0__spatialperturbtargetballstate,"{""--ablation"": ""full"", ""--ball-speed"": 9, ""--no-plot"": null, ""--perturb-sign"": ""random"", ""--random-perturb"": null, ""--serve-box"": null, ""--space-perturb-m"": 0.2, ""--space-perturb-min-m"": 0.0, ""--spatial-perturb-target"": ""ballstate""}",64,True,passive,0.100362,1.868818,0.034494,50.0,105.0,1.34,1.0,0.7,5.0,0.100362,0.189,1.41,
exp20c_shared_targets,ablationfull__ballspeed9__noplot__perturbsignrandom__randomperturb__servebox__spaceperturbm0.2__spaceperturbminm0.0__spatialperturbtargetballstate,"{""--ablation"": ""full"", ""--ball-speed"": 9, ""--no-plot"": null, ""--perturb-sign"": ""random"", ""--random-perturb"": null, ""--serve-box"": null, ""--space-perturb-m"": 0.2, ""--space-perturb-min-m"": 0.0, ""--spatial-perturb-target"": ""ballstate""}",65,True,active,0.131568,1.976101,0.124342,35.0,105.0,1.79,1.0,1.9,15.0,0.131568,1.733,1.57,
exp20c_shared_targets,ablationfull__ballspeed9__noplot__perturbsignrandom__randomperturb__servebox__spaceperturbm0.2__spaceperturbminm0.0__spatialperturbtargetballstate,"{""--ablation"": ""full"", ""--ball-speed"": 9, ""--no-plot"": null, ""--perturb-sign"": ""random"", ""--random-perturb"": null, ""--serve-box"": null, ""--space-perturb-m"": 0.2, ""--space-perturb-min-m"": 0.0, ""--spatial-perturb-target"": ""ballstate""}",57,True,active,0.057162,1.948146,0.049089,0.0,0.0,1.79,1.0,1.9,20.0,0.057162,1.706,2.54,
exp20c_shared_targets,ablationfull__ballspeed9__noplot__perturbsignrandom__randomperturb__servebox__spaceperturbm0.2__spaceperturbminm0.0__spatialperturbtargetballstate,"{""--ablation"": ""full"", ""--ball-speed"": 9, ""--no-plot"": null, ""--perturb-sign"": ""random"", ""--random-perturb"": null, ""--serve-box"": null, ""--space-perturb-m"": 0.2, ""--space-perturb-min-m"": 0.0, ""--spatial-perturb-target"": ""ballstate""}",67,True,active,0.121713,1.939766,0.114477,35.0,100.0,1.67,1.0,2.0,10.0,0.121713,1.231,1.41,
exp20c_shared_targets,ablationfull__ballspeed9__noplot__perturbsignrandom__randomperturb__servebox__spaceperturbm0.2__spaceperturbminm0.0__spatialperturbtargetballstate,"{""--ablation"": ""full"", ""--ball-speed"": 9, ""--no-plot"": null, ""--perturb-sign"": ""random"", ""--random-perturb"": null, ""--serve-box"": null, ""--space-perturb-m"": 0.2, ""--space-perturb-min-m"": 0.0, ""--spatial-perturb-target"": ""ballstate""}",69,True,active,0.056216,1.966163,0.030884,45.0,105.0,1.89,0.98,2.0,25.0,0.056216,1.476,1.48,
exp20c_shared_targets,ablationfull__ballspeed9__noplot__perturbsignrandom__randomperturb__servebox__spaceperturbm0.2__spaceperturbminm0.0__spatialperturbtargetballstate,"{""--ablation"": ""full"", ""--ball-speed"": 9, ""--no-plot"": null, ""--perturb-sign"": ""random"", ""--random-perturb"": null, ""--serve-box"": null, ""--space-perturb-m"": 0.2, ""--space-perturb-min-m"": 0.0, ""--spatial-perturb-target"": ""ballstate""}",66,True,active,0.059207,1.959568,0.049114,30.0,80.0,1.79,0.95,1.7,20.0,0.059207,1.792,2.25,
exp20c_shared_targets,ablationfull__ballspeed9__noplot__perturbsignrandom__randomperturb__servebox__spaceperturbm0.2__spaceperturbminm0.0__spatialperturbtargetballstate,"{""--ablation"": ""full"", ""--ball-speed"": 9, ""--no-plot"": null, ""--perturb-sign"": ""random"", ""--random-perturb"": null, ""--serve-box"": null, ""--space-perturb-m"": 0.2, ""--space-perturb-min-m"": 0.0, ""--spatial-perturb-target"": ""ballstate""}",72,True,active,0.01815,1.96468,0.01815,40.0,105.0,1.75,0.98,1.8,15.0,0.01815,1.744,1.39,
exp20c_shared_targets,ablationfull__ballspeed9__noplot__perturbsignrandom__randomperturb__servebox__spaceperturbm0.2__spaceperturbminm0.0__spatialperturbtargetballstate,"{""--ablation"": ""full"", ""--ball-speed"": 9, ""--no-plot"": null, ""--perturb-sign"": ""random"", ""--random-perturb"": null, ""--serve-box"": null, ""--space-perturb-m"": 0.2, ""--space-perturb-min-m"": 0.0, ""--spatial-perturb-target"": ""ballstate""}",70,True,active,0.079492,1.93526,0.079492,35.0,105.0,1.8,0.99,1.8,15.0,0.079492,1.221,1.46,
exp20c_shared_targets,ablationfull__ballspeed9__noplot__perturbsignrandom__randomperturb__servebox__spaceperturbm0.2__spaceperturbminm0.0__spatialperturbtargetballstate,"{""--ablation"": ""full"", ""--ball-speed"": 9, ""--no-plot"": null, ""--perturb-sign"": ""random"", ""--random-perturb"": null, ""--serve-box"": null, ""--space-perturb-m"": 0.2, ""--space-perturb-min-m"": 0.0, ""--spatial-perturb-target"": ""ballstate""}",74,True,active,0.153457,1.985355,0.142812,35.0,95.0,1.77,0.99,1.5,10.0,0.153457,1.485,1.42,
exp20c_shared_targets,ablationfull__ballspeed9__noplot__perturbsignrandom__randomperturb__servebox__spaceperturbm0.2__spaceperturbminm0.0__spatialperturbtargetballstate,"{""--ablation"": ""full"", ""--ball-speed"": 9, ""--no-plot"": null, ""--perturb-sign"": ""random"", ""--random-perturb"": null, ""--serve-box"": null, ""--space-perturb-m"": 0.2, ""--space-perturb-min-m"": 0.0, ""--spatial-perturb-target"": ""ballstate""}",75,True,active,0.150041,1.938031,0.138814,35.0,105.0,1.53,1.0,1.3,0.0,0.150041,0.529,1.51,
exp20c_shared_targets,ablationfull__ballspeed9__noplot__perturbsignrandom__randomperturb__servebox__spaceperturbm0.2__spaceperturbminm0.0__spatialperturbtargetballstate,"{""--ablation"": ""full"", ""--ball-speed"": 9, ""--no-plot"": null, ""--perturb-sign"": ""random"", ""--random-perturb"": null, ""--serve-box"": null, ""--space-perturb-m"": 0.2, ""--space-perturb-min-m"": 0.0, ""--spatial-perturb-target"": ""ballstate""}",76,True,active,0.122198,1.903572,0.117145,0.0,0.0,1.76,0.98,1.7,15.0,0.122198,1.611,1.49,
exp20c_shared_targets,ablationfull__ballspeed9__noplot__perturbsignrandom__randomperturb__servebox__spaceperturbm0.2__spaceperturbminm0.0__spatialperturbtargetballstate,"{""--ablation"": ""full"", ""--ball-speed"": 9, ""--no-plot"": null, ""--perturb-sign"": ""random"", ""--random-perturb"": null, ""--serve-box"": null, ""--space-perturb-m"": 0.2, ""--space-perturb-min-m"": 0.0, ""--spatial-perturb-target"": ""ballstate""}",71,False,miss,0.3555,1.95525,0.17655,10.0,0.0,1.47,1.0,1.7,0.0,0.3555,0.0,2.09,
exp20c_shared_targets,ablationfull__ballspeed9__noplot__perturbsignrandom__randomperturb__servebox__spaceperturbm0.2__spaceperturbminm0.0__spatialperturbtargetballstate,"{""--ablation"": ""full"", ""--ball-speed"": 9, ""--no-plot"": null, ""--perturb-sign"": ""random"", ""--random-perturb"": null, ""--serve-box"": null, ""--space-perturb-m"": 0.2, ""--space-perturb-min-m"": 0.0, ""--spatial-perturb-target"": ""ballstate""}",73,True,active,0.077748,1.983738,0.063909,40.0,105.0,1.8,1.0,1.8,30.0,0.077748,1.752,2.04,
exp20c_shared_targets,ablationfull__ballspeed9__noplot__perturbsignrandom__randomperturb__servebox__spaceperturbm0.2__spaceperturbminm0.0__spatialperturbtargetballstate,"{""--ablation"": ""full"", ""--ball-speed"": 9, ""--no-plot"": null, ""--perturb-sign"": ""random"", ""--random-perturb"": null, ""--serve-box"": null, ""--space-perturb-m"": 0.2, ""--space-perturb-min-m"": 0.0, ""--spatial-perturb-target"": ""ballstate""}",68,True,active,0.017756,1.875423,0.017756,50.0,105.0,1.62,0.91,1.4,10.0,0.017756,1.348,2.57,
exp20c_shared_targets,ablationfull__ballspeed9__noplot__perturbsignrandom__randomperturb__servebox__spaceperturbm0.2__spaceperturbminm0.0__spatialperturbtargetballstate,"{""--ablation"": ""full"", ""--ball-speed"": 9, ""--no-plot"": null, ""--perturb-sign"": ""random"", ""--random-perturb"": null, ""--serve-box"": null, ""--space-perturb-m"": 0.2, ""--space-perturb-min-m"": 0.0, ""--spatial-perturb-target"": ""ballstate""}",80,False,miss,0.327182,1.923457,0.215006,0.0,0.0,1.17,1.0,1.4,0.0,0.327182,0.0,1.66,
exp20c_shared_targets,ablationfull__ballspeed9__noplot__perturbsignrandom__randomperturb__servebox__spaceperturbm0.2__spaceperturbminm0.0__spatialperturbtargetballstate,"{""--ablation"": ""full"", ""--ball-speed"": 9, ""--no-plot"": null, ""--perturb-sign"": ""random"", ""--random-perturb"": null, ""--serve-box"": null, ""--space-perturb-m"": 0.2, ""--space-perturb-min-m"": 0.0, ""--spatial-perturb-target"": ""ballstate""}",81,True,active,0.082966,1.972526,0.082966,40.0,105.0,1.74,1.0,1.6,20.0,0.082966,1.463,1.42,
exp20c_shared_targets,ablationfull__ballspeed9__noplot__perturbsignrandom__randomperturb__servebox__spaceperturbm0.2__spaceperturbminm0.0__spatialperturbtargetballstate,"{""--ablation"": ""full"", ""--ball-speed"": 9, ""--no-plot"": null, ""--perturb-sign"": ""random"", ""--random-perturb"": null, ""--serve-box"": null, ""--space-perturb-m"": 0.2, ""--space-perturb-min-m"": 0.0, ""--spatial-perturb-target"": ""ballstate""}",84,True,active,0.113096,1.927801,0.109108,30.0,105.0,1.81,0.98,1.7,20.0,0.113096,1.735,1.39,
exp20c_shared_targets,ablationfull__ballspeed9__noplot__perturbsignrandom__randomperturb__servebox__spaceperturbm0.2__spaceperturbminm0.0__spatialperturbtargetballstate,"{""--ablation"": ""full"", ""--ball-speed"": 9, ""--no-plot"": null, ""--perturb-sign"": ""random"", ""--random-perturb"": null, ""--serve-box"": null, ""--space-perturb-m"": 0.2, ""--space-perturb-min-m"": 0.0, ""--spatial-perturb-target"": ""ballstate""}",79,False,miss,0.367246,1.936022,0.147331,0.0,0.0,1.77,0.99,1.5,0.0,0.367246,0.0,2.34,
exp20c_shared_targets,ablationfull__ballspeed9__noplot__perturbsignrandom__randomperturb__servebox__spaceperturbm0.2__spaceperturbminm0.0__spatialperturbtargetballstate,"{""--ablation"": ""full"", ""--ball-speed"": 9, ""--no-plot"": null, ""--perturb-sign"": ""random"", ""--random-perturb"": null, ""--serve-box"": null, ""--space-perturb-m"": 0.2, ""--space-perturb-min-m"": 0.0, ""--spatial-perturb-target"": ""ballstate""}",83,True,active,0.127433,1.967876,0.123043,40.0,105.0,1.51,1.0,1.6,15.0,0.127433,1.282,1.51,
exp20c_shared_targets,ablationfull__ballspeed9__noplot__perturbsignrandom__randomperturb__servebox__spaceperturbm0.2__spaceperturbminm0.0__spatialperturbtargetballstate,"{""--ablation"": ""full"", ""--ball-speed"": 9, ""--no-plot"": null, ""--perturb-sign"": ""random"", ""--random-perturb"": null, ""--serve-box"": null, ""--space-perturb-m"": 0.2, ""--space-perturb-min-m"": 0.0, ""--spatial-perturb-target"": ""ballstate""}",85,True,active,0.011304,1.918539,0.011304,35.0,105.0,1.78,0.94,1.3,5.0,0.011304,1.309,1.57,
exp20c_shared_targets,ablationfull__ballspeed9__noplot__perturbsignrandom__randomperturb__servebox__spaceperturbm0.2__spaceperturbminm0.0__spatialperturbtargetballstate,"{""--ablation"": ""full"", ""--ball-speed"": 9, ""--no-plot"": null, ""--perturb-sign"": ""random"", ""--random-perturb"": null, ""--serve-box"": null, ""--space-perturb-m"": 0.2, ""--space-perturb-min-m"": 0.0, ""--spatial-perturb-target"": ""ballstate""}",87,True,active,0.094148,1.954116,0.077727,35.0,85.0,1.79,1.0,1.9,25.0,0.094148,1.78,1.39,
exp20c_shared_targets,ablationfull__ballspeed9__noplot__perturbsignrandom__randomperturb__servebox__spaceperturbm0.2__spaceperturbminm0.0__spatialperturbtargetballstate,"{""--ablation"": ""full"", ""--ball-speed"": 9, ""--no-plot"": null, ""--perturb-sign"": ""random"", ""--random-perturb"": null, ""--serve-box"": null, ""--space-perturb-m"": 0.2, ""--space-perturb-min-m"": 0.0, ""--spatial-perturb-target"": ""ballstate""}",86,True,active,0.127833,1.947833,0.126292,30.0,100.0,1.78,0.99,1.9,20.0,0.127833,1.704,1.59,
exp20c_shared_targets,ablationfull__ballspeed9__noplot__perturbsignrandom__randomperturb__servebox__spaceperturbm0.2__spaceperturbminm0.0__spatialperturbtargetballstate,"{""--ablation"": ""full"", ""--ball-speed"": 9, ""--no-plot"": null, ""--perturb-sign"": ""random"", ""--random-perturb"": null, ""--serve-box"": null, ""--space-perturb-m"": 0.2, ""--space-perturb-min-m"": 0.0, ""--spatial-perturb-target"": ""ballstate""}",77,False,miss,0.44248,1.944078,0.170498,15.0,0.0,1.8,0.99,1.9,0.0,0.44248,0.0,3.1,
exp20c_shared_targets,ablationfull__ballspeed9__noplot__perturbsignrandom__randomperturb__servebox__spaceperturbm0.2__spaceperturbminm0.0__spatialperturbtargetballstate,"{""--ablation"": ""full"", ""--ball-speed"": 9, ""--no-plot"": null, ""--perturb-sign"": ""random"", ""--random-perturb"": null, ""--serve-box"": null, ""--space-perturb-m"": 0.2, ""--space-perturb-min-m"": 0.0, ""--spatial-perturb-target"": ""ballstate""}",78,False,miss,0.311264,1.933004,0.170275,15.0,0.0,1.24,0.99,1.4,0.0,0.311264,0.0,2.98,
exp20c_shared_targets,ablationfull__ballspeed9__noplot__perturbsignrandom__randomperturb__servebox__spaceperturbm0.2__spaceperturbminm0.0__spatialperturbtargetballstate,"{""--ablation"": ""full"", ""--ball-speed"": 9, ""--no-plot"": null, ""--perturb-sign"": ""random"", ""--random-perturb"": null, ""--serve-box"": null, ""--space-perturb-m"": 0.2, ""--space-perturb-min-m"": 0.0, ""--spatial-perturb-target"": ""ballstate""}",89,True,active,0.070591,1.930724,0.070215,5.0,25.0,1.59,0.99,1.9,15.0,0.070591,1.408,1.39,
exp20c_shared_targets,ablationfull__ballspeed9__noplot__perturbsignrandom__randomperturb__servebox__spaceperturbm0.2__spaceperturbminm0.0__spatialperturbtargetballstate,"{""--ablation"": ""full"", ""--ball-speed"": 9, ""--no-plot"": null, ""--perturb-sign"": ""random"", ""--random-perturb"": null, ""--serve-box"": null, ""--space-perturb-m"": 0.2, ""--space-perturb-min-m"": 0.0, ""--spatial-perturb-target"": ""ballstate""}",82,True,active,0.118501,1.928622,0.114632,40.0,105.0,1.8,0.99,1.7,15.0,0.118501,1.783,2.08,
exp20c_shared_targets,ablationfull__ballspeed9__noplot__perturbsignrandom__randomperturb__servebox__spaceperturbm0.2__spaceperturbminm0.0__spatialperturbtargetballstate,"{""--ablation"": ""full"", ""--ball-speed"": 9, ""--no-plot"": null, ""--perturb-sign"": ""random"", ""--random-perturb"": null, ""--serve-box"": null, ""--space-perturb-m"": 0.2, ""--space-perturb-min-m"": 0.0, ""--spatial-perturb-target"": ""ballstate""}",88,True,active,0.052775,1.950806,0.052775,40.0,105.0,1.92,0.99,2.1,15.0,0.052775,1.659,1.56,
exp20c_shared_targets,ablationfull__ballspeed9__noplot__perturbsignrandom__randomperturb__servebox__spaceperturbm0.2__spaceperturbminm0.0__spatialperturbtargetballstate,"{""--ablation"": ""full"", ""--ball-speed"": 9, ""--no-plot"": null, ""--perturb-sign"": ""random"", ""--random-perturb"": null, ""--serve-box"": null, ""--space-perturb-m"": 0.2, ""--space-perturb-min-m"": 0.0, ""--spatial-perturb-target"": ""ballstate""}",90,True,active,0.084698,2.010398,0.084698,40.0,105.0,1.79,1.0,1.5,20.0,0.084698,1.662,1.66,
exp20c_shared_targets,ablationfull__ballspeed9__noplot__perturbsignrandom__randomperturb__servebox__spaceperturbm0.2__spaceperturbminm0.0__spatialperturbtargetballstate,"{""--ablation"": ""full"", ""--ball-speed"": 9, ""--no-plot"": null, ""--perturb-sign"": ""random"", ""--random-perturb"": null, ""--serve-box"": null, ""--space-perturb-m"": 0.2, ""--space-perturb-min-m"": 0.0, ""--spatial-perturb-target"": ""ballstate""}",94,False,miss,0.40171,1.964741,0.167337,10.0,0.0,1.8,0.99,1.8,0.0,0.40171,0.0,1.45,
exp20c_shared_targets,ablationfull__ballspeed9__noplot__perturbsignrandom__randomperturb__servebox__spaceperturbm0.2__spaceperturbminm0.0__spatialperturbtargetballstate,"{""--ablation"": ""full"", ""--ball-speed"": 9, ""--no-plot"": null, ""--perturb-sign"": ""random"", ""--random-perturb"": null, ""--serve-box"": null, ""--space-perturb-m"": 0.2, ""--space-perturb-min-m"": 0.0, ""--spatial-perturb-target"": ""ballstate""}",96,True,active,0.023764,1.945482,0.023764,10.0,25.0,1.77,0.99,2.1,10.0,0.023764,1.739,1.39,
exp20c_shared_targets,ablationfull__ballspeed9__noplot__perturbsignrandom__randomperturb__servebox__spaceperturbm0.2__spaceperturbminm0.0__spatialperturbtargetballstate,"{""--ablation"": ""full"", ""--ball-speed"": 9, ""--no-plot"": null, ""--perturb-sign"": ""random"", ""--random-perturb"": null, ""--serve-box"": null, ""--space-perturb-m"": 0.2, ""--space-perturb-min-m"": 0.0, ""--spatial-perturb-target"": ""ballstate""}",97,True,active,0.032406,1.955978,0.032406,45.0,105.0,1.8,1.14,2.0,25.0,0.032406,1.76,1.46,
exp20c_shared_targets,ablationfull__ballspeed9__noplot__perturbsignrandom__randomperturb__servebox__spaceperturbm0.2__spaceperturbminm0.0__spatialperturbtargetballstate,"{""--ablation"": ""full"", ""--ball-speed"": 9, ""--no-plot"": null, ""--perturb-sign"": ""random"", ""--random-perturb"": null, ""--serve-box"": null, ""--space-perturb-m"": 0.2, ""--space-perturb-min-m"": 0.0, ""--spatial-perturb-target"": ""ballstate""}",98,True,active,0.055549,1.965003,0.025554,0.0,0.0,1.65,1.0,1.5,20.0,0.055549,1.491,1.43,
exp20c_shared_targets,ablationfull__ballspeed9__noplot__perturbsignrandom__randomperturb__servebox__spaceperturbm0.2__spaceperturbminm0.0__spatialperturbtargetballstate,"{""--ablation"": ""full"", ""--ball-speed"": 9, ""--no-plot"": null, ""--perturb-sign"": ""random"", ""--random-perturb"": null, ""--serve-box"": null, ""--space-perturb-m"": 0.2, ""--space-perturb-min-m"": 0.0, ""--spatial-perturb-target"": ""ballstate""}",100,True,active,0.070358,2.010449,0.057401,45.0,105.0,1.64,1.0,1.8,20.0,0.070358,1.41,1.43,
exp20c_shared_targets,ablationfull__ballspeed9__noplot__perturbsignrandom__randomperturb__servebox__spaceperturbm0.2__spaceperturbminm0.0__spatialperturbtargetballstate,"{""--ablation"": ""full"", ""--ball-speed"": 9, ""--no-plot"": null, ""--perturb-sign"": ""random"", ""--random-perturb"": null, ""--serve-box"": null, ""--space-perturb-m"": 0.2, ""--space-perturb-min-m"": 0.0, ""--spatial-perturb-target"": ""ballstate""}",99,False,miss,0.392698,1.968791,0.182041,5.0,0.0,1.76,1.0,1.9,0.0,0.392698,0.0,1.48,
exp20c_shared_targets,ablationtube_only__ballspeed9__noplot__perturbsignrandom__randomperturb__servebox__spaceperturbm0.2__spaceperturbminm0.0__spatialperturbtargetballstate,"{""--ablation"": ""tube_only"", ""--ball-speed"": 9, ""--no-plot"": null, ""--perturb-sign"": ""random"", ""--random-perturb"": null, ""--serve-box"": null, ""--space-perturb-m"": 0.2, ""--space-perturb-min-m"": 0.0, ""--spatial-perturb-target"": ""ballstate""}",1,True,active,0.059677,1.950049,0.049195,40.0,105.0,1.81,0.97,1.7,15.0,0.059677,1.808,1.4,
exp20c_shared_targets,ablationfull__ballspeed9__noplot__perturbsignrandom__randomperturb__servebox__spaceperturbm0.2__spaceperturbminm0.0__spatialperturbtargetballstate,"{""--ablation"": ""full"", ""--ball-speed"": 9, ""--no-plot"": null, ""--perturb-sign"": ""random"", ""--random-perturb"": null, ""--serve-box"": null, ""--space-perturb-m"": 0.2, ""--space-perturb-min-m"": 0.0, ""--spatial-perturb-target"": ""ballstate""}",93,True,active,0.070307,1.959204,0.070307,35.0,105.0,1.76,1.0,1.8,15.0,0.070307,1.76,2.29,
exp20c_shared_targets,ablationtube_only__ballspeed9__noplot__perturbsignrandom__randomperturb__servebox__spaceperturbm0.2__spaceperturbminm0.0__spatialperturbtargetballstate,"{""--ablation"": ""tube_only"", ""--ball-speed"": 9, ""--no-plot"": null, ""--perturb-sign"": ""random"", ""--random-perturb"": null, ""--serve-box"": null, ""--space-perturb-m"": 0.2, ""--space-perturb-min-m"": 0.0, ""--spatial-perturb-target"": ""ballstate""}",3,True,active,0.096867,1.960959,0.096867,0.0,0.0,1.76,0.99,1.7,10.0,0.096867,1.7,1.67,
exp20c_shared_targets,ablationfull__ballspeed9__noplot__perturbsignrandom__randomperturb__servebox__spaceperturbm0.2__spaceperturbminm0.0__spatialperturbtargetballstate,"{""--ablation"": ""full"", ""--ball-speed"": 9, ""--no-plot"": null, ""--perturb-sign"": ""random"", ""--random-perturb"": null, ""--serve-box"": null, ""--space-perturb-m"": 0.2, ""--space-perturb-min-m"": 0.0, ""--spatial-perturb-target"": ""ballstate""}",95,True,active,0.137949,1.938611,0.137949,30.0,100.0,1.78,1.0,1.5,15.0,0.137949,1.772,2.43,
exp20c_shared_targets,ablationfull__ballspeed9__noplot__perturbsignrandom__randomperturb__servebox__spaceperturbm0.2__spaceperturbminm0.0__spatialperturbtargetballstate,"{""--ablation"": ""full"", ""--ball-speed"": 9, ""--no-plot"": null, ""--perturb-sign"": ""random"", ""--random-perturb"": null, ""--serve-box"": null, ""--space-perturb-m"": 0.2, ""--space-perturb-min-m"": 0.0, ""--spatial-perturb-target"": ""ballstate""}",91,True,active,0.017069,1.983811,0.017069,40.0,105.0,1.68,1.0,1.4,5.0,0.017069,0.604,2.99,
exp20c_shared_targets,ablationtube_only__ballspeed9__noplot__perturbsignrandom__randomperturb__servebox__spaceperturbm0.2__spaceperturbminm0.0__spatialperturbtargetballstate,"{""--ablation"": ""tube_only"", ""--ball-speed"": 9, ""--no-plot"": null, ""--perturb-sign"": ""random"", ""--random-perturb"": null, ""--serve-box"": null, ""--space-perturb-m"": 0.2, ""--space-perturb-min-m"": 0.0, ""--spatial-perturb-target"": ""ballstate""}",4,True,active,0.115317,1.933879,0.08972,40.0,105.0,1.8,0.97,1.6,15.0,0.115317,1.781,1.76,
exp20c_shared_targets,ablationfull__ballspeed9__noplot__perturbsignrandom__randomperturb__servebox__spaceperturbm0.2__spaceperturbminm0.0__spatialperturbtargetballstate,"{""--ablation"": ""full"", ""--ball-speed"": 9, ""--no-plot"": null, ""--perturb-sign"": ""random"", ""--random-perturb"": null, ""--serve-box"": null, ""--space-perturb-m"": 0.2, ""--space-perturb-min-m"": 0.0, ""--spatial-perturb-target"": ""ballstate""}",92,False,miss,0.416239,1.939478,0.236937,0.0,0.0,1.61,1.0,1.4,0.0,0.416239,0.0,2.91,
exp20c_shared_targets,ablationtube_only__ballspeed9__noplot__perturbsignrandom__randomperturb__servebox__spaceperturbm0.2__spaceperturbminm0.0__spatialperturbtargetballstate,"{""--ablation"": ""tube_only"", ""--ball-speed"": 9, ""--no-plot"": null, ""--perturb-sign"": ""random"", ""--random-perturb"": null, ""--serve-box"": null, ""--space-perturb-m"": 0.2, ""--space-perturb-min-m"": 0.0, ""--spatial-perturb-target"": ""ballstate""}",5,False,miss,0.296049,1.942598,0.089159,0.0,0.0,1.1,1.0,1.1,0.0,0.296049,0.0,1.48,
exp20c_shared_targets,ablationtube_only__ballspeed9__noplot__perturbsignrandom__randomperturb__servebox__spaceperturbm0.2__spaceperturbminm0.0__spatialperturbtargetballstate,"{""--ablation"": ""tube_only"", ""--ball-speed"": 9, ""--no-plot"": null, ""--perturb-sign"": ""random"", ""--random-perturb"": null, ""--serve-box"": null, ""--space-perturb-m"": 0.2, ""--space-perturb-min-m"": 0.0, ""--spatial-perturb-target"": ""ballstate""}",2,True,active,0.109674,1.926422,0.10704,30.0,45.0,1.71,0.99,2.1,10.0,0.109674,1.706,2.46,
exp20c_shared_targets,ablationtube_only__ballspeed9__noplot__perturbsignrandom__randomperturb__servebox__spaceperturbm0.2__spaceperturbminm0.0__spatialperturbtargetballstate,"{""--ablation"": ""tube_only"", ""--ball-speed"": 9, ""--no-plot"": null, ""--perturb-sign"": ""random"", ""--random-perturb"": null, ""--serve-box"": null, ""--space-perturb-m"": 0.2, ""--space-perturb-min-m"": 0.0, ""--spatial-perturb-target"": ""ballstate""}",6,True,active,0.089674,1.951313,0.07066,45.0,105.0,1.64,1.0,1.4,5.0,0.089674,1.305,1.48,
exp20c_shared_targets,ablationtube_only__ballspeed9__noplot__perturbsignrandom__randomperturb__servebox__spaceperturbm0.2__spaceperturbminm0.0__spatialperturbtargetballstate,"{""--ablation"": ""tube_only"", ""--ball-speed"": 9, ""--no-plot"": null, ""--perturb-sign"": ""random"", ""--random-perturb"": null, ""--serve-box"": null, ""--space-perturb-m"": 0.2, ""--space-perturb-min-m"": 0.0, ""--spatial-perturb-target"": ""ballstate""}",7,True,active,0.065695,1.928599,0.024687,0.0,0.0,1.42,0.98,1.6,10.0,0.065695,1.399,1.43,
exp20c_shared_targets,ablationtube_only__ballspeed9__noplot__perturbsignrandom__randomperturb__servebox__spaceperturbm0.2__spaceperturbminm0.0__spatialperturbtargetballstate,"{""--ablation"": ""tube_only"", ""--ball-speed"": 9, ""--no-plot"": null, ""--perturb-sign"": ""random"", ""--random-perturb"": null, ""--serve-box"": null, ""--space-perturb-m"": 0.2, ""--space-perturb-min-m"": 0.0, ""--spatial-perturb-target"": ""ballstate""}",20,,,,,,,,,,,,,,0.21,no_result
exp20c_shared_targets,ablationtube_only__ballspeed9__noplot__perturbsignrandom__randomperturb__servebox__spaceperturbm0.2__spaceperturbminm0.0__spatialperturbtargetballstate,"{""--ablation"": ""tube_only"", ""--ball-speed"": 9, ""--no-plot"": null, ""--perturb-sign"": ""random"", ""--random-perturb"": null, ""--serve-box"": null, ""--space-perturb-m"": 0.2, ""--space-perturb-min-m"": 0.0, ""--spatial-perturb-target"": ""ballstate""}",10,True,active,0.066076,1.968811,0.032634,40.0,105.0,1.8,0.99,1.8,15.0,0.066076,1.804,1.37,
exp20c_shared_targets,ablationtube_only__ballspeed9__noplot__perturbsignrandom__randomperturb__servebox__spaceperturbm0.2__spaceperturbminm0.0__spatialperturbtargetballstate,"{""--ablation"": ""tube_only"", ""--ball-speed"": 9, ""--no-plot"": null, ""--perturb-sign"": ""random"", ""--random-perturb"": null, ""--serve-box"": null, ""--space-perturb-m"": 0.2, ""--space-perturb-min-m"": 0.0, ""--spatial-perturb-target"": ""ballstate""}",21,,,,,,,,,,,,,,0.24,no_result
exp20c_shared_targets,ablationtube_only__ballspeed9__noplot__perturbsignrandom__randomperturb__servebox__spaceperturbm0.2__spaceperturbminm0.0__spatialperturbtargetballstate,"{""--ablation"": ""tube_only"", ""--ball-speed"": 9, ""--no-plot"": null, ""--perturb-sign"": ""random"", ""--random-perturb"": null, ""--serve-box"": null, ""--space-perturb-m"": 0.2, ""--space-perturb-min-m"": 0.0, ""--spatial-perturb-target"": ""ballstate""}",9,True,active,0.050427,1.946126,0.042253,40.0,105.0,1.79,0.99,2.1,10.0,0.050427,1.794,1.53,
exp20c_shared_targets,ablationtube_only__ballspeed9__noplot__perturbsignrandom__randomperturb__servebox__spaceperturbm0.2__spaceperturbminm0.0__spatialperturbtargetballstate,"{""--ablation"": ""tube_only"", ""--ball-speed"": 9, ""--no-plot"": null, ""--perturb-sign"": ""random"", ""--random-perturb"": null, ""--serve-box"": null, ""--space-perturb-m"": 0.2, ""--space-perturb-min-m"": 0.0, ""--spatial-perturb-target"": ""ballstate""}",13,True,active,0.010242,1.976274,0.010242,45.0,105.0,1.79,0.99,1.4,10.0,0.010242,1.788,1.44,
exp20c_shared_targets,ablationtube_only__ballspeed9__noplot__perturbsignrandom__randomperturb__servebox__spaceperturbm0.2__spaceperturbminm0.0__spatialperturbtargetballstate,"{""--ablation"": ""tube_only"", ""--ball-speed"": 9, ""--no-plot"": null, ""--perturb-sign"": ""random"", ""--random-perturb"": null, ""--serve-box"": null, ""--space-perturb-m"": 0.2, ""--space-perturb-min-m"": 0.0, ""--spatial-perturb-target"": ""ballstate""}",8,False,miss,0.233693,1.940189,0.166823,15.0,35.0,1.09,1.0,1.2,0.0,0.233693,0.0,1.98,
exp20c_shared_targets,ablationtube_only__ballspeed9__noplot__perturbsignrandom__randomperturb__servebox__spaceperturbm0.2__spaceperturbminm0.0__spatialperturbtargetballstate,"{""--ablation"": ""tube_only"", ""--ball-speed"": 9, ""--no-plot"": null, ""--perturb-sign"": ""random"", ""--random-perturb"": null, ""--serve-box"": null, ""--space-perturb-m"": 0.2, ""--space-perturb-min-m"": 0.0, ""--spatial-perturb-target"": ""ballstate""}",11,False,miss,0.322205,1.90342,0.172562,10.0,0.0,1.61,0.98,1.2,0.0,0.322205,0.0,1.91,
exp20c_shared_targets,ablationtube_only__ballspeed9__noplot__perturbsignrandom__randomperturb__servebox__spaceperturbm0.2__spaceperturbminm0.0__spatialperturbtargetballstate,"{""--ablation"": ""tube_only"", ""--ball-speed"": 9, ""--no-plot"": null, ""--perturb-sign"": ""random"", ""--random-perturb"": null, ""--serve-box"": null, ""--space-perturb-m"": 0.2, ""--space-perturb-min-m"": 0.0, ""--spatial-perturb-target"": ""ballstate""}",14,True,active,0.017109,1.959964,0.017109,40.0,105.0,1.78,0.94,1.7,10.0,0.017109,1.735,1.51,
exp20c_shared_targets,ablationtube_only__ballspeed9__noplot__perturbsignrandom__randomperturb__servebox__spaceperturbm0.2__spaceperturbminm0.0__spatialperturbtargetballstate,"{""--ablation"": ""tube_only"", ""--ball-speed"": 9, ""--no-plot"": null, ""--perturb-sign"": ""random"", ""--random-perturb"": null, ""--serve-box"": null, ""--space-perturb-m"": 0.2, ""--space-perturb-min-m"": 0.0, ""--spatial-perturb-target"": ""ballstate""}",17,True,active,0.02334,1.969295,0.012185,50.0,105.0,1.39,0.98,1.5,5.0,0.02334,0.986,1.7,
exp20c_shared_targets,ablationtube_only__ballspeed9__noplot__perturbsignrandom__randomperturb__servebox__spaceperturbm0.2__spaceperturbminm0.0__spatialperturbtargetballstate,"{""--ablation"": ""tube_only"", ""--ball-speed"": 9, ""--no-plot"": null, ""--perturb-sign"": ""random"", ""--random-perturb"": null, ""--serve-box"": null, ""--space-perturb-m"": 0.2, ""--space-perturb-min-m"": 0.0, ""--spatial-perturb-target"": ""ballstate""}",15,True,active,0.076039,1.960649,0.061083,15.0,45.0,1.69,0.97,1.8,10.0,0.076039,1.614,2.01,
exp20c_shared_targets,ablationtube_only__ballspeed9__noplot__perturbsignrandom__randomperturb__servebox__spaceperturbm0.2__spaceperturbminm0.0__spatialperturbtargetballstate,"{""--ablation"": ""tube_only"", ""--ball-speed"": 9, ""--no-plot"": null, ""--perturb-sign"": ""random"", ""--random-perturb"": null, ""--serve-box"": null, ""--space-perturb-m"": 0.2, ""--space-perturb-min-m"": 0.0, ""--spatial-perturb-target"": ""ballstate""}",19,True,active,0.089623,1.906877,0.062848,0.0,0.0,1.79,0.97,1.7,15.0,0.089623,1.788,1.52,
exp20c_shared_targets,ablationtube_only__ballspeed9__noplot__perturbsignrandom__randomperturb__servebox__spaceperturbm0.2__spaceperturbminm0.0__spatialperturbtargetballstate,"{""--ablation"": ""tube_only"", ""--ball-speed"": 9, ""--no-plot"": null, ""--perturb-sign"": ""random"", ""--random-perturb"": null, ""--serve-box"": null, ""--space-perturb-m"": 0.2, ""--space-perturb-min-m"": 0.0, ""--spatial-perturb-target"": ""ballstate""}",24,True,active,0.122009,1.953208,0.107949,40.0,90.0,1.73,0.99,1.9,10.0,0.122009,1.727,1.34,
exp20c_shared_targets,ablationtube_only__ballspeed9__noplot__perturbsignrandom__randomperturb__servebox__spaceperturbm0.2__spaceperturbminm0.0__spatialperturbtargetballstate,"{""--ablation"": ""tube_only"", ""--ball-speed"": 9, ""--no-plot"": null, ""--perturb-sign"": ""random"", ""--random-perturb"": null, ""--serve-box"": null, ""--space-perturb-m"": 0.2, ""--space-perturb-min-m"": 0.0, ""--spatial-perturb-target"": ""ballstate""}",22,True,active,0.088685,1.883718,0.087513,0.0,0.0,1.79,0.99,1.8,15.0,0.088685,1.737,1.49,
exp20c_shared_targets,ablationtube_only__ballspeed9__noplot__perturbsignrandom__randomperturb__servebox__spaceperturbm0.2__spaceperturbminm0.0__spatialperturbtargetballstate,"{""--ablation"": ""tube_only"", ""--ball-speed"": 9, ""--no-plot"": null, ""--perturb-sign"": ""random"", ""--random-perturb"": null, ""--serve-box"": null, ""--space-perturb-m"": 0.2, ""--space-perturb-min-m"": 0.0, ""--spatial-perturb-target"": ""ballstate""}",12,True,active,0.071693,1.932658,0.053647,35.0,70.0,1.56,0.99,1.4,15.0,0.071693,1.353,2.62,
exp20c_shared_targets,ablationtube_only__ballspeed9__noplot__perturbsignrandom__randomperturb__servebox__spaceperturbm0.2__spaceperturbminm0.0__spatialperturbtargetballstate,"{""--ablation"": ""tube_only"", ""--ball-speed"": 9, ""--no-plot"": null, ""--perturb-sign"": ""random"", ""--random-perturb"": null, ""--serve-box"": null, ""--space-perturb-m"": 0.2, ""--space-perturb-min-m"": 0.0, ""--spatial-perturb-target"": ""ballstate""}",18,True,active,0.073032,1.941155,0.047734,40.0,105.0,1.74,0.99,1.8,15.0,0.073032,1.745,2.03,
exp20c_shared_targets,ablationtube_only__ballspeed9__noplot__perturbsignrandom__randomperturb__servebox__spaceperturbm0.2__spaceperturbminm0.0__spatialperturbtargetballstate,"{""--ablation"": ""tube_only"", ""--ball-speed"": 9, ""--no-plot"": null, ""--perturb-sign"": ""random"", ""--random-perturb"": null, ""--serve-box"": null, ""--space-perturb-m"": 0.2, ""--space-perturb-min-m"": 0.0, ""--spatial-perturb-target"": ""ballstate""}",23,True,active,0.044746,1.953991,0.044746,35.0,65.0,1.76,0.97,2.0,10.0,0.044746,1.761,1.69,
exp20c_shared_targets,ablationtube_only__ballspeed9__noplot__perturbsignrandom__randomperturb__servebox__spaceperturbm0.2__spaceperturbminm0.0__spatialperturbtargetballstate,"{""--ablation"": ""tube_only"", ""--ball-speed"": 9, ""--no-plot"": null, ""--perturb-sign"": ""random"", ""--random-perturb"": null, ""--serve-box"": null, ""--space-perturb-m"": 0.2, ""--space-perturb-min-m"": 0.0, ""--spatial-perturb-target"": ""ballstate""}",28,False,miss,0.296372,1.890691,0.13026,0.0,0.0,1.28,0.99,1.5,0.0,0.296372,0.0,1.37,
exp20c_shared_targets,ablationtube_only__ballspeed9__noplot__perturbsignrandom__randomperturb__servebox__spaceperturbm0.2__spaceperturbminm0.0__spatialperturbtargetballstate,"{""--ablation"": ""tube_only"", ""--ball-speed"": 9, ""--no-plot"": null, ""--perturb-sign"": ""random"", ""--random-perturb"": null, ""--serve-box"": null, ""--space-perturb-m"": 0.2, ""--space-perturb-min-m"": 0.0, ""--spatial-perturb-target"": ""ballstate""}",26,True,active,0.082172,1.906535,0.082172,30.0,105.0,1.79,0.99,1.9,15.0,0.082172,1.739,1.58,
exp20c_shared_targets,ablationtube_only__ballspeed9__noplot__perturbsignrandom__randomperturb__servebox__spaceperturbm0.2__spaceperturbminm0.0__spatialperturbtargetballstate,"{""--ablation"": ""tube_only"", ""--ball-speed"": 9, ""--no-plot"": null, ""--perturb-sign"": ""random"", ""--random-perturb"": null, ""--serve-box"": null, ""--space-perturb-m"": 0.2, ""--space-perturb-min-m"": 0.0, ""--spatial-perturb-target"": ""ballstate""}",16,True,active,0.036723,1.970949,0.031669,0.0,0.0,1.84,0.93,1.8,20.0,0.036723,1.796,2.83,
exp20c_shared_targets,ablationtube_only__ballspeed9__noplot__perturbsignrandom__randomperturb__servebox__spaceperturbm0.2__spaceperturbminm0.0__spatialperturbtargetballstate,"{""--ablation"": ""tube_only"", ""--ball-speed"": 9, ""--no-plot"": null, ""--perturb-sign"": ""random"", ""--random-perturb"": null, ""--serve-box"": null, ""--space-perturb-m"": 0.2, ""--space-perturb-min-m"": 0.0, ""--spatial-perturb-target"": ""ballstate""}",27,False,miss,0.284612,1.916558,0.204261,0.0,0.0,0.91,1.0,1.0,0.0,0.284612,0.0,1.8,
exp20c_shared_targets,ablationtube_only__ballspeed9__noplot__perturbsignrandom__randomperturb__servebox__spaceperturbm0.2__spaceperturbminm0.0__spatialperturbtargetballstate,"{""--ablation"": ""tube_only"", ""--ball-speed"": 9, ""--no-plot"": null, ""--perturb-sign"": ""random"", ""--random-perturb"": null, ""--serve-box"": null, ""--space-perturb-m"": 0.2, ""--space-perturb-min-m"": 0.0, ""--spatial-perturb-target"": ""ballstate""}",32,False,miss,0.330036,1.932201,0.152083,20.0,25.0,1.78,0.99,2.2,0.0,0.330036,0.0,1.42,
exp20c_shared_targets,ablationtube_only__ballspeed9__noplot__perturbsignrandom__randomperturb__servebox__spaceperturbm0.2__spaceperturbminm0.0__spatialperturbtargetballstate,"{""--ablation"": ""tube_only"", ""--ball-speed"": 9, ""--no-plot"": null, ""--perturb-sign"": ""random"", ""--random-perturb"": null, ""--serve-box"": null, ""--space-perturb-m"": 0.2, ""--space-perturb-min-m"": 0.0, ""--spatial-perturb-target"": ""ballstate""}",30,True,active,0.103714,1.912835,0.087439,10.0,45.0,1.58,0.99,1.5,10.0,0.103714,1.506,1.49,
exp20c_shared_targets,ablationtube_only__ballspeed9__noplot__perturbsignrandom__randomperturb__servebox__spaceperturbm0.2__spaceperturbminm0.0__spatialperturbtargetballstate,"{""--ablation"": ""tube_only"", ""--ball-speed"": 9, ""--no-plot"": null, ""--perturb-sign"": ""random"", ""--random-perturb"": null, ""--serve-box"": null, ""--space-perturb-m"": 0.2, ""--space-perturb-min-m"": 0.0, ""--spatial-perturb-target"": ""ballstate""}",29,True,active,0.045098,1.851939,0.045098,50.0,105.0,1.07,0.99,1.2,5.0,0.045098,0.647,2.08,
exp20c_shared_targets,ablationtube_only__ballspeed9__noplot__perturbsignrandom__randomperturb__servebox__spaceperturbm0.2__spaceperturbminm0.0__spatialperturbtargetballstate,"{""--ablation"": ""tube_only"", ""--ball-speed"": 9, ""--no-plot"": null, ""--perturb-sign"": ""random"", ""--random-perturb"": null, ""--serve-box"": null, ""--space-perturb-m"": 0.2, ""--space-perturb-min-m"": 0.0, ""--spatial-perturb-target"": ""ballstate""}",31,True,active,0.082758,1.930755,0.082758,45.0,105.0,1.8,0.97,1.8,10.0,0.082758,1.631,1.51,
exp20c_shared_targets,ablationtube_only__ballspeed9__noplot__perturbsignrandom__randomperturb__servebox__spaceperturbm0.2__spaceperturbminm0.0__spatialperturbtargetballstate,"{""--ablation"": ""tube_only"", ""--ball-speed"": 9, ""--no-plot"": null, ""--perturb-sign"": ""random"", ""--random-perturb"": null, ""--serve-box"": null, ""--space-perturb-m"": 0.2, ""--space-perturb-min-m"": 0.0, ""--spatial-perturb-target"": ""ballstate""}",34,True,active,0.121017,1.937637,0.119985,35.0,105.0,1.71,1.0,1.6,5.0,0.121017,1.202,1.4,
exp20c_shared_targets,ablationtube_only__ballspeed9__noplot__perturbsignrandom__randomperturb__servebox__spaceperturbm0.2__spaceperturbminm0.0__spatialperturbtargetballstate,"{""--ablation"": ""tube_only"", ""--ball-speed"": 9, ""--no-plot"": null, ""--perturb-sign"": ""random"", ""--random-perturb"": null, ""--serve-box"": null, ""--space-perturb-m"": 0.2, ""--space-perturb-min-m"": 0.0, ""--spatial-perturb-target"": ""ballstate""}",36,True,active,0.061882,1.958411,0.061882,40.0,105.0,1.79,0.93,1.8,10.0,0.061882,1.79,1.43,
exp20c_shared_targets,ablationtube_only__ballspeed9__noplot__perturbsignrandom__randomperturb__servebox__spaceperturbm0.2__spaceperturbminm0.0__spatialperturbtargetballstate,"{""--ablation"": ""tube_only"", ""--ball-speed"": 9, ""--no-plot"": null, ""--perturb-sign"": ""random"", ""--random-perturb"": null, ""--serve-box"": null, ""--space-perturb-m"": 0.2, ""--space-perturb-min-m"": 0.0, ""--spatial-perturb-target"": ""ballstate""}",25,False,miss,0.383417,1.903083,0.147374,0.0,0.0,1.71,1.0,2.1,0.0,0.383417,0.0,2.92,
exp20c_shared_targets,ablationtube_only__ballspeed9__noplot__perturbsignrandom__randomperturb__servebox__spaceperturbm0.2__spaceperturbminm0.0__spatialperturbtargetballstate,"{""--ablation"": ""tube_only"", ""--ball-speed"": 9, ""--no-plot"": null, ""--perturb-sign"": ""random"", ""--random-perturb"": null, ""--serve-box"": null, ""--space-perturb-m"": 0.2, ""--space-perturb-min-m"": 0.0, ""--spatial-perturb-target"": ""ballstate""}",37,True,active,0.072788,1.938446,0.032293,0.0,0.0,1.61,0.98,2.0,15.0,0.072788,1.406,1.65,
exp20c_shared_targets,ablationtube_only__ballspeed9__noplot__perturbsignrandom__randomperturb__servebox__spaceperturbm0.2__spaceperturbminm0.0__spatialperturbtargetballstate,"{""--ablation"": ""tube_only"", ""--ball-speed"": 9, ""--no-plot"": null, ""--perturb-sign"": ""random"", ""--random-perturb"": null, ""--serve-box"": null, ""--space-perturb-m"": 0.2, ""--space-perturb-min-m"": 0.0, ""--spatial-perturb-target"": ""ballstate""}",38,False,miss,0.305821,1.926807,0.156841,20.0,0.0,1.52,0.99,1.4,0.0,0.305821,0.0,1.39,
exp20c_shared_targets,ablationtube_only__ballspeed9__noplot__perturbsignrandom__randomperturb__servebox__spaceperturbm0.2__spaceperturbminm0.0__spatialperturbtargetballstate,"{""--ablation"": ""tube_only"", ""--ball-speed"": 9, ""--no-plot"": null, ""--perturb-sign"": ""random"", ""--random-perturb"": null, ""--serve-box"": null, ""--space-perturb-m"": 0.2, ""--space-perturb-min-m"": 0.0, ""--spatial-perturb-target"": ""ballstate""}",40,True,active,0.050737,1.934886,0.038182,0.0,30.0,1.64,0.98,2.2,10.0,0.050737,1.62,1.45,
exp20c_shared_targets,ablationtube_only__ballspeed9__noplot__perturbsignrandom__randomperturb__servebox__spaceperturbm0.2__spaceperturbminm0.0__spatialperturbtargetballstate,"{""--ablation"": ""tube_only"", ""--ball-speed"": 9, ""--no-plot"": null, ""--perturb-sign"": ""random"", ""--random-perturb"": null, ""--serve-box"": null, ""--space-perturb-m"": 0.2, ""--space-perturb-min-m"": 0.0, ""--spatial-perturb-target"": ""ballstate""}",41,True,active,0.034385,1.966082,0.034385,35.0,105.0,1.79,1.0,2.0,0.0,0.034385,0.92,1.49,
exp20c_shared_targets,ablationtube_only__ballspeed9__noplot__perturbsignrandom__randomperturb__servebox__spaceperturbm0.2__spaceperturbminm0.0__spatialperturbtargetballstate,"{""--ablation"": ""tube_only"", ""--ball-speed"": 9, ""--no-plot"": null, ""--perturb-sign"": ""random"", ""--random-perturb"": null, ""--serve-box"": null, ""--space-perturb-m"": 0.2, ""--space-perturb-min-m"": 0.0, ""--spatial-perturb-target"": ""ballstate""}",39,True,active,0.071555,1.896732,0.069264,40.0,105.0,1.76,0.98,1.7,5.0,0.071555,1.271,1.79,
exp20c_shared_targets,ablationtube_only__ballspeed9__noplot__perturbsignrandom__randomperturb__servebox__spaceperturbm0.2__spaceperturbminm0.0__spatialperturbtargetballstate,"{""--ablation"": ""tube_only"", ""--ball-speed"": 9, ""--no-plot"": null, ""--perturb-sign"": ""random"", ""--random-perturb"": null, ""--serve-box"": null, ""--space-perturb-m"": 0.2, ""--space-perturb-min-m"": 0.0, ""--spatial-perturb-target"": ""ballstate""}",33,True,active,0.033428,1.943954,0.033428,0.0,5.0,1.78,0.96,1.9,5.0,0.033428,1.417,2.6,
exp20c_shared_targets,ablationtube_only__ballspeed9__noplot__perturbsignrandom__randomperturb__servebox__spaceperturbm0.2__spaceperturbminm0.0__spatialperturbtargetballstate,"{""--ablation"": ""tube_only"", ""--ball-speed"": 9, ""--no-plot"": null, ""--perturb-sign"": ""random"", ""--random-perturb"": null, ""--serve-box"": null, ""--space-perturb-m"": 0.2, ""--space-perturb-min-m"": 0.0, ""--spatial-perturb-target"": ""ballstate""}",44,True,active,0.117047,1.939907,0.11328,0.0,0.0,1.8,1.0,1.5,20.0,0.117047,1.7,1.43,
exp20c_shared_targets,ablationtube_only__ballspeed9__noplot__perturbsignrandom__randomperturb__servebox__spaceperturbm0.2__spaceperturbminm0.0__spatialperturbtargetballstate,"{""--ablation"": ""tube_only"", ""--ball-speed"": 9, ""--no-plot"": null, ""--perturb-sign"": ""random"", ""--random-perturb"": null, ""--serve-box"": null, ""--space-perturb-m"": 0.2, ""--space-perturb-min-m"": 0.0, ""--spatial-perturb-target"": ""ballstate""}",35,True,active,0.069731,1.940045,0.034748,0.0,0.0,1.99,0.99,2.6,20.0,0.069731,1.735,2.75,
exp20c_shared_targets,ablationtube_only__ballspeed9__noplot__perturbsignrandom__randomperturb__servebox__spaceperturbm0.2__spaceperturbminm0.0__spatialperturbtargetballstate,"{""--ablation"": ""tube_only"", ""--ball-speed"": 9, ""--no-plot"": null, ""--perturb-sign"": ""random"", ""--random-perturb"": null, ""--serve-box"": null, ""--space-perturb-m"": 0.2, ""--space-perturb-min-m"": 0.0, ""--spatial-perturb-target"": ""ballstate""}",46,False,miss,0.246327,1.963099,0.149241,25.0,60.0,1.05,1.0,1.1,0.0,0.246327,0.0,1.5,
exp20c_shared_targets,ablationtube_only__ballspeed9__noplot__perturbsignrandom__randomperturb__servebox__spaceperturbm0.2__spaceperturbminm0.0__spatialperturbtargetballstate,"{""--ablation"": ""tube_only"", ""--ball-speed"": 9, ""--no-plot"": null, ""--perturb-sign"": ""random"", ""--random-perturb"": null, ""--serve-box"": null, ""--space-perturb-m"": 0.2, ""--space-perturb-min-m"": 0.0, ""--spatial-perturb-target"": ""ballstate""}",47,False,miss,0.309059,1.931583,0.193312,0.0,0.0,1.05,0.99,1.1,0.0,0.309059,0.0,1.35,
exp20c_shared_targets,ablationtube_only__ballspeed9__noplot__perturbsignrandom__randomperturb__servebox__spaceperturbm0.2__spaceperturbminm0.0__spatialperturbtargetballstate,"{""--ablation"": ""tube_only"", ""--ball-speed"": 9, ""--no-plot"": null, ""--perturb-sign"": ""random"", ""--random-perturb"": null, ""--serve-box"": null, ""--space-perturb-m"": 0.2, ""--space-perturb-min-m"": 0.0, ""--spatial-perturb-target"": ""ballstate""}",48,True,active,0.115494,1.97064,0.109806,40.0,105.0,1.81,0.97,1.9,10.0,0.115494,1.773,1.6,
exp20c_shared_targets,ablationtube_only__ballspeed9__noplot__perturbsignrandom__randomperturb__servebox__spaceperturbm0.2__spaceperturbminm0.0__spatialperturbtargetballstate,"{""--ablation"": ""tube_only"", ""--ball-speed"": 9, ""--no-plot"": null, ""--perturb-sign"": ""random"", ""--random-perturb"": null, ""--serve-box"": null, ""--space-perturb-m"": 0.2, ""--space-perturb-min-m"": 0.0, ""--spatial-perturb-target"": ""ballstate""}",49,True,active,0.147467,1.939479,0.140334,40.0,45.0,1.66,1.0,1.8,5.0,0.147467,1.235,1.37,
exp20c_shared_targets,ablationtube_only__ballspeed9__noplot__perturbsignrandom__randomperturb__servebox__spaceperturbm0.2__spaceperturbminm0.0__spatialperturbtargetballstate,"{""--ablation"": ""tube_only"", ""--ball-speed"": 9, ""--no-plot"": null, ""--perturb-sign"": ""random"", ""--random-perturb"": null, ""--serve-box"": null, ""--space-perturb-m"": 0.2, ""--space-perturb-min-m"": 0.0, ""--spatial-perturb-target"": ""ballstate""}",50,True,active,0.114619,1.88947,0.111186,30.0,105.0,1.62,0.99,1.5,5.0,0.114619,1.072,1.51,
exp20c_shared_targets,ablationtube_only__ballspeed9__noplot__perturbsignrandom__randomperturb__servebox__spaceperturbm0.2__spaceperturbminm0.0__spatialperturbtargetballstate,"{""--ablation"": ""tube_only"", ""--ball-speed"": 9, ""--no-plot"": null, ""--perturb-sign"": ""random"", ""--random-perturb"": null, ""--serve-box"": null, ""--space-perturb-m"": 0.2, ""--space-perturb-min-m"": 0.0, ""--spatial-perturb-target"": ""ballstate""}",52,True,active,0.056405,1.93354,0.041546,5.0,20.0,1.78,0.94,1.4,15.0,0.056405,1.749,1.43,
exp20c_shared_targets,ablationtube_only__ballspeed9__noplot__perturbsignrandom__randomperturb__servebox__spaceperturbm0.2__spaceperturbminm0.0__spatialperturbtargetballstate,"{""--ablation"": ""tube_only"", ""--ball-speed"": 9, ""--no-plot"": null, ""--perturb-sign"": ""random"", ""--random-perturb"": null, ""--serve-box"": null, ""--space-perturb-m"": 0.2, ""--space-perturb-min-m"": 0.0, ""--spatial-perturb-target"": ""ballstate""}",53,True,active,0.066904,1.930004,0.020925,0.0,0.0,1.8,0.99,2.0,20.0,0.066904,1.797,1.42,
exp20c_shared_targets,ablationtube_only__ballspeed9__noplot__perturbsignrandom__randomperturb__servebox__spaceperturbm0.2__spaceperturbminm0.0__spatialperturbtargetballstate,"{""--ablation"": ""tube_only"", ""--ball-speed"": 9, ""--no-plot"": null, ""--perturb-sign"": ""random"", ""--random-perturb"": null, ""--serve-box"": null, ""--space-perturb-m"": 0.2, ""--space-perturb-min-m"": 0.0, ""--spatial-perturb-target"": ""ballstate""}",55,True,active,0.087901,1.935248,0.060232,0.0,0.0,1.71,1.0,2.4,10.0,0.087901,1.715,1.42,
exp20c_shared_targets,ablationtube_only__ballspeed9__noplot__perturbsignrandom__randomperturb__servebox__spaceperturbm0.2__spaceperturbminm0.0__spatialperturbtargetballstate,"{""--ablation"": ""tube_only"", ""--ball-speed"": 9, ""--no-plot"": null, ""--perturb-sign"": ""random"", ""--random-perturb"": null, ""--serve-box"": null, ""--space-perturb-m"": 0.2, ""--space-perturb-min-m"": 0.0, ""--spatial-perturb-target"": ""ballstate""}",45,True,active,0.073132,1.931091,0.033014,0.0,0.0,1.77,0.97,2.3,15.0,0.073132,1.774,2.87,
exp20c_shared_targets,ablationtube_only__ballspeed9__noplot__perturbsignrandom__randomperturb__servebox__spaceperturbm0.2__spaceperturbminm0.0__spatialperturbtargetballstate,"{""--ablation"": ""tube_only"", ""--ball-speed"": 9, ""--no-plot"": null, ""--perturb-sign"": ""random"", ""--random-perturb"": null, ""--serve-box"": null, ""--space-perturb-m"": 0.2, ""--space-perturb-min-m"": 0.0, ""--spatial-perturb-target"": ""ballstate""}",43,False,miss,0.343085,1.930889,0.172233,0.0,0.0,1.75,0.99,1.9,0.0,0.343085,0.0,2.95,
exp20c_shared_targets,ablationtube_only__ballspeed9__noplot__perturbsignrandom__randomperturb__servebox__spaceperturbm0.2__spaceperturbminm0.0__spatialperturbtargetballstate,"{""--ablation"": ""tube_only"", ""--ball-speed"": 9, ""--no-plot"": null, ""--perturb-sign"": ""random"", ""--random-perturb"": null, ""--serve-box"": null, ""--space-perturb-m"": 0.2, ""--space-perturb-min-m"": 0.0, ""--spatial-perturb-target"": ""ballstate""}",56,True,active,0.09388,1.936768,0.070593,0.0,0.0,1.77,0.99,2.2,15.0,0.09388,1.738,1.56,
exp20c_shared_targets,ablationtube_only__ballspeed9__noplot__perturbsignrandom__randomperturb__servebox__spaceperturbm0.2__spaceperturbminm0.0__spatialperturbtargetballstate,"{""--ablation"": ""tube_only"", ""--ball-speed"": 9, ""--no-plot"": null, ""--perturb-sign"": ""random"", ""--random-perturb"": null, ""--serve-box"": null, ""--space-perturb-m"": 0.2, ""--space-perturb-min-m"": 0.0, ""--spatial-perturb-target"": ""ballstate""}",58,True,active,0.064832,1.866131,0.064832,50.0,105.0,1.07,0.99,1.4,5.0,0.064832,0.672,1.43,
exp20c_shared_targets,ablationtube_only__ballspeed9__noplot__perturbsignrandom__randomperturb__servebox__spaceperturbm0.2__spaceperturbminm0.0__spatialperturbtargetballstate,"{""--ablation"": ""tube_only"", ""--ball-speed"": 9, ""--no-plot"": null, ""--perturb-sign"": ""random"", ""--random-perturb"": null, ""--serve-box"": null, ""--space-perturb-m"": 0.2, ""--space-perturb-min-m"": 0.0, ""--spatial-perturb-target"": ""ballstate""}",42,True,active,0.095794,1.938265,0.095794,35.0,105.0,1.34,1.0,1.6,5.0,0.095794,0.793,3.19,
exp20c_shared_targets,ablationtube_only__ballspeed9__noplot__perturbsignrandom__randomperturb__servebox__spaceperturbm0.2__spaceperturbminm0.0__spatialperturbtargetballstate,"{""--ablation"": ""tube_only"", ""--ball-speed"": 9, ""--no-plot"": null, ""--perturb-sign"": ""random"", ""--random-perturb"": null, ""--serve-box"": null, ""--space-perturb-m"": 0.2, ""--space-perturb-min-m"": 0.0, ""--spatial-perturb-target"": ""ballstate""}",57,True,active,0.09141,1.938466,0.036051,0.0,0.0,1.77,0.98,2.4,15.0,0.09141,1.767,1.53,
exp20c_shared_targets,ablationtube_only__ballspeed9__noplot__perturbsignrandom__randomperturb__servebox__spaceperturbm0.2__spaceperturbminm0.0__spatialperturbtargetballstate,"{""--ablation"": ""tube_only"", ""--ball-speed"": 9, ""--no-plot"": null, ""--perturb-sign"": ""random"", ""--random-perturb"": null, ""--serve-box"": null, ""--space-perturb-m"": 0.2, ""--space-perturb-min-m"": 0.0, ""--spatial-perturb-target"": ""ballstate""}",54,True,active,0.107248,1.89373,0.107248,0.0,0.0,1.79,0.99,2.3,20.0,0.107248,1.782,2.16,
exp20c_shared_targets,ablationtube_only__ballspeed9__noplot__perturbsignrandom__randomperturb__servebox__spaceperturbm0.2__spaceperturbminm0.0__spatialperturbtargetballstate,"{""--ablation"": ""tube_only"", ""--ball-speed"": 9, ""--no-plot"": null, ""--perturb-sign"": ""random"", ""--random-perturb"": null, ""--serve-box"": null, ""--space-perturb-m"": 0.2, ""--space-perturb-min-m"": 0.0, ""--spatial-perturb-target"": ""ballstate""}",51,False,miss,0.369775,1.919948,0.235574,0.0,0.0,1.26,1.0,1.8,0.0,0.369775,0.0,2.61,
exp20c_shared_targets,ablationtube_only__ballspeed9__noplot__perturbsignrandom__randomperturb__servebox__spaceperturbm0.2__spaceperturbminm0.0__spatialperturbtargetballstate,"{""--ablation"": ""tube_only"", ""--ball-speed"": 9, ""--no-plot"": null, ""--perturb-sign"": ""random"", ""--random-perturb"": null, ""--serve-box"": null, ""--space-perturb-m"": 0.2, ""--space-perturb-min-m"": 0.0, ""--spatial-perturb-target"": ""ballstate""}",59,True,active,0.070795,1.939792,0.050449,0.0,0.0,1.15,1.0,1.3,15.0,0.070795,0.715,1.64,
exp20c_shared_targets,ablationtube_only__ballspeed9__noplot__perturbsignrandom__randomperturb__servebox__spaceperturbm0.2__spaceperturbminm0.0__spatialperturbtargetballstate,"{""--ablation"": ""tube_only"", ""--ball-speed"": 9, ""--no-plot"": null, ""--perturb-sign"": ""random"", ""--random-perturb"": null, ""--serve-box"": null, ""--space-perturb-m"": 0.2, ""--space-perturb-min-m"": 0.0, ""--spatial-perturb-target"": ""ballstate""}",61,True,active,0.090411,1.932935,0.025543,45.0,95.0,1.77,1.0,2.1,20.0,0.090411,1.684,1.47,
exp20c_shared_targets,ablationtube_only__ballspeed9__noplot__perturbsignrandom__randomperturb__servebox__spaceperturbm0.2__spaceperturbminm0.0__spatialperturbtargetballstate,"{""--ablation"": ""tube_only"", ""--ball-speed"": 9, ""--no-plot"": null, ""--perturb-sign"": ""random"", ""--random-perturb"": null, ""--serve-box"": null, ""--space-perturb-m"": 0.2, ""--space-perturb-min-m"": 0.0, ""--spatial-perturb-target"": ""ballstate""}",60,False,miss,0.347943,1.90557,0.212358,0.0,0.0,1.34,1.0,1.4,0.0,0.347943,0.0,1.62,
exp20c_shared_targets,ablationtube_only__ballspeed9__noplot__perturbsignrandom__randomperturb__servebox__spaceperturbm0.2__spaceperturbminm0.0__spatialperturbtargetballstate,"{""--ablation"": ""tube_only"", ""--ball-speed"": 9, ""--no-plot"": null, ""--perturb-sign"": ""random"", ""--random-perturb"": null, ""--serve-box"": null, ""--space-perturb-m"": 0.2, ""--space-perturb-min-m"": 0.0, ""--spatial-perturb-target"": ""ballstate""}",62,True,active,0.148855,1.934426,0.141578,35.0,65.0,1.62,1.0,1.5,5.0,0.148855,0.917,1.44,
exp20c_shared_targets,ablationtube_only__ballspeed9__noplot__perturbsignrandom__randomperturb__servebox__spaceperturbm0.2__spaceperturbminm0.0__spatialperturbtargetballstate,"{""--ablation"": ""tube_only"", ""--ball-speed"": 9, ""--no-plot"": null, ""--perturb-sign"": ""random"", ""--random-perturb"": null, ""--serve-box"": null, ""--space-perturb-m"": 0.2, ""--space-perturb-min-m"": 0.0, ""--spatial-perturb-target"": ""ballstate""}",65,True,active,0.111881,1.932936,0.105276,35.0,105.0,1.66,0.99,2.1,15.0,0.111881,1.604,1.44,
exp20c_shared_targets,ablationtube_only__ballspeed9__noplot__perturbsignrandom__randomperturb__servebox__spaceperturbm0.2__spaceperturbminm0.0__spatialperturbtargetballstate,"{""--ablation"": ""tube_only"", ""--ball-speed"": 9, ""--no-plot"": null, ""--perturb-sign"": ""random"", ""--random-perturb"": null, ""--serve-box"": null, ""--space-perturb-m"": 0.2, ""--space-perturb-min-m"": 0.0, ""--spatial-perturb-target"": ""ballstate""}",64,True,active,0.105521,1.901306,0.026307,20.0,65.0,1.11,0.99,0.9,0.0,0.105521,0.361,1.51,
exp20c_shared_targets,ablationtube_only__ballspeed9__noplot__perturbsignrandom__randomperturb__servebox__spaceperturbm0.2__spaceperturbminm0.0__spatialperturbtargetballstate,"{""--ablation"": ""tube_only"", ""--ball-speed"": 9, ""--no-plot"": null, ""--perturb-sign"": ""random"", ""--random-perturb"": null, ""--serve-box"": null, ""--space-perturb-m"": 0.2, ""--space-perturb-min-m"": 0.0, ""--spatial-perturb-target"": ""ballstate""}",68,True,active,0.048934,1.912503,0.048934,40.0,105.0,1.67,0.99,1.3,10.0,0.048934,1.665,1.38,
exp20c_shared_targets,ablationtube_only__ballspeed9__noplot__perturbsignrandom__randomperturb__servebox__spaceperturbm0.2__spaceperturbminm0.0__spatialperturbtargetballstate,"{""--ablation"": ""tube_only"", ""--ball-speed"": 9, ""--no-plot"": null, ""--perturb-sign"": ""random"", ""--random-perturb"": null, ""--serve-box"": null, ""--space-perturb-m"": 0.2, ""--space-perturb-min-m"": 0.0, ""--spatial-perturb-target"": ""ballstate""}",70,True,active,0.075955,1.949758,0.072174,50.0,105.0,1.64,0.99,1.4,10.0,0.075955,1.639,1.48,
exp20c_shared_targets,ablationtube_only__ballspeed9__noplot__perturbsignrandom__randomperturb__servebox__spaceperturbm0.2__spaceperturbminm0.0__spatialperturbtargetballstate,"{""--ablation"": ""tube_only"", ""--ball-speed"": 9, ""--no-plot"": null, ""--perturb-sign"": ""random"", ""--random-perturb"": null, ""--serve-box"": null, ""--space-perturb-m"": 0.2, ""--space-perturb-min-m"": 0.0, ""--spatial-perturb-target"": ""ballstate""}",67,True,active,0.106919,1.921711,0.106919,35.0,105.0,1.3,1.0,1.4,5.0,0.106919,0.869,1.71,
exp20c_shared_targets,ablationtube_only__ballspeed9__noplot__perturbsignrandom__randomperturb__servebox__spaceperturbm0.2__spaceperturbminm0.0__spatialperturbtargetballstate,"{""--ablation"": ""tube_only"", ""--ball-speed"": 9, ""--no-plot"": null, ""--perturb-sign"": ""random"", ""--random-perturb"": null, ""--serve-box"": null, ""--space-perturb-m"": 0.2, ""--space-perturb-min-m"": 0.0, ""--spatial-perturb-target"": ""ballstate""}",74,True,active,0.128421,1.953139,0.116371,35.0,85.0,1.76,0.99,1.8,10.0,0.128421,1.757,1.36,
exp20c_shared_targets,ablationtube_only__ballspeed9__noplot__perturbsignrandom__randomperturb__servebox__spaceperturbm0.2__spaceperturbminm0.0__spatialperturbtargetballstate,"{""--ablation"": ""tube_only"", ""--ball-speed"": 9, ""--no-plot"": null, ""--perturb-sign"": ""random"", ""--random-perturb"": null, ""--serve-box"": null, ""--space-perturb-m"": 0.2, ""--space-perturb-min-m"": 0.0, ""--spatial-perturb-target"": ""ballstate""}",75,True,active,0.130485,1.918712,0.121474,35.0,90.0,1.81,1.0,1.7,0.0,0.130485,0.79,1.53,
exp20c_shared_targets,ablationtube_only__ballspeed9__noplot__perturbsignrandom__randomperturb__servebox__spaceperturbm0.2__spaceperturbminm0.0__spatialperturbtargetballstate,"{""--ablation"": ""tube_only"", ""--ball-speed"": 9, ""--no-plot"": null, ""--perturb-sign"": ""random"", ""--random-perturb"": null, ""--serve-box"": null, ""--space-perturb-m"": 0.2, ""--space-perturb-min-m"": 0.0, ""--spatial-perturb-target"": ""ballstate""}",71,True,active,0.10432,1.962931,0.10432,30.0,80.0,1.76,0.99,1.7,15.0,0.10432,1.499,1.82,
exp20c_shared_targets,ablationtube_only__ballspeed9__noplot__perturbsignrandom__randomperturb__servebox__spaceperturbm0.2__spaceperturbminm0.0__spatialperturbtargetballstate,"{""--ablation"": ""tube_only"", ""--ball-speed"": 9, ""--no-plot"": null, ""--perturb-sign"": ""random"", ""--random-perturb"": null, ""--serve-box"": null, ""--space-perturb-m"": 0.2, ""--space-perturb-min-m"": 0.0, ""--spatial-perturb-target"": ""ballstate""}",72,True,active,0.071391,1.956176,0.048641,50.0,105.0,1.76,0.99,1.9,10.0,0.071391,1.672,1.95,
exp20c_shared_targets,ablationtube_only__ballspeed9__noplot__perturbsignrandom__randomperturb__servebox__spaceperturbm0.2__spaceperturbminm0.0__spatialperturbtargetballstate,"{""--ablation"": ""tube_only"", ""--ball-speed"": 9, ""--no-plot"": null, ""--perturb-sign"": ""random"", ""--random-perturb"": null, ""--serve-box"": null, ""--space-perturb-m"": 0.2, ""--space-perturb-min-m"": 0.0, ""--spatial-perturb-target"": ""ballstate""}",76,True,active,0.10379,1.881817,0.095605,0.0,0.0,1.79,1.0,1.7,15.0,0.10379,1.7,1.5,
exp20c_shared_targets,ablationtube_only__ballspeed9__noplot__perturbsignrandom__randomperturb__servebox__spaceperturbm0.2__spaceperturbminm0.0__spatialperturbtargetballstate,"{""--ablation"": ""tube_only"", ""--ball-speed"": 9, ""--no-plot"": null, ""--perturb-sign"": ""random"", ""--random-perturb"": null, ""--serve-box"": null, ""--space-perturb-m"": 0.2, ""--space-perturb-min-m"": 0.0, ""--spatial-perturb-target"": ""ballstate""}",69,True,active,0.064859,1.936186,0.029149,20.0,50.0,1.79,0.97,1.9,15.0,0.064859,1.789,2.49,
exp20c_shared_targets,ablationtube_only__ballspeed9__noplot__perturbsignrandom__randomperturb__servebox__spaceperturbm0.2__spaceperturbminm0.0__spatialperturbtargetballstate,"{""--ablation"": ""tube_only"", ""--ball-speed"": 9, ""--no-plot"": null, ""--perturb-sign"": ""random"", ""--random-perturb"": null, ""--serve-box"": null, ""--space-perturb-m"": 0.2, ""--space-perturb-min-m"": 0.0, ""--spatial-perturb-target"": ""ballstate""}",73,True,active,0.085286,1.968902,0.047586,0.0,0.0,1.76,1.0,1.6,15.0,0.085286,1.623,2.08,
exp20c_shared_targets,ablationtube_only__ballspeed9__noplot__perturbsignrandom__randomperturb__servebox__spaceperturbm0.2__spaceperturbminm0.0__spatialperturbtargetballstate,"{""--ablation"": ""tube_only"", ""--ball-speed"": 9, ""--no-plot"": null, ""--perturb-sign"": ""random"", ""--random-perturb"": null, ""--serve-box"": null, ""--space-perturb-m"": 0.2, ""--space-perturb-min-m"": 0.0, ""--spatial-perturb-target"": ""ballstate""}",63,True,active,0.060541,1.9275,0.020845,0.0,0.0,1.96,1.0,2.0,20.0,0.060541,1.743,3.11,
exp20c_shared_targets,ablationtube_only__ballspeed9__noplot__perturbsignrandom__randomperturb__servebox__spaceperturbm0.2__spaceperturbminm0.0__spatialperturbtargetballstate,"{""--ablation"": ""tube_only"", ""--ball-speed"": 9, ""--no-plot"": null, ""--perturb-sign"": ""random"", ""--random-perturb"": null, ""--serve-box"": null, ""--space-perturb-m"": 0.2, ""--space-perturb-min-m"": 0.0, ""--spatial-perturb-target"": ""ballstate""}",77,False,miss,0.234637,1.845191,0.171274,0.0,0.0,1.5,0.99,1.5,0.0,0.234637,0.0,1.46,
exp20c_shared_targets,ablationtube_only__ballspeed9__noplot__perturbsignrandom__randomperturb__servebox__spaceperturbm0.2__spaceperturbminm0.0__spatialperturbtargetballstate,"{""--ablation"": ""tube_only"", ""--ball-speed"": 9, ""--no-plot"": null, ""--perturb-sign"": ""random"", ""--random-perturb"": null, ""--serve-box"": null, ""--space-perturb-m"": 0.2, ""--space-perturb-min-m"": 0.0, ""--spatial-perturb-target"": ""ballstate""}",66,True,active,0.052131,1.937855,0.038902,0.0,0.0,1.79,0.99,1.7,10.0,0.052131,1.765,3.01,
exp20c_shared_targets,ablationtube_only__ballspeed9__noplot__perturbsignrandom__randomperturb__servebox__spaceperturbm0.2__spaceperturbminm0.0__spatialperturbtargetballstate,"{""--ablation"": ""tube_only"", ""--ball-speed"": 9, ""--no-plot"": null, ""--perturb-sign"": ""random"", ""--random-perturb"": null, ""--serve-box"": null, ""--space-perturb-m"": 0.2, ""--space-perturb-min-m"": 0.0, ""--spatial-perturb-target"": ""ballstate""}",78,False,miss,0.305525,1.897262,0.161544,20.0,0.0,1.73,0.99,1.9,0.0,0.305525,0.0,1.57,
exp20c_shared_targets,ablationtube_only__ballspeed9__noplot__perturbsignrandom__randomperturb__servebox__spaceperturbm0.2__spaceperturbminm0.0__spatialperturbtargetballstate,"{""--ablation"": ""tube_only"", ""--ball-speed"": 9, ""--no-plot"": null, ""--perturb-sign"": ""random"", ""--random-perturb"": null, ""--serve-box"": null, ""--space-perturb-m"": 0.2, ""--space-perturb-min-m"": 0.0, ""--spatial-perturb-target"": ""ballstate""}",81,True,active,0.048981,1.946574,0.048098,40.0,105.0,1.68,0.95,1.4,10.0,0.048981,1.685,1.47,
exp20c_shared_targets,ablationtube_only__ballspeed9__noplot__perturbsignrandom__randomperturb__servebox__spaceperturbm0.2__spaceperturbminm0.0__spatialperturbtargetballstate,"{""--ablation"": ""tube_only"", ""--ball-speed"": 9, ""--no-plot"": null, ""--perturb-sign"": ""random"", ""--random-perturb"": null, ""--serve-box"": null, ""--space-perturb-m"": 0.2, ""--space-perturb-min-m"": 0.0, ""--spatial-perturb-target"": ""ballstate""}",79,True,active,0.119553,1.930066,0.119553,0.0,0.0,1.79,0.98,1.8,10.0,0.119553,1.621,1.92,
exp20c_shared_targets,ablationtube_only__ballspeed9__noplot__perturbsignrandom__randomperturb__servebox__spaceperturbm0.2__spaceperturbminm0.0__spatialperturbtargetballstate,"{""--ablation"": ""tube_only"", ""--ball-speed"": 9, ""--no-plot"": null, ""--perturb-sign"": ""random"", ""--random-perturb"": null, ""--serve-box"": null, ""--space-perturb-m"": 0.2, ""--space-perturb-min-m"": 0.0, ""--spatial-perturb-target"": ""ballstate""}",80,False,miss,0.283069,1.914164,0.167967,15.0,0.0,1.2,0.99,1.6,0.0,0.283069,0.0,1.84,
exp20c_shared_targets,ablationtube_only__ballspeed9__noplot__perturbsignrandom__randomperturb__servebox__spaceperturbm0.2__spaceperturbminm0.0__spatialperturbtargetballstate,"{""--ablation"": ""tube_only"", ""--ball-speed"": 9, ""--no-plot"": null, ""--perturb-sign"": ""random"", ""--random-perturb"": null, ""--serve-box"": null, ""--space-perturb-m"": 0.2, ""--space-perturb-min-m"": 0.0, ""--spatial-perturb-target"": ""ballstate""}",85,True,active,0.031297,1.917692,0.031297,45.0,105.0,1.77,1.0,1.5,5.0,0.031297,1.049,1.42,
exp20c_shared_targets,ablationtube_only__ballspeed9__noplot__perturbsignrandom__randomperturb__servebox__spaceperturbm0.2__spaceperturbminm0.0__spatialperturbtargetballstate,"{""--ablation"": ""tube_only"", ""--ball-speed"": 9, ""--no-plot"": null, ""--perturb-sign"": ""random"", ""--random-perturb"": null, ""--serve-box"": null, ""--space-perturb-m"": 0.2, ""--space-perturb-min-m"": 0.0, ""--spatial-perturb-target"": ""ballstate""}",87,True,active,0.04596,1.950192,0.013509,5.0,15.0,1.76,0.97,2.1,15.0,0.04596,1.688,1.41,
exp20c_shared_targets,ablationtube_only__ballspeed9__noplot__perturbsignrandom__randomperturb__servebox__spaceperturbm0.2__spaceperturbminm0.0__spatialperturbtargetballstate,"{""--ablation"": ""tube_only"", ""--ball-speed"": 9, ""--no-plot"": null, ""--perturb-sign"": ""random"", ""--random-perturb"": null, ""--serve-box"": null, ""--space-perturb-m"": 0.2, ""--space-perturb-min-m"": 0.0, ""--spatial-perturb-target"": ""ballstate""}",88,True,active,0.05649,1.968091,0.044155,45.0,105.0,1.71,0.98,1.7,10.0,0.05649,1.708,1.51,
exp20c_shared_targets,ablationtube_only__ballspeed9__noplot__perturbsignrandom__randomperturb__servebox__spaceperturbm0.2__spaceperturbminm0.0__spatialperturbtargetballstate,"{""--ablation"": ""tube_only"", ""--ball-speed"": 9, ""--no-plot"": null, ""--perturb-sign"": ""random"", ""--random-perturb"": null, ""--serve-box"": null, ""--space-perturb-m"": 0.2, ""--space-perturb-min-m"": 0.0, ""--spatial-perturb-target"": ""ballstate""}",90,True,active,0.129922,1.93138,0.12981,35.0,105.0,1.34,1.0,1.6,5.0,0.129922,0.867,1.44,
exp20c_shared_targets,ablationtube_only__ballspeed9__noplot__perturbsignrandom__randomperturb__servebox__spaceperturbm0.2__spaceperturbminm0.0__spatialperturbtargetballstate,"{""--ablation"": ""tube_only"", ""--ball-speed"": 9, ""--no-plot"": null, ""--perturb-sign"": ""random"", ""--random-perturb"": null, ""--serve-box"": null, ""--space-perturb-m"": 0.2, ""--space-perturb-min-m"": 0.0, ""--spatial-perturb-target"": ""ballstate""}",84,True,active,0.098672,2.044841,0.09276,30.0,105.0,1.8,1.0,1.6,20.0,0.098672,1.729,1.96,
exp20c_shared_targets,ablationtube_only__ballspeed9__noplot__perturbsignrandom__randomperturb__servebox__spaceperturbm0.2__spaceperturbminm0.0__spatialperturbtargetballstate,"{""--ablation"": ""tube_only"", ""--ball-speed"": 9, ""--no-plot"": null, ""--perturb-sign"": ""random"", ""--random-perturb"": null, ""--serve-box"": null, ""--space-perturb-m"": 0.2, ""--space-perturb-min-m"": 0.0, ""--spatial-perturb-target"": ""ballstate""}",89,True,active,0.07149,1.941687,0.06061,40.0,105.0,1.77,0.99,2.0,10.0,0.07149,1.718,1.6,
exp20c_shared_targets,ablationtube_only__ballspeed9__noplot__perturbsignrandom__randomperturb__servebox__spaceperturbm0.2__spaceperturbminm0.0__spatialperturbtargetballstate,"{""--ablation"": ""tube_only"", ""--ball-speed"": 9, ""--no-plot"": null, ""--perturb-sign"": ""random"", ""--random-perturb"": null, ""--serve-box"": null, ""--space-perturb-m"": 0.2, ""--space-perturb-min-m"": 0.0, ""--spatial-perturb-target"": ""ballstate""}",82,True,active,0.109377,1.925717,0.104021,40.0,105.0,1.69,1.0,2.0,10.0,0.109377,1.422,2.45,
exp20c_shared_targets,ablationtube_only__ballspeed9__noplot__perturbsignrandom__randomperturb__servebox__spaceperturbm0.2__spaceperturbminm0.0__spatialperturbtargetballstate,"{""--ablation"": ""tube_only"", ""--ball-speed"": 9, ""--no-plot"": null, ""--perturb-sign"": ""random"", ""--random-perturb"": null, ""--serve-box"": null, ""--space-perturb-m"": 0.2, ""--space-perturb-min-m"": 0.0, ""--spatial-perturb-target"": ""ballstate""}",92,False,miss,0.373045,1.957756,0.213613,0.0,0.0,1.73,0.98,1.8,0.0,0.373045,0.0,1.49,
exp20c_shared_targets,ablationtube_only__ballspeed9__noplot__perturbsignrandom__randomperturb__servebox__spaceperturbm0.2__spaceperturbminm0.0__spatialperturbtargetballstate,"{""--ablation"": ""tube_only"", ""--ball-speed"": 9, ""--no-plot"": null, ""--perturb-sign"": ""random"", ""--random-perturb"": null, ""--serve-box"": null, ""--space-perturb-m"": 0.2, ""--space-perturb-min-m"": 0.0, ""--spatial-perturb-target"": ""ballstate""}",83,True,active,0.064041,1.968816,0.059526,40.0,105.0,1.78,0.91,1.8,10.0,0.064041,1.777,2.3,
exp20c_shared_targets,ablationtube_only__ballspeed9__noplot__perturbsignrandom__randomperturb__servebox__spaceperturbm0.2__spaceperturbminm0.0__spatialperturbtargetballstate,"{""--ablation"": ""tube_only"", ""--ball-speed"": 9, ""--no-plot"": null, ""--perturb-sign"": ""random"", ""--random-perturb"": null, ""--serve-box"": null, ""--space-perturb-m"": 0.2, ""--space-perturb-min-m"": 0.0, ""--spatial-perturb-target"": ""ballstate""}",95,False,miss,0.335888,1.92329,0.158574,20.0,0.0,1.8,1.0,1.9,0.0,0.335888,0.0,1.36,
exp20c_shared_targets,ablationtube_only__ballspeed9__noplot__perturbsignrandom__randomperturb__servebox__spaceperturbm0.2__spaceperturbminm0.0__spatialperturbtargetballstate,"{""--ablation"": ""tube_only"", ""--ball-speed"": 9, ""--no-plot"": null, ""--perturb-sign"": ""random"", ""--random-perturb"": null, ""--serve-box"": null, ""--space-perturb-m"": 0.2, ""--space-perturb-min-m"": 0.0, ""--spatial-perturb-target"": ""ballstate""}",94,True,active,0.099546,1.97175,0.095265,0.0,0.0,1.8,1.0,1.5,10.0,0.099546,1.609,1.67,
exp20c_shared_targets,ablationtube_only__ballspeed9__noplot__perturbsignrandom__randomperturb__servebox__spaceperturbm0.2__spaceperturbminm0.0__spatialperturbtargetballstate,"{""--ablation"": ""tube_only"", ""--ball-speed"": 9, ""--no-plot"": null, ""--perturb-sign"": ""random"", ""--random-perturb"": null, ""--serve-box"": null, ""--space-perturb-m"": 0.2, ""--space-perturb-min-m"": 0.0, ""--spatial-perturb-target"": ""ballstate""}",93,True,active,0.08676,1.942728,0.075695,35.0,105.0,1.79,0.97,2.1,15.0,0.08676,1.786,1.81,
exp20c_shared_targets,ablationtube_only__ballspeed9__noplot__perturbsignrandom__randomperturb__servebox__spaceperturbm0.2__spaceperturbminm0.0__spatialperturbtargetballstate,"{""--ablation"": ""tube_only"", ""--ball-speed"": 9, ""--no-plot"": null, ""--perturb-sign"": ""random"", ""--random-perturb"": null, ""--serve-box"": null, ""--space-perturb-m"": 0.2, ""--space-perturb-min-m"": 0.0, ""--spatial-perturb-target"": ""ballstate""}",96,True,active,0.023917,1.979265,0.023917,0.0,0.0,1.8,0.99,1.9,10.0,0.023917,1.777,1.47,
exp20c_shared_targets,ablationtube_only__ballspeed9__noplot__perturbsignrandom__randomperturb__servebox__spaceperturbm0.2__spaceperturbminm0.0__spatialperturbtargetballstate,"{""--ablation"": ""tube_only"", ""--ball-speed"": 9, ""--no-plot"": null, ""--perturb-sign"": ""random"", ""--random-perturb"": null, ""--serve-box"": null, ""--space-perturb-m"": 0.2, ""--space-perturb-min-m"": 0.0, ""--spatial-perturb-target"": ""ballstate""}",86,True,active,0.116041,1.931062,0.105011,25.0,55.0,1.75,1.0,2.1,10.0,0.116041,1.74,2.86,
exp20c_shared_targets,ablationsoftmin_only__ballspeed9__noplot__perturbsignrandom__randomperturb__servebox__spaceperturbm0.2__spaceperturbminm0.0__spatialperturbtargetballstate,"{""--ablation"": ""softmin_only"", ""--ball-speed"": 9, ""--no-plot"": null, ""--perturb-sign"": ""random"", ""--random-perturb"": null, ""--serve-box"": null, ""--space-perturb-m"": 0.2, ""--space-perturb-min-m"": 0.0, ""--spatial-perturb-target"": ""ballstate""}",4,True,active,0.138365,1.988847,0.12732,35.0,75.0,1.78,1.0,1.8,20.0,0.138365,1.424,1.35,
exp20c_shared_targets,ablationsoftmin_only__ballspeed9__noplot__perturbsignrandom__randomperturb__servebox__spaceperturbm0.2__spaceperturbminm0.0__spatialperturbtargetballstate,"{""--ablation"": ""softmin_only"", ""--ball-speed"": 9, ""--no-plot"": null, ""--perturb-sign"": ""random"", ""--random-perturb"": null, ""--serve-box"": null, ""--space-perturb-m"": 0.2, ""--space-perturb-min-m"": 0.0, ""--spatial-perturb-target"": ""ballstate""}",3,True,active,0.080401,1.958592,0.070309,0.0,0.0,1.94,0.99,2.1,25.0,0.080401,1.772,1.38,
exp20c_shared_targets,ablationsoftmin_only__ballspeed9__noplot__perturbsignrandom__randomperturb__servebox__spaceperturbm0.2__spaceperturbminm0.0__spatialperturbtargetballstate,"{""--ablation"": ""softmin_only"", ""--ball-speed"": 9, ""--no-plot"": null, ""--perturb-sign"": ""random"", ""--random-perturb"": null, ""--serve-box"": null, ""--space-perturb-m"": 0.2, ""--space-perturb-min-m"": 0.0, ""--spatial-perturb-target"": ""ballstate""}",2,True,active,0.090639,1.946303,0.089182,30.0,80.0,1.79,0.99,1.7,20.0,0.090639,1.78,1.41,
exp20c_shared_targets,ablationtube_only__ballspeed9__noplot__perturbsignrandom__randomperturb__servebox__spaceperturbm0.2__spaceperturbminm0.0__spatialperturbtargetballstate,"{""--ablation"": ""tube_only"", ""--ball-speed"": 9, ""--no-plot"": null, ""--perturb-sign"": ""random"", ""--random-perturb"": null, ""--serve-box"": null, ""--space-perturb-m"": 0.2, ""--space-perturb-min-m"": 0.0, ""--spatial-perturb-target"": ""ballstate""}",91,True,active,0.094083,1.944838,0.093438,45.0,105.0,1.37,1.0,1.5,0.0,0.094083,0.535,2.97,
exp20c_shared_targets,ablationtube_only__ballspeed9__noplot__perturbsignrandom__randomperturb__servebox__spaceperturbm0.2__spaceperturbminm0.0__spatialperturbtargetballstate,"{""--ablation"": ""tube_only"", ""--ball-speed"": 9, ""--no-plot"": null, ""--perturb-sign"": ""random"", ""--random-perturb"": null, ""--serve-box"": null, ""--space-perturb-m"": 0.2, ""--space-perturb-min-m"": 0.0, ""--spatial-perturb-target"": ""ballstate""}",99,False,miss,0.317507,1.903558,0.256881,0.0,0.0,0.97,1.0,1.3,0.0,0.317507,0.0,1.75,
exp20c_shared_targets,ablationtube_only__ballspeed9__noplot__perturbsignrandom__randomperturb__servebox__spaceperturbm0.2__spaceperturbminm0.0__spatialperturbtargetballstate,"{""--ablation"": ""tube_only"", ""--ball-speed"": 9, ""--no-plot"": null, ""--perturb-sign"": ""random"", ""--random-perturb"": null, ""--serve-box"": null, ""--space-perturb-m"": 0.2, ""--space-perturb-min-m"": 0.0, ""--spatial-perturb-target"": ""ballstate""}",98,False,miss,0.304567,1.917669,0.087761,0.0,0.0,1.33,1.0,1.3,0.0,0.304567,0.0,1.85,
exp20c_shared_targets,ablationtube_only__ballspeed9__noplot__perturbsignrandom__randomperturb__servebox__spaceperturbm0.2__spaceperturbminm0.0__spatialperturbtargetballstate,"{""--ablation"": ""tube_only"", ""--ball-speed"": 9, ""--no-plot"": null, ""--perturb-sign"": ""random"", ""--random-perturb"": null, ""--serve-box"": null, ""--space-perturb-m"": 0.2, ""--space-perturb-min-m"": 0.0, ""--spatial-perturb-target"": ""ballstate""}",100,True,active,0.042862,1.955892,0.033637,45.0,105.0,1.8,0.99,1.9,10.0,0.042862,1.789,1.99,
exp20c_shared_targets,ablationsoftmin_only__ballspeed9__noplot__perturbsignrandom__randomperturb__servebox__spaceperturbm0.2__spaceperturbminm0.0__spatialperturbtargetballstate,"{""--ablation"": ""softmin_only"", ""--ball-speed"": 9, ""--no-plot"": null, ""--perturb-sign"": ""random"", ""--random-perturb"": null, ""--serve-box"": null, ""--space-perturb-m"": 0.2, ""--space-perturb-min-m"": 0.0, ""--spatial-perturb-target"": ""ballstate""}",1,True,active,0.074554,1.964552,0.074554,30.0,105.0,1.79,1.0,2.0,20.0,0.074554,1.733,1.99,
exp20c_shared_targets,ablationsoftmin_only__ballspeed9__noplot__perturbsignrandom__randomperturb__servebox__spaceperturbm0.2__spaceperturbminm0.0__spatialperturbtargetballstate,"{""--ablation"": ""softmin_only"", ""--ball-speed"": 9, ""--no-plot"": null, ""--perturb-sign"": ""random"", ""--random-perturb"": null, ""--serve-box"": null, ""--space-perturb-m"": 0.2, ""--space-perturb-min-m"": 0.0, ""--spatial-perturb-target"": ""ballstate""}",5,True,active,0.097233,1.942969,0.078335,0.0,0.0,1.79,1.0,1.6,20.0,0.097233,1.625,1.49,
exp20c_shared_targets,ablationtube_only__ballspeed9__noplot__perturbsignrandom__randomperturb__servebox__spaceperturbm0.2__spaceperturbminm0.0__spatialperturbtargetballstate,"{""--ablation"": ""tube_only"", ""--ball-speed"": 9, ""--no-plot"": null, ""--perturb-sign"": ""random"", ""--random-perturb"": null, ""--serve-box"": null, ""--space-perturb-m"": 0.2, ""--space-perturb-min-m"": 0.0, ""--spatial-perturb-target"": ""ballstate""}",97,True,active,0.098995,1.963802,0.07749,0.0,0.0,1.77,0.98,1.3,10.0,0.098995,1.766,2.63,
exp20c_shared_targets,ablationsoftmin_only__ballspeed9__noplot__perturbsignrandom__randomperturb__servebox__spaceperturbm0.2__spaceperturbminm0.0__spatialperturbtargetballstate,"{""--ablation"": ""softmin_only"", ""--ball-speed"": 9, ""--no-plot"": null, ""--perturb-sign"": ""random"", ""--random-perturb"": null, ""--serve-box"": null, ""--space-perturb-m"": 0.2, ""--space-perturb-min-m"": 0.0, ""--spatial-perturb-target"": ""ballstate""}",9,True,active,0.037653,1.930033,0.037653,35.0,105.0,1.76,0.99,1.8,15.0,0.037653,1.715,1.4,
exp20c_shared_targets,ablationsoftmin_only__ballspeed9__noplot__perturbsignrandom__randomperturb__servebox__spaceperturbm0.2__spaceperturbminm0.0__spatialperturbtargetballstate,"{""--ablation"": ""softmin_only"", ""--ball-speed"": 9, ""--no-plot"": null, ""--perturb-sign"": ""random"", ""--random-perturb"": null, ""--serve-box"": null, ""--space-perturb-m"": 0.2, ""--space-perturb-min-m"": 0.0, ""--spatial-perturb-target"": ""ballstate""}",7,True,active,0.046616,1.93618,0.046616,35.0,85.0,1.76,0.99,1.8,20.0,0.046616,1.723,1.75,
exp20c_shared_targets,ablationsoftmin_only__ballspeed9__noplot__perturbsignrandom__randomperturb__servebox__spaceperturbm0.2__spaceperturbminm0.0__spatialperturbtargetballstate,"{""--ablation"": ""softmin_only"", ""--ball-speed"": 9, ""--no-plot"": null, ""--perturb-sign"": ""random"", ""--random-perturb"": null, ""--serve-box"": null, ""--space-perturb-m"": 0.2, ""--space-perturb-min-m"": 0.0, ""--spatial-perturb-target"": ""ballstate""}",6,True,active,0.100929,1.931035,0.094143,45.0,105.0,1.62,1.0,1.9,10.0,0.100929,1.48,1.77,
exp20c_shared_targets,ablationsoftmin_only__ballspeed9__noplot__perturbsignrandom__randomperturb__servebox__spaceperturbm0.2__spaceperturbminm0.0__spatialperturbtargetballstate,"{""--ablation"": ""softmin_only"", ""--ball-speed"": 9, ""--no-plot"": null, ""--perturb-sign"": ""random"", ""--random-perturb"": null, ""--serve-box"": null, ""--space-perturb-m"": 0.2, ""--space-perturb-min-m"": 0.0, ""--spatial-perturb-target"": ""ballstate""}",20,,,,,,,,,,,,,,0.27,no_result
exp20c_shared_targets,ablationsoftmin_only__ballspeed9__noplot__perturbsignrandom__randomperturb__servebox__spaceperturbm0.2__spaceperturbminm0.0__spatialperturbtargetballstate,"{""--ablation"": ""softmin_only"", ""--ball-speed"": 9, ""--no-plot"": null, ""--perturb-sign"": ""random"", ""--random-perturb"": null, ""--serve-box"": null, ""--space-perturb-m"": 0.2, ""--space-perturb-min-m"": 0.0, ""--spatial-perturb-target"": ""ballstate""}",21,,,,,,,,,,,,,,0.21,no_result
exp20c_shared_targets,ablationsoftmin_only__ballspeed9__noplot__perturbsignrandom__randomperturb__servebox__spaceperturbm0.2__spaceperturbminm0.0__spatialperturbtargetballstate,"{""--ablation"": ""softmin_only"", ""--ball-speed"": 9, ""--no-plot"": null, ""--perturb-sign"": ""random"", ""--random-perturb"": null, ""--serve-box"": null, ""--space-perturb-m"": 0.2, ""--space-perturb-min-m"": 0.0, ""--spatial-perturb-target"": ""ballstate""}",13,True,active,0.07332,1.987237,0.062734,10.0,50.0,1.49,1.0,1.3,15.0,0.07332,1.471,1.44,
exp20c_shared_targets,ablationsoftmin_only__ballspeed9__noplot__perturbsignrandom__randomperturb__servebox__spaceperturbm0.2__spaceperturbminm0.0__spatialperturbtargetballstate,"{""--ablation"": ""softmin_only"", ""--ball-speed"": 9, ""--no-plot"": null, ""--perturb-sign"": ""random"", ""--random-perturb"": null, ""--serve-box"": null, ""--space-perturb-m"": 0.2, ""--space-perturb-min-m"": 0.0, ""--spatial-perturb-target"": ""ballstate""}",15,True,active,0.050725,1.965662,0.050725,20.0,50.0,1.78,0.99,1.9,10.0,0.050725,1.776,1.4,
exp20c_shared_targets,ablationsoftmin_only__ballspeed9__noplot__perturbsignrandom__randomperturb__servebox__spaceperturbm0.2__spaceperturbminm0.0__spatialperturbtargetballstate,"{""--ablation"": ""softmin_only"", ""--ball-speed"": 9, ""--no-plot"": null, ""--perturb-sign"": ""random"", ""--random-perturb"": null, ""--serve-box"": null, ""--space-perturb-m"": 0.2, ""--space-perturb-min-m"": 0.0, ""--spatial-perturb-target"": ""ballstate""}",8,True,active,0.122864,2.005352,0.118135,35.0,105.0,1.22,1.0,1.2,5.0,0.122864,0.501,2.12,
exp20c_shared_targets,ablationsoftmin_only__ballspeed9__noplot__perturbsignrandom__randomperturb__servebox__spaceperturbm0.2__spaceperturbminm0.0__spatialperturbtargetballstate,"{""--ablation"": ""softmin_only"", ""--ball-speed"": 9, ""--no-plot"": null, ""--perturb-sign"": ""random"", ""--random-perturb"": null, ""--serve-box"": null, ""--space-perturb-m"": 0.2, ""--space-perturb-min-m"": 0.0, ""--spatial-perturb-target"": ""ballstate""}",14,True,active,0.02116,1.927689,0.02116,35.0,105.0,1.74,0.89,1.9,15.0,0.02116,1.744,1.54,
exp20c_shared_targets,ablationsoftmin_only__ballspeed9__noplot__perturbsignrandom__randomperturb__servebox__spaceperturbm0.2__spaceperturbminm0.0__spatialperturbtargetballstate,"{""--ablation"": ""softmin_only"", ""--ball-speed"": 9, ""--no-plot"": null, ""--perturb-sign"": ""random"", ""--random-perturb"": null, ""--serve-box"": null, ""--space-perturb-m"": 0.2, ""--space-perturb-min-m"": 0.0, ""--spatial-perturb-target"": ""ballstate""}",16,True,active,0.076906,1.950764,0.075236,30.0,105.0,1.8,1.0,1.7,25.0,0.076906,1.678,1.41,
exp20c_shared_targets,ablationsoftmin_only__ballspeed9__noplot__perturbsignrandom__randomperturb__servebox__spaceperturbm0.2__spaceperturbminm0.0__spatialperturbtargetballstate,"{""--ablation"": ""softmin_only"", ""--ball-speed"": 9, ""--no-plot"": null, ""--perturb-sign"": ""random"", ""--random-perturb"": null, ""--serve-box"": null, ""--space-perturb-m"": 0.2, ""--space-perturb-min-m"": 0.0, ""--spatial-perturb-target"": ""ballstate""}",12,True,active,0.073747,1.969226,0.073747,40.0,105.0,1.81,0.98,1.4,20.0,0.073747,1.663,1.86,
exp20c_shared_targets,ablationsoftmin_only__ballspeed9__noplot__perturbsignrandom__randomperturb__servebox__spaceperturbm0.2__spaceperturbminm0.0__spatialperturbtargetballstate,"{""--ablation"": ""softmin_only"", ""--ball-speed"": 9, ""--no-plot"": null, ""--perturb-sign"": ""random"", ""--random-perturb"": null, ""--serve-box"": null, ""--space-perturb-m"": 0.2, ""--space-perturb-min-m"": 0.0, ""--spatial-perturb-target"": ""ballstate""}",18,True,active,0.088625,1.95396,0.076739,35.0,105.0,1.79,0.99,2.0,25.0,0.088625,1.728,1.52,
exp20c_shared_targets,ablationsoftmin_only__ballspeed9__noplot__perturbsignrandom__randomperturb__servebox__spaceperturbm0.2__spaceperturbminm0.0__spatialperturbtargetballstate,"{""--ablation"": ""softmin_only"", ""--ball-speed"": 9, ""--no-plot"": null, ""--perturb-sign"": ""random"", ""--random-perturb"": null, ""--serve-box"": null, ""--space-perturb-m"": 0.2, ""--space-perturb-min-m"": 0.0, ""--spatial-perturb-target"": ""ballstate""}",17,True,passive,0.036346,1.926489,0.021257,50.0,105.0,1.78,1.0,1.5,0.0,0.036346,0.046,1.85,
exp20c_shared_targets,ablationsoftmin_only__ballspeed9__noplot__perturbsignrandom__randomperturb__servebox__spaceperturbm0.2__spaceperturbminm0.0__spatialperturbtargetballstate,"{""--ablation"": ""softmin_only"", ""--ball-speed"": 9, ""--no-plot"": null, ""--perturb-sign"": ""random"", ""--random-perturb"": null, ""--serve-box"": null, ""--space-perturb-m"": 0.2, ""--space-perturb-min-m"": 0.0, ""--spatial-perturb-target"": ""ballstate""}",24,False,miss,0.324332,1.934241,0.153356,20.0,0.0,1.45,0.99,1.5,0.0,0.324332,0.0,1.34,
exp20c_shared_targets,ablationsoftmin_only__ballspeed9__noplot__perturbsignrandom__randomperturb__servebox__spaceperturbm0.2__spaceperturbminm0.0__spatialperturbtargetballstate,"{""--ablation"": ""softmin_only"", ""--ball-speed"": 9, ""--no-plot"": null, ""--perturb-sign"": ""random"", ""--random-perturb"": null, ""--serve-box"": null, ""--space-perturb-m"": 0.2, ""--space-perturb-min-m"": 0.0, ""--spatial-perturb-target"": ""ballstate""}",11,False,miss,0.354591,1.924341,0.174814,10.0,0.0,1.79,0.99,1.5,0.0,0.354591,0.0,2.92,
exp20c_shared_targets,ablationsoftmin_only__ballspeed9__noplot__perturbsignrandom__randomperturb__servebox__spaceperturbm0.2__spaceperturbminm0.0__spatialperturbtargetballstate,"{""--ablation"": ""softmin_only"", ""--ball-speed"": 9, ""--no-plot"": null, ""--perturb-sign"": ""random"", ""--random-perturb"": null, ""--serve-box"": null, ""--space-perturb-m"": 0.2, ""--space-perturb-min-m"": 0.0, ""--spatial-perturb-target"": ""ballstate""}",10,True,active,0.036843,1.978141,0.032501,40.0,105.0,1.82,0.98,1.9,20.0,0.036843,1.744,2.93,
exp20c_shared_targets,ablationsoftmin_only__ballspeed9__noplot__perturbsignrandom__randomperturb__servebox__spaceperturbm0.2__spaceperturbminm0.0__spatialperturbtargetballstate,"{""--ablation"": ""softmin_only"", ""--ball-speed"": 9, ""--no-plot"": null, ""--perturb-sign"": ""random"", ""--random-perturb"": null, ""--serve-box"": null, ""--space-perturb-m"": 0.2, ""--space-perturb-min-m"": 0.0, ""--spatial-perturb-target"": ""ballstate""}",25,False,miss,0.484256,1.918667,0.222307,0.0,0.0,1.76,1.0,1.8,0.0,0.484256,0.0,1.45,
exp20c_shared_targets,ablationsoftmin_only__ballspeed9__noplot__perturbsignrandom__randomperturb__servebox__spaceperturbm0.2__spaceperturbminm0.0__spatialperturbtargetballstate,"{""--ablation"": ""softmin_only"", ""--ball-speed"": 9, ""--no-plot"": null, ""--perturb-sign"": ""random"", ""--random-perturb"": null, ""--serve-box"": null, ""--space-perturb-m"": 0.2, ""--space-perturb-min-m"": 0.0, ""--spatial-perturb-target"": ""ballstate""}",26,True,active,0.072465,1.960272,0.072465,35.0,105.0,1.82,0.99,1.8,15.0,0.072465,1.697,1.39,
exp20c_shared_targets,ablationsoftmin_only__ballspeed9__noplot__perturbsignrandom__randomperturb__servebox__spaceperturbm0.2__spaceperturbminm0.0__spatialperturbtargetballstate,"{""--ablation"": ""softmin_only"", ""--ball-speed"": 9, ""--no-plot"": null, ""--perturb-sign"": ""random"", ""--random-perturb"": null, ""--serve-box"": null, ""--space-perturb-m"": 0.2, ""--space-perturb-min-m"": 0.0, ""--spatial-perturb-target"": ""ballstate""}",27,True,active,0.129123,1.955587,0.121374,30.0,105.0,1.11,0.99,1.4,0.0,0.129123,0.437,1.4,
exp20c_shared_targets,ablationsoftmin_only__ballspeed9__noplot__perturbsignrandom__randomperturb__servebox__spaceperturbm0.2__spaceperturbminm0.0__spatialperturbtargetballstate,"{""--ablation"": ""softmin_only"", ""--ball-speed"": 9, ""--no-plot"": null, ""--perturb-sign"": ""random"", ""--random-perturb"": null, ""--serve-box"": null, ""--space-perturb-m"": 0.2, ""--space-perturb-min-m"": 0.0, ""--spatial-perturb-target"": ""ballstate""}",22,True,active,0.122292,1.894477,0.122292,0.0,0.0,1.71,1.0,1.9,15.0,0.122292,1.614,2.03,
exp20c_shared_targets,ablationsoftmin_only__ballspeed9__noplot__perturbsignrandom__randomperturb__servebox__spaceperturbm0.2__spaceperturbminm0.0__spatialperturbtargetballstate,"{""--ablation"": ""softmin_only"", ""--ball-speed"": 9, ""--no-plot"": null, ""--perturb-sign"": ""random"", ""--random-perturb"": null, ""--serve-box"": null, ""--space-perturb-m"": 0.2, ""--space-perturb-min-m"": 0.0, ""--spatial-perturb-target"": ""ballstate""}",28,True,active,0.124666,1.951299,0.119664,0.0,0.0,1.76,1.0,1.5,15.0,0.124666,1.622,1.41,
exp20c_shared_targets,ablationsoftmin_only__ballspeed9__noplot__perturbsignrandom__randomperturb__servebox__spaceperturbm0.2__spaceperturbminm0.0__spatialperturbtargetballstate,"{""--ablation"": ""softmin_only"", ""--ball-speed"": 9, ""--no-plot"": null, ""--perturb-sign"": ""random"", ""--random-perturb"": null, ""--serve-box"": null, ""--space-perturb-m"": 0.2, ""--space-perturb-min-m"": 0.0, ""--spatial-perturb-target"": ""ballstate""}",23,True,active,0.070103,1.961913,0.070103,40.0,105.0,1.81,0.98,2.1,15.0,0.070103,1.812,2.02,
exp20c_shared_targets,ablationsoftmin_only__ballspeed9__noplot__perturbsignrandom__randomperturb__servebox__spaceperturbm0.2__spaceperturbminm0.0__spatialperturbtargetballstate,"{""--ablation"": ""softmin_only"", ""--ball-speed"": 9, ""--no-plot"": null, ""--perturb-sign"": ""random"", ""--random-perturb"": null, ""--serve-box"": null, ""--space-perturb-m"": 0.2, ""--space-perturb-min-m"": 0.0, ""--spatial-perturb-target"": ""ballstate""}",30,True,active,0.074596,1.987967,0.06066,45.0,105.0,1.8,0.99,1.4,20.0,0.074596,1.784,1.42,
exp20c_shared_targets,ablationsoftmin_only__ballspeed9__noplot__perturbsignrandom__randomperturb__servebox__spaceperturbm0.2__spaceperturbminm0.0__spatialperturbtargetballstate,"{""--ablation"": ""softmin_only"", ""--ball-speed"": 9, ""--no-plot"": null, ""--perturb-sign"": ""random"", ""--random-perturb"": null, ""--serve-box"": null, ""--space-perturb-m"": 0.2, ""--space-perturb-min-m"": 0.0, ""--spatial-perturb-target"": ""ballstate""}",19,True,active,0.064968,1.933803,0.064968,35.0,105.0,1.77,0.99,1.9,15.0,0.064968,1.769,2.68,
exp20c_shared_targets,ablationsoftmin_only__ballspeed9__noplot__perturbsignrandom__randomperturb__servebox__spaceperturbm0.2__spaceperturbminm0.0__spatialperturbtargetballstate,"{""--ablation"": ""softmin_only"", ""--ball-speed"": 9, ""--no-plot"": null, ""--perturb-sign"": ""random"", ""--random-perturb"": null, ""--serve-box"": null, ""--space-perturb-m"": 0.2, ""--space-perturb-min-m"": 0.0, ""--spatial-perturb-target"": ""ballstate""}",31,True,active,0.127601,1.966128,0.118784,40.0,105.0,1.67,1.0,1.6,15.0,0.127601,1.503,1.75,
exp20c_shared_targets,ablationsoftmin_only__ballspeed9__noplot__perturbsignrandom__randomperturb__servebox__spaceperturbm0.2__spaceperturbminm0.0__spatialperturbtargetballstate,"{""--ablation"": ""softmin_only"", ""--ball-speed"": 9, ""--no-plot"": null, ""--perturb-sign"": ""random"", ""--random-perturb"": null, ""--serve-box"": null, ""--space-perturb-m"": 0.2, ""--space-perturb-min-m"": 0.0, ""--spatial-perturb-target"": ""ballstate""}",32,True,active,0.153102,1.932161,0.14977,30.0,40.0,1.76,0.97,2.0,15.0,0.153102,1.757,1.64,
exp20c_shared_targets,ablationsoftmin_only__ballspeed9__noplot__perturbsignrandom__randomperturb__servebox__spaceperturbm0.2__spaceperturbminm0.0__spatialperturbtargetballstate,"{""--ablation"": ""softmin_only"", ""--ball-speed"": 9, ""--no-plot"": null, ""--perturb-sign"": ""random"", ""--random-perturb"": null, ""--serve-box"": null, ""--space-perturb-m"": 0.2, ""--space-perturb-min-m"": 0.0, ""--spatial-perturb-target"": ""ballstate""}",35,True,active,0.072675,1.967166,0.01272,45.0,95.0,1.81,0.98,1.9,25.0,0.072675,1.733,1.44,
exp20c_shared_targets,ablationsoftmin_only__ballspeed9__noplot__perturbsignrandom__randomperturb__servebox__spaceperturbm0.2__spaceperturbminm0.0__spatialperturbtargetballstate,"{""--ablation"": ""softmin_only"", ""--ball-speed"": 9, ""--no-plot"": null, ""--perturb-sign"": ""random"", ""--random-perturb"": null, ""--serve-box"": null, ""--space-perturb-m"": 0.2, ""--space-perturb-min-m"": 0.0, ""--spatial-perturb-target"": ""ballstate""}",37,True,active,0.03808,1.968959,0.027664,0.0,0.0,1.84,1.0,1.9,25.0,0.03808,1.773,1.4,
exp20c_shared_targets,ablationsoftmin_only__ballspeed9__noplot__perturbsignrandom__randomperturb__servebox__spaceperturbm0.2__spaceperturbminm0.0__spatialperturbtargetballstate,"{""--ablation"": ""softmin_only"", ""--ball-speed"": 9, ""--no-plot"": null, ""--perturb-sign"": ""random"", ""--random-perturb"": null, ""--serve-box"": null, ""--space-perturb-m"": 0.2, ""--space-perturb-min-m"": 0.0, ""--spatial-perturb-target"": ""ballstate""}",29,True,active,0.070754,1.883057,0.070754,45.0,105.0,1.28,1.0,1.8,10.0,0.070754,0.949,2.63,
exp20c_shared_targets,ablationsoftmin_only__ballspeed9__noplot__perturbsignrandom__randomperturb__servebox__spaceperturbm0.2__spaceperturbminm0.0__spatialperturbtargetballstate,"{""--ablation"": ""softmin_only"", ""--ball-speed"": 9, ""--no-plot"": null, ""--perturb-sign"": ""random"", ""--random-perturb"": null, ""--serve-box"": null, ""--space-perturb-m"": 0.2, ""--space-perturb-min-m"": 0.0, ""--spatial-perturb-target"": ""ballstate""}",38,True,active,0.151295,1.974103,0.141219,35.0,95.0,1.76,0.99,1.6,10.0,0.151295,1.743,1.48,
exp20c_shared_targets,ablationsoftmin_only__ballspeed9__noplot__perturbsignrandom__randomperturb__servebox__spaceperturbm0.2__spaceperturbminm0.0__spatialperturbtargetballstate,"{""--ablation"": ""softmin_only"", ""--ball-speed"": 9, ""--no-plot"": null, ""--perturb-sign"": ""random"", ""--random-perturb"": null, ""--serve-box"": null, ""--space-perturb-m"": 0.2, ""--space-perturb-min-m"": 0.0, ""--spatial-perturb-target"": ""ballstate""}",39,True,active,0.084239,1.890709,0.084239,40.0,105.0,1.79,0.89,1.8,10.0,0.084239,1.781,1.53,
exp20c_shared_targets,ablationsoftmin_only__ballspeed9__noplot__perturbsignrandom__randomperturb__servebox__spaceperturbm0.2__spaceperturbminm0.0__spatialperturbtargetballstate,"{""--ablation"": ""softmin_only"", ""--ball-speed"": 9, ""--no-plot"": null, ""--perturb-sign"": ""random"", ""--random-perturb"": null, ""--serve-box"": null, ""--space-perturb-m"": 0.2, ""--space-perturb-min-m"": 0.0, ""--spatial-perturb-target"": ""ballstate""}",41,True,active,0.056302,2.01378,0.056302,35.0,105.0,1.51,1.0,1.3,15.0,0.056302,1.36,1.47,
exp20c_shared_targets,ablationsoftmin_only__ballspeed9__noplot__perturbsignrandom__randomperturb__servebox__spaceperturbm0.2__spaceperturbminm0.0__spatialperturbtargetballstate,"{""--ablation"": ""softmin_only"", ""--ball-speed"": 9, ""--no-plot"": null, ""--perturb-sign"": ""random"", ""--random-perturb"": null, ""--serve-box"": null, ""--space-perturb-m"": 0.2, ""--space-perturb-min-m"": 0.0, ""--spatial-perturb-target"": ""ballstate""}",34,True,active,0.090096,1.990602,0.090096,40.0,105.0,1.79,0.99,1.7,15.0,0.090096,1.743,1.97,
exp20c_shared_targets,ablationsoftmin_only__ballspeed9__noplot__perturbsignrandom__randomperturb__servebox__spaceperturbm0.2__spaceperturbminm0.0__spatialperturbtargetballstate,"{""--ablation"": ""softmin_only"", ""--ball-speed"": 9, ""--no-plot"": null, ""--perturb-sign"": ""random"", ""--random-perturb"": null, ""--serve-box"": null, ""--space-perturb-m"": 0.2, ""--space-perturb-min-m"": 0.0, ""--spatial-perturb-target"": ""ballstate""}",33,True,active,0.053266,1.958788,0.036421,0.0,0.0,1.79,0.99,1.8,15.0,0.053266,1.728,2.35,
exp20c_shared_targets,ablationsoftmin_only__ballspeed9__noplot__perturbsignrandom__randomperturb__servebox__spaceperturbm0.2__spaceperturbminm0.0__spatialperturbtargetballstate,"{""--ablation"": ""softmin_only"", ""--ball-speed"": 9, ""--no-plot"": null, ""--perturb-sign"": ""random"", ""--random-perturb"": null, ""--serve-box"": null, ""--space-perturb-m"": 0.2, ""--space-perturb-min-m"": 0.0, ""--spatial-perturb-target"": ""ballstate""}",43,False,miss,0.423671,1.956319,0.196283,0.0,0.0,1.78,0.99,1.8,0.0,0.423671,0.0,1.41,
exp20c_shared_targets,ablationsoftmin_only__ballspeed9__noplot__perturbsignrandom__randomperturb__servebox__spaceperturbm0.2__spaceperturbminm0.0__spatialperturbtargetballstate,"{""--ablation"": ""softmin_only"", ""--ball-speed"": 9, ""--no-plot"": null, ""--perturb-sign"": ""random"", ""--random-perturb"": null, ""--serve-box"": null, ""--space-perturb-m"": 0.2, ""--space-perturb-min-m"": 0.0, ""--spatial-perturb-target"": ""ballstate""}",44,False,miss,0.369579,1.927931,0.166781,15.0,0.0,1.79,1.0,1.3,0.0,0.369579,0.0,1.41,
exp20c_shared_targets,ablationsoftmin_only__ballspeed9__noplot__perturbsignrandom__randomperturb__servebox__spaceperturbm0.2__spaceperturbminm0.0__spatialperturbtargetballstate,"{""--ablation"": ""softmin_only"", ""--ball-speed"": 9, ""--no-plot"": null, ""--perturb-sign"": ""random"", ""--random-perturb"": null, ""--serve-box"": null, ""--space-perturb-m"": 0.2, ""--space-perturb-min-m"": 0.0, ""--spatial-perturb-target"": ""ballstate""}",45,True,active,0.072335,1.989742,0.035334,20.0,65.0,1.84,0.95,1.8,25.0,0.072335,1.603,1.51,
exp20c_shared_targets,ablationsoftmin_only__ballspeed9__noplot__perturbsignrandom__randomperturb__servebox__spaceperturbm0.2__spaceperturbminm0.0__spatialperturbtargetballstate,"{""--ablation"": ""softmin_only"", ""--ball-speed"": 9, ""--no-plot"": null, ""--perturb-sign"": ""random"", ""--random-perturb"": null, ""--serve-box"": null, ""--space-perturb-m"": 0.2, ""--space-perturb-min-m"": 0.0, ""--spatial-perturb-target"": ""ballstate""}",36,True,active,0.124722,1.970847,0.117951,40.0,105.0,1.8,0.98,2.0,15.0,0.124722,1.787,2.66,
exp20c_shared_targets,ablationsoftmin_only__ballspeed9__noplot__perturbsignrandom__randomperturb__servebox__spaceperturbm0.2__spaceperturbminm0.0__spatialperturbtargetballstate,"{""--ablation"": ""softmin_only"", ""--ball-speed"": 9, ""--no-plot"": null, ""--perturb-sign"": ""random"", ""--random-perturb"": null, ""--serve-box"": null, ""--space-perturb-m"": 0.2, ""--space-perturb-min-m"": 0.0, ""--spatial-perturb-target"": ""ballstate""}",42,False,miss,0.433629,1.921992,0.202249,0.0,0.0,1.79,1.0,1.3,0.0,0.433629,0.0,2.48,
exp20c_shared_targets,ablationsoftmin_only__ballspeed9__noplot__perturbsignrandom__randomperturb__servebox__spaceperturbm0.2__spaceperturbminm0.0__spatialperturbtargetballstate,"{""--ablation"": ""softmin_only"", ""--ball-speed"": 9, ""--no-plot"": null, ""--perturb-sign"": ""random"", ""--random-perturb"": null, ""--serve-box"": null, ""--space-perturb-m"": 0.2, ""--space-perturb-min-m"": 0.0, ""--spatial-perturb-target"": ""ballstate""}",49,True,active,0.135563,1.977397,0.128127,35.0,105.0,1.78,1.0,1.9,15.0,0.135563,1.775,1.38,
exp20c_shared_targets,ablationsoftmin_only__ballspeed9__noplot__perturbsignrandom__randomperturb__servebox__spaceperturbm0.2__spaceperturbminm0.0__spatialperturbtargetballstate,"{""--ablation"": ""softmin_only"", ""--ball-speed"": 9, ""--no-plot"": null, ""--perturb-sign"": ""random"", ""--random-perturb"": null, ""--serve-box"": null, ""--space-perturb-m"": 0.2, ""--space-perturb-min-m"": 0.0, ""--spatial-perturb-target"": ""ballstate""}",46,True,active,0.113484,1.946043,0.096348,35.0,105.0,1.79,1.0,1.6,5.0,0.113484,1.341,1.61,
exp20c_shared_targets,ablationsoftmin_only__ballspeed9__noplot__perturbsignrandom__randomperturb__servebox__spaceperturbm0.2__spaceperturbminm0.0__spatialperturbtargetballstate,"{""--ablation"": ""softmin_only"", ""--ball-speed"": 9, ""--no-plot"": null, ""--perturb-sign"": ""random"", ""--random-perturb"": null, ""--serve-box"": null, ""--space-perturb-m"": 0.2, ""--space-perturb-min-m"": 0.0, ""--spatial-perturb-target"": ""ballstate""}",40,True,active,0.07182,1.96431,0.067821,40.0,105.0,1.78,0.99,2.0,15.0,0.07182,1.753,2.93,
exp20c_shared_targets,ablationsoftmin_only__ballspeed9__noplot__perturbsignrandom__randomperturb__servebox__spaceperturbm0.2__spaceperturbminm0.0__spatialperturbtargetballstate,"{""--ablation"": ""softmin_only"", ""--ball-speed"": 9, ""--no-plot"": null, ""--perturb-sign"": ""random"", ""--random-perturb"": null, ""--serve-box"": null, ""--space-perturb-m"": 0.2, ""--space-perturb-min-m"": 0.0, ""--spatial-perturb-target"": ""ballstate""}",47,False,miss,0.289027,1.902013,0.170185,15.0,0.0,1.28,1.0,1.4,0.0,0.289027,0.0,1.68,
exp20c_shared_targets,ablationsoftmin_only__ballspeed9__noplot__perturbsignrandom__randomperturb__servebox__spaceperturbm0.2__spaceperturbminm0.0__spatialperturbtargetballstate,"{""--ablation"": ""softmin_only"", ""--ball-speed"": 9, ""--no-plot"": null, ""--perturb-sign"": ""random"", ""--random-perturb"": null, ""--serve-box"": null, ""--space-perturb-m"": 0.2, ""--space-perturb-min-m"": 0.0, ""--spatial-perturb-target"": ""ballstate""}",51,False,miss,0.369658,1.955539,0.214823,0.0,0.0,1.52,1.0,1.6,0.0,0.369658,0.0,1.42,
exp20c_shared_targets,ablationsoftmin_only__ballspeed9__noplot__perturbsignrandom__randomperturb__servebox__spaceperturbm0.2__spaceperturbminm0.0__spatialperturbtargetballstate,"{""--ablation"": ""softmin_only"", ""--ball-speed"": 9, ""--no-plot"": null, ""--perturb-sign"": ""random"", ""--random-perturb"": null, ""--serve-box"": null, ""--space-perturb-m"": 0.2, ""--space-perturb-min-m"": 0.0, ""--spatial-perturb-target"": ""ballstate""}",54,True,active,0.043363,1.993138,0.043363,35.0,85.0,1.79,0.99,1.7,15.0,0.043363,1.689,1.41,
exp20c_shared_targets,ablationsoftmin_only__ballspeed9__noplot__perturbsignrandom__randomperturb__servebox__spaceperturbm0.2__spaceperturbminm0.0__spatialperturbtargetballstate,"{""--ablation"": ""softmin_only"", ""--ball-speed"": 9, ""--no-plot"": null, ""--perturb-sign"": ""random"", ""--random-perturb"": null, ""--serve-box"": null, ""--space-perturb-m"": 0.2, ""--space-perturb-min-m"": 0.0, ""--spatial-perturb-target"": ""ballstate""}",53,True,active,0.048901,1.957907,0.048901,40.0,105.0,1.81,1.0,1.5,25.0,0.048901,1.489,1.57,
exp20c_shared_targets,ablationsoftmin_only__ballspeed9__noplot__perturbsignrandom__randomperturb__servebox__spaceperturbm0.2__spaceperturbminm0.0__spatialperturbtargetballstate,"{""--ablation"": ""softmin_only"", ""--ball-speed"": 9, ""--no-plot"": null, ""--perturb-sign"": ""random"", ""--random-perturb"": null, ""--serve-box"": null, ""--space-perturb-m"": 0.2, ""--space-perturb-min-m"": 0.0, ""--spatial-perturb-target"": ""ballstate""}",55,True,active,0.058167,1.963603,0.058167,35.0,90.0,1.79,0.98,1.8,20.0,0.058167,1.775,1.36,
exp20c_shared_targets,ablationsoftmin_only__ballspeed9__noplot__perturbsignrandom__randomperturb__servebox__spaceperturbm0.2__spaceperturbminm0.0__spatialperturbtargetballstate,"{""--ablation"": ""softmin_only"", ""--ball-speed"": 9, ""--no-plot"": null, ""--perturb-sign"": ""random"", ""--random-perturb"": null, ""--serve-box"": null, ""--space-perturb-m"": 0.2, ""--space-perturb-min-m"": 0.0, ""--spatial-perturb-target"": ""ballstate""}",52,True,active,0.096279,1.951929,0.08394,25.0,75.0,1.79,0.99,1.6,25.0,0.096279,1.752,1.69,
exp20c_shared_targets,ablationsoftmin_only__ballspeed9__noplot__perturbsignrandom__randomperturb__servebox__spaceperturbm0.2__spaceperturbminm0.0__spatialperturbtargetballstate,"{""--ablation"": ""softmin_only"", ""--ball-speed"": 9, ""--no-plot"": null, ""--perturb-sign"": ""random"", ""--random-perturb"": null, ""--serve-box"": null, ""--space-perturb-m"": 0.2, ""--space-perturb-min-m"": 0.0, ""--spatial-perturb-target"": ""ballstate""}",48,True,active,0.134379,1.965426,0.121343,40.0,90.0,1.77,1.0,1.6,15.0,0.134379,1.644,2.53,
exp20c_shared_targets,ablationsoftmin_only__ballspeed9__noplot__perturbsignrandom__randomperturb__servebox__spaceperturbm0.2__spaceperturbminm0.0__spatialperturbtargetballstate,"{""--ablation"": ""softmin_only"", ""--ball-speed"": 9, ""--no-plot"": null, ""--perturb-sign"": ""random"", ""--random-perturb"": null, ""--serve-box"": null, ""--space-perturb-m"": 0.2, ""--space-perturb-min-m"": 0.0, ""--spatial-perturb-target"": ""ballstate""}",50,True,active,0.121706,1.955716,0.112083,35.0,105.0,1.8,1.0,1.9,25.0,0.121706,1.798,2.41,
exp20c_shared_targets,ablationsoftmin_only__ballspeed9__noplot__perturbsignrandom__randomperturb__servebox__spaceperturbm0.2__spaceperturbminm0.0__spatialperturbtargetballstate,"{""--ablation"": ""softmin_only"", ""--ball-speed"": 9, ""--no-plot"": null, ""--perturb-sign"": ""random"", ""--random-perturb"": null, ""--serve-box"": null, ""--space-perturb-m"": 0.2, ""--space-perturb-min-m"": 0.0, ""--spatial-perturb-target"": ""ballstate""}",59,True,active,0.04977,2.041064,0.04977,0.0,0.0,1.79,1.0,1.6,30.0,0.04977,1.64,1.42,
exp20c_shared_targets,ablationsoftmin_only__ballspeed9__noplot__perturbsignrandom__randomperturb__servebox__spaceperturbm0.2__spaceperturbminm0.0__spatialperturbtargetballstate,"{""--ablation"": ""softmin_only"", ""--ball-speed"": 9, ""--no-plot"": null, ""--perturb-sign"": ""random"", ""--random-perturb"": null, ""--serve-box"": null, ""--space-perturb-m"": 0.2, ""--space-perturb-min-m"": 0.0, ""--spatial-perturb-target"": ""ballstate""}",56,True,active,0.098739,1.935991,0.089223,0.0,0.0,1.79,1.0,2.1,15.0,0.098739,1.773,1.86,
exp20c_shared_targets,ablationsoftmin_only__ballspeed9__noplot__perturbsignrandom__randomperturb__servebox__spaceperturbm0.2__spaceperturbminm0.0__spatialperturbtargetballstate,"{""--ablation"": ""softmin_only"", ""--ball-speed"": 9, ""--no-plot"": null, ""--perturb-sign"": ""random"", ""--random-perturb"": null, ""--serve-box"": null, ""--space-perturb-m"": 0.2, ""--space-perturb-min-m"": 0.0, ""--spatial-perturb-target"": ""ballstate""}",58,True,active,0.009828,1.887668,0.009828,50.0,105.0,1.43,0.95,1.3,5.0,0.009828,0.788,1.72,
exp20c_shared_targets,ablationsoftmin_only__ballspeed9__noplot__perturbsignrandom__randomperturb__servebox__spaceperturbm0.2__spaceperturbminm0.0__spatialperturbtargetballstate,"{""--ablation"": ""softmin_only"", ""--ball-speed"": 9, ""--no-plot"": null, ""--perturb-sign"": ""random"", ""--random-perturb"": null, ""--serve-box"": null, ""--space-perturb-m"": 0.2, ""--space-perturb-min-m"": 0.0, ""--spatial-perturb-target"": ""ballstate""}",61,True,active,0.041553,1.981946,0.041553,35.0,105.0,1.82,0.99,2.0,20.0,0.041553,1.711,1.6,
exp20c_shared_targets,ablationsoftmin_only__ballspeed9__noplot__perturbsignrandom__randomperturb__servebox__spaceperturbm0.2__spaceperturbminm0.0__spatialperturbtargetballstate,"{""--ablation"": ""softmin_only"", ""--ball-speed"": 9, ""--no-plot"": null, ""--perturb-sign"": ""random"", ""--random-perturb"": null, ""--serve-box"": null, ""--space-perturb-m"": 0.2, ""--space-perturb-min-m"": 0.0, ""--spatial-perturb-target"": ""ballstate""}",62,True,active,0.136485,1.980542,0.136402,30.0,105.0,1.78,1.0,1.6,15.0,0.136485,1.674,1.54,
exp20c_shared_targets,ablationsoftmin_only__ballspeed9__noplot__perturbsignrandom__randomperturb__servebox__spaceperturbm0.2__spaceperturbminm0.0__spatialperturbtargetballstate,"{""--ablation"": ""softmin_only"", ""--ball-speed"": 9, ""--no-plot"": null, ""--perturb-sign"": ""random"", ""--random-perturb"": null, ""--serve-box"": null, ""--space-perturb-m"": 0.2, ""--space-perturb-min-m"": 0.0, ""--spatial-perturb-target"": ""ballstate""}",63,True,active,0.083158,1.949704,0.069471,0.0,0.0,1.8,1.0,2.2,30.0,0.083158,1.638,1.53,
exp20c_shared_targets,ablationsoftmin_only__ballspeed9__noplot__perturbsignrandom__randomperturb__servebox__spaceperturbm0.2__spaceperturbminm0.0__spatialperturbtargetballstate,"{""--ablation"": ""softmin_only"", ""--ball-speed"": 9, ""--no-plot"": null, ""--perturb-sign"": ""random"", ""--random-perturb"": null, ""--serve-box"": null, ""--space-perturb-m"": 0.2, ""--space-perturb-min-m"": 0.0, ""--spatial-perturb-target"": ""ballstate""}",57,True,active,0.057162,1.948147,0.049089,0.0,0.0,1.79,1.0,1.9,20.0,0.057162,1.706,2.01,
exp20c_shared_targets,ablationsoftmin_only__ballspeed9__noplot__perturbsignrandom__randomperturb__servebox__spaceperturbm0.2__spaceperturbminm0.0__spatialperturbtargetballstate,"{""--ablation"": ""softmin_only"", ""--ball-speed"": 9, ""--no-plot"": null, ""--perturb-sign"": ""random"", ""--random-perturb"": null, ""--serve-box"": null, ""--space-perturb-m"": 0.2, ""--space-perturb-min-m"": 0.0, ""--spatial-perturb-target"": ""ballstate""}",60,False,miss,0.367373,1.912176,0.226238,0.0,0.0,1.46,1.0,1.3,0.0,0.367373,0.0,2.01,
exp20c_shared_targets,ablationsoftmin_only__ballspeed9__noplot__perturbsignrandom__randomperturb__servebox__spaceperturbm0.2__spaceperturbminm0.0__spatialperturbtargetballstate,"{""--ablation"": ""softmin_only"", ""--ball-speed"": 9, ""--no-plot"": null, ""--perturb-sign"": ""random"", ""--random-perturb"": null, ""--serve-box"": null, ""--space-perturb-m"": 0.2, ""--space-perturb-min-m"": 0.0, ""--spatial-perturb-target"": ""ballstate""}",70,True,active,0.079489,1.935259,0.079489,35.0,105.0,1.8,0.99,1.8,15.0,0.079489,1.221,1.33,
exp20c_shared_targets,ablationsoftmin_only__ballspeed9__noplot__perturbsignrandom__randomperturb__servebox__spaceperturbm0.2__spaceperturbminm0.0__spatialperturbtargetballstate,"{""--ablation"": ""softmin_only"", ""--ball-speed"": 9, ""--no-plot"": null, ""--perturb-sign"": ""random"", ""--random-perturb"": null, ""--serve-box"": null, ""--space-perturb-m"": 0.2, ""--space-perturb-min-m"": 0.0, ""--spatial-perturb-target"": ""ballstate""}",68,True,active,0.017755,1.875422,0.017755,50.0,105.0,1.62,0.91,1.4,10.0,0.017755,1.348,1.71,
exp20c_shared_targets,ablationsoftmin_only__ballspeed9__noplot__perturbsignrandom__randomperturb__servebox__spaceperturbm0.2__spaceperturbminm0.0__spatialperturbtargetballstate,"{""--ablation"": ""softmin_only"", ""--ball-speed"": 9, ""--no-plot"": null, ""--perturb-sign"": ""random"", ""--random-perturb"": null, ""--serve-box"": null, ""--space-perturb-m"": 0.2, ""--space-perturb-min-m"": 0.0, ""--spatial-perturb-target"": ""ballstate""}",71,False,miss,0.355492,1.955249,0.176539,10.0,0.0,1.47,1.0,1.7,0.0,0.355492,0.0,1.41,
exp20c_shared_targets,ablationsoftmin_only__ballspeed9__noplot__perturbsignrandom__randomperturb__servebox__spaceperturbm0.2__spaceperturbminm0.0__spatialperturbtargetballstate,"{""--ablation"": ""softmin_only"", ""--ball-speed"": 9, ""--no-plot"": null, ""--perturb-sign"": ""random"", ""--random-perturb"": null, ""--serve-box"": null, ""--space-perturb-m"": 0.2, ""--space-perturb-min-m"": 0.0, ""--spatial-perturb-target"": ""ballstate""}",66,True,active,0.059207,1.959568,0.049114,30.0,80.0,1.79,0.95,1.7,20.0,0.059207,1.792,2.28,
exp20c_shared_targets,ablationsoftmin_only__ballspeed9__noplot__perturbsignrandom__randomperturb__servebox__spaceperturbm0.2__spaceperturbminm0.0__spatialperturbtargetballstate,"{""--ablation"": ""softmin_only"", ""--ball-speed"": 9, ""--no-plot"": null, ""--perturb-sign"": ""random"", ""--random-perturb"": null, ""--serve-box"": null, ""--space-perturb-m"": 0.2, ""--space-perturb-min-m"": 0.0, ""--spatial-perturb-target"": ""ballstate""}",69,True,active,0.056212,1.966164,0.030857,45.0,105.0,1.89,0.98,2.0,25.0,0.056212,1.476,1.9,
exp20c_shared_targets,ablationsoftmin_only__ballspeed9__noplot__perturbsignrandom__randomperturb__servebox__spaceperturbm0.2__spaceperturbminm0.0__spatialperturbtargetballstate,"{""--ablation"": ""softmin_only"", ""--ball-speed"": 9, ""--no-plot"": null, ""--perturb-sign"": ""random"", ""--random-perturb"": null, ""--serve-box"": null, ""--space-perturb-m"": 0.2, ""--space-perturb-min-m"": 0.0, ""--spatial-perturb-target"": ""ballstate""}",72,True,active,0.018149,1.96468,0.018149,40.0,105.0,1.75,0.98,1.8,15.0,0.018149,1.744,1.46,
exp20c_shared_targets,ablationsoftmin_only__ballspeed9__noplot__perturbsignrandom__randomperturb__servebox__spaceperturbm0.2__spaceperturbminm0.0__spatialperturbtargetballstate,"{""--ablation"": ""softmin_only"", ""--ball-speed"": 9, ""--no-plot"": null, ""--perturb-sign"": ""random"", ""--random-perturb"": null, ""--serve-box"": null, ""--space-perturb-m"": 0.2, ""--space-perturb-min-m"": 0.0, ""--spatial-perturb-target"": ""ballstate""}",73,True,active,0.077566,1.982341,0.063913,40.0,105.0,1.8,0.97,1.8,30.0,0.077566,1.778,1.39,
exp20c_shared_targets,ablationsoftmin_only__ballspeed9__noplot__perturbsignrandom__randomperturb__servebox__spaceperturbm0.2__spaceperturbminm0.0__spatialperturbtargetballstate,"{""--ablation"": ""softmin_only"", ""--ball-speed"": 9, ""--no-plot"": null, ""--perturb-sign"": ""random"", ""--random-perturb"": null, ""--serve-box"": null, ""--space-perturb-m"": 0.2, ""--space-perturb-min-m"": 0.0, ""--spatial-perturb-target"": ""ballstate""}",74,True,active,0.153453,1.985351,0.142806,35.0,95.0,1.77,0.99,1.5,10.0,0.153453,1.485,1.42,
exp20c_shared_targets,ablationsoftmin_only__ballspeed9__noplot__perturbsignrandom__randomperturb__servebox__spaceperturbm0.2__spaceperturbminm0.0__spatialperturbtargetballstate,"{""--ablation"": ""softmin_only"", ""--ball-speed"": 9, ""--no-plot"": null, ""--perturb-sign"": ""random"", ""--random-perturb"": null, ""--serve-box"": null, ""--space-perturb-m"": 0.2, ""--space-perturb-min-m"": 0.0, ""--spatial-perturb-target"": ""ballstate""}",67,True,active,0.121713,1.939766,0.114477,35.0,100.0,1.67,1.0,2.0,10.0,0.121713,1.231,2.51,
exp20c_shared_targets,ablationsoftmin_only__ballspeed9__noplot__perturbsignrandom__randomperturb__servebox__spaceperturbm0.2__spaceperturbminm0.0__spatialperturbtargetballstate,"{""--ablation"": ""softmin_only"", ""--ball-speed"": 9, ""--no-plot"": null, ""--perturb-sign"": ""random"", ""--random-perturb"": null, ""--serve-box"": null, ""--space-perturb-m"": 0.2, ""--space-perturb-min-m"": 0.0, ""--spatial-perturb-target"": ""ballstate""}",75,True,active,0.150037,1.938031,0.138807,35.0,105.0,1.53,1.0,1.3,0.0,0.150037,0.529,1.51,
exp20c_shared_targets,ablationsoftmin_only__ballspeed9__noplot__perturbsignrandom__randomperturb__servebox__spaceperturbm0.2__spaceperturbminm0.0__spatialperturbtargetballstate,"{""--ablation"": ""softmin_only"", ""--ball-speed"": 9, ""--no-plot"": null, ""--perturb-sign"": ""random"", ""--random-perturb"": null, ""--serve-box"": null, ""--space-perturb-m"": 0.2, ""--space-perturb-min-m"": 0.0, ""--spatial-perturb-target"": ""ballstate""}",64,True,passive,0.100353,1.86882,0.034502,50.0,105.0,1.33,1.0,0.7,5.0,0.100353,0.189,2.86,
exp20c_shared_targets,ablationsoftmin_only__ballspeed9__noplot__perturbsignrandom__randomperturb__servebox__spaceperturbm0.2__spaceperturbminm0.0__spatialperturbtargetballstate,"{""--ablation"": ""softmin_only"", ""--ball-speed"": 9, ""--no-plot"": null, ""--perturb-sign"": ""random"", ""--random-perturb"": null, ""--serve-box"": null, ""--space-perturb-m"": 0.2, ""--space-perturb-min-m"": 0.0, ""--spatial-perturb-target"": ""ballstate""}",65,True,active,0.131565,1.976101,0.124338,35.0,105.0,1.79,1.0,1.9,15.0,0.131565,1.732,2.85,
exp20c_shared_targets,ablationsoftmin_only__ballspeed9__noplot__perturbsignrandom__randomperturb__servebox__spaceperturbm0.2__spaceperturbminm0.0__spatialperturbtargetballstate,"{""--ablation"": ""softmin_only"", ""--ball-speed"": 9, ""--no-plot"": null, ""--perturb-sign"": ""random"", ""--random-perturb"": null, ""--serve-box"": null, ""--space-perturb-m"": 0.2, ""--space-perturb-min-m"": 0.0, ""--spatial-perturb-target"": ""ballstate""}",77,False,miss,0.442476,1.944076,0.170495,15.0,0.0,1.8,0.99,1.9,0.0,0.442476,0.0,1.5,
exp20c_shared_targets,ablationsoftmin_only__ballspeed9__noplot__perturbsignrandom__randomperturb__servebox__spaceperturbm0.2__spaceperturbminm0.0__spatialperturbtargetballstate,"{""--ablation"": ""softmin_only"", ""--ball-speed"": 9, ""--no-plot"": null, ""--perturb-sign"": ""random"", ""--random-perturb"": null, ""--serve-box"": null, ""--space-perturb-m"": 0.2, ""--space-perturb-min-m"": 0.0, ""--spatial-perturb-target"": ""ballstate""}",76,True,active,0.122189,1.903568,0.117147,0.0,0.0,1.76,0.98,1.7,15.0,0.122189,1.611,2.03,
exp20c_shared_targets,ablationsoftmin_only__ballspeed9__noplot__perturbsignrandom__randomperturb__servebox__spaceperturbm0.2__spaceperturbminm0.0__spatialperturbtargetballstate,"{""--ablation"": ""softmin_only"", ""--ball-speed"": 9, ""--no-plot"": null, ""--perturb-sign"": ""random"", ""--random-perturb"": null, ""--serve-box"": null, ""--space-perturb-m"": 0.2, ""--space-perturb-min-m"": 0.0, ""--spatial-perturb-target"": ""ballstate""}",79,False,miss,0.367242,1.93602,0.147316,0.0,0.0,1.77,0.99,1.5,0.0,0.367242,0.0,1.42,
exp20c_shared_targets,ablationsoftmin_only__ballspeed9__noplot__perturbsignrandom__randomperturb__servebox__spaceperturbm0.2__spaceperturbminm0.0__spatialperturbtargetballstate,"{""--ablation"": ""softmin_only"", ""--ball-speed"": 9, ""--no-plot"": null, ""--perturb-sign"": ""random"", ""--random-perturb"": null, ""--serve-box"": null, ""--space-perturb-m"": 0.2, ""--space-perturb-min-m"": 0.0, ""--spatial-perturb-target"": ""ballstate""}",82,True,active,0.118496,1.928621,0.114631,40.0,105.0,1.8,0.99,1.7,15.0,0.118496,1.783,1.45,
exp20c_shared_targets,ablationsoftmin_only__ballspeed9__noplot__perturbsignrandom__randomperturb__servebox__spaceperturbm0.2__spaceperturbminm0.0__spatialperturbtargetballstate,"{""--ablation"": ""softmin_only"", ""--ball-speed"": 9, ""--no-plot"": null, ""--perturb-sign"": ""random"", ""--random-perturb"": null, ""--serve-box"": null, ""--space-perturb-m"": 0.2, ""--space-perturb-min-m"": 0.0, ""--spatial-perturb-target"": ""ballstate""}",85,True,active,0.011305,1.91854,0.011305,35.0,105.0,1.78,0.94,1.3,5.0,0.011305,1.309,1.44,
exp20c_shared_targets,ablationsoftmin_only__ballspeed9__noplot__perturbsignrandom__randomperturb__servebox__spaceperturbm0.2__spaceperturbminm0.0__spatialperturbtargetballstate,"{""--ablation"": ""softmin_only"", ""--ball-speed"": 9, ""--no-plot"": null, ""--perturb-sign"": ""random"", ""--random-perturb"": null, ""--serve-box"": null, ""--space-perturb-m"": 0.2, ""--space-perturb-min-m"": 0.0, ""--spatial-perturb-target"": ""ballstate""}",86,True,active,0.127831,1.947833,0.126293,30.0,100.0,1.78,0.99,1.9,20.0,0.127831,1.704,1.45,
exp20c_shared_targets,ablationsoftmin_only__ballspeed9__noplot__perturbsignrandom__randomperturb__servebox__spaceperturbm0.2__spaceperturbminm0.0__spatialperturbtargetballstate,"{""--ablation"": ""softmin_only"", ""--ball-speed"": 9, ""--no-plot"": null, ""--perturb-sign"": ""random"", ""--random-perturb"": null, ""--serve-box"": null, ""--space-perturb-m"": 0.2, ""--space-perturb-min-m"": 0.0, ""--spatial-perturb-target"": ""ballstate""}",88,True,active,0.052775,1.950806,0.052775,40.0,105.0,1.92,0.99,2.1,15.0,0.052775,1.659,1.5,
exp20c_shared_targets,ablationsoftmin_only__ballspeed9__noplot__perturbsignrandom__randomperturb__servebox__spaceperturbm0.2__spaceperturbminm0.0__spatialperturbtargetballstate,"{""--ablation"": ""softmin_only"", ""--ball-speed"": 9, ""--no-plot"": null, ""--perturb-sign"": ""random"", ""--random-perturb"": null, ""--serve-box"": null, ""--space-perturb-m"": 0.2, ""--space-perturb-min-m"": 0.0, ""--spatial-perturb-target"": ""ballstate""}",89,True,active,0.070591,1.930724,0.070215,5.0,25.0,1.59,0.99,1.9,15.0,0.070591,1.408,1.4,
exp20c_shared_targets,ablationsoftmin_only__ballspeed9__noplot__perturbsignrandom__randomperturb__servebox__spaceperturbm0.2__spaceperturbminm0.0__spatialperturbtargetballstate,"{""--ablation"": ""softmin_only"", ""--ball-speed"": 9, ""--no-plot"": null, ""--perturb-sign"": ""random"", ""--random-perturb"": null, ""--serve-box"": null, ""--space-perturb-m"": 0.2, ""--space-perturb-min-m"": 0.0, ""--spatial-perturb-target"": ""ballstate""}",87,True,active,0.094148,1.954116,0.077727,35.0,85.0,1.79,1.0,1.9,25.0,0.094148,1.78,1.61,
exp20c_shared_targets,ablationsoftmin_only__ballspeed9__noplot__perturbsignrandom__randomperturb__servebox__spaceperturbm0.2__spaceperturbminm0.0__spatialperturbtargetballstate,"{""--ablation"": ""softmin_only"", ""--ball-speed"": 9, ""--no-plot"": null, ""--perturb-sign"": ""random"", ""--random-perturb"": null, ""--serve-box"": null, ""--space-perturb-m"": 0.2, ""--space-perturb-min-m"": 0.0, ""--spatial-perturb-target"": ""ballstate""}",80,False,miss,0.327179,1.923456,0.215004,0.0,0.0,1.17,1.0,1.4,0.0,0.327179,0.0,2.24,
exp20c_shared_targets,ablationsoftmin_only__ballspeed9__noplot__perturbsignrandom__randomperturb__servebox__spaceperturbm0.2__spaceperturbminm0.0__spatialperturbtargetballstate,"{""--ablation"": ""softmin_only"", ""--ball-speed"": 9, ""--no-plot"": null, ""--perturb-sign"": ""random"", ""--random-perturb"": null, ""--serve-box"": null, ""--space-perturb-m"": 0.2, ""--space-perturb-min-m"": 0.0, ""--spatial-perturb-target"": ""ballstate""}",90,True,active,0.084695,2.010394,0.084695,40.0,105.0,1.79,1.0,1.5,20.0,0.084695,1.662,1.58,
exp20c_shared_targets,ablationsoftmin_only__ballspeed9__noplot__perturbsignrandom__randomperturb__servebox__spaceperturbm0.2__spaceperturbminm0.0__spatialperturbtargetballstate,"{""--ablation"": ""softmin_only"", ""--ball-speed"": 9, ""--no-plot"": null, ""--perturb-sign"": ""random"", ""--random-perturb"": null, ""--serve-box"": null, ""--space-perturb-m"": 0.2, ""--space-perturb-min-m"": 0.0, ""--spatial-perturb-target"": ""ballstate""}",78,False,miss,0.311259,1.933002,0.170268,15.0,0.0,1.24,0.99,1.4,0.0,0.311259,0.0,2.45,
exp20c_shared_targets,ablationsoftmin_only__ballspeed9__noplot__perturbsignrandom__randomperturb__servebox__spaceperturbm0.2__spaceperturbminm0.0__spatialperturbtargetballstate,"{""--ablation"": ""softmin_only"", ""--ball-speed"": 9, ""--no-plot"": null, ""--perturb-sign"": ""random"", ""--random-perturb"": null, ""--serve-box"": null, ""--space-perturb-m"": 0.2, ""--space-perturb-min-m"": 0.0, ""--spatial-perturb-target"": ""ballstate""}",91,True,active,0.01707,1.983811,0.01707,40.0,105.0,1.68,1.0,1.4,5.0,0.01707,0.604,1.49,
exp20c_shared_targets,ablationsoftmin_only__ballspeed9__noplot__perturbsignrandom__randomperturb__servebox__spaceperturbm0.2__spaceperturbminm0.0__spatialperturbtargetballstate,"{""--ablation"": ""softmin_only"", ""--ball-speed"": 9, ""--no-plot"": null, ""--perturb-sign"": ""random"", ""--random-perturb"": null, ""--serve-box"": null, ""--space-perturb-m"": 0.2, ""--space-perturb-min-m"": 0.0, ""--spatial-perturb-target"": ""ballstate""}",83,True,active,0.127432,1.967876,0.123043,40.0,105.0,1.51,1.0,1.6,15.0,0.127432,1.282,2.61,
exp20c_shared_targets,ablationsoftmin_only__ballspeed9__noplot__perturbsignrandom__randomperturb__servebox__spaceperturbm0.2__spaceperturbminm0.0__spatialperturbtargetballstate,"{""--ablation"": ""softmin_only"", ""--ball-speed"": 9, ""--no-plot"": null, ""--perturb-sign"": ""random"", ""--random-perturb"": null, ""--serve-box"": null, ""--space-perturb-m"": 0.2, ""--space-perturb-min-m"": 0.0, ""--spatial-perturb-target"": ""ballstate""}",81,True,active,0.082961,1.972527,0.082961,40.0,105.0,1.74,1.0,1.6,20.0,0.082961,1.463,3.05,
exp20c_shared_targets,ablationsoftmin_only__ballspeed9__noplot__perturbsignrandom__randomperturb__servebox__spaceperturbm0.2__spaceperturbminm0.0__spatialperturbtargetballstate,"{""--ablation"": ""softmin_only"", ""--ball-speed"": 9, ""--no-plot"": null, ""--perturb-sign"": ""random"", ""--random-perturb"": null, ""--serve-box"": null, ""--space-perturb-m"": 0.2, ""--space-perturb-min-m"": 0.0, ""--spatial-perturb-target"": ""ballstate""}",84,True,active,0.113085,1.927799,0.109108,30.0,105.0,1.81,0.98,1.7,20.0,0.113085,1.735,2.92,
exp20c_shared_targets,ablationsoftmin_only__ballspeed9__noplot__perturbsignrandom__randomperturb__servebox__spaceperturbm0.2__spaceperturbminm0.0__spatialperturbtargetballstate,"{""--ablation"": ""softmin_only"", ""--ball-speed"": 9, ""--no-plot"": null, ""--perturb-sign"": ""random"", ""--random-perturb"": null, ""--serve-box"": null, ""--space-perturb-m"": 0.2, ""--space-perturb-min-m"": 0.0, ""--spatial-perturb-target"": ""ballstate""}",93,True,active,0.070306,1.959204,0.070306,35.0,105.0,1.76,1.0,1.8,15.0,0.070306,1.76,1.66,
exp20c_shared_targets,ablationsoftmin_only__ballspeed9__noplot__perturbsignrandom__randomperturb__servebox__spaceperturbm0.2__spaceperturbminm0.0__spatialperturbtargetballstate,"{""--ablation"": ""softmin_only"", ""--ball-speed"": 9, ""--no-plot"": null, ""--perturb-sign"": ""random"", ""--random-perturb"": null, ""--serve-box"": null, ""--space-perturb-m"": 0.2, ""--space-perturb-min-m"": 0.0, ""--spatial-perturb-target"": ""ballstate""}",94,False,miss,0.401705,1.964741,0.167333,10.0,0.0,1.8,0.99,1.8,0.0,0.401705,0.0,1.56,
exp20c_shared_targets,ablationsoftmin_only__ballspeed9__noplot__perturbsignrandom__randomperturb__servebox__spaceperturbm0.2__spaceperturbminm0.0__spatialperturbtargetballstate,"{""--ablation"": ""softmin_only"", ""--ball-speed"": 9, ""--no-plot"": null, ""--perturb-sign"": ""random"", ""--random-perturb"": null, ""--serve-box"": null, ""--space-perturb-m"": 0.2, ""--space-perturb-min-m"": 0.0, ""--spatial-perturb-target"": ""ballstate""}",95,True,active,0.137944,1.93861,0.137944,30.0,100.0,1.77,1.0,1.5,15.0,0.137944,1.772,1.5,
exp20c_shared_targets,ablationsoftmin_only__ballspeed9__noplot__perturbsignrandom__randomperturb__servebox__spaceperturbm0.2__spaceperturbminm0.0__spatialperturbtargetballstate,"{""--ablation"": ""softmin_only"", ""--ball-speed"": 9, ""--no-plot"": null, ""--perturb-sign"": ""random"", ""--random-perturb"": null, ""--serve-box"": null, ""--space-perturb-m"": 0.2, ""--space-perturb-min-m"": 0.0, ""--spatial-perturb-target"": ""ballstate""}",98,True,active,0.055844,1.958787,0.025305,0.0,0.0,1.65,1.0,1.5,20.0,0.055844,1.48,1.38,
exp20c_shared_targets,ablationsoftmin_only__ballspeed9__noplot__perturbsignrandom__randomperturb__servebox__spaceperturbm0.2__spaceperturbminm0.0__spatialperturbtargetballstate,"{""--ablation"": ""softmin_only"", ""--ball-speed"": 9, ""--no-plot"": null, ""--perturb-sign"": ""random"", ""--random-perturb"": null, ""--serve-box"": null, ""--space-perturb-m"": 0.2, ""--space-perturb-min-m"": 0.0, ""--spatial-perturb-target"": ""ballstate""}",96,True,active,0.023764,1.945482,0.023764,10.0,25.0,1.77,0.99,2.1,10.0,0.023764,1.739,1.45,
exp20c_shared_targets,ablationsoftmin_only__ballspeed9__noplot__perturbsignrandom__randomperturb__servebox__spaceperturbm0.2__spaceperturbminm0.0__spatialperturbtargetballstate,"{""--ablation"": ""softmin_only"", ""--ball-speed"": 9, ""--no-plot"": null, ""--perturb-sign"": ""random"", ""--random-perturb"": null, ""--serve-box"": null, ""--space-perturb-m"": 0.2, ""--space-perturb-min-m"": 0.0, ""--spatial-perturb-target"": ""ballstate""}",97,True,active,0.032395,1.955976,0.032395,45.0,105.0,1.8,1.14,2.0,25.0,0.032395,1.76,1.55,
exp20c_shared_targets,ablationnone__ballspeed9__noplot__perturbsignrandom__randomperturb__servebox__spaceperturbm0.2__spaceperturbminm0.0__spatialperturbtargetballstate,"{""--ablation"": ""none"", ""--ball-speed"": 9, ""--no-plot"": null, ""--perturb-sign"": ""random"", ""--random-perturb"": null, ""--serve-box"": null, ""--space-perturb-m"": 0.2, ""--space-perturb-min-m"": 0.0, ""--spatial-perturb-target"": ""ballstate""}",2,True,active,0.091568,1.920758,0.079564,40.0,0.0,1.2,0.99,1.4,10.0,0.091568,1.2,1.44,
exp20c_shared_targets,ablationsoftmin_only__ballspeed9__noplot__perturbsignrandom__randomperturb__servebox__spaceperturbm0.2__spaceperturbminm0.0__spatialperturbtargetballstate,"{""--ablation"": ""softmin_only"", ""--ball-speed"": 9, ""--no-plot"": null, ""--perturb-sign"": ""random"", ""--random-perturb"": null, ""--serve-box"": null, ""--space-perturb-m"": 0.2, ""--space-perturb-min-m"": 0.0, ""--spatial-perturb-target"": ""ballstate""}",92,False,miss,0.416233,1.939476,0.236926,0.0,0.0,1.61,1.0,1.4,0.0,0.416233,0.0,2.53,
exp20c_shared_targets,ablationsoftmin_only__ballspeed9__noplot__perturbsignrandom__randomperturb__servebox__spaceperturbm0.2__spaceperturbminm0.0__spatialperturbtargetballstate,"{""--ablation"": ""softmin_only"", ""--ball-speed"": 9, ""--no-plot"": null, ""--perturb-sign"": ""random"", ""--random-perturb"": null, ""--serve-box"": null, ""--space-perturb-m"": 0.2, ""--space-perturb-min-m"": 0.0, ""--spatial-perturb-target"": ""ballstate""}",99,False,miss,0.392697,1.968791,0.182039,5.0,0.0,1.76,1.0,1.9,0.0,0.392697,0.0,1.69,
exp20c_shared_targets,ablationnone__ballspeed9__noplot__perturbsignrandom__randomperturb__servebox__spaceperturbm0.2__spaceperturbminm0.0__spatialperturbtargetballstate,"{""--ablation"": ""none"", ""--ball-speed"": 9, ""--no-plot"": null, ""--perturb-sign"": ""random"", ""--random-perturb"": null, ""--serve-box"": null, ""--space-perturb-m"": 0.2, ""--space-perturb-min-m"": 0.0, ""--spatial-perturb-target"": ""ballstate""}",1,True,active,0.051358,1.94598,0.051358,0.0,0.0,1.77,1.02,1.5,15.0,0.051358,1.602,1.86,
exp20c_shared_targets,ablationnone__ballspeed9__noplot__perturbsignrandom__randomperturb__servebox__spaceperturbm0.2__spaceperturbminm0.0__spatialperturbtargetballstate,"{""--ablation"": ""none"", ""--ball-speed"": 9, ""--no-plot"": null, ""--perturb-sign"": ""random"", ""--random-perturb"": null, ""--serve-box"": null, ""--space-perturb-m"": 0.2, ""--space-perturb-min-m"": 0.0, ""--spatial-perturb-target"": ""ballstate""}",7,True,active,0.050627,1.995464,0.050627,35.0,0.0,1.79,0.99,1.6,10.0,0.050627,1.751,1.42,
exp20c_shared_targets,ablationnone__ballspeed9__noplot__perturbsignrandom__randomperturb__servebox__spaceperturbm0.2__spaceperturbminm0.0__spatialperturbtargetballstate,"{""--ablation"": ""none"", ""--ball-speed"": 9, ""--no-plot"": null, ""--perturb-sign"": ""random"", ""--random-perturb"": null, ""--serve-box"": null, ""--space-perturb-m"": 0.2, ""--space-perturb-min-m"": 0.0, ""--spatial-perturb-target"": ""ballstate""}",6,True,active,0.054209,1.953636,0.054209,40.0,0.0,1.78,1.0,1.4,5.0,0.054209,1.42,1.46,
exp20c_shared_targets,ablationnone__ballspeed9__noplot__perturbsignrandom__randomperturb__servebox__spaceperturbm0.2__spaceperturbminm0.0__spatialperturbtargetballstate,"{""--ablation"": ""none"", ""--ball-speed"": 9, ""--no-plot"": null, ""--perturb-sign"": ""random"", ""--random-perturb"": null, ""--serve-box"": null, ""--space-perturb-m"": 0.2, ""--space-perturb-min-m"": 0.0, ""--spatial-perturb-target"": ""ballstate""}",9,True,active,0.017108,1.946205,0.017108,40.0,0.0,1.71,0.99,1.7,10.0,0.017108,1.308,1.47,
exp20c_shared_targets,ablationnone__ballspeed9__noplot__perturbsignrandom__randomperturb__servebox__spaceperturbm0.2__spaceperturbminm0.0__spatialperturbtargetballstate,"{""--ablation"": ""none"", ""--ball-speed"": 9, ""--no-plot"": null, ""--perturb-sign"": ""random"", ""--random-perturb"": null, ""--serve-box"": null, ""--space-perturb-m"": 0.2, ""--space-perturb-min-m"": 0.0, ""--spatial-perturb-target"": ""ballstate""}",11,False,miss,0.317274,1.872754,0.190933,0.0,0.0,1.34,0.99,1.0,0.0,0.317274,0.0,1.4,
exp20c_shared_targets,ablationsoftmin_only__ballspeed9__noplot__perturbsignrandom__randomperturb__servebox__spaceperturbm0.2__spaceperturbminm0.0__spatialperturbtargetballstate,"{""--ablation"": ""softmin_only"", ""--ball-speed"": 9, ""--no-plot"": null, ""--perturb-sign"": ""random"", ""--random-perturb"": null, ""--serve-box"": null, ""--space-perturb-m"": 0.2, ""--space-perturb-min-m"": 0.0, ""--spatial-perturb-target"": ""ballstate""}",100,True,active,0.070333,2.010447,0.057382,45.0,105.0,1.64,1.0,1.8,20.0,0.070333,1.41,2.71,
exp20c_shared_targets,ablationnone__ballspeed9__noplot__perturbsignrandom__randomperturb__servebox__spaceperturbm0.2__spaceperturbminm0.0__spatialperturbtargetballstate,"{""--ablation"": ""none"", ""--ball-speed"": 9, ""--no-plot"": null, ""--perturb-sign"": ""random"", ""--random-perturb"": null, ""--serve-box"": null, ""--space-perturb-m"": 0.2, ""--space-perturb-min-m"": 0.0, ""--spatial-perturb-target"": ""ballstate""}",8,False,miss,0.208905,1.854361,0.169018,0.0,0.0,1.72,1.0,1.8,0.0,0.208905,0.0,1.74,
exp20c_shared_targets,ablationnone__ballspeed9__noplot__perturbsignrandom__randomperturb__servebox__spaceperturbm0.2__spaceperturbminm0.0__spatialperturbtargetballstate,"{""--ablation"": ""none"", ""--ball-speed"": 9, ""--no-plot"": null, ""--perturb-sign"": ""random"", ""--random-perturb"": null, ""--serve-box"": null, ""--space-perturb-m"": 0.2, ""--space-perturb-min-m"": 0.0, ""--spatial-perturb-target"": ""ballstate""}",4,False,miss,0.309732,1.945588,0.11238,5.0,0.0,1.37,1.0,1.3,0.0,0.309732,0.0,1.94,
exp20c_shared_targets,ablationnone__ballspeed9__noplot__perturbsignrandom__randomperturb__servebox__spaceperturbm0.2__spaceperturbminm0.0__spatialperturbtargetballstate,"{""--ablation"": ""none"", ""--ball-speed"": 9, ""--no-plot"": null, ""--perturb-sign"": ""random"", ""--random-perturb"": null, ""--serve-box"": null, ""--space-perturb-m"": 0.2, ""--space-perturb-min-m"": 0.0, ""--spatial-perturb-target"": ""ballstate""}",21,,,,,,,,,,,,,,0.19,no_result
exp20c_shared_targets,ablationnone__ballspeed9__noplot__perturbsignrandom__randomperturb__servebox__spaceperturbm0.2__spaceperturbminm0.0__spatialperturbtargetballstate,"{""--ablation"": ""none"", ""--ball-speed"": 9, ""--no-plot"": null, ""--perturb-sign"": ""random"", ""--random-perturb"": null, ""--serve-box"": null, ""--space-perturb-m"": 0.2, ""--space-perturb-min-m"": 0.0, ""--spatial-perturb-target"": ""ballstate""}",20,,,,,,,,,,,,,,0.22,no_result
exp20c_shared_targets,ablationnone__ballspeed9__noplot__perturbsignrandom__randomperturb__servebox__spaceperturbm0.2__spaceperturbminm0.0__spatialperturbtargetballstate,"{""--ablation"": ""none"", ""--ball-speed"": 9, ""--no-plot"": null, ""--perturb-sign"": ""random"", ""--random-perturb"": null, ""--serve-box"": null, ""--space-perturb-m"": 0.2, ""--space-perturb-min-m"": 0.0, ""--spatial-perturb-target"": ""ballstate""}",13,True,active,0.054285,1.940077,0.013838,0.0,0.0,1.69,0.98,1.5,15.0,0.054285,1.69,1.5,
exp20c_shared_targets,ablationnone__ballspeed9__noplot__perturbsignrandom__randomperturb__servebox__spaceperturbm0.2__spaceperturbminm0.0__spatialperturbtargetballstate,"{""--ablation"": ""none"", ""--ball-speed"": 9, ""--no-plot"": null, ""--perturb-sign"": ""random"", ""--random-perturb"": null, ""--serve-box"": null, ""--space-perturb-m"": 0.2, ""--space-perturb-min-m"": 0.0, ""--spatial-perturb-target"": ""ballstate""}",5,False,miss,0.301203,1.959963,0.091829,0.0,0.0,1.54,1.0,1.4,0.0,0.301203,0.0,2.25,
exp20c_shared_targets,ablationnone__ballspeed9__noplot__perturbsignrandom__randomperturb__servebox__spaceperturbm0.2__spaceperturbminm0.0__spatialperturbtargetballstate,"{""--ablation"": ""none"", ""--ball-speed"": 9, ""--no-plot"": null, ""--perturb-sign"": ""random"", ""--random-perturb"": null, ""--serve-box"": null, ""--space-perturb-m"": 0.2, ""--space-perturb-min-m"": 0.0, ""--spatial-perturb-target"": ""ballstate""}",3,True,active,0.106077,1.96771,0.106077,0.0,0.0,1.79,0.99,2.1,10.0,0.106077,1.741,2.77,
exp20c_shared_targets,ablationnone__ballspeed9__noplot__perturbsignrandom__randomperturb__servebox__spaceperturbm0.2__spaceperturbminm0.0__spatialperturbtargetballstate,"{""--ablation"": ""none"", ""--ball-speed"": 9, ""--no-plot"": null, ""--perturb-sign"": ""random"", ""--random-perturb"": null, ""--serve-box"": null, ""--space-perturb-m"": 0.2, ""--space-perturb-min-m"": 0.0, ""--spatial-perturb-target"": ""ballstate""}",10,True,active,0.051051,1.991677,0.051051,25.0,0.0,1.79,1.0,1.9,10.0,0.051051,1.762,2.21,
exp20c_shared_targets,ablationnone__ballspeed9__noplot__perturbsignrandom__randomperturb__servebox__spaceperturbm0.2__spaceperturbminm0.0__spatialperturbtargetballstate,"{""--ablation"": ""none"", ""--ball-speed"": 9, ""--no-plot"": null, ""--perturb-sign"": ""random"", ""--random-perturb"": null, ""--serve-box"": null, ""--space-perturb-m"": 0.2, ""--space-perturb-min-m"": 0.0, ""--spatial-perturb-target"": ""ballstate""}",14,True,active,0.012364,1.948328,0.012364,25.0,0.0,1.73,0.98,2.1,10.0,0.012364,1.735,1.93,
exp20c_shared_targets,ablationnone__ballspeed9__noplot__perturbsignrandom__randomperturb__servebox__spaceperturbm0.2__spaceperturbminm0.0__spatialperturbtargetballstate,"{""--ablation"": ""none"", ""--ball-speed"": 9, ""--no-plot"": null, ""--perturb-sign"": ""random"", ""--random-perturb"": null, ""--serve-box"": null, ""--space-perturb-m"": 0.2, ""--space-perturb-min-m"": 0.0, ""--spatial-perturb-target"": ""ballstate""}",15,True,active,0.071255,1.943636,0.071255,40.0,0.0,1.14,0.99,1.1,5.0,0.071255,0.674,1.69,
exp20c_shared_targets,ablationnone__ballspeed9__noplot__perturbsignrandom__randomperturb__servebox__spaceperturbm0.2__spaceperturbminm0.0__spatialperturbtargetballstate,"{""--ablation"": ""none"", ""--ball-speed"": 9, ""--no-plot"": null, ""--perturb-sign"": ""random"", ""--random-perturb"": null, ""--serve-box"": null, ""--space-perturb-m"": 0.2, ""--space-perturb-min-m"": 0.0, ""--spatial-perturb-target"": ""ballstate""}",18,True,active,0.044588,1.957188,0.044588,15.0,0.0,1.79,1.0,1.8,15.0,0.044588,1.686,1.38,
exp20c_shared_targets,ablationnone__ballspeed9__noplot__perturbsignrandom__randomperturb__servebox__spaceperturbm0.2__spaceperturbminm0.0__spatialperturbtargetballstate,"{""--ablation"": ""none"", ""--ball-speed"": 9, ""--no-plot"": null, ""--perturb-sign"": ""random"", ""--random-perturb"": null, ""--serve-box"": null, ""--space-perturb-m"": 0.2, ""--space-perturb-min-m"": 0.0, ""--spatial-perturb-target"": ""ballstate""}",17,True,active,0.01101,1.960752,0.01101,50.0,0.0,1.75,0.98,1.5,5.0,0.01101,1.37,1.56,
exp20c_shared_targets,ablationnone__ballspeed9__noplot__perturbsignrandom__randomperturb__servebox__spaceperturbm0.2__spaceperturbminm0.0__spatialperturbtargetballstate,"{""--ablation"": ""none"", ""--ball-speed"": 9, ""--no-plot"": null, ""--perturb-sign"": ""random"", ""--random-perturb"": null, ""--serve-box"": null, ""--space-perturb-m"": 0.2, ""--space-perturb-min-m"": 0.0, ""--spatial-perturb-target"": ""ballstate""}",19,True,active,0.06912,1.982186,0.034467,30.0,0.0,1.79,0.99,1.2,15.0,0.06912,0.81,1.4,
exp20c_shared_targets,ablationnone__ballspeed9__noplot__perturbsignrandom__randomperturb__servebox__spaceperturbm0.2__spaceperturbminm0.0__spatialperturbtargetballstate,"{""--ablation"": ""none"", ""--ball-speed"": 9, ""--no-plot"": null, ""--perturb-sign"": ""random"", ""--random-perturb"": null, ""--serve-box"": null, ""--space-perturb-m"": 0.2, ""--space-perturb-min-m"": 0.0, ""--spatial-perturb-target"": ""ballstate""}",22,True,active,0.100914,1.89223,0.069336,0.0,0.0,1.22,0.99,1.4,15.0,0.100914,1.128,1.41,
exp20c_shared_targets,ablationnone__ballspeed9__noplot__perturbsignrandom__randomperturb__servebox__spaceperturbm0.2__spaceperturbminm0.0__spatialperturbtargetballstate,"{""--ablation"": ""none"", ""--ball-speed"": 9, ""--no-plot"": null, ""--perturb-sign"": ""random"", ""--random-perturb"": null, ""--serve-box"": null, ""--space-perturb-m"": 0.2, ""--space-perturb-min-m"": 0.0, ""--spatial-perturb-target"": ""ballstate""}",12,True,active,0.068041,1.99416,0.042743,0.0,0.0,1.7,0.99,1.8,15.0,0.068041,1.64,2.88,
exp20c_shared_targets,ablationnone__ballspeed9__noplot__perturbsignrandom__randomperturb__servebox__spaceperturbm0.2__spaceperturbminm0.0__spatialperturbtargetballstate,"{""--ablation"": ""none"", ""--ball-speed"": 9, ""--no-plot"": null, ""--perturb-sign"": ""random"", ""--random-perturb"": null, ""--serve-box"": null, ""--space-perturb-m"": 0.2, ""--space-perturb-min-m"": 0.0, ""--spatial-perturb-target"": ""ballstate""}",24,False,miss,0.344246,1.962936,0.117269,25.0,0.0,1.79,1.0,1.7,0.0,0.344246,0.0,1.68,
exp20c_shared_targets,ablationnone__ballspeed9__noplot__perturbsignrandom__randomperturb__servebox__spaceperturbm0.2__spaceperturbminm0.0__spatialperturbtargetballstate,"{""--ablation"": ""none"", ""--ball-speed"": 9, ""--no-plot"": null, ""--perturb-sign"": ""random"", ""--random-perturb"": null, ""--serve-box"": null, ""--space-perturb-m"": 0.2, ""--space-perturb-min-m"": 0.0, ""--spatial-perturb-target"": ""ballstate""}",27,False,miss,0.235698,1.932363,0.162483,20.0,0.0,0.99,1.0,0.9,0.0,0.235698,0.0,1.51,
exp20c_shared_targets,ablationnone__ballspeed9__noplot__perturbsignrandom__randomperturb__servebox__spaceperturbm0.2__spaceperturbminm0.0__spatialperturbtargetballstate,"{""--ablation"": ""none"", ""--ball-speed"": 9, ""--no-plot"": null, ""--perturb-sign"": ""random"", ""--random-perturb"": null, ""--serve-box"": null, ""--space-perturb-m"": 0.2, ""--space-perturb-min-m"": 0.0, ""--spatial-perturb-target"": ""ballstate""}",29,True,active,0.017514,1.878728,0.017514,50.0,0.0,1.77,0.98,1.5,5.0,0.017514,0.969,1.39,
exp20c_shared_targets,ablationnone__ballspeed9__noplot__perturbsignrandom__randomperturb__servebox__spaceperturbm0.2__spaceperturbminm0.0__spatialperturbtargetballstate,"{""--ablation"": ""none"", ""--ball-speed"": 9, ""--no-plot"": null, ""--perturb-sign"": ""random"", ""--random-perturb"": null, ""--serve-box"": null, ""--space-perturb-m"": 0.2, ""--space-perturb-min-m"": 0.0, ""--spatial-perturb-target"": ""ballstate""}",28,False,miss,0.306871,1.925801,0.130622,0.0,0.0,1.2,1.0,1.2,0.0,0.306871,0.0,1.65,
exp20c_shared_targets,ablationnone__ballspeed9__noplot__perturbsignrandom__randomperturb__servebox__spaceperturbm0.2__spaceperturbminm0.0__spatialperturbtargetballstate,"{""--ablation"": ""none"", ""--ball-speed"": 9, ""--no-plot"": null, ""--perturb-sign"": ""random"", ""--random-perturb"": null, ""--serve-box"": null, ""--space-perturb-m"": 0.2, ""--space-perturb-min-m"": 0.0, ""--spatial-perturb-target"": ""ballstate""}",16,True,active,0.021076,1.965531,0.021076,0.0,0.0,1.79,0.96,2.0,15.0,0.021076,1.66,2.61,
exp20c_shared_targets,ablationnone__ballspeed9__noplot__perturbsignrandom__randomperturb__servebox__spaceperturbm0.2__spaceperturbminm0.0__spatialperturbtargetballstate,"{""--ablation"": ""none"", ""--ball-speed"": 9, ""--no-plot"": null, ""--perturb-sign"": ""random"", ""--random-perturb"": null, ""--serve-box"": null, ""--space-perturb-m"": 0.2, ""--space-perturb-min-m"": 0.0, ""--spatial-perturb-target"": ""ballstate""}",23,True,active,0.034119,1.950089,0.034119,45.0,0.0,1.7,0.97,1.5,5.0,0.034119,1.26,2.11,
exp20c_shared_targets,ablationnone__ballspeed9__noplot__perturbsignrandom__randomperturb__servebox__spaceperturbm0.2__spaceperturbminm0.0__spatialperturbtargetballstate,"{""--ablation"": ""none"", ""--ball-speed"": 9, ""--no-plot"": null, ""--perturb-sign"": ""random"", ""--random-perturb"": null, ""--serve-box"": null, ""--space-perturb-m"": 0.2, ""--space-perturb-min-m"": 0.0, ""--spatial-perturb-target"": ""ballstate""}",30,True,active,0.091505,1.897066,0.061091,10.0,0.0,1.57,1.0,1.4,15.0,0.091505,1.131,1.43,
exp20c_shared_targets,ablationnone__ballspeed9__noplot__perturbsignrandom__randomperturb__servebox__spaceperturbm0.2__spaceperturbminm0.0__spatialperturbtargetballstate,"{""--ablation"": ""none"", ""--ball-speed"": 9, ""--no-plot"": null, ""--perturb-sign"": ""random"", ""--random-perturb"": null, ""--serve-box"": null, ""--space-perturb-m"": 0.2, ""--space-perturb-min-m"": 0.0, ""--spatial-perturb-target"": ""ballstate""}",31,True,active,0.134549,1.936879,0.128486,35.0,0.0,1.36,1.0,1.5,5.0,0.134549,0.94,1.41,
exp20c_shared_targets,ablationnone__ballspeed9__noplot__perturbsignrandom__randomperturb__servebox__spaceperturbm0.2__spaceperturbminm0.0__spatialperturbtargetballstate,"{""--ablation"": ""none"", ""--ball-speed"": 9, ""--no-plot"": null, ""--perturb-sign"": ""random"", ""--random-perturb"": null, ""--serve-box"": null, ""--space-perturb-m"": 0.2, ""--space-perturb-min-m"": 0.0, ""--spatial-perturb-target"": ""ballstate""}",32,True,active,0.125851,1.929127,0.0822,50.0,0.0,1.26,1.0,2.1,10.0,0.125851,1.255,1.43,
exp20c_shared_targets,ablationnone__ballspeed9__noplot__perturbsignrandom__randomperturb__servebox__spaceperturbm0.2__spaceperturbminm0.0__spatialperturbtargetballstate,"{""--ablation"": ""none"", ""--ball-speed"": 9, ""--no-plot"": null, ""--perturb-sign"": ""random"", ""--random-perturb"": null, ""--serve-box"": null, ""--space-perturb-m"": 0.2, ""--space-perturb-min-m"": 0.0, ""--spatial-perturb-target"": ""ballstate""}",26,True,active,0.109151,1.936288,0.048791,0.0,0.0,1.8,1.0,1.6,20.0,0.109151,1.795,2.63,
exp20c_shared_targets,ablationnone__ballspeed9__noplot__perturbsignrandom__randomperturb__servebox__spaceperturbm0.2__spaceperturbminm0.0__spatialperturbtargetballstate,"{""--ablation"": ""none"", ""--ball-speed"": 9, ""--no-plot"": null, ""--perturb-sign"": ""random"", ""--random-perturb"": null, ""--serve-box"": null, ""--space-perturb-m"": 0.2, ""--space-perturb-min-m"": 0.0, ""--spatial-perturb-target"": ""ballstate""}",25,True,active,0.085415,1.934737,0.06776,0.0,0.0,1.57,0.98,1.4,5.0,0.085415,1.127,2.87,
exp20c_shared_targets,ablationnone__ballspeed9__noplot__perturbsignrandom__randomperturb__servebox__spaceperturbm0.2__spaceperturbminm0.0__spatialperturbtargetballstate,"{""--ablation"": ""none"", ""--ball-speed"": 9, ""--no-plot"": null, ""--perturb-sign"": ""random"", ""--random-perturb"": null, ""--serve-box"": null, ""--space-perturb-m"": 0.2, ""--space-perturb-min-m"": 0.0, ""--spatial-perturb-target"": ""ballstate""}",36,False,miss,0.350147,1.894421,0.158045,20.0,0.0,1.45,1.0,1.5,0.0,0.350147,0.0,1.4,
exp20c_shared_targets,ablationnone__ballspeed9__noplot__perturbsignrandom__randomperturb__servebox__spaceperturbm0.2__spaceperturbminm0.0__spatialperturbtargetballstate,"{""--ablation"": ""none"", ""--ball-speed"": 9, ""--no-plot"": null, ""--perturb-sign"": ""random"", ""--random-perturb"": null, ""--serve-box"": null, ""--space-perturb-m"": 0.2, ""--space-perturb-min-m"": 0.0, ""--spatial-perturb-target"": ""ballstate""}",35,False,miss,0.337772,1.961462,0.092359,0.0,0.0,1.79,0.96,1.8,0.0,0.337772,0.0,1.69,
exp20c_shared_targets,ablationnone__ballspeed9__noplot__perturbsignrandom__randomperturb__servebox__spaceperturbm0.2__spaceperturbminm0.0__spatialperturbtargetballstate,"{""--ablation"": ""none"", ""--ball-speed"": 9, ""--no-plot"": null, ""--perturb-sign"": ""random"", ""--random-perturb"": null, ""--serve-box"": null, ""--space-perturb-m"": 0.2, ""--space-perturb-min-m"": 0.0, ""--spatial-perturb-target"": ""ballstate""}",34,True,active,0.097808,1.943683,0.046095,45.0,0.0,1.47,1.0,1.2,10.0,0.097808,1.338,1.94,
exp20c_shared_targets,ablationnone__ballspeed9__noplot__perturbsignrandom__randomperturb__servebox__spaceperturbm0.2__spaceperturbminm0.0__spatialperturbtargetballstate,"{""--ablation"": ""none"", ""--ball-speed"": 9, ""--no-plot"": null, ""--perturb-sign"": ""random"", ""--random-perturb"": null, ""--serve-box"": null, ""--space-perturb-m"": 0.2, ""--space-perturb-min-m"": 0.0, ""--spatial-perturb-target"": ""ballstate""}",37,True,active,0.076077,1.945493,0.051907,0.0,0.0,1.61,1.0,1.6,15.0,0.076077,1.311,1.43,
exp20c_shared_targets,ablationnone__ballspeed9__noplot__perturbsignrandom__randomperturb__servebox__spaceperturbm0.2__spaceperturbminm0.0__spatialperturbtargetballstate,"{""--ablation"": ""none"", ""--ball-speed"": 9, ""--no-plot"": null, ""--perturb-sign"": ""random"", ""--random-perturb"": null, ""--serve-box"": null, ""--space-perturb-m"": 0.2, ""--space-perturb-min-m"": 0.0, ""--spatial-perturb-target"": ""ballstate""}",33,True,active,0.09622,1.957065,0.040908,35.0,0.0,1.74,1.0,1.5,15.0,0.09622,1.477,2.26,
exp20c_shared_targets,ablationnone__ballspeed9__noplot__perturbsignrandom__randomperturb__servebox__spaceperturbm0.2__spaceperturbminm0.0__spatialperturbtargetballstate,"{""--ablation"": ""none"", ""--ball-speed"": 9, ""--no-plot"": null, ""--perturb-sign"": ""random"", ""--random-perturb"": null, ""--serve-box"": null, ""--space-perturb-m"": 0.2, ""--space-perturb-min-m"": 0.0, ""--spatial-perturb-target"": ""ballstate""}",40,True,active,0.053653,1.968944,0.033163,45.0,0.0,1.44,0.98,1.7,10.0,0.053653,1.344,1.43,
exp20c_shared_targets,ablationnone__ballspeed9__noplot__perturbsignrandom__randomperturb__servebox__spaceperturbm0.2__spaceperturbminm0.0__spatialperturbtargetballstate,"{""--ablation"": ""none"", ""--ball-speed"": 9, ""--no-plot"": null, ""--perturb-sign"": ""random"", ""--random-perturb"": null, ""--serve-box"": null, ""--space-perturb-m"": 0.2, ""--space-perturb-min-m"": 0.0, ""--spatial-perturb-target"": ""ballstate""}",42,True,active,0.146719,1.927805,0.139169,0.0,0.0,1.8,0.99,1.9,15.0,0.146719,1.602,1.59,
exp20c_shared_targets,ablationnone__ballspeed9__noplot__perturbsignrandom__randomperturb__servebox__spaceperturbm0.2__spaceperturbminm0.0__spatialperturbtargetballstate,"{""--ablation"": ""none"", ""--ball-speed"": 9, ""--no-plot"": null, ""--perturb-sign"": ""random"", ""--random-perturb"": null, ""--serve-box"": null, ""--space-perturb-m"": 0.2, ""--space-perturb-min-m"": 0.0, ""--spatial-perturb-target"": ""ballstate""}",43,False,miss,0.397019,1.925192,0.191301,0.0,0.0,1.79,0.99,2.1,0.0,0.397019,0.0,1.4,
exp20c_shared_targets,ablationnone__ballspeed9__noplot__perturbsignrandom__randomperturb__servebox__spaceperturbm0.2__spaceperturbminm0.0__spatialperturbtargetballstate,"{""--ablation"": ""none"", ""--ball-speed"": 9, ""--no-plot"": null, ""--perturb-sign"": ""random"", ""--random-perturb"": null, ""--serve-box"": null, ""--space-perturb-m"": 0.2, ""--space-perturb-min-m"": 0.0, ""--spatial-perturb-target"": ""ballstate""}",39,True,active,0.091663,1.883967,0.085382,45.0,0.0,1.37,1.0,1.1,5.0,0.091663,0.581,1.82,
exp20c_shared_targets,ablationnone__ballspeed9__noplot__perturbsignrandom__randomperturb__servebox__spaceperturbm0.2__spaceperturbminm0.0__spatialperturbtargetballstate,"{""--ablation"": ""none"", ""--ball-speed"": 9, ""--no-plot"": null, ""--perturb-sign"": ""random"", ""--random-perturb"": null, ""--serve-box"": null, ""--space-perturb-m"": 0.2, ""--space-perturb-min-m"": 0.0, ""--spatial-perturb-target"": ""ballstate""}",41,True,active,0.048368,1.899222,0.048368,40.0,0.0,1.64,1.0,1.8,10.0,0.048368,0.348,1.8,
exp20c_shared_targets,ablationnone__ballspeed9__noplot__perturbsignrandom__randomperturb__servebox__spaceperturbm0.2__spaceperturbminm0.0__spatialperturbtargetballstate,"{""--ablation"": ""none"", ""--ball-speed"": 9, ""--no-plot"": null, ""--perturb-sign"": ""random"", ""--random-perturb"": null, ""--serve-box"": null, ""--space-perturb-m"": 0.2, ""--space-perturb-min-m"": 0.0, ""--spatial-perturb-target"": ""ballstate""}",45,True,active,0.062513,1.996351,0.034515,0.0,0.0,1.78,0.97,1.8,15.0,0.062513,1.598,1.7,
exp20c_shared_targets,ablationnone__ballspeed9__noplot__perturbsignrandom__randomperturb__servebox__spaceperturbm0.2__spaceperturbminm0.0__spatialperturbtargetballstate,"{""--ablation"": ""none"", ""--ball-speed"": 9, ""--no-plot"": null, ""--perturb-sign"": ""random"", ""--random-perturb"": null, ""--serve-box"": null, ""--space-perturb-m"": 0.2, ""--space-perturb-min-m"": 0.0, ""--spatial-perturb-target"": ""ballstate""}",46,True,active,0.043429,1.915831,0.037821,45.0,0.0,1.62,1.0,1.5,10.0,0.043429,0.969,1.54,
exp20c_shared_targets,ablationnone__ballspeed9__noplot__perturbsignrandom__randomperturb__servebox__spaceperturbm0.2__spaceperturbminm0.0__spatialperturbtargetballstate,"{""--ablation"": ""none"", ""--ball-speed"": 9, ""--no-plot"": null, ""--perturb-sign"": ""random"", ""--random-perturb"": null, ""--serve-box"": null, ""--space-perturb-m"": 0.2, ""--space-perturb-min-m"": 0.0, ""--spatial-perturb-target"": ""ballstate""}",48,True,active,0.085157,1.932789,0.073344,50.0,0.0,1.31,0.99,1.2,5.0,0.085157,0.737,1.44,
exp20c_shared_targets,ablationnone__ballspeed9__noplot__perturbsignrandom__randomperturb__servebox__spaceperturbm0.2__spaceperturbminm0.0__spatialperturbtargetballstate,"{""--ablation"": ""none"", ""--ball-speed"": 9, ""--no-plot"": null, ""--perturb-sign"": ""random"", ""--random-perturb"": null, ""--serve-box"": null, ""--space-perturb-m"": 0.2, ""--space-perturb-min-m"": 0.0, ""--spatial-perturb-target"": ""ballstate""}",38,False,miss,0.283957,1.953229,0.133885,25.0,0.0,1.59,1.0,1.3,0.0,0.283957,0.0,2.66,
exp20c_shared_targets,ablationnone__ballspeed9__noplot__perturbsignrandom__randomperturb__servebox__spaceperturbm0.2__spaceperturbminm0.0__spatialperturbtargetballstate,"{""--ablation"": ""none"", ""--ball-speed"": 9, ""--no-plot"": null, ""--perturb-sign"": ""random"", ""--random-perturb"": null, ""--serve-box"": null, ""--space-perturb-m"": 0.2, ""--space-perturb-min-m"": 0.0, ""--spatial-perturb-target"": ""ballstate""}",49,True,active,0.10381,1.96022,0.10381,40.0,0.0,1.8,0.98,1.8,10.0,0.10381,1.8,1.51,
exp20c_shared_targets,ablationnone__ballspeed9__noplot__perturbsignrandom__randomperturb__servebox__spaceperturbm0.2__spaceperturbminm0.0__spatialperturbtargetballstate,"{""--ablation"": ""none"", ""--ball-speed"": 9, ""--no-plot"": null, ""--perturb-sign"": ""random"", ""--random-perturb"": null, ""--serve-box"": null, ""--space-perturb-m"": 0.2, ""--space-perturb-min-m"": 0.0, ""--spatial-perturb-target"": ""ballstate""}",52,False,miss,0.31691,1.971646,0.105697,5.0,0.0,1.39,1.0,1.1,0.0,0.31691,0.0,1.4,
exp20c_shared_targets,ablationnone__ballspeed9__noplot__perturbsignrandom__randomperturb__servebox__spaceperturbm0.2__spaceperturbminm0.0__spatialperturbtargetballstate,"{""--ablation"": ""none"", ""--ball-speed"": 9, ""--no-plot"": null, ""--perturb-sign"": ""random"", ""--random-perturb"": null, ""--serve-box"": null, ""--space-perturb-m"": 0.2, ""--space-perturb-min-m"": 0.0, ""--spatial-perturb-target"": ""ballstate""}",44,False,miss,0.420065,1.910308,0.195194,0.0,0.0,1.79,1.0,2.0,0.0,0.420065,0.0,2.43,
exp20c_shared_targets,ablationnone__ballspeed9__noplot__perturbsignrandom__randomperturb__servebox__spaceperturbm0.2__spaceperturbminm0.0__spatialperturbtargetballstate,"{""--ablation"": ""none"", ""--ball-speed"": 9, ""--no-plot"": null, ""--perturb-sign"": ""random"", ""--random-perturb"": null, ""--serve-box"": null, ""--space-perturb-m"": 0.2, ""--space-perturb-min-m"": 0.0, ""--spatial-perturb-target"": ""ballstate""}",51,False,miss,0.339244,1.914509,0.243446,0.0,0.0,1.16,1.0,1.3,0.0,0.339244,0.0,1.57,
exp20c_shared_targets,ablationnone__ballspeed9__noplot__perturbsignrandom__randomperturb__servebox__spaceperturbm0.2__spaceperturbminm0.0__spatialperturbtargetballstate,"{""--ablation"": ""none"", ""--ball-speed"": 9, ""--no-plot"": null, ""--perturb-sign"": ""random"", ""--random-perturb"": null, ""--serve-box"": null, ""--space-perturb-m"": 0.2, ""--space-perturb-min-m"": 0.0, ""--spatial-perturb-target"": ""ballstate""}",56,True,active,0.106231,1.92983,0.073847,50.0,0.0,1.48,0.99,2.0,10.0,0.106231,1.252,1.41,
exp20c_shared_targets,ablationnone__ballspeed9__noplot__perturbsignrandom__randomperturb__servebox__spaceperturbm0.2__spaceperturbminm0.0__spatialperturbtargetballstate,"{""--ablation"": ""none"", ""--ball-speed"": 9, ""--no-plot"": null, ""--perturb-sign"": ""random"", ""--random-perturb"": null, ""--serve-box"": null, ""--space-perturb-m"": 0.2, ""--space-perturb-min-m"": 0.0, ""--spatial-perturb-target"": ""ballstate""}",47,False,miss,0.3251,1.864915,0.198234,0.0,0.0,1.12,0.99,1.0,0.0,0.3251,0.0,2.59,
exp20c_shared_targets,ablationnone__ballspeed9__noplot__perturbsignrandom__randomperturb__servebox__spaceperturbm0.2__spaceperturbminm0.0__spatialperturbtargetballstate,"{""--ablation"": ""none"", ""--ball-speed"": 9, ""--no-plot"": null, ""--perturb-sign"": ""random"", ""--random-perturb"": null, ""--serve-box"": null, ""--space-perturb-m"": 0.2, ""--space-perturb-min-m"": 0.0, ""--spatial-perturb-target"": ""ballstate""}",55,True,active,0.024747,1.943168,0.024747,0.0,0.0,1.79,0.98,1.3,5.0,0.024747,0.934,1.87,
exp20c_shared_targets,ablationnone__ballspeed9__noplot__perturbsignrandom__randomperturb__servebox__spaceperturbm0.2__spaceperturbminm0.0__spatialperturbtargetballstate,"{""--ablation"": ""none"", ""--ball-speed"": 9, ""--no-plot"": null, ""--perturb-sign"": ""random"", ""--random-perturb"": null, ""--serve-box"": null, ""--space-perturb-m"": 0.2, ""--space-perturb-min-m"": 0.0, ""--spatial-perturb-target"": ""ballstate""}",54,True,active,0.042338,2.011826,0.031477,0.0,0.0,1.8,0.99,1.6,10.0,0.042338,1.56,2.01,
exp20c_shared_targets,ablationnone__ballspeed9__noplot__perturbsignrandom__randomperturb__servebox__spaceperturbm0.2__spaceperturbminm0.0__spatialperturbtargetballstate,"{""--ablation"": ""none"", ""--ball-speed"": 9, ""--no-plot"": null, ""--perturb-sign"": ""random"", ""--random-perturb"": null, ""--serve-box"": null, ""--space-perturb-m"": 0.2, ""--space-perturb-min-m"": 0.0, ""--spatial-perturb-target"": ""ballstate""}",57,False,miss,0.286333,1.961412,0.110014,0.0,0.0,1.29,1.0,1.4,0.0,0.286333,0.0,1.55,
exp20c_shared_targets,ablationnone__ballspeed9__noplot__perturbsignrandom__randomperturb__servebox__spaceperturbm0.2__spaceperturbminm0.0__spatialperturbtargetballstate,"{""--ablation"": ""none"", ""--ball-speed"": 9, ""--no-plot"": null, ""--perturb-sign"": ""random"", ""--random-perturb"": null, ""--serve-box"": null, ""--space-perturb-m"": 0.2, ""--space-perturb-min-m"": 0.0, ""--spatial-perturb-target"": ""ballstate""}",53,True,active,0.095505,1.829222,0.083056,0.0,0.0,1.77,0.99,1.4,10.0,0.095505,0.438,2.42,
exp20c_shared_targets,ablationnone__ballspeed9__noplot__perturbsignrandom__randomperturb__servebox__spaceperturbm0.2__spaceperturbminm0.0__spatialperturbtargetballstate,"{""--ablation"": ""none"", ""--ball-speed"": 9, ""--no-plot"": null, ""--perturb-sign"": ""random"", ""--random-perturb"": null, ""--serve-box"": null, ""--space-perturb-m"": 0.2, ""--space-perturb-min-m"": 0.0, ""--spatial-perturb-target"": ""ballstate""}",58,True,active,0.023178,1.85785,0.013918,50.0,0.0,1.07,0.99,1.0,5.0,0.023178,0.736,1.54,
exp20c_shared_targets,ablationnone__ballspeed9__noplot__perturbsignrandom__randomperturb__servebox__spaceperturbm0.2__spaceperturbminm0.0__spatialperturbtargetballstate,"{""--ablation"": ""none"", ""--ball-speed"": 9, ""--no-plot"": null, ""--perturb-sign"": ""random"", ""--random-perturb"": null, ""--serve-box"": null, ""--space-perturb-m"": 0.2, ""--space-perturb-min-m"": 0.0, ""--spatial-perturb-target"": ""ballstate""}",59,True,active,0.082719,2.004922,0.078482,35.0,0.0,1.42,0.99,1.1,10.0,0.082719,1.015,1.46,
exp20c_shared_targets,ablationnone__ballspeed9__noplot__perturbsignrandom__randomperturb__servebox__spaceperturbm0.2__spaceperturbminm0.0__spatialperturbtargetballstate,"{""--ablation"": ""none"", ""--ball-speed"": 9, ""--no-plot"": null, ""--perturb-sign"": ""random"", ""--random-perturb"": null, ""--serve-box"": null, ""--space-perturb-m"": 0.2, ""--space-perturb-min-m"": 0.0, ""--spatial-perturb-target"": ""ballstate""}",50,True,active,0.150674,1.891828,0.143771,25.0,0.0,1.8,1.0,1.9,10.0,0.150674,1.671,2.93,
exp20c_shared_targets,ablationnone__ballspeed9__noplot__perturbsignrandom__randomperturb__servebox__spaceperturbm0.2__spaceperturbminm0.0__spatialperturbtargetballstate,"{""--ablation"": ""none"", ""--ball-speed"": 9, ""--no-plot"": null, ""--perturb-sign"": ""random"", ""--random-perturb"": null, ""--serve-box"": null, ""--space-perturb-m"": 0.2, ""--space-perturb-min-m"": 0.0, ""--spatial-perturb-target"": ""ballstate""}",62,False,miss,0.296804,1.914759,0.171808,15.0,0.0,1.19,1.0,1.1,0.0,0.296804,0.0,1.44,
exp20c_shared_targets,ablationnone__ballspeed9__noplot__perturbsignrandom__randomperturb__servebox__spaceperturbm0.2__spaceperturbminm0.0__spatialperturbtargetballstate,"{""--ablation"": ""none"", ""--ball-speed"": 9, ""--no-plot"": null, ""--perturb-sign"": ""random"", ""--random-perturb"": null, ""--serve-box"": null, ""--space-perturb-m"": 0.2, ""--space-perturb-min-m"": 0.0, ""--spatial-perturb-target"": ""ballstate""}",60,False,miss,0.261649,1.908768,0.153436,0.0,0.0,1.27,1.0,1.5,0.0,0.261649,0.0,1.76,
exp20c_shared_targets,ablationnone__ballspeed9__noplot__perturbsignrandom__randomperturb__servebox__spaceperturbm0.2__spaceperturbminm0.0__spatialperturbtargetballstate,"{""--ablation"": ""none"", ""--ball-speed"": 9, ""--no-plot"": null, ""--perturb-sign"": ""random"", ""--random-perturb"": null, ""--serve-box"": null, ""--space-perturb-m"": 0.2, ""--space-perturb-min-m"": 0.0, ""--spatial-perturb-target"": ""ballstate""}",63,True,active,0.096515,2.032802,0.096515,30.0,0.0,1.8,1.0,1.4,10.0,0.096515,1.583,1.63,
exp20c_shared_targets,ablationnone__ballspeed9__noplot__perturbsignrandom__randomperturb__servebox__spaceperturbm0.2__spaceperturbminm0.0__spatialperturbtargetballstate,"{""--ablation"": ""none"", ""--ball-speed"": 9, ""--no-plot"": null, ""--perturb-sign"": ""random"", ""--random-perturb"": null, ""--serve-box"": null, ""--space-perturb-m"": 0.2, ""--space-perturb-min-m"": 0.0, ""--spatial-perturb-target"": ""ballstate""}",65,True,active,0.088018,1.96275,0.062143,40.0,0.0,1.59,1.0,1.4,10.0,0.088018,1.291,1.49,
exp20c_shared_targets,ablationnone__ballspeed9__noplot__perturbsignrandom__randomperturb__servebox__spaceperturbm0.2__spaceperturbminm0.0__spatialperturbtargetballstate,"{""--ablation"": ""none"", ""--ball-speed"": 9, ""--no-plot"": null, ""--perturb-sign"": ""random"", ""--random-perturb"": null, ""--serve-box"": null, ""--space-perturb-m"": 0.2, ""--space-perturb-min-m"": 0.0, ""--spatial-perturb-target"": ""ballstate""}",61,True,active,0.057731,1.981127,0.027508,25.0,0.0,1.8,0.98,1.7,15.0,0.057731,1.799,2.15,
exp20c_shared_targets,ablationnone__ballspeed9__noplot__perturbsignrandom__randomperturb__servebox__spaceperturbm0.2__spaceperturbminm0.0__spatialperturbtargetballstate,"{""--ablation"": ""none"", ""--ball-speed"": 9, ""--no-plot"": null, ""--perturb-sign"": ""random"", ""--random-perturb"": null, ""--serve-box"": null, ""--space-perturb-m"": 0.2, ""--space-perturb-min-m"": 0.0, ""--spatial-perturb-target"": ""ballstate""}",64,True,active,0.075163,1.906507,0.05478,10.0,0.0,1.79,0.98,1.3,0.0,0.075163,0.862,2.23,
exp20c_shared_targets,ablationnone__ballspeed9__noplot__perturbsignrandom__randomperturb__servebox__spaceperturbm0.2__spaceperturbminm0.0__spatialperturbtargetballstate,"{""--ablation"": ""none"", ""--ball-speed"": 9, ""--no-plot"": null, ""--perturb-sign"": ""random"", ""--random-perturb"": null, ""--serve-box"": null, ""--space-perturb-m"": 0.2, ""--space-perturb-min-m"": 0.0, ""--spatial-perturb-target"": ""ballstate""}",68,True,active,0.037496,1.863153,0.037496,45.0,0.0,1.75,1.0,1.9,0.0,0.037496,1.04,1.56,
exp20c_shared_targets,ablationnone__ballspeed9__noplot__perturbsignrandom__randomperturb__servebox__spaceperturbm0.2__spaceperturbminm0.0__spatialperturbtargetballstate,"{""--ablation"": ""none"", ""--ball-speed"": 9, ""--no-plot"": null, ""--perturb-sign"": ""random"", ""--random-perturb"": null, ""--serve-box"": null, ""--space-perturb-m"": 0.2, ""--space-perturb-min-m"": 0.0, ""--spatial-perturb-target"": ""ballstate""}",69,True,active,0.039931,1.976462,0.034845,45.0,0.0,1.77,0.99,1.5,10.0,0.039931,1.771,1.5,
exp20c_shared_targets,ablationnone__ballspeed9__noplot__perturbsignrandom__randomperturb__servebox__spaceperturbm0.2__spaceperturbminm0.0__spatialperturbtargetballstate,"{""--ablation"": ""none"", ""--ball-speed"": 9, ""--no-plot"": null, ""--perturb-sign"": ""random"", ""--random-perturb"": null, ""--serve-box"": null, ""--space-perturb-m"": 0.2, ""--space-perturb-min-m"": 0.0, ""--spatial-perturb-target"": ""ballstate""}",70,True,active,0.055258,1.919491,0.053616,55.0,0.0,1.53,1.0,1.6,5.0,0.055258,1.075,1.53,
exp20c_shared_targets,ablationnone__ballspeed9__noplot__perturbsignrandom__randomperturb__servebox__spaceperturbm0.2__spaceperturbminm0.0__spatialperturbtargetballstate,"{""--ablation"": ""none"", ""--ball-speed"": 9, ""--no-plot"": null, ""--perturb-sign"": ""random"", ""--random-perturb"": null, ""--serve-box"": null, ""--space-perturb-m"": 0.2, ""--space-perturb-min-m"": 0.0, ""--spatial-perturb-target"": ""ballstate""}",75,True,active,0.101697,1.907554,0.080874,50.0,0.0,1.71,1.0,1.5,5.0,0.101697,0.895,1.43,
exp20c_shared_targets,ablationnone__ballspeed9__noplot__perturbsignrandom__randomperturb__servebox__spaceperturbm0.2__spaceperturbminm0.0__spatialperturbtargetballstate,"{""--ablation"": ""none"", ""--ball-speed"": 9, ""--no-plot"": null, ""--perturb-sign"": ""random"", ""--random-perturb"": null, ""--serve-box"": null, ""--space-perturb-m"": 0.2, ""--space-perturb-min-m"": 0.0, ""--spatial-perturb-target"": ""ballstate""}",76,True,active,0.097542,1.890363,0.05959,0.0,0.0,1.12,1.0,1.1,10.0,0.097542,1.057,1.43,
exp20c_shared_targets,ablationnone__ballspeed9__noplot__perturbsignrandom__randomperturb__servebox__spaceperturbm0.2__spaceperturbminm0.0__spatialperturbtargetballstate,"{""--ablation"": ""none"", ""--ball-speed"": 9, ""--no-plot"": null, ""--perturb-sign"": ""random"", ""--random-perturb"": null, ""--serve-box"": null, ""--space-perturb-m"": 0.2, ""--space-perturb-min-m"": 0.0, ""--spatial-perturb-target"": ""ballstate""}",72,True,active,0.06147,1.972202,0.06147,35.0,0.0,1.79,0.99,1.6,5.0,0.06147,1.321,1.99,
exp20c_shared_targets,ablationnone__ballspeed9__noplot__perturbsignrandom__randomperturb__servebox__spaceperturbm0.2__spaceperturbminm0.0__spatialperturbtargetballstate,"{""--ablation"": ""none"", ""--ball-speed"": 9, ""--no-plot"": null, ""--perturb-sign"": ""random"", ""--random-perturb"": null, ""--serve-box"": null, ""--space-perturb-m"": 0.2, ""--space-perturb-min-m"": 0.0, ""--spatial-perturb-target"": ""ballstate""}",73,True,active,0.08774,1.946825,0.062776,0.0,0.0,1.77,1.0,1.8,20.0,0.08774,1.562,1.93,
exp20c_shared_targets,ablationnone__ballspeed9__noplot__perturbsignrandom__randomperturb__servebox__spaceperturbm0.2__spaceperturbminm0.0__spatialperturbtargetballstate,"{""--ablation"": ""none"", ""--ball-speed"": 9, ""--no-plot"": null, ""--perturb-sign"": ""random"", ""--random-perturb"": null, ""--serve-box"": null, ""--space-perturb-m"": 0.2, ""--space-perturb-min-m"": 0.0, ""--spatial-perturb-target"": ""ballstate""}",77,True,active,0.105279,1.966704,0.105279,0.0,0.0,1.79,1.0,1.6,20.0,0.105279,1.495,1.4,
exp20c_shared_targets,ablationnone__ballspeed9__noplot__perturbsignrandom__randomperturb__servebox__spaceperturbm0.2__spaceperturbminm0.0__spatialperturbtargetballstate,"{""--ablation"": ""none"", ""--ball-speed"": 9, ""--no-plot"": null, ""--perturb-sign"": ""random"", ""--random-perturb"": null, ""--serve-box"": null, ""--space-perturb-m"": 0.2, ""--space-perturb-min-m"": 0.0, ""--spatial-perturb-target"": ""ballstate""}",78,False,miss,0.268386,1.896773,0.157287,0.0,0.0,1.27,1.0,1.2,0.0,0.268386,0.0,1.45,
exp20c_shared_targets,ablationnone__ballspeed9__noplot__perturbsignrandom__randomperturb__servebox__spaceperturbm0.2__spaceperturbminm0.0__spatialperturbtargetballstate,"{""--ablation"": ""none"", ""--ball-speed"": 9, ""--no-plot"": null, ""--perturb-sign"": ""random"", ""--random-perturb"": null, ""--serve-box"": null, ""--space-perturb-m"": 0.2, ""--space-perturb-min-m"": 0.0, ""--spatial-perturb-target"": ""ballstate""}",79,False,miss,0.292931,1.907441,0.122402,0.0,0.0,1.15,0.99,1.3,0.0,0.292931,0.0,1.46,
exp20c_shared_targets,ablationnone__ballspeed9__noplot__perturbsignrandom__randomperturb__servebox__spaceperturbm0.2__spaceperturbminm0.0__spatialperturbtargetballstate,"{""--ablation"": ""none"", ""--ball-speed"": 9, ""--no-plot"": null, ""--perturb-sign"": ""random"", ""--random-perturb"": null, ""--serve-box"": null, ""--space-perturb-m"": 0.2, ""--space-perturb-min-m"": 0.0, ""--spatial-perturb-target"": ""ballstate""}",66,True,active,0.020293,1.981028,0.020293,0.0,0.0,1.66,1.0,1.7,5.0,0.020293,1.115,2.99,
exp20c_shared_targets,ablationnone__ballspeed9__noplot__perturbsignrandom__randomperturb__servebox__spaceperturbm0.2__spaceperturbminm0.0__spatialperturbtargetballstate,"{""--ablation"": ""none"", ""--ball-speed"": 9, ""--no-plot"": null, ""--perturb-sign"": ""random"", ""--random-perturb"": null, ""--serve-box"": null, ""--space-perturb-m"": 0.2, ""--space-perturb-min-m"": 0.0, ""--spatial-perturb-target"": ""ballstate""}",67,True,active,0.091368,1.939726,0.091368,40.0,0.0,1.26,0.97,1.5,5.0,0.091368,0.78,3.02,
exp20c_shared_targets,ablationnone__ballspeed9__noplot__perturbsignrandom__randomperturb__servebox__spaceperturbm0.2__spaceperturbminm0.0__spatialperturbtargetballstate,"{""--ablation"": ""none"", ""--ball-speed"": 9, ""--no-plot"": null, ""--perturb-sign"": ""random"", ""--random-perturb"": null, ""--serve-box"": null, ""--space-perturb-m"": 0.2, ""--space-perturb-min-m"": 0.0, ""--spatial-perturb-target"": ""ballstate""}",71,True,active,0.110433,1.909031,0.110433,0.0,0.0,1.74,0.98,1.5,10.0,0.110433,1.381,2.83,
exp20c_shared_targets,ablationnone__ballspeed9__noplot__perturbsignrandom__randomperturb__servebox__spaceperturbm0.2__spaceperturbminm0.0__spatialperturbtargetballstate,"{""--ablation"": ""none"", ""--ball-speed"": 9, ""--no-plot"": null, ""--perturb-sign"": ""random"", ""--random-perturb"": null, ""--serve-box"": null, ""--space-perturb-m"": 0.2, ""--space-perturb-min-m"": 0.0, ""--spatial-perturb-target"": ""ballstate""}",82,False,miss,0.268763,1.922621,0.117135,30.0,0.0,1.45,1.0,1.4,0.0,0.268763,0.0,1.36,
exp20c_shared_targets,ablationnone__ballspeed9__noplot__perturbsignrandom__randomperturb__servebox__spaceperturbm0.2__spaceperturbminm0.0__spatialperturbtargetballstate,"{""--ablation"": ""none"", ""--ball-speed"": 9, ""--no-plot"": null, ""--perturb-sign"": ""random"", ""--random-perturb"": null, ""--serve-box"": null, ""--space-perturb-m"": 0.2, ""--space-perturb-min-m"": 0.0, ""--spatial-perturb-target"": ""ballstate""}",80,False,miss,0.28314,1.945814,0.16165,15.0,0.0,1.49,0.99,1.5,0.0,0.28314,0.0,1.78,
exp20c_shared_targets,ablationnone__ballspeed9__noplot__perturbsignrandom__randomperturb__servebox__spaceperturbm0.2__spaceperturbminm0.0__spatialperturbtargetballstate,"{""--ablation"": ""none"", ""--ball-speed"": 9, ""--no-plot"": null, ""--perturb-sign"": ""random"", ""--random-perturb"": null, ""--serve-box"": null, ""--space-perturb-m"": 0.2, ""--space-perturb-min-m"": 0.0, ""--spatial-perturb-target"": ""ballstate""}",74,False,miss,0.316267,1.931871,0.157217,20.0,0.0,1.18,1.0,1.2,0.0,0.316267,0.0,2.89,
exp20c_shared_targets,ablationnone__ballspeed9__noplot__perturbsignrandom__randomperturb__servebox__spaceperturbm0.2__spaceperturbminm0.0__spatialperturbtargetballstate,"{""--ablation"": ""none"", ""--ball-speed"": 9, ""--no-plot"": null, ""--perturb-sign"": ""random"", ""--random-perturb"": null, ""--serve-box"": null, ""--space-perturb-m"": 0.2, ""--space-perturb-min-m"": 0.0, ""--spatial-perturb-target"": ""ballstate""}",83,True,active,0.059424,1.966102,0.059424,40.0,0.0,1.8,0.99,1.8,10.0,0.059424,1.804,1.41,
exp20c_shared_targets,ablationnone__ballspeed9__noplot__perturbsignrandom__randomperturb__servebox__spaceperturbm0.2__spaceperturbminm0.0__spatialperturbtargetballstate,"{""--ablation"": ""none"", ""--ball-speed"": 9, ""--no-plot"": null, ""--perturb-sign"": ""random"", ""--random-perturb"": null, ""--serve-box"": null, ""--space-perturb-m"": 0.2, ""--space-perturb-min-m"": 0.0, ""--spatial-perturb-target"": ""ballstate""}",81,True,active,0.082632,1.899991,0.079758,50.0,0.0,1.13,0.98,1.2,5.0,0.082632,0.389,1.72,
exp20c_shared_targets,ablationnone__ballspeed9__noplot__perturbsignrandom__randomperturb__servebox__spaceperturbm0.2__spaceperturbminm0.0__spatialperturbtargetballstate,"{""--ablation"": ""none"", ""--ball-speed"": 9, ""--no-plot"": null, ""--perturb-sign"": ""random"", ""--random-perturb"": null, ""--serve-box"": null, ""--space-perturb-m"": 0.2, ""--space-perturb-min-m"": 0.0, ""--spatial-perturb-target"": ""ballstate""}",84,True,active,0.123095,1.817662,0.123095,0.0,0.0,1.78,0.99,1.9,15.0,0.123095,1.726,1.5,
exp20c_shared_targets,ablationnone__ballspeed9__noplot__perturbsignrandom__randomperturb__servebox__spaceperturbm0.2__spaceperturbminm0.0__spatialperturbtargetballstate,"{""--ablation"": ""none"", ""--ball-speed"": 9, ""--no-plot"": null, ""--perturb-sign"": ""random"", ""--random-perturb"": null, ""--serve-box"": null, ""--space-perturb-m"": 0.2, ""--space-perturb-min-m"": 0.0, ""--spatial-perturb-target"": ""ballstate""}",88,True,active,0.047271,1.925373,0.047271,45.0,0.0,1.49,1.0,1.8,5.0,0.047271,0.741,1.41,
exp20c_shared_targets,ablationnone__ballspeed9__noplot__perturbsignrandom__randomperturb__servebox__spaceperturbm0.2__spaceperturbminm0.0__spatialperturbtargetballstate,"{""--ablation"": ""none"", ""--ball-speed"": 9, ""--no-plot"": null, ""--perturb-sign"": ""random"", ""--random-perturb"": null, ""--serve-box"": null, ""--space-perturb-m"": 0.2, ""--space-perturb-min-m"": 0.0, ""--spatial-perturb-target"": ""ballstate""}",86,False,miss,0.297914,1.950251,0.132893,25.0,0.0,1.17,1.0,1.0,0.0,0.297914,0.0,1.59,
exp20c_shared_targets,ablationnone__ballspeed9__noplot__perturbsignrandom__randomperturb__servebox__spaceperturbm0.2__spaceperturbminm0.0__spatialperturbtargetballstate,"{""--ablation"": ""none"", ""--ball-speed"": 9, ""--no-plot"": null, ""--perturb-sign"": ""random"", ""--random-perturb"": null, ""--serve-box"": null, ""--space-perturb-m"": 0.2, ""--space-perturb-min-m"": 0.0, ""--spatial-perturb-target"": ""ballstate""}",87,True,active,0.079662,1.930824,0.021478,5.0,0.0,1.07,0.99,1.2,10.0,0.079662,0.524,1.89,
exp20c_shared_targets,ablationnone__ballspeed9__noplot__perturbsignrandom__randomperturb__servebox__spaceperturbm0.2__spaceperturbminm0.0__spatialperturbtargetballstate,"{""--ablation"": ""none"", ""--ball-speed"": 9, ""--no-plot"": null, ""--perturb-sign"": ""random"", ""--random-perturb"": null, ""--serve-box"": null, ""--space-perturb-m"": 0.2, ""--space-perturb-min-m"": 0.0, ""--spatial-perturb-target"": ""ballstate""}",91,False,miss,0.206833,1.922002,0.146677,25.0,0.0,0.99,1.0,1.1,0.0,0.206833,0.0,1.48,
exp20c_shared_targets,ablationnone__ballspeed9__noplot__perturbsignrandom__randomperturb__servebox__spaceperturbm0.2__spaceperturbminm0.0__spatialperturbtargetballstate,"{""--ablation"": ""none"", ""--ball-speed"": 9, ""--no-plot"": null, ""--perturb-sign"": ""random"", ""--random-perturb"": null, ""--serve-box"": null, ""--space-perturb-m"": 0.2, ""--space-perturb-min-m"": 0.0, ""--spatial-perturb-target"": ""ballstate""}",94,True,active,0.10355,1.97941,0.065948,40.0,0.0,1.74,0.99,1.4,15.0,0.10355,1.235,1.4,
exp20c_shared_targets,ablationnone__ballspeed9__noplot__perturbsignrandom__randomperturb__servebox__spaceperturbm0.2__spaceperturbminm0.0__spatialperturbtargetballstate,"{""--ablation"": ""none"", ""--ball-speed"": 9, ""--no-plot"": null, ""--perturb-sign"": ""random"", ""--random-perturb"": null, ""--serve-box"": null, ""--space-perturb-m"": 0.2, ""--space-perturb-min-m"": 0.0, ""--spatial-perturb-target"": ""ballstate""}",85,True,active,0.059518,1.900064,0.059518,40.0,0.0,1.65,0.99,1.5,0.0,0.059518,0.46,2.61,
exp20c_shared_targets,ablationnone__ballspeed9__noplot__perturbsignrandom__randomperturb__servebox__spaceperturbm0.2__spaceperturbminm0.0__spatialperturbtargetballstate,"{""--ablation"": ""none"", ""--ball-speed"": 9, ""--no-plot"": null, ""--perturb-sign"": ""random"", ""--random-perturb"": null, ""--serve-box"": null, ""--space-perturb-m"": 0.2, ""--space-perturb-min-m"": 0.0, ""--spatial-perturb-target"": ""ballstate""}",96,True,active,0.039646,1.963601,0.039646,40.0,0.0,1.56,0.99,1.3,10.0,0.039646,1.036,1.46,
exp20c_shared_targets,ablationnone__ballspeed9__noplot__perturbsignrandom__randomperturb__servebox__spaceperturbm0.2__spaceperturbminm0.0__spatialperturbtargetballstate,"{""--ablation"": ""none"", ""--ball-speed"": 9, ""--no-plot"": null, ""--perturb-sign"": ""random"", ""--random-perturb"": null, ""--serve-box"": null, ""--space-perturb-m"": 0.2, ""--space-perturb-min-m"": 0.0, ""--spatial-perturb-target"": ""ballstate""}",93,True,active,0.053538,1.946397,0.053538,40.0,0.0,1.78,0.99,2.0,10.0,0.053538,1.779,1.79,
exp20c_shared_targets,ablationnone__ballspeed9__noplot__perturbsignrandom__randomperturb__servebox__spaceperturbm0.2__spaceperturbminm0.0__spatialperturbtargetballstate,"{""--ablation"": ""none"", ""--ball-speed"": 9, ""--no-plot"": null, ""--perturb-sign"": ""random"", ""--random-perturb"": null, ""--serve-box"": null, ""--space-perturb-m"": 0.2, ""--space-perturb-min-m"": 0.0, ""--spatial-perturb-target"": ""ballstate""}",98,True,active,0.065536,1.922622,0.044246,0.0,0.0,1.8,0.99,1.3,15.0,0.065536,1.735,1.36,
exp20c_shared_targets,ablationnone__ballspeed9__noplot__perturbsignrandom__randomperturb__servebox__spaceperturbm0.2__spaceperturbminm0.0__spatialperturbtargetballstate,"{""--ablation"": ""none"", ""--ball-speed"": 9, ""--no-plot"": null, ""--perturb-sign"": ""random"", ""--random-perturb"": null, ""--serve-box"": null, ""--space-perturb-m"": 0.2, ""--space-perturb-min-m"": 0.0, ""--spatial-perturb-target"": ""ballstate""}",99,False,miss,0.31276,1.883328,0.205256,0.0,0.0,1.17,1.0,1.2,0.0,0.31276,0.0,1.39,
exp20c_shared_targets,ablationnone__ballspeed9__noplot__perturbsignrandom__randomperturb__servebox__spaceperturbm0.2__spaceperturbminm0.0__spatialperturbtargetballstate,"{""--ablation"": ""none"", ""--ball-speed"": 9, ""--no-plot"": null, ""--perturb-sign"": ""random"", ""--random-perturb"": null, ""--serve-box"": null, ""--space-perturb-m"": 0.2, ""--space-perturb-min-m"": 0.0, ""--spatial-perturb-target"": ""ballstate""}",89,True,active,0.063926,2.000644,0.054341,35.0,0.0,1.8,0.99,1.5,15.0,0.063926,1.796,2.54,
exp20c_shared_targets,ablationnone__ballspeed9__noplot__perturbsignrandom__randomperturb__servebox__spaceperturbm0.2__spaceperturbminm0.0__spatialperturbtargetballstate,"{""--ablation"": ""none"", ""--ball-speed"": 9, ""--no-plot"": null, ""--perturb-sign"": ""random"", ""--random-perturb"": null, ""--serve-box"": null, ""--space-perturb-m"": 0.2, ""--space-perturb-min-m"": 0.0, ""--spatial-perturb-target"": ""ballstate""}",100,True,active,0.04771,1.960189,0.043999,45.0,0.0,1.53,0.99,1.7,10.0,0.04771,1.355,1.45,
exp20c_shared_targets,ablationnone__ballspeed9__noplot__perturbsignrandom__randomperturb__servebox__spaceperturbm0.2__spaceperturbminm0.0__spatialperturbtargetballstate,"{""--ablation"": ""none"", ""--ball-speed"": 9, ""--no-plot"": null, ""--perturb-sign"": ""random"", ""--random-perturb"": null, ""--serve-box"": null, ""--space-perturb-m"": 0.2, ""--space-perturb-min-m"": 0.0, ""--spatial-perturb-target"": ""ballstate""}",97,True,active,0.082868,1.919583,0.051651,0.0,0.0,1.97,0.99,2.8,20.0,0.082868,1.718,2.01,
exp20c_shared_targets,ablationnone__ballspeed9__noplot__perturbsignrandom__randomperturb__servebox__spaceperturbm0.2__spaceperturbminm0.0__spatialperturbtargetballstate,"{""--ablation"": ""none"", ""--ball-speed"": 9, ""--no-plot"": null, ""--perturb-sign"": ""random"", ""--random-perturb"": null, ""--serve-box"": null, ""--space-perturb-m"": 0.2, ""--space-perturb-min-m"": 0.0, ""--spatial-perturb-target"": ""ballstate""}",90,True,active,0.084354,1.956709,0.078046,40.0,0.0,1.8,0.95,1.4,10.0,0.084354,1.448,2.87,
exp20c_shared_targets,ablationfull__ballspeed9__noplot__perturbsignrandom__randomperturb__servebox__spaceperturbm0.3__spaceperturbminm0.0__spatialperturbtargetballstate,"{""--ablation"": ""full"", ""--ball-speed"": 9, ""--no-plot"": null, ""--perturb-sign"": ""random"", ""--random-perturb"": null, ""--serve-box"": null, ""--space-perturb-m"": 0.3, ""--space-perturb-min-m"": 0.0, ""--spatial-perturb-target"": ""ballstate""}",1,True,active,0.099659,1.939107,0.096202,35.0,105.0,1.78,1.0,1.5,20.0,0.099659,1.622,1.49,
exp20c_shared_targets,ablationnone__ballspeed9__noplot__perturbsignrandom__randomperturb__servebox__spaceperturbm0.2__spaceperturbminm0.0__spatialperturbtargetballstate,"{""--ablation"": ""none"", ""--ball-speed"": 9, ""--no-plot"": null, ""--perturb-sign"": ""random"", ""--random-perturb"": null, ""--serve-box"": null, ""--space-perturb-m"": 0.2, ""--space-perturb-min-m"": 0.0, ""--spatial-perturb-target"": ""ballstate""}",92,False,miss,0.354496,1.951859,0.17898,10.0,0.0,1.75,1.0,1.4,0.0,0.354496,0.0,2.94,
exp20c_shared_targets,ablationfull__ballspeed9__noplot__perturbsignrandom__randomperturb__servebox__spaceperturbm0.3__spaceperturbminm0.0__spatialperturbtargetballstate,"{""--ablation"": ""full"", ""--ball-speed"": 9, ""--no-plot"": null, ""--perturb-sign"": ""random"", ""--random-perturb"": null, ""--serve-box"": null, ""--space-perturb-m"": 0.3, ""--space-perturb-min-m"": 0.0, ""--spatial-perturb-target"": ""ballstate""}",4,True,active,0.120986,1.979834,0.118097,35.0,105.0,1.8,1.0,1.5,20.0,0.120986,1.383,1.4,
exp20c_shared_targets,ablationnone__ballspeed9__noplot__perturbsignrandom__randomperturb__servebox__spaceperturbm0.2__spaceperturbminm0.0__spatialperturbtargetballstate,"{""--ablation"": ""none"", ""--ball-speed"": 9, ""--no-plot"": null, ""--perturb-sign"": ""random"", ""--random-perturb"": null, ""--serve-box"": null, ""--space-perturb-m"": 0.2, ""--space-perturb-min-m"": 0.0, ""--spatial-perturb-target"": ""ballstate""}",95,False,miss,0.300179,1.902125,0.170429,15.0,0.0,1.24,1.0,1.0,0.0,0.300179,0.0,2.91,
exp20c_shared_targets,ablationfull__ballspeed9__noplot__perturbsignrandom__randomperturb__servebox__spaceperturbm0.3__spaceperturbminm0.0__spatialperturbtargetballstate,"{""--ablation"": ""full"", ""--ball-speed"": 9, ""--no-plot"": null, ""--perturb-sign"": ""random"", ""--random-perturb"": null, ""--serve-box"": null, ""--space-perturb-m"": 0.3, ""--space-perturb-min-m"": 0.0, ""--spatial-perturb-target"": ""ballstate""}",6,True,active,0.026996,1.944984,0.008652,50.0,105.0,1.09,0.98,1.0,0.0,0.026996,0.392,1.44,
exp20c_shared_targets,ablationfull__ballspeed9__noplot__perturbsignrandom__randomperturb__servebox__spaceperturbm0.3__spaceperturbminm0.0__spatialperturbtargetballstate,"{""--ablation"": ""full"", ""--ball-speed"": 9, ""--no-plot"": null, ""--perturb-sign"": ""random"", ""--random-perturb"": null, ""--serve-box"": null, ""--space-perturb-m"": 0.3, ""--space-perturb-min-m"": 0.0, ""--spatial-perturb-target"": ""ballstate""}",7,True,active,0.037209,1.970176,0.037209,0.0,0.0,2.04,0.96,2.0,20.0,0.037209,1.699,1.41,
exp20c_shared_targets,ablationfull__ballspeed9__noplot__perturbsignrandom__randomperturb__servebox__spaceperturbm0.3__spaceperturbminm0.0__spatialperturbtargetballstate,"{""--ablation"": ""full"", ""--ball-speed"": 9, ""--no-plot"": null, ""--perturb-sign"": ""random"", ""--random-perturb"": null, ""--serve-box"": null, ""--space-perturb-m"": 0.3, ""--space-perturb-min-m"": 0.0, ""--spatial-perturb-target"": ""ballstate""}",2,True,active,0.098857,1.937766,0.034718,0.0,40.0,1.05,1.0,1.1,0.0,0.098857,0.382,2.08,
exp20c_shared_targets,ablationfull__ballspeed9__noplot__perturbsignrandom__randomperturb__servebox__spaceperturbm0.3__spaceperturbminm0.0__spatialperturbtargetballstate,"{""--ablation"": ""full"", ""--ball-speed"": 9, ""--no-plot"": null, ""--perturb-sign"": ""random"", ""--random-perturb"": null, ""--serve-box"": null, ""--space-perturb-m"": 0.3, ""--space-perturb-min-m"": 0.0, ""--spatial-perturb-target"": ""ballstate""}",8,True,passive,0.112178,1.967137,0.094127,35.0,105.0,1.22,1.0,1.3,5.0,0.112178,0.183,1.46,
exp20c_shared_targets,ablationfull__ballspeed9__noplot__perturbsignrandom__randomperturb__servebox__spaceperturbm0.3__spaceperturbminm0.0__spatialperturbtargetballstate,"{""--ablation"": ""full"", ""--ball-speed"": 9, ""--no-plot"": null, ""--perturb-sign"": ""random"", ""--random-perturb"": null, ""--serve-box"": null, ""--space-perturb-m"": 0.3, ""--space-perturb-min-m"": 0.0, ""--spatial-perturb-target"": ""ballstate""}",20,,,,,,,,,,,,,,0.18,no_result
exp20c_shared_targets,ablationfull__ballspeed9__noplot__perturbsignrandom__randomperturb__servebox__spaceperturbm0.3__spaceperturbminm0.0__spatialperturbtargetballstate,"{""--ablation"": ""full"", ""--ball-speed"": 9, ""--no-plot"": null, ""--perturb-sign"": ""random"", ""--random-perturb"": null, ""--serve-box"": null, ""--space-perturb-m"": 0.3, ""--space-perturb-min-m"": 0.0, ""--spatial-perturb-target"": ""ballstate""}",11,False,miss,0.345415,1.946465,0.203068,0.0,0.0,1.6,1.0,1.7,0.0,0.345415,0.0,1.48,
exp20c_shared_targets,ablationfull__ballspeed9__noplot__perturbsignrandom__randomperturb__servebox__spaceperturbm0.3__spaceperturbminm0.0__spatialperturbtargetballstate,"{""--ablation"": ""full"", ""--ball-speed"": 9, ""--no-plot"": null, ""--perturb-sign"": ""random"", ""--random-perturb"": null, ""--serve-box"": null, ""--space-perturb-m"": 0.3, ""--space-perturb-min-m"": 0.0, ""--spatial-perturb-target"": ""ballstate""}",9,True,active,0.092265,1.943806,0.092265,30.0,105.0,1.74,0.96,2.0,15.0,0.092265,1.716,1.7,
exp20c_shared_targets,ablationfull__ballspeed9__noplot__perturbsignrandom__randomperturb__servebox__spaceperturbm0.3__spaceperturbminm0.0__spatialperturbtargetballstate,"{""--ablation"": ""full"", ""--ball-speed"": 9, ""--no-plot"": null, ""--perturb-sign"": ""random"", ""--random-perturb"": null, ""--serve-box"": null, ""--space-perturb-m"": 0.3, ""--space-perturb-min-m"": 0.0, ""--spatial-perturb-target"": ""ballstate""}",21,,,,,,,,,,,,,,0.26,no_result
exp20c_shared_targets,ablationfull__ballspeed9__noplot__perturbsignrandom__randomperturb__servebox__spaceperturbm0.3__spaceperturbminm0.0__spatialperturbtargetballstate,"{""--ablation"": ""full"", ""--ball-speed"": 9, ""--no-plot"": null, ""--perturb-sign"": ""random"", ""--random-perturb"": null, ""--serve-box"": null, ""--space-perturb-m"": 0.3, ""--space-perturb-min-m"": 0.0, ""--spatial-perturb-target"": ""ballstate""}",3,True,active,0.086619,1.964573,0.086619,35.0,105.0,1.83,1.1,1.8,30.0,0.086619,1.728,2.49,
exp20c_shared_targets,ablationfull__ballspeed9__noplot__perturbsignrandom__randomperturb__servebox__spaceperturbm0.3__spaceperturbminm0.0__spatialperturbtargetballstate,"{""--ablation"": ""full"", ""--ball-speed"": 9, ""--no-plot"": null, ""--perturb-sign"": ""random"", ""--random-perturb"": null, ""--serve-box"": null, ""--space-perturb-m"": 0.3, ""--space-perturb-min-m"": 0.0, ""--spatial-perturb-target"": ""ballstate""}",5,True,active,0.100258,1.938552,0.08021,0.0,0.0,1.78,1.0,1.5,20.0,0.100258,1.659,2.34,
exp20c_shared_targets,ablationfull__ballspeed9__noplot__perturbsignrandom__randomperturb__servebox__spaceperturbm0.3__spaceperturbminm0.0__spatialperturbtargetballstate,"{""--ablation"": ""full"", ""--ball-speed"": 9, ""--no-plot"": null, ""--perturb-sign"": ""random"", ""--random-perturb"": null, ""--serve-box"": null, ""--space-perturb-m"": 0.3, ""--space-perturb-min-m"": 0.0, ""--spatial-perturb-target"": ""ballstate""}",12,True,active,0.073796,1.984785,0.073796,35.0,105.0,1.8,0.97,1.8,20.0,0.073796,1.763,1.8,
exp20c_shared_targets,ablationfull__ballspeed9__noplot__perturbsignrandom__randomperturb__servebox__spaceperturbm0.3__spaceperturbminm0.0__spatialperturbtargetballstate,"{""--ablation"": ""full"", ""--ball-speed"": 9, ""--no-plot"": null, ""--perturb-sign"": ""random"", ""--random-perturb"": null, ""--serve-box"": null, ""--space-perturb-m"": 0.3, ""--space-perturb-min-m"": 0.0, ""--spatial-perturb-target"": ""ballstate""}",15,False,miss,0.356558,1.930867,0.172704,0.0,0.0,1.79,0.99,2.3,0.0,0.356558,0.0,1.42,
exp20c_shared_targets,ablationfull__ballspeed9__noplot__perturbsignrandom__randomperturb__servebox__spaceperturbm0.3__spaceperturbminm0.0__spatialperturbtargetballstate,"{""--ablation"": ""full"", ""--ball-speed"": 9, ""--no-plot"": null, ""--perturb-sign"": ""random"", ""--random-perturb"": null, ""--serve-box"": null, ""--space-perturb-m"": 0.3, ""--space-perturb-min-m"": 0.0, ""--spatial-perturb-target"": ""ballstate""}",17,True,active,0.023372,1.955581,0.023372,35.0,80.0,1.63,1.0,1.9,5.0,0.023372,0.717,1.38,
exp20c_shared_targets,ablationfull__ballspeed9__noplot__perturbsignrandom__randomperturb__servebox__spaceperturbm0.3__spaceperturbminm0.0__spatialperturbtargetballstate,"{""--ablation"": ""full"", ""--ball-speed"": 9, ""--no-plot"": null, ""--perturb-sign"": ""random"", ""--random-perturb"": null, ""--serve-box"": null, ""--space-perturb-m"": 0.3, ""--space-perturb-min-m"": 0.0, ""--spatial-perturb-target"": ""ballstate""}",10,True,active,0.042483,1.969232,0.042483,40.0,105.0,1.96,0.99,2.0,15.0,0.042483,1.779,2.43,
exp20c_shared_targets,ablationfull__ballspeed9__noplot__perturbsignrandom__randomperturb__servebox__spaceperturbm0.3__spaceperturbminm0.0__spatialperturbtargetballstate,"{""--ablation"": ""full"", ""--ball-speed"": 9, ""--no-plot"": null, ""--perturb-sign"": ""random"", ""--random-perturb"": null, ""--serve-box"": null, ""--space-perturb-m"": 0.3, ""--space-perturb-min-m"": 0.0, ""--spatial-perturb-target"": ""ballstate""}",18,True,active,0.099,1.931863,0.08538,35.0,105.0,1.8,0.99,1.7,20.0,0.099,1.651,1.38,
exp20c_shared_targets,ablationfull__ballspeed9__noplot__perturbsignrandom__randomperturb__servebox__spaceperturbm0.3__spaceperturbminm0.0__spatialperturbtargetballstate,"{""--ablation"": ""full"", ""--ball-speed"": 9, ""--no-plot"": null, ""--perturb-sign"": ""random"", ""--random-perturb"": null, ""--serve-box"": null, ""--space-perturb-m"": 0.3, ""--space-perturb-min-m"": 0.0, ""--spatial-perturb-target"": ""ballstate""}",16,True,active,0.095938,1.931584,0.086798,0.0,0.0,1.8,1.09,2.0,30.0,0.095938,1.463,1.51,
exp20c_shared_targets,ablationfull__ballspeed9__noplot__perturbsignrandom__randomperturb__servebox__spaceperturbm0.3__spaceperturbminm0.0__spatialperturbtargetballstate,"{""--ablation"": ""full"", ""--ball-speed"": 9, ""--no-plot"": null, ""--perturb-sign"": ""random"", ""--random-perturb"": null, ""--serve-box"": null, ""--space-perturb-m"": 0.3, ""--space-perturb-min-m"": 0.0, ""--spatial-perturb-target"": ""ballstate""}",14,True,active,0.064226,1.911107,0.064226,40.0,105.0,1.12,0.98,1.4,5.0,0.064226,0.862,1.84,
exp20c_shared_targets,ablationfull__ballspeed9__noplot__perturbsignrandom__randomperturb__servebox__spaceperturbm0.3__spaceperturbminm0.0__spatialperturbtargetballstate,"{""--ablation"": ""full"", ""--ball-speed"": 9, ""--no-plot"": null, ""--perturb-sign"": ""random"", ""--random-perturb"": null, ""--serve-box"": null, ""--space-perturb-m"": 0.3, ""--space-perturb-min-m"": 0.0, ""--spatial-perturb-target"": ""ballstate""}",19,True,active,0.037211,1.953399,0.037211,20.0,70.0,1.8,0.94,1.6,15.0,0.037211,1.745,1.76,
exp20c_shared_targets,ablationfull__ballspeed9__noplot__perturbsignrandom__randomperturb__servebox__spaceperturbm0.3__spaceperturbminm0.0__spatialperturbtargetballstate,"{""--ablation"": ""full"", ""--ball-speed"": 9, ""--no-plot"": null, ""--perturb-sign"": ""random"", ""--random-perturb"": null, ""--serve-box"": null, ""--space-perturb-m"": 0.3, ""--space-perturb-min-m"": 0.0, ""--spatial-perturb-target"": ""ballstate""}",13,True,active,0.097232,1.963829,0.096865,35.0,105.0,1.81,1.0,1.8,25.0,0.097232,1.74,2.61,
exp20c_shared_targets,ablationfull__ballspeed9__noplot__perturbsignrandom__randomperturb__servebox__spaceperturbm0.3__spaceperturbminm0.0__spatialperturbtargetballstate,"{""--ablation"": ""full"", ""--ball-speed"": 9, ""--no-plot"": null, ""--perturb-sign"": ""random"", ""--random-perturb"": null, ""--serve-box"": null, ""--space-perturb-m"": 0.3, ""--space-perturb-min-m"": 0.0, ""--spatial-perturb-target"": ""ballstate""}",25,True,active,0.142557,1.951009,0.135422,35.0,105.0,1.81,0.99,1.7,15.0,0.142557,1.271,1.46,
exp20c_shared_targets,ablationfull__ballspeed9__noplot__perturbsignrandom__randomperturb__servebox__spaceperturbm0.3__spaceperturbminm0.0__spatialperturbtargetballstate,"{""--ablation"": ""full"", ""--ball-speed"": 9, ""--no-plot"": null, ""--perturb-sign"": ""random"", ""--random-perturb"": null, ""--serve-box"": null, ""--space-perturb-m"": 0.3, ""--space-perturb-min-m"": 0.0, ""--spatial-perturb-target"": ""ballstate""}",24,False,miss,0.226255,1.951917,5.88139,0.0,0.0,1.02,0.27,0.8,0.0,0.226255,0.0,1.52,
exp20c_shared_targets,ablationfull__ballspeed9__noplot__perturbsignrandom__randomperturb__servebox__spaceperturbm0.3__spaceperturbminm0.0__spatialperturbtargetballstate,"{""--ablation"": ""full"", ""--ball-speed"": 9, ""--no-plot"": null, ""--perturb-sign"": ""random"", ""--random-perturb"": null, ""--serve-box"": null, ""--space-perturb-m"": 0.3, ""--space-perturb-min-m"": 0.0, ""--spatial-perturb-target"": ""ballstate""}",26,True,active,0.079097,1.945843,0.079097,35.0,105.0,1.8,1.0,1.5,15.0,0.079097,1.67,1.63,
exp20c_shared_targets,ablationfull__ballspeed9__noplot__perturbsignrandom__randomperturb__servebox__spaceperturbm0.3__spaceperturbminm0.0__spatialperturbtargetballstate,"{""--ablation"": ""full"", ""--ball-speed"": 9, ""--no-plot"": null, ""--perturb-sign"": ""random"", ""--random-perturb"": null, ""--serve-box"": null, ""--space-perturb-m"": 0.3, ""--space-perturb-min-m"": 0.0, ""--spatial-perturb-target"": ""ballstate""}",27,False,miss,0.219917,1.90379,0.189023,0.0,0.0,1.2,1.0,1.3,0.0,0.219917,0.0,1.5,
exp20c_shared_targets,ablationfull__ballspeed9__noplot__perturbsignrandom__randomperturb__servebox__spaceperturbm0.3__spaceperturbminm0.0__spatialperturbtargetballstate,"{""--ablation"": ""full"", ""--ball-speed"": 9, ""--no-plot"": null, ""--perturb-sign"": ""random"", ""--random-perturb"": null, ""--serve-box"": null, ""--space-perturb-m"": 0.3, ""--space-perturb-min-m"": 0.0, ""--spatial-perturb-target"": ""ballstate""}",22,True,active,0.061206,1.902165,0.05998,40.0,105.0,2.44,1.43,1.9,50.0,0.061206,1.483,2.21,
exp20c_shared_targets,ablationfull__ballspeed9__noplot__perturbsignrandom__randomperturb__servebox__spaceperturbm0.3__spaceperturbminm0.0__spatialperturbtargetballstate,"{""--ablation"": ""full"", ""--ball-speed"": 9, ""--no-plot"": null, ""--perturb-sign"": ""random"", ""--random-perturb"": null, ""--serve-box"": null, ""--space-perturb-m"": 0.3, ""--space-perturb-min-m"": 0.0, ""--spatial-perturb-target"": ""ballstate""}",29,True,active,0.063137,1.898744,0.063137,50.0,105.0,1.26,0.99,1.6,15.0,0.063137,0.965,1.41,
exp20c_shared_targets,ablationfull__ballspeed9__noplot__perturbsignrandom__randomperturb__servebox__spaceperturbm0.3__spaceperturbminm0.0__spatialperturbtargetballstate,"{""--ablation"": ""full"", ""--ball-speed"": 9, ""--no-plot"": null, ""--perturb-sign"": ""random"", ""--random-perturb"": null, ""--serve-box"": null, ""--space-perturb-m"": 0.3, ""--space-perturb-min-m"": 0.0, ""--spatial-perturb-target"": ""ballstate""}",33,True,active,0.095606,1.989194,0.087369,40.0,105.0,1.61,0.98,1.2,10.0,0.095606,1.508,1.37,
exp20c_shared_targets,ablationfull__ballspeed9__noplot__perturbsignrandom__randomperturb__servebox__spaceperturbm0.3__spaceperturbminm0.0__spatialperturbtargetballstate,"{""--ablation"": ""full"", ""--ball-speed"": 9, ""--no-plot"": null, ""--perturb-sign"": ""random"", ""--random-perturb"": null, ""--serve-box"": null, ""--space-perturb-m"": 0.3, ""--space-perturb-min-m"": 0.0, ""--spatial-perturb-target"": ""ballstate""}",32,True,active,0.077614,1.953577,0.077614,40.0,105.0,1.4,0.91,1.6,15.0,0.077614,1.182,1.43,
exp20c_shared_targets,ablationfull__ballspeed9__noplot__perturbsignrandom__randomperturb__servebox__spaceperturbm0.3__spaceperturbminm0.0__spatialperturbtargetballstate,"{""--ablation"": ""full"", ""--ball-speed"": 9, ""--no-plot"": null, ""--perturb-sign"": ""random"", ""--random-perturb"": null, ""--serve-box"": null, ""--space-perturb-m"": 0.3, ""--space-perturb-min-m"": 0.0, ""--spatial-perturb-target"": ""ballstate""}",34,True,active,0.110059,1.968541,0.110059,35.0,105.0,1.8,1.0,1.5,15.0,0.110059,1.685,1.4,
exp20c_shared_targets,ablationfull__ballspeed9__noplot__perturbsignrandom__randomperturb__servebox__spaceperturbm0.3__spaceperturbminm0.0__spatialperturbtargetballstate,"{""--ablation"": ""full"", ""--ball-speed"": 9, ""--no-plot"": null, ""--perturb-sign"": ""random"", ""--random-perturb"": null, ""--serve-box"": null, ""--space-perturb-m"": 0.3, ""--space-perturb-min-m"": 0.0, ""--spatial-perturb-target"": ""ballstate""}",23,True,active,0.014914,1.967519,0.014914,45.0,85.0,1.39,0.97,1.5,5.0,0.014914,0.967,2.87,
exp20c_shared_targets,ablationfull__ballspeed9__noplot__perturbsignrandom__randomperturb__servebox__spaceperturbm0.3__spaceperturbminm0.0__spatialperturbtargetballstate,"{""--ablation"": ""full"", ""--ball-speed"": 9, ""--no-plot"": null, ""--perturb-sign"": ""random"", ""--random-perturb"": null, ""--serve-box"": null, ""--space-perturb-m"": 0.3, ""--space-perturb-min-m"": 0.0, ""--spatial-perturb-target"": ""ballstate""}",28,False,miss,0.353182,1.931907,0.129372,0.0,0.0,1.77,0.99,1.5,0.0,0.353182,0.0,2.42,
exp20c_shared_targets,ablationfull__ballspeed9__noplot__perturbsignrandom__randomperturb__servebox__spaceperturbm0.3__spaceperturbminm0.0__spatialperturbtargetballstate,"{""--ablation"": ""full"", ""--ball-speed"": 9, ""--no-plot"": null, ""--perturb-sign"": ""random"", ""--random-perturb"": null, ""--serve-box"": null, ""--space-perturb-m"": 0.3, ""--space-perturb-min-m"": 0.0, ""--spatial-perturb-target"": ""ballstate""}",38,False,miss,0.364311,1.965726,0.153146,20.0,0.0,1.8,1.0,1.8,0.0,0.364311,0.0,1.34,
exp20c_shared_targets,ablationfull__ballspeed9__noplot__perturbsignrandom__randomperturb__servebox__spaceperturbm0.3__spaceperturbminm0.0__spatialperturbtargetballstate,"{""--ablation"": ""full"", ""--ball-speed"": 9, ""--no-plot"": null, ""--perturb-sign"": ""random"", ""--random-perturb"": null, ""--serve-box"": null, ""--space-perturb-m"": 0.3, ""--space-perturb-min-m"": 0.0, ""--spatial-perturb-target"": ""ballstate""}",31,False,miss,0.400075,1.954046,0.150597,20.0,0.0,1.8,0.99,1.8,0.0,0.400075,0.0,2.62,
exp20c_shared_targets,ablationfull__ballspeed9__noplot__perturbsignrandom__randomperturb__servebox__spaceperturbm0.3__spaceperturbminm0.0__spatialperturbtargetballstate,"{""--ablation"": ""full"", ""--ball-speed"": 9, ""--no-plot"": null, ""--perturb-sign"": ""random"", ""--random-perturb"": null, ""--serve-box"": null, ""--space-perturb-m"": 0.3, ""--space-perturb-min-m"": 0.0, ""--spatial-perturb-target"": ""ballstate""}",37,False,miss,0.580609,1.759903,0.364379,0.0,0.0,2.47,1.8,3.0,0.0,0.580609,0.0,1.79,
exp20c_shared_targets,ablationfull__ballspeed9__noplot__perturbsignrandom__randomperturb__servebox__spaceperturbm0.3__spaceperturbminm0.0__spatialperturbtargetballstate,"{""--ablation"": ""full"", ""--ball-speed"": 9, ""--no-plot"": null, ""--perturb-sign"": ""random"", ""--random-perturb"": null, ""--serve-box"": null, ""--space-perturb-m"": 0.3, ""--space-perturb-min-m"": 0.0, ""--spatial-perturb-target"": ""ballstate""}",30,True,active,0.114287,1.956571,0.108248,35.0,105.0,1.79,0.99,1.7,20.0,0.114287,1.723,2.7,
exp20c_shared_targets,ablationfull__ballspeed9__noplot__perturbsignrandom__randomperturb__servebox__spaceperturbm0.3__spaceperturbminm0.0__spatialperturbtargetballstate,"{""--ablation"": ""full"", ""--ball-speed"": 9, ""--no-plot"": null, ""--perturb-sign"": ""random"", ""--random-perturb"": null, ""--serve-box"": null, ""--space-perturb-m"": 0.3, ""--space-perturb-min-m"": 0.0, ""--spatial-perturb-target"": ""ballstate""}",36,True,active,0.061266,1.948742,0.061266,35.0,105.0,1.8,0.96,1.9,15.0,0.061266,1.802,1.85,
exp20c_shared_targets,ablationfull__ballspeed9__noplot__perturbsignrandom__randomperturb__servebox__spaceperturbm0.3__spaceperturbminm0.0__spatialperturbtargetballstate,"{""--ablation"": ""full"", ""--ball-speed"": 9, ""--no-plot"": null, ""--perturb-sign"": ""random"", ""--random-perturb"": null, ""--serve-box"": null, ""--space-perturb-m"": 0.3, ""--space-perturb-min-m"": 0.0, ""--spatial-perturb-target"": ""ballstate""}",41,True,active,0.072913,1.984414,0.072913,35.0,105.0,1.8,1.0,1.7,5.0,0.072913,1.21,1.37,
exp20c_shared_targets,ablationfull__ballspeed9__noplot__perturbsignrandom__randomperturb__servebox__spaceperturbm0.3__spaceperturbminm0.0__spatialperturbtargetballstate,"{""--ablation"": ""full"", ""--ball-speed"": 9, ""--no-plot"": null, ""--perturb-sign"": ""random"", ""--random-perturb"": null, ""--serve-box"": null, ""--space-perturb-m"": 0.3, ""--space-perturb-min-m"": 0.0, ""--spatial-perturb-target"": ""ballstate""}",40,True,active,0.077458,1.950048,0.062179,40.0,105.0,1.79,0.99,1.9,15.0,0.077458,1.756,1.39,
exp20c_shared_targets,ablationfull__ballspeed9__noplot__perturbsignrandom__randomperturb__servebox__spaceperturbm0.3__spaceperturbminm0.0__spatialperturbtargetballstate,"{""--ablation"": ""full"", ""--ball-speed"": 9, ""--no-plot"": null, ""--perturb-sign"": ""random"", ""--random-perturb"": null, ""--serve-box"": null, ""--space-perturb-m"": 0.3, ""--space-perturb-min-m"": 0.0, ""--spatial-perturb-target"": ""ballstate""}",39,True,active,0.088597,1.899065,0.088597,40.0,105.0,1.47,1.0,1.6,10.0,0.088597,1.386,1.6,
exp20c_shared_targets,ablationfull__ballspeed9__noplot__perturbsignrandom__randomperturb__servebox__spaceperturbm0.3__spaceperturbminm0.0__spatialperturbtargetballstate,"{""--ablation"": ""full"", ""--ball-speed"": 9, ""--no-plot"": null, ""--perturb-sign"": ""random"", ""--random-perturb"": null, ""--serve-box"": null, ""--space-perturb-m"": 0.3, ""--space-perturb-min-m"": 0.0, ""--spatial-perturb-target"": ""ballstate""}",43,False,miss,0.39671,1.916343,0.220294,0.0,0.0,1.74,1.0,1.7,0.0,0.39671,0.0,1.37,
exp20c_shared_targets,ablationfull__ballspeed9__noplot__perturbsignrandom__randomperturb__servebox__spaceperturbm0.3__spaceperturbminm0.0__spatialperturbtargetballstate,"{""--ablation"": ""full"", ""--ball-speed"": 9, ""--no-plot"": null, ""--perturb-sign"": ""random"", ""--random-perturb"": null, ""--serve-box"": null, ""--space-perturb-m"": 0.3, ""--space-perturb-min-m"": 0.0, ""--spatial-perturb-target"": ""ballstate""}",35,True,active,0.045947,1.9398,0.036586,0.0,0.0,1.89,0.98,2.1,25.0,0.045947,1.787,2.59,
exp20c_shared_targets,ablationfull__ballspeed9__noplot__perturbsignrandom__randomperturb__servebox__spaceperturbm0.3__spaceperturbminm0.0__spatialperturbtargetballstate,"{""--ablation"": ""full"", ""--ball-speed"": 9, ""--no-plot"": null, ""--perturb-sign"": ""random"", ""--random-perturb"": null, ""--serve-box"": null, ""--space-perturb-m"": 0.3, ""--space-perturb-min-m"": 0.0, ""--spatial-perturb-target"": ""ballstate""}",44,False,miss,0.403509,1.934124,0.211254,0.0,0.0,1.8,1.0,1.9,0.0,0.403509,0.0,1.57,
exp20c_shared_targets,ablationfull__ballspeed9__noplot__perturbsignrandom__randomperturb__servebox__spaceperturbm0.3__spaceperturbminm0.0__spatialperturbtargetballstate,"{""--ablation"": ""full"", ""--ball-speed"": 9, ""--no-plot"": null, ""--perturb-sign"": ""random"", ""--random-perturb"": null, ""--serve-box"": null, ""--space-perturb-m"": 0.3, ""--space-perturb-min-m"": 0.0, ""--spatial-perturb-target"": ""ballstate""}",42,False,miss,0.39774,1.97062,0.168223,15.0,0.0,1.76,1.0,1.6,0.0,0.39774,0.0,2.0,
exp20c_shared_targets,ablationfull__ballspeed9__noplot__perturbsignrandom__randomperturb__servebox__spaceperturbm0.3__spaceperturbminm0.0__spatialperturbtargetballstate,"{""--ablation"": ""full"", ""--ball-speed"": 9, ""--no-plot"": null, ""--perturb-sign"": ""random"", ""--random-perturb"": null, ""--serve-box"": null, ""--space-perturb-m"": 0.3, ""--space-perturb-min-m"": 0.0, ""--spatial-perturb-target"": ""ballstate""}",45,True,active,0.071651,1.957441,0.071651,35.0,105.0,1.78,0.96,1.9,20.0,0.071651,1.757,1.53,
exp20c_shared_targets,ablationfull__ballspeed9__noplot__perturbsignrandom__randomperturb__servebox__spaceperturbm0.3__spaceperturbminm0.0__spatialperturbtargetballstate,"{""--ablation"": ""full"", ""--ball-speed"": 9, ""--no-plot"": null, ""--perturb-sign"": ""random"", ""--random-perturb"": null, ""--serve-box"": null, ""--space-perturb-m"": 0.3, ""--space-perturb-min-m"": 0.0, ""--spatial-perturb-target"": ""ballstate""}",49,True,active,0.13987,1.990966,0.136276,30.0,85.0,1.75,1.0,1.7,15.0,0.13987,1.529,1.39,
exp20c_shared_targets,ablationfull__ballspeed9__noplot__perturbsignrandom__randomperturb__servebox__spaceperturbm0.3__spaceperturbminm0.0__spatialperturbtargetballstate,"{""--ablation"": ""full"", ""--ball-speed"": 9, ""--no-plot"": null, ""--perturb-sign"": ""random"", ""--random-perturb"": null, ""--serve-box"": null, ""--space-perturb-m"": 0.3, ""--space-perturb-min-m"": 0.0, ""--spatial-perturb-target"": ""ballstate""}",46,True,active,0.123717,1.947128,0.11631,30.0,105.0,1.79,1.0,1.7,10.0,0.123717,0.422,1.81,
exp20c_shared_targets,ablationfull__ballspeed9__noplot__perturbsignrandom__randomperturb__servebox__spaceperturbm0.3__spaceperturbminm0.0__spatialperturbtargetballstate,"{""--ablation"": ""full"", ""--ball-speed"": 9, ""--no-plot"": null, ""--perturb-sign"": ""random"", ""--random-perturb"": null, ""--serve-box"": null, ""--space-perturb-m"": 0.3, ""--space-perturb-min-m"": 0.0, ""--spatial-perturb-target"": ""ballstate""}",50,False,miss,0.372369,1.918867,0.168415,15.0,0.0,1.7,1.0,1.4,0.0,0.372369,0.0,1.51,
exp20c_shared_targets,ablationfull__ballspeed9__noplot__perturbsignrandom__randomperturb__servebox__spaceperturbm0.3__spaceperturbminm0.0__spatialperturbtargetballstate,"{""--ablation"": ""full"", ""--ball-speed"": 9, ""--no-plot"": null, ""--perturb-sign"": ""random"", ""--random-perturb"": null, ""--serve-box"": null, ""--space-perturb-m"": 0.3, ""--space-perturb-min-m"": 0.0, ""--spatial-perturb-target"": ""ballstate""}",54,False,miss,0.298382,1.940627,0.15084,0.0,0.0,1.39,1.0,1.4,0.0,0.298382,0.0,1.49,
exp20c_shared_targets,ablationfull__ballspeed9__noplot__perturbsignrandom__randomperturb__servebox__spaceperturbm0.3__spaceperturbminm0.0__spatialperturbtargetballstate,"{""--ablation"": ""full"", ""--ball-speed"": 9, ""--no-plot"": null, ""--perturb-sign"": ""random"", ""--random-perturb"": null, ""--serve-box"": null, ""--space-perturb-m"": 0.3, ""--space-perturb-min-m"": 0.0, ""--spatial-perturb-target"": ""ballstate""}",53,True,active,0.094082,2.001157,0.042154,0.0,0.0,1.8,1.0,2.0,30.0,0.094082,1.715,1.67,
exp20c_shared_targets,ablationfull__ballspeed9__noplot__perturbsignrandom__randomperturb__servebox__spaceperturbm0.3__spaceperturbminm0.0__spatialperturbtargetballstate,"{""--ablation"": ""full"", ""--ball-speed"": 9, ""--no-plot"": null, ""--perturb-sign"": ""random"", ""--random-perturb"": null, ""--serve-box"": null, ""--space-perturb-m"": 0.3, ""--space-perturb-min-m"": 0.0, ""--spatial-perturb-target"": ""ballstate""}",51,False,miss,0.440008,1.901346,0.312108,0.0,0.0,1.29,1.0,1.3,0.0,0.440008,0.0,1.8,
exp20c_shared_targets,ablationfull__ballspeed9__noplot__perturbsignrandom__randomperturb__servebox__spaceperturbm0.3__spaceperturbminm0.0__spatialperturbtargetballstate,"{""--ablation"": ""full"", ""--ball-speed"": 9, ""--no-plot"": null, ""--perturb-sign"": ""random"", ""--random-perturb"": null, ""--serve-box"": null, ""--space-perturb-m"": 0.3, ""--space-perturb-min-m"": 0.0, ""--spatial-perturb-target"": ""ballstate""}",56,True,active,0.117671,1.935598,0.115376,10.0,30.0,1.78,0.99,2.3,15.0,0.117671,1.701,1.53,
exp20c_shared_targets,ablationfull__ballspeed9__noplot__perturbsignrandom__randomperturb__servebox__spaceperturbm0.3__spaceperturbminm0.0__spatialperturbtargetballstate,"{""--ablation"": ""full"", ""--ball-speed"": 9, ""--no-plot"": null, ""--perturb-sign"": ""random"", ""--random-perturb"": null, ""--serve-box"": null, ""--space-perturb-m"": 0.3, ""--space-perturb-min-m"": 0.0, ""--spatial-perturb-target"": ""ballstate""}",58,True,active,0.037753,1.878652,0.037753,45.0,105.0,1.59,0.94,1.3,10.0,0.037753,1.117,1.52,
exp20c_shared_targets,ablationfull__ballspeed9__noplot__perturbsignrandom__randomperturb__servebox__spaceperturbm0.3__spaceperturbminm0.0__spatialperturbtargetballstate,"{""--ablation"": ""full"", ""--ball-speed"": 9, ""--no-plot"": null, ""--perturb-sign"": ""random"", ""--random-perturb"": null, ""--serve-box"": null, ""--space-perturb-m"": 0.3, ""--space-perturb-min-m"": 0.0, ""--spatial-perturb-target"": ""ballstate""}",57,True,active,0.110969,1.94231,0.100302,0.0,0.0,1.78,0.91,1.9,25.0,0.110969,1.728,1.61,
exp20c_shared_targets,ablationfull__ballspeed9__noplot__perturbsignrandom__randomperturb__servebox__spaceperturbm0.3__spaceperturbminm0.0__spatialperturbtargetballstate,"{""--ablation"": ""full"", ""--ball-speed"": 9, ""--no-plot"": null, ""--perturb-sign"": ""random"", ""--random-perturb"": null, ""--serve-box"": null, ""--space-perturb-m"": 0.3, ""--space-perturb-min-m"": 0.0, ""--spatial-perturb-target"": ""ballstate""}",52,True,active,0.102947,1.957128,0.086048,30.0,80.0,1.78,0.98,1.6,25.0,0.102947,1.754,2.27,
exp20c_shared_targets,ablationfull__ballspeed9__noplot__perturbsignrandom__randomperturb__servebox__spaceperturbm0.3__spaceperturbminm0.0__spatialperturbtargetballstate,"{""--ablation"": ""full"", ""--ball-speed"": 9, ""--no-plot"": null, ""--perturb-sign"": ""random"", ""--random-perturb"": null, ""--serve-box"": null, ""--space-perturb-m"": 0.3, ""--space-perturb-min-m"": 0.0, ""--spatial-perturb-target"": ""ballstate""}",47,False,miss,0.325137,1.933916,0.229778,0.0,0.0,1.21,0.99,1.0,0.0,0.325137,0.0,2.89,
exp20c_shared_targets,ablationfull__ballspeed9__noplot__perturbsignrandom__randomperturb__servebox__spaceperturbm0.3__spaceperturbminm0.0__spatialperturbtargetballstate,"{""--ablation"": ""full"", ""--ball-speed"": 9, ""--no-plot"": null, ""--perturb-sign"": ""random"", ""--random-perturb"": null, ""--serve-box"": null, ""--space-perturb-m"": 0.3, ""--space-perturb-min-m"": 0.0, ""--spatial-perturb-target"": ""ballstate""}",48,True,active,0.136503,1.96701,0.118364,40.0,100.0,1.78,1.0,1.6,15.0,0.136503,1.603,2.83,
exp20c_shared_targets,ablationfull__ballspeed9__noplot__perturbsignrandom__randomperturb__servebox__spaceperturbm0.3__spaceperturbminm0.0__spatialperturbtargetballstate,"{""--ablation"": ""full"", ""--ball-speed"": 9, ""--no-plot"": null, ""--perturb-sign"": ""random"", ""--random-perturb"": null, ""--serve-box"": null, ""--space-perturb-m"": 0.3, ""--space-perturb-min-m"": 0.0, ""--spatial-perturb-target"": ""ballstate""}",60,False,miss,0.349627,1.946966,0.190316,0.0,0.0,1.74,1.0,1.2,0.0,0.349627,0.0,1.43,
exp20c_shared_targets,ablationfull__ballspeed9__noplot__perturbsignrandom__randomperturb__servebox__spaceperturbm0.3__spaceperturbminm0.0__spatialperturbtargetballstate,"{""--ablation"": ""full"", ""--ball-speed"": 9, ""--no-plot"": null, ""--perturb-sign"": ""random"", ""--random-perturb"": null, ""--serve-box"": null, ""--space-perturb-m"": 0.3, ""--space-perturb-min-m"": 0.0, ""--spatial-perturb-target"": ""ballstate""}",62,True,active,0.151887,1.966308,0.148556,30.0,70.0,1.74,1.0,1.3,10.0,0.151887,1.575,1.43,
exp20c_shared_targets,ablationfull__ballspeed9__noplot__perturbsignrandom__randomperturb__servebox__spaceperturbm0.3__spaceperturbminm0.0__spatialperturbtargetballstate,"{""--ablation"": ""full"", ""--ball-speed"": 9, ""--no-plot"": null, ""--perturb-sign"": ""random"", ""--random-perturb"": null, ""--serve-box"": null, ""--space-perturb-m"": 0.3, ""--space-perturb-min-m"": 0.0, ""--spatial-perturb-target"": ""ballstate""}",55,False,miss,0.416785,1.918631,0.189871,0.0,0.0,1.78,0.98,1.9,0.0,0.416785,0.0,2.85,
exp20c_shared_targets,ablationfull__ballspeed9__noplot__perturbsignrandom__randomperturb__servebox__spaceperturbm0.3__spaceperturbminm0.0__spatialperturbtargetballstate,"{""--ablation"": ""full"", ""--ball-speed"": 9, ""--no-plot"": null, ""--perturb-sign"": ""random"", ""--random-perturb"": null, ""--serve-box"": null, ""--space-perturb-m"": 0.3, ""--space-perturb-min-m"": 0.0, ""--spatial-perturb-target"": ""ballstate""}",61,True,passive,0.034404,1.906142,0.025944,45.0,105.0,1.8,1.0,1.5,5.0,0.034404,0.206,1.58,
exp20c_shared_targets,ablationfull__ballspeed9__noplot__perturbsignrandom__randomperturb__servebox__spaceperturbm0.3__spaceperturbminm0.0__spatialperturbtargetballstate,"{""--ablation"": ""full"", ""--ball-speed"": 9, ""--no-plot"": null, ""--perturb-sign"": ""random"", ""--random-perturb"": null, ""--serve-box"": null, ""--space-perturb-m"": 0.3, ""--space-perturb-min-m"": 0.0, ""--spatial-perturb-target"": ""ballstate""}",64,False,miss,0.727526,1.723353,0.487033,0.0,0.0,2.78,2.25,2.8,0.0,0.727526,0.0,1.45,
exp20c_shared_targets,ablationfull__ballspeed9__noplot__perturbsignrandom__randomperturb__servebox__spaceperturbm0.3__spaceperturbminm0.0__spatialperturbtargetballstate,"{""--ablation"": ""full"", ""--ball-speed"": 9, ""--no-plot"": null, ""--perturb-sign"": ""random"", ""--random-perturb"": null, ""--serve-box"": null, ""--space-perturb-m"": 0.3, ""--space-perturb-min-m"": 0.0, ""--spatial-perturb-target"": ""ballstate""}",65,True,active,0.033251,1.947994,0.033251,40.0,95.0,1.8,1.0,2.0,20.0,0.033251,1.705,1.45,
exp20c_shared_targets,ablationfull__ballspeed9__noplot__perturbsignrandom__randomperturb__servebox__spaceperturbm0.3__spaceperturbminm0.0__spatialperturbtargetballstate,"{""--ablation"": ""full"", ""--ball-speed"": 9, ""--no-plot"": null, ""--perturb-sign"": ""random"", ""--random-perturb"": null, ""--serve-box"": null, ""--space-perturb-m"": 0.3, ""--space-perturb-min-m"": 0.0, ""--spatial-perturb-target"": ""ballstate""}",59,True,passive,0.097231,2.010235,0.088626,0.0,0.0,1.31,0.98,1.0,5.0,0.097231,0.273,2.43,
exp20c_shared_targets,ablationfull__ballspeed9__noplot__perturbsignrandom__randomperturb__servebox__spaceperturbm0.3__spaceperturbminm0.0__spatialperturbtargetballstate,"{""--ablation"": ""full"", ""--ball-speed"": 9, ""--no-plot"": null, ""--perturb-sign"": ""random"", ""--random-perturb"": null, ""--serve-box"": null, ""--space-perturb-m"": 0.3, ""--space-perturb-min-m"": 0.0, ""--spatial-perturb-target"": ""ballstate""}",63,True,active,0.039984,1.97671,0.039984,5.0,5.0,1.82,0.97,1.9,25.0,0.039984,1.405,2.33,
exp20c_shared_targets,ablationfull__ballspeed9__noplot__perturbsignrandom__randomperturb__servebox__spaceperturbm0.3__spaceperturbminm0.0__spatialperturbtargetballstate,"{""--ablation"": ""full"", ""--ball-speed"": 9, ""--no-plot"": null, ""--perturb-sign"": ""random"", ""--random-perturb"": null, ""--serve-box"": null, ""--space-perturb-m"": 0.3, ""--space-perturb-min-m"": 0.0, ""--spatial-perturb-target"": ""ballstate""}",66,True,active,0.094316,1.935476,0.091401,40.0,105.0,1.73,1.0,2.0,20.0,0.094316,1.512,2.0,
exp20c_shared_targets,ablationfull__ballspeed9__noplot__perturbsignrandom__randomperturb__servebox__spaceperturbm0.3__spaceperturbminm0.0__spatialperturbtargetballstate,"{""--ablation"": ""full"", ""--ball-speed"": 9, ""--no-plot"": null, ""--perturb-sign"": ""random"", ""--random-perturb"": null, ""--serve-box"": null, ""--space-perturb-m"": 0.3, ""--space-perturb-min-m"": 0.0, ""--spatial-perturb-target"": ""ballstate""}",71,False,miss,0.354295,1.940107,0.205161,0.0,0.0,1.79,1.0,1.4,0.0,0.354295,0.0,1.45,
exp20c_shared_targets,ablationfull__ballspeed9__noplot__perturbsignrandom__randomperturb__servebox__spaceperturbm0.3__spaceperturbminm0.0__spatialperturbtargetballstate,"{""--ablation"": ""full"", ""--ball-speed"": 9, ""--no-plot"": null, ""--perturb-sign"": ""random"", ""--random-perturb"": null, ""--serve-box"": null, ""--space-perturb-m"": 0.3, ""--space-perturb-min-m"": 0.0, ""--spatial-perturb-target"": ""ballstate""}",70,True,active,0.054713,1.981105,0.054713,35.0,105.0,1.05,1.0,1.2,10.0,0.054713,0.774,1.66,
exp20c_shared_targets,ablationfull__ballspeed9__noplot__perturbsignrandom__randomperturb__servebox__spaceperturbm0.3__spaceperturbminm0.0__spatialperturbtargetballstate,"{""--ablation"": ""full"", ""--ball-speed"": 9, ""--no-plot"": null, ""--perturb-sign"": ""random"", ""--random-perturb"": null, ""--serve-box"": null, ""--space-perturb-m"": 0.3, ""--space-perturb-min-m"": 0.0, ""--spatial-perturb-target"": ""ballstate""}",74,False,miss,0.39073,1.97003,0.161752,15.0,0.0,1.8,1.0,1.6,0.0,0.39073,0.0,1.37,
exp20c_shared_targets,ablationfull__ballspeed9__noplot__perturbsignrandom__randomperturb__servebox__spaceperturbm0.3__spaceperturbminm0.0__spatialperturbtargetballstate,"{""--ablation"": ""full"", ""--ball-speed"": 9, ""--no-plot"": null, ""--perturb-sign"": ""random"", ""--random-perturb"": null, ""--serve-box"": null, ""--space-perturb-m"": 0.3, ""--space-perturb-min-m"": 0.0, ""--spatial-perturb-target"": ""ballstate""}",68,True,active,0.0376,1.838406,0.035255,50.0,105.0,1.31,0.96,1.6,0.0,0.0376,0.639,2.05,
exp20c_shared_targets,ablationfull__ballspeed9__noplot__perturbsignrandom__randomperturb__servebox__spaceperturbm0.3__spaceperturbminm0.0__spatialperturbtargetballstate,"{""--ablation"": ""full"", ""--ball-speed"": 9, ""--no-plot"": null, ""--perturb-sign"": ""random"", ""--random-perturb"": null, ""--serve-box"": null, ""--space-perturb-m"": 0.3, ""--space-perturb-min-m"": 0.0, ""--spatial-perturb-target"": ""ballstate""}",73,True,active,0.075083,1.964317,0.062851,30.0,85.0,1.81,1.0,2.0,30.0,0.075083,1.679,1.51,
exp20c_shared_targets,ablationfull__ballspeed9__noplot__perturbsignrandom__randomperturb__servebox__spaceperturbm0.3__spaceperturbminm0.0__spatialperturbtargetballstate,"{""--ablation"": ""full"", ""--ball-speed"": 9, ""--no-plot"": null, ""--perturb-sign"": ""random"", ""--random-perturb"": null, ""--serve-box"": null, ""--space-perturb-m"": 0.3, ""--space-perturb-min-m"": 0.0, ""--spatial-perturb-target"": ""ballstate""}",75,True,active,0.131332,1.941812,0.131332,35.0,95.0,1.45,1.0,1.4,5.0,0.131332,0.747,1.45,
exp20c_shared_targets,ablationfull__ballspeed9__noplot__perturbsignrandom__randomperturb__servebox__spaceperturbm0.3__spaceperturbminm0.0__spatialperturbtargetballstate,"{""--ablation"": ""full"", ""--ball-speed"": 9, ""--no-plot"": null, ""--perturb-sign"": ""random"", ""--random-perturb"": null, ""--serve-box"": null, ""--space-perturb-m"": 0.3, ""--space-perturb-min-m"": 0.0, ""--spatial-perturb-target"": ""ballstate""}",76,False,miss,0.322904,1.870653,0.152879,0.0,0.0,1.36,1.0,1.5,0.0,0.322904,0.0,1.39,
exp20c_shared_targets,ablationfull__ballspeed9__noplot__perturbsignrandom__randomperturb__servebox__spaceperturbm0.3__spaceperturbminm0.0__spatialperturbtargetballstate,"{""--ablation"": ""full"", ""--ball-speed"": 9, ""--no-plot"": null, ""--perturb-sign"": ""random"", ""--random-perturb"": null, ""--serve-box"": null, ""--space-perturb-m"": 0.3, ""--space-perturb-min-m"": 0.0, ""--spatial-perturb-target"": ""ballstate""}",72,True,active,0.035206,1.936831,0.035206,50.0,105.0,1.73,1.0,1.3,5.0,0.035206,1.108,1.85,
exp20c_shared_targets,ablationfull__ballspeed9__noplot__perturbsignrandom__randomperturb__servebox__spaceperturbm0.3__spaceperturbminm0.0__spatialperturbtargetballstate,"{""--ablation"": ""full"", ""--ball-speed"": 9, ""--no-plot"": null, ""--perturb-sign"": ""random"", ""--random-perturb"": null, ""--serve-box"": null, ""--space-perturb-m"": 0.3, ""--space-perturb-min-m"": 0.0, ""--spatial-perturb-target"": ""ballstate""}",67,False,miss,0.329165,1.927584,0.172527,15.0,0.0,1.08,0.97,1.2,0.0,0.329165,0.0,2.55,
exp20c_shared_targets,ablationfull__ballspeed9__noplot__perturbsignrandom__randomperturb__servebox__spaceperturbm0.3__spaceperturbminm0.0__spatialperturbtargetballstate,"{""--ablation"": ""full"", ""--ball-speed"": 9, ""--no-plot"": null, ""--perturb-sign"": ""random"", ""--random-perturb"": null, ""--serve-box"": null, ""--space-perturb-m"": 0.3, ""--space-perturb-min-m"": 0.0, ""--spatial-perturb-target"": ""ballstate""}",69,True,active,0.04413,1.956042,0.022788,45.0,105.0,1.79,1.0,2.1,20.0,0.04413,1.436,2.49,
exp20c_shared_targets,ablationfull__ballspeed9__noplot__perturbsignrandom__randomperturb__servebox__spaceperturbm0.3__spaceperturbminm0.0__spatialperturbtargetballstate,"{""--ablation"": ""full"", ""--ball-speed"": 9, ""--no-plot"": null, ""--perturb-sign"": ""random"", ""--random-perturb"": null, ""--serve-box"": null, ""--space-perturb-m"": 0.3, ""--space-perturb-min-m"": 0.0, ""--spatial-perturb-target"": ""ballstate""}",77,False,miss,0.347897,1.939953,0.141439,0.0,0.0,1.8,1.13,1.7,0.0,0.347897,0.0,1.98,
exp20c_shared_targets,ablationfull__ballspeed9__noplot__perturbsignrandom__randomperturb__servebox__spaceperturbm0.3__spaceperturbminm0.0__spatialperturbtargetballstate,"{""--ablation"": ""full"", ""--ball-speed"": 9, ""--no-plot"": null, ""--perturb-sign"": ""random"", ""--random-perturb"": null, ""--serve-box"": null, ""--space-perturb-m"": 0.3, ""--space-perturb-min-m"": 0.0, ""--spatial-perturb-target"": ""ballstate""}",80,False,miss,0.354332,1.9321,0.20742,0.0,0.0,1.46,1.0,1.8,0.0,0.354332,0.0,1.36,
exp20c_shared_targets,ablationfull__ballspeed9__noplot__perturbsignrandom__randomperturb__servebox__spaceperturbm0.3__spaceperturbminm0.0__spatialperturbtargetballstate,"{""--ablation"": ""full"", ""--ball-speed"": 9, ""--no-plot"": null, ""--perturb-sign"": ""random"", ""--random-perturb"": null, ""--serve-box"": null, ""--space-perturb-m"": 0.3, ""--space-perturb-min-m"": 0.0, ""--spatial-perturb-target"": ""ballstate""}",81,True,active,0.068461,1.954299,0.06473,50.0,105.0,1.54,0.99,1.4,15.0,0.068461,1.107,1.47,
exp20c_shared_targets,ablationfull__ballspeed9__noplot__perturbsignrandom__randomperturb__servebox__spaceperturbm0.3__spaceperturbminm0.0__spatialperturbtargetballstate,"{""--ablation"": ""full"", ""--ball-speed"": 9, ""--no-plot"": null, ""--perturb-sign"": ""random"", ""--random-perturb"": null, ""--serve-box"": null, ""--space-perturb-m"": 0.3, ""--space-perturb-min-m"": 0.0, ""--spatial-perturb-target"": ""ballstate""}",82,True,active,0.146376,1.949992,0.138173,40.0,85.0,1.66,1.0,1.5,10.0,0.146376,1.345,1.53,
exp20c_shared_targets,ablationfull__ballspeed9__noplot__perturbsignrandom__randomperturb__servebox__spaceperturbm0.3__spaceperturbminm0.0__spatialperturbtargetballstate,"{""--ablation"": ""full"", ""--ball-speed"": 9, ""--no-plot"": null, ""--perturb-sign"": ""random"", ""--random-perturb"": null, ""--serve-box"": null, ""--space-perturb-m"": 0.3, ""--space-perturb-min-m"": 0.0, ""--spatial-perturb-target"": ""ballstate""}",78,True,active,0.147369,1.934625,0.135295,35.0,80.0,1.56,0.99,1.4,0.0,0.147369,0.716,2.43,
exp20c_shared_targets,ablationfull__ballspeed9__noplot__perturbsignrandom__randomperturb__servebox__spaceperturbm0.3__spaceperturbminm0.0__spatialperturbtargetballstate,"{""--ablation"": ""full"", ""--ball-speed"": 9, ""--no-plot"": null, ""--perturb-sign"": ""random"", ""--random-perturb"": null, ""--serve-box"": null, ""--space-perturb-m"": 0.3, ""--space-perturb-min-m"": 0.0, ""--spatial-perturb-target"": ""ballstate""}",85,True,active,0.03053,1.963262,0.021324,50.0,105.0,1.35,1.0,1.4,10.0,0.03053,0.901,1.46,
exp20c_shared_targets,ablationfull__ballspeed9__noplot__perturbsignrandom__randomperturb__servebox__spaceperturbm0.3__spaceperturbminm0.0__spatialperturbtargetballstate,"{""--ablation"": ""full"", ""--ball-speed"": 9, ""--no-plot"": null, ""--perturb-sign"": ""random"", ""--random-perturb"": null, ""--serve-box"": null, ""--space-perturb-m"": 0.3, ""--space-perturb-min-m"": 0.0, ""--spatial-perturb-target"": ""ballstate""}",88,True,active,0.01991,1.977874,0.01991,45.0,105.0,1.8,0.98,2.3,20.0,0.01991,1.778,1.46,
exp20c_shared_targets,ablationfull__ballspeed9__noplot__perturbsignrandom__randomperturb__servebox__spaceperturbm0.3__spaceperturbminm0.0__spatialperturbtargetballstate,"{""--ablation"": ""full"", ""--ball-speed"": 9, ""--no-plot"": null, ""--perturb-sign"": ""random"", ""--random-perturb"": null, ""--serve-box"": null, ""--space-perturb-m"": 0.3, ""--space-perturb-min-m"": 0.0, ""--spatial-perturb-target"": ""ballstate""}",87,True,active,0.035983,2.011151,0.018191,25.0,75.0,1.87,0.98,1.7,25.0,0.035983,1.782,1.55,
exp20c_shared_targets,ablationfull__ballspeed9__noplot__perturbsignrandom__randomperturb__servebox__spaceperturbm0.3__spaceperturbminm0.0__spatialperturbtargetballstate,"{""--ablation"": ""full"", ""--ball-speed"": 9, ""--no-plot"": null, ""--perturb-sign"": ""random"", ""--random-perturb"": null, ""--serve-box"": null, ""--space-perturb-m"": 0.3, ""--space-perturb-min-m"": 0.0, ""--spatial-perturb-target"": ""ballstate""}",90,True,active,0.109935,1.989062,0.109935,35.0,105.0,1.73,1.0,1.7,15.0,0.109935,1.494,1.39,
exp20c_shared_targets,ablationfull__ballspeed9__noplot__perturbsignrandom__randomperturb__servebox__spaceperturbm0.3__spaceperturbminm0.0__spatialperturbtargetballstate,"{""--ablation"": ""full"", ""--ball-speed"": 9, ""--no-plot"": null, ""--perturb-sign"": ""random"", ""--random-perturb"": null, ""--serve-box"": null, ""--space-perturb-m"": 0.3, ""--space-perturb-min-m"": 0.0, ""--spatial-perturb-target"": ""ballstate""}",86,True,active,0.128195,1.940523,0.119687,35.0,105.0,1.79,0.99,1.7,20.0,0.128195,1.599,1.91,
exp20c_shared_targets,ablationfull__ballspeed9__noplot__perturbsignrandom__randomperturb__servebox__spaceperturbm0.3__spaceperturbminm0.0__spatialperturbtargetballstate,"{""--ablation"": ""full"", ""--ball-speed"": 9, ""--no-plot"": null, ""--perturb-sign"": ""random"", ""--random-perturb"": null, ""--serve-box"": null, ""--space-perturb-m"": 0.3, ""--space-perturb-min-m"": 0.0, ""--spatial-perturb-target"": ""ballstate""}",89,True,active,0.065104,1.974053,0.052825,40.0,90.0,1.73,0.96,1.7,15.0,0.065104,1.728,1.64,
exp20c_shared_targets,ablationfull__ballspeed9__noplot__perturbsignrandom__randomperturb__servebox__spaceperturbm0.3__spaceperturbminm0.0__spatialperturbtargetballstate,"{""--ablation"": ""full"", ""--ball-speed"": 9, ""--no-plot"": null, ""--perturb-sign"": ""random"", ""--random-perturb"": null, ""--serve-box"": null, ""--space-perturb-m"": 0.3, ""--space-perturb-min-m"": 0.0, ""--spatial-perturb-target"": ""ballstate""}",84,True,active,0.07063,1.961039,0.07063,40.0,105.0,1.81,1.0,1.3,15.0,0.07063,1.522,2.16,
exp20c_shared_targets,ablationfull__ballspeed9__noplot__perturbsignrandom__randomperturb__servebox__spaceperturbm0.3__spaceperturbminm0.0__spatialperturbtargetballstate,"{""--ablation"": ""full"", ""--ball-speed"": 9, ""--no-plot"": null, ""--perturb-sign"": ""random"", ""--random-perturb"": null, ""--serve-box"": null, ""--space-perturb-m"": 0.3, ""--space-perturb-min-m"": 0.0, ""--spatial-perturb-target"": ""ballstate""}",79,False,miss,0.376841,1.939166,0.155308,0.0,0.0,1.8,0.99,1.8,0.0,0.376841,0.0,2.72,
exp20c_shared_targets,ablationfull__ballspeed9__noplot__perturbsignrandom__randomperturb__servebox__spaceperturbm0.3__spaceperturbminm0.0__spatialperturbtargetballstate,"{""--ablation"": ""full"", ""--ball-speed"": 9, ""--no-plot"": null, ""--perturb-sign"": ""random"", ""--random-perturb"": null, ""--serve-box"": null, ""--space-perturb-m"": 0.3, ""--space-perturb-min-m"": 0.0, ""--spatial-perturb-target"": ""ballstate""}",92,False,miss,0.383914,1.97075,0.212202,0.0,0.0,1.78,0.99,1.4,0.0,0.383914,0.0,1.39,
exp20c_shared_targets,ablationfull__ballspeed9__noplot__perturbsignrandom__randomperturb__servebox__spaceperturbm0.3__spaceperturbminm0.0__spatialperturbtargetballstate,"{""--ablation"": ""full"", ""--ball-speed"": 9, ""--no-plot"": null, ""--perturb-sign"": ""random"", ""--random-perturb"": null, ""--serve-box"": null, ""--space-perturb-m"": 0.3, ""--space-perturb-min-m"": 0.0, ""--spatial-perturb-target"": ""ballstate""}",83,True,active,0.115092,1.994982,0.114409,30.0,105.0,1.8,0.98,2.0,20.0,0.115092,1.752,2.49,
exp20c_shared_targets,ablationfull__ballspeed9__noplot__perturbsignrandom__randomperturb__servebox__spaceperturbm0.3__spaceperturbminm0.0__spatialperturbtargetballstate,"{""--ablation"": ""full"", ""--ball-speed"": 9, ""--no-plot"": null, ""--perturb-sign"": ""random"", ""--random-perturb"": null, ""--serve-box"": null, ""--space-perturb-m"": 0.3, ""--space-perturb-min-m"": 0.0, ""--spatial-perturb-target"": ""ballstate""}",91,True,active,0.036983,1.974298,0.036983,45.0,105.0,1.33,0.97,1.6,0.0,0.036983,0.825,1.74,
exp20c_shared_targets,ablationfull__ballspeed9__noplot__perturbsignrandom__randomperturb__servebox__spaceperturbm0.3__spaceperturbminm0.0__spatialperturbtargetballstate,"{""--ablation"": ""full"", ""--ball-speed"": 9, ""--no-plot"": null, ""--perturb-sign"": ""random"", ""--random-perturb"": null, ""--serve-box"": null, ""--space-perturb-m"": 0.3, ""--space-perturb-min-m"": 0.0, ""--spatial-perturb-target"": ""ballstate""}",94,False,miss,0.399162,1.955851,0.17407,15.0,0.0,1.79,1.0,1.4,0.0,0.399162,0.0,1.39,
exp20c_shared_targets,ablationfull__ballspeed9__noplot__perturbsignrandom__randomperturb__servebox__spaceperturbm0.3__spaceperturbminm0.0__spatialperturbtargetballstate,"{""--ablation"": ""full"", ""--ball-speed"": 9, ""--no-plot"": null, ""--perturb-sign"": ""random"", ""--random-perturb"": null, ""--serve-box"": null, ""--space-perturb-m"": 0.3, ""--space-perturb-min-m"": 0.0, ""--spatial-perturb-target"": ""ballstate""}",97,True,active,0.075841,1.985248,0.075841,0.0,0.0,2.12,1.07,2.3,25.0,0.075841,1.747,1.48,
exp20c_shared_targets,ablationfull__ballspeed9__noplot__perturbsignrandom__randomperturb__servebox__spaceperturbm0.3__spaceperturbminm0.0__spatialperturbtargetballstate,"{""--ablation"": ""full"", ""--ball-speed"": 9, ""--no-plot"": null, ""--perturb-sign"": ""random"", ""--random-perturb"": null, ""--serve-box"": null, ""--space-perturb-m"": 0.3, ""--space-perturb-min-m"": 0.0, ""--spatial-perturb-target"": ""ballstate""}",99,False,miss,0.368467,1.934336,0.27195,0.0,0.0,1.15,1.0,1.2,0.0,0.368467,0.0,1.42,
exp20c_shared_targets,ablationfull__ballspeed9__noplot__perturbsignrandom__randomperturb__servebox__spaceperturbm0.3__spaceperturbminm0.0__spatialperturbtargetballstate,"{""--ablation"": ""full"", ""--ball-speed"": 9, ""--no-plot"": null, ""--perturb-sign"": ""random"", ""--random-perturb"": null, ""--serve-box"": null, ""--space-perturb-m"": 0.3, ""--space-perturb-min-m"": 0.0, ""--spatial-perturb-target"": ""ballstate""}",93,True,active,0.051581,1.94772,0.051581,35.0,105.0,1.78,1.0,1.8,15.0,0.051581,1.71,1.98,
exp20c_shared_targets,ablationfull__ballspeed9__noplot__perturbsignrandom__randomperturb__servebox__spaceperturbm0.3__spaceperturbminm0.0__spatialperturbtargetballstate,"{""--ablation"": ""full"", ""--ball-speed"": 9, ""--no-plot"": null, ""--perturb-sign"": ""random"", ""--random-perturb"": null, ""--serve-box"": null, ""--space-perturb-m"": 0.3, ""--space-perturb-min-m"": 0.0, ""--spatial-perturb-target"": ""ballstate""}",95,False,miss,0.291688,1.946338,0.181372,5.0,0.0,1.26,1.0,1.3,0.0,0.291688,0.0,1.92,
exp20c_shared_targets,ablationtube_only__ballspeed9__noplot__perturbsignrandom__randomperturb__servebox__spaceperturbm0.3__spaceperturbminm0.0__spatialperturbtargetballstate,"{""--ablation"": ""tube_only"", ""--ball-speed"": 9, ""--no-plot"": null, ""--perturb-sign"": ""random"", ""--random-perturb"": null, ""--serve-box"": null, ""--space-perturb-m"": 0.3, ""--space-perturb-min-m"": 0.0, ""--spatial-perturb-target"": ""ballstate""}",1,True,active,0.049538,1.920899,0.049538,40.0,105.0,1.78,0.98,1.9,15.0,0.049538,1.736,1.39,
exp20c_shared_targets,ablationfull__ballspeed9__noplot__perturbsignrandom__randomperturb__servebox__spaceperturbm0.3__spaceperturbminm0.0__spatialperturbtargetballstate,"{""--ablation"": ""full"", ""--ball-speed"": 9, ""--no-plot"": null, ""--perturb-sign"": ""random"", ""--random-perturb"": null, ""--serve-box"": null, ""--space-perturb-m"": 0.3, ""--space-perturb-min-m"": 0.0, ""--spatial-perturb-target"": ""ballstate""}",96,True,active,0.031245,1.946272,0.031245,30.0,50.0,1.72,0.98,2.0,15.0,0.031245,1.668,2.08,
exp20c_shared_targets,ablationtube_only__ballspeed9__noplot__perturbsignrandom__randomperturb__servebox__spaceperturbm0.3__spaceperturbminm0.0__spatialperturbtargetballstate,"{""--ablation"": ""tube_only"", ""--ball-speed"": 9, ""--no-plot"": null, ""--perturb-sign"": ""random"", ""--random-perturb"": null, ""--serve-box"": null, ""--space-perturb-m"": 0.3, ""--space-perturb-min-m"": 0.0, ""--spatial-perturb-target"": ""ballstate""}",4,True,active,0.117365,1.937637,0.090804,40.0,105.0,1.79,0.97,1.6,15.0,0.117365,1.711,1.36,
exp20c_shared_targets,ablationtube_only__ballspeed9__noplot__perturbsignrandom__randomperturb__servebox__spaceperturbm0.3__spaceperturbminm0.0__spatialperturbtargetballstate,"{""--ablation"": ""tube_only"", ""--ball-speed"": 9, ""--no-plot"": null, ""--perturb-sign"": ""random"", ""--random-perturb"": null, ""--serve-box"": null, ""--space-perturb-m"": 0.3, ""--space-perturb-min-m"": 0.0, ""--spatial-perturb-target"": ""ballstate""}",5,False,miss,0.295915,1.943005,0.089074,0.0,0.0,1.09,1.0,1.1,0.0,0.295915,0.0,1.35,
exp20c_shared_targets,ablationtube_only__ballspeed9__noplot__perturbsignrandom__randomperturb__servebox__spaceperturbm0.3__spaceperturbminm0.0__spatialperturbtargetballstate,"{""--ablation"": ""tube_only"", ""--ball-speed"": 9, ""--no-plot"": null, ""--perturb-sign"": ""random"", ""--random-perturb"": null, ""--serve-box"": null, ""--space-perturb-m"": 0.3, ""--space-perturb-min-m"": 0.0, ""--spatial-perturb-target"": ""ballstate""}",7,True,active,0.036397,1.959118,0.0357,35.0,65.0,1.57,0.97,1.5,10.0,0.036397,1.57,1.68,
exp20c_shared_targets,ablationtube_only__ballspeed9__noplot__perturbsignrandom__randomperturb__servebox__spaceperturbm0.3__spaceperturbminm0.0__spatialperturbtargetballstate,"{""--ablation"": ""tube_only"", ""--ball-speed"": 9, ""--no-plot"": null, ""--perturb-sign"": ""random"", ""--random-perturb"": null, ""--serve-box"": null, ""--space-perturb-m"": 0.3, ""--space-perturb-min-m"": 0.0, ""--spatial-perturb-target"": ""ballstate""}",3,True,active,0.104919,1.940702,0.104919,0.0,0.0,1.74,0.97,1.7,5.0,0.104919,1.146,2.24,
exp20c_shared_targets,ablationfull__ballspeed9__noplot__perturbsignrandom__randomperturb__servebox__spaceperturbm0.3__spaceperturbminm0.0__spatialperturbtargetballstate,"{""--ablation"": ""full"", ""--ball-speed"": 9, ""--no-plot"": null, ""--perturb-sign"": ""random"", ""--random-perturb"": null, ""--serve-box"": null, ""--space-perturb-m"": 0.3, ""--space-perturb-min-m"": 0.0, ""--spatial-perturb-target"": ""ballstate""}",98,True,active,0.070462,1.973148,0.033975,0.0,20.0,1.81,1.03,1.3,20.0,0.070462,1.797,2.88,
exp20c_shared_targets,ablationtube_only__ballspeed9__noplot__perturbsignrandom__randomperturb__servebox__spaceperturbm0.3__spaceperturbminm0.0__spatialperturbtargetballstate,"{""--ablation"": ""tube_only"", ""--ball-speed"": 9, ""--no-plot"": null, ""--perturb-sign"": ""random"", ""--random-perturb"": null, ""--serve-box"": null, ""--space-perturb-m"": 0.3, ""--space-perturb-min-m"": 0.0, ""--spatial-perturb-target"": ""ballstate""}",8,True,passive,0.144824,1.933124,0.125006,35.0,105.0,1.46,0.99,1.7,15.0,0.144824,0.279,1.51,
exp20c_shared_targets,ablationtube_only__ballspeed9__noplot__perturbsignrandom__randomperturb__servebox__spaceperturbm0.3__spaceperturbminm0.0__spatialperturbtargetballstate,"{""--ablation"": ""tube_only"", ""--ball-speed"": 9, ""--no-plot"": null, ""--perturb-sign"": ""random"", ""--random-perturb"": null, ""--serve-box"": null, ""--space-perturb-m"": 0.3, ""--space-perturb-min-m"": 0.0, ""--spatial-perturb-target"": ""ballstate""}",11,False,miss,0.330502,1.919794,0.217156,0.0,0.0,1.55,1.0,1.3,0.0,0.330502,0.0,1.46,
exp20c_shared_targets,ablationtube_only__ballspeed9__noplot__perturbsignrandom__randomperturb__servebox__spaceperturbm0.3__spaceperturbminm0.0__spatialperturbtargetballstate,"{""--ablation"": ""tube_only"", ""--ball-speed"": 9, ""--no-plot"": null, ""--perturb-sign"": ""random"", ""--random-perturb"": null, ""--serve-box"": null, ""--space-perturb-m"": 0.3, ""--space-perturb-min-m"": 0.0, ""--spatial-perturb-target"": ""ballstate""}",9,True,active,0.044364,1.9459,0.044364,40.0,105.0,1.76,0.95,1.8,10.0,0.044364,1.736,1.55,
exp20c_shared_targets,ablationtube_only__ballspeed9__noplot__perturbsignrandom__randomperturb__servebox__spaceperturbm0.3__spaceperturbminm0.0__spatialperturbtargetballstate,"{""--ablation"": ""tube_only"", ""--ball-speed"": 9, ""--no-plot"": null, ""--perturb-sign"": ""random"", ""--random-perturb"": null, ""--serve-box"": null, ""--space-perturb-m"": 0.3, ""--space-perturb-min-m"": 0.0, ""--spatial-perturb-target"": ""ballstate""}",10,True,active,0.087628,1.94341,0.014116,20.0,50.0,1.49,0.99,2.1,15.0,0.087628,1.486,1.54,
exp20c_shared_targets,ablationfull__ballspeed9__noplot__perturbsignrandom__randomperturb__servebox__spaceperturbm0.3__spaceperturbminm0.0__spatialperturbtargetballstate,"{""--ablation"": ""full"", ""--ball-speed"": 9, ""--no-plot"": null, ""--perturb-sign"": ""random"", ""--random-perturb"": null, ""--serve-box"": null, ""--space-perturb-m"": 0.3, ""--space-perturb-min-m"": 0.0, ""--spatial-perturb-target"": ""ballstate""}",100,True,active,0.044839,1.990035,0.044839,45.0,105.0,1.77,1.0,2.0,20.0,0.044839,1.745,2.88,
exp20c_shared_targets,ablationtube_only__ballspeed9__noplot__perturbsignrandom__randomperturb__servebox__spaceperturbm0.3__spaceperturbminm0.0__spatialperturbtargetballstate,"{""--ablation"": ""tube_only"", ""--ball-speed"": 9, ""--no-plot"": null, ""--perturb-sign"": ""random"", ""--random-perturb"": null, ""--serve-box"": null, ""--space-perturb-m"": 0.3, ""--space-perturb-min-m"": 0.0, ""--spatial-perturb-target"": ""ballstate""}",2,True,active,0.068675,1.934307,0.050062,0.0,0.0,1.36,0.99,1.1,5.0,0.068675,0.679,2.8,
exp20c_shared_targets,ablationtube_only__ballspeed9__noplot__perturbsignrandom__randomperturb__servebox__spaceperturbm0.3__spaceperturbminm0.0__spatialperturbtargetballstate,"{""--ablation"": ""tube_only"", ""--ball-speed"": 9, ""--no-plot"": null, ""--perturb-sign"": ""random"", ""--random-perturb"": null, ""--serve-box"": null, ""--space-perturb-m"": 0.3, ""--space-perturb-min-m"": 0.0, ""--spatial-perturb-target"": ""ballstate""}",6,True,active,0.022855,1.933725,0.022855,45.0,105.0,1.15,1.0,0.9,5.0,0.022855,0.831,2.42,
exp20c_shared_targets,ablationtube_only__ballspeed9__noplot__perturbsignrandom__randomperturb__servebox__spaceperturbm0.3__spaceperturbminm0.0__spatialperturbtargetballstate,"{""--ablation"": ""tube_only"", ""--ball-speed"": 9, ""--no-plot"": null, ""--perturb-sign"": ""random"", ""--random-perturb"": null, ""--serve-box"": null, ""--space-perturb-m"": 0.3, ""--space-perturb-min-m"": 0.0, ""--spatial-perturb-target"": ""ballstate""}",20,,,,,,,,,,,,,,0.26,no_result
exp20c_shared_targets,ablationtube_only__ballspeed9__noplot__perturbsignrandom__randomperturb__servebox__spaceperturbm0.3__spaceperturbminm0.0__spatialperturbtargetballstate,"{""--ablation"": ""tube_only"", ""--ball-speed"": 9, ""--no-plot"": null, ""--perturb-sign"": ""random"", ""--random-perturb"": null, ""--serve-box"": null, ""--space-perturb-m"": 0.3, ""--space-perturb-min-m"": 0.0, ""--spatial-perturb-target"": ""ballstate""}",21,,,,,,,,,,,,,,0.27,no_result
exp20c_shared_targets,ablationtube_only__ballspeed9__noplot__perturbsignrandom__randomperturb__servebox__spaceperturbm0.3__spaceperturbminm0.0__spatialperturbtargetballstate,"{""--ablation"": ""tube_only"", ""--ball-speed"": 9, ""--no-plot"": null, ""--perturb-sign"": ""random"", ""--random-perturb"": null, ""--serve-box"": null, ""--space-perturb-m"": 0.3, ""--space-perturb-min-m"": 0.0, ""--spatial-perturb-target"": ""ballstate""}",14,True,active,0.012391,1.917948,0.012391,35.0,105.0,1.78,0.91,1.6,5.0,0.012391,1.382,1.64,
exp20c_shared_targets,ablationtube_only__ballspeed9__noplot__perturbsignrandom__randomperturb__servebox__spaceperturbm0.3__spaceperturbminm0.0__spatialperturbtargetballstate,"{""--ablation"": ""tube_only"", ""--ball-speed"": 9, ""--no-plot"": null, ""--perturb-sign"": ""random"", ""--random-perturb"": null, ""--serve-box"": null, ""--space-perturb-m"": 0.3, ""--space-perturb-min-m"": 0.0, ""--spatial-perturb-target"": ""ballstate""}",12,True,active,0.051427,1.91667,0.045019,20.0,50.0,1.64,1.0,1.5,10.0,0.051427,1.628,2.02,
exp20c_shared_targets,ablationtube_only__ballspeed9__noplot__perturbsignrandom__randomperturb__servebox__spaceperturbm0.3__spaceperturbminm0.0__spatialperturbtargetballstate,"{""--ablation"": ""tube_only"", ""--ball-speed"": 9, ""--no-plot"": null, ""--perturb-sign"": ""random"", ""--random-perturb"": null, ""--serve-box"": null, ""--space-perturb-m"": 0.3, ""--space-perturb-min-m"": 0.0, ""--spatial-perturb-target"": ""ballstate""}",13,True,active,0.080303,1.86499,0.027544,0.0,0.0,1.41,1.0,1.4,25.0,0.080303,1.02,1.96,
exp20c_shared_targets,ablationtube_only__ballspeed9__noplot__perturbsignrandom__randomperturb__servebox__spaceperturbm0.3__spaceperturbminm0.0__spatialperturbtargetballstate,"{""--ablation"": ""tube_only"", ""--ball-speed"": 9, ""--no-plot"": null, ""--perturb-sign"": ""random"", ""--random-perturb"": null, ""--serve-box"": null, ""--space-perturb-m"": 0.3, ""--space-perturb-min-m"": 0.0, ""--spatial-perturb-target"": ""ballstate""}",15,False,miss,0.323515,1.924732,0.168033,0.0,0.0,1.74,0.96,2.2,0.0,0.323515,0.0,1.79,
exp20c_shared_targets,ablationtube_only__ballspeed9__noplot__perturbsignrandom__randomperturb__servebox__spaceperturbm0.3__spaceperturbminm0.0__spatialperturbtargetballstate,"{""--ablation"": ""tube_only"", ""--ball-speed"": 9, ""--no-plot"": null, ""--perturb-sign"": ""random"", ""--random-perturb"": null, ""--serve-box"": null, ""--space-perturb-m"": 0.3, ""--space-perturb-min-m"": 0.0, ""--spatial-perturb-target"": ""ballstate""}",18,True,active,0.052261,1.932731,0.030337,45.0,105.0,1.77,1.0,1.9,10.0,0.052261,1.769,1.45,
exp20c_shared_targets,ablationtube_only__ballspeed9__noplot__perturbsignrandom__randomperturb__servebox__spaceperturbm0.3__spaceperturbminm0.0__spatialperturbtargetballstate,"{""--ablation"": ""tube_only"", ""--ball-speed"": 9, ""--no-plot"": null, ""--perturb-sign"": ""random"", ""--random-perturb"": null, ""--serve-box"": null, ""--space-perturb-m"": 0.3, ""--space-perturb-min-m"": 0.0, ""--spatial-perturb-target"": ""ballstate""}",19,True,active,0.071286,1.958697,0.031217,0.0,0.0,1.31,1.0,1.1,10.0,0.071286,1.191,1.45,
exp20c_shared_targets,ablationtube_only__ballspeed9__noplot__perturbsignrandom__randomperturb__servebox__spaceperturbm0.3__spaceperturbminm0.0__spatialperturbtargetballstate,"{""--ablation"": ""tube_only"", ""--ball-speed"": 9, ""--no-plot"": null, ""--perturb-sign"": ""random"", ""--random-perturb"": null, ""--serve-box"": null, ""--space-perturb-m"": 0.3, ""--space-perturb-min-m"": 0.0, ""--spatial-perturb-target"": ""ballstate""}",24,False,miss,0.226255,1.951917,5.88139,0.0,0.0,1.02,0.27,0.8,0.0,0.226255,0.0,1.38,
exp20c_shared_targets,ablationtube_only__ballspeed9__noplot__perturbsignrandom__randomperturb__servebox__spaceperturbm0.3__spaceperturbminm0.0__spatialperturbtargetballstate,"{""--ablation"": ""tube_only"", ""--ball-speed"": 9, ""--no-plot"": null, ""--perturb-sign"": ""random"", ""--random-perturb"": null, ""--serve-box"": null, ""--space-perturb-m"": 0.3, ""--space-perturb-min-m"": 0.0, ""--spatial-perturb-target"": ""ballstate""}",22,True,active,0.066784,1.906794,0.046236,0.0,0.0,2.44,1.43,1.9,55.0,0.066784,1.803,1.69,
exp20c_shared_targets,ablationtube_only__ballspeed9__noplot__perturbsignrandom__randomperturb__servebox__spaceperturbm0.3__spaceperturbminm0.0__spatialperturbtargetballstate,"{""--ablation"": ""tube_only"", ""--ball-speed"": 9, ""--no-plot"": null, ""--perturb-sign"": ""random"", ""--random-perturb"": null, ""--serve-box"": null, ""--space-perturb-m"": 0.3, ""--space-perturb-min-m"": 0.0, ""--spatial-perturb-target"": ""ballstate""}",25,True,active,0.112638,1.938216,0.10335,35.0,100.0,1.37,1.0,1.3,15.0,0.112638,1.239,1.48,
exp20c_shared_targets,ablationtube_only__ballspeed9__noplot__perturbsignrandom__randomperturb__servebox__spaceperturbm0.3__spaceperturbminm0.0__spatialperturbtargetballstate,"{""--ablation"": ""tube_only"", ""--ball-speed"": 9, ""--no-plot"": null, ""--perturb-sign"": ""random"", ""--random-perturb"": null, ""--serve-box"": null, ""--space-perturb-m"": 0.3, ""--space-perturb-min-m"": 0.0, ""--spatial-perturb-target"": ""ballstate""}",28,False,miss,0.308821,1.894354,0.138189,0.0,0.0,1.42,1.0,1.6,0.0,0.308821,0.0,1.36,
exp20c_shared_targets,ablationtube_only__ballspeed9__noplot__perturbsignrandom__randomperturb__servebox__spaceperturbm0.3__spaceperturbminm0.0__spatialperturbtargetballstate,"{""--ablation"": ""tube_only"", ""--ball-speed"": 9, ""--no-plot"": null, ""--perturb-sign"": ""random"", ""--random-perturb"": null, ""--serve-box"": null, ""--space-perturb-m"": 0.3, ""--space-perturb-min-m"": 0.0, ""--spatial-perturb-target"": ""ballstate""}",27,False,miss,0.219386,1.929443,0.158869,20.0,0.0,1.22,0.99,1.2,0.0,0.219386,0.0,1.7,
exp20c_shared_targets,ablationtube_only__ballspeed9__noplot__perturbsignrandom__randomperturb__servebox__spaceperturbm0.3__spaceperturbminm0.0__spatialperturbtargetballstate,"{""--ablation"": ""tube_only"", ""--ball-speed"": 9, ""--no-plot"": null, ""--perturb-sign"": ""random"", ""--random-perturb"": null, ""--serve-box"": null, ""--space-perturb-m"": 0.3, ""--space-perturb-min-m"": 0.0, ""--spatial-perturb-target"": ""ballstate""}",16,True,active,0.047886,1.943723,0.022619,40.0,75.0,1.71,1.0,1.5,15.0,0.047886,1.71,2.38,
exp20c_shared_targets,ablationtube_only__ballspeed9__noplot__perturbsignrandom__randomperturb__servebox__spaceperturbm0.3__spaceperturbminm0.0__spatialperturbtargetballstate,"{""--ablation"": ""tube_only"", ""--ball-speed"": 9, ""--no-plot"": null, ""--perturb-sign"": ""random"", ""--random-perturb"": null, ""--serve-box"": null, ""--space-perturb-m"": 0.3, ""--space-perturb-min-m"": 0.0, ""--spatial-perturb-target"": ""ballstate""}",29,True,active,0.040294,1.891742,0.040294,40.0,105.0,1.59,1.0,1.1,5.0,0.040294,1.002,1.39,
exp20c_shared_targets,ablationtube_only__ballspeed9__noplot__perturbsignrandom__randomperturb__servebox__spaceperturbm0.3__spaceperturbminm0.0__spatialperturbtargetballstate,"{""--ablation"": ""tube_only"", ""--ball-speed"": 9, ""--no-plot"": null, ""--perturb-sign"": ""random"", ""--random-perturb"": null, ""--serve-box"": null, ""--space-perturb-m"": 0.3, ""--space-perturb-min-m"": 0.0, ""--spatial-perturb-target"": ""ballstate""}",30,True,active,0.111403,1.952604,0.08237,0.0,0.0,1.74,0.98,1.9,15.0,0.111403,1.584,1.59,
exp20c_shared_targets,ablationtube_only__ballspeed9__noplot__perturbsignrandom__randomperturb__servebox__spaceperturbm0.3__spaceperturbminm0.0__spatialperturbtargetballstate,"{""--ablation"": ""tube_only"", ""--ball-speed"": 9, ""--no-plot"": null, ""--perturb-sign"": ""random"", ""--random-perturb"": null, ""--serve-box"": null, ""--space-perturb-m"": 0.3, ""--space-perturb-min-m"": 0.0, ""--spatial-perturb-target"": ""ballstate""}",17,True,active,0.057587,1.913556,0.057587,50.0,105.0,1.23,0.99,1.2,5.0,0.057587,0.554,2.82,
exp20c_shared_targets,ablationtube_only__ballspeed9__noplot__perturbsignrandom__randomperturb__servebox__spaceperturbm0.3__spaceperturbminm0.0__spatialperturbtargetballstate,"{""--ablation"": ""tube_only"", ""--ball-speed"": 9, ""--no-plot"": null, ""--perturb-sign"": ""random"", ""--random-perturb"": null, ""--serve-box"": null, ""--space-perturb-m"": 0.3, ""--space-perturb-min-m"": 0.0, ""--spatial-perturb-target"": ""ballstate""}",23,True,active,0.006806,1.960806,0.006806,35.0,105.0,1.43,0.98,1.3,5.0,0.006806,1.026,2.63,
exp20c_shared_targets,ablationtube_only__ballspeed9__noplot__perturbsignrandom__randomperturb__servebox__spaceperturbm0.3__spaceperturbminm0.0__spatialperturbtargetballstate,"{""--ablation"": ""tube_only"", ""--ball-speed"": 9, ""--no-plot"": null, ""--perturb-sign"": ""random"", ""--random-perturb"": null, ""--serve-box"": null, ""--space-perturb-m"": 0.3, ""--space-perturb-min-m"": 0.0, ""--spatial-perturb-target"": ""ballstate""}",32,True,active,0.10473,1.904991,0.097543,40.0,105.0,1.28,1.0,1.4,5.0,0.10473,0.826,1.44,
exp20c_shared_targets,ablationtube_only__ballspeed9__noplot__perturbsignrandom__randomperturb__servebox__spaceperturbm0.3__spaceperturbminm0.0__spatialperturbtargetballstate,"{""--ablation"": ""tube_only"", ""--ball-speed"": 9, ""--no-plot"": null, ""--perturb-sign"": ""random"", ""--random-perturb"": null, ""--serve-box"": null, ""--space-perturb-m"": 0.3, ""--space-perturb-min-m"": 0.0, ""--spatial-perturb-target"": ""ballstate""}",33,True,active,0.141545,2.002814,0.131863,35.0,100.0,1.24,0.99,1.4,5.0,0.141545,0.931,1.36,
exp20c_shared_targets,ablationtube_only__ballspeed9__noplot__perturbsignrandom__randomperturb__servebox__spaceperturbm0.3__spaceperturbminm0.0__spatialperturbtargetballstate,"{""--ablation"": ""tube_only"", ""--ball-speed"": 9, ""--no-plot"": null, ""--perturb-sign"": ""random"", ""--random-perturb"": null, ""--serve-box"": null, ""--space-perturb-m"": 0.3, ""--space-perturb-min-m"": 0.0, ""--spatial-perturb-target"": ""ballstate""}",26,True,active,0.087359,1.918161,0.077324,15.0,55.0,1.8,0.98,1.7,15.0,0.087359,1.801,2.63,
exp20c_shared_targets,ablationtube_only__ballspeed9__noplot__perturbsignrandom__randomperturb__servebox__spaceperturbm0.3__spaceperturbminm0.0__spatialperturbtargetballstate,"{""--ablation"": ""tube_only"", ""--ball-speed"": 9, ""--no-plot"": null, ""--perturb-sign"": ""random"", ""--random-perturb"": null, ""--serve-box"": null, ""--space-perturb-m"": 0.3, ""--space-perturb-min-m"": 0.0, ""--spatial-perturb-target"": ""ballstate""}",34,True,active,0.110725,1.927364,0.106364,35.0,105.0,1.71,1.0,1.5,10.0,0.110725,1.693,1.48,
exp20c_shared_targets,ablationtube_only__ballspeed9__noplot__perturbsignrandom__randomperturb__servebox__spaceperturbm0.3__spaceperturbminm0.0__spatialperturbtargetballstate,"{""--ablation"": ""tube_only"", ""--ball-speed"": 9, ""--no-plot"": null, ""--perturb-sign"": ""random"", ""--random-perturb"": null, ""--serve-box"": null, ""--space-perturb-m"": 0.3, ""--space-perturb-min-m"": 0.0, ""--spatial-perturb-target"": ""ballstate""}",35,True,active,0.092529,1.918462,0.027659,0.0,0.0,1.42,0.99,1.8,15.0,0.092529,1.42,1.44,
exp20c_shared_targets,ablationtube_only__ballspeed9__noplot__perturbsignrandom__randomperturb__servebox__spaceperturbm0.3__spaceperturbminm0.0__spatialperturbtargetballstate,"{""--ablation"": ""tube_only"", ""--ball-speed"": 9, ""--no-plot"": null, ""--perturb-sign"": ""random"", ""--random-perturb"": null, ""--serve-box"": null, ""--space-perturb-m"": 0.3, ""--space-perturb-min-m"": 0.0, ""--spatial-perturb-target"": ""ballstate""}",39,True,active,0.075549,1.881486,0.075549,35.0,105.0,1.65,0.97,1.5,10.0,0.075549,1.594,1.38,
exp20c_shared_targets,ablationtube_only__ballspeed9__noplot__perturbsignrandom__randomperturb__servebox__spaceperturbm0.3__spaceperturbminm0.0__spatialperturbtargetballstate,"{""--ablation"": ""tube_only"", ""--ball-speed"": 9, ""--no-plot"": null, ""--perturb-sign"": ""random"", ""--random-perturb"": null, ""--serve-box"": null, ""--space-perturb-m"": 0.3, ""--space-perturb-min-m"": 0.0, ""--spatial-perturb-target"": ""ballstate""}",38,False,miss,0.329022,1.907027,0.159823,20.0,0.0,1.79,0.99,2.0,0.0,0.329022,0.0,1.46,
exp20c_shared_targets,ablationtube_only__ballspeed9__noplot__perturbsignrandom__randomperturb__servebox__spaceperturbm0.3__spaceperturbminm0.0__spatialperturbtargetballstate,"{""--ablation"": ""tube_only"", ""--ball-speed"": 9, ""--no-plot"": null, ""--perturb-sign"": ""random"", ""--random-perturb"": null, ""--serve-box"": null, ""--space-perturb-m"": 0.3, ""--space-perturb-min-m"": 0.0, ""--spatial-perturb-target"": ""ballstate""}",31,True,active,0.140255,1.936732,0.129032,40.0,85.0,1.78,1.0,2.1,10.0,0.140255,1.662,2.92,
exp20c_shared_targets,ablationtube_only__ballspeed9__noplot__perturbsignrandom__randomperturb__servebox__spaceperturbm0.3__spaceperturbminm0.0__spatialperturbtargetballstate,"{""--ablation"": ""tube_only"", ""--ball-speed"": 9, ""--no-plot"": null, ""--perturb-sign"": ""random"", ""--random-perturb"": null, ""--serve-box"": null, ""--space-perturb-m"": 0.3, ""--space-perturb-min-m"": 0.0, ""--spatial-perturb-target"": ""ballstate""}",36,True,active,0.057628,1.956119,0.053227,40.0,105.0,1.79,0.96,1.8,10.0,0.057628,1.706,2.12,
exp20c_shared_targets,ablationtube_only__ballspeed9__noplot__perturbsignrandom__randomperturb__servebox__spaceperturbm0.3__spaceperturbminm0.0__spatialperturbtargetballstate,"{""--ablation"": ""tube_only"", ""--ball-speed"": 9, ""--no-plot"": null, ""--perturb-sign"": ""random"", ""--random-perturb"": null, ""--serve-box"": null, ""--space-perturb-m"": 0.3, ""--space-perturb-min-m"": 0.0, ""--spatial-perturb-target"": ""ballstate""}",37,False,miss,0.562722,1.768265,0.341416,0.0,0.0,2.47,1.8,3.0,0.0,0.562722,0.0,2.07,
exp20c_shared_targets,ablationtube_only__ballspeed9__noplot__perturbsignrandom__randomperturb__servebox__spaceperturbm0.3__spaceperturbminm0.0__spatialperturbtargetballstate,"{""--ablation"": ""tube_only"", ""--ball-speed"": 9, ""--no-plot"": null, ""--perturb-sign"": ""random"", ""--random-perturb"": null, ""--serve-box"": null, ""--space-perturb-m"": 0.3, ""--space-perturb-min-m"": 0.0, ""--spatial-perturb-target"": ""ballstate""}",40,True,active,0.058224,1.934862,0.042503,45.0,105.0,1.55,0.99,1.4,5.0,0.058224,1.006,1.92,
exp20c_shared_targets,ablationtube_only__ballspeed9__noplot__perturbsignrandom__randomperturb__servebox__spaceperturbm0.3__spaceperturbminm0.0__spatialperturbtargetballstate,"{""--ablation"": ""tube_only"", ""--ball-speed"": 9, ""--no-plot"": null, ""--perturb-sign"": ""random"", ""--random-perturb"": null, ""--serve-box"": null, ""--space-perturb-m"": 0.3, ""--space-perturb-min-m"": 0.0, ""--spatial-perturb-target"": ""ballstate""}",42,False,miss,0.349981,1.980854,0.138147,0.0,0.0,1.81,1.0,1.4,0.0,0.349981,0.0,1.5,
exp20c_shared_targets,ablationtube_only__ballspeed9__noplot__perturbsignrandom__randomperturb__servebox__spaceperturbm0.3__spaceperturbminm0.0__spatialperturbtargetballstate,"{""--ablation"": ""tube_only"", ""--ball-speed"": 9, ""--no-plot"": null, ""--perturb-sign"": ""random"", ""--random-perturb"": null, ""--serve-box"": null, ""--space-perturb-m"": 0.3, ""--space-perturb-min-m"": 0.0, ""--spatial-perturb-target"": ""ballstate""}",44,False,miss,0.313547,1.907265,0.211207,0.0,0.0,1.45,1.0,1.3,0.0,0.313547,0.0,1.44,
exp20c_shared_targets,ablationtube_only__ballspeed9__noplot__perturbsignrandom__randomperturb__servebox__spaceperturbm0.3__spaceperturbminm0.0__spatialperturbtargetballstate,"{""--ablation"": ""tube_only"", ""--ball-speed"": 9, ""--no-plot"": null, ""--perturb-sign"": ""random"", ""--random-perturb"": null, ""--serve-box"": null, ""--space-perturb-m"": 0.3, ""--space-perturb-min-m"": 0.0, ""--spatial-perturb-target"": ""ballstate""}",45,True,active,0.051903,1.945151,0.050231,40.0,105.0,1.78,0.97,2.0,10.0,0.051903,1.769,1.55,
exp20c_shared_targets,ablationtube_only__ballspeed9__noplot__perturbsignrandom__randomperturb__servebox__spaceperturbm0.3__spaceperturbminm0.0__spatialperturbtargetballstate,"{""--ablation"": ""tube_only"", ""--ball-speed"": 9, ""--no-plot"": null, ""--perturb-sign"": ""random"", ""--random-perturb"": null, ""--serve-box"": null, ""--space-perturb-m"": 0.3, ""--space-perturb-min-m"": 0.0, ""--spatial-perturb-target"": ""ballstate""}",46,False,miss,0.278121,1.873515,0.307506,0.0,0.0,1.21,1.0,1.7,0.0,0.278121,0.0,1.54,
exp20c_shared_targets,ablationtube_only__ballspeed9__noplot__perturbsignrandom__randomperturb__servebox__spaceperturbm0.3__spaceperturbminm0.0__spatialperturbtargetballstate,"{""--ablation"": ""tube_only"", ""--ball-speed"": 9, ""--no-plot"": null, ""--perturb-sign"": ""random"", ""--random-perturb"": null, ""--serve-box"": null, ""--space-perturb-m"": 0.3, ""--space-perturb-min-m"": 0.0, ""--spatial-perturb-target"": ""ballstate""}",49,True,active,0.076666,1.972921,0.076666,40.0,105.0,1.79,1.0,1.9,10.0,0.076666,1.768,1.37,
exp20c_shared_targets,ablationtube_only__ballspeed9__noplot__perturbsignrandom__randomperturb__servebox__spaceperturbm0.3__spaceperturbminm0.0__spatialperturbtargetballstate,"{""--ablation"": ""tube_only"", ""--ball-speed"": 9, ""--no-plot"": null, ""--perturb-sign"": ""random"", ""--random-perturb"": null, ""--serve-box"": null, ""--space-perturb-m"": 0.3, ""--space-perturb-min-m"": 0.0, ""--spatial-perturb-target"": ""ballstate""}",47,False,miss,0.289508,1.926108,0.184498,0.0,0.0,1.69,0.99,1.8,0.0,0.289508,0.0,1.94,
exp20c_shared_targets,ablationtube_only__ballspeed9__noplot__perturbsignrandom__randomperturb__servebox__spaceperturbm0.3__spaceperturbminm0.0__spatialperturbtargetballstate,"{""--ablation"": ""tube_only"", ""--ball-speed"": 9, ""--no-plot"": null, ""--perturb-sign"": ""random"", ""--random-perturb"": null, ""--serve-box"": null, ""--space-perturb-m"": 0.3, ""--space-perturb-min-m"": 0.0, ""--spatial-perturb-target"": ""ballstate""}",41,True,active,0.027635,1.980766,0.027635,40.0,105.0,1.8,1.0,1.9,0.0,0.027635,0.73,2.71,
exp20c_shared_targets,ablationtube_only__ballspeed9__noplot__perturbsignrandom__randomperturb__servebox__spaceperturbm0.3__spaceperturbminm0.0__spatialperturbtargetballstate,"{""--ablation"": ""tube_only"", ""--ball-speed"": 9, ""--no-plot"": null, ""--perturb-sign"": ""random"", ""--random-perturb"": null, ""--serve-box"": null, ""--space-perturb-m"": 0.3, ""--space-perturb-min-m"": 0.0, ""--spatial-perturb-target"": ""ballstate""}",48,True,active,0.107569,1.959392,0.103535,40.0,105.0,1.81,0.99,1.7,10.0,0.107569,1.808,1.94,
exp20c_shared_targets,ablationtube_only__ballspeed9__noplot__perturbsignrandom__randomperturb__servebox__spaceperturbm0.3__spaceperturbminm0.0__spatialperturbtargetballstate,"{""--ablation"": ""tube_only"", ""--ball-speed"": 9, ""--no-plot"": null, ""--perturb-sign"": ""random"", ""--random-perturb"": null, ""--serve-box"": null, ""--space-perturb-m"": 0.3, ""--space-perturb-min-m"": 0.0, ""--spatial-perturb-target"": ""ballstate""}",52,True,active,0.063013,1.883209,0.034801,0.0,0.0,1.74,0.98,1.5,15.0,0.063013,1.467,1.43,
exp20c_shared_targets,ablationtube_only__ballspeed9__noplot__perturbsignrandom__randomperturb__servebox__spaceperturbm0.3__spaceperturbminm0.0__spatialperturbtargetballstate,"{""--ablation"": ""tube_only"", ""--ball-speed"": 9, ""--no-plot"": null, ""--perturb-sign"": ""random"", ""--random-perturb"": null, ""--serve-box"": null, ""--space-perturb-m"": 0.3, ""--space-perturb-min-m"": 0.0, ""--spatial-perturb-target"": ""ballstate""}",43,False,miss,0.319763,1.924567,0.16136,15.0,0.0,1.48,0.99,1.4,0.0,0.319763,0.0,2.59,
exp20c_shared_targets,ablationtube_only__ballspeed9__noplot__perturbsignrandom__randomperturb__servebox__spaceperturbm0.3__spaceperturbminm0.0__spatialperturbtargetballstate,"{""--ablation"": ""tube_only"", ""--ball-speed"": 9, ""--no-plot"": null, ""--perturb-sign"": ""random"", ""--random-perturb"": null, ""--serve-box"": null, ""--space-perturb-m"": 0.3, ""--space-perturb-min-m"": 0.0, ""--spatial-perturb-target"": ""ballstate""}",53,True,active,0.064238,1.932942,0.033042,45.0,105.0,1.27,1.0,1.7,5.0,0.064238,0.923,1.41,
exp20c_shared_targets,ablationtube_only__ballspeed9__noplot__perturbsignrandom__randomperturb__servebox__spaceperturbm0.3__spaceperturbminm0.0__spatialperturbtargetballstate,"{""--ablation"": ""tube_only"", ""--ball-speed"": 9, ""--no-plot"": null, ""--perturb-sign"": ""random"", ""--random-perturb"": null, ""--serve-box"": null, ""--space-perturb-m"": 0.3, ""--space-perturb-min-m"": 0.0, ""--spatial-perturb-target"": ""ballstate""}",55,False,miss,0.347478,1.918321,0.164665,0.0,0.0,1.78,0.96,2.0,0.0,0.347478,0.0,1.44,
exp20c_shared_targets,ablationtube_only__ballspeed9__noplot__perturbsignrandom__randomperturb__servebox__spaceperturbm0.3__spaceperturbminm0.0__spatialperturbtargetballstate,"{""--ablation"": ""tube_only"", ""--ball-speed"": 9, ""--no-plot"": null, ""--perturb-sign"": ""random"", ""--random-perturb"": null, ""--serve-box"": null, ""--space-perturb-m"": 0.3, ""--space-perturb-min-m"": 0.0, ""--spatial-perturb-target"": ""ballstate""}",57,True,active,0.100385,1.925259,0.083172,0.0,0.0,1.76,0.99,2.3,15.0,0.100385,1.741,1.45,
exp20c_shared_targets,ablationtube_only__ballspeed9__noplot__perturbsignrandom__randomperturb__servebox__spaceperturbm0.3__spaceperturbminm0.0__spatialperturbtargetballstate,"{""--ablation"": ""tube_only"", ""--ball-speed"": 9, ""--no-plot"": null, ""--perturb-sign"": ""random"", ""--random-perturb"": null, ""--serve-box"": null, ""--space-perturb-m"": 0.3, ""--space-perturb-min-m"": 0.0, ""--spatial-perturb-target"": ""ballstate""}",54,True,active,0.100075,1.887274,0.093859,0.0,0.0,1.81,0.98,2.0,20.0,0.100075,1.808,1.85,
exp20c_shared_targets,ablationtube_only__ballspeed9__noplot__perturbsignrandom__randomperturb__servebox__spaceperturbm0.3__spaceperturbminm0.0__spatialperturbtargetballstate,"{""--ablation"": ""tube_only"", ""--ball-speed"": 9, ""--no-plot"": null, ""--perturb-sign"": ""random"", ""--random-perturb"": null, ""--serve-box"": null, ""--space-perturb-m"": 0.3, ""--space-perturb-min-m"": 0.0, ""--spatial-perturb-target"": ""ballstate""}",50,False,miss,0.323114,1.901847,0.150089,20.0,55.0,1.74,1.0,1.9,0.0,0.323114,0.0,2.8,
exp20c_shared_targets,ablationtube_only__ballspeed9__noplot__perturbsignrandom__randomperturb__servebox__spaceperturbm0.3__spaceperturbminm0.0__spatialperturbtargetballstate,"{""--ablation"": ""tube_only"", ""--ball-speed"": 9, ""--no-plot"": null, ""--perturb-sign"": ""random"", ""--random-perturb"": null, ""--serve-box"": null, ""--space-perturb-m"": 0.3, ""--space-perturb-min-m"": 0.0, ""--spatial-perturb-target"": ""ballstate""}",56,True,active,0.063332,1.954909,0.053333,0.0,0.0,1.79,0.93,1.8,15.0,0.063332,1.728,2.12,
exp20c_shared_targets,ablationtube_only__ballspeed9__noplot__perturbsignrandom__randomperturb__servebox__spaceperturbm0.3__spaceperturbminm0.0__spatialperturbtargetballstate,"{""--ablation"": ""tube_only"", ""--ball-speed"": 9, ""--no-plot"": null, ""--perturb-sign"": ""random"", ""--random-perturb"": null, ""--serve-box"": null, ""--space-perturb-m"": 0.3, ""--space-perturb-min-m"": 0.0, ""--spatial-perturb-target"": ""ballstate""}",60,False,miss,0.400382,1.883555,0.269959,0.0,0.0,1.43,1.0,1.1,0.0,0.400382,0.0,1.41,
exp20c_shared_targets,ablationtube_only__ballspeed9__noplot__perturbsignrandom__randomperturb__servebox__spaceperturbm0.3__spaceperturbminm0.0__spatialperturbtargetballstate,"{""--ablation"": ""tube_only"", ""--ball-speed"": 9, ""--no-plot"": null, ""--perturb-sign"": ""random"", ""--random-perturb"": null, ""--serve-box"": null, ""--space-perturb-m"": 0.3, ""--space-perturb-min-m"": 0.0, ""--spatial-perturb-target"": ""ballstate""}",58,True,active,0.049558,1.889006,0.049558,40.0,105.0,1.59,0.98,1.3,10.0,0.049558,0.777,2.08,
exp20c_shared_targets,ablationtube_only__ballspeed9__noplot__perturbsignrandom__randomperturb__servebox__spaceperturbm0.3__spaceperturbminm0.0__spatialperturbtargetballstate,"{""--ablation"": ""tube_only"", ""--ball-speed"": 9, ""--no-plot"": null, ""--perturb-sign"": ""random"", ""--random-perturb"": null, ""--serve-box"": null, ""--space-perturb-m"": 0.3, ""--space-perturb-min-m"": 0.0, ""--spatial-perturb-target"": ""ballstate""}",61,True,active,0.015288,1.915161,0.015288,40.0,105.0,1.8,0.99,1.4,0.0,0.015288,0.622,1.47,
exp20c_shared_targets,ablationtube_only__ballspeed9__noplot__perturbsignrandom__randomperturb__servebox__spaceperturbm0.3__spaceperturbminm0.0__spatialperturbtargetballstate,"{""--ablation"": ""tube_only"", ""--ball-speed"": 9, ""--no-plot"": null, ""--perturb-sign"": ""random"", ""--random-perturb"": null, ""--serve-box"": null, ""--space-perturb-m"": 0.3, ""--space-perturb-min-m"": 0.0, ""--spatial-perturb-target"": ""ballstate""}",62,True,active,0.137607,1.955809,0.126003,35.0,90.0,1.66,0.97,1.3,0.0,0.137607,0.684,1.52,
exp20c_shared_targets,ablationtube_only__ballspeed9__noplot__perturbsignrandom__randomperturb__servebox__spaceperturbm0.3__spaceperturbminm0.0__spatialperturbtargetballstate,"{""--ablation"": ""tube_only"", ""--ball-speed"": 9, ""--no-plot"": null, ""--perturb-sign"": ""random"", ""--random-perturb"": null, ""--serve-box"": null, ""--space-perturb-m"": 0.3, ""--space-perturb-min-m"": 0.0, ""--spatial-perturb-target"": ""ballstate""}",51,False,miss,0.381496,1.917772,0.252482,0.0,0.0,1.66,1.0,2.0,0.0,0.381496,0.0,2.94,
exp20c_shared_targets,ablationtube_only__ballspeed9__noplot__perturbsignrandom__randomperturb__servebox__spaceperturbm0.3__spaceperturbminm0.0__spatialperturbtargetballstate,"{""--ablation"": ""tube_only"", ""--ball-speed"": 9, ""--no-plot"": null, ""--perturb-sign"": ""random"", ""--random-perturb"": null, ""--serve-box"": null, ""--space-perturb-m"": 0.3, ""--space-perturb-min-m"": 0.0, ""--spatial-perturb-target"": ""ballstate""}",63,True,active,0.08268,1.982865,0.079461,0.0,0.0,1.33,0.99,1.3,15.0,0.08268,1.237,1.44,
exp20c_shared_targets,ablationtube_only__ballspeed9__noplot__perturbsignrandom__randomperturb__servebox__spaceperturbm0.3__spaceperturbminm0.0__spatialperturbtargetballstate,"{""--ablation"": ""tube_only"", ""--ball-speed"": 9, ""--no-plot"": null, ""--perturb-sign"": ""random"", ""--random-perturb"": null, ""--serve-box"": null, ""--space-perturb-m"": 0.3, ""--space-perturb-min-m"": 0.0, ""--spatial-perturb-target"": ""ballstate""}",64,False,miss,0.719901,1.722341,0.467213,0.0,0.0,2.78,2.25,2.8,0.0,0.719901,0.0,1.55,
exp20c_shared_targets,ablationtube_only__ballspeed9__noplot__perturbsignrandom__randomperturb__servebox__spaceperturbm0.3__spaceperturbminm0.0__spatialperturbtargetballstate,"{""--ablation"": ""tube_only"", ""--ball-speed"": 9, ""--no-plot"": null, ""--perturb-sign"": ""random"", ""--random-perturb"": null, ""--serve-box"": null, ""--space-perturb-m"": 0.3, ""--space-perturb-min-m"": 0.0, ""--spatial-perturb-target"": ""ballstate""}",65,True,active,0.027986,1.954901,0.027986,30.0,60.0,1.76,0.97,1.8,10.0,0.027986,1.763,1.46,
exp20c_shared_targets,ablationtube_only__ballspeed9__noplot__perturbsignrandom__randomperturb__servebox__spaceperturbm0.3__spaceperturbminm0.0__spatialperturbtargetballstate,"{""--ablation"": ""tube_only"", ""--ball-speed"": 9, ""--no-plot"": null, ""--perturb-sign"": ""random"", ""--random-perturb"": null, ""--serve-box"": null, ""--space-perturb-m"": 0.3, ""--space-perturb-min-m"": 0.0, ""--spatial-perturb-target"": ""ballstate""}",67,True,active,0.115884,1.927828,0.115884,35.0,105.0,1.27,0.98,1.1,5.0,0.115884,0.48,1.45,
exp20c_shared_targets,ablationtube_only__ballspeed9__noplot__perturbsignrandom__randomperturb__servebox__spaceperturbm0.3__spaceperturbminm0.0__spatialperturbtargetballstate,"{""--ablation"": ""tube_only"", ""--ball-speed"": 9, ""--no-plot"": null, ""--perturb-sign"": ""random"", ""--random-perturb"": null, ""--serve-box"": null, ""--space-perturb-m"": 0.3, ""--space-perturb-min-m"": 0.0, ""--spatial-perturb-target"": ""ballstate""}",59,True,active,0.085172,1.974134,0.072259,0.0,0.0,1.1,0.96,1.1,10.0,0.085172,0.561,2.43,
exp20c_shared_targets,ablationtube_only__ballspeed9__noplot__perturbsignrandom__randomperturb__servebox__spaceperturbm0.3__spaceperturbminm0.0__spatialperturbtargetballstate,"{""--ablation"": ""tube_only"", ""--ball-speed"": 9, ""--no-plot"": null, ""--perturb-sign"": ""random"", ""--random-perturb"": null, ""--serve-box"": null, ""--space-perturb-m"": 0.3, ""--space-perturb-min-m"": 0.0, ""--spatial-perturb-target"": ""ballstate""}",71,False,miss,0.372146,1.922474,0.151088,0.0,0.0,1.8,1.0,2.1,0.0,0.372146,0.0,1.48,
exp20c_shared_targets,ablationtube_only__ballspeed9__noplot__perturbsignrandom__randomperturb__servebox__spaceperturbm0.3__spaceperturbminm0.0__spatialperturbtargetballstate,"{""--ablation"": ""tube_only"", ""--ball-speed"": 9, ""--no-plot"": null, ""--perturb-sign"": ""random"", ""--random-perturb"": null, ""--serve-box"": null, ""--space-perturb-m"": 0.3, ""--space-perturb-min-m"": 0.0, ""--spatial-perturb-target"": ""ballstate""}",72,True,active,0.046363,1.963466,0.046363,30.0,60.0,1.36,0.95,1.7,10.0,0.046363,1.303,1.45,
exp20c_shared_targets,ablationtube_only__ballspeed9__noplot__perturbsignrandom__randomperturb__servebox__spaceperturbm0.3__spaceperturbminm0.0__spatialperturbtargetballstate,"{""--ablation"": ""tube_only"", ""--ball-speed"": 9, ""--no-plot"": null, ""--perturb-sign"": ""random"", ""--random-perturb"": null, ""--serve-box"": null, ""--space-perturb-m"": 0.3, ""--space-perturb-min-m"": 0.0, ""--spatial-perturb-target"": ""ballstate""}",73,True,active,0.0877,1.93965,0.027713,0.0,0.0,1.8,0.99,1.6,20.0,0.0877,1.803,1.47,
exp20c_shared_targets,ablationtube_only__ballspeed9__noplot__perturbsignrandom__randomperturb__servebox__spaceperturbm0.3__spaceperturbminm0.0__spatialperturbtargetballstate,"{""--ablation"": ""tube_only"", ""--ball-speed"": 9, ""--no-plot"": null, ""--perturb-sign"": ""random"", ""--random-perturb"": null, ""--serve-box"": null, ""--space-perturb-m"": 0.3, ""--space-perturb-min-m"": 0.0, ""--spatial-perturb-target"": ""ballstate""}",66,True,active,0.092723,1.946526,0.078667,0.0,0.0,1.8,0.97,1.8,15.0,0.092723,1.797,2.64,
exp20c_shared_targets,ablationtube_only__ballspeed9__noplot__perturbsignrandom__randomperturb__servebox__spaceperturbm0.3__spaceperturbminm0.0__spatialperturbtargetballstate,"{""--ablation"": ""tube_only"", ""--ball-speed"": 9, ""--no-plot"": null, ""--perturb-sign"": ""random"", ""--random-perturb"": null, ""--serve-box"": null, ""--space-perturb-m"": 0.3, ""--space-perturb-min-m"": 0.0, ""--spatial-perturb-target"": ""ballstate""}",76,True,active,0.115098,1.880929,0.091013,0.0,0.0,1.79,0.96,1.8,20.0,0.115098,1.744,1.47,
exp20c_shared_targets,ablationtube_only__ballspeed9__noplot__perturbsignrandom__randomperturb__servebox__spaceperturbm0.3__spaceperturbminm0.0__spatialperturbtargetballstate,"{""--ablation"": ""tube_only"", ""--ball-speed"": 9, ""--no-plot"": null, ""--perturb-sign"": ""random"", ""--random-perturb"": null, ""--serve-box"": null, ""--space-perturb-m"": 0.3, ""--space-perturb-min-m"": 0.0, ""--spatial-perturb-target"": ""ballstate""}",78,False,miss,0.277871,1.922205,0.172188,15.0,0.0,1.27,1.0,1.2,0.0,0.277871,0.0,1.36,
exp20c_shared_targets,ablationtube_only__ballspeed9__noplot__perturbsignrandom__randomperturb__servebox__spaceperturbm0.3__spaceperturbminm0.0__spatialperturbtargetballstate,"{""--ablation"": ""tube_only"", ""--ball-speed"": 9, ""--no-plot"": null, ""--perturb-sign"": ""random"", ""--random-perturb"": null, ""--serve-box"": null, ""--space-perturb-m"": 0.3, ""--space-perturb-min-m"": 0.0, ""--spatial-perturb-target"": ""ballstate""}",77,False,miss,0.342707,1.867131,0.156782,0.0,0.0,1.78,1.13,1.8,0.0,0.342707,0.0,1.43,
exp20c_shared_targets,ablationtube_only__ballspeed9__noplot__perturbsignrandom__randomperturb__servebox__spaceperturbm0.3__spaceperturbminm0.0__spatialperturbtargetballstate,"{""--ablation"": ""tube_only"", ""--ball-speed"": 9, ""--no-plot"": null, ""--perturb-sign"": ""random"", ""--random-perturb"": null, ""--serve-box"": null, ""--space-perturb-m"": 0.3, ""--space-perturb-min-m"": 0.0, ""--spatial-perturb-target"": ""ballstate""}",69,True,active,0.073152,1.940142,0.058681,35.0,105.0,1.74,0.99,1.7,15.0,0.073152,1.693,2.23,
exp20c_shared_targets,ablationtube_only__ballspeed9__noplot__perturbsignrandom__randomperturb__servebox__spaceperturbm0.3__spaceperturbminm0.0__spatialperturbtargetballstate,"{""--ablation"": ""tube_only"", ""--ball-speed"": 9, ""--no-plot"": null, ""--perturb-sign"": ""random"", ""--random-perturb"": null, ""--serve-box"": null, ""--space-perturb-m"": 0.3, ""--space-perturb-min-m"": 0.0, ""--spatial-perturb-target"": ""ballstate""}",80,False,miss,0.347754,1.897945,0.288437,0.0,0.0,0.97,1.0,1.3,0.0,0.347754,0.0,1.4,
exp20c_shared_targets,ablationtube_only__ballspeed9__noplot__perturbsignrandom__randomperturb__servebox__spaceperturbm0.3__spaceperturbminm0.0__spatialperturbtargetballstate,"{""--ablation"": ""tube_only"", ""--ball-speed"": 9, ""--no-plot"": null, ""--perturb-sign"": ""random"", ""--random-perturb"": null, ""--serve-box"": null, ""--space-perturb-m"": 0.3, ""--space-perturb-min-m"": 0.0, ""--spatial-perturb-target"": ""ballstate""}",68,True,active,0.023296,1.868426,0.023296,45.0,105.0,1.75,0.97,2.0,5.0,0.023296,1.365,2.79,
exp20c_shared_targets,ablationtube_only__ballspeed9__noplot__perturbsignrandom__randomperturb__servebox__spaceperturbm0.3__spaceperturbminm0.0__spatialperturbtargetballstate,"{""--ablation"": ""tube_only"", ""--ball-speed"": 9, ""--no-plot"": null, ""--perturb-sign"": ""random"", ""--random-perturb"": null, ""--serve-box"": null, ""--space-perturb-m"": 0.3, ""--space-perturb-min-m"": 0.0, ""--spatial-perturb-target"": ""ballstate""}",79,False,miss,0.337598,1.907107,0.140225,0.0,0.0,1.8,0.98,1.5,0.0,0.337598,0.0,1.5,
exp20c_shared_targets,ablationtube_only__ballspeed9__noplot__perturbsignrandom__randomperturb__servebox__spaceperturbm0.3__spaceperturbminm0.0__spatialperturbtargetballstate,"{""--ablation"": ""tube_only"", ""--ball-speed"": 9, ""--no-plot"": null, ""--perturb-sign"": ""random"", ""--random-perturb"": null, ""--serve-box"": null, ""--space-perturb-m"": 0.3, ""--space-perturb-min-m"": 0.0, ""--spatial-perturb-target"": ""ballstate""}",70,True,active,0.111899,1.967617,0.110721,40.0,105.0,1.05,1.0,1.3,0.0,0.111899,0.387,2.79,
exp20c_shared_targets,ablationtube_only__ballspeed9__noplot__perturbsignrandom__randomperturb__servebox__spaceperturbm0.3__spaceperturbminm0.0__spatialperturbtargetballstate,"{""--ablation"": ""tube_only"", ""--ball-speed"": 9, ""--no-plot"": null, ""--perturb-sign"": ""random"", ""--random-perturb"": null, ""--serve-box"": null, ""--space-perturb-m"": 0.3, ""--space-perturb-min-m"": 0.0, ""--spatial-perturb-target"": ""ballstate""}",74,False,miss,0.315936,1.947302,0.168572,15.0,0.0,1.41,1.0,1.3,0.0,0.315936,0.0,2.46,
exp20c_shared_targets,ablationtube_only__ballspeed9__noplot__perturbsignrandom__randomperturb__servebox__spaceperturbm0.3__spaceperturbminm0.0__spatialperturbtargetballstate,"{""--ablation"": ""tube_only"", ""--ball-speed"": 9, ""--no-plot"": null, ""--perturb-sign"": ""random"", ""--random-perturb"": null, ""--serve-box"": null, ""--space-perturb-m"": 0.3, ""--space-perturb-min-m"": 0.0, ""--spatial-perturb-target"": ""ballstate""}",81,True,active,0.036505,1.976368,0.027383,45.0,105.0,1.38,0.97,1.7,10.0,0.036505,0.905,1.4,
exp20c_shared_targets,ablationtube_only__ballspeed9__noplot__perturbsignrandom__randomperturb__servebox__spaceperturbm0.3__spaceperturbminm0.0__spatialperturbtargetballstate,"{""--ablation"": ""tube_only"", ""--ball-speed"": 9, ""--no-plot"": null, ""--perturb-sign"": ""random"", ""--random-perturb"": null, ""--serve-box"": null, ""--space-perturb-m"": 0.3, ""--space-perturb-min-m"": 0.0, ""--spatial-perturb-target"": ""ballstate""}",82,True,active,0.143965,1.901546,0.141075,35.0,80.0,1.46,1.0,1.4,5.0,0.143965,0.927,1.42,
exp20c_shared_targets,ablationtube_only__ballspeed9__noplot__perturbsignrandom__randomperturb__servebox__spaceperturbm0.3__spaceperturbminm0.0__spatialperturbtargetballstate,"{""--ablation"": ""tube_only"", ""--ball-speed"": 9, ""--no-plot"": null, ""--perturb-sign"": ""random"", ""--random-perturb"": null, ""--serve-box"": null, ""--space-perturb-m"": 0.3, ""--space-perturb-min-m"": 0.0, ""--spatial-perturb-target"": ""ballstate""}",75,False,miss,0.269402,1.899146,0.186501,0.0,0.0,1.12,1.0,1.6,0.0,0.269402,0.0,2.9,
exp20c_shared_targets,ablationtube_only__ballspeed9__noplot__perturbsignrandom__randomperturb__servebox__spaceperturbm0.3__spaceperturbminm0.0__spatialperturbtargetballstate,"{""--ablation"": ""tube_only"", ""--ball-speed"": 9, ""--no-plot"": null, ""--perturb-sign"": ""random"", ""--random-perturb"": null, ""--serve-box"": null, ""--space-perturb-m"": 0.3, ""--space-perturb-min-m"": 0.0, ""--spatial-perturb-target"": ""ballstate""}",85,True,active,0.061055,1.963983,0.061055,40.0,105.0,1.57,0.99,1.5,10.0,0.061055,1.395,1.5,
exp20c_shared_targets,ablationtube_only__ballspeed9__noplot__perturbsignrandom__randomperturb__servebox__spaceperturbm0.3__spaceperturbminm0.0__spatialperturbtargetballstate,"{""--ablation"": ""tube_only"", ""--ball-speed"": 9, ""--no-plot"": null, ""--perturb-sign"": ""random"", ""--random-perturb"": null, ""--serve-box"": null, ""--space-perturb-m"": 0.3, ""--space-perturb-min-m"": 0.0, ""--spatial-perturb-target"": ""ballstate""}",84,True,active,0.089344,1.734131,0.062815,40.0,85.0,1.8,1.0,1.7,20.0,0.089344,1.754,1.61,
exp20c_shared_targets,ablationtube_only__ballspeed9__noplot__perturbsignrandom__randomperturb__servebox__spaceperturbm0.3__spaceperturbminm0.0__spatialperturbtargetballstate,"{""--ablation"": ""tube_only"", ""--ball-speed"": 9, ""--no-plot"": null, ""--perturb-sign"": ""random"", ""--random-perturb"": null, ""--serve-box"": null, ""--space-perturb-m"": 0.3, ""--space-perturb-min-m"": 0.0, ""--spatial-perturb-target"": ""ballstate""}",89,True,active,0.082064,1.94991,0.052001,50.0,105.0,1.42,0.99,1.0,10.0,0.082064,1.105,1.37,
exp20c_shared_targets,ablationtube_only__ballspeed9__noplot__perturbsignrandom__randomperturb__servebox__spaceperturbm0.3__spaceperturbminm0.0__spatialperturbtargetballstate,"{""--ablation"": ""tube_only"", ""--ball-speed"": 9, ""--no-plot"": null, ""--perturb-sign"": ""random"", ""--random-perturb"": null, ""--serve-box"": null, ""--space-perturb-m"": 0.3, ""--space-perturb-min-m"": 0.0, ""--spatial-perturb-target"": ""ballstate""}",91,False,miss,0.290362,1.935337,0.179124,10.0,0.0,0.96,1.0,1.3,0.0,0.290362,0.0,1.39,
exp20c_shared_targets,ablationtube_only__ballspeed9__noplot__perturbsignrandom__randomperturb__servebox__spaceperturbm0.3__spaceperturbminm0.0__spatialperturbtargetballstate,"{""--ablation"": ""tube_only"", ""--ball-speed"": 9, ""--no-plot"": null, ""--perturb-sign"": ""random"", ""--random-perturb"": null, ""--serve-box"": null, ""--space-perturb-m"": 0.3, ""--space-perturb-min-m"": 0.0, ""--spatial-perturb-target"": ""ballstate""}",88,True,active,0.02325,1.9342,0.02325,50.0,105.0,1.63,0.97,2.0,5.0,0.02325,1.203,1.84,
exp20c_shared_targets,ablationtube_only__ballspeed9__noplot__perturbsignrandom__randomperturb__servebox__spaceperturbm0.3__spaceperturbminm0.0__spatialperturbtargetballstate,"{""--ablation"": ""tube_only"", ""--ball-speed"": 9, ""--no-plot"": null, ""--perturb-sign"": ""random"", ""--random-perturb"": null, ""--serve-box"": null, ""--space-perturb-m"": 0.3, ""--space-perturb-min-m"": 0.0, ""--spatial-perturb-target"": ""ballstate""}",93,True,active,0.060203,1.91994,0.054818,40.0,105.0,1.65,0.98,1.7,5.0,0.060203,1.261,1.4,
exp20c_shared_targets,ablationtube_only__ballspeed9__noplot__perturbsignrandom__randomperturb__servebox__spaceperturbm0.3__spaceperturbminm0.0__spatialperturbtargetballstate,"{""--ablation"": ""tube_only"", ""--ball-speed"": 9, ""--no-plot"": null, ""--perturb-sign"": ""random"", ""--random-perturb"": null, ""--serve-box"": null, ""--space-perturb-m"": 0.3, ""--space-perturb-min-m"": 0.0, ""--spatial-perturb-target"": ""ballstate""}",92,False,miss,0.348432,1.906116,0.234302,0.0,0.0,1.61,1.0,1.6,0.0,0.348432,0.0,1.43,
exp20c_shared_targets,ablationtube_only__ballspeed9__noplot__perturbsignrandom__randomperturb__servebox__spaceperturbm0.3__spaceperturbminm0.0__spatialperturbtargetballstate,"{""--ablation"": ""tube_only"", ""--ball-speed"": 9, ""--no-plot"": null, ""--perturb-sign"": ""random"", ""--random-perturb"": null, ""--serve-box"": null, ""--space-perturb-m"": 0.3, ""--space-perturb-min-m"": 0.0, ""--spatial-perturb-target"": ""ballstate""}",90,True,active,0.134768,1.965002,0.122854,35.0,85.0,1.69,0.99,1.6,10.0,0.134768,1.577,2.07,
exp20c_shared_targets,ablationtube_only__ballspeed9__noplot__perturbsignrandom__randomperturb__servebox__spaceperturbm0.3__spaceperturbminm0.0__spatialperturbtargetballstate,"{""--ablation"": ""tube_only"", ""--ball-speed"": 9, ""--no-plot"": null, ""--perturb-sign"": ""random"", ""--random-perturb"": null, ""--serve-box"": null, ""--space-perturb-m"": 0.3, ""--space-perturb-min-m"": 0.0, ""--spatial-perturb-target"": ""ballstate""}",95,False,miss,0.318458,1.910585,0.186122,0.0,0.0,1.64,1.0,1.5,0.0,0.318458,0.0,1.37,
exp20c_shared_targets,ablationtube_only__ballspeed9__noplot__perturbsignrandom__randomperturb__servebox__spaceperturbm0.3__spaceperturbminm0.0__spatialperturbtargetballstate,"{""--ablation"": ""tube_only"", ""--ball-speed"": 9, ""--no-plot"": null, ""--perturb-sign"": ""random"", ""--random-perturb"": null, ""--serve-box"": null, ""--space-perturb-m"": 0.3, ""--space-perturb-min-m"": 0.0, ""--spatial-perturb-target"": ""ballstate""}",86,True,active,0.118343,1.93849,0.110327,35.0,105.0,1.77,0.99,1.7,10.0,0.118343,1.764,2.66,
exp20c_shared_targets,ablationtube_only__ballspeed9__noplot__perturbsignrandom__randomperturb__servebox__spaceperturbm0.3__spaceperturbminm0.0__spatialperturbtargetballstate,"{""--ablation"": ""tube_only"", ""--ball-speed"": 9, ""--no-plot"": null, ""--perturb-sign"": ""random"", ""--random-perturb"": null, ""--serve-box"": null, ""--space-perturb-m"": 0.3, ""--space-perturb-min-m"": 0.0, ""--spatial-perturb-target"": ""ballstate""}",83,True,active,0.071152,1.952557,0.066989,40.0,105.0,1.79,0.91,1.6,10.0,0.071152,1.794,2.94,
exp20c_shared_targets,ablationtube_only__ballspeed9__noplot__perturbsignrandom__randomperturb__servebox__spaceperturbm0.3__spaceperturbminm0.0__spatialperturbtargetballstate,"{""--ablation"": ""tube_only"", ""--ball-speed"": 9, ""--no-plot"": null, ""--perturb-sign"": ""random"", ""--random-perturb"": null, ""--serve-box"": null, ""--space-perturb-m"": 0.3, ""--space-perturb-min-m"": 0.0, ""--spatial-perturb-target"": ""ballstate""}",87,True,active,0.05386,1.961418,0.019763,30.0,50.0,1.78,1.0,1.7,15.0,0.05386,1.718,2.95,
exp20c_shared_targets,ablationtube_only__ballspeed9__noplot__perturbsignrandom__randomperturb__servebox__spaceperturbm0.3__spaceperturbminm0.0__spatialperturbtargetballstate,"{""--ablation"": ""tube_only"", ""--ball-speed"": 9, ""--no-plot"": null, ""--perturb-sign"": ""random"", ""--random-perturb"": null, ""--serve-box"": null, ""--space-perturb-m"": 0.3, ""--space-perturb-min-m"": 0.0, ""--spatial-perturb-target"": ""ballstate""}",94,False,miss,0.322705,1.950334,0.150202,0.0,0.0,1.75,0.98,1.5,0.0,0.322705,0.0,1.98,
exp20c_shared_targets,ablationtube_only__ballspeed9__noplot__perturbsignrandom__randomperturb__servebox__spaceperturbm0.3__spaceperturbminm0.0__spatialperturbtargetballstate,"{""--ablation"": ""tube_only"", ""--ball-speed"": 9, ""--no-plot"": null, ""--perturb-sign"": ""random"", ""--random-perturb"": null, ""--serve-box"": null, ""--space-perturb-m"": 0.3, ""--space-perturb-min-m"": 0.0, ""--spatial-perturb-target"": ""ballstate""}",97,True,active,0.108802,2.023289,0.108802,10.0,20.0,1.51,0.97,1.2,5.0,0.108802,0.962,1.58,
exp20c_shared_targets,ablationtube_only__ballspeed9__noplot__perturbsignrandom__randomperturb__servebox__spaceperturbm0.3__spaceperturbminm0.0__spatialperturbtargetballstate,"{""--ablation"": ""tube_only"", ""--ball-speed"": 9, ""--no-plot"": null, ""--perturb-sign"": ""random"", ""--random-perturb"": null, ""--serve-box"": null, ""--space-perturb-m"": 0.3, ""--space-perturb-min-m"": 0.0, ""--spatial-perturb-target"": ""ballstate""}",96,True,active,0.010722,1.92932,0.010722,45.0,105.0,1.67,1.0,1.6,5.0,0.010722,1.299,1.82,
exp20c_shared_targets,ablationtube_only__ballspeed9__noplot__perturbsignrandom__randomperturb__servebox__spaceperturbm0.3__spaceperturbminm0.0__spatialperturbtargetballstate,"{""--ablation"": ""tube_only"", ""--ball-speed"": 9, ""--no-plot"": null, ""--perturb-sign"": ""random"", ""--random-perturb"": null, ""--serve-box"": null, ""--space-perturb-m"": 0.3, ""--space-perturb-min-m"": 0.0, ""--spatial-perturb-target"": ""ballstate""}",99,False,miss,0.362712,1.918314,0.265093,0.0,0.0,1.15,1.0,1.1,0.0,0.362712,0.0,1.39,
exp20c_shared_targets,ablationtube_only__ballspeed9__noplot__perturbsignrandom__randomperturb__servebox__spaceperturbm0.3__spaceperturbminm0.0__spatialperturbtargetballstate,"{""--ablation"": ""tube_only"", ""--ball-speed"": 9, ""--no-plot"": null, ""--perturb-sign"": ""random"", ""--random-perturb"": null, ""--serve-box"": null, ""--space-perturb-m"": 0.3, ""--space-perturb-min-m"": 0.0, ""--spatial-perturb-target"": ""ballstate""}",100,True,active,0.040669,1.93681,0.016001,45.0,105.0,1.78,0.98,1.7,10.0,0.040669,1.775,1.37,
exp20c_shared_targets,ablationsoftmin_only__ballspeed9__noplot__perturbsignrandom__randomperturb__servebox__spaceperturbm0.3__spaceperturbminm0.0__spatialperturbtargetballstate,"{""--ablation"": ""softmin_only"", ""--ball-speed"": 9, ""--no-plot"": null, ""--perturb-sign"": ""random"", ""--random-perturb"": null, ""--serve-box"": null, ""--space-perturb-m"": 0.3, ""--space-perturb-min-m"": 0.0, ""--spatial-perturb-target"": ""ballstate""}",1,True,active,0.099658,1.939108,0.096201,35.0,105.0,1.78,1.0,1.5,20.0,0.099658,1.622,1.53,
exp20c_shared_targets,ablationsoftmin_only__ballspeed9__noplot__perturbsignrandom__randomperturb__servebox__spaceperturbm0.3__spaceperturbminm0.0__spatialperturbtargetballstate,"{""--ablation"": ""softmin_only"", ""--ball-speed"": 9, ""--no-plot"": null, ""--perturb-sign"": ""random"", ""--random-perturb"": null, ""--serve-box"": null, ""--space-perturb-m"": 0.3, ""--space-perturb-min-m"": 0.0, ""--spatial-perturb-target"": ""ballstate""}",5,True,active,0.100254,1.938552,0.080208,0.0,0.0,1.78,1.0,1.5,20.0,0.100254,1.659,1.37,
exp20c_shared_targets,ablationsoftmin_only__ballspeed9__noplot__perturbsignrandom__randomperturb__servebox__spaceperturbm0.3__spaceperturbminm0.0__spatialperturbtargetballstate,"{""--ablation"": ""softmin_only"", ""--ball-speed"": 9, ""--no-plot"": null, ""--perturb-sign"": ""random"", ""--random-perturb"": null, ""--serve-box"": null, ""--space-perturb-m"": 0.3, ""--space-perturb-min-m"": 0.0, ""--spatial-perturb-target"": ""ballstate""}",2,True,active,0.098857,1.937766,0.034718,0.0,40.0,1.05,1.0,1.1,0.0,0.098857,0.382,1.66,
exp20c_shared_targets,ablationtube_only__ballspeed9__noplot__perturbsignrandom__randomperturb__servebox__spaceperturbm0.3__spaceperturbminm0.0__spatialperturbtargetballstate,"{""--ablation"": ""tube_only"", ""--ball-speed"": 9, ""--no-plot"": null, ""--perturb-sign"": ""random"", ""--random-perturb"": null, ""--serve-box"": null, ""--space-perturb-m"": 0.3, ""--space-perturb-min-m"": 0.0, ""--spatial-perturb-target"": ""ballstate""}",98,False,miss,0.29013,1.944076,0.095362,0.0,0.0,0.96,0.99,1.1,0.0,0.29013,0.0,2.56,
exp20c_shared_targets,ablationsoftmin_only__ballspeed9__noplot__perturbsignrandom__randomperturb__servebox__spaceperturbm0.3__spaceperturbminm0.0__spatialperturbtargetballstate,"{""--ablation"": ""softmin_only"", ""--ball-speed"": 9, ""--no-plot"": null, ""--perturb-sign"": ""random"", ""--random-perturb"": null, ""--serve-box"": null, ""--space-perturb-m"": 0.3, ""--space-perturb-min-m"": 0.0, ""--spatial-perturb-target"": ""ballstate""}",6,True,active,0.026996,1.944984,0.008652,50.0,105.0,1.09,0.98,1.0,0.0,0.026996,0.392,1.51,
exp20c_shared_targets,ablationsoftmin_only__ballspeed9__noplot__perturbsignrandom__randomperturb__servebox__spaceperturbm0.3__spaceperturbminm0.0__spatialperturbtargetballstate,"{""--ablation"": ""softmin_only"", ""--ball-speed"": 9, ""--no-plot"": null, ""--perturb-sign"": ""random"", ""--random-perturb"": null, ""--serve-box"": null, ""--space-perturb-m"": 0.3, ""--space-perturb-min-m"": 0.0, ""--spatial-perturb-target"": ""ballstate""}",9,True,active,0.092265,1.943806,0.092265,30.0,105.0,1.74,0.96,2.0,15.0,0.092265,1.716,1.44,
exp20c_shared_targets,ablationsoftmin_only__ballspeed9__noplot__perturbsignrandom__randomperturb__servebox__spaceperturbm0.3__spaceperturbminm0.0__spatialperturbtargetballstate,"{""--ablation"": ""softmin_only"", ""--ball-speed"": 9, ""--no-plot"": null, ""--perturb-sign"": ""random"", ""--random-perturb"": null, ""--serve-box"": null, ""--space-perturb-m"": 0.3, ""--space-perturb-min-m"": 0.0, ""--spatial-perturb-target"": ""ballstate""}",10,True,active,0.042483,1.969232,0.042483,40.0,105.0,1.96,0.99,2.0,15.0,0.042483,1.779,1.45,
exp20c_shared_targets,ablationsoftmin_only__ballspeed9__noplot__perturbsignrandom__randomperturb__servebox__spaceperturbm0.3__spaceperturbminm0.0__spatialperturbtargetballstate,"{""--ablation"": ""softmin_only"", ""--ball-speed"": 9, ""--no-plot"": null, ""--perturb-sign"": ""random"", ""--random-perturb"": null, ""--serve-box"": null, ""--space-perturb-m"": 0.3, ""--space-perturb-min-m"": 0.0, ""--spatial-perturb-target"": ""ballstate""}",12,True,active,0.073796,1.984785,0.073796,35.0,105.0,1.8,0.97,1.8,20.0,0.073796,1.763,1.36,
exp20c_shared_targets,ablationsoftmin_only__ballspeed9__noplot__perturbsignrandom__randomperturb__servebox__spaceperturbm0.3__spaceperturbminm0.0__spatialperturbtargetballstate,"{""--ablation"": ""softmin_only"", ""--ball-speed"": 9, ""--no-plot"": null, ""--perturb-sign"": ""random"", ""--random-perturb"": null, ""--serve-box"": null, ""--space-perturb-m"": 0.3, ""--space-perturb-min-m"": 0.0, ""--spatial-perturb-target"": ""ballstate""}",4,True,active,0.120984,1.979833,0.118097,35.0,105.0,1.8,1.0,1.5,20.0,0.120984,1.383,2.06,
exp20c_shared_targets,ablationsoftmin_only__ballspeed9__noplot__perturbsignrandom__randomperturb__servebox__spaceperturbm0.3__spaceperturbminm0.0__spatialperturbtargetballstate,"{""--ablation"": ""softmin_only"", ""--ball-speed"": 9, ""--no-plot"": null, ""--perturb-sign"": ""random"", ""--random-perturb"": null, ""--serve-box"": null, ""--space-perturb-m"": 0.3, ""--space-perturb-min-m"": 0.0, ""--spatial-perturb-target"": ""ballstate""}",13,True,active,0.094553,1.968229,0.094553,35.0,105.0,1.81,1.0,1.8,25.0,0.094553,1.673,1.41,
exp20c_shared_targets,ablationsoftmin_only__ballspeed9__noplot__perturbsignrandom__randomperturb__servebox__spaceperturbm0.3__spaceperturbminm0.0__spatialperturbtargetballstate,"{""--ablation"": ""softmin_only"", ""--ball-speed"": 9, ""--no-plot"": null, ""--perturb-sign"": ""random"", ""--random-perturb"": null, ""--serve-box"": null, ""--space-perturb-m"": 0.3, ""--space-perturb-min-m"": 0.0, ""--spatial-perturb-target"": ""ballstate""}",20,,,,,,,,,,,,,,0.21,no_result
exp20c_shared_targets,ablationsoftmin_only__ballspeed9__noplot__perturbsignrandom__randomperturb__servebox__spaceperturbm0.3__spaceperturbminm0.0__spatialperturbtargetballstate,"{""--ablation"": ""softmin_only"", ""--ball-speed"": 9, ""--no-plot"": null, ""--perturb-sign"": ""random"", ""--random-perturb"": null, ""--serve-box"": null, ""--space-perturb-m"": 0.3, ""--space-perturb-min-m"": 0.0, ""--spatial-perturb-target"": ""ballstate""}",21,,,,,,,,,,,,,,0.21,no_result
exp20c_shared_targets,ablationsoftmin_only__ballspeed9__noplot__perturbsignrandom__randomperturb__servebox__spaceperturbm0.3__spaceperturbminm0.0__spatialperturbtargetballstate,"{""--ablation"": ""softmin_only"", ""--ball-speed"": 9, ""--no-plot"": null, ""--perturb-sign"": ""random"", ""--random-perturb"": null, ""--serve-box"": null, ""--space-perturb-m"": 0.3, ""--space-perturb-min-m"": 0.0, ""--spatial-perturb-target"": ""ballstate""}",3,True,active,0.086618,1.964573,0.086618,35.0,105.0,1.83,1.1,1.8,30.0,0.086618,1.728,2.69,
exp20c_shared_targets,ablationsoftmin_only__ballspeed9__noplot__perturbsignrandom__randomperturb__servebox__spaceperturbm0.3__spaceperturbminm0.0__spatialperturbtargetballstate,"{""--ablation"": ""softmin_only"", ""--ball-speed"": 9, ""--no-plot"": null, ""--perturb-sign"": ""random"", ""--random-perturb"": null, ""--serve-box"": null, ""--space-perturb-m"": 0.3, ""--space-perturb-min-m"": 0.0, ""--spatial-perturb-target"": ""ballstate""}",11,False,miss,0.345416,1.946466,0.203069,0.0,0.0,1.6,1.0,1.7,0.0,0.345416,0.0,1.89,
exp20c_shared_targets,ablationsoftmin_only__ballspeed9__noplot__perturbsignrandom__randomperturb__servebox__spaceperturbm0.3__spaceperturbminm0.0__spatialperturbtargetballstate,"{""--ablation"": ""softmin_only"", ""--ball-speed"": 9, ""--no-plot"": null, ""--perturb-sign"": ""random"", ""--random-perturb"": null, ""--serve-box"": null, ""--space-perturb-m"": 0.3, ""--space-perturb-min-m"": 0.0, ""--spatial-perturb-target"": ""ballstate""}",15,False,miss,0.356559,1.930867,0.172704,0.0,0.0,1.79,0.99,2.3,0.0,0.356559,0.0,1.4,
exp20c_shared_targets,ablationsoftmin_only__ballspeed9__noplot__perturbsignrandom__randomperturb__servebox__spaceperturbm0.3__spaceperturbminm0.0__spatialperturbtargetballstate,"{""--ablation"": ""softmin_only"", ""--ball-speed"": 9, ""--no-plot"": null, ""--perturb-sign"": ""random"", ""--random-perturb"": null, ""--serve-box"": null, ""--space-perturb-m"": 0.3, ""--space-perturb-min-m"": 0.0, ""--spatial-perturb-target"": ""ballstate""}",16,True,active,0.09593,1.931534,0.086797,0.0,0.0,1.8,1.09,2.0,30.0,0.09593,1.462,1.52,
exp20c_shared_targets,ablationsoftmin_only__ballspeed9__noplot__perturbsignrandom__randomperturb__servebox__spaceperturbm0.3__spaceperturbminm0.0__spatialperturbtargetballstate,"{""--ablation"": ""softmin_only"", ""--ball-speed"": 9, ""--no-plot"": null, ""--perturb-sign"": ""random"", ""--random-perturb"": null, ""--serve-box"": null, ""--space-perturb-m"": 0.3, ""--space-perturb-min-m"": 0.0, ""--spatial-perturb-target"": ""ballstate""}",17,True,active,0.023382,1.955585,0.023382,35.0,80.0,1.63,1.0,1.9,5.0,0.023382,0.717,1.44,
exp20c_shared_targets,ablationsoftmin_only__ballspeed9__noplot__perturbsignrandom__randomperturb__servebox__spaceperturbm0.3__spaceperturbminm0.0__spatialperturbtargetballstate,"{""--ablation"": ""softmin_only"", ""--ball-speed"": 9, ""--no-plot"": null, ""--perturb-sign"": ""random"", ""--random-perturb"": null, ""--serve-box"": null, ""--space-perturb-m"": 0.3, ""--space-perturb-min-m"": 0.0, ""--spatial-perturb-target"": ""ballstate""}",7,True,active,0.037209,1.970176,0.037209,0.0,0.0,2.04,0.96,2.0,20.0,0.037209,1.699,2.81,
exp20c_shared_targets,ablationsoftmin_only__ballspeed9__noplot__perturbsignrandom__randomperturb__servebox__spaceperturbm0.3__spaceperturbminm0.0__spatialperturbtargetballstate,"{""--ablation"": ""softmin_only"", ""--ball-speed"": 9, ""--no-plot"": null, ""--perturb-sign"": ""random"", ""--random-perturb"": null, ""--serve-box"": null, ""--space-perturb-m"": 0.3, ""--space-perturb-min-m"": 0.0, ""--spatial-perturb-target"": ""ballstate""}",18,True,active,0.099,1.931863,0.08538,35.0,105.0,1.8,0.99,1.7,20.0,0.099,1.651,1.52,
exp20c_shared_targets,ablationsoftmin_only__ballspeed9__noplot__perturbsignrandom__randomperturb__servebox__spaceperturbm0.3__spaceperturbminm0.0__spatialperturbtargetballstate,"{""--ablation"": ""softmin_only"", ""--ball-speed"": 9, ""--no-plot"": null, ""--perturb-sign"": ""random"", ""--random-perturb"": null, ""--serve-box"": null, ""--space-perturb-m"": 0.3, ""--space-perturb-min-m"": 0.0, ""--spatial-perturb-target"": ""ballstate""}",23,True,active,0.014914,1.967519,0.014914,45.0,85.0,1.39,0.97,1.5,5.0,0.014914,0.967,1.41,
exp20c_shared_targets,ablationsoftmin_only__ballspeed9__noplot__perturbsignrandom__randomperturb__servebox__spaceperturbm0.3__spaceperturbminm0.0__spatialperturbtargetballstate,"{""--ablation"": ""softmin_only"", ""--ball-speed"": 9, ""--no-plot"": null, ""--perturb-sign"": ""random"", ""--random-perturb"": null, ""--serve-box"": null, ""--space-perturb-m"": 0.3, ""--space-perturb-min-m"": 0.0, ""--spatial-perturb-target"": ""ballstate""}",19,True,active,0.037212,1.953398,0.037212,20.0,70.0,1.8,0.94,1.6,15.0,0.037212,1.745,1.62,
exp20c_shared_targets,ablationsoftmin_only__ballspeed9__noplot__perturbsignrandom__randomperturb__servebox__spaceperturbm0.3__spaceperturbminm0.0__spatialperturbtargetballstate,"{""--ablation"": ""softmin_only"", ""--ball-speed"": 9, ""--no-plot"": null, ""--perturb-sign"": ""random"", ""--random-perturb"": null, ""--serve-box"": null, ""--space-perturb-m"": 0.3, ""--space-perturb-min-m"": 0.0, ""--spatial-perturb-target"": ""ballstate""}",8,True,passive,0.11217,1.967136,0.094118,35.0,105.0,1.22,1.0,1.3,5.0,0.11217,0.183,3.14,
exp20c_shared_targets,ablationsoftmin_only__ballspeed9__noplot__perturbsignrandom__randomperturb__servebox__spaceperturbm0.3__spaceperturbminm0.0__spatialperturbtargetballstate,"{""--ablation"": ""softmin_only"", ""--ball-speed"": 9, ""--no-plot"": null, ""--perturb-sign"": ""random"", ""--random-perturb"": null, ""--serve-box"": null, ""--space-perturb-m"": 0.3, ""--space-perturb-min-m"": 0.0, ""--spatial-perturb-target"": ""ballstate""}",24,False,miss,0.226255,1.951917,5.88139,0.0,0.0,1.02,0.27,0.8,0.0,0.226255,0.0,1.6,
exp20c_shared_targets,ablationsoftmin_only__ballspeed9__noplot__perturbsignrandom__randomperturb__servebox__spaceperturbm0.3__spaceperturbminm0.0__spatialperturbtargetballstate,"{""--ablation"": ""softmin_only"", ""--ball-speed"": 9, ""--no-plot"": null, ""--perturb-sign"": ""random"", ""--random-perturb"": null, ""--serve-box"": null, ""--space-perturb-m"": 0.3, ""--space-perturb-min-m"": 0.0, ""--spatial-perturb-target"": ""ballstate""}",25,True,active,0.142549,1.951007,0.135414,35.0,105.0,1.81,0.99,1.7,15.0,0.142549,1.271,1.72,
exp20c_shared_targets,ablationsoftmin_only__ballspeed9__noplot__perturbsignrandom__randomperturb__servebox__spaceperturbm0.3__spaceperturbminm0.0__spatialperturbtargetballstate,"{""--ablation"": ""softmin_only"", ""--ball-speed"": 9, ""--no-plot"": null, ""--perturb-sign"": ""random"", ""--random-perturb"": null, ""--serve-box"": null, ""--space-perturb-m"": 0.3, ""--space-perturb-min-m"": 0.0, ""--spatial-perturb-target"": ""ballstate""}",27,False,miss,0.219917,1.90379,0.189023,0.0,0.0,1.2,1.0,1.3,0.0,0.219917,0.0,1.45,
exp20c_shared_targets,ablationsoftmin_only__ballspeed9__noplot__perturbsignrandom__randomperturb__servebox__spaceperturbm0.3__spaceperturbminm0.0__spatialperturbtargetballstate,"{""--ablation"": ""softmin_only"", ""--ball-speed"": 9, ""--no-plot"": null, ""--perturb-sign"": ""random"", ""--random-perturb"": null, ""--serve-box"": null, ""--space-perturb-m"": 0.3, ""--space-perturb-min-m"": 0.0, ""--spatial-perturb-target"": ""ballstate""}",14,True,active,0.064226,1.911107,0.064226,40.0,105.0,1.12,0.98,1.4,5.0,0.064226,0.862,2.93,
exp20c_shared_targets,ablationsoftmin_only__ballspeed9__noplot__perturbsignrandom__randomperturb__servebox__spaceperturbm0.3__spaceperturbminm0.0__spatialperturbtargetballstate,"{""--ablation"": ""softmin_only"", ""--ball-speed"": 9, ""--no-plot"": null, ""--perturb-sign"": ""random"", ""--random-perturb"": null, ""--serve-box"": null, ""--space-perturb-m"": 0.3, ""--space-perturb-min-m"": 0.0, ""--spatial-perturb-target"": ""ballstate""}",26,True,active,0.079095,1.945844,0.079095,35.0,105.0,1.8,1.0,1.5,15.0,0.079095,1.67,1.67,
exp20c_shared_targets,ablationsoftmin_only__ballspeed9__noplot__perturbsignrandom__randomperturb__servebox__spaceperturbm0.3__spaceperturbminm0.0__spatialperturbtargetballstate,"{""--ablation"": ""softmin_only"", ""--ball-speed"": 9, ""--no-plot"": null, ""--perturb-sign"": ""random"", ""--random-perturb"": null, ""--serve-box"": null, ""--space-perturb-m"": 0.3, ""--space-perturb-min-m"": 0.0, ""--spatial-perturb-target"": ""ballstate""}",29,True,active,0.063134,1.898743,0.063134,50.0,105.0,1.26,0.99,1.6,15.0,0.063134,0.965,1.47,
exp20c_shared_targets,ablationsoftmin_only__ballspeed9__noplot__perturbsignrandom__randomperturb__servebox__spaceperturbm0.3__spaceperturbminm0.0__spatialperturbtargetballstate,"{""--ablation"": ""softmin_only"", ""--ball-speed"": 9, ""--no-plot"": null, ""--perturb-sign"": ""random"", ""--random-perturb"": null, ""--serve-box"": null, ""--space-perturb-m"": 0.3, ""--space-perturb-min-m"": 0.0, ""--spatial-perturb-target"": ""ballstate""}",30,True,active,0.114286,1.956571,0.108248,35.0,105.0,1.79,0.99,1.7,20.0,0.114286,1.723,1.43,
exp20c_shared_targets,ablationsoftmin_only__ballspeed9__noplot__perturbsignrandom__randomperturb__servebox__spaceperturbm0.3__spaceperturbminm0.0__spatialperturbtargetballstate,"{""--ablation"": ""softmin_only"", ""--ball-speed"": 9, ""--no-plot"": null, ""--perturb-sign"": ""random"", ""--random-perturb"": null, ""--serve-box"": null, ""--space-perturb-m"": 0.3, ""--space-perturb-min-m"": 0.0, ""--spatial-perturb-target"": ""ballstate""}",31,False,miss,0.400073,1.954045,0.150593,20.0,0.0,1.8,0.99,1.8,0.0,0.400073,0.0,1.83,
exp20c_shared_targets,ablationsoftmin_only__ballspeed9__noplot__perturbsignrandom__randomperturb__servebox__spaceperturbm0.3__spaceperturbminm0.0__spatialperturbtargetballstate,"{""--ablation"": ""softmin_only"", ""--ball-speed"": 9, ""--no-plot"": null, ""--perturb-sign"": ""random"", ""--random-perturb"": null, ""--serve-box"": null, ""--space-perturb-m"": 0.3, ""--space-perturb-min-m"": 0.0, ""--spatial-perturb-target"": ""ballstate""}",33,True,active,0.095602,1.989193,0.087367,40.0,105.0,1.61,0.98,1.2,10.0,0.095602,1.508,1.39,
exp20c_shared_targets,ablationsoftmin_only__ballspeed9__noplot__perturbsignrandom__randomperturb__servebox__spaceperturbm0.3__spaceperturbminm0.0__spatialperturbtargetballstate,"{""--ablation"": ""softmin_only"", ""--ball-speed"": 9, ""--no-plot"": null, ""--perturb-sign"": ""random"", ""--random-perturb"": null, ""--serve-box"": null, ""--space-perturb-m"": 0.3, ""--space-perturb-min-m"": 0.0, ""--spatial-perturb-target"": ""ballstate""}",34,True,active,0.110056,1.96854,0.110056,35.0,105.0,1.8,1.0,1.5,15.0,0.110056,1.685,1.42,
exp20c_shared_targets,ablationsoftmin_only__ballspeed9__noplot__perturbsignrandom__randomperturb__servebox__spaceperturbm0.3__spaceperturbminm0.0__spatialperturbtargetballstate,"{""--ablation"": ""softmin_only"", ""--ball-speed"": 9, ""--no-plot"": null, ""--perturb-sign"": ""random"", ""--random-perturb"": null, ""--serve-box"": null, ""--space-perturb-m"": 0.3, ""--space-perturb-min-m"": 0.0, ""--spatial-perturb-target"": ""ballstate""}",22,True,active,0.061204,1.902167,0.059981,40.0,105.0,2.44,1.43,1.9,50.0,0.061204,1.483,3.05,
exp20c_shared_targets,ablationsoftmin_only__ballspeed9__noplot__perturbsignrandom__randomperturb__servebox__spaceperturbm0.3__spaceperturbminm0.0__spatialperturbtargetballstate,"{""--ablation"": ""softmin_only"", ""--ball-speed"": 9, ""--no-plot"": null, ""--perturb-sign"": ""random"", ""--random-perturb"": null, ""--serve-box"": null, ""--space-perturb-m"": 0.3, ""--space-perturb-min-m"": 0.0, ""--spatial-perturb-target"": ""ballstate""}",35,True,active,0.045945,1.9398,0.036587,0.0,0.0,1.89,0.98,2.1,25.0,0.045945,1.787,1.5,
exp20c_shared_targets,ablationsoftmin_only__ballspeed9__noplot__perturbsignrandom__randomperturb__servebox__spaceperturbm0.3__spaceperturbminm0.0__spatialperturbtargetballstate,"{""--ablation"": ""softmin_only"", ""--ball-speed"": 9, ""--no-plot"": null, ""--perturb-sign"": ""random"", ""--random-perturb"": null, ""--serve-box"": null, ""--space-perturb-m"": 0.3, ""--space-perturb-min-m"": 0.0, ""--spatial-perturb-target"": ""ballstate""}",36,True,active,0.061266,1.948742,0.061266,35.0,105.0,1.8,0.96,1.9,15.0,0.061266,1.802,1.59,
exp20c_shared_targets,ablationsoftmin_only__ballspeed9__noplot__perturbsignrandom__randomperturb__servebox__spaceperturbm0.3__spaceperturbminm0.0__spatialperturbtargetballstate,"{""--ablation"": ""softmin_only"", ""--ball-speed"": 9, ""--no-plot"": null, ""--perturb-sign"": ""random"", ""--random-perturb"": null, ""--serve-box"": null, ""--space-perturb-m"": 0.3, ""--space-perturb-min-m"": 0.0, ""--spatial-perturb-target"": ""ballstate""}",39,True,active,0.088596,1.899065,0.088596,40.0,105.0,1.47,1.0,1.6,10.0,0.088596,1.386,1.45,
exp20c_shared_targets,ablationsoftmin_only__ballspeed9__noplot__perturbsignrandom__randomperturb__servebox__spaceperturbm0.3__spaceperturbminm0.0__spatialperturbtargetballstate,"{""--ablation"": ""softmin_only"", ""--ball-speed"": 9, ""--no-plot"": null, ""--perturb-sign"": ""random"", ""--random-perturb"": null, ""--serve-box"": null, ""--space-perturb-m"": 0.3, ""--space-perturb-min-m"": 0.0, ""--spatial-perturb-target"": ""ballstate""}",28,False,miss,0.353177,1.931908,0.129353,0.0,0.0,1.77,0.99,1.5,0.0,0.353177,0.0,2.75,
exp20c_shared_targets,ablationsoftmin_only__ballspeed9__noplot__perturbsignrandom__randomperturb__servebox__spaceperturbm0.3__spaceperturbminm0.0__spatialperturbtargetballstate,"{""--ablation"": ""softmin_only"", ""--ball-speed"": 9, ""--no-plot"": null, ""--perturb-sign"": ""random"", ""--random-perturb"": null, ""--serve-box"": null, ""--space-perturb-m"": 0.3, ""--space-perturb-min-m"": 0.0, ""--spatial-perturb-target"": ""ballstate""}",32,True,active,0.077614,1.953577,0.077614,40.0,105.0,1.4,0.91,1.6,15.0,0.077614,1.182,2.41,
exp20c_shared_targets,ablationsoftmin_only__ballspeed9__noplot__perturbsignrandom__randomperturb__servebox__spaceperturbm0.3__spaceperturbminm0.0__spatialperturbtargetballstate,"{""--ablation"": ""softmin_only"", ""--ball-speed"": 9, ""--no-plot"": null, ""--perturb-sign"": ""random"", ""--random-perturb"": null, ""--serve-box"": null, ""--space-perturb-m"": 0.3, ""--space-perturb-min-m"": 0.0, ""--spatial-perturb-target"": ""ballstate""}",41,True,active,0.072926,1.984413,0.072926,35.0,105.0,1.8,1.0,1.7,5.0,0.072926,1.21,1.51,
exp20c_shared_targets,ablationsoftmin_only__ballspeed9__noplot__perturbsignrandom__randomperturb__servebox__spaceperturbm0.3__spaceperturbminm0.0__spatialperturbtargetballstate,"{""--ablation"": ""softmin_only"", ""--ball-speed"": 9, ""--no-plot"": null, ""--perturb-sign"": ""random"", ""--random-perturb"": null, ""--serve-box"": null, ""--space-perturb-m"": 0.3, ""--space-perturb-min-m"": 0.0, ""--spatial-perturb-target"": ""ballstate""}",42,False,miss,0.397736,1.97062,0.16822,15.0,0.0,1.76,1.0,1.6,0.0,0.397736,0.0,1.47,
exp20c_shared_targets,ablationsoftmin_only__ballspeed9__noplot__perturbsignrandom__randomperturb__servebox__spaceperturbm0.3__spaceperturbminm0.0__spatialperturbtargetballstate,"{""--ablation"": ""softmin_only"", ""--ball-speed"": 9, ""--no-plot"": null, ""--perturb-sign"": ""random"", ""--random-perturb"": null, ""--serve-box"": null, ""--space-perturb-m"": 0.3, ""--space-perturb-min-m"": 0.0, ""--spatial-perturb-target"": ""ballstate""}",38,False,miss,0.364307,1.965725,0.153141,20.0,0.0,1.8,1.0,1.8,0.0,0.364307,0.0,2.1,
exp20c_shared_targets,ablationsoftmin_only__ballspeed9__noplot__perturbsignrandom__randomperturb__servebox__spaceperturbm0.3__spaceperturbminm0.0__spatialperturbtargetballstate,"{""--ablation"": ""softmin_only"", ""--ball-speed"": 9, ""--no-plot"": null, ""--perturb-sign"": ""random"", ""--random-perturb"": null, ""--serve-box"": null, ""--space-perturb-m"": 0.3, ""--space-perturb-min-m"": 0.0, ""--spatial-perturb-target"": ""ballstate""}",40,True,active,0.077457,1.950048,0.062179,40.0,105.0,1.79,0.99,1.9,15.0,0.077457,1.756,2.22,
exp20c_shared_targets,ablationsoftmin_only__ballspeed9__noplot__perturbsignrandom__randomperturb__servebox__spaceperturbm0.3__spaceperturbminm0.0__spatialperturbtargetballstate,"{""--ablation"": ""softmin_only"", ""--ball-speed"": 9, ""--no-plot"": null, ""--perturb-sign"": ""random"", ""--random-perturb"": null, ""--serve-box"": null, ""--space-perturb-m"": 0.3, ""--space-perturb-min-m"": 0.0, ""--spatial-perturb-target"": ""ballstate""}",45,True,active,0.071651,1.957441,0.071651,35.0,105.0,1.78,0.96,1.9,20.0,0.071651,1.757,1.43,
exp20c_shared_targets,ablationsoftmin_only__ballspeed9__noplot__perturbsignrandom__randomperturb__servebox__spaceperturbm0.3__spaceperturbminm0.0__spatialperturbtargetballstate,"{""--ablation"": ""softmin_only"", ""--ball-speed"": 9, ""--no-plot"": null, ""--perturb-sign"": ""random"", ""--random-perturb"": null, ""--serve-box"": null, ""--space-perturb-m"": 0.3, ""--space-perturb-min-m"": 0.0, ""--spatial-perturb-target"": ""ballstate""}",43,False,miss,0.396703,1.916338,0.220286,0.0,0.0,1.74,1.0,1.7,0.0,0.396703,0.0,1.6,
exp20c_shared_targets,ablationsoftmin_only__ballspeed9__noplot__perturbsignrandom__randomperturb__servebox__spaceperturbm0.3__spaceperturbminm0.0__spatialperturbtargetballstate,"{""--ablation"": ""softmin_only"", ""--ball-speed"": 9, ""--no-plot"": null, ""--perturb-sign"": ""random"", ""--random-perturb"": null, ""--serve-box"": null, ""--space-perturb-m"": 0.3, ""--space-perturb-min-m"": 0.0, ""--spatial-perturb-target"": ""ballstate""}",44,False,miss,0.403515,1.934124,0.211246,0.0,0.0,1.8,1.0,1.9,0.0,0.403515,0.0,1.54,
exp20c_shared_targets,ablationsoftmin_only__ballspeed9__noplot__perturbsignrandom__randomperturb__servebox__spaceperturbm0.3__spaceperturbminm0.0__spatialperturbtargetballstate,"{""--ablation"": ""softmin_only"", ""--ball-speed"": 9, ""--no-plot"": null, ""--perturb-sign"": ""random"", ""--random-perturb"": null, ""--serve-box"": null, ""--space-perturb-m"": 0.3, ""--space-perturb-min-m"": 0.0, ""--spatial-perturb-target"": ""ballstate""}",46,True,active,0.123715,1.947124,0.116313,30.0,105.0,1.79,1.0,1.7,10.0,0.123715,0.422,1.4,
exp20c_shared_targets,ablationsoftmin_only__ballspeed9__noplot__perturbsignrandom__randomperturb__servebox__spaceperturbm0.3__spaceperturbminm0.0__spatialperturbtargetballstate,"{""--ablation"": ""softmin_only"", ""--ball-speed"": 9, ""--no-plot"": null, ""--perturb-sign"": ""random"", ""--random-perturb"": null, ""--serve-box"": null, ""--space-perturb-m"": 0.3, ""--space-perturb-min-m"": 0.0, ""--spatial-perturb-target"": ""ballstate""}",51,False,miss,0.440007,1.901346,0.312106,0.0,0.0,1.29,1.0,1.3,0.0,0.440007,0.0,1.45,
exp20c_shared_targets,ablationsoftmin_only__ballspeed9__noplot__perturbsignrandom__randomperturb__servebox__spaceperturbm0.3__spaceperturbminm0.0__spatialperturbtargetballstate,"{""--ablation"": ""softmin_only"", ""--ball-speed"": 9, ""--no-plot"": null, ""--perturb-sign"": ""random"", ""--random-perturb"": null, ""--serve-box"": null, ""--space-perturb-m"": 0.3, ""--space-perturb-min-m"": 0.0, ""--spatial-perturb-target"": ""ballstate""}",37,False,miss,0.580609,1.759903,0.364378,0.0,0.0,2.47,1.8,3.0,0.0,0.580609,0.0,3.15,
exp20c_shared_targets,ablationsoftmin_only__ballspeed9__noplot__perturbsignrandom__randomperturb__servebox__spaceperturbm0.3__spaceperturbminm0.0__spatialperturbtargetballstate,"{""--ablation"": ""softmin_only"", ""--ball-speed"": 9, ""--no-plot"": null, ""--perturb-sign"": ""random"", ""--random-perturb"": null, ""--serve-box"": null, ""--space-perturb-m"": 0.3, ""--space-perturb-min-m"": 0.0, ""--spatial-perturb-target"": ""ballstate""}",52,True,active,0.102942,1.957129,0.086049,30.0,80.0,1.78,0.98,1.6,25.0,0.102942,1.754,1.48,
exp20c_shared_targets,ablationsoftmin_only__ballspeed9__noplot__perturbsignrandom__randomperturb__servebox__spaceperturbm0.3__spaceperturbminm0.0__spatialperturbtargetballstate,"{""--ablation"": ""softmin_only"", ""--ball-speed"": 9, ""--no-plot"": null, ""--perturb-sign"": ""random"", ""--random-perturb"": null, ""--serve-box"": null, ""--space-perturb-m"": 0.3, ""--space-perturb-min-m"": 0.0, ""--spatial-perturb-target"": ""ballstate""}",54,False,miss,0.298373,1.940625,0.150822,0.0,0.0,1.39,1.0,1.4,0.0,0.298373,0.0,1.41,
exp20c_shared_targets,ablationsoftmin_only__ballspeed9__noplot__perturbsignrandom__randomperturb__servebox__spaceperturbm0.3__spaceperturbminm0.0__spatialperturbtargetballstate,"{""--ablation"": ""softmin_only"", ""--ball-speed"": 9, ""--no-plot"": null, ""--perturb-sign"": ""random"", ""--random-perturb"": null, ""--serve-box"": null, ""--space-perturb-m"": 0.3, ""--space-perturb-min-m"": 0.0, ""--spatial-perturb-target"": ""ballstate""}",53,True,active,0.094085,2.001154,0.042157,0.0,0.0,1.8,1.0,2.0,30.0,0.094085,1.715,1.58,
exp20c_shared_targets,ablationsoftmin_only__ballspeed9__noplot__perturbsignrandom__randomperturb__servebox__spaceperturbm0.3__spaceperturbminm0.0__spatialperturbtargetballstate,"{""--ablation"": ""softmin_only"", ""--ball-speed"": 9, ""--no-plot"": null, ""--perturb-sign"": ""random"", ""--random-perturb"": null, ""--serve-box"": null, ""--space-perturb-m"": 0.3, ""--space-perturb-min-m"": 0.0, ""--spatial-perturb-target"": ""ballstate""}",49,True,active,0.139865,1.990964,0.136273,30.0,85.0,1.75,1.0,1.7,15.0,0.139865,1.529,2.02,
exp20c_shared_targets,ablationsoftmin_only__ballspeed9__noplot__perturbsignrandom__randomperturb__servebox__spaceperturbm0.3__spaceperturbminm0.0__spatialperturbtargetballstate,"{""--ablation"": ""softmin_only"", ""--ball-speed"": 9, ""--no-plot"": null, ""--perturb-sign"": ""random"", ""--random-perturb"": null, ""--serve-box"": null, ""--space-perturb-m"": 0.3, ""--space-perturb-min-m"": 0.0, ""--spatial-perturb-target"": ""ballstate""}",50,False,miss,0.372369,1.918867,0.168414,15.0,0.0,1.7,1.0,1.4,0.0,0.372369,0.0,2.0,
exp20c_shared_targets,ablationsoftmin_only__ballspeed9__noplot__perturbsignrandom__randomperturb__servebox__spaceperturbm0.3__spaceperturbminm0.0__spatialperturbtargetballstate,"{""--ablation"": ""softmin_only"", ""--ball-speed"": 9, ""--no-plot"": null, ""--perturb-sign"": ""random"", ""--random-perturb"": null, ""--serve-box"": null, ""--space-perturb-m"": 0.3, ""--space-perturb-min-m"": 0.0, ""--spatial-perturb-target"": ""ballstate""}",56,True,active,0.117671,1.935598,0.115376,10.0,30.0,1.78,0.99,2.3,15.0,0.117671,1.701,1.42,
exp20c_shared_targets,ablationsoftmin_only__ballspeed9__noplot__perturbsignrandom__randomperturb__servebox__spaceperturbm0.3__spaceperturbminm0.0__spatialperturbtargetballstate,"{""--ablation"": ""softmin_only"", ""--ball-speed"": 9, ""--no-plot"": null, ""--perturb-sign"": ""random"", ""--random-perturb"": null, ""--serve-box"": null, ""--space-perturb-m"": 0.3, ""--space-perturb-min-m"": 0.0, ""--spatial-perturb-target"": ""ballstate""}",57,True,active,0.110969,1.94231,0.100302,0.0,0.0,1.78,0.91,1.9,25.0,0.110969,1.728,1.41,
exp20c_shared_targets,ablationsoftmin_only__ballspeed9__noplot__perturbsignrandom__randomperturb__servebox__spaceperturbm0.3__spaceperturbminm0.0__spatialperturbtargetballstate,"{""--ablation"": ""softmin_only"", ""--ball-speed"": 9, ""--no-plot"": null, ""--perturb-sign"": ""random"", ""--random-perturb"": null, ""--serve-box"": null, ""--space-perturb-m"": 0.3, ""--space-perturb-min-m"": 0.0, ""--spatial-perturb-target"": ""ballstate""}",47,False,miss,0.325138,1.933916,0.229779,0.0,0.0,1.21,0.99,1.0,0.0,0.325138,0.0,2.74,
exp20c_shared_targets,ablationsoftmin_only__ballspeed9__noplot__perturbsignrandom__randomperturb__servebox__spaceperturbm0.3__spaceperturbminm0.0__spatialperturbtargetballstate,"{""--ablation"": ""softmin_only"", ""--ball-speed"": 9, ""--no-plot"": null, ""--perturb-sign"": ""random"", ""--random-perturb"": null, ""--serve-box"": null, ""--space-perturb-m"": 0.3, ""--space-perturb-min-m"": 0.0, ""--spatial-perturb-target"": ""ballstate""}",55,False,miss,0.416787,1.91863,0.189872,0.0,0.0,1.78,0.98,1.9,0.0,0.416787,0.0,1.69,
exp20c_shared_targets,ablationsoftmin_only__ballspeed9__noplot__perturbsignrandom__randomperturb__servebox__spaceperturbm0.3__spaceperturbminm0.0__spatialperturbtargetballstate,"{""--ablation"": ""softmin_only"", ""--ball-speed"": 9, ""--no-plot"": null, ""--perturb-sign"": ""random"", ""--random-perturb"": null, ""--serve-box"": null, ""--space-perturb-m"": 0.3, ""--space-perturb-min-m"": 0.0, ""--spatial-perturb-target"": ""ballstate""}",48,True,active,0.136502,1.96701,0.118364,40.0,100.0,1.78,1.0,1.6,15.0,0.136502,1.603,2.67,
exp20c_shared_targets,ablationsoftmin_only__ballspeed9__noplot__perturbsignrandom__randomperturb__servebox__spaceperturbm0.3__spaceperturbminm0.0__spatialperturbtargetballstate,"{""--ablation"": ""softmin_only"", ""--ball-speed"": 9, ""--no-plot"": null, ""--perturb-sign"": ""random"", ""--random-perturb"": null, ""--serve-box"": null, ""--space-perturb-m"": 0.3, ""--space-perturb-min-m"": 0.0, ""--spatial-perturb-target"": ""ballstate""}",58,True,active,0.037752,1.878651,0.037752,45.0,105.0,1.59,0.94,1.3,10.0,0.037752,1.117,1.7,
exp20c_shared_targets,ablationsoftmin_only__ballspeed9__noplot__perturbsignrandom__randomperturb__servebox__spaceperturbm0.3__spaceperturbminm0.0__spatialperturbtargetballstate,"{""--ablation"": ""softmin_only"", ""--ball-speed"": 9, ""--no-plot"": null, ""--perturb-sign"": ""random"", ""--random-perturb"": null, ""--serve-box"": null, ""--space-perturb-m"": 0.3, ""--space-perturb-min-m"": 0.0, ""--spatial-perturb-target"": ""ballstate""}",61,True,passive,0.034403,1.906143,0.025945,45.0,105.0,1.8,1.0,1.5,5.0,0.034403,0.206,1.53,
exp20c_shared_targets,ablationsoftmin_only__ballspeed9__noplot__perturbsignrandom__randomperturb__servebox__spaceperturbm0.3__spaceperturbminm0.0__spatialperturbtargetballstate,"{""--ablation"": ""softmin_only"", ""--ball-speed"": 9, ""--no-plot"": null, ""--perturb-sign"": ""random"", ""--random-perturb"": null, ""--serve-box"": null, ""--space-perturb-m"": 0.3, ""--space-perturb-min-m"": 0.0, ""--spatial-perturb-target"": ""ballstate""}",59,True,passive,0.097229,2.010235,0.088624,0.0,0.0,1.31,0.98,1.0,5.0,0.097229,0.273,2.22,
exp20c_shared_targets,ablationsoftmin_only__ballspeed9__noplot__perturbsignrandom__randomperturb__servebox__spaceperturbm0.3__spaceperturbminm0.0__spatialperturbtargetballstate,"{""--ablation"": ""softmin_only"", ""--ball-speed"": 9, ""--no-plot"": null, ""--perturb-sign"": ""random"", ""--random-perturb"": null, ""--serve-box"": null, ""--space-perturb-m"": 0.3, ""--space-perturb-min-m"": 0.0, ""--spatial-perturb-target"": ""ballstate""}",62,True,active,0.151884,1.966307,0.148552,30.0,70.0,1.74,1.0,1.3,10.0,0.151884,1.575,1.4,
exp20c_shared_targets,ablationsoftmin_only__ballspeed9__noplot__perturbsignrandom__randomperturb__servebox__spaceperturbm0.3__spaceperturbminm0.0__spatialperturbtargetballstate,"{""--ablation"": ""softmin_only"", ""--ball-speed"": 9, ""--no-plot"": null, ""--perturb-sign"": ""random"", ""--random-perturb"": null, ""--serve-box"": null, ""--space-perturb-m"": 0.3, ""--space-perturb-min-m"": 0.0, ""--spatial-perturb-target"": ""ballstate""}",63,True,active,0.040008,1.976713,0.040008,5.0,5.0,1.82,0.97,1.9,25.0,0.040008,1.405,1.38,
exp20c_shared_targets,ablationsoftmin_only__ballspeed9__noplot__perturbsignrandom__randomperturb__servebox__spaceperturbm0.3__spaceperturbminm0.0__spatialperturbtargetballstate,"{""--ablation"": ""softmin_only"", ""--ball-speed"": 9, ""--no-plot"": null, ""--perturb-sign"": ""random"", ""--random-perturb"": null, ""--serve-box"": null, ""--space-perturb-m"": 0.3, ""--space-perturb-min-m"": 0.0, ""--spatial-perturb-target"": ""ballstate""}",66,True,active,0.094316,1.935476,0.0914,40.0,105.0,1.73,1.0,2.0,20.0,0.094316,1.512,1.37,
exp20c_shared_targets,ablationsoftmin_only__ballspeed9__noplot__perturbsignrandom__randomperturb__servebox__spaceperturbm0.3__spaceperturbminm0.0__spatialperturbtargetballstate,"{""--ablation"": ""softmin_only"", ""--ball-speed"": 9, ""--no-plot"": null, ""--perturb-sign"": ""random"", ""--random-perturb"": null, ""--serve-box"": null, ""--space-perturb-m"": 0.3, ""--space-perturb-min-m"": 0.0, ""--spatial-perturb-target"": ""ballstate""}",68,True,active,0.037592,1.83841,0.035237,50.0,105.0,1.31,0.96,1.6,0.0,0.037592,0.638,1.45,
exp20c_shared_targets,ablationsoftmin_only__ballspeed9__noplot__perturbsignrandom__randomperturb__servebox__spaceperturbm0.3__spaceperturbminm0.0__spatialperturbtargetballstate,"{""--ablation"": ""softmin_only"", ""--ball-speed"": 9, ""--no-plot"": null, ""--perturb-sign"": ""random"", ""--random-perturb"": null, ""--serve-box"": null, ""--space-perturb-m"": 0.3, ""--space-perturb-min-m"": 0.0, ""--spatial-perturb-target"": ""ballstate""}",69,True,active,0.044128,1.956042,0.02279,45.0,105.0,1.79,1.0,2.1,20.0,0.044128,1.436,1.48,
exp20c_shared_targets,ablationsoftmin_only__ballspeed9__noplot__perturbsignrandom__randomperturb__servebox__spaceperturbm0.3__spaceperturbminm0.0__spatialperturbtargetballstate,"{""--ablation"": ""softmin_only"", ""--ball-speed"": 9, ""--no-plot"": null, ""--perturb-sign"": ""random"", ""--random-perturb"": null, ""--serve-box"": null, ""--space-perturb-m"": 0.3, ""--space-perturb-min-m"": 0.0, ""--spatial-perturb-target"": ""ballstate""}",64,False,miss,0.727526,1.723352,0.487032,0.0,0.0,2.78,2.25,2.8,0.0,0.727526,0.0,2.04,
exp20c_shared_targets,ablationsoftmin_only__ballspeed9__noplot__perturbsignrandom__randomperturb__servebox__spaceperturbm0.3__spaceperturbminm0.0__spatialperturbtargetballstate,"{""--ablation"": ""softmin_only"", ""--ball-speed"": 9, ""--no-plot"": null, ""--perturb-sign"": ""random"", ""--random-perturb"": null, ""--serve-box"": null, ""--space-perturb-m"": 0.3, ""--space-perturb-min-m"": 0.0, ""--spatial-perturb-target"": ""ballstate""}",72,True,active,0.035206,1.936831,0.035206,50.0,105.0,1.73,1.0,1.3,5.0,0.035206,1.108,1.44,
exp20c_shared_targets,ablationsoftmin_only__ballspeed9__noplot__perturbsignrandom__randomperturb__servebox__spaceperturbm0.3__spaceperturbminm0.0__spatialperturbtargetballstate,"{""--ablation"": ""softmin_only"", ""--ball-speed"": 9, ""--no-plot"": null, ""--perturb-sign"": ""random"", ""--random-perturb"": null, ""--serve-box"": null, ""--space-perturb-m"": 0.3, ""--space-perturb-min-m"": 0.0, ""--spatial-perturb-target"": ""ballstate""}",60,False,miss,0.349627,1.946968,0.190316,0.0,0.0,1.74,1.0,1.2,0.0,0.349627,0.0,2.93,
exp20c_shared_targets,ablationsoftmin_only__ballspeed9__noplot__perturbsignrandom__randomperturb__servebox__spaceperturbm0.3__spaceperturbminm0.0__spatialperturbtargetballstate,"{""--ablation"": ""softmin_only"", ""--ball-speed"": 9, ""--no-plot"": null, ""--perturb-sign"": ""random"", ""--random-perturb"": null, ""--serve-box"": null, ""--space-perturb-m"": 0.3, ""--space-perturb-min-m"": 0.0, ""--spatial-perturb-target"": ""ballstate""}",70,True,active,0.054715,1.981105,0.054715,35.0,105.0,1.05,1.0,1.2,10.0,0.054715,0.774,2.09,
exp20c_shared_targets,ablationsoftmin_only__ballspeed9__noplot__perturbsignrandom__randomperturb__servebox__spaceperturbm0.3__spaceperturbminm0.0__spatialperturbtargetballstate,"{""--ablation"": ""softmin_only"", ""--ball-speed"": 9, ""--no-plot"": null, ""--perturb-sign"": ""random"", ""--random-perturb"": null, ""--serve-box"": null, ""--space-perturb-m"": 0.3, ""--space-perturb-min-m"": 0.0, ""--spatial-perturb-target"": ""ballstate""}",74,False,miss,0.390728,1.97003,0.161749,15.0,0.0,1.8,1.0,1.6,0.0,0.390728,0.0,1.44,
exp20c_shared_targets,ablationsoftmin_only__ballspeed9__noplot__perturbsignrandom__randomperturb__servebox__spaceperturbm0.3__spaceperturbminm0.0__spatialperturbtargetballstate,"{""--ablation"": ""softmin_only"", ""--ball-speed"": 9, ""--no-plot"": null, ""--perturb-sign"": ""random"", ""--random-perturb"": null, ""--serve-box"": null, ""--space-perturb-m"": 0.3, ""--space-perturb-min-m"": 0.0, ""--spatial-perturb-target"": ""ballstate""}",75,True,active,0.131326,1.941812,0.131326,35.0,95.0,1.45,1.0,1.4,5.0,0.131326,0.747,1.41,
exp20c_shared_targets,ablationsoftmin_only__ballspeed9__noplot__perturbsignrandom__randomperturb__servebox__spaceperturbm0.3__spaceperturbminm0.0__spatialperturbtargetballstate,"{""--ablation"": ""softmin_only"", ""--ball-speed"": 9, ""--no-plot"": null, ""--perturb-sign"": ""random"", ""--random-perturb"": null, ""--serve-box"": null, ""--space-perturb-m"": 0.3, ""--space-perturb-min-m"": 0.0, ""--spatial-perturb-target"": ""ballstate""}",76,False,miss,0.322898,1.870649,0.152862,0.0,0.0,1.36,1.0,1.5,0.0,0.322898,0.0,1.4,
exp20c_shared_targets,ablationsoftmin_only__ballspeed9__noplot__perturbsignrandom__randomperturb__servebox__spaceperturbm0.3__spaceperturbminm0.0__spatialperturbtargetballstate,"{""--ablation"": ""softmin_only"", ""--ball-speed"": 9, ""--no-plot"": null, ""--perturb-sign"": ""random"", ""--random-perturb"": null, ""--serve-box"": null, ""--space-perturb-m"": 0.3, ""--space-perturb-min-m"": 0.0, ""--spatial-perturb-target"": ""ballstate""}",73,True,active,0.075074,1.964168,0.062861,30.0,85.0,1.81,1.0,2.0,30.0,0.075074,1.679,1.7,
exp20c_shared_targets,ablationsoftmin_only__ballspeed9__noplot__perturbsignrandom__randomperturb__servebox__spaceperturbm0.3__spaceperturbminm0.0__spatialperturbtargetballstate,"{""--ablation"": ""softmin_only"", ""--ball-speed"": 9, ""--no-plot"": null, ""--perturb-sign"": ""random"", ""--random-perturb"": null, ""--serve-box"": null, ""--space-perturb-m"": 0.3, ""--space-perturb-min-m"": 0.0, ""--spatial-perturb-target"": ""ballstate""}",77,False,miss,0.347892,1.939951,0.141437,0.0,0.0,1.8,1.13,1.7,0.0,0.347892,0.0,1.51,
exp20c_shared_targets,ablationsoftmin_only__ballspeed9__noplot__perturbsignrandom__randomperturb__servebox__spaceperturbm0.3__spaceperturbminm0.0__spatialperturbtargetballstate,"{""--ablation"": ""softmin_only"", ""--ball-speed"": 9, ""--no-plot"": null, ""--perturb-sign"": ""random"", ""--random-perturb"": null, ""--serve-box"": null, ""--space-perturb-m"": 0.3, ""--space-perturb-min-m"": 0.0, ""--spatial-perturb-target"": ""ballstate""}",67,False,miss,0.329163,1.927583,0.172526,15.0,0.0,1.08,0.97,1.2,0.0,0.329163,0.0,2.64,
exp20c_shared_targets,ablationsoftmin_only__ballspeed9__noplot__perturbsignrandom__randomperturb__servebox__spaceperturbm0.3__spaceperturbminm0.0__spatialperturbtargetballstate,"{""--ablation"": ""softmin_only"", ""--ball-speed"": 9, ""--no-plot"": null, ""--perturb-sign"": ""random"", ""--random-perturb"": null, ""--serve-box"": null, ""--space-perturb-m"": 0.3, ""--space-perturb-min-m"": 0.0, ""--spatial-perturb-target"": ""ballstate""}",65,True,active,0.033251,1.947994,0.033251,40.0,95.0,1.8,1.0,2.0,20.0,0.033251,1.705,3.03,
exp20c_shared_targets,ablationsoftmin_only__ballspeed9__noplot__perturbsignrandom__randomperturb__servebox__spaceperturbm0.3__spaceperturbminm0.0__spatialperturbtargetballstate,"{""--ablation"": ""softmin_only"", ""--ball-speed"": 9, ""--no-plot"": null, ""--perturb-sign"": ""random"", ""--random-perturb"": null, ""--serve-box"": null, ""--space-perturb-m"": 0.3, ""--space-perturb-min-m"": 0.0, ""--spatial-perturb-target"": ""ballstate""}",78,True,active,0.147367,1.934626,0.135291,35.0,80.0,1.56,0.99,1.4,0.0,0.147367,0.716,1.39,
exp20c_shared_targets,ablationsoftmin_only__ballspeed9__noplot__perturbsignrandom__randomperturb__servebox__spaceperturbm0.3__spaceperturbminm0.0__spatialperturbtargetballstate,"{""--ablation"": ""softmin_only"", ""--ball-speed"": 9, ""--no-plot"": null, ""--perturb-sign"": ""random"", ""--random-perturb"": null, ""--serve-box"": null, ""--space-perturb-m"": 0.3, ""--space-perturb-min-m"": 0.0, ""--spatial-perturb-target"": ""ballstate""}",79,False,miss,0.376838,1.939167,0.155297,0.0,0.0,1.8,0.99,1.8,0.0,0.376838,0.0,1.47,
exp20c_shared_targets,ablationsoftmin_only__ballspeed9__noplot__perturbsignrandom__randomperturb__servebox__spaceperturbm0.3__spaceperturbminm0.0__spatialperturbtargetballstate,"{""--ablation"": ""softmin_only"", ""--ball-speed"": 9, ""--no-plot"": null, ""--perturb-sign"": ""random"", ""--random-perturb"": null, ""--serve-box"": null, ""--space-perturb-m"": 0.3, ""--space-perturb-min-m"": 0.0, ""--spatial-perturb-target"": ""ballstate""}",71,False,miss,0.35429,1.940108,0.205153,0.0,0.0,1.79,1.0,1.4,0.0,0.35429,0.0,3.06,
exp20c_shared_targets,ablationsoftmin_only__ballspeed9__noplot__perturbsignrandom__randomperturb__servebox__spaceperturbm0.3__spaceperturbminm0.0__spatialperturbtargetballstate,"{""--ablation"": ""softmin_only"", ""--ball-speed"": 9, ""--no-plot"": null, ""--perturb-sign"": ""random"", ""--random-perturb"": null, ""--serve-box"": null, ""--space-perturb-m"": 0.3, ""--space-perturb-min-m"": 0.0, ""--spatial-perturb-target"": ""ballstate""}",82,True,active,0.14637,1.949991,0.13817,40.0,85.0,1.66,1.0,1.5,10.0,0.14637,1.345,1.47,
exp20c_shared_targets,ablationsoftmin_only__ballspeed9__noplot__perturbsignrandom__randomperturb__servebox__spaceperturbm0.3__spaceperturbminm0.0__spatialperturbtargetballstate,"{""--ablation"": ""softmin_only"", ""--ball-speed"": 9, ""--no-plot"": null, ""--perturb-sign"": ""random"", ""--random-perturb"": null, ""--serve-box"": null, ""--space-perturb-m"": 0.3, ""--space-perturb-min-m"": 0.0, ""--spatial-perturb-target"": ""ballstate""}",84,True,active,0.070628,1.961038,0.070628,40.0,105.0,1.81,1.0,1.3,15.0,0.070628,1.522,1.47,
exp20c_shared_targets,ablationsoftmin_only__ballspeed9__noplot__perturbsignrandom__randomperturb__servebox__spaceperturbm0.3__spaceperturbminm0.0__spatialperturbtargetballstate,"{""--ablation"": ""softmin_only"", ""--ball-speed"": 9, ""--no-plot"": null, ""--perturb-sign"": ""random"", ""--random-perturb"": null, ""--serve-box"": null, ""--space-perturb-m"": 0.3, ""--space-perturb-min-m"": 0.0, ""--spatial-perturb-target"": ""ballstate""}",85,True,active,0.030531,1.963265,0.021325,50.0,105.0,1.35,1.0,1.4,10.0,0.030531,0.901,1.59,
exp20c_shared_targets,ablationsoftmin_only__ballspeed9__noplot__perturbsignrandom__randomperturb__servebox__spaceperturbm0.3__spaceperturbminm0.0__spatialperturbtargetballstate,"{""--ablation"": ""softmin_only"", ""--ball-speed"": 9, ""--no-plot"": null, ""--perturb-sign"": ""random"", ""--random-perturb"": null, ""--serve-box"": null, ""--space-perturb-m"": 0.3, ""--space-perturb-min-m"": 0.0, ""--spatial-perturb-target"": ""ballstate""}",81,True,active,0.068448,1.954299,0.064705,50.0,105.0,1.54,0.99,1.4,15.0,0.068448,1.106,2.22,
exp20c_shared_targets,ablationsoftmin_only__ballspeed9__noplot__perturbsignrandom__randomperturb__servebox__spaceperturbm0.3__spaceperturbminm0.0__spatialperturbtargetballstate,"{""--ablation"": ""softmin_only"", ""--ball-speed"": 9, ""--no-plot"": null, ""--perturb-sign"": ""random"", ""--random-perturb"": null, ""--serve-box"": null, ""--space-perturb-m"": 0.3, ""--space-perturb-min-m"": 0.0, ""--spatial-perturb-target"": ""ballstate""}",87,True,active,0.035983,2.011151,0.018191,25.0,75.0,1.87,0.98,1.7,25.0,0.035983,1.782,1.47,
exp20c_shared_targets,ablationsoftmin_only__ballspeed9__noplot__perturbsignrandom__randomperturb__servebox__spaceperturbm0.3__spaceperturbminm0.0__spatialperturbtargetballstate,"{""--ablation"": ""softmin_only"", ""--ball-speed"": 9, ""--no-plot"": null, ""--perturb-sign"": ""random"", ""--random-perturb"": null, ""--serve-box"": null, ""--space-perturb-m"": 0.3, ""--space-perturb-min-m"": 0.0, ""--spatial-perturb-target"": ""ballstate""}",88,True,active,0.019909,1.977873,0.019909,45.0,105.0,1.8,0.98,2.3,20.0,0.019909,1.778,1.48,
exp20c_shared_targets,ablationsoftmin_only__ballspeed9__noplot__perturbsignrandom__randomperturb__servebox__spaceperturbm0.3__spaceperturbminm0.0__spatialperturbtargetballstate,"{""--ablation"": ""softmin_only"", ""--ball-speed"": 9, ""--no-plot"": null, ""--perturb-sign"": ""random"", ""--random-perturb"": null, ""--serve-box"": null, ""--space-perturb-m"": 0.3, ""--space-perturb-min-m"": 0.0, ""--spatial-perturb-target"": ""ballstate""}",90,True,active,0.109933,1.989062,0.109933,35.0,105.0,1.73,1.0,1.7,15.0,0.109933,1.494,1.38,
exp20c_shared_targets,ablationsoftmin_only__ballspeed9__noplot__perturbsignrandom__randomperturb__servebox__spaceperturbm0.3__spaceperturbminm0.0__spatialperturbtargetballstate,"{""--ablation"": ""softmin_only"", ""--ball-speed"": 9, ""--no-plot"": null, ""--perturb-sign"": ""random"", ""--random-perturb"": null, ""--serve-box"": null, ""--space-perturb-m"": 0.3, ""--space-perturb-min-m"": 0.0, ""--spatial-perturb-target"": ""ballstate""}",89,True,active,0.065104,1.974053,0.052825,40.0,90.0,1.73,0.96,1.7,15.0,0.065104,1.728,1.48,
exp20c_shared_targets,ablationsoftmin_only__ballspeed9__noplot__perturbsignrandom__randomperturb__servebox__spaceperturbm0.3__spaceperturbminm0.0__spatialperturbtargetballstate,"{""--ablation"": ""softmin_only"", ""--ball-speed"": 9, ""--no-plot"": null, ""--perturb-sign"": ""random"", ""--random-perturb"": null, ""--serve-box"": null, ""--space-perturb-m"": 0.3, ""--space-perturb-min-m"": 0.0, ""--spatial-perturb-target"": ""ballstate""}",80,False,miss,0.354329,1.9321,0.207416,0.0,0.0,1.46,1.0,1.8,0.0,0.354329,0.0,2.58,
exp20c_shared_targets,ablationsoftmin_only__ballspeed9__noplot__perturbsignrandom__randomperturb__servebox__spaceperturbm0.3__spaceperturbminm0.0__spatialperturbtargetballstate,"{""--ablation"": ""softmin_only"", ""--ball-speed"": 9, ""--no-plot"": null, ""--perturb-sign"": ""random"", ""--random-perturb"": null, ""--serve-box"": null, ""--space-perturb-m"": 0.3, ""--space-perturb-min-m"": 0.0, ""--spatial-perturb-target"": ""ballstate""}",91,True,active,0.036985,1.974296,0.036985,45.0,105.0,1.33,0.97,1.6,0.0,0.036985,0.825,1.55,
exp20c_shared_targets,ablationsoftmin_only__ballspeed9__noplot__perturbsignrandom__randomperturb__servebox__spaceperturbm0.3__spaceperturbminm0.0__spatialperturbtargetballstate,"{""--ablation"": ""softmin_only"", ""--ball-speed"": 9, ""--no-plot"": null, ""--perturb-sign"": ""random"", ""--random-perturb"": null, ""--serve-box"": null, ""--space-perturb-m"": 0.3, ""--space-perturb-min-m"": 0.0, ""--spatial-perturb-target"": ""ballstate""}",83,True,active,0.11511,1.994922,0.114323,30.0,105.0,1.79,0.98,2.0,20.0,0.11511,1.747,2.31,
exp20c_shared_targets,ablationsoftmin_only__ballspeed9__noplot__perturbsignrandom__randomperturb__servebox__spaceperturbm0.3__spaceperturbminm0.0__spatialperturbtargetballstate,"{""--ablation"": ""softmin_only"", ""--ball-speed"": 9, ""--no-plot"": null, ""--perturb-sign"": ""random"", ""--random-perturb"": null, ""--serve-box"": null, ""--space-perturb-m"": 0.3, ""--space-perturb-min-m"": 0.0, ""--spatial-perturb-target"": ""ballstate""}",92,False,miss,0.383912,1.970751,0.212196,0.0,0.0,1.78,0.99,1.4,0.0,0.383912,0.0,1.84,
exp20c_shared_targets,ablationsoftmin_only__ballspeed9__noplot__perturbsignrandom__randomperturb__servebox__spaceperturbm0.3__spaceperturbminm0.0__spatialperturbtargetballstate,"{""--ablation"": ""softmin_only"", ""--ball-speed"": 9, ""--no-plot"": null, ""--perturb-sign"": ""random"", ""--random-perturb"": null, ""--serve-box"": null, ""--space-perturb-m"": 0.3, ""--space-perturb-min-m"": 0.0, ""--spatial-perturb-target"": ""ballstate""}",93,True,active,0.051581,1.94772,0.051581,35.0,105.0,1.78,1.0,1.8,15.0,0.051581,1.71,1.68,
exp20c_shared_targets,ablationsoftmin_only__ballspeed9__noplot__perturbsignrandom__randomperturb__servebox__spaceperturbm0.3__spaceperturbminm0.0__spatialperturbtargetballstate,"{""--ablation"": ""softmin_only"", ""--ball-speed"": 9, ""--no-plot"": null, ""--perturb-sign"": ""random"", ""--random-perturb"": null, ""--serve-box"": null, ""--space-perturb-m"": 0.3, ""--space-perturb-min-m"": 0.0, ""--spatial-perturb-target"": ""ballstate""}",86,True,active,0.128193,1.940523,0.119687,35.0,105.0,1.79,0.99,1.7,20.0,0.128193,1.599,2.85,
exp20c_shared_targets,ablationsoftmin_only__ballspeed9__noplot__perturbsignrandom__randomperturb__servebox__spaceperturbm0.3__spaceperturbminm0.0__spatialperturbtargetballstate,"{""--ablation"": ""softmin_only"", ""--ball-speed"": 9, ""--no-plot"": null, ""--perturb-sign"": ""random"", ""--random-perturb"": null, ""--serve-box"": null, ""--space-perturb-m"": 0.3, ""--space-perturb-min-m"": 0.0, ""--spatial-perturb-target"": ""ballstate""}",97,True,active,0.075841,1.985247,0.075841,0.0,0.0,2.12,1.07,2.3,25.0,0.075841,1.747,1.4,
exp20c_shared_targets,ablationsoftmin_only__ballspeed9__noplot__perturbsignrandom__randomperturb__servebox__spaceperturbm0.3__spaceperturbminm0.0__spatialperturbtargetballstate,"{""--ablation"": ""softmin_only"", ""--ball-speed"": 9, ""--no-plot"": null, ""--perturb-sign"": ""random"", ""--random-perturb"": null, ""--serve-box"": null, ""--space-perturb-m"": 0.3, ""--space-perturb-min-m"": 0.0, ""--spatial-perturb-target"": ""ballstate""}",100,True,active,0.044817,1.990028,0.044817,45.0,105.0,1.77,1.0,2.0,20.0,0.044817,1.745,1.39,
exp20c_shared_targets,ablationnone__ballspeed9__noplot__perturbsignrandom__randomperturb__servebox__spaceperturbm0.3__spaceperturbminm0.0__spatialperturbtargetballstate,"{""--ablation"": ""none"", ""--ball-speed"": 9, ""--no-plot"": null, ""--perturb-sign"": ""random"", ""--random-perturb"": null, ""--serve-box"": null, ""--space-perturb-m"": 0.3, ""--space-perturb-min-m"": 0.0, ""--spatial-perturb-target"": ""ballstate""}",1,True,active,0.059192,1.926478,0.024607,0.0,0.0,1.61,1.0,2.1,20.0,0.059192,1.209,1.39,
exp20c_shared_targets,ablationsoftmin_only__ballspeed9__noplot__perturbsignrandom__randomperturb__servebox__spaceperturbm0.3__spaceperturbminm0.0__spatialperturbtargetballstate,"{""--ablation"": ""softmin_only"", ""--ball-speed"": 9, ""--no-plot"": null, ""--perturb-sign"": ""random"", ""--random-perturb"": null, ""--serve-box"": null, ""--space-perturb-m"": 0.3, ""--space-perturb-min-m"": 0.0, ""--spatial-perturb-target"": ""ballstate""}",99,False,miss,0.368466,1.934335,0.271948,0.0,0.0,1.16,1.0,1.2,0.0,0.368466,0.0,1.67,
exp20c_shared_targets,ablationnone__ballspeed9__noplot__perturbsignrandom__randomperturb__servebox__spaceperturbm0.3__spaceperturbminm0.0__spatialperturbtargetballstate,"{""--ablation"": ""none"", ""--ball-speed"": 9, ""--no-plot"": null, ""--perturb-sign"": ""random"", ""--random-perturb"": null, ""--serve-box"": null, ""--space-perturb-m"": 0.3, ""--space-perturb-min-m"": 0.0, ""--spatial-perturb-target"": ""ballstate""}",3,True,active,0.103535,1.983563,0.103535,0.0,0.0,1.28,1.0,1.6,10.0,0.103535,1.221,1.56,
exp20c_shared_targets,ablationsoftmin_only__ballspeed9__noplot__perturbsignrandom__randomperturb__servebox__spaceperturbm0.3__spaceperturbminm0.0__spatialperturbtargetballstate,"{""--ablation"": ""softmin_only"", ""--ball-speed"": 9, ""--no-plot"": null, ""--perturb-sign"": ""random"", ""--random-perturb"": null, ""--serve-box"": null, ""--space-perturb-m"": 0.3, ""--space-perturb-min-m"": 0.0, ""--spatial-perturb-target"": ""ballstate""}",98,True,active,0.07046,1.973148,0.033974,0.0,20.0,1.81,1.03,1.3,20.0,0.07046,1.797,2.06,
exp20c_shared_targets,ablationnone__ballspeed9__noplot__perturbsignrandom__randomperturb__servebox__spaceperturbm0.3__spaceperturbminm0.0__spatialperturbtargetballstate,"{""--ablation"": ""none"", ""--ball-speed"": 9, ""--no-plot"": null, ""--perturb-sign"": ""random"", ""--random-perturb"": null, ""--serve-box"": null, ""--space-perturb-m"": 0.3, ""--space-perturb-min-m"": 0.0, ""--spatial-perturb-target"": ""ballstate""}",4,False,miss,0.310511,1.934254,0.123261,30.0,0.0,1.4,0.99,1.3,0.0,0.310511,0.0,1.46,
exp20c_shared_targets,ablationnone__ballspeed9__noplot__perturbsignrandom__randomperturb__servebox__spaceperturbm0.3__spaceperturbminm0.0__spatialperturbtargetballstate,"{""--ablation"": ""none"", ""--ball-speed"": 9, ""--no-plot"": null, ""--perturb-sign"": ""random"", ""--random-perturb"": null, ""--serve-box"": null, ""--space-perturb-m"": 0.3, ""--space-perturb-min-m"": 0.0, ""--spatial-perturb-target"": ""ballstate""}",2,True,active,0.060732,1.963249,0.033267,30.0,0.0,1.55,0.99,0.9,0.0,0.060732,0.785,1.81,
exp20c_shared_targets,ablationsoftmin_only__ballspeed9__noplot__perturbsignrandom__randomperturb__servebox__spaceperturbm0.3__spaceperturbminm0.0__spatialperturbtargetballstate,"{""--ablation"": ""softmin_only"", ""--ball-speed"": 9, ""--no-plot"": null, ""--perturb-sign"": ""random"", ""--random-perturb"": null, ""--serve-box"": null, ""--space-perturb-m"": 0.3, ""--space-perturb-min-m"": 0.0, ""--spatial-perturb-target"": ""ballstate""}",94,False,miss,0.399159,1.95585,0.174065,15.0,0.0,1.79,1.0,1.4,0.0,0.399159,0.0,2.52,
exp20c_shared_targets,ablationnone__ballspeed9__noplot__perturbsignrandom__randomperturb__servebox__spaceperturbm0.3__spaceperturbminm0.0__spatialperturbtargetballstate,"{""--ablation"": ""none"", ""--ball-speed"": 9, ""--no-plot"": null, ""--perturb-sign"": ""random"", ""--random-perturb"": null, ""--serve-box"": null, ""--space-perturb-m"": 0.3, ""--space-perturb-min-m"": 0.0, ""--spatial-perturb-target"": ""ballstate""}",6,True,active,0.046763,1.94692,0.030926,45.0,0.0,1.12,1.0,0.9,5.0,0.046763,0.818,1.53,
exp20c_shared_targets,ablationsoftmin_only__ballspeed9__noplot__perturbsignrandom__randomperturb__servebox__spaceperturbm0.3__spaceperturbminm0.0__spatialperturbtargetballstate,"{""--ablation"": ""softmin_only"", ""--ball-speed"": 9, ""--no-plot"": null, ""--perturb-sign"": ""random"", ""--random-perturb"": null, ""--serve-box"": null, ""--space-perturb-m"": 0.3, ""--space-perturb-min-m"": 0.0, ""--spatial-perturb-target"": ""ballstate""}",96,True,active,0.031245,1.946272,0.031245,30.0,50.0,1.72,0.98,2.0,15.0,0.031245,1.668,2.67,
exp20c_shared_targets,ablationsoftmin_only__ballspeed9__noplot__perturbsignrandom__randomperturb__servebox__spaceperturbm0.3__spaceperturbminm0.0__spatialperturbtargetballstate,"{""--ablation"": ""softmin_only"", ""--ball-speed"": 9, ""--no-plot"": null, ""--perturb-sign"": ""random"", ""--random-perturb"": null, ""--serve-box"": null, ""--space-perturb-m"": 0.3, ""--space-perturb-min-m"": 0.0, ""--spatial-perturb-target"": ""ballstate""}",95,False,miss,0.291686,1.946337,0.181368,5.0,0.0,1.26,1.0,1.3,0.0,0.291686,0.0,2.91,
exp20c_shared_targets,ablationnone__ballspeed9__noplot__perturbsignrandom__randomperturb__servebox__spaceperturbm0.3__spaceperturbminm0.0__spatialperturbtargetballstate,"{""--ablation"": ""none"", ""--ball-speed"": 9, ""--no-plot"": null, ""--perturb-sign"": ""random"", ""--random-perturb"": null, ""--serve-box"": null, ""--space-perturb-m"": 0.3, ""--space-perturb-min-m"": 0.0, ""--spatial-perturb-target"": ""ballstate""}",8,False,miss,0.240153,1.893159,0.224604,0.0,0.0,1.11,1.0,1.3,0.0,0.240153,0.0,1.4,
exp20c_shared_targets,ablationnone__ballspeed9__noplot__perturbsignrandom__randomperturb__servebox__spaceperturbm0.3__spaceperturbminm0.0__spatialperturbtargetballstate,"{""--ablation"": ""none"", ""--ball-speed"": 9, ""--no-plot"": null, ""--perturb-sign"": ""random"", ""--random-perturb"": null, ""--serve-box"": null, ""--space-perturb-m"": 0.3, ""--space-perturb-min-m"": 0.0, ""--spatial-perturb-target"": ""ballstate""}",5,False,miss,0.330577,1.953716,0.098328,0.0,0.0,1.75,0.99,1.4,0.0,0.330577,0.0,2.06,
exp20c_shared_targets,ablationnone__ballspeed9__noplot__perturbsignrandom__randomperturb__servebox__spaceperturbm0.3__spaceperturbminm0.0__spatialperturbtargetballstate,"{""--ablation"": ""none"", ""--ball-speed"": 9, ""--no-plot"": null, ""--perturb-sign"": ""random"", ""--random-perturb"": null, ""--serve-box"": null, ""--space-perturb-m"": 0.3, ""--space-perturb-min-m"": 0.0, ""--spatial-perturb-target"": ""ballstate""}",9,True,active,0.091611,1.911719,0.082335,45.0,0.0,1.57,0.99,2.0,15.0,0.091611,1.154,1.52,
exp20c_shared_targets,ablationnone__ballspeed9__noplot__perturbsignrandom__randomperturb__servebox__spaceperturbm0.3__spaceperturbminm0.0__spatialperturbtargetballstate,"{""--ablation"": ""none"", ""--ball-speed"": 9, ""--no-plot"": null, ""--perturb-sign"": ""random"", ""--random-perturb"": null, ""--serve-box"": null, ""--space-perturb-m"": 0.3, ""--space-perturb-min-m"": 0.0, ""--spatial-perturb-target"": ""ballstate""}",20,,,,,,,,,,,,,,0.22,no_result
exp20c_shared_targets,ablationnone__ballspeed9__noplot__perturbsignrandom__randomperturb__servebox__spaceperturbm0.3__spaceperturbminm0.0__spatialperturbtargetballstate,"{""--ablation"": ""none"", ""--ball-speed"": 9, ""--no-plot"": null, ""--perturb-sign"": ""random"", ""--random-perturb"": null, ""--serve-box"": null, ""--space-perturb-m"": 0.3, ""--space-perturb-min-m"": 0.0, ""--spatial-perturb-target"": ""ballstate""}",21,,,,,,,,,,,,,,0.22,no_result
exp20c_shared_targets,ablationnone__ballspeed9__noplot__perturbsignrandom__randomperturb__servebox__spaceperturbm0.3__spaceperturbminm0.0__spatialperturbtargetballstate,"{""--ablation"": ""none"", ""--ball-speed"": 9, ""--no-plot"": null, ""--perturb-sign"": ""random"", ""--random-perturb"": null, ""--serve-box"": null, ""--space-perturb-m"": 0.3, ""--space-perturb-min-m"": 0.0, ""--spatial-perturb-target"": ""ballstate""}",10,True,active,0.058244,1.989759,0.058244,35.0,0.0,1.79,0.99,1.5,10.0,0.058244,1.709,1.75,
exp20c_shared_targets,ablationnone__ballspeed9__noplot__perturbsignrandom__randomperturb__servebox__spaceperturbm0.3__spaceperturbminm0.0__spatialperturbtargetballstate,"{""--ablation"": ""none"", ""--ball-speed"": 9, ""--no-plot"": null, ""--perturb-sign"": ""random"", ""--random-perturb"": null, ""--serve-box"": null, ""--space-perturb-m"": 0.3, ""--space-perturb-min-m"": 0.0, ""--spatial-perturb-target"": ""ballstate""}",14,True,active,0.021567,1.954611,0.021567,45.0,0.0,1.49,0.99,1.6,5.0,0.021567,1.238,1.45,
exp20c_shared_targets,ablationnone__ballspeed9__noplot__perturbsignrandom__randomperturb__servebox__spaceperturbm0.3__spaceperturbminm0.0__spatialperturbtargetballstate,"{""--ablation"": ""none"", ""--ball-speed"": 9, ""--no-plot"": null, ""--perturb-sign"": ""random"", ""--random-perturb"": null, ""--serve-box"": null, ""--space-perturb-m"": 0.3, ""--space-perturb-min-m"": 0.0, ""--spatial-perturb-target"": ""ballstate""}",16,True,active,0.084879,1.939004,0.029567,0.0,0.0,1.79,0.98,1.7,20.0,0.084879,1.664,1.42,
exp20c_shared_targets,ablationnone__ballspeed9__noplot__perturbsignrandom__randomperturb__servebox__spaceperturbm0.3__spaceperturbminm0.0__spatialperturbtargetballstate,"{""--ablation"": ""none"", ""--ball-speed"": 9, ""--no-plot"": null, ""--perturb-sign"": ""random"", ""--random-perturb"": null, ""--serve-box"": null, ""--space-perturb-m"": 0.3, ""--space-perturb-min-m"": 0.0, ""--spatial-perturb-target"": ""ballstate""}",15,False,miss,0.345609,1.966273,0.223319,0.0,0.0,1.83,1.0,1.8,0.0,0.345609,0.0,1.57,
exp20c_shared_targets,ablationnone__ballspeed9__noplot__perturbsignrandom__randomperturb__servebox__spaceperturbm0.3__spaceperturbminm0.0__spatialperturbtargetballstate,"{""--ablation"": ""none"", ""--ball-speed"": 9, ""--no-plot"": null, ""--perturb-sign"": ""random"", ""--random-perturb"": null, ""--serve-box"": null, ""--space-perturb-m"": 0.3, ""--space-perturb-min-m"": 0.0, ""--spatial-perturb-target"": ""ballstate""}",7,True,active,0.041503,1.955325,0.037015,0.0,0.0,1.61,1.0,1.7,15.0,0.041503,1.345,2.47,
exp20c_shared_targets,ablationnone__ballspeed9__noplot__perturbsignrandom__randomperturb__servebox__spaceperturbm0.3__spaceperturbminm0.0__spatialperturbtargetballstate,"{""--ablation"": ""none"", ""--ball-speed"": 9, ""--no-plot"": null, ""--perturb-sign"": ""random"", ""--random-perturb"": null, ""--serve-box"": null, ""--space-perturb-m"": 0.3, ""--space-perturb-min-m"": 0.0, ""--spatial-perturb-target"": ""ballstate""}",11,False,miss,0.329515,1.885636,0.223269,0.0,0.0,1.33,0.99,1.0,0.0,0.329515,0.0,2.11,
exp20c_shared_targets,ablationnone__ballspeed9__noplot__perturbsignrandom__randomperturb__servebox__spaceperturbm0.3__spaceperturbminm0.0__spatialperturbtargetballstate,"{""--ablation"": ""none"", ""--ball-speed"": 9, ""--no-plot"": null, ""--perturb-sign"": ""random"", ""--random-perturb"": null, ""--serve-box"": null, ""--space-perturb-m"": 0.3, ""--space-perturb-min-m"": 0.0, ""--spatial-perturb-target"": ""ballstate""}",17,True,active,0.046982,1.9292,0.046982,25.0,0.0,1.58,0.99,2.1,10.0,0.046982,0.936,1.65,
exp20c_shared_targets,ablationnone__ballspeed9__noplot__perturbsignrandom__randomperturb__servebox__spaceperturbm0.3__spaceperturbminm0.0__spatialperturbtargetballstate,"{""--ablation"": ""none"", ""--ball-speed"": 9, ""--no-plot"": null, ""--perturb-sign"": ""random"", ""--random-perturb"": null, ""--serve-box"": null, ""--space-perturb-m"": 0.3, ""--space-perturb-min-m"": 0.0, ""--spatial-perturb-target"": ""ballstate""}",19,True,active,0.076478,2.002199,0.033848,40.0,0.0,1.57,1.0,1.1,15.0,0.076478,0.782,1.49,
exp20c_shared_targets,ablationnone__ballspeed9__noplot__perturbsignrandom__randomperturb__servebox__spaceperturbm0.3__spaceperturbminm0.0__spatialperturbtargetballstate,"{""--ablation"": ""none"", ""--ball-speed"": 9, ""--no-plot"": null, ""--perturb-sign"": ""random"", ""--random-perturb"": null, ""--serve-box"": null, ""--space-perturb-m"": 0.3, ""--space-perturb-min-m"": 0.0, ""--spatial-perturb-target"": ""ballstate""}",24,False,miss,0.226255,1.951917,5.88139,0.0,0.0,1.02,0.27,0.8,0.0,0.226255,0.0,1.35,
exp20c_shared_targets,ablationnone__ballspeed9__noplot__perturbsignrandom__randomperturb__servebox__spaceperturbm0.3__spaceperturbminm0.0__spatialperturbtargetballstate,"{""--ablation"": ""none"", ""--ball-speed"": 9, ""--no-plot"": null, ""--perturb-sign"": ""random"", ""--random-perturb"": null, ""--serve-box"": null, ""--space-perturb-m"": 0.3, ""--space-perturb-min-m"": 0.0, ""--spatial-perturb-target"": ""ballstate""}",12,True,active,0.080507,1.964737,0.041927,15.0,0.0,1.15,1.0,1.0,15.0,0.080507,0.81,2.53,
exp20c_shared_targets,ablationnone__ballspeed9__noplot__perturbsignrandom__randomperturb__servebox__spaceperturbm0.3__spaceperturbminm0.0__spatialperturbtargetballstate,"{""--ablation"": ""none"", ""--ball-speed"": 9, ""--no-plot"": null, ""--perturb-sign"": ""random"", ""--random-perturb"": null, ""--serve-box"": null, ""--space-perturb-m"": 0.3, ""--space-perturb-min-m"": 0.0, ""--spatial-perturb-target"": ""ballstate""}",25,False,miss,0.389819,1.886226,0.214465,0.0,0.0,1.35,1.0,2.0,0.0,0.389819,0.0,1.52,
exp20c_shared_targets,ablationnone__ballspeed9__noplot__perturbsignrandom__randomperturb__servebox__spaceperturbm0.3__spaceperturbminm0.0__spatialperturbtargetballstate,"{""--ablation"": ""none"", ""--ball-speed"": 9, ""--no-plot"": null, ""--perturb-sign"": ""random"", ""--random-perturb"": null, ""--serve-box"": null, ""--space-perturb-m"": 0.3, ""--space-perturb-min-m"": 0.0, ""--spatial-perturb-target"": ""ballstate""}",13,False,miss,0.323859,1.906252,0.093458,0.0,0.0,1.8,0.99,1.5,0.0,0.323859,0.0,2.8,
exp20c_shared_targets,ablationnone__ballspeed9__noplot__perturbsignrandom__randomperturb__servebox__spaceperturbm0.3__spaceperturbminm0.0__spatialperturbtargetballstate,"{""--ablation"": ""none"", ""--ball-speed"": 9, ""--no-plot"": null, ""--perturb-sign"": ""random"", ""--random-perturb"": null, ""--serve-box"": null, ""--space-perturb-m"": 0.3, ""--space-perturb-min-m"": 0.0, ""--spatial-perturb-target"": ""ballstate""}",26,True,active,0.076966,1.965446,0.016905,0.0,0.0,1.79,0.98,1.7,20.0,0.076966,1.76,1.48,
exp20c_shared_targets,ablationnone__ballspeed9__noplot__perturbsignrandom__randomperturb__servebox__spaceperturbm0.3__spaceperturbminm0.0__spatialperturbtargetballstate,"{""--ablation"": ""none"", ""--ball-speed"": 9, ""--no-plot"": null, ""--perturb-sign"": ""random"", ""--random-perturb"": null, ""--serve-box"": null, ""--space-perturb-m"": 0.3, ""--space-perturb-min-m"": 0.0, ""--spatial-perturb-target"": ""ballstate""}",18,True,active,0.01688,1.962883,0.01688,30.0,0.0,1.68,0.98,1.6,10.0,0.01688,1.681,2.53,
exp20c_shared_targets,ablationnone__ballspeed9__noplot__perturbsignrandom__randomperturb__servebox__spaceperturbm0.3__spaceperturbminm0.0__spatialperturbtargetballstate,"{""--ablation"": ""none"", ""--ball-speed"": 9, ""--no-plot"": null, ""--perturb-sign"": ""random"", ""--random-perturb"": null, ""--serve-box"": null, ""--space-perturb-m"": 0.3, ""--space-perturb-min-m"": 0.0, ""--spatial-perturb-target"": ""ballstate""}",28,False,miss,0.296328,1.919772,0.130322,0.0,0.0,1.27,1.0,1.2,0.0,0.296328,0.0,1.51,
exp20c_shared_targets,ablationnone__ballspeed9__noplot__perturbsignrandom__randomperturb__servebox__spaceperturbm0.3__spaceperturbminm0.0__spatialperturbtargetballstate,"{""--ablation"": ""none"", ""--ball-speed"": 9, ""--no-plot"": null, ""--perturb-sign"": ""random"", ""--random-perturb"": null, ""--serve-box"": null, ""--space-perturb-m"": 0.3, ""--space-perturb-min-m"": 0.0, ""--spatial-perturb-target"": ""ballstate""}",30,True,active,0.104799,1.91427,0.077328,20.0,0.0,1.46,0.99,1.6,15.0,0.104799,1.011,1.4,
exp20c_shared_targets,ablationnone__ballspeed9__noplot__perturbsignrandom__randomperturb__servebox__spaceperturbm0.3__spaceperturbminm0.0__spatialperturbtargetballstate,"{""--ablation"": ""none"", ""--ball-speed"": 9, ""--no-plot"": null, ""--perturb-sign"": ""random"", ""--random-perturb"": null, ""--serve-box"": null, ""--space-perturb-m"": 0.3, ""--space-perturb-min-m"": 0.0, ""--spatial-perturb-target"": ""ballstate""}",29,True,passive,0.107335,1.87636,0.107335,40.0,0.0,1.13,0.98,1.1,5.0,0.107335,0.216,1.55,
exp20c_shared_targets,ablationnone__ballspeed9__noplot__perturbsignrandom__randomperturb__servebox__spaceperturbm0.3__spaceperturbminm0.0__spatialperturbtargetballstate,"{""--ablation"": ""none"", ""--ball-speed"": 9, ""--no-plot"": null, ""--perturb-sign"": ""random"", ""--random-perturb"": null, ""--serve-box"": null, ""--space-perturb-m"": 0.3, ""--space-perturb-min-m"": 0.0, ""--spatial-perturb-target"": ""ballstate""}",23,True,active,0.032353,1.926276,0.032353,40.0,0.0,1.42,1.0,1.2,5.0,0.032353,0.56,2.32,
exp20c_shared_targets,ablationnone__ballspeed9__noplot__perturbsignrandom__randomperturb__servebox__spaceperturbm0.3__spaceperturbminm0.0__spatialperturbtargetballstate,"{""--ablation"": ""none"", ""--ball-speed"": 9, ""--no-plot"": null, ""--perturb-sign"": ""random"", ""--random-perturb"": null, ""--serve-box"": null, ""--space-perturb-m"": 0.3, ""--space-perturb-min-m"": 0.0, ""--spatial-perturb-target"": ""ballstate""}",31,True,active,0.085133,1.931238,0.085133,40.0,0.0,1.79,1.0,1.9,10.0,0.085133,1.628,1.39,
exp20c_shared_targets,ablationnone__ballspeed9__noplot__perturbsignrandom__randomperturb__servebox__spaceperturbm0.3__spaceperturbminm0.0__spatialperturbtargetballstate,"{""--ablation"": ""none"", ""--ball-speed"": 9, ""--no-plot"": null, ""--perturb-sign"": ""random"", ""--random-perturb"": null, ""--serve-box"": null, ""--space-perturb-m"": 0.3, ""--space-perturb-min-m"": 0.0, ""--spatial-perturb-target"": ""ballstate""}",33,True,active,0.116114,1.975247,0.070005,50.0,0.0,0.97,1.0,0.9,5.0,0.116114,0.659,1.37,
exp20c_shared_targets,ablationnone__ballspeed9__noplot__perturbsignrandom__randomperturb__servebox__spaceperturbm0.3__spaceperturbminm0.0__spatialperturbtargetballstate,"{""--ablation"": ""none"", ""--ball-speed"": 9, ""--no-plot"": null, ""--perturb-sign"": ""random"", ""--random-perturb"": null, ""--serve-box"": null, ""--space-perturb-m"": 0.3, ""--space-perturb-min-m"": 0.0, ""--spatial-perturb-target"": ""ballstate""}",22,True,active,0.114141,1.880298,0.083556,0.0,0.0,2.44,1.43,1.9,55.0,0.114141,1.615,2.86,
exp20c_shared_targets,ablationnone__ballspeed9__noplot__perturbsignrandom__randomperturb__servebox__spaceperturbm0.3__spaceperturbminm0.0__spatialperturbtargetballstate,"{""--ablation"": ""none"", ""--ball-speed"": 9, ""--no-plot"": null, ""--perturb-sign"": ""random"", ""--random-perturb"": null, ""--serve-box"": null, ""--space-perturb-m"": 0.3, ""--space-perturb-min-m"": 0.0, ""--spatial-perturb-target"": ""ballstate""}",27,False,miss,0.288394,1.900902,0.236233,0.0,0.0,0.98,1.0,1.2,0.0,0.288394,0.0,2.51,
exp20c_shared_targets,ablationnone__ballspeed9__noplot__perturbsignrandom__randomperturb__servebox__spaceperturbm0.3__spaceperturbminm0.0__spatialperturbtargetballstate,"{""--ablation"": ""none"", ""--ball-speed"": 9, ""--no-plot"": null, ""--perturb-sign"": ""random"", ""--random-perturb"": null, ""--serve-box"": null, ""--space-perturb-m"": 0.3, ""--space-perturb-min-m"": 0.0, ""--spatial-perturb-target"": ""ballstate""}",34,True,active,0.09995,1.942326,0.063654,50.0,0.0,1.21,1.0,1.3,5.0,0.09995,0.864,1.74,
exp20c_shared_targets,ablationnone__ballspeed9__noplot__perturbsignrandom__randomperturb__servebox__spaceperturbm0.3__spaceperturbminm0.0__spatialperturbtargetballstate,"{""--ablation"": ""none"", ""--ball-speed"": 9, ""--no-plot"": null, ""--perturb-sign"": ""random"", ""--random-perturb"": null, ""--serve-box"": null, ""--space-perturb-m"": 0.3, ""--space-perturb-min-m"": 0.0, ""--spatial-perturb-target"": ""ballstate""}",32,True,active,0.140081,1.911378,0.111609,45.0,0.0,1.28,0.99,1.2,5.0,0.140081,0.791,2.14,
exp20c_shared_targets,ablationnone__ballspeed9__noplot__perturbsignrandom__randomperturb__servebox__spaceperturbm0.3__spaceperturbminm0.0__spatialperturbtargetballstate,"{""--ablation"": ""none"", ""--ball-speed"": 9, ""--no-plot"": null, ""--perturb-sign"": ""random"", ""--random-perturb"": null, ""--serve-box"": null, ""--space-perturb-m"": 0.3, ""--space-perturb-min-m"": 0.0, ""--spatial-perturb-target"": ""ballstate""}",37,False,miss,0.57145,1.752735,0.363048,0.0,0.0,2.47,1.8,3.0,0.0,0.57145,0.0,1.47,
exp20c_shared_targets,ablationnone__ballspeed9__noplot__perturbsignrandom__randomperturb__servebox__spaceperturbm0.3__spaceperturbminm0.0__spatialperturbtargetballstate,"{""--ablation"": ""none"", ""--ball-speed"": 9, ""--no-plot"": null, ""--perturb-sign"": ""random"", ""--random-perturb"": null, ""--serve-box"": null, ""--space-perturb-m"": 0.3, ""--space-perturb-min-m"": 0.0, ""--spatial-perturb-target"": ""ballstate""}",38,False,miss,0.305178,1.917722,0.174979,10.0,0.0,1.2,0.99,1.2,0.0,0.305178,0.0,1.49,
exp20c_shared_targets,ablationnone__ballspeed9__noplot__perturbsignrandom__randomperturb__servebox__spaceperturbm0.3__spaceperturbminm0.0__spatialperturbtargetballstate,"{""--ablation"": ""none"", ""--ball-speed"": 9, ""--no-plot"": null, ""--perturb-sign"": ""random"", ""--random-perturb"": null, ""--serve-box"": null, ""--space-perturb-m"": 0.3, ""--space-perturb-min-m"": 0.0, ""--spatial-perturb-target"": ""ballstate""}",41,True,active,0.018315,1.953996,0.018315,45.0,0.0,1.65,0.99,1.5,0.0,0.018315,0.92,1.39,
exp20c_shared_targets,ablationnone__ballspeed9__noplot__perturbsignrandom__randomperturb__servebox__spaceperturbm0.3__spaceperturbminm0.0__spatialperturbtargetballstate,"{""--ablation"": ""none"", ""--ball-speed"": 9, ""--no-plot"": null, ""--perturb-sign"": ""random"", ""--random-perturb"": null, ""--serve-box"": null, ""--space-perturb-m"": 0.3, ""--space-perturb-min-m"": 0.0, ""--spatial-perturb-target"": ""ballstate""}",42,False,miss,0.364903,1.917103,0.154201,0.0,0.0,1.73,1.0,1.5,0.0,0.364903,0.0,1.45,
exp20c_shared_targets,ablationnone__ballspeed9__noplot__perturbsignrandom__randomperturb__servebox__spaceperturbm0.3__spaceperturbminm0.0__spatialperturbtargetballstate,"{""--ablation"": ""none"", ""--ball-speed"": 9, ""--no-plot"": null, ""--perturb-sign"": ""random"", ""--random-perturb"": null, ""--serve-box"": null, ""--space-perturb-m"": 0.3, ""--space-perturb-min-m"": 0.0, ""--spatial-perturb-target"": ""ballstate""}",40,True,active,0.094668,1.926008,0.059426,50.0,0.0,1.31,0.98,1.3,5.0,0.094668,0.771,1.7,
exp20c_shared_targets,ablationnone__ballspeed9__noplot__perturbsignrandom__randomperturb__servebox__spaceperturbm0.3__spaceperturbminm0.0__spatialperturbtargetballstate,"{""--ablation"": ""none"", ""--ball-speed"": 9, ""--no-plot"": null, ""--perturb-sign"": ""random"", ""--random-perturb"": null, ""--serve-box"": null, ""--space-perturb-m"": 0.3, ""--space-perturb-min-m"": 0.0, ""--spatial-perturb-target"": ""ballstate""}",43,False,miss,0.390287,1.934222,0.183143,0.0,0.0,1.8,1.0,1.9,0.0,0.390287,0.0,1.4,
exp20c_shared_targets,ablationnone__ballspeed9__noplot__perturbsignrandom__randomperturb__servebox__spaceperturbm0.3__spaceperturbminm0.0__spatialperturbtargetballstate,"{""--ablation"": ""none"", ""--ball-speed"": 9, ""--no-plot"": null, ""--perturb-sign"": ""random"", ""--random-perturb"": null, ""--serve-box"": null, ""--space-perturb-m"": 0.3, ""--space-perturb-min-m"": 0.0, ""--spatial-perturb-target"": ""ballstate""}",39,True,active,0.085663,1.912033,0.076646,55.0,0.0,1.71,0.98,1.5,5.0,0.085663,0.895,2.11,
exp20c_shared_targets,ablationnone__ballspeed9__noplot__perturbsignrandom__randomperturb__servebox__spaceperturbm0.3__spaceperturbminm0.0__spatialperturbtargetballstate,"{""--ablation"": ""none"", ""--ball-speed"": 9, ""--no-plot"": null, ""--perturb-sign"": ""random"", ""--random-perturb"": null, ""--serve-box"": null, ""--space-perturb-m"": 0.3, ""--space-perturb-min-m"": 0.0, ""--spatial-perturb-target"": ""ballstate""}",45,True,active,0.033957,1.945203,0.033957,40.0,0.0,1.74,0.99,1.7,10.0,0.033957,1.741,1.55,
exp20c_shared_targets,ablationnone__ballspeed9__noplot__perturbsignrandom__randomperturb__servebox__spaceperturbm0.3__spaceperturbminm0.0__spatialperturbtargetballstate,"{""--ablation"": ""none"", ""--ball-speed"": 9, ""--no-plot"": null, ""--perturb-sign"": ""random"", ""--random-perturb"": null, ""--serve-box"": null, ""--space-perturb-m"": 0.3, ""--space-perturb-min-m"": 0.0, ""--spatial-perturb-target"": ""ballstate""}",35,True,active,0.096358,1.95537,0.080045,0.0,0.0,1.8,1.0,1.6,15.0,0.096358,1.795,2.75,
exp20c_shared_targets,ablationnone__ballspeed9__noplot__perturbsignrandom__randomperturb__servebox__spaceperturbm0.3__spaceperturbminm0.0__spatialperturbtargetballstate,"{""--ablation"": ""none"", ""--ball-speed"": 9, ""--no-plot"": null, ""--perturb-sign"": ""random"", ""--random-perturb"": null, ""--serve-box"": null, ""--space-perturb-m"": 0.3, ""--space-perturb-min-m"": 0.0, ""--spatial-perturb-target"": ""ballstate""}",36,True,active,0.039371,1.960377,0.038968,45.0,0.0,1.69,0.99,1.4,10.0,0.039371,1.454,2.76,
exp20c_shared_targets,ablationnone__ballspeed9__noplot__perturbsignrandom__randomperturb__servebox__spaceperturbm0.3__spaceperturbminm0.0__spatialperturbtargetballstate,"{""--ablation"": ""none"", ""--ball-speed"": 9, ""--no-plot"": null, ""--perturb-sign"": ""random"", ""--random-perturb"": null, ""--serve-box"": null, ""--space-perturb-m"": 0.3, ""--space-perturb-min-m"": 0.0, ""--spatial-perturb-target"": ""ballstate""}",48,True,active,0.075582,1.958065,0.043195,50.0,0.0,1.37,1.0,1.2,5.0,0.075582,0.93,1.42,
exp20c_shared_targets,ablationnone__ballspeed9__noplot__perturbsignrandom__randomperturb__servebox__spaceperturbm0.3__spaceperturbminm0.0__spatialperturbtargetballstate,"{""--ablation"": ""none"", ""--ball-speed"": 9, ""--no-plot"": null, ""--perturb-sign"": ""random"", ""--random-perturb"": null, ""--serve-box"": null, ""--space-perturb-m"": 0.3, ""--space-perturb-min-m"": 0.0, ""--spatial-perturb-target"": ""ballstate""}",47,False,miss,0.312,1.86832,0.220277,0.0,0.0,1.11,0.99,1.2,0.0,0.312,0.0,1.51,
exp20c_shared_targets,ablationnone__ballspeed9__noplot__perturbsignrandom__randomperturb__servebox__spaceperturbm0.3__spaceperturbminm0.0__spatialperturbtargetballstate,"{""--ablation"": ""none"", ""--ball-speed"": 9, ""--no-plot"": null, ""--perturb-sign"": ""random"", ""--random-perturb"": null, ""--serve-box"": null, ""--space-perturb-m"": 0.3, ""--space-perturb-min-m"": 0.0, ""--spatial-perturb-target"": ""ballstate""}",46,True,active,0.128177,1.912285,0.115766,35.0,0.0,1.6,0.99,1.5,15.0,0.128177,0.501,1.75,
exp20c_shared_targets,ablationnone__ballspeed9__noplot__perturbsignrandom__randomperturb__servebox__spaceperturbm0.3__spaceperturbminm0.0__spatialperturbtargetballstate,"{""--ablation"": ""none"", ""--ball-speed"": 9, ""--no-plot"": null, ""--perturb-sign"": ""random"", ""--random-perturb"": null, ""--serve-box"": null, ""--space-perturb-m"": 0.3, ""--space-perturb-min-m"": 0.0, ""--spatial-perturb-target"": ""ballstate""}",49,True,active,0.078752,1.944335,0.078752,35.0,0.0,1.79,0.98,1.7,10.0,0.078752,1.791,1.37,
exp20c_shared_targets,ablationnone__ballspeed9__noplot__perturbsignrandom__randomperturb__servebox__spaceperturbm0.3__spaceperturbminm0.0__spatialperturbtargetballstate,"{""--ablation"": ""none"", ""--ball-speed"": 9, ""--no-plot"": null, ""--perturb-sign"": ""random"", ""--random-perturb"": null, ""--serve-box"": null, ""--space-perturb-m"": 0.3, ""--space-perturb-min-m"": 0.0, ""--spatial-perturb-target"": ""ballstate""}",50,True,active,0.151418,1.910432,0.141862,0.0,0.0,1.8,1.0,2.0,15.0,0.151418,1.805,1.42,
exp20c_shared_targets,ablationnone__ballspeed9__noplot__perturbsignrandom__randomperturb__servebox__spaceperturbm0.3__spaceperturbminm0.0__spatialperturbtargetballstate,"{""--ablation"": ""none"", ""--ball-speed"": 9, ""--no-plot"": null, ""--perturb-sign"": ""random"", ""--random-perturb"": null, ""--serve-box"": null, ""--space-perturb-m"": 0.3, ""--space-perturb-min-m"": 0.0, ""--spatial-perturb-target"": ""ballstate""}",51,False,miss,0.364043,1.908679,0.225333,0.0,0.0,1.24,1.0,1.2,0.0,0.364043,0.0,1.4,
exp20c_shared_targets,ablationnone__ballspeed9__noplot__perturbsignrandom__randomperturb__servebox__spaceperturbm0.3__spaceperturbminm0.0__spatialperturbtargetballstate,"{""--ablation"": ""none"", ""--ball-speed"": 9, ""--no-plot"": null, ""--perturb-sign"": ""random"", ""--random-perturb"": null, ""--serve-box"": null, ""--space-perturb-m"": 0.3, ""--space-perturb-min-m"": 0.0, ""--spatial-perturb-target"": ""ballstate""}",54,True,active,0.095674,1.908956,0.087203,0.0,0.0,1.13,0.99,1.2,5.0,0.095674,0.609,1.55,
exp20c_shared_targets,ablationnone__ballspeed9__noplot__perturbsignrandom__randomperturb__servebox__spaceperturbm0.3__spaceperturbminm0.0__spatialperturbtargetballstate,"{""--ablation"": ""none"", ""--ball-speed"": 9, ""--no-plot"": null, ""--perturb-sign"": ""random"", ""--random-perturb"": null, ""--serve-box"": null, ""--space-perturb-m"": 0.3, ""--space-perturb-min-m"": 0.0, ""--spatial-perturb-target"": ""ballstate""}",44,False,miss,0.346696,1.884946,0.227565,0.0,0.0,1.8,1.0,1.6,0.0,0.346696,0.0,2.94,
exp20c_shared_targets,ablationnone__ballspeed9__noplot__perturbsignrandom__randomperturb__servebox__spaceperturbm0.3__spaceperturbminm0.0__spatialperturbtargetballstate,"{""--ablation"": ""none"", ""--ball-speed"": 9, ""--no-plot"": null, ""--perturb-sign"": ""random"", ""--random-perturb"": null, ""--serve-box"": null, ""--space-perturb-m"": 0.3, ""--space-perturb-min-m"": 0.0, ""--spatial-perturb-target"": ""ballstate""}",57,True,active,0.117613,1.908119,0.091664,50.0,0.0,1.37,1.0,1.7,10.0,0.117613,0.601,1.41,
exp20c_shared_targets,ablationnone__ballspeed9__noplot__perturbsignrandom__randomperturb__servebox__spaceperturbm0.3__spaceperturbminm0.0__spatialperturbtargetballstate,"{""--ablation"": ""none"", ""--ball-speed"": 9, ""--no-plot"": null, ""--perturb-sign"": ""random"", ""--random-perturb"": null, ""--serve-box"": null, ""--space-perturb-m"": 0.3, ""--space-perturb-min-m"": 0.0, ""--spatial-perturb-target"": ""ballstate""}",52,True,active,0.087609,1.954323,0.006921,0.0,0.0,1.3,0.99,1.3,15.0,0.087609,1.086,2.24,
exp20c_shared_targets,ablationnone__ballspeed9__noplot__perturbsignrandom__randomperturb__servebox__spaceperturbm0.3__spaceperturbminm0.0__spatialperturbtargetballstate,"{""--ablation"": ""none"", ""--ball-speed"": 9, ""--no-plot"": null, ""--perturb-sign"": ""random"", ""--random-perturb"": null, ""--serve-box"": null, ""--space-perturb-m"": 0.3, ""--space-perturb-min-m"": 0.0, ""--spatial-perturb-target"": ""ballstate""}",59,True,active,0.081161,1.965708,0.066951,0.0,0.0,1.3,1.0,1.0,10.0,0.081161,1.171,1.4,
exp20c_shared_targets,ablationnone__ballspeed9__noplot__perturbsignrandom__randomperturb__servebox__spaceperturbm0.3__spaceperturbminm0.0__spatialperturbtargetballstate,"{""--ablation"": ""none"", ""--ball-speed"": 9, ""--no-plot"": null, ""--perturb-sign"": ""random"", ""--random-perturb"": null, ""--serve-box"": null, ""--space-perturb-m"": 0.3, ""--space-perturb-min-m"": 0.0, ""--spatial-perturb-target"": ""ballstate""}",58,True,active,0.019277,1.879149,0.019277,50.0,0.0,1.59,0.98,1.3,5.0,0.019277,0.485,1.59,
exp20c_shared_targets,ablationnone__ballspeed9__noplot__perturbsignrandom__randomperturb__servebox__spaceperturbm0.3__spaceperturbminm0.0__spatialperturbtargetballstate,"{""--ablation"": ""none"", ""--ball-speed"": 9, ""--no-plot"": null, ""--perturb-sign"": ""random"", ""--random-perturb"": null, ""--serve-box"": null, ""--space-perturb-m"": 0.3, ""--space-perturb-min-m"": 0.0, ""--spatial-perturb-target"": ""ballstate""}",60,False,miss,0.269607,1.902422,0.163944,20.0,0.0,1.24,1.0,1.3,0.0,0.269607,0.0,1.44,
exp20c_shared_targets,ablationnone__ballspeed9__noplot__perturbsignrandom__randomperturb__servebox__spaceperturbm0.3__spaceperturbminm0.0__spatialperturbtargetballstate,"{""--ablation"": ""none"", ""--ball-speed"": 9, ""--no-plot"": null, ""--perturb-sign"": ""random"", ""--random-perturb"": null, ""--serve-box"": null, ""--space-perturb-m"": 0.3, ""--space-perturb-min-m"": 0.0, ""--spatial-perturb-target"": ""ballstate""}",62,False,miss,0.250453,1.927674,0.154738,20.0,0.0,1.02,1.0,1.1,0.0,0.250453,0.0,1.39,
exp20c_shared_targets,ablationnone__ballspeed9__noplot__perturbsignrandom__randomperturb__servebox__spaceperturbm0.3__spaceperturbminm0.0__spatialperturbtargetballstate,"{""--ablation"": ""none"", ""--ball-speed"": 9, ""--no-plot"": null, ""--perturb-sign"": ""random"", ""--random-perturb"": null, ""--serve-box"": null, ""--space-perturb-m"": 0.3, ""--space-perturb-min-m"": 0.0, ""--spatial-perturb-target"": ""ballstate""}",53,False,miss,0.312647,1.881594,0.097629,0.0,0.0,1.77,0.99,2.0,0.0,0.312647,0.0,2.44,
exp20c_shared_targets,ablationnone__ballspeed9__noplot__perturbsignrandom__randomperturb__servebox__spaceperturbm0.3__spaceperturbminm0.0__spatialperturbtargetballstate,"{""--ablation"": ""none"", ""--ball-speed"": 9, ""--no-plot"": null, ""--perturb-sign"": ""random"", ""--random-perturb"": null, ""--serve-box"": null, ""--space-perturb-m"": 0.3, ""--space-perturb-min-m"": 0.0, ""--spatial-perturb-target"": ""ballstate""}",64,False,miss,0.711968,1.731507,0.466838,0.0,0.0,2.78,2.25,2.8,0.0,0.711968,0.0,1.46,
exp20c_shared_targets,ablationnone__ballspeed9__noplot__perturbsignrandom__randomperturb__servebox__spaceperturbm0.3__spaceperturbminm0.0__spatialperturbtargetballstate,"{""--ablation"": ""none"", ""--ball-speed"": 9, ""--no-plot"": null, ""--perturb-sign"": ""random"", ""--random-perturb"": null, ""--serve-box"": null, ""--space-perturb-m"": 0.3, ""--space-perturb-min-m"": 0.0, ""--spatial-perturb-target"": ""ballstate""}",63,True,active,0.098246,1.929132,0.097799,0.0,0.0,1.33,1.0,1.4,15.0,0.098246,1.277,1.59,
exp20c_shared_targets,ablationnone__ballspeed9__noplot__perturbsignrandom__randomperturb__servebox__spaceperturbm0.3__spaceperturbminm0.0__spatialperturbtargetballstate,"{""--ablation"": ""none"", ""--ball-speed"": 9, ""--no-plot"": null, ""--perturb-sign"": ""random"", ""--random-perturb"": null, ""--serve-box"": null, ""--space-perturb-m"": 0.3, ""--space-perturb-min-m"": 0.0, ""--spatial-perturb-target"": ""ballstate""}",56,True,active,0.074541,1.939253,0.049485,40.0,0.0,1.78,0.98,1.7,20.0,0.074541,1.336,2.46,
exp20c_shared_targets,ablationnone__ballspeed9__noplot__perturbsignrandom__randomperturb__servebox__spaceperturbm0.3__spaceperturbminm0.0__spatialperturbtargetballstate,"{""--ablation"": ""none"", ""--ball-speed"": 9, ""--no-plot"": null, ""--perturb-sign"": ""random"", ""--random-perturb"": null, ""--serve-box"": null, ""--space-perturb-m"": 0.3, ""--space-perturb-min-m"": 0.0, ""--spatial-perturb-target"": ""ballstate""}",61,True,active,0.043081,1.921362,0.035619,50.0,0.0,1.8,0.99,1.2,0.0,0.043081,0.545,2.11,
exp20c_shared_targets,ablationnone__ballspeed9__noplot__perturbsignrandom__randomperturb__servebox__spaceperturbm0.3__spaceperturbminm0.0__spatialperturbtargetballstate,"{""--ablation"": ""none"", ""--ball-speed"": 9, ""--no-plot"": null, ""--perturb-sign"": ""random"", ""--random-perturb"": null, ""--serve-box"": null, ""--space-perturb-m"": 0.3, ""--space-perturb-min-m"": 0.0, ""--spatial-perturb-target"": ""ballstate""}",65,True,active,0.040449,1.989858,0.040449,0.0,0.0,1.79,0.98,2.3,10.0,0.040449,1.735,1.72,
exp20c_shared_targets,ablationnone__ballspeed9__noplot__perturbsignrandom__randomperturb__servebox__spaceperturbm0.3__spaceperturbminm0.0__spatialperturbtargetballstate,"{""--ablation"": ""none"", ""--ball-speed"": 9, ""--no-plot"": null, ""--perturb-sign"": ""random"", ""--random-perturb"": null, ""--serve-box"": null, ""--space-perturb-m"": 0.3, ""--space-perturb-min-m"": 0.0, ""--spatial-perturb-target"": ""ballstate""}",55,False,miss,0.321419,1.922407,0.13644,0.0,0.0,1.08,1.0,1.1,0.0,0.321419,0.0,3.0,
exp20c_shared_targets,ablationnone__ballspeed9__noplot__perturbsignrandom__randomperturb__servebox__spaceperturbm0.3__spaceperturbminm0.0__spatialperturbtargetballstate,"{""--ablation"": ""none"", ""--ball-speed"": 9, ""--no-plot"": null, ""--perturb-sign"": ""random"", ""--random-perturb"": null, ""--serve-box"": null, ""--space-perturb-m"": 0.3, ""--space-perturb-min-m"": 0.0, ""--spatial-perturb-target"": ""ballstate""}",66,True,active,0.104407,1.917138,0.095022,35.0,0.0,1.08,0.99,1.5,15.0,0.104407,0.875,1.49,
exp20c_shared_targets,ablationnone__ballspeed9__noplot__perturbsignrandom__randomperturb__servebox__spaceperturbm0.3__spaceperturbminm0.0__spatialperturbtargetballstate,"{""--ablation"": ""none"", ""--ball-speed"": 9, ""--no-plot"": null, ""--perturb-sign"": ""random"", ""--random-perturb"": null, ""--serve-box"": null, ""--space-perturb-m"": 0.3, ""--space-perturb-min-m"": 0.0, ""--spatial-perturb-target"": ""ballstate""}",68,True,active,0.038389,1.871635,0.038389,50.0,0.0,1.79,0.95,1.7,0.0,0.038389,0.565,1.49,
exp20c_shared_targets,ablationnone__ballspeed9__noplot__perturbsignrandom__randomperturb__servebox__spaceperturbm0.3__spaceperturbminm0.0__spatialperturbtargetballstate,"{""--ablation"": ""none"", ""--ball-speed"": 9, ""--no-plot"": null, ""--perturb-sign"": ""random"", ""--random-perturb"": null, ""--serve-box"": null, ""--space-perturb-m"": 0.3, ""--space-perturb-min-m"": 0.0, ""--spatial-perturb-target"": ""ballstate""}",73,True,active,0.077277,1.935516,0.04916,0.0,0.0,1.77,1.0,1.8,20.0,0.077277,1.695,1.44,
exp20c_shared_targets,ablationnone__ballspeed9__noplot__perturbsignrandom__randomperturb__servebox__spaceperturbm0.3__spaceperturbminm0.0__spatialperturbtargetballstate,"{""--ablation"": ""none"", ""--ball-speed"": 9, ""--no-plot"": null, ""--perturb-sign"": ""random"", ""--random-perturb"": null, ""--serve-box"": null, ""--space-perturb-m"": 0.3, ""--space-perturb-min-m"": 0.0, ""--spatial-perturb-target"": ""ballstate""}",71,False,miss,0.36911,1.887232,0.219027,0.0,0.0,1.53,1.0,1.4,0.0,0.36911,0.0,1.64,
exp20c_shared_targets,ablationnone__ballspeed9__noplot__perturbsignrandom__randomperturb__servebox__spaceperturbm0.3__spaceperturbminm0.0__spatialperturbtargetballstate,"{""--ablation"": ""none"", ""--ball-speed"": 9, ""--no-plot"": null, ""--perturb-sign"": ""random"", ""--random-perturb"": null, ""--serve-box"": null, ""--space-perturb-m"": 0.3, ""--space-perturb-min-m"": 0.0, ""--spatial-perturb-target"": ""ballstate""}",72,True,active,0.013956,1.896698,0.013956,50.0,0.0,1.61,1.0,2.2,0.0,0.013956,0.328,1.73,
exp20c_shared_targets,ablationnone__ballspeed9__noplot__perturbsignrandom__randomperturb__servebox__spaceperturbm0.3__spaceperturbminm0.0__spatialperturbtargetballstate,"{""--ablation"": ""none"", ""--ball-speed"": 9, ""--no-plot"": null, ""--perturb-sign"": ""random"", ""--random-perturb"": null, ""--serve-box"": null, ""--space-perturb-m"": 0.3, ""--space-perturb-min-m"": 0.0, ""--spatial-perturb-target"": ""ballstate""}",69,True,active,0.070869,1.932386,0.055056,10.0,0.0,1.78,1.0,1.4,10.0,0.070869,1.39,1.87,
exp20c_shared_targets,ablationnone__ballspeed9__noplot__perturbsignrandom__randomperturb__servebox__spaceperturbm0.3__spaceperturbminm0.0__spatialperturbtargetballstate,"{""--ablation"": ""none"", ""--ball-speed"": 9, ""--no-plot"": null, ""--perturb-sign"": ""random"", ""--random-perturb"": null, ""--serve-box"": null, ""--space-perturb-m"": 0.3, ""--space-perturb-min-m"": 0.0, ""--spatial-perturb-target"": ""ballstate""}",75,False,miss,0.221693,1.885685,0.172889,15.0,0.0,1.08,0.98,1.3,0.0,0.221693,0.0,1.44,
exp20c_shared_targets,ablationnone__ballspeed9__noplot__perturbsignrandom__randomperturb__servebox__spaceperturbm0.3__spaceperturbminm0.0__spatialperturbtargetballstate,"{""--ablation"": ""none"", ""--ball-speed"": 9, ""--no-plot"": null, ""--perturb-sign"": ""random"", ""--random-perturb"": null, ""--serve-box"": null, ""--space-perturb-m"": 0.3, ""--space-perturb-min-m"": 0.0, ""--spatial-perturb-target"": ""ballstate""}",77,True,active,0.122648,1.902834,0.111976,0.0,0.0,1.8,1.13,1.8,25.0,0.122648,1.642,1.57,
exp20c_shared_targets,ablationnone__ballspeed9__noplot__perturbsignrandom__randomperturb__servebox__spaceperturbm0.3__spaceperturbminm0.0__spatialperturbtargetballstate,"{""--ablation"": ""none"", ""--ball-speed"": 9, ""--no-plot"": null, ""--perturb-sign"": ""random"", ""--random-perturb"": null, ""--serve-box"": null, ""--space-perturb-m"": 0.3, ""--space-perturb-min-m"": 0.0, ""--spatial-perturb-target"": ""ballstate""}",79,False,miss,0.284236,1.892677,0.131877,0.0,0.0,1.44,1.0,1.5,0.0,0.284236,0.0,1.35,
exp20c_shared_targets,ablationnone__ballspeed9__noplot__perturbsignrandom__randomperturb__servebox__spaceperturbm0.3__spaceperturbminm0.0__spatialperturbtargetballstate,"{""--ablation"": ""none"", ""--ball-speed"": 9, ""--no-plot"": null, ""--perturb-sign"": ""random"", ""--random-perturb"": null, ""--serve-box"": null, ""--space-perturb-m"": 0.3, ""--space-perturb-min-m"": 0.0, ""--spatial-perturb-target"": ""ballstate""}",78,False,miss,0.306105,1.895762,0.176025,10.0,0.0,1.21,1.0,1.2,0.0,0.306105,0.0,1.43,
exp20c_shared_targets,ablationnone__ballspeed9__noplot__perturbsignrandom__randomperturb__servebox__spaceperturbm0.3__spaceperturbminm0.0__spatialperturbtargetballstate,"{""--ablation"": ""none"", ""--ball-speed"": 9, ""--no-plot"": null, ""--perturb-sign"": ""random"", ""--random-perturb"": null, ""--serve-box"": null, ""--space-perturb-m"": 0.3, ""--space-perturb-min-m"": 0.0, ""--spatial-perturb-target"": ""ballstate""}",70,True,active,0.071322,1.973845,0.070903,40.0,0.0,1.05,0.98,1.2,5.0,0.071322,0.502,2.71,
exp20c_shared_targets,ablationnone__ballspeed9__noplot__perturbsignrandom__randomperturb__servebox__spaceperturbm0.3__spaceperturbminm0.0__spatialperturbtargetballstate,"{""--ablation"": ""none"", ""--ball-speed"": 9, ""--no-plot"": null, ""--perturb-sign"": ""random"", ""--random-perturb"": null, ""--serve-box"": null, ""--space-perturb-m"": 0.3, ""--space-perturb-min-m"": 0.0, ""--spatial-perturb-target"": ""ballstate""}",67,True,active,0.071781,1.919797,0.0691,50.0,0.0,1.29,0.99,1.7,0.0,0.071781,0.555,3.03,
exp20c_shared_targets,ablationnone__ballspeed9__noplot__perturbsignrandom__randomperturb__servebox__spaceperturbm0.3__spaceperturbminm0.0__spatialperturbtargetballstate,"{""--ablation"": ""none"", ""--ball-speed"": 9, ""--no-plot"": null, ""--perturb-sign"": ""random"", ""--random-perturb"": null, ""--serve-box"": null, ""--space-perturb-m"": 0.3, ""--space-perturb-min-m"": 0.0, ""--spatial-perturb-target"": ""ballstate""}",81,True,active,0.032436,1.925311,0.032436,45.0,0.0,1.71,0.98,1.5,0.0,0.032436,0.974,1.48,
exp20c_shared_targets,ablationnone__ballspeed9__noplot__perturbsignrandom__randomperturb__servebox__spaceperturbm0.3__spaceperturbminm0.0__spatialperturbtargetballstate,"{""--ablation"": ""none"", ""--ball-speed"": 9, ""--no-plot"": null, ""--perturb-sign"": ""random"", ""--random-perturb"": null, ""--serve-box"": null, ""--space-perturb-m"": 0.3, ""--space-perturb-min-m"": 0.0, ""--spatial-perturb-target"": ""ballstate""}",82,False,miss,0.253131,1.895902,0.148311,0.0,0.0,1.17,1.0,1.4,0.0,0.253131,0.0,1.46,
exp20c_shared_targets,ablationnone__ballspeed9__noplot__perturbsignrandom__randomperturb__servebox__spaceperturbm0.3__spaceperturbminm0.0__spatialperturbtargetballstate,"{""--ablation"": ""none"", ""--ball-speed"": 9, ""--no-plot"": null, ""--perturb-sign"": ""random"", ""--random-perturb"": null, ""--serve-box"": null, ""--space-perturb-m"": 0.3, ""--space-perturb-min-m"": 0.0, ""--spatial-perturb-target"": ""ballstate""}",83,True,active,0.076347,1.960432,0.071063,40.0,0.0,1.79,0.98,2.0,10.0,0.076347,1.744,1.48,
exp20c_shared_targets,ablationnone__ballspeed9__noplot__perturbsignrandom__randomperturb__servebox__spaceperturbm0.3__spaceperturbminm0.0__spatialperturbtargetballstate,"{""--ablation"": ""none"", ""--ball-speed"": 9, ""--no-plot"": null, ""--perturb-sign"": ""random"", ""--random-perturb"": null, ""--serve-box"": null, ""--space-perturb-m"": 0.3, ""--space-perturb-min-m"": 0.0, ""--spatial-perturb-target"": ""ballstate""}",84,True,active,0.124915,1.790069,0.124915,15.0,0.0,1.8,1.0,2.0,15.0,0.124915,1.73,1.5,
exp20c_shared_targets,ablationnone__ballspeed9__noplot__perturbsignrandom__randomperturb__servebox__spaceperturbm0.3__spaceperturbminm0.0__spatialperturbtargetballstate,"{""--ablation"": ""none"", ""--ball-speed"": 9, ""--no-plot"": null, ""--perturb-sign"": ""random"", ""--random-perturb"": null, ""--serve-box"": null, ""--space-perturb-m"": 0.3, ""--space-perturb-min-m"": 0.0, ""--spatial-perturb-target"": ""ballstate""}",74,False,miss,0.31279,1.9291,0.170308,15.0,0.0,1.14,1.0,1.3,0.0,0.31279,0.0,2.88,
exp20c_shared_targets,ablationnone__ballspeed9__noplot__perturbsignrandom__randomperturb__servebox__spaceperturbm0.3__spaceperturbminm0.0__spatialperturbtargetballstate,"{""--ablation"": ""none"", ""--ball-speed"": 9, ""--no-plot"": null, ""--perturb-sign"": ""random"", ""--random-perturb"": null, ""--serve-box"": null, ""--space-perturb-m"": 0.3, ""--space-perturb-min-m"": 0.0, ""--spatial-perturb-target"": ""ballstate""}",80,False,miss,0.274444,1.90541,0.200032,0.0,0.0,1.42,0.99,1.6,0.0,0.274444,0.0,2.27,
exp20c_shared_targets,ablationnone__ballspeed9__noplot__perturbsignrandom__randomperturb__servebox__spaceperturbm0.3__spaceperturbminm0.0__spatialperturbtargetballstate,"{""--ablation"": ""none"", ""--ball-speed"": 9, ""--no-plot"": null, ""--perturb-sign"": ""random"", ""--random-perturb"": null, ""--serve-box"": null, ""--space-perturb-m"": 0.3, ""--space-perturb-min-m"": 0.0, ""--spatial-perturb-target"": ""ballstate""}",76,False,miss,0.28565,1.874206,0.123603,0.0,0.0,1.24,0.99,1.1,0.0,0.28565,0.0,2.7,
exp20c_shared_targets,ablationnone__ballspeed9__noplot__perturbsignrandom__randomperturb__servebox__spaceperturbm0.3__spaceperturbminm0.0__spatialperturbtargetballstate,"{""--ablation"": ""none"", ""--ball-speed"": 9, ""--no-plot"": null, ""--perturb-sign"": ""random"", ""--random-perturb"": null, ""--serve-box"": null, ""--space-perturb-m"": 0.3, ""--space-perturb-min-m"": 0.0, ""--spatial-perturb-target"": ""ballstate""}",85,True,passive,0.09648,1.923758,0.086567,40.0,0.0,1.35,1.0,1.5,0.0,0.09648,0.21,1.58,
exp20c_shared_targets,ablationnone__ballspeed9__noplot__perturbsignrandom__randomperturb__servebox__spaceperturbm0.3__spaceperturbminm0.0__spatialperturbtargetballstate,"{""--ablation"": ""none"", ""--ball-speed"": 9, ""--no-plot"": null, ""--perturb-sign"": ""random"", ""--random-perturb"": null, ""--serve-box"": null, ""--space-perturb-m"": 0.3, ""--space-perturb-min-m"": 0.0, ""--spatial-perturb-target"": ""ballstate""}",87,True,active,0.078896,1.957053,0.050723,45.0,0.0,1.53,1.0,1.3,10.0,0.078896,1.044,1.49,
exp20c_shared_targets,ablationnone__ballspeed9__noplot__perturbsignrandom__randomperturb__servebox__spaceperturbm0.3__spaceperturbminm0.0__spatialperturbtargetballstate,"{""--ablation"": ""none"", ""--ball-speed"": 9, ""--no-plot"": null, ""--perturb-sign"": ""random"", ""--random-perturb"": null, ""--serve-box"": null, ""--space-perturb-m"": 0.3, ""--space-perturb-min-m"": 0.0, ""--spatial-perturb-target"": ""ballstate""}",89,True,active,0.097048,1.993926,0.024021,55.0,0.0,1.15,1.0,1.0,10.0,0.097048,1.154,1.42,
exp20c_shared_targets,ablationnone__ballspeed9__noplot__perturbsignrandom__randomperturb__servebox__spaceperturbm0.3__spaceperturbminm0.0__spatialperturbtargetballstate,"{""--ablation"": ""none"", ""--ball-speed"": 9, ""--no-plot"": null, ""--perturb-sign"": ""random"", ""--random-perturb"": null, ""--serve-box"": null, ""--space-perturb-m"": 0.3, ""--space-perturb-min-m"": 0.0, ""--spatial-perturb-target"": ""ballstate""}",88,True,active,0.02459,1.935742,0.02067,45.0,0.0,1.79,0.94,2.1,5.0,0.02459,1.249,1.7,
exp20c_shared_targets,ablationnone__ballspeed9__noplot__perturbsignrandom__randomperturb__servebox__spaceperturbm0.3__spaceperturbminm0.0__spatialperturbtargetballstate,"{""--ablation"": ""none"", ""--ball-speed"": 9, ""--no-plot"": null, ""--perturb-sign"": ""random"", ""--random-perturb"": null, ""--serve-box"": null, ""--space-perturb-m"": 0.3, ""--space-perturb-min-m"": 0.0, ""--spatial-perturb-target"": ""ballstate""}",86,True,active,0.111265,1.95297,0.073519,40.0,0.0,1.71,0.99,1.6,15.0,0.111265,1.334,2.24,
exp20c_shared_targets,ablationnone__ballspeed9__noplot__perturbsignrandom__randomperturb__servebox__spaceperturbm0.3__spaceperturbminm0.0__spatialperturbtargetballstate,"{""--ablation"": ""none"", ""--ball-speed"": 9, ""--no-plot"": null, ""--perturb-sign"": ""random"", ""--random-perturb"": null, ""--serve-box"": null, ""--space-perturb-m"": 0.3, ""--space-perturb-min-m"": 0.0, ""--spatial-perturb-target"": ""ballstate""}",90,True,active,0.086658,1.961442,0.084265,40.0,0.0,1.78,0.97,1.3,10.0,0.086658,1.452,1.5,
exp20c_shared_targets,ablationnone__ballspeed9__noplot__perturbsignrandom__randomperturb__servebox__spaceperturbm0.3__spaceperturbminm0.0__spatialperturbtargetballstate,"{""--ablation"": ""none"", ""--ball-speed"": 9, ""--no-plot"": null, ""--perturb-sign"": ""random"", ""--random-perturb"": null, ""--serve-box"": null, ""--space-perturb-m"": 0.3, ""--space-perturb-min-m"": 0.0, ""--spatial-perturb-target"": ""ballstate""}",92,False,miss,0.357051,1.92944,0.2383,0.0,0.0,1.78,1.0,1.5,0.0,0.357051,0.0,1.53,
exp20c_shared_targets,ablationnone__ballspeed9__noplot__perturbsignrandom__randomperturb__servebox__spaceperturbm0.3__spaceperturbminm0.0__spatialperturbtargetballstate,"{""--ablation"": ""none"", ""--ball-speed"": 9, ""--no-plot"": null, ""--perturb-sign"": ""random"", ""--random-perturb"": null, ""--serve-box"": null, ""--space-perturb-m"": 0.3, ""--space-perturb-min-m"": 0.0, ""--spatial-perturb-target"": ""ballstate""}",93,True,active,0.04885,1.940931,0.04885,40.0,0.0,1.72,0.98,1.8,5.0,0.04885,1.115,1.36,
exp20c_shared_targets,ablationnone__ballspeed9__noplot__perturbsignrandom__randomperturb__servebox__spaceperturbm0.3__spaceperturbminm0.0__spatialperturbtargetballstate,"{""--ablation"": ""none"", ""--ball-speed"": 9, ""--no-plot"": null, ""--perturb-sign"": ""random"", ""--random-perturb"": null, ""--serve-box"": null, ""--space-perturb-m"": 0.3, ""--space-perturb-min-m"": 0.0, ""--spatial-perturb-target"": ""ballstate""}",91,False,miss,0.247375,1.91271,0.169682,15.0,0.0,1.06,0.99,1.3,0.0,0.247375,0.0,1.77,
exp20c_shared_targets,ablationnone__ballspeed9__noplot__perturbsignrandom__randomperturb__servebox__spaceperturbm0.3__spaceperturbminm0.0__spatialperturbtargetballstate,"{""--ablation"": ""none"", ""--ball-speed"": 9, ""--no-plot"": null, ""--perturb-sign"": ""random"", ""--random-perturb"": null, ""--serve-box"": null, ""--space-perturb-m"": 0.3, ""--space-perturb-min-m"": 0.0, ""--spatial-perturb-target"": ""ballstate""}",94,False,miss,0.375607,1.92346,0.181744,10.0,0.0,1.59,1.0,1.1,0.0,0.375607,0.0,1.57,
exp20c_shared_targets,ablationnone__ballspeed9__noplot__perturbsignrandom__randomperturb__servebox__spaceperturbm0.3__spaceperturbminm0.0__spatialperturbtargetballstate,"{""--ablation"": ""none"", ""--ball-speed"": 9, ""--no-plot"": null, ""--perturb-sign"": ""random"", ""--random-perturb"": null, ""--serve-box"": null, ""--space-perturb-m"": 0.3, ""--space-perturb-min-m"": 0.0, ""--spatial-perturb-target"": ""ballstate""}",96,True,active,0.038048,1.949509,0.038048,40.0,0.0,1.38,0.99,1.4,10.0,0.038048,0.905,1.48,
exp20c_shared_targets,ablationnone__ballspeed9__noplot__perturbsignrandom__randomperturb__servebox__spaceperturbm0.3__spaceperturbminm0.0__spatialperturbtargetballstate,"{""--ablation"": ""none"", ""--ball-speed"": 9, ""--no-plot"": null, ""--perturb-sign"": ""random"", ""--random-perturb"": null, ""--serve-box"": null, ""--space-perturb-m"": 0.3, ""--space-perturb-min-m"": 0.0, ""--spatial-perturb-target"": ""ballstate""}",98,True,active,0.069954,1.919364,0.0451,0.0,0.0,1.81,0.99,1.4,15.0,0.069954,1.806,1.43,
exp20c_shared_targets,ablationnone__ballspeed9__noplot__perturbsignrandom__randomperturb__servebox__spaceperturbm0.3__spaceperturbminm0.0__spatialperturbtargetballstate,"{""--ablation"": ""none"", ""--ball-speed"": 9, ""--no-plot"": null, ""--perturb-sign"": ""random"", ""--random-perturb"": null, ""--serve-box"": null, ""--space-perturb-m"": 0.3, ""--space-perturb-min-m"": 0.0, ""--spatial-perturb-target"": ""ballstate""}",95,False,miss,0.277746,1.897739,0.146473,25.0,0.0,1.12,1.0,1.1,0.0,0.277746,0.0,1.73,
exp20c_shared_targets,ablationnone__ballspeed9__noplot__perturbsignrandom__randomperturb__servebox__spaceperturbm0.3__spaceperturbminm0.0__spatialperturbtargetballstate,"{""--ablation"": ""none"", ""--ball-speed"": 9, ""--no-plot"": null, ""--perturb-sign"": ""random"", ""--random-perturb"": null, ""--serve-box"": null, ""--space-perturb-m"": 0.3, ""--space-perturb-min-m"": 0.0, ""--spatial-perturb-target"": ""ballstate""}",100,True,active,0.059034,1.926098,0.055156,45.0,0.0,1.58,0.98,2.1,10.0,0.059034,1.578,1.31,
exp20c_shared_targets,ablationnone__ballspeed9__noplot__perturbsignrandom__randomperturb__servebox__spaceperturbm0.3__spaceperturbminm0.0__spatialperturbtargetballstate,"{""--ablation"": ""none"", ""--ball-speed"": 9, ""--no-plot"": null, ""--perturb-sign"": ""random"", ""--random-perturb"": null, ""--serve-box"": null, ""--space-perturb-m"": 0.3, ""--space-perturb-min-m"": 0.0, ""--spatial-perturb-target"": ""ballstate""}",99,False,miss,0.313115,1.883999,0.247741,0.0,0.0,1.05,1.0,1.5,0.0,0.313115,0.0,1.67,
exp20c_shared_targets,ablationnone__ballspeed9__noplot__perturbsignrandom__randomperturb__servebox__spaceperturbm0.3__spaceperturbminm0.0__spatialperturbtargetballstate,"{""--ablation"": ""none"", ""--ball-speed"": 9, ""--no-plot"": null, ""--perturb-sign"": ""random"", ""--random-perturb"": null, ""--serve-box"": null, ""--space-perturb-m"": 0.3, ""--space-perturb-min-m"": 0.0, ""--spatial-perturb-target"": ""ballstate""}",97,True,active,0.097079,1.93165,0.088037,0.0,0.0,1.77,0.97,1.6,10.0,0.097079,1.767,1.89,
