experiment,config_id,config_json,seed,hit,hit_type,pos_error,vel_error,min_dist,ball_near_ms,tube_ready_ms,max_tcp,max_qdot,max_face,hit_time_error_ms,hit_pos_error,v_racket_at_hit,wall_time,error
exp18_sensitivity,ablationfull__ballspeed9__noplot__servebox__softminbeta1.0,"{""--ablation"": ""full"", ""--ball-speed"": 9, ""--no-plot"": null, ""--serve-box"": null, ""--softmin-beta"": 1.0}",2,True,active,0.108698,1.955393,0.098992,15.0,35.0,1.7,1.0,2.1,15.0,0.108698,1.59,1.53,
exp18_sensitivity,ablationfull__ballspeed9__noplot__servebox__softminbeta1.0,"{""--ablation"": ""full"", ""--ball-speed"": 9, ""--no-plot"": null, ""--serve-box"": null, ""--softmin-beta"": 1.0}",9,True,active,0.137241,1.963303,0.132474,30.0,85.0,1.78,0.99,1.8,15.0,0.137241,1.756,1.59,
exp18_sensitivity,ablationfull__ballspeed9__noplot__servebox__softminbeta1.0,"{""--ablation"": ""full"", ""--ball-speed"": 9, ""--no-plot"": null, ""--serve-box"": null, ""--softmin-beta"": 1.0}",16,True,active,0.065424,1.976198,0.05881,5.0,45.0,1.63,1.0,1.6,15.0,0.065424,1.347,1.61,
exp18_sensitivity,ablationfull__ballspeed9__noplot__servebox__softminbeta1.0,"{""--ablation"": ""full"", ""--ball-speed"": 9, ""--no-plot"": null, ""--serve-box"": null, ""--softmin-beta"": 1.0}",4,True,active,0.124027,1.955262,0.109907,40.0,105.0,1.8,0.99,1.7,20.0,0.124027,1.699,1.64,
exp18_sensitivity,ablationfull__ballspeed9__noplot__servebox__softminbeta1.0,"{""--ablation"": ""full"", ""--ball-speed"": 9, ""--no-plot"": null, ""--serve-box"": null, ""--softmin-beta"": 1.0}",5,True,active,0.102937,1.950804,0.069905,0.0,0.0,1.79,0.99,1.5,25.0,0.102937,1.599,1.65,
exp18_sensitivity,ablationfull__ballspeed9__noplot__servebox__softminbeta1.0,"{""--ablation"": ""full"", ""--ball-speed"": 9, ""--no-plot"": null, ""--serve-box"": null, ""--softmin-beta"": 1.0}",8,True,active,0.144055,1.957845,0.122086,35.0,105.0,1.24,1.0,1.6,0.0,0.144055,0.473,1.67,
exp18_sensitivity,ablationfull__ballspeed9__noplot__servebox__softminbeta1.0,"{""--ablation"": ""full"", ""--ball-speed"": 9, ""--no-plot"": null, ""--serve-box"": null, ""--softmin-beta"": 1.0}",1,True,active,0.054097,1.980096,0.054097,35.0,105.0,1.81,1.0,1.6,20.0,0.054097,1.62,1.68,
exp18_sensitivity,ablationfull__ballspeed9__noplot__servebox__softminbeta1.0,"{""--ablation"": ""full"", ""--ball-speed"": 9, ""--no-plot"": null, ""--serve-box"": null, ""--softmin-beta"": 1.0}",7,True,active,0.102696,1.949466,0.098637,35.0,105.0,1.78,0.99,1.7,20.0,0.102696,1.761,1.88,
exp18_sensitivity,ablationfull__ballspeed9__noplot__servebox__softminbeta1.0,"{""--ablation"": ""full"", ""--ball-speed"": 9, ""--no-plot"": null, ""--serve-box"": null, ""--softmin-beta"": 1.0}",21,,,,,,,,,,,,,,0.24,no_result
exp18_sensitivity,ablationfull__ballspeed9__noplot__servebox__softminbeta1.0,"{""--ablation"": ""full"", ""--ball-speed"": 9, ""--no-plot"": null, ""--serve-box"": null, ""--softmin-beta"": 1.0}",20,,,,,,,,,,,,,,0.25,no_result
exp18_sensitivity,ablationfull__ballspeed9__noplot__servebox__softminbeta1.0,"{""--ablation"": ""full"", ""--ball-speed"": 9, ""--no-plot"": null, ""--serve-box"": null, ""--softmin-beta"": 1.0}",13,True,active,0.14318,1.916528,0.140801,35.0,75.0,1.14,1.0,1.4,5.0,0.14318,0.746,2.3,
exp18_sensitivity,ablationfull__ballspeed9__noplot__servebox__softminbeta1.0,"{""--ablation"": ""full"", ""--ball-speed"": 9, ""--no-plot"": null, ""--serve-box"": null, ""--softmin-beta"": 1.0}",12,True,active,0.073306,1.951961,0.073306,40.0,105.0,1.8,0.99,1.8,20.0,0.073306,1.781,2.51,
exp18_sensitivity,ablationfull__ballspeed9__noplot__servebox__softminbeta1.0,"{""--ablation"": ""full"", ""--ball-speed"": 9, ""--no-plot"": null, ""--serve-box"": null, ""--softmin-beta"": 1.0}",15,True,active,0.108297,1.950195,0.10011,0.0,0.0,1.77,0.98,2.1,15.0,0.108297,1.775,2.89,
exp18_sensitivity,ablationfull__ballspeed9__noplot__servebox__softminbeta1.0,"{""--ablation"": ""full"", ""--ball-speed"": 9, ""--no-plot"": null, ""--serve-box"": null, ""--softmin-beta"": 1.0}",6,True,active,0.10185,1.949561,0.095652,35.0,105.0,1.8,0.99,1.6,20.0,0.10185,1.742,2.96,
exp18_sensitivity,ablationfull__ballspeed9__noplot__servebox__softminbeta1.0,"{""--ablation"": ""full"", ""--ball-speed"": 9, ""--no-plot"": null, ""--serve-box"": null, ""--softmin-beta"": 1.0}",19,True,active,0.113456,1.937541,0.099306,0.0,0.0,1.78,0.99,2.0,25.0,0.113456,1.64,1.38,
exp18_sensitivity,ablationfull__ballspeed9__noplot__servebox__softminbeta1.0,"{""--ablation"": ""full"", ""--ball-speed"": 9, ""--no-plot"": null, ""--serve-box"": null, ""--softmin-beta"": 1.0}",18,True,active,0.114786,1.992625,0.114786,30.0,105.0,1.81,0.99,1.9,20.0,0.114786,1.653,1.44,
exp18_sensitivity,ablationfull__ballspeed9__noplot__servebox__softminbeta1.0,"{""--ablation"": ""full"", ""--ball-speed"": 9, ""--no-plot"": null, ""--serve-box"": null, ""--softmin-beta"": 1.0}",11,True,active,0.106181,1.903871,0.101442,40.0,105.0,1.61,0.99,1.4,10.0,0.106181,0.726,3.06,
exp18_sensitivity,ablationfull__ballspeed9__noplot__servebox__softminbeta1.0,"{""--ablation"": ""full"", ""--ball-speed"": 9, ""--no-plot"": null, ""--serve-box"": null, ""--softmin-beta"": 1.0}",10,True,active,0.099046,1.962542,0.096679,40.0,105.0,1.8,1.0,1.6,15.0,0.099046,1.679,3.09,
exp18_sensitivity,ablationfull__ballspeed9__noplot__servebox__softminbeta1.0,"{""--ablation"": ""full"", ""--ball-speed"": 9, ""--no-plot"": null, ""--serve-box"": null, ""--softmin-beta"": 1.0}",14,True,active,0.085757,1.98576,0.085757,40.0,105.0,1.79,1.0,1.4,15.0,0.085757,1.757,3.15,
exp18_sensitivity,ablationfull__ballspeed9__noplot__servebox__softminbeta1.0,"{""--ablation"": ""full"", ""--ball-speed"": 9, ""--no-plot"": null, ""--serve-box"": null, ""--softmin-beta"": 1.0}",22,True,active,0.103366,1.918018,0.064212,0.0,0.0,1.8,1.0,1.8,25.0,0.103366,1.782,1.5,
exp18_sensitivity,ablationfull__ballspeed9__noplot__servebox__softminbeta1.0,"{""--ablation"": ""full"", ""--ball-speed"": 9, ""--no-plot"": null, ""--serve-box"": null, ""--softmin-beta"": 1.0}",23,True,active,0.105769,1.94775,0.105769,35.0,105.0,1.78,0.99,1.9,15.0,0.105769,1.696,1.56,
exp18_sensitivity,ablationfull__ballspeed9__noplot__servebox__softminbeta1.0,"{""--ablation"": ""full"", ""--ball-speed"": 9, ""--no-plot"": null, ""--serve-box"": null, ""--softmin-beta"": 1.0}",3,True,active,0.136367,1.915634,0.123044,35.0,100.0,1.75,1.0,1.7,25.0,0.136367,1.543,3.28,
exp18_sensitivity,ablationfull__ballspeed9__noplot__servebox__softminbeta1.0,"{""--ablation"": ""full"", ""--ball-speed"": 9, ""--no-plot"": null, ""--serve-box"": null, ""--softmin-beta"": 1.0}",17,True,active,0.084584,1.933898,0.081287,45.0,105.0,1.4,1.0,1.3,5.0,0.084584,0.55,1.95,
exp18_sensitivity,ablationfull__ballspeed9__noplot__servebox__softminbeta1.0,"{""--ablation"": ""full"", ""--ball-speed"": 9, ""--no-plot"": null, ""--serve-box"": null, ""--softmin-beta"": 1.0}",26,True,active,0.093695,1.948249,0.093695,40.0,105.0,1.8,1.0,1.6,20.0,0.093695,1.532,1.61,
exp18_sensitivity,ablationfull__ballspeed9__noplot__servebox__softminbeta1.0,"{""--ablation"": ""full"", ""--ball-speed"": 9, ""--no-plot"": null, ""--serve-box"": null, ""--softmin-beta"": 1.0}",27,True,active,0.034755,1.914821,0.034755,40.0,105.0,1.48,1.0,1.7,10.0,0.034755,0.754,1.49,
exp18_sensitivity,ablationfull__ballspeed9__noplot__servebox__softminbeta1.0,"{""--ablation"": ""full"", ""--ball-speed"": 9, ""--no-plot"": null, ""--serve-box"": null, ""--softmin-beta"": 1.0}",25,False,miss,0.310962,1.933202,0.218228,0.0,0.0,1.07,1.0,1.3,0.0,0.310962,0.0,2.2,
exp18_sensitivity,ablationfull__ballspeed9__noplot__servebox__softminbeta1.0,"{""--ablation"": ""full"", ""--ball-speed"": 9, ""--no-plot"": null, ""--serve-box"": null, ""--softmin-beta"": 1.0}",28,True,active,0.101675,1.934764,0.08609,0.0,0.0,1.79,0.98,1.6,20.0,0.101675,1.745,1.59,
exp18_sensitivity,ablationfull__ballspeed9__noplot__servebox__softminbeta1.0,"{""--ablation"": ""full"", ""--ball-speed"": 9, ""--no-plot"": null, ""--serve-box"": null, ""--softmin-beta"": 1.0}",33,True,active,0.110297,1.972966,0.110297,35.0,105.0,1.79,0.98,2.0,15.0,0.110297,1.783,1.49,
exp18_sensitivity,ablationfull__ballspeed9__noplot__servebox__softminbeta1.0,"{""--ablation"": ""full"", ""--ball-speed"": 9, ""--no-plot"": null, ""--serve-box"": null, ""--softmin-beta"": 1.0}",37,True,active,0.139208,1.965344,0.125336,35.0,65.0,1.65,1.0,1.7,20.0,0.139208,1.298,1.42,
exp18_sensitivity,ablationfull__ballspeed9__noplot__servebox__softminbeta1.0,"{""--ablation"": ""full"", ""--ball-speed"": 9, ""--no-plot"": null, ""--serve-box"": null, ""--softmin-beta"": 1.0}",35,True,active,0.113404,1.959309,0.104396,40.0,105.0,1.79,0.99,1.7,20.0,0.113404,1.656,1.52,
exp18_sensitivity,ablationfull__ballspeed9__noplot__servebox__softminbeta1.0,"{""--ablation"": ""full"", ""--ball-speed"": 9, ""--no-plot"": null, ""--serve-box"": null, ""--softmin-beta"": 1.0}",24,False,miss,0.31935,1.934235,0.130031,0.0,15.0,1.76,1.0,1.7,0.0,0.31935,0.0,2.84,
exp18_sensitivity,ablationfull__ballspeed9__noplot__servebox__softminbeta1.0,"{""--ablation"": ""full"", ""--ball-speed"": 9, ""--no-plot"": null, ""--serve-box"": null, ""--softmin-beta"": 1.0}",36,True,active,0.115858,1.931859,0.113812,35.0,105.0,1.79,1.0,1.8,10.0,0.115858,1.403,1.68,
exp18_sensitivity,ablationfull__ballspeed9__noplot__servebox__softminbeta1.0,"{""--ablation"": ""full"", ""--ball-speed"": 9, ""--no-plot"": null, ""--serve-box"": null, ""--softmin-beta"": 1.0}",29,True,active,0.106476,1.908638,0.103461,35.0,105.0,0.99,1.0,1.2,5.0,0.106476,0.363,1.98,
exp18_sensitivity,ablationfull__ballspeed9__noplot__servebox__softminbeta1.0,"{""--ablation"": ""full"", ""--ball-speed"": 9, ""--no-plot"": null, ""--serve-box"": null, ""--softmin-beta"": 1.0}",40,True,active,0.073123,1.977508,0.073123,40.0,105.0,1.81,0.98,1.7,15.0,0.073123,1.732,1.37,
exp18_sensitivity,ablationfull__ballspeed9__noplot__servebox__softminbeta1.0,"{""--ablation"": ""full"", ""--ball-speed"": 9, ""--no-plot"": null, ""--serve-box"": null, ""--softmin-beta"": 1.0}",30,True,active,0.071285,1.94592,0.051287,0.0,0.0,1.79,0.98,1.7,20.0,0.071285,1.784,1.93,
exp18_sensitivity,ablationfull__ballspeed9__noplot__servebox__softminbeta1.0,"{""--ablation"": ""full"", ""--ball-speed"": 9, ""--no-plot"": null, ""--serve-box"": null, ""--softmin-beta"": 1.0}",34,True,active,0.09099,1.983368,0.09099,30.0,105.0,1.81,1.0,1.7,20.0,0.09099,1.661,2.25,
exp18_sensitivity,ablationfull__ballspeed9__noplot__servebox__softminbeta1.0,"{""--ablation"": ""full"", ""--ball-speed"": 9, ""--no-plot"": null, ""--serve-box"": null, ""--softmin-beta"": 1.0}",41,True,active,0.056183,1.997129,0.034753,40.0,105.0,1.8,1.0,2.1,5.0,0.056183,1.348,1.63,
exp18_sensitivity,ablationfull__ballspeed9__noplot__servebox__softminbeta1.0,"{""--ablation"": ""full"", ""--ball-speed"": 9, ""--no-plot"": null, ""--serve-box"": null, ""--softmin-beta"": 1.0}",42,True,active,0.094913,1.966658,0.094913,35.0,105.0,1.81,1.0,1.7,20.0,0.094913,1.537,1.69,
exp18_sensitivity,ablationfull__ballspeed9__noplot__servebox__softminbeta1.0,"{""--ablation"": ""full"", ""--ball-speed"": 9, ""--no-plot"": null, ""--serve-box"": null, ""--softmin-beta"": 1.0}",32,True,active,0.102337,1.943804,0.089879,45.0,105.0,1.74,1.0,1.7,15.0,0.102337,1.74,2.91,
exp18_sensitivity,ablationfull__ballspeed9__noplot__servebox__softminbeta1.0,"{""--ablation"": ""full"", ""--ball-speed"": 9, ""--no-plot"": null, ""--serve-box"": null, ""--softmin-beta"": 1.0}",31,False,miss,0.355262,1.968782,0.153561,25.0,0.0,1.5,0.99,1.4,0.0,0.355262,0.0,2.97,
exp18_sensitivity,ablationfull__ballspeed9__noplot__servebox__softminbeta1.0,"{""--ablation"": ""full"", ""--ball-speed"": 9, ""--no-plot"": null, ""--serve-box"": null, ""--softmin-beta"": 1.0}",44,True,active,0.129568,1.964779,0.121277,40.0,105.0,1.83,1.0,2.2,20.0,0.129568,1.757,1.47,
exp18_sensitivity,ablationfull__ballspeed9__noplot__servebox__softminbeta1.0,"{""--ablation"": ""full"", ""--ball-speed"": 9, ""--no-plot"": null, ""--serve-box"": null, ""--softmin-beta"": 1.0}",38,True,active,0.089332,1.985166,0.089332,30.0,105.0,1.81,1.0,1.7,20.0,0.089332,1.451,2.79,
exp18_sensitivity,ablationfull__ballspeed9__noplot__servebox__softminbeta1.0,"{""--ablation"": ""full"", ""--ball-speed"": 9, ""--no-plot"": null, ""--serve-box"": null, ""--softmin-beta"": 1.0}",47,True,active,0.064999,1.887092,0.064999,50.0,105.0,1.52,0.98,1.6,10.0,0.064999,1.117,1.6,
exp18_sensitivity,ablationfull__ballspeed9__noplot__servebox__softminbeta1.0,"{""--ablation"": ""full"", ""--ball-speed"": 9, ""--no-plot"": null, ""--serve-box"": null, ""--softmin-beta"": 1.0}",48,True,active,0.105054,1.942428,0.099425,35.0,105.0,1.79,1.0,1.7,20.0,0.105054,1.749,1.53,
exp18_sensitivity,ablationfull__ballspeed9__noplot__servebox__softminbeta1.0,"{""--ablation"": ""full"", ""--ball-speed"": 9, ""--no-plot"": null, ""--serve-box"": null, ""--softmin-beta"": 1.0}",49,True,active,0.09145,1.949414,0.084788,45.0,105.0,1.78,0.99,1.9,20.0,0.09145,1.743,1.51,
exp18_sensitivity,ablationfull__ballspeed9__noplot__servebox__softminbeta1.0,"{""--ablation"": ""full"", ""--ball-speed"": 9, ""--no-plot"": null, ""--serve-box"": null, ""--softmin-beta"": 1.0}",46,True,active,0.108512,1.968241,0.104575,35.0,105.0,1.34,0.99,1.4,10.0,0.108512,1.1,1.71,
exp18_sensitivity,ablationfull__ballspeed9__noplot__servebox__softminbeta1.0,"{""--ablation"": ""full"", ""--ball-speed"": 9, ""--no-plot"": null, ""--serve-box"": null, ""--softmin-beta"": 1.0}",39,True,active,0.091562,1.913835,0.091562,40.0,105.0,1.8,0.99,2.0,10.0,0.091562,1.773,2.93,
exp18_sensitivity,ablationfull__ballspeed9__noplot__servebox__softminbeta1.0,"{""--ablation"": ""full"", ""--ball-speed"": 9, ""--no-plot"": null, ""--serve-box"": null, ""--softmin-beta"": 1.0}",50,True,active,0.112881,1.922109,0.10606,30.0,85.0,1.81,1.0,2.0,20.0,0.112881,1.724,1.7,
exp18_sensitivity,ablationfull__ballspeed9__noplot__servebox__softminbeta1.0,"{""--ablation"": ""full"", ""--ball-speed"": 9, ""--no-plot"": null, ""--serve-box"": null, ""--softmin-beta"": 1.0}",43,True,active,0.115634,1.944807,0.113098,35.0,105.0,1.8,1.0,1.8,25.0,0.115634,1.395,2.66,
exp18_sensitivity,ablationfull__ballspeed9__noplot__servebox__softminbeta1.0,"{""--ablation"": ""full"", ""--ball-speed"": 9, ""--no-plot"": null, ""--serve-box"": null, ""--softmin-beta"": 1.0}",51,True,active,0.11297,1.953827,0.099565,40.0,105.0,1.68,1.0,1.8,15.0,0.11297,1.562,2.14,
exp18_sensitivity,ablationfull__ballspeed9__noplot__servebox__softminbeta1.0,"{""--ablation"": ""full"", ""--ball-speed"": 9, ""--no-plot"": null, ""--serve-box"": null, ""--softmin-beta"": 1.0}",45,True,active,0.109191,1.972798,0.108133,35.0,105.0,1.81,1.0,1.8,20.0,0.109191,1.799,2.73,
exp18_sensitivity,ablationfull__ballspeed9__noplot__servebox__softminbeta1.0,"{""--ablation"": ""full"", ""--ball-speed"": 9, ""--no-plot"": null, ""--serve-box"": null, ""--softmin-beta"": 1.0}",53,True,active,0.043132,1.938156,0.043132,40.0,105.0,1.41,1.0,1.5,10.0,0.043132,0.468,2.1,
exp18_sensitivity,ablationfull__ballspeed9__noplot__servebox__softminbeta1.0,"{""--ablation"": ""full"", ""--ball-speed"": 9, ""--no-plot"": null, ""--serve-box"": null, ""--softmin-beta"": 1.0}",57,True,active,0.097783,1.972986,0.092844,0.0,0.0,1.8,0.93,2.0,20.0,0.097783,1.789,1.63,
exp18_sensitivity,ablationfull__ballspeed9__noplot__servebox__softminbeta1.0,"{""--ablation"": ""full"", ""--ball-speed"": 9, ""--no-plot"": null, ""--serve-box"": null, ""--softmin-beta"": 1.0}",55,True,active,0.088314,1.991799,0.08214,40.0,105.0,1.8,0.96,1.9,20.0,0.088314,1.797,1.72,
exp18_sensitivity,ablationfull__ballspeed9__noplot__servebox__softminbeta1.0,"{""--ablation"": ""full"", ""--ball-speed"": 9, ""--no-plot"": null, ""--serve-box"": null, ""--softmin-beta"": 1.0}",56,False,miss,0.368244,1.958887,0.147452,0.0,0.0,1.79,1.0,2.0,0.0,0.368244,0.0,1.75,
exp18_sensitivity,ablationfull__ballspeed9__noplot__servebox__softminbeta1.0,"{""--ablation"": ""full"", ""--ball-speed"": 9, ""--no-plot"": null, ""--serve-box"": null, ""--softmin-beta"": 1.0}",62,True,active,0.095273,1.973723,0.092454,35.0,105.0,1.8,0.99,1.8,20.0,0.095273,1.673,1.52,
exp18_sensitivity,ablationfull__ballspeed9__noplot__servebox__softminbeta1.0,"{""--ablation"": ""full"", ""--ball-speed"": 9, ""--no-plot"": null, ""--serve-box"": null, ""--softmin-beta"": 1.0}",59,True,active,0.096793,1.96297,0.089672,35.0,85.0,1.79,1.0,1.8,25.0,0.096793,1.79,1.73,
exp18_sensitivity,ablationfull__ballspeed9__noplot__servebox__softminbeta1.0,"{""--ablation"": ""full"", ""--ball-speed"": 9, ""--no-plot"": null, ""--serve-box"": null, ""--softmin-beta"": 1.0}",61,True,active,0.11432,1.984064,0.11432,30.0,105.0,1.81,1.0,1.6,20.0,0.11432,1.692,1.68,
exp18_sensitivity,ablationfull__ballspeed9__noplot__servebox__softminbeta1.0,"{""--ablation"": ""full"", ""--ball-speed"": 9, ""--no-plot"": null, ""--serve-box"": null, ""--softmin-beta"": 1.0}",63,True,active,0.072823,1.982572,0.072823,40.0,105.0,1.81,1.0,1.5,20.0,0.072823,1.57,1.7,
exp18_sensitivity,ablationfull__ballspeed9__noplot__servebox__softminbeta1.0,"{""--ablation"": ""full"", ""--ball-speed"": 9, ""--no-plot"": null, ""--serve-box"": null, ""--softmin-beta"": 1.0}",52,True,active,0.083163,1.959336,0.078353,35.0,105.0,1.8,0.99,1.5,20.0,0.083163,1.744,3.0,
exp18_sensitivity,ablationfull__ballspeed9__noplot__servebox__softminbeta1.0,"{""--ablation"": ""full"", ""--ball-speed"": 9, ""--no-plot"": null, ""--serve-box"": null, ""--softmin-beta"": 1.0}",65,True,active,0.09285,1.993612,0.09285,30.0,105.0,1.82,1.0,1.8,20.0,0.09285,1.775,2.02,
exp18_sensitivity,ablationfull__ballspeed9__noplot__servebox__softminbeta1.0,"{""--ablation"": ""full"", ""--ball-speed"": 9, ""--no-plot"": null, ""--serve-box"": null, ""--softmin-beta"": 1.0}",60,True,active,0.127876,1.958514,0.126692,35.0,105.0,1.8,1.0,1.9,20.0,0.127876,1.571,2.47,
exp18_sensitivity,ablationfull__ballspeed9__noplot__servebox__softminbeta1.0,"{""--ablation"": ""full"", ""--ball-speed"": 9, ""--no-plot"": null, ""--serve-box"": null, ""--softmin-beta"": 1.0}",54,True,active,0.026586,2.002054,0.026586,0.0,40.0,1.83,0.99,1.8,25.0,0.026586,1.798,3.13,
exp18_sensitivity,ablationfull__ballspeed9__noplot__servebox__softminbeta1.0,"{""--ablation"": ""full"", ""--ball-speed"": 9, ""--no-plot"": null, ""--serve-box"": null, ""--softmin-beta"": 1.0}",67,True,active,0.073771,1.954488,0.073771,35.0,105.0,1.78,0.99,1.8,15.0,0.073771,1.568,1.74,
exp18_sensitivity,ablationfull__ballspeed9__noplot__servebox__softminbeta1.0,"{""--ablation"": ""full"", ""--ball-speed"": 9, ""--no-plot"": null, ""--serve-box"": null, ""--softmin-beta"": 1.0}",58,True,active,0.077257,1.896827,0.07613,45.0,105.0,1.4,1.0,1.8,15.0,0.077257,1.252,3.06,
exp18_sensitivity,ablationfull__ballspeed9__noplot__servebox__softminbeta1.0,"{""--ablation"": ""full"", ""--ball-speed"": 9, ""--no-plot"": null, ""--serve-box"": null, ""--softmin-beta"": 1.0}",69,True,active,0.119573,1.949276,0.112567,35.0,105.0,1.8,1.0,1.8,20.0,0.119573,1.676,1.6,
exp18_sensitivity,ablationfull__ballspeed9__noplot__servebox__softminbeta1.0,"{""--ablation"": ""full"", ""--ball-speed"": 9, ""--no-plot"": null, ""--serve-box"": null, ""--softmin-beta"": 1.0}",71,True,active,0.126619,1.976014,0.126619,20.0,80.0,1.78,1.0,1.9,25.0,0.126619,1.555,1.62,
exp18_sensitivity,ablationfull__ballspeed9__noplot__servebox__softminbeta1.0,"{""--ablation"": ""full"", ""--ball-speed"": 9, ""--no-plot"": null, ""--serve-box"": null, ""--softmin-beta"": 1.0}",70,True,active,0.082878,1.983895,0.082878,40.0,105.0,1.79,1.0,1.7,20.0,0.082878,1.761,1.81,
exp18_sensitivity,ablationfull__ballspeed9__noplot__servebox__softminbeta1.0,"{""--ablation"": ""full"", ""--ball-speed"": 9, ""--no-plot"": null, ""--serve-box"": null, ""--softmin-beta"": 1.0}",64,True,active,0.128047,1.958688,0.118032,35.0,105.0,1.81,0.99,1.6,20.0,0.128047,1.688,2.93,
exp18_sensitivity,ablationfull__ballspeed9__noplot__servebox__softminbeta1.0,"{""--ablation"": ""full"", ""--ball-speed"": 9, ""--no-plot"": null, ""--serve-box"": null, ""--softmin-beta"": 1.0}",74,True,active,0.102081,1.949043,0.092376,40.0,105.0,1.8,0.99,1.8,20.0,0.102081,1.612,1.66,
exp18_sensitivity,ablationfull__ballspeed9__noplot__servebox__softminbeta1.0,"{""--ablation"": ""full"", ""--ball-speed"": 9, ""--no-plot"": null, ""--serve-box"": null, ""--softmin-beta"": 1.0}",75,True,active,0.127343,1.946594,0.126061,35.0,105.0,1.3,0.99,1.5,5.0,0.127343,0.788,1.6,
exp18_sensitivity,ablationfull__ballspeed9__noplot__servebox__softminbeta1.0,"{""--ablation"": ""full"", ""--ball-speed"": 9, ""--no-plot"": null, ""--serve-box"": null, ""--softmin-beta"": 1.0}",66,True,active,0.124665,1.952154,0.112178,40.0,100.0,1.79,1.0,1.8,20.0,0.124665,1.521,2.84,
exp18_sensitivity,ablationfull__ballspeed9__noplot__servebox__softminbeta1.0,"{""--ablation"": ""full"", ""--ball-speed"": 9, ""--no-plot"": null, ""--serve-box"": null, ""--softmin-beta"": 1.0}",76,True,active,0.08453,1.911601,0.079262,0.0,0.0,1.68,0.99,1.8,15.0,0.08453,1.582,1.79,
exp18_sensitivity,ablationfull__ballspeed9__noplot__servebox__softminbeta1.0,"{""--ablation"": ""full"", ""--ball-speed"": 9, ""--no-plot"": null, ""--serve-box"": null, ""--softmin-beta"": 1.0}",73,True,active,0.140894,1.988814,0.136055,35.0,105.0,1.73,0.99,1.5,20.0,0.140894,1.456,2.11,
exp18_sensitivity,ablationfull__ballspeed9__noplot__servebox__softminbeta1.0,"{""--ablation"": ""full"", ""--ball-speed"": 9, ""--no-plot"": null, ""--serve-box"": null, ""--softmin-beta"": 1.0}",77,True,active,0.09224,1.91121,0.082952,40.0,105.0,1.48,1.0,1.4,15.0,0.09224,1.407,1.67,
exp18_sensitivity,ablationfull__ballspeed9__noplot__servebox__softminbeta1.0,"{""--ablation"": ""full"", ""--ball-speed"": 9, ""--no-plot"": null, ""--serve-box"": null, ""--softmin-beta"": 1.0}",68,True,active,0.071334,1.922423,0.064738,45.0,105.0,1.62,1.0,1.1,5.0,0.071334,1.194,3.1,
exp18_sensitivity,ablationfull__ballspeed9__noplot__servebox__softminbeta1.0,"{""--ablation"": ""full"", ""--ball-speed"": 9, ""--no-plot"": null, ""--serve-box"": null, ""--softmin-beta"": 1.0}",78,True,active,0.087023,1.93995,0.083839,35.0,105.0,1.8,0.99,1.8,20.0,0.087023,1.635,1.84,
exp18_sensitivity,ablationfull__ballspeed9__noplot__servebox__softminbeta1.0,"{""--ablation"": ""full"", ""--ball-speed"": 9, ""--no-plot"": null, ""--serve-box"": null, ""--softmin-beta"": 1.0}",72,True,active,0.074501,1.984458,0.074501,40.0,105.0,1.79,0.99,1.8,15.0,0.074501,1.748,2.91,
exp18_sensitivity,ablationfull__ballspeed9__noplot__servebox__softminbeta1.0,"{""--ablation"": ""full"", ""--ball-speed"": 9, ""--no-plot"": null, ""--serve-box"": null, ""--softmin-beta"": 1.0}",83,True,active,0.106131,1.987813,0.106131,40.0,105.0,1.59,1.0,1.5,15.0,0.106131,1.425,1.55,
exp18_sensitivity,ablationfull__ballspeed9__noplot__servebox__softminbeta1.0,"{""--ablation"": ""full"", ""--ball-speed"": 9, ""--no-plot"": null, ""--serve-box"": null, ""--softmin-beta"": 1.0}",81,True,active,0.071026,1.982943,0.071026,35.0,105.0,1.79,1.0,1.8,20.0,0.071026,1.411,1.87,
exp18_sensitivity,ablationfull__ballspeed9__noplot__servebox__softminbeta1.0,"{""--ablation"": ""full"", ""--ball-speed"": 9, ""--no-plot"": null, ""--serve-box"": null, ""--softmin-beta"": 1.0}",85,True,active,0.076236,1.966502,0.07422,40.0,105.0,1.8,0.99,1.6,10.0,0.076236,1.656,1.67,
exp18_sensitivity,ablationfull__ballspeed9__noplot__servebox__softminbeta1.0,"{""--ablation"": ""full"", ""--ball-speed"": 9, ""--no-plot"": null, ""--serve-box"": null, ""--softmin-beta"": 1.0}",86,True,active,0.084805,1.952287,0.084805,40.0,105.0,1.78,1.0,1.8,15.0,0.084805,1.657,1.62,
exp18_sensitivity,ablationfull__ballspeed9__noplot__servebox__softminbeta1.0,"{""--ablation"": ""full"", ""--ball-speed"": 9, ""--no-plot"": null, ""--serve-box"": null, ""--softmin-beta"": 1.0}",82,True,active,0.093209,1.964047,0.093209,30.0,105.0,1.81,0.99,1.7,20.0,0.093209,1.711,2.13,
exp18_sensitivity,ablationfull__ballspeed9__noplot__servebox__softminbeta1.0,"{""--ablation"": ""full"", ""--ball-speed"": 9, ""--no-plot"": null, ""--serve-box"": null, ""--softmin-beta"": 1.0}",88,True,active,0.101658,1.967028,0.101658,35.0,105.0,1.8,0.99,2.0,20.0,0.101658,1.669,1.56,
exp18_sensitivity,ablationfull__ballspeed9__noplot__servebox__softminbeta1.0,"{""--ablation"": ""full"", ""--ball-speed"": 9, ""--no-plot"": null, ""--serve-box"": null, ""--softmin-beta"": 1.0}",80,True,active,0.030953,1.933759,0.030953,50.0,105.0,1.81,1.0,1.5,10.0,0.030953,0.789,2.35,
exp18_sensitivity,ablationfull__ballspeed9__noplot__servebox__softminbeta1.0,"{""--ablation"": ""full"", ""--ball-speed"": 9, ""--no-plot"": null, ""--serve-box"": null, ""--softmin-beta"": 1.0}",79,True,active,0.109761,1.943228,0.0789,25.0,60.0,1.79,0.99,1.6,20.0,0.109761,1.751,3.02,
exp18_sensitivity,ablationfull__ballspeed9__noplot__servebox__softminbeta1.0,"{""--ablation"": ""full"", ""--ball-speed"": 9, ""--no-plot"": null, ""--serve-box"": null, ""--softmin-beta"": 1.0}",90,True,active,0.0873,1.974535,0.085874,40.0,105.0,1.81,0.96,2.1,15.0,0.0873,1.806,1.79,
exp18_sensitivity,ablationfull__ballspeed9__noplot__servebox__softminbeta1.0,"{""--ablation"": ""full"", ""--ball-speed"": 9, ""--no-plot"": null, ""--serve-box"": null, ""--softmin-beta"": 1.0}",91,True,active,0.009146,1.966386,0.009146,45.0,105.0,1.63,1.0,1.5,5.0,0.009146,0.71,1.78,
exp18_sensitivity,ablationfull__ballspeed9__noplot__servebox__softminbeta1.0,"{""--ablation"": ""full"", ""--ball-speed"": 9, ""--no-plot"": null, ""--serve-box"": null, ""--softmin-beta"": 1.0}",95,True,active,0.100278,1.93337,0.08638,40.0,105.0,1.76,0.99,1.8,25.0,0.100278,1.546,1.5,
exp18_sensitivity,ablationfull__ballspeed9__noplot__servebox__softminbeta1.0,"{""--ablation"": ""full"", ""--ball-speed"": 9, ""--no-plot"": null, ""--serve-box"": null, ""--softmin-beta"": 1.0}",96,True,active,0.083039,1.980227,0.077032,35.0,105.0,1.81,0.94,1.8,20.0,0.083039,1.74,1.51,
exp18_sensitivity,ablationfull__ballspeed9__noplot__servebox__softminbeta1.0,"{""--ablation"": ""full"", ""--ball-speed"": 9, ""--no-plot"": null, ""--serve-box"": null, ""--softmin-beta"": 1.0}",94,True,active,0.094843,1.978892,0.094843,35.0,105.0,1.8,0.97,1.8,20.0,0.094843,1.744,1.76,
exp18_sensitivity,ablationfull__ballspeed9__noplot__servebox__softminbeta1.0,"{""--ablation"": ""full"", ""--ball-speed"": 9, ""--no-plot"": null, ""--serve-box"": null, ""--softmin-beta"": 1.0}",84,True,active,0.076666,1.95954,0.070048,40.0,105.0,1.8,1.0,1.8,20.0,0.076666,1.718,3.15,
exp18_sensitivity,ablationfull__ballspeed9__noplot__servebox__softminbeta1.0,"{""--ablation"": ""full"", ""--ball-speed"": 9, ""--no-plot"": null, ""--serve-box"": null, ""--softmin-beta"": 1.0}",87,True,active,0.132262,1.950591,0.121873,35.0,100.0,1.78,0.99,1.9,20.0,0.132262,1.465,2.99,
exp18_sensitivity,ablationfull__ballspeed9__noplot__servebox__softminbeta1.0,"{""--ablation"": ""full"", ""--ball-speed"": 9, ""--no-plot"": null, ""--serve-box"": null, ""--softmin-beta"": 1.0}",97,True,active,0.131729,1.974749,0.122576,30.0,90.0,1.79,1.0,1.9,20.0,0.131729,1.68,1.69,
exp18_sensitivity,ablationfull__ballspeed9__noplot__servebox__softminbeta1.0,"{""--ablation"": ""full"", ""--ball-speed"": 9, ""--no-plot"": null, ""--serve-box"": null, ""--softmin-beta"": 1.0}",98,True,active,0.08569,1.932214,0.056172,0.0,0.0,1.79,0.99,1.4,20.0,0.08569,1.706,1.61,
exp18_sensitivity,ablationfull__ballspeed9__noplot__servebox__softminbeta1.0,"{""--ablation"": ""full"", ""--ball-speed"": 9, ""--no-plot"": null, ""--serve-box"": null, ""--softmin-beta"": 1.0}",89,True,active,0.079684,1.937969,0.079684,40.0,105.0,1.79,0.97,1.8,15.0,0.079684,1.784,2.89,
exp18_sensitivity,ablationfull__ballspeed9__noplot__servebox__softminbeta1.0,"{""--ablation"": ""full"", ""--ball-speed"": 9, ""--no-plot"": null, ""--serve-box"": null, ""--softmin-beta"": 1.0}",101,True,active,0.12414,1.971672,0.121518,30.0,105.0,1.8,1.0,1.6,20.0,0.12414,1.553,1.77,
exp18_sensitivity,ablationfull__ballspeed9__noplot__servebox__softminbeta1.0,"{""--ablation"": ""full"", ""--ball-speed"": 9, ""--no-plot"": null, ""--serve-box"": null, ""--softmin-beta"": 1.0}",103,True,active,0.121853,1.958278,0.108106,40.0,105.0,1.79,1.0,1.7,20.0,0.121853,1.567,1.58,
exp18_sensitivity,ablationfull__ballspeed9__noplot__servebox__softminbeta1.0,"{""--ablation"": ""full"", ""--ball-speed"": 9, ""--no-plot"": null, ""--serve-box"": null, ""--softmin-beta"": 1.0}",92,True,active,0.106311,1.956969,0.087031,40.0,105.0,1.79,1.0,1.9,30.0,0.106311,1.716,2.93,
exp18_sensitivity,ablationfull__ballspeed9__noplot__servebox__softminbeta1.0,"{""--ablation"": ""full"", ""--ball-speed"": 9, ""--no-plot"": null, ""--serve-box"": null, ""--softmin-beta"": 1.0}",102,True,active,0.066594,1.983767,0.066291,45.0,105.0,1.8,0.99,1.6,15.0,0.066594,1.721,1.63,
exp18_sensitivity,ablationfull__ballspeed9__noplot__servebox__softminbeta1.0,"{""--ablation"": ""full"", ""--ball-speed"": 9, ""--no-plot"": null, ""--serve-box"": null, ""--softmin-beta"": 1.0}",93,True,active,0.095905,1.937913,0.085581,45.0,105.0,1.79,0.99,2.1,15.0,0.095905,1.731,2.99,
exp18_sensitivity,ablationfull__ballspeed9__noplot__servebox__softminbeta1.0,"{""--ablation"": ""full"", ""--ball-speed"": 9, ""--no-plot"": null, ""--serve-box"": null, ""--softmin-beta"": 1.0}",100,True,active,0.081024,1.985073,0.0764,40.0,105.0,1.8,0.98,1.8,20.0,0.081024,1.777,2.43,
exp18_sensitivity,ablationfull__ballspeed9__noplot__servebox__softminbeta1.0,"{""--ablation"": ""full"", ""--ball-speed"": 9, ""--no-plot"": null, ""--serve-box"": null, ""--softmin-beta"": 1.0}",105,True,active,0.11089,1.973746,0.103248,40.0,105.0,1.8,0.99,1.8,20.0,0.11089,1.475,1.6,
exp18_sensitivity,ablationfull__ballspeed9__noplot__servebox__softminbeta1.0,"{""--ablation"": ""full"", ""--ball-speed"": 9, ""--no-plot"": null, ""--serve-box"": null, ""--softmin-beta"": 1.0}",106,True,active,0.124448,1.955987,0.111861,0.0,20.0,1.8,1.0,1.7,25.0,0.124448,1.702,1.64,
exp18_sensitivity,ablationfull__ballspeed9__noplot__servebox__softminbeta1.0,"{""--ablation"": ""full"", ""--ball-speed"": 9, ""--no-plot"": null, ""--serve-box"": null, ""--softmin-beta"": 1.0}",108,True,active,0.10895,1.992505,0.101552,40.0,105.0,1.8,0.98,2.1,20.0,0.10895,1.274,1.72,
exp18_sensitivity,ablationfull__ballspeed9__noplot__servebox__softminbeta1.0,"{""--ablation"": ""full"", ""--ball-speed"": 9, ""--no-plot"": null, ""--serve-box"": null, ""--softmin-beta"": 1.0}",99,True,active,0.122597,1.963723,0.117566,35.0,105.0,1.8,1.0,1.8,20.0,0.122597,1.802,2.99,
exp18_sensitivity,ablationfull__ballspeed9__noplot__servebox__softminbeta1.0,"{""--ablation"": ""full"", ""--ball-speed"": 9, ""--no-plot"": null, ""--serve-box"": null, ""--softmin-beta"": 1.0}",107,True,active,0.110178,1.983085,0.110178,35.0,105.0,1.8,1.0,2.1,20.0,0.110178,1.78,1.82,
exp18_sensitivity,ablationfull__ballspeed9__noplot__servebox__softminbeta1.0,"{""--ablation"": ""full"", ""--ball-speed"": 9, ""--no-plot"": null, ""--serve-box"": null, ""--softmin-beta"": 1.0}",121,,,,,,,,,,,,,,0.29,no_result
exp18_sensitivity,ablationfull__ballspeed9__noplot__servebox__softminbeta1.0,"{""--ablation"": ""full"", ""--ball-speed"": 9, ""--no-plot"": null, ""--serve-box"": null, ""--softmin-beta"": 1.0}",110,True,active,0.070714,1.971018,0.068399,35.0,105.0,1.79,0.98,1.7,25.0,0.070714,1.777,1.86,
exp18_sensitivity,ablationfull__ballspeed9__noplot__servebox__softminbeta1.0,"{""--ablation"": ""full"", ""--ball-speed"": 9, ""--no-plot"": null, ""--serve-box"": null, ""--softmin-beta"": 1.0}",113,True,active,0.08542,1.963851,0.070983,0.0,0.0,1.8,1.0,1.8,20.0,0.08542,1.729,1.62,
exp18_sensitivity,ablationfull__ballspeed9__noplot__servebox__softminbeta1.0,"{""--ablation"": ""full"", ""--ball-speed"": 9, ""--no-plot"": null, ""--serve-box"": null, ""--softmin-beta"": 1.0}",116,True,active,0.097989,1.96034,0.093402,35.0,105.0,1.8,1.0,1.7,20.0,0.097989,1.725,1.59,
exp18_sensitivity,ablationfull__ballspeed9__noplot__servebox__softminbeta1.0,"{""--ablation"": ""full"", ""--ball-speed"": 9, ""--no-plot"": null, ""--serve-box"": null, ""--softmin-beta"": 1.0}",104,True,active,0.11498,1.966186,0.112155,35.0,105.0,1.81,0.99,1.6,20.0,0.11498,1.767,3.0,
exp18_sensitivity,ablationfull__ballspeed9__noplot__servebox__softminbeta1.0,"{""--ablation"": ""full"", ""--ball-speed"": 9, ""--no-plot"": null, ""--serve-box"": null, ""--softmin-beta"": 1.0}",117,True,active,0.103577,1.955906,0.091087,0.0,0.0,1.8,1.0,1.7,20.0,0.103577,1.776,1.74,
exp18_sensitivity,ablationfull__ballspeed9__noplot__servebox__softminbeta1.0,"{""--ablation"": ""full"", ""--ball-speed"": 9, ""--no-plot"": null, ""--serve-box"": null, ""--softmin-beta"": 1.0}",118,True,active,0.062575,1.959566,0.049556,45.0,105.0,1.79,0.97,1.7,20.0,0.062575,1.78,1.58,
exp18_sensitivity,ablationfull__ballspeed9__noplot__servebox__softminbeta1.0,"{""--ablation"": ""full"", ""--ball-speed"": 9, ""--no-plot"": null, ""--serve-box"": null, ""--softmin-beta"": 1.0}",111,True,active,0.109624,1.985089,0.107059,35.0,105.0,1.79,1.0,1.9,25.0,0.109624,1.795,2.69,
exp18_sensitivity,ablationfull__ballspeed9__noplot__servebox__softminbeta1.0,"{""--ablation"": ""full"", ""--ball-speed"": 9, ""--no-plot"": null, ""--serve-box"": null, ""--softmin-beta"": 1.0}",115,False,miss,0.345547,1.938724,0.102512,0.0,0.0,1.79,0.98,1.4,0.0,0.345547,0.0,2.18,
exp18_sensitivity,ablationfull__ballspeed9__noplot__servebox__softminbeta1.0,"{""--ablation"": ""full"", ""--ball-speed"": 9, ""--no-plot"": null, ""--serve-box"": null, ""--softmin-beta"": 1.0}",109,True,active,0.076878,1.997565,0.074276,40.0,105.0,1.81,0.99,1.5,20.0,0.076878,1.799,3.05,
exp18_sensitivity,ablationfull__ballspeed9__noplot__servebox__softminbeta1.0,"{""--ablation"": ""full"", ""--ball-speed"": 9, ""--no-plot"": null, ""--serve-box"": null, ""--softmin-beta"": 1.0}",119,True,active,0.08216,1.931792,0.08216,35.0,105.0,1.78,1.0,1.9,15.0,0.08216,1.496,1.84,
exp18_sensitivity,ablationfull__ballspeed9__noplot__servebox__softminbeta1.0,"{""--ablation"": ""full"", ""--ball-speed"": 9, ""--no-plot"": null, ""--serve-box"": null, ""--softmin-beta"": 1.0}",112,True,active,0.079746,1.952641,0.074154,0.0,0.0,1.8,0.93,1.6,30.0,0.079746,1.782,3.06,
exp18_sensitivity,ablationfull__ballspeed9__noplot__servebox__softminbeta1.0,"{""--ablation"": ""full"", ""--ball-speed"": 9, ""--no-plot"": null, ""--serve-box"": null, ""--softmin-beta"": 1.0}",114,True,active,0.091582,1.921482,0.091582,35.0,105.0,1.8,0.99,1.5,15.0,0.091582,1.738,2.55,
exp18_sensitivity,ablationfull__ballspeed9__noplot__servebox__softminbeta1.0,"{""--ablation"": ""full"", ""--ball-speed"": 9, ""--no-plot"": null, ""--serve-box"": null, ""--softmin-beta"": 1.0}",122,True,active,0.139135,1.963283,0.133774,35.0,75.0,1.54,1.0,1.6,15.0,0.139135,1.421,1.72,
exp18_sensitivity,ablationfull__ballspeed9__noplot__servebox__softminbeta1.0,"{""--ablation"": ""full"", ""--ball-speed"": 9, ""--no-plot"": null, ""--serve-box"": null, ""--softmin-beta"": 1.0}",124,True,active,0.087844,1.959986,0.087844,40.0,105.0,1.78,1.0,1.7,15.0,0.087844,1.367,1.62,
exp18_sensitivity,ablationfull__ballspeed9__noplot__servebox__softminbeta1.0,"{""--ablation"": ""full"", ""--ball-speed"": 9, ""--no-plot"": null, ""--serve-box"": null, ""--softmin-beta"": 1.0}",125,False,miss,0.380078,1.957361,0.148221,25.0,100.0,1.47,1.0,1.4,0.0,0.380078,0.0,1.61,
exp18_sensitivity,ablationfull__ballspeed9__noplot__servebox__softminbeta1.0,"{""--ablation"": ""full"", ""--ball-speed"": 9, ""--no-plot"": null, ""--serve-box"": null, ""--softmin-beta"": 1.0}",120,True,active,0.080371,1.939425,0.080129,40.0,105.0,1.82,0.97,2.0,10.0,0.080371,1.771,2.56,
exp18_sensitivity,ablationfull__ballspeed9__noplot__servebox__softminbeta1.0,"{""--ablation"": ""full"", ""--ball-speed"": 9, ""--no-plot"": null, ""--serve-box"": null, ""--softmin-beta"": 1.0}",127,True,active,0.111259,1.97689,0.109201,35.0,105.0,1.81,0.99,1.8,25.0,0.111259,1.741,1.61,
exp18_sensitivity,ablationfull__ballspeed9__noplot__servebox__softminbeta1.0,"{""--ablation"": ""full"", ""--ball-speed"": 9, ""--no-plot"": null, ""--serve-box"": null, ""--softmin-beta"": 1.0}",130,True,active,0.129976,1.9532,0.120673,25.0,70.0,1.81,0.99,1.7,25.0,0.129976,1.599,1.5,
exp18_sensitivity,ablationfull__ballspeed9__noplot__servebox__softminbeta1.0,"{""--ablation"": ""full"", ""--ball-speed"": 9, ""--no-plot"": null, ""--serve-box"": null, ""--softmin-beta"": 1.0}",131,True,active,0.093438,1.938752,0.093438,35.0,105.0,1.8,0.99,1.8,15.0,0.093438,1.707,1.59,
exp18_sensitivity,ablationfull__ballspeed9__noplot__servebox__softminbeta1.0,"{""--ablation"": ""full"", ""--ball-speed"": 9, ""--no-plot"": null, ""--serve-box"": null, ""--softmin-beta"": 1.0}",134,True,active,0.139295,1.986624,0.13174,30.0,60.0,1.8,1.0,1.7,20.0,0.139295,1.602,1.55,
exp18_sensitivity,ablationfull__ballspeed9__noplot__servebox__softminbeta1.0,"{""--ablation"": ""full"", ""--ball-speed"": 9, ""--no-plot"": null, ""--serve-box"": null, ""--softmin-beta"": 1.0}",123,True,active,0.047346,1.958711,0.047346,45.0,105.0,1.76,1.0,1.9,5.0,0.047346,1.382,3.0,
exp18_sensitivity,ablationfull__ballspeed9__noplot__servebox__softminbeta1.0,"{""--ablation"": ""full"", ""--ball-speed"": 9, ""--no-plot"": null, ""--serve-box"": null, ""--softmin-beta"": 1.0}",133,True,active,0.108626,1.976937,0.108626,35.0,105.0,1.82,0.99,1.8,15.0,0.108626,1.752,1.64,
exp18_sensitivity,ablationfull__ballspeed9__noplot__servebox__softminbeta1.0,"{""--ablation"": ""full"", ""--ball-speed"": 9, ""--no-plot"": null, ""--serve-box"": null, ""--softmin-beta"": 1.0}",135,True,active,0.131628,1.973464,0.117388,40.0,105.0,1.81,1.0,1.7,25.0,0.131628,1.412,1.88,
exp18_sensitivity,ablationfull__ballspeed9__noplot__servebox__softminbeta1.0,"{""--ablation"": ""full"", ""--ball-speed"": 9, ""--no-plot"": null, ""--serve-box"": null, ""--softmin-beta"": 1.0}",126,True,active,0.101379,1.916182,0.100166,35.0,105.0,1.81,1.0,1.7,20.0,0.101379,1.617,3.11,
exp18_sensitivity,ablationfull__ballspeed9__noplot__servebox__softminbeta1.0,"{""--ablation"": ""full"", ""--ball-speed"": 9, ""--no-plot"": null, ""--serve-box"": null, ""--softmin-beta"": 1.0}",139,True,active,0.113322,1.977375,0.109212,35.0,105.0,1.77,1.0,1.7,15.0,0.113322,1.657,1.8,
exp18_sensitivity,ablationfull__ballspeed9__noplot__servebox__softminbeta1.0,"{""--ablation"": ""full"", ""--ball-speed"": 9, ""--no-plot"": null, ""--serve-box"": null, ""--softmin-beta"": 1.0}",137,False,miss,0.378943,1.932915,0.128025,0.0,0.0,1.79,1.0,1.6,0.0,0.378943,0.0,2.05,
exp18_sensitivity,ablationfull__ballspeed9__noplot__servebox__softminbeta1.0,"{""--ablation"": ""full"", ""--ball-speed"": 9, ""--no-plot"": null, ""--serve-box"": null, ""--softmin-beta"": 1.0}",140,True,active,0.072139,1.964877,0.070887,35.0,105.0,1.81,0.93,1.7,20.0,0.072139,1.788,1.54,
exp18_sensitivity,ablationfull__ballspeed9__noplot__servebox__softminbeta1.0,"{""--ablation"": ""full"", ""--ball-speed"": 9, ""--no-plot"": null, ""--serve-box"": null, ""--softmin-beta"": 1.0}",128,True,active,0.123941,1.95624,0.114566,35.0,105.0,1.78,1.0,1.5,20.0,0.123941,1.68,3.12,
exp18_sensitivity,ablationfull__ballspeed9__noplot__servebox__softminbeta1.0,"{""--ablation"": ""full"", ""--ball-speed"": 9, ""--no-plot"": null, ""--serve-box"": null, ""--softmin-beta"": 1.0}",129,True,active,0.058378,1.954557,0.058378,35.0,105.0,1.71,0.99,1.8,15.0,0.058378,1.407,2.96,
exp18_sensitivity,ablationfull__ballspeed9__noplot__servebox__softminbeta1.0,"{""--ablation"": ""full"", ""--ball-speed"": 9, ""--no-plot"": null, ""--serve-box"": null, ""--softmin-beta"": 1.0}",141,True,active,0.063101,1.979876,0.046809,45.0,105.0,1.79,0.97,1.5,20.0,0.063101,1.716,1.62,
exp18_sensitivity,ablationfull__ballspeed9__noplot__servebox__softminbeta1.0,"{""--ablation"": ""full"", ""--ball-speed"": 9, ""--no-plot"": null, ""--serve-box"": null, ""--softmin-beta"": 1.0}",142,True,active,0.104843,1.959241,0.093873,35.0,105.0,1.79,1.0,1.6,20.0,0.104843,1.67,1.6,
exp18_sensitivity,ablationfull__ballspeed9__noplot__servebox__softminbeta1.0,"{""--ablation"": ""full"", ""--ball-speed"": 9, ""--no-plot"": null, ""--serve-box"": null, ""--softmin-beta"": 1.0}",132,False,miss,0.269974,1.937565,0.152864,25.0,45.0,1.14,1.0,1.7,0.0,0.269974,0.0,3.1,
exp18_sensitivity,ablationfull__ballspeed9__noplot__servebox__softminbeta1.0,"{""--ablation"": ""full"", ""--ball-speed"": 9, ""--no-plot"": null, ""--serve-box"": null, ""--softmin-beta"": 1.0}",143,True,active,0.103783,1.954465,0.103783,40.0,105.0,1.47,0.97,1.4,10.0,0.103783,0.916,1.62,
exp18_sensitivity,ablationfull__ballspeed9__noplot__servebox__softminbeta1.0,"{""--ablation"": ""full"", ""--ball-speed"": 9, ""--no-plot"": null, ""--serve-box"": null, ""--softmin-beta"": 1.0}",146,True,active,0.11094,1.978137,0.11094,35.0,105.0,1.8,0.99,1.9,15.0,0.11094,1.722,1.58,
exp18_sensitivity,ablationfull__ballspeed9__noplot__servebox__softminbeta1.0,"{""--ablation"": ""full"", ""--ball-speed"": 9, ""--no-plot"": null, ""--serve-box"": null, ""--softmin-beta"": 1.0}",144,True,active,0.143255,1.964996,0.13484,40.0,70.0,1.79,1.0,1.8,15.0,0.143255,1.584,1.82,
exp18_sensitivity,ablationfull__ballspeed9__noplot__servebox__softminbeta1.0,"{""--ablation"": ""full"", ""--ball-speed"": 9, ""--no-plot"": null, ""--serve-box"": null, ""--softmin-beta"": 1.0}",136,True,active,0.094753,1.89869,0.094753,0.0,0.0,1.8,1.0,2.1,25.0,0.094753,1.748,3.26,
exp18_sensitivity,ablationfull__ballspeed9__noplot__servebox__softminbeta1.0,"{""--ablation"": ""full"", ""--ball-speed"": 9, ""--no-plot"": null, ""--serve-box"": null, ""--softmin-beta"": 1.0}",138,True,active,0.046945,1.920348,0.046945,40.0,105.0,1.78,0.99,2.2,15.0,0.046945,0.32,3.19,
exp18_sensitivity,ablationfull__ballspeed9__noplot__servebox__softminbeta1.0,"{""--ablation"": ""full"", ""--ball-speed"": 9, ""--no-plot"": null, ""--serve-box"": null, ""--softmin-beta"": 1.0}",150,True,active,0.098663,1.963512,0.098663,35.0,105.0,1.79,0.98,2.0,20.0,0.098663,1.786,1.59,
exp18_sensitivity,ablationfull__ballspeed9__noplot__servebox__softminbeta1.0,"{""--ablation"": ""full"", ""--ball-speed"": 9, ""--no-plot"": null, ""--serve-box"": null, ""--softmin-beta"": 1.0}",149,True,active,0.111938,1.936127,0.105915,35.0,105.0,1.79,1.0,1.8,20.0,0.111938,1.513,1.7,
exp18_sensitivity,ablationfull__ballspeed9__noplot__servebox__softminbeta1.0,"{""--ablation"": ""full"", ""--ball-speed"": 9, ""--no-plot"": null, ""--serve-box"": null, ""--softmin-beta"": 1.0}",151,True,active,0.098083,1.977988,0.093909,35.0,105.0,1.81,0.98,1.7,20.0,0.098083,1.81,1.63,
exp18_sensitivity,ablationfull__ballspeed9__noplot__servebox__softminbeta1.0,"{""--ablation"": ""full"", ""--ball-speed"": 9, ""--no-plot"": null, ""--serve-box"": null, ""--softmin-beta"": 1.0}",152,True,active,0.115228,1.975174,0.099523,40.0,105.0,1.8,0.99,1.5,20.0,0.115228,1.693,1.7,
exp18_sensitivity,ablationfull__ballspeed9__noplot__servebox__softminbeta1.0,"{""--ablation"": ""full"", ""--ball-speed"": 9, ""--no-plot"": null, ""--serve-box"": null, ""--softmin-beta"": 1.0}",155,True,active,0.122709,1.931214,0.122252,35.0,105.0,1.77,1.0,1.7,20.0,0.122709,1.73,1.54,
exp18_sensitivity,ablationfull__ballspeed9__noplot__servebox__softminbeta1.0,"{""--ablation"": ""full"", ""--ball-speed"": 9, ""--no-plot"": null, ""--serve-box"": null, ""--softmin-beta"": 1.0}",154,True,active,0.134629,1.961961,0.11531,35.0,105.0,1.76,1.0,1.5,5.0,0.134629,0.866,1.89,
exp18_sensitivity,ablationfull__ballspeed9__noplot__servebox__softminbeta1.0,"{""--ablation"": ""full"", ""--ball-speed"": 9, ""--no-plot"": null, ""--serve-box"": null, ""--softmin-beta"": 1.0}",145,True,active,0.099719,1.950471,0.099719,35.0,105.0,1.79,1.0,1.7,20.0,0.099719,1.669,2.9,
exp18_sensitivity,ablationfull__ballspeed9__noplot__servebox__softminbeta1.0,"{""--ablation"": ""full"", ""--ball-speed"": 9, ""--no-plot"": null, ""--serve-box"": null, ""--softmin-beta"": 1.0}",156,True,active,0.124137,1.971711,0.122294,30.0,105.0,1.8,1.0,1.6,25.0,0.124137,1.708,1.68,
exp18_sensitivity,ablationfull__ballspeed9__noplot__servebox__softminbeta1.0,"{""--ablation"": ""full"", ""--ball-speed"": 9, ""--no-plot"": null, ""--serve-box"": null, ""--softmin-beta"": 1.0}",153,True,active,0.117911,1.967996,0.112312,35.0,105.0,1.8,0.99,1.8,20.0,0.117911,1.623,2.43,
exp18_sensitivity,ablationfull__ballspeed9__noplot__servebox__softminbeta1.0,"{""--ablation"": ""full"", ""--ball-speed"": 9, ""--no-plot"": null, ""--serve-box"": null, ""--softmin-beta"": 1.0}",159,True,active,0.05671,1.887501,0.05671,40.0,105.0,1.49,0.98,1.3,10.0,0.05671,1.124,1.64,
exp18_sensitivity,ablationfull__ballspeed9__noplot__servebox__softminbeta1.0,"{""--ablation"": ""full"", ""--ball-speed"": 9, ""--no-plot"": null, ""--serve-box"": null, ""--softmin-beta"": 1.0}",160,True,active,0.1296,1.981715,0.127818,30.0,90.0,1.81,1.0,1.8,20.0,0.1296,1.734,1.54,
exp18_sensitivity,ablationfull__ballspeed9__noplot__servebox__softminbeta1.0,"{""--ablation"": ""full"", ""--ball-speed"": 9, ""--no-plot"": null, ""--serve-box"": null, ""--softmin-beta"": 1.0}",147,True,active,0.081704,1.986957,0.081704,35.0,105.0,1.6,0.99,1.6,20.0,0.081704,1.183,2.97,
exp18_sensitivity,ablationfull__ballspeed9__noplot__servebox__softminbeta1.0,"{""--ablation"": ""full"", ""--ball-speed"": 9, ""--no-plot"": null, ""--serve-box"": null, ""--softmin-beta"": 1.0}",148,True,active,0.135566,1.949555,0.125193,35.0,80.0,1.8,1.0,1.8,20.0,0.135566,1.53,2.97,
exp18_sensitivity,ablationfull__ballspeed9__noplot__servebox__softminbeta1.0,"{""--ablation"": ""full"", ""--ball-speed"": 9, ""--no-plot"": null, ""--serve-box"": null, ""--softmin-beta"": 1.0}",161,True,active,0.106077,1.943394,0.102914,0.0,0.0,1.78,1.0,2.0,15.0,0.106077,1.751,1.59,
exp18_sensitivity,ablationfull__ballspeed9__noplot__servebox__softminbeta1.0,"{""--ablation"": ""full"", ""--ball-speed"": 9, ""--no-plot"": null, ""--serve-box"": null, ""--softmin-beta"": 1.0}",164,True,active,0.095229,1.928556,0.093235,40.0,75.0,1.8,1.0,1.5,25.0,0.095229,1.176,1.52,
exp18_sensitivity,ablationfull__ballspeed9__noplot__servebox__softminbeta1.0,"{""--ablation"": ""full"", ""--ball-speed"": 9, ""--no-plot"": null, ""--serve-box"": null, ""--softmin-beta"": 1.0}",162,True,active,0.103922,1.933267,0.086252,0.0,35.0,1.79,1.0,1.6,20.0,0.103922,1.623,1.77,
exp18_sensitivity,ablationfull__ballspeed9__noplot__servebox__softminbeta1.0,"{""--ablation"": ""full"", ""--ball-speed"": 9, ""--no-plot"": null, ""--serve-box"": null, ""--softmin-beta"": 1.0}",163,True,active,0.072529,1.976769,0.06429,40.0,105.0,1.79,0.99,1.5,20.0,0.072529,1.52,1.7,
exp18_sensitivity,ablationfull__ballspeed9__noplot__servebox__softminbeta1.0,"{""--ablation"": ""full"", ""--ball-speed"": 9, ""--no-plot"": null, ""--serve-box"": null, ""--softmin-beta"": 1.0}",166,True,active,0.097022,1.94774,0.089067,35.0,105.0,1.79,0.98,1.8,20.0,0.097022,1.787,1.48,
exp18_sensitivity,ablationfull__ballspeed9__noplot__servebox__softminbeta1.0,"{""--ablation"": ""full"", ""--ball-speed"": 9, ""--no-plot"": null, ""--serve-box"": null, ""--softmin-beta"": 1.0}",157,True,active,0.093979,1.970728,0.085592,35.0,100.0,1.8,0.99,1.8,20.0,0.093979,1.758,2.91,
exp18_sensitivity,ablationfull__ballspeed9__noplot__servebox__softminbeta1.0,"{""--ablation"": ""full"", ""--ball-speed"": 9, ""--no-plot"": null, ""--serve-box"": null, ""--softmin-beta"": 1.0}",167,True,active,0.059985,1.948725,0.047164,45.0,105.0,1.79,1.0,1.6,10.0,0.059985,0.868,1.5,
exp18_sensitivity,ablationfull__ballspeed9__noplot__servebox__softminbeta1.0,"{""--ablation"": ""full"", ""--ball-speed"": 9, ""--no-plot"": null, ""--serve-box"": null, ""--softmin-beta"": 1.0}",158,True,active,0.129408,1.993032,0.124131,30.0,105.0,1.7,1.0,1.9,15.0,0.129408,1.7,2.84,
exp18_sensitivity,ablationfull__ballspeed9__noplot__servebox__softminbeta1.0,"{""--ablation"": ""full"", ""--ball-speed"": 9, ""--no-plot"": null, ""--serve-box"": null, ""--softmin-beta"": 1.0}",169,True,active,0.033185,1.945709,0.02886,40.0,100.0,1.81,1.0,1.6,20.0,0.033185,1.083,1.66,
exp18_sensitivity,ablationfull__ballspeed9__noplot__servebox__softminbeta1.0,"{""--ablation"": ""full"", ""--ball-speed"": 9, ""--no-plot"": null, ""--serve-box"": null, ""--softmin-beta"": 1.0}",173,True,active,0.127698,1.965438,0.122276,30.0,105.0,1.79,1.0,1.9,20.0,0.127698,1.637,1.49,
exp18_sensitivity,ablationfull__ballspeed9__noplot__servebox__softminbeta1.0,"{""--ablation"": ""full"", ""--ball-speed"": 9, ""--no-plot"": null, ""--serve-box"": null, ""--softmin-beta"": 1.0}",175,True,active,0.11329,1.961118,0.105305,40.0,105.0,1.74,1.0,1.5,10.0,0.11329,1.639,1.5,
exp18_sensitivity,ablationfull__ballspeed9__noplot__servebox__softminbeta1.0,"{""--ablation"": ""full"", ""--ball-speed"": 9, ""--no-plot"": null, ""--serve-box"": null, ""--softmin-beta"": 1.0}",171,True,active,0.096153,1.968608,0.092397,35.0,105.0,1.31,1.0,1.3,5.0,0.096153,0.568,1.82,
exp18_sensitivity,ablationfull__ballspeed9__noplot__servebox__softminbeta1.0,"{""--ablation"": ""full"", ""--ball-speed"": 9, ""--no-plot"": null, ""--serve-box"": null, ""--softmin-beta"": 1.0}",174,True,active,0.113508,1.973196,0.112653,30.0,105.0,1.78,1.0,1.9,20.0,0.113508,1.708,1.82,
exp18_sensitivity,ablationfull__ballspeed9__noplot__servebox__softminbeta1.0,"{""--ablation"": ""full"", ""--ball-speed"": 9, ""--no-plot"": null, ""--serve-box"": null, ""--softmin-beta"": 1.0}",176,True,active,0.163584,1.918319,0.13863,30.0,105.0,1.27,1.0,1.7,10.0,0.163584,0.319,1.56,
exp18_sensitivity,ablationfull__ballspeed9__noplot__servebox__softminbeta1.0,"{""--ablation"": ""full"", ""--ball-speed"": 9, ""--no-plot"": null, ""--serve-box"": null, ""--softmin-beta"": 1.0}",177,True,active,0.147464,1.950525,0.144923,30.0,40.0,1.8,0.99,1.8,25.0,0.147464,1.716,1.46,
exp18_sensitivity,ablationfull__ballspeed9__noplot__servebox__softminbeta1.0,"{""--ablation"": ""full"", ""--ball-speed"": 9, ""--no-plot"": null, ""--serve-box"": null, ""--softmin-beta"": 1.0}",178,True,active,0.096432,1.964489,0.091924,40.0,105.0,1.8,1.0,1.7,20.0,0.096432,1.411,1.49,
exp18_sensitivity,ablationfull__ballspeed9__noplot__servebox__softminbeta1.0,"{""--ablation"": ""full"", ""--ball-speed"": 9, ""--no-plot"": null, ""--serve-box"": null, ""--softmin-beta"": 1.0}",165,True,active,0.066361,1.964232,0.066138,45.0,105.0,1.78,1.0,1.4,10.0,0.066361,1.453,3.01,
exp18_sensitivity,ablationfull__ballspeed9__noplot__servebox__softminbeta1.0,"{""--ablation"": ""full"", ""--ball-speed"": 9, ""--no-plot"": null, ""--serve-box"": null, ""--softmin-beta"": 1.0}",180,True,active,0.120981,2.00015,0.120981,25.0,80.0,1.81,0.96,1.8,25.0,0.120981,1.799,1.55,
exp18_sensitivity,ablationfull__ballspeed9__noplot__servebox__softminbeta1.0,"{""--ablation"": ""full"", ""--ball-speed"": 9, ""--no-plot"": null, ""--serve-box"": null, ""--softmin-beta"": 1.0}",181,True,active,0.05145,2.00907,0.05145,40.0,105.0,1.76,0.99,1.4,15.0,0.05145,1.737,1.61,
exp18_sensitivity,ablationfull__ballspeed9__noplot__servebox__softminbeta1.0,"{""--ablation"": ""full"", ""--ball-speed"": 9, ""--no-plot"": null, ""--serve-box"": null, ""--softmin-beta"": 1.0}",168,True,active,0.101016,1.974422,0.099917,0.0,0.0,1.81,0.99,1.8,20.0,0.101016,1.788,3.11,
exp18_sensitivity,ablationfull__ballspeed9__noplot__servebox__softminbeta1.0,"{""--ablation"": ""full"", ""--ball-speed"": 9, ""--no-plot"": null, ""--serve-box"": null, ""--softmin-beta"": 1.0}",170,True,active,0.074894,1.927376,0.074894,35.0,105.0,1.61,1.0,1.6,15.0,0.074894,1.507,2.62,
exp18_sensitivity,ablationfull__ballspeed9__noplot__servebox__softminbeta1.0,"{""--ablation"": ""full"", ""--ball-speed"": 9, ""--no-plot"": null, ""--serve-box"": null, ""--softmin-beta"": 1.0}",182,True,active,0.052894,1.986359,0.052894,45.0,105.0,1.7,1.0,1.4,15.0,0.052894,1.22,1.7,
exp18_sensitivity,ablationfull__ballspeed9__noplot__servebox__softminbeta1.0,"{""--ablation"": ""full"", ""--ball-speed"": 9, ""--no-plot"": null, ""--serve-box"": null, ""--softmin-beta"": 1.0}",172,True,active,0.097563,1.986431,0.097563,35.0,105.0,1.81,0.99,1.8,20.0,0.097563,1.728,2.93,
exp18_sensitivity,ablationfull__ballspeed9__noplot__servebox__softminbeta1.0,"{""--ablation"": ""full"", ""--ball-speed"": 9, ""--no-plot"": null, ""--serve-box"": null, ""--softmin-beta"": 1.0}",185,True,active,0.059919,2.007981,0.059919,40.0,105.0,1.8,0.99,1.4,20.0,0.059919,1.779,1.47,
exp18_sensitivity,ablationfull__ballspeed9__noplot__servebox__softminbeta1.0,"{""--ablation"": ""full"", ""--ball-speed"": 9, ""--no-plot"": null, ""--serve-box"": null, ""--softmin-beta"": 1.0}",186,True,active,0.103107,1.952182,0.099431,40.0,105.0,1.75,1.0,1.9,15.0,0.103107,1.58,1.6,
exp18_sensitivity,ablationfull__ballspeed9__noplot__servebox__softminbeta1.0,"{""--ablation"": ""full"", ""--ball-speed"": 9, ""--no-plot"": null, ""--serve-box"": null, ""--softmin-beta"": 1.0}",187,True,active,0.097376,1.943764,0.084485,0.0,0.0,1.78,0.99,2.1,20.0,0.097376,1.736,1.6,
exp18_sensitivity,ablationfull__ballspeed9__noplot__servebox__softminbeta1.0,"{""--ablation"": ""full"", ""--ball-speed"": 9, ""--no-plot"": null, ""--serve-box"": null, ""--softmin-beta"": 1.0}",188,True,active,0.100144,1.975348,0.100144,40.0,105.0,1.56,1.0,1.7,15.0,0.100144,1.51,1.48,
exp18_sensitivity,ablationfull__ballspeed9__noplot__servebox__softminbeta1.0,"{""--ablation"": ""full"", ""--ball-speed"": 9, ""--no-plot"": null, ""--serve-box"": null, ""--softmin-beta"": 1.0}",184,True,active,0.076924,1.956978,0.076924,35.0,105.0,1.35,1.0,1.6,15.0,0.076924,1.061,2.12,
exp18_sensitivity,ablationfull__ballspeed9__noplot__servebox__softminbeta1.0,"{""--ablation"": ""full"", ""--ball-speed"": 9, ""--no-plot"": null, ""--serve-box"": null, ""--softmin-beta"": 1.0}",190,True,active,0.054258,1.987819,0.054258,40.0,105.0,1.81,0.9,1.6,15.0,0.054258,1.779,1.52,
exp18_sensitivity,ablationfull__ballspeed9__noplot__servebox__softminbeta1.0,"{""--ablation"": ""full"", ""--ball-speed"": 9, ""--no-plot"": null, ""--serve-box"": null, ""--softmin-beta"": 1.0}",189,True,active,0.132962,1.95439,0.122868,40.0,105.0,1.76,1.0,1.7,10.0,0.132962,1.481,1.59,
exp18_sensitivity,ablationfull__ballspeed9__noplot__servebox__softminbeta1.0,"{""--ablation"": ""full"", ""--ball-speed"": 9, ""--no-plot"": null, ""--serve-box"": null, ""--softmin-beta"": 1.0}",179,True,active,0.07215,1.934868,0.067801,45.0,105.0,1.8,1.0,1.8,15.0,0.07215,1.633,3.01,
exp18_sensitivity,ablationfull__ballspeed9__noplot__servebox__softminbeta1.0,"{""--ablation"": ""full"", ""--ball-speed"": 9, ""--no-plot"": null, ""--serve-box"": null, ""--softmin-beta"": 1.0}",191,True,active,0.109301,1.980518,0.103741,35.0,105.0,1.8,0.99,1.9,20.0,0.109301,1.752,1.64,
exp18_sensitivity,ablationfull__ballspeed9__noplot__servebox__softminbeta1.0,"{""--ablation"": ""full"", ""--ball-speed"": 9, ""--no-plot"": null, ""--serve-box"": null, ""--softmin-beta"": 1.0}",183,True,active,0.048198,1.999027,0.048198,40.0,105.0,1.79,0.99,1.8,15.0,0.048198,1.613,3.01,
exp18_sensitivity,ablationfull__ballspeed9__noplot__servebox__softminbeta1.0,"{""--ablation"": ""full"", ""--ball-speed"": 9, ""--no-plot"": null, ""--serve-box"": null, ""--softmin-beta"": 1.0}",197,True,active,0.106149,1.985806,0.100883,30.0,105.0,1.81,0.98,1.8,25.0,0.106149,1.442,1.55,
exp18_sensitivity,ablationfull__ballspeed9__noplot__servebox__softminbeta1.0,"{""--ablation"": ""full"", ""--ball-speed"": 9, ""--no-plot"": null, ""--serve-box"": null, ""--softmin-beta"": 1.0}",193,True,active,0.124327,1.957626,0.116496,40.0,105.0,1.79,1.0,1.7,15.0,0.124327,1.707,2.03,
exp18_sensitivity,ablationfull__ballspeed9__noplot__servebox__softminbeta1.0,"{""--ablation"": ""full"", ""--ball-speed"": 9, ""--no-plot"": null, ""--serve-box"": null, ""--softmin-beta"": 1.0}",194,True,active,0.102743,1.979828,0.101586,40.0,105.0,1.8,0.99,1.6,20.0,0.102743,1.729,2.07,
exp18_sensitivity,ablationfull__ballspeed9__noplot__servebox__softminbeta1.0,"{""--ablation"": ""full"", ""--ball-speed"": 9, ""--no-plot"": null, ""--serve-box"": null, ""--softmin-beta"": 1.0}",198,True,active,0.073186,1.987795,0.073186,35.0,105.0,1.78,0.98,1.6,15.0,0.073186,1.552,1.6,
exp18_sensitivity,ablationfull__ballspeed9__noplot__servebox__softminbeta1.0,"{""--ablation"": ""full"", ""--ball-speed"": 9, ""--no-plot"": null, ""--serve-box"": null, ""--softmin-beta"": 1.0}",199,True,active,0.104185,1.967375,0.089193,35.0,70.0,1.79,0.99,1.7,25.0,0.104185,1.704,1.48,
exp18_sensitivity,ablationfull__ballspeed9__noplot__servebox__softminbeta1.0,"{""--ablation"": ""full"", ""--ball-speed"": 9, ""--no-plot"": null, ""--serve-box"": null, ""--softmin-beta"": 1.0}",200,False,miss,0.348114,1.922776,0.143695,0.0,0.0,1.4,1.0,1.6,0.0,0.348114,0.0,1.55,
exp18_sensitivity,ablationsoftmin_only__ballspeed9__noplot__servebox__softminbeta1.0,"{""--ablation"": ""softmin_only"", ""--ball-speed"": 9, ""--no-plot"": null, ""--serve-box"": null, ""--softmin-beta"": 1.0}",2,True,active,0.108697,1.955393,0.098992,15.0,35.0,1.7,1.0,2.1,15.0,0.108697,1.59,1.47,
exp18_sensitivity,ablationsoftmin_only__ballspeed9__noplot__servebox__softminbeta1.0,"{""--ablation"": ""softmin_only"", ""--ball-speed"": 9, ""--no-plot"": null, ""--serve-box"": null, ""--softmin-beta"": 1.0}",1,True,active,0.054097,1.980096,0.054097,35.0,105.0,1.81,1.0,1.6,20.0,0.054097,1.62,1.86,
exp18_sensitivity,ablationfull__ballspeed9__noplot__servebox__softminbeta1.0,"{""--ablation"": ""full"", ""--ball-speed"": 9, ""--no-plot"": null, ""--serve-box"": null, ""--softmin-beta"": 1.0}",195,True,active,0.100153,1.963287,0.100153,40.0,105.0,1.8,0.99,1.7,15.0,0.100153,1.632,2.9,
exp18_sensitivity,ablationfull__ballspeed9__noplot__servebox__softminbeta1.0,"{""--ablation"": ""full"", ""--ball-speed"": 9, ""--no-plot"": null, ""--serve-box"": null, ""--softmin-beta"": 1.0}",192,True,active,0.088947,1.944635,0.082624,40.0,105.0,1.6,1.0,1.5,10.0,0.088947,1.272,3.13,
exp18_sensitivity,ablationsoftmin_only__ballspeed9__noplot__servebox__softminbeta1.0,"{""--ablation"": ""softmin_only"", ""--ball-speed"": 9, ""--no-plot"": null, ""--serve-box"": null, ""--softmin-beta"": 1.0}",6,True,active,0.101852,1.949561,0.095652,35.0,105.0,1.8,0.99,1.6,20.0,0.101852,1.742,1.79,
exp18_sensitivity,ablationfull__ballspeed9__noplot__servebox__softminbeta1.0,"{""--ablation"": ""full"", ""--ball-speed"": 9, ""--no-plot"": null, ""--serve-box"": null, ""--softmin-beta"": 1.0}",196,False,miss,0.400509,1.960705,0.134623,20.0,75.0,1.79,0.99,1.8,0.0,0.400509,0.0,3.03,
exp18_sensitivity,ablationsoftmin_only__ballspeed9__noplot__servebox__softminbeta1.0,"{""--ablation"": ""softmin_only"", ""--ball-speed"": 9, ""--no-plot"": null, ""--serve-box"": null, ""--softmin-beta"": 1.0}",3,True,active,0.136363,1.915634,0.123043,35.0,100.0,1.75,1.0,1.7,25.0,0.136363,1.543,2.14,
exp18_sensitivity,ablationsoftmin_only__ballspeed9__noplot__servebox__softminbeta1.0,"{""--ablation"": ""softmin_only"", ""--ball-speed"": 9, ""--no-plot"": null, ""--serve-box"": null, ""--softmin-beta"": 1.0}",7,True,active,0.102693,1.949466,0.098638,35.0,105.0,1.78,0.99,1.7,20.0,0.102693,1.761,1.57,
exp18_sensitivity,ablationsoftmin_only__ballspeed9__noplot__servebox__softminbeta1.0,"{""--ablation"": ""softmin_only"", ""--ball-speed"": 9, ""--no-plot"": null, ""--serve-box"": null, ""--softmin-beta"": 1.0}",4,True,active,0.124026,1.955262,0.109907,40.0,105.0,1.8,0.99,1.7,20.0,0.124026,1.699,2.17,
exp18_sensitivity,ablationsoftmin_only__ballspeed9__noplot__servebox__softminbeta1.0,"{""--ablation"": ""softmin_only"", ""--ball-speed"": 9, ""--no-plot"": null, ""--serve-box"": null, ""--softmin-beta"": 1.0}",20,,,,,,,,,,,,,,0.25,no_result
exp18_sensitivity,ablationsoftmin_only__ballspeed9__noplot__servebox__softminbeta1.0,"{""--ablation"": ""softmin_only"", ""--ball-speed"": 9, ""--no-plot"": null, ""--serve-box"": null, ""--softmin-beta"": 1.0}",8,True,active,0.144051,1.957844,0.122079,35.0,105.0,1.24,1.0,1.6,0.0,0.144051,0.473,1.6,
exp18_sensitivity,ablationsoftmin_only__ballspeed9__noplot__servebox__softminbeta1.0,"{""--ablation"": ""softmin_only"", ""--ball-speed"": 9, ""--no-plot"": null, ""--serve-box"": null, ""--softmin-beta"": 1.0}",9,True,active,0.137239,1.963303,0.132473,30.0,85.0,1.78,0.99,1.8,15.0,0.137239,1.756,1.55,
exp18_sensitivity,ablationsoftmin_only__ballspeed9__noplot__servebox__softminbeta1.0,"{""--ablation"": ""softmin_only"", ""--ball-speed"": 9, ""--no-plot"": null, ""--serve-box"": null, ""--softmin-beta"": 1.0}",21,,,,,,,,,,,,,,0.24,no_result
exp18_sensitivity,ablationsoftmin_only__ballspeed9__noplot__servebox__softminbeta1.0,"{""--ablation"": ""softmin_only"", ""--ball-speed"": 9, ""--no-plot"": null, ""--serve-box"": null, ""--softmin-beta"": 1.0}",12,True,active,0.073306,1.951961,0.073306,40.0,105.0,1.8,0.99,1.8,20.0,0.073306,1.781,1.59,
exp18_sensitivity,ablationsoftmin_only__ballspeed9__noplot__servebox__softminbeta1.0,"{""--ablation"": ""softmin_only"", ""--ball-speed"": 9, ""--no-plot"": null, ""--serve-box"": null, ""--softmin-beta"": 1.0}",11,True,active,0.106181,1.903871,0.101442,40.0,105.0,1.61,0.99,1.4,10.0,0.106181,0.726,1.82,
exp18_sensitivity,ablationsoftmin_only__ballspeed9__noplot__servebox__softminbeta1.0,"{""--ablation"": ""softmin_only"", ""--ball-speed"": 9, ""--no-plot"": null, ""--serve-box"": null, ""--softmin-beta"": 1.0}",10,True,active,0.099043,1.962539,0.09668,40.0,105.0,1.8,1.0,1.6,15.0,0.099043,1.679,2.0,
exp18_sensitivity,ablationsoftmin_only__ballspeed9__noplot__servebox__softminbeta1.0,"{""--ablation"": ""softmin_only"", ""--ball-speed"": 9, ""--no-plot"": null, ""--serve-box"": null, ""--softmin-beta"": 1.0}",13,True,active,0.143171,1.916528,0.140791,35.0,75.0,1.14,1.0,1.4,5.0,0.143171,0.746,1.58,
exp18_sensitivity,ablationsoftmin_only__ballspeed9__noplot__servebox__softminbeta1.0,"{""--ablation"": ""softmin_only"", ""--ball-speed"": 9, ""--no-plot"": null, ""--serve-box"": null, ""--softmin-beta"": 1.0}",5,True,active,0.102928,1.950802,0.069918,0.0,0.0,1.79,0.99,1.5,25.0,0.102928,1.599,3.04,
exp18_sensitivity,ablationsoftmin_only__ballspeed9__noplot__servebox__softminbeta1.0,"{""--ablation"": ""softmin_only"", ""--ball-speed"": 9, ""--no-plot"": null, ""--serve-box"": null, ""--softmin-beta"": 1.0}",14,True,active,0.085752,1.98576,0.085752,40.0,105.0,1.79,1.0,1.4,15.0,0.085752,1.757,1.76,
exp18_sensitivity,ablationsoftmin_only__ballspeed9__noplot__servebox__softminbeta1.0,"{""--ablation"": ""softmin_only"", ""--ball-speed"": 9, ""--no-plot"": null, ""--serve-box"": null, ""--softmin-beta"": 1.0}",19,True,active,0.113456,1.937541,0.099306,0.0,0.0,1.78,0.99,2.0,25.0,0.113456,1.64,1.53,
exp18_sensitivity,ablationsoftmin_only__ballspeed9__noplot__servebox__softminbeta1.0,"{""--ablation"": ""softmin_only"", ""--ball-speed"": 9, ""--no-plot"": null, ""--serve-box"": null, ""--softmin-beta"": 1.0}",24,False,miss,0.31935,1.934235,0.130031,0.0,15.0,1.76,1.0,1.7,0.0,0.31935,0.0,1.38,
exp18_sensitivity,ablationsoftmin_only__ballspeed9__noplot__servebox__softminbeta1.0,"{""--ablation"": ""softmin_only"", ""--ball-speed"": 9, ""--no-plot"": null, ""--serve-box"": null, ""--softmin-beta"": 1.0}",23,True,active,0.105769,1.94775,0.105769,35.0,105.0,1.78,0.99,1.9,15.0,0.105769,1.696,1.4,
exp18_sensitivity,ablationsoftmin_only__ballspeed9__noplot__servebox__softminbeta1.0,"{""--ablation"": ""softmin_only"", ""--ball-speed"": 9, ""--no-plot"": null, ""--serve-box"": null, ""--softmin-beta"": 1.0}",22,True,active,0.103354,1.918014,0.064216,0.0,0.0,1.8,1.0,1.8,25.0,0.103354,1.782,1.66,
exp18_sensitivity,ablationsoftmin_only__ballspeed9__noplot__servebox__softminbeta1.0,"{""--ablation"": ""softmin_only"", ""--ball-speed"": 9, ""--no-plot"": null, ""--serve-box"": null, ""--softmin-beta"": 1.0}",25,False,miss,0.334178,1.933358,0.201624,0.0,0.0,1.37,0.99,1.6,0.0,0.334178,0.0,1.57,
exp18_sensitivity,ablationsoftmin_only__ballspeed9__noplot__servebox__softminbeta1.0,"{""--ablation"": ""softmin_only"", ""--ball-speed"": 9, ""--no-plot"": null, ""--serve-box"": null, ""--softmin-beta"": 1.0}",27,True,active,0.034768,1.914805,0.034768,40.0,105.0,1.48,1.0,1.7,10.0,0.034768,0.754,1.5,
exp18_sensitivity,ablationsoftmin_only__ballspeed9__noplot__servebox__softminbeta1.0,"{""--ablation"": ""softmin_only"", ""--ball-speed"": 9, ""--no-plot"": null, ""--serve-box"": null, ""--softmin-beta"": 1.0}",29,True,active,0.106484,1.908637,0.103471,35.0,105.0,0.99,1.0,1.2,5.0,0.106484,0.363,1.49,
exp18_sensitivity,ablationsoftmin_only__ballspeed9__noplot__servebox__softminbeta1.0,"{""--ablation"": ""softmin_only"", ""--ball-speed"": 9, ""--no-plot"": null, ""--serve-box"": null, ""--softmin-beta"": 1.0}",15,True,active,0.108297,1.950195,0.10011,0.0,0.0,1.77,0.98,2.1,15.0,0.108297,1.775,2.74,
exp18_sensitivity,ablationsoftmin_only__ballspeed9__noplot__servebox__softminbeta1.0,"{""--ablation"": ""softmin_only"", ""--ball-speed"": 9, ""--no-plot"": null, ""--serve-box"": null, ""--softmin-beta"": 1.0}",31,False,miss,0.355259,1.968782,0.153555,25.0,0.0,1.5,0.99,1.4,0.0,0.355259,0.0,1.48,
exp18_sensitivity,ablationsoftmin_only__ballspeed9__noplot__servebox__softminbeta1.0,"{""--ablation"": ""softmin_only"", ""--ball-speed"": 9, ""--no-plot"": null, ""--serve-box"": null, ""--softmin-beta"": 1.0}",32,True,active,0.102336,1.943804,0.089879,45.0,105.0,1.74,1.0,1.7,15.0,0.102336,1.74,1.38,
exp18_sensitivity,ablationsoftmin_only__ballspeed9__noplot__servebox__softminbeta1.0,"{""--ablation"": ""softmin_only"", ""--ball-speed"": 9, ""--no-plot"": null, ""--serve-box"": null, ""--softmin-beta"": 1.0}",17,True,active,0.084584,1.933899,0.081288,45.0,105.0,1.4,1.0,1.3,5.0,0.084584,0.55,2.97,
exp18_sensitivity,ablationsoftmin_only__ballspeed9__noplot__servebox__softminbeta1.0,"{""--ablation"": ""softmin_only"", ""--ball-speed"": 9, ""--no-plot"": null, ""--serve-box"": null, ""--softmin-beta"": 1.0}",18,True,active,0.114785,1.992625,0.114785,30.0,105.0,1.81,0.99,1.9,20.0,0.114785,1.653,2.96,
exp18_sensitivity,ablationsoftmin_only__ballspeed9__noplot__servebox__softminbeta1.0,"{""--ablation"": ""softmin_only"", ""--ball-speed"": 9, ""--no-plot"": null, ""--serve-box"": null, ""--softmin-beta"": 1.0}",16,True,active,0.065409,1.976202,0.058801,5.0,45.0,1.63,1.0,1.6,15.0,0.065409,1.347,3.15,
exp18_sensitivity,ablationsoftmin_only__ballspeed9__noplot__servebox__softminbeta1.0,"{""--ablation"": ""softmin_only"", ""--ball-speed"": 9, ""--no-plot"": null, ""--serve-box"": null, ""--softmin-beta"": 1.0}",33,True,active,0.110297,1.972966,0.110297,35.0,105.0,1.79,0.98,2.0,15.0,0.110297,1.783,1.45,
exp18_sensitivity,ablationsoftmin_only__ballspeed9__noplot__servebox__softminbeta1.0,"{""--ablation"": ""softmin_only"", ""--ball-speed"": 9, ""--no-plot"": null, ""--serve-box"": null, ""--softmin-beta"": 1.0}",26,True,active,0.093695,1.948249,0.093695,40.0,105.0,1.8,1.0,1.6,20.0,0.093695,1.532,2.6,
exp18_sensitivity,ablationsoftmin_only__ballspeed9__noplot__servebox__softminbeta1.0,"{""--ablation"": ""softmin_only"", ""--ball-speed"": 9, ""--no-plot"": null, ""--serve-box"": null, ""--softmin-beta"": 1.0}",36,True,active,0.115858,1.931859,0.113812,35.0,105.0,1.79,1.0,1.8,10.0,0.115858,1.403,1.41,
exp18_sensitivity,ablationsoftmin_only__ballspeed9__noplot__servebox__softminbeta1.0,"{""--ablation"": ""softmin_only"", ""--ball-speed"": 9, ""--no-plot"": null, ""--serve-box"": null, ""--softmin-beta"": 1.0}",35,True,active,0.113393,1.959297,0.104403,40.0,105.0,1.79,0.99,1.7,20.0,0.113393,1.656,1.62,
exp18_sensitivity,ablationsoftmin_only__ballspeed9__noplot__servebox__softminbeta1.0,"{""--ablation"": ""softmin_only"", ""--ball-speed"": 9, ""--no-plot"": null, ""--serve-box"": null, ""--softmin-beta"": 1.0}",37,True,active,0.139205,1.965343,0.125334,35.0,65.0,1.65,1.0,1.7,20.0,0.139205,1.298,1.54,
exp18_sensitivity,ablationsoftmin_only__ballspeed9__noplot__servebox__softminbeta1.0,"{""--ablation"": ""softmin_only"", ""--ball-speed"": 9, ""--no-plot"": null, ""--serve-box"": null, ""--softmin-beta"": 1.0}",38,True,active,0.089315,1.985162,0.089315,30.0,105.0,1.81,1.0,1.7,20.0,0.089315,1.452,1.47,
exp18_sensitivity,ablationsoftmin_only__ballspeed9__noplot__servebox__softminbeta1.0,"{""--ablation"": ""softmin_only"", ""--ball-speed"": 9, ""--no-plot"": null, ""--serve-box"": null, ""--softmin-beta"": 1.0}",28,True,active,0.101673,1.934764,0.08609,0.0,0.0,1.79,0.98,1.6,20.0,0.101673,1.745,3.02,
exp18_sensitivity,ablationsoftmin_only__ballspeed9__noplot__servebox__softminbeta1.0,"{""--ablation"": ""softmin_only"", ""--ball-speed"": 9, ""--no-plot"": null, ""--serve-box"": null, ""--softmin-beta"": 1.0}",30,True,active,0.071285,1.94592,0.051287,0.0,0.0,1.79,0.98,1.7,20.0,0.071285,1.784,2.96,
exp18_sensitivity,ablationsoftmin_only__ballspeed9__noplot__servebox__softminbeta1.0,"{""--ablation"": ""softmin_only"", ""--ball-speed"": 9, ""--no-plot"": null, ""--serve-box"": null, ""--softmin-beta"": 1.0}",34,True,active,0.090987,1.983368,0.090987,30.0,105.0,1.81,1.0,1.7,20.0,0.090987,1.661,2.2,
exp18_sensitivity,ablationsoftmin_only__ballspeed9__noplot__servebox__softminbeta1.0,"{""--ablation"": ""softmin_only"", ""--ball-speed"": 9, ""--no-plot"": null, ""--serve-box"": null, ""--softmin-beta"": 1.0}",41,True,active,0.056175,1.99712,0.034779,40.0,105.0,1.8,1.0,2.1,5.0,0.056175,1.348,1.51,
exp18_sensitivity,ablationsoftmin_only__ballspeed9__noplot__servebox__softminbeta1.0,"{""--ablation"": ""softmin_only"", ""--ball-speed"": 9, ""--no-plot"": null, ""--serve-box"": null, ""--softmin-beta"": 1.0}",42,True,active,0.094911,1.966659,0.094911,35.0,105.0,1.81,1.0,1.7,20.0,0.094911,1.537,1.57,
exp18_sensitivity,ablationsoftmin_only__ballspeed9__noplot__servebox__softminbeta1.0,"{""--ablation"": ""softmin_only"", ""--ball-speed"": 9, ""--no-plot"": null, ""--serve-box"": null, ""--softmin-beta"": 1.0}",39,True,active,0.091562,1.913835,0.091562,40.0,105.0,1.8,0.99,2.0,10.0,0.091562,1.773,1.76,
exp18_sensitivity,ablationsoftmin_only__ballspeed9__noplot__servebox__softminbeta1.0,"{""--ablation"": ""softmin_only"", ""--ball-speed"": 9, ""--no-plot"": null, ""--serve-box"": null, ""--softmin-beta"": 1.0}",45,True,active,0.109188,1.972797,0.108132,35.0,105.0,1.81,1.0,1.8,20.0,0.109188,1.799,1.62,
exp18_sensitivity,ablationsoftmin_only__ballspeed9__noplot__servebox__softminbeta1.0,"{""--ablation"": ""softmin_only"", ""--ball-speed"": 9, ""--no-plot"": null, ""--serve-box"": null, ""--softmin-beta"": 1.0}",48,True,active,0.105045,1.942427,0.099419,35.0,105.0,1.79,1.0,1.7,20.0,0.105045,1.75,1.42,
exp18_sensitivity,ablationsoftmin_only__ballspeed9__noplot__servebox__softminbeta1.0,"{""--ablation"": ""softmin_only"", ""--ball-speed"": 9, ""--no-plot"": null, ""--serve-box"": null, ""--softmin-beta"": 1.0}",47,True,active,0.064998,1.887091,0.064998,50.0,105.0,1.52,0.98,1.6,10.0,0.064998,1.117,1.77,
exp18_sensitivity,ablationsoftmin_only__ballspeed9__noplot__servebox__softminbeta1.0,"{""--ablation"": ""softmin_only"", ""--ball-speed"": 9, ""--no-plot"": null, ""--serve-box"": null, ""--softmin-beta"": 1.0}",49,True,active,0.091449,1.949414,0.084788,45.0,105.0,1.78,0.99,1.9,20.0,0.091449,1.743,1.48,
exp18_sensitivity,ablationsoftmin_only__ballspeed9__noplot__servebox__softminbeta1.0,"{""--ablation"": ""softmin_only"", ""--ball-speed"": 9, ""--no-plot"": null, ""--serve-box"": null, ""--softmin-beta"": 1.0}",40,True,active,0.073123,1.977508,0.073123,40.0,105.0,1.81,0.98,1.7,15.0,0.073123,1.732,2.47,
exp18_sensitivity,ablationsoftmin_only__ballspeed9__noplot__servebox__softminbeta1.0,"{""--ablation"": ""softmin_only"", ""--ball-speed"": 9, ""--no-plot"": null, ""--serve-box"": null, ""--softmin-beta"": 1.0}",44,True,active,0.129566,1.964778,0.121275,40.0,105.0,1.83,1.0,2.2,20.0,0.129566,1.757,2.16,
exp18_sensitivity,ablationsoftmin_only__ballspeed9__noplot__servebox__softminbeta1.0,"{""--ablation"": ""softmin_only"", ""--ball-speed"": 9, ""--no-plot"": null, ""--serve-box"": null, ""--softmin-beta"": 1.0}",50,True,active,0.11287,1.94601,0.106058,30.0,85.0,1.81,1.0,2.0,20.0,0.11287,1.724,1.77,
exp18_sensitivity,ablationsoftmin_only__ballspeed9__noplot__servebox__softminbeta1.0,"{""--ablation"": ""softmin_only"", ""--ball-speed"": 9, ""--no-plot"": null, ""--serve-box"": null, ""--softmin-beta"": 1.0}",52,True,active,0.083158,1.959336,0.078359,35.0,105.0,1.8,0.99,1.5,20.0,0.083158,1.743,1.48,
exp18_sensitivity,ablationsoftmin_only__ballspeed9__noplot__servebox__softminbeta1.0,"{""--ablation"": ""softmin_only"", ""--ball-speed"": 9, ""--no-plot"": null, ""--serve-box"": null, ""--softmin-beta"": 1.0}",54,True,active,0.026602,2.002052,0.026602,0.0,40.0,1.83,0.99,1.8,25.0,0.026602,1.798,1.53,
exp18_sensitivity,ablationsoftmin_only__ballspeed9__noplot__servebox__softminbeta1.0,"{""--ablation"": ""softmin_only"", ""--ball-speed"": 9, ""--no-plot"": null, ""--serve-box"": null, ""--softmin-beta"": 1.0}",55,True,active,0.088314,1.991799,0.082141,40.0,105.0,1.8,0.96,1.9,20.0,0.088314,1.797,1.51,
exp18_sensitivity,ablationsoftmin_only__ballspeed9__noplot__servebox__softminbeta1.0,"{""--ablation"": ""softmin_only"", ""--ball-speed"": 9, ""--no-plot"": null, ""--serve-box"": null, ""--softmin-beta"": 1.0}",43,True,active,0.115631,1.944806,0.113097,35.0,105.0,1.8,1.0,1.8,25.0,0.115631,1.395,3.02,
exp18_sensitivity,ablationsoftmin_only__ballspeed9__noplot__servebox__softminbeta1.0,"{""--ablation"": ""softmin_only"", ""--ball-speed"": 9, ""--no-plot"": null, ""--serve-box"": null, ""--softmin-beta"": 1.0}",57,True,active,0.097783,1.972986,0.092844,0.0,0.0,1.8,0.93,2.0,20.0,0.097783,1.789,1.71,
exp18_sensitivity,ablationsoftmin_only__ballspeed9__noplot__servebox__softminbeta1.0,"{""--ablation"": ""softmin_only"", ""--ball-speed"": 9, ""--no-plot"": null, ""--serve-box"": null, ""--softmin-beta"": 1.0}",46,True,active,0.108507,1.968241,0.10457,35.0,105.0,1.34,0.99,1.4,10.0,0.108507,1.1,3.09,
exp18_sensitivity,ablationsoftmin_only__ballspeed9__noplot__servebox__softminbeta1.0,"{""--ablation"": ""softmin_only"", ""--ball-speed"": 9, ""--no-plot"": null, ""--serve-box"": null, ""--softmin-beta"": 1.0}",53,True,active,0.043133,1.938171,0.043133,40.0,105.0,1.41,1.0,1.5,10.0,0.043133,0.467,2.28,
exp18_sensitivity,ablationsoftmin_only__ballspeed9__noplot__servebox__softminbeta1.0,"{""--ablation"": ""softmin_only"", ""--ball-speed"": 9, ""--no-plot"": null, ""--serve-box"": null, ""--softmin-beta"": 1.0}",58,True,active,0.077252,1.896829,0.07613,45.0,105.0,1.4,1.0,1.8,15.0,0.077252,1.252,1.69,
exp18_sensitivity,ablationsoftmin_only__ballspeed9__noplot__servebox__softminbeta1.0,"{""--ablation"": ""softmin_only"", ""--ball-speed"": 9, ""--no-plot"": null, ""--serve-box"": null, ""--softmin-beta"": 1.0}",60,True,active,0.127872,1.958513,0.126691,35.0,105.0,1.8,1.0,1.9,20.0,0.127872,1.57,1.55,
exp18_sensitivity,ablationsoftmin_only__ballspeed9__noplot__servebox__softminbeta1.0,"{""--ablation"": ""softmin_only"", ""--ball-speed"": 9, ""--no-plot"": null, ""--serve-box"": null, ""--softmin-beta"": 1.0}",62,True,active,0.095273,1.973723,0.092454,35.0,105.0,1.8,0.99,1.8,20.0,0.095273,1.673,1.62,
exp18_sensitivity,ablationsoftmin_only__ballspeed9__noplot__servebox__softminbeta1.0,"{""--ablation"": ""softmin_only"", ""--ball-speed"": 9, ""--no-plot"": null, ""--serve-box"": null, ""--softmin-beta"": 1.0}",51,True,active,0.112968,1.953826,0.099565,40.0,105.0,1.68,1.0,1.8,15.0,0.112968,1.562,2.83,
exp18_sensitivity,ablationsoftmin_only__ballspeed9__noplot__servebox__softminbeta1.0,"{""--ablation"": ""softmin_only"", ""--ball-speed"": 9, ""--no-plot"": null, ""--serve-box"": null, ""--softmin-beta"": 1.0}",63,True,active,0.072817,1.982574,0.072817,40.0,105.0,1.81,1.0,1.5,20.0,0.072817,1.57,1.68,
exp18_sensitivity,ablationsoftmin_only__ballspeed9__noplot__servebox__softminbeta1.0,"{""--ablation"": ""softmin_only"", ""--ball-speed"": 9, ""--no-plot"": null, ""--serve-box"": null, ""--softmin-beta"": 1.0}",65,True,active,0.092845,1.99361,0.092845,30.0,105.0,1.82,1.0,1.8,20.0,0.092845,1.775,1.51,
exp18_sensitivity,ablationsoftmin_only__ballspeed9__noplot__servebox__softminbeta1.0,"{""--ablation"": ""softmin_only"", ""--ball-speed"": 9, ""--no-plot"": null, ""--serve-box"": null, ""--softmin-beta"": 1.0}",56,False,miss,0.368242,1.958887,0.14745,0.0,0.0,1.79,1.0,2.0,0.0,0.368242,0.0,2.84,
exp18_sensitivity,ablationsoftmin_only__ballspeed9__noplot__servebox__softminbeta1.0,"{""--ablation"": ""softmin_only"", ""--ball-speed"": 9, ""--no-plot"": null, ""--serve-box"": null, ""--softmin-beta"": 1.0}",64,True,active,0.128042,1.958688,0.118029,35.0,105.0,1.81,0.99,1.6,20.0,0.128042,1.687,1.9,
exp18_sensitivity,ablationsoftmin_only__ballspeed9__noplot__servebox__softminbeta1.0,"{""--ablation"": ""softmin_only"", ""--ball-speed"": 9, ""--no-plot"": null, ""--serve-box"": null, ""--softmin-beta"": 1.0}",66,True,active,0.124661,1.952152,0.112178,40.0,100.0,1.79,1.0,1.8,20.0,0.124661,1.521,1.73,
exp18_sensitivity,ablationsoftmin_only__ballspeed9__noplot__servebox__softminbeta1.0,"{""--ablation"": ""softmin_only"", ""--ball-speed"": 9, ""--no-plot"": null, ""--serve-box"": null, ""--softmin-beta"": 1.0}",67,True,active,0.073771,1.954488,0.073771,35.0,105.0,1.78,0.99,1.8,15.0,0.073771,1.568,1.8,
exp18_sensitivity,ablationsoftmin_only__ballspeed9__noplot__servebox__softminbeta1.0,"{""--ablation"": ""softmin_only"", ""--ball-speed"": 9, ""--no-plot"": null, ""--serve-box"": null, ""--softmin-beta"": 1.0}",69,True,active,0.119559,1.949266,0.112567,35.0,105.0,1.8,1.0,1.8,20.0,0.119559,1.676,1.67,
exp18_sensitivity,ablationsoftmin_only__ballspeed9__noplot__servebox__softminbeta1.0,"{""--ablation"": ""softmin_only"", ""--ball-speed"": 9, ""--no-plot"": null, ""--serve-box"": null, ""--softmin-beta"": 1.0}",70,True,active,0.082875,1.983895,0.082875,40.0,105.0,1.79,1.0,1.7,20.0,0.082875,1.761,1.58,
exp18_sensitivity,ablationsoftmin_only__ballspeed9__noplot__servebox__softminbeta1.0,"{""--ablation"": ""softmin_only"", ""--ball-speed"": 9, ""--no-plot"": null, ""--serve-box"": null, ""--softmin-beta"": 1.0}",68,True,active,0.071333,1.922423,0.064737,45.0,105.0,1.62,1.0,1.1,5.0,0.071333,1.194,1.76,
exp18_sensitivity,ablationsoftmin_only__ballspeed9__noplot__servebox__softminbeta1.0,"{""--ablation"": ""softmin_only"", ""--ball-speed"": 9, ""--no-plot"": null, ""--serve-box"": null, ""--softmin-beta"": 1.0}",59,True,active,0.096787,1.962974,0.089674,35.0,85.0,1.79,1.0,1.8,25.0,0.096787,1.79,2.96,
exp18_sensitivity,ablationsoftmin_only__ballspeed9__noplot__servebox__softminbeta1.0,"{""--ablation"": ""softmin_only"", ""--ball-speed"": 9, ""--no-plot"": null, ""--serve-box"": null, ""--softmin-beta"": 1.0}",72,True,active,0.074501,1.984458,0.074501,40.0,105.0,1.79,0.99,1.8,15.0,0.074501,1.748,1.51,
exp18_sensitivity,ablationsoftmin_only__ballspeed9__noplot__servebox__softminbeta1.0,"{""--ablation"": ""softmin_only"", ""--ball-speed"": 9, ""--no-plot"": null, ""--serve-box"": null, ""--softmin-beta"": 1.0}",61,True,active,0.114318,1.984063,0.114318,30.0,105.0,1.81,1.0,1.6,20.0,0.114318,1.692,2.88,
exp18_sensitivity,ablationsoftmin_only__ballspeed9__noplot__servebox__softminbeta1.0,"{""--ablation"": ""softmin_only"", ""--ball-speed"": 9, ""--no-plot"": null, ""--serve-box"": null, ""--softmin-beta"": 1.0}",76,True,active,0.084506,1.911595,0.079259,0.0,0.0,1.68,0.99,1.8,15.0,0.084506,1.582,1.59,
exp18_sensitivity,ablationsoftmin_only__ballspeed9__noplot__servebox__softminbeta1.0,"{""--ablation"": ""softmin_only"", ""--ball-speed"": 9, ""--no-plot"": null, ""--serve-box"": null, ""--softmin-beta"": 1.0}",75,True,active,0.12734,1.946594,0.126058,35.0,105.0,1.3,0.99,1.5,5.0,0.12734,0.788,1.76,
exp18_sensitivity,ablationsoftmin_only__ballspeed9__noplot__servebox__softminbeta1.0,"{""--ablation"": ""softmin_only"", ""--ball-speed"": 9, ""--no-plot"": null, ""--serve-box"": null, ""--softmin-beta"": 1.0}",78,True,active,0.087018,1.939948,0.083845,35.0,105.0,1.8,0.99,1.8,20.0,0.087018,1.635,1.59,
exp18_sensitivity,ablationsoftmin_only__ballspeed9__noplot__servebox__softminbeta1.0,"{""--ablation"": ""softmin_only"", ""--ball-speed"": 9, ""--no-plot"": null, ""--serve-box"": null, ""--softmin-beta"": 1.0}",77,True,active,0.092238,1.911211,0.08295,40.0,105.0,1.48,1.0,1.4,15.0,0.092238,1.407,1.83,
exp18_sensitivity,ablationsoftmin_only__ballspeed9__noplot__servebox__softminbeta1.0,"{""--ablation"": ""softmin_only"", ""--ball-speed"": 9, ""--no-plot"": null, ""--serve-box"": null, ""--softmin-beta"": 1.0}",79,True,active,0.109749,1.943225,0.078906,25.0,60.0,1.79,0.99,1.6,20.0,0.109749,1.751,1.54,
exp18_sensitivity,ablationsoftmin_only__ballspeed9__noplot__servebox__softminbeta1.0,"{""--ablation"": ""softmin_only"", ""--ball-speed"": 9, ""--no-plot"": null, ""--serve-box"": null, ""--softmin-beta"": 1.0}",80,True,active,0.030953,1.933759,0.030953,50.0,105.0,1.81,1.0,1.5,10.0,0.030953,0.789,1.51,
exp18_sensitivity,ablationsoftmin_only__ballspeed9__noplot__servebox__softminbeta1.0,"{""--ablation"": ""softmin_only"", ""--ball-speed"": 9, ""--no-plot"": null, ""--serve-box"": null, ""--softmin-beta"": 1.0}",71,True,active,0.126612,1.976013,0.126612,20.0,80.0,1.78,1.0,1.9,25.0,0.126612,1.555,2.86,
exp18_sensitivity,ablationsoftmin_only__ballspeed9__noplot__servebox__softminbeta1.0,"{""--ablation"": ""softmin_only"", ""--ball-speed"": 9, ""--no-plot"": null, ""--serve-box"": null, ""--softmin-beta"": 1.0}",83,True,active,0.106132,1.987813,0.106132,40.0,105.0,1.59,1.0,1.5,15.0,0.106132,1.425,1.46,
exp18_sensitivity,ablationsoftmin_only__ballspeed9__noplot__servebox__softminbeta1.0,"{""--ablation"": ""softmin_only"", ""--ball-speed"": 9, ""--no-plot"": null, ""--serve-box"": null, ""--softmin-beta"": 1.0}",82,True,active,0.093201,1.964045,0.093201,30.0,105.0,1.81,0.99,1.7,20.0,0.093201,1.711,1.63,
exp18_sensitivity,ablationsoftmin_only__ballspeed9__noplot__servebox__softminbeta1.0,"{""--ablation"": ""softmin_only"", ""--ball-speed"": 9, ""--no-plot"": null, ""--serve-box"": null, ""--softmin-beta"": 1.0}",74,True,active,0.102079,1.949042,0.092375,40.0,105.0,1.8,0.99,1.8,20.0,0.102079,1.612,2.69,
exp18_sensitivity,ablationsoftmin_only__ballspeed9__noplot__servebox__softminbeta1.0,"{""--ablation"": ""softmin_only"", ""--ball-speed"": 9, ""--no-plot"": null, ""--serve-box"": null, ""--softmin-beta"": 1.0}",73,True,active,0.140882,1.988806,0.136042,35.0,105.0,1.73,0.99,1.5,20.0,0.140882,1.456,2.99,
exp18_sensitivity,ablationsoftmin_only__ballspeed9__noplot__servebox__softminbeta1.0,"{""--ablation"": ""softmin_only"", ""--ball-speed"": 9, ""--no-plot"": null, ""--serve-box"": null, ""--softmin-beta"": 1.0}",85,True,active,0.076236,1.966507,0.074221,40.0,105.0,1.8,0.99,1.6,10.0,0.076236,1.656,2.01,
exp18_sensitivity,ablationsoftmin_only__ballspeed9__noplot__servebox__softminbeta1.0,"{""--ablation"": ""softmin_only"", ""--ball-speed"": 9, ""--no-plot"": null, ""--serve-box"": null, ""--softmin-beta"": 1.0}",86,True,active,0.084805,1.952287,0.084805,40.0,105.0,1.78,1.0,1.8,15.0,0.084805,1.657,1.98,
exp18_sensitivity,ablationsoftmin_only__ballspeed9__noplot__servebox__softminbeta1.0,"{""--ablation"": ""softmin_only"", ""--ball-speed"": 9, ""--no-plot"": null, ""--serve-box"": null, ""--softmin-beta"": 1.0}",89,True,active,0.079683,1.937969,0.079683,40.0,105.0,1.79,0.97,1.8,15.0,0.079683,1.784,1.49,
exp18_sensitivity,ablationsoftmin_only__ballspeed9__noplot__servebox__softminbeta1.0,"{""--ablation"": ""softmin_only"", ""--ball-speed"": 9, ""--no-plot"": null, ""--serve-box"": null, ""--softmin-beta"": 1.0}",88,True,active,0.101654,1.967029,0.101654,35.0,105.0,1.8,0.99,2.0,20.0,0.101654,1.669,1.71,
exp18_sensitivity,ablationsoftmin_only__ballspeed9__noplot__servebox__softminbeta1.0,"{""--ablation"": ""softmin_only"", ""--ball-speed"": 9, ""--no-plot"": null, ""--serve-box"": null, ""--softmin-beta"": 1.0}",93,True,active,0.095907,1.937913,0.085582,45.0,105.0,1.79,0.99,2.1,15.0,0.095907,1.731,1.41,
exp18_sensitivity,ablationsoftmin_only__ballspeed9__noplot__servebox__softminbeta1.0,"{""--ablation"": ""softmin_only"", ""--ball-speed"": 9, ""--no-plot"": null, ""--serve-box"": null, ""--softmin-beta"": 1.0}",81,True,active,0.071023,1.982943,0.071023,35.0,105.0,1.79,1.0,1.8,20.0,0.071023,1.411,2.99,
exp18_sensitivity,ablationsoftmin_only__ballspeed9__noplot__servebox__softminbeta1.0,"{""--ablation"": ""softmin_only"", ""--ball-speed"": 9, ""--no-plot"": null, ""--serve-box"": null, ""--softmin-beta"": 1.0}",90,True,active,0.087297,1.974534,0.085874,40.0,105.0,1.81,0.96,2.1,15.0,0.087297,1.806,1.82,
exp18_sensitivity,ablationsoftmin_only__ballspeed9__noplot__servebox__softminbeta1.0,"{""--ablation"": ""softmin_only"", ""--ball-speed"": 9, ""--no-plot"": null, ""--serve-box"": null, ""--softmin-beta"": 1.0}",94,True,active,0.094843,1.978892,0.094843,35.0,105.0,1.8,0.97,1.8,20.0,0.094843,1.744,1.43,
exp18_sensitivity,ablationsoftmin_only__ballspeed9__noplot__servebox__softminbeta1.0,"{""--ablation"": ""softmin_only"", ""--ball-speed"": 9, ""--no-plot"": null, ""--serve-box"": null, ""--softmin-beta"": 1.0}",91,True,active,0.009127,1.966405,0.009127,45.0,105.0,1.63,1.0,1.5,5.0,0.009127,0.71,1.78,
exp18_sensitivity,ablationsoftmin_only__ballspeed9__noplot__servebox__softminbeta1.0,"{""--ablation"": ""softmin_only"", ""--ball-speed"": 9, ""--no-plot"": null, ""--serve-box"": null, ""--softmin-beta"": 1.0}",95,True,active,0.100277,1.933371,0.086379,40.0,105.0,1.76,0.99,1.8,25.0,0.100277,1.546,1.42,
exp18_sensitivity,ablationsoftmin_only__ballspeed9__noplot__servebox__softminbeta1.0,"{""--ablation"": ""softmin_only"", ""--ball-speed"": 9, ""--no-plot"": null, ""--serve-box"": null, ""--softmin-beta"": 1.0}",84,True,active,0.076655,1.959534,0.070055,40.0,105.0,1.8,1.0,1.8,20.0,0.076655,1.718,3.01,
exp18_sensitivity,ablationsoftmin_only__ballspeed9__noplot__servebox__softminbeta1.0,"{""--ablation"": ""softmin_only"", ""--ball-speed"": 9, ""--no-plot"": null, ""--serve-box"": null, ""--softmin-beta"": 1.0}",87,True,active,0.132261,1.950591,0.121874,35.0,100.0,1.78,0.99,1.9,20.0,0.132261,1.465,2.95,
exp18_sensitivity,ablationsoftmin_only__ballspeed9__noplot__servebox__softminbeta1.0,"{""--ablation"": ""softmin_only"", ""--ball-speed"": 9, ""--no-plot"": null, ""--serve-box"": null, ""--softmin-beta"": 1.0}",97,True,active,0.129068,1.980636,0.119793,30.0,85.0,1.79,1.0,1.9,20.0,0.129068,1.536,1.52,
exp18_sensitivity,ablationsoftmin_only__ballspeed9__noplot__servebox__softminbeta1.0,"{""--ablation"": ""softmin_only"", ""--ball-speed"": 9, ""--no-plot"": null, ""--serve-box"": null, ""--softmin-beta"": 1.0}",96,True,active,0.083033,1.980227,0.077032,35.0,105.0,1.81,0.94,1.8,20.0,0.083033,1.74,1.78,
exp18_sensitivity,ablationsoftmin_only__ballspeed9__noplot__servebox__softminbeta1.0,"{""--ablation"": ""softmin_only"", ""--ball-speed"": 9, ""--no-plot"": null, ""--serve-box"": null, ""--softmin-beta"": 1.0}",98,True,active,0.085684,1.932208,0.056169,0.0,0.0,1.79,0.99,1.4,20.0,0.085684,1.706,1.9,
exp18_sensitivity,ablationsoftmin_only__ballspeed9__noplot__servebox__softminbeta1.0,"{""--ablation"": ""softmin_only"", ""--ball-speed"": 9, ""--no-plot"": null, ""--serve-box"": null, ""--softmin-beta"": 1.0}",99,True,active,0.12259,1.963722,0.117563,35.0,105.0,1.8,1.0,1.8,20.0,0.12259,1.802,1.6,
exp18_sensitivity,ablationsoftmin_only__ballspeed9__noplot__servebox__softminbeta1.0,"{""--ablation"": ""softmin_only"", ""--ball-speed"": 9, ""--no-plot"": null, ""--serve-box"": null, ""--softmin-beta"": 1.0}",102,True,active,0.066594,1.983767,0.06629,45.0,105.0,1.8,0.99,1.6,15.0,0.066594,1.721,1.53,
exp18_sensitivity,ablationsoftmin_only__ballspeed9__noplot__servebox__softminbeta1.0,"{""--ablation"": ""softmin_only"", ""--ball-speed"": 9, ""--no-plot"": null, ""--serve-box"": null, ""--softmin-beta"": 1.0}",92,True,active,0.106301,1.956975,0.087002,40.0,105.0,1.79,1.0,1.9,30.0,0.106301,1.716,2.85,
exp18_sensitivity,ablationsoftmin_only__ballspeed9__noplot__servebox__softminbeta1.0,"{""--ablation"": ""softmin_only"", ""--ball-speed"": 9, ""--no-plot"": null, ""--serve-box"": null, ""--softmin-beta"": 1.0}",103,True,active,0.12184,1.958273,0.108105,40.0,105.0,1.79,1.0,1.7,20.0,0.12184,1.567,1.42,
exp18_sensitivity,ablationsoftmin_only__ballspeed9__noplot__servebox__softminbeta1.0,"{""--ablation"": ""softmin_only"", ""--ball-speed"": 9, ""--no-plot"": null, ""--serve-box"": null, ""--softmin-beta"": 1.0}",101,True,active,0.12413,1.971669,0.121516,30.0,105.0,1.8,1.0,1.6,20.0,0.12413,1.553,2.05,
exp18_sensitivity,ablationsoftmin_only__ballspeed9__noplot__servebox__softminbeta1.0,"{""--ablation"": ""softmin_only"", ""--ball-speed"": 9, ""--no-plot"": null, ""--serve-box"": null, ""--softmin-beta"": 1.0}",105,True,active,0.110889,1.973746,0.103247,40.0,105.0,1.8,0.99,1.8,20.0,0.110889,1.475,1.56,
exp18_sensitivity,ablationsoftmin_only__ballspeed9__noplot__servebox__softminbeta1.0,"{""--ablation"": ""softmin_only"", ""--ball-speed"": 9, ""--no-plot"": null, ""--serve-box"": null, ""--softmin-beta"": 1.0}",107,True,active,0.110176,1.983086,0.110176,35.0,105.0,1.8,1.0,2.1,20.0,0.110176,1.78,1.48,
exp18_sensitivity,ablationsoftmin_only__ballspeed9__noplot__servebox__softminbeta1.0,"{""--ablation"": ""softmin_only"", ""--ball-speed"": 9, ""--no-plot"": null, ""--serve-box"": null, ""--softmin-beta"": 1.0}",108,True,active,0.108949,1.992505,0.101552,40.0,105.0,1.8,0.98,2.1,20.0,0.108949,1.274,1.56,
exp18_sensitivity,ablationsoftmin_only__ballspeed9__noplot__servebox__softminbeta1.0,"{""--ablation"": ""softmin_only"", ""--ball-speed"": 9, ""--no-plot"": null, ""--serve-box"": null, ""--softmin-beta"": 1.0}",121,,,,,,,,,,,,,,0.21,no_result
exp18_sensitivity,ablationsoftmin_only__ballspeed9__noplot__servebox__softminbeta1.0,"{""--ablation"": ""softmin_only"", ""--ball-speed"": 9, ""--no-plot"": null, ""--serve-box"": null, ""--softmin-beta"": 1.0}",111,True,active,0.109619,1.985087,0.107058,35.0,105.0,1.79,1.0,1.9,25.0,0.109619,1.795,1.54,
exp18_sensitivity,ablationsoftmin_only__ballspeed9__noplot__servebox__softminbeta1.0,"{""--ablation"": ""softmin_only"", ""--ball-speed"": 9, ""--no-plot"": null, ""--serve-box"": null, ""--softmin-beta"": 1.0}",112,True,active,0.079744,1.95265,0.074159,0.0,0.0,1.8,0.93,1.6,30.0,0.079744,1.781,1.56,
exp18_sensitivity,ablationsoftmin_only__ballspeed9__noplot__servebox__softminbeta1.0,"{""--ablation"": ""softmin_only"", ""--ball-speed"": 9, ""--no-plot"": null, ""--serve-box"": null, ""--softmin-beta"": 1.0}",100,True,active,0.081013,1.985073,0.076399,40.0,105.0,1.8,0.98,1.8,20.0,0.081013,1.778,3.05,
exp18_sensitivity,ablationsoftmin_only__ballspeed9__noplot__servebox__softminbeta1.0,"{""--ablation"": ""softmin_only"", ""--ball-speed"": 9, ""--no-plot"": null, ""--serve-box"": null, ""--softmin-beta"": 1.0}",113,True,active,0.08542,1.96385,0.070982,0.0,0.0,1.8,1.0,1.8,20.0,0.08542,1.729,1.59,
exp18_sensitivity,ablationsoftmin_only__ballspeed9__noplot__servebox__softminbeta1.0,"{""--ablation"": ""softmin_only"", ""--ball-speed"": 9, ""--no-plot"": null, ""--serve-box"": null, ""--softmin-beta"": 1.0}",114,True,active,0.091581,1.921481,0.091581,35.0,105.0,1.8,0.99,1.5,15.0,0.091581,1.738,1.86,
exp18_sensitivity,ablationsoftmin_only__ballspeed9__noplot__servebox__softminbeta1.0,"{""--ablation"": ""softmin_only"", ""--ball-speed"": 9, ""--no-plot"": null, ""--serve-box"": null, ""--softmin-beta"": 1.0}",117,True,active,0.103563,1.955906,0.091079,0.0,0.0,1.8,1.0,1.7,20.0,0.103563,1.776,1.55,
exp18_sensitivity,ablationsoftmin_only__ballspeed9__noplot__servebox__softminbeta1.0,"{""--ablation"": ""softmin_only"", ""--ball-speed"": 9, ""--no-plot"": null, ""--serve-box"": null, ""--softmin-beta"": 1.0}",115,False,miss,0.345543,1.938724,0.102483,0.0,0.0,1.79,0.98,1.4,0.0,0.345543,0.0,1.63,
exp18_sensitivity,ablationsoftmin_only__ballspeed9__noplot__servebox__softminbeta1.0,"{""--ablation"": ""softmin_only"", ""--ball-speed"": 9, ""--no-plot"": null, ""--serve-box"": null, ""--softmin-beta"": 1.0}",104,True,active,0.114976,1.966185,0.112154,35.0,105.0,1.81,0.99,1.6,20.0,0.114976,1.767,2.91,
exp18_sensitivity,ablationsoftmin_only__ballspeed9__noplot__servebox__softminbeta1.0,"{""--ablation"": ""softmin_only"", ""--ball-speed"": 9, ""--no-plot"": null, ""--serve-box"": null, ""--softmin-beta"": 1.0}",110,True,active,0.070703,1.971012,0.068413,35.0,105.0,1.79,0.98,1.7,25.0,0.070703,1.777,2.71,
exp18_sensitivity,ablationsoftmin_only__ballspeed9__noplot__servebox__softminbeta1.0,"{""--ablation"": ""softmin_only"", ""--ball-speed"": 9, ""--no-plot"": null, ""--serve-box"": null, ""--softmin-beta"": 1.0}",118,True,active,0.062574,1.959566,0.049556,45.0,105.0,1.79,0.97,1.7,20.0,0.062574,1.78,1.55,
exp18_sensitivity,ablationsoftmin_only__ballspeed9__noplot__servebox__softminbeta1.0,"{""--ablation"": ""softmin_only"", ""--ball-speed"": 9, ""--no-plot"": null, ""--serve-box"": null, ""--softmin-beta"": 1.0}",106,True,active,0.124439,1.955982,0.111864,0.0,20.0,1.8,1.0,1.7,25.0,0.124439,1.702,3.12,
exp18_sensitivity,ablationsoftmin_only__ballspeed9__noplot__servebox__softminbeta1.0,"{""--ablation"": ""softmin_only"", ""--ball-speed"": 9, ""--no-plot"": null, ""--serve-box"": null, ""--softmin-beta"": 1.0}",120,True,active,0.080371,1.939425,0.080129,40.0,105.0,1.82,0.97,2.0,10.0,0.080371,1.771,1.64,
exp18_sensitivity,ablationsoftmin_only__ballspeed9__noplot__servebox__softminbeta1.0,"{""--ablation"": ""softmin_only"", ""--ball-speed"": 9, ""--no-plot"": null, ""--serve-box"": null, ""--softmin-beta"": 1.0}",109,True,active,0.076877,1.997565,0.074276,40.0,105.0,1.81,0.99,1.5,20.0,0.076877,1.799,3.1,
exp18_sensitivity,ablationsoftmin_only__ballspeed9__noplot__servebox__softminbeta1.0,"{""--ablation"": ""softmin_only"", ""--ball-speed"": 9, ""--no-plot"": null, ""--serve-box"": null, ""--softmin-beta"": 1.0}",119,True,active,0.082157,1.931792,0.082157,35.0,105.0,1.78,1.0,1.9,15.0,0.082157,1.496,2.08,
exp18_sensitivity,ablationsoftmin_only__ballspeed9__noplot__servebox__softminbeta1.0,"{""--ablation"": ""softmin_only"", ""--ball-speed"": 9, ""--no-plot"": null, ""--serve-box"": null, ""--softmin-beta"": 1.0}",122,True,active,0.139134,1.963283,0.133773,35.0,75.0,1.54,1.0,1.6,15.0,0.139134,1.421,1.9,
exp18_sensitivity,ablationsoftmin_only__ballspeed9__noplot__servebox__softminbeta1.0,"{""--ablation"": ""softmin_only"", ""--ball-speed"": 9, ""--no-plot"": null, ""--serve-box"": null, ""--softmin-beta"": 1.0}",125,False,miss,0.380073,1.957358,0.148209,25.0,100.0,1.47,1.0,1.4,0.0,0.380073,0.0,1.63,
exp18_sensitivity,ablationsoftmin_only__ballspeed9__noplot__servebox__softminbeta1.0,"{""--ablation"": ""softmin_only"", ""--ball-speed"": 9, ""--no-plot"": null, ""--serve-box"": null, ""--softmin-beta"": 1.0}",126,True,active,0.101381,1.916182,0.100166,35.0,105.0,1.81,1.0,1.7,20.0,0.101381,1.616,1.68,
exp18_sensitivity,ablationsoftmin_only__ballspeed9__noplot__servebox__softminbeta1.0,"{""--ablation"": ""softmin_only"", ""--ball-speed"": 9, ""--no-plot"": null, ""--serve-box"": null, ""--softmin-beta"": 1.0}",116,True,active,0.097987,1.960339,0.093402,35.0,105.0,1.8,1.0,1.7,20.0,0.097987,1.725,3.0,
exp18_sensitivity,ablationsoftmin_only__ballspeed9__noplot__servebox__softminbeta1.0,"{""--ablation"": ""softmin_only"", ""--ball-speed"": 9, ""--no-plot"": null, ""--serve-box"": null, ""--softmin-beta"": 1.0}",130,True,active,0.129969,1.953195,0.120673,25.0,70.0,1.81,0.99,1.7,25.0,0.129969,1.599,1.62,
exp18_sensitivity,ablationsoftmin_only__ballspeed9__noplot__servebox__softminbeta1.0,"{""--ablation"": ""softmin_only"", ""--ball-speed"": 9, ""--no-plot"": null, ""--serve-box"": null, ""--softmin-beta"": 1.0}",131,True,active,0.093438,1.938751,0.093438,35.0,105.0,1.8,0.99,1.8,15.0,0.093438,1.707,1.67,
exp18_sensitivity,ablationsoftmin_only__ballspeed9__noplot__servebox__softminbeta1.0,"{""--ablation"": ""softmin_only"", ""--ball-speed"": 9, ""--no-plot"": null, ""--serve-box"": null, ""--softmin-beta"": 1.0}",134,True,active,0.139289,1.986621,0.13174,30.0,60.0,1.8,1.0,1.7,20.0,0.139289,1.602,1.58,
exp18_sensitivity,ablationsoftmin_only__ballspeed9__noplot__servebox__softminbeta1.0,"{""--ablation"": ""softmin_only"", ""--ball-speed"": 9, ""--no-plot"": null, ""--serve-box"": null, ""--softmin-beta"": 1.0}",132,False,miss,0.269963,1.937563,0.15285,25.0,45.0,1.14,1.0,1.7,0.0,0.269963,0.0,1.83,
exp18_sensitivity,ablationsoftmin_only__ballspeed9__noplot__servebox__softminbeta1.0,"{""--ablation"": ""softmin_only"", ""--ball-speed"": 9, ""--no-plot"": null, ""--serve-box"": null, ""--softmin-beta"": 1.0}",123,True,active,0.047332,1.958698,0.047332,45.0,105.0,1.76,1.0,1.9,5.0,0.047332,1.381,3.09,
exp18_sensitivity,ablationsoftmin_only__ballspeed9__noplot__servebox__softminbeta1.0,"{""--ablation"": ""softmin_only"", ""--ball-speed"": 9, ""--no-plot"": null, ""--serve-box"": null, ""--softmin-beta"": 1.0}",124,True,active,0.087841,1.959985,0.087841,40.0,105.0,1.78,1.0,1.7,15.0,0.087841,1.367,2.96,
exp18_sensitivity,ablationsoftmin_only__ballspeed9__noplot__servebox__softminbeta1.0,"{""--ablation"": ""softmin_only"", ""--ball-speed"": 9, ""--no-plot"": null, ""--serve-box"": null, ""--softmin-beta"": 1.0}",133,True,active,0.108626,1.976937,0.108626,35.0,105.0,1.82,0.99,1.8,15.0,0.108626,1.752,2.11,
exp18_sensitivity,ablationsoftmin_only__ballspeed9__noplot__servebox__softminbeta1.0,"{""--ablation"": ""softmin_only"", ""--ball-speed"": 9, ""--no-plot"": null, ""--serve-box"": null, ""--softmin-beta"": 1.0}",127,True,active,0.111245,1.976661,0.109191,35.0,105.0,1.81,0.99,1.8,25.0,0.111245,1.741,2.64,
exp18_sensitivity,ablationsoftmin_only__ballspeed9__noplot__servebox__softminbeta1.0,"{""--ablation"": ""softmin_only"", ""--ball-speed"": 9, ""--no-plot"": null, ""--serve-box"": null, ""--softmin-beta"": 1.0}",135,True,active,0.131619,1.973377,0.117387,35.0,105.0,1.81,1.0,1.7,25.0,0.131619,1.412,2.13,
exp18_sensitivity,ablationsoftmin_only__ballspeed9__noplot__servebox__softminbeta1.0,"{""--ablation"": ""softmin_only"", ""--ball-speed"": 9, ""--no-plot"": null, ""--serve-box"": null, ""--softmin-beta"": 1.0}",139,True,active,0.113322,1.977375,0.109212,35.0,105.0,1.77,1.0,1.7,15.0,0.113322,1.657,1.49,
exp18_sensitivity,ablationsoftmin_only__ballspeed9__noplot__servebox__softminbeta1.0,"{""--ablation"": ""softmin_only"", ""--ball-speed"": 9, ""--no-plot"": null, ""--serve-box"": null, ""--softmin-beta"": 1.0}",129,True,active,0.058376,1.954557,0.058376,35.0,105.0,1.71,0.99,1.8,15.0,0.058376,1.407,2.97,
exp18_sensitivity,ablationsoftmin_only__ballspeed9__noplot__servebox__softminbeta1.0,"{""--ablation"": ""softmin_only"", ""--ball-speed"": 9, ""--no-plot"": null, ""--serve-box"": null, ""--softmin-beta"": 1.0}",136,True,active,0.094751,1.898623,0.094751,0.0,0.0,1.8,1.0,2.1,25.0,0.094751,1.748,2.16,
exp18_sensitivity,ablationsoftmin_only__ballspeed9__noplot__servebox__softminbeta1.0,"{""--ablation"": ""softmin_only"", ""--ball-speed"": 9, ""--no-plot"": null, ""--serve-box"": null, ""--softmin-beta"": 1.0}",128,True,active,0.123935,1.956238,0.114564,35.0,105.0,1.78,1.0,1.5,20.0,0.123935,1.68,3.1,
exp18_sensitivity,ablationsoftmin_only__ballspeed9__noplot__servebox__softminbeta1.0,"{""--ablation"": ""softmin_only"", ""--ball-speed"": 9, ""--no-plot"": null, ""--serve-box"": null, ""--softmin-beta"": 1.0}",140,True,active,0.072138,1.964877,0.070887,35.0,105.0,1.81,0.93,1.7,20.0,0.072138,1.788,1.71,
exp18_sensitivity,ablationsoftmin_only__ballspeed9__noplot__servebox__softminbeta1.0,"{""--ablation"": ""softmin_only"", ""--ball-speed"": 9, ""--no-plot"": null, ""--serve-box"": null, ""--softmin-beta"": 1.0}",138,True,active,0.046936,1.92034,0.046936,40.0,105.0,1.78,0.99,2.2,15.0,0.046936,0.32,2.14,
exp18_sensitivity,ablationsoftmin_only__ballspeed9__noplot__servebox__softminbeta1.0,"{""--ablation"": ""softmin_only"", ""--ball-speed"": 9, ""--no-plot"": null, ""--serve-box"": null, ""--softmin-beta"": 1.0}",141,True,active,0.063101,1.979876,0.046809,45.0,105.0,1.79,0.97,1.5,20.0,0.063101,1.716,1.64,
exp18_sensitivity,ablationsoftmin_only__ballspeed9__noplot__servebox__softminbeta1.0,"{""--ablation"": ""softmin_only"", ""--ball-speed"": 9, ""--no-plot"": null, ""--serve-box"": null, ""--softmin-beta"": 1.0}",137,False,miss,0.378943,1.932915,0.128023,0.0,0.0,1.79,1.0,1.6,0.0,0.378943,0.0,2.82,
exp18_sensitivity,ablationsoftmin_only__ballspeed9__noplot__servebox__softminbeta1.0,"{""--ablation"": ""softmin_only"", ""--ball-speed"": 9, ""--no-plot"": null, ""--serve-box"": null, ""--softmin-beta"": 1.0}",144,True,active,0.143252,1.964996,0.134836,40.0,70.0,1.79,1.0,1.8,15.0,0.143252,1.584,1.75,
exp18_sensitivity,ablationsoftmin_only__ballspeed9__noplot__servebox__softminbeta1.0,"{""--ablation"": ""softmin_only"", ""--ball-speed"": 9, ""--no-plot"": null, ""--serve-box"": null, ""--softmin-beta"": 1.0}",145,True,active,0.099715,1.950472,0.099715,35.0,105.0,1.79,1.0,1.7,20.0,0.099715,1.668,1.67,
exp18_sensitivity,ablationsoftmin_only__ballspeed9__noplot__servebox__softminbeta1.0,"{""--ablation"": ""softmin_only"", ""--ball-speed"": 9, ""--no-plot"": null, ""--serve-box"": null, ""--softmin-beta"": 1.0}",146,True,active,0.11094,1.978137,0.11094,35.0,105.0,1.8,0.99,1.9,15.0,0.11094,1.722,1.67,
exp18_sensitivity,ablationsoftmin_only__ballspeed9__noplot__servebox__softminbeta1.0,"{""--ablation"": ""softmin_only"", ""--ball-speed"": 9, ""--no-plot"": null, ""--serve-box"": null, ""--softmin-beta"": 1.0}",148,True,active,0.135563,1.949554,0.125192,35.0,80.0,1.8,1.0,1.8,20.0,0.135563,1.53,1.74,
exp18_sensitivity,ablationsoftmin_only__ballspeed9__noplot__servebox__softminbeta1.0,"{""--ablation"": ""softmin_only"", ""--ball-speed"": 9, ""--no-plot"": null, ""--serve-box"": null, ""--softmin-beta"": 1.0}",147,True,active,0.081698,1.986958,0.081698,35.0,105.0,1.6,0.99,1.6,20.0,0.081698,1.183,1.81,
exp18_sensitivity,ablationsoftmin_only__ballspeed9__noplot__servebox__softminbeta1.0,"{""--ablation"": ""softmin_only"", ""--ball-speed"": 9, ""--no-plot"": null, ""--serve-box"": null, ""--softmin-beta"": 1.0}",142,True,active,0.104837,1.959243,0.093874,35.0,105.0,1.79,1.0,1.6,20.0,0.104837,1.67,2.41,
exp18_sensitivity,ablationsoftmin_only__ballspeed9__noplot__servebox__softminbeta1.0,"{""--ablation"": ""softmin_only"", ""--ball-speed"": 9, ""--no-plot"": null, ""--serve-box"": null, ""--softmin-beta"": 1.0}",149,True,active,0.111936,1.936126,0.105914,35.0,105.0,1.79,1.0,1.8,20.0,0.111936,1.513,1.7,
exp18_sensitivity,ablationsoftmin_only__ballspeed9__noplot__servebox__softminbeta1.0,"{""--ablation"": ""softmin_only"", ""--ball-speed"": 9, ""--no-plot"": null, ""--serve-box"": null, ""--softmin-beta"": 1.0}",153,True,active,0.117907,1.967995,0.112311,35.0,105.0,1.8,0.99,1.8,20.0,0.117907,1.623,1.71,
exp18_sensitivity,ablationsoftmin_only__ballspeed9__noplot__servebox__softminbeta1.0,"{""--ablation"": ""softmin_only"", ""--ball-speed"": 9, ""--no-plot"": null, ""--serve-box"": null, ""--softmin-beta"": 1.0}",152,True,active,0.115227,1.975175,0.099522,40.0,105.0,1.8,0.99,1.5,20.0,0.115227,1.692,1.9,
exp18_sensitivity,ablationsoftmin_only__ballspeed9__noplot__servebox__softminbeta1.0,"{""--ablation"": ""softmin_only"", ""--ball-speed"": 9, ""--no-plot"": null, ""--serve-box"": null, ""--softmin-beta"": 1.0}",143,True,active,0.103778,1.954463,0.103778,40.0,105.0,1.47,0.97,1.4,10.0,0.103778,0.916,3.04,
exp18_sensitivity,ablationsoftmin_only__ballspeed9__noplot__servebox__softminbeta1.0,"{""--ablation"": ""softmin_only"", ""--ball-speed"": 9, ""--no-plot"": null, ""--serve-box"": null, ""--softmin-beta"": 1.0}",158,True,active,0.129404,1.993032,0.124129,30.0,105.0,1.7,1.0,1.9,15.0,0.129404,1.7,1.6,
exp18_sensitivity,ablationsoftmin_only__ballspeed9__noplot__servebox__softminbeta1.0,"{""--ablation"": ""softmin_only"", ""--ball-speed"": 9, ""--no-plot"": null, ""--serve-box"": null, ""--softmin-beta"": 1.0}",159,True,active,0.05671,1.887501,0.05671,40.0,105.0,1.49,0.98,1.3,10.0,0.05671,1.124,1.55,
exp18_sensitivity,ablationsoftmin_only__ballspeed9__noplot__servebox__softminbeta1.0,"{""--ablation"": ""softmin_only"", ""--ball-speed"": 9, ""--no-plot"": null, ""--serve-box"": null, ""--softmin-beta"": 1.0}",160,True,active,0.1296,1.981715,0.127818,30.0,90.0,1.81,1.0,1.8,20.0,0.1296,1.734,1.76,
exp18_sensitivity,ablationsoftmin_only__ballspeed9__noplot__servebox__softminbeta1.0,"{""--ablation"": ""softmin_only"", ""--ball-speed"": 9, ""--no-plot"": null, ""--serve-box"": null, ""--softmin-beta"": 1.0}",157,True,active,0.093978,1.970728,0.085592,35.0,100.0,1.8,0.99,1.8,20.0,0.093978,1.758,1.94,
exp18_sensitivity,ablationsoftmin_only__ballspeed9__noplot__servebox__softminbeta1.0,"{""--ablation"": ""softmin_only"", ""--ball-speed"": 9, ""--no-plot"": null, ""--serve-box"": null, ""--softmin-beta"": 1.0}",150,True,active,0.098662,1.963512,0.098662,35.0,105.0,1.79,0.98,2.0,20.0,0.098662,1.786,3.03,
exp18_sensitivity,ablationsoftmin_only__ballspeed9__noplot__servebox__softminbeta1.0,"{""--ablation"": ""softmin_only"", ""--ball-speed"": 9, ""--no-plot"": null, ""--serve-box"": null, ""--softmin-beta"": 1.0}",161,True,active,0.106077,1.943394,0.102914,0.0,0.0,1.78,1.0,2.0,15.0,0.106077,1.751,1.61,
exp18_sensitivity,ablationsoftmin_only__ballspeed9__noplot__servebox__softminbeta1.0,"{""--ablation"": ""softmin_only"", ""--ball-speed"": 9, ""--no-plot"": null, ""--serve-box"": null, ""--softmin-beta"": 1.0}",163,True,active,0.072523,1.976767,0.064292,40.0,105.0,1.79,0.99,1.5,20.0,0.072523,1.52,1.68,
exp18_sensitivity,ablationsoftmin_only__ballspeed9__noplot__servebox__softminbeta1.0,"{""--ablation"": ""softmin_only"", ""--ball-speed"": 9, ""--no-plot"": null, ""--serve-box"": null, ""--softmin-beta"": 1.0}",151,True,active,0.098079,1.977986,0.093908,35.0,105.0,1.81,0.98,1.7,20.0,0.098079,1.81,3.03,
exp18_sensitivity,ablationsoftmin_only__ballspeed9__noplot__servebox__softminbeta1.0,"{""--ablation"": ""softmin_only"", ""--ball-speed"": 9, ""--no-plot"": null, ""--serve-box"": null, ""--softmin-beta"": 1.0}",154,True,active,0.134622,1.961958,0.115307,35.0,105.0,1.76,1.0,1.5,5.0,0.134622,0.866,3.01,
exp18_sensitivity,ablationsoftmin_only__ballspeed9__noplot__servebox__softminbeta1.0,"{""--ablation"": ""softmin_only"", ""--ball-speed"": 9, ""--no-plot"": null, ""--serve-box"": null, ""--softmin-beta"": 1.0}",162,True,active,0.103901,1.933246,0.086249,0.0,35.0,1.79,1.0,1.6,20.0,0.103901,1.623,1.83,
exp18_sensitivity,ablationsoftmin_only__ballspeed9__noplot__servebox__softminbeta1.0,"{""--ablation"": ""softmin_only"", ""--ball-speed"": 9, ""--no-plot"": null, ""--serve-box"": null, ""--softmin-beta"": 1.0}",155,True,active,0.121375,1.931942,0.121375,35.0,105.0,1.79,1.0,1.6,20.0,0.121375,1.693,2.87,
exp18_sensitivity,ablationsoftmin_only__ballspeed9__noplot__servebox__softminbeta1.0,"{""--ablation"": ""softmin_only"", ""--ball-speed"": 9, ""--no-plot"": null, ""--serve-box"": null, ""--softmin-beta"": 1.0}",156,True,active,0.124129,1.971713,0.122292,30.0,105.0,1.8,1.0,1.6,25.0,0.124129,1.708,3.13,
exp18_sensitivity,ablationsoftmin_only__ballspeed9__noplot__servebox__softminbeta1.0,"{""--ablation"": ""softmin_only"", ""--ball-speed"": 9, ""--no-plot"": null, ""--serve-box"": null, ""--softmin-beta"": 1.0}",167,True,active,0.059983,1.948725,0.047162,45.0,105.0,1.79,1.0,1.6,10.0,0.059983,0.868,1.71,
exp18_sensitivity,ablationsoftmin_only__ballspeed9__noplot__servebox__softminbeta1.0,"{""--ablation"": ""softmin_only"", ""--ball-speed"": 9, ""--no-plot"": null, ""--serve-box"": null, ""--softmin-beta"": 1.0}",165,True,active,0.066354,1.964232,0.066135,45.0,105.0,1.78,1.0,1.4,10.0,0.066354,1.453,2.04,
exp18_sensitivity,ablationsoftmin_only__ballspeed9__noplot__servebox__softminbeta1.0,"{""--ablation"": ""softmin_only"", ""--ball-speed"": 9, ""--no-plot"": null, ""--serve-box"": null, ""--softmin-beta"": 1.0}",166,True,active,0.097022,1.94774,0.089067,35.0,105.0,1.79,0.98,1.8,20.0,0.097022,1.787,1.9,
exp18_sensitivity,ablationsoftmin_only__ballspeed9__noplot__servebox__softminbeta1.0,"{""--ablation"": ""softmin_only"", ""--ball-speed"": 9, ""--no-plot"": null, ""--serve-box"": null, ""--softmin-beta"": 1.0}",164,True,active,0.142038,1.934518,0.135759,30.0,45.0,1.78,1.0,1.6,25.0,0.142038,1.354,2.87,
exp18_sensitivity,ablationsoftmin_only__ballspeed9__noplot__servebox__softminbeta1.0,"{""--ablation"": ""softmin_only"", ""--ball-speed"": 9, ""--no-plot"": null, ""--serve-box"": null, ""--softmin-beta"": 1.0}",168,True,active,0.100721,1.974414,0.099744,0.0,0.0,1.81,0.99,1.8,20.0,0.100721,1.795,2.13,
exp18_sensitivity,ablationsoftmin_only__ballspeed9__noplot__servebox__softminbeta1.0,"{""--ablation"": ""softmin_only"", ""--ball-speed"": 9, ""--no-plot"": null, ""--serve-box"": null, ""--softmin-beta"": 1.0}",177,True,active,0.147457,1.950524,0.144919,30.0,40.0,1.8,0.99,1.8,25.0,0.147457,1.715,1.53,
exp18_sensitivity,ablationsoftmin_only__ballspeed9__noplot__servebox__softminbeta1.0,"{""--ablation"": ""softmin_only"", ""--ball-speed"": 9, ""--no-plot"": null, ""--serve-box"": null, ""--softmin-beta"": 1.0}",175,True,active,0.113288,1.961118,0.105305,40.0,105.0,1.74,1.0,1.5,10.0,0.113288,1.639,1.71,
exp18_sensitivity,ablationsoftmin_only__ballspeed9__noplot__servebox__softminbeta1.0,"{""--ablation"": ""softmin_only"", ""--ball-speed"": 9, ""--no-plot"": null, ""--serve-box"": null, ""--softmin-beta"": 1.0}",169,True,active,0.033174,1.945708,0.028859,40.0,100.0,1.81,1.0,1.6,20.0,0.033174,1.083,2.25,
exp18_sensitivity,ablationsoftmin_only__ballspeed9__noplot__servebox__softminbeta1.0,"{""--ablation"": ""softmin_only"", ""--ball-speed"": 9, ""--no-plot"": null, ""--serve-box"": null, ""--softmin-beta"": 1.0}",176,False,miss,0.246472,1.914914,0.15583,25.0,50.0,1.27,1.0,1.7,0.0,0.246472,0.0,1.81,
exp18_sensitivity,ablationsoftmin_only__ballspeed9__noplot__servebox__softminbeta1.0,"{""--ablation"": ""softmin_only"", ""--ball-speed"": 9, ""--no-plot"": null, ""--serve-box"": null, ""--softmin-beta"": 1.0}",171,True,active,0.09616,1.968611,0.092405,35.0,105.0,1.31,1.0,1.3,5.0,0.09616,0.568,2.22,
exp18_sensitivity,ablationsoftmin_only__ballspeed9__noplot__servebox__softminbeta1.0,"{""--ablation"": ""softmin_only"", ""--ball-speed"": 9, ""--no-plot"": null, ""--serve-box"": null, ""--softmin-beta"": 1.0}",179,True,active,0.072147,1.934868,0.067799,45.0,105.0,1.8,1.0,1.8,15.0,0.072147,1.633,1.74,
exp18_sensitivity,ablationsoftmin_only__ballspeed9__noplot__servebox__softminbeta1.0,"{""--ablation"": ""softmin_only"", ""--ball-speed"": 9, ""--no-plot"": null, ""--serve-box"": null, ""--softmin-beta"": 1.0}",178,True,active,0.096432,1.964488,0.091936,40.0,105.0,1.8,1.0,1.7,20.0,0.096432,1.411,2.04,
exp18_sensitivity,ablationsoftmin_only__ballspeed9__noplot__servebox__softminbeta1.0,"{""--ablation"": ""softmin_only"", ""--ball-speed"": 9, ""--no-plot"": null, ""--serve-box"": null, ""--softmin-beta"": 1.0}",173,True,active,0.127696,1.965437,0.122277,30.0,105.0,1.79,1.0,1.9,20.0,0.127696,1.637,2.54,
exp18_sensitivity,ablationsoftmin_only__ballspeed9__noplot__servebox__softminbeta1.0,"{""--ablation"": ""softmin_only"", ""--ball-speed"": 9, ""--no-plot"": null, ""--serve-box"": null, ""--softmin-beta"": 1.0}",172,True,active,0.091757,2.002134,0.091757,35.0,105.0,1.81,1.0,1.6,20.0,0.091757,1.763,2.76,
exp18_sensitivity,ablationsoftmin_only__ballspeed9__noplot__servebox__softminbeta1.0,"{""--ablation"": ""softmin_only"", ""--ball-speed"": 9, ""--no-plot"": null, ""--serve-box"": null, ""--softmin-beta"": 1.0}",174,True,active,0.113506,1.973197,0.112652,30.0,105.0,1.78,1.0,1.9,20.0,0.113506,1.708,2.62,
exp18_sensitivity,ablationsoftmin_only__ballspeed9__noplot__servebox__softminbeta1.0,"{""--ablation"": ""softmin_only"", ""--ball-speed"": 9, ""--no-plot"": null, ""--serve-box"": null, ""--softmin-beta"": 1.0}",180,True,active,0.120974,2.000151,0.120974,25.0,80.0,1.81,0.96,1.8,25.0,0.120974,1.799,1.89,
exp18_sensitivity,ablationsoftmin_only__ballspeed9__noplot__servebox__softminbeta1.0,"{""--ablation"": ""softmin_only"", ""--ball-speed"": 9, ""--no-plot"": null, ""--serve-box"": null, ""--softmin-beta"": 1.0}",170,True,active,0.074894,1.927376,0.074894,35.0,105.0,1.61,1.0,1.6,15.0,0.074894,1.507,3.1,
exp18_sensitivity,ablationsoftmin_only__ballspeed9__noplot__servebox__softminbeta1.0,"{""--ablation"": ""softmin_only"", ""--ball-speed"": 9, ""--no-plot"": null, ""--serve-box"": null, ""--softmin-beta"": 1.0}",184,True,active,0.076908,1.956978,0.076908,35.0,105.0,1.35,1.0,1.6,15.0,0.076908,1.061,1.69,
exp18_sensitivity,ablationsoftmin_only__ballspeed9__noplot__servebox__softminbeta1.0,"{""--ablation"": ""softmin_only"", ""--ball-speed"": 9, ""--no-plot"": null, ""--serve-box"": null, ""--softmin-beta"": 1.0}",183,True,active,0.048197,1.999028,0.048197,40.0,105.0,1.79,0.99,1.8,15.0,0.048197,1.613,2.01,
exp18_sensitivity,ablationsoftmin_only__ballspeed9__noplot__servebox__softminbeta1.0,"{""--ablation"": ""softmin_only"", ""--ball-speed"": 9, ""--no-plot"": null, ""--serve-box"": null, ""--softmin-beta"": 1.0}",187,True,active,0.097376,1.943765,0.084485,0.0,0.0,1.78,0.99,2.1,20.0,0.097376,1.736,1.55,
exp18_sensitivity,ablationsoftmin_only__ballspeed9__noplot__servebox__softminbeta1.0,"{""--ablation"": ""softmin_only"", ""--ball-speed"": 9, ""--no-plot"": null, ""--serve-box"": null, ""--softmin-beta"": 1.0}",185,True,active,0.059913,2.007979,0.059913,40.0,105.0,1.8,0.99,1.4,20.0,0.059913,1.779,1.8,
exp18_sensitivity,ablationsoftmin_only__ballspeed9__noplot__servebox__softminbeta1.0,"{""--ablation"": ""softmin_only"", ""--ball-speed"": 9, ""--no-plot"": null, ""--serve-box"": null, ""--softmin-beta"": 1.0}",181,True,active,0.051448,2.009069,0.051448,40.0,105.0,1.76,0.99,1.4,15.0,0.051448,1.737,2.78,
exp18_sensitivity,ablationsoftmin_only__ballspeed9__noplot__servebox__softminbeta1.0,"{""--ablation"": ""softmin_only"", ""--ball-speed"": 9, ""--no-plot"": null, ""--serve-box"": null, ""--softmin-beta"": 1.0}",189,True,active,0.132961,1.95439,0.122867,40.0,105.0,1.76,1.0,1.7,10.0,0.132961,1.481,1.7,
exp18_sensitivity,ablationsoftmin_only__ballspeed9__noplot__servebox__softminbeta1.0,"{""--ablation"": ""softmin_only"", ""--ball-speed"": 9, ""--no-plot"": null, ""--serve-box"": null, ""--softmin-beta"": 1.0}",182,True,active,0.052895,1.98636,0.052895,45.0,105.0,1.7,1.0,1.4,15.0,0.052895,1.22,2.93,
exp18_sensitivity,ablationsoftmin_only__ballspeed9__noplot__servebox__softminbeta1.0,"{""--ablation"": ""softmin_only"", ""--ball-speed"": 9, ""--no-plot"": null, ""--serve-box"": null, ""--softmin-beta"": 1.0}",188,True,active,0.098787,1.981196,0.096715,40.0,105.0,1.57,0.99,1.5,15.0,0.098787,1.371,1.82,
exp18_sensitivity,ablationsoftmin_only__ballspeed9__noplot__servebox__softminbeta1.0,"{""--ablation"": ""softmin_only"", ""--ball-speed"": 9, ""--no-plot"": null, ""--serve-box"": null, ""--softmin-beta"": 1.0}",186,True,active,0.103337,1.95262,0.099733,40.0,105.0,1.8,1.0,1.9,15.0,0.103337,1.693,2.28,
exp18_sensitivity,ablationsoftmin_only__ballspeed9__noplot__servebox__softminbeta1.0,"{""--ablation"": ""softmin_only"", ""--ball-speed"": 9, ""--no-plot"": null, ""--serve-box"": null, ""--softmin-beta"": 1.0}",195,True,active,0.100151,1.963285,0.100151,40.0,105.0,1.8,0.99,1.7,15.0,0.100151,1.632,1.51,
exp18_sensitivity,ablationsoftmin_only__ballspeed9__noplot__servebox__softminbeta1.0,"{""--ablation"": ""softmin_only"", ""--ball-speed"": 9, ""--no-plot"": null, ""--serve-box"": null, ""--softmin-beta"": 1.0}",194,True,active,0.102742,1.979828,0.101586,40.0,105.0,1.8,0.99,1.6,20.0,0.102742,1.729,1.73,
exp18_sensitivity,ablationsoftmin_only__ballspeed9__noplot__servebox__softminbeta1.0,"{""--ablation"": ""softmin_only"", ""--ball-speed"": 9, ""--no-plot"": null, ""--serve-box"": null, ""--softmin-beta"": 1.0}",193,True,active,0.124326,1.957626,0.116496,40.0,105.0,1.79,1.0,1.7,15.0,0.124326,1.707,1.81,
exp18_sensitivity,ablationsoftmin_only__ballspeed9__noplot__servebox__softminbeta1.0,"{""--ablation"": ""softmin_only"", ""--ball-speed"": 9, ""--no-plot"": null, ""--serve-box"": null, ""--softmin-beta"": 1.0}",196,False,miss,0.400503,1.960699,0.134607,20.0,75.0,1.79,0.99,1.8,0.0,0.400503,0.0,2.16,
exp18_sensitivity,ablationsoftmin_only__ballspeed9__noplot__servebox__softminbeta1.0,"{""--ablation"": ""softmin_only"", ""--ball-speed"": 9, ""--no-plot"": null, ""--serve-box"": null, ""--softmin-beta"": 1.0}",197,True,active,0.106139,1.985803,0.100872,30.0,105.0,1.81,0.98,1.8,25.0,0.106139,1.442,1.75,
exp18_sensitivity,ablationsoftmin_only__ballspeed9__noplot__servebox__softminbeta1.0,"{""--ablation"": ""softmin_only"", ""--ball-speed"": 9, ""--no-plot"": null, ""--serve-box"": null, ""--softmin-beta"": 1.0}",190,True,active,0.054258,1.987819,0.054258,40.0,105.0,1.81,0.9,1.6,15.0,0.054258,1.779,2.83,
exp18_sensitivity,ablationsoftmin_only__ballspeed9__noplot__servebox__softminbeta1.0,"{""--ablation"": ""softmin_only"", ""--ball-speed"": 9, ""--no-plot"": null, ""--serve-box"": null, ""--softmin-beta"": 1.0}",200,False,miss,0.348108,1.922775,0.143676,0.0,0.0,1.4,1.0,1.6,0.0,0.348108,0.0,1.61,
exp18_sensitivity,ablationsoftmin_only__ballspeed9__noplot__servebox__softminbeta1.0,"{""--ablation"": ""softmin_only"", ""--ball-speed"": 9, ""--no-plot"": null, ""--serve-box"": null, ""--softmin-beta"": 1.0}",191,True,active,0.1093,1.980518,0.103741,35.0,105.0,1.8,0.99,1.9,20.0,0.1093,1.752,2.94,
exp18_sensitivity,ablationsoftmin_only__ballspeed9__noplot__servebox__softminbeta1.0,"{""--ablation"": ""softmin_only"", ""--ball-speed"": 9, ""--no-plot"": null, ""--serve-box"": null, ""--softmin-beta"": 1.0}",198,True,active,0.073183,1.987795,0.073183,35.0,105.0,1.78,0.98,1.6,15.0,0.073183,1.552,1.98,
exp18_sensitivity,ablationsoftmin_only__ballspeed9__noplot__servebox__softminbeta1.0,"{""--ablation"": ""softmin_only"", ""--ball-speed"": 9, ""--no-plot"": null, ""--serve-box"": null, ""--softmin-beta"": 1.0}",192,True,active,0.088946,1.944635,0.082623,40.0,105.0,1.6,1.0,1.5,10.0,0.088946,1.272,3.08,
exp18_sensitivity,ablationfull__ballspeed9__noplot__servebox__softminbeta10.0,"{""--ablation"": ""full"", ""--ball-speed"": 9, ""--no-plot"": null, ""--serve-box"": null, ""--softmin-beta"": 10.0}",5,True,active,0.102937,1.950804,0.069905,0.0,0.0,1.79,0.99,1.5,25.0,0.102937,1.599,1.56,
exp18_sensitivity,ablationsoftmin_only__ballspeed9__noplot__servebox__softminbeta1.0,"{""--ablation"": ""softmin_only"", ""--ball-speed"": 9, ""--no-plot"": null, ""--serve-box"": null, ""--softmin-beta"": 1.0}",199,True,active,0.104184,1.967375,0.089193,35.0,70.0,1.79,0.99,1.7,25.0,0.104184,1.704,2.47,
exp18_sensitivity,ablationfull__ballspeed9__noplot__servebox__softminbeta10.0,"{""--ablation"": ""full"", ""--ball-speed"": 9, ""--no-plot"": null, ""--serve-box"": null, ""--softmin-beta"": 10.0}",6,True,active,0.10185,1.949561,0.095652,35.0,105.0,1.8,0.99,1.6,20.0,0.10185,1.742,1.7,
exp18_sensitivity,ablationfull__ballspeed9__noplot__servebox__softminbeta10.0,"{""--ablation"": ""full"", ""--ball-speed"": 9, ""--no-plot"": null, ""--serve-box"": null, ""--softmin-beta"": 10.0}",8,True,active,0.144057,1.957844,0.122085,35.0,105.0,1.24,1.0,1.6,0.0,0.144057,0.473,1.63,
exp18_sensitivity,ablationfull__ballspeed9__noplot__servebox__softminbeta10.0,"{""--ablation"": ""full"", ""--ball-speed"": 9, ""--no-plot"": null, ""--serve-box"": null, ""--softmin-beta"": 10.0}",2,True,active,0.088158,1.949443,0.071263,40.0,105.0,1.79,1.0,1.8,20.0,0.088158,1.77,2.4,
exp18_sensitivity,ablationfull__ballspeed9__noplot__servebox__softminbeta10.0,"{""--ablation"": ""full"", ""--ball-speed"": 9, ""--no-plot"": null, ""--serve-box"": null, ""--softmin-beta"": 10.0}",20,,,,,,,,,,,,,,0.2,no_result
exp18_sensitivity,ablationfull__ballspeed9__noplot__servebox__softminbeta10.0,"{""--ablation"": ""full"", ""--ball-speed"": 9, ""--no-plot"": null, ""--serve-box"": null, ""--softmin-beta"": 10.0}",7,True,active,0.102696,1.949466,0.098637,35.0,105.0,1.78,0.99,1.7,20.0,0.102696,1.761,2.07,
exp18_sensitivity,ablationfull__ballspeed9__noplot__servebox__softminbeta10.0,"{""--ablation"": ""full"", ""--ball-speed"": 9, ""--no-plot"": null, ""--serve-box"": null, ""--softmin-beta"": 10.0}",10,True,active,0.099045,1.962541,0.096679,40.0,105.0,1.8,1.0,1.6,15.0,0.099045,1.679,1.53,
exp18_sensitivity,ablationfull__ballspeed9__noplot__servebox__softminbeta10.0,"{""--ablation"": ""full"", ""--ball-speed"": 9, ""--no-plot"": null, ""--serve-box"": null, ""--softmin-beta"": 10.0}",21,,,,,,,,,,,,,,0.28,no_result
exp18_sensitivity,ablationfull__ballspeed9__noplot__servebox__softminbeta10.0,"{""--ablation"": ""full"", ""--ball-speed"": 9, ""--no-plot"": null, ""--serve-box"": null, ""--softmin-beta"": 10.0}",9,True,active,0.137241,1.963303,0.132474,30.0,85.0,1.78,0.99,1.8,15.0,0.137241,1.756,1.62,
exp18_sensitivity,ablationfull__ballspeed9__noplot__servebox__softminbeta10.0,"{""--ablation"": ""full"", ""--ball-speed"": 9, ""--no-plot"": null, ""--serve-box"": null, ""--softmin-beta"": 10.0}",1,True,active,0.06683,1.96945,0.06683,40.0,105.0,1.81,1.0,1.4,15.0,0.06683,1.633,3.06,
exp18_sensitivity,ablationfull__ballspeed9__noplot__servebox__softminbeta10.0,"{""--ablation"": ""full"", ""--ball-speed"": 9, ""--no-plot"": null, ""--serve-box"": null, ""--softmin-beta"": 10.0}",4,True,active,0.124027,1.955262,0.109907,40.0,105.0,1.8,0.99,1.7,20.0,0.124027,1.699,2.99,
exp18_sensitivity,ablationfull__ballspeed9__noplot__servebox__softminbeta10.0,"{""--ablation"": ""full"", ""--ball-speed"": 9, ""--no-plot"": null, ""--serve-box"": null, ""--softmin-beta"": 10.0}",12,True,active,0.07331,1.951965,0.07331,40.0,105.0,1.8,0.99,1.8,20.0,0.07331,1.781,1.67,
exp18_sensitivity,ablationfull__ballspeed9__noplot__servebox__softminbeta10.0,"{""--ablation"": ""full"", ""--ball-speed"": 9, ""--no-plot"": null, ""--serve-box"": null, ""--softmin-beta"": 10.0}",3,True,active,0.136368,1.915636,0.123043,35.0,100.0,1.75,1.0,1.7,25.0,0.136368,1.543,3.08,
exp18_sensitivity,ablationfull__ballspeed9__noplot__servebox__softminbeta10.0,"{""--ablation"": ""full"", ""--ball-speed"": 9, ""--no-plot"": null, ""--serve-box"": null, ""--softmin-beta"": 10.0}",17,True,active,0.084584,1.933898,0.081287,45.0,105.0,1.4,1.0,1.3,5.0,0.084584,0.55,1.63,
exp18_sensitivity,ablationfull__ballspeed9__noplot__servebox__softminbeta10.0,"{""--ablation"": ""full"", ""--ball-speed"": 9, ""--no-plot"": null, ""--serve-box"": null, ""--softmin-beta"": 10.0}",15,True,active,0.108297,1.950195,0.10011,0.0,0.0,1.77,0.98,2.1,15.0,0.108297,1.775,1.91,
exp18_sensitivity,ablationfull__ballspeed9__noplot__servebox__softminbeta10.0,"{""--ablation"": ""full"", ""--ball-speed"": 9, ""--no-plot"": null, ""--serve-box"": null, ""--softmin-beta"": 10.0}",18,True,active,0.114785,1.992625,0.114785,30.0,105.0,1.81,0.99,1.9,20.0,0.114785,1.653,1.66,
exp18_sensitivity,ablationfull__ballspeed9__noplot__servebox__softminbeta10.0,"{""--ablation"": ""full"", ""--ball-speed"": 9, ""--no-plot"": null, ""--serve-box"": null, ""--softmin-beta"": 10.0}",19,True,active,0.113456,1.937541,0.099306,0.0,0.0,1.78,0.99,2.0,25.0,0.113456,1.64,1.49,
exp18_sensitivity,ablationfull__ballspeed9__noplot__servebox__softminbeta10.0,"{""--ablation"": ""full"", ""--ball-speed"": 9, ""--no-plot"": null, ""--serve-box"": null, ""--softmin-beta"": 10.0}",16,True,active,0.065424,1.976198,0.058809,5.0,45.0,1.63,1.0,1.6,15.0,0.065424,1.347,2.14,
exp18_sensitivity,ablationfull__ballspeed9__noplot__servebox__softminbeta10.0,"{""--ablation"": ""full"", ""--ball-speed"": 9, ""--no-plot"": null, ""--serve-box"": null, ""--softmin-beta"": 10.0}",22,True,active,0.103366,1.918018,0.064212,0.0,0.0,1.8,1.0,1.8,25.0,0.103366,1.782,1.58,
exp18_sensitivity,ablationfull__ballspeed9__noplot__servebox__softminbeta10.0,"{""--ablation"": ""full"", ""--ball-speed"": 9, ""--no-plot"": null, ""--serve-box"": null, ""--softmin-beta"": 10.0}",24,False,miss,0.31935,1.934235,0.130031,0.0,15.0,1.76,1.0,1.7,0.0,0.31935,0.0,1.47,
exp18_sensitivity,ablationfull__ballspeed9__noplot__servebox__softminbeta10.0,"{""--ablation"": ""full"", ""--ball-speed"": 9, ""--no-plot"": null, ""--serve-box"": null, ""--softmin-beta"": 10.0}",14,True,active,0.085757,1.98576,0.085757,40.0,105.0,1.79,1.0,1.4,15.0,0.085757,1.757,2.87,
exp18_sensitivity,ablationfull__ballspeed9__noplot__servebox__softminbeta10.0,"{""--ablation"": ""full"", ""--ball-speed"": 9, ""--no-plot"": null, ""--serve-box"": null, ""--softmin-beta"": 10.0}",11,True,active,0.106181,1.903871,0.101442,40.0,105.0,1.61,0.99,1.4,10.0,0.106181,0.726,3.06,
exp18_sensitivity,ablationfull__ballspeed9__noplot__servebox__softminbeta10.0,"{""--ablation"": ""full"", ""--ball-speed"": 9, ""--no-plot"": null, ""--serve-box"": null, ""--softmin-beta"": 10.0}",26,True,active,0.093695,1.948249,0.093695,40.0,105.0,1.8,1.0,1.6,20.0,0.093695,1.532,1.55,
exp18_sensitivity,ablationfull__ballspeed9__noplot__servebox__softminbeta10.0,"{""--ablation"": ""full"", ""--ball-speed"": 9, ""--no-plot"": null, ""--serve-box"": null, ""--softmin-beta"": 10.0}",13,True,active,0.14318,1.916528,0.140801,35.0,75.0,1.14,1.0,1.4,5.0,0.14318,0.746,3.16,
exp18_sensitivity,ablationfull__ballspeed9__noplot__servebox__softminbeta10.0,"{""--ablation"": ""full"", ""--ball-speed"": 9, ""--no-plot"": null, ""--serve-box"": null, ""--softmin-beta"": 10.0}",27,True,active,0.034755,1.914821,0.034755,40.0,105.0,1.48,1.0,1.7,10.0,0.034755,0.754,1.78,
exp18_sensitivity,ablationfull__ballspeed9__noplot__servebox__softminbeta10.0,"{""--ablation"": ""full"", ""--ball-speed"": 9, ""--no-plot"": null, ""--serve-box"": null, ""--softmin-beta"": 10.0}",29,True,active,0.106476,1.908638,0.103461,35.0,105.0,0.99,1.0,1.2,5.0,0.106476,0.363,1.91,
exp18_sensitivity,ablationfull__ballspeed9__noplot__servebox__softminbeta10.0,"{""--ablation"": ""full"", ""--ball-speed"": 9, ""--no-plot"": null, ""--serve-box"": null, ""--softmin-beta"": 10.0}",25,False,miss,0.310899,1.935819,0.218241,0.0,0.0,1.1,1.0,1.4,0.0,0.310899,0.0,2.17,
exp18_sensitivity,ablationfull__ballspeed9__noplot__servebox__softminbeta10.0,"{""--ablation"": ""full"", ""--ball-speed"": 9, ""--no-plot"": null, ""--serve-box"": null, ""--softmin-beta"": 10.0}",30,True,active,0.071285,1.94592,0.051287,0.0,0.0,1.79,0.98,1.7,20.0,0.071285,1.784,1.49,
exp18_sensitivity,ablationfull__ballspeed9__noplot__servebox__softminbeta10.0,"{""--ablation"": ""full"", ""--ball-speed"": 9, ""--no-plot"": null, ""--serve-box"": null, ""--softmin-beta"": 10.0}",33,True,active,0.110297,1.972966,0.110297,35.0,105.0,1.79,0.98,2.0,15.0,0.110297,1.783,1.39,
exp18_sensitivity,ablationfull__ballspeed9__noplot__servebox__softminbeta10.0,"{""--ablation"": ""full"", ""--ball-speed"": 9, ""--no-plot"": null, ""--serve-box"": null, ""--softmin-beta"": 10.0}",32,True,active,0.102337,1.943804,0.089879,45.0,105.0,1.74,1.0,1.7,15.0,0.102337,1.74,1.42,
exp18_sensitivity,ablationfull__ballspeed9__noplot__servebox__softminbeta10.0,"{""--ablation"": ""full"", ""--ball-speed"": 9, ""--no-plot"": null, ""--serve-box"": null, ""--softmin-beta"": 10.0}",31,False,miss,0.355262,1.968782,0.153561,25.0,0.0,1.5,0.99,1.4,0.0,0.355262,0.0,2.01,
exp18_sensitivity,ablationfull__ballspeed9__noplot__servebox__softminbeta10.0,"{""--ablation"": ""full"", ""--ball-speed"": 9, ""--no-plot"": null, ""--serve-box"": null, ""--softmin-beta"": 10.0}",23,True,active,0.105769,1.94775,0.105769,35.0,105.0,1.78,0.99,1.9,15.0,0.105769,1.696,2.96,
exp18_sensitivity,ablationfull__ballspeed9__noplot__servebox__softminbeta10.0,"{""--ablation"": ""full"", ""--ball-speed"": 9, ""--no-plot"": null, ""--serve-box"": null, ""--softmin-beta"": 10.0}",36,True,active,0.115858,1.931859,0.113812,35.0,105.0,1.79,1.0,1.8,10.0,0.115858,1.403,1.48,
exp18_sensitivity,ablationfull__ballspeed9__noplot__servebox__softminbeta10.0,"{""--ablation"": ""full"", ""--ball-speed"": 9, ""--no-plot"": null, ""--serve-box"": null, ""--softmin-beta"": 10.0}",34,True,active,0.09099,1.983368,0.09099,30.0,105.0,1.81,1.0,1.7,20.0,0.09099,1.661,1.81,
exp18_sensitivity,ablationfull__ballspeed9__noplot__servebox__softminbeta10.0,"{""--ablation"": ""full"", ""--ball-speed"": 9, ""--no-plot"": null, ""--serve-box"": null, ""--softmin-beta"": 10.0}",37,True,active,0.139208,1.965344,0.125336,35.0,65.0,1.65,1.0,1.7,20.0,0.139208,1.298,1.46,
exp18_sensitivity,ablationfull__ballspeed9__noplot__servebox__softminbeta10.0,"{""--ablation"": ""full"", ""--ball-speed"": 9, ""--no-plot"": null, ""--serve-box"": null, ""--softmin-beta"": 10.0}",28,True,active,0.101675,1.934764,0.08609,0.0,0.0,1.79,0.98,1.6,20.0,0.101675,1.745,3.04,
exp18_sensitivity,ablationfull__ballspeed9__noplot__servebox__softminbeta10.0,"{""--ablation"": ""full"", ""--ball-speed"": 9, ""--no-plot"": null, ""--serve-box"": null, ""--softmin-beta"": 10.0}",40,True,active,0.073123,1.977508,0.073123,40.0,105.0,1.81,0.98,1.7,15.0,0.073123,1.732,1.5,
exp18_sensitivity,ablationfull__ballspeed9__noplot__servebox__softminbeta10.0,"{""--ablation"": ""full"", ""--ball-speed"": 9, ""--no-plot"": null, ""--serve-box"": null, ""--softmin-beta"": 10.0}",45,True,active,0.109191,1.972798,0.108133,35.0,105.0,1.81,1.0,1.8,20.0,0.109191,1.799,1.41,
exp18_sensitivity,ablationfull__ballspeed9__noplot__servebox__softminbeta10.0,"{""--ablation"": ""full"", ""--ball-speed"": 9, ""--no-plot"": null, ""--serve-box"": null, ""--softmin-beta"": 10.0}",41,True,active,0.056183,1.997129,0.034753,40.0,105.0,1.8,1.0,2.1,5.0,0.056183,1.348,1.97,
exp18_sensitivity,ablationfull__ballspeed9__noplot__servebox__softminbeta10.0,"{""--ablation"": ""full"", ""--ball-speed"": 9, ""--no-plot"": null, ""--serve-box"": null, ""--softmin-beta"": 10.0}",46,True,active,0.108514,1.968237,0.104571,35.0,105.0,1.34,0.99,1.4,10.0,0.108514,1.098,1.86,
exp18_sensitivity,ablationfull__ballspeed9__noplot__servebox__softminbeta10.0,"{""--ablation"": ""full"", ""--ball-speed"": 9, ""--no-plot"": null, ""--serve-box"": null, ""--softmin-beta"": 10.0}",47,True,active,0.064985,1.887022,0.064985,50.0,105.0,1.52,0.98,1.6,10.0,0.064985,1.116,1.48,
exp18_sensitivity,ablationfull__ballspeed9__noplot__servebox__softminbeta10.0,"{""--ablation"": ""full"", ""--ball-speed"": 9, ""--no-plot"": null, ""--serve-box"": null, ""--softmin-beta"": 10.0}",43,True,active,0.115634,1.944807,0.113098,35.0,105.0,1.8,1.0,1.8,25.0,0.115634,1.395,2.16,
exp18_sensitivity,ablationfull__ballspeed9__noplot__servebox__softminbeta10.0,"{""--ablation"": ""full"", ""--ball-speed"": 9, ""--no-plot"": null, ""--serve-box"": null, ""--softmin-beta"": 10.0}",44,True,active,0.129569,1.964779,0.121277,40.0,105.0,1.83,1.0,2.2,20.0,0.129569,1.757,2.14,
exp18_sensitivity,ablationfull__ballspeed9__noplot__servebox__softminbeta10.0,"{""--ablation"": ""full"", ""--ball-speed"": 9, ""--no-plot"": null, ""--serve-box"": null, ""--softmin-beta"": 10.0}",49,True,active,0.09145,1.949414,0.084788,45.0,105.0,1.78,0.99,1.9,20.0,0.09145,1.743,1.52,
exp18_sensitivity,ablationfull__ballspeed9__noplot__servebox__softminbeta10.0,"{""--ablation"": ""full"", ""--ball-speed"": 9, ""--no-plot"": null, ""--serve-box"": null, ""--softmin-beta"": 10.0}",35,True,active,0.113404,1.959309,0.104396,40.0,105.0,1.79,0.99,1.7,20.0,0.113404,1.656,3.05,
exp18_sensitivity,ablationfull__ballspeed9__noplot__servebox__softminbeta10.0,"{""--ablation"": ""full"", ""--ball-speed"": 9, ""--no-plot"": null, ""--serve-box"": null, ""--softmin-beta"": 10.0}",51,True,active,0.11297,1.953827,0.099565,40.0,105.0,1.68,1.0,1.8,15.0,0.11297,1.562,1.53,
exp18_sensitivity,ablationfull__ballspeed9__noplot__servebox__softminbeta10.0,"{""--ablation"": ""full"", ""--ball-speed"": 9, ""--no-plot"": null, ""--serve-box"": null, ""--softmin-beta"": 10.0}",39,True,active,0.091562,1.913835,0.091562,40.0,105.0,1.8,0.99,2.0,10.0,0.091562,1.773,2.95,
exp18_sensitivity,ablationfull__ballspeed9__noplot__servebox__softminbeta10.0,"{""--ablation"": ""full"", ""--ball-speed"": 9, ""--no-plot"": null, ""--serve-box"": null, ""--softmin-beta"": 10.0}",50,True,active,0.112881,1.922109,0.10606,30.0,85.0,1.81,1.0,2.0,20.0,0.112881,1.724,1.63,
exp18_sensitivity,ablationfull__ballspeed9__noplot__servebox__softminbeta10.0,"{""--ablation"": ""full"", ""--ball-speed"": 9, ""--no-plot"": null, ""--serve-box"": null, ""--softmin-beta"": 10.0}",38,True,active,0.089332,1.985166,0.089332,30.0,105.0,1.81,1.0,1.7,20.0,0.089332,1.451,3.07,
exp18_sensitivity,ablationfull__ballspeed9__noplot__servebox__softminbeta10.0,"{""--ablation"": ""full"", ""--ball-speed"": 9, ""--no-plot"": null, ""--serve-box"": null, ""--softmin-beta"": 10.0}",52,True,active,0.083163,1.959336,0.078353,35.0,105.0,1.8,0.99,1.5,20.0,0.083163,1.744,1.54,
exp18_sensitivity,ablationfull__ballspeed9__noplot__servebox__softminbeta10.0,"{""--ablation"": ""full"", ""--ball-speed"": 9, ""--no-plot"": null, ""--serve-box"": null, ""--softmin-beta"": 10.0}",42,True,active,0.094913,1.966658,0.094913,35.0,105.0,1.81,1.0,1.7,20.0,0.094913,1.537,2.73,
exp18_sensitivity,ablationfull__ballspeed9__noplot__servebox__softminbeta10.0,"{""--ablation"": ""full"", ""--ball-speed"": 9, ""--no-plot"": null, ""--serve-box"": null, ""--softmin-beta"": 10.0}",53,True,active,0.043132,1.938156,0.043132,40.0,105.0,1.41,1.0,1.5,10.0,0.043132,0.468,1.88,
exp18_sensitivity,ablationfull__ballspeed9__noplot__servebox__softminbeta10.0,"{""--ablation"": ""full"", ""--ball-speed"": 9, ""--no-plot"": null, ""--serve-box"": null, ""--softmin-beta"": 10.0}",56,False,miss,0.368244,1.958887,0.147452,0.0,0.0,1.79,1.0,2.0,0.0,0.368244,0.0,1.44,
exp18_sensitivity,ablationfull__ballspeed9__noplot__servebox__softminbeta10.0,"{""--ablation"": ""full"", ""--ball-speed"": 9, ""--no-plot"": null, ""--serve-box"": null, ""--softmin-beta"": 10.0}",48,True,active,0.105054,1.942428,0.099425,35.0,105.0,1.79,1.0,1.7,20.0,0.105054,1.749,2.9,
exp18_sensitivity,ablationfull__ballspeed9__noplot__servebox__softminbeta10.0,"{""--ablation"": ""full"", ""--ball-speed"": 9, ""--no-plot"": null, ""--serve-box"": null, ""--softmin-beta"": 10.0}",57,True,active,0.097783,1.972986,0.092844,0.0,0.0,1.8,0.93,2.0,20.0,0.097783,1.789,1.49,
exp18_sensitivity,ablationfull__ballspeed9__noplot__servebox__softminbeta10.0,"{""--ablation"": ""full"", ""--ball-speed"": 9, ""--no-plot"": null, ""--serve-box"": null, ""--softmin-beta"": 10.0}",58,True,active,0.077257,1.896827,0.07613,45.0,105.0,1.4,1.0,1.8,15.0,0.077257,1.252,1.53,
exp18_sensitivity,ablationfull__ballspeed9__noplot__servebox__softminbeta10.0,"{""--ablation"": ""full"", ""--ball-speed"": 9, ""--no-plot"": null, ""--serve-box"": null, ""--softmin-beta"": 10.0}",60,True,active,0.127876,1.958514,0.126692,35.0,105.0,1.8,1.0,1.9,20.0,0.127876,1.571,1.54,
exp18_sensitivity,ablationfull__ballspeed9__noplot__servebox__softminbeta10.0,"{""--ablation"": ""full"", ""--ball-speed"": 9, ""--no-plot"": null, ""--serve-box"": null, ""--softmin-beta"": 10.0}",62,True,active,0.095273,1.973723,0.092454,35.0,105.0,1.8,0.99,1.8,20.0,0.095273,1.673,1.5,
exp18_sensitivity,ablationfull__ballspeed9__noplot__servebox__softminbeta10.0,"{""--ablation"": ""full"", ""--ball-speed"": 9, ""--no-plot"": null, ""--serve-box"": null, ""--softmin-beta"": 10.0}",59,True,active,0.096793,1.96297,0.089672,35.0,85.0,1.79,1.0,1.8,25.0,0.096793,1.79,1.68,
exp18_sensitivity,ablationfull__ballspeed9__noplot__servebox__softminbeta10.0,"{""--ablation"": ""full"", ""--ball-speed"": 9, ""--no-plot"": null, ""--serve-box"": null, ""--softmin-beta"": 10.0}",65,True,active,0.09285,1.993612,0.09285,30.0,105.0,1.82,1.0,1.8,20.0,0.09285,1.775,1.52,
exp18_sensitivity,ablationfull__ballspeed9__noplot__servebox__softminbeta10.0,"{""--ablation"": ""full"", ""--ball-speed"": 9, ""--no-plot"": null, ""--serve-box"": null, ""--softmin-beta"": 10.0}",66,True,active,0.12469,1.952175,0.112218,40.0,100.0,1.8,1.0,1.8,20.0,0.12469,1.52,1.49,
exp18_sensitivity,ablationfull__ballspeed9__noplot__servebox__softminbeta10.0,"{""--ablation"": ""full"", ""--ball-speed"": 9, ""--no-plot"": null, ""--serve-box"": null, ""--softmin-beta"": 10.0}",54,True,active,0.026586,2.002054,0.026586,0.0,40.0,1.83,0.99,1.8,25.0,0.026586,1.798,2.53,
exp18_sensitivity,ablationfull__ballspeed9__noplot__servebox__softminbeta10.0,"{""--ablation"": ""full"", ""--ball-speed"": 9, ""--no-plot"": null, ""--serve-box"": null, ""--softmin-beta"": 10.0}",55,True,active,0.088314,1.991799,0.08214,40.0,105.0,1.8,0.96,1.9,20.0,0.088314,1.797,2.68,
exp18_sensitivity,ablationfull__ballspeed9__noplot__servebox__softminbeta10.0,"{""--ablation"": ""full"", ""--ball-speed"": 9, ""--no-plot"": null, ""--serve-box"": null, ""--softmin-beta"": 10.0}",61,True,active,0.11432,1.984064,0.11432,30.0,105.0,1.81,1.0,1.6,20.0,0.11432,1.692,2.25,
exp18_sensitivity,ablationfull__ballspeed9__noplot__servebox__softminbeta10.0,"{""--ablation"": ""full"", ""--ball-speed"": 9, ""--no-plot"": null, ""--serve-box"": null, ""--softmin-beta"": 10.0}",69,True,active,0.113766,1.943674,0.111138,35.0,105.0,1.77,1.0,1.9,20.0,0.113766,1.556,1.44,
exp18_sensitivity,ablationfull__ballspeed9__noplot__servebox__softminbeta10.0,"{""--ablation"": ""full"", ""--ball-speed"": 9, ""--no-plot"": null, ""--serve-box"": null, ""--softmin-beta"": 10.0}",70,True,active,0.082878,1.983895,0.082878,40.0,105.0,1.79,1.0,1.7,20.0,0.082878,1.761,1.47,
exp18_sensitivity,ablationfull__ballspeed9__noplot__servebox__softminbeta10.0,"{""--ablation"": ""full"", ""--ball-speed"": 9, ""--no-plot"": null, ""--serve-box"": null, ""--softmin-beta"": 10.0}",71,True,active,0.126619,1.976014,0.126619,20.0,80.0,1.78,1.0,1.9,25.0,0.126619,1.555,1.57,
exp18_sensitivity,ablationfull__ballspeed9__noplot__servebox__softminbeta10.0,"{""--ablation"": ""full"", ""--ball-speed"": 9, ""--no-plot"": null, ""--serve-box"": null, ""--softmin-beta"": 10.0}",73,True,active,0.140894,1.988814,0.136055,35.0,105.0,1.73,0.99,1.5,20.0,0.140894,1.456,1.49,
exp18_sensitivity,ablationfull__ballspeed9__noplot__servebox__softminbeta10.0,"{""--ablation"": ""full"", ""--ball-speed"": 9, ""--no-plot"": null, ""--serve-box"": null, ""--softmin-beta"": 10.0}",64,True,active,0.128047,1.958688,0.118032,35.0,105.0,1.81,0.99,1.6,20.0,0.128047,1.688,3.02,
exp18_sensitivity,ablationfull__ballspeed9__noplot__servebox__softminbeta10.0,"{""--ablation"": ""full"", ""--ball-speed"": 9, ""--no-plot"": null, ""--serve-box"": null, ""--softmin-beta"": 10.0}",75,True,active,0.127343,1.946594,0.126061,35.0,105.0,1.3,0.99,1.5,5.0,0.127343,0.788,1.5,
exp18_sensitivity,ablationfull__ballspeed9__noplot__servebox__softminbeta10.0,"{""--ablation"": ""full"", ""--ball-speed"": 9, ""--no-plot"": null, ""--serve-box"": null, ""--softmin-beta"": 10.0}",76,True,active,0.08453,1.911601,0.079262,0.0,0.0,1.68,0.99,1.8,15.0,0.08453,1.582,1.53,
exp18_sensitivity,ablationfull__ballspeed9__noplot__servebox__softminbeta10.0,"{""--ablation"": ""full"", ""--ball-speed"": 9, ""--no-plot"": null, ""--serve-box"": null, ""--softmin-beta"": 10.0}",63,True,active,0.072823,1.982572,0.072823,40.0,105.0,1.81,1.0,1.5,20.0,0.072823,1.57,3.12,
exp18_sensitivity,ablationfull__ballspeed9__noplot__servebox__softminbeta10.0,"{""--ablation"": ""full"", ""--ball-speed"": 9, ""--no-plot"": null, ""--serve-box"": null, ""--softmin-beta"": 10.0}",67,True,active,0.073771,1.954488,0.073771,35.0,105.0,1.78,0.99,1.8,15.0,0.073771,1.568,2.98,
exp18_sensitivity,ablationfull__ballspeed9__noplot__servebox__softminbeta10.0,"{""--ablation"": ""full"", ""--ball-speed"": 9, ""--no-plot"": null, ""--serve-box"": null, ""--softmin-beta"": 10.0}",78,True,active,0.087027,1.939952,0.083845,35.0,105.0,1.8,0.99,1.8,20.0,0.087027,1.635,1.61,
exp18_sensitivity,ablationfull__ballspeed9__noplot__servebox__softminbeta10.0,"{""--ablation"": ""full"", ""--ball-speed"": 9, ""--no-plot"": null, ""--serve-box"": null, ""--softmin-beta"": 10.0}",68,True,active,0.071334,1.922423,0.064738,45.0,105.0,1.62,1.0,1.1,5.0,0.071334,1.194,2.81,
exp18_sensitivity,ablationfull__ballspeed9__noplot__servebox__softminbeta10.0,"{""--ablation"": ""full"", ""--ball-speed"": 9, ""--no-plot"": null, ""--serve-box"": null, ""--softmin-beta"": 10.0}",79,True,active,0.109761,1.943228,0.0789,25.0,60.0,1.79,0.99,1.6,20.0,0.109761,1.751,1.55,
exp18_sensitivity,ablationfull__ballspeed9__noplot__servebox__softminbeta10.0,"{""--ablation"": ""full"", ""--ball-speed"": 9, ""--no-plot"": null, ""--serve-box"": null, ""--softmin-beta"": 10.0}",80,True,active,0.030953,1.933759,0.030953,50.0,105.0,1.81,1.0,1.5,10.0,0.030953,0.789,1.5,
exp18_sensitivity,ablationfull__ballspeed9__noplot__servebox__softminbeta10.0,"{""--ablation"": ""full"", ""--ball-speed"": 9, ""--no-plot"": null, ""--serve-box"": null, ""--softmin-beta"": 10.0}",72,True,active,0.074501,1.984458,0.074501,40.0,105.0,1.79,0.99,1.8,15.0,0.074501,1.748,2.76,
exp18_sensitivity,ablationfull__ballspeed9__noplot__servebox__softminbeta10.0,"{""--ablation"": ""full"", ""--ball-speed"": 9, ""--no-plot"": null, ""--serve-box"": null, ""--softmin-beta"": 10.0}",74,True,active,0.102081,1.949043,0.092376,40.0,105.0,1.8,0.99,1.8,20.0,0.102081,1.612,2.68,
exp18_sensitivity,ablationfull__ballspeed9__noplot__servebox__softminbeta10.0,"{""--ablation"": ""full"", ""--ball-speed"": 9, ""--no-plot"": null, ""--serve-box"": null, ""--softmin-beta"": 10.0}",82,True,active,0.105299,1.941445,0.101384,40.0,105.0,1.8,0.99,1.7,15.0,0.105299,1.794,1.62,
exp18_sensitivity,ablationfull__ballspeed9__noplot__servebox__softminbeta10.0,"{""--ablation"": ""full"", ""--ball-speed"": 9, ""--no-plot"": null, ""--serve-box"": null, ""--softmin-beta"": 10.0}",83,True,active,0.106131,1.987813,0.106131,40.0,105.0,1.59,1.0,1.5,15.0,0.106131,1.425,1.54,
exp18_sensitivity,ablationfull__ballspeed9__noplot__servebox__softminbeta10.0,"{""--ablation"": ""full"", ""--ball-speed"": 9, ""--no-plot"": null, ""--serve-box"": null, ""--softmin-beta"": 10.0}",84,True,active,0.076666,1.95954,0.070048,40.0,105.0,1.8,1.0,1.8,20.0,0.076666,1.718,1.56,
exp18_sensitivity,ablationfull__ballspeed9__noplot__servebox__softminbeta10.0,"{""--ablation"": ""full"", ""--ball-speed"": 9, ""--no-plot"": null, ""--serve-box"": null, ""--softmin-beta"": 10.0}",86,True,active,0.084805,1.952287,0.084805,40.0,105.0,1.78,1.0,1.8,15.0,0.084805,1.657,1.45,
exp18_sensitivity,ablationfull__ballspeed9__noplot__servebox__softminbeta10.0,"{""--ablation"": ""full"", ""--ball-speed"": 9, ""--no-plot"": null, ""--serve-box"": null, ""--softmin-beta"": 10.0}",85,True,active,0.076236,1.966502,0.07422,40.0,105.0,1.8,0.99,1.6,10.0,0.076236,1.656,1.51,
exp18_sensitivity,ablationfull__ballspeed9__noplot__servebox__softminbeta10.0,"{""--ablation"": ""full"", ""--ball-speed"": 9, ""--no-plot"": null, ""--serve-box"": null, ""--softmin-beta"": 10.0}",77,True,active,0.09224,1.91121,0.082952,40.0,105.0,1.48,1.0,1.4,15.0,0.09224,1.407,3.09,
exp18_sensitivity,ablationfull__ballspeed9__noplot__servebox__softminbeta10.0,"{""--ablation"": ""full"", ""--ball-speed"": 9, ""--no-plot"": null, ""--serve-box"": null, ""--softmin-beta"": 10.0}",90,True,active,0.0873,1.974535,0.085874,40.0,105.0,1.81,0.96,2.1,15.0,0.0873,1.806,1.48,
exp18_sensitivity,ablationfull__ballspeed9__noplot__servebox__softminbeta10.0,"{""--ablation"": ""full"", ""--ball-speed"": 9, ""--no-plot"": null, ""--serve-box"": null, ""--softmin-beta"": 10.0}",81,True,active,0.071026,1.982943,0.071026,35.0,105.0,1.79,1.0,1.8,20.0,0.071026,1.411,2.61,
exp18_sensitivity,ablationfull__ballspeed9__noplot__servebox__softminbeta10.0,"{""--ablation"": ""full"", ""--ball-speed"": 9, ""--no-plot"": null, ""--serve-box"": null, ""--softmin-beta"": 10.0}",91,True,active,0.006857,1.964639,0.006857,55.0,105.0,1.6,1.0,1.5,5.0,0.006857,0.674,1.82,
exp18_sensitivity,ablationfull__ballspeed9__noplot__servebox__softminbeta10.0,"{""--ablation"": ""full"", ""--ball-speed"": 9, ""--no-plot"": null, ""--serve-box"": null, ""--softmin-beta"": 10.0}",92,True,active,0.106311,1.956969,0.087031,40.0,105.0,1.79,1.0,1.9,30.0,0.106311,1.716,1.72,
exp18_sensitivity,ablationfull__ballspeed9__noplot__servebox__softminbeta10.0,"{""--ablation"": ""full"", ""--ball-speed"": 9, ""--no-plot"": null, ""--serve-box"": null, ""--softmin-beta"": 10.0}",94,True,active,0.094843,1.978892,0.094843,35.0,105.0,1.8,0.97,1.8,20.0,0.094843,1.744,1.53,
exp18_sensitivity,ablationfull__ballspeed9__noplot__servebox__softminbeta10.0,"{""--ablation"": ""full"", ""--ball-speed"": 9, ""--no-plot"": null, ""--serve-box"": null, ""--softmin-beta"": 10.0}",96,True,active,0.08301,1.980193,0.077034,35.0,105.0,1.81,0.94,1.8,20.0,0.08301,1.739,1.39,
exp18_sensitivity,ablationfull__ballspeed9__noplot__servebox__softminbeta10.0,"{""--ablation"": ""full"", ""--ball-speed"": 9, ""--no-plot"": null, ""--serve-box"": null, ""--softmin-beta"": 10.0}",95,True,active,0.100278,1.93337,0.08638,40.0,105.0,1.76,0.99,1.8,25.0,0.100278,1.546,1.59,
exp18_sensitivity,ablationfull__ballspeed9__noplot__servebox__softminbeta10.0,"{""--ablation"": ""full"", ""--ball-speed"": 9, ""--no-plot"": null, ""--serve-box"": null, ""--softmin-beta"": 10.0}",97,True,active,0.131887,1.974842,0.122391,30.0,85.0,1.79,1.0,1.9,20.0,0.131887,1.681,1.64,
exp18_sensitivity,ablationfull__ballspeed9__noplot__servebox__softminbeta10.0,"{""--ablation"": ""full"", ""--ball-speed"": 9, ""--no-plot"": null, ""--serve-box"": null, ""--softmin-beta"": 10.0}",100,True,active,0.081024,1.985073,0.0764,40.0,105.0,1.8,0.98,1.8,20.0,0.081024,1.777,1.55,
exp18_sensitivity,ablationfull__ballspeed9__noplot__servebox__softminbeta10.0,"{""--ablation"": ""full"", ""--ball-speed"": 9, ""--no-plot"": null, ""--serve-box"": null, ""--softmin-beta"": 10.0}",87,True,active,0.132262,1.950591,0.121873,35.0,100.0,1.78,0.99,1.9,20.0,0.132262,1.465,3.01,
exp18_sensitivity,ablationfull__ballspeed9__noplot__servebox__softminbeta10.0,"{""--ablation"": ""full"", ""--ball-speed"": 9, ""--no-plot"": null, ""--serve-box"": null, ""--softmin-beta"": 10.0}",88,True,active,0.101658,1.967028,0.101658,35.0,105.0,1.8,0.99,2.0,20.0,0.101658,1.669,3.1,
exp18_sensitivity,ablationfull__ballspeed9__noplot__servebox__softminbeta10.0,"{""--ablation"": ""full"", ""--ball-speed"": 9, ""--no-plot"": null, ""--serve-box"": null, ""--softmin-beta"": 10.0}",89,True,active,0.079684,1.937969,0.079684,40.0,105.0,1.79,0.97,1.8,15.0,0.079684,1.784,2.92,
exp18_sensitivity,ablationfull__ballspeed9__noplot__servebox__softminbeta10.0,"{""--ablation"": ""full"", ""--ball-speed"": 9, ""--no-plot"": null, ""--serve-box"": null, ""--softmin-beta"": 10.0}",93,True,active,0.095905,1.937913,0.085581,45.0,105.0,1.79,0.99,2.1,15.0,0.095905,1.731,2.7,
exp18_sensitivity,ablationfull__ballspeed9__noplot__servebox__softminbeta10.0,"{""--ablation"": ""full"", ""--ball-speed"": 9, ""--no-plot"": null, ""--serve-box"": null, ""--softmin-beta"": 10.0}",98,True,active,0.08569,1.932214,0.056172,0.0,0.0,1.79,0.99,1.4,20.0,0.08569,1.706,2.01,
exp18_sensitivity,ablationfull__ballspeed9__noplot__servebox__softminbeta10.0,"{""--ablation"": ""full"", ""--ball-speed"": 9, ""--no-plot"": null, ""--serve-box"": null, ""--softmin-beta"": 10.0}",102,True,active,0.066594,1.983767,0.066291,45.0,105.0,1.8,0.99,1.6,15.0,0.066594,1.721,1.81,
exp18_sensitivity,ablationfull__ballspeed9__noplot__servebox__softminbeta10.0,"{""--ablation"": ""full"", ""--ball-speed"": 9, ""--no-plot"": null, ""--serve-box"": null, ""--softmin-beta"": 10.0}",103,True,active,0.121853,1.958278,0.108106,40.0,105.0,1.79,1.0,1.7,20.0,0.121853,1.567,1.5,
exp18_sensitivity,ablationfull__ballspeed9__noplot__servebox__softminbeta10.0,"{""--ablation"": ""full"", ""--ball-speed"": 9, ""--no-plot"": null, ""--serve-box"": null, ""--softmin-beta"": 10.0}",104,True,active,0.11498,1.966186,0.112156,35.0,105.0,1.81,0.99,1.6,20.0,0.11498,1.767,1.51,
exp18_sensitivity,ablationfull__ballspeed9__noplot__servebox__softminbeta10.0,"{""--ablation"": ""full"", ""--ball-speed"": 9, ""--no-plot"": null, ""--serve-box"": null, ""--softmin-beta"": 10.0}",105,True,active,0.11089,1.973746,0.103248,40.0,105.0,1.8,0.99,1.8,20.0,0.11089,1.475,1.45,
exp18_sensitivity,ablationfull__ballspeed9__noplot__servebox__softminbeta10.0,"{""--ablation"": ""full"", ""--ball-speed"": 9, ""--no-plot"": null, ""--serve-box"": null, ""--softmin-beta"": 10.0}",99,True,active,0.122597,1.963723,0.117566,35.0,105.0,1.8,1.0,1.8,20.0,0.122597,1.802,2.36,
exp18_sensitivity,ablationfull__ballspeed9__noplot__servebox__softminbeta10.0,"{""--ablation"": ""full"", ""--ball-speed"": 9, ""--no-plot"": null, ""--serve-box"": null, ""--softmin-beta"": 10.0}",107,True,active,0.110178,1.983085,0.110178,35.0,105.0,1.8,1.0,2.1,20.0,0.110178,1.78,1.46,
exp18_sensitivity,ablationfull__ballspeed9__noplot__servebox__softminbeta10.0,"{""--ablation"": ""full"", ""--ball-speed"": 9, ""--no-plot"": null, ""--serve-box"": null, ""--softmin-beta"": 10.0}",108,True,active,0.10895,1.992505,0.101552,40.0,105.0,1.8,0.98,2.1,20.0,0.10895,1.274,1.63,
exp18_sensitivity,ablationfull__ballspeed9__noplot__servebox__softminbeta10.0,"{""--ablation"": ""full"", ""--ball-speed"": 9, ""--no-plot"": null, ""--serve-box"": null, ""--softmin-beta"": 10.0}",121,,,,,,,,,,,,,,0.2,no_result
exp18_sensitivity,ablationfull__ballspeed9__noplot__servebox__softminbeta10.0,"{""--ablation"": ""full"", ""--ball-speed"": 9, ""--no-plot"": null, ""--serve-box"": null, ""--softmin-beta"": 10.0}",101,True,active,0.12414,1.971672,0.121518,30.0,105.0,1.8,1.0,1.6,20.0,0.12414,1.553,2.84,
exp18_sensitivity,ablationfull__ballspeed9__noplot__servebox__softminbeta10.0,"{""--ablation"": ""full"", ""--ball-speed"": 9, ""--no-plot"": null, ""--serve-box"": null, ""--softmin-beta"": 10.0}",112,True,active,0.079746,1.952641,0.074154,0.0,0.0,1.8,0.93,1.6,30.0,0.079746,1.782,1.55,
exp18_sensitivity,ablationfull__ballspeed9__noplot__servebox__softminbeta10.0,"{""--ablation"": ""full"", ""--ball-speed"": 9, ""--no-plot"": null, ""--serve-box"": null, ""--softmin-beta"": 10.0}",113,True,active,0.090367,1.957589,0.067579,0.0,0.0,1.8,1.0,1.7,20.0,0.090367,1.759,1.58,
exp18_sensitivity,ablationfull__ballspeed9__noplot__servebox__softminbeta10.0,"{""--ablation"": ""full"", ""--ball-speed"": 9, ""--no-plot"": null, ""--serve-box"": null, ""--softmin-beta"": 10.0}",114,True,active,0.091582,1.921482,0.091582,35.0,105.0,1.8,0.99,1.5,15.0,0.091582,1.738,1.61,
exp18_sensitivity,ablationfull__ballspeed9__noplot__servebox__softminbeta10.0,"{""--ablation"": ""full"", ""--ball-speed"": 9, ""--no-plot"": null, ""--serve-box"": null, ""--softmin-beta"": 10.0}",115,False,miss,0.345547,1.938724,0.102512,0.0,0.0,1.79,0.98,1.4,0.0,0.345547,0.0,1.69,
exp18_sensitivity,ablationfull__ballspeed9__noplot__servebox__softminbeta10.0,"{""--ablation"": ""full"", ""--ball-speed"": 9, ""--no-plot"": null, ""--serve-box"": null, ""--softmin-beta"": 10.0}",119,True,active,0.08216,1.931792,0.08216,35.0,105.0,1.78,1.0,1.9,15.0,0.08216,1.496,1.48,
exp18_sensitivity,ablationfull__ballspeed9__noplot__servebox__softminbeta10.0,"{""--ablation"": ""full"", ""--ball-speed"": 9, ""--no-plot"": null, ""--serve-box"": null, ""--softmin-beta"": 10.0}",106,False,miss,0.411214,1.956274,0.134398,0.0,5.0,1.8,0.98,1.8,0.0,0.411214,0.0,2.64,
exp18_sensitivity,ablationfull__ballspeed9__noplot__servebox__softminbeta10.0,"{""--ablation"": ""full"", ""--ball-speed"": 9, ""--no-plot"": null, ""--serve-box"": null, ""--softmin-beta"": 10.0}",117,True,active,0.103577,1.955906,0.091087,0.0,0.0,1.8,1.0,1.7,20.0,0.103577,1.776,1.69,
exp18_sensitivity,ablationfull__ballspeed9__noplot__servebox__softminbeta10.0,"{""--ablation"": ""full"", ""--ball-speed"": 9, ""--no-plot"": null, ""--serve-box"": null, ""--softmin-beta"": 10.0}",120,True,active,0.080371,1.939425,0.080129,40.0,105.0,1.82,0.97,2.0,10.0,0.080371,1.771,1.71,
exp18_sensitivity,ablationfull__ballspeed9__noplot__servebox__softminbeta10.0,"{""--ablation"": ""full"", ""--ball-speed"": 9, ""--no-plot"": null, ""--serve-box"": null, ""--softmin-beta"": 10.0}",122,True,active,0.139135,1.963283,0.133774,35.0,75.0,1.54,1.0,1.6,15.0,0.139135,1.421,1.43,
exp18_sensitivity,ablationfull__ballspeed9__noplot__servebox__softminbeta10.0,"{""--ablation"": ""full"", ""--ball-speed"": 9, ""--no-plot"": null, ""--serve-box"": null, ""--softmin-beta"": 10.0}",111,True,active,0.109624,1.985089,0.107059,35.0,105.0,1.79,1.0,1.9,25.0,0.109624,1.795,2.87,
exp18_sensitivity,ablationfull__ballspeed9__noplot__servebox__softminbeta10.0,"{""--ablation"": ""full"", ""--ball-speed"": 9, ""--no-plot"": null, ""--serve-box"": null, ""--softmin-beta"": 10.0}",109,True,active,0.076878,1.997565,0.074276,40.0,105.0,1.81,0.99,1.5,20.0,0.076878,1.799,2.98,
exp18_sensitivity,ablationfull__ballspeed9__noplot__servebox__softminbeta10.0,"{""--ablation"": ""full"", ""--ball-speed"": 9, ""--no-plot"": null, ""--serve-box"": null, ""--softmin-beta"": 10.0}",110,True,active,0.070714,1.971018,0.068399,35.0,105.0,1.79,0.98,1.7,25.0,0.070714,1.777,3.02,
exp18_sensitivity,ablationfull__ballspeed9__noplot__servebox__softminbeta10.0,"{""--ablation"": ""full"", ""--ball-speed"": 9, ""--no-plot"": null, ""--serve-box"": null, ""--softmin-beta"": 10.0}",124,True,active,0.087844,1.959986,0.087844,40.0,105.0,1.78,1.0,1.7,15.0,0.087844,1.367,1.48,
exp18_sensitivity,ablationfull__ballspeed9__noplot__servebox__softminbeta10.0,"{""--ablation"": ""full"", ""--ball-speed"": 9, ""--no-plot"": null, ""--serve-box"": null, ""--softmin-beta"": 10.0}",125,False,miss,0.380078,1.957361,0.148221,25.0,100.0,1.47,1.0,1.4,0.0,0.380078,0.0,1.53,
exp18_sensitivity,ablationfull__ballspeed9__noplot__servebox__softminbeta10.0,"{""--ablation"": ""full"", ""--ball-speed"": 9, ""--no-plot"": null, ""--serve-box"": null, ""--softmin-beta"": 10.0}",126,True,active,0.101379,1.916182,0.100166,35.0,105.0,1.81,1.0,1.7,20.0,0.101379,1.617,1.68,
exp18_sensitivity,ablationfull__ballspeed9__noplot__servebox__softminbeta10.0,"{""--ablation"": ""full"", ""--ball-speed"": 9, ""--no-plot"": null, ""--serve-box"": null, ""--softmin-beta"": 10.0}",127,True,active,0.111246,1.976661,0.109194,35.0,105.0,1.81,0.99,1.8,25.0,0.111246,1.741,1.59,
exp18_sensitivity,ablationfull__ballspeed9__noplot__servebox__softminbeta10.0,"{""--ablation"": ""full"", ""--ball-speed"": 9, ""--no-plot"": null, ""--serve-box"": null, ""--softmin-beta"": 10.0}",116,True,active,0.097989,1.96034,0.093402,35.0,105.0,1.8,1.0,1.7,20.0,0.097989,1.725,2.97,
exp18_sensitivity,ablationfull__ballspeed9__noplot__servebox__softminbeta10.0,"{""--ablation"": ""full"", ""--ball-speed"": 9, ""--no-plot"": null, ""--serve-box"": null, ""--softmin-beta"": 10.0}",128,True,active,0.123941,1.95624,0.114566,35.0,105.0,1.78,1.0,1.5,20.0,0.123941,1.68,1.5,
exp18_sensitivity,ablationfull__ballspeed9__noplot__servebox__softminbeta10.0,"{""--ablation"": ""full"", ""--ball-speed"": 9, ""--no-plot"": null, ""--serve-box"": null, ""--softmin-beta"": 10.0}",118,True,active,0.062575,1.959566,0.049556,45.0,105.0,1.79,0.97,1.7,20.0,0.062575,1.78,2.96,
exp18_sensitivity,ablationfull__ballspeed9__noplot__servebox__softminbeta10.0,"{""--ablation"": ""full"", ""--ball-speed"": 9, ""--no-plot"": null, ""--serve-box"": null, ""--softmin-beta"": 10.0}",129,True,active,0.058378,1.954557,0.058378,35.0,105.0,1.71,0.99,1.8,15.0,0.058378,1.407,1.51,
exp18_sensitivity,ablationfull__ballspeed9__noplot__servebox__softminbeta10.0,"{""--ablation"": ""full"", ""--ball-speed"": 9, ""--no-plot"": null, ""--serve-box"": null, ""--softmin-beta"": 10.0}",130,True,active,0.129976,1.9532,0.120673,25.0,70.0,1.81,0.99,1.7,25.0,0.129976,1.599,1.92,
exp18_sensitivity,ablationfull__ballspeed9__noplot__servebox__softminbeta10.0,"{""--ablation"": ""full"", ""--ball-speed"": 9, ""--no-plot"": null, ""--serve-box"": null, ""--softmin-beta"": 10.0}",123,True,active,0.047346,1.958711,0.047346,45.0,105.0,1.76,1.0,1.9,5.0,0.047346,1.382,2.98,
exp18_sensitivity,ablationfull__ballspeed9__noplot__servebox__softminbeta10.0,"{""--ablation"": ""full"", ""--ball-speed"": 9, ""--no-plot"": null, ""--serve-box"": null, ""--softmin-beta"": 10.0}",135,True,active,0.131628,1.973464,0.117388,40.0,105.0,1.81,1.0,1.7,25.0,0.131628,1.412,1.44,
exp18_sensitivity,ablationfull__ballspeed9__noplot__servebox__softminbeta10.0,"{""--ablation"": ""full"", ""--ball-speed"": 9, ""--no-plot"": null, ""--serve-box"": null, ""--softmin-beta"": 10.0}",131,True,active,0.093438,1.938752,0.093438,35.0,105.0,1.8,0.99,1.8,15.0,0.093438,1.707,2.17,
exp18_sensitivity,ablationfull__ballspeed9__noplot__servebox__softminbeta10.0,"{""--ablation"": ""full"", ""--ball-speed"": 9, ""--no-plot"": null, ""--serve-box"": null, ""--softmin-beta"": 10.0}",137,False,miss,0.378943,1.932915,0.128025,0.0,0.0,1.79,1.0,1.6,0.0,0.378943,0.0,1.52,
exp18_sensitivity,ablationfull__ballspeed9__noplot__servebox__softminbeta10.0,"{""--ablation"": ""full"", ""--ball-speed"": 9, ""--no-plot"": null, ""--serve-box"": null, ""--softmin-beta"": 10.0}",132,False,miss,0.269974,1.937565,0.152864,25.0,45.0,1.14,1.0,1.7,0.0,0.269974,0.0,2.07,
exp18_sensitivity,ablationfull__ballspeed9__noplot__servebox__softminbeta10.0,"{""--ablation"": ""full"", ""--ball-speed"": 9, ""--no-plot"": null, ""--serve-box"": null, ""--softmin-beta"": 10.0}",134,True,active,0.139295,1.986624,0.13174,30.0,60.0,1.8,1.0,1.7,20.0,0.139295,1.602,1.73,
exp18_sensitivity,ablationfull__ballspeed9__noplot__servebox__softminbeta10.0,"{""--ablation"": ""full"", ""--ball-speed"": 9, ""--no-plot"": null, ""--serve-box"": null, ""--softmin-beta"": 10.0}",140,True,active,0.072139,1.964877,0.070887,35.0,105.0,1.81,0.93,1.7,20.0,0.072139,1.788,1.47,
exp18_sensitivity,ablationfull__ballspeed9__noplot__servebox__softminbeta10.0,"{""--ablation"": ""full"", ""--ball-speed"": 9, ""--no-plot"": null, ""--serve-box"": null, ""--softmin-beta"": 10.0}",142,True,active,0.104843,1.959241,0.093873,35.0,105.0,1.79,1.0,1.6,20.0,0.104843,1.67,1.54,
exp18_sensitivity,ablationfull__ballspeed9__noplot__servebox__softminbeta10.0,"{""--ablation"": ""full"", ""--ball-speed"": 9, ""--no-plot"": null, ""--serve-box"": null, ""--softmin-beta"": 10.0}",136,True,active,0.094753,1.89869,0.094753,0.0,0.0,1.8,1.0,2.1,25.0,0.094753,1.748,2.43,
exp18_sensitivity,ablationfull__ballspeed9__noplot__servebox__softminbeta10.0,"{""--ablation"": ""full"", ""--ball-speed"": 9, ""--no-plot"": null, ""--serve-box"": null, ""--softmin-beta"": 10.0}",143,True,active,0.103783,1.954465,0.103783,40.0,105.0,1.47,0.97,1.4,10.0,0.103783,0.916,1.89,
exp18_sensitivity,ablationfull__ballspeed9__noplot__servebox__softminbeta10.0,"{""--ablation"": ""full"", ""--ball-speed"": 9, ""--no-plot"": null, ""--serve-box"": null, ""--softmin-beta"": 10.0}",138,True,active,0.046945,1.920348,0.046945,40.0,105.0,1.78,0.99,2.2,15.0,0.046945,0.32,2.32,
exp18_sensitivity,ablationfull__ballspeed9__noplot__servebox__softminbeta10.0,"{""--ablation"": ""full"", ""--ball-speed"": 9, ""--no-plot"": null, ""--serve-box"": null, ""--softmin-beta"": 10.0}",133,True,active,0.108626,1.976937,0.108626,35.0,105.0,1.82,0.99,1.8,15.0,0.108626,1.752,2.86,
exp18_sensitivity,ablationfull__ballspeed9__noplot__servebox__softminbeta10.0,"{""--ablation"": ""full"", ""--ball-speed"": 9, ""--no-plot"": null, ""--serve-box"": null, ""--softmin-beta"": 10.0}",145,True,active,0.099719,1.950471,0.099719,35.0,105.0,1.79,1.0,1.7,20.0,0.099719,1.669,1.62,
exp18_sensitivity,ablationfull__ballspeed9__noplot__servebox__softminbeta10.0,"{""--ablation"": ""full"", ""--ball-speed"": 9, ""--no-plot"": null, ""--serve-box"": null, ""--softmin-beta"": 10.0}",147,True,active,0.081704,1.986957,0.081704,35.0,105.0,1.6,0.99,1.6,20.0,0.081704,1.183,1.53,
exp18_sensitivity,ablationfull__ballspeed9__noplot__servebox__softminbeta10.0,"{""--ablation"": ""full"", ""--ball-speed"": 9, ""--no-plot"": null, ""--serve-box"": null, ""--softmin-beta"": 10.0}",148,True,active,0.135566,1.949555,0.125193,35.0,80.0,1.8,1.0,1.8,20.0,0.135566,1.53,1.54,
exp18_sensitivity,ablationfull__ballspeed9__noplot__servebox__softminbeta10.0,"{""--ablation"": ""full"", ""--ball-speed"": 9, ""--no-plot"": null, ""--serve-box"": null, ""--softmin-beta"": 10.0}",151,True,active,0.098083,1.977988,0.093909,35.0,105.0,1.81,0.98,1.7,20.0,0.098083,1.81,1.47,
exp18_sensitivity,ablationfull__ballspeed9__noplot__servebox__softminbeta10.0,"{""--ablation"": ""full"", ""--ball-speed"": 9, ""--no-plot"": null, ""--serve-box"": null, ""--softmin-beta"": 10.0}",139,True,active,0.113322,1.977375,0.109212,35.0,105.0,1.77,1.0,1.7,15.0,0.113322,1.657,2.81,
exp18_sensitivity,ablationfull__ballspeed9__noplot__servebox__softminbeta10.0,"{""--ablation"": ""full"", ""--ball-speed"": 9, ""--no-plot"": null, ""--serve-box"": null, ""--softmin-beta"": 10.0}",152,True,active,0.115228,1.975174,0.099523,40.0,105.0,1.8,0.99,1.5,20.0,0.115228,1.693,1.47,
exp18_sensitivity,ablationfull__ballspeed9__noplot__servebox__softminbeta10.0,"{""--ablation"": ""full"", ""--ball-speed"": 9, ""--no-plot"": null, ""--serve-box"": null, ""--softmin-beta"": 10.0}",141,True,active,0.063101,1.979876,0.046809,45.0,105.0,1.79,0.97,1.5,20.0,0.063101,1.716,3.01,
exp18_sensitivity,ablationfull__ballspeed9__noplot__servebox__softminbeta10.0,"{""--ablation"": ""full"", ""--ball-speed"": 9, ""--no-plot"": null, ""--serve-box"": null, ""--softmin-beta"": 10.0}",149,True,active,0.111938,1.936127,0.105915,35.0,105.0,1.79,1.0,1.8,20.0,0.111938,1.513,2.12,
exp18_sensitivity,ablationfull__ballspeed9__noplot__servebox__softminbeta10.0,"{""--ablation"": ""full"", ""--ball-speed"": 9, ""--no-plot"": null, ""--serve-box"": null, ""--softmin-beta"": 10.0}",150,True,active,0.098663,1.963512,0.098663,35.0,105.0,1.79,0.98,2.0,20.0,0.098663,1.786,2.21,
exp18_sensitivity,ablationfull__ballspeed9__noplot__servebox__softminbeta10.0,"{""--ablation"": ""full"", ""--ball-speed"": 9, ""--no-plot"": null, ""--serve-box"": null, ""--softmin-beta"": 10.0}",144,True,active,0.143255,1.964996,0.13484,40.0,70.0,1.79,1.0,1.8,15.0,0.143255,1.584,3.13,
exp18_sensitivity,ablationfull__ballspeed9__noplot__servebox__softminbeta10.0,"{""--ablation"": ""full"", ""--ball-speed"": 9, ""--no-plot"": null, ""--serve-box"": null, ""--softmin-beta"": 10.0}",154,True,active,0.134629,1.961961,0.11531,35.0,105.0,1.76,1.0,1.5,5.0,0.134629,0.866,1.5,
exp18_sensitivity,ablationfull__ballspeed9__noplot__servebox__softminbeta10.0,"{""--ablation"": ""full"", ""--ball-speed"": 9, ""--no-plot"": null, ""--serve-box"": null, ""--softmin-beta"": 10.0}",155,True,active,0.122709,1.931214,0.122252,35.0,105.0,1.77,1.0,1.7,20.0,0.122709,1.73,1.56,
exp18_sensitivity,ablationfull__ballspeed9__noplot__servebox__softminbeta10.0,"{""--ablation"": ""full"", ""--ball-speed"": 9, ""--no-plot"": null, ""--serve-box"": null, ""--softmin-beta"": 10.0}",156,True,active,0.124137,1.971711,0.122294,30.0,105.0,1.8,1.0,1.6,25.0,0.124137,1.708,1.63,
exp18_sensitivity,ablationfull__ballspeed9__noplot__servebox__softminbeta10.0,"{""--ablation"": ""full"", ""--ball-speed"": 9, ""--no-plot"": null, ""--serve-box"": null, ""--softmin-beta"": 10.0}",157,True,active,0.093979,1.970728,0.085592,35.0,100.0,1.8,0.99,1.8,20.0,0.093979,1.758,1.57,
exp18_sensitivity,ablationfull__ballspeed9__noplot__servebox__softminbeta10.0,"{""--ablation"": ""full"", ""--ball-speed"": 9, ""--no-plot"": null, ""--serve-box"": null, ""--softmin-beta"": 10.0}",146,True,active,0.11094,1.978137,0.11094,35.0,105.0,1.8,0.99,1.9,15.0,0.11094,1.722,2.86,
exp18_sensitivity,ablationfull__ballspeed9__noplot__servebox__softminbeta10.0,"{""--ablation"": ""full"", ""--ball-speed"": 9, ""--no-plot"": null, ""--serve-box"": null, ""--softmin-beta"": 10.0}",158,True,active,0.129408,1.993032,0.124131,30.0,105.0,1.7,1.0,1.9,15.0,0.129408,1.7,1.61,
exp18_sensitivity,ablationfull__ballspeed9__noplot__servebox__softminbeta10.0,"{""--ablation"": ""full"", ""--ball-speed"": 9, ""--no-plot"": null, ""--serve-box"": null, ""--softmin-beta"": 10.0}",161,True,active,0.106077,1.943394,0.102914,0.0,0.0,1.78,1.0,2.0,15.0,0.106077,1.751,1.6,
exp18_sensitivity,ablationfull__ballspeed9__noplot__servebox__softminbeta10.0,"{""--ablation"": ""full"", ""--ball-speed"": 9, ""--no-plot"": null, ""--serve-box"": null, ""--softmin-beta"": 10.0}",160,True,active,0.1296,1.981715,0.127818,30.0,90.0,1.81,1.0,1.8,20.0,0.1296,1.734,1.89,
exp18_sensitivity,ablationfull__ballspeed9__noplot__servebox__softminbeta10.0,"{""--ablation"": ""full"", ""--ball-speed"": 9, ""--no-plot"": null, ""--serve-box"": null, ""--softmin-beta"": 10.0}",153,True,active,0.117911,1.967995,0.112312,35.0,105.0,1.8,0.99,1.8,20.0,0.117911,1.623,2.84,
exp18_sensitivity,ablationfull__ballspeed9__noplot__servebox__softminbeta10.0,"{""--ablation"": ""full"", ""--ball-speed"": 9, ""--no-plot"": null, ""--serve-box"": null, ""--softmin-beta"": 10.0}",164,True,active,0.095229,1.928556,0.093235,40.0,75.0,1.8,1.0,1.5,25.0,0.095229,1.176,1.6,
exp18_sensitivity,ablationfull__ballspeed9__noplot__servebox__softminbeta10.0,"{""--ablation"": ""full"", ""--ball-speed"": 9, ""--no-plot"": null, ""--serve-box"": null, ""--softmin-beta"": 10.0}",166,True,active,0.097022,1.94774,0.089067,35.0,105.0,1.79,0.98,1.8,20.0,0.097022,1.787,1.51,
exp18_sensitivity,ablationfull__ballspeed9__noplot__servebox__softminbeta10.0,"{""--ablation"": ""full"", ""--ball-speed"": 9, ""--no-plot"": null, ""--serve-box"": null, ""--softmin-beta"": 10.0}",159,True,active,0.05671,1.887501,0.05671,40.0,105.0,1.49,0.98,1.3,10.0,0.05671,1.124,2.58,
exp18_sensitivity,ablationfull__ballspeed9__noplot__servebox__softminbeta10.0,"{""--ablation"": ""full"", ""--ball-speed"": 9, ""--no-plot"": null, ""--serve-box"": null, ""--softmin-beta"": 10.0}",171,True,active,0.096153,1.968608,0.092397,35.0,105.0,1.31,1.0,1.3,5.0,0.096153,0.568,1.55,
exp18_sensitivity,ablationfull__ballspeed9__noplot__servebox__softminbeta10.0,"{""--ablation"": ""full"", ""--ball-speed"": 9, ""--no-plot"": null, ""--serve-box"": null, ""--softmin-beta"": 10.0}",172,True,active,0.097563,1.986431,0.097563,35.0,105.0,1.81,0.99,1.8,20.0,0.097563,1.728,1.56,
exp18_sensitivity,ablationfull__ballspeed9__noplot__servebox__softminbeta10.0,"{""--ablation"": ""full"", ""--ball-speed"": 9, ""--no-plot"": null, ""--serve-box"": null, ""--softmin-beta"": 10.0}",170,True,active,0.084581,1.949674,0.07932,40.0,105.0,1.76,1.0,1.6,15.0,0.084581,1.676,1.66,
exp18_sensitivity,ablationfull__ballspeed9__noplot__servebox__softminbeta10.0,"{""--ablation"": ""full"", ""--ball-speed"": 9, ""--no-plot"": null, ""--serve-box"": null, ""--softmin-beta"": 10.0}",167,True,active,0.059985,1.948725,0.047164,45.0,105.0,1.79,1.0,1.6,10.0,0.059985,0.868,2.13,
exp18_sensitivity,ablationfull__ballspeed9__noplot__servebox__softminbeta10.0,"{""--ablation"": ""full"", ""--ball-speed"": 9, ""--no-plot"": null, ""--serve-box"": null, ""--softmin-beta"": 10.0}",173,True,active,0.127698,1.965438,0.122276,30.0,105.0,1.79,1.0,1.9,20.0,0.127698,1.637,1.63,
exp18_sensitivity,ablationfull__ballspeed9__noplot__servebox__softminbeta10.0,"{""--ablation"": ""full"", ""--ball-speed"": 9, ""--no-plot"": null, ""--serve-box"": null, ""--softmin-beta"": 10.0}",165,True,active,0.066361,1.964232,0.066138,45.0,105.0,1.78,1.0,1.4,10.0,0.066361,1.453,2.38,
exp18_sensitivity,ablationfull__ballspeed9__noplot__servebox__softminbeta10.0,"{""--ablation"": ""full"", ""--ball-speed"": 9, ""--no-plot"": null, ""--serve-box"": null, ""--softmin-beta"": 10.0}",162,True,active,0.103922,1.933267,0.086252,0.0,35.0,1.79,1.0,1.6,20.0,0.103922,1.623,3.11,
exp18_sensitivity,ablationfull__ballspeed9__noplot__servebox__softminbeta10.0,"{""--ablation"": ""full"", ""--ball-speed"": 9, ""--no-plot"": null, ""--serve-box"": null, ""--softmin-beta"": 10.0}",174,True,active,0.113508,1.973196,0.112653,30.0,105.0,1.78,1.0,1.9,20.0,0.113508,1.708,1.65,
exp18_sensitivity,ablationfull__ballspeed9__noplot__servebox__softminbeta10.0,"{""--ablation"": ""full"", ""--ball-speed"": 9, ""--no-plot"": null, ""--serve-box"": null, ""--softmin-beta"": 10.0}",163,True,active,0.072529,1.976769,0.064291,40.0,105.0,1.79,0.99,1.5,20.0,0.072529,1.52,3.01,
exp18_sensitivity,ablationfull__ballspeed9__noplot__servebox__softminbeta10.0,"{""--ablation"": ""full"", ""--ball-speed"": 9, ""--no-plot"": null, ""--serve-box"": null, ""--softmin-beta"": 10.0}",176,True,active,0.163584,1.918319,0.13863,30.0,105.0,1.27,1.0,1.7,10.0,0.163584,0.319,1.57,
exp18_sensitivity,ablationfull__ballspeed9__noplot__servebox__softminbeta10.0,"{""--ablation"": ""full"", ""--ball-speed"": 9, ""--no-plot"": null, ""--serve-box"": null, ""--softmin-beta"": 10.0}",168,True,active,0.101016,1.974422,0.099917,0.0,0.0,1.81,0.99,1.8,20.0,0.101016,1.788,2.61,
exp18_sensitivity,ablationfull__ballspeed9__noplot__servebox__softminbeta10.0,"{""--ablation"": ""full"", ""--ball-speed"": 9, ""--no-plot"": null, ""--serve-box"": null, ""--softmin-beta"": 10.0}",177,True,active,0.147464,1.950525,0.144923,30.0,40.0,1.8,0.99,1.8,25.0,0.147464,1.716,1.67,
exp18_sensitivity,ablationfull__ballspeed9__noplot__servebox__softminbeta10.0,"{""--ablation"": ""full"", ""--ball-speed"": 9, ""--no-plot"": null, ""--serve-box"": null, ""--softmin-beta"": 10.0}",181,True,active,0.05145,2.00907,0.05145,40.0,105.0,1.76,0.99,1.4,15.0,0.05145,1.737,1.45,
exp18_sensitivity,ablationfull__ballspeed9__noplot__servebox__softminbeta10.0,"{""--ablation"": ""full"", ""--ball-speed"": 9, ""--no-plot"": null, ""--serve-box"": null, ""--softmin-beta"": 10.0}",178,True,active,0.096432,1.964489,0.091924,40.0,105.0,1.8,1.0,1.7,20.0,0.096432,1.411,1.95,
exp18_sensitivity,ablationfull__ballspeed9__noplot__servebox__softminbeta10.0,"{""--ablation"": ""full"", ""--ball-speed"": 9, ""--no-plot"": null, ""--serve-box"": null, ""--softmin-beta"": 10.0}",169,True,active,0.033241,1.94571,0.028783,40.0,100.0,1.81,1.0,1.6,20.0,0.033241,1.082,3.18,
exp18_sensitivity,ablationfull__ballspeed9__noplot__servebox__softminbeta10.0,"{""--ablation"": ""full"", ""--ball-speed"": 9, ""--no-plot"": null, ""--serve-box"": null, ""--softmin-beta"": 10.0}",182,True,active,0.052894,1.986359,0.052894,45.0,105.0,1.7,1.0,1.4,15.0,0.052894,1.22,1.5,
exp18_sensitivity,ablationfull__ballspeed9__noplot__servebox__softminbeta10.0,"{""--ablation"": ""full"", ""--ball-speed"": 9, ""--no-plot"": null, ""--serve-box"": null, ""--softmin-beta"": 10.0}",183,True,active,0.048198,1.999027,0.048198,40.0,105.0,1.79,0.99,1.8,15.0,0.048198,1.613,1.49,
exp18_sensitivity,ablationfull__ballspeed9__noplot__servebox__softminbeta10.0,"{""--ablation"": ""full"", ""--ball-speed"": 9, ""--no-plot"": null, ""--serve-box"": null, ""--softmin-beta"": 10.0}",180,True,active,0.120981,2.00015,0.120981,25.0,80.0,1.81,0.96,1.8,25.0,0.120981,1.799,1.74,
exp18_sensitivity,ablationfull__ballspeed9__noplot__servebox__softminbeta10.0,"{""--ablation"": ""full"", ""--ball-speed"": 9, ""--no-plot"": null, ""--serve-box"": null, ""--softmin-beta"": 10.0}",185,True,active,0.059919,2.007981,0.059919,40.0,105.0,1.8,0.99,1.4,20.0,0.059919,1.779,1.41,
exp18_sensitivity,ablationfull__ballspeed9__noplot__servebox__softminbeta10.0,"{""--ablation"": ""full"", ""--ball-speed"": 9, ""--no-plot"": null, ""--serve-box"": null, ""--softmin-beta"": 10.0}",175,True,active,0.113289,1.961118,0.105305,40.0,105.0,1.74,1.0,1.5,10.0,0.113289,1.639,2.94,
exp18_sensitivity,ablationfull__ballspeed9__noplot__servebox__softminbeta10.0,"{""--ablation"": ""full"", ""--ball-speed"": 9, ""--no-plot"": null, ""--serve-box"": null, ""--softmin-beta"": 10.0}",187,True,active,0.097376,1.943764,0.084485,0.0,0.0,1.78,0.99,2.1,20.0,0.097376,1.736,1.52,
exp18_sensitivity,ablationfull__ballspeed9__noplot__servebox__softminbeta10.0,"{""--ablation"": ""full"", ""--ball-speed"": 9, ""--no-plot"": null, ""--serve-box"": null, ""--softmin-beta"": 10.0}",189,True,active,0.132962,1.95439,0.122868,40.0,105.0,1.76,1.0,1.7,10.0,0.132962,1.481,1.4,
exp18_sensitivity,ablationfull__ballspeed9__noplot__servebox__softminbeta10.0,"{""--ablation"": ""full"", ""--ball-speed"": 9, ""--no-plot"": null, ""--serve-box"": null, ""--softmin-beta"": 10.0}",186,True,active,0.090714,1.974627,0.085796,35.0,105.0,1.81,1.0,1.6,20.0,0.090714,1.743,1.71,
exp18_sensitivity,ablationfull__ballspeed9__noplot__servebox__softminbeta10.0,"{""--ablation"": ""full"", ""--ball-speed"": 9, ""--no-plot"": null, ""--serve-box"": null, ""--softmin-beta"": 10.0}",179,True,active,0.07215,1.934868,0.067801,45.0,105.0,1.8,1.0,1.8,15.0,0.07215,1.633,2.81,
exp18_sensitivity,ablationfull__ballspeed9__noplot__servebox__softminbeta10.0,"{""--ablation"": ""full"", ""--ball-speed"": 9, ""--no-plot"": null, ""--serve-box"": null, ""--softmin-beta"": 10.0}",192,True,active,0.088947,1.944635,0.082624,40.0,105.0,1.6,1.0,1.5,10.0,0.088947,1.272,1.52,
exp18_sensitivity,ablationfull__ballspeed9__noplot__servebox__softminbeta10.0,"{""--ablation"": ""full"", ""--ball-speed"": 9, ""--no-plot"": null, ""--serve-box"": null, ""--softmin-beta"": 10.0}",191,True,active,0.109301,1.980518,0.103741,35.0,105.0,1.8,0.99,1.9,20.0,0.109301,1.752,1.91,
exp18_sensitivity,ablationfull__ballspeed9__noplot__servebox__softminbeta10.0,"{""--ablation"": ""full"", ""--ball-speed"": 9, ""--no-plot"": null, ""--serve-box"": null, ""--softmin-beta"": 10.0}",190,True,active,0.054258,1.987819,0.054258,40.0,105.0,1.81,0.9,1.6,15.0,0.054258,1.779,2.23,
exp18_sensitivity,ablationfull__ballspeed9__noplot__servebox__softminbeta10.0,"{""--ablation"": ""full"", ""--ball-speed"": 9, ""--no-plot"": null, ""--serve-box"": null, ""--softmin-beta"": 10.0}",194,True,active,0.102743,1.979828,0.101586,40.0,105.0,1.8,0.99,1.6,20.0,0.102743,1.729,1.6,
exp18_sensitivity,ablationfull__ballspeed9__noplot__servebox__softminbeta10.0,"{""--ablation"": ""full"", ""--ball-speed"": 9, ""--no-plot"": null, ""--serve-box"": null, ""--softmin-beta"": 10.0}",196,False,miss,0.400557,1.960764,0.134642,20.0,75.0,1.79,0.99,1.8,0.0,0.400557,0.0,1.47,
exp18_sensitivity,ablationfull__ballspeed9__noplot__servebox__softminbeta10.0,"{""--ablation"": ""full"", ""--ball-speed"": 9, ""--no-plot"": null, ""--serve-box"": null, ""--softmin-beta"": 10.0}",184,True,active,0.076924,1.956978,0.076924,35.0,105.0,1.35,1.0,1.6,15.0,0.076924,1.061,3.06,
exp18_sensitivity,ablationfull__ballspeed9__noplot__servebox__softminbeta10.0,"{""--ablation"": ""full"", ""--ball-speed"": 9, ""--no-plot"": null, ""--serve-box"": null, ""--softmin-beta"": 10.0}",198,True,active,0.073186,1.987795,0.073186,35.0,105.0,1.78,0.98,1.6,15.0,0.073186,1.552,1.61,
exp18_sensitivity,ablationfull__ballspeed9__noplot__servebox__softminbeta10.0,"{""--ablation"": ""full"", ""--ball-speed"": 9, ""--no-plot"": null, ""--serve-box"": null, ""--softmin-beta"": 10.0}",195,True,active,0.100153,1.963287,0.100153,40.0,105.0,1.8,0.99,1.7,15.0,0.100153,1.632,2.17,
exp18_sensitivity,ablationfull__ballspeed9__noplot__servebox__softminbeta10.0,"{""--ablation"": ""full"", ""--ball-speed"": 9, ""--no-plot"": null, ""--serve-box"": null, ""--softmin-beta"": 10.0}",188,True,active,0.100144,1.975348,0.100144,40.0,105.0,1.56,1.0,1.7,15.0,0.100144,1.51,3.06,
exp18_sensitivity,ablationsoftmin_only__ballspeed9__noplot__servebox__softminbeta10.0,"{""--ablation"": ""softmin_only"", ""--ball-speed"": 9, ""--no-plot"": null, ""--serve-box"": null, ""--softmin-beta"": 10.0}",1,True,active,0.066828,1.969449,0.066828,40.0,105.0,1.81,1.0,1.4,15.0,0.066828,1.633,1.65,
exp18_sensitivity,ablationsoftmin_only__ballspeed9__noplot__servebox__softminbeta10.0,"{""--ablation"": ""softmin_only"", ""--ball-speed"": 9, ""--no-plot"": null, ""--serve-box"": null, ""--softmin-beta"": 10.0}",2,True,active,0.088158,1.949443,0.071263,40.0,105.0,1.79,1.0,1.8,20.0,0.088158,1.77,1.78,
exp18_sensitivity,ablationfull__ballspeed9__noplot__servebox__softminbeta10.0,"{""--ablation"": ""full"", ""--ball-speed"": 9, ""--no-plot"": null, ""--serve-box"": null, ""--softmin-beta"": 10.0}",193,True,active,0.124327,1.957626,0.116496,40.0,105.0,1.79,1.0,1.7,15.0,0.124327,1.707,2.64,
exp18_sensitivity,ablationsoftmin_only__ballspeed9__noplot__servebox__softminbeta10.0,"{""--ablation"": ""softmin_only"", ""--ball-speed"": 9, ""--no-plot"": null, ""--serve-box"": null, ""--softmin-beta"": 10.0}",3,True,active,0.136364,1.915635,0.123042,35.0,100.0,1.75,1.0,1.7,25.0,0.136364,1.543,1.66,
exp18_sensitivity,ablationfull__ballspeed9__noplot__servebox__softminbeta10.0,"{""--ablation"": ""full"", ""--ball-speed"": 9, ""--no-plot"": null, ""--serve-box"": null, ""--softmin-beta"": 10.0}",200,False,miss,0.348114,1.922776,0.143695,0.0,0.0,1.4,1.0,1.6,0.0,0.348114,0.0,2.09,
exp18_sensitivity,ablationfull__ballspeed9__noplot__servebox__softminbeta10.0,"{""--ablation"": ""full"", ""--ball-speed"": 9, ""--no-plot"": null, ""--serve-box"": null, ""--softmin-beta"": 10.0}",199,True,active,0.104185,1.967375,0.089193,35.0,70.0,1.79,0.99,1.7,25.0,0.104185,1.704,2.5,
exp18_sensitivity,ablationsoftmin_only__ballspeed9__noplot__servebox__softminbeta10.0,"{""--ablation"": ""softmin_only"", ""--ball-speed"": 9, ""--no-plot"": null, ""--serve-box"": null, ""--softmin-beta"": 10.0}",6,True,active,0.101852,1.949561,0.095652,35.0,105.0,1.8,0.99,1.6,20.0,0.101852,1.742,1.63,
exp18_sensitivity,ablationfull__ballspeed9__noplot__servebox__softminbeta10.0,"{""--ablation"": ""full"", ""--ball-speed"": 9, ""--no-plot"": null, ""--serve-box"": null, ""--softmin-beta"": 10.0}",197,True,active,0.106149,1.985806,0.100883,30.0,105.0,1.81,0.98,1.8,25.0,0.106149,1.442,2.99,
exp18_sensitivity,ablationsoftmin_only__ballspeed9__noplot__servebox__softminbeta10.0,"{""--ablation"": ""softmin_only"", ""--ball-speed"": 9, ""--no-plot"": null, ""--serve-box"": null, ""--softmin-beta"": 10.0}",10,True,active,0.099043,1.962539,0.09668,40.0,105.0,1.8,1.0,1.6,15.0,0.099043,1.679,1.61,
exp18_sensitivity,ablationsoftmin_only__ballspeed9__noplot__servebox__softminbeta10.0,"{""--ablation"": ""softmin_only"", ""--ball-speed"": 9, ""--no-plot"": null, ""--serve-box"": null, ""--softmin-beta"": 10.0}",20,,,,,,,,,,,,,,0.32,no_result
exp18_sensitivity,ablationsoftmin_only__ballspeed9__noplot__servebox__softminbeta10.0,"{""--ablation"": ""softmin_only"", ""--ball-speed"": 9, ""--no-plot"": null, ""--serve-box"": null, ""--softmin-beta"": 10.0}",5,True,active,0.102928,1.950802,0.069918,0.0,0.0,1.79,0.99,1.5,25.0,0.102928,1.599,2.14,
exp18_sensitivity,ablationsoftmin_only__ballspeed9__noplot__servebox__softminbeta10.0,"{""--ablation"": ""softmin_only"", ""--ball-speed"": 9, ""--no-plot"": null, ""--serve-box"": null, ""--softmin-beta"": 10.0}",7,True,active,0.102693,1.949466,0.098638,35.0,105.0,1.78,0.99,1.7,20.0,0.102693,1.761,2.05,
exp18_sensitivity,ablationsoftmin_only__ballspeed9__noplot__servebox__softminbeta10.0,"{""--ablation"": ""softmin_only"", ""--ball-speed"": 9, ""--no-plot"": null, ""--serve-box"": null, ""--softmin-beta"": 10.0}",21,,,,,,,,,,,,,,0.23,no_result
exp18_sensitivity,ablationsoftmin_only__ballspeed9__noplot__servebox__softminbeta10.0,"{""--ablation"": ""softmin_only"", ""--ball-speed"": 9, ""--no-plot"": null, ""--serve-box"": null, ""--softmin-beta"": 10.0}",8,True,active,0.144053,1.957843,0.122077,35.0,105.0,1.24,1.0,1.6,0.0,0.144053,0.473,2.13,
exp18_sensitivity,ablationsoftmin_only__ballspeed9__noplot__servebox__softminbeta10.0,"{""--ablation"": ""softmin_only"", ""--ball-speed"": 9, ""--no-plot"": null, ""--serve-box"": null, ""--softmin-beta"": 10.0}",11,True,active,0.106181,1.903871,0.101442,40.0,105.0,1.61,0.99,1.4,10.0,0.106181,0.726,1.69,
exp18_sensitivity,ablationsoftmin_only__ballspeed9__noplot__servebox__softminbeta10.0,"{""--ablation"": ""softmin_only"", ""--ball-speed"": 9, ""--no-plot"": null, ""--serve-box"": null, ""--softmin-beta"": 10.0}",13,True,active,0.143171,1.916528,0.140791,35.0,75.0,1.14,1.0,1.4,5.0,0.143171,0.746,1.62,
exp18_sensitivity,ablationsoftmin_only__ballspeed9__noplot__servebox__softminbeta10.0,"{""--ablation"": ""softmin_only"", ""--ball-speed"": 9, ""--no-plot"": null, ""--serve-box"": null, ""--softmin-beta"": 10.0}",12,True,active,0.073309,1.951965,0.073309,40.0,105.0,1.8,0.99,1.8,20.0,0.073309,1.781,1.73,
exp18_sensitivity,ablationsoftmin_only__ballspeed9__noplot__servebox__softminbeta10.0,"{""--ablation"": ""softmin_only"", ""--ball-speed"": 9, ""--no-plot"": null, ""--serve-box"": null, ""--softmin-beta"": 10.0}",4,True,active,0.124026,1.955262,0.109907,40.0,105.0,1.8,0.99,1.7,20.0,0.124026,1.699,2.9,
exp18_sensitivity,ablationsoftmin_only__ballspeed9__noplot__servebox__softminbeta10.0,"{""--ablation"": ""softmin_only"", ""--ball-speed"": 9, ""--no-plot"": null, ""--serve-box"": null, ""--softmin-beta"": 10.0}",16,True,active,0.065409,1.976202,0.058801,5.0,45.0,1.63,1.0,1.6,15.0,0.065409,1.347,1.95,
exp18_sensitivity,ablationsoftmin_only__ballspeed9__noplot__servebox__softminbeta10.0,"{""--ablation"": ""softmin_only"", ""--ball-speed"": 9, ""--no-plot"": null, ""--serve-box"": null, ""--softmin-beta"": 10.0}",9,True,active,0.137239,1.963303,0.132473,30.0,85.0,1.78,0.99,1.8,15.0,0.137239,1.756,2.93,
exp18_sensitivity,ablationsoftmin_only__ballspeed9__noplot__servebox__softminbeta10.0,"{""--ablation"": ""softmin_only"", ""--ball-speed"": 9, ""--no-plot"": null, ""--serve-box"": null, ""--softmin-beta"": 10.0}",19,True,active,0.113456,1.937541,0.099306,0.0,0.0,1.78,0.99,2.0,25.0,0.113456,1.64,1.55,
exp18_sensitivity,ablationsoftmin_only__ballspeed9__noplot__servebox__softminbeta10.0,"{""--ablation"": ""softmin_only"", ""--ball-speed"": 9, ""--no-plot"": null, ""--serve-box"": null, ""--softmin-beta"": 10.0}",24,False,miss,0.31935,1.934235,0.130031,0.0,15.0,1.76,1.0,1.7,0.0,0.31935,0.0,1.45,
exp18_sensitivity,ablationsoftmin_only__ballspeed9__noplot__servebox__softminbeta10.0,"{""--ablation"": ""softmin_only"", ""--ball-speed"": 9, ""--no-plot"": null, ""--serve-box"": null, ""--softmin-beta"": 10.0}",22,True,active,0.103354,1.918014,0.064216,0.0,0.0,1.8,1.0,1.8,25.0,0.103354,1.782,1.65,
exp18_sensitivity,ablationsoftmin_only__ballspeed9__noplot__servebox__softminbeta10.0,"{""--ablation"": ""softmin_only"", ""--ball-speed"": 9, ""--no-plot"": null, ""--serve-box"": null, ""--softmin-beta"": 10.0}",25,False,miss,0.334178,1.933358,0.201624,0.0,0.0,1.37,0.99,1.6,0.0,0.334178,0.0,1.52,
exp18_sensitivity,ablationsoftmin_only__ballspeed9__noplot__servebox__softminbeta10.0,"{""--ablation"": ""softmin_only"", ""--ball-speed"": 9, ""--no-plot"": null, ""--serve-box"": null, ""--softmin-beta"": 10.0}",14,True,active,0.085752,1.98576,0.085752,40.0,105.0,1.79,1.0,1.4,15.0,0.085752,1.757,2.71,
exp18_sensitivity,ablationsoftmin_only__ballspeed9__noplot__servebox__softminbeta10.0,"{""--ablation"": ""softmin_only"", ""--ball-speed"": 9, ""--no-plot"": null, ""--serve-box"": null, ""--softmin-beta"": 10.0}",26,True,active,0.093695,1.948249,0.093695,40.0,105.0,1.8,1.0,1.6,20.0,0.093695,1.532,1.55,
exp18_sensitivity,ablationsoftmin_only__ballspeed9__noplot__servebox__softminbeta10.0,"{""--ablation"": ""softmin_only"", ""--ball-speed"": 9, ""--no-plot"": null, ""--serve-box"": null, ""--softmin-beta"": 10.0}",28,True,active,0.101673,1.934764,0.08609,0.0,0.0,1.79,0.98,1.6,20.0,0.101673,1.745,1.52,
exp18_sensitivity,ablationsoftmin_only__ballspeed9__noplot__servebox__softminbeta10.0,"{""--ablation"": ""softmin_only"", ""--ball-speed"": 9, ""--no-plot"": null, ""--serve-box"": null, ""--softmin-beta"": 10.0}",15,True,active,0.108297,1.950195,0.10011,0.0,0.0,1.77,0.98,2.1,15.0,0.108297,1.775,2.89,
exp18_sensitivity,ablationsoftmin_only__ballspeed9__noplot__servebox__softminbeta10.0,"{""--ablation"": ""softmin_only"", ""--ball-speed"": 9, ""--no-plot"": null, ""--serve-box"": null, ""--softmin-beta"": 10.0}",23,True,active,0.10577,1.94775,0.10577,35.0,105.0,1.78,0.99,1.9,15.0,0.10577,1.696,1.94,
exp18_sensitivity,ablationsoftmin_only__ballspeed9__noplot__servebox__softminbeta10.0,"{""--ablation"": ""softmin_only"", ""--ball-speed"": 9, ""--no-plot"": null, ""--serve-box"": null, ""--softmin-beta"": 10.0}",17,True,active,0.084584,1.933899,0.081288,45.0,105.0,1.4,1.0,1.3,5.0,0.084584,0.55,2.96,
exp18_sensitivity,ablationsoftmin_only__ballspeed9__noplot__servebox__softminbeta10.0,"{""--ablation"": ""softmin_only"", ""--ball-speed"": 9, ""--no-plot"": null, ""--serve-box"": null, ""--softmin-beta"": 10.0}",18,True,active,0.114785,1.992625,0.114785,30.0,105.0,1.81,0.99,1.9,20.0,0.114785,1.653,2.65,
exp18_sensitivity,ablationsoftmin_only__ballspeed9__noplot__servebox__softminbeta10.0,"{""--ablation"": ""softmin_only"", ""--ball-speed"": 9, ""--no-plot"": null, ""--serve-box"": null, ""--softmin-beta"": 10.0}",27,True,active,0.034768,1.914805,0.034768,40.0,105.0,1.48,1.0,1.7,10.0,0.034768,0.754,1.87,
exp18_sensitivity,ablationsoftmin_only__ballspeed9__noplot__servebox__softminbeta10.0,"{""--ablation"": ""softmin_only"", ""--ball-speed"": 9, ""--no-plot"": null, ""--serve-box"": null, ""--softmin-beta"": 10.0}",32,True,active,0.102336,1.943804,0.089879,45.0,105.0,1.74,1.0,1.7,15.0,0.102336,1.74,1.41,
exp18_sensitivity,ablationsoftmin_only__ballspeed9__noplot__servebox__softminbeta10.0,"{""--ablation"": ""softmin_only"", ""--ball-speed"": 9, ""--no-plot"": null, ""--serve-box"": null, ""--softmin-beta"": 10.0}",31,False,miss,0.355259,1.968782,0.153555,25.0,0.0,1.5,0.99,1.4,0.0,0.355259,0.0,1.5,
exp18_sensitivity,ablationsoftmin_only__ballspeed9__noplot__servebox__softminbeta10.0,"{""--ablation"": ""softmin_only"", ""--ball-speed"": 9, ""--no-plot"": null, ""--serve-box"": null, ""--softmin-beta"": 10.0}",29,True,active,0.106484,1.908637,0.103471,35.0,105.0,0.99,1.0,1.2,5.0,0.106484,0.363,2.47,
exp18_sensitivity,ablationsoftmin_only__ballspeed9__noplot__servebox__softminbeta10.0,"{""--ablation"": ""softmin_only"", ""--ball-speed"": 9, ""--no-plot"": null, ""--serve-box"": null, ""--softmin-beta"": 10.0}",34,True,active,0.090987,1.983368,0.090987,30.0,105.0,1.81,1.0,1.7,20.0,0.090987,1.661,1.48,
exp18_sensitivity,ablationsoftmin_only__ballspeed9__noplot__servebox__softminbeta10.0,"{""--ablation"": ""softmin_only"", ""--ball-speed"": 9, ""--no-plot"": null, ""--serve-box"": null, ""--softmin-beta"": 10.0}",36,True,active,0.115858,1.931859,0.113812,35.0,105.0,1.79,1.0,1.8,10.0,0.115858,1.403,1.48,
exp18_sensitivity,ablationsoftmin_only__ballspeed9__noplot__servebox__softminbeta10.0,"{""--ablation"": ""softmin_only"", ""--ball-speed"": 9, ""--no-plot"": null, ""--serve-box"": null, ""--softmin-beta"": 10.0}",33,True,active,0.110297,1.972966,0.110297,35.0,105.0,1.79,0.98,2.0,15.0,0.110297,1.783,2.04,
exp18_sensitivity,ablationsoftmin_only__ballspeed9__noplot__servebox__softminbeta10.0,"{""--ablation"": ""softmin_only"", ""--ball-speed"": 9, ""--no-plot"": null, ""--serve-box"": null, ""--softmin-beta"": 10.0}",37,True,active,0.139205,1.965343,0.125334,35.0,65.0,1.65,1.0,1.7,20.0,0.139205,1.298,1.5,
exp18_sensitivity,ablationsoftmin_only__ballspeed9__noplot__servebox__softminbeta10.0,"{""--ablation"": ""softmin_only"", ""--ball-speed"": 9, ""--no-plot"": null, ""--serve-box"": null, ""--softmin-beta"": 10.0}",40,True,active,0.073123,1.977508,0.073123,40.0,105.0,1.81,0.98,1.7,15.0,0.073123,1.732,1.61,
exp18_sensitivity,ablationsoftmin_only__ballspeed9__noplot__servebox__softminbeta10.0,"{""--ablation"": ""softmin_only"", ""--ball-speed"": 9, ""--no-plot"": null, ""--serve-box"": null, ""--softmin-beta"": 10.0}",42,True,active,0.094911,1.966659,0.094911,35.0,105.0,1.81,1.0,1.7,20.0,0.094911,1.537,1.5,
exp18_sensitivity,ablationsoftmin_only__ballspeed9__noplot__servebox__softminbeta10.0,"{""--ablation"": ""softmin_only"", ""--ball-speed"": 9, ""--no-plot"": null, ""--serve-box"": null, ""--softmin-beta"": 10.0}",30,True,active,0.071285,1.94592,0.051287,0.0,0.0,1.79,0.98,1.7,20.0,0.071285,1.784,2.89,
exp18_sensitivity,ablationsoftmin_only__ballspeed9__noplot__servebox__softminbeta10.0,"{""--ablation"": ""softmin_only"", ""--ball-speed"": 9, ""--no-plot"": null, ""--serve-box"": null, ""--softmin-beta"": 10.0}",43,True,active,0.115631,1.944806,0.113097,35.0,105.0,1.8,1.0,1.8,25.0,0.115631,1.395,1.64,
exp18_sensitivity,ablationsoftmin_only__ballspeed9__noplot__servebox__softminbeta10.0,"{""--ablation"": ""softmin_only"", ""--ball-speed"": 9, ""--no-plot"": null, ""--serve-box"": null, ""--softmin-beta"": 10.0}",46,True,active,0.108509,1.968238,0.104566,35.0,105.0,1.34,0.99,1.4,10.0,0.108509,1.098,1.49,
exp18_sensitivity,ablationsoftmin_only__ballspeed9__noplot__servebox__softminbeta10.0,"{""--ablation"": ""softmin_only"", ""--ball-speed"": 9, ""--no-plot"": null, ""--serve-box"": null, ""--softmin-beta"": 10.0}",47,True,active,0.064985,1.887022,0.064985,50.0,105.0,1.52,0.98,1.6,10.0,0.064985,1.116,1.4,
exp18_sensitivity,ablationsoftmin_only__ballspeed9__noplot__servebox__softminbeta10.0,"{""--ablation"": ""softmin_only"", ""--ball-speed"": 9, ""--no-plot"": null, ""--serve-box"": null, ""--softmin-beta"": 10.0}",35,True,active,0.113393,1.959297,0.104403,40.0,105.0,1.79,0.99,1.7,20.0,0.113393,1.656,2.79,
exp18_sensitivity,ablationsoftmin_only__ballspeed9__noplot__servebox__softminbeta10.0,"{""--ablation"": ""softmin_only"", ""--ball-speed"": 9, ""--no-plot"": null, ""--serve-box"": null, ""--softmin-beta"": 10.0}",48,True,active,0.105045,1.942427,0.099419,35.0,105.0,1.79,1.0,1.7,20.0,0.105045,1.75,1.45,
exp18_sensitivity,ablationsoftmin_only__ballspeed9__noplot__servebox__softminbeta10.0,"{""--ablation"": ""softmin_only"", ""--ball-speed"": 9, ""--no-plot"": null, ""--serve-box"": null, ""--softmin-beta"": 10.0}",49,True,active,0.091449,1.949414,0.084788,45.0,105.0,1.78,0.99,1.9,20.0,0.091449,1.743,1.42,
exp18_sensitivity,ablationsoftmin_only__ballspeed9__noplot__servebox__softminbeta10.0,"{""--ablation"": ""softmin_only"", ""--ball-speed"": 9, ""--no-plot"": null, ""--serve-box"": null, ""--softmin-beta"": 10.0}",51,True,active,0.112968,1.953826,0.099565,40.0,105.0,1.68,1.0,1.8,15.0,0.112968,1.562,1.39,
exp18_sensitivity,ablationsoftmin_only__ballspeed9__noplot__servebox__softminbeta10.0,"{""--ablation"": ""softmin_only"", ""--ball-speed"": 9, ""--no-plot"": null, ""--serve-box"": null, ""--softmin-beta"": 10.0}",38,True,active,0.089315,1.985162,0.089315,30.0,105.0,1.81,1.0,1.7,20.0,0.089315,1.452,3.01,
exp18_sensitivity,ablationsoftmin_only__ballspeed9__noplot__servebox__softminbeta10.0,"{""--ablation"": ""softmin_only"", ""--ball-speed"": 9, ""--no-plot"": null, ""--serve-box"": null, ""--softmin-beta"": 10.0}",50,True,active,0.11287,1.94601,0.106058,30.0,85.0,1.81,1.0,2.0,20.0,0.11287,1.724,1.6,
exp18_sensitivity,ablationsoftmin_only__ballspeed9__noplot__servebox__softminbeta10.0,"{""--ablation"": ""softmin_only"", ""--ball-speed"": 9, ""--no-plot"": null, ""--serve-box"": null, ""--softmin-beta"": 10.0}",39,True,active,0.091562,1.913835,0.091562,40.0,105.0,1.8,0.99,2.0,10.0,0.091562,1.773,2.94,
exp18_sensitivity,ablationsoftmin_only__ballspeed9__noplot__servebox__softminbeta10.0,"{""--ablation"": ""softmin_only"", ""--ball-speed"": 9, ""--no-plot"": null, ""--serve-box"": null, ""--softmin-beta"": 10.0}",45,True,active,0.109188,1.972797,0.108132,35.0,105.0,1.81,1.0,1.8,20.0,0.109188,1.799,2.41,
exp18_sensitivity,ablationsoftmin_only__ballspeed9__noplot__servebox__softminbeta10.0,"{""--ablation"": ""softmin_only"", ""--ball-speed"": 9, ""--no-plot"": null, ""--serve-box"": null, ""--softmin-beta"": 10.0}",41,True,active,0.056175,1.99712,0.034779,40.0,105.0,1.8,1.0,2.1,5.0,0.056175,1.348,3.15,
exp18_sensitivity,ablationsoftmin_only__ballspeed9__noplot__servebox__softminbeta10.0,"{""--ablation"": ""softmin_only"", ""--ball-speed"": 9, ""--no-plot"": null, ""--serve-box"": null, ""--softmin-beta"": 10.0}",44,True,active,0.129566,1.964778,0.121275,40.0,105.0,1.83,1.0,2.2,20.0,0.129566,1.757,2.96,
exp18_sensitivity,ablationsoftmin_only__ballspeed9__noplot__servebox__softminbeta10.0,"{""--ablation"": ""softmin_only"", ""--ball-speed"": 9, ""--no-plot"": null, ""--serve-box"": null, ""--softmin-beta"": 10.0}",53,True,active,0.043133,1.938171,0.043133,40.0,105.0,1.41,1.0,1.5,10.0,0.043133,0.467,1.65,
exp18_sensitivity,ablationsoftmin_only__ballspeed9__noplot__servebox__softminbeta10.0,"{""--ablation"": ""softmin_only"", ""--ball-speed"": 9, ""--no-plot"": null, ""--serve-box"": null, ""--softmin-beta"": 10.0}",54,True,active,0.026602,2.002052,0.026602,0.0,40.0,1.83,0.99,1.8,25.0,0.026602,1.798,1.62,
exp18_sensitivity,ablationsoftmin_only__ballspeed9__noplot__servebox__softminbeta10.0,"{""--ablation"": ""softmin_only"", ""--ball-speed"": 9, ""--no-plot"": null, ""--serve-box"": null, ""--softmin-beta"": 10.0}",55,True,active,0.088314,1.991799,0.082141,40.0,105.0,1.8,0.96,1.9,20.0,0.088314,1.797,1.55,
exp18_sensitivity,ablationsoftmin_only__ballspeed9__noplot__servebox__softminbeta10.0,"{""--ablation"": ""softmin_only"", ""--ball-speed"": 9, ""--no-plot"": null, ""--serve-box"": null, ""--softmin-beta"": 10.0}",58,True,active,0.077252,1.896829,0.07613,45.0,105.0,1.4,1.0,1.8,15.0,0.077252,1.252,1.54,
exp18_sensitivity,ablationsoftmin_only__ballspeed9__noplot__servebox__softminbeta10.0,"{""--ablation"": ""softmin_only"", ""--ball-speed"": 9, ""--no-plot"": null, ""--serve-box"": null, ""--softmin-beta"": 10.0}",60,True,active,0.127872,1.958513,0.126691,35.0,105.0,1.8,1.0,1.9,20.0,0.127872,1.57,1.49,
exp18_sensitivity,ablationsoftmin_only__ballspeed9__noplot__servebox__softminbeta10.0,"{""--ablation"": ""softmin_only"", ""--ball-speed"": 9, ""--no-plot"": null, ""--serve-box"": null, ""--softmin-beta"": 10.0}",59,True,active,0.096787,1.962974,0.089674,35.0,85.0,1.79,1.0,1.8,25.0,0.096787,1.79,1.63,
exp18_sensitivity,ablationsoftmin_only__ballspeed9__noplot__servebox__softminbeta10.0,"{""--ablation"": ""softmin_only"", ""--ball-speed"": 9, ""--no-plot"": null, ""--serve-box"": null, ""--softmin-beta"": 10.0}",52,True,active,0.083158,1.959336,0.078359,35.0,105.0,1.8,0.99,1.5,20.0,0.083158,1.743,2.62,
exp18_sensitivity,ablationsoftmin_only__ballspeed9__noplot__servebox__softminbeta10.0,"{""--ablation"": ""softmin_only"", ""--ball-speed"": 9, ""--no-plot"": null, ""--serve-box"": null, ""--softmin-beta"": 10.0}",64,True,active,0.128042,1.958688,0.118029,35.0,105.0,1.81,0.99,1.6,20.0,0.128042,1.687,1.59,
exp18_sensitivity,ablationsoftmin_only__ballspeed9__noplot__servebox__softminbeta10.0,"{""--ablation"": ""softmin_only"", ""--ball-speed"": 9, ""--no-plot"": null, ""--serve-box"": null, ""--softmin-beta"": 10.0}",62,True,active,0.095273,1.973723,0.092454,35.0,105.0,1.8,0.99,1.8,20.0,0.095273,1.673,1.67,
exp18_sensitivity,ablationsoftmin_only__ballspeed9__noplot__servebox__softminbeta10.0,"{""--ablation"": ""softmin_only"", ""--ball-speed"": 9, ""--no-plot"": null, ""--serve-box"": null, ""--softmin-beta"": 10.0}",66,True,active,0.124686,1.952174,0.112218,40.0,100.0,1.8,1.0,1.8,20.0,0.124686,1.52,1.49,
exp18_sensitivity,ablationsoftmin_only__ballspeed9__noplot__servebox__softminbeta10.0,"{""--ablation"": ""softmin_only"", ""--ball-speed"": 9, ""--no-plot"": null, ""--serve-box"": null, ""--softmin-beta"": 10.0}",56,False,miss,0.368242,1.958887,0.14745,0.0,0.0,1.79,1.0,2.0,0.0,0.368242,0.0,2.6,
exp18_sensitivity,ablationsoftmin_only__ballspeed9__noplot__servebox__softminbeta10.0,"{""--ablation"": ""softmin_only"", ""--ball-speed"": 9, ""--no-plot"": null, ""--serve-box"": null, ""--softmin-beta"": 10.0}",68,True,active,0.071333,1.922423,0.064737,45.0,105.0,1.62,1.0,1.1,5.0,0.071333,1.194,1.44,
exp18_sensitivity,ablationsoftmin_only__ballspeed9__noplot__servebox__softminbeta10.0,"{""--ablation"": ""softmin_only"", ""--ball-speed"": 9, ""--no-plot"": null, ""--serve-box"": null, ""--softmin-beta"": 10.0}",69,True,active,0.113759,1.943672,0.111138,35.0,105.0,1.77,1.0,1.9,20.0,0.113759,1.556,1.44,
exp18_sensitivity,ablationsoftmin_only__ballspeed9__noplot__servebox__softminbeta10.0,"{""--ablation"": ""softmin_only"", ""--ball-speed"": 9, ""--no-plot"": null, ""--serve-box"": null, ""--softmin-beta"": 10.0}",70,True,active,0.082875,1.983895,0.082875,40.0,105.0,1.79,1.0,1.7,20.0,0.082875,1.761,1.55,
exp18_sensitivity,ablationsoftmin_only__ballspeed9__noplot__servebox__softminbeta10.0,"{""--ablation"": ""softmin_only"", ""--ball-speed"": 9, ""--no-plot"": null, ""--serve-box"": null, ""--softmin-beta"": 10.0}",57,True,active,0.097783,1.972986,0.092844,0.0,0.0,1.8,0.93,2.0,20.0,0.097783,1.789,2.7,
exp18_sensitivity,ablationsoftmin_only__ballspeed9__noplot__servebox__softminbeta10.0,"{""--ablation"": ""softmin_only"", ""--ball-speed"": 9, ""--no-plot"": null, ""--serve-box"": null, ""--softmin-beta"": 10.0}",61,True,active,0.114318,1.984063,0.114318,30.0,105.0,1.81,1.0,1.6,20.0,0.114318,1.692,2.92,
exp18_sensitivity,ablationsoftmin_only__ballspeed9__noplot__servebox__softminbeta10.0,"{""--ablation"": ""softmin_only"", ""--ball-speed"": 9, ""--no-plot"": null, ""--serve-box"": null, ""--softmin-beta"": 10.0}",72,True,active,0.074501,1.984458,0.074501,40.0,105.0,1.79,0.99,1.8,15.0,0.074501,1.748,1.51,
exp18_sensitivity,ablationsoftmin_only__ballspeed9__noplot__servebox__softminbeta10.0,"{""--ablation"": ""softmin_only"", ""--ball-speed"": 9, ""--no-plot"": null, ""--serve-box"": null, ""--softmin-beta"": 10.0}",65,True,active,0.092845,1.99361,0.092845,30.0,105.0,1.82,1.0,1.8,20.0,0.092845,1.775,2.63,
exp18_sensitivity,ablationsoftmin_only__ballspeed9__noplot__servebox__softminbeta10.0,"{""--ablation"": ""softmin_only"", ""--ball-speed"": 9, ""--no-plot"": null, ""--serve-box"": null, ""--softmin-beta"": 10.0}",73,True,active,0.140882,1.988806,0.136042,35.0,105.0,1.73,0.99,1.5,20.0,0.140882,1.456,1.52,
exp18_sensitivity,ablationsoftmin_only__ballspeed9__noplot__servebox__softminbeta10.0,"{""--ablation"": ""softmin_only"", ""--ball-speed"": 9, ""--no-plot"": null, ""--serve-box"": null, ""--softmin-beta"": 10.0}",71,True,active,0.126612,1.976013,0.126612,20.0,80.0,1.78,1.0,1.9,25.0,0.126612,1.555,1.78,
exp18_sensitivity,ablationsoftmin_only__ballspeed9__noplot__servebox__softminbeta10.0,"{""--ablation"": ""softmin_only"", ""--ball-speed"": 9, ""--no-plot"": null, ""--serve-box"": null, ""--softmin-beta"": 10.0}",63,True,active,0.072817,1.982574,0.072817,40.0,105.0,1.81,1.0,1.5,20.0,0.072817,1.57,3.01,
exp18_sensitivity,ablationsoftmin_only__ballspeed9__noplot__servebox__softminbeta10.0,"{""--ablation"": ""softmin_only"", ""--ball-speed"": 9, ""--no-plot"": null, ""--serve-box"": null, ""--softmin-beta"": 10.0}",67,True,active,0.073771,1.954488,0.073771,35.0,105.0,1.78,0.99,1.8,15.0,0.073771,1.568,2.75,
exp18_sensitivity,ablationsoftmin_only__ballspeed9__noplot__servebox__softminbeta10.0,"{""--ablation"": ""softmin_only"", ""--ball-speed"": 9, ""--no-plot"": null, ""--serve-box"": null, ""--softmin-beta"": 10.0}",76,True,active,0.084506,1.911595,0.079259,0.0,0.0,1.68,0.99,1.8,15.0,0.084506,1.582,1.5,
exp18_sensitivity,ablationsoftmin_only__ballspeed9__noplot__servebox__softminbeta10.0,"{""--ablation"": ""softmin_only"", ""--ball-speed"": 9, ""--no-plot"": null, ""--serve-box"": null, ""--softmin-beta"": 10.0}",79,True,active,0.109749,1.943225,0.078906,25.0,60.0,1.79,0.99,1.6,20.0,0.109749,1.751,1.48,
exp18_sensitivity,ablationsoftmin_only__ballspeed9__noplot__servebox__softminbeta10.0,"{""--ablation"": ""softmin_only"", ""--ball-speed"": 9, ""--no-plot"": null, ""--serve-box"": null, ""--softmin-beta"": 10.0}",77,True,active,0.092238,1.911211,0.08295,40.0,105.0,1.48,1.0,1.4,15.0,0.092238,1.407,1.59,
exp18_sensitivity,ablationsoftmin_only__ballspeed9__noplot__servebox__softminbeta10.0,"{""--ablation"": ""softmin_only"", ""--ball-speed"": 9, ""--no-plot"": null, ""--serve-box"": null, ""--softmin-beta"": 10.0}",74,True,active,0.102079,1.949042,0.092375,40.0,105.0,1.8,0.99,1.8,20.0,0.102079,1.612,2.31,
exp18_sensitivity,ablationsoftmin_only__ballspeed9__noplot__servebox__softminbeta10.0,"{""--ablation"": ""softmin_only"", ""--ball-speed"": 9, ""--no-plot"": null, ""--serve-box"": null, ""--softmin-beta"": 10.0}",78,True,active,0.087023,1.93995,0.083849,35.0,105.0,1.8,0.99,1.8,20.0,0.087023,1.635,1.81,
exp18_sensitivity,ablationsoftmin_only__ballspeed9__noplot__servebox__softminbeta10.0,"{""--ablation"": ""softmin_only"", ""--ball-speed"": 9, ""--no-plot"": null, ""--serve-box"": null, ""--softmin-beta"": 10.0}",80,True,active,0.030953,1.933759,0.030953,50.0,105.0,1.81,1.0,1.5,10.0,0.030953,0.789,2.15,
exp18_sensitivity,ablationsoftmin_only__ballspeed9__noplot__servebox__softminbeta10.0,"{""--ablation"": ""softmin_only"", ""--ball-speed"": 9, ""--no-plot"": null, ""--serve-box"": null, ""--softmin-beta"": 10.0}",83,True,active,0.106132,1.987813,0.106132,40.0,105.0,1.59,1.0,1.5,15.0,0.106132,1.425,1.45,
exp18_sensitivity,ablationsoftmin_only__ballspeed9__noplot__servebox__softminbeta10.0,"{""--ablation"": ""softmin_only"", ""--ball-speed"": 9, ""--no-plot"": null, ""--serve-box"": null, ""--softmin-beta"": 10.0}",87,True,active,0.132261,1.950591,0.121874,35.0,100.0,1.78,0.99,1.9,20.0,0.132261,1.465,1.49,
exp18_sensitivity,ablationsoftmin_only__ballspeed9__noplot__servebox__softminbeta10.0,"{""--ablation"": ""softmin_only"", ""--ball-speed"": 9, ""--no-plot"": null, ""--serve-box"": null, ""--softmin-beta"": 10.0}",81,True,active,0.071023,1.982943,0.071023,35.0,105.0,1.79,1.0,1.8,20.0,0.071023,1.411,2.29,
exp18_sensitivity,ablationsoftmin_only__ballspeed9__noplot__servebox__softminbeta10.0,"{""--ablation"": ""softmin_only"", ""--ball-speed"": 9, ""--no-plot"": null, ""--serve-box"": null, ""--softmin-beta"": 10.0}",85,True,active,0.076236,1.966507,0.074221,40.0,105.0,1.8,0.99,1.6,10.0,0.076236,1.656,1.61,
exp18_sensitivity,ablationsoftmin_only__ballspeed9__noplot__servebox__softminbeta10.0,"{""--ablation"": ""softmin_only"", ""--ball-speed"": 9, ""--no-plot"": null, ""--serve-box"": null, ""--softmin-beta"": 10.0}",89,True,active,0.079683,1.937969,0.079683,40.0,105.0,1.79,0.97,1.8,15.0,0.079683,1.784,1.44,
exp18_sensitivity,ablationsoftmin_only__ballspeed9__noplot__servebox__softminbeta10.0,"{""--ablation"": ""softmin_only"", ""--ball-speed"": 9, ""--no-plot"": null, ""--serve-box"": null, ""--softmin-beta"": 10.0}",75,True,active,0.12734,1.946594,0.126058,35.0,105.0,1.3,0.99,1.5,5.0,0.12734,0.788,2.98,
exp18_sensitivity,ablationsoftmin_only__ballspeed9__noplot__servebox__softminbeta10.0,"{""--ablation"": ""softmin_only"", ""--ball-speed"": 9, ""--no-plot"": null, ""--serve-box"": null, ""--softmin-beta"": 10.0}",86,True,active,0.084805,1.952287,0.084805,40.0,105.0,1.78,1.0,1.8,15.0,0.084805,1.657,1.87,
exp18_sensitivity,ablationsoftmin_only__ballspeed9__noplot__servebox__softminbeta10.0,"{""--ablation"": ""softmin_only"", ""--ball-speed"": 9, ""--no-plot"": null, ""--serve-box"": null, ""--softmin-beta"": 10.0}",88,True,active,0.101654,1.967029,0.101654,35.0,105.0,1.8,0.99,2.0,20.0,0.101654,1.669,1.72,
exp18_sensitivity,ablationsoftmin_only__ballspeed9__noplot__servebox__softminbeta10.0,"{""--ablation"": ""softmin_only"", ""--ball-speed"": 9, ""--no-plot"": null, ""--serve-box"": null, ""--softmin-beta"": 10.0}",91,True,active,0.006856,1.964642,0.006856,55.0,105.0,1.6,1.0,1.5,5.0,0.006856,0.674,1.58,
exp18_sensitivity,ablationsoftmin_only__ballspeed9__noplot__servebox__softminbeta10.0,"{""--ablation"": ""softmin_only"", ""--ball-speed"": 9, ""--no-plot"": null, ""--serve-box"": null, ""--softmin-beta"": 10.0}",93,True,active,0.095907,1.937913,0.085582,45.0,105.0,1.79,0.99,2.1,15.0,0.095907,1.731,1.41,
exp18_sensitivity,ablationsoftmin_only__ballspeed9__noplot__servebox__softminbeta10.0,"{""--ablation"": ""softmin_only"", ""--ball-speed"": 9, ""--no-plot"": null, ""--serve-box"": null, ""--softmin-beta"": 10.0}",82,True,active,0.105294,1.941442,0.101386,40.0,105.0,1.8,0.99,1.7,15.0,0.105294,1.794,3.02,
exp18_sensitivity,ablationsoftmin_only__ballspeed9__noplot__servebox__softminbeta10.0,"{""--ablation"": ""softmin_only"", ""--ball-speed"": 9, ""--no-plot"": null, ""--serve-box"": null, ""--softmin-beta"": 10.0}",92,True,active,0.106301,1.956975,0.087002,40.0,105.0,1.79,1.0,1.9,30.0,0.106301,1.716,1.96,
exp18_sensitivity,ablationsoftmin_only__ballspeed9__noplot__servebox__softminbeta10.0,"{""--ablation"": ""softmin_only"", ""--ball-speed"": 9, ""--no-plot"": null, ""--serve-box"": null, ""--softmin-beta"": 10.0}",84,True,active,0.076655,1.959534,0.070055,40.0,105.0,1.8,1.0,1.8,20.0,0.076655,1.718,2.83,
exp18_sensitivity,ablationsoftmin_only__ballspeed9__noplot__servebox__softminbeta10.0,"{""--ablation"": ""softmin_only"", ""--ball-speed"": 9, ""--no-plot"": null, ""--serve-box"": null, ""--softmin-beta"": 10.0}",95,True,active,0.100277,1.933371,0.086379,40.0,105.0,1.76,0.99,1.8,25.0,0.100277,1.546,1.89,
exp18_sensitivity,ablationsoftmin_only__ballspeed9__noplot__servebox__softminbeta10.0,"{""--ablation"": ""softmin_only"", ""--ball-speed"": 9, ""--no-plot"": null, ""--serve-box"": null, ""--softmin-beta"": 10.0}",96,True,active,0.083005,1.980057,0.077247,35.0,105.0,1.81,0.94,1.8,20.0,0.083005,1.739,1.79,
exp18_sensitivity,ablationsoftmin_only__ballspeed9__noplot__servebox__softminbeta10.0,"{""--ablation"": ""softmin_only"", ""--ball-speed"": 9, ""--no-plot"": null, ""--serve-box"": null, ""--softmin-beta"": 10.0}",94,True,active,0.094843,1.978892,0.094843,35.0,105.0,1.8,0.97,1.8,20.0,0.094843,1.744,2.29,
exp18_sensitivity,ablationsoftmin_only__ballspeed9__noplot__servebox__softminbeta10.0,"{""--ablation"": ""softmin_only"", ""--ball-speed"": 9, ""--no-plot"": null, ""--serve-box"": null, ""--softmin-beta"": 10.0}",90,True,active,0.087297,1.974534,0.085874,40.0,105.0,1.81,0.96,2.1,15.0,0.087297,1.806,3.02,
exp18_sensitivity,ablationsoftmin_only__ballspeed9__noplot__servebox__softminbeta10.0,"{""--ablation"": ""softmin_only"", ""--ball-speed"": 9, ""--no-plot"": null, ""--serve-box"": null, ""--softmin-beta"": 10.0}",102,True,active,0.066594,1.983767,0.06629,45.0,105.0,1.8,0.99,1.6,15.0,0.066594,1.721,1.59,
exp18_sensitivity,ablationsoftmin_only__ballspeed9__noplot__servebox__softminbeta10.0,"{""--ablation"": ""softmin_only"", ""--ball-speed"": 9, ""--no-plot"": null, ""--serve-box"": null, ""--softmin-beta"": 10.0}",101,True,active,0.12413,1.971669,0.121516,30.0,105.0,1.8,1.0,1.6,20.0,0.12413,1.553,1.7,
exp18_sensitivity,ablationsoftmin_only__ballspeed9__noplot__servebox__softminbeta10.0,"{""--ablation"": ""softmin_only"", ""--ball-speed"": 9, ""--no-plot"": null, ""--serve-box"": null, ""--softmin-beta"": 10.0}",97,True,active,0.131874,1.974839,0.12239,30.0,85.0,1.79,1.0,1.9,20.0,0.131874,1.681,1.98,
exp18_sensitivity,ablationsoftmin_only__ballspeed9__noplot__servebox__softminbeta10.0,"{""--ablation"": ""softmin_only"", ""--ball-speed"": 9, ""--no-plot"": null, ""--serve-box"": null, ""--softmin-beta"": 10.0}",103,True,active,0.12184,1.958273,0.108105,40.0,105.0,1.79,1.0,1.7,20.0,0.12184,1.567,1.85,
exp18_sensitivity,ablationsoftmin_only__ballspeed9__noplot__servebox__softminbeta10.0,"{""--ablation"": ""softmin_only"", ""--ball-speed"": 9, ""--no-plot"": null, ""--serve-box"": null, ""--softmin-beta"": 10.0}",107,True,active,0.110176,1.983086,0.110176,35.0,105.0,1.8,1.0,2.1,20.0,0.110176,1.78,1.63,
exp18_sensitivity,ablationsoftmin_only__ballspeed9__noplot__servebox__softminbeta10.0,"{""--ablation"": ""softmin_only"", ""--ball-speed"": 9, ""--no-plot"": null, ""--serve-box"": null, ""--softmin-beta"": 10.0}",105,True,active,0.110889,1.973746,0.103247,40.0,105.0,1.8,0.99,1.8,20.0,0.110889,1.475,2.03,
exp18_sensitivity,ablationsoftmin_only__ballspeed9__noplot__servebox__softminbeta10.0,"{""--ablation"": ""softmin_only"", ""--ball-speed"": 9, ""--no-plot"": null, ""--serve-box"": null, ""--softmin-beta"": 10.0}",108,True,active,0.108949,1.992505,0.101552,40.0,105.0,1.8,0.98,2.1,20.0,0.108949,1.274,1.77,
exp18_sensitivity,ablationsoftmin_only__ballspeed9__noplot__servebox__softminbeta10.0,"{""--ablation"": ""softmin_only"", ""--ball-speed"": 9, ""--no-plot"": null, ""--serve-box"": null, ""--softmin-beta"": 10.0}",98,True,active,0.085684,1.932208,0.056169,0.0,0.0,1.79,0.99,1.4,20.0,0.085684,1.706,2.98,
exp18_sensitivity,ablationsoftmin_only__ballspeed9__noplot__servebox__softminbeta10.0,"{""--ablation"": ""softmin_only"", ""--ball-speed"": 9, ""--no-plot"": null, ""--serve-box"": null, ""--softmin-beta"": 10.0}",100,True,active,0.081013,1.985073,0.076399,40.0,105.0,1.8,0.98,1.8,20.0,0.081013,1.778,2.81,
exp18_sensitivity,ablationsoftmin_only__ballspeed9__noplot__servebox__softminbeta10.0,"{""--ablation"": ""softmin_only"", ""--ball-speed"": 9, ""--no-plot"": null, ""--serve-box"": null, ""--softmin-beta"": 10.0}",99,True,active,0.12259,1.963722,0.117563,35.0,105.0,1.8,1.0,1.8,20.0,0.12259,1.802,3.01,
exp18_sensitivity,ablationsoftmin_only__ballspeed9__noplot__servebox__softminbeta10.0,"{""--ablation"": ""softmin_only"", ""--ball-speed"": 9, ""--no-plot"": null, ""--serve-box"": null, ""--softmin-beta"": 10.0}",110,True,active,0.070703,1.971012,0.068413,35.0,105.0,1.79,0.98,1.7,25.0,0.070703,1.777,1.49,
exp18_sensitivity,ablationsoftmin_only__ballspeed9__noplot__servebox__softminbeta10.0,"{""--ablation"": ""softmin_only"", ""--ball-speed"": 9, ""--no-plot"": null, ""--serve-box"": null, ""--softmin-beta"": 10.0}",106,False,miss,0.411209,1.95627,0.134383,0.0,5.0,1.8,0.98,1.8,0.0,0.411209,0.0,2.26,
exp18_sensitivity,ablationsoftmin_only__ballspeed9__noplot__servebox__softminbeta10.0,"{""--ablation"": ""softmin_only"", ""--ball-speed"": 9, ""--no-plot"": null, ""--serve-box"": null, ""--softmin-beta"": 10.0}",109,True,active,0.076877,1.997565,0.074276,40.0,105.0,1.81,0.99,1.5,20.0,0.076877,1.799,1.57,
exp18_sensitivity,ablationsoftmin_only__ballspeed9__noplot__servebox__softminbeta10.0,"{""--ablation"": ""softmin_only"", ""--ball-speed"": 9, ""--no-plot"": null, ""--serve-box"": null, ""--softmin-beta"": 10.0}",121,,,,,,,,,,,,,,0.32,no_result
exp18_sensitivity,ablationsoftmin_only__ballspeed9__noplot__servebox__softminbeta10.0,"{""--ablation"": ""softmin_only"", ""--ball-speed"": 9, ""--no-plot"": null, ""--serve-box"": null, ""--softmin-beta"": 10.0}",113,True,active,0.090365,1.957589,0.067578,0.0,0.0,1.8,1.0,1.7,20.0,0.090365,1.759,1.48,
exp18_sensitivity,ablationsoftmin_only__ballspeed9__noplot__servebox__softminbeta10.0,"{""--ablation"": ""softmin_only"", ""--ball-speed"": 9, ""--no-plot"": null, ""--serve-box"": null, ""--softmin-beta"": 10.0}",114,True,active,0.091581,1.921481,0.091581,35.0,105.0,1.8,0.99,1.5,15.0,0.091581,1.738,1.45,
exp18_sensitivity,ablationsoftmin_only__ballspeed9__noplot__servebox__softminbeta10.0,"{""--ablation"": ""softmin_only"", ""--ball-speed"": 9, ""--no-plot"": null, ""--serve-box"": null, ""--softmin-beta"": 10.0}",115,False,miss,0.345543,1.938724,0.102484,0.0,0.0,1.79,0.98,1.4,0.0,0.345543,0.0,1.52,
exp18_sensitivity,ablationsoftmin_only__ballspeed9__noplot__servebox__softminbeta10.0,"{""--ablation"": ""softmin_only"", ""--ball-speed"": 9, ""--no-plot"": null, ""--serve-box"": null, ""--softmin-beta"": 10.0}",104,True,active,0.114976,1.966185,0.112154,35.0,105.0,1.81,0.99,1.6,20.0,0.114976,1.767,2.92,
exp18_sensitivity,ablationsoftmin_only__ballspeed9__noplot__servebox__softminbeta10.0,"{""--ablation"": ""softmin_only"", ""--ball-speed"": 9, ""--no-plot"": null, ""--serve-box"": null, ""--softmin-beta"": 10.0}",116,True,active,0.097987,1.960339,0.093402,35.0,105.0,1.8,1.0,1.7,20.0,0.097987,1.725,1.58,
exp18_sensitivity,ablationsoftmin_only__ballspeed9__noplot__servebox__softminbeta10.0,"{""--ablation"": ""softmin_only"", ""--ball-speed"": 9, ""--no-plot"": null, ""--serve-box"": null, ""--softmin-beta"": 10.0}",111,True,active,0.109619,1.985087,0.107058,35.0,105.0,1.79,1.0,1.9,25.0,0.109619,1.795,2.27,
exp18_sensitivity,ablationsoftmin_only__ballspeed9__noplot__servebox__softminbeta10.0,"{""--ablation"": ""softmin_only"", ""--ball-speed"": 9, ""--no-plot"": null, ""--serve-box"": null, ""--softmin-beta"": 10.0}",117,True,active,0.103563,1.955906,0.091079,0.0,0.0,1.8,1.0,1.7,20.0,0.103563,1.776,1.56,
exp18_sensitivity,ablationsoftmin_only__ballspeed9__noplot__servebox__softminbeta10.0,"{""--ablation"": ""softmin_only"", ""--ball-speed"": 9, ""--no-plot"": null, ""--serve-box"": null, ""--softmin-beta"": 10.0}",120,True,active,0.080371,1.939425,0.080129,40.0,105.0,1.82,0.97,2.0,10.0,0.080371,1.771,1.6,
exp18_sensitivity,ablationsoftmin_only__ballspeed9__noplot__servebox__softminbeta10.0,"{""--ablation"": ""softmin_only"", ""--ball-speed"": 9, ""--no-plot"": null, ""--serve-box"": null, ""--softmin-beta"": 10.0}",119,True,active,0.082157,1.931792,0.082157,35.0,105.0,1.78,1.0,1.9,15.0,0.082157,1.496,1.78,
exp18_sensitivity,ablationsoftmin_only__ballspeed9__noplot__servebox__softminbeta10.0,"{""--ablation"": ""softmin_only"", ""--ball-speed"": 9, ""--no-plot"": null, ""--serve-box"": null, ""--softmin-beta"": 10.0}",112,True,active,0.079744,1.95265,0.074159,0.0,0.0,1.8,0.93,1.6,30.0,0.079744,1.781,3.0,
exp18_sensitivity,ablationsoftmin_only__ballspeed9__noplot__servebox__softminbeta10.0,"{""--ablation"": ""softmin_only"", ""--ball-speed"": 9, ""--no-plot"": null, ""--serve-box"": null, ""--softmin-beta"": 10.0}",128,True,active,0.123935,1.956238,0.114564,35.0,105.0,1.78,1.0,1.5,20.0,0.123935,1.68,1.44,
exp18_sensitivity,ablationsoftmin_only__ballspeed9__noplot__servebox__softminbeta10.0,"{""--ablation"": ""softmin_only"", ""--ball-speed"": 9, ""--no-plot"": null, ""--serve-box"": null, ""--softmin-beta"": 10.0}",126,True,active,0.101381,1.916182,0.100166,35.0,105.0,1.81,1.0,1.7,20.0,0.101381,1.616,1.51,
exp18_sensitivity,ablationsoftmin_only__ballspeed9__noplot__servebox__softminbeta10.0,"{""--ablation"": ""softmin_only"", ""--ball-speed"": 9, ""--no-plot"": null, ""--serve-box"": null, ""--softmin-beta"": 10.0}",127,True,active,0.11124,1.97666,0.109191,35.0,105.0,1.81,0.99,1.8,25.0,0.11124,1.741,1.46,
exp18_sensitivity,ablationsoftmin_only__ballspeed9__noplot__servebox__softminbeta10.0,"{""--ablation"": ""softmin_only"", ""--ball-speed"": 9, ""--no-plot"": null, ""--serve-box"": null, ""--softmin-beta"": 10.0}",129,True,active,0.058376,1.954557,0.058376,35.0,105.0,1.71,0.99,1.8,15.0,0.058376,1.407,1.47,
exp18_sensitivity,ablationsoftmin_only__ballspeed9__noplot__servebox__softminbeta10.0,"{""--ablation"": ""softmin_only"", ""--ball-speed"": 9, ""--no-plot"": null, ""--serve-box"": null, ""--softmin-beta"": 10.0}",131,True,active,0.093438,1.938751,0.093438,35.0,105.0,1.8,0.99,1.8,15.0,0.093438,1.707,1.43,
exp18_sensitivity,ablationsoftmin_only__ballspeed9__noplot__servebox__softminbeta10.0,"{""--ablation"": ""softmin_only"", ""--ball-speed"": 9, ""--no-plot"": null, ""--serve-box"": null, ""--softmin-beta"": 10.0}",132,False,miss,0.269963,1.937563,0.15285,25.0,45.0,1.14,1.0,1.7,0.0,0.269963,0.0,1.5,
exp18_sensitivity,ablationsoftmin_only__ballspeed9__noplot__servebox__softminbeta10.0,"{""--ablation"": ""softmin_only"", ""--ball-speed"": 9, ""--no-plot"": null, ""--serve-box"": null, ""--softmin-beta"": 10.0}",122,True,active,0.139134,1.963283,0.133773,35.0,75.0,1.54,1.0,1.6,15.0,0.139134,1.421,2.47,
exp18_sensitivity,ablationsoftmin_only__ballspeed9__noplot__servebox__softminbeta10.0,"{""--ablation"": ""softmin_only"", ""--ball-speed"": 9, ""--no-plot"": null, ""--serve-box"": null, ""--softmin-beta"": 10.0}",118,True,active,0.062574,1.959566,0.049556,45.0,105.0,1.79,0.97,1.7,20.0,0.062574,1.78,2.9,
exp18_sensitivity,ablationsoftmin_only__ballspeed9__noplot__servebox__softminbeta10.0,"{""--ablation"": ""softmin_only"", ""--ball-speed"": 9, ""--no-plot"": null, ""--serve-box"": null, ""--softmin-beta"": 10.0}",133,True,active,0.108626,1.976937,0.108626,35.0,105.0,1.82,0.99,1.8,15.0,0.108626,1.752,1.77,
exp18_sensitivity,ablationsoftmin_only__ballspeed9__noplot__servebox__softminbeta10.0,"{""--ablation"": ""softmin_only"", ""--ball-speed"": 9, ""--no-plot"": null, ""--serve-box"": null, ""--softmin-beta"": 10.0}",123,True,active,0.047332,1.958698,0.047332,45.0,105.0,1.76,1.0,1.9,5.0,0.047332,1.381,3.02,
exp18_sensitivity,ablationsoftmin_only__ballspeed9__noplot__servebox__softminbeta10.0,"{""--ablation"": ""softmin_only"", ""--ball-speed"": 9, ""--no-plot"": null, ""--serve-box"": null, ""--softmin-beta"": 10.0}",124,True,active,0.087841,1.959985,0.087841,40.0,105.0,1.78,1.0,1.7,15.0,0.087841,1.367,3.07,
exp18_sensitivity,ablationsoftmin_only__ballspeed9__noplot__servebox__softminbeta10.0,"{""--ablation"": ""softmin_only"", ""--ball-speed"": 9, ""--no-plot"": null, ""--serve-box"": null, ""--softmin-beta"": 10.0}",125,False,miss,0.380073,1.957358,0.148209,25.0,100.0,1.47,1.0,1.4,0.0,0.380073,0.0,3.07,
exp18_sensitivity,ablationsoftmin_only__ballspeed9__noplot__servebox__softminbeta10.0,"{""--ablation"": ""softmin_only"", ""--ball-speed"": 9, ""--no-plot"": null, ""--serve-box"": null, ""--softmin-beta"": 10.0}",135,True,active,0.131619,1.973377,0.117387,35.0,105.0,1.81,1.0,1.7,25.0,0.131619,1.412,1.48,
exp18_sensitivity,ablationsoftmin_only__ballspeed9__noplot__servebox__softminbeta10.0,"{""--ablation"": ""softmin_only"", ""--ball-speed"": 9, ""--no-plot"": null, ""--serve-box"": null, ""--softmin-beta"": 10.0}",138,True,active,0.046936,1.92034,0.046936,40.0,105.0,1.78,0.99,2.2,15.0,0.046936,0.32,1.49,
exp18_sensitivity,ablationsoftmin_only__ballspeed9__noplot__servebox__softminbeta10.0,"{""--ablation"": ""softmin_only"", ""--ball-speed"": 9, ""--no-plot"": null, ""--serve-box"": null, ""--softmin-beta"": 10.0}",139,True,active,0.113322,1.977375,0.109212,35.0,105.0,1.77,1.0,1.7,15.0,0.113322,1.657,1.62,
exp18_sensitivity,ablationsoftmin_only__ballspeed9__noplot__servebox__softminbeta10.0,"{""--ablation"": ""softmin_only"", ""--ball-speed"": 9, ""--no-plot"": null, ""--serve-box"": null, ""--softmin-beta"": 10.0}",137,False,miss,0.378943,1.932915,0.128023,0.0,0.0,1.79,1.0,1.6,0.0,0.378943,0.0,1.7,
exp18_sensitivity,ablationsoftmin_only__ballspeed9__noplot__servebox__softminbeta10.0,"{""--ablation"": ""softmin_only"", ""--ball-speed"": 9, ""--no-plot"": null, ""--serve-box"": null, ""--softmin-beta"": 10.0}",136,True,active,0.094751,1.898623,0.094751,0.0,0.0,1.8,1.0,2.1,25.0,0.094751,1.748,1.77,
exp18_sensitivity,ablationsoftmin_only__ballspeed9__noplot__servebox__softminbeta10.0,"{""--ablation"": ""softmin_only"", ""--ball-speed"": 9, ""--no-plot"": null, ""--serve-box"": null, ""--softmin-beta"": 10.0}",130,True,active,0.129969,1.953195,0.120673,25.0,70.0,1.81,0.99,1.7,25.0,0.129969,1.599,3.07,
exp18_sensitivity,ablationsoftmin_only__ballspeed9__noplot__servebox__softminbeta10.0,"{""--ablation"": ""softmin_only"", ""--ball-speed"": 9, ""--no-plot"": null, ""--serve-box"": null, ""--softmin-beta"": 10.0}",143,True,active,0.103778,1.954463,0.103778,40.0,105.0,1.47,0.97,1.4,10.0,0.103778,0.916,1.58,
exp18_sensitivity,ablationsoftmin_only__ballspeed9__noplot__servebox__softminbeta10.0,"{""--ablation"": ""softmin_only"", ""--ball-speed"": 9, ""--no-plot"": null, ""--serve-box"": null, ""--softmin-beta"": 10.0}",141,True,active,0.063101,1.979876,0.046809,45.0,105.0,1.79,0.97,1.5,20.0,0.063101,1.716,1.88,
exp18_sensitivity,ablationsoftmin_only__ballspeed9__noplot__servebox__softminbeta10.0,"{""--ablation"": ""softmin_only"", ""--ball-speed"": 9, ""--no-plot"": null, ""--serve-box"": null, ""--softmin-beta"": 10.0}",140,True,active,0.072138,1.964877,0.070887,35.0,105.0,1.81,0.93,1.7,20.0,0.072138,1.788,2.38,
exp18_sensitivity,ablationsoftmin_only__ballspeed9__noplot__servebox__softminbeta10.0,"{""--ablation"": ""softmin_only"", ""--ball-speed"": 9, ""--no-plot"": null, ""--serve-box"": null, ""--softmin-beta"": 10.0}",142,True,active,0.104837,1.959243,0.093874,35.0,105.0,1.79,1.0,1.6,20.0,0.104837,1.67,2.02,
exp18_sensitivity,ablationsoftmin_only__ballspeed9__noplot__servebox__softminbeta10.0,"{""--ablation"": ""softmin_only"", ""--ball-speed"": 9, ""--no-plot"": null, ""--serve-box"": null, ""--softmin-beta"": 10.0}",144,True,active,0.143252,1.964996,0.134836,40.0,70.0,1.79,1.0,1.8,15.0,0.143252,1.584,1.75,
exp18_sensitivity,ablationsoftmin_only__ballspeed9__noplot__servebox__softminbeta10.0,"{""--ablation"": ""softmin_only"", ""--ball-speed"": 9, ""--no-plot"": null, ""--serve-box"": null, ""--softmin-beta"": 10.0}",134,True,active,0.139289,1.986621,0.13174,30.0,60.0,1.8,1.0,1.7,20.0,0.139289,1.602,2.9,
exp18_sensitivity,ablationsoftmin_only__ballspeed9__noplot__servebox__softminbeta10.0,"{""--ablation"": ""softmin_only"", ""--ball-speed"": 9, ""--no-plot"": null, ""--serve-box"": null, ""--softmin-beta"": 10.0}",145,True,active,0.099715,1.950472,0.099715,35.0,105.0,1.79,1.0,1.7,20.0,0.099715,1.668,1.77,
exp18_sensitivity,ablationsoftmin_only__ballspeed9__noplot__servebox__softminbeta10.0,"{""--ablation"": ""softmin_only"", ""--ball-speed"": 9, ""--no-plot"": null, ""--serve-box"": null, ""--softmin-beta"": 10.0}",148,True,active,0.135563,1.949554,0.125192,35.0,80.0,1.8,1.0,1.8,20.0,0.135563,1.53,1.51,
exp18_sensitivity,ablationsoftmin_only__ballspeed9__noplot__servebox__softminbeta10.0,"{""--ablation"": ""softmin_only"", ""--ball-speed"": 9, ""--no-plot"": null, ""--serve-box"": null, ""--softmin-beta"": 10.0}",147,True,active,0.081698,1.986958,0.081698,35.0,105.0,1.6,0.99,1.6,20.0,0.081698,1.183,1.67,
exp18_sensitivity,ablationsoftmin_only__ballspeed9__noplot__servebox__softminbeta10.0,"{""--ablation"": ""softmin_only"", ""--ball-speed"": 9, ""--no-plot"": null, ""--serve-box"": null, ""--softmin-beta"": 10.0}",151,True,active,0.098079,1.977986,0.093908,35.0,105.0,1.81,0.98,1.7,20.0,0.098079,1.81,1.45,
exp18_sensitivity,ablationsoftmin_only__ballspeed9__noplot__servebox__softminbeta10.0,"{""--ablation"": ""softmin_only"", ""--ball-speed"": 9, ""--no-plot"": null, ""--serve-box"": null, ""--softmin-beta"": 10.0}",153,True,active,0.117907,1.967995,0.112311,35.0,105.0,1.8,0.99,1.8,20.0,0.117907,1.623,1.45,
exp18_sensitivity,ablationsoftmin_only__ballspeed9__noplot__servebox__softminbeta10.0,"{""--ablation"": ""softmin_only"", ""--ball-speed"": 9, ""--no-plot"": null, ""--serve-box"": null, ""--softmin-beta"": 10.0}",156,True,active,0.124129,1.971713,0.122292,30.0,105.0,1.8,1.0,1.6,25.0,0.124129,1.708,1.51,
exp18_sensitivity,ablationsoftmin_only__ballspeed9__noplot__servebox__softminbeta10.0,"{""--ablation"": ""softmin_only"", ""--ball-speed"": 9, ""--no-plot"": null, ""--serve-box"": null, ""--softmin-beta"": 10.0}",149,True,active,0.111936,1.936126,0.105914,35.0,105.0,1.79,1.0,1.8,20.0,0.111936,1.513,2.55,
exp18_sensitivity,ablationsoftmin_only__ballspeed9__noplot__servebox__softminbeta10.0,"{""--ablation"": ""softmin_only"", ""--ball-speed"": 9, ""--no-plot"": null, ""--serve-box"": null, ""--softmin-beta"": 10.0}",157,True,active,0.093978,1.970728,0.085592,35.0,100.0,1.8,0.99,1.8,20.0,0.093978,1.758,1.44,
exp18_sensitivity,ablationsoftmin_only__ballspeed9__noplot__servebox__softminbeta10.0,"{""--ablation"": ""softmin_only"", ""--ball-speed"": 9, ""--no-plot"": null, ""--serve-box"": null, ""--softmin-beta"": 10.0}",158,True,active,0.129404,1.993032,0.124129,30.0,105.0,1.7,1.0,1.9,15.0,0.129404,1.7,1.6,
exp18_sensitivity,ablationsoftmin_only__ballspeed9__noplot__servebox__softminbeta10.0,"{""--ablation"": ""softmin_only"", ""--ball-speed"": 9, ""--no-plot"": null, ""--serve-box"": null, ""--softmin-beta"": 10.0}",146,True,active,0.11094,1.978137,0.11094,35.0,105.0,1.8,0.99,1.9,15.0,0.11094,1.722,3.0,
exp18_sensitivity,ablationsoftmin_only__ballspeed9__noplot__servebox__softminbeta10.0,"{""--ablation"": ""softmin_only"", ""--ball-speed"": 9, ""--no-plot"": null, ""--serve-box"": null, ""--softmin-beta"": 10.0}",161,True,active,0.106077,1.943394,0.102914,0.0,0.0,1.78,1.0,2.0,15.0,0.106077,1.751,1.39,
exp18_sensitivity,ablationsoftmin_only__ballspeed9__noplot__servebox__softminbeta10.0,"{""--ablation"": ""softmin_only"", ""--ball-speed"": 9, ""--no-plot"": null, ""--serve-box"": null, ""--softmin-beta"": 10.0}",162,True,active,0.103901,1.933246,0.086249,0.0,35.0,1.79,1.0,1.6,20.0,0.103901,1.623,1.42,
exp18_sensitivity,ablationsoftmin_only__ballspeed9__noplot__servebox__softminbeta10.0,"{""--ablation"": ""softmin_only"", ""--ball-speed"": 9, ""--no-plot"": null, ""--serve-box"": null, ""--softmin-beta"": 10.0}",159,True,active,0.05671,1.887501,0.05671,40.0,105.0,1.49,0.98,1.3,10.0,0.05671,1.124,1.78,
exp18_sensitivity,ablationsoftmin_only__ballspeed9__noplot__servebox__softminbeta10.0,"{""--ablation"": ""softmin_only"", ""--ball-speed"": 9, ""--no-plot"": null, ""--serve-box"": null, ""--softmin-beta"": 10.0}",163,True,active,0.072523,1.976767,0.064292,40.0,105.0,1.79,0.99,1.5,20.0,0.072523,1.52,1.47,
exp18_sensitivity,ablationsoftmin_only__ballspeed9__noplot__servebox__softminbeta10.0,"{""--ablation"": ""softmin_only"", ""--ball-speed"": 9, ""--no-plot"": null, ""--serve-box"": null, ""--softmin-beta"": 10.0}",164,True,active,0.142038,1.934518,0.135759,30.0,45.0,1.78,1.0,1.6,25.0,0.142038,1.354,1.52,
exp18_sensitivity,ablationsoftmin_only__ballspeed9__noplot__servebox__softminbeta10.0,"{""--ablation"": ""softmin_only"", ""--ball-speed"": 9, ""--no-plot"": null, ""--serve-box"": null, ""--softmin-beta"": 10.0}",150,True,active,0.098662,1.963512,0.098662,35.0,105.0,1.79,0.98,2.0,20.0,0.098662,1.786,3.12,
exp18_sensitivity,ablationsoftmin_only__ballspeed9__noplot__servebox__softminbeta10.0,"{""--ablation"": ""softmin_only"", ""--ball-speed"": 9, ""--no-plot"": null, ""--serve-box"": null, ""--softmin-beta"": 10.0}",165,True,active,0.066354,1.964232,0.066135,45.0,105.0,1.78,1.0,1.4,10.0,0.066354,1.453,1.46,
exp18_sensitivity,ablationsoftmin_only__ballspeed9__noplot__servebox__softminbeta10.0,"{""--ablation"": ""softmin_only"", ""--ball-speed"": 9, ""--no-plot"": null, ""--serve-box"": null, ""--softmin-beta"": 10.0}",152,True,active,0.115227,1.975175,0.099522,40.0,105.0,1.8,0.99,1.5,20.0,0.115227,1.692,2.95,
exp18_sensitivity,ablationsoftmin_only__ballspeed9__noplot__servebox__softminbeta10.0,"{""--ablation"": ""softmin_only"", ""--ball-speed"": 9, ""--no-plot"": null, ""--serve-box"": null, ""--softmin-beta"": 10.0}",154,True,active,0.134622,1.961958,0.115307,35.0,105.0,1.76,1.0,1.5,5.0,0.134622,0.866,3.12,
exp18_sensitivity,ablationsoftmin_only__ballspeed9__noplot__servebox__softminbeta10.0,"{""--ablation"": ""softmin_only"", ""--ball-speed"": 9, ""--no-plot"": null, ""--serve-box"": null, ""--softmin-beta"": 10.0}",155,True,active,0.121375,1.931942,0.121375,35.0,105.0,1.79,1.0,1.6,20.0,0.121375,1.693,3.07,
exp18_sensitivity,ablationsoftmin_only__ballspeed9__noplot__servebox__softminbeta10.0,"{""--ablation"": ""softmin_only"", ""--ball-speed"": 9, ""--no-plot"": null, ""--serve-box"": null, ""--softmin-beta"": 10.0}",160,True,active,0.1296,1.981715,0.127818,30.0,90.0,1.81,1.0,1.8,20.0,0.1296,1.734,2.7,
exp18_sensitivity,ablationsoftmin_only__ballspeed9__noplot__servebox__softminbeta10.0,"{""--ablation"": ""softmin_only"", ""--ball-speed"": 9, ""--no-plot"": null, ""--serve-box"": null, ""--softmin-beta"": 10.0}",168,True,active,0.100721,1.974414,0.099744,0.0,0.0,1.81,0.99,1.8,20.0,0.100721,1.795,1.59,
exp18_sensitivity,ablationsoftmin_only__ballspeed9__noplot__servebox__softminbeta10.0,"{""--ablation"": ""softmin_only"", ""--ball-speed"": 9, ""--no-plot"": null, ""--serve-box"": null, ""--softmin-beta"": 10.0}",169,True,active,0.033224,1.945709,0.028789,40.0,100.0,1.81,1.0,1.6,20.0,0.033224,1.082,1.63,
exp18_sensitivity,ablationsoftmin_only__ballspeed9__noplot__servebox__softminbeta10.0,"{""--ablation"": ""softmin_only"", ""--ball-speed"": 9, ""--no-plot"": null, ""--serve-box"": null, ""--softmin-beta"": 10.0}",173,True,active,0.127696,1.965437,0.122277,30.0,105.0,1.79,1.0,1.9,20.0,0.127696,1.637,1.5,
exp18_sensitivity,ablationsoftmin_only__ballspeed9__noplot__servebox__softminbeta10.0,"{""--ablation"": ""softmin_only"", ""--ball-speed"": 9, ""--no-plot"": null, ""--serve-box"": null, ""--softmin-beta"": 10.0}",171,True,active,0.09616,1.968611,0.092405,35.0,105.0,1.31,1.0,1.3,5.0,0.09616,0.568,1.56,
exp18_sensitivity,ablationsoftmin_only__ballspeed9__noplot__servebox__softminbeta10.0,"{""--ablation"": ""softmin_only"", ""--ball-speed"": 9, ""--no-plot"": null, ""--serve-box"": null, ""--softmin-beta"": 10.0}",172,True,active,0.091757,2.002134,0.091757,35.0,105.0,1.81,1.0,1.6,20.0,0.091757,1.763,1.57,
exp18_sensitivity,ablationsoftmin_only__ballspeed9__noplot__servebox__softminbeta10.0,"{""--ablation"": ""softmin_only"", ""--ball-speed"": 9, ""--no-plot"": null, ""--serve-box"": null, ""--softmin-beta"": 10.0}",174,True,active,0.113506,1.973197,0.112652,30.0,105.0,1.78,1.0,1.9,20.0,0.113506,1.708,1.73,
exp18_sensitivity,ablationsoftmin_only__ballspeed9__noplot__servebox__softminbeta10.0,"{""--ablation"": ""softmin_only"", ""--ball-speed"": 9, ""--no-plot"": null, ""--serve-box"": null, ""--softmin-beta"": 10.0}",177,True,active,0.147457,1.950524,0.144919,30.0,40.0,1.8,0.99,1.8,25.0,0.147457,1.715,1.6,
exp18_sensitivity,ablationsoftmin_only__ballspeed9__noplot__servebox__softminbeta10.0,"{""--ablation"": ""softmin_only"", ""--ball-speed"": 9, ""--no-plot"": null, ""--serve-box"": null, ""--softmin-beta"": 10.0}",170,True,active,0.084581,1.949674,0.07932,40.0,105.0,1.76,1.0,1.6,15.0,0.084581,1.676,2.32,
exp18_sensitivity,ablationsoftmin_only__ballspeed9__noplot__servebox__softminbeta10.0,"{""--ablation"": ""softmin_only"", ""--ball-speed"": 9, ""--no-plot"": null, ""--serve-box"": null, ""--softmin-beta"": 10.0}",166,True,active,0.097022,1.94774,0.089067,35.0,105.0,1.79,0.98,1.8,20.0,0.097022,1.787,2.83,
exp18_sensitivity,ablationsoftmin_only__ballspeed9__noplot__servebox__softminbeta10.0,"{""--ablation"": ""softmin_only"", ""--ball-speed"": 9, ""--no-plot"": null, ""--serve-box"": null, ""--softmin-beta"": 10.0}",167,True,active,0.059983,1.948725,0.047162,45.0,105.0,1.79,1.0,1.6,10.0,0.059983,0.868,2.79,
exp18_sensitivity,ablationsoftmin_only__ballspeed9__noplot__servebox__softminbeta10.0,"{""--ablation"": ""softmin_only"", ""--ball-speed"": 9, ""--no-plot"": null, ""--serve-box"": null, ""--softmin-beta"": 10.0}",178,True,active,0.096432,1.964488,0.091936,40.0,105.0,1.8,1.0,1.7,20.0,0.096432,1.411,2.16,
exp18_sensitivity,ablationsoftmin_only__ballspeed9__noplot__servebox__softminbeta10.0,"{""--ablation"": ""softmin_only"", ""--ball-speed"": 9, ""--no-plot"": null, ""--serve-box"": null, ""--softmin-beta"": 10.0}",175,True,active,0.113289,1.961118,0.105305,40.0,105.0,1.74,1.0,1.5,10.0,0.113289,1.639,2.48,
exp18_sensitivity,ablationsoftmin_only__ballspeed9__noplot__servebox__softminbeta10.0,"{""--ablation"": ""softmin_only"", ""--ball-speed"": 9, ""--no-plot"": null, ""--serve-box"": null, ""--softmin-beta"": 10.0}",180,True,active,0.120974,2.000151,0.120974,25.0,80.0,1.81,0.96,1.8,25.0,0.120974,1.799,1.82,
exp18_sensitivity,ablationsoftmin_only__ballspeed9__noplot__servebox__softminbeta10.0,"{""--ablation"": ""softmin_only"", ""--ball-speed"": 9, ""--no-plot"": null, ""--serve-box"": null, ""--softmin-beta"": 10.0}",181,True,active,0.051448,2.009069,0.051448,40.0,105.0,1.76,0.99,1.4,15.0,0.051448,1.737,1.82,
exp18_sensitivity,ablationsoftmin_only__ballspeed9__noplot__servebox__softminbeta10.0,"{""--ablation"": ""softmin_only"", ""--ball-speed"": 9, ""--no-plot"": null, ""--serve-box"": null, ""--softmin-beta"": 10.0}",186,True,active,0.090705,1.974625,0.085795,35.0,105.0,1.81,1.0,1.6,20.0,0.090705,1.743,1.59,
exp18_sensitivity,ablationsoftmin_only__ballspeed9__noplot__servebox__softminbeta10.0,"{""--ablation"": ""softmin_only"", ""--ball-speed"": 9, ""--no-plot"": null, ""--serve-box"": null, ""--softmin-beta"": 10.0}",176,False,miss,0.246472,1.914914,0.15583,25.0,50.0,1.27,1.0,1.7,0.0,0.246472,0.0,2.92,
exp18_sensitivity,ablationsoftmin_only__ballspeed9__noplot__servebox__softminbeta10.0,"{""--ablation"": ""softmin_only"", ""--ball-speed"": 9, ""--no-plot"": null, ""--serve-box"": null, ""--softmin-beta"": 10.0}",188,True,active,0.098787,1.981196,0.096715,40.0,105.0,1.57,0.99,1.5,15.0,0.098787,1.371,1.76,
exp18_sensitivity,ablationsoftmin_only__ballspeed9__noplot__servebox__softminbeta10.0,"{""--ablation"": ""softmin_only"", ""--ball-speed"": 9, ""--no-plot"": null, ""--serve-box"": null, ""--softmin-beta"": 10.0}",179,True,active,0.072147,1.934868,0.067799,45.0,105.0,1.8,1.0,1.8,15.0,0.072147,1.633,3.14,
exp18_sensitivity,ablationsoftmin_only__ballspeed9__noplot__servebox__softminbeta10.0,"{""--ablation"": ""softmin_only"", ""--ball-speed"": 9, ""--no-plot"": null, ""--serve-box"": null, ""--softmin-beta"": 10.0}",183,True,active,0.048197,1.999028,0.048197,40.0,105.0,1.79,0.99,1.8,15.0,0.048197,1.613,2.33,
exp18_sensitivity,ablationsoftmin_only__ballspeed9__noplot__servebox__softminbeta10.0,"{""--ablation"": ""softmin_only"", ""--ball-speed"": 9, ""--no-plot"": null, ""--serve-box"": null, ""--softmin-beta"": 10.0}",187,True,active,0.097376,1.943765,0.084485,0.0,0.0,1.78,0.99,2.1,20.0,0.097376,1.736,1.98,
exp18_sensitivity,ablationsoftmin_only__ballspeed9__noplot__servebox__softminbeta10.0,"{""--ablation"": ""softmin_only"", ""--ball-speed"": 9, ""--no-plot"": null, ""--serve-box"": null, ""--softmin-beta"": 10.0}",191,True,active,0.1093,1.980518,0.103741,35.0,105.0,1.8,0.99,1.9,20.0,0.1093,1.752,1.55,
exp18_sensitivity,ablationsoftmin_only__ballspeed9__noplot__servebox__softminbeta10.0,"{""--ablation"": ""softmin_only"", ""--ball-speed"": 9, ""--no-plot"": null, ""--serve-box"": null, ""--softmin-beta"": 10.0}",185,True,active,0.059913,2.007979,0.059913,40.0,105.0,1.8,0.99,1.4,20.0,0.059913,1.779,2.51,
exp18_sensitivity,ablationsoftmin_only__ballspeed9__noplot__servebox__softminbeta10.0,"{""--ablation"": ""softmin_only"", ""--ball-speed"": 9, ""--no-plot"": null, ""--serve-box"": null, ""--softmin-beta"": 10.0}",190,True,active,0.054258,1.987819,0.054258,40.0,105.0,1.81,0.9,1.6,15.0,0.054258,1.779,1.86,
exp18_sensitivity,ablationsoftmin_only__ballspeed9__noplot__servebox__softminbeta10.0,"{""--ablation"": ""softmin_only"", ""--ball-speed"": 9, ""--no-plot"": null, ""--serve-box"": null, ""--softmin-beta"": 10.0}",189,True,active,0.132961,1.95439,0.122867,40.0,105.0,1.76,1.0,1.7,10.0,0.132961,1.481,1.87,
exp18_sensitivity,ablationsoftmin_only__ballspeed9__noplot__servebox__softminbeta10.0,"{""--ablation"": ""softmin_only"", ""--ball-speed"": 9, ""--no-plot"": null, ""--serve-box"": null, ""--softmin-beta"": 10.0}",182,True,active,0.052895,1.98636,0.052895,45.0,105.0,1.7,1.0,1.4,15.0,0.052895,1.22,2.97,
exp18_sensitivity,ablationsoftmin_only__ballspeed9__noplot__servebox__softminbeta10.0,"{""--ablation"": ""softmin_only"", ""--ball-speed"": 9, ""--no-plot"": null, ""--serve-box"": null, ""--softmin-beta"": 10.0}",184,True,active,0.076908,1.956978,0.076908,35.0,105.0,1.35,1.0,1.6,15.0,0.076908,1.061,2.83,
exp18_sensitivity,ablationsoftmin_only__ballspeed9__noplot__servebox__softminbeta10.0,"{""--ablation"": ""softmin_only"", ""--ball-speed"": 9, ""--no-plot"": null, ""--serve-box"": null, ""--softmin-beta"": 10.0}",193,True,active,0.124326,1.957626,0.116496,40.0,105.0,1.79,1.0,1.7,15.0,0.124326,1.707,1.64,
exp18_sensitivity,ablationsoftmin_only__ballspeed9__noplot__servebox__softminbeta10.0,"{""--ablation"": ""softmin_only"", ""--ball-speed"": 9, ""--no-plot"": null, ""--serve-box"": null, ""--softmin-beta"": 10.0}",195,True,active,0.100151,1.963285,0.100151,40.0,105.0,1.8,0.99,1.7,15.0,0.100151,1.632,1.58,
exp18_sensitivity,ablationsoftmin_only__ballspeed9__noplot__servebox__softminbeta10.0,"{""--ablation"": ""softmin_only"", ""--ball-speed"": 9, ""--no-plot"": null, ""--serve-box"": null, ""--softmin-beta"": 10.0}",197,True,active,0.106139,1.985803,0.100872,30.0,105.0,1.81,0.98,1.8,25.0,0.106139,1.442,2.0,
exp18_sensitivity,ablationsoftmin_only__ballspeed9__noplot__servebox__softminbeta10.0,"{""--ablation"": ""softmin_only"", ""--ball-speed"": 9, ""--no-plot"": null, ""--serve-box"": null, ""--softmin-beta"": 10.0}",196,False,miss,0.400553,1.96076,0.134627,20.0,75.0,1.79,0.99,1.8,0.0,0.400553,0.0,2.22,
exp18_sensitivity,ablationfull__ballspeed9__noplot__servebox__windowms25.0,"{""--ablation"": ""full"", ""--ball-speed"": 9, ""--no-plot"": null, ""--serve-box"": null, ""--window-ms"": 25.0}",1,True,active,0.051494,1.968114,0.051494,35.0,55.0,1.8,1.0,1.5,20.0,0.051494,1.712,1.54,
exp18_sensitivity,ablationsoftmin_only__ballspeed9__noplot__servebox__softminbeta10.0,"{""--ablation"": ""softmin_only"", ""--ball-speed"": 9, ""--no-plot"": null, ""--serve-box"": null, ""--softmin-beta"": 10.0}",194,True,active,0.102742,1.979828,0.101586,40.0,105.0,1.8,0.99,1.6,20.0,0.102742,1.729,2.65,
exp18_sensitivity,ablationsoftmin_only__ballspeed9__noplot__servebox__softminbeta10.0,"{""--ablation"": ""softmin_only"", ""--ball-speed"": 9, ""--no-plot"": null, ""--serve-box"": null, ""--softmin-beta"": 10.0}",199,True,active,0.104184,1.967375,0.089193,35.0,70.0,1.79,0.99,1.7,25.0,0.104184,1.704,1.78,
exp18_sensitivity,ablationsoftmin_only__ballspeed9__noplot__servebox__softminbeta10.0,"{""--ablation"": ""softmin_only"", ""--ball-speed"": 9, ""--no-plot"": null, ""--serve-box"": null, ""--softmin-beta"": 10.0}",200,False,miss,0.348108,1.922775,0.143676,0.0,0.0,1.4,1.0,1.6,0.0,0.348108,0.0,1.7,
exp18_sensitivity,ablationsoftmin_only__ballspeed9__noplot__servebox__softminbeta10.0,"{""--ablation"": ""softmin_only"", ""--ball-speed"": 9, ""--no-plot"": null, ""--serve-box"": null, ""--softmin-beta"": 10.0}",192,True,active,0.088946,1.944635,0.082623,40.0,105.0,1.6,1.0,1.5,10.0,0.088946,1.272,3.07,
exp18_sensitivity,ablationfull__ballspeed9__noplot__servebox__windowms25.0,"{""--ablation"": ""full"", ""--ball-speed"": 9, ""--no-plot"": null, ""--serve-box"": null, ""--window-ms"": 25.0}",5,True,active,0.09426,1.945303,0.074436,0.0,0.0,1.78,0.99,1.4,20.0,0.09426,1.643,1.8,
exp18_sensitivity,ablationfull__ballspeed9__noplot__servebox__windowms25.0,"{""--ablation"": ""full"", ""--ball-speed"": 9, ""--no-plot"": null, ""--serve-box"": null, ""--window-ms"": 25.0}",3,False,miss,0.398665,1.921569,0.155499,20.0,0.0,1.7,1.0,1.8,0.0,0.398665,0.0,2.02,
exp18_sensitivity,ablationfull__ballspeed9__noplot__servebox__windowms25.0,"{""--ablation"": ""full"", ""--ball-speed"": 9, ""--no-plot"": null, ""--serve-box"": null, ""--window-ms"": 25.0}",4,True,active,0.123968,1.952564,0.109916,40.0,55.0,1.78,0.98,1.6,20.0,0.123968,1.559,2.04,
exp18_sensitivity,ablationfull__ballspeed9__noplot__servebox__windowms25.0,"{""--ablation"": ""full"", ""--ball-speed"": 9, ""--no-plot"": null, ""--serve-box"": null, ""--window-ms"": 25.0}",7,True,active,0.110566,1.93827,0.102056,35.0,55.0,1.79,1.0,1.8,20.0,0.110566,1.748,1.89,
exp18_sensitivity,ablationfull__ballspeed9__noplot__servebox__windowms25.0,"{""--ablation"": ""full"", ""--ball-speed"": 9, ""--no-plot"": null, ""--serve-box"": null, ""--window-ms"": 25.0}",6,True,active,0.10185,1.949561,0.095652,35.0,55.0,1.8,0.99,1.6,20.0,0.10185,1.742,2.16,
exp18_sensitivity,ablationsoftmin_only__ballspeed9__noplot__servebox__softminbeta10.0,"{""--ablation"": ""softmin_only"", ""--ball-speed"": 9, ""--no-plot"": null, ""--serve-box"": null, ""--softmin-beta"": 10.0}",198,True,active,0.073183,1.987795,0.073183,35.0,105.0,1.78,0.98,1.6,15.0,0.073183,1.552,2.75,
exp18_sensitivity,ablationfull__ballspeed9__noplot__servebox__windowms25.0,"{""--ablation"": ""full"", ""--ball-speed"": 9, ""--no-plot"": null, ""--serve-box"": null, ""--window-ms"": 25.0}",20,,,,,,,,,,,,,,0.21,no_result
exp18_sensitivity,ablationfull__ballspeed9__noplot__servebox__windowms25.0,"{""--ablation"": ""full"", ""--ball-speed"": 9, ""--no-plot"": null, ""--serve-box"": null, ""--window-ms"": 25.0}",9,True,active,0.137241,1.963303,0.132474,30.0,55.0,1.78,0.99,1.8,15.0,0.137241,1.756,2.07,
exp18_sensitivity,ablationfull__ballspeed9__noplot__servebox__windowms25.0,"{""--ablation"": ""full"", ""--ball-speed"": 9, ""--no-plot"": null, ""--serve-box"": null, ""--window-ms"": 25.0}",21,,,,,,,,,,,,,,0.26,no_result
exp18_sensitivity,ablationfull__ballspeed9__noplot__servebox__windowms25.0,"{""--ablation"": ""full"", ""--ball-speed"": 9, ""--no-plot"": null, ""--serve-box"": null, ""--window-ms"": 25.0}",8,True,active,0.13629,1.946202,0.124181,35.0,55.0,1.28,1.0,1.6,0.0,0.13629,0.517,2.38,
exp18_sensitivity,ablationfull__ballspeed9__noplot__servebox__windowms25.0,"{""--ablation"": ""full"", ""--ball-speed"": 9, ""--no-plot"": null, ""--serve-box"": null, ""--window-ms"": 25.0}",10,True,active,0.091919,1.967789,0.091919,40.0,55.0,1.78,1.0,1.6,15.0,0.091919,1.771,1.62,
exp18_sensitivity,ablationfull__ballspeed9__noplot__servebox__windowms25.0,"{""--ablation"": ""full"", ""--ball-speed"": 9, ""--no-plot"": null, ""--serve-box"": null, ""--window-ms"": 25.0}",2,True,active,0.101154,1.951322,0.090046,35.0,55.0,1.79,1.0,1.8,20.0,0.101154,1.781,2.95,
exp18_sensitivity,ablationfull__ballspeed9__noplot__servebox__windowms25.0,"{""--ablation"": ""full"", ""--ball-speed"": 9, ""--no-plot"": null, ""--serve-box"": null, ""--window-ms"": 25.0}",11,True,active,0.106181,1.903871,0.101442,40.0,55.0,1.61,0.99,1.4,10.0,0.106181,0.726,1.65,
exp18_sensitivity,ablationfull__ballspeed9__noplot__servebox__windowms25.0,"{""--ablation"": ""full"", ""--ball-speed"": 9, ""--no-plot"": null, ""--serve-box"": null, ""--window-ms"": 25.0}",12,True,active,0.093881,1.960277,0.093881,40.0,55.0,1.8,1.0,1.7,20.0,0.093881,1.743,1.68,
exp18_sensitivity,ablationfull__ballspeed9__noplot__servebox__windowms25.0,"{""--ablation"": ""full"", ""--ball-speed"": 9, ""--no-plot"": null, ""--serve-box"": null, ""--window-ms"": 25.0}",17,True,active,0.084584,1.933898,0.081287,45.0,55.0,1.4,1.0,1.3,5.0,0.084584,0.55,1.63,
exp18_sensitivity,ablationfull__ballspeed9__noplot__servebox__windowms25.0,"{""--ablation"": ""full"", ""--ball-speed"": 9, ""--no-plot"": null, ""--serve-box"": null, ""--window-ms"": 25.0}",18,True,active,0.117867,1.995528,0.117867,30.0,55.0,1.81,0.98,1.9,20.0,0.117867,1.515,1.66,
exp18_sensitivity,ablationfull__ballspeed9__noplot__servebox__windowms25.0,"{""--ablation"": ""full"", ""--ball-speed"": 9, ""--no-plot"": null, ""--serve-box"": null, ""--window-ms"": 25.0}",15,True,active,0.108297,1.950195,0.10011,0.0,0.0,1.77,0.98,2.1,15.0,0.108297,1.775,2.54,
exp18_sensitivity,ablationfull__ballspeed9__noplot__servebox__windowms25.0,"{""--ablation"": ""full"", ""--ball-speed"": 9, ""--no-plot"": null, ""--serve-box"": null, ""--window-ms"": 25.0}",22,True,active,0.095091,1.920171,0.048915,0.0,0.0,1.79,0.98,1.5,25.0,0.095091,1.765,1.73,
exp18_sensitivity,ablationfull__ballspeed9__noplot__servebox__windowms25.0,"{""--ablation"": ""full"", ""--ball-speed"": 9, ""--no-plot"": null, ""--serve-box"": null, ""--window-ms"": 25.0}",13,True,active,0.079557,1.952098,0.074774,40.0,55.0,1.76,1.0,1.5,20.0,0.079557,1.6,2.72,
exp18_sensitivity,ablationfull__ballspeed9__noplot__servebox__windowms25.0,"{""--ablation"": ""full"", ""--ball-speed"": 9, ""--no-plot"": null, ""--serve-box"": null, ""--window-ms"": 25.0}",25,True,active,0.126347,2.004857,0.110061,35.0,55.0,1.81,0.99,1.9,25.0,0.126347,1.812,1.73,
exp18_sensitivity,ablationfull__ballspeed9__noplot__servebox__windowms25.0,"{""--ablation"": ""full"", ""--ball-speed"": 9, ""--no-plot"": null, ""--serve-box"": null, ""--window-ms"": 25.0}",16,True,active,0.06903,1.9897,0.06903,0.0,0.0,1.81,1.0,1.8,20.0,0.06903,1.642,2.88,
exp18_sensitivity,ablationfull__ballspeed9__noplot__servebox__windowms25.0,"{""--ablation"": ""full"", ""--ball-speed"": 9, ""--no-plot"": null, ""--serve-box"": null, ""--window-ms"": 25.0}",14,True,active,0.081948,1.984498,0.081948,40.0,55.0,1.8,0.99,1.7,15.0,0.081948,1.7,2.99,
exp18_sensitivity,ablationfull__ballspeed9__noplot__servebox__windowms25.0,"{""--ablation"": ""full"", ""--ball-speed"": 9, ""--no-plot"": null, ""--serve-box"": null, ""--window-ms"": 25.0}",23,True,active,0.105769,1.94775,0.105769,35.0,55.0,1.78,0.99,1.9,15.0,0.105769,1.696,2.06,
exp18_sensitivity,ablationfull__ballspeed9__noplot__servebox__windowms25.0,"{""--ablation"": ""full"", ""--ball-speed"": 9, ""--no-plot"": null, ""--serve-box"": null, ""--window-ms"": 25.0}",27,True,active,0.034757,1.914818,0.034757,40.0,55.0,1.48,1.0,1.7,10.0,0.034757,0.754,1.71,
exp18_sensitivity,ablationfull__ballspeed9__noplot__servebox__windowms25.0,"{""--ablation"": ""full"", ""--ball-speed"": 9, ""--no-plot"": null, ""--serve-box"": null, ""--window-ms"": 25.0}",28,True,active,0.104194,1.932919,0.092046,0.0,0.0,1.79,0.99,1.8,20.0,0.104194,1.784,1.64,
exp18_sensitivity,ablationfull__ballspeed9__noplot__servebox__windowms25.0,"{""--ablation"": ""full"", ""--ball-speed"": 9, ""--no-plot"": null, ""--serve-box"": null, ""--window-ms"": 25.0}",19,True,active,0.096394,1.93328,0.092086,35.0,55.0,1.79,1.0,1.7,20.0,0.096394,1.713,2.46,
exp18_sensitivity,ablationfull__ballspeed9__noplot__servebox__windowms25.0,"{""--ablation"": ""full"", ""--ball-speed"": 9, ""--no-plot"": null, ""--serve-box"": null, ""--window-ms"": 25.0}",30,True,active,0.071285,1.94592,0.051287,0.0,0.0,1.79,0.98,1.7,20.0,0.071285,1.784,1.7,
exp18_sensitivity,ablationfull__ballspeed9__noplot__servebox__windowms25.0,"{""--ablation"": ""full"", ""--ball-speed"": 9, ""--no-plot"": null, ""--serve-box"": null, ""--window-ms"": 25.0}",29,True,active,0.095833,1.931502,0.087056,45.0,55.0,1.25,1.0,1.0,10.0,0.095833,0.946,1.86,
exp18_sensitivity,ablationfull__ballspeed9__noplot__servebox__windowms25.0,"{""--ablation"": ""full"", ""--ball-speed"": 9, ""--no-plot"": null, ""--serve-box"": null, ""--window-ms"": 25.0}",26,True,active,0.088742,1.947362,0.088669,40.0,55.0,1.8,1.0,1.6,20.0,0.088742,1.755,2.44,
exp18_sensitivity,ablationfull__ballspeed9__noplot__servebox__windowms25.0,"{""--ablation"": ""full"", ""--ball-speed"": 9, ""--no-plot"": null, ""--serve-box"": null, ""--window-ms"": 25.0}",24,False,miss,0.31935,1.934235,0.130031,0.0,0.0,1.76,1.0,1.7,0.0,0.31935,0.0,2.91,
exp18_sensitivity,ablationfull__ballspeed9__noplot__servebox__windowms25.0,"{""--ablation"": ""full"", ""--ball-speed"": 9, ""--no-plot"": null, ""--serve-box"": null, ""--window-ms"": 25.0}",32,True,active,0.102337,1.943804,0.089879,45.0,55.0,1.74,1.0,1.7,15.0,0.102337,1.74,1.75,
exp18_sensitivity,ablationfull__ballspeed9__noplot__servebox__windowms25.0,"{""--ablation"": ""full"", ""--ball-speed"": 9, ""--no-plot"": null, ""--serve-box"": null, ""--window-ms"": 25.0}",31,False,miss,0.355262,1.968782,0.15356,25.0,0.0,1.5,0.99,1.4,0.0,0.355262,0.0,2.1,
exp18_sensitivity,ablationfull__ballspeed9__noplot__servebox__windowms25.0,"{""--ablation"": ""full"", ""--ball-speed"": 9, ""--no-plot"": null, ""--serve-box"": null, ""--window-ms"": 25.0}",33,True,active,0.110297,1.972966,0.110297,35.0,55.0,1.79,0.98,2.0,15.0,0.110297,1.783,1.67,
exp18_sensitivity,ablationfull__ballspeed9__noplot__servebox__windowms25.0,"{""--ablation"": ""full"", ""--ball-speed"": 9, ""--no-plot"": null, ""--serve-box"": null, ""--window-ms"": 25.0}",36,True,active,0.115858,1.931859,0.113812,35.0,55.0,1.79,1.0,1.8,10.0,0.115858,1.403,1.69,
exp18_sensitivity,ablationfull__ballspeed9__noplot__servebox__windowms25.0,"{""--ablation"": ""full"", ""--ball-speed"": 9, ""--no-plot"": null, ""--serve-box"": null, ""--window-ms"": 25.0}",39,True,active,0.091562,1.913835,0.091562,40.0,55.0,1.8,0.99,2.0,10.0,0.091562,1.773,1.67,
exp18_sensitivity,ablationfull__ballspeed9__noplot__servebox__windowms25.0,"{""--ablation"": ""full"", ""--ball-speed"": 9, ""--no-plot"": null, ""--serve-box"": null, ""--window-ms"": 25.0}",42,True,active,0.059169,1.981188,0.050823,40.0,55.0,1.8,0.99,1.5,20.0,0.059169,1.796,1.8,
exp18_sensitivity,ablationfull__ballspeed9__noplot__servebox__windowms25.0,"{""--ablation"": ""full"", ""--ball-speed"": 9, ""--no-plot"": null, ""--serve-box"": null, ""--window-ms"": 25.0}",35,True,active,0.102175,1.961911,0.098265,35.0,55.0,1.82,1.0,1.7,20.0,0.102175,1.726,2.3,
exp18_sensitivity,ablationfull__ballspeed9__noplot__servebox__windowms25.0,"{""--ablation"": ""full"", ""--ball-speed"": 9, ""--no-plot"": null, ""--serve-box"": null, ""--window-ms"": 25.0}",40,True,active,0.073123,1.977508,0.073123,40.0,55.0,1.81,0.98,1.7,15.0,0.073123,1.732,1.98,
exp18_sensitivity,ablationfull__ballspeed9__noplot__servebox__windowms25.0,"{""--ablation"": ""full"", ""--ball-speed"": 9, ""--no-plot"": null, ""--serve-box"": null, ""--window-ms"": 25.0}",43,True,active,0.126388,1.916889,0.120097,35.0,55.0,1.8,1.0,1.9,25.0,0.126388,1.519,1.76,
exp18_sensitivity,ablationfull__ballspeed9__noplot__servebox__windowms25.0,"{""--ablation"": ""full"", ""--ball-speed"": 9, ""--no-plot"": null, ""--serve-box"": null, ""--window-ms"": 25.0}",34,True,active,0.090347,1.98286,0.090347,30.0,55.0,1.8,0.99,1.7,20.0,0.090347,1.7,2.65,
exp18_sensitivity,ablationfull__ballspeed9__noplot__servebox__windowms25.0,"{""--ablation"": ""full"", ""--ball-speed"": 9, ""--no-plot"": null, ""--serve-box"": null, ""--window-ms"": 25.0}",46,True,active,0.097101,1.982923,0.097101,40.0,55.0,1.43,1.0,1.3,15.0,0.097101,1.263,1.63,
exp18_sensitivity,ablationfull__ballspeed9__noplot__servebox__windowms25.0,"{""--ablation"": ""full"", ""--ball-speed"": 9, ""--no-plot"": null, ""--serve-box"": null, ""--window-ms"": 25.0}",49,True,active,0.09145,1.949414,0.084788,45.0,55.0,1.78,0.99,1.9,20.0,0.09145,1.743,1.46,
exp18_sensitivity,ablationfull__ballspeed9__noplot__servebox__windowms25.0,"{""--ablation"": ""full"", ""--ball-speed"": 9, ""--no-plot"": null, ""--serve-box"": null, ""--window-ms"": 25.0}",44,True,active,0.131968,1.954627,0.127778,30.0,55.0,1.61,1.0,1.4,20.0,0.131968,1.282,2.36,
exp18_sensitivity,ablationfull__ballspeed9__noplot__servebox__windowms25.0,"{""--ablation"": ""full"", ""--ball-speed"": 9, ""--no-plot"": null, ""--serve-box"": null, ""--window-ms"": 25.0}",47,True,active,0.064985,1.887022,0.064985,50.0,55.0,1.52,0.98,1.6,10.0,0.064985,1.116,1.87,
exp18_sensitivity,ablationfull__ballspeed9__noplot__servebox__windowms25.0,"{""--ablation"": ""full"", ""--ball-speed"": 9, ""--no-plot"": null, ""--serve-box"": null, ""--window-ms"": 25.0}",38,True,active,0.090223,1.985797,0.090223,30.0,55.0,1.79,0.98,1.7,20.0,0.090223,1.433,2.94,
exp18_sensitivity,ablationfull__ballspeed9__noplot__servebox__windowms25.0,"{""--ablation"": ""full"", ""--ball-speed"": 9, ""--no-plot"": null, ""--serve-box"": null, ""--window-ms"": 25.0}",48,True,active,0.101524,1.978894,0.096942,40.0,55.0,1.81,1.0,1.6,15.0,0.101524,1.613,1.76,
exp18_sensitivity,ablationfull__ballspeed9__noplot__servebox__windowms25.0,"{""--ablation"": ""full"", ""--ball-speed"": 9, ""--no-plot"": null, ""--serve-box"": null, ""--window-ms"": 25.0}",37,True,active,0.136398,1.944817,0.122273,35.0,55.0,1.63,1.0,1.4,20.0,0.136398,1.333,3.0,
exp18_sensitivity,ablationfull__ballspeed9__noplot__servebox__windowms25.0,"{""--ablation"": ""full"", ""--ball-speed"": 9, ""--no-plot"": null, ""--serve-box"": null, ""--window-ms"": 25.0}",41,True,active,0.071953,1.986376,0.051102,40.0,55.0,1.81,1.0,2.0,5.0,0.071953,1.371,3.1,
exp18_sensitivity,ablationfull__ballspeed9__noplot__servebox__windowms25.0,"{""--ablation"": ""full"", ""--ball-speed"": 9, ""--no-plot"": null, ""--serve-box"": null, ""--window-ms"": 25.0}",45,True,active,0.099258,1.974145,0.097831,40.0,55.0,1.8,0.99,1.7,15.0,0.099258,1.741,2.58,
exp18_sensitivity,ablationfull__ballspeed9__noplot__servebox__windowms25.0,"{""--ablation"": ""full"", ""--ball-speed"": 9, ""--no-plot"": null, ""--serve-box"": null, ""--window-ms"": 25.0}",52,True,active,0.070944,1.97246,0.070944,30.0,55.0,1.81,1.0,1.6,20.0,0.070944,1.752,1.55,
exp18_sensitivity,ablationfull__ballspeed9__noplot__servebox__windowms25.0,"{""--ablation"": ""full"", ""--ball-speed"": 9, ""--no-plot"": null, ""--serve-box"": null, ""--window-ms"": 25.0}",55,True,active,0.119284,1.991547,0.107054,35.0,55.0,1.78,0.99,1.9,20.0,0.119284,1.778,1.64,
exp18_sensitivity,ablationfull__ballspeed9__noplot__servebox__windowms25.0,"{""--ablation"": ""full"", ""--ball-speed"": 9, ""--no-plot"": null, ""--serve-box"": null, ""--window-ms"": 25.0}",53,True,active,0.095991,1.929766,0.095991,40.0,55.0,1.11,1.0,1.5,10.0,0.095991,0.844,1.86,
exp18_sensitivity,ablationfull__ballspeed9__noplot__servebox__windowms25.0,"{""--ablation"": ""full"", ""--ball-speed"": 9, ""--no-plot"": null, ""--serve-box"": null, ""--window-ms"": 25.0}",57,True,active,0.097783,1.972986,0.092844,0.0,0.0,1.8,0.93,2.0,20.0,0.097783,1.789,1.62,
exp18_sensitivity,ablationfull__ballspeed9__noplot__servebox__windowms25.0,"{""--ablation"": ""full"", ""--ball-speed"": 9, ""--no-plot"": null, ""--serve-box"": null, ""--window-ms"": 25.0}",50,True,active,0.068715,1.963752,0.068715,40.0,55.0,1.8,0.98,1.7,20.0,0.068715,1.661,2.77,
exp18_sensitivity,ablationfull__ballspeed9__noplot__servebox__windowms25.0,"{""--ablation"": ""full"", ""--ball-speed"": 9, ""--no-plot"": null, ""--serve-box"": null, ""--window-ms"": 25.0}",59,True,active,0.11274,1.982009,0.111778,35.0,55.0,1.79,1.0,1.6,20.0,0.11274,1.768,1.62,
exp18_sensitivity,ablationfull__ballspeed9__noplot__servebox__windowms25.0,"{""--ablation"": ""full"", ""--ball-speed"": 9, ""--no-plot"": null, ""--serve-box"": null, ""--window-ms"": 25.0}",51,True,active,0.11297,1.953827,0.099565,40.0,55.0,1.68,1.0,1.8,15.0,0.11297,1.562,2.7,
exp18_sensitivity,ablationfull__ballspeed9__noplot__servebox__windowms25.0,"{""--ablation"": ""full"", ""--ball-speed"": 9, ""--no-plot"": null, ""--serve-box"": null, ""--window-ms"": 25.0}",60,True,active,0.125689,1.973578,0.125416,35.0,55.0,1.81,1.0,2.0,20.0,0.125689,1.723,1.57,
exp18_sensitivity,ablationfull__ballspeed9__noplot__servebox__windowms25.0,"{""--ablation"": ""full"", ""--ball-speed"": 9, ""--no-plot"": null, ""--serve-box"": null, ""--window-ms"": 25.0}",62,True,active,0.094976,1.968936,0.094976,30.0,55.0,1.8,1.0,1.8,20.0,0.094976,1.677,1.59,
exp18_sensitivity,ablationfull__ballspeed9__noplot__servebox__windowms25.0,"{""--ablation"": ""full"", ""--ball-speed"": 9, ""--no-plot"": null, ""--serve-box"": null, ""--window-ms"": 25.0}",54,True,active,0.076987,2.002425,0.076987,0.0,0.0,1.81,0.99,1.9,25.0,0.076987,1.768,2.66,
exp18_sensitivity,ablationfull__ballspeed9__noplot__servebox__windowms25.0,"{""--ablation"": ""full"", ""--ball-speed"": 9, ""--no-plot"": null, ""--serve-box"": null, ""--window-ms"": 25.0}",56,False,miss,0.368244,1.958887,0.147452,0.0,0.0,1.79,1.0,2.0,0.0,0.368244,0.0,2.5,
exp18_sensitivity,ablationfull__ballspeed9__noplot__servebox__windowms25.0,"{""--ablation"": ""full"", ""--ball-speed"": 9, ""--no-plot"": null, ""--serve-box"": null, ""--window-ms"": 25.0}",64,True,active,0.137912,1.97296,0.123087,35.0,35.0,1.8,0.99,1.9,20.0,0.137912,1.758,1.73,
exp18_sensitivity,ablationfull__ballspeed9__noplot__servebox__windowms25.0,"{""--ablation"": ""full"", ""--ball-speed"": 9, ""--no-plot"": null, ""--serve-box"": null, ""--window-ms"": 25.0}",65,True,active,0.09285,1.993612,0.09285,30.0,55.0,1.82,1.0,1.8,20.0,0.09285,1.775,1.71,
exp18_sensitivity,ablationfull__ballspeed9__noplot__servebox__windowms25.0,"{""--ablation"": ""full"", ""--ball-speed"": 9, ""--no-plot"": null, ""--serve-box"": null, ""--window-ms"": 25.0}",66,True,active,0.123046,1.961725,0.110784,35.0,55.0,1.8,1.0,1.8,20.0,0.123046,1.534,1.52,
exp18_sensitivity,ablationfull__ballspeed9__noplot__servebox__windowms25.0,"{""--ablation"": ""full"", ""--ball-speed"": 9, ""--no-plot"": null, ""--serve-box"": null, ""--window-ms"": 25.0}",67,True,active,0.073771,1.954488,0.073771,35.0,55.0,1.78,0.99,1.8,15.0,0.073771,1.568,1.48,
exp18_sensitivity,ablationfull__ballspeed9__noplot__servebox__windowms25.0,"{""--ablation"": ""full"", ""--ball-speed"": 9, ""--no-plot"": null, ""--serve-box"": null, ""--window-ms"": 25.0}",68,True,active,0.08325,1.923395,0.077617,45.0,55.0,1.47,0.99,1.1,5.0,0.08325,0.826,1.53,
exp18_sensitivity,ablationfull__ballspeed9__noplot__servebox__windowms25.0,"{""--ablation"": ""full"", ""--ball-speed"": 9, ""--no-plot"": null, ""--serve-box"": null, ""--window-ms"": 25.0}",58,True,active,0.077257,1.896827,0.07613,45.0,55.0,1.4,1.0,1.8,15.0,0.077257,1.252,3.0,
exp18_sensitivity,ablationfull__ballspeed9__noplot__servebox__windowms25.0,"{""--ablation"": ""full"", ""--ball-speed"": 9, ""--no-plot"": null, ""--serve-box"": null, ""--window-ms"": 25.0}",70,True,active,0.141914,1.939404,0.127933,35.0,55.0,1.77,1.0,1.9,20.0,0.141914,1.758,1.48,
exp18_sensitivity,ablationfull__ballspeed9__noplot__servebox__windowms25.0,"{""--ablation"": ""full"", ""--ball-speed"": 9, ""--no-plot"": null, ""--serve-box"": null, ""--window-ms"": 25.0}",72,True,active,0.064565,1.993895,0.064565,40.0,55.0,1.81,1.0,1.7,15.0,0.064565,1.714,1.43,
exp18_sensitivity,ablationfull__ballspeed9__noplot__servebox__windowms25.0,"{""--ablation"": ""full"", ""--ball-speed"": 9, ""--no-plot"": null, ""--serve-box"": null, ""--window-ms"": 25.0}",73,True,active,0.138225,1.945078,0.132409,40.0,50.0,1.37,1.0,1.4,15.0,0.138225,0.644,1.46,
exp18_sensitivity,ablationfull__ballspeed9__noplot__servebox__windowms25.0,"{""--ablation"": ""full"", ""--ball-speed"": 9, ""--no-plot"": null, ""--serve-box"": null, ""--window-ms"": 25.0}",61,True,active,0.108833,1.994764,0.108833,30.0,55.0,1.81,0.99,1.7,20.0,0.108833,1.669,3.06,
exp18_sensitivity,ablationfull__ballspeed9__noplot__servebox__windowms25.0,"{""--ablation"": ""full"", ""--ball-speed"": 9, ""--no-plot"": null, ""--serve-box"": null, ""--window-ms"": 25.0}",63,True,active,0.058888,1.989278,0.058888,40.0,55.0,1.8,0.99,1.8,20.0,0.058888,1.398,3.07,
exp18_sensitivity,ablationfull__ballspeed9__noplot__servebox__windowms25.0,"{""--ablation"": ""full"", ""--ball-speed"": 9, ""--no-plot"": null, ""--serve-box"": null, ""--window-ms"": 25.0}",76,True,active,0.070939,1.926441,0.070939,0.0,0.0,1.8,0.99,1.7,15.0,0.070939,1.644,1.52,
exp18_sensitivity,ablationfull__ballspeed9__noplot__servebox__windowms25.0,"{""--ablation"": ""full"", ""--ball-speed"": 9, ""--no-plot"": null, ""--serve-box"": null, ""--window-ms"": 25.0}",77,True,active,0.136107,1.943975,0.134251,30.0,55.0,1.57,1.0,1.7,20.0,0.136107,1.419,1.48,
exp18_sensitivity,ablationfull__ballspeed9__noplot__servebox__windowms25.0,"{""--ablation"": ""full"", ""--ball-speed"": 9, ""--no-plot"": null, ""--serve-box"": null, ""--window-ms"": 25.0}",75,True,active,0.105767,1.956468,0.101112,40.0,55.0,1.49,1.0,1.5,5.0,0.105767,0.624,1.8,
exp18_sensitivity,ablationfull__ballspeed9__noplot__servebox__windowms25.0,"{""--ablation"": ""full"", ""--ball-speed"": 9, ""--no-plot"": null, ""--serve-box"": null, ""--window-ms"": 25.0}",79,True,active,0.11027,1.948964,0.075378,10.0,20.0,1.8,1.0,1.6,20.0,0.11027,1.801,1.52,
exp18_sensitivity,ablationfull__ballspeed9__noplot__servebox__windowms25.0,"{""--ablation"": ""full"", ""--ball-speed"": 9, ""--no-plot"": null, ""--serve-box"": null, ""--window-ms"": 25.0}",80,True,active,0.030953,1.933759,0.030953,50.0,55.0,1.81,1.0,1.5,10.0,0.030953,0.789,1.54,
exp18_sensitivity,ablationfull__ballspeed9__noplot__servebox__windowms25.0,"{""--ablation"": ""full"", ""--ball-speed"": 9, ""--no-plot"": null, ""--serve-box"": null, ""--window-ms"": 25.0}",71,True,active,0.095832,1.967911,0.095832,25.0,55.0,1.8,1.0,1.8,25.0,0.095832,1.744,2.32,
exp18_sensitivity,ablationfull__ballspeed9__noplot__servebox__windowms25.0,"{""--ablation"": ""full"", ""--ball-speed"": 9, ""--no-plot"": null, ""--serve-box"": null, ""--window-ms"": 25.0}",69,True,active,0.113323,1.978708,0.10795,35.0,55.0,1.81,0.99,1.9,20.0,0.113323,1.764,2.78,
exp18_sensitivity,ablationfull__ballspeed9__noplot__servebox__windowms25.0,"{""--ablation"": ""full"", ""--ball-speed"": 9, ""--no-plot"": null, ""--serve-box"": null, ""--window-ms"": 25.0}",81,True,active,0.1007,1.968827,0.1007,40.0,55.0,1.7,1.0,1.9,20.0,0.1007,1.218,1.6,
exp18_sensitivity,ablationfull__ballspeed9__noplot__servebox__windowms25.0,"{""--ablation"": ""full"", ""--ball-speed"": 9, ""--no-plot"": null, ""--serve-box"": null, ""--window-ms"": 25.0}",78,True,active,0.04686,1.954643,0.04686,45.0,55.0,1.8,0.98,1.9,20.0,0.04686,1.738,2.15,
exp18_sensitivity,ablationfull__ballspeed9__noplot__servebox__windowms25.0,"{""--ablation"": ""full"", ""--ball-speed"": 9, ""--no-plot"": null, ""--serve-box"": null, ""--window-ms"": 25.0}",74,True,active,0.112869,1.927697,0.091667,45.0,55.0,1.79,1.0,1.9,20.0,0.112869,1.634,2.92,
exp18_sensitivity,ablationfull__ballspeed9__noplot__servebox__windowms25.0,"{""--ablation"": ""full"", ""--ball-speed"": 9, ""--no-plot"": null, ""--serve-box"": null, ""--window-ms"": 25.0}",86,True,active,0.084805,1.952287,0.084805,40.0,55.0,1.78,1.0,1.8,15.0,0.084805,1.657,1.48,
exp18_sensitivity,ablationfull__ballspeed9__noplot__servebox__windowms25.0,"{""--ablation"": ""full"", ""--ball-speed"": 9, ""--no-plot"": null, ""--serve-box"": null, ""--window-ms"": 25.0}",87,True,active,0.102311,1.957709,0.099564,40.0,55.0,1.8,0.99,1.8,20.0,0.102311,1.784,1.68,
exp18_sensitivity,ablationfull__ballspeed9__noplot__servebox__windowms25.0,"{""--ablation"": ""full"", ""--ball-speed"": 9, ""--no-plot"": null, ""--serve-box"": null, ""--window-ms"": 25.0}",89,True,active,0.079684,1.937969,0.079684,40.0,55.0,1.79,0.97,1.8,15.0,0.079684,1.784,1.36,
exp18_sensitivity,ablationfull__ballspeed9__noplot__servebox__windowms25.0,"{""--ablation"": ""full"", ""--ball-speed"": 9, ""--no-plot"": null, ""--serve-box"": null, ""--window-ms"": 25.0}",88,True,active,0.081825,1.978233,0.081825,40.0,55.0,1.81,1.0,2.0,20.0,0.081825,1.654,1.44,
exp18_sensitivity,ablationfull__ballspeed9__noplot__servebox__windowms25.0,"{""--ablation"": ""full"", ""--ball-speed"": 9, ""--no-plot"": null, ""--serve-box"": null, ""--window-ms"": 25.0}",91,True,active,0.035479,1.990522,0.035479,35.0,55.0,1.77,1.0,1.6,5.0,0.035479,0.452,1.51,
exp18_sensitivity,ablationfull__ballspeed9__noplot__servebox__windowms25.0,"{""--ablation"": ""full"", ""--ball-speed"": 9, ""--no-plot"": null, ""--serve-box"": null, ""--window-ms"": 25.0}",92,True,active,0.112928,1.959542,0.08678,40.0,55.0,1.79,1.0,1.8,25.0,0.112928,1.709,1.44,
exp18_sensitivity,ablationfull__ballspeed9__noplot__servebox__windowms25.0,"{""--ablation"": ""full"", ""--ball-speed"": 9, ""--no-plot"": null, ""--serve-box"": null, ""--window-ms"": 25.0}",82,True,active,0.094833,1.974573,0.094833,30.0,55.0,1.78,0.99,1.7,20.0,0.094833,1.671,2.51,
exp18_sensitivity,ablationfull__ballspeed9__noplot__servebox__windowms25.0,"{""--ablation"": ""full"", ""--ball-speed"": 9, ""--no-plot"": null, ""--serve-box"": null, ""--window-ms"": 25.0}",90,True,active,0.087299,1.974535,0.085874,40.0,55.0,1.81,0.96,2.1,15.0,0.087299,1.806,1.75,
exp18_sensitivity,ablationfull__ballspeed9__noplot__servebox__windowms25.0,"{""--ablation"": ""full"", ""--ball-speed"": 9, ""--no-plot"": null, ""--serve-box"": null, ""--window-ms"": 25.0}",95,True,active,0.096321,1.963768,0.080023,40.0,55.0,1.79,0.99,1.5,25.0,0.096321,1.445,1.42,
exp18_sensitivity,ablationfull__ballspeed9__noplot__servebox__windowms25.0,"{""--ablation"": ""full"", ""--ball-speed"": 9, ""--no-plot"": null, ""--serve-box"": null, ""--window-ms"": 25.0}",96,True,active,0.083168,1.979758,0.077214,35.0,55.0,1.81,0.94,1.8,20.0,0.083168,1.738,1.55,
exp18_sensitivity,ablationfull__ballspeed9__noplot__servebox__windowms25.0,"{""--ablation"": ""full"", ""--ball-speed"": 9, ""--no-plot"": null, ""--serve-box"": null, ""--window-ms"": 25.0}",84,True,active,0.057041,1.968788,0.056494,40.0,55.0,1.8,0.99,1.7,20.0,0.057041,1.72,2.93,
exp18_sensitivity,ablationfull__ballspeed9__noplot__servebox__windowms25.0,"{""--ablation"": ""full"", ""--ball-speed"": 9, ""--no-plot"": null, ""--serve-box"": null, ""--window-ms"": 25.0}",83,True,active,0.107798,1.969809,0.098335,35.0,55.0,1.74,0.99,1.5,10.0,0.107798,1.602,2.97,
exp18_sensitivity,ablationfull__ballspeed9__noplot__servebox__windowms25.0,"{""--ablation"": ""full"", ""--ball-speed"": 9, ""--no-plot"": null, ""--serve-box"": null, ""--window-ms"": 25.0}",85,True,active,0.076236,1.966503,0.07422,40.0,55.0,1.8,0.99,1.6,10.0,0.076236,1.656,2.99,
exp18_sensitivity,ablationfull__ballspeed9__noplot__servebox__windowms25.0,"{""--ablation"": ""full"", ""--ball-speed"": 9, ""--no-plot"": null, ""--serve-box"": null, ""--window-ms"": 25.0}",98,True,active,0.086198,1.93666,0.061627,0.0,0.0,1.79,1.0,1.5,20.0,0.086198,1.701,1.57,
exp18_sensitivity,ablationfull__ballspeed9__noplot__servebox__windowms25.0,"{""--ablation"": ""full"", ""--ball-speed"": 9, ""--no-plot"": null, ""--serve-box"": null, ""--window-ms"": 25.0}",94,True,active,0.094843,1.978892,0.094843,35.0,55.0,1.8,0.97,1.8,20.0,0.094843,1.744,2.11,
exp18_sensitivity,ablationfull__ballspeed9__noplot__servebox__windowms25.0,"{""--ablation"": ""full"", ""--ball-speed"": 9, ""--no-plot"": null, ""--serve-box"": null, ""--window-ms"": 25.0}",99,True,active,0.129224,1.965522,0.119412,35.0,55.0,1.81,1.0,1.8,20.0,0.129224,1.765,1.48,
exp18_sensitivity,ablationfull__ballspeed9__noplot__servebox__windowms25.0,"{""--ablation"": ""full"", ""--ball-speed"": 9, ""--no-plot"": null, ""--serve-box"": null, ""--window-ms"": 25.0}",101,True,active,0.12414,1.971672,0.121518,30.0,55.0,1.8,1.0,1.6,20.0,0.12414,1.553,1.42,
exp18_sensitivity,ablationfull__ballspeed9__noplot__servebox__windowms25.0,"{""--ablation"": ""full"", ""--ball-speed"": 9, ""--no-plot"": null, ""--serve-box"": null, ""--window-ms"": 25.0}",100,True,active,0.079602,1.976256,0.073454,40.0,55.0,1.81,0.98,1.7,20.0,0.079602,1.754,1.6,
exp18_sensitivity,ablationfull__ballspeed9__noplot__servebox__windowms25.0,"{""--ablation"": ""full"", ""--ball-speed"": 9, ""--no-plot"": null, ""--serve-box"": null, ""--window-ms"": 25.0}",102,True,active,0.066594,1.983767,0.06629,45.0,55.0,1.8,0.99,1.6,15.0,0.066594,1.721,1.51,
exp18_sensitivity,ablationfull__ballspeed9__noplot__servebox__windowms25.0,"{""--ablation"": ""full"", ""--ball-speed"": 9, ""--no-plot"": null, ""--serve-box"": null, ""--window-ms"": 25.0}",93,True,active,0.095905,1.937913,0.085581,45.0,55.0,1.79,0.99,2.1,15.0,0.095905,1.731,2.88,
exp18_sensitivity,ablationfull__ballspeed9__noplot__servebox__windowms25.0,"{""--ablation"": ""full"", ""--ball-speed"": 9, ""--no-plot"": null, ""--serve-box"": null, ""--window-ms"": 25.0}",106,True,active,0.120379,1.960955,0.106058,0.0,0.0,1.8,0.99,1.7,25.0,0.120379,1.689,1.48,
exp18_sensitivity,ablationfull__ballspeed9__noplot__servebox__windowms25.0,"{""--ablation"": ""full"", ""--ball-speed"": 9, ""--no-plot"": null, ""--serve-box"": null, ""--window-ms"": 25.0}",105,True,active,0.102492,1.943865,0.096125,40.0,55.0,1.79,0.99,1.7,20.0,0.102492,1.731,1.75,
exp18_sensitivity,ablationfull__ballspeed9__noplot__servebox__windowms25.0,"{""--ablation"": ""full"", ""--ball-speed"": 9, ""--no-plot"": null, ""--serve-box"": null, ""--window-ms"": 25.0}",104,True,active,0.114929,1.966229,0.112155,35.0,55.0,1.81,0.99,1.6,20.0,0.114929,1.766,2.0,
exp18_sensitivity,ablationfull__ballspeed9__noplot__servebox__windowms25.0,"{""--ablation"": ""full"", ""--ball-speed"": 9, ""--no-plot"": null, ""--serve-box"": null, ""--window-ms"": 25.0}",110,True,active,0.118042,1.950716,0.118042,35.0,55.0,1.8,0.99,1.8,20.0,0.118042,1.706,1.61,
exp18_sensitivity,ablationfull__ballspeed9__noplot__servebox__windowms25.0,"{""--ablation"": ""full"", ""--ball-speed"": 9, ""--no-plot"": null, ""--serve-box"": null, ""--window-ms"": 25.0}",97,True,active,0.104778,1.947372,0.104778,40.0,55.0,1.79,1.0,1.8,20.0,0.104778,1.556,3.02,
exp18_sensitivity,ablationfull__ballspeed9__noplot__servebox__windowms25.0,"{""--ablation"": ""full"", ""--ball-speed"": 9, ""--no-plot"": null, ""--serve-box"": null, ""--window-ms"": 25.0}",111,True,active,0.109624,1.985089,0.107059,35.0,55.0,1.79,1.0,1.9,25.0,0.109624,1.795,1.59,
exp18_sensitivity,ablationfull__ballspeed9__noplot__servebox__windowms25.0,"{""--ablation"": ""full"", ""--ball-speed"": 9, ""--no-plot"": null, ""--serve-box"": null, ""--window-ms"": 25.0}",121,,,,,,,,,,,,,,0.3,no_result
exp18_sensitivity,ablationfull__ballspeed9__noplot__servebox__windowms25.0,"{""--ablation"": ""full"", ""--ball-speed"": 9, ""--no-plot"": null, ""--serve-box"": null, ""--window-ms"": 25.0}",109,True,active,0.100941,1.990307,0.100941,40.0,55.0,1.64,1.0,1.6,15.0,0.100941,1.643,2.03,
exp18_sensitivity,ablationfull__ballspeed9__noplot__servebox__windowms25.0,"{""--ablation"": ""full"", ""--ball-speed"": 9, ""--no-plot"": null, ""--serve-box"": null, ""--window-ms"": 25.0}",115,True,active,0.075941,1.951668,0.057998,15.0,35.0,1.82,0.99,1.5,20.0,0.075941,1.614,1.54,
exp18_sensitivity,ablationfull__ballspeed9__noplot__servebox__windowms25.0,"{""--ablation"": ""full"", ""--ball-speed"": 9, ""--no-plot"": null, ""--serve-box"": null, ""--window-ms"": 25.0}",103,True,active,0.115094,1.961639,0.097593,45.0,55.0,1.8,0.99,1.8,20.0,0.115094,1.634,2.91,
exp18_sensitivity,ablationfull__ballspeed9__noplot__servebox__windowms25.0,"{""--ablation"": ""full"", ""--ball-speed"": 9, ""--no-plot"": null, ""--serve-box"": null, ""--window-ms"": 25.0}",108,True,active,0.101214,1.978726,0.099148,35.0,55.0,1.79,0.98,1.9,20.0,0.101214,1.557,2.37,
exp18_sensitivity,ablationfull__ballspeed9__noplot__servebox__windowms25.0,"{""--ablation"": ""full"", ""--ball-speed"": 9, ""--no-plot"": null, ""--serve-box"": null, ""--window-ms"": 25.0}",112,True,active,0.07189,1.991966,0.061266,0.0,0.0,1.8,0.99,1.7,30.0,0.07189,1.799,2.07,
exp18_sensitivity,ablationfull__ballspeed9__noplot__servebox__windowms25.0,"{""--ablation"": ""full"", ""--ball-speed"": 9, ""--no-plot"": null, ""--serve-box"": null, ""--window-ms"": 25.0}",116,True,active,0.098885,1.942648,0.093914,40.0,55.0,1.8,1.0,1.8,15.0,0.098885,1.69,1.74,
exp18_sensitivity,ablationfull__ballspeed9__noplot__servebox__windowms25.0,"{""--ablation"": ""full"", ""--ball-speed"": 9, ""--no-plot"": null, ""--serve-box"": null, ""--window-ms"": 25.0}",117,True,active,0.099442,1.960348,0.086513,0.0,0.0,1.79,0.99,1.7,20.0,0.099442,1.777,1.71,
exp18_sensitivity,ablationfull__ballspeed9__noplot__servebox__windowms25.0,"{""--ablation"": ""full"", ""--ball-speed"": 9, ""--no-plot"": null, ""--serve-box"": null, ""--window-ms"": 25.0}",107,True,active,0.123387,1.976195,0.11935,35.0,55.0,1.79,0.99,2.2,20.0,0.123387,1.479,2.94,
exp18_sensitivity,ablationfull__ballspeed9__noplot__servebox__windowms25.0,"{""--ablation"": ""full"", ""--ball-speed"": 9, ""--no-plot"": null, ""--serve-box"": null, ""--window-ms"": 25.0}",114,True,active,0.091582,1.921482,0.091582,35.0,55.0,1.8,0.99,1.5,15.0,0.091582,1.738,2.51,
exp18_sensitivity,ablationfull__ballspeed9__noplot__servebox__windowms25.0,"{""--ablation"": ""full"", ""--ball-speed"": 9, ""--no-plot"": null, ""--serve-box"": null, ""--window-ms"": 25.0}",120,True,active,0.080371,1.939425,0.080129,40.0,55.0,1.82,0.97,2.0,10.0,0.080371,1.771,1.7,
exp18_sensitivity,ablationfull__ballspeed9__noplot__servebox__windowms25.0,"{""--ablation"": ""full"", ""--ball-speed"": 9, ""--no-plot"": null, ""--serve-box"": null, ""--window-ms"": 25.0}",113,True,active,0.090365,1.957589,0.067578,0.0,0.0,1.8,1.0,1.7,20.0,0.090365,1.759,2.85,
exp18_sensitivity,ablationfull__ballspeed9__noplot__servebox__windowms25.0,"{""--ablation"": ""full"", ""--ball-speed"": 9, ""--no-plot"": null, ""--serve-box"": null, ""--window-ms"": 25.0}",118,True,active,0.062575,1.959566,0.049556,45.0,55.0,1.79,0.97,1.7,20.0,0.062575,1.78,2.16,
exp18_sensitivity,ablationfull__ballspeed9__noplot__servebox__windowms25.0,"{""--ablation"": ""full"", ""--ball-speed"": 9, ""--no-plot"": null, ""--serve-box"": null, ""--window-ms"": 25.0}",119,True,active,0.080493,1.958678,0.080493,35.0,55.0,1.77,0.99,2.0,15.0,0.080493,1.441,2.35,
exp18_sensitivity,ablationfull__ballspeed9__noplot__servebox__windowms25.0,"{""--ablation"": ""full"", ""--ball-speed"": 9, ""--no-plot"": null, ""--serve-box"": null, ""--window-ms"": 25.0}",125,True,active,0.091528,1.986744,0.090886,40.0,55.0,1.77,1.0,1.7,20.0,0.091528,1.514,1.53,
exp18_sensitivity,ablationfull__ballspeed9__noplot__servebox__windowms25.0,"{""--ablation"": ""full"", ""--ball-speed"": 9, ""--no-plot"": null, ""--serve-box"": null, ""--window-ms"": 25.0}",128,True,active,0.111336,1.968969,0.09892,40.0,55.0,1.8,1.0,1.6,20.0,0.111336,1.669,1.55,
exp18_sensitivity,ablationfull__ballspeed9__noplot__servebox__windowms25.0,"{""--ablation"": ""full"", ""--ball-speed"": 9, ""--no-plot"": null, ""--serve-box"": null, ""--window-ms"": 25.0}",122,True,active,0.121097,1.950527,0.120555,40.0,55.0,1.53,0.99,1.5,15.0,0.121097,1.26,2.3,
exp18_sensitivity,ablationfull__ballspeed9__noplot__servebox__windowms25.0,"{""--ablation"": ""full"", ""--ball-speed"": 9, ""--no-plot"": null, ""--serve-box"": null, ""--window-ms"": 25.0}",130,True,active,0.114293,1.958972,0.108229,0.0,0.0,1.81,1.0,2.0,25.0,0.114293,1.597,1.51,
exp18_sensitivity,ablationfull__ballspeed9__noplot__servebox__windowms25.0,"{""--ablation"": ""full"", ""--ball-speed"": 9, ""--no-plot"": null, ""--serve-box"": null, ""--window-ms"": 25.0}",129,True,active,0.132275,1.949511,0.124899,35.0,55.0,1.53,0.99,1.5,10.0,0.132275,1.161,1.74,
exp18_sensitivity,ablationfull__ballspeed9__noplot__servebox__windowms25.0,"{""--ablation"": ""full"", ""--ball-speed"": 9, ""--no-plot"": null, ""--serve-box"": null, ""--window-ms"": 25.0}",132,True,passive,0.07584,1.943279,0.07584,40.0,55.0,1.22,0.99,1.6,5.0,0.07584,0.065,1.59,
exp18_sensitivity,ablationfull__ballspeed9__noplot__servebox__windowms25.0,"{""--ablation"": ""full"", ""--ball-speed"": 9, ""--no-plot"": null, ""--serve-box"": null, ""--window-ms"": 25.0}",133,True,active,0.108626,1.976937,0.108626,35.0,55.0,1.82,0.99,1.8,15.0,0.108626,1.752,1.68,
exp18_sensitivity,ablationfull__ballspeed9__noplot__servebox__windowms25.0,"{""--ablation"": ""full"", ""--ball-speed"": 9, ""--no-plot"": null, ""--serve-box"": null, ""--window-ms"": 25.0}",127,True,active,0.087245,1.975843,0.087245,40.0,55.0,1.72,1.0,1.8,20.0,0.087245,1.639,2.36,
exp18_sensitivity,ablationfull__ballspeed9__noplot__servebox__windowms25.0,"{""--ablation"": ""full"", ""--ball-speed"": 9, ""--no-plot"": null, ""--serve-box"": null, ""--window-ms"": 25.0}",131,True,active,0.055836,2.003992,0.055836,35.0,55.0,1.8,1.0,1.9,20.0,0.055836,1.642,2.29,
exp18_sensitivity,ablationfull__ballspeed9__noplot__servebox__windowms25.0,"{""--ablation"": ""full"", ""--ball-speed"": 9, ""--no-plot"": null, ""--serve-box"": null, ""--window-ms"": 25.0}",123,True,active,0.068247,1.956935,0.068247,40.0,55.0,1.45,0.99,1.4,10.0,0.068247,0.832,2.98,
exp18_sensitivity,ablationfull__ballspeed9__noplot__servebox__windowms25.0,"{""--ablation"": ""full"", ""--ball-speed"": 9, ""--no-plot"": null, ""--serve-box"": null, ""--window-ms"": 25.0}",136,True,active,0.094753,1.85502,0.094753,0.0,0.0,1.81,1.0,2.1,25.0,0.094753,1.748,1.55,
exp18_sensitivity,ablationfull__ballspeed9__noplot__servebox__windowms25.0,"{""--ablation"": ""full"", ""--ball-speed"": 9, ""--no-plot"": null, ""--serve-box"": null, ""--window-ms"": 25.0}",124,True,active,0.093922,1.962941,0.093922,40.0,55.0,1.8,0.98,1.7,15.0,0.093922,1.756,3.05,
exp18_sensitivity,ablationfull__ballspeed9__noplot__servebox__windowms25.0,"{""--ablation"": ""full"", ""--ball-speed"": 9, ""--no-plot"": null, ""--serve-box"": null, ""--window-ms"": 25.0}",137,False,miss,0.344032,1.939944,0.118977,0.0,0.0,1.55,1.0,1.6,0.0,0.344032,0.0,1.5,
exp18_sensitivity,ablationfull__ballspeed9__noplot__servebox__windowms25.0,"{""--ablation"": ""full"", ""--ball-speed"": 9, ""--no-plot"": null, ""--serve-box"": null, ""--window-ms"": 25.0}",126,True,active,0.016164,1.971082,0.016164,25.0,40.0,1.42,1.0,1.4,15.0,0.016164,1.332,2.99,
exp18_sensitivity,ablationfull__ballspeed9__noplot__servebox__windowms25.0,"{""--ablation"": ""full"", ""--ball-speed"": 9, ""--no-plot"": null, ""--serve-box"": null, ""--window-ms"": 25.0}",138,True,active,0.01338,1.936319,0.01338,35.0,55.0,1.79,1.0,2.2,5.0,0.01338,0.526,1.62,
exp18_sensitivity,ablationfull__ballspeed9__noplot__servebox__windowms25.0,"{""--ablation"": ""full"", ""--ball-speed"": 9, ""--no-plot"": null, ""--serve-box"": null, ""--window-ms"": 25.0}",134,True,active,0.119952,1.965828,0.119952,30.0,55.0,1.81,0.99,1.7,20.0,0.119952,1.68,2.36,
exp18_sensitivity,ablationfull__ballspeed9__noplot__servebox__windowms25.0,"{""--ablation"": ""full"", ""--ball-speed"": 9, ""--no-plot"": null, ""--serve-box"": null, ""--window-ms"": 25.0}",141,True,active,0.063232,1.979809,0.046799,45.0,55.0,1.79,0.97,1.5,20.0,0.063232,1.719,1.5,
exp18_sensitivity,ablationfull__ballspeed9__noplot__servebox__windowms25.0,"{""--ablation"": ""full"", ""--ball-speed"": 9, ""--no-plot"": null, ""--serve-box"": null, ""--window-ms"": 25.0}",140,True,active,0.072139,1.964877,0.070887,35.0,55.0,1.81,0.93,1.7,20.0,0.072139,1.788,1.55,
exp18_sensitivity,ablationfull__ballspeed9__noplot__servebox__windowms25.0,"{""--ablation"": ""full"", ""--ball-speed"": 9, ""--no-plot"": null, ""--serve-box"": null, ""--window-ms"": 25.0}",135,False,miss,0.38434,1.968295,0.169364,15.0,0.0,1.8,1.0,1.8,0.0,0.38434,0.0,2.35,
exp18_sensitivity,ablationfull__ballspeed9__noplot__servebox__windowms25.0,"{""--ablation"": ""full"", ""--ball-speed"": 9, ""--no-plot"": null, ""--serve-box"": null, ""--window-ms"": 25.0}",142,True,active,0.117961,1.947068,0.093198,0.0,0.0,1.79,0.99,1.9,25.0,0.117961,1.509,1.7,
exp18_sensitivity,ablationfull__ballspeed9__noplot__servebox__windowms25.0,"{""--ablation"": ""full"", ""--ball-speed"": 9, ""--no-plot"": null, ""--serve-box"": null, ""--window-ms"": 25.0}",143,True,active,0.07078,1.930008,0.07078,45.0,55.0,1.75,0.98,1.8,15.0,0.07078,1.753,1.61,
exp18_sensitivity,ablationfull__ballspeed9__noplot__servebox__windowms25.0,"{""--ablation"": ""full"", ""--ball-speed"": 9, ""--no-plot"": null, ""--serve-box"": null, ""--window-ms"": 25.0}",148,True,active,0.133258,1.95389,0.132866,35.0,55.0,1.77,1.0,1.8,15.0,0.133258,1.679,1.56,
exp18_sensitivity,ablationfull__ballspeed9__noplot__servebox__windowms25.0,"{""--ablation"": ""full"", ""--ball-speed"": 9, ""--no-plot"": null, ""--serve-box"": null, ""--window-ms"": 25.0}",139,True,active,0.108874,1.976059,0.106692,35.0,55.0,1.8,1.0,1.5,15.0,0.108874,1.724,2.57,
exp18_sensitivity,ablationfull__ballspeed9__noplot__servebox__windowms25.0,"{""--ablation"": ""full"", ""--ball-speed"": 9, ""--no-plot"": null, ""--serve-box"": null, ""--window-ms"": 25.0}",152,True,active,0.118104,1.978424,0.101908,40.0,55.0,1.8,0.99,1.7,20.0,0.118104,1.698,1.54,
exp18_sensitivity,ablationfull__ballspeed9__noplot__servebox__windowms25.0,"{""--ablation"": ""full"", ""--ball-speed"": 9, ""--no-plot"": null, ""--serve-box"": null, ""--window-ms"": 25.0}",150,True,active,0.086904,1.94618,0.086904,40.0,55.0,1.78,0.96,1.9,15.0,0.086904,1.78,1.7,
exp18_sensitivity,ablationfull__ballspeed9__noplot__servebox__windowms25.0,"{""--ablation"": ""full"", ""--ball-speed"": 9, ""--no-plot"": null, ""--serve-box"": null, ""--window-ms"": 25.0}",153,True,active,0.1256,1.970106,0.117946,35.0,55.0,1.8,1.0,1.8,20.0,0.1256,1.644,1.45,
exp18_sensitivity,ablationfull__ballspeed9__noplot__servebox__windowms25.0,"{""--ablation"": ""full"", ""--ball-speed"": 9, ""--no-plot"": null, ""--serve-box"": null, ""--window-ms"": 25.0}",154,True,active,0.134629,1.961961,0.115309,35.0,55.0,1.76,1.0,1.5,5.0,0.134629,0.866,1.52,
exp18_sensitivity,ablationfull__ballspeed9__noplot__servebox__windowms25.0,"{""--ablation"": ""full"", ""--ball-speed"": 9, ""--no-plot"": null, ""--serve-box"": null, ""--window-ms"": 25.0}",155,True,active,0.123582,1.937048,0.122256,35.0,55.0,1.76,1.0,1.7,20.0,0.123582,1.674,1.54,
exp18_sensitivity,ablationfull__ballspeed9__noplot__servebox__windowms25.0,"{""--ablation"": ""full"", ""--ball-speed"": 9, ""--no-plot"": null, ""--serve-box"": null, ""--window-ms"": 25.0}",145,True,active,0.107223,1.954164,0.098274,35.0,55.0,1.78,0.99,1.6,25.0,0.107223,1.535,2.46,
exp18_sensitivity,ablationfull__ballspeed9__noplot__servebox__windowms25.0,"{""--ablation"": ""full"", ""--ball-speed"": 9, ""--no-plot"": null, ""--serve-box"": null, ""--window-ms"": 25.0}",147,True,active,0.113025,1.951376,0.113025,35.0,55.0,1.52,0.99,1.5,10.0,0.113025,0.914,2.37,
exp18_sensitivity,ablationfull__ballspeed9__noplot__servebox__windowms25.0,"{""--ablation"": ""full"", ""--ball-speed"": 9, ""--no-plot"": null, ""--serve-box"": null, ""--window-ms"": 25.0}",156,True,active,0.108445,1.960509,0.107787,35.0,55.0,1.36,0.99,1.4,15.0,0.108445,0.921,1.61,
exp18_sensitivity,ablationfull__ballspeed9__noplot__servebox__windowms25.0,"{""--ablation"": ""full"", ""--ball-speed"": 9, ""--no-plot"": null, ""--serve-box"": null, ""--window-ms"": 25.0}",151,True,active,0.098083,1.977988,0.093909,35.0,55.0,1.81,0.98,1.7,20.0,0.098083,1.81,2.17,
exp18_sensitivity,ablationfull__ballspeed9__noplot__servebox__windowms25.0,"{""--ablation"": ""full"", ""--ball-speed"": 9, ""--no-plot"": null, ""--serve-box"": null, ""--window-ms"": 25.0}",144,True,active,0.137238,1.966587,0.123497,40.0,55.0,1.77,1.0,1.9,15.0,0.137238,1.71,3.01,
exp18_sensitivity,ablationfull__ballspeed9__noplot__servebox__windowms25.0,"{""--ablation"": ""full"", ""--ball-speed"": 9, ""--no-plot"": null, ""--serve-box"": null, ""--window-ms"": 25.0}",158,True,active,0.132527,1.990136,0.127284,30.0,55.0,1.61,1.0,1.8,15.0,0.132527,1.61,1.64,
exp18_sensitivity,ablationfull__ballspeed9__noplot__servebox__windowms25.0,"{""--ablation"": ""full"", ""--ball-speed"": 9, ""--no-plot"": null, ""--serve-box"": null, ""--window-ms"": 25.0}",146,True,active,0.11094,1.978137,0.11094,35.0,55.0,1.8,0.99,1.9,15.0,0.11094,1.722,2.91,
exp18_sensitivity,ablationfull__ballspeed9__noplot__servebox__windowms25.0,"{""--ablation"": ""full"", ""--ball-speed"": 9, ""--no-plot"": null, ""--serve-box"": null, ""--window-ms"": 25.0}",159,True,active,0.05671,1.887501,0.05671,40.0,55.0,1.49,0.98,1.3,10.0,0.05671,1.124,1.48,
exp18_sensitivity,ablationfull__ballspeed9__noplot__servebox__windowms25.0,"{""--ablation"": ""full"", ""--ball-speed"": 9, ""--no-plot"": null, ""--serve-box"": null, ""--window-ms"": 25.0}",157,True,active,0.090867,1.968414,0.081893,35.0,55.0,1.8,1.0,1.7,20.0,0.090867,1.751,2.13,
exp18_sensitivity,ablationfull__ballspeed9__noplot__servebox__windowms25.0,"{""--ablation"": ""full"", ""--ball-speed"": 9, ""--no-plot"": null, ""--serve-box"": null, ""--window-ms"": 25.0}",160,True,active,0.076958,2.00594,0.066822,40.0,55.0,1.77,0.99,1.4,15.0,0.076958,1.771,1.55,
exp18_sensitivity,ablationfull__ballspeed9__noplot__servebox__windowms25.0,"{""--ablation"": ""full"", ""--ball-speed"": 9, ""--no-plot"": null, ""--serve-box"": null, ""--window-ms"": 25.0}",149,True,active,0.111938,1.936127,0.105915,35.0,55.0,1.79,1.0,1.8,20.0,0.111938,1.513,3.12,
exp18_sensitivity,ablationfull__ballspeed9__noplot__servebox__windowms25.0,"{""--ablation"": ""full"", ""--ball-speed"": 9, ""--no-plot"": null, ""--serve-box"": null, ""--window-ms"": 25.0}",162,True,active,0.098033,1.964111,0.083066,10.0,35.0,1.81,0.99,1.7,25.0,0.098033,1.751,1.46,
exp18_sensitivity,ablationfull__ballspeed9__noplot__servebox__windowms25.0,"{""--ablation"": ""full"", ""--ball-speed"": 9, ""--no-plot"": null, ""--serve-box"": null, ""--window-ms"": 25.0}",161,True,active,0.106077,1.943394,0.102914,0.0,0.0,1.78,1.0,2.0,15.0,0.106077,1.751,1.64,
exp18_sensitivity,ablationfull__ballspeed9__noplot__servebox__windowms25.0,"{""--ablation"": ""full"", ""--ball-speed"": 9, ""--no-plot"": null, ""--serve-box"": null, ""--window-ms"": 25.0}",163,True,active,0.06766,1.983795,0.06766,40.0,55.0,1.81,1.0,1.9,20.0,0.06766,1.746,1.55,
exp18_sensitivity,ablationfull__ballspeed9__noplot__servebox__windowms25.0,"{""--ablation"": ""full"", ""--ball-speed"": 9, ""--no-plot"": null, ""--serve-box"": null, ""--window-ms"": 25.0}",166,True,active,0.097022,1.94774,0.089067,35.0,55.0,1.79,0.98,1.8,20.0,0.097022,1.787,1.49,
exp18_sensitivity,ablationfull__ballspeed9__noplot__servebox__windowms25.0,"{""--ablation"": ""full"", ""--ball-speed"": 9, ""--no-plot"": null, ""--serve-box"": null, ""--window-ms"": 25.0}",165,True,active,0.078302,1.976853,0.076085,40.0,55.0,1.67,1.0,1.4,10.0,0.078302,1.259,1.57,
exp18_sensitivity,ablationfull__ballspeed9__noplot__servebox__windowms25.0,"{""--ablation"": ""full"", ""--ball-speed"": 9, ""--no-plot"": null, ""--serve-box"": null, ""--window-ms"": 25.0}",168,True,active,0.110295,1.942916,0.094848,40.0,55.0,1.8,1.0,1.7,25.0,0.110295,1.679,1.66,
exp18_sensitivity,ablationfull__ballspeed9__noplot__servebox__windowms25.0,"{""--ablation"": ""full"", ""--ball-speed"": 9, ""--no-plot"": null, ""--serve-box"": null, ""--window-ms"": 25.0}",169,True,active,0.121017,1.939201,0.113591,35.0,55.0,1.71,1.0,1.6,20.0,0.121017,1.502,2.05,
exp18_sensitivity,ablationfull__ballspeed9__noplot__servebox__windowms25.0,"{""--ablation"": ""full"", ""--ball-speed"": 9, ""--no-plot"": null, ""--serve-box"": null, ""--window-ms"": 25.0}",171,True,active,0.063131,1.996565,0.063131,45.0,55.0,1.49,0.99,1.3,10.0,0.063131,0.853,1.69,
exp18_sensitivity,ablationfull__ballspeed9__noplot__servebox__windowms25.0,"{""--ablation"": ""full"", ""--ball-speed"": 9, ""--no-plot"": null, ""--serve-box"": null, ""--window-ms"": 25.0}",176,False,miss,0.246476,1.914917,0.155827,25.0,25.0,1.27,1.0,1.7,0.0,0.246476,0.0,1.53,
exp18_sensitivity,ablationfull__ballspeed9__noplot__servebox__windowms25.0,"{""--ablation"": ""full"", ""--ball-speed"": 9, ""--no-plot"": null, ""--serve-box"": null, ""--window-ms"": 25.0}",173,True,active,0.127699,1.965438,0.122275,30.0,55.0,1.79,1.0,1.9,20.0,0.127699,1.637,1.82,
exp18_sensitivity,ablationfull__ballspeed9__noplot__servebox__windowms25.0,"{""--ablation"": ""full"", ""--ball-speed"": 9, ""--no-plot"": null, ""--serve-box"": null, ""--window-ms"": 25.0}",177,True,active,0.128612,1.971219,0.128612,0.0,0.0,1.79,1.0,1.9,25.0,0.128612,1.716,1.57,
exp18_sensitivity,ablationfull__ballspeed9__noplot__servebox__windowms25.0,"{""--ablation"": ""full"", ""--ball-speed"": 9, ""--no-plot"": null, ""--serve-box"": null, ""--window-ms"": 25.0}",167,True,active,0.059985,1.948725,0.047164,45.0,55.0,1.79,1.0,1.6,10.0,0.059985,0.868,2.72,
exp18_sensitivity,ablationfull__ballspeed9__noplot__servebox__windowms25.0,"{""--ablation"": ""full"", ""--ball-speed"": 9, ""--no-plot"": null, ""--serve-box"": null, ""--window-ms"": 25.0}",178,True,active,0.079378,1.953385,0.069737,40.0,55.0,1.8,1.0,1.6,25.0,0.079378,1.757,1.54,
exp18_sensitivity,ablationfull__ballspeed9__noplot__servebox__windowms25.0,"{""--ablation"": ""full"", ""--ball-speed"": 9, ""--no-plot"": null, ""--serve-box"": null, ""--window-ms"": 25.0}",164,True,active,0.111119,1.969977,0.111119,0.0,0.0,1.8,0.97,1.8,25.0,0.111119,1.768,3.1,
exp18_sensitivity,ablationfull__ballspeed9__noplot__servebox__windowms25.0,"{""--ablation"": ""full"", ""--ball-speed"": 9, ""--no-plot"": null, ""--serve-box"": null, ""--window-ms"": 25.0}",181,True,active,0.047272,2.014338,0.047272,40.0,55.0,1.76,1.0,1.4,15.0,0.047272,1.494,1.52,
exp18_sensitivity,ablationfull__ballspeed9__noplot__servebox__windowms25.0,"{""--ablation"": ""full"", ""--ball-speed"": 9, ""--no-plot"": null, ""--serve-box"": null, ""--window-ms"": 25.0}",174,True,active,0.089195,1.992639,0.089195,35.0,55.0,1.42,1.0,1.7,20.0,0.089195,1.3,2.28,
exp18_sensitivity,ablationfull__ballspeed9__noplot__servebox__windowms25.0,"{""--ablation"": ""full"", ""--ball-speed"": 9, ""--no-plot"": null, ""--serve-box"": null, ""--window-ms"": 25.0}",182,True,active,0.052894,1.986359,0.052894,45.0,55.0,1.7,1.0,1.4,15.0,0.052894,1.22,1.59,
exp18_sensitivity,ablationfull__ballspeed9__noplot__servebox__windowms25.0,"{""--ablation"": ""full"", ""--ball-speed"": 9, ""--no-plot"": null, ""--serve-box"": null, ""--window-ms"": 25.0}",179,True,active,0.050841,1.975751,0.050841,35.0,55.0,1.8,0.99,1.7,15.0,0.050841,1.733,1.99,
exp18_sensitivity,ablationfull__ballspeed9__noplot__servebox__windowms25.0,"{""--ablation"": ""full"", ""--ball-speed"": 9, ""--no-plot"": null, ""--serve-box"": null, ""--window-ms"": 25.0}",180,True,active,0.122746,1.810367,0.122746,0.0,0.0,1.79,1.0,2.1,25.0,0.122746,1.775,1.94,
exp18_sensitivity,ablationfull__ballspeed9__noplot__servebox__windowms25.0,"{""--ablation"": ""full"", ""--ball-speed"": 9, ""--no-plot"": null, ""--serve-box"": null, ""--window-ms"": 25.0}",175,True,active,0.095092,1.950458,0.095092,40.0,55.0,1.75,0.99,1.8,10.0,0.095092,1.54,2.58,
exp18_sensitivity,ablationfull__ballspeed9__noplot__servebox__windowms25.0,"{""--ablation"": ""full"", ""--ball-speed"": 9, ""--no-plot"": null, ""--serve-box"": null, ""--window-ms"": 25.0}",172,True,active,0.053784,2.005257,0.053784,40.0,55.0,1.81,0.98,1.4,20.0,0.053784,1.783,2.95,
exp18_sensitivity,ablationfull__ballspeed9__noplot__servebox__windowms25.0,"{""--ablation"": ""full"", ""--ball-speed"": 9, ""--no-plot"": null, ""--serve-box"": null, ""--window-ms"": 25.0}",170,True,active,0.100513,1.953243,0.095575,35.0,55.0,1.74,1.0,1.6,25.0,0.100513,1.535,3.11,
exp18_sensitivity,ablationfull__ballspeed9__noplot__servebox__windowms25.0,"{""--ablation"": ""full"", ""--ball-speed"": 9, ""--no-plot"": null, ""--serve-box"": null, ""--window-ms"": 25.0}",183,True,active,0.069684,1.984758,0.069684,40.0,55.0,1.79,1.0,1.9,15.0,0.069684,1.788,1.69,
exp18_sensitivity,ablationfull__ballspeed9__noplot__servebox__windowms25.0,"{""--ablation"": ""full"", ""--ball-speed"": 9, ""--no-plot"": null, ""--serve-box"": null, ""--window-ms"": 25.0}",185,True,active,0.059918,2.007981,0.059918,40.0,55.0,1.8,0.99,1.4,20.0,0.059918,1.779,1.5,
exp18_sensitivity,ablationfull__ballspeed9__noplot__servebox__windowms25.0,"{""--ablation"": ""full"", ""--ball-speed"": 9, ""--no-plot"": null, ""--serve-box"": null, ""--window-ms"": 25.0}",184,True,active,0.09007,1.961129,0.080157,45.0,55.0,1.27,0.99,1.6,5.0,0.09007,0.63,1.78,
exp18_sensitivity,ablationfull__ballspeed9__noplot__servebox__windowms25.0,"{""--ablation"": ""full"", ""--ball-speed"": 9, ""--no-plot"": null, ""--serve-box"": null, ""--window-ms"": 25.0}",186,True,active,0.091135,1.961661,0.091135,30.0,55.0,1.8,1.0,1.8,20.0,0.091135,1.794,1.67,
exp18_sensitivity,ablationfull__ballspeed9__noplot__servebox__windowms25.0,"{""--ablation"": ""full"", ""--ball-speed"": 9, ""--no-plot"": null, ""--serve-box"": null, ""--window-ms"": 25.0}",188,True,active,0.101681,1.976043,0.101681,40.0,55.0,1.56,1.0,1.8,15.0,0.101681,1.46,1.62,
exp18_sensitivity,ablationfull__ballspeed9__noplot__servebox__windowms25.0,"{""--ablation"": ""full"", ""--ball-speed"": 9, ""--no-plot"": null, ""--serve-box"": null, ""--window-ms"": 25.0}",190,True,active,0.054259,1.987819,0.054259,40.0,55.0,1.81,0.9,1.6,15.0,0.054259,1.779,1.43,
exp18_sensitivity,ablationfull__ballspeed9__noplot__servebox__windowms25.0,"{""--ablation"": ""full"", ""--ball-speed"": 9, ""--no-plot"": null, ""--serve-box"": null, ""--window-ms"": 25.0}",191,True,active,0.109301,1.980518,0.103741,35.0,55.0,1.8,0.99,1.9,20.0,0.109301,1.752,1.46,
exp18_sensitivity,ablationfull__ballspeed9__noplot__servebox__windowms25.0,"{""--ablation"": ""full"", ""--ball-speed"": 9, ""--no-plot"": null, ""--serve-box"": null, ""--window-ms"": 25.0}",195,True,active,0.093161,1.986441,0.087772,40.0,55.0,1.79,0.99,1.8,20.0,0.093161,1.723,1.47,
exp18_sensitivity,ablationfull__ballspeed9__noplot__servebox__windowms25.0,"{""--ablation"": ""full"", ""--ball-speed"": 9, ""--no-plot"": null, ""--serve-box"": null, ""--window-ms"": 25.0}",197,True,active,0.071392,1.954985,0.047705,40.0,55.0,1.8,1.0,1.6,25.0,0.071392,1.769,1.42,
exp18_sensitivity,ablationfull__ballspeed9__noplot__servebox__windowms25.0,"{""--ablation"": ""full"", ""--ball-speed"": 9, ""--no-plot"": null, ""--serve-box"": null, ""--window-ms"": 25.0}",192,True,active,0.085548,1.964938,0.085548,35.0,55.0,1.48,1.0,1.6,15.0,0.085548,1.112,2.04,
exp18_sensitivity,ablationfull__ballspeed9__noplot__servebox__windowms25.0,"{""--ablation"": ""full"", ""--ball-speed"": 9, ""--no-plot"": null, ""--serve-box"": null, ""--window-ms"": 25.0}",187,True,active,0.097376,1.943764,0.084485,0.0,0.0,1.78,0.99,2.1,20.0,0.097376,1.736,2.77,
exp18_sensitivity,ablationfull__ballspeed9__noplot__servebox__windowms25.0,"{""--ablation"": ""full"", ""--ball-speed"": 9, ""--no-plot"": null, ""--serve-box"": null, ""--window-ms"": 25.0}",200,False,miss,0.358804,1.930751,0.138249,0.0,0.0,1.76,1.0,2.1,0.0,0.358804,0.0,1.45,
exp18_sensitivity,ablationsoftmin_only__ballspeed9__noplot__servebox__windowms25.0,"{""--ablation"": ""softmin_only"", ""--ball-speed"": 9, ""--no-plot"": null, ""--serve-box"": null, ""--window-ms"": 25.0}",1,True,active,0.051492,1.968114,0.051492,35.0,55.0,1.8,1.0,1.5,20.0,0.051492,1.712,1.62,
exp18_sensitivity,ablationfull__ballspeed9__noplot__servebox__windowms25.0,"{""--ablation"": ""full"", ""--ball-speed"": 9, ""--no-plot"": null, ""--serve-box"": null, ""--window-ms"": 25.0}",189,True,active,0.132962,1.95439,0.122868,40.0,55.0,1.76,1.0,1.7,10.0,0.132962,1.481,2.93,
exp18_sensitivity,ablationfull__ballspeed9__noplot__servebox__windowms25.0,"{""--ablation"": ""full"", ""--ball-speed"": 9, ""--no-plot"": null, ""--serve-box"": null, ""--window-ms"": 25.0}",199,True,active,0.093886,1.956834,0.089656,35.0,55.0,1.78,0.97,1.9,20.0,0.093886,1.771,1.86,
exp18_sensitivity,ablationsoftmin_only__ballspeed9__noplot__servebox__windowms25.0,"{""--ablation"": ""softmin_only"", ""--ball-speed"": 9, ""--no-plot"": null, ""--serve-box"": null, ""--window-ms"": 25.0}",2,True,active,0.101154,1.951322,0.090046,35.0,55.0,1.79,1.0,1.8,20.0,0.101154,1.781,1.52,
exp18_sensitivity,ablationsoftmin_only__ballspeed9__noplot__servebox__windowms25.0,"{""--ablation"": ""softmin_only"", ""--ball-speed"": 9, ""--no-plot"": null, ""--serve-box"": null, ""--window-ms"": 25.0}",3,False,miss,0.398661,1.921568,0.155496,20.0,0.0,1.7,1.0,1.8,0.0,0.398661,0.0,1.42,
exp18_sensitivity,ablationfull__ballspeed9__noplot__servebox__windowms25.0,"{""--ablation"": ""full"", ""--ball-speed"": 9, ""--no-plot"": null, ""--serve-box"": null, ""--window-ms"": 25.0}",196,False,miss,0.393758,1.925511,0.148014,25.0,20.0,1.76,1.0,1.6,0.0,0.393758,0.0,2.37,
exp18_sensitivity,ablationsoftmin_only__ballspeed9__noplot__servebox__windowms25.0,"{""--ablation"": ""softmin_only"", ""--ball-speed"": 9, ""--no-plot"": null, ""--serve-box"": null, ""--window-ms"": 25.0}",4,True,active,0.123967,1.952564,0.109916,40.0,55.0,1.78,0.98,1.6,20.0,0.123967,1.559,1.58,
exp18_sensitivity,ablationsoftmin_only__ballspeed9__noplot__servebox__windowms25.0,"{""--ablation"": ""softmin_only"", ""--ball-speed"": 9, ""--no-plot"": null, ""--serve-box"": null, ""--window-ms"": 25.0}",5,True,active,0.09426,1.945303,0.074436,0.0,0.0,1.78,0.99,1.4,20.0,0.09426,1.643,1.61,
exp18_sensitivity,ablationfull__ballspeed9__noplot__servebox__windowms25.0,"{""--ablation"": ""full"", ""--ball-speed"": 9, ""--no-plot"": null, ""--serve-box"": null, ""--window-ms"": 25.0}",194,True,active,0.100335,1.977831,0.100335,40.0,55.0,1.81,0.98,1.7,20.0,0.100335,1.707,2.94,
exp18_sensitivity,ablationfull__ballspeed9__noplot__servebox__windowms25.0,"{""--ablation"": ""full"", ""--ball-speed"": 9, ""--no-plot"": null, ""--serve-box"": null, ""--window-ms"": 25.0}",193,True,active,0.124327,1.957626,0.116496,40.0,55.0,1.79,1.0,1.7,15.0,0.124327,1.707,2.95,
exp18_sensitivity,ablationsoftmin_only__ballspeed9__noplot__servebox__windowms25.0,"{""--ablation"": ""softmin_only"", ""--ball-speed"": 9, ""--no-plot"": null, ""--serve-box"": null, ""--window-ms"": 25.0}",7,True,active,0.110565,1.93827,0.102056,35.0,55.0,1.79,1.0,1.8,20.0,0.110565,1.748,1.47,
exp18_sensitivity,ablationfull__ballspeed9__noplot__servebox__windowms25.0,"{""--ablation"": ""full"", ""--ball-speed"": 9, ""--no-plot"": null, ""--serve-box"": null, ""--window-ms"": 25.0}",198,True,active,0.073186,1.987795,0.073186,35.0,55.0,1.78,0.98,1.6,15.0,0.073186,1.552,2.92,
exp18_sensitivity,ablationsoftmin_only__ballspeed9__noplot__servebox__windowms25.0,"{""--ablation"": ""softmin_only"", ""--ball-speed"": 9, ""--no-plot"": null, ""--serve-box"": null, ""--window-ms"": 25.0}",20,,,,,,,,,,,,,,0.3,no_result
exp18_sensitivity,ablationsoftmin_only__ballspeed9__noplot__servebox__windowms25.0,"{""--ablation"": ""softmin_only"", ""--ball-speed"": 9, ""--no-plot"": null, ""--serve-box"": null, ""--window-ms"": 25.0}",21,,,,,,,,,,,,,,0.24,no_result
exp18_sensitivity,ablationsoftmin_only__ballspeed9__noplot__servebox__windowms25.0,"{""--ablation"": ""softmin_only"", ""--ball-speed"": 9, ""--no-plot"": null, ""--serve-box"": null, ""--window-ms"": 25.0}",8,True,active,0.136287,1.946202,0.124177,35.0,55.0,1.28,1.0,1.6,0.0,0.136287,0.517,1.62,
exp18_sensitivity,ablationsoftmin_only__ballspeed9__noplot__servebox__windowms25.0,"{""--ablation"": ""softmin_only"", ""--ball-speed"": 9, ""--no-plot"": null, ""--serve-box"": null, ""--window-ms"": 25.0}",9,True,active,0.137239,1.963303,0.132473,30.0,55.0,1.78,0.99,1.8,15.0,0.137239,1.756,1.58,
exp18_sensitivity,ablationsoftmin_only__ballspeed9__noplot__servebox__windowms25.0,"{""--ablation"": ""softmin_only"", ""--ball-speed"": 9, ""--no-plot"": null, ""--serve-box"": null, ""--window-ms"": 25.0}",11,True,active,0.106181,1.903871,0.101442,40.0,55.0,1.61,0.99,1.4,10.0,0.106181,0.726,1.46,
exp18_sensitivity,ablationsoftmin_only__ballspeed9__noplot__servebox__windowms25.0,"{""--ablation"": ""softmin_only"", ""--ball-speed"": 9, ""--no-plot"": null, ""--serve-box"": null, ""--window-ms"": 25.0}",12,True,active,0.093881,1.960277,0.093881,40.0,55.0,1.8,1.0,1.7,20.0,0.093881,1.743,1.62,
exp18_sensitivity,ablationsoftmin_only__ballspeed9__noplot__servebox__windowms25.0,"{""--ablation"": ""softmin_only"", ""--ball-speed"": 9, ""--no-plot"": null, ""--serve-box"": null, ""--window-ms"": 25.0}",17,True,active,0.084584,1.933899,0.081288,45.0,55.0,1.4,1.0,1.3,5.0,0.084584,0.55,1.43,
exp18_sensitivity,ablationsoftmin_only__ballspeed9__noplot__servebox__windowms25.0,"{""--ablation"": ""softmin_only"", ""--ball-speed"": 9, ""--no-plot"": null, ""--serve-box"": null, ""--window-ms"": 25.0}",15,True,active,0.108297,1.950195,0.10011,0.0,0.0,1.77,0.98,2.1,15.0,0.108297,1.775,1.69,
exp18_sensitivity,ablationsoftmin_only__ballspeed9__noplot__servebox__windowms25.0,"{""--ablation"": ""softmin_only"", ""--ball-speed"": 9, ""--no-plot"": null, ""--serve-box"": null, ""--window-ms"": 25.0}",6,True,active,0.101852,1.949561,0.095652,35.0,55.0,1.8,0.99,1.6,20.0,0.101852,1.742,2.87,
exp18_sensitivity,ablationsoftmin_only__ballspeed9__noplot__servebox__windowms25.0,"{""--ablation"": ""softmin_only"", ""--ball-speed"": 9, ""--no-plot"": null, ""--serve-box"": null, ""--window-ms"": 25.0}",13,True,active,0.079552,1.952099,0.074773,40.0,55.0,1.76,1.0,1.5,20.0,0.079552,1.6,2.02,
exp18_sensitivity,ablationsoftmin_only__ballspeed9__noplot__servebox__windowms25.0,"{""--ablation"": ""softmin_only"", ""--ball-speed"": 9, ""--no-plot"": null, ""--serve-box"": null, ""--window-ms"": 25.0}",19,True,active,0.096394,1.93328,0.092086,35.0,55.0,1.79,1.0,1.7,20.0,0.096394,1.713,1.6,
exp18_sensitivity,ablationsoftmin_only__ballspeed9__noplot__servebox__windowms25.0,"{""--ablation"": ""softmin_only"", ""--ball-speed"": 9, ""--no-plot"": null, ""--serve-box"": null, ""--window-ms"": 25.0}",14,True,active,0.081944,1.984497,0.081944,40.0,55.0,1.8,0.99,1.7,15.0,0.081944,1.7,2.32,
exp18_sensitivity,ablationsoftmin_only__ballspeed9__noplot__servebox__windowms25.0,"{""--ablation"": ""softmin_only"", ""--ball-speed"": 9, ""--no-plot"": null, ""--serve-box"": null, ""--window-ms"": 25.0}",23,True,active,0.10577,1.94775,0.10577,35.0,55.0,1.78,0.99,1.9,15.0,0.10577,1.696,1.5,
exp18_sensitivity,ablationsoftmin_only__ballspeed9__noplot__servebox__windowms25.0,"{""--ablation"": ""softmin_only"", ""--ball-speed"": 9, ""--no-plot"": null, ""--serve-box"": null, ""--window-ms"": 25.0}",25,True,active,0.126343,2.004857,0.110062,35.0,55.0,1.81,0.99,1.9,25.0,0.126343,1.812,1.56,
exp18_sensitivity,ablationsoftmin_only__ballspeed9__noplot__servebox__windowms25.0,"{""--ablation"": ""softmin_only"", ""--ball-speed"": 9, ""--no-plot"": null, ""--serve-box"": null, ""--window-ms"": 25.0}",10,True,active,0.091919,1.967789,0.091919,40.0,55.0,1.78,1.0,1.6,15.0,0.091919,1.771,2.89,
exp18_sensitivity,ablationsoftmin_only__ballspeed9__noplot__servebox__windowms25.0,"{""--ablation"": ""softmin_only"", ""--ball-speed"": 9, ""--no-plot"": null, ""--serve-box"": null, ""--window-ms"": 25.0}",26,True,active,0.088742,1.947362,0.088669,40.0,55.0,1.8,1.0,1.6,20.0,0.088742,1.755,1.44,
exp18_sensitivity,ablationsoftmin_only__ballspeed9__noplot__servebox__windowms25.0,"{""--ablation"": ""softmin_only"", ""--ball-speed"": 9, ""--no-plot"": null, ""--serve-box"": null, ""--window-ms"": 25.0}",24,False,miss,0.31935,1.934235,0.130031,0.0,0.0,1.76,1.0,1.7,0.0,0.31935,0.0,1.82,
exp18_sensitivity,ablationsoftmin_only__ballspeed9__noplot__servebox__windowms25.0,"{""--ablation"": ""softmin_only"", ""--ball-speed"": 9, ""--no-plot"": null, ""--serve-box"": null, ""--window-ms"": 25.0}",27,True,active,0.034768,1.914805,0.034768,40.0,55.0,1.48,1.0,1.7,10.0,0.034768,0.754,1.57,
exp18_sensitivity,ablationsoftmin_only__ballspeed9__noplot__servebox__windowms25.0,"{""--ablation"": ""softmin_only"", ""--ball-speed"": 9, ""--no-plot"": null, ""--serve-box"": null, ""--window-ms"": 25.0}",22,True,active,0.095078,1.920166,0.048921,0.0,0.0,1.79,0.98,1.5,25.0,0.095078,1.765,2.22,
exp18_sensitivity,ablationsoftmin_only__ballspeed9__noplot__servebox__windowms25.0,"{""--ablation"": ""softmin_only"", ""--ball-speed"": 9, ""--no-plot"": null, ""--serve-box"": null, ""--window-ms"": 25.0}",28,True,active,0.104194,1.932919,0.092046,0.0,0.0,1.79,0.99,1.8,20.0,0.104194,1.784,1.44,
exp18_sensitivity,ablationsoftmin_only__ballspeed9__noplot__servebox__windowms25.0,"{""--ablation"": ""softmin_only"", ""--ball-speed"": 9, ""--no-plot"": null, ""--serve-box"": null, ""--window-ms"": 25.0}",16,True,active,0.068399,1.979428,0.068399,10.0,35.0,1.81,0.99,1.7,20.0,0.068399,1.678,2.99,
exp18_sensitivity,ablationsoftmin_only__ballspeed9__noplot__servebox__windowms25.0,"{""--ablation"": ""softmin_only"", ""--ball-speed"": 9, ""--no-plot"": null, ""--serve-box"": null, ""--window-ms"": 25.0}",29,True,active,0.095833,1.931504,0.087058,45.0,55.0,1.25,1.0,1.0,10.0,0.095833,0.946,1.54,
exp18_sensitivity,ablationsoftmin_only__ballspeed9__noplot__servebox__windowms25.0,"{""--ablation"": ""softmin_only"", ""--ball-speed"": 9, ""--no-plot"": null, ""--serve-box"": null, ""--window-ms"": 25.0}",18,True,active,0.117866,1.995528,0.117866,30.0,55.0,1.81,0.98,1.9,20.0,0.117866,1.515,2.88,
exp18_sensitivity,ablationsoftmin_only__ballspeed9__noplot__servebox__windowms25.0,"{""--ablation"": ""softmin_only"", ""--ball-speed"": 9, ""--no-plot"": null, ""--serve-box"": null, ""--window-ms"": 25.0}",34,True,active,0.090345,1.982859,0.090345,30.0,55.0,1.8,0.99,1.7,20.0,0.090345,1.7,1.38,
exp18_sensitivity,ablationsoftmin_only__ballspeed9__noplot__servebox__windowms25.0,"{""--ablation"": ""softmin_only"", ""--ball-speed"": 9, ""--no-plot"": null, ""--serve-box"": null, ""--window-ms"": 25.0}",36,True,active,0.115858,1.931859,0.113812,35.0,55.0,1.79,1.0,1.8,10.0,0.115858,1.403,1.48,
exp18_sensitivity,ablationsoftmin_only__ballspeed9__noplot__servebox__windowms25.0,"{""--ablation"": ""softmin_only"", ""--ball-speed"": 9, ""--no-plot"": null, ""--serve-box"": null, ""--window-ms"": 25.0}",35,True,active,0.102168,1.96191,0.098268,35.0,55.0,1.82,1.0,1.7,20.0,0.102168,1.726,1.7,
exp18_sensitivity,ablationsoftmin_only__ballspeed9__noplot__servebox__windowms25.0,"{""--ablation"": ""softmin_only"", ""--ball-speed"": 9, ""--no-plot"": null, ""--serve-box"": null, ""--window-ms"": 25.0}",37,True,active,0.136396,1.944817,0.122272,35.0,55.0,1.63,1.0,1.4,20.0,0.136396,1.333,1.62,
exp18_sensitivity,ablationsoftmin_only__ballspeed9__noplot__servebox__windowms25.0,"{""--ablation"": ""softmin_only"", ""--ball-speed"": 9, ""--no-plot"": null, ""--serve-box"": null, ""--window-ms"": 25.0}",38,True,active,0.090209,1.985792,0.090209,30.0,55.0,1.79,0.98,1.7,20.0,0.090209,1.433,1.56,
exp18_sensitivity,ablationsoftmin_only__ballspeed9__noplot__servebox__windowms25.0,"{""--ablation"": ""softmin_only"", ""--ball-speed"": 9, ""--no-plot"": null, ""--serve-box"": null, ""--window-ms"": 25.0}",33,True,active,0.110297,1.972966,0.110297,35.0,55.0,1.79,0.98,2.0,15.0,0.110297,1.783,2.23,
exp18_sensitivity,ablationsoftmin_only__ballspeed9__noplot__servebox__windowms25.0,"{""--ablation"": ""softmin_only"", ""--ball-speed"": 9, ""--no-plot"": null, ""--serve-box"": null, ""--window-ms"": 25.0}",43,True,active,0.126387,1.916889,0.120098,35.0,55.0,1.8,1.0,1.9,25.0,0.126387,1.519,1.56,
exp18_sensitivity,ablationsoftmin_only__ballspeed9__noplot__servebox__windowms25.0,"{""--ablation"": ""softmin_only"", ""--ball-speed"": 9, ""--no-plot"": null, ""--serve-box"": null, ""--window-ms"": 25.0}",30,True,active,0.071285,1.94592,0.051287,0.0,0.0,1.79,0.98,1.7,20.0,0.071285,1.784,2.9,
exp18_sensitivity,ablationsoftmin_only__ballspeed9__noplot__servebox__windowms25.0,"{""--ablation"": ""softmin_only"", ""--ball-speed"": 9, ""--no-plot"": null, ""--serve-box"": null, ""--window-ms"": 25.0}",44,True,active,0.131964,1.954627,0.127776,30.0,55.0,1.61,1.0,1.4,20.0,0.131964,1.282,1.53,
exp18_sensitivity,ablationsoftmin_only__ballspeed9__noplot__servebox__windowms25.0,"{""--ablation"": ""softmin_only"", ""--ball-speed"": 9, ""--no-plot"": null, ""--serve-box"": null, ""--window-ms"": 25.0}",32,True,active,0.102336,1.943804,0.089879,45.0,55.0,1.74,1.0,1.7,15.0,0.102336,1.74,2.78,
exp18_sensitivity,ablationsoftmin_only__ballspeed9__noplot__servebox__windowms25.0,"{""--ablation"": ""softmin_only"", ""--ball-speed"": 9, ""--no-plot"": null, ""--serve-box"": null, ""--window-ms"": 25.0}",45,True,active,0.09935,1.97415,0.097906,40.0,55.0,1.8,0.99,1.7,15.0,0.09935,1.74,1.59,
exp18_sensitivity,ablationsoftmin_only__ballspeed9__noplot__servebox__windowms25.0,"{""--ablation"": ""softmin_only"", ""--ball-speed"": 9, ""--no-plot"": null, ""--serve-box"": null, ""--window-ms"": 25.0}",31,False,miss,0.355259,1.968782,0.153555,25.0,0.0,1.5,0.99,1.4,0.0,0.355259,0.0,3.04,
exp18_sensitivity,ablationsoftmin_only__ballspeed9__noplot__servebox__windowms25.0,"{""--ablation"": ""softmin_only"", ""--ball-speed"": 9, ""--no-plot"": null, ""--serve-box"": null, ""--window-ms"": 25.0}",40,True,active,0.073123,1.977508,0.073123,40.0,55.0,1.81,0.98,1.7,15.0,0.073123,1.732,2.17,
exp18_sensitivity,ablationsoftmin_only__ballspeed9__noplot__servebox__windowms25.0,"{""--ablation"": ""softmin_only"", ""--ball-speed"": 9, ""--no-plot"": null, ""--serve-box"": null, ""--window-ms"": 25.0}",46,True,active,0.097098,1.982923,0.097098,40.0,55.0,1.43,1.0,1.3,15.0,0.097098,1.263,1.52,
exp18_sensitivity,ablationsoftmin_only__ballspeed9__noplot__servebox__windowms25.0,"{""--ablation"": ""softmin_only"", ""--ball-speed"": 9, ""--no-plot"": null, ""--serve-box"": null, ""--window-ms"": 25.0}",39,True,active,0.091562,1.913835,0.091562,40.0,55.0,1.8,0.99,2.0,10.0,0.091562,1.773,2.89,
exp18_sensitivity,ablationsoftmin_only__ballspeed9__noplot__servebox__windowms25.0,"{""--ablation"": ""softmin_only"", ""--ball-speed"": 9, ""--no-plot"": null, ""--serve-box"": null, ""--window-ms"": 25.0}",50,True,active,0.068711,1.963754,0.068711,40.0,55.0,1.8,0.98,1.7,20.0,0.068711,1.661,1.4,
exp18_sensitivity,ablationsoftmin_only__ballspeed9__noplot__servebox__windowms25.0,"{""--ablation"": ""softmin_only"", ""--ball-speed"": 9, ""--no-plot"": null, ""--serve-box"": null, ""--window-ms"": 25.0}",49,True,active,0.091449,1.949414,0.084788,45.0,55.0,1.78,0.99,1.9,20.0,0.091449,1.743,1.42,
exp18_sensitivity,ablationsoftmin_only__ballspeed9__noplot__servebox__windowms25.0,"{""--ablation"": ""softmin_only"", ""--ball-speed"": 9, ""--no-plot"": null, ""--serve-box"": null, ""--window-ms"": 25.0}",47,True,active,0.064985,1.887022,0.064985,50.0,55.0,1.52,0.98,1.6,10.0,0.064985,1.116,1.81,
exp18_sensitivity,ablationsoftmin_only__ballspeed9__noplot__servebox__windowms25.0,"{""--ablation"": ""softmin_only"", ""--ball-speed"": 9, ""--no-plot"": null, ""--serve-box"": null, ""--window-ms"": 25.0}",41,True,active,0.071953,1.98637,0.051119,40.0,55.0,1.81,1.0,2.0,5.0,0.071953,1.371,2.87,
exp18_sensitivity,ablationsoftmin_only__ballspeed9__noplot__servebox__windowms25.0,"{""--ablation"": ""softmin_only"", ""--ball-speed"": 9, ""--no-plot"": null, ""--serve-box"": null, ""--window-ms"": 25.0}",51,True,active,0.112968,1.953826,0.099565,40.0,55.0,1.68,1.0,1.8,15.0,0.112968,1.562,1.57,
exp18_sensitivity,ablationsoftmin_only__ballspeed9__noplot__servebox__windowms25.0,"{""--ablation"": ""softmin_only"", ""--ball-speed"": 9, ""--no-plot"": null, ""--serve-box"": null, ""--window-ms"": 25.0}",42,True,active,0.059162,1.981198,0.050825,40.0,55.0,1.8,0.99,1.5,20.0,0.059162,1.796,2.98,
exp18_sensitivity,ablationsoftmin_only__ballspeed9__noplot__servebox__windowms25.0,"{""--ablation"": ""softmin_only"", ""--ball-speed"": 9, ""--no-plot"": null, ""--serve-box"": null, ""--window-ms"": 25.0}",53,True,active,0.095977,1.929793,0.095977,40.0,55.0,1.11,1.0,1.5,10.0,0.095977,0.844,1.62,
exp18_sensitivity,ablationsoftmin_only__ballspeed9__noplot__servebox__windowms25.0,"{""--ablation"": ""softmin_only"", ""--ball-speed"": 9, ""--no-plot"": null, ""--serve-box"": null, ""--window-ms"": 25.0}",57,True,active,0.097783,1.972986,0.092844,0.0,0.0,1.8,0.93,2.0,20.0,0.097783,1.789,1.47,
exp18_sensitivity,ablationsoftmin_only__ballspeed9__noplot__servebox__windowms25.0,"{""--ablation"": ""softmin_only"", ""--ball-speed"": 9, ""--no-plot"": null, ""--serve-box"": null, ""--window-ms"": 25.0}",48,True,active,0.101523,1.978894,0.096942,40.0,55.0,1.81,1.0,1.6,15.0,0.101523,1.613,2.47,
exp18_sensitivity,ablationsoftmin_only__ballspeed9__noplot__servebox__windowms25.0,"{""--ablation"": ""softmin_only"", ""--ball-speed"": 9, ""--no-plot"": null, ""--serve-box"": null, ""--window-ms"": 25.0}",52,True,active,0.070944,1.97246,0.070944,30.0,55.0,1.81,1.0,1.6,20.0,0.070944,1.752,1.88,
exp18_sensitivity,ablationsoftmin_only__ballspeed9__noplot__servebox__windowms25.0,"{""--ablation"": ""softmin_only"", ""--ball-speed"": 9, ""--no-plot"": null, ""--serve-box"": null, ""--window-ms"": 25.0}",58,True,active,0.077252,1.896829,0.07613,45.0,55.0,1.4,1.0,1.8,15.0,0.077252,1.252,1.42,
exp18_sensitivity,ablationsoftmin_only__ballspeed9__noplot__servebox__windowms25.0,"{""--ablation"": ""softmin_only"", ""--ball-speed"": 9, ""--no-plot"": null, ""--serve-box"": null, ""--window-ms"": 25.0}",59,True,active,0.111421,1.981735,0.110991,35.0,55.0,1.79,1.0,1.7,20.0,0.111421,1.788,1.5,
exp18_sensitivity,ablationsoftmin_only__ballspeed9__noplot__servebox__windowms25.0,"{""--ablation"": ""softmin_only"", ""--ball-speed"": 9, ""--no-plot"": null, ""--serve-box"": null, ""--window-ms"": 25.0}",56,False,miss,0.368242,1.958887,0.14745,0.0,0.0,1.79,1.0,2.0,0.0,0.368242,0.0,1.99,
exp18_sensitivity,ablationsoftmin_only__ballspeed9__noplot__servebox__windowms25.0,"{""--ablation"": ""softmin_only"", ""--ball-speed"": 9, ""--no-plot"": null, ""--serve-box"": null, ""--window-ms"": 25.0}",60,True,active,0.125687,1.973577,0.125415,35.0,55.0,1.81,1.0,2.0,20.0,0.125687,1.723,1.55,
exp18_sensitivity,ablationsoftmin_only__ballspeed9__noplot__servebox__windowms25.0,"{""--ablation"": ""softmin_only"", ""--ball-speed"": 9, ""--no-plot"": null, ""--serve-box"": null, ""--window-ms"": 25.0}",64,True,active,0.137909,1.97296,0.123085,35.0,35.0,1.8,0.99,1.9,20.0,0.137909,1.758,1.52,
exp18_sensitivity,ablationsoftmin_only__ballspeed9__noplot__servebox__windowms25.0,"{""--ablation"": ""softmin_only"", ""--ball-speed"": 9, ""--no-plot"": null, ""--serve-box"": null, ""--window-ms"": 25.0}",55,True,active,0.119283,1.991547,0.107054,35.0,55.0,1.78,0.99,1.9,20.0,0.119283,1.778,2.78,
exp18_sensitivity,ablationsoftmin_only__ballspeed9__noplot__servebox__windowms25.0,"{""--ablation"": ""softmin_only"", ""--ball-speed"": 9, ""--no-plot"": null, ""--serve-box"": null, ""--window-ms"": 25.0}",65,True,active,0.092845,1.99361,0.092845,30.0,55.0,1.82,1.0,1.8,20.0,0.092845,1.775,1.66,
exp18_sensitivity,ablationsoftmin_only__ballspeed9__noplot__servebox__windowms25.0,"{""--ablation"": ""softmin_only"", ""--ball-speed"": 9, ""--no-plot"": null, ""--serve-box"": null, ""--window-ms"": 25.0}",67,True,active,0.073771,1.954488,0.073771,35.0,55.0,1.78,0.99,1.8,15.0,0.073771,1.568,1.42,
exp18_sensitivity,ablationsoftmin_only__ballspeed9__noplot__servebox__windowms25.0,"{""--ablation"": ""softmin_only"", ""--ball-speed"": 9, ""--no-plot"": null, ""--serve-box"": null, ""--window-ms"": 25.0}",54,True,active,0.076985,2.002427,0.076985,0.0,0.0,1.81,0.99,1.9,25.0,0.076985,1.768,3.02,
exp18_sensitivity,ablationsoftmin_only__ballspeed9__noplot__servebox__windowms25.0,"{""--ablation"": ""softmin_only"", ""--ball-speed"": 9, ""--no-plot"": null, ""--serve-box"": null, ""--window-ms"": 25.0}",66,True,active,0.123043,1.961724,0.110785,35.0,55.0,1.8,1.0,1.8,20.0,0.123043,1.534,1.84,
exp18_sensitivity,ablationsoftmin_only__ballspeed9__noplot__servebox__windowms25.0,"{""--ablation"": ""softmin_only"", ""--ball-speed"": 9, ""--no-plot"": null, ""--serve-box"": null, ""--window-ms"": 25.0}",68,True,active,0.083249,1.923395,0.077615,45.0,55.0,1.47,0.99,1.1,5.0,0.083249,0.826,1.43,
exp18_sensitivity,ablationsoftmin_only__ballspeed9__noplot__servebox__windowms25.0,"{""--ablation"": ""softmin_only"", ""--ball-speed"": 9, ""--no-plot"": null, ""--serve-box"": null, ""--window-ms"": 25.0}",71,True,active,0.095828,1.967912,0.095828,25.0,55.0,1.8,1.0,1.8,25.0,0.095828,1.744,1.49,
exp18_sensitivity,ablationsoftmin_only__ballspeed9__noplot__servebox__windowms25.0,"{""--ablation"": ""softmin_only"", ""--ball-speed"": 9, ""--no-plot"": null, ""--serve-box"": null, ""--window-ms"": 25.0}",69,True,active,0.11332,1.978708,0.107949,35.0,55.0,1.81,0.99,1.9,20.0,0.11332,1.764,1.54,
exp18_sensitivity,ablationsoftmin_only__ballspeed9__noplot__servebox__windowms25.0,"{""--ablation"": ""softmin_only"", ""--ball-speed"": 9, ""--no-plot"": null, ""--serve-box"": null, ""--window-ms"": 25.0}",63,True,active,0.058884,1.989281,0.058884,40.0,55.0,1.8,0.99,1.8,20.0,0.058884,1.398,2.47,
exp18_sensitivity,ablationsoftmin_only__ballspeed9__noplot__servebox__windowms25.0,"{""--ablation"": ""softmin_only"", ""--ball-speed"": 9, ""--no-plot"": null, ""--serve-box"": null, ""--window-ms"": 25.0}",61,True,active,0.108832,1.994764,0.108832,30.0,55.0,1.81,0.99,1.7,20.0,0.108832,1.669,2.65,
exp18_sensitivity,ablationsoftmin_only__ballspeed9__noplot__servebox__windowms25.0,"{""--ablation"": ""softmin_only"", ""--ball-speed"": 9, ""--no-plot"": null, ""--serve-box"": null, ""--window-ms"": 25.0}",62,True,active,0.094976,1.968936,0.094976,30.0,55.0,1.8,1.0,1.8,20.0,0.094976,1.677,2.79,
exp18_sensitivity,ablationsoftmin_only__ballspeed9__noplot__servebox__windowms25.0,"{""--ablation"": ""softmin_only"", ""--ball-speed"": 9, ""--no-plot"": null, ""--serve-box"": null, ""--window-ms"": 25.0}",73,True,active,0.138211,1.945074,0.132401,40.0,50.0,1.37,1.0,1.4,15.0,0.138211,0.643,1.66,
exp18_sensitivity,ablationsoftmin_only__ballspeed9__noplot__servebox__windowms25.0,"{""--ablation"": ""softmin_only"", ""--ball-speed"": 9, ""--no-plot"": null, ""--serve-box"": null, ""--window-ms"": 25.0}",74,True,active,0.112868,1.927697,0.091667,45.0,55.0,1.79,1.0,1.9,20.0,0.112868,1.634,1.39,
exp18_sensitivity,ablationsoftmin_only__ballspeed9__noplot__servebox__windowms25.0,"{""--ablation"": ""softmin_only"", ""--ball-speed"": 9, ""--no-plot"": null, ""--serve-box"": null, ""--window-ms"": 25.0}",70,True,active,0.141909,1.939404,0.12793,35.0,55.0,1.77,1.0,1.9,20.0,0.141909,1.758,2.18,
exp18_sensitivity,ablationsoftmin_only__ballspeed9__noplot__servebox__windowms25.0,"{""--ablation"": ""softmin_only"", ""--ball-speed"": 9, ""--no-plot"": null, ""--serve-box"": null, ""--window-ms"": 25.0}",75,True,active,0.105764,1.956469,0.10111,40.0,55.0,1.49,1.0,1.5,5.0,0.105764,0.624,1.51,
exp18_sensitivity,ablationsoftmin_only__ballspeed9__noplot__servebox__windowms25.0,"{""--ablation"": ""softmin_only"", ""--ball-speed"": 9, ""--no-plot"": null, ""--serve-box"": null, ""--window-ms"": 25.0}",79,True,active,0.110262,1.948964,0.075382,10.0,20.0,1.8,1.0,1.6,20.0,0.110262,1.801,1.49,
exp18_sensitivity,ablationsoftmin_only__ballspeed9__noplot__servebox__windowms25.0,"{""--ablation"": ""softmin_only"", ""--ball-speed"": 9, ""--no-plot"": null, ""--serve-box"": null, ""--window-ms"": 25.0}",80,True,active,0.030953,1.933759,0.030953,50.0,55.0,1.81,1.0,1.5,10.0,0.030953,0.789,1.49,
exp18_sensitivity,ablationsoftmin_only__ballspeed9__noplot__servebox__windowms25.0,"{""--ablation"": ""softmin_only"", ""--ball-speed"": 9, ""--no-plot"": null, ""--serve-box"": null, ""--window-ms"": 25.0}",83,True,active,0.107797,1.969808,0.098335,35.0,55.0,1.74,0.99,1.5,10.0,0.107797,1.602,1.48,
exp18_sensitivity,ablationsoftmin_only__ballspeed9__noplot__servebox__windowms25.0,"{""--ablation"": ""softmin_only"", ""--ball-speed"": 9, ""--no-plot"": null, ""--serve-box"": null, ""--window-ms"": 25.0}",72,True,active,0.064563,1.993894,0.064563,40.0,55.0,1.81,1.0,1.7,15.0,0.064563,1.714,2.91,
exp18_sensitivity,ablationsoftmin_only__ballspeed9__noplot__servebox__windowms25.0,"{""--ablation"": ""softmin_only"", ""--ball-speed"": 9, ""--no-plot"": null, ""--serve-box"": null, ""--window-ms"": 25.0}",78,True,active,0.046855,1.954638,0.046855,45.0,55.0,1.8,0.98,1.9,20.0,0.046855,1.738,2.02,
exp18_sensitivity,ablationsoftmin_only__ballspeed9__noplot__servebox__windowms25.0,"{""--ablation"": ""softmin_only"", ""--ball-speed"": 9, ""--no-plot"": null, ""--serve-box"": null, ""--window-ms"": 25.0}",82,True,active,0.094829,1.974571,0.094829,30.0,55.0,1.78,0.99,1.7,20.0,0.094829,1.671,1.69,
exp18_sensitivity,ablationsoftmin_only__ballspeed9__noplot__servebox__windowms25.0,"{""--ablation"": ""softmin_only"", ""--ball-speed"": 9, ""--no-plot"": null, ""--serve-box"": null, ""--window-ms"": 25.0}",84,True,active,0.057037,1.968788,0.056493,40.0,55.0,1.8,0.99,1.7,20.0,0.057037,1.72,1.53,
exp18_sensitivity,ablationsoftmin_only__ballspeed9__noplot__servebox__windowms25.0,"{""--ablation"": ""softmin_only"", ""--ball-speed"": 9, ""--no-plot"": null, ""--serve-box"": null, ""--window-ms"": 25.0}",85,True,active,0.076236,1.966507,0.074221,40.0,55.0,1.8,0.99,1.6,10.0,0.076236,1.656,1.62,
exp18_sensitivity,ablationsoftmin_only__ballspeed9__noplot__servebox__windowms25.0,"{""--ablation"": ""softmin_only"", ""--ball-speed"": 9, ""--no-plot"": null, ""--serve-box"": null, ""--window-ms"": 25.0}",88,True,active,0.081823,1.978234,0.081823,40.0,55.0,1.81,1.0,2.0,20.0,0.081823,1.654,1.52,
exp18_sensitivity,ablationsoftmin_only__ballspeed9__noplot__servebox__windowms25.0,"{""--ablation"": ""softmin_only"", ""--ball-speed"": 9, ""--no-plot"": null, ""--serve-box"": null, ""--window-ms"": 25.0}",90,True,active,0.087297,1.974534,0.085874,40.0,55.0,1.81,0.96,2.1,15.0,0.087297,1.806,1.43,
exp18_sensitivity,ablationsoftmin_only__ballspeed9__noplot__servebox__windowms25.0,"{""--ablation"": ""softmin_only"", ""--ball-speed"": 9, ""--no-plot"": null, ""--serve-box"": null, ""--window-ms"": 25.0}",76,True,active,0.070932,1.926439,0.070932,0.0,0.0,1.8,0.99,1.7,15.0,0.070932,1.645,2.95,
exp18_sensitivity,ablationsoftmin_only__ballspeed9__noplot__servebox__windowms25.0,"{""--ablation"": ""softmin_only"", ""--ball-speed"": 9, ""--no-plot"": null, ""--serve-box"": null, ""--window-ms"": 25.0}",77,True,active,0.136102,1.943976,0.134244,30.0,55.0,1.57,1.0,1.7,20.0,0.136102,1.419,3.0,
exp18_sensitivity,ablationsoftmin_only__ballspeed9__noplot__servebox__windowms25.0,"{""--ablation"": ""softmin_only"", ""--ball-speed"": 9, ""--no-plot"": null, ""--serve-box"": null, ""--window-ms"": 25.0}",81,True,active,0.100697,1.968827,0.100697,40.0,55.0,1.7,1.0,1.9,20.0,0.100697,1.218,2.78,
exp18_sensitivity,ablationsoftmin_only__ballspeed9__noplot__servebox__windowms25.0,"{""--ablation"": ""softmin_only"", ""--ball-speed"": 9, ""--no-plot"": null, ""--serve-box"": null, ""--window-ms"": 25.0}",92,True,active,0.112921,1.959541,0.086783,40.0,55.0,1.79,1.0,1.8,25.0,0.112921,1.709,1.42,
exp18_sensitivity,ablationsoftmin_only__ballspeed9__noplot__servebox__windowms25.0,"{""--ablation"": ""softmin_only"", ""--ball-speed"": 9, ""--no-plot"": null, ""--serve-box"": null, ""--window-ms"": 25.0}",89,True,active,0.079683,1.937969,0.079683,40.0,55.0,1.79,0.97,1.8,15.0,0.079683,1.784,2.2,
exp18_sensitivity,ablationsoftmin_only__ballspeed9__noplot__servebox__windowms25.0,"{""--ablation"": ""softmin_only"", ""--ball-speed"": 9, ""--no-plot"": null, ""--serve-box"": null, ""--window-ms"": 25.0}",91,True,active,0.03548,1.990523,0.03548,35.0,55.0,1.77,1.0,1.6,5.0,0.03548,0.452,1.76,
exp18_sensitivity,ablationsoftmin_only__ballspeed9__noplot__servebox__windowms25.0,"{""--ablation"": ""softmin_only"", ""--ball-speed"": 9, ""--no-plot"": null, ""--serve-box"": null, ""--window-ms"": 25.0}",96,True,active,0.083167,1.979758,0.077214,35.0,55.0,1.81,0.94,1.8,20.0,0.083167,1.738,1.4,
exp18_sensitivity,ablationsoftmin_only__ballspeed9__noplot__servebox__windowms25.0,"{""--ablation"": ""softmin_only"", ""--ball-speed"": 9, ""--no-plot"": null, ""--serve-box"": null, ""--window-ms"": 25.0}",93,True,active,0.095907,1.937913,0.085582,45.0,55.0,1.79,0.99,2.1,15.0,0.095907,1.731,1.65,
exp18_sensitivity,ablationsoftmin_only__ballspeed9__noplot__servebox__windowms25.0,"{""--ablation"": ""softmin_only"", ""--ball-speed"": 9, ""--no-plot"": null, ""--serve-box"": null, ""--window-ms"": 25.0}",95,True,active,0.096321,1.963768,0.080023,40.0,55.0,1.79,0.99,1.5,25.0,0.096321,1.445,1.51,
exp18_sensitivity,ablationsoftmin_only__ballspeed9__noplot__servebox__windowms25.0,"{""--ablation"": ""softmin_only"", ""--ball-speed"": 9, ""--no-plot"": null, ""--serve-box"": null, ""--window-ms"": 25.0}",87,True,active,0.102311,1.957708,0.099565,40.0,55.0,1.8,0.99,1.8,20.0,0.102311,1.784,2.91,
exp18_sensitivity,ablationsoftmin_only__ballspeed9__noplot__servebox__windowms25.0,"{""--ablation"": ""softmin_only"", ""--ball-speed"": 9, ""--no-plot"": null, ""--serve-box"": null, ""--window-ms"": 25.0}",98,True,active,0.086198,1.93666,0.061627,0.0,0.0,1.79,1.0,1.5,20.0,0.086198,1.701,1.46,
exp18_sensitivity,ablationsoftmin_only__ballspeed9__noplot__servebox__windowms25.0,"{""--ablation"": ""softmin_only"", ""--ball-speed"": 9, ""--no-plot"": null, ""--serve-box"": null, ""--window-ms"": 25.0}",86,True,active,0.084805,1.952287,0.084805,40.0,55.0,1.78,1.0,1.8,15.0,0.084805,1.657,2.95,
exp18_sensitivity,ablationsoftmin_only__ballspeed9__noplot__servebox__windowms25.0,"{""--ablation"": ""softmin_only"", ""--ball-speed"": 9, ""--no-plot"": null, ""--serve-box"": null, ""--window-ms"": 25.0}",99,True,active,0.129218,1.965522,0.119409,35.0,55.0,1.81,1.0,1.8,20.0,0.129218,1.765,1.51,
exp18_sensitivity,ablationsoftmin_only__ballspeed9__noplot__servebox__windowms25.0,"{""--ablation"": ""softmin_only"", ""--ball-speed"": 9, ""--no-plot"": null, ""--serve-box"": null, ""--window-ms"": 25.0}",94,True,active,0.094843,1.978892,0.094843,35.0,55.0,1.8,0.97,1.8,20.0,0.094843,1.744,2.04,
exp18_sensitivity,ablationsoftmin_only__ballspeed9__noplot__servebox__windowms25.0,"{""--ablation"": ""softmin_only"", ""--ball-speed"": 9, ""--no-plot"": null, ""--serve-box"": null, ""--window-ms"": 25.0}",97,True,active,0.104773,1.947371,0.104773,40.0,55.0,1.79,1.0,1.8,20.0,0.104773,1.555,1.91,
exp18_sensitivity,ablationsoftmin_only__ballspeed9__noplot__servebox__windowms25.0,"{""--ablation"": ""softmin_only"", ""--ball-speed"": 9, ""--no-plot"": null, ""--serve-box"": null, ""--window-ms"": 25.0}",100,True,active,0.079596,1.976256,0.073451,40.0,55.0,1.81,0.98,1.7,20.0,0.079596,1.754,1.64,
exp18_sensitivity,ablationsoftmin_only__ballspeed9__noplot__servebox__windowms25.0,"{""--ablation"": ""softmin_only"", ""--ball-speed"": 9, ""--no-plot"": null, ""--serve-box"": null, ""--window-ms"": 25.0}",104,True,active,0.114927,1.966228,0.112155,35.0,55.0,1.81,0.99,1.6,20.0,0.114927,1.766,1.44,
exp18_sensitivity,ablationsoftmin_only__ballspeed9__noplot__servebox__windowms25.0,"{""--ablation"": ""softmin_only"", ""--ball-speed"": 9, ""--no-plot"": null, ""--serve-box"": null, ""--window-ms"": 25.0}",108,True,active,0.101213,1.978725,0.099148,35.0,55.0,1.79,0.98,1.9,20.0,0.101213,1.557,1.42,
exp18_sensitivity,ablationsoftmin_only__ballspeed9__noplot__servebox__windowms25.0,"{""--ablation"": ""softmin_only"", ""--ball-speed"": 9, ""--no-plot"": null, ""--serve-box"": null, ""--window-ms"": 25.0}",110,True,active,0.118038,1.950717,0.118038,35.0,55.0,1.8,0.99,1.8,20.0,0.118038,1.706,1.38,
exp18_sensitivity,ablationsoftmin_only__ballspeed9__noplot__servebox__windowms25.0,"{""--ablation"": ""softmin_only"", ""--ball-speed"": 9, ""--no-plot"": null, ""--serve-box"": null, ""--window-ms"": 25.0}",111,True,active,0.109619,1.985087,0.107058,35.0,55.0,1.79,1.0,1.9,25.0,0.109619,1.795,1.44,
exp18_sensitivity,ablationsoftmin_only__ballspeed9__noplot__servebox__windowms25.0,"{""--ablation"": ""softmin_only"", ""--ball-speed"": 9, ""--no-plot"": null, ""--serve-box"": null, ""--window-ms"": 25.0}",112,True,active,0.071885,1.991843,0.061191,0.0,0.0,1.8,0.99,1.7,30.0,0.071885,1.799,1.56,
exp18_sensitivity,ablationsoftmin_only__ballspeed9__noplot__servebox__windowms25.0,"{""--ablation"": ""softmin_only"", ""--ball-speed"": 9, ""--no-plot"": null, ""--serve-box"": null, ""--window-ms"": 25.0}",121,,,,,,,,,,,,,,0.19,no_result
exp18_sensitivity,ablationsoftmin_only__ballspeed9__noplot__servebox__windowms25.0,"{""--ablation"": ""softmin_only"", ""--ball-speed"": 9, ""--no-plot"": null, ""--serve-box"": null, ""--window-ms"": 25.0}",113,True,active,0.090365,1.957589,0.067578,0.0,0.0,1.8,1.0,1.7,20.0,0.090365,1.759,1.58,
exp18_sensitivity,ablationsoftmin_only__ballspeed9__noplot__servebox__windowms25.0,"{""--ablation"": ""softmin_only"", ""--ball-speed"": 9, ""--no-plot"": null, ""--serve-box"": null, ""--window-ms"": 25.0}",114,True,active,0.091581,1.921481,0.091581,35.0,55.0,1.8,0.99,1.5,15.0,0.091581,1.738,1.52,
exp18_sensitivity,ablationsoftmin_only__ballspeed9__noplot__servebox__windowms25.0,"{""--ablation"": ""softmin_only"", ""--ball-speed"": 9, ""--no-plot"": null, ""--serve-box"": null, ""--window-ms"": 25.0}",115,True,active,0.075939,1.951668,0.057997,15.0,35.0,1.82,0.99,1.5,20.0,0.075939,1.614,1.53,
exp18_sensitivity,ablationsoftmin_only__ballspeed9__noplot__servebox__windowms25.0,"{""--ablation"": ""softmin_only"", ""--ball-speed"": 9, ""--no-plot"": null, ""--serve-box"": null, ""--window-ms"": 25.0}",116,True,active,0.098885,1.942648,0.093914,40.0,55.0,1.8,1.0,1.8,15.0,0.098885,1.69,1.43,
exp18_sensitivity,ablationsoftmin_only__ballspeed9__noplot__servebox__windowms25.0,"{""--ablation"": ""softmin_only"", ""--ball-speed"": 9, ""--no-plot"": null, ""--serve-box"": null, ""--window-ms"": 25.0}",101,True,active,0.12413,1.971669,0.121516,30.0,55.0,1.8,1.0,1.6,20.0,0.12413,1.553,2.94,
exp18_sensitivity,ablationsoftmin_only__ballspeed9__noplot__servebox__windowms25.0,"{""--ablation"": ""softmin_only"", ""--ball-speed"": 9, ""--no-plot"": null, ""--serve-box"": null, ""--window-ms"": 25.0}",107,True,active,0.123385,1.976194,0.119351,35.0,55.0,1.79,0.99,2.2,20.0,0.123385,1.479,2.45,
exp18_sensitivity,ablationsoftmin_only__ballspeed9__noplot__servebox__windowms25.0,"{""--ablation"": ""softmin_only"", ""--ball-speed"": 9, ""--no-plot"": null, ""--serve-box"": null, ""--window-ms"": 25.0}",109,True,active,0.110428,1.960688,0.110428,35.0,55.0,1.8,1.0,1.6,15.0,0.110428,1.692,2.37,
exp18_sensitivity,ablationsoftmin_only__ballspeed9__noplot__servebox__windowms25.0,"{""--ablation"": ""softmin_only"", ""--ball-speed"": 9, ""--no-plot"": null, ""--serve-box"": null, ""--window-ms"": 25.0}",102,True,active,0.066594,1.983767,0.06629,45.0,55.0,1.8,0.99,1.6,15.0,0.066594,1.721,3.05,
exp18_sensitivity,ablationsoftmin_only__ballspeed9__noplot__servebox__windowms25.0,"{""--ablation"": ""softmin_only"", ""--ball-speed"": 9, ""--no-plot"": null, ""--serve-box"": null, ""--window-ms"": 25.0}",103,True,active,0.115078,1.961631,0.097589,45.0,55.0,1.8,0.99,1.8,20.0,0.115078,1.634,3.02,
exp18_sensitivity,ablationsoftmin_only__ballspeed9__noplot__servebox__windowms25.0,"{""--ablation"": ""softmin_only"", ""--ball-speed"": 9, ""--no-plot"": null, ""--serve-box"": null, ""--window-ms"": 25.0}",105,True,active,0.102492,1.943865,0.096125,40.0,55.0,1.79,0.99,1.7,20.0,0.102492,1.731,2.97,
exp18_sensitivity,ablationsoftmin_only__ballspeed9__noplot__servebox__windowms25.0,"{""--ablation"": ""softmin_only"", ""--ball-speed"": 9, ""--no-plot"": null, ""--serve-box"": null, ""--window-ms"": 25.0}",106,True,active,0.120378,1.960955,0.106058,0.0,0.0,1.8,0.99,1.7,25.0,0.120378,1.689,2.87,
exp18_sensitivity,ablationsoftmin_only__ballspeed9__noplot__servebox__windowms25.0,"{""--ablation"": ""softmin_only"", ""--ball-speed"": 9, ""--no-plot"": null, ""--serve-box"": null, ""--window-ms"": 25.0}",117,True,active,0.099441,1.960348,0.086512,0.0,0.0,1.79,0.99,1.7,20.0,0.099441,1.777,1.7,
exp18_sensitivity,ablationsoftmin_only__ballspeed9__noplot__servebox__windowms25.0,"{""--ablation"": ""softmin_only"", ""--ball-speed"": 9, ""--no-plot"": null, ""--serve-box"": null, ""--window-ms"": 25.0}",118,True,active,0.062574,1.959566,0.049556,45.0,55.0,1.79,0.97,1.7,20.0,0.062574,1.78,1.56,
exp18_sensitivity,ablationsoftmin_only__ballspeed9__noplot__servebox__windowms25.0,"{""--ablation"": ""softmin_only"", ""--ball-speed"": 9, ""--no-plot"": null, ""--serve-box"": null, ""--window-ms"": 25.0}",119,True,active,0.08049,1.958677,0.08049,35.0,55.0,1.77,0.99,2.0,15.0,0.08049,1.441,1.6,
exp18_sensitivity,ablationsoftmin_only__ballspeed9__noplot__servebox__windowms25.0,"{""--ablation"": ""softmin_only"", ""--ball-speed"": 9, ""--no-plot"": null, ""--serve-box"": null, ""--window-ms"": 25.0}",120,True,active,0.080371,1.939425,0.080129,40.0,55.0,1.82,0.97,2.0,10.0,0.080371,1.771,1.59,
exp18_sensitivity,ablationsoftmin_only__ballspeed9__noplot__servebox__windowms25.0,"{""--ablation"": ""softmin_only"", ""--ball-speed"": 9, ""--no-plot"": null, ""--serve-box"": null, ""--window-ms"": 25.0}",124,True,active,0.093922,1.962941,0.093922,40.0,55.0,1.8,0.98,1.7,15.0,0.093922,1.756,1.43,
exp18_sensitivity,ablationsoftmin_only__ballspeed9__noplot__servebox__windowms25.0,"{""--ablation"": ""softmin_only"", ""--ball-speed"": 9, ""--no-plot"": null, ""--serve-box"": null, ""--window-ms"": 25.0}",123,True,active,0.068243,1.956935,0.068243,40.0,55.0,1.45,0.99,1.4,10.0,0.068243,0.832,1.54,
exp18_sensitivity,ablationsoftmin_only__ballspeed9__noplot__servebox__windowms25.0,"{""--ablation"": ""softmin_only"", ""--ball-speed"": 9, ""--no-plot"": null, ""--serve-box"": null, ""--window-ms"": 25.0}",125,True,active,0.091527,1.986745,0.090886,40.0,55.0,1.77,1.0,1.7,20.0,0.091527,1.514,1.52,
exp18_sensitivity,ablationsoftmin_only__ballspeed9__noplot__servebox__windowms25.0,"{""--ablation"": ""softmin_only"", ""--ball-speed"": 9, ""--no-plot"": null, ""--serve-box"": null, ""--window-ms"": 25.0}",130,True,active,0.114291,1.958971,0.108229,0.0,0.0,1.81,1.0,2.0,25.0,0.114291,1.597,1.56,
exp18_sensitivity,ablationsoftmin_only__ballspeed9__noplot__servebox__windowms25.0,"{""--ablation"": ""softmin_only"", ""--ball-speed"": 9, ""--no-plot"": null, ""--serve-box"": null, ""--window-ms"": 25.0}",131,True,active,0.055835,2.003992,0.055835,35.0,55.0,1.8,1.0,1.9,20.0,0.055835,1.642,1.55,
exp18_sensitivity,ablationsoftmin_only__ballspeed9__noplot__servebox__windowms25.0,"{""--ablation"": ""softmin_only"", ""--ball-speed"": 9, ""--no-plot"": null, ""--serve-box"": null, ""--window-ms"": 25.0}",129,True,active,0.132272,1.949511,0.124896,35.0,55.0,1.53,0.99,1.5,10.0,0.132272,1.161,1.8,
exp18_sensitivity,ablationsoftmin_only__ballspeed9__noplot__servebox__windowms25.0,"{""--ablation"": ""softmin_only"", ""--ball-speed"": 9, ""--no-plot"": null, ""--serve-box"": null, ""--window-ms"": 25.0}",132,True,passive,0.075847,1.943278,0.075847,40.0,55.0,1.22,0.99,1.6,5.0,0.075847,0.065,1.56,
exp18_sensitivity,ablationsoftmin_only__ballspeed9__noplot__servebox__windowms25.0,"{""--ablation"": ""softmin_only"", ""--ball-speed"": 9, ""--no-plot"": null, ""--serve-box"": null, ""--window-ms"": 25.0}",133,True,active,0.108626,1.976937,0.108626,35.0,55.0,1.82,0.99,1.8,15.0,0.108626,1.752,1.79,
exp18_sensitivity,ablationsoftmin_only__ballspeed9__noplot__servebox__windowms25.0,"{""--ablation"": ""softmin_only"", ""--ball-speed"": 9, ""--no-plot"": null, ""--serve-box"": null, ""--window-ms"": 25.0}",122,True,active,0.121097,1.950527,0.120555,40.0,55.0,1.53,0.99,1.5,15.0,0.121097,1.26,2.86,
exp18_sensitivity,ablationsoftmin_only__ballspeed9__noplot__servebox__windowms25.0,"{""--ablation"": ""softmin_only"", ""--ball-speed"": 9, ""--no-plot"": null, ""--serve-box"": null, ""--window-ms"": 25.0}",136,True,active,0.094751,1.855005,0.094751,0.0,0.0,1.81,1.0,2.1,25.0,0.094751,1.748,1.69,
exp18_sensitivity,ablationsoftmin_only__ballspeed9__noplot__servebox__windowms25.0,"{""--ablation"": ""softmin_only"", ""--ball-speed"": 9, ""--no-plot"": null, ""--serve-box"": null, ""--window-ms"": 25.0}",139,True,active,0.108873,1.976059,0.106693,35.0,55.0,1.8,1.0,1.5,15.0,0.108873,1.724,1.45,
exp18_sensitivity,ablationsoftmin_only__ballspeed9__noplot__servebox__windowms25.0,"{""--ablation"": ""softmin_only"", ""--ball-speed"": 9, ""--no-plot"": null, ""--serve-box"": null, ""--window-ms"": 25.0}",138,True,active,0.013397,1.936316,0.013397,35.0,55.0,1.79,1.0,2.2,5.0,0.013397,0.526,1.63,
exp18_sensitivity,ablationsoftmin_only__ballspeed9__noplot__servebox__windowms25.0,"{""--ablation"": ""softmin_only"", ""--ball-speed"": 9, ""--no-plot"": null, ""--serve-box"": null, ""--window-ms"": 25.0}",140,True,active,0.072138,1.964877,0.070887,35.0,55.0,1.81,0.93,1.7,20.0,0.072138,1.788,1.43,
exp18_sensitivity,ablationsoftmin_only__ballspeed9__noplot__servebox__windowms25.0,"{""--ablation"": ""softmin_only"", ""--ball-speed"": 9, ""--no-plot"": null, ""--serve-box"": null, ""--window-ms"": 25.0}",127,True,active,0.08724,1.975888,0.08724,40.0,55.0,1.72,1.0,1.8,20.0,0.08724,1.639,2.97,
exp18_sensitivity,ablationsoftmin_only__ballspeed9__noplot__servebox__windowms25.0,"{""--ablation"": ""softmin_only"", ""--ball-speed"": 9, ""--no-plot"": null, ""--serve-box"": null, ""--window-ms"": 25.0}",126,True,active,0.016159,1.968706,0.016159,25.0,40.0,1.42,1.0,1.4,15.0,0.016159,1.332,3.07,
exp18_sensitivity,ablationsoftmin_only__ballspeed9__noplot__servebox__windowms25.0,"{""--ablation"": ""softmin_only"", ""--ball-speed"": 9, ""--no-plot"": null, ""--serve-box"": null, ""--window-ms"": 25.0}",128,True,active,0.111332,1.968968,0.098919,40.0,55.0,1.8,1.0,1.6,20.0,0.111332,1.669,2.96,
exp18_sensitivity,ablationsoftmin_only__ballspeed9__noplot__servebox__windowms25.0,"{""--ablation"": ""softmin_only"", ""--ball-speed"": 9, ""--no-plot"": null, ""--serve-box"": null, ""--window-ms"": 25.0}",137,False,miss,0.344031,1.939945,0.118972,0.0,0.0,1.55,1.0,1.6,0.0,0.344031,0.0,2.16,
exp18_sensitivity,ablationsoftmin_only__ballspeed9__noplot__servebox__windowms25.0,"{""--ablation"": ""softmin_only"", ""--ball-speed"": 9, ""--no-plot"": null, ""--serve-box"": null, ""--window-ms"": 25.0}",141,True,active,0.063232,1.979809,0.046799,45.0,55.0,1.79,0.97,1.5,20.0,0.063232,1.719,1.58,
exp18_sensitivity,ablationsoftmin_only__ballspeed9__noplot__servebox__windowms25.0,"{""--ablation"": ""softmin_only"", ""--ball-speed"": 9, ""--no-plot"": null, ""--serve-box"": null, ""--window-ms"": 25.0}",142,True,active,0.117961,1.947068,0.093199,0.0,0.0,1.79,0.99,1.9,25.0,0.117961,1.509,1.5,
exp18_sensitivity,ablationsoftmin_only__ballspeed9__noplot__servebox__windowms25.0,"{""--ablation"": ""softmin_only"", ""--ball-speed"": 9, ""--no-plot"": null, ""--serve-box"": null, ""--window-ms"": 25.0}",135,False,miss,0.384329,1.968292,0.169357,15.0,0.0,1.8,1.0,1.8,0.0,0.384329,0.0,2.63,
exp18_sensitivity,ablationsoftmin_only__ballspeed9__noplot__servebox__windowms25.0,"{""--ablation"": ""softmin_only"", ""--ball-speed"": 9, ""--no-plot"": null, ""--serve-box"": null, ""--window-ms"": 25.0}",143,True,active,0.070778,1.930007,0.070778,45.0,55.0,1.75,0.98,1.8,15.0,0.070778,1.753,1.54,
exp18_sensitivity,ablationsoftmin_only__ballspeed9__noplot__servebox__windowms25.0,"{""--ablation"": ""softmin_only"", ""--ball-speed"": 9, ""--no-plot"": null, ""--serve-box"": null, ""--window-ms"": 25.0}",134,True,active,0.119947,1.965826,0.119947,30.0,55.0,1.81,0.99,1.7,20.0,0.119947,1.68,3.04,
exp18_sensitivity,ablationsoftmin_only__ballspeed9__noplot__servebox__windowms25.0,"{""--ablation"": ""softmin_only"", ""--ball-speed"": 9, ""--no-plot"": null, ""--serve-box"": null, ""--window-ms"": 25.0}",144,True,active,0.137235,1.966587,0.123495,40.0,55.0,1.77,1.0,1.9,15.0,0.137235,1.71,1.64,
exp18_sensitivity,ablationsoftmin_only__ballspeed9__noplot__servebox__windowms25.0,"{""--ablation"": ""softmin_only"", ""--ball-speed"": 9, ""--no-plot"": null, ""--serve-box"": null, ""--window-ms"": 25.0}",147,True,active,0.113016,1.951374,0.113016,35.0,55.0,1.52,0.99,1.5,10.0,0.113016,0.914,1.6,
exp18_sensitivity,ablationsoftmin_only__ballspeed9__noplot__servebox__windowms25.0,"{""--ablation"": ""softmin_only"", ""--ball-speed"": 9, ""--no-plot"": null, ""--serve-box"": null, ""--window-ms"": 25.0}",146,True,active,0.11094,1.978137,0.11094,35.0,55.0,1.8,0.99,1.9,15.0,0.11094,1.722,1.69,
exp18_sensitivity,ablationsoftmin_only__ballspeed9__noplot__servebox__windowms25.0,"{""--ablation"": ""softmin_only"", ""--ball-speed"": 9, ""--no-plot"": null, ""--serve-box"": null, ""--window-ms"": 25.0}",151,True,active,0.098079,1.977986,0.093908,35.0,55.0,1.81,0.98,1.7,20.0,0.098079,1.81,1.64,
exp18_sensitivity,ablationsoftmin_only__ballspeed9__noplot__servebox__windowms25.0,"{""--ablation"": ""softmin_only"", ""--ball-speed"": 9, ""--no-plot"": null, ""--serve-box"": null, ""--window-ms"": 25.0}",153,True,active,0.125595,1.970103,0.117946,35.0,55.0,1.8,1.0,1.8,20.0,0.125595,1.644,1.6,
exp18_sensitivity,ablationsoftmin_only__ballspeed9__noplot__servebox__windowms25.0,"{""--ablation"": ""softmin_only"", ""--ball-speed"": 9, ""--no-plot"": null, ""--serve-box"": null, ""--window-ms"": 25.0}",154,True,active,0.134622,1.961958,0.115307,35.0,55.0,1.76,1.0,1.5,5.0,0.134622,0.866,1.52,
exp18_sensitivity,ablationsoftmin_only__ballspeed9__noplot__servebox__windowms25.0,"{""--ablation"": ""softmin_only"", ""--ball-speed"": 9, ""--no-plot"": null, ""--serve-box"": null, ""--window-ms"": 25.0}",155,True,active,0.123581,1.937048,0.122256,35.0,55.0,1.76,1.0,1.7,20.0,0.123581,1.674,1.58,
exp18_sensitivity,ablationsoftmin_only__ballspeed9__noplot__servebox__windowms25.0,"{""--ablation"": ""softmin_only"", ""--ball-speed"": 9, ""--no-plot"": null, ""--serve-box"": null, ""--window-ms"": 25.0}",145,True,active,0.10722,1.954162,0.098287,35.0,55.0,1.78,0.99,1.6,25.0,0.10722,1.535,2.83,
exp18_sensitivity,ablationsoftmin_only__ballspeed9__noplot__servebox__windowms25.0,"{""--ablation"": ""softmin_only"", ""--ball-speed"": 9, ""--no-plot"": null, ""--serve-box"": null, ""--window-ms"": 25.0}",156,True,active,0.108439,1.960509,0.107782,35.0,55.0,1.36,0.99,1.4,15.0,0.108439,0.921,1.78,
exp18_sensitivity,ablationsoftmin_only__ballspeed9__noplot__servebox__windowms25.0,"{""--ablation"": ""softmin_only"", ""--ball-speed"": 9, ""--no-plot"": null, ""--serve-box"": null, ""--window-ms"": 25.0}",159,True,active,0.05671,1.887501,0.05671,40.0,55.0,1.49,0.98,1.3,10.0,0.05671,1.124,1.64,
exp18_sensitivity,ablationsoftmin_only__ballspeed9__noplot__servebox__windowms25.0,"{""--ablation"": ""softmin_only"", ""--ball-speed"": 9, ""--no-plot"": null, ""--serve-box"": null, ""--window-ms"": 25.0}",160,True,active,0.076958,2.005939,0.066822,40.0,55.0,1.77,0.99,1.4,15.0,0.076958,1.771,1.57,
exp18_sensitivity,ablationsoftmin_only__ballspeed9__noplot__servebox__windowms25.0,"{""--ablation"": ""softmin_only"", ""--ball-speed"": 9, ""--no-plot"": null, ""--serve-box"": null, ""--window-ms"": 25.0}",157,True,active,0.090867,1.968414,0.081893,35.0,55.0,1.8,1.0,1.7,20.0,0.090867,1.751,2.24,
exp18_sensitivity,ablationsoftmin_only__ballspeed9__noplot__servebox__windowms25.0,"{""--ablation"": ""softmin_only"", ""--ball-speed"": 9, ""--no-plot"": null, ""--serve-box"": null, ""--window-ms"": 25.0}",161,True,active,0.106077,1.943394,0.102914,0.0,0.0,1.78,1.0,2.0,15.0,0.106077,1.751,1.45,
exp18_sensitivity,ablationsoftmin_only__ballspeed9__noplot__servebox__windowms25.0,"{""--ablation"": ""softmin_only"", ""--ball-speed"": 9, ""--no-plot"": null, ""--serve-box"": null, ""--window-ms"": 25.0}",148,True,active,0.133253,1.953886,0.132861,35.0,55.0,1.77,1.0,1.8,15.0,0.133253,1.679,3.03,
exp18_sensitivity,ablationsoftmin_only__ballspeed9__noplot__servebox__windowms25.0,"{""--ablation"": ""softmin_only"", ""--ball-speed"": 9, ""--no-plot"": null, ""--serve-box"": null, ""--window-ms"": 25.0}",149,True,active,0.111936,1.936126,0.105914,35.0,55.0,1.79,1.0,1.8,20.0,0.111936,1.513,3.01,
exp18_sensitivity,ablationsoftmin_only__ballspeed9__noplot__servebox__windowms25.0,"{""--ablation"": ""softmin_only"", ""--ball-speed"": 9, ""--no-plot"": null, ""--serve-box"": null, ""--window-ms"": 25.0}",150,True,active,0.086903,1.94618,0.086903,40.0,55.0,1.78,0.96,1.9,15.0,0.086903,1.78,3.03,
exp18_sensitivity,ablationsoftmin_only__ballspeed9__noplot__servebox__windowms25.0,"{""--ablation"": ""softmin_only"", ""--ball-speed"": 9, ""--no-plot"": null, ""--serve-box"": null, ""--window-ms"": 25.0}",152,True,active,0.118104,1.978424,0.101908,40.0,55.0,1.8,0.99,1.7,20.0,0.118104,1.698,2.93,
exp18_sensitivity,ablationsoftmin_only__ballspeed9__noplot__servebox__windowms25.0,"{""--ablation"": ""softmin_only"", ""--ball-speed"": 9, ""--no-plot"": null, ""--serve-box"": null, ""--window-ms"": 25.0}",163,True,active,0.067659,1.983795,0.067659,40.0,55.0,1.81,1.0,1.9,20.0,0.067659,1.746,1.5,
exp18_sensitivity,ablationsoftmin_only__ballspeed9__noplot__servebox__windowms25.0,"{""--ablation"": ""softmin_only"", ""--ball-speed"": 9, ""--no-plot"": null, ""--serve-box"": null, ""--window-ms"": 25.0}",164,True,active,0.111116,1.969977,0.111116,0.0,0.0,1.8,0.97,1.8,25.0,0.111116,1.768,1.45,
exp18_sensitivity,ablationsoftmin_only__ballspeed9__noplot__servebox__windowms25.0,"{""--ablation"": ""softmin_only"", ""--ball-speed"": 9, ""--no-plot"": null, ""--serve-box"": null, ""--window-ms"": 25.0}",165,True,active,0.078301,1.976852,0.076084,40.0,55.0,1.67,1.0,1.4,10.0,0.078301,1.259,1.48,
exp18_sensitivity,ablationsoftmin_only__ballspeed9__noplot__servebox__windowms25.0,"{""--ablation"": ""softmin_only"", ""--ball-speed"": 9, ""--no-plot"": null, ""--serve-box"": null, ""--window-ms"": 25.0}",158,True,active,0.132525,1.990136,0.127283,30.0,55.0,1.61,1.0,1.8,15.0,0.132525,1.61,2.69,
exp18_sensitivity,ablationsoftmin_only__ballspeed9__noplot__servebox__windowms25.0,"{""--ablation"": ""softmin_only"", ""--ball-speed"": 9, ""--no-plot"": null, ""--serve-box"": null, ""--window-ms"": 25.0}",166,True,active,0.097022,1.94774,0.089067,35.0,55.0,1.79,0.98,1.8,20.0,0.097022,1.787,1.51,
exp18_sensitivity,ablationsoftmin_only__ballspeed9__noplot__servebox__windowms25.0,"{""--ablation"": ""softmin_only"", ""--ball-speed"": 9, ""--no-plot"": null, ""--serve-box"": null, ""--window-ms"": 25.0}",167,True,active,0.059983,1.948725,0.047162,45.0,55.0,1.79,1.0,1.6,10.0,0.059983,0.868,1.42,
exp18_sensitivity,ablationsoftmin_only__ballspeed9__noplot__servebox__windowms25.0,"{""--ablation"": ""softmin_only"", ""--ball-speed"": 9, ""--no-plot"": null, ""--serve-box"": null, ""--window-ms"": 25.0}",170,True,active,0.100513,1.953243,0.095575,35.0,55.0,1.74,1.0,1.6,25.0,0.100513,1.535,1.49,
exp18_sensitivity,ablationsoftmin_only__ballspeed9__noplot__servebox__windowms25.0,"{""--ablation"": ""softmin_only"", ""--ball-speed"": 9, ""--no-plot"": null, ""--serve-box"": null, ""--window-ms"": 25.0}",169,True,active,0.121011,1.939202,0.11359,35.0,55.0,1.71,1.0,1.6,20.0,0.121011,1.502,1.88,
exp18_sensitivity,ablationsoftmin_only__ballspeed9__noplot__servebox__windowms25.0,"{""--ablation"": ""softmin_only"", ""--ball-speed"": 9, ""--no-plot"": null, ""--serve-box"": null, ""--window-ms"": 25.0}",172,True,active,0.053783,2.005257,0.053783,40.0,55.0,1.81,0.98,1.4,20.0,0.053783,1.783,1.42,
exp18_sensitivity,ablationsoftmin_only__ballspeed9__noplot__servebox__windowms25.0,"{""--ablation"": ""softmin_only"", ""--ball-speed"": 9, ""--no-plot"": null, ""--serve-box"": null, ""--window-ms"": 25.0}",162,True,active,0.098031,1.964111,0.083064,10.0,35.0,1.81,0.99,1.7,25.0,0.098031,1.751,2.84,
exp18_sensitivity,ablationsoftmin_only__ballspeed9__noplot__servebox__windowms25.0,"{""--ablation"": ""softmin_only"", ""--ball-speed"": 9, ""--no-plot"": null, ""--serve-box"": null, ""--window-ms"": 25.0}",173,True,active,0.127696,1.965437,0.122277,30.0,55.0,1.79,1.0,1.9,20.0,0.127696,1.637,1.57,
exp18_sensitivity,ablationsoftmin_only__ballspeed9__noplot__servebox__windowms25.0,"{""--ablation"": ""softmin_only"", ""--ball-speed"": 9, ""--no-plot"": null, ""--serve-box"": null, ""--window-ms"": 25.0}",176,False,miss,0.246472,1.914914,0.15583,25.0,25.0,1.27,1.0,1.7,0.0,0.246472,0.0,1.53,
exp18_sensitivity,ablationsoftmin_only__ballspeed9__noplot__servebox__windowms25.0,"{""--ablation"": ""softmin_only"", ""--ball-speed"": 9, ""--no-plot"": null, ""--serve-box"": null, ""--window-ms"": 25.0}",179,True,active,0.050838,1.97575,0.050838,35.0,55.0,1.8,0.99,1.7,15.0,0.050838,1.733,1.41,
exp18_sensitivity,ablationsoftmin_only__ballspeed9__noplot__servebox__windowms25.0,"{""--ablation"": ""softmin_only"", ""--ball-speed"": 9, ""--no-plot"": null, ""--serve-box"": null, ""--window-ms"": 25.0}",168,True,active,0.110293,1.942915,0.094848,40.0,55.0,1.8,1.0,1.7,25.0,0.110293,1.679,2.61,
exp18_sensitivity,ablationsoftmin_only__ballspeed9__noplot__servebox__windowms25.0,"{""--ablation"": ""softmin_only"", ""--ball-speed"": 9, ""--no-plot"": null, ""--serve-box"": null, ""--window-ms"": 25.0}",180,True,active,0.122741,1.810357,0.122741,0.0,0.0,1.79,1.0,2.1,25.0,0.122741,1.775,1.57,
exp18_sensitivity,ablationsoftmin_only__ballspeed9__noplot__servebox__windowms25.0,"{""--ablation"": ""softmin_only"", ""--ball-speed"": 9, ""--no-plot"": null, ""--serve-box"": null, ""--window-ms"": 25.0}",181,True,active,0.047269,2.014336,0.047269,40.0,55.0,1.76,1.0,1.4,15.0,0.047269,1.494,1.46,
exp18_sensitivity,ablationsoftmin_only__ballspeed9__noplot__servebox__windowms25.0,"{""--ablation"": ""softmin_only"", ""--ball-speed"": 9, ""--no-plot"": null, ""--serve-box"": null, ""--window-ms"": 25.0}",182,True,active,0.052895,1.98636,0.052895,45.0,55.0,1.7,1.0,1.4,15.0,0.052895,1.22,1.59,
exp18_sensitivity,ablationsoftmin_only__ballspeed9__noplot__servebox__windowms25.0,"{""--ablation"": ""softmin_only"", ""--ball-speed"": 9, ""--no-plot"": null, ""--serve-box"": null, ""--window-ms"": 25.0}",175,True,active,0.095092,1.950458,0.095092,40.0,55.0,1.75,0.99,1.8,10.0,0.095092,1.54,2.56,
exp18_sensitivity,ablationsoftmin_only__ballspeed9__noplot__servebox__windowms25.0,"{""--ablation"": ""softmin_only"", ""--ball-speed"": 9, ""--no-plot"": null, ""--serve-box"": null, ""--window-ms"": 25.0}",178,True,active,0.079373,1.953387,0.069739,40.0,55.0,1.8,1.0,1.6,25.0,0.079373,1.757,2.31,
exp18_sensitivity,ablationsoftmin_only__ballspeed9__noplot__servebox__windowms25.0,"{""--ablation"": ""softmin_only"", ""--ball-speed"": 9, ""--no-plot"": null, ""--serve-box"": null, ""--window-ms"": 25.0}",184,True,active,0.09006,1.961127,0.080148,45.0,55.0,1.27,0.99,1.6,5.0,0.09006,0.63,1.47,
exp18_sensitivity,ablationsoftmin_only__ballspeed9__noplot__servebox__windowms25.0,"{""--ablation"": ""softmin_only"", ""--ball-speed"": 9, ""--no-plot"": null, ""--serve-box"": null, ""--window-ms"": 25.0}",171,True,active,0.063131,1.996565,0.063131,45.0,55.0,1.49,0.99,1.3,10.0,0.063131,0.853,2.96,
exp18_sensitivity,ablationsoftmin_only__ballspeed9__noplot__servebox__windowms25.0,"{""--ablation"": ""softmin_only"", ""--ball-speed"": 9, ""--no-plot"": null, ""--serve-box"": null, ""--window-ms"": 25.0}",174,True,active,0.095162,1.959021,0.095162,35.0,55.0,1.8,1.0,1.8,25.0,0.095162,1.241,2.91,
exp18_sensitivity,ablationsoftmin_only__ballspeed9__noplot__servebox__windowms25.0,"{""--ablation"": ""softmin_only"", ""--ball-speed"": 9, ""--no-plot"": null, ""--serve-box"": null, ""--window-ms"": 25.0}",186,True,active,0.091133,1.961661,0.091133,30.0,55.0,1.8,1.0,1.8,20.0,0.091133,1.794,1.63,
exp18_sensitivity,ablationsoftmin_only__ballspeed9__noplot__servebox__windowms25.0,"{""--ablation"": ""softmin_only"", ""--ball-speed"": 9, ""--no-plot"": null, ""--serve-box"": null, ""--window-ms"": 25.0}",185,True,active,0.059913,2.007979,0.059913,40.0,55.0,1.8,0.99,1.4,20.0,0.059913,1.779,1.75,
exp18_sensitivity,ablationsoftmin_only__ballspeed9__noplot__servebox__windowms25.0,"{""--ablation"": ""softmin_only"", ""--ball-speed"": 9, ""--no-plot"": null, ""--serve-box"": null, ""--window-ms"": 25.0}",187,True,active,0.097376,1.943765,0.084485,0.0,0.0,1.78,0.99,2.1,20.0,0.097376,1.736,1.56,
exp18_sensitivity,ablationsoftmin_only__ballspeed9__noplot__servebox__windowms25.0,"{""--ablation"": ""softmin_only"", ""--ball-speed"": 9, ""--no-plot"": null, ""--serve-box"": null, ""--window-ms"": 25.0}",189,True,active,0.132961,1.95439,0.122867,40.0,55.0,1.76,1.0,1.7,10.0,0.132961,1.481,1.5,
exp18_sensitivity,ablationsoftmin_only__ballspeed9__noplot__servebox__windowms25.0,"{""--ablation"": ""softmin_only"", ""--ball-speed"": 9, ""--no-plot"": null, ""--serve-box"": null, ""--window-ms"": 25.0}",177,True,active,0.128607,1.971218,0.128607,0.0,0.0,1.79,1.0,1.9,25.0,0.128607,1.716,2.97,
exp18_sensitivity,ablationsoftmin_only__ballspeed9__noplot__servebox__windowms25.0,"{""--ablation"": ""softmin_only"", ""--ball-speed"": 9, ""--no-plot"": null, ""--serve-box"": null, ""--window-ms"": 25.0}",188,True,active,0.101677,1.976043,0.101677,40.0,55.0,1.56,1.0,1.8,15.0,0.101677,1.46,1.69,
exp18_sensitivity,ablationsoftmin_only__ballspeed9__noplot__servebox__windowms25.0,"{""--ablation"": ""softmin_only"", ""--ball-speed"": 9, ""--no-plot"": null, ""--serve-box"": null, ""--window-ms"": 25.0}",183,True,active,0.069683,1.984759,0.069683,40.0,55.0,1.79,1.0,1.9,15.0,0.069683,1.788,2.64,
exp18_sensitivity,ablationsoftmin_only__ballspeed9__noplot__servebox__windowms25.0,"{""--ablation"": ""softmin_only"", ""--ball-speed"": 9, ""--no-plot"": null, ""--serve-box"": null, ""--window-ms"": 25.0}",190,True,active,0.054258,1.987819,0.054258,40.0,55.0,1.81,0.9,1.6,15.0,0.054258,1.779,1.63,
exp18_sensitivity,ablationsoftmin_only__ballspeed9__noplot__servebox__windowms25.0,"{""--ablation"": ""softmin_only"", ""--ball-speed"": 9, ""--no-plot"": null, ""--serve-box"": null, ""--window-ms"": 25.0}",195,True,active,0.093152,1.986439,0.08777,40.0,55.0,1.79,0.99,1.8,20.0,0.093152,1.723,1.45,
exp18_sensitivity,ablationsoftmin_only__ballspeed9__noplot__servebox__windowms25.0,"{""--ablation"": ""softmin_only"", ""--ball-speed"": 9, ""--no-plot"": null, ""--serve-box"": null, ""--window-ms"": 25.0}",196,False,miss,0.393754,1.925507,0.148004,25.0,20.0,1.76,1.0,1.6,0.0,0.393754,0.0,1.45,
exp18_sensitivity,ablationsoftmin_only__ballspeed9__noplot__servebox__windowms25.0,"{""--ablation"": ""softmin_only"", ""--ball-speed"": 9, ""--no-plot"": null, ""--serve-box"": null, ""--window-ms"": 25.0}",197,True,active,0.071387,1.954984,0.047702,40.0,55.0,1.8,1.0,1.6,25.0,0.071387,1.769,1.44,
exp18_sensitivity,ablationsoftmin_only__ballspeed9__noplot__servebox__windowms25.0,"{""--ablation"": ""softmin_only"", ""--ball-speed"": 9, ""--no-plot"": null, ""--serve-box"": null, ""--window-ms"": 25.0}",194,True,active,0.100334,1.977831,0.100334,40.0,55.0,1.81,0.98,1.7,20.0,0.100334,1.707,1.88,
exp18_sensitivity,ablationsoftmin_only__ballspeed9__noplot__servebox__windowms25.0,"{""--ablation"": ""softmin_only"", ""--ball-speed"": 9, ""--no-plot"": null, ""--serve-box"": null, ""--window-ms"": 25.0}",200,False,miss,0.358803,1.930751,0.138246,0.0,0.0,1.76,1.0,2.1,0.0,0.358803,0.0,1.51,
exp18_sensitivity,ablationfull__ballspeed9__noplot__servebox__windowms75.0,"{""--ablation"": ""full"", ""--ball-speed"": 9, ""--no-plot"": null, ""--serve-box"": null, ""--window-ms"": 75.0}",1,True,active,0.06684,1.96945,0.06684,40.0,155.0,1.81,1.0,1.4,15.0,0.06684,1.633,1.47,
exp18_sensitivity,ablationsoftmin_only__ballspeed9__noplot__servebox__windowms25.0,"{""--ablation"": ""softmin_only"", ""--ball-speed"": 9, ""--no-plot"": null, ""--serve-box"": null, ""--window-ms"": 25.0}",191,True,active,0.1093,1.980518,0.103741,35.0,55.0,1.8,0.99,1.9,20.0,0.1093,1.752,2.63,
exp18_sensitivity,ablationsoftmin_only__ballspeed9__noplot__servebox__windowms25.0,"{""--ablation"": ""softmin_only"", ""--ball-speed"": 9, ""--no-plot"": null, ""--serve-box"": null, ""--window-ms"": 25.0}",192,True,active,0.085546,1.964939,0.085546,35.0,55.0,1.48,1.0,1.6,15.0,0.085546,1.112,2.57,
exp18_sensitivity,ablationfull__ballspeed9__noplot__servebox__windowms75.0,"{""--ablation"": ""full"", ""--ball-speed"": 9, ""--no-plot"": null, ""--serve-box"": null, ""--window-ms"": 75.0}",3,True,active,0.136368,1.915636,0.123043,35.0,125.0,1.75,1.0,1.7,25.0,0.136368,1.543,1.55,
exp18_sensitivity,ablationfull__ballspeed9__noplot__servebox__windowms75.0,"{""--ablation"": ""full"", ""--ball-speed"": 9, ""--no-plot"": null, ""--serve-box"": null, ""--window-ms"": 75.0}",4,True,active,0.124027,1.955262,0.109907,40.0,150.0,1.8,0.99,1.7,20.0,0.124027,1.699,1.54,
exp18_sensitivity,ablationfull__ballspeed9__noplot__servebox__windowms75.0,"{""--ablation"": ""full"", ""--ball-speed"": 9, ""--no-plot"": null, ""--serve-box"": null, ""--window-ms"": 75.0}",5,True,active,0.102938,1.950804,0.069904,0.0,0.0,1.79,0.99,1.5,25.0,0.102938,1.599,1.55,
exp18_sensitivity,ablationsoftmin_only__ballspeed9__noplot__servebox__windowms25.0,"{""--ablation"": ""softmin_only"", ""--ball-speed"": 9, ""--no-plot"": null, ""--serve-box"": null, ""--window-ms"": 25.0}",193,True,active,0.124326,1.957626,0.116496,40.0,55.0,1.79,1.0,1.7,15.0,0.124326,1.707,2.88,
exp18_sensitivity,ablationfull__ballspeed9__noplot__servebox__windowms75.0,"{""--ablation"": ""full"", ""--ball-speed"": 9, ""--no-plot"": null, ""--serve-box"": null, ""--window-ms"": 75.0}",2,True,active,0.101154,1.951322,0.090046,35.0,70.0,1.79,1.0,1.8,20.0,0.101154,1.781,1.95,
exp18_sensitivity,ablationsoftmin_only__ballspeed9__noplot__servebox__windowms25.0,"{""--ablation"": ""softmin_only"", ""--ball-speed"": 9, ""--no-plot"": null, ""--serve-box"": null, ""--window-ms"": 25.0}",199,True,active,0.093886,1.956834,0.089656,35.0,55.0,1.78,0.97,1.9,20.0,0.093886,1.771,2.75,
exp18_sensitivity,ablationfull__ballspeed9__noplot__servebox__windowms75.0,"{""--ablation"": ""full"", ""--ball-speed"": 9, ""--no-plot"": null, ""--serve-box"": null, ""--window-ms"": 75.0}",9,True,active,0.137241,1.963303,0.132474,30.0,110.0,1.78,0.99,1.8,15.0,0.137241,1.756,1.63,
exp18_sensitivity,ablationfull__ballspeed9__noplot__servebox__windowms75.0,"{""--ablation"": ""full"", ""--ball-speed"": 9, ""--no-plot"": null, ""--serve-box"": null, ""--window-ms"": 75.0}",20,,,,,,,,,,,,,,0.2,no_result
exp18_sensitivity,ablationfull__ballspeed9__noplot__servebox__windowms75.0,"{""--ablation"": ""full"", ""--ball-speed"": 9, ""--no-plot"": null, ""--serve-box"": null, ""--window-ms"": 75.0}",10,True,active,0.099046,1.962541,0.096678,40.0,155.0,1.8,1.0,1.6,15.0,0.099046,1.679,1.43,
exp18_sensitivity,ablationsoftmin_only__ballspeed9__noplot__servebox__windowms25.0,"{""--ablation"": ""softmin_only"", ""--ball-speed"": 9, ""--no-plot"": null, ""--serve-box"": null, ""--window-ms"": 25.0}",198,True,active,0.073183,1.987795,0.073183,35.0,55.0,1.78,0.98,1.6,15.0,0.073183,1.552,3.05,
exp18_sensitivity,ablationfull__ballspeed9__noplot__servebox__windowms75.0,"{""--ablation"": ""full"", ""--ball-speed"": 9, ""--no-plot"": null, ""--serve-box"": null, ""--window-ms"": 75.0}",21,,,,,,,,,,,,,,0.24,no_result
exp18_sensitivity,ablationfull__ballspeed9__noplot__servebox__windowms75.0,"{""--ablation"": ""full"", ""--ball-speed"": 9, ""--no-plot"": null, ""--serve-box"": null, ""--window-ms"": 75.0}",7,True,active,0.102697,1.949466,0.098637,35.0,155.0,1.78,0.99,1.7,20.0,0.102697,1.761,1.97,
exp18_sensitivity,ablationfull__ballspeed9__noplot__servebox__windowms75.0,"{""--ablation"": ""full"", ""--ball-speed"": 9, ""--no-plot"": null, ""--serve-box"": null, ""--window-ms"": 75.0}",11,True,active,0.106181,1.903871,0.101442,40.0,155.0,1.61,0.99,1.4,10.0,0.106181,0.726,1.52,
exp18_sensitivity,ablationfull__ballspeed9__noplot__servebox__windowms75.0,"{""--ablation"": ""full"", ""--ball-speed"": 9, ""--no-plot"": null, ""--serve-box"": null, ""--window-ms"": 75.0}",13,True,active,0.143181,1.916528,0.140802,35.0,100.0,1.14,1.0,1.4,5.0,0.143181,0.746,1.71,
exp18_sensitivity,ablationfull__ballspeed9__noplot__servebox__windowms75.0,"{""--ablation"": ""full"", ""--ball-speed"": 9, ""--no-plot"": null, ""--serve-box"": null, ""--window-ms"": 75.0}",6,True,active,0.10185,1.949561,0.095652,35.0,155.0,1.8,0.99,1.6,20.0,0.10185,1.742,2.81,
exp18_sensitivity,ablationfull__ballspeed9__noplot__servebox__windowms75.0,"{""--ablation"": ""full"", ""--ball-speed"": 9, ""--no-plot"": null, ""--serve-box"": null, ""--window-ms"": 75.0}",15,True,active,0.108297,1.950195,0.10011,0.0,0.0,1.77,0.98,2.1,15.0,0.108297,1.775,1.54,
exp18_sensitivity,ablationfull__ballspeed9__noplot__servebox__windowms75.0,"{""--ablation"": ""full"", ""--ball-speed"": 9, ""--no-plot"": null, ""--serve-box"": null, ""--window-ms"": 75.0}",14,True,active,0.085757,1.98576,0.085757,40.0,155.0,1.79,1.0,1.4,15.0,0.085757,1.757,1.77,
exp18_sensitivity,ablationfull__ballspeed9__noplot__servebox__windowms75.0,"{""--ablation"": ""full"", ""--ball-speed"": 9, ""--no-plot"": null, ""--serve-box"": null, ""--window-ms"": 75.0}",8,True,active,0.144057,1.957844,0.122085,35.0,155.0,1.24,1.0,1.6,0.0,0.144057,0.473,2.8,
exp18_sensitivity,ablationfull__ballspeed9__noplot__servebox__windowms75.0,"{""--ablation"": ""full"", ""--ball-speed"": 9, ""--no-plot"": null, ""--serve-box"": null, ""--window-ms"": 75.0}",17,True,active,0.084584,1.933898,0.081287,45.0,155.0,1.4,1.0,1.3,5.0,0.084584,0.55,1.94,
exp18_sensitivity,ablationfull__ballspeed9__noplot__servebox__windowms75.0,"{""--ablation"": ""full"", ""--ball-speed"": 9, ""--no-plot"": null, ""--serve-box"": null, ""--window-ms"": 75.0}",19,True,active,0.113456,1.937541,0.099306,0.0,0.0,1.78,0.99,2.0,25.0,0.113456,1.64,1.9,
exp18_sensitivity,ablationfull__ballspeed9__noplot__servebox__windowms75.0,"{""--ablation"": ""full"", ""--ball-speed"": 9, ""--no-plot"": null, ""--serve-box"": null, ""--window-ms"": 75.0}",16,True,active,0.065424,1.976198,0.058809,5.0,70.0,1.63,1.0,1.6,15.0,0.065424,1.347,2.42,
exp18_sensitivity,ablationfull__ballspeed9__noplot__servebox__windowms75.0,"{""--ablation"": ""full"", ""--ball-speed"": 9, ""--no-plot"": null, ""--serve-box"": null, ""--window-ms"": 75.0}",12,True,active,0.07331,1.951965,0.07331,40.0,155.0,1.8,0.99,1.8,20.0,0.07331,1.781,2.87,
exp18_sensitivity,ablationfull__ballspeed9__noplot__servebox__windowms75.0,"{""--ablation"": ""full"", ""--ball-speed"": 9, ""--no-plot"": null, ""--serve-box"": null, ""--window-ms"": 75.0}",23,True,active,0.105769,1.94775,0.105769,35.0,155.0,1.78,0.99,1.9,15.0,0.105769,1.696,1.6,
exp18_sensitivity,ablationfull__ballspeed9__noplot__servebox__windowms75.0,"{""--ablation"": ""full"", ""--ball-speed"": 9, ""--no-plot"": null, ""--serve-box"": null, ""--window-ms"": 75.0}",24,False,miss,0.31935,1.934235,0.130031,0.0,15.0,1.76,1.0,1.7,0.0,0.31935,0.0,1.58,
exp18_sensitivity,ablationfull__ballspeed9__noplot__servebox__windowms75.0,"{""--ablation"": ""full"", ""--ball-speed"": 9, ""--no-plot"": null, ""--serve-box"": null, ""--window-ms"": 75.0}",22,True,active,0.103369,1.918018,0.064211,0.0,0.0,1.8,1.0,1.8,25.0,0.103369,1.782,1.65,
exp18_sensitivity,ablationfull__ballspeed9__noplot__servebox__windowms75.0,"{""--ablation"": ""full"", ""--ball-speed"": 9, ""--no-plot"": null, ""--serve-box"": null, ""--window-ms"": 75.0}",25,False,miss,0.310899,1.935819,0.218241,0.0,0.0,1.1,1.0,1.4,0.0,0.310899,0.0,1.67,
exp18_sensitivity,ablationfull__ballspeed9__noplot__servebox__windowms75.0,"{""--ablation"": ""full"", ""--ball-speed"": 9, ""--no-plot"": null, ""--serve-box"": null, ""--window-ms"": 75.0}",28,True,active,0.101675,1.934764,0.08609,0.0,0.0,1.79,0.98,1.6,20.0,0.101675,1.745,1.56,
exp18_sensitivity,ablationfull__ballspeed9__noplot__servebox__windowms75.0,"{""--ablation"": ""full"", ""--ball-speed"": 9, ""--no-plot"": null, ""--serve-box"": null, ""--window-ms"": 75.0}",18,True,active,0.114786,1.992625,0.114786,30.0,155.0,1.81,0.99,1.9,20.0,0.114786,1.653,2.78,
exp18_sensitivity,ablationfull__ballspeed9__noplot__servebox__windowms75.0,"{""--ablation"": ""full"", ""--ball-speed"": 9, ""--no-plot"": null, ""--serve-box"": null, ""--window-ms"": 75.0}",30,True,active,0.071285,1.94592,0.051287,0.0,0.0,1.79,0.98,1.7,20.0,0.071285,1.784,1.69,
exp18_sensitivity,ablationfull__ballspeed9__noplot__servebox__windowms75.0,"{""--ablation"": ""full"", ""--ball-speed"": 9, ""--no-plot"": null, ""--serve-box"": null, ""--window-ms"": 75.0}",26,True,active,0.093695,1.948249,0.093695,40.0,155.0,1.8,1.0,1.6,20.0,0.093695,1.532,2.12,
exp18_sensitivity,ablationfull__ballspeed9__noplot__servebox__windowms75.0,"{""--ablation"": ""full"", ""--ball-speed"": 9, ""--no-plot"": null, ""--serve-box"": null, ""--window-ms"": 75.0}",31,False,miss,0.355262,1.968782,0.153561,25.0,0.0,1.5,0.99,1.4,0.0,0.355262,0.0,1.85,
exp18_sensitivity,ablationfull__ballspeed9__noplot__servebox__windowms75.0,"{""--ablation"": ""full"", ""--ball-speed"": 9, ""--no-plot"": null, ""--serve-box"": null, ""--window-ms"": 75.0}",33,True,active,0.110297,1.972966,0.110297,35.0,155.0,1.79,0.98,2.0,15.0,0.110297,1.783,1.48,
exp18_sensitivity,ablationfull__ballspeed9__noplot__servebox__windowms75.0,"{""--ablation"": ""full"", ""--ball-speed"": 9, ""--no-plot"": null, ""--serve-box"": null, ""--window-ms"": 75.0}",35,True,active,0.113405,1.95931,0.104396,40.0,130.0,1.79,0.99,1.7,20.0,0.113405,1.656,1.58,
exp18_sensitivity,ablationfull__ballspeed9__noplot__servebox__windowms75.0,"{""--ablation"": ""full"", ""--ball-speed"": 9, ""--no-plot"": null, ""--serve-box"": null, ""--window-ms"": 75.0}",36,True,active,0.115858,1.931859,0.113812,35.0,155.0,1.79,1.0,1.8,10.0,0.115858,1.403,1.58,
exp18_sensitivity,ablationfull__ballspeed9__noplot__servebox__windowms75.0,"{""--ablation"": ""full"", ""--ball-speed"": 9, ""--no-plot"": null, ""--serve-box"": null, ""--window-ms"": 75.0}",38,True,active,0.089333,1.985166,0.089333,30.0,155.0,1.81,1.0,1.7,20.0,0.089333,1.451,1.54,
exp18_sensitivity,ablationfull__ballspeed9__noplot__servebox__windowms75.0,"{""--ablation"": ""full"", ""--ball-speed"": 9, ""--no-plot"": null, ""--serve-box"": null, ""--window-ms"": 75.0}",27,True,active,0.034755,1.914821,0.034755,40.0,155.0,1.48,1.0,1.7,10.0,0.034755,0.754,3.1,
exp18_sensitivity,ablationfull__ballspeed9__noplot__servebox__windowms75.0,"{""--ablation"": ""full"", ""--ball-speed"": 9, ""--no-plot"": null, ""--serve-box"": null, ""--window-ms"": 75.0}",40,True,active,0.073123,1.977508,0.073123,40.0,155.0,1.81,0.98,1.7,15.0,0.073123,1.732,1.59,
exp18_sensitivity,ablationfull__ballspeed9__noplot__servebox__windowms75.0,"{""--ablation"": ""full"", ""--ball-speed"": 9, ""--no-plot"": null, ""--serve-box"": null, ""--window-ms"": 75.0}",34,True,active,0.09099,1.983368,0.09099,30.0,155.0,1.81,1.0,1.7,20.0,0.09099,1.661,2.23,
exp18_sensitivity,ablationfull__ballspeed9__noplot__servebox__windowms75.0,"{""--ablation"": ""full"", ""--ball-speed"": 9, ""--no-plot"": null, ""--serve-box"": null, ""--window-ms"": 75.0}",41,True,active,0.056184,1.99713,0.034752,40.0,155.0,1.8,1.0,2.1,5.0,0.056184,1.348,1.53,
exp18_sensitivity,ablationfull__ballspeed9__noplot__servebox__windowms75.0,"{""--ablation"": ""full"", ""--ball-speed"": 9, ""--no-plot"": null, ""--serve-box"": null, ""--window-ms"": 75.0}",29,True,active,0.106476,1.908638,0.103461,35.0,155.0,0.99,1.0,1.2,5.0,0.106476,0.363,3.07,
exp18_sensitivity,ablationfull__ballspeed9__noplot__servebox__windowms75.0,"{""--ablation"": ""full"", ""--ball-speed"": 9, ""--no-plot"": null, ""--serve-box"": null, ""--window-ms"": 75.0}",43,True,active,0.115634,1.944807,0.113098,35.0,155.0,1.8,1.0,1.8,25.0,0.115634,1.395,1.64,
exp18_sensitivity,ablationfull__ballspeed9__noplot__servebox__windowms75.0,"{""--ablation"": ""full"", ""--ball-speed"": 9, ""--no-plot"": null, ""--serve-box"": null, ""--window-ms"": 75.0}",45,True,active,0.109191,1.972798,0.108133,35.0,155.0,1.81,1.0,1.8,20.0,0.109191,1.799,1.45,
exp18_sensitivity,ablationfull__ballspeed9__noplot__servebox__windowms75.0,"{""--ablation"": ""full"", ""--ball-speed"": 9, ""--no-plot"": null, ""--serve-box"": null, ""--window-ms"": 75.0}",32,True,active,0.102337,1.943804,0.089879,45.0,155.0,1.74,1.0,1.7,15.0,0.102337,1.74,3.01,
exp18_sensitivity,ablationfull__ballspeed9__noplot__servebox__windowms75.0,"{""--ablation"": ""full"", ""--ball-speed"": 9, ""--no-plot"": null, ""--serve-box"": null, ""--window-ms"": 75.0}",44,True,active,0.129568,1.964779,0.121277,40.0,155.0,1.83,1.0,2.2,20.0,0.129568,1.757,1.92,
exp18_sensitivity,ablationfull__ballspeed9__noplot__servebox__windowms75.0,"{""--ablation"": ""full"", ""--ball-speed"": 9, ""--no-plot"": null, ""--serve-box"": null, ""--window-ms"": 75.0}",46,True,active,0.108514,1.968238,0.104572,35.0,155.0,1.34,0.99,1.4,10.0,0.108514,1.098,1.69,
exp18_sensitivity,ablationfull__ballspeed9__noplot__servebox__windowms75.0,"{""--ablation"": ""full"", ""--ball-speed"": 9, ""--no-plot"": null, ""--serve-box"": null, ""--window-ms"": 75.0}",42,True,active,0.094914,1.966658,0.094914,35.0,135.0,1.81,1.0,1.7,20.0,0.094914,1.537,2.26,
exp18_sensitivity,ablationfull__ballspeed9__noplot__servebox__windowms75.0,"{""--ablation"": ""full"", ""--ball-speed"": 9, ""--no-plot"": null, ""--serve-box"": null, ""--window-ms"": 75.0}",39,True,active,0.091562,1.913835,0.091562,40.0,155.0,1.8,0.99,2.0,10.0,0.091562,1.773,2.81,
exp18_sensitivity,ablationfull__ballspeed9__noplot__servebox__windowms75.0,"{""--ablation"": ""full"", ""--ball-speed"": 9, ""--no-plot"": null, ""--serve-box"": null, ""--window-ms"": 75.0}",37,True,active,0.139209,1.965344,0.125336,35.0,90.0,1.65,1.0,1.7,20.0,0.139209,1.298,2.99,
exp18_sensitivity,ablationfull__ballspeed9__noplot__servebox__windowms75.0,"{""--ablation"": ""full"", ""--ball-speed"": 9, ""--no-plot"": null, ""--serve-box"": null, ""--window-ms"": 75.0}",49,True,active,0.09145,1.949414,0.084788,45.0,155.0,1.78,0.99,1.9,20.0,0.09145,1.743,1.42,
exp18_sensitivity,ablationfull__ballspeed9__noplot__servebox__windowms75.0,"{""--ablation"": ""full"", ""--ball-speed"": 9, ""--no-plot"": null, ""--serve-box"": null, ""--window-ms"": 75.0}",51,True,active,0.11297,1.953827,0.099565,40.0,140.0,1.68,1.0,1.8,15.0,0.11297,1.562,1.41,
exp18_sensitivity,ablationfull__ballspeed9__noplot__servebox__windowms75.0,"{""--ablation"": ""full"", ""--ball-speed"": 9, ""--no-plot"": null, ""--serve-box"": null, ""--window-ms"": 75.0}",47,True,active,0.064985,1.887022,0.064985,50.0,155.0,1.52,0.98,1.6,10.0,0.064985,1.116,1.85,
exp18_sensitivity,ablationfull__ballspeed9__noplot__servebox__windowms75.0,"{""--ablation"": ""full"", ""--ball-speed"": 9, ""--no-plot"": null, ""--serve-box"": null, ""--window-ms"": 75.0}",50,True,active,0.112882,1.948748,0.10606,30.0,95.0,1.81,1.0,2.1,20.0,0.112882,1.724,1.68,
exp18_sensitivity,ablationfull__ballspeed9__noplot__servebox__windowms75.0,"{""--ablation"": ""full"", ""--ball-speed"": 9, ""--no-plot"": null, ""--serve-box"": null, ""--window-ms"": 75.0}",52,True,active,0.083163,1.959336,0.078353,35.0,150.0,1.8,0.99,1.5,20.0,0.083163,1.744,1.54,
exp18_sensitivity,ablationfull__ballspeed9__noplot__servebox__windowms75.0,"{""--ablation"": ""full"", ""--ball-speed"": 9, ""--no-plot"": null, ""--serve-box"": null, ""--window-ms"": 75.0}",54,True,active,0.026586,2.002054,0.026586,0.0,65.0,1.83,0.99,1.8,25.0,0.026586,1.798,1.51,
exp18_sensitivity,ablationfull__ballspeed9__noplot__servebox__windowms75.0,"{""--ablation"": ""full"", ""--ball-speed"": 9, ""--no-plot"": null, ""--serve-box"": null, ""--window-ms"": 75.0}",56,False,miss,0.368244,1.958887,0.147452,0.0,0.0,1.79,1.0,2.0,0.0,0.368244,0.0,1.51,
exp18_sensitivity,ablationfull__ballspeed9__noplot__servebox__windowms75.0,"{""--ablation"": ""full"", ""--ball-speed"": 9, ""--no-plot"": null, ""--serve-box"": null, ""--window-ms"": 75.0}",57,True,active,0.097783,1.972986,0.092844,0.0,0.0,1.8,0.93,2.0,20.0,0.097783,1.789,1.69,
exp18_sensitivity,ablationfull__ballspeed9__noplot__servebox__windowms75.0,"{""--ablation"": ""full"", ""--ball-speed"": 9, ""--no-plot"": null, ""--serve-box"": null, ""--window-ms"": 75.0}",48,True,active,0.105054,1.942428,0.099425,35.0,155.0,1.79,1.0,1.7,20.0,0.105054,1.749,2.95,
exp18_sensitivity,ablationfull__ballspeed9__noplot__servebox__windowms75.0,"{""--ablation"": ""full"", ""--ball-speed"": 9, ""--no-plot"": null, ""--serve-box"": null, ""--window-ms"": 75.0}",61,True,active,0.11432,1.984064,0.11432,30.0,155.0,1.81,1.0,1.6,20.0,0.11432,1.692,1.81,
exp18_sensitivity,ablationfull__ballspeed9__noplot__servebox__windowms75.0,"{""--ablation"": ""full"", ""--ball-speed"": 9, ""--no-plot"": null, ""--serve-box"": null, ""--window-ms"": 75.0}",64,True,active,0.128047,1.958688,0.118032,35.0,130.0,1.81,0.99,1.6,20.0,0.128047,1.688,1.52,
exp18_sensitivity,ablationfull__ballspeed9__noplot__servebox__windowms75.0,"{""--ablation"": ""full"", ""--ball-speed"": 9, ""--no-plot"": null, ""--serve-box"": null, ""--window-ms"": 75.0}",53,True,active,0.043134,1.938155,0.043134,40.0,155.0,1.41,1.0,1.5,10.0,0.043134,0.468,2.95,
exp18_sensitivity,ablationfull__ballspeed9__noplot__servebox__windowms75.0,"{""--ablation"": ""full"", ""--ball-speed"": 9, ""--no-plot"": null, ""--serve-box"": null, ""--window-ms"": 75.0}",62,True,active,0.095273,1.973723,0.092454,35.0,155.0,1.8,0.99,1.8,20.0,0.095273,1.673,1.85,
exp18_sensitivity,ablationfull__ballspeed9__noplot__servebox__windowms75.0,"{""--ablation"": ""full"", ""--ball-speed"": 9, ""--no-plot"": null, ""--serve-box"": null, ""--window-ms"": 75.0}",66,True,active,0.12469,1.952175,0.112218,40.0,125.0,1.8,1.0,1.8,20.0,0.12469,1.52,1.52,
exp18_sensitivity,ablationfull__ballspeed9__noplot__servebox__windowms75.0,"{""--ablation"": ""full"", ""--ball-speed"": 9, ""--no-plot"": null, ""--serve-box"": null, ""--window-ms"": 75.0}",65,True,active,0.09285,1.993612,0.09285,30.0,155.0,1.82,1.0,1.8,20.0,0.09285,1.775,1.61,
exp18_sensitivity,ablationfull__ballspeed9__noplot__servebox__windowms75.0,"{""--ablation"": ""full"", ""--ball-speed"": 9, ""--no-plot"": null, ""--serve-box"": null, ""--window-ms"": 75.0}",58,True,active,0.077257,1.896827,0.07613,45.0,155.0,1.4,1.0,1.8,15.0,0.077257,1.252,2.29,
exp18_sensitivity,ablationfull__ballspeed9__noplot__servebox__windowms75.0,"{""--ablation"": ""full"", ""--ball-speed"": 9, ""--no-plot"": null, ""--serve-box"": null, ""--window-ms"": 75.0}",55,True,active,0.088314,1.991799,0.08214,40.0,135.0,1.8,0.96,1.9,20.0,0.088314,1.797,2.9,
exp18_sensitivity,ablationfull__ballspeed9__noplot__servebox__windowms75.0,"{""--ablation"": ""full"", ""--ball-speed"": 9, ""--no-plot"": null, ""--serve-box"": null, ""--window-ms"": 75.0}",68,True,active,0.071334,1.922423,0.064738,45.0,155.0,1.62,1.0,1.1,5.0,0.071334,1.194,1.71,
exp18_sensitivity,ablationfull__ballspeed9__noplot__servebox__windowms75.0,"{""--ablation"": ""full"", ""--ball-speed"": 9, ""--no-plot"": null, ""--serve-box"": null, ""--window-ms"": 75.0}",60,True,active,0.127876,1.958514,0.126692,35.0,140.0,1.8,1.0,1.9,20.0,0.127876,1.571,2.9,
exp18_sensitivity,ablationfull__ballspeed9__noplot__servebox__windowms75.0,"{""--ablation"": ""full"", ""--ball-speed"": 9, ""--no-plot"": null, ""--serve-box"": null, ""--window-ms"": 75.0}",67,True,active,0.073771,1.954488,0.073771,35.0,145.0,1.78,0.99,1.8,15.0,0.073771,1.568,2.23,
exp18_sensitivity,ablationfull__ballspeed9__noplot__servebox__windowms75.0,"{""--ablation"": ""full"", ""--ball-speed"": 9, ""--no-plot"": null, ""--serve-box"": null, ""--window-ms"": 75.0}",59,True,active,0.096793,1.96297,0.089672,35.0,105.0,1.79,1.0,1.8,25.0,0.096793,1.79,3.14,
exp18_sensitivity,ablationfull__ballspeed9__noplot__servebox__windowms75.0,"{""--ablation"": ""full"", ""--ball-speed"": 9, ""--no-plot"": null, ""--serve-box"": null, ""--window-ms"": 75.0}",63,True,active,0.072824,1.982572,0.072824,40.0,155.0,1.81,1.0,1.5,20.0,0.072824,1.57,3.04,
exp18_sensitivity,ablationfull__ballspeed9__noplot__servebox__windowms75.0,"{""--ablation"": ""full"", ""--ball-speed"": 9, ""--no-plot"": null, ""--serve-box"": null, ""--window-ms"": 75.0}",71,True,active,0.126619,1.976014,0.126619,20.0,105.0,1.78,1.0,1.9,25.0,0.126619,1.555,1.59,
exp18_sensitivity,ablationfull__ballspeed9__noplot__servebox__windowms75.0,"{""--ablation"": ""full"", ""--ball-speed"": 9, ""--no-plot"": null, ""--serve-box"": null, ""--window-ms"": 75.0}",72,True,active,0.074501,1.984458,0.074501,40.0,155.0,1.79,0.99,1.8,15.0,0.074501,1.748,1.49,
exp18_sensitivity,ablationfull__ballspeed9__noplot__servebox__windowms75.0,"{""--ablation"": ""full"", ""--ball-speed"": 9, ""--no-plot"": null, ""--serve-box"": null, ""--window-ms"": 75.0}",73,True,active,0.140894,1.988815,0.136055,35.0,145.0,1.73,0.99,1.5,20.0,0.140894,1.456,1.5,
exp18_sensitivity,ablationfull__ballspeed9__noplot__servebox__windowms75.0,"{""--ablation"": ""full"", ""--ball-speed"": 9, ""--no-plot"": null, ""--serve-box"": null, ""--window-ms"": 75.0}",74,True,active,0.102081,1.949043,0.092376,40.0,155.0,1.8,0.99,1.8,20.0,0.102081,1.612,1.5,
exp18_sensitivity,ablationfull__ballspeed9__noplot__servebox__windowms75.0,"{""--ablation"": ""full"", ""--ball-speed"": 9, ""--no-plot"": null, ""--serve-box"": null, ""--window-ms"": 75.0}",70,True,active,0.082878,1.983895,0.082878,40.0,155.0,1.79,1.0,1.7,20.0,0.082878,1.761,2.19,
exp18_sensitivity,ablationfull__ballspeed9__noplot__servebox__windowms75.0,"{""--ablation"": ""full"", ""--ball-speed"": 9, ""--no-plot"": null, ""--serve-box"": null, ""--window-ms"": 75.0}",75,True,active,0.127344,1.946594,0.126062,35.0,155.0,1.3,0.99,1.5,5.0,0.127344,0.788,1.51,
exp18_sensitivity,ablationfull__ballspeed9__noplot__servebox__windowms75.0,"{""--ablation"": ""full"", ""--ball-speed"": 9, ""--no-plot"": null, ""--serve-box"": null, ""--window-ms"": 75.0}",80,True,active,0.030953,1.933759,0.030953,50.0,155.0,1.81,1.0,1.5,10.0,0.030953,0.789,1.48,
exp18_sensitivity,ablationfull__ballspeed9__noplot__servebox__windowms75.0,"{""--ablation"": ""full"", ""--ball-speed"": 9, ""--no-plot"": null, ""--serve-box"": null, ""--window-ms"": 75.0}",69,True,active,0.11835,1.974658,0.11144,35.0,155.0,1.79,0.99,1.8,20.0,0.11835,1.752,3.15,
exp18_sensitivity,ablationfull__ballspeed9__noplot__servebox__windowms75.0,"{""--ablation"": ""full"", ""--ball-speed"": 9, ""--no-plot"": null, ""--serve-box"": null, ""--window-ms"": 75.0}",76,True,active,0.084529,1.911601,0.079263,0.0,0.0,1.68,0.99,1.8,15.0,0.084529,1.582,2.01,
exp18_sensitivity,ablationfull__ballspeed9__noplot__servebox__windowms75.0,"{""--ablation"": ""full"", ""--ball-speed"": 9, ""--no-plot"": null, ""--serve-box"": null, ""--window-ms"": 75.0}",77,True,active,0.09224,1.91121,0.082952,40.0,155.0,1.48,1.0,1.4,15.0,0.09224,1.407,2.34,
exp18_sensitivity,ablationfull__ballspeed9__noplot__servebox__windowms75.0,"{""--ablation"": ""full"", ""--ball-speed"": 9, ""--no-plot"": null, ""--serve-box"": null, ""--window-ms"": 75.0}",82,True,active,0.093209,1.964047,0.093209,30.0,155.0,1.81,0.99,1.7,20.0,0.093209,1.711,1.65,
exp18_sensitivity,ablationfull__ballspeed9__noplot__servebox__windowms75.0,"{""--ablation"": ""full"", ""--ball-speed"": 9, ""--no-plot"": null, ""--serve-box"": null, ""--window-ms"": 75.0}",83,True,active,0.106131,1.987813,0.106131,40.0,155.0,1.59,1.0,1.5,15.0,0.106131,1.425,1.57,
exp18_sensitivity,ablationfull__ballspeed9__noplot__servebox__windowms75.0,"{""--ablation"": ""full"", ""--ball-speed"": 9, ""--no-plot"": null, ""--serve-box"": null, ""--window-ms"": 75.0}",79,True,active,0.109762,1.943229,0.078899,25.0,85.0,1.79,0.99,1.6,20.0,0.109762,1.751,2.48,
exp18_sensitivity,ablationfull__ballspeed9__noplot__servebox__windowms75.0,"{""--ablation"": ""full"", ""--ball-speed"": 9, ""--no-plot"": null, ""--serve-box"": null, ""--window-ms"": 75.0}",89,True,active,0.079684,1.937969,0.079684,40.0,155.0,1.79,0.97,1.8,15.0,0.079684,1.784,1.37,
exp18_sensitivity,ablationfull__ballspeed9__noplot__servebox__windowms75.0,"{""--ablation"": ""full"", ""--ball-speed"": 9, ""--no-plot"": null, ""--serve-box"": null, ""--window-ms"": 75.0}",78,True,active,0.087027,1.939952,0.083845,35.0,155.0,1.8,0.99,1.8,20.0,0.087027,1.635,2.84,
exp18_sensitivity,ablationfull__ballspeed9__noplot__servebox__windowms75.0,"{""--ablation"": ""full"", ""--ball-speed"": 9, ""--no-plot"": null, ""--serve-box"": null, ""--window-ms"": 75.0}",88,True,active,0.101659,1.967028,0.101659,35.0,155.0,1.8,0.99,2.0,20.0,0.101659,1.669,1.52,
exp18_sensitivity,ablationfull__ballspeed9__noplot__servebox__windowms75.0,"{""--ablation"": ""full"", ""--ball-speed"": 9, ""--no-plot"": null, ""--serve-box"": null, ""--window-ms"": 75.0}",85,True,active,0.076236,1.966502,0.07422,40.0,155.0,1.8,0.99,1.6,10.0,0.076236,1.656,1.84,
exp18_sensitivity,ablationfull__ballspeed9__noplot__servebox__windowms75.0,"{""--ablation"": ""full"", ""--ball-speed"": 9, ""--no-plot"": null, ""--serve-box"": null, ""--window-ms"": 75.0}",90,True,active,0.0873,1.974535,0.085874,40.0,155.0,1.81,0.96,2.1,15.0,0.0873,1.806,1.57,
exp18_sensitivity,ablationfull__ballspeed9__noplot__servebox__windowms75.0,"{""--ablation"": ""full"", ""--ball-speed"": 9, ""--no-plot"": null, ""--serve-box"": null, ""--window-ms"": 75.0}",92,True,active,0.106312,1.956969,0.08703,40.0,155.0,1.79,1.0,1.9,30.0,0.106312,1.716,1.41,
exp18_sensitivity,ablationfull__ballspeed9__noplot__servebox__windowms75.0,"{""--ablation"": ""full"", ""--ball-speed"": 9, ""--no-plot"": null, ""--serve-box"": null, ""--window-ms"": 75.0}",86,True,active,0.084805,1.952287,0.084805,40.0,155.0,1.78,1.0,1.8,15.0,0.084805,1.657,2.14,
exp18_sensitivity,ablationfull__ballspeed9__noplot__servebox__windowms75.0,"{""--ablation"": ""full"", ""--ball-speed"": 9, ""--no-plot"": null, ""--serve-box"": null, ""--window-ms"": 75.0}",84,True,active,0.076668,1.95954,0.070047,40.0,155.0,1.8,1.0,1.8,20.0,0.076668,1.718,2.29,
exp18_sensitivity,ablationfull__ballspeed9__noplot__servebox__windowms75.0,"{""--ablation"": ""full"", ""--ball-speed"": 9, ""--no-plot"": null, ""--serve-box"": null, ""--window-ms"": 75.0}",93,True,active,0.095905,1.937913,0.085581,45.0,155.0,1.79,0.99,2.1,15.0,0.095905,1.731,1.51,
exp18_sensitivity,ablationfull__ballspeed9__noplot__servebox__windowms75.0,"{""--ablation"": ""full"", ""--ball-speed"": 9, ""--no-plot"": null, ""--serve-box"": null, ""--window-ms"": 75.0}",81,True,active,0.071026,1.982943,0.071026,35.0,155.0,1.79,1.0,1.8,20.0,0.071026,1.411,3.09,
exp18_sensitivity,ablationfull__ballspeed9__noplot__servebox__windowms75.0,"{""--ablation"": ""full"", ""--ball-speed"": 9, ""--no-plot"": null, ""--serve-box"": null, ""--window-ms"": 75.0}",95,True,active,0.100278,1.93337,0.08638,40.0,155.0,1.76,0.99,1.8,25.0,0.100278,1.546,1.5,
exp18_sensitivity,ablationfull__ballspeed9__noplot__servebox__windowms75.0,"{""--ablation"": ""full"", ""--ball-speed"": 9, ""--no-plot"": null, ""--serve-box"": null, ""--window-ms"": 75.0}",87,True,active,0.132262,1.950591,0.121873,35.0,125.0,1.78,0.99,1.9,20.0,0.132262,1.465,2.57,
exp18_sensitivity,ablationfull__ballspeed9__noplot__servebox__windowms75.0,"{""--ablation"": ""full"", ""--ball-speed"": 9, ""--no-plot"": null, ""--serve-box"": null, ""--window-ms"": 75.0}",98,True,active,0.085691,1.932214,0.056172,0.0,0.0,1.79,0.99,1.4,20.0,0.085691,1.706,1.46,
exp18_sensitivity,ablationfull__ballspeed9__noplot__servebox__windowms75.0,"{""--ablation"": ""full"", ""--ball-speed"": 9, ""--no-plot"": null, ""--serve-box"": null, ""--window-ms"": 75.0}",99,True,active,0.122597,1.963723,0.117566,35.0,155.0,1.8,1.0,1.8,20.0,0.122597,1.802,1.44,
exp18_sensitivity,ablationfull__ballspeed9__noplot__servebox__windowms75.0,"{""--ablation"": ""full"", ""--ball-speed"": 9, ""--no-plot"": null, ""--serve-box"": null, ""--window-ms"": 75.0}",91,True,active,0.006857,1.964639,0.006857,55.0,155.0,1.6,1.0,1.5,5.0,0.006857,0.674,2.59,
exp18_sensitivity,ablationfull__ballspeed9__noplot__servebox__windowms75.0,"{""--ablation"": ""full"", ""--ball-speed"": 9, ""--no-plot"": null, ""--serve-box"": null, ""--window-ms"": 75.0}",100,True,active,0.081024,1.985073,0.0764,40.0,155.0,1.8,0.98,1.8,20.0,0.081024,1.777,1.44,
exp18_sensitivity,ablationfull__ballspeed9__noplot__servebox__windowms75.0,"{""--ablation"": ""full"", ""--ball-speed"": 9, ""--no-plot"": null, ""--serve-box"": null, ""--window-ms"": 75.0}",101,True,active,0.12414,1.971672,0.121518,30.0,135.0,1.8,1.0,1.6,20.0,0.12414,1.553,1.65,
exp18_sensitivity,ablationfull__ballspeed9__noplot__servebox__windowms75.0,"{""--ablation"": ""full"", ""--ball-speed"": 9, ""--no-plot"": null, ""--serve-box"": null, ""--window-ms"": 75.0}",102,True,active,0.066594,1.983767,0.066291,45.0,155.0,1.8,0.99,1.6,15.0,0.066594,1.721,1.63,
exp18_sensitivity,ablationfull__ballspeed9__noplot__servebox__windowms75.0,"{""--ablation"": ""full"", ""--ball-speed"": 9, ""--no-plot"": null, ""--serve-box"": null, ""--window-ms"": 75.0}",94,True,active,0.094843,1.978892,0.094843,35.0,150.0,1.8,0.97,1.8,20.0,0.094843,1.744,2.53,
exp18_sensitivity,ablationfull__ballspeed9__noplot__servebox__windowms75.0,"{""--ablation"": ""full"", ""--ball-speed"": 9, ""--no-plot"": null, ""--serve-box"": null, ""--window-ms"": 75.0}",106,False,miss,0.411214,1.956275,0.134399,0.0,5.0,1.8,0.98,1.8,0.0,0.411214,0.0,1.49,
exp18_sensitivity,ablationfull__ballspeed9__noplot__servebox__windowms75.0,"{""--ablation"": ""full"", ""--ball-speed"": 9, ""--no-plot"": null, ""--serve-box"": null, ""--window-ms"": 75.0}",104,True,active,0.11498,1.966186,0.112156,35.0,155.0,1.81,0.99,1.6,20.0,0.11498,1.767,1.59,
exp18_sensitivity,ablationfull__ballspeed9__noplot__servebox__windowms75.0,"{""--ablation"": ""full"", ""--ball-speed"": 9, ""--no-plot"": null, ""--serve-box"": null, ""--window-ms"": 75.0}",97,True,active,0.131892,1.974842,0.122393,30.0,110.0,1.79,1.0,1.9,20.0,0.131892,1.681,2.3,
exp18_sensitivity,ablationfull__ballspeed9__noplot__servebox__windowms75.0,"{""--ablation"": ""full"", ""--ball-speed"": 9, ""--no-plot"": null, ""--serve-box"": null, ""--window-ms"": 75.0}",96,True,active,0.083008,1.980193,0.077036,35.0,155.0,1.81,0.94,1.8,20.0,0.083008,1.739,2.69,
exp18_sensitivity,ablationfull__ballspeed9__noplot__servebox__windowms75.0,"{""--ablation"": ""full"", ""--ball-speed"": 9, ""--no-plot"": null, ""--serve-box"": null, ""--window-ms"": 75.0}",103,True,active,0.121853,1.958278,0.108106,40.0,145.0,1.79,1.0,1.7,20.0,0.121853,1.567,1.91,
exp18_sensitivity,ablationfull__ballspeed9__noplot__servebox__windowms75.0,"{""--ablation"": ""full"", ""--ball-speed"": 9, ""--no-plot"": null, ""--serve-box"": null, ""--window-ms"": 75.0}",121,,,,,,,,,,,,,,0.18,no_result
exp18_sensitivity,ablationfull__ballspeed9__noplot__servebox__windowms75.0,"{""--ablation"": ""full"", ""--ball-speed"": 9, ""--no-plot"": null, ""--serve-box"": null, ""--window-ms"": 75.0}",107,True,active,0.110178,1.983085,0.110178,35.0,155.0,1.8,1.0,2.1,20.0,0.110178,1.78,1.86,
exp18_sensitivity,ablationfull__ballspeed9__noplot__servebox__windowms75.0,"{""--ablation"": ""full"", ""--ball-speed"": 9, ""--no-plot"": null, ""--serve-box"": null, ""--window-ms"": 75.0}",109,True,active,0.076878,1.997565,0.074276,40.0,155.0,1.81,0.99,1.5,20.0,0.076878,1.799,1.78,
exp18_sensitivity,ablationfull__ballspeed9__noplot__servebox__windowms75.0,"{""--ablation"": ""full"", ""--ball-speed"": 9, ""--no-plot"": null, ""--serve-box"": null, ""--window-ms"": 75.0}",110,True,active,0.070715,1.971018,0.068399,35.0,155.0,1.79,0.98,1.7,25.0,0.070715,1.777,1.46,
exp18_sensitivity,ablationfull__ballspeed9__noplot__servebox__windowms75.0,"{""--ablation"": ""full"", ""--ball-speed"": 9, ""--no-plot"": null, ""--serve-box"": null, ""--window-ms"": 75.0}",114,True,active,0.091582,1.921482,0.091582,35.0,155.0,1.8,0.99,1.5,15.0,0.091582,1.738,1.41,
exp18_sensitivity,ablationfull__ballspeed9__noplot__servebox__windowms75.0,"{""--ablation"": ""full"", ""--ball-speed"": 9, ""--no-plot"": null, ""--serve-box"": null, ""--window-ms"": 75.0}",105,True,active,0.11089,1.973746,0.103248,40.0,155.0,1.8,0.99,1.8,20.0,0.11089,1.475,2.82,
exp18_sensitivity,ablationfull__ballspeed9__noplot__servebox__windowms75.0,"{""--ablation"": ""full"", ""--ball-speed"": 9, ""--no-plot"": null, ""--serve-box"": null, ""--window-ms"": 75.0}",116,True,active,0.097989,1.96034,0.093402,35.0,155.0,1.8,1.0,1.7,20.0,0.097989,1.725,1.53,
exp18_sensitivity,ablationfull__ballspeed9__noplot__servebox__windowms75.0,"{""--ablation"": ""full"", ""--ball-speed"": 9, ""--no-plot"": null, ""--serve-box"": null, ""--window-ms"": 75.0}",117,True,active,0.103578,1.955906,0.091088,0.0,0.0,1.8,1.0,1.7,20.0,0.103578,1.776,1.49,
exp18_sensitivity,ablationfull__ballspeed9__noplot__servebox__windowms75.0,"{""--ablation"": ""full"", ""--ball-speed"": 9, ""--no-plot"": null, ""--serve-box"": null, ""--window-ms"": 75.0}",118,True,active,0.062575,1.959566,0.049556,45.0,130.0,1.79,0.97,1.7,20.0,0.062575,1.78,1.49,
exp18_sensitivity,ablationfull__ballspeed9__noplot__servebox__windowms75.0,"{""--ablation"": ""full"", ""--ball-speed"": 9, ""--no-plot"": null, ""--serve-box"": null, ""--window-ms"": 75.0}",119,True,active,0.08216,1.931792,0.08216,35.0,155.0,1.78,1.0,1.9,15.0,0.08216,1.496,1.55,
exp18_sensitivity,ablationfull__ballspeed9__noplot__servebox__windowms75.0,"{""--ablation"": ""full"", ""--ball-speed"": 9, ""--no-plot"": null, ""--serve-box"": null, ""--window-ms"": 75.0}",113,True,active,0.090367,1.957589,0.067579,0.0,0.0,1.8,1.0,1.7,20.0,0.090367,1.759,2.33,
exp18_sensitivity,ablationfull__ballspeed9__noplot__servebox__windowms75.0,"{""--ablation"": ""full"", ""--ball-speed"": 9, ""--no-plot"": null, ""--serve-box"": null, ""--window-ms"": 75.0}",112,True,active,0.079746,1.952643,0.074153,0.0,0.0,1.8,0.93,1.6,30.0,0.079746,1.782,2.56,
exp18_sensitivity,ablationfull__ballspeed9__noplot__servebox__windowms75.0,"{""--ablation"": ""full"", ""--ball-speed"": 9, ""--no-plot"": null, ""--serve-box"": null, ""--window-ms"": 75.0}",108,True,active,0.10895,1.992505,0.101552,40.0,155.0,1.8,0.98,2.1,20.0,0.10895,1.274,3.02,
exp18_sensitivity,ablationfull__ballspeed9__noplot__servebox__windowms75.0,"{""--ablation"": ""full"", ""--ball-speed"": 9, ""--no-plot"": null, ""--serve-box"": null, ""--window-ms"": 75.0}",122,True,active,0.139135,1.963283,0.133774,35.0,100.0,1.54,1.0,1.6,15.0,0.139135,1.421,1.45,
exp18_sensitivity,ablationfull__ballspeed9__noplot__servebox__windowms75.0,"{""--ablation"": ""full"", ""--ball-speed"": 9, ""--no-plot"": null, ""--serve-box"": null, ""--window-ms"": 75.0}",124,True,active,0.087844,1.959987,0.087844,40.0,155.0,1.78,1.0,1.7,15.0,0.087844,1.367,1.44,
exp18_sensitivity,ablationfull__ballspeed9__noplot__servebox__windowms75.0,"{""--ablation"": ""full"", ""--ball-speed"": 9, ""--no-plot"": null, ""--serve-box"": null, ""--window-ms"": 75.0}",111,True,active,0.109624,1.985089,0.107059,35.0,155.0,1.79,1.0,1.9,25.0,0.109624,1.795,2.85,
exp18_sensitivity,ablationfull__ballspeed9__noplot__servebox__windowms75.0,"{""--ablation"": ""full"", ""--ball-speed"": 9, ""--no-plot"": null, ""--serve-box"": null, ""--window-ms"": 75.0}",125,False,miss,0.380079,1.957361,0.148221,25.0,115.0,1.47,1.0,1.4,0.0,0.380079,0.0,1.44,
exp18_sensitivity,ablationfull__ballspeed9__noplot__servebox__windowms75.0,"{""--ablation"": ""full"", ""--ball-speed"": 9, ""--no-plot"": null, ""--serve-box"": null, ""--window-ms"": 75.0}",115,False,miss,0.345547,1.938724,0.102513,0.0,0.0,1.79,0.98,1.4,0.0,0.345547,0.0,2.83,
exp18_sensitivity,ablationfull__ballspeed9__noplot__servebox__windowms75.0,"{""--ablation"": ""full"", ""--ball-speed"": 9, ""--no-plot"": null, ""--serve-box"": null, ""--window-ms"": 75.0}",123,True,active,0.047346,1.958711,0.047346,45.0,155.0,1.76,1.0,1.9,5.0,0.047346,1.382,1.82,
exp18_sensitivity,ablationfull__ballspeed9__noplot__servebox__windowms75.0,"{""--ablation"": ""full"", ""--ball-speed"": 9, ""--no-plot"": null, ""--serve-box"": null, ""--window-ms"": 75.0}",126,True,active,0.109555,1.914588,0.093443,35.0,130.0,1.79,1.0,2.1,15.0,0.109555,1.548,1.57,
exp18_sensitivity,ablationfull__ballspeed9__noplot__servebox__windowms75.0,"{""--ablation"": ""full"", ""--ball-speed"": 9, ""--no-plot"": null, ""--serve-box"": null, ""--window-ms"": 75.0}",120,True,active,0.080371,1.939425,0.080129,40.0,155.0,1.82,0.97,2.0,10.0,0.080371,1.771,2.53,
exp18_sensitivity,ablationfull__ballspeed9__noplot__servebox__windowms75.0,"{""--ablation"": ""full"", ""--ball-speed"": 9, ""--no-plot"": null, ""--serve-box"": null, ""--window-ms"": 75.0}",129,True,active,0.058378,1.954557,0.058378,35.0,155.0,1.71,0.99,1.8,15.0,0.058378,1.407,1.44,
exp18_sensitivity,ablationfull__ballspeed9__noplot__servebox__windowms75.0,"{""--ablation"": ""full"", ""--ball-speed"": 9, ""--no-plot"": null, ""--serve-box"": null, ""--window-ms"": 75.0}",130,True,active,0.129977,1.9532,0.120673,25.0,70.0,1.81,0.99,1.7,25.0,0.129977,1.599,1.58,
exp18_sensitivity,ablationfull__ballspeed9__noplot__servebox__windowms75.0,"{""--ablation"": ""full"", ""--ball-speed"": 9, ""--no-plot"": null, ""--serve-box"": null, ""--window-ms"": 75.0}",132,False,miss,0.269974,1.937565,0.152865,25.0,60.0,1.14,1.0,1.7,0.0,0.269974,0.0,1.63,
exp18_sensitivity,ablationfull__ballspeed9__noplot__servebox__windowms75.0,"{""--ablation"": ""full"", ""--ball-speed"": 9, ""--no-plot"": null, ""--serve-box"": null, ""--window-ms"": 75.0}",135,True,active,0.131628,1.973464,0.117388,40.0,145.0,1.81,1.0,1.7,25.0,0.131628,1.412,1.57,
exp18_sensitivity,ablationfull__ballspeed9__noplot__servebox__windowms75.0,"{""--ablation"": ""full"", ""--ball-speed"": 9, ""--no-plot"": null, ""--serve-box"": null, ""--window-ms"": 75.0}",136,True,active,0.094753,1.861115,0.094753,0.0,0.0,1.8,1.0,2.1,25.0,0.094753,1.748,1.65,
exp18_sensitivity,ablationfull__ballspeed9__noplot__servebox__windowms75.0,"{""--ablation"": ""full"", ""--ball-speed"": 9, ""--no-plot"": null, ""--serve-box"": null, ""--window-ms"": 75.0}",133,True,active,0.108626,1.976937,0.108626,35.0,155.0,1.82,0.99,1.8,15.0,0.108626,1.752,1.91,
exp18_sensitivity,ablationfull__ballspeed9__noplot__servebox__windowms75.0,"{""--ablation"": ""full"", ""--ball-speed"": 9, ""--no-plot"": null, ""--serve-box"": null, ""--window-ms"": 75.0}",131,True,active,0.093438,1.938752,0.093438,35.0,155.0,1.8,0.99,1.8,15.0,0.093438,1.707,2.56,
exp18_sensitivity,ablationfull__ballspeed9__noplot__servebox__windowms75.0,"{""--ablation"": ""full"", ""--ball-speed"": 9, ""--no-plot"": null, ""--serve-box"": null, ""--window-ms"": 75.0}",139,True,active,0.113322,1.977375,0.109212,35.0,155.0,1.77,1.0,1.7,15.0,0.113322,1.657,1.63,
exp18_sensitivity,ablationfull__ballspeed9__noplot__servebox__windowms75.0,"{""--ablation"": ""full"", ""--ball-speed"": 9, ""--no-plot"": null, ""--serve-box"": null, ""--window-ms"": 75.0}",127,True,active,0.111246,1.976661,0.109194,35.0,155.0,1.81,0.99,1.8,25.0,0.111246,1.741,2.88,
exp18_sensitivity,ablationfull__ballspeed9__noplot__servebox__windowms75.0,"{""--ablation"": ""full"", ""--ball-speed"": 9, ""--no-plot"": null, ""--serve-box"": null, ""--window-ms"": 75.0}",141,True,active,0.063101,1.979876,0.046809,45.0,155.0,1.79,0.97,1.5,20.0,0.063101,1.716,1.52,
exp18_sensitivity,ablationfull__ballspeed9__noplot__servebox__windowms75.0,"{""--ablation"": ""full"", ""--ball-speed"": 9, ""--no-plot"": null, ""--serve-box"": null, ""--window-ms"": 75.0}",142,True,active,0.104843,1.959241,0.093873,35.0,155.0,1.79,1.0,1.6,20.0,0.104843,1.67,1.44,
exp18_sensitivity,ablationfull__ballspeed9__noplot__servebox__windowms75.0,"{""--ablation"": ""full"", ""--ball-speed"": 9, ""--no-plot"": null, ""--serve-box"": null, ""--window-ms"": 75.0}",128,True,active,0.123941,1.95624,0.114566,35.0,150.0,1.78,1.0,1.5,20.0,0.123941,1.68,2.86,
exp18_sensitivity,ablationfull__ballspeed9__noplot__servebox__windowms75.0,"{""--ablation"": ""full"", ""--ball-speed"": 9, ""--no-plot"": null, ""--serve-box"": null, ""--window-ms"": 75.0}",138,True,active,0.046945,1.920348,0.046945,40.0,155.0,1.78,0.99,2.2,15.0,0.046945,0.32,2.11,
exp18_sensitivity,ablationfull__ballspeed9__noplot__servebox__windowms75.0,"{""--ablation"": ""full"", ""--ball-speed"": 9, ""--no-plot"": null, ""--serve-box"": null, ""--window-ms"": 75.0}",143,True,active,0.103783,1.954465,0.103783,40.0,155.0,1.47,0.97,1.4,10.0,0.103783,0.916,1.42,
exp18_sensitivity,ablationfull__ballspeed9__noplot__servebox__windowms75.0,"{""--ablation"": ""full"", ""--ball-speed"": 9, ""--no-plot"": null, ""--serve-box"": null, ""--window-ms"": 75.0}",144,True,active,0.143255,1.964996,0.13484,40.0,95.0,1.79,1.0,1.8,15.0,0.143255,1.584,1.49,
exp18_sensitivity,ablationfull__ballspeed9__noplot__servebox__windowms75.0,"{""--ablation"": ""full"", ""--ball-speed"": 9, ""--no-plot"": null, ""--serve-box"": null, ""--window-ms"": 75.0}",140,True,active,0.072139,1.964877,0.070887,35.0,155.0,1.81,0.93,1.7,20.0,0.072139,1.788,2.24,
exp18_sensitivity,ablationfull__ballspeed9__noplot__servebox__windowms75.0,"{""--ablation"": ""full"", ""--ball-speed"": 9, ""--no-plot"": null, ""--serve-box"": null, ""--window-ms"": 75.0}",134,True,active,0.139296,1.986624,0.13174,30.0,75.0,1.8,1.0,1.7,20.0,0.139296,1.602,3.02,
exp18_sensitivity,ablationfull__ballspeed9__noplot__servebox__windowms75.0,"{""--ablation"": ""full"", ""--ball-speed"": 9, ""--no-plot"": null, ""--serve-box"": null, ""--window-ms"": 75.0}",137,False,miss,0.378943,1.932915,0.128025,0.0,0.0,1.79,1.0,1.6,0.0,0.378943,0.0,3.04,
exp18_sensitivity,ablationfull__ballspeed9__noplot__servebox__windowms75.0,"{""--ablation"": ""full"", ""--ball-speed"": 9, ""--no-plot"": null, ""--serve-box"": null, ""--window-ms"": 75.0}",147,True,active,0.081704,1.986957,0.081704,35.0,155.0,1.6,0.99,1.6,20.0,0.081704,1.183,1.49,
exp18_sensitivity,ablationfull__ballspeed9__noplot__servebox__windowms75.0,"{""--ablation"": ""full"", ""--ball-speed"": 9, ""--no-plot"": null, ""--serve-box"": null, ""--window-ms"": 75.0}",148,True,active,0.135567,1.949555,0.125194,35.0,100.0,1.8,1.0,1.8,20.0,0.135567,1.53,1.68,
exp18_sensitivity,ablationfull__ballspeed9__noplot__servebox__windowms75.0,"{""--ablation"": ""full"", ""--ball-speed"": 9, ""--no-plot"": null, ""--serve-box"": null, ""--window-ms"": 75.0}",152,True,active,0.115228,1.975174,0.099523,40.0,155.0,1.8,0.99,1.5,20.0,0.115228,1.693,1.53,
exp18_sensitivity,ablationfull__ballspeed9__noplot__servebox__windowms75.0,"{""--ablation"": ""full"", ""--ball-speed"": 9, ""--no-plot"": null, ""--serve-box"": null, ""--window-ms"": 75.0}",153,True,active,0.117911,1.967996,0.112312,35.0,155.0,1.8,0.99,1.8,20.0,0.117911,1.623,1.58,
exp18_sensitivity,ablationfull__ballspeed9__noplot__servebox__windowms75.0,"{""--ablation"": ""full"", ""--ball-speed"": 9, ""--no-plot"": null, ""--serve-box"": null, ""--window-ms"": 75.0}",157,True,active,0.093979,1.970728,0.085592,35.0,105.0,1.8,0.99,1.8,20.0,0.093979,1.758,1.48,
exp18_sensitivity,ablationfull__ballspeed9__noplot__servebox__windowms75.0,"{""--ablation"": ""full"", ""--ball-speed"": 9, ""--no-plot"": null, ""--serve-box"": null, ""--window-ms"": 75.0}",146,True,active,0.11094,1.978137,0.11094,35.0,155.0,1.8,0.99,1.9,15.0,0.11094,1.722,2.56,
exp18_sensitivity,ablationfull__ballspeed9__noplot__servebox__windowms75.0,"{""--ablation"": ""full"", ""--ball-speed"": 9, ""--no-plot"": null, ""--serve-box"": null, ""--window-ms"": 75.0}",156,True,active,0.124138,1.971711,0.122294,30.0,150.0,1.8,1.0,1.6,25.0,0.124138,1.708,1.76,
exp18_sensitivity,ablationfull__ballspeed9__noplot__servebox__windowms75.0,"{""--ablation"": ""full"", ""--ball-speed"": 9, ""--no-plot"": null, ""--serve-box"": null, ""--window-ms"": 75.0}",154,True,active,0.134629,1.961961,0.11531,35.0,155.0,1.76,1.0,1.5,5.0,0.134629,0.866,1.91,
exp18_sensitivity,ablationfull__ballspeed9__noplot__servebox__windowms75.0,"{""--ablation"": ""full"", ""--ball-speed"": 9, ""--no-plot"": null, ""--serve-box"": null, ""--window-ms"": 75.0}",145,True,active,0.09972,1.950479,0.09972,35.0,155.0,1.79,1.0,1.7,20.0,0.09972,1.669,2.93,
exp18_sensitivity,ablationfull__ballspeed9__noplot__servebox__windowms75.0,"{""--ablation"": ""full"", ""--ball-speed"": 9, ""--no-plot"": null, ""--serve-box"": null, ""--window-ms"": 75.0}",158,True,active,0.129409,1.993032,0.124131,30.0,155.0,1.7,1.0,1.9,15.0,0.129409,1.7,1.62,
exp18_sensitivity,ablationfull__ballspeed9__noplot__servebox__windowms75.0,"{""--ablation"": ""full"", ""--ball-speed"": 9, ""--no-plot"": null, ""--serve-box"": null, ""--window-ms"": 75.0}",159,True,active,0.05671,1.887501,0.05671,40.0,155.0,1.49,0.98,1.3,10.0,0.05671,1.124,1.61,
exp18_sensitivity,ablationfull__ballspeed9__noplot__servebox__windowms75.0,"{""--ablation"": ""full"", ""--ball-speed"": 9, ""--no-plot"": null, ""--serve-box"": null, ""--window-ms"": 75.0}",155,True,active,0.122711,1.931215,0.122253,35.0,155.0,1.77,1.0,1.7,20.0,0.122711,1.73,2.71,
exp18_sensitivity,ablationfull__ballspeed9__noplot__servebox__windowms75.0,"{""--ablation"": ""full"", ""--ball-speed"": 9, ""--no-plot"": null, ""--serve-box"": null, ""--window-ms"": 75.0}",151,True,active,0.098083,1.977988,0.093909,35.0,155.0,1.81,0.98,1.7,20.0,0.098083,1.81,2.89,
exp18_sensitivity,ablationfull__ballspeed9__noplot__servebox__windowms75.0,"{""--ablation"": ""full"", ""--ball-speed"": 9, ""--no-plot"": null, ""--serve-box"": null, ""--window-ms"": 75.0}",162,True,active,0.103922,1.933267,0.086252,0.0,60.0,1.79,1.0,1.6,20.0,0.103922,1.623,1.57,
exp18_sensitivity,ablationfull__ballspeed9__noplot__servebox__windowms75.0,"{""--ablation"": ""full"", ""--ball-speed"": 9, ""--no-plot"": null, ""--serve-box"": null, ""--window-ms"": 75.0}",150,True,active,0.098663,1.963512,0.098663,35.0,155.0,1.79,0.98,2.0,20.0,0.098663,1.786,2.97,
exp18_sensitivity,ablationfull__ballspeed9__noplot__servebox__windowms75.0,"{""--ablation"": ""full"", ""--ball-speed"": 9, ""--no-plot"": null, ""--serve-box"": null, ""--window-ms"": 75.0}",149,True,active,0.111938,1.936127,0.105915,35.0,135.0,1.79,1.0,1.8,20.0,0.111938,1.513,3.03,
exp18_sensitivity,ablationfull__ballspeed9__noplot__servebox__windowms75.0,"{""--ablation"": ""full"", ""--ball-speed"": 9, ""--no-plot"": null, ""--serve-box"": null, ""--window-ms"": 75.0}",164,True,active,0.09523,1.928555,0.093236,40.0,80.0,1.8,1.0,1.5,25.0,0.09523,1.176,1.56,
exp18_sensitivity,ablationfull__ballspeed9__noplot__servebox__windowms75.0,"{""--ablation"": ""full"", ""--ball-speed"": 9, ""--no-plot"": null, ""--serve-box"": null, ""--window-ms"": 75.0}",160,True,active,0.1296,1.981715,0.127818,30.0,115.0,1.81,1.0,1.8,20.0,0.1296,1.734,2.15,
exp18_sensitivity,ablationfull__ballspeed9__noplot__servebox__windowms75.0,"{""--ablation"": ""full"", ""--ball-speed"": 9, ""--no-plot"": null, ""--serve-box"": null, ""--window-ms"": 75.0}",167,True,active,0.059985,1.948725,0.047164,45.0,155.0,1.79,1.0,1.6,10.0,0.059985,0.868,1.45,
exp18_sensitivity,ablationfull__ballspeed9__noplot__servebox__windowms75.0,"{""--ablation"": ""full"", ""--ball-speed"": 9, ""--no-plot"": null, ""--serve-box"": null, ""--window-ms"": 75.0}",166,True,active,0.097022,1.94774,0.089067,35.0,140.0,1.79,0.98,1.8,20.0,0.097022,1.787,1.54,
exp18_sensitivity,ablationfull__ballspeed9__noplot__servebox__windowms75.0,"{""--ablation"": ""full"", ""--ball-speed"": 9, ""--no-plot"": null, ""--serve-box"": null, ""--window-ms"": 75.0}",165,True,active,0.066361,1.964232,0.066138,45.0,145.0,1.78,1.0,1.4,10.0,0.066361,1.453,1.63,
exp18_sensitivity,ablationfull__ballspeed9__noplot__servebox__windowms75.0,"{""--ablation"": ""full"", ""--ball-speed"": 9, ""--no-plot"": null, ""--serve-box"": null, ""--window-ms"": 75.0}",168,True,active,0.101016,1.974422,0.099917,0.0,0.0,1.81,0.99,1.8,20.0,0.101016,1.788,1.55,
exp18_sensitivity,ablationfull__ballspeed9__noplot__servebox__windowms75.0,"{""--ablation"": ""full"", ""--ball-speed"": 9, ""--no-plot"": null, ""--serve-box"": null, ""--window-ms"": 75.0}",163,True,active,0.072532,1.97677,0.06429,40.0,155.0,1.79,0.99,1.5,20.0,0.072532,1.52,2.07,
exp18_sensitivity,ablationfull__ballspeed9__noplot__servebox__windowms75.0,"{""--ablation"": ""full"", ""--ball-speed"": 9, ""--no-plot"": null, ""--serve-box"": null, ""--window-ms"": 75.0}",170,True,active,0.084581,1.949674,0.07932,40.0,155.0,1.76,1.0,1.6,15.0,0.084581,1.676,1.54,
exp18_sensitivity,ablationfull__ballspeed9__noplot__servebox__windowms75.0,"{""--ablation"": ""full"", ""--ball-speed"": 9, ""--no-plot"": null, ""--serve-box"": null, ""--window-ms"": 75.0}",161,True,active,0.106077,1.943394,0.102914,0.0,0.0,1.78,1.0,2.0,15.0,0.106077,1.751,2.92,
exp18_sensitivity,ablationfull__ballspeed9__noplot__servebox__windowms75.0,"{""--ablation"": ""full"", ""--ball-speed"": 9, ""--no-plot"": null, ""--serve-box"": null, ""--window-ms"": 75.0}",172,True,active,0.097563,1.986431,0.097563,35.0,155.0,1.81,0.99,1.8,20.0,0.097563,1.728,1.52,
exp18_sensitivity,ablationfull__ballspeed9__noplot__servebox__windowms75.0,"{""--ablation"": ""full"", ""--ball-speed"": 9, ""--no-plot"": null, ""--serve-box"": null, ""--window-ms"": 75.0}",174,True,active,0.113508,1.973196,0.112653,30.0,155.0,1.78,1.0,1.9,20.0,0.113508,1.708,1.51,
exp18_sensitivity,ablationfull__ballspeed9__noplot__servebox__windowms75.0,"{""--ablation"": ""full"", ""--ball-speed"": 9, ""--no-plot"": null, ""--serve-box"": null, ""--window-ms"": 75.0}",169,True,active,0.033239,1.94571,0.028787,40.0,125.0,1.81,1.0,1.6,20.0,0.033239,1.082,2.49,
exp18_sensitivity,ablationfull__ballspeed9__noplot__servebox__windowms75.0,"{""--ablation"": ""full"", ""--ball-speed"": 9, ""--no-plot"": null, ""--serve-box"": null, ""--window-ms"": 75.0}",176,True,active,0.163584,1.918319,0.13863,30.0,155.0,1.27,1.0,1.7,10.0,0.163584,0.319,1.67,
exp18_sensitivity,ablationfull__ballspeed9__noplot__servebox__windowms75.0,"{""--ablation"": ""full"", ""--ball-speed"": 9, ""--no-plot"": null, ""--serve-box"": null, ""--window-ms"": 75.0}",175,True,active,0.11329,1.961118,0.105305,40.0,155.0,1.74,1.0,1.5,10.0,0.11329,1.639,1.75,
exp18_sensitivity,ablationfull__ballspeed9__noplot__servebox__windowms75.0,"{""--ablation"": ""full"", ""--ball-speed"": 9, ""--no-plot"": null, ""--serve-box"": null, ""--window-ms"": 75.0}",177,True,active,0.147464,1.950525,0.144923,30.0,55.0,1.8,0.99,1.8,25.0,0.147464,1.716,1.62,
exp18_sensitivity,ablationfull__ballspeed9__noplot__servebox__windowms75.0,"{""--ablation"": ""full"", ""--ball-speed"": 9, ""--no-plot"": null, ""--serve-box"": null, ""--window-ms"": 75.0}",171,True,active,0.096153,1.968608,0.092397,35.0,155.0,1.31,1.0,1.3,5.0,0.096153,0.568,2.5,
exp18_sensitivity,ablationfull__ballspeed9__noplot__servebox__windowms75.0,"{""--ablation"": ""full"", ""--ball-speed"": 9, ""--no-plot"": null, ""--serve-box"": null, ""--window-ms"": 75.0}",181,True,active,0.051451,2.009071,0.051451,40.0,155.0,1.76,0.99,1.4,15.0,0.051451,1.737,1.47,
exp18_sensitivity,ablationfull__ballspeed9__noplot__servebox__windowms75.0,"{""--ablation"": ""full"", ""--ball-speed"": 9, ""--no-plot"": null, ""--serve-box"": null, ""--window-ms"": 75.0}",180,True,active,0.120981,2.00015,0.120981,25.0,105.0,1.81,0.96,1.8,25.0,0.120981,1.799,1.61,
exp18_sensitivity,ablationfull__ballspeed9__noplot__servebox__windowms75.0,"{""--ablation"": ""full"", ""--ball-speed"": 9, ""--no-plot"": null, ""--serve-box"": null, ""--window-ms"": 75.0}",179,True,active,0.07215,1.934868,0.067801,45.0,155.0,1.8,1.0,1.8,15.0,0.07215,1.633,1.72,
exp18_sensitivity,ablationfull__ballspeed9__noplot__servebox__windowms75.0,"{""--ablation"": ""full"", ""--ball-speed"": 9, ""--no-plot"": null, ""--serve-box"": null, ""--window-ms"": 75.0}",184,True,active,0.076925,1.956978,0.076925,35.0,155.0,1.35,1.0,1.6,15.0,0.076925,1.061,1.69,
exp18_sensitivity,ablationfull__ballspeed9__noplot__servebox__windowms75.0,"{""--ablation"": ""full"", ""--ball-speed"": 9, ""--no-plot"": null, ""--serve-box"": null, ""--window-ms"": 75.0}",185,True,active,0.059919,2.007981,0.059919,40.0,155.0,1.8,0.99,1.4,20.0,0.059919,1.779,1.56,
exp18_sensitivity,ablationfull__ballspeed9__noplot__servebox__windowms75.0,"{""--ablation"": ""full"", ""--ball-speed"": 9, ""--no-plot"": null, ""--serve-box"": null, ""--window-ms"": 75.0}",182,True,active,0.052894,1.986359,0.052894,45.0,155.0,1.7,1.0,1.4,15.0,0.052894,1.22,2.23,
exp18_sensitivity,ablationfull__ballspeed9__noplot__servebox__windowms75.0,"{""--ablation"": ""full"", ""--ball-speed"": 9, ""--no-plot"": null, ""--serve-box"": null, ""--window-ms"": 75.0}",173,True,active,0.127699,1.965438,0.122276,30.0,150.0,1.79,1.0,1.9,20.0,0.127699,1.637,2.98,
exp18_sensitivity,ablationfull__ballspeed9__noplot__servebox__windowms75.0,"{""--ablation"": ""full"", ""--ball-speed"": 9, ""--no-plot"": null, ""--serve-box"": null, ""--window-ms"": 75.0}",187,True,active,0.097376,1.943764,0.084485,0.0,0.0,1.78,0.99,2.1,20.0,0.097376,1.736,1.49,
exp18_sensitivity,ablationfull__ballspeed9__noplot__servebox__windowms75.0,"{""--ablation"": ""full"", ""--ball-speed"": 9, ""--no-plot"": null, ""--serve-box"": null, ""--window-ms"": 75.0}",188,True,active,0.100144,1.975348,0.100144,40.0,155.0,1.56,1.0,1.7,15.0,0.100144,1.51,1.55,
exp18_sensitivity,ablationfull__ballspeed9__noplot__servebox__windowms75.0,"{""--ablation"": ""full"", ""--ball-speed"": 9, ""--no-plot"": null, ""--serve-box"": null, ""--window-ms"": 75.0}",193,True,active,0.124327,1.957626,0.116496,40.0,140.0,1.79,1.0,1.7,15.0,0.124327,1.707,1.41,
exp18_sensitivity,ablationfull__ballspeed9__noplot__servebox__windowms75.0,"{""--ablation"": ""full"", ""--ball-speed"": 9, ""--no-plot"": null, ""--serve-box"": null, ""--window-ms"": 75.0}",178,True,active,0.096432,1.964489,0.091924,40.0,155.0,1.8,1.0,1.7,20.0,0.096432,1.411,3.18,
exp18_sensitivity,ablationfull__ballspeed9__noplot__servebox__windowms75.0,"{""--ablation"": ""full"", ""--ball-speed"": 9, ""--no-plot"": null, ""--serve-box"": null, ""--window-ms"": 75.0}",183,True,active,0.048198,1.999027,0.048198,40.0,155.0,1.79,0.99,1.8,15.0,0.048198,1.613,2.85,
exp18_sensitivity,ablationfull__ballspeed9__noplot__servebox__windowms75.0,"{""--ablation"": ""full"", ""--ball-speed"": 9, ""--no-plot"": null, ""--serve-box"": null, ""--window-ms"": 75.0}",195,True,active,0.100153,1.963287,0.100153,40.0,155.0,1.8,0.99,1.7,15.0,0.100153,1.632,1.37,
exp18_sensitivity,ablationfull__ballspeed9__noplot__servebox__windowms75.0,"{""--ablation"": ""full"", ""--ball-speed"": 9, ""--no-plot"": null, ""--serve-box"": null, ""--window-ms"": 75.0}",194,True,active,0.102743,1.979828,0.101586,40.0,155.0,1.8,0.99,1.6,20.0,0.102743,1.729,1.67,
exp18_sensitivity,ablationfull__ballspeed9__noplot__servebox__windowms75.0,"{""--ablation"": ""full"", ""--ball-speed"": 9, ""--no-plot"": null, ""--serve-box"": null, ""--window-ms"": 75.0}",191,True,active,0.109301,1.980518,0.103741,35.0,155.0,1.8,0.99,1.9,20.0,0.109301,1.752,2.0,
exp18_sensitivity,ablationfull__ballspeed9__noplot__servebox__windowms75.0,"{""--ablation"": ""full"", ""--ball-speed"": 9, ""--no-plot"": null, ""--serve-box"": null, ""--window-ms"": 75.0}",196,False,miss,0.396268,1.948887,0.134257,25.0,105.0,1.81,1.0,1.6,0.0,0.396268,0.0,1.51,
exp18_sensitivity,ablationfull__ballspeed9__noplot__servebox__windowms75.0,"{""--ablation"": ""full"", ""--ball-speed"": 9, ""--no-plot"": null, ""--serve-box"": null, ""--window-ms"": 75.0}",197,True,active,0.106149,1.985806,0.100883,30.0,155.0,1.81,0.98,1.8,25.0,0.106149,1.442,1.52,
exp18_sensitivity,ablationfull__ballspeed9__noplot__servebox__windowms75.0,"{""--ablation"": ""full"", ""--ball-speed"": 9, ""--no-plot"": null, ""--serve-box"": null, ""--window-ms"": 75.0}",192,True,active,0.088947,1.944635,0.082624,40.0,155.0,1.6,1.0,1.5,10.0,0.088947,1.272,2.35,
exp18_sensitivity,ablationfull__ballspeed9__noplot__servebox__windowms75.0,"{""--ablation"": ""full"", ""--ball-speed"": 9, ""--no-plot"": null, ""--serve-box"": null, ""--window-ms"": 75.0}",198,True,active,0.073186,1.987795,0.073186,35.0,155.0,1.78,0.98,1.6,15.0,0.073186,1.552,1.48,
exp18_sensitivity,ablationfull__ballspeed9__noplot__servebox__windowms75.0,"{""--ablation"": ""full"", ""--ball-speed"": 9, ""--no-plot"": null, ""--serve-box"": null, ""--window-ms"": 75.0}",190,True,active,0.054258,1.987819,0.054258,40.0,155.0,1.81,0.9,1.6,15.0,0.054258,1.779,2.64,
exp18_sensitivity,ablationfull__ballspeed9__noplot__servebox__windowms75.0,"{""--ablation"": ""full"", ""--ball-speed"": 9, ""--no-plot"": null, ""--serve-box"": null, ""--window-ms"": 75.0}",186,True,active,0.090715,1.974627,0.085796,35.0,155.0,1.81,1.0,1.6,20.0,0.090715,1.743,3.03,
exp18_sensitivity,ablationfull__ballspeed9__noplot__servebox__windowms75.0,"{""--ablation"": ""full"", ""--ball-speed"": 9, ""--no-plot"": null, ""--serve-box"": null, ""--window-ms"": 75.0}",200,False,miss,0.348114,1.922776,0.143696,0.0,0.0,1.4,1.0,1.6,0.0,0.348114,0.0,1.53,
exp18_sensitivity,ablationfull__ballspeed9__noplot__servebox__windowms75.0,"{""--ablation"": ""full"", ""--ball-speed"": 9, ""--no-plot"": null, ""--serve-box"": null, ""--window-ms"": 75.0}",189,True,active,0.132962,1.95439,0.122868,40.0,150.0,1.76,1.0,1.7,10.0,0.132962,1.481,2.94,
exp18_sensitivity,ablationsoftmin_only__ballspeed9__noplot__servebox__windowms75.0,"{""--ablation"": ""softmin_only"", ""--ball-speed"": 9, ""--no-plot"": null, ""--serve-box"": null, ""--window-ms"": 75.0}",1,True,active,0.066828,1.969449,0.066828,40.0,155.0,1.81,1.0,1.4,15.0,0.066828,1.633,1.61,
exp18_sensitivity,ablationsoftmin_only__ballspeed9__noplot__servebox__windowms75.0,"{""--ablation"": ""softmin_only"", ""--ball-speed"": 9, ""--no-plot"": null, ""--serve-box"": null, ""--window-ms"": 75.0}",4,True,active,0.124026,1.955262,0.109907,40.0,150.0,1.8,0.99,1.7,20.0,0.124026,1.699,1.44,
exp18_sensitivity,ablationsoftmin_only__ballspeed9__noplot__servebox__windowms75.0,"{""--ablation"": ""softmin_only"", ""--ball-speed"": 9, ""--no-plot"": null, ""--serve-box"": null, ""--window-ms"": 75.0}",5,True,active,0.102928,1.950802,0.069918,0.0,0.0,1.79,0.99,1.5,25.0,0.102928,1.599,1.46,
exp18_sensitivity,ablationsoftmin_only__ballspeed9__noplot__servebox__windowms75.0,"{""--ablation"": ""softmin_only"", ""--ball-speed"": 9, ""--no-plot"": null, ""--serve-box"": null, ""--window-ms"": 75.0}",2,True,active,0.101154,1.951322,0.090046,35.0,70.0,1.79,1.0,1.8,20.0,0.101154,1.781,1.9,
exp18_sensitivity,ablationsoftmin_only__ballspeed9__noplot__servebox__windowms75.0,"{""--ablation"": ""softmin_only"", ""--ball-speed"": 9, ""--no-plot"": null, ""--serve-box"": null, ""--window-ms"": 75.0}",9,True,active,0.137239,1.963303,0.132473,30.0,110.0,1.78,0.99,1.8,15.0,0.137239,1.756,1.48,
exp18_sensitivity,ablationfull__ballspeed9__noplot__servebox__windowms75.0,"{""--ablation"": ""full"", ""--ball-speed"": 9, ""--no-plot"": null, ""--serve-box"": null, ""--window-ms"": 75.0}",199,True,active,0.104185,1.967375,0.089193,35.0,95.0,1.79,0.99,1.7,25.0,0.104185,1.704,2.74,
exp18_sensitivity,ablationsoftmin_only__ballspeed9__noplot__servebox__windowms75.0,"{""--ablation"": ""softmin_only"", ""--ball-speed"": 9, ""--no-plot"": null, ""--serve-box"": null, ""--window-ms"": 75.0}",11,True,active,0.106181,1.903871,0.101442,40.0,155.0,1.61,0.99,1.4,10.0,0.106181,0.726,1.46,
exp18_sensitivity,ablationsoftmin_only__ballspeed9__noplot__servebox__windowms75.0,"{""--ablation"": ""softmin_only"", ""--ball-speed"": 9, ""--no-plot"": null, ""--serve-box"": null, ""--window-ms"": 75.0}",20,,,,,,,,,,,,,,0.2,no_result
exp18_sensitivity,ablationsoftmin_only__ballspeed9__noplot__servebox__windowms75.0,"{""--ablation"": ""softmin_only"", ""--ball-speed"": 9, ""--no-plot"": null, ""--serve-box"": null, ""--window-ms"": 75.0}",10,True,active,0.099043,1.962539,0.09668,40.0,155.0,1.8,1.0,1.6,15.0,0.099043,1.679,1.67,
exp18_sensitivity,ablationsoftmin_only__ballspeed9__noplot__servebox__windowms75.0,"{""--ablation"": ""softmin_only"", ""--ball-speed"": 9, ""--no-plot"": null, ""--serve-box"": null, ""--window-ms"": 75.0}",21,,,,,,,,,,,,,,0.32,no_result
exp18_sensitivity,ablationsoftmin_only__ballspeed9__noplot__servebox__windowms75.0,"{""--ablation"": ""softmin_only"", ""--ball-speed"": 9, ""--no-plot"": null, ""--serve-box"": null, ""--window-ms"": 75.0}",7,True,active,0.102693,1.949466,0.098638,35.0,155.0,1.78,0.99,1.7,20.0,0.102693,1.761,2.21,
exp18_sensitivity,ablationsoftmin_only__ballspeed9__noplot__servebox__windowms75.0,"{""--ablation"": ""softmin_only"", ""--ball-speed"": 9, ""--no-plot"": null, ""--serve-box"": null, ""--window-ms"": 75.0}",13,True,active,0.143171,1.916528,0.140791,35.0,100.0,1.14,1.0,1.4,5.0,0.143171,0.746,1.6,
exp18_sensitivity,ablationsoftmin_only__ballspeed9__noplot__servebox__windowms75.0,"{""--ablation"": ""softmin_only"", ""--ball-speed"": 9, ""--no-plot"": null, ""--serve-box"": null, ""--window-ms"": 75.0}",6,True,active,0.101852,1.949561,0.095652,35.0,155.0,1.8,0.99,1.6,20.0,0.101852,1.742,2.32,
exp18_sensitivity,ablationsoftmin_only__ballspeed9__noplot__servebox__windowms75.0,"{""--ablation"": ""softmin_only"", ""--ball-speed"": 9, ""--no-plot"": null, ""--serve-box"": null, ""--window-ms"": 75.0}",15,True,active,0.108297,1.950195,0.10011,0.0,0.0,1.77,0.98,2.1,15.0,0.108297,1.775,1.62,
exp18_sensitivity,ablationsoftmin_only__ballspeed9__noplot__servebox__windowms75.0,"{""--ablation"": ""softmin_only"", ""--ball-speed"": 9, ""--no-plot"": null, ""--serve-box"": null, ""--window-ms"": 75.0}",16,True,active,0.065409,1.976202,0.058801,5.0,70.0,1.63,1.0,1.6,15.0,0.065409,1.347,1.48,
exp18_sensitivity,ablationsoftmin_only__ballspeed9__noplot__servebox__windowms75.0,"{""--ablation"": ""softmin_only"", ""--ball-speed"": 9, ""--no-plot"": null, ""--serve-box"": null, ""--window-ms"": 75.0}",17,True,active,0.084584,1.933899,0.081288,45.0,155.0,1.4,1.0,1.3,5.0,0.084584,0.55,1.45,
exp18_sensitivity,ablationsoftmin_only__ballspeed9__noplot__servebox__windowms75.0,"{""--ablation"": ""softmin_only"", ""--ball-speed"": 9, ""--no-plot"": null, ""--serve-box"": null, ""--window-ms"": 75.0}",3,True,active,0.136364,1.915635,0.123042,35.0,125.0,1.75,1.0,1.7,25.0,0.136364,1.543,3.06,
exp18_sensitivity,ablationsoftmin_only__ballspeed9__noplot__servebox__windowms75.0,"{""--ablation"": ""softmin_only"", ""--ball-speed"": 9, ""--no-plot"": null, ""--serve-box"": null, ""--window-ms"": 75.0}",14,True,active,0.085752,1.98576,0.085752,40.0,155.0,1.79,1.0,1.4,15.0,0.085752,1.757,2.16,
exp18_sensitivity,ablationsoftmin_only__ballspeed9__noplot__servebox__windowms75.0,"{""--ablation"": ""softmin_only"", ""--ball-speed"": 9, ""--no-plot"": null, ""--serve-box"": null, ""--window-ms"": 75.0}",18,True,active,0.114785,1.992625,0.114785,30.0,155.0,1.81,0.99,1.9,20.0,0.114785,1.653,1.68,
exp18_sensitivity,ablationsoftmin_only__ballspeed9__noplot__servebox__windowms75.0,"{""--ablation"": ""softmin_only"", ""--ball-speed"": 9, ""--no-plot"": null, ""--serve-box"": null, ""--window-ms"": 75.0}",8,True,active,0.144053,1.957843,0.122077,35.0,155.0,1.24,1.0,1.6,0.0,0.144053,0.473,3.07,
exp18_sensitivity,ablationsoftmin_only__ballspeed9__noplot__servebox__windowms75.0,"{""--ablation"": ""softmin_only"", ""--ball-speed"": 9, ""--no-plot"": null, ""--serve-box"": null, ""--window-ms"": 75.0}",12,True,active,0.073309,1.951965,0.073309,40.0,155.0,1.8,0.99,1.8,20.0,0.073309,1.781,2.84,
exp18_sensitivity,ablationsoftmin_only__ballspeed9__noplot__servebox__windowms75.0,"{""--ablation"": ""softmin_only"", ""--ball-speed"": 9, ""--no-plot"": null, ""--serve-box"": null, ""--window-ms"": 75.0}",23,True,active,0.10577,1.94775,0.10577,35.0,155.0,1.78,0.99,1.9,15.0,0.10577,1.696,1.46,
exp18_sensitivity,ablationsoftmin_only__ballspeed9__noplot__servebox__windowms75.0,"{""--ablation"": ""softmin_only"", ""--ball-speed"": 9, ""--no-plot"": null, ""--serve-box"": null, ""--window-ms"": 75.0}",24,False,miss,0.31935,1.934235,0.130031,0.0,15.0,1.76,1.0,1.7,0.0,0.31935,0.0,1.51,
exp18_sensitivity,ablationsoftmin_only__ballspeed9__noplot__servebox__windowms75.0,"{""--ablation"": ""softmin_only"", ""--ball-speed"": 9, ""--no-plot"": null, ""--serve-box"": null, ""--window-ms"": 75.0}",27,True,active,0.034768,1.914805,0.034768,40.0,155.0,1.48,1.0,1.7,10.0,0.034768,0.754,1.52,
exp18_sensitivity,ablationsoftmin_only__ballspeed9__noplot__servebox__windowms75.0,"{""--ablation"": ""softmin_only"", ""--ball-speed"": 9, ""--no-plot"": null, ""--serve-box"": null, ""--window-ms"": 75.0}",28,True,active,0.101673,1.934764,0.08609,0.0,0.0,1.79,0.98,1.6,20.0,0.101673,1.745,1.53,
exp18_sensitivity,ablationsoftmin_only__ballspeed9__noplot__servebox__windowms75.0,"{""--ablation"": ""softmin_only"", ""--ball-speed"": 9, ""--no-plot"": null, ""--serve-box"": null, ""--window-ms"": 75.0}",19,True,active,0.113456,1.937541,0.099306,0.0,0.0,1.78,0.99,2.0,25.0,0.113456,1.64,2.39,
exp18_sensitivity,ablationsoftmin_only__ballspeed9__noplot__servebox__windowms75.0,"{""--ablation"": ""softmin_only"", ""--ball-speed"": 9, ""--no-plot"": null, ""--serve-box"": null, ""--window-ms"": 75.0}",32,True,active,0.102336,1.943804,0.089879,45.0,155.0,1.74,1.0,1.7,15.0,0.102336,1.74,1.46,
exp18_sensitivity,ablationsoftmin_only__ballspeed9__noplot__servebox__windowms75.0,"{""--ablation"": ""softmin_only"", ""--ball-speed"": 9, ""--no-plot"": null, ""--serve-box"": null, ""--window-ms"": 75.0}",29,True,active,0.106484,1.908637,0.103471,35.0,155.0,0.99,1.0,1.2,5.0,0.106484,0.363,1.7,
exp18_sensitivity,ablationsoftmin_only__ballspeed9__noplot__servebox__windowms75.0,"{""--ablation"": ""softmin_only"", ""--ball-speed"": 9, ""--no-plot"": null, ""--serve-box"": null, ""--window-ms"": 75.0}",26,True,active,0.093695,1.948249,0.093695,40.0,155.0,1.8,1.0,1.6,20.0,0.093695,1.532,2.02,
exp18_sensitivity,ablationsoftmin_only__ballspeed9__noplot__servebox__windowms75.0,"{""--ablation"": ""softmin_only"", ""--ball-speed"": 9, ""--no-plot"": null, ""--serve-box"": null, ""--window-ms"": 75.0}",34,True,active,0.090987,1.983368,0.090987,30.0,155.0,1.81,1.0,1.7,20.0,0.090987,1.661,1.51,
exp18_sensitivity,ablationsoftmin_only__ballspeed9__noplot__servebox__windowms75.0,"{""--ablation"": ""softmin_only"", ""--ball-speed"": 9, ""--no-plot"": null, ""--serve-box"": null, ""--window-ms"": 75.0}",22,True,active,0.103354,1.918014,0.064216,0.0,0.0,1.8,1.0,1.8,25.0,0.103354,1.782,2.66,
exp18_sensitivity,ablationsoftmin_only__ballspeed9__noplot__servebox__windowms75.0,"{""--ablation"": ""softmin_only"", ""--ball-speed"": 9, ""--no-plot"": null, ""--serve-box"": null, ""--window-ms"": 75.0}",35,True,active,0.113393,1.959297,0.104403,40.0,130.0,1.79,0.99,1.7,20.0,0.113393,1.656,1.52,
exp18_sensitivity,ablationsoftmin_only__ballspeed9__noplot__servebox__windowms75.0,"{""--ablation"": ""softmin_only"", ""--ball-speed"": 9, ""--no-plot"": null, ""--serve-box"": null, ""--window-ms"": 75.0}",36,True,active,0.115858,1.931859,0.113812,35.0,155.0,1.79,1.0,1.8,10.0,0.115858,1.403,1.44,
exp18_sensitivity,ablationsoftmin_only__ballspeed9__noplot__servebox__windowms75.0,"{""--ablation"": ""softmin_only"", ""--ball-speed"": 9, ""--no-plot"": null, ""--serve-box"": null, ""--window-ms"": 75.0}",30,True,active,0.071285,1.94592,0.051287,0.0,0.0,1.79,0.98,1.7,20.0,0.071285,1.784,2.54,
exp18_sensitivity,ablationsoftmin_only__ballspeed9__noplot__servebox__windowms75.0,"{""--ablation"": ""softmin_only"", ""--ball-speed"": 9, ""--no-plot"": null, ""--serve-box"": null, ""--window-ms"": 75.0}",31,False,miss,0.355259,1.968782,0.153555,25.0,0.0,1.5,0.99,1.4,0.0,0.355259,0.0,2.49,
exp18_sensitivity,ablationsoftmin_only__ballspeed9__noplot__servebox__windowms75.0,"{""--ablation"": ""softmin_only"", ""--ball-speed"": 9, ""--no-plot"": null, ""--serve-box"": null, ""--window-ms"": 75.0}",25,False,miss,0.334178,1.933358,0.201624,0.0,0.0,1.37,0.99,1.6,0.0,0.334178,0.0,3.05,
exp18_sensitivity,ablationsoftmin_only__ballspeed9__noplot__servebox__windowms75.0,"{""--ablation"": ""softmin_only"", ""--ball-speed"": 9, ""--no-plot"": null, ""--serve-box"": null, ""--window-ms"": 75.0}",39,True,active,0.091562,1.913835,0.091562,40.0,155.0,1.8,0.99,2.0,10.0,0.091562,1.773,1.46,
exp18_sensitivity,ablationsoftmin_only__ballspeed9__noplot__servebox__windowms75.0,"{""--ablation"": ""softmin_only"", ""--ball-speed"": 9, ""--no-plot"": null, ""--serve-box"": null, ""--window-ms"": 75.0}",41,True,active,0.056175,1.99712,0.034779,40.0,155.0,1.8,1.0,2.1,5.0,0.056175,1.348,1.48,
exp18_sensitivity,ablationsoftmin_only__ballspeed9__noplot__servebox__windowms75.0,"{""--ablation"": ""softmin_only"", ""--ball-speed"": 9, ""--no-plot"": null, ""--serve-box"": null, ""--window-ms"": 75.0}",33,True,active,0.110297,1.972966,0.110297,35.0,155.0,1.79,0.98,2.0,15.0,0.110297,1.783,2.56,
exp18_sensitivity,ablationsoftmin_only__ballspeed9__noplot__servebox__windowms75.0,"{""--ablation"": ""softmin_only"", ""--ball-speed"": 9, ""--no-plot"": null, ""--serve-box"": null, ""--window-ms"": 75.0}",40,True,active,0.073123,1.977508,0.073123,40.0,155.0,1.81,0.98,1.7,15.0,0.073123,1.732,1.64,
exp18_sensitivity,ablationsoftmin_only__ballspeed9__noplot__servebox__windowms75.0,"{""--ablation"": ""softmin_only"", ""--ball-speed"": 9, ""--no-plot"": null, ""--serve-box"": null, ""--window-ms"": 75.0}",43,True,active,0.115631,1.944806,0.113097,35.0,155.0,1.8,1.0,1.8,25.0,0.115631,1.395,1.44,
exp18_sensitivity,ablationsoftmin_only__ballspeed9__noplot__servebox__windowms75.0,"{""--ablation"": ""softmin_only"", ""--ball-speed"": 9, ""--no-plot"": null, ""--serve-box"": null, ""--window-ms"": 75.0}",44,True,active,0.129566,1.964778,0.121275,40.0,155.0,1.83,1.0,2.2,20.0,0.129566,1.757,1.49,
exp18_sensitivity,ablationsoftmin_only__ballspeed9__noplot__servebox__windowms75.0,"{""--ablation"": ""softmin_only"", ""--ball-speed"": 9, ""--no-plot"": null, ""--serve-box"": null, ""--window-ms"": 75.0}",45,True,active,0.109188,1.972797,0.108132,35.0,155.0,1.81,1.0,1.8,20.0,0.109188,1.799,1.55,
exp18_sensitivity,ablationsoftmin_only__ballspeed9__noplot__servebox__windowms75.0,"{""--ablation"": ""softmin_only"", ""--ball-speed"": 9, ""--no-plot"": null, ""--serve-box"": null, ""--window-ms"": 75.0}",38,True,active,0.089315,1.985162,0.089315,30.0,155.0,1.81,1.0,1.7,20.0,0.089315,1.452,2.56,
exp18_sensitivity,ablationsoftmin_only__ballspeed9__noplot__servebox__windowms75.0,"{""--ablation"": ""softmin_only"", ""--ball-speed"": 9, ""--no-plot"": null, ""--serve-box"": null, ""--window-ms"": 75.0}",46,True,active,0.108509,1.968238,0.104567,35.0,155.0,1.34,0.99,1.4,10.0,0.108509,1.098,1.69,
exp18_sensitivity,ablationsoftmin_only__ballspeed9__noplot__servebox__windowms75.0,"{""--ablation"": ""softmin_only"", ""--ball-speed"": 9, ""--no-plot"": null, ""--serve-box"": null, ""--window-ms"": 75.0}",37,True,active,0.139205,1.965343,0.125334,35.0,90.0,1.65,1.0,1.7,20.0,0.139205,1.298,3.05,
exp18_sensitivity,ablationsoftmin_only__ballspeed9__noplot__servebox__windowms75.0,"{""--ablation"": ""softmin_only"", ""--ball-speed"": 9, ""--no-plot"": null, ""--serve-box"": null, ""--window-ms"": 75.0}",52,True,active,0.083158,1.959336,0.078359,35.0,150.0,1.8,0.99,1.5,20.0,0.083158,1.743,1.42,
exp18_sensitivity,ablationsoftmin_only__ballspeed9__noplot__servebox__windowms75.0,"{""--ablation"": ""softmin_only"", ""--ball-speed"": 9, ""--no-plot"": null, ""--serve-box"": null, ""--window-ms"": 75.0}",51,True,active,0.112968,1.953826,0.099565,40.0,140.0,1.68,1.0,1.8,15.0,0.112968,1.562,1.51,
exp18_sensitivity,ablationsoftmin_only__ballspeed9__noplot__servebox__windowms75.0,"{""--ablation"": ""softmin_only"", ""--ball-speed"": 9, ""--no-plot"": null, ""--serve-box"": null, ""--window-ms"": 75.0}",42,True,active,0.094911,1.966659,0.094911,35.0,135.0,1.81,1.0,1.7,20.0,0.094911,1.537,2.72,
exp18_sensitivity,ablationsoftmin_only__ballspeed9__noplot__servebox__windowms75.0,"{""--ablation"": ""softmin_only"", ""--ball-speed"": 9, ""--no-plot"": null, ""--serve-box"": null, ""--window-ms"": 75.0}",53,True,active,0.043133,1.938171,0.043133,40.0,155.0,1.41,1.0,1.5,10.0,0.043133,0.467,1.58,
exp18_sensitivity,ablationsoftmin_only__ballspeed9__noplot__servebox__windowms75.0,"{""--ablation"": ""softmin_only"", ""--ball-speed"": 9, ""--no-plot"": null, ""--serve-box"": null, ""--window-ms"": 75.0}",54,True,active,0.026602,2.002052,0.026602,0.0,65.0,1.83,0.99,1.8,25.0,0.026602,1.798,1.65,
exp18_sensitivity,ablationsoftmin_only__ballspeed9__noplot__servebox__windowms75.0,"{""--ablation"": ""softmin_only"", ""--ball-speed"": 9, ""--no-plot"": null, ""--serve-box"": null, ""--window-ms"": 75.0}",50,True,active,0.11287,1.948745,0.106058,30.0,95.0,1.81,1.0,2.1,20.0,0.11287,1.724,2.05,
exp18_sensitivity,ablationsoftmin_only__ballspeed9__noplot__servebox__windowms75.0,"{""--ablation"": ""softmin_only"", ""--ball-speed"": 9, ""--no-plot"": null, ""--serve-box"": null, ""--window-ms"": 75.0}",56,False,miss,0.368242,1.958887,0.14745,0.0,0.0,1.79,1.0,2.0,0.0,0.368242,0.0,1.54,
exp18_sensitivity,ablationsoftmin_only__ballspeed9__noplot__servebox__windowms75.0,"{""--ablation"": ""softmin_only"", ""--ball-speed"": 9, ""--no-plot"": null, ""--serve-box"": null, ""--window-ms"": 75.0}",48,True,active,0.105045,1.942427,0.099419,35.0,155.0,1.79,1.0,1.7,20.0,0.105045,1.75,2.35,
exp18_sensitivity,ablationsoftmin_only__ballspeed9__noplot__servebox__windowms75.0,"{""--ablation"": ""softmin_only"", ""--ball-speed"": 9, ""--no-plot"": null, ""--serve-box"": null, ""--window-ms"": 75.0}",57,True,active,0.097783,1.972986,0.092844,0.0,0.0,1.8,0.93,2.0,20.0,0.097783,1.789,1.72,
exp18_sensitivity,ablationsoftmin_only__ballspeed9__noplot__servebox__windowms75.0,"{""--ablation"": ""softmin_only"", ""--ball-speed"": 9, ""--no-plot"": null, ""--serve-box"": null, ""--window-ms"": 75.0}",47,True,active,0.064985,1.887022,0.064985,50.0,155.0,1.52,0.98,1.6,10.0,0.064985,1.116,2.85,
exp18_sensitivity,ablationsoftmin_only__ballspeed9__noplot__servebox__windowms75.0,"{""--ablation"": ""softmin_only"", ""--ball-speed"": 9, ""--no-plot"": null, ""--serve-box"": null, ""--window-ms"": 75.0}",55,True,active,0.088314,1.991799,0.082141,40.0,135.0,1.8,0.96,1.9,20.0,0.088314,1.797,2.34,
exp18_sensitivity,ablationsoftmin_only__ballspeed9__noplot__servebox__windowms75.0,"{""--ablation"": ""softmin_only"", ""--ball-speed"": 9, ""--no-plot"": null, ""--serve-box"": null, ""--window-ms"": 75.0}",49,True,active,0.091449,1.949414,0.084788,45.0,155.0,1.78,0.99,1.9,20.0,0.091449,1.743,2.84,
exp18_sensitivity,ablationsoftmin_only__ballspeed9__noplot__servebox__windowms75.0,"{""--ablation"": ""softmin_only"", ""--ball-speed"": 9, ""--no-plot"": null, ""--serve-box"": null, ""--window-ms"": 75.0}",59,True,active,0.096787,1.962974,0.089674,35.0,105.0,1.79,1.0,1.8,25.0,0.096787,1.79,1.9,
exp18_sensitivity,ablationsoftmin_only__ballspeed9__noplot__servebox__windowms75.0,"{""--ablation"": ""softmin_only"", ""--ball-speed"": 9, ""--no-plot"": null, ""--serve-box"": null, ""--window-ms"": 75.0}",62,True,active,0.095273,1.973723,0.092454,35.0,155.0,1.8,0.99,1.8,20.0,0.095273,1.673,1.66,
exp18_sensitivity,ablationsoftmin_only__ballspeed9__noplot__servebox__windowms75.0,"{""--ablation"": ""softmin_only"", ""--ball-speed"": 9, ""--no-plot"": null, ""--serve-box"": null, ""--window-ms"": 75.0}",63,True,active,0.072817,1.982574,0.072817,40.0,155.0,1.81,1.0,1.5,20.0,0.072817,1.57,1.79,
exp18_sensitivity,ablationsoftmin_only__ballspeed9__noplot__servebox__windowms75.0,"{""--ablation"": ""softmin_only"", ""--ball-speed"": 9, ""--no-plot"": null, ""--serve-box"": null, ""--window-ms"": 75.0}",66,True,active,0.124686,1.952174,0.112218,40.0,125.0,1.8,1.0,1.8,20.0,0.124686,1.52,1.56,
exp18_sensitivity,ablationsoftmin_only__ballspeed9__noplot__servebox__windowms75.0,"{""--ablation"": ""softmin_only"", ""--ball-speed"": 9, ""--no-plot"": null, ""--serve-box"": null, ""--window-ms"": 75.0}",60,True,active,0.127872,1.958513,0.126691,35.0,140.0,1.8,1.0,1.9,20.0,0.127872,1.57,2.39,
exp18_sensitivity,ablationsoftmin_only__ballspeed9__noplot__servebox__windowms75.0,"{""--ablation"": ""softmin_only"", ""--ball-speed"": 9, ""--no-plot"": null, ""--serve-box"": null, ""--window-ms"": 75.0}",58,True,active,0.077252,1.896829,0.07613,45.0,155.0,1.4,1.0,1.8,15.0,0.077252,1.252,2.79,
exp18_sensitivity,ablationsoftmin_only__ballspeed9__noplot__servebox__windowms75.0,"{""--ablation"": ""softmin_only"", ""--ball-speed"": 9, ""--no-plot"": null, ""--serve-box"": null, ""--window-ms"": 75.0}",67,True,active,0.073771,1.954488,0.073771,35.0,145.0,1.78,0.99,1.8,15.0,0.073771,1.568,1.66,
exp18_sensitivity,ablationsoftmin_only__ballspeed9__noplot__servebox__windowms75.0,"{""--ablation"": ""softmin_only"", ""--ball-speed"": 9, ""--no-plot"": null, ""--serve-box"": null, ""--window-ms"": 75.0}",68,True,active,0.071333,1.922423,0.064737,45.0,155.0,1.62,1.0,1.1,5.0,0.071333,1.194,1.73,
exp18_sensitivity,ablationsoftmin_only__ballspeed9__noplot__servebox__windowms75.0,"{""--ablation"": ""softmin_only"", ""--ball-speed"": 9, ""--no-plot"": null, ""--serve-box"": null, ""--window-ms"": 75.0}",61,True,active,0.114318,1.984063,0.114318,30.0,155.0,1.81,1.0,1.6,20.0,0.114318,1.692,2.33,
exp18_sensitivity,ablationsoftmin_only__ballspeed9__noplot__servebox__windowms75.0,"{""--ablation"": ""softmin_only"", ""--ball-speed"": 9, ""--no-plot"": null, ""--serve-box"": null, ""--window-ms"": 75.0}",70,True,active,0.082875,1.983895,0.082875,40.0,155.0,1.79,1.0,1.7,20.0,0.082875,1.761,1.74,
exp18_sensitivity,ablationsoftmin_only__ballspeed9__noplot__servebox__windowms75.0,"{""--ablation"": ""softmin_only"", ""--ball-speed"": 9, ""--no-plot"": null, ""--serve-box"": null, ""--window-ms"": 75.0}",72,True,active,0.074501,1.984458,0.074501,40.0,155.0,1.79,0.99,1.8,15.0,0.074501,1.748,1.64,
exp18_sensitivity,ablationsoftmin_only__ballspeed9__noplot__servebox__windowms75.0,"{""--ablation"": ""softmin_only"", ""--ball-speed"": 9, ""--no-plot"": null, ""--serve-box"": null, ""--window-ms"": 75.0}",73,True,active,0.140882,1.988806,0.136042,35.0,145.0,1.73,0.99,1.5,20.0,0.140882,1.456,1.59,
exp18_sensitivity,ablationsoftmin_only__ballspeed9__noplot__servebox__windowms75.0,"{""--ablation"": ""softmin_only"", ""--ball-speed"": 9, ""--no-plot"": null, ""--serve-box"": null, ""--window-ms"": 75.0}",69,True,active,0.118332,1.974652,0.111439,35.0,155.0,1.79,0.99,1.8,20.0,0.118332,1.752,2.33,
exp18_sensitivity,ablationsoftmin_only__ballspeed9__noplot__servebox__windowms75.0,"{""--ablation"": ""softmin_only"", ""--ball-speed"": 9, ""--no-plot"": null, ""--serve-box"": null, ""--window-ms"": 75.0}",71,True,active,0.126612,1.976013,0.126612,20.0,105.0,1.78,1.0,1.9,25.0,0.126612,1.555,2.02,
exp18_sensitivity,ablationsoftmin_only__ballspeed9__noplot__servebox__windowms75.0,"{""--ablation"": ""softmin_only"", ""--ball-speed"": 9, ""--no-plot"": null, ""--serve-box"": null, ""--window-ms"": 75.0}",64,True,active,0.128042,1.958688,0.118029,35.0,130.0,1.81,0.99,1.6,20.0,0.128042,1.687,2.87,
exp18_sensitivity,ablationsoftmin_only__ballspeed9__noplot__servebox__windowms75.0,"{""--ablation"": ""softmin_only"", ""--ball-speed"": 9, ""--no-plot"": null, ""--serve-box"": null, ""--window-ms"": 75.0}",74,True,active,0.102079,1.949042,0.092375,40.0,155.0,1.8,0.99,1.8,20.0,0.102079,1.612,1.72,
exp18_sensitivity,ablationsoftmin_only__ballspeed9__noplot__servebox__windowms75.0,"{""--ablation"": ""softmin_only"", ""--ball-speed"": 9, ""--no-plot"": null, ""--serve-box"": null, ""--window-ms"": 75.0}",65,True,active,0.092845,1.99361,0.092845,30.0,155.0,1.82,1.0,1.8,20.0,0.092845,1.775,3.04,
exp18_sensitivity,ablationsoftmin_only__ballspeed9__noplot__servebox__windowms75.0,"{""--ablation"": ""softmin_only"", ""--ball-speed"": 9, ""--no-plot"": null, ""--serve-box"": null, ""--window-ms"": 75.0}",76,True,active,0.084506,1.911595,0.079259,0.0,0.0,1.68,0.99,1.8,15.0,0.084506,1.582,1.5,
exp18_sensitivity,ablationsoftmin_only__ballspeed9__noplot__servebox__windowms75.0,"{""--ablation"": ""softmin_only"", ""--ball-speed"": 9, ""--no-plot"": null, ""--serve-box"": null, ""--window-ms"": 75.0}",77,True,active,0.092238,1.911211,0.08295,40.0,155.0,1.48,1.0,1.4,15.0,0.092238,1.407,1.53,
exp18_sensitivity,ablationsoftmin_only__ballspeed9__noplot__servebox__windowms75.0,"{""--ablation"": ""softmin_only"", ""--ball-speed"": 9, ""--no-plot"": null, ""--serve-box"": null, ""--window-ms"": 75.0}",79,True,active,0.109749,1.943225,0.078906,25.0,85.0,1.79,0.99,1.6,20.0,0.109749,1.751,1.8,
exp18_sensitivity,ablationsoftmin_only__ballspeed9__noplot__servebox__windowms75.0,"{""--ablation"": ""softmin_only"", ""--ball-speed"": 9, ""--no-plot"": null, ""--serve-box"": null, ""--window-ms"": 75.0}",83,True,active,0.106132,1.987813,0.106132,40.0,155.0,1.59,1.0,1.5,15.0,0.106132,1.425,1.56,
exp18_sensitivity,ablationsoftmin_only__ballspeed9__noplot__servebox__windowms75.0,"{""--ablation"": ""softmin_only"", ""--ball-speed"": 9, ""--no-plot"": null, ""--serve-box"": null, ""--window-ms"": 75.0}",84,True,active,0.076655,1.959534,0.070055,40.0,155.0,1.8,1.0,1.8,20.0,0.076655,1.718,1.45,
exp18_sensitivity,ablationsoftmin_only__ballspeed9__noplot__servebox__windowms75.0,"{""--ablation"": ""softmin_only"", ""--ball-speed"": 9, ""--no-plot"": null, ""--serve-box"": null, ""--window-ms"": 75.0}",82,True,active,0.093201,1.964045,0.093201,30.0,155.0,1.81,0.99,1.7,20.0,0.093201,1.711,2.1,
exp18_sensitivity,ablationsoftmin_only__ballspeed9__noplot__servebox__windowms75.0,"{""--ablation"": ""softmin_only"", ""--ball-speed"": 9, ""--no-plot"": null, ""--serve-box"": null, ""--window-ms"": 75.0}",86,True,active,0.084805,1.952287,0.084805,40.0,155.0,1.78,1.0,1.8,15.0,0.084805,1.657,1.49,
exp18_sensitivity,ablationsoftmin_only__ballspeed9__noplot__servebox__windowms75.0,"{""--ablation"": ""softmin_only"", ""--ball-speed"": 9, ""--no-plot"": null, ""--serve-box"": null, ""--window-ms"": 75.0}",88,True,active,0.101654,1.967029,0.101654,35.0,155.0,1.8,0.99,2.0,20.0,0.101654,1.669,1.41,
exp18_sensitivity,ablationsoftmin_only__ballspeed9__noplot__servebox__windowms75.0,"{""--ablation"": ""softmin_only"", ""--ball-speed"": 9, ""--no-plot"": null, ""--serve-box"": null, ""--window-ms"": 75.0}",75,True,active,0.12734,1.946594,0.126058,35.0,155.0,1.3,0.99,1.5,5.0,0.12734,0.788,2.87,
exp18_sensitivity,ablationsoftmin_only__ballspeed9__noplot__servebox__windowms75.0,"{""--ablation"": ""softmin_only"", ""--ball-speed"": 9, ""--no-plot"": null, ""--serve-box"": null, ""--window-ms"": 75.0}",87,True,active,0.132261,1.950591,0.121874,35.0,125.0,1.78,0.99,1.9,20.0,0.132261,1.465,1.61,
exp18_sensitivity,ablationsoftmin_only__ballspeed9__noplot__servebox__windowms75.0,"{""--ablation"": ""softmin_only"", ""--ball-speed"": 9, ""--no-plot"": null, ""--serve-box"": null, ""--window-ms"": 75.0}",89,True,active,0.079683,1.937969,0.079683,40.0,155.0,1.79,0.97,1.8,15.0,0.079683,1.784,1.59,
exp18_sensitivity,ablationsoftmin_only__ballspeed9__noplot__servebox__windowms75.0,"{""--ablation"": ""softmin_only"", ""--ball-speed"": 9, ""--no-plot"": null, ""--serve-box"": null, ""--window-ms"": 75.0}",91,True,active,0.006856,1.964643,0.006856,55.0,155.0,1.6,1.0,1.5,5.0,0.006856,0.674,1.44,
exp18_sensitivity,ablationsoftmin_only__ballspeed9__noplot__servebox__windowms75.0,"{""--ablation"": ""softmin_only"", ""--ball-speed"": 9, ""--no-plot"": null, ""--serve-box"": null, ""--window-ms"": 75.0}",78,True,active,0.087023,1.93995,0.083849,35.0,155.0,1.8,0.99,1.8,20.0,0.087023,1.635,3.0,
exp18_sensitivity,ablationsoftmin_only__ballspeed9__noplot__servebox__windowms75.0,"{""--ablation"": ""softmin_only"", ""--ball-speed"": 9, ""--no-plot"": null, ""--serve-box"": null, ""--window-ms"": 75.0}",80,True,active,0.030953,1.933759,0.030953,50.0,155.0,1.81,1.0,1.5,10.0,0.030953,0.789,3.01,
exp18_sensitivity,ablationsoftmin_only__ballspeed9__noplot__servebox__windowms75.0,"{""--ablation"": ""softmin_only"", ""--ball-speed"": 9, ""--no-plot"": null, ""--serve-box"": null, ""--window-ms"": 75.0}",81,True,active,0.071023,1.982943,0.071023,35.0,155.0,1.79,1.0,1.8,20.0,0.071023,1.411,3.01,
exp18_sensitivity,ablationsoftmin_only__ballspeed9__noplot__servebox__windowms75.0,"{""--ablation"": ""softmin_only"", ""--ball-speed"": 9, ""--no-plot"": null, ""--serve-box"": null, ""--window-ms"": 75.0}",92,True,active,0.106301,1.956975,0.087002,40.0,155.0,1.79,1.0,1.9,30.0,0.106301,1.716,1.88,
exp18_sensitivity,ablationsoftmin_only__ballspeed9__noplot__servebox__windowms75.0,"{""--ablation"": ""softmin_only"", ""--ball-speed"": 9, ""--no-plot"": null, ""--serve-box"": null, ""--window-ms"": 75.0}",93,True,active,0.095907,1.937913,0.085582,45.0,155.0,1.79,0.99,2.1,15.0,0.095907,1.731,1.57,
exp18_sensitivity,ablationsoftmin_only__ballspeed9__noplot__servebox__windowms75.0,"{""--ablation"": ""softmin_only"", ""--ball-speed"": 9, ""--no-plot"": null, ""--serve-box"": null, ""--window-ms"": 75.0}",90,True,active,0.087297,1.974534,0.085874,40.0,155.0,1.81,0.96,2.1,15.0,0.087297,1.806,2.27,
exp18_sensitivity,ablationsoftmin_only__ballspeed9__noplot__servebox__windowms75.0,"{""--ablation"": ""softmin_only"", ""--ball-speed"": 9, ""--no-plot"": null, ""--serve-box"": null, ""--window-ms"": 75.0}",94,True,active,0.094843,1.978892,0.094843,35.0,150.0,1.8,0.97,1.8,20.0,0.094843,1.744,1.52,
exp18_sensitivity,ablationsoftmin_only__ballspeed9__noplot__servebox__windowms75.0,"{""--ablation"": ""softmin_only"", ""--ball-speed"": 9, ""--no-plot"": null, ""--serve-box"": null, ""--window-ms"": 75.0}",85,True,active,0.076236,1.966507,0.074221,40.0,155.0,1.8,0.99,1.6,10.0,0.076236,1.656,2.81,
exp18_sensitivity,ablationsoftmin_only__ballspeed9__noplot__servebox__windowms75.0,"{""--ablation"": ""softmin_only"", ""--ball-speed"": 9, ""--no-plot"": null, ""--serve-box"": null, ""--window-ms"": 75.0}",95,True,active,0.100277,1.933371,0.086379,40.0,155.0,1.76,0.99,1.8,25.0,0.100277,1.546,1.43,
exp18_sensitivity,ablationsoftmin_only__ballspeed9__noplot__servebox__windowms75.0,"{""--ablation"": ""softmin_only"", ""--ball-speed"": 9, ""--no-plot"": null, ""--serve-box"": null, ""--window-ms"": 75.0}",96,True,active,0.083002,1.980057,0.077248,35.0,155.0,1.81,0.94,1.8,20.0,0.083002,1.739,1.54,
exp18_sensitivity,ablationsoftmin_only__ballspeed9__noplot__servebox__windowms75.0,"{""--ablation"": ""softmin_only"", ""--ball-speed"": 9, ""--no-plot"": null, ""--serve-box"": null, ""--window-ms"": 75.0}",98,True,active,0.085684,1.932208,0.056169,0.0,0.0,1.79,0.99,1.4,20.0,0.085684,1.706,1.45,
exp18_sensitivity,ablationsoftmin_only__ballspeed9__noplot__servebox__windowms75.0,"{""--ablation"": ""softmin_only"", ""--ball-speed"": 9, ""--no-plot"": null, ""--serve-box"": null, ""--window-ms"": 75.0}",100,True,active,0.081013,1.985073,0.076399,40.0,155.0,1.8,0.98,1.8,20.0,0.081013,1.778,1.54,
exp18_sensitivity,ablationsoftmin_only__ballspeed9__noplot__servebox__windowms75.0,"{""--ablation"": ""softmin_only"", ""--ball-speed"": 9, ""--no-plot"": null, ""--serve-box"": null, ""--window-ms"": 75.0}",101,True,active,0.12413,1.971669,0.121516,30.0,135.0,1.8,1.0,1.6,20.0,0.12413,1.553,1.67,
exp18_sensitivity,ablationsoftmin_only__ballspeed9__noplot__servebox__windowms75.0,"{""--ablation"": ""softmin_only"", ""--ball-speed"": 9, ""--no-plot"": null, ""--serve-box"": null, ""--window-ms"": 75.0}",99,True,active,0.12259,1.963722,0.117563,35.0,155.0,1.8,1.0,1.8,20.0,0.12259,1.802,1.96,
exp18_sensitivity,ablationsoftmin_only__ballspeed9__noplot__servebox__windowms75.0,"{""--ablation"": ""softmin_only"", ""--ball-speed"": 9, ""--no-plot"": null, ""--serve-box"": null, ""--window-ms"": 75.0}",102,True,active,0.066594,1.983767,0.06629,45.0,155.0,1.8,0.99,1.6,15.0,0.066594,1.721,1.89,
exp18_sensitivity,ablationsoftmin_only__ballspeed9__noplot__servebox__windowms75.0,"{""--ablation"": ""softmin_only"", ""--ball-speed"": 9, ""--no-plot"": null, ""--serve-box"": null, ""--window-ms"": 75.0}",107,True,active,0.110176,1.983086,0.110176,35.0,155.0,1.8,1.0,2.1,20.0,0.110176,1.78,1.49,
exp18_sensitivity,ablationsoftmin_only__ballspeed9__noplot__servebox__windowms75.0,"{""--ablation"": ""softmin_only"", ""--ball-speed"": 9, ""--no-plot"": null, ""--serve-box"": null, ""--window-ms"": 75.0}",106,False,miss,0.411209,1.95627,0.134383,0.0,5.0,1.8,0.98,1.8,0.0,0.411209,0.0,1.74,
exp18_sensitivity,ablationsoftmin_only__ballspeed9__noplot__servebox__windowms75.0,"{""--ablation"": ""softmin_only"", ""--ball-speed"": 9, ""--no-plot"": null, ""--serve-box"": null, ""--window-ms"": 75.0}",109,True,active,0.076877,1.997565,0.074276,40.0,155.0,1.81,0.99,1.5,20.0,0.076877,1.799,1.49,
exp18_sensitivity,ablationsoftmin_only__ballspeed9__noplot__servebox__windowms75.0,"{""--ablation"": ""softmin_only"", ""--ball-speed"": 9, ""--no-plot"": null, ""--serve-box"": null, ""--window-ms"": 75.0}",108,True,active,0.108949,1.992505,0.101552,40.0,155.0,1.8,0.98,2.1,20.0,0.108949,1.274,1.55,
exp18_sensitivity,ablationsoftmin_only__ballspeed9__noplot__servebox__windowms75.0,"{""--ablation"": ""softmin_only"", ""--ball-speed"": 9, ""--no-plot"": null, ""--serve-box"": null, ""--window-ms"": 75.0}",121,,,,,,,,,,,,,,0.21,no_result
exp18_sensitivity,ablationsoftmin_only__ballspeed9__noplot__servebox__windowms75.0,"{""--ablation"": ""softmin_only"", ""--ball-speed"": 9, ""--no-plot"": null, ""--serve-box"": null, ""--window-ms"": 75.0}",97,True,active,0.131879,1.974839,0.122392,30.0,110.0,1.79,1.0,1.9,20.0,0.131879,1.681,3.02,
exp18_sensitivity,ablationsoftmin_only__ballspeed9__noplot__servebox__windowms75.0,"{""--ablation"": ""softmin_only"", ""--ball-speed"": 9, ""--no-plot"": null, ""--serve-box"": null, ""--window-ms"": 75.0}",112,True,active,0.079744,1.95265,0.074159,0.0,0.0,1.8,0.93,1.6,30.0,0.079744,1.781,1.56,
exp18_sensitivity,ablationsoftmin_only__ballspeed9__noplot__servebox__windowms75.0,"{""--ablation"": ""softmin_only"", ""--ball-speed"": 9, ""--no-plot"": null, ""--serve-box"": null, ""--window-ms"": 75.0}",113,True,active,0.090365,1.957589,0.067578,0.0,0.0,1.8,1.0,1.7,20.0,0.090365,1.759,1.61,
exp18_sensitivity,ablationsoftmin_only__ballspeed9__noplot__servebox__windowms75.0,"{""--ablation"": ""softmin_only"", ""--ball-speed"": 9, ""--no-plot"": null, ""--serve-box"": null, ""--window-ms"": 75.0}",114,True,active,0.091581,1.921481,0.091581,35.0,155.0,1.8,0.99,1.5,15.0,0.091581,1.738,1.63,
exp18_sensitivity,ablationsoftmin_only__ballspeed9__noplot__servebox__windowms75.0,"{""--ablation"": ""softmin_only"", ""--ball-speed"": 9, ""--no-plot"": null, ""--serve-box"": null, ""--window-ms"": 75.0}",105,True,active,0.110889,1.973746,0.103247,40.0,155.0,1.8,0.99,1.8,20.0,0.110889,1.475,2.71,
exp18_sensitivity,ablationsoftmin_only__ballspeed9__noplot__servebox__windowms75.0,"{""--ablation"": ""softmin_only"", ""--ball-speed"": 9, ""--no-plot"": null, ""--serve-box"": null, ""--window-ms"": 75.0}",103,True,active,0.12184,1.958273,0.108105,40.0,145.0,1.79,1.0,1.7,20.0,0.12184,1.567,3.05,
exp18_sensitivity,ablationsoftmin_only__ballspeed9__noplot__servebox__windowms75.0,"{""--ablation"": ""softmin_only"", ""--ball-speed"": 9, ""--no-plot"": null, ""--serve-box"": null, ""--window-ms"": 75.0}",110,True,active,0.070703,1.971012,0.068413,35.0,155.0,1.79,0.98,1.7,25.0,0.070703,1.777,2.5,
exp18_sensitivity,ablationsoftmin_only__ballspeed9__noplot__servebox__windowms75.0,"{""--ablation"": ""softmin_only"", ""--ball-speed"": 9, ""--no-plot"": null, ""--serve-box"": null, ""--window-ms"": 75.0}",116,True,active,0.097987,1.960339,0.093402,35.0,155.0,1.8,1.0,1.7,20.0,0.097987,1.725,1.69,
exp18_sensitivity,ablationsoftmin_only__ballspeed9__noplot__servebox__windowms75.0,"{""--ablation"": ""softmin_only"", ""--ball-speed"": 9, ""--no-plot"": null, ""--serve-box"": null, ""--window-ms"": 75.0}",104,True,active,0.114976,1.966185,0.112154,35.0,155.0,1.81,0.99,1.6,20.0,0.114976,1.767,3.05,
exp18_sensitivity,ablationsoftmin_only__ballspeed9__noplot__servebox__windowms75.0,"{""--ablation"": ""softmin_only"", ""--ball-speed"": 9, ""--no-plot"": null, ""--serve-box"": null, ""--window-ms"": 75.0}",115,False,miss,0.345543,1.938724,0.102484,0.0,0.0,1.79,0.98,1.4,0.0,0.345543,0.0,1.88,
exp18_sensitivity,ablationsoftmin_only__ballspeed9__noplot__servebox__windowms75.0,"{""--ablation"": ""softmin_only"", ""--ball-speed"": 9, ""--no-plot"": null, ""--serve-box"": null, ""--window-ms"": 75.0}",111,True,active,0.109619,1.985087,0.107058,35.0,155.0,1.79,1.0,1.9,25.0,0.109619,1.795,2.92,
exp18_sensitivity,ablationsoftmin_only__ballspeed9__noplot__servebox__windowms75.0,"{""--ablation"": ""softmin_only"", ""--ball-speed"": 9, ""--no-plot"": null, ""--serve-box"": null, ""--window-ms"": 75.0}",120,True,active,0.080371,1.939425,0.080129,40.0,155.0,1.82,0.97,2.0,10.0,0.080371,1.771,1.58,
exp18_sensitivity,ablationsoftmin_only__ballspeed9__noplot__servebox__windowms75.0,"{""--ablation"": ""softmin_only"", ""--ball-speed"": 9, ""--no-plot"": null, ""--serve-box"": null, ""--window-ms"": 75.0}",118,True,active,0.062574,1.959566,0.049556,45.0,130.0,1.79,0.97,1.7,20.0,0.062574,1.78,1.82,
exp18_sensitivity,ablationsoftmin_only__ballspeed9__noplot__servebox__windowms75.0,"{""--ablation"": ""softmin_only"", ""--ball-speed"": 9, ""--no-plot"": null, ""--serve-box"": null, ""--window-ms"": 75.0}",119,True,active,0.082157,1.931792,0.082157,35.0,155.0,1.78,1.0,1.9,15.0,0.082157,1.496,1.67,
exp18_sensitivity,ablationsoftmin_only__ballspeed9__noplot__servebox__windowms75.0,"{""--ablation"": ""softmin_only"", ""--ball-speed"": 9, ""--no-plot"": null, ""--serve-box"": null, ""--window-ms"": 75.0}",122,True,active,0.139134,1.963283,0.133773,35.0,100.0,1.54,1.0,1.6,15.0,0.139134,1.421,1.55,
exp18_sensitivity,ablationsoftmin_only__ballspeed9__noplot__servebox__windowms75.0,"{""--ablation"": ""softmin_only"", ""--ball-speed"": 9, ""--no-plot"": null, ""--serve-box"": null, ""--window-ms"": 75.0}",125,False,miss,0.380073,1.957358,0.148209,25.0,115.0,1.47,1.0,1.4,0.0,0.380073,0.0,1.6,
exp18_sensitivity,ablationsoftmin_only__ballspeed9__noplot__servebox__windowms75.0,"{""--ablation"": ""softmin_only"", ""--ball-speed"": 9, ""--no-plot"": null, ""--serve-box"": null, ""--window-ms"": 75.0}",126,True,active,0.109558,1.914588,0.093446,35.0,130.0,1.79,1.0,2.1,15.0,0.109558,1.548,1.58,
exp18_sensitivity,ablationsoftmin_only__ballspeed9__noplot__servebox__windowms75.0,"{""--ablation"": ""softmin_only"", ""--ball-speed"": 9, ""--no-plot"": null, ""--serve-box"": null, ""--window-ms"": 75.0}",128,True,active,0.123935,1.956238,0.114564,35.0,150.0,1.78,1.0,1.5,20.0,0.123935,1.68,1.47,
exp18_sensitivity,ablationsoftmin_only__ballspeed9__noplot__servebox__windowms75.0,"{""--ablation"": ""softmin_only"", ""--ball-speed"": 9, ""--no-plot"": null, ""--serve-box"": null, ""--window-ms"": 75.0}",117,True,active,0.103563,1.955906,0.091079,0.0,0.0,1.8,1.0,1.7,20.0,0.103563,1.776,2.97,
exp18_sensitivity,ablationsoftmin_only__ballspeed9__noplot__servebox__windowms75.0,"{""--ablation"": ""softmin_only"", ""--ball-speed"": 9, ""--no-plot"": null, ""--serve-box"": null, ""--window-ms"": 75.0}",132,False,miss,0.269963,1.937563,0.15285,25.0,60.0,1.14,1.0,1.7,0.0,0.269963,0.0,1.63,
exp18_sensitivity,ablationsoftmin_only__ballspeed9__noplot__servebox__windowms75.0,"{""--ablation"": ""softmin_only"", ""--ball-speed"": 9, ""--no-plot"": null, ""--serve-box"": null, ""--window-ms"": 75.0}",133,True,active,0.108626,1.976937,0.108626,35.0,155.0,1.82,0.99,1.8,15.0,0.108626,1.752,1.38,
exp18_sensitivity,ablationsoftmin_only__ballspeed9__noplot__servebox__windowms75.0,"{""--ablation"": ""softmin_only"", ""--ball-speed"": 9, ""--no-plot"": null, ""--serve-box"": null, ""--window-ms"": 75.0}",130,True,active,0.129969,1.953195,0.120673,25.0,70.0,1.81,0.99,1.7,25.0,0.129969,1.599,1.85,
exp18_sensitivity,ablationsoftmin_only__ballspeed9__noplot__servebox__windowms75.0,"{""--ablation"": ""softmin_only"", ""--ball-speed"": 9, ""--no-plot"": null, ""--serve-box"": null, ""--window-ms"": 75.0}",134,True,active,0.139289,1.986621,0.13174,30.0,75.0,1.8,1.0,1.7,20.0,0.139289,1.602,1.47,
exp18_sensitivity,ablationsoftmin_only__ballspeed9__noplot__servebox__windowms75.0,"{""--ablation"": ""softmin_only"", ""--ball-speed"": 9, ""--no-plot"": null, ""--serve-box"": null, ""--window-ms"": 75.0}",123,True,active,0.047332,1.958698,0.047332,45.0,155.0,1.76,1.0,1.9,5.0,0.047332,1.381,2.91,
exp18_sensitivity,ablationsoftmin_only__ballspeed9__noplot__servebox__windowms75.0,"{""--ablation"": ""softmin_only"", ""--ball-speed"": 9, ""--no-plot"": null, ""--serve-box"": null, ""--window-ms"": 75.0}",136,True,active,0.094751,1.874413,0.094751,0.0,0.0,1.8,1.0,2.1,25.0,0.094751,1.748,1.54,
exp18_sensitivity,ablationsoftmin_only__ballspeed9__noplot__servebox__windowms75.0,"{""--ablation"": ""softmin_only"", ""--ball-speed"": 9, ""--no-plot"": null, ""--serve-box"": null, ""--window-ms"": 75.0}",124,True,active,0.087841,1.959985,0.087841,40.0,155.0,1.78,1.0,1.7,15.0,0.087841,1.367,2.99,
exp18_sensitivity,ablationsoftmin_only__ballspeed9__noplot__servebox__windowms75.0,"{""--ablation"": ""softmin_only"", ""--ball-speed"": 9, ""--no-plot"": null, ""--serve-box"": null, ""--window-ms"": 75.0}",135,True,active,0.131619,1.973377,0.117387,35.0,145.0,1.81,1.0,1.7,25.0,0.131619,1.412,1.72,
exp18_sensitivity,ablationsoftmin_only__ballspeed9__noplot__servebox__windowms75.0,"{""--ablation"": ""softmin_only"", ""--ball-speed"": 9, ""--no-plot"": null, ""--serve-box"": null, ""--window-ms"": 75.0}",138,True,active,0.046936,1.92034,0.046936,40.0,155.0,1.78,0.99,2.2,15.0,0.046936,0.32,1.49,
exp18_sensitivity,ablationsoftmin_only__ballspeed9__noplot__servebox__windowms75.0,"{""--ablation"": ""softmin_only"", ""--ball-speed"": 9, ""--no-plot"": null, ""--serve-box"": null, ""--window-ms"": 75.0}",127,True,active,0.11124,1.97666,0.109191,35.0,155.0,1.81,0.99,1.8,25.0,0.11124,1.741,2.91,
exp18_sensitivity,ablationsoftmin_only__ballspeed9__noplot__servebox__windowms75.0,"{""--ablation"": ""softmin_only"", ""--ball-speed"": 9, ""--no-plot"": null, ""--serve-box"": null, ""--window-ms"": 75.0}",139,True,active,0.113322,1.977375,0.109212,35.0,155.0,1.77,1.0,1.7,15.0,0.113322,1.657,1.5,
exp18_sensitivity,ablationsoftmin_only__ballspeed9__noplot__servebox__windowms75.0,"{""--ablation"": ""softmin_only"", ""--ball-speed"": 9, ""--no-plot"": null, ""--serve-box"": null, ""--window-ms"": 75.0}",137,False,miss,0.378943,1.932915,0.128023,0.0,0.0,1.79,1.0,1.6,0.0,0.378943,0.0,2.01,
exp18_sensitivity,ablationsoftmin_only__ballspeed9__noplot__servebox__windowms75.0,"{""--ablation"": ""softmin_only"", ""--ball-speed"": 9, ""--no-plot"": null, ""--serve-box"": null, ""--window-ms"": 75.0}",129,True,active,0.058376,1.954557,0.058376,35.0,155.0,1.71,0.99,1.8,15.0,0.058376,1.407,2.92,
exp18_sensitivity,ablationsoftmin_only__ballspeed9__noplot__servebox__windowms75.0,"{""--ablation"": ""softmin_only"", ""--ball-speed"": 9, ""--no-plot"": null, ""--serve-box"": null, ""--window-ms"": 75.0}",131,True,active,0.093438,1.938751,0.093438,35.0,155.0,1.8,0.99,1.8,15.0,0.093438,1.707,3.14,
exp18_sensitivity,ablationsoftmin_only__ballspeed9__noplot__servebox__windowms75.0,"{""--ablation"": ""softmin_only"", ""--ball-speed"": 9, ""--no-plot"": null, ""--serve-box"": null, ""--window-ms"": 75.0}",142,True,active,0.104837,1.959243,0.093874,35.0,155.0,1.79,1.0,1.6,20.0,0.104837,1.67,1.49,
exp18_sensitivity,ablationsoftmin_only__ballspeed9__noplot__servebox__windowms75.0,"{""--ablation"": ""softmin_only"", ""--ball-speed"": 9, ""--no-plot"": null, ""--serve-box"": null, ""--window-ms"": 75.0}",145,True,active,0.099715,1.950472,0.099715,35.0,155.0,1.79,1.0,1.7,20.0,0.099715,1.668,1.61,
exp18_sensitivity,ablationsoftmin_only__ballspeed9__noplot__servebox__windowms75.0,"{""--ablation"": ""softmin_only"", ""--ball-speed"": 9, ""--no-plot"": null, ""--serve-box"": null, ""--window-ms"": 75.0}",146,True,active,0.11094,1.978137,0.11094,35.0,155.0,1.8,0.99,1.9,15.0,0.11094,1.722,1.51,
exp18_sensitivity,ablationsoftmin_only__ballspeed9__noplot__servebox__windowms75.0,"{""--ablation"": ""softmin_only"", ""--ball-speed"": 9, ""--no-plot"": null, ""--serve-box"": null, ""--window-ms"": 75.0}",147,True,active,0.081698,1.986958,0.081698,35.0,155.0,1.6,0.99,1.6,20.0,0.081698,1.183,1.52,
exp18_sensitivity,ablationsoftmin_only__ballspeed9__noplot__servebox__windowms75.0,"{""--ablation"": ""softmin_only"", ""--ball-speed"": 9, ""--no-plot"": null, ""--serve-box"": null, ""--window-ms"": 75.0}",144,True,active,0.143252,1.964996,0.134836,40.0,95.0,1.79,1.0,1.8,15.0,0.143252,1.584,1.85,
exp18_sensitivity,ablationsoftmin_only__ballspeed9__noplot__servebox__windowms75.0,"{""--ablation"": ""softmin_only"", ""--ball-speed"": 9, ""--no-plot"": null, ""--serve-box"": null, ""--window-ms"": 75.0}",140,True,active,0.072138,1.964877,0.070887,35.0,155.0,1.81,0.93,1.7,20.0,0.072138,1.788,2.34,
exp18_sensitivity,ablationsoftmin_only__ballspeed9__noplot__servebox__windowms75.0,"{""--ablation"": ""softmin_only"", ""--ball-speed"": 9, ""--no-plot"": null, ""--serve-box"": null, ""--window-ms"": 75.0}",150,True,active,0.098662,1.963512,0.098662,35.0,155.0,1.79,0.98,2.0,20.0,0.098662,1.786,1.58,
exp18_sensitivity,ablationsoftmin_only__ballspeed9__noplot__servebox__windowms75.0,"{""--ablation"": ""softmin_only"", ""--ball-speed"": 9, ""--no-plot"": null, ""--serve-box"": null, ""--window-ms"": 75.0}",141,True,active,0.063101,1.979876,0.046809,45.0,155.0,1.79,0.97,1.5,20.0,0.063101,1.716,2.7,
exp18_sensitivity,ablationsoftmin_only__ballspeed9__noplot__servebox__windowms75.0,"{""--ablation"": ""softmin_only"", ""--ball-speed"": 9, ""--no-plot"": null, ""--serve-box"": null, ""--window-ms"": 75.0}",148,True,active,0.135563,1.949554,0.125192,35.0,100.0,1.8,1.0,1.8,20.0,0.135563,1.53,2.03,
exp18_sensitivity,ablationsoftmin_only__ballspeed9__noplot__servebox__windowms75.0,"{""--ablation"": ""softmin_only"", ""--ball-speed"": 9, ""--no-plot"": null, ""--serve-box"": null, ""--window-ms"": 75.0}",153,True,active,0.117907,1.967995,0.112311,35.0,155.0,1.8,0.99,1.8,20.0,0.117907,1.623,1.56,
exp18_sensitivity,ablationsoftmin_only__ballspeed9__noplot__servebox__windowms75.0,"{""--ablation"": ""softmin_only"", ""--ball-speed"": 9, ""--no-plot"": null, ""--serve-box"": null, ""--window-ms"": 75.0}",143,True,active,0.103778,1.954463,0.103778,40.0,155.0,1.47,0.97,1.4,10.0,0.103778,0.916,2.68,
exp18_sensitivity,ablationsoftmin_only__ballspeed9__noplot__servebox__windowms75.0,"{""--ablation"": ""softmin_only"", ""--ball-speed"": 9, ""--no-plot"": null, ""--serve-box"": null, ""--window-ms"": 75.0}",152,True,active,0.115227,1.975175,0.099522,40.0,155.0,1.8,0.99,1.5,20.0,0.115227,1.692,2.14,
exp18_sensitivity,ablationsoftmin_only__ballspeed9__noplot__servebox__windowms75.0,"{""--ablation"": ""softmin_only"", ""--ball-speed"": 9, ""--no-plot"": null, ""--serve-box"": null, ""--window-ms"": 75.0}",155,True,active,0.121375,1.931942,0.121375,35.0,155.0,1.79,1.0,1.6,20.0,0.121375,1.693,1.75,
exp18_sensitivity,ablationsoftmin_only__ballspeed9__noplot__servebox__windowms75.0,"{""--ablation"": ""softmin_only"", ""--ball-speed"": 9, ""--no-plot"": null, ""--serve-box"": null, ""--window-ms"": 75.0}",154,True,active,0.134622,1.961958,0.115307,35.0,155.0,1.76,1.0,1.5,5.0,0.134622,0.866,2.16,
exp18_sensitivity,ablationsoftmin_only__ballspeed9__noplot__servebox__windowms75.0,"{""--ablation"": ""softmin_only"", ""--ball-speed"": 9, ""--no-plot"": null, ""--serve-box"": null, ""--window-ms"": 75.0}",149,True,active,0.111936,1.936126,0.105914,35.0,135.0,1.79,1.0,1.8,20.0,0.111936,1.513,2.86,
exp18_sensitivity,ablationsoftmin_only__ballspeed9__noplot__servebox__windowms75.0,"{""--ablation"": ""softmin_only"", ""--ball-speed"": 9, ""--no-plot"": null, ""--serve-box"": null, ""--window-ms"": 75.0}",151,True,active,0.098079,1.977986,0.093908,35.0,155.0,1.81,0.98,1.7,20.0,0.098079,1.81,2.54,
exp18_sensitivity,ablationsoftmin_only__ballspeed9__noplot__servebox__windowms75.0,"{""--ablation"": ""softmin_only"", ""--ball-speed"": 9, ""--no-plot"": null, ""--serve-box"": null, ""--window-ms"": 75.0}",157,True,active,0.093978,1.970728,0.085592,35.0,105.0,1.8,0.99,1.8,20.0,0.093978,1.758,1.8,
exp18_sensitivity,ablationsoftmin_only__ballspeed9__noplot__servebox__windowms75.0,"{""--ablation"": ""softmin_only"", ""--ball-speed"": 9, ""--no-plot"": null, ""--serve-box"": null, ""--window-ms"": 75.0}",159,True,active,0.05671,1.887501,0.05671,40.0,155.0,1.49,0.98,1.3,10.0,0.05671,1.124,1.85,
exp18_sensitivity,ablationsoftmin_only__ballspeed9__noplot__servebox__windowms75.0,"{""--ablation"": ""softmin_only"", ""--ball-speed"": 9, ""--no-plot"": null, ""--serve-box"": null, ""--window-ms"": 75.0}",156,True,active,0.124129,1.971713,0.122292,30.0,150.0,1.8,1.0,1.6,25.0,0.124129,1.708,2.48,
exp18_sensitivity,ablationsoftmin_only__ballspeed9__noplot__servebox__windowms75.0,"{""--ablation"": ""softmin_only"", ""--ball-speed"": 9, ""--no-plot"": null, ""--serve-box"": null, ""--window-ms"": 75.0}",165,True,active,0.066354,1.964232,0.066135,45.0,145.0,1.78,1.0,1.4,10.0,0.066354,1.453,1.65,
exp18_sensitivity,ablationsoftmin_only__ballspeed9__noplot__servebox__windowms75.0,"{""--ablation"": ""softmin_only"", ""--ball-speed"": 9, ""--no-plot"": null, ""--serve-box"": null, ""--window-ms"": 75.0}",164,True,active,0.142038,1.934518,0.135759,30.0,45.0,1.78,1.0,1.6,25.0,0.142038,1.354,1.71,
exp18_sensitivity,ablationsoftmin_only__ballspeed9__noplot__servebox__windowms75.0,"{""--ablation"": ""softmin_only"", ""--ball-speed"": 9, ""--no-plot"": null, ""--serve-box"": null, ""--window-ms"": 75.0}",162,True,active,0.103901,1.933246,0.086249,0.0,60.0,1.79,1.0,1.6,20.0,0.103901,1.623,2.03,
exp18_sensitivity,ablationsoftmin_only__ballspeed9__noplot__servebox__windowms75.0,"{""--ablation"": ""softmin_only"", ""--ball-speed"": 9, ""--no-plot"": null, ""--serve-box"": null, ""--window-ms"": 75.0}",161,True,active,0.106077,1.943394,0.102914,0.0,0.0,1.78,1.0,2.0,15.0,0.106077,1.751,2.38,
exp18_sensitivity,ablationsoftmin_only__ballspeed9__noplot__servebox__windowms75.0,"{""--ablation"": ""softmin_only"", ""--ball-speed"": 9, ""--no-plot"": null, ""--serve-box"": null, ""--window-ms"": 75.0}",166,True,active,0.097022,1.94774,0.089067,35.0,140.0,1.79,0.98,1.8,20.0,0.097022,1.787,1.82,
exp18_sensitivity,ablationsoftmin_only__ballspeed9__noplot__servebox__windowms75.0,"{""--ablation"": ""softmin_only"", ""--ball-speed"": 9, ""--no-plot"": null, ""--serve-box"": null, ""--window-ms"": 75.0}",160,True,active,0.1296,1.981715,0.127818,30.0,115.0,1.81,1.0,1.8,20.0,0.1296,1.734,2.69,
exp18_sensitivity,ablationsoftmin_only__ballspeed9__noplot__servebox__windowms75.0,"{""--ablation"": ""softmin_only"", ""--ball-speed"": 9, ""--no-plot"": null, ""--serve-box"": null, ""--window-ms"": 75.0}",168,True,active,0.100721,1.974414,0.099744,0.0,0.0,1.81,0.99,1.8,20.0,0.100721,1.795,1.58,
exp18_sensitivity,ablationsoftmin_only__ballspeed9__noplot__servebox__windowms75.0,"{""--ablation"": ""softmin_only"", ""--ball-speed"": 9, ""--no-plot"": null, ""--serve-box"": null, ""--window-ms"": 75.0}",158,True,active,0.129404,1.993032,0.124129,30.0,155.0,1.7,1.0,1.9,15.0,0.129404,1.7,2.98,
exp18_sensitivity,ablationsoftmin_only__ballspeed9__noplot__servebox__windowms75.0,"{""--ablation"": ""softmin_only"", ""--ball-speed"": 9, ""--no-plot"": null, ""--serve-box"": null, ""--window-ms"": 75.0}",167,True,active,0.059983,1.948725,0.047162,45.0,155.0,1.79,1.0,1.6,10.0,0.059983,0.868,1.98,
exp18_sensitivity,ablationsoftmin_only__ballspeed9__noplot__servebox__windowms75.0,"{""--ablation"": ""softmin_only"", ""--ball-speed"": 9, ""--no-plot"": null, ""--serve-box"": null, ""--window-ms"": 75.0}",163,True,active,0.072523,1.976767,0.064292,40.0,155.0,1.79,0.99,1.5,20.0,0.072523,1.52,2.84,
exp18_sensitivity,ablationsoftmin_only__ballspeed9__noplot__servebox__windowms75.0,"{""--ablation"": ""softmin_only"", ""--ball-speed"": 9, ""--no-plot"": null, ""--serve-box"": null, ""--window-ms"": 75.0}",173,True,active,0.127696,1.965437,0.122277,30.0,150.0,1.79,1.0,1.9,20.0,0.127696,1.637,1.52,
exp18_sensitivity,ablationsoftmin_only__ballspeed9__noplot__servebox__windowms75.0,"{""--ablation"": ""softmin_only"", ""--ball-speed"": 9, ""--no-plot"": null, ""--serve-box"": null, ""--window-ms"": 75.0}",171,True,active,0.09616,1.968611,0.092405,35.0,155.0,1.31,1.0,1.3,5.0,0.09616,0.568,2.03,
exp18_sensitivity,ablationsoftmin_only__ballspeed9__noplot__servebox__windowms75.0,"{""--ablation"": ""softmin_only"", ""--ball-speed"": 9, ""--no-plot"": null, ""--serve-box"": null, ""--window-ms"": 75.0}",174,True,active,0.113506,1.973197,0.112652,30.0,155.0,1.78,1.0,1.9,20.0,0.113506,1.708,1.62,
exp18_sensitivity,ablationsoftmin_only__ballspeed9__noplot__servebox__windowms75.0,"{""--ablation"": ""softmin_only"", ""--ball-speed"": 9, ""--no-plot"": null, ""--serve-box"": null, ""--window-ms"": 75.0}",175,True,active,0.113289,1.961118,0.105305,40.0,155.0,1.74,1.0,1.5,10.0,0.113289,1.639,1.52,
exp18_sensitivity,ablationsoftmin_only__ballspeed9__noplot__servebox__windowms75.0,"{""--ablation"": ""softmin_only"", ""--ball-speed"": 9, ""--no-plot"": null, ""--serve-box"": null, ""--window-ms"": 75.0}",176,False,miss,0.246472,1.914914,0.15583,25.0,75.0,1.27,1.0,1.7,0.0,0.246472,0.0,1.59,
exp18_sensitivity,ablationsoftmin_only__ballspeed9__noplot__servebox__windowms75.0,"{""--ablation"": ""softmin_only"", ""--ball-speed"": 9, ""--no-plot"": null, ""--serve-box"": null, ""--window-ms"": 75.0}",170,True,active,0.084581,1.949669,0.07932,40.0,155.0,1.76,1.0,1.6,15.0,0.084581,1.676,2.43,
exp18_sensitivity,ablationsoftmin_only__ballspeed9__noplot__servebox__windowms75.0,"{""--ablation"": ""softmin_only"", ""--ball-speed"": 9, ""--no-plot"": null, ""--serve-box"": null, ""--window-ms"": 75.0}",172,True,active,0.091757,2.002134,0.091757,35.0,155.0,1.81,1.0,1.6,20.0,0.091757,1.763,2.55,
exp18_sensitivity,ablationsoftmin_only__ballspeed9__noplot__servebox__windowms75.0,"{""--ablation"": ""softmin_only"", ""--ball-speed"": 9, ""--no-plot"": null, ""--serve-box"": null, ""--window-ms"": 75.0}",177,True,active,0.147457,1.950524,0.144919,30.0,55.0,1.8,0.99,1.8,25.0,0.147457,1.715,1.97,
exp18_sensitivity,ablationsoftmin_only__ballspeed9__noplot__servebox__windowms75.0,"{""--ablation"": ""softmin_only"", ""--ball-speed"": 9, ""--no-plot"": null, ""--serve-box"": null, ""--window-ms"": 75.0}",182,True,active,0.052895,1.98636,0.052895,45.0,155.0,1.7,1.0,1.4,15.0,0.052895,1.22,1.57,
exp18_sensitivity,ablationsoftmin_only__ballspeed9__noplot__servebox__windowms75.0,"{""--ablation"": ""softmin_only"", ""--ball-speed"": 9, ""--no-plot"": null, ""--serve-box"": null, ""--window-ms"": 75.0}",169,True,active,0.033223,1.945709,0.028791,40.0,125.0,1.81,1.0,1.6,20.0,0.033223,1.082,3.19,
exp18_sensitivity,ablationsoftmin_only__ballspeed9__noplot__servebox__windowms75.0,"{""--ablation"": ""softmin_only"", ""--ball-speed"": 9, ""--no-plot"": null, ""--serve-box"": null, ""--window-ms"": 75.0}",183,True,active,0.048197,1.999028,0.048197,40.0,155.0,1.79,0.99,1.8,15.0,0.048197,1.613,1.65,
exp18_sensitivity,ablationsoftmin_only__ballspeed9__noplot__servebox__windowms75.0,"{""--ablation"": ""softmin_only"", ""--ball-speed"": 9, ""--no-plot"": null, ""--serve-box"": null, ""--window-ms"": 75.0}",178,True,active,0.096432,1.964488,0.091936,40.0,155.0,1.8,1.0,1.7,20.0,0.096432,1.411,2.37,
exp18_sensitivity,ablationsoftmin_only__ballspeed9__noplot__servebox__windowms75.0,"{""--ablation"": ""softmin_only"", ""--ball-speed"": 9, ""--no-plot"": null, ""--serve-box"": null, ""--window-ms"": 75.0}",185,True,active,0.059913,2.007979,0.059913,40.0,155.0,1.8,0.99,1.4,20.0,0.059913,1.779,1.59,
exp18_sensitivity,ablationsoftmin_only__ballspeed9__noplot__servebox__windowms75.0,"{""--ablation"": ""softmin_only"", ""--ball-speed"": 9, ""--no-plot"": null, ""--serve-box"": null, ""--window-ms"": 75.0}",189,True,active,0.132961,1.95439,0.122867,40.0,150.0,1.76,1.0,1.7,10.0,0.132961,1.481,1.56,
exp18_sensitivity,ablationsoftmin_only__ballspeed9__noplot__servebox__windowms75.0,"{""--ablation"": ""softmin_only"", ""--ball-speed"": 9, ""--no-plot"": null, ""--serve-box"": null, ""--window-ms"": 75.0}",184,True,active,0.076908,1.956978,0.076908,35.0,155.0,1.35,1.0,1.6,15.0,0.076908,1.061,2.27,
exp18_sensitivity,ablationsoftmin_only__ballspeed9__noplot__servebox__windowms75.0,"{""--ablation"": ""softmin_only"", ""--ball-speed"": 9, ""--no-plot"": null, ""--serve-box"": null, ""--window-ms"": 75.0}",181,True,active,0.051448,2.009069,0.051448,40.0,155.0,1.76,0.99,1.4,15.0,0.051448,1.737,2.82,
exp18_sensitivity,ablationsoftmin_only__ballspeed9__noplot__servebox__windowms75.0,"{""--ablation"": ""softmin_only"", ""--ball-speed"": 9, ""--no-plot"": null, ""--serve-box"": null, ""--window-ms"": 75.0}",186,True,active,0.090705,1.974625,0.085795,35.0,155.0,1.81,1.0,1.6,20.0,0.090705,1.743,2.14,
exp18_sensitivity,ablationsoftmin_only__ballspeed9__noplot__servebox__windowms75.0,"{""--ablation"": ""softmin_only"", ""--ball-speed"": 9, ""--no-plot"": null, ""--serve-box"": null, ""--window-ms"": 75.0}",180,True,active,0.120974,2.000151,0.120974,25.0,105.0,1.81,0.96,1.8,25.0,0.120974,1.799,3.05,
exp18_sensitivity,ablationsoftmin_only__ballspeed9__noplot__servebox__windowms75.0,"{""--ablation"": ""softmin_only"", ""--ball-speed"": 9, ""--no-plot"": null, ""--serve-box"": null, ""--window-ms"": 75.0}",179,True,active,0.072147,1.934868,0.067799,45.0,155.0,1.8,1.0,1.8,15.0,0.072147,1.633,3.13,
exp18_sensitivity,ablationsoftmin_only__ballspeed9__noplot__servebox__windowms75.0,"{""--ablation"": ""softmin_only"", ""--ball-speed"": 9, ""--no-plot"": null, ""--serve-box"": null, ""--window-ms"": 75.0}",190,True,active,0.054258,1.987819,0.054258,40.0,155.0,1.81,0.9,1.6,15.0,0.054258,1.779,1.89,
exp18_sensitivity,ablationsoftmin_only__ballspeed9__noplot__servebox__windowms75.0,"{""--ablation"": ""softmin_only"", ""--ball-speed"": 9, ""--no-plot"": null, ""--serve-box"": null, ""--window-ms"": 75.0}",191,True,active,0.1093,1.980518,0.103741,35.0,155.0,1.8,0.99,1.9,20.0,0.1093,1.752,1.55,
exp18_sensitivity,ablationsoftmin_only__ballspeed9__noplot__servebox__windowms75.0,"{""--ablation"": ""softmin_only"", ""--ball-speed"": 9, ""--no-plot"": null, ""--serve-box"": null, ""--window-ms"": 75.0}",194,True,active,0.102742,1.979828,0.101586,40.0,155.0,1.8,0.99,1.6,20.0,0.102742,1.729,1.5,
exp18_sensitivity,ablationsoftmin_only__ballspeed9__noplot__servebox__windowms75.0,"{""--ablation"": ""softmin_only"", ""--ball-speed"": 9, ""--no-plot"": null, ""--serve-box"": null, ""--window-ms"": 75.0}",192,True,active,0.088946,1.944635,0.082623,40.0,155.0,1.6,1.0,1.5,10.0,0.088946,1.272,1.85,
exp18_sensitivity,ablationsoftmin_only__ballspeed9__noplot__servebox__windowms75.0,"{""--ablation"": ""softmin_only"", ""--ball-speed"": 9, ""--no-plot"": null, ""--serve-box"": null, ""--window-ms"": 75.0}",195,True,active,0.100151,1.963285,0.100151,40.0,155.0,1.8,0.99,1.7,15.0,0.100151,1.632,1.46,
exp18_sensitivity,ablationsoftmin_only__ballspeed9__noplot__servebox__windowms75.0,"{""--ablation"": ""softmin_only"", ""--ball-speed"": 9, ""--no-plot"": null, ""--serve-box"": null, ""--window-ms"": 75.0}",187,True,active,0.097376,1.943765,0.084485,0.0,0.0,1.78,0.99,2.1,20.0,0.097376,1.736,2.68,
exp18_sensitivity,ablationsoftmin_only__ballspeed9__noplot__servebox__windowms75.0,"{""--ablation"": ""softmin_only"", ""--ball-speed"": 9, ""--no-plot"": null, ""--serve-box"": null, ""--window-ms"": 75.0}",188,True,active,0.098787,1.981196,0.096715,40.0,155.0,1.57,0.99,1.5,15.0,0.098787,1.371,2.76,
exp18_sensitivity,ablationsoftmin_only__ballspeed9__noplot__servebox__windowms75.0,"{""--ablation"": ""softmin_only"", ""--ball-speed"": 9, ""--no-plot"": null, ""--serve-box"": null, ""--window-ms"": 75.0}",197,True,active,0.106139,1.985803,0.100872,30.0,155.0,1.81,0.98,1.8,25.0,0.106139,1.442,1.93,
exp18_sensitivity,ablationsoftmin_only__ballspeed9__noplot__servebox__windowms75.0,"{""--ablation"": ""softmin_only"", ""--ball-speed"": 9, ""--no-plot"": null, ""--serve-box"": null, ""--window-ms"": 75.0}",198,True,active,0.073183,1.987795,0.073183,35.0,155.0,1.78,0.98,1.6,15.0,0.073183,1.552,1.52,
exp18_sensitivity,ablationsoftmin_only__ballspeed9__noplot__servebox__windowms75.0,"{""--ablation"": ""softmin_only"", ""--ball-speed"": 9, ""--no-plot"": null, ""--serve-box"": null, ""--window-ms"": 75.0}",199,True,active,0.104184,1.967375,0.089193,35.0,95.0,1.79,0.99,1.7,25.0,0.104184,1.704,1.64,
exp18_sensitivity,ablationsoftmin_only__ballspeed9__noplot__servebox__windowms75.0,"{""--ablation"": ""softmin_only"", ""--ball-speed"": 9, ""--no-plot"": null, ""--serve-box"": null, ""--window-ms"": 75.0}",200,False,miss,0.348108,1.922775,0.143676,0.0,0.0,1.4,1.0,1.6,0.0,0.348108,0.0,1.67,
exp18_sensitivity,ablationsoftmin_only__ballspeed9__noplot__servebox__windowms75.0,"{""--ablation"": ""softmin_only"", ""--ball-speed"": 9, ""--no-plot"": null, ""--serve-box"": null, ""--window-ms"": 75.0}",196,False,miss,0.400553,1.96076,0.134627,20.0,95.0,1.79,0.99,1.8,0.0,0.400553,0.0,2.48,
exp18_sensitivity,ablationsoftmin_only__ballspeed9__noplot__servebox__windowms75.0,"{""--ablation"": ""softmin_only"", ""--ball-speed"": 9, ""--no-plot"": null, ""--serve-box"": null, ""--window-ms"": 75.0}",193,True,active,0.124326,1.957626,0.116496,40.0,140.0,1.79,1.0,1.7,15.0,0.124326,1.707,2.94,
exp18_sensitivity,ablationfull__ballspeed9__corridorradius0.08__noplot__servebox,"{""--ablation"": ""full"", ""--ball-speed"": 9, ""--corridor-radius"": 0.08, ""--no-plot"": null, ""--serve-box"": null}",4,True,active,0.124034,1.955233,0.109908,40.0,105.0,1.8,0.99,1.7,20.0,0.124034,1.699,1.73,
exp18_sensitivity,ablationfull__ballspeed9__corridorradius0.08__noplot__servebox,"{""--ablation"": ""full"", ""--ball-speed"": 9, ""--corridor-radius"": 0.08, ""--no-plot"": null, ""--serve-box"": null}",6,True,active,0.101853,1.949558,0.095653,35.0,105.0,1.8,0.99,1.6,20.0,0.101853,1.742,1.57,
exp18_sensitivity,ablationfull__ballspeed9__corridorradius0.08__noplot__servebox,"{""--ablation"": ""full"", ""--ball-speed"": 9, ""--corridor-radius"": 0.08, ""--no-plot"": null, ""--serve-box"": null}",8,True,active,0.144058,1.957844,0.122084,35.0,105.0,1.24,1.0,1.6,0.0,0.144058,0.473,1.61,
exp18_sensitivity,ablationfull__ballspeed9__corridorradius0.08__noplot__servebox,"{""--ablation"": ""full"", ""--ball-speed"": 9, ""--corridor-radius"": 0.08, ""--no-plot"": null, ""--serve-box"": null}",9,True,active,0.13724,1.963303,0.132473,30.0,85.0,1.78,0.99,1.8,15.0,0.13724,1.756,1.59,
exp18_sensitivity,ablationfull__ballspeed9__corridorradius0.08__noplot__servebox,"{""--ablation"": ""full"", ""--ball-speed"": 9, ""--corridor-radius"": 0.08, ""--no-plot"": null, ""--serve-box"": null}",20,,,,,,,,,,,,,,0.22,no_result
exp18_sensitivity,ablationfull__ballspeed9__corridorradius0.08__noplot__servebox,"{""--ablation"": ""full"", ""--ball-speed"": 9, ""--corridor-radius"": 0.08, ""--no-plot"": null, ""--serve-box"": null}",5,True,active,0.10295,1.950803,0.069904,0.0,0.0,1.79,0.99,1.5,25.0,0.10295,1.599,2.37,
exp18_sensitivity,ablationfull__ballspeed9__corridorradius0.08__noplot__servebox,"{""--ablation"": ""full"", ""--ball-speed"": 9, ""--corridor-radius"": 0.08, ""--no-plot"": null, ""--serve-box"": null}",10,True,active,0.099048,1.962541,0.09668,40.0,105.0,1.8,1.0,1.6,15.0,0.099048,1.679,1.7,
exp18_sensitivity,ablationfull__ballspeed9__corridorradius0.08__noplot__servebox,"{""--ablation"": ""full"", ""--ball-speed"": 9, ""--corridor-radius"": 0.08, ""--no-plot"": null, ""--serve-box"": null}",21,,,,,,,,,,,,,,0.28,no_result
exp18_sensitivity,ablationfull__ballspeed9__corridorradius0.08__noplot__servebox,"{""--ablation"": ""full"", ""--ball-speed"": 9, ""--corridor-radius"": 0.08, ""--no-plot"": null, ""--serve-box"": null}",11,True,active,0.106183,1.903871,0.101443,40.0,105.0,1.61,0.99,1.4,10.0,0.106183,0.726,1.61,
exp18_sensitivity,ablationfull__ballspeed9__corridorradius0.08__noplot__servebox,"{""--ablation"": ""full"", ""--ball-speed"": 9, ""--corridor-radius"": 0.08, ""--no-plot"": null, ""--serve-box"": null}",12,True,active,0.073311,1.951966,0.073311,40.0,105.0,1.8,0.99,1.8,20.0,0.073311,1.781,1.55,
exp18_sensitivity,ablationfull__ballspeed9__corridorradius0.08__noplot__servebox,"{""--ablation"": ""full"", ""--ball-speed"": 9, ""--corridor-radius"": 0.08, ""--no-plot"": null, ""--serve-box"": null}",2,True,active,0.101158,1.951321,0.090046,35.0,70.0,1.79,1.0,1.8,20.0,0.101158,1.781,2.97,
exp18_sensitivity,ablationfull__ballspeed9__corridorradius0.08__noplot__servebox,"{""--ablation"": ""full"", ""--ball-speed"": 9, ""--corridor-radius"": 0.08, ""--no-plot"": null, ""--serve-box"": null}",1,True,active,0.066829,1.969453,0.066829,40.0,105.0,1.81,1.0,1.4,15.0,0.066829,1.634,3.1,
exp18_sensitivity,ablationfull__ballspeed9__corridorradius0.08__noplot__servebox,"{""--ablation"": ""full"", ""--ball-speed"": 9, ""--corridor-radius"": 0.08, ""--no-plot"": null, ""--serve-box"": null}",3,True,active,0.136369,1.915635,0.123044,35.0,100.0,1.75,1.0,1.7,25.0,0.136369,1.543,3.06,
exp18_sensitivity,ablationfull__ballspeed9__corridorradius0.08__noplot__servebox,"{""--ablation"": ""full"", ""--ball-speed"": 9, ""--corridor-radius"": 0.08, ""--no-plot"": null, ""--serve-box"": null}",14,True,active,0.085756,1.985761,0.085756,40.0,105.0,1.79,1.0,1.4,15.0,0.085756,1.757,1.61,
exp18_sensitivity,ablationfull__ballspeed9__corridorradius0.08__noplot__servebox,"{""--ablation"": ""full"", ""--ball-speed"": 9, ""--corridor-radius"": 0.08, ""--no-plot"": null, ""--serve-box"": null}",17,True,active,0.084584,1.933899,0.081287,45.0,105.0,1.4,1.0,1.3,5.0,0.084584,0.55,1.46,
exp18_sensitivity,ablationfull__ballspeed9__corridorradius0.08__noplot__servebox,"{""--ablation"": ""full"", ""--ball-speed"": 9, ""--corridor-radius"": 0.08, ""--no-plot"": null, ""--serve-box"": null}",7,True,active,0.102701,1.949465,0.098637,35.0,105.0,1.78,0.99,1.7,20.0,0.102701,1.761,2.9,
exp18_sensitivity,ablationfull__ballspeed9__corridorradius0.08__noplot__servebox,"{""--ablation"": ""full"", ""--ball-speed"": 9, ""--corridor-radius"": 0.08, ""--no-plot"": null, ""--serve-box"": null}",19,True,active,0.113458,1.937539,0.099304,0.0,0.0,1.78,0.99,2.0,25.0,0.113458,1.64,1.42,
exp18_sensitivity,ablationfull__ballspeed9__corridorradius0.08__noplot__servebox,"{""--ablation"": ""full"", ""--ball-speed"": 9, ""--corridor-radius"": 0.08, ""--no-plot"": null, ""--serve-box"": null}",18,True,active,0.114789,1.992625,0.114789,30.0,105.0,1.81,0.99,1.9,20.0,0.114789,1.653,1.77,
exp18_sensitivity,ablationfull__ballspeed9__corridorradius0.08__noplot__servebox,"{""--ablation"": ""full"", ""--ball-speed"": 9, ""--corridor-radius"": 0.08, ""--no-plot"": null, ""--serve-box"": null}",16,True,active,0.065414,1.976202,0.058795,5.0,45.0,1.63,1.0,1.6,15.0,0.065414,1.347,2.07,
exp18_sensitivity,ablationfull__ballspeed9__corridorradius0.08__noplot__servebox,"{""--ablation"": ""full"", ""--ball-speed"": 9, ""--corridor-radius"": 0.08, ""--no-plot"": null, ""--serve-box"": null}",15,True,active,0.108298,1.950195,0.10011,0.0,0.0,1.77,0.98,2.1,15.0,0.108298,1.775,2.43,
exp18_sensitivity,ablationfull__ballspeed9__corridorradius0.08__noplot__servebox,"{""--ablation"": ""full"", ""--ball-speed"": 9, ""--corridor-radius"": 0.08, ""--no-plot"": null, ""--serve-box"": null}",22,True,active,0.10337,1.918019,0.064211,0.0,0.0,1.8,1.0,1.8,25.0,0.10337,1.782,1.53,
exp18_sensitivity,ablationfull__ballspeed9__corridorradius0.08__noplot__servebox,"{""--ablation"": ""full"", ""--ball-speed"": 9, ""--corridor-radius"": 0.08, ""--no-plot"": null, ""--serve-box"": null}",27,True,active,0.034748,1.914821,0.034748,40.0,105.0,1.48,1.0,1.7,10.0,0.034748,0.754,1.44,
exp18_sensitivity,ablationfull__ballspeed9__corridorradius0.08__noplot__servebox,"{""--ablation"": ""full"", ""--ball-speed"": 9, ""--corridor-radius"": 0.08, ""--no-plot"": null, ""--serve-box"": null}",13,True,active,0.143177,1.916525,0.140799,35.0,75.0,1.14,1.0,1.4,5.0,0.143177,0.746,3.04,
exp18_sensitivity,ablationfull__ballspeed9__corridorradius0.08__noplot__servebox,"{""--ablation"": ""full"", ""--ball-speed"": 9, ""--corridor-radius"": 0.08, ""--no-plot"": null, ""--serve-box"": null}",29,True,active,0.10648,1.908637,0.103467,35.0,105.0,0.99,1.0,1.2,5.0,0.10648,0.363,1.54,
exp18_sensitivity,ablationfull__ballspeed9__corridorradius0.08__noplot__servebox,"{""--ablation"": ""full"", ""--ball-speed"": 9, ""--corridor-radius"": 0.08, ""--no-plot"": null, ""--serve-box"": null}",31,False,miss,0.355259,1.96878,0.153556,25.0,0.0,1.5,0.99,1.4,0.0,0.355259,0.0,1.39,
exp18_sensitivity,ablationfull__ballspeed9__corridorradius0.08__noplot__servebox,"{""--ablation"": ""full"", ""--ball-speed"": 9, ""--corridor-radius"": 0.08, ""--no-plot"": null, ""--serve-box"": null}",30,True,active,0.071291,1.945917,0.051288,0.0,0.0,1.79,0.98,1.7,20.0,0.071291,1.784,1.63,
exp18_sensitivity,ablationfull__ballspeed9__corridorradius0.08__noplot__servebox,"{""--ablation"": ""full"", ""--ball-speed"": 9, ""--corridor-radius"": 0.08, ""--no-plot"": null, ""--serve-box"": null}",33,True,active,0.110298,1.972967,0.110298,35.0,105.0,1.79,0.98,2.0,15.0,0.110298,1.783,1.4,
exp18_sensitivity,ablationfull__ballspeed9__corridorradius0.08__noplot__servebox,"{""--ablation"": ""full"", ""--ball-speed"": 9, ""--corridor-radius"": 0.08, ""--no-plot"": null, ""--serve-box"": null}",34,True,active,0.090993,1.983369,0.090993,30.0,105.0,1.81,1.0,1.7,20.0,0.090993,1.661,1.39,
exp18_sensitivity,ablationfull__ballspeed9__corridorradius0.08__noplot__servebox,"{""--ablation"": ""full"", ""--ball-speed"": 9, ""--corridor-radius"": 0.08, ""--no-plot"": null, ""--serve-box"": null}",25,False,miss,0.310888,1.935817,0.218221,0.0,0.0,1.1,1.0,1.4,0.0,0.310888,0.0,2.36,
exp18_sensitivity,ablationfull__ballspeed9__corridorradius0.08__noplot__servebox,"{""--ablation"": ""full"", ""--ball-speed"": 9, ""--corridor-radius"": 0.08, ""--no-plot"": null, ""--serve-box"": null}",35,True,active,0.1134,1.959302,0.104401,40.0,105.0,1.79,0.99,1.7,20.0,0.1134,1.656,1.49,
exp18_sensitivity,ablationfull__ballspeed9__corridorradius0.08__noplot__servebox,"{""--ablation"": ""full"", ""--ball-speed"": 9, ""--corridor-radius"": 0.08, ""--no-plot"": null, ""--serve-box"": null}",23,True,active,0.105771,1.947753,0.105771,35.0,105.0,1.78,0.99,1.9,15.0,0.105771,1.696,2.9,
exp18_sensitivity,ablationfull__ballspeed9__corridorradius0.08__noplot__servebox,"{""--ablation"": ""full"", ""--ball-speed"": 9, ""--corridor-radius"": 0.08, ""--no-plot"": null, ""--serve-box"": null}",37,True,active,0.13921,1.965343,0.125337,35.0,65.0,1.65,1.0,1.7,20.0,0.13921,1.298,1.48,
exp18_sensitivity,ablationfull__ballspeed9__corridorradius0.08__noplot__servebox,"{""--ablation"": ""full"", ""--ball-speed"": 9, ""--corridor-radius"": 0.08, ""--no-plot"": null, ""--serve-box"": null}",32,True,active,0.102339,1.943803,0.08988,45.0,105.0,1.74,1.0,1.7,15.0,0.102339,1.74,2.17,
exp18_sensitivity,ablationfull__ballspeed9__corridorradius0.08__noplot__servebox,"{""--ablation"": ""full"", ""--ball-speed"": 9, ""--corridor-radius"": 0.08, ""--no-plot"": null, ""--serve-box"": null}",24,False,miss,0.31935,1.934235,0.130031,0.0,15.0,1.76,1.0,1.7,0.0,0.31935,0.0,2.92,
exp18_sensitivity,ablationfull__ballspeed9__corridorradius0.08__noplot__servebox,"{""--ablation"": ""full"", ""--ball-speed"": 9, ""--corridor-radius"": 0.08, ""--no-plot"": null, ""--serve-box"": null}",26,True,active,0.0937,1.948249,0.0937,40.0,105.0,1.8,1.0,1.6,20.0,0.0937,1.532,2.92,
exp18_sensitivity,ablationfull__ballspeed9__corridorradius0.08__noplot__servebox,"{""--ablation"": ""full"", ""--ball-speed"": 9, ""--corridor-radius"": 0.08, ""--no-plot"": null, ""--serve-box"": null}",28,True,active,0.100335,1.929003,0.087431,0.0,0.0,1.79,0.99,1.8,20.0,0.100335,1.756,2.74,
exp18_sensitivity,ablationfull__ballspeed9__corridorradius0.08__noplot__servebox,"{""--ablation"": ""full"", ""--ball-speed"": 9, ""--corridor-radius"": 0.08, ""--no-plot"": null, ""--serve-box"": null}",38,True,active,0.089322,1.985162,0.089322,30.0,105.0,1.81,1.0,1.7,20.0,0.089322,1.452,1.48,
exp18_sensitivity,ablationfull__ballspeed9__corridorradius0.08__noplot__servebox,"{""--ablation"": ""full"", ""--ball-speed"": 9, ""--corridor-radius"": 0.08, ""--no-plot"": null, ""--serve-box"": null}",36,True,active,0.11586,1.93186,0.113813,35.0,105.0,1.79,1.0,1.8,10.0,0.11586,1.403,1.97,
exp18_sensitivity,ablationfull__ballspeed9__corridorradius0.08__noplot__servebox,"{""--ablation"": ""full"", ""--ball-speed"": 9, ""--corridor-radius"": 0.08, ""--no-plot"": null, ""--serve-box"": null}",42,True,active,0.094916,1.966658,0.094916,35.0,105.0,1.81,1.0,1.7,20.0,0.094916,1.537,1.52,
exp18_sensitivity,ablationfull__ballspeed9__corridorradius0.08__noplot__servebox,"{""--ablation"": ""full"", ""--ball-speed"": 9, ""--corridor-radius"": 0.08, ""--no-plot"": null, ""--serve-box"": null}",41,True,active,0.056177,1.997132,0.034739,40.0,105.0,1.8,1.0,2.1,5.0,0.056177,1.348,1.7,
exp18_sensitivity,ablationfull__ballspeed9__corridorradius0.08__noplot__servebox,"{""--ablation"": ""full"", ""--ball-speed"": 9, ""--corridor-radius"": 0.08, ""--no-plot"": null, ""--serve-box"": null}",45,True,active,0.109192,1.972799,0.108133,35.0,105.0,1.81,1.0,1.8,20.0,0.109192,1.799,1.42,
exp18_sensitivity,ablationfull__ballspeed9__corridorradius0.08__noplot__servebox,"{""--ablation"": ""full"", ""--ball-speed"": 9, ""--corridor-radius"": 0.08, ""--no-plot"": null, ""--serve-box"": null}",40,True,active,0.073123,1.977508,0.073123,40.0,105.0,1.81,0.98,1.7,15.0,0.073123,1.732,1.98,
exp18_sensitivity,ablationfull__ballspeed9__corridorradius0.08__noplot__servebox,"{""--ablation"": ""full"", ""--ball-speed"": 9, ""--corridor-radius"": 0.08, ""--no-plot"": null, ""--serve-box"": null}",44,True,active,0.129569,1.964778,0.121278,40.0,105.0,1.83,1.0,2.2,20.0,0.129569,1.757,1.57,
exp18_sensitivity,ablationfull__ballspeed9__corridorradius0.08__noplot__servebox,"{""--ablation"": ""full"", ""--ball-speed"": 9, ""--corridor-radius"": 0.08, ""--no-plot"": null, ""--serve-box"": null}",39,True,active,0.091563,1.913835,0.091563,40.0,105.0,1.8,0.99,2.0,10.0,0.091563,1.773,2.5,
exp18_sensitivity,ablationfull__ballspeed9__corridorradius0.08__noplot__servebox,"{""--ablation"": ""full"", ""--ball-speed"": 9, ""--corridor-radius"": 0.08, ""--no-plot"": null, ""--serve-box"": null}",49,True,active,0.091451,1.949413,0.084789,45.0,105.0,1.78,0.99,1.9,20.0,0.091451,1.743,1.6,
exp18_sensitivity,ablationfull__ballspeed9__corridorradius0.08__noplot__servebox,"{""--ablation"": ""full"", ""--ball-speed"": 9, ""--corridor-radius"": 0.08, ""--no-plot"": null, ""--serve-box"": null}",43,True,active,0.115635,1.944806,0.113099,35.0,105.0,1.8,1.0,1.8,25.0,0.115635,1.395,2.25,
exp18_sensitivity,ablationfull__ballspeed9__corridorradius0.08__noplot__servebox,"{""--ablation"": ""full"", ""--ball-speed"": 9, ""--corridor-radius"": 0.08, ""--no-plot"": null, ""--serve-box"": null}",52,True,active,0.083167,1.959331,0.078374,35.0,105.0,1.8,0.99,1.5,20.0,0.083167,1.744,1.52,
exp18_sensitivity,ablationfull__ballspeed9__corridorradius0.08__noplot__servebox,"{""--ablation"": ""full"", ""--ball-speed"": 9, ""--corridor-radius"": 0.08, ""--no-plot"": null, ""--serve-box"": null}",46,True,active,0.108514,1.968238,0.104572,35.0,105.0,1.34,0.99,1.4,10.0,0.108514,1.098,2.04,
exp18_sensitivity,ablationfull__ballspeed9__corridorradius0.08__noplot__servebox,"{""--ablation"": ""full"", ""--ball-speed"": 9, ""--corridor-radius"": 0.08, ""--no-plot"": null, ""--serve-box"": null}",47,True,active,0.064986,1.887023,0.064986,50.0,105.0,1.52,0.98,1.6,10.0,0.064986,1.116,2.04,
exp18_sensitivity,ablationfull__ballspeed9__corridorradius0.08__noplot__servebox,"{""--ablation"": ""full"", ""--ball-speed"": 9, ""--corridor-radius"": 0.08, ""--no-plot"": null, ""--serve-box"": null}",54,True,active,0.026571,2.002054,0.026571,0.0,40.0,1.83,0.99,1.8,25.0,0.026571,1.798,1.56,
exp18_sensitivity,ablationfull__ballspeed9__corridorradius0.08__noplot__servebox,"{""--ablation"": ""full"", ""--ball-speed"": 9, ""--corridor-radius"": 0.08, ""--no-plot"": null, ""--serve-box"": null}",53,True,active,0.043134,1.938156,0.043134,40.0,105.0,1.41,1.0,1.5,10.0,0.043134,0.468,1.64,
exp18_sensitivity,ablationfull__ballspeed9__corridorradius0.08__noplot__servebox,"{""--ablation"": ""full"", ""--ball-speed"": 9, ""--corridor-radius"": 0.08, ""--no-plot"": null, ""--serve-box"": null}",55,True,active,0.088321,1.991799,0.082139,40.0,105.0,1.8,0.96,1.9,20.0,0.088321,1.797,1.5,
exp18_sensitivity,ablationfull__ballspeed9__corridorradius0.08__noplot__servebox,"{""--ablation"": ""full"", ""--ball-speed"": 9, ""--corridor-radius"": 0.08, ""--no-plot"": null, ""--serve-box"": null}",48,True,active,0.105052,1.942428,0.099423,35.0,105.0,1.79,1.0,1.7,20.0,0.105052,1.749,2.63,
exp18_sensitivity,ablationfull__ballspeed9__corridorradius0.08__noplot__servebox,"{""--ablation"": ""full"", ""--ball-speed"": 9, ""--corridor-radius"": 0.08, ""--no-plot"": null, ""--serve-box"": null}",59,True,active,0.096792,1.962975,0.089649,35.0,85.0,1.79,1.0,1.8,25.0,0.096792,1.79,1.73,
exp18_sensitivity,ablationfull__ballspeed9__corridorradius0.08__noplot__servebox,"{""--ablation"": ""full"", ""--ball-speed"": 9, ""--corridor-radius"": 0.08, ""--no-plot"": null, ""--serve-box"": null}",58,True,active,0.077255,1.896829,0.07613,45.0,105.0,1.4,1.0,1.8,15.0,0.077255,1.252,1.78,
exp18_sensitivity,ablationfull__ballspeed9__corridorradius0.08__noplot__servebox,"{""--ablation"": ""full"", ""--ball-speed"": 9, ""--corridor-radius"": 0.08, ""--no-plot"": null, ""--serve-box"": null}",60,True,active,0.127877,1.958514,0.126693,35.0,105.0,1.8,1.0,1.9,20.0,0.127877,1.571,1.55,
exp18_sensitivity,ablationfull__ballspeed9__corridorradius0.08__noplot__servebox,"{""--ablation"": ""full"", ""--ball-speed"": 9, ""--corridor-radius"": 0.08, ""--no-plot"": null, ""--serve-box"": null}",51,True,active,0.112971,1.953826,0.099566,40.0,105.0,1.68,1.0,1.8,15.0,0.112971,1.562,2.96,
exp18_sensitivity,ablationfull__ballspeed9__corridorradius0.08__noplot__servebox,"{""--ablation"": ""full"", ""--ball-speed"": 9, ""--corridor-radius"": 0.08, ""--no-plot"": null, ""--serve-box"": null}",62,True,active,0.095276,1.973722,0.092456,35.0,105.0,1.8,0.99,1.8,20.0,0.095276,1.673,1.6,
exp18_sensitivity,ablationfull__ballspeed9__corridorradius0.08__noplot__servebox,"{""--ablation"": ""full"", ""--ball-speed"": 9, ""--corridor-radius"": 0.08, ""--no-plot"": null, ""--serve-box"": null}",50,True,active,0.112875,1.922121,0.106058,30.0,85.0,1.81,1.0,2.0,20.0,0.112875,1.724,3.3,
exp18_sensitivity,ablationfull__ballspeed9__corridorradius0.08__noplot__servebox,"{""--ablation"": ""full"", ""--ball-speed"": 9, ""--corridor-radius"": 0.08, ""--no-plot"": null, ""--serve-box"": null}",64,True,active,0.128049,1.958689,0.118033,35.0,105.0,1.81,0.99,1.6,20.0,0.128049,1.687,1.66,
exp18_sensitivity,ablationfull__ballspeed9__corridorradius0.08__noplot__servebox,"{""--ablation"": ""full"", ""--ball-speed"": 9, ""--corridor-radius"": 0.08, ""--no-plot"": null, ""--serve-box"": null}",61,True,active,0.114322,1.984065,0.114322,30.0,105.0,1.81,1.0,1.6,20.0,0.114322,1.692,2.01,
exp18_sensitivity,ablationfull__ballspeed9__corridorradius0.08__noplot__servebox,"{""--ablation"": ""full"", ""--ball-speed"": 9, ""--corridor-radius"": 0.08, ""--no-plot"": null, ""--serve-box"": null}",66,True,active,0.124692,1.952175,0.112219,40.0,100.0,1.8,1.0,1.8,20.0,0.124692,1.52,1.74,
exp18_sensitivity,ablationfull__ballspeed9__corridorradius0.08__noplot__servebox,"{""--ablation"": ""full"", ""--ball-speed"": 9, ""--corridor-radius"": 0.08, ""--no-plot"": null, ""--serve-box"": null}",56,False,miss,0.368243,1.958887,0.147451,0.0,0.0,1.79,1.0,2.0,0.0,0.368243,0.0,2.91,
exp18_sensitivity,ablationfull__ballspeed9__corridorradius0.08__noplot__servebox,"{""--ablation"": ""full"", ""--ball-speed"": 9, ""--corridor-radius"": 0.08, ""--no-plot"": null, ""--serve-box"": null}",63,True,active,0.072822,1.982573,0.072822,40.0,105.0,1.81,1.0,1.5,20.0,0.072822,1.57,1.98,
exp18_sensitivity,ablationfull__ballspeed9__corridorradius0.08__noplot__servebox,"{""--ablation"": ""full"", ""--ball-speed"": 9, ""--corridor-radius"": 0.08, ""--no-plot"": null, ""--serve-box"": null}",67,True,active,0.073772,1.954487,0.073772,35.0,105.0,1.78,0.99,1.8,15.0,0.073772,1.568,1.75,
exp18_sensitivity,ablationfull__ballspeed9__corridorradius0.08__noplot__servebox,"{""--ablation"": ""full"", ""--ball-speed"": 9, ""--corridor-radius"": 0.08, ""--no-plot"": null, ""--serve-box"": null}",57,True,active,0.097787,1.972987,0.092844,0.0,0.0,1.8,0.93,2.0,20.0,0.097787,1.788,2.9,
exp18_sensitivity,ablationfull__ballspeed9__corridorradius0.08__noplot__servebox,"{""--ablation"": ""full"", ""--ball-speed"": 9, ""--corridor-radius"": 0.08, ""--no-plot"": null, ""--serve-box"": null}",68,True,active,0.071338,1.922423,0.064742,45.0,105.0,1.62,1.0,1.1,5.0,0.071338,1.194,1.74,
exp18_sensitivity,ablationfull__ballspeed9__corridorradius0.08__noplot__servebox,"{""--ablation"": ""full"", ""--ball-speed"": 9, ""--corridor-radius"": 0.08, ""--no-plot"": null, ""--serve-box"": null}",65,True,active,0.092848,1.993612,0.092848,30.0,105.0,1.82,1.0,1.8,20.0,0.092848,1.775,2.12,
exp18_sensitivity,ablationfull__ballspeed9__corridorradius0.08__noplot__servebox,"{""--ablation"": ""full"", ""--ball-speed"": 9, ""--corridor-radius"": 0.08, ""--no-plot"": null, ""--serve-box"": null}",70,True,active,0.08288,1.983896,0.08288,40.0,105.0,1.79,1.0,1.7,20.0,0.08288,1.761,1.48,
exp18_sensitivity,ablationfull__ballspeed9__corridorradius0.08__noplot__servebox,"{""--ablation"": ""full"", ""--ball-speed"": 9, ""--corridor-radius"": 0.08, ""--no-plot"": null, ""--serve-box"": null}",74,True,active,0.102083,1.949041,0.092378,40.0,105.0,1.8,0.99,1.8,20.0,0.102083,1.612,1.49,
exp18_sensitivity,ablationfull__ballspeed9__corridorradius0.08__noplot__servebox,"{""--ablation"": ""full"", ""--ball-speed"": 9, ""--corridor-radius"": 0.08, ""--no-plot"": null, ""--serve-box"": null}",73,True,active,0.140888,1.988809,0.136049,35.0,105.0,1.73,0.99,1.5,20.0,0.140888,1.456,1.66,
exp18_sensitivity,ablationfull__ballspeed9__corridorradius0.08__noplot__servebox,"{""--ablation"": ""full"", ""--ball-speed"": 9, ""--corridor-radius"": 0.08, ""--no-plot"": null, ""--serve-box"": null}",75,True,active,0.127345,1.946594,0.126064,35.0,105.0,1.3,0.99,1.5,5.0,0.127345,0.788,1.63,
exp18_sensitivity,ablationfull__ballspeed9__corridorradius0.08__noplot__servebox,"{""--ablation"": ""full"", ""--ball-speed"": 9, ""--corridor-radius"": 0.08, ""--no-plot"": null, ""--serve-box"": null}",69,True,active,0.118338,1.974652,0.11144,35.0,105.0,1.79,0.99,1.8,20.0,0.118338,1.752,2.49,
exp18_sensitivity,ablationfull__ballspeed9__corridorradius0.08__noplot__servebox,"{""--ablation"": ""full"", ""--ball-speed"": 9, ""--corridor-radius"": 0.08, ""--no-plot"": null, ""--serve-box"": null}",71,True,active,0.126617,1.976014,0.126617,20.0,80.0,1.78,1.0,1.9,25.0,0.126617,1.555,2.2,
exp18_sensitivity,ablationfull__ballspeed9__corridorradius0.08__noplot__servebox,"{""--ablation"": ""full"", ""--ball-speed"": 9, ""--corridor-radius"": 0.08, ""--no-plot"": null, ""--serve-box"": null}",77,True,active,0.092243,1.911208,0.082953,40.0,105.0,1.48,1.0,1.4,15.0,0.092243,1.407,1.5,
exp18_sensitivity,ablationfull__ballspeed9__corridorradius0.08__noplot__servebox,"{""--ablation"": ""full"", ""--ball-speed"": 9, ""--corridor-radius"": 0.08, ""--no-plot"": null, ""--serve-box"": null}",78,True,active,0.087029,1.939951,0.083848,35.0,105.0,1.8,0.99,1.8,20.0,0.087029,1.635,1.52,
exp18_sensitivity,ablationfull__ballspeed9__corridorradius0.08__noplot__servebox,"{""--ablation"": ""full"", ""--ball-speed"": 9, ""--corridor-radius"": 0.08, ""--no-plot"": null, ""--serve-box"": null}",80,True,active,0.030952,1.933759,0.030952,50.0,105.0,1.81,1.0,1.5,10.0,0.030952,0.789,1.55,
exp18_sensitivity,ablationfull__ballspeed9__corridorradius0.08__noplot__servebox,"{""--ablation"": ""full"", ""--ball-speed"": 9, ""--corridor-radius"": 0.08, ""--no-plot"": null, ""--serve-box"": null}",82,True,active,0.093209,1.964048,0.093209,30.0,105.0,1.81,0.99,1.7,20.0,0.093209,1.711,1.59,
exp18_sensitivity,ablationfull__ballspeed9__corridorradius0.08__noplot__servebox,"{""--ablation"": ""full"", ""--ball-speed"": 9, ""--corridor-radius"": 0.08, ""--no-plot"": null, ""--serve-box"": null}",84,True,active,0.076662,1.959537,0.070052,40.0,105.0,1.8,1.0,1.8,20.0,0.076662,1.718,1.69,
exp18_sensitivity,ablationfull__ballspeed9__corridorradius0.08__noplot__servebox,"{""--ablation"": ""full"", ""--ball-speed"": 9, ""--corridor-radius"": 0.08, ""--no-plot"": null, ""--serve-box"": null}",85,True,active,0.076235,1.966502,0.07422,40.0,105.0,1.8,0.99,1.6,10.0,0.076235,1.656,1.7,
exp18_sensitivity,ablationfull__ballspeed9__corridorradius0.08__noplot__servebox,"{""--ablation"": ""full"", ""--ball-speed"": 9, ""--corridor-radius"": 0.08, ""--no-plot"": null, ""--serve-box"": null}",72,True,active,0.074504,1.984458,0.074504,40.0,105.0,1.79,0.99,1.8,15.0,0.074504,1.748,2.97,
exp18_sensitivity,ablationfull__ballspeed9__corridorradius0.08__noplot__servebox,"{""--ablation"": ""full"", ""--ball-speed"": 9, ""--corridor-radius"": 0.08, ""--no-plot"": null, ""--serve-box"": null}",83,True,active,0.106134,1.987812,0.106134,40.0,105.0,1.59,1.0,1.5,15.0,0.106134,1.425,2.01,
exp18_sensitivity,ablationfull__ballspeed9__corridorradius0.08__noplot__servebox,"{""--ablation"": ""full"", ""--ball-speed"": 9, ""--corridor-radius"": 0.08, ""--no-plot"": null, ""--serve-box"": null}",81,True,active,0.071026,1.982943,0.071026,35.0,105.0,1.79,1.0,1.8,20.0,0.071026,1.411,2.55,
exp18_sensitivity,ablationfull__ballspeed9__corridorradius0.08__noplot__servebox,"{""--ablation"": ""full"", ""--ball-speed"": 9, ""--corridor-radius"": 0.08, ""--no-plot"": null, ""--serve-box"": null}",76,True,active,0.084514,1.911598,0.079248,0.0,0.0,1.68,0.99,1.8,15.0,0.084514,1.582,2.99,
exp18_sensitivity,ablationfull__ballspeed9__corridorradius0.08__noplot__servebox,"{""--ablation"": ""full"", ""--ball-speed"": 9, ""--corridor-radius"": 0.08, ""--no-plot"": null, ""--serve-box"": null}",89,True,active,0.079684,1.937969,0.079684,40.0,105.0,1.79,0.97,1.8,15.0,0.079684,1.784,1.39,
exp18_sensitivity,ablationfull__ballspeed9__corridorradius0.08__noplot__servebox,"{""--ablation"": ""full"", ""--ball-speed"": 9, ""--corridor-radius"": 0.08, ""--no-plot"": null, ""--serve-box"": null}",88,True,active,0.101658,1.967029,0.101658,35.0,105.0,1.8,0.99,2.0,20.0,0.101658,1.669,1.42,
exp18_sensitivity,ablationfull__ballspeed9__corridorradius0.08__noplot__servebox,"{""--ablation"": ""full"", ""--ball-speed"": 9, ""--corridor-radius"": 0.08, ""--no-plot"": null, ""--serve-box"": null}",90,True,active,0.0873,1.974534,0.085875,40.0,105.0,1.81,0.96,2.1,15.0,0.0873,1.806,1.43,
exp18_sensitivity,ablationfull__ballspeed9__corridorradius0.08__noplot__servebox,"{""--ablation"": ""full"", ""--ball-speed"": 9, ""--corridor-radius"": 0.08, ""--no-plot"": null, ""--serve-box"": null}",91,True,active,0.006855,1.964635,0.006855,55.0,105.0,1.6,1.0,1.5,5.0,0.006855,0.674,1.62,
exp18_sensitivity,ablationfull__ballspeed9__corridorradius0.08__noplot__servebox,"{""--ablation"": ""full"", ""--ball-speed"": 9, ""--corridor-radius"": 0.08, ""--no-plot"": null, ""--serve-box"": null}",93,True,active,0.095908,1.937912,0.085583,45.0,105.0,1.79,0.99,2.1,15.0,0.095908,1.731,1.45,
exp18_sensitivity,ablationfull__ballspeed9__corridorradius0.08__noplot__servebox,"{""--ablation"": ""full"", ""--ball-speed"": 9, ""--corridor-radius"": 0.08, ""--no-plot"": null, ""--serve-box"": null}",79,True,active,0.109758,1.943226,0.078903,25.0,60.0,1.79,0.99,1.6,20.0,0.109758,1.751,3.13,
exp18_sensitivity,ablationfull__ballspeed9__corridorradius0.08__noplot__servebox,"{""--ablation"": ""full"", ""--ball-speed"": 9, ""--corridor-radius"": 0.08, ""--no-plot"": null, ""--serve-box"": null}",94,True,active,0.094845,1.978893,0.094845,35.0,105.0,1.8,0.97,1.8,20.0,0.094845,1.744,1.64,
exp18_sensitivity,ablationfull__ballspeed9__corridorradius0.08__noplot__servebox,"{""--ablation"": ""full"", ""--ball-speed"": 9, ""--corridor-radius"": 0.08, ""--no-plot"": null, ""--serve-box"": null}",87,True,active,0.132267,1.950592,0.121873,35.0,100.0,1.78,0.99,1.9,20.0,0.132267,1.465,2.53,
exp18_sensitivity,ablationfull__ballspeed9__corridorradius0.08__noplot__servebox,"{""--ablation"": ""full"", ""--ball-speed"": 9, ""--corridor-radius"": 0.08, ""--no-plot"": null, ""--serve-box"": null}",86,True,active,0.084809,1.952287,0.084809,40.0,105.0,1.78,1.0,1.8,15.0,0.084809,1.657,2.88,
exp18_sensitivity,ablationfull__ballspeed9__corridorradius0.08__noplot__servebox,"{""--ablation"": ""full"", ""--ball-speed"": 9, ""--corridor-radius"": 0.08, ""--no-plot"": null, ""--serve-box"": null}",97,True,active,0.131887,1.974841,0.122394,30.0,85.0,1.79,1.0,1.9,20.0,0.131887,1.681,1.65,
exp18_sensitivity,ablationfull__ballspeed9__corridorradius0.08__noplot__servebox,"{""--ablation"": ""full"", ""--ball-speed"": 9, ""--corridor-radius"": 0.08, ""--no-plot"": null, ""--serve-box"": null}",99,True,active,0.122595,1.963723,0.117565,35.0,105.0,1.8,1.0,1.8,20.0,0.122595,1.802,1.44,
exp18_sensitivity,ablationfull__ballspeed9__corridorradius0.08__noplot__servebox,"{""--ablation"": ""full"", ""--ball-speed"": 9, ""--corridor-radius"": 0.08, ""--no-plot"": null, ""--serve-box"": null}",101,True,active,0.124136,1.97167,0.121518,30.0,105.0,1.8,1.0,1.6,20.0,0.124136,1.553,1.4,
exp18_sensitivity,ablationfull__ballspeed9__corridorradius0.08__noplot__servebox,"{""--ablation"": ""full"", ""--ball-speed"": 9, ""--corridor-radius"": 0.08, ""--no-plot"": null, ""--serve-box"": null}",100,True,active,0.081022,1.985072,0.076399,40.0,105.0,1.8,0.98,1.8,20.0,0.081022,1.777,1.58,
exp18_sensitivity,ablationfull__ballspeed9__corridorradius0.08__noplot__servebox,"{""--ablation"": ""full"", ""--ball-speed"": 9, ""--corridor-radius"": 0.08, ""--no-plot"": null, ""--serve-box"": null}",104,True,active,0.114982,1.966186,0.112157,35.0,105.0,1.81,0.99,1.6,20.0,0.114982,1.767,1.37,
exp18_sensitivity,ablationfull__ballspeed9__corridorradius0.08__noplot__servebox,"{""--ablation"": ""full"", ""--ball-speed"": 9, ""--corridor-radius"": 0.08, ""--no-plot"": null, ""--serve-box"": null}",92,True,active,0.106308,1.956972,0.086998,40.0,105.0,1.79,1.0,1.9,30.0,0.106308,1.716,2.92,
exp18_sensitivity,ablationfull__ballspeed9__corridorradius0.08__noplot__servebox,"{""--ablation"": ""full"", ""--ball-speed"": 9, ""--corridor-radius"": 0.08, ""--no-plot"": null, ""--serve-box"": null}",103,True,active,0.121845,1.958274,0.108106,40.0,105.0,1.79,1.0,1.7,20.0,0.121845,1.567,1.72,
exp18_sensitivity,ablationfull__ballspeed9__corridorradius0.08__noplot__servebox,"{""--ablation"": ""full"", ""--ball-speed"": 9, ""--corridor-radius"": 0.08, ""--no-plot"": null, ""--serve-box"": null}",105,True,active,0.110897,1.973746,0.103251,40.0,105.0,1.8,0.99,1.8,20.0,0.110897,1.475,1.54,
exp18_sensitivity,ablationfull__ballspeed9__corridorradius0.08__noplot__servebox,"{""--ablation"": ""full"", ""--ball-speed"": 9, ""--corridor-radius"": 0.08, ""--no-plot"": null, ""--serve-box"": null}",106,False,miss,0.411216,1.956274,0.134398,0.0,5.0,1.8,0.98,1.8,0.0,0.411216,0.0,1.64,
exp18_sensitivity,ablationfull__ballspeed9__corridorradius0.08__noplot__servebox,"{""--ablation"": ""full"", ""--ball-speed"": 9, ""--corridor-radius"": 0.08, ""--no-plot"": null, ""--serve-box"": null}",95,True,active,0.100284,1.933366,0.086382,40.0,105.0,1.76,0.99,1.8,25.0,0.100284,1.546,2.75,
exp18_sensitivity,ablationfull__ballspeed9__corridorradius0.08__noplot__servebox,"{""--ablation"": ""full"", ""--ball-speed"": 9, ""--corridor-radius"": 0.08, ""--no-plot"": null, ""--serve-box"": null}",96,True,active,0.083013,1.980064,0.077125,35.0,105.0,1.81,0.94,1.8,20.0,0.083013,1.739,2.78,
exp18_sensitivity,ablationfull__ballspeed9__corridorradius0.08__noplot__servebox,"{""--ablation"": ""full"", ""--ball-speed"": 9, ""--corridor-radius"": 0.08, ""--no-plot"": null, ""--serve-box"": null}",108,True,active,0.108957,1.992507,0.101555,40.0,105.0,1.8,0.98,2.1,20.0,0.108957,1.274,1.49,
exp18_sensitivity,ablationfull__ballspeed9__corridorradius0.08__noplot__servebox,"{""--ablation"": ""full"", ""--ball-speed"": 9, ""--corridor-radius"": 0.08, ""--no-plot"": null, ""--serve-box"": null}",98,True,active,0.085698,1.932211,0.056177,0.0,0.0,1.79,0.99,1.4,20.0,0.085698,1.706,2.81,
exp18_sensitivity,ablationfull__ballspeed9__corridorradius0.08__noplot__servebox,"{""--ablation"": ""full"", ""--ball-speed"": 9, ""--corridor-radius"": 0.08, ""--no-plot"": null, ""--serve-box"": null}",107,True,active,0.110179,1.983085,0.110179,35.0,105.0,1.8,1.0,2.1,20.0,0.110179,1.781,1.76,
exp18_sensitivity,ablationfull__ballspeed9__corridorradius0.08__noplot__servebox,"{""--ablation"": ""full"", ""--ball-speed"": 9, ""--corridor-radius"": 0.08, ""--no-plot"": null, ""--serve-box"": null}",121,,,,,,,,,,,,,,0.23,no_result
exp18_sensitivity,ablationfull__ballspeed9__corridorradius0.08__noplot__servebox,"{""--ablation"": ""full"", ""--ball-speed"": 9, ""--corridor-radius"": 0.08, ""--no-plot"": null, ""--serve-box"": null}",102,True,active,0.066595,1.983767,0.066291,45.0,105.0,1.8,0.99,1.6,15.0,0.066595,1.721,2.68,
exp18_sensitivity,ablationfull__ballspeed9__corridorradius0.08__noplot__servebox,"{""--ablation"": ""full"", ""--ball-speed"": 9, ""--corridor-radius"": 0.08, ""--no-plot"": null, ""--serve-box"": null}",110,True,active,0.070711,1.971015,0.068402,35.0,105.0,1.79,0.98,1.7,25.0,0.070711,1.777,1.51,
exp18_sensitivity,ablationfull__ballspeed9__corridorradius0.08__noplot__servebox,"{""--ablation"": ""full"", ""--ball-speed"": 9, ""--corridor-radius"": 0.08, ""--no-plot"": null, ""--serve-box"": null}",109,True,active,0.07688,1.997565,0.074277,40.0,105.0,1.81,0.99,1.5,20.0,0.07688,1.799,1.61,
exp18_sensitivity,ablationfull__ballspeed9__corridorradius0.08__noplot__servebox,"{""--ablation"": ""full"", ""--ball-speed"": 9, ""--corridor-radius"": 0.08, ""--no-plot"": null, ""--serve-box"": null}",112,True,active,0.079748,1.952637,0.074152,0.0,0.0,1.8,0.93,1.6,30.0,0.079748,1.782,1.47,
exp18_sensitivity,ablationfull__ballspeed9__corridorradius0.08__noplot__servebox,"{""--ablation"": ""full"", ""--ball-speed"": 9, ""--corridor-radius"": 0.08, ""--no-plot"": null, ""--serve-box"": null}",114,True,active,0.091585,1.921482,0.091585,35.0,105.0,1.8,0.99,1.5,15.0,0.091585,1.738,1.56,
exp18_sensitivity,ablationfull__ballspeed9__corridorradius0.08__noplot__servebox,"{""--ablation"": ""full"", ""--ball-speed"": 9, ""--corridor-radius"": 0.08, ""--no-plot"": null, ""--serve-box"": null}",111,True,active,0.109622,1.985088,0.107058,35.0,105.0,1.79,1.0,1.9,25.0,0.109622,1.795,2.01,
exp18_sensitivity,ablationfull__ballspeed9__corridorradius0.08__noplot__servebox,"{""--ablation"": ""full"", ""--ball-speed"": 9, ""--corridor-radius"": 0.08, ""--no-plot"": null, ""--serve-box"": null}",115,False,miss,0.345546,1.938723,0.102496,0.0,0.0,1.79,0.98,1.4,0.0,0.345546,0.0,1.78,
exp18_sensitivity,ablationfull__ballspeed9__corridorradius0.08__noplot__servebox,"{""--ablation"": ""full"", ""--ball-speed"": 9, ""--corridor-radius"": 0.08, ""--no-plot"": null, ""--serve-box"": null}",116,True,active,0.097995,1.960341,0.093404,35.0,105.0,1.8,1.0,1.7,20.0,0.097995,1.725,1.95,
exp18_sensitivity,ablationfull__ballspeed9__corridorradius0.08__noplot__servebox,"{""--ablation"": ""full"", ""--ball-speed"": 9, ""--corridor-radius"": 0.08, ""--no-plot"": null, ""--serve-box"": null}",122,True,active,0.139138,1.963283,0.133777,35.0,75.0,1.54,1.0,1.6,15.0,0.139138,1.421,1.54,
exp18_sensitivity,ablationfull__ballspeed9__corridorradius0.08__noplot__servebox,"{""--ablation"": ""full"", ""--ball-speed"": 9, ""--corridor-radius"": 0.08, ""--no-plot"": null, ""--serve-box"": null}",120,True,active,0.080371,1.939425,0.080129,40.0,105.0,1.82,0.97,2.0,10.0,0.080371,1.771,1.9,
exp18_sensitivity,ablationfull__ballspeed9__corridorradius0.08__noplot__servebox,"{""--ablation"": ""full"", ""--ball-speed"": 9, ""--corridor-radius"": 0.08, ""--no-plot"": null, ""--serve-box"": null}",126,True,active,0.101378,1.916182,0.100166,35.0,105.0,1.81,1.0,1.7,20.0,0.101378,1.617,1.56,
exp18_sensitivity,ablationfull__ballspeed9__corridorradius0.08__noplot__servebox,"{""--ablation"": ""full"", ""--ball-speed"": 9, ""--corridor-radius"": 0.08, ""--no-plot"": null, ""--serve-box"": null}",124,True,active,0.087846,1.959986,0.087846,40.0,105.0,1.78,1.0,1.7,15.0,0.087846,1.367,1.74,
exp18_sensitivity,ablationfull__ballspeed9__corridorradius0.08__noplot__servebox,"{""--ablation"": ""full"", ""--ball-speed"": 9, ""--corridor-radius"": 0.08, ""--no-plot"": null, ""--serve-box"": null}",127,True,active,0.111236,1.976647,0.109198,35.0,105.0,1.81,0.99,1.8,25.0,0.111236,1.742,1.63,
exp18_sensitivity,ablationfull__ballspeed9__corridorradius0.08__noplot__servebox,"{""--ablation"": ""full"", ""--ball-speed"": 9, ""--corridor-radius"": 0.08, ""--no-plot"": null, ""--serve-box"": null}",117,True,active,0.103578,1.955905,0.091088,0.0,0.0,1.8,1.0,1.7,20.0,0.103578,1.776,2.61,
exp18_sensitivity,ablationfull__ballspeed9__corridorradius0.08__noplot__servebox,"{""--ablation"": ""full"", ""--ball-speed"": 9, ""--corridor-radius"": 0.08, ""--no-plot"": null, ""--serve-box"": null}",113,True,active,0.090388,1.957588,0.067586,0.0,0.0,1.8,1.0,1.7,20.0,0.090388,1.759,3.04,
exp18_sensitivity,ablationfull__ballspeed9__corridorradius0.08__noplot__servebox,"{""--ablation"": ""full"", ""--ball-speed"": 9, ""--corridor-radius"": 0.08, ""--no-plot"": null, ""--serve-box"": null}",129,True,active,0.058378,1.954558,0.058378,35.0,105.0,1.71,0.99,1.8,15.0,0.058378,1.407,1.64,
exp18_sensitivity,ablationfull__ballspeed9__corridorradius0.08__noplot__servebox,"{""--ablation"": ""full"", ""--ball-speed"": 9, ""--corridor-radius"": 0.08, ""--no-plot"": null, ""--serve-box"": null}",131,True,active,0.093442,1.938754,0.093442,35.0,105.0,1.8,0.99,1.8,15.0,0.093442,1.707,1.52,
exp18_sensitivity,ablationfull__ballspeed9__corridorradius0.08__noplot__servebox,"{""--ablation"": ""full"", ""--ball-speed"": 9, ""--corridor-radius"": 0.08, ""--no-plot"": null, ""--serve-box"": null}",118,True,active,0.062579,1.959564,0.049539,45.0,105.0,1.79,0.97,1.7,20.0,0.062579,1.78,2.96,
exp18_sensitivity,ablationfull__ballspeed9__corridorradius0.08__noplot__servebox,"{""--ablation"": ""full"", ""--ball-speed"": 9, ""--corridor-radius"": 0.08, ""--no-plot"": null, ""--serve-box"": null}",119,True,active,0.082157,1.931792,0.082157,35.0,105.0,1.78,1.0,1.9,15.0,0.082157,1.496,3.06,
exp18_sensitivity,ablationfull__ballspeed9__corridorradius0.08__noplot__servebox,"{""--ablation"": ""full"", ""--ball-speed"": 9, ""--corridor-radius"": 0.08, ""--no-plot"": null, ""--serve-box"": null}",130,True,active,0.129977,1.953199,0.120676,25.0,70.0,1.81,0.99,1.7,25.0,0.129977,1.599,1.9,
exp18_sensitivity,ablationfull__ballspeed9__corridorradius0.08__noplot__servebox,"{""--ablation"": ""full"", ""--ball-speed"": 9, ""--corridor-radius"": 0.08, ""--no-plot"": null, ""--serve-box"": null}",128,True,active,0.12394,1.956239,0.114566,35.0,105.0,1.78,1.0,1.5,20.0,0.12394,1.68,2.43,
exp18_sensitivity,ablationfull__ballspeed9__corridorradius0.08__noplot__servebox,"{""--ablation"": ""full"", ""--ball-speed"": 9, ""--corridor-radius"": 0.08, ""--no-plot"": null, ""--serve-box"": null}",123,True,active,0.047339,1.958704,0.047339,45.0,105.0,1.76,1.0,1.9,5.0,0.047339,1.381,3.04,
exp18_sensitivity,ablationfull__ballspeed9__corridorradius0.08__noplot__servebox,"{""--ablation"": ""full"", ""--ball-speed"": 9, ""--corridor-radius"": 0.08, ""--no-plot"": null, ""--serve-box"": null}",125,False,miss,0.380078,1.957358,0.148217,25.0,100.0,1.47,1.0,1.4,0.0,0.380078,0.0,2.8,
exp18_sensitivity,ablationfull__ballspeed9__corridorradius0.08__noplot__servebox,"{""--ablation"": ""full"", ""--ball-speed"": 9, ""--corridor-radius"": 0.08, ""--no-plot"": null, ""--serve-box"": null}",134,True,active,0.139295,1.986623,0.131741,30.0,60.0,1.8,1.0,1.7,20.0,0.139295,1.602,1.47,
exp18_sensitivity,ablationfull__ballspeed9__corridorradius0.08__noplot__servebox,"{""--ablation"": ""full"", ""--ball-speed"": 9, ""--corridor-radius"": 0.08, ""--no-plot"": null, ""--serve-box"": null}",133,True,active,0.108627,1.976937,0.108627,35.0,105.0,1.82,0.99,1.8,15.0,0.108627,1.752,1.83,
exp18_sensitivity,ablationfull__ballspeed9__corridorradius0.08__noplot__servebox,"{""--ablation"": ""full"", ""--ball-speed"": 9, ""--corridor-radius"": 0.08, ""--no-plot"": null, ""--serve-box"": null}",137,False,miss,0.378947,1.932915,0.128041,0.0,0.0,1.79,1.0,1.6,0.0,0.378947,0.0,1.46,
exp18_sensitivity,ablationfull__ballspeed9__corridorradius0.08__noplot__servebox,"{""--ablation"": ""full"", ""--ball-speed"": 9, ""--corridor-radius"": 0.08, ""--no-plot"": null, ""--serve-box"": null}",138,True,active,0.046954,1.920348,0.046954,40.0,105.0,1.78,0.99,2.2,15.0,0.046954,0.32,1.51,
exp18_sensitivity,ablationfull__ballspeed9__corridorradius0.08__noplot__servebox,"{""--ablation"": ""full"", ""--ball-speed"": 9, ""--corridor-radius"": 0.08, ""--no-plot"": null, ""--serve-box"": null}",141,True,active,0.063105,1.97987,0.04681,45.0,105.0,1.79,0.97,1.5,20.0,0.063105,1.716,1.42,
exp18_sensitivity,ablationfull__ballspeed9__corridorradius0.08__noplot__servebox,"{""--ablation"": ""full"", ""--ball-speed"": 9, ""--corridor-radius"": 0.08, ""--no-plot"": null, ""--serve-box"": null}",139,True,active,0.113327,1.977376,0.109214,35.0,105.0,1.77,1.0,1.7,15.0,0.113327,1.657,1.91,
exp18_sensitivity,ablationfull__ballspeed9__corridorradius0.08__noplot__servebox,"{""--ablation"": ""full"", ""--ball-speed"": 9, ""--corridor-radius"": 0.08, ""--no-plot"": null, ""--serve-box"": null}",135,True,active,0.131625,1.97338,0.117388,35.0,105.0,1.81,1.0,1.7,25.0,0.131625,1.412,2.28,
exp18_sensitivity,ablationfull__ballspeed9__corridorradius0.08__noplot__servebox,"{""--ablation"": ""full"", ""--ball-speed"": 9, ""--corridor-radius"": 0.08, ""--no-plot"": null, ""--serve-box"": null}",132,False,miss,0.269969,1.937564,0.152857,25.0,45.0,1.14,1.0,1.7,0.0,0.269969,0.0,2.97,
exp18_sensitivity,ablationfull__ballspeed9__corridorradius0.08__noplot__servebox,"{""--ablation"": ""full"", ""--ball-speed"": 9, ""--corridor-radius"": 0.08, ""--no-plot"": null, ""--serve-box"": null}",143,True,active,0.103784,1.954463,0.103784,40.0,105.0,1.47,0.97,1.4,10.0,0.103784,0.916,1.59,
exp18_sensitivity,ablationfull__ballspeed9__corridorradius0.08__noplot__servebox,"{""--ablation"": ""full"", ""--ball-speed"": 9, ""--corridor-radius"": 0.08, ""--no-plot"": null, ""--serve-box"": null}",144,True,active,0.143254,1.964995,0.134838,40.0,70.0,1.79,1.0,1.8,15.0,0.143254,1.584,1.54,
exp18_sensitivity,ablationfull__ballspeed9__corridorradius0.08__noplot__servebox,"{""--ablation"": ""full"", ""--ball-speed"": 9, ""--corridor-radius"": 0.08, ""--no-plot"": null, ""--serve-box"": null}",147,True,active,0.081703,1.986957,0.081703,35.0,105.0,1.6,0.99,1.6,20.0,0.081703,1.183,1.45,
exp18_sensitivity,ablationfull__ballspeed9__corridorradius0.08__noplot__servebox,"{""--ablation"": ""full"", ""--ball-speed"": 9, ""--corridor-radius"": 0.08, ""--no-plot"": null, ""--serve-box"": null}",146,True,active,0.110942,1.978137,0.110942,35.0,105.0,1.8,0.99,1.9,15.0,0.110942,1.722,1.63,
exp18_sensitivity,ablationfull__ballspeed9__corridorradius0.08__noplot__servebox,"{""--ablation"": ""full"", ""--ball-speed"": 9, ""--corridor-radius"": 0.08, ""--no-plot"": null, ""--serve-box"": null}",142,True,active,0.104848,1.95924,0.093875,35.0,105.0,1.79,1.0,1.6,20.0,0.104848,1.67,2.15,
exp18_sensitivity,ablationfull__ballspeed9__corridorradius0.08__noplot__servebox,"{""--ablation"": ""full"", ""--ball-speed"": 9, ""--corridor-radius"": 0.08, ""--no-plot"": null, ""--serve-box"": null}",148,True,active,0.135567,1.949555,0.125194,35.0,80.0,1.8,1.0,1.8,20.0,0.135567,1.53,1.51,
exp18_sensitivity,ablationfull__ballspeed9__corridorradius0.08__noplot__servebox,"{""--ablation"": ""full"", ""--ball-speed"": 9, ""--corridor-radius"": 0.08, ""--no-plot"": null, ""--serve-box"": null}",140,True,active,0.072141,1.964875,0.070891,35.0,105.0,1.81,0.93,1.7,20.0,0.072141,1.788,2.53,
exp18_sensitivity,ablationfull__ballspeed9__corridorradius0.08__noplot__servebox,"{""--ablation"": ""full"", ""--ball-speed"": 9, ""--corridor-radius"": 0.08, ""--no-plot"": null, ""--serve-box"": null}",151,True,active,0.098083,1.977988,0.093909,35.0,105.0,1.81,0.98,1.7,20.0,0.098083,1.81,1.43,
exp18_sensitivity,ablationfull__ballspeed9__corridorradius0.08__noplot__servebox,"{""--ablation"": ""full"", ""--ball-speed"": 9, ""--corridor-radius"": 0.08, ""--no-plot"": null, ""--serve-box"": null}",136,True,active,0.094751,1.898696,0.094751,0.0,0.0,1.8,1.0,2.1,25.0,0.094751,1.748,3.22,
exp18_sensitivity,ablationfull__ballspeed9__corridorradius0.08__noplot__servebox,"{""--ablation"": ""full"", ""--ball-speed"": 9, ""--corridor-radius"": 0.08, ""--no-plot"": null, ""--serve-box"": null}",152,True,active,0.115234,1.975177,0.099524,40.0,105.0,1.8,0.99,1.5,20.0,0.115234,1.693,1.46,
exp18_sensitivity,ablationfull__ballspeed9__corridorradius0.08__noplot__servebox,"{""--ablation"": ""full"", ""--ball-speed"": 9, ""--corridor-radius"": 0.08, ""--no-plot"": null, ""--serve-box"": null}",149,True,active,0.111939,1.936127,0.105915,35.0,105.0,1.79,1.0,1.8,20.0,0.111939,1.513,2.18,
exp18_sensitivity,ablationfull__ballspeed9__corridorradius0.08__noplot__servebox,"{""--ablation"": ""full"", ""--ball-speed"": 9, ""--corridor-radius"": 0.08, ""--no-plot"": null, ""--serve-box"": null}",150,True,active,0.098667,1.963512,0.098667,35.0,105.0,1.79,0.98,2.0,20.0,0.098667,1.786,2.1,
exp18_sensitivity,ablationfull__ballspeed9__corridorradius0.08__noplot__servebox,"{""--ablation"": ""full"", ""--ball-speed"": 9, ""--corridor-radius"": 0.08, ""--no-plot"": null, ""--serve-box"": null}",153,True,active,0.117912,1.967996,0.112313,35.0,105.0,1.8,0.99,1.8,20.0,0.117912,1.623,1.52,
exp18_sensitivity,ablationfull__ballspeed9__corridorradius0.08__noplot__servebox,"{""--ablation"": ""full"", ""--ball-speed"": 9, ""--corridor-radius"": 0.08, ""--no-plot"": null, ""--serve-box"": null}",157,True,active,0.093985,1.970725,0.085612,35.0,100.0,1.8,0.99,1.8,20.0,0.093985,1.758,1.43,
exp18_sensitivity,ablationfull__ballspeed9__corridorradius0.08__noplot__servebox,"{""--ablation"": ""full"", ""--ball-speed"": 9, ""--corridor-radius"": 0.08, ""--no-plot"": null, ""--serve-box"": null}",155,True,active,0.122714,1.931215,0.122255,35.0,105.0,1.77,1.0,1.7,20.0,0.122714,1.73,1.62,
exp18_sensitivity,ablationfull__ballspeed9__corridorradius0.08__noplot__servebox,"{""--ablation"": ""full"", ""--ball-speed"": 9, ""--corridor-radius"": 0.08, ""--no-plot"": null, ""--serve-box"": null}",145,True,active,0.099721,1.950471,0.099721,35.0,105.0,1.79,1.0,1.7,20.0,0.099721,1.669,3.1,
exp18_sensitivity,ablationfull__ballspeed9__corridorradius0.08__noplot__servebox,"{""--ablation"": ""full"", ""--ball-speed"": 9, ""--corridor-radius"": 0.08, ""--no-plot"": null, ""--serve-box"": null}",159,True,active,0.056711,1.887501,0.056711,40.0,105.0,1.49,0.98,1.3,10.0,0.056711,1.124,1.49,
exp18_sensitivity,ablationfull__ballspeed9__corridorradius0.08__noplot__servebox,"{""--ablation"": ""full"", ""--ball-speed"": 9, ""--corridor-radius"": 0.08, ""--no-plot"": null, ""--serve-box"": null}",161,True,active,0.106078,1.943394,0.102915,0.0,0.0,1.78,1.0,2.0,15.0,0.106078,1.751,1.43,
exp18_sensitivity,ablationfull__ballspeed9__corridorradius0.08__noplot__servebox,"{""--ablation"": ""full"", ""--ball-speed"": 9, ""--corridor-radius"": 0.08, ""--no-plot"": null, ""--serve-box"": null}",160,True,active,0.129603,1.981715,0.127819,30.0,90.0,1.81,1.0,1.8,20.0,0.129603,1.734,1.47,
exp18_sensitivity,ablationfull__ballspeed9__corridorradius0.08__noplot__servebox,"{""--ablation"": ""full"", ""--ball-speed"": 9, ""--corridor-radius"": 0.08, ""--no-plot"": null, ""--serve-box"": null}",163,True,active,0.072533,1.97677,0.064292,40.0,105.0,1.79,0.99,1.5,20.0,0.072533,1.52,1.61,
exp18_sensitivity,ablationfull__ballspeed9__corridorradius0.08__noplot__servebox,"{""--ablation"": ""full"", ""--ball-speed"": 9, ""--corridor-radius"": 0.08, ""--no-plot"": null, ""--serve-box"": null}",158,True,active,0.129409,1.993032,0.124132,30.0,105.0,1.7,1.0,1.9,15.0,0.129409,1.7,2.29,
exp18_sensitivity,ablationfull__ballspeed9__corridorradius0.08__noplot__servebox,"{""--ablation"": ""full"", ""--ball-speed"": 9, ""--corridor-radius"": 0.08, ""--no-plot"": null, ""--serve-box"": null}",168,True,active,0.100733,1.97442,0.099746,0.0,0.0,1.81,0.99,1.8,20.0,0.100733,1.795,1.45,
exp18_sensitivity,ablationfull__ballspeed9__corridorradius0.08__noplot__servebox,"{""--ablation"": ""full"", ""--ball-speed"": 9, ""--corridor-radius"": 0.08, ""--no-plot"": null, ""--serve-box"": null}",166,True,active,0.097028,1.947739,0.089067,35.0,105.0,1.79,0.98,1.8,20.0,0.097028,1.787,1.64,
exp18_sensitivity,ablationfull__ballspeed9__corridorradius0.08__noplot__servebox,"{""--ablation"": ""full"", ""--ball-speed"": 9, ""--corridor-radius"": 0.08, ""--no-plot"": null, ""--serve-box"": null}",156,True,active,0.124137,1.971714,0.122294,30.0,105.0,1.8,1.0,1.6,25.0,0.124137,1.708,2.88,
exp18_sensitivity,ablationfull__ballspeed9__corridorradius0.08__noplot__servebox,"{""--ablation"": ""full"", ""--ball-speed"": 9, ""--corridor-radius"": 0.08, ""--no-plot"": null, ""--serve-box"": null}",154,True,active,0.134633,1.961966,0.115315,35.0,105.0,1.76,1.0,1.5,5.0,0.134633,0.866,3.02,
exp18_sensitivity,ablationfull__ballspeed9__corridorradius0.08__noplot__servebox,"{""--ablation"": ""full"", ""--ball-speed"": 9, ""--corridor-radius"": 0.08, ""--no-plot"": null, ""--serve-box"": null}",170,True,active,0.081461,1.951627,0.076519,40.0,105.0,1.82,0.99,1.6,15.0,0.081461,1.758,1.46,
exp18_sensitivity,ablationfull__ballspeed9__corridorradius0.08__noplot__servebox,"{""--ablation"": ""full"", ""--ball-speed"": 9, ""--corridor-radius"": 0.08, ""--no-plot"": null, ""--serve-box"": null}",165,True,active,0.066361,1.964232,0.066139,45.0,105.0,1.78,1.0,1.4,10.0,0.066361,1.453,1.98,
exp18_sensitivity,ablationfull__ballspeed9__corridorradius0.08__noplot__servebox,"{""--ablation"": ""full"", ""--ball-speed"": 9, ""--corridor-radius"": 0.08, ""--no-plot"": null, ""--serve-box"": null}",171,True,active,0.096158,1.96861,0.092403,35.0,105.0,1.31,1.0,1.3,5.0,0.096158,0.568,1.64,
exp18_sensitivity,ablationfull__ballspeed9__corridorradius0.08__noplot__servebox,"{""--ablation"": ""full"", ""--ball-speed"": 9, ""--corridor-radius"": 0.08, ""--no-plot"": null, ""--serve-box"": null}",172,True,active,0.097567,1.986431,0.097567,35.0,105.0,1.81,0.99,1.8,20.0,0.097567,1.728,1.47,
exp18_sensitivity,ablationfull__ballspeed9__corridorradius0.08__noplot__servebox,"{""--ablation"": ""full"", ""--ball-speed"": 9, ""--corridor-radius"": 0.08, ""--no-plot"": null, ""--serve-box"": null}",162,True,active,0.103909,1.933248,0.086251,0.0,35.0,1.79,1.0,1.6,20.0,0.103909,1.623,2.68,
exp18_sensitivity,ablationfull__ballspeed9__corridorradius0.08__noplot__servebox,"{""--ablation"": ""full"", ""--ball-speed"": 9, ""--corridor-radius"": 0.08, ""--no-plot"": null, ""--serve-box"": null}",174,True,active,0.113512,1.973196,0.112655,30.0,105.0,1.78,1.0,1.9,20.0,0.113512,1.708,1.5,
exp18_sensitivity,ablationfull__ballspeed9__corridorradius0.08__noplot__servebox,"{""--ablation"": ""full"", ""--ball-speed"": 9, ""--corridor-radius"": 0.08, ""--no-plot"": null, ""--serve-box"": null}",175,True,active,0.113295,1.961119,0.105308,40.0,105.0,1.74,1.0,1.5,10.0,0.113295,1.639,1.46,
exp18_sensitivity,ablationfull__ballspeed9__corridorradius0.08__noplot__servebox,"{""--ablation"": ""full"", ""--ball-speed"": 9, ""--corridor-radius"": 0.08, ""--no-plot"": null, ""--serve-box"": null}",164,True,active,0.095221,1.928559,0.09323,40.0,75.0,1.8,1.0,1.5,25.0,0.095221,1.176,2.98,
exp18_sensitivity,ablationfull__ballspeed9__corridorradius0.08__noplot__servebox,"{""--ablation"": ""full"", ""--ball-speed"": 9, ""--corridor-radius"": 0.08, ""--no-plot"": null, ""--serve-box"": null}",176,True,active,0.163581,1.918315,0.138631,30.0,105.0,1.27,1.0,1.7,10.0,0.163581,0.319,1.44,
exp18_sensitivity,ablationfull__ballspeed9__corridorradius0.08__noplot__servebox,"{""--ablation"": ""full"", ""--ball-speed"": 9, ""--corridor-radius"": 0.08, ""--no-plot"": null, ""--serve-box"": null}",173,True,active,0.127702,1.965438,0.122274,30.0,105.0,1.79,1.0,1.9,20.0,0.127702,1.637,2.17,
exp18_sensitivity,ablationfull__ballspeed9__corridorradius0.08__noplot__servebox,"{""--ablation"": ""full"", ""--ball-speed"": 9, ""--corridor-radius"": 0.08, ""--no-plot"": null, ""--serve-box"": null}",167,True,active,0.059986,1.948725,0.047164,45.0,105.0,1.79,1.0,1.6,10.0,0.059986,0.868,2.97,
exp18_sensitivity,ablationfull__ballspeed9__corridorradius0.08__noplot__servebox,"{""--ablation"": ""full"", ""--ball-speed"": 9, ""--corridor-radius"": 0.08, ""--no-plot"": null, ""--serve-box"": null}",177,True,active,0.14746,1.950524,0.14492,30.0,40.0,1.8,0.99,1.8,25.0,0.14746,1.715,1.54,
exp18_sensitivity,ablationfull__ballspeed9__corridorradius0.08__noplot__servebox,"{""--ablation"": ""full"", ""--ball-speed"": 9, ""--corridor-radius"": 0.08, ""--no-plot"": null, ""--serve-box"": null}",181,True,active,0.051449,2.00907,0.051449,40.0,105.0,1.76,0.99,1.4,15.0,0.051449,1.737,1.47,
exp18_sensitivity,ablationfull__ballspeed9__corridorradius0.08__noplot__servebox,"{""--ablation"": ""full"", ""--ball-speed"": 9, ""--corridor-radius"": 0.08, ""--no-plot"": null, ""--serve-box"": null}",169,True,active,0.033226,1.945711,0.028753,40.0,100.0,1.81,1.0,1.6,20.0,0.033226,1.082,3.08,
exp18_sensitivity,ablationfull__ballspeed9__corridorradius0.08__noplot__servebox,"{""--ablation"": ""full"", ""--ball-speed"": 9, ""--corridor-radius"": 0.08, ""--no-plot"": null, ""--serve-box"": null}",182,True,active,0.052895,1.986359,0.052895,45.0,105.0,1.7,1.0,1.4,15.0,0.052895,1.22,1.48,
exp18_sensitivity,ablationfull__ballspeed9__corridorradius0.08__noplot__servebox,"{""--ablation"": ""full"", ""--ball-speed"": 9, ""--corridor-radius"": 0.08, ""--no-plot"": null, ""--serve-box"": null}",179,True,active,0.072149,1.934869,0.067801,45.0,105.0,1.8,1.0,1.8,15.0,0.072149,1.633,1.85,
exp18_sensitivity,ablationfull__ballspeed9__corridorradius0.08__noplot__servebox,"{""--ablation"": ""full"", ""--ball-speed"": 9, ""--corridor-radius"": 0.08, ""--no-plot"": null, ""--serve-box"": null}",183,True,active,0.048197,1.999027,0.048197,40.0,105.0,1.79,0.99,1.8,15.0,0.048197,1.613,1.54,
exp18_sensitivity,ablationfull__ballspeed9__corridorradius0.08__noplot__servebox,"{""--ablation"": ""full"", ""--ball-speed"": 9, ""--corridor-radius"": 0.08, ""--no-plot"": null, ""--serve-box"": null}",186,True,active,0.090713,1.974626,0.085797,35.0,105.0,1.81,1.0,1.6,20.0,0.090713,1.743,1.6,
exp18_sensitivity,ablationfull__ballspeed9__corridorradius0.08__noplot__servebox,"{""--ablation"": ""full"", ""--ball-speed"": 9, ""--corridor-radius"": 0.08, ""--no-plot"": null, ""--serve-box"": null}",187,True,active,0.097377,1.943765,0.084485,0.0,0.0,1.78,0.99,2.1,20.0,0.097377,1.736,1.44,
exp18_sensitivity,ablationfull__ballspeed9__corridorradius0.08__noplot__servebox,"{""--ablation"": ""full"", ""--ball-speed"": 9, ""--corridor-radius"": 0.08, ""--no-plot"": null, ""--serve-box"": null}",189,True,active,0.132962,1.95439,0.122868,40.0,105.0,1.76,1.0,1.7,10.0,0.132962,1.481,1.45,
exp18_sensitivity,ablationfull__ballspeed9__corridorradius0.08__noplot__servebox,"{""--ablation"": ""full"", ""--ball-speed"": 9, ""--corridor-radius"": 0.08, ""--no-plot"": null, ""--serve-box"": null}",184,True,active,0.076913,1.956977,0.076913,35.0,105.0,1.35,1.0,1.6,15.0,0.076913,1.061,2.17,
exp18_sensitivity,ablationfull__ballspeed9__corridorradius0.08__noplot__servebox,"{""--ablation"": ""full"", ""--ball-speed"": 9, ""--corridor-radius"": 0.08, ""--no-plot"": null, ""--serve-box"": null}",190,True,active,0.054259,1.987819,0.054259,40.0,105.0,1.81,0.9,1.6,15.0,0.054259,1.779,1.54,
exp18_sensitivity,ablationfull__ballspeed9__corridorradius0.08__noplot__servebox,"{""--ablation"": ""full"", ""--ball-speed"": 9, ""--corridor-radius"": 0.08, ""--no-plot"": null, ""--serve-box"": null}",192,True,active,0.088949,1.944635,0.082626,40.0,105.0,1.6,1.0,1.5,10.0,0.088949,1.272,1.51,
exp18_sensitivity,ablationfull__ballspeed9__corridorradius0.08__noplot__servebox,"{""--ablation"": ""full"", ""--ball-speed"": 9, ""--corridor-radius"": 0.08, ""--no-plot"": null, ""--serve-box"": null}",178,True,active,0.096428,1.96449,0.091924,40.0,105.0,1.8,1.0,1.7,20.0,0.096428,1.411,2.97,
exp18_sensitivity,ablationfull__ballspeed9__corridorradius0.08__noplot__servebox,"{""--ablation"": ""full"", ""--ball-speed"": 9, ""--corridor-radius"": 0.08, ""--no-plot"": null, ""--serve-box"": null}",180,True,active,0.12098,2.00015,0.12098,25.0,80.0,1.81,0.96,1.8,25.0,0.12098,1.799,2.94,
exp18_sensitivity,ablationfull__ballspeed9__corridorradius0.08__noplot__servebox,"{""--ablation"": ""full"", ""--ball-speed"": 9, ""--corridor-radius"": 0.08, ""--no-plot"": null, ""--serve-box"": null}",185,True,active,0.059917,2.00798,0.059917,40.0,105.0,1.8,0.99,1.4,20.0,0.059917,1.779,2.55,
exp18_sensitivity,ablationfull__ballspeed9__corridorradius0.08__noplot__servebox,"{""--ablation"": ""full"", ""--ball-speed"": 9, ""--corridor-radius"": 0.08, ""--no-plot"": null, ""--serve-box"": null}",193,True,active,0.124329,1.957628,0.116497,40.0,105.0,1.79,1.0,1.7,15.0,0.124329,1.707,1.51,
exp18_sensitivity,ablationfull__ballspeed9__corridorradius0.08__noplot__servebox,"{""--ablation"": ""full"", ""--ball-speed"": 9, ""--corridor-radius"": 0.08, ""--no-plot"": null, ""--serve-box"": null}",194,True,active,0.102745,1.979828,0.101587,40.0,105.0,1.8,0.99,1.6,20.0,0.102745,1.729,1.63,
exp18_sensitivity,ablationfull__ballspeed9__corridorradius0.08__noplot__servebox,"{""--ablation"": ""full"", ""--ball-speed"": 9, ""--corridor-radius"": 0.08, ""--no-plot"": null, ""--serve-box"": null}",197,True,active,0.106148,1.985805,0.100884,30.0,105.0,1.81,0.98,1.8,25.0,0.106148,1.442,1.46,
exp18_sensitivity,ablationfull__ballspeed9__corridorradius0.08__noplot__servebox,"{""--ablation"": ""full"", ""--ball-speed"": 9, ""--corridor-radius"": 0.08, ""--no-plot"": null, ""--serve-box"": null}",188,True,active,0.100143,1.975348,0.100143,40.0,105.0,1.56,1.0,1.7,15.0,0.100143,1.51,3.0,
exp18_sensitivity,ablationfull__ballspeed9__corridorradius0.08__noplot__servebox,"{""--ablation"": ""full"", ""--ball-speed"": 9, ""--corridor-radius"": 0.08, ""--no-plot"": null, ""--serve-box"": null}",195,True,active,0.100155,1.963287,0.100155,40.0,105.0,1.8,0.99,1.7,15.0,0.100155,1.632,2.27,
exp18_sensitivity,ablationfull__ballspeed9__corridorradius0.08__noplot__servebox,"{""--ablation"": ""full"", ""--ball-speed"": 9, ""--corridor-radius"": 0.08, ""--no-plot"": null, ""--serve-box"": null}",200,False,miss,0.348115,1.922775,0.143696,0.0,0.0,1.4,1.0,1.6,0.0,0.348115,0.0,1.55,
exp18_sensitivity,ablationfull__ballspeed9__corridorradius0.08__noplot__servebox,"{""--ablation"": ""full"", ""--ball-speed"": 9, ""--corridor-radius"": 0.08, ""--no-plot"": null, ""--serve-box"": null}",191,True,active,0.109305,1.980519,0.10374,35.0,105.0,1.8,0.99,1.9,20.0,0.109305,1.752,2.96,
exp18_sensitivity,ablationfull__ballspeed9__corridorradius0.08__noplot__servebox,"{""--ablation"": ""full"", ""--ball-speed"": 9, ""--corridor-radius"": 0.08, ""--no-plot"": null, ""--serve-box"": null}",198,True,active,0.073186,1.987795,0.073186,35.0,105.0,1.78,0.98,1.6,15.0,0.073186,1.552,2.15,
exp18_sensitivity,ablationtube_only__ballspeed9__corridorradius0.08__noplot__servebox,"{""--ablation"": ""tube_only"", ""--ball-speed"": 9, ""--corridor-radius"": 0.08, ""--no-plot"": null, ""--serve-box"": null}",2,True,active,0.093309,1.928253,0.078252,0.0,0.0,1.7,1.0,2.3,10.0,0.093309,1.693,1.67,
exp18_sensitivity,ablationtube_only__ballspeed9__corridorradius0.08__noplot__servebox,"{""--ablation"": ""tube_only"", ""--ball-speed"": 9, ""--corridor-radius"": 0.08, ""--no-plot"": null, ""--serve-box"": null}",5,False,miss,0.296174,1.924689,0.088631,0.0,0.0,1.15,1.0,1.1,0.0,0.296174,0.0,1.5,
exp18_sensitivity,ablationtube_only__ballspeed9__corridorradius0.08__noplot__servebox,"{""--ablation"": ""tube_only"", ""--ball-speed"": 9, ""--corridor-radius"": 0.08, ""--no-plot"": null, ""--serve-box"": null}",6,True,active,0.055962,1.933181,0.055962,40.0,105.0,1.78,0.97,1.7,15.0,0.055962,1.775,1.53,
exp18_sensitivity,ablationtube_only__ballspeed9__corridorradius0.08__noplot__servebox,"{""--ablation"": ""tube_only"", ""--ball-speed"": 9, ""--corridor-radius"": 0.08, ""--no-plot"": null, ""--serve-box"": null}",7,True,active,0.101428,1.91969,0.06644,0.0,0.0,1.75,0.98,2.0,15.0,0.101428,1.647,1.51,
exp18_sensitivity,ablationtube_only__ballspeed9__corridorradius0.08__noplot__servebox,"{""--ablation"": ""tube_only"", ""--ball-speed"": 9, ""--corridor-radius"": 0.08, ""--no-plot"": null, ""--serve-box"": null}",4,True,active,0.118868,1.939288,0.099765,40.0,105.0,1.76,0.98,1.9,15.0,0.118868,1.75,1.75,
exp18_sensitivity,ablationfull__ballspeed9__corridorradius0.08__noplot__servebox,"{""--ablation"": ""full"", ""--ball-speed"": 9, ""--corridor-radius"": 0.08, ""--no-plot"": null, ""--serve-box"": null}",196,False,miss,0.400557,1.960763,0.134641,20.0,75.0,1.79,0.99,1.8,0.0,0.400557,0.0,2.88,
exp18_sensitivity,ablationtube_only__ballspeed9__corridorradius0.08__noplot__servebox,"{""--ablation"": ""tube_only"", ""--ball-speed"": 9, ""--corridor-radius"": 0.08, ""--no-plot"": null, ""--serve-box"": null}",3,False,miss,0.342715,1.913841,0.17159,15.0,0.0,1.12,1.0,1.4,0.0,0.342715,0.0,1.87,
exp18_sensitivity,ablationtube_only__ballspeed9__corridorradius0.08__noplot__servebox,"{""--ablation"": ""tube_only"", ""--ball-speed"": 9, ""--corridor-radius"": 0.08, ""--no-plot"": null, ""--serve-box"": null}",9,False,miss,0.327477,1.954936,0.147605,20.0,40.0,1.79,1.0,1.9,0.0,0.327477,0.0,1.51,
exp18_sensitivity,ablationtube_only__ballspeed9__corridorradius0.08__noplot__servebox,"{""--ablation"": ""tube_only"", ""--ball-speed"": 9, ""--corridor-radius"": 0.08, ""--no-plot"": null, ""--serve-box"": null}",20,,,,,,,,,,,,,,0.22,no_result
exp18_sensitivity,ablationfull__ballspeed9__corridorradius0.08__noplot__servebox,"{""--ablation"": ""full"", ""--ball-speed"": 9, ""--corridor-radius"": 0.08, ""--no-plot"": null, ""--serve-box"": null}",199,True,active,0.10419,1.967371,0.089193,35.0,70.0,1.79,0.99,1.7,25.0,0.10419,1.704,2.65,
exp18_sensitivity,ablationtube_only__ballspeed9__corridorradius0.08__noplot__servebox,"{""--ablation"": ""tube_only"", ""--ball-speed"": 9, ""--corridor-radius"": 0.08, ""--no-plot"": null, ""--serve-box"": null}",21,,,,,,,,,,,,,,0.31,no_result
exp18_sensitivity,ablationtube_only__ballspeed9__corridorradius0.08__noplot__servebox,"{""--ablation"": ""tube_only"", ""--ball-speed"": 9, ""--corridor-radius"": 0.08, ""--no-plot"": null, ""--serve-box"": null}",8,True,passive,0.100703,1.955679,0.091533,45.0,105.0,0.97,1.0,1.3,5.0,0.100703,0.161,2.15,
exp18_sensitivity,ablationtube_only__ballspeed9__corridorradius0.08__noplot__servebox,"{""--ablation"": ""tube_only"", ""--ball-speed"": 9, ""--corridor-radius"": 0.08, ""--no-plot"": null, ""--serve-box"": null}",11,True,active,0.08926,1.885985,0.082303,45.0,105.0,1.67,0.97,1.6,5.0,0.08926,1.278,1.5,
exp18_sensitivity,ablationtube_only__ballspeed9__corridorradius0.08__noplot__servebox,"{""--ablation"": ""tube_only"", ""--ball-speed"": 9, ""--corridor-radius"": 0.08, ""--no-plot"": null, ""--serve-box"": null}",1,True,active,0.091099,1.893504,0.081342,40.0,95.0,1.78,1.0,1.8,15.0,0.091099,1.782,3.02,
exp18_sensitivity,ablationtube_only__ballspeed9__corridorradius0.08__noplot__servebox,"{""--ablation"": ""tube_only"", ""--ball-speed"": 9, ""--corridor-radius"": 0.08, ""--no-plot"": null, ""--serve-box"": null}",13,True,active,0.047118,1.934848,0.040572,0.0,0.0,1.42,0.99,1.2,20.0,0.047118,1.296,1.55,
exp18_sensitivity,ablationtube_only__ballspeed9__corridorradius0.08__noplot__servebox,"{""--ablation"": ""tube_only"", ""--ball-speed"": 9, ""--corridor-radius"": 0.08, ""--no-plot"": null, ""--serve-box"": null}",15,True,active,0.106102,1.944144,0.086935,0.0,0.0,1.77,0.97,2.1,15.0,0.106102,1.769,1.44,
exp18_sensitivity,ablationtube_only__ballspeed9__corridorradius0.08__noplot__servebox,"{""--ablation"": ""tube_only"", ""--ball-speed"": 9, ""--corridor-radius"": 0.08, ""--no-plot"": null, ""--serve-box"": null}",16,True,active,0.078687,1.96687,0.032886,0.0,0.0,1.78,0.98,1.9,20.0,0.078687,1.769,1.47,
exp18_sensitivity,ablationtube_only__ballspeed9__corridorradius0.08__noplot__servebox,"{""--ablation"": ""tube_only"", ""--ball-speed"": 9, ""--corridor-radius"": 0.08, ""--no-plot"": null, ""--serve-box"": null}",17,True,active,0.10384,1.929115,0.099716,40.0,105.0,1.61,0.99,2.2,10.0,0.10384,1.609,1.5,
exp18_sensitivity,ablationtube_only__ballspeed9__corridorradius0.08__noplot__servebox,"{""--ablation"": ""tube_only"", ""--ball-speed"": 9, ""--corridor-radius"": 0.08, ""--no-plot"": null, ""--serve-box"": null}",19,True,active,0.108854,1.889957,0.080562,0.0,0.0,1.54,0.98,1.6,15.0,0.108854,1.544,1.61,
exp18_sensitivity,ablationtube_only__ballspeed9__corridorradius0.08__noplot__servebox,"{""--ablation"": ""tube_only"", ""--ball-speed"": 9, ""--corridor-radius"": 0.08, ""--no-plot"": null, ""--serve-box"": null}",14,True,active,0.117587,1.982497,0.107806,40.0,105.0,1.79,1.0,1.7,10.0,0.117587,1.67,2.03,
exp18_sensitivity,ablationtube_only__ballspeed9__corridorradius0.08__noplot__servebox,"{""--ablation"": ""tube_only"", ""--ball-speed"": 9, ""--corridor-radius"": 0.08, ""--no-plot"": null, ""--serve-box"": null}",25,True,active,0.098646,1.92476,0.066797,40.0,105.0,1.78,1.0,1.7,15.0,0.098646,1.783,1.53,
exp18_sensitivity,ablationtube_only__ballspeed9__corridorradius0.08__noplot__servebox,"{""--ablation"": ""tube_only"", ""--ball-speed"": 9, ""--corridor-radius"": 0.08, ""--no-plot"": null, ""--serve-box"": null}",26,True,active,0.079218,1.91751,0.079218,0.0,0.0,1.79,0.97,2.0,20.0,0.079218,1.79,1.52,
exp18_sensitivity,ablationtube_only__ballspeed9__corridorradius0.08__noplot__servebox,"{""--ablation"": ""tube_only"", ""--ball-speed"": 9, ""--corridor-radius"": 0.08, ""--no-plot"": null, ""--serve-box"": null}",10,True,active,0.10927,1.949302,0.105109,40.0,105.0,1.4,1.0,1.4,10.0,0.10927,1.244,3.05,
exp18_sensitivity,ablationtube_only__ballspeed9__corridorradius0.08__noplot__servebox,"{""--ablation"": ""tube_only"", ""--ball-speed"": 9, ""--corridor-radius"": 0.08, ""--no-plot"": null, ""--serve-box"": null}",12,True,active,0.022409,1.972843,0.022409,40.0,80.0,1.78,0.97,1.5,10.0,0.022409,1.757,2.93,
exp18_sensitivity,ablationtube_only__ballspeed9__corridorradius0.08__noplot__servebox,"{""--ablation"": ""tube_only"", ""--ball-speed"": 9, ""--corridor-radius"": 0.08, ""--no-plot"": null, ""--serve-box"": null}",27,True,passive,0.084455,1.937113,0.071446,45.0,105.0,1.3,1.0,1.3,5.0,0.084455,0.094,1.55,
exp18_sensitivity,ablationtube_only__ballspeed9__corridorradius0.08__noplot__servebox,"{""--ablation"": ""tube_only"", ""--ball-speed"": 9, ""--corridor-radius"": 0.08, ""--no-plot"": null, ""--serve-box"": null}",23,True,active,0.08794,1.958936,0.078597,40.0,105.0,1.77,1.0,1.9,10.0,0.08794,1.77,2.24,
exp18_sensitivity,ablationtube_only__ballspeed9__corridorradius0.08__noplot__servebox,"{""--ablation"": ""tube_only"", ""--ball-speed"": 9, ""--corridor-radius"": 0.08, ""--no-plot"": null, ""--serve-box"": null}",28,False,miss,0.280732,1.900357,0.094158,0.0,0.0,1.3,1.0,1.4,0.0,0.280732,0.0,1.55,
exp18_sensitivity,ablationtube_only__ballspeed9__corridorradius0.08__noplot__servebox,"{""--ablation"": ""tube_only"", ""--ball-speed"": 9, ""--corridor-radius"": 0.08, ""--no-plot"": null, ""--serve-box"": null}",30,True,active,0.092892,1.936694,0.061293,0.0,0.0,1.77,0.98,1.8,15.0,0.092892,1.737,1.42,
exp18_sensitivity,ablationtube_only__ballspeed9__corridorradius0.08__noplot__servebox,"{""--ablation"": ""tube_only"", ""--ball-speed"": 9, ""--corridor-radius"": 0.08, ""--no-plot"": null, ""--serve-box"": null}",32,True,active,0.107829,1.949082,0.081965,40.0,105.0,1.77,0.99,1.7,15.0,0.107829,1.773,1.39,
exp18_sensitivity,ablationtube_only__ballspeed9__corridorradius0.08__noplot__servebox,"{""--ablation"": ""tube_only"", ""--ball-speed"": 9, ""--corridor-radius"": 0.08, ""--no-plot"": null, ""--serve-box"": null}",18,True,active,0.128929,1.958824,0.114295,35.0,105.0,1.78,0.98,1.9,15.0,0.128929,1.743,3.02,
exp18_sensitivity,ablationtube_only__ballspeed9__corridorradius0.08__noplot__servebox,"{""--ablation"": ""tube_only"", ""--ball-speed"": 9, ""--corridor-radius"": 0.08, ""--no-plot"": null, ""--serve-box"": null}",34,True,active,0.105097,1.956305,0.097387,40.0,105.0,1.78,1.0,1.5,10.0,0.105097,1.784,1.46,
exp18_sensitivity,ablationtube_only__ballspeed9__corridorradius0.08__noplot__servebox,"{""--ablation"": ""tube_only"", ""--ball-speed"": 9, ""--corridor-radius"": 0.08, ""--no-plot"": null, ""--serve-box"": null}",24,True,active,0.088386,1.960253,0.073033,20.0,40.0,1.81,0.95,2.0,15.0,0.088386,1.79,2.83,
exp18_sensitivity,ablationtube_only__ballspeed9__corridorradius0.08__noplot__servebox,"{""--ablation"": ""tube_only"", ""--ball-speed"": 9, ""--corridor-radius"": 0.08, ""--no-plot"": null, ""--serve-box"": null}",31,True,active,0.106361,1.94348,0.106086,40.0,105.0,1.79,1.0,1.6,10.0,0.106361,1.602,1.89,
exp18_sensitivity,ablationtube_only__ballspeed9__corridorradius0.08__noplot__servebox,"{""--ablation"": ""tube_only"", ""--ball-speed"": 9, ""--corridor-radius"": 0.08, ""--no-plot"": null, ""--serve-box"": null}",33,True,active,0.093399,1.962691,0.076951,45.0,105.0,1.81,0.99,1.6,10.0,0.093399,1.798,1.58,
exp18_sensitivity,ablationtube_only__ballspeed9__corridorradius0.08__noplot__servebox,"{""--ablation"": ""tube_only"", ""--ball-speed"": 9, ""--corridor-radius"": 0.08, ""--no-plot"": null, ""--serve-box"": null}",22,True,active,0.089804,1.884664,0.065916,0.0,0.0,1.8,0.99,1.9,20.0,0.089804,1.715,3.13,
exp18_sensitivity,ablationtube_only__ballspeed9__corridorradius0.08__noplot__servebox,"{""--ablation"": ""tube_only"", ""--ball-speed"": 9, ""--corridor-radius"": 0.08, ""--no-plot"": null, ""--serve-box"": null}",29,True,active,0.070303,1.869744,0.070303,40.0,105.0,1.51,1.0,1.5,5.0,0.070303,0.43,2.5,
exp18_sensitivity,ablationtube_only__ballspeed9__corridorradius0.08__noplot__servebox,"{""--ablation"": ""tube_only"", ""--ball-speed"": 9, ""--corridor-radius"": 0.08, ""--no-plot"": null, ""--serve-box"": null}",38,True,active,0.084375,1.931926,0.081727,35.0,105.0,1.79,0.99,1.8,15.0,0.084375,1.788,1.44,
exp18_sensitivity,ablationtube_only__ballspeed9__corridorradius0.08__noplot__servebox,"{""--ablation"": ""tube_only"", ""--ball-speed"": 9, ""--corridor-radius"": 0.08, ""--no-plot"": null, ""--serve-box"": null}",35,True,active,0.109842,1.917146,0.09089,0.0,0.0,1.8,1.0,1.7,15.0,0.109842,1.722,1.99,
exp18_sensitivity,ablationtube_only__ballspeed9__corridorradius0.08__noplot__servebox,"{""--ablation"": ""tube_only"", ""--ball-speed"": 9, ""--corridor-radius"": 0.08, ""--no-plot"": null, ""--serve-box"": null}",40,True,active,0.09519,1.943328,0.090619,40.0,105.0,1.64,0.99,1.5,5.0,0.09519,0.927,1.48,
exp18_sensitivity,ablationtube_only__ballspeed9__corridorradius0.08__noplot__servebox,"{""--ablation"": ""tube_only"", ""--ball-speed"": 9, ""--corridor-radius"": 0.08, ""--no-plot"": null, ""--serve-box"": null}",37,True,active,0.112824,1.928016,0.107362,0.0,20.0,1.77,0.99,1.8,10.0,0.112824,1.723,2.08,
exp18_sensitivity,ablationtube_only__ballspeed9__corridorradius0.08__noplot__servebox,"{""--ablation"": ""tube_only"", ""--ball-speed"": 9, ""--corridor-radius"": 0.08, ""--no-plot"": null, ""--serve-box"": null}",47,True,active,0.0584,1.896642,0.051927,50.0,105.0,1.49,0.92,1.4,5.0,0.0584,0.864,1.37,
exp18_sensitivity,ablationtube_only__ballspeed9__corridorradius0.08__noplot__servebox,"{""--ablation"": ""tube_only"", ""--ball-speed"": 9, ""--corridor-radius"": 0.08, ""--no-plot"": null, ""--serve-box"": null}",45,True,active,0.130069,1.951826,0.119675,35.0,100.0,1.67,1.0,1.8,10.0,0.130069,1.502,1.47,
exp18_sensitivity,ablationtube_only__ballspeed9__corridorradius0.08__noplot__servebox,"{""--ablation"": ""tube_only"", ""--ball-speed"": 9, ""--corridor-radius"": 0.08, ""--no-plot"": null, ""--serve-box"": null}",44,True,active,0.081529,1.949489,0.07706,40.0,105.0,1.71,1.0,1.6,15.0,0.081529,1.496,1.63,
exp18_sensitivity,ablationtube_only__ballspeed9__corridorradius0.08__noplot__servebox,"{""--ablation"": ""tube_only"", ""--ball-speed"": 9, ""--corridor-radius"": 0.08, ""--no-plot"": null, ""--serve-box"": null}",46,True,passive,0.118912,1.934005,0.111743,40.0,105.0,1.13,1.0,1.6,10.0,0.118912,0.199,1.63,
exp18_sensitivity,ablationtube_only__ballspeed9__corridorradius0.08__noplot__servebox,"{""--ablation"": ""tube_only"", ""--ball-speed"": 9, ""--corridor-radius"": 0.08, ""--no-plot"": null, ""--serve-box"": null}",41,True,active,0.090891,1.961815,0.090891,30.0,105.0,1.8,0.99,1.8,5.0,0.090891,1.344,2.39,
exp18_sensitivity,ablationtube_only__ballspeed9__corridorradius0.08__noplot__servebox,"{""--ablation"": ""tube_only"", ""--ball-speed"": 9, ""--corridor-radius"": 0.08, ""--no-plot"": null, ""--serve-box"": null}",48,True,active,0.099548,1.982362,0.092001,40.0,105.0,1.75,0.98,1.8,10.0,0.099548,1.481,1.72,
exp18_sensitivity,ablationtube_only__ballspeed9__corridorradius0.08__noplot__servebox,"{""--ablation"": ""tube_only"", ""--ball-speed"": 9, ""--corridor-radius"": 0.08, ""--no-plot"": null, ""--serve-box"": null}",49,True,active,0.099531,1.946751,0.099531,35.0,105.0,1.8,1.0,1.9,5.0,0.099531,1.356,1.67,
exp18_sensitivity,ablationtube_only__ballspeed9__corridorradius0.08__noplot__servebox,"{""--ablation"": ""tube_only"", ""--ball-speed"": 9, ""--corridor-radius"": 0.08, ""--no-plot"": null, ""--serve-box"": null}",39,True,active,0.079431,1.900903,0.074959,40.0,105.0,1.78,0.96,2.0,5.0,0.079431,1.364,2.87,
exp18_sensitivity,ablationtube_only__ballspeed9__corridorradius0.08__noplot__servebox,"{""--ablation"": ""tube_only"", ""--ball-speed"": 9, ""--corridor-radius"": 0.08, ""--no-plot"": null, ""--serve-box"": null}",36,True,active,0.100248,1.965315,0.090377,40.0,105.0,1.77,0.95,1.9,15.0,0.100248,1.751,2.96,
exp18_sensitivity,ablationtube_only__ballspeed9__corridorradius0.08__noplot__servebox,"{""--ablation"": ""tube_only"", ""--ball-speed"": 9, ""--corridor-radius"": 0.08, ""--no-plot"": null, ""--serve-box"": null}",42,True,active,0.004443,1.999019,0.004443,0.0,0.0,1.93,1.0,1.8,15.0,0.004443,1.715,2.68,
exp18_sensitivity,ablationtube_only__ballspeed9__corridorradius0.08__noplot__servebox,"{""--ablation"": ""tube_only"", ""--ball-speed"": 9, ""--corridor-radius"": 0.08, ""--no-plot"": null, ""--serve-box"": null}",43,True,active,0.113339,1.936196,0.108979,35.0,105.0,1.79,1.0,1.6,10.0,0.113339,1.74,2.56,
exp18_sensitivity,ablationtube_only__ballspeed9__corridorradius0.08__noplot__servebox,"{""--ablation"": ""tube_only"", ""--ball-speed"": 9, ""--corridor-radius"": 0.08, ""--no-plot"": null, ""--serve-box"": null}",51,False,miss,0.353265,1.945096,0.14415,0.0,0.0,1.75,1.0,2.2,0.0,0.353265,0.0,1.65,
exp18_sensitivity,ablationtube_only__ballspeed9__corridorradius0.08__noplot__servebox,"{""--ablation"": ""tube_only"", ""--ball-speed"": 9, ""--corridor-radius"": 0.08, ""--no-plot"": null, ""--serve-box"": null}",50,True,active,0.07019,1.907218,0.053396,35.0,80.0,1.8,1.0,2.2,20.0,0.07019,1.715,1.84,
exp18_sensitivity,ablationtube_only__ballspeed9__corridorradius0.08__noplot__servebox,"{""--ablation"": ""tube_only"", ""--ball-speed"": 9, ""--corridor-radius"": 0.08, ""--no-plot"": null, ""--serve-box"": null}",53,True,active,0.048287,1.956792,0.048287,0.0,0.0,1.78,0.99,1.5,15.0,0.048287,1.676,1.84,
exp18_sensitivity,ablationtube_only__ballspeed9__corridorradius0.08__noplot__servebox,"{""--ablation"": ""tube_only"", ""--ball-speed"": 9, ""--corridor-radius"": 0.08, ""--no-plot"": null, ""--serve-box"": null}",52,True,active,0.092442,1.934188,0.040648,0.0,0.0,1.56,1.0,1.3,15.0,0.092442,1.536,2.18,
exp18_sensitivity,ablationtube_only__ballspeed9__corridorradius0.08__noplot__servebox,"{""--ablation"": ""tube_only"", ""--ball-speed"": 9, ""--corridor-radius"": 0.08, ""--no-plot"": null, ""--serve-box"": null}",55,True,active,0.10028,1.941637,0.080254,40.0,105.0,1.5,0.96,1.4,10.0,0.10028,1.405,1.77,
exp18_sensitivity,ablationtube_only__ballspeed9__corridorradius0.08__noplot__servebox,"{""--ablation"": ""tube_only"", ""--ball-speed"": 9, ""--corridor-radius"": 0.08, ""--no-plot"": null, ""--serve-box"": null}",57,True,active,0.112173,1.927996,0.096559,0.0,5.0,1.6,1.0,1.9,10.0,0.112173,1.579,1.67,
exp18_sensitivity,ablationtube_only__ballspeed9__corridorradius0.08__noplot__servebox,"{""--ablation"": ""tube_only"", ""--ball-speed"": 9, ""--corridor-radius"": 0.08, ""--no-plot"": null, ""--serve-box"": null}",58,True,active,0.091696,1.875608,0.091696,40.0,105.0,1.77,1.0,1.5,5.0,0.091696,0.972,1.79,
exp18_sensitivity,ablationtube_only__ballspeed9__corridorradius0.08__noplot__servebox,"{""--ablation"": ""tube_only"", ""--ball-speed"": 9, ""--corridor-radius"": 0.08, ""--no-plot"": null, ""--serve-box"": null}",64,True,active,0.129428,1.951696,0.114914,35.0,105.0,1.8,1.0,2.0,15.0,0.129428,1.764,1.55,
exp18_sensitivity,ablationtube_only__ballspeed9__corridorradius0.08__noplot__servebox,"{""--ablation"": ""tube_only"", ""--ball-speed"": 9, ""--corridor-radius"": 0.08, ""--no-plot"": null, ""--serve-box"": null}",66,True,active,0.093677,1.96064,0.076868,45.0,105.0,1.78,1.0,1.4,10.0,0.093677,1.633,1.42,
exp18_sensitivity,ablationtube_only__ballspeed9__corridorradius0.08__noplot__servebox,"{""--ablation"": ""tube_only"", ""--ball-speed"": 9, ""--corridor-radius"": 0.08, ""--no-plot"": null, ""--serve-box"": null}",67,True,active,0.054484,1.923214,0.049983,45.0,105.0,1.79,0.99,1.6,5.0,0.054484,1.393,1.47,
exp18_sensitivity,ablationtube_only__ballspeed9__corridorradius0.08__noplot__servebox,"{""--ablation"": ""tube_only"", ""--ball-speed"": 9, ""--corridor-radius"": 0.08, ""--no-plot"": null, ""--serve-box"": null}",54,True,active,0.029846,1.984469,0.029846,0.0,0.0,1.72,0.99,1.6,20.0,0.029846,1.364,2.64,
exp18_sensitivity,ablationtube_only__ballspeed9__corridorradius0.08__noplot__servebox,"{""--ablation"": ""tube_only"", ""--ball-speed"": 9, ""--corridor-radius"": 0.08, ""--no-plot"": null, ""--serve-box"": null}",65,True,active,0.107201,1.950197,0.107004,35.0,105.0,1.59,1.0,1.6,10.0,0.107201,1.394,1.72,
exp18_sensitivity,ablationtube_only__ballspeed9__corridorradius0.08__noplot__servebox,"{""--ablation"": ""tube_only"", ""--ball-speed"": 9, ""--corridor-radius"": 0.08, ""--no-plot"": null, ""--serve-box"": null}",56,False,miss,0.353275,1.953512,0.134301,0.0,0.0,1.78,1.0,1.9,0.0,0.353275,0.0,2.56,
exp18_sensitivity,ablationtube_only__ballspeed9__corridorradius0.08__noplot__servebox,"{""--ablation"": ""tube_only"", ""--ball-speed"": 9, ""--corridor-radius"": 0.08, ""--no-plot"": null, ""--serve-box"": null}",68,True,active,0.097687,1.900678,0.096208,40.0,105.0,1.49,0.99,1.5,5.0,0.097687,1.016,1.52,
exp18_sensitivity,ablationtube_only__ballspeed9__corridorradius0.08__noplot__servebox,"{""--ablation"": ""tube_only"", ""--ball-speed"": 9, ""--corridor-radius"": 0.08, ""--no-plot"": null, ""--serve-box"": null}",62,True,active,0.086163,1.972766,0.076814,40.0,105.0,1.77,1.0,1.6,10.0,0.086163,1.774,2.27,
exp18_sensitivity,ablationtube_only__ballspeed9__corridorradius0.08__noplot__servebox,"{""--ablation"": ""tube_only"", ""--ball-speed"": 9, ""--corridor-radius"": 0.08, ""--no-plot"": null, ""--serve-box"": null}",70,True,active,0.131679,1.949591,0.1223,40.0,100.0,1.79,1.0,1.9,10.0,0.131679,1.534,1.42,
exp18_sensitivity,ablationtube_only__ballspeed9__corridorradius0.08__noplot__servebox,"{""--ablation"": ""tube_only"", ""--ball-speed"": 9, ""--corridor-radius"": 0.08, ""--no-plot"": null, ""--serve-box"": null}",71,True,active,0.052286,1.96162,0.052286,40.0,85.0,1.77,0.98,1.4,15.0,0.052286,1.651,1.45,
exp18_sensitivity,ablationtube_only__ballspeed9__corridorradius0.08__noplot__servebox,"{""--ablation"": ""tube_only"", ""--ball-speed"": 9, ""--corridor-radius"": 0.08, ""--no-plot"": null, ""--serve-box"": null}",59,True,active,0.063154,1.925699,0.02727,0.0,0.0,1.53,0.99,1.2,20.0,0.063154,0.869,3.12,
exp18_sensitivity,ablationtube_only__ballspeed9__corridorradius0.08__noplot__servebox,"{""--ablation"": ""tube_only"", ""--ball-speed"": 9, ""--corridor-radius"": 0.08, ""--no-plot"": null, ""--serve-box"": null}",60,True,active,0.117427,1.936719,0.114458,40.0,100.0,1.49,0.99,1.6,10.0,0.117427,1.332,3.12,
exp18_sensitivity,ablationtube_only__ballspeed9__corridorradius0.08__noplot__servebox,"{""--ablation"": ""tube_only"", ""--ball-speed"": 9, ""--corridor-radius"": 0.08, ""--no-plot"": null, ""--serve-box"": null}",61,True,active,0.099159,1.918249,0.078032,40.0,105.0,1.8,0.94,1.7,15.0,0.099159,1.777,3.0,
exp18_sensitivity,ablationtube_only__ballspeed9__corridorradius0.08__noplot__servebox,"{""--ablation"": ""tube_only"", ""--ball-speed"": 9, ""--corridor-radius"": 0.08, ""--no-plot"": null, ""--serve-box"": null}",74,True,active,0.117991,1.962538,0.106979,35.0,105.0,1.8,0.98,1.8,15.0,0.117991,1.803,1.52,
exp18_sensitivity,ablationtube_only__ballspeed9__corridorradius0.08__noplot__servebox,"{""--ablation"": ""tube_only"", ""--ball-speed"": 9, ""--corridor-radius"": 0.08, ""--no-plot"": null, ""--serve-box"": null}",63,True,active,0.054046,1.986076,0.019154,0.0,0.0,1.78,1.0,1.7,20.0,0.054046,1.738,3.15,
exp18_sensitivity,ablationtube_only__ballspeed9__corridorradius0.08__noplot__servebox,"{""--ablation"": ""tube_only"", ""--ball-speed"": 9, ""--corridor-radius"": 0.08, ""--no-plot"": null, ""--serve-box"": null}",76,True,active,0.084337,1.8901,0.063972,0.0,0.0,1.73,0.99,1.9,15.0,0.084337,1.593,1.48,
exp18_sensitivity,ablationtube_only__ballspeed9__corridorradius0.08__noplot__servebox,"{""--ablation"": ""tube_only"", ""--ball-speed"": 9, ""--corridor-radius"": 0.08, ""--no-plot"": null, ""--serve-box"": null}",75,True,active,0.129383,1.914345,0.117754,40.0,105.0,1.43,1.0,1.6,0.0,0.129383,0.7,1.6,
exp18_sensitivity,ablationtube_only__ballspeed9__corridorradius0.08__noplot__servebox,"{""--ablation"": ""tube_only"", ""--ball-speed"": 9, ""--corridor-radius"": 0.08, ""--no-plot"": null, ""--serve-box"": null}",72,True,active,0.095687,1.970351,0.091388,40.0,105.0,1.78,0.99,1.9,10.0,0.095687,1.754,2.06,
exp18_sensitivity,ablationtube_only__ballspeed9__corridorradius0.08__noplot__servebox,"{""--ablation"": ""tube_only"", ""--ball-speed"": 9, ""--corridor-radius"": 0.08, ""--no-plot"": null, ""--serve-box"": null}",69,True,active,0.125289,1.946816,0.11708,35.0,105.0,1.68,1.0,1.8,10.0,0.125289,1.42,2.68,
exp18_sensitivity,ablationtube_only__ballspeed9__corridorradius0.08__noplot__servebox,"{""--ablation"": ""tube_only"", ""--ball-speed"": 9, ""--corridor-radius"": 0.08, ""--no-plot"": null, ""--serve-box"": null}",79,False,miss,0.33011,1.913074,0.094541,0.0,0.0,1.77,1.0,2.0,0.0,0.33011,0.0,1.58,
exp18_sensitivity,ablationtube_only__ballspeed9__corridorradius0.08__noplot__servebox,"{""--ablation"": ""tube_only"", ""--ball-speed"": 9, ""--corridor-radius"": 0.08, ""--no-plot"": null, ""--serve-box"": null}",77,True,active,0.012541,1.956458,0.012541,35.0,65.0,1.82,1.0,2.2,15.0,0.012541,1.781,1.9,
exp18_sensitivity,ablationtube_only__ballspeed9__corridorradius0.08__noplot__servebox,"{""--ablation"": ""tube_only"", ""--ball-speed"": 9, ""--corridor-radius"": 0.08, ""--no-plot"": null, ""--serve-box"": null}",80,True,active,0.083132,1.918104,0.081171,45.0,105.0,1.4,0.97,1.6,0.0,0.083132,0.443,1.45,
exp18_sensitivity,ablationtube_only__ballspeed9__corridorradius0.08__noplot__servebox,"{""--ablation"": ""tube_only"", ""--ball-speed"": 9, ""--corridor-radius"": 0.08, ""--no-plot"": null, ""--serve-box"": null}",82,True,active,0.096765,1.947556,0.092989,35.0,105.0,1.61,0.99,1.5,10.0,0.096765,1.54,1.46,
exp18_sensitivity,ablationtube_only__ballspeed9__corridorradius0.08__noplot__servebox,"{""--ablation"": ""tube_only"", ""--ball-speed"": 9, ""--corridor-radius"": 0.08, ""--no-plot"": null, ""--serve-box"": null}",81,True,active,0.069407,1.954535,0.063574,45.0,105.0,1.24,1.0,1.4,10.0,0.069407,0.786,1.53,
exp18_sensitivity,ablationtube_only__ballspeed9__corridorradius0.08__noplot__servebox,"{""--ablation"": ""tube_only"", ""--ball-speed"": 9, ""--corridor-radius"": 0.08, ""--no-plot"": null, ""--serve-box"": null}",73,True,active,0.103633,1.952238,0.091193,15.0,50.0,1.24,0.99,1.2,10.0,0.103633,0.845,2.54,
exp18_sensitivity,ablationtube_only__ballspeed9__corridorradius0.08__noplot__servebox,"{""--ablation"": ""tube_only"", ""--ball-speed"": 9, ""--corridor-radius"": 0.08, ""--no-plot"": null, ""--serve-box"": null}",85,True,active,0.058285,1.959674,0.050982,45.0,105.0,1.79,0.98,1.5,5.0,0.058285,1.345,1.55,
exp18_sensitivity,ablationtube_only__ballspeed9__corridorradius0.08__noplot__servebox,"{""--ablation"": ""tube_only"", ""--ball-speed"": 9, ""--corridor-radius"": 0.08, ""--no-plot"": null, ""--serve-box"": null}",78,True,active,0.066345,1.911509,0.064121,40.0,105.0,1.79,1.0,1.8,15.0,0.066345,1.729,2.49,
exp18_sensitivity,ablationtube_only__ballspeed9__corridorradius0.08__noplot__servebox,"{""--ablation"": ""tube_only"", ""--ball-speed"": 9, ""--corridor-radius"": 0.08, ""--no-plot"": null, ""--serve-box"": null}",90,True,active,0.101633,1.96835,0.091356,40.0,105.0,1.5,0.99,1.4,10.0,0.101633,1.454,1.48,
exp18_sensitivity,ablationtube_only__ballspeed9__corridorradius0.08__noplot__servebox,"{""--ablation"": ""tube_only"", ""--ball-speed"": 9, ""--corridor-radius"": 0.08, ""--no-plot"": null, ""--serve-box"": null}",84,True,active,0.074102,1.7847,0.063419,0.0,0.0,1.8,1.0,1.9,20.0,0.074102,1.695,2.14,
exp18_sensitivity,ablationtube_only__ballspeed9__corridorradius0.08__noplot__servebox,"{""--ablation"": ""tube_only"", ""--ball-speed"": 9, ""--corridor-radius"": 0.08, ""--no-plot"": null, ""--serve-box"": null}",86,True,active,0.085698,1.959337,0.058008,45.0,105.0,1.69,0.99,1.6,10.0,0.085698,1.692,1.9,
exp18_sensitivity,ablationtube_only__ballspeed9__corridorradius0.08__noplot__servebox,"{""--ablation"": ""tube_only"", ""--ball-speed"": 9, ""--corridor-radius"": 0.08, ""--no-plot"": null, ""--serve-box"": null}",93,True,active,0.081152,1.922171,0.081152,35.0,105.0,1.76,0.99,1.9,10.0,0.081152,1.683,1.45,
exp18_sensitivity,ablationtube_only__ballspeed9__corridorradius0.08__noplot__servebox,"{""--ablation"": ""tube_only"", ""--ball-speed"": 9, ""--corridor-radius"": 0.08, ""--no-plot"": null, ""--serve-box"": null}",92,False,miss,0.31745,1.952258,0.134765,0.0,0.0,1.53,0.99,1.8,0.0,0.31745,0.0,1.53,
exp18_sensitivity,ablationtube_only__ballspeed9__corridorradius0.08__noplot__servebox,"{""--ablation"": ""tube_only"", ""--ball-speed"": 9, ""--corridor-radius"": 0.08, ""--no-plot"": null, ""--serve-box"": null}",91,True,passive,0.101735,1.932662,0.097727,45.0,105.0,1.03,1.0,1.0,5.0,0.101735,0.288,1.65,
exp18_sensitivity,ablationtube_only__ballspeed9__corridorradius0.08__noplot__servebox,"{""--ablation"": ""tube_only"", ""--ball-speed"": 9, ""--corridor-radius"": 0.08, ""--no-plot"": null, ""--serve-box"": null}",87,True,active,0.106022,1.945152,0.096058,0.0,0.0,1.8,1.0,2.0,15.0,0.106022,1.697,2.32,
exp18_sensitivity,ablationtube_only__ballspeed9__corridorradius0.08__noplot__servebox,"{""--ablation"": ""tube_only"", ""--ball-speed"": 9, ""--corridor-radius"": 0.08, ""--no-plot"": null, ""--serve-box"": null}",97,True,active,0.050322,1.936833,0.050322,0.0,5.0,1.77,0.99,2.1,20.0,0.050322,1.398,1.64,
exp18_sensitivity,ablationtube_only__ballspeed9__corridorradius0.08__noplot__servebox,"{""--ablation"": ""tube_only"", ""--ball-speed"": 9, ""--corridor-radius"": 0.08, ""--no-plot"": null, ""--serve-box"": null}",83,True,active,0.126718,1.91632,0.126718,35.0,105.0,1.4,1.0,1.6,5.0,0.126718,0.839,3.01,
exp18_sensitivity,ablationtube_only__ballspeed9__corridorradius0.08__noplot__servebox,"{""--ablation"": ""tube_only"", ""--ball-speed"": 9, ""--corridor-radius"": 0.08, ""--no-plot"": null, ""--serve-box"": null}",99,False,miss,0.316439,1.945236,0.154395,25.0,0.0,1.49,0.99,1.4,0.0,0.316439,0.0,1.56,
exp18_sensitivity,ablationtube_only__ballspeed9__corridorradius0.08__noplot__servebox,"{""--ablation"": ""tube_only"", ""--ball-speed"": 9, ""--corridor-radius"": 0.08, ""--no-plot"": null, ""--serve-box"": null}",98,True,active,0.08262,1.921333,0.056068,0.0,0.0,1.43,1.0,1.4,15.0,0.08262,1.3,1.66,
exp18_sensitivity,ablationtube_only__ballspeed9__corridorradius0.08__noplot__servebox,"{""--ablation"": ""tube_only"", ""--ball-speed"": 9, ""--corridor-radius"": 0.08, ""--no-plot"": null, ""--serve-box"": null}",95,True,active,0.090395,1.936548,0.087622,40.0,105.0,1.79,0.98,1.8,10.0,0.090395,1.791,2.17,
exp18_sensitivity,ablationtube_only__ballspeed9__corridorradius0.08__noplot__servebox,"{""--ablation"": ""tube_only"", ""--ball-speed"": 9, ""--corridor-radius"": 0.08, ""--no-plot"": null, ""--serve-box"": null}",88,True,active,0.096709,1.935392,0.094592,40.0,105.0,1.8,0.99,1.8,10.0,0.096709,1.621,3.0,
exp18_sensitivity,ablationtube_only__ballspeed9__corridorradius0.08__noplot__servebox,"{""--ablation"": ""tube_only"", ""--ball-speed"": 9, ""--corridor-radius"": 0.08, ""--no-plot"": null, ""--serve-box"": null}",89,True,active,0.090034,1.93941,0.074951,35.0,75.0,1.78,0.97,2.0,10.0,0.090034,1.715,3.01,
exp18_sensitivity,ablationtube_only__ballspeed9__corridorradius0.08__noplot__servebox,"{""--ablation"": ""tube_only"", ""--ball-speed"": 9, ""--corridor-radius"": 0.08, ""--no-plot"": null, ""--serve-box"": null}",100,True,active,0.073012,1.965514,0.073012,40.0,105.0,1.38,1.0,1.5,10.0,0.073012,0.724,1.59,
exp18_sensitivity,ablationtube_only__ballspeed9__corridorradius0.08__noplot__servebox,"{""--ablation"": ""tube_only"", ""--ball-speed"": 9, ""--corridor-radius"": 0.08, ""--no-plot"": null, ""--serve-box"": null}",96,True,active,0.116177,1.950254,0.10745,40.0,105.0,1.81,0.99,1.6,10.0,0.116177,1.519,2.51,
exp18_sensitivity,ablationtube_only__ballspeed9__corridorradius0.08__noplot__servebox,"{""--ablation"": ""tube_only"", ""--ball-speed"": 9, ""--corridor-radius"": 0.08, ""--no-plot"": null, ""--serve-box"": null}",94,True,active,0.077255,1.923326,0.077255,0.0,0.0,1.79,0.99,1.7,10.0,0.077255,1.794,2.89,
exp18_sensitivity,ablationtube_only__ballspeed9__corridorradius0.08__noplot__servebox,"{""--ablation"": ""tube_only"", ""--ball-speed"": 9, ""--corridor-radius"": 0.08, ""--no-plot"": null, ""--serve-box"": null}",103,True,active,0.120458,1.94001,0.109883,40.0,100.0,1.52,1.0,1.6,10.0,0.120458,1.442,1.54,
exp18_sensitivity,ablationtube_only__ballspeed9__corridorradius0.08__noplot__servebox,"{""--ablation"": ""tube_only"", ""--ball-speed"": 9, ""--corridor-radius"": 0.08, ""--no-plot"": null, ""--serve-box"": null}",104,True,active,0.095458,1.982341,0.083956,40.0,105.0,1.8,0.99,1.6,10.0,0.095458,1.685,1.56,
exp18_sensitivity,ablationtube_only__ballspeed9__corridorradius0.08__noplot__servebox,"{""--ablation"": ""tube_only"", ""--ball-speed"": 9, ""--corridor-radius"": 0.08, ""--no-plot"": null, ""--serve-box"": null}",102,True,active,0.096818,1.947898,0.081785,40.0,105.0,1.79,1.0,1.4,10.0,0.096818,1.591,2.01,
exp18_sensitivity,ablationtube_only__ballspeed9__corridorradius0.08__noplot__servebox,"{""--ablation"": ""tube_only"", ""--ball-speed"": 9, ""--corridor-radius"": 0.08, ""--no-plot"": null, ""--serve-box"": null}",101,True,active,0.124353,1.935391,0.108194,0.0,25.0,1.78,1.0,1.5,15.0,0.124353,1.709,2.2,
exp18_sensitivity,ablationtube_only__ballspeed9__corridorradius0.08__noplot__servebox,"{""--ablation"": ""tube_only"", ""--ball-speed"": 9, ""--corridor-radius"": 0.08, ""--no-plot"": null, ""--serve-box"": null}",106,True,active,0.090807,1.930957,0.063226,0.0,0.0,1.8,0.94,1.9,20.0,0.090807,1.786,1.84,
exp18_sensitivity,ablationtube_only__ballspeed9__corridorradius0.08__noplot__servebox,"{""--ablation"": ""tube_only"", ""--ball-speed"": 9, ""--corridor-radius"": 0.08, ""--no-plot"": null, ""--serve-box"": null}",121,,,,,,,,,,,,,,0.21,no_result
exp18_sensitivity,ablationtube_only__ballspeed9__corridorradius0.08__noplot__servebox,"{""--ablation"": ""tube_only"", ""--ball-speed"": 9, ""--corridor-radius"": 0.08, ""--no-plot"": null, ""--serve-box"": null}",108,True,active,0.111178,1.948921,0.097757,40.0,105.0,1.76,0.98,1.7,10.0,0.111178,1.762,1.77,
exp18_sensitivity,ablationtube_only__ballspeed9__corridorradius0.08__noplot__servebox,"{""--ablation"": ""tube_only"", ""--ball-speed"": 9, ""--corridor-radius"": 0.08, ""--no-plot"": null, ""--serve-box"": null}",110,True,active,0.080739,1.960512,0.06652,45.0,90.0,1.74,1.0,1.6,15.0,0.080739,1.648,1.61,
exp18_sensitivity,ablationtube_only__ballspeed9__corridorradius0.08__noplot__servebox,"{""--ablation"": ""tube_only"", ""--ball-speed"": 9, ""--corridor-radius"": 0.08, ""--no-plot"": null, ""--serve-box"": null}",111,True,active,0.082449,1.946031,0.078317,0.0,30.0,1.78,1.0,1.6,15.0,0.082449,1.704,1.78,
exp18_sensitivity,ablationtube_only__ballspeed9__corridorradius0.08__noplot__servebox,"{""--ablation"": ""tube_only"", ""--ball-speed"": 9, ""--corridor-radius"": 0.08, ""--no-plot"": null, ""--serve-box"": null}",105,True,active,0.061195,1.964046,0.0542,35.0,90.0,1.8,1.0,1.4,15.0,0.061195,1.721,3.0,
exp18_sensitivity,ablationtube_only__ballspeed9__corridorradius0.08__noplot__servebox,"{""--ablation"": ""tube_only"", ""--ball-speed"": 9, ""--corridor-radius"": 0.08, ""--no-plot"": null, ""--serve-box"": null}",116,True,active,0.100178,1.939303,0.100178,40.0,105.0,1.79,1.0,1.8,10.0,0.100178,1.699,1.62,
exp18_sensitivity,ablationtube_only__ballspeed9__corridorradius0.08__noplot__servebox,"{""--ablation"": ""tube_only"", ""--ball-speed"": 9, ""--corridor-radius"": 0.08, ""--no-plot"": null, ""--serve-box"": null}",117,True,active,0.086384,1.919997,0.067048,0.0,0.0,1.75,1.0,1.8,15.0,0.086384,1.752,1.62,
exp18_sensitivity,ablationtube_only__ballspeed9__corridorradius0.08__noplot__servebox,"{""--ablation"": ""tube_only"", ""--ball-speed"": 9, ""--corridor-radius"": 0.08, ""--no-plot"": null, ""--serve-box"": null}",118,True,active,0.083787,1.97268,0.074384,40.0,105.0,1.68,0.98,1.5,10.0,0.083787,1.644,1.56,
exp18_sensitivity,ablationtube_only__ballspeed9__corridorradius0.08__noplot__servebox,"{""--ablation"": ""tube_only"", ""--ball-speed"": 9, ""--corridor-radius"": 0.08, ""--no-plot"": null, ""--serve-box"": null}",114,True,active,0.099205,1.918951,0.088838,50.0,105.0,1.55,0.96,1.4,5.0,0.099205,0.965,1.95,
exp18_sensitivity,ablationtube_only__ballspeed9__corridorradius0.08__noplot__servebox,"{""--ablation"": ""tube_only"", ""--ball-speed"": 9, ""--corridor-radius"": 0.08, ""--no-plot"": null, ""--serve-box"": null}",119,True,active,0.067631,1.946759,0.067631,50.0,105.0,1.5,1.0,1.5,5.0,0.067631,1.057,1.49,
exp18_sensitivity,ablationtube_only__ballspeed9__corridorradius0.08__noplot__servebox,"{""--ablation"": ""tube_only"", ""--ball-speed"": 9, ""--corridor-radius"": 0.08, ""--no-plot"": null, ""--serve-box"": null}",107,False,miss,0.288,1.967333,0.147652,20.0,20.0,1.2,0.99,1.4,0.0,0.288,0.0,2.86,
exp18_sensitivity,ablationtube_only__ballspeed9__corridorradius0.08__noplot__servebox,"{""--ablation"": ""tube_only"", ""--ball-speed"": 9, ""--corridor-radius"": 0.08, ""--no-plot"": null, ""--serve-box"": null}",109,True,active,0.074747,1.998188,0.074747,30.0,105.0,1.77,0.99,1.7,10.0,0.074747,1.736,2.69,
exp18_sensitivity,ablationtube_only__ballspeed9__corridorradius0.08__noplot__servebox,"{""--ablation"": ""tube_only"", ""--ball-speed"": 9, ""--corridor-radius"": 0.08, ""--no-plot"": null, ""--serve-box"": null}",113,False,miss,0.287736,1.919924,0.086294,0.0,0.0,1.08,0.99,1.2,0.0,0.287736,0.0,2.58,
exp18_sensitivity,ablationtube_only__ballspeed9__corridorradius0.08__noplot__servebox,"{""--ablation"": ""tube_only"", ""--ball-speed"": 9, ""--corridor-radius"": 0.08, ""--no-plot"": null, ""--serve-box"": null}",124,True,active,0.082634,1.963128,0.075486,45.0,105.0,1.54,0.97,1.3,10.0,0.082634,1.469,1.48,
exp18_sensitivity,ablationtube_only__ballspeed9__corridorradius0.08__noplot__servebox,"{""--ablation"": ""tube_only"", ""--ball-speed"": 9, ""--corridor-radius"": 0.08, ""--no-plot"": null, ""--serve-box"": null}",112,True,active,0.083591,1.967703,0.031261,0.0,0.0,1.41,0.98,1.2,20.0,0.083591,1.264,2.95,
exp18_sensitivity,ablationtube_only__ballspeed9__corridorradius0.08__noplot__servebox,"{""--ablation"": ""tube_only"", ""--ball-speed"": 9, ""--corridor-radius"": 0.08, ""--no-plot"": null, ""--serve-box"": null}",120,True,active,0.113647,1.898702,0.109939,35.0,105.0,1.79,0.97,1.5,10.0,0.113647,1.789,2.14,
exp18_sensitivity,ablationtube_only__ballspeed9__corridorradius0.08__noplot__servebox,"{""--ablation"": ""tube_only"", ""--ball-speed"": 9, ""--corridor-radius"": 0.08, ""--no-plot"": null, ""--serve-box"": null}",123,True,active,0.051334,1.964924,0.049378,50.0,105.0,1.54,0.98,1.3,5.0,0.051334,0.893,1.87,
exp18_sensitivity,ablationtube_only__ballspeed9__corridorradius0.08__noplot__servebox,"{""--ablation"": ""tube_only"", ""--ball-speed"": 9, ""--corridor-radius"": 0.08, ""--no-plot"": null, ""--serve-box"": null}",115,True,active,0.079186,1.895349,0.059112,0.0,0.0,1.77,0.99,2.2,20.0,0.079186,1.745,3.09,
exp18_sensitivity,ablationtube_only__ballspeed9__corridorradius0.08__noplot__servebox,"{""--ablation"": ""tube_only"", ""--ball-speed"": 9, ""--corridor-radius"": 0.08, ""--no-plot"": null, ""--serve-box"": null}",122,True,active,0.113467,1.931185,0.112783,40.0,105.0,1.63,0.99,1.8,10.0,0.113467,1.633,2.08,
exp18_sensitivity,ablationtube_only__ballspeed9__corridorradius0.08__noplot__servebox,"{""--ablation"": ""tube_only"", ""--ball-speed"": 9, ""--corridor-radius"": 0.08, ""--no-plot"": null, ""--serve-box"": null}",125,True,active,0.106963,1.940032,0.101489,0.0,0.0,1.73,0.99,1.8,15.0,0.106963,1.336,1.71,
exp18_sensitivity,ablationtube_only__ballspeed9__corridorradius0.08__noplot__servebox,"{""--ablation"": ""tube_only"", ""--ball-speed"": 9, ""--corridor-radius"": 0.08, ""--no-plot"": null, ""--serve-box"": null}",126,True,active,0.021552,1.929095,0.021552,0.0,0.0,1.91,0.94,2.0,25.0,0.021552,1.802,1.55,
exp18_sensitivity,ablationtube_only__ballspeed9__corridorradius0.08__noplot__servebox,"{""--ablation"": ""tube_only"", ""--ball-speed"": 9, ""--corridor-radius"": 0.08, ""--no-plot"": null, ""--serve-box"": null}",127,True,active,0.108011,1.756944,0.094808,0.0,0.0,1.8,1.0,1.9,20.0,0.108011,1.61,1.67,
exp18_sensitivity,ablationtube_only__ballspeed9__corridorradius0.08__noplot__servebox,"{""--ablation"": ""tube_only"", ""--ball-speed"": 9, ""--corridor-radius"": 0.08, ""--no-plot"": null, ""--serve-box"": null}",130,True,active,0.111469,1.912653,0.091286,0.0,0.0,1.78,0.99,1.9,20.0,0.111469,1.678,1.53,
exp18_sensitivity,ablationtube_only__ballspeed9__corridorradius0.08__noplot__servebox,"{""--ablation"": ""tube_only"", ""--ball-speed"": 9, ""--corridor-radius"": 0.08, ""--no-plot"": null, ""--serve-box"": null}",129,True,active,0.141888,1.926821,0.128317,35.0,105.0,1.17,1.0,1.8,5.0,0.141888,0.312,2.05,
exp18_sensitivity,ablationtube_only__ballspeed9__corridorradius0.08__noplot__servebox,"{""--ablation"": ""tube_only"", ""--ball-speed"": 9, ""--corridor-radius"": 0.08, ""--no-plot"": null, ""--serve-box"": null}",134,False,miss,0.278674,1.944299,0.141253,0.0,0.0,1.15,0.99,1.1,0.0,0.278674,0.0,1.47,
exp18_sensitivity,ablationtube_only__ballspeed9__corridorradius0.08__noplot__servebox,"{""--ablation"": ""tube_only"", ""--ball-speed"": 9, ""--corridor-radius"": 0.08, ""--no-plot"": null, ""--serve-box"": null}",135,False,miss,0.302135,1.93533,0.154698,20.0,0.0,1.28,1.0,1.5,0.0,0.302135,0.0,1.48,
exp18_sensitivity,ablationtube_only__ballspeed9__corridorradius0.08__noplot__servebox,"{""--ablation"": ""tube_only"", ""--ball-speed"": 9, ""--corridor-radius"": 0.08, ""--no-plot"": null, ""--serve-box"": null}",132,True,active,0.041866,1.947251,0.041866,50.0,105.0,1.43,1.0,1.6,0.0,0.041866,0.366,2.03,
exp18_sensitivity,ablationtube_only__ballspeed9__corridorradius0.08__noplot__servebox,"{""--ablation"": ""tube_only"", ""--ball-speed"": 9, ""--corridor-radius"": 0.08, ""--no-plot"": null, ""--serve-box"": null}",136,True,active,0.097567,1.949975,0.082588,40.0,95.0,1.48,0.99,1.2,10.0,0.097567,1.48,1.43,
exp18_sensitivity,ablationtube_only__ballspeed9__corridorradius0.08__noplot__servebox,"{""--ablation"": ""tube_only"", ""--ball-speed"": 9, ""--corridor-radius"": 0.08, ""--no-plot"": null, ""--serve-box"": null}",138,True,passive,0.031683,1.916256,0.031683,40.0,105.0,1.8,0.99,2.0,10.0,0.031683,0.234,1.53,
exp18_sensitivity,ablationtube_only__ballspeed9__corridorradius0.08__noplot__servebox,"{""--ablation"": ""tube_only"", ""--ball-speed"": 9, ""--corridor-radius"": 0.08, ""--no-plot"": null, ""--serve-box"": null}",139,False,miss,0.326448,1.946111,0.134296,25.0,100.0,1.77,0.99,1.9,0.0,0.326448,0.0,1.44,
exp18_sensitivity,ablationtube_only__ballspeed9__corridorradius0.08__noplot__servebox,"{""--ablation"": ""tube_only"", ""--ball-speed"": 9, ""--corridor-radius"": 0.08, ""--no-plot"": null, ""--serve-box"": null}",128,False,miss,0.330181,1.93502,0.161708,20.0,0.0,1.32,1.0,1.5,0.0,0.330181,0.0,2.86,
exp18_sensitivity,ablationtube_only__ballspeed9__corridorradius0.08__noplot__servebox,"{""--ablation"": ""tube_only"", ""--ball-speed"": 9, ""--corridor-radius"": 0.08, ""--no-plot"": null, ""--serve-box"": null}",142,True,active,0.050054,1.979565,0.027522,0.0,0.0,1.78,0.93,1.3,15.0,0.050054,1.732,1.46,
exp18_sensitivity,ablationtube_only__ballspeed9__corridorradius0.08__noplot__servebox,"{""--ablation"": ""tube_only"", ""--ball-speed"": 9, ""--corridor-radius"": 0.08, ""--no-plot"": null, ""--serve-box"": null}",144,True,active,0.129613,1.944317,0.12664,40.0,105.0,1.01,0.99,1.4,5.0,0.129613,0.616,1.44,
exp18_sensitivity,ablationtube_only__ballspeed9__corridorradius0.08__noplot__servebox,"{""--ablation"": ""tube_only"", ""--ball-speed"": 9, ""--corridor-radius"": 0.08, ""--no-plot"": null, ""--serve-box"": null}",131,True,active,0.06302,1.941598,0.062338,40.0,105.0,1.8,0.98,1.7,5.0,0.06302,1.332,2.95,
exp18_sensitivity,ablationtube_only__ballspeed9__corridorradius0.08__noplot__servebox,"{""--ablation"": ""tube_only"", ""--ball-speed"": 9, ""--corridor-radius"": 0.08, ""--no-plot"": null, ""--serve-box"": null}",140,True,active,0.102244,1.954408,0.083006,40.0,105.0,1.73,0.99,1.8,15.0,0.102244,1.726,1.89,
exp18_sensitivity,ablationtube_only__ballspeed9__corridorradius0.08__noplot__servebox,"{""--ablation"": ""tube_only"", ""--ball-speed"": 9, ""--corridor-radius"": 0.08, ""--no-plot"": null, ""--serve-box"": null}",143,True,active,0.079734,1.961787,0.079734,40.0,105.0,1.79,0.97,1.8,10.0,0.079734,1.675,1.67,
exp18_sensitivity,ablationtube_only__ballspeed9__corridorradius0.08__noplot__servebox,"{""--ablation"": ""tube_only"", ""--ball-speed"": 9, ""--corridor-radius"": 0.08, ""--no-plot"": null, ""--serve-box"": null}",133,True,active,0.093966,1.968718,0.084572,40.0,105.0,1.75,1.0,1.5,10.0,0.093966,1.754,2.97,
exp18_sensitivity,ablationtube_only__ballspeed9__corridorradius0.08__noplot__servebox,"{""--ablation"": ""tube_only"", ""--ball-speed"": 9, ""--corridor-radius"": 0.08, ""--no-plot"": null, ""--serve-box"": null}",145,True,active,0.113462,1.922543,0.100787,0.0,0.0,1.79,1.0,2.1,15.0,0.113462,1.788,1.68,
exp18_sensitivity,ablationtube_only__ballspeed9__corridorradius0.08__noplot__servebox,"{""--ablation"": ""tube_only"", ""--ball-speed"": 9, ""--corridor-radius"": 0.08, ""--no-plot"": null, ""--serve-box"": null}",137,False,miss,0.313391,1.895972,0.113172,0.0,0.0,1.64,1.0,1.8,0.0,0.313391,0.0,2.96,
exp18_sensitivity,ablationtube_only__ballspeed9__corridorradius0.08__noplot__servebox,"{""--ablation"": ""tube_only"", ""--ball-speed"": 9, ""--corridor-radius"": 0.08, ""--no-plot"": null, ""--serve-box"": null}",148,True,active,0.113339,1.939798,0.099665,35.0,105.0,1.74,1.0,1.8,15.0,0.113339,1.605,1.7,
exp18_sensitivity,ablationtube_only__ballspeed9__corridorradius0.08__noplot__servebox,"{""--ablation"": ""tube_only"", ""--ball-speed"": 9, ""--corridor-radius"": 0.08, ""--no-plot"": null, ""--serve-box"": null}",146,True,active,0.110006,1.96098,0.098225,45.0,105.0,1.79,0.99,1.8,10.0,0.110006,1.786,2.0,
exp18_sensitivity,ablationtube_only__ballspeed9__corridorradius0.08__noplot__servebox,"{""--ablation"": ""tube_only"", ""--ball-speed"": 9, ""--corridor-radius"": 0.08, ""--no-plot"": null, ""--serve-box"": null}",151,True,active,0.09065,1.956446,0.076472,40.0,105.0,1.8,0.99,1.6,15.0,0.09065,1.734,1.52,
exp18_sensitivity,ablationtube_only__ballspeed9__corridorradius0.08__noplot__servebox,"{""--ablation"": ""tube_only"", ""--ball-speed"": 9, ""--corridor-radius"": 0.08, ""--no-plot"": null, ""--serve-box"": null}",141,True,active,0.097439,1.957201,0.07091,35.0,65.0,1.78,0.95,2.0,15.0,0.097439,1.782,2.91,
exp18_sensitivity,ablationtube_only__ballspeed9__corridorradius0.08__noplot__servebox,"{""--ablation"": ""tube_only"", ""--ball-speed"": 9, ""--corridor-radius"": 0.08, ""--no-plot"": null, ""--serve-box"": null}",149,False,miss,0.33301,1.924131,0.155475,20.0,0.0,1.36,1.0,1.6,0.0,0.33301,0.0,2.0,
exp18_sensitivity,ablationtube_only__ballspeed9__corridorradius0.08__noplot__servebox,"{""--ablation"": ""tube_only"", ""--ball-speed"": 9, ""--corridor-radius"": 0.08, ""--no-plot"": null, ""--serve-box"": null}",153,True,active,0.109436,1.934946,0.101518,40.0,105.0,1.8,1.0,1.8,10.0,0.109436,1.601,1.48,
exp18_sensitivity,ablationtube_only__ballspeed9__corridorradius0.08__noplot__servebox,"{""--ablation"": ""tube_only"", ""--ball-speed"": 9, ""--corridor-radius"": 0.08, ""--no-plot"": null, ""--serve-box"": null}",154,False,miss,0.278765,1.943254,0.173258,10.0,0.0,1.6,1.0,2.1,0.0,0.278765,0.0,1.44,
exp18_sensitivity,ablationtube_only__ballspeed9__corridorradius0.08__noplot__servebox,"{""--ablation"": ""tube_only"", ""--ball-speed"": 9, ""--corridor-radius"": 0.08, ""--no-plot"": null, ""--serve-box"": null}",152,True,active,0.087107,1.948258,0.075403,45.0,85.0,1.52,1.0,1.3,10.0,0.087107,1.198,1.69,
exp18_sensitivity,ablationtube_only__ballspeed9__corridorradius0.08__noplot__servebox,"{""--ablation"": ""tube_only"", ""--ball-speed"": 9, ""--corridor-radius"": 0.08, ""--no-plot"": null, ""--serve-box"": null}",155,True,active,0.07827,1.947308,0.073731,0.0,0.0,1.79,1.0,1.8,15.0,0.07827,1.794,1.5,
exp18_sensitivity,ablationtube_only__ballspeed9__corridorradius0.08__noplot__servebox,"{""--ablation"": ""tube_only"", ""--ball-speed"": 9, ""--corridor-radius"": 0.08, ""--no-plot"": null, ""--serve-box"": null}",156,True,active,0.070885,1.96736,0.053276,35.0,85.0,1.6,0.98,1.5,20.0,0.070885,1.525,1.81,
exp18_sensitivity,ablationtube_only__ballspeed9__corridorradius0.08__noplot__servebox,"{""--ablation"": ""tube_only"", ""--ball-speed"": 9, ""--corridor-radius"": 0.08, ""--no-plot"": null, ""--serve-box"": null}",147,True,active,0.0754,1.979721,0.072394,40.0,105.0,1.22,1.0,1.3,5.0,0.0754,0.59,2.73,
exp18_sensitivity,ablationtube_only__ballspeed9__corridorradius0.08__noplot__servebox,"{""--ablation"": ""tube_only"", ""--ball-speed"": 9, ""--corridor-radius"": 0.08, ""--no-plot"": null, ""--serve-box"": null}",159,True,active,0.087213,1.877159,0.087213,35.0,105.0,1.5,0.99,1.5,5.0,0.087213,0.74,1.41,
exp18_sensitivity,ablationtube_only__ballspeed9__corridorradius0.08__noplot__servebox,"{""--ablation"": ""tube_only"", ""--ball-speed"": 9, ""--corridor-radius"": 0.08, ""--no-plot"": null, ""--serve-box"": null}",150,True,active,0.072657,1.957947,0.072657,40.0,105.0,1.4,0.99,1.2,5.0,0.072657,1.025,2.56,
exp18_sensitivity,ablationtube_only__ballspeed9__corridorradius0.08__noplot__servebox,"{""--ablation"": ""tube_only"", ""--ball-speed"": 9, ""--corridor-radius"": 0.08, ""--no-plot"": null, ""--serve-box"": null}",161,False,miss,0.318075,1.934303,0.128524,0.0,0.0,1.69,0.99,2.5,0.0,0.318075,0.0,1.48,
exp18_sensitivity,ablationtube_only__ballspeed9__corridorradius0.08__noplot__servebox,"{""--ablation"": ""tube_only"", ""--ball-speed"": 9, ""--corridor-radius"": 0.08, ""--no-plot"": null, ""--serve-box"": null}",163,True,active,0.142387,1.911386,0.132167,40.0,105.0,0.98,1.0,1.3,5.0,0.142387,0.707,1.43,
exp18_sensitivity,ablationtube_only__ballspeed9__corridorradius0.08__noplot__servebox,"{""--ablation"": ""tube_only"", ""--ball-speed"": 9, ""--corridor-radius"": 0.08, ""--no-plot"": null, ""--serve-box"": null}",166,True,active,0.103697,1.945272,0.07285,0.0,0.0,1.79,1.0,1.7,15.0,0.103697,1.762,1.44,
exp18_sensitivity,ablationtube_only__ballspeed9__corridorradius0.08__noplot__servebox,"{""--ablation"": ""tube_only"", ""--ball-speed"": 9, ""--corridor-radius"": 0.08, ""--no-plot"": null, ""--serve-box"": null}",165,True,active,0.118297,1.939559,0.109757,40.0,95.0,1.32,0.98,1.5,0.0,0.118297,0.518,1.56,
exp18_sensitivity,ablationtube_only__ballspeed9__corridorradius0.08__noplot__servebox,"{""--ablation"": ""tube_only"", ""--ball-speed"": 9, ""--corridor-radius"": 0.08, ""--no-plot"": null, ""--serve-box"": null}",167,True,active,0.115048,1.931382,0.093531,40.0,105.0,1.48,1.0,1.8,15.0,0.115048,1.267,1.46,
exp18_sensitivity,ablationtube_only__ballspeed9__corridorradius0.08__noplot__servebox,"{""--ablation"": ""tube_only"", ""--ball-speed"": 9, ""--corridor-radius"": 0.08, ""--no-plot"": null, ""--serve-box"": null}",158,True,active,0.111253,1.948227,0.111253,35.0,105.0,1.41,0.99,1.5,0.0,0.111253,0.822,2.67,
exp18_sensitivity,ablationtube_only__ballspeed9__corridorradius0.08__noplot__servebox,"{""--ablation"": ""tube_only"", ""--ball-speed"": 9, ""--corridor-radius"": 0.08, ""--no-plot"": null, ""--serve-box"": null}",168,True,active,0.0956,1.943828,0.072472,0.0,0.0,1.8,0.99,2.1,20.0,0.0956,1.782,1.47,
exp18_sensitivity,ablationtube_only__ballspeed9__corridorradius0.08__noplot__servebox,"{""--ablation"": ""tube_only"", ""--ball-speed"": 9, ""--corridor-radius"": 0.08, ""--no-plot"": null, ""--serve-box"": null}",157,True,active,0.097859,1.906984,0.065172,0.0,0.0,1.77,0.96,1.8,15.0,0.097859,1.761,2.9,
exp18_sensitivity,ablationtube_only__ballspeed9__corridorradius0.08__noplot__servebox,"{""--ablation"": ""tube_only"", ""--ball-speed"": 9, ""--corridor-radius"": 0.08, ""--no-plot"": null, ""--serve-box"": null}",162,True,active,0.080323,1.928809,0.069734,0.0,0.0,1.8,0.99,1.6,15.0,0.080323,1.666,2.23,
exp18_sensitivity,ablationtube_only__ballspeed9__corridorradius0.08__noplot__servebox,"{""--ablation"": ""tube_only"", ""--ball-speed"": 9, ""--corridor-radius"": 0.08, ""--no-plot"": null, ""--serve-box"": null}",173,True,active,0.092103,1.921936,0.081921,45.0,105.0,1.73,0.98,1.9,10.0,0.092103,1.732,1.52,
exp18_sensitivity,ablationtube_only__ballspeed9__corridorradius0.08__noplot__servebox,"{""--ablation"": ""tube_only"", ""--ball-speed"": 9, ""--corridor-radius"": 0.08, ""--no-plot"": null, ""--serve-box"": null}",170,True,active,0.058706,1.924258,0.054368,0.0,45.0,1.8,1.0,1.9,25.0,0.058706,1.727,1.78,
exp18_sensitivity,ablationtube_only__ballspeed9__corridorradius0.08__noplot__servebox,"{""--ablation"": ""tube_only"", ""--ball-speed"": 9, ""--corridor-radius"": 0.08, ""--no-plot"": null, ""--serve-box"": null}",172,True,active,0.081741,1.971344,0.065485,45.0,105.0,1.74,0.96,1.3,10.0,0.081741,1.497,1.63,
exp18_sensitivity,ablationtube_only__ballspeed9__corridorradius0.08__noplot__servebox,"{""--ablation"": ""tube_only"", ""--ball-speed"": 9, ""--corridor-radius"": 0.08, ""--no-plot"": null, ""--serve-box"": null}",160,True,active,0.096649,1.924581,0.096649,40.0,105.0,1.43,0.99,1.6,5.0,0.096649,0.961,2.97,
exp18_sensitivity,ablationtube_only__ballspeed9__corridorradius0.08__noplot__servebox,"{""--ablation"": ""tube_only"", ""--ball-speed"": 9, ""--corridor-radius"": 0.08, ""--no-plot"": null, ""--serve-box"": null}",174,True,active,0.032794,1.948395,0.032794,0.0,0.0,1.8,0.99,1.8,20.0,0.032794,1.804,1.66,
exp18_sensitivity,ablationtube_only__ballspeed9__corridorradius0.08__noplot__servebox,"{""--ablation"": ""tube_only"", ""--ball-speed"": 9, ""--corridor-radius"": 0.08, ""--no-plot"": null, ""--serve-box"": null}",164,True,active,0.065593,1.929234,0.044708,0.0,0.0,1.12,0.96,1.2,15.0,0.065593,0.923,2.95,
exp18_sensitivity,ablationtube_only__ballspeed9__corridorradius0.08__noplot__servebox,"{""--ablation"": ""tube_only"", ""--ball-speed"": 9, ""--corridor-radius"": 0.08, ""--no-plot"": null, ""--serve-box"": null}",175,True,active,0.134591,1.935003,0.128387,35.0,105.0,1.4,1.0,1.3,5.0,0.134591,1.095,1.58,
exp18_sensitivity,ablationtube_only__ballspeed9__corridorradius0.08__noplot__servebox,"{""--ablation"": ""tube_only"", ""--ball-speed"": 9, ""--corridor-radius"": 0.08, ""--no-plot"": null, ""--serve-box"": null}",169,True,active,0.088116,1.974262,0.035247,0.0,0.0,1.79,0.99,1.9,20.0,0.088116,1.78,2.68,
exp18_sensitivity,ablationtube_only__ballspeed9__corridorradius0.08__noplot__servebox,"{""--ablation"": ""tube_only"", ""--ball-speed"": 9, ""--corridor-radius"": 0.08, ""--no-plot"": null, ""--serve-box"": null}",180,True,active,0.050242,1.953868,0.043135,0.0,0.0,1.61,0.99,1.6,15.0,0.050242,1.502,1.51,
exp18_sensitivity,ablationtube_only__ballspeed9__corridorradius0.08__noplot__servebox,"{""--ablation"": ""tube_only"", ""--ball-speed"": 9, ""--corridor-radius"": 0.08, ""--no-plot"": null, ""--serve-box"": null}",179,True,passive,0.056062,1.969442,0.056062,50.0,105.0,1.13,1.0,1.0,0.0,0.056062,0.189,1.6,
exp18_sensitivity,ablationtube_only__ballspeed9__corridorradius0.08__noplot__servebox,"{""--ablation"": ""tube_only"", ""--ball-speed"": 9, ""--corridor-radius"": 0.08, ""--no-plot"": null, ""--serve-box"": null}",176,False,miss,0.28764,1.913003,0.205045,0.0,0.0,1.04,1.0,1.5,0.0,0.28764,0.0,2.0,
exp18_sensitivity,ablationtube_only__ballspeed9__corridorradius0.08__noplot__servebox,"{""--ablation"": ""tube_only"", ""--ball-speed"": 9, ""--corridor-radius"": 0.08, ""--no-plot"": null, ""--serve-box"": null}",177,True,active,0.130527,1.910169,0.1178,10.0,50.0,1.54,1.0,1.6,15.0,0.130527,1.487,2.09,
exp18_sensitivity,ablationtube_only__ballspeed9__corridorradius0.08__noplot__servebox,"{""--ablation"": ""tube_only"", ""--ball-speed"": 9, ""--corridor-radius"": 0.08, ""--no-plot"": null, ""--serve-box"": null}",171,True,active,0.119243,1.933371,0.118185,35.0,105.0,1.25,1.0,1.1,0.0,0.119243,0.416,3.02,
exp18_sensitivity,ablationtube_only__ballspeed9__corridorradius0.08__noplot__servebox,"{""--ablation"": ""tube_only"", ""--ball-speed"": 9, ""--corridor-radius"": 0.08, ""--no-plot"": null, ""--serve-box"": null}",182,True,active,0.069862,1.966038,0.06243,35.0,105.0,1.79,0.91,1.4,15.0,0.069862,1.788,1.88,
exp18_sensitivity,ablationtube_only__ballspeed9__corridorradius0.08__noplot__servebox,"{""--ablation"": ""tube_only"", ""--ball-speed"": 9, ""--corridor-radius"": 0.08, ""--no-plot"": null, ""--serve-box"": null}",183,True,active,0.111739,1.947576,0.111083,35.0,105.0,1.78,1.0,1.9,10.0,0.111739,1.72,1.51,
exp18_sensitivity,ablationtube_only__ballspeed9__corridorradius0.08__noplot__servebox,"{""--ablation"": ""tube_only"", ""--ball-speed"": 9, ""--corridor-radius"": 0.08, ""--no-plot"": null, ""--serve-box"": null}",184,True,passive,0.064062,1.935154,0.064062,45.0,105.0,1.45,0.99,1.4,5.0,0.064062,0.206,1.52,
exp18_sensitivity,ablationtube_only__ballspeed9__corridorradius0.08__noplot__servebox,"{""--ablation"": ""tube_only"", ""--ball-speed"": 9, ""--corridor-radius"": 0.08, ""--no-plot"": null, ""--serve-box"": null}",187,True,active,0.100711,1.940421,0.079347,0.0,0.0,1.78,1.0,2.0,15.0,0.100711,1.772,1.4,
exp18_sensitivity,ablationtube_only__ballspeed9__corridorradius0.08__noplot__servebox,"{""--ablation"": ""tube_only"", ""--ball-speed"": 9, ""--corridor-radius"": 0.08, ""--no-plot"": null, ""--serve-box"": null}",189,True,active,0.080903,1.938146,0.080903,35.0,105.0,1.74,0.99,1.8,10.0,0.080903,1.674,1.44,
exp18_sensitivity,ablationtube_only__ballspeed9__corridorradius0.08__noplot__servebox,"{""--ablation"": ""tube_only"", ""--ball-speed"": 9, ""--corridor-radius"": 0.08, ""--no-plot"": null, ""--serve-box"": null}",188,True,active,0.076694,1.928991,0.076694,45.0,105.0,1.43,0.99,1.8,5.0,0.076694,0.875,1.51,
exp18_sensitivity,ablationtube_only__ballspeed9__corridorradius0.08__noplot__servebox,"{""--ablation"": ""tube_only"", ""--ball-speed"": 9, ""--corridor-radius"": 0.08, ""--no-plot"": null, ""--serve-box"": null}",190,True,active,0.086963,1.958666,0.070522,40.0,105.0,1.52,1.0,1.6,10.0,0.086963,1.523,1.56,
exp18_sensitivity,ablationtube_only__ballspeed9__corridorradius0.08__noplot__servebox,"{""--ablation"": ""tube_only"", ""--ball-speed"": 9, ""--corridor-radius"": 0.08, ""--no-plot"": null, ""--serve-box"": null}",178,True,active,0.024079,1.965775,0.024079,40.0,105.0,1.79,1.0,1.8,15.0,0.024079,1.783,3.1,
exp18_sensitivity,ablationtube_only__ballspeed9__corridorradius0.08__noplot__servebox,"{""--ablation"": ""tube_only"", ""--ball-speed"": 9, ""--corridor-radius"": 0.08, ""--no-plot"": null, ""--serve-box"": null}",193,True,active,0.105966,1.965134,0.090302,45.0,105.0,1.8,0.98,1.7,10.0,0.105966,1.772,1.45,
exp18_sensitivity,ablationtube_only__ballspeed9__corridorradius0.08__noplot__servebox,"{""--ablation"": ""tube_only"", ""--ball-speed"": 9, ""--corridor-radius"": 0.08, ""--no-plot"": null, ""--serve-box"": null}",181,False,miss,0.239763,1.93028,0.144889,25.0,105.0,1.05,1.0,1.6,0.0,0.239763,0.0,3.17,
exp18_sensitivity,ablationtube_only__ballspeed9__corridorradius0.08__noplot__servebox,"{""--ablation"": ""tube_only"", ""--ball-speed"": 9, ""--corridor-radius"": 0.08, ""--no-plot"": null, ""--serve-box"": null}",194,True,active,0.095626,1.96669,0.079166,40.0,105.0,1.79,0.98,1.8,15.0,0.095626,1.697,1.43,
exp18_sensitivity,ablationtube_only__ballspeed9__corridorradius0.08__noplot__servebox,"{""--ablation"": ""tube_only"", ""--ball-speed"": 9, ""--corridor-radius"": 0.08, ""--no-plot"": null, ""--serve-box"": null}",185,True,active,0.092153,1.952254,0.078066,0.0,5.0,1.79,0.97,1.8,15.0,0.092153,1.762,2.87,
exp18_sensitivity,ablationtube_only__ballspeed9__corridorradius0.08__noplot__servebox,"{""--ablation"": ""tube_only"", ""--ball-speed"": 9, ""--corridor-radius"": 0.08, ""--no-plot"": null, ""--serve-box"": null}",197,True,active,0.090872,1.92301,0.085108,35.0,105.0,1.79,0.99,1.7,15.0,0.090872,1.786,1.44,
exp18_sensitivity,ablationtube_only__ballspeed9__corridorradius0.08__noplot__servebox,"{""--ablation"": ""tube_only"", ""--ball-speed"": 9, ""--corridor-radius"": 0.08, ""--no-plot"": null, ""--serve-box"": null}",186,True,active,0.119722,1.968555,0.109208,35.0,105.0,1.19,1.0,1.2,10.0,0.119722,1.176,2.85,
exp18_sensitivity,ablationtube_only__ballspeed9__corridorradius0.08__noplot__servebox,"{""--ablation"": ""tube_only"", ""--ball-speed"": 9, ""--corridor-radius"": 0.08, ""--no-plot"": null, ""--serve-box"": null}",196,False,miss,0.344869,1.917998,0.119398,0.0,0.0,1.79,0.99,1.8,0.0,0.344869,0.0,1.61,
exp18_sensitivity,ablationtube_only__ballspeed9__corridorradius0.08__noplot__servebox,"{""--ablation"": ""tube_only"", ""--ball-speed"": 9, ""--corridor-radius"": 0.08, ""--no-plot"": null, ""--serve-box"": null}",198,True,active,0.127365,1.958667,0.123526,35.0,105.0,1.41,0.98,1.4,5.0,0.127365,1.024,1.55,
exp18_sensitivity,ablationtube_only__ballspeed9__corridorradius0.08__noplot__servebox,"{""--ablation"": ""tube_only"", ""--ball-speed"": 9, ""--corridor-radius"": 0.08, ""--no-plot"": null, ""--serve-box"": null}",199,True,active,0.094777,1.939962,0.066059,0.0,0.0,1.57,1.0,1.9,15.0,0.094777,1.564,1.45,
exp18_sensitivity,ablationtube_only__ballspeed9__corridorradius0.08__noplot__servebox,"{""--ablation"": ""tube_only"", ""--ball-speed"": 9, ""--corridor-radius"": 0.08, ""--no-plot"": null, ""--serve-box"": null}",191,True,active,0.105423,1.970202,0.085561,35.0,65.0,1.65,0.99,1.8,15.0,0.105423,1.508,2.66,
exp18_sensitivity,ablationtube_only__ballspeed9__corridorradius0.08__noplot__servebox,"{""--ablation"": ""tube_only"", ""--ball-speed"": 9, ""--corridor-radius"": 0.08, ""--no-plot"": null, ""--serve-box"": null}",192,True,active,0.026655,1.986123,0.026655,40.0,105.0,1.65,1.0,1.7,10.0,0.026655,1.583,2.77,
exp18_sensitivity,ablationfull__ballspeed9__corridorradius0.16__noplot__servebox,"{""--ablation"": ""full"", ""--ball-speed"": 9, ""--corridor-radius"": 0.16, ""--no-plot"": null, ""--serve-box"": null}",2,True,active,0.101154,1.951322,0.090046,35.0,70.0,1.79,1.0,1.8,20.0,0.101154,1.781,1.48,
exp18_sensitivity,ablationtube_only__ballspeed9__corridorradius0.08__noplot__servebox,"{""--ablation"": ""tube_only"", ""--ball-speed"": 9, ""--corridor-radius"": 0.08, ""--no-plot"": null, ""--serve-box"": null}",195,True,active,0.108754,1.973597,0.108395,35.0,105.0,1.42,0.99,1.4,10.0,0.108754,1.414,2.39,
exp18_sensitivity,ablationtube_only__ballspeed9__corridorradius0.08__noplot__servebox,"{""--ablation"": ""tube_only"", ""--ball-speed"": 9, ""--corridor-radius"": 0.08, ""--no-plot"": null, ""--serve-box"": null}",200,False,miss,0.293835,1.914162,0.098557,0.0,0.0,1.77,0.99,1.6,0.0,0.293835,0.0,1.88,
exp18_sensitivity,ablationfull__ballspeed9__corridorradius0.16__noplot__servebox,"{""--ablation"": ""full"", ""--ball-speed"": 9, ""--corridor-radius"": 0.16, ""--no-plot"": null, ""--serve-box"": null}",4,True,active,0.124026,1.955262,0.109907,40.0,105.0,1.8,0.99,1.7,20.0,0.124026,1.699,1.4,
exp18_sensitivity,ablationfull__ballspeed9__corridorradius0.16__noplot__servebox,"{""--ablation"": ""full"", ""--ball-speed"": 9, ""--corridor-radius"": 0.16, ""--no-plot"": null, ""--serve-box"": null}",5,True,active,0.102928,1.950802,0.069918,0.0,0.0,1.79,0.99,1.5,25.0,0.102928,1.599,1.58,
exp18_sensitivity,ablationfull__ballspeed9__corridorradius0.16__noplot__servebox,"{""--ablation"": ""full"", ""--ball-speed"": 9, ""--corridor-radius"": 0.16, ""--no-plot"": null, ""--serve-box"": null}",6,True,active,0.101852,1.949561,0.095652,35.0,105.0,1.8,0.99,1.6,20.0,0.101852,1.742,1.68,
exp18_sensitivity,ablationfull__ballspeed9__corridorradius0.16__noplot__servebox,"{""--ablation"": ""full"", ""--ball-speed"": 9, ""--corridor-radius"": 0.16, ""--no-plot"": null, ""--serve-box"": null}",8,True,active,0.144058,1.957844,0.122087,35.0,105.0,1.24,1.0,1.6,0.0,0.144058,0.472,1.52,
exp18_sensitivity,ablationfull__ballspeed9__corridorradius0.16__noplot__servebox,"{""--ablation"": ""full"", ""--ball-speed"": 9, ""--corridor-radius"": 0.16, ""--no-plot"": null, ""--serve-box"": null}",20,,,,,,,,,,,,,,0.2,no_result
exp18_sensitivity,ablationfull__ballspeed9__corridorradius0.16__noplot__servebox,"{""--ablation"": ""full"", ""--ball-speed"": 9, ""--corridor-radius"": 0.16, ""--no-plot"": null, ""--serve-box"": null}",9,True,active,0.137239,1.963303,0.132473,30.0,85.0,1.78,0.99,1.8,15.0,0.137239,1.756,1.55,
exp18_sensitivity,ablationfull__ballspeed9__corridorradius0.16__noplot__servebox,"{""--ablation"": ""full"", ""--ball-speed"": 9, ""--corridor-radius"": 0.16, ""--no-plot"": null, ""--serve-box"": null}",1,True,active,0.066829,1.969449,0.066829,40.0,105.0,1.81,1.0,1.4,15.0,0.066829,1.633,2.66,
exp18_sensitivity,ablationfull__ballspeed9__corridorradius0.16__noplot__servebox,"{""--ablation"": ""full"", ""--ball-speed"": 9, ""--corridor-radius"": 0.16, ""--no-plot"": null, ""--serve-box"": null}",21,,,,,,,,,,,,,,0.22,no_result
exp18_sensitivity,ablationfull__ballspeed9__corridorradius0.16__noplot__servebox,"{""--ablation"": ""full"", ""--ball-speed"": 9, ""--corridor-radius"": 0.16, ""--no-plot"": null, ""--serve-box"": null}",13,True,active,0.143174,1.916528,0.140795,35.0,75.0,1.14,1.0,1.4,5.0,0.143174,0.746,1.58,
exp18_sensitivity,ablationfull__ballspeed9__corridorradius0.16__noplot__servebox,"{""--ablation"": ""full"", ""--ball-speed"": 9, ""--corridor-radius"": 0.16, ""--no-plot"": null, ""--serve-box"": null}",14,True,active,0.085753,1.98576,0.085753,40.0,105.0,1.79,1.0,1.4,15.0,0.085753,1.757,1.46,
exp18_sensitivity,ablationfull__ballspeed9__corridorradius0.16__noplot__servebox,"{""--ablation"": ""full"", ""--ball-speed"": 9, ""--corridor-radius"": 0.16, ""--no-plot"": null, ""--serve-box"": null}",3,True,active,0.136365,1.915636,0.123042,35.0,100.0,1.75,1.0,1.7,25.0,0.136365,1.543,2.9,
exp18_sensitivity,ablationfull__ballspeed9__corridorradius0.16__noplot__servebox,"{""--ablation"": ""full"", ""--ball-speed"": 9, ""--corridor-radius"": 0.16, ""--no-plot"": null, ""--serve-box"": null}",16,True,active,0.065419,1.9762,0.058809,5.0,45.0,1.63,1.0,1.6,15.0,0.065419,1.347,1.59,
exp18_sensitivity,ablationfull__ballspeed9__corridorradius0.16__noplot__servebox,"{""--ablation"": ""full"", ""--ball-speed"": 9, ""--corridor-radius"": 0.16, ""--no-plot"": null, ""--serve-box"": null}",17,True,active,0.084583,1.933898,0.081286,45.0,105.0,1.4,1.0,1.3,5.0,0.084583,0.55,1.5,
exp18_sensitivity,ablationfull__ballspeed9__corridorradius0.16__noplot__servebox,"{""--ablation"": ""full"", ""--ball-speed"": 9, ""--corridor-radius"": 0.16, ""--no-plot"": null, ""--serve-box"": null}",10,True,active,0.099043,1.962539,0.09668,40.0,105.0,1.8,1.0,1.6,15.0,0.099043,1.679,2.26,
exp18_sensitivity,ablationfull__ballspeed9__corridorradius0.16__noplot__servebox,"{""--ablation"": ""full"", ""--ball-speed"": 9, ""--corridor-radius"": 0.16, ""--no-plot"": null, ""--serve-box"": null}",12,True,active,0.07331,1.951965,0.07331,40.0,105.0,1.8,0.99,1.8,20.0,0.07331,1.781,2.29,
exp18_sensitivity,ablationfull__ballspeed9__corridorradius0.16__noplot__servebox,"{""--ablation"": ""full"", ""--ball-speed"": 9, ""--corridor-radius"": 0.16, ""--no-plot"": null, ""--serve-box"": null}",11,True,active,0.106181,1.903871,0.101442,40.0,105.0,1.61,0.99,1.4,10.0,0.106181,0.726,2.67,
exp18_sensitivity,ablationfull__ballspeed9__corridorradius0.16__noplot__servebox,"{""--ablation"": ""full"", ""--ball-speed"": 9, ""--corridor-radius"": 0.16, ""--no-plot"": null, ""--serve-box"": null}",7,True,active,0.102693,1.949466,0.098638,35.0,105.0,1.78,0.99,1.7,20.0,0.102693,1.761,2.87,
exp18_sensitivity,ablationfull__ballspeed9__corridorradius0.16__noplot__servebox,"{""--ablation"": ""full"", ""--ball-speed"": 9, ""--corridor-radius"": 0.16, ""--no-plot"": null, ""--serve-box"": null}",18,True,active,0.114785,1.992625,0.114785,30.0,105.0,1.81,0.99,1.9,20.0,0.114785,1.653,2.06,
exp18_sensitivity,ablationfull__ballspeed9__corridorradius0.16__noplot__servebox,"{""--ablation"": ""full"", ""--ball-speed"": 9, ""--corridor-radius"": 0.16, ""--no-plot"": null, ""--serve-box"": null}",22,True,active,0.103362,1.918016,0.064213,0.0,0.0,1.8,1.0,1.8,25.0,0.103362,1.782,1.64,
exp18_sensitivity,ablationfull__ballspeed9__corridorradius0.16__noplot__servebox,"{""--ablation"": ""full"", ""--ball-speed"": 9, ""--corridor-radius"": 0.16, ""--no-plot"": null, ""--serve-box"": null}",15,True,active,0.108297,1.950195,0.10011,0.0,0.0,1.77,0.98,2.1,15.0,0.108297,1.775,2.66,
exp18_sensitivity,ablationfull__ballspeed9__corridorradius0.16__noplot__servebox,"{""--ablation"": ""full"", ""--ball-speed"": 9, ""--corridor-radius"": 0.16, ""--no-plot"": null, ""--serve-box"": null}",25,False,miss,0.3109,1.935818,0.218252,0.0,0.0,1.1,1.0,1.4,0.0,0.3109,0.0,1.7,
exp18_sensitivity,ablationfull__ballspeed9__corridorradius0.16__noplot__servebox,"{""--ablation"": ""full"", ""--ball-speed"": 9, ""--corridor-radius"": 0.16, ""--no-plot"": null, ""--serve-box"": null}",19,True,active,0.113456,1.937541,0.099306,0.0,0.0,1.78,0.99,2.0,25.0,0.113456,1.64,2.35,
exp18_sensitivity,ablationfull__ballspeed9__corridorradius0.16__noplot__servebox,"{""--ablation"": ""full"", ""--ball-speed"": 9, ""--corridor-radius"": 0.16, ""--no-plot"": null, ""--serve-box"": null}",24,False,miss,0.31935,1.934235,0.130031,0.0,15.0,1.76,1.0,1.7,0.0,0.31935,0.0,2.14,
exp18_sensitivity,ablationfull__ballspeed9__corridorradius0.16__noplot__servebox,"{""--ablation"": ""full"", ""--ball-speed"": 9, ""--corridor-radius"": 0.16, ""--no-plot"": null, ""--serve-box"": null}",28,True,active,0.101673,1.934764,0.08609,0.0,0.0,1.79,0.98,1.6,20.0,0.101673,1.745,1.58,
exp18_sensitivity,ablationfull__ballspeed9__corridorradius0.16__noplot__servebox,"{""--ablation"": ""full"", ""--ball-speed"": 9, ""--corridor-radius"": 0.16, ""--no-plot"": null, ""--serve-box"": null}",30,True,active,0.071285,1.94592,0.051287,0.0,0.0,1.79,0.98,1.7,20.0,0.071285,1.784,1.55,
exp18_sensitivity,ablationfull__ballspeed9__corridorradius0.16__noplot__servebox,"{""--ablation"": ""full"", ""--ball-speed"": 9, ""--corridor-radius"": 0.16, ""--no-plot"": null, ""--serve-box"": null}",26,True,active,0.093695,1.948249,0.093695,40.0,105.0,1.8,1.0,1.6,20.0,0.093695,1.532,1.92,
exp18_sensitivity,ablationfull__ballspeed9__corridorradius0.16__noplot__servebox,"{""--ablation"": ""full"", ""--ball-speed"": 9, ""--corridor-radius"": 0.16, ""--no-plot"": null, ""--serve-box"": null}",29,True,active,0.10648,1.908637,0.103466,35.0,105.0,0.99,1.0,1.2,5.0,0.10648,0.363,1.8,
exp18_sensitivity,ablationfull__ballspeed9__corridorradius0.16__noplot__servebox,"{""--ablation"": ""full"", ""--ball-speed"": 9, ""--corridor-radius"": 0.16, ""--no-plot"": null, ""--serve-box"": null}",31,False,miss,0.355259,1.968782,0.153555,25.0,0.0,1.5,0.99,1.4,0.0,0.355259,0.0,1.79,
exp18_sensitivity,ablationfull__ballspeed9__corridorradius0.16__noplot__servebox,"{""--ablation"": ""full"", ""--ball-speed"": 9, ""--corridor-radius"": 0.16, ""--no-plot"": null, ""--serve-box"": null}",23,True,active,0.10577,1.94775,0.10577,35.0,105.0,1.78,0.99,1.9,15.0,0.10577,1.696,2.66,
exp18_sensitivity,ablationfull__ballspeed9__corridorradius0.16__noplot__servebox,"{""--ablation"": ""full"", ""--ball-speed"": 9, ""--corridor-radius"": 0.16, ""--no-plot"": null, ""--serve-box"": null}",32,True,active,0.102338,1.943804,0.089879,45.0,105.0,1.74,1.0,1.7,15.0,0.102338,1.74,1.95,
exp18_sensitivity,ablationfull__ballspeed9__corridorradius0.16__noplot__servebox,"{""--ablation"": ""full"", ""--ball-speed"": 9, ""--corridor-radius"": 0.16, ""--no-plot"": null, ""--serve-box"": null}",34,True,active,0.090987,1.983368,0.090987,30.0,105.0,1.81,1.0,1.7,20.0,0.090987,1.661,1.93,
exp18_sensitivity,ablationfull__ballspeed9__corridorradius0.16__noplot__servebox,"{""--ablation"": ""full"", ""--ball-speed"": 9, ""--corridor-radius"": 0.16, ""--no-plot"": null, ""--serve-box"": null}",35,True,active,0.113395,1.959299,0.104402,40.0,105.0,1.79,0.99,1.7,20.0,0.113395,1.656,1.88,
exp18_sensitivity,ablationfull__ballspeed9__corridorradius0.16__noplot__servebox,"{""--ablation"": ""full"", ""--ball-speed"": 9, ""--corridor-radius"": 0.16, ""--no-plot"": null, ""--serve-box"": null}",27,True,active,0.034762,1.91482,0.034762,40.0,105.0,1.48,1.0,1.7,10.0,0.034762,0.754,3.06,
exp18_sensitivity,ablationfull__ballspeed9__corridorradius0.16__noplot__servebox,"{""--ablation"": ""full"", ""--ball-speed"": 9, ""--corridor-radius"": 0.16, ""--no-plot"": null, ""--serve-box"": null}",36,True,active,0.115858,1.931859,0.113812,35.0,105.0,1.79,1.0,1.8,10.0,0.115858,1.403,2.03,
exp18_sensitivity,ablationfull__ballspeed9__corridorradius0.16__noplot__servebox,"{""--ablation"": ""full"", ""--ball-speed"": 9, ""--corridor-radius"": 0.16, ""--no-plot"": null, ""--serve-box"": null}",39,True,active,0.091562,1.913835,0.091562,40.0,105.0,1.8,0.99,2.0,10.0,0.091562,1.773,1.78,
exp18_sensitivity,ablationfull__ballspeed9__corridorradius0.16__noplot__servebox,"{""--ablation"": ""full"", ""--ball-speed"": 9, ""--corridor-radius"": 0.16, ""--no-plot"": null, ""--serve-box"": null}",40,True,active,0.073123,1.977508,0.073123,40.0,105.0,1.81,0.98,1.7,15.0,0.073123,1.732,1.65,
exp18_sensitivity,ablationfull__ballspeed9__corridorradius0.16__noplot__servebox,"{""--ablation"": ""full"", ""--ball-speed"": 9, ""--corridor-radius"": 0.16, ""--no-plot"": null, ""--serve-box"": null}",33,True,active,0.110297,1.972966,0.110297,35.0,105.0,1.79,0.98,2.0,15.0,0.110297,1.783,2.88,
exp18_sensitivity,ablationfull__ballspeed9__corridorradius0.16__noplot__servebox,"{""--ablation"": ""full"", ""--ball-speed"": 9, ""--corridor-radius"": 0.16, ""--no-plot"": null, ""--serve-box"": null}",44,True,active,0.129566,1.964778,0.121275,40.0,105.0,1.83,1.0,2.2,20.0,0.129566,1.757,1.6,
exp18_sensitivity,ablationfull__ballspeed9__corridorradius0.16__noplot__servebox,"{""--ablation"": ""full"", ""--ball-speed"": 9, ""--corridor-radius"": 0.16, ""--no-plot"": null, ""--serve-box"": null}",45,True,active,0.109188,1.972797,0.108132,35.0,105.0,1.81,1.0,1.8,20.0,0.109188,1.799,1.66,
exp18_sensitivity,ablationfull__ballspeed9__corridorradius0.16__noplot__servebox,"{""--ablation"": ""full"", ""--ball-speed"": 9, ""--corridor-radius"": 0.16, ""--no-plot"": null, ""--serve-box"": null}",37,True,active,0.139205,1.965343,0.125334,35.0,65.0,1.65,1.0,1.7,20.0,0.139205,1.298,2.51,
exp18_sensitivity,ablationfull__ballspeed9__corridorradius0.16__noplot__servebox,"{""--ablation"": ""full"", ""--ball-speed"": 9, ""--corridor-radius"": 0.16, ""--no-plot"": null, ""--serve-box"": null}",46,True,active,0.108509,1.968238,0.104567,35.0,105.0,1.34,0.99,1.4,10.0,0.108509,1.098,1.8,
exp18_sensitivity,ablationfull__ballspeed9__corridorradius0.16__noplot__servebox,"{""--ablation"": ""full"", ""--ball-speed"": 9, ""--corridor-radius"": 0.16, ""--no-plot"": null, ""--serve-box"": null}",41,True,active,0.056187,1.99713,0.034757,40.0,105.0,1.8,1.0,2.1,5.0,0.056187,1.348,2.4,
exp18_sensitivity,ablationfull__ballspeed9__corridorradius0.16__noplot__servebox,"{""--ablation"": ""full"", ""--ball-speed"": 9, ""--corridor-radius"": 0.16, ""--no-plot"": null, ""--serve-box"": null}",43,True,active,0.115631,1.944806,0.113097,35.0,105.0,1.8,1.0,1.8,25.0,0.115631,1.395,2.31,
exp18_sensitivity,ablationfull__ballspeed9__corridorradius0.16__noplot__servebox,"{""--ablation"": ""full"", ""--ball-speed"": 9, ""--corridor-radius"": 0.16, ""--no-plot"": null, ""--serve-box"": null}",38,True,active,0.089318,1.985163,0.089318,30.0,105.0,1.81,1.0,1.7,20.0,0.089318,1.452,2.99,
exp18_sensitivity,ablationfull__ballspeed9__corridorradius0.16__noplot__servebox,"{""--ablation"": ""full"", ""--ball-speed"": 9, ""--corridor-radius"": 0.16, ""--no-plot"": null, ""--serve-box"": null}",48,True,active,0.105047,1.942428,0.099421,35.0,105.0,1.79,1.0,1.7,20.0,0.105047,1.749,1.67,
exp18_sensitivity,ablationfull__ballspeed9__corridorradius0.16__noplot__servebox,"{""--ablation"": ""full"", ""--ball-speed"": 9, ""--corridor-radius"": 0.16, ""--no-plot"": null, ""--serve-box"": null}",49,True,active,0.091449,1.949413,0.084788,45.0,105.0,1.78,0.99,1.9,20.0,0.091449,1.743,1.6,
exp18_sensitivity,ablationfull__ballspeed9__corridorradius0.16__noplot__servebox,"{""--ablation"": ""full"", ""--ball-speed"": 9, ""--corridor-radius"": 0.16, ""--no-plot"": null, ""--serve-box"": null}",42,True,active,0.09491,1.966657,0.09491,35.0,105.0,1.81,1.0,1.7,20.0,0.09491,1.537,2.93,
exp18_sensitivity,ablationfull__ballspeed9__corridorradius0.16__noplot__servebox,"{""--ablation"": ""full"", ""--ball-speed"": 9, ""--corridor-radius"": 0.16, ""--no-plot"": null, ""--serve-box"": null}",53,True,active,0.043124,1.938134,0.043124,40.0,105.0,1.41,1.0,1.5,10.0,0.043124,0.468,1.78,
exp18_sensitivity,ablationfull__ballspeed9__corridorradius0.16__noplot__servebox,"{""--ablation"": ""full"", ""--ball-speed"": 9, ""--corridor-radius"": 0.16, ""--no-plot"": null, ""--serve-box"": null}",50,True,active,0.11288,1.922108,0.10606,30.0,85.0,1.81,1.0,2.0,20.0,0.11288,1.724,2.2,
exp18_sensitivity,ablationfull__ballspeed9__corridorradius0.16__noplot__servebox,"{""--ablation"": ""full"", ""--ball-speed"": 9, ""--corridor-radius"": 0.16, ""--no-plot"": null, ""--serve-box"": null}",57,True,active,0.097783,1.972986,0.092844,0.0,0.0,1.8,0.93,2.0,20.0,0.097783,1.789,1.53,
exp18_sensitivity,ablationfull__ballspeed9__corridorradius0.16__noplot__servebox,"{""--ablation"": ""full"", ""--ball-speed"": 9, ""--corridor-radius"": 0.16, ""--no-plot"": null, ""--serve-box"": null}",47,True,active,0.064985,1.887022,0.064985,50.0,105.0,1.52,0.98,1.6,10.0,0.064985,1.116,3.12,
exp18_sensitivity,ablationfull__ballspeed9__corridorradius0.16__noplot__servebox,"{""--ablation"": ""full"", ""--ball-speed"": 9, ""--corridor-radius"": 0.16, ""--no-plot"": null, ""--serve-box"": null}",51,True,active,0.112968,1.953826,0.099565,40.0,105.0,1.68,1.0,1.8,15.0,0.112968,1.562,2.43,
exp18_sensitivity,ablationfull__ballspeed9__corridorradius0.16__noplot__servebox,"{""--ablation"": ""full"", ""--ball-speed"": 9, ""--corridor-radius"": 0.16, ""--no-plot"": null, ""--serve-box"": null}",55,True,active,0.088314,1.991799,0.082141,40.0,105.0,1.8,0.96,1.9,20.0,0.088314,1.797,1.99,
exp18_sensitivity,ablationfull__ballspeed9__corridorradius0.16__noplot__servebox,"{""--ablation"": ""full"", ""--ball-speed"": 9, ""--corridor-radius"": 0.16, ""--no-plot"": null, ""--serve-box"": null}",56,False,miss,0.368242,1.958887,0.14745,0.0,0.0,1.79,1.0,2.0,0.0,0.368242,0.0,2.07,
exp18_sensitivity,ablationfull__ballspeed9__corridorradius0.16__noplot__servebox,"{""--ablation"": ""full"", ""--ball-speed"": 9, ""--corridor-radius"": 0.16, ""--no-plot"": null, ""--serve-box"": null}",54,True,active,0.026596,2.002053,0.026596,0.0,40.0,1.83,0.99,1.8,25.0,0.026596,1.798,2.25,
exp18_sensitivity,ablationfull__ballspeed9__corridorradius0.16__noplot__servebox,"{""--ablation"": ""full"", ""--ball-speed"": 9, ""--corridor-radius"": 0.16, ""--no-plot"": null, ""--serve-box"": null}",58,True,active,0.077253,1.896829,0.076129,45.0,105.0,1.4,1.0,1.8,15.0,0.077253,1.252,1.92,
exp18_sensitivity,ablationfull__ballspeed9__corridorradius0.16__noplot__servebox,"{""--ablation"": ""full"", ""--ball-speed"": 9, ""--corridor-radius"": 0.16, ""--no-plot"": null, ""--serve-box"": null}",61,True,active,0.114319,1.984064,0.114319,30.0,105.0,1.81,1.0,1.6,20.0,0.114319,1.692,1.72,
exp18_sensitivity,ablationfull__ballspeed9__corridorradius0.16__noplot__servebox,"{""--ablation"": ""full"", ""--ball-speed"": 9, ""--corridor-radius"": 0.16, ""--no-plot"": null, ""--serve-box"": null}",52,True,active,0.083158,1.959336,0.078359,35.0,105.0,1.8,0.99,1.5,20.0,0.083158,1.743,2.9,
exp18_sensitivity,ablationfull__ballspeed9__corridorradius0.16__noplot__servebox,"{""--ablation"": ""full"", ""--ball-speed"": 9, ""--corridor-radius"": 0.16, ""--no-plot"": null, ""--serve-box"": null}",64,True,active,0.128042,1.958688,0.118029,35.0,105.0,1.81,0.99,1.6,20.0,0.128042,1.687,1.64,
exp18_sensitivity,ablationfull__ballspeed9__corridorradius0.16__noplot__servebox,"{""--ablation"": ""full"", ""--ball-speed"": 9, ""--corridor-radius"": 0.16, ""--no-plot"": null, ""--serve-box"": null}",60,True,active,0.127873,1.958513,0.126691,35.0,105.0,1.8,1.0,1.9,20.0,0.127873,1.57,2.54,
exp18_sensitivity,ablationfull__ballspeed9__corridorradius0.16__noplot__servebox,"{""--ablation"": ""full"", ""--ball-speed"": 9, ""--corridor-radius"": 0.16, ""--no-plot"": null, ""--serve-box"": null}",66,True,active,0.124686,1.952174,0.112218,40.0,100.0,1.8,1.0,1.8,20.0,0.124686,1.52,1.66,
exp18_sensitivity,ablationfull__ballspeed9__corridorradius0.16__noplot__servebox,"{""--ablation"": ""full"", ""--ball-speed"": 9, ""--corridor-radius"": 0.16, ""--no-plot"": null, ""--serve-box"": null}",67,True,active,0.073771,1.954488,0.073771,35.0,105.0,1.78,0.99,1.8,15.0,0.073771,1.568,1.64,
exp18_sensitivity,ablationfull__ballspeed9__corridorradius0.16__noplot__servebox,"{""--ablation"": ""full"", ""--ball-speed"": 9, ""--corridor-radius"": 0.16, ""--no-plot"": null, ""--serve-box"": null}",62,True,active,0.095273,1.973723,0.092454,35.0,105.0,1.8,0.99,1.8,20.0,0.095273,1.673,2.66,
exp18_sensitivity,ablationfull__ballspeed9__corridorradius0.16__noplot__servebox,"{""--ablation"": ""full"", ""--ball-speed"": 9, ""--corridor-radius"": 0.16, ""--no-plot"": null, ""--serve-box"": null}",59,True,active,0.096798,1.96297,0.08965,35.0,85.0,1.79,1.0,1.8,25.0,0.096798,1.791,3.0,
exp18_sensitivity,ablationfull__ballspeed9__corridorradius0.16__noplot__servebox,"{""--ablation"": ""full"", ""--ball-speed"": 9, ""--corridor-radius"": 0.16, ""--no-plot"": null, ""--serve-box"": null}",69,True,active,0.118334,1.974653,0.111439,35.0,105.0,1.79,0.99,1.8,20.0,0.118334,1.752,1.66,
exp18_sensitivity,ablationfull__ballspeed9__corridorradius0.16__noplot__servebox,"{""--ablation"": ""full"", ""--ball-speed"": 9, ""--corridor-radius"": 0.16, ""--no-plot"": null, ""--serve-box"": null}",63,True,active,0.072819,1.982572,0.072819,40.0,105.0,1.81,1.0,1.5,20.0,0.072819,1.57,2.84,
exp18_sensitivity,ablationfull__ballspeed9__corridorradius0.16__noplot__servebox,"{""--ablation"": ""full"", ""--ball-speed"": 9, ""--corridor-radius"": 0.16, ""--no-plot"": null, ""--serve-box"": null}",68,True,active,0.071334,1.922423,0.064739,45.0,105.0,1.62,1.0,1.1,5.0,0.071334,1.194,1.7,
exp18_sensitivity,ablationfull__ballspeed9__corridorradius0.16__noplot__servebox,"{""--ablation"": ""full"", ""--ball-speed"": 9, ""--corridor-radius"": 0.16, ""--no-plot"": null, ""--serve-box"": null}",73,True,active,0.140888,1.988811,0.136049,35.0,105.0,1.73,0.99,1.5,20.0,0.140888,1.456,1.68,
exp18_sensitivity,ablationfull__ballspeed9__corridorradius0.16__noplot__servebox,"{""--ablation"": ""full"", ""--ball-speed"": 9, ""--corridor-radius"": 0.16, ""--no-plot"": null, ""--serve-box"": null}",71,True,active,0.126616,1.976013,0.126616,20.0,80.0,1.78,1.0,1.9,25.0,0.126616,1.555,2.14,
exp18_sensitivity,ablationfull__ballspeed9__corridorradius0.16__noplot__servebox,"{""--ablation"": ""full"", ""--ball-speed"": 9, ""--corridor-radius"": 0.16, ""--no-plot"": null, ""--serve-box"": null}",76,True,active,0.084508,1.911596,0.079259,0.0,0.0,1.68,0.99,1.8,15.0,0.084508,1.582,1.69,
exp18_sensitivity,ablationfull__ballspeed9__corridorradius0.16__noplot__servebox,"{""--ablation"": ""full"", ""--ball-speed"": 9, ""--corridor-radius"": 0.16, ""--no-plot"": null, ""--serve-box"": null}",72,True,active,0.074501,1.984458,0.074501,40.0,105.0,1.79,0.99,1.8,15.0,0.074501,1.748,2.26,
exp18_sensitivity,ablationfull__ballspeed9__corridorradius0.16__noplot__servebox,"{""--ablation"": ""full"", ""--ball-speed"": 9, ""--corridor-radius"": 0.16, ""--no-plot"": null, ""--serve-box"": null}",65,True,active,0.092846,1.99361,0.092846,30.0,105.0,1.82,1.0,1.8,20.0,0.092846,1.775,3.0,
exp18_sensitivity,ablationfull__ballspeed9__corridorradius0.16__noplot__servebox,"{""--ablation"": ""full"", ""--ball-speed"": 9, ""--corridor-radius"": 0.16, ""--no-plot"": null, ""--serve-box"": null}",79,True,active,0.109751,1.943226,0.078905,25.0,60.0,1.79,0.99,1.6,20.0,0.109751,1.751,1.59,
exp18_sensitivity,ablationfull__ballspeed9__corridorradius0.16__noplot__servebox,"{""--ablation"": ""full"", ""--ball-speed"": 9, ""--corridor-radius"": 0.16, ""--no-plot"": null, ""--serve-box"": null}",75,True,active,0.127341,1.946594,0.126059,35.0,105.0,1.3,0.99,1.5,5.0,0.127341,0.788,2.39,
exp18_sensitivity,ablationfull__ballspeed9__corridorradius0.16__noplot__servebox,"{""--ablation"": ""full"", ""--ball-speed"": 9, ""--corridor-radius"": 0.16, ""--no-plot"": null, ""--serve-box"": null}",70,True,active,0.082874,1.983895,0.082874,40.0,105.0,1.79,1.0,1.7,20.0,0.082874,1.761,2.97,
exp18_sensitivity,ablationfull__ballspeed9__corridorradius0.16__noplot__servebox,"{""--ablation"": ""full"", ""--ball-speed"": 9, ""--corridor-radius"": 0.16, ""--no-plot"": null, ""--serve-box"": null}",80,True,active,0.030954,1.933759,0.030954,50.0,105.0,1.81,1.0,1.5,10.0,0.030954,0.789,1.6,
exp18_sensitivity,ablationfull__ballspeed9__corridorradius0.16__noplot__servebox,"{""--ablation"": ""full"", ""--ball-speed"": 9, ""--corridor-radius"": 0.16, ""--no-plot"": null, ""--serve-box"": null}",74,True,active,0.102079,1.949042,0.092375,40.0,105.0,1.8,0.99,1.8,20.0,0.102079,1.612,2.6,
exp18_sensitivity,ablationfull__ballspeed9__corridorradius0.16__noplot__servebox,"{""--ablation"": ""full"", ""--ball-speed"": 9, ""--corridor-radius"": 0.16, ""--no-plot"": null, ""--serve-box"": null}",81,True,active,0.071023,1.982943,0.071023,35.0,105.0,1.79,1.0,1.8,20.0,0.071023,1.411,1.62,
exp18_sensitivity,ablationfull__ballspeed9__corridorradius0.16__noplot__servebox,"{""--ablation"": ""full"", ""--ball-speed"": 9, ""--corridor-radius"": 0.16, ""--no-plot"": null, ""--serve-box"": null}",83,True,active,0.106133,1.987813,0.106133,40.0,105.0,1.59,1.0,1.5,15.0,0.106133,1.425,1.6,
exp18_sensitivity,ablationfull__ballspeed9__corridorradius0.16__noplot__servebox,"{""--ablation"": ""full"", ""--ball-speed"": 9, ""--corridor-radius"": 0.16, ""--no-plot"": null, ""--serve-box"": null}",78,True,active,0.087023,1.93995,0.083849,35.0,105.0,1.8,0.99,1.8,20.0,0.087023,1.635,2.01,
exp18_sensitivity,ablationfull__ballspeed9__corridorradius0.16__noplot__servebox,"{""--ablation"": ""full"", ""--ball-speed"": 9, ""--corridor-radius"": 0.16, ""--no-plot"": null, ""--serve-box"": null}",84,True,active,0.076659,1.959536,0.070052,40.0,105.0,1.8,1.0,1.8,20.0,0.076659,1.718,2.2,
exp18_sensitivity,ablationfull__ballspeed9__corridorradius0.16__noplot__servebox,"{""--ablation"": ""full"", ""--ball-speed"": 9, ""--corridor-radius"": 0.16, ""--no-plot"": null, ""--serve-box"": null}",77,True,active,0.092238,1.911211,0.082951,40.0,105.0,1.48,1.0,1.4,15.0,0.092238,1.407,2.82,
exp18_sensitivity,ablationfull__ballspeed9__corridorradius0.16__noplot__servebox,"{""--ablation"": ""full"", ""--ball-speed"": 9, ""--corridor-radius"": 0.16, ""--no-plot"": null, ""--serve-box"": null}",82,True,active,0.093201,1.964045,0.093201,30.0,105.0,1.81,0.99,1.7,20.0,0.093201,1.711,2.44,
exp18_sensitivity,ablationfull__ballspeed9__corridorradius0.16__noplot__servebox,"{""--ablation"": ""full"", ""--ball-speed"": 9, ""--corridor-radius"": 0.16, ""--no-plot"": null, ""--serve-box"": null}",88,True,active,0.101655,1.967029,0.101655,35.0,105.0,1.8,0.99,2.0,20.0,0.101655,1.669,1.67,
exp18_sensitivity,ablationfull__ballspeed9__corridorradius0.16__noplot__servebox,"{""--ablation"": ""full"", ""--ball-speed"": 9, ""--corridor-radius"": 0.16, ""--no-plot"": null, ""--serve-box"": null}",89,True,active,0.079683,1.937969,0.079683,40.0,105.0,1.79,0.97,1.8,15.0,0.079683,1.784,1.75,
exp18_sensitivity,ablationfull__ballspeed9__corridorradius0.16__noplot__servebox,"{""--ablation"": ""full"", ""--ball-speed"": 9, ""--corridor-radius"": 0.16, ""--no-plot"": null, ""--serve-box"": null}",85,True,active,0.076236,1.966501,0.074219,40.0,105.0,1.8,0.99,1.6,10.0,0.076236,1.656,2.53,
exp18_sensitivity,ablationfull__ballspeed9__corridorradius0.16__noplot__servebox,"{""--ablation"": ""full"", ""--ball-speed"": 9, ""--corridor-radius"": 0.16, ""--no-plot"": null, ""--serve-box"": null}",93,True,active,0.095907,1.937913,0.085582,45.0,105.0,1.79,0.99,2.1,15.0,0.095907,1.731,1.57,
exp18_sensitivity,ablationfull__ballspeed9__corridorradius0.16__noplot__servebox,"{""--ablation"": ""full"", ""--ball-speed"": 9, ""--corridor-radius"": 0.16, ""--no-plot"": null, ""--serve-box"": null}",97,True,active,0.131898,1.974844,0.122393,30.0,85.0,1.79,1.0,1.9,20.0,0.131898,1.681,1.7,
exp18_sensitivity,ablationfull__ballspeed9__corridorradius0.16__noplot__servebox,"{""--ablation"": ""full"", ""--ball-speed"": 9, ""--corridor-radius"": 0.16, ""--no-plot"": null, ""--serve-box"": null}",91,True,active,0.006859,1.96464,0.006859,55.0,105.0,1.6,1.0,1.5,5.0,0.006859,0.674,2.17,
exp18_sensitivity,ablationfull__ballspeed9__corridorradius0.16__noplot__servebox,"{""--ablation"": ""full"", ""--ball-speed"": 9, ""--corridor-radius"": 0.16, ""--no-plot"": null, ""--serve-box"": null}",95,True,active,0.100277,1.933371,0.086379,40.0,105.0,1.76,0.99,1.8,25.0,0.100277,1.546,2.0,
exp18_sensitivity,ablationfull__ballspeed9__corridorradius0.16__noplot__servebox,"{""--ablation"": ""full"", ""--ball-speed"": 9, ""--corridor-radius"": 0.16, ""--no-plot"": null, ""--serve-box"": null}",86,True,active,0.084805,1.952287,0.084805,40.0,105.0,1.78,1.0,1.8,15.0,0.084805,1.657,2.97,
exp18_sensitivity,ablationfull__ballspeed9__corridorradius0.16__noplot__servebox,"{""--ablation"": ""full"", ""--ball-speed"": 9, ""--corridor-radius"": 0.16, ""--no-plot"": null, ""--serve-box"": null}",87,True,active,0.132262,1.950592,0.121873,35.0,100.0,1.78,0.99,1.9,20.0,0.132262,1.465,2.92,
exp18_sensitivity,ablationfull__ballspeed9__corridorradius0.16__noplot__servebox,"{""--ablation"": ""full"", ""--ball-speed"": 9, ""--corridor-radius"": 0.16, ""--no-plot"": null, ""--serve-box"": null}",98,True,active,0.085684,1.932208,0.056169,0.0,0.0,1.79,0.99,1.4,20.0,0.085684,1.706,1.63,
exp18_sensitivity,ablationfull__ballspeed9__corridorradius0.16__noplot__servebox,"{""--ablation"": ""full"", ""--ball-speed"": 9, ""--corridor-radius"": 0.16, ""--no-plot"": null, ""--serve-box"": null}",99,True,active,0.12259,1.963722,0.117563,35.0,105.0,1.8,1.0,1.8,20.0,0.12259,1.802,1.79,
exp18_sensitivity,ablationfull__ballspeed9__corridorradius0.16__noplot__servebox,"{""--ablation"": ""full"", ""--ball-speed"": 9, ""--corridor-radius"": 0.16, ""--no-plot"": null, ""--serve-box"": null}",102,True,active,0.066594,1.983767,0.06629,45.0,105.0,1.8,0.99,1.6,15.0,0.066594,1.721,1.5,
exp18_sensitivity,ablationfull__ballspeed9__corridorradius0.16__noplot__servebox,"{""--ablation"": ""full"", ""--ball-speed"": 9, ""--corridor-radius"": 0.16, ""--no-plot"": null, ""--serve-box"": null}",100,True,active,0.081027,1.985074,0.076401,40.0,105.0,1.8,0.98,1.8,20.0,0.081027,1.777,1.77,
exp18_sensitivity,ablationfull__ballspeed9__corridorradius0.16__noplot__servebox,"{""--ablation"": ""full"", ""--ball-speed"": 9, ""--corridor-radius"": 0.16, ""--no-plot"": null, ""--serve-box"": null}",94,True,active,0.094843,1.978892,0.094843,35.0,105.0,1.8,0.97,1.8,20.0,0.094843,1.744,2.85,
exp18_sensitivity,ablationfull__ballspeed9__corridorradius0.16__noplot__servebox,"{""--ablation"": ""full"", ""--ball-speed"": 9, ""--corridor-radius"": 0.16, ""--no-plot"": null, ""--serve-box"": null}",90,True,active,0.087297,1.974534,0.085874,40.0,105.0,1.81,0.96,2.1,15.0,0.087297,1.806,3.09,
exp18_sensitivity,ablationfull__ballspeed9__corridorradius0.16__noplot__servebox,"{""--ablation"": ""full"", ""--ball-speed"": 9, ""--corridor-radius"": 0.16, ""--no-plot"": null, ""--serve-box"": null}",92,True,active,0.106301,1.956975,0.087002,40.0,105.0,1.79,1.0,1.9,30.0,0.106301,1.716,3.1,
exp18_sensitivity,ablationfull__ballspeed9__corridorradius0.16__noplot__servebox,"{""--ablation"": ""full"", ""--ball-speed"": 9, ""--corridor-radius"": 0.16, ""--no-plot"": null, ""--serve-box"": null}",96,True,active,0.083003,1.980057,0.077248,35.0,105.0,1.81,0.94,1.8,20.0,0.083003,1.739,2.88,
exp18_sensitivity,ablationfull__ballspeed9__corridorradius0.16__noplot__servebox,"{""--ablation"": ""full"", ""--ball-speed"": 9, ""--corridor-radius"": 0.16, ""--no-plot"": null, ""--serve-box"": null}",101,True,active,0.124131,1.97167,0.121517,30.0,105.0,1.8,1.0,1.6,20.0,0.124131,1.553,1.98,
exp18_sensitivity,ablationfull__ballspeed9__corridorradius0.16__noplot__servebox,"{""--ablation"": ""full"", ""--ball-speed"": 9, ""--corridor-radius"": 0.16, ""--no-plot"": null, ""--serve-box"": null}",104,True,active,0.114976,1.966185,0.112154,35.0,105.0,1.81,0.99,1.6,20.0,0.114976,1.767,1.64,
exp18_sensitivity,ablationfull__ballspeed9__corridorradius0.16__noplot__servebox,"{""--ablation"": ""full"", ""--ball-speed"": 9, ""--corridor-radius"": 0.16, ""--no-plot"": null, ""--serve-box"": null}",107,True,active,0.110176,1.983086,0.110176,35.0,105.0,1.8,1.0,2.1,20.0,0.110176,1.78,1.54,
exp18_sensitivity,ablationfull__ballspeed9__corridorradius0.16__noplot__servebox,"{""--ablation"": ""full"", ""--ball-speed"": 9, ""--corridor-radius"": 0.16, ""--no-plot"": null, ""--serve-box"": null}",103,True,active,0.121842,1.958274,0.108105,40.0,105.0,1.79,1.0,1.7,20.0,0.121842,1.567,2.32,
exp18_sensitivity,ablationfull__ballspeed9__corridorradius0.16__noplot__servebox,"{""--ablation"": ""full"", ""--ball-speed"": 9, ""--corridor-radius"": 0.16, ""--no-plot"": null, ""--serve-box"": null}",108,True,active,0.108949,1.992505,0.101552,40.0,105.0,1.8,0.98,2.1,20.0,0.108949,1.274,1.62,
exp18_sensitivity,ablationfull__ballspeed9__corridorradius0.16__noplot__servebox,"{""--ablation"": ""full"", ""--ball-speed"": 9, ""--corridor-radius"": 0.16, ""--no-plot"": null, ""--serve-box"": null}",121,,,,,,,,,,,,,,0.24,no_result
exp18_sensitivity,ablationfull__ballspeed9__corridorradius0.16__noplot__servebox,"{""--ablation"": ""full"", ""--ball-speed"": 9, ""--corridor-radius"": 0.16, ""--no-plot"": null, ""--serve-box"": null}",109,True,active,0.076877,1.997565,0.074276,40.0,105.0,1.81,0.99,1.5,20.0,0.076877,1.799,1.77,
exp18_sensitivity,ablationfull__ballspeed9__corridorradius0.16__noplot__servebox,"{""--ablation"": ""full"", ""--ball-speed"": 9, ""--corridor-radius"": 0.16, ""--no-plot"": null, ""--serve-box"": null}",105,True,active,0.110889,1.973746,0.103247,40.0,105.0,1.8,0.99,1.8,20.0,0.110889,1.475,2.3,
exp18_sensitivity,ablationfull__ballspeed9__corridorradius0.16__noplot__servebox,"{""--ablation"": ""full"", ""--ball-speed"": 9, ""--corridor-radius"": 0.16, ""--no-plot"": null, ""--serve-box"": null}",106,False,miss,0.411209,1.956271,0.134384,0.0,5.0,1.8,0.98,1.8,0.0,0.411209,0.0,2.29,
exp18_sensitivity,ablationfull__ballspeed9__corridorradius0.16__noplot__servebox,"{""--ablation"": ""full"", ""--ball-speed"": 9, ""--corridor-radius"": 0.16, ""--no-plot"": null, ""--serve-box"": null}",114,True,active,0.091582,1.921482,0.091582,35.0,105.0,1.8,0.99,1.5,15.0,0.091582,1.738,1.69,
exp18_sensitivity,ablationfull__ballspeed9__corridorradius0.16__noplot__servebox,"{""--ablation"": ""full"", ""--ball-speed"": 9, ""--corridor-radius"": 0.16, ""--no-plot"": null, ""--serve-box"": null}",111,True,active,0.10962,1.985087,0.107058,35.0,105.0,1.79,1.0,1.9,25.0,0.10962,1.795,1.99,
exp18_sensitivity,ablationfull__ballspeed9__corridorradius0.16__noplot__servebox,"{""--ablation"": ""full"", ""--ball-speed"": 9, ""--corridor-radius"": 0.16, ""--no-plot"": null, ""--serve-box"": null}",112,True,active,0.079745,1.952647,0.074157,0.0,0.0,1.8,0.93,1.6,30.0,0.079745,1.781,2.19,
exp18_sensitivity,ablationfull__ballspeed9__corridorradius0.16__noplot__servebox,"{""--ablation"": ""full"", ""--ball-speed"": 9, ""--corridor-radius"": 0.16, ""--no-plot"": null, ""--serve-box"": null}",119,True,active,0.08216,1.931792,0.08216,35.0,105.0,1.78,1.0,1.9,15.0,0.08216,1.496,1.89,
exp18_sensitivity,ablationfull__ballspeed9__corridorradius0.16__noplot__servebox,"{""--ablation"": ""full"", ""--ball-speed"": 9, ""--corridor-radius"": 0.16, ""--no-plot"": null, ""--serve-box"": null}",113,True,active,0.090365,1.957589,0.067578,0.0,0.0,1.8,1.0,1.7,20.0,0.090365,1.759,2.26,
exp18_sensitivity,ablationfull__ballspeed9__corridorradius0.16__noplot__servebox,"{""--ablation"": ""full"", ""--ball-speed"": 9, ""--corridor-radius"": 0.16, ""--no-plot"": null, ""--serve-box"": null}",117,True,active,0.103564,1.955906,0.091079,0.0,0.0,1.8,1.0,1.7,20.0,0.103564,1.776,2.08,
exp18_sensitivity,ablationfull__ballspeed9__corridorradius0.16__noplot__servebox,"{""--ablation"": ""full"", ""--ball-speed"": 9, ""--corridor-radius"": 0.16, ""--no-plot"": null, ""--serve-box"": null}",115,False,miss,0.345545,1.938724,0.102493,0.0,0.0,1.79,0.98,1.4,0.0,0.345545,0.0,2.28,
exp18_sensitivity,ablationfull__ballspeed9__corridorradius0.16__noplot__servebox,"{""--ablation"": ""full"", ""--ball-speed"": 9, ""--corridor-radius"": 0.16, ""--no-plot"": null, ""--serve-box"": null}",120,True,active,0.080371,1.939425,0.080129,40.0,105.0,1.82,0.97,2.0,10.0,0.080371,1.771,1.65,
exp18_sensitivity,ablationfull__ballspeed9__corridorradius0.16__noplot__servebox,"{""--ablation"": ""full"", ""--ball-speed"": 9, ""--corridor-radius"": 0.16, ""--no-plot"": null, ""--serve-box"": null}",118,True,active,0.062575,1.959566,0.049556,45.0,105.0,1.79,0.97,1.7,20.0,0.062575,1.78,2.26,
exp18_sensitivity,ablationfull__ballspeed9__corridorradius0.16__noplot__servebox,"{""--ablation"": ""full"", ""--ball-speed"": 9, ""--corridor-radius"": 0.16, ""--no-plot"": null, ""--serve-box"": null}",110,True,active,0.070703,1.971012,0.068413,35.0,105.0,1.79,0.98,1.7,25.0,0.070703,1.777,3.03,
exp18_sensitivity,ablationfull__ballspeed9__corridorradius0.16__noplot__servebox,"{""--ablation"": ""full"", ""--ball-speed"": 9, ""--corridor-radius"": 0.16, ""--no-plot"": null, ""--serve-box"": null}",124,True,active,0.087842,1.959985,0.087842,40.0,105.0,1.78,1.0,1.7,15.0,0.087842,1.367,1.69,
exp18_sensitivity,ablationfull__ballspeed9__corridorradius0.16__noplot__servebox,"{""--ablation"": ""full"", ""--ball-speed"": 9, ""--corridor-radius"": 0.16, ""--no-plot"": null, ""--serve-box"": null}",116,True,active,0.097987,1.960339,0.093402,35.0,105.0,1.8,1.0,1.7,20.0,0.097987,1.725,3.1,
exp18_sensitivity,ablationfull__ballspeed9__corridorradius0.16__noplot__servebox,"{""--ablation"": ""full"", ""--ball-speed"": 9, ""--corridor-radius"": 0.16, ""--no-plot"": null, ""--serve-box"": null}",122,True,active,0.139135,1.963283,0.133774,35.0,75.0,1.54,1.0,1.6,15.0,0.139135,1.421,2.29,
exp18_sensitivity,ablationfull__ballspeed9__corridorradius0.16__noplot__servebox,"{""--ablation"": ""full"", ""--ball-speed"": 9, ""--corridor-radius"": 0.16, ""--no-plot"": null, ""--serve-box"": null}",128,True,active,0.123936,1.956238,0.114564,35.0,105.0,1.78,1.0,1.5,20.0,0.123936,1.68,1.55,
exp18_sensitivity,ablationfull__ballspeed9__corridorradius0.16__noplot__servebox,"{""--ablation"": ""full"", ""--ball-speed"": 9, ""--corridor-radius"": 0.16, ""--no-plot"": null, ""--serve-box"": null}",126,True,active,0.10138,1.916182,0.100166,35.0,105.0,1.81,1.0,1.7,20.0,0.10138,1.616,1.99,
exp18_sensitivity,ablationfull__ballspeed9__corridorradius0.16__noplot__servebox,"{""--ablation"": ""full"", ""--ball-speed"": 9, ""--corridor-radius"": 0.16, ""--no-plot"": null, ""--serve-box"": null}",123,True,active,0.047339,1.958704,0.047339,45.0,105.0,1.76,1.0,1.9,5.0,0.047339,1.381,2.41,
exp18_sensitivity,ablationfull__ballspeed9__corridorradius0.16__noplot__servebox,"{""--ablation"": ""full"", ""--ball-speed"": 9, ""--corridor-radius"": 0.16, ""--no-plot"": null, ""--serve-box"": null}",125,False,miss,0.380074,1.957358,0.148212,25.0,100.0,1.47,1.0,1.4,0.0,0.380074,0.0,2.2,
exp18_sensitivity,ablationfull__ballspeed9__corridorradius0.16__noplot__servebox,"{""--ablation"": ""full"", ""--ball-speed"": 9, ""--corridor-radius"": 0.16, ""--no-plot"": null, ""--serve-box"": null}",127,True,active,0.11124,1.97666,0.109192,35.0,105.0,1.81,0.99,1.8,25.0,0.11124,1.741,2.23,
exp18_sensitivity,ablationfull__ballspeed9__corridorradius0.16__noplot__servebox,"{""--ablation"": ""full"", ""--ball-speed"": 9, ""--corridor-radius"": 0.16, ""--no-plot"": null, ""--serve-box"": null}",130,True,active,0.129971,1.953196,0.120673,25.0,70.0,1.81,0.99,1.7,25.0,0.129971,1.599,1.76,
exp18_sensitivity,ablationfull__ballspeed9__corridorradius0.16__noplot__servebox,"{""--ablation"": ""full"", ""--ball-speed"": 9, ""--corridor-radius"": 0.16, ""--no-plot"": null, ""--serve-box"": null}",132,False,miss,0.269964,1.937563,0.152852,25.0,45.0,1.14,1.0,1.7,0.0,0.269964,0.0,1.69,
exp18_sensitivity,ablationfull__ballspeed9__corridorradius0.16__noplot__servebox,"{""--ablation"": ""full"", ""--ball-speed"": 9, ""--corridor-radius"": 0.16, ""--no-plot"": null, ""--serve-box"": null}",131,True,active,0.093438,1.938752,0.093438,35.0,105.0,1.8,0.99,1.8,15.0,0.093438,1.707,1.93,
exp18_sensitivity,ablationfull__ballspeed9__corridorradius0.16__noplot__servebox,"{""--ablation"": ""full"", ""--ball-speed"": 9, ""--corridor-radius"": 0.16, ""--no-plot"": null, ""--serve-box"": null}",129,True,active,0.058376,1.954557,0.058376,35.0,105.0,1.71,0.99,1.8,15.0,0.058376,1.407,2.44,
exp18_sensitivity,ablationfull__ballspeed9__corridorradius0.16__noplot__servebox,"{""--ablation"": ""full"", ""--ball-speed"": 9, ""--corridor-radius"": 0.16, ""--no-plot"": null, ""--serve-box"": null}",137,False,miss,0.378943,1.932915,0.128023,0.0,0.0,1.79,1.0,1.6,0.0,0.378943,0.0,1.67,
exp18_sensitivity,ablationfull__ballspeed9__corridorradius0.16__noplot__servebox,"{""--ablation"": ""full"", ""--ball-speed"": 9, ""--corridor-radius"": 0.16, ""--no-plot"": null, ""--serve-box"": null}",134,True,active,0.139289,1.986621,0.13174,30.0,60.0,1.8,1.0,1.7,20.0,0.139289,1.602,2.36,
exp18_sensitivity,ablationfull__ballspeed9__corridorradius0.16__noplot__servebox,"{""--ablation"": ""full"", ""--ball-speed"": 9, ""--corridor-radius"": 0.16, ""--no-plot"": null, ""--serve-box"": null}",135,True,active,0.13163,1.973463,0.117388,40.0,105.0,1.81,1.0,1.7,25.0,0.13163,1.412,2.43,
exp18_sensitivity,ablationfull__ballspeed9__corridorradius0.16__noplot__servebox,"{""--ablation"": ""full"", ""--ball-speed"": 9, ""--corridor-radius"": 0.16, ""--no-plot"": null, ""--serve-box"": null}",133,True,active,0.108626,1.976937,0.108626,35.0,105.0,1.82,0.99,1.8,15.0,0.108626,1.752,2.64,
exp18_sensitivity,ablationfull__ballspeed9__corridorradius0.16__noplot__servebox,"{""--ablation"": ""full"", ""--ball-speed"": 9, ""--corridor-radius"": 0.16, ""--no-plot"": null, ""--serve-box"": null}",138,True,active,0.046937,1.920349,0.046937,40.0,105.0,1.78,0.99,2.2,15.0,0.046937,0.32,1.81,
exp18_sensitivity,ablationfull__ballspeed9__corridorradius0.16__noplot__servebox,"{""--ablation"": ""full"", ""--ball-speed"": 9, ""--corridor-radius"": 0.16, ""--no-plot"": null, ""--serve-box"": null}",141,True,active,0.063101,1.979876,0.046809,45.0,105.0,1.79,0.97,1.5,20.0,0.063101,1.716,1.61,
exp18_sensitivity,ablationfull__ballspeed9__corridorradius0.16__noplot__servebox,"{""--ablation"": ""full"", ""--ball-speed"": 9, ""--corridor-radius"": 0.16, ""--no-plot"": null, ""--serve-box"": null}",143,True,active,0.103779,1.954463,0.103779,40.0,105.0,1.47,0.97,1.4,10.0,0.103779,0.916,1.66,
exp18_sensitivity,ablationfull__ballspeed9__corridorradius0.16__noplot__servebox,"{""--ablation"": ""full"", ""--ball-speed"": 9, ""--corridor-radius"": 0.16, ""--no-plot"": null, ""--serve-box"": null}",145,True,active,0.099715,1.950472,0.099715,35.0,105.0,1.79,1.0,1.7,20.0,0.099715,1.668,1.61,
exp18_sensitivity,ablationfull__ballspeed9__corridorradius0.16__noplot__servebox,"{""--ablation"": ""full"", ""--ball-speed"": 9, ""--corridor-radius"": 0.16, ""--no-plot"": null, ""--serve-box"": null}",136,True,active,0.094752,1.898682,0.094752,0.0,0.0,1.8,1.0,2.1,25.0,0.094752,1.748,3.23,
exp18_sensitivity,ablationfull__ballspeed9__corridorradius0.16__noplot__servebox,"{""--ablation"": ""full"", ""--ball-speed"": 9, ""--corridor-radius"": 0.16, ""--no-plot"": null, ""--serve-box"": null}",146,True,active,0.11094,1.978137,0.11094,35.0,105.0,1.8,0.99,1.9,15.0,0.11094,1.722,2.02,
exp18_sensitivity,ablationfull__ballspeed9__corridorradius0.16__noplot__servebox,"{""--ablation"": ""full"", ""--ball-speed"": 9, ""--corridor-radius"": 0.16, ""--no-plot"": null, ""--serve-box"": null}",147,True,active,0.081705,1.986957,0.081705,35.0,105.0,1.6,0.99,1.6,20.0,0.081705,1.183,1.88,
exp18_sensitivity,ablationfull__ballspeed9__corridorradius0.16__noplot__servebox,"{""--ablation"": ""full"", ""--ball-speed"": 9, ""--corridor-radius"": 0.16, ""--no-plot"": null, ""--serve-box"": null}",140,True,active,0.072138,1.964877,0.070887,35.0,105.0,1.81,0.93,1.7,20.0,0.072138,1.788,2.7,
exp18_sensitivity,ablationfull__ballspeed9__corridorradius0.16__noplot__servebox,"{""--ablation"": ""full"", ""--ball-speed"": 9, ""--corridor-radius"": 0.16, ""--no-plot"": null, ""--serve-box"": null}",139,True,active,0.113322,1.977375,0.109212,35.0,105.0,1.77,1.0,1.7,15.0,0.113322,1.657,3.05,
exp18_sensitivity,ablationfull__ballspeed9__corridorradius0.16__noplot__servebox,"{""--ablation"": ""full"", ""--ball-speed"": 9, ""--corridor-radius"": 0.16, ""--no-plot"": null, ""--serve-box"": null}",148,True,active,0.135563,1.949554,0.125192,35.0,80.0,1.8,1.0,1.8,20.0,0.135563,1.53,1.9,
exp18_sensitivity,ablationfull__ballspeed9__corridorradius0.16__noplot__servebox,"{""--ablation"": ""full"", ""--ball-speed"": 9, ""--corridor-radius"": 0.16, ""--no-plot"": null, ""--serve-box"": null}",142,True,active,0.104837,1.959243,0.093874,35.0,105.0,1.79,1.0,1.6,20.0,0.104837,1.67,2.93,
exp18_sensitivity,ablationfull__ballspeed9__corridorradius0.16__noplot__servebox,"{""--ablation"": ""full"", ""--ball-speed"": 9, ""--corridor-radius"": 0.16, ""--no-plot"": null, ""--serve-box"": null}",144,True,active,0.143252,1.964996,0.134836,40.0,70.0,1.79,1.0,1.8,15.0,0.143252,1.584,2.62,
exp18_sensitivity,ablationfull__ballspeed9__corridorradius0.16__noplot__servebox,"{""--ablation"": ""full"", ""--ball-speed"": 9, ""--corridor-radius"": 0.16, ""--no-plot"": null, ""--serve-box"": null}",150,True,active,0.098663,1.963512,0.098663,35.0,105.0,1.79,0.98,2.0,20.0,0.098663,1.786,1.89,
exp18_sensitivity,ablationfull__ballspeed9__corridorradius0.16__noplot__servebox,"{""--ablation"": ""full"", ""--ball-speed"": 9, ""--corridor-radius"": 0.16, ""--no-plot"": null, ""--serve-box"": null}",151,True,active,0.098079,1.977987,0.093908,35.0,105.0,1.81,0.98,1.7,20.0,0.098079,1.81,1.88,
exp18_sensitivity,ablationfull__ballspeed9__corridorradius0.16__noplot__servebox,"{""--ablation"": ""full"", ""--ball-speed"": 9, ""--corridor-radius"": 0.16, ""--no-plot"": null, ""--serve-box"": null}",154,True,active,0.134624,1.961957,0.115306,35.0,105.0,1.76,1.0,1.5,5.0,0.134624,0.866,1.74,
exp18_sensitivity,ablationfull__ballspeed9__corridorradius0.16__noplot__servebox,"{""--ablation"": ""full"", ""--ball-speed"": 9, ""--corridor-radius"": 0.16, ""--no-plot"": null, ""--serve-box"": null}",149,True,active,0.111937,1.936126,0.105915,35.0,105.0,1.79,1.0,1.8,20.0,0.111937,1.513,2.26,
exp18_sensitivity,ablationfull__ballspeed9__corridorradius0.16__noplot__servebox,"{""--ablation"": ""full"", ""--ball-speed"": 9, ""--corridor-radius"": 0.16, ""--no-plot"": null, ""--serve-box"": null}",153,True,active,0.117907,1.967995,0.112311,35.0,105.0,1.8,0.99,1.8,20.0,0.117907,1.623,1.83,
exp18_sensitivity,ablationfull__ballspeed9__corridorradius0.16__noplot__servebox,"{""--ablation"": ""full"", ""--ball-speed"": 9, ""--corridor-radius"": 0.16, ""--no-plot"": null, ""--serve-box"": null}",152,True,active,0.115227,1.975175,0.099522,40.0,105.0,1.8,0.99,1.5,20.0,0.115227,1.692,2.19,
exp18_sensitivity,ablationfull__ballspeed9__corridorradius0.16__noplot__servebox,"{""--ablation"": ""full"", ""--ball-speed"": 9, ""--corridor-radius"": 0.16, ""--no-plot"": null, ""--serve-box"": null}",156,True,active,0.124133,1.971712,0.122293,30.0,105.0,1.8,1.0,1.6,25.0,0.124133,1.708,1.78,
exp18_sensitivity,ablationfull__ballspeed9__corridorradius0.16__noplot__servebox,"{""--ablation"": ""full"", ""--ball-speed"": 9, ""--corridor-radius"": 0.16, ""--no-plot"": null, ""--serve-box"": null}",155,True,active,0.121375,1.931942,0.121375,35.0,105.0,1.79,1.0,1.6,20.0,0.121375,1.693,2.08,
exp18_sensitivity,ablationfull__ballspeed9__corridorradius0.16__noplot__servebox,"{""--ablation"": ""full"", ""--ball-speed"": 9, ""--corridor-radius"": 0.16, ""--no-plot"": null, ""--serve-box"": null}",157,True,active,0.093978,1.970728,0.085592,35.0,100.0,1.8,0.99,1.8,20.0,0.093978,1.758,1.99,
exp18_sensitivity,ablationfull__ballspeed9__corridorradius0.16__noplot__servebox,"{""--ablation"": ""full"", ""--ball-speed"": 9, ""--corridor-radius"": 0.16, ""--no-plot"": null, ""--serve-box"": null}",160,True,active,0.1296,1.981715,0.127818,30.0,90.0,1.81,1.0,1.8,20.0,0.1296,1.734,1.8,
exp18_sensitivity,ablationfull__ballspeed9__corridorradius0.16__noplot__servebox,"{""--ablation"": ""full"", ""--ball-speed"": 9, ""--corridor-radius"": 0.16, ""--no-plot"": null, ""--serve-box"": null}",168,True,active,0.100724,1.974417,0.099745,0.0,0.0,1.81,0.99,1.8,20.0,0.100724,1.795,1.57,
exp18_sensitivity,ablationfull__ballspeed9__corridorradius0.16__noplot__servebox,"{""--ablation"": ""full"", ""--ball-speed"": 9, ""--corridor-radius"": 0.16, ""--no-plot"": null, ""--serve-box"": null}",166,True,active,0.097023,1.94774,0.089067,35.0,105.0,1.79,0.98,1.8,20.0,0.097023,1.787,1.66,
exp18_sensitivity,ablationfull__ballspeed9__corridorradius0.16__noplot__servebox,"{""--ablation"": ""full"", ""--ball-speed"": 9, ""--corridor-radius"": 0.16, ""--no-plot"": null, ""--serve-box"": null}",159,True,active,0.05671,1.887501,0.05671,40.0,105.0,1.49,0.98,1.3,10.0,0.05671,1.124,2.67,
exp18_sensitivity,ablationfull__ballspeed9__corridorradius0.16__noplot__servebox,"{""--ablation"": ""full"", ""--ball-speed"": 9, ""--corridor-radius"": 0.16, ""--no-plot"": null, ""--serve-box"": null}",162,True,active,0.103907,1.933247,0.08625,0.0,35.0,1.79,1.0,1.6,20.0,0.103907,1.623,2.33,
exp18_sensitivity,ablationfull__ballspeed9__corridorradius0.16__noplot__servebox,"{""--ablation"": ""full"", ""--ball-speed"": 9, ""--corridor-radius"": 0.16, ""--no-plot"": null, ""--serve-box"": null}",167,True,active,0.059984,1.948725,0.047162,45.0,105.0,1.79,1.0,1.6,10.0,0.059984,0.868,1.9,
exp18_sensitivity,ablationfull__ballspeed9__corridorradius0.16__noplot__servebox,"{""--ablation"": ""full"", ""--ball-speed"": 9, ""--corridor-radius"": 0.16, ""--no-plot"": null, ""--serve-box"": null}",170,True,active,0.084581,1.949669,0.07932,40.0,105.0,1.76,1.0,1.6,15.0,0.084581,1.676,1.62,
exp18_sensitivity,ablationfull__ballspeed9__corridorradius0.16__noplot__servebox,"{""--ablation"": ""full"", ""--ball-speed"": 9, ""--corridor-radius"": 0.16, ""--no-plot"": null, ""--serve-box"": null}",161,True,active,0.106077,1.943394,0.102914,0.0,0.0,1.78,1.0,2.0,15.0,0.106077,1.751,2.56,
exp18_sensitivity,ablationfull__ballspeed9__corridorradius0.16__noplot__servebox,"{""--ablation"": ""full"", ""--ball-speed"": 9, ""--corridor-radius"": 0.16, ""--no-plot"": null, ""--serve-box"": null}",172,True,active,0.091757,2.002134,0.091757,35.0,105.0,1.81,1.0,1.6,20.0,0.091757,1.763,1.58,
exp18_sensitivity,ablationfull__ballspeed9__corridorradius0.16__noplot__servebox,"{""--ablation"": ""full"", ""--ball-speed"": 9, ""--corridor-radius"": 0.16, ""--no-plot"": null, ""--serve-box"": null}",171,True,active,0.096153,1.968607,0.092397,35.0,105.0,1.31,1.0,1.3,5.0,0.096153,0.568,1.72,
exp18_sensitivity,ablationfull__ballspeed9__corridorradius0.16__noplot__servebox,"{""--ablation"": ""full"", ""--ball-speed"": 9, ""--corridor-radius"": 0.16, ""--no-plot"": null, ""--serve-box"": null}",158,True,active,0.129404,1.993032,0.124129,30.0,105.0,1.7,1.0,1.9,15.0,0.129404,1.7,3.05,
exp18_sensitivity,ablationfull__ballspeed9__corridorradius0.16__noplot__servebox,"{""--ablation"": ""full"", ""--ball-speed"": 9, ""--corridor-radius"": 0.16, ""--no-plot"": null, ""--serve-box"": null}",165,True,active,0.066356,1.964231,0.066136,45.0,105.0,1.78,1.0,1.4,10.0,0.066356,1.453,2.58,
exp18_sensitivity,ablationfull__ballspeed9__corridorradius0.16__noplot__servebox,"{""--ablation"": ""full"", ""--ball-speed"": 9, ""--corridor-radius"": 0.16, ""--no-plot"": null, ""--serve-box"": null}",169,True,active,0.033242,1.945711,0.028786,40.0,100.0,1.81,1.0,1.6,20.0,0.033242,1.082,2.6,
exp18_sensitivity,ablationfull__ballspeed9__corridorradius0.16__noplot__servebox,"{""--ablation"": ""full"", ""--ball-speed"": 9, ""--corridor-radius"": 0.16, ""--no-plot"": null, ""--serve-box"": null}",174,True,active,0.113506,1.973197,0.112652,30.0,105.0,1.78,1.0,1.9,20.0,0.113506,1.708,1.68,
exp18_sensitivity,ablationfull__ballspeed9__corridorradius0.16__noplot__servebox,"{""--ablation"": ""full"", ""--ball-speed"": 9, ""--corridor-radius"": 0.16, ""--no-plot"": null, ""--serve-box"": null}",163,True,active,0.072523,1.976767,0.064292,40.0,105.0,1.79,0.99,1.5,20.0,0.072523,1.52,3.12,
exp18_sensitivity,ablationfull__ballspeed9__corridorradius0.16__noplot__servebox,"{""--ablation"": ""full"", ""--ball-speed"": 9, ""--corridor-radius"": 0.16, ""--no-plot"": null, ""--serve-box"": null}",173,True,active,0.127697,1.965437,0.122277,30.0,105.0,1.79,1.0,1.9,20.0,0.127697,1.637,1.78,
exp18_sensitivity,ablationfull__ballspeed9__corridorradius0.16__noplot__servebox,"{""--ablation"": ""full"", ""--ball-speed"": 9, ""--corridor-radius"": 0.16, ""--no-plot"": null, ""--serve-box"": null}",164,True,active,0.095216,1.928574,0.093225,40.0,75.0,1.8,1.0,1.5,25.0,0.095216,1.175,3.13,
exp18_sensitivity,ablationfull__ballspeed9__corridorradius0.16__noplot__servebox,"{""--ablation"": ""full"", ""--ball-speed"": 9, ""--corridor-radius"": 0.16, ""--no-plot"": null, ""--serve-box"": null}",175,True,active,0.113289,1.961118,0.105305,40.0,105.0,1.74,1.0,1.5,10.0,0.113289,1.639,1.63,
exp18_sensitivity,ablationfull__ballspeed9__corridorradius0.16__noplot__servebox,"{""--ablation"": ""full"", ""--ball-speed"": 9, ""--corridor-radius"": 0.16, ""--no-plot"": null, ""--serve-box"": null}",178,True,active,0.096434,1.96449,0.091923,40.0,105.0,1.8,1.0,1.7,20.0,0.096434,1.411,1.61,
exp18_sensitivity,ablationfull__ballspeed9__corridorradius0.16__noplot__servebox,"{""--ablation"": ""full"", ""--ball-speed"": 9, ""--corridor-radius"": 0.16, ""--no-plot"": null, ""--serve-box"": null}",180,True,active,0.120975,2.000151,0.120975,25.0,80.0,1.81,0.96,1.8,25.0,0.120975,1.799,1.51,
exp18_sensitivity,ablationfull__ballspeed9__corridorradius0.16__noplot__servebox,"{""--ablation"": ""full"", ""--ball-speed"": 9, ""--corridor-radius"": 0.16, ""--no-plot"": null, ""--serve-box"": null}",181,True,active,0.051451,2.00907,0.051451,40.0,105.0,1.76,0.99,1.4,15.0,0.051451,1.737,1.71,
exp18_sensitivity,ablationfull__ballspeed9__corridorradius0.16__noplot__servebox,"{""--ablation"": ""full"", ""--ball-speed"": 9, ""--corridor-radius"": 0.16, ""--no-plot"": null, ""--serve-box"": null}",184,True,active,0.076928,1.956978,0.076928,35.0,105.0,1.35,1.0,1.6,15.0,0.076928,1.061,1.69,
exp18_sensitivity,ablationfull__ballspeed9__corridorradius0.16__noplot__servebox,"{""--ablation"": ""full"", ""--ball-speed"": 9, ""--corridor-radius"": 0.16, ""--no-plot"": null, ""--serve-box"": null}",176,False,miss,0.246473,1.914917,0.155822,25.0,50.0,1.27,1.0,1.7,0.0,0.246473,0.0,2.36,
exp18_sensitivity,ablationfull__ballspeed9__corridorradius0.16__noplot__servebox,"{""--ablation"": ""full"", ""--ball-speed"": 9, ""--corridor-radius"": 0.16, ""--no-plot"": null, ""--serve-box"": null}",185,True,active,0.059913,2.007979,0.059913,40.0,105.0,1.8,0.99,1.4,20.0,0.059913,1.779,1.57,
exp18_sensitivity,ablationfull__ballspeed9__corridorradius0.16__noplot__servebox,"{""--ablation"": ""full"", ""--ball-speed"": 9, ""--corridor-radius"": 0.16, ""--no-plot"": null, ""--serve-box"": null}",189,True,active,0.132961,1.95439,0.122867,40.0,105.0,1.76,1.0,1.7,10.0,0.132961,1.481,1.54,
exp18_sensitivity,ablationfull__ballspeed9__corridorradius0.16__noplot__servebox,"{""--ablation"": ""full"", ""--ball-speed"": 9, ""--corridor-radius"": 0.16, ""--no-plot"": null, ""--serve-box"": null}",177,True,active,0.147457,1.950524,0.14492,30.0,40.0,1.8,0.99,1.8,25.0,0.147457,1.715,2.54,
exp18_sensitivity,ablationfull__ballspeed9__corridorradius0.16__noplot__servebox,"{""--ablation"": ""full"", ""--ball-speed"": 9, ""--corridor-radius"": 0.16, ""--no-plot"": null, ""--serve-box"": null}",187,True,active,0.097376,1.943764,0.084485,0.0,0.0,1.78,0.99,2.1,20.0,0.097376,1.736,1.77,
exp18_sensitivity,ablationfull__ballspeed9__corridorradius0.16__noplot__servebox,"{""--ablation"": ""full"", ""--ball-speed"": 9, ""--corridor-radius"": 0.16, ""--no-plot"": null, ""--serve-box"": null}",190,True,active,0.054258,1.987819,0.054258,40.0,105.0,1.81,0.9,1.6,15.0,0.054258,1.779,1.85,
exp18_sensitivity,ablationfull__ballspeed9__corridorradius0.16__noplot__servebox,"{""--ablation"": ""full"", ""--ball-speed"": 9, ""--corridor-radius"": 0.16, ""--no-plot"": null, ""--serve-box"": null}",191,True,active,0.1093,1.980518,0.103741,35.0,105.0,1.8,0.99,1.9,20.0,0.1093,1.752,1.5,
exp18_sensitivity,ablationfull__ballspeed9__corridorradius0.16__noplot__servebox,"{""--ablation"": ""full"", ""--ball-speed"": 9, ""--corridor-radius"": 0.16, ""--no-plot"": null, ""--serve-box"": null}",183,True,active,0.048198,1.999028,0.048198,40.0,105.0,1.79,0.99,1.8,15.0,0.048198,1.613,2.67,
exp18_sensitivity,ablationfull__ballspeed9__corridorradius0.16__noplot__servebox,"{""--ablation"": ""full"", ""--ball-speed"": 9, ""--corridor-radius"": 0.16, ""--no-plot"": null, ""--serve-box"": null}",188,True,active,0.100142,1.975349,0.100142,40.0,105.0,1.56,1.0,1.7,15.0,0.100142,1.51,2.18,
exp18_sensitivity,ablationfull__ballspeed9__corridorradius0.16__noplot__servebox,"{""--ablation"": ""full"", ""--ball-speed"": 9, ""--corridor-radius"": 0.16, ""--no-plot"": null, ""--serve-box"": null}",179,True,active,0.072148,1.934868,0.0678,45.0,105.0,1.8,1.0,1.8,15.0,0.072148,1.633,3.05,
exp18_sensitivity,ablationfull__ballspeed9__corridorradius0.16__noplot__servebox,"{""--ablation"": ""full"", ""--ball-speed"": 9, ""--corridor-radius"": 0.16, ""--no-plot"": null, ""--serve-box"": null}",193,True,active,0.124326,1.957626,0.116496,40.0,105.0,1.79,1.0,1.7,15.0,0.124326,1.707,1.48,
exp18_sensitivity,ablationfull__ballspeed9__corridorradius0.16__noplot__servebox,"{""--ablation"": ""full"", ""--ball-speed"": 9, ""--corridor-radius"": 0.16, ""--no-plot"": null, ""--serve-box"": null}",182,True,active,0.052894,1.986359,0.052894,45.0,105.0,1.7,1.0,1.4,15.0,0.052894,1.22,2.93,
exp18_sensitivity,ablationfull__ballspeed9__corridorradius0.16__noplot__servebox,"{""--ablation"": ""full"", ""--ball-speed"": 9, ""--corridor-radius"": 0.16, ""--no-plot"": null, ""--serve-box"": null}",194,True,active,0.102743,1.979828,0.101586,40.0,105.0,1.8,0.99,1.6,20.0,0.102743,1.729,1.51,
exp18_sensitivity,ablationfull__ballspeed9__corridorradius0.16__noplot__servebox,"{""--ablation"": ""full"", ""--ball-speed"": 9, ""--corridor-radius"": 0.16, ""--no-plot"": null, ""--serve-box"": null}",197,True,active,0.106142,1.985804,0.100872,30.0,105.0,1.81,0.98,1.8,25.0,0.106142,1.442,1.49,
exp18_sensitivity,ablationfull__ballspeed9__corridorradius0.16__noplot__servebox,"{""--ablation"": ""full"", ""--ball-speed"": 9, ""--corridor-radius"": 0.16, ""--no-plot"": null, ""--serve-box"": null}",186,True,active,0.090706,1.974625,0.085795,35.0,105.0,1.81,1.0,1.6,20.0,0.090706,1.743,3.0,
exp18_sensitivity,ablationfull__ballspeed9__corridorradius0.16__noplot__servebox,"{""--ablation"": ""full"", ""--ball-speed"": 9, ""--corridor-radius"": 0.16, ""--no-plot"": null, ""--serve-box"": null}",192,True,active,0.088946,1.944635,0.082624,40.0,105.0,1.6,1.0,1.5,10.0,0.088946,1.272,2.17,
exp18_sensitivity,ablationfull__ballspeed9__corridorradius0.16__noplot__servebox,"{""--ablation"": ""full"", ""--ball-speed"": 9, ""--corridor-radius"": 0.16, ""--no-plot"": null, ""--serve-box"": null}",199,True,active,0.104184,1.967375,0.089193,35.0,70.0,1.79,0.99,1.7,25.0,0.104184,1.704,1.59,
exp18_sensitivity,ablationfull__ballspeed9__corridorradius0.16__noplot__servebox,"{""--ablation"": ""full"", ""--ball-speed"": 9, ""--corridor-radius"": 0.16, ""--no-plot"": null, ""--serve-box"": null}",196,False,miss,0.400553,1.96076,0.134628,20.0,75.0,1.79,0.99,1.8,0.0,0.400553,0.0,2.01,
exp18_sensitivity,ablationtube_only__ballspeed9__corridorradius0.16__noplot__servebox,"{""--ablation"": ""tube_only"", ""--ball-speed"": 9, ""--corridor-radius"": 0.16, ""--no-plot"": null, ""--serve-box"": null}",1,True,active,0.09109,1.893504,0.08134,40.0,95.0,1.78,1.0,1.8,15.0,0.09109,1.782,1.64,
exp18_sensitivity,ablationtube_only__ballspeed9__corridorradius0.16__noplot__servebox,"{""--ablation"": ""tube_only"", ""--ball-speed"": 9, ""--corridor-radius"": 0.16, ""--no-plot"": null, ""--serve-box"": null}",5,False,miss,0.296169,1.924687,0.088607,0.0,0.0,1.15,1.0,1.1,0.0,0.296169,0.0,1.52,
exp18_sensitivity,ablationtube_only__ballspeed9__corridorradius0.16__noplot__servebox,"{""--ablation"": ""tube_only"", ""--ball-speed"": 9, ""--corridor-radius"": 0.16, ""--no-plot"": null, ""--serve-box"": null}",6,True,active,0.055962,1.933183,0.055962,40.0,105.0,1.78,0.97,1.7,15.0,0.055962,1.775,1.54,
exp18_sensitivity,ablationtube_only__ballspeed9__corridorradius0.16__noplot__servebox,"{""--ablation"": ""tube_only"", ""--ball-speed"": 9, ""--corridor-radius"": 0.16, ""--no-plot"": null, ""--serve-box"": null}",3,False,miss,0.342713,1.913843,0.171593,15.0,0.0,1.12,1.0,1.4,0.0,0.342713,0.0,1.66,
exp18_sensitivity,ablationfull__ballspeed9__corridorradius0.16__noplot__servebox,"{""--ablation"": ""full"", ""--ball-speed"": 9, ""--corridor-radius"": 0.16, ""--no-plot"": null, ""--serve-box"": null}",195,True,active,0.100151,1.963285,0.100151,40.0,105.0,1.8,0.99,1.7,15.0,0.100151,1.632,2.71,
exp18_sensitivity,ablationfull__ballspeed9__corridorradius0.16__noplot__servebox,"{""--ablation"": ""full"", ""--ball-speed"": 9, ""--corridor-radius"": 0.16, ""--no-plot"": null, ""--serve-box"": null}",198,True,active,0.073183,1.987795,0.073183,35.0,105.0,1.78,0.98,1.6,15.0,0.073183,1.552,2.34,
exp18_sensitivity,ablationtube_only__ballspeed9__corridorradius0.16__noplot__servebox,"{""--ablation"": ""tube_only"", ""--ball-speed"": 9, ""--corridor-radius"": 0.16, ""--no-plot"": null, ""--serve-box"": null}",7,True,active,0.10142,1.919693,0.06644,0.0,0.0,1.75,0.98,2.0,15.0,0.10142,1.647,1.85,
exp18_sensitivity,ablationtube_only__ballspeed9__corridorradius0.16__noplot__servebox,"{""--ablation"": ""tube_only"", ""--ball-speed"": 9, ""--corridor-radius"": 0.16, ""--no-plot"": null, ""--serve-box"": null}",4,True,active,0.118864,1.939289,0.099766,40.0,105.0,1.76,0.98,1.9,15.0,0.118864,1.75,1.96,
exp18_sensitivity,ablationtube_only__ballspeed9__corridorradius0.16__noplot__servebox,"{""--ablation"": ""tube_only"", ""--ball-speed"": 9, ""--corridor-radius"": 0.16, ""--no-plot"": null, ""--serve-box"": null}",8,True,passive,0.100706,1.955679,0.091537,45.0,105.0,0.97,1.0,1.3,5.0,0.100706,0.161,1.63,
exp18_sensitivity,ablationtube_only__ballspeed9__corridorradius0.16__noplot__servebox,"{""--ablation"": ""tube_only"", ""--ball-speed"": 9, ""--corridor-radius"": 0.16, ""--no-plot"": null, ""--serve-box"": null}",2,True,active,0.093304,1.928257,0.078251,0.0,0.0,1.7,1.0,2.3,10.0,0.093304,1.693,2.35,
exp18_sensitivity,ablationtube_only__ballspeed9__corridorradius0.16__noplot__servebox,"{""--ablation"": ""tube_only"", ""--ball-speed"": 9, ""--corridor-radius"": 0.16, ""--no-plot"": null, ""--serve-box"": null}",21,,,,,,,,,,,,,,0.2,no_result
exp18_sensitivity,ablationtube_only__ballspeed9__corridorradius0.16__noplot__servebox,"{""--ablation"": ""tube_only"", ""--ball-speed"": 9, ""--corridor-radius"": 0.16, ""--no-plot"": null, ""--serve-box"": null}",20,,,,,,,,,,,,,,0.3,no_result
exp18_sensitivity,ablationtube_only__ballspeed9__corridorradius0.16__noplot__servebox,"{""--ablation"": ""tube_only"", ""--ball-speed"": 9, ""--corridor-radius"": 0.16, ""--no-plot"": null, ""--serve-box"": null}",11,True,active,0.089258,1.885984,0.082302,45.0,105.0,1.67,0.97,1.6,5.0,0.089258,1.278,1.63,
exp18_sensitivity,ablationfull__ballspeed9__corridorradius0.16__noplot__servebox,"{""--ablation"": ""full"", ""--ball-speed"": 9, ""--corridor-radius"": 0.16, ""--no-plot"": null, ""--serve-box"": null}",200,False,miss,0.348108,1.922775,0.143676,0.0,0.0,1.4,1.0,1.6,0.0,0.348108,0.0,2.91,
exp18_sensitivity,ablationtube_only__ballspeed9__corridorradius0.16__noplot__servebox,"{""--ablation"": ""tube_only"", ""--ball-speed"": 9, ""--corridor-radius"": 0.16, ""--no-plot"": null, ""--serve-box"": null}",13,True,active,0.047114,1.934849,0.040579,0.0,0.0,1.42,0.99,1.2,20.0,0.047114,1.296,1.55,
exp18_sensitivity,ablationtube_only__ballspeed9__corridorradius0.16__noplot__servebox,"{""--ablation"": ""tube_only"", ""--ball-speed"": 9, ""--corridor-radius"": 0.16, ""--no-plot"": null, ""--serve-box"": null}",14,True,active,0.117587,1.982498,0.107805,40.0,105.0,1.79,1.0,1.7,10.0,0.117587,1.67,1.47,
exp18_sensitivity,ablationtube_only__ballspeed9__corridorradius0.16__noplot__servebox,"{""--ablation"": ""tube_only"", ""--ball-speed"": 9, ""--corridor-radius"": 0.16, ""--no-plot"": null, ""--serve-box"": null}",15,True,active,0.106101,1.944144,0.086935,0.0,0.0,1.77,0.97,2.1,15.0,0.106101,1.769,1.45,
exp18_sensitivity,ablationtube_only__ballspeed9__corridorradius0.16__noplot__servebox,"{""--ablation"": ""tube_only"", ""--ball-speed"": 9, ""--corridor-radius"": 0.16, ""--no-plot"": null, ""--serve-box"": null}",9,False,miss,0.327476,1.954936,0.147603,20.0,40.0,1.79,1.0,1.9,0.0,0.327476,0.0,2.52,
exp18_sensitivity,ablationtube_only__ballspeed9__corridorradius0.16__noplot__servebox,"{""--ablation"": ""tube_only"", ""--ball-speed"": 9, ""--corridor-radius"": 0.16, ""--no-plot"": null, ""--serve-box"": null}",17,True,active,0.103837,1.929115,0.099716,40.0,105.0,1.61,0.99,2.2,10.0,0.103837,1.609,1.49,
exp18_sensitivity,ablationtube_only__ballspeed9__corridorradius0.16__noplot__servebox,"{""--ablation"": ""tube_only"", ""--ball-speed"": 9, ""--corridor-radius"": 0.16, ""--no-plot"": null, ""--serve-box"": null}",16,True,active,0.078683,1.96688,0.032881,0.0,0.0,1.78,0.98,1.9,20.0,0.078683,1.768,1.89,
exp18_sensitivity,ablationtube_only__ballspeed9__corridorradius0.16__noplot__servebox,"{""--ablation"": ""tube_only"", ""--ball-speed"": 9, ""--corridor-radius"": 0.16, ""--no-plot"": null, ""--serve-box"": null}",24,True,active,0.088386,1.960253,0.073033,20.0,40.0,1.81,0.95,2.0,15.0,0.088386,1.79,1.43,
exp18_sensitivity,ablationtube_only__ballspeed9__corridorradius0.16__noplot__servebox,"{""--ablation"": ""tube_only"", ""--ball-speed"": 9, ""--corridor-radius"": 0.16, ""--no-plot"": null, ""--serve-box"": null}",10,True,active,0.109265,1.949302,0.105107,40.0,105.0,1.4,1.0,1.4,10.0,0.109265,1.244,2.94,
exp18_sensitivity,ablationtube_only__ballspeed9__corridorradius0.16__noplot__servebox,"{""--ablation"": ""tube_only"", ""--ball-speed"": 9, ""--corridor-radius"": 0.16, ""--no-plot"": null, ""--serve-box"": null}",25,True,active,0.098656,1.924759,0.066795,40.0,105.0,1.78,1.0,1.7,15.0,0.098656,1.783,1.47,
exp18_sensitivity,ablationtube_only__ballspeed9__corridorradius0.16__noplot__servebox,"{""--ablation"": ""tube_only"", ""--ball-speed"": 9, ""--corridor-radius"": 0.16, ""--no-plot"": null, ""--serve-box"": null}",12,True,active,0.022407,1.972845,0.022407,40.0,80.0,1.78,0.97,1.5,10.0,0.022407,1.757,2.87,
exp18_sensitivity,ablationtube_only__ballspeed9__corridorradius0.16__noplot__servebox,"{""--ablation"": ""tube_only"", ""--ball-speed"": 9, ""--corridor-radius"": 0.16, ""--no-plot"": null, ""--serve-box"": null}",23,True,active,0.087936,1.958938,0.078596,40.0,105.0,1.77,1.0,1.9,10.0,0.087936,1.77,1.87,
exp18_sensitivity,ablationtube_only__ballspeed9__corridorradius0.16__noplot__servebox,"{""--ablation"": ""tube_only"", ""--ball-speed"": 9, ""--corridor-radius"": 0.16, ""--no-plot"": null, ""--serve-box"": null}",27,True,passive,0.084448,1.937114,0.071437,45.0,105.0,1.3,1.0,1.3,5.0,0.084448,0.094,1.56,
exp18_sensitivity,ablationtube_only__ballspeed9__corridorradius0.16__noplot__servebox,"{""--ablation"": ""tube_only"", ""--ball-speed"": 9, ""--corridor-radius"": 0.16, ""--no-plot"": null, ""--serve-box"": null}",28,False,miss,0.280726,1.900363,0.094141,0.0,0.0,1.3,0.99,1.4,0.0,0.280726,0.0,1.51,
exp18_sensitivity,ablationtube_only__ballspeed9__corridorradius0.16__noplot__servebox,"{""--ablation"": ""tube_only"", ""--ball-speed"": 9, ""--corridor-radius"": 0.16, ""--no-plot"": null, ""--serve-box"": null}",29,True,active,0.070292,1.869748,0.070292,40.0,105.0,1.51,1.0,1.5,5.0,0.070292,0.43,1.51,
exp18_sensitivity,ablationtube_only__ballspeed9__corridorradius0.16__noplot__servebox,"{""--ablation"": ""tube_only"", ""--ball-speed"": 9, ""--corridor-radius"": 0.16, ""--no-plot"": null, ""--serve-box"": null}",18,True,active,0.128925,1.958825,0.114292,35.0,105.0,1.78,0.98,1.9,15.0,0.128925,1.743,2.83,
exp18_sensitivity,ablationtube_only__ballspeed9__corridorradius0.16__noplot__servebox,"{""--ablation"": ""tube_only"", ""--ball-speed"": 9, ""--corridor-radius"": 0.16, ""--no-plot"": null, ""--serve-box"": null}",32,True,active,0.107823,1.949081,0.081977,40.0,105.0,1.77,0.99,1.7,15.0,0.107823,1.773,1.43,
exp18_sensitivity,ablationtube_only__ballspeed9__corridorradius0.16__noplot__servebox,"{""--ablation"": ""tube_only"", ""--ball-speed"": 9, ""--corridor-radius"": 0.16, ""--no-plot"": null, ""--serve-box"": null}",31,True,active,0.106358,1.94348,0.106084,40.0,105.0,1.79,1.0,1.6,10.0,0.106358,1.602,1.52,
exp18_sensitivity,ablationtube_only__ballspeed9__corridorradius0.16__noplot__servebox,"{""--ablation"": ""tube_only"", ""--ball-speed"": 9, ""--corridor-radius"": 0.16, ""--no-plot"": null, ""--serve-box"": null}",19,True,active,0.108843,1.889958,0.080562,0.0,0.0,1.54,0.98,1.6,15.0,0.108843,1.544,2.98,
exp18_sensitivity,ablationtube_only__ballspeed9__corridorradius0.16__noplot__servebox,"{""--ablation"": ""tube_only"", ""--ball-speed"": 9, ""--corridor-radius"": 0.16, ""--no-plot"": null, ""--serve-box"": null}",22,True,active,0.089801,1.88466,0.065985,0.0,0.0,1.8,0.99,1.9,20.0,0.089801,1.714,2.94,
exp18_sensitivity,ablationtube_only__ballspeed9__corridorradius0.16__noplot__servebox,"{""--ablation"": ""tube_only"", ""--ball-speed"": 9, ""--corridor-radius"": 0.16, ""--no-plot"": null, ""--serve-box"": null}",35,True,active,0.109844,1.917147,0.090891,0.0,0.0,1.8,1.0,1.7,15.0,0.109844,1.722,1.47,
exp18_sensitivity,ablationtube_only__ballspeed9__corridorradius0.16__noplot__servebox,"{""--ablation"": ""tube_only"", ""--ball-speed"": 9, ""--corridor-radius"": 0.16, ""--no-plot"": null, ""--serve-box"": null}",34,True,active,0.10509,1.956304,0.097385,40.0,105.0,1.78,1.0,1.5,10.0,0.10509,1.784,1.59,
exp18_sensitivity,ablationtube_only__ballspeed9__corridorradius0.16__noplot__servebox,"{""--ablation"": ""tube_only"", ""--ball-speed"": 9, ""--corridor-radius"": 0.16, ""--no-plot"": null, ""--serve-box"": null}",26,True,active,0.079215,1.917512,0.079215,0.0,0.0,1.79,0.97,2.0,20.0,0.079215,1.79,2.82,
exp18_sensitivity,ablationtube_only__ballspeed9__corridorradius0.16__noplot__servebox,"{""--ablation"": ""tube_only"", ""--ball-speed"": 9, ""--corridor-radius"": 0.16, ""--no-plot"": null, ""--serve-box"": null}",33,True,active,0.093397,1.962692,0.07695,45.0,105.0,1.81,0.99,1.6,10.0,0.093397,1.798,1.7,
exp18_sensitivity,ablationtube_only__ballspeed9__corridorradius0.16__noplot__servebox,"{""--ablation"": ""tube_only"", ""--ball-speed"": 9, ""--corridor-radius"": 0.16, ""--no-plot"": null, ""--serve-box"": null}",30,True,active,0.092887,1.936698,0.061294,0.0,0.0,1.77,0.98,1.8,15.0,0.092887,1.736,2.37,
exp18_sensitivity,ablationtube_only__ballspeed9__corridorradius0.16__noplot__servebox,"{""--ablation"": ""tube_only"", ""--ball-speed"": 9, ""--corridor-radius"": 0.16, ""--no-plot"": null, ""--serve-box"": null}",37,True,active,0.112823,1.928017,0.10736,0.0,20.0,1.77,0.99,1.8,10.0,0.112823,1.723,1.56,
exp18_sensitivity,ablationtube_only__ballspeed9__corridorradius0.16__noplot__servebox,"{""--ablation"": ""tube_only"", ""--ball-speed"": 9, ""--corridor-radius"": 0.16, ""--no-plot"": null, ""--serve-box"": null}",39,True,active,0.079431,1.900903,0.074958,40.0,105.0,1.78,0.96,2.0,5.0,0.079431,1.364,1.45,
exp18_sensitivity,ablationtube_only__ballspeed9__corridorradius0.16__noplot__servebox,"{""--ablation"": ""tube_only"", ""--ball-speed"": 9, ""--corridor-radius"": 0.16, ""--no-plot"": null, ""--serve-box"": null}",40,True,active,0.095185,1.943328,0.090617,40.0,105.0,1.64,0.99,1.5,5.0,0.095185,0.927,1.45,
exp18_sensitivity,ablationtube_only__ballspeed9__corridorradius0.16__noplot__servebox,"{""--ablation"": ""tube_only"", ""--ball-speed"": 9, ""--corridor-radius"": 0.16, ""--no-plot"": null, ""--serve-box"": null}",38,True,active,0.084372,1.931927,0.081727,35.0,105.0,1.79,0.99,1.8,15.0,0.084372,1.788,1.63,
exp18_sensitivity,ablationtube_only__ballspeed9__corridorradius0.16__noplot__servebox,"{""--ablation"": ""tube_only"", ""--ball-speed"": 9, ""--corridor-radius"": 0.16, ""--no-plot"": null, ""--serve-box"": null}",44,True,active,0.081525,1.949491,0.077058,40.0,105.0,1.71,1.0,1.6,15.0,0.081525,1.496,1.72,
exp18_sensitivity,ablationtube_only__ballspeed9__corridorradius0.16__noplot__servebox,"{""--ablation"": ""tube_only"", ""--ball-speed"": 9, ""--corridor-radius"": 0.16, ""--no-plot"": null, ""--serve-box"": null}",46,True,passive,0.118912,1.934007,0.11174,40.0,105.0,1.13,1.0,1.6,10.0,0.118912,0.199,1.44,
exp18_sensitivity,ablationtube_only__ballspeed9__corridorradius0.16__noplot__servebox,"{""--ablation"": ""tube_only"", ""--ball-speed"": 9, ""--corridor-radius"": 0.16, ""--no-plot"": null, ""--serve-box"": null}",49,True,active,0.099528,1.946752,0.099528,35.0,105.0,1.8,1.0,1.9,5.0,0.099528,1.356,1.41,
exp18_sensitivity,ablationtube_only__ballspeed9__corridorradius0.16__noplot__servebox,"{""--ablation"": ""tube_only"", ""--ball-speed"": 9, ""--corridor-radius"": 0.16, ""--no-plot"": null, ""--serve-box"": null}",36,True,active,0.100246,1.965315,0.090376,40.0,105.0,1.76,0.95,1.9,15.0,0.100246,1.751,2.89,
exp18_sensitivity,ablationtube_only__ballspeed9__corridorradius0.16__noplot__servebox,"{""--ablation"": ""tube_only"", ""--ball-speed"": 9, ""--corridor-radius"": 0.16, ""--no-plot"": null, ""--serve-box"": null}",48,True,active,0.099546,1.982361,0.091999,40.0,105.0,1.75,0.98,1.8,10.0,0.099546,1.481,1.61,
exp18_sensitivity,ablationtube_only__ballspeed9__corridorradius0.16__noplot__servebox,"{""--ablation"": ""tube_only"", ""--ball-speed"": 9, ""--corridor-radius"": 0.16, ""--no-plot"": null, ""--serve-box"": null}",50,True,active,0.070185,1.907176,0.053393,35.0,80.0,1.8,1.0,2.2,20.0,0.070185,1.715,1.66,
exp18_sensitivity,ablationtube_only__ballspeed9__corridorradius0.16__noplot__servebox,"{""--ablation"": ""tube_only"", ""--ball-speed"": 9, ""--corridor-radius"": 0.16, ""--no-plot"": null, ""--serve-box"": null}",52,True,active,0.092432,1.934185,0.040643,0.0,0.0,1.56,1.0,1.3,15.0,0.092432,1.535,1.43,
exp18_sensitivity,ablationtube_only__ballspeed9__corridorradius0.16__noplot__servebox,"{""--ablation"": ""tube_only"", ""--ball-speed"": 9, ""--corridor-radius"": 0.16, ""--no-plot"": null, ""--serve-box"": null}",54,True,active,0.029848,1.984469,0.029848,0.0,0.0,1.72,0.99,1.6,20.0,0.029848,1.364,1.47,
exp18_sensitivity,ablationtube_only__ballspeed9__corridorradius0.16__noplot__servebox,"{""--ablation"": ""tube_only"", ""--ball-speed"": 9, ""--corridor-radius"": 0.16, ""--no-plot"": null, ""--serve-box"": null}",41,True,active,0.09089,1.961813,0.09089,30.0,105.0,1.8,0.99,1.8,5.0,0.09089,1.344,2.88,
exp18_sensitivity,ablationtube_only__ballspeed9__corridorradius0.16__noplot__servebox,"{""--ablation"": ""tube_only"", ""--ball-speed"": 9, ""--corridor-radius"": 0.16, ""--no-plot"": null, ""--serve-box"": null}",47,True,active,0.058398,1.896642,0.051948,50.0,105.0,1.49,0.92,1.4,5.0,0.058398,0.864,2.12,
exp18_sensitivity,ablationtube_only__ballspeed9__corridorradius0.16__noplot__servebox,"{""--ablation"": ""tube_only"", ""--ball-speed"": 9, ""--corridor-radius"": 0.16, ""--no-plot"": null, ""--serve-box"": null}",43,True,active,0.113338,1.936197,0.108977,35.0,105.0,1.79,1.0,1.6,10.0,0.113338,1.74,2.85,
exp18_sensitivity,ablationtube_only__ballspeed9__corridorradius0.16__noplot__servebox,"{""--ablation"": ""tube_only"", ""--ball-speed"": 9, ""--corridor-radius"": 0.16, ""--no-plot"": null, ""--serve-box"": null}",55,True,active,0.100273,1.941637,0.080265,40.0,105.0,1.5,0.96,1.4,10.0,0.100273,1.405,1.74,
exp18_sensitivity,ablationtube_only__ballspeed9__corridorradius0.16__noplot__servebox,"{""--ablation"": ""tube_only"", ""--ball-speed"": 9, ""--corridor-radius"": 0.16, ""--no-plot"": null, ""--serve-box"": null}",42,True,active,0.004444,1.999015,0.004444,0.0,0.0,1.93,1.0,1.8,15.0,0.004444,1.715,3.17,
exp18_sensitivity,ablationtube_only__ballspeed9__corridorradius0.16__noplot__servebox,"{""--ablation"": ""tube_only"", ""--ball-speed"": 9, ""--corridor-radius"": 0.16, ""--no-plot"": null, ""--serve-box"": null}",45,True,active,0.130067,1.951826,0.119674,35.0,100.0,1.67,1.0,1.8,10.0,0.130067,1.502,2.98,
exp18_sensitivity,ablationtube_only__ballspeed9__corridorradius0.16__noplot__servebox,"{""--ablation"": ""tube_only"", ""--ball-speed"": 9, ""--corridor-radius"": 0.16, ""--no-plot"": null, ""--serve-box"": null}",57,True,active,0.112168,1.927998,0.096555,0.0,5.0,1.59,1.0,1.9,10.0,0.112168,1.579,1.4,
exp18_sensitivity,ablationtube_only__ballspeed9__corridorradius0.16__noplot__servebox,"{""--ablation"": ""tube_only"", ""--ball-speed"": 9, ""--corridor-radius"": 0.16, ""--no-plot"": null, ""--serve-box"": null}",53,True,active,0.048282,1.956791,0.048282,0.0,0.0,1.78,0.99,1.5,15.0,0.048282,1.676,2.33,
exp18_sensitivity,ablationtube_only__ballspeed9__corridorradius0.16__noplot__servebox,"{""--ablation"": ""tube_only"", ""--ball-speed"": 9, ""--corridor-radius"": 0.16, ""--no-plot"": null, ""--serve-box"": null}",51,False,miss,0.353263,1.945096,0.144147,0.0,0.0,1.75,1.0,2.2,0.0,0.353263,0.0,2.71,
exp18_sensitivity,ablationtube_only__ballspeed9__corridorradius0.16__noplot__servebox,"{""--ablation"": ""tube_only"", ""--ball-speed"": 9, ""--corridor-radius"": 0.16, ""--no-plot"": null, ""--serve-box"": null}",58,True,active,0.091691,1.875607,0.091691,40.0,105.0,1.77,1.0,1.5,5.0,0.091691,0.972,1.57,
exp18_sensitivity,ablationtube_only__ballspeed9__corridorradius0.16__noplot__servebox,"{""--ablation"": ""tube_only"", ""--ball-speed"": 9, ""--corridor-radius"": 0.16, ""--no-plot"": null, ""--serve-box"": null}",59,True,active,0.063148,1.925704,0.02727,0.0,0.0,1.53,0.99,1.2,20.0,0.063148,0.869,1.67,
exp18_sensitivity,ablationtube_only__ballspeed9__corridorradius0.16__noplot__servebox,"{""--ablation"": ""tube_only"", ""--ball-speed"": 9, ""--corridor-radius"": 0.16, ""--no-plot"": null, ""--serve-box"": null}",61,True,active,0.099157,1.91825,0.07803,40.0,105.0,1.8,0.94,1.7,15.0,0.099157,1.777,1.5,
exp18_sensitivity,ablationtube_only__ballspeed9__corridorradius0.16__noplot__servebox,"{""--ablation"": ""tube_only"", ""--ball-speed"": 9, ""--corridor-radius"": 0.16, ""--no-plot"": null, ""--serve-box"": null}",62,True,active,0.086159,1.972767,0.076812,40.0,105.0,1.77,1.0,1.6,10.0,0.086159,1.774,1.62,
exp18_sensitivity,ablationtube_only__ballspeed9__corridorradius0.16__noplot__servebox,"{""--ablation"": ""tube_only"", ""--ball-speed"": 9, ""--corridor-radius"": 0.16, ""--no-plot"": null, ""--serve-box"": null}",63,True,active,0.054104,1.984481,0.018219,0.0,0.0,1.83,1.0,1.9,20.0,0.054104,1.792,1.54,
exp18_sensitivity,ablationtube_only__ballspeed9__corridorradius0.16__noplot__servebox,"{""--ablation"": ""tube_only"", ""--ball-speed"": 9, ""--corridor-radius"": 0.16, ""--no-plot"": null, ""--serve-box"": null}",56,False,miss,0.353273,1.953512,0.134299,0.0,0.0,1.78,1.0,1.9,0.0,0.353273,0.0,2.34,
exp18_sensitivity,ablationtube_only__ballspeed9__corridorradius0.16__noplot__servebox,"{""--ablation"": ""tube_only"", ""--ball-speed"": 9, ""--corridor-radius"": 0.16, ""--no-plot"": null, ""--serve-box"": null}",64,True,active,0.129425,1.951696,0.114912,35.0,105.0,1.8,1.0,2.0,15.0,0.129425,1.764,1.65,
exp18_sensitivity,ablationtube_only__ballspeed9__corridorradius0.16__noplot__servebox,"{""--ablation"": ""tube_only"", ""--ball-speed"": 9, ""--corridor-radius"": 0.16, ""--no-plot"": null, ""--serve-box"": null}",66,True,active,0.093674,1.96064,0.076866,45.0,105.0,1.78,1.0,1.4,10.0,0.093674,1.633,1.59,
exp18_sensitivity,ablationtube_only__ballspeed9__corridorradius0.16__noplot__servebox,"{""--ablation"": ""tube_only"", ""--ball-speed"": 9, ""--corridor-radius"": 0.16, ""--no-plot"": null, ""--serve-box"": null}",60,True,active,0.117426,1.936721,0.114455,40.0,100.0,1.49,0.99,1.6,10.0,0.117426,1.332,2.45,
exp18_sensitivity,ablationtube_only__ballspeed9__corridorradius0.16__noplot__servebox,"{""--ablation"": ""tube_only"", ""--ball-speed"": 9, ""--corridor-radius"": 0.16, ""--no-plot"": null, ""--serve-box"": null}",68,True,active,0.097685,1.900678,0.096206,40.0,105.0,1.49,0.99,1.5,5.0,0.097685,1.016,1.82,
exp18_sensitivity,ablationtube_only__ballspeed9__corridorradius0.16__noplot__servebox,"{""--ablation"": ""tube_only"", ""--ball-speed"": 9, ""--corridor-radius"": 0.16, ""--no-plot"": null, ""--serve-box"": null}",72,True,active,0.095681,1.970351,0.091386,40.0,105.0,1.78,0.99,1.9,10.0,0.095681,1.754,1.6,
exp18_sensitivity,ablationtube_only__ballspeed9__corridorradius0.16__noplot__servebox,"{""--ablation"": ""tube_only"", ""--ball-speed"": 9, ""--corridor-radius"": 0.16, ""--no-plot"": null, ""--serve-box"": null}",74,True,active,0.11799,1.962539,0.106978,35.0,105.0,1.8,0.98,1.8,15.0,0.11799,1.803,1.49,
exp18_sensitivity,ablationtube_only__ballspeed9__corridorradius0.16__noplot__servebox,"{""--ablation"": ""tube_only"", ""--ball-speed"": 9, ""--corridor-radius"": 0.16, ""--no-plot"": null, ""--serve-box"": null}",65,True,active,0.107198,1.950196,0.107002,35.0,105.0,1.59,1.0,1.6,10.0,0.107198,1.394,2.65,
exp18_sensitivity,ablationtube_only__ballspeed9__corridorradius0.16__noplot__servebox,"{""--ablation"": ""tube_only"", ""--ball-speed"": 9, ""--corridor-radius"": 0.16, ""--no-plot"": null, ""--serve-box"": null}",73,True,active,0.103657,1.952248,0.091199,15.0,50.0,1.24,0.99,1.2,10.0,0.103657,0.845,1.77,
exp18_sensitivity,ablationtube_only__ballspeed9__corridorradius0.16__noplot__servebox,"{""--ablation"": ""tube_only"", ""--ball-speed"": 9, ""--corridor-radius"": 0.16, ""--no-plot"": null, ""--serve-box"": null}",76,True,active,0.084328,1.8901,0.063966,0.0,0.0,1.73,0.99,1.9,15.0,0.084328,1.593,1.55,
exp18_sensitivity,ablationtube_only__ballspeed9__corridorradius0.16__noplot__servebox,"{""--ablation"": ""tube_only"", ""--ball-speed"": 9, ""--corridor-radius"": 0.16, ""--no-plot"": null, ""--serve-box"": null}",77,True,active,0.009688,1.980984,0.009688,35.0,60.0,1.82,0.97,2.0,15.0,0.009688,1.794,1.54,
exp18_sensitivity,ablationtube_only__ballspeed9__corridorradius0.16__noplot__servebox,"{""--ablation"": ""tube_only"", ""--ball-speed"": 9, ""--corridor-radius"": 0.16, ""--no-plot"": null, ""--serve-box"": null}",78,True,active,0.066341,1.91151,0.064114,40.0,105.0,1.79,1.0,1.8,15.0,0.066341,1.729,1.59,
exp18_sensitivity,ablationtube_only__ballspeed9__corridorradius0.16__noplot__servebox,"{""--ablation"": ""tube_only"", ""--ball-speed"": 9, ""--corridor-radius"": 0.16, ""--no-plot"": null, ""--serve-box"": null}",67,True,active,0.054478,1.923215,0.049983,45.0,105.0,1.79,0.99,1.6,5.0,0.054478,1.393,3.0,
exp18_sensitivity,ablationtube_only__ballspeed9__corridorradius0.16__noplot__servebox,"{""--ablation"": ""tube_only"", ""--ball-speed"": 9, ""--corridor-radius"": 0.16, ""--no-plot"": null, ""--serve-box"": null}",70,True,active,0.13168,1.949591,0.122301,40.0,100.0,1.79,1.0,1.9,10.0,0.13168,1.534,2.67,
exp18_sensitivity,ablationtube_only__ballspeed9__corridorradius0.16__noplot__servebox,"{""--ablation"": ""tube_only"", ""--ball-speed"": 9, ""--corridor-radius"": 0.16, ""--no-plot"": null, ""--serve-box"": null}",69,True,active,0.125288,1.946816,0.117079,35.0,105.0,1.68,1.0,1.8,10.0,0.125288,1.42,2.73,
exp18_sensitivity,ablationtube_only__ballspeed9__corridorradius0.16__noplot__servebox,"{""--ablation"": ""tube_only"", ""--ball-speed"": 9, ""--corridor-radius"": 0.16, ""--no-plot"": null, ""--serve-box"": null}",81,True,active,0.069403,1.954536,0.063571,45.0,105.0,1.24,1.0,1.4,10.0,0.069403,0.786,1.53,
exp18_sensitivity,ablationtube_only__ballspeed9__corridorradius0.16__noplot__servebox,"{""--ablation"": ""tube_only"", ""--ball-speed"": 9, ""--corridor-radius"": 0.16, ""--no-plot"": null, ""--serve-box"": null}",75,True,active,0.129385,1.914344,0.117756,40.0,105.0,1.43,1.0,1.6,0.0,0.129385,0.7,2.49,
exp18_sensitivity,ablationtube_only__ballspeed9__corridorradius0.16__noplot__servebox,"{""--ablation"": ""tube_only"", ""--ball-speed"": 9, ""--corridor-radius"": 0.16, ""--no-plot"": null, ""--serve-box"": null}",79,False,miss,0.330109,1.913076,0.094538,0.0,0.0,1.77,1.0,2.0,0.0,0.330109,0.0,2.07,
exp18_sensitivity,ablationtube_only__ballspeed9__corridorradius0.16__noplot__servebox,"{""--ablation"": ""tube_only"", ""--ball-speed"": 9, ""--corridor-radius"": 0.16, ""--no-plot"": null, ""--serve-box"": null}",71,True,active,0.052286,1.96162,0.052286,40.0,85.0,1.77,0.98,1.4,15.0,0.052286,1.651,3.1,
exp18_sensitivity,ablationtube_only__ballspeed9__corridorradius0.16__noplot__servebox,"{""--ablation"": ""tube_only"", ""--ball-speed"": 9, ""--corridor-radius"": 0.16, ""--no-plot"": null, ""--serve-box"": null}",82,True,active,0.096766,1.947558,0.092984,35.0,105.0,1.61,0.99,1.5,10.0,0.096766,1.54,1.49,
exp18_sensitivity,ablationtube_only__ballspeed9__corridorradius0.16__noplot__servebox,"{""--ablation"": ""tube_only"", ""--ball-speed"": 9, ""--corridor-radius"": 0.16, ""--no-plot"": null, ""--serve-box"": null}",83,True,active,0.126715,1.916319,0.126715,35.0,105.0,1.4,1.0,1.6,5.0,0.126715,0.839,1.47,
exp18_sensitivity,ablationtube_only__ballspeed9__corridorradius0.16__noplot__servebox,"{""--ablation"": ""tube_only"", ""--ball-speed"": 9, ""--corridor-radius"": 0.16, ""--no-plot"": null, ""--serve-box"": null}",86,True,active,0.085689,1.959338,0.058011,45.0,105.0,1.69,0.99,1.6,10.0,0.085689,1.692,1.41,
exp18_sensitivity,ablationtube_only__ballspeed9__corridorradius0.16__noplot__servebox,"{""--ablation"": ""tube_only"", ""--ball-speed"": 9, ""--corridor-radius"": 0.16, ""--no-plot"": null, ""--serve-box"": null}",85,True,active,0.058284,1.959677,0.050981,45.0,105.0,1.79,0.98,1.5,5.0,0.058284,1.345,1.54,
exp18_sensitivity,ablationtube_only__ballspeed9__corridorradius0.16__noplot__servebox,"{""--ablation"": ""tube_only"", ""--ball-speed"": 9, ""--corridor-radius"": 0.16, ""--no-plot"": null, ""--serve-box"": null}",92,False,miss,0.317446,1.952257,0.134759,0.0,0.0,1.53,0.99,1.8,0.0,0.317446,0.0,1.42,
exp18_sensitivity,ablationtube_only__ballspeed9__corridorradius0.16__noplot__servebox,"{""--ablation"": ""tube_only"", ""--ball-speed"": 9, ""--corridor-radius"": 0.16, ""--no-plot"": null, ""--serve-box"": null}",80,True,active,0.083129,1.918103,0.081166,45.0,105.0,1.4,0.97,1.6,0.0,0.083129,0.443,2.88,
exp18_sensitivity,ablationtube_only__ballspeed9__corridorradius0.16__noplot__servebox,"{""--ablation"": ""tube_only"", ""--ball-speed"": 9, ""--corridor-radius"": 0.16, ""--no-plot"": null, ""--serve-box"": null}",90,True,active,0.101591,1.968351,0.091323,40.0,105.0,1.5,0.99,1.4,10.0,0.101591,1.455,1.49,
exp18_sensitivity,ablationtube_only__ballspeed9__corridorradius0.16__noplot__servebox,"{""--ablation"": ""tube_only"", ""--ball-speed"": 9, ""--corridor-radius"": 0.16, ""--no-plot"": null, ""--serve-box"": null}",94,True,active,0.077252,1.923331,0.077252,0.0,0.0,1.79,0.99,1.7,10.0,0.077252,1.793,1.42,
exp18_sensitivity,ablationtube_only__ballspeed9__corridorradius0.16__noplot__servebox,"{""--ablation"": ""tube_only"", ""--ball-speed"": 9, ""--corridor-radius"": 0.16, ""--no-plot"": null, ""--serve-box"": null}",96,True,active,0.116174,1.950253,0.10745,40.0,105.0,1.81,0.99,1.6,10.0,0.116174,1.519,1.42,
exp18_sensitivity,ablationtube_only__ballspeed9__corridorradius0.16__noplot__servebox,"{""--ablation"": ""tube_only"", ""--ball-speed"": 9, ""--corridor-radius"": 0.16, ""--no-plot"": null, ""--serve-box"": null}",95,True,active,0.090389,1.936549,0.087621,40.0,105.0,1.79,0.98,1.8,10.0,0.090389,1.791,1.52,
exp18_sensitivity,ablationtube_only__ballspeed9__corridorradius0.16__noplot__servebox,"{""--ablation"": ""tube_only"", ""--ball-speed"": 9, ""--corridor-radius"": 0.16, ""--no-plot"": null, ""--serve-box"": null}",97,True,active,0.05032,1.936835,0.05032,0.0,5.0,1.77,0.99,2.1,20.0,0.05032,1.398,1.58,
exp18_sensitivity,ablationtube_only__ballspeed9__corridorradius0.16__noplot__servebox,"{""--ablation"": ""tube_only"", ""--ball-speed"": 9, ""--corridor-radius"": 0.16, ""--no-plot"": null, ""--serve-box"": null}",89,True,active,0.090029,1.939411,0.07495,35.0,75.0,1.78,0.97,2.0,10.0,0.090029,1.715,2.4,
exp18_sensitivity,ablationtube_only__ballspeed9__corridorradius0.16__noplot__servebox,"{""--ablation"": ""tube_only"", ""--ball-speed"": 9, ""--corridor-radius"": 0.16, ""--no-plot"": null, ""--serve-box"": null}",98,True,active,0.082614,1.921336,0.056063,0.0,0.0,1.43,1.0,1.4,15.0,0.082614,1.3,1.52,
exp18_sensitivity,ablationtube_only__ballspeed9__corridorradius0.16__noplot__servebox,"{""--ablation"": ""tube_only"", ""--ball-speed"": 9, ""--corridor-radius"": 0.16, ""--no-plot"": null, ""--serve-box"": null}",84,True,active,0.074099,1.78461,0.063409,0.0,0.0,1.8,1.0,1.9,20.0,0.074099,1.694,3.0,
exp18_sensitivity,ablationtube_only__ballspeed9__corridorradius0.16__noplot__servebox,"{""--ablation"": ""tube_only"", ""--ball-speed"": 9, ""--corridor-radius"": 0.16, ""--no-plot"": null, ""--serve-box"": null}",99,False,miss,0.316438,1.945236,0.154394,25.0,0.0,1.49,0.99,1.4,0.0,0.316438,0.0,1.42,
exp18_sensitivity,ablationtube_only__ballspeed9__corridorradius0.16__noplot__servebox,"{""--ablation"": ""tube_only"", ""--ball-speed"": 9, ""--corridor-radius"": 0.16, ""--no-plot"": null, ""--serve-box"": null}",88,True,active,0.096706,1.935392,0.094589,40.0,105.0,1.8,0.99,1.8,10.0,0.096706,1.621,2.87,
exp18_sensitivity,ablationtube_only__ballspeed9__corridorradius0.16__noplot__servebox,"{""--ablation"": ""tube_only"", ""--ball-speed"": 9, ""--corridor-radius"": 0.16, ""--no-plot"": null, ""--serve-box"": null}",87,True,active,0.106019,1.945153,0.096057,0.0,0.0,1.8,1.0,2.0,15.0,0.106019,1.697,2.95,
exp18_sensitivity,ablationtube_only__ballspeed9__corridorradius0.16__noplot__servebox,"{""--ablation"": ""tube_only"", ""--ball-speed"": 9, ""--corridor-radius"": 0.16, ""--no-plot"": null, ""--serve-box"": null}",100,True,active,0.073014,1.965514,0.073014,40.0,105.0,1.38,1.0,1.5,10.0,0.073014,0.724,1.71,
exp18_sensitivity,ablationtube_only__ballspeed9__corridorradius0.16__noplot__servebox,"{""--ablation"": ""tube_only"", ""--ball-speed"": 9, ""--corridor-radius"": 0.16, ""--no-plot"": null, ""--serve-box"": null}",103,True,active,0.120456,1.940011,0.10988,40.0,100.0,1.52,1.0,1.6,10.0,0.120456,1.442,1.44,
exp18_sensitivity,ablationtube_only__ballspeed9__corridorradius0.16__noplot__servebox,"{""--ablation"": ""tube_only"", ""--ball-speed"": 9, ""--corridor-radius"": 0.16, ""--no-plot"": null, ""--serve-box"": null}",91,True,passive,0.101732,1.932661,0.097723,45.0,105.0,1.03,1.0,1.0,5.0,0.101732,0.288,2.93,
exp18_sensitivity,ablationtube_only__ballspeed9__corridorradius0.16__noplot__servebox,"{""--ablation"": ""tube_only"", ""--ball-speed"": 9, ""--corridor-radius"": 0.16, ""--no-plot"": null, ""--serve-box"": null}",102,True,active,0.096813,1.947898,0.081782,40.0,105.0,1.79,1.0,1.4,10.0,0.096813,1.591,1.64,
exp18_sensitivity,ablationtube_only__ballspeed9__corridorradius0.16__noplot__servebox,"{""--ablation"": ""tube_only"", ""--ball-speed"": 9, ""--corridor-radius"": 0.16, ""--no-plot"": null, ""--serve-box"": null}",93,True,active,0.081151,1.922173,0.081151,35.0,105.0,1.76,0.99,1.9,10.0,0.081151,1.683,2.87,
exp18_sensitivity,ablationtube_only__ballspeed9__corridorradius0.16__noplot__servebox,"{""--ablation"": ""tube_only"", ""--ball-speed"": 9, ""--corridor-radius"": 0.16, ""--no-plot"": null, ""--serve-box"": null}",107,False,miss,0.287997,1.967333,0.147648,20.0,20.0,1.2,0.99,1.4,0.0,0.287997,0.0,1.45,
exp18_sensitivity,ablationtube_only__ballspeed9__corridorradius0.16__noplot__servebox,"{""--ablation"": ""tube_only"", ""--ball-speed"": 9, ""--corridor-radius"": 0.16, ""--no-plot"": null, ""--serve-box"": null}",108,True,active,0.111175,1.948922,0.097755,40.0,105.0,1.76,0.98,1.7,10.0,0.111175,1.762,1.46,
exp18_sensitivity,ablationtube_only__ballspeed9__corridorradius0.16__noplot__servebox,"{""--ablation"": ""tube_only"", ""--ball-speed"": 9, ""--corridor-radius"": 0.16, ""--no-plot"": null, ""--serve-box"": null}",110,True,active,0.086177,1.952148,0.070611,45.0,65.0,1.54,0.99,1.5,15.0,0.086177,1.42,1.45,
exp18_sensitivity,ablationtube_only__ballspeed9__corridorradius0.16__noplot__servebox,"{""--ablation"": ""tube_only"", ""--ball-speed"": 9, ""--corridor-radius"": 0.16, ""--no-plot"": null, ""--serve-box"": null}",104,True,active,0.095458,1.982342,0.083954,40.0,105.0,1.8,0.99,1.6,10.0,0.095458,1.684,2.02,
exp18_sensitivity,ablationtube_only__ballspeed9__corridorradius0.16__noplot__servebox,"{""--ablation"": ""tube_only"", ""--ball-speed"": 9, ""--corridor-radius"": 0.16, ""--no-plot"": null, ""--serve-box"": null}",109,True,active,0.074742,1.998186,0.074742,30.0,105.0,1.77,0.99,1.7,10.0,0.074742,1.736,1.65,
exp18_sensitivity,ablationtube_only__ballspeed9__corridorradius0.16__noplot__servebox,"{""--ablation"": ""tube_only"", ""--ball-speed"": 9, ""--corridor-radius"": 0.16, ""--no-plot"": null, ""--serve-box"": null}",121,,,,,,,,,,,,,,0.21,no_result
exp18_sensitivity,ablationtube_only__ballspeed9__corridorradius0.16__noplot__servebox,"{""--ablation"": ""tube_only"", ""--ball-speed"": 9, ""--corridor-radius"": 0.16, ""--no-plot"": null, ""--serve-box"": null}",112,True,active,0.083585,1.96771,0.031293,0.0,0.0,1.41,0.98,1.2,20.0,0.083585,1.264,1.45,
exp18_sensitivity,ablationtube_only__ballspeed9__corridorradius0.16__noplot__servebox,"{""--ablation"": ""tube_only"", ""--ball-speed"": 9, ""--corridor-radius"": 0.16, ""--no-plot"": null, ""--serve-box"": null}",114,True,active,0.099204,1.918951,0.088837,50.0,105.0,1.55,0.96,1.4,5.0,0.099204,0.965,1.46,
exp18_sensitivity,ablationtube_only__ballspeed9__corridorradius0.16__noplot__servebox,"{""--ablation"": ""tube_only"", ""--ball-speed"": 9, ""--corridor-radius"": 0.16, ""--no-plot"": null, ""--serve-box"": null}",101,True,active,0.124348,1.935392,0.108191,0.0,25.0,1.78,1.0,1.5,15.0,0.124348,1.709,2.92,
exp18_sensitivity,ablationtube_only__ballspeed9__corridorradius0.16__noplot__servebox,"{""--ablation"": ""tube_only"", ""--ball-speed"": 9, ""--corridor-radius"": 0.16, ""--no-plot"": null, ""--serve-box"": null}",106,True,active,0.090804,1.93096,0.06322,0.0,0.0,1.8,0.94,1.9,20.0,0.090804,1.786,2.39,
exp18_sensitivity,ablationtube_only__ballspeed9__corridorradius0.16__noplot__servebox,"{""--ablation"": ""tube_only"", ""--ball-speed"": 9, ""--corridor-radius"": 0.16, ""--no-plot"": null, ""--serve-box"": null}",116,True,active,0.100175,1.939302,0.100175,40.0,105.0,1.79,1.0,1.8,10.0,0.100175,1.699,1.52,
exp18_sensitivity,ablationtube_only__ballspeed9__corridorradius0.16__noplot__servebox,"{""--ablation"": ""tube_only"", ""--ball-speed"": 9, ""--corridor-radius"": 0.16, ""--no-plot"": null, ""--serve-box"": null}",117,True,active,0.086379,1.920001,0.067044,0.0,0.0,1.75,1.0,1.8,15.0,0.086379,1.751,1.59,
exp18_sensitivity,ablationtube_only__ballspeed9__corridorradius0.16__noplot__servebox,"{""--ablation"": ""tube_only"", ""--ball-speed"": 9, ""--corridor-radius"": 0.16, ""--no-plot"": null, ""--serve-box"": null}",105,True,active,0.061192,1.964047,0.0542,35.0,90.0,1.8,1.0,1.4,15.0,0.061192,1.721,2.89,
exp18_sensitivity,ablationtube_only__ballspeed9__corridorradius0.16__noplot__servebox,"{""--ablation"": ""tube_only"", ""--ball-speed"": 9, ""--corridor-radius"": 0.16, ""--no-plot"": null, ""--serve-box"": null}",119,True,active,0.067628,1.94676,0.067628,50.0,105.0,1.5,1.0,1.5,5.0,0.067628,1.056,1.48,
exp18_sensitivity,ablationtube_only__ballspeed9__corridorradius0.16__noplot__servebox,"{""--ablation"": ""tube_only"", ""--ball-speed"": 9, ""--corridor-radius"": 0.16, ""--no-plot"": null, ""--serve-box"": null}",111,True,active,0.082444,1.946032,0.078312,0.0,30.0,1.78,1.0,1.6,15.0,0.082444,1.704,2.96,
exp18_sensitivity,ablationtube_only__ballspeed9__corridorradius0.16__noplot__servebox,"{""--ablation"": ""tube_only"", ""--ball-speed"": 9, ""--corridor-radius"": 0.16, ""--no-plot"": null, ""--serve-box"": null}",120,True,active,0.113644,1.898702,0.109937,35.0,105.0,1.79,0.97,1.5,10.0,0.113644,1.789,1.72,
exp18_sensitivity,ablationtube_only__ballspeed9__corridorradius0.16__noplot__servebox,"{""--ablation"": ""tube_only"", ""--ball-speed"": 9, ""--corridor-radius"": 0.16, ""--no-plot"": null, ""--serve-box"": null}",115,True,active,0.079179,1.895356,0.05911,0.0,0.0,1.77,0.99,2.2,20.0,0.079179,1.745,2.54,
exp18_sensitivity,ablationtube_only__ballspeed9__corridorradius0.16__noplot__servebox,"{""--ablation"": ""tube_only"", ""--ball-speed"": 9, ""--corridor-radius"": 0.16, ""--no-plot"": null, ""--serve-box"": null}",122,True,active,0.113463,1.931183,0.112781,40.0,105.0,1.63,0.99,1.8,10.0,0.113463,1.634,1.64,
exp18_sensitivity,ablationtube_only__ballspeed9__corridorradius0.16__noplot__servebox,"{""--ablation"": ""tube_only"", ""--ball-speed"": 9, ""--corridor-radius"": 0.16, ""--no-plot"": null, ""--serve-box"": null}",124,True,active,0.082631,1.963128,0.075484,45.0,105.0,1.54,0.97,1.3,10.0,0.082631,1.469,1.54,
exp18_sensitivity,ablationtube_only__ballspeed9__corridorradius0.16__noplot__servebox,"{""--ablation"": ""tube_only"", ""--ball-speed"": 9, ""--corridor-radius"": 0.16, ""--no-plot"": null, ""--serve-box"": null}",113,False,miss,0.287731,1.919926,0.086271,0.0,0.0,1.08,0.99,1.2,0.0,0.287731,0.0,3.04,
exp18_sensitivity,ablationtube_only__ballspeed9__corridorradius0.16__noplot__servebox,"{""--ablation"": ""tube_only"", ""--ball-speed"": 9, ""--corridor-radius"": 0.16, ""--no-plot"": null, ""--serve-box"": null}",118,True,active,0.083781,1.972681,0.074382,40.0,105.0,1.68,0.98,1.5,10.0,0.083781,1.643,2.48,
exp18_sensitivity,ablationtube_only__ballspeed9__corridorradius0.16__noplot__servebox,"{""--ablation"": ""tube_only"", ""--ball-speed"": 9, ""--corridor-radius"": 0.16, ""--no-plot"": null, ""--serve-box"": null}",126,True,active,0.021553,1.929096,0.021553,0.0,0.0,1.91,0.94,2.0,25.0,0.021553,1.802,1.52,
exp18_sensitivity,ablationtube_only__ballspeed9__corridorradius0.16__noplot__servebox,"{""--ablation"": ""tube_only"", ""--ball-speed"": 9, ""--corridor-radius"": 0.16, ""--no-plot"": null, ""--serve-box"": null}",127,True,active,0.108007,1.756772,0.094807,0.0,0.0,1.8,1.0,1.9,20.0,0.108007,1.61,1.67,
exp18_sensitivity,ablationtube_only__ballspeed9__corridorradius0.16__noplot__servebox,"{""--ablation"": ""tube_only"", ""--ball-speed"": 9, ""--corridor-radius"": 0.16, ""--no-plot"": null, ""--serve-box"": null}",129,True,active,0.141889,1.926822,0.128318,35.0,105.0,1.17,1.0,1.8,5.0,0.141889,0.312,1.64,
exp18_sensitivity,ablationtube_only__ballspeed9__corridorradius0.16__noplot__servebox,"{""--ablation"": ""tube_only"", ""--ball-speed"": 9, ""--corridor-radius"": 0.16, ""--no-plot"": null, ""--serve-box"": null}",125,True,active,0.106956,1.940035,0.101485,0.0,0.0,1.73,0.99,1.8,15.0,0.106956,1.336,2.06,
exp18_sensitivity,ablationtube_only__ballspeed9__corridorradius0.16__noplot__servebox,"{""--ablation"": ""tube_only"", ""--ball-speed"": 9, ""--corridor-radius"": 0.16, ""--no-plot"": null, ""--serve-box"": null}",130,True,active,0.111466,1.912654,0.091283,0.0,0.0,1.78,0.99,1.9,20.0,0.111466,1.678,1.47,
exp18_sensitivity,ablationtube_only__ballspeed9__corridorradius0.16__noplot__servebox,"{""--ablation"": ""tube_only"", ""--ball-speed"": 9, ""--corridor-radius"": 0.16, ""--no-plot"": null, ""--serve-box"": null}",131,True,active,0.063016,1.941597,0.062336,40.0,105.0,1.8,0.98,1.7,5.0,0.063016,1.332,1.57,
exp18_sensitivity,ablationtube_only__ballspeed9__corridorradius0.16__noplot__servebox,"{""--ablation"": ""tube_only"", ""--ball-speed"": 9, ""--corridor-radius"": 0.16, ""--no-plot"": null, ""--serve-box"": null}",123,True,active,0.051335,1.964925,0.04938,50.0,105.0,1.54,0.98,1.3,5.0,0.051335,0.893,2.84,
exp18_sensitivity,ablationtube_only__ballspeed9__corridorradius0.16__noplot__servebox,"{""--ablation"": ""tube_only"", ""--ball-speed"": 9, ""--corridor-radius"": 0.16, ""--no-plot"": null, ""--serve-box"": null}",133,True,active,0.093962,1.968718,0.08457,40.0,105.0,1.75,1.0,1.5,10.0,0.093962,1.754,1.48,
exp18_sensitivity,ablationtube_only__ballspeed9__corridorradius0.16__noplot__servebox,"{""--ablation"": ""tube_only"", ""--ball-speed"": 9, ""--corridor-radius"": 0.16, ""--no-plot"": null, ""--serve-box"": null}",132,True,active,0.041861,1.94725,0.041861,50.0,105.0,1.43,1.0,1.6,0.0,0.041861,0.366,1.78,
exp18_sensitivity,ablationtube_only__ballspeed9__corridorradius0.16__noplot__servebox,"{""--ablation"": ""tube_only"", ""--ball-speed"": 9, ""--corridor-radius"": 0.16, ""--no-plot"": null, ""--serve-box"": null}",128,False,miss,0.33018,1.93502,0.161708,20.0,0.0,1.32,1.0,1.5,0.0,0.33018,0.0,2.62,
exp18_sensitivity,ablationtube_only__ballspeed9__corridorradius0.16__noplot__servebox,"{""--ablation"": ""tube_only"", ""--ball-speed"": 9, ""--corridor-radius"": 0.16, ""--no-plot"": null, ""--serve-box"": null}",135,False,miss,0.302135,1.93533,0.154697,20.0,0.0,1.28,1.0,1.5,0.0,0.302135,0.0,1.61,
exp18_sensitivity,ablationtube_only__ballspeed9__corridorradius0.16__noplot__servebox,"{""--ablation"": ""tube_only"", ""--ball-speed"": 9, ""--corridor-radius"": 0.16, ""--no-plot"": null, ""--serve-box"": null}",140,True,active,0.102239,1.95441,0.082979,40.0,105.0,1.73,0.99,1.8,15.0,0.102239,1.726,1.41,
exp18_sensitivity,ablationtube_only__ballspeed9__corridorradius0.16__noplot__servebox,"{""--ablation"": ""tube_only"", ""--ball-speed"": 9, ""--corridor-radius"": 0.16, ""--no-plot"": null, ""--serve-box"": null}",139,False,miss,0.326446,1.946111,0.134291,25.0,100.0,1.77,0.99,1.9,0.0,0.326446,0.0,1.64,
exp18_sensitivity,ablationtube_only__ballspeed9__corridorradius0.16__noplot__servebox,"{""--ablation"": ""tube_only"", ""--ball-speed"": 9, ""--corridor-radius"": 0.16, ""--no-plot"": null, ""--serve-box"": null}",141,True,active,0.097435,1.957202,0.070912,35.0,65.0,1.78,0.95,2.0,15.0,0.097435,1.782,1.47,
exp18_sensitivity,ablationtube_only__ballspeed9__corridorradius0.16__noplot__servebox,"{""--ablation"": ""tube_only"", ""--ball-speed"": 9, ""--corridor-radius"": 0.16, ""--no-plot"": null, ""--serve-box"": null}",142,True,active,0.050048,1.979565,0.027522,0.0,0.0,1.78,0.93,1.3,15.0,0.050048,1.732,1.41,
exp18_sensitivity,ablationtube_only__ballspeed9__corridorradius0.16__noplot__servebox,"{""--ablation"": ""tube_only"", ""--ball-speed"": 9, ""--corridor-radius"": 0.16, ""--no-plot"": null, ""--serve-box"": null}",146,True,active,0.110003,1.960978,0.098224,45.0,105.0,1.79,0.99,1.8,10.0,0.110003,1.786,1.35,
exp18_sensitivity,ablationtube_only__ballspeed9__corridorradius0.16__noplot__servebox,"{""--ablation"": ""tube_only"", ""--ball-speed"": 9, ""--corridor-radius"": 0.16, ""--no-plot"": null, ""--serve-box"": null}",147,True,active,0.075393,1.979721,0.072393,40.0,105.0,1.22,1.0,1.3,5.0,0.075393,0.59,1.45,
exp18_sensitivity,ablationtube_only__ballspeed9__corridorradius0.16__noplot__servebox,"{""--ablation"": ""tube_only"", ""--ball-speed"": 9, ""--corridor-radius"": 0.16, ""--no-plot"": null, ""--serve-box"": null}",144,True,active,0.129612,1.944317,0.126637,40.0,105.0,1.01,0.99,1.4,5.0,0.129612,0.616,2.12,
exp18_sensitivity,ablationtube_only__ballspeed9__corridorradius0.16__noplot__servebox,"{""--ablation"": ""tube_only"", ""--ball-speed"": 9, ""--corridor-radius"": 0.16, ""--no-plot"": null, ""--serve-box"": null}",148,True,active,0.113345,1.939791,0.099666,35.0,105.0,1.74,1.0,1.8,15.0,0.113345,1.604,1.53,
exp18_sensitivity,ablationtube_only__ballspeed9__corridorradius0.16__noplot__servebox,"{""--ablation"": ""tube_only"", ""--ball-speed"": 9, ""--corridor-radius"": 0.16, ""--no-plot"": null, ""--serve-box"": null}",134,False,miss,0.278671,1.9443,0.141249,0.0,0.0,1.15,0.99,1.1,0.0,0.278671,0.0,3.03,
exp18_sensitivity,ablationtube_only__ballspeed9__corridorradius0.16__noplot__servebox,"{""--ablation"": ""tube_only"", ""--ball-speed"": 9, ""--corridor-radius"": 0.16, ""--no-plot"": null, ""--serve-box"": null}",143,True,active,0.07973,1.961787,0.07973,40.0,105.0,1.79,0.97,1.8,10.0,0.07973,1.675,2.37,
exp18_sensitivity,ablationtube_only__ballspeed9__corridorradius0.16__noplot__servebox,"{""--ablation"": ""tube_only"", ""--ball-speed"": 9, ""--corridor-radius"": 0.16, ""--no-plot"": null, ""--serve-box"": null}",150,True,active,0.072653,1.957945,0.072653,40.0,105.0,1.4,0.99,1.2,5.0,0.072653,1.025,1.46,
exp18_sensitivity,ablationtube_only__ballspeed9__corridorradius0.16__noplot__servebox,"{""--ablation"": ""tube_only"", ""--ball-speed"": 9, ""--corridor-radius"": 0.16, ""--no-plot"": null, ""--serve-box"": null}",136,True,active,0.097559,1.949976,0.082585,40.0,95.0,1.48,0.99,1.2,10.0,0.097559,1.48,3.04,
exp18_sensitivity,ablationtube_only__ballspeed9__corridorradius0.16__noplot__servebox,"{""--ablation"": ""tube_only"", ""--ball-speed"": 9, ""--corridor-radius"": 0.16, ""--no-plot"": null, ""--serve-box"": null}",151,True,active,0.090647,1.956446,0.076471,40.0,105.0,1.8,0.99,1.6,15.0,0.090647,1.734,1.44,
exp18_sensitivity,ablationtube_only__ballspeed9__corridorradius0.16__noplot__servebox,"{""--ablation"": ""tube_only"", ""--ball-speed"": 9, ""--corridor-radius"": 0.16, ""--no-plot"": null, ""--serve-box"": null}",138,True,passive,0.031676,1.916258,0.031676,40.0,105.0,1.8,0.99,2.0,10.0,0.031676,0.234,2.94,
exp18_sensitivity,ablationtube_only__ballspeed9__corridorradius0.16__noplot__servebox,"{""--ablation"": ""tube_only"", ""--ball-speed"": 9, ""--corridor-radius"": 0.16, ""--no-plot"": null, ""--serve-box"": null}",137,False,miss,0.313387,1.895972,0.11316,0.0,0.0,1.64,1.0,1.8,0.0,0.313387,0.0,3.06,
exp18_sensitivity,ablationtube_only__ballspeed9__corridorradius0.16__noplot__servebox,"{""--ablation"": ""tube_only"", ""--ball-speed"": 9, ""--corridor-radius"": 0.16, ""--no-plot"": null, ""--serve-box"": null}",149,False,miss,0.333009,1.924131,0.155475,20.0,0.0,1.36,1.0,1.6,0.0,0.333009,0.0,1.63,
exp18_sensitivity,ablationtube_only__ballspeed9__corridorradius0.16__noplot__servebox,"{""--ablation"": ""tube_only"", ""--ball-speed"": 9, ""--corridor-radius"": 0.16, ""--no-plot"": null, ""--serve-box"": null}",154,False,miss,0.278764,1.943258,0.173253,10.0,0.0,1.6,1.0,2.1,0.0,0.278764,0.0,1.52,
exp18_sensitivity,ablationtube_only__ballspeed9__corridorradius0.16__noplot__servebox,"{""--ablation"": ""tube_only"", ""--ball-speed"": 9, ""--corridor-radius"": 0.16, ""--no-plot"": null, ""--serve-box"": null}",145,True,active,0.11346,1.922547,0.100783,0.0,0.0,1.79,1.0,2.1,15.0,0.11346,1.788,2.85,
exp18_sensitivity,ablationtube_only__ballspeed9__corridorradius0.16__noplot__servebox,"{""--ablation"": ""tube_only"", ""--ball-speed"": 9, ""--corridor-radius"": 0.16, ""--no-plot"": null, ""--serve-box"": null}",153,True,active,0.109438,1.934949,0.101516,40.0,105.0,1.8,1.0,1.8,10.0,0.109438,1.601,2.26,
exp18_sensitivity,ablationtube_only__ballspeed9__corridorradius0.16__noplot__servebox,"{""--ablation"": ""tube_only"", ""--ball-speed"": 9, ""--corridor-radius"": 0.16, ""--no-plot"": null, ""--serve-box"": null}",156,True,active,0.070884,1.967359,0.053286,35.0,85.0,1.6,0.98,1.5,20.0,0.070884,1.525,1.58,
exp18_sensitivity,ablationtube_only__ballspeed9__corridorradius0.16__noplot__servebox,"{""--ablation"": ""tube_only"", ""--ball-speed"": 9, ""--corridor-radius"": 0.16, ""--no-plot"": null, ""--serve-box"": null}",160,True,active,0.096647,1.924581,0.096647,40.0,105.0,1.43,0.99,1.6,5.0,0.096647,0.961,1.43,
exp18_sensitivity,ablationtube_only__ballspeed9__corridorradius0.16__noplot__servebox,"{""--ablation"": ""tube_only"", ""--ball-speed"": 9, ""--corridor-radius"": 0.16, ""--no-plot"": null, ""--serve-box"": null}",161,False,miss,0.318074,1.934304,0.128523,0.0,0.0,1.69,0.99,2.5,0.0,0.318074,0.0,1.43,
exp18_sensitivity,ablationtube_only__ballspeed9__corridorradius0.16__noplot__servebox,"{""--ablation"": ""tube_only"", ""--ball-speed"": 9, ""--corridor-radius"": 0.16, ""--no-plot"": null, ""--serve-box"": null}",159,True,active,0.08721,1.877159,0.08721,35.0,105.0,1.5,0.99,1.5,5.0,0.08721,0.74,1.58,
exp18_sensitivity,ablationtube_only__ballspeed9__corridorradius0.16__noplot__servebox,"{""--ablation"": ""tube_only"", ""--ball-speed"": 9, ""--corridor-radius"": 0.16, ""--no-plot"": null, ""--serve-box"": null}",162,True,active,0.080319,1.92881,0.069732,0.0,0.0,1.8,0.99,1.6,15.0,0.080319,1.665,1.57,
exp18_sensitivity,ablationtube_only__ballspeed9__corridorradius0.16__noplot__servebox,"{""--ablation"": ""tube_only"", ""--ball-speed"": 9, ""--corridor-radius"": 0.16, ""--no-plot"": null, ""--serve-box"": null}",166,True,active,0.103692,1.945276,0.07285,0.0,0.0,1.79,1.0,1.7,15.0,0.103692,1.762,1.45,
exp18_sensitivity,ablationtube_only__ballspeed9__corridorradius0.16__noplot__servebox,"{""--ablation"": ""tube_only"", ""--ball-speed"": 9, ""--corridor-radius"": 0.16, ""--no-plot"": null, ""--serve-box"": null}",163,True,active,0.142389,1.911387,0.132166,40.0,105.0,0.98,1.0,1.3,5.0,0.142389,0.707,1.57,
exp18_sensitivity,ablationtube_only__ballspeed9__corridorradius0.16__noplot__servebox,"{""--ablation"": ""tube_only"", ""--ball-speed"": 9, ""--corridor-radius"": 0.16, ""--no-plot"": null, ""--serve-box"": null}",152,True,active,0.087101,1.948258,0.0754,45.0,85.0,1.52,1.0,1.3,10.0,0.087101,1.198,2.84,
exp18_sensitivity,ablationtube_only__ballspeed9__corridorradius0.16__noplot__servebox,"{""--ablation"": ""tube_only"", ""--ball-speed"": 9, ""--corridor-radius"": 0.16, ""--no-plot"": null, ""--serve-box"": null}",164,True,active,0.065589,1.929239,0.044704,0.0,0.0,1.12,0.96,1.2,15.0,0.065589,0.923,1.72,
exp18_sensitivity,ablationtube_only__ballspeed9__corridorradius0.16__noplot__servebox,"{""--ablation"": ""tube_only"", ""--ball-speed"": 9, ""--corridor-radius"": 0.16, ""--no-plot"": null, ""--serve-box"": null}",165,True,active,0.118297,1.939559,0.109757,40.0,95.0,1.32,0.97,1.5,0.0,0.118297,0.518,2.17,
exp18_sensitivity,ablationtube_only__ballspeed9__corridorradius0.16__noplot__servebox,"{""--ablation"": ""tube_only"", ""--ball-speed"": 9, ""--corridor-radius"": 0.16, ""--no-plot"": null, ""--serve-box"": null}",157,True,active,0.097852,1.906987,0.065172,0.0,0.0,1.77,0.96,1.8,15.0,0.097852,1.761,2.77,
exp18_sensitivity,ablationtube_only__ballspeed9__corridorradius0.16__noplot__servebox,"{""--ablation"": ""tube_only"", ""--ball-speed"": 9, ""--corridor-radius"": 0.16, ""--no-plot"": null, ""--serve-box"": null}",168,True,active,0.095596,1.94383,0.072469,0.0,0.0,1.8,0.99,2.1,20.0,0.095596,1.782,1.77,
exp18_sensitivity,ablationtube_only__ballspeed9__corridorradius0.16__noplot__servebox,"{""--ablation"": ""tube_only"", ""--ball-speed"": 9, ""--corridor-radius"": 0.16, ""--no-plot"": null, ""--serve-box"": null}",155,True,active,0.078264,1.947307,0.073745,0.0,0.0,1.79,1.0,1.8,15.0,0.078264,1.794,3.15,
exp18_sensitivity,ablationtube_only__ballspeed9__corridorradius0.16__noplot__servebox,"{""--ablation"": ""tube_only"", ""--ball-speed"": 9, ""--corridor-radius"": 0.16, ""--no-plot"": null, ""--serve-box"": null}",171,True,active,0.119237,1.933371,0.118179,35.0,105.0,1.25,1.0,1.1,0.0,0.119237,0.416,1.48,
exp18_sensitivity,ablationtube_only__ballspeed9__corridorradius0.16__noplot__servebox,"{""--ablation"": ""tube_only"", ""--ball-speed"": 9, ""--corridor-radius"": 0.16, ""--no-plot"": null, ""--serve-box"": null}",158,True,active,0.11125,1.948227,0.11125,35.0,105.0,1.41,0.99,1.5,0.0,0.11125,0.822,3.0,
exp18_sensitivity,ablationtube_only__ballspeed9__corridorradius0.16__noplot__servebox,"{""--ablation"": ""tube_only"", ""--ball-speed"": 9, ""--corridor-radius"": 0.16, ""--no-plot"": null, ""--serve-box"": null}",172,True,active,0.081738,1.971345,0.065482,45.0,105.0,1.74,0.96,1.3,10.0,0.081738,1.497,1.48,
exp18_sensitivity,ablationtube_only__ballspeed9__corridorradius0.16__noplot__servebox,"{""--ablation"": ""tube_only"", ""--ball-speed"": 9, ""--corridor-radius"": 0.16, ""--no-plot"": null, ""--serve-box"": null}",173,True,active,0.092098,1.921938,0.081918,45.0,105.0,1.73,0.98,1.9,10.0,0.092098,1.732,1.44,
exp18_sensitivity,ablationtube_only__ballspeed9__corridorradius0.16__noplot__servebox,"{""--ablation"": ""tube_only"", ""--ball-speed"": 9, ""--corridor-radius"": 0.16, ""--no-plot"": null, ""--serve-box"": null}",176,False,miss,0.287637,1.913002,0.205041,0.0,0.0,1.04,1.0,1.5,0.0,0.287637,0.0,1.44,
exp18_sensitivity,ablationtube_only__ballspeed9__corridorradius0.16__noplot__servebox,"{""--ablation"": ""tube_only"", ""--ball-speed"": 9, ""--corridor-radius"": 0.16, ""--no-plot"": null, ""--serve-box"": null}",177,True,active,0.130526,1.91017,0.117798,10.0,50.0,1.54,1.0,1.6,15.0,0.130526,1.487,1.51,
exp18_sensitivity,ablationtube_only__ballspeed9__corridorradius0.16__noplot__servebox,"{""--ablation"": ""tube_only"", ""--ball-speed"": 9, ""--corridor-radius"": 0.16, ""--no-plot"": null, ""--serve-box"": null}",167,True,active,0.115045,1.931384,0.093531,40.0,105.0,1.48,1.0,1.8,15.0,0.115045,1.267,2.88,
exp18_sensitivity,ablationtube_only__ballspeed9__corridorradius0.16__noplot__servebox,"{""--ablation"": ""tube_only"", ""--ball-speed"": 9, ""--corridor-radius"": 0.16, ""--no-plot"": null, ""--serve-box"": null}",175,True,active,0.134588,1.935002,0.128385,35.0,105.0,1.4,1.0,1.3,5.0,0.134588,1.095,1.87,
exp18_sensitivity,ablationtube_only__ballspeed9__corridorradius0.16__noplot__servebox,"{""--ablation"": ""tube_only"", ""--ball-speed"": 9, ""--corridor-radius"": 0.16, ""--no-plot"": null, ""--serve-box"": null}",170,True,active,0.058706,1.924248,0.05437,0.0,45.0,1.8,1.0,1.9,25.0,0.058706,1.727,2.41,
exp18_sensitivity,ablationtube_only__ballspeed9__corridorradius0.16__noplot__servebox,"{""--ablation"": ""tube_only"", ""--ball-speed"": 9, ""--corridor-radius"": 0.16, ""--no-plot"": null, ""--serve-box"": null}",178,True,active,0.024076,1.965779,0.024076,40.0,105.0,1.79,1.0,1.8,15.0,0.024076,1.783,2.01,
exp18_sensitivity,ablationtube_only__ballspeed9__corridorradius0.16__noplot__servebox,"{""--ablation"": ""tube_only"", ""--ball-speed"": 9, ""--corridor-radius"": 0.16, ""--no-plot"": null, ""--serve-box"": null}",174,True,active,0.032791,1.948395,0.032791,0.0,0.0,1.8,0.99,1.8,20.0,0.032791,1.804,2.59,
exp18_sensitivity,ablationtube_only__ballspeed9__corridorradius0.16__noplot__servebox,"{""--ablation"": ""tube_only"", ""--ball-speed"": 9, ""--corridor-radius"": 0.16, ""--no-plot"": null, ""--serve-box"": null}",182,True,active,0.069857,1.966038,0.06243,35.0,105.0,1.79,0.91,1.4,15.0,0.069857,1.788,1.54,
exp18_sensitivity,ablationtube_only__ballspeed9__corridorradius0.16__noplot__servebox,"{""--ablation"": ""tube_only"", ""--ball-speed"": 9, ""--corridor-radius"": 0.16, ""--no-plot"": null, ""--serve-box"": null}",169,True,active,0.088119,1.974265,0.035254,0.0,0.0,1.79,0.99,1.9,20.0,0.088119,1.78,3.02,
exp18_sensitivity,ablationtube_only__ballspeed9__corridorradius0.16__noplot__servebox,"{""--ablation"": ""tube_only"", ""--ball-speed"": 9, ""--corridor-radius"": 0.16, ""--no-plot"": null, ""--serve-box"": null}",181,False,miss,0.239764,1.93028,0.144888,25.0,105.0,1.05,1.0,1.6,0.0,0.239764,0.0,1.79,
exp18_sensitivity,ablationtube_only__ballspeed9__corridorradius0.16__noplot__servebox,"{""--ablation"": ""tube_only"", ""--ball-speed"": 9, ""--corridor-radius"": 0.16, ""--no-plot"": null, ""--serve-box"": null}",179,True,passive,0.056062,1.969442,0.056062,50.0,105.0,1.13,1.0,1.0,0.0,0.056062,0.189,2.11,
exp18_sensitivity,ablationtube_only__ballspeed9__corridorradius0.16__noplot__servebox,"{""--ablation"": ""tube_only"", ""--ball-speed"": 9, ""--corridor-radius"": 0.16, ""--no-plot"": null, ""--serve-box"": null}",185,True,active,0.092149,1.952254,0.078094,0.0,5.0,1.78,0.97,1.8,15.0,0.092149,1.762,1.48,
exp18_sensitivity,ablationtube_only__ballspeed9__corridorradius0.16__noplot__servebox,"{""--ablation"": ""tube_only"", ""--ball-speed"": 9, ""--corridor-radius"": 0.16, ""--no-plot"": null, ""--serve-box"": null}",186,True,active,0.119724,1.968557,0.109208,35.0,105.0,1.19,1.0,1.2,10.0,0.119724,1.176,1.46,
exp18_sensitivity,ablationtube_only__ballspeed9__corridorradius0.16__noplot__servebox,"{""--ablation"": ""tube_only"", ""--ball-speed"": 9, ""--corridor-radius"": 0.16, ""--no-plot"": null, ""--serve-box"": null}",184,True,passive,0.06405,1.935157,0.06405,45.0,105.0,1.45,0.99,1.4,5.0,0.06405,0.206,1.56,
exp18_sensitivity,ablationtube_only__ballspeed9__corridorradius0.16__noplot__servebox,"{""--ablation"": ""tube_only"", ""--ball-speed"": 9, ""--corridor-radius"": 0.16, ""--no-plot"": null, ""--serve-box"": null}",189,True,active,0.080903,1.938147,0.080903,35.0,105.0,1.74,0.99,1.8,10.0,0.080903,1.674,1.54,
exp18_sensitivity,ablationtube_only__ballspeed9__corridorradius0.16__noplot__servebox,"{""--ablation"": ""tube_only"", ""--ball-speed"": 9, ""--corridor-radius"": 0.16, ""--no-plot"": null, ""--serve-box"": null}",190,True,active,0.086959,1.958669,0.07052,40.0,105.0,1.52,1.0,1.6,10.0,0.086959,1.523,1.59,
exp18_sensitivity,ablationtube_only__ballspeed9__corridorradius0.16__noplot__servebox,"{""--ablation"": ""tube_only"", ""--ball-speed"": 9, ""--corridor-radius"": 0.16, ""--no-plot"": null, ""--serve-box"": null}",187,True,active,0.10071,1.940422,0.079347,0.0,0.0,1.78,1.0,2.0,15.0,0.10071,1.772,2.16,
exp18_sensitivity,ablationtube_only__ballspeed9__corridorradius0.16__noplot__servebox,"{""--ablation"": ""tube_only"", ""--ball-speed"": 9, ""--corridor-radius"": 0.16, ""--no-plot"": null, ""--serve-box"": null}",191,True,active,0.105417,1.970202,0.085559,35.0,65.0,1.65,0.99,1.8,15.0,0.105417,1.508,1.58,
exp18_sensitivity,ablationtube_only__ballspeed9__corridorradius0.16__noplot__servebox,"{""--ablation"": ""tube_only"", ""--ball-speed"": 9, ""--corridor-radius"": 0.16, ""--no-plot"": null, ""--serve-box"": null}",180,True,active,0.05024,1.95388,0.043139,0.0,0.0,1.61,0.99,1.6,15.0,0.05024,1.502,3.06,
exp18_sensitivity,ablationtube_only__ballspeed9__corridorradius0.16__noplot__servebox,"{""--ablation"": ""tube_only"", ""--ball-speed"": 9, ""--corridor-radius"": 0.16, ""--no-plot"": null, ""--serve-box"": null}",183,True,active,0.111735,1.947576,0.111081,35.0,105.0,1.78,1.0,1.9,10.0,0.111735,1.72,2.96,
exp18_sensitivity,ablationtube_only__ballspeed9__corridorradius0.16__noplot__servebox,"{""--ablation"": ""tube_only"", ""--ball-speed"": 9, ""--corridor-radius"": 0.16, ""--no-plot"": null, ""--serve-box"": null}",193,True,active,0.105965,1.965135,0.0903,45.0,105.0,1.8,0.98,1.7,10.0,0.105965,1.772,1.66,
exp18_sensitivity,ablationtube_only__ballspeed9__corridorradius0.16__noplot__servebox,"{""--ablation"": ""tube_only"", ""--ball-speed"": 9, ""--corridor-radius"": 0.16, ""--no-plot"": null, ""--serve-box"": null}",196,False,miss,0.344867,1.917999,0.119397,0.0,0.0,1.79,0.99,1.8,0.0,0.344867,0.0,1.66,
exp18_sensitivity,ablationtube_only__ballspeed9__corridorradius0.16__noplot__servebox,"{""--ablation"": ""tube_only"", ""--ball-speed"": 9, ""--corridor-radius"": 0.16, ""--no-plot"": null, ""--serve-box"": null}",192,True,active,0.026656,1.986123,0.026656,40.0,105.0,1.65,1.0,1.7,10.0,0.026656,1.583,2.16,
exp18_sensitivity,ablationtube_only__ballspeed9__corridorradius0.16__noplot__servebox,"{""--ablation"": ""tube_only"", ""--ball-speed"": 9, ""--corridor-radius"": 0.16, ""--no-plot"": null, ""--serve-box"": null}",199,True,active,0.09477,1.939967,0.066058,0.0,0.0,1.57,1.0,1.9,15.0,0.09477,1.564,1.65,
exp18_sensitivity,ablationtube_only__ballspeed9__corridorradius0.16__noplot__servebox,"{""--ablation"": ""tube_only"", ""--ball-speed"": 9, ""--corridor-radius"": 0.16, ""--no-plot"": null, ""--serve-box"": null}",198,True,active,0.127361,1.958667,0.123524,35.0,105.0,1.41,0.98,1.4,5.0,0.127361,1.024,1.68,
exp18_sensitivity,ablationtube_only__ballspeed9__corridorradius0.16__noplot__servebox,"{""--ablation"": ""tube_only"", ""--ball-speed"": 9, ""--corridor-radius"": 0.16, ""--no-plot"": null, ""--serve-box"": null}",195,True,active,0.108751,1.97363,0.108069,35.0,105.0,1.42,0.99,1.4,10.0,0.108751,1.414,1.92,
exp18_sensitivity,ablationtube_only__ballspeed9__corridorradius0.16__noplot__servebox,"{""--ablation"": ""tube_only"", ""--ball-speed"": 9, ""--corridor-radius"": 0.16, ""--no-plot"": null, ""--serve-box"": null}",188,True,active,0.076692,1.928991,0.076692,45.0,105.0,1.43,0.99,1.8,5.0,0.076692,0.874,3.02,
exp18_sensitivity,ablationtube_only__ballspeed9__corridorradius0.16__noplot__servebox,"{""--ablation"": ""tube_only"", ""--ball-speed"": 9, ""--corridor-radius"": 0.16, ""--no-plot"": null, ""--serve-box"": null}",197,True,active,0.090867,1.92301,0.085108,35.0,105.0,1.79,0.99,1.7,15.0,0.090867,1.786,1.92,
exp18_sensitivity,ablationnone__ballspeed9__noplot__servebox,"{""--ablation"": ""none"", ""--ball-speed"": 9, ""--no-plot"": null, ""--serve-box"": null}",1,True,active,0.056345,1.946711,0.045804,0.0,0.0,1.79,1.0,1.6,20.0,0.056345,1.789,1.66,
exp18_sensitivity,ablationnone__ballspeed9__noplot__servebox,"{""--ablation"": ""none"", ""--ball-speed"": 9, ""--no-plot"": null, ""--serve-box"": null}",2,True,active,0.0914,1.980466,0.067024,40.0,0.0,1.65,0.99,1.1,15.0,0.0914,1.117,1.52,
exp18_sensitivity,ablationtube_only__ballspeed9__corridorradius0.16__noplot__servebox,"{""--ablation"": ""tube_only"", ""--ball-speed"": 9, ""--corridor-radius"": 0.16, ""--no-plot"": null, ""--serve-box"": null}",194,True,active,0.095623,1.966691,0.079164,40.0,105.0,1.79,0.98,1.8,15.0,0.095623,1.697,2.92,
exp18_sensitivity,ablationtube_only__ballspeed9__corridorradius0.16__noplot__servebox,"{""--ablation"": ""tube_only"", ""--ball-speed"": 9, ""--corridor-radius"": 0.16, ""--no-plot"": null, ""--serve-box"": null}",200,False,miss,0.29383,1.914163,0.098542,0.0,0.0,1.77,0.99,1.6,0.0,0.29383,0.0,2.92,
exp18_sensitivity,ablationnone__ballspeed9__noplot__servebox,"{""--ablation"": ""none"", ""--ball-speed"": 9, ""--no-plot"": null, ""--serve-box"": null}",6,True,active,0.041667,1.963245,0.041667,35.0,0.0,1.8,0.99,1.8,10.0,0.041667,1.752,1.72,
exp18_sensitivity,ablationnone__ballspeed9__noplot__servebox,"{""--ablation"": ""none"", ""--ball-speed"": 9, ""--no-plot"": null, ""--serve-box"": null}",10,True,active,0.063642,1.965808,0.033176,40.0,0.0,1.72,0.99,1.7,10.0,0.063642,1.724,1.48,
exp18_sensitivity,ablationnone__ballspeed9__noplot__servebox,"{""--ablation"": ""none"", ""--ball-speed"": 9, ""--no-plot"": null, ""--serve-box"": null}",11,True,active,0.109392,1.87789,0.107896,35.0,0.0,1.38,0.99,1.2,10.0,0.109392,0.809,1.49,
exp18_sensitivity,ablationnone__ballspeed9__noplot__servebox,"{""--ablation"": ""none"", ""--ball-speed"": 9, ""--no-plot"": null, ""--serve-box"": null}",9,True,active,0.094524,1.939047,0.063607,50.0,0.0,1.28,1.0,1.3,5.0,0.094524,0.759,1.66,
exp18_sensitivity,ablationnone__ballspeed9__noplot__servebox,"{""--ablation"": ""none"", ""--ball-speed"": 9, ""--no-plot"": null, ""--serve-box"": null}",12,True,active,0.076772,1.961254,0.037698,0.0,0.0,1.41,1.0,1.4,15.0,0.076772,0.963,1.57,
exp18_sensitivity,ablationnone__ballspeed9__noplot__servebox,"{""--ablation"": ""none"", ""--ball-speed"": 9, ""--no-plot"": null, ""--serve-box"": null}",21,,,,,,,,,,,,,,0.21,no_result
exp18_sensitivity,ablationnone__ballspeed9__noplot__servebox,"{""--ablation"": ""none"", ""--ball-speed"": 9, ""--no-plot"": null, ""--serve-box"": null}",8,False,miss,0.191065,1.906671,0.175849,10.0,0.0,1.45,1.0,1.6,0.0,0.191065,0.0,1.86,
exp18_sensitivity,ablationnone__ballspeed9__noplot__servebox,"{""--ablation"": ""none"", ""--ball-speed"": 9, ""--no-plot"": null, ""--serve-box"": null}",20,,,,,,,,,,,,,,0.28,no_result
exp18_sensitivity,ablationnone__ballspeed9__noplot__servebox,"{""--ablation"": ""none"", ""--ball-speed"": 9, ""--no-plot"": null, ""--serve-box"": null}",3,True,active,0.101632,1.933792,0.034245,0.0,0.0,1.46,1.0,1.7,20.0,0.101632,0.823,2.73,
exp18_sensitivity,ablationnone__ballspeed9__noplot__servebox,"{""--ablation"": ""none"", ""--ball-speed"": 9, ""--no-plot"": null, ""--serve-box"": null}",14,True,active,0.103945,1.951178,0.070166,45.0,0.0,1.35,1.0,1.6,10.0,0.103945,1.209,1.76,
exp18_sensitivity,ablationnone__ballspeed9__noplot__servebox,"{""--ablation"": ""none"", ""--ball-speed"": 9, ""--no-plot"": null, ""--serve-box"": null}",13,False,miss,0.258967,1.883136,0.092805,0.0,0.0,1.8,0.98,1.3,0.0,0.258967,0.0,2.0,
exp18_sensitivity,ablationnone__ballspeed9__noplot__servebox,"{""--ablation"": ""none"", ""--ball-speed"": 9, ""--no-plot"": null, ""--serve-box"": null}",4,True,active,0.113372,1.942406,0.073817,45.0,0.0,1.27,1.0,1.1,10.0,0.113372,0.731,3.0,
exp18_sensitivity,ablationnone__ballspeed9__noplot__servebox,"{""--ablation"": ""none"", ""--ball-speed"": 9, ""--no-plot"": null, ""--serve-box"": null}",16,True,active,0.047939,2.020466,0.047939,0.0,0.0,1.79,0.99,1.5,15.0,0.047939,1.473,1.74,
exp18_sensitivity,ablationnone__ballspeed9__noplot__servebox,"{""--ablation"": ""none"", ""--ball-speed"": 9, ""--no-plot"": null, ""--serve-box"": null}",15,True,active,0.096965,1.956504,0.069954,45.0,0.0,1.63,1.0,1.1,15.0,0.096965,0.858,1.82,
exp18_sensitivity,ablationnone__ballspeed9__noplot__servebox,"{""--ablation"": ""none"", ""--ball-speed"": 9, ""--no-plot"": null, ""--serve-box"": null}",7,True,active,0.076035,1.98018,0.019934,50.0,0.0,1.79,1.0,1.4,10.0,0.076035,1.79,2.68,
exp18_sensitivity,ablationnone__ballspeed9__noplot__servebox,"{""--ablation"": ""none"", ""--ball-speed"": 9, ""--no-plot"": null, ""--serve-box"": null}",5,False,miss,0.302049,1.95578,0.094482,0.0,0.0,1.37,1.0,1.2,0.0,0.302049,0.0,3.02,
exp18_sensitivity,ablationnone__ballspeed9__noplot__servebox,"{""--ablation"": ""none"", ""--ball-speed"": 9, ""--no-plot"": null, ""--serve-box"": null}",18,True,active,0.079494,1.973642,0.026104,45.0,0.0,1.66,1.0,1.7,10.0,0.079494,1.66,1.53,
exp18_sensitivity,ablationnone__ballspeed9__noplot__servebox,"{""--ablation"": ""none"", ""--ball-speed"": 9, ""--no-plot"": null, ""--serve-box"": null}",19,True,active,0.093229,1.966529,0.028792,0.0,0.0,1.51,0.99,1.1,15.0,0.093229,1.449,1.48,
exp18_sensitivity,ablationnone__ballspeed9__noplot__servebox,"{""--ablation"": ""none"", ""--ball-speed"": 9, ""--no-plot"": null, ""--serve-box"": null}",17,True,active,0.090855,1.919206,0.090855,40.0,0.0,1.58,0.97,1.4,5.0,0.090855,0.835,2.03,
exp18_sensitivity,ablationnone__ballspeed9__noplot__servebox,"{""--ablation"": ""none"", ""--ball-speed"": 9, ""--no-plot"": null, ""--serve-box"": null}",27,True,active,0.029988,1.977935,0.029988,40.0,0.0,1.66,1.0,1.6,5.0,0.029988,0.749,1.64,
exp18_sensitivity,ablationnone__ballspeed9__noplot__servebox,"{""--ablation"": ""none"", ""--ball-speed"": 9, ""--no-plot"": null, ""--serve-box"": null}",25,False,miss,0.170541,1.876711,0.151651,0.0,0.0,1.72,1.0,1.7,0.0,0.170541,0.0,1.84,
exp18_sensitivity,ablationnone__ballspeed9__noplot__servebox,"{""--ablation"": ""none"", ""--ball-speed"": 9, ""--no-plot"": null, ""--serve-box"": null}",23,True,active,0.107985,1.938745,0.10616,35.0,0.0,1.32,0.99,1.4,10.0,0.107985,1.302,1.95,
exp18_sensitivity,ablationnone__ballspeed9__noplot__servebox,"{""--ablation"": ""none"", ""--ball-speed"": 9, ""--no-plot"": null, ""--serve-box"": null}",26,True,active,0.038576,1.974776,0.038576,0.0,0.0,1.8,1.0,1.5,20.0,0.038576,1.755,1.98,
exp18_sensitivity,ablationnone__ballspeed9__noplot__servebox,"{""--ablation"": ""none"", ""--ball-speed"": 9, ""--no-plot"": null, ""--serve-box"": null}",29,True,active,0.032211,1.829229,0.032211,45.0,0.0,1.74,0.99,2.1,0.0,0.032211,0.819,1.69,
exp18_sensitivity,ablationnone__ballspeed9__noplot__servebox,"{""--ablation"": ""none"", ""--ball-speed"": 9, ""--no-plot"": null, ""--serve-box"": null}",30,False,miss,0.331062,2.014312,0.100187,0.0,0.0,1.78,1.0,1.7,0.0,0.331062,0.0,1.65,
exp18_sensitivity,ablationnone__ballspeed9__noplot__servebox,"{""--ablation"": ""none"", ""--ball-speed"": 9, ""--no-plot"": null, ""--serve-box"": null}",32,True,active,0.103773,1.918402,0.077763,50.0,0.0,1.26,1.0,1.2,5.0,0.103773,0.388,1.57,
exp18_sensitivity,ablationnone__ballspeed9__noplot__servebox,"{""--ablation"": ""none"", ""--ball-speed"": 9, ""--no-plot"": null, ""--serve-box"": null}",28,False,miss,0.301522,1.990643,0.103434,0.0,0.0,1.61,0.99,1.2,0.0,0.301522,0.0,2.15,
exp18_sensitivity,ablationnone__ballspeed9__noplot__servebox,"{""--ablation"": ""none"", ""--ball-speed"": 9, ""--no-plot"": null, ""--serve-box"": null}",22,True,active,0.057752,1.923803,0.025463,0.0,0.0,1.77,0.99,1.3,15.0,0.057752,1.721,2.73,
exp18_sensitivity,ablationnone__ballspeed9__noplot__servebox,"{""--ablation"": ""none"", ""--ball-speed"": 9, ""--no-plot"": null, ""--serve-box"": null}",35,False,miss,0.316662,1.903572,0.122283,0.0,0.0,1.31,0.99,1.6,0.0,0.316662,0.0,1.53,
exp18_sensitivity,ablationnone__ballspeed9__noplot__servebox,"{""--ablation"": ""none"", ""--ball-speed"": 9, ""--no-plot"": null, ""--serve-box"": null}",24,True,active,0.081582,1.944779,0.078428,40.0,0.0,1.81,1.0,1.5,15.0,0.081582,1.251,3.0,
exp18_sensitivity,ablationnone__ballspeed9__noplot__servebox,"{""--ablation"": ""none"", ""--ball-speed"": 9, ""--no-plot"": null, ""--serve-box"": null}",37,True,active,0.04033,1.995297,0.009437,0.0,0.0,1.66,1.0,1.7,10.0,0.04033,1.661,1.59,
exp18_sensitivity,ablationnone__ballspeed9__noplot__servebox,"{""--ablation"": ""none"", ""--ball-speed"": 9, ""--no-plot"": null, ""--serve-box"": null}",33,True,active,0.125045,1.950037,0.087253,45.0,0.0,1.35,1.0,1.4,10.0,0.125045,0.563,2.53,
exp18_sensitivity,ablationnone__ballspeed9__noplot__servebox,"{""--ablation"": ""none"", ""--ball-speed"": 9, ""--no-plot"": null, ""--serve-box"": null}",36,True,active,0.119603,1.960268,0.104265,40.0,0.0,1.25,1.0,1.1,5.0,0.119603,0.702,2.03,
exp18_sensitivity,ablationnone__ballspeed9__noplot__servebox,"{""--ablation"": ""none"", ""--ball-speed"": 9, ""--no-plot"": null, ""--serve-box"": null}",38,True,active,0.090646,1.954148,0.051676,50.0,0.0,1.27,0.99,1.3,10.0,0.090646,1.155,1.5,
exp18_sensitivity,ablationnone__ballspeed9__noplot__servebox,"{""--ablation"": ""none"", ""--ball-speed"": 9, ""--no-plot"": null, ""--serve-box"": null}",31,False,miss,0.31925,1.929066,0.214906,0.0,0.0,1.12,0.99,1.3,0.0,0.31925,0.0,2.96,
exp18_sensitivity,ablationnone__ballspeed9__noplot__servebox,"{""--ablation"": ""none"", ""--ball-speed"": 9, ""--no-plot"": null, ""--serve-box"": null}",39,True,active,0.093892,1.897449,0.088409,45.0,0.0,1.74,0.99,1.6,5.0,0.093892,0.875,1.69,
exp18_sensitivity,ablationnone__ballspeed9__noplot__servebox,"{""--ablation"": ""none"", ""--ball-speed"": 9, ""--no-plot"": null, ""--serve-box"": null}",34,True,active,0.102874,1.951026,0.057783,45.0,0.0,1.19,1.0,1.2,10.0,0.102874,0.811,2.89,
exp18_sensitivity,ablationnone__ballspeed9__noplot__servebox,"{""--ablation"": ""none"", ""--ball-speed"": 9, ""--no-plot"": null, ""--serve-box"": null}",45,True,active,0.07024,1.976097,0.023748,50.0,0.0,1.79,1.0,1.5,10.0,0.07024,1.788,1.44,
exp18_sensitivity,ablationnone__ballspeed9__noplot__servebox,"{""--ablation"": ""none"", ""--ball-speed"": 9, ""--no-plot"": null, ""--serve-box"": null}",40,True,active,0.046658,1.960363,0.028947,45.0,0.0,1.72,1.0,1.8,10.0,0.046658,1.716,2.04,
exp18_sensitivity,ablationnone__ballspeed9__noplot__servebox,"{""--ablation"": ""none"", ""--ball-speed"": 9, ""--no-plot"": null, ""--serve-box"": null}",43,True,active,0.133283,1.89376,0.120506,35.0,0.0,1.78,0.99,2.0,15.0,0.133283,1.474,2.14,
exp18_sensitivity,ablationnone__ballspeed9__noplot__servebox,"{""--ablation"": ""none"", ""--ball-speed"": 9, ""--no-plot"": null, ""--serve-box"": null}",44,True,active,0.080092,1.905311,0.080092,0.0,0.0,1.8,1.0,1.8,15.0,0.080092,1.735,2.12,
exp18_sensitivity,ablationnone__ballspeed9__noplot__servebox,"{""--ablation"": ""none"", ""--ball-speed"": 9, ""--no-plot"": null, ""--serve-box"": null}",41,True,passive,0.086263,1.926089,0.083086,35.0,0.0,1.8,1.0,2.0,15.0,0.086263,0.223,2.45,
exp18_sensitivity,ablationnone__ballspeed9__noplot__servebox,"{""--ablation"": ""none"", ""--ball-speed"": 9, ""--no-plot"": null, ""--serve-box"": null}",49,True,active,0.088668,1.973793,0.085829,40.0,0.0,1.72,0.97,1.9,10.0,0.088668,1.534,1.49,
exp18_sensitivity,ablationnone__ballspeed9__noplot__servebox,"{""--ablation"": ""none"", ""--ball-speed"": 9, ""--no-plot"": null, ""--serve-box"": null}",48,True,active,0.102985,1.954129,0.057188,45.0,0.0,1.22,1.0,1.2,5.0,0.102985,0.757,1.68,
exp18_sensitivity,ablationnone__ballspeed9__noplot__servebox,"{""--ablation"": ""none"", ""--ball-speed"": 9, ""--no-plot"": null, ""--serve-box"": null}",47,True,active,0.065723,1.877404,0.065723,40.0,0.0,1.38,1.0,1.3,5.0,0.065723,0.936,2.09,
exp18_sensitivity,ablationnone__ballspeed9__noplot__servebox,"{""--ablation"": ""none"", ""--ball-speed"": 9, ""--no-plot"": null, ""--serve-box"": null}",50,True,active,0.057608,1.909722,0.057608,15.0,0.0,1.78,1.0,1.8,15.0,0.057608,1.769,1.53,
exp18_sensitivity,ablationnone__ballspeed9__noplot__servebox,"{""--ablation"": ""none"", ""--ball-speed"": 9, ""--no-plot"": null, ""--serve-box"": null}",52,False,miss,0.305231,1.930324,0.134925,10.0,0.0,0.97,1.0,1.0,0.0,0.305231,0.0,1.51,
exp18_sensitivity,ablationnone__ballspeed9__noplot__servebox,"{""--ablation"": ""none"", ""--ball-speed"": 9, ""--no-plot"": null, ""--serve-box"": null}",51,True,active,0.10848,1.944385,0.056596,30.0,0.0,1.54,1.0,2.2,15.0,0.10848,1.516,1.57,
exp18_sensitivity,ablationnone__ballspeed9__noplot__servebox,"{""--ablation"": ""none"", ""--ball-speed"": 9, ""--no-plot"": null, ""--serve-box"": null}",42,True,active,0.063957,1.934816,0.050344,15.0,0.0,1.3,1.0,1.5,15.0,0.063957,0.635,2.84,
exp18_sensitivity,ablationnone__ballspeed9__noplot__servebox,"{""--ablation"": ""none"", ""--ball-speed"": 9, ""--no-plot"": null, ""--serve-box"": null}",54,True,active,0.051937,1.982058,0.051937,0.0,0.0,1.47,1.0,1.5,20.0,0.051937,1.101,1.57,
exp18_sensitivity,ablationnone__ballspeed9__noplot__servebox,"{""--ablation"": ""none"", ""--ball-speed"": 9, ""--no-plot"": null, ""--serve-box"": null}",46,True,active,0.006927,1.945795,0.006927,45.0,0.0,1.29,0.98,1.5,5.0,0.006927,0.358,2.73,
exp18_sensitivity,ablationnone__ballspeed9__noplot__servebox,"{""--ablation"": ""none"", ""--ball-speed"": 9, ""--no-plot"": null, ""--serve-box"": null}",56,False,miss,0.331034,1.953172,0.102189,0.0,0.0,1.78,1.0,2.3,0.0,0.331034,0.0,1.58,
exp18_sensitivity,ablationnone__ballspeed9__noplot__servebox,"{""--ablation"": ""none"", ""--ball-speed"": 9, ""--no-plot"": null, ""--serve-box"": null}",60,False,miss,0.304284,1.930195,0.137556,25.0,0.0,1.25,1.0,1.3,0.0,0.304284,0.0,1.52,
exp18_sensitivity,ablationnone__ballspeed9__noplot__servebox,"{""--ablation"": ""none"", ""--ball-speed"": 9, ""--no-plot"": null, ""--serve-box"": null}",61,True,active,0.116456,1.927886,0.066382,45.0,0.0,1.27,1.0,1.1,10.0,0.116456,1.087,1.55,
exp18_sensitivity,ablationnone__ballspeed9__noplot__servebox,"{""--ablation"": ""none"", ""--ball-speed"": 9, ""--no-plot"": null, ""--serve-box"": null}",62,True,active,0.078171,1.952326,0.065012,35.0,0.0,1.32,1.0,1.1,10.0,0.078171,1.123,1.54,
exp18_sensitivity,ablationnone__ballspeed9__noplot__servebox,"{""--ablation"": ""none"", ""--ball-speed"": 9, ""--no-plot"": null, ""--serve-box"": null}",55,False,miss,0.295703,1.959828,0.113366,35.0,0.0,1.26,0.99,1.1,0.0,0.295703,0.0,2.63,
exp18_sensitivity,ablationnone__ballspeed9__noplot__servebox,"{""--ablation"": ""none"", ""--ball-speed"": 9, ""--no-plot"": null, ""--serve-box"": null}",64,True,active,0.09314,1.941679,0.036531,5.0,0.0,1.43,1.0,1.6,10.0,0.09314,1.432,1.6,
exp18_sensitivity,ablationnone__ballspeed9__noplot__servebox,"{""--ablation"": ""none"", ""--ball-speed"": 9, ""--no-plot"": null, ""--serve-box"": null}",65,True,active,0.100711,1.961668,0.048656,50.0,0.0,1.28,0.99,1.2,10.0,0.100711,1.082,1.63,
exp18_sensitivity,ablationnone__ballspeed9__noplot__servebox,"{""--ablation"": ""none"", ""--ball-speed"": 9, ""--no-plot"": null, ""--serve-box"": null}",66,False,miss,0.304012,1.929817,0.137965,25.0,0.0,1.22,1.0,1.0,0.0,0.304012,0.0,1.61,
exp18_sensitivity,ablationnone__ballspeed9__noplot__servebox,"{""--ablation"": ""none"", ""--ball-speed"": 9, ""--no-plot"": null, ""--serve-box"": null}",53,True,active,0.04826,1.925252,0.04826,0.0,0.0,1.4,0.99,1.2,15.0,0.04826,0.901,3.02,
exp18_sensitivity,ablationnone__ballspeed9__noplot__servebox,"{""--ablation"": ""none"", ""--ball-speed"": 9, ""--no-plot"": null, ""--serve-box"": null}",57,True,active,0.103904,1.991033,0.047306,45.0,0.0,1.62,1.0,1.3,20.0,0.103904,1.22,2.63,
exp18_sensitivity,ablationnone__ballspeed9__noplot__servebox,"{""--ablation"": ""none"", ""--ball-speed"": 9, ""--no-plot"": null, ""--serve-box"": null}",69,False,miss,0.286428,1.929609,0.134891,10.0,0.0,1.13,1.0,1.3,0.0,0.286428,0.0,1.45,
exp18_sensitivity,ablationnone__ballspeed9__noplot__servebox,"{""--ablation"": ""none"", ""--ball-speed"": 9, ""--no-plot"": null, ""--serve-box"": null}",70,False,miss,0.299314,1.948963,0.156594,20.0,0.0,1.1,0.99,1.3,0.0,0.299314,0.0,1.47,
exp18_sensitivity,ablationnone__ballspeed9__noplot__servebox,"{""--ablation"": ""none"", ""--ball-speed"": 9, ""--no-plot"": null, ""--serve-box"": null}",63,True,active,0.061202,1.964914,0.019987,0.0,0.0,1.76,0.98,1.5,20.0,0.061202,1.581,2.2,
exp18_sensitivity,ablationnone__ballspeed9__noplot__servebox,"{""--ablation"": ""none"", ""--ball-speed"": 9, ""--no-plot"": null, ""--serve-box"": null}",58,True,active,0.089674,1.866225,0.087033,45.0,0.0,1.17,0.99,1.2,5.0,0.089674,0.796,2.66,
exp18_sensitivity,ablationnone__ballspeed9__noplot__servebox,"{""--ablation"": ""none"", ""--ball-speed"": 9, ""--no-plot"": null, ""--serve-box"": null}",59,True,active,0.050269,1.948411,0.050269,0.0,0.0,1.73,1.0,1.4,20.0,0.050269,1.057,2.87,
exp18_sensitivity,ablationnone__ballspeed9__noplot__servebox,"{""--ablation"": ""none"", ""--ball-speed"": 9, ""--no-plot"": null, ""--serve-box"": null}",68,True,active,0.094694,1.882938,0.088998,50.0,0.0,1.21,1.0,1.0,5.0,0.094694,0.571,2.36,
exp18_sensitivity,ablationnone__ballspeed9__noplot__servebox,"{""--ablation"": ""none"", ""--ball-speed"": 9, ""--no-plot"": null, ""--serve-box"": null}",71,True,active,0.092171,1.963841,0.06489,0.0,0.0,1.78,1.0,1.5,20.0,0.092171,1.559,1.59,
exp18_sensitivity,ablationnone__ballspeed9__noplot__servebox,"{""--ablation"": ""none"", ""--ball-speed"": 9, ""--no-plot"": null, ""--serve-box"": null}",72,True,active,0.047155,1.949052,0.027142,45.0,0.0,1.37,0.99,1.3,5.0,0.047155,1.046,1.56,
exp18_sensitivity,ablationnone__ballspeed9__noplot__servebox,"{""--ablation"": ""none"", ""--ball-speed"": 9, ""--no-plot"": null, ""--serve-box"": null}",73,True,active,0.091577,1.963628,0.074048,0.0,0.0,1.78,1.0,1.9,20.0,0.091577,1.585,1.5,
exp18_sensitivity,ablationnone__ballspeed9__noplot__servebox,"{""--ablation"": ""none"", ""--ball-speed"": 9, ""--no-plot"": null, ""--serve-box"": null}",75,True,active,0.100578,1.892332,0.100578,35.0,0.0,1.41,1.0,1.9,5.0,0.100578,0.49,1.51,
exp18_sensitivity,ablationnone__ballspeed9__noplot__servebox,"{""--ablation"": ""none"", ""--ball-speed"": 9, ""--no-plot"": null, ""--serve-box"": null}",67,True,active,0.059739,1.939254,0.051618,30.0,0.0,1.67,0.97,1.9,10.0,0.059739,1.673,2.98,
exp18_sensitivity,ablationnone__ballspeed9__noplot__servebox,"{""--ablation"": ""none"", ""--ball-speed"": 9, ""--no-plot"": null, ""--serve-box"": null}",74,True,active,0.104914,1.957733,0.064401,50.0,0.0,1.25,1.0,1.1,10.0,0.104914,1.253,1.69,
exp18_sensitivity,ablationnone__ballspeed9__noplot__servebox,"{""--ablation"": ""none"", ""--ball-speed"": 9, ""--no-plot"": null, ""--serve-box"": null}",77,True,active,0.089954,1.901866,0.089954,35.0,0.0,1.39,0.99,1.4,10.0,0.089954,0.637,1.59,
exp18_sensitivity,ablationnone__ballspeed9__noplot__servebox,"{""--ablation"": ""none"", ""--ball-speed"": 9, ""--no-plot"": null, ""--serve-box"": null}",81,True,active,0.058555,1.953284,0.058555,40.0,0.0,1.41,0.98,1.1,10.0,0.058555,0.596,1.46,
exp18_sensitivity,ablationnone__ballspeed9__noplot__servebox,"{""--ablation"": ""none"", ""--ball-speed"": 9, ""--no-plot"": null, ""--serve-box"": null}",80,True,active,0.103248,1.924751,0.092561,45.0,0.0,1.59,0.99,1.5,0.0,0.103248,0.692,1.62,
exp18_sensitivity,ablationnone__ballspeed9__noplot__servebox,"{""--ablation"": ""none"", ""--ball-speed"": 9, ""--no-plot"": null, ""--serve-box"": null}",82,True,active,0.118446,1.907937,0.09105,40.0,0.0,1.33,1.0,1.3,10.0,0.118446,0.732,1.79,
exp18_sensitivity,ablationnone__ballspeed9__noplot__servebox,"{""--ablation"": ""none"", ""--ball-speed"": 9, ""--no-plot"": null, ""--serve-box"": null}",78,True,active,0.09085,1.926911,0.028804,35.0,0.0,1.23,1.0,1.2,15.0,0.09085,1.113,2.48,
exp18_sensitivity,ablationnone__ballspeed9__noplot__servebox,"{""--ablation"": ""none"", ""--ball-speed"": 9, ""--no-plot"": null, ""--serve-box"": null}",76,True,active,0.076755,1.920115,0.037113,0.0,0.0,1.77,1.0,1.3,15.0,0.076755,1.55,2.57,
exp18_sensitivity,ablationnone__ballspeed9__noplot__servebox,"{""--ablation"": ""none"", ""--ball-speed"": 9, ""--no-plot"": null, ""--serve-box"": null}",87,True,active,0.098574,1.968937,0.026488,0.0,0.0,1.43,1.0,1.8,15.0,0.098574,1.374,1.43,
exp18_sensitivity,ablationnone__ballspeed9__noplot__servebox,"{""--ablation"": ""none"", ""--ball-speed"": 9, ""--no-plot"": null, ""--serve-box"": null}",79,False,miss,0.319356,1.953928,0.106147,0.0,0.0,1.8,0.99,2.0,0.0,0.319356,0.0,2.81,
exp18_sensitivity,ablationnone__ballspeed9__noplot__servebox,"{""--ablation"": ""none"", ""--ball-speed"": 9, ""--no-plot"": null, ""--serve-box"": null}",89,True,active,0.109237,1.905777,0.083966,50.0,0.0,1.57,1.0,1.2,10.0,0.109237,0.886,1.5,
exp18_sensitivity,ablationnone__ballspeed9__noplot__servebox,"{""--ablation"": ""none"", ""--ball-speed"": 9, ""--no-plot"": null, ""--serve-box"": null}",85,True,active,0.082228,1.920803,0.082228,35.0,0.0,1.79,1.0,1.7,0.0,0.082228,0.399,1.92,
exp18_sensitivity,ablationnone__ballspeed9__noplot__servebox,"{""--ablation"": ""none"", ""--ball-speed"": 9, ""--no-plot"": null, ""--serve-box"": null}",90,True,active,0.068128,1.928868,0.068128,40.0,0.0,1.38,0.99,1.4,10.0,0.068128,1.089,1.58,
exp18_sensitivity,ablationnone__ballspeed9__noplot__servebox,"{""--ablation"": ""none"", ""--ball-speed"": 9, ""--no-plot"": null, ""--serve-box"": null}",91,False,miss,0.196753,1.906955,0.142145,30.0,0.0,1.3,0.99,2.0,0.0,0.196753,0.0,1.54,
exp18_sensitivity,ablationnone__ballspeed9__noplot__servebox,"{""--ablation"": ""none"", ""--ball-speed"": 9, ""--no-plot"": null, ""--serve-box"": null}",84,True,active,0.036983,1.942231,0.036983,20.0,0.0,1.8,0.99,1.8,15.0,0.036983,1.768,2.51,
exp18_sensitivity,ablationnone__ballspeed9__noplot__servebox,"{""--ablation"": ""none"", ""--ball-speed"": 9, ""--no-plot"": null, ""--serve-box"": null}",92,True,active,0.119656,1.94414,0.119281,0.0,0.0,1.77,1.0,2.0,15.0,0.119656,1.769,1.74,
exp18_sensitivity,ablationnone__ballspeed9__noplot__servebox,"{""--ablation"": ""none"", ""--ball-speed"": 9, ""--no-plot"": null, ""--serve-box"": null}",94,True,active,0.085782,1.942189,0.029672,0.0,0.0,1.24,1.0,1.7,10.0,0.085782,1.143,1.43,
exp18_sensitivity,ablationnone__ballspeed9__noplot__servebox,"{""--ablation"": ""none"", ""--ball-speed"": 9, ""--no-plot"": null, ""--serve-box"": null}",83,True,active,0.108176,1.937817,0.101864,40.0,0.0,1.79,0.98,1.6,10.0,0.108176,1.677,2.99,
exp18_sensitivity,ablationnone__ballspeed9__noplot__servebox,"{""--ablation"": ""none"", ""--ball-speed"": 9, ""--no-plot"": null, ""--serve-box"": null}",93,True,active,0.087252,1.962688,0.079011,40.0,0.0,1.77,0.96,2.0,10.0,0.087252,1.768,1.67,
exp18_sensitivity,ablationnone__ballspeed9__noplot__servebox,"{""--ablation"": ""none"", ""--ball-speed"": 9, ""--no-plot"": null, ""--serve-box"": null}",86,True,active,0.095336,1.967961,0.027876,20.0,0.0,1.57,0.99,1.6,15.0,0.095336,1.45,2.63,
exp18_sensitivity,ablationnone__ballspeed9__noplot__servebox,"{""--ablation"": ""none"", ""--ball-speed"": 9, ""--no-plot"": null, ""--serve-box"": null}",95,True,active,0.099037,1.934738,0.050891,50.0,0.0,1.11,1.0,0.9,10.0,0.099037,0.921,1.53,
exp18_sensitivity,ablationnone__ballspeed9__noplot__servebox,"{""--ablation"": ""none"", ""--ball-speed"": 9, ""--no-plot"": null, ""--serve-box"": null}",98,True,active,0.068779,1.935549,0.029665,0.0,0.0,1.6,1.0,1.3,10.0,0.068779,1.551,1.56,
exp18_sensitivity,ablationnone__ballspeed9__noplot__servebox,"{""--ablation"": ""none"", ""--ball-speed"": 9, ""--no-plot"": null, ""--serve-box"": null}",88,False,miss,0.327193,1.950891,0.147207,20.0,0.0,1.8,0.99,1.7,0.0,0.327193,0.0,2.89,
exp18_sensitivity,ablationnone__ballspeed9__noplot__servebox,"{""--ablation"": ""none"", ""--ball-speed"": 9, ""--no-plot"": null, ""--serve-box"": null}",99,False,miss,0.279359,1.936677,0.115923,10.0,0.0,1.16,1.0,1.3,0.0,0.279359,0.0,1.61,
exp18_sensitivity,ablationnone__ballspeed9__noplot__servebox,"{""--ablation"": ""none"", ""--ball-speed"": 9, ""--no-plot"": null, ""--serve-box"": null}",103,True,active,0.100185,1.936385,0.047623,0.0,0.0,1.44,1.0,1.3,15.0,0.100185,1.307,1.58,
exp18_sensitivity,ablationnone__ballspeed9__noplot__servebox,"{""--ablation"": ""none"", ""--ball-speed"": 9, ""--no-plot"": null, ""--serve-box"": null}",104,True,active,0.11878,1.951646,0.057666,50.0,0.0,1.21,1.0,1.3,10.0,0.11878,0.999,1.61,
exp18_sensitivity,ablationnone__ballspeed9__noplot__servebox,"{""--ablation"": ""none"", ""--ball-speed"": 9, ""--no-plot"": null, ""--serve-box"": null}",96,True,active,0.098591,1.9913,0.02379,15.0,0.0,1.8,1.0,1.9,15.0,0.098591,1.789,2.34,
exp18_sensitivity,ablationnone__ballspeed9__noplot__servebox,"{""--ablation"": ""none"", ""--ball-speed"": 9, ""--no-plot"": null, ""--serve-box"": null}",102,True,active,0.056997,1.968352,0.051773,40.0,0.0,1.36,1.0,1.3,10.0,0.056997,0.971,1.94,
exp18_sensitivity,ablationnone__ballspeed9__noplot__servebox,"{""--ablation"": ""none"", ""--ball-speed"": 9, ""--no-plot"": null, ""--serve-box"": null}",107,True,active,0.100179,1.958534,0.063713,50.0,0.0,1.24,1.0,1.3,5.0,0.100179,0.789,1.52,
exp18_sensitivity,ablationnone__ballspeed9__noplot__servebox,"{""--ablation"": ""none"", ""--ball-speed"": 9, ""--no-plot"": null, ""--serve-box"": null}",101,False,miss,0.343439,1.917315,0.167037,0.0,0.0,1.28,1.0,1.9,0.0,0.343439,0.0,2.31,
exp18_sensitivity,ablationnone__ballspeed9__noplot__servebox,"{""--ablation"": ""none"", ""--ball-speed"": 9, ""--no-plot"": null, ""--serve-box"": null}",110,True,active,0.069238,1.980691,0.044205,35.0,0.0,1.8,0.99,1.6,20.0,0.069238,1.793,1.5,
exp18_sensitivity,ablationnone__ballspeed9__noplot__servebox,"{""--ablation"": ""none"", ""--ball-speed"": 9, ""--no-plot"": null, ""--serve-box"": null}",106,True,active,0.098634,1.948493,0.03383,0.0,0.0,1.41,1.0,1.1,20.0,0.098634,0.971,1.95,
exp18_sensitivity,ablationnone__ballspeed9__noplot__servebox,"{""--ablation"": ""none"", ""--ball-speed"": 9, ""--no-plot"": null, ""--serve-box"": null}",109,True,active,0.082877,1.942871,0.062887,40.0,0.0,1.14,0.99,1.1,5.0,0.082877,0.641,1.64,
exp18_sensitivity,ablationnone__ballspeed9__noplot__servebox,"{""--ablation"": ""none"", ""--ball-speed"": 9, ""--no-plot"": null, ""--serve-box"": null}",97,True,active,0.042427,1.943692,0.042427,0.0,0.0,1.78,1.0,1.7,20.0,0.042427,1.621,2.95,
exp18_sensitivity,ablationnone__ballspeed9__noplot__servebox,"{""--ablation"": ""none"", ""--ball-speed"": 9, ""--no-plot"": null, ""--serve-box"": null}",121,,,,,,,,,,,,,,0.22,no_result
exp18_sensitivity,ablationnone__ballspeed9__noplot__servebox,"{""--ablation"": ""none"", ""--ball-speed"": 9, ""--no-plot"": null, ""--serve-box"": null}",100,False,miss,0.281967,1.916573,0.157163,25.0,0.0,1.15,1.0,1.4,0.0,0.281967,0.0,2.69,
exp18_sensitivity,ablationnone__ballspeed9__noplot__servebox,"{""--ablation"": ""none"", ""--ball-speed"": 9, ""--no-plot"": null, ""--serve-box"": null}",111,True,active,0.096224,1.944433,0.096224,25.0,0.0,1.73,0.99,1.7,15.0,0.096224,1.607,1.73,
exp18_sensitivity,ablationnone__ballspeed9__noplot__servebox,"{""--ablation"": ""none"", ""--ball-speed"": 9, ""--no-plot"": null, ""--serve-box"": null}",113,True,active,0.080828,1.934318,0.041223,0.0,0.0,1.24,0.99,0.9,15.0,0.080828,1.064,1.51,
exp18_sensitivity,ablationnone__ballspeed9__noplot__servebox,"{""--ablation"": ""none"", ""--ball-speed"": 9, ""--no-plot"": null, ""--serve-box"": null}",105,True,active,0.081382,1.95277,0.040788,0.0,0.0,1.16,1.0,1.0,10.0,0.081382,1.162,2.96,
exp18_sensitivity,ablationnone__ballspeed9__noplot__servebox,"{""--ablation"": ""none"", ""--ball-speed"": 9, ""--no-plot"": null, ""--serve-box"": null}",108,True,active,0.092111,1.981469,0.024308,45.0,0.0,1.45,1.0,1.4,15.0,0.092111,1.409,2.82,
exp18_sensitivity,ablationnone__ballspeed9__noplot__servebox,"{""--ablation"": ""none"", ""--ball-speed"": 9, ""--no-plot"": null, ""--serve-box"": null}",117,False,miss,0.333263,1.966297,0.118806,0.0,0.0,1.29,1.0,1.4,0.0,0.333263,0.0,1.47,
exp18_sensitivity,ablationnone__ballspeed9__noplot__servebox,"{""--ablation"": ""none"", ""--ball-speed"": 9, ""--no-plot"": null, ""--serve-box"": null}",118,True,active,0.061915,1.994759,0.021202,30.0,0.0,1.37,0.99,1.3,10.0,0.061915,1.364,1.55,
exp18_sensitivity,ablationnone__ballspeed9__noplot__servebox,"{""--ablation"": ""none"", ""--ball-speed"": 9, ""--no-plot"": null, ""--serve-box"": null}",120,True,active,0.062621,1.90473,0.062621,35.0,0.0,1.61,1.0,1.7,10.0,0.062621,1.196,1.57,
exp18_sensitivity,ablationnone__ballspeed9__noplot__servebox,"{""--ablation"": ""none"", ""--ball-speed"": 9, ""--no-plot"": null, ""--serve-box"": null}",119,True,active,0.071291,1.961449,0.065785,50.0,0.0,1.55,0.99,1.3,5.0,0.071291,1.198,1.6,
exp18_sensitivity,ablationnone__ballspeed9__noplot__servebox,"{""--ablation"": ""none"", ""--ball-speed"": 9, ""--no-plot"": null, ""--serve-box"": null}",122,True,active,0.090462,1.937563,0.072015,40.0,0.0,1.13,1.0,1.2,5.0,0.090462,0.48,1.47,
exp18_sensitivity,ablationnone__ballspeed9__noplot__servebox,"{""--ablation"": ""none"", ""--ball-speed"": 9, ""--no-plot"": null, ""--serve-box"": null}",112,False,miss,0.277449,1.916748,0.126005,0.0,0.0,0.98,1.0,1.0,0.0,0.277449,0.0,2.8,
exp18_sensitivity,ablationnone__ballspeed9__noplot__servebox,"{""--ablation"": ""none"", ""--ball-speed"": 9, ""--no-plot"": null, ""--serve-box"": null}",123,True,active,0.091678,1.915572,0.091132,45.0,0.0,1.23,0.99,1.7,0.0,0.091678,0.531,1.44,
exp18_sensitivity,ablationnone__ballspeed9__noplot__servebox,"{""--ablation"": ""none"", ""--ball-speed"": 9, ""--no-plot"": null, ""--serve-box"": null}",125,True,active,0.052415,1.953631,0.052415,5.0,0.0,1.8,0.98,1.7,15.0,0.052415,1.734,1.55,
exp18_sensitivity,ablationnone__ballspeed9__noplot__servebox,"{""--ablation"": ""none"", ""--ball-speed"": 9, ""--no-plot"": null, ""--serve-box"": null}",114,True,passive,0.140596,1.863492,0.133889,40.0,0.0,1.2,1.0,1.2,0.0,0.140596,0.17,2.63,
exp18_sensitivity,ablationnone__ballspeed9__noplot__servebox,"{""--ablation"": ""none"", ""--ball-speed"": 9, ""--no-plot"": null, ""--serve-box"": null}",115,True,active,0.079458,1.951947,0.024149,0.0,0.0,1.74,1.0,1.3,20.0,0.079458,1.742,2.52,
exp18_sensitivity,ablationnone__ballspeed9__noplot__servebox,"{""--ablation"": ""none"", ""--ball-speed"": 9, ""--no-plot"": null, ""--serve-box"": null}",126,True,active,0.067999,1.988541,0.046032,0.0,0.0,1.79,1.0,1.7,15.0,0.067999,1.713,1.55,
exp18_sensitivity,ablationnone__ballspeed9__noplot__servebox,"{""--ablation"": ""none"", ""--ball-speed"": 9, ""--no-plot"": null, ""--serve-box"": null}",116,False,miss,0.265414,1.920645,0.114617,0.0,0.0,1.15,0.99,1.2,0.0,0.265414,0.0,2.85,
exp18_sensitivity,ablationnone__ballspeed9__noplot__servebox,"{""--ablation"": ""none"", ""--ball-speed"": 9, ""--no-plot"": null, ""--serve-box"": null}",128,True,active,0.09426,1.948205,0.029535,50.0,0.0,1.38,1.0,1.2,10.0,0.09426,1.347,1.72,
exp18_sensitivity,ablationnone__ballspeed9__noplot__servebox,"{""--ablation"": ""none"", ""--ball-speed"": 9, ""--no-plot"": null, ""--serve-box"": null}",129,True,passive,0.088923,1.93826,0.088923,35.0,0.0,1.34,1.0,1.6,0.0,0.088923,0.297,1.62,
exp18_sensitivity,ablationnone__ballspeed9__noplot__servebox,"{""--ablation"": ""none"", ""--ball-speed"": 9, ""--no-plot"": null, ""--serve-box"": null}",131,True,active,0.068726,1.951236,0.052628,50.0,0.0,1.4,1.0,1.4,5.0,0.068726,0.705,1.52,
exp18_sensitivity,ablationnone__ballspeed9__noplot__servebox,"{""--ablation"": ""none"", ""--ball-speed"": 9, ""--no-plot"": null, ""--serve-box"": null}",124,True,active,0.072915,1.936892,0.05336,45.0,0.0,1.22,1.0,1.2,5.0,0.072915,0.752,2.86,
exp18_sensitivity,ablationnone__ballspeed9__noplot__servebox,"{""--ablation"": ""none"", ""--ball-speed"": 9, ""--no-plot"": null, ""--serve-box"": null}",134,False,miss,0.251341,1.916155,0.125812,30.0,0.0,1.18,1.0,1.2,0.0,0.251341,0.0,1.53,
exp18_sensitivity,ablationnone__ballspeed9__noplot__servebox,"{""--ablation"": ""none"", ""--ball-speed"": 9, ""--no-plot"": null, ""--serve-box"": null}",130,True,active,0.097494,1.917168,0.066478,0.0,0.0,1.34,1.0,1.2,15.0,0.097494,1.277,2.24,
exp18_sensitivity,ablationnone__ballspeed9__noplot__servebox,"{""--ablation"": ""none"", ""--ball-speed"": 9, ""--no-plot"": null, ""--serve-box"": null}",137,False,miss,0.320261,1.959407,0.11449,0.0,0.0,1.49,1.0,1.4,0.0,0.320261,0.0,1.54,
exp18_sensitivity,ablationnone__ballspeed9__noplot__servebox,"{""--ablation"": ""none"", ""--ball-speed"": 9, ""--no-plot"": null, ""--serve-box"": null}",132,True,active,0.02701,1.928482,0.02701,45.0,0.0,1.55,1.0,1.6,10.0,0.02701,0.396,1.9,
exp18_sensitivity,ablationnone__ballspeed9__noplot__servebox,"{""--ablation"": ""none"", ""--ball-speed"": 9, ""--no-plot"": null, ""--serve-box"": null}",127,True,active,0.088789,1.818911,0.077431,0.0,0.0,1.81,0.99,2.3,20.0,0.088789,1.814,2.72,
exp18_sensitivity,ablationnone__ballspeed9__noplot__servebox,"{""--ablation"": ""none"", ""--ball-speed"": 9, ""--no-plot"": null, ""--serve-box"": null}",136,True,active,0.045406,1.993349,0.045406,0.0,0.0,1.8,1.0,1.9,20.0,0.045406,1.769,1.84,
exp18_sensitivity,ablationnone__ballspeed9__noplot__servebox,"{""--ablation"": ""none"", ""--ball-speed"": 9, ""--no-plot"": null, ""--serve-box"": null}",138,True,active,0.061578,1.925951,0.061578,40.0,0.0,1.72,1.0,1.7,10.0,0.061578,0.379,1.51,
exp18_sensitivity,ablationnone__ballspeed9__noplot__servebox,"{""--ablation"": ""none"", ""--ball-speed"": 9, ""--no-plot"": null, ""--serve-box"": null}",141,True,active,0.049561,1.992839,0.015333,20.0,0.0,1.66,1.0,1.6,10.0,0.049561,1.658,1.41,
exp18_sensitivity,ablationnone__ballspeed9__noplot__servebox,"{""--ablation"": ""none"", ""--ball-speed"": 9, ""--no-plot"": null, ""--serve-box"": null}",139,True,active,0.088537,1.970194,0.056347,40.0,0.0,1.4,1.0,1.4,10.0,0.088537,1.4,1.96,
exp18_sensitivity,ablationnone__ballspeed9__noplot__servebox,"{""--ablation"": ""none"", ""--ball-speed"": 9, ""--no-plot"": null, ""--serve-box"": null}",142,True,active,0.071172,1.97123,0.026303,0.0,0.0,1.44,1.0,1.6,10.0,0.071172,1.383,1.51,
exp18_sensitivity,ablationnone__ballspeed9__noplot__servebox,"{""--ablation"": ""none"", ""--ball-speed"": 9, ""--no-plot"": null, ""--serve-box"": null}",143,True,passive,0.078332,1.943018,0.068664,45.0,0.0,1.13,1.0,1.2,5.0,0.078332,0.247,1.67,
exp18_sensitivity,ablationnone__ballspeed9__noplot__servebox,"{""--ablation"": ""none"", ""--ball-speed"": 9, ""--no-plot"": null, ""--serve-box"": null}",133,True,active,0.08493,1.971285,0.046503,50.0,0.0,1.42,1.0,1.6,5.0,0.08493,1.055,2.9,
exp18_sensitivity,ablationnone__ballspeed9__noplot__servebox,"{""--ablation"": ""none"", ""--ball-speed"": 9, ""--no-plot"": null, ""--serve-box"": null}",146,True,active,0.12691,1.947129,0.085146,40.0,0.0,1.5,1.0,1.3,10.0,0.12691,1.155,1.41,
exp18_sensitivity,ablationnone__ballspeed9__noplot__servebox,"{""--ablation"": ""none"", ""--ball-speed"": 9, ""--no-plot"": null, ""--serve-box"": null}",135,True,active,0.108605,1.932656,0.106235,30.0,0.0,1.69,0.99,1.8,15.0,0.108605,1.421,2.99,
exp18_sensitivity,ablationnone__ballspeed9__noplot__servebox,"{""--ablation"": ""none"", ""--ball-speed"": 9, ""--no-plot"": null, ""--serve-box"": null}",140,True,active,0.100294,1.963621,0.05987,45.0,0.0,1.72,0.99,1.7,15.0,0.100294,1.103,2.74,
exp18_sensitivity,ablationnone__ballspeed9__noplot__servebox,"{""--ablation"": ""none"", ""--ball-speed"": 9, ""--no-plot"": null, ""--serve-box"": null}",150,True,active,0.085986,1.929988,0.053912,45.0,0.0,1.16,1.0,1.2,0.0,0.085986,0.576,1.47,
exp18_sensitivity,ablationnone__ballspeed9__noplot__servebox,"{""--ablation"": ""none"", ""--ball-speed"": 9, ""--no-plot"": null, ""--serve-box"": null}",152,True,active,0.104522,1.933546,0.064835,40.0,0.0,1.14,1.0,1.1,15.0,0.104522,0.999,1.43,
exp18_sensitivity,ablationnone__ballspeed9__noplot__servebox,"{""--ablation"": ""none"", ""--ball-speed"": 9, ""--no-plot"": null, ""--serve-box"": null}",147,True,active,0.049519,1.94085,0.046187,50.0,0.0,1.57,0.99,1.2,5.0,0.049519,0.656,1.6,
exp18_sensitivity,ablationnone__ballspeed9__noplot__servebox,"{""--ablation"": ""none"", ""--ball-speed"": 9, ""--no-plot"": null, ""--serve-box"": null}",153,True,active,0.114788,1.95545,0.062436,45.0,0.0,1.28,0.99,1.3,10.0,0.114788,1.016,1.39,
exp18_sensitivity,ablationnone__ballspeed9__noplot__servebox,"{""--ablation"": ""none"", ""--ball-speed"": 9, ""--no-plot"": null, ""--serve-box"": null}",151,True,active,0.11713,1.951792,0.071958,45.0,0.0,1.75,0.99,1.7,15.0,0.11713,1.634,1.74,
exp18_sensitivity,ablationnone__ballspeed9__noplot__servebox,"{""--ablation"": ""none"", ""--ball-speed"": 9, ""--no-plot"": null, ""--serve-box"": null}",154,True,active,0.091596,1.935043,0.07956,45.0,0.0,1.63,1.0,1.5,5.0,0.091596,0.504,1.57,
exp18_sensitivity,ablationnone__ballspeed9__noplot__servebox,"{""--ablation"": ""none"", ""--ball-speed"": 9, ""--no-plot"": null, ""--serve-box"": null}",149,True,active,0.103144,1.952579,0.103144,40.0,0.0,1.81,0.99,1.7,10.0,0.103144,1.727,2.18,
exp18_sensitivity,ablationnone__ballspeed9__noplot__servebox,"{""--ablation"": ""none"", ""--ball-speed"": 9, ""--no-plot"": null, ""--serve-box"": null}",144,False,miss,0.256423,1.913143,0.197157,0.0,0.0,1.08,1.0,1.1,0.0,0.256423,0.0,2.95,
exp18_sensitivity,ablationnone__ballspeed9__noplot__servebox,"{""--ablation"": ""none"", ""--ball-speed"": 9, ""--no-plot"": null, ""--serve-box"": null}",156,True,active,0.061953,1.957125,0.061953,0.0,0.0,1.79,0.99,1.5,15.0,0.061953,1.595,1.55,
exp18_sensitivity,ablationnone__ballspeed9__noplot__servebox,"{""--ablation"": ""none"", ""--ball-speed"": 9, ""--no-plot"": null, ""--serve-box"": null}",159,True,active,0.120379,1.908258,0.117365,40.0,0.0,1.34,1.0,1.8,5.0,0.120379,0.841,1.44,
exp18_sensitivity,ablationnone__ballspeed9__noplot__servebox,"{""--ablation"": ""none"", ""--ball-speed"": 9, ""--no-plot"": null, ""--serve-box"": null}",145,True,active,0.097559,1.955469,0.073782,0.0,0.0,1.57,1.0,1.5,10.0,0.097559,1.499,3.0,
exp18_sensitivity,ablationnone__ballspeed9__noplot__servebox,"{""--ablation"": ""none"", ""--ball-speed"": 9, ""--no-plot"": null, ""--serve-box"": null}",148,True,active,0.113268,1.947533,0.076169,45.0,0.0,1.39,1.0,1.4,10.0,0.113268,1.388,2.9,
exp18_sensitivity,ablationnone__ballspeed9__noplot__servebox,"{""--ablation"": ""none"", ""--ball-speed"": 9, ""--no-plot"": null, ""--serve-box"": null}",161,True,active,0.095802,1.965037,0.054354,40.0,0.0,1.37,0.99,1.3,10.0,0.095802,0.622,1.46,
exp18_sensitivity,ablationnone__ballspeed9__noplot__servebox,"{""--ablation"": ""none"", ""--ball-speed"": 9, ""--no-plot"": null, ""--serve-box"": null}",162,False,miss,0.29953,1.952916,0.09306,0.0,0.0,1.75,1.0,1.3,0.0,0.29953,0.0,1.48,
exp18_sensitivity,ablationnone__ballspeed9__noplot__servebox,"{""--ablation"": ""none"", ""--ball-speed"": 9, ""--no-plot"": null, ""--serve-box"": null}",163,True,active,0.090336,1.94142,0.033213,0.0,0.0,1.72,1.0,1.4,10.0,0.090336,1.725,1.55,
exp18_sensitivity,ablationnone__ballspeed9__noplot__servebox,"{""--ablation"": ""none"", ""--ball-speed"": 9, ""--no-plot"": null, ""--serve-box"": null}",160,True,active,0.07665,1.950933,0.063941,35.0,0.0,1.49,1.0,1.5,15.0,0.07665,1.074,1.9,
exp18_sensitivity,ablationnone__ballspeed9__noplot__servebox,"{""--ablation"": ""none"", ""--ball-speed"": 9, ""--no-plot"": null, ""--serve-box"": null}",155,True,active,0.068122,1.947772,0.062023,0.0,0.0,1.8,0.97,1.6,20.0,0.068122,1.772,2.71,
exp18_sensitivity,ablationnone__ballspeed9__noplot__servebox,"{""--ablation"": ""none"", ""--ball-speed"": 9, ""--no-plot"": null, ""--serve-box"": null}",166,True,active,0.083483,1.939141,0.037491,10.0,0.0,1.66,1.0,1.6,15.0,0.083483,1.613,1.53,
exp18_sensitivity,ablationnone__ballspeed9__noplot__servebox,"{""--ablation"": ""none"", ""--ball-speed"": 9, ""--no-plot"": null, ""--serve-box"": null}",167,True,active,0.142104,1.930811,0.129691,40.0,0.0,1.24,1.0,1.5,5.0,0.142104,0.82,1.52,
exp18_sensitivity,ablationnone__ballspeed9__noplot__servebox,"{""--ablation"": ""none"", ""--ball-speed"": 9, ""--no-plot"": null, ""--serve-box"": null}",165,True,active,0.124809,1.904637,0.118225,40.0,0.0,1.21,0.99,1.3,0.0,0.124809,0.33,2.06,
exp18_sensitivity,ablationnone__ballspeed9__noplot__servebox,"{""--ablation"": ""none"", ""--ball-speed"": 9, ""--no-plot"": null, ""--serve-box"": null}",158,True,passive,0.101034,1.940412,0.097023,40.0,0.0,1.33,1.0,1.2,5.0,0.101034,0.211,2.87,
exp18_sensitivity,ablationnone__ballspeed9__noplot__servebox,"{""--ablation"": ""none"", ""--ball-speed"": 9, ""--no-plot"": null, ""--serve-box"": null}",157,True,active,0.119196,1.934565,0.067265,50.0,0.0,1.07,1.0,0.9,10.0,0.119196,0.756,2.98,
exp18_sensitivity,ablationnone__ballspeed9__noplot__servebox,"{""--ablation"": ""none"", ""--ball-speed"": 9, ""--no-plot"": null, ""--serve-box"": null}",164,True,active,0.087303,1.965605,0.030108,0.0,0.0,1.37,1.0,1.3,15.0,0.087303,1.07,2.33,
exp18_sensitivity,ablationnone__ballspeed9__noplot__servebox,"{""--ablation"": ""none"", ""--ball-speed"": 9, ""--no-plot"": null, ""--serve-box"": null}",171,True,active,0.055076,1.91106,0.049648,50.0,0.0,1.51,0.99,1.6,5.0,0.055076,0.307,1.66,
exp18_sensitivity,ablationnone__ballspeed9__noplot__servebox,"{""--ablation"": ""none"", ""--ball-speed"": 9, ""--no-plot"": null, ""--serve-box"": null}",172,True,active,0.088594,1.946787,0.057725,45.0,0.0,1.51,0.98,1.2,10.0,0.088594,1.436,1.51,
exp18_sensitivity,ablationnone__ballspeed9__noplot__servebox,"{""--ablation"": ""none"", ""--ball-speed"": 9, ""--no-plot"": null, ""--serve-box"": null}",175,True,passive,0.137891,1.928226,0.12119,45.0,0.0,1.19,1.0,1.2,0.0,0.137891,0.16,1.74,
exp18_sensitivity,ablationnone__ballspeed9__noplot__servebox,"{""--ablation"": ""none"", ""--ball-speed"": 9, ""--no-plot"": null, ""--serve-box"": null}",173,True,active,0.12119,1.923948,0.085061,40.0,0.0,1.72,0.99,2.5,15.0,0.12119,1.476,1.92,
exp18_sensitivity,ablationnone__ballspeed9__noplot__servebox,"{""--ablation"": ""none"", ""--ball-speed"": 9, ""--no-plot"": null, ""--serve-box"": null}",176,True,active,0.026271,1.905667,0.026271,55.0,0.0,1.52,0.99,1.9,0.0,0.026271,0.849,1.61,
exp18_sensitivity,ablationnone__ballspeed9__noplot__servebox,"{""--ablation"": ""none"", ""--ball-speed"": 9, ""--no-plot"": null, ""--serve-box"": null}",170,True,active,0.086117,1.917544,0.0622,0.0,0.0,1.8,0.97,2.0,10.0,0.086117,1.74,2.41,
exp18_sensitivity,ablationnone__ballspeed9__noplot__servebox,"{""--ablation"": ""none"", ""--ball-speed"": 9, ""--no-plot"": null, ""--serve-box"": null}",169,True,active,0.085512,1.910667,0.081496,30.0,0.0,1.73,0.98,1.6,15.0,0.085512,1.697,2.71,
exp18_sensitivity,ablationnone__ballspeed9__noplot__servebox,"{""--ablation"": ""none"", ""--ball-speed"": 9, ""--no-plot"": null, ""--serve-box"": null}",168,False,miss,0.346653,1.949113,0.09753,0.0,0.0,1.79,0.99,1.6,0.0,0.346653,0.0,3.0,
exp18_sensitivity,ablationnone__ballspeed9__noplot__servebox,"{""--ablation"": ""none"", ""--ball-speed"": 9, ""--no-plot"": null, ""--serve-box"": null}",177,True,active,0.097618,1.939254,0.095764,0.0,0.0,1.78,0.98,1.9,25.0,0.097618,1.783,2.05,
exp18_sensitivity,ablationnone__ballspeed9__noplot__servebox,"{""--ablation"": ""none"", ""--ball-speed"": 9, ""--no-plot"": null, ""--serve-box"": null}",174,True,active,0.067765,1.933092,0.067765,40.0,0.0,1.73,1.0,1.7,10.0,0.067765,0.638,2.6,
exp18_sensitivity,ablationnone__ballspeed9__noplot__servebox,"{""--ablation"": ""none"", ""--ball-speed"": 9, ""--no-plot"": null, ""--serve-box"": null}",181,False,miss,0.222222,1.910355,0.136642,30.0,0.0,0.99,0.99,1.7,0.0,0.222222,0.0,1.67,
exp18_sensitivity,ablationnone__ballspeed9__noplot__servebox,"{""--ablation"": ""none"", ""--ball-speed"": 9, ""--no-plot"": null, ""--serve-box"": null}",180,False,miss,0.294329,1.893133,0.127378,0.0,0.0,1.05,0.99,1.3,0.0,0.294329,0.0,1.82,
exp18_sensitivity,ablationnone__ballspeed9__noplot__servebox,"{""--ablation"": ""none"", ""--ball-speed"": 9, ""--no-plot"": null, ""--serve-box"": null}",182,True,active,0.0852,1.942521,0.082875,40.0,0.0,1.79,1.0,1.5,10.0,0.0852,1.649,2.05,
exp18_sensitivity,ablationnone__ballspeed9__noplot__servebox,"{""--ablation"": ""none"", ""--ball-speed"": 9, ""--no-plot"": null, ""--serve-box"": null}",184,True,active,0.05212,1.92356,0.048567,50.0,0.0,1.51,1.0,1.6,5.0,0.05212,0.659,1.82,
exp18_sensitivity,ablationnone__ballspeed9__noplot__servebox,"{""--ablation"": ""none"", ""--ball-speed"": 9, ""--no-plot"": null, ""--serve-box"": null}",185,True,active,0.097666,1.933382,0.094684,40.0,0.0,1.57,1.0,2.0,5.0,0.097666,1.298,1.95,
exp18_sensitivity,ablationnone__ballspeed9__noplot__servebox,"{""--ablation"": ""none"", ""--ball-speed"": 9, ""--no-plot"": null, ""--serve-box"": null}",187,True,active,0.095737,1.952792,0.063697,40.0,0.0,1.39,1.0,1.1,15.0,0.095737,1.3,1.62,
exp18_sensitivity,ablationnone__ballspeed9__noplot__servebox,"{""--ablation"": ""none"", ""--ball-speed"": 9, ""--no-plot"": null, ""--serve-box"": null}",186,True,active,0.10789,1.935717,0.055364,50.0,0.0,1.13,1.0,1.1,5.0,0.10789,0.6,1.77,
exp18_sensitivity,ablationnone__ballspeed9__noplot__servebox,"{""--ablation"": ""none"", ""--ball-speed"": 9, ""--no-plot"": null, ""--serve-box"": null}",188,True,active,0.095413,1.93977,0.086447,45.0,0.0,1.27,1.0,1.4,5.0,0.095413,0.364,1.7,
exp18_sensitivity,ablationnone__ballspeed9__noplot__servebox,"{""--ablation"": ""none"", ""--ball-speed"": 9, ""--no-plot"": null, ""--serve-box"": null}",178,True,active,0.113359,1.904159,0.07941,0.0,0.0,1.33,1.0,1.5,15.0,0.113359,0.95,2.99,
exp18_sensitivity,ablationnone__ballspeed9__noplot__servebox,"{""--ablation"": ""none"", ""--ball-speed"": 9, ""--no-plot"": null, ""--serve-box"": null}",179,True,active,0.018456,1.94971,0.018456,40.0,0.0,1.72,1.0,1.4,0.0,0.018456,0.741,3.02,
exp18_sensitivity,ablationnone__ballspeed9__noplot__servebox,"{""--ablation"": ""none"", ""--ball-speed"": 9, ""--no-plot"": null, ""--serve-box"": null}",189,True,active,0.075899,1.957824,0.062152,40.0,0.0,1.78,0.99,2.1,15.0,0.075899,1.77,1.81,
exp18_sensitivity,ablationnone__ballspeed9__noplot__servebox,"{""--ablation"": ""none"", ""--ball-speed"": 9, ""--no-plot"": null, ""--serve-box"": null}",191,True,active,0.113217,1.925342,0.096141,40.0,0.0,1.32,1.0,1.5,10.0,0.113217,1.038,1.66,
exp18_sensitivity,ablationnone__ballspeed9__noplot__servebox,"{""--ablation"": ""none"", ""--ball-speed"": 9, ""--no-plot"": null, ""--serve-box"": null}",183,True,active,0.098279,1.93585,0.084596,45.0,0.0,1.43,1.0,1.6,10.0,0.098279,1.167,3.07,
exp18_sensitivity,ablationnone__ballspeed9__noplot__servebox,"{""--ablation"": ""none"", ""--ball-speed"": 9, ""--no-plot"": null, ""--serve-box"": null}",192,True,active,0.04009,1.97901,0.04009,35.0,0.0,1.93,0.99,1.7,15.0,0.04009,1.744,1.73,
exp18_sensitivity,ablationnone__ballspeed9__noplot__servebox,"{""--ablation"": ""none"", ""--ball-speed"": 9, ""--no-plot"": null, ""--serve-box"": null}",190,True,active,0.052357,1.96356,0.031792,45.0,0.0,1.34,1.0,1.6,10.0,0.052357,1.342,2.21,
exp18_sensitivity,ablationnone__ballspeed9__noplot__servebox,"{""--ablation"": ""none"", ""--ball-speed"": 9, ""--no-plot"": null, ""--serve-box"": null}",195,True,active,0.109108,1.961297,0.0267,35.0,0.0,1.36,1.0,1.3,10.0,0.109108,0.968,1.79,
exp18_sensitivity,ablationnone__ballspeed9__noplot__servebox,"{""--ablation"": ""none"", ""--ball-speed"": 9, ""--no-plot"": null, ""--serve-box"": null}",193,False,miss,0.298713,1.963,0.123362,30.0,0.0,1.11,0.99,1.2,0.0,0.298713,0.0,2.13,
exp18_sensitivity,ablationnone__ballspeed9__noplot__servebox,"{""--ablation"": ""none"", ""--ball-speed"": 9, ""--no-plot"": null, ""--serve-box"": null}",198,True,active,0.085314,1.912255,0.085314,40.0,0.0,1.6,1.0,2.0,0.0,0.085314,0.676,1.41,
exp18_sensitivity,ablationnone__ballspeed9__noplot__servebox,"{""--ablation"": ""none"", ""--ball-speed"": 9, ""--no-plot"": null, ""--serve-box"": null}",196,False,miss,0.309016,1.915743,0.109179,0.0,0.0,1.3,1.0,1.6,0.0,0.309016,0.0,1.71,
exp18_sensitivity,ablationnone__ballspeed9__noplot__servebox,"{""--ablation"": ""none"", ""--ball-speed"": 9, ""--no-plot"": null, ""--serve-box"": null}",199,True,active,0.052007,1.974805,0.038555,40.0,0.0,1.77,1.0,1.4,15.0,0.052007,1.75,1.42,
exp18_sensitivity,ablationnone__ballspeed9__noplot__servebox,"{""--ablation"": ""none"", ""--ball-speed"": 9, ""--no-plot"": null, ""--serve-box"": null}",200,False,miss,0.302385,1.909022,0.136435,0.0,0.0,1.09,1.0,1.0,0.0,0.302385,0.0,1.4,
exp18_sensitivity,ablationnone__ballspeed9__noplot__servebox,"{""--ablation"": ""none"", ""--ball-speed"": 9, ""--no-plot"": null, ""--serve-box"": null}",194,True,active,0.090449,1.963415,0.034839,10.0,0.0,1.52,0.99,1.4,10.0,0.090449,1.456,2.47,
exp18_sensitivity,ablationnone__ballspeed9__noplot__servebox,"{""--ablation"": ""none"", ""--ball-speed"": 9, ""--no-plot"": null, ""--serve-box"": null}",197,True,active,0.087715,1.944059,0.051902,0.0,0.0,1.31,1.0,1.4,15.0,0.087715,1.029,2.03,
