experiment,config_id,config_json,seed,hit,hit_type,pos_error,vel_error,min_dist,ball_near_ms,tube_ready_ms,max_tcp,max_qdot,max_face,hit_time_error_ms,hit_pos_error,v_racket_at_hit,wall_time,error
exp19_hardmin,ablationfull__ballspeed9__noplot__servebox__softminbeta1000000.0,"{""--ablation"": ""full"", ""--ball-speed"": 9, ""--no-plot"": null, ""--serve-box"": null, ""--softmin-beta"": 1000000.0}",1,,,,,,,,,,,,,,0.05,no_result
exp19_hardmin,ablationfull__ballspeed9__noplot__servebox__softminbeta1000000.0,"{""--ablation"": ""full"", ""--ball-speed"": 9, ""--no-plot"": null, ""--serve-box"": null, ""--softmin-beta"": 1000000.0}",1,True,active,0.06683,1.96945,0.06683,40.0,105.0,1.81,1.0,1.4,15.0,0.06683,1.633,1.8,
exp19_hardmin,ablationfull__ballspeed9__noplot__servebox__softminbeta1000000.0,"{""--ablation"": ""full"", ""--ball-speed"": 9, ""--no-plot"": null, ""--serve-box"": null, ""--softmin-beta"": 1000000.0}",5,True,active,0.102937,1.950804,0.069905,0.0,0.0,1.79,0.99,1.5,25.0,0.102937,1.599,2.13,
exp19_hardmin,ablationfull__ballspeed9__noplot__servebox__softminbeta1000000.0,"{""--ablation"": ""full"", ""--ball-speed"": 9, ""--no-plot"": null, ""--serve-box"": null, ""--softmin-beta"": 1000000.0}",12,True,active,0.07331,1.951965,0.07331,40.0,105.0,1.8,0.99,1.8,20.0,0.07331,1.781,2.25,
exp19_hardmin,ablationfull__ballspeed9__noplot__servebox__softminbeta1000000.0,"{""--ablation"": ""full"", ""--ball-speed"": 9, ""--no-plot"": null, ""--serve-box"": null, ""--softmin-beta"": 1000000.0}",15,True,active,0.108297,1.950195,0.10011,0.0,0.0,1.77,0.98,2.1,15.0,0.108297,1.775,2.28,
exp19_hardmin,ablationfull__ballspeed9__noplot__servebox__softminbeta1000000.0,"{""--ablation"": ""full"", ""--ball-speed"": 9, ""--no-plot"": null, ""--serve-box"": null, ""--softmin-beta"": 1000000.0}",7,True,active,0.102696,1.949466,0.098637,35.0,105.0,1.78,0.99,1.7,20.0,0.102696,1.761,2.36,
exp19_hardmin,ablationfull__ballspeed9__noplot__servebox__softminbeta1000000.0,"{""--ablation"": ""full"", ""--ball-speed"": 9, ""--no-plot"": null, ""--serve-box"": null, ""--softmin-beta"": 1000000.0}",14,True,active,0.085757,1.98576,0.085757,40.0,105.0,1.79,1.0,1.4,15.0,0.085757,1.757,2.41,
exp19_hardmin,ablationfull__ballspeed9__noplot__servebox__softminbeta1000000.0,"{""--ablation"": ""full"", ""--ball-speed"": 9, ""--no-plot"": null, ""--serve-box"": null, ""--softmin-beta"": 1000000.0}",8,True,active,0.144057,1.957844,0.122085,35.0,105.0,1.24,1.0,1.6,0.0,0.144057,0.473,2.45,
exp19_hardmin,ablationfull__ballspeed9__noplot__servebox__softminbeta1000000.0,"{""--ablation"": ""full"", ""--ball-speed"": 9, ""--no-plot"": null, ""--serve-box"": null, ""--softmin-beta"": 1000000.0}",9,True,active,0.137241,1.963303,0.132474,30.0,85.0,1.78,0.99,1.8,15.0,0.137241,1.756,2.52,
exp19_hardmin,ablationfull__ballspeed9__noplot__servebox__softminbeta1000000.0,"{""--ablation"": ""full"", ""--ball-speed"": 9, ""--no-plot"": null, ""--serve-box"": null, ""--softmin-beta"": 1000000.0}",10,True,active,0.099045,1.962541,0.096679,40.0,105.0,1.8,1.0,1.6,15.0,0.099045,1.679,2.55,
exp19_hardmin,ablationfull__ballspeed9__noplot__servebox__softminbeta1000000.0,"{""--ablation"": ""full"", ""--ball-speed"": 9, ""--no-plot"": null, ""--serve-box"": null, ""--softmin-beta"": 1000000.0}",16,True,active,0.065424,1.976198,0.058809,5.0,45.0,1.63,1.0,1.6,15.0,0.065424,1.347,2.59,
exp19_hardmin,ablationfull__ballspeed9__noplot__servebox__softminbeta1000000.0,"{""--ablation"": ""full"", ""--ball-speed"": 9, ""--no-plot"": null, ""--serve-box"": null, ""--softmin-beta"": 1000000.0}",4,True,active,0.124027,1.955262,0.109907,40.0,105.0,1.8,0.99,1.7,20.0,0.124027,1.699,2.62,
exp19_hardmin,ablationfull__ballspeed9__noplot__servebox__softminbeta1000000.0,"{""--ablation"": ""full"", ""--ball-speed"": 9, ""--no-plot"": null, ""--serve-box"": null, ""--softmin-beta"": 1000000.0}",13,True,active,0.14318,1.916528,0.140801,35.0,75.0,1.14,1.0,1.4,5.0,0.14318,0.746,2.67,
exp19_hardmin,ablationfull__ballspeed9__noplot__servebox__softminbeta1000000.0,"{""--ablation"": ""full"", ""--ball-speed"": 9, ""--no-plot"": null, ""--serve-box"": null, ""--softmin-beta"": 1000000.0}",20,,,,,,,,,,,,,,0.46,no_result
exp19_hardmin,ablationfull__ballspeed9__noplot__servebox__softminbeta1000000.0,"{""--ablation"": ""full"", ""--ball-speed"": 9, ""--no-plot"": null, ""--serve-box"": null, ""--softmin-beta"": 1000000.0}",11,True,active,0.106181,1.903871,0.101442,40.0,105.0,1.61,0.99,1.4,10.0,0.106181,0.726,2.79,
exp19_hardmin,ablationfull__ballspeed9__noplot__servebox__softminbeta1000000.0,"{""--ablation"": ""full"", ""--ball-speed"": 9, ""--no-plot"": null, ""--serve-box"": null, ""--softmin-beta"": 1000000.0}",21,,,,,,,,,,,,,,0.47,no_result
exp19_hardmin,ablationfull__ballspeed9__noplot__servebox__softminbeta1000000.0,"{""--ablation"": ""full"", ""--ball-speed"": 9, ""--no-plot"": null, ""--serve-box"": null, ""--softmin-beta"": 1000000.0}",17,True,active,0.084584,1.933898,0.081287,45.0,105.0,1.4,1.0,1.3,5.0,0.084584,0.55,3.02,
exp19_hardmin,ablationfull__ballspeed9__noplot__servebox__softminbeta1000000.0,"{""--ablation"": ""full"", ""--ball-speed"": 9, ""--no-plot"": null, ""--serve-box"": null, ""--softmin-beta"": 1000000.0}",6,True,active,0.10185,1.949561,0.095652,35.0,105.0,1.8,0.99,1.6,20.0,0.10185,1.742,3.11,
exp19_hardmin,ablationfull__ballspeed9__noplot__servebox__softminbeta1000000.0,"{""--ablation"": ""full"", ""--ball-speed"": 9, ""--no-plot"": null, ""--serve-box"": null, ""--softmin-beta"": 1000000.0}",3,True,active,0.136368,1.915636,0.123043,35.0,100.0,1.75,1.0,1.7,25.0,0.136368,1.543,3.13,
exp19_hardmin,ablationfull__ballspeed9__noplot__servebox__softminbeta1000000.0,"{""--ablation"": ""full"", ""--ball-speed"": 9, ""--no-plot"": null, ""--serve-box"": null, ""--softmin-beta"": 1000000.0}",2,True,active,0.088158,1.949443,0.071263,40.0,105.0,1.79,1.0,1.8,20.0,0.088158,1.77,3.24,
exp19_hardmin,ablationfull__ballspeed9__noplot__servebox__softminbeta1000000.0,"{""--ablation"": ""full"", ""--ball-speed"": 9, ""--no-plot"": null, ""--serve-box"": null, ""--softmin-beta"": 1000000.0}",19,True,active,0.113456,1.937541,0.099306,0.0,0.0,1.78,0.99,2.0,25.0,0.113456,1.64,2.05,
exp19_hardmin,ablationfull__ballspeed9__noplot__servebox__softminbeta1000000.0,"{""--ablation"": ""full"", ""--ball-speed"": 9, ""--no-plot"": null, ""--serve-box"": null, ""--softmin-beta"": 1000000.0}",18,True,active,0.114785,1.992625,0.114785,30.0,105.0,1.81,0.99,1.9,20.0,0.114785,1.653,2.37,
exp19_hardmin,ablationfull__ballspeed9__noplot__servebox__softminbeta1000000.0,"{""--ablation"": ""full"", ""--ball-speed"": 9, ""--no-plot"": null, ""--serve-box"": null, ""--softmin-beta"": 1000000.0}",22,True,active,0.103366,1.918018,0.064212,0.0,0.0,1.8,1.0,1.8,25.0,0.103366,1.782,2.34,
exp19_hardmin,ablationfull__ballspeed9__noplot__servebox__softminbeta1000000.0,"{""--ablation"": ""full"", ""--ball-speed"": 9, ""--no-plot"": null, ""--serve-box"": null, ""--softmin-beta"": 1000000.0}",27,True,active,0.034755,1.914821,0.034755,40.0,105.0,1.48,1.0,1.7,10.0,0.034755,0.754,2.23,
exp19_hardmin,ablationfull__ballspeed9__noplot__servebox__softminbeta1000000.0,"{""--ablation"": ""full"", ""--ball-speed"": 9, ""--no-plot"": null, ""--serve-box"": null, ""--softmin-beta"": 1000000.0}",25,False,miss,0.310899,1.935819,0.218241,0.0,0.0,1.1,1.0,1.4,0.0,0.310899,0.0,2.49,
exp19_hardmin,ablationfull__ballspeed9__noplot__servebox__softminbeta1000000.0,"{""--ablation"": ""full"", ""--ball-speed"": 9, ""--no-plot"": null, ""--serve-box"": null, ""--softmin-beta"": 1000000.0}",30,True,active,0.071285,1.94592,0.051287,0.0,0.0,1.79,0.98,1.7,20.0,0.071285,1.784,2.25,
exp19_hardmin,ablationfull__ballspeed9__noplot__servebox__softminbeta1000000.0,"{""--ablation"": ""full"", ""--ball-speed"": 9, ""--no-plot"": null, ""--serve-box"": null, ""--softmin-beta"": 1000000.0}",32,True,active,0.102337,1.943804,0.089879,45.0,105.0,1.74,1.0,1.7,15.0,0.102337,1.74,2.04,
exp19_hardmin,ablationfull__ballspeed9__noplot__servebox__softminbeta1000000.0,"{""--ablation"": ""full"", ""--ball-speed"": 9, ""--no-plot"": null, ""--serve-box"": null, ""--softmin-beta"": 1000000.0}",31,False,miss,0.355262,1.968782,0.153561,25.0,0.0,1.5,0.99,1.4,0.0,0.355262,0.0,2.31,
exp19_hardmin,ablationfull__ballspeed9__noplot__servebox__softminbeta1000000.0,"{""--ablation"": ""full"", ""--ball-speed"": 9, ""--no-plot"": null, ""--serve-box"": null, ""--softmin-beta"": 1000000.0}",29,True,active,0.106476,1.908638,0.103461,35.0,105.0,0.99,1.0,1.2,5.0,0.106476,0.363,2.43,
exp19_hardmin,ablationfull__ballspeed9__noplot__servebox__softminbeta1000000.0,"{""--ablation"": ""full"", ""--ball-speed"": 9, ""--no-plot"": null, ""--serve-box"": null, ""--softmin-beta"": 1000000.0}",26,True,active,0.093695,1.948249,0.093695,40.0,105.0,1.8,1.0,1.6,20.0,0.093695,1.532,2.58,
exp19_hardmin,ablationfull__ballspeed9__noplot__servebox__softminbeta1000000.0,"{""--ablation"": ""full"", ""--ball-speed"": 9, ""--no-plot"": null, ""--serve-box"": null, ""--softmin-beta"": 1000000.0}",23,True,active,0.105769,1.94775,0.105769,35.0,105.0,1.78,0.99,1.9,15.0,0.105769,1.696,2.81,
exp19_hardmin,ablationfull__ballspeed9__noplot__servebox__softminbeta1000000.0,"{""--ablation"": ""full"", ""--ball-speed"": 9, ""--no-plot"": null, ""--serve-box"": null, ""--softmin-beta"": 1000000.0}",24,False,miss,0.31935,1.934235,0.130031,0.0,15.0,1.76,1.0,1.7,0.0,0.31935,0.0,2.78,
exp19_hardmin,ablationfull__ballspeed9__noplot__servebox__softminbeta1000000.0,"{""--ablation"": ""full"", ""--ball-speed"": 9, ""--no-plot"": null, ""--serve-box"": null, ""--softmin-beta"": 1000000.0}",28,True,active,0.101675,1.934764,0.08609,0.0,0.0,1.79,0.98,1.6,20.0,0.101675,1.745,2.67,
exp19_hardmin,ablationfull__ballspeed9__noplot__servebox__softminbeta1000000.0,"{""--ablation"": ""full"", ""--ball-speed"": 9, ""--no-plot"": null, ""--serve-box"": null, ""--softmin-beta"": 1000000.0}",34,True,active,0.09099,1.983368,0.09099,30.0,105.0,1.81,1.0,1.7,20.0,0.09099,1.661,2.28,
exp19_hardmin,ablationfull__ballspeed9__noplot__servebox__softminbeta1000000.0,"{""--ablation"": ""full"", ""--ball-speed"": 9, ""--no-plot"": null, ""--serve-box"": null, ""--softmin-beta"": 1000000.0}",33,True,active,0.110297,1.972966,0.110297,35.0,105.0,1.79,0.98,2.0,15.0,0.110297,1.783,2.46,
exp19_hardmin,ablationfull__ballspeed9__noplot__servebox__softminbeta1000000.0,"{""--ablation"": ""full"", ""--ball-speed"": 9, ""--no-plot"": null, ""--serve-box"": null, ""--softmin-beta"": 1000000.0}",35,True,active,0.113404,1.959309,0.104396,40.0,105.0,1.79,0.99,1.7,20.0,0.113404,1.656,2.47,
exp19_hardmin,ablationfull__ballspeed9__noplot__servebox__softminbeta1000000.0,"{""--ablation"": ""full"", ""--ball-speed"": 9, ""--no-plot"": null, ""--serve-box"": null, ""--softmin-beta"": 1000000.0}",36,True,active,0.115858,1.931859,0.113812,35.0,105.0,1.79,1.0,1.8,10.0,0.115858,1.403,2.36,
exp19_hardmin,ablationfull__ballspeed9__noplot__servebox__softminbeta1000000.0,"{""--ablation"": ""full"", ""--ball-speed"": 9, ""--no-plot"": null, ""--serve-box"": null, ""--softmin-beta"": 1000000.0}",37,True,active,0.139208,1.965344,0.125336,35.0,65.0,1.65,1.0,1.7,20.0,0.139208,1.298,2.64,
exp19_hardmin,ablationfull__ballspeed9__noplot__servebox__softminbeta1000000.0,"{""--ablation"": ""full"", ""--ball-speed"": 9, ""--no-plot"": null, ""--serve-box"": null, ""--softmin-beta"": 1000000.0}",38,True,active,0.089332,1.985166,0.089332,30.0,105.0,1.81,1.0,1.7,20.0,0.089332,1.451,2.42,
exp19_hardmin,ablationfull__ballspeed9__noplot__servebox__softminbeta1000000.0,"{""--ablation"": ""full"", ""--ball-speed"": 9, ""--no-plot"": null, ""--serve-box"": null, ""--softmin-beta"": 1000000.0}",41,True,active,0.056183,1.997129,0.034753,40.0,105.0,1.8,1.0,2.1,5.0,0.056183,1.348,2.24,
exp19_hardmin,ablationfull__ballspeed9__noplot__servebox__softminbeta1000000.0,"{""--ablation"": ""full"", ""--ball-speed"": 9, ""--no-plot"": null, ""--serve-box"": null, ""--softmin-beta"": 1000000.0}",39,True,active,0.091562,1.913835,0.091562,40.0,105.0,1.8,0.99,2.0,10.0,0.091562,1.773,2.43,
exp19_hardmin,ablationfull__ballspeed9__noplot__servebox__softminbeta1000000.0,"{""--ablation"": ""full"", ""--ball-speed"": 9, ""--no-plot"": null, ""--serve-box"": null, ""--softmin-beta"": 1000000.0}",40,True,active,0.073123,1.977508,0.073123,40.0,105.0,1.81,0.98,1.7,15.0,0.073123,1.732,2.41,
exp19_hardmin,ablationfull__ballspeed9__noplot__servebox__softminbeta1000000.0,"{""--ablation"": ""full"", ""--ball-speed"": 9, ""--no-plot"": null, ""--serve-box"": null, ""--softmin-beta"": 1000000.0}",45,True,active,0.109191,1.972798,0.108133,35.0,105.0,1.81,1.0,1.8,20.0,0.109191,1.799,2.28,
exp19_hardmin,ablationfull__ballspeed9__noplot__servebox__softminbeta1000000.0,"{""--ablation"": ""full"", ""--ball-speed"": 9, ""--no-plot"": null, ""--serve-box"": null, ""--softmin-beta"": 1000000.0}",49,True,active,0.09145,1.949414,0.084788,45.0,105.0,1.78,0.99,1.9,20.0,0.09145,1.743,2.09,
exp19_hardmin,ablationfull__ballspeed9__noplot__servebox__softminbeta1000000.0,"{""--ablation"": ""full"", ""--ball-speed"": 9, ""--no-plot"": null, ""--serve-box"": null, ""--softmin-beta"": 1000000.0}",46,True,active,0.108514,1.968237,0.104571,35.0,105.0,1.34,0.99,1.4,10.0,0.108514,1.098,2.43,
exp19_hardmin,ablationfull__ballspeed9__noplot__servebox__softminbeta1000000.0,"{""--ablation"": ""full"", ""--ball-speed"": 9, ""--no-plot"": null, ""--serve-box"": null, ""--softmin-beta"": 1000000.0}",47,True,active,0.064985,1.887022,0.064985,50.0,105.0,1.52,0.98,1.6,10.0,0.064985,1.116,2.4,
exp19_hardmin,ablationfull__ballspeed9__noplot__servebox__softminbeta1000000.0,"{""--ablation"": ""full"", ""--ball-speed"": 9, ""--no-plot"": null, ""--serve-box"": null, ""--softmin-beta"": 1000000.0}",43,True,active,0.115634,1.944807,0.113098,35.0,105.0,1.8,1.0,1.8,25.0,0.115634,1.395,2.75,
exp19_hardmin,ablationfull__ballspeed9__noplot__servebox__softminbeta1000000.0,"{""--ablation"": ""full"", ""--ball-speed"": 9, ""--no-plot"": null, ""--serve-box"": null, ""--softmin-beta"": 1000000.0}",51,True,active,0.11297,1.953827,0.099565,40.0,105.0,1.68,1.0,1.8,15.0,0.11297,1.562,2.21,
exp19_hardmin,ablationfull__ballspeed9__noplot__servebox__softminbeta1000000.0,"{""--ablation"": ""full"", ""--ball-speed"": 9, ""--no-plot"": null, ""--serve-box"": null, ""--softmin-beta"": 1000000.0}",44,True,active,0.129569,1.964779,0.121277,40.0,105.0,1.83,1.0,2.2,20.0,0.129569,1.757,2.84,
exp19_hardmin,ablationfull__ballspeed9__noplot__servebox__softminbeta1000000.0,"{""--ablation"": ""full"", ""--ball-speed"": 9, ""--no-plot"": null, ""--serve-box"": null, ""--softmin-beta"": 1000000.0}",50,True,active,0.112881,1.922109,0.10606,30.0,85.0,1.81,1.0,2.0,20.0,0.112881,1.724,2.51,
exp19_hardmin,ablationfull__ballspeed9__noplot__servebox__softminbeta1000000.0,"{""--ablation"": ""full"", ""--ball-speed"": 9, ""--no-plot"": null, ""--serve-box"": null, ""--softmin-beta"": 1000000.0}",48,True,active,0.105054,1.942428,0.099425,35.0,105.0,1.79,1.0,1.7,20.0,0.105054,1.749,2.8,
exp19_hardmin,ablationfull__ballspeed9__noplot__servebox__softminbeta1000000.0,"{""--ablation"": ""full"", ""--ball-speed"": 9, ""--no-plot"": null, ""--serve-box"": null, ""--softmin-beta"": 1000000.0}",42,True,active,0.094913,1.966658,0.094913,35.0,105.0,1.81,1.0,1.7,20.0,0.094913,1.537,3.11,
exp19_hardmin,ablationfull__ballspeed9__noplot__servebox__softminbeta1000000.0,"{""--ablation"": ""full"", ""--ball-speed"": 9, ""--no-plot"": null, ""--serve-box"": null, ""--softmin-beta"": 1000000.0}",52,True,active,0.083163,1.959336,0.078353,35.0,105.0,1.8,0.99,1.5,20.0,0.083163,1.744,2.15,
exp19_hardmin,ablationfull__ballspeed9__noplot__servebox__softminbeta1000000.0,"{""--ablation"": ""full"", ""--ball-speed"": 9, ""--no-plot"": null, ""--serve-box"": null, ""--softmin-beta"": 1000000.0}",56,False,miss,0.368244,1.958887,0.147452,0.0,0.0,1.79,1.0,2.0,0.0,0.368244,0.0,2.02,
exp19_hardmin,ablationfull__ballspeed9__noplot__servebox__softminbeta1000000.0,"{""--ablation"": ""full"", ""--ball-speed"": 9, ""--no-plot"": null, ""--serve-box"": null, ""--softmin-beta"": 1000000.0}",53,True,active,0.043132,1.938156,0.043132,40.0,105.0,1.41,1.0,1.5,10.0,0.043132,0.468,2.28,
exp19_hardmin,ablationfull__ballspeed9__noplot__servebox__softminbeta1000000.0,"{""--ablation"": ""full"", ""--ball-speed"": 9, ""--no-plot"": null, ""--serve-box"": null, ""--softmin-beta"": 1000000.0}",54,True,active,0.026586,2.002054,0.026586,0.0,40.0,1.83,0.99,1.8,25.0,0.026586,1.798,2.39,
exp19_hardmin,ablationfull__ballspeed9__noplot__servebox__softminbeta1000000.0,"{""--ablation"": ""full"", ""--ball-speed"": 9, ""--no-plot"": null, ""--serve-box"": null, ""--softmin-beta"": 1000000.0}",55,True,active,0.088314,1.991799,0.08214,40.0,105.0,1.8,0.96,1.9,20.0,0.088314,1.797,2.48,
exp19_hardmin,ablationfull__ballspeed9__noplot__servebox__softminbeta1000000.0,"{""--ablation"": ""full"", ""--ball-speed"": 9, ""--no-plot"": null, ""--serve-box"": null, ""--softmin-beta"": 1000000.0}",58,True,active,0.077257,1.896827,0.07613,45.0,105.0,1.4,1.0,1.8,15.0,0.077257,1.252,2.42,
exp19_hardmin,ablationfull__ballspeed9__noplot__servebox__softminbeta1000000.0,"{""--ablation"": ""full"", ""--ball-speed"": 9, ""--no-plot"": null, ""--serve-box"": null, ""--softmin-beta"": 1000000.0}",57,True,active,0.097783,1.972986,0.092844,0.0,0.0,1.8,0.93,2.0,20.0,0.097783,1.789,2.46,
exp19_hardmin,ablationfull__ballspeed9__noplot__servebox__softminbeta1000000.0,"{""--ablation"": ""full"", ""--ball-speed"": 9, ""--no-plot"": null, ""--serve-box"": null, ""--softmin-beta"": 1000000.0}",59,True,active,0.096793,1.96297,0.089672,35.0,85.0,1.79,1.0,1.8,25.0,0.096793,1.79,2.4,
exp19_hardmin,ablationfull__ballspeed9__noplot__servebox__softminbeta1000000.0,"{""--ablation"": ""full"", ""--ball-speed"": 9, ""--no-plot"": null, ""--serve-box"": null, ""--softmin-beta"": 1000000.0}",66,True,active,0.12469,1.952175,0.112218,40.0,100.0,1.8,1.0,1.8,20.0,0.12469,1.52,2.19,
exp19_hardmin,ablationfull__ballspeed9__noplot__servebox__softminbeta1000000.0,"{""--ablation"": ""full"", ""--ball-speed"": 9, ""--no-plot"": null, ""--serve-box"": null, ""--softmin-beta"": 1000000.0}",65,True,active,0.09285,1.993612,0.09285,30.0,105.0,1.82,1.0,1.8,20.0,0.09285,1.775,2.29,
exp19_hardmin,ablationfull__ballspeed9__noplot__servebox__softminbeta1000000.0,"{""--ablation"": ""full"", ""--ball-speed"": 9, ""--no-plot"": null, ""--serve-box"": null, ""--softmin-beta"": 1000000.0}",60,True,active,0.127876,1.958514,0.126692,35.0,105.0,1.8,1.0,1.9,20.0,0.127876,1.571,2.68,
exp19_hardmin,ablationfull__ballspeed9__noplot__servebox__softminbeta1000000.0,"{""--ablation"": ""full"", ""--ball-speed"": 9, ""--no-plot"": null, ""--serve-box"": null, ""--softmin-beta"": 1000000.0}",67,True,active,0.073771,1.954488,0.073771,35.0,105.0,1.78,0.99,1.8,15.0,0.073771,1.568,2.24,
exp19_hardmin,ablationfull__ballspeed9__noplot__servebox__softminbeta1000000.0,"{""--ablation"": ""full"", ""--ball-speed"": 9, ""--no-plot"": null, ""--serve-box"": null, ""--softmin-beta"": 1000000.0}",61,True,active,0.11432,1.984064,0.11432,30.0,105.0,1.81,1.0,1.6,20.0,0.11432,1.692,2.75,
exp19_hardmin,ablationfull__ballspeed9__noplot__servebox__softminbeta1000000.0,"{""--ablation"": ""full"", ""--ball-speed"": 9, ""--no-plot"": null, ""--serve-box"": null, ""--softmin-beta"": 1000000.0}",62,True,active,0.095273,1.973723,0.092454,35.0,105.0,1.8,0.99,1.8,20.0,0.095273,1.673,2.58,
exp19_hardmin,ablationfull__ballspeed9__noplot__servebox__softminbeta1000000.0,"{""--ablation"": ""full"", ""--ball-speed"": 9, ""--no-plot"": null, ""--serve-box"": null, ""--softmin-beta"": 1000000.0}",63,True,active,0.072823,1.982572,0.072823,40.0,105.0,1.81,1.0,1.5,20.0,0.072823,1.57,2.88,
exp19_hardmin,ablationfull__ballspeed9__noplot__servebox__softminbeta1000000.0,"{""--ablation"": ""full"", ""--ball-speed"": 9, ""--no-plot"": null, ""--serve-box"": null, ""--softmin-beta"": 1000000.0}",64,True,active,0.128047,1.958688,0.118032,35.0,105.0,1.81,0.99,1.6,20.0,0.128047,1.688,2.8,
exp19_hardmin,ablationfull__ballspeed9__noplot__servebox__softminbeta1000000.0,"{""--ablation"": ""full"", ""--ball-speed"": 9, ""--no-plot"": null, ""--serve-box"": null, ""--softmin-beta"": 1000000.0}",68,True,active,0.071334,1.922423,0.064738,45.0,105.0,1.62,1.0,1.1,5.0,0.071334,1.194,2.12,
exp19_hardmin,ablationfull__ballspeed9__noplot__servebox__softminbeta1000000.0,"{""--ablation"": ""full"", ""--ball-speed"": 9, ""--no-plot"": null, ""--serve-box"": null, ""--softmin-beta"": 1000000.0}",69,True,active,0.113766,1.943674,0.111137,35.0,105.0,1.77,1.0,1.9,20.0,0.113766,1.556,1.9,
exp19_hardmin,ablationfull__ballspeed9__noplot__servebox__softminbeta1000000.0,"{""--ablation"": ""full"", ""--ball-speed"": 9, ""--no-plot"": null, ""--serve-box"": null, ""--softmin-beta"": 1000000.0}",70,True,active,0.082878,1.983895,0.082878,40.0,105.0,1.79,1.0,1.7,20.0,0.082878,1.761,2.16,
exp19_hardmin,ablationfull__ballspeed9__noplot__servebox__softminbeta1000000.0,"{""--ablation"": ""full"", ""--ball-speed"": 9, ""--no-plot"": null, ""--serve-box"": null, ""--softmin-beta"": 1000000.0}",71,True,active,0.126619,1.976014,0.126619,20.0,80.0,1.78,1.0,1.9,25.0,0.126619,1.555,2.31,
exp19_hardmin,ablationfull__ballspeed9__noplot__servebox__softminbeta1000000.0,"{""--ablation"": ""full"", ""--ball-speed"": 9, ""--no-plot"": null, ""--serve-box"": null, ""--softmin-beta"": 1000000.0}",72,True,active,0.074501,1.984458,0.074501,40.0,105.0,1.79,0.99,1.8,15.0,0.074501,1.748,2.49,
exp19_hardmin,ablationfull__ballspeed9__noplot__servebox__softminbeta1000000.0,"{""--ablation"": ""full"", ""--ball-speed"": 9, ""--no-plot"": null, ""--serve-box"": null, ""--softmin-beta"": 1000000.0}",73,True,active,0.140894,1.988814,0.136055,35.0,105.0,1.73,0.99,1.5,20.0,0.140894,1.456,2.38,
exp19_hardmin,ablationfull__ballspeed9__noplot__servebox__softminbeta1000000.0,"{""--ablation"": ""full"", ""--ball-speed"": 9, ""--no-plot"": null, ""--serve-box"": null, ""--softmin-beta"": 1000000.0}",74,True,active,0.102081,1.949043,0.092376,40.0,105.0,1.8,0.99,1.8,20.0,0.102081,1.612,2.43,
exp19_hardmin,ablationfull__ballspeed9__noplot__servebox__softminbeta1000000.0,"{""--ablation"": ""full"", ""--ball-speed"": 9, ""--no-plot"": null, ""--serve-box"": null, ""--softmin-beta"": 1000000.0}",75,True,active,0.127343,1.946594,0.126061,35.0,105.0,1.3,0.99,1.5,5.0,0.127343,0.788,2.48,
exp19_hardmin,ablationfull__ballspeed9__noplot__servebox__softminbeta1000000.0,"{""--ablation"": ""full"", ""--ball-speed"": 9, ""--no-plot"": null, ""--serve-box"": null, ""--softmin-beta"": 1000000.0}",77,True,active,0.09224,1.91121,0.082952,40.0,105.0,1.48,1.0,1.4,15.0,0.09224,1.407,2.33,
exp19_hardmin,ablationfull__ballspeed9__noplot__servebox__softminbeta1000000.0,"{""--ablation"": ""full"", ""--ball-speed"": 9, ""--no-plot"": null, ""--serve-box"": null, ""--softmin-beta"": 1000000.0}",81,True,active,0.071026,1.982943,0.071026,35.0,105.0,1.79,1.0,1.8,20.0,0.071026,1.411,2.31,
exp19_hardmin,ablationfull__ballspeed9__noplot__servebox__softminbeta1000000.0,"{""--ablation"": ""full"", ""--ball-speed"": 9, ""--no-plot"": null, ""--serve-box"": null, ""--softmin-beta"": 1000000.0}",76,True,active,0.08453,1.911601,0.079262,0.0,0.0,1.68,0.99,1.8,15.0,0.08453,1.582,2.57,
exp19_hardmin,ablationfull__ballspeed9__noplot__servebox__softminbeta1000000.0,"{""--ablation"": ""full"", ""--ball-speed"": 9, ""--no-plot"": null, ""--serve-box"": null, ""--softmin-beta"": 1000000.0}",80,True,active,0.030953,1.933759,0.030953,50.0,105.0,1.81,1.0,1.5,10.0,0.030953,0.789,2.47,
exp19_hardmin,ablationfull__ballspeed9__noplot__servebox__softminbeta1000000.0,"{""--ablation"": ""full"", ""--ball-speed"": 9, ""--no-plot"": null, ""--serve-box"": null, ""--softmin-beta"": 1000000.0}",84,True,active,0.076666,1.95954,0.070048,40.0,105.0,1.8,1.0,1.8,20.0,0.076666,1.718,2.06,
exp19_hardmin,ablationfull__ballspeed9__noplot__servebox__softminbeta1000000.0,"{""--ablation"": ""full"", ""--ball-speed"": 9, ""--no-plot"": null, ""--serve-box"": null, ""--softmin-beta"": 1000000.0}",82,True,active,0.09326,1.963822,0.09326,30.0,105.0,1.81,1.0,1.7,20.0,0.09326,1.75,2.23,
exp19_hardmin,ablationfull__ballspeed9__noplot__servebox__softminbeta1000000.0,"{""--ablation"": ""full"", ""--ball-speed"": 9, ""--no-plot"": null, ""--serve-box"": null, ""--softmin-beta"": 1000000.0}",78,True,active,0.087027,1.939952,0.083845,35.0,105.0,1.8,0.99,1.8,20.0,0.087027,1.635,2.84,
exp19_hardmin,ablationfull__ballspeed9__noplot__servebox__softminbeta1000000.0,"{""--ablation"": ""full"", ""--ball-speed"": 9, ""--no-plot"": null, ""--serve-box"": null, ""--softmin-beta"": 1000000.0}",83,True,active,0.106131,1.987813,0.106131,40.0,105.0,1.59,1.0,1.5,15.0,0.106131,1.425,2.43,
exp19_hardmin,ablationfull__ballspeed9__noplot__servebox__softminbeta1000000.0,"{""--ablation"": ""full"", ""--ball-speed"": 9, ""--no-plot"": null, ""--serve-box"": null, ""--softmin-beta"": 1000000.0}",79,True,active,0.109761,1.943228,0.0789,25.0,60.0,1.79,0.99,1.6,20.0,0.109761,1.751,2.94,
exp19_hardmin,ablationfull__ballspeed9__noplot__servebox__softminbeta1000000.0,"{""--ablation"": ""full"", ""--ball-speed"": 9, ""--no-plot"": null, ""--serve-box"": null, ""--softmin-beta"": 1000000.0}",85,True,active,0.076236,1.966502,0.07422,40.0,105.0,1.8,0.99,1.6,10.0,0.076236,1.656,2.24,
exp19_hardmin,ablationfull__ballspeed9__noplot__servebox__softminbeta1000000.0,"{""--ablation"": ""full"", ""--ball-speed"": 9, ""--no-plot"": null, ""--serve-box"": null, ""--softmin-beta"": 1000000.0}",86,True,active,0.084805,1.952287,0.084805,40.0,105.0,1.78,1.0,1.8,15.0,0.084805,1.657,2.19,
exp19_hardmin,ablationfull__ballspeed9__noplot__servebox__softminbeta1000000.0,"{""--ablation"": ""full"", ""--ball-speed"": 9, ""--no-plot"": null, ""--serve-box"": null, ""--softmin-beta"": 1000000.0}",87,True,active,0.132262,1.950591,0.121873,35.0,100.0,1.78,0.99,1.9,20.0,0.132262,1.465,2.14,
exp19_hardmin,ablationfull__ballspeed9__noplot__servebox__softminbeta1000000.0,"{""--ablation"": ""full"", ""--ball-speed"": 9, ""--no-plot"": null, ""--serve-box"": null, ""--softmin-beta"": 1000000.0}",89,True,active,0.079684,1.937969,0.079684,40.0,105.0,1.79,0.97,1.8,15.0,0.079684,1.784,2.16,
exp19_hardmin,ablationfull__ballspeed9__noplot__servebox__softminbeta1000000.0,"{""--ablation"": ""full"", ""--ball-speed"": 9, ""--no-plot"": null, ""--serve-box"": null, ""--softmin-beta"": 1000000.0}",90,True,active,0.0873,1.974535,0.085874,40.0,105.0,1.81,0.96,2.1,15.0,0.0873,1.806,2.28,
exp19_hardmin,ablationfull__ballspeed9__noplot__servebox__softminbeta1000000.0,"{""--ablation"": ""full"", ""--ball-speed"": 9, ""--no-plot"": null, ""--serve-box"": null, ""--softmin-beta"": 1000000.0}",88,True,active,0.101658,1.967028,0.101658,35.0,105.0,1.8,0.99,2.0,20.0,0.101658,1.669,2.48,
exp19_hardmin,ablationfull__ballspeed9__noplot__servebox__softminbeta1000000.0,"{""--ablation"": ""full"", ""--ball-speed"": 9, ""--no-plot"": null, ""--serve-box"": null, ""--softmin-beta"": 1000000.0}",91,True,active,0.006857,1.964639,0.006857,55.0,105.0,1.6,1.0,1.5,5.0,0.006857,0.674,2.51,
exp19_hardmin,ablationfull__ballspeed9__noplot__servebox__softminbeta1000000.0,"{""--ablation"": ""full"", ""--ball-speed"": 9, ""--no-plot"": null, ""--serve-box"": null, ""--softmin-beta"": 1000000.0}",92,True,active,0.106311,1.956969,0.087031,40.0,105.0,1.79,1.0,1.9,30.0,0.106311,1.716,2.26,
exp19_hardmin,ablationfull__ballspeed9__noplot__servebox__softminbeta1000000.0,"{""--ablation"": ""full"", ""--ball-speed"": 9, ""--no-plot"": null, ""--serve-box"": null, ""--softmin-beta"": 1000000.0}",97,True,active,0.131886,1.974842,0.12239,30.0,85.0,1.79,1.0,1.9,20.0,0.131886,1.681,2.23,
exp19_hardmin,ablationfull__ballspeed9__noplot__servebox__softminbeta1000000.0,"{""--ablation"": ""full"", ""--ball-speed"": 9, ""--no-plot"": null, ""--serve-box"": null, ""--softmin-beta"": 1000000.0}",94,True,active,0.094843,1.978892,0.094843,35.0,105.0,1.8,0.97,1.8,20.0,0.094843,1.744,2.37,
exp19_hardmin,ablationfull__ballspeed9__noplot__servebox__softminbeta1000000.0,"{""--ablation"": ""full"", ""--ball-speed"": 9, ""--no-plot"": null, ""--serve-box"": null, ""--softmin-beta"": 1000000.0}",93,True,active,0.095905,1.937913,0.085581,45.0,105.0,1.79,0.99,2.1,15.0,0.095905,1.731,2.6,
exp19_hardmin,ablationfull__ballspeed9__noplot__servebox__softminbeta1000000.0,"{""--ablation"": ""full"", ""--ball-speed"": 9, ""--no-plot"": null, ""--serve-box"": null, ""--softmin-beta"": 1000000.0}",99,True,active,0.122597,1.963723,0.117566,35.0,105.0,1.8,1.0,1.8,20.0,0.122597,1.802,2.16,
exp19_hardmin,ablationfull__ballspeed9__noplot__servebox__softminbeta1000000.0,"{""--ablation"": ""full"", ""--ball-speed"": 9, ""--no-plot"": null, ""--serve-box"": null, ""--softmin-beta"": 1000000.0}",100,True,active,0.081024,1.985073,0.0764,40.0,105.0,1.8,0.98,1.8,20.0,0.081024,1.777,2.07,
exp19_hardmin,ablationfull__ballspeed9__noplot__servebox__softminbeta1000000.0,"{""--ablation"": ""full"", ""--ball-speed"": 9, ""--no-plot"": null, ""--serve-box"": null, ""--softmin-beta"": 1000000.0}",101,True,active,0.12414,1.971672,0.121518,30.0,105.0,1.8,1.0,1.6,20.0,0.12414,1.553,2.05,
exp19_hardmin,ablationfull__ballspeed9__noplot__servebox__softminbeta1000000.0,"{""--ablation"": ""full"", ""--ball-speed"": 9, ""--no-plot"": null, ""--serve-box"": null, ""--softmin-beta"": 1000000.0}",95,True,active,0.100278,1.93337,0.08638,40.0,105.0,1.76,0.99,1.8,25.0,0.100278,1.546,2.65,
exp19_hardmin,ablationfull__ballspeed9__noplot__servebox__softminbeta1000000.0,"{""--ablation"": ""full"", ""--ball-speed"": 9, ""--no-plot"": null, ""--serve-box"": null, ""--softmin-beta"": 1000000.0}",98,True,active,0.08569,1.932214,0.056172,0.0,0.0,1.79,0.99,1.4,20.0,0.08569,1.706,2.5,
exp19_hardmin,ablationfull__ballspeed9__noplot__servebox__softminbeta1000000.0,"{""--ablation"": ""full"", ""--ball-speed"": 9, ""--no-plot"": null, ""--serve-box"": null, ""--softmin-beta"": 1000000.0}",96,True,active,0.083025,1.980068,0.077081,35.0,105.0,1.81,0.94,1.8,20.0,0.083025,1.739,2.82,
exp19_hardmin,ablationfull__ballspeed9__noplot__servebox__softminbeta1000000.0,"{""--ablation"": ""full"", ""--ball-speed"": 9, ""--no-plot"": null, ""--serve-box"": null, ""--softmin-beta"": 1000000.0}",102,True,active,0.066594,1.983767,0.066291,45.0,105.0,1.8,0.99,1.6,15.0,0.066594,1.721,2.37,
exp19_hardmin,ablationfull__ballspeed9__noplot__servebox__softminbeta1000000.0,"{""--ablation"": ""full"", ""--ball-speed"": 9, ""--no-plot"": null, ""--serve-box"": null, ""--softmin-beta"": 1000000.0}",103,True,active,0.121853,1.958278,0.108106,40.0,105.0,1.79,1.0,1.7,20.0,0.121853,1.567,2.28,
exp19_hardmin,ablationfull__ballspeed9__noplot__servebox__softminbeta1000000.0,"{""--ablation"": ""full"", ""--ball-speed"": 9, ""--no-plot"": null, ""--serve-box"": null, ""--softmin-beta"": 1000000.0}",104,True,active,0.11498,1.966186,0.112156,35.0,105.0,1.81,0.99,1.6,20.0,0.11498,1.767,2.26,
exp19_hardmin,ablationfull__ballspeed9__noplot__servebox__softminbeta1000000.0,"{""--ablation"": ""full"", ""--ball-speed"": 9, ""--no-plot"": null, ""--serve-box"": null, ""--softmin-beta"": 1000000.0}",107,True,active,0.110178,1.983085,0.110178,35.0,105.0,1.8,1.0,2.1,20.0,0.110178,1.78,2.16,
exp19_hardmin,ablationfull__ballspeed9__noplot__servebox__softminbeta1000000.0,"{""--ablation"": ""full"", ""--ball-speed"": 9, ""--no-plot"": null, ""--serve-box"": null, ""--softmin-beta"": 1000000.0}",105,True,active,0.11089,1.973746,0.103248,40.0,105.0,1.8,0.99,1.8,20.0,0.11089,1.475,2.56,
exp19_hardmin,ablationfull__ballspeed9__noplot__servebox__softminbeta1000000.0,"{""--ablation"": ""full"", ""--ball-speed"": 9, ""--no-plot"": null, ""--serve-box"": null, ""--softmin-beta"": 1000000.0}",110,True,active,0.070714,1.971018,0.068399,35.0,105.0,1.79,0.98,1.7,25.0,0.070714,1.777,1.98,
exp19_hardmin,ablationfull__ballspeed9__noplot__servebox__softminbeta1000000.0,"{""--ablation"": ""full"", ""--ball-speed"": 9, ""--no-plot"": null, ""--serve-box"": null, ""--softmin-beta"": 1000000.0}",106,True,active,0.118793,1.953927,0.118793,0.0,0.0,1.78,0.98,2.0,20.0,0.118793,1.649,2.55,
exp19_hardmin,ablationfull__ballspeed9__noplot__servebox__softminbeta1000000.0,"{""--ablation"": ""full"", ""--ball-speed"": 9, ""--no-plot"": null, ""--serve-box"": null, ""--softmin-beta"": 1000000.0}",121,,,,,,,,,,,,,,0.36,no_result
exp19_hardmin,ablationfull__ballspeed9__noplot__servebox__softminbeta1000000.0,"{""--ablation"": ""full"", ""--ball-speed"": 9, ""--no-plot"": null, ""--serve-box"": null, ""--softmin-beta"": 1000000.0}",114,True,active,0.091582,1.921482,0.091582,35.0,105.0,1.8,0.99,1.5,15.0,0.091582,1.738,2.16,
exp19_hardmin,ablationfull__ballspeed9__noplot__servebox__softminbeta1000000.0,"{""--ablation"": ""full"", ""--ball-speed"": 9, ""--no-plot"": null, ""--serve-box"": null, ""--softmin-beta"": 1000000.0}",115,False,miss,0.345547,1.938724,0.102512,0.0,0.0,1.79,0.98,1.4,0.0,0.345547,0.0,2.08,
exp19_hardmin,ablationfull__ballspeed9__noplot__servebox__softminbeta1000000.0,"{""--ablation"": ""full"", ""--ball-speed"": 9, ""--no-plot"": null, ""--serve-box"": null, ""--softmin-beta"": 1000000.0}",108,True,active,0.10895,1.992505,0.101552,40.0,105.0,1.8,0.98,2.1,20.0,0.10895,1.274,2.79,
exp19_hardmin,ablationfull__ballspeed9__noplot__servebox__softminbeta1000000.0,"{""--ablation"": ""full"", ""--ball-speed"": 9, ""--no-plot"": null, ""--serve-box"": null, ""--softmin-beta"": 1000000.0}",112,True,active,0.079746,1.952641,0.074154,0.0,0.0,1.8,0.93,1.6,30.0,0.079746,1.782,2.34,
exp19_hardmin,ablationfull__ballspeed9__noplot__servebox__softminbeta1000000.0,"{""--ablation"": ""full"", ""--ball-speed"": 9, ""--no-plot"": null, ""--serve-box"": null, ""--softmin-beta"": 1000000.0}",111,True,active,0.109624,1.985089,0.107059,35.0,105.0,1.79,1.0,1.9,25.0,0.109624,1.795,2.53,
exp19_hardmin,ablationfull__ballspeed9__noplot__servebox__softminbeta1000000.0,"{""--ablation"": ""full"", ""--ball-speed"": 9, ""--no-plot"": null, ""--serve-box"": null, ""--softmin-beta"": 1000000.0}",113,True,active,0.090367,1.957589,0.067579,0.0,0.0,1.8,1.0,1.7,20.0,0.090367,1.759,2.59,
exp19_hardmin,ablationfull__ballspeed9__noplot__servebox__softminbeta1000000.0,"{""--ablation"": ""full"", ""--ball-speed"": 9, ""--no-plot"": null, ""--serve-box"": null, ""--softmin-beta"": 1000000.0}",109,True,active,0.076878,1.997565,0.074276,40.0,105.0,1.81,0.99,1.5,20.0,0.076878,1.799,2.77,
exp19_hardmin,ablationfull__ballspeed9__noplot__servebox__softminbeta1000000.0,"{""--ablation"": ""full"", ""--ball-speed"": 9, ""--no-plot"": null, ""--serve-box"": null, ""--softmin-beta"": 1000000.0}",116,True,active,0.097989,1.96034,0.093402,35.0,105.0,1.8,1.0,1.7,20.0,0.097989,1.725,2.43,
exp19_hardmin,ablationfull__ballspeed9__noplot__servebox__softminbeta1000000.0,"{""--ablation"": ""full"", ""--ball-speed"": 9, ""--no-plot"": null, ""--serve-box"": null, ""--softmin-beta"": 1000000.0}",117,True,active,0.103577,1.955906,0.091087,0.0,0.0,1.8,1.0,1.7,20.0,0.103577,1.776,2.34,
exp19_hardmin,ablationfull__ballspeed9__noplot__servebox__softminbeta1000000.0,"{""--ablation"": ""full"", ""--ball-speed"": 9, ""--no-plot"": null, ""--serve-box"": null, ""--softmin-beta"": 1000000.0}",119,True,active,0.08216,1.931792,0.08216,35.0,105.0,1.78,1.0,1.9,15.0,0.08216,1.496,2.13,
exp19_hardmin,ablationfull__ballspeed9__noplot__servebox__softminbeta1000000.0,"{""--ablation"": ""full"", ""--ball-speed"": 9, ""--no-plot"": null, ""--serve-box"": null, ""--softmin-beta"": 1000000.0}",118,True,active,0.062575,1.959566,0.049556,45.0,105.0,1.79,0.97,1.7,20.0,0.062575,1.78,2.34,
exp19_hardmin,ablationfull__ballspeed9__noplot__servebox__softminbeta1000000.0,"{""--ablation"": ""full"", ""--ball-speed"": 9, ""--no-plot"": null, ""--serve-box"": null, ""--softmin-beta"": 1000000.0}",120,True,active,0.080371,1.939425,0.080129,40.0,105.0,1.82,0.97,2.0,10.0,0.080371,1.771,2.11,
exp19_hardmin,ablationfull__ballspeed9__noplot__servebox__softminbeta1000000.0,"{""--ablation"": ""full"", ""--ball-speed"": 9, ""--no-plot"": null, ""--serve-box"": null, ""--softmin-beta"": 1000000.0}",122,True,active,0.139135,1.963283,0.133774,35.0,75.0,1.54,1.0,1.6,15.0,0.139135,1.421,2.31,
exp19_hardmin,ablationfull__ballspeed9__noplot__servebox__softminbeta1000000.0,"{""--ablation"": ""full"", ""--ball-speed"": 9, ""--no-plot"": null, ""--serve-box"": null, ""--softmin-beta"": 1000000.0}",125,False,miss,0.380078,1.957361,0.148221,25.0,100.0,1.47,1.0,1.4,0.0,0.380078,0.0,2.16,
exp19_hardmin,ablationfull__ballspeed9__noplot__servebox__softminbeta1000000.0,"{""--ablation"": ""full"", ""--ball-speed"": 9, ""--no-plot"": null, ""--serve-box"": null, ""--softmin-beta"": 1000000.0}",124,True,active,0.087844,1.959986,0.087844,40.0,105.0,1.78,1.0,1.7,15.0,0.087844,1.367,2.31,
exp19_hardmin,ablationfull__ballspeed9__noplot__servebox__softminbeta1000000.0,"{""--ablation"": ""full"", ""--ball-speed"": 9, ""--no-plot"": null, ""--serve-box"": null, ""--softmin-beta"": 1000000.0}",123,True,active,0.047346,1.958711,0.047346,45.0,105.0,1.76,1.0,1.9,5.0,0.047346,1.382,2.5,
exp19_hardmin,ablationfull__ballspeed9__noplot__servebox__softminbeta1000000.0,"{""--ablation"": ""full"", ""--ball-speed"": 9, ""--no-plot"": null, ""--serve-box"": null, ""--softmin-beta"": 1000000.0}",131,True,active,0.093438,1.938752,0.093438,35.0,105.0,1.8,0.99,1.8,15.0,0.093438,1.707,2.16,
exp19_hardmin,ablationfull__ballspeed9__noplot__servebox__softminbeta1000000.0,"{""--ablation"": ""full"", ""--ball-speed"": 9, ""--no-plot"": null, ""--serve-box"": null, ""--softmin-beta"": 1000000.0}",127,True,active,0.111246,1.976661,0.109194,35.0,105.0,1.81,0.99,1.8,25.0,0.111246,1.741,2.56,
exp19_hardmin,ablationfull__ballspeed9__noplot__servebox__softminbeta1000000.0,"{""--ablation"": ""full"", ""--ball-speed"": 9, ""--no-plot"": null, ""--serve-box"": null, ""--softmin-beta"": 1000000.0}",129,True,active,0.058378,1.954557,0.058378,35.0,105.0,1.71,0.99,1.8,15.0,0.058378,1.407,2.51,
exp19_hardmin,ablationfull__ballspeed9__noplot__servebox__softminbeta1000000.0,"{""--ablation"": ""full"", ""--ball-speed"": 9, ""--no-plot"": null, ""--serve-box"": null, ""--softmin-beta"": 1000000.0}",133,True,active,0.108626,1.976937,0.108626,35.0,105.0,1.82,0.99,1.8,15.0,0.108626,1.752,2.25,
exp19_hardmin,ablationfull__ballspeed9__noplot__servebox__softminbeta1000000.0,"{""--ablation"": ""full"", ""--ball-speed"": 9, ""--no-plot"": null, ""--serve-box"": null, ""--softmin-beta"": 1000000.0}",130,True,active,0.129976,1.9532,0.120673,25.0,70.0,1.81,0.99,1.7,25.0,0.129976,1.599,2.53,
exp19_hardmin,ablationfull__ballspeed9__noplot__servebox__softminbeta1000000.0,"{""--ablation"": ""full"", ""--ball-speed"": 9, ""--no-plot"": null, ""--serve-box"": null, ""--softmin-beta"": 1000000.0}",128,True,active,0.123941,1.95624,0.114566,35.0,105.0,1.78,1.0,1.5,20.0,0.123941,1.68,2.79,
exp19_hardmin,ablationfull__ballspeed9__noplot__servebox__softminbeta1000000.0,"{""--ablation"": ""full"", ""--ball-speed"": 9, ""--no-plot"": null, ""--serve-box"": null, ""--softmin-beta"": 1000000.0}",132,False,miss,0.269974,1.937565,0.152864,25.0,45.0,1.14,1.0,1.7,0.0,0.269974,0.0,2.56,
exp19_hardmin,ablationfull__ballspeed9__noplot__servebox__softminbeta1000000.0,"{""--ablation"": ""full"", ""--ball-speed"": 9, ""--no-plot"": null, ""--serve-box"": null, ""--softmin-beta"": 1000000.0}",134,True,active,0.139295,1.986624,0.13174,30.0,60.0,1.8,1.0,1.7,20.0,0.139295,1.602,2.44,
exp19_hardmin,ablationfull__ballspeed9__noplot__servebox__softminbeta1000000.0,"{""--ablation"": ""full"", ""--ball-speed"": 9, ""--no-plot"": null, ""--serve-box"": null, ""--softmin-beta"": 1000000.0}",136,True,active,0.094753,1.89869,0.094753,0.0,0.0,1.8,1.0,2.1,25.0,0.094753,1.748,2.21,
exp19_hardmin,ablationfull__ballspeed9__noplot__servebox__softminbeta1000000.0,"{""--ablation"": ""full"", ""--ball-speed"": 9, ""--no-plot"": null, ""--serve-box"": null, ""--softmin-beta"": 1000000.0}",126,True,active,0.101379,1.916182,0.100166,35.0,105.0,1.81,1.0,1.7,20.0,0.101379,1.617,3.12,
exp19_hardmin,ablationfull__ballspeed9__noplot__servebox__softminbeta1000000.0,"{""--ablation"": ""full"", ""--ball-speed"": 9, ""--no-plot"": null, ""--serve-box"": null, ""--softmin-beta"": 1000000.0}",135,True,active,0.131628,1.973464,0.117388,40.0,105.0,1.81,1.0,1.7,25.0,0.131628,1.412,2.38,
exp19_hardmin,ablationfull__ballspeed9__noplot__servebox__softminbeta1000000.0,"{""--ablation"": ""full"", ""--ball-speed"": 9, ""--no-plot"": null, ""--serve-box"": null, ""--softmin-beta"": 1000000.0}",137,False,miss,0.378943,1.932915,0.128025,0.0,0.0,1.79,1.0,1.6,0.0,0.378943,0.0,2.48,
exp19_hardmin,ablationfull__ballspeed9__noplot__servebox__softminbeta1000000.0,"{""--ablation"": ""full"", ""--ball-speed"": 9, ""--no-plot"": null, ""--serve-box"": null, ""--softmin-beta"": 1000000.0}",140,True,active,0.072139,1.964877,0.070887,35.0,105.0,1.81,0.93,1.7,20.0,0.072139,1.788,2.41,
exp19_hardmin,ablationfull__ballspeed9__noplot__servebox__softminbeta1000000.0,"{""--ablation"": ""full"", ""--ball-speed"": 9, ""--no-plot"": null, ""--serve-box"": null, ""--softmin-beta"": 1000000.0}",138,True,active,0.046945,1.920348,0.046945,40.0,105.0,1.78,0.99,2.2,15.0,0.046945,0.32,2.53,
exp19_hardmin,ablationfull__ballspeed9__noplot__servebox__softminbeta1000000.0,"{""--ablation"": ""full"", ""--ball-speed"": 9, ""--no-plot"": null, ""--serve-box"": null, ""--softmin-beta"": 1000000.0}",139,True,active,0.113322,1.977375,0.109212,35.0,105.0,1.77,1.0,1.7,15.0,0.113322,1.657,2.6,
exp19_hardmin,ablationfull__ballspeed9__noplot__servebox__softminbeta1000000.0,"{""--ablation"": ""full"", ""--ball-speed"": 9, ""--no-plot"": null, ""--serve-box"": null, ""--softmin-beta"": 1000000.0}",142,True,active,0.104843,1.959241,0.093873,35.0,105.0,1.79,1.0,1.6,20.0,0.104843,1.67,2.41,
exp19_hardmin,ablationfull__ballspeed9__noplot__servebox__softminbeta1000000.0,"{""--ablation"": ""full"", ""--ball-speed"": 9, ""--no-plot"": null, ""--serve-box"": null, ""--softmin-beta"": 1000000.0}",141,True,active,0.063101,1.979876,0.046809,45.0,105.0,1.79,0.97,1.5,20.0,0.063101,1.716,2.83,
exp19_hardmin,ablationfull__ballspeed9__noplot__servebox__softminbeta1000000.0,"{""--ablation"": ""full"", ""--ball-speed"": 9, ""--no-plot"": null, ""--serve-box"": null, ""--softmin-beta"": 1000000.0}",144,True,active,0.143255,1.964996,0.13484,40.0,70.0,1.79,1.0,1.8,15.0,0.143255,1.584,2.39,
exp19_hardmin,ablationfull__ballspeed9__noplot__servebox__softminbeta1000000.0,"{""--ablation"": ""full"", ""--ball-speed"": 9, ""--no-plot"": null, ""--serve-box"": null, ""--softmin-beta"": 1000000.0}",150,True,active,0.098663,1.963512,0.098663,35.0,105.0,1.79,0.98,2.0,20.0,0.098663,1.786,1.99,
exp19_hardmin,ablationfull__ballspeed9__noplot__servebox__softminbeta1000000.0,"{""--ablation"": ""full"", ""--ball-speed"": 9, ""--no-plot"": null, ""--serve-box"": null, ""--softmin-beta"": 1000000.0}",147,True,active,0.081704,1.986957,0.081704,35.0,105.0,1.6,0.99,1.6,20.0,0.081704,1.183,2.23,
exp19_hardmin,ablationfull__ballspeed9__noplot__servebox__softminbeta1000000.0,"{""--ablation"": ""full"", ""--ball-speed"": 9, ""--no-plot"": null, ""--serve-box"": null, ""--softmin-beta"": 1000000.0}",143,True,active,0.103783,1.954465,0.103783,40.0,105.0,1.47,0.97,1.4,10.0,0.103783,0.916,2.59,
exp19_hardmin,ablationfull__ballspeed9__noplot__servebox__softminbeta1000000.0,"{""--ablation"": ""full"", ""--ball-speed"": 9, ""--no-plot"": null, ""--serve-box"": null, ""--softmin-beta"": 1000000.0}",149,True,active,0.111938,1.936127,0.105915,35.0,105.0,1.79,1.0,1.8,20.0,0.111938,1.513,2.28,
exp19_hardmin,ablationfull__ballspeed9__noplot__servebox__softminbeta1000000.0,"{""--ablation"": ""full"", ""--ball-speed"": 9, ""--no-plot"": null, ""--serve-box"": null, ""--softmin-beta"": 1000000.0}",145,True,active,0.099719,1.950471,0.099719,35.0,105.0,1.79,1.0,1.7,20.0,0.099719,1.669,2.54,
exp19_hardmin,ablationfull__ballspeed9__noplot__servebox__softminbeta1000000.0,"{""--ablation"": ""full"", ""--ball-speed"": 9, ""--no-plot"": null, ""--serve-box"": null, ""--softmin-beta"": 1000000.0}",152,True,active,0.115228,1.975174,0.099523,40.0,105.0,1.8,0.99,1.5,20.0,0.115228,1.693,2.2,
exp19_hardmin,ablationfull__ballspeed9__noplot__servebox__softminbeta1000000.0,"{""--ablation"": ""full"", ""--ball-speed"": 9, ""--no-plot"": null, ""--serve-box"": null, ""--softmin-beta"": 1000000.0}",148,True,active,0.135566,1.949555,0.125193,35.0,80.0,1.8,1.0,1.8,20.0,0.135566,1.53,2.47,
exp19_hardmin,ablationfull__ballspeed9__noplot__servebox__softminbeta1000000.0,"{""--ablation"": ""full"", ""--ball-speed"": 9, ""--no-plot"": null, ""--serve-box"": null, ""--softmin-beta"": 1000000.0}",146,True,active,0.11094,1.978137,0.11094,35.0,105.0,1.8,0.99,1.9,15.0,0.11094,1.722,2.61,
exp19_hardmin,ablationfull__ballspeed9__noplot__servebox__softminbeta1000000.0,"{""--ablation"": ""full"", ""--ball-speed"": 9, ""--no-plot"": null, ""--serve-box"": null, ""--softmin-beta"": 1000000.0}",151,True,active,0.098083,1.977988,0.093909,35.0,105.0,1.81,0.98,1.7,20.0,0.098083,1.81,2.43,
exp19_hardmin,ablationfull__ballspeed9__noplot__servebox__softminbeta1000000.0,"{""--ablation"": ""full"", ""--ball-speed"": 9, ""--no-plot"": null, ""--serve-box"": null, ""--softmin-beta"": 1000000.0}",153,True,active,0.117911,1.967995,0.112312,35.0,105.0,1.8,0.99,1.8,20.0,0.117911,1.623,2.73,
exp19_hardmin,ablationfull__ballspeed9__noplot__servebox__softminbeta1000000.0,"{""--ablation"": ""full"", ""--ball-speed"": 9, ""--no-plot"": null, ""--serve-box"": null, ""--softmin-beta"": 1000000.0}",154,True,active,0.134629,1.961961,0.11531,35.0,105.0,1.76,1.0,1.5,5.0,0.134629,0.866,2.24,
exp19_hardmin,ablationfull__ballspeed9__noplot__servebox__softminbeta1000000.0,"{""--ablation"": ""full"", ""--ball-speed"": 9, ""--no-plot"": null, ""--serve-box"": null, ""--softmin-beta"": 1000000.0}",156,True,active,0.124137,1.971711,0.122294,30.0,105.0,1.8,1.0,1.6,25.0,0.124137,1.708,2.25,
exp19_hardmin,ablationfull__ballspeed9__noplot__servebox__softminbeta1000000.0,"{""--ablation"": ""full"", ""--ball-speed"": 9, ""--no-plot"": null, ""--serve-box"": null, ""--softmin-beta"": 1000000.0}",155,True,active,0.122709,1.931214,0.122252,35.0,105.0,1.77,1.0,1.7,20.0,0.122709,1.73,2.58,
exp19_hardmin,ablationfull__ballspeed9__noplot__servebox__softminbeta1000000.0,"{""--ablation"": ""full"", ""--ball-speed"": 9, ""--no-plot"": null, ""--serve-box"": null, ""--softmin-beta"": 1000000.0}",163,True,active,0.072529,1.976769,0.064291,40.0,105.0,1.79,0.99,1.5,20.0,0.072529,1.52,2.16,
exp19_hardmin,ablationfull__ballspeed9__noplot__servebox__softminbeta1000000.0,"{""--ablation"": ""full"", ""--ball-speed"": 9, ""--no-plot"": null, ""--serve-box"": null, ""--softmin-beta"": 1000000.0}",165,True,active,0.066361,1.964232,0.066138,45.0,105.0,1.78,1.0,1.4,10.0,0.066361,1.453,2.05,
exp19_hardmin,ablationfull__ballspeed9__noplot__servebox__softminbeta1000000.0,"{""--ablation"": ""full"", ""--ball-speed"": 9, ""--no-plot"": null, ""--serve-box"": null, ""--softmin-beta"": 1000000.0}",161,True,active,0.106077,1.943394,0.102914,0.0,0.0,1.78,1.0,2.0,15.0,0.106077,1.751,2.31,
exp19_hardmin,ablationfull__ballspeed9__noplot__servebox__softminbeta1000000.0,"{""--ablation"": ""full"", ""--ball-speed"": 9, ""--no-plot"": null, ""--serve-box"": null, ""--softmin-beta"": 1000000.0}",158,True,active,0.129408,1.993032,0.124131,30.0,105.0,1.7,1.0,1.9,15.0,0.129408,1.7,2.46,
exp19_hardmin,ablationfull__ballspeed9__noplot__servebox__softminbeta1000000.0,"{""--ablation"": ""full"", ""--ball-speed"": 9, ""--no-plot"": null, ""--serve-box"": null, ""--softmin-beta"": 1000000.0}",160,True,active,0.1296,1.981715,0.127818,30.0,90.0,1.81,1.0,1.8,20.0,0.1296,1.734,2.43,
exp19_hardmin,ablationfull__ballspeed9__noplot__servebox__softminbeta1000000.0,"{""--ablation"": ""full"", ""--ball-speed"": 9, ""--no-plot"": null, ""--serve-box"": null, ""--softmin-beta"": 1000000.0}",166,True,active,0.097022,1.94774,0.089067,35.0,105.0,1.79,0.98,1.8,20.0,0.097022,1.787,2.1,
exp19_hardmin,ablationfull__ballspeed9__noplot__servebox__softminbeta1000000.0,"{""--ablation"": ""full"", ""--ball-speed"": 9, ""--no-plot"": null, ""--serve-box"": null, ""--softmin-beta"": 1000000.0}",159,True,active,0.05671,1.887501,0.05671,40.0,105.0,1.49,0.98,1.3,10.0,0.05671,1.124,2.52,
exp19_hardmin,ablationfull__ballspeed9__noplot__servebox__softminbeta1000000.0,"{""--ablation"": ""full"", ""--ball-speed"": 9, ""--no-plot"": null, ""--serve-box"": null, ""--softmin-beta"": 1000000.0}",162,True,active,0.103922,1.933267,0.086252,0.0,35.0,1.79,1.0,1.6,20.0,0.103922,1.623,2.41,
exp19_hardmin,ablationfull__ballspeed9__noplot__servebox__softminbeta1000000.0,"{""--ablation"": ""full"", ""--ball-speed"": 9, ""--no-plot"": null, ""--serve-box"": null, ""--softmin-beta"": 1000000.0}",168,True,active,0.101016,1.974422,0.099917,0.0,0.0,1.81,0.99,1.8,20.0,0.101016,1.788,2.08,
exp19_hardmin,ablationfull__ballspeed9__noplot__servebox__softminbeta1000000.0,"{""--ablation"": ""full"", ""--ball-speed"": 9, ""--no-plot"": null, ""--serve-box"": null, ""--softmin-beta"": 1000000.0}",157,True,active,0.093979,1.970728,0.085592,35.0,100.0,1.8,0.99,1.8,20.0,0.093979,1.758,2.72,
exp19_hardmin,ablationfull__ballspeed9__noplot__servebox__softminbeta1000000.0,"{""--ablation"": ""full"", ""--ball-speed"": 9, ""--no-plot"": null, ""--serve-box"": null, ""--softmin-beta"": 1000000.0}",167,True,active,0.059985,1.948725,0.047164,45.0,105.0,1.79,1.0,1.6,10.0,0.059985,0.868,2.7,
exp19_hardmin,ablationfull__ballspeed9__noplot__servebox__softminbeta1000000.0,"{""--ablation"": ""full"", ""--ball-speed"": 9, ""--no-plot"": null, ""--serve-box"": null, ""--softmin-beta"": 1000000.0}",164,True,active,0.095229,1.928556,0.093235,40.0,75.0,1.8,1.0,1.5,25.0,0.095229,1.176,2.97,
exp19_hardmin,ablationfull__ballspeed9__noplot__servebox__softminbeta1000000.0,"{""--ablation"": ""full"", ""--ball-speed"": 9, ""--no-plot"": null, ""--serve-box"": null, ""--softmin-beta"": 1000000.0}",169,True,active,0.033241,1.94571,0.028782,40.0,100.0,1.81,1.0,1.6,20.0,0.033241,1.082,2.85,
exp19_hardmin,ablationfull__ballspeed9__noplot__servebox__softminbeta1000000.0,"{""--ablation"": ""full"", ""--ball-speed"": 9, ""--no-plot"": null, ""--serve-box"": null, ""--softmin-beta"": 1000000.0}",172,True,active,0.097563,1.986431,0.097563,35.0,105.0,1.81,0.99,1.8,20.0,0.097563,1.728,2.26,
exp19_hardmin,ablationfull__ballspeed9__noplot__servebox__softminbeta1000000.0,"{""--ablation"": ""full"", ""--ball-speed"": 9, ""--no-plot"": null, ""--serve-box"": null, ""--softmin-beta"": 1000000.0}",170,True,active,0.084581,1.949674,0.07932,40.0,105.0,1.76,1.0,1.6,15.0,0.084581,1.676,2.64,
exp19_hardmin,ablationfull__ballspeed9__noplot__servebox__softminbeta1000000.0,"{""--ablation"": ""full"", ""--ball-speed"": 9, ""--no-plot"": null, ""--serve-box"": null, ""--softmin-beta"": 1000000.0}",171,True,active,0.096153,1.968608,0.092397,35.0,105.0,1.31,1.0,1.3,5.0,0.096153,0.568,2.53,
exp19_hardmin,ablationfull__ballspeed9__noplot__servebox__softminbeta1000000.0,"{""--ablation"": ""full"", ""--ball-speed"": 9, ""--no-plot"": null, ""--serve-box"": null, ""--softmin-beta"": 1000000.0}",174,True,active,0.113508,1.973196,0.112653,30.0,105.0,1.78,1.0,1.9,20.0,0.113508,1.708,2.47,
exp19_hardmin,ablationfull__ballspeed9__noplot__servebox__softminbeta1000000.0,"{""--ablation"": ""full"", ""--ball-speed"": 9, ""--no-plot"": null, ""--serve-box"": null, ""--softmin-beta"": 1000000.0}",175,True,active,0.113289,1.961118,0.105305,40.0,105.0,1.74,1.0,1.5,10.0,0.113289,1.639,2.49,
exp19_hardmin,ablationfull__ballspeed9__noplot__servebox__softminbeta1000000.0,"{""--ablation"": ""full"", ""--ball-speed"": 9, ""--no-plot"": null, ""--serve-box"": null, ""--softmin-beta"": 1000000.0}",173,True,active,0.127698,1.965438,0.122276,30.0,105.0,1.79,1.0,1.9,20.0,0.127698,1.637,2.53,
exp19_hardmin,ablationfull__ballspeed9__noplot__servebox__softminbeta1000000.0,"{""--ablation"": ""full"", ""--ball-speed"": 9, ""--no-plot"": null, ""--serve-box"": null, ""--softmin-beta"": 1000000.0}",180,True,active,0.120981,2.00015,0.120981,25.0,80.0,1.81,0.96,1.8,25.0,0.120981,1.799,2.4,
exp19_hardmin,ablationfull__ballspeed9__noplot__servebox__softminbeta1000000.0,"{""--ablation"": ""full"", ""--ball-speed"": 9, ""--no-plot"": null, ""--serve-box"": null, ""--softmin-beta"": 1000000.0}",179,True,active,0.07215,1.934868,0.067801,45.0,105.0,1.8,1.0,1.8,15.0,0.07215,1.633,2.52,
exp19_hardmin,ablationfull__ballspeed9__noplot__servebox__softminbeta1000000.0,"{""--ablation"": ""full"", ""--ball-speed"": 9, ""--no-plot"": null, ""--serve-box"": null, ""--softmin-beta"": 1000000.0}",178,True,active,0.096432,1.964489,0.091924,40.0,105.0,1.8,1.0,1.7,20.0,0.096432,1.411,2.55,
exp19_hardmin,ablationfull__ballspeed9__noplot__servebox__softminbeta1000000.0,"{""--ablation"": ""full"", ""--ball-speed"": 9, ""--no-plot"": null, ""--serve-box"": null, ""--softmin-beta"": 1000000.0}",177,True,active,0.147464,1.950525,0.144923,30.0,40.0,1.8,0.99,1.8,25.0,0.147464,1.716,2.77,
exp19_hardmin,ablationfull__ballspeed9__noplot__servebox__softminbeta1000000.0,"{""--ablation"": ""full"", ""--ball-speed"": 9, ""--no-plot"": null, ""--serve-box"": null, ""--softmin-beta"": 1000000.0}",176,True,active,0.163584,1.918319,0.13863,30.0,105.0,1.27,1.0,1.7,10.0,0.163584,0.319,2.86,
exp19_hardmin,ablationfull__ballspeed9__noplot__servebox__softminbeta1000000.0,"{""--ablation"": ""full"", ""--ball-speed"": 9, ""--no-plot"": null, ""--serve-box"": null, ""--softmin-beta"": 1000000.0}",184,True,active,0.076924,1.956978,0.076924,35.0,105.0,1.35,1.0,1.6,15.0,0.076924,1.061,2.2,
exp19_hardmin,ablationfull__ballspeed9__noplot__servebox__softminbeta1000000.0,"{""--ablation"": ""full"", ""--ball-speed"": 9, ""--no-plot"": null, ""--serve-box"": null, ""--softmin-beta"": 1000000.0}",182,True,active,0.052894,1.986359,0.052894,45.0,105.0,1.7,1.0,1.4,15.0,0.052894,1.22,2.82,
exp19_hardmin,ablationfull__ballspeed9__noplot__servebox__softminbeta1000000.0,"{""--ablation"": ""full"", ""--ball-speed"": 9, ""--no-plot"": null, ""--serve-box"": null, ""--softmin-beta"": 1000000.0}",183,True,active,0.048198,1.999027,0.048198,40.0,105.0,1.79,0.99,1.8,15.0,0.048198,1.613,2.5,
exp19_hardmin,ablationfull__ballspeed9__noplot__servebox__softminbeta1000000.0,"{""--ablation"": ""full"", ""--ball-speed"": 9, ""--no-plot"": null, ""--serve-box"": null, ""--softmin-beta"": 1000000.0}",181,True,active,0.05145,2.00907,0.05145,40.0,105.0,1.76,0.99,1.4,15.0,0.05145,1.737,3.01,
exp19_hardmin,ablationfull__ballspeed9__noplot__servebox__softminbeta1000000.0,"{""--ablation"": ""full"", ""--ball-speed"": 9, ""--no-plot"": null, ""--serve-box"": null, ""--softmin-beta"": 1000000.0}",185,True,active,0.059919,2.007981,0.059919,40.0,105.0,1.8,0.99,1.4,20.0,0.059919,1.779,2.23,
exp19_hardmin,ablationfull__ballspeed9__noplot__servebox__softminbeta1000000.0,"{""--ablation"": ""full"", ""--ball-speed"": 9, ""--no-plot"": null, ""--serve-box"": null, ""--softmin-beta"": 1000000.0}",186,True,active,0.090714,1.974627,0.085796,35.0,105.0,1.81,1.0,1.6,20.0,0.090714,1.743,2.23,
exp19_hardmin,ablationfull__ballspeed9__noplot__servebox__softminbeta1000000.0,"{""--ablation"": ""full"", ""--ball-speed"": 9, ""--no-plot"": null, ""--serve-box"": null, ""--softmin-beta"": 1000000.0}",191,True,active,0.109301,1.980518,0.103741,35.0,105.0,1.8,0.99,1.9,20.0,0.109301,1.752,1.95,
exp19_hardmin,ablationfull__ballspeed9__noplot__servebox__softminbeta1000000.0,"{""--ablation"": ""full"", ""--ball-speed"": 9, ""--no-plot"": null, ""--serve-box"": null, ""--softmin-beta"": 1000000.0}",188,True,active,0.100144,1.975348,0.100144,40.0,105.0,1.56,1.0,1.7,15.0,0.100144,1.51,2.6,
exp19_hardmin,ablationfull__ballspeed9__noplot__servebox__softminbeta1000000.0,"{""--ablation"": ""full"", ""--ball-speed"": 9, ""--no-plot"": null, ""--serve-box"": null, ""--softmin-beta"": 1000000.0}",187,True,active,0.097376,1.943764,0.084485,0.0,0.0,1.78,0.99,2.1,20.0,0.097376,1.736,2.69,
exp19_hardmin,ablationfull__ballspeed9__noplot__servebox__softminbeta1000000.0,"{""--ablation"": ""full"", ""--ball-speed"": 9, ""--no-plot"": null, ""--serve-box"": null, ""--softmin-beta"": 1000000.0}",189,True,active,0.132962,1.95439,0.122868,40.0,105.0,1.76,1.0,1.7,10.0,0.132962,1.481,2.24,
exp19_hardmin,ablationfull__ballspeed9__noplot__servebox__softminbeta1000000.0,"{""--ablation"": ""full"", ""--ball-speed"": 9, ""--no-plot"": null, ""--serve-box"": null, ""--softmin-beta"": 1000000.0}",190,True,active,0.054258,1.987819,0.054258,40.0,105.0,1.81,0.9,1.6,15.0,0.054258,1.779,2.22,
exp19_hardmin,ablationfull__ballspeed9__noplot__servebox__softminbeta1000000.0,"{""--ablation"": ""full"", ""--ball-speed"": 9, ""--no-plot"": null, ""--serve-box"": null, ""--softmin-beta"": 1000000.0}",196,False,miss,0.400557,1.960764,0.134642,20.0,75.0,1.79,0.99,1.8,0.0,0.400557,0.0,2.25,
exp19_hardmin,ablationfull__ballspeed9__noplot__servebox__softminbeta1000000.0,"{""--ablation"": ""full"", ""--ball-speed"": 9, ""--no-plot"": null, ""--serve-box"": null, ""--softmin-beta"": 1000000.0}",193,True,active,0.124327,1.957626,0.116496,40.0,105.0,1.79,1.0,1.7,15.0,0.124327,1.707,2.53,
exp19_hardmin,ablationfull__ballspeed9__noplot__servebox__softminbeta1000000.0,"{""--ablation"": ""full"", ""--ball-speed"": 9, ""--no-plot"": null, ""--serve-box"": null, ""--softmin-beta"": 1000000.0}",195,True,active,0.100153,1.963287,0.100153,40.0,105.0,1.8,0.99,1.7,15.0,0.100153,1.632,2.32,
exp19_hardmin,ablationfull__ballspeed9__noplot__servebox__softminbeta1000000.0,"{""--ablation"": ""full"", ""--ball-speed"": 9, ""--no-plot"": null, ""--serve-box"": null, ""--softmin-beta"": 1000000.0}",194,True,active,0.102743,1.979828,0.101586,40.0,105.0,1.8,0.99,1.6,20.0,0.102743,1.729,2.52,
exp19_hardmin,ablationfull__ballspeed9__noplot__servebox__softminbeta1000000.0,"{""--ablation"": ""full"", ""--ball-speed"": 9, ""--no-plot"": null, ""--serve-box"": null, ""--softmin-beta"": 1000000.0}",197,True,active,0.106149,1.985806,0.100883,30.0,105.0,1.81,0.98,1.8,25.0,0.106149,1.442,2.31,
exp19_hardmin,ablationfull__ballspeed9__noplot__servebox__softminbeta1000000.0,"{""--ablation"": ""full"", ""--ball-speed"": 9, ""--no-plot"": null, ""--serve-box"": null, ""--softmin-beta"": 1000000.0}",192,True,active,0.088947,1.944635,0.082624,40.0,105.0,1.6,1.0,1.5,10.0,0.088947,1.272,2.84,
exp19_hardmin,ablationfull__ballspeed9__noplot__servebox__softminbeta1000000.0,"{""--ablation"": ""full"", ""--ball-speed"": 9, ""--no-plot"": null, ""--serve-box"": null, ""--softmin-beta"": 1000000.0}",199,True,active,0.104185,1.967375,0.089193,35.0,70.0,1.79,0.99,1.7,25.0,0.104185,1.704,2.22,
exp19_hardmin,ablationfull__ballspeed9__noplot__servebox__softminbeta1000000.0,"{""--ablation"": ""full"", ""--ball-speed"": 9, ""--no-plot"": null, ""--serve-box"": null, ""--softmin-beta"": 1000000.0}",198,True,active,0.073186,1.987795,0.073186,35.0,105.0,1.78,0.98,1.6,15.0,0.073186,1.552,2.58,
exp19_hardmin,ablationfull__ballspeed9__noplot__servebox__softminbeta1000000.0,"{""--ablation"": ""full"", ""--ball-speed"": 9, ""--no-plot"": null, ""--serve-box"": null, ""--softmin-beta"": 1000000.0}",200,False,miss,0.348114,1.922776,0.143695,0.0,0.0,1.4,1.0,1.6,0.0,0.348114,0.0,2.55,
exp19_hardmin,ablationsoftmin_only__ballspeed9__noplot__servebox__softminbeta1000000.0,"{""--ablation"": ""softmin_only"", ""--ball-speed"": 9, ""--no-plot"": null, ""--serve-box"": null, ""--softmin-beta"": 1000000.0}",2,True,active,0.088158,1.949443,0.071263,40.0,105.0,1.79,1.0,1.8,20.0,0.088158,1.77,2.23,
exp19_hardmin,ablationsoftmin_only__ballspeed9__noplot__servebox__softminbeta1000000.0,"{""--ablation"": ""softmin_only"", ""--ball-speed"": 9, ""--no-plot"": null, ""--serve-box"": null, ""--softmin-beta"": 1000000.0}",1,True,active,0.066828,1.969449,0.066828,40.0,105.0,1.81,1.0,1.4,15.0,0.066828,1.633,2.49,
exp19_hardmin,ablationsoftmin_only__ballspeed9__noplot__servebox__softminbeta1000000.0,"{""--ablation"": ""softmin_only"", ""--ball-speed"": 9, ""--no-plot"": null, ""--serve-box"": null, ""--softmin-beta"": 1000000.0}",3,True,active,0.136364,1.915635,0.123042,35.0,100.0,1.75,1.0,1.7,25.0,0.136364,1.543,2.16,
exp19_hardmin,ablationsoftmin_only__ballspeed9__noplot__servebox__softminbeta1000000.0,"{""--ablation"": ""softmin_only"", ""--ball-speed"": 9, ""--no-plot"": null, ""--serve-box"": null, ""--softmin-beta"": 1000000.0}",4,True,active,0.124026,1.955262,0.109907,40.0,105.0,1.8,0.99,1.7,20.0,0.124026,1.699,2.16,
exp19_hardmin,ablationsoftmin_only__ballspeed9__noplot__servebox__softminbeta1000000.0,"{""--ablation"": ""softmin_only"", ""--ball-speed"": 9, ""--no-plot"": null, ""--serve-box"": null, ""--softmin-beta"": 1000000.0}",7,True,active,0.102693,1.949466,0.098638,35.0,105.0,1.78,0.99,1.7,20.0,0.102693,1.761,2.13,
exp19_hardmin,ablationsoftmin_only__ballspeed9__noplot__servebox__softminbeta1000000.0,"{""--ablation"": ""softmin_only"", ""--ball-speed"": 9, ""--no-plot"": null, ""--serve-box"": null, ""--softmin-beta"": 1000000.0}",20,,,,,,,,,,,,,,0.33,no_result
exp19_hardmin,ablationsoftmin_only__ballspeed9__noplot__servebox__softminbeta1000000.0,"{""--ablation"": ""softmin_only"", ""--ball-speed"": 9, ""--no-plot"": null, ""--serve-box"": null, ""--softmin-beta"": 1000000.0}",5,True,active,0.102928,1.950802,0.069918,0.0,0.0,1.79,0.99,1.5,25.0,0.102928,1.599,2.46,
exp19_hardmin,ablationsoftmin_only__ballspeed9__noplot__servebox__softminbeta1000000.0,"{""--ablation"": ""softmin_only"", ""--ball-speed"": 9, ""--no-plot"": null, ""--serve-box"": null, ""--softmin-beta"": 1000000.0}",6,True,active,0.101852,1.949561,0.095652,35.0,105.0,1.8,0.99,1.6,20.0,0.101852,1.742,2.28,
exp19_hardmin,ablationsoftmin_only__ballspeed9__noplot__servebox__softminbeta1000000.0,"{""--ablation"": ""softmin_only"", ""--ball-speed"": 9, ""--no-plot"": null, ""--serve-box"": null, ""--softmin-beta"": 1000000.0}",21,,,,,,,,,,,,,,0.34,no_result
exp19_hardmin,ablationsoftmin_only__ballspeed9__noplot__servebox__softminbeta1000000.0,"{""--ablation"": ""softmin_only"", ""--ball-speed"": 9, ""--no-plot"": null, ""--serve-box"": null, ""--softmin-beta"": 1000000.0}",11,True,active,0.106181,1.903871,0.101442,40.0,105.0,1.61,0.99,1.4,10.0,0.106181,0.726,2.25,
exp19_hardmin,ablationsoftmin_only__ballspeed9__noplot__servebox__softminbeta1000000.0,"{""--ablation"": ""softmin_only"", ""--ball-speed"": 9, ""--no-plot"": null, ""--serve-box"": null, ""--softmin-beta"": 1000000.0}",10,True,active,0.099043,1.962539,0.09668,40.0,105.0,1.8,1.0,1.6,15.0,0.099043,1.679,2.26,
exp19_hardmin,ablationsoftmin_only__ballspeed9__noplot__servebox__softminbeta1000000.0,"{""--ablation"": ""softmin_only"", ""--ball-speed"": 9, ""--no-plot"": null, ""--serve-box"": null, ""--softmin-beta"": 1000000.0}",8,True,active,0.144053,1.957843,0.122077,35.0,105.0,1.24,1.0,1.6,0.0,0.144053,0.473,2.57,
exp19_hardmin,ablationsoftmin_only__ballspeed9__noplot__servebox__softminbeta1000000.0,"{""--ablation"": ""softmin_only"", ""--ball-speed"": 9, ""--no-plot"": null, ""--serve-box"": null, ""--softmin-beta"": 1000000.0}",9,True,active,0.137239,1.963303,0.132473,30.0,85.0,1.78,0.99,1.8,15.0,0.137239,1.756,2.65,
exp19_hardmin,ablationsoftmin_only__ballspeed9__noplot__servebox__softminbeta1000000.0,"{""--ablation"": ""softmin_only"", ""--ball-speed"": 9, ""--no-plot"": null, ""--serve-box"": null, ""--softmin-beta"": 1000000.0}",14,True,active,0.085752,1.98576,0.085752,40.0,105.0,1.79,1.0,1.4,15.0,0.085752,1.757,2.7,
exp19_hardmin,ablationsoftmin_only__ballspeed9__noplot__servebox__softminbeta1000000.0,"{""--ablation"": ""softmin_only"", ""--ball-speed"": 9, ""--no-plot"": null, ""--serve-box"": null, ""--softmin-beta"": 1000000.0}",13,True,active,0.143171,1.916528,0.140791,35.0,75.0,1.14,1.0,1.4,5.0,0.143171,0.746,2.74,
exp19_hardmin,ablationsoftmin_only__ballspeed9__noplot__servebox__softminbeta1000000.0,"{""--ablation"": ""softmin_only"", ""--ball-speed"": 9, ""--no-plot"": null, ""--serve-box"": null, ""--softmin-beta"": 1000000.0}",15,True,active,0.108297,1.950195,0.10011,0.0,0.0,1.77,0.98,2.1,15.0,0.108297,1.775,2.49,
exp19_hardmin,ablationsoftmin_only__ballspeed9__noplot__servebox__softminbeta1000000.0,"{""--ablation"": ""softmin_only"", ""--ball-speed"": 9, ""--no-plot"": null, ""--serve-box"": null, ""--softmin-beta"": 1000000.0}",16,True,active,0.065409,1.976202,0.058801,5.0,45.0,1.63,1.0,1.6,15.0,0.065409,1.347,2.35,
exp19_hardmin,ablationsoftmin_only__ballspeed9__noplot__servebox__softminbeta1000000.0,"{""--ablation"": ""softmin_only"", ""--ball-speed"": 9, ""--no-plot"": null, ""--serve-box"": null, ""--softmin-beta"": 1000000.0}",12,True,active,0.073309,1.951965,0.073309,40.0,105.0,1.8,0.99,1.8,20.0,0.073309,1.781,2.84,
exp19_hardmin,ablationsoftmin_only__ballspeed9__noplot__servebox__softminbeta1000000.0,"{""--ablation"": ""softmin_only"", ""--ball-speed"": 9, ""--no-plot"": null, ""--serve-box"": null, ""--softmin-beta"": 1000000.0}",18,True,active,0.114785,1.992625,0.114785,30.0,105.0,1.81,0.99,1.9,20.0,0.114785,1.653,2.09,
exp19_hardmin,ablationsoftmin_only__ballspeed9__noplot__servebox__softminbeta1000000.0,"{""--ablation"": ""softmin_only"", ""--ball-speed"": 9, ""--no-plot"": null, ""--serve-box"": null, ""--softmin-beta"": 1000000.0}",19,True,active,0.113456,1.937541,0.099306,0.0,0.0,1.78,0.99,2.0,25.0,0.113456,1.64,2.23,
exp19_hardmin,ablationsoftmin_only__ballspeed9__noplot__servebox__softminbeta1000000.0,"{""--ablation"": ""softmin_only"", ""--ball-speed"": 9, ""--no-plot"": null, ""--serve-box"": null, ""--softmin-beta"": 1000000.0}",17,True,active,0.084584,1.933899,0.081288,45.0,105.0,1.4,1.0,1.3,5.0,0.084584,0.55,2.62,
exp19_hardmin,ablationsoftmin_only__ballspeed9__noplot__servebox__softminbeta1000000.0,"{""--ablation"": ""softmin_only"", ""--ball-speed"": 9, ""--no-plot"": null, ""--serve-box"": null, ""--softmin-beta"": 1000000.0}",24,False,miss,0.31935,1.934235,0.130031,0.0,15.0,1.76,1.0,1.7,0.0,0.31935,0.0,2.18,
exp19_hardmin,ablationsoftmin_only__ballspeed9__noplot__servebox__softminbeta1000000.0,"{""--ablation"": ""softmin_only"", ""--ball-speed"": 9, ""--no-plot"": null, ""--serve-box"": null, ""--softmin-beta"": 1000000.0}",23,True,active,0.10577,1.94775,0.10577,35.0,105.0,1.78,0.99,1.9,15.0,0.10577,1.696,2.35,
exp19_hardmin,ablationsoftmin_only__ballspeed9__noplot__servebox__softminbeta1000000.0,"{""--ablation"": ""softmin_only"", ""--ball-speed"": 9, ""--no-plot"": null, ""--serve-box"": null, ""--softmin-beta"": 1000000.0}",22,True,active,0.103354,1.918014,0.064216,0.0,0.0,1.8,1.0,1.8,25.0,0.103354,1.782,2.65,
exp19_hardmin,ablationsoftmin_only__ballspeed9__noplot__servebox__softminbeta1000000.0,"{""--ablation"": ""softmin_only"", ""--ball-speed"": 9, ""--no-plot"": null, ""--serve-box"": null, ""--softmin-beta"": 1000000.0}",25,False,miss,0.334178,1.933358,0.201624,0.0,0.0,1.37,0.99,1.6,0.0,0.334178,0.0,2.74,
exp19_hardmin,ablationsoftmin_only__ballspeed9__noplot__servebox__softminbeta1000000.0,"{""--ablation"": ""softmin_only"", ""--ball-speed"": 9, ""--no-plot"": null, ""--serve-box"": null, ""--softmin-beta"": 1000000.0}",26,True,active,0.093695,1.948249,0.093695,40.0,105.0,1.8,1.0,1.6,20.0,0.093695,1.532,2.59,
exp19_hardmin,ablationsoftmin_only__ballspeed9__noplot__servebox__softminbeta1000000.0,"{""--ablation"": ""softmin_only"", ""--ball-speed"": 9, ""--no-plot"": null, ""--serve-box"": null, ""--softmin-beta"": 1000000.0}",28,True,active,0.101673,1.934764,0.08609,0.0,0.0,1.79,0.98,1.6,20.0,0.101673,1.745,2.35,
exp19_hardmin,ablationsoftmin_only__ballspeed9__noplot__servebox__softminbeta1000000.0,"{""--ablation"": ""softmin_only"", ""--ball-speed"": 9, ""--no-plot"": null, ""--serve-box"": null, ""--softmin-beta"": 1000000.0}",34,True,active,0.090987,1.983368,0.090987,30.0,105.0,1.81,1.0,1.7,20.0,0.090987,1.661,2.03,
exp19_hardmin,ablationsoftmin_only__ballspeed9__noplot__servebox__softminbeta1000000.0,"{""--ablation"": ""softmin_only"", ""--ball-speed"": 9, ""--no-plot"": null, ""--serve-box"": null, ""--softmin-beta"": 1000000.0}",27,True,active,0.034768,1.914805,0.034768,40.0,105.0,1.48,1.0,1.7,10.0,0.034768,0.754,2.81,
exp19_hardmin,ablationsoftmin_only__ballspeed9__noplot__servebox__softminbeta1000000.0,"{""--ablation"": ""softmin_only"", ""--ball-speed"": 9, ""--no-plot"": null, ""--serve-box"": null, ""--softmin-beta"": 1000000.0}",29,True,active,0.106484,1.908637,0.103471,35.0,105.0,0.99,1.0,1.2,5.0,0.106484,0.363,2.54,
exp19_hardmin,ablationsoftmin_only__ballspeed9__noplot__servebox__softminbeta1000000.0,"{""--ablation"": ""softmin_only"", ""--ball-speed"": 9, ""--no-plot"": null, ""--serve-box"": null, ""--softmin-beta"": 1000000.0}",32,True,active,0.102336,1.943804,0.089879,45.0,105.0,1.74,1.0,1.7,15.0,0.102336,1.74,2.38,
exp19_hardmin,ablationsoftmin_only__ballspeed9__noplot__servebox__softminbeta1000000.0,"{""--ablation"": ""softmin_only"", ""--ball-speed"": 9, ""--no-plot"": null, ""--serve-box"": null, ""--softmin-beta"": 1000000.0}",30,True,active,0.071285,1.94592,0.051287,0.0,0.0,1.79,0.98,1.7,20.0,0.071285,1.784,2.42,
exp19_hardmin,ablationsoftmin_only__ballspeed9__noplot__servebox__softminbeta1000000.0,"{""--ablation"": ""softmin_only"", ""--ball-speed"": 9, ""--no-plot"": null, ""--serve-box"": null, ""--softmin-beta"": 1000000.0}",31,False,miss,0.355259,1.968782,0.153555,25.0,0.0,1.5,0.99,1.4,0.0,0.355259,0.0,2.47,
exp19_hardmin,ablationsoftmin_only__ballspeed9__noplot__servebox__softminbeta1000000.0,"{""--ablation"": ""softmin_only"", ""--ball-speed"": 9, ""--no-plot"": null, ""--serve-box"": null, ""--softmin-beta"": 1000000.0}",33,True,active,0.110297,1.972966,0.110297,35.0,105.0,1.79,0.98,2.0,15.0,0.110297,1.783,2.75,
exp19_hardmin,ablationsoftmin_only__ballspeed9__noplot__servebox__softminbeta1000000.0,"{""--ablation"": ""softmin_only"", ""--ball-speed"": 9, ""--no-plot"": null, ""--serve-box"": null, ""--softmin-beta"": 1000000.0}",35,True,active,0.113393,1.959297,0.104403,40.0,105.0,1.79,0.99,1.7,20.0,0.113393,1.656,2.3,
exp19_hardmin,ablationsoftmin_only__ballspeed9__noplot__servebox__softminbeta1000000.0,"{""--ablation"": ""softmin_only"", ""--ball-speed"": 9, ""--no-plot"": null, ""--serve-box"": null, ""--softmin-beta"": 1000000.0}",36,True,active,0.115858,1.931859,0.113812,35.0,105.0,1.79,1.0,1.8,10.0,0.115858,1.403,2.16,
exp19_hardmin,ablationsoftmin_only__ballspeed9__noplot__servebox__softminbeta1000000.0,"{""--ablation"": ""softmin_only"", ""--ball-speed"": 9, ""--no-plot"": null, ""--serve-box"": null, ""--softmin-beta"": 1000000.0}",37,True,active,0.139205,1.965343,0.125334,35.0,65.0,1.65,1.0,1.7,20.0,0.139205,1.298,2.28,
exp19_hardmin,ablationsoftmin_only__ballspeed9__noplot__servebox__softminbeta1000000.0,"{""--ablation"": ""softmin_only"", ""--ball-speed"": 9, ""--no-plot"": null, ""--serve-box"": null, ""--softmin-beta"": 1000000.0}",38,True,active,0.089315,1.985162,0.089315,30.0,105.0,1.81,1.0,1.7,20.0,0.089315,1.452,2.53,
exp19_hardmin,ablationsoftmin_only__ballspeed9__noplot__servebox__softminbeta1000000.0,"{""--ablation"": ""softmin_only"", ""--ball-speed"": 9, ""--no-plot"": null, ""--serve-box"": null, ""--softmin-beta"": 1000000.0}",39,True,active,0.091562,1.913835,0.091562,40.0,105.0,1.8,0.99,2.0,10.0,0.091562,1.773,2.46,
exp19_hardmin,ablationsoftmin_only__ballspeed9__noplot__servebox__softminbeta1000000.0,"{""--ablation"": ""softmin_only"", ""--ball-speed"": 9, ""--no-plot"": null, ""--serve-box"": null, ""--softmin-beta"": 1000000.0}",40,True,active,0.073123,1.977508,0.073123,40.0,105.0,1.81,0.98,1.7,15.0,0.073123,1.732,2.24,
exp19_hardmin,ablationsoftmin_only__ballspeed9__noplot__servebox__softminbeta1000000.0,"{""--ablation"": ""softmin_only"", ""--ball-speed"": 9, ""--no-plot"": null, ""--serve-box"": null, ""--softmin-beta"": 1000000.0}",41,True,active,0.056175,1.99712,0.034779,40.0,105.0,1.8,1.0,2.1,5.0,0.056175,1.348,2.2,
exp19_hardmin,ablationsoftmin_only__ballspeed9__noplot__servebox__softminbeta1000000.0,"{""--ablation"": ""softmin_only"", ""--ball-speed"": 9, ""--no-plot"": null, ""--serve-box"": null, ""--softmin-beta"": 1000000.0}",42,True,active,0.094911,1.966659,0.094911,35.0,105.0,1.81,1.0,1.7,20.0,0.094911,1.537,2.32,
exp19_hardmin,ablationsoftmin_only__ballspeed9__noplot__servebox__softminbeta1000000.0,"{""--ablation"": ""softmin_only"", ""--ball-speed"": 9, ""--no-plot"": null, ""--serve-box"": null, ""--softmin-beta"": 1000000.0}",46,True,active,0.108509,1.968238,0.104566,35.0,105.0,1.34,0.99,1.4,10.0,0.108509,1.098,2.1,
exp19_hardmin,ablationsoftmin_only__ballspeed9__noplot__servebox__softminbeta1000000.0,"{""--ablation"": ""softmin_only"", ""--ball-speed"": 9, ""--no-plot"": null, ""--serve-box"": null, ""--softmin-beta"": 1000000.0}",44,True,active,0.129566,1.964778,0.121275,40.0,105.0,1.83,1.0,2.2,20.0,0.129566,1.757,2.21,
exp19_hardmin,ablationsoftmin_only__ballspeed9__noplot__servebox__softminbeta1000000.0,"{""--ablation"": ""softmin_only"", ""--ball-speed"": 9, ""--no-plot"": null, ""--serve-box"": null, ""--softmin-beta"": 1000000.0}",43,True,active,0.115631,1.944806,0.113097,35.0,105.0,1.8,1.0,1.8,25.0,0.115631,1.395,2.54,
exp19_hardmin,ablationsoftmin_only__ballspeed9__noplot__servebox__softminbeta1000000.0,"{""--ablation"": ""softmin_only"", ""--ball-speed"": 9, ""--no-plot"": null, ""--serve-box"": null, ""--softmin-beta"": 1000000.0}",47,True,active,0.064985,1.887022,0.064985,50.0,105.0,1.52,0.98,1.6,10.0,0.064985,1.116,2.33,
exp19_hardmin,ablationsoftmin_only__ballspeed9__noplot__servebox__softminbeta1000000.0,"{""--ablation"": ""softmin_only"", ""--ball-speed"": 9, ""--no-plot"": null, ""--serve-box"": null, ""--softmin-beta"": 1000000.0}",45,True,active,0.109188,1.972797,0.108132,35.0,105.0,1.81,1.0,1.8,20.0,0.109188,1.799,2.66,
exp19_hardmin,ablationsoftmin_only__ballspeed9__noplot__servebox__softminbeta1000000.0,"{""--ablation"": ""softmin_only"", ""--ball-speed"": 9, ""--no-plot"": null, ""--serve-box"": null, ""--softmin-beta"": 1000000.0}",48,True,active,0.105045,1.942427,0.099419,35.0,105.0,1.79,1.0,1.7,20.0,0.105045,1.75,2.42,
exp19_hardmin,ablationsoftmin_only__ballspeed9__noplot__servebox__softminbeta1000000.0,"{""--ablation"": ""softmin_only"", ""--ball-speed"": 9, ""--no-plot"": null, ""--serve-box"": null, ""--softmin-beta"": 1000000.0}",49,True,active,0.091449,1.949414,0.084788,45.0,105.0,1.78,0.99,1.9,20.0,0.091449,1.743,2.46,
exp19_hardmin,ablationsoftmin_only__ballspeed9__noplot__servebox__softminbeta1000000.0,"{""--ablation"": ""softmin_only"", ""--ball-speed"": 9, ""--no-plot"": null, ""--serve-box"": null, ""--softmin-beta"": 1000000.0}",51,True,active,0.112968,1.953826,0.099565,40.0,105.0,1.68,1.0,1.8,15.0,0.112968,1.562,2.32,
exp19_hardmin,ablationsoftmin_only__ballspeed9__noplot__servebox__softminbeta1000000.0,"{""--ablation"": ""softmin_only"", ""--ball-speed"": 9, ""--no-plot"": null, ""--serve-box"": null, ""--softmin-beta"": 1000000.0}",53,True,active,0.043133,1.938171,0.043133,40.0,105.0,1.41,1.0,1.5,10.0,0.043133,0.467,2.2,
exp19_hardmin,ablationsoftmin_only__ballspeed9__noplot__servebox__softminbeta1000000.0,"{""--ablation"": ""softmin_only"", ""--ball-speed"": 9, ""--no-plot"": null, ""--serve-box"": null, ""--softmin-beta"": 1000000.0}",52,True,active,0.083158,1.959336,0.078359,35.0,105.0,1.8,0.99,1.5,20.0,0.083158,1.743,2.67,
exp19_hardmin,ablationsoftmin_only__ballspeed9__noplot__servebox__softminbeta1000000.0,"{""--ablation"": ""softmin_only"", ""--ball-speed"": 9, ""--no-plot"": null, ""--serve-box"": null, ""--softmin-beta"": 1000000.0}",50,True,active,0.11287,1.94601,0.106058,30.0,85.0,1.81,1.0,2.0,20.0,0.11287,1.724,3.01,
exp19_hardmin,ablationsoftmin_only__ballspeed9__noplot__servebox__softminbeta1000000.0,"{""--ablation"": ""softmin_only"", ""--ball-speed"": 9, ""--no-plot"": null, ""--serve-box"": null, ""--softmin-beta"": 1000000.0}",55,True,active,0.088314,1.991799,0.082141,40.0,105.0,1.8,0.96,1.9,20.0,0.088314,1.797,2.24,
exp19_hardmin,ablationsoftmin_only__ballspeed9__noplot__servebox__softminbeta1000000.0,"{""--ablation"": ""softmin_only"", ""--ball-speed"": 9, ""--no-plot"": null, ""--serve-box"": null, ""--softmin-beta"": 1000000.0}",56,False,miss,0.368242,1.958887,0.14745,0.0,0.0,1.79,1.0,2.0,0.0,0.368242,0.0,2.18,
exp19_hardmin,ablationsoftmin_only__ballspeed9__noplot__servebox__softminbeta1000000.0,"{""--ablation"": ""softmin_only"", ""--ball-speed"": 9, ""--no-plot"": null, ""--serve-box"": null, ""--softmin-beta"": 1000000.0}",54,True,active,0.026602,2.002052,0.026602,0.0,40.0,1.83,0.99,1.8,25.0,0.026602,1.798,2.68,
exp19_hardmin,ablationsoftmin_only__ballspeed9__noplot__servebox__softminbeta1000000.0,"{""--ablation"": ""softmin_only"", ""--ball-speed"": 9, ""--no-plot"": null, ""--serve-box"": null, ""--softmin-beta"": 1000000.0}",57,True,active,0.097783,1.972986,0.092844,0.0,0.0,1.8,0.93,2.0,20.0,0.097783,1.789,2.6,
exp19_hardmin,ablationsoftmin_only__ballspeed9__noplot__servebox__softminbeta1000000.0,"{""--ablation"": ""softmin_only"", ""--ball-speed"": 9, ""--no-plot"": null, ""--serve-box"": null, ""--softmin-beta"": 1000000.0}",60,True,active,0.127872,1.958513,0.126691,35.0,105.0,1.8,1.0,1.9,20.0,0.127872,1.57,2.44,
exp19_hardmin,ablationsoftmin_only__ballspeed9__noplot__servebox__softminbeta1000000.0,"{""--ablation"": ""softmin_only"", ""--ball-speed"": 9, ""--no-plot"": null, ""--serve-box"": null, ""--softmin-beta"": 1000000.0}",59,True,active,0.096787,1.962974,0.089674,35.0,85.0,1.79,1.0,1.8,25.0,0.096787,1.79,2.58,
exp19_hardmin,ablationsoftmin_only__ballspeed9__noplot__servebox__softminbeta1000000.0,"{""--ablation"": ""softmin_only"", ""--ball-speed"": 9, ""--no-plot"": null, ""--serve-box"": null, ""--softmin-beta"": 1000000.0}",61,True,active,0.114318,1.984063,0.114318,30.0,105.0,1.81,1.0,1.6,20.0,0.114318,1.692,2.49,
exp19_hardmin,ablationsoftmin_only__ballspeed9__noplot__servebox__softminbeta1000000.0,"{""--ablation"": ""softmin_only"", ""--ball-speed"": 9, ""--no-plot"": null, ""--serve-box"": null, ""--softmin-beta"": 1000000.0}",58,True,active,0.077252,1.896829,0.07613,45.0,105.0,1.4,1.0,1.8,15.0,0.077252,1.252,2.8,
exp19_hardmin,ablationsoftmin_only__ballspeed9__noplot__servebox__softminbeta1000000.0,"{""--ablation"": ""softmin_only"", ""--ball-speed"": 9, ""--no-plot"": null, ""--serve-box"": null, ""--softmin-beta"": 1000000.0}",65,True,active,0.092845,1.99361,0.092845,30.0,105.0,1.82,1.0,1.8,20.0,0.092845,1.775,2.16,
exp19_hardmin,ablationsoftmin_only__ballspeed9__noplot__servebox__softminbeta1000000.0,"{""--ablation"": ""softmin_only"", ""--ball-speed"": 9, ""--no-plot"": null, ""--serve-box"": null, ""--softmin-beta"": 1000000.0}",62,True,active,0.095273,1.973723,0.092454,35.0,105.0,1.8,0.99,1.8,20.0,0.095273,1.673,2.48,
exp19_hardmin,ablationsoftmin_only__ballspeed9__noplot__servebox__softminbeta1000000.0,"{""--ablation"": ""softmin_only"", ""--ball-speed"": 9, ""--no-plot"": null, ""--serve-box"": null, ""--softmin-beta"": 1000000.0}",63,True,active,0.072817,1.982574,0.072817,40.0,105.0,1.81,1.0,1.5,20.0,0.072817,1.57,2.47,
exp19_hardmin,ablationsoftmin_only__ballspeed9__noplot__servebox__softminbeta1000000.0,"{""--ablation"": ""softmin_only"", ""--ball-speed"": 9, ""--no-plot"": null, ""--serve-box"": null, ""--softmin-beta"": 1000000.0}",64,True,active,0.128042,1.958688,0.118029,35.0,105.0,1.81,0.99,1.6,20.0,0.128042,1.687,2.47,
exp19_hardmin,ablationsoftmin_only__ballspeed9__noplot__servebox__softminbeta1000000.0,"{""--ablation"": ""softmin_only"", ""--ball-speed"": 9, ""--no-plot"": null, ""--serve-box"": null, ""--softmin-beta"": 1000000.0}",66,True,active,0.124686,1.952174,0.112218,40.0,100.0,1.8,1.0,1.8,20.0,0.124686,1.52,2.35,
exp19_hardmin,ablationsoftmin_only__ballspeed9__noplot__servebox__softminbeta1000000.0,"{""--ablation"": ""softmin_only"", ""--ball-speed"": 9, ""--no-plot"": null, ""--serve-box"": null, ""--softmin-beta"": 1000000.0}",67,True,active,0.073771,1.954488,0.073771,35.0,105.0,1.78,0.99,1.8,15.0,0.073771,1.568,2.37,
exp19_hardmin,ablationsoftmin_only__ballspeed9__noplot__servebox__softminbeta1000000.0,"{""--ablation"": ""softmin_only"", ""--ball-speed"": 9, ""--no-plot"": null, ""--serve-box"": null, ""--softmin-beta"": 1000000.0}",69,True,active,0.113759,1.943672,0.111138,35.0,105.0,1.77,1.0,1.9,20.0,0.113759,1.556,2.32,
exp19_hardmin,ablationsoftmin_only__ballspeed9__noplot__servebox__softminbeta1000000.0,"{""--ablation"": ""softmin_only"", ""--ball-speed"": 9, ""--no-plot"": null, ""--serve-box"": null, ""--softmin-beta"": 1000000.0}",68,True,active,0.071333,1.922423,0.064737,45.0,105.0,1.62,1.0,1.1,5.0,0.071333,1.194,2.76,
exp19_hardmin,ablationsoftmin_only__ballspeed9__noplot__servebox__softminbeta1000000.0,"{""--ablation"": ""softmin_only"", ""--ball-speed"": 9, ""--no-plot"": null, ""--serve-box"": null, ""--softmin-beta"": 1000000.0}",70,True,active,0.082875,1.983895,0.082875,40.0,105.0,1.79,1.0,1.7,20.0,0.082875,1.761,2.48,
exp19_hardmin,ablationsoftmin_only__ballspeed9__noplot__servebox__softminbeta1000000.0,"{""--ablation"": ""softmin_only"", ""--ball-speed"": 9, ""--no-plot"": null, ""--serve-box"": null, ""--softmin-beta"": 1000000.0}",72,True,active,0.074501,1.984458,0.074501,40.0,105.0,1.79,0.99,1.8,15.0,0.074501,1.748,2.34,
exp19_hardmin,ablationsoftmin_only__ballspeed9__noplot__servebox__softminbeta1000000.0,"{""--ablation"": ""softmin_only"", ""--ball-speed"": 9, ""--no-plot"": null, ""--serve-box"": null, ""--softmin-beta"": 1000000.0}",71,True,active,0.126612,1.976013,0.126612,20.0,80.0,1.78,1.0,1.9,25.0,0.126612,1.555,2.68,
exp19_hardmin,ablationsoftmin_only__ballspeed9__noplot__servebox__softminbeta1000000.0,"{""--ablation"": ""softmin_only"", ""--ball-speed"": 9, ""--no-plot"": null, ""--serve-box"": null, ""--softmin-beta"": 1000000.0}",73,True,active,0.140882,1.988806,0.136042,35.0,105.0,1.73,0.99,1.5,20.0,0.140882,1.456,2.24,
exp19_hardmin,ablationsoftmin_only__ballspeed9__noplot__servebox__softminbeta1000000.0,"{""--ablation"": ""softmin_only"", ""--ball-speed"": 9, ""--no-plot"": null, ""--serve-box"": null, ""--softmin-beta"": 1000000.0}",75,True,active,0.12734,1.946594,0.126058,35.0,105.0,1.3,0.99,1.5,5.0,0.12734,0.788,2.09,
exp19_hardmin,ablationsoftmin_only__ballspeed9__noplot__servebox__softminbeta1000000.0,"{""--ablation"": ""softmin_only"", ""--ball-speed"": 9, ""--no-plot"": null, ""--serve-box"": null, ""--softmin-beta"": 1000000.0}",74,True,active,0.102079,1.949042,0.092375,40.0,105.0,1.8,0.99,1.8,20.0,0.102079,1.612,2.42,
exp19_hardmin,ablationsoftmin_only__ballspeed9__noplot__servebox__softminbeta1000000.0,"{""--ablation"": ""softmin_only"", ""--ball-speed"": 9, ""--no-plot"": null, ""--serve-box"": null, ""--softmin-beta"": 1000000.0}",76,True,active,0.084506,1.911595,0.079259,0.0,0.0,1.68,0.99,1.8,15.0,0.084506,1.582,2.37,
exp19_hardmin,ablationsoftmin_only__ballspeed9__noplot__servebox__softminbeta1000000.0,"{""--ablation"": ""softmin_only"", ""--ball-speed"": 9, ""--no-plot"": null, ""--serve-box"": null, ""--softmin-beta"": 1000000.0}",78,True,active,0.087023,1.93995,0.083849,35.0,105.0,1.8,0.99,1.8,20.0,0.087023,1.635,2.37,
exp19_hardmin,ablationsoftmin_only__ballspeed9__noplot__servebox__softminbeta1000000.0,"{""--ablation"": ""softmin_only"", ""--ball-speed"": 9, ""--no-plot"": null, ""--serve-box"": null, ""--softmin-beta"": 1000000.0}",79,True,active,0.109749,1.943225,0.078906,25.0,60.0,1.79,0.99,1.6,20.0,0.109749,1.751,2.27,
exp19_hardmin,ablationsoftmin_only__ballspeed9__noplot__servebox__softminbeta1000000.0,"{""--ablation"": ""softmin_only"", ""--ball-speed"": 9, ""--no-plot"": null, ""--serve-box"": null, ""--softmin-beta"": 1000000.0}",77,True,active,0.092238,1.911211,0.08295,40.0,105.0,1.48,1.0,1.4,15.0,0.092238,1.407,2.6,
exp19_hardmin,ablationsoftmin_only__ballspeed9__noplot__servebox__softminbeta1000000.0,"{""--ablation"": ""softmin_only"", ""--ball-speed"": 9, ""--no-plot"": null, ""--serve-box"": null, ""--softmin-beta"": 1000000.0}",80,True,active,0.030953,1.933759,0.030953,50.0,105.0,1.81,1.0,1.5,10.0,0.030953,0.789,2.39,
exp19_hardmin,ablationsoftmin_only__ballspeed9__noplot__servebox__softminbeta1000000.0,"{""--ablation"": ""softmin_only"", ""--ball-speed"": 9, ""--no-plot"": null, ""--serve-box"": null, ""--softmin-beta"": 1000000.0}",81,True,active,0.071023,1.982943,0.071023,35.0,105.0,1.79,1.0,1.8,20.0,0.071023,1.411,2.46,
exp19_hardmin,ablationsoftmin_only__ballspeed9__noplot__servebox__softminbeta1000000.0,"{""--ablation"": ""softmin_only"", ""--ball-speed"": 9, ""--no-plot"": null, ""--serve-box"": null, ""--softmin-beta"": 1000000.0}",82,True,active,0.093253,1.963819,0.093253,30.0,105.0,1.81,1.0,1.7,20.0,0.093253,1.75,2.37,
exp19_hardmin,ablationsoftmin_only__ballspeed9__noplot__servebox__softminbeta1000000.0,"{""--ablation"": ""softmin_only"", ""--ball-speed"": 9, ""--no-plot"": null, ""--serve-box"": null, ""--softmin-beta"": 1000000.0}",83,True,active,0.106132,1.987813,0.106132,40.0,105.0,1.59,1.0,1.5,15.0,0.106132,1.425,2.39,
exp19_hardmin,ablationsoftmin_only__ballspeed9__noplot__servebox__softminbeta1000000.0,"{""--ablation"": ""softmin_only"", ""--ball-speed"": 9, ""--no-plot"": null, ""--serve-box"": null, ""--softmin-beta"": 1000000.0}",88,True,active,0.101654,1.967029,0.101654,35.0,105.0,1.8,0.99,2.0,20.0,0.101654,1.669,2.15,
exp19_hardmin,ablationsoftmin_only__ballspeed9__noplot__servebox__softminbeta1000000.0,"{""--ablation"": ""softmin_only"", ""--ball-speed"": 9, ""--no-plot"": null, ""--serve-box"": null, ""--softmin-beta"": 1000000.0}",85,True,active,0.076236,1.966507,0.074221,40.0,105.0,1.8,0.99,1.6,10.0,0.076236,1.656,2.53,
exp19_hardmin,ablationsoftmin_only__ballspeed9__noplot__servebox__softminbeta1000000.0,"{""--ablation"": ""softmin_only"", ""--ball-speed"": 9, ""--no-plot"": null, ""--serve-box"": null, ""--softmin-beta"": 1000000.0}",86,True,active,0.084805,1.952287,0.084805,40.0,105.0,1.78,1.0,1.8,15.0,0.084805,1.657,2.52,
exp19_hardmin,ablationsoftmin_only__ballspeed9__noplot__servebox__softminbeta1000000.0,"{""--ablation"": ""softmin_only"", ""--ball-speed"": 9, ""--no-plot"": null, ""--serve-box"": null, ""--softmin-beta"": 1000000.0}",84,True,active,0.076655,1.959534,0.070055,40.0,105.0,1.8,1.0,1.8,20.0,0.076655,1.718,2.83,
exp19_hardmin,ablationsoftmin_only__ballspeed9__noplot__servebox__softminbeta1000000.0,"{""--ablation"": ""softmin_only"", ""--ball-speed"": 9, ""--no-plot"": null, ""--serve-box"": null, ""--softmin-beta"": 1000000.0}",87,True,active,0.132261,1.950591,0.121874,35.0,100.0,1.78,0.99,1.9,20.0,0.132261,1.465,2.46,
exp19_hardmin,ablationsoftmin_only__ballspeed9__noplot__servebox__softminbeta1000000.0,"{""--ablation"": ""softmin_only"", ""--ball-speed"": 9, ""--no-plot"": null, ""--serve-box"": null, ""--softmin-beta"": 1000000.0}",90,True,active,0.087297,1.974534,0.085874,40.0,105.0,1.81,0.96,2.1,15.0,0.087297,1.806,2.31,
exp19_hardmin,ablationsoftmin_only__ballspeed9__noplot__servebox__softminbeta1000000.0,"{""--ablation"": ""softmin_only"", ""--ball-speed"": 9, ""--no-plot"": null, ""--serve-box"": null, ""--softmin-beta"": 1000000.0}",89,True,active,0.079683,1.937969,0.079683,40.0,105.0,1.79,0.97,1.8,15.0,0.079683,1.784,2.55,
exp19_hardmin,ablationsoftmin_only__ballspeed9__noplot__servebox__softminbeta1000000.0,"{""--ablation"": ""softmin_only"", ""--ball-speed"": 9, ""--no-plot"": null, ""--serve-box"": null, ""--softmin-beta"": 1000000.0}",94,True,active,0.094843,1.978892,0.094843,35.0,105.0,1.8,0.97,1.8,20.0,0.094843,1.744,2.11,
exp19_hardmin,ablationsoftmin_only__ballspeed9__noplot__servebox__softminbeta1000000.0,"{""--ablation"": ""softmin_only"", ""--ball-speed"": 9, ""--no-plot"": null, ""--serve-box"": null, ""--softmin-beta"": 1000000.0}",92,True,active,0.106301,1.956975,0.087002,40.0,105.0,1.79,1.0,1.9,30.0,0.106301,1.716,2.4,
exp19_hardmin,ablationsoftmin_only__ballspeed9__noplot__servebox__softminbeta1000000.0,"{""--ablation"": ""softmin_only"", ""--ball-speed"": 9, ""--no-plot"": null, ""--serve-box"": null, ""--softmin-beta"": 1000000.0}",93,True,active,0.095907,1.937913,0.085582,45.0,105.0,1.79,0.99,2.1,15.0,0.095907,1.731,2.47,
exp19_hardmin,ablationsoftmin_only__ballspeed9__noplot__servebox__softminbeta1000000.0,"{""--ablation"": ""softmin_only"", ""--ball-speed"": 9, ""--no-plot"": null, ""--serve-box"": null, ""--softmin-beta"": 1000000.0}",91,True,active,0.006856,1.964642,0.006856,55.0,105.0,1.6,1.0,1.5,5.0,0.006856,0.674,2.77,
exp19_hardmin,ablationsoftmin_only__ballspeed9__noplot__servebox__softminbeta1000000.0,"{""--ablation"": ""softmin_only"", ""--ball-speed"": 9, ""--no-plot"": null, ""--serve-box"": null, ""--softmin-beta"": 1000000.0}",99,True,active,0.12259,1.963722,0.117563,35.0,105.0,1.8,1.0,1.8,20.0,0.12259,1.802,2.07,
exp19_hardmin,ablationsoftmin_only__ballspeed9__noplot__servebox__softminbeta1000000.0,"{""--ablation"": ""softmin_only"", ""--ball-speed"": 9, ""--no-plot"": null, ""--serve-box"": null, ""--softmin-beta"": 1000000.0}",98,True,active,0.085684,1.932208,0.056169,0.0,0.0,1.79,0.99,1.4,20.0,0.085684,1.706,2.27,
exp19_hardmin,ablationsoftmin_only__ballspeed9__noplot__servebox__softminbeta1000000.0,"{""--ablation"": ""softmin_only"", ""--ball-speed"": 9, ""--no-plot"": null, ""--serve-box"": null, ""--softmin-beta"": 1000000.0}",96,True,active,0.08302,1.980066,0.077081,35.0,105.0,1.81,0.94,1.8,20.0,0.08302,1.739,2.48,
exp19_hardmin,ablationsoftmin_only__ballspeed9__noplot__servebox__softminbeta1000000.0,"{""--ablation"": ""softmin_only"", ""--ball-speed"": 9, ""--no-plot"": null, ""--serve-box"": null, ""--softmin-beta"": 1000000.0}",97,True,active,0.131872,1.974839,0.122389,30.0,85.0,1.79,1.0,1.9,20.0,0.131872,1.681,2.44,
exp19_hardmin,ablationsoftmin_only__ballspeed9__noplot__servebox__softminbeta1000000.0,"{""--ablation"": ""softmin_only"", ""--ball-speed"": 9, ""--no-plot"": null, ""--serve-box"": null, ""--softmin-beta"": 1000000.0}",95,True,active,0.100277,1.933371,0.086379,40.0,105.0,1.76,0.99,1.8,25.0,0.100277,1.546,2.64,
exp19_hardmin,ablationsoftmin_only__ballspeed9__noplot__servebox__softminbeta1000000.0,"{""--ablation"": ""softmin_only"", ""--ball-speed"": 9, ""--no-plot"": null, ""--serve-box"": null, ""--softmin-beta"": 1000000.0}",104,True,active,0.114976,1.966185,0.112154,35.0,105.0,1.81,0.99,1.6,20.0,0.114976,1.767,2.05,
exp19_hardmin,ablationsoftmin_only__ballspeed9__noplot__servebox__softminbeta1000000.0,"{""--ablation"": ""softmin_only"", ""--ball-speed"": 9, ""--no-plot"": null, ""--serve-box"": null, ""--softmin-beta"": 1000000.0}",101,True,active,0.12413,1.971669,0.121516,30.0,105.0,1.8,1.0,1.6,20.0,0.12413,1.553,2.34,
exp19_hardmin,ablationsoftmin_only__ballspeed9__noplot__servebox__softminbeta1000000.0,"{""--ablation"": ""softmin_only"", ""--ball-speed"": 9, ""--no-plot"": null, ""--serve-box"": null, ""--softmin-beta"": 1000000.0}",100,True,active,0.081013,1.985073,0.076399,40.0,105.0,1.8,0.98,1.8,20.0,0.081013,1.778,2.52,
exp19_hardmin,ablationsoftmin_only__ballspeed9__noplot__servebox__softminbeta1000000.0,"{""--ablation"": ""softmin_only"", ""--ball-speed"": 9, ""--no-plot"": null, ""--serve-box"": null, ""--softmin-beta"": 1000000.0}",102,True,active,0.066594,1.983767,0.06629,45.0,105.0,1.8,0.99,1.6,15.0,0.066594,1.721,2.45,
exp19_hardmin,ablationsoftmin_only__ballspeed9__noplot__servebox__softminbeta1000000.0,"{""--ablation"": ""softmin_only"", ""--ball-speed"": 9, ""--no-plot"": null, ""--serve-box"": null, ""--softmin-beta"": 1000000.0}",103,True,active,0.12184,1.958273,0.108105,40.0,105.0,1.79,1.0,1.7,20.0,0.12184,1.567,2.52,
exp19_hardmin,ablationsoftmin_only__ballspeed9__noplot__servebox__softminbeta1000000.0,"{""--ablation"": ""softmin_only"", ""--ball-speed"": 9, ""--no-plot"": null, ""--serve-box"": null, ""--softmin-beta"": 1000000.0}",105,True,active,0.110889,1.973746,0.103247,40.0,105.0,1.8,0.99,1.8,20.0,0.110889,1.475,2.43,
exp19_hardmin,ablationsoftmin_only__ballspeed9__noplot__servebox__softminbeta1000000.0,"{""--ablation"": ""softmin_only"", ""--ball-speed"": 9, ""--no-plot"": null, ""--serve-box"": null, ""--softmin-beta"": 1000000.0}",107,True,active,0.110176,1.983086,0.110176,35.0,105.0,1.8,1.0,2.1,20.0,0.110176,1.78,2.2,
exp19_hardmin,ablationsoftmin_only__ballspeed9__noplot__servebox__softminbeta1000000.0,"{""--ablation"": ""softmin_only"", ""--ball-speed"": 9, ""--no-plot"": null, ""--serve-box"": null, ""--softmin-beta"": 1000000.0}",106,True,active,0.118789,1.953922,0.118789,0.0,0.0,1.78,0.98,2.0,20.0,0.118789,1.649,2.55,
exp19_hardmin,ablationsoftmin_only__ballspeed9__noplot__servebox__softminbeta1000000.0,"{""--ablation"": ""softmin_only"", ""--ball-speed"": 9, ""--no-plot"": null, ""--serve-box"": null, ""--softmin-beta"": 1000000.0}",108,True,active,0.108949,1.992505,0.101552,40.0,105.0,1.8,0.98,2.1,20.0,0.108949,1.274,2.25,
exp19_hardmin,ablationsoftmin_only__ballspeed9__noplot__servebox__softminbeta1000000.0,"{""--ablation"": ""softmin_only"", ""--ball-speed"": 9, ""--no-plot"": null, ""--serve-box"": null, ""--softmin-beta"": 1000000.0}",121,,,,,,,,,,,,,,0.34,no_result
exp19_hardmin,ablationsoftmin_only__ballspeed9__noplot__servebox__softminbeta1000000.0,"{""--ablation"": ""softmin_only"", ""--ball-speed"": 9, ""--no-plot"": null, ""--serve-box"": null, ""--softmin-beta"": 1000000.0}",109,True,active,0.076877,1.997565,0.074276,40.0,105.0,1.81,0.99,1.5,20.0,0.076877,1.799,2.29,
exp19_hardmin,ablationsoftmin_only__ballspeed9__noplot__servebox__softminbeta1000000.0,"{""--ablation"": ""softmin_only"", ""--ball-speed"": 9, ""--no-plot"": null, ""--serve-box"": null, ""--softmin-beta"": 1000000.0}",114,True,active,0.091581,1.921481,0.091581,35.0,105.0,1.8,0.99,1.5,15.0,0.091581,1.738,2.13,
exp19_hardmin,ablationsoftmin_only__ballspeed9__noplot__servebox__softminbeta1000000.0,"{""--ablation"": ""softmin_only"", ""--ball-speed"": 9, ""--no-plot"": null, ""--serve-box"": null, ""--softmin-beta"": 1000000.0}",113,True,active,0.090365,1.957589,0.067578,0.0,0.0,1.8,1.0,1.7,20.0,0.090365,1.759,2.25,
exp19_hardmin,ablationsoftmin_only__ballspeed9__noplot__servebox__softminbeta1000000.0,"{""--ablation"": ""softmin_only"", ""--ball-speed"": 9, ""--no-plot"": null, ""--serve-box"": null, ""--softmin-beta"": 1000000.0}",112,True,active,0.079744,1.95265,0.074159,0.0,0.0,1.8,0.93,1.6,30.0,0.079744,1.781,2.42,
exp19_hardmin,ablationsoftmin_only__ballspeed9__noplot__servebox__softminbeta1000000.0,"{""--ablation"": ""softmin_only"", ""--ball-speed"": 9, ""--no-plot"": null, ""--serve-box"": null, ""--softmin-beta"": 1000000.0}",110,True,active,0.070703,1.971012,0.068413,35.0,105.0,1.79,0.98,1.7,25.0,0.070703,1.777,2.61,
exp19_hardmin,ablationsoftmin_only__ballspeed9__noplot__servebox__softminbeta1000000.0,"{""--ablation"": ""softmin_only"", ""--ball-speed"": 9, ""--no-plot"": null, ""--serve-box"": null, ""--softmin-beta"": 1000000.0}",115,False,miss,0.345543,1.938724,0.102484,0.0,0.0,1.79,0.98,1.4,0.0,0.345543,0.0,2.45,
exp19_hardmin,ablationsoftmin_only__ballspeed9__noplot__servebox__softminbeta1000000.0,"{""--ablation"": ""softmin_only"", ""--ball-speed"": 9, ""--no-plot"": null, ""--serve-box"": null, ""--softmin-beta"": 1000000.0}",111,True,active,0.109619,1.985087,0.107058,35.0,105.0,1.79,1.0,1.9,25.0,0.109619,1.795,2.69,
exp19_hardmin,ablationsoftmin_only__ballspeed9__noplot__servebox__softminbeta1000000.0,"{""--ablation"": ""softmin_only"", ""--ball-speed"": 9, ""--no-plot"": null, ""--serve-box"": null, ""--softmin-beta"": 1000000.0}",117,True,active,0.103563,1.955906,0.091079,0.0,0.0,1.8,1.0,1.7,20.0,0.103563,1.776,2.19,
exp19_hardmin,ablationsoftmin_only__ballspeed9__noplot__servebox__softminbeta1000000.0,"{""--ablation"": ""softmin_only"", ""--ball-speed"": 9, ""--no-plot"": null, ""--serve-box"": null, ""--softmin-beta"": 1000000.0}",118,True,active,0.062574,1.959566,0.049556,45.0,105.0,1.79,0.97,1.7,20.0,0.062574,1.78,2.33,
exp19_hardmin,ablationsoftmin_only__ballspeed9__noplot__servebox__softminbeta1000000.0,"{""--ablation"": ""softmin_only"", ""--ball-speed"": 9, ""--no-plot"": null, ""--serve-box"": null, ""--softmin-beta"": 1000000.0}",116,True,active,0.097987,1.960339,0.093402,35.0,105.0,1.8,1.0,1.7,20.0,0.097987,1.725,2.58,
exp19_hardmin,ablationsoftmin_only__ballspeed9__noplot__servebox__softminbeta1000000.0,"{""--ablation"": ""softmin_only"", ""--ball-speed"": 9, ""--no-plot"": null, ""--serve-box"": null, ""--softmin-beta"": 1000000.0}",119,True,active,0.082157,1.931792,0.082157,35.0,105.0,1.78,1.0,1.9,15.0,0.082157,1.496,2.44,
exp19_hardmin,ablationsoftmin_only__ballspeed9__noplot__servebox__softminbeta1000000.0,"{""--ablation"": ""softmin_only"", ""--ball-speed"": 9, ""--no-plot"": null, ""--serve-box"": null, ""--softmin-beta"": 1000000.0}",120,True,active,0.080371,1.939425,0.080129,40.0,105.0,1.82,0.97,2.0,10.0,0.080371,1.771,2.81,
exp19_hardmin,ablationsoftmin_only__ballspeed9__noplot__servebox__softminbeta1000000.0,"{""--ablation"": ""softmin_only"", ""--ball-speed"": 9, ""--no-plot"": null, ""--serve-box"": null, ""--softmin-beta"": 1000000.0}",124,True,active,0.087841,1.959985,0.087841,40.0,105.0,1.78,1.0,1.7,15.0,0.087841,1.367,2.28,
exp19_hardmin,ablationsoftmin_only__ballspeed9__noplot__servebox__softminbeta1000000.0,"{""--ablation"": ""softmin_only"", ""--ball-speed"": 9, ""--no-plot"": null, ""--serve-box"": null, ""--softmin-beta"": 1000000.0}",123,True,active,0.047332,1.958698,0.047332,45.0,105.0,1.76,1.0,1.9,5.0,0.047332,1.381,2.34,
exp19_hardmin,ablationsoftmin_only__ballspeed9__noplot__servebox__softminbeta1000000.0,"{""--ablation"": ""softmin_only"", ""--ball-speed"": 9, ""--no-plot"": null, ""--serve-box"": null, ""--softmin-beta"": 1000000.0}",128,True,active,0.123935,1.956238,0.114564,35.0,105.0,1.78,1.0,1.5,20.0,0.123935,1.68,1.95,
exp19_hardmin,ablationsoftmin_only__ballspeed9__noplot__servebox__softminbeta1000000.0,"{""--ablation"": ""softmin_only"", ""--ball-speed"": 9, ""--no-plot"": null, ""--serve-box"": null, ""--softmin-beta"": 1000000.0}",122,True,active,0.139134,1.963283,0.133773,35.0,75.0,1.54,1.0,1.6,15.0,0.139134,1.421,2.83,
exp19_hardmin,ablationsoftmin_only__ballspeed9__noplot__servebox__softminbeta1000000.0,"{""--ablation"": ""softmin_only"", ""--ball-speed"": 9, ""--no-plot"": null, ""--serve-box"": null, ""--softmin-beta"": 1000000.0}",127,True,active,0.11124,1.97666,0.109191,35.0,105.0,1.81,0.99,1.8,25.0,0.11124,1.741,2.35,
exp19_hardmin,ablationsoftmin_only__ballspeed9__noplot__servebox__softminbeta1000000.0,"{""--ablation"": ""softmin_only"", ""--ball-speed"": 9, ""--no-plot"": null, ""--serve-box"": null, ""--softmin-beta"": 1000000.0}",125,False,miss,0.380073,1.957358,0.148209,25.0,100.0,1.47,1.0,1.4,0.0,0.380073,0.0,2.69,
exp19_hardmin,ablationsoftmin_only__ballspeed9__noplot__servebox__softminbeta1000000.0,"{""--ablation"": ""softmin_only"", ""--ball-speed"": 9, ""--no-plot"": null, ""--serve-box"": null, ""--softmin-beta"": 1000000.0}",130,True,active,0.129969,1.953195,0.120673,25.0,70.0,1.81,0.99,1.7,25.0,0.129969,1.599,2.35,
exp19_hardmin,ablationsoftmin_only__ballspeed9__noplot__servebox__softminbeta1000000.0,"{""--ablation"": ""softmin_only"", ""--ball-speed"": 9, ""--no-plot"": null, ""--serve-box"": null, ""--softmin-beta"": 1000000.0}",129,True,active,0.058376,1.954557,0.058376,35.0,105.0,1.71,0.99,1.8,15.0,0.058376,1.407,2.51,
exp19_hardmin,ablationsoftmin_only__ballspeed9__noplot__servebox__softminbeta1000000.0,"{""--ablation"": ""softmin_only"", ""--ball-speed"": 9, ""--no-plot"": null, ""--serve-box"": null, ""--softmin-beta"": 1000000.0}",126,True,active,0.101381,1.916182,0.100166,35.0,105.0,1.81,1.0,1.7,20.0,0.101381,1.616,2.79,
exp19_hardmin,ablationsoftmin_only__ballspeed9__noplot__servebox__softminbeta1000000.0,"{""--ablation"": ""softmin_only"", ""--ball-speed"": 9, ""--no-plot"": null, ""--serve-box"": null, ""--softmin-beta"": 1000000.0}",132,False,miss,0.269963,1.937563,0.15285,25.0,45.0,1.14,1.0,1.7,0.0,0.269963,0.0,2.36,
exp19_hardmin,ablationsoftmin_only__ballspeed9__noplot__servebox__softminbeta1000000.0,"{""--ablation"": ""softmin_only"", ""--ball-speed"": 9, ""--no-plot"": null, ""--serve-box"": null, ""--softmin-beta"": 1000000.0}",131,True,active,0.093438,1.938751,0.093438,35.0,105.0,1.8,0.99,1.8,15.0,0.093438,1.707,2.55,
exp19_hardmin,ablationsoftmin_only__ballspeed9__noplot__servebox__softminbeta1000000.0,"{""--ablation"": ""softmin_only"", ""--ball-speed"": 9, ""--no-plot"": null, ""--serve-box"": null, ""--softmin-beta"": 1000000.0}",133,True,active,0.108626,1.976937,0.108626,35.0,105.0,1.82,0.99,1.8,15.0,0.108626,1.752,2.15,
exp19_hardmin,ablationsoftmin_only__ballspeed9__noplot__servebox__softminbeta1000000.0,"{""--ablation"": ""softmin_only"", ""--ball-speed"": 9, ""--no-plot"": null, ""--serve-box"": null, ""--softmin-beta"": 1000000.0}",134,True,active,0.139289,1.986621,0.13174,30.0,60.0,1.8,1.0,1.7,20.0,0.139289,1.602,2.07,
exp19_hardmin,ablationsoftmin_only__ballspeed9__noplot__servebox__softminbeta1000000.0,"{""--ablation"": ""softmin_only"", ""--ball-speed"": 9, ""--no-plot"": null, ""--serve-box"": null, ""--softmin-beta"": 1000000.0}",136,True,active,0.094751,1.898623,0.094751,0.0,0.0,1.8,1.0,2.1,25.0,0.094751,1.748,2.59,
exp19_hardmin,ablationsoftmin_only__ballspeed9__noplot__servebox__softminbeta1000000.0,"{""--ablation"": ""softmin_only"", ""--ball-speed"": 9, ""--no-plot"": null, ""--serve-box"": null, ""--softmin-beta"": 1000000.0}",135,True,active,0.131619,1.973377,0.117387,35.0,105.0,1.81,1.0,1.7,25.0,0.131619,1.412,2.73,
exp19_hardmin,ablationsoftmin_only__ballspeed9__noplot__servebox__softminbeta1000000.0,"{""--ablation"": ""softmin_only"", ""--ball-speed"": 9, ""--no-plot"": null, ""--serve-box"": null, ""--softmin-beta"": 1000000.0}",137,False,miss,0.378943,1.932915,0.128023,0.0,0.0,1.79,1.0,1.6,0.0,0.378943,0.0,2.21,
exp19_hardmin,ablationsoftmin_only__ballspeed9__noplot__servebox__softminbeta1000000.0,"{""--ablation"": ""softmin_only"", ""--ball-speed"": 9, ""--no-plot"": null, ""--serve-box"": null, ""--softmin-beta"": 1000000.0}",138,True,active,0.046936,1.92034,0.046936,40.0,105.0,1.78,0.99,2.2,15.0,0.046936,0.32,2.53,
exp19_hardmin,ablationsoftmin_only__ballspeed9__noplot__servebox__softminbeta1000000.0,"{""--ablation"": ""softmin_only"", ""--ball-speed"": 9, ""--no-plot"": null, ""--serve-box"": null, ""--softmin-beta"": 1000000.0}",140,True,active,0.072138,1.964877,0.070887,35.0,105.0,1.81,0.93,1.7,20.0,0.072138,1.788,2.57,
exp19_hardmin,ablationsoftmin_only__ballspeed9__noplot__servebox__softminbeta1000000.0,"{""--ablation"": ""softmin_only"", ""--ball-speed"": 9, ""--no-plot"": null, ""--serve-box"": null, ""--softmin-beta"": 1000000.0}",141,True,active,0.063101,1.979876,0.046809,45.0,105.0,1.79,0.97,1.5,20.0,0.063101,1.716,2.37,
exp19_hardmin,ablationsoftmin_only__ballspeed9__noplot__servebox__softminbeta1000000.0,"{""--ablation"": ""softmin_only"", ""--ball-speed"": 9, ""--no-plot"": null, ""--serve-box"": null, ""--softmin-beta"": 1000000.0}",146,True,active,0.11094,1.978137,0.11094,35.0,105.0,1.8,0.99,1.9,15.0,0.11094,1.722,2.02,
exp19_hardmin,ablationsoftmin_only__ballspeed9__noplot__servebox__softminbeta1000000.0,"{""--ablation"": ""softmin_only"", ""--ball-speed"": 9, ""--no-plot"": null, ""--serve-box"": null, ""--softmin-beta"": 1000000.0}",139,True,active,0.113322,1.977375,0.109212,35.0,105.0,1.77,1.0,1.7,15.0,0.113322,1.657,2.77,
exp19_hardmin,ablationsoftmin_only__ballspeed9__noplot__servebox__softminbeta1000000.0,"{""--ablation"": ""softmin_only"", ""--ball-speed"": 9, ""--no-plot"": null, ""--serve-box"": null, ""--softmin-beta"": 1000000.0}",144,True,active,0.143252,1.964996,0.134836,40.0,70.0,1.79,1.0,1.8,15.0,0.143252,1.584,2.19,
exp19_hardmin,ablationsoftmin_only__ballspeed9__noplot__servebox__softminbeta1000000.0,"{""--ablation"": ""softmin_only"", ""--ball-speed"": 9, ""--no-plot"": null, ""--serve-box"": null, ""--softmin-beta"": 1000000.0}",143,True,active,0.103778,1.954463,0.103778,40.0,105.0,1.47,0.97,1.4,10.0,0.103778,0.916,2.56,
exp19_hardmin,ablationsoftmin_only__ballspeed9__noplot__servebox__softminbeta1000000.0,"{""--ablation"": ""softmin_only"", ""--ball-speed"": 9, ""--no-plot"": null, ""--serve-box"": null, ""--softmin-beta"": 1000000.0}",142,True,active,0.104837,1.959243,0.093874,35.0,105.0,1.79,1.0,1.6,20.0,0.104837,1.67,2.69,
exp19_hardmin,ablationsoftmin_only__ballspeed9__noplot__servebox__softminbeta1000000.0,"{""--ablation"": ""softmin_only"", ""--ball-speed"": 9, ""--no-plot"": null, ""--serve-box"": null, ""--softmin-beta"": 1000000.0}",147,True,active,0.081698,1.986958,0.081698,35.0,105.0,1.6,0.99,1.6,20.0,0.081698,1.183,2.32,
exp19_hardmin,ablationsoftmin_only__ballspeed9__noplot__servebox__softminbeta1000000.0,"{""--ablation"": ""softmin_only"", ""--ball-speed"": 9, ""--no-plot"": null, ""--serve-box"": null, ""--softmin-beta"": 1000000.0}",148,True,active,0.135563,1.949554,0.125192,35.0,80.0,1.8,1.0,1.8,20.0,0.135563,1.53,2.21,
exp19_hardmin,ablationsoftmin_only__ballspeed9__noplot__servebox__softminbeta1000000.0,"{""--ablation"": ""softmin_only"", ""--ball-speed"": 9, ""--no-plot"": null, ""--serve-box"": null, ""--softmin-beta"": 1000000.0}",149,True,active,0.111936,1.936126,0.105914,35.0,105.0,1.79,1.0,1.8,20.0,0.111936,1.513,2.04,
exp19_hardmin,ablationsoftmin_only__ballspeed9__noplot__servebox__softminbeta1000000.0,"{""--ablation"": ""softmin_only"", ""--ball-speed"": 9, ""--no-plot"": null, ""--serve-box"": null, ""--softmin-beta"": 1000000.0}",145,True,active,0.099715,1.950472,0.099715,35.0,105.0,1.79,1.0,1.7,20.0,0.099715,1.668,2.83,
exp19_hardmin,ablationsoftmin_only__ballspeed9__noplot__servebox__softminbeta1000000.0,"{""--ablation"": ""softmin_only"", ""--ball-speed"": 9, ""--no-plot"": null, ""--serve-box"": null, ""--softmin-beta"": 1000000.0}",150,True,active,0.098662,1.963512,0.098662,35.0,105.0,1.79,0.98,2.0,20.0,0.098662,1.786,2.25,
exp19_hardmin,ablationsoftmin_only__ballspeed9__noplot__servebox__softminbeta1000000.0,"{""--ablation"": ""softmin_only"", ""--ball-speed"": 9, ""--no-plot"": null, ""--serve-box"": null, ""--softmin-beta"": 1000000.0}",152,True,active,0.115227,1.975175,0.099522,40.0,105.0,1.8,0.99,1.5,20.0,0.115227,1.692,2.07,
exp19_hardmin,ablationsoftmin_only__ballspeed9__noplot__servebox__softminbeta1000000.0,"{""--ablation"": ""softmin_only"", ""--ball-speed"": 9, ""--no-plot"": null, ""--serve-box"": null, ""--softmin-beta"": 1000000.0}",151,True,active,0.098079,1.977986,0.093908,35.0,105.0,1.81,0.98,1.7,20.0,0.098079,1.81,2.5,
exp19_hardmin,ablationsoftmin_only__ballspeed9__noplot__servebox__softminbeta1000000.0,"{""--ablation"": ""softmin_only"", ""--ball-speed"": 9, ""--no-plot"": null, ""--serve-box"": null, ""--softmin-beta"": 1000000.0}",153,True,active,0.117907,1.967995,0.112311,35.0,105.0,1.8,0.99,1.8,20.0,0.117907,1.623,2.51,
exp19_hardmin,ablationsoftmin_only__ballspeed9__noplot__servebox__softminbeta1000000.0,"{""--ablation"": ""softmin_only"", ""--ball-speed"": 9, ""--no-plot"": null, ""--serve-box"": null, ""--softmin-beta"": 1000000.0}",155,True,active,0.121375,1.931942,0.121375,35.0,105.0,1.79,1.0,1.6,20.0,0.121375,1.693,2.26,
exp19_hardmin,ablationsoftmin_only__ballspeed9__noplot__servebox__softminbeta1000000.0,"{""--ablation"": ""softmin_only"", ""--ball-speed"": 9, ""--no-plot"": null, ""--serve-box"": null, ""--softmin-beta"": 1000000.0}",157,True,active,0.093978,1.970728,0.085592,35.0,100.0,1.8,0.99,1.8,20.0,0.093978,1.758,2.15,
exp19_hardmin,ablationsoftmin_only__ballspeed9__noplot__servebox__softminbeta1000000.0,"{""--ablation"": ""softmin_only"", ""--ball-speed"": 9, ""--no-plot"": null, ""--serve-box"": null, ""--softmin-beta"": 1000000.0}",154,True,active,0.134622,1.961958,0.115307,35.0,105.0,1.76,1.0,1.5,5.0,0.134622,0.866,2.53,
exp19_hardmin,ablationsoftmin_only__ballspeed9__noplot__servebox__softminbeta1000000.0,"{""--ablation"": ""softmin_only"", ""--ball-speed"": 9, ""--no-plot"": null, ""--serve-box"": null, ""--softmin-beta"": 1000000.0}",156,True,active,0.124129,1.971713,0.122292,30.0,105.0,1.8,1.0,1.6,25.0,0.124129,1.708,2.35,
exp19_hardmin,ablationsoftmin_only__ballspeed9__noplot__servebox__softminbeta1000000.0,"{""--ablation"": ""softmin_only"", ""--ball-speed"": 9, ""--no-plot"": null, ""--serve-box"": null, ""--softmin-beta"": 1000000.0}",158,True,active,0.129404,1.993032,0.124129,30.0,105.0,1.7,1.0,1.9,15.0,0.129404,1.7,2.33,
exp19_hardmin,ablationsoftmin_only__ballspeed9__noplot__servebox__softminbeta1000000.0,"{""--ablation"": ""softmin_only"", ""--ball-speed"": 9, ""--no-plot"": null, ""--serve-box"": null, ""--softmin-beta"": 1000000.0}",159,True,active,0.05671,1.887501,0.05671,40.0,105.0,1.49,0.98,1.3,10.0,0.05671,1.124,2.5,
exp19_hardmin,ablationsoftmin_only__ballspeed9__noplot__servebox__softminbeta1000000.0,"{""--ablation"": ""softmin_only"", ""--ball-speed"": 9, ""--no-plot"": null, ""--serve-box"": null, ""--softmin-beta"": 1000000.0}",160,True,active,0.1296,1.981715,0.127818,30.0,90.0,1.81,1.0,1.8,20.0,0.1296,1.734,2.34,
exp19_hardmin,ablationsoftmin_only__ballspeed9__noplot__servebox__softminbeta1000000.0,"{""--ablation"": ""softmin_only"", ""--ball-speed"": 9, ""--no-plot"": null, ""--serve-box"": null, ""--softmin-beta"": 1000000.0}",163,True,active,0.072523,1.976767,0.064292,40.0,105.0,1.79,0.99,1.5,20.0,0.072523,1.52,2.3,
exp19_hardmin,ablationsoftmin_only__ballspeed9__noplot__servebox__softminbeta1000000.0,"{""--ablation"": ""softmin_only"", ""--ball-speed"": 9, ""--no-plot"": null, ""--serve-box"": null, ""--softmin-beta"": 1000000.0}",161,True,active,0.106077,1.943394,0.102914,0.0,0.0,1.78,1.0,2.0,15.0,0.106077,1.751,2.49,
exp19_hardmin,ablationsoftmin_only__ballspeed9__noplot__servebox__softminbeta1000000.0,"{""--ablation"": ""softmin_only"", ""--ball-speed"": 9, ""--no-plot"": null, ""--serve-box"": null, ""--softmin-beta"": 1000000.0}",165,True,active,0.066354,1.964232,0.066135,45.0,105.0,1.78,1.0,1.4,10.0,0.066354,1.453,2.22,
exp19_hardmin,ablationsoftmin_only__ballspeed9__noplot__servebox__softminbeta1000000.0,"{""--ablation"": ""softmin_only"", ""--ball-speed"": 9, ""--no-plot"": null, ""--serve-box"": null, ""--softmin-beta"": 1000000.0}",162,True,active,0.103901,1.933246,0.086249,0.0,35.0,1.79,1.0,1.6,20.0,0.103901,1.623,2.68,
exp19_hardmin,ablationsoftmin_only__ballspeed9__noplot__servebox__softminbeta1000000.0,"{""--ablation"": ""softmin_only"", ""--ball-speed"": 9, ""--no-plot"": null, ""--serve-box"": null, ""--softmin-beta"": 1000000.0}",166,True,active,0.097022,1.94774,0.089067,35.0,105.0,1.79,0.98,1.8,20.0,0.097022,1.787,2.23,
exp19_hardmin,ablationsoftmin_only__ballspeed9__noplot__servebox__softminbeta1000000.0,"{""--ablation"": ""softmin_only"", ""--ball-speed"": 9, ""--no-plot"": null, ""--serve-box"": null, ""--softmin-beta"": 1000000.0}",164,True,active,0.142038,1.934518,0.135759,30.0,45.0,1.78,1.0,1.6,25.0,0.142038,1.354,2.64,
exp19_hardmin,ablationsoftmin_only__ballspeed9__noplot__servebox__softminbeta1000000.0,"{""--ablation"": ""softmin_only"", ""--ball-speed"": 9, ""--no-plot"": null, ""--serve-box"": null, ""--softmin-beta"": 1000000.0}",167,True,active,0.059983,1.948725,0.047162,45.0,105.0,1.79,1.0,1.6,10.0,0.059983,0.868,2.3,
exp19_hardmin,ablationsoftmin_only__ballspeed9__noplot__servebox__softminbeta1000000.0,"{""--ablation"": ""softmin_only"", ""--ball-speed"": 9, ""--no-plot"": null, ""--serve-box"": null, ""--softmin-beta"": 1000000.0}",168,True,active,0.100721,1.974414,0.099744,0.0,0.0,1.81,0.99,1.8,20.0,0.100721,1.795,2.15,
exp19_hardmin,ablationsoftmin_only__ballspeed9__noplot__servebox__softminbeta1000000.0,"{""--ablation"": ""softmin_only"", ""--ball-speed"": 9, ""--no-plot"": null, ""--serve-box"": null, ""--softmin-beta"": 1000000.0}",170,True,active,0.084581,1.949674,0.07932,40.0,105.0,1.76,1.0,1.6,15.0,0.084581,1.676,2.31,
exp19_hardmin,ablationsoftmin_only__ballspeed9__noplot__servebox__softminbeta1000000.0,"{""--ablation"": ""softmin_only"", ""--ball-speed"": 9, ""--no-plot"": null, ""--serve-box"": null, ""--softmin-beta"": 1000000.0}",174,True,active,0.113506,1.973197,0.112652,30.0,105.0,1.78,1.0,1.9,20.0,0.113506,1.708,2.16,
exp19_hardmin,ablationsoftmin_only__ballspeed9__noplot__servebox__softminbeta1000000.0,"{""--ablation"": ""softmin_only"", ""--ball-speed"": 9, ""--no-plot"": null, ""--serve-box"": null, ""--softmin-beta"": 1000000.0}",171,True,active,0.09616,1.968611,0.092405,35.0,105.0,1.31,1.0,1.3,5.0,0.09616,0.568,2.39,
exp19_hardmin,ablationsoftmin_only__ballspeed9__noplot__servebox__softminbeta1000000.0,"{""--ablation"": ""softmin_only"", ""--ball-speed"": 9, ""--no-plot"": null, ""--serve-box"": null, ""--softmin-beta"": 1000000.0}",172,True,active,0.091757,2.002134,0.091757,35.0,105.0,1.81,1.0,1.6,20.0,0.091757,1.763,2.35,
exp19_hardmin,ablationsoftmin_only__ballspeed9__noplot__servebox__softminbeta1000000.0,"{""--ablation"": ""softmin_only"", ""--ball-speed"": 9, ""--no-plot"": null, ""--serve-box"": null, ""--softmin-beta"": 1000000.0}",169,True,active,0.033224,1.945709,0.028789,40.0,100.0,1.81,1.0,1.6,20.0,0.033224,1.082,2.78,
exp19_hardmin,ablationsoftmin_only__ballspeed9__noplot__servebox__softminbeta1000000.0,"{""--ablation"": ""softmin_only"", ""--ball-speed"": 9, ""--no-plot"": null, ""--serve-box"": null, ""--softmin-beta"": 1000000.0}",176,False,miss,0.246472,1.914914,0.15583,25.0,50.0,1.27,1.0,1.7,0.0,0.246472,0.0,2.24,
exp19_hardmin,ablationsoftmin_only__ballspeed9__noplot__servebox__softminbeta1000000.0,"{""--ablation"": ""softmin_only"", ""--ball-speed"": 9, ""--no-plot"": null, ""--serve-box"": null, ""--softmin-beta"": 1000000.0}",175,True,active,0.113289,1.961118,0.105305,40.0,105.0,1.74,1.0,1.5,10.0,0.113289,1.639,2.3,
exp19_hardmin,ablationsoftmin_only__ballspeed9__noplot__servebox__softminbeta1000000.0,"{""--ablation"": ""softmin_only"", ""--ball-speed"": 9, ""--no-plot"": null, ""--serve-box"": null, ""--softmin-beta"": 1000000.0}",173,True,active,0.127696,1.965437,0.122277,30.0,105.0,1.79,1.0,1.9,20.0,0.127696,1.637,2.75,
exp19_hardmin,ablationsoftmin_only__ballspeed9__noplot__servebox__softminbeta1000000.0,"{""--ablation"": ""softmin_only"", ""--ball-speed"": 9, ""--no-plot"": null, ""--serve-box"": null, ""--softmin-beta"": 1000000.0}",178,True,active,0.096432,1.964488,0.091936,40.0,105.0,1.8,1.0,1.7,20.0,0.096432,1.411,2.27,
exp19_hardmin,ablationsoftmin_only__ballspeed9__noplot__servebox__softminbeta1000000.0,"{""--ablation"": ""softmin_only"", ""--ball-speed"": 9, ""--no-plot"": null, ""--serve-box"": null, ""--softmin-beta"": 1000000.0}",177,True,active,0.147457,1.950524,0.144919,30.0,40.0,1.8,0.99,1.8,25.0,0.147457,1.715,2.51,
exp19_hardmin,ablationsoftmin_only__ballspeed9__noplot__servebox__softminbeta1000000.0,"{""--ablation"": ""softmin_only"", ""--ball-speed"": 9, ""--no-plot"": null, ""--serve-box"": null, ""--softmin-beta"": 1000000.0}",179,True,active,0.072147,1.934868,0.067799,45.0,105.0,1.8,1.0,1.8,15.0,0.072147,1.633,2.49,
exp19_hardmin,ablationsoftmin_only__ballspeed9__noplot__servebox__softminbeta1000000.0,"{""--ablation"": ""softmin_only"", ""--ball-speed"": 9, ""--no-plot"": null, ""--serve-box"": null, ""--softmin-beta"": 1000000.0}",181,True,active,0.051448,2.009069,0.051448,40.0,105.0,1.76,0.99,1.4,15.0,0.051448,1.737,2.46,
exp19_hardmin,ablationsoftmin_only__ballspeed9__noplot__servebox__softminbeta1000000.0,"{""--ablation"": ""softmin_only"", ""--ball-speed"": 9, ""--no-plot"": null, ""--serve-box"": null, ""--softmin-beta"": 1000000.0}",180,True,active,0.120974,2.000151,0.120974,25.0,80.0,1.81,0.96,1.8,25.0,0.120974,1.799,2.58,
exp19_hardmin,ablationsoftmin_only__ballspeed9__noplot__servebox__softminbeta1000000.0,"{""--ablation"": ""softmin_only"", ""--ball-speed"": 9, ""--no-plot"": null, ""--serve-box"": null, ""--softmin-beta"": 1000000.0}",182,True,active,0.052895,1.98636,0.052895,45.0,105.0,1.7,1.0,1.4,15.0,0.052895,1.22,2.53,
exp19_hardmin,ablationsoftmin_only__ballspeed9__noplot__servebox__softminbeta1000000.0,"{""--ablation"": ""softmin_only"", ""--ball-speed"": 9, ""--no-plot"": null, ""--serve-box"": null, ""--softmin-beta"": 1000000.0}",183,True,active,0.048197,1.999028,0.048197,40.0,105.0,1.79,0.99,1.8,15.0,0.048197,1.613,2.42,
exp19_hardmin,ablationsoftmin_only__ballspeed9__noplot__servebox__softminbeta1000000.0,"{""--ablation"": ""softmin_only"", ""--ball-speed"": 9, ""--no-plot"": null, ""--serve-box"": null, ""--softmin-beta"": 1000000.0}",184,True,active,0.076908,1.956978,0.076908,35.0,105.0,1.35,1.0,1.6,15.0,0.076908,1.061,2.37,
exp19_hardmin,ablationsoftmin_only__ballspeed9__noplot__servebox__softminbeta1000000.0,"{""--ablation"": ""softmin_only"", ""--ball-speed"": 9, ""--no-plot"": null, ""--serve-box"": null, ""--softmin-beta"": 1000000.0}",185,True,active,0.059913,2.007979,0.059913,40.0,105.0,1.8,0.99,1.4,20.0,0.059913,1.779,2.38,
exp19_hardmin,ablationsoftmin_only__ballspeed9__noplot__servebox__softminbeta1000000.0,"{""--ablation"": ""softmin_only"", ""--ball-speed"": 9, ""--no-plot"": null, ""--serve-box"": null, ""--softmin-beta"": 1000000.0}",188,True,active,0.098787,1.981196,0.096715,40.0,105.0,1.57,0.99,1.5,15.0,0.098787,1.371,2.26,
exp19_hardmin,ablationsoftmin_only__ballspeed9__noplot__servebox__softminbeta1000000.0,"{""--ablation"": ""softmin_only"", ""--ball-speed"": 9, ""--no-plot"": null, ""--serve-box"": null, ""--softmin-beta"": 1000000.0}",190,True,active,0.054258,1.987819,0.054258,40.0,105.0,1.81,0.9,1.6,15.0,0.054258,1.779,2.09,
exp19_hardmin,ablationsoftmin_only__ballspeed9__noplot__servebox__softminbeta1000000.0,"{""--ablation"": ""softmin_only"", ""--ball-speed"": 9, ""--no-plot"": null, ""--serve-box"": null, ""--softmin-beta"": 1000000.0}",191,True,active,0.1093,1.980518,0.103741,35.0,105.0,1.8,0.99,1.9,20.0,0.1093,1.752,2.12,
exp19_hardmin,ablationsoftmin_only__ballspeed9__noplot__servebox__softminbeta1000000.0,"{""--ablation"": ""softmin_only"", ""--ball-speed"": 9, ""--no-plot"": null, ""--serve-box"": null, ""--softmin-beta"": 1000000.0}",187,True,active,0.097376,1.943765,0.084485,0.0,0.0,1.78,0.99,2.1,20.0,0.097376,1.736,2.43,
exp19_hardmin,ablationsoftmin_only__ballspeed9__noplot__servebox__softminbeta1000000.0,"{""--ablation"": ""softmin_only"", ""--ball-speed"": 9, ""--no-plot"": null, ""--serve-box"": null, ""--softmin-beta"": 1000000.0}",186,True,active,0.090705,1.974625,0.085795,35.0,105.0,1.81,1.0,1.6,20.0,0.090705,1.743,2.54,
exp19_hardmin,ablationsoftmin_only__ballspeed9__noplot__servebox__softminbeta1000000.0,"{""--ablation"": ""softmin_only"", ""--ball-speed"": 9, ""--no-plot"": null, ""--serve-box"": null, ""--softmin-beta"": 1000000.0}",189,True,active,0.132961,1.95439,0.122867,40.0,105.0,1.76,1.0,1.7,10.0,0.132961,1.481,2.4,
exp19_hardmin,ablationsoftmin_only__ballspeed9__noplot__servebox__softminbeta1000000.0,"{""--ablation"": ""softmin_only"", ""--ball-speed"": 9, ""--no-plot"": null, ""--serve-box"": null, ""--softmin-beta"": 1000000.0}",192,True,active,0.088946,1.944635,0.082623,40.0,105.0,1.6,1.0,1.5,10.0,0.088946,1.272,2.1,
exp19_hardmin,ablationsoftmin_only__ballspeed9__noplot__servebox__softminbeta1000000.0,"{""--ablation"": ""softmin_only"", ""--ball-speed"": 9, ""--no-plot"": null, ""--serve-box"": null, ""--softmin-beta"": 1000000.0}",193,True,active,0.124326,1.957626,0.116496,40.0,105.0,1.79,1.0,1.7,15.0,0.124326,1.707,2.28,
exp19_hardmin,ablationsoftmin_only__ballspeed9__noplot__servebox__softminbeta1000000.0,"{""--ablation"": ""softmin_only"", ""--ball-speed"": 9, ""--no-plot"": null, ""--serve-box"": null, ""--softmin-beta"": 1000000.0}",194,True,active,0.102742,1.979828,0.101586,40.0,105.0,1.8,0.99,1.6,20.0,0.102742,1.729,2.33,
exp19_hardmin,ablationsoftmin_only__ballspeed9__noplot__servebox__softminbeta1000000.0,"{""--ablation"": ""softmin_only"", ""--ball-speed"": 9, ""--no-plot"": null, ""--serve-box"": null, ""--softmin-beta"": 1000000.0}",198,True,active,0.073183,1.987795,0.073183,35.0,105.0,1.78,0.98,1.6,15.0,0.073183,1.552,1.93,
exp19_hardmin,ablationsoftmin_only__ballspeed9__noplot__servebox__softminbeta1000000.0,"{""--ablation"": ""softmin_only"", ""--ball-speed"": 9, ""--no-plot"": null, ""--serve-box"": null, ""--softmin-beta"": 1000000.0}",197,True,active,0.106139,1.985803,0.100872,30.0,105.0,1.81,0.98,1.8,25.0,0.106139,1.442,2.09,
exp19_hardmin,ablationsoftmin_only__ballspeed9__noplot__servebox__softminbeta1000000.0,"{""--ablation"": ""softmin_only"", ""--ball-speed"": 9, ""--no-plot"": null, ""--serve-box"": null, ""--softmin-beta"": 1000000.0}",196,False,miss,0.400553,1.96076,0.134627,20.0,75.0,1.79,0.99,1.8,0.0,0.400553,0.0,2.24,
exp19_hardmin,ablationsoftmin_only__ballspeed9__noplot__servebox__softminbeta1000000.0,"{""--ablation"": ""softmin_only"", ""--ball-speed"": 9, ""--no-plot"": null, ""--serve-box"": null, ""--softmin-beta"": 1000000.0}",195,True,active,0.100151,1.963285,0.100151,40.0,105.0,1.8,0.99,1.7,15.0,0.100151,1.632,2.35,
exp19_hardmin,ablationsoftmin_only__ballspeed9__noplot__servebox__softminbeta1000000.0,"{""--ablation"": ""softmin_only"", ""--ball-speed"": 9, ""--no-plot"": null, ""--serve-box"": null, ""--softmin-beta"": 1000000.0}",199,True,active,0.104184,1.967375,0.089193,35.0,70.0,1.79,0.99,1.7,25.0,0.104184,1.704,2.03,
exp19_hardmin,ablationsoftmin_only__ballspeed9__noplot__servebox__softminbeta1000000.0,"{""--ablation"": ""softmin_only"", ""--ball-speed"": 9, ""--no-plot"": null, ""--serve-box"": null, ""--softmin-beta"": 1000000.0}",200,False,miss,0.348108,1.922775,0.143676,0.0,0.0,1.4,1.0,1.6,0.0,0.348108,0.0,2.04,
