__STEP_TIMING__: n=239 p50=0.43 p95=1.10 p99=1.77 max=1.90 n_over_period=0 period_ms=5.00

========================================
  RM-65 未命中（无物理接触，规划距离 0.3959m，球拍到达了规划点但球不在该位置）
  [V12 EpisodeRunner 管线架构]
  ablation: full
  击打目标位置: [-0.834 -0.556  0.931]
  末端实际位置: [-0.456 -0.658  0.984]
  规划跟踪误差: 0.3959 m
  速度误差: 1.9281 m/s
  MPC 总步数: 260
  --- Tube 专用指标 ---
  最小球拍-球距离: 0.3161 m
  ball_near 步数: 0 = 0.0 ms
  tube_ready 步数: 0 = 0.0 ms
  击打时间误差: 0.0 ms
  击打位置误差: 0.3959 m
  --- 计算性能 ---
  总墙钟时间: 1.10s (MPC=1.10s)
  --- 执行层约束 ---
  max_qdot=1.00x, max_tcp=1.8m/s, max_face=2.6m/s
  击球类型: 未触球
========================================

__RESULT__: pos_error=0.395883 vel_error=1.928089 min_dist=0.316101 ball_near_ms=0.0 tube_ready_ms=0.0 max_tcp=1.78 max_qdot=1.00 max_face=2.6 hit_type=miss hit_time_error_ms=0.0 hit_pos_error=0.395883 v_racket_at_hit=0.000
2026-09-11 14:19:29,911 [INFO] __main__: [ablation] mode=full
2026-09-11 14:19:29,918 [INFO] __main__: serve-box auto params: horizon=120, iter=10, first_plan_iters=30, total_horizon=250, replan_interval=20, near_plan_iters=5
2026-09-11 14:19:29,944 [INFO] __main__: 关节限位: 仿真默认(default.yaml), TCP=1.8 m/s, terminal_exempt=20
2026-09-11 14:19:29,945 [INFO] __main__: 球拍初始位置: [-0.24136342  0.63027058  1.45576659]
2026-09-11 14:19:29,946 [DEBUG] src.tennis.ball: serve_box bounce (attempt=0): p0_z=1.40, vz0=-2.8, spd=9.0, t1=0.315, t2=0.593, z_err=0.20
2026-09-11 14:19:29,959 [INFO] __main__: 击打步数: 179, 击打位置: [-0.83445491 -0.55640764  0.93061144]
2026-09-11 14:19:29,959 [INFO] __main__: 随挥方向: [ 0.325 -0.934  0.147], 随挥步数: 60
2026-09-11 14:19:29,969 [INFO] __main__: 候选窗口已构建: best_k=180, candidates=8
2026-09-11 14:19:29,969 [INFO] src.cpp.solver_cpp: iLQR C++ 加速模块已加载
2026-09-11 14:19:29,970 [INFO] __main__: 开始 V12 EpisodeRunner，总步数=310 (MPC=250, 随挥=60)，击打步数=179
2026-09-11 14:19:29,970 [INFO] src.ilqt.async_replanner: AsyncReplanner: 后台规划线程已启动
2026-09-11 14:19:29,992 [INFO] src.ilqt.async_replanner: AsyncReplanner: 规划环境已创建（独立 MjData）
2026-09-11 14:19:29,992 [INFO] src.ilqt.async_replanner: AsyncReplanner: 规划环境已创建（独立 MjData）
2026-09-11 14:19:30,017 [DEBUG] src.ilqt.tube_cost: [Softmin诊断] 候选权重TOP3: k=179:w=0.146, k=178:w=0.145, k=180:w=0.145
2026-09-11 14:19:30,918 [INFO] src.ilqt.mpc_controller: REPLAN step=0 k_hit=179 iters=30 horizon=120 t=926ms
2026-09-11 14:19:30,919 [INFO] src.ilqt.mpc_controller: MPCController.start 完成: k_hit=179, p_hit=[-0.834 -0.556  0.931], buffer=120
2026-09-11 14:19:30,921 [INFO] src.ilqt.components.predictive_safety: [SAFETY_FILTER] beta=0.8: qdot entering overspeed, joint=3, |qdot|=4.17 > 3.93
2026-09-11 14:19:30,922 [INFO] src.ilqt.components.predictive_safety: [SAFETY_FILTER] beta=0.4: qdot entering overspeed, joint=0, |qdot|=3.35 > 3.14
2026-09-11 14:19:30,922 [INFO] src.ilqt.components.predictive_safety: [SAFETY_FILTER] beta=0.2: qdot entering overspeed, joint=3, |qdot|=4.53 > 3.93
2026-09-11 14:19:30,923 [INFO] src.ilqt.components.predictive_safety: [SAFETY_FILTER] beta=0.4: tcp speed 1.89 > 1.80 m/s
2026-09-11 14:19:30,924 [INFO] src.ilqt.components.predictive_safety: [SAFETY_FILTER] beta=0.2: tcp speed 1.83 > 1.80 m/s
2026-09-11 14:19:30,925 [INFO] src.ilqt.components.predictive_safety: [SAFETY_FILTER] beta=0.8: qdot entering overspeed, joint=3, |qdot|=4.00 > 3.93
2026-09-11 14:19:30,935 [DEBUG] src.ilqt.replan_core: FAR_JT step=0 k_hit=179 (JT gain=60, skip iLQR)
2026-09-11 14:19:30,935 [INFO] src.ilqt.async_replanner: ASYNC_PLAN done: step=0 k_hit=179 iters=0 horizon=0 t=16ms fast_lin=False ok=True
2026-09-11 14:19:30,946 [DEBUG] src.ilqt.replan_core: FAR_JT step=40 k_hit=139 (JT gain=60, skip iLQR)
2026-09-11 14:19:30,946 [INFO] src.ilqt.async_replanner: ASYNC_PLAN done: step=40 k_hit=139 iters=0 horizon=0 t=8ms fast_lin=False ok=True
2026-09-11 14:19:30,958 [DEBUG] src.ilqt.replan_core: FAR_JT step=60 k_hit=118 (JT gain=60, skip iLQR)
2026-09-11 14:19:30,958 [INFO] src.ilqt.async_replanner: ASYNC_PLAN done: step=60 k_hit=118 iters=0 horizon=0 t=7ms fast_lin=False ok=True
2026-09-11 14:19:30,966 [DEBUG] src.ilqt.replan_core: FAR_JT step=80 k_hit=99 (JT gain=60, skip iLQR)
2026-09-11 14:19:30,966 [INFO] src.ilqt.async_replanner: ASYNC_PLAN done: step=80 k_hit=99 iters=0 horizon=0 t=6ms fast_lin=False ok=True
2026-09-11 14:19:30,971 [INFO] src.ilqt.components.predictive_safety: [SAFETY_FILTER] beta=0.4: qdot entering overspeed, joint=1, |qdot|=3.63 > 3.14
2026-09-11 14:19:30,972 [DEBUG] src.ilqt.replan_core: FAR_JT step=100 k_hit=79 (JT gain=60, skip iLQR)
2026-09-11 14:19:30,972 [INFO] src.ilqt.async_replanner: ASYNC_PLAN done: step=100 k_hit=79 iters=0 horizon=0 t=5ms fast_lin=False ok=True
2026-09-11 14:19:30,972 [INFO] src.ilqt.components.predictive_safety: [SAFETY_FILTER] beta=0.4: qdot entering overspeed, joint=2, |qdot|=4.49 > 3.93
2026-09-11 14:19:30,973 [INFO] src.ilqt.components.predictive_safety: [SAFETY_FILTER] beta=0.2: qdot entering overspeed, joint=1, |qdot|=3.28 > 3.14
2026-09-11 14:19:30,974 [INFO] src.ilqt.components.predictive_safety: [SAFETY_FILTER] beta=0.4: qdot entering overspeed, joint=0, |qdot|=3.25 > 3.14
2026-09-11 14:19:30,974 [INFO] src.ilqt.components.predictive_safety: [SAFETY_FILTER] beta=0.0: qdot entering overspeed, joint=0, |qdot|=3.46 > 3.14
2026-09-11 14:19:30,975 [INFO] src.ilqt.components.predictive_safety: [SAFETY_FILTER] beta=0.2: qdot entering overspeed, joint=0, |qdot|=3.54 > 3.14
2026-09-11 14:19:30,980 [DEBUG] src.ilqt.replan_core: FAR_JT step=120 k_hit=59 (JT gain=60, skip iLQR)
2026-09-11 14:19:30,980 [INFO] src.ilqt.async_replanner: ASYNC_PLAN done: step=120 k_hit=59 iters=0 horizon=0 t=5ms fast_lin=False ok=True
2026-09-11 14:19:30,994 [DEBUG] src.ilqt.tube_cost: [Softmin诊断] 候选权重TOP3: k=44:w=0.146, k=43:w=0.145, k=45:w=0.145
2026-09-11 14:19:31,000 [INFO] src.ilqt.strategies.follow_through: 随挥触发: step=178, steps=60
2026-09-11 14:19:31,030 [INFO] src.ilqt.async_replanner: ASYNC_PLAN done: step=134 k_hit=44 iters=5 horizon=44 t=49ms fast_lin=True ok=True
2026-09-11 14:19:31,042 [INFO] src.ilqt.async_replanner: AsyncReplanner: 后台规划线程已停止
2026-09-11 14:19:31,042 [INFO] src.ilqt.episode_runner: EpisodeRunner 完成: total_steps=240 safe_steps=240 mpc_done=True
2026-09-11 14:19:31,042 [DEBUG] src.ilqt.episode_runner: EpisodeRunner metrics 详情: {'total_steps': 240, 'safe_steps': 240, 'mpc_done': True, 'X_history': [array([-1.5  ,  1.57 , -0.236,  0.404,  0.446,  2.45 ,  0.   ,  0.   ,
        0.   ,  0.   ,  0.   ,  0.   ]), array([ 0.3517992 ,  1.7117462 , -0.50896674, -0.1542669 ,  0.6405853 ,
        2.43927593,  0.60824574, -0.75425673,  0.89047119,  1.41515661,
       -0.64406239, -2.14481453]), array([ 0.35774493,  1.7116057 , -0.50600876, -0.14211472,  0.63070614,
        2.43853296,  1.18914648, -0.028101  ,  0.59159754,  2.43043529,
       -1.97583051, -0.14859271]), array([ 0.3664193 ,  1.71485558, -0.50552095, -0.12498745,  0.61768922,
        2.44735753,  1.7348731 ,  0.64997614,  0.09756143,  3.42545495,
       -2.60338463,  1.76491249]), array([ 0.37695399,  1.7141318 , -0.50215301, -0.10952021,  0.6072162 ,
        2.4461533 ,  2.1069373 , -0.14475523,  0.67358811,  3.09344795,
       -2.09460457, -0.24084521]), array([ 0.38945017,  1.70997908, -0.4964213 , -0.08990874,  0.5993894 ,
        2.45286178,  2.49923741, -0.83054349,  1.14634247,  3.92229314,
       -1.56535857,  1.34169566]), array([ 0.4037465 ,  1.70907731, -0.49240074, -0.0727498 ,  0.58934507,
        2.4493899 ,  2.85926474, -0.18035487,  0.80411052,  3.43178953,
       -2.00886772, -0.69437484]), array([ 0.41875803,  1.70655559, -0.48763298, -0.05402511,  0.58048744,
        2.45004986,  3.0023059 , -0.50434439,  0.9535529 ,  3.74493616,
       -1.77152471,  0.13199078]), array([ 0.4334784 ,  1.70456551, -0.48337236, -0.03524241,  0.57142071,
        2.44858161,  2.9440748 , -0.39801564,  0.85212407,  3.7565416 ,
       -1.81334657, -0.29365028]), array([ 0.44758453,  1.70099807, -0.47838298, -0.01914722,  0.56368684,
        2.45163484,  2.82122639, -0.71348804,  0.99787504,  3.21903635,
       -1.54677426,  0.61064681]), array([ 0.46120805,  1.69799744, -0.47393107, -0.00457521,  0.55570023,
        2.45266547,  2.72470375, -0.6001248 ,  0.89038223,  2.91440224,
       -1.59732097,  0.2061251 ]), array([ 0.4748017 ,  1.69122924, -0.46746623,  0.01298742,  0.55078601,
        2.46359585,  2.71872941, -1.35364018,  1.29296814,  3.51252613,
       -0.98284477,  2.18607752]), array([ 0.48770652,  1.68771273, -0.46292936,  0.02610642,  0.54423746,
        2.46427892,  2.5809646 , -0.70330372,  0.90737442,  2.623801  ,
       -1.30970948,  0.13661297]), array([ 0.5006091 ,  1.6804513 , -0.45636994,  0.04223502,  0.5407007 ,
        2.47486638,  2.58051548, -1.45228456,  1.31188466,  3.22571972,
       -0.70735283,  2.11749263]), array([ 0.51344986,  1.67578571, -0.45143143,  0.06131343,  0.53588946,
        2.47633382,  2.56815281, -0.93311865,  0.98770131,  3.81568211,
       -0.9622479 ,  0.29348755]), array([ 0.52548434,  1.66742513, -0.44449317,  0.07477915,  0.53407765,
        2.48878448,  2.40689618, -1.67211638,  1.38765194,  2.69314397,
       -0.36236251,  2.49013227]), array([ 0.53694242,  1.66234586, -0.43954486,  0.08411036,  0.5305155 ,
        2.49091172,  2.29161576, -1.0158535 ,  0.98966266,  1.86624196,
       -0.71242937,  0.42544802]), array([ 0.5484623 ,  1.65358153, -0.43253883,  0.09654106,  0.52978608,
        2.50285794,  2.30397505, -1.75286664,  1.40120555,  2.4861403 ,
       -0.14588326,  2.38924405]), array([ 0.5593559 ,  1.64809221, -0.4275472 ,  0.10486034,  0.52737252,
        2.50450022,  2.17872066, -1.09786271,  0.99832492,  1.66385535,
       -0.48271161,  0.32845552]), array([ 0.57031986,  1.63894116, -0.42049052,  0.1162872 ,  0.52772962,
        2.51597268,  2.19279218, -1.83021085,  1.41133646,  2.28537295,
        0.07141891,  2.29449133]), array([ 0.58067444,  1.63306223, -0.41545081,  0.12368114,  0.52640508,
        2.51715793,  2.07091511, -1.17578657,  1.00794153,  1.47878658,
       -0.26490722,  0.23704988]), array([ 0.59111947,  1.62358488, -0.40827066,  0.13528415,  0.52782177,
        2.50765972,  2.08900753, -1.89546952,  1.43603176,  2.32060219,
        0.28333633, -1.89964082]), array([ 0.60089149,  1.61732337, -0.40319579,  0.14169628,  0.52761981,
        2.50925679,  1.95440296, -1.25230255,  1.01497256,  1.28242563,
       -0.04039005,  0.31941414]), array([ 0.61080328,  1.60750664, -0.39599176,  0.15236434,  0.53001215,
        2.50015071,  1.98235786, -1.96334612,  1.44080663,  2.1336133 ,
        0.4784677 , -1.82121563]), array([ 0.62005694,  1.60090919, -0.39090397,  0.15791933,  0.53077495,
        2.50211492,  1.85073271, -1.31948908,  1.01755862,  1.11099786,
        0.15255958,  0.392841  ]), array([ 0.62946773,  1.5907725 , -0.38366584,  0.1677468 ,  0.53407682,
        2.49335823,  1.88215763, -2.02733801,  1.44762521,  1.96549431,
        0.66037421, -1.75133778]), array([ 0.63823048,  1.58385866, -0.37855663,  0.17253408,  0.53574602,
        2.49564847,  1.75254937, -1.38276738,  1.02184127,  0.95745607,
        0.33383986,  0.45804875]), array([ 0.64716614,  1.57343382, -0.37130326,  0.18160465,  0.53987818,
        2.48720372,  1.78713291, -2.08496923,  1.45067432,  1.81411367,
        0.82643082, -1.6889499 ]), array([ 0.65545657,  1.56635873, -0.36644687,  0.18569451,  0.54216844,
        2.48979258,  1.65808565, -1.41501814,  0.97127919,  0.81797206,
        0.45805274,  0.51777204]), array([ 0.6638461 ,  1.5629526 , -0.36425058,  0.19439239,  0.54186155,
        2.48135552,  1.67790525, -0.68122476,  0.43925757,  1.73957509,
       -0.06137786, -1.6874132 ]), array([ 0.67219889,  1.55580586, -0.35969296,  0.20592097,  0.54422363,
        2.48317261,  1.67055932, -1.42934758,  0.91152368,  2.30571634,
        0.4724164 ,  0.36341808]), array([ 0.67998159,  1.55173068, -0.35690096,  0.2136013 ,  0.54522323,
        2.47507774,  1.55653941, -0.81503767,  0.55839997,  1.53606616,
        0.19992034, -1.61897324]), array([ 0.68787316,  1.54399031, -0.35182134,  0.22423592,  0.54869517,
        2.47722137,  1.57831415, -1.54807326,  1.0159235 ,  2.12692413,
        0.69438744,  0.42872652]), array([ 0.69520602,  1.5393502 , -0.34855549,  0.23110076,  0.55075351,
        2.46943141,  1.46657099, -0.92802227,  0.65317037,  1.37296862,
        0.41166697, -1.55799273]), array([ 0.70266928,  1.531061  , -0.34299059,  0.24093495,  0.55525964,
        2.47186448,  1.49265378, -1.65783935,  1.11298037,  1.96683809,
        0.90122627,  0.48661316]), array([ 0.7095655 ,  1.52589942, -0.33928848,  0.24705943,  0.55831105,
        2.46434413,  1.37924327, -1.03231709,  0.74042193,  1.2248953 ,
        0.61028231, -1.50406856]), array([ 0.7159249 ,  1.51702577, -0.33343195,  0.24796583,  0.56379937,
        2.46809941,  1.27187957, -1.77472871,  1.17130583,  0.1812806 ,
        1.09766476,  0.751055  ]), array([ 0.72251373,  1.51139652, -0.3293249 ,  0.25382624,  0.56770921,
        2.46072715,  1.3177655 , -1.12585032,  0.82141076,  1.17208088,
        0.78196739, -1.47445155]), array([ 0.72850965,  1.5020475 , -0.32304573,  0.25443525,  0.57410084,
        2.46461758,  1.19918554, -1.8698036 ,  1.25583241,  0.12180304,
        1.27832645,  0.77808475]), array([ 0.73474109,  1.49597162, -0.31853974,  0.26001524,  0.57886556,
        2.45737664,  1.24628633, -1.21517744,  0.90119874,  1.11599672,
        0.95294413, -1.44818654]), array([ 0.74038453,  1.48618392, -0.31186558,  0.26036647,  0.58610594,
        2.46138608,  1.12868857, -1.95753919,  1.33483119,  0.07024608,
        1.44807616,  0.80188825]), array([ 0.74628507,  1.47969609, -0.3069844 ,  0.26571443,  0.59167445,
        2.4542621 ,  1.18010843, -1.29756568,  0.97623682,  1.06959165,
        1.11370105, -1.42479598]), array([ 0.75231286,  1.4695944 , -0.29975834,  0.27398139,  0.59968662,
        2.45733514,  1.20555828, -2.02033744,  1.44521296,  1.65339232,
        1.60243436,  0.61460729]), array([ 0.75781906,  1.46268472, -0.2944478 ,  0.27876859,  0.60609412,
        2.45040038,  1.10123996, -1.38193701,  1.06210786,  0.95744062,
        1.28150081, -1.3869518 ]), array([ 0.76350146,  1.45222296, -0.28688614,  0.28649674,  0.61484919,
        2.45365948,  1.13647886, -2.09235118,  1.51233224,  1.54563057,
        1.75101237,  0.65181979]), array([ 0.76866439,  1.44497636, -0.28128359,  0.29081511,  0.6219689 ,
        2.44689513,  1.0325866 , -1.44932042,  1.12050896,  0.86367323,
        1.42394191, -1.35286915]), array([ 0.77402082,  1.434187  , -0.27340925,  0.29807055,  0.63140606,
        2.45031911,  1.07128555, -2.15787155,  1.5748682 ,  1.45108715,
        1.88743265,  0.68479435]), array([ 0.77885826,  1.42663371, -0.26753353,  0.30198327,  0.63918286,
        2.44370495,  0.96748909, -1.51065826,  1.17514482,  0.78254527,
        1.55536042, -1.32283106]), array([ 0.78390523,  1.4155467 , -0.2593662 ,  0.30882567,  0.64924557,
        2.44727503,  1.00939288, -2.21740242,  1.63346586,  1.36847879,
        2.01254239,  0.71401583]), array([ 0.78843464,  1.40771547, -0.25323474,  0.31239186,  0.65762655,
        2.44079322,  0.90588351, -1.56624545,  1.22629079,  0.71323945,
        1.67619639, -1.29636275]), array([ 0.79318873,  1.39635833, -0.24479049,  0.31887741,  0.66826157,
        2.44449274,  0.95081649, -2.27142864,  1.68885076,  1.2971093 ,
        2.12700251,  0.73990566]), array([ 0.79742861,  1.38826459, -0.23839299,  0.32215476,  0.67721485,
        2.43812636,  0.84797732, -1.61874748,  1.2794997 ,  0.65546971,
        1.79065567, -1.27327629]), array([ 0.80191767,  1.37653581, -0.22940483,  0.32836017,  0.68857905,
        2.44192777,  0.8978112 , -2.34575642,  1.79763191,  1.2410825 ,
        2.27284125,  0.76028093]), array([ 0.80599106,  1.36100707, -0.21758828,  0.33054609,  0.70251776,
        2.43594578,  0.81467822, -3.10574704,  2.36330947,  0.43718459,
        2.78774229, -1.19639658]), array([ 0.80944168,  1.3489534 , -0.20838626,  0.32870364,  0.71449638,
        2.44076707,  0.69012412, -2.41073477,  1.84040388, -0.36848982,
        2.39572394,  0.96425684]), array([ 0.81330647,  1.33353932, -0.19677213,  0.33104477,  0.72855422,
        2.43478317,  0.77295762, -3.08281602,  2.32282614,  0.46822511,
        2.81156722, -1.19677944]), array([ 0.81658982,  1.32161577, -0.18782507,  0.32945019,  0.74068572,
        2.43959372,  0.65667082, -2.38471069,  1.78941163, -0.31891662,
        2.42630094,  0.96210942]), array([ 0.82030135,  1.30634583, -0.17646579,  0.3319868 ,  0.75480111,
        2.43361264,  0.74230449, -3.05398785,  2.27185733,  0.50732173,
        2.82307638, -1.19621498]), array([ 0.82343561,  1.29454806, -0.16774589,  0.33065005,  0.76706404,
        2.43841432,  0.6268522 , -2.35955459,  1.74398059, -0.26734982,
        2.45258742,  0.96033605]), array([ 0.82700992,  1.27941712, -0.15661292,  0.33338976,  0.78121424,
        2.43243784,  0.71486255, -3.02618716,  2.22659361,  0.54794326,
        2.83003902, -1.19529741]), array([ 0.83001131,  1.26774101, -0.14809239,  0.33231884,  0.79358858,
        2.43723235,  0.60027741, -2.33522217,  1.70410602, -0.21418389,
        2.47486859,  0.95890269]), array([ 0.83346498,  1.25274483, -0.137159  ,  0.33526968,  0.80775203,
        2.43126204,  0.69073501, -2.99923472,  2.18667842,  0.59016719,
        2.83269066, -1.19406309]), array([ 0.83635043,  1.24118717, -0.12881168,  0.334473  ,  0.82021854,
        2.43605094,  0.57709068, -2.31153302,  1.66946285, -0.15933566,
        2.49330137,  0.95778104]), array([ 0.83970073,  1.22632231, -0.11805271,  0.33764342,  0.83437489,
        2.43008821,  0.67005897, -2.97297177,  2.15179495,  0.6340844 ,
        2.83126936, -1.19254541]), array([ 0.84248792,  1.21488067, -0.10985387,  0.33712974,  0.84691515,
        2.43487294,  0.55743728, -2.28832918,  1.63976816, -0.10273662,
        2.50805289,  0.95694564]), array([ 0.84575277,  1.20014442, -0.09924566,  0.34052857,  0.86104513,
        2.42891908,  0.65297108, -2.94724873,  2.121641  ,  0.6797652 ,
        2.82599636, -1.19077323]), array([ 0.84845999,  1.18881786, -0.0911737 ,  0.34030669,  0.87364042,
        2.43370105,  0.54144357, -2.26531243,  1.61439127, -0.04437445,
        2.5190574 ,  0.9563939 ]), array([ 0.85165698,  1.17421781, -0.08071732,  0.34394061,  0.88771153,
        2.42775843,  0.63939823, -2.92000934,  2.09127614,  0.72678231,
        2.814221  , -1.18852226]), array([ 0.85429175,  1.16311562, -0.073019  ,  0.34399241,  0.90017864,
        2.43255352,  0.52695307, -2.22043838,  1.53966528,  0.01036049,
        2.49342203,  0.95901822]), array([ 0.85740251,  1.15576585, -0.06784024,  0.34894487,  0.91079674,
        2.4263819 ,  0.62215342, -1.46995358,  1.03575154,  0.99049229,
        2.12362034, -1.23432499]), array([ 0.859835  ,  1.14479343, -0.06048204,  0.34905726,  0.92280466,
        2.43122922,  0.48649681, -2.19448552,  1.47164075,  0.0224784 ,
        2.40158486,  0.96946381]), array([ 0.86286886,  1.13723526, -0.05483471,  0.35421195,  0.93363141,
        2.42507306,  0.60677339, -1.51163323,  1.12946522,  1.03093858,
        2.16534971, -1.23123156]), array([ 0.86522544,  1.12605568, -0.04700968,  0.3545515 ,  0.94580995,
        2.42992066,  0.47131606, -2.23591631,  1.56500626,  0.06790885,
        2.43570729,  0.96951949]), array([ 0.86820525,  1.11831749, -0.04091926,  0.35992426,  0.95681277,
        2.42378078,  0.59596151, -1.54763718,  1.21808432,  1.07455274,
        2.2005645 , -1.22797641]), array([ 0.87050869,  1.10695819, -0.03265393,  0.36050541,  0.96913001,
        2.42862909,  0.46068826, -2.27186076,  1.65306611,  0.11623046,
        2.46344739,  0.96966306]), array([ 0.87347024,  1.09906587, -0.0261432 ,  0.36612322,  0.98028664,
        2.42250566,  0.59230964, -1.57846429,  1.30214588,  1.12356044,
        2.2313275 , -1.22468579]), array([ 0.87668475,  1.08774315, -0.0171469 ,  0.37422636,  0.99266574,
        2.42662871,  0.64290169, -2.26454314,  1.79925973,  1.62062782,
        2.47581848,  0.82460981]), array([ 0.8795559 ,  1.07964934, -0.01007023,  0.37979774,  1.00404251,
        2.42057225,  0.57423012, -1.61876297,  1.4153329 ,  1.11427677,
        2.27535393, -1.21129282]), array([ 8.82705941e-01,  1.06820451e+00, -7.02409332e-04,  3.87827724e-01,
        1.01653393e+00,  2.42477311e+00,  6.30008118e-01, -2.28896578e+00,
        1.87356478e+00,  1.60599698e+00,  2.49828441e+00,  8.40171872e-01]), array([ 0.88548089,  1.05997197,  0.00657198,  0.39269638,  1.02800139,
        2.43923075,  0.55498962, -1.64650677,  1.45487749,  0.9737309 ,
        2.29349166,  2.89152893]), array([ 0.88883537,  1.0482748 ,  0.01675071,  0.40100723,  1.04074781,
        2.44262459,  0.67089556, -2.33943384,  2.03574572,  1.66217049,
        2.54928395,  0.67876772]), array([ 0.89164576,  1.03286452,  0.02947335,  0.40466332,  1.0548398 ,
        2.45653725,  0.56207891, -3.08205769,  2.54452951,  0.73121714,
        2.81839822,  2.78253093]), array([ 0.89517446,  1.02117773,  0.04012915,  0.4132927 ,  1.06771988,
        2.4591923 ,  0.70573972, -2.3373568 ,  2.13115921,  1.72587743,
        2.5760162 ,  0.53101187]), array([ 0.89810448,  1.00600865,  0.05264426,  0.41716678,  1.08166171,
        2.4724192 ,  0.5860046 , -3.0338171 ,  2.50302115,  0.77481548,
        2.78836652,  2.64537988]), array([ 0.90179507,  0.99454936,  0.06316744,  0.42604184,  1.09452052,
        2.47443303,  0.73811729, -2.29185706,  2.1046377 ,  1.77501098,
        2.57176166,  0.40276504]), array([ 0.90584376,  0.97984461,  0.07589542,  0.43721304,  1.10826101,
        2.48639148,  0.80973761, -2.94094978,  2.54559529,  2.2342413 ,
        2.74809809,  2.39168921]), array([ 0.90964074,  0.96857502,  0.08636168,  0.446065  ,  1.12121013,
        2.48786498,  0.75939731, -2.25391907,  2.09325264,  1.77039096,
        2.58982324,  0.29470185]), array([ 0.91379219,  0.95409971,  0.09894884,  0.45715791,  1.13482433,
        2.49931505,  0.83028972, -2.89506169,  2.51743079,  2.21858269,
        2.72284127,  2.29001282]), array([ 0.91768058,  0.94306085,  0.10927118,  0.46598382,  1.14775025,
        2.50029951,  0.77767747, -2.20777118,  2.06446772,  1.76518218,
        2.58518288,  0.19689209]), array([ 0.9210487 ,  0.92855507,  0.12155024,  0.47068723,  1.16131632,
        2.49144851,  0.67362479, -2.90115725,  2.45581245,  0.94068166,
        2.71321519, -1.77019882]), array([ 0.92490648,  0.91783773,  0.13147551,  0.47954009,  1.1740439 ,
        2.49279348,  0.77155519, -2.14346753,  1.98505434,  1.77057209,
        2.54551637,  0.26899222]), array([ 0.92849486,  0.91064377,  0.13878339,  0.48621052,  1.18584621,
        2.48410116,  0.71767604, -1.43879067,  1.46157598,  1.3340855 ,
        2.36046179, -1.73846414]), array([ 0.93248537,  0.90005694,  0.14861474,  0.4951551 ,  1.19805665,
        2.48578374,  0.79810244, -2.11736682,  1.96626893,  1.78891656,
        2.4420867 ,  0.33651646]), array([ 0.93621487,  0.89274464,  0.15654854,  0.50202845,  1.20987822,
        2.4773577 ,  0.74589928, -1.46246021,  1.58676187,  1.37466919,
        2.36431383, -1.68520766]), array([ 0.94037004,  0.88204091,  0.16700291,  0.51115486,  1.2220501 ,
        2.47929891,  0.83103345, -2.14074625,  2.09087404,  1.82528293,
        2.43437653,  0.38824178]), array([ 0.94519748,  0.87491783,  0.17577605,  0.52456246,  1.23378739,
        2.49099832,  0.96548849, -1.42461523,  1.7546265 ,  2.68151917,
        2.34745751,  2.33988226]), array([ 0.949726  ,  0.86409341,  0.18692346,  0.53386247,  1.24595732,
        2.4923642 ,  0.90570345, -2.16488535,  2.22948333,  1.86000296,
        2.43398739,  0.27317522]), array([ 0.95384009,  0.85655843,  0.19597754,  0.54057042,  1.25779155,
        2.50404926,  0.82281792, -1.50699578,  1.8108157 ,  1.34159054,
        2.36684523,  2.33701301]), array([ 0.95885472,  0.84549468,  0.20834019,  0.55041038,  1.26997487,
        2.50480978,  1.00292713, -2.21274855,  2.47253035,  1.9679911 ,
        2.43666323,  0.15210303]), array([ 0.96329655,  0.83070297,  0.22290699,  0.55553868,  1.28273709,
        2.51605811,  0.88836635, -2.95834231,  2.91335903,  1.02566035,
        2.55244532,  2.24966721]), array([ 0.96876451,  0.819695  ,  0.23597062,  0.56593328,  1.29511088,
        2.51627815,  1.09359193, -2.20159428,  2.61272566,  2.07891964,
        2.47475782,  0.04400779]), array([ 0.97477913,  0.80547224,  0.25133307,  0.57884817,  1.30777622,
        2.50613202,  1.20292432, -2.84455125,  3.07249127,  2.58297892,
        2.5330682 , -2.02922687]), array([ 0.98023936,  0.79486183,  0.26381285,  0.58901406,  1.32029167,
        2.50682629,  1.09204466, -2.12208375,  2.49595548,  2.03317649,
        2.50308982,  0.13885441]), array([ 0.98578654,  0.78770458,  0.27424769,  0.59755541,  1.33236737,
        2.49744528,  1.10943642, -1.43144972,  2.08696777,  1.70827028,
        2.41513916, -1.87620088]), array([ 0.99185857,  0.77699811,  0.28765374,  0.60822126,  1.34458263,
        2.49844609,  1.214406  , -2.14129257,  2.68120989,  2.13317028,
        2.44305217,  0.20016101]), array([ 0.99780198,  0.76247353,  0.30367608,  0.61490858,  1.35707769,
        2.48943753,  1.18868241, -2.90491665,  3.20446825,  1.33746321,
        2.49901146, -1.80171182]), array([ 1.00437739,  0.75197677,  0.31763768,  0.62642348,  1.36943281,
        2.47033117,  1.31508081, -2.09935293,  2.79231921,  2.30298022,
        2.47102546, -3.82127192]), array([ 1.0113493 ,  0.73790142,  0.33472179,  0.63984079,  1.38233453,
        2.46199164,  1.39438304, -2.81506934,  3.41682338,  2.68346291,
        2.58034429, -1.66790568]), array([ 1.01834876,  0.72747322,  0.34941671,  0.65152533,  1.3953315 ,
        2.44395086,  1.39989142, -2.08564016,  2.93898408,  2.33690751,
        2.59939315, -3.60815665]), array([ 1.02488773,  0.71320393,  0.36629895,  0.65847402,  1.40829485,
        2.43707868,  1.30779445, -2.85385712,  3.37644782,  1.38973813,
        2.59266971, -1.37443514]), array([ 1.03133427,  0.69763929,  0.38366578,  0.66368188,  1.42090934,
        2.43467524,  1.28930881, -3.11292766,  3.47336519,  1.04157262,
        2.52289793, -0.48068921]), array([ 1.03952878,  0.68595284,  0.39991209,  0.67439208,  1.43396958,
        2.44219802,  1.63890124, -2.33729007,  3.24926257,  2.14203997,
        2.61204841,  1.5045562 ]), array([ 1.04976288,  0.67082012,  0.41901604,  0.68810539,  1.44715611,
        2.45936117,  2.04681926, -3.02654521,  3.82078939,  2.74266105,
        2.63730681,  3.43262945]), array([ 1.06154112,  0.65927769,  0.43656557,  0.70128419,  1.46119431,
        2.46563764,  2.35564908, -2.30848612,  3.50990526,  2.63575944,
        2.80763999,  1.25529551]), array([ 1.0738804 ,  0.64640758,  0.45551804,  0.71544386,  1.47531752,
        2.46747803,  2.4678562 , -2.5740223 ,  3.79049483,  2.8319344 ,
        2.82464029,  0.36807844]), array([ 1.08615345,  0.63317615,  0.4743274 ,  0.72962537,  1.48916827,
        2.46724558,  2.45460924, -2.64628457,  3.76187289,  2.83630268,
        2.77015005, -0.04649016]), array([ 1.09901193,  0.62343064,  0.49173255,  0.74234068,  1.50478968,
        2.47721743,  2.57169537, -1.94910246,  3.48102999,  2.5430628 ,
        3.12428266,  1.99436948]), array([ 1.11289513,  0.61197734,  0.51120392,  0.75401482,  1.52054989,
        2.4826313 ,  2.77664   , -2.2906601 ,  3.89427305,  2.33482731,
        3.15204307,  1.08277306]), array([ 1.12622416,  0.60093432,  0.52968512,  0.76502929,  1.53573697,
        2.48794042,  2.66580665, -2.20860511,  3.69623951,  2.20289378,
        3.03741568,  1.06182447]), array([ 1.13999393,  0.58934004,  0.54875078,  0.77652903,  1.55095295,
        2.49094805,  2.75395327, -2.31885463,  3.81313336,  2.29994813,
        3.04319629,  0.60152518]), array([ 1.14824837,  0.58281158,  0.55912586,  0.78202526,  1.56274829,
        2.50495712,  1.65088953, -1.3056934 ,  2.07501553,  1.09924518,
        2.35906775,  2.80181515]), array([ 1.15549202,  0.57680468,  0.56843035,  0.786728  ,  1.57186496,
        2.51288107,  1.44872862, -1.20137982,  1.8608973 ,  0.94054834,
        1.82333236,  1.58478972]), array([ 1.16181061,  0.57127527,  0.57668226,  0.79080226,  1.57874485,
        2.5174309 ,  1.26371859, -1.1058819 ,  1.65038153,  0.81485302,
        1.37597893,  0.90996655]), array([ 1.16728219,  0.56618337,  0.58392884,  0.79439469,  1.58375507,
        2.52010335,  1.09431567, -1.01837938,  1.4493163 ,  0.71848597,
        1.00204475,  0.53448903]), array([ 1.17197679,  0.56149248,  0.59023225,  0.79762865,  1.58720114,
        2.52172549,  0.93892035, -0.93817806,  1.26068163,  0.64679102,
        0.6892136 ,  0.3244291 ]), array([ 1.17595696,  0.55716915,  0.59566122,  0.80060444,  1.58933783,
        2.52275499,  0.79603469, -0.86466581,  1.08579448,  0.59515912,
        0.42733805,  0.20589938]), array([ 1.17927855,  0.5531827 ,  0.60028622,  0.80340169,  1.59037803,
        2.52344558,  0.66431749, -0.79728958,  0.92499977,  0.5594501 ,
        0.20803867,  0.13811735]), array([ 1.18199152,  0.54950499,  0.60417659,  0.80608231,  1.59049993,
        2.52393837,  0.54259369, -0.73554228,  0.7780755 ,  0.53612332,
        0.0243807 ,  0.09855931]), array([ 1.18414074,  0.54611022,  0.60739897,  0.80869349,  1.589853  ,
        2.52431225,  0.42984417, -0.67895469,  0.64447471,  0.52223558,
       -0.12938633,  0.07477534]), array([ 1.18576668,  0.54297477,  0.61001633,  0.81127041,  1.5885628 ,
        2.52461163,  0.32518845, -0.62709037,  0.52347229,  0.5153841 ,
       -0.25803958,  0.05987548]), array([ 1.18690601,  0.54007705,  0.61208761,  0.81383857,  1.58673503,
        2.52486183,  0.22786588, -0.57954245,  0.41425528,  0.51363192,
       -0.3655547 ,  0.05003982]), array([ 1.1875921 ,  0.5373974 ,  0.6136675 ,  0.81641573,  1.58445879,
        2.52507755,  0.13721805, -0.53593143,  0.31597877,  0.51543292,
       -0.45524636,  0.0431447 ]), array([ 1.18785547,  0.53491788,  0.6148065 ,  0.81901355,  1.58180938,
        2.52526757,  0.05267312, -0.49590358,  0.22780072,  0.51956356,
       -0.5298834 ,  0.03800435]), array([ 1.18772413,  0.53262223,  0.61555102,  0.82163887,  1.57885046,
        2.52543733, -0.02626761, -0.45912975,  0.14890332,  0.52506379,
       -0.59178335,  0.03395219]), array([ 1.18149989,  0.53301449,  0.60871265,  0.8220708 ,  1.56944299,
        2.51638912, -1.14480669,  0.5037562 , -1.44618023, -0.44480114,
       -1.23860387, -1.84025267]), array([ 1.17587948,  0.53536863,  0.60208664,  0.8207844 ,  1.56335067,
        2.51124838, -1.12408267,  0.47082852, -1.3252024 , -0.25728097,
       -1.21846404, -1.02814665]), array([ 1.17034053,  0.53756786,  0.59600876,  0.82029091,  1.5573761 ,
        2.50835571, -1.10778856,  0.43984544, -1.21557533, -0.09869694,
       -1.19491331, -0.5785353 ]), array([ 1.16486258,  0.53962229,  0.59042073,  0.82045805,  1.5515293 ,
        2.50671098, -1.09559052,  0.41088565, -1.11760543,  0.03342686,
       -1.16936105, -0.32894566]), array([ 1.15942778,  0.54154209,  0.5852673 ,  0.82116864,  1.54581535,
        2.50576187, -1.08696126,  0.38396057, -1.03068639,  0.14211823,
       -1.14278871, -0.18982117]), array([ 1.15402119,  0.54333729,  0.58049818,  0.8223209 ,  1.54023592,
        2.50520295, -1.0813176 ,  0.3590407 , -0.95382374,  0.23045259,
       -1.11588744, -0.11178403]), array([ 1.14863073,  0.54501765,  0.57606864,  0.82382747,  1.53479017,
        2.50486497, -1.0780915 ,  0.33607164, -0.88590861,  0.30131403,
       -1.08915035, -0.06759754]), array([ 1.14324691,  0.54659257,  0.57193937,  0.82561395,  1.52947551,
        2.50465383, -1.0767634 ,  0.31498407, -0.82585349,  0.35729579,
       -1.06293097, -0.04222787]), array([ 1.13786254,  0.54807107,  0.5680761 ,  0.82761732,  1.52428811,
        2.50451698, -1.07687491,  0.29570012, -0.77265372,  0.4006732 ,
       -1.0374808 , -0.02736825]), array([ 1.13247238,  0.54946176,  0.56444905,  0.82978438,  1.51922323,
        2.50442488, -1.07803077,  0.27813745, -0.72541023,  0.4334129 ,
       -1.01297455, -0.01842163]), array([ 1.12707291,  0.55077282,  0.56103239,  0.83207037,  1.51427559,
        2.50436069, -1.07989548,  0.26221195, -0.68333256,  0.45719861,
       -0.98952815, -0.01283776]), array([ 1.12166197,  0.55201202,  0.55780372,  0.83443769,  1.50943953,
        2.5043147 , -1.08218766,  0.24783945, -0.64573279,  0.47346303,
       -0.96721208, -0.00919665]), array([ 1.1162386 ,  0.5531867 ,  0.55474365,  0.83685479,  1.50470922,
        2.50428119, -1.08467364,  0.23493696, -0.61201553,  0.48342053,
       -0.94606178, -0.0067032 ]), array([ 1.1108028 ,  0.55430382,  0.55183531,  0.83929528,  1.5000788 ,
        2.50425665, -1.08716118,  0.22342341, -0.58166702,  0.48809787,
       -0.92608582, -0.00490841]), array([ 1.10535533,  0.55536992,  0.54906409,  0.84173709,  1.49554243,
        2.50423887, -1.08949366,  0.21322015, -0.55424448,  0.48836184,
       -0.90727248, -0.00355556]), array([ 1.09989760e+00,  5.56391176e-01,  5.46417257e-01,  8.44161808e-01,
        1.49109446e+00,  2.50422639e+00, -1.09154481e+00,  2.04251309e-01,
       -5.29366331e-01,  4.84943658e-01, -8.89594949e-01, -2.49519743e-03]), array([ 1.09443153e+00,  5.57373395e-01,  5.43883739e-01,  8.46554108e-01,
        1.48672938e+00,  2.50421820e+00, -1.09321420e+00,  1.96443928e-01,
       -5.06703684e-01,  4.78459931e-01, -8.73015593e-01, -1.63810441e-03]), array([ 1.08895942e+00,  5.58322036e-01,  5.41453875e-01,  8.48901261e-01,
        1.48244193e+00,  2.50421356e+00, -1.09442319e+00,  1.89728108e-01,
       -4.85972794e-01,  4.69430696e-01, -8.57489259e-01, -9.29220553e-04]), array([ 1.08348386e+00,  5.59242221e-01,  5.39119231e-01,  8.51192735e-01,
        1.47822710e+00,  2.50421189e+00, -1.09511163e+00,  1.84037020e-01,
       -4.66928653e-01,  4.58294701e-01, -8.42965943e-01, -3.33140456e-04]), array([ 1.07800768e+00,  5.60138756e-01,  5.36872434e-01,  8.53419846e-01,
        1.47408014e+00,  2.50421276e+00, -1.09523487e+00,  1.79306897e-01,
       -4.49359485e-01,  4.45422363e-01, -8.29392863e-01,  1.73999709e-04]), array([ 1.07253388e+00,  5.61016140e-01,  5.34707024e-01,  8.55575480e-01,
        1.46999656e+00,  2.50421581e+00, -1.09476130e+00,  1.75476982e-01,
       -4.33082056e-01,  4.31126685e-01, -8.16716058e-01,  6.09092691e-04]), array([ 1.06706553e+00,  5.61878588e-01,  5.32617335e-01,  8.57653842e-01,
        1.46597215e+00,  2.50422073e+00, -1.09367029e+00,  1.72489457e-01,
       -4.17937681e-01,  4.15672452e-01, -8.04881614e-01,  9.84664602e-04]), array([ 1.06160577e+00,  5.62730035e-01,  5.30598391e-01,  8.59650262e-01,
        1.46200297e+00,  2.50422728e+00, -1.09195033e+00,  1.70289350e-01,
       -4.03788821e-01,  3.99283962e-01, -7.93836573e-01,  1.31038363e-03]), array([ 1.05615779e+00,  5.63574157e-01,  5.28645810e-01,  8.61561019e-01,
        1.45808532e+00,  2.50423525e+00, -1.08959758e+00,  1.68824434e-01,
       -3.90516185e-01,  3.82151504e-01, -7.83529598e-01,  1.59395447e-03]), array([ 1.05072471e+00,  5.64414382e-01,  5.26755729e-01,  8.63383203e-01,
        1.45421576e+00,  2.50424446e+00, -1.08661455e+00,  1.68045118e-01,
       -3.78016258e-01,  3.64436801e-01, -7.73911435e-01,  1.84166537e-03]), array([ 1.04530967e+00,  5.65253904e-01,  5.24924733e-01,  8.65114591e-01,
        1.45039109e+00,  2.50425475e+00, -1.08300901e+00,  1.67904328e-01,
       -3.66199187e-01,  3.46277561e-01, -7.64935224e-01,  2.05873608e-03]), array([ 1.03991570e+00,  5.66095691e-01,  5.23149798e-01,  8.66753548e-01,
        1.44660830e+00,  2.50426600e+00, -1.07879306e+00,  1.68357397e-01,
       -3.54986967e-01,  3.27791294e-01, -7.56556686e-01,  2.24954968e-03]), array([ 1.03454579e+00,  5.66942501e-01,  5.21428239e-01,  8.68298940e-01,
        1.44286463e+00,  2.50427809e+00, -1.07398237e+00,  1.69361941e-01,
       -3.44311893e-01,  3.09078503e-01, -7.48734206e-01,  2.41781477e-03]), array([ 1.02920281,  0.56779689,  0.51975766,  0.86975007,  1.43915749,
        2.50429092, -1.06859549,  0.17087775, -0.33411522,  0.29022535,
       -0.74142886,  0.00256668]), array([ 1.02388955,  0.56866122,  0.51813593,  0.8711066 ,  1.43548447,
        2.50430442, -1.06265326,  0.17286667, -0.32434602,  0.27130591,
       -0.73460437,  0.00269885]), array([ 1.01860866,  0.56953769,  0.51656113,  0.87236852,  1.43184333,
        2.5043185 , -1.05617837,  0.1752925 , -0.31496017,  0.25238398,
       -0.72822703,  0.0028166 ]), array([ 1.01336268,  0.57042829,  0.51503153,  0.87353609,  1.428232  ,
        2.50433311, -1.04919494,  0.17812087, -0.30591951,  0.23351473,
       -0.7222656 ,  0.00292191]), array([ 1.00815404,  0.57133489,  0.51354558,  0.87460982,  1.42464855,
        2.50434819, -1.04172814,  0.18131917, -0.2971911 ,  0.2147459 ,
       -0.71669119,  0.00301646]), array([ 1.00298502,  0.57225917,  0.51210185,  0.87559041,  1.42109116,
        2.5043637 , -1.0338039 ,  0.18485641, -0.28874652,  0.19611898,
       -0.71147709,  0.00310169]), array([ 0.99785778,  0.57320268,  0.51069904,  0.87647876,  1.41755817,
        2.50437959, -1.02544869,  0.18870319, -0.28056139,  0.17767008,
       -0.70659868,  0.00317881]), array([ 0.99277433,  0.57416684,  0.50933597,  0.87727592,  1.414048  ,
        2.50439584, -1.01668923,  0.19283153, -0.27261478,  0.15943067,
       -0.70203324,  0.0032489 ]), array([ 0.98773657,  0.57515292,  0.50801152,  0.87798306,  1.4105592 ,
        2.5044124 , -1.00755239,  0.19721488, -0.26488884,  0.14142826,
       -0.69775981,  0.00331284]), array([ 0.98274624,  0.57616206,  0.50672468,  0.87860149,  1.40709041,
        2.50442926, -0.99806495,  0.20182797, -0.25736842,  0.1236869 ,
       -0.69375907,  0.0033714 ]), array([ 0.97780498,  0.57719529,  0.50547448,  0.87913263,  1.40364034,
        2.50444639, -0.98825354,  0.20664678, -0.25004068,  0.10622767,
       -0.69001319,  0.00342525]), array([ 0.97291425,  0.57825353,  0.50426   ,  0.87957798,  1.40020781,
        2.50446376, -0.97814446,  0.21164845, -0.24289484,  0.08906898,
       -0.68650571,  0.00347494]), array([ 0.96807544,  0.57933759,  0.50308039,  0.87993911,  1.39679171,
        2.50448137, -0.96776361,  0.21681122, -0.23592191,  0.07222696,
       -0.68322139,  0.00352096]), array([ 0.96328975,  0.58044816,  0.50193482,  0.88021769,  1.39339098,
        2.50449918, -0.95713642,  0.22211441, -0.22911447,  0.05571568,
       -0.68014614,  0.0035637 ]), array([ 0.95855831,  0.58158585,  0.50082249,  0.88041543,  1.39000464,
        2.5045172 , -0.94628776,  0.22753829, -0.22246642,  0.03954739,
       -0.67726687,  0.00360353]), array([ 0.95388211,  0.58275117,  0.49974262,  0.88053409,  1.38663178,
        2.50453541, -0.93524187,  0.23306412, -0.21597287,  0.02373273,
       -0.67457141,  0.00364073]), array([ 0.94926199,  0.58394454,  0.49869447,  0.8805755 ,  1.38327154,
        2.50455378, -0.92402235,  0.23867402, -0.20962992,  0.00828083,
       -0.67204843,  0.00367558]), array([ 0.9448071 ,  0.58504106,  0.49756064,  0.88009073,  1.37969968,
        2.50462664, -0.89097819,  0.21930274, -0.22676569, -0.09695309,
       -0.71437269,  0.01457209]), array([ 0.94054005,  0.58603807,  0.49634133,  0.87902353,  1.37590381,
        2.50475646, -0.85341068,  0.19940305, -0.24386216, -0.21343913,
       -0.75917343,  0.02596301]), array([ 0.93647833,  0.58693304,  0.49503749,  0.87733827,  1.37188694,
        2.50494412, -0.81234289,  0.17899298, -0.26076889, -0.33705263,
       -0.80337425,  0.03753274]), array([ 0.93263518,  0.5877236 ,  0.49365061,  0.87501541,  1.3676627 ,
        2.50518934, -0.76863162,  0.1581123 , -0.27737514, -0.46457177,
       -0.84484725,  0.04904313]), array([ 0.92902018,  0.58840769,  0.49218263,  0.8720479 ,  1.36325181,
        2.50549091, -0.72299961,  0.13681846, -0.29359716, -0.59350146,
       -0.88217798,  0.06031492]), array([ 0.92563988,  0.5889836 ,  0.49063578,  0.86843826,  1.35867939,
        2.50584698, -0.6760605 ,  0.11518287, -0.30936956, -0.72192886,
       -0.91448471,  0.07121354]), array([ 0.92249818,  0.58945004,  0.48901258,  0.86419623,  1.35397299,
        2.50625517, -0.62833842,  0.09328742, -0.32463952, -0.84840516,
       -0.94127984,  0.08163837]), array([ 0.91959677,  0.58980615,  0.48731577,  0.85933699,  1.34916117,
        2.50671275, -0.58028343,  0.07122155, -0.33936293, -0.97184911,
       -0.96236406,  0.09151465]), array([ 0.91693535,  0.59005155,  0.48554826,  0.85387965,  1.34427244,
        2.50721668, -0.53228371,  0.04907976, -0.35350185, -1.09146858,
       -0.97774595,  0.10078734]), array([ 0.91451197,  0.59018634,  0.48371314,  0.84784616,  1.33933454,
        2.50776377, -0.48467521,  0.02695946, -0.36702293, -1.20669717,
       -0.98758114,  0.10941662]), array([ 0.91232323,  0.59021114,  0.48181366,  0.84126044,  1.3343739 ,
        2.50835064, -0.43774937,  0.00495923, -0.37989643, -1.3171431 ,
       -0.99212654,  0.11737453]), array([ 0.91036443,  0.59012703,  0.47985318,  0.8341477 ,  1.32941537,
        2.50897385, -0.39175927, -0.01682267, -0.39209568, -1.42254846,
       -0.99170621,  0.12464235]), array([ 0.90862981,  0.58993558,  0.4778352 ,  0.82653392,  1.32448194,
        2.50962989, -0.34692456, -0.03828953, -0.40359681, -1.52275668,
       -0.98668599,  0.13120882]), array([ 0.90711263,  0.58963884,  0.47576331,  0.81844548,  1.31959467,
        2.51031524, -0.30343548, -0.05934719, -0.4143786 , -1.61768703,
       -0.97745489,  0.13706863]), array([ 0.90580535,  0.58923932,  0.47364119,  0.80990891,  1.31477261,
        2.51102634, -0.26145607, -0.07990498, -0.42442255, -1.70731463,
       -0.9644115 ,  0.14222143]), array([ 0.90469971,  0.58873994,  0.47147263,  0.80095064,  1.31003284,
        2.5117597 , -0.22112686, -0.09987634, -0.43371283, -1.79165501,
       -0.9479543 ,  0.14667104]), array([ 0.90378688,  0.58814404,  0.46926145,  0.79159687,  1.30539047,
        2.51251182, -0.1825671 , -0.11917947, -0.44223641, -1.87075238,
       -0.9284747 ,  0.15042479]), array([ 0.9030575 ,  0.58745535,  0.46701153,  0.78187352,  1.3008587 ,
        2.51327929, -0.14587655, -0.13773783, -0.44998307, -1.94467073,
       -0.90635232,  0.15349312]), array([ 0.90250181,  0.58667795,  0.4647268 ,  0.77180608,  1.29644894,
        2.51405874, -0.11113714, -0.15548053, -0.45694546, -2.01348738,
       -0.88195176,  0.15588923]), array([ 0.90210974,  0.58581624,  0.46241121,  0.76141964,  1.29217084,
        2.51484688, -0.07841431, -0.17234262, -0.46311908, -2.07728829,
       -0.85562045,  0.15762875]), array([ 0.90187095,  0.58487491,  0.4600687 ,  0.75073882,  1.28803241,
        2.51564053, -0.04775822, -0.1882654 , -0.46850231, -2.13616475,
       -0.82768744,  0.15872958]), array([ 0.90177492,  0.58385893,  0.45770322,  0.73978776,  1.28404009,
        2.51643659, -0.01920485, -0.20319657, -0.47309633, -2.19021128,
       -0.79846264,  0.15921166]), array([ 0.90181104,  0.58277347,  0.45531869,  0.72859014,  1.28019891,
        2.51723207,  0.007223  , -0.2170904 , -0.47690511, -2.23952427,
       -0.76823655,  0.1590968 ]), array([ 0.90196861,  0.58162393,  0.45291901,  0.71716913,  1.27651251,
        2.51802411,  0.03151477, -0.22990775, -0.47993527, -2.28420128,
       -0.73728023,  0.15840856]), array([ 0.90223697,  0.58041585,  0.45050803,  0.70554743,  1.27298328,
        2.51880997,  0.05367126, -0.24161617, -0.48219606, -2.32434073,
       -0.70584543,  0.15717205]), array([ 0.90260549,  0.5791549 ,  0.44808954,  0.69374722,  1.26961246,
        2.51958704,  0.0737038 , -0.25218983, -0.48369922, -2.36004198,
       -0.67416491,  0.15541383]), array([ 0.90306365,  0.57784686,  0.44566724,  0.68179019,  1.26640019,
        2.52035285,  0.09163344, -0.26160952, -0.48445885, -2.39140548,
       -0.64245273,  0.15316174]), array([ 0.90360111,  0.57649754,  0.44324479,  0.66969753,  1.26334567,
        2.52110507,  0.10749011, -0.2698625 , -0.48449132, -2.41853316,
       -0.61090469,  0.15044474]), array([ 0.90420766,  0.57511283,  0.44082571,  0.65748988,  1.26044718,
        2.52184154,  0.1213119 , -0.27694241, -0.48381516, -2.44152877,
       -0.5796987 ,  0.14729275]), array([ 0.90487339,  0.57369859,  0.43841346,  0.64518739,  1.2577022 ,
        2.52256022,  0.13314426, -0.28284907, -0.48245087, -2.46049826,
       -0.54899525,  0.14373647]), array([ 0.90558858,  0.57226065,  0.43601135,  0.63280964,  1.25510751,
        2.52325926,  0.14303928, -0.28758834, -0.48042088, -2.47555012,
       -0.51893784,  0.13980722]), array([ 0.90634386,  0.57080479,  0.43362261,  0.62037566,  1.25265924,
        2.52393694,  0.1510549 , -0.29117183, -0.47774934, -2.48679567,
       -0.48965339,  0.13553675]), array([ 0.90713013,  0.5693367 ,  0.4312503 ,  0.60790392,  1.25035298,
        2.52459173,  0.15725424, -0.29361669, -0.47446204, -2.4943492 ,
       -0.46125276,  0.13095707]), array([ 0.90793865,  0.56786198,  0.42889736,  0.59541228,  1.24818382,
        2.52522223,  0.16170486, -0.29494533, -0.47058629, -2.49832812,
       -0.4338312 ,  0.12610022]), array([ 0.90876104,  0.56638605,  0.42656661,  0.58291801,  1.24614648,
        2.52582722,  0.16447806, -0.29518508, -0.46615072, -2.49885295,
       -0.40746884,  0.12099813]), array([ 0.90958928,  0.56491421,  0.42426068,  0.57043778,  1.24423532,
        2.52640563,  0.16564822, -0.29436795, -0.46118524, -2.49604723,
       -0.38223121,  0.11568238]), array([ 0.91041574,  0.56345156,  0.42198208,  0.55798759,  1.24244447,
        2.52695655,  0.16529215, -0.29253023, -0.45572083, -2.49003737,
       -0.35816978,  0.1101841 ]), array([ 0.91123319,  0.562003  ,  0.41973313,  0.54558283,  1.24076786,
        2.52747922,  0.16348843, -0.28971216, -0.44978946, -2.48095236,
       -0.33532254,  0.10453369]), array([ 0.91203477,  0.56057321,  0.41751601,  0.53323821,  1.23919929,
        2.52797302,  0.16031686, -0.28595759, -0.44342393, -2.46892347,
       -0.31371462,  0.09876075]), array([ 0.91281406,  0.55916664,  0.41533272,  0.52096779,  1.23773249,
        2.52843749,  0.15585784, -0.28131359, -0.43665772, -2.45408386,
       -0.29335887,  0.09289386]), array([ 0.91356502,  0.55778749,  0.4131851 ,  0.50878495,  1.23636121,
        2.52887229,  0.15019184, -0.27583009, -0.42952492, -2.43656809,
       -0.27425659,  0.08696046]), array([ 0.91428201,  0.55643969,  0.4110748 ,  0.49670239,  1.23507922,
        2.52927723,  0.14339893, -0.26955953, -0.42205998, -2.41651171,
       -0.25639817,  0.08098673]), array([ 0.91495981,  0.55512691,  0.40900331,  0.48473214,  1.2338804 ,
        2.52965221,  0.13555828, -0.26255642, -0.41429769, -2.39405064,
       -0.23976387,  0.07499746]), array([ 0.91559354,  0.55385253,  0.40697195,  0.47288553,  1.23275878,
        2.52999729,  0.12674772, -0.25487706, -0.40627297, -2.36932071,
       -0.2243245 ,  0.06901598]), array([ 0.91617876,  0.55261963,  0.40498184,  0.46117325,  1.23170857,
        2.53031261,  0.1170434 , -0.24657909, -0.39802074, -2.34245709,
       -0.21004223,  0.06306405]), array([ 0.91671136,  0.55143103,  0.40303396,  0.44960528,  1.23072421,
        2.53059842,  0.10651939, -0.23772121, -0.38957581, -2.31359371,
       -0.19687137,  0.0571618 ]), array([ 0.9171876 ,  0.55028921,  0.4011291 ,  0.43819097,  1.22980042,
        2.53085506,  0.0952474 , -0.22836277, -0.38097273, -2.28286275,
       -0.18475913,  0.05132774]), array([ 0.91760408,  0.54919639,  0.39926787,  0.426939  ,  1.22893218,
        2.53108296,  0.08329651, -0.21856349, -0.37224567, -2.25039412,
       -0.17364643,  0.04557865]), array([ 0.91795774,  0.54815448,  0.39745073,  0.41585742,  1.22811484,
        2.5312826 ,  0.07073291, -0.20838311, -0.36342826, -2.21631496,
       -0.16346871,  0.03992965]), array([ 0.91824584,  0.54716507,  0.39567796,  0.40495368,  1.22734406,
        2.53145457,  0.05761976, -0.19788109, -0.35455352, -2.18074914,
       -0.15415668,  0.03439415]), array([ 0.91846593,  0.54622949,  0.39394969,  0.39423459,  1.22661587,
        2.53159949,  0.04401701, -0.18711635, -0.34565372, -2.1438169 ,
       -0.14563709,  0.02898391]), array([ 0.91861583,  0.54534876,  0.39226589,  0.38370642,  1.2259267 ,
        2.53171804,  0.02998129, -0.17614696, -0.33676026, -2.10563439,
       -0.13783354,  0.02370905]), array([ 0.91869366,  0.54452361,  0.39062638,  0.37337485,  1.22527337,
        2.53181093,  0.01556583, -0.16502994, -0.3279036 , -2.06631339,
       -0.13066711,  0.01857811]), array([ 9.18697764e-01,  5.43754503e-01,  3.89030810e-01,  3.63245048e-01,
        1.22465308e+00,  2.53187892e+00,  8.20397282e-04, -1.53820991e-01,
       -3.19113120e-01, -2.02596095e+00, -1.24057158e-01,  1.35981186e-02]), array([ 0.91862672,  0.54304163,  0.38747872,  0.35332165,  1.22406347,
        2.53192279, -0.01420869, -0.14257431, -0.31041708, -1.98467919,
       -0.11792192,  0.00877465]), array([ 0.91847933,  0.54238492,  0.38596951,  0.34360883,  1.22350258,
        2.53194335, -0.02947857, -0.13134239, -0.3018425 , -1.94256507,
       -0.11217918,  0.00411189]), array([ 9.18254578e-01,  5.41784040e-01,  3.84502436e-01,  3.34110275e-01,
        1.22296884e+00,  2.53194142e+00, -4.49498101e-02, -1.20175861e-01,
       -2.93415142e-01, -1.89971024e+00, -1.06746853e-01, -3.87257948e-04]), array([ 0.91795165,  0.54123842,  0.38307664,  0.32482927,  1.22246112,
        2.53191781, -0.06058634, -0.10912331, -0.2851594 , -1.85620091,
       -0.10154355, -0.00472108]), array([ 0.91756987,  0.54074727,  0.38169115,  0.31576868,  1.22197868,
        2.53187337, -0.07635537, -0.0982312 , -0.27709828, -1.81211782,
       -0.09648909, -0.00888899]), array([ 0.91710873,  0.54030955,  0.38034488,  0.306931  ,  1.22152115,
        2.53180891, -0.09222731, -0.0875437 , -0.26925335, -1.76753619,
       -0.09150497, -0.01289141]), array([ 0.91656786,  0.53992404,  0.37903666,  0.29831837,  1.22108858,
        2.53172526, -0.10817562, -0.07710263, -0.2616447 , -1.7225257 ,
       -0.08651481, -0.01672969]), array([ 0.91592472,  0.53953678,  0.37764821,  0.29010842,  1.22031531,
        2.53162502, -0.12862799, -0.07745161, -0.27768976, -1.64199008,
       -0.15465421, -0.02004775])], 'U_history': [array([ 60.        , -60.        ,   4.68953855,  10.        ,
       -10.        , -10.        ]), array([60.        , 60.        ,  6.68422356, 10.        , -4.77390364,
       10.        ]), array([60.        , 60.        ,  3.23135935, 10.        ,  0.95499373,
       10.        ]), array([ 60.        , -60.        ,  -0.85648398, -10.        ,
        -0.60105255, -10.        ]), array([ 48.        , -48.        ,   2.07598716,   8.        ,
         1.05449428,   8.        ]), array([ 60.        ,  60.        ,   9.04186836, -10.        ,
         3.66319281, -10.        ]), array([ 24.        , -24.        ,  -1.57458977,   4.        ,
        -0.46329582,   4.        ]), array([ 2.38871148, 12.        ,  1.77169878,  2.        ,  0.76888101,
       -2.        ]), array([  0.12961031, -24.        ,  -1.52889446,  -4.        ,
        -0.25752852,   4.        ]), array([ 0.58712385, 12.        ,  1.78132723, -2.        ,  0.83485264,
       -2.        ]), array([  0.85754501, -60.        ,  -3.69156485,  10.        ,
        -0.77881141,  10.        ]), array([  2.19858591,  60.        ,   9.03642176, -10.        ,
         4.34089954, -10.        ]), array([  0.82357878, -60.        ,  -3.61889021,  10.        ,
        -0.76024819,  10.        ]), array([ 1.41761419, 48.        ,  7.27719204,  8.        ,  3.5279812 ,
       -8.        ]), array([ -1.21212896, -60.        ,  -3.46460872, -10.        ,
        -0.49532227,  10.        ]), array([  3.71662319,  60.        ,   9.13993271, -10.        ,
         4.32758015, -10.        ]), array([  0.91443658, -60.        ,  -3.32785802,  10.        ,
        -0.75222471,  10.        ]), array([  2.22668528,  60.        ,   9.23198121, -10.        ,
         4.53925182, -10.        ]), array([  0.66629537, -60.        ,  -3.303499  ,  10.        ,
        -0.74211069,  10.        ]), array([  2.34625369,  60.        ,   9.37821213, -10.        ,
         4.61669158, -10.        ]), array([  0.58794176, -60.        ,  -3.27489158,  10.        ,
        -0.74831147, -10.        ]), array([  0.81145016,  60.        ,   9.55266171, -10.        ,
         4.92279523,  10.        ]), array([  1.40452243, -60.        ,  -3.48433348,  10.        ,
        -0.95392781, -10.        ]), array([  0.91375193,  60.        ,   9.61665088, -10.        ,
         4.9434896 ,  10.        ]), array([  1.46948461, -60.        ,  -3.39190792,  10.        ,
        -0.92576561, -10.        ]), array([  0.95185729,  60.        ,   9.66766674, -10.        ,
         4.97075872,  10.        ]), array([  1.532345  , -60.        ,  -3.49295821,  10.        ,
        -0.97336058, -10.        ]), array([  0.99708817,  60.        ,   7.84949215, -10.        ,
         4.27100864,  10.        ]), array([  1.89676963,  60.        ,   3.11081   ,  10.        ,
         1.67425271, -10.        ]), array([ -3.26722094, -60.        ,  -2.42543187,  10.        ,
        -0.31300632,  10.        ]), array([  2.60139342,  60.        ,  10.90157128, -10.        ,
         5.3552096 , -10.        ]), array([ -0.15258487, -60.        ,  -2.91942148,  10.        ,
        -0.72866635,  10.        ]), array([  2.69347517,  60.        ,  10.77483544, -10.        ,
         5.25747262, -10.        ]), array([ 4.01330772e-03, -6.00000000e+01, -2.71381165e+00,  1.00000000e+01,
       -6.20095009e-01,  1.00000000e+01]), array([  2.35876683,  60.        ,  10.63524111, -10.        ,
         5.18217592, -10.        ]), array([  0.75862176, -60.        ,  -2.42408116, -10.        ,
        -0.5014953 ,  10.        ]), array([  3.42621888,  60.        ,  10.31775636,  10.        ,
         4.9145344 , -10.        ]), array([ -0.64401526, -60.        ,  -2.062242  , -10.        ,
        -0.2025949 ,  10.        ]), array([  3.35858137,  60.        ,  10.24105401,  10.        ,
         4.82805067, -10.        ]), array([ -0.55230161, -60.        ,  -1.89585613, -10.        ,
        -0.08107135,  10.        ]), array([  3.63307733,  60.        ,  10.17759328,  10.        ,
         4.73096384, -10.        ]), array([-1.10228513e+00, -6.00000000e+01, -1.80595639e+00,  1.00000000e+01,
        3.08969207e-02,  1.00000000e+01]), array([  3.20910596,  60.        ,  10.79496557, -10.        ,
         4.92028578, -10.        ]), array([ -0.17124023, -60.        ,  -2.34547286,  10.        ,
        -0.14026349,  10.        ]), array([  3.22732819,  60.        ,  10.62032849, -10.        ,
         4.80607543, -10.        ]), array([-1.32168607e-02, -6.00000000e+01, -2.11739625e+00,  1.00000000e+01,
       -2.46480065e-02,  1.00000000e+01]), array([  3.21702202,  60.        ,  10.46181226, -10.        ,
         4.69781764, -10.        ]), array([  0.13195225, -60.        ,  -1.89562513,  10.        ,
         0.08967884,  10.        ]), array([  3.23616767,  60.        ,  10.30579752, -10.        ,
         4.58680688, -10.        ]), array([  0.27099025, -60.        ,  -1.66390791,  10.        ,
         0.20785943,  10.        ]), array([  3.28304037,  60.        ,  10.32333392, -10.        ,
         4.53722487, -10.        ]), array([  0.41492067, -60.        ,   0.38938772,  10.        ,
         1.01660071,  10.        ]), array([  3.0448251 , -60.        ,   3.86265094, -10.        ,
         2.00224931, -10.        ]), array([  1.20575319,  60.        ,   8.53412177, -10.        ,
         3.97160589,  10.        ]), array([  3.26812304, -60.        ,  -0.68598361,  10.        ,
         0.48670487, -10.        ]), array([  2.2257795 ,  60.        ,   8.15491767, -10.        ,
         3.83375319,  10.        ]), array([  3.41353802, -60.        ,  -0.75431225,  10.        ,
         0.43143724, -10.        ]), array([  2.36977434,  60.        ,   8.30251599, -10.        ,
         3.89491773,  10.        ]), array([  3.52235268, -60.        ,  -0.80666235,  10.        ,
         0.3793603 , -10.        ]), array([  2.50988336,  60.        ,   8.44407564, -10.        ,
         3.95405945,  10.        ]), array([  3.64937788, -60.        ,  -0.85527184,  10.        ,
         0.32518954, -10.        ]), array([  2.65032898,  60.        ,   8.58035279, -10.        ,
         4.0107842 ,  10.        ]), array([  3.79350676, -60.        ,  -0.90034343,  10.        ,
         0.26937539, -10.        ]), array([  2.79179912,  60.        ,   8.71222612, -10.        ,
         4.06492553,  10.        ]), array([  3.95360853, -60.        ,  -0.94300182,  10.        ,
         0.21194865, -10.        ]), array([  2.93448527,  60.        ,   8.82807772, -10.        ,
         4.11184558,  10.        ]), array([  4.12510002, -60.        ,  -1.13258819,  10.        ,
         0.09912546, -10.        ]), array([  3.05163607,  60.        ,   7.24268512, -10.        ,
         3.5350504 ,  10.        ]), array([  4.430431  ,  60.        ,   4.57042908,  10.        ,
         2.22034877, -10.        ]), array([  0.62843004, -60.        ,  -0.63634569, -10.        ,
         0.18017398,  10.        ]), array([  5.96269685,  60.        ,  10.09657774,  10.        ,
         4.41258348, -10.        ]), array([  0.81854068, -60.        ,  -0.40906873, -10.        ,
         0.2817432 ,  10.        ]), array([  6.18701967,  60.        ,   9.93703271,  10.        ,
         4.26337731, -10.        ]), array([  1.00451401, -60.        ,  -0.18704715, -10.        ,
         0.38929536,  10.        ]), array([  6.6684889 ,  60.        ,   9.78968023,  10.        ,
         4.11618215, -10.        ]), array([ 4.83769295e-01, -6.00000000e+01,  1.30503131e-02,  1.00000000e+01,
        4.90024145e-01,  1.00000000e+01]), array([  6.48457038,  60.        ,  10.8527476 , -10.        ,
         4.39441036, -10.        ]), array([  1.08744024, -60.        ,  -1.02932423,  10.        ,
         0.22434242,  10.        ]), array([  6.64974171,  60.        ,  10.76901839, -10.        ,
         4.27364477,  10.        ]), array([  5.61499697, -60.        ,   1.98117104,  10.        ,
         1.02710621, -10.        ]), array([  3.86751925, -60.        ,   4.19236209, -10.        ,
         1.88994171,  10.        ]), array([  7.54939012,  60.        ,   8.57319639,  10.        ,
         3.31003494, -10.        ]), array([ 3.41916866e+00, -6.00000000e+01,  2.10128201e-02, -1.00000000e+01,
        7.39722953e-01,  1.00000000e+01]), array([  8.08572585,  60.        ,   8.85972556,  10.        ,
         3.39856889, -10.        ]), array([ 3.05225725e+00, -6.00000000e+01, -3.37761381e-02,  1.00000000e+01,
        6.38244706e-01,  1.00000000e+01]), array([  8.15430792,  60.        ,   9.45569872, -10.        ,
         3.79843909, -10.        ]), array([  3.22361713, -60.        ,  -0.6159081 ,  10.        ,
         0.25545303,  10.        ]), array([  7.78843255,  60.        ,   9.3043537 , -10.        ,
         3.77886681, -10.        ]), array([  4.58391994, -60.        ,  -0.32085115, -10.        ,
         0.20585019, -10.        ]), array([ 3.74602565, 60.        ,  7.278717  , 10.        ,  3.22298478,
       10.        ]), array([  7.86555386,  60.        ,   5.50728991, -10.        ,
         2.07760474, -10.        ]), array([  4.05822685, -60.        ,   0.91273974,  10.        ,
         0.30215797,  10.        ]), array([  7.19190846,  60.        ,  10.29871055, -10.        ,
         4.0013344 , -10.        ]), array([  4.5740688 , -60.        ,   1.15656919,  10.        ,
         0.35725681,  10.        ]), array([ 7.01263578, 60.        , 10.23443218, 10.        ,  3.86287552,
       10.        ]), array([  9.12241998, -60.        ,   1.80034038, -10.        ,
         0.42034025, -10.        ]), array([  5.26340708,  60.        ,  10.40005632, -10.        ,
         3.91384137,  10.        ]), array([ 11.68129058, -60.        ,   5.03019711,  10.        ,
         0.96849402, -10.        ]), array([  4.38743134, -60.        ,   4.11414378, -10.        ,
         1.89271097,  10.        ]), array([ 11.59768544,  60.        ,  10.56738113,  10.        ,
         3.17141594, -10.        ]), array([  6.60467601, -60.        ,   0.61860051,  10.        ,
         0.58006778, -10.        ]), array([  3.5301419 ,  60.        ,   6.65953808, -10.        ,
         3.16064201,  10.        ]), array([ 13.09531251,  60.        ,   8.45487488, -10.        ,
         2.05209597, -10.        ]), array([  6.80387921, -60.        ,   5.25630319,  10.        ,
         1.46532666,  10.        ]), array([ 10.94075338, -60.        ,   5.74299762, -10.        ,
         1.6559103 , -10.        ]), array([  5.75719473,  60.        ,   6.87991993,  10.        ,
         2.48619407, -10.        ]), array([  4.5298621 , -60.        ,   8.24777769,  10.        ,
         3.36822892,  10.        ]), array([ 11.89279616,  60.        ,   7.62209433, -10.        ,
         2.54016639, -10.        ]), array([  6.65904122, -60.        ,   5.42437876, -10.        ,
         1.67520351,  10.        ]), array([  6.9669684 , -24.        ,   3.59120652,  -4.        ,
         0.7540901 ,   4.        ]), array([23.05935146, 60.        , 13.4686593 , 10.        ,  3.60746488,
       10.        ]), array([ 30.67337079, -60.        ,   6.54303299,  10.        ,
         1.29970979,  10.        ]), array([ 34.38663754,  60.        ,  12.09564958, -10.        ,
         3.34675711, -10.        ]), array([ 12.21386017, -24.        ,   7.38568285,   4.        ,
         2.28241705,  -4.        ]), array([  5.06139365, -12.        ,   1.91456613,   2.        ,
         0.75111343,  -2.        ]), array([ 19.81031648,  60.        ,  15.19631644, -10.        ,
         6.68006706,  10.        ]), array([ 24.        , -24.        ,  12.        ,  -4.        ,
         2.86096509,  -4.        ]), array([ 0., -0.,  0., -0.,  0.,  0.]), array([ 12., -12.,   6.,   2.,   2.,  -2.]), array([-60.,  60., -30., -10., -10.,  10.]), array([-5.8543963 ,  4.30476767, -3.98722818, -1.1223581 , -5.97870581,
       -5.6036303 ]), array([-5.4209485 ,  4.0697865 , -3.59343021, -0.79539885, -4.9703814 ,
       -3.16957943]), array([-5.03110866,  3.86202986, -3.19507006, -0.53684673, -4.12086919,
       -1.81993311]), array([-4.67964085,  3.67857568, -2.80563577, -0.33994585, -3.4030958 ,
       -1.06897806]), array([-4.36150375,  3.51697939, -2.43260212, -0.19583052, -2.79489256,
       -0.64885821]), array([-4.07214624,  3.37513691, -2.07988412, -0.09559141, -2.27807763,
       -0.41179876]), array([-3.80758631,  3.251201  , -1.74925707, -0.03113638, -1.83769624,
       -0.27623469]), array([-3.56439611,  3.14352576, -1.4411991 ,  0.00452799, -1.46141509,
       -0.19711862]), array([-3.33964966,  3.05062849, -1.15540184,  0.01728119, -1.13903907,
       -0.14955068]), array([-3.13085961,  2.9711626 , -0.89108622,  0.01198566, -0.8621228 ,
       -0.11975095]), array([-2.93591495,  2.90389809, -0.64720132, -0.00737867, -0.62365611,
       -0.10007965]), array([-2.75302453,  2.84770695, -0.42255135, -0.03757641, -0.41780802,
       -0.08628941]), array([-2.58066786,  2.80155219, -0.21587768, -0.07599003, -0.23971793,
       -0.0760087 ]), array([-2.41755322,  2.76447898, -0.02591202, -0.12050963, -0.08532473,
       -0.06790438]), array([-0.17879384,  0.91915664,  3.23621611,  1.75348078,  1.28972485,
        3.68050534]), array([-0.21713689,  1.02914823,  3.0330414 ,  1.34215093,  1.29623167,
        2.05629331]), array([-0.23858984,  1.13716781,  2.85273703,  0.98256915,  1.29312349,
        1.1570706 ]), array([-0.24464292,  1.24261735,  2.69566257,  0.6707804 ,  1.28325266,
        0.65789132]), array([-0.23713339,  1.34511727,  2.56042612,  0.40160754,  1.26866655,
        0.37964234]), array([-0.21795098,  1.44443534,  2.44491225,  0.16966505,  1.25085999,
        0.22356807]), array([-0.18888963,  1.54044044,  2.34681504, -0.0301528 ,  1.23094648,
        0.13519508]), array([-0.15158171,  1.63307195,  2.26389931, -0.2024611 ,  1.20976718,
        0.08445573]), array([-0.10747678,  1.72231874,  2.19411628, -0.35131847,  1.18796105,
        0.05473651]), array([-0.05784323,  1.80820454,  2.13564335, -0.4802345 ,  1.16601232,
        0.03684326]), array([-0.00378078,  1.89077754,  2.08688624, -0.59221156,  1.14428441,
        0.02567552]), array([ 0.05376258,  1.97010277,  2.04646351, -0.68980005,  1.1230454 ,
        0.01839331]), array([ 0.1139727 ,  2.04625655,  2.01318435, -0.77515636,  1.10248793,
        0.0134064 ]), array([ 0.17615209,  2.11932233,  1.98602475, -0.85009793,  1.08274504,
        0.00981681]), array([ 0.23970421,  2.18938768,  1.9641049 , -0.91615336,  1.06390297,
        0.00711112]), array([ 0.30411951,  2.25654192,  1.94666865, -0.97460646,  1.04601151,
        0.00499039]), array([ 0.36896318,  2.32087449,  1.93306555, -1.02653449,  1.02909242,
        0.00327621]), array([ 4.33864673e-01,  2.38247364e+00,  1.92273529e+00, -1.07284099e+00,
        1.01314619e+00,  1.85844111e-03]), array([ 4.98508545e-01,  2.44142562e+00,  1.91519445e+00, -1.11428362e+00,
        9.98157500e-01,  6.66280911e-04]), array([ 5.62626725e-01,  2.49781400e+00,  1.91002522e+00, -1.15149781e+00,
        9.84099580e-01, -3.47999418e-04]), array([ 6.25991872e-01,  2.55171931e+00,  1.90686585e+00, -1.18501672e+00,
        9.70937658e-01, -1.21818538e-03]), array([ 6.88411710e-01,  2.60321879e+00,  1.90540258e+00, -1.21528802e+00,
        9.58631672e-01, -1.96932920e-03]), array([ 7.49724210e-01,  2.65238624e+00,  1.90536281e+00, -1.24268799e+00,
        9.47138381e-01, -2.62076726e-03]), array([ 0.80979347,  2.69929208,  1.90650932, -1.26753338,  0.93641299,
       -0.00318791]), array([ 0.86850622,  2.74400337,  1.90863537, -1.29009129,  0.92641037,
       -0.00368333]), array([ 0.9257688 ,  2.78658391,  1.9115606 , -1.31058757,  0.91708597,
       -0.00411747]), array([ 0.98150463,  2.82709445,  1.91512743, -1.32921366,  0.9083965 ,
       -0.0044991 ]), array([ 1.03565199,  2.86559283,  1.91919817, -1.34613249,  0.90030037,
       -0.00483563]), array([ 1.08816214,  2.90213421,  1.92365235, -1.36148325,  0.89275799,
       -0.00513337]), array([ 1.13899773,  2.93677126,  1.92838466, -1.37538549,  0.88573197,
       -0.0053977 ]), array([ 1.18813135,  2.96955441,  1.93330299, -1.38794249,  0.87918721,
       -0.00563321]), array([ 1.23554435,  3.00053203,  1.93832687, -1.39924399,  0.87309092,
       -0.00584383]), array([ 1.28122579,  3.02975065,  1.94338608, -1.40936862,  0.86741258,
       -0.00603293]), array([ 1.32517154,  3.05725521,  1.94841946, -1.41838575,  0.86212387,
       -0.00620337]), array([ 1.36738343,  3.08308916,  1.9533739 , -1.42635714,  0.8571986 ,
       -0.00635763]), array([ 1.40786863,  3.10729474,  1.95820339, -1.43333827,  0.85261255,
       -0.0064978 ]), array([ 1.44663894,  3.12991308,  1.96286831, -1.43937937,  0.8483434 ,
       -0.00662568]), array([ 1.48371033,  3.15098436,  1.96733468, -1.44452642,  0.84437053,
       -0.00674281]), array([ 1.51910241,  3.17054801,  1.97157362, -1.44882182,  0.84067497,
       -0.00685051]), array([ 1.552838  ,  3.18864275,  1.97556079, -1.45230503,  0.8372392 ,
       -0.00694989]), array([ 1.58494276,  3.20530679,  1.97927591, -1.45501305,  0.83404707,
       -0.00704191]), array([ 1.61544484,  3.22057785,  1.9827024 , -1.45698084,  0.83108366,
       -0.0071274 ]), array([ 1.64437459,  3.2344933 ,  1.98582696, -1.45824166,  0.82833516,
       -0.00720705]), array([ 1.67176423,  3.24709025,  1.98863928, -1.45882732,  0.82578879,
       -0.00728146]), array([ 4.57440706e+00,  1.18996019e+00,  8.06481375e-01, -2.87658673e+00,
       -9.67892666e-02, -6.33862396e-17]), array([ 5.14497044e+00,  1.22528800e+00,  8.21175396e-01, -3.16353528e+00,
       -1.76839926e-01,  1.29104763e-15]), array([ 5.58314001e+00,  1.22225567e+00,  8.34083324e-01, -3.37420011e+00,
       -2.10171111e-01,  7.23010969e-16]), array([ 5.91555811,  1.18940933,  0.84418822, -3.52420433, -0.20959272,
        0.        ]), array([ 6.16314111e+00,  1.13422326e+00,  8.51275656e-01, -3.62620877e+00,
       -1.84779052e-01,  7.76864011e-16]), array([ 6.34229258e+00,  1.06314210e+00,  8.55629077e-01, -3.69043024e+00,
       -1.43000388e-01,  3.92454599e-16]), array([ 6.46587151e+00,  9.81648757e-01,  8.57815287e-01, -3.72507407e+00,
       -8.96888001e-02,  1.39822102e-15]), array([ 6.54396245e+00,  8.94347666e-01,  8.58536634e-01, -3.73669505e+00,
       -2.88755305e-02,  2.98068973e-16]), array([ 6.58448601e+00,  8.05055170e-01,  8.58532112e-01, -3.73049833e+00,
        3.64712270e-02,  2.29272007e-15]), array([ 6.59368127e+00,  7.16890934e-01,  8.58513744e-01, -3.71058996e+00,
        1.04185972e-01,  6.80573474e-16]), array([ 6.57648583e+00,  6.32366242e-01,  8.59128111e-01, -3.68018508e+00,
        1.72705755e-01,  2.16973340e-15]), array([ 6.53683407e+00,  5.53466525e-01,  8.60935447e-01, -3.64178048e+00,
        2.40916846e-01,  6.87269719e-16]), array([ 6.47789049e+00,  4.81726641e-01,  8.64400759e-01, -3.59729726e+00,
        3.08037755e-01,  1.34716306e-15]), array([ 6.40223144e+00,  4.18298266e-01,  8.69892938e-01, -3.54819841e+00,
        3.73530441e-01,  1.29271964e-15]), array([ 6.31198604e+00,  3.64009325e-01,  8.77688958e-01, -3.49558527e+00,
        4.37033320e-01,  2.16316408e-15]), array([ 6.20894486e+00,  3.19415782e-01,  8.87981101e-01, -3.44027641e+00,
        4.98311094e-01,  5.89039021e-16]), array([ 6.09464319,  0.28484632,  0.90088578, -3.3828719 ,  0.55721751,
        0.        ]), array([ 5.97042444e+00,  2.60440578e-01,  9.16452961e-01, -3.32380521e+00,
        6.13668009e-01,  7.95160268e-16]), array([ 5.83748781e+00,  2.46181647e-01,  9.34675587e-01, -3.26338505e+00,
        6.67619923e-01,  3.15551352e-16]), array([ 5.69692382e+00,  2.41923544e-01,  9.55498510e-01, -3.20182877e+00,
        7.19058386e-01,  1.62826451e-15]), array([ 5.54974041e+00,  2.47414332e-01,  9.78826775e-01, -3.13928883e+00,
        7.67986529e-01, -8.99653579e-17]), array([ 5.39688164e+00,  2.62315519e-01,  1.00453307e+00, -3.07587348e+00,
        8.14418889e-01,  8.27160280e-16]), array([ 5.23924073e+00,  2.86218308e-01,  1.03246437e+00, -3.01166289e+00,
        8.58377169e-01, -7.12378117e-16]), array([ 5.07766889e+00,  3.18657199e-01,  1.06244765e+00, -2.94672130e+00,
        8.99887702e-01,  1.59452724e-15]), array([ 4.91298080e+00,  3.59121396e-01,  1.09429493e+00, -2.88110617e+00,
        9.38980132e-01,  3.85698902e-17]), array([ 4.74595772e+00,  4.07064399e-01,  1.12780747e+00, -2.81487468e+00,
        9.75686932e-01,  3.12065577e-16]), array([ 4.57734878e+00,  4.61912114e-01,  1.16277942e+00, -2.74808831e+00,
        1.01004346e+00,  4.37072868e-16]), array([ 4.40787104e+00,  5.23069770e-01,  1.19900079e+00, -2.68081574e+00,
        1.04208834e+00,  5.77326455e-16]), array([ 4.23820866e+00,  5.89927862e-01,  1.23626002e+00, -2.61313442e+00,
        1.07186404e+00, -5.21449515e-16]), array([ 4.06901152e+00,  6.61867335e-01,  1.27434606e+00, -2.54513119e+00,
        1.09941747e+00,  5.23095317e-16]), array([ 3.90089355e+00,  7.38264146e-01,  1.31305015e+00, -2.47690210e+00,
        1.12480054e+00, -4.50853688e-16]), array([ 3.73443094e+00,  8.18493358e-01,  1.35216723e+00, -2.40855164e+00,
        1.14807067e+00,  6.12145451e-16]), array([ 3.57016034e+00,  9.01932837e-01,  1.39149719e+00, -2.34019150e+00,
        1.16929113e+00,  9.76153511e-16]), array([ 3.40857731e+00,  9.87966649e-01,  1.43084587e+00, -2.27193912e+00,
        1.18853124e+00,  8.57256047e-18]), array([ 3.25013484e+00,  1.07598821e+00,  1.47002590e+00, -2.20391597e+00,
        1.20586640e+00,  1.86318647e-16]), array([ 3.09524233e+00,  1.16540322e+00,  1.50885743e+00, -2.13624580e+00,
        1.22137798e+00, -6.11473929e-16]), array([ 2.94426481e+00,  1.25563241e+00,  1.54716877e+00, -2.06905276e+00,
        1.23515304e+00,  1.16240754e-15]), array([ 2.79752251e+00,  1.34611409e+00,  1.58479687e+00, -2.00245969e+00,
        1.24728389e+00,  1.10491821e-15]), array([ 2.65529085e+00,  1.43630660e+00,  1.62158779e+00, -1.93658642e+00,
        1.25786758e+00,  1.46642771e-15]), array([ 2.51780081e+00,  1.52569049e+00,  1.65739712e+00, -1.87154815e+00,
        1.26700521e+00,  8.72567948e-16]), array([ 2.38523958e+00,  1.61377060e+00,  1.69209024e+00, -1.80745405e+00,
        1.27480124e+00,  7.46388284e-16]), array([ 2.25775171e+00,  1.70007788e+00,  1.72554268e+00, -1.74440602e+00,
        1.28136268e+00,  1.66390884e-16]), array([ 2.13544041e+00,  1.78417107e+00,  1.75764026e+00, -1.68249761e+00,
        1.28679823e+00,  3.24235700e-16]), array([ 2.01836932e+00,  1.86563811e+00,  1.78827931e+00, -1.62181309e+00,
        1.29121748e+00,  9.39170962e-16]), array([ 1.90656441e+00,  1.94409733e+00,  1.81736675e+00, -1.56242684e+00,
        1.29473002e+00, -1.15034507e-16]), array([ 1.80001619e+00,  2.01919847e+00,  1.84482018e+00, -1.50440280e+00,
        1.29744464e+00,  7.99013258e-16]), array([ 1.69868210e+00,  2.09062334e+00,  1.87056785e+00, -1.44779416e+00,
        1.29946849e+00,  4.10253159e-16]), array([ 1.60248902e+00,  2.15808632e+00,  1.89454864e+00, -1.39264324e+00,
        1.30090637e+00,  1.17472533e-16]), array([ 1.51133593e+00,  2.22133459e+00,  1.91671192e+00, -1.33898152e+00,
        1.30186004e+00,  7.73938576e-17]), array([ 1.42509661e+00,  2.28014812e+00,  1.93701739e+00, -1.28682978e+00,
        1.30242758e+00, -5.48004345e-17]), array([ 1.34362244e+00,  2.33433940e+00,  1.95543487e+00, -1.23619845e+00,
        1.30270283e+00,  6.68420130e-17]), array([ 1.26674511e+00,  2.38375299e+00,  1.97194400e+00, -1.18708802e+00,
        1.30277498e+00,  4.99221725e-17]), array([ 1.19427940e+00,  2.42826482e+00,  1.98653396e+00, -1.13948955e+00,
        1.30272811e+00,  5.00024869e-17]), array([ 1.12602584e+00,  2.46778133e+00,  1.99920305e+00, -1.09338528e+00,
        1.30264092e+00,  5.75262415e-17]), array([ 1.06177326e+00,  2.50223840e+00,  2.00995828e+00, -1.04874935e+00,
        1.30258650e+00,  7.53991345e-16]), array([ 1.00130136e+00,  2.53160016e+00,  2.01881496e+00, -1.00554842e+00,
        1.30263214e+00,  3.86775584e-17]), array([ 9.44382964e-01,  2.55585765e+00,  2.02579618e+00, -9.63742526e-01,
        1.30283928e+00,  5.08924393e-16]), array([ 8.90786318e-01,  2.57502738e+00,  2.03093233e+00, -9.23285773e-01,
        1.30326347e+00, -1.76939128e-16]), array([ 8.40277111e-01,  2.58914978e+00,  2.03426054e+00, -8.84127148e-01,
        1.30395441e+00,  1.21304423e-16]), array([ 7.92620393e-01,  2.59828762e+00,  2.03582417e+00, -8.46211276e-01,
        1.30495604e+00, -4.74030507e-16]), array([ 7.47582309e-01,  2.60252435e+00,  2.03567224e+00, -8.09479165e-01,
        1.30630666e+00,  5.88065345e-17]), array([0., 0., 0., 0., 0., 0.])], 'ball_pos_history': [array([ 1.72859704, -7.91692398,  1.39859649]), array([ 1.71379882, -7.87442677,  1.38435512]), array([ 1.69900059, -7.83192956,  1.36986849]), array([ 1.68420237, -7.78943235,  1.35513662]), array([ 1.66940415, -7.74693515,  1.3401595 ]), array([ 1.65460593, -7.70443794,  1.32493712]), array([ 1.63980771, -7.66194073,  1.3094695 ]), array([ 1.62500949, -7.61944352,  1.29375663]), array([ 1.61021127, -7.57694632,  1.27779851]), array([ 1.59541304, -7.53444911,  1.26159513]), array([ 1.58061482, -7.4919519 ,  1.24514651]), array([ 1.5658166 , -7.44945469,  1.22845264]), array([ 1.55101838, -7.40695749,  1.21151351]), array([ 1.53622016, -7.36446028,  1.19432914]), array([ 1.52142194, -7.32196307,  1.17689952]), array([ 1.50662372, -7.27946586,  1.15922464]), array([ 1.49182549, -7.23696866,  1.14130452]), array([ 1.47702727, -7.19447145,  1.12313915]), array([ 1.46222905, -7.15197424,  1.10472853]), array([ 1.44743083, -7.10947703,  1.08607265]), array([ 1.43263261, -7.06697983,  1.06717153]), array([ 1.41783439, -7.02448262,  1.04802516]), array([ 1.40303617, -6.98198541,  1.02863353]), array([ 1.38823794, -6.9394882 ,  1.00899666]), array([ 1.37343972, -6.896991  ,  0.98911454]), array([ 1.3586415 , -6.85449379,  0.96898717]), array([ 1.34384328, -6.81199658,  0.94861454]), array([ 1.32904506, -6.76949937,  0.92799667]), array([ 1.31424684, -6.72700217,  0.90713355]), array([ 1.29944862, -6.68450496,  0.88602517]), array([ 1.2846504 , -6.64200775,  0.86467155]), array([ 1.26985217, -6.59951054,  0.84307268]), array([ 1.25505395, -6.55701334,  0.82122856]), array([ 1.24025573, -6.51451613,  0.79913918]), array([ 1.22545751, -6.47201892,  0.77680456]), array([ 1.21065929, -6.42952171,  0.75422469]), array([ 1.19586107, -6.38702451,  0.73139956]), array([ 1.18106285, -6.3445273 ,  0.70832919]), array([ 1.16626462, -6.30203009,  0.68501357]), array([ 1.1514664 , -6.25953288,  0.6614527 ]), array([ 1.13666818, -6.21703568,  0.63764657]), array([ 1.12186996, -6.17453847,  0.6135952 ]), array([ 1.10707174, -6.13204126,  0.58929858]), array([ 1.09227352, -6.08954405,  0.5647567 ]), array([ 1.0774753 , -6.04704685,  0.53996958]), array([ 1.06267707, -6.00454964,  0.51493721]), array([ 1.04787885, -5.96205243,  0.48965959]), array([ 1.03308063, -5.91955522,  0.46413671]), array([ 1.01828241, -5.87705802,  0.43836859]), array([ 1.00348419, -5.83456081,  0.41235522]), array([ 0.98868597, -5.7920636 ,  0.38609659]), array([ 0.97388775, -5.74956639,  0.35959272]), array([ 0.95908952, -5.70706919,  0.3328436 ]), array([ 0.9442913 , -5.66457198,  0.30584923]), array([ 0.92949308, -5.62207477,  0.2786096 ]), array([ 0.91469486, -5.57957756,  0.25112473]), array([ 0.89989664, -5.53708036,  0.22339461]), array([ 0.88509842, -5.49458315,  0.19541923]), array([ 0.8703002 , -5.45208594,  0.16719861]), array([ 0.85550198, -5.40958873,  0.13873274]), array([ 0.84070375, -5.36709153,  0.11002162]), array([ 0.82590553, -5.32459432,  0.08106524]), array([ 0.81110731, -5.28209711,  0.05186362]), array([ 0.79630909, -5.2395999 ,  0.033     ]), array([ 0.78225078, -5.19922756,  0.0548399 ]), array([ 0.76819247, -5.15885521,  0.07643456]), array([ 0.75413416, -5.11848286,  0.09778396]), array([ 0.74007585, -5.07811052,  0.11888812]), array([ 0.72601754, -5.03773817,  0.13974702]), array([ 0.71195923, -4.99736582,  0.16036068]), array([ 0.69790092, -4.95699347,  0.18072908]), array([ 0.68384261, -4.91662113,  0.20085224]), array([ 0.6697843 , -4.87624878,  0.22073014]), array([ 0.65572599, -4.83587643,  0.2403628 ]), array([ 0.64166768, -4.79550409,  0.2597502 ]), array([ 0.62760937, -4.75513174,  0.27889236]), array([ 0.61355106, -4.71475939,  0.29778926]), array([ 0.59949275, -4.67438705,  0.31644092]), array([ 0.58543443, -4.6340147 ,  0.33484732]), array([ 0.57137612, -4.59364235,  0.35300847]), array([ 0.55731781, -4.55327   ,  0.37092438]), array([ 0.5432595 , -4.51289766,  0.38859503]), array([ 0.52920119, -4.47252531,  0.40602044]), array([ 0.51514288, -4.43215296,  0.42320059]), array([ 0.50108457, -4.39178062,  0.4401355 ]), array([ 0.48702626, -4.35140827,  0.45682515]), array([ 0.47296795, -4.31103592,  0.47326956]), array([ 0.45890964, -4.27066357,  0.48946871]), array([ 0.44485133, -4.23029123,  0.50542262]), array([ 0.43079302, -4.18991888,  0.52113127]), array([ 0.41673471, -4.14954653,  0.53659468]), array([ 0.4026764 , -4.10917419,  0.55181283]), array([ 0.38861809, -4.06880184,  0.56678574]), array([ 0.37455978, -4.02842949,  0.58151339]), array([ 0.36050147, -3.98805714,  0.59599579]), array([ 0.34644316, -3.9476848 ,  0.61023295]), array([ 0.33238485, -3.90731245,  0.62422485]), array([ 0.31832654, -3.8669401 ,  0.63797151]), array([ 0.30426823, -3.82656776,  0.65147291]), array([ 0.29020992, -3.78619541,  0.66472907]), array([ 0.27615161, -3.74582306,  0.67773997]), array([ 0.2620933 , -3.70545071,  0.69050563]), array([ 0.24803499, -3.66507837,  0.70302603]), array([ 0.23397668, -3.62470602,  0.71530119]), array([ 0.21991837, -3.58433367,  0.72733109]), array([ 0.20586006, -3.54396133,  0.73911575]), array([ 0.19180175, -3.50358898,  0.75065515]), array([ 0.17774344, -3.46321663,  0.76194931]), array([ 0.16368513, -3.42284428,  0.77299821]), array([ 0.14962681, -3.38247194,  0.78380186]), array([ 0.1355685 , -3.34209959,  0.79436027]), array([ 0.12151019, -3.30172724,  0.80467342]), array([ 0.10745188, -3.2613549 ,  0.81474133]), array([ 0.09339357, -3.22098255,  0.82456398]), array([ 0.07933526, -3.1806102 ,  0.83414139]), array([ 0.06527695, -3.14023785,  0.84347354]), array([ 0.05121864, -3.09986551,  0.85256045]), array([ 0.03716033, -3.05949316,  0.8614021 ]), array([ 0.02310202, -3.01912081,  0.86999851]), array([ 0.00904371, -2.97874847,  0.87834966]), array([-0.0050146 , -2.93837612,  0.88645557]), array([-0.01907291, -2.89800377,  0.89431622]), array([-0.03313122, -2.85763143,  0.90193163]), array([-0.04718953, -2.81725908,  0.90930178]), array([-0.06124784, -2.77688673,  0.91642668]), array([-0.07530615, -2.73651438,  0.92330634]), array([-0.08936446, -2.69614204,  0.92994074]), array([-0.10342277, -2.65576969,  0.9363299 ]), array([-0.11748108, -2.61539734,  0.9424738 ]), array([-0.13153939, -2.575025  ,  0.94837246]), array([-0.1455977 , -2.53465265,  0.95402586]), array([-0.15965601, -2.4942803 ,  0.95943402]), array([-0.17371432, -2.45390795,  0.96459692]), array([-0.18777263, -2.41353561,  0.96951458]), array([-0.21588925, -2.33279091,  0.97861414]), array([-0.22994756, -2.29241857,  0.98279604]), array([-0.24400587, -2.25204622,  0.9867327 ]), array([-0.25806418, -2.21167387,  0.9904241 ]), array([-0.27212249, -2.17130152,  0.99387025]), array([-0.2861808 , -2.13092918,  0.99707116]), array([-0.30023912, -2.09055683,  1.00002681]), array([-0.31429743, -2.05018448,  1.00273722]), array([-0.32835574, -2.00981214,  1.00520237]), array([-0.34241405, -1.96943979,  1.00742228]), array([-0.35647236, -1.92906744,  1.00939693]), array([-0.37053067, -1.88869509,  1.01112634]), array([-0.38458898, -1.84832275,  1.01261049]), array([-0.39864729, -1.8079504 ,  1.0138494 ]), array([-0.4127056 , -1.76757805,  1.01484305]), array([-0.42676391, -1.72720571,  1.01559146]), array([-0.44082222, -1.68683336,  1.01609461]), array([-0.45488053, -1.64646101,  1.01635252]), array([-0.46893884, -1.60608866,  1.01636517]), array([-0.48299715, -1.56571632,  1.01613257]), array([-0.49705546, -1.52534397,  1.01565473]), array([-0.51111377, -1.48497162,  1.01493163]), array([-0.52517208, -1.44459928,  1.01396329]), array([-0.53923039, -1.40422693,  1.01274969]), array([-0.5532887 , -1.36385458,  1.01129085]), array([-0.56734701, -1.32348224,  1.00958675]), array([-0.58140532, -1.28310989,  1.00763741]), array([-0.59546363, -1.24273754,  1.00544281]), array([-0.60952194, -1.20236519,  1.00300297]), array([-0.62358025, -1.16199285,  1.00031787]), array([-0.63763856, -1.1216205 ,  0.99738753]), array([-0.65169687, -1.08124815,  0.99421193]), array([-0.66575518, -1.04087581,  0.99079108]), array([-0.67981349, -1.00050346,  0.98712499]), array([-0.6938718 , -0.96013111,  0.98321364]), array([-0.70793011, -0.91975876,  0.97905705]), array([-0.72198842, -0.87938642,  0.9746552 ]), array([-0.73604674, -0.83901407,  0.97000811]), array([-0.75010505, -0.79864172,  0.96511576]), array([-0.76416336, -0.75826938,  0.95997817]), array([-0.77822167, -0.71789703,  0.95459532]), array([-0.79227998, -0.67752468,  0.94896723]), array([-0.80633829, -0.63715233,  0.94309388]), array([-0.8203966 , -0.59677999,  0.93697529]), array([-0.83445491, -0.55640764,  0.93061144]), array([-0.84851322, -0.51603529,  0.92400235]), array([-0.86257153, -0.47566295,  0.917148  ]), array([-0.87662984, -0.4352906 ,  0.9100484 ]), array([-0.89068815, -0.39491825,  0.90270356]), array([-0.90474646, -0.3545459 ,  0.89511346]), array([-0.91880477, -0.31417356,  0.88727812]), array([-0.93286308, -0.27380121,  0.87919752]), array([-0.94692139, -0.23342886,  0.87087168]), array([-0.9609797 , -0.19305652,  0.86230058]), array([-0.97503801, -0.15268417,  0.85348424]), array([-0.98909632, -0.11231182,  0.84442264]), array([-1.00315463, -0.07193947,  0.8351158 ]), array([-1.01721294, -0.03156713,  0.8255637 ]), array([-1.03127125,  0.00880522,  0.81576636]), array([-1.04532956,  0.04917757,  0.80572376]), array([-1.05938787,  0.08954991,  0.79543592]), array([-1.07344618,  0.12992226,  0.78490282]), array([-1.08750449,  0.17029461,  0.77412447]), array([-1.1015628 ,  0.21066696,  0.76310088]), array([-1.11562111,  0.2510393 ,  0.75183203]), array([-1.12967942,  0.29141165,  0.74031794]), array([-1.14373773,  0.331784  ,  0.72855859]), array([-1.15779604,  0.37215634,  0.716554  ]), array([-1.17185435,  0.41252869,  0.70430415]), array([-1.18591267,  0.45290104,  0.69180906]), array([-1.19997098,  0.49327338,  0.67906871]), array([-1.21402929,  0.53364573,  0.66608312]), array([-1.2280876 ,  0.57401808,  0.65285227]), array([-1.24214591,  0.61439043,  0.63937618]), array([-1.25620422,  0.65476277,  0.62565483]), array([-1.27026253,  0.69513512,  0.61168824]), array([-1.28432084,  0.73550747,  0.59747639]), array([-1.29837915,  0.77587981,  0.58301929]), array([-1.31243746,  0.81625216,  0.56831695]), array([-1.32649577,  0.85662451,  0.55336935]), array([-1.34055408,  0.89699686,  0.53817651]), array([-1.35461239,  0.9373692 ,  0.52273841]), array([-1.3686707 ,  0.97774155,  0.50705507]), array([-1.38272901,  1.0181139 ,  0.49112647]), array([-1.39678732,  1.05848624,  0.47495263]), array([-1.41084563,  1.09885859,  0.45853353]), array([-1.42490394,  1.13923094,  0.44186919]), array([-1.43896225,  1.17960329,  0.42495959]), array([-1.45302056,  1.21997563,  0.40780475]), array([-1.46707887,  1.26034798,  0.39040465]), array([-1.48113718,  1.30072033,  0.37275931]), array([-1.49519549,  1.34109267,  0.35486871]), array([-1.5092538 ,  1.38146502,  0.33673286]), array([-1.52331211,  1.42183737,  0.31835177]), array([-1.53737042,  1.46220972,  0.29972542]), array([-1.55142873,  1.50258206,  0.28085383]), array([-1.56548704,  1.54295441,  0.26173698]), array([-1.57954535,  1.58332676,  0.24237489]), array([-1.59360366,  1.6236991 ,  0.22276754]), array([-1.60766197,  1.66407145,  0.20291495]), array([-1.62172029,  1.7044438 ,  0.1828171 ]), array([-1.6357786 ,  1.74481615,  0.16247401]), array([-1.64983691,  1.78518849,  0.14188566]), array([-1.66389522,  1.82556084,  0.12105207]), array([-1.67795353,  1.86593319,  0.09997322]), array([-1.69201184,  1.90630553,  0.07864913]), array([-1.70607015,  1.94667788,  0.05707978])], 'distances_history': [7.811498550116554, 7.764741946434426, 7.716985011156857, 7.668209795984544, 7.617159053406403, 7.565154104857779, 7.511222201724245, 7.456815256944639, 7.402556933968221, 7.348044736079145, 7.2935444705803105, 7.239485305566583, 7.1852209149308734, 7.131424399669613, 7.078355302024105, 7.024763511478422, 6.970988403907235, 6.917731352366036, 6.864358967219952, 6.811527376796574, 6.7585956105986975, 6.706438501102262, 6.654015501651808, 6.602348609519075, 6.5504237712131115, 6.499268098485486, 6.447862197207827, 6.397233787792174, 6.346315906844442, 6.296138789305895, 6.246671254982767, 6.197162839213028, 6.148274037315816, 6.099348780881041, 6.051059370043247, 6.002747611108143, 5.954128443781104, 5.906430348309282, 5.858488765003387, 5.811472257498119, 5.764228880987027, 5.71790788016704, 5.672346448734388, 5.626760319305134, 5.581915180907829, 5.53704770372745, 5.492942358597018, 5.448818817312903, 5.405479322819798, 5.362126007717846, 5.319579665915891, 5.277030509106778, 5.235377596575035, 5.19389687166853, 5.152213714661708, 5.111568955401643, 5.070703519503574, 5.030886859606092, 4.990871239306704, 4.951914424388326, 4.912784778566878, 4.874722033839884, 4.836517015420706, 4.79730468130711, 4.7519576580169, 4.707397152706077, 4.6624260402813, 4.618231891767374, 4.573544301030314, 4.529458846120751, 4.484954820754949, 4.44130100302907, 4.3972209131555156, 4.3539805183858835, 4.3103061699798735, 4.2674584154202995, 4.225293801876502, 4.182870155663512, 4.141077378812274, 4.0988266525760215, 4.057433632073918, 4.015680894012344, 3.974681329960293, 3.9331497463900376, 3.892391910643559, 3.852244196086648, 3.81174106592273, 3.771785322069634, 3.731487345070224, 3.6906859553308236, 3.6505648076447668, 3.609910668878636, 3.5697879981498333, 3.529410149535767, 3.489546855180391, 3.450463343984052, 3.4107642941824063, 3.3707060429309443, 3.331289921382352, 3.2913283757467777, 3.2522335254337795, 3.213704716260736, 3.1747509034043566, 3.135313272953538, 3.096415290910857, 3.056963417184396, 3.0183895670237115, 2.980586146292387, 2.942395958779365, 2.9035339946707275, 2.864319413422506, 2.8258505156598224, 2.7874556898288265, 2.748566817194074, 2.709951250420851, 2.6713561653866753, 2.6328675273629374, 2.5941717808637956, 2.5553870575394186, 2.516736480306655, 2.476919146806483, 2.436370097523076, 2.3952216952876495, 2.3535903288171127, 2.311576587572782, 2.2692666072546674, 2.226733779991837, 2.184040473750431, 2.1412396139094985, 2.0983760775122997, 2.0554878955723783, 2.0126072781330855, 1.9697614837080533, 1.9269735558054213, 1.8406250227673635, 1.7973443875487574, 1.754404378100311, 1.711785560747762, 1.6694679705095348, 1.6274323087454985, 1.585660547142767, 1.5441362047200629, 1.5028444512240633, 1.4617721236914785, 1.4209077049808863, 1.3802412917996585, 1.3397645680031425, 1.2994707926064861, 1.2593548087045947, 1.2194130780568995, 1.1796437457625757, 1.1400467398669054, 1.1006239117362577, 1.0613792245770857, 1.0223189995990054, 0.9834522321511439, 0.9447909938831597, 0.9063509418668045, 0.8681519620264706, 0.8302189826514121, 0.7925830048196331, 0.755282411020576, 0.7183646320008716, 0.6818882757388165, 0.6459258519807322, 0.6105672602802567, 0.5759242454088047, 0.5421360513923551, 0.5093765012131516, 0.4778626453162779, 0.44786486669505254, 0.41971774570991266, 0.3938298448118169, 0.37068864800298806, 0.3508542596324142, 0.33493317704316034, 0.32352431367220796, 0.3171375304284324, 0.3161013187988659, 0.32051445146353663, 0.330278422022748, 0.34507044392276165, 0.3644124441579185, 0.3877546119086063, 0.4145455056394508, 0.4442767506209822, 0.47650391799127295, 0.5108509434683495, 0.5470054831108602, 0.584710448643666, 0.6237547523238007, 0.6639647279099056, 0.7051967789749514, 0.747331339487276, 0.7902680275162606, 0.8339218053676182, 0.8782199556833787, 0.9230997048618751, 0.9685063541063604, 1.014391806425394, 1.0607134020278133, 1.1074329941694128, 1.1545162129724302, 1.201931876721666, 1.2496515193401718, 1.297649009779149, 1.3459002444261192, 1.3943828977405806, 1.4430762194738667, 1.4919608692530077, 1.541018781183108, 1.5902330525817332, 1.6395878521015845, 1.6890683433993048, 1.7386606212250257, 1.7883516573817702, 1.8381292544682506, 1.8879820056973198, 1.937899259393778, 1.987871087033523, 2.037888253901773, 2.087942191629461, 2.138024972020152, 2.1881292817096707, 2.238248397310806, 2.2883761607887836, 2.338506954891979, 2.38863567852832, 2.438757722032618, 2.4888689423147725, 2.538965637914646, 2.589044524017305, 2.6391027075031848, 2.689137662122419, 2.739147203891812, 2.7891294668175206, 2.839082879047143, 2.8890061395522064, 2.938898195436718, 2.988758219959969], 'normal_align_history': [0.7738028547107695, 0.7710584974336593, 0.7773644820614455, 0.7922627305169669, 0.8002363057392623, 0.8150381850746912, 0.8224734593867555, 0.8328368222152428, 0.8417054274825252, 0.8513357050292389, 0.8588154725689209, 0.8722151687043181, 0.8781712257622654, 0.889669169913882, 0.8978207755064587, 0.9078615228215009, 0.9116791701810736, 0.9201868122452658, 0.9229986022456725, 0.9301761904264075, 0.9321606173357356, 0.9321248773934344, 0.9338237369794745, 0.9336109990216959, 0.9350776745831667, 0.9347331304830091, 0.9360169296317534, 0.9355764456042446, 0.9366757041069497, 0.9358385614553678, 0.9389640218783838, 0.9380816217910424, 0.9410337603148246, 0.9401416014399111, 0.9429646069844775, 0.9420938906380125, 0.9426985708474691, 0.9419395392654991, 0.9426278946074602, 0.9419959369953648, 0.9427827721889349, 0.942290890442012, 0.945252854930552, 0.9448561658496112, 0.9477755806759077, 0.947467693026503, 0.9503550355384383, 0.950141286690144, 0.953002691180647, 0.952884790496726, 0.9557228462673492, 0.9557041096228831, 0.9585681547653407, 0.9588180825045265, 0.9600391695830541, 0.9603638373431901, 0.9616574612394482, 0.962039709467328, 0.9633982826655024, 0.9638292279308758, 0.965244826396792, 0.9657155062369992, 0.9671798938335961, 0.9676813146453559, 0.9691859552156014, 0.9697091005473771, 0.9712448785386948, 0.9717773431636358, 0.9732969361472117, 0.9738825641984902, 0.9753129198227596, 0.975951464896366, 0.9774174772013774, 0.9780914615023037, 0.9795759330841557, 0.9802692281679336, 0.9827829682098174, 0.9834277216889715, 0.9857391163512789, 0.9887310161228472, 0.9906131529054651, 0.9928307468790728, 0.9943096461339749, 0.9959441731834225, 0.9970142431106921, 0.9984377148810064, 0.9990566771085554, 0.9997359735654787, 0.999942572485317, 0.999917503580275, 0.9999295885888594, 0.9997613834176412, 0.9995600205549348, 0.9992158796214972, 0.9987777494092633, 0.9978296162235464, 0.9969412892202338, 0.995645937211821, 0.9943322589359072, 0.9927327698976705, 0.9909896434788165, 0.9895849539557429, 0.9875176186213971, 0.9861355866732603, 0.9836675717117758, 0.9824726895136533, 0.980942939572177, 0.9782451085404231, 0.9760064186830555, 0.9739444272342891, 0.9720124631092294, 0.9681822686356103, 0.9628801032188548, 0.957752582458565, 0.9525176912421845, 0.9473355386400496, 0.9399900992539979, 0.933037445522351, 0.9259776700211027, 0.9188295352341251, 0.9117880442342318, 0.9065717714895399, 0.9026961359137051, 0.8998089533572422, 0.8976654043266398, 0.8960944478744293, 0.8949734279752398, 0.8942113655667986, 0.8937384634078951, 0.8934995714311714, 0.8934500687670205, 0.893553200650858, 0.8937782945729144, 0.8940995166034745, 0.8998609317686285, 0.9035918183034491, 0.9063020613036974, 0.9083317268044786, 0.9098794088277421, 0.9110673729151885, 0.9119750167392703, 0.9126566996261695, 0.9131515411501664, 0.9134889661947868, 0.9136919417940249, 0.9137789336366753, 0.9137651360914281, 0.9136632792222623, 0.9134841818397845, 0.913237146507122, 0.9129302521424808, 0.9125705773812252, 0.9121643751166563, 0.9117172112735551, 0.911234076508649, 0.910719476874494, 0.9101775078065569, 0.9096119146941355, 0.9090261425457623, 0.9084233767275554, 0.9078065763615217, 0.907178501673825, 0.9065417363518475, 0.9058987057852318, 0.9052516919178732, 0.9046028453167615, 0.9039541949637365, 0.9033076561933256, 0.9026650371305853, 0.9020280439248322, 0.9013982850262808, 0.900777274711411, 0.9001664360280354, 0.8995671033015633, 0.8989805243189646, 0.8984078622857599, 0.8978501976334099, 0.8973085297392532, 0.8967837786082763, 0.8965700175962364, 0.896699076676621, 0.8971887806832974, 0.8980455462797665, 0.8992665808887952, 0.9008417455477064, 0.9027551284122189, 0.9049863676146072, 0.9075117574592622, 0.910305168542584, 0.9133388094155761, 0.9165838545225498, 0.9200109602712377, 0.9235906882538976, 0.9272938519143731, 0.9310918004079809, 0.9349566510775386, 0.9388614798977892, 0.9427804774321495, 0.9466890762965918, 0.950564054822538, 0.9543836205348376, 0.9581274761899227, 0.9617768704295545, 0.9653146345737118, 0.9687252066795838, 0.9719946437112309, 0.9751106224767437, 0.9780624298789635, 0.9808409429760333, 0.9834385993449062, 0.9858493582717893, 0.988068653347214, 0.9900933371103824, 0.9919216184594473, 0.9935529936146246, 0.9949881714840332, 0.9962289943336489, 0.9972783546997243, 0.9981401095024788, 0.998818992322868, 0.9993205247897192, 0.99965092799317, 0.9998170347934893, 0.9998262038338228, 0.9996862359933887, 0.9994052939365374, 0.9989918253254537, 0.9984544901726167, 0.9978020927158828, 0.9970435181064771, 0.9961876741102864, 0.9952434379373849, 0.9942196082351187, 0.993124862207458, 0.9919677177584905, 0.9907565005013919, 0.9894993154261941, 0.9882040229801738, 0.9868782192834816, 0.9855292201793168], 'ball_near_history': [False, False, False, False, False, False, False, False, False, False, False, False, False, False, False, False, False, False, False, False, False, False, False, False, False, False, False, False, False, False, False, False, False, False, False, False, False, False, False, False, False, False, False, False, False, False, False, False, False, False, False, False, False, False, False, False, False, False, False, False, False, False, False, False, False, False, False, False, False, False, False, False, False, False, False, False, False, False, False, False, False, False, False, False, False, False, False, False, False, False, False, False, False, False, False, False, False, False, False, False, False, False, False, False, False, False, False, False, False, False, False, False, False, False, False, False, False, False, False, False, False, False, False, False, False, False, False, False, False, False, False, False, False, False, False, False, False, False, False, False, False, False, False, False, False, False, False, False, False, False, False, False, False, False, False, False, False, False, False, False, False, False, False, False, False, False, False, False, False, False, False, False, False, False, False, False, False, False, False, False, False, False, False, False, False, False, False, False, False, False, False, False, False, False, False, False, False, False, False, False, False, False, False, False, False, False, False, False, False, False, False, False, False, False, False, False, False, False, False, False, False, False, False, False, False, False, False, False, False, False, False, False, False, False, False, False, False, False, False, False], 'tube_ready_history': [False, False, False, False, False, False, False, False, False, False, False, False, False, False, False, False, False, False, False, False, False, False, False, False, False, False, False, False, False, False, False, False, False, False, False, False, False, False, False, False, False, False, False, False, False, False, False, False, False, False, False, False, False, False, False, False, False, False, False, False, False, False, False, False, False, False, False, False, False, False, False, False, False, False, False, False, False, False, False, False, False, False, False, False, False, False, False, False, False, False, False, False, False, False, False, False, False, False, False, False, False, False, False, False, False, False, False, False, False, False, False, False, False, False, False, False, False, False, False, False, False, False, False, False, False, False, False, False, False, False, False, False, False, False, False, False, False, False, False, False, False, False, False, False, False, False, False, False, False, False, False, False, False, False, False, False, False, False, False, False, False, False, False, False, False, False, False, False, False, False, False, False, False, False, False, False, False, False, False, False, False, False, False, False, False, False, False, False, False, False, False, False, False, False, False, False, False, False, False, False, False, False, False, False, False, False, False, False, False, False, False, False, False, False, False, False, False, False, False, False, False, False, False, False, False, False, False, False, False, False, False, False, False, False, False, False, False, False, False, False], 'pos_error_history': [0.008759217525071278, 0.008260637925326202, 0.008492655248590811, 0.011713355134941207, 0.01719871907623012, 0.024570246427884985, 0.032961966262913284, 0.04138875512619881, 0.05025735724103603, 0.05916431264321121, 0.06788399906736137, 0.07663259702563724, 0.08516145316132977, 0.09289254475978995, 0.10133462591174566, 0.10979125591900636, 0.1179922988480094, 0.12614665566030547, 0.1340295628087097, 0.1418571769644135, 0.14918139510812245, 0.1566262630553115, 0.16359796365647564, 0.17068966276335987, 0.17730289041852332, 0.18403562282226527, 0.1902923452672724, 0.19673498063640676, 0.20242739291998482, 0.20770757168501786, 0.21288858189190274, 0.21776629961724958, 0.22255326679089824, 0.22702965887772728, 0.23141513574331363, 0.23641876901846492, 0.24043747519979866, 0.24502374414682696, 0.24863034790395702, 0.2528073416845535, 0.25601685348825026, 0.2588197439811685, 0.2616112337082416, 0.2640357946699358, 0.26646615720261263, 0.2685240737132129, 0.27060391563726094, 0.2723067209212468, 0.274048236400963, 0.2754089094821146, 0.2768189902822996, 0.27777746058740826, 0.27908313622200415, 0.2807087571047531, 0.28178858121028333, 0.28322869890930463, 0.28413973922990204, 0.2854086161693582, 0.28616715642062696, 0.28727792008730574, 0.2879007828204451, 0.2888672465198676, 0.2893718137636826, 0.2902084200084941, 0.290612595995014, 0.29133481831545865, 0.2916624829103807, 0.2923495101046664, 0.29205146089671147, 0.2927529567866672, 0.2922733234885068, 0.29282243450913725, 0.2921881783143018, 0.29261228846635456, 0.2918554227471513, 0.290920306082549, 0.2900391454112705, 0.28906003030605776, 0.28831935260646174, 0.2873305111573331, 0.28748375569243373, 0.28650627999604694, 0.28681014918874365, 0.28596211661007787, 0.2852373911576358, 0.2845492859654862, 0.28407666448620683, 0.28358421815558765, 0.28435052216927226, 0.2840199927729621, 0.2836761207463184, 0.28362901814269964, 0.28340242417314676, 0.28352200621019036, 0.2825521712571669, 0.282978171231477, 0.28325099502683154, 0.28391561000741716, 0.2859349638915799, 0.2868251186495739, 0.28818147156886625, 0.2893507803025707, 0.2903506530927573, 0.2918920992214618, 0.2947772068499788, 0.29653421886489667, 0.29885675832159003, 0.30097236877709593, 0.3043973793034387, 0.30837225767733123, 0.3115823169117442, 0.3157598356689209, 0.3199744432195052, 0.3245328839713284, 0.32921048329316077, 0.3338197010126966, 0.3391636241779157, 0.3444055099457972, 0.3498502935505, 0.35354337465943225, 0.35671781863790014, 0.35940940176931696, 0.3616585287287086, 0.3635068758386566, 0.3649952635701435, 0.3661624179660705, 0.36704433355252314, 0.36767402264635407, 0.36808150057319516, 0.368293906161217, 0.36833569257455806, 0.36822884797635913, 0.3679931217063429, 0.36563521652916436, 0.3636194387826284, 0.36161072347241413, 0.3596195872836673, 0.3576551554162833, 0.355725173509721, 0.35383608125043825, 0.3519931202028869, 0.35020045665689914, 0.3484613065585905, 0.3467780545543756, 0.3451523628393042, 0.3435852680014718, 0.3420772656384379, 0.3406283834434928, 0.33923824393279745, 0.33790611816953126, 0.3366309718512336, 0.3354115050374586, 0.3342461866557543, 0.3331332847657601, 0.3320708934021822, 0.3310569566682211, 0.33008929061699677, 0.3291656033418832, 0.32828351359772967, 0.32744056819285017, 0.32663425832498194, 0.325862034981445, 0.32512132348262146, 0.3244095372169437, 0.32372409059308405, 0.3230624112195593, 0.3224219513120943, 0.3218001983236953, 0.3211946847904201, 0.32060299738643405, 0.32002278518443106, 0.3194517671211631, 0.3188877386723176, 0.3183285777457959, 0.3177722498073222, 0.3172168122570563, 0.31666041808024237, 0.3161013187988659, 0.3155261821473129, 0.31492177569512986, 0.3142796074575501, 0.31359554906642845, 0.31286937082303856, 0.31210423172961554, 0.3113061595648093, 0.3104835459863, 0.30964667235803733, 0.30880727458336993, 0.30797814985731536, 0.3071728047084954, 0.3064051416216514, 0.3056891805429697, 0.3050388113453911, 0.30446757360419185, 0.30398846059913676, 0.303613745164785, 0.3033548257428185, 0.30322209166964736, 0.3032248073042474, 0.3033710150305342, 0.3036674574374265, 0.3041195190841983, 0.3047311882071218, 0.30550503853460453, 0.3064422310793776, 0.3075425354009571, 0.3088043694160175, 0.310224856414933, 0.31179989755326093, 0.3135242577557128, 0.3153916627184322, 0.317394904536114, 0.3195259534184221, 0.32177607299224353, 0.32413593680327135, 0.3265957438182495, 0.32914533097115706, 0.33177428107496176, 0.33447202471804477, 0.3372279350655585, 0.34003141477775756, 0.3428719745296882, 0.3457393028622856, 0.34862332730958634, 0.3515142669283565, 0.35440267650493507, 0.35727948283097266, 0.36013601352744495, 0.36296401895799163, 0.3657556878116884, 0.36850365695530884, 0.3712010161593089, 0.3738413082933195, 0.37641852556862376, 0.3789271023793931, 0.381361905263426, 0.38371822046855747, 0.38599173957416816, 0.38817854357957193, 0.39033024493170715], 'max_qdot_ratio': 0.9988037451531968, 'max_tcp_speed': 1.779806288607471, 'max_racket_face_speed': 2.579339332377419, 'total_mpc_steps': 240, 'ball_was_hit': False, 'hit_step': -1, 'p_ee_at_hit': None, 'ball_pos_at_hit': None, 'v_ee_at_hit': None, 'active_contact': False, 'passive_contact': False}
2026-09-11 14:19:31,065 [INFO] __main__: 击打后继续仿真 20 步...
