__STEP_TIMING__: n=235 p50=0.32 p95=0.83 p99=1.08 max=1.13 n_over_period=0 period_ms=5.00 deciles=0.26,0.27,0.28,0.29,0.32,0.36,0.43,0.54,0.73,1.13

========================================
  RM-65 未命中（无物理接触，规划距离 0.3567m，球拍到达了规划点但球不在该位置）
  [V12 EpisodeRunner 管线架构]
  ablation: full
  击打目标位置: [-0.8   -0.363  0.778]
  末端实际位置: [-0.535 -0.576  0.887]
  规划跟踪误差: 0.3567 m
  速度误差: 1.9344 m/s
  MPC 总步数: 256
  --- Tube 专用指标 ---
  最小球拍-球距离: 0.2590 m
  ball_near 步数: 0 = 0.0 ms
  tube_ready 步数: 0 = 0.0 ms
  击打时间误差: 0.0 ms
  击打位置误差: 0.3567 m
  --- 计算性能 ---
  总墙钟时间: 1.09s (MPC=1.09s)
  --- 执行层约束 ---
  max_qdot=0.99x, max_tcp=1.8m/s, max_face=1.7m/s
  击球类型: 未触球
========================================

__RESULT__: pos_error=0.356663 vel_error=1.934352 min_dist=0.258953 ball_near_ms=0.0 tube_ready_ms=0.0 max_tcp=1.79 max_qdot=0.99 max_face=1.7 hit_type=miss hit_time_error_ms=0.0 hit_pos_error=0.356663 v_racket_at_hit=0.000
2026-09-13 00:12:15,083 [INFO] __main__: [ablation] mode=full
2026-09-13 00:12:15,089 [INFO] __main__: serve-box auto params: horizon=120, iter=10, first_plan_iters=30, total_horizon=250, replan_interval=20, near_plan_iters=5
2026-09-13 00:12:15,108 [INFO] __main__: 关节限位: 仿真默认(default.yaml), TCP=1.8 m/s, terminal_exempt=20
2026-09-13 00:12:15,109 [INFO] __main__: 球拍初始位置: [-0.24136342  0.63027058  1.45576659]
2026-09-13 00:12:15,109 [DEBUG] src.tennis.ball: serve_box bounce (attempt=2): p0_z=1.20, vz0=-2.8, spd=9.0, t1=0.278, t2=0.586, z_err=0.00
2026-09-13 00:12:15,116 [INFO] __main__: 击打步数: 175, 击打位置: [-0.79953987 -0.36335504  0.77807742]
2026-09-13 00:12:15,116 [INFO] __main__: 随挥方向: [ 0.034 -0.981  0.189], 随挥步数: 60
2026-09-13 00:12:15,126 [INFO] __main__: 候选窗口已构建: best_k=176, candidates=8
2026-09-13 00:12:15,127 [INFO] src.cpp.solver_cpp: iLQR C++ 加速模块已加载
2026-09-13 00:12:15,127 [INFO] __main__: 开始 V12 EpisodeRunner，总步数=310 (MPC=250, 随挥=60)，击打步数=175
2026-09-13 00:12:15,127 [INFO] src.ilqt.async_replanner: AsyncReplanner: 后台规划线程已启动
2026-09-13 00:12:15,151 [INFO] src.ilqt.async_replanner: AsyncReplanner: 规划环境已创建（独立 MjData）
2026-09-13 00:12:15,151 [INFO] src.ilqt.async_replanner: AsyncReplanner: 规划环境已创建（独立 MjData）
2026-09-13 00:12:15,175 [DEBUG] src.ilqt.tube_cost: [Softmin诊断] 候选权重TOP3: k=175:w=0.146, k=174:w=0.145, k=176:w=0.145
2026-09-13 00:12:16,092 [INFO] src.ilqt.mpc_controller: REPLAN step=0 k_hit=175 iters=30 horizon=120 t=941ms
2026-09-13 00:12:16,093 [INFO] src.ilqt.mpc_controller: MPCController.start 完成: k_hit=175, p_hit=[-0.8   -0.363  0.778], buffer=120
2026-09-13 00:12:16,095 [INFO] src.ilqt.components.predictive_safety: [SAFETY_FILTER] beta=0.6: tcp speed 1.93 > 1.80 m/s
2026-09-13 00:12:16,096 [INFO] src.ilqt.components.predictive_safety: [SAFETY_FILTER] beta=0.0: tcp speed 2.07 > 1.80 m/s
2026-09-13 00:12:16,097 [INFO] src.ilqt.components.predictive_safety: [SAFETY_FILTER] beta=0.2: tcp speed 2.02 > 1.80 m/s
2026-09-13 00:12:16,103 [DEBUG] src.ilqt.replan_core: FAR_JT step=0 k_hit=175 (JT gain=60, skip iLQR)
2026-09-13 00:12:16,103 [INFO] src.ilqt.async_replanner: ASYNC_PLAN done: step=0 k_hit=175 iters=0 horizon=0 t=9ms fast_lin=False ok=True
2026-09-13 00:12:16,104 [INFO] src.ilqt.components.predictive_safety: [SAFETY_FILTER] beta=0.8: qdot entering overspeed, joint=5, |qdot|=4.23 > 3.93
2026-09-13 00:12:16,113 [DEBUG] src.ilqt.replan_core: FAR_JT step=20 k_hit=155 (JT gain=60, skip iLQR)
2026-09-13 00:12:16,113 [INFO] src.ilqt.async_replanner: ASYNC_PLAN done: step=20 k_hit=155 iters=0 horizon=0 t=8ms fast_lin=False ok=True
2026-09-13 00:12:16,121 [DEBUG] src.ilqt.replan_core: FAR_JT step=40 k_hit=135 (JT gain=60, skip iLQR)
2026-09-13 00:12:16,121 [INFO] src.ilqt.async_replanner: ASYNC_PLAN done: step=40 k_hit=135 iters=0 horizon=0 t=7ms fast_lin=False ok=True
2026-09-13 00:12:16,134 [DEBUG] src.ilqt.replan_core: FAR_JT step=80 k_hit=95 (JT gain=60, skip iLQR)
2026-09-13 00:12:16,134 [INFO] src.ilqt.async_replanner: ASYNC_PLAN done: step=80 k_hit=95 iters=0 horizon=0 t=8ms fast_lin=False ok=True
2026-09-13 00:12:16,135 [INFO] src.ilqt.components.predictive_safety: [SAFETY_FILTER] beta=0.8: qdot entering overspeed, joint=5, |qdot|=4.03 > 3.93
2026-09-13 00:12:16,138 [INFO] src.ilqt.components.predictive_safety: [SAFETY_FILTER] beta=0.4: qdot entering overspeed, joint=1, |qdot|=3.59 > 3.14
2026-09-13 00:12:16,139 [INFO] src.ilqt.components.predictive_safety: [SAFETY_FILTER] beta=0.2: qdot entering overspeed, joint=1, |qdot|=3.27 > 3.14
2026-09-13 00:12:16,139 [INFO] src.ilqt.components.predictive_safety: [SAFETY_FILTER] beta=0.2: qdot entering overspeed, joint=1, |qdot|=3.44 > 3.14
2026-09-13 00:12:16,140 [INFO] src.ilqt.components.predictive_safety: [SAFETY_FILTER] beta=0.2: qdot entering overspeed, joint=1, |qdot|=3.54 > 3.14
2026-09-13 00:12:16,140 [INFO] src.ilqt.components.predictive_safety: [SAFETY_FILTER] beta=0.0: qdot entering overspeed, joint=1, |qdot|=3.64 > 3.14
2026-09-13 00:12:16,146 [DEBUG] src.ilqt.replan_core: FAR_JT step=120 k_hit=55 (JT gain=60, skip iLQR)
2026-09-13 00:12:16,146 [INFO] src.ilqt.async_replanner: ASYNC_PLAN done: step=120 k_hit=55 iters=0 horizon=0 t=5ms fast_lin=False ok=True
2026-09-13 00:12:16,151 [DEBUG] src.ilqt.replan_core: FAR_JT step=134 k_hit=155 (JT gain=60, skip iLQR)
2026-09-13 00:12:16,151 [INFO] src.ilqt.async_replanner: ASYNC_PLAN done: step=134 k_hit=155 iters=0 horizon=0 t=5ms fast_lin=False ok=True
2026-09-13 00:12:16,157 [DEBUG] src.ilqt.replan_core: FAR_JT step=147 k_hit=155 (JT gain=60, skip iLQR)
2026-09-13 00:12:16,157 [INFO] src.ilqt.async_replanner: ASYNC_PLAN done: step=147 k_hit=155 iters=0 horizon=0 t=5ms fast_lin=False ok=True
2026-09-13 00:12:16,163 [DEBUG] src.ilqt.replan_core: FAR_JT step=157 k_hit=155 (JT gain=60, skip iLQR)
2026-09-13 00:12:16,163 [INFO] src.ilqt.async_replanner: ASYNC_PLAN done: step=157 k_hit=155 iters=0 horizon=0 t=5ms fast_lin=False ok=True
2026-09-13 00:12:16,169 [DEBUG] src.ilqt.replan_core: FAR_JT step=165 k_hit=155 (JT gain=60, skip iLQR)
2026-09-13 00:12:16,169 [INFO] src.ilqt.async_replanner: ASYNC_PLAN done: step=165 k_hit=155 iters=0 horizon=0 t=5ms fast_lin=False ok=True
2026-09-13 00:12:16,170 [INFO] src.ilqt.strategies.follow_through: 随挥触发: step=174, steps=60
2026-09-13 00:12:16,175 [DEBUG] src.ilqt.replan_core: FAR_JT step=172 k_hit=155 (JT gain=60, skip iLQR)
2026-09-13 00:12:16,175 [INFO] src.ilqt.async_replanner: ASYNC_PLAN done: step=172 k_hit=155 iters=0 horizon=0 t=6ms fast_lin=False ok=True
2026-09-13 00:12:16,190 [INFO] src.ilqt.async_replanner: AsyncReplanner: 后台规划线程已停止
2026-09-13 00:12:16,190 [INFO] src.ilqt.episode_runner: EpisodeRunner 完成: total_steps=236 safe_steps=236 mpc_done=True
2026-09-13 00:12:16,190 [DEBUG] src.ilqt.episode_runner: EpisodeRunner metrics 详情: {'total_steps': 236, 'safe_steps': 236, 'mpc_done': True, 'X_history': [array([-1.5  ,  1.57 , -0.236,  0.404,  0.446,  2.45 ,  0.   ,  0.   ,
        0.   ,  0.   ,  0.   ,  0.   ]), array([ 0.14647213,  1.56209688, -0.1974933 , -0.10194972,  0.15965954,
        2.43941352,  0.48548804, -0.63835133,  0.58398415,  1.20046898,
       -0.47111019, -2.11729511]), array([ 0.15139856,  1.56263517, -0.19599744, -0.09188885,  0.15000539,
        2.43895677,  0.98528504,  0.1076588 ,  0.29917044,  2.01217352,
       -1.93082897, -0.09135125]), array([ 0.15842439,  1.56663556, -0.19700751, -0.08680268,  0.13731209,
        2.44951389,  1.40516619,  0.80007842, -0.20201239,  1.01723364,
       -2.53865959,  2.1114243 ]), array([ 0.16762805,  1.56658877, -0.19514966, -0.07600802,  0.12744558,
        2.44906966,  1.84073188, -0.00935831,  0.37156834,  2.15893383,
       -1.973302  , -0.08884642]), array([ 0.17787889,  1.56401082, -0.19149204, -0.0675354 ,  0.11970611,
        2.44310972,  2.05016748, -0.51559021,  0.73152422,  1.69452311,
       -1.54789364, -1.19198734]), array([ 0.18790263,  1.56131709, -0.18806891, -0.05949013,  0.11222176,
        2.43743698,  2.004749  , -0.5387462 ,  0.68462608,  1.60905293,
       -1.4968706 , -1.13454746]), array([ 0.19792759,  1.55780116, -0.184414  , -0.05278026,  0.10548137,
        2.43427437,  2.00499093, -0.70318593,  0.73098305,  1.34197416,
       -1.34807757, -0.63252325]), array([ 0.20794719,  1.55740953, -0.18276111, -0.04141892,  0.0971982 ,
        2.42018738,  2.00392125, -0.07832647,  0.33057803,  2.27226978,
       -1.65663523, -2.81739823]), array([ 0.21766654,  1.55324826, -0.17902267, -0.0355902 ,  0.09215674,
        2.41782254,  1.94386979, -0.83225386,  0.74768718,  1.1657435 ,
       -1.00829224, -0.47296751]), array([ 0.22730411,  1.55221986, -0.17729813, -0.02507353,  0.08561814,
        2.40448367,  1.92751446, -0.20567963,  0.34490798,  2.10333441,
       -1.30771883, -2.66777319]), array([ 0.23664747,  1.54743248, -0.173482  , -0.02006504,  0.08229263,
        2.4028275 ,  1.86867029, -0.95747641,  0.7632256 ,  1.00169641,
       -0.66510337, -0.33123457]), array([ 0.24591855,  1.54579668, -0.17167602, -0.01031935,  0.07741248,
        2.39016081,  1.85421615, -0.32716007,  0.36119647,  1.94913814,
       -0.9760284 , -2.53333758]), array([ 0.25490402,  1.54041436, -0.16776961, -0.00605552,  0.0757035 ,
        2.38914131,  1.79709561, -1.07646479,  0.78128268,  0.85276685,
       -0.34179606, -0.20389967]), array([ 0.26383455,  1.53820033, -0.16586667,  0.00298962,  0.07238489,
        2.37707972,  1.78610605, -0.44280481,  0.38058734,  1.80902805,
       -0.66372225, -2.41231929]), array([ 0.27260637,  1.53221753, -0.16190021,  0.01551546,  0.0722423 ,
        2.37534815,  1.75436328, -1.19656121,  0.79329298,  2.50516743,
       -0.02851872, -0.34631379]), array([ 0.28114296,  1.52941652, -0.15982653,  0.02351153,  0.0705121 ,
        2.36393404,  1.70731817, -0.5602017 ,  0.41473463,  1.59921329,
       -0.34603961, -2.28282191]), array([ 0.2895677 ,  1.52290627, -0.15575664,  0.03503719,  0.07181379,
        2.36281965,  1.68494812, -1.30204936,  0.81397932,  2.30513321,
        0.26033767, -0.22287686]), array([ 0.29775164,  1.51960216, -0.15361569,  0.04208243,  0.07150334,
        2.35199008,  1.63678715, -0.66082125,  0.4281892 ,  1.40904841,
       -0.06209027, -2.16591422]), array([ 0.30576422,  1.51335753, -0.14982421,  0.05293572,  0.07357869,
        2.33301097,  1.60251594, -1.24892766,  0.75829611,  2.17065781,
        0.41507141, -3.79582356]), array([ 0.31354324,  1.51026756, -0.14809477,  0.05800136,  0.07414289,
        2.32561   ,  1.55580359, -0.6179929 ,  0.34588885,  1.01312809,
        0.11283901, -1.48019298]), array([ 0.32108886,  1.50354939, -0.14413656,  0.05908427,  0.07748291,
        2.30904185,  1.50912482, -1.34363461,  0.79164084,  0.21658097,
        0.66800378, -3.31363062]), array([ 0.3285939 ,  1.49998709, -0.14228464,  0.0637722 ,  0.07918931,
        2.30260847,  1.50100839, -0.71246034,  0.37038513,  0.93758655,
        0.34128076, -1.28667541]), array([ 0.33582797,  1.49279056, -0.13818484,  0.06448773,  0.08372783,
        2.28696258,  1.44681398, -1.43930473,  0.81995915,  0.14310513,
        0.90770307, -3.1291773 ]), array([ 0.34303184,  1.48876906, -0.13620227,  0.06882872,  0.08658628,
        2.28140825,  1.44077459, -0.80430129,  0.39651319,  0.86819865,
        0.5716905 , -1.11086681]), array([ 0.34995853,  1.48112203, -0.13195702,  0.06921187,  0.09224846,
        2.26660424,  1.38533727, -1.52940588,  0.84905155,  0.07662946,
        1.13243688, -2.96080195]), array([ 0.35687658,  1.47666699, -0.12983479,  0.07324167,  0.09618457,
        2.26185327,  1.38360944, -0.89100725,  0.42444422,  0.80596016,
        0.78722197, -0.95019442]), array([ 0.36366363,  1.46856657, -0.12547386,  0.08225045,  0.10293524,
        2.24653798,  1.35740981, -1.62008367,  0.87218636,  1.80175745,
        1.35013229, -3.06305844]), array([ 0.37020431,  1.46368261, -0.12320786,  0.08557875,  0.10803441,
        2.2426216 ,  1.30813647, -0.97679161,  0.45320042,  0.66565996,
        1.01983529, -0.78327489]), array([ 0.37670224,  1.45519238, -0.11870066,  0.09392463,  0.11576541,
        2.2281133 ,  1.29958628, -1.69804667,  0.90143944,  1.66917589,
        1.54619965, -2.90166052]), array([ 0.38293992,  1.44994341, -0.1163332 ,  0.09663224,  0.12182223,
        2.22496315,  1.24753634, -1.04979442,  0.47349348,  0.54152202,
        1.21136312, -0.63002917]), array([ 0.38916297,  1.44109124, -0.11167656,  0.10437684,  0.1304456 ,
        2.21118941,  1.24460845, -1.77043436,  0.93132657,  1.5489183 ,
        1.72467412, -2.75474905]), array([ 0.39509816,  1.43550412, -0.10920777,  0.10652136,  0.13738252,
        2.20873507,  1.18703943, -1.11742255,  0.49375867,  0.42890462,
        1.3873849 , -0.49086713]), array([ 0.40083669,  1.42633967, -0.10437864,  0.10482293,  0.14678357,
        2.19690154,  1.14770593, -1.83289126,  0.96582604, -0.33968512,
        1.88020927, -2.36670545]), array([ 0.40657474,  1.42042095, -0.10171879,  0.10688447,  0.15441895,
        2.19497538,  1.14761034, -1.18374359,  0.53196952,  0.41230718,
        1.52707638, -0.38523291]), array([ 0.41204244,  1.41094146, -0.09674133,  0.10508782,  0.16455667,
        2.18364409,  1.09353856, -1.89589844,  0.99549237, -0.35933077,
        2.0275437 , -2.26625796]), array([ 0.41752625,  1.40472361, -0.0939451 ,  0.10705951,  0.17290071,
        2.18219772,  1.09676362, -1.2435703 ,  0.55924528,  0.39433797,
        1.66880914, -0.28927484]), array([ 0.42272387,  1.3949529 , -0.08882324,  0.10517601,  0.18371667,
        2.17132577,  1.03952248, -1.95414115,  1.02437369, -0.37669979,
        2.16319103, -2.1743901 ]), array([ 0.42795918,  1.38845891, -0.08589333,  0.10707016,  0.19271321,
        2.17031882,  1.04706301, -1.29879737,  0.58598113,  0.37883103,
        1.79930843, -0.20138982]), array([ 0.43289362,  1.37842   , -0.08062956,  0.10511271,  0.2041472 ,
        2.15986716,  0.98688742, -2.00778207,  1.0527532 , -0.39148952,
        2.28679758, -2.0903309 ]), array([ 0.43789667,  1.37167032, -0.07756312,  0.10694521,  0.21373989,
        2.15926301,  1.00060962, -1.34993721,  0.61328957,  0.36649918,
        1.91853737, -0.12083098]), array([ 0.44289392,  1.36136755, -0.07216768,  0.11374566,  0.22576931,
        2.14794711,  0.99945132, -2.06055395,  1.07908722,  1.3600903 ,
        2.40588459, -2.2631793 ]), array([ 0.44754511,  1.35436477, -0.06896677,  0.11508754,  0.23604215,
        2.1478124 ,  0.93023711, -1.40055465,  0.64018114,  0.2683764 ,
        2.0545682 , -0.02694231]), array([ 0.45230534,  1.34385844, -0.06346523,  0.12143335,  0.24856052,
        2.13695684,  0.95204535, -2.10126636,  1.10030891,  1.26916039,
        2.50367394, -2.17111179]), array([ 0.45669843,  1.33678845, -0.06044633,  0.12237264,  0.25913657,
        2.13726278,  0.87861955, -1.41399763,  0.60378088,  0.18785815,
        2.11521095,  0.06118768]), array([ 0.4611393 ,  1.33340265, -0.06002131,  0.12823057,  0.26668128,
        2.12646816,  0.88817291, -0.67716011,  0.08500217,  1.17158749,
        1.50894209, -2.15892336]), array([ 0.46516665,  1.32632223, -0.05724022,  0.12875114,  0.27665827,
        2.12721288,  0.80546986, -1.41608569,  0.55621953,  0.10411256,
        1.99539629,  0.14894347]), array([ 0.46936566,  1.32240536, -0.0562136 ,  0.13426757,  0.28499732,
        2.11680201,  0.83980176, -0.78337333,  0.20532248,  1.10328739,
        1.66781174, -2.0821736 ]), array([ 0.47316609,  1.31481094, -0.05283769,  0.13448076,  0.29571249,
        2.11790952,  0.76008641, -1.51888323,  0.6751824 ,  0.0426372 ,
        2.14303246,  0.22150132]), array([ 0.47713432,  1.31040616, -0.05123122,  0.13969391,  0.30474472,
        2.10784674,  0.79364702, -0.8809561 ,  0.32129441,  1.04262924,
        1.80644621, -2.01255457]), array([ 0.4807128 ,  1.30234355, -0.04730815,  0.13963661,  0.31613511,
        2.10928224,  0.715696  , -1.61252294,  0.78461366, -0.01145809,
        2.27807846,  0.28709838]), array([ 0.48445743,  1.29749598, -0.04516818,  0.14457972,  0.3257972 ,
        2.09953558,  0.74892574, -0.96951338,  0.42799355,  0.98862049,
        1.9324182 , -1.94933162]), array([ 0.48780917,  1.28901108, -0.04074917,  0.14428066,  0.33780013,
        2.10126748,  0.67034651, -1.69698054,  0.88380316, -0.0598118 ,
        2.40058485,  0.34638049]), array([ 0.49086297,  1.28376005, -0.03814911,  0.14035009,  0.34800168,
        2.09299899,  0.61076178, -1.05020471,  0.52001202, -0.78611363,
        2.04031138, -1.65369753]), array([ 0.49409372,  1.27484986, -0.03313936,  0.14028649,  0.3605143 ,
        2.094894  ,  0.64614918, -1.78203878,  1.00195056, -0.0127204 ,
        2.50252443,  0.37900161]), array([ 0.49695144,  1.26923386, -0.03008046,  0.13655911,  0.37121073,
        2.08678027,  0.57154425, -1.12319921,  0.61177961, -0.74547663,
        2.13928516, -1.62274681]), array([ 0.4999838 ,  1.25998171, -0.02465529,  0.13666539,  0.38421447,
        2.08883031,  0.60647104, -1.85043125,  1.08503428,  0.02125709,
        2.60074819,  0.410009  ]), array([ 0.50264959,  1.25403934, -0.02117576,  0.133133  ,  0.39534649,
        2.0808597 ,  0.5331595 , -1.18847335,  0.69590441, -0.70647731,
        2.22640434, -1.59412262]), array([ 0.50549465,  1.2444801 , -0.01536429,  0.13340386,  0.40878053,
        2.08305348,  0.56901071, -1.91184852,  1.16229574,  0.05417075,
        2.68680787,  0.43875701]), array([ 0.5079803 ,  1.23823509, -0.01147222,  0.13006449,  0.42030908,
        2.07521394,  0.49712968, -1.24900204,  0.77841291, -0.66787357,
        2.3057097 , -1.56790814]), array([ 0.51065585,  1.2282751 , -0.00503231,  0.13050369,  0.43430996,
        2.07752927,  0.53511056, -1.99199695,  1.28798266,  0.08784058,
        2.80017536,  0.46306547]), array([ 0.5130595 ,  1.21451514,  0.00441151,  0.12731967,  0.45114801,
        2.07017533,  0.48073076, -2.75199265,  1.8887641 , -0.6368052 ,
        3.36761085, -1.47078766]), array([ 0.51561478,  1.20429571,  0.01142755,  0.12795324,  0.46577199,
        2.07257004,  0.51105467, -2.04388541,  1.40320829,  0.12671465,
        2.92479484,  0.47894079]), array([ 0.51788392,  1.19066405,  0.02067811,  0.12496774,  0.48252404,
        2.06531589,  0.45382924, -2.72633299,  1.85011095, -0.59710064,
        3.35041104, -1.45083014]), array([ 0.52033876,  1.18057266,  0.0275039 ,  0.12578922,  0.49709826,
        2.06781645,  0.49096777, -2.01827751,  1.36515819,  0.16429654,
        2.91484347,  0.50011356]), array([ 0.52248968,  1.16707022,  0.0365815 ,  0.12300369,  0.5137241 ,
        2.06065259,  0.43018434, -2.70048838,  1.81551901, -0.55710582,
        3.32516856, -1.43277197]), array([ 0.52485726,  1.15710655,  0.04323808,  0.12401277,  0.5282187 ,
        2.06325048,  0.47351587, -1.99273427,  1.33131718,  0.20181682,
        2.89892051,  0.51957671]), array([ 0.52690462,  1.14373326,  0.05216259,  0.12142802,  0.54468584,
        2.0561681 ,  0.40947237, -2.67465816,  1.78490197, -0.51695124,
        3.29342652, -1.41647597]), array([ 0.52919844,  1.13389701,  0.05867003,  0.12262536,  0.5590735 ,
        2.05885536,  0.45876275, -1.96724917,  1.30148777,  0.23946902,
        2.87753277,  0.53745298]), array([ 0.5311574 ,  1.12065271,  0.06746041,  0.12024307,  0.57535239,
        2.05184631,  0.39179185, -2.64886019,  1.75807643, -0.4764582 ,
        3.25577834, -1.40181016]), array([ 0.53339146,  1.11094361,  0.07383794,  0.12163035,  0.58960804,
        2.05461559,  0.44681318, -1.94181909,  1.27550653,  0.27745609,
        2.85112901,  0.55385632]), array([ 0.53527767,  1.09782807,  0.08251232,  0.119453  ,  0.60567183,
        2.04767235,  0.37724236, -2.62310891,  1.7348748 , -0.43547043,
        3.21275915, -1.3886489 ]), array([ 0.53746648,  1.08824664,  0.08877672,  0.12103272,  0.61977128,
        2.0505169 ,  0.43776182, -1.91628621,  1.25288038,  0.31594351,
        2.81989005,  0.56891107]), array([ 0.53929558,  1.07526936,  0.09733019,  0.11906259,  0.63558142,
        2.04363363,  0.3658188 , -2.59545496,  1.710694  , -0.39402611,
        3.16202829, -1.37665413]), array([ 0.54144914,  1.06592872,  0.10324192,  0.12082894,  0.64933735,
        2.04655992,  0.43071214, -1.86812948,  1.18234559,  0.35327118,
        2.75118562,  0.58525648]), array([ 0.5431877 ,  1.06024714,  0.10656263,  0.11919003,  0.66079135,
        2.03940767,  0.34771162, -1.13631593,  0.66414211, -0.32778195,
        2.29079853, -1.43044873]), array([ 0.54521335,  1.05107329,  0.11214425,  0.12104963,  0.67383651,
        2.04244982,  0.40513121, -1.83476963,  1.11632478,  0.37191998,
        2.60903209,  0.60843015]), array([ 0.54771768,  1.04518659,  0.11602989,  0.12751897,  0.68537073,
        2.03440294,  0.50086648, -1.17734072,  0.77712816,  1.29386723,
        2.30684516, -1.60937577]), array([ 0.54956073,  1.03573253,  0.12224076,  0.12912549,  0.69854674,
        2.03758102,  0.36860943, -1.89081143,  1.24217298,  0.32130491,
        2.63520178,  0.63561613]), array([ 0.55197587,  1.02966779,  0.12655875,  0.13540775,  0.71010069,
        2.02967989,  0.48302719, -1.21294742,  0.86359792,  1.2564503 ,
        2.31078999, -1.58022718]), array([ 0.55374653,  1.02004934,  0.13316518,  0.13688662,  0.72325429,
        2.03297946,  0.35413274, -1.92369052,  1.32128664,  0.29577451,
        2.63072062,  0.65991427]), array([ 0.55602246,  1.01378583,  0.13777987,  0.14211739,  0.73468751,
        2.04569596,  0.45518618, -1.25270184,  0.92293819,  1.04615352,
        2.28664413,  2.54329934]), array([ 0.55795421,  1.0039607 ,  0.14499966,  0.14378103,  0.74770118,
        2.04823271,  0.38634909, -1.9650251 ,  1.44395693,  0.33272931,
        2.60273216,  0.50735087]), array([ 0.56025484,  0.99754455,  0.15009787,  0.14905459,  0.75905247,
        2.06024649,  0.46012633, -1.28323154,  1.01964287,  1.05471126,
        2.27025823,  2.40275654]), array([ 0.56222987,  0.98747544,  0.15801571,  0.15079676,  0.77207609,
        2.06208213,  0.39500583, -2.01382139,  1.58356825,  0.34843388,
        2.60472527,  0.36712732]), array([ 0.56462517,  0.97381965,  0.16865442,  0.15586931,  0.7867754 ,
        2.07373781,  0.47906115, -2.7311577 ,  2.12774235,  1.01451074,
        2.93986159,  2.33113628]), array([ 0.56765025,  0.96374513,  0.17721442,  0.1654524 ,  0.79981308,
        2.0740428 ,  0.60501558, -2.01490491,  1.71199846,  1.91661671,
        2.60753514,  0.06099741]), array([ 0.57007951,  0.95029038,  0.18773977,  0.17026955,  0.81426148,
        2.08516434,  0.48585112, -2.69094998,  2.10506979,  0.96343181,
        2.88968011,  2.22430919]), array([ 0.57314788,  0.94045058,  0.19614438,  0.17960298,  0.82703959,
        2.08497726,  0.61367393, -1.96795977,  1.68092217,  1.8666849 ,
        2.55562235, -0.03741678]), array([ 0.57571342,  0.92727739,  0.20660602,  0.18505099,  0.84121133,
        2.07513556,  0.51310756, -2.63463802,  2.0923279 ,  1.0896021 ,
        2.83434742, -1.96834014]), array([ 0.57861162,  0.91771657,  0.21464646,  0.19390264,  0.85387154,
        2.07535461,  0.5796411 , -1.91216368,  1.60808791,  1.77033032,
        2.53204317,  0.04380978]), array([ 0.58115322,  0.90478291,  0.22489367,  0.19903769,  0.8676879 ,
        2.06587108,  0.50832006, -2.58673214,  2.04944321,  1.02700918,
        2.76327178, -1.8967061 ]), array([ 0.58308437,  0.89536611,  0.23263297,  0.20017112,  0.8800989 ,
        2.06723166,  0.38623071, -1.88335974,  1.54785879,  0.2266868 ,
        2.48219945,  0.27211645]), array([ 0.58479763,  0.88252209,  0.24277512,  0.19804768,  0.89341272,
        2.05877294,  0.3426509 , -2.56880407,  2.02843096, -0.42468804,
        2.66276531, -1.69174441]), array([ 0.58690421,  0.87331679,  0.25046885,  0.19967909,  0.9053343 ,
        2.0603022 ,  0.42131703, -1.84105975,  1.53874679,  0.32628138,
        2.38431429,  0.30585184]), array([ 0.58880905,  0.86773312,  0.25561581,  0.1986001 ,  0.91558811,
        2.05173626,  0.3809665 , -1.11673318,  1.02939205, -0.21579829,
        2.05076362, -1.71318779]), array([ 0.5911951 ,  0.85865591,  0.26326118,  0.20076374,  0.92669917,
        2.05344901,  0.47721021, -1.81544214,  1.52907232,  0.43272969,
        2.22221113,  0.34254928]), array([ 0.59417885,  0.85295249,  0.26909748,  0.20672445,  0.93661374,
        2.0647316 ,  0.59675027, -1.14068401,  1.16726073,  1.19214052,
        1.982915  ,  2.25651976]), array([ 0.59697628,  0.84367168,  0.27757095,  0.20933793,  0.94737101,
        2.06576608,  0.55948521, -1.85616183,  1.69469453,  0.52269586,
        2.15145316,  0.20689552]), array([ 0.6002391 ,  0.83778355,  0.28420499,  0.21561034,  0.95705012,
        2.07642209,  0.65256494, -1.17762644,  1.32680702,  1.25448297,
        1.93582152,  2.13120116]), array([ 0.60434244,  0.8283172 ,  0.29389005,  0.22580163,  0.96763859,
        2.07610785,  0.82066799, -1.89327045,  1.93701301,  2.03825843,
        2.11769534, -0.06284661]), array([ 0.60781314,  0.81521312,  0.30610665,  0.23143018,  0.97943073,
        2.08647393,  0.69413962, -2.62081579,  2.44331905,  1.12570962,
        2.35842737,  2.07321436]), array([ 0.61216795,  0.80569814,  0.31655187,  0.24164834,  0.98998062,
        2.08563889,  0.87096289, -1.90299704,  2.08904491,  2.04363147,
        2.10997775, -0.16700653]), array([ 0.61604229,  0.79279871,  0.32904912,  0.24803079,  1.0014921 ,
        2.0750754 ,  0.77486683, -2.5798859 ,  2.49945003,  1.27649056,
        2.30229698, -2.11269864]), array([ 0.61944219,  0.78287281,  0.33943561,  0.25194284,  1.01208765,
        2.05693093,  0.67998059, -1.98518013,  2.07729736,  0.7824106 ,
        2.1191081 , -3.62889487]), array([ 0.62329075,  0.77660846,  0.34744901,  0.25944185,  1.02150696,
        2.04926564,  0.7697129 , -1.25286841,  1.60268025,  1.49980119,
        1.88386335, -1.53305804]), array([ 0.6279808 ,  0.7667735 ,  0.35854261,  0.27060526,  1.03162086,
        2.03139643,  0.93800952, -1.96699267,  2.21872018,  2.23268157,
        2.02277946, -3.57384195]), array([ 0.63277342,  0.75344147,  0.37219203,  0.28399955,  1.0429092 ,
        2.02425014,  0.95852419, -2.66640591,  2.72988392,  2.678859  ,
        2.25766886, -1.42925725]), array([ 0.63721569,  0.74361876,  0.38355926,  0.29388435,  1.05332661,
        2.02777334,  0.88845345, -1.9645421 ,  2.27344642,  1.97695842,
        2.08348059,  0.70463899]), array([ 0.64182656,  0.73015418,  0.39785294,  0.30055452,  1.06410304,
        2.0212518 ,  0.92217353, -2.69291521,  2.85873542,  1.33403383,
        2.15528718, -1.30430695]), array([ 0.64580701,  0.72011815,  0.41004025,  0.3037903 ,  1.07433367,
        2.02534613,  0.79609115, -2.00720736,  2.43746185,  0.64715697,
        2.04612587,  0.81886665]), array([ 0.65037765,  0.70627245,  0.42544959,  0.30390597,  1.08465966,
        2.03970025,  0.91412788, -2.76913963,  3.081869  ,  0.02313322,
        2.06519788,  2.87082277]), array([ 0.65574833,  0.69573884,  0.43969889,  0.30269542,  1.09429943,
        2.04320612,  1.07413497, -2.10672162,  2.84985827, -0.24210964,
        1.92795291,  0.70117428]), array([ 0.66273078,  0.681174  ,  0.45859423,  0.30601251,  1.10525986,
        2.03583366,  1.39648967, -2.91296853,  3.7790692 ,  0.6634179 ,
        2.19208639, -1.47449099]), array([ 0.66993949,  0.66558108,  0.47786863,  0.31041689,  1.11615546,
        2.03273526,  1.44174295, -3.11858285,  3.8548794 ,  0.88087575,
        2.17912028, -0.61968152]), array([ 0.67986128,  0.65345167,  0.49649294,  0.32093649,  1.12678886,
        2.01881931,  1.98435821, -2.42588329,  3.72486148,  2.10392074,
        2.12668071, -2.78318864]), array([ 0.68974716,  0.64086637,  0.51531678,  0.33159012,  1.13741833,
        2.00745535,  1.97717571, -2.51705984,  3.76476903,  2.13072671,
        2.12589258, -2.27279332]), array([ 0.69996105,  0.62775029,  0.53449835,  0.34159087,  1.14819848,
        1.99450427,  2.04277807, -2.62321542,  3.83631452,  2.00014931,
        2.15603009, -2.5902163 ]), array([ 0.71050742,  0.61411981,  0.55400651,  0.35095314,  1.15911551,
        1.98002676,  2.10927288, -2.72609639,  3.90163108,  1.87245499,
        2.18340667, -2.89550156]), array([ 0.72067156,  0.6010107 ,  0.57247246,  0.3597076 ,  1.16952877,
        1.966202  ,  2.03282869, -2.62182141,  3.69319063,  1.7508911 ,
        2.08265202, -2.76495127]), array([ 0.72577893,  0.59329999,  0.58294558,  0.36121933,  1.17634943,
        1.96416846,  1.02147369, -1.54214284,  2.094623  ,  0.30234557,
        1.36413244, -0.40670847]), array([ 0.73019134,  0.58628644,  0.59211399,  0.36311555,  1.18154462,
        1.96312156,  0.88248175, -1.40270962,  1.83368281,  0.37924466,
        1.039037  , -0.20937934]), array([ 0.73394315,  0.5798913 ,  0.60006659,  0.36539803,  1.18539546,
        1.96261016,  0.7503622 , -1.27902712,  1.59051887,  0.45649477,
        0.77016893, -0.10228035]), array([ 0.73706505,  0.57404526,  0.60689112,  0.36805644,  1.18812668,
        1.96238657,  0.62438118, -1.16920795,  1.36490667,  0.53168209,
        0.54624302, -0.04471713]), array([ 0.73958536,  0.56868724,  0.61267307,  0.37107358,  1.18991928,
        1.96231496,  0.50406077, -1.07160458,  1.15638968,  0.60342854,
        0.35852097, -0.01432298]), array([ 7.41530738e-01,  5.63763380e-01,  6.17494707e-01,  3.74428346e-01,
        1.19092023e+00,  1.96232093e+00,  3.89076361e-01, -9.84772416e-01,
        9.64327846e-01,  6.70953530e-01,  2.00190210e-01,  1.19435074e-03]), array([ 0.74292672,  0.55922618,  0.62143446,  0.37809751,  1.19124976,
        1.96236388,  0.27919543, -0.90744013,  0.78795074,  0.73383239,
        0.06590563,  0.00858885]), array([ 0.74379792,  0.55503375,  0.62456649,  0.38205681,  1.191007  ,
        1.96242173,  0.17424085, -0.83848557,  0.62640556,  0.79185958,
       -0.04855153,  0.01156991]), array([ 0.74416826,  0.55114917,  0.62696047,  0.38628165,  1.19027435,
        1.96248259,  0.07406882, -0.77691606,  0.47879672,  0.84496885,
       -0.14653016,  0.01217343]), array([ 0.74406104,  0.54753991,  0.62868155,  0.39074758,  1.18912083,
        1.96254017, -0.02144458, -0.72185208,  0.34421653,  0.89318511,
       -0.23070366,  0.01151559]), array([ 0.74349898,  0.54417734,  0.62979039,  0.39543055,  1.18760474,
        1.96259121, -0.11241157, -0.67251352,  0.22176797,  0.93659408,
       -0.30321841,  0.01020738]), array([ 0.74250429,  0.5410363 ,  0.6303433 ,  0.40030716,  1.1857757 ,
        1.96263412, -0.19893765, -0.62820797,  0.11058077,  0.97532258,
       -0.36580783,  0.00858248]), array([ 0.74109867,  0.5380947 ,  0.63039241,  0.40535478,  1.1836763 ,
        1.96266823, -0.28112465, -0.58832063,  0.00982229,  1.00952511,
       -0.41988051,  0.00682247]), array([ 0.73930331,  0.53533317,  0.62998593,  0.41055166,  1.18134336,
        1.96269336, -0.35907257, -0.55230556, -0.08129577,  1.03937443,
       -0.46658864,  0.00502569]), array([ 0.73713891,  0.53273478,  0.62916836,  0.41587693,  1.17880895,
        1.96270959, -0.43288052, -0.51967797, -0.16351368,  1.06505488,
       -0.50688127,  0.00324499]), array([ 7.34625669e-01,  5.30284745e-01,  6.27980752e-01,  4.21310718e-01,
        1.17610122e+00,  1.96271713e+00, -5.02647395e-01, -4.90007499e-01,
       -2.37522189e-01,  1.08675737e+00, -5.41546024e-01,  1.50845887e-03]), array([ 7.31783309e-01,  5.27970184e-01,  6.26460938e-01,  4.26834097e-01,
        1.17324501e+00,  1.96271628e+00, -5.68472028e-01, -4.62912244e-01,
       -3.03962758e-01,  1.10467573e+00, -5.71241717e-01, -1.69239080e-04]), array([ 7.28631042e-01,  5.25779916e-01,  6.24643794e-01,  4.32429117e-01,
        1.17026239e+00,  1.96270738e+00, -6.30453312e-01, -4.38053441e-01,
       -3.63428834e-01,  1.11900402e+00, -5.96524108e-01, -1.78068455e-03]), array([ 0.72518759,  0.52370426,  0.62256145,  0.43807879,  1.16717306,
        1.96269077, -0.68869014, -0.41513079, -0.41646791,  1.12993445,
       -0.61786615, -0.00332234]), array([ 0.72147119,  0.52173487,  0.62024353,  0.44376707,  1.16399469,
        1.9626668 , -0.74328129, -0.39387829, -0.46358407,  1.13765597,
       -0.63567402, -0.00479272]), array([ 0.71749956,  0.51986457,  0.61771733,  0.44947883,  1.16074319,
        1.96263585, -0.79432534, -0.37406048, -0.50524076,  1.1423531 ,
       -0.65029982, -0.00619145]), array([ 0.71328996,  0.51808722,  0.61500801,  0.45519986,  1.15743293,
        1.96259825, -0.84192045, -0.35546916, -0.54186373,  1.14420527,
       -0.66205164, -0.00751874]), array([ 0.70885913,  0.51639762,  0.61213879,  0.46091679,  1.15407693,
        1.96255438, -0.88616433, -0.33792047, -0.57384396,  1.14338627,
       -0.67120162, -0.00877515]), array([ 0.70422336,  0.51479136,  0.60913109,  0.46661711,  1.15068696,
        1.96250457, -0.92715403, -0.32125218, -0.60154053,  1.14006391,
       -0.67799231, -0.00996143]), array([ 0.69939843,  0.51326475,  0.60600467,  0.47228911,  1.14727375,
        1.96244918, -0.96498591, -0.30532144, -0.62528336,  1.13439992,
       -0.68264181, -0.01107846]), array([ 0.69439966,  0.51181474,  0.60277779,  0.47792186,  1.14384702,
        1.96238854, -0.99975552, -0.29000263, -0.64537582,  1.12654984,
       -0.68534781, -0.01212727]), array([ 0.68924187,  0.51043881,  0.59946731,  0.48350518,  1.14041556,
        1.962323  , -1.03155755, -0.27518554, -0.66209717,  1.11666306,
       -0.68629089, -0.013109  ]), array([ 0.68393944,  0.50913494,  0.59608878,  0.48902959,  1.13698738,
        1.96225287, -1.06048578, -0.26077372, -0.67570482,  1.10488292,
       -0.68563713, -0.01402491]), array([ 0.67850628,  0.50790153,  0.5926566 ,  0.49448632,  1.13356967,
        1.96217849, -1.08663304, -0.24668295, -0.68643637,  1.09134683,
       -0.68354017, -0.01487636]), array([ 0.67295582,  0.50673733,  0.58918404,  0.49986726,  1.13016896,
        1.96210016, -1.11009121, -0.23284002, -0.69451157,  1.07618643,
       -0.68014293, -0.01566485]), array([ 0.66730106,  0.50564142,  0.58568337,  0.5051649 ,  1.12679107,
        1.9620182 , -1.13095121, -0.21918148, -0.700134  ,  1.05952778,
       -0.6755789 , -0.01639199]), array([ 0.66155455,  0.50461316,  0.58216591,  0.51037235,  1.1234412 ,
        1.96193291, -1.14930298, -0.20565265, -0.70349265,  1.04149156,
       -0.66997323, -0.01705952]), array([ 0.65572837,  0.50365212,  0.57864209,  0.51548332,  1.12012398,
        1.96184456, -1.1652355 , -0.19220669, -0.70476331,  1.02219324,
       -0.66344359, -0.01766928]), array([ 0.64983419,  0.50275811,  0.57512154,  0.52049204,  1.11684348,
        1.96175344, -1.17883681, -0.17880375, -0.70410984,  1.00174331,
       -0.6561008 , -0.01822321]), array([ 0.64388322,  0.50193105,  0.57161312,  0.52539327,  1.11360323,
        1.96165983, -1.19019398, -0.16541027, -0.70168529,  0.98024744,
       -0.64804942, -0.01872335]), array([ 0.63788625,  0.50117106,  0.56812495,  0.53018231,  1.11040629,
        1.96156397, -1.19939316, -0.1519983 , -0.69763294,  0.95780669,
       -0.63938813, -0.01917184]), array([ 0.63185365,  0.50047834,  0.56466452,  0.5348549 ,  1.10725524,
        1.96146611, -1.20651956, -0.13854493, -0.69208712,  0.93451767,
       -0.63021007, -0.01957087]), array([ 0.62579537,  0.49985318,  0.56123865,  0.53940726,  1.10415222,
        1.9613665 , -1.21165747, -0.1250318 , -0.68517405,  0.91047274,
       -0.62060314, -0.01992272]), array([ 0.61972091,  0.49929596,  0.55785358,  0.54383606,  1.10109897,
        1.96126535, -1.21489025, -0.11144455, -0.67701254,  0.88576013,
       -0.61065017, -0.0202297 ]), array([ 0.61363941,  0.49880709,  0.55451501,  0.54813838,  1.09809683,
        1.96116288, -1.21630032, -0.09777253, -0.66771455,  0.86046413,
       -0.60042909, -0.02049416]), array([ 0.60755957,  0.49838705,  0.55122808,  0.55231171,  1.09514676,
        1.96105929, -1.21596918, -0.08400829, -0.65738579,  0.83466522,
       -0.59001313, -0.02071848]), array([ 0.60148968,  0.49803631,  0.54799745,  0.55635391,  1.09224941,
        1.96095476, -1.21397734, -0.07014738, -0.64612616,  0.80844018,
       -0.57947085, -0.02090504]), array([ 0.59543766,  0.49775538,  0.5448273 ,  0.56026322,  1.08940508,
        1.96084948, -1.21040435, -0.05618795, -0.63403017,  0.78186225,
       -0.56886632, -0.02105622]), array([ 0.58941102,  0.49754472,  0.54172136,  0.56403822,  1.08661378,
        1.96074361, -1.20532873, -0.04213052, -0.6211873 ,  0.75500122,
       -0.55825916, -0.0211744 ]), array([ 0.58341688,  0.49740483,  0.53868295,  0.56767784,  1.08387526,
        1.9606373 , -1.19882798, -0.02797775, -0.60768233,  0.72792356,
       -0.54770468, -0.02126192]), array([ 0.57746198,  0.49733616,  0.53571498,  0.5711813 ,  1.08118899,
        1.9605307 , -1.1909785 , -0.0137342 , -0.59359558,  0.70069249,
       -0.53725392, -0.02132107]), array([ 5.71552705e-01,  4.97339132e-01,  5.32819959e-01,  5.74548145e-01,
        1.07855422e+00,  1.96042393e+00, -1.18185558e+00,  5.93892456e-04,
       -5.79003226e-01,  6.73368142e-01, -5.26953780e-01, -2.13541193e-02]), array([ 0.56569504,  0.49741413,  0.53000007,  0.57777818,  1.07596998,
        1.96031711, -1.17153335,  0.01499874, -0.56397743,  0.64600756,
       -0.5168471 , -0.02136326]), array([ 0.55989461,  0.49756148,  0.52725714,  0.58087151,  1.07343512,
        1.96021036, -1.16008469,  0.02947122, -0.5485866 ,  0.61866486,
       -0.50697276, -0.02135062]), array([ 0.55415671,  0.49778149,  0.52459266,  0.58382846,  1.07094829,
        1.96010376, -1.14758123,  0.04400101, -0.5328955 ,  0.59139128,
       -0.4973658 , -0.02131827]), array([ 0.54848624,  0.49807437,  0.52200783,  0.58664964,  1.068508  ,
        1.95999742, -1.13409328,  0.05857673, -0.51696546,  0.56423526,
       -0.48805751, -0.02126817]), array([ 0.54288779,  0.4984403 ,  0.51950356,  0.58933585,  1.06611262,
        1.95989141, -1.11968976,  0.07318607, -0.50085445,  0.53724251,
       -0.47907558, -0.02120223]), array([ 0.5373656 ,  0.49887938,  0.51708048,  0.59188813,  1.0637604 ,
        1.9597858 , -1.10443815,  0.08781595, -0.48461725,  0.51045612,
       -0.47044422, -0.02112223]), array([ 0.53192358,  0.49939164,  0.51473895,  0.59430772,  1.06144948,
        1.95968065, -1.08840445,  0.10245255, -0.46830552,  0.48391657,
       -0.46218426, -0.0210299 ]), array([ 0.52656531,  0.49997705,  0.51247911,  0.59659603,  1.05917792,
        1.95957602, -1.07165309,  0.11708151, -0.45196797,  0.45766184,
       -0.45431337, -0.02092683]), array([ 0.52162461,  0.5006378 ,  0.51035441,  0.59754828,  1.05663837,
        1.95954081, -0.98814126,  0.13215045, -0.42493938,  0.19045129,
       -0.50790844, -0.00704169]), array([ 0.51708822,  0.50136295,  0.50835468,  0.59726087,  1.05387256,
        1.95956673, -0.90727766,  0.14502863, -0.39994724, -0.05748142,
       -0.553163  ,  0.00518414]), array([ 0.51294269,  0.50214249,  0.50647031,  0.59582511,  1.05091992,
        1.95964589, -0.82910508,  0.15590779, -0.37687246, -0.28715234,
       -0.59052715,  0.0158329 ]), array([ 0.50917442,  0.50296737,  0.50469233,  0.59332722,  1.04781738,
        1.95977083, -0.75365469,  0.16497705, -0.3555973 , -0.49957918,
       -0.62050821,  0.02498626]), array([ 0.50576968,  0.50382947,  0.50301229,  0.58984839,  1.04459915,
        1.95993445, -0.68094779,  0.17242075, -0.33600628, -0.69576452,
       -0.64364631,  0.03272466]), array([ 0.5027147 ,  0.50472156,  0.50142236,  0.58546498,  1.04129667,
        1.96013008, -0.61099742,  0.17841695, -0.31798701, -0.87668301,
       -0.66049606,  0.03912677]), array([ 0.49999565,  0.50563724,  0.4999152 ,  0.58024862,  1.0379386 ,
        1.96035143, -0.54380955,  0.18313637, -0.30143104, -1.04327189,
       -0.67161293,  0.04426922]), array([ 0.49759873,  0.50657095,  0.49848403,  0.5742665 ,  1.03455089,
        1.96059256, -0.47938404,  0.18674161, -0.28623438, -1.19642436,
       -0.67754347,  0.04822635]), array([ 0.49551015,  0.50751788,  0.49712254,  0.56758157,  1.0311568 ,
        1.96084791, -0.41771533,  0.18938667, -0.27229797, -1.33698546,
       -0.67881833,  0.05107011]), array([ 0.49371619,  0.50847397,  0.4958249 ,  0.56025282,  1.02777706,
        1.96111226, -0.35879306,  0.19121666, -0.25952802, -1.46574985,
       -0.67594751,  0.05287003]), array([ 0.49220317,  0.5094358 ,  0.49458572,  0.55233552,  1.02442997,
        1.96138073, -0.30260238,  0.19236765, -0.24783615, -1.58346116,
       -0.66941729,  0.05369317]), array([ 0.49095755,  0.51040064,  0.49340002,  0.54388145,  1.02113153,
        1.96164875, -0.24912432,  0.19296659, -0.23713947, -1.69081262,
       -0.65968836,  0.05360424]), array([ 0.48996587,  0.51136629,  0.49226322,  0.53493921,  1.01789556,
        1.96191208, -0.19833595,  0.19313139, -0.2273605 , -1.78844858,
       -0.64719491,  0.0526656 ]), array([ 0.48921482,  0.51233115,  0.49117109,  0.52555438,  1.01473383,
        1.96216676, -0.15021049,  0.19297096, -0.21842709, -1.87696673,
       -0.63234425,  0.05093735]), array([ 0.48869123,  0.51329408,  0.49011973,  0.51576977,  1.01165625,
        1.96240915, -0.10471746,  0.19258541, -0.21027217, -1.95692073,
       -0.61551703,  0.04847747]), array([ 0.48838212,  0.51425441,  0.48910556,  0.50562566,  1.00867091,
        1.96263586, -0.06182274,  0.19206615, -0.20283358, -2.02882324,
       -0.59706763,  0.04534186]), array([ 0.48827468,  0.51521189,  0.48812529,  0.49515991,  1.00578429,
        1.96284378, -0.02148862,  0.19149616, -0.19605376, -2.09314898,
       -0.57732481,  0.04158444]), array([ 0.48835631,  0.51616664,  0.48717589,  0.48440822,  1.00300132,
        1.96303007,  0.01632613,  0.19095015, -0.18987947, -2.15033793,
       -0.55659246,  0.03725724]), array([ 0.48861464,  0.51711911,  0.48625458,  0.47340423,  1.00032557,
        1.96319212,  0.05166615,  0.19049483, -0.18426153, -2.20079843,
       -0.53515043,  0.03241046]), array([ 0.48903753,  0.51807006,  0.48535881,  0.46217968,  0.9977593 ,
        1.96332758,  0.08457945,  0.19018917, -0.17915452, -2.24491019,
       -0.51325535,  0.02709255]), array([ 0.48961312,  0.51902048,  0.48448623,  0.45076454,  0.99530359,
        1.96343433,  0.11511721,  0.19008464, -0.17451651, -2.28302715,
       -0.49114148,  0.02135021]), array([ 0.49032979,  0.51997161,  0.48363469,  0.43918714,  0.99295848,
        1.96351048,  0.14333373,  0.19022547, -0.17030878, -2.31548012,
       -0.46902154,  0.01522847]), array([ 0.49117622,  0.52092485,  0.48280221,  0.42747425,  0.99072304,
        1.96355433,  0.16928618,  0.19064899, -0.16649566, -2.34257931,
       -0.44708751,  0.0087707 ]), array([ 4.92141392e-01,  5.21881783e-01,  4.81986986e-01,  4.15651164e-01,
        9.88595486e-01,  1.96356442e+00,  1.93034475e-01,  1.91385850e-01,
       -1.63044209e-01, -2.36461646e+00, -4.25511438e-01,  2.01860823e-03]), array([ 0.4932146 ,  0.52284408,  0.48118737,  0.40374183,  0.98657325,
        1.96353948,  0.214641  ,  0.19246035, -0.15992412, -2.38186697,
       -0.4044462 , -0.00498775]), array([ 0.49438545,  0.52381354,  0.48040183,  0.39176887,  0.98465312,
        1.96347843,  0.23417042,  0.19389076, -0.15710749, -2.39459159,
       -0.38402625, -0.01220998]), array([ 0.4956439 ,  0.52479199,  0.47962898,  0.37975368,  0.98283128,
        1.96338038,  0.25168938,  0.19568958, -0.15456869, -2.40303807,
       -0.36436836, -0.01961135]), array([ 0.49698023,  0.52578131,  0.47886756,  0.36771647,  0.98110342,
        1.96324459,  0.26726624,  0.19786392, -0.15228425, -2.40744253,
       -0.34557238, -0.02715683]), array([ 0.49838508,  0.52678338,  0.4781164 ,  0.35567631,  0.97946481,
        1.96307053,  0.28097081,  0.20041577, -0.1502327 , -2.40803058,
       -0.32772197, -0.03481309]), array([ 0.49984945,  0.5278001 ,  0.47737443,  0.34365122,  0.97791038,
        1.96285779,  0.29287399,  0.20334235, -0.14839453, -2.40501839,
       -0.3108853 , -0.04254855]), array([ 0.50136469,  0.52883328,  0.47664067,  0.33165816,  0.9764348 ,
        1.96260612,  0.30304753,  0.20663642, -0.14675206, -2.39861349,
       -0.29511588, -0.05033336]), array([ 0.50292251,  0.52988471,  0.47591422,  0.31971308,  0.97503254,
        1.96231542,  0.31156365,  0.21028664, -0.14528937, -2.38901548,
       -0.28045324, -0.05813946]), array([ 0.50451498,  0.5309561 ,  0.47519426,  0.307831  ,  0.97369792,
        1.96198572,  0.31849478,  0.21427785, -0.14399223, -2.37641657,
       -0.26692375, -0.06594059]), array([ 0.50613455,  0.53204906,  0.47448002,  0.29602599,  0.97242521,
        1.96161716,  0.32391322,  0.21859147, -0.14284804, -2.36100204,
       -0.25454139, -0.07371227]), array([ 0.507774  ,  0.53316509,  0.47377079,  0.28431123,  0.97120867,
        1.96121   ,  0.32789087,  0.22320578, -0.14184576, -2.34295056,
       -0.24330855, -0.08143183]), array([ 0.5094265 ,  0.53430557,  0.47306591,  0.27269906,  0.97004259,
        1.96076461,  0.33049891,  0.22809626, -0.14097582, -2.32243447,
       -0.23321683, -0.08907841]), array([ 0.51108553,  0.53547175,  0.47236476,  0.26120096,  0.96892135,
        1.96028144,  0.33180753,  0.2332359 , -0.14023009, -2.29961994,
       -0.22424786, -0.09663291]), array([ 0.51274496,  0.53666473,  0.47166675,  0.24982762,  0.96783948,
        1.95976105,  0.33188569,  0.23859556, -0.13960181, -2.27466711,
       -0.21637415, -0.10407805]), array([ 0.51439897,  0.53788545,  0.47097132,  0.23858897,  0.96679168,
        1.95920406,  0.33080086,  0.24414423, -0.13908548, -2.24773013,
       -0.20955985, -0.11139825]), array([ 0.51604206,  0.53913469,  0.47027794,  0.22749419,  0.96577287,
        1.95861116,  0.32861881,  0.24984936, -0.13867683, -2.21895726,
       -0.20376163, -0.11857966]), array([ 0.51766908,  0.54041308,  0.46958608,  0.21655173,  0.96477822,
        1.95798311,  0.3254034 ,  0.25567715, -0.13837273, -2.18849083,
       -0.19892948, -0.12561011]), array([ 0.51927516,  0.54172104,  0.46889522,  0.2057694 ,  0.96380318,
        1.95732072,  0.32121642,  0.26159282, -0.13817111, -2.15646726,
       -0.19500749, -0.13247903]), array([ 0.52085575,  0.54305885,  0.46820487,  0.19515431,  0.96284351,
        1.95662483,  0.31611742,  0.26756089, -0.13807086, -2.12301704,
       -0.19193468, -0.1391774 ]), array([ 0.52240656,  0.54442658,  0.46751451,  0.18471299,  0.96189528,
        1.95589634,  0.31016357,  0.27354543, -0.13807177, -2.08826471,
       -0.18964574, -0.14569771]), array([ 0.52392361,  0.54582413,  0.46682364,  0.17445134,  0.96095492,
        1.95513617,  0.3034096 ,  0.27951031, -0.13817443, -2.05232885,
       -0.18807176, -0.15203388]), array([ 0.52540315,  0.54725122,  0.46613173,  0.16437473,  0.96001922,
        1.95434526,  0.29590765,  0.28541942, -0.13838017, -2.01532207,
       -0.187141  , -0.15818115]), array([ 0.52684169,  0.54870741,  0.46543828,  0.15448798,  0.95908532,
        1.95352458,  0.28770726,  0.2912369 , -0.13869092, -1.97735103,
       -0.18677952, -0.16413607]), array([ 0.52823596,  0.55019205,  0.46474273,  0.1447954 ,  0.95815076,
        1.9526751 ,  0.27885531,  0.29692731, -0.13910916, -1.93851643,
       -0.18691186, -0.16989635]), array([ 0.52958294,  0.55170432,  0.46404454,  0.13530083,  0.95721345,
        1.9517978 ,  0.26939602,  0.30245585, -0.13963785, -1.89891304,
       -0.18746167, -0.1754608 ]), array([ 0.5308798 ,  0.55324327,  0.46334314,  0.12600768,  0.95627169,
        1.95089365,  0.25937091,  0.3077885 , -0.14028028, -1.85862979,
       -0.18835223, -0.18082928]), array([ 0.53212389,  0.55480773,  0.46263794,  0.11691893,  0.95532416,
        1.94996364,  0.24881885,  0.31289217, -0.14104006, -1.81774981,
       -0.18950706, -0.18600254]), array([ 0.53331277,  0.5563964 ,  0.46192834,  0.10803718,  0.9543699 ,
        1.94900873,  0.23777608,  0.31773488, -0.141921  , -1.77635052,
       -0.19085033, -0.19098221]), array([ 0.53444415,  0.55800783,  0.4612137 ,  0.09936466,  0.95340837,
        1.94802988,  0.22627628,  0.32228582, -0.14292706, -1.73450374,
       -0.1923074 , -0.19577065]), array([ 0.53551591,  0.55964041,  0.46049339,  0.09090328,  0.95243934,
        1.94702802,  0.2143506 ,  0.32651551, -0.14406224, -1.69227583,
       -0.19380515, -0.20037092]), array([ 0.53652605,  0.56129239,  0.45976674,  0.08265464,  0.95146298,
        1.94600409,  0.20202777,  0.33039587, -0.14533056, -1.64972778,
       -0.19527241, -0.20478666]), array([ 0.53747272,  0.56296189,  0.45903306,  0.07462007,  0.95047978,
        1.94495898,  0.18933416,  0.33390031, -0.14673598, -1.60691542,
       -0.19664026, -0.20902205]), array([ 0.53835419,  0.56464691,  0.45829165,  0.06680062,  0.94949057,
        1.94389357,  0.17629386,  0.3370038 , -0.14828233, -1.56388956,
       -0.19784232, -0.21308167]), array([ 0.53916883,  0.56634532,  0.45754178,  0.05919714,  0.94849649,
        1.94280872,  0.16292883,  0.3396829 , -0.14997329, -1.52069619,
       -0.19881502, -0.21697052]), array([ 0.53991513,  0.5680549 ,  0.45678272,  0.05181026,  0.947499  ,
        1.94170525,  0.14925896,  0.34191586, -0.15181231, -1.47737664,
       -0.19949777, -0.22069386]), array([ 0.54059164,  0.56977332,  0.45601371,  0.04464042,  0.94649984,
        1.94058396,  0.13530221,  0.3436826 , -0.15380263, -1.43396781,
       -0.19983321, -0.22425723]), array([ 0.54119701,  0.57149814,  0.45523397,  0.0376879 ,  0.945501  ,
        1.93944563,  0.1210747 ,  0.34496478, -0.15594717, -1.39050238,
       -0.19976729, -0.22766633]), array([ 0.54171436,  0.57320415,  0.45436049,  0.03101206,  0.94414777,
        1.93830499,  0.10346975,  0.34120272, -0.17469529, -1.33516815,
       -0.27064681, -0.22812777])], 'U_history': [array([ 60.       , -60.       ,  -5.6230993,  10.       , -10.       ,
       -10.       ]), array([60.        , 60.        ,  6.09513235, 10.        , -5.8904215 ,
       10.        ]), array([ 60.        ,  60.        ,   2.84753928, -10.        ,
         0.96750682,  10.        ]), array([ 60.        , -60.        ,  -0.91371695,  10.        ,
        -0.62949614, -10.        ]), array([ 36.        , -36.        ,   1.18525486,  -6.        ,
         0.61790453,  -6.        ]), array([0., 0., 0., 0., 0., 0.]), array([  6.29496673, -12.        ,  -0.82549494,  -2.        ,
        -0.26116089,   2.        ]), array([  3.70019789,  60.        ,   8.58142501,  10.        ,
         3.90429751, -10.        ]), array([  0.23075251, -60.        ,  -4.18442014, -10.        ,
        -0.82541014,  10.        ]), array([  1.9079504 ,  60.        ,   8.66484234,  10.        ,
         4.11032491, -10.        ]), array([ -0.37876504, -60.        ,  -4.04914583, -10.        ,
        -0.74316531,  10.        ]), array([  2.26960825,  60.        ,   8.73261152,  10.        ,
         4.14110926, -10.        ]), array([ -0.778195  , -60.        ,  -3.91987518, -10.        ,
        -0.68322454,  10.        ]), array([  2.80481902,  60.        ,   8.82353004,  10.        ,
         4.17237631, -10.        ]), array([ -1.6680388 , -60.        ,  -3.88371314,  10.        ,
        -0.63934159,  10.        ]), array([  2.12787881,  60.        ,   9.50240994, -10.        ,
         4.52520361, -10.        ]), array([ -0.91262443, -60.        ,  -4.36596876,  10.        ,
        -0.86626756,  10.        ]), array([  1.91984608,  60.        ,   9.36548099, -10.        ,
         4.55826677, -10.        ]), array([ -0.4844718 , -48.        ,  -3.25969959,   8.        ,
        -0.68412899,  -8.        ]), array([ -0.09527463,  60.        ,   9.02716046, -10.        ,
         4.84784711,  10.        ]), array([  1.10706448, -60.        ,  -3.75144751, -10.        ,
        -1.0617761 , -10.        ]), array([ 1.04265838, 60.        ,  8.85601219, 10.        ,  4.60108134,
       10.        ]), array([ 3.40359103e-02, -6.00000000e+01, -3.46966688e+00, -1.00000000e+01,
       -8.08727794e-01, -1.00000000e+01]), array([ 1.23899332, 60.        ,  8.84966692, 10.        ,  4.60060033,
       10.        ]), array([ -0.16444676, -60.        ,  -3.30973593, -10.        ,
        -0.73835291, -10.        ]), array([ 1.69232449, 60.        ,  8.87447271, 10.        ,  4.59957942,
       10.        ]), array([ -0.93385412, -60.        ,  -3.26452112,  10.        ,
        -0.68770839, -10.        ]), array([-4.51050384e-03,  6.00000000e+01,  9.14682295e+00, -1.00000000e+01,
        4.95653102e+00,  1.00000000e+01]), array([  0.9209216 , -60.        ,  -3.37204124,  10.        ,
        -0.95922027, -10.        ]), array([ -0.07170059,  60.        ,   8.95783984, -10.        ,
         4.95383433,  10.        ]), array([  1.19879292, -60.        ,  -3.06959446,  10.        ,
        -0.9337027 , -10.        ]), array([ -0.45183633,  60.        ,   8.75820579, -10.        ,
         4.96607832,  10.        ]), array([  2.06222189, -60.        ,  -2.67310407, -10.        ,
        -0.90170539, -10.        ]), array([ 1.27366726, 60.        ,  8.93510339, 10.        ,  4.81407303,
       10.        ]), array([  0.34627175, -60.        ,  -2.79338948, -10.        ,
        -0.74956629, -10.        ]), array([ 1.43061902, 60.        ,  8.91610111, 10.        ,  4.8120554 ,
       10.        ]), array([  0.15241394, -60.        ,  -2.67398459, -10.        ,
        -0.69964687, -10.        ]), array([ 1.6874583 , 60.        ,  8.9009396 , 10.        ,  4.80705732,
       10.        ]), array([ 1.24326703e-02, -6.00000000e+01, -2.55621555e+00, -1.00000000e+01,
       -6.57069208e-01, -1.00000000e+01]), array([ 2.15714142, 60.        ,  8.91807675, 10.        ,  4.80466172,
       10.        ]), array([ -0.7656035 , -60.        ,  -2.55277123,  10.        ,
        -0.63231582, -10.        ]), array([ -0.08082078,  60.        ,   9.16208005, -10.        ,
         5.14290682,  10.        ]), array([  1.62987951, -60.        ,  -2.87302621,  10.        ,
        -0.97940017, -10.        ]), array([ -0.06003579,  60.        ,   7.19093292, -10.        ,
         4.4646765 ,  10.        ]), array([  2.00229414,  60.        ,   3.50548522,  10.        ,
         1.39122427, -10.        ]), array([ -2.65561067, -60.        ,  -2.60749305, -10.        ,
        -0.47182537,  10.        ]), array([  4.10102399,  60.        ,  10.41733743,  10.        ,
         5.14049057, -10.        ]), array([ -2.00662092, -60.        ,  -2.45793548, -10.        ,
        -0.466194  ,  10.        ]), array([  3.62944953,  60.        ,  10.43256915,  10.        ,
         5.09237616, -10.        ]), array([ -1.49312916, -60.        ,  -2.43307418, -10.        ,
        -0.4095252 ,  10.        ]), array([  3.19072724,  60.        ,  10.43624712,  10.        ,
         5.0338954 , -10.        ]), array([ -1.24824635, -60.        ,  -2.44572094, -10.        ,
        -0.34994715,  10.        ]), array([  3.48651886,  60.        ,  10.55779081, -10.        ,
         4.97352399, -10.        ]), array([  0.66696752, -60.        ,  -1.71822856,  10.        ,
        -0.27968025,  10.        ]), array([  1.83933902,  60.        ,   9.86049913, -10.        ,
         4.86060468, -10.        ]), array([  0.34548402, -60.        ,  -1.79157006,  10.        ,
        -0.19264421,  10.        ]), array([  2.18252067,  60.        ,   9.94523967, -10.        ,
         4.76267136, -10.        ]), array([  0.18636957, -60.        ,  -1.81319465,  10.        ,
        -0.09727427,  10.        ]), array([  2.53169894,  60.        ,  10.17366767, -10.        ,
         4.72049829, -10.        ]), array([ 9.24730919e-02, -6.00000000e+01, -2.68714881e-02,  1.00000000e+01,
        6.62738440e-01,  1.00000000e+01]), array([  2.72444597, -60.        ,   4.10333146, -10.        ,
         2.27994223, -10.        ]), array([ 0.84552842, 60.        ,  8.2117902 , 10.        ,  4.0634735 ,
       10.        ]), array([  2.99695662, -60.        ,  -1.35433985, -10.        ,
         0.1004172 , -10.        ]), array([ 1.2146477 , 60.        ,  8.16357379, 10.        ,  4.03851621,
       10.        ]), array([  2.90464023, -60.        ,  -1.24912987, -10.        ,
         0.10884715, -10.        ]), array([ 1.51849757, 60.        ,  8.12712835, 10.        ,  4.02590943,
       10.        ]), array([  2.83917357, -60.        ,  -1.14549817, -10.        ,
         0.11286002, -10.        ]), array([ 1.80535448, 60.        ,  8.09358471, 10.        ,  4.01449731,
       10.        ]), array([  2.80308939, -60.        ,  -1.04319765, -10.        ,
         0.11273794, -10.        ]), array([ 2.07715216, 60.        ,  8.06317991, 10.        ,  4.00383881,
       10.        ]), array([  2.7945828 , -60.        ,  -0.94249659, -10.        ,
         0.1087505 , -10.        ]), array([ 2.33482532, 60.        ,  8.02381148, 10.        ,  3.98911013,
       10.        ]), array([ 2.80706096e+00, -6.00000000e+01, -9.91267063e-01, -1.00000000e+01,
        4.79091941e-02, -1.00000000e+01]), array([ 2.5425317 , 60.        ,  6.2923215 , 10.        ,  3.35586147,
       10.        ]), array([  3.04038189,  60.        ,   4.86355615, -10.        ,
         2.2206507 , -10.        ]), array([  0.52890216, -60.        ,  -1.97865845,  10.        ,
        -0.24190404,  10.        ]), array([  4.02442616,  60.        ,  10.8796039 ,  10.        ,
         4.70598005, -10.        ]), array([ -1.24330478, -60.        ,  -0.72311805, -10.        ,
         0.31532495,  10.        ]), array([  5.68755805,  60.        ,   9.52256722,  10.        ,
         4.09019988, -10.        ]), array([ -0.64091998, -60.        ,  -0.72367285, -10.        ,
         0.3537207 ,  10.        ]), array([ 5.53238803, 60.        ,  9.58321444, 10.        ,  3.98400862,
       10.        ]), array([  4.10670698, -60.        ,   0.66958512, -10.        ,
         0.4372514 , -10.        ]), array([ 2.57170427, 60.        ,  8.86460877, 10.        ,  3.87902369,
       10.        ]), array([  4.58373122, -60.        ,   2.44926558, -10.        ,
         1.08774938, -10.        ]), array([  2.55517778, -60.        ,   3.22726563,  10.        ,
         1.66814638,  10.        ]), array([  6.11623115,  60.        ,   9.30429609,  10.        ,
         3.62807225, -10.        ]), array([  1.43902317, -60.        ,  -0.88185581, -10.        ,
         0.56908272,  10.        ]), array([  6.06905941,  60.        ,   8.76260386,  10.        ,
         3.30711832, -10.        ]), array([  1.97399412, -60.        ,  -1.04115127, -10.        ,
         0.44352487, -10.        ]), array([ 1.52788608, 60.        ,  7.7603843 , 10.        ,  3.55241147,
       10.        ]), array([  4.93077984, -60.        ,  -0.27065663, -10.        ,
         0.19896902, -10.        ]), array([  1.798075  ,  60.        ,   8.10893522, -10.        ,
         3.67450349,  10.        ]), array([ 7.01467586e+00, -6.00000000e+01,  8.29176269e-01, -1.00000000e+01,
        2.71021345e-04, -1.00000000e+01]), array([ 1.78684251, 60.        ,  7.30110243, 10.        ,  3.33098918,
       10.        ]), array([  7.913206  ,  60.        ,   5.13946955, -10.        ,
         1.75084826, -10.        ]), array([  3.21389244, -60.        ,   0.57946643,  10.        ,
         0.22168982,  10.        ]), array([ 5.68026458, 60.        , 10.34103622, 10.        ,  3.86968538,
       10.        ]), array([  8.32079482, -60.        ,   1.73478136, -10.        ,
         0.18467843, -10.        ]), array([ 3.24176131, 60.        , 10.35843149, 10.        ,  4.00371743,
       10.        ]), array([  8.6771956 , -60.        ,   3.71921434,  10.        ,
         0.79239444, -10.        ]), array([  2.27307562, -60.        ,   4.3043107 , -10.        ,
         2.11896331,  10.        ]), array([  9.2355464 ,  60.        ,  10.45923822,  10.        ,
         3.06303763, -10.        ]), array([  3.76728079, -60.        ,   0.22028068, -10.        ,
         0.64483237, -10.        ]), array([ 1.84451231, 48.        ,  6.10365244, -8.        ,  2.41924958,
       -8.        ]), array([ 3.14079349, 60.        ,  6.68452128, 10.        ,  2.47310077,
       10.        ]), array([  8.63114177, -60.        ,   4.47491425,  10.        ,
         0.93228235, -10.        ]), array([ -2.28270746, -60.        ,   4.27171406,  10.        ,
         2.64077589,  10.        ]), array([  7.72924433,  60.        ,   9.91227888, -10.        ,
         3.36128839,  10.        ]), array([ 14.85159694, -60.        ,   5.9434517 , -10.        ,
         0.5803777 , -10.        ]), array([  2.17230257,  60.        ,  11.6617631 , -10.        ,
         4.41412071,  10.        ]), array([ 22.75769008, -60.        ,   9.21561831, -10.        ,
         0.85182406,  10.        ]), array([ 23.52184544,  60.        ,  16.00250572, -10.        ,
         3.78806155, -10.        ]), array([ 19.45677494, -60.        ,  18.01316996,  10.        ,
         5.4050226 , -10.        ]), array([  4.85728195, -24.        ,   2.53763827,   4.        ,
         0.89134556,   4.        ]), array([ 37.49318921,  60.        ,  18.63530645,  10.        ,
         4.46073956, -10.        ]), array([  3.46030458, -12.        ,   4.70100416,   2.        ,
         1.7404607 ,   2.        ]), array([ 12., -12.,   6.,  -2.,   2.,  -2.]), array([ 12., -12.,   6.,  -2.,   2.,  -2.]), array([ 0., -0.,  0., -0.,  0., -0.]), array([-60.,  60., -30., -10., -10.,  10.]), array([-7.83974679,  2.55507028, -5.3466902 ,  2.91416396, -3.51399029,
        0.81341694]), array([-7.55923077,  2.25387158, -4.85610918,  2.79278848, -2.8922893 ,
        0.41875868]), array([-7.28886956,  1.99705208, -4.38859919,  2.66016825, -2.37249347,
        0.20456069]), array([-7.02669284,  1.77937128, -3.94525394,  2.5217391 , -1.93363459,
        0.08943426]), array([-6.77138596,  1.59631577, -3.52646235,  2.38083753, -1.55957553,
        0.02864596]), array([-6.52204706e+00,  1.44397167e+00, -3.13205127e+00,  2.23957704e+00,
       -1.23781618e+00, -2.38870147e-03]), array([-6.27803903,  1.31892464, -2.76142724,  2.09933297, -0.95861602,
       -0.01717769]), array([-6.03889831,  1.21818068, -2.41370067,  1.96101802, -0.71434314,
       -0.02313983]), array([-5.8042778 ,  1.13910252, -2.08778761,  1.82524396, -0.49898675,
       -0.02434686]), array([-5.57391065,  1.07935794, -1.7824895 ,  1.69242004, -0.30778901,
       -0.02303118]), array([-5.34758689,  1.03687714, -1.49655375,  1.56281532, -0.1369649 ,
       -0.02041477]), array([-5.12513817,  1.00981719, -1.22871838,  1.43659971,  0.0165122 ,
       -0.01716496]), array([-4.90642762,  0.99653204, -0.97774405,  1.31387218,  0.15507554,
       -0.01364494]), array([-4.69134316,  0.99554708, -0.7424362 ,  1.19468066,  0.28069259,
       -0.01005137]), array([-4.47979285,  1.0055373 , -0.52165968,  1.07903656,  0.39496396,
       -0.00648998]), array([-4.27170184e+00,  1.02530856e+00, -3.14347703e-01,  9.66925427e-01,
        4.99200555e-01, -3.01691775e-03]), array([-4.06701014e+00,  1.05378142e+00, -1.19506545e-01,  8.58315000e-01,
        5.94483729e-01,  3.38478159e-04]), array([-3.86567106e+00,  1.08997708e+00,  6.37827944e-02,  7.53161199e-01,
        6.81712444e-01,  3.56136909e-03]), array([-3.66765001,  1.13300531,  0.23636516,  0.65141262,  0.76164032,
        0.00664467]), array([-3.47292362,  1.18205383,  0.39901335,  0.55301386,  0.83490478,
        0.00958543]), array([-3.28147881,  1.23637924,  0.55243132,  0.45790794,  0.90205014,
        0.01238289]), array([-3.09331213,  1.29529908,  0.69725802,  0.36603801,  0.96354578,
        0.01503749]), array([-2.90842898,  1.35818502,  0.83407164,  0.27734853,  1.01980066,
        0.01755031]), array([-2.72684285,  1.42445687,  0.96339412,  0.19178598,  1.07117484,
        0.01992285]), array([-2.54857457,  1.49357756,  1.08569564,  0.10929927,  1.11798865,
        0.02215692]), array([-2.37365148,  1.56504871,  1.20139907,  0.02983991,  1.16053003,
        0.02425454]), array([-2.20210663,  1.63840689,  1.31088435, -0.04663806,  1.19906039,
        0.02621801]), array([-2.03397788,  1.71322039,  1.41449257, -0.12017822,  1.23381935,
        0.02804981]), array([-1.86930703,  1.78908648,  1.51252997, -0.19082202,  1.26502849,
        0.02975272]), array([-1.70813894,  1.86562909,  1.60527159, -0.25860916,  1.29289433,
        0.0313297 ]), array([-1.55052064,  1.9424968 ,  1.69296474, -0.32357789,  1.3176108 ,
        0.03278399]), array([-1.39650043,  2.01936121,  1.77583219, -0.38576544,  1.33936114,
        0.03411905]), array([-1.24612701,  2.09591547,  1.8540751 , -0.44520834,  1.35831942,
        0.03533856]), array([-1.09944869,  2.17187311,  1.92787576, -0.50194285,  1.37465173,
        0.03644641]), array([-0.95651254,  2.24696704,  1.99739998, -0.55600526,  1.38851715,
        0.0374467 ]), array([-0.81736365,  2.32094863,  2.06279939, -0.6074322 ,  1.40006848,
        0.03834368]), array([-0.68204443,  2.39358702,  2.12421341, -0.65626094,  1.40945275,
        0.03914175]), array([-0.55059398,  2.46466844,  2.18177106, -0.70252961,  1.41681166,
        0.03984545]), array([-0.42304746,  2.53399568,  2.23559258, -0.74627745,  1.42228188,
        0.04045941]), array([-0.2994356 ,  2.60138757,  2.28579087, -0.78754492,  1.42599528,
        0.04098833]), array([-0.17978421,  2.66667849,  2.33247271, -0.82637387,  1.428079  ,
        0.04143696]), array([-0.06411383,  2.729718  ,  2.37573991, -0.86280766,  1.42865562,
        0.04181008]), array([ 0.04756063,  2.7903704 ,  2.41569025, -0.89689118,  1.42784313,
        0.04211245]), array([ 0.15523014,  2.84851431,  2.45241827, -0.9286709 ,  1.425755  ,
        0.04234881]), array([ 0.25889174,  2.90404233,  2.48601605, -0.95819491,  1.42250014,
        0.04252383]), array([ 0.35854866,  2.95686059,  2.51657373, -0.98551286,  1.41818291,
        0.04264214]), array([ 0.4542104 ,  3.0068884 ,  2.54418002, -1.01067594,  1.41290309,
        0.04270824]), array([ 0.54589275,  3.05405779,  2.56892263, -1.03373682,  1.40675586,
        0.04272652]), array([ 0.63361774,  3.0983131 ,  2.59088857, -1.05474958,  1.39983179,
        0.04270125]), array([ 0.71741353,  3.13961058,  2.6101644 , -1.07376959,  1.39221684,
        0.04263654]), array([ 0.79731431,  3.1779179 ,  2.62683643, -1.09085342,  1.38399238,
        0.04253635]), array([ 0.87336009,  3.21321369,  2.64099082, -1.10605873,  1.3752352 ,
        0.04240445]), array([ 0.94559651,  3.24548709,  2.65271372, -1.11944416,  1.36601755,
        0.04224447]), array([ 1.01407458,  3.27473723,  2.66209125, -1.13106917,  1.35640721,
        0.0420598 ]), array([ 9.92263325e+00,  5.24034230e+00,  3.73403303e+00, -5.96944036e+00,
        2.58151059e-01,  1.61025815e-15]), array([ 9.54812520e+00,  4.92488942e+00,  3.59172426e+00, -5.71610172e+00,
        3.19378842e-01,  1.63924571e-17]), array([ 9.18927424e+00,  4.61520466e+00,  3.45257759e+00, -5.47186299e+00,
        3.82006360e-01,  2.89824162e-15]), array([ 8.84616345e+00,  4.31480377e+00,  3.31777022e+00, -5.23761284e+00,
        4.44737911e-01,  2.58445148e-15]), array([ 8.51845517e+00,  4.02642760e+00,  3.18823997e+00, -5.01384410e+00,
        5.06615187e-01,  1.15687500e-15]), array([ 8.20551621e+00,  3.75214227e+00,  3.06469912e+00, -4.80073192e+00,
        5.66943692e-01,  2.13127076e-15]), array([ 7.90651886e+00,  3.49343607e+00,  2.94765547e+00, -4.59820271e+00,
        6.25232859e-01, -5.90338965e-16]), array([ 7.62052078e+00,  3.25130969e+00,  2.83743696e+00, -4.40599406e+00,
        6.81147850e-01,  3.91283782e-15]), array([ 7.34652721e+00,  3.02635806e+00,  2.73421743e+00, -4.22370562e+00,
        7.34471202e-01,  1.63739092e-15]), array([ 7.08353805e+00,  2.81884294e+00,  2.63804172e+00, -4.05084167e+00,
        7.85072680e-01,  1.26148154e-15]), array([ 6.83058274e+00,  2.62875619e+00,  2.54884938e+00, -3.88684615e+00,
        8.32885893e-01,  2.47696521e-15]), array([ 6.58674505e+00,  2.45587420e+00,  2.46649605e+00, -3.73113083e+00,
        8.77890406e-01,  1.36734641e-15]), array([ 6.35117973e+00,  2.29980404e+00,  2.39077245e+00, -3.58309764e+00,
        9.20098276e-01,  1.37724164e-15]), array([ 6.12312279e+00,  2.16002208e+00,  2.32142081e+00, -3.44215592e+00,
        9.59544097e-01,  1.91066611e-15]), array([ 5.90189678e+00,  2.03590615e+00,  2.25814877e+00, -3.30773529e+00,
        9.96277803e-01,  4.05668622e-16]), array([ 5.68691212e+00,  1.92676177e+00,  2.20064104e+00, -3.17929504e+00,
        1.03035960e+00,  1.77672884e-15]), array([ 5.47766559e+00,  1.83184359e+00,  2.14856888e+00, -3.05633045e+00,
        1.06185649e+00,  1.84797227e-15]), array([ 5.27373663e+00,  1.75037258e+00,  2.10159766e+00, -2.93837680e+00,
        1.09084006e+00,  8.53192550e-16]), array([ 5.07478208e+00,  1.68154971e+00,  2.05939287e+00, -2.82501138e+00,
        1.11738509e+00,  1.90183127e-15]), array([ 4.88052995e+00,  1.62456671e+00,  2.02162460e+00, -2.71585404e+00,
        1.14156880e+00,  8.38630371e-16]), array([ 4.69077241e+00,  1.57861455e+00,  1.98797093e+00, -2.61056649e+00,
        1.16347052e+00,  1.31864597e-15]), array([ 4.50535857e+00,  1.54288987e+00,  1.95812025e+00, -2.50885082e+00,
        1.18317162e+00,  2.08813418e-16]), array([ 4.32418700e+00,  1.51659995e+00,  1.93177287e+00, -2.41044724e+00,
        1.20075560e+00,  1.25581676e-15]), array([ 4.14719845e+00,  1.49896651e+00,  1.90864189e+00, -2.31513152e+00,
        1.21630820e+00,  6.95239588e-16]), array([ 3.97436865e+00,  1.48922850e+00,  1.88845363e+00, -2.22271195e+00,
        1.22991753e+00,  1.23552621e-15]), array([ 3.80570153e+00,  1.48664424e+00,  1.87094773e+00, -2.13302632e+00,
        1.24167419e+00,  5.34960458e-16]), array([ 3.64122275e+00,  1.49049300e+00,  1.85587688e+00, -2.04593869e+00,
        1.25167124e+00,  3.15886348e-16]), array([ 3.48097374e+00,  1.50007621e+00,  1.84300644e+00, -1.96133622e+00,
        1.26000416e+00,  6.80693558e-16]), array([ 3.32500617e+00,  1.51471843e+00,  1.83211393e+00, -1.87912609e+00,
        1.26677066e+00, -2.32040672e-16]), array([ 3.17337697e+00,  1.53376807e+00,  1.82298848e+00, -1.79923255e+00,
        1.27207045e+00,  4.50256505e-16]), array([ 3.02614384e+00,  1.55659807e+00,  1.81543020e+00, -1.72159406e+00,
        1.27600488e+00,  1.02205127e-15]), array([ 2.88336136e+00,  1.58260641e+00,  1.80924966e+00, -1.64616071e+00,
        1.27867653e+00,  1.25064424e-16]), array([ 2.74507755e+00,  1.61121665e+00,  1.80426734e+00, -1.57289180e+00,
        1.28018873e+00,  1.10874623e-15]), array([ 2.61133101e+00,  1.64187837e+00,  1.80031316e+00, -1.50175358e+00,
        1.28064507e+00,  8.79582311e-16]), array([ 2.48214851e+00,  1.67406764e+00,  1.79722610e+00, -1.43271733e+00,
        1.28014880e+00, -1.33894027e-16]), array([ 2.35754312,  1.7072874 ,  1.79485383, -1.36575758,  1.27880229,
        0.        ]), array([ 2.23751277e+00,  1.74106782e+00,  1.79305246e+00, -1.30085056e+00,
        1.27670646e+00,  3.69847048e-16]), array([ 2.12203921e+00,  1.77496664e+00,  1.79168628e+00, -1.23797288e+00,
        1.27396021e+00, -3.91121274e-16]), array([ 2.01108747e+00,  1.80856941e+00,  1.79062764e+00, -1.17710043e+00,
        1.27065987e+00,  3.15800859e-16]), array([ 1.90460556e+00,  1.84148965e+00,  1.78975680e+00, -1.11820746e+00,
        1.26689875e+00,  2.67324543e-16]), array([ 1.80252457e+00,  1.87336897e+00,  1.78896184e+00, -1.06126584e+00,
        1.26276661e+00,  3.53766172e-16]), array([ 1.70475910e+00,  1.90387703e+00,  1.78813858e+00, -1.00624449e+00,
        1.25834930e+00,  4.38096910e-17]), array([ 1.61120785e+00,  1.93271147e+00,  1.78719054e+00, -9.53109027e-01,
        1.25372838e+00,  8.36411766e-17]), array([ 1.52175448e+00,  1.95959763e+00,  1.78602887e+00, -9.01821454e-01,
        1.24898085e+00,  4.52401891e-16]), array([ 1.43626872e+00,  1.98428824e+00,  1.78457232e+00, -8.52340073e-01,
        1.24417886e+00, -4.66674261e-17]), array([ 1.35460748e+00,  2.00656299e+00,  1.78274712e+00, -8.04619454e-01,
        1.23938959e+00, -5.37247919e-17]), array([ 1.27661622e+00,  2.02622789e+00,  1.78048693e+00, -7.58610523e-01,
        1.23467510e+00,  1.92811543e-16]), array([ 1.20213029e+00,  2.04311462e+00,  1.77773273e+00, -7.14260731e-01,
        1.23009228e+00, -1.47575969e-16]), array([ 1.13097644e+00,  2.05707977e+00,  1.77443265e+00, -6.71514291e-01,
        1.22569283e+00, -7.01653096e-17]), array([ 1.06297420e+00,  2.06800388e+00,  1.77054186e+00, -6.30312469e-01,
        1.22152331e+00,  1.52208488e-16]), array([ 9.97937436e-01,  2.07579055e+00,  1.76602233e+00, -5.90593925e-01,
        1.21762526e+00,  1.98409656e-16]), array([ 9.35675763e-01,  2.08036531e+00,  1.76084263e+00, -5.52295076e-01,
        1.21403527e+00, -1.60274115e-16]), array([ 8.75995960e-01,  2.08167459e+00,  1.75497771e+00, -5.15350486e-01,
        1.21078519e+00,  2.46863657e-16]), array([ 8.18703341e-01,  2.07968447e+00,  1.74840857e+00, -4.79693265e-01,
        1.20790229e+00, -7.34537501e-17]), array([ 7.63603047e-01,  2.07437955e+00,  1.74112202e+00, -4.45255473e-01,
        1.20540950e+00, -1.60518595e-16]), array([ 7.10501266e-01,  2.06576166e+00,  1.73311033e+00, -4.11968514e-01,
        1.20332566e+00,  1.46477220e-16]), array([ 6.59206366e-01,  2.05384869e+00,  1.72437093e+00, -3.79763528e-01,
        1.20166573e+00, -1.30281552e-16]), array([ 6.09529941e-01,  2.03867324e+00,  1.71490604e+00, -3.48571752e-01,
        1.20044108e+00, -1.16844899e-16]), array([ 5.61287757e-01,  2.02028149e+00,  1.70472230e+00, -3.18324879e-01,
        1.19965974e+00, -2.47658849e-16]), array([ 5.14300608e-01,  1.99873192e+00,  1.69383044e+00, -2.88955378e-01,
        1.19932667e+00, -2.36738272e-16]), array([ 4.68395074e-01,  1.97409412e+00,  1.68224493e+00, -2.60396793e-01,
        1.19944405e+00,  2.40957014e-17]), array([0., 0., 0., 0., 0., 0.])], 'ball_pos_history': [array([-0.53895367, -7.96614054,  1.20390819]), array([-0.54049515, -7.92116695,  1.18942873]), array([-0.54203662, -7.87619336,  1.17470403]), array([-0.5435781 , -7.83121977,  1.15973407]), array([-0.54511957, -7.78624618,  1.14451887]), array([-0.54666104, -7.74127259,  1.12905841]), array([-0.54820252, -7.696299  ,  1.1133527 ]), array([-0.54974399, -7.65132541,  1.09740175]), array([-0.55128547, -7.60635181,  1.08120554]), array([-0.55282694, -7.56137822,  1.06476408]), array([-0.55436841, -7.51640463,  1.04807738]), array([-0.55590989, -7.47143104,  1.03114542]), array([-0.55745136, -7.42645745,  1.01396821]), array([-0.55899284, -7.38148386,  0.99654576]), array([-0.56053431, -7.33651027,  0.97887805]), array([-0.56207578, -7.29153668,  0.9609651 ]), array([-0.56361726, -7.24656309,  0.94280689]), array([-0.56515873, -7.2015895 ,  0.92440343]), array([-0.56670021, -7.15661591,  0.90575473]), array([-0.56824168, -7.11164232,  0.88686077]), array([-0.56978315, -7.06666873,  0.86772156]), array([-0.57132463, -7.02169514,  0.84833711]), array([-0.5728661 , -6.97672155,  0.8287074 ]), array([-0.57440758, -6.93174795,  0.80883244]), array([-0.57594905, -6.88677436,  0.78871224]), array([-0.57749053, -6.84180077,  0.76834678]), array([-0.579032  , -6.79682718,  0.74773608]), array([-0.58057347, -6.75185359,  0.72688012]), array([-0.58211495, -6.70688   ,  0.70577891]), array([-0.58365642, -6.66190641,  0.68443246]), array([-0.5851979 , -6.61693282,  0.66284075]), array([-0.58673937, -6.57195923,  0.64100379]), array([-0.58828084, -6.52698564,  0.61892159]), array([-0.58982232, -6.48201205,  0.59659413]), array([-0.59136379, -6.43703846,  0.57402142]), array([-0.59290527, -6.39206487,  0.55120347]), array([-0.59444674, -6.34709128,  0.52814026]), array([-0.59598821, -6.30211769,  0.50483181]), array([-0.59752969, -6.25714409,  0.4812781 ]), array([-0.59907116, -6.2121705 ,  0.45747914]), array([-0.60061264, -6.16719691,  0.43343494]), array([-0.60215411, -6.12222332,  0.40914548]), array([-0.60369558, -6.07724973,  0.38461077]), array([-0.60523706, -6.03227614,  0.35983082]), array([-0.60677853, -5.98730255,  0.33480561]), array([-0.60832001, -5.94232896,  0.30953515]), array([-0.60986148, -5.89735537,  0.28401945]), array([-0.61140295, -5.85238178,  0.25825849]), array([-0.61294443, -5.80740819,  0.23225229]), array([-0.6144859 , -5.7624346 ,  0.20600083]), array([-0.61602738, -5.71746101,  0.17950412]), array([-0.61756885, -5.67248742,  0.15276217]), array([-0.61911033, -5.62751383,  0.12577496]), array([-0.6206518 , -5.58254023,  0.0985425 ]), array([-0.62219327, -5.53756664,  0.0710648 ]), array([-0.62373475, -5.49259305,  0.04334184]), array([-0.62527622, -5.44761946,  0.033     ]), array([-0.62674062, -5.40489455,  0.0537309 ]), array([-0.62820502, -5.36216964,  0.07421656]), array([-0.62966942, -5.31944473,  0.09445696]), array([-0.63113382, -5.27671982,  0.11445212]), array([-0.63259822, -5.23399491,  0.13420202]), array([-0.63406262, -5.19127   ,  0.15370668]), array([-0.63552702, -5.14854508,  0.17296608]), array([-0.63699142, -5.10582017,  0.19198024]), array([-0.63845582, -5.06309526,  0.21074914]), array([-0.63992023, -5.02037035,  0.2292728 ]), array([-0.64138463, -4.97764544,  0.2475512 ]), array([-0.64284903, -4.93492053,  0.26558436]), array([-0.64431343, -4.89219562,  0.28337226]), array([-0.64577783, -4.84947071,  0.30091492]), array([-0.64724223, -4.8067458 ,  0.31821232]), array([-0.64870663, -4.76402088,  0.33526448]), array([-0.65017103, -4.72129597,  0.35207138]), array([-0.65163543, -4.67857106,  0.36863304]), array([-0.65309983, -4.63584615,  0.38494944]), array([-0.65456423, -4.59312124,  0.4010206 ]), array([-0.65602863, -4.55039633,  0.4168465 ]), array([-0.65749303, -4.50767142,  0.43242716]), array([-0.65895743, -4.46494651,  0.44776256]), array([-0.66042183, -4.4222216 ,  0.46285271]), array([-0.66188623, -4.37949668,  0.47769762]), array([-0.66335063, -4.33677177,  0.49229727]), array([-0.66481503, -4.29404686,  0.50665168]), array([-0.66627943, -4.25132195,  0.52076083]), array([-0.66774383, -4.20859704,  0.53462474]), array([-0.66920823, -4.16587213,  0.54824339]), array([-0.67067263, -4.12314722,  0.5616168 ]), array([-0.67213703, -4.08042231,  0.57474495]), array([-0.67360143, -4.0376974 ,  0.58762786]), array([-0.67506583, -3.99497248,  0.60026551]), array([-0.67653023, -3.95224757,  0.61265792]), array([-0.67799463, -3.90952266,  0.62480507]), array([-0.67945904, -3.86679775,  0.63670698]), array([-0.68092344, -3.82407284,  0.64836363]), array([-0.68238784, -3.78134793,  0.65977504]), array([-0.68385224, -3.73862302,  0.67094119]), array([-0.68531664, -3.69589811,  0.6818621 ]), array([-0.68678104, -3.6531732 ,  0.69253775]), array([-0.68824544, -3.61044828,  0.70296816]), array([-0.68970984, -3.56772337,  0.71315331]), array([-0.69117424, -3.52499846,  0.72309322]), array([-0.69263864, -3.48227355,  0.73278787]), array([-0.69410304, -3.43954864,  0.74223727]), array([-0.69556744, -3.39682373,  0.75144143]), array([-0.69703184, -3.35409882,  0.76040033]), array([-0.69849624, -3.31137391,  0.76911399]), array([-0.69996064, -3.26864899,  0.77758239]), array([-0.70142504, -3.22592408,  0.78580555]), array([-0.70288944, -3.18319917,  0.79378345]), array([-0.70435384, -3.14047426,  0.80151611]), array([-0.70581824, -3.09774935,  0.80900351]), array([-0.70728264, -3.05502444,  0.81624567]), array([-0.70874704, -3.01229953,  0.82324257]), array([-0.71021144, -2.96957462,  0.82999423]), array([-0.71167584, -2.92684971,  0.83650063]), array([-0.71314024, -2.88412479,  0.84276179]), array([-0.71460464, -2.84139988,  0.84877769]), array([-0.71606904, -2.79867497,  0.85454835]), array([-0.71753344, -2.75595006,  0.86007375]), array([-0.71899785, -2.71322515,  0.86535391]), array([-0.72046225, -2.67050024,  0.87038881]), array([-0.72192665, -2.62777533,  0.87517847]), array([-0.72339105, -2.58505042,  0.87972287]), array([-0.72485545, -2.54232551,  0.88402202]), array([-0.72631985, -2.49960059,  0.88807593]), array([-0.72778425, -2.45687568,  0.89188458]), array([-0.72924865, -2.41415077,  0.89544799]), array([-0.73071305, -2.37142586,  0.89876614]), array([-0.73217745, -2.32870095,  0.90183905]), array([-0.73364185, -2.28597604,  0.9046667 ]), array([-0.73510625, -2.24325113,  0.90724911]), array([-0.73657065, -2.20052622,  0.90958626]), array([-0.73803505, -2.15780131,  0.91167817]), array([-0.73949945, -2.11507639,  0.91352482]), array([-0.74096385, -2.07235148,  0.91512623]), array([-0.74242825, -2.02962657,  0.91648238]), array([-0.74389265, -1.98690166,  0.91759329]), array([-0.74535705, -1.94417675,  0.91845894]), array([-0.74682145, -1.90145184,  0.91907935]), array([-0.74828585, -1.85872693,  0.9194545 ]), array([-0.74975025, -1.81600202,  0.91958441]), array([-0.75121465, -1.77327711,  0.91946906]), array([-0.75267905, -1.73055219,  0.91910847]), array([-0.75414345, -1.68782728,  0.91850262]), array([-0.75560785, -1.64510237,  0.91765153]), array([-0.75707225, -1.60237746,  0.91655518]), array([-0.75853665, -1.55965255,  0.91521358]), array([-0.76000106, -1.51692764,  0.91362674]), array([-0.76146546, -1.47420273,  0.91179464]), array([-0.76292986, -1.43147782,  0.9097173 ]), array([-0.76439426, -1.3887529 ,  0.9073947 ]), array([-0.76585866, -1.34602799,  0.90482686]), array([-0.76732306, -1.30330308,  0.90201376]), array([-0.76878746, -1.26057817,  0.89895542]), array([-0.77025186, -1.21785326,  0.89565182]), array([-0.77171626, -1.17512835,  0.89210298]), array([-0.77318066, -1.13240344,  0.88830888]), array([-0.77464506, -1.08967853,  0.88426954]), array([-0.77610946, -1.04695362,  0.87998494]), array([-0.77757386, -1.0042287 ,  0.8754551 ]), array([-0.77903826, -0.96150379,  0.87068   ]), array([-0.78050266, -0.91877888,  0.86565966]), array([-0.78196706, -0.87605397,  0.86039406]), array([-0.78343146, -0.83332906,  0.85488322]), array([-0.78489586, -0.79060415,  0.84912712]), array([-0.78636026, -0.74787924,  0.84312578]), array([-0.78782466, -0.70515433,  0.83687918]), array([-0.78928906, -0.66242942,  0.83038734]), array([-0.79075346, -0.6197045 ,  0.82365024]), array([-0.79221786, -0.57697959,  0.81666789]), array([-0.79368226, -0.53425468,  0.8094403 ]), array([-0.79514666, -0.49152977,  0.80196745]), array([-0.79661106, -0.44880486,  0.79424936]), array([-0.79807546, -0.40607995,  0.78628601]), array([-0.79953987, -0.36335504,  0.77807742]), array([-0.80100427, -0.32063013,  0.76962357]), array([-0.80246867, -0.27790522,  0.76092448]), array([-0.80393307, -0.2351803 ,  0.75198013]), array([-0.80539747, -0.19245539,  0.74279054]), array([-0.80686187, -0.14973048,  0.73335569]), array([-0.80832627, -0.10700557,  0.7236756 ]), array([-0.80979067, -0.06428066,  0.71375025]), array([-0.81125507, -0.02155575,  0.70357966]), array([-0.81271947,  0.02116916,  0.69316381]), array([-0.81418387,  0.06389407,  0.68250272]), array([-0.81564827,  0.10661898,  0.67159637]), array([-0.81711267,  0.1493439 ,  0.66044478]), array([-0.81857707,  0.19206881,  0.64904793]), array([-0.82004147,  0.23479372,  0.63740584]), array([-0.82150587,  0.27751863,  0.62551849]), array([-0.82297027,  0.32024354,  0.6133859 ]), array([-0.82443467,  0.36296845,  0.60100805]), array([-0.82589907,  0.40569336,  0.58838495]), array([-0.82736347,  0.44841827,  0.57551661]), array([-0.82882787,  0.49114319,  0.56240301]), array([-0.83029227,  0.5338681 ,  0.54904417]), array([-0.83175667,  0.57659301,  0.53544007]), array([-0.83322107,  0.61931792,  0.52159073]), array([-0.83468547,  0.66204283,  0.50749613]), array([-0.83614987,  0.70476774,  0.49315629]), array([-0.83761427,  0.74749265,  0.47857119]), array([-0.83907868,  0.79021756,  0.46374085]), array([-0.84054308,  0.83294247,  0.44866525]), array([-0.84200748,  0.87566739,  0.43334441]), array([-0.84347188,  0.9183923 ,  0.41777831]), array([-0.84493628,  0.96111721,  0.40196697]), array([-0.84640068,  1.00384212,  0.38591037]), array([-0.84786508,  1.04656703,  0.36960853]), array([-0.84932948,  1.08929194,  0.35306143]), array([-0.85079388,  1.13201685,  0.33626909]), array([-0.85225828,  1.17474176,  0.31923149]), array([-0.85372268,  1.21746667,  0.30194865]), array([-0.85518708,  1.26019159,  0.28442055]), array([-0.85665148,  1.3029165 ,  0.2666472 ]), array([-0.85811588,  1.34564141,  0.24862861]), array([-0.85958028,  1.38836632,  0.23036476]), array([-0.86104468,  1.43109123,  0.21185567]), array([-0.86250908,  1.47381614,  0.19310132]), array([-0.86397348,  1.51654105,  0.17410173]), array([-0.86543788,  1.55926596,  0.15485688]), array([-0.86690228,  1.60199087,  0.13536679]), array([-0.86836668,  1.64471579,  0.11563144]), array([-0.86983108,  1.6874407 ,  0.09565085]), array([-0.87129548,  1.73016561,  0.075425  ]), array([-0.87275988,  1.77289052,  0.05495391]), array([-0.87422428,  1.81561543,  0.03423756]), array([-0.87568868,  1.85834034,  0.033     ]), array([-0.87707986,  1.89892901,  0.04847595]), array([-0.87847105,  1.93951767,  0.06370664]), array([-0.87986223,  1.98010634,  0.07869209]), array([-0.88125341,  2.020695  ,  0.09343229]), array([-0.88264459,  2.06128367,  0.10792723]), array([-0.88403577,  2.10187233,  0.12217693]), array([-0.88542695,  2.142461  ,  0.13618137]), array([-0.88681813,  2.18304967,  0.14994057]), array([-0.88820931,  2.22363833,  0.16345452])], 'distances_history': [7.6235268916414896, 7.576228087574728, 7.5272956229832255, 7.47630738761723, 7.423614581448237, 7.3697912558648255, 7.316114781284126, 7.262351836936465, 7.208785413601771, 7.15520216167471, 7.101867595443484, 7.048577441391749, 6.995520730868661, 6.942554971756441, 6.889803931407418, 6.83733619128603, 6.784958705143953, 6.7328679382455, 6.680878360572814, 6.62925551015115, 6.577690774053058, 6.5263467437001905, 6.475172954120276, 6.424260483497314, 6.373522198962092, 6.323055313579659, 6.272760562814325, 6.2229734406887305, 6.1732198810705565, 6.123947864331902, 6.07469613285378, 6.025952393525464, 5.977223640440656, 5.928710058356358, 5.8804377629203355, 5.832435212705815, 5.784691391957093, 5.73722339488373, 5.690029955488222, 5.643117549805703, 5.596490794976429, 5.550628348481438, 5.5046903617566825, 5.459486974952529, 5.4141762142933025, 5.369278710286052, 5.324622099621276, 5.280424537062863, 5.23645633094436, 5.1929910147080545, 5.149750421940349, 5.107056785593785, 5.064591909651854, 5.02205237664544, 4.98035789803565, 4.938637766259295, 4.894986639328429, 4.848314356364542, 4.802330024918773, 4.756013323092205, 4.710443780065575, 4.665007276787116, 4.619858196266154, 4.574737035090925, 4.5298974363382225, 4.485075437052785, 4.4405316182926535, 4.395994168708902, 4.35173233324165, 4.307464722495975, 4.263470910280579, 4.219458366034763, 4.175718291513054, 4.131943239680756, 4.088409088994895, 4.0441357679947805, 4.000780067778855, 3.957891168039126, 3.914862325442209, 3.8722389199447678, 3.829450173814851, 3.786897357045988, 3.744254296580812, 3.701912778437424, 3.659497347355551, 3.618127074619475, 3.577156914130241, 3.5359328414064373, 3.495100555996583, 3.4541580746805236, 3.4135335781575145, 3.3727063308711314, 3.3308972481141694, 3.2888308611313746, 3.2471024461009215, 3.204330635002653, 3.1625628868439817, 3.121117903969647, 3.0793792858345688, 3.0380327433807, 2.9977952030059574, 2.9573004406917645, 2.917201051898888, 2.876864151745293, 2.8358142797588966, 2.79507471176173, 2.7554393846991676, 2.7170337080273157, 2.6775009939193675, 2.6374996529512966, 2.5966001440504156, 2.5549933234099296, 2.512320310003648, 2.4710265669482, 2.430136670043707, 2.3894653636963805, 2.34908186710489, 2.308626809182683, 2.268109083086988, 2.227564012392088, 2.1857341686459684, 2.1438464531794295, 2.101944827115843, 2.06006475898113, 2.0182353741511005, 1.9764809070461227, 1.9348217153007197, 1.893275008340674, 1.8518553832773943, 1.8105752269902, 1.769445023212564, 1.7284735912096931, 1.687668274889557, 1.647035096087754, 1.6065788822788125, 1.566303376504469, 1.5262113355284603, 1.4863046209193267, 1.4465842867980012, 1.4070506672823375, 1.367703466162009, 1.328541851009118, 1.2895645537508202, 1.250769979689465, 1.2121563270517262, 1.173721719388877, 1.135464353553663, 1.097382666575151, 1.0594755255863446, 1.0217424460949283, 0.98418384541624, 0.9468013401370703, 0.9095980992270397, 0.8725792681102402, 0.8357524840021936, 0.799128509595737, 0.7627220214318463, 0.7265526019818066, 0.6906460019383496, 0.6550357633099948, 0.6197653271003878, 0.5848907947572161, 0.5504845737241432, 0.5166402172076265, 0.48347886587222344, 0.45115780246455334, 0.4198816982561422, 0.389917055285059, 0.3616098862283501, 0.33540533627447794, 0.3118649370131786, 0.29167166746559153, 0.27560559901262577, 0.26446906138855625, 0.25895267497198904, 0.25947423668885, 0.26634702970716545, 0.27941717568540825, 0.29814844532074514, 0.3217956350347603, 0.34957134413950813, 0.3807525086357993, 0.41472546852992664, 0.4509914329397778, 0.48915346653461916, 0.5288980126269962, 0.5699770918753112, 0.612193340240718, 0.6553881997962863, 0.6994328788694626, 0.7442215273932855, 0.7896661075777922, 0.8356925347727048, 0.8822377615074535, 0.9292475605342532, 0.9766748270806979, 1.0244782686041554, 1.0726213855587308, 1.1210716722547032, 1.169799985407832, 1.2187800414050494, 1.2679880130890908, 1.317402204019741, 1.3670027834399252, 1.4167715690849154, 1.4666918478956976, 1.516748226899663, 1.5669265081944481, 1.6172135832518075, 1.667597342747706, 1.7180665988951704, 1.7686110178612477, 1.8192210603279284, 1.8698879286384147, 1.9206035192762811, 1.9713603796723564, 2.022151668534819, 2.0729711190614935, 2.123813004526843, 2.1746721058453446, 2.2255436808020055, 2.2764234347134615, 2.3273074923418564, 2.3781923709310666, 2.429074954272456, 2.4799524677368945, 2.5308224542324904, 2.5750924628453413, 2.6119026124725346, 2.6489685732307042, 2.686269531289787, 2.723785941870886, 2.7614994509885937, 2.7993928201754827, 2.837449854419912, 2.8756553334686217], 'normal_align_history': [0.6247236299644046, 0.6209648698903939, 0.628066803929007, 0.6396145993973762, 0.646757984642055, 0.6477339794494927, 0.6484885375089927, 0.650004972049668, 0.6466034409120067, 0.6478649221726297, 0.6442224258625738, 0.6452640172565107, 0.6414228308125672, 0.6422944170301412, 0.6383008253046768, 0.6448673550996848, 0.6405751518039725, 0.646820462669898, 0.6422866630213079, 0.6345557941003727, 0.63113415381991, 0.617759900607889, 0.6148376894974086, 0.6018557652816772, 0.5994523281928357, 0.5868898039885978, 0.5850136778505639, 0.5789979816620756, 0.5774392496787808, 0.5717237598150651, 0.5704765765036928, 0.5650668606413072, 0.5641345936113078, 0.5528856460548903, 0.5525041796255918, 0.5417415771933076, 0.5418969849917091, 0.5316165876906711, 0.5322932365931062, 0.5224881399211924, 0.5236704909700951, 0.5205354063673544, 0.5219607093676479, 0.5190381816864191, 0.5206222777760506, 0.5168232665979932, 0.5183490506291768, 0.5148749978125363, 0.5167310327633161, 0.5135734873828625, 0.5157529672170955, 0.5129026834410615, 0.5153923278805053, 0.5068648906330747, 0.5099533124843559, 0.501973031790216, 0.5055863478346403, 0.4981313899354512, 0.5022388895846868, 0.4952970802123803, 0.4999586591582525, 0.49450865866974125, 0.4997453738678798, 0.49462166073704156, 0.5001409072741357, 0.49532022411588306, 0.501097464979707, 0.49655838558279675, 0.5025711931596671, 0.49829409198675595, 0.5045221843363009, 0.5004892067067336, 0.5069137403560584, 0.5031007576666334, 0.5096128218498135, 0.5053176806332978, 0.5117405509453599, 0.5127206414047482, 0.519177217888663, 0.52017131350906, 0.5266564694604448, 0.5429976200105635, 0.5489993012418547, 0.5646027354154716, 0.5701636314842423, 0.5854103439051004, 0.5949252028358356, 0.6091769416516807, 0.6178237429966634, 0.6168817575621228, 0.6252508654146886, 0.624163400393174, 0.6285519605054415, 0.62381976048659, 0.6285824745607955, 0.6244342959696361, 0.6294960989555218, 0.6437539074384846, 0.648637821539747, 0.6624787917033708, 0.6706196829582064, 0.683509143049043, 0.6912601121638319, 0.6901576181233509, 0.6826307965422078, 0.6841675832706299, 0.6803518651313769, 0.6847449395825634, 0.6950048426413384, 0.6967318760454068, 0.7044650151751848, 0.71774596208161, 0.7239592076974745, 0.7256160547376825, 0.7303435923566017, 0.7318588887152374, 0.7349542418499971, 0.7368115171033621, 0.7374908992534961, 0.7379957687748582, 0.7408198744739031, 0.743717570945458, 0.7464427750215397, 0.748877958633591, 0.7509747076800903, 0.7527211877468454, 0.754124451180781, 0.7552008727241355, 0.7559710182502909, 0.7564569235065083, 0.7566806786277314, 0.7566637168052025, 0.7564264798393534, 0.7559882829089422, 0.7553672824300948, 0.7545804953029747, 0.7536438420232061, 0.7525721992688263, 0.7513794546784998, 0.7500785603512001, 0.7486815836170368, 0.7471997546708666, 0.7456435111719628, 0.7440225401389102, 0.7423458175430359, 0.7406216459992672, 0.7388576909103958, 0.7370610153611395, 0.7352381139939829, 0.7333949460359341, 0.7315369675874205, 0.7296691632332656, 0.7277960769918125, 0.7259218425819896, 0.7240502129594124, 0.722184589051067, 0.7203280476034072, 0.7184833680501614, 0.7166530583032027, 0.7148393793718694, 0.7130443687222733, 0.7112698622978736, 0.7095175151350325, 0.7077888205217945, 0.7060851276640365, 0.7044076578398106, 0.7027575190395495, 0.701135719106326, 0.6995431774061348, 0.6979807350727745, 0.6964491638851323, 0.6949491738462212, 0.6934814195430963, 0.692046505374657, 0.6906449897403494, 0.6891203406396107, 0.6874821612232348, 0.6857349343579371, 0.6838791939336927, 0.6819125367798946, 0.6798304828013658, 0.677627195512501, 0.6752960773130043, 0.6728302544141868, 0.6702229658828132, 0.6674678702433443, 0.6645592817619563, 0.6614923471215004, 0.658263171808498, 0.6548689042432225, 0.6513077845287405, 0.647579163687764, 0.6436834983958534, 0.6396223254954635, 0.6353982199724417, 0.6310147395777972, 0.6264763588656451, 0.621788395076938, 0.6169569280133281, 0.611988715803522, 0.6068911082550714, 0.6016719592991, 0.5963395398670088, 0.5909024523817503, 0.5853695478980298, 0.5797498467835096, 0.5740524636953581, 0.5682865374728858, 0.562461166437679, 0.5565853494682486, 0.5506679330976101, 0.544717564770564, 0.5387426522937591, 0.5327513294169853, 0.5267514273993548, 0.520750452339803, 0.5147555679880738, 0.5087735837001793, 0.5028109471612068, 0.4968737414679273, 0.49096768614337427, 0.48509814164477544, 0.47927011692396315, 0.47348827960480966, 0.4677569683542056, 0.4620802070406479, 0.4564617202965522, 0.45090495012592124, 0.44541307322704793, 0.4399890187296664, 0.4346354860765087, 0.42935496280997204, 0.4241497420548903, 0.4190219395178052, 0.41397350985115783, 0.40900626225726194], 'ball_near_history': [False, False, False, False, False, False, False, False, False, False, False, False, False, False, False, False, False, False, False, False, False, False, False, False, False, False, False, False, False, False, False, False, False, False, False, False, False, False, False, False, False, False, False, False, False, False, False, False, False, False, False, False, False, False, False, False, False, False, False, False, False, False, False, False, False, False, False, False, False, False, False, False, False, False, False, False, False, False, False, False, False, False, False, False, False, False, False, False, False, False, False, False, False, False, False, False, False, False, False, False, False, False, False, False, False, False, False, False, False, False, False, False, False, False, False, False, False, False, False, False, False, False, False, False, False, False, False, False, False, False, False, False, False, False, False, False, False, False, False, False, False, False, False, False, False, False, False, False, False, False, False, False, False, False, False, False, False, False, False, False, False, False, False, False, False, False, False, False, False, False, False, False, False, False, False, False, False, False, False, False, False, False, False, False, False, False, False, False, False, False, False, False, False, False, False, False, False, False, False, False, False, False, False, False, False, False, False, False, False, False, False, False, False, False, False, False, False, False, False, False, False, False, False, False, False, False, False, False, False, False, False, False, False, False, False, False], 'tube_ready_history': [False, False, False, False, False, False, False, False, False, False, False, False, False, False, False, False, False, False, False, False, False, False, False, False, False, False, False, False, False, False, False, False, False, False, False, False, False, False, False, False, False, False, False, False, False, False, False, False, False, False, False, False, False, False, False, False, False, False, False, False, False, False, False, False, False, False, False, False, False, False, False, False, False, False, False, False, False, False, False, False, False, False, False, False, False, False, False, False, False, False, False, False, False, False, False, False, False, False, False, False, False, False, False, False, False, False, False, False, False, False, False, False, False, False, False, False, False, False, False, False, False, False, False, False, False, False, False, False, False, False, False, False, False, False, False, False, False, False, False, False, False, False, False, False, False, False, False, False, False, False, False, False, False, False, False, False, False, False, False, False, False, False, False, False, False, False, False, False, False, False, False, False, False, False, False, False, False, False, False, False, False, False, False, False, False, False, False, False, False, False, False, False, False, False, False, False, False, False, False, False, False, False, False, False, False, False, False, False, False, False, False, False, False, False, False, False, False, False, False, False, False, False, False, False, False, False, False, False, False, False, False, False, False, False, False, False], 'pos_error_history': [0.00900244443408, 0.009576170421661784, 0.012559062396019725, 0.01864440802727057, 0.026672932497772847, 0.03506424123999857, 0.043842129483902446, 0.05216866521943062, 0.06088665976523934, 0.06906502486349779, 0.0775386514246358, 0.08548916642630665, 0.09367521256414676, 0.10136526044706547, 0.10911709468687457, 0.11646419340640805, 0.1238858048225302, 0.13090709605996195, 0.1378516114030845, 0.1444822720987158, 0.15120293219540712, 0.15754767160645042, 0.163932540698445, 0.16995299462047012, 0.17600462057706476, 0.18170887010463252, 0.18723143337064588, 0.19252370543093894, 0.19768054151131348, 0.20263766287210733, 0.20743905745262117, 0.21206290464609867, 0.2168166860407215, 0.22120428510753207, 0.2256771549226011, 0.22978147453789022, 0.23397912900981277, 0.23780742386655973, 0.241740714777981, 0.24530841552428123, 0.24851022604114759, 0.251710032936314, 0.2546069485478527, 0.25758340975449584, 0.2601670086834889, 0.26298611353276274, 0.2652487731233266, 0.26778555729257886, 0.2697448971492095, 0.27201242259398406, 0.27368178025246775, 0.2756870339658845, 0.27780756413351115, 0.27962421427303574, 0.28154780576011984, 0.2831321774197853, 0.28487158064361195, 0.2862404405867333, 0.2878095604682477, 0.2889457444627227, 0.290352023105101, 0.2912683246868879, 0.292607625120055, 0.2934403122524049, 0.2947261922628941, 0.2954856194435113, 0.2967297182497332, 0.29742636975701736, 0.29864030329135915, 0.29928483515792836, 0.30048011392384344, 0.3010834103970497, 0.30227329560408966, 0.30286864899829863, 0.3039647522877499, 0.3045335737980893, 0.3042455415905382, 0.30469511106971425, 0.3043369046501412, 0.304758529032855, 0.3045549488864335, 0.30506472363523734, 0.304856394522779, 0.305385660078398, 0.3053762583751334, 0.3045271200063751, 0.304622081355728, 0.30385560816310675, 0.30388664729374415, 0.30311945721168726, 0.3032601327060848, 0.30407792447889365, 0.30586059620836414, 0.3067662875073021, 0.3082973449436069, 0.3093418232736364, 0.30957057066590293, 0.31083122945899755, 0.3112064420596131, 0.3110803869937265, 0.3120640559663548, 0.3121367453489305, 0.3132126373867633, 0.31466995165151335, 0.31519725592098885, 0.31529026101163465, 0.31490754472780436, 0.31530252386604896, 0.3170043690594374, 0.3193052868210166, 0.3231747750322076, 0.3279242976340427, 0.3325595043824775, 0.3370252276003908, 0.3411407253713348, 0.3451894166622617, 0.349642338443321, 0.3544831533794598, 0.35916853782638003, 0.36263060665034114, 0.3653769664523964, 0.36744548493146423, 0.36887768435878093, 0.36971637613273917, 0.3700043245377059, 0.3697835024242936, 0.3690946914436543, 0.367977283990716, 0.36646920289764995, 0.3646068887864816, 0.3624253248261589, 0.3599580804469208, 0.3572373626957446, 0.35429406828127674, 0.35115783206302853, 0.3478570694412102, 0.34441901119139307, 0.3408697299995363, 0.337234158433508, 0.33353609842752674, 0.3297982226124975, 0.32604206803328273, 0.3222880229750536, 0.31855530778751306, 0.3148619507538491, 0.31122476020210904, 0.30765929419779064, 0.30417982928266457, 0.30079932982871477, 0.2975294196489375, 0.2943803575393039, 0.29136101840957557, 0.2884788815876027, 0.28574002774733087, 0.2831491457135654, 0.2807095501394378, 0.2784232107425941, 0.2762907934351403, 0.2743117133057717, 0.2724841990285382, 0.2708053679010901, 0.26927131037536933, 0.2678771826531175, 0.2666173056914566, 0.2654852688097879, 0.2644740360129818, 0.26357605314654986, 0.26278335407178727, 0.26208766418326385, 0.2614804997751987, 0.260953261983242, 0.26049732426974775, 0.2601041126700729, 0.25976517826277423, 0.25947423668885, 0.25919826415756997, 0.2589153995930154, 0.25861293921338835, 0.25828557148938497, 0.2579338536890184, 0.2575629146395324, 0.25718136002769154, 0.2568003536156367, 0.25643284807367595, 0.25609294128851934, 0.2557953370552717, 0.255554892412302, 0.2553862371720211, 0.2553034542312435, 0.25531981190076547, 0.25544754172261164, 0.2556976570291503, 0.25607980884922027, 0.25660217670809654, 0.2572713924399487, 0.25809249538445894, 0.2590689173337738, 0.2602024953988, 0.26149351064433274, 0.26294074996825745, 0.26454158833226293, 0.26629208814107075, 0.26818711235167125, 0.2702204477963067, 0.2723849352311938, 0.27467260277229294, 0.2770747996346804, 0.2795823274308141, 0.28218556667920247, 0.28487459660207276, 0.287639306723865, 0.2904694992007738, 0.2933549811987576, 0.2962856469820932, 0.29925154967001244, 0.3022429628626841, 0.3052504325306072, 0.3082648197065219, 0.311277334621124, 0.31427956298880244, 0.3172634851834491, 0.32022148905291054, 0.3231463771094293, 0.32603136880731814, 0.328870098582337, 0.33165661028335, 0.33438534857865887, 0.3370511478692233, 0.33964921919050145, 0.3421751355351949, 0.3446248159816504, 0.3469945089676845, 0.34928077500760474, 0.3514804691113191, 0.353590723128847, 0.3556210280542429], 'max_qdot_ratio': 0.993542195442393, 'max_tcp_speed': 1.7900461141682547, 'max_racket_face_speed': 1.7485331202941676, 'total_mpc_steps': 236, 'ball_was_hit': False, 'hit_step': -1, 'p_ee_at_hit': None, 'ball_pos_at_hit': None, 'v_ee_at_hit': None, 'active_contact': False, 'passive_contact': False}
2026-09-13 00:12:16,213 [INFO] __main__: 击打后继续仿真 20 步...
