__STEP_TIMING__: n=235 p50=0.30 p95=0.54 p99=0.62 max=0.70 n_over_period=0 period_ms=5.00 deciles=0.26,0.27,0.27,0.28,0.30,0.33,0.36,0.41,0.48,0.70
__STEP_LATENCIES__: 0.32,0.33,0.30,0.28,0.49,0.54,0.63,0.56,0.40,0.38,0.45,0.44,0.44,0.58,0.35,0.35,0.35,0.34,0.25,0.36,0.28,0.28,0.27,0.27,0.28,0.28,0.27,0.27,0.27,0.27,0.27,0.27,0.34,0.38,0.47,0.45,0.34,0.35,0.33,0.35,0.25,0.24,0.24,0.24,0.24,0.24,0.24,0.24,0.24,0.24,0.24,0.24,0.24,0.24,0.25,0.24,0.24,0.24,0.24,0.33,0.28,0.28,0.28,0.29,0.27,0.28,0.27,0.28,0.27,0.28,0.37,0.45,0.45,0.48,0.34,0.35,0.33,0.35,0.26,0.32,0.29,0.28,0.28,0.27,0.27,0.28,0.27,0.27,0.27,0.39,0.46,0.44,0.42,0.34,0.37,0.34,0.30,0.25,0.25,0.34,0.28,0.28,0.27,0.27,0.28,0.28,0.28,0.32,0.70,0.44,0.62,0.36,0.62,0.59,0.52,0.52,0.56,0.51,0.26,0.40,0.32,0.31,0.32,0.30,0.30,0.30,0.46,0.55,0.48,0.44,0.38,0.38,0.39,0.35,0.31,0.30,0.30,0.30,0.31,0.41,0.51,0.46,0.44,0.39,0.38,0.39,0.35,0.30,0.30,0.30,0.29,0.37,0.48,0.49,0.44,0.37,0.36,0.38,0.30,0.37,0.30,0.31,0.31,0.32,0.54,0.57,0.51,0.46,0.42,0.40,0.41,0.37,0.34,0.42,0.35,0.53,0.48,0.49,0.41,0.42,0.42,0.37,0.30,0.29,0.30,0.28,0.27,0.27,0.28,0.27,0.27,0.28,0.28,0.27,0.27,0.27,0.27,0.27,0.27,0.28,0.28,0.27,0.27,0.27,0.27,0.27,0.28,0.27,0.27,0.27,0.28,0.27,0.27,0.27,0.29,0.28,0.27,0.29,0.27,0.27,0.27,0.28,0.27,0.27,0.27,0.27,0.27,0.27,0.29,0.27,0.28,0.29,0.27,0.27,0.25

========================================
  RM-65 未命中（无物理接触，规划距离 0.4213m，球拍到达了规划点但球不在该位置）
  [V12 EpisodeRunner 管线架构]
  ablation: full
  击打目标位置: [-0.821 -0.34   0.856]
  末端实际位置: [-0.497 -0.567  1.001]
  规划跟踪误差: 0.4213 m
  速度误差: 1.9223 m/s
  MPC 总步数: 256
  --- Tube 专用指标 ---
  最小球拍-球距离: 0.3261 m
  ball_near 步数: 0 = 0.0 ms
  tube_ready 步数: 0 = 0.0 ms
  击打时间误差: 0.0 ms
  击打位置误差: 0.4213 m
  --- 计算性能 ---
  总墙钟时间: 1.06s (MPC=1.06s)
  --- 执行层约束 ---
  max_qdot=0.99x, max_tcp=1.8m/s, max_face=2.8m/s
  击球类型: 未触球
========================================

__RESULT__: pos_error=0.421311 vel_error=1.922329 min_dist=0.326070 ball_near_ms=0.0 tube_ready_ms=0.0 max_tcp=1.76 max_qdot=0.99 max_face=2.8 hit_type=miss hit_time_error_ms=0.0 hit_pos_error=0.421311 v_racket_at_hit=0.000
2026-09-13 17:17:39,195 [INFO] __main__: [ablation] mode=full
2026-09-13 17:17:39,201 [INFO] __main__: serve-box auto params: horizon=120, iter=10, first_plan_iters=30, total_horizon=250, replan_interval=20, near_plan_iters=5
2026-09-13 17:17:39,219 [INFO] __main__: 关节限位: 仿真默认(default.yaml), TCP=1.8 m/s, terminal_exempt=20
2026-09-13 17:17:39,219 [INFO] __main__: 球拍初始位置: [-0.24136342  0.63027058  1.45576659]
2026-09-13 17:17:39,220 [DEBUG] src.tennis.ball: serve_box bounce (attempt=2): p0_z=1.25, vz0=-3.0, spd=9.0, t1=0.278, t2=0.591, z_err=0.05
2026-09-13 17:17:39,227 [INFO] __main__: 击打步数: 175, 击打位置: [-0.8207526  -0.33956806  0.85557624]
2026-09-13 17:17:39,227 [INFO] __main__: 随挥方向: [ 0.034 -0.984  0.174], 随挥步数: 60
2026-09-13 17:17:39,239 [INFO] __main__: 候选窗口已构建: best_k=175, candidates=13
2026-09-13 17:17:39,240 [INFO] src.cpp.solver_cpp: iLQR C++ 加速模块已加载
2026-09-13 17:17:39,240 [INFO] __main__: 开始 V12 EpisodeRunner，总步数=310 (MPC=250, 随挥=60)，击打步数=175
2026-09-13 17:17:39,241 [INFO] src.ilqt.async_replanner: AsyncReplanner: 后台规划线程已启动
2026-09-13 17:17:39,263 [INFO] src.ilqt.async_replanner: AsyncReplanner: 规划环境已创建（独立 MjData）
2026-09-13 17:17:39,265 [INFO] src.ilqt.async_replanner: AsyncReplanner: 规划环境已创建（独立 MjData）
2026-09-13 17:17:39,301 [DEBUG] src.ilqt.tube_cost: [Softmin诊断] 候选权重TOP3: k=175:w=0.082, k=176:w=0.082, k=174:w=0.082
2026-09-13 17:17:40,193 [INFO] src.ilqt.mpc_controller: REPLAN step=0 k_hit=175 iters=30 horizon=120 t=930ms
2026-09-13 17:17:40,194 [INFO] src.ilqt.mpc_controller: MPCController.start 完成: k_hit=175, p_hit=[-0.821 -0.34   0.856], buffer=120
2026-09-13 17:17:40,196 [INFO] src.ilqt.components.predictive_safety: [SAFETY_FILTER] beta=0.6: qdot entering overspeed, joint=0, |qdot|=3.25 > 3.14
2026-09-13 17:17:40,197 [INFO] src.ilqt.components.predictive_safety: [SAFETY_FILTER] beta=0.4: qdot entering overspeed, joint=0, |qdot|=3.37 > 3.14
2026-09-13 17:17:40,197 [INFO] src.ilqt.components.predictive_safety: [SAFETY_FILTER] beta=0.2: qdot entering overspeed, joint=0, |qdot|=3.34 > 3.14
2026-09-13 17:17:40,198 [INFO] src.ilqt.components.predictive_safety: [SAFETY_FILTER] beta=0.4: tcp speed 1.89 > 1.80 m/s
2026-09-13 17:17:40,202 [DEBUG] src.ilqt.replan_core: FAR_JT step=0 k_hit=175 (JT gain=60, skip iLQR)
2026-09-13 17:17:40,202 [INFO] src.ilqt.async_replanner: ASYNC_PLAN done: step=0 k_hit=175 iters=0 horizon=0 t=8ms fast_lin=False ok=True
2026-09-13 17:17:40,209 [DEBUG] src.ilqt.replan_core: FAR_JT step=20 k_hit=155 (JT gain=60, skip iLQR)
2026-09-13 17:17:40,209 [INFO] src.ilqt.async_replanner: ASYNC_PLAN done: step=20 k_hit=155 iters=0 horizon=0 t=6ms fast_lin=False ok=True
2026-09-13 17:17:40,220 [DEBUG] src.ilqt.replan_core: FAR_JT step=60 k_hit=115 (JT gain=60, skip iLQR)
2026-09-13 17:17:40,220 [INFO] src.ilqt.async_replanner: ASYNC_PLAN done: step=60 k_hit=115 iters=0 horizon=0 t=6ms fast_lin=False ok=True
2026-09-13 17:17:40,226 [DEBUG] src.ilqt.replan_core: FAR_JT step=80 k_hit=95 (JT gain=60, skip iLQR)
2026-09-13 17:17:40,226 [INFO] src.ilqt.async_replanner: ASYNC_PLAN done: step=80 k_hit=95 iters=0 horizon=0 t=6ms fast_lin=False ok=True
2026-09-13 17:17:40,230 [INFO] src.ilqt.components.predictive_safety: [SAFETY_FILTER] beta=0.6: qdot entering overspeed, joint=1, |qdot|=3.16 > 3.14
2026-09-13 17:17:40,231 [INFO] src.ilqt.components.predictive_safety: [SAFETY_FILTER] beta=0.6: qdot entering overspeed, joint=2, |qdot|=4.22 > 3.93
2026-09-13 17:17:40,232 [DEBUG] src.ilqt.replan_core: FAR_JT step=100 k_hit=75 (JT gain=60, skip iLQR)
2026-09-13 17:17:40,232 [INFO] src.ilqt.async_replanner: ASYNC_PLAN done: step=100 k_hit=75 iters=0 horizon=0 t=5ms fast_lin=False ok=True
2026-09-13 17:17:40,232 [INFO] src.ilqt.components.predictive_safety: [SAFETY_FILTER] beta=0.4: qdot entering overspeed, joint=2, |qdot|=4.48 > 3.93
2026-09-13 17:17:40,232 [INFO] src.ilqt.components.predictive_safety: [SAFETY_FILTER] beta=0.0: qdot entering overspeed, joint=2, |qdot|=4.98 > 3.93
2026-09-13 17:17:40,233 [INFO] src.ilqt.components.predictive_safety: [SAFETY_FILTER] beta=0.2: qdot entering overspeed, joint=2, |qdot|=4.90 > 3.93
2026-09-13 17:17:40,233 [INFO] src.ilqt.components.predictive_safety: [SAFETY_FILTER] beta=0.2: qdot entering overspeed, joint=2, |qdot|=5.10 > 3.93
2026-09-13 17:17:40,234 [INFO] src.ilqt.components.predictive_safety: [SAFETY_FILTER] beta=0.0: qdot entering overspeed, joint=0, |qdot|=3.23 > 3.14
2026-09-13 17:17:40,234 [INFO] src.ilqt.components.predictive_safety: [SAFETY_FILTER] beta=0.2: qdot entering overspeed, joint=2, |qdot|=4.94 > 3.93
2026-09-13 17:17:40,240 [DEBUG] src.ilqt.replan_core: FAR_JT step=120 k_hit=55 (JT gain=60, skip iLQR)
2026-09-13 17:17:40,240 [INFO] src.ilqt.async_replanner: ASYNC_PLAN done: step=120 k_hit=55 iters=0 horizon=0 t=5ms fast_lin=False ok=True
2026-09-13 17:17:40,245 [DEBUG] src.ilqt.replan_core: FAR_JT step=134 k_hit=155 (JT gain=60, skip iLQR)
2026-09-13 17:17:40,245 [INFO] src.ilqt.async_replanner: ASYNC_PLAN done: step=134 k_hit=155 iters=0 horizon=0 t=5ms fast_lin=False ok=True
2026-09-13 17:17:40,249 [DEBUG] src.ilqt.replan_core: FAR_JT step=147 k_hit=155 (JT gain=60, skip iLQR)
2026-09-13 17:17:40,249 [INFO] src.ilqt.async_replanner: ASYNC_PLAN done: step=147 k_hit=155 iters=0 horizon=0 t=4ms fast_lin=False ok=True
2026-09-13 17:17:40,254 [DEBUG] src.ilqt.replan_core: FAR_JT step=160 k_hit=155 (JT gain=60, skip iLQR)
2026-09-13 17:17:40,254 [INFO] src.ilqt.async_replanner: ASYNC_PLAN done: step=160 k_hit=155 iters=0 horizon=0 t=5ms fast_lin=False ok=True
2026-09-13 17:17:40,255 [INFO] src.ilqt.strategies.follow_through: 随挥触发: step=174, steps=60
2026-09-13 17:17:40,259 [DEBUG] src.ilqt.replan_core: FAR_JT step=172 k_hit=155 (JT gain=60, skip iLQR)
2026-09-13 17:17:40,259 [INFO] src.ilqt.async_replanner: ASYNC_PLAN done: step=172 k_hit=155 iters=0 horizon=0 t=4ms fast_lin=False ok=True
2026-09-13 17:17:40,274 [INFO] src.ilqt.async_replanner: AsyncReplanner: 后台规划线程已停止
2026-09-13 17:17:40,274 [INFO] src.ilqt.episode_runner: EpisodeRunner 完成: total_steps=236 safe_steps=236 mpc_done=True
2026-09-13 17:17:40,274 [DEBUG] src.ilqt.episode_runner: EpisodeRunner metrics 详情: {'total_steps': 236, 'safe_steps': 236, 'mpc_done': True, 'X_history': [array([-1.5  ,  1.57 , -0.236,  0.404,  0.446,  2.45 ,  0.   ,  0.   ,
        0.   ,  0.   ,  0.   ,  0.   ]), array([ 0.08244458,  1.5506299 , -0.51090118, -0.1342119 ,  0.8272617 ,
        2.43936078,  0.66194265, -0.69463484,  0.66645074,  1.44579093,
       -0.52380119, -2.12784342]), array([ 0.08887443,  1.55053448, -0.50897327, -0.12160959,  0.81961509,
        2.43873934,  1.28597166, -0.01908409,  0.38558229,  2.52046269,
       -1.52932191, -0.1242887 ]), array([ 0.09737632,  1.546778  , -0.50473826, -0.11074361,  0.81372184,
        2.44881296,  1.70037635, -0.75129655,  0.84700253,  2.17319519,
       -1.17865191,  2.01472445]), array([ 0.10886591,  1.54618957, -0.50233125, -0.09374485,  0.80578704,
        2.44757282,  2.2979191 , -0.11768473,  0.48140126,  3.3997521 ,
       -1.58696004, -0.24802771]), array([ 0.12233726,  1.54199175, -0.49764381, -0.07795848,  0.7999073 ,
        2.4366211 ,  2.69426881, -0.83956537,  0.93748879,  3.15727426,
       -1.17594726, -2.19034552]), array([ 0.1373422 ,  1.53968721, -0.49416725, -0.05946962,  0.79279794,
        2.43188955,  3.0009893 , -0.46090695,  0.69531202,  3.69777144,
       -1.42187126, -0.94631   ]), array([ 0.15283668,  1.53590183, -0.48988705, -0.04244912,  0.7865052 ,
        2.43168602,  3.0988959 , -0.75707678,  0.85603924,  3.40409979,
       -1.25854862, -0.04070487]), array([ 0.16823941,  1.53274102, -0.486099  , -0.02525886,  0.779788  ,
        2.42937836,  3.08054553, -0.63216224,  0.75760995,  3.43805322,
       -1.34343892, -0.46153311]), array([ 0.18306783,  1.52811153, -0.48156446, -0.01057752,  0.7740343 ,
        2.43155305,  2.96568444, -0.92589741,  0.90690909,  2.93626727,
       -1.1507418 ,  0.43493987]), array([ 0.19809765,  1.52668636, -0.47893562,  0.00763991,  0.76685653,
        2.42285091,  3.00596314, -0.28503348,  0.52576788,  3.64348722,
       -1.43555349, -1.74042999]), array([ 0.2122326 ,  1.52156471, -0.47419486,  0.02070859,  0.76241699,
        2.42539668,  2.82699122, -1.02433136,  0.94815144,  2.61373474,
       -0.88790705,  0.50915477]), array([ 0.22659769,  1.51966514, -0.47136074,  0.03746098,  0.75651302,
        2.41703271,  2.87301783, -0.37991299,  0.56682374,  3.35047891,
       -1.18079495, -1.67279364]), array([ 0.24008123,  1.51406574, -0.46643127,  0.04903395,  0.75333529,
        2.41990933,  2.69670804, -1.11988068,  0.9858935 ,  2.31459431,
       -0.63554607,  0.57532356]), array([ 0.25383477,  1.51170477, -0.46340364,  0.06443938,  0.74865514,
        2.4118461 ,  2.75070795, -0.47219379,  0.60552764,  3.08108543,
       -0.9360291 , -1.61264638]), array([ 0.26757303,  1.50564418, -0.45827177,  0.0824067 ,  0.74675754,
        2.41411724,  2.74765137, -1.21211872,  1.02637398,  3.59346365,
       -0.37951969,  0.45422964]), array([ 0.28061452,  1.50279622, -0.45498992,  0.09618003,  0.74342214,
        2.40639488,  2.60829772, -0.56959088,  0.65636876,  2.7546666 ,
       -0.66708009, -1.54447197]), array([ 0.29372348,  1.49630779, -0.44966749,  0.11258209,  0.74271796,
        2.40898973,  2.62179193, -1.29768712,  1.06448681,  3.28041046,
       -0.14083698,  0.51896822]), array([ 0.30614924,  1.4930417 , -0.44625464,  0.12489876,  0.74057629,
        2.40156931,  2.48515168, -0.65321752,  0.6825692 ,  2.46333408,
       -0.42833416, -1.48408221]), array([ 0.31867629,  1.48614492, -0.44075404,  0.13986864,  0.74098417,
        2.40444916,  2.50540994, -1.37935548,  1.10012126,  2.99397716,
        0.08157567,  0.57596849]), array([ 0.33051942,  1.48248097, -0.43722185,  0.15084306,  0.73996605,
        2.39729401,  2.36862676, -0.73278913,  0.70643817,  2.19488422,
       -0.20362282, -1.43102939]), array([ 0.34167896,  1.47519679, -0.43156705,  0.15761978,  0.74143586,
        2.38084345,  2.23190748, -1.4568364 ,  1.13095997,  1.35534414,
        0.29396097, -3.2901111 ]), array([ 3.53037357e-01,  1.47114151e+00, -4.27884936e-01,  1.67626311e-01,
        7.41426055e-01,  2.37468070e+00,  2.27167998e+00, -8.11055631e-01,
        7.36422001e-01,  2.00130559e+00, -1.96049134e-03, -1.23255106e+00]), array([ 0.36370172,  1.46348421, -0.42210261,  0.1734278 ,  0.74384846,
        2.35918241,  2.13287171, -1.53146034,  1.15646521,  1.16029681,
        0.48448171, -3.09965758]), array([ 0.37458544,  1.45907307, -0.41830681,  0.18254175,  0.74477595,
        2.35392241,  2.17674427, -0.8822295 ,  0.75916072,  1.82279144,
        0.18549744, -1.05200004]), array([ 0.38478001,  1.45106224, -0.4123971 ,  0.18746312,  0.7481041 ,
        2.3392876 ,  2.03891399, -1.60216594,  1.18194176,  0.98427447,
        0.66563069, -2.92696204]), array([ 0.395224  ,  1.44631161, -0.40848119,  0.19578223,  0.74992908,
        2.3348463 ,  2.08879891, -0.95012534,  0.7831817 ,  1.66382073,
        0.36499497, -0.88825972]), array([ 0.40582639,  1.43803555, -0.40230376,  0.20767847,  0.75412551,
        2.32009751,  2.12047869, -1.65521129,  1.23548647,  2.37924754,
        0.83928568, -2.94975789]), array([ 0.41568068,  1.43293034, -0.39825482,  0.21485562,  0.75699674,
        2.3164755 ,  1.97085768, -1.02104298,  0.80978641,  1.43543144,
        0.57424753, -0.7244021 ]), array([ 0.42580719,  1.42434464, -0.39194391,  0.22571512,  0.76204409,
        2.30251245,  2.02530167, -1.71713931,  1.26218265,  2.17190015,
        1.00946811, -2.79261038]), array([ 0.43519469,  1.41894505, -0.38782079,  0.23194969,  0.76577824,
        2.29963062,  1.87750054, -1.07991895,  0.82462488,  1.24691273,
        0.74683186, -0.57636692]), array([ 0.44487692,  1.41008199, -0.38140517,  0.24187906,  0.77159498,
        2.28637936,  1.9364447 , -1.77261144,  1.28312352,  1.98587393,
        1.16334754, -2.65025167]), array([ 0.45380301,  1.40453584, -0.37749667,  0.24723861,  0.77593721,
        2.2841798 ,  1.78521822, -1.10922991,  0.78169892,  1.07191083,
        0.86844472, -0.43991196]), array([ 0.46211671,  1.40256944, -0.37627158,  0.24922851,  0.77772091,
        2.27209566,  1.66274027, -0.39327969,  0.24501847,  0.39797991,
        0.35674116, -2.41682751]), array([ 0.47067926,  1.39690497, -0.37255143,  0.25413254,  0.78168727,
        2.27048523,  1.71250998, -1.13289522,  0.74402991,  0.98080588,
        0.7932721 , -0.32208545]), array([ 0.47862914,  1.39434392, -0.37072658,  0.25572493,  0.78450962,
        2.25891367,  1.58997681, -0.51220932,  0.36497136,  0.31847752,
        0.56447027, -2.31431172]), array([ 0.4868163 ,  1.38810737, -0.3664246 ,  0.26021861,  0.78948396,
        2.25779713,  1.63743163, -1.24730898,  0.86039607,  0.89873686,
        0.99486757, -0.22330799]), array([ 0.49440594,  1.38499092, -0.36402029,  0.26145367,  0.79327044,
        2.24668988,  1.51792738, -0.62328977,  0.48086045,  0.24701188,
        0.75729489, -2.22145083]), array([ 0.50223169,  1.37822532, -0.35918009,  0.26558325,  0.79920412,
        2.24602177,  1.56515032, -1.35311997,  0.96804069,  0.82591645,
        1.1867376 , -0.13362142]), array([ 0.50947533,  1.37459633, -0.35624086,  0.26650734,  0.80390828,
        2.2353355 ,  1.44872778, -0.72579918,  0.58784642,  0.1848164 ,
        0.94083197, -2.13725528]), array([ 0.51696547,  1.36734079, -0.35089605,  0.27032855,  0.81075126,
        2.23507399,  1.49802883, -1.45110772,  1.06896142,  0.76424217,
        1.36859429, -0.05230091]), array([ 0.52475615,  1.36335334, -0.34725412,  0.27860914,  0.81629424,
        2.22392705,  1.55813461, -0.79749054,  0.72838575,  1.65611766,
        1.10859697, -2.22938785]), array([ 0.53175616,  1.35561174, -0.341414  ,  0.28172072,  0.82412367,
        2.22410711,  1.40000293, -1.54831993,  1.16802445,  0.62231633,
        1.5658866 ,  0.03601206]), array([ 0.53916749,  1.35119566, -0.33733126,  0.28942997,  0.83051842,
        2.21338338,  1.48226535, -0.88321642,  0.81654722,  1.5418512 ,
        1.27894885, -2.14474761]), array([ 0.54582214,  1.34304317, -0.33107888,  0.29202881,  0.83915258,
        2.21395918,  1.33093035, -1.63049797,  1.25047651,  0.51976815,
        1.72683334,  0.11516171]), array([ 0.55288004,  1.33823657, -0.32658865,  0.29923737,  0.8463367 ,
        2.20361834,  1.41158053, -0.96131975,  0.89804589,  1.441712  ,
        1.43682264, -2.06816951]), array([ 0.55920251,  1.32970942, -0.31995539,  0.30138417,  0.85571799,
        2.20455053,  1.26449334, -1.70543024,  1.32665247,  0.42935947,
        1.8762593 ,  0.18643876]), array([ 0.56592235,  1.32454757, -0.31508796,  0.30814883,  0.86363581,
        2.19455657,  1.34396788, -1.03236967,  0.97348524,  1.35293111,
        1.58356269, -1.99879249]), array([ 0.57192488,  1.31568027, -0.30810277,  0.30989982,  0.87370738,
        2.19580964,  1.2005072 , -1.77345968,  1.39703959,  0.35019769,
        2.01431543,  0.25061509]), array([ 0.57832085,  1.31019691, -0.30288643,  0.31627309,  0.88230415,
        2.18613021,  1.2791921 , -1.09667139,  1.04326697,  1.27465471,
        1.71935262, -1.93588687]), array([ 0.58400323,  1.30102396, -0.29558154,  0.31766848,  0.89300962,
        2.18767294,  1.13647601, -1.83459145,  1.4609771 ,  0.27907868,
        2.14109485,  0.30854687]), array([ 0.5891777 ,  1.29509274, -0.29026942,  0.31626111,  0.90229684,
        2.17905025,  1.03489542, -1.18624244,  1.06242597, -0.28147418,
        1.857443  , -1.72453966]), array([ 0.59464919,  1.2855111 , -0.28228761,  0.3177353 ,  0.91370264,
        2.18076912,  1.09429826, -1.91632796,  1.5963609 ,  0.29483826,
        2.28116148,  0.34377524]), array([ 0.59963881,  1.27213137, -0.27150214,  0.31546103,  0.92760554,
        2.17268728,  0.9979227 , -2.67594618,  2.15709455, -0.45485422,
        2.78057822, -1.61636726]), array([ 0.60490024,  1.26231867, -0.26299323,  0.31705291,  0.93981519,
        2.17453474,  1.05228634, -1.96254034,  1.70178151,  0.31837473,
        2.44193111,  0.36949156]), array([ 0.60969505,  1.24904715, -0.25243395,  0.31489169,  0.95389131,
        2.16660511,  0.95896189, -2.65430479,  2.11185518, -0.43224207,
        2.81522346, -1.58592728]), array([ 0.6147897 ,  1.23934431, -0.24415348,  0.31660407,  0.96632428,
        2.16861204,  1.01893012, -1.94056655,  1.65609485,  0.34247409,
        2.48659436,  0.40138764]), array([ 0.61940189,  1.22618151, -0.23379986,  0.31456872,  0.9805366 ,
        2.16082176,  0.92243767, -2.63256122,  2.07072472, -0.4070687 ,
        2.84246373, -1.55805625]), array([ 0.62434015,  1.21658617, -0.22572175,  0.31641295,  0.99317101,
        2.16297604,  0.98765316, -1.91906708,  1.61562224,  0.36884635,
        2.52688171,  0.4308546 ]), array([ 0.6287818 ,  1.20352994, -0.21554957,  0.31451527,  1.0074948 ,
        2.15531308,  0.88832891, -2.61124671,  2.03443431, -0.37953619,
        2.86475915, -1.53259216]), array([ 0.63357443,  1.19404033, -0.20764888,  0.31650231,  1.02030938,
        2.15760363,  0.95852598, -1.89792199,  1.58013952,  0.39740762,
        2.56291607,  0.45811134]), array([ 0.63785803,  1.18108903, -0.19763512,  0.3147536 ,  1.03472091,
        2.15005704,  0.85672023, -2.59025932,  2.00275195, -0.34974285,
        2.88230612, -1.50931927]), array([ 0.64251623,  1.17170394, -0.18988792,  0.31689409,  1.04769493,
        2.15247382,  0.93163964, -1.8770184 ,  1.54943852,  0.42809831,
        2.59480295,  0.48335732]), array([ 0.64665467,  1.15885641, -0.18001063,  0.31530512,  1.0621714 ,
        2.14503363,  0.82768787, -2.56950576,  1.97545864, -0.31779261,
        2.89529429, -1.48803899]), array([ 0.65118996,  1.1495758 , -0.17239569,  0.31760921,  1.07528371,
        2.14756761,  0.90705835, -1.85612259,  1.52298842,  0.46081614,
        2.62246167,  0.50679641]), array([ 0.6551955 ,  1.13683987, -0.16265623,  0.31618807,  1.08979089,
        2.14022617,  0.80110914, -2.5471862 ,  1.9478912 , -0.28422612,
        2.90143661, -1.46828883]), array([ 0.65960965,  1.12776567, -0.15541804,  0.31864122,  1.10287267,
        2.14288585,  0.88282937, -1.81483983,  1.44763775,  0.49062808,
        2.61635479,  0.53193734]), array([ 0.66350855,  1.12224842, -0.15089186,  0.3184209 ,  1.1143701 ,
        2.1353425 ,  0.77977957, -1.10345041,  0.90523754, -0.04406323,
        2.2994869 , -1.50867086]), array([ 0.66767892,  1.11329225, -0.14400403,  0.32085947,  1.12699221,
        2.13816478,  0.83407518, -1.79123412,  1.37756455,  0.48771431,
        2.5244229 ,  0.56445632]), array([ 0.67143275,  1.10754861, -0.13898828,  0.32078675,  1.13876983,
        2.13071155,  0.7507653 , -1.14872641,  1.00314995, -0.0145448 ,
        2.35552396, -1.4906449 ]), array([ 0.67545088,  1.09838074, -0.13163642,  0.32334483,  1.15161865,
        2.13362649,  0.803625  , -1.83357389,  1.47037194,  0.51161671,
        2.56976409,  0.58298684]), array([ 0.67906973,  1.09244229, -0.12616383,  0.32342723,  1.16363051,
        2.12625773,  0.72377024, -1.18769099,  1.09451825,  0.01648086,
        2.40237049, -1.4737509 ]), array([ 0.68295011,  1.0830899 , -0.11837355,  0.32611703,  1.17666908,
        2.12925894,  0.77607605, -1.87047839,  1.55805581,  0.53795831,
        2.60771416,  0.60024125]), array([ 0.68644916,  1.07698326, -0.11246888,  0.32636637,  1.18888319,
        2.1219688 ,  0.69981132, -1.22132704,  1.18093439,  0.04986926,
        2.44282203, -1.45802796]), array([ 0.69020661,  1.0674714 , -0.10426211,  0.3291996 ,  1.20207544,
        2.12505043,  0.75148873, -1.90237244,  1.64135408,  0.56664577,
        2.6384507 ,  0.61632627]), array([ 0.69360125,  1.06122106, -0.09794607,  0.32962708,  1.21446091,
        2.11783353,  0.67892888, -1.25006816,  1.2632078 ,  0.08549671,
        2.47709319, -1.44338007]), array([ 0.69725077,  1.05157204, -0.08933926,  0.33261503,  1.2277729 ,
        2.12099009,  0.72990415, -1.92980444,  1.72136189,  0.59758822,
        2.66239906,  0.63131165]), array([ 0.70055828,  1.04519259, -0.0826066 ,  0.33323406,  1.24031114,
        2.11383994,  0.66150157, -1.27588863,  1.34653163,  0.12380731,
        2.50764717, -1.43003037]), array([ 0.70414052,  1.03533263, -0.0733459 ,  0.33642601,  1.25384888,
        2.1170473 ,  0.71644878, -1.97199176,  1.85214064,  0.63839001,
        2.70754867,  0.64147143]), array([ 0.70826733,  1.021917  , -0.0611369 ,  0.34239897,  1.26852493,
        2.13014691,  0.825361  , -2.68312736,  2.4418003 ,  1.19459131,
        2.93521018,  2.6199237 ]), array([ 0.71213841,  1.01197378, -0.0511424 ,  0.34602455,  1.28235659,
        2.13254958,  0.77421526, -1.98864264,  1.9989007 ,  0.72511711,
        2.7663319 ,  0.48053333]), array([ 0.71628018,  0.99879666, -0.03916978,  0.35207503,  1.29692733,
        2.14495579,  0.82835503, -2.63542537,  2.3945243 ,  1.21009515,
        2.91414749,  2.48124256]), array([ 0.72017284,  0.98908203, -0.02938304,  0.35581366,  1.31078554,
        2.14669244,  0.77853169, -1.94292561,  1.9573473 ,  0.74772571,
        2.77164176,  0.34732883]), array([ 0.72434749,  0.97612246, -0.01758074,  0.36196345,  1.32525816,
        2.15846001,  0.83493088, -2.59191453,  2.36046027,  1.22995786,
        2.8945245 ,  2.35351512]), array([ 0.72828122,  0.96662306, -0.0079465 ,  0.36583556,  1.33913016,
        2.15958383,  0.78674496, -1.89988045,  1.92684843,  0.77442149,
        2.77440066,  0.22476297]), array([ 0.73252276,  0.95386687,  0.00373998,  0.3721184 ,  1.35349581,
        2.17076306,  0.84830836, -2.55123735,  2.33729419,  1.2565689 ,
        2.87312958,  2.23584722]), array([ 0.73753723,  0.94478163,  0.01354461,  0.3827682 ,  1.36736115,
        2.17094015,  1.00289475, -1.81704755,  1.96092683,  2.12995991,
        2.77306785,  0.03541632]), array([ 0.7417052 ,  0.9321664 ,  0.02525836,  0.38885512,  1.3817664 ,
        2.18160079,  0.83359306, -2.5230461 ,  2.34275086,  1.21738387,
        2.88104964,  2.13212966]), array([ 0.74667371,  0.92336392,  0.03473197,  0.39932775,  1.39556755,
        2.18132681,  0.99370153, -1.76049627,  1.89472103,  2.09452691,
        2.76022999, -0.05479705]), array([ 0.75098577,  0.91808773,  0.04166814,  0.40706281,  1.40879455,
        2.17096922,  0.86241359, -1.05523792,  1.38723343,  1.54701027,
        2.64540014, -2.07151746]), array([ 0.75545549,  0.90938389,  0.05098364,  0.4168816 ,  1.42220747,
        2.17115156,  0.89394355, -1.74076737,  1.86310095,  1.96375907,
        2.68258404,  0.03646777]), array([ 0.75954039,  0.90398626,  0.05849747,  0.4243118 ,  1.43550448,
        2.16115588,  0.81697916, -1.07952735,  1.50276605,  1.48603959,
        2.65940104, -1.99913552]), array([ 0.76278277,  0.89490477,  0.0681244 ,  0.42728471,  1.44891697,
        2.16200292,  0.64847646, -1.8162973 ,  1.92538498,  0.59458195,
        2.6824986 ,  0.16940704]), array([ 0.76581496,  0.88914089,  0.07605725,  0.42826493,  1.46208695,
        2.15261252,  0.60643856, -1.15277481,  1.58657129,  0.19604462,
        2.63399614, -1.87807908]), array([ 0.76913875,  0.87990943,  0.08651796,  0.43164072,  1.47530788,
        2.15369635,  0.6647575 , -1.84629365,  2.09214129,  0.67515833,
        2.64418524,  0.21676487]), array([ 0.77222112,  0.87404543,  0.09516887,  0.43298172,  1.48839024,
        2.14453868,  0.61647425, -1.17279873,  1.730183  ,  0.26819866,
        2.61647293, -1.8315335 ]), array([ 0.77460143,  0.86438676,  0.10629332,  0.43024115,  1.50154061,
        2.14610301,  0.47606066, -1.93173485,  2.22488858, -0.54811276,
        2.63007376,  0.312867  ]), array([ 0.77772938,  0.85122871,  0.12029634,  0.43044394,  1.51486334,
        2.15762705,  0.62559141, -2.63161065,  2.80060525,  0.04055805,
        2.66454655,  2.3048066 ]), array([ 0.78091772,  0.84166229,  0.13211839,  0.42894776,  1.52798292,
        2.15847958,  0.63766838, -1.91328217,  2.36440927, -0.29923703,
        2.62391649,  0.17050649]), array([ 0.78458681,  0.8287586 ,  0.14616838,  0.4300873 ,  1.54099517,
        2.16938499,  0.73381685, -2.58073968,  2.80999768,  0.22790785,
        2.60244848,  2.1810829 ]), array([ 0.78933893,  0.81968093,  0.15843386,  0.43595065,  1.55396232,
        2.16940943,  0.95042395, -1.81553357,  2.45309622,  1.17267065,
        2.59342989,  0.00488716]), array([ 0.79336073,  0.80696016,  0.17271386,  0.43761035,  1.56675095,
        2.17976127,  0.80436099, -2.54415405,  2.85600072,  0.33193995,
        2.55772688,  2.0703685 ]), array([ 0.79858284,  0.79806643,  0.18530882,  0.44406135,  1.57964495,
        2.17926411,  1.04442163, -1.77874643,  2.51899068,  1.2901991 ,
        2.57879947, -0.09943297]), array([ 0.80313939,  0.78549002,  0.20019638,  0.44648564,  1.59238509,
        2.16870142,  0.91131058, -2.515282  ,  2.97751293,  0.48485937,
        2.5480285 , -2.11253864]), array([ 0.80813629,  0.77671629,  0.21330989,  0.45293844,  1.60527881,
        2.16858252,  0.99938003, -1.75474425,  2.62270232,  1.290559  ,
        2.57874487, -0.02377846]), array([ 0.81381657,  0.76450741,  0.22882528,  0.46191356,  1.61780552,
        2.17855113,  1.13605558, -2.44177713,  3.10307833,  1.79502445,
        2.50534028,  1.99372214]), array([ 0.8196637 ,  0.75593464,  0.24230184,  0.46900602,  1.63063301,
        2.17791287,  1.16942508, -1.71455447,  2.69531058,  1.41849247,
        2.56549954, -0.12765276]), array([ 0.82584292,  0.7436461 ,  0.25917017,  0.47837373,  1.64336869,
        2.18732745,  1.23584408, -2.45770799,  3.37366613,  1.87354225,
        2.54713608,  1.88291594]), array([ 0.83223836,  0.73497667,  0.27405074,  0.4858154 ,  1.65642044,
        2.20652265,  1.27908786, -1.73388516,  2.97611358,  1.48833379,
        2.61034915,  3.839041  ]), array([ 0.84032718,  0.72277677,  0.29191914,  0.49652554,  1.66905263,
        2.2145512 ,  1.61776479, -2.43997944,  3.57368022,  2.14202776,
        2.52643748,  1.60570967]), array([ 0.84853377,  0.70857261,  0.31130145,  0.50837577,  1.68152813,
        2.22829327,  1.6413185 , -2.84083228,  3.87646196,  2.37004585,
        2.4951015 ,  2.74841282]), array([ 0.85773817,  0.69804465,  0.32910286,  0.51888427,  1.69491685,
        2.2311935 ,  1.84087973, -2.10559255,  3.5602824 ,  2.10169944,
        2.67774319,  0.58004636]), array([ 0.86675939,  0.68524272,  0.34851742,  0.52687549,  1.70801524,
        2.24005188,  1.80424404, -2.56038587,  3.8829114 ,  1.5982455 ,
        2.61967806,  1.77167598]), array([ 0.8780028 ,  0.676051  ,  0.36690792,  0.53444917,  1.72214297,
        2.23816025,  2.24868133, -1.83834496,  3.67809999,  1.51473487,
        2.82554648, -0.37832572]), array([ 0.88971945,  0.6655564 ,  0.38635708,  0.54299604,  1.73590606,
        2.23219333,  2.34332948, -2.09891918,  3.8898332 ,  1.70937475,
        2.75261738, -1.19338343]), array([ 0.90096247,  0.65545454,  0.40482146,  0.551008  ,  1.74918028,
        2.22654797,  2.24860504, -2.02037268,  3.6928747 ,  1.60239155,
        2.65484405, -1.1290735 ]), array([ 0.9121168 ,  0.64471533,  0.42373646,  0.55808302,  1.7622398 ,
        2.22313879,  2.23086605, -2.14784035,  3.78300043,  1.41500461,
        2.61190443, -0.68183425]), array([ 0.92381043,  0.63342211,  0.44318626,  0.56580254,  1.7752499 ,
        2.21775642,  2.33872624, -2.25864588,  3.88996098,  1.54390393,
        2.60201959, -1.07647569]), array([ 0.93503244,  0.62252906,  0.46161762,  0.57305194,  1.78781884,
        2.2126767 ,  2.2444009 , -2.17860964,  3.68627124,  1.44988017,
        2.5137888 , -1.01594213]), array([ 0.94662315,  0.61100959,  0.48052332,  0.57968046,  1.80032968,
        2.20569911,  2.31814198, -2.30389402,  3.78114077,  1.32570224,
        2.50216741, -1.39551822]), array([ 0.9561183 ,  0.60459256,  0.49106929,  0.58265278,  1.81095099,
        2.20983812,  1.8990302 , -1.28340552,  2.10919316,  0.5944656 ,
        2.12426087,  0.82780202]), array([ 0.96466545,  0.5986476 ,  0.50034237,  0.58575754,  1.81872795,
        2.21234208,  1.70943022, -1.18899256,  1.85461662,  0.62095064,
        1.55539189,  0.50079067]), array([ 0.97231947,  0.59312575,  0.50839943,  0.58906252,  1.82412842,
        2.21392743,  1.53080468, -1.10436885,  1.61141092,  0.66099658,
        1.0800948 ,  0.31707133]), array([ 0.97913131,  0.5879839 ,  0.51531129,  0.59261158,  1.82753997,
        2.21499038,  1.36236717, -1.02836981,  1.38237358,  0.70981134,
        0.68230995,  0.2125897 ]), array([ 0.98514831,  0.58318387,  0.52115594,  0.5964296 ,  1.82928419,
        2.21575033,  1.20339955, -0.9600072 ,  1.16892881,  0.76360501,
        0.34884355,  0.15198919]), array([ 0.99041462,  0.57869172,  0.52601394,  0.60052699,  1.82962844,
        2.21632909,  1.05326357, -0.8984291 ,  0.97160131,  0.81947745,
        0.06884975,  0.11575253]), array([ 0.9949716 ,  0.57447726,  0.52996558,  0.60490333,  1.82879547,
        2.21679462,  0.91139569, -0.84289173,  0.79032716,  0.87526833,
       -0.16659291,  0.09310479]), array([ 0.99885809,  0.57051357,  0.53308889,  0.60955038,  1.82697133,
        2.21718509,  0.77729658, -0.79273925,  0.62466213,  0.92941031,
       -0.36482877,  0.07809594]), array([ 1.00211069,  0.56677662,  0.53545851,  0.61445438,  1.82431178,
        2.21752229,  0.65052015, -0.74738876,  0.4739232 ,  0.98080058,
       -0.53190976,  0.06743847]), array([ 1.00476401,  0.56324503,  0.53714494,  0.61959786,  1.82094763,
        2.21781886,  0.53066394, -0.70631925,  0.33728591,  1.02869416,
       -0.67282888,  0.05931384]), array([ 1.00685081,  0.55989971,  0.53821419,  0.62496094,  1.81698908,
        2.21808243,  0.41736131, -0.66906304,  0.21385137,  1.0726179 ,
       -0.79171137,  0.05271381]), array([ 1.00840219,  0.55672372,  0.53872766,  0.63052246,  1.81252922,
        2.21831781,  0.31027538, -0.63519921,  0.10269252,  1.11230253,
       -0.89197125,  0.04707694]), array([ 1.00944766,  0.55370197,  0.53874208,  0.63626061,  1.80764702,
        2.21852825,  0.20909432, -0.60434829,  0.00288565,  1.14762957,
       -0.97643932,  0.04208817]), array([ 1.0100153 ,  0.55082113,  0.53830974,  0.64215356,  1.80240969,
        2.21871609,  0.11352783, -0.57616792, -0.08646843,  1.17859037,
       -1.04746789,  0.03756827]), array([ 1.01013182,  0.54806939,  0.53747859,  0.64817983,  1.7968746 ,
        2.21888316,  0.02330448, -0.55034919, -0.1662307 ,  1.20525465,
       -1.10701628,  0.03341298]), array([ 1.00982267,  0.54543632,  0.53629251,  0.65431856,  1.791091  ,
        2.21903095, -0.0618304 , -0.52661344, -0.23721546,  1.22774667,
       -1.15672085,  0.02955946]), array([ 1.00911209,  0.54291277,  0.53479158,  0.6605497 ,  1.78510124,
        2.21916079, -0.14211632, -0.50470952, -0.30018568,  1.24622724,
       -1.19795215,  0.02596789]), array([ 1.0080232 ,  0.54049072,  0.53301233,  0.6668541 ,  1.77894193,
        2.21927385, -0.21777892, -0.48441128, -0.35585108,  1.26088028,
       -1.23186172,  0.02261131]), array([ 1.00657804,  0.53816314,  0.53098799,  0.67321362,  1.77264483,
        2.2193712 , -0.28903109, -0.46551532, -0.40486797,  1.27190294,
       -1.2594204 ,  0.0194701 ]), array([ 1.00479767,  0.53592395,  0.52874878,  0.67961111,  1.76623758,
        2.21945385, -0.35607382, -0.44783894, -0.44784051,  1.27949834,
       -1.28144967,  0.01652888]), array([ 1.00270219,  0.53376785,  0.52632217,  0.68603046,  1.75974434,
        2.21952272, -0.41909705, -0.43121826, -0.48532275,  1.28387042,
       -1.29864736,  0.01377489]), array([ 1.00031078,  0.53169032,  0.52373306,  0.69245656,  1.7531863 ,
        2.2195787 , -0.47828041, -0.41550655, -0.51782122,  1.28522031,
       -1.31160878,  0.01119701]), array([ 0.99764181,  0.52968746,  0.52100408,  0.69887528,  1.74658208,
        2.21962263, -0.53379381, -0.4005726 , -0.54579792,  1.28374385,
       -1.32084399,  0.00878527]), array([ 0.99471282,  0.52775596,  0.51815571,  0.70527343,  1.73994812,
        2.21965528, -0.58579815, -0.3862993 , -0.56967335,  1.27963004,
       -1.3267921 ,  0.00653056]), array([ 0.99154059,  0.52589305,  0.51520656,  0.71163873,  1.73329895,
        2.21967741, -0.63444585, -0.37258232, -0.58982967,  1.27306003,
       -1.32983297,  0.00442444]), array([ 0.98814119,  0.52409641,  0.51217349,  0.71795976,  1.72664747,
        2.2196897 , -0.67988142, -0.35932892, -0.60661376,  1.26420664,
       -1.33029691,  0.00245904]), array([ 9.84529977e-01,  5.22364122e-01,  5.09071790e-01,  7.24225935e-01,
        1.72000511e+00,  2.21969284e+00, -7.22241991e-01, -3.46456793e-01,
       -6.20340200e-01,  1.25323422e+00, -1.32847266e+00,  6.26971639e-04]), array([ 9.80721688e-01,  5.20694657e-01,  5.05915320e-01,  7.30427429e-01,
        1.71338204e+00,  2.21968744e+00, -7.61657817e-01, -3.33893123e-01,
       -6.31294089e-01,  1.24029869e+00, -1.32461399e+00, -1.07870975e-03]), array([ 0.97673042,  0.51908679,  0.50271665,  0.73655517,  1.70678731,
        2.21967412, -0.79825276, -0.32157362, -0.63973374,  1.22554778,
       -1.31894517, -0.00266456]), array([ 0.9725697 ,  0.51753958,  0.49948719,  0.74260077,  1.70022898,
        2.21965344, -0.83214476, -0.30944169, -0.64589316,  1.20912137,
       -1.3116655 , -0.00413678]), array([ 0.96825247,  0.51605234,  0.49623726,  0.74855653,  1.69371422,
        2.21962593, -0.86344624, -0.29744773, -0.64998435,  1.19115184,
       -1.30295309, -0.00550124]), array([ 0.96379115,  0.5146246 ,  0.49297627,  0.75441536,  1.68724938,
        2.21959211, -0.89226453, -0.28554837, -0.65219948,  1.17176451,
       -1.29296797, -0.00676352]), array([ 0.95919764,  0.51325607,  0.4897127 ,  0.76017075,  1.6808401 ,
        2.21955247, -0.91870227, -0.2737059 , -0.65271279,  1.15107806,
       -1.28185466, -0.00792894]), array([ 0.95448335,  0.51194663,  0.48645429,  0.76581677,  1.67449138,
        2.21950745, -0.94285775, -0.26188771, -0.65168243,  1.12920496,
       -1.26974437, -0.00900255]), array([ 0.94965922,  0.5106963 ,  0.48320803,  0.77134803,  1.6682076 ,
        2.21945751, -0.96482524, -0.25006577, -0.64925205,  1.10625183,
       -1.25675681, -0.00998921]), array([ 0.94473574,  0.50950522,  0.47998027,  0.77675963,  1.66199259,
        2.21940304, -0.98469533, -0.23821619, -0.6455523 ,  1.08231986,
       -1.24300163, -0.01089352]), array([ 0.93972297,  0.50837363,  0.47677676,  0.78204716,  1.65584969,
        2.21934444, -1.00255522, -0.2263188 , -0.64070214,  1.05750513,
       -1.2285797 , -0.01171994]), array([ 0.93463052,  0.50730184,  0.47360271,  0.78720665,  1.64978177,
        2.21928208, -1.01848895, -0.2143568 , -0.63481008,  1.03189897,
       -1.21358419, -0.01247271]), array([ 0.92946763,  0.50629026,  0.47046283,  0.79223459,  1.64379126,
        2.2192163 , -1.03257768, -0.20231639, -0.62797523,  1.00558821,
       -1.19810134, -0.01315591]), array([ 0.92424314,  0.50533933,  0.46736139,  0.79712787,  1.63788021,
        2.21914743, -1.04489989, -0.19018655, -0.62028829,  0.97865548,
       -1.18221128, -0.01377349]), array([ 0.91896548,  0.50444954,  0.46430223,  0.80188377,  1.63205026,
        2.21907578, -1.05553162, -0.17795868, -0.61183243,  0.95117944,
       -1.16598855, -0.01432922]), array([ 0.91364274,  0.5036214 ,  0.46128881,  0.80649994,  1.62630275,
        2.21900165, -1.06454658, -0.16562643, -0.60268404,  0.92323499,
       -1.14950267, -0.01482674]), array([ 0.90828266,  0.50285548,  0.45832424,  0.81097441,  1.62063866,
        2.2189253 , -1.07201638, -0.15318547, -0.59291347,  0.89489347,
       -1.13281849, -0.01526954]), array([ 0.90289261,  0.50215231,  0.45541131,  0.81530552,  1.61505868,
        2.218847  , -1.07801062, -0.14063328, -0.58258561,  0.86622284,
       -1.11599659, -0.01566099]), array([ 0.89747962,  0.50151246,  0.45255251,  0.81949196,  1.60956321,
        2.21876698, -1.08259706, -0.12796898, -0.57176045,  0.83728782,
       -1.09909355, -0.01600434]), array([ 0.89205042,  0.5009365 ,  0.44975004,  0.82353271,  1.6041524 ,
        2.21868546, -1.08584169, -0.1151932 , -0.56049359,  0.80815004,
       -1.08216218, -0.0163027 ]), array([ 0.88661137,  0.50042496,  0.44700586,  0.82742705,  1.59882614,
        2.21860267, -1.08780885, -0.10230791, -0.54883665,  0.77886817,
       -1.06525176, -0.01655905]), array([ 0.88116856,  0.49997838,  0.44432167,  0.83117454,  1.5935841 ,
        2.21851879, -1.0885613 , -0.08931629, -0.53683767,  0.749498  ,
       -1.0484082 , -0.01677628]), array([ 0.87572776,  0.49959726,  0.44169896,  0.83477501,  1.58842573,
        2.218434  , -1.08816028, -0.07622265, -0.52454143,  0.72009259,
       -1.03167419, -0.01695714]), array([ 0.87029444,  0.4992821 ,  0.43913901,  0.83822852,  1.58335028,
        2.21834848, -1.08666559, -0.06303229, -0.51198979,  0.69070232,
       -1.01508932, -0.01710425]), array([ 0.86487376,  0.49903335,  0.4366429 ,  0.84153539,  1.57835683,
        2.21826238, -1.0841356 , -0.04975141, -0.49922188,  0.66137501,
       -0.99869024, -0.01722015]), array([ 0.85947062,  0.49885141,  0.43421153,  0.84469617,  1.57344427,
        2.21817584, -1.0806273 , -0.03638703, -0.48627442,  0.63215596,
       -0.98251071, -0.01730722]), array([ 0.85408964,  0.49873668,  0.43184562,  0.84771161,  1.56861137,
        2.218089  , -1.07619636, -0.02294692, -0.47318187,  0.60308806,
       -0.96658173, -0.01736777]), array([ 0.84873515,  0.49868948,  0.42954574,  0.85058267,  1.56385671,
        2.21800198, -1.07089708, -0.0094395 , -0.45997659,  0.57421183,
       -0.95093165, -0.01740397]), array([ 0.84341124,  0.49871011,  0.42731229,  0.8533105 ,  1.55917878,
        2.21791489, -1.06478247,  0.00412622, -0.44668909,  0.54556552,
       -0.93558621, -0.01741789]), array([ 0.83834681,  0.49876783,  0.42515143,  0.85465633,  1.55487052,
        2.21781121, -1.01288669,  0.01154406, -0.43217267,  0.26916528,
       -0.86165191, -0.02073702]), array([ 0.83354966,  0.4988515 ,  0.42304145,  0.85471118,  1.55082503,
        2.21769892, -0.95942895,  0.01673498, -0.42199686,  0.01097135,
       -0.80909845, -0.02245754]), array([ 0.82902401,  0.49895169,  0.42096571,  0.85356312,  1.5469679 ,
        2.21758353, -0.90512978,  0.02003649, -0.41514769, -0.22961333,
       -0.77142525, -0.02307772]), array([ 0.82477115,  0.49906035,  0.41891147,  0.85129661,  1.54324868,
        2.21746866, -0.85057187,  0.02173263, -0.41084691, -0.45330013,
       -0.74384399, -0.02297508]), array([ 0.82079001,  0.49917069,  0.41686902,  0.84799225,  1.53963438,
        2.21735648, -0.79622959,  0.02206796, -0.40849123, -0.66087296,
       -0.72286034, -0.02243532]), array([ 0.81707755,  0.49927698,  0.41483098,  0.84372648,  1.5361046 ,
        2.21724811, -0.74249138,  0.02125719, -0.40760806, -0.85315493,
       -0.70595497, -0.02167423]), array([ 0.81362916,  0.49937444,  0.41279186,  0.83857156,  1.5326479 ,
        2.21714384, -0.68967701,  0.0194918 , -0.40782321, -1.03098223,
       -0.69134065, -0.0208543 ]), array([ 0.81043891,  0.49945916,  0.41074768,  0.83259564,  1.52925901,
        2.21704335, -0.63805075,  0.01694486, -0.40883699, -1.19518425,
       -0.67777759, -0.0200972 ]), array([ 0.80749975,  0.49952803,  0.40869564,  0.8258628 ,  1.52593684,
        2.21694589, -0.58783156,  0.01377435, -0.41040665, -1.34656883,
       -0.66443328, -0.01949319]), array([ 0.80480375,  0.49957866,  0.40663398,  0.81843324,  1.52268296,
        2.21685035, -0.53920095,  0.01012564, -0.41233326, -1.4859118 ,
       -0.65077628, -0.01910827]), array([ 0.8023422 ,  0.49960933,  0.40456172,  0.81036349,  1.51950048,
        2.2167554 , -0.492309  ,  0.00613313, -0.41445205, -1.61394996,
       -0.63649596, -0.01898948]), array([ 8.00105808e-01,  4.99618933e-01,  4.02478591e-01,  8.01706606e-01,
        1.51639327e+00,  2.21665955e+00, -4.47279072e-01,  1.92155001e-03,
       -4.16625147e-01, -1.73137682e+00, -6.21441921e-01, -1.91690583e-02]), array([ 0.79808475,  0.49960697,  0.40038491,  0.7925124 ,  1.51336538,
        2.21656122, -0.40421144, -0.00239326, -0.41873628, -1.83884053,
       -0.60557848, -0.01966745]), array([ 0.79626882,  0.49957345,  0.39828148,  0.78282769,  1.51042063,
        2.21645874, -0.36318611, -0.00670375, -0.42068672, -1.9369435 ,
       -0.58895039, -0.02049575]), array([ 0.7946475 ,  0.4995189 ,  0.39616951,  0.77269647,  1.50756234,
        2.21635045, -0.32426508, -0.01091036, -0.42239238, -2.02624324,
       -0.57165729, -0.02165748]), array([ 0.79321002,  0.49944429,  0.39405061,  0.7621602 ,  1.50479317,
        2.2162347 , -0.28749417, -0.01492124, -0.42378155, -2.10725421,
       -0.55383452, -0.02315005]), array([ 0.7919455 ,  0.49935103,  0.39192664,  0.75125795,  1.50211498,
        2.21610987, -0.25290446, -0.01865217, -0.42479329, -2.18045027,
       -0.53563886, -0.02496587]), array([ 0.79084293,  0.4992409 ,  0.38979976,  0.74002661,  1.49952879,
        2.2159744 , -0.22051355, -0.02202651, -0.42537614, -2.24626752,
       -0.51723803, -0.02709325]), array([ 0.7898913 ,  0.49911602,  0.38767232,  0.72850107,  1.49703477,
        2.21582682, -0.19032667, -0.02497519, -0.42548723, -2.3051075 ,
       -0.4988028 , -0.02951714]), array([ 0.78907961,  0.49897884,  0.38554687,  0.71671437,  1.49463227,
        2.21566572, -0.16233763, -0.02743673, -0.42509153, -2.35734037,
       -0.48050129, -0.03221973]), array([ 0.78839696,  0.49883205,  0.38342606,  0.70469783,  1.49231979,
        2.21548981, -0.1365297 , -0.02935722, -0.42416129, -2.40330817,
       -0.46249476, -0.035181  ]), array([ 0.78783258,  0.4986786 ,  0.38131268,  0.69248119,  1.49009512,
        2.21529792, -0.11287653, -0.03069033, -0.42267554, -2.44332795,
       -0.44493462, -0.03837913]), array([ 0.78737587,  0.49852161,  0.37920958,  0.68009272,  1.48795532,
        2.21508896, -0.09134287, -0.03139727, -0.42061973, -2.47769475,
       -0.42796026, -0.04179096]), array([ 0.78701644,  0.49836438,  0.37711966,  0.66755929,  1.48589683,
        2.214862  , -0.07188545, -0.03144674, -0.41798535, -2.50668442,
       -0.41169761, -0.04539229]), array([ 0.78674417,  0.4982103 ,  0.37504581,  0.65490651,  1.48391554,
        2.21461621, -0.05445376, -0.03081481, -0.41476961, -2.53055616,
       -0.39625813, -0.04915828]), array([ 0.78654922,  0.49806288,  0.37299093,  0.64215874,  1.48200685,
        2.21435089, -0.0389908 , -0.02948481, -0.4109751 , -2.54955484,
       -0.38173829, -0.05306368]), array([ 0.78642205,  0.49792565,  0.37095788,  0.62933917,  1.48016575,
        2.21406548, -0.02543389, -0.02744712, -0.40660953, -2.56391308,
       -0.36821931, -0.05708319]), array([ 0.78635347,  0.49780215,  0.36894946,  0.61646991,  1.47838692,
        2.21375952, -0.01371544, -0.02469897, -0.40168532, -2.57385303,
       -0.35576708, -0.06119169]), array([ 0.78633465,  0.49769593,  0.36696836,  0.60357197,  1.47666475,
        2.2134327 , -0.00376368, -0.02124415, -0.39621937, -2.57958797,
       -0.34443243, -0.06536448]), array([ 0.78635714,  0.49761047,  0.3650172 ,  0.59066535,  1.4749935 ,
        2.21308481,  0.00449658, -0.01709275, -0.39023266, -2.58132359,
       -0.33425138, -0.06957752]), array([ 0.78641285,  0.49754916,  0.36309845,  0.57776905,  1.47336727,
        2.21271577,  0.01114323, -0.01226078, -0.38374992, -2.5792591 ,
       -0.3252457 , -0.07380764]), array([ 0.78649413,  0.49751531,  0.36121445,  0.56490111,  1.47178015,
        2.21232561,  0.01625615, -0.00676984, -0.37679929, -2.57358808,
       -0.31742343, -0.07803271]), array([ 7.86593715e-01,  4.97512079e-01,  3.59367392e-01,  5.52078618e-01,
        1.47022625e+00,  2.21191445e+00,  1.99166118e-02, -6.46714070e-04,
       -3.69411945e-01, -2.56449920e+00, -3.10779588e-01, -8.22318178e-02]), array([ 0.78670475,  0.49754246,  0.35755928,  0.53931773,  1.46869977,
        2.21148252,  0.02220656,  0.00607705, -0.36162176, -2.5521767 ,
       -0.30529692, -0.0863854 ]), array([ 0.78682079,  0.49760929,  0.35579196,  0.52663373,  1.46719503,
        2.21103014,  0.02320809,  0.01336559, -0.3534649 , -2.53680074,
       -0.30094673, -0.09047537]), array([ 0.7869358 ,  0.49771519,  0.35406706,  0.51404099,  1.46570659,
        2.21055772,  0.02300285,  0.02117912, -0.34497952, -2.51854762,
       -0.29768975, -0.09448519]), array([ 0.78704416,  0.49786256,  0.35238603,  0.50155304,  1.4642292 ,
        2.21006572,  0.02167156,  0.02947447, -0.33620534, -2.49758989,
       -0.29547704, -0.09839998]), array([ 0.78714063,  0.49805359,  0.35075012,  0.48918256,  1.46275795,
        2.20955468,  0.01929356,  0.03820546, -0.32718333, -2.47409631,
       -0.29425094, -0.10220651]), array([ 0.78722036,  0.4982902 ,  0.34916034,  0.4769414 ,  1.46128822,
        2.20902522,  0.01594635,  0.04732341, -0.31795539, -2.44823183,
       -0.293946  , -0.10589327]), array([ 0.78727889,  0.49857409,  0.34761752,  0.46484062,  1.45981577,
        2.20847797,  0.01170527,  0.05677756, -0.30856397, -2.4201574 ,
       -0.29449   , -0.10945048]), array([ 0.7873121 ,  0.49890667,  0.34612226,  0.45289047,  1.45833674,
        2.20791362,  0.00664315,  0.06651554, -0.29905179, -2.3900298 ,
       -0.29580484, -0.11287   ]), array([ 7.87316252e-01,  4.99289089e-01,  3.44674955e-01,  4.41100460e-01,
        1.45684770e+00,  2.20733289e+00,  8.30040132e-04,  7.64837694e-02,
       -2.89461538e-01, -2.35800142e+00, -2.97807510e-01, -1.16145385e-01]), array([ 0.78728792,  0.49972223,  0.34327578,  0.42947936,  1.45534565,
        2.20673653, -0.005667  ,  0.08662787, -0.27983559, -2.32422002,
       -0.30041102, -0.11927177]), array([ 0.787224  ,  0.50020669,  0.3419247 ,  0.41803522,  1.45382802,
        2.2061253 , -0.01278411,  0.09689308, -0.27021576, -2.28882849,
       -0.3035253 , -0.12224582]), array([ 0.78712169,  0.50074282,  0.34062148,  0.40677539,  1.45229273,
        2.20549997, -0.02046077,  0.10722459, -0.26064301, -2.25196459,
       -0.30705802, -0.12506565]), array([ 0.78697849,  0.50133066,  0.3393657 ,  0.39570659,  1.45073815,
        2.20486132, -0.02863989,  0.11756793, -0.25115732, -2.21376075,
       -0.31091545, -0.12773075]), array([ 0.78679215,  0.50197   ,  0.33815671,  0.38483487,  1.44916314,
        2.20421011, -0.03726788,  0.12786923, -0.24179741, -2.17434379,
       -0.31500318, -0.13024184]), array([ 0.78656068,  0.50266038,  0.33699371,  0.3741657 ,  1.447567  ,
        2.20354711, -0.04629471,  0.13807559, -0.23260062, -2.13383483,
       -0.3192269 , -0.1326008 ]), array([ 0.78628231,  0.50340106,  0.33587569,  0.36370395,  1.44594954,
        2.20287305, -0.05567387,  0.1481353 , -0.22360273, -2.09234903,
       -0.32349302, -0.13481055]), array([ 0.7859555 ,  0.50419105,  0.3348015 ,  0.35345397,  1.44431099,
        2.20218868, -0.06536239,  0.1579981 , -0.21483782, -2.04999552,
       -0.3277093 , -0.13687495]), array([ 0.7855789 ,  0.50502912,  0.33376981,  0.34341959,  1.44265207,
        2.20149469, -0.07532075,  0.1676154 , -0.20633821, -2.00687727,
       -0.33178539, -0.13879864]), array([ 0.78515133,  0.50591383,  0.33277914,  0.33360413,  1.4409739 ,
        2.20079175, -0.08551282,  0.17694046, -0.1981343 , -1.96309106,
       -0.33563338, -0.14058698]), array([ 0.7846718 ,  0.50684347,  0.33182787,  0.3240105 ,  1.43927806,
        2.20008052, -0.09590579,  0.18592859, -0.19025454, -1.91872742,
       -0.33916818, -0.14224591]), array([ 0.78413945,  0.50781616,  0.33091424,  0.31464114,  1.43756652,
        2.19936161, -0.10647003,  0.19453727, -0.18272537, -1.87387066,
       -0.34230799, -0.14378185]), array([ 0.78355356,  0.50882979,  0.33003639,  0.30549815,  1.43584165,
        2.1986356 , -0.11717896,  0.20272625, -0.17557118, -1.8285989 ,
       -0.34497458, -0.14520158]), array([ 0.78291351,  0.50988208,  0.32919231,  0.29658323,  1.43410618,
        2.19790304, -0.12800897,  0.2104577 , -0.1688143 , -1.78298415,
       -0.34709362, -0.14651218]), array([ 0.78221882,  0.51097056,  0.32837994,  0.28789777,  1.4323632 ,
        2.19716444, -0.13893921,  0.21769627, -0.16247495, -1.73709239,
       -0.34859492, -0.14772092]), array([ 0.78146906,  0.5120926 ,  0.32759708,  0.27944285,  1.43061614,
        2.19642026, -0.14995147,  0.22440913, -0.15657131, -1.69098374,
       -0.34941265, -0.14883515]), array([ 0.78066391,  0.51324543,  0.32684149,  0.27121928,  1.42886871,
        2.19567095, -0.16103005,  0.23056605, -0.15111949, -1.64471258,
       -0.34948548, -0.14986227]), array([ 0.7798031 ,  0.51442613,  0.32611082,  0.26322765,  1.42712493,
        2.1949169 , -0.17216152,  0.23613938, -0.14613357, -1.59832773,
       -0.34875672, -0.15080962]), array([ 0.77888643,  0.51563165,  0.32540269,  0.25546828,  1.42538906,
        2.19415848, -0.18333467,  0.24110411, -0.14162566, -1.55187267,
       -0.34717441, -0.15168445]), array([ 0.77790174,  0.516816  ,  0.32460933,  0.24806708,  1.42330194,
        2.19341019, -0.19693807,  0.23686996, -0.15867243, -1.48023985,
       -0.41742321, -0.1496579 ])], 'U_history': [array([ 60.        , -60.        ,  -1.51322644,  10.        ,
       -10.        , -10.        ]), array([60.        , 60.        ,  8.44051761, 10.        , -1.89485993,
       10.        ]), array([ 60.        , -60.        ,  -3.94109888, -10.        ,
        -1.61315855,  10.        ]), array([ 60.        ,  60.        ,   8.69342121,  10.        ,
         3.63718605, -10.        ]), array([ 60.        , -60.        ,  -3.99371359, -10.        ,
        -1.46304265, -10.        ]), array([36.        , 36.        ,  5.07008918,  6.        ,  2.31161879,
        6.        ]), array([ 24.        , -24.        ,  -1.63683205,  -4.        ,
        -0.49506934,   4.        ]), array([ 5.14293125, 12.        ,  1.68027783,  2.        ,  0.78711201,
       -2.        ]), array([  0.75120308, -24.        ,  -1.64072284,  -4.        ,
        -0.30823871,   4.        ]), array([  3.08541193,  60.        ,   8.44919813,  10.        ,
         4.34527728, -10.        ]), array([ -0.189554  , -60.        ,  -3.93782483, -10.        ,
        -0.51978995,  10.        ]), array([  3.31808541,  60.        ,   8.50300503,  10.        ,
         4.39116705, -10.        ]), array([ -0.58282901, -60.        ,  -3.7937617 , -10.        ,
        -0.44764043,  10.        ]), array([  3.84762699,  60.        ,   8.58171852,  10.        ,
         4.42751855, -10.        ]), array([ -1.49098163, -60.        ,  -3.75190802,  10.        ,
        -0.39526199,  10.        ]), array([  2.72026581,  60.        ,   9.31015965, -10.        ,
         4.84607561, -10.        ]), array([ -0.23668235, -60.        ,  -4.19780693,  10.        ,
        -0.64467926,  10.        ]), array([  2.56520225,  60.        ,   9.16566388, -10.        ,
         4.88114273, -10.        ]), array([ 2.23495000e-02, -6.00000000e+01, -3.90949686e+00,  1.00000000e+01,
       -6.26233304e-01,  1.00000000e+01]), array([  2.15437171,  60.        ,   9.01110495, -10.        ,
         4.92936519, -10.        ]), array([  0.863385  , -60.        ,  -3.51651424, -10.        ,
        -0.60123183, -10.        ]), array([ 1.79075445, 60.        ,  9.01031205, 10.        ,  4.98299559,
       10.        ]), array([  0.31929853, -60.        ,  -3.57578679, -10.        ,
        -0.60683373, -10.        ]), array([ 2.00891325, 60.        ,  8.98511376, 10.        ,  4.97943492,
       10.        ]), array([  0.15048384, -60.        ,  -3.39722392, -10.        ,
        -0.53000617, -10.        ]), array([ 2.44736337, 60.        ,  9.00139776, 10.        ,  4.98331934,
       10.        ]), array([ -0.63876786, -60.        ,  -3.34938647,  10.        ,
        -0.4762694 , -10.        ]), array([  0.40305503,  60.        ,   9.40171118, -10.        ,
         5.42958892,  10.        ]), array([  1.58510995, -60.        ,  -3.50721663,  10.        ,
        -0.79962031, -10.        ]), array([  0.38495677,  60.        ,   9.193162  , -10.        ,
         5.42162909,  10.        ]), array([  1.82607508, -60.        ,  -3.37626377,  10.        ,
        -0.83217286, -10.        ]), array([-2.29764433e-02,  6.00000000e+01,  7.15887802e+00, -1.00000000e+01,
        4.76639235e+00,  1.00000000e+01]), array([  2.76921466,  60.        ,   3.23009487, -10.        ,
         1.57774198, -10.        ]), array([  0.81240454, -60.        ,  -2.2540096 ,  10.        ,
        -0.38153996,  10.        ]), array([  1.6515635 ,  60.        ,   9.60207905, -10.        ,
         5.46431398, -10.        ]), array([  0.41440922, -60.        ,  -2.17872092,  10.        ,
        -0.31721966,  10.        ]), array([  1.87833944,  60.        ,   9.73449634, -10.        ,
         5.41016974, -10.        ]), array([  0.23504994, -60.        ,  -2.22471232,  10.        ,
        -0.22140224,  10.        ]), array([  2.12690386,  60.        ,   9.84405126, -10.        ,
         5.34763902, -10.        ]), array([  0.31541316, -60.        ,  -2.21432836,  10.        ,
        -0.12386345,  10.        ]), array([  1.65946813,  60.        ,   9.80695749,  10.        ,
         5.26675829, -10.        ]), array([ -1.85675855, -60.        ,  -1.72740276, -10.        ,
         0.36476569,  10.        ]), array([  3.82643378,  60.        ,   9.41122941,  10.        ,
         4.8555015 , -10.        ]), array([ -1.16873899, -60.        ,  -1.70741334, -10.        ,
         0.39027848,  10.        ]), array([  3.41064847,  60.        ,   9.43379776,  10.        ,
         4.82264815, -10.        ]), array([ -0.72255704, -60.        ,  -1.67630583, -10.        ,
         0.43961145,  10.        ]), array([  3.04101919,  60.        ,   9.45060061,  10.        ,
         4.78062933, -10.        ]), array([ -0.31677298, -60.        ,  -1.64333307, -10.        ,
         0.49290087,  10.        ]), array([  2.71235013,  60.        ,   9.45926821,  10.        ,
         4.72904575, -10.        ]), array([ -0.19154269, -60.        ,  -1.63855639, -10.        ,
         0.55281283,  10.        ]), array([  3.16430723,  60.        ,   9.7608826 , -10.        ,
         4.73444913, -10.        ]), array([  0.37169147, -60.        ,   0.50900277,  10.        ,
         1.18576129,  10.        ]), array([  2.74035844, -60.        ,   3.40959299, -10.        ,
         2.43879625, -10.        ]), array([ 0.33491229, 60.        ,  8.30652556, 10.        ,  4.38211549,
       10.        ]), array([  3.74057238, -60.        ,  -1.61987663, -10.        ,
         0.46068443, -10.        ]), array([ 0.70297841, 60.        ,  8.22508449, 10.        ,  4.34115484,
       10.        ]), array([  3.56285948, -60.        ,  -1.49284641, -10.        ,
         0.48213539, -10.        ]), array([ 1.02634037, 60.        ,  8.18742983, 10.        ,  4.33332229,
       10.        ]), array([  3.41988169, -60.        ,  -1.36999558, -10.        ,
         0.49653339, -10.        ]), array([ 1.32498058, 60.        ,  8.15359069, 10.        ,  4.32781973,
       10.        ]), array([  3.31131479, -60.        ,  -1.25169429, -10.        ,
         0.50429641, -10.        ]), array([ 1.60105339, 60.        ,  8.12391737, 10.        ,  4.32398815,
       10.        ]), array([  3.23405893, -60.        ,  -1.13827917, -10.        ,
         0.50605596, -10.        ]), array([ 1.85575814, 60.        ,  8.08757266, 10.        ,  4.31733662,
       10.        ]), array([  3.18038073, -60.        ,  -1.16786661, -10.        ,
         0.45411136, -10.        ]), array([ 2.05337291, 60.        ,  6.42161066, 10.        ,  3.73328859,
       10.        ]), array([  3.3243194 ,  60.        ,   4.41124251, -10.        ,
         2.46751832, -10.        ]), array([  0.14790583, -60.        ,  -1.37749747,  10.        ,
         0.27570249,  10.        ]), array([  4.4874008 ,  60.        ,  10.08016704, -10.        ,
         4.87144223, -10.        ]), array([ 1.86706335e-02, -6.00000000e+01, -1.31295098e+00,  1.00000000e+01,
        3.36164994e-01,  1.00000000e+01]), array([  4.7602352 ,  60.        ,  10.03456392, -10.        ,
         4.73878553, -10.        ]), array([-2.57236469e-02, -6.00000000e+01, -1.19805911e+00,  1.00000000e+01,
        4.26721733e-01,  1.00000000e+01]), array([  5.03631256,  60.        ,   9.98223908, -10.        ,
         4.60485108, -10.        ]), array([ -0.06492748, -60.        ,  -1.06948432,  10.        ,
         0.51468814,  10.        ]), array([  5.31334384,  60.        ,   9.92644724, -10.        ,
         4.47103849, -10.        ]), array([ -0.09965927, -60.        ,  -0.91671641,  10.        ,
         0.60356119,  10.        ]), array([  5.61075218,  60.        ,  10.00259315, -10.        ,
         4.38392308, -10.        ]), array([  0.16548378, -60.        ,   0.869803  ,  10.        ,
         1.25584888,  10.        ]), array([  4.96654203, -60.        ,   4.5389078 ,  10.        ,
         2.28490211,  10.        ]), array([  7.39525812,  60.        ,   8.80901122, -10.        ,
         3.80923445, -10.        ]), array([  0.67455716, -60.        ,  -1.28301779,  10.        ,
         0.70609486,  10.        ]), array([  7.3784751 ,  60.        ,   8.85025458, -10.        ,
         3.88481847, -10.        ]), array([  0.97650999, -60.        ,  -1.03021258,  10.        ,
         0.67365304,  10.        ]), array([  7.40288504,  60.        ,   8.81099141, -10.        ,
         3.90055124, -10.        ]), array([  1.53058064, -60.        ,  -0.76702845,  10.        ,
         0.63945001,  10.        ]), array([  6.70816221,  60.        ,   8.72873953,  10.        ,
         3.90700549, -10.        ]), array([  0.60801842, -60.        ,   0.3230872 , -10.        ,
         1.14380978,  10.        ]), array([  7.26787445,  60.        ,   6.17443571,  10.        ,
         2.94211723, -10.        ]), array([  1.13510827,  60.        ,   5.16706066, -10.        ,
         2.77363038, -10.        ]), array([ -0.13011093, -60.        ,   0.4164567 ,  10.        ,
         0.60768436,  10.        ]), array([  4.89420899,  60.        ,   9.70420734, -10.        ,
         4.3265552 , -10.        ]), array([  0.44184383, -60.        ,   0.88787603, -10.        ,
         0.70640112,  10.        ]), array([  6.73152147,  60.        ,  10.06103221, -10.        ,
         3.84184653, -10.        ]), array([  1.21880545, -60.        ,   1.84393429,  10.        ,
         0.88961435,  10.        ]), array([  6.17577494,  60.        ,   9.44769401, -10.        ,
         3.76051548, -10.        ]), array([  1.72107708, -60.        ,   3.67282834, -10.        ,
         1.45202994,  10.        ]), array([  7.74471872, -60.        ,   5.34614243,  10.        ,
         1.91119423,  10.        ]), array([ 10.56528175,  60.        ,   7.92113319, -10.        ,
         2.90227738, -10.        ]), array([  4.0970406 , -60.        ,   1.70429539,  10.        ,
         0.88972934,  10.        ]), array([ 10.58774501,  60.        ,   8.48232232,  10.        ,
         3.03526986, -10.        ]), array([  2.13020777, -60.        ,   2.42833951, -10.        ,
         1.13848614,  10.        ]), array([ 12.40852774,  60.        ,   8.93222863,  10.        ,
         3.14372974, -10.        ]), array([  2.00733716, -60.        ,   3.11144214, -10.        ,
         1.18663844, -10.        ]), array([ 2.1092458 , 60.        ,  9.90588258, 10.        ,  3.74704505,
       10.        ]), array([  8.43474423, -60.        ,   3.37246127,  10.        ,
         0.96865056,  10.        ]), array([ 12.78628992,  60.        ,   8.26577486, -10.        ,
         2.98299537, -10.        ]), array([  2.91457539, -60.        ,   9.97434657,  10.        ,
         3.15194088,  10.        ]), array([ 14.60085406,  60.        ,   9.82653565, -10.        ,
         3.30522124,  10.        ]), array([ 22.50107732, -60.        ,   5.85972561,  10.        ,
         0.96055283, -10.        ]), array([  3.28888478, -36.        ,   6.24961326,   6.        ,
         2.2524633 ,   6.        ]), array([ 24.77747337,  60.        ,  11.312205  , -10.        ,
         3.92758239, -10.        ]), array([  7.59941461, -36.        ,   7.63517295,  -6.        ,
         2.3408849 ,   6.        ]), array([ 41.78991232,  60.        ,  13.58465937, -10.        ,
         3.93603694, -10.        ]), array([ 10.1602912 , -24.        ,   5.47124458,   4.        ,
         1.44397749,  -4.        ]), array([ 0., -0.,  0., -0.,  0., -0.]), array([  6.20790226, -12.        ,   6.        ,  -2.        ,
         1.87362648,   2.        ]), array([ 12., -12.,   6.,   2.,   2.,  -2.]), array([ 0., -0.,  0.,  0.,  0.,  0.]), array([ 12., -12.,   6.,  -2.,   2.,  -2.]), array([-12.8461085,  60.       , -30.       , -10.       , -10.       ,
        10.       ]), array([-7.35738876,  2.12093127, -5.64004888,  2.32221887, -6.94608241,
       -1.65560404]), array([-6.96040628,  1.9325002 , -5.13596479,  2.29873563, -5.84191858,
       -1.00158133]), array([-6.59312602,  1.77103593, -4.64456145,  2.24055071, -4.90853197,
       -0.63414266]), array([-6.25216804,  1.63309723, -4.17319226,  2.15724382, -4.11673534,
       -0.4251794 ]), array([-5.93456734,  1.51584394, -3.72614553,  2.05647308, -3.44255893,
       -0.30397838]), array([-5.63775291,  1.41689602, -3.30565196,  1.94418272, -2.866301  ,
       -0.23150507]), array([-5.35950011,  1.33423152, -2.91255497,  1.82488816, -2.37175485,
       -0.18620959]), array([-5.09787896,  1.2661118 , -2.54676603,  1.70195691, -1.9455772 ,
       -0.15619188]), array([-4.85120689,  1.21102603, -2.20757913,  1.57785532, -1.57677096,
       -0.13487693]), array([-4.61800876,  1.16764952, -1.89389053,  1.45435372, -1.25626175,
       -0.11862768]), array([-4.39698406,  1.13481221, -1.60435333,  1.33269181, -0.97655108,
       -0.10542762]), array([-4.18698059,  1.11147424, -1.33748653,  1.21370946, -0.73143251,
       -0.09415388]), array([-3.98697338,  1.09670683, -1.09175173,  1.09794886, -0.51575954,
       -0.08417634]), array([-3.79604777,  1.08967702, -0.86560657,  0.9857335 , -0.32525574,
       -0.07513654]), array([-3.61338578,  1.08963515, -0.65754152,  0.87722867, -0.15635952,
       -0.06682596]), array([-3.43825497,  1.09590451, -0.4661044 ,  0.77248753, -0.00609725,
       -0.05911892]), array([-3.26999921,  1.10787258, -0.2899161 ,  0.67148578,  0.12802055,
       -0.05193577]), array([-3.10803098,  1.12498353, -0.12767987,  0.57414771,  0.24808412,
       -0.04522262]), array([-2.95182471,  1.14673168,  0.02181397,  0.48036532,  0.35585399,
       -0.0389402 ]), array([-2.80091111,  1.17265584,  0.15968669,  0.3900124 ,  0.45281795,
       -0.03305776]), array([-2.65487208,  1.20233427,  0.28697212,  0.30295458,  0.54023773,
       -0.02754978]), array([-2.51333628,  1.2353803 ,  0.40461918,  0.21905642,  0.61918743,
       -0.02239401]), array([-2.37597503,  1.27143838,  0.51349557,  0.13818623,  0.69058498,
       -0.01757054]), array([-2.24249861,  1.31018062,  0.61439207,  0.06021919,  0.75521819,
       -0.01306112]), array([-2.1126529 ,  1.35130373,  0.70802728, -0.01496078,  0.81376611,
       -0.00884888]), array([-1.9862162 ,  1.39452631,  0.79505245, -0.08746001,  0.86681674,
       -0.00491808]), array([-1.86299629e+00,  1.43958649e+00,  8.76056486e-01, -1.57374827e-01,
        9.14881686e-01, -1.25394328e-03]), array([-1.74282775,  1.48623978,  0.95157069, -0.22479167,  0.9584083 ,
        0.00215742]), array([-1.62556933,  1.5342573 ,  1.02207352, -0.2897876 ,  0.99778977,
        0.00532912]), array([-1.51110162,  1.58342414,  1.08799502, -0.35243095,  1.0333735 ,
        0.00827355]), array([-1.39932473,  1.63353801,  1.14972109, -0.41278216,  1.06546812,
        0.01100247]), array([-1.29015623,  1.68440806,  1.20759744, -0.47089461,  1.09434931,
        0.01352704]), array([-1.18352915,  1.73585382,  1.2619334 , -0.52681555,  1.12026472,
        0.01585787]), array([-1.07939012,  1.7877044 ,  1.31300529, -0.58058696,  1.14343803,
        0.01800511]), array([-0.97769765,  1.83979772,  1.36105972, -0.63224635,  1.16407239,
        0.01997841]), array([-0.87842051,  1.89197989,  1.40631654, -0.68182764,  1.18235328,
        0.02178704]), array([-0.78153623,  1.94410479,  1.44897154, -0.7293618 ,  1.19845094,
        0.02343987]), array([-0.6870297 ,  1.99603354,  1.48919902, -0.77487757,  1.21252237,
        0.02494541]), array([-0.59489189,  2.04763427,  1.52715406, -0.81840205,  1.22471302,
        0.02631183]), array([-0.50511866,  2.09878179,  1.56297461, -0.85996125,  1.23515824,
        0.02754699]), array([-0.41770971,  2.1493574 ,  1.59678342, -0.89958051,  1.24398443,
        0.02865844]), array([-0.33266753,  2.19924871,  1.62868978, -0.93728496,  1.25131006,
        0.02965347]), array([-0.24999654,  2.24834954,  1.6587911 , -0.97309985,  1.25724648,
        0.03053907]), array([-0.16970229,  2.29655979,  1.68717436, -1.00705082,  1.26189861,
        0.03132198]), array([-0.09179072,  2.34378535,  1.71391735, -1.03916418,  1.26536551,
        0.03200868]), array([-0.01626753,  2.38993808,  1.7390899 , -1.06946706,  1.26774089,
        0.03260539]), array([ 0.05686241,  2.43493574,  1.76275485, -1.09798758,  1.26911345,
        0.03311811]), array([ 0.12759551,  2.47870191,  1.78496909, -1.12475498,  1.26956725,
        0.03355257]), array([ 0.19592993,  2.521166  ,  1.80578429, -1.14979965,  1.26918195,
        0.03391428]), array([ 0.26186588,  2.56226317,  1.82524772, -1.17315322,  1.26803306,
        0.03420851]), array([ 0.32540599,  2.6019343 ,  1.84340288, -1.19484854,  1.26619212,
        0.03444029]), array([ 0.38655546,  2.64012589,  1.8602901 , -1.21491971,  1.26372687,
        0.03461444]), array([ 0.44532234,  2.67679006,  1.87594706, -1.23340203,  1.26070138,
        0.03473554]), array([ 0.50171759,  2.71188443,  1.89040921, -1.25033198,  1.25717615,
        0.03480794]), array([ 6.22481764e+00,  4.88764183e+00,  3.24977271e+00, -6.16717866e+00,
        1.92180994e+00,  4.05457864e-15]), array([ 6.32511985e+00,  4.44691012e+00,  2.89460223e+00, -5.95060466e+00,
        1.59402323e+00,  3.87646830e-15]), array([ 6.36278722e+00,  4.04888477e+00,  2.60412140e+00, -5.73604657e+00,
        1.36049823e+00, -8.55215154e-17]), array([ 6.35357789e+00,  3.68756852e+00,  2.36400460e+00, -5.52613489e+00,
        1.19752860e+00,  2.64864600e-15]), array([ 6.30931904e+00,  3.35856893e+00,  2.16358204e+00, -5.32267657e+00,
        1.08713143e+00,  4.24291960e-15]), array([ 6.23882619e+00,  3.05862427e+00,  1.99487759e+00, -5.12683436e+00,
        1.01568359e+00,  1.06303260e-15]), array([ 6.14862694e+00,  2.78526310e+00,  1.85190080e+00, -4.93927216e+00,
        9.72881768e-01,  4.73407745e-16]), array([ 6.04352586e+00,  2.53656237e+00,  1.73012597e+00, -4.76027281e+00,
        9.50948662e-01,  9.28479633e-16]), array([ 5.92704225e+00,  2.31097711e+00,  1.62610869e+00, -4.58983345e+00,
        9.44026822e-01,  8.66775144e-16]), array([ 5.80174696e+00,  2.10722104e+00,  1.53720335e+00, -4.42774235e+00,
        9.47715989e-01,  1.72532263e-15]), array([ 5.66951975e+00,  1.92418333e+00,  1.46135478e+00, -4.27364055e+00,
        9.58720195e-01,  2.53338674e-15]), array([ 5.53174439e+00,  1.76087069e+00,  1.39694457e+00, -4.12707106e+00,
        9.74578925e-01, -2.47271216e-17]), array([ 5.38945532e+00,  1.61636711e+00,  1.34267742e+00, -3.98751757e+00,
        9.93462621e-01,  2.39359323e-15]), array([ 5.24344673e+00,  1.48980592e+00,  1.29749719e+00, -3.85443473e+00,
        1.01401743e+00,  1.51044213e-15]), array([ 5.09435273e+00,  1.38035043e+00,  1.26052480e+00, -3.72727146e+00,
        1.03524758e+00,  2.21511404e-15]), array([ 4.94270520e+00,  1.28718054e+00,  1.23101227e+00, -3.60548845e+00,
        1.05642650e+00,  3.41334388e-16]), array([ 4.78897471e+00,  1.20948354e+00,  1.20830881e+00, -3.48857111e+00,
        1.07702981e+00,  1.35192475e-15]), array([ 4.63359861e+00,  1.14644800e+00,  1.19183577e+00, -3.37603861e+00,
        1.09668499e+00,  6.13439125e-16]), array([ 4.47699933e+00,  1.09725974e+00,  1.18106824e+00, -3.26744995e+00,
        1.11513359e+00,  1.53488363e-15]), array([ 4.31959558e+00,  1.06109953e+00,  1.17552162e+00, -3.16240754e+00,
        1.13220308e+00,  1.82901970e-15]), array([ 4.16180815e+00,  1.03714198e+00,  1.17474185e+00, -3.06055885e+00,
        1.14778580e+00, -1.35692629e-16]), array([ 4.00406191e+00,  1.02455548e+00,  1.17829843e+00, -2.96159650e+00,
        1.16182333e+00,  1.24626844e-15]), array([ 3.84678516e+00,  1.02250285e+00,  1.18577955e+00, -2.86525720e+00,
        1.17429487e+00, -6.07408316e-16]), array([ 3.69040712e+00,  1.03014277e+00,  1.19678872e+00, -2.77131972e+00,
        1.18520862e+00,  6.73466631e-16]), array([ 3.53535424e+00,  1.04663164e+00,  1.21094265e+00, -2.67960226e+00,
        1.19459531e+00,  1.31260824e-15]), array([ 3.38204594e+00,  1.07112601e+00,  1.22786992e+00, -2.58995930e+00,
        1.20250336e+00,  8.30278607e-16]), array([ 3.23089009e+00,  1.10278529e+00,  1.24721038e+00, -2.50227811e+00,
        1.20899522e+00,  5.61579178e-16]), array([ 3.08227840e+00,  1.14077484e+00,  1.26861501e+00, -2.41647515e+00,
        1.21414449e+00,  3.93194597e-16]), array([ 2.93658224e+00,  1.18426924e+00,  1.29174607e+00, -2.33249231e+00,
        1.21803365e+00,  3.62294395e-16]), array([ 2.79414870e+00,  1.23245566e+00,  1.31627759e+00, -2.25029324e+00,
        1.22075223e+00,  3.31139890e-16]), array([ 2.65529719e+00,  1.28453744e+00,  1.34189593e+00, -2.16985966e+00,
        1.22239524e+00,  3.22354820e-16]), array([ 2.52031663e+00,  1.33973750e+00,  1.36830045e+00, -2.09118799e+00,
        1.22306179e+00,  8.98492765e-16]), array([ 2.38946317e+00,  1.39730185e+00,  1.39520426e+00, -2.01428595e+00,
        1.22285387e+00,  1.00858939e-15]), array([ 2.26295858e+00,  1.45650284e+00,  1.42233493e+00, -1.93916961e+00,
        1.22187526e+00,  1.04174495e-16]), array([ 2.14098913e+00,  1.51664229e+00,  1.44943514e+00, -1.86586052e+00,
        1.22023046e+00,  7.93994198e-16]), array([ 2.02370516e+00,  1.57705436e+00,  1.47626329e+00, -1.79438325e+00,
        1.21802373e+00,  4.71252920e-16]), array([ 1.91122105e+00,  1.63710816e+00,  1.50259403e+00, -1.72476309e+00,
        1.21535822e+00, -1.07992002e-16]), array([ 1.80361581e+00,  1.69620997e+00,  1.52821867e+00, -1.65702416e+00,
        1.21233507e+00,  4.28054048e-17]), array([ 1.70093397e+00,  1.75380521e+00,  1.55294550e+00, -1.59118771e+00,
        1.20905272e+00,  1.24290222e-16]), array([ 1.60318693e+00,  1.80937992e+00,  1.57659991e+00, -1.52727077e+00,
        1.20560614e+00,  7.09442858e-16]), array([ 1.51035467e+00,  1.86246194e+00,  1.59902451e+00, -1.46528502e+00,
        1.20208628e+00,  3.13150005e-16]), array([ 1.42238760e+00,  1.91262170e+00,  1.62007904e+00, -1.40523596e+00,
        1.19857948e+00,  5.33351277e-16]), array([ 1.33920877e+00,  1.95947255e+00,  1.63964017e+00, -1.34712229e+00,
        1.19516705e+00,  5.74218521e-17]), array([ 1.26071613e+00,  2.00267081e+00,  1.65760121e+00, -1.29093552e+00,
        1.19192490e+00,  2.83847620e-16]), array([ 1.18678499e+00,  2.04191541e+00,  1.67387173e+00, -1.23665979e+00,
        1.18892322e+00,  3.08323126e-16]), array([ 1.11727044e+00,  2.07694720e+00,  1.68837701e+00, -1.18427183e+00,
        1.18622632e+00,  4.83713417e-17]), array([ 1.05200990e+00,  2.10754798e+00,  1.70105746e+00, -1.13374111e+00,
        1.18389249e+00, -1.88293774e-16]), array([ 9.90825601e-01,  2.13353922e+00,  1.71186800e+00, -1.08503013e+00,
        1.18197395e+00,  5.02708142e-16]), array([ 9.33527018e-01,  2.15478060e+00,  1.72077726e+00, -1.03809477e+00,
        1.18051684e+00,  5.15294837e-16]), array([ 8.79913234e-01,  2.17116822e+00,  1.72776685e+00, -9.92884792e-01,
        1.17956136e+00,  4.34736706e-16]), array([ 8.29775214e-01,  2.18263282e+00,  1.73283049e+00, -9.49344349e-01,
        1.17914185e+00,  8.12813048e-17]), array([ 7.82897952e-01,  2.18913766e+00,  1.73597320e+00, -9.07412599e-01,
        1.17928699e+00, -4.12995966e-18]), array([ 7.39062491e-01,  2.19067644e+00,  1.73721040e+00, -8.67024318e-01,
        1.18002003e+00, -1.64234224e-17]), array([ 6.98047799e-01,  2.18727113e+00,  1.73656703e+00, -8.28110545e-01,
        1.18135904e+00, -4.31131147e-16]), array([ 6.59632492e-01,  2.17896967e+00,  1.73407666e+00, -7.90599228e-01,
        1.18331719e+00, -1.90990891e-16]), array([ 6.23596410e-01,  2.16584374e+00,  1.72978066e+00, -7.54415868e-01,
        1.18590305e+00,  3.47307640e-16]), array([ 5.89722031e-01,  2.14798653e+00,  1.72372728e+00, -7.19484138e-01,
        1.18912090e+00,  1.17921558e-17]), array([ 5.57795734e-01,  2.12551053e+00,  1.71597088e+00, -6.85726486e-01,
        1.19297106e+00,  1.34570986e-16]), array([ 5.27608916e-01,  2.09854537e+00,  1.70657107e+00, -6.53064697e-01,
        1.19745018e+00,  3.53548671e-16]), array([ 4.98958957e-01,  2.06723574e+00,  1.69559200e+00, -6.21420429e-01,
        1.20255162e+00,  1.06449905e-16]), array([ 4.71650048e-01,  2.03173940e+00,  1.68310157e+00, -5.90715698e-01,
        1.20826570e+00,  1.75222599e-17]), array([0., 0., 0., 0., 0., 0.])], 'ball_pos_history': [array([-0.55602978, -7.94221066,  1.24899087]), array([-0.55759572, -7.89723791,  1.23364308]), array([-0.55916167, -7.85226517,  1.21805004]), array([-0.56072761, -7.80729242,  1.20221175]), array([-0.56229355, -7.76231968,  1.18612821]), array([-0.5638595 , -7.71734693,  1.16979942]), array([-0.56542544, -7.67237418,  1.15322538]), array([-0.56699139, -7.62740144,  1.13640609]), array([-0.56855733, -7.58242869,  1.11934155]), array([-0.57012327, -7.53745595,  1.10203176]), array([-0.57168922, -7.4924832 ,  1.08447672]), array([-0.57325516, -7.44751046,  1.06667643]), array([-0.57482111, -7.40253771,  1.04863089]), array([-0.57638705, -7.35756497,  1.0303401 ]), array([-0.57795299, -7.31259222,  1.01180406]), array([-0.57951894, -7.26761948,  0.99302277]), array([-0.58108488, -7.22264673,  0.97399623]), array([-0.58265083, -7.17767399,  0.95472444]), array([-0.58421677, -7.13270124,  0.93520739]), array([-0.58578271, -7.0877285 ,  0.9154451 ]), array([-0.58734866, -7.04275575,  0.89543756]), array([-0.5889146 , -6.99778301,  0.87518477]), array([-0.59048055, -6.95281026,  0.85468673]), array([-0.59204649, -6.90783751,  0.83394344]), array([-0.59361243, -6.86286477,  0.8129549 ]), array([-0.59517838, -6.81789202,  0.79172111]), array([-0.59674432, -6.77291928,  0.77024207]), array([-0.59831026, -6.72794653,  0.74851778]), array([-0.59987621, -6.68297379,  0.72654824]), array([-0.60144215, -6.63800104,  0.70433345]), array([-0.6030081 , -6.5930283 ,  0.68187341]), array([-0.60457404, -6.54805555,  0.65916812]), array([-0.60613998, -6.50308281,  0.63621758]), array([-0.60770593, -6.45811006,  0.61302179]), array([-0.60927187, -6.41313732,  0.58958075]), array([-0.61083782, -6.36816457,  0.56589446]), array([-0.61240376, -6.32319183,  0.54196292]), array([-0.6139697 , -6.27821908,  0.51778613]), array([-0.61553565, -6.23324634,  0.49336409]), array([-0.61710159, -6.18827359,  0.4686968 ]), array([-0.61866754, -6.14330084,  0.44378425]), array([-0.62023348, -6.0983281 ,  0.41862646]), array([-0.62179942, -6.05335535,  0.39322342]), array([-0.62336537, -6.00838261,  0.36757513]), array([-0.62493131, -5.96340986,  0.34168159]), array([-0.62649726, -5.91843712,  0.3155428 ]), array([-0.6280632 , -5.87346437,  0.28915876]), array([-0.62962914, -5.82849163,  0.26252947]), array([-0.63119509, -5.78351888,  0.23565493]), array([-0.63276103, -5.73854614,  0.20853514]), array([-0.63432698, -5.69357339,  0.1811701 ]), array([-0.63589292, -5.64860065,  0.15355981]), array([-0.63745886, -5.6036279 ,  0.12570427]), array([-0.63902481, -5.55865516,  0.09760348]), array([-0.64059075, -5.51368241,  0.06925744]), array([-0.6421567 , -5.46870967,  0.04066615]), array([-0.64372264, -5.42373692,  0.033     ]), array([-0.64521029, -5.38101281,  0.05438216]), array([-0.64669793, -5.3382887 ,  0.07551906]), array([-0.64818558, -5.2955646 ,  0.09641072]), array([-0.64967323, -5.25284049,  0.11705712]), array([-0.65116087, -5.21011638,  0.13745828]), array([-0.65264852, -5.16739227,  0.15761418]), array([-0.65413617, -5.12466816,  0.17752484]), array([-0.65562381, -5.08194406,  0.19719024]), array([-0.65711146, -5.03921995,  0.2166104 ]), array([-0.65859911, -4.99649584,  0.2357853 ]), array([-0.66008675, -4.95377173,  0.25471496]), array([-0.6615744 , -4.91104762,  0.27339936]), array([-0.66306205, -4.86832352,  0.29183852]), array([-0.66454969, -4.82559941,  0.31003242]), array([-0.66603734, -4.7828753 ,  0.32798108]), array([-0.66752499, -4.74015119,  0.34568449]), array([-0.66901263, -4.69742708,  0.36314264]), array([-0.67050028, -4.65470298,  0.38035555]), array([-0.67198793, -4.61197887,  0.3973232 ]), array([-0.67347557, -4.56925476,  0.41404561]), array([-0.67496322, -4.52653065,  0.43052276]), array([-0.67645087, -4.48380654,  0.44675467]), array([-0.67793851, -4.44108244,  0.46274132]), array([-0.67942616, -4.39835833,  0.47848273]), array([-0.68091381, -4.35563422,  0.49397888]), array([-0.68240146, -4.31291011,  0.50922979]), array([-0.6838891 , -4.270186  ,  0.52423544]), array([-0.68537675, -4.22746189,  0.53899585]), array([-0.6868644 , -4.18473779,  0.55351101]), array([-0.68835204, -4.14201368,  0.56778091]), array([-0.68983969, -4.09928957,  0.58180557]), array([-0.69132734, -4.05656546,  0.59558497]), array([-0.69281498, -4.01384135,  0.60911913]), array([-0.69430263, -3.97111725,  0.62240803]), array([-0.69579028, -3.92839314,  0.63545169]), array([-0.69727792, -3.88566903,  0.64825009]), array([-0.69876557, -3.84294492,  0.66080325]), array([-0.70025322, -3.80022081,  0.67311115]), array([-0.70174086, -3.75749671,  0.68517381]), array([-0.70322851, -3.7147726 ,  0.69699121]), array([-0.70471616, -3.67204849,  0.70856337]), array([-0.7062038 , -3.62932438,  0.71989027]), array([-0.70769145, -3.58660027,  0.73097193]), array([-0.7091791 , -3.54387617,  0.74180834]), array([-0.71066674, -3.50115206,  0.75239949]), array([-0.71215439, -3.45842795,  0.7627454 ]), array([-0.71364204, -3.41570384,  0.77284605]), array([-0.71512968, -3.37297973,  0.78270146]), array([-0.71661733, -3.33025563,  0.79231161]), array([-0.71810498, -3.28753152,  0.80167652]), array([-0.71959262, -3.24480741,  0.81079617]), array([-0.72108027, -3.2020833 ,  0.81967058]), array([-0.72256792, -3.15935919,  0.82829973]), array([-0.72405556, -3.11663509,  0.83668364]), array([-0.72554321, -3.07391098,  0.84482229]), array([-0.72703086, -3.03118687,  0.8527157 ]), array([-0.7285185 , -2.98846276,  0.86036386]), array([-0.73000615, -2.94573865,  0.86776676]), array([-0.7314938 , -2.90301455,  0.87492442]), array([-0.73298144, -2.86029044,  0.88183682]), array([-0.73446909, -2.81756633,  0.88850398]), array([-0.73595674, -2.77484222,  0.89492588]), array([-0.73744439, -2.73211811,  0.90110254]), array([-0.73893203, -2.68939401,  0.90703394]), array([-0.74041968, -2.6466699 ,  0.9127201 ]), array([-0.74190733, -2.60394579,  0.918161  ]), array([-0.74339497, -2.56122168,  0.92335666]), array([-0.74488262, -2.51849757,  0.92830706]), array([-0.74637027, -2.47577347,  0.93301222]), array([-0.74785791, -2.43304936,  0.93747212]), array([-0.74934556, -2.39032525,  0.94168678]), array([-0.75083321, -2.34760114,  0.94565619]), array([-0.75232085, -2.30487703,  0.94938034]), array([-0.7538085 , -2.26215293,  0.95285925]), array([-0.75529615, -2.21942882,  0.9560929 ]), array([-0.75678379, -2.17670471,  0.95908131]), array([-0.75827144, -2.1339806 ,  0.96182446]), array([-0.75975909, -2.09125649,  0.96432237]), array([-0.76124673, -2.04853239,  0.96657502]), array([-0.76273438, -2.00580828,  0.96858243]), array([-0.76422203, -1.96308417,  0.97034458]), array([-0.76570967, -1.92036006,  0.97186149]), array([-0.76719732, -1.87763595,  0.97313314]), array([-0.76868497, -1.83491185,  0.97415955]), array([-0.77017261, -1.79218774,  0.9749407 ]), array([-0.77166026, -1.74946363,  0.97547661]), array([-0.77314791, -1.70673952,  0.97576727]), array([-0.77463555, -1.66401541,  0.97581267]), array([-0.7761232 , -1.62129131,  0.97561283]), array([-0.77761085, -1.5785672 ,  0.97516773]), array([-0.77909849, -1.53584309,  0.97447739]), array([-0.78058614, -1.49311898,  0.97354179]), array([-0.78207379, -1.45039487,  0.97236095]), array([-0.78356143, -1.40767076,  0.97093485]), array([-0.78504908, -1.36494666,  0.96926351]), array([-0.78653673, -1.32222255,  0.96734691]), array([-0.78802437, -1.27949844,  0.96518507]), array([-0.78951202, -1.23677433,  0.96277797]), array([-0.79099967, -1.19405022,  0.96012563]), array([-0.79248731, -1.15132612,  0.95722804]), array([-0.79397496, -1.10860201,  0.95408519]), array([-0.79546261, -1.0658779 ,  0.9506971 ]), array([-0.79695026, -1.02315379,  0.94706375]), array([-0.7984379 , -0.98042968,  0.94318516]), array([-0.79992555, -0.93770558,  0.93906131]), array([-0.8014132 , -0.89498147,  0.93469222]), array([-0.80290084, -0.85225736,  0.93007787]), array([-0.80438849, -0.80953325,  0.92521828]), array([-0.80587614, -0.76680914,  0.92011343]), array([-0.80736378, -0.72408504,  0.91476334]), array([-0.80885143, -0.68136093,  0.90916799]), array([-0.81033908, -0.63863682,  0.9033274 ]), array([-0.81182672, -0.59591271,  0.89724155]), array([-0.81331437, -0.5531886 ,  0.89091046]), array([-0.81480202, -0.5104645 ,  0.88433412]), array([-0.81628966, -0.46774039,  0.87751252]), array([-0.81777731, -0.42501628,  0.87044568]), array([-0.81926496, -0.38229217,  0.86313358]), array([-0.8207526 , -0.33956806,  0.85557624]), array([-0.82224025, -0.29684396,  0.84777364]), array([-0.8237279 , -0.25411985,  0.8397258 ]), array([-0.82521554, -0.21139574,  0.8314327 ]), array([-0.82670319, -0.16867163,  0.82289436]), array([-0.82819084, -0.12594752,  0.81411076]), array([-0.82967848, -0.08322342,  0.80508192]), array([-0.83116613, -0.04049931,  0.79580782]), array([-0.83265378,  0.0022248 ,  0.78628848]), array([-0.83414142,  0.04494891,  0.77652389]), array([-0.83562907,  0.08767302,  0.76651404]), array([-0.83711672,  0.13039712,  0.75625895]), array([-0.83860436,  0.17312123,  0.7457586 ]), array([-0.84009201,  0.21584534,  0.73501301]), array([-0.84157966,  0.25856945,  0.72402216]), array([-0.8430673 ,  0.30129356,  0.71278607]), array([-0.84455495,  0.34401766,  0.70130472]), array([-0.8460426 ,  0.38674177,  0.68957813]), array([-0.84753024,  0.42946588,  0.67760628]), array([-0.84901789,  0.47218999,  0.66538919]), array([-0.85050554,  0.5149141 ,  0.65292684]), array([-0.85199319,  0.5576382 ,  0.64021925]), array([-0.85348083,  0.60036231,  0.6272664 ]), array([-0.85496848,  0.64308642,  0.61406831]), array([-0.85645613,  0.68581053,  0.60062497]), array([-0.85794377,  0.72853464,  0.58693637]), array([-0.85943142,  0.77125874,  0.57300253]), array([-0.86091907,  0.81398285,  0.55882343]), array([-0.86240671,  0.85670696,  0.54439909]), array([-0.86389436,  0.89943107,  0.52972949]), array([-0.86538201,  0.94215518,  0.51481465]), array([-0.86686965,  0.98487928,  0.49965455]), array([-0.8683573 ,  1.02760339,  0.48424921]), array([-0.86984495,  1.0703275 ,  0.46859861]), array([-0.87133259,  1.11305161,  0.45270277]), array([-0.87282024,  1.15577572,  0.43656167]), array([-0.87430789,  1.19849983,  0.42017533]), array([-0.87579553,  1.24122393,  0.40354373]), array([-0.87728318,  1.28394804,  0.38666689]), array([-0.87877083,  1.32667215,  0.3695448 ]), array([-0.88025847,  1.36939626,  0.35217745]), array([-0.88174612,  1.41212037,  0.33456486]), array([-0.88323377,  1.45484447,  0.31670701]), array([-0.88472141,  1.49756858,  0.29860392]), array([-0.88620906,  1.54029269,  0.28025557]), array([-0.88769671,  1.5830168 ,  0.26166198]), array([-0.88918435,  1.62574091,  0.24282313]), array([-0.890672  ,  1.66846501,  0.22373904]), array([-0.89215965,  1.71118912,  0.20440969]), array([-0.89364729,  1.75391323,  0.1848351 ]), array([-0.89513494,  1.79663734,  0.16501525]), array([-0.89662259,  1.83936145,  0.14495016]), array([-0.89811023,  1.88208555,  0.12463982]), array([-0.89959788,  1.92480966,  0.10408422]), array([-0.90108553,  1.96753377,  0.08328338]), array([-0.90257317,  2.01025788,  0.06223728]), array([-0.90406082,  2.05298199,  0.04094594]), array([-0.90554847,  2.09570609,  0.033     ]), array([-0.90696173,  2.136294  ,  0.0489072 ]), array([-0.908375  ,  2.1768819 ,  0.06456914]), array([-0.90978826,  2.2174698 ,  0.07998584]), array([-0.91120153,  2.2580577 ,  0.09515728])], 'distances_history': [7.622288759717123, 7.576105028092063, 7.529084152299136, 7.4797613467981146, 7.429760992839324, 7.377678812476936, 7.325068539272944, 7.2715688777419505, 7.218139216526232, 7.1644367513181875, 7.111493919579742, 7.057873772528118, 7.005025833062468, 6.951558012014518, 6.898864663414455, 6.84700969815413, 6.7945365699893, 6.742897415319245, 6.690672969324644, 6.6393035540598975, 6.58738500890653, 6.535184713719904, 6.483638986852831, 6.4318530196984085, 6.380726359252021, 6.3293908799784555, 6.278714454864734, 6.229220334779897, 6.179071490200688, 6.130060401355612, 6.080411823631612, 6.031912402483018, 5.982776945152847, 5.933055404550293, 5.884350212857125, 5.83526296160732, 5.787220207601267, 5.738803602553271, 5.6914576476762, 5.643745792820847, 5.597126000622091, 5.551482151533378, 5.505659027686128, 5.460764186926957, 5.415699754684344, 5.3715908152260505, 5.327328549767789, 5.2840485759387255, 5.240633062497894, 5.19822633530431, 5.155708107587222, 5.112909370163259, 5.071403966754623, 5.030113250247648, 4.989732816206559, 4.949429986794676, 4.906273884017344, 4.859982684606729, 4.814320674827497, 4.768445770033789, 4.723197427489884, 4.677726255212423, 4.632880654770736, 4.587800626547502, 4.543346407288241, 4.4986404169038865, 4.454511195977242, 4.409616578103624, 4.365719230800605, 4.32124808809161, 4.277778919809379, 4.233717189074252, 4.190662350970849, 4.146997550384075, 4.104343089262919, 4.061062842526041, 4.018795227905668, 3.9758920073330133, 3.9340550512513954, 3.893306376132029, 3.8518259830745842, 3.8113135260708835, 3.7700830500297386, 3.7298022684434935, 3.6888126098999985, 3.6487501436692567, 3.6094690335247237, 3.569656418955059, 3.5305340898027917, 3.490680307664552, 3.45172135805925, 3.4121795813323277, 3.372028227338693, 3.3312837847275745, 3.2914527145338326, 3.251039861545412, 3.2100936747309445, 3.1701023540967244, 3.1294141187189504, 3.089577402265576, 3.0505701881532246, 3.010918608258026, 2.9721104417317705, 2.9327479023383876, 2.894356898549224, 2.8566763383800238, 2.8183381059391333, 2.781060822759503, 2.7431101882088074, 2.7057487357984322, 2.6689554232137964, 2.631579519277428, 2.5938848431695543, 2.5555325000794586, 2.517494583780075, 2.479369765102004, 2.4412288929445367, 2.4033028512812518, 2.365291342200106, 2.327232094695755, 2.287017491652599, 2.2461317329448316, 2.204694822304757, 2.162810814535872, 2.120569835079137, 2.0780499705035553, 2.0353189508252667, 1.9924356086111106, 1.9494511276489044, 1.9064101045792634, 1.8633514494348191, 1.820309149972059, 1.777312922175911, 1.73438876640996, 1.6915594458586496, 1.6488449013665876, 1.606262614592246, 1.5638279295628292, 1.5215543412201196, 1.479453758351224, 1.437536747371091, 1.3958127627382813, 1.3542903693216348, 1.3129774617815186, 1.271881485982759, 1.2310096676250273, 1.1903692536799748, 1.1499677728963345, 1.109813322625121, 1.069914890598922, 1.0302827221712012, 0.9909287460176539, 0.9518670746008303, 0.913114600037327, 0.8746917116900211, 0.8366231692257001, 0.7989391745101637, 0.7616766981145923, 0.7248811319524969, 0.6886083590876199, 0.6529273549710859, 0.6179234599120528, 0.5837024862393838, 0.550395835324717, 0.5181667781837715, 0.4872179574959763, 0.45779992470013947, 0.4302200146371545, 0.4048499240596353, 0.3821288717401704, 0.362557300125684, 0.3466745467353099, 0.3350147385796545, 0.32804104532313993, 0.3260700986370839, 0.32924082952069106, 0.3375964006614443, 0.3509548774359676, 0.3689536977122495, 0.3911208073918565, 0.4169452987510811, 0.4459303019134479, 0.4776239117054021, 0.5116321110335612, 0.5476200637897763, 0.585307276599103, 0.6244603089916121, 0.6648851091535252, 0.7064199712423811, 0.7489294844631755, 0.7922995235919883, 0.8364331880874795, 0.8812475482689937, 0.9266710533208853, 0.9726414709234208, 1.0191042490988478, 1.0660112114739249, 1.1133195152730837, 1.1609908163612792, 1.2089905976927486, 1.2572876270053661, 1.3058535169989032, 1.3546623669812266, 1.4036904694237449, 1.4529160683298674, 1.5023191590183285, 1.5518813210348401, 1.6015855775669663, 1.6514162760518907, 1.701358985713675, 1.7514004086053, 1.8015283014066115, 1.8517314057767047, 1.9019993855046526, 1.9523227690659508, 2.002692896489257, 2.053101869681046, 2.1035425055542345, 2.154008291468215, 2.204493342618205, 2.254992361116312, 2.3055005965894177, 2.356013808183332, 2.4065282279115903, 2.4570405253233862, 2.5075477734905354, 2.558047416330025, 2.6085372372882847, 2.6590153294172416, 2.7094800668717403, 2.7599300778541607, 2.8103642190258964, 2.8561175959176524, 2.8917760622927458, 2.927674917682107, 2.963796732075716], 'normal_align_history': [0.6403421576846027, 0.6366891208828033, 0.6439615511576493, 0.6587178391041527, 0.6686129713009271, 0.6709990633311085, 0.6795907766836129, 0.6906265461365096, 0.7000356053424981, 0.7110045068387387, 0.7161554874268323, 0.7261218874372085, 0.730511102605074, 0.739539668698029, 0.7432248631068838, 0.7549764586233477, 0.7578603008883261, 0.7686250621499033, 0.7708015468427031, 0.7806734445745842, 0.7822120337321783, 0.7758187015148924, 0.7774403236569278, 0.7710448564266825, 0.7727433287980618, 0.7663635575438325, 0.7681557460522912, 0.7653963709410488, 0.7671223925527779, 0.764319889014091, 0.7660338941170676, 0.7632039898916764, 0.7648599858826948, 0.7584241869899315, 0.7600810356182367, 0.7538408833623447, 0.7557252823675064, 0.7497053204248882, 0.7518341048355383, 0.7460598946849202, 0.7484538501913962, 0.7464949275541003, 0.7489706640835778, 0.7471388275800083, 0.7497531256753145, 0.7480611332973237, 0.7508228762164699, 0.7492766548300422, 0.7521916817901644, 0.7507940746007947, 0.7538584679724007, 0.7493695225840489, 0.7528558475442251, 0.7486238402593596, 0.7525530206249039, 0.7485780916732816, 0.752730681923013, 0.7490017493385802, 0.7533641803801315, 0.7498715625104119, 0.7544300173314485, 0.7511634832124534, 0.7559039761545792, 0.7528528091229748, 0.7577606646601232, 0.7549066724669558, 0.7598841538262021, 0.7575252068724159, 0.7623952576553832, 0.7603226167058269, 0.7653825052531322, 0.7635743394102598, 0.7688018108454476, 0.7672398025614606, 0.7726118964384512, 0.7712766750777855, 0.7767705119028074, 0.775648950100464, 0.7813278385310003, 0.7935178839264191, 0.7988977090821463, 0.8101648662621972, 0.8149426825142082, 0.8253773691190863, 0.8296208749909326, 0.8393049771327417, 0.8444738889898447, 0.8533361798439544, 0.8577367683126071, 0.8565322258999567, 0.8604965919576836, 0.8591672414612598, 0.8619767166571926, 0.859737930863933, 0.8627675506635959, 0.8607342646261147, 0.8631849208819392, 0.8708003432859439, 0.873345566284603, 0.8806408577707244, 0.8836493371267052, 0.8905227185392675, 0.8932485048263237, 0.8907584862927395, 0.8934589053704719, 0.9003789758443335, 0.9027794519839132, 0.9091591629060709, 0.9194009542916354, 0.9249248388425909, 0.9319251267923507, 0.9351619894769186, 0.9401257478801461, 0.9420920651122066, 0.9425285719772558, 0.9427318222841649, 0.9434879215282209, 0.9435014264540025, 0.9433222426123168, 0.9426166423981841, 0.9449780707278274, 0.9467825473069753, 0.9482603516959619, 0.9495270469091249, 0.9506392538203101, 0.9516232593053586, 0.9524898990549312, 0.9532423544182592, 0.9538802417193167, 0.9544017464756355, 0.9548047225395381, 0.9550872427633701, 0.9552478596747405, 0.9552857137567267, 0.9552005625797569, 0.9549927696926477, 0.954663273838517, 0.9542135492734946, 0.9536455627602731, 0.95296173005763, 0.9521648732891308, 0.9512581798353086, 0.9502451630234957, 0.949129624711, 0.9479156197760065, 0.9466074224965534, 0.9452094947853866, 0.9437264562445071, 0.9421630560016934, 0.9405241462896017, 0.938814657725384, 0.9370395762451785, 0.9352039216435198, 0.9333127276632401, 0.9313710235770478, 0.9293838171980737, 0.9273560792534365, 0.925292729052492, 0.9231986213799349, 0.9210785345433797, 0.9189371595053922, 0.9167790900311743, 0.9146088137850908, 0.9124307043119091, 0.9102490138418668, 0.908067866862384, 0.9058912544032823, 0.903723028986625, 0.9015669001966695, 0.8994264308297927, 0.8973050335885333, 0.8952059682879987, 0.8931323395467495, 0.8910870949378191, 0.8890730235787223, 0.8873045645474568, 0.8857912752536725, 0.8845333987803143, 0.8835236708461474, 0.8827489585998206, 0.8821917053124958, 0.8818311734674684, 0.8816444923925492, 0.8816075253146382, 0.881695575380667, 0.8818839518632418, 0.8821484174445566, 0.8824655359421906, 0.8828129376880977, 0.8831695173967309, 0.8835155770148458, 0.8838329238831101, 0.8841049326334471, 0.8843165776224036, 0.8844544413556505, 0.8845067032702183, 0.8844631123786835, 0.8843149466092981, 0.8840549611644833, 0.8836773278358381, 0.8831775669289483, 0.8825524732416353, 0.881800037384633, 0.8809193636173401, 0.8799105852801163, 0.8787747788282998, 0.8775138774041835, 0.8761305848162906, 0.8746282907269488, 0.8730109877775276, 0.87128319130501, 0.8694498622240573, 0.867516333566215, 0.8654882410836977, 0.8633714582407407, 0.8611720358324186, 0.8588961463906243, 0.8565500334609056, 0.8541399657633426, 0.8516721961864321, 0.8491529255057917, 0.8465882706698001, 0.843984237452204, 0.8413466972372644, 0.8386813676759184, 0.8359937969313541, 0.8332893512188335, 0.8305732053369907, 0.8278503358855183, 0.8251255168665275, 0.8224033173732027, 0.8196881010790831, 0.8169840272537076, 0.814295053044938, 0.8116249367844224, 0.8089772420899728], 'ball_near_history': [False, False, False, False, False, False, False, False, False, False, False, False, False, False, False, False, False, False, False, False, False, False, False, False, False, False, False, False, False, False, False, False, False, False, False, False, False, False, False, False, False, False, False, False, False, False, False, False, False, False, False, False, False, False, False, False, False, False, False, False, False, False, False, False, False, False, False, False, False, False, False, False, False, False, False, False, False, False, False, False, False, False, False, False, False, False, False, False, False, False, False, False, False, False, False, False, False, False, False, False, False, False, False, False, False, False, False, False, False, False, False, False, False, False, False, False, False, False, False, False, False, False, False, False, False, False, False, False, False, False, False, False, False, False, False, False, False, False, False, False, False, False, False, False, False, False, False, False, False, False, False, False, False, False, False, False, False, False, False, False, False, False, False, False, False, False, False, False, False, False, False, False, False, False, False, False, False, False, False, False, False, False, False, False, False, False, False, False, False, False, False, False, False, False, False, False, False, False, False, False, False, False, False, False, False, False, False, False, False, False, False, False, False, False, False, False, False, False, False, False, False, False, False, False, False, False, False, False, False, False, False, False, False, False, False, False], 'tube_ready_history': [False, False, False, False, False, False, False, False, False, False, False, False, False, False, False, False, False, False, False, False, False, False, False, False, False, False, False, False, False, False, False, False, False, False, False, False, False, False, False, False, False, False, False, False, False, False, False, False, False, False, False, False, False, False, False, False, False, False, False, False, False, False, False, False, False, False, False, False, False, False, False, False, False, False, False, False, False, False, False, False, False, False, False, False, False, False, False, False, False, False, False, False, False, False, False, False, False, False, False, False, False, False, False, False, False, False, False, False, False, False, False, False, False, False, False, False, False, False, False, False, False, False, False, False, False, False, False, False, False, False, False, False, False, False, False, False, False, False, False, False, False, False, False, False, False, False, False, False, False, False, False, False, False, False, False, False, False, False, False, False, False, False, False, False, False, False, False, False, False, False, False, False, False, False, False, False, False, False, False, False, False, False, False, False, False, False, False, False, False, False, False, False, False, False, False, False, False, False, False, False, False, False, False, False, False, False, False, False, False, False, False, False, False, False, False, False, False, False, False, False, False, False, False, False, False, False, False, False, False, False, False, False, False, False, False, False], 'pos_error_history': [0.009016735548073845, 0.00815834758384268, 0.008719923338596666, 0.010782104053705985, 0.01640153341209049, 0.02300364402909864, 0.031061662032033324, 0.03922880058817062, 0.04798157233196449, 0.055653337440770875, 0.06440280354664345, 0.07206625331890605, 0.08072173219645905, 0.08830528569073763, 0.09555273040796569, 0.10296964060054518, 0.11007345379846796, 0.11733006681624518, 0.12425541833289923, 0.13131389276902164, 0.13902264977429188, 0.14584589562068104, 0.1532888025861409, 0.1598557754445728, 0.16701849561354337, 0.17331799308937246, 0.1789494995979798, 0.18490344959774513, 0.1902554117090734, 0.1959312517065303, 0.2010053097975888, 0.20645283841190734, 0.21232245725899454, 0.21773022998923727, 0.2232407482109417, 0.2282635686221504, 0.2334168655243499, 0.2380604501270263, 0.24286444768171378, 0.24714247295950148, 0.25029561629965075, 0.25416288465897996, 0.2569828822617772, 0.2605396616084424, 0.26303968767964386, 0.2662948195567407, 0.2684841916899851, 0.27144839349689487, 0.2733382011492128, 0.2760185212375502, 0.2790229099231379, 0.2813748469814808, 0.28425707335545436, 0.28624824886740274, 0.28896796426268506, 0.29078640269875805, 0.2933579463977102, 0.29501404544046733, 0.29744983129576297, 0.29895475110022157, 0.3012676779902066, 0.3026333417455517, 0.3048367213805149, 0.3060759473690211, 0.3081862169469832, 0.30934524903249655, 0.31105155325056666, 0.31215470873367407, 0.313714413244978, 0.31466726617600294, 0.316103422196063, 0.3169304553220411, 0.3182666702642922, 0.31899276814145816, 0.3202528844946931, 0.32090298890456476, 0.3221097602717416, 0.32269682183752585, 0.32275019137615435, 0.3234430585899515, 0.3235949934915614, 0.3243755482309081, 0.3246399013539804, 0.3255242679862321, 0.3259213557722997, 0.32523295786391576, 0.3257975057202132, 0.32529403708152815, 0.32530441709848906, 0.32488876425260016, 0.3250446620920656, 0.32643817991885915, 0.32838420971822513, 0.3298901694981087, 0.3319617751523106, 0.33523916004542015, 0.33815341400362614, 0.341678928451327, 0.3447456509693989, 0.34681917160594367, 0.3500717116187293, 0.3523839133856281, 0.355855398885653, 0.35827986596314804, 0.3603756325686326, 0.36320132552088996, 0.36572785271563396, 0.3690103001911591, 0.37218004965251855, 0.37519748678848863, 0.37916810287639097, 0.3838996926136713, 0.3897518515911842, 0.3954883834765783, 0.4010270109254795, 0.40677025433840736, 0.4125066749517024, 0.4180166885234247, 0.42378937469855693, 0.4287924925100714, 0.43274409800055014, 0.4357503760111399, 0.4379115853508574, 0.4393202826770816, 0.440060752749288, 0.440209125851946, 0.4398338601132835, 0.4389963937016936, 0.4377518523293699, 0.4361497474041308, 0.4342346305919744, 0.4320466887395166, 0.4296222737131513, 0.426994367681404, 0.4241929875346474, 0.4212455336386995, 0.4181770886536773, 0.4150106721419771, 0.4117674563955598, 0.40846694848490933, 0.4051271430583231, 0.40176464994984495, 0.39839480021274537, 0.3950317337945963, 0.3916884717128782, 0.3883769752753105, 0.3851081946127465, 0.38189210854939637, 0.3787377576198958, 0.3756532718498678, 0.3726458947412874, 0.3697220047417076, 0.3668871353236755, 0.36414599465455366, 0.36150248569541144, 0.35895972742940496, 0.35652007778458256, 0.3541851586835384, 0.35195588352355145, 0.3498324872670442, 0.3478145592049839, 0.34590107834702055, 0.3440904512934679, 0.3423805523574784, 0.340768765632286, 0.33925202863932674, 0.33782687714897314, 0.33648949073674206, 0.3352357386237007, 0.3340612253496543, 0.3329613358402448, 0.3319312794527559, 0.3309661326183771, 0.3300608797389397, 0.32924082952069106, 0.32847737686918543, 0.32775163959043835, 0.32705258003943954, 0.3263754492211803, 0.3257204812705642, 0.325091791970683, 0.3244964479058316, 0.32394367979237276, 0.32344421784953975, 0.3230097303162744, 0.322652349033611, 0.32238426861020286, 0.3222174081025849, 0.3221631263377038, 0.32223198393777164, 0.322433546741284, 0.32277622663074546, 0.3232671567764114, 0.3239120990010312, 0.32471538139135636, 0.32567986446673586, 0.32680693420976137, 0.32809652011924145, 0.32954713621360876, 0.33115594264247233, 0.3329188252996475, 0.33483049060885545, 0.33688457250025405, 0.3390737485286623, 0.34138986210950273, 0.3438240479638525, 0.34636685806022777, 0.34900838560323466, 0.35173838493047843, 0.35454638552059736, 0.3574217986690696, 0.36035401573859793, 0.3633324972242092, 0.3663468521796103, 0.3693869078238968, 0.37244276938245113, 0.3755048704113339, 0.3785640140112577, 0.3816114054575028, 0.38463867685905595, 0.38763790451769536, 0.39060161968977625, 0.39352281346428347, 0.3963949364641972, 0.39921189405807384, 0.4019680377381887, 0.404658153283493, 0.4072774462824164, 0.4098215255442083, 0.4122863848797466, 0.41466838368480635, 0.41696422671176436, 0.4191709433703558, 0.4212858668549952, 0.42330661335569464, 0.42522034963731015], 'max_qdot_ratio': 0.9905704305457806, 'max_tcp_speed': 1.7575974303531963, 'max_racket_face_speed': 2.752733321756746, 'total_mpc_steps': 236, 'ball_was_hit': False, 'hit_step': -1, 'p_ee_at_hit': None, 'ball_pos_at_hit': None, 'v_ee_at_hit': None, 'active_contact': False, 'passive_contact': False}
2026-09-13 17:17:40,297 [INFO] __main__: 击打后继续仿真 20 步...
