__STEP_TIMING__: n=240 p50=0.40 p95=0.89 p99=1.50 max=1.71 n_over_period=0 period_ms=5.00 deciles=0.27,0.29,0.31,0.35,0.40,0.44,0.49,0.62,0.78,1.71
__STEP_LATENCIES__: 0.32,0.29,0.30,0.32,0.30,0.30,0.33,0.31,0.38,0.33,0.28,0.28,0.30,0.38,0.42,1.21,0.60,0.43,0.34,0.36,0.41,0.26,0.25,0.25,0.25,0.25,0.25,0.38,0.37,0.26,0.26,0.27,0.25,0.24,0.25,0.25,0.25,0.25,0.25,0.55,0.32,0.32,0.30,0.29,0.29,0.29,0.29,0.29,0.29,0.28,0.40,0.54,0.47,0.46,0.35,0.36,0.42,0.26,0.25,0.32,0.29,0.28,0.28,0.28,0.28,0.29,0.28,0.28,0.28,0.29,0.49,0.51,0.45,0.37,0.36,0.35,0.36,0.26,0.25,0.36,0.29,0.28,0.28,0.28,0.28,0.27,0.28,0.48,0.46,0.49,0.46,0.38,0.37,0.40,0.38,0.26,0.25,0.26,0.42,0.35,0.29,0.29,0.28,0.29,0.28,0.28,0.28,0.74,0.46,0.75,0.65,0.52,0.43,0.67,0.64,0.45,0.53,0.69,0.26,0.39,0.31,0.31,0.31,0.31,0.31,0.31,0.54,0.53,0.51,0.38,0.39,0.40,0.34,0.36,0.31,0.38,0.32,0.30,0.32,0.44,0.53,0.49,0.62,0.31,0.31,0.30,0.31,0.30,0.42,0.35,0.31,0.31,0.42,0.49,0.52,0.50,1.39,0.80,0.72,0.78,0.72,0.74,0.73,0.74,0.75,0.80,0.76,0.82,0.76,0.83,0.80,0.79,0.73,0.55,0.53,0.49,0.51,0.51,0.62,0.53,0.52,0.51,0.46,0.52,0.71,0.41,0.38,0.38,0.37,0.38,0.63,0.54,0.49,0.61,0.44,0.46,0.44,0.42,0.77,0.83,0.92,1.71,0.48,0.44,0.43,0.42,0.45,0.97,0.84,0.74,1.50,0.43,0.44,0.43,0.42,0.70,0.90,0.80,1.64,0.44,0.48,0.51,0.46,0.43,0.89,0.89,0.73,1.43,0.43,0.43,0.43,0.44,0.49,0.91,0.83,0.71,1.48,0.28,0.28,0.26

========================================
  RM-65 未命中（无物理接触，规划距离 0.2332m，球拍到达了规划点但球不在该位置）
  [V12 EpisodeRunner 管线架构]
  ablation: full
  击打目标位置: [-0.706 -0.238  0.893]
  末端实际位置: [-0.642 -0.457  0.847]
  规划跟踪误差: 0.2332 m
  速度误差: 1.9184 m/s
  MPC 总步数: 261
  --- Tube 专用指标 ---
  最小球拍-球距离: 0.1107 m
  ball_near 步数: 0 = 0.0 ms
  tube_ready 步数: 0 = 0.0 ms
  击打时间误差: 0.0 ms
  击打位置误差: 0.2332 m
  --- 计算性能 ---
  总墙钟时间: 1.11s (MPC=1.11s)
  --- 执行层约束 ---
  max_qdot=1.00x, max_tcp=1.8m/s, max_face=1.4m/s
  击球类型: 未触球
========================================

__RESULT__: pos_error=0.233211 vel_error=1.918356 min_dist=0.110677 ball_near_ms=0.0 tube_ready_ms=0.0 max_tcp=1.80 max_qdot=1.00 max_face=1.4 hit_type=miss hit_time_error_ms=0.0 hit_pos_error=0.233211 v_racket_at_hit=0.000
2026-09-13 17:17:35,278 [INFO] __main__: [ablation] mode=full
2026-09-13 17:17:35,284 [INFO] __main__: serve-box auto params: horizon=120, iter=10, first_plan_iters=30, total_horizon=250, replan_interval=20, near_plan_iters=5
2026-09-13 17:17:35,302 [INFO] __main__: 关节限位: 仿真默认(default.yaml), TCP=1.8 m/s, terminal_exempt=20
2026-09-13 17:17:35,302 [INFO] __main__: 球拍初始位置: [-0.24136342  0.63027058  1.45576659]
2026-09-13 17:17:35,303 [DEBUG] src.tennis.ball: serve_box bounce (attempt=0): p0_z=1.30, vz0=-3.3, spd=9.0, t1=0.274, t2=0.589, z_err=0.10
2026-09-13 17:17:35,309 [INFO] __main__: 击打步数: 180, 击打位置: [-0.70593564 -0.23755927  0.89325228]
2026-09-13 17:17:35,309 [INFO] __main__: 随挥方向: [-0.1   -0.976  0.191], 随挥步数: 60
2026-09-13 17:17:35,329 [INFO] __main__: 候选窗口已构建: best_k=180, candidates=21
2026-09-13 17:17:35,329 [INFO] src.cpp.solver_cpp: iLQR C++ 加速模块已加载
2026-09-13 17:17:35,330 [INFO] __main__: 开始 V12 EpisodeRunner，总步数=310 (MPC=250, 随挥=60)，击打步数=180
2026-09-13 17:17:35,330 [INFO] src.ilqt.async_replanner: AsyncReplanner: 后台规划线程已启动
2026-09-13 17:17:35,350 [INFO] src.ilqt.async_replanner: AsyncReplanner: 规划环境已创建（独立 MjData）
2026-09-13 17:17:35,356 [INFO] src.ilqt.async_replanner: AsyncReplanner: 规划环境已创建（独立 MjData）
2026-09-13 17:17:35,388 [DEBUG] src.ilqt.tube_cost: [Softmin诊断] 候选权重TOP3: k=180:w=0.056, k=181:w=0.056, k=179:w=0.056
2026-09-13 17:17:36,301 [INFO] src.ilqt.mpc_controller: REPLAN step=0 k_hit=180 iters=30 horizon=120 t=951ms
2026-09-13 17:17:36,302 [INFO] src.ilqt.mpc_controller: MPCController.start 完成: k_hit=180, p_hit=[-0.706 -0.238  0.893], buffer=120
2026-09-13 17:17:36,311 [DEBUG] src.ilqt.replan_core: FAR_JT step=0 k_hit=180 (JT gain=60, skip iLQR)
2026-09-13 17:17:36,311 [INFO] src.ilqt.async_replanner: ASYNC_PLAN done: step=0 k_hit=180 iters=0 horizon=0 t=9ms fast_lin=False ok=True
2026-09-13 17:17:36,322 [DEBUG] src.ilqt.replan_core: FAR_JT step=40 k_hit=140 (JT gain=60, skip iLQR)
2026-09-13 17:17:36,323 [INFO] src.ilqt.async_replanner: ASYNC_PLAN done: step=40 k_hit=140 iters=0 horizon=0 t=6ms fast_lin=False ok=True
2026-09-13 17:17:36,329 [DEBUG] src.ilqt.replan_core: FAR_JT step=60 k_hit=120 (JT gain=60, skip iLQR)
2026-09-13 17:17:36,329 [INFO] src.ilqt.async_replanner: ASYNC_PLAN done: step=60 k_hit=120 iters=0 horizon=0 t=6ms fast_lin=False ok=True
2026-09-13 17:17:36,332 [INFO] src.ilqt.components.predictive_safety: [SAFETY_FILTER] beta=0.6: qdot entering overspeed, joint=2, |qdot|=4.17 > 3.93
2026-09-13 17:17:36,335 [DEBUG] src.ilqt.replan_core: FAR_JT step=80 k_hit=100 (JT gain=60, skip iLQR)
2026-09-13 17:17:36,335 [INFO] src.ilqt.async_replanner: ASYNC_PLAN done: step=80 k_hit=100 iters=0 horizon=0 t=6ms fast_lin=False ok=True
2026-09-13 17:17:36,336 [INFO] src.ilqt.components.predictive_safety: [SAFETY_FILTER] beta=0.6: qdot entering overspeed, joint=2, |qdot|=4.04 > 3.93
2026-09-13 17:17:36,339 [INFO] src.ilqt.components.predictive_safety: [SAFETY_FILTER] beta=0.4: qdot entering overspeed, joint=4, |qdot|=4.29 > 3.93
2026-09-13 17:17:36,341 [INFO] src.ilqt.components.predictive_safety: [SAFETY_FILTER] beta=0.4: qdot entering overspeed, joint=2, |qdot|=4.24 > 3.93
2026-09-13 17:17:36,341 [INFO] src.ilqt.components.predictive_safety: [SAFETY_FILTER] beta=0.4: qdot entering overspeed, joint=4, |qdot|=4.34 > 3.93
2026-09-13 17:17:36,342 [DEBUG] src.ilqt.replan_core: FAR_JT step=100 k_hit=80 (JT gain=60, skip iLQR)
2026-09-13 17:17:36,342 [INFO] src.ilqt.async_replanner: ASYNC_PLAN done: step=100 k_hit=80 iters=0 horizon=0 t=5ms fast_lin=False ok=True
2026-09-13 17:17:36,342 [INFO] src.ilqt.components.predictive_safety: [SAFETY_FILTER] beta=0.6: qdot entering overspeed, joint=5, |qdot|=4.60 > 3.93
2026-09-13 17:17:36,342 [INFO] src.ilqt.components.predictive_safety: [SAFETY_FILTER] beta=0.6: qdot entering overspeed, joint=1, |qdot|=3.19 > 3.14
2026-09-13 17:17:36,343 [INFO] src.ilqt.components.predictive_safety: [SAFETY_FILTER] beta=0.0: qdot entering overspeed, joint=1, |qdot|=3.37 > 3.14
2026-09-13 17:17:36,344 [WARNING] src.ilqt.components.predictive_safety: [EMERGENCY_STOP] 安全滤波全 beta 失败: qdot entering overspeed, joint=4, |qdot|=4.85 > 3.93, safe_hold 阻尼制动
2026-09-13 17:17:36,344 [INFO] src.ilqt.components.predictive_safety: [SAFETY_FILTER] beta=0.6: tcp speed 1.92 > 1.80 m/s
2026-09-13 17:17:36,345 [INFO] src.ilqt.components.predictive_safety: [SAFETY_FILTER] beta=0.4: tcp speed 1.89 > 1.80 m/s
2026-09-13 17:17:36,345 [WARNING] src.ilqt.components.predictive_safety: [EMERGENCY_STOP] 安全滤波全 beta 失败: tcp speed 2.01 > 1.80 m/s, safe_hold 阻尼制动
2026-09-13 17:17:36,351 [DEBUG] src.ilqt.replan_core: FAR_JT step=120 k_hit=60 (JT gain=60, skip iLQR)
2026-09-13 17:17:36,351 [INFO] src.ilqt.async_replanner: ASYNC_PLAN done: step=120 k_hit=60 iters=0 horizon=0 t=5ms fast_lin=False ok=True
2026-09-13 17:17:36,376 [INFO] src.ilqt.strategies.follow_through: 随挥触发: step=179, steps=60
2026-09-13 17:17:36,380 [DEBUG] src.ilqt.tube_cost: [Softmin诊断] 候选权重TOP3: k=46:w=0.056, k=47:w=0.056, k=45:w=0.056
2026-09-13 17:17:36,414 [INFO] src.ilqt.async_replanner: ASYNC_PLAN done: step=134 k_hit=46 iters=5 horizon=46 t=63ms fast_lin=True ok=True
2026-09-13 17:17:36,416 [INFO] src.ilqt.async_replanner: AsyncReplanner: 后台规划线程已停止
2026-09-13 17:17:36,416 [INFO] src.ilqt.episode_runner: EpisodeRunner 完成: total_steps=241 safe_steps=241 mpc_done=True
2026-09-13 17:17:36,416 [DEBUG] src.ilqt.episode_runner: EpisodeRunner metrics 详情: {'total_steps': 241, 'safe_steps': 241, 'mpc_done': True, 'X_history': [array([-1.5  ,  1.57 , -0.236,  0.404,  0.446,  2.45 ,  0.   ,  0.   ,
        0.   ,  0.   ,  0.   ,  0.   ]), array([-0.0632254 ,  1.17987764, -0.51130297, -0.12914115,  1.45921667,
        2.43999068,  0.60419206, -0.64968827,  0.51929268,  0.07549732,
       -0.57984539, -2.00186318]), array([-0.05622064,  1.18013469, -0.50944922, -0.12280148,  1.44929205,
        2.44035723,  1.40095193,  0.05141025,  0.37074928,  1.26793543,
       -1.98492469,  0.07330911]), array([-0.04730242,  1.17711785, -0.50495315, -0.11752035,  1.43657337,
        2.45111081,  1.78364361, -0.60336788,  0.89921451,  1.05622565,
       -2.54373623,  2.15071696]), array([-0.03808516,  1.17735026, -0.50210095, -0.10941404,  1.42249557,
        2.45098952,  1.84345275,  0.04648237,  0.57043992,  1.62126157,
       -2.81555972, -0.0242586 ]), array([-0.02974402,  1.17410714, -0.49703878, -0.10470233,  1.40941373,
        2.44090405,  1.66822738, -0.64862439,  1.0124344 ,  0.94234256,
       -2.61636765, -2.01709385]), array([-0.02120951,  1.17402716, -0.49354735, -0.09748978,  1.3951593 ,
        2.44115634,  1.7069019 , -0.01599654,  0.69828533,  1.44250958,
       -2.85088619,  0.05045738]), array([-0.01364623,  1.1704627 , -0.48790754, -0.09405436,  1.3818629 ,
        2.45183005,  1.51265542, -0.71289192,  1.12796129,  0.68708518,
       -2.65927992,  2.13474145]), array([-0.00589919,  1.17011549, -0.48397325, -0.08776353,  1.36761077,
        2.4515965 ,  1.54940847, -0.06944104,  0.78685779,  1.25816437,
       -2.8504266 , -0.04671019]), array([ 2.00074559e-03,  1.16618388e+00, -4.77918950e-01, -7.85252700e-02,
        1.35453339e+00,  2.46147180e+00,  1.57998740e+00, -7.86322820e-01,
        1.21086096e+00,  1.84765266e+00, -2.61547544e+00,  1.97506187e+00]), array([ 0.0089562 ,  1.16552751, -0.47338801, -0.07329449,  1.34033427,
        2.46081302,  1.39109078, -0.13127326,  0.90618781,  1.04615596,
       -2.83982445, -0.13175666]), array([ 0.01498768,  1.16140088, -0.46675239, -0.07184323,  1.32717576,
        2.47064262,  1.20629572, -0.82532705,  1.32712512,  0.2902528 ,
       -2.63170224,  1.96591883]), array([ 0.02125682,  1.16049626, -0.46184758, -0.06734746,  1.31303188,
        2.46956842,  1.25382819, -0.18092417,  0.98096034,  0.89915262,
       -2.82877464, -0.21483984]), array([ 0.02662104,  1.15609414, -0.45474473, -0.06663431,  1.2999852 ,
        2.47901273,  1.07284351, -0.88042371,  1.42056994,  0.14263119,
       -2.60933747,  1.88886355]), array([ 0.0322728 ,  1.15491503, -0.44937482, -0.06277512,  1.2859167 ,
        2.47755353,  1.13035316, -0.23582252,  1.07398207,  0.77183711,
       -2.81369925, -0.29184169]), array([ 0.03809737,  1.15017552, -0.44188959, -0.05592971,  1.27316214,
        2.48622556,  1.16491439, -0.94790073,  1.4970462 ,  1.3690826 ,
       -2.55091187,  1.73440606]), array([ 0.04304   ,  1.14870961, -0.43600747, -0.05294448,  1.25924418,
        2.48443952,  0.98852433, -0.29318273,  1.1764246 ,  0.59704585,
       -2.78359188, -0.3572079 ]), array([ 0.04820778,  1.14371562, -0.42806972, -0.04691538,  1.24663582,
        2.49278889,  1.03355745, -0.9987981 ,  1.58754943,  1.20581964,
       -2.52167293,  1.66987557]), array([ 0.05249283,  1.14200518, -0.42179861, -0.04471627,  1.23286453,
        2.49070224,  0.85700915, -0.34208747,  1.25422225,  0.43982153,
       -2.75425766, -0.41733177]), array([ 0.05595996,  1.13681993, -0.41336562, -0.04629069,  1.22026962,
        2.49921606,  0.69342523, -1.03704924,  1.68659855, -0.31488304,
       -2.51898118,  1.70276426]), array([ 0.05976382,  1.13486553, -0.40670137, -0.04449139,  1.20662984,
        2.49681783,  0.76077291, -0.39088139,  1.33285067,  0.3598588 ,
       -2.72795694, -0.47964632]), array([ 0.06271602,  1.12943663, -0.39786306, -0.04652029,  1.19421822,
        2.5050462 ,  0.59043992, -1.08577979,  1.76766035, -0.40577868,
       -2.4823242 ,  1.64567435]), array([ 0.06603581,  1.12724024, -0.39079893, -0.04510466,  1.18073105,
        2.50235943,  0.66395888, -0.43927793,  1.41282757,  0.28312545,
       -2.69743431, -0.53735345]), array([ 0.0684998 ,  1.12157673, -0.38156897, -0.04754243,  1.16851755,
        2.51032367,  0.49279648, -1.13270093,  1.8459913 , -0.48755344,
       -2.44269918,  1.59284811]), array([ 0.07136833,  1.11914605, -0.37411415, -0.04646072,  1.15519754,
        2.50736873,  0.57370749, -0.48613612,  1.4909639 ,  0.21634087,
       -2.6640012 , -0.59098706]), array([ 0.07444751,  1.11319915, -0.364567  , -0.04228363,  1.14333427,
        2.51455721,  0.61583469, -1.18938062,  1.90942934,  0.83541894,
       -2.37265415,  1.43769593]), array([ 0.07671844,  1.11054565, -0.35674694, -0.04185007,  1.13024079,
        2.51139241,  0.45418653, -0.53070066,  1.5640123 ,  0.08671142,
       -2.61869691, -0.63296014]), array([ 0.0793072 ,  1.10438535, -0.34681614, -0.03820037,  1.11856287,
        2.51836804,  0.51775226, -1.23205857,  1.9861602 ,  0.72994085,
       -2.33558396,  1.39512533]), array([ 0.08109438,  1.10152963, -0.3386616 , -0.03827778,  1.10565376,
        2.51500736,  0.35743673, -0.57114436,  1.63090863, -0.0154828 ,
       -2.58182156, -0.67213623]), array([ 0.08323107,  1.09516567, -0.32835836, -0.03509183,  1.09415351,
        2.52178471,  0.42733616, -1.27279192,  2.0606473 ,  0.63718977,
       -2.30005039,  1.35547096]), array([ 0.08456762,  1.09211781, -0.31987932, -0.03562585,  1.08142361,
        2.51824225,  0.2673108 , -0.60957305,  1.69580868, -0.10680349,
       -2.54597915, -0.70849245]), array([ 0.08628235,  1.0855738 , -0.309249  , -0.032851  ,  1.07007468,
        2.52483557,  0.34294652, -1.30880135,  2.12606348,  0.55496959,
       -2.26978664,  1.31866294]), array([ 0.08719318,  1.08247818, -0.3007844 , -0.03379951,  1.05731201,
        2.52113164,  0.18216602, -0.61912431,  1.69292083, -0.18970082,
       -2.55253385, -0.74078539]), array([ 0.08744558,  1.0829019 , -0.29472842, -0.03884807,  1.0423449 ,
        2.52799179,  0.0504794 ,  0.08474379,  1.21119421, -1.0097121 ,
       -2.99342233,  1.37202978]), array([ 0.08817144,  1.07970893, -0.28626865, -0.03973515,  1.02905508,
        2.52411314,  0.14517252, -0.6385942 ,  1.69195474, -0.17741683,
       -2.65796391, -0.77572906]), array([ 0.08812957,  1.07964061, -0.27938891, -0.044875  ,  1.01450166,
        2.53079944, -0.0083748 , -0.01366361,  1.37594728, -1.02796903,
       -2.91068438,  1.33725853]), array([ 0.08852879,  1.07597932, -0.27016459, -0.04582694,  1.00165727,
        2.52673876,  0.07984483, -0.73225854,  1.84486485, -0.19038802,
       -2.56887733, -0.81213537]), array([ 0.08819822,  1.07544837, -0.26250714, -0.05105166,  0.98749837,
        2.53326333, -0.06611478, -0.10618837,  1.53149075, -1.04494508,
       -2.83177976,  1.30491402]), array([ 0.08829137,  1.07134901, -0.25257306, -0.05204662,  0.9750914 ,
        2.52903197,  0.01863045, -0.81987382,  1.98681548, -0.1989913 ,
       -2.48139371, -0.84627125]), array([ 0.08769241,  1.07038627, -0.24419429, -0.05733541,  0.961321  ,
        2.5354057 , -0.11979223, -0.19254697,  1.67575451, -1.05775826,
       -2.75408001,  1.27474584]), array([ 0.08750001,  1.06587804, -0.23360089, -0.05835249,  0.94933878,
        2.53101432, -0.03847892, -0.90164649,  2.1186792 , -0.20341601,
       -2.39644474, -0.87827543]), array([ 0.08665243,  1.06451316, -0.22455271, -0.06368582,  0.93594667,
        2.5372474 , -0.16951732, -0.27297542,  1.80963676, -1.06666512,
       -2.67842292,  1.24661409]), array([ 0.08619843,  1.05962333, -0.21334349, -0.06470189,  0.92437171,
        2.5327059 , -0.09080027, -0.97796607,  2.24184336, -0.20321462,
       -2.31499084, -0.90829837]), array([ 0.08612732,  1.05781386, -0.20375245, -0.06266559,  0.91148936,
        2.53807051, -0.01422192, -0.36189378,  1.91820723,  0.40725945,
       -2.57647093,  1.07292112]), array([ 0.08528123,  1.05258403, -0.19199509, -0.06404978,  0.9002901 ,
        2.53344417, -0.16921658, -1.04596699,  2.35147192, -0.27683823,
       -2.23985175, -0.92526788]), array([ 0.08493178,  1.05042969, -0.18181118, -0.06224679,  0.88770991,
        2.53871383, -0.06989006, -0.43086688,  2.03678378,  0.36059758,
       -2.51603842,  1.05393294]), array([ 0.08385872,  1.04486146, -0.16944638, -0.0638302 ,  0.87678906,
        2.53400376, -0.21461198, -1.11364589,  2.47295945, -0.31668144,
       -2.18416858, -0.94201558]), array([ 0.08327393,  1.04239237, -0.15871254, -0.06221129,  0.86446781,
        2.53918405, -0.11695867, -0.49381866,  2.14676714,  0.3237831 ,
       -2.46425022,  1.03605968]), array([ 0.08197948,  1.0364682 , -0.1457545 , -0.06474815,  0.85370042,
        2.55485512, -0.25889098, -1.18483299,  2.59160838, -0.50737283,
       -2.15347766,  3.13421321]), array([ 0.0810399 ,  1.03373027, -0.13462595, -0.06335203,  0.84178308,
        2.55911802, -0.18791445, -0.54758701,  2.22571035,  0.279224  ,
       -2.38346935,  0.85257886]), array([ 0.07949006,  1.02738812, -0.12087072, -0.06605806,  0.8315554 ,
        2.57391002, -0.309968  , -1.26842933,  2.75104587, -0.54120574,
       -2.04553524,  2.95840146]), array([ 0.07827682,  1.01728674, -0.1042893 , -0.06436141,  0.8238529 ,
        2.57749313, -0.24264928, -2.02027671,  3.31628333,  0.33933022,
       -1.54050093,  0.71662138]), array([ 0.07652012,  1.01055687, -0.08959736, -0.06718504,  0.81448763,
        2.5914557 , -0.35133905, -1.34597379,  2.93838757, -0.56472676,
       -1.87305336,  2.79251329]), array([ 0.07506549,  1.00055199, -0.07313723, -0.0656035 ,  0.80680773,
        2.59425286, -0.29092669, -2.00097677,  3.29202731,  0.3163087 ,
       -1.53597932,  0.5594325 ]), array([ 0.0730608 ,  0.99392015, -0.0585895 , -0.06857911,  0.79751898,
        2.60747587, -0.40093803, -1.32636668,  2.90954477, -0.59512311,
       -1.85775049,  2.64460259]), array([ 0.07138067,  0.98400822, -0.04223996, -0.06709252,  0.78986251,
        2.60954983, -0.33602649, -1.9823859 ,  3.2699096 ,  0.29731781,
       -1.53129399,  0.4147914 ]), array([ 0.06915136,  0.97747055, -0.02781147, -0.07019465,  0.78062228,
        2.62209301, -0.44586154, -1.30753462,  2.88569798, -0.6204243 ,
       -1.84804583,  2.5086371 ]), array([ 0.0672682 ,  0.9676487 , -0.01155236, -0.06877912,  0.77296273,
        2.62350149, -0.37663171, -1.96437004,  3.25182219,  0.28310588,
       -1.53190975,  0.28169607]), array([ 6.48376599e-02,  9.61202135e-01,  2.77963404e-03, -7.19841030e-02,
        7.63743361e-01,  2.63541978e+00, -4.86107900e-01, -1.28931308e+00,
        2.86639795e+00, -6.40997284e-01, -1.84387433e+00,  2.38365732e+00]), array([ 0.06277353,  0.95146824,  0.01896642, -0.07061794,  0.75605483,
        2.63621588, -0.41282684, -1.94677962,  3.23735797,  0.27323227,
       -1.53770683,  0.15922082]), array([ 0.06016474,  0.94511044,  0.03322254, -0.07390429,  0.74682917,
        2.64755981, -0.52175667, -1.27155895,  2.85122356, -0.65726897,
       -1.84513189,  2.26878478]), array([ 0.05794136,  0.935463  ,  0.04935333, -0.07256782,  0.73908628,
        2.64779239, -0.44467568, -1.92948761,  3.22615799,  0.26729386,
       -1.54857772,  0.04651576]), array([ 0.05517708,  0.92919226,  0.06355234, -0.07591593,  0.72982759,
        2.65860845, -0.55285713, -1.25414871,  2.83980257, -0.66962224,
       -1.85173865,  2.1632128 ]), array([ 0.05281601,  0.91963034,  0.07964188, -0.07459128,  0.72200539,
        2.65832245, -0.47221346, -1.91238506,  3.2179062 ,  0.26493061,
       -1.56443947, -0.05719958]), array([ 0.04991887,  0.91344549,  0.09380084, -0.07798326,  0.71268713,
        2.66865346, -0.5794281 , -1.2369694 ,  2.83179239, -0.67839755,
       -1.86365081,  2.06620082]), array([ 0.04744164,  0.90396869,  0.10986225, -0.07665414,  0.70476083,
        2.66789025, -0.49544651, -1.89536038,  3.2122827 ,  0.26582377,
       -1.58526093, -0.15264107]), array([ 0.04443438,  0.89786955,  0.12399561, -0.08007359,  0.69535585,
        2.67777562, -0.60145073, -1.21982731,  2.82667098, -0.68388823,
       -1.88099523,  1.97707268]), array([ 0.04186284,  0.88848331,  0.14002808, -0.07872486,  0.68729343,
        2.6765735 , -0.51430851, -1.87724807,  3.2064953 ,  0.2697447 ,
       -1.61248523, -0.24042331]), array([ 0.03876987,  0.8825283 ,  0.15401301, -0.08215472,  0.67769404,
        2.68605189, -0.61859357, -1.19100241,  2.79698461, -0.68597084,
       -1.91987806,  1.895679  ]), array([ 0.03612598,  0.87328581,  0.16990435, -0.08077223,  0.66939108,
        2.68444809, -0.52877829, -1.84849711,  3.17826815,  0.27649807,
       -1.66059093, -0.32076128]), array([ 0.03298094,  0.86750643,  0.18369321, -0.08419071,  0.65948384,
        2.69355422, -0.62900806, -1.1558763 ,  2.75777375, -0.68369631,
       -1.98144824,  1.82122582]), array([ 0.03029293,  0.86548262,  0.19449692, -0.08323117,  0.64733188,
        2.69145957, -0.53760298, -0.40476287,  2.16074048,  0.19190667,
       -2.43039276, -0.41892898]), array([ 0.02719633,  0.8597449 ,  0.20830238, -0.08657017,  0.63671971,
        2.70023495, -0.61932012, -1.14754294,  2.76109201, -0.6677999 ,
       -2.12243403,  1.75507552]), array([ 0.02447196,  0.8500224 ,  0.22546055, -0.08508741,  0.6287481 ,
        2.69790445, -0.54487337, -1.94450112,  3.43163403,  0.29655303,
       -1.59432154, -0.46609904]), array([ 0.02133468,  0.83690697,  0.24504302, -0.08795392,  0.62228942,
        2.70646684, -0.62745683, -2.62308421,  3.91649416, -0.57330328,
       -1.29173586,  1.71247783]), array([ 0.01853575,  0.82731667,  0.26222667, -0.08647539,  0.61464725,
        2.70381213, -0.5597855 , -1.91806142,  3.43673002,  0.29570758,
       -1.52843369, -0.53094309]), array([ 0.01545593,  0.81460057,  0.28136125, -0.08927452,  0.60773876,
        2.71208163, -0.61596334, -2.5432199 ,  3.82691579, -0.55982623,
       -1.38169728,  1.65389941]), array([ 0.01270063,  0.80540647,  0.29810247, -0.0877165 ,  0.59968328,
        2.70914031, -0.55106054, -1.83881887,  3.34824546,  0.31160354,
       -1.61109722, -0.58826373]), array([ 0.00969922,  0.79306316,  0.31684843, -0.09044546,  0.59232341,
        2.71714132, -0.60028211, -2.46866252,  3.74919097, -0.54579164,
       -1.47197466,  1.60020171]), array([ 0.00701178,  0.7842423 ,  0.33320796, -0.08880051,  0.58382905,
        2.71393637, -0.53748841, -1.76417209,  3.27190569,  0.32898986,
       -1.69887149, -0.64098802]), array([ 0.00491567,  0.7721778 ,  0.35153404, -0.08331225,  0.57610736,
        2.72064313, -0.41922166, -2.41290102,  3.66521662,  1.09765263,
       -1.54433786,  1.34135181]), array([ 2.27447955e-03,  7.63717001e-01,  3.67594743e-01, -8.19002438e-02,
        5.67071976e-01,  2.71727748e+00, -5.28237642e-01, -1.69215878e+00,
        3.21214036e+00,  2.82400417e-01, -1.80707664e+00, -6.73130314e-01]), array([ 2.82655757e-04,  7.51977407e-01,  3.85715621e-01, -7.65980215e-02,
        5.58772598e-01,  2.72382283e+00, -3.98364759e-01, -2.34791884e+00,
        3.62417569e+00,  1.06044446e+00, -1.65987553e+00,  1.30907047e+00]), array([-2.26664649e-03,  7.43841236e-01,  4.01561856e-01, -7.53750938e-02,
        5.49203000e-01,  2.72030778e+00, -5.09860449e-01, -1.62723421e+00,
        3.16924691e+00,  2.44585538e-01, -1.91391962e+00, -7.03011498e-01]), array([-0.00411697,  0.73242678,  0.4195473 , -0.0691508 ,  0.54036114,
        2.70618488, -0.3700655 , -2.2828909 ,  3.5970892 ,  1.24485928,
       -1.76837217, -2.82457998]), array([-0.00628888,  0.72447291,  0.43570559, -0.06800231,  0.52991798,
        2.70337057, -0.43438082, -1.5907743 ,  3.23165779,  0.22969717,
       -2.08863082, -0.56286242]), array([-0.00789438,  0.71332374,  0.45366273, -0.06192132,  0.52042954,
        2.68991634, -0.32109976, -2.22983444,  3.5914282 ,  1.21619831,
       -1.89768869, -2.69084415]), array([-0.00981638,  0.70562986,  0.46983738, -0.06093199,  0.50928721,
        2.68774829, -0.3844002 , -1.53877611,  3.23492938,  0.1978667 ,
       -2.2284664 , -0.43361063]), array([-0.01190776,  0.69461595,  0.48827633, -0.06328231,  0.49925545,
        2.67600312, -0.4182759 , -2.20278175,  3.68778927, -0.47006508,
       -2.00635271, -2.3490339 ]), array([-0.01368579,  0.68166149,  0.50773578, -0.06325314,  0.49040465,
        2.67056452, -0.35560685, -2.59089102,  3.89189075,  0.00583459,
       -1.77015838, -1.08771972]), array([-0.01593308,  0.67240712,  0.52471995, -0.06823651,  0.4801553 ,
        2.67607466, -0.44945712, -1.85087459,  3.3968351 , -0.99667413,
       -2.04987046,  1.10202655]), array([-0.01755577,  0.66005429,  0.54330761, -0.06794827,  0.47068112,
        2.67056342, -0.32453952, -2.47056693,  3.71753035,  0.05764767,
       -1.89483657, -1.10224675]), array([-0.01878696,  0.65122652,  0.55980497, -0.06424834,  0.45965618,
        2.67487748, -0.24623732, -1.76555376,  3.29947295,  0.73998677,
       -2.20498712,  0.86281187]), array([-0.02015866,  0.639296  ,  0.57811938, -0.06401478,  0.44932131,
        2.66938663, -0.27434019, -2.38610406,  3.66288256,  0.04671094,
       -2.06697504, -1.09817033]), array([-0.02110163,  0.63091974,  0.59427762, -0.06031487,  0.43745854,
        2.67371575, -0.18859258, -1.67525081,  3.2316472 ,  0.73998253,
       -2.37255358,  0.8658241 ]), array([-0.02213014,  0.61942779,  0.61227882, -0.06008364,  0.42620717,
        2.66824793, -0.20570325, -2.29838977,  3.60023952,  0.04624677,
       -2.25027383, -1.09356475]), array([-0.0233633 ,  0.61155091,  0.62820295, -0.06481049,  0.41330304,
        2.6737553 , -0.24663163, -1.57537676,  3.18482659, -0.94537123,
       -2.58082717,  1.10147461]), array([-0.02389158,  0.60057091,  0.64567597, -0.06415117,  0.40107645,
        2.66822375, -0.10565653, -2.19600073,  3.49460321,  0.13186385,
       -2.44531755, -1.10630951]), array([-0.02459994,  0.59315784,  0.66136644, -0.06732047,  0.38715418,
        2.65313709, -0.14167076, -1.48261397,  3.13809529, -0.63385846,
       -2.78445364, -3.01733284]), array([-0.02494736,  0.5821679 ,  0.67997311, -0.07477857,  0.37394955,
        2.64956554, -0.06948517, -2.19798708,  3.72133315, -1.49162027,
       -2.64092636, -0.71430888]), array([-2.49296901e-02,  5.69426906e-01,  6.99102746e-01, -7.88552129e-02,
        3.61861096e-01,  2.63961039e+00,  3.53440297e-03, -2.54819907e+00,
        3.82592759e+00, -8.15329223e-01, -2.41769021e+00, -1.99103130e+00]), array([-2.49179109e-02,  5.60308093e-01,  7.16433419e-01, -8.77811655e-02,
        3.47773503e-01,  2.64080919e+00,  2.35585070e-03, -1.82376266e+00,
        3.46613459e+00, -1.78519053e+00, -2.81751868e+00,  2.39761575e-01]), array([-0.02402457,  0.54813818,  0.73521696, -0.09100154,  0.33421004,
        2.63111807,  0.17866763, -2.43398237,  3.75670716, -0.64407392,
       -2.71269219, -1.9382248 ]), array([-0.023073  ,  0.53957762,  0.75227816, -0.09913471,  0.31862839,
        2.63258194,  0.1903137 , -1.71211236,  3.4122417 , -1.62663492,
       -3.11633011,  0.29277465]), array([-0.02121322,  0.52794411,  0.77071628, -0.10278614,  0.30347476,
        2.6437003 ,  0.37195653, -2.32670196,  3.68762334, -0.73028578,
       -3.03072644,  2.22367029]), array([-0.01917861,  0.52007416,  0.78671344, -0.10157604,  0.28686757,
        2.64334597,  0.40692206, -1.5739898 ,  3.19943231,  0.24202043,
       -3.32143807, -0.07086431]), array([-0.01604782,  0.50897742,  0.80485434, -0.09492641,  0.2701492 ,
        2.63221582,  0.62615875, -2.21934835,  3.62817963,  1.32992475,
       -3.34367464, -2.22603131]), array([-0.01208965,  0.50144897,  0.82141543, -0.08480141,  0.25107103,
        2.63114366,  0.79163304, -1.50568963,  3.31221867,  2.0250014 ,
       -3.81563388, -0.21443132]), array([-0.00778359,  0.49090139,  0.83959921, -0.07845933,  0.23219322,
        2.62062727,  0.86121325, -2.10951574,  3.6367551 ,  1.26841466,
       -3.77556195, -2.10327785]), array([-3.33050811e-03,  4.82102591e-01,  8.56478191e-01, -7.44028129e-02,
        2.12590756e-01,  2.61490484e+00,  8.90615596e-01, -1.75976021e+00,
        3.37579637e+00,  8.11303906e-01, -3.92049206e+00, -1.14448692e+00]), array([ 2.07482781e-03,  4.70082998e-01,  8.75175748e-01, -6.50983055e-02,
        1.93757619e-01,  2.59865161e+00,  1.08106719e+00, -2.40391860e+00,
        3.73951154e+00,  1.86090148e+00, -3.76662739e+00, -3.25064505e+00]), array([ 0.00773925,  0.45707643,  0.89416851, -0.05758388,  0.175215  ,
        2.57931123,  1.13288519, -2.60131366,  3.7985528 ,  1.50288508,
       -3.70852401, -3.86807578]), array([ 0.01371751,  0.44595197,  0.91172425, -0.05241741,  0.15569641,
        2.56515562,  1.1956518 , -2.22489091,  3.51114696,  1.03329427,
       -3.90371816, -2.83112219]), array([ 0.02032577,  0.43330614,  0.92965211, -0.04953122,  0.13633632,
        2.5459431 ,  1.32165144, -2.52916752,  3.58557179,  0.57723783,
       -3.87201699, -3.84250428]), array([ 0.02794131,  0.4188887 ,  0.94858975, -0.04428085,  0.11706509,
        2.53344043,  1.52310857, -2.88348721,  3.78752787,  1.05007361,
       -3.85424717, -2.50053478]), array([ 0.03540058,  0.4050664 ,  0.96626755, -0.03933205,  0.09827263,
        2.52147769,  1.49185249, -2.76445989,  3.53556122,  0.98976059,
       -3.75849054, -2.3925479 ]), array([ 0.04093486,  0.39608115,  0.97463896, -0.04006983,  0.08634576,
        2.52080912,  1.10685701, -1.7970509 ,  1.67428143, -0.14755558,
       -2.38537469, -0.13371321]), array([ 0.04585918,  0.38614502,  0.98146361, -0.04308348,  0.07493332,
        2.51445922,  0.98486363, -1.98722539,  1.36493105, -0.60273012,
       -2.2824885 , -1.26997923]), array([ 0.04956128,  0.37876729,  0.98516384, -0.04772043,  0.06196207,
        2.50439985,  0.74042023, -1.47554512,  0.74004433, -0.92739042,
       -2.59424927, -2.01187585]), array([ 0.05244629,  0.37370381,  0.98359275, -0.04847066,  0.05482995,
        2.5042601 ,  0.57700158, -1.01269607, -0.31421682, -0.15004572,
       -1.42642391, -0.02794844]), array([ 0.05196099,  0.37103962,  0.98296458, -0.04593741,  0.04734505,
        2.5132084 , -0.09705883, -0.53283848, -0.12563524,  0.50664875,
       -1.4969802 ,  1.78965978]), array([ 0.05139116,  0.36852446,  0.98194774, -0.04373146,  0.04235619,
        2.51812679, -0.11396654, -0.50303274, -0.20336753,  0.4411903 ,
       -0.99777187,  0.98367659]), array([ 0.05076172,  0.36618367,  0.9807096 , -0.04189774,  0.03925362,
        2.52083007, -0.12588768, -0.46815807, -0.24762697,  0.36674454,
       -0.62051531,  0.54065713]), array([ 0.05008969,  0.36403624,  0.97937314, -0.04041832,  0.03758576,
        2.52231023, -0.13440633, -0.42948471, -0.26729227,  0.29588493,
       -0.33357197,  0.29603145]), array([ 0.04938673,  0.36209592,  0.97802795, -0.03925015,  0.03701714,
        2.52311079, -0.14059159, -0.38806561, -0.26903877,  0.23363364,
       -0.11372236,  0.16011287]), array([ 0.04866101,  0.36037219,  0.97673862, -0.03834369,  0.03729779,
        2.52353063, -0.14514399, -0.34474457, -0.25786531,  0.18129056,
        0.05612988,  0.08396762]), array([ 0.04791841,  0.35887127,  0.97555109, -0.03765151,  0.03824077,
        2.52373489, -0.14851968, -0.30018441, -0.23750704,  0.13843711,
        0.1885952 ,  0.04085197]), array([ 0.04716332,  0.35759677,  0.97449733, -0.0371317 ,  0.03970569,
        2.52381546, -0.15101804, -0.25489986, -0.21075159,  0.10396158,
        0.29298482,  0.01611428]), array([ 4.63991283e-02,  3.56550330e-01,  9.73598936e-01, -3.67488750e-02,
        4.15865867e-02,  2.52382396e+00, -1.52839177e-01, -2.09288402e-01,
       -1.79678330e-01,  7.65651392e-02,  3.76178538e-01,  1.69994391e-03]), array([ 0.04562853,  0.35573205,  0.97286975, -0.03647389,  0.0438029 ,
        2.52378976, -0.15412022, -0.16365671, -0.14583813,  0.05499649,
        0.44326238, -0.00684063]), array([ 0.04485374,  0.35514084,  0.97231781, -0.03628316,  0.04629289,
        2.52372985, -0.15495804, -0.11824216, -0.11038782,  0.03814738,
        0.49799833, -0.0119823 ]), array([ 0.04407662,  0.35477469,  0.97194685, -0.03615776,  0.04900874,
        2.52365427, -0.15542337, -0.07322978, -0.0741904 ,  0.02507938,
        0.5431709 , -0.01511463]), array([ 0.04329877,  0.35463086,  0.97175741, -0.03608267,  0.05191296,
        2.52356913, -0.15556962, -0.02876531, -0.0378897 ,  0.01501863,
        0.58084294, -0.01702785]), array([ 4.25215797e-02,  3.54706034e-01,  9.71747577e-01, -3.60459782e-02,
        5.49756827e-02,  2.52347824e+00, -1.55438473e-01,  1.50348907e-02,
       -1.96579930e-03,  7.33748838e-03,  6.12544645e-01, -1.81790239e-02]), array([ 4.17462623e-02,  3.54996416e-01,  9.71913695e-01, -3.60383168e-02,
        5.81727483e-02,  2.52338405e+00, -1.55063472e-01,  5.80763634e-02,
        3.32236789e-02,  1.53227033e-03,  6.39413124e-01, -1.88383594e-02]), array([ 0.0409739 ,  0.35549782,  0.97225076, -0.03605231,  0.06148423,
        2.5232882 , -0.15447234,  0.10028101,  0.06741299, -0.00279842,
        0.66229557, -0.0191699 ]), array([ 0.04020546,  0.35620574,  0.97275279, -0.03608217,  0.06489335,
        2.52319182, -0.15368855,  0.14158303,  0.10040548, -0.00597301,
        0.68182544, -0.01927643]), array([ 0.0394418 ,  0.35711537,  0.97341307, -0.03612339,  0.06838575,
        2.52309569, -0.15273234,  0.18192585,  0.13205664, -0.00824335,
        0.69847876, -0.0192246 ]), array([ 0.03868369,  0.35822167,  0.97422438, -0.03617243,  0.07194883,
        2.5230004 , -0.1516215 ,  0.22126005,  0.16226153, -0.00980828,
        0.71261567, -0.01905922]), array([ 0.03793183,  0.35951937,  0.97517911, -0.03622656,  0.07557138,
        2.52290634, -0.1503718 ,  0.25954172,  0.19094535, -0.0108246 ,
        0.72451119, -0.01881148]), array([ 0.03718684,  0.36100303,  0.97626939, -0.03628363,  0.07924327,
        2.52281382, -0.14899744,  0.29673135,  0.21805645, -0.01141595,
        0.73437787, -0.01850378]), array([ 0.03644929,  0.362667  ,  0.97748719, -0.03634203,  0.08295518,
        2.52272306, -0.14751124,  0.3327931 ,  0.24356105, -0.01167976,
        0.74238252, -0.01815268]), array([ 0.03571966,  0.36450547,  0.97882439, -0.0364005 ,  0.08669848,
        2.5226342 , -0.14592491,  0.3676942 ,  0.26743931, -0.0116929 ,
        0.74865856, -0.0177707 ]), array([ 0.03499842,  0.36651249,  0.9802728 , -0.03645808,  0.09046505,
        2.52254737, -0.14424914,  0.40140461,  0.28968238, -0.01151599,
        0.75331516, -0.01736746]), array([ 0.03428595,  0.36868197,  0.98182425, -0.03651406,  0.09424727,
        2.52246261, -0.14249373,  0.43389679,  0.31029012, -0.01119693,
        0.75644388, -0.01695048]), array([ 0.03358261,  0.3710077 ,  0.9834706 , -0.03656793,  0.09803789,
        2.52237999, -0.14066771,  0.46514554,  0.32926943, -0.01077355,
        0.75812365, -0.01652572]), array([ 0.03288871,  0.37348334,  0.98520376, -0.03661931,  0.10183001,
        2.5222995 , -0.13877939,  0.49512794,  0.34663294, -0.01027581,
        0.75842435, -0.01609792]), array([ 0.03220453,  0.37610246,  0.98701575, -0.03666795,  0.10561706,
        2.52222114, -0.13683643,  0.52382332,  0.36239797, -0.00972743,
        0.75740947, -0.01567089]), array([ 0.0315303 ,  0.37885852,  0.98889868, -0.03671368,  0.10939275,
        2.5221449 , -0.13484585,  0.55121321,  0.37658581, -0.00914723,
        0.75513802, -0.0152477 ]), array([ 0.03086623,  0.38174493,  0.99084479, -0.03675643,  0.11315108,
        2.52207075, -0.13281417,  0.57728141,  0.38922109, -0.00855013,
        0.75166591, -0.01483084]), array([ 0.03021249,  0.384755  ,  0.99284644, -0.03679617,  0.11688631,
        2.52199864, -0.13074734,  0.60201403,  0.40033126, -0.00794799,
        0.74704694, -0.01442232]), array([ 0.02956924,  0.387882  ,  0.99489618, -0.03683292,  0.12059298,
        2.52192852, -0.12865085,  0.62539944,  0.40994624, -0.0073502 ,
        0.74133353, -0.0140238 ]), array([ 0.02893659,  0.39111914,  0.99698667, -0.03686675,  0.12426587,
        2.52186033, -0.12652975,  0.64742841,  0.41809809, -0.00676423,
        0.73457713, -0.01363659]), array([ 0.02831465,  0.39445961,  0.99911077, -0.03689773,  0.12790001,
        2.52179403, -0.12438865,  0.66809407,  0.42482074, -0.00619598,
        0.72682862, -0.01326177]), array([ 0.02770349,  0.39789657,  1.00126152, -0.03692598,  0.1314907 ,
        2.52172953, -0.12223179,  0.68739198,  0.43014977, -0.00565011,
        0.71813844, -0.01290018]), array([ 0.02710317,  0.40142317,  1.00343213, -0.03695163,  0.13503349,
        2.52166676, -0.12006303,  0.70532013,  0.4341222 , -0.00513025,
        0.70855675, -0.01255251]), array([ 0.02651374,  0.40503257,  1.00561601, -0.03697482,  0.13852415,
        2.52160567, -0.11788591,  0.72187898,  0.43677635, -0.00463922,
        0.69813344, -0.01221928]), array([ 0.02593522,  0.40871792,  1.00780677, -0.03699572,  0.14195874,
        2.52154616, -0.11570364,  0.73707144,  0.43815167, -0.00417918,
        0.68691815, -0.01190086]), array([ 0.02536763,  0.41247244,  1.00999821, -0.03701448,  0.14533354,
        2.52148817, -0.11351915,  0.75090289,  0.43828858, -0.00375173,
        0.67496026, -0.01159755]), array([ 0.02481095,  0.41628934,  1.01218435, -0.03703127,  0.14864509,
        2.52143163, -0.11133512,  0.76338119,  0.43722838, -0.00335801,
        0.66230877, -0.0113095 ]), array([ 0.02426518,  0.42016193,  1.01435942, -0.03704626,  0.15189015,
        2.52137644, -0.10915394,  0.77451659,  0.43501311, -0.00299879,
        0.64901228, -0.01103682]), array([ 0.02373029,  0.42408354,  1.01651785, -0.03705963,  0.15506574,
        2.52132254, -0.10697782,  0.78432177,  0.43168543, -0.00267451,
        0.63511892, -0.01077952]), array([ 2.32062509e-02,  4.28047595e-01,  1.01865429e+00, -3.70715614e-02,
        1.58169126e-01,  2.52126986e+00, -1.04808737e-01,  7.92811770e-01,
        4.27288526e-01, -2.38535985e-03,  6.20676208e-01, -1.05375420e-02]), array([ 2.26930085e-02,  4.32047615e-01,  1.02076362e+00, -3.70822178e-02,
        1.61197781e-01,  2.52121830e+00, -1.02648489e-01,  8.00003935e-01,
        4.21866007e-01, -2.13128397e-03,  6.05730993e-01, -1.03107792e-02]), array([ 2.21905150e-02,  4.36077204e-01,  1.02284093e+00, -3.70917780e-02,
        1.64149427e-01,  2.52116781e+00, -1.00498699e-01,  8.05917866e-01,
        4.15461797e-01, -1.91203557e-03,  5.90329370e-01, -1.00990689e-02]), array([ 2.16987109e-02,  4.40130081e-01,  1.02488153e+00, -3.71004140e-02,
        1.67022010e-01,  2.52111830e+00, -9.83608299e-02,  8.10575346e-01,
        4.08120045e-01, -1.72719946e-03,  5.74516585e-01, -9.90220307e-03]), array([ 2.12175298e-02,  4.44200082e-01,  1.02688095e+00, -3.71082951e-02,
        1.69813695e-01,  2.52106970e+00, -9.62362062e-02,  8.14000263e-01,
        3.99885033e-01, -1.57621516e-03,  5.58336953e-01, -9.71993360e-03]), array([ 2.07468997e-02,  4.48281175e-01,  1.02883496e+00, -3.71155871e-02,
        1.72522864e-01,  2.52102194e+00, -9.41260220e-02,  8.16218522e-01,
        3.90801085e-01, -1.45839659e-03,  5.41833785e-01, -9.55197751e-03]), array([ 2.02867429e-02,  4.52367465e-01,  1.03073952e+00, -3.71224518e-02,
        1.75148111e-01,  2.52097495e+00, -9.20313557e-02,  8.17257951e-01,
        3.80912486e-01, -1.37294904e-03,  5.25049316e-01, -9.39802140e-03]), array([ 1.98369770e-02,  4.56453206e-01,  1.03259084e+00, -3.71290467e-02,
        1.77688234e-01,  2.52092866e+00, -8.99531817e-02,  8.17148202e-01,
        3.70263394e-01, -1.31898396e-03,  5.08024640e-01, -9.25772572e-03]), array([ 1.93975151e-02,  4.60532809e-01,  1.03438533e+00, -3.71355244e-02,
        1.80142232e-01,  2.52088301e+00, -8.78923804e-02,  8.15920640e-01,
        3.58897768e-01, -1.29553199e-03,  4.90799658e-01, -9.13072869e-03]), array([ 1.89682664e-02,  4.64600850e-01,  1.03611962e+00, -3.71420322e-02,
        1.82509297e-01,  2.52083792e+00, -8.58497490e-02,  8.13608228e-01,
        3.46859286e-01, -1.30155464e-03,  4.73413028e-01, -9.01664996e-03]), array([ 1.85491363e-02,  4.68652077e-01,  1.03779058e+00, -3.71487119e-02,
        1.84788808e-01,  2.52079335e+00, -8.38260097e-02,  8.10245414e-01,
        3.34191277e-01, -1.33595476e-03,  4.55902123e-01, -8.91509394e-03]), array([ 1.81400272e-02,  4.72681417e-01,  1.03939526e+00, -3.71556999e-02,
        1.86980323e-01,  2.52074922e+00, -8.18218185e-02,  8.05868003e-01,
        3.20936651e-01, -1.39758609e-03,  4.38302997e-01, -8.82565297e-03]), array([ 1.77408384e-02,  4.76683982e-01,  1.04093095e+00, -3.71631262e-02,
        1.89083575e-01,  2.52070548e+00, -7.98377723e-02,  8.00513034e-01,
        3.07137833e-01, -1.48526203e-03,  4.20650364e-01, -8.74791021e-03]), array([ 1.73514663e-02,  4.80655076e-01,  1.04239514e+00, -3.71711150e-02,
        1.91098462e-01,  2.52066207e+00, -7.78744152e-02,  7.94218647e-01,
        2.92836705e-01, -1.59776369e-03,  4.02977571e-01, -8.68144230e-03]), array([ 1.69718051e-02,  4.84590195e-01,  1.04378551e+00, -3.71797842e-02,
        1.93025045e-01,  2.52061894e+00, -7.59322454e-02,  7.87023958e-01,
        2.78074544e-01, -1.73384737e-03,  3.85316594e-01, -8.62582185e-03]), array([ 1.66017465e-02,  4.88485040e-01,  1.04509997e+00, -3.71892455e-02,
        1.94863536e-01,  2.52057604e+00, -7.40117194e-02,  7.78968924e-01,
        2.62891972e-01, -1.89225148e-03,  3.67698027e-01, -8.58061971e-03]), array([ 1.62411802e-02,  4.92335511e-01,  1.04633661e+00, -3.71996040e-02,
        1.96614291e-01,  2.52053331e+00, -7.21132573e-02,  7.70094210e-01,
        2.47328903e-01, -2.07170298e-03,  3.50151086e-01, -8.54540704e-03]), array([ 1.58899940e-02,  4.96137716e-01,  1.04749374e+00, -3.72109586e-02,
        1.98277809e-01,  2.52049071e+00, -7.02372467e-02,  7.60441063e-01,
        2.31424500e-01, -2.27092341e-03,  3.32703610e-01, -8.51975716e-03]), array([ 0.01559957,  0.49973605,  1.04803685, -0.03724165,  0.19792153,
        2.52051754, -0.05808535,  0.71966646,  0.10862175, -0.00613821,
       -0.07125681,  0.0053645 ]), array([ 0.01542462,  0.50315663,  1.04810469, -0.03733176,  0.19622507,
        2.52059548, -0.03498921,  0.68411688,  0.01356837, -0.01802246,
       -0.33929182,  0.01558869]), array([ 0.01541066,  0.5064204 ,  1.0478028 , -0.03751251,  0.19369418,
        2.52071187, -0.00279238,  0.65275424, -0.06037708, -0.03614983,
       -0.50617663,  0.02327722]), array([ 0.01559502,  0.50954366,  1.0472116 , -0.03780741,  0.1907034 ,
        2.5208578 ,  0.0368712 ,  0.624652  , -0.11824041, -0.05897998,
       -0.59815701,  0.02918634]), array([ 0.01600776,  0.51253886,  1.04639244, -0.03823345,  0.18752823,
        2.52102691,  0.0825497 ,  0.5990399 , -0.1638317 , -0.08520825,
       -0.6350345 ,  0.03382292]), array([ 0.01667253,  0.5154154 ,  1.04539222, -0.03880222,  0.18436953,
        2.52121453,  0.1329525 ,  0.57530702, -0.20004439, -0.11375307,
       -0.63173939,  0.03752397]), array([ 0.01760719,  0.51818033,  1.04424682, -0.03952089,  0.18137194,
        2.52141708,  0.18693372,  0.5529859 , -0.2290799 , -0.14373507,
       -0.59951834,  0.04051065]), array([ 0.01882459,  0.52083898,  1.04298374, -0.04039315,  0.17863778,
        2.52163171,  0.24347842,  0.53173017, -0.2526167 , -0.17445231,
       -0.54683202,  0.04292529]), array([ 0.02033304,  0.52339544,  1.04162405, -0.04141993,  0.17623761,
        2.521856  ,  0.30169078,  0.51129154, -0.27193765, -0.20535479,
       -0.48003411,  0.04485703]), array([ 0.02213696,  0.52585293,  1.04018392, -0.04260003,  0.17421818,
        2.52208779,  0.36078347,  0.49149902, -0.28802593, -0.23601979,
       -0.40388533,  0.04635965]), array([ 0.0242373 ,  0.52821414,  1.03867573, -0.04393067,  0.17260847,
        2.52232511,  0.42006793,  0.47224113, -0.30163737, -0.26612933,
       -0.32194272,  0.0474639 ]), array([ 0.02663203,  0.5304814 ,  1.03710896, -0.04540792,  0.17142419,
        2.52256604,  0.47894551,  0.45345148, -0.31335491, -0.29545012,
       -0.23685452,  0.04818617]), array([ 0.02931652,  0.53265688,  1.03549081, -0.04702701,  0.17067128,
        2.52280872,  0.53689912,  0.43509705, -0.32362969, -0.32381619,
       -0.15058351,  0.04853434]), array([ 0.03228395,  0.53474273,  1.03382675, -0.04878258,  0.17034839,
        2.52305128,  0.5934855 ,  0.41716909, -0.33281201, -0.35111417,
       -0.06457617,  0.04851182]), array([ 0.03552559,  0.53674111,  1.03212087, -0.05066893,  0.17044894,
        2.52329188,  0.64832805,  0.39967598, -0.34117474, -0.37727099,
        0.02010938,  0.04812023]), array([ 0.03903114,  0.53865429,  1.03037622, -0.05268015,  0.17096247,
        2.52352868,  0.70111013,  0.38263774, -0.3489309 , -0.40224381,
        0.10270655,  0.04736115]), array([ 0.04278898,  0.5404847 ,  1.02859498, -0.05481021,  0.17187581,
        2.52375987,  0.75156896,  0.36608182, -0.35624707, -0.42601184,
        0.18266717,  0.04623712]), array([ 0.04678643,  0.5422349 ,  1.02677872, -0.05705306,  0.17317384,
        2.52398363,  0.7994899 ,  0.35003988, -0.36325347, -0.44856985,
        0.2596064 ,  0.04475232]), array([ 0.05100994,  0.54390763,  1.02492846, -0.05940267,  0.17484015,
        2.52419819,  0.84470128,  0.3345454 , -0.37005163, -0.46992304,
        0.33326115,  0.04291282]), array([ 0.05544529,  0.54550579,  1.02304486, -0.06185309,  0.17685744,
        2.52440183,  0.88706967,  0.31963188, -0.37672027, -0.4900831 ,
        0.40345892,  0.04072663]), array([ 0.06007777,  0.54703245,  1.02112826, -0.06439842,  0.17920791,
        2.52459285,  0.92649555,  0.30533149, -0.38331978, -0.50906528,
        0.4700944 ,  0.03820371]), array([ 0.06489231,  0.54849082,  1.01917878, -0.06703285,  0.18187347,
        2.52476962,  0.96290941,  0.29167409, -0.38989567, -0.52688617,
        0.53311201,  0.03535574]), array([ 0.06987365,  0.54988425,  1.01719637, -0.06975066,  0.18483594,
        2.5249306 ,  0.99626823,  0.27868655, -0.39648132, -0.54356219,
        0.59249287,  0.03219599]), array([ 0.07500642,  0.55121621,  1.01518087, -0.0725462 ,  0.18807717,
        2.5250743 ,  1.02655225,  0.2663923 , -0.40310005, -0.55910857,
        0.64824523,  0.02873908]), array([ 0.08027523,  0.55249027,  1.01313204, -0.07541389,  0.19157915,
        2.5251993 ,  1.05376215,  0.25481096, -0.40976684, -0.57353873,
        0.70039731,  0.02500074]), array([ 0.08566481,  0.55371006,  1.01104959, -0.07834821,  0.19532411,
        2.52530429,  1.07791644,  0.24395821, -0.41648969, -0.58686395,
        0.74899213,  0.02099762]), array([ 0.09116005,  0.55487929,  1.00893324, -0.08134368,  0.19929453,
        2.52538803,  1.09904917,  0.23384569, -0.42327079, -0.59909336,
        0.79408375,  0.01674709]), array([ 0.09674609,  0.55600169,  1.0067827 , -0.08439485,  0.2034732 ,
        2.52544936,  1.1172078 ,  0.22448098, -0.43010743, -0.61023404,
        0.83573452,  0.01226702]), array([ 0.10240835,  0.55708103,  1.00459774, -0.08749631,  0.20784327,
        2.52548724,  1.13245141,  0.21586767, -0.43699282, -0.62029125,
        0.87401318,  0.00757565]), array([ 0.1081326 ,  0.55812106,  1.00237815, -0.09064265,  0.21238824,
        2.5255007 ,  1.14484896,  0.20800543, -0.4439168 , -0.6292688 ,
        0.90899349,  0.00269142]), array([ 1.13904984e-01,  5.59125507e-01,  1.00012382e+00, -9.38284985e-02,
        2.17092003e-01,  2.52548886e+00,  1.15447782e+00,  2.00890163e-01,
       -4.50866472e-01, -6.37169431e-01,  9.40753265e-01, -2.36718224e-03]), array([ 0.1197121 ,  0.56009808,  0.99783469, -0.09704847,  0.22193887,
        2.52545095,  1.16142243,  0.19451414, -0.45782672, -0.64399524,
        0.96937377, -0.0075817 ]), array([ 0.12554096,  0.56104241,  0.99551078, -0.10029722,  0.22691357,
        2.52538628,  1.16577306,  0.18886618, -0.46478073, -0.6497481 ,
        0.99493924, -0.01293382]), array([ 0.13137909,  0.56196207,  0.99315223, -0.10356937,  0.23200125,
        2.52529426,  1.16762472,  0.18393184, -0.47171044, -0.6544301 ,
        1.01753662, -0.01840549]), array([ 0.13721447,  0.56286054,  0.99075925, -0.10685959,  0.23718753,
        2.52517436,  1.16707618,  0.17969363, -0.47859693, -0.65804391,
        1.03725531, -0.02397896]), array([ 0.14303561,  0.56374119,  0.98833214, -0.11016255,  0.24245846,
        2.52502618,  1.16422906,  0.17613118, -0.48542082, -0.66059318,
        1.05418707, -0.02963686]), array([ 0.14883155,  0.5646073 ,  0.98587133, -0.11347297,  0.24780059,
        2.52484937,  1.15918705,  0.1732215 , -0.49216258, -0.66208281,
        1.06842584, -0.03536228]), array([ 0.15459182,  0.565462  ,  0.98337731, -0.11678556,  0.25320093,
        2.52464367,  1.15205514,  0.17093919, -0.49880282, -0.66251926,
        1.08006764, -0.04113879]), array([ 0.16030652,  0.56630828,  0.9808507 , -0.12009512,  0.25864698,
        2.52440892,  1.14293897,  0.16925661, -0.5053226 , -0.66191076,
        1.08921045, -0.0469505 ]), array([ 0.16596624,  0.567149  ,  0.97829218, -0.12339645,  0.26412675,
        2.52414501,  1.13194421,  0.16814419, -0.51170363, -0.66026749,
        1.09595408, -0.0527821 ]), array([ 0.17156212,  0.56798685,  0.97570254, -0.12668446,  0.26962875,
        2.52385191,  1.11917604,  0.16757057, -0.51792848, -0.65760167,
        1.10039996, -0.05861889]), array([ 0.17708581,  0.56882437,  0.97308264, -0.1299541 ,  0.27514201,
        2.52352968,  1.10473863,  0.16750286, -0.52398077, -0.65392766,
        1.10265103, -0.06444683]), array([ 0.18252949,  0.5696639 ,  0.97043341, -0.13320041,  0.28065607,
        2.52317842,  1.08873471,  0.16790684, -0.5298453 , -0.64926195,
        1.10281148, -0.07025255]), array([ 0.18788581,  0.57050764,  0.96775587, -0.13641852,  0.286161  ,
        2.5227983 ,  1.07126513,  0.16874722, -0.53550819, -0.64362316,
        1.10098653, -0.07602337]), array([ 0.19314795,  0.57135758,  0.96505108, -0.13960368,  0.29164741,
        2.52238956,  1.05242856,  0.16998776, -0.54095695, -0.63703196,
        1.0972822 , -0.08174732]), array([ 0.19830956,  0.57221553,  0.96232018, -0.14275124,  0.29710643,
        2.5219525 ,  1.0323211 ,  0.17159156, -0.54618054, -0.62951096,
        1.09180503, -0.08741321]), array([ 0.20336474,  0.57308314,  0.95956433, -0.14585666,  0.30252974,
        2.52148745,  1.01103607,  0.17352121, -0.55116947, -0.62108456,
        1.0846618 , -0.09301056]), array([ 0.20830806,  0.57396183,  0.95678476, -0.14891556,  0.30790954,
        2.5209948 ,  0.98866369,  0.175739  , -0.55591573, -0.61177883,
        1.07595923, -0.09852968]), array([ 0.21313451,  0.57485287,  0.95398269, -0.15192366,  0.31323856,
        2.52047499,  0.96529096,  0.17820711, -0.56041287, -0.60162125,
        1.06580368, -0.10396164]), array([ 0.21783952,  0.57575731,  0.95115941, -0.15487687,  0.31851006,
        2.5199285 ,  0.94100141,  0.18088774, -0.56465595, -0.59064058,
        1.05430088, -0.10929829]), array([ 0.22241889,  0.57667603,  0.9483162 , -0.1577712 ,  0.32371784,
        2.51935584,  0.91587498,  0.18374333, -0.5686415 , -0.57886657,
        1.04155556, -0.11453227]), array([ 0.22686883,  0.57760971,  0.94545437, -0.16060285,  0.3288562 ,
        2.51875755,  0.88998795,  0.18673672, -0.5723675 , -0.56632977,
        1.02767122, -0.11965699]), array([ 0.2311859 ,  0.57855886,  0.9425752 , -0.16336815,  0.33391995,
        2.51813422,  0.86341279,  0.18983125, -0.57583328, -0.55306128,
        1.0127498 , -0.12466662]), array([ 0.23536699,  0.57952382,  0.93968   , -0.16606362,  0.3389044 ,
        2.51748644,  0.83621816,  0.19299093, -0.5790395 , -0.53909253,
        0.9968914 , -0.12955611]), array([ 0.23940933,  0.58050472,  0.93677006, -0.16868589,  0.34380537,
        2.51681483,  0.80846887,  0.19618057, -0.58198804, -0.52445505,
        0.980194  , -0.13432114]), array([ 0.24331046,  0.58150155,  0.93384665, -0.17123179,  0.34861914,
        2.51612004,  0.78022586,  0.19936589, -0.58468194, -0.50918024,
        0.96275325, -0.13895814]), array([ 0.24706819,  0.58251412,  0.93091103, -0.17369829,  0.35334245,
        2.51540272,  0.75154625,  0.20251365, -0.58712527, -0.49329918,
        0.94466219, -0.14346423]), array([ 0.25068061,  0.58354208,  0.92796441, -0.1760825 ,  0.3579725 ,
        2.51466353,  0.72248335,  0.20559171, -0.5893231 , -0.47684239,
        0.92601104, -0.14783723]), array([ 0.25414604,  0.58458492,  0.925008  , -0.1783817 ,  0.36250694,
        2.51390316,  0.69308675,  0.20856915, -0.59128139, -0.45983972,
        0.90688701, -0.15207562]), array([ 0.25746306,  0.58564201,  0.92204297, -0.1805933 ,  0.36694381,
        2.51312226,  0.6634024 ,  0.21141635, -0.59300686, -0.44232013,
        0.88737413, -0.1561785 ]), array([ 0.26063042,  0.58671253,  0.91907044, -0.18271486,  0.37128158,
        2.51232154,  0.63347265,  0.21410504, -0.59450696, -0.42431154,
        0.86755305, -0.16014559]), array([ 0.26368738,  0.5877699 ,  0.91600186, -0.18479837,  0.37516575,
        2.51152563,  0.61139244,  0.21147291, -0.61371439, -0.41670149,
        0.77683469, -0.15918028])], 'U_history': [array([ 60.        , -60.        ,  -4.42469842, -10.        ,
       -10.        , -10.        ]), array([ 60.        ,  60.        ,   8.61120813,  10.        ,
       -10.        ,  10.        ]), array([ 45.20477354, -60.        ,  -3.94459389, -10.        ,
       -10.        ,  10.        ]), array([ -0.10668242,  60.        ,   8.3135977 ,  10.        ,
         2.05875668, -10.        ]), array([ -1.47849428, -60.        ,  -3.34633111, -10.        ,
        -1.98712111, -10.        ]), array([-1.69877965, 60.        ,  9.23531485, 10.        ,  3.09468704,
       10.        ]), array([ -2.95378472, -60.        ,  -3.59381601, -10.        ,
        -1.89005188,  10.        ]), array([ -2.82877807,  60.        ,   8.82026593,  10.        ,
         3.17477406, -10.        ]), array([ -3.03155275, -60.        ,  -3.18887523,  10.        ,
        -1.83111381,  10.        ]), array([ -2.44488288,  60.        ,   9.63269787, -10.        ,
         3.36343991, -10.        ]), array([ -2.8899946 , -60.        ,  -3.60640155, -10.        ,
        -1.9372113 ,  10.        ]), array([ -2.76229405,  60.        ,   9.1322255 ,  10.        ,
         3.29208963, -10.        ]), array([ -2.89475997, -60.        ,  -2.96088386, -10.        ,
        -1.80720535,  10.        ]), array([ -2.23738645,  60.        ,   9.32964718,  10.        ,
         3.30146592, -10.        ]), array([ -3.69187154, -60.        ,  -2.95838302,  10.        ,
        -1.75529899,  10.        ]), array([ -2.50207475,  60.        ,   9.94359712, -10.        ,
         3.47906392, -10.        ]), array([ -3.12143117, -60.        ,  -3.2595852 ,  10.        ,
        -1.88397232,  10.        ]), array([ -2.90842209,  60.        ,   9.82575398, -10.        ,
         3.50669864, -10.        ]), array([ -2.41558901, -60.        ,  -2.87641245, -10.        ,
        -1.86911733,  10.        ]), array([ -2.37326424,  60.        ,   9.76120473,  10.        ,
         3.48128305, -10.        ]), array([ -3.28319104, -60.        ,  -2.70984255, -10.        ,
        -1.79685122,  10.        ]), array([ -2.05288613,  60.        ,   9.92312058,  10.        ,
         3.48174121, -10.        ]), array([ -3.63457184, -60.        ,  -2.66610043, -10.        ,
        -1.75070538,  10.        ]), array([ -1.5983458 ,  60.        ,  10.10658365,  10.        ,
         3.48284462, -10.        ]), array([ -4.29473744, -60.        ,  -2.69974849,  10.        ,
        -1.71788171,  10.        ]), array([ -2.80041017,  60.        ,  10.28705642, -10.        ,
         3.59700215, -10.        ]), array([ -2.64211488, -60.        ,  -2.57409689,  10.        ,
        -1.82285702,  10.        ]), array([ -2.99810635,  60.        ,  10.19985666, -10.        ,
         3.6102474 , -10.        ]), array([ -2.27569029, -60.        ,  -2.30042798,  10.        ,
        -1.82897412,  10.        ]), array([ -3.2718925 ,  60.        ,  10.11188949, -10.        ,
         3.62452245, -10.        ]), array([ -1.94040567, -60.        ,  -2.26089008,  10.        ,
        -1.91650654,  10.        ]), array([ -3.65032721,  60.        ,   8.01369819, -10.        ,
         2.88864681, -10.        ]), array([ -1.33977522,  60.        ,   5.12924322, -10.        ,
         0.81673344,  10.        ]), array([ -1.65316665, -60.        ,  -1.68239647,  10.        ,
        -1.6792544 , -10.        ]), array([ -3.4202255 ,  60.        ,  11.27401293, -10.        ,
         3.9151264 ,  10.        ]), array([ -2.29961142, -60.        ,  -1.8106034 ,  10.        ,
        -1.70029625, -10.        ]), array([ -2.9785927 ,  60.        ,  11.59632888, -10.        ,
         3.9125964 ,  10.        ]), array([ -2.66160647, -60.        ,  -1.98457155,  10.        ,
        -1.69513576, -10.        ]), array([ -2.52957187,  60.        ,  11.89115547, -10.        ,
         3.90576712,  10.        ]), array([ -3.00297622, -60.        ,  -2.13573458,  10.        ,
        -1.69125453, -10.        ]), array([ -2.08323243,  60.        ,  12.16098253, -10.        ,
         3.89595697,  10.        ]), array([ -3.24953866, -60.        ,  -2.24861875,  10.        ,
        -1.68764477, -10.        ]), array([-1.86063886, 60.        , 12.36323334, 10.        ,  3.88080001,
       10.        ]), array([ -4.84797262, -60.        ,  -2.50473235, -10.        ,
        -1.71215903, -10.        ]), array([ 0.16871415, 60.        , 12.80930357, 10.        ,  3.84833695,
       10.        ]), array([ -4.1454608 , -60.        ,  -2.28073932, -10.        ,
        -1.73851636, -10.        ]), array([-1.75712302e-02,  6.00000000e+01,  1.26798293e+01,  1.00000000e+01,
        3.80018399e+00,  1.00000000e+01]), array([ -3.60659916, -60.        ,  -1.72077624, -10.        ,
        -1.65507617,  10.        ]), array([ -3.23204373,  60.        ,  11.68876293,  10.        ,
         3.89043608, -10.        ]), array([ -1.96043685, -60.        ,   1.08374498, -10.        ,
        -0.85534879,  10.        ]), array([ -3.5257927, -60.       ,   4.3873668,  10.       ,   1.0936715,
       -10.       ]), array([ -0.77407451,  60.        ,  12.09541118, -10.        ,
         3.63673511,  10.        ]), array([ -4.38298773, -60.        ,  -2.89562155,  10.        ,
        -1.91484989, -10.        ]), array([ -1.12011359,  60.        ,  12.0121137 , -10.        ,
         3.69581649,  10.        ]), array([ -3.96789818, -60.        ,  -2.71914359,  10.        ,
        -1.95647657, -10.        ]), array([ -1.32244708,  60.        ,  11.98340508, -10.        ,
         3.70777316,  10.        ]), array([ -3.55506   , -60.        ,  -2.56172054,  10.        ,
        -2.00196468, -10.        ]), array([ -1.5016421 ,  60.        ,  11.96939676, -10.        ,
         3.71997222,  10.        ]), array([ -3.15272233, -60.        ,  -2.42272124,  10.        ,
        -2.05082217, -10.        ]), array([ -1.65817861,  60.        ,  11.96957009, -10.        ,
         3.73224078,  10.        ]), array([ -2.75939368, -60.        ,  -2.30109155,  10.        ,
        -2.10292182, -10.        ]), array([ -1.79157965,  60.        ,  11.98337443, -10.        ,
         3.7443043 ,  10.        ]), array([ -2.37354882, -60.        ,  -2.19589382,  10.        ,
        -2.15818007, -10.        ]), array([ -1.90114885,  60.        ,  12.0097761 , -10.        ,
         3.75569285,  10.        ]), array([ -1.99365818, -60.        ,  -2.10731237,  10.        ,
        -2.21691137, -10.        ]), array([ -1.9854926 ,  60.        ,  12.04131392, -10.        ,
         3.76348964,  10.        ]), array([ -1.61698711, -60.        ,  -2.11767849,  10.        ,
        -2.30875019, -10.        ]), array([ -2.04605182,  60.        ,  11.18779631, -10.        ,
         3.4443469 ,  10.        ]), array([ -1.27025892, -60.        ,  -2.08944082,  10.        ,
        -2.394199  , -10.        ]), array([ -1.88069612,  60.        ,  10.70059625, -10.        ,
         3.17797021,  10.        ]), array([ -1.55509304,  60.        ,   3.42527271,  10.        ,
        -0.12533233, -10.        ]), array([ -0.09455294, -60.        ,   4.02570327, -10.        ,
        -0.42967754,  10.        ]), array([ -1.95387993, -60.        ,   9.10344104,  10.        ,
         2.45728983, -10.        ]), array([ -0.12254117, -60.        ,   2.7722174 , -10.        ,
        -0.45983795,  10.        ]), array([ -2.94708834,  60.        ,  10.89420038,  10.        ,
         3.74103698, -10.        ]), array([  2.06221478, -60.        ,  -1.18595355, -10.        ,
        -2.75502948,  10.        ]), array([ -3.11724127,  60.        ,  10.79568387,  10.        ,
         3.72771107, -10.        ]), array([  2.6150105 , -60.        ,  -0.89952444, -10.        ,
        -2.76795857,  10.        ]), array([ -3.20848954,  60.        ,  10.68867187,  10.        ,
         3.67063237, -10.        ]), array([  3.20602667, -60.        ,  -0.59461171,  10.        ,
        -2.78166293,  10.        ]), array([ -3.12468656,  60.        ,  10.60070718, -10.        ,
         3.49691055, -10.        ]), array([ 4.38642430e+00, -6.00000000e+01, -1.12450665e-02,  1.00000000e+01,
       -2.75025398e+00,  1.00000000e+01]), array([ -3.46801025,  60.        ,  10.47916298, -10.        ,
         3.49768056, -10.        ]), array([  5.31988815, -60.        ,   0.28136922,  10.        ,
        -2.8724373 , -10.        ]), array([  1.13142951,  60.        ,  13.19698609, -10.        ,
         3.51980481,  10.        ]), array([  3.07702296, -60.        ,  -1.55643356,  10.        ,
        -2.89841889, -10.        ]), array([  1.08889945,  60.        ,  13.38133984, -10.        ,
         3.39909606,  10.        ]), array([  3.41176696, -60.        ,   1.53353466, -10.        ,
        -1.81582835, -10.        ]), array([  1.0710738 , -36.        ,   3.17801514,   6.        ,
         0.29179504,   6.        ]), array([ -2.91673454,  60.        ,   9.62205624, -10.        ,
         3.12953682,  10.        ]), array([  3.85462204, -60.        ,  -2.42783064,  10.        ,
        -3.45084997, -10.        ]), array([-5.22911314e-02,  6.00000000e+01,  1.20567254e+01,  1.00000000e+01,
        3.13754447e+00,  1.00000000e+01]), array([  4.00138271, -60.        ,  -1.50861314, -10.        ,
        -3.27926369, -10.        ]), array([ 0.86869709, 60.        , 11.45612529, 10.        ,  3.02138962,
       10.        ]), array([  4.92508859, -60.        ,  -1.44683304, -10.        ,
        -3.49851448, -10.        ]), array([  1.47864442,  60.        ,  11.28439646, -10.        ,
         2.87993819,  10.        ]), array([  6.37093815, -60.        ,  -3.01415429,  10.        ,
        -3.97495849, -10.        ]), array([  2.03579875,  60.        ,  12.65399273, -10.        ,
         2.92957756, -10.        ]), array([ 11.80262479, -60.        ,   6.58631127, -10.        ,
        -1.58693398,  10.        ]), array([  2.71475684, -36.        ,   0.07093641,   6.        ,
        -0.89212842,  -6.        ]), array([  3.88833064,  60.        ,  13.0301749 , -10.        ,
         2.60979339,  10.        ]), array([ 10.32219394, -60.        ,  -3.05442711,  10.        ,
        -4.40566464, -10.        ]), array([  4.92575257,  60.        ,  13.30942429, -10.        ,
         2.59439513,  10.        ]), array([ 11.05043698, -60.        ,  -3.3269603 ,  10.        ,
        -4.63424766,  10.        ]), array([ -1.77723124,  60.        ,   8.88888288,  10.        ,
         2.25942548, -10.        ]), array([ 17.04924234, -60.        ,   0.67159216,  10.        ,
        -4.93169379, -10.        ]), array([11.62968219, 60.        , 13.84607278, 10.        ,  1.91645356,
       10.        ]), array([ 13.83842414, -60.        ,  -2.93733895, -10.        ,
        -5.3109748 , -10.        ]), array([ 5.97966652, 24.        ,  5.25481621, -4.        ,  0.58359411,
        4.        ]), array([ 16.93396932, -60.        ,   0.18855367,  10.        ,
        -3.74685615, -10.        ]), array([  9.28089193, -24.        ,   1.84430588,  -4.        ,
        -1.64415344,  -4.        ]), array([ 8.99566337, 24.        ,  4.56749875, -4.        ,  0.09759749,
        4.        ]), array([ 16.03714031, -36.        ,  -2.30857095,  -6.        ,
        -3.69645883,  -6.        ]), array([ 18.69043977, -36.        ,   3.14323634,   6.        ,
        -2.61252633,   6.        ]), array([ 0., -0., -0.,  0., -0.,  0.]), array([-29.83704988,  55.28919786, -70.71122444, -19.79521188,
        75.16981078,  47.85095793]), array([ -7.53970923, -36.        , -18.        ,  -6.        ,
        -6.        ,  -6.        ]), array([-19.76455031,  24.        , -12.        ,  -4.        ,
        -4.        ,  -4.        ]), array([-14.80840461,  29.51090246, -14.80088655,  18.54780833,
        51.88498541,  40.23751701]), array([-60.,  60.,  30.,  10.,  10.,  10.]), array([-0.38390597,  7.64323095,  5.84583958, -0.98942534,  6.6713973 ,
       -3.57931957]), array([-0.33763192,  7.67969096,  6.08080379, -0.86154307,  5.72614226,
       -1.96735319]), array([-0.30158767,  7.68973775,  6.23539533, -0.7146276 ,  5.01597056,
       -1.08131425]), array([-0.27257413,  7.67795167,  6.32908279, -0.57410741,  4.47870886,
       -0.59206289]), array([-0.24842373,  7.64798424,  6.37649896, -0.45023343,  4.06875437,
       -0.32022574]), array([-0.22771296,  7.60271534,  6.38862124, -0.34575608,  3.75255727,
       -0.16793524]), array([-0.20951413,  7.54440801,  6.37368404, -0.25994841,  3.50539952,
       -0.08170393]), array([-0.19321857,  7.47484424,  6.33787186, -0.190668  ,  3.30905961,
       -0.03222857]), array([-1.78420171e-01,  7.39543705e+00,  6.28584089e+00, -1.35377497e-01,
        3.15010468e+00, -3.39988782e-03]), array([-0.16484137,  7.30731982,  6.22110931, -0.09161963,  3.01863535,
        0.01368126]), array([-0.15228671,  7.21141583,  6.14634851, -0.05721244,  2.90736096,
        0.02396461]), array([-0.14061396,  7.1084915 ,  6.06359965, -0.03030582,  2.81091722,
        0.03022927]), array([-0.1297159 ,  6.99919671,  5.97443473, -0.00937311,  2.72536246,
        0.03405569]), array([-1.19508915e-01,  6.88409502e+00,  5.88007616e+00,  6.82419795e-03,
        2.64780551e+00,  3.63580478e-02]), array([-0.10992563,  6.7636862 ,  5.78148555,  0.01927984,  2.57613082,
        0.03767672]), array([-0.10091012,  6.63842291,  5.6794296 ,  0.02878539,  2.50879536,
        0.03833981]), array([-0.09241481,  6.50872296,  5.57452909,  0.0359683 ,  2.44467861,
        0.03855287]), array([-0.08439832,  6.37497824,  5.46729525,  0.04132437,  2.3829717 ,
        0.03844921]), array([-0.07682404,  6.23756127,  5.35815681,  0.04524451,  2.32309557,
        0.03811845]), array([-0.06965917,  6.09682985,  5.24748011,  0.04803657,  2.26464046,
        0.03762296]), array([-0.06287396,  5.95313039,  5.1355841 ,  0.04994279,  2.20732126,
        0.03700756]), array([-0.05644129,  5.8068002 ,  5.02275151,  0.05115379,  2.15094448,
        0.03630537]), array([-0.05033626,  5.65816906,  4.90923715,  0.05181957,  2.09538391,
        0.0355414 ]), array([-0.04453595,  5.50756024,  4.79527411,  0.05205824,  2.04056254,
        0.03473491]), array([-0.03901921,  5.3552911 ,  4.68107839,  0.05196293,  1.98643928,
        0.03390096]), array([-0.03376652,  5.20167338,  4.56685228,  0.05160712,  1.93299914,
        0.03305145]), array([-0.02875986,  5.04701329,  4.45278691,  0.05104893,  1.88024586,
        0.03219585]), array([-0.02398261,  4.89161141,  4.33906411,  0.05033442,  1.8281966 ,
        0.03134178]), array([-0.01941947,  4.73576249,  4.22585775,  0.04950019,  1.77687787,
        0.0304954 ]), array([-0.01505635,  4.57975516,  4.11333471,  0.04857543,  1.72632258,
        0.02966167]), array([-0.01088035,  4.42387158,  4.00165555,  0.04758351,  1.67656784,
        0.02884465]), array([-0.00687967,  4.26838704,  3.89097496,  0.04654319,  1.62765328,
        0.0280476 ]), array([-3.04350687e-03,  4.11356954e+00,  3.78144202e+00,  4.54696824e-02,
        1.57961981e+00,  2.72731774e-02]), array([6.37935519e-04, 3.95967940e+00, 3.67320040e+00, 4.43753158e-02,
       1.53250873e+00, 2.65235306e-02]), array([0.00417357, 3.80696879, 3.56638841, 0.04327019, 1.48636095,
       0.02580036]), array([0.00757145, 3.6556813 , 3.46113897, 0.04216264, 1.44121654,
       0.02510503]), array([0.01083885, 3.50605159, 3.35757956, 0.04105954, 1.39711426,
       0.02443855]), array([0.01398231, 3.35830494, 3.25583214, 0.03996668, 1.35409126,
       0.02380173]), array([0.01700772, 3.21265695, 3.15601303, 0.03888891, 1.31218287,
       0.02319509]), array([0.01992033, 3.06931313, 3.05823278, 0.03783033, 1.27142236,
       0.02261901]), array([0.02272485, 2.9284687 , 2.96259603, 0.03679444, 1.23184083,
       0.02207365]), array([0.02542547, 2.79030823, 2.86920137, 0.03578426, 1.19346711,
       0.02155904]), array([0.02802594, 2.6550055 , 2.77814128, 0.03480234, 1.15632763,
       0.02107508]), array([0.03052958, 2.52272324, 2.68950194, 0.0338509 , 1.12044641,
       0.02062156]), array([0.03293938, 2.39361306, 2.60336317, 0.03293185, 1.08584499,
       0.02019814]), array([0.03525798, 2.26781532, 2.51979839, 0.03204683, 1.0525424 ,
       0.01980441]), array([0.03748776, 2.14545907, 2.43887448, 0.03119723, 1.02055516,
       0.01943987]), array([0.03963087, 2.02666205, 2.36065183, 0.03038423, 0.98989727,
       0.01910396]), array([0.04168925, 1.91153074, 2.28518428, 0.02960881, 0.96058021,
       0.01879604]), array([0.04366467, 1.80016038, 2.21251914, 0.02887178, 0.93261298,
       0.01851545]), array([0.04555875, 1.69263514, 2.14269724, 0.02817377, 0.90600211,
       0.01826146]), array([0.04737301, 1.58902825, 2.07575297, 0.02751526, 0.88075171,
       0.0180333 ]), array([0.04910889, 1.48940219, 2.01171434, 0.02689659, 0.8568635 ,
       0.01783019]), array([0.05076773, 1.39380891, 1.95060313, 0.02631796, 0.83433684,
       0.01765131]), array([0.05235087, 1.30229008, 1.89243496, 0.02577943, 0.81316885,
       0.01749582]), array([0.05385957, 1.21487738, 1.83721944, 0.02528095, 0.79335438,
       0.01736288]), array([0.05529512, 1.13159284, 1.78496035, 0.02482236, 0.77488616,
       0.01725164]), array([0.05665876, 1.05244911, 1.73565577, 0.02440337, 0.75775481,
       0.01716124]), array([0.05795178, 0.97744987, 1.68929829, 0.02402362, 0.74194894,
       0.01709081]), array([ 6.83591074e-01, -1.24531553e+01, -1.00422079e+01, -1.23784654e-01,
       -6.52363569e+00,  3.49364576e-18]), array([ 1.89887713e+00, -8.71532816e+00, -6.73293832e+00, -2.39944949e-01,
       -4.30235400e+00,  9.51771577e-16]), array([ 2.92852969e+00, -5.91742939e+00, -4.24470496e+00, -3.36972280e-01,
       -2.62929699e+00,  5.79721336e-16]), array([ 3.79580442e+00, -3.82916484e+00, -2.37935429e+00, -4.15897428e-01,
       -1.37263055e+00,  1.41483595e-15]), array([ 4.52071047e+00, -2.27711251e+00, -9.86066470e-01, -4.78556683e-01,
       -4.31781430e-01,  7.39642408e-16]), array([ 5.12050283e+00, -1.13021146e+00,  4.98563602e-02, -5.27097490e-01,
        2.69855805e-01,  4.56032752e-17]), array([ 5.61013122e+00, -2.89158123e-01,  8.15577677e-01, -5.63688354e-01,
        7.90553824e-01,  2.11555712e-15]), array([ 6.00262381e+00,  3.21422421e-01,  1.37729059e+00, -5.90358822e-01,
        1.17458798e+00,  1.74868137e-15]), array([ 6.30940375e+00,  7.58805706e-01,  1.78522816e+00, -6.08920887e-01,
        1.45556140e+00,  1.70447103e-15]), array([ 6.54054506e+00,  1.06653796e+00,  2.07748406e+00, -6.20940014e-01,
        1.65894936e+00,  3.32907383e-15]), array([ 6.70497764e+00,  1.27772953e+00,  2.28292396e+00, -6.27735313e-01,
        1.80404289e+00,  1.19386423e-16]), array([ 6.81065120e+00,  1.41754682e+00,  2.42340270e+00, -6.30395747e-01,
        1.90543167e+00,  1.03502509e-15]), array([ 6.86466688e+00,  1.50510335e+00,  2.51545201e+00, -6.29804215e-01,
        1.97413439e+00,  2.14693558e-15]), array([ 6.87338396e+00,  1.55489780e+00,  2.57156451e+00, -6.26664498e-01,
        2.01845960e+00,  1.60926153e-15]), array([ 6.84250736e+00,  1.57790925e+00,  2.60117023e+00, -6.21528150e-01,
        2.04466100e+00,  2.30390112e-15]), array([ 6.77716063e+00,  1.58243193e+00,  2.61137872e+00, -6.14819703e-01,
        2.05743599e+00,  2.00228188e-15]), array([ 6.68194769e+00,  1.57471201e+00,  2.60754291e+00, -6.06859409e-01,
        2.06030456e+00,  3.03775662e-15]), array([ 6.56100600e+00,  1.55943330e+00,  2.59368705e+00, -5.97883203e-01,
        2.05589735e+00,  3.44530931e-15]), array([ 6.41805290e+00,  1.54008793e+00,  2.57283148e+00, -5.88059905e-01,
        2.04617426e+00,  4.48342645e-16]), array([ 6.25642655e+00,  1.51925899e+00,  2.54723869e+00, -5.77505821e-01,
        2.03259036e+00,  2.02711777e-15]), array([ 6.07912244e+00,  1.49883627e+00,  2.51859979e+00, -5.66296974e-01,
        2.01622172e+00,  1.18874638e-15]), array([ 5.88882623e+00,  1.48018067e+00,  2.48817544e+00, -5.54479256e-01,
        1.99786069e+00,  1.52841637e-15]), array([ 5.68794332e+00,  1.46424959e+00,  2.45690241e+00, -5.42076761e-01,
        1.97808796e+00,  1.46335747e-15]), array([ 5.47862569e+00,  1.45169252e+00,  2.42547396e+00, -5.29098562e-01,
        1.95732705e+00,  1.34071886e-15]), array([ 5.26279619e+00,  1.44292384e+00,  2.39440032e+00, -5.15544157e-01,
        1.93588542e+00,  7.97365243e-16]), array([ 5.04217059e+00,  1.43817843e+00,  2.36405425e+00, -5.01407807e-01,
        1.91398537e+00,  8.76911354e-16]), array([ 4.81827750e+00,  1.43755397e+00,  2.33470513e+00, -4.86681925e-01,
        1.89178729e+00,  6.27074831e-16]), array([ 4.59247643e+00,  1.44104334e+00,  2.30654449e+00, -4.71359681e-01,
        1.86940702e+00,  9.28255056e-17]), array([ 4.36597404e+00,  1.44855929e+00,  2.27970511e+00, -4.55436951e-01,
        1.84692883e+00,  5.22219390e-16]), array([ 4.13983878e+00,  1.45995344e+00,  2.25427519e+00, -4.38913719e-01,
        1.82441500e+00,  1.12967986e-15]), array([ 3.91501400e+00,  1.47503087e+00,  2.23030885e+00, -4.21795025e-01,
        1.80191286e+00,  7.41139344e-16]), array([ 3.69232970e+00,  1.49356141e+00,  2.20783401e+00, -4.04091542e-01,
        1.77945997e+00,  1.36041698e-15]), array([ 3.47251303e+00,  1.51528842e+00,  2.18685810e+00, -3.85819834e-01,
        1.75708779e+00,  2.37367474e-17]), array([ 3.25619764e+00,  1.53993575e+00,  2.16737238e+00, -3.67002375e-01,
        1.73482426e+00,  1.60239810e-16]), array([ 3.04393198e+00,  1.56721324e+00,  2.14935510e+00, -3.47667346e-01,
        1.71269563e+00,  6.83339049e-16]), array([ 2.83618672e+00,  1.59682119e+00,  2.13277393e+00, -3.27848277e-01,
        1.69072756e+00,  3.08831292e-16]), array([ 2.63336135e+00,  1.62845401e+00,  2.11758769e+00, -3.07583557e-01,
        1.66894588e+00, -1.91253838e-16]), array([ 2.43579006e+00,  1.66180334e+00,  2.10374788e+00, -2.86915838e-01,
        1.64737692e+00,  7.78924139e-16]), array([ 2.24374700e+00,  1.69656062e+00,  2.09119969e+00, -2.65891373e-01,
        1.62604770e+00,  4.16051412e-16]), array([ 2.05745102e+00,  1.73241940e+00,  2.07988306e+00, -2.44559298e-01,
        1.60498578e+00,  1.39194789e-16]), array([ 1.87706997e+00,  1.76907729e+00,  2.06973338e+00, -2.22970891e-01,
        1.58421921e+00,  1.18898002e-16]), array([ 1.70272459e+00,  1.80623780e+00,  2.06068232e+00, -2.01178814e-01,
        1.56377619e+00,  4.87546486e-17]), array([ 1.53449214e+00,  1.84361193e+00,  2.05265847e+00, -1.79236371e-01,
        1.54368481e+00,  2.80201314e-16]), array([ 1.37240967e+00,  1.88091956e+00,  2.04558801e+00, -1.57196775e-01,
        1.52397276e+00,  2.12488869e-16]), array([ 1.21647723e+00,  1.91789081e+00,  2.03939531e+00, -1.35112459e-01,
        1.50466694e+00,  6.04491080e-17]), array([ 1.06666078e+00,  1.95426718e+00,  2.03400360e+00, -1.13034428e-01,
        1.48579320e+00,  3.16374662e-16]), array([ 9.22895025e-01,  1.98980257e+00,  2.02933552e+00, -9.10116595e-02,
        1.46737605e+00,  6.98121083e-17]), array([ 7.85086144e-01,  2.02426422e+00,  2.02531371e+00, -6.90905757e-02,
        1.44943833e+00,  1.82663178e-16]), array([ 6.53114393e-01,  2.05743344e+00,  2.02186139e+00, -4.73145705e-02,
        1.43200106e+00, -1.17566867e-16]), array([ 5.26836665e-01,  2.08910630e+00,  2.01890288e+00, -2.57236144e-02,
        1.41508317e+00,  6.29337303e-17]), array([ 4.06088966e-01,  2.11909413e+00,  2.01636408e+00, -4.35392876e-03,
        1.39870140e+00, -6.63986422e-17]), array([ 2.90688832e-01,  2.14722392e+00,  2.01417295e+00,  1.67622675e-02,
        1.38287013e+00, -4.55807143e-17]), array([1.80437676e-01, 2.17333858e+00, 2.01225993e+00, 3.75969380e-02,
       1.36760132e+00, 1.64447169e-16]), array([ 7.51230785e-02,  2.19729710e+00,  2.01055830e+00,  5.81263398e-02,
        1.35290446e+00, -1.74004029e-16]), array([-2.54790030e-02,  2.21897455e+00,  2.00900449e+00,  7.83310682e-02,
        1.33878655e+00, -1.95558404e-16]), array([-1.21602096e-01,  2.23826203e+00,  2.00753839e+00,  9.81960387e-02,
        1.32525211e+00, -1.35783702e-16]), array([-2.13487160e-01,  2.25506648e+00,  2.00610354e+00,  1.17710413e-01,
        1.31230327e+00, -3.16531587e-16]), array([-3.01380628e-01,  2.26931037e+00,  2.00464732e+00,  1.36867471e-01,
        1.29993978e+00, -1.57770401e-16]), array([-3.85532544e-01,  2.28093135e+00,  2.00312103e+00,  1.55664444e-01,
        1.28815914e+00, -3.86238041e-16]), array([-4.66194809e-01,  2.28988179e+00,  2.00148003e+00,  1.74102301e-01,
        1.27695673e+00, -1.67080806e-16]), array([-5.43619544e-01,  2.29612829e+00,  1.99968371e+00,  1.92185510e-01,
        1.26632588e+00,  3.67078994e-17]), array([0., 0., 0., 0., 0., 0.])], 'ball_pos_history': [array([-1.50534838, -8.01533471,  1.29647977]), array([-1.50074745, -7.97057054,  1.27994624]), array([-1.49614651, -7.92580636,  1.26316747]), array([-1.49154557, -7.88104218,  1.24614345]), array([-1.48694464, -7.83627801,  1.22887417]), array([-1.4823437 , -7.79151383,  1.21135965]), array([-1.47774276, -7.74674966,  1.19359987]), array([-1.47314183, -7.70198548,  1.17559485]), array([-1.46854089, -7.65722131,  1.15734457]), array([-1.46393995, -7.61245713,  1.13884905]), array([-1.45933902, -7.56769296,  1.12010828]), array([-1.45473808, -7.52292878,  1.10112225]), array([-1.45013714, -7.47816461,  1.08189098]), array([-1.44553621, -7.43340043,  1.06241445]), array([-1.44093527, -7.38863626,  1.04269268]), array([-1.43633433, -7.34387208,  1.02272565]), array([-1.4317334 , -7.29910791,  1.00251338]), array([-1.42713246, -7.25434373,  0.98205586]), array([-1.42253152, -7.20957956,  0.96135308]), array([-1.41793059, -7.16481538,  0.94040506]), array([-1.41332965, -7.12005121,  0.91921178]), array([-1.40872871, -7.07528703,  0.89777326]), array([-1.40412778, -7.03052286,  0.87608948]), array([-1.39952684, -6.98575868,  0.85416046]), array([-1.3949259 , -6.94099451,  0.83198619]), array([-1.39032497, -6.89623033,  0.80956666]), array([-1.38572403, -6.85146615,  0.78690189]), array([-1.38112309, -6.80670198,  0.76399186]), array([-1.37652216, -6.7619378 ,  0.74083659]), array([-1.37192122, -6.71717363,  0.71743606]), array([-1.36732028, -6.67240945,  0.69379029]), array([-1.36271935, -6.62764528,  0.66989927]), array([-1.35811841, -6.5828811 ,  0.64576299]), array([-1.35351747, -6.53811693,  0.62138147]), array([-1.34891654, -6.49335275,  0.59675469]), array([-1.3443156 , -6.44858858,  0.57188267]), array([-1.33971466, -6.4038244 ,  0.54676539]), array([-1.33511373, -6.35906023,  0.52140287]), array([-1.33051279, -6.31429605,  0.4957951 ]), array([-1.32591185, -6.26953188,  0.46994207]), array([-1.32131092, -6.2247677 ,  0.4438438 ]), array([-1.31670998, -6.18000353,  0.41750027]), array([-1.31210904, -6.13523935,  0.3909115 ]), array([-1.30750811, -6.09047518,  0.36407747]), array([-1.30290717, -6.045711  ,  0.3369982 ]), array([-1.29830623, -6.00094683,  0.30967368]), array([-1.2937053 , -5.95618265,  0.2821039 ]), array([-1.28910436, -5.91141848,  0.25428888]), array([-1.28450342, -5.8666543 ,  0.2262286 ]), array([-1.27990249, -5.82189013,  0.19792308]), array([-1.27530155, -5.77712595,  0.1693723 ]), array([-1.27070061, -5.73236177,  0.14057628]), array([-1.26609968, -5.6875976 ,  0.11153501]), array([-1.26149874, -5.64283342,  0.08224848]), array([-1.2568978 , -5.59806925,  0.05271671]), array([-1.25229687, -5.55330507,  0.033     ]), array([-1.24792598, -5.51077911,  0.05508752]), array([-1.24355509, -5.46825314,  0.07692979]), array([-1.2391842 , -5.42572717,  0.0985268 ]), array([-1.23481331, -5.38320121,  0.11987857]), array([-1.23044242, -5.34067524,  0.14098509]), array([-1.22607153, -5.29814928,  0.16184636]), array([-1.22170064, -5.25562331,  0.18246238]), array([-1.21732975, -5.21309734,  0.20283315]), array([-1.21295886, -5.17057138,  0.22295866]), array([-1.20858797, -5.12804541,  0.24283893]), array([-1.20421708, -5.08551944,  0.26247395]), array([-1.19984619, -5.04299348,  0.28186372]), array([-1.1954753 , -5.00046751,  0.30100824]), array([-1.19110441, -4.95794154,  0.31990751]), array([-1.18673352, -4.91541558,  0.33856152]), array([-1.18236263, -4.87288961,  0.35697029]), array([-1.17799174, -4.83036364,  0.37513381]), array([-1.17362085, -4.78783768,  0.39305208]), array([-1.16924996, -4.74531171,  0.4107251 ]), array([-1.16487907, -4.70278575,  0.42815286]), array([-1.16050818, -4.66025978,  0.44533538]), array([-1.15613729, -4.61773381,  0.46227265]), array([-1.1517664 , -4.57520785,  0.47896467]), array([-1.14739551, -4.53268188,  0.49541144]), array([-1.14302462, -4.49015591,  0.51161296]), array([-1.13865373, -4.44762995,  0.52756922]), array([-1.13428284, -4.40510398,  0.54328024]), array([-1.12991195, -4.36257801,  0.55874601]), array([-1.12554106, -4.32005205,  0.57396653]), array([-1.12117017, -4.27752608,  0.5889418 ]), array([-1.11679928, -4.23500011,  0.60367181]), array([-1.11242839, -4.19247415,  0.61815658]), array([-1.1080575 , -4.14994818,  0.6323961 ]), array([-1.10368661, -4.10742221,  0.64639037]), array([-1.09931572, -4.06489625,  0.66013939]), array([-1.09494483, -4.02237028,  0.67364316]), array([-1.09057394, -3.97984432,  0.68690167]), array([-1.08620305, -3.93731835,  0.69991494]), array([-1.08183216, -3.89479238,  0.71268296]), array([-1.07746127, -3.85226642,  0.72520573]), array([-1.07309038, -3.80974045,  0.73748325]), array([-1.06871949, -3.76721448,  0.74951552]), array([-1.0643486 , -3.72468852,  0.76130253]), array([-1.05997771, -3.68216255,  0.7728443 ]), array([-1.05560682, -3.63963658,  0.78414082]), array([-1.05123593, -3.59711062,  0.79519209]), array([-1.04686504, -3.55458465,  0.80599811]), array([-1.04249415, -3.51205868,  0.81655887]), array([-1.03812326, -3.46953272,  0.82687439]), array([-1.03375237, -3.42700675,  0.83694466]), array([-1.02938148, -3.38448079,  0.84676968]), array([-1.0250106 , -3.34195482,  0.85634945]), array([-1.02063971, -3.29942885,  0.86568397]), array([-1.01626882, -3.25690289,  0.87477323]), array([-1.01189793, -3.21437692,  0.88361725]), array([-1.00752704, -3.17185095,  0.89221602]), array([-1.00315615, -3.12932499,  0.90056954]), array([-0.99878526, -3.08679902,  0.90867781]), array([-0.99441437, -3.04427305,  0.91654082]), array([-0.99004348, -3.00174709,  0.92415859]), array([-0.98567259, -2.95922112,  0.93153111]), array([-0.9813017 , -2.91669515,  0.93865838]), array([-0.97693081, -2.87416919,  0.9455404 ]), array([-0.97255992, -2.83164322,  0.95217717]), array([-0.96818903, -2.78911726,  0.95856868]), array([-0.96381814, -2.74659129,  0.96471495]), array([-0.95944725, -2.70406532,  0.97061597]), array([-0.95507636, -2.66153936,  0.97627174]), array([-0.95070547, -2.61901339,  0.98168226]), array([-0.94633458, -2.57648742,  0.98684753]), array([-0.94196369, -2.53396146,  0.99176754]), array([-0.9375928 , -2.49143549,  0.99644231]), array([-0.93322191, -2.44890952,  1.00087183]), array([-0.92885102, -2.40638356,  1.0050561 ]), array([-0.92448013, -2.36385759,  1.00899512]), array([-0.92010924, -2.32133162,  1.01268888]), array([-0.91573835, -2.27880566,  1.0161374 ]), array([-0.91136746, -2.23627969,  1.01934067]), array([-0.90699657, -2.19375372,  1.02229869]), array([-0.90262568, -2.15122776,  1.02501146]), array([-0.89825479, -2.10870179,  1.02747898]), array([-0.8938839 , -2.06617583,  1.02970124]), array([-0.88951301, -2.02364986,  1.03167826]), array([-0.88514212, -1.98112389,  1.03341003]), array([-0.88077123, -1.93859793,  1.03489655]), array([-0.87640034, -1.89607196,  1.03613782]), array([-0.87202945, -1.85354599,  1.03713383]), array([-0.86765856, -1.81102003,  1.0378846 ]), array([-0.86328767, -1.76849406,  1.03839012]), array([-0.85891678, -1.72596809,  1.03865039]), array([-0.85454589, -1.68344213,  1.03866541]), array([-0.850175  , -1.64091616,  1.03843518]), array([-0.84580411, -1.59839019,  1.03795969]), array([-0.84143322, -1.55586423,  1.03723896]), array([-0.83706233, -1.51333826,  1.03627298]), array([-0.83269144, -1.4708123 ,  1.03506175]), array([-0.82832055, -1.42828633,  1.03360527]), array([-0.82394966, -1.38576036,  1.03190354]), array([-0.81957877, -1.3432344 ,  1.02995655]), array([-0.81520788, -1.30070843,  1.02776432]), array([-0.81083699, -1.25818246,  1.02532684]), array([-0.8064661 , -1.2156565 ,  1.02264411]), array([-0.80209521, -1.17313053,  1.01971613]), array([-0.79772432, -1.13060456,  1.01654289]), array([-0.79335343, -1.0880786 ,  1.01312441]), array([-0.78898254, -1.04555263,  1.00946068]), array([-0.78461165, -1.00302666,  1.0055517 ]), array([-0.78024076, -0.9605007 ,  1.00139747]), array([-0.77586987, -0.91797473,  0.99699799]), array([-0.77149898, -0.87544877,  0.99235325]), array([-0.76712809, -0.8329228 ,  0.98746327]), array([-0.7627572 , -0.79039683,  0.98232804]), array([-0.75838631, -0.74787087,  0.97694756]), array([-0.75401542, -0.7053449 ,  0.97132183]), array([-0.74964454, -0.66281893,  0.96545084]), array([-0.74527365, -0.62029297,  0.95933461]), array([-0.74090276, -0.577767  ,  0.95297313]), array([-0.73653187, -0.53524103,  0.9463664 ]), array([-0.73216098, -0.49271507,  0.93951442]), array([-0.72779009, -0.4501891 ,  0.93241719]), array([-0.7234192 , -0.40766313,  0.9250747 ]), array([-0.71904831, -0.36513717,  0.91748697]), array([-0.71467742, -0.3226112 ,  0.90965399]), array([-0.71030653, -0.28008523,  0.90157576]), array([-0.70593564, -0.23755927,  0.89325228]), array([-0.70156475, -0.1950333 ,  0.88468355]), array([-0.69719386, -0.15250734,  0.87586956]), array([-0.69282297, -0.10998137,  0.86681033]), array([-0.68845208, -0.0674554 ,  0.85750585]), array([-0.68408119, -0.02492944,  0.84795612]), array([-0.6797103 ,  0.01759653,  0.83816114]), array([-0.67533941,  0.0601225 ,  0.8281209 ]), array([-0.67096852,  0.10264846,  0.81783542]), array([-0.66659763,  0.14517443,  0.80730469]), array([-0.66222674,  0.1877004 ,  0.79652871]), array([-0.65785585,  0.23022636,  0.78550748]), array([-0.65348496,  0.27275233,  0.774241  ]), array([-0.64911407,  0.3152783 ,  0.76272926]), array([-0.64474318,  0.35780426,  0.75097228]), array([-0.64037229,  0.40033023,  0.73897005]), array([-0.6360014 ,  0.44285619,  0.72672257]), array([-0.63163051,  0.48538216,  0.71422984]), array([-0.62725962,  0.52790813,  0.70149185]), array([-0.62288873,  0.57043409,  0.68850862]), array([-0.61851784,  0.61296006,  0.67528014]), array([-0.61414695,  0.65548603,  0.66180641]), array([-0.60977606,  0.69801199,  0.64808743]), array([-0.60540517,  0.74053796,  0.6341232 ]), array([-0.60103428,  0.78306393,  0.61991371]), array([-0.59666339,  0.82558989,  0.60545898]), array([-0.5922925 ,  0.86811586,  0.590759  ]), array([-0.58792161,  0.91064183,  0.57581377]), array([-0.58355072,  0.95316779,  0.56062329]), array([-0.57917983,  0.99569376,  0.54518756]), array([-0.57480894,  1.03821972,  0.52950657]), array([-0.57043805,  1.08074569,  0.51358034]), array([-0.56606716,  1.12327166,  0.49740886]), array([-0.56169627,  1.16579762,  0.48099213]), array([-0.55732538,  1.20832359,  0.46433015]), array([-0.55295449,  1.25084956,  0.44742291]), array([-0.5485836 ,  1.29337552,  0.43027043]), array([-0.54421271,  1.33590149,  0.4128727 ]), array([-0.53984182,  1.37842746,  0.39522972]), array([-0.53547093,  1.42095342,  0.37734149]), array([-0.53110004,  1.46347939,  0.35920801]), array([-0.52672915,  1.50600536,  0.34082927]), array([-0.52235826,  1.54853132,  0.32220529]), array([-0.51798737,  1.59105729,  0.30333606]), array([-0.51361648,  1.63358326,  0.28422158]), array([-0.50924559,  1.67610922,  0.26486185]), array([-0.5048747 ,  1.71863519,  0.24525687]), array([-0.50050381,  1.76116115,  0.22540663]), array([-0.49613292,  1.80368712,  0.20531115]), array([-0.49176203,  1.84621309,  0.18497042]), array([-0.48739114,  1.88873905,  0.16438444]), array([-0.48302025,  1.93126502,  0.14355321]), array([-0.47864937,  1.97379099,  0.12247672]), array([-0.47427848,  2.01631695,  0.10115499]), array([-0.46990759,  2.05884292,  0.07958801]), array([-0.4655367 ,  2.10136889,  0.05777578]), array([-0.46116581,  2.14389485,  0.0357183 ]), array([-0.45679492,  2.18642082,  0.033     ]), array([-0.45264257,  2.22682049,  0.0494818 ]), array([-0.44849023,  2.26722016,  0.06571835]), array([-0.44433788,  2.30761982,  0.08170965]), array([-0.44018553,  2.34801949,  0.0974557 ])], 'distances_history': [7.834782314593157, 7.78727857109608, 7.739427461989832, 7.690013896697237, 7.6413640667915805, 7.592071264285134, 7.543478238894282, 7.494189850106508, 7.445737842602358, 7.398428066011042, 7.350074007443352, 7.301043029624968, 7.252876990285384, 7.204043731899415, 7.1560737404542625, 7.109260311443007, 7.061470363685265, 7.014827091602159, 6.9672403602190345, 6.91901457516023, 6.8716853032415415, 6.823750047296185, 6.776707863100451, 6.729083161875085, 6.682344217464175, 6.636775344511071, 6.590340342169819, 6.5450388334112635, 6.498899129090587, 6.453883350447931, 6.408059069535843, 6.363350152571224, 6.317869066848309, 6.271429676739822, 6.226329974141914, 6.180328526846988, 6.13568173268887, 6.090142503759272, 6.045966288239859, 6.000908119785863, 5.957220516389562, 5.912662907293483, 5.869480909618498, 5.826978044465356, 5.784294446931738, 5.742245903326437, 5.700023471793683, 5.65844802484729, 5.616499486908002, 5.575516969183676, 5.534142267558882, 5.494132159822461, 5.453344196902338, 5.41394270841803, 5.373801600968474, 5.333695833621046, 5.289389094281933, 5.246277565652441, 5.202298126050236, 5.1594909383829215, 5.11582379456282, 5.0733050366687875, 5.029934612430707, 4.987687760955959, 4.944597893849327, 4.902605795797295, 4.8597797049874005, 4.818024551819689, 4.7754456355361645, 4.733910877419505, 4.691558533231005, 4.6499200079561485, 4.607757123263584, 4.566592234825005, 4.524889700199963, 4.483890126384738, 4.4423039315923365, 4.4014137736187, 4.359926305727252, 4.319125488132529, 4.278873441740611, 4.238085905639572, 4.197793805117661, 4.156991078782753, 4.116849463184269, 4.075835735097037, 4.0355358952476, 3.9943852704732112, 3.952866466610216, 3.9116691231922687, 3.869842354587882, 3.8287097406988013, 3.787838260817933, 3.746611529003677, 3.7056006000778976, 3.664225069389536, 3.6221503006108873, 3.5806255060060908, 3.538590890502497, 3.495840835856712, 3.4534707130979534, 3.4104529289924432, 3.36783233815566, 3.324569704247995, 3.2815026434737145, 3.2388710487691785, 3.1962531974726236, 3.1532916967751836, 3.109853725298909, 3.0660703357466623, 3.0221920858331304, 2.97804143969726, 2.9334870261030788, 2.8885547404347394, 2.8432490633543903, 2.798113272711764, 2.753885673096606, 2.710435766435236, 2.668061462325369, 2.6261652557537905, 2.586199478459758, 2.54609333912267, 2.5058615159043804, 2.4655155554158195, 2.425064012676988, 2.384512980294754, 2.3438666640307835, 2.303127886544551, 2.2622984919577322, 2.2213796571772186, 2.180372125662161, 2.1392763801030665, 2.0980927683045265, 2.05682159377498, 2.0154631799589606, 1.9740179149280603, 1.932486281681365, 1.8908688779286627, 1.8491664282625409, 1.8073797908987583, 1.765509960621259, 1.7235580691645862, 1.6815253839687827, 1.6394133060247469, 1.5972233673728842, 1.5549572287109674, 1.5126166774986398, 1.4702036269092722, 1.427720115970782, 1.3851683112536344, 1.3425505105068645, 1.299869148714048, 1.257126807145859, 1.214326226132521, 1.1714703224808833, 1.1285622127358896, 1.0856052438625028, 1.042603033442408, 0.9995595222002013, 0.9564790426864036, 0.9133664093862076, 0.8702270376039111, 0.8270671015233231, 0.7838937463902957, 0.7407153766616789, 0.6975420526409819, 0.6543860450044464, 0.6112626239616804, 0.5681912052409661, 0.5251970528432447, 0.4823138758619558, 0.43958790806374476, 0.3970845374987516, 0.3548995046996761, 0.31317866942118106, 0.27215467669823784, 0.2322187400817147, 0.19406878513936424, 0.15902518443676386, 0.12966732631318514, 0.1118774550946283, 0.11067720009201593, 0.12623839965899644, 0.15346354363659323, 0.18736130121576733, 0.22501315387742152, 0.26492243957238915, 0.30631395477600515, 0.3487651221155155, 0.39203157551356355, 0.4359634896805856, 0.4804636135727263, 0.5254651741934129, 0.5709197103663942, 0.616790108455538, 0.6630464825488515, 0.709663669792281, 0.7566196732971199, 0.8038946767828675, 0.8514704125340167, 0.89932975214795, 0.9474564401534189, 0.9958349205113786, 1.0444502241471831, 1.0932878968905146, 1.1423339542822124, 1.1915748542506643, 1.24099748161827, 1.2905891403490686, 1.3403375507494508, 1.3902308497098779, 1.4402575926703254, 1.4904067563989198, 1.5406677419531283, 1.5910303773865035, 1.6414849198987411, 1.692022057221205, 1.742632908096694, 1.7933090217599255, 1.8440423763598472, 1.8948253762907328, 1.945650848418881, 1.996512037207579, 2.047402598756152, 2.0983165937802424, 2.1492484795704807, 2.200193100975798, 2.251145680465833, 2.302101807334411, 2.353057426112754, 2.404008824266979, 2.454952619259426, 2.505885745057401, 2.556805438175903, 2.607709223342861, 2.6585948988762635, 2.7094605218623395, 2.754388235237981, 2.791569321016094, 2.8289592040280755, 2.866539533149492], 'normal_align_history': [0.616619873781058, 0.609636547081353, 0.6125155986801569, 0.6235669186091316, 0.6267571738210513, 0.6213756764347295, 0.6244954951408812, 0.6344667001092328, 0.6367757086008259, 0.6476020635432138, 0.6491697694505992, 0.6573334055230515, 0.658220539010343, 0.6655919167533229, 0.6658711239143404, 0.6745742089712186, 0.6742580832454703, 0.6823500756891383, 0.6814854637889846, 0.6868144752653367, 0.6854937156276874, 0.690265898104325, 0.6885164070052073, 0.6927819924908364, 0.690645712481614, 0.6969667659608244, 0.6944030627716036, 0.7003493098606469, 0.6974247401722469, 0.703036643082622, 0.6997801025282304, 0.7050901571847823, 0.7015023378592458, 0.7032943470851278, 0.6994904283812806, 0.7010359274833177, 0.6970497373778664, 0.6983713825945398, 0.694226797565074, 0.6953529030345093, 0.6910716830196616, 0.6920279122487883, 0.6876315728651289, 0.6918484694415864, 0.6872321735214599, 0.6913310984612829, 0.6865753166572246, 0.6905773427296867, 0.6997602633837341, 0.7029953173573448, 0.7113695677063415, 0.714484482778598, 0.7221635031926582, 0.7246514760486079, 0.7316272889199477, 0.7335592766144572, 0.7399107872018688, 0.7413506110805383, 0.7471476034028829, 0.7481511646664312, 0.7534551833436143, 0.7540715479907366, 0.7589369547006464, 0.7592093489550604, 0.7636842819665091, 0.7636509818658874, 0.7677782193967627, 0.7674732464857698, 0.7712896196716971, 0.7707420294878188, 0.7742854158736843, 0.7730869914780226, 0.7764195067730784, 0.7754931025137877, 0.7790432099634552, 0.7779140375582312, 0.7812753068112465, 0.7799949108972115, 0.7831922314308659, 0.7817840127540024, 0.78862543039267, 0.7870018143182975, 0.7935835287268528, 0.7917857709483745, 0.7862153455468419, 0.7847963850911694, 0.779507530169647, 0.7784112360776626, 0.7693831397924407, 0.7656731575891524, 0.7660673152775795, 0.7624475911190195, 0.7671366486477468, 0.7635364176201569, 0.7682766563814271, 0.7647414761667927, 0.7653289121973645, 0.762030039438319, 0.7501026679700675, 0.7430222312474724, 0.7336683593302896, 0.7286719798063593, 0.7198427346996559, 0.7154083350552993, 0.720686029402279, 0.7211636163470942, 0.7178427476784458, 0.7238292757952162, 0.7208171593472175, 0.7195827693760104, 0.7145791382165539, 0.7061142530689958, 0.6995606720913023, 0.6875852372918911, 0.6819240806132907, 0.6762941898966361, 0.6748402314918103, 0.6674593100932593, 0.6560484222390758, 0.6550321737911393, 0.6637182073883665, 0.6691119526257636, 0.6725753533665404, 0.6748708049076655, 0.676435376076824, 0.677526213205347, 0.6782990577731547, 0.6788512998876363, 0.6792459394703826, 0.6795251417210758, 0.6797180550777114, 0.6798454254807733, 0.6799223946968698, 0.6799602500753169, 0.6799675549038021, 0.6799509028137589, 0.6799154368441145, 0.6798652162176055, 0.6798034812322589, 0.679732847818928, 0.679655452188555, 0.67957305924682, 0.6794871442357586, 0.6793989543346187, 0.6793095551274889, 0.6792198655840872, 0.6791306843026729, 0.6790427091096013, 0.6789565516231935, 0.6788727480218026, 0.6787917669748416, 0.6787140154787757, 0.6786398431718486, 0.6785695455701131, 0.6785033665646432, 0.6784415004392044, 0.6783840936042624, 0.6783312461932971, 0.6782830136280409, 0.6782394082282599, 0.6782004009172963, 0.6781659230554241, 0.6781358684181071, 0.6781100953245934, 0.6780884289133569, 0.6780706635541423, 0.678056565381335, 0.678045874929854, 0.6780383098523348, 0.6780335676949543, 0.6780313287085702, 0.6780312586718302, 0.6780330117033923, 0.6780362330412848, 0.6780405617686504, 0.6780456334666017, 0.6780510827765408, 0.6780565458560949, 0.6780616627146622, 0.6780660794164896, 0.6780738374103965, 0.678059704811188, 0.6780061562983636, 0.6779006919437385, 0.6777343136135636, 0.6775006053121124, 0.6771951292464357, 0.6768149918995222, 0.6763585087450771, 0.6758249336140233, 0.6752142365897431, 0.6745269222475868, 0.6737638831971722, 0.6729262848971057, 0.672015477911263, 0.6710329337729655, 0.6699802006645418, 0.6688588752762787, 0.66767058747538, 0.6664169947599237, 0.6650997838583332, 0.6637206772304844, 0.6622814426092992, 0.6607839040766081, 0.6592299534857263, 0.6576215613221633, 0.6559607863329737, 0.6542497834565653, 0.6524908097515504, 0.6506862281593068, 0.6488385090442874, 0.6469502295426273, 0.6450240708166755, 0.6430628133639593, 0.6410693305663393, 0.63904658069112, 0.6369975975725253, 0.6349254802108327, 0.6328333815289141, 0.6307244965230514, 0.6286020500375966, 0.6264692843820884, 0.6243294469955298, 0.6221857783461996, 0.6200415002371978, 0.6178998046683662, 0.615763843384725, 0.6136367182205618, 0.6115214723271951, 0.6094210823515418, 0.6073384516123334, 0.6052764043014148, 0.6032376807193084, 0.6012249335373382, 0.5992407250633105, 0.5972875254741242, 0.5953677119668707, 0.5934835687700186, 0.5916372879481523, 0.5898309709274534, 0.5880666306645693], 'ball_near_history': [False, False, False, False, False, False, False, False, False, False, False, False, False, False, False, False, False, False, False, False, False, False, False, False, False, False, False, False, False, False, False, False, False, False, False, False, False, False, False, False, False, False, False, False, False, False, False, False, False, False, False, False, False, False, False, False, False, False, False, False, False, False, False, False, False, False, False, False, False, False, False, False, False, False, False, False, False, False, False, False, False, False, False, False, False, False, False, False, False, False, False, False, False, False, False, False, False, False, False, False, False, False, False, False, False, False, False, False, False, False, False, False, False, False, False, False, False, False, False, False, False, False, False, False, False, False, False, False, False, False, False, False, False, False, False, False, False, False, False, False, False, False, False, False, False, False, False, False, False, False, False, False, False, False, False, False, False, False, False, False, False, False, False, False, False, False, False, False, False, False, False, False, False, False, False, False, False, False, False, False, False, False, False, False, False, False, False, False, False, False, False, False, False, False, False, False, False, False, False, False, False, False, False, False, False, False, False, False, False, False, False, False, False, False, False, False, False, False, False, False, False, False, False, False, False, False, False, False, False, False, False, False, False, False, False, False, False, False, False, False, False], 'tube_ready_history': [False, False, False, False, False, False, False, False, False, False, False, False, False, False, False, False, False, False, False, False, False, False, False, False, False, False, False, False, False, False, False, False, False, False, False, False, False, False, False, False, False, False, False, False, False, False, False, False, False, False, False, False, False, False, False, False, False, False, False, False, False, False, False, False, False, False, False, False, False, False, False, False, False, False, False, False, False, False, False, False, False, False, False, False, False, False, False, False, False, False, False, False, False, False, False, False, False, False, False, False, False, False, False, False, False, False, False, False, False, False, False, False, False, False, False, False, False, False, False, False, False, False, False, False, False, False, False, False, False, False, False, False, False, False, False, False, False, False, False, False, False, False, False, False, False, False, False, False, False, False, False, False, False, False, False, False, False, False, False, False, False, False, False, False, False, False, False, False, False, False, False, False, False, False, False, False, False, False, False, False, False, False, False, False, False, False, False, False, False, False, False, False, False, False, False, False, False, False, False, False, False, False, False, False, False, False, False, False, False, False, False, False, False, False, False, False, False, False, False, False, False, False, False, False, False, False, False, False, False, False, False, False, False, False, False, False, False, False, False, False, False], 'pos_error_history': [0.007804292486026568, 0.006110601087225493, 0.008760556482643046, 0.012600726067952242, 0.018549154607143035, 0.023386422766872885, 0.029667792550616877, 0.034610128291365214, 0.03971761673267168, 0.044609273094672997, 0.05070971077183863, 0.055512220572979346, 0.06145244979216025, 0.06611733122877556, 0.0708336081951929, 0.07533791498712687, 0.07992974323027598, 0.08428699128244557, 0.08970467283433586, 0.09388423032956995, 0.09908706732042154, 0.10306718831512063, 0.10804638746404986, 0.11181944403290164, 0.11563714098820076, 0.11920335767823446, 0.1228591673598543, 0.12624541413234067, 0.12973707081158536, 0.13294157052407438, 0.13628054785792076, 0.13943890052695057, 0.14284811085634777, 0.14614754137939873, 0.14921188601339924, 0.15216251530754102, 0.1548899556167815, 0.1575038861480701, 0.15990514184373036, 0.1621956325401, 0.1642824774147341, 0.16626386578006266, 0.16732397098765567, 0.16904208027360304, 0.16987992987955494, 0.17136792827045955, 0.17200338140187119, 0.17341634913427434, 0.1738044586480839, 0.17483074169211693, 0.1754287874848053, 0.17587450403047947, 0.17639868225829702, 0.17674299603994365, 0.1771990619559441, 0.17745245074574734, 0.17785250741467198, 0.17802591866449627, 0.17838220810298025, 0.17848681185303344, 0.1788115858360663, 0.17885867272201791, 0.1791640788438124, 0.17916498789745428, 0.17946304663303875, 0.17942958311114118, 0.17973786455169607, 0.17974531578222347, 0.18013615521018475, 0.1802431031706466, 0.18016210740078878, 0.18051316288533767, 0.180458482055052, 0.18091519860641875, 0.18064260526578696, 0.18125580071076694, 0.181142161995298, 0.18190375507504244, 0.18194661313415442, 0.1827074239027106, 0.18293936056749666, 0.18389232717831386, 0.18427942969380162, 0.1853441555748602, 0.18581033852292966, 0.18701258498907264, 0.18758098430415177, 0.18869211180400283, 0.19004910622251273, 0.19086613838284247, 0.1925410858970404, 0.19359713315765956, 0.19546404075967244, 0.19672050783929945, 0.1988005744250806, 0.20022837191901133, 0.20260366218333895, 0.2042066852370631, 0.2062499977206223, 0.2087395791863499, 0.21055317648996708, 0.21338143787676445, 0.21551117907906708, 0.21875654669556024, 0.22135746919759614, 0.2249305260757039, 0.2278363069557325, 0.2318437403103748, 0.23570901062786276, 0.24044821282816323, 0.24563994327073801, 0.250807501429138, 0.2568443065336879, 0.263581418513932, 0.2705420298185296, 0.27694497212096675, 0.28477510659700195, 0.29325153699559187, 0.30088009761847884, 0.30612914783528095, 0.3105074650460686, 0.3141400095888081, 0.31711949501596126, 0.319516020394396, 0.32138358763301644, 0.322764636729971, 0.3236932594531813, 0.3241975034097474, 0.32430103646983555, 0.3240243547791202, 0.3233856618218877, 0.32240150873943313, 0.3210872605172091, 0.31945743471898697, 0.31752594669306383, 0.31530628601232585, 0.3128116422770903, 0.31005499358315525, 0.30704916743250166, 0.30380688128332933, 0.30034076804349846, 0.29666339042228423, 0.2927872470351532, 0.28872477240705663, 0.28448833246958977, 0.2800902167436017, 0.27554262810255514, 0.27085767079469697, 0.26604733724270796, 0.2611234940225493, 0.25609786733721707, 0.2509820282376328, 0.24578737779575396, 0.2405251323995889, 0.23520630931284434, 0.2298417126209245, 0.2244419196681967, 0.21901726807752966, 0.2135778434311882, 0.20813346768153776, 0.20269368835026472, 0.19726776856558825, 0.19186467797802675, 0.18649308458656325, 0.18116134749839305, 0.17587751063681645, 0.17064929740321014, 0.16548410629031932, 0.16038900743539086, 0.15537074009284363, 0.15043571099727224, 0.14558999357855573, 0.14083932798171564, 0.13618912183489673, 0.131644451699524, 0.12721006512728256, 0.1228903832392865, 0.11868950373376005, 0.11461120422007982, 0.1118774550946283, 0.11011080024026262, 0.10902775442159811, 0.10841642207300514, 0.1081196383022141, 0.10802221251170614, 0.10804122881698555, 0.10811864047999083, 0.10821559743689538, 0.10830808829537318, 0.1083835799407709, 0.10843841244438886, 0.10847576288391082, 0.10850403443122814, 0.10853556024731895, 0.10858553786461131, 0.10867113066732495, 0.10881069015182422, 0.10902306682791887, 0.10932698953411968, 0.10974050290448731, 0.11028046080201011, 0.11096207959948923, 0.11179855904351207, 0.11280077993198198, 0.11397708699751488, 0.11533316250248005, 0.11687199167316535, 0.11859391599222764, 0.1204967653658996, 0.12257605603736571, 0.12482523836331244, 0.1272359774450514, 0.12979845005194177, 0.1325016430044809, 0.13533364077704987, 0.13828189308704278, 0.14133345626211358, 0.14447520492583074, 0.14769401283500083, 0.1509769034651902, 0.1543111721812803, 0.15768448260599657, 0.16108494019665973, 0.16450114615088923, 0.16792223467162054, 0.17133789640335423, 0.17473839056236679, 0.17811454796573145, 0.1814577668463929, 0.18476000304243004, 0.18801375587833524, 0.19121205081910972, 0.19434841977498585, 0.1974168797639079, 0.2004119104975749, 0.20332843134121847, 0.20616177800364416, 0.20890767923884584, 0.21156223378043537, 0.2141218876824006, 0.21666159708216517], 'max_qdot_ratio': 0.998345104176114, 'max_tcp_speed': 1.8002863952992136, 'max_racket_face_speed': 1.421812461744251, 'total_mpc_steps': 241, 'ball_was_hit': False, 'hit_step': -1, 'p_ee_at_hit': None, 'ball_pos_at_hit': None, 'v_ee_at_hit': None, 'active_contact': False, 'passive_contact': False}
2026-09-13 17:17:36,440 [INFO] __main__: 击打后继续仿真 20 步...
