__STEP_TIMING__: n=236 p50=0.30 p95=0.59 p99=0.77 max=1.56 n_over_period=0 period_ms=5.00 deciles=0.27,0.28,0.28,0.29,0.30,0.34,0.37,0.40,0.50,1.56

========================================
  RM-65 未命中（无物理接触，规划距离 0.3659m，球拍到达了规划点但球不在该位置）
  [V12 EpisodeRunner 管线架构]
  ablation: full
  击打目标位置: [-0.736 -0.413  0.837]
  末端实际位置: [-0.46  -0.599  0.991]
  规划跟踪误差: 0.3659 m
  速度误差: 1.9172 m/s
  MPC 总步数: 257
  --- Tube 专用指标 ---
  最小球拍-球距离: 0.2671 m
  ball_near 步数: 0 = 0.0 ms
  tube_ready 步数: 0 = 0.0 ms
  击打时间误差: 0.0 ms
  击打位置误差: 0.3659 m
  --- 计算性能 ---
  总墙钟时间: 1.06s (MPC=1.06s)
  --- 执行层约束 ---
  max_qdot=1.00x, max_tcp=1.8m/s, max_face=2.8m/s
  击球类型: 未触球
========================================

__RESULT__: pos_error=0.365864 vel_error=1.917234 min_dist=0.267150 ball_near_ms=0.0 tube_ready_ms=0.0 max_tcp=1.79 max_qdot=1.00 max_face=2.8 hit_type=miss hit_time_error_ms=0.0 hit_pos_error=0.365864 v_racket_at_hit=0.000
2026-09-13 00:12:25,497 [INFO] __main__: [ablation] mode=full
2026-09-13 00:12:25,503 [INFO] __main__: serve-box auto params: horizon=120, iter=10, first_plan_iters=30, total_horizon=250, replan_interval=20, near_plan_iters=5
2026-09-13 00:12:25,520 [INFO] __main__: 关节限位: 仿真默认(default.yaml), TCP=1.8 m/s, terminal_exempt=20
2026-09-13 00:12:25,521 [INFO] __main__: 球拍初始位置: [-0.24136342  0.63027058  1.45576659]
2026-09-13 00:12:25,521 [DEBUG] src.tennis.ball: serve_box bounce (attempt=2): p0_z=1.26, vz0=-2.9, spd=9.0, t1=0.288, t2=0.593, z_err=0.06
2026-09-13 00:12:25,528 [INFO] __main__: 击打步数: 176, 击打位置: [-0.73551045 -0.41332652  0.83707537]
2026-09-13 00:12:25,528 [INFO] __main__: 随挥方向: [ 0.173 -0.97   0.174], 随挥步数: 60
2026-09-13 00:12:25,544 [INFO] __main__: 候选窗口已构建: best_k=176, candidates=18
2026-09-13 00:12:25,544 [INFO] src.cpp.solver_cpp: iLQR C++ 加速模块已加载
2026-09-13 00:12:25,544 [INFO] __main__: 开始 V12 EpisodeRunner，总步数=310 (MPC=250, 随挥=60)，击打步数=176
2026-09-13 00:12:25,545 [INFO] src.ilqt.async_replanner: AsyncReplanner: 后台规划线程已启动
2026-09-13 00:12:25,564 [INFO] src.ilqt.async_replanner: AsyncReplanner: 规划环境已创建（独立 MjData）
2026-09-13 00:12:25,567 [INFO] src.ilqt.async_replanner: AsyncReplanner: 规划环境已创建（独立 MjData）
2026-09-13 00:12:25,594 [DEBUG] src.ilqt.tube_cost: [Softmin诊断] 候选权重TOP3: k=176:w=0.063, k=177:w=0.063, k=175:w=0.063
2026-09-13 00:12:26,493 [INFO] src.ilqt.mpc_controller: REPLAN step=0 k_hit=176 iters=30 horizon=120 t=928ms
2026-09-13 00:12:26,494 [INFO] src.ilqt.mpc_controller: MPCController.start 完成: k_hit=176, p_hit=[-0.736 -0.413  0.837], buffer=120
2026-09-13 00:12:26,497 [INFO] src.ilqt.components.predictive_safety: [SAFETY_FILTER] beta=0.4: qdot entering overspeed, joint=0, |qdot|=3.55 > 3.14
2026-09-13 00:12:26,498 [INFO] src.ilqt.components.predictive_safety: [SAFETY_FILTER] beta=0.2: qdot entering overspeed, joint=0, |qdot|=3.54 > 3.14
2026-09-13 00:12:26,498 [INFO] src.ilqt.components.predictive_safety: [SAFETY_FILTER] beta=0.2: qdot entering overspeed, joint=0, |qdot|=3.53 > 3.14
2026-09-13 00:12:26,509 [DEBUG] src.ilqt.replan_core: FAR_JT step=0 k_hit=176 (JT gain=60, skip iLQR)
2026-09-13 00:12:26,509 [INFO] src.ilqt.async_replanner: ASYNC_PLAN done: step=0 k_hit=176 iters=0 horizon=0 t=15ms fast_lin=False ok=True
2026-09-13 00:12:26,518 [DEBUG] src.ilqt.replan_core: FAR_JT step=40 k_hit=136 (JT gain=60, skip iLQR)
2026-09-13 00:12:26,518 [INFO] src.ilqt.async_replanner: ASYNC_PLAN done: step=40 k_hit=136 iters=0 horizon=0 t=6ms fast_lin=False ok=True
2026-09-13 00:12:26,524 [DEBUG] src.ilqt.replan_core: FAR_JT step=60 k_hit=116 (JT gain=60, skip iLQR)
2026-09-13 00:12:26,525 [INFO] src.ilqt.async_replanner: ASYNC_PLAN done: step=60 k_hit=116 iters=0 horizon=0 t=6ms fast_lin=False ok=True
2026-09-13 00:12:26,531 [DEBUG] src.ilqt.replan_core: FAR_JT step=80 k_hit=95 (JT gain=60, skip iLQR)
2026-09-13 00:12:26,531 [INFO] src.ilqt.async_replanner: ASYNC_PLAN done: step=80 k_hit=95 iters=0 horizon=0 t=6ms fast_lin=False ok=True
2026-09-13 00:12:26,536 [INFO] src.ilqt.components.predictive_safety: [SAFETY_FILTER] beta=0.8: qdot entering overspeed, joint=5, |qdot|=4.01 > 3.93
2026-09-13 00:12:26,537 [DEBUG] src.ilqt.replan_core: FAR_JT step=100 k_hit=76 (JT gain=60, skip iLQR)
2026-09-13 00:12:26,537 [INFO] src.ilqt.async_replanner: ASYNC_PLAN done: step=100 k_hit=76 iters=0 horizon=0 t=5ms fast_lin=False ok=True
2026-09-13 00:12:26,537 [INFO] src.ilqt.components.predictive_safety: [SAFETY_FILTER] beta=0.4: qdot entering overspeed, joint=2, |qdot|=4.48 > 3.93
2026-09-13 00:12:26,537 [INFO] src.ilqt.components.predictive_safety: [SAFETY_FILTER] beta=0.6: qdot entering overspeed, joint=2, |qdot|=4.01 > 3.93
2026-09-13 00:12:26,538 [INFO] src.ilqt.components.predictive_safety: [SAFETY_FILTER] beta=0.0: qdot entering overspeed, joint=0, |qdot|=3.51 > 3.14
2026-09-13 00:12:26,538 [INFO] src.ilqt.components.predictive_safety: [SAFETY_FILTER] beta=0.2: qdot entering overspeed, joint=0, |qdot|=3.42 > 3.14
2026-09-13 00:12:26,539 [INFO] src.ilqt.components.predictive_safety: [SAFETY_FILTER] beta=0.0: qdot entering overspeed, joint=0, |qdot|=3.34 > 3.14
2026-09-13 00:12:26,545 [DEBUG] src.ilqt.replan_core: FAR_JT step=120 k_hit=56 (JT gain=60, skip iLQR)
2026-09-13 00:12:26,545 [INFO] src.ilqt.async_replanner: ASYNC_PLAN done: step=120 k_hit=56 iters=0 horizon=0 t=5ms fast_lin=False ok=True
2026-09-13 00:12:26,550 [DEBUG] src.ilqt.replan_core: FAR_JT step=134 k_hit=156 (JT gain=60, skip iLQR)
2026-09-13 00:12:26,550 [INFO] src.ilqt.async_replanner: ASYNC_PLAN done: step=134 k_hit=156 iters=0 horizon=0 t=5ms fast_lin=False ok=True
2026-09-13 00:12:26,554 [DEBUG] src.ilqt.replan_core: FAR_JT step=147 k_hit=156 (JT gain=60, skip iLQR)
2026-09-13 00:12:26,554 [INFO] src.ilqt.async_replanner: ASYNC_PLAN done: step=147 k_hit=156 iters=0 horizon=0 t=4ms fast_lin=False ok=True
2026-09-13 00:12:26,560 [DEBUG] src.ilqt.replan_core: FAR_JT step=159 k_hit=156 (JT gain=60, skip iLQR)
2026-09-13 00:12:26,560 [INFO] src.ilqt.async_replanner: ASYNC_PLAN done: step=159 k_hit=156 iters=0 horizon=0 t=6ms fast_lin=False ok=True
2026-09-13 00:12:26,561 [INFO] src.ilqt.strategies.follow_through: 随挥触发: step=175, steps=60
2026-09-13 00:12:26,578 [INFO] src.ilqt.async_replanner: AsyncReplanner: 后台规划线程已停止
2026-09-13 00:12:26,579 [INFO] src.ilqt.episode_runner: EpisodeRunner 完成: total_steps=237 safe_steps=237 mpc_done=True
2026-09-13 00:12:26,579 [DEBUG] src.ilqt.episode_runner: EpisodeRunner metrics 详情: {'total_steps': 237, 'safe_steps': 237, 'mpc_done': True, 'X_history': [array([-1.5  ,  1.57 , -0.236,  0.404,  0.446,  2.45 ,  0.   ,  0.   ,
        0.   ,  0.   ,  0.   ,  0.   ]), array([ 0.16201471,  1.40184079, -0.58479396, -0.15345077,  1.05775192,
        2.43951461,  0.7242657 , -0.62638175,  0.38355758,  1.46730602,
       -0.41359673, -2.09707729]), array([ 0.16910582,  1.40242212, -0.58363256, -0.14063262,  1.04714194,
        2.43922919,  1.41822267,  0.11626632,  0.2322803 ,  2.56363007,
       -2.12199695, -0.05708564]), array([ 0.17843132,  1.39923211, -0.58044162, -0.12877917,  1.03969328,
        2.44947325,  1.86510008, -0.63800062,  0.63818798,  2.37069171,
       -1.48973125,  2.04881239]), array([ 1.91011164e-01,  1.39922073e+00, -5.78977048e-01, -1.10843906e-01,
        1.03036635e+00,  2.44855399e+00,  2.51596898e+00, -2.27748341e-03,
        2.92914266e-01,  3.58705181e+00, -1.86538699e+00, -1.83851531e-01]), array([ 0.20572255,  1.39565083, -0.57524204, -0.09363623,  1.02280716,
        2.43781933,  2.94227763, -0.71397853,  0.74700257,  3.44153491,
       -1.51183713, -2.14693292]), array([ 0.22138784,  1.39336905, -0.57227939, -0.07485973,  1.01439158,
        2.43142169,  3.13305737, -0.45635738,  0.59252848,  3.75529974,
       -1.68311517, -1.27952675]), array([ 0.23706586,  1.39036702, -0.56892165, -0.05713593,  1.00621861,
        2.42743937,  3.1356044 , -0.60040627,  0.67154862,  3.54475982,
       -1.63459549, -0.79646425]), array([ 0.25274942,  1.38801078, -0.5659727 , -0.03916462,  0.9976021 ,
        2.42151007,  3.1367112 , -0.47124694,  0.58979097,  3.59426352,
       -1.72330229, -1.18585937]), array([ 0.26757128,  1.38210211, -0.56094977, -0.02573139,  0.99122439,
        2.42654023,  2.96437353, -1.18173376,  1.00458552,  2.68664443,
       -1.27554196,  1.00603094]), array([ 0.28265947,  1.3794877 , -0.55780764, -0.00901719,  0.98347353,
        2.42068614,  3.01763683, -0.52288257,  0.62842595,  3.34284088,
       -1.55017141, -1.17081785]), array([ 0.2967597 ,  1.37329625, -0.55262233,  0.00297946,  0.97811365,
        2.42580229,  2.82004671, -1.23828913,  1.03706154,  2.39933073,
       -1.07197523,  1.0232294 ]), array([ 0.31116396,  1.37040744, -0.54931299,  0.01840397,  0.97135529,
        2.42001483,  2.88085177, -0.57776365,  0.66186788,  3.08490063,
       -1.35167198, -1.15749195]), array([ 0.32557265,  1.36391152, -0.54399022,  0.03636174,  0.96711141,
        2.42451751,  2.8817368 , -1.2991841 ,  1.06455331,  3.59155497,
       -0.84877552,  0.90053637]), array([ 0.33917293,  1.36071821, -0.54046972,  0.05021759,  0.96149107,
        2.41884103,  2.72005767, -0.63866178,  0.70410176,  2.77116918,
       -1.12406922, -1.13529536]), array([ 0.35186977,  1.35396292, -0.53499983,  0.05935244,  0.95818809,
        2.42414305,  2.53936773, -1.35105678,  1.09397788,  1.82697094,
       -0.66059607,  1.06040358]), array([ 0.36491253,  1.35053017, -0.53140275,  0.07217182,  0.95346476,
        2.41850492,  2.60855203, -0.68655008,  0.71941544,  2.56387646,
       -0.94466594, -1.12762513]), array([ 0.37701419,  1.34350358, -0.52580262,  0.0802023 ,  0.95110124,
        2.423848  ,  2.4203308 , -1.40531856,  1.12002609,  1.60609516,
       -0.47270356,  1.06861458]), array([ 0.38949974,  1.33980797, -0.52206908,  0.09203875,  0.94730563,
        2.41823758,  2.49711075, -0.73912183,  0.74670803,  2.36728916,
       -0.75912302, -1.12208418]), array([ 0.40205162,  1.33258033, -0.51621933,  0.10711113,  0.94599853,
        2.40245481,  2.51037586, -1.44552714,  1.16994938,  3.01447635,
       -0.2614198 , -3.15655227]), array([ 0.41373447,  1.32857766, -0.51232353,  0.11750337,  0.94338944,
        2.39775565,  2.33657031, -0.80053422,  0.77916115,  2.07844877,
       -0.52181781, -0.93983369]), array([ 0.42564413,  1.32110858, -0.50636181,  0.13128771,  0.94303238,
        2.38284642,  2.38193106, -1.4938177 ,  1.19234307,  2.75686679,
       -0.07141204, -2.98184497]), array([ 0.43670391,  1.31687494, -0.50242443,  0.14048777,  0.94137268,
        2.37897633,  2.21195743, -0.84672672,  0.78747531,  1.84001207,
       -0.33193925, -0.77401886]), array([ 0.44802475,  1.30917323, -0.49635246,  0.1531106 ,  0.94190906,
        2.3648605 ,  2.26416773, -1.54034327,  1.21439562,  2.52456584,
        0.10727492, -2.82316433]), array([ 0.45849349,  1.30471741, -0.49237503,  0.1612197 ,  0.94115999,
        2.36174318,  2.09374719, -0.89116234,  0.79548576,  1.62182036,
       -0.14981343, -0.62346565]), array([ 0.46828177,  1.29673179, -0.48631117,  0.16543565,  0.94252853,
        2.34905922,  1.95765742, -1.59712525,  1.21277101,  0.84318976,
        0.27370784, -2.5367904 ]), array([ 0.47837405,  1.29206347, -0.48222382,  0.17296136,  0.94250072,
        2.3465627 ,  2.01845507, -0.93366257,  0.817471  ,  1.50514248,
       -0.00556134, -0.49930422]), array([ 0.48771203,  1.28386074, -0.47606155,  0.17651885,  0.94465134,
        2.33447463,  1.86759658, -1.64054673,  1.23245318,  0.7114984 ,
        0.43012313, -2.41761442]), array([ 0.49738214,  1.27898413, -0.47188099,  0.1834574 ,  0.94540652,
        2.33254322,  1.93402135, -0.97532211,  0.83611224,  1.38771025,
        0.15103717, -0.38628171]), array([ 0.50727047,  1.27064724, -0.46548255,  0.19376275,  0.9483266 ,
        2.32028842,  1.97766524, -1.66737745,  1.27968718,  2.06107021,
        0.58401631, -2.45096013]), array([ 0.51634667,  1.26555529, -0.46123445,  0.19975953,  0.95000966,
        2.3189304 ,  1.81524039, -1.01839093,  0.84962129,  1.19935604,
        0.3366106 , -0.27160477]), array([ 0.52576086,  1.2570263 , -0.45473404,  0.20923748,  0.95369743,
        2.30722445,  1.88283756, -1.7057973 ,  1.3000805 ,  1.89558984,
        0.73755468, -2.3411896 ]), array([ 0.53436426,  1.25175378, -0.45044046,  0.21447392,  0.95617075,
        2.30638449,  1.72067997, -1.05450451,  0.85871753,  1.04728682,
        0.49466377, -0.1679915 ]), array([ 0.5423556 ,  1.24295445, -0.44400218,  0.21589966,  0.96059382,
        2.29587259,  1.59826791, -1.75986501,  1.28765454,  0.28514967,
        0.88461474, -2.10237956]), array([ 0.55070243,  1.23750767, -0.43957454,  0.22087341,  0.96369534,
        2.29543866,  1.66936777, -1.08935632,  0.88552967,  0.99474953,
        0.62030268, -0.08678689]), array([ 0.55834371,  1.22854237, -0.43303834,  0.22194732,  0.96877878,
        2.28531502,  1.52825462, -1.79306137,  1.30723865,  0.21478137,
        1.01668847, -2.0247276 ]), array([ 0.56635486,  1.22293894, -0.42852472,  0.2266047 ,  0.9725536 ,
        2.2852533 ,  1.60222963, -1.12068545,  0.90272359,  0.93147542,
        0.75496474, -0.01234473]), array([ 0.57365693,  1.21381979, -0.42189251,  0.22736889,  0.9782758 ,
        2.27548157,  1.46041397, -1.82382904,  1.32644226,  0.15283896,
        1.14444024, -1.95434597]), array([ 0.58136154,  1.20807033, -0.4172891 ,  0.23176701,  0.98270235,
        2.27575769,  1.54092349, -1.14989196,  0.92068273,  0.87962414,
        0.8853097 ,  0.0552245 ]), array([ 0.58933546,  1.19892272, -0.41040987,  0.23952516,  0.98900009,
        2.26563311,  1.59478287, -1.82952339,  1.37584541,  1.55162874,
        1.25954851, -2.02491639]), array([ 0.5965301 ,  1.19313788, -0.40601943,  0.24325386,  0.99401046,
        2.26628813,  1.43892877, -1.15696714,  0.87808856,  0.74574073,
        1.00207214,  0.13100409]), array([ 0.60409851,  1.1910752 , -0.40413411,  0.25115219,  0.99668585,
        2.25618706,  1.51368103, -0.41253678,  0.377064  ,  1.57966684,
        0.53507835, -2.02021336]), array([ 0.61074335,  1.18530592, -0.40008442,  0.25418744,  1.00134289,
        2.25723802,  1.32896922, -1.15385584,  0.80993745,  0.60704975,
        0.9314077 ,  0.21019144]), array([ 0.61793745,  1.1827893 , -0.39762461,  0.26163173,  1.00496489,
        2.24745885,  1.43882054, -0.50332452,  0.49196299,  1.48885786,
        0.72440053, -1.95583316]), array([ 0.62424933,  1.17657806, -0.39300854,  0.26426255,  1.01051092,
        2.24881227,  1.26237542, -1.2422466 ,  0.92321275,  0.52616301,
        1.10920702,  0.27068324]), array([ 0.63109311,  1.17364199, -0.38999567,  0.27130801,  1.01500326,
        2.23932476,  1.36875472, -0.58721371,  0.60257554,  1.40909249,
        0.89846633, -1.89750152]), array([ 0.63708839,  1.16702692, -0.38486023,  0.27358297,  1.02139587,
        2.24095125,  1.1990566 , -1.32301403,  1.02708761,  0.45499157,
        1.27852293,  0.32529767]), array([ 0.64360072,  1.16370868, -0.38133978,  0.28027567,  1.02671657,
        2.23172893,  1.30246574, -0.66364882,  0.70408876,  1.33854017,
        1.06413979, -1.84446413]), array([ 0.64929494,  1.15672647, -0.37572864,  0.28224021,  1.03391113,
        2.23360204,  1.13884455, -1.39644285,  1.12222924,  0.39290874,
        1.43891124,  0.37462117]), array([ 0.65549349,  1.15306197, -0.37174309,  0.28862303,  1.0400165 ,
        2.22462119,  1.23971009, -0.73289805,  0.79711013,  1.27656462,
        1.22107522, -1.79616899]), array([ 0.66088877,  1.14575023, -0.36570475,  0.29030679,  1.04796638,
        2.22671783,  1.07905562, -1.46234809,  1.2076678 ,  0.33675188,
        1.58997644,  0.41932687]), array([ 0.66578145,  1.14163373, -0.36151787,  0.28928915,  1.05485743,
        2.21857498,  0.97853706, -0.82330109,  0.83737641, -0.20352854,
        1.37820946, -1.62856855]), array([ 0.67103511,  1.13399328, -0.354936  ,  0.29112019,  1.06346417,
        2.22081584,  1.05073071, -1.52809034,  1.31637407,  0.3662069 ,
        1.72134833,  0.44817079]), array([ 0.67572678,  1.12960183, -0.350345  ,  0.29019506,  1.07101569,
        2.21281544,  0.9383341 , -0.87829001,  0.91819907, -0.18502475,
        1.51030395, -1.6000801 ]), array([ 0.68076841,  1.1217074 , -0.34340125,  0.29209279,  1.08026042,
        2.21519806,  1.00832675, -1.57888527,  1.38875026,  0.37954501,
        1.84894606,  0.47652423]), array([ 0.68526794,  1.11707189, -0.33844159,  0.29126983,  1.08843019,
        2.20732944,  0.89990651, -0.92710278,  0.99193211, -0.16459079,
        1.63395329, -1.57372359]), array([ 0.69011238,  1.10895089, -0.33116221,  0.29324917,  1.09826953,
        2.20984319,  0.96888723, -1.62419958,  1.45587662,  0.39586754,
        1.96786751,  0.50274995]), array([ 0.69443564,  1.10408916, -0.3258375 ,  0.29254537,  1.10703364,
        2.20209498,  0.86465131, -0.97234646,  1.06494103, -0.1407604 ,
        1.75282216, -1.5496419 ]), array([ 0.69910844,  1.09565332, -0.31795792,  0.29464516,  1.11760468,
        2.20471389,  0.93456038, -1.68716679,  1.57591605,  0.41995733,
        2.11420787,  0.52378148]), array([ 0.70327812,  1.083458  , -0.30726211,  0.29316975,  1.13041773,
        2.19738509,  0.83393591, -2.43906523,  2.13916275, -0.2950817 ,
        2.56261024, -1.4657587 ]), array([ 0.70784745,  1.07485358, -0.29882978,  0.29548764,  1.1418301 ,
        2.20006744,  0.91386563, -1.72088303,  1.6864652 ,  0.46357933,
        2.28247469,  0.53646877]), array([ 0.71192019,  1.06282638, -0.28838402,  0.29420351,  1.15483814,
        2.19283195,  0.81454809, -2.4054413 ,  2.08915162, -0.25682666,
        2.60160804, -1.44709835]), array([ 0.71641865,  1.05438834, -0.28019527,  0.2967246 ,  1.16650712,
        2.1956181 ,  0.89969179, -1.68760643,  1.6377507 ,  0.50421778,
        2.33379625,  0.5572302 ]), array([ 0.72041124,  1.04252479, -0.26997455,  0.29564198,  1.17968241,
        2.18846864,  0.79851939, -2.37271049,  2.04414472, -0.21652482,
        2.63505721, -1.42989048]), array([ 0.72485255,  1.03424894, -0.2620046 ,  0.29837416,  1.19158898,
        2.191352  ,  0.88826096, -1.65517063,  1.59398978,  0.54643709,
        2.38131453,  0.57667058]), array([ 0.72878024,  1.02254466, -0.25198601,  0.2975007 ,  1.2049106 ,
        2.18428197,  0.78553924, -2.34085448,  2.00371771, -0.17469119,
        2.66432308, -1.41400645]), array([ 0.73317834,  1.01442738, -0.2442111 ,  0.30045143,  1.21703617,
        2.18725649,  0.87961925, -1.62345688,  1.55498259,  0.59014555,
        2.42511513,  0.59490584]), array([ 0.73705678,  1.0028785 , -0.23437269,  0.29979438,  1.23048393,
        2.18025982,  0.77568702, -2.30977544,  1.96768024, -0.13141112,
        2.68955124, -1.39933428]), array([ 0.74142603,  0.9949167 , -0.2267699 ,  0.30297082,  1.24281033,
        2.18332002,  0.87385052, -1.59236084,  1.52055965,  0.63528873,
        2.46528124,  0.61203869]), array([ 0.7452712 ,  0.98351972, -0.21709048,  0.30253694,  1.25636481,
        2.17639115,  0.76903504, -2.27939492,  1.93588258, -0.08677608,
        2.71089545, -1.38577407]), array([ 0.74962634,  0.97571074, -0.20963753,  0.30594594,  1.26887436,
        2.17953195,  0.87102688, -1.56179723,  1.4905904 ,  0.68180053,
        2.50191005,  0.62816043]), array([ 0.75345456,  0.96446248, -0.20009645,  0.30574151,  1.28251693,
        2.17266576,  0.76564552, -2.24965236,  1.90821556, -0.04088641,
        2.7285145 , -1.37323728]), array([ 0.75781061,  0.95680399, -0.19277155,  0.30938953,  1.29519247,
        2.17588252,  0.87120843, -1.53169769,  1.46498144,  0.72960316,
        2.53510742,  0.64335182]), array([ 0.76163845,  0.94570152, -0.18334864,  0.30942026,  1.30890523,
        2.1690743 ,  0.76556936, -2.2204931 ,  1.88458126,  0.00614648,
        2.74255258, -1.36164419]), array([ 0.76601059,  0.93819213, -0.17613211,  0.31331313,  1.32172919,
        2.17236283,  0.87442663, -1.50187919,  1.44330536,  0.77857356,
        2.56479057,  0.6577069 ]), array([ 0.76985389,  0.9272408 , -0.1668307 ,  0.31358212,  1.33548299,
        2.16560966,  0.76865979, -2.19026539,  1.86028331,  0.05379848,
        2.75075966, -1.35063511]), array([ 0.77424799,  0.91997403, -0.15997702,  0.3177029 ,  1.34829526,
        2.16898331,  0.87882108, -1.45335466,  1.37073462,  0.82415534,
        2.56245396,  0.67473001]), array([ 0.77816713,  0.91624466, -0.15569717,  0.31926612,  1.35999927,
        2.16207597,  0.78382863, -0.74587322,  0.8559705 ,  0.31264387,
        2.3408033 , -1.38146687]), array([ 0.78241165,  0.90912601, -0.14920339,  0.32340677,  1.37231967,
        2.16557031,  0.84890332, -1.42372952,  1.29875539,  0.82813173,
        2.46407995,  0.69886743]), array([ 0.78630077,  0.90521845, -0.14438425,  0.32515742,  1.38427422,
        2.15870991,  0.77782408, -0.78151222,  0.96382863,  0.35012848,
        2.39090978, -1.37208073]), array([ 0.78944987,  0.89776085, -0.13760965,  0.32285387,  1.39680804,
        2.16259035,  0.6298195 , -1.49152082,  1.3549198 , -0.46070937,
        2.50676362,  0.77608756]), array([ 0.79348728,  0.89377237, -0.13247126,  0.32511336,  1.40891494,
        2.15575722,  0.80748221, -0.79769504,  1.02767835,  0.45189823,
        2.42138097, -1.36662569]), array([ 0.79672385,  0.88618263, -0.12521304,  0.32328485,  1.4215583 ,
        2.15964098,  0.64731387, -1.51794943,  1.45164338, -0.3657018 ,
        2.52867105,  0.77675209]), array([ 0.80087839,  0.88208566, -0.1196188 ,  0.32600398,  1.4337975 ,
        2.15283157,  0.83090899, -0.819394  ,  1.11884778,  0.54382599,
        2.44784027, -1.36188076]), array([ 0.80422361,  0.87429121, -0.11161902,  0.32465197,  1.44666989,
        2.15670298,  0.66904362, -1.55888925,  1.59995644, -0.27040295,
        2.57447814,  0.77428159]), array([ 0.80839375,  0.86301037, -0.10092335,  0.32643982,  1.46038475,
        2.17047314,  0.83402703, -2.25616841,  2.13913344,  0.35757011,
        2.742971  ,  2.75403115]), array([ 0.81249957,  0.85518453, -0.09221989,  0.32617229,  1.47357243,
        2.17346112,  0.82116396, -1.56516661,  1.74069235, -0.05350612,
        2.63753687,  0.59759722]), array([ 0.81705551,  0.84415009, -0.08171532,  0.32863014,  1.48711143,
        2.18645829,  0.91118856, -2.20688816,  2.10091493,  0.49157041,
        2.70779956,  2.5994334 ]), array([ 0.82261755,  0.83672469, -0.07290549,  0.33553753,  1.50027925,
        2.18844794,  1.11240791, -1.48508152,  1.76196585,  1.38147864,
        2.63356483,  0.39793033]), array([ 0.82736038,  0.82577045, -0.06208558,  0.3382691 ,  1.51378479,
        2.20073496,  0.94856581, -2.19084786,  2.16398164,  0.54631448,
        2.7011071 ,  2.45740261]), array([ 0.83318852,  0.81854981, -0.05334117,  0.34548433,  1.52700676,
        2.20208214,  1.16562872, -1.44412721,  1.74888166,  1.44304429,
        2.64439366,  0.2694378 ]), array([ 0.83824196,  0.80779718, -0.0424212 ,  0.34873035,  1.54057435,
        2.19334792,  1.01068813, -2.15052639,  2.1839936 ,  0.64920512,
        2.71351968, -1.74684436]), array([ 0.84287197,  0.80057582, -0.03393289,  0.34939822,  1.55382621,
        2.19516675,  0.92600232, -1.44427197,  1.69766327,  0.13357335,
        2.65037065,  0.36376561]), array([ 0.84827649,  0.79014346, -0.02353128,  0.35314618,  1.56727654,
        2.1866573 ,  1.08090275, -2.08647149,  2.0803221 ,  0.74959189,
        2.69006601, -1.70189048]), array([ 0.85318615,  0.78319251, -0.01530983,  0.35428107,  1.58036908,
        2.18868224,  0.98193195, -1.39018992,  1.64428868,  0.22697892,
        2.61850898,  0.40498822]), array([ 0.85897768,  0.78008067, -0.0096028 ,  0.35971109,  1.59307562,
        2.18027918,  1.15830733, -0.62236737,  1.14140636,  1.08600296,
        2.54130708, -1.68061127]), array([ 8.64888517e-01,  7.73428526e-01, -1.31057000e-03,  3.67410474e-01,
        1.60568677e+00,  2.18235440e+00,  1.18216649e+00, -1.33042967e+00,
        1.65844645e+00,  1.53987742e+00,  2.52223078e+00,  4.15043818e-01]), array([ 0.87163868,  0.7702108 ,  0.00575212,  0.37914913,  1.61842067,
        2.19431916,  1.35003293, -0.64354451,  1.41253813,  2.3477306 ,
        2.54677938,  2.39295116]), array([ 0.87791067,  0.76324729,  0.01538236,  0.38698087,  1.63121339,
        2.19568495,  1.25439768, -1.39270205,  1.92604825,  1.56634825,
        2.55854388,  0.27315783]), array([ 0.88480844,  0.75993051,  0.02316206,  0.39868832,  1.64395078,
        2.20703664,  1.37955457, -0.66335677,  1.55593942,  2.34148971,
        2.54747918,  2.270338  ]), array([ 0.89128259,  0.75284457,  0.03351175,  0.40648427,  1.65671505,
        2.20779229,  1.29483002, -1.41718808,  2.06993745,  1.55919159,
        2.55285281,  0.15113056]), array([ 0.89735591,  0.74919869,  0.04184768,  0.41176961,  1.66946559,
        2.21869704,  1.21466354, -0.7291763 ,  1.66718625,  1.05706769,
        2.55010812,  2.18095066]), array([ 0.9043853 ,  0.74213673,  0.05246381,  0.41996796,  1.68203323,
        2.2189032 ,  1.40587874, -1.4123921 ,  2.12322715,  1.63967022,
        2.51352783,  0.04123187]), array([ 0.910956  ,  0.73837377,  0.06187011,  0.42571572,  1.69487592,
        2.20886352,  1.31413868, -0.75259076,  1.8812591 ,  1.14955186,
        2.56853757, -2.00793606]), array([ 0.91770552,  0.73110111,  0.07362675,  0.43368724,  1.70749373,
        2.20937784,  1.34990421, -1.45453341,  2.35132821,  1.59430429,
        2.52356189,  0.10286289]), array([ 0.92444271,  0.71996187,  0.08838554,  0.43808625,  1.72022501,
        2.19962917,  1.34743787, -2.22784783,  2.95175821,  0.87980088,
        2.54625788, -1.94973334]), array([ 0.9317192 ,  0.71272457,  0.10103448,  0.44650373,  1.73301888,
        2.20039511,  1.45529904, -1.44745964,  2.52978819,  1.68349698,
        2.55877372,  0.15318816]), array([ 0.93988464,  0.70198881,  0.1163575 ,  0.4576083 ,  1.74574271,
        2.19084567,  1.63308772, -2.14715119,  3.06460281,  2.22091283,
        2.54476466, -1.90988841]), array([ 0.94824263,  0.69498956,  0.13035858,  0.47237344,  1.75896205,
        2.19178682,  1.67159743, -1.39985136,  2.80021688,  2.95302769,
        2.6438686 ,  0.18822992]), array([ 0.95629833,  0.68417761,  0.14678967,  0.48303886,  1.77198991,
        2.20282356,  1.61114031, -2.16238958,  3.28621779,  2.1330855 ,
        2.60557164,  2.20734751]), array([ 0.9651387 ,  0.6770529 ,  0.16125966,  0.49207518,  1.78533932,
        2.20315226,  1.76807442, -1.42494256,  2.89399734,  1.80726266,
        2.66988188,  0.06574075]), array([ 0.97445452,  0.67379515,  0.17399088,  0.50507477,  1.79892093,
        2.21362754,  1.86316434, -0.65154841,  2.54624579,  2.59991929,
        2.71632319,  2.09505603]), array([ 0.98413112,  0.66723813,  0.1894936 ,  0.51517162,  1.81210645,
        2.23167784,  1.93531822, -1.31140551,  3.10054252,  2.01936947,
        2.63710341,  3.61005981]), array([ 0.99567745,  0.65665116,  0.20843682,  0.52263254,  1.82490291,
        2.23854434,  2.30926733, -2.11739298,  3.78864364,  1.49218283,
        2.55929223,  1.37329938]), array([ 1.0079406 ,  0.64968988,  0.22605252,  0.52845475,  1.83820065,
        2.2348278 ,  2.45262858, -1.39225609,  3.52314094,  1.16444245,
        2.65954857, -0.74330734]), array([ 1.02063396,  0.64131371,  0.24508097,  0.53527422,  1.85119629,
        2.22709811,  2.53867243, -1.67523382,  3.80569012,  1.36389531,
        2.59912657, -1.54593816]), array([ 1.03378804,  0.63515123,  0.26434918,  0.54466556,  1.86482108,
        2.22568674,  2.63081665, -1.23249673,  3.85364215,  1.87826751,
        2.72495912, -0.28227469]), array([ 1.04636763,  0.62929244,  0.28274602,  0.55342717,  1.87793596,
        2.2244009 ,  2.51591825, -1.17175738,  3.6793674 ,  1.75232256,
        2.62297586, -0.25716711]), array([ 1.05940665,  0.62277091,  0.30183903,  0.56268899,  1.89094794,
        2.22105795,  2.60780273, -1.30430678,  3.81860167,  1.85236349,
        2.60239475, -0.66858993]), array([ 1.07187264,  0.61654616,  0.32004463,  0.57135291,  1.90349206,
        2.21792407,  2.4931993 , -1.24495013,  3.64112066,  1.73278392,
        2.50882419, -0.62677647]), array([ 1.07959511,  0.61504651,  0.33282776,  0.58080928,  1.91291718,
        2.22581454,  1.54449299, -0.29992935,  2.55662618,  1.89127387,
        1.88502542,  1.57809408]), array([ 1.08628976,  0.61375565,  0.34419085,  0.58937073,  1.91979691,
        2.2303819 ,  1.33892978, -0.25817091,  2.27261787,  1.71228936,
        1.37594497,  0.91347262]), array([ 1.09204396,  0.61263222,  0.3542029 ,  0.59726702,  1.92451703,
        2.23309939,  1.15084076, -0.22468683,  2.0024099 ,  1.57925859,
        0.94402361,  0.5434982 ]), array([ 1.09693612,  0.61164104,  0.36294705,  0.60467783,  1.9274037 ,
        2.23478093,  0.97843102, -0.19823585,  1.74882988,  1.48216181,
        0.57733397,  0.33630786]), array([ 1.10103625,  0.61075221,  0.3705126 ,  0.61174201,  1.92873242,
        2.23587654,  0.8200271 , -0.17776673,  1.51311045,  1.41283623,
        0.26574414,  0.21912255]), array([ 1.10440694e+00,  6.09940289e-01,  3.76990119e-01,  6.18565670e-01,
        1.92873585e+00,  2.23663539e+00,  6.74137571e-01, -1.62383801e-01,
        1.29550351e+00,  1.36473178e+00,  6.86909760e-04,  1.51768879e-01]), array([ 1.10710424,  0.60918369,  0.38246842,  0.62522888,  1.92761055,
        2.23719573,  0.53946025, -0.15132034,  1.09566022,  1.33264107,
       -0.2250595 ,  0.11206848]), array([ 1.10917858,  0.6084641 ,  0.38703277,  0.63179113,  1.92552271,
        2.2376346 ,  0.41486782, -0.14391692,  0.91287066,  1.31245041,
       -0.41756929,  0.08777482]), array([ 1.11067551,  0.60776608,  0.39076386,  0.63829576,  1.92261299,
        2.23799522,  0.29938644, -0.13960375,  0.74621775,  1.30092632,
       -0.58194358,  0.07212302]), array([ 1.11163638,  0.60707665,  0.39373725,  0.64477345,  1.91900068,
        2.23830209,  0.19217361, -0.13788632,  0.59467716,  1.29553884,
       -0.72246205,  0.06137354]), array([ 1.11209887,  0.60638498,  0.39602316,  0.65124504,  1.91478711,
        2.23856937,  0.09249788, -0.13833387,  0.45718276,  1.29431794,
       -0.84271326,  0.05345649]), array([ 1.11209748e+00,  6.05682133e-01,  3.97686508e-01,  6.57723732e-01,
        1.91005858e+00,  2.23880549e+00, -2.78625841e-04, -1.40569982e-01,
        3.32669250e-01,  1.29573788e+00, -9.45705823e-01,  4.72233751e-02]), array([ 1.1116639 ,  0.60496081,  0.39878701,  0.66421686,  1.90488877,
        2.23901566, -0.08671504, -0.14426507,  0.22009977,  1.2986246 ,
       -1.03396259,  0.04203414]), array([ 1.11082738,  0.60421516,  0.39937942,  0.67072726,  1.89934077,
        2.2392033 , -0.16730398, -0.14913015,  0.11848319,  1.30208192,
       -1.10960014,  0.03752934]), array([ 1.10961497,  0.6034406 ,  0.39951385,  0.67725443,  1.89346879,
        2.23937083, -0.24248162, -0.15491168,  0.02688443,  1.30543269,
       -1.1743956 ,  0.03350444]), array([ 1.10805179,  0.60263366,  0.39923599,  0.68379529,  1.88731958,
        2.23952003, -0.31263608, -0.16138733, -0.05557015,  1.30817208,
       -1.22984257,  0.02984053]), array([ 1.10616122,  0.60179185,  0.39858754,  0.69034494,  1.88093359,
        2.23965236, -0.37811422, -0.16836228, -0.12969057,  1.30993052,
       -1.27719803,  0.02646616]), array([ 1.10396508,  0.60091352,  0.39760642,  0.69689716,  1.87434598,
        2.23976904, -0.43922742, -0.17566611, -0.19622341,  1.31044428,
       -1.31752146,  0.02333625]), array([ 1.1014838 ,  0.59999777,  0.39632716,  0.70344482,  1.86758745,
        2.23987114, -0.49625626, -0.18315007, -0.2558535 ,  1.30953228,
       -1.35170746,  0.02042063]), array([ 1.09873653,  0.59904435,  0.39478112,  0.70998021,  1.86068488,
        2.23995963, -0.54945454, -0.19068471, -0.30920658,  1.30707767,
       -1.38051303,  0.01769758]), array([ 1.09574127,  0.59805356,  0.39299686,  0.71649528,  1.85366198,
        2.24003538, -0.59905261, -0.19815775, -0.35685257,  1.30301333,
       -1.40458026,  0.01515039]), array([ 1.09251497,  0.5970262 ,  0.39100031,  0.72298183,  1.8465397 ,
        2.24009921, -0.64526026, -0.20547222, -0.39930927,  1.29731043,
       -1.42445525,  0.01276543]), array([ 1.08907362,  0.59596347,  0.38881508,  0.72943168,  1.83933668,
        2.24015187, -0.68826915, -0.21254481, -0.43704608,  1.28996948,
       -1.4406039 ,  0.01053108]), array([ 1.08543234,  0.59486695,  0.38646265,  0.73583674,  1.83206956,
        2.24019405, -0.72825488, -0.21930431, -0.47048786,  1.28101316,
       -1.45342507,  0.00843712]), array([ 1.08160545,  0.5937385 ,  0.38396255,  0.74218915,  1.82475325,
        2.24022642, -0.76537883, -0.22569037, -0.50001861,  1.27048087,
       -1.46326155,  0.00647441]), array([ 1.0776065 ,  0.59258024,  0.38133263,  0.74848127,  1.8174012 ,
        2.2402496 , -0.79978974, -0.2316522 , -0.52598508,  1.25842431,
       -1.47040922,  0.00463466]), array([ 1.07344838,  0.5913945 ,  0.37858913,  0.75470579,  1.81002558,
        2.24026415, -0.83162508, -0.23714754, -0.54870016,  1.24490413,
       -1.47512469,  0.00291031]), array([ 1.06914332e+00,  5.90183791e-01,  3.75746896e-01,  7.60855727e-01,
        1.80263742e+00,  2.24027062e+00, -8.61012256e-01, -2.42141700e-01,
       -5.68446075e-01,  1.22998725e+00, -1.47763171e+00,  1.29446571e-03]), array([ 1.06470297e+00,  5.88950758e-01,  3.72819509e-01,  7.66924452e-01,
        1.79524679e+00,  2.24026953e+00, -8.88069692e-01, -2.46606655e-01,
       -5.85477344e-01,  1.21374485e+00, -1.47812650e+00, -2.19237567e-04]), array([ 1.06013843e+00,  5.87698157e-01,  3.69819391e-01,  7.72905705e-01,
        1.78786288e+00,  2.24026134e+00, -9.12907759e-01, -2.50520292e-01,
       -6.00023549e-01,  1.19625072e+00, -1.47678221e+00, -1.63663346e-03]), array([ 1.05546028,  0.58642883,  0.36675793,  0.77879361,  1.78049412,
        2.24024653, -0.93562962, -0.25386571, -0.61229185,  1.17758006,
       -1.47375262, -0.0029631 ]), array([ 1.05067862,  0.58514568,  0.36364559,  0.78458265,  1.77314824,
        2.24022551, -0.95633195, -0.25663058, -0.6224693 ,  1.15780856,
       -1.46917534, -0.00420361]), array([ 1.04580309,  0.58385164,  0.36049196,  0.79026771,  1.76583237,
        2.2401987 , -0.97510566, -0.2588066 , -0.63072495,  1.13701164,
       -1.46317433, -0.00536276]), array([ 1.04084291,  0.5825497 ,  0.3573059 ,  0.79584403,  1.75855306,
        2.24016647, -0.9920364 , -0.26038902, -0.63721177,  1.1152639 ,
       -1.45586211, -0.00644481]), array([ 1.03580688,  0.58124282,  0.35409556,  0.80130722,  1.75131635,
        2.2401292 , -1.00720515, -0.26137617, -0.64206836,  1.09263877,
       -1.44734157, -0.00745373]), array([ 1.03070344,  0.57993397,  0.35086846,  0.80665326,  1.74412781,
        2.24008724, -1.02068869, -0.26176906, -0.64542055,  1.06920812,
       -1.43770751, -0.00839324]), array([ 1.02554064,  0.57862612,  0.34763154,  0.81187847,  1.73699257,
        2.2400409 , -1.03255998, -0.26157107, -0.64738276,  1.04504212,
       -1.42704783, -0.00926679]), array([ 1.0203262 ,  0.57732218,  0.34439125,  0.81697952,  1.72991535,
        2.23999051, -1.04288857, -0.26078764, -0.6480593 ,  1.02020899,
       -1.41544461, -0.01007767]), array([ 1.01506749,  0.57602505,  0.34115352,  0.82195339,  1.72290047,
        2.23993637, -1.05174095, -0.25942595, -0.64754546,  0.99477497,
       -1.40297496, -0.01082895]), array([ 1.00977159,  0.57473757,  0.33792388,  0.82679741,  1.71595192,
        2.23987875, -1.0591808 , -0.25749475, -0.64592857,  0.96880421,
       -1.38971171, -0.01152355]), array([ 1.00444524,  0.57346255,  0.33470743,  0.83150921,  1.7090733 ,
        2.23981793, -1.0652693 , -0.2550041 , -0.64328882,  0.94235868,
       -1.37572399, -0.01216426]), array([ 0.99909492,  0.57220273,  0.33150893,  0.8360867 ,  1.70226791,
        2.23975416, -1.07006536, -0.25196522, -0.63970016,  0.91549825,
       -1.36107768, -0.01275371]), array([ 0.99372679,  0.57096078,  0.32833278,  0.8405281 ,  1.69553873,
        2.23968769, -1.07362582, -0.2483903 , -0.6352309 ,  0.88828056,
       -1.3458358 , -0.01329445]), array([ 0.98834676,  0.56973931,  0.32518306,  0.8448319 ,  1.68888843,
        2.23961874, -1.07600566, -0.24429241, -0.62994443,  0.86076112,
       -1.33005877, -0.01378891]), array([ 0.98296047,  0.56854089,  0.32206356,  0.84899687,  1.68231941,
        2.23954755, -1.07725812, -0.2396853 , -0.6238997 ,  0.83299325,
       -1.31380469, -0.01423943]), array([ 0.97757329,  0.56736797,  0.3189778 ,  0.85302201,  1.67583376,
        2.23947431, -1.0774349 , -0.23458339, -0.61715176,  0.80502818,
       -1.29712946, -0.01464826]), array([ 0.97219036,  0.56622296,  0.31592904,  0.85690659,  1.66943333,
        2.23939922, -1.07658624, -0.22900158, -0.60975215,  0.77691498,
       -1.28008694, -0.0150176 ]), array([ 0.96681656,  0.56510819,  0.31292029,  0.86065009,  1.66311968,
        2.23932247, -1.07476106, -0.22295528, -0.60174929,  0.74870068,
       -1.26272905, -0.01534954]), array([ 0.96145652,  0.56402588,  0.30995435,  0.86425224,  1.65689415,
        2.23924424, -1.07200703, -0.21646023, -0.59318883,  0.72043025,
       -1.2451058 , -0.01564613]), array([ 0.95611467,  0.56297822,  0.30703378,  0.86771297,  1.65075783,
        2.23916469, -1.06837067, -0.20953252, -0.58411388,  0.69214663,
       -1.22726538, -0.01590934]), array([ 0.95079518,  0.56196728,  0.30416095,  0.87103243,  1.64471156,
        2.23908399, -1.06389741, -0.20218852, -0.57456533,  0.66389081,
       -1.20925416, -0.01614108]), array([ 0.94550202,  0.56099506,  0.30133804,  0.87421094,  1.63875597,
        2.23900227, -1.05863164, -0.19444482, -0.564582  ,  0.63570184,
       -1.19111671, -0.01634321]), array([ 0.94023894,  0.56006346,  0.29856704,  0.87724902,  1.63289149,
        2.23891968, -1.05261675, -0.18631819, -0.55420086,  0.60761685,
       -1.17289576, -0.01651752]), array([ 0.93500946,  0.55917434,  0.29584975,  0.88014738,  1.62711833,
        2.23883636, -1.0458952 , -0.17782558, -0.54345721,  0.57967114,
       -1.15463227, -0.01666573]), array([ 0.92981692,  0.55832942,  0.29318783,  0.88290687,  1.62143651,
        2.23875241, -1.03850851, -0.16898405, -0.53238476,  0.55189817,
       -1.13636534, -0.01678953]), array([ 0.92466443,  0.55753036,  0.29058275,  0.88552852,  1.61584584,
        2.23866796, -1.03049731, -0.15981077, -0.52101582,  0.52432966,
       -1.11813227, -0.01689051]), array([ 0.91972741,  0.55679871,  0.28812486,  0.88667533,  1.61101564,
        2.23853832, -0.98740497, -0.14633092, -0.49157737,  0.22936174,
       -0.96604125, -0.02592792]), array([ 0.91502171,  0.55611739,  0.28577595,  0.88645995,  1.60673588,
        2.23837818, -0.94113973, -0.13626389, -0.46978298, -0.04307429,
       -0.85595216, -0.03202724]), array([ 0.91055801,  0.5554722 ,  0.28350651,  0.88498852,  1.60285376,
        2.23819816, -0.89274034, -0.12903767, -0.45388722, -0.29428705,
       -0.77642418, -0.03600301]), array([ 0.90634286,  0.55485123,  0.28129372,  0.8823605 ,  1.59925942,
        2.23800581, -0.84303086, -0.12419445, -0.44255865, -0.52560324,
       -0.71886741, -0.03847104]), array([ 0.9023795 ,  0.55424444,  0.27911986,  0.87866881,  1.59587509,
        2.23780633, -0.79267078, -0.12135808, -0.43477138, -0.73833913,
       -0.67686656, -0.03989615]), array([ 0.89866854,  0.55364338,  0.27697122,  0.87399992,  1.59264678,
        2.23760319, -0.74219224, -0.12021222, -0.42972708, -0.93377765,
       -0.64566171, -0.04062869]), array([ 0.8952084 ,  0.55304095,  0.27483723,  0.86843416,  1.58953803,
        2.23739852, -0.69202788, -0.12048537, -0.42679822, -1.11315098,
       -0.62175005, -0.04093238]), array([ 0.89199574,  0.55243125,  0.2727098 ,  0.86204602,  1.58652512,
        2.2371935 , -0.64253194, -0.12194034, -0.42548641, -1.27762811,
       -0.60258085, -0.04100529]), array([ 0.88902576,  0.55180941,  0.27058284,  0.85490449,  1.58359351,
        2.23698852, -0.5939962 , -0.12436675, -0.42539163, -1.42830676,
       -0.58632218, -0.04099566]), array([ 0.88629245,  0.55117154,  0.2684519 ,  0.84707345,  1.5807351 ,
        2.23678345, -0.54666213, -0.12757571, -0.42618928, -1.56620885,
       -0.57168269, -0.0410138 ]), array([ 0.8837888 ,  0.55051456,  0.26631383,  0.83861205,  1.57794622,
        2.23657774, -0.50073013, -0.13139586, -0.42761314, -1.69227869,
       -0.5577758 , -0.04114105]), array([ 0.88150697,  0.5498362 ,  0.26416662,  0.82957513,  1.57522614,
        2.23637056, -0.45636661, -0.13567057, -0.42944256, -1.80738357,
       -0.54401639, -0.04143643]), array([ 0.87943842,  0.54913492,  0.26200915,  0.82001355,  1.57257593,
        2.23616085, -0.41370935, -0.1402559 , -0.43149286, -1.91231589,
       -0.53004223, -0.04194174]), array([ 0.87757406,  0.54840983,  0.25984111,  0.80997457,  1.56999765,
        2.23594743, -0.37287162, -0.1450191 , -0.43360819, -2.0077965 ,
       -0.5156545 , -0.04268531]), array([ 0.87590433,  0.54766064,  0.25766283,  0.79950218,  1.56749379,
        2.235729  , -0.33394539, -0.1498376 , -0.43565605, -2.094479  ,
       -0.5007727 , -0.04368487]), array([ 0.87441931,  0.54688765,  0.25547522,  0.78863741,  1.56506679,
        2.23550425, -0.29700378, -0.15459826, -0.43752334, -2.17295444,
       -0.48540065, -0.04494976]), array([ 0.8731088 ,  0.54609166,  0.25327965,  0.77741862,  1.56271878,
        2.23527184, -0.262103  , -0.1591969 , -0.4391132 , -2.24375644,
       -0.4696008 , -0.04648256]), array([ 0.87196238,  0.54527397,  0.25107794,  0.76588179,  1.56045141,
        2.23503044, -0.22928394, -0.163538  , -0.44034282, -2.30736636,
       -0.45347493, -0.04828038]), array([ 0.87096951,  0.5444363 ,  0.24887223,  0.7540607 ,  1.55826566,
        2.23477876, -0.19857349, -0.16753444, -0.44114164, -2.36421849,
       -0.43714961, -0.05033589]), array([ 0.87011958,  0.54358077,  0.24666498,  0.74198717,  1.55616183,
        2.23451557, -0.1699856 , -0.17110744, -0.44145003, -2.41470504,
       -0.42076538, -0.05263812]), array([ 0.86940197,  0.54270983,  0.24445889,  0.72969127,  1.55413949,
        2.2342397 , -0.14352233, -0.17418648, -0.44121832, -2.45918097,
       -0.40446858, -0.05517308]), array([ 0.86872822,  0.54184732,  0.24225425,  0.71748637,  1.55201012,
        2.23394826, -0.13475142, -0.17250192, -0.4409275 , -2.4409803 ,
       -0.4258739 , -0.05828852]), array([ 0.86234473,  0.5449448 ,  0.23005343,  0.68733831,  1.54444417,
        2.24426243, -1.16666845,  0.79378568, -2.0018024 , -3.54154157,
       -1.11066458,  2.12392254]), array([ 0.8568445 ,  0.54868973,  0.22053741,  0.66967444,  1.54017952,
        2.25434939, -1.10004695,  0.74898658, -1.90320375, -3.53277321,
       -0.8529299 ,  2.01739041]), array([ 0.85166888,  0.55221253,  0.21146163,  0.65206502,  1.53693403,
        2.26393679, -1.0351234 ,  0.70455931, -1.81515624, -3.52188507,
       -0.64909811,  1.91748151]), array([ 0.84680587,  0.55551778,  0.20278406,  0.63452169,  1.53450137,
        2.27305356, -0.97260193,  0.6610504 , -1.73551475, -3.50866466,
       -0.48653184,  1.82335325]), array([ 0.84224117,  0.55861206,  0.19447091,  0.61705686,  1.53272267,
        2.28172525, -0.91294049,  0.61885468, -1.6626286 , -3.49296692,
       -0.35573935,  1.73433846]), array([ 0.83795906,  0.56150334,  0.18649481,  0.59968335,  1.53147472,
        2.28997478, -0.85642113,  0.57825701, -1.59522026, -3.4747016 ,
       -0.24959142,  1.64990586]), array([ 0.83394307,  0.56420064,  0.17883333,  0.58241424,  1.53066106,
        2.29782293, -0.80319942,  0.53946075, -1.53229609, -3.45382263,
       -0.16273169,  1.56962909]), array([ 0.83017637,  0.56671368,  0.17146793,  0.56526264,  1.53020539,
        2.30528874, -0.75333973,  0.50260749, -1.47307994, -3.43031933,
       -0.09113286,  1.49316264]), array([ 0.82664216,  0.56905264,  0.16438312,  0.54824159,  1.53004658,
        2.31238986, -0.70684068,  0.4677911 , -1.41696327, -3.4042094 ,
       -0.03176258,  1.42022335]), array([ 0.8233239 ,  0.57122798,  0.15756578,  0.53136393,  1.53013492,
        2.31914274, -0.66365362,  0.43506793, -1.36346738, -3.37553325,
        0.01766799,  1.35057619]), array([ 0.82020541,  0.5732503 ,  0.15100471,  0.51464218,  1.53042939,
        2.32556285, -0.62369629,  0.40446441, -1.31221475, -3.34434954,
        0.05889314,  1.28402333]), array([ 0.8172711 ,  0.57513021,  0.14469017,  0.49808852,  1.53089556,
        2.33166483, -0.58686282,  0.37598271, -1.26290699, -3.31073165,
        0.09323472,  1.22039581]), array([ 0.81450594,  0.57687824,  0.13861363,  0.4817147 ,  1.5315041 ,
        2.33746257, -0.55303129,  0.34960524, -1.21530799, -3.27476482,
        0.12170863,  1.15954706]), array([ 0.8118956 ,  0.57850473,  0.13276748,  0.46553198,  1.53222963,
        2.34296931, -0.52206927,  0.32529806, -1.16923084, -3.23654383,
        0.14510476,  1.10134804]), array([ 0.80942641,  0.5800198 ,  0.12714484,  0.44955112,  1.53304986,
        2.34819773, -0.49383812,  0.30301373, -1.12452772, -3.19617109,
        0.16404662,  1.04568338]), array([ 0.80708543,  0.58143327,  0.12173943,  0.43378235,  1.53394504,
        2.35315997, -0.46819611,  0.28269358, -1.08108201, -3.15375506,
        0.17903586,  0.99244842]), array([ 0.80486042,  0.58275461,  0.11654542,  0.4182353 ,  1.53489746,
        2.3578677 , -0.44500089,  0.26426962, -1.03880209, -3.10940886,
        0.19048533,  0.94154699]), array([ 0.80273987,  0.58399295,  0.11155733,  0.40291906,  1.53589118,
        2.36233215, -0.4241113 ,  0.24766621, -0.99761646, -3.06324907,
        0.19874349,  0.89288957]), array([ 0.80071292,  0.58515695,  0.10676999,  0.38784209,  1.53691174,
        2.36656411, -0.40538881,  0.23280142, -0.9574699 , -3.0153947 ,
        0.20411231,  0.84639195]), array([ 0.79876943,  0.58625489,  0.10217838,  0.37301225,  1.53794605,
        2.37057398, -0.38869852,  0.2195883 , -0.91832034, -2.9659662 ,
        0.20686038,  0.80197417]), array([ 0.79689988,  0.58729457,  0.0977777 ,  0.35843683,  1.53898221,
        2.37437178, -0.37391001,  0.20793595, -0.88013641, -2.91508459,
        0.20723221,  0.75955963]), array([ 0.79509539,  0.58828333,  0.09356322,  0.34412248,  1.54000948,
        2.37796715, -0.36089785,  0.19775049, -0.84289538, -2.86287069,
        0.20545496,  0.71907456]), array([ 0.79334768,  0.58922801,  0.08953032,  0.33007526,  1.5410182 ,
        2.38136939, -0.34954208,  0.18893598, -0.80658155, -2.80944437,
        0.20174303,  0.68044741]), array([ 0.79164904,  0.59013498,  0.08567439,  0.31630064,  1.5419997 ,
        2.38458743, -0.33972847,  0.18139516, -0.77118486, -2.75492387,
        0.19630117,  0.6436086 ]), array([ 0.78999229,  0.59101013,  0.08199089,  0.30280351,  1.54294634,
        2.38762988, -0.33134869,  0.17503017, -0.7366998 , -2.69942519,
        0.18932651,  0.60849018]), array([ 0.78837079,  0.59185885,  0.07847527,  0.2895882 ,  1.54385138,
        2.39050501, -0.3243004 ,  0.16974323, -0.70312439, -2.64306156,
        0.18100974,  0.57502568]), array([ 0.78677836,  0.59268603,  0.07512297,  0.27665849,  1.54470906,
        2.39322076, -0.31848728,  0.16543718, -0.67045946, -2.58594286,
        0.17153581,  0.54314999]), array([ 0.78520926,  0.59349611,  0.07192943,  0.26401761,  1.54551448,
        2.39578476, -0.31381897,  0.16201603, -0.63870792, -2.52817524,
        0.16108415,  0.51279924]), array([ 0.78365821,  0.59429304,  0.06889006,  0.25166831,  1.54626363,
        2.39820431, -0.310211  ,  0.15938538, -0.60787424, -2.46986068,
        0.14982864,  0.48391085]), array([ 0.78212028,  0.59508031,  0.06600024,  0.23961283,  1.54695331,
        2.40048643, -0.30758462,  0.15745289, -0.5779639 , -2.41109666,
        0.13793744,  0.45642342]), array([ 0.78059095,  0.59586095,  0.06325533,  0.22785295,  1.54758118,
        2.40263781, -0.30586672,  0.15612861, -0.54898299, -2.35197582,
        0.12557272,  0.43027685]), array([ 0.779066  ,  0.59663758,  0.06065064,  0.21639002,  1.54814563,
        2.40466487, -0.30498954,  0.15532529, -0.52093789, -2.2925858 ,
        0.11289031,  0.4054123 ]), array([ 0.77754155,  0.59741237,  0.05818147,  0.20522497,  1.54864583,
        2.40657374, -0.30489056,  0.15495865, -0.49383489, -2.23300896,
        0.10003938,  0.38177228]), array([ 0.77601399,  0.59818711,  0.05584307,  0.19435836,  1.54908164,
        2.40837024, -0.30551221,  0.15494764, -0.46768001, -2.17332229,
        0.08716212,  0.35930069]), array([ 0.77447998,  0.59896318,  0.05363067,  0.18379038,  1.5494536 ,
        2.41005995, -0.30680166,  0.15521461, -0.44247871, -2.11359725,
        0.07439343,  0.33794286]), array([ 0.77293643,  0.59974161,  0.05153949,  0.17352088,  1.54976291,
        2.41164818, -0.30871059,  0.15568546, -0.41823574, -2.05389979,
        0.06186073,  0.31764564]), array([ 0.77138045,  0.60052306,  0.04956472,  0.16354942,  1.55001133,
        2.41313997, -0.31119491,  0.15628976, -0.39495497, -1.99429026,
        0.04968372,  0.29835743]), array([ 0.76980938,  0.60130786,  0.04770152,  0.15387531,  1.5502012 ,
        2.41454011, -0.31421456,  0.15696089, -0.37263926, -1.93482349,
        0.03797431,  0.28002824]), array([ 0.76822071,  0.60209604,  0.04594507,  0.14449756,  1.55033538,
        2.41585316, -0.31773321,  0.15763604, -0.35129037, -1.87554879,
        0.02683648,  0.26260973]), array([ 0.7665908 ,  0.60285522,  0.04419204,  0.13554021,  1.5500328 ,
        2.41709402, -0.32598265,  0.15183619, -0.35060688, -1.79147033,
       -0.0605159 ,  0.24817232])], 'U_history': [array([ 60.        , -60.        ,  -8.90673163,  10.        ,
       -10.        , -10.        ]), array([ 60.        ,  60.        ,   8.22703974,  10.        ,
       -10.        ,  10.        ]), array([ 60.        , -60.        ,  -4.18581127, -10.        ,
         1.76300912,  10.        ]), array([ 60.        ,  60.        ,   8.57933645,  10.        ,
         3.52703906, -10.        ]), array([ 60.        , -60.        ,  -4.21921305, -10.        ,
        -1.58903978, -10.        ]), array([24.        , 24.        ,  3.29986945,  4.        ,  1.49456982,
        4.        ]), array([ 12.        , -12.        ,  -0.85308617,  -2.        ,
        -0.27049886,   2.        ]), array([ 7.6396529 , 12.        ,  1.65616012,  2.        ,  0.77426221,
       -2.        ]), array([  2.96072975, -60.        ,  -4.36338112, -10.        ,
        -0.93613148,  10.        ]), array([  3.61146743,  60.        ,   8.30981179,  10.        ,
         4.2786173 , -10.        ]), array([ 3.54250850e-02, -6.00000000e+01, -4.19812758e+00, -1.00000000e+01,
       -5.98818479e-01,  1.00000000e+01]), array([  3.94707385,  60.        ,   8.39361258,  10.        ,
         4.32985673, -10.        ]), array([ -0.89295041, -60.        ,  -4.15935407,  10.        ,
        -0.53403427,  10.        ]), array([  2.78639121,  60.        ,   8.97964777, -10.        ,
         4.70179915, -10.        ]), array([  0.65669389, -60.        ,  -4.40511077, -10.        ,
        -0.71901187,  10.        ]), array([  4.00005609,  60.        ,   8.49890326,  10.        ,
         4.45730724, -10.        ]), array([ -0.49205226, -60.        ,  -3.87636925, -10.        ,
        -0.49312028,  10.        ]), array([  4.46324362,  60.        ,   8.57543204,  10.        ,
         4.49785654, -10.        ]), array([ -1.35272749, -60.        ,  -3.85206785,  10.        ,
        -0.44765449, -10.        ]), array([  0.97759441,  60.        ,   9.21562479, -10.        ,
         5.18281787,  10.        ]), array([  1.41550034, -60.        ,  -4.37705599,  10.        ,
        -0.93176916, -10.        ]), array([  0.94632803,  60.        ,   8.98191767, -10.        ,
         5.16114255,  10.        ]), array([  1.74536089, -60.        ,  -4.01336881,  10.        ,
        -0.8823827 , -10.        ]), array([  0.5402208 ,  60.        ,   8.74412584, -10.        ,
         5.17403101,  10.        ]), array([  2.62125409, -60.        ,  -3.55480366, -10.        ,
        -0.82564345, -10.        ]), array([ 2.24892605, 60.        ,  8.6650798 , 10.        ,  4.92322529,
       10.        ]), array([  0.95393482, -60.        ,  -3.46547891, -10.        ,
        -0.57751105, -10.        ]), array([ 2.6045139 , 60.        ,  8.68422536, 10.        ,  4.93239883,
       10.        ]), array([  0.16566086, -60.        ,  -3.44340398,  10.        ,
        -0.51888936, -10.        ]), array([  0.62244031,  60.        ,   8.82346504, -10.        ,
         5.28909736,  10.        ]), array([  2.26683767, -60.        ,  -3.36911464,  10.        ,
        -0.75395063, -10.        ]), array([  0.42282425,  60.        ,   8.61124354, -10.        ,
         5.29348104,  10.        ]), array([  3.1312366 , -60.        ,  -2.96947015, -10.        ,
        -0.71529082, -10.        ]), array([ 2.39172996, 60.        ,  8.67062228, 10.        ,  5.0843924 ,
       10.        ]), array([  1.23552401, -60.        ,  -3.05256859, -10.        ,
        -0.52181275, -10.        ]), array([ 2.51256916, 60.        ,  8.64136615, 10.        ,  5.08983809,
       10.        ]), array([  1.09848698, -60.        ,  -2.93259682, -10.        ,
        -0.46541101, -10.        ]), array([ 2.98563828, 60.        ,  8.63982731, 10.        ,  5.08619029,
       10.        ]), array([  0.31599716, -60.        ,  -3.11328131,  10.        ,
        -0.49113997, -10.        ]), array([  0.69905616,  60.        ,   7.06365097, -10.        ,
         4.7949076 ,  10.        ]), array([  2.83190786,  60.        ,   2.95430238,  10.        ,
         1.58460239, -10.        ]), array([ -1.98384208, -60.        ,  -2.59875458, -10.        ,
        -0.10669563,  10.        ]), array([  5.21144065,  60.        ,   9.70494069,  10.        ,
         5.30253894, -10.        ]), array([ -1.30932239, -60.        ,  -2.45225155, -10.        ,
        -0.1129556 ,  10.        ]), array([  4.6975308 ,  60.        ,   9.71438518,  10.        ,
         5.27546395, -10.        ]), array([-7.65502582e-01, -6.00000000e+01, -2.43277622e+00, -1.00000000e+01,
       -5.76823080e-02,  1.00000000e+01]), array([  4.23670299,  60.        ,   9.71621947,  10.        ,
         5.23700663, -10.        ]), array([-2.63191579e-01, -6.00000000e+01, -2.41339598e+00, -1.00000000e+01,
        2.19963898e-03,  1.00000000e+01]), array([  3.82122318,  60.        ,   9.70944071,  10.        ,
         5.18761135, -10.        ]), array([-3.32500784e-02, -6.00000000e+01, -2.43935091e+00, -1.00000000e+01,
        6.46389255e-02,  1.00000000e+01]), array([  4.15887463,  60.        ,   9.84518821, -10.        ,
         5.13773602, -10.        ]), array([  1.37079383, -60.        ,  -1.76124457,  10.        ,
         0.12488506,  10.        ]), array([  3.05738528,  60.        ,   9.11235991, -10.        ,
         5.01282636, -10.        ]), array([  1.11965007, -60.        ,  -1.83694945,  10.        ,
         0.21623862,  10.        ]), array([  3.39309188,  60.        ,   9.18271346, -10.        ,
         4.91868205, -10.        ]), array([  0.98412953, -60.        ,  -1.86039174,  10.        ,
         0.31810497,  10.        ]), array([  3.73296884,  60.        ,   9.39234639, -10.        ,
         4.87804851, -10.        ]), array([  0.91517638, -60.        ,  -0.09706126,  10.        ,
         1.06812521,  10.        ]), array([  3.91111121, -60.        ,   3.39838151, -10.        ,
         2.50513983, -10.        ]), array([ 1.51423524, 60.        ,  7.84897698, 10.        ,  4.33490787,
       10.        ]), array([  4.50233687, -60.        ,  -1.83479012, -10.        ,
         0.44443311, -10.        ]), array([ 1.88417325, 60.        ,  7.80189214, 10.        ,  4.31052807,
       10.        ]), array([  4.41447421, -60.        ,  -1.73889983, -10.        ,
         0.4590021 , -10.        ]), array([ 2.19880679, 60.        ,  7.75793247, 10.        ,  4.30202814,
       10.        ]), array([  4.35447213, -60.        ,  -1.64603516, -10.        ,
         0.46811789, -10.        ]), array([ 2.49377632, 60.        ,  7.71718322, 10.        ,  4.29500969,
       10.        ]), array([  4.3240012 , -60.        ,  -1.55605236, -10.        ,
         0.47218465, -10.        ]), array([ 2.77076426, 60.        ,  7.68002666, 10.        ,  4.28899023,
       10.        ]), array([  4.32084156, -60.        ,  -1.46835734, -10.        ,
         0.4719182 , -10.        ]), array([ 3.03099726, 60.        ,  7.64683302, 10.        ,  4.28355353,
       10.        ]), array([  4.34300101, -60.        ,  -1.38228693, -10.        ,
         0.46796584, -10.        ]), array([ 3.27550767, 60.        ,  7.61790148, 10.        ,  4.27830323,
       10.        ]), array([  4.38867761, -60.        ,  -1.29800802, -10.        ,
         0.46059206, -10.        ]), array([ 3.50450725, 60.        ,  7.58235766, 10.        ,  4.26895275,
       10.        ]), array([  4.45033913, -60.        ,  -1.35395884, -10.        ,
         0.40135539, -10.        ]), array([ 3.67453592, 60.        ,  5.91317604, 10.        ,  3.67687344,
       10.        ]), array([  4.73083941,  60.        ,   4.24846867, -10.        ,
         2.43949557, -10.        ]), array([  1.175542  , -60.        ,  -1.97396377,  10.        ,
         0.13183013,  10.        ]), array([  6.15183625,  60.        ,  10.08375016, -10.        ,
         4.94529292, -10.        ]), array([  1.78170367, -60.        ,  -1.91750884, -10.        ,
         0.1783222 ,  10.        ]), array([  7.62212908,  60.        ,   8.82887573,  10.        ,
         4.45693655, -10.        ]), array([  0.90082136, -60.        ,  -0.75007229, -10.        ,
         0.47160452,  10.        ]), array([  8.10122186,  60.        ,   8.65794451,  10.        ,
         4.29880496, -10.        ]), array([  0.77636466, -60.        ,   1.2987078 , -10.        ,
         1.23200117,  10.        ]), array([  8.45672705, -60.        ,   2.83675951,  10.        ,
         2.02420428,  10.        ]), array([ 10.33603731,  60.        ,   8.7522726 , -10.        ,
         3.77037694, -10.        ]), array([  3.15921848, -60.        ,  -2.48937531,  10.        ,
         0.27123268,  10.        ]), array([  9.92315928,  60.        ,   9.1535538 ,  10.        ,
         3.98263285, -10.        ]), array([  1.4715267 , -60.        ,   0.21533304, -10.        ,
         0.91722406,  10.        ]), array([ 11.22206439,  60.        ,   6.8155213 ,  10.        ,
         3.52804769, -10.        ]), array([  1.38666893, -60.        ,   0.33144307, -10.        ,
         0.84184664, -10.        ]), array([  5.84071124,  60.        ,   6.92498574, -10.        ,
         3.69667645,  10.        ]), array([  7.55324559, -60.        ,  -2.53183186,  10.        ,
         0.08980039, -10.        ]), array([  4.85066063,  60.        ,   8.02676607, -10.        ,
         3.58219257,  10.        ]), array([  8.2715413 ,  60.        ,   2.66625223,  10.        ,
         1.99968516, -10.        ]), array([ -0.47136504, -60.        ,   1.61724555,  10.        ,
         0.80880534,  10.        ]), array([ 8.99886022, 60.        , 11.50232404, 10.        ,  4.82855962,
       10.        ]), array([  6.52365255, -60.        ,   2.10691409, -10.        ,
         0.98172086, -10.        ]), array([ 6.19952028, 60.        ,  7.80222267, 10.        ,  3.5633758 ,
       10.        ]), array([  7.27930811, -60.        ,   2.45838192, -10.        ,
         1.13197035, -10.        ]), array([  6.70493106,  60.        ,   8.10000844, -10.        ,
         3.53831343,  10.        ]), array([ 11.31731462, -60.        ,  -0.3809825 ,  10.        ,
         0.20949265, -10.        ]), array([  4.81087634,  60.        ,  11.69172644, -10.        ,
         4.29290968, -10.        ]), array([  1.19634674, -60.        ,   1.84913233,  10.        ,
         1.18039506,  10.        ]), array([ 12.13861128, -60.        ,   6.79469516, -10.        ,
         2.44115979, -10.        ]), array([ 4.95049656, 60.        ,  7.14692314, 10.        ,  2.85599324,
       10.        ]), array([ 10.62522989, -60.        ,   3.86198999,  10.        ,
         1.59943353, -10.        ]), array([ 0.85688819, 60.        , 11.87216011, 10.        ,  4.42446013,
       10.        ]), array([  9.89873026, -60.        ,   5.37034297, -10.        ,
         2.22744888,  10.        ]), array([ 22.39414426,  60.        ,   7.49254153, -10.        ,
         2.37985066, -10.        ]), array([ 5.60098203, 60.        ,  8.02210018, 10.        ,  2.65559644,
       10.        ]), array([ 17.4892451 , -48.        ,   9.11896834,  -8.        ,
         2.42757981,   8.        ]), array([ 38.28817127, -60.        ,   9.83058651, -10.        ,
         2.09961931, -10.        ]), array([ 21.48854721,  60.        ,  11.08073706, -10.        ,
         2.89821752, -10.        ]), array([  9.80954752, -24.        ,   7.07281246,   4.        ,
         1.9727658 ,  -4.        ]), array([ 8.77698297, 36.        , 14.7849579 ,  6.        ,  4.39530389,
        6.        ]), array([ 0., -0.,  0.,  0.,  0.,  0.]), array([ 12., -12.,   6.,   2.,   2.,  -2.]), array([ 0., -0.,  0., -0.,  0., -0.]), array([-60.        ,  60.        , -14.55674687,  10.        ,
       -10.        ,  10.        ]), array([-6.81860524, -0.31787786, -6.56083485, -0.17338024, -6.4910097 ,
       -3.15618815]), array([-6.32935047, -0.41460661, -6.01319437,  0.17676552, -5.52765481,
       -1.82694524]), array([-5.88734271, -0.48876075, -5.48533469,  0.43384641, -4.70347762,
       -1.08699641]), array([-5.48675171, -0.54371375, -4.98424268,  0.61699564, -3.99715927,
       -0.67261572]), array([-5.1223249 , -0.58223522, -4.51345446,  0.74185869, -3.39055344,
       -0.4382451 ]), array([-4.7894598 , -0.60661534, -4.07433423,  0.82103708, -2.86828212,
       -0.30353776]), array([-4.48417541, -0.618761  , -3.66687523,  0.86459203, -2.41735177,
       -0.22413695]), array([-4.20304674, -0.62027154, -3.29021265,  0.88051311, -2.02680674,
       -0.17554965]), array([-3.94313091, -0.61249852, -2.94295814,  0.87512164, -1.68742331,
       -0.14424604]), array([-3.70189666, -0.59659259, -2.62342118,  0.85340512, -1.39144339,
       -0.12274708]), array([-3.4771618 , -0.57354027, -2.32975701,  0.81928938, -1.13234504,
       -0.10691298]), array([-3.26703973, -0.54419281, -2.06006578,  0.77585764, -0.9046464 ,
       -0.09444675]), array([-3.06989435, -0.50928894, -1.81245886,  0.72552602, -0.70373913,
       -0.08406828]), array([-2.8843026 , -0.46947301, -1.58510233,  0.67018344, -0.52574762,
       -0.07505868]), array([-2.70902329, -0.42530959, -1.37624494,  0.61130304, -0.36741044,
       -0.06700888]), array([-2.5429712 , -0.37729528, -1.18423492,  0.55003065, -0.22598069,
       -0.05968107]), array([-2.38519552, -0.32586854, -1.00752912,  0.48725494, -0.09914257,
       -0.05293231]), array([-2.23486184, -0.27141784, -0.84469674,  0.42366307,  0.01505852,
       -0.04667251]), array([-2.09123696, -0.21428859, -0.69441932,  0.35978456,  0.11827445,
       -0.04084126]), array([-1.95367615, -0.15478898, -0.55548808,  0.29602606,  0.21190315,
       -0.03539515]), array([-1.82161225, -0.09319509, -0.42679968,  0.23269872,  0.29712948,
       -0.03030078]), array([-1.6945464 , -0.02975527, -0.30735082,  0.17003966,  0.37495932,
       -0.02553086]), array([-1.57204005,  0.03530606, -0.19623219,  0.10822898,  0.44624812,
       -0.02106216]), array([-1.45370809,  0.10178507, -0.0926222 ,  0.04740293,  0.51172474,
       -0.01687424]), array([-1.33921282,  0.16949561,  0.00421945, -0.01233573,  0.57201147,
       -0.01294882]), array([-1.22825873,  0.23826667,  0.09495807, -0.07090963,  0.62764078,
       -0.00926931]), array([-1.12058789,  0.3079402 ,  0.1801901 , -0.12826058,  0.67906938,
       -0.00582063]), array([-1.01597586,  0.37836913,  0.26044896, -0.18434477,  0.72669006,
       -0.00258893]), array([-9.14228102e-01,  4.49415758e-01,  3.36210591e-01, -2.39129030e-01,
        7.70841639e-01,  4.38475134e-04]), array([-0.81517672,  0.5209503 ,  0.40789867, -0.29258807,  0.81181733,
        0.00327327]), array([-0.71867761,  0.59284969,  0.47588944, -0.34470235,  0.84987185,
        0.0059262 ]), array([-0.62460781,  0.6649965 ,  0.54051624, -0.3954565 ,  0.88522739,
        0.00840722]), array([-0.5328632 ,  0.73727815,  0.60207369, -0.4448382 ,  0.91807865,
        0.01072551]), array([-0.44335633,  0.80958615,  0.66082151, -0.49283732,  0.94859717,
        0.01288961]), array([-0.35601453,  0.88181551,  0.71698806, -0.53944537,  0.97693492,
        0.01490746]), array([-0.27077811,  0.95386434,  0.77077362, -0.58465515,  1.00322737,
        0.01678647]), array([-0.18759879,  1.02563345,  0.82235331, -0.62846045,  1.02759613,
        0.01853359]), array([-0.1064382 ,  1.09702614,  0.87187984, -0.67085598,  1.05015109,
        0.02015534]), array([-0.02726656,  1.16794798,  0.91948596, -0.71183731,  1.07099235,
        0.0216579 ]), array([ 0.04993855,  1.23830675,  0.96528673, -0.75140085,  1.09021173,
        0.02304711]), array([ 0.12519331,  1.30801237,  1.00938155, -0.78954393,  1.10789413,
        0.02432852]), array([ 0.1985087 ,  1.37697693,  1.05185605, -0.82626487,  1.12411858,
        0.02550742]), array([ 0.26989142,  1.44511473,  1.09278373, -0.86156302,  1.13895924,
        0.0265889 ]), array([ 0.33934476,  1.51234238,  1.13222756, -0.89543891,  1.15248608,
        0.02757782]), array([ 0.40686936,  1.57857887,  1.17024128, -0.9278943 ,  1.16476558,
        0.02847885]), array([ 0.47246393,  1.64374578,  1.20687069, -0.95893226,  1.17586117,
        0.02929653]), array([ 0.53612586,  1.70776736,  1.24215478, -0.98855726,  1.18583371,
        0.0300352 ]), array([ 0.59785183,  1.7705707 ,  1.27612673, -1.01677522,  1.19474178,
        0.03069908]), array([ 0.6576383 ,  1.83208591,  1.30881477, -1.04359357,  1.20264193,
        0.03129226]), array([ 0.71548196,  1.89224628,  1.34024307, -1.06902128,  1.20958892,
        0.03181868]), array([ 0.77138013,  1.95098841,  1.3704324 , -1.09306891,  1.2156358 ,
        0.03228217]), array([ 0.82533114,  2.00825235,  1.39940079, -1.11574857,  1.22083409,
        0.03268643]), array([ 0.8773346 ,  2.0639818 ,  1.4271641 , -1.13707395,  1.22523379,
        0.03303504]), array([ 0.92739167,  2.11812415,  1.45373651, -1.15706033,  1.22888344,
        0.03333147]), array([ 0.97550528,  2.17063065,  1.47913098, -1.17572451,  1.23183017,
        0.03357905]), array([ 5.97535337e+00,  6.05824674e+00,  3.97852850e+00, -6.52340023e+00,
        3.08972088e+00, -3.12879537e-16]), array([ 6.18687557e+00,  5.38164976e+00,  3.42014095e+00, -6.23480630e+00,
        2.47677303e+00,  1.31377351e-17]), array([ 6.30876839e+00,  4.78876041e+00,  2.96888177e+00, -5.95858421e+00,
        2.02513863e+00,  2.43842021e-15]), array([ 6.36368641e+00,  4.26595091e+00,  2.60119176e+00, -5.69644590e+00,
        1.69559219e+00,  1.81716348e-15]), array([ 6.36869200e+00,  3.80261458e+00,  2.29924346e+00, -5.44923696e+00,
        1.45819799e+00, -2.07901291e-16]), array([ 6.33652913e+00,  3.39045709e+00,  2.04950443e+00, -5.21716985e+00,
        1.29012922e+00,  5.26144443e-16]), array([ 6.27664103e+00,  3.02294383e+00,  1.84166386e+00, -5.00000222e+00,
        1.17399953e+00, -5.49743187e-16]), array([ 6.19597236e+00,  2.69487660e+00,  1.66783095e+00, -4.79717347e+00,
        1.09658442e+00,  3.42220785e-15]), array([ 6.09959483e+00,  2.40207264e+00,  1.52193593e+00, -4.60790937e+00,
        1.04784083e+00,  1.81783946e-15]), array([ 5.99119090e+00,  2.14112216e+00,  1.39928191e+00, -4.43130189e+00,
        1.02015528e+00,  2.58054657e-15]), array([ 5.87342450e+00,  1.90920550e+00,  1.29620885e+00, -4.26636980e+00,
        1.00776737e+00,  8.51300798e-16]), array([ 5.74822301e+00,  1.70395475e+00,  1.20984124e+00, -4.11210414e+00,
        1.00632824e+00,  2.83386712e-17]), array([ 5.61698985e+00,  1.52334868e+00,  1.13789796e+00, -3.96750190e+00,
        1.01256259e+00,  7.96692996e-16]), array([ 5.48076338e+00,  1.36563245e+00,  1.07854895e+00, -3.83159060e+00,
        1.02401050e+00,  3.93974934e-16]), array([ 5.34033417e+00,  1.22925597e+00,  1.03030666e+00, -3.70344552e+00,
        1.03883041e+00,  1.48793084e-15]), array([ 5.19633060e+00,  1.11282626e+00,  9.91943922e-01, -3.58220145e+00,
        1.05564907e+00,  6.87604366e-16]), array([ 5.04928009e+00,  1.01507049e+00,  9.62431560e-01, -3.46706004e+00,
        1.07344757e+00,  5.60908780e-16]), array([ 4.89965192e+00,  9.34807200e-01,  9.40891091e-01, -3.35729391e+00,
        1.09147486e+00,  1.20174872e-15]), array([ 4.74788629e+00,  8.70923999e-01,  9.26558789e-01, -3.25224804e+00,
        1.10918236e+00,  5.50483161e-16]), array([ 4.59441289e+00,  8.22360214e-01,  9.18758462e-01, -3.15133945e+00,
        1.12617459e+00,  2.34062458e-15]), array([ 4.43966196e+00,  7.88093641e-01,  9.16880890e-01, -3.05405523e+00,
        1.14217199e+00,  8.95235157e-16]), array([ 2.57044182e+00,  4.60278324e-01,  5.52221011e-01, -1.77596978e+00,
        6.94189802e-01,  6.64803076e-16]), array([ 4.41448832e+00,  9.76990502e-01,  1.07661213e+00, -3.12228098e+00,
        1.26676744e+00,  1.51974818e-15]), array([ 3.89654587e+00,  1.03326124e+00,  2.60324914e+00, -3.06039008e+00,
        4.31839306e+00, -4.30608231e-16]), array([ 4.11574912e+00,  6.07926351e-01,  2.08820814e+00, -2.99290902e+00,
        3.62293216e+00, -3.16421878e-16]), array([ 4.22511345e+00,  2.90118977e-01,  1.69986109e+00, -2.91877095e+00,
        3.09863353e+00,  6.81726488e-16]), array([ 4.25311704e+00,  6.05334444e-02,  1.41050776e+00, -2.83998067e+00,
        2.70303247e+00, -2.03959790e-16]), array([ 4.22127761e+00, -9.70542640e-02,  1.19841053e+00, -2.75799686e+00,
        2.40411839e+00,  1.14782311e-15]), array([ 4.14584997e+00, -1.96122004e-01,  1.04653882e+00, -2.67389605e+00,
        2.17776328e+00,  2.22927906e-16]), array([ 4.03912077e+00, -2.47790647e-01,  9.41560324e-01, -2.58848654e+00,
        2.00578669e+00,  7.06872085e-16]), array([ 3.91038890e+00, -2.61205696e-01,  8.73038218e-01, -2.50238768e+00,
        1.87449783e+00,  6.42641486e-17]), array([ 3.76670421e+00, -2.43882838e-01,  8.32796926e-01, -2.41608515e+00,
        1.77359631e+00,  2.67120377e-16]), array([ 3.61342200e+00, -2.02006884e-01,  8.14423676e-01, -2.32996936e+00,
        1.69534258e+00,  1.48564816e-16]), array([ 3.45461801e+00, -1.40682929e-01,  8.12878494e-01, -2.24436199e+00,
        1.63393153e+00,  1.06395410e-15]), array([ 3.29339861e+00, -6.41431736e-02,  8.24190061e-01, -2.15953423e+00,
        1.58501930e+00,  3.47950675e-16]), array([ 3.13213232e+00,  2.40851973e-02,  8.45219191e-01, -2.07571904e+00,
        1.54536560e+00,  2.51281054e-16]), array([ 2.97262278e+00,  1.21045222e-01,  8.73475301e-01, -1.99311944e+00,
        1.51256315e+00,  5.07963833e-16]), array([ 2.81623796,  0.22424281,  0.90697426, -1.91191388,  1.484833  ,
        0.        ]), array([ 2.66400717e+00,  3.31561784e-01,  9.44128461e-01, -1.83225965e+00,
        1.46086955e+00,  8.19963374e-16]), array([ 2.51669389e+00,  4.41196909e-01,  9.83661818e-01, -1.75429508e+00,
        1.43972319e+00,  3.79698442e-16]), array([ 2.37485106e+00,  5.51601284e-01,  1.02454420e+00, -1.67814085e+00,
        1.42071125e+00,  7.15913777e-16]), array([ 2.23886318e+00,  6.61445017e-01,  1.06594074e+00, -1.60390076e+00,
        1.40335058e+00, -4.13121213e-17]), array([ 2.10897879e+00,  7.69582741e-01,  1.10717267e+00, -1.53166230e+00,
        1.38730638e+00,  3.99229928e-16]), array([ 1.98533578e+00,  8.75027972e-01,  1.14768700e+00, -1.46149700e+00,
        1.37235333e+00,  3.58994529e-16]), array([ 1.86798148e+00,  9.76932739e-01,  1.18703304e+00, -1.39346085e+00,
        1.35834626e+00, -2.24961786e-16]), array([ 1.75688868e+00,  1.07457124e+00,  1.22484402e+00, -1.32759464e+00,
        1.34519775e+00, -3.85298894e-16]), array([ 1.65196883e+00,  1.16732653e+00,  1.26082283e+00, -1.26392447e+00,
        1.33286139e+00, -1.80301683e-16]), array([ 1.55308296e+00,  1.25467953e+00,  1.29473066e+00, -1.20246233e+00,
        1.32131898e+00,  4.49835447e-16]), array([ 1.46005078,  1.33619977,  1.32637808, -1.14320671,  1.31057107,
        0.        ]), array([ 1.37265859e+00,  1.41153735e+00,  1.35561780e+00, -1.08614343e+00,
        1.30062982e+00,  2.16701716e-16]), array([ 1.29066599e+00,  1.48041592e+00,  1.38233882e+00, -1.03124641e+00,
        1.29151375e+00,  2.23436414e-16]), array([ 1.21381175e+00,  1.54262639e+00,  1.40646163e+00, -9.78478611e-01,
        1.28324390e+00, -1.19601293e-16]), array([ 1.14181896e+00,  1.59802111e+00,  1.42793418e+00, -9.27792968e-01,
        1.27584114e+00, -1.16141763e-16]), array([ 1.07439952e+00,  1.64650855e+00,  1.44672844e+00, -8.79133401e-01,
        1.26932419e+00, -5.02875511e-17]), array([ 1.01125811e+00,  1.68804827e+00,  1.46283750e+00, -8.32435809e-01,
        1.26370840e+00, -4.02873845e-17]), array([ 9.52095623e-01,  1.72264617e+00,  1.47627298e+00, -7.87629078e-01,
        1.25900492e+00, -9.21778775e-17]), array([ 8.96612222e-01,  1.75035002e+00,  1.48706277e+00, -7.44636087e-01,
        1.25522032e+00, -9.52520880e-17]), array([ 8.44509965e-01,  1.77124518e+00,  1.49524903e+00, -7.03374680e-01,
        1.25235634e+00,  2.77342236e-16]), array([ 7.95495078e-01,  1.78545053e+00,  1.50088633e+00, -6.63758609e-01,
        1.25041002e+00, -9.43088685e-17]), array([ 7.49279901e-01,  1.79311462e+00,  1.50404002e+00, -6.25698431e-01,
        1.24937380e+00, -2.19456930e-16]), array([ 7.05584540e-01,  1.79441207e+00,  1.50478474e+00, -5.89102364e-01,
        1.24923580e+00,  1.53177121e-16]), array([0., 0., 0., 0., 0., 0.])], 'ball_pos_history': [array([ 0.60608438, -7.94933963,  1.26288562]), array([ 0.59819729, -7.9050362 ,  1.24832277]), array([ 0.59031019, -7.86073277,  1.23351467]), array([ 0.5824231 , -7.81642934,  1.21846133]), array([ 0.574536  , -7.77212591,  1.20316273]), array([ 0.56664891, -7.72782249,  1.18761888]), array([ 0.55876181, -7.68351906,  1.17182978]), array([ 0.55087472, -7.63921563,  1.15579544]), array([ 0.54298762, -7.5949122 ,  1.13951584]), array([ 0.53510053, -7.55060877,  1.12299099]), array([ 0.52721344, -7.50630535,  1.10622089]), array([ 0.51932634, -7.46200192,  1.08920555]), array([ 0.51143925, -7.41769849,  1.07194495]), array([ 0.50355215, -7.37339506,  1.0544391 ]), array([ 0.49566506, -7.32909163,  1.03668801]), array([ 0.48777796, -7.28478821,  1.01869166]), array([ 0.47989087, -7.24048478,  1.00045006]), array([ 0.47200377, -7.19618135,  0.98196321]), array([ 0.46411668, -7.15187792,  0.96323112]), array([ 0.45622958, -7.10757449,  0.94425377]), array([ 0.44834249, -7.06327107,  0.92503117]), array([ 0.44045539, -7.01896764,  0.90556332]), array([ 0.4325683 , -6.97466421,  0.88585023]), array([ 0.4246812 , -6.93036078,  0.86589188]), array([ 0.41679411, -6.88605735,  0.84568828]), array([ 0.40890701, -6.84175393,  0.82523943]), array([ 0.40101992, -6.7974505 ,  0.80454534]), array([ 0.39313282, -6.75314707,  0.78360599]), array([ 0.38524573, -6.70884364,  0.76242139]), array([ 0.37735863, -6.66454021,  0.74099154]), array([ 0.36947154, -6.62023679,  0.71931645]), array([ 0.36158444, -6.57593336,  0.6973961 ]), array([ 0.35369735, -6.53162993,  0.6752305 ]), array([ 0.34581025, -6.4873265 ,  0.65281965]), array([ 0.33792316, -6.44302307,  0.63016356]), array([ 0.33003606, -6.39871965,  0.60726221]), array([ 0.32214897, -6.35441622,  0.58411561]), array([ 0.31426187, -6.31011279,  0.56072376]), array([ 0.30637478, -6.26580936,  0.53708667]), array([ 0.29848769, -6.22150593,  0.51320432]), array([ 0.29060059, -6.17720251,  0.48907672]), array([ 0.2827135 , -6.13289908,  0.46470388]), array([ 0.2748264 , -6.08859565,  0.44008578]), array([ 0.26693931, -6.04429222,  0.41522243]), array([ 0.25905221, -5.99998879,  0.39011383]), array([ 0.25116512, -5.95568537,  0.36475999]), array([ 0.24327802, -5.91138194,  0.33916089]), array([ 0.23539093, -5.86707851,  0.31331654]), array([ 0.22750383, -5.82277508,  0.28722694]), array([ 0.21961674, -5.77847165,  0.2608921 ]), array([ 0.21172964, -5.73416823,  0.234312  ]), array([ 0.20384255, -5.6898648 ,  0.20748665]), array([ 0.19595545, -5.64556137,  0.18041605]), array([ 0.18806836, -5.60125794,  0.15310021]), array([ 0.18018126, -5.55695451,  0.12553911]), array([ 0.17229417, -5.51265109,  0.09773276]), array([ 0.16440707, -5.46834766,  0.06968116]), array([ 0.15651998, -5.42404423,  0.04138432]), array([ 0.14863288, -5.3797408 ,  0.033     ]), array([ 0.14114014, -5.33765254,  0.05416132]), array([ 0.1336474 , -5.29556429,  0.0750774 ]), array([ 0.12615466, -5.25347603,  0.09574822]), array([ 0.11866192, -5.21138777,  0.11617379]), array([ 0.11116918, -5.16929952,  0.13635412]), array([ 0.10367644, -5.12721126,  0.15628919]), array([ 0.0961837 , -5.085123  ,  0.17597901]), array([ 0.08869096, -5.04303475,  0.19542358]), array([ 0.08119822, -5.00094649,  0.21462291]), array([ 0.07370548, -4.95885824,  0.23357698]), array([ 0.06621274, -4.91676998,  0.2522858 ]), array([ 0.05872   , -4.87468172,  0.27074938]), array([ 0.05122726, -4.83259347,  0.2889677 ]), array([ 0.04373452, -4.79050521,  0.30694077]), array([ 0.03624178, -4.74841695,  0.3246686 ]), array([ 0.02874904, -4.7063287 ,  0.34215117]), array([ 0.0212563 , -4.66424044,  0.35938849]), array([ 0.01376356, -4.62215218,  0.37638056]), array([ 0.00627082, -4.58006393,  0.39312739]), array([-1.22191820e-03, -4.53797567e+00,  4.09628961e-01]), array([-0.00871466, -4.49588741,  0.42588528]), array([-0.0162074 , -4.45379916,  0.44189636]), array([-0.02370014, -4.4117109 ,  0.45766218]), array([-0.03119288, -4.36962264,  0.47318275]), array([-0.03868562, -4.32753439,  0.48845808]), array([-0.04617836, -4.28544613,  0.50348815]), array([-0.0536711 , -4.24335787,  0.51827297]), array([-0.06116384, -4.20126962,  0.53281255]), array([-0.06865658, -4.15918136,  0.54710687]), array([-0.07614932, -4.1170931 ,  0.56115594]), array([-0.08364206, -4.07500485,  0.57495976]), array([-0.0911348 , -4.03291659,  0.58851834]), array([-0.09862754, -3.99082833,  0.60183166]), array([-0.10612028, -3.94874008,  0.61489973]), array([-0.11361302, -3.90665182,  0.62772256]), array([-0.12110576, -3.86456356,  0.64030013]), array([-0.1285985 , -3.82247531,  0.65263245]), array([-0.13609124, -3.78038705,  0.66471953]), array([-0.14358398, -3.73829879,  0.67656135]), array([-0.15107672, -3.69621054,  0.68815792]), array([-0.15856946, -3.65412228,  0.69950925]), array([-0.1660622 , -3.61203402,  0.71061532]), array([-0.17355494, -3.56994577,  0.72147614]), array([-0.18104768, -3.52785751,  0.73209171]), array([-0.18854042, -3.48576925,  0.74246204]), array([-0.19603316, -3.443681  ,  0.75258711]), array([-0.2035259 , -3.40159274,  0.76246693]), array([-0.21101864, -3.35950448,  0.77210151]), array([-0.21851138, -3.31741623,  0.78149083]), array([-0.22600412, -3.27532797,  0.7906349 ]), array([-0.23349686, -3.23323971,  0.79953373]), array([-0.2409896 , -3.19115146,  0.8081873 ]), array([-0.24848234, -3.1490632 ,  0.81659562]), array([-0.25597508, -3.10697494,  0.82475869]), array([-0.26346782, -3.06488669,  0.83267652]), array([-0.27096056, -3.02279843,  0.84034909]), array([-0.2784533 , -2.98071017,  0.84777641]), array([-0.28594604, -2.93862192,  0.85495849]), array([-0.29343878, -2.89653366,  0.86189531]), array([-0.30093152, -2.8544454 ,  0.86858688]), array([-0.30842426, -2.81235715,  0.87503321]), array([-0.315917  , -2.77026889,  0.88123428]), array([-0.32340974, -2.72818063,  0.8871901 ]), array([-0.33090248, -2.68609238,  0.89290068]), array([-0.33839522, -2.64400412,  0.898366  ]), array([-0.34588796, -2.60191586,  0.90358607]), array([-0.3533807 , -2.55982761,  0.90856089]), array([-0.36087344, -2.51773935,  0.91329047]), array([-0.36836618, -2.47565109,  0.91777479]), array([-0.37585892, -2.43356284,  0.92201386]), array([-0.38335166, -2.39147458,  0.92600769]), array([-0.3908444 , -2.34938632,  0.92975626]), array([-0.39833714, -2.30729807,  0.93325958]), array([-0.40582988, -2.26520981,  0.93651766]), array([-0.41332262, -2.22312155,  0.93953048]), array([-0.42081536, -2.1810333 ,  0.94229805]), array([-0.4283081 , -2.13894504,  0.94482037]), array([-0.43580084, -2.09685678,  0.94709745]), array([-0.44329358, -2.05476853,  0.94912927]), array([-0.45078632, -2.01268027,  0.95091584]), array([-0.45827906, -1.97059201,  0.95245717]), array([-0.4657718 , -1.92850376,  0.95375324]), array([-0.47326454, -1.8864155 ,  0.95480406]), array([-0.48075728, -1.84432724,  0.95560964]), array([-0.48825002, -1.80223899,  0.95616996]), array([-0.49574276, -1.76015073,  0.95648503]), array([-0.5032355 , -1.71806247,  0.95655486]), array([-0.51072824, -1.67597422,  0.95637943]), array([-0.51822098, -1.63388596,  0.95595875]), array([-0.52571372, -1.5917977 ,  0.95529282]), array([-0.53320646, -1.54970945,  0.95438165]), array([-0.5406992 , -1.50762119,  0.95322522]), array([-0.54819194, -1.46553293,  0.95182354]), array([-0.55568468, -1.42344468,  0.95017662]), array([-0.56317742, -1.38135642,  0.94828444]), array([-0.57067016, -1.33926817,  0.94614701]), array([-0.5781629 , -1.29717991,  0.94376434]), array([-0.58565564, -1.25509165,  0.94113641]), array([-0.59314839, -1.2130034 ,  0.93826323]), array([-0.60064113, -1.17091514,  0.93514481]), array([-0.60813387, -1.12882688,  0.93178113]), array([-0.61562661, -1.08673863,  0.9281722 ]), array([-0.62311935, -1.04465037,  0.92431802]), array([-0.63061209, -1.00256211,  0.9202186 ]), array([-0.63810483, -0.96047386,  0.91587392]), array([-0.64559757, -0.9183856 ,  0.91128399]), array([-0.65309031, -0.87629734,  0.90644882]), array([-0.66058305, -0.83420909,  0.90136839]), array([-0.66807579, -0.79212083,  0.89604271]), array([-0.67556853, -0.75003257,  0.89047179]), array([-0.68306127, -0.70794432,  0.88465561]), array([-0.69055401, -0.66585606,  0.87859418]), array([-0.69804675, -0.6237678 ,  0.8722875 ]), array([-0.70553949, -0.58167955,  0.86573558]), array([-0.71303223, -0.53959129,  0.8589384 ]), array([-0.72052497, -0.49750303,  0.85189597]), array([-0.72801771, -0.45541478,  0.8446083 ]), array([-0.73551045, -0.41332652,  0.83707537]), array([-0.74300319, -0.37123826,  0.82929719]), array([-0.75049593, -0.32915001,  0.82127377]), array([-0.75798867, -0.28706175,  0.81300509]), array([-0.76548141, -0.24497349,  0.80449116]), array([-0.77297415, -0.20288524,  0.79573199]), array([-0.78046689, -0.16079698,  0.78672756]), array([-0.78795963, -0.11870872,  0.77747788]), array([-0.79545237, -0.07662047,  0.76798295]), array([-0.80294511, -0.03453221,  0.75824278]), array([-0.81043785,  0.00755605,  0.74825735]), array([-0.81793059,  0.0496443 ,  0.73802667]), array([-0.82542333,  0.09173256,  0.72755075]), array([-0.83291607,  0.13382082,  0.71682957]), array([-0.84040881,  0.17590907,  0.70586314]), array([-0.84790155,  0.21799733,  0.69465147]), array([-0.85539429,  0.26008559,  0.68319454]), array([-0.86288703,  0.30217384,  0.67149236]), array([-0.87037977,  0.3442621 ,  0.65954493]), array([-0.87787251,  0.38635036,  0.64735226]), array([-0.88536525,  0.42843861,  0.63491433]), array([-0.89285799,  0.47052687,  0.62223115]), array([-0.90784347,  0.55470338,  0.59612905]), array([-0.91533621,  0.59679164,  0.58271012]), array([-0.92282895,  0.6388799 ,  0.56904595]), array([-0.93032169,  0.68096815,  0.55513652]), array([-0.93781443,  0.72305641,  0.54098184]), array([-0.94530717,  0.76514467,  0.52658192]), array([-0.95279991,  0.80723292,  0.51193674]), array([-0.96029265,  0.84932118,  0.49704631]), array([-0.96778539,  0.89140944,  0.48191063]), array([-0.97527813,  0.93349769,  0.46652971]), array([-0.98277087,  0.97558595,  0.45090353]), array([-0.99026361,  1.01767421,  0.4350321 ]), array([-0.99775635,  1.05976246,  0.41891543]), array([-1.00524909,  1.10185072,  0.4025535 ]), array([-1.01274183,  1.14393898,  0.38594632]), array([-1.02023457,  1.18602723,  0.3690939 ]), array([-1.02772731,  1.22811549,  0.35199622]), array([-1.03522005,  1.27020375,  0.33465329]), array([-1.04271279,  1.312292  ,  0.31706512]), array([-1.05020553,  1.35438026,  0.29923169]), array([-1.05769827,  1.39646852,  0.28115301]), array([-1.06519101,  1.43855677,  0.26282908]), array([-1.07268375,  1.48064503,  0.24425991]), array([-1.08017649,  1.52273329,  0.22544548]), array([-1.08766923,  1.56482154,  0.2063858 ]), array([-1.09516197,  1.6069098 ,  0.18708088]), array([-1.10265471,  1.64899806,  0.1675307 ]), array([-1.11014745,  1.69108631,  0.14773527]), array([-1.11764019,  1.73317457,  0.1276946 ]), array([-1.12513293,  1.77526283,  0.10740867]), array([-1.13262567,  1.81735108,  0.08687749]), array([-1.14011841,  1.85943934,  0.06610106]), array([-1.14761115,  1.9015276 ,  0.04507939]), array([-1.15510389,  1.94361585,  0.033     ]), array([-1.16222199,  1.9835997 ,  0.04870495]), array([-1.1693401 ,  2.02358354,  0.06416464]), array([-1.1764582 ,  2.06356738,  0.07937909]), array([-1.1835763 ,  2.10355123,  0.09434828]), array([-1.19069441,  2.14353507,  0.10907223]), array([-1.19781251,  2.18351891,  0.12355092])], 'distances_history': [7.670820388101245, 7.624705055971508, 7.577944967724985, 7.528885081510801, 7.479425708010705, 7.427844543340805, 7.376009537752223, 7.323704204616761, 7.271414117842811, 7.218169596626925, 7.1658426452643065, 7.112673077958069, 7.06042864585239, 7.009011385936369, 6.956904487126093, 6.904014452749493, 6.852076188565357, 6.799422488732339, 6.747718383923357, 6.697140940449879, 6.645768864013486, 6.595466986797462, 6.544392135264659, 6.49440204924018, 6.443668324289822, 6.392481095736954, 6.342107194384355, 6.291353003482482, 6.241409212931544, 6.192653654886689, 6.143202446025016, 6.0948996739397865, 6.045922251982657, 5.996581134544267, 5.948085276835053, 5.899297213810108, 5.851359423188696, 5.803155907144078, 5.755801161240833, 5.709710660302605, 5.662970989758435, 5.617085318408153, 5.570843514943335, 5.525632160068317, 5.4800751350884775, 5.435572745690846, 5.390741934433644, 5.346989690219941, 5.302927837488996, 5.259968446822556, 5.216723957302608, 5.173154459095656, 5.13079148847098, 5.088143340431245, 5.046729557941625, 5.005049650934945, 4.964630549283399, 4.923972254673704, 4.881131734501353, 4.835251711066946, 4.790089699853298, 4.744595147859606, 4.69981347783381, 4.6546892899577115, 4.610276400271661, 4.5655092193946585, 4.521453549565007, 4.477030035087348, 4.433319963160552, 4.3892268243102635, 4.3458507112706375, 4.302074748757812, 4.25902098289753, 4.2155491003492624, 4.17280572995288, 4.129619743205918, 4.087111488259825, 4.043802756799012, 4.0014227543378365, 3.9584785102136744, 3.9149545719841554, 3.8723280799399156, 3.829154483727289, 3.7868649396533947, 3.744098018960345, 3.7023335662815113, 3.6598641755902035, 3.6182615174909785, 3.5774934758349053, 3.5361396044230684, 3.4955558445540658, 3.454463098913109, 3.412642112541465, 3.371650677360168, 3.3299670249188265, 3.2889712479345325, 3.2488898314351973, 3.209742294502617, 3.1699561209754594, 3.1310132045973353, 3.091410811129971, 3.0511903079334806, 3.011633133285338, 2.9717184032238912, 2.9326241061621756, 2.8929537055709678, 2.854182307175064, 2.8161682778559545, 2.7793211293496687, 2.7417372015249355, 2.7034044065309355, 2.666019183663078, 2.628041099702924, 2.5890781554191893, 2.5496803511103923, 2.5106962763641305, 2.4727610194006475, 2.4347476938167594, 2.3969381077983924, 2.3590416967740566, 2.3212330964975085, 2.282521319041547, 2.2430475290450085, 2.202934127614298, 2.1622868848327768, 2.121197093679865, 2.0797435668336783, 2.0379944124046427, 1.9960085778876777, 1.9538371755202082, 1.911524611822797, 1.869109546698688, 1.8266257067487301, 1.7841025752905042, 1.7415659789086995, 1.6990385876830956, 1.6565403437637043, 1.6140888307801866, 1.5716995947071755, 1.5293864252486555, 1.487161605529335, 1.4450361368620934, 1.403019944573269, 1.36112207029224, 1.319350855735857, 1.2777141228374957, 1.2362193550903204, 1.1948738852117449, 1.1536850947223054, 1.112660631816661, 1.07180865506053, 1.0311381120805923, 0.9906590646745175, 0.9503830748664697, 0.9103236706669877, 0.8704969160835705, 0.8309221178590093, 0.7916227123179527, 0.7526273907409518, 0.7139715424745404, 0.6756991237288718, 0.6378650996118121, 0.6005386609577867, 0.5638074896332873, 0.5277834383277185, 0.4926100990752262, 0.4584728366351459, 0.42561189216619993, 0.3943389559807299, 0.36505681082469477, 0.33827959446293554, 0.3146469647305507, 0.2949184284343661, 0.27992664490286423, 0.2704699371097579, 0.2671496739949424, 0.2702639978387501, 0.27976089358574274, 0.2952061680596407, 0.31591117572659894, 0.34109361193921406, 0.3700010883705553, 0.40197600172377435, 0.4364743407973127, 0.47305910642465493, 0.5113838087147297, 0.5511744408846733, 0.5922134671453747, 0.6343268109681738, 0.6773737317595432, 0.7212391139252309, 0.7658276458824917, 0.8110594341957571, 0.8568666916770122, 0.9031912249521303, 0.9499825172846542, 0.9971962561689318, 1.0446740328973159, 1.140322429596323, 1.188338766562921, 1.2365835903048739, 1.2850604660685985, 1.3337671902120718, 1.3826972518194625, 1.4318410504053505, 1.4811868691047199, 1.5307216320302233, 1.5804314828248969, 1.630302220412389, 1.680319623265087, 1.7304696878998087, 1.7807388019826653, 1.8311138678400585, 1.88158238843393, 1.9321325249107344, 1.982753132560744, 2.033433780301513, 2.0841647575103797, 2.134937071076565, 2.1857424348429033, 2.236573253096376, 2.287422599395811, 2.338284191756311, 2.389152365014644, 2.4400220410566673, 2.4908886974811653, 2.541748335193029, 2.5925974453543215, 2.643432976068827, 2.694252299130344, 2.745053177124682, 2.7926539130562773, 2.828707283490879, 2.865000271109823, 2.9015143045237277, 2.9382319189640844, 2.97513668458422], 'normal_align_history': [0.7276338549095835, 0.723789301409976, 0.7290485316781197, 0.7415266756323352, 0.749079105415459, 0.7502458785538665, 0.7549428187800474, 0.7607761535956228, 0.7653779588471848, 0.7750594784663695, 0.7790317823344088, 0.7878209587845291, 0.7911516655149122, 0.8015827675622373, 0.8042167823635973, 0.8113223470601391, 0.8134352229697864, 0.8198545697425907, 0.8214862253962134, 0.8186020912234394, 0.8201623621953653, 0.8172265434841983, 0.8187566171130796, 0.8157768189282439, 0.8172775625992863, 0.8116972646008286, 0.8133020923092802, 0.8077333193927227, 0.8094268131499884, 0.8065186093574349, 0.8081818086666821, 0.8052642203190072, 0.8069416899342612, 0.8014081169192707, 0.8032589673483785, 0.7978232793698058, 0.7998209751543127, 0.7945016327612291, 0.7966644221297123, 0.7941117603845795, 0.7962421297820161, 0.7937660721296221, 0.7957272772143362, 0.7934042070474732, 0.7955291171707568, 0.7933694691923934, 0.7956653758606305, 0.7936741930300302, 0.7961455407687285, 0.7943248714130717, 0.7969671779285098, 0.7928686013933095, 0.7958503233255001, 0.7920630742999182, 0.7953221036162762, 0.7918444258701585, 0.7953714750609505, 0.792207519092351, 0.7960663880196611, 0.7930146669180206, 0.7972560217111256, 0.7944132760905522, 0.7988204000155923, 0.7961768888904336, 0.8007354493390746, 0.7982804770877728, 0.802975667686157, 0.8006980164121611, 0.8055147147781181, 0.8034027821265527, 0.8083256347855899, 0.8063675651013227, 0.8113810684565219, 0.8095648432490034, 0.8146529487995627, 0.81296062558229, 0.8180392633759973, 0.8169157735290216, 0.8218224572390675, 0.8208775231273102, 0.8245602568087239, 0.823850902858252, 0.8277750894469801, 0.8272883704066168, 0.8314886312867544, 0.841362378706777, 0.8455036324634596, 0.8547613975426456, 0.8595020776613013, 0.8681458278163916, 0.8723940083926303, 0.870924014899781, 0.8744022552824681, 0.8730435613662557, 0.8766597243890046, 0.8760240068861718, 0.8801137539762255, 0.8893553726768303, 0.8930080225431251, 0.901356383554525, 0.9044614066813502, 0.9118127056454258, 0.9144923784612724, 0.9132021831499145, 0.9157930983830322, 0.9141699937293314, 0.9168350707080817, 0.9151057031565399, 0.9173393035122984, 0.9232294377870386, 0.9253030426485597, 0.9305348154697991, 0.9381199140145988, 0.942323537960652, 0.9434480113536698, 0.9431369736572294, 0.9441236787628616, 0.944691993978309, 0.9443571746011784, 0.9437047218543633, 0.9442654834564186, 0.943935217391, 0.943210922027906, 0.9423443951109817, 0.9414615484606792, 0.9406219707138587, 0.9398498107172817, 0.9391502447427975, 0.9385184432107755, 0.9379445320460469, 0.937416369914829, 0.9369211126965944, 0.9364460932544635, 0.9359793085667508, 0.9355096784758077, 0.935027169998821, 0.9345228418519927, 0.9339888415190989, 0.9334183742973132, 0.9328056561666899, 0.9321458577875676, 0.9314350441638569, 0.9306701127989748, 0.9298487320984866, 0.9289692810941083, 0.928030791130574, 0.9270328898800827, 0.9259757478726456, 0.9248600276192563, 0.9236868353355708, 0.9224576752319708, 0.9211744063116719, 0.919839201605552, 0.9184545097663279, 0.9170230189427876, 0.9155476228551658, 0.9140313889942399, 0.9124775288686163, 0.9108893702265067, 0.9092703311798929, 0.9076238961602018, 0.9059535936355086, 0.9042629755198672, 0.9025555982057375, 0.9008350051507228, 0.899104710950031, 0.8973681868263311, 0.8956288474690325, 0.8938900391555819, 0.8921550290881186, 0.890426995879835, 0.8887090211266594, 0.8870040820013672, 0.8853150448089794, 0.8836446594442586, 0.8819955546942541, 0.8805658449259053, 0.8793941046933769, 0.87850120849579, 0.8778941891081135, 0.8775694181130101, 0.8775152240533323, 0.8777140340179449, 0.8781441099794021, 0.8787809425706958, 0.8795983582234934, 0.8805693892187262, 0.8816669498720865, 0.8828643558742447, 0.8841357179224327, 0.8854562353900287, 0.8868024109946177, 0.888152203289373, 0.8894851303127475, 0.8907823348479228, 0.892026619406147, 0.8932024571875312, 0.8942653046533652, 0.8992000102616977, 0.9027242546116353, 0.9058855538585936, 0.9087316151356708, 0.9112954486872515, 0.9136000422366344, 0.9156616186599449, 0.917491915531654, 0.9190997814216784, 0.9204922905715408, 0.9216755157917125, 0.9226550577142195, 0.9234363999192332, 0.9240251395527106, 0.9244271290561914, 0.924648554699393, 0.9246959705105989, 0.9245763011013097, 0.9242968232011891, 0.9238651330521046, 0.9232891048699564, 0.9225768441666372, 0.9217366386864794, 0.9207769089475764, 0.9197061598134365, 0.9185329341004794, 0.9172657689129788, 0.9159131551610592, 0.9144835005389408, 0.9129850961051091, 0.9114260865027821, 0.9098144437802074, 0.9081579447102793, 0.9064641514635566, 0.9047403954548803, 0.9029937641591613, 0.901231090674737, 0.8994589458016515, 0.8976836323962234], 'ball_near_history': [False, False, False, False, False, False, False, False, False, False, False, False, False, False, False, False, False, False, False, False, False, False, False, False, False, False, False, False, False, False, False, False, False, False, False, False, False, False, False, False, False, False, False, False, False, False, False, False, False, False, False, False, False, False, False, False, False, False, False, False, False, False, False, False, False, False, False, False, False, False, False, False, False, False, False, False, False, False, False, False, False, False, False, False, False, False, False, False, False, False, False, False, False, False, False, False, False, False, False, False, False, False, False, False, False, False, False, False, False, False, False, False, False, False, False, False, False, False, False, False, False, False, False, False, False, False, False, False, False, False, False, False, False, False, False, False, False, False, False, False, False, False, False, False, False, False, False, False, False, False, False, False, False, False, False, False, False, False, False, False, False, False, False, False, False, False, False, False, False, False, False, False, False, False, False, False, False, False, False, False, False, False, False, False, False, False, False, False, False, False, False, False, False, False, False, False, False, False, False, False, False, False, False, False, False, False, False, False, False, False, False, False, False, False, False, False, False, False, False, False, False, False, False, False, False, False, False, False, False, False, False, False, False, False, False, False, False], 'tube_ready_history': [False, False, False, False, False, False, False, False, False, False, False, False, False, False, False, False, False, False, False, False, False, False, False, False, False, False, False, False, False, False, False, False, False, False, False, False, False, False, False, False, False, False, False, False, False, False, False, False, False, False, False, False, False, False, False, False, False, False, False, False, False, False, False, False, False, False, False, False, False, False, False, False, False, False, False, False, False, False, False, False, False, False, False, False, False, False, False, False, False, False, False, False, False, False, False, False, False, False, False, False, False, False, False, False, False, False, False, False, False, False, False, False, False, False, False, False, False, False, False, False, False, False, False, False, False, False, False, False, False, False, False, False, False, False, False, False, False, False, False, False, False, False, False, False, False, False, False, False, False, False, False, False, False, False, False, False, False, False, False, False, False, False, False, False, False, False, False, False, False, False, False, False, False, False, False, False, False, False, False, False, False, False, False, False, False, False, False, False, False, False, False, False, False, False, False, False, False, False, False, False, False, False, False, False, False, False, False, False, False, False, False, False, False, False, False, False, False, False, False, False, False, False, False, False, False, False, False, False, False, False, False, False, False, False, False, False, False], 'pos_error_history': [0.00911296774967558, 0.008291230201395886, 0.009226484865880331, 0.011062645887850508, 0.016116100455261625, 0.021975799623347215, 0.028803851493130236, 0.03576746964405929, 0.044141467182583514, 0.05125093176714792, 0.05958297009253649, 0.06664924599593824, 0.07352856261646479, 0.0804534330274745, 0.08852937981598452, 0.09534206238881034, 0.10322774359279836, 0.10986293745716297, 0.11597905703742875, 0.12231921925876893, 0.12822496993801655, 0.13435289661857167, 0.14003324312835244, 0.1459262232835917, 0.1526703276370556, 0.1583486367335382, 0.16481446840457303, 0.17022548543067612, 0.17507817755640942, 0.18015999734647933, 0.18473789425449771, 0.18954432336767948, 0.19517617297960133, 0.19974211127228073, 0.2050831232134545, 0.20936125185660992, 0.21441039395492714, 0.2184061981019233, 0.2217991564161832, 0.22552331989806418, 0.22827546733966547, 0.2319446062592425, 0.23435211403295025, 0.2376944945207036, 0.2397714816243368, 0.24279793611608588, 0.24455626784680673, 0.2472799003052656, 0.24873348654264857, 0.25116509410404053, 0.2537789904995751, 0.25592934280571356, 0.25828404726985477, 0.2601542727145779, 0.2622699352604304, 0.2638826718419913, 0.26577705385254, 0.26710238488081267, 0.26917185363136253, 0.2702014682663452, 0.2721803855474185, 0.27311180207431546, 0.27501707856169727, 0.27586514184957617, 0.2777126284167511, 0.27849290397515963, 0.28029887306323037, 0.2810276371392815, 0.2828086613971794, 0.28350277182219824, 0.2852755941574061, 0.2859523577668295, 0.2877337729720317, 0.2884109775302502, 0.2902197240515443, 0.29093829304608365, 0.2922048890326962, 0.2929670972433201, 0.29423520341076514, 0.29671613996321317, 0.29802367028773463, 0.3005147748222125, 0.30186256355370844, 0.3043787856378029, 0.3064368055525318, 0.3091689538538262, 0.31135714319585517, 0.31248497009374915, 0.3148148831356082, 0.3161243325138016, 0.3185852206643187, 0.3217013253306159, 0.3243026619542111, 0.32753062301118024, 0.32968077708372195, 0.33122048577954216, 0.33184322818114315, 0.3337386396165715, 0.33465763740436627, 0.33685592578281004, 0.3397620557045637, 0.3422380755137417, 0.3454529671935957, 0.3480778306392476, 0.35202901846297363, 0.35497629853799556, 0.3575583724731905, 0.3592752103310768, 0.3622641310444701, 0.3662223927418343, 0.369295260875199, 0.3734751517608289, 0.3792097562404188, 0.3858544800629685, 0.39231901964592825, 0.39843315032041926, 0.404324461217747, 0.4101821830498286, 0.4158019912143078, 0.4187777220338703, 0.42101021364844676, 0.42253765707565966, 0.4234070677391123, 0.42366897358317074, 0.4233742149510193, 0.42257210561874525, 0.4213094552219476, 0.4196301254430014, 0.4175749083412617, 0.4151815919505421, 0.41248512827601747, 0.40951785104485117, 0.406309711147928, 0.40288851076019755, 0.3992801253369091, 0.3955087077975269, 0.391596872351874, 0.38756585731456733, 0.3834356673556668, 0.37922519624295986, 0.37495233143349943, 0.37063404198964056, 0.3662864513050205, 0.36192489607758216, 0.3575639728906725, 0.3532175736786922, 0.3488989112721326, 0.3446205361448785, 0.3403943454276576, 0.3362315852066127, 0.33214284709482567, 0.3281380600456954, 0.3242264783679839, 0.32041666690010706, 0.3167164843023086, 0.31313306542578273, 0.3096728037135567, 0.30634133457483675, 0.30314352064875, 0.3000834398315413, 0.29716437688069464, 0.29438881932848093, 0.29175845833567565, 0.28927419499455376, 0.28693615245111054, 0.2847436940634997, 0.2826954476517891, 0.2807893357291505, 0.27902261144288326, 0.2773918998016088, 0.2758932436287366, 0.2745221535671645, 0.2732736613703039, 0.2721423756526903, 0.27112253924087215, 0.2702639978387501, 0.2695077701489247, 0.26881410309596515, 0.26815781198990296, 0.26752480473692364, 0.26690943141470946, 0.26631242830069235, 0.26573930187694095, 0.2651990452220064, 0.2647031091122537, 0.2642645702067333, 0.26389745285620536, 0.2636161715709949, 0.2634350692407701, 0.2633680325242814, 0.2634281708285169, 0.2636275492251755, 0.2639769686721792, 0.2644857891385241, 0.2651617927708324, 0.26601108518183597, 0.266983949075619, 0.2678726996190098, 0.26792508048781655, 0.26827681562156275, 0.26891332999462014, 0.26982296552047347, 0.2709950511310008, 0.27241883223108104, 0.2740829165319591, 0.2759750316065507, 0.2780819705064806, 0.28038964948917955, 0.2828832303098094, 0.28554727673095176, 0.2883659255603676, 0.2913230593281837, 0.29440247220083904, 0.2975880237861541, 0.30086377762445254, 0.3042141226863501, 0.3076238772912993, 0.31107837563844537, 0.31456353768125567, 0.3180659234361119, 0.3215727730354219, 0.3250720339514507, 0.32855237685482375, 0.3320032015531323, 0.33541463439727404, 0.3387775184595913, 0.34208339768869817, 0.34532449613888033, 0.34849369326269836, 0.3515844961478763, 0.3545910094763909, 0.3575079038865907, 0.36033038332911993, 0.3630541519248737, 0.3656753807582388, 0.3681906749713264, 0.37055559972806473], 'max_qdot_ratio': 0.9984461839454174, 'max_tcp_speed': 1.790772388252116, 'max_racket_face_speed': 2.8374929889207476, 'total_mpc_steps': 237, 'ball_was_hit': False, 'hit_step': -1, 'p_ee_at_hit': None, 'ball_pos_at_hit': None, 'v_ee_at_hit': None, 'active_contact': False, 'passive_contact': False}
2026-09-13 00:12:26,601 [INFO] __main__: 击打后继续仿真 20 步...
