__STEP_TIMING__: n=241 p50=0.38 p95=1.26 p99=1.89 max=2.84 n_over_period=0 period_ms=5.00 deciles=0.28,0.29,0.32,0.34,0.38,0.43,0.51,0.60,0.86,2.84

========================================
  RM-65 未命中（无物理接触，规划距离 0.3811m，球拍到达了规划点但球不在该位置）
  [V12 EpisodeRunner 管线架构]
  ablation: full
  击打目标位置: [-0.78  -0.512  0.83 ]
  末端实际位置: [-0.427 -0.637  0.904]
  规划跟踪误差: 0.3811 m
  速度误差: 1.9435 m/s
  MPC 总步数: 262
  --- Tube 专用指标 ---
  最小球拍-球距离: 0.3008 m
  ball_near 步数: 0 = 0.0 ms
  tube_ready 步数: 0 = 0.0 ms
  击打时间误差: 0.0 ms
  击打位置误差: 0.3811 m
  --- 计算性能 ---
  总墙钟时间: 1.12s (MPC=1.12s)
  --- 执行层约束 ---
  max_qdot=0.99x, max_tcp=1.8m/s, max_face=2.2m/s
  击球类型: 未触球
========================================

__RESULT__: pos_error=0.381133 vel_error=1.943489 min_dist=0.300813 ball_near_ms=0.0 tube_ready_ms=0.0 max_tcp=1.77 max_qdot=0.99 max_face=2.2 hit_type=miss hit_time_error_ms=0.0 hit_pos_error=0.381133 v_racket_at_hit=0.000
2026-09-13 00:12:20,291 [INFO] __main__: [ablation] mode=full
2026-09-13 00:12:20,297 [INFO] __main__: serve-box auto params: horizon=120, iter=10, first_plan_iters=30, total_horizon=250, replan_interval=20, near_plan_iters=5
2026-09-13 00:12:20,316 [INFO] __main__: 关节限位: 仿真默认(default.yaml), TCP=1.8 m/s, terminal_exempt=20
2026-09-13 00:12:20,316 [INFO] __main__: 球拍初始位置: [-0.24136342  0.63027058  1.45576659]
2026-09-13 00:12:20,317 [DEBUG] src.tennis.ball: serve_box bounce (attempt=1): p0_z=1.35, vz0=-2.5, spd=9.0, t1=0.321, t2=0.593, z_err=0.15
2026-09-13 00:12:20,324 [INFO] __main__: 击打步数: 181, 击打位置: [-0.77962682 -0.51245877  0.83029669]
2026-09-13 00:12:20,324 [INFO] __main__: 随挥方向: [ 0.277 -0.945  0.171], 随挥步数: 60
2026-09-13 00:12:20,335 [INFO] __main__: 候选窗口已构建: best_k=181, candidates=10
2026-09-13 00:12:20,336 [INFO] src.cpp.solver_cpp: iLQR C++ 加速模块已加载
2026-09-13 00:12:20,336 [INFO] __main__: 开始 V12 EpisodeRunner，总步数=310 (MPC=250, 随挥=60)，击打步数=181
2026-09-13 00:12:20,337 [INFO] src.ilqt.async_replanner: AsyncReplanner: 后台规划线程已启动
2026-09-13 00:12:20,360 [INFO] src.ilqt.async_replanner: AsyncReplanner: 规划环境已创建（独立 MjData）
2026-09-13 00:12:20,361 [INFO] src.ilqt.async_replanner: AsyncReplanner: 规划环境已创建（独立 MjData）
2026-09-13 00:12:20,396 [DEBUG] src.ilqt.tube_cost: [Softmin诊断] 候选权重TOP3: k=181:w=0.115, k=180:w=0.114, k=182:w=0.114
2026-09-13 00:12:21,308 [INFO] src.ilqt.mpc_controller: REPLAN step=0 k_hit=181 iters=30 horizon=120 t=948ms
2026-09-13 00:12:21,309 [INFO] src.ilqt.mpc_controller: MPCController.start 完成: k_hit=181, p_hit=[-0.78  -0.512  0.83 ], buffer=120
2026-09-13 00:12:21,313 [INFO] src.ilqt.components.predictive_safety: [SAFETY_FILTER] beta=0.2: tcp speed 1.94 > 1.80 m/s
2026-09-13 00:12:21,314 [INFO] src.ilqt.components.predictive_safety: [SAFETY_FILTER] beta=0.0: tcp speed 2.25 > 1.80 m/s
2026-09-13 00:12:21,315 [INFO] src.ilqt.components.predictive_safety: [SAFETY_FILTER] beta=0.8: tcp speed 1.81 > 1.80 m/s
2026-09-13 00:12:21,320 [INFO] src.ilqt.components.predictive_safety: [SAFETY_FILTER] beta=0.4: qdot entering overspeed, joint=5, |qdot|=4.78 > 3.93
2026-09-13 00:12:21,322 [DEBUG] src.ilqt.replan_core: FAR_JT step=0 k_hit=181 (JT gain=60, skip iLQR)
2026-09-13 00:12:21,322 [INFO] src.ilqt.async_replanner: ASYNC_PLAN done: step=0 k_hit=181 iters=0 horizon=0 t=12ms fast_lin=False ok=True
2026-09-13 00:12:21,333 [DEBUG] src.ilqt.replan_core: FAR_JT step=40 k_hit=141 (JT gain=60, skip iLQR)
2026-09-13 00:12:21,333 [INFO] src.ilqt.async_replanner: ASYNC_PLAN done: step=40 k_hit=141 iters=0 horizon=0 t=7ms fast_lin=False ok=True
2026-09-13 00:12:21,340 [DEBUG] src.ilqt.replan_core: FAR_JT step=60 k_hit=120 (JT gain=60, skip iLQR)
2026-09-13 00:12:21,340 [INFO] src.ilqt.async_replanner: ASYNC_PLAN done: step=60 k_hit=120 iters=0 horizon=0 t=6ms fast_lin=False ok=True
2026-09-13 00:12:21,349 [DEBUG] src.ilqt.replan_core: FAR_JT step=80 k_hit=101 (JT gain=60, skip iLQR)
2026-09-13 00:12:21,350 [INFO] src.ilqt.async_replanner: ASYNC_PLAN done: step=80 k_hit=101 iters=0 horizon=0 t=9ms fast_lin=False ok=True
2026-09-13 00:12:21,354 [INFO] src.ilqt.components.predictive_safety: [SAFETY_FILTER] beta=0.8: qdot entering overspeed, joint=5, |qdot|=4.03 > 3.93
2026-09-13 00:12:21,356 [INFO] src.ilqt.components.predictive_safety: [SAFETY_FILTER] beta=0.8: qdot entering overspeed, joint=2, |qdot|=3.99 > 3.93
2026-09-13 00:12:21,356 [DEBUG] src.ilqt.replan_core: FAR_JT step=100 k_hit=80 (JT gain=60, skip iLQR)
2026-09-13 00:12:21,356 [INFO] src.ilqt.async_replanner: ASYNC_PLAN done: step=100 k_hit=80 iters=0 horizon=0 t=6ms fast_lin=False ok=True
2026-09-13 00:12:21,356 [INFO] src.ilqt.components.predictive_safety: [SAFETY_FILTER] beta=0.2: qdot entering overspeed, joint=0, |qdot|=3.15 > 3.14
2026-09-13 00:12:21,357 [INFO] src.ilqt.components.predictive_safety: [SAFETY_FILTER] beta=0.0: qdot entering overspeed, joint=1, |qdot|=3.70 > 3.14
2026-09-13 00:12:21,358 [INFO] src.ilqt.components.predictive_safety: [SAFETY_FILTER] beta=0.2: qdot entering overspeed, joint=1, |qdot|=3.62 > 3.14
2026-09-13 00:12:21,358 [INFO] src.ilqt.components.predictive_safety: [SAFETY_FILTER] beta=0.2: qdot entering overspeed, joint=0, |qdot|=3.34 > 3.14
2026-09-13 00:12:21,364 [DEBUG] src.ilqt.replan_core: FAR_JT step=120 k_hit=61 (JT gain=60, skip iLQR)
2026-09-13 00:12:21,364 [INFO] src.ilqt.async_replanner: ASYNC_PLAN done: step=120 k_hit=61 iters=0 horizon=0 t=5ms fast_lin=False ok=True
2026-09-13 00:12:21,381 [DEBUG] src.ilqt.tube_cost: [Softmin诊断] 候选权重TOP3: k=47:w=0.115, k=46:w=0.114, k=48:w=0.114
2026-09-13 00:12:21,386 [INFO] src.ilqt.strategies.follow_through: 随挥触发: step=180, steps=60
2026-09-13 00:12:21,424 [INFO] src.ilqt.async_replanner: ASYNC_PLAN done: step=134 k_hit=47 iters=5 horizon=47 t=60ms fast_lin=True ok=True
2026-09-13 00:12:21,433 [INFO] src.ilqt.async_replanner: AsyncReplanner: 后台规划线程已停止
2026-09-13 00:12:21,433 [INFO] src.ilqt.episode_runner: EpisodeRunner 完成: total_steps=242 safe_steps=242 mpc_done=True
2026-09-13 00:12:21,433 [DEBUG] src.ilqt.episode_runner: EpisodeRunner metrics 详情: {'total_steps': 242, 'safe_steps': 242, 'mpc_done': True, 'X_history': [array([-1.5  ,  1.57 , -0.236,  0.404,  0.446,  2.45 ,  0.   ,  0.   ,
        0.   ,  0.   ,  0.   ,  0.   ]), array([ 0.30707864,  1.61304021, -0.4404656 , -0.12923397,  0.47251616,
        2.43931765,  0.56281891, -0.64912447,  0.56537754,  1.38167169,
       -0.47047404, -2.13646903]), array([ 0.31271663,  1.61362582, -0.43827141, -0.11751198,  0.46048292,
        2.43868308,  1.12759794,  0.11712228,  0.43883826,  2.34439848,
       -2.40664807, -0.12691407]), array([ 0.32024401,  1.6104066 , -0.43393615, -0.10893101,  0.45156189,
        2.44907286,  1.50547502, -0.64384308,  0.86705167,  1.71619282,
       -1.78420631,  2.07795472]), array([ 0.33033303,  1.6103538 , -0.43140459, -0.09438335,  0.44035025,
        2.44807869,  2.01780529, -0.01056018,  0.50631193,  2.90953353,
       -2.2423267 , -0.19883429]), array([ 0.34223968,  1.60664609, -0.42657938, -0.08213495,  0.43149466,
        2.43764081,  2.38132945, -0.74154258,  0.96504205,  2.44967976,
       -1.77111882, -2.08757484]), array([ 0.35435792,  1.60351037, -0.42232558, -0.0694802 ,  0.42234081,
        2.42960088,  2.4236483 , -0.62714412,  0.85076071,  2.53094975,
       -1.83076926, -1.6079863 ]), array([ 0.36612467,  1.60028183, -0.41826985, -0.0574789 ,  0.41336475,
        2.42195563,  2.35334833, -0.64570865,  0.81114575,  2.40025972,
       -1.79521308, -1.52905091]), array([ 0.37850145,  1.60019393, -0.41609981, -0.04098778,  0.40267823,
        2.40367728,  2.47535792, -0.01757904,  0.43400881,  3.29822434,
       -2.13730284, -3.65566914]), array([ 0.39030032,  1.59704626, -0.41225188, -0.02903514,  0.39455695,
        2.39503776,  2.35977311, -0.62953483,  0.76958522,  2.39052842,
       -1.62425655, -1.72790376]), array([ 0.40215644,  1.59701423, -0.41030191, -0.01291803,  0.3849568 ,
        2.37578774,  2.37122304, -0.00640581,  0.38999327,  3.22342163,
       -1.92003098, -3.85000353]), array([ 4.13366099e-01,  1.59318220e+00, -4.06231896e-01, -2.34660504e-03,
        3.78563032e-01,  2.36842637e+00,  2.24193271e+00, -7.66405346e-01,
        8.14003632e-01,  2.11428467e+00, -1.27875281e+00, -1.47227560e+00]), array([ 0.4246494 ,  1.59248835, -0.40406145,  0.01250352,  0.3706358 ,
        2.35038212,  2.25666016, -0.13877088,  0.4340898 ,  2.97002508,
       -1.58544677, -3.60884869]), array([ 0.43531205,  1.58800378, -0.39978251,  0.02180692,  0.36588585,
        2.34417932,  2.13252992, -0.89691411,  0.85578755,  1.86068045,
       -0.9499888 , -1.2405599 ]), array([ 0.44606569,  1.58667912, -0.39740501,  0.0354928 ,  0.35955216,
        2.32722869,  2.15072827, -0.26493236,  0.47549922,  2.73717489,
       -1.26673923, -3.3901257 ]), array([ 0.4562205 ,  1.5815749 , -0.39292609,  0.0436376 ,  0.35635862,
        2.32207504,  2.03096205, -1.02084245,  0.89578435,  1.62896099,
       -0.63870802, -1.03073029]), array([ 0.46648225,  1.57965119, -0.39035164,  0.05625736,  0.35153846,
        2.30611536,  2.05234968, -0.38474261,  0.51489119,  2.52395188,
       -0.96403139, -3.19193649]), array([ 0.47616282,  1.57396032, -0.38567928,  0.06334642,  0.34981538,
        2.30191101,  1.93611477, -1.13817321,  0.93447135,  1.41781192,
       -0.34461612, -0.84086984]), array([ 0.48596525,  1.57146934, -0.38291547,  0.07499274,  0.34642976,
        2.28684858,  1.96048474, -0.49819574,  0.55276143,  2.32926296,
       -0.67712445, -3.01248572]), array([ 0.49535163,  1.56743431, -0.3793625 ,  0.08453348,  0.34427662,
        2.26865895,  1.87727616, -0.80700737,  0.71059418,  1.90814921,
       -0.43062693, -3.6379257 ]), array([ 0.50481103,  1.56648695, -0.37774617,  0.09730342,  0.34053648,
        2.26074289,  1.89188026, -0.18947098,  0.3232653 ,  2.55398858,
       -0.74802868, -1.58321206]), array([ 0.51372278,  1.56179174, -0.3738947 ,  0.10571225,  0.33988684,
        2.24371264,  1.78235096, -0.9390425 ,  0.77029463,  1.68176562,
       -0.12992784, -3.40605016]), array([ 0.52272283,  1.56021   , -0.37199841,  0.11743132,  0.33760084,
        2.236896  ,  1.80000904, -0.31634798,  0.37925757,  2.3438141 ,
       -0.45719988, -1.36332958]), array([ 0.53119583,  1.55489377, -0.3678602 ,  0.12481543,  0.33835613,
        2.22091704,  1.69460066, -1.0632471 ,  0.82764179,  1.47682076,
        0.15105729, -3.19579121]), array([ 0.5397767 ,  1.55271281, -0.365692  ,  0.13558667,  0.33744016,
        2.21509761,  1.71617426, -0.43619143,  0.43364038,  2.15424786,
       -0.18319307, -1.16388514]), array([ 0.54831736,  1.54681463, -0.36124755,  0.15068422,  0.3395461 ,
        2.19888085,  1.70813222, -1.17963596,  0.8888913 ,  3.01950982,
        0.42118814, -3.24335347]), array([ 0.5563583 ,  1.5440109 , -0.35874119,  0.16015244,  0.34013725,
        2.19405998,  1.60818696, -0.56074485,  0.50127058,  1.89364417,
        0.1182289 , -0.96417309]), array([ 0.56447996,  1.53757468, -0.35403294,  0.17403972,  0.34350144,
        2.17880392,  1.62433164, -1.28724438,  0.94164986,  2.77745659,
        0.67283928, -3.0512132 ]), array([ 0.57210492,  1.53425972, -0.35133044,  0.18238201,  0.34533373,
        2.1748923 ,  1.52499301, -0.66299303,  0.54050069,  1.66845843,
        0.36645787, -0.78232254]), array([ 0.57984371,  1.52732099, -0.34636668,  0.19517675,  0.34985475,
        2.16050542,  1.54775774, -1.3877459 ,  0.99275296,  2.55894763,
        0.90420306, -2.87737701]), array([ 0.58708007,  1.52352608, -0.34347029,  0.20250434,  0.35284081,
        2.15741495,  1.44727185, -0.75898111,  0.57927813,  1.46551833,
        0.59721257, -0.6180925 ]), array([ 0.5944594 ,  1.51611727, -0.33825901,  0.21430996,  0.35843478,
        2.14381404,  1.47586534, -1.48176199,  1.04225415,  2.36112338,
        1.11879471, -2.72018363]), array([ 0.60132096,  1.51187509, -0.33517845,  0.22071943,  0.36249313,
        2.14146484,  1.37231202, -0.84843616,  0.61611351,  1.28189386,
        0.81166848, -0.46983905]), array([ 0.60785876,  1.503996  , -0.32980947,  0.22303354,  0.36907976,
        2.12975051,  1.30756098, -1.57581783,  1.07379539,  0.46282307,
        1.317327  , -2.3428673 ]), array([ 0.61450153,  1.49933662, -0.32649826,  0.22906361,  0.37400776,
        2.127972  ,  1.32855409, -0.93187648,  0.66224241,  1.20601347,
        0.98559948, -0.35570039]), array([ 0.62073767,  1.49104417, -0.3209056 ,  0.23095661,  0.38149852,
        2.11679996,  1.24722833, -1.65848973,  1.11853223,  0.37860012,
        1.49815261, -2.23440957]), array([ 0.62709067,  1.4859897 , -0.31738878,  0.23660027,  0.38731416,
        2.11553798,  1.27059822, -1.01089394,  0.70336363,  1.12873162,
        1.16312649, -0.25239436]), array([ 0.63303011,  1.47732489, -0.3116104 ,  0.23811663,  0.39563202,
        2.10485889,  1.18788841, -1.73296262,  1.15567609,  0.30327258,
        1.66357274, -2.13581771]), array([ 0.6391056 ,  1.47203589, -0.30817226,  0.24341513,  0.40205885,
        2.10407791,  1.2150983 , -1.05779964,  0.68762845,  1.059699  ,
        1.28536719, -0.15619759]), array([ 0.64513438,  1.47037094, -0.30725664,  0.25339531,  0.40578824,
        2.09229303,  1.20575547, -0.33299019,  0.18312339,  1.99603602,
        0.74587633, -2.35697587]), array([ 0.65061723,  1.46488365, -0.30402022,  0.25778812,  0.4121973 ,
        2.09209259,  1.09657046, -1.09745702,  0.64728331,  0.8785629 ,
        1.28181294, -0.04008844]), array([ 0.65634117,  1.46253599, -0.30244718,  0.26712341,  0.41709757,
        2.08081901,  1.14478909, -0.46953275,  0.31460926,  1.86705685,
        0.98005375, -2.2547153 ]), array([ 0.66155626,  1.45639103, -0.29856617,  0.27091886,  0.42458584,
        2.08110386,  1.04301673, -1.22899203,  0.77620145,  0.75909014,
        1.49765497,  0.05696948]), array([ 0.66699859,  1.45341535, -0.29636754,  0.27968209,  0.43052738,
        2.07029211,  1.08846643, -0.59513647,  0.43972589,  1.7526465 ,
        1.18830696, -2.16234965]), array([ 0.67195698,  1.44666439, -0.29189362,  0.28294496,  0.43902514,
        2.07101428,  0.99167804, -1.35019093,  0.89478365,  0.65257484,
        1.69955177,  0.14443343]), array([ 0.67713125,  1.44311145, -0.28911909,  0.29119672,  0.44593713,
        2.06061986,  1.03485384, -0.71058904,  0.55490556,  1.65035051,
        1.38239907, -2.07888336]), array([ 0.68184245,  1.43580357, -0.28410058,  0.29398703,  0.45537513,
        2.06173591,  0.94223936, -1.46157459,  1.00370351,  0.55806332,
        1.88759928,  0.22321075]), array([ 0.68676168,  1.43172143, -0.28079614,  0.30178408,  0.46318766,
        2.05171867,  0.98384587, -0.81642913,  0.66088639,  1.55940977,
        1.56250697, -2.00344861]), array([ 0.69123517,  1.42390316, -0.27527781,  0.30415836,  0.47349684,
        2.05318926,  0.89469832, -1.56365314,  1.10366617,  0.4748563 ,
        2.06183408,  0.2941178 ]), array([ 0.69591154,  1.41933754, -0.27148661,  0.31155354,  0.48214081,
        2.04351297,  0.93527506, -0.91312392,  0.75824144,  1.47903638,
        1.72879463, -1.93525775]), array([ 0.70014724,  1.41105562, -0.26551668,  0.31355737,  0.49325042,
        2.04530279,  0.8471385 , -1.65638521,  1.19398429,  0.40076564,
        2.22192253,  0.35796317]), array([ 0.70396571,  1.40596254, -0.26145545,  0.31225997,  0.50270137,
        2.03702662,  0.76369454, -1.01861581,  0.8122465 , -0.25948109,
        1.89018988, -1.65523249]), array([ 0.70805602,  1.39722581, -0.25495985,  0.31436459,  0.51451704,
        2.03900753,  0.81806263, -1.74734554,  1.29912043,  0.42092435,
        2.36313413,  0.39618093]), array([ 0.71168391,  1.39172929, -0.25048442,  0.31316332,  0.52464684,
        2.03091113,  0.72557689, -1.09930493,  0.89508598, -0.24025297,
        2.02595905, -1.61927852]), array([ 0.71558079,  1.38261523, -0.24361239,  0.31532458,  0.53712193,
        2.03307277,  0.77937726, -1.82281168,  1.37440604,  0.4322511 ,
        2.49501834,  0.43232738]), array([ 0.71902616,  1.37675399, -0.23875821,  0.31423028,  0.54786718,
        2.02514064,  0.68907399, -1.17224851,  0.97083617, -0.21885906,
        2.14905116, -1.58642728]), array([ 0.72274231,  1.36729786, -0.23153689,  0.31646043,  0.56093772,
        2.02746804,  0.74322977, -1.89122498,  1.44426408,  0.44602964,
        2.61410796,  0.46548004]), array([ 0.72601919,  1.36109552, -0.22630854,  0.31548924,  0.57225801,
        2.01968433,  0.6553761 , -1.24046808,  1.04567041, -0.19423937,
        2.26405753, -1.55674058]), array([ 0.72958032,  1.35120092, -0.21848254,  0.31782201,  0.58607297,
        2.02214837,  0.71222646, -1.97892011,  1.56520012,  0.4665547 ,
        2.76299096,  0.49280822]), array([ 0.7328596 ,  1.33746369, -0.20771232,  0.31633309,  0.60269043,
        2.01493452,  0.65585497, -2.74744616,  2.15404277, -0.2977832 ,
        3.32349376, -1.44277059]), array([ 0.73631251,  1.32729063, -0.19931745,  0.31886461,  0.61717695,
        2.01748136,  0.69058189, -2.03461081,  1.67897339,  0.50630331,
        2.89730267,  0.50936696]), array([ 0.73946601,  1.31364403, -0.18877453,  0.31754185,  0.63387787,
        2.01037801,  0.63070066, -2.72932126,  2.10858527, -0.2645521 ,
        3.34018359, -1.4206698 ]), array([ 0.74282982,  1.30356152, -0.18059864,  0.32025054,  0.64848386,
        2.01304079,  0.67276246, -2.01650134,  1.6351772 ,  0.54173883,
        2.92119944,  0.53255619]), array([ 0.74587606,  1.29000641, -0.17025917,  0.3191085 ,  0.66522094,
        2.00603674,  0.60924661, -2.71102176,  2.0678938 , -0.2284096 ,
        3.34741604, -1.4008092 ]), array([ 0.7491663 ,  1.28001496, -0.16228121,  0.32200583,  0.67991436,
        2.00880556,  0.65804899, -1.99829071,  1.59559213,  0.57946612,
        2.9386839 ,  0.5537645 ]), array([ 0.75212211,  1.26655218, -0.15212585,  0.32105642,  0.69665211,
        2.0018907 ,  0.59116083, -2.69255551,  2.03107285, -0.18988129,
        3.3475492 , -1.38297346]), array([ 0.75535477,  1.25665248, -0.14432579,  0.32415378,  0.71140313,
        2.0047565 ,  0.64653347, -1.97994103,  1.56001232,  0.61947264,
        2.95020506,  0.57316013]), array([ 0.75823769,  1.24328298, -0.13433626,  0.3234089 ,  0.72810866,
        1.99792155,  0.57658252, -2.67389993,  1.99790593, -0.1489757 ,
        3.34110569, -1.3669901 ]), array([ 0.76142937,  1.23347678, -0.12669701,  0.32671762,  0.74288812,
        2.00087616,  0.63833639, -1.96124015,  1.52784922,  0.66174285,
        2.9558922 ,  0.59092221]), array([ 0.76425647,  1.22021226, -0.11688058,  0.32618679,  0.75951447,
        1.99411421,  0.56542086, -2.65290279,  1.9632854 , -0.10616542,
        3.32526992, -1.35239037]), array([ 0.76741236,  1.21061989, -0.10965841,  0.32969371,  0.7741081 ,
        1.99716744,  0.63117806, -1.91847504,  1.44443422,  0.70138417,
        2.91872511,  0.61064749]), array([ 0.77011438,  1.20461225, -0.105183  ,  0.33026565,  0.78664549,
        1.99006427,  0.54040293, -1.20152702,  0.89508195,  0.11438739,
        2.50747865, -1.4206344 ]), array([ 0.77312736,  1.19514867, -0.09839169,  0.33380479,  0.80080327,
        1.99325944,  0.60259589, -1.89271635,  1.35826339,  0.70782745,
        2.83155621,  0.63903383]), array([ 0.77579038,  1.18888376, -0.09346893,  0.33459559,  0.81357227,
        1.98622356,  0.53260564, -1.25298277,  0.98455177,  0.15816084,
        2.55380016, -1.40717697]), array([ 0.77876128,  1.17918623, -0.08626404,  0.33830414,  0.82790576,
        1.98949204,  0.59417942, -1.93950598,  1.44097767,  0.74171051,
        2.86669707,  0.65369773]), array([ 0.78139901,  1.17270094, -0.0809359 ,  0.33932152,  0.84085117,
        1.98251821,  0.52754628, -1.2970571 ,  1.06562729,  0.20347489,
        2.58908259, -1.39476594]), array([ 0.78434732,  1.16279905, -0.07334519,  0.343213  ,  0.85531582,
        1.98585358,  0.58966162, -1.98037859,  1.51814276,  0.77829633,
        2.8929293 ,  0.66707385]), array([ 0.78698046,  1.15612204, -0.06763845,  0.34447094,  0.86839894,
        1.97893583,  0.52662778, -1.33540249,  1.14134879,  0.25158839,
        2.61662522, -1.38355036]), array([ 0.78992676,  1.14604298, -0.05968598,  0.34855914,  0.88295207,
        1.98233207,  0.58925992, -2.01581208,  1.59049272,  0.81763876,
        2.9106255 ,  0.67924687]), array([ 0.7925777 ,  1.13920036, -0.05362316,  0.35007232,  0.89613646,
        1.97546476,  0.53018781, -1.3685234 ,  1.21256399,  0.30263684,
        2.63687784, -1.37346108]), array([ 0.79555617,  1.12896722, -0.04532483,  0.35438324,  0.91074203,
        1.97891506,  0.59569447, -2.04662672,  1.65966555,  0.86218505,
        2.92111278,  0.69006072]), array([ 0.79909155,  1.12208657, -0.03878598,  0.36278893,  0.92386292,
        1.99180139,  0.70707624, -1.37613072,  1.30777044,  1.68113744,
        2.62417944,  2.57726595]), array([ 0.80226188,  1.11147233, -0.02949319,  0.36730235,  0.93877709,
        1.99446029,  0.63406662, -2.12284868,  1.85855828,  0.90268421,
        2.98283376,  0.53177912]), array([ 0.80588874,  1.09738494, -0.01748738,  0.37461826,  0.95507191,
        2.00701733,  0.72537162, -2.81747831,  2.40116112,  1.46318207,
        3.2589637 ,  2.51140878]), array([ 0.80930674,  1.08674749, -0.00771214,  0.3794624 ,  0.96993855,
        2.00894601,  0.68359994, -2.12749001,  1.9550489 ,  0.96882662,
        2.97332865,  0.38573595]), array([ 0.81307139,  1.07290046,  0.00404083,  0.38688759,  0.98596762,
        2.02086006,  0.75293021, -2.76940553,  2.35059452,  1.48503796,
        3.20581334,  2.38280842]), array([ 0.81663657,  1.06248341,  0.01359365,  0.39190489,  1.00070047,
        2.02216712,  0.71303466, -2.08340914,  1.91056288,  1.00345992,
        2.9465699 ,  0.26141194]), array([ 0.8205666 ,  1.04885279,  0.0251622 ,  0.3994712 ,  1.01646575,
        2.03348659,  0.7860058 , -2.72612374,  2.31371   ,  1.51326279,
        3.15305593,  2.26389512]), array([ 0.82429491,  1.03864287,  0.03453945,  0.40467789,  1.03105182,
        2.03422084,  0.74566256, -2.04198567,  1.87544995,  1.04133762,
        2.91721331,  0.14684945]), array([ 0.8275419 ,  1.02504716,  0.04583051,  0.40594781,  1.04669574,
        2.02520264,  0.64939805, -2.71914175,  2.2582118 ,  0.25398542,
        3.12878446, -1.80363922]), array([ 0.83130069,  1.01510164,  0.05485451,  0.41137429,  1.06107826,
        2.02622119,  0.75175763, -1.98910301,  1.80480022,  1.08529549,
        2.87650486,  0.20370899]), array([ 0.83571911,  1.00192256,  0.06633194,  0.42012027,  1.07635922,
        2.01680299,  0.88368424, -2.63581601,  2.29548658,  1.74919524,
        3.05619092, -1.88363906]), array([ 0.83965415,  0.99221389,  0.07508509,  0.42568047,  1.09053345,
        2.01811465,  0.78700931, -1.94173373,  1.7506293 ,  1.11204114,
        2.83484689,  0.26233186]), array([ 0.8442701 ,  0.9862941 ,  0.08146119,  0.43593445,  1.10337477,
        2.00867609,  0.92318999, -1.18395941,  1.27522009,  2.05079498,
        2.56826375, -1.88771167]), array([ 0.84821699,  0.97671364,  0.08994798,  0.4413723 ,  1.11704216,
        2.0103056 ,  0.78937631, -1.91609038,  1.69735917,  1.087571  ,
        2.73347884,  0.32590054]), array([ 0.85297102,  0.97063791,  0.09690969,  0.45168878,  1.12984093,
        2.00111404,  0.950806  , -1.21514772,  1.39234124,  2.06329579,
        2.55975368, -1.838312  ]), array([ 0.85705942,  0.96090835,  0.10592741,  0.45720021,  1.14339015,
        2.00296407,  0.81768081, -1.94591141,  1.80354517,  1.10228502,
        2.70984362,  0.37000736]), array([ 0.86094876,  0.9543989 ,  0.11289884,  0.46015249,  1.15607758,
        2.01498944,  0.777868  , -1.30188988,  1.39428542,  0.59045593,
        2.53748649,  2.40507294]), array([ 0.86569633,  0.94440987,  0.12297198,  0.46652586,  1.1694971 ,
        2.01609386,  0.94951354, -1.99780502,  2.01462812,  1.27467384,
        2.68390242,  0.22088425]), array([ 0.86996316,  0.93068079,  0.13553291,  0.46849641,  1.18368722,
        2.02771803,  0.85336574, -2.74581749,  2.51218497,  0.39410975,
        2.83802432,  2.32483371]), array([ 0.87525137,  0.92067353,  0.14633326,  0.4756369 ,  1.19703907,
        2.02814299,  1.05764361, -2.00145189,  2.16007011,  1.4280992 ,
        2.67037035,  0.08499234]), array([ 0.88008678,  0.90713555,  0.15896278,  0.47833192,  1.21084816,
        2.03914558,  0.96708148, -2.707596  ,  2.5259045 ,  0.53900398,
        2.7618184 ,  2.20051871]), array([ 0.88601321,  0.89730659,  0.16992806,  0.48621642,  1.22396611,
        2.03898758,  1.1852861 , -1.96579121,  2.19305535,  1.5768995 ,
        2.62358925, -0.03160087]), array([ 0.89156954,  0.8839528 ,  0.18299128,  0.4901494 ,  1.2375241 ,
        2.02898423,  1.11126567, -2.67075775,  2.61264458,  0.78659599,
        2.71159786, -2.00066977]), array([ 0.89777482,  0.87431723,  0.1940108 ,  0.49836295,  1.25044475,
        2.02915648,  1.24105508, -1.9271137 ,  2.20390361,  1.64271028,
        2.58413035,  0.03445038]), array([ 0.90487893,  0.8613823 ,  0.20770756,  0.50960605,  1.26366659,
        2.01894492,  1.42082308, -2.58698764,  2.73935165,  2.24862066,
        2.64436937, -2.04231142]), array([ 0.91155277,  0.85181718,  0.21918722,  0.51812609,  1.27656187,
        2.0194058 ,  1.33476717, -1.91302371,  2.29593347,  1.70400728,
        2.57905538,  0.09217539]), array([ 0.91921602,  0.83898912,  0.23324558,  0.52966282,  1.28954119,
        2.00948215,  1.53265102, -2.56561203,  2.81167179,  2.30734618,
        2.59586384, -1.98472932]), array([ 0.92641948,  0.82959704,  0.24492574,  0.53849781,  1.30221345,
        2.0102273 ,  1.4406918 , -1.87841504,  2.33603113,  1.76699683,
        2.53445181,  0.14902944]), array([ 0.93384772,  0.82363998,  0.25426826,  0.54532404,  1.31418916,
        2.0211712 ,  1.48564684, -1.19141334,  1.86850434,  1.36524749,
        2.3951426 ,  2.18877955]), array([ 0.94274953,  0.8140766 ,  0.26720887,  0.55561137,  1.32626824,
        2.02119662,  1.78036284, -1.91267479,  2.58812122,  2.05746584,
        2.4158145 ,  0.00508481]), array([ 0.95140168,  0.80059705,  0.28328852,  0.56196506,  1.33880412,
        2.01120294,  1.73042943, -2.69591015,  3.2159312 ,  1.27073748,
        2.50717742, -1.99873706]), array([ 0.9607252 ,  0.79035017,  0.29764092,  0.57211311,  1.35096057,
        1.99316414,  1.86470507, -2.04937625,  2.8704791 ,  2.02961057,
        2.43129042, -3.60775923]), array([ 0.969623  ,  0.77599673,  0.31536752,  0.57787038,  1.36370724,
        1.98619128,  1.77956013, -2.87068841,  3.54532005,  1.15145452,
        2.54933287, -1.39457288]), array([ 0.9805047 ,  0.76545728,  0.33162101,  0.58905288,  1.37623596,
        1.98921359,  2.17633912, -2.10788889,  3.25069866,  2.23649992,
        2.5057445 ,  0.60446217]), array([ 0.99302571,  0.7520742 ,  0.35068176,  0.60282403,  1.38866235,
        2.00000973,  2.50420241, -2.67661611,  3.8121506 ,  2.75422881,
        2.48527699,  2.15922809]), array([ 1.00580476,  0.73820796,  0.37021089,  0.61695963,  1.4009373 ,
        2.00826407,  2.55580934, -2.77324856,  3.90582433,  2.82711955,
        2.45498999,  1.65086753]), array([ 1.0180876 ,  0.72480399,  0.38869818,  0.63038002,  1.41268791,
        2.016277  ,  2.45656918, -2.68079343,  3.6974598 ,  2.68407948,
        2.35012361,  1.60258614]), array([ 1.03061634,  0.71081073,  0.40761462,  0.64301159,  1.42457847,
        2.02191153,  2.50574726, -2.79865323,  3.78328676,  2.52631376,
        2.37811169,  1.12690693]), array([ 1.04358541,  0.69631996,  0.42702158,  0.65617232,  1.43660109,
        2.02519494,  2.59381351, -2.89815354,  3.88139233,  2.63214646,
        2.40452422,  0.65668241]), array([ 1.05137553,  0.68702284,  0.43771275,  0.66289398,  1.44491829,
        2.03953655,  1.55802386, -1.85942283,  2.13823442,  1.34433174,
        1.66344018,  2.8683217 ]), array([ 1.05822188,  0.67838845,  0.44705565,  0.66907232,  1.45126377,
        2.04763806,  1.36927059, -1.72687962,  1.86858051,  1.23566764,
        1.2690951 ,  1.62030157]), array([ 1.06418315,  0.67034846,  0.45511809,  0.67481292,  1.45595439,
        2.05227976,  1.19225397, -1.60799686,  1.61248627,  1.14812024,
        0.93812467,  0.92833927]), array([ 1.06931739,  0.66284354,  0.46198777,  0.68021749,  1.45925598,
        2.05499517,  1.02684733, -1.50098375,  1.37393624,  1.08091313,
        0.66031653,  0.54308231]), array([ 1.07367951,  0.65582153,  0.46775994,  0.6853748 ,  1.46139095,
        2.05663104,  0.87242482, -1.40440326,  1.15443511,  1.03146238,
        0.42699524,  0.32717381]), array([ 1.07732046,  0.64923626,  0.47253055,  0.69035815,  1.46254538,
        2.05765563,  0.72819006, -1.31705325,  0.95412164,  0.99667023,
        0.2308847 ,  0.20491841]), array([ 1.0802871 ,  0.64304675,  0.47639252,  0.69522576,  1.46287499,
        2.05832853,  0.59332743, -1.23790176,  0.77239389,  0.97352131,
        0.0659237 ,  0.13457988]), array([ 1.08262244,  0.63721651,  0.47943385,  0.70002239,  1.4625104 ,
        2.05879418,  0.4670683 , -1.16604802,  0.60826525,  0.95932724,
       -0.07291882,  0.09312968]), array([ 1.08436602,  0.63171303,  0.48173669,  0.7047814 ,  1.46156134,
        2.05913342,  0.34871614, -1.10069706,  0.46056891,  0.95180018,
       -0.18981222,  0.06784835]), array([ 1.08555428,  0.62650732,  0.48337707,  0.70952663,  1.46012028,
        2.05939192,  0.23765184, -1.04114214,  0.32807566,  0.94904723,
       -0.28821105,  0.05169962]), array([ 1.08622093,  0.62157356,  0.48442488,  0.71427429,  1.45826538,
        2.05959583,  0.13333006, -0.98675182,  0.20956138,  0.94953173,
       -0.37097995,  0.04078196]), array([ 1.08639729,  0.61688876,  0.4849441 ,  0.71903441,  1.45606289,
        2.05976045,  0.03527192, -0.93696018,  0.10384507,  0.95202416,
       -0.44049824,  0.03292425]), array([ 1.08611257,  0.61243246,  0.48499315,  0.72381218,  1.45356916,
        2.05989501, -0.05694329, -0.89125897,  0.00980925,  0.95555292,
       -0.49874655,  0.02691168]), array([ 1.08539414,  0.6081865 ,  0.4846252 ,  0.72860897,  1.45083227,
        2.0600053 , -0.14368611, -0.84919127, -0.07359004,  0.95935952,
       -0.54737817,  0.02205886]), array([ 1.08426772,  0.60413477,  0.4838886 ,  0.73342327,  1.44789338,
        2.06009517, -0.22528423, -0.8103461 , -0.14731966,  0.96285974,
       -0.58777747,  0.01797426]), array([ 1.08275758,  0.60026301,  0.48282725,  0.73825133,  1.44478784,
        2.06016732, -0.30202883, -0.7743538 , -0.21226953,  0.9656108 ,
       -0.62110768,  0.01443005]), array([ 1.08088668,  0.5965586 ,  0.48148098,  0.74308775,  1.44154609,
        2.06022377, -0.37418005, -0.74088202, -0.26925512,  0.96728406,
       -0.64834998,  0.0112902 ]), array([ 1.07867682,  0.59301043,  0.47988587,  0.74792596,  1.43819442,
        2.06026613, -0.4419716 , -0.70963213, -0.31902122,  0.96764255,
       -0.67033527,  0.00847053]), array([ 1.07614875,  0.58960875,  0.47807464,  0.75275857,  1.43475557,
        2.06029571, -0.50561472, -0.68033604, -0.36224632,  0.96652263,
       -0.68777022,  0.00591655]), array([ 1.07332224,  0.58634499,  0.4760769 ,  0.75757767,  1.43124927,
        2.06031366, -0.56530146, -0.65275334, -0.39954744,  0.96381904,
       -0.70125851,  0.00359108]), array([ 1.07021620e+00,  5.83211644e-01,  4.73919477e-01,  7.62375031e-01,
        1.42769268e+00,  2.06032100e+00, -6.21207455e-01, -6.26668729e-01,
       -4.31484917e-01,  9.59472783e-01, -7.11318205e-01,  1.46727149e-03]), array([ 1.06684873e+00,  5.80202196e-01,  4.71626641e-01,  7.67142337e-01,
        1.42410070e+00,  2.06031862e+00, -6.73494306e-01, -6.01889628e-01,
       -4.58567140e-01,  9.53461296e-01, -7.18395945e-01, -4.75355424e-04]), array([ 1.06323717,  0.57731098,  0.46922037,  0.77187129,  1.42048631,
        2.06030736, -0.72231156, -0.5782441 , -0.48125507,  0.94579056,
       -0.72287866, -0.00225318]), array([ 1.05939818,  0.57453308,  0.46672053,  0.77655373,  1.41686079,
        2.06028796, -0.76779839, -0.55557889, -0.49996654,  0.93648868,
       -0.72510312, -0.00387984]), array([ 1.05534775,  0.57186429,  0.46414513,  0.78118174,  1.41323398,
        2.06026112, -0.81008509, -0.53375768, -0.51508023,  0.92560077,
       -0.72536384, -0.00536701]), array([ 1.05110128,  0.56930099,  0.46151043,  0.78574766,  1.40961438,
        2.0602275 , -0.84929423, -0.51265952, -0.52693943,  0.91318482,
       -0.72391957, -0.00672498]), array([ 1.04667357,  0.56684011,  0.45883116,  0.7902442 ,  1.40600938,
        2.06018768, -0.88554177, -0.49217731, -0.53585541,  0.89930838,
       -0.72099867, -0.00796288]), array([ 1.04207888,  0.56447903,  0.4561206 ,  0.79466443,  1.40242537,
        2.06014224, -0.91893794, -0.47221655, -0.54211057,  0.88404589,
       -0.71680356, -0.00908901]), array([ 1.03733094,  0.56221556,  0.4533908 ,  0.79900182,  1.39886779,
        2.06009168, -0.94958801, -0.4526941 , -0.54596127,  0.86747662,
       -0.71151438, -0.01011092]), array([ 1.03244298,  0.56004787,  0.4506526 ,  0.80325023,  1.39534133,
        2.06003651, -0.97759296, -0.43353714, -0.54764045,  0.84968294,
       -0.70529211, -0.01103558]), array([ 1.02742773,  0.55797446,  0.4479158 ,  0.80740398,  1.39184993,
        2.05997716, -1.00305005, -0.41468211, -0.54735997,  0.830749  ,
       -0.69828106, -0.01186944]), array([ 1.02229746,  0.55599409,  0.44518923,  0.81145777,  1.38839687,
        2.05991407, -1.02605331, -0.39607388, -0.54531269,  0.81075969,
       -0.69061105, -0.01261851]), array([ 1.01706399,  0.55410576,  0.44248086,  0.81540677,  1.38498488,
        2.05984762, -1.04669396, -0.37766489, -0.54167444,  0.78979979,
       -0.68239914, -0.01328841]), array([ 1.01173869,  0.55230869,  0.43979783,  0.81924654,  1.38161612,
        2.0597782 , -1.06506075, -0.35941446, -0.53660568,  0.76795333,
       -0.6737512 , -0.01388445]), array([ 1.00633249,  0.55060225,  0.43714657,  0.82297305,  1.37829231,
        2.05970614, -1.0812403 , -0.34128806, -0.53025306,  0.74530308,
       -0.6647631 , -0.0144116 ]), array([ 1.0008559 ,  0.54898597,  0.43453281,  0.82658271,  1.3750147 ,
        2.05963177, -1.09531729, -0.32325675, -0.5227508 ,  0.72193018,
       -0.6555218 , -0.01487458]), array([ 0.99531903,  0.54745949,  0.4319617 ,  0.83007227,  1.37178417,
        2.05955538, -1.10737474, -0.30529662, -0.51422192,  0.69791379,
       -0.64610625, -0.01527785]), array([ 0.98973156,  0.54602254,  0.42943781,  0.83343893,  1.36860122,
        2.05947725, -1.11749414, -0.28738825, -0.50477934,  0.67333094,
       -0.63658813, -0.01562566]), array([ 0.98410278,  0.54467496,  0.42696517,  0.83668021,  1.36546606,
        2.05939764, -1.12575559, -0.26951631, -0.49452686,  0.64825629,
       -0.62703254, -0.01592203]), array([ 0.97844159,  0.54341662,  0.42454737,  0.83979402,  1.36237857,
        2.05931679, -1.13223793, -0.25166912, -0.48356004,  0.62276205,
       -0.61749853, -0.01617079]), array([ 0.97275649,  0.54224743,  0.42218754,  0.84277861,  1.35933837,
        2.05923491, -1.13701881, -0.23383828, -0.47196696,  0.59691788,
       -0.60803956, -0.01637558]), array([ 0.96705562,  0.54116733,  0.41988839,  0.84563256,  1.35634485,
        2.05915221, -1.14017475, -0.21601832, -0.45982897,  0.57079083,
       -0.59870399, -0.01653985]), array([ 0.96134672,  0.5401763 ,  0.41765229,  0.84835479,  1.35339717,
        2.05906888, -1.14178119, -0.1982064 , -0.44722124,  0.54444533,
       -0.58953537, -0.01666691]), array([ 0.95563715,  0.53927429,  0.41548122,  0.85094451,  1.35049431,
        2.05898508, -1.14191248, -0.18040204, -0.43421334,  0.51794313,
       -0.58057278, -0.01675985]), array([ 0.94993394,  0.53846126,  0.41337687,  0.85340122,  1.34763506,
        2.05890097, -1.14064192, -0.16260682, -0.42086973,  0.49134333,
       -0.57185116, -0.01682165]), array([ 0.94424373,  0.53773714,  0.41134062,  0.85572474,  1.34481805,
        2.0588167 , -1.13804174, -0.1448242 , -0.40725019,  0.46470238,
       -0.56340151, -0.01685511]), array([ 0.93857282,  0.53710184,  0.40937357,  0.85791511,  1.34204179,
        2.05873238, -1.13418308, -0.12705929, -0.39341022,  0.4380741 ,
       -0.55525116, -0.01686287]), array([ 0.93292714,  0.53655525,  0.40747656,  0.85997265,  1.33930467,
        2.05864814, -1.12913593, -0.10931862, -0.37940135,  0.41150967,
       -0.54742398, -0.01684743]), array([ 0.92731229,  0.5360972 ,  0.4056502 ,  0.86189794,  1.33660497,
        2.05856409, -1.12296916, -0.09161002, -0.36527148,  0.38505773,
       -0.53994056, -0.01681115]), array([ 0.92173354,  0.53572749,  0.40389488,  0.86369176,  1.33394088,
        2.05848031, -1.11575041, -0.07394241, -0.35106514,  0.35876434,
       -0.53281842, -0.01675622]), array([ 0.91619581,  0.53544586,  0.40221076,  0.86535513,  1.33131052,
        2.05839688, -1.10754606, -0.05632568, -0.33682373,  0.33267304,
       -0.52607218, -0.01668471]), array([ 0.91070371,  0.535252  ,  0.40059783,  0.86688925,  1.32871195,
        2.05831389, -1.09842121, -0.03877053, -0.32258574,  0.30682493,
       -0.5197137 , -0.01659856]), array([ 0.90526151,  0.53514556,  0.3990559 ,  0.86829555,  1.32614319,
        2.05823139, -1.08843958, -0.02128838, -0.30838695,  0.28125866,
       -0.5137523 , -0.01649956]), array([ 0.89987319,  0.53512611,  0.39758459,  0.8695756 ,  1.32360221,
        2.05814945, -1.07766349, -0.00389121, -0.29426061,  0.2560105 ,
       -0.50819485, -0.01638939]), array([ 0.89454242,  0.53519315,  0.39618341,  0.87073117,  1.32108698,
        2.0580681 , -1.06615377,  0.01340852, -0.28023757,  0.23111436,
       -0.50304595, -0.01626958]), array([ 0.88927257,  0.53534614,  0.39485167,  0.87176418,  1.31859544,
        2.05798739, -1.05396976,  0.03059794, -0.26634648,  0.20660189,
       -0.49830809, -0.01614155]), array([ 0.88406673,  0.53558446,  0.3935886 ,  0.87267669,  1.31612553,
        2.05790736, -1.04116919,  0.04766394, -0.25261384,  0.1825025 ,
       -0.49398176, -0.01600663]), array([ 0.87892769,  0.53590742,  0.39239328,  0.87347091,  1.31367521,
        2.05782803, -1.0278082 ,  0.06459316, -0.2390642 ,  0.15884338,
       -0.49006559, -0.01586599]), array([ 0.87385798,  0.53631428,  0.39126468,  0.87414916,  1.31124242,
        2.05774942, -1.01394123,  0.08137212, -0.22572021,  0.13564961,
       -0.48655653, -0.01572074]), array([ 0.86885987,  0.53680422,  0.39020167,  0.87471388,  1.30882517,
        2.05767156, -0.99962103,  0.09798729, -0.21260274,  0.11294418,
       -0.4834499 , -0.01557187]), array([ 0.86393538,  0.53737635,  0.38920301,  0.87516762,  1.30642147,
        2.05759446, -0.98489859,  0.11442514, -0.19973097,  0.09074804,
       -0.48073961, -0.01542025]), array([ 0.85925427,  0.53793227,  0.38817285,  0.87482688,  1.3035555 ,
        2.05756101, -0.93622153,  0.11118396, -0.20603281, -0.06814869,
       -0.57319423, -0.00668978]), array([ 8.54826846e-01,  5.38466445e-01,  3.87112748e-01,  8.73697288e-01,
        1.30027799e+00,  2.05756925e+00, -8.85485380e-01,  1.06835783e-01,
       -2.12020309e-01, -2.25917733e-01, -6.55502064e-01,  1.64683544e-03]), array([ 0.85066037,  0.53897346,  0.3860237 ,  0.87179393,  1.29663909,
        2.05761683, -0.83329484,  0.10140283, -0.2178087 , -0.38067229,
       -0.72778089,  0.00951653]), array([ 0.84675953,  0.53944813,  0.38490632,  0.86913878,  1.29268741,
        2.05770116, -0.78016796,  0.09493429, -0.22347764, -0.53102972,
       -0.79033543,  0.01686646]), array([ 0.84312678,  0.53988563,  0.38376093,  0.86575874,  1.28846942,
        2.05781946, -0.72655067,  0.08749965, -0.22907791, -0.67600765,
       -0.84359738,  0.0236588 ]), array([ 0.83976264,  0.54028155,  0.38258774,  0.86168405,  1.28402902,
        2.05796879, -0.67282846,  0.07918323, -0.23463718, -0.81493852,
       -0.88808023,  0.02986708]), array([ 0.83666596,  0.54063194,  0.38138692,  0.85694705,  1.2794073 ,
        2.05814616, -0.61933585,  0.07007981, -0.24016488, -0.94739946,
       -0.92434564,  0.03547346]), array([ 0.83383414,  0.5409334 ,  0.38015863,  0.85158127,  1.2746424 ,
        2.05834849, -0.56636395,  0.06029116, -0.24565641, -1.07315536,
       -0.95297867,  0.04046679]), array([ 0.8312633 ,  0.54118302,  0.37890315,  0.84562071,  1.26976955,
        2.0585727 , -0.5141667 ,  0.04992321, -0.25109656, -1.19211279,
       -0.97457004,  0.04484122]), array([ 0.82894848,  0.54137844,  0.37762084,  0.83909929,  1.26482103,
        2.05881568, -0.46296583,  0.03908381, -0.25646252, -1.30428311,
       -0.98970354,  0.04859517]), array([ 0.8268837 ,  0.54151784,  0.37631221,  0.83205053,  1.2598263 ,
        2.05907433, -0.41295494,  0.02788088, -0.26172627, -1.40975315,
       -0.99894743,  0.05173056]), array([ 0.82506219,  0.54159994,  0.37497792,  0.82450722,  1.25481205,
        2.05934559, -0.36430285,  0.01642098, -0.2668566 , -1.50866218,
       -1.00284878,  0.05425232]), array([ 0.8234764 ,  0.54162399,  0.37361882,  0.8165013 ,  1.2498024 ,
        2.05962643, -0.31715631,  0.00480812, -0.27182082, -1.60118407,
       -1.00192997,  0.05616791]), array([ 0.82211819,  0.5415897 ,  0.37223589,  0.80806373,  1.24481897,
        2.05991386, -0.27164225, -0.00685717, -0.27658598, -1.68751364,
       -0.99668676,  0.05748708]), array([ 0.82097885,  0.54149731,  0.37083029,  0.79922445,  1.23988103,
        2.06020497, -0.22786961, -0.01847864, -0.28112002, -1.7678564 ,
       -0.98758745,  0.05822159]), array([ 0.82004919,  0.54134748,  0.36940333,  0.79001234,  1.23500567,
        2.0604969 , -0.18593097, -0.02996487, -0.28539252, -1.8424211 ,
       -0.97507283,  0.05838506]), array([ 0.81931967,  0.54114133,  0.36795645,  0.78045527,  1.23020789,
        2.06078686, -0.14590381, -0.0412298 , -0.28937533, -1.9114144 ,
       -0.95955659,  0.05799282]), array([ 0.81878041,  0.54088037,  0.36649124,  0.77058008,  1.22550075,
        2.06107217, -0.10785168, -0.05219304, -0.29304301, -1.9750373 ,
       -0.94142611,  0.0570618 ]), array([ 0.81842129,  0.54056647,  0.36500937,  0.76041267,  1.22089554,
        2.06135022, -0.07182518, -0.06278021, -0.29637313, -2.03348286,
       -0.9210434 ,  0.05561039]), array([ 0.81823197,  0.54020185,  0.36351264,  0.74997799,  1.21640181,
        2.06161851, -0.03786289, -0.0729231 , -0.29934646, -2.08693507,
       -0.89874612,  0.05365838]), array([ 0.81820201,  0.53978905,  0.3620029 ,  0.73930015,  1.21202756,
        2.06187465, -0.00599209, -0.08255981, -0.30194704, -2.13556831,
       -0.87484866,  0.05122687]), array([ 0.81832086,  0.53933088,  0.36048209,  0.72840241,  1.20777935,
        2.06211634,  0.02377044, -0.09163485, -0.30416219, -2.17954751,
       -0.84964319,  0.04833815]), array([ 0.81857795,  0.53883038,  0.35895218,  0.71730727,  1.20366234,
        2.06234142,  0.05141776, -0.10009912, -0.30598246, -2.21902868,
       -0.82340062,  0.04501559]), array([ 0.81896271,  0.53829083,  0.35741517,  0.70603647,  1.19968049,
        2.06254784,  0.07695212, -0.10790992, -0.30740152, -2.25415966,
       -0.79637157,  0.0412836 ]), array([ 0.81946464,  0.53771568,  0.35587309,  0.69461107,  1.19583655,
        2.06273367,  0.10038433, -0.1150309 , -0.30841606, -2.28508107,
       -0.76878724,  0.03716744]), array([ 0.8200733 ,  0.53710852,  0.35432796,  0.68305143,  1.19213225,
        2.06289714,  0.12173316, -0.12143192, -0.30902558, -2.31192736,
       -0.74086017,  0.03269317]), array([ 0.82077842,  0.53647307,  0.3527818 ,  0.67137729,  1.18856832,
        2.06303658,  0.14102473, -0.12708896, -0.30923225, -2.3348278 ,
       -0.71278502,  0.02788746]), array([ 0.82156988,  0.53581315,  0.3512366 ,  0.65960775,  1.18514463,
        2.06315046,  0.15829196, -0.13198395, -0.30904072, -2.35390753,
       -0.68473921,  0.02277752]), array([ 0.82243775,  0.53513263,  0.34969431,  0.64776131,  1.18186021,
        2.06323742,  0.17357397, -0.13610456, -0.30845793, -2.36928848,
       -0.65688357,  0.01739093]), array([ 0.82337233,  0.53443541,  0.34815684,  0.63585586,  1.1787134 ,
        2.0632962 ,  0.18691554, -0.13944404, -0.30749292, -2.38109026,
       -0.62936291,  0.01175547]), array([ 0.82436416,  0.53372541,  0.34662606,  0.62390871,  1.17570186,
        2.06332569,  0.1983665 , -0.14200098, -0.30615664, -2.38943085,
       -0.60230655,  0.00589904]), array([ 8.25404071e-01,  5.33006511e-01,  3.45103753e-01,  6.11936569e-01,
        1.17282272e+00,  2.06332494e+00,  2.07981251e-01, -1.43779032e-01,
       -3.04461765e-01, -2.39442730e+00, -5.75828914e-01, -1.50541372e-04]), array([ 0.82648316,  0.53228258,  0.34359164,  0.59995559,  1.17007257,
        2.06329311,  0.21581814, -0.14478669, -0.30242255, -2.39619621,
       -0.55002996, -0.00636568]), array([ 0.82759286,  0.53155739,  0.34209137,  0.58798132,  1.16744759,
        2.06322951,  0.22193898, -0.14503699, -0.30005464, -2.39485416,
       -0.52499576, -0.01271914]), array([ 0.8287249 ,  0.53083466,  0.34060449,  0.57602873,  1.1649436 ,
        2.06313359,  0.22640851, -0.14454725, -0.29737491, -2.39051799,
       -0.50079895, -0.01918417]), array([ 0.82987137,  0.53011796,  0.33913249,  0.5641122 ,  1.1625561 ,
        2.06300492,  0.22929386, -0.14333875, -0.29440135, -2.38330495,
       -0.47749929, -0.02573469]), array([ 0.83102469,  0.52941078,  0.33767672,  0.55224554,  1.16028038,
        2.06284319,  0.23066409, -0.14143644, -0.29115285, -2.37333284,
       -0.45514415, -0.03234538]), array([ 0.83217764,  0.52871644,  0.33623848,  0.54044194,  1.15811153,
        2.06264823,  0.23058965, -0.13886865, -0.28764918, -2.36071995,
       -0.43376908, -0.03899182]), array([ 0.83332335,  0.5280381 ,  0.33481892,  0.52871401,  1.15604454,
        2.06241998,  0.22914199, -0.13566675, -0.28391074, -2.34558498,
       -0.41339838, -0.0456506 ]), array([ 0.83445531,  0.52737878,  0.33341913,  0.51707378,  1.15407431,
        2.06215848,  0.22639306, -0.13186485, -0.27995852, -2.32804689,
       -0.39404561, -0.05229942]), array([ 0.83556739,  0.52674128,  0.33204006,  0.50553266,  1.15219574,
        2.0618639 ,  0.22241492, -0.12749949, -0.27581398, -2.30822466,
       -0.37571428, -0.05891719]), array([ 0.83665378,  0.52612823,  0.33068256,  0.49410147,  1.15040375,
        2.06153648,  0.21727931, -0.12260932, -0.27149889, -2.28623705,
       -0.35839838, -0.0654841 ]), array([ 0.83770907,  0.52554206,  0.32934739,  0.48279046,  1.14869333,
        2.06117657,  0.21105733, -0.11723482, -0.26703528, -2.26220226,
       -0.34208308, -0.07198167]), array([ 0.83872817,  0.52498497,  0.32803516,  0.47160927,  1.14705961,
        2.06078461,  0.20381905, -0.11141796, -0.26244532, -2.23623761,
       -0.32674534, -0.07839282]), array([ 0.83970633,  0.52445896,  0.32674641,  0.46056698,  1.14549783,
        2.0603611 ,  0.19563325, -0.10520193, -0.25775119, -2.20845917,
       -0.31235457, -0.08470189]), array([ 0.84063917,  0.52396581,  0.32548153,  0.44967207,  1.14400347,
        2.05990662,  0.18656708, -0.09863086, -0.25297506, -2.17898143,
       -0.29887333, -0.0908947 ]), array([ 0.8415226 ,  0.52350706,  0.32424084,  0.43893248,  1.14257218,
        2.05942183,  0.17668582, -0.09174951, -0.24813893, -2.14791691,
       -0.28625797, -0.09695849]), array([ 0.84235286,  0.52308404,  0.32302451,  0.4283556 ,  1.14119988,
        2.05890742,  0.16605269, -0.08460305, -0.24326459, -2.11537581,
       -0.27445932, -0.10288198]), array([ 0.8431265 ,  0.52269786,  0.32183265,  0.41794828,  1.13988276,
        2.05836414,  0.15472861, -0.07723677, -0.2383735 , -2.08146566,
       -0.26342338, -0.10865533]), array([ 0.84384036,  0.52234938,  0.32066521,  0.40771682,  1.13861731,
        2.05779279,  0.14277208, -0.06969585, -0.23348677, -2.04629099,
       -0.25309194, -0.1142701 ]), array([ 0.84449156,  0.52203926,  0.31952209,  0.39766706,  1.13740029,
        2.0571942 ,  0.13023898, -0.06202514, -0.22862502, -2.00995307,
       -0.24340328, -0.11971925]), array([ 0.84507747,  0.52176791,  0.31840304,  0.38780431,  1.13622882,
        2.05656921,  0.11718252, -0.05426893, -0.22380836, -1.97254956,
       -0.23429278, -0.12499703]), array([ 0.84559574,  0.52153556,  0.31730776,  0.37813344,  1.13510036,
        2.05591872,  0.10365315, -0.04647078, -0.21905629, -1.93417434,
       -0.22569354, -0.13009901]), array([ 0.84604423,  0.52134219,  0.31623583,  0.36865885,  1.13401267,
        2.05524361,  0.08969845, -0.03867329, -0.21438768, -1.89491723,
       -0.217537  , -0.13502194]), array([ 0.84642104,  0.5211876 ,  0.31518672,  0.35938453,  1.1329639 ,
        2.05454479,  0.07536318, -0.03091799, -0.20982066, -1.85486386,
       -0.20975345, -0.13976373]), array([ 0.84672449,  0.52107137,  0.31415986,  0.35031405,  1.13195254,
        2.05382317,  0.06068919, -0.02324512, -0.20537262, -1.8140955 ,
       -0.20227265, -0.14432338]), array([ 0.84695307,  0.52099291,  0.31315456,  0.34145061,  1.13097742,
        2.05307967,  0.04571548, -0.01569355, -0.20106013, -1.77268893,
       -0.1950243 , -0.14870085]), array([ 0.84710546,  0.5209514 ,  0.31217006,  0.33279703,  1.13003773,
        2.05231518,  0.03047823, -0.00830061, -0.19689891, -1.73071642,
       -0.18793851, -0.15289706]), array([ 8.47180513e-01,  5.20945894e-01,  3.11205544e-01,  3.24355798e-01,
        1.12913300e+00,  2.05153061e+00,  1.50108126e-02, -1.10199465e-03,
       -1.92903802e-01, -1.68824561e+00, -1.80946263e-01, -1.56913755e-01]), array([ 8.47177233e-01,  5.20975236e-01,  3.10260101e-01,  3.16129101e-01,
        1.12826310e+00,  2.05072685e+00, -6.56121372e-04,  5.86831742e-03,
       -1.89088720e-01, -1.64533956e+00, -1.73979835e-01, -1.60753435e-01]), array([ 0.84709476,  0.52103813,  0.30933277,  0.30811882,  1.12742823,
        2.04990475, -0.01649457,  0.01257817, -0.18546664, -1.60205671,
       -0.16697316, -0.16441929]), array([ 0.84690401,  0.52111448,  0.30833424,  0.30046969,  1.12623841,
        2.04907497, -0.0381505 ,  0.01527077, -0.19970541, -1.5298255 ,
       -0.23796495, -0.16595578])], 'U_history': [array([ 60.        , -60.        ,  -5.48616774,  10.        ,
       -10.        , -10.        ]), array([ 60.        ,  60.        ,   8.34732598,  10.        ,
       -10.        ,  10.        ]), array([ 60.        , -60.        ,  -4.05730403, -10.        ,
         0.08661112,  10.        ]), array([ 60.        ,  60.        ,   8.82201374,  10.        ,
         3.43749521, -10.        ]), array([ 60.        , -60.        ,  -4.14374078, -10.        ,
        -1.69678137, -10.        ]), array([12.        , 12.        ,  1.67612997,  2.        ,  0.72653273,
        2.        ]), array([ 0., -0., -0., -0., -0.,  0.]), array([ 16.14845505,  60.        ,   8.61228665,  10.        ,
         3.76368045, -10.        ]), array([  1.00650515, -48.        ,  -3.35356032,  -8.        ,
        -0.75789819,   8.        ]), array([  3.07406548,  60.        ,   8.68825606,  10.        ,
         4.16213499, -10.        ]), array([ -0.11557325, -60.        ,  -4.0505965 , -10.        ,
        -0.77807487,  10.        ]), array([  3.35054899,  60.        ,   8.75592064,  10.        ,
         4.19860869, -10.        ]), array([ -0.4923012 , -60.        ,  -3.92749599, -10.        ,
        -0.71466874,  10.        ]), array([  3.68470276,  60.        ,   8.81923553,  10.        ,
         4.22890337, -10.        ]), array([ -0.82657745, -60.        ,  -3.81012429, -10.        ,
        -0.65902979,  10.        ]), array([  4.0034359 ,  60.        ,   8.87777421,  10.        ,
         4.25995941, -10.        ]), array([ -1.12732497, -60.        ,  -3.69729314, -10.        ,
        -0.61016968,  10.        ]), array([  4.30134617,  60.        ,   8.93268786,  10.        ,
         4.29274385, -10.        ]), array([ -0.54953655, -24.        ,  -1.43460926,  -4.        ,
        -0.2281459 ,  -4.        ]), array([ 2.96517133, 60.        ,  8.90845597, 10.        ,  4.47362812,
       10.        ]), array([ -0.65829362, -60.        ,  -3.60971813, -10.        ,
        -0.64262354, -10.        ]), array([ 3.21669398, 60.        ,  8.90204316, 10.        ,  4.46316014,
       10.        ]), array([ -0.71695767, -60.        ,  -3.44843894, -10.        ,
        -0.58550724, -10.        ]), array([ 3.58457697, 60.        ,  8.92719817, 10.        ,  4.47362967,
       10.        ]), array([ -1.36012088, -60.        ,  -3.39128865,  10.        ,
        -0.54575107, -10.        ]), array([  1.2439578 ,  60.        ,   9.75254086, -10.        ,
         5.04848424,  10.        ]), array([  1.16944814, -60.        ,  -4.03823706,  10.        ,
        -1.02351027, -10.        ]), array([  1.19771749,  60.        ,   9.51607687, -10.        ,
         5.03026519,  10.        ]), array([  1.5371473 , -60.        ,  -3.68484593,  10.        ,
        -0.99133388, -10.        ]), array([  1.00293127,  60.        ,   9.32301848, -10.        ,
         5.04225367,  10.        ]), array([  1.83932859, -60.        ,  -3.36828372,  10.        ,
        -0.96331791, -10.        ]), array([  0.62931418,  60.        ,   9.11266037, -10.        ,
         5.05560563,  10.        ]), array([  2.72743346, -60.        ,  -2.96340537, -10.        ,
        -0.92994696, -10.        ]), array([ 2.75273013, 60.        ,  9.01875512, 10.        ,  4.79804817,
       10.        ]), array([  0.64912446, -60.        ,  -2.84200567, -10.        ,
        -0.68090976, -10.        ]), array([ 2.85513364, 60.        ,  8.99647474, 10.        ,  4.80313022,
       10.        ]), array([  0.52696921, -60.        ,  -2.91032052, -10.        ,
        -0.70139225, -10.        ]), array([ 3.28332798, 60.        ,  7.16301109, 10.        ,  4.10657363,
       10.        ]), array([ -0.06695024,  60.        ,   3.43990293,  10.        ,
         1.80297682, -10.        ]), array([ -2.6767277 , -60.        ,  -2.54591525, -10.        ,
        -0.24891167,  10.        ]), array([  5.60978571,  60.        ,  10.18810098,  10.        ,
         4.97146788, -10.        ]), array([ -1.78061548, -60.        ,  -2.44416912, -10.        ,
        -0.31790289,  10.        ]), array([  5.04696373,  60.        ,  10.20638671,  10.        ,
         4.95880335, -10.        ]), array([ -1.15750696, -60.        ,  -2.41266004, -10.        ,
        -0.28063437,  10.        ]), array([  4.52093436,  60.        ,  10.21650249,  10.        ,
         4.93714326, -10.        ]), array([ -0.57602771, -60.        ,  -2.38115571, -10.        ,
        -0.23889424,  10.        ]), array([  4.05772127,  60.        ,  10.22119942,  10.        ,
         4.9055029 , -10.        ]), array([-3.12225902e-02, -6.00000000e+01, -2.34947349e+00, -1.00000000e+01,
       -1.93282657e-01,  1.00000000e+01]), array([  3.63886497,  60.        ,  10.21727387,  10.        ,
         4.86406689, -10.        ]), array([  0.26326007, -60.        ,  -2.35823892, -10.        ,
        -0.14520571,  10.        ]), array([  3.91889196,  60.        ,  10.33594795, -10.        ,
         4.82012929, -10.        ]), array([  1.49743553, -60.        ,  -1.80608597,  10.        ,
        -0.10140807,  10.        ]), array([  2.96685553,  60.        ,   9.77061345, -10.        ,
         4.72421445, -10.        ]), array([ 1.26011421e+00, -6.00000000e+01, -1.88648471e+00,  1.00000000e+01,
       -2.13724844e-02,  1.00000000e+01]), array([  3.33753628,  60.        ,   9.86258427, -10.        ,
         4.63861976, -10.        ]), array([  1.13239544, -60.        ,  -1.91889906,  10.        ,
         0.06659908,  10.        ]), array([  3.71055552,  60.        ,  10.10556383, -10.        ,
         4.61184121, -10.        ]), array([  1.06833992, -60.        ,  -0.10349291,  10.        ,
         0.83650245,  10.        ]), array([  3.93891771, -60.        ,   3.85324001, -10.        ,
         2.11426313, -10.        ]), array([ 1.72334733, 60.        ,  8.1876453 , 10.        ,  4.00757315,
       10.        ]), array([  4.43888655, -60.        ,  -1.52648573, -10.        ,
         0.2170831 , -10.        ]), array([ 2.16896225, 60.        ,  8.17155056, 10.        ,  3.98054061,
       10.        ]), array([  4.34510889, -60.        ,  -1.44071922, -10.        ,
         0.22219246, -10.        ]), array([ 2.53910015, 60.        ,  8.14723981, 10.        ,  3.97310486,
       10.        ]), array([  4.2798836 , -60.        ,  -1.35818576, -10.        ,
         0.22169652, -10.        ]), array([ 2.89238123, 60.        ,  8.12581559, 10.        ,  3.96733859,
       10.        ]), array([  4.24661676, -60.        ,  -1.2795909 , -10.        ,
         0.21553561, -10.        ]), array([ 3.23028743, 60.        ,  8.09386195, 10.        ,  3.95774856,
       10.        ]), array([  4.23808866, -60.        ,  -1.36332312, -10.        ,
         0.14656664, -10.        ]), array([ 3.5133962 , 60.        ,  6.31220036, 10.        ,  3.30102387,
       10.        ]), array([  4.45051928,  60.        ,   4.71962726, -10.        ,
         2.42632018, -10.        ]), array([  1.4313126 , -60.        ,  -2.17259932,  10.        ,
        -0.0877508 ,  10.        ]), array([  5.92209495,  60.        ,  10.73579594, -10.        ,
         4.62789627, -10.        ]), array([ 1.33714612e+00, -6.00000000e+01, -2.19900228e+00,  1.00000000e+01,
       -4.53872797e-02,  1.00000000e+01]), array([  6.29195173,  60.        ,  10.70865177, -10.        ,
         4.50099752, -10.        ]), array([ 1.36679961e+00, -6.00000000e+01, -2.12992017e+00,  1.00000000e+01,
        3.39303898e-02,  1.00000000e+01]), array([  6.67168988,  60.        ,  10.67526895, -10.        ,
         4.37260347, -10.        ]), array([  1.4118161 , -60.        ,  -2.04831159,  10.        ,
         0.11071271,  10.        ]), array([  7.07284119,  60.        ,  10.64029934, -10.        ,
         4.24423431, -10.        ]), array([  1.7111636 , -60.        ,  -1.92677274,  10.        ,
         0.18882009,  10.        ]), array([ 6.77917261, 60.        , 10.71273992, 10.        ,  4.17205392,
       10.        ]), array([  5.52112054, -60.        ,   2.45755301, -10.        ,
         1.4631691 , -10.        ]), array([  4.31390846, -60.        ,   2.35919936,  10.        ,
         1.20018616,  10.        ]), array([  9.08084641,  60.        ,   9.49155814, -10.        ,
         3.5869975 , -10.        ]), array([  2.52678891, -60.        ,  -2.11658841,  10.        ,
         0.23530364,  10.        ]), array([  9.14669409,  60.        ,   9.58585552, -10.        ,
         3.65414329, -10.        ]), array([  2.995503  , -60.        ,  -1.89701488,  10.        ,
         0.18416144,  10.        ]), array([  9.00062488,  60.        ,   9.5400531 , -10.        ,
         3.67371636, -10.        ]), array([  4.1565536 , -60.        ,  -1.61564417, -10.        ,
         0.13291141, -10.        ]), array([ 4.79049864, 60.        ,  8.12158543, 10.        ,  3.53432865,
       10.        ]), array([  7.2720274 , -60.        ,  -0.47945422,  10.        ,
         0.15680847, -10.        ]), array([  5.26416511,  60.        ,   7.34708507, -10.        ,
         3.33224454,  10.        ]), array([  7.21897756,  60.        ,   4.55061436,  10.        ,
         1.9347476 , -10.        ]), array([  3.07234635, -60.        ,   0.12891743, -10.        ,
         0.51159243,  10.        ]), array([  8.73827763,  60.        ,   9.9680866 ,  10.        ,
         3.65035107, -10.        ]), array([  3.31495493, -60.        ,   0.10073489, -10.        ,
         0.50496874,  10.        ]), array([  9.72904434,  60.        ,  10.34210166, -10.        ,
         3.59279092,  10.        ]), array([ 10.52353342, -60.        ,   2.8613526 ,  10.        ,
         0.75036671, -10.        ]), array([  5.94048619, -60.        ,   4.24801009, -10.        ,
         1.57875372,  10.        ]), array([ 11.92097105,  60.        ,   9.26608157,  10.        ,
         3.0182047 , -10.        ]), array([  7.15854443, -60.        ,   0.26615403, -10.        ,
         0.30320043,  10.        ]), array([ 13.02504236,  60.        ,   9.71896858,  10.        ,
         3.12502577, -10.        ]), array([  7.47587574, -60.        ,   0.67395814, -10.        ,
         0.27026288, -10.        ]), array([ 6.88641592, 60.        ,  8.98233211, 10.        ,  3.37830252,
       10.        ]), array([ 12.25783576, -60.        ,   1.75420875,  10.        ,
         0.18314797, -10.        ]), array([  6.08856574,  60.        ,  10.5159427 , -10.        ,
         4.0148735 ,  10.        ]), array([ 14.09992024, -60.        ,   1.14356111,  10.        ,
        -0.32740281, -10.        ]), array([  5.76472894,  60.        ,   9.41120739, -10.        ,
         3.60935619,  10.        ]), array([ 17.45935001,  60.        ,   7.79513703, -10.        ,
         1.72596026,  10.        ]), array([ 21.88026818, -60.        ,   6.49977244,  10.        ,
         0.58720399, -10.        ]), array([  9.55053733, -60.        ,   8.42604548, -10.        ,
         2.38214603, -10.        ]), array([ 8.91866493, 48.        ,  6.16516911,  8.        ,  1.82476984,
       -8.        ]), array([  7.48370266, -60.        ,  12.49325865, -10.        ,
         4.03893533,  10.        ]), array([29.0884358 , 60.        , 11.81287732, 10.        ,  2.4372219 ,
       10.        ]), array([ 27.75735388, -48.        ,   8.81656765,   8.        ,
         1.06523778,   8.        ]), array([  9.6595871 , -12.        ,   5.46747355,   2.        ,
         1.33615761,  -2.        ]), array([ 0., -0.,  0., -0.,  0.,  0.]), array([ 12., -12.,   6.,  -2.,   2.,  -2.]), array([ 12., -12.,   6.,   2.,   2.,  -2.]), array([-60.,  60., -30., -10., -10.,  10.]), array([-7.33473173,  3.53491657, -5.07517062,  0.07190339, -4.35141869,
       -5.7366434 ]), array([-6.93525904,  3.2959801 , -4.52612356,  0.28631836, -3.57831543,
       -3.24060314]), array([-6.56381707,  3.09141844, -3.99644736,  0.45264679, -2.92139896,
       -1.85667855]), array([-6.21856258,  2.91686832, -3.49518866,  0.57239542, -2.36198174,
       -1.08616463]), array([-5.89684303,  2.76879868, -3.02628655,  0.65073429, -1.88422083,
       -0.65434763]), array([-5.59586681,  2.64424989, -2.59081664,  0.69391738, -1.4748593 ,
       -0.40983683]), array([-5.3129966 ,  2.54068348, -2.18825941,  0.70808768, -1.12288024,
       -0.26915976]), array([-5.04586394,  2.4558871 , -1.8172291 ,  0.69878061, -0.81916155,
       -0.18625935]), array([-4.79239869,  2.3879102 , -1.47589757,  0.67076861, -0.55616217,
       -0.13569669]), array([-4.55081949,  2.3350182 , -1.16224265,  0.62806415, -0.32764926,
       -0.10339924]), array([-4.31960779,  2.29565845, -0.87419406,  0.57398972, -0.12846674,
       -0.08156392]), array([-4.09747704,  2.2684341 , -0.6097186 ,  0.51126999,  0.04565799,
       -0.0658485 ]), array([-3.88334187,  2.2520835 , -0.36686875,  0.442125  ,  0.19827381,
       -0.05382336]), array([-3.67628994,  2.24546341, -0.14380913,  0.36835552,  0.33233713,
       -0.04411772]), array([-3.47555697,  2.24753519,  0.06117073,  0.29141746,  0.45031909,
       -0.03594851]), array([-3.28050516,  2.25735307,  0.24965217,  0.21248475,  0.55429311,
       -0.0288601 ]), array([-3.09060472,  2.27405413,  0.42308834,  0.13250181,  0.64600612,
       -0.0225804 ]), array([-2.90541809,  2.29684965,  0.5828084 ,  0.0522268 ,  0.72693656,
       -0.01694106]), array([-2.7245865 ,  2.32501751,  0.73002356, -0.02773306,  0.79834164,
       -0.0118331 ]), array([-2.54781854,  2.35789552,  0.8658343 , -0.10689259,  0.86129582,
       -0.00718216]), array([-2.37488032,  2.3948756 ,  0.99123793, -0.18486527,  0.91672218,
       -0.00293454]), array([-2.20558711e+00,  2.43539850e+00,  1.10713644e+00, -2.61344227e-01,
        9.65418101e-01,  9.50710849e-04]), array([-2.03979604,  2.47894925,  1.21434414, -0.33608691,  1.00807617,
        0.00450636]), array([-1.87739985,  2.52505302,  1.31359511, -0.40890271,  1.0453014 ,
        0.00775967]), array([-1.71832144,  2.57327156,  1.40555027, -0.47964294,  1.0776253 ,
        0.01073403]), array([-1.56250905,  2.62319992,  1.49080407, -0.54819284,  1.10551746,
        0.01344995]), array([-1.40993211,  2.67446365,  1.5698907 , -0.61446513,  1.12939511,
        0.01592576]), array([-1.26057759,  2.72671627,  1.64328993, -0.67839481,  1.14963096,
        0.01817801]), array([-1.11444668,  2.77963702,  1.71143245, -0.73993507,  1.16655974,
        0.02022184]), array([-0.97155199,  2.83292896,  1.7747048 , -0.79905396,  1.18048359,
        0.02207116]), array([-0.83191497,  2.88631713,  1.83345393, -0.85573178,  1.19167649,
        0.02373887]), array([-0.6955637 ,  2.93954712,  1.8879913 , -0.90995897,  1.20038805,
        0.02523701]), array([-0.56253084,  2.99238365,  1.93859669, -0.96173445,  1.20684655,
        0.02657683]), array([-0.43285195,  3.04460939,  1.98552163, -1.0110643 ,  1.21126154,
        0.0277689 ]), array([-0.30656387,  3.09602389,  2.02899247, -1.05796073,  1.21382602,
        0.0288232 ]), array([-0.18370342,  3.14644264,  2.06921328, -1.10244121,  1.21471821,
        0.02974915]), array([-0.06430619,  3.19569622,  2.10636833, -1.14452783,  1.2141031 ,
        0.0305557 ]), array([ 0.05159449,  3.24362956,  2.14062443, -1.18424675,  1.21213373,
        0.03125132]), array([ 0.16396839,  3.29010121,  2.17213298, -1.22162774,  1.20895222,
        0.03184406]), array([ 0.27278919,  3.33498275,  2.20103183, -1.25670388,  1.20469075,
        0.03234158]), array([ 0.378035  ,  3.37815822,  2.22744693, -1.2895112 ,  1.19947229,
        0.03275116]), array([ 0.47968897,  3.41952358,  2.25149384, -1.32008848,  1.19341126,
        0.03307971]), array([ 0.57773962,  3.4589862 ,  2.27327901, -1.34847696,  1.18661415,
        0.03333381]), array([ 0.67218116,  3.49646441,  2.29290101, -1.37472021,  1.17917997,
        0.03351971]), array([ 0.76301369,  3.53188705,  2.31045151, -1.39886389,  1.17120069,
        0.03364331]), array([ 0.85024337,  3.56519306,  2.32601624, -1.42095562,  1.16276164,
        0.03371022]), array([ 0.93388244,  3.59633101,  2.33967577, -1.44104477,  1.15394186,
        0.03372575]), array([ 1.01394921,  3.62525875,  2.35150623, -1.45918237,  1.14481441,
        0.03369487]), array([ 1.09046804,  3.65194301,  2.36157993, -1.47542089,  1.13544662,
        0.03362229]), array([ 1.16346917,  3.67635897,  2.36996588, -1.48981413,  1.12590042,
        0.03351243]), array([ 1.23298856,  3.69848991,  2.37673027, -1.50241704,  1.11623255,
        0.03336942]), array([ 1.29906773,  3.71832682,  2.38193686, -1.51328559,  1.10649483,
        0.03319712]), array([ 1.36175344,  3.735868  ,  2.38564731, -1.52247663,  1.09673435,
        0.03299913]), array([ 1.42109751,  3.75111871,  2.38792148, -1.53004774,  1.08699376,
        0.03277877]), array([ 1.47715644,  3.76409079,  2.38881767, -1.53605705,  1.07731142,
        0.03253915]), array([ 1.52999117,  3.77480228,  2.38839282, -1.54056316,  1.06772167,
        0.03228311]), array([ 1.57966672,  3.78327706,  2.38670266, -1.54362498,  1.058255  ,
        0.03201326]), array([ 1.62625184,  3.78954447,  2.38380189, -1.54530156,  1.04893831,
        0.03173199]), array([ 1.6698187 ,  3.79363897,  2.37974421, -1.54565201,  1.03979506,
        0.03144149]), array([ 1.71044251,  3.79559979,  2.3745825 , -1.54473537,  1.03084552,
        0.03114373]), array([ 6.39930438e+00,  2.58433725e+00,  1.42535336e+00, -4.00149866e+00,
       -6.33859455e-01,  2.03996981e-15]), array([ 6.57342868,  2.51356791,  1.45181791, -4.06739183, -0.54669431,
        0.        ]), array([ 6.68870000e+00,  2.41001422e+00,  1.46018107e+00, -4.09274107e+00,
       -4.55822532e-01,  5.67301001e-16]), array([ 6.75724573e+00,  2.28305264e+00,  1.45460104e+00, -4.08703430e+00,
       -3.63770372e-01,  2.46916476e-15]), array([ 6.78852456e+00,  2.14045998e+00,  1.43862921e+00, -4.05788545e+00,
       -2.72330503e-01,  2.88795070e-15]), array([ 6.78989106e+00,  1.98862702e+00,  1.41526433e+00, -4.01135738e+00,
       -1.82739330e-01,  4.73950087e-16]), array([ 6.76704915e+00,  1.83275277e+00,  1.38700925e+00, -3.95223530e+00,
       -9.58161544e-02,  8.07074160e-16]), array([ 6.72441485e+00,  1.67701883e+00,  1.35592724e+00, -3.88425759e+00,
       -1.20718318e-02,  5.07817684e-16]), array([ 6.66540559e+00,  1.52474370e+00,  1.32369613e+00, -3.81031001e+00,
        6.82069759e-02,  1.95132978e-15]), array([ 6.59266991e+00,  1.37851825e+00,  1.29165907e+00, -3.73258854e+00,
        1.44893014e-01, -1.10929702e-16]), array([ 6.50826905e+00,  1.24032332e+00,  1.26087122e+00, -3.65273522e+00,
        2.17969115e-01,  4.17495433e-16]), array([ 6.41381988e+00,  1.11163112e+00,  1.23214199e+00, -3.57195112e+00,
        2.87491101e-01,  3.84607802e-16]), array([ 6.31060655e+00,  9.93492076e-01,  1.20607289e+00, -3.49108971e+00,
        3.53560288e-01, -5.45649586e-16]), array([ 6.19966738e+00,  8.86608696e-01,  1.18309103e+00, -3.41073370e+00,
        4.16303479e-01,  9.17614836e-16]), array([ 6.08186173e+00,  7.91398054e-01,  1.16347846e+00, -3.33125785e+00,
        4.75858748e-01,  1.33948074e-15]), array([ 5.95792109e+00,  7.08044422e-01,  1.14739776e+00, -3.25288012e+00,
        5.32365669e-01,  1.59177158e-15]), array([ 5.82848755e+00,  6.36543363e-01,  1.13491410e+00, -3.17570283e+00,
        5.85958920e-01,  1.15360225e-15]), array([ 5.69414245e+00,  5.76738536e-01,  1.12601416e+00, -3.09974569e+00,
        6.36764410e-01,  1.98369323e-16]), array([ 5.55542716e+00,  5.28352294e-01,  1.12062227e+00, -3.02497204e+00,
        6.84897269e-01,  1.52364391e-15]), array([ 5.41285782e+00,  4.91011032e-01,  1.11861401e+00, -2.95130931e+00,
        7.30461194e-01,  2.54473711e-16]), array([ 5.26693536e+00,  4.64266124e-01,  1.11982770e+00, -2.87866499e+00,
        7.73548729e-01,  1.00211966e-15]), array([ 5.11815185e+00,  4.47611167e-01,  1.12407395e+00, -2.80693868e+00,
        8.14242198e-01,  1.20248290e-15]), array([ 4.96699416,  0.44049615,  1.13114357, -2.73603108,  0.85261503,
        0.        ]), array([ 4.81394547e+00,  4.42339073e-01,  1.14081409e+00, -2.66585045e+00,
        8.88733341e-01, -1.96624092e-16]), array([ 4.65948528e+00,  4.52535481e-01,  1.15285507e+00, -2.59631707e+00,
        9.22657535e-01,  1.07187509e-15]), array([ 4.50408836e+00,  4.70466262e-01,  1.16703235e+00, -2.52736603e+00,
        9.54443995e-01,  1.67036934e-15]), array([ 4.34822290e+00,  4.95504065e-01,  1.18311151e+00, -2.45894880e+00,
        9.84146626e-01,  1.43788157e-16]), array([ 4.19234816e+00,  5.27018566e-01,  1.20086054e+00, -2.39103371e+00,
        1.01181829e+00,  4.32331969e-16]), array([ 4.03691187e+00,  5.64380838e-01,  1.22005193e+00, -2.32360572e+00,
        1.03751208e+00,  7.99578762e-16]), array([ 3.88234753e+00,  6.06966978e-01,  1.24046429e+00, -2.25666559e+00,
        1.06128242e+00,  4.24626495e-16]), array([ 3.72907166e+00,  6.54161169e-01,  1.26188358e+00, -2.19022861e+00,
        1.08318594e+00,  7.02462673e-16]), array([ 3.57748121e+00,  7.05358267e-01,  1.28410391e+00, -2.12432299e+00,
        1.10328217e+00,  5.35680432e-18]), array([ 3.42795112e+00,  7.59966038e-01,  1.30692826e+00, -2.05898815e+00,
        1.12163409e+00,  8.18594257e-16]), array([ 3.28083215e+00,  8.17407107e-01,  1.33016880e+00, -1.99427277e+00,
        1.13830836e+00,  9.67626785e-16]), array([ 3.13644896e+00,  8.77120677e-01,  1.35364724e+00, -1.93023290e+00,
        1.15337555e+00,  8.51890621e-17]), array([ 2.99509847e+00,  9.38564067e-01,  1.37719492e+00, -1.86693000e+00,
        1.16691007e+00,  7.94033368e-16]), array([ 2.85704862e+00,  1.00121410e+00,  1.40065288e+00, -1.80442912e+00,
        1.17899000e+00, -7.90575689e-17]), array([ 2.72253736e+00,  1.06456836e+00,  1.42387186e+00, -1.74279711e+00,
        1.18969688e+00,  1.33817695e-16]), array([ 2.59177204e+00,  1.12814635e+00,  1.44671224e+00, -1.68210094e+00,
        1.19911524e+00,  3.10930562e-16]), array([ 2.46492910e+00,  1.19149048e+00,  1.46904397e+00, -1.62240626e+00,
        1.20733218e+00, -3.95847690e-16]), array([ 2.34215410e+00,  1.25416705e+00,  1.49074647e+00, -1.56377597e+00,
        1.21443681e+00,  8.16167323e-17]), array([ 2.22356197e+00,  1.31576704e+00,  1.51170847e+00, -1.50626906e+00,
        1.22051968e+00,  4.40568966e-17]), array([ 2.10923763e+00,  1.37590681e+00,  1.53182796e+00, -1.44993961e+00,
        1.22567216e+00,  3.29788682e-16]), array([ 1.99923683e+00,  1.43422870e+00,  1.55101201e+00, -1.39483591e+00,
        1.22998582e+00,  3.82328987e-16]), array([ 1.89358723e+00,  1.49040149e+00,  1.56917662e+00, -1.34099979e+00,
        1.23355179e+00, -3.79694385e-16]), array([ 1.79228966e+00,  1.54412074e+00,  1.58624663e+00, -1.28846612e+00,
        1.23646018e+00,  6.74822620e-16]), array([ 1.69531960e+00,  1.59510899e+00,  1.60215549e+00, -1.23726241e+00,
        1.23879946e+00,  1.04072948e-16]), array([ 1.60262878e+00,  1.64311583e+00,  1.61684516e+00, -1.18740864e+00,
        1.24065597e+00,  2.92883725e-16]), array([ 1.51414693e+00,  1.68791781e+00,  1.63026587e+00, -1.13891716e+00,
        1.24211337e+00,  2.26816044e-16]), array([ 1.42978358e+00,  1.72931826e+00,  1.64237597e+00, -1.09179275e+00,
        1.24325221e+00,  2.12853252e-16]), array([ 1.34942999e+00,  1.76714691e+00,  1.65314170e+00, -1.04603276e+00,
        1.24414956e+00,  1.63073378e-16]), array([ 1.27296105e+00,  1.80125947e+00,  1.66253696e+00, -1.00162738e+00,
        1.24487864e+00,  7.10191634e-17]), array([ 1.20023724e+00,  1.83153694e+00,  1.67054304e+00, -9.58559954e-01,
        1.24550855e+00,  1.66483035e-16]), array([ 1.13110658e+00,  1.85788501e+00,  1.67714839e+00, -9.16807436e-01,
        1.24610409e+00,  2.33907125e-16]), array([ 1.06540652e+00,  1.88023312e+00,  1.68234828e+00, -8.76340802e-01,
        1.24672554e+00, -2.22432913e-16]), array([ 1.00296580e+00,  1.89853362e+00,  1.68614455e+00, -8.37125585e-01,
        1.24742860e+00, -1.56624235e-16]), array([ 9.43606291e-01,  1.91276074e+00,  1.68854524e+00, -7.99122404e-01,
        1.24826431e+00, -1.86429468e-16]), array([ 8.87144645e-01,  1.92290951e+00,  1.68956425e+00, -7.62287526e-01,
        1.24927906e+00, -3.14678452e-16]), array([ 8.33393979e-01,  1.92899465e+00,  1.68922104e+00, -7.26573432e-01,
        1.25051461e+00, -7.06373450e-17]), array([ 7.82165378e-01,  1.93104937e+00,  1.68754021e+00, -6.91929383e-01,
        1.25200818e+00, -1.09256967e-16]), array([ 7.33269323e-01,  1.92912415e+00,  1.68455116e+00, -6.58301980e-01,
        1.25379253e+00, -2.39943148e-16]), array([0., 0., 0., 0., 0., 0.])], 'ball_pos_history': [array([ 1.43934129, -8.07540553,  1.35117641]), array([ 1.42667233, -8.0322257 ,  1.33824816]), array([ 1.41400337, -7.98904587,  1.32507466]), array([ 1.40133441, -7.94586604,  1.31165591]), array([ 1.38866545, -7.90268622,  1.2979919 ]), array([ 1.3759965 , -7.85950639,  1.28408265]), array([ 1.36332754, -7.81632656,  1.26992815]), array([ 1.35065858, -7.77314673,  1.2555284 ]), array([ 1.33798962, -7.72996691,  1.24088339]), array([ 1.32532066, -7.68678708,  1.22599314]), array([ 1.3126517 , -7.64360725,  1.21085764]), array([ 1.29998274, -7.60042742,  1.19547689]), array([ 1.28731379, -7.5572476 ,  1.17985089]), array([ 1.27464483, -7.51406777,  1.16397963]), array([ 1.26197587, -7.47088794,  1.14786313]), array([ 1.24930691, -7.42770812,  1.13150138]), array([ 1.23663795, -7.38452829,  1.11489438]), array([ 1.22396899, -7.34134846,  1.09804212]), array([ 1.21130003, -7.29816863,  1.08094462]), array([ 1.19863107, -7.25498881,  1.06360187]), array([ 1.18596212, -7.21180898,  1.04601387]), array([ 1.17329316, -7.16862915,  1.02818062]), array([ 1.1606242 , -7.12544932,  1.01010211]), array([ 1.14795524, -7.0822695 ,  0.99177836]), array([ 1.13528628, -7.03908967,  0.97320936]), array([ 1.12261732, -6.99590984,  0.95439511]), array([ 1.10994836, -6.95273002,  0.93533561]), array([ 1.09727941, -6.90955019,  0.91603085]), array([ 1.08461045, -6.86637036,  0.89648085]), array([ 1.07194149, -6.82319053,  0.8766856 ]), array([ 1.05927253, -6.78001071,  0.8566451 ]), array([ 1.04660357, -6.73683088,  0.83635934]), array([ 1.03393461, -6.69365105,  0.81582834]), array([ 1.02126565, -6.65047122,  0.79505209]), array([ 1.00859669, -6.6072914 ,  0.77403059]), array([ 0.99592774, -6.56411157,  0.75276384]), array([ 0.98325878, -6.52093174,  0.73125183]), array([ 0.97058982, -6.47775191,  0.70949458]), array([ 0.95792086, -6.43457209,  0.68749208]), array([ 0.9452519 , -6.39139226,  0.66524433]), array([ 0.93258294, -6.34821243,  0.64275132]), array([ 0.91991398, -6.30503261,  0.62001307]), array([ 0.90724502, -6.26185278,  0.59702957]), array([ 0.89457607, -6.21867295,  0.57380082]), array([ 0.88190711, -6.17549312,  0.55032682]), array([ 0.86923815, -6.1323133 ,  0.52660756]), array([ 0.85656919, -6.08913347,  0.50264306]), array([ 0.84390023, -6.04595364,  0.47843331]), array([ 0.83123127, -6.00277381,  0.45397831]), array([ 0.81856231, -5.95959399,  0.42927805]), array([ 0.80589336, -5.91641416,  0.40433255]), array([ 0.7932244 , -5.87323433,  0.3791418 ]), array([ 0.78055544, -5.83005451,  0.3537058 ]), array([ 0.76788648, -5.78687468,  0.32802455]), array([ 0.75521752, -5.74369485,  0.30209804]), array([ 0.74254856, -5.70051502,  0.27592629]), array([ 0.7298796 , -5.6573352 ,  0.24950929]), array([ 0.71721064, -5.61415537,  0.22284704]), array([ 0.70454169, -5.57097554,  0.19593954]), array([ 0.69187273, -5.52779571,  0.16878678]), array([ 0.67920377, -5.48461589,  0.14138878]), array([ 0.66653481, -5.44143606,  0.11374553]), array([ 0.65386585, -5.39825623,  0.08585703]), array([ 0.64119689, -5.3550764 ,  0.05772327]), array([ 0.62852793, -5.31189658,  0.033     ]), array([ 0.61649242, -5.27087574,  0.054039  ]), array([ 0.60445691, -5.22985491,  0.07483275]), array([ 0.5924214 , -5.18883407,  0.09538125]), array([ 0.58038589, -5.14781323,  0.11568451]), array([ 0.56835038, -5.1067924 ,  0.13574251]), array([ 0.55631487, -5.06577156,  0.15555526]), array([ 0.54427936, -5.02475073,  0.17512276]), array([ 0.53224385, -4.98372989,  0.19444501]), array([ 0.52020834, -4.94270905,  0.21352201]), array([ 0.50817283, -4.90168822,  0.23235377]), array([ 0.49613732, -4.86066738,  0.25094027]), array([ 0.48410181, -4.81964655,  0.26928152]), array([ 0.47206629, -4.77862571,  0.28737752]), array([ 0.46003078, -4.73760487,  0.30522827]), array([ 0.44799527, -4.69658404,  0.32283377]), array([ 0.43595976, -4.6555632 ,  0.34019403]), array([ 0.42392425, -4.61454237,  0.35730903]), array([ 0.41188874, -4.57352153,  0.37417878]), array([ 0.39985323, -4.53250069,  0.39080328]), array([ 0.38781772, -4.49147986,  0.40718253]), array([ 0.37578221, -4.45045902,  0.42331653]), array([ 0.3637467 , -4.40943819,  0.43920529]), array([ 0.35171119, -4.36841735,  0.45484879]), array([ 0.33967568, -4.32739651,  0.47024704]), array([ 0.32764017, -4.28637568,  0.48540004]), array([ 0.31560465, -4.24535484,  0.50030779]), array([ 0.30356914, -4.20433401,  0.51497029]), array([ 0.29153363, -4.16331317,  0.52938755]), array([ 0.27949812, -4.12229234,  0.54355955]), array([ 0.26746261, -4.0812715 ,  0.5574863 ]), array([ 0.2554271 , -4.04025066,  0.5711678 ]), array([ 0.24339159, -3.99922983,  0.58460405]), array([ 0.23135608, -3.95820899,  0.59779505]), array([ 0.21932057, -3.91718816,  0.61074081]), array([ 0.20728506, -3.87616732,  0.62344131]), array([ 0.19524955, -3.83514648,  0.63589656]), array([ 0.18321404, -3.79412565,  0.64810656]), array([ 0.17117853, -3.75310481,  0.66007131]), array([ 0.15914302, -3.71208398,  0.67179081]), array([ 0.1471075 , -3.67106314,  0.68326507]), array([ 0.13507199, -3.6300423 ,  0.69449407]), array([ 0.12303648, -3.58902147,  0.70547782]), array([ 0.11100097, -3.54800063,  0.71621632]), array([ 0.09896546, -3.5069798 ,  0.72670957]), array([ 0.08692995, -3.46595896,  0.73695757]), array([ 0.07489444, -3.42493812,  0.74696033]), array([ 0.06285893, -3.38391729,  0.75671783]), array([ 0.05082342, -3.34289645,  0.76623008]), array([ 0.03878791, -3.30187562,  0.77549708]), array([ 0.0267524 , -3.26085478,  0.78451883]), array([ 0.01471689, -3.21983394,  0.79329533]), array([ 2.68137542e-03, -3.17881311e+00,  8.01826585e-01]), array([-0.00935414, -3.13779227,  0.81011259]), array([-0.02138965, -3.09677144,  0.81815334]), array([-0.03342516, -3.0557506 ,  0.82594884]), array([-0.04546067, -3.01472976,  0.83349909]), array([-0.05749618, -2.97370893,  0.84080409]), array([-0.06953169, -2.93268809,  0.84786385]), array([-0.0815672 , -2.89166726,  0.85467835]), array([-0.09360271, -2.85064642,  0.8612476 ]), array([-0.10563822, -2.80962559,  0.8675716 ]), array([-0.11767373, -2.76860475,  0.87365035]), array([-0.12970924, -2.72758391,  0.87948385]), array([-0.14174475, -2.68656308,  0.8850721 ]), array([-0.15378026, -2.64554224,  0.89041511]), array([-0.16581577, -2.60452141,  0.89551286]), array([-0.17785129, -2.56350057,  0.90036536]), array([-0.1898868 , -2.52247973,  0.90497261]), array([-0.20192231, -2.4814589 ,  0.90933461]), array([-0.21395782, -2.44043806,  0.91345136]), array([-0.22599333, -2.39941723,  0.91732287]), array([-0.23802884, -2.35839639,  0.92094912]), array([-0.25006435, -2.31737555,  0.92433012]), array([-0.26209986, -2.27635472,  0.92746587]), array([-0.27413537, -2.23533388,  0.93035637]), array([-0.28617088, -2.19431305,  0.93300162]), array([-0.29820639, -2.15329221,  0.93540163]), array([-0.3102419 , -2.11227137,  0.93755638]), array([-0.32227741, -2.07125054,  0.93946588]), array([-0.33431293, -2.0302297 ,  0.94113013]), array([-0.34634844, -1.98920887,  0.94254913]), array([-0.35838395, -1.94818803,  0.94372288]), array([-0.37041946, -1.90716719,  0.94465139]), array([-0.38245497, -1.86614636,  0.94533464]), array([-0.39449048, -1.82512552,  0.94577264]), array([-0.40652599, -1.78410469,  0.94596539]), array([-0.4185615 , -1.74308385,  0.94591289]), array([-0.43059701, -1.70206301,  0.94561514]), array([-0.44263252, -1.66104218,  0.94507215]), array([-0.45466803, -1.62002134,  0.9442839 ]), array([-0.46670354, -1.57900051,  0.9432504 ]), array([-0.47873905, -1.53797967,  0.94197165]), array([-0.49077457, -1.49695884,  0.94044765]), array([-0.50281008, -1.455938  ,  0.9386784 ]), array([-0.51484559, -1.41491716,  0.93666391]), array([-0.5268811 , -1.37389633,  0.93440416]), array([-0.53891661, -1.33287549,  0.93189916]), array([-0.55095212, -1.29185466,  0.92914891]), array([-0.56298763, -1.25083382,  0.92615341]), array([-0.57502314, -1.20981298,  0.92291266]), array([-0.58705865, -1.16879215,  0.91942667]), array([-0.59909416, -1.12777131,  0.91569542]), array([-0.61112967, -1.08675048,  0.91171892]), array([-0.62316518, -1.04572964,  0.90749717]), array([-0.63520069, -1.0047088 ,  0.90303017]), array([-0.6472362 , -0.96368797,  0.89831792]), array([-0.65927172, -0.92266713,  0.89336043]), array([-0.67130723, -0.8816463 ,  0.88815768]), array([-0.68334274, -0.84062546,  0.88270968]), array([-0.69537825, -0.79960462,  0.87701643]), array([-0.70741376, -0.75858379,  0.87107793]), array([-0.71944927, -0.71756295,  0.86489418]), array([-0.73148478, -0.67654212,  0.85846519]), array([-0.74352029, -0.63552128,  0.85179094]), array([-0.7555558 , -0.59450044,  0.84487144]), array([-0.76759131, -0.55347961,  0.83770669]), array([-0.77962682, -0.51245877,  0.83029669]), array([-0.79166233, -0.47143794,  0.82264144]), array([-0.80369784, -0.4304171 ,  0.81474095]), array([-0.81573336, -0.38939626,  0.8065952 ]), array([-0.82776887, -0.34837543,  0.7982042 ]), array([-0.83980438, -0.30735459,  0.78956795]), array([-0.85183989, -0.26633376,  0.78068645]), array([-0.8638754 , -0.22531292,  0.7715597 ]), array([-0.87591091, -0.18429209,  0.7621877 ]), array([-0.88794642, -0.14327125,  0.75257046]), array([-0.89998193, -0.10225041,  0.74270796]), array([-0.91201744, -0.06122958,  0.73260021]), array([-0.92405295, -0.02020874,  0.72224721]), array([-0.93608846,  0.02081209,  0.71164896]), array([-0.94812397,  0.06183293,  0.70080546]), array([-0.96015948,  0.10285377,  0.68971672]), array([-0.97219499,  0.1438746 ,  0.67838272]), array([-0.98423051,  0.18489544,  0.66680347]), array([-0.99626602,  0.22591627,  0.65497897]), array([-1.00830153,  0.26693711,  0.64290922]), array([-1.02033704,  0.30795795,  0.63059422]), array([-1.03237255,  0.34897878,  0.61803398]), array([-1.04440806,  0.38999962,  0.60522848]), array([-1.05644357,  0.43102045,  0.59217773]), array([-1.06847908,  0.47204129,  0.57888173]), array([-1.08051459,  0.51306213,  0.56534048]), array([-1.0925501 ,  0.55408296,  0.55155398]), array([-1.10458561,  0.5951038 ,  0.53752224]), array([-1.11662112,  0.63612463,  0.52324524]), array([-1.12865663,  0.67714547,  0.50872299]), array([-1.14069215,  0.71816631,  0.49395549]), array([-1.15272766,  0.75918714,  0.47894274]), array([-1.16476317,  0.80020798,  0.46368474]), array([-1.17679868,  0.84122881,  0.4481815 ]), array([-1.18883419,  0.88224965,  0.432433  ]), array([-1.2008697 ,  0.92327049,  0.41643925]), array([-1.21290521,  0.96429132,  0.40020025]), array([-1.22494072,  1.00531216,  0.383716  ]), array([-1.23697623,  1.04633299,  0.3669865 ]), array([-1.24901174,  1.08735383,  0.35001176]), array([-1.26104725,  1.12837466,  0.33279176]), array([-1.27308276,  1.1693955 ,  0.31532651]), array([-1.28511827,  1.21041634,  0.29761601]), array([-1.29715378,  1.25143717,  0.27966026]), array([-1.3091893 ,  1.29245801,  0.26145926]), array([-1.32122481,  1.33347884,  0.24301302]), array([-1.33326032,  1.37449968,  0.22432152]), array([-1.34529583,  1.41552052,  0.20538477]), array([-1.35733134,  1.45654135,  0.18620277]), array([-1.36936685,  1.49756219,  0.16677552]), array([-1.38140236,  1.53858302,  0.14710302]), array([-1.39343787,  1.57960386,  0.12718528]), array([-1.40547338,  1.6206247 ,  0.10702228]), array([-1.41750889,  1.66164553,  0.08661403]), array([-1.4295444 ,  1.70266637,  0.06596053]), array([-1.44157991,  1.7436872 ,  0.04506178]), array([-1.45361542,  1.78470804,  0.033     ]), array([-1.46504916,  1.82367783,  0.04861275]), array([-1.47648289,  1.86264763,  0.06398025]), array([-1.48791663,  1.90161742,  0.0791025 ]), array([-1.49935037,  1.94058722,  0.0939795 ]), array([-1.5107841 ,  1.97955701,  0.10861124])], 'distances_history': [7.902583726885621, 7.855544657423137, 7.807218847686942, 7.756422842404351, 7.704620062111956, 7.650597476939136, 7.596399372724253, 7.542291595280793, 7.488459812925394, 7.434198412417051, 7.380600419220268, 7.326547060533438, 7.273147362635739, 7.219360835776926, 7.16621556813601, 7.1127422298574725, 7.059898203097212, 7.006776023871927, 6.954272481154802, 6.901843593172234, 6.849863655908517, 6.7978338681324075, 6.7462462381043204, 6.69464071611935, 6.643468811785451, 6.593000393580581, 6.542354974365494, 6.492344890472659, 6.442163282661742, 6.392629813869418, 6.3429327499561134, 6.2938981050235085, 6.244710340184251, 6.195481936861243, 6.146746965760733, 6.09804565223715, 6.049846911677644, 6.001687897818416, 5.953998240463708, 5.906926181813358, 5.859816478894054, 5.813359590312306, 5.76684715715477, 5.721018894344597, 5.675129992089961, 5.6299568880024236, 5.584718931345985, 5.540227855192363, 5.495668803312889, 5.451887509975858, 5.408041230410797, 5.3641710062312935, 5.321053777489822, 5.277938224949058, 5.23561109502467, 5.193282739679088, 5.15177688444888, 5.1102741348741665, 5.069683311574175, 5.029358905049047, 4.989754079517611, 4.950258031744714, 4.911500938580097, 4.872864806434939, 4.834328482471876, 4.7896335752689945, 4.74543073579567, 4.701057726087858, 4.65717950774774, 4.613105160516788, 4.569464162485653, 4.5253238612894595, 4.481844733362319, 4.438060689283729, 4.394945484711328, 4.351498752819853, 4.308728763400283, 4.265602062941739, 4.22315802470117, 4.180333586755301, 4.138192340163243, 4.096614919765335, 4.054841804508651, 4.013817262065346, 3.972297896989191, 3.931423975586074, 3.8900652682854493, 3.8493305174115093, 3.808121014277818, 3.7664839086303816, 3.725451336014084, 3.685146219041909, 3.644194787364595, 3.6038337456300122, 3.5628684825548826, 3.5227114471848764, 3.481923424051691, 3.4405443193688363, 3.399897256384276, 3.3587088261487414, 3.318271770860877, 3.2770843325453884, 3.236668333597467, 3.1956453852514555, 3.155348597013339, 3.1155990417252903, 3.0754264977081616, 3.035686800123513, 2.995506015771679, 2.954535457616246, 2.914030056116043, 2.873147575708913, 2.832862169937485, 2.7923063616636363, 2.752198613362235, 2.7122216511452275, 2.672343251603211, 2.632352371738495, 2.592285830048205, 2.5523698554564733, 2.5110945108523333, 2.469344429306407, 2.427214755962152, 2.3847930414144023, 2.3421571409314312, 2.2993749721316203, 2.2565051144984625, 2.2135977337355266, 2.1706955770863208, 2.1278349224488107, 2.0850464339448, 2.0423559112517053, 1.999784936289187, 1.9573514276949682, 1.9150701156374734, 1.8729529493719168, 1.8310094488317477, 1.7892470101061382, 1.7476711731998038, 1.7062858591437857, 1.66509358237674, 1.6240956433549183, 1.5832923055654438, 1.5426829604949823, 1.502266283626878, 1.4620403841891507, 1.4220029511416776, 1.3821513977661204, 1.342483007204007, 1.3029950813793356, 1.2636850959502903, 1.2245508642752208, 1.1855907138740474, 1.1468036795513044, 1.1081897182681264, 1.069749952072198, 1.031486947005308, 0.9934050380276047, 0.9555107127886777, 0.9178130707587464, 0.8803243791065641, 0.8430607531754142, 0.8060429980002017, 0.7692976587312399, 0.7328583429855638, 0.6967673981349728, 0.6610780525823199, 0.6258571632421284, 0.5911887519348453, 0.5571785589354936, 0.5239598841899611, 0.491701004329277, 0.46061439870159243, 0.43096779312668687, 0.40309645824608636, 0.37741500014686874, 0.3544247309796024, 0.3347095543456622, 0.31891017871465416, 0.30766667154487265, 0.30152821052910433, 0.3008130566845484, 0.3057671924472906, 0.31632558219788953, 0.3321435025998889, 0.35268836597570336, 0.37734707144635576, 0.4055118605159451, 0.43663139267938605, 0.47023176161642716, 0.5059183332980625, 0.5433680242933485, 0.5823182231953811, 0.622555615202108, 0.6639063011277706, 0.7062276066485456, 0.7494015215428219, 0.7933295394635272, 0.8379286352125895, 0.8831281388437235, 0.9288673058978074, 0.9750934240061537, 1.0217603317839121, 1.068827254886698, 1.1162578867288986, 1.1640196586906362, 1.212083157772268, 1.260421659559556, 1.3090107518245608, 1.3578280297170273, 1.406852847761479, 1.4560661171131368, 1.505450138999212, 1.5549884671724046, 1.6046657936725615, 1.6544678533358117, 1.7043813433865453, 1.754393855154969, 1.8044938155254917, 1.8546704361719444, 1.9049136689994806, 1.955214166508864, 2.0055632460410395, 2.0559528570594026, 2.1063755507923996, 2.1568244516964925, 2.2072932303141144, 2.257776077196926, 2.3082676776445137, 2.358763187075144, 2.4092582069001627, 2.459748760818834, 2.5102312714870587, 2.560702537542753, 2.6111597109935496, 2.6616002749898557, 2.7120220220189, 2.7595212922562036, 2.7962237889055257, 2.8331427090946217, 2.870259609712554, 2.9075571588064477], 'normal_align_history': [0.7498911170639326, 0.7469760896608914, 0.7533221042335198, 0.7649298019174235, 0.7724848604854059, 0.7726286211915387, 0.7744046187261845, 0.7759298467012448, 0.7733043072840889, 0.773994673948321, 0.7704119814432852, 0.7709718779608435, 0.7672997710275986, 0.7677444052240211, 0.7639959722778807, 0.7643517855626804, 0.7605499106275607, 0.7608494413610072, 0.7570229543835878, 0.7498839605703028, 0.7512497813948492, 0.7441913114770065, 0.7457068087387198, 0.7387612974408844, 0.7404525781347495, 0.7384224341974659, 0.7401270722143543, 0.7381234904479862, 0.7398641372058642, 0.737912343508033, 0.7397158811300248, 0.7378364429287745, 0.7397228223027238, 0.7332498703121586, 0.735445975962742, 0.7292409285085029, 0.7317358496889461, 0.7257973949096475, 0.7285178142583065, 0.7268577529659697, 0.7293809836861028, 0.7279339543404858, 0.7306614332227097, 0.7294272114411013, 0.7323608293778623, 0.7313373071733427, 0.7344741563476096, 0.7336548728876237, 0.7369880537034814, 0.736362355879075, 0.739876816137908, 0.7350880055459201, 0.7390108762629158, 0.7346053960105555, 0.7388686083379233, 0.7348246806343718, 0.7393977510115124, 0.7357017947159582, 0.7406406658147308, 0.7375671738175974, 0.7428783478116918, 0.7399567830078946, 0.7453941858334157, 0.7426067002654284, 0.748149734792312, 0.7454796776614785, 0.7511092404884363, 0.7485415124602712, 0.7542394608205861, 0.7517533885383918, 0.7574254316167446, 0.7550788179880006, 0.7605897032650875, 0.7584423758283132, 0.7640467030678807, 0.7620714952059893, 0.7677446687026819, 0.7659222322087818, 0.7716414115197773, 0.7699542130390121, 0.7757059636007727, 0.7890352622174384, 0.7942636959850824, 0.806222126722927, 0.8109412620560073, 0.821922858709666, 0.8260099990524234, 0.8361095838708726, 0.8396300559937949, 0.8362210747071621, 0.8397515338894594, 0.83844318550749, 0.8419252174879139, 0.8411352364225928, 0.8444418650824437, 0.8436127641917844, 0.8469035096712217, 0.8550315606098223, 0.8581568438286293, 0.8652326144081044, 0.8681411710795004, 0.8748694237090668, 0.8775443839736596, 0.8744210879306776, 0.8772079765653618, 0.875405701860751, 0.8782924336392346, 0.8766171205636383, 0.8795936379673599, 0.887177387586609, 0.8902916266334996, 0.8883585624146396, 0.8834269322289484, 0.8828156781373266, 0.887820032667459, 0.8964054599905813, 0.9034173773304836, 0.9096020570875457, 0.9144738455391113, 0.9182225223415041, 0.9241143354277632, 0.9276669645852988, 0.929975648277694, 0.93158746598461, 0.9327806095512796, 0.9336974455326925, 0.9344106440119412, 0.9349569823263038, 0.9353549143320761, 0.9356137684646293, 0.9357385573129287, 0.9357324653637628, 0.9355981043436369, 0.9353381161263417, 0.9349554336552849, 0.9344533663419103, 0.93383559897724, 0.933106151398189, 0.932269323555656, 0.9313296384356242, 0.9302917887397656, 0.9291605897635165, 0.927940939114707, 0.9266377830280871, 0.9252560886306844, 0.9238008213698153, 0.9222769268040737, 0.9206893160094164, 0.919042853930983, 0.9173423500973561, 0.9155925511980152, 0.9137981351023636, 0.9119637059682744, 0.910093790149404, 0.908192832664007, 0.9062651940344029, 0.9043151473463977, 0.9023468754126177, 0.9003644679535826, 0.8983719187359883, 0.8963731226296362, 0.8943718725631122, 0.8923718563740622, 0.8903766535630385, 0.8883897319705846, 0.8864144444058052, 0.8844540252612328, 0.8825115871535791, 0.8805901176331054, 0.8786924760060116, 0.8768213903146006, 0.8749794545191276, 0.8731691259234493, 0.8713927228838363, 0.869652422836918, 0.8679502606786852, 0.8662881275220324, 0.8646677698555342, 0.8630907891211506, 0.8615586417235241, 0.8600726394784373, 0.8588946800249174, 0.8580146306853658, 0.8574168268543327, 0.857081273678274, 0.8569847139154484, 0.8571015570390674, 0.8574046735206016, 0.8578660637911797, 0.8584574143996947, 0.8591505550761364, 0.8599178303593848, 0.8607323986219764, 0.8615684700624076, 0.8624014937799841, 0.8632083025604735, 0.8639672225853168, 0.8646581539921308, 0.865262627088731, 0.86576383806566, 0.866146667259139, 0.8663976823756813, 0.866505128585314, 0.8664589070048028, 0.8662505428074597, 0.8658731439948423, 0.8653213517318081, 0.864591283065488, 0.8636804668077794, 0.8625877733485968, 0.8613133391736256, 0.8598584868773499, 0.8582256414829248, 0.8564182438994314, 0.8544406623600194, 0.8522981026881833, 0.8499965182319631, 0.8475425202859816, 0.8449432897886919, 0.842206491037325, 0.8393401881068762, 0.8363527645933886, 0.8332528472276561, 0.8300492338252269, 0.8267508259543821, 0.8233665666177403, 0.8199053831573121, 0.8163761355091534, 0.8127875698539271, 0.8091482776351102, 0.805466659848502, 0.8017508964459533, 0.7980089206434595, 0.7942483978793031, 0.7904767091318153, 0.7867009382784903, 0.7829278631581983, 0.7791639499857138, 0.7754153507620037, 0.7716879033240747, 0.7679871336838612, 0.7643182603159245], 'ball_near_history': [False, False, False, False, False, False, False, False, False, False, False, False, False, False, False, False, False, False, False, False, False, False, False, False, False, False, False, False, False, False, False, False, False, False, False, False, False, False, False, False, False, False, False, False, False, False, False, False, False, False, False, False, False, False, False, False, False, False, False, False, False, False, False, False, False, False, False, False, False, False, False, False, False, False, False, False, False, False, False, False, False, False, False, False, False, False, False, False, False, False, False, False, False, False, False, False, False, False, False, False, False, False, False, False, False, False, False, False, False, False, False, False, False, False, False, False, False, False, False, False, False, False, False, False, False, False, False, False, False, False, False, False, False, False, False, False, False, False, False, False, False, False, False, False, False, False, False, False, False, False, False, False, False, False, False, False, False, False, False, False, False, False, False, False, False, False, False, False, False, False, False, False, False, False, False, False, False, False, False, False, False, False, False, False, False, False, False, False, False, False, False, False, False, False, False, False, False, False, False, False, False, False, False, False, False, False, False, False, False, False, False, False, False, False, False, False, False, False, False, False, False, False, False, False, False, False, False, False, False, False, False, False, False, False, False, False, False, False, False, False, False, False], 'tube_ready_history': [False, False, False, False, False, False, False, False, False, False, False, False, False, False, False, False, False, False, False, False, False, False, False, False, False, False, False, False, False, False, False, False, False, False, False, False, False, False, False, False, False, False, False, False, False, False, False, False, False, False, False, False, False, False, False, False, False, False, False, False, False, False, False, False, False, False, False, False, False, False, False, False, False, False, False, False, False, False, False, False, False, False, False, False, False, False, False, False, False, False, False, False, False, False, False, False, False, False, False, False, False, False, False, False, False, False, False, False, False, False, False, False, False, False, False, False, False, False, False, False, False, False, False, False, False, False, False, False, False, False, False, False, False, False, False, False, False, False, False, False, False, False, False, False, False, False, False, False, False, False, False, False, False, False, False, False, False, False, False, False, False, False, False, False, False, False, False, False, False, False, False, False, False, False, False, False, False, False, False, False, False, False, False, False, False, False, False, False, False, False, False, False, False, False, False, False, False, False, False, False, False, False, False, False, False, False, False, False, False, False, False, False, False, False, False, False, False, False, False, False, False, False, False, False, False, False, False, False, False, False, False, False, False, False, False, False, False, False, False, False, False, False], 'pos_error_history': [0.009020732255433176, 0.009215153199539357, 0.012088515106493237, 0.01671155411468692, 0.024371001854424073, 0.03269951471845711, 0.04124813106371628, 0.04932094352452501, 0.05811178604274371, 0.0660386489101047, 0.07468613389531685, 0.08248038231822237, 0.09090465913075665, 0.09849842616836468, 0.10665301413408511, 0.11400104605647776, 0.12185487458566283, 0.12892474112714358, 0.13606590158997034, 0.1426208818237525, 0.14943003149635417, 0.15567562634207485, 0.16214085560338007, 0.1680655403412601, 0.1735265239095509, 0.17901240216825512, 0.1841164234897171, 0.18925962117794554, 0.19400550344643547, 0.19880150882881975, 0.2031847424680446, 0.20762661067029248, 0.21233838292308535, 0.21651183601893495, 0.22088405394074845, 0.22472253064233652, 0.2287644449985823, 0.2323365889730049, 0.23530952435096888, 0.2385783111467172, 0.2411649811770864, 0.2440801560356195, 0.24630117684325292, 0.2488717333523505, 0.25073614739660255, 0.2529725817296149, 0.25449160492946005, 0.25640657939368294, 0.25759304181588616, 0.2591953177761253, 0.26098195105174227, 0.2623115694677833, 0.2638411899536029, 0.2648831383249549, 0.2661734212429796, 0.2669480106752341, 0.2680149032435507, 0.2684971147345506, 0.2692439496272832, 0.26944687655763755, 0.2700862542935217, 0.27016978711271766, 0.27072193564193575, 0.27070159420478, 0.27118450730908455, 0.2710763765068086, 0.271508444257829, 0.27132950413244045, 0.271732497182218, 0.2715346762528126, 0.27190977222778395, 0.27169394437847666, 0.2719875340342785, 0.2716833117135693, 0.271919818417478, 0.27155447190247445, 0.27175934270876856, 0.27136062029271896, 0.27155977257780367, 0.27116125179675266, 0.27006680459200527, 0.2697504839137702, 0.2688985086198682, 0.2687366224429876, 0.2680513505259022, 0.268041811921151, 0.26754319676725935, 0.26769987734764955, 0.2687874207841263, 0.2690275126057576, 0.2687582249799148, 0.26919910247991996, 0.2686809688578979, 0.26928953569528336, 0.26894536934535646, 0.2697475357124098, 0.2712538671350782, 0.27236533403349544, 0.27466736605478254, 0.27603418196178764, 0.2786122288962698, 0.2802631467156919, 0.2830328097977409, 0.2848520692828891, 0.28640836852697577, 0.2885250842700783, 0.29042542661418286, 0.2928317051138606, 0.29587103687725064, 0.29884059418736275, 0.30301110047625607, 0.3063441508951283, 0.3109507009479526, 0.31491637704819353, 0.31902675781534273, 0.32313511883179863, 0.3270743561149706, 0.3313467543365276, 0.3356692739562155, 0.33859405845364043, 0.34097330013948435, 0.3428457761860014, 0.34425053191663585, 0.3452262423957188, 0.3458106472489702, 0.34604014293457536, 0.3459495333488534, 0.3455719062741821, 0.3449385977460762, 0.3440792120860908, 0.34302167361762154, 0.34179229357921864, 0.34041584154765564, 0.3389156148264201, 0.337313502083693, 0.3356300393985071, 0.3338844580909292, 0.332094724489795, 0.3302775722807807, 0.3284485283790745, 0.3266219334496729, 0.32481095829523743, 0.3230276173713646, 0.32128278068675503, 0.3195861853094464, 0.31794644763479873, 0.3163710774791805, 0.31486649494773933, 0.31343805088764354, 0.31209005158305525, 0.3108257881787415, 0.3096475711405603, 0.3085567698786251, 0.30755385747880704, 0.30663846031643965, 0.305809412168595, 0.30506481230322513, 0.3044020869091429, 0.30381805314326765, 0.3033089850124481, 0.3028706802768786, 0.30249852755949097, 0.302187572868597, 0.30193258478627627, 0.3017281176386643, 0.30156857204219295, 0.30144825230754196, 0.3013614202763697, 0.3013023452608909, 0.30126534984961156, 0.30124485143120666, 0.3012353993704203, 0.30123170784337466, 0.3012286844038356, 0.30122145440628806, 0.301205381456156, 0.30117608409244295, 0.301129448934131, 0.30106164053962, 0.3009691082392621, 0.3008130566845484, 0.30058360091078196, 0.30027605117858225, 0.2998902788133267, 0.2994300479168782, 0.29890235906349655, 0.29831683261342196, 0.297685146026769, 0.2970205305470466, 0.2963373268594845, 0.2956505959490507, 0.2949757796842128, 0.2943284050925227, 0.2937238264685256, 0.29317700006960545, 0.2927022870019982, 0.292313280830723, 0.2920226573620847, 0.2918420448768289, 0.29178191379070545, 0.2918514852599737, 0.29205865861931607, 0.2924099577379662, 0.2929104964163444, 0.29356396283899855, 0.2943726228765084, 0.2953373417210831, 0.2964576229827165, 0.2977316640002709, 0.29915642576772367, 0.3007277155683557, 0.30244028017071756, 0.3042879072839799, 0.30626353290301034, 0.3083593521941017, 0.3105669316731955, 0.31287732059751966, 0.31528115971345577, 0.31776878576170203, 0.32033033041900993, 0.32295581263905127, 0.32563522363065883, 0.3283586039697634, 0.33111611257470186, 0.33389808747864724, 0.33669509850563123, 0.33949799209780135, 0.34229792865244213, 0.3450864128103341, 0.3478553171951427, 0.3505969001401365, 0.35330381795699506, 0.3559691323050632, 0.3585863132111909, 0.3611492382729662, 0.363652188554061, 0.366089841651566, 0.3684572623832452, 0.3707498915089392, 0.37296353286594797, 0.3750943392639777, 0.3771903375373255], 'max_qdot_ratio': 0.9946099977936326, 'max_tcp_speed': 1.7704705020961995, 'max_racket_face_speed': 2.206332251877443, 'total_mpc_steps': 242, 'ball_was_hit': False, 'hit_step': -1, 'p_ee_at_hit': None, 'ball_pos_at_hit': None, 'v_ee_at_hit': None, 'active_contact': False, 'passive_contact': False}
2026-09-13 00:12:21,457 [INFO] __main__: 击打后继续仿真 20 步...
