__STEP_TIMING__: n=250 p50=0.31 p95=0.58 p99=0.91 max=1.12 n_over_period=0 period_ms=5.00 deciles=0.25,0.27,0.28,0.29,0.31,0.35,0.39,0.45,0.51,1.12
__STEP_LATENCIES__: 0.39,0.37,0.75,0.37,0.56,0.42,0.62,0.29,0.40,0.29,0.28,0.28,0.28,0.33,0.38,0.51,0.46,0.45,0.44,0.37,0.34,0.35,0.33,0.25,0.24,0.24,0.24,0.25,0.24,0.25,0.24,0.23,0.24,0.23,0.25,0.23,0.24,0.23,0.24,0.33,0.28,0.28,0.27,0.26,0.27,0.27,0.27,0.27,0.28,0.28,0.28,0.35,0.49,0.45,0.42,0.35,0.35,0.39,0.25,0.33,0.28,0.27,0.27,0.27,0.28,0.27,0.26,0.28,0.27,0.27,0.36,0.49,0.45,0.41,0.36,0.38,0.37,0.28,0.25,0.92,0.76,0.74,0.78,0.38,0.37,0.48,0.47,0.43,0.35,0.34,0.38,0.26,0.25,0.25,0.24,0.24,0.24,0.25,0.24,0.35,0.28,0.28,0.27,0.27,0.27,0.26,0.27,0.32,0.47,0.45,0.58,0.37,0.33,0.54,0.56,0.50,0.50,0.51,0.25,0.65,0.58,0.57,0.91,0.48,0.46,0.41,0.39,0.39,0.35,0.31,0.29,0.30,0.30,0.30,0.41,0.50,0.49,0.44,0.39,0.38,0.42,0.35,0.30,0.30,0.29,0.31,0.31,0.50,0.50,0.47,0.37,0.38,0.37,0.33,0.33,0.58,0.36,0.36,1.12,0.81,0.81,0.68,0.53,0.51,0.52,0.51,0.58,0.40,0.36,0.46,0.32,0.31,0.38,0.50,0.48,0.44,0.39,0.39,0.40,0.38,0.34,0.33,0.39,0.53,0.51,0.47,0.42,0.42,0.46,0.30,0.30,0.31,0.29,0.29,0.29,0.30,0.30,0.30,0.30,0.29,0.27,0.29,0.29,0.27,0.27,0.27,0.27,0.27,0.27,0.28,0.26,0.26,0.27,0.26,0.27,0.27,0.27,0.28,0.29,0.32,0.29,0.30,0.29,0.33,0.31,0.29,0.30,0.29,0.29,0.28,0.28,0.28,0.27,0.28,0.28,0.27,0.52,0.27,0.27,0.27,0.27,0.27,0.27,0.28,0.27,0.28,0.30,0.29,0.28,0.26

========================================
  RM-65 未命中（无物理接触，规划距离 0.2636m，球拍到达了规划点但球不在该位置）
  [V12 EpisodeRunner 管线架构]
  ablation: full
  击打目标位置: [-0.694 -0.584  0.922]
  末端实际位置: [-0.439 -0.642  0.956]
  规划跟踪误差: 0.2636 m
  速度误差: 1.9354 m/s
  MPC 总步数: 271
  --- Tube 专用指标 ---
  最小球拍-球距离: 0.2063 m
  ball_near 步数: 0 = 0.0 ms
  tube_ready 步数: 0 = 0.0 ms
  击打时间误差: 0.0 ms
  击打位置误差: 0.2636 m
  --- 计算性能 ---
  总墙钟时间: 1.06s (MPC=1.06s)
  --- 执行层约束 ---
  max_qdot=1.00x, max_tcp=1.8m/s, max_face=3.1m/s
  击球类型: 未触球
========================================

__RESULT__: pos_error=0.263602 vel_error=1.935429 min_dist=0.206282 ball_near_ms=0.0 tube_ready_ms=0.0 max_tcp=1.80 max_qdot=1.00 max_face=3.1 hit_type=miss hit_time_error_ms=0.0 hit_pos_error=0.263602 v_racket_at_hit=0.000
2026-09-13 17:17:44,196 [INFO] __main__: [ablation] mode=full
2026-09-13 17:17:44,202 [INFO] __main__: serve-box auto params: horizon=120, iter=10, first_plan_iters=30, total_horizon=250, replan_interval=20, near_plan_iters=5
2026-09-13 17:17:44,223 [INFO] __main__: 关节限位: 仿真默认(default.yaml), TCP=1.8 m/s, terminal_exempt=20
2026-09-13 17:17:44,223 [INFO] __main__: 球拍初始位置: [-0.24136342  0.63027058  1.45576659]
2026-09-13 17:17:44,224 [DEBUG] src.tennis.ball: serve_box bounce (attempt=0): p0_z=1.53, vz0=-2.3, spd=9.0, t1=0.366, t2=0.594, z_err=0.33
2026-09-13 17:17:44,232 [INFO] __main__: 击打步数: 190, 击打位置: [-0.69413634 -0.58380192  0.92183567]
2026-09-13 17:17:44,232 [INFO] __main__: 随挥方向: [ 0.436 -0.887  0.153], 随挥步数: 60
2026-09-13 17:17:44,249 [INFO] __main__: 候选窗口已构建: best_k=190, candidates=20
2026-09-13 17:17:44,250 [INFO] src.cpp.solver_cpp: iLQR C++ 加速模块已加载
2026-09-13 17:17:44,250 [INFO] __main__: 开始 V12 EpisodeRunner，总步数=310 (MPC=250, 随挥=60)，击打步数=190
2026-09-13 17:17:44,250 [INFO] src.ilqt.async_replanner: AsyncReplanner: 后台规划线程已启动
2026-09-13 17:17:44,270 [INFO] src.ilqt.async_replanner: AsyncReplanner: 规划环境已创建（独立 MjData）
2026-09-13 17:17:44,273 [INFO] src.ilqt.async_replanner: AsyncReplanner: 规划环境已创建（独立 MjData）
2026-09-13 17:17:44,300 [DEBUG] src.ilqt.tube_cost: [Softmin诊断] 候选权重TOP3: k=190:w=0.061, k=191:w=0.060, k=189:w=0.060
2026-09-13 17:17:45,189 [INFO] src.ilqt.mpc_controller: REPLAN step=0 k_hit=190 iters=30 horizon=120 t=919ms
2026-09-13 17:17:45,190 [INFO] src.ilqt.mpc_controller: MPCController.start 完成: k_hit=190, p_hit=[-0.694 -0.584  0.922], buffer=120
2026-09-13 17:17:45,192 [INFO] src.ilqt.components.predictive_safety: [SAFETY_FILTER] beta=0.2: qdot entering overspeed, joint=3, |qdot|=4.83 > 3.93
2026-09-13 17:17:45,193 [INFO] src.ilqt.components.predictive_safety: [SAFETY_FILTER] beta=0.4: qdot entering overspeed, joint=0, |qdot|=3.25 > 3.14
2026-09-13 17:17:45,194 [INFO] src.ilqt.components.predictive_safety: [SAFETY_FILTER] beta=0.8: qdot entering overspeed, joint=0, |qdot|=3.22 > 3.14
2026-09-13 17:17:45,194 [INFO] src.ilqt.components.predictive_safety: [SAFETY_FILTER] beta=0.2: qdot entering overspeed, joint=0, |qdot|=3.64 > 3.14
2026-09-13 17:17:45,200 [DEBUG] src.ilqt.replan_core: FAR_JT step=0 k_hit=190 (JT gain=60, skip iLQR)
2026-09-13 17:17:45,200 [INFO] src.ilqt.async_replanner: ASYNC_PLAN done: step=0 k_hit=190 iters=0 horizon=0 t=9ms fast_lin=False ok=True
2026-09-13 17:17:45,210 [DEBUG] src.ilqt.replan_core: FAR_JT step=40 k_hit=150 (JT gain=60, skip iLQR)
2026-09-13 17:17:45,210 [INFO] src.ilqt.async_replanner: ASYNC_PLAN done: step=40 k_hit=150 iters=0 horizon=0 t=6ms fast_lin=False ok=True
2026-09-13 17:17:45,216 [DEBUG] src.ilqt.replan_core: FAR_JT step=60 k_hit=130 (JT gain=60, skip iLQR)
2026-09-13 17:17:45,217 [INFO] src.ilqt.async_replanner: ASYNC_PLAN done: step=60 k_hit=130 iters=0 horizon=0 t=6ms fast_lin=False ok=True
2026-09-13 17:17:45,223 [DEBUG] src.ilqt.replan_core: FAR_JT step=80 k_hit=110 (JT gain=60, skip iLQR)
2026-09-13 17:17:45,223 [INFO] src.ilqt.async_replanner: ASYNC_PLAN done: step=80 k_hit=110 iters=0 horizon=0 t=6ms fast_lin=False ok=True
2026-09-13 17:17:45,229 [INFO] src.ilqt.components.predictive_safety: [SAFETY_FILTER] beta=0.8: qdot entering overspeed, joint=5, |qdot|=4.32 > 3.93
2026-09-13 17:17:45,230 [DEBUG] src.ilqt.replan_core: FAR_JT step=100 k_hit=90 (JT gain=60, skip iLQR)
2026-09-13 17:17:45,230 [INFO] src.ilqt.async_replanner: ASYNC_PLAN done: step=100 k_hit=90 iters=0 horizon=0 t=5ms fast_lin=False ok=True
2026-09-13 17:17:45,231 [INFO] src.ilqt.components.predictive_safety: [SAFETY_FILTER] beta=0.6: qdot entering overspeed, joint=0, |qdot|=3.18 > 3.14
2026-09-13 17:17:45,231 [INFO] src.ilqt.components.predictive_safety: [SAFETY_FILTER] beta=0.2: qdot entering overspeed, joint=0, |qdot|=3.20 > 3.14
2026-09-13 17:17:45,232 [INFO] src.ilqt.components.predictive_safety: [SAFETY_FILTER] beta=0.2: qdot entering overspeed, joint=0, |qdot|=3.61 > 3.14
2026-09-13 17:17:45,232 [INFO] src.ilqt.components.predictive_safety: [SAFETY_FILTER] beta=0.2: qdot entering overspeed, joint=0, |qdot|=3.83 > 3.14
2026-09-13 17:17:45,233 [INFO] src.ilqt.components.predictive_safety: [SAFETY_FILTER] beta=0.2: qdot entering overspeed, joint=0, |qdot|=3.75 > 3.14
2026-09-13 17:17:45,238 [DEBUG] src.ilqt.replan_core: FAR_JT step=120 k_hit=70 (JT gain=60, skip iLQR)
2026-09-13 17:17:45,238 [INFO] src.ilqt.async_replanner: ASYNC_PLAN done: step=120 k_hit=70 iters=0 horizon=0 t=5ms fast_lin=False ok=True
2026-09-13 17:17:45,243 [DEBUG] src.ilqt.replan_core: FAR_JT step=129 k_hit=57 (JT gain=60, skip iLQR)
2026-09-13 17:17:45,243 [INFO] src.ilqt.async_replanner: ASYNC_PLAN done: step=129 k_hit=57 iters=0 horizon=0 t=5ms fast_lin=False ok=True
2026-09-13 17:17:45,247 [DEBUG] src.ilqt.replan_core: FAR_JT step=142 k_hit=170 (JT gain=60, skip iLQR)
2026-09-13 17:17:45,247 [INFO] src.ilqt.async_replanner: ASYNC_PLAN done: step=142 k_hit=170 iters=0 horizon=0 t=4ms fast_lin=False ok=True
2026-09-13 17:17:45,255 [DEBUG] src.ilqt.replan_core: FAR_JT step=155 k_hit=170 (JT gain=60, skip iLQR)
2026-09-13 17:17:45,255 [INFO] src.ilqt.async_replanner: ASYNC_PLAN done: step=155 k_hit=170 iters=0 horizon=0 t=8ms fast_lin=False ok=True
2026-09-13 17:17:45,260 [DEBUG] src.ilqt.replan_core: FAR_JT step=168 k_hit=170 (JT gain=60, skip iLQR)
2026-09-13 17:17:45,260 [INFO] src.ilqt.async_replanner: ASYNC_PLAN done: step=168 k_hit=170 iters=0 horizon=0 t=5ms fast_lin=False ok=True
2026-09-13 17:17:45,264 [INFO] src.ilqt.strategies.follow_through: 随挥触发: step=189, steps=60
2026-09-13 17:17:45,264 [DEBUG] src.ilqt.replan_core: FAR_JT step=180 k_hit=170 (JT gain=60, skip iLQR)
2026-09-13 17:17:45,264 [INFO] src.ilqt.async_replanner: ASYNC_PLAN done: step=180 k_hit=170 iters=0 horizon=0 t=4ms fast_lin=False ok=True
2026-09-13 17:17:45,282 [INFO] src.ilqt.async_replanner: AsyncReplanner: 后台规划线程已停止
2026-09-13 17:17:45,282 [INFO] src.ilqt.episode_runner: EpisodeRunner 完成: total_steps=251 safe_steps=251 mpc_done=True
2026-09-13 17:17:45,282 [DEBUG] src.ilqt.episode_runner: EpisodeRunner metrics 详情: {'total_steps': 251, 'safe_steps': 251, 'mpc_done': True, 'X_history': [array([-1.5  ,  1.57 , -0.236,  0.404,  0.446,  2.45 ,  0.   ,  0.   ,
        0.   ,  0.   ,  0.   ,  0.   ]), array([ 0.38449277,  1.41386809, -0.66662031, -0.18039735,  1.22946603,
        2.43961171,  0.74631649, -0.63345427,  0.33620686,  1.45957864,
       -0.40316956, -2.07765738]), array([ 0.39177315,  1.41452529, -0.66632183, -0.16756519,  1.21953286,
        2.43950781,  1.45607581,  0.13143975,  0.0596953 ,  2.56643327,
       -1.98663346, -0.02078143]), array([ 0.40241388,  1.41877547, -0.66906957, -0.1492132 ,  1.20699719,
        2.44917769,  2.12814631,  0.85003551, -0.54954771,  3.67039759,
       -2.50713352,  1.93397607]), array([ 0.41334974,  1.42347429, -0.67203894, -0.13029101,  1.19403105,
        2.45633779,  2.18717157,  0.93976483, -0.59387261,  3.78443853,
       -2.59322737,  1.43202018]), array([ 0.42646167,  1.43165872, -0.67725301, -0.1124882 ,  1.17854927,
        2.45306557,  2.62238542,  1.63688522, -1.04281523,  3.56056107,
       -3.09635755, -0.65444355]), array([ 0.44051238,  1.44078821, -0.68281475, -0.09299159,  1.16234574,
        2.45384094,  2.81014233,  1.82589898, -1.11234761,  3.89932257,
       -3.24070529,  0.15507431]), array([ 0.45608633,  1.4465794 , -0.68593881, -0.0745586 ,  1.14789615,
        2.46299271,  3.11479002,  1.15823687, -0.62481275,  3.6865982 ,
       -2.88991798,  1.83035416]), array([ 0.47172698,  1.45120395, -0.68800414, -0.05560654,  1.13423609,
        2.46970621,  3.12813015,  0.92491182, -0.4130642 ,  3.79041138,
       -2.73201266,  1.34269994]), array([ 0.48649123,  1.45152525, -0.68664539, -0.0408515 ,  1.12394652,
        2.48674532,  2.95285108,  0.06426004,  0.27174915,  2.95100745,
       -2.05791285,  3.40782093]), array([ 0.50135859,  1.45488089, -0.68671906, -0.02307842,  1.1125666 ,
        2.49248652,  2.97347138,  0.67112761, -0.01473408,  3.55461731,
       -2.27598531,  1.14823986]), array([ 0.51522611,  1.45437084, -0.68441639, -0.00972249,  1.10380358,
        2.50862815,  2.77350286, -0.10200973,  0.46053486,  2.67118477,
       -1.75260359,  3.22832782]), array([ 0.52921682,  1.45692772, -0.68359894,  0.00678184,  1.0939047 ,
        2.51349459,  2.79814211,  0.51137582,  0.16348828,  3.30086541,
       -1.97977473,  0.97328643]), array([ 0.54223589,  1.45562968, -0.6804671 ,  0.01882666,  1.08662783,
        2.52880963,  2.60381478, -0.25960814,  0.62636971,  2.4089643 ,
       -1.45537376,  3.06300794]), array([ 0.55540531,  1.4574256 , -0.67885687,  0.03415041,  1.07818211,
        2.5328707 ,  2.63388338,  0.3591838 ,  0.32204583,  3.06475133,
       -1.68914547,  0.81221557]), array([ 0.56763075,  1.4553797 , -0.67498747,  0.04498008,  1.07234952,
        2.54742348,  2.44508945, -0.40917991,  0.77387952,  2.16593411,
       -1.16651713,  2.91055541]), array([ 0.58003122,  1.45645338, -0.67267097,  0.05920922,  1.06532145,
        2.55074272,  2.48009274,  0.21473488,  0.46329957,  2.84582618,
       -1.40561516,  0.66384684]), array([ 0.59153556,  1.4537365 , -0.66809871,  0.06952987,  1.06095995,
        2.5441633 ,  2.30086909, -0.5433762 ,  0.91445275,  2.06413011,
       -0.8722994 , -1.31588297]), array([ 0.60313941,  1.45411676, -0.66517424,  0.08262635,  1.05539231,
        2.54763164,  2.32076942,  0.07605257,  0.58489264,  2.61929647,
       -1.11352707,  0.69366781]), array([ 0.61390666,  1.45073522, -0.66003197,  0.09184424,  1.05237363,
        2.54120183,  2.15344913, -0.67630827,  1.02845566,  1.84357871,
       -0.60373723, -1.28596279]), array([ 0.6247953 ,  1.45047697, -0.65657786,  0.10393013,  1.04813588,
        2.54480431,  2.17772824, -0.05164918,  0.69082097,  2.41717846,
       -0.84754874,  0.72049709]), array([ 0.63487558,  1.44647003, -0.65092734,  0.11214109,  1.04640832,
        2.53850761,  2.01605643, -0.80138864,  1.13010399,  1.64219221,
       -0.34551338, -1.25933969]), array([ 0.6450953 ,  1.44561108, -0.64700034,  0.12330299,  1.04345085,
        2.54222995,  2.04394342, -0.17179009,  0.78540004,  2.23237819,
       -0.59149265,  0.74446763]), array([ 0.65452153,  1.44102009, -0.64090381,  0.13058446,  1.04295891,
        2.53605154,  1.8852468 , -0.91819687,  1.21930632,  1.45629575,
       -0.09838932, -1.23568286]), array([ 0.66310086,  1.43955039, -0.63664772,  0.13372559,  1.04119198,
        2.54051462,  1.71586618, -0.29394061,  0.85121821,  0.62822434,
       -0.35338532,  0.89261657]), array([ 0.67205093,  1.4343373 , -0.62991687,  0.14054425,  1.04187081,
        2.53438304,  1.79001332, -1.04261842,  1.34616967,  1.36373217,
        0.13576593, -1.22631597]), array([ 0.68013322,  1.43234016, -0.62528248,  0.14322145,  1.04121775,
        2.53889623,  1.61645776, -0.39942683,  0.92687814,  0.53543969,
       -0.13061156,  0.90263891]), array([ 0.68858754,  1.42663225, -0.61820907,  0.14957254,  1.04296679,
        2.53281165,  1.69086432, -1.1415837 ,  1.41468145,  1.27021878,
        0.34980735, -1.2169167 ]), array([ 0.6961966 ,  1.42414445, -0.61323892,  0.15183607,  1.04338469,
        2.53736758,  1.52181227, -0.49755849,  0.99403119,  0.45270698,
        0.08358004,  0.91118641]), array([ 0.70419444,  1.41797352, -0.60585087,  0.15778353,  1.04615787,
        2.5313233 ,  1.59956782, -1.23418694,  1.47760898,  1.18949038,
        0.5546361 , -1.20885644]), array([ 0.71236697,  1.41509182, -0.6004588 ,  0.16685679,  1.0476266 ,
        2.53528145,  1.63450626, -0.57633989,  1.07841387,  1.81465222,
        0.29374535,  0.7916289 ]), array([ 0.71976447,  1.40852718, -0.59292768,  0.17203479,  1.05142449,
        2.52932816,  1.47949973, -1.3129285 ,  1.50622338,  1.03560014,
        0.75957836, -1.19065622]), array([ 0.72742778,  1.40522301, -0.58727521,  0.18048444,  1.05393459,
        2.53336709,  1.53266164, -0.66083391,  1.13049428,  1.68993076,
        0.50202079,  0.80778582]), array([ 0.73434353,  1.39825222, -0.57949264,  0.18506181,  1.05869649,
        2.52748853,  1.38315112, -1.3941581 ,  1.55651488,  0.91547287,
        0.9523799 , -1.17571302]), array([ 0.74153581,  1.39455658, -0.57360549,  0.19296216,  1.0621909 ,
        2.53159908,  1.43845572, -0.73912753,  1.17742903,  1.58007135,
        0.69888173,  0.82210954]), array([ 0.74798822,  1.38721306, -0.56560533,  0.19699473,  1.06785867,
        2.5257861 ,  1.29048212, -1.46870353,  1.60003233,  0.80651279,
        1.13355344, -1.16259573]), array([ 0.75372867,  1.38305908, -0.5596399 ,  0.19727783,  1.07229567,
        2.53057834,  1.14808878, -0.83079601,  1.193087  ,  0.05662069,
        0.88740114,  0.95844852]), array([ 0.75992584,  1.37519471, -0.55095303,  0.2012678 ,  1.07898405,
        2.52475389,  1.23943441, -1.57287473,  1.73737364,  0.79799483,
        1.33767541, -1.1648896 ]), array([ 0.76535177,  1.36344036, -0.53979152,  0.20088575,  1.08869676,
        2.52979311,  1.08518696, -2.3508697 ,  2.23230152, -0.07641042,
        1.94254289,  1.00784383]), array([ 0.77125908,  1.35517586, -0.53060688,  0.20480663,  1.09703176,
        2.5239364 ,  1.18146091, -1.65289886,  1.83692904,  0.78417634,
        1.66699941, -1.17134117]), array([ 0.77641593,  1.34345689, -0.51974218,  0.20437216,  1.10716163,
        2.5289682 ,  1.03137019, -2.34379545,  2.17294007, -0.08689533,
        2.02597403,  1.00635908]), array([ 0.78210112,  1.33522437, -0.51087534,  0.20827261,  1.11602371,
        2.52311551,  1.13703836, -1.64650359,  1.77336658,  0.78009033,
        1.772415  , -1.17053896]), array([ 0.78700506,  1.32354641, -0.5003092 ,  0.20781096,  1.12655266,
        2.52814072,  0.9807876 , -2.33559244,  2.11322919, -0.09233008,
        2.10579116,  1.00504296]), array([ 0.79248154,  1.31534574, -0.49173785,  0.21171272,  1.1359168 ,
        2.52229295,  1.09529708, -1.64013368,  1.71426868,  0.78035248,
        1.8728272 , -1.1695532 ]), array([ 0.79714907,  1.30370866, -0.48144969,  0.21124925,  1.14681698,
        2.52731199,  0.9335044 , -2.3274166 ,  2.05763222, -0.09269485,
        2.18003688,  1.00380636]), array([ 0.8024311 ,  1.29554041, -0.4731528 ,  0.21517369,  1.15665789,
        2.5214702 ,  1.05640664, -1.63364923,  1.6593777 ,  0.78488913,
        1.96818071, -1.16835774]), array([ 0.80688018,  1.2839446 , -0.4631233 ,  0.21473374,  1.167902  ,
        2.52648358,  0.88981715, -2.31916214,  2.00590069, -0.08798954,
        2.24882227,  1.00267604]), array([ 0.81199719,  1.27580858, -0.45507602,  0.2187164 ,  1.17819473,
        2.52064843,  1.02340158, -1.62720447,  1.60945584,  0.79653029,
        2.05854543, -1.16702877]), array([ 0.81728372,  1.26436061, -0.44511566,  0.22527467,  1.18974921,
        2.52512818,  1.05730624, -2.28959265,  1.99207284,  1.31165461,
        2.31089704,  0.89594846]), array([ 0.82199879,  1.25624116, -0.43729905,  0.22888227,  1.20055185,
        2.51934824,  0.94301285, -1.62389134,  1.56332164,  0.72152088,
        2.16052753, -1.15598764]), array([ 0.82702329,  1.24483751, -0.42757892,  0.23519431,  1.21244297,
        2.52388383,  1.00490019, -2.28072949,  1.94402639,  1.26240784,
        2.37822445,  0.90711837]), array([ 0.83149502,  1.2367514 , -0.41999754,  0.23861566,  1.22369055,
        2.51815099,  0.89434558, -1.61722214,  1.51627612,  0.68426981,
        2.24951509, -1.1465685 ]), array([ 0.8362953 ,  1.22539443, -0.41049927,  0.24474494,  1.23588101,
        2.522737  ,  0.96005637, -2.27139412,  1.89965253,  1.22585603,
        2.43809221,  0.91720252]), array([ 0.84055116,  1.21734392, -0.40313063,  0.24802984,  1.24753849,
        2.51704629,  0.85117144, -1.61010185,  1.47372825,  0.65698048,
        2.33149751, -1.13814131]), array([ 0.84515224,  1.20603572, -0.39383756,  0.25402307,  1.25999748,
        2.52167837,  0.92021671, -2.26163908,  1.85861389,  1.19864537,
        2.49179621,  0.92641516]), array([ 0.84921776,  1.19802405, -0.38666259,  0.25721599,  1.27203209,
        2.51602568,  0.81310457, -1.60233452,  1.43499463,  0.63858452,
        2.40692355, -1.13053754]), array([ 0.85364314,  1.18677499, -0.37758172,  0.26311406,  1.28472137,
        2.52070111,  0.88507518, -2.24981242,  1.81617298,  1.17961361,
        2.53785499,  0.93508542]), array([ 0.85753428,  1.17889533, -0.37083473,  0.26623528,  1.29698749,
        2.51509383,  0.77822765, -1.57593156,  1.34939948,  0.62424348,
        2.45322528, -1.12145571]), array([ 0.86184736,  1.17486705, -0.3669911 ,  0.27294267,  1.30677858,
        2.51963756,  0.86261734, -0.80565585,  0.7687256 ,  1.34147735,
        1.95821748,  0.90874647]), array([ 0.86539404,  1.16731431, -0.36104377,  0.27578325,  1.31734242,
        2.51413235,  0.70933558, -1.5105474 ,  1.1894662 ,  0.56811747,
        2.1127674 , -1.10104256]), array([ 0.8695161 ,  1.16300833, -0.35683149,  0.28242397,  1.32770412,
        2.5187062 ,  0.82441263, -0.86119765,  0.8424551 ,  1.32814313,
        2.07234023,  0.91477001]), array([ 0.87289952,  1.15518764, -0.35051312,  0.28521853,  1.33870071,
        2.51321994,  0.67668241, -1.56413698,  1.26367548,  0.55891283,
        2.19931732, -1.09725202]), array([ 0.87686394,  1.15063387, -0.34593141,  0.29183775,  1.34952083,
        2.51782276,  0.79288558, -0.91075487,  0.91634179,  1.32384303,
        2.16402513,  0.92056423]), array([ 0.88011101,  1.14257462, -0.33927492,  0.29462049,  1.36091892,
        2.51235407,  0.64941229, -1.61184964,  1.33129702,  0.55654824,
        2.27961769, -1.09373909]), array([ 0.88394328,  1.13780237, -0.33435464,  0.30125051,  1.37216639,
        2.5169854 ,  0.76645484, -0.95444878,  0.98405649,  1.32600387,
        2.24949351,  0.92626634]), array([ 0.88707903,  1.12953211, -0.32738966,  0.30405143,  1.38393421,
        2.51153329,  0.62714925, -1.65405343,  1.39299511,  0.5601839 ,
        2.35356343, -1.09042192]), array([ 0.89080426,  1.12456883, -0.3221585 ,  0.31072211,  1.39557931,
        2.51619296,  0.74504654, -0.99265496,  1.04623249,  1.33413727,
        2.32902045,  0.93193409]), array([ 0.89385368,  1.11611321, -0.31491163,  0.31356889,  1.40768635,
        2.51075673,  0.60988362, -1.69112508,  1.44937452,  0.5693554 ,
        2.42140771, -1.08724596]), array([ 0.89749678,  1.11098494, -0.30939547,  0.32030783,  1.41970029,
        2.51544485,  0.72861982, -1.02565345,  1.10323161,  1.34778669,
        2.4027889 ,  0.93762346]), array([ 0.90048397,  1.10237385, -0.30190892,  0.32322416,  1.43210991,
        2.5100249 ,  0.59743901, -1.722218  ,  1.49731065,  0.58326786,
        2.48192449, -1.08398902]), array([ 0.90406019,  1.09718653, -0.29638178,  0.33003533,  1.44436244,
        2.51475402,  0.7152438 , -1.03746472,  1.10542703,  1.36223223,
        2.45050514,  0.94582402]), array([ 0.90708561,  1.09557626, -0.29360651,  0.33418027,  1.45480077,
        2.50923057,  0.6050845 , -0.32205385,  0.55505497,  0.82898959,
        2.08766555, -1.10469012]), array([ 0.91050025,  1.09049629, -0.28852969,  0.34090443,  1.46552989,
        2.51406307,  0.68292738, -1.01599371,  1.01536383,  1.34483223,
        2.14582526,  0.96650043]), array([ 0.91344996,  1.08843287, -0.28492448,  0.34511663,  1.47654633,
        2.50854429,  0.58994269, -0.41268414,  0.72104091,  0.84243876,
        2.2032882 , -1.10375689]), array([ 0.91679321,  1.08291352, -0.27903481,  0.35189427,  1.48779757,
        2.51338616,  0.66864917, -1.10386883,  1.17793398,  1.35552897,
        2.25024744,  0.96837522]), array([ 0.91969748,  1.08044952, -0.27465539,  0.35620079,  1.4992909 ,
        2.50787494,  0.5808544 , -0.49280141,  0.87588412,  0.86130281,
        2.29866556, -1.102245  ]), array([ 0.92299501,  1.07453899, -0.26801973,  0.36305328,  1.51102102,
        2.51272855,  0.65950607, -1.18210587,  1.32713274,  1.37049875,
        2.34602362,  0.97072208]), array([ 0.92587937,  1.07172125, -0.26292982,  0.36747349,  1.52295374,
        2.50722732,  0.57687083, -0.56354722,  1.01798143,  0.88404154,
        2.38654385, -1.10024521]), array([ 0.92915624,  1.06546404, -0.2556078 ,  0.3744201 ,  1.53511904,
        2.5120949 ,  0.655375  , -1.25144259,  1.46440419,  1.38932218,
        2.43306154,  0.97351461]), array([ 0.93204619,  1.0623357 , -0.24986396,  0.3789717 ,  1.54745473,
        2.50660591,  0.57798963, -0.62566751,  1.14876868,  0.91032021,
        2.46713808, -1.09779665]), array([ 0.9353269 ,  1.05577223, -0.24190716,  0.38602969,  1.56001365,
        2.51148942,  0.65614266, -1.31269476,  1.59135895,  1.41159861,
        2.51178352,  0.97670116]), array([ 0.93823393,  1.05236751, -0.235543  ,  0.39071729,  1.5727249 ,
        2.50601416,  0.58140514, -0.68094312,  1.27283222,  0.93751996,
        2.54224862, -1.09505125]), array([ 0.94053549,  1.04523146, -0.22696971,  0.39137391,  1.58576819,
        2.51111429,  0.46031196, -1.42720959,  1.71465824,  0.13132247,
        2.60865842,  1.02002482]), array([ 0.94356727,  1.03440518, -0.21509104,  0.39517927,  1.60017109,
        2.50569051,  0.60635653, -2.1652558 ,  2.37573366,  0.76107321,
        2.88058103, -1.08475595]), array([ 0.94610415,  1.02701517, -0.2055498 ,  0.39642265,  1.61441824,
        2.51072618,  0.50737607, -1.47800246,  1.90824872,  0.24867499,
        2.84943022,  1.00713379]), array([ 0.94936453,  1.01631261, -0.19396587,  0.40055807,  1.62875867,
        2.52569976,  0.65207673, -2.14051303,  2.31678534,  0.82708444,
        2.8680857 ,  2.99471655]), array([ 0.95249706,  1.00901933, -0.18435119,  0.40262119,  1.64310948,
        2.52990442,  0.62650585, -1.45865449,  1.92293683,  0.41262443,
        2.87016091,  0.84093167]), array([ 0.95615161,  0.99843823, -0.1728531 ,  0.40736475,  1.65747809,
        2.5440971 ,  0.73090967, -2.11622149,  2.29961778,  0.94871099,
        2.87372253,  2.83853625]), array([ 0.95969166,  0.99127147, -0.16328473,  0.41002557,  1.67192586,
        2.54755353,  0.70800998, -1.43335052,  1.91367331,  0.53216508,
        2.8895536 ,  0.69128678]), array([ 0.96376561,  0.98081436, -0.15186981,  0.41535148,  1.68629551,
        2.56103404,  0.81478897, -2.09142262,  2.28298441,  1.06518224,
        2.87393032,  2.69610229]), array([ 0.96872128,  0.97408449, -0.14235973,  0.42508623,  1.70072498,
        2.56369718,  0.9911357 , -1.34597434,  1.90201601,  1.94695026,
        2.88589484,  0.53262739]), array([ 0.97315026,  0.97092968, -0.13559764,  0.43212445,  1.714558  ,
        2.57654207,  0.88579482, -0.63096185,  1.35241729,  1.40764234,
        2.76660411,  2.56897742]), array([ 0.97832301,  0.96429769, -0.12645253,  0.44193151,  1.72824673,
        2.57864784,  1.03455078, -1.32639823,  1.8290231 ,  1.96141229,
        2.73774554,  0.42115414]), array([ 0.98304388,  0.96092965, -0.11882276,  0.44925126,  1.7424038 ,
        2.57050925,  0.94417316, -0.67360839,  1.52595442,  1.46395018,
        2.83141342, -1.62771761]), array([ 0.98809626,  0.95409935, -0.10910037,  0.45889541,  1.75633914,
        2.5728828 ,  1.01047582, -1.36605859,  1.94447703,  1.92882946,
        2.78706815,  0.47470957]), array([ 0.99294314,  0.95055812, -0.10083381,  0.46626443,  1.77070482,
        2.56498935,  0.96937571, -0.70824677,  1.65331213,  1.47380475,
        2.87313618, -1.57868924]), array([ 0.99717463,  0.94326972, -0.09069462,  0.46943161,  1.78481577,
        2.56765468,  0.84629924, -1.45768004,  2.02783858,  0.63343556,
        2.82219068,  0.5330659 ]), array([ 1.00143698,  0.939294  , -0.08190877,  0.47068566,  1.79926467,
        2.56001522,  0.8524693 , -0.79514316,  1.75716908,  0.25081098,
        2.88977833, -1.52789199]), array([ 1.00617917,  0.93183545, -0.07099534,  0.47455336,  1.81339873,
        2.56285694,  0.94843739, -1.49171068,  2.18268659,  0.77354004,
        2.82681237,  0.56834443]), array([ 1.0108897 ,  0.92777331, -0.06176904,  0.47641964,  1.82780003,
        2.57577123,  0.94210778, -0.81242851,  1.84525973,  0.37325639,
        2.88026046,  2.58285754]), array([ 1.01666769,  0.92013786, -0.04992775,  0.48131864,  1.84199993,
        2.5779231 ,  1.15559631, -1.52708895,  2.36825864,  0.97979855,
        2.83998007,  0.43037467]), array([ 1.02289947,  0.90896348, -0.03558777,  0.48875379,  1.85614899,
        2.59013792,  1.24635609, -2.23487675,  2.86799484,  1.48703056,
        2.82981281,  2.44296304]), array([ 1.03027369,  0.90164322, -0.02285802,  0.50077307,  1.8706963 ,
        2.59169725,  1.47484446, -1.46405291,  2.54594976,  2.40385619,
        2.90946069,  0.31186519]), array([ 1.03709666,  0.89058621, -0.00824356,  0.50840002,  1.88504826,
        2.58298276,  1.36459376, -2.21140056,  2.9228922 ,  1.5253889 ,
        2.87039265, -1.74289642]), array([ 1.0435673 ,  0.88313931,  0.00434424,  0.51371265,  1.89985796,
        2.58483623,  1.29412914, -1.48938101,  2.51756146,  1.06252792,
        2.9619409 ,  0.37069413]), array([ 1.05108938,  0.87225832,  0.01896189,  0.52182546,  1.91418407,
        2.5764176 ,  1.5044159 , -2.17619709,  2.92352873,  1.62256101,
        2.86522089, -1.68372755]), array([ 1.058167  ,  0.86502699,  0.03150356,  0.52755843,  1.92903782,
        2.57855795,  1.41552402, -1.44626551,  2.50833476,  1.14659344,
        2.97074995,  0.42807168]), array([ 1.06653851,  0.8616974 ,  0.04235391,  0.53800284,  1.94431115,
        2.57051409,  1.67430107, -0.66591986,  2.17007005,  2.08888315,
        3.05466612, -1.60877311]), array([ 1.07423155,  0.85434457,  0.05567398,  0.5440194 ,  1.95914293,
        2.57287183,  1.53860863, -1.47056455,  2.66401438,  1.20331221,
        2.96635678,  0.47154899]), array([ 1.0832468 ,  0.84332897,  0.07184216,  0.55309568,  1.97358714,
        2.58525347,  1.80305026, -2.20312068,  3.23363608,  1.81525587,
        2.88884107,  2.47632694]), array([ 1.09373288,  0.82880425,  0.09044648,  0.56505495,  1.98756745,
        2.58689718,  2.09721467, -2.90494484,  3.7208626 ,  2.39185345,
        2.79606163,  0.32874306]), array([ 1.10400116,  0.81811256,  0.10692395,  0.57470345,  2.0023856 ,
        2.59867605,  2.05365602, -2.13833695,  3.29549384,  1.92969945,
        2.96362982,  2.35577303]), array([ 1.11584457,  0.81075351,  0.12187737,  0.58848766,  2.01774929,
        2.61823415,  2.36868371, -1.47181063,  2.99068414,  2.75684154,
        3.07273967,  3.91162017]), array([ 1.12912078,  0.79936325,  0.13962745,  0.59871289,  2.03258817,
        2.62654559,  2.65524115, -2.27805176,  3.55001717,  2.04504673,
        2.96777487,  1.66228892]), array([ 1.14321146,  0.79160619,  0.15653443,  0.60706409,  2.04870026,
        2.62423447,  2.81813646, -1.55141115,  3.38139553,  1.6702397 ,
        3.22241802, -0.46222531]), array([ 1.15815786,  0.78172064,  0.17491102,  0.61692161,  2.06427686,
        2.61588252,  2.98927958, -1.97710978,  3.67531869,  1.97150497,
        3.11532086, -1.67038989]), array([ 1.17284449,  0.77284781,  0.19262927,  0.62725965,  2.07990555,
        2.60999261,  2.93732669, -1.77456749,  3.54364849,  2.06760838,
        3.12573725, -1.17798176]), array([ 1.18772722,  0.76327641,  0.21087875,  0.6366713 ,  2.09535603,
        2.6063316 ,  2.97654545, -1.91427863,  3.64989735,  1.88232914,
        3.0900962 , -0.73220273]), array([ 1.20298249,  0.75307314,  0.22976843,  0.6464858 ,  2.11067556,
        2.60077192,  3.05105304, -2.04065384,  3.77793584,  1.96289975,
        3.06390523, -1.1119344 ]), array([ 1.21845682,  0.74218692,  0.24922547,  0.6553325 ,  2.12585861,
        2.59334079,  3.0948671 , -2.17724467,  3.89140781,  1.76933989,
        3.03661137, -1.48622683]), array([ 1.22862027,  0.73629138,  0.25987459,  0.659077  ,  2.13914673,
        2.59704075,  2.03268863, -1.17910845,  2.12982451,  0.74890049,
        2.65762295,  0.7399925 ]), array([ 1.24186894,  0.7297297 ,  0.27019955,  0.66096556,  2.15655019,
        2.59189604,  0.79317541, -0.18640046,  0.21866371, -0.31585341,
        1.56769957, -1.48180798]), array([ 1.24374542,  0.73212228,  0.26401047,  0.65496315,  2.16430988,
        2.57464111, -0.32888564,  0.69026833, -1.39378176, -1.07856376,
        0.60874476, -2.669725  ]), array([ 1.23538067,  0.74249301,  0.24389924,  0.64327427,  2.1635737 ,
        2.55461813, -1.33632376,  1.47419695, -2.75715582, -1.62733142,
       -0.24079154, -2.55895738]), array([ 1.21788065,  0.76003716,  0.21205267,  0.62737097,  2.1553024 ,
        2.54008101, -2.23179648,  2.18089743, -3.90854798, -2.03598506,
       -0.99877893, -1.51237031]), array([ 1.20741163,  0.76996473,  0.19472378,  0.6199688 ,  2.14869766,
        2.53593363, -2.09380276,  1.98551301, -3.46577894, -1.48043402,
       -1.32094883, -0.82947635]), array([ 1.19753278,  0.77899169,  0.17929219,  0.61482798,  2.1408367 ,
        2.53366164, -1.97577102,  1.80539206, -3.08631852, -1.02816489,
       -1.57219244, -0.45439772]), array([ 1.18815866,  0.7871895 ,  0.16548479,  0.61153061,  2.13200526,
        2.53241648, -1.87482305,  1.63956215, -2.76147908, -0.65947434,
       -1.76628727, -0.24903139]), array([ 1.17921671,  0.79462389,  0.1530672 ,  0.60973601,  2.12243345,
        2.53173097, -1.78839019,  1.48687849, -2.48351774, -0.35891933,
       -1.91436166, -0.1371025 ]), array([ 1.17064555,  0.80135476,  0.14183884,  0.60916504,  2.11230626,
        2.53134849, -1.71423255,  1.34617372, -2.24567322, -0.1141939 ,
       -2.02543901, -0.07649665]), array([ 1.16239343,  0.80743643,  0.13162829,  0.60958816,  2.10177201,
        2.5311286 , -1.65042459,  1.21633425, -2.04210882,  0.08462378,
       -2.1068494 , -0.04397672]), array([ 1.1544168 ,  0.8129181 ,  0.1222892 ,  0.61081614,  2.09094926,
        2.53099491, -1.5953253 ,  1.09633519, -1.86781812,  0.24559712,
       -2.16454883, -0.02673844]), array([ 1.14667908,  0.81784437,  0.11369659,  0.61269271,  2.0799324 ,
        2.5309062 , -1.54754352,  0.98525241, -1.71852145,  0.37531368,
       -2.20337241, -0.01774292]), array([ 1.13914956,  0.82225568,  0.10574376,  0.61508858,  2.06879621,
        2.53084052, -1.50590347,  0.88226242, -1.59056618,  0.47917394,
       -2.2272384 , -0.0131359 ]), array([ 1.1318025 ,  0.82618886,  0.09833958,  0.61789666,  2.05759964,
        2.53078642, -1.46941313,  0.78663621, -1.48083621,  0.56161559,
       -2.23931444, -0.01082021]), array([ 1.12461632,  0.82967751,  0.09140622,  0.62102812,  2.04638887,
        2.53073808, -1.4372362 ,  0.69773039, -1.38667263,  0.62629129,
       -2.24215367, -0.00966616]), array([ 1.11757298,  0.8327524 ,  0.08487719,  0.62440918,  2.03519984,
        2.53069271, -1.40866786,  0.61497758, -1.30580506,  0.67621156,
       -2.23780669, -0.0090747 ]), array([ 1.11065741,  0.83544179,  0.07869573,  0.62797848,  2.02406027,
        2.53064903, -1.38311401,  0.53787702, -1.23629317,  0.71386057,
       -2.22791364, -0.00873606]), array([ 1.10385704,  0.83777171,  0.07281334,  0.63168493,  2.01299137,
        2.53060655, -1.36007372,  0.46598591, -1.17647686,  0.7412905 ,
       -2.21378009, -0.00849663]), array([ 1.09716142,  0.83976627,  0.06718867,  0.63548592,  2.00200917,
        2.53056512, -1.33912445,  0.39891158, -1.1249342 ,  0.76019869,
       -2.19643946, -0.00828561]), array([ 1.09056187,  0.8414478 ,  0.06178644,  0.63934588,  1.99112565,
        2.53052474, -1.31990954,  0.33630474, -1.08044584,  0.77199073,
       -2.1767044 , -0.00807509]), array([ 1.08405123,  0.84283706,  0.05657662,  0.64323504,  1.9803496 ,
        2.53048545, -1.30212785,  0.2778535 , -1.04196488,  0.77783232,
       -2.15520899, -0.00785823]), array([ 1.07762361,  0.84395346,  0.05153366,  0.6471285 ,  1.96968739,
        2.53044726, -1.28552494,  0.22327834, -1.00859154,  0.77869169,
       -2.13244345, -0.00763777]), array([ 1.07127418,  0.84481509,  0.0466359 ,  0.65100537,  1.95914347,
        2.53041016, -1.26988573,  0.1723277 , -0.9795516 ,  0.77537444,
       -2.10878251, -0.00741998]), array([ 1.06499904,  0.84543897,  0.04186501,  0.65484813,  1.94872093,
        2.53037411, -1.25502842,  0.12477435, -0.95417831,  0.76855218,
       -2.0845087 , -0.00721165]), array([ 1.05879504,  0.84584103,  0.03720553,  0.65864206,  1.93842177,
        2.53033901, -1.24079928,  0.08041218, -0.93189692,  0.75878601,
       -2.0598313 , -0.00701875]), array([ 1.0526597 ,  0.84603629,  0.03264447,  0.66237479,  1.92824726,
        2.53030478, -1.22706835,  0.03905352, -0.91221172,  0.74654585,
       -2.0349019 , -0.0068459 ]), array([ 1.04659107e+00,  8.46038928e-01,  2.81709941e-02,  6.66035921e-01,
        1.91819813e+00,  2.53027130e+00, -1.21372583e+00,  5.26866033e-04,
       -8.94694861e-01,  7.32226259e-01, -2.00982697e+00, -6.69629112e-03]), array([ 1.04058767,  0.8458623 ,  0.02377611,  0.66961672,  1.90827474,
        2.53023844, -1.20067903, -0.03532508, -0.87897702,  0.71615951,
       -1.98467805, -0.00657179]), array([ 1.03464842,  0.84551907,  0.01945241,  0.67310985,  1.89847724,
        2.53020608, -1.18784982, -0.06864707, -0.86473935,  0.69862631,
       -1.95950009, -0.00647314]), array([ 1.02877256,  0.8450212 ,  0.01519388,  0.67650917,  1.88880565,
        2.53017408, -1.17517248, -0.09957278, -0.85170661,  0.67986462,
       -1.93431806, -0.00640022]), array([ 1.0229596 ,  0.84438007,  0.01099567,  0.67980956,  1.87925994,
        2.53014231, -1.16259187, -0.12822598, -0.83964138,  0.66007691,
       -1.90914231, -0.00635218]), array([ 1.01720929,  0.84360647,  0.00685398,  0.68300674,  1.86984007,
        2.53011068, -1.15006195, -0.15472164, -0.828339  ,  0.63943618,
       -1.88397283, -0.00632767]), array([ 1.01152157,  0.84271063,  0.00276586,  0.68609719,  1.86054606,
        2.53007905, -1.13754446, -0.17916686, -0.81762336,  0.61809083,
       -1.85880263, -0.00632498]), array([ 1.00589653e+00,  8.41702323e-01, -1.27085507e-03,  6.89078037e-01,
        1.85137796e+00,  2.53004734e+00, -1.12500782e+00, -2.01661604e-01,
       -8.07343117e-01,  5.96168744e-01, -1.83362042e+00, -6.34216066e-03]), array([ 1.0003344 ,  0.84059083, -0.0052577 ,  0.69194694,  1.84233589,
        2.53001545, -1.11242622, -0.22229948, -0.79736862,  0.57378066,
       -1.80841265, -0.00637714]), array([ 0.99483551,  0.83938498, -0.00919564,  0.69470205,  1.83342007,
        2.52998332, -1.09977885, -0.2411683 , -0.78758913,  0.55102288,
       -1.78316511, -0.00642777]), array([ 0.98940026,  0.83809323, -0.0130852 ,  0.69734195,  1.82463075,
        2.52995086, -1.08704921, -0.25835063, -0.77791043,  0.52797961,
       -1.75786416, -0.00649192]), array([ 0.98402914,  0.83672361, -0.01692646,  0.69986558,  1.81596826,
        2.52991802, -1.07422456, -0.27392426, -0.76825284,  0.50472477,
       -1.73249758, -0.00656751]), array([ 0.97872266,  0.8352838 , -0.02071921,  0.70227219,  1.80743298,
        2.52988476, -1.06129539, -0.28796263, -0.7585494 ,  0.48132361,
       -1.7070552 , -0.00665253]), array([ 0.97348138,  0.83378112, -0.02446293,  0.70456136,  1.79902534,
        2.52985103, -1.04825506, -0.30053522, -0.7487443 ,  0.45783396,
       -1.68152936, -0.00674508]), array([ 0.96830589,  0.83222258, -0.02815689,  0.7067329 ,  1.79074576,
        2.52981681, -1.03509943, -0.31170786, -0.73879157,  0.43430732,
       -1.65591518, -0.00684339]), array([ 0.96319676,  0.83061487, -0.03180016,  0.70878685,  1.78259471,
        2.52978208, -1.02182649, -0.32154305, -0.72865389,  0.4107897 ,
       -1.63021066, -0.00694582]), array([ 0.95815457,  0.82896437, -0.03539166,  0.71072346,  1.77457262,
        2.52974683, -1.0084362 , -0.33010021, -0.71830153,  0.38732242,
       -1.60441671, -0.00705086]), array([ 0.95317992,  0.82727719, -0.03893022,  0.71254317,  1.76667994,
        2.52971104, -0.99493013, -0.33743597, -0.70771143,  0.36394265,
       -1.57853717, -0.00715716]), array([ 0.94827337,  0.82555916, -0.04241455,  0.71424659,  1.75891705,
        2.52967473, -0.98131137, -0.34360434, -0.69686644,  0.34068398,
       -1.55257861, -0.00726348]), array([ 0.94343545,  0.82381588, -0.04584333,  0.71583448,  1.75128429,
        2.52963788, -0.96758427, -0.34865695, -0.68575457,  0.31757682,
       -1.52655027, -0.00736874]), array([ 0.93866667,  0.82205266, -0.04921517,  0.71730772,  1.74378198,
        2.52960052, -0.95375434, -0.35264319, -0.6743684 ,  0.29464873,
       -1.50046379, -0.00747197]), array([ 0.93396753,  0.82027461, -0.05252869,  0.71866735,  1.73641031,
        2.52956266, -0.93982807, -0.35561045, -0.66270445,  0.27192479,
       -1.47433307, -0.00757234]), array([ 0.92933847,  0.81848659, -0.0557825 ,  0.71991449,  1.72916944,
        2.52952432, -0.92581281, -0.35760419, -0.65076277,  0.2494278 ,
       -1.44817399, -0.00766913]), array([ 0.92477989,  0.81669325, -0.05897524,  0.72105038,  1.72205942,
        2.52948551, -0.9117167 , -0.35866815, -0.63854643,  0.22717855,
       -1.42200422, -0.00776171]), array([ 0.92029214,  0.81489903, -0.06210554,  0.72207636,  1.7150802 ,
        2.52944626, -0.89754851, -0.35884443, -0.62606118,  0.20519594,
       -1.39584295, -0.0078496 ]), array([ 0.91587556,  0.81310816, -0.06517212,  0.72299384,  1.70823165,
        2.5294066 , -0.88331759, -0.35817365, -0.61331504,  0.1834972 ,
       -1.36971066, -0.00793236]), array([ 0.91153039,  0.81132468, -0.06817371,  0.72380433,  1.70151351,
        2.52936655, -0.86903376, -0.35669501, -0.60031804,  0.16209803,
       -1.34362891, -0.00800966]), array([ 0.90725685,  0.80955245, -0.07110912,  0.7245094 ,  1.69492541,
        2.52932614, -0.85470727, -0.35444642, -0.58708188,  0.14101269,
       -1.31762009, -0.00808126]), array([ 0.90305511,  0.80779513, -0.07397722,  0.72511067,  1.68846687,
        2.52928541, -0.84034871, -0.35146459, -0.57361973,  0.12025413,
       -1.29170721, -0.00814698]), array([ 0.89892526,  0.8060562 , -0.07677695,  0.72560984,  1.6821373 ,
        2.52924438, -0.82596891, -0.3477851 , -0.55994596,  0.09983409,
       -1.2659137 , -0.00820668]), array([ 0.89486737,  0.80433899, -0.07950732,  0.72600865,  1.67593599,
        2.52920307, -0.81157896, -0.34344247, -0.54607597,  0.07976319,
       -1.24026321, -0.00826031]), array([ 0.89088142,  0.80264664, -0.08216745,  0.72630891,  1.66986209,
        2.52916153, -0.79719008, -0.33847027, -0.53202598,  0.06005099,
       -1.21477945, -0.00830785]), array([ 0.88696735,  0.80098213, -0.08475652,  0.72651244,  1.66391466,
        2.52911979, -0.78281361, -0.33290111, -0.51781286,  0.04070609,
       -1.189486  , -0.00834934]), array([ 0.88312504,  0.7993483 , -0.08727379,  0.72662112,  1.65809263,
        2.52907786, -0.76846096, -0.32676674, -0.50345402,  0.02173616,
       -1.16440614, -0.00838483]), array([ 0.87935433,  0.79774781, -0.08971863,  0.72663686,  1.65239481,
        2.52903579, -0.75414353, -0.32009813, -0.48896721,  0.00314803,
       -1.13956278, -0.00841443]), array([ 0.87565496,  0.79618318, -0.09209048,  0.7265616 ,  1.64681992,
        2.5289936 , -0.73987272, -0.31292543, -0.47437048, -0.01505227,
       -1.11497823, -0.00843825]), array([ 0.87202666,  0.79465679, -0.09438889,  0.7263973 ,  1.64136655,
        2.52895132, -0.72565985, -0.30527809, -0.459682  , -0.03285945,
       -1.09067419, -0.00845645]), array([ 0.86846908,  0.79317087, -0.09661349,  0.72614596,  1.63603319,
        2.52890897, -0.71151614, -0.29718486, -0.44492002, -0.05026893,
       -1.06667159, -0.00846919]), array([ 0.86498182,  0.7917275 , -0.098764  ,  0.72580957,  1.63081824,
        2.52886659, -0.69745268, -0.2886738 , -0.43010275, -0.06727676,
       -1.0429905 , -0.00847664]), array([ 0.86156442,  0.79032864, -0.10084024,  0.72539018,  1.62571999,
        2.52882419, -0.68348037, -0.27977237, -0.41524828, -0.08387964,
       -1.01965009, -0.00847899]), array([ 0.85821637,  0.7889761 , -0.10284212,  0.7248898 ,  1.62073665,
        2.52878181, -0.66960992, -0.27050739, -0.40037454, -0.10007483,
       -0.99666853, -0.00847644]), array([ 0.85493711,  0.78767157, -0.10476961,  0.7243105 ,  1.61586633,
        2.52873947, -0.65585183, -0.26090509, -0.38549921, -0.11586014,
       -0.97406296, -0.00846918]), array([ 0.85172603,  0.78641662, -0.10662281,  0.72365433,  1.61110709,
        2.52869718, -0.64221632, -0.25099111, -0.3706397 , -0.13123387,
       -0.95184944, -0.00845742]), array([ 0.84854302,  0.78521301, -0.10825417,  0.72234672,  1.60727005,
        2.52862214, -0.63660133, -0.24072204, -0.32627112, -0.26152286,
       -0.76740641, -0.01500736]), array([ 0.84542545,  0.78404239, -0.10971956,  0.72034837,  1.60408833,
        2.52852895, -0.62351452, -0.23412358, -0.29307957, -0.39966905,
       -0.63634447, -0.01863768]), array([ 0.84240236,  0.7828893 , -0.11106247,  0.71764095,  1.60136722,
        2.52842828, -0.60461826, -0.23061886, -0.26858125, -0.54148401,
       -0.54422181, -0.02013486]), array([ 0.83949611,  0.78174055, -0.11231686,  0.71422204,  1.5989665 ,
        2.52832773, -0.58124886, -0.22974998, -0.25087809, -0.68378278,
       -0.48014451, -0.02011077]), array([ 0.83672366,  0.78058485, -0.11350939,  0.71010113,  1.5967868 ,
        2.52823254, -0.55448962, -0.2311386 , -0.23850521, -0.82418075,
       -0.43593959, -0.01903687]), array([ 0.83409754,  0.77941255, -0.11466099,  0.7052965 ,  1.59475922,
        2.52814617, -0.52522511, -0.23446139, -0.23032114, -0.96092743,
       -0.40551578, -0.01727384]), array([ 0.83162663,  0.77821537, -0.11578813,  0.69983264,  1.59283737,
        2.52807069, -0.49418226, -0.23943458, -0.22542787, -1.09277106,
       -0.38437013, -0.0150962 ]), array([ 0.82931682,  0.77698635, -0.11690369,  0.6937384 ,  1.59099133,
        2.52800713, -0.46196183, -0.24580406, -0.22311203, -1.21884894,
       -0.3692079 , -0.01271198]), array([ 0.8271715 ,  0.77571966, -0.1180177 ,  0.6870454 ,  1.58920308,
        2.52795574, -0.42906279, -0.25333888, -0.22280123, -1.33859902,
       -0.35765032, -0.01027811]), array([ 0.825192  ,  0.77441052, -0.11913786,  0.67978696,  1.58746303,
        2.52791618, -0.39590132, -0.26182691, -0.2240315 , -1.45168895,
       -0.34801034, -0.00791236]), array([ 0.82337787,  0.77305516, -0.12026997,  0.67199716,  1.58576743,
        2.52788767, -0.36282577, -0.27107196, -0.22642278, -1.55795963,
       -0.33912088, -0.00570244]), array([ 0.82172723,  0.77165071, -0.12141827,  0.66371026,  1.58411641,
        2.5278691 , -0.33012836, -0.28089176, -0.22966057, -1.65738038,
       -0.33020364, -0.00371288]), array([ 8.20236954e-01,  7.70195123e-01, -1.22585682e-01,  6.54960188e-01,
        1.58251256e+00,  2.52785915e+00, -2.98054590e-01, -2.91116623e-01,
       -2.33482037e-01, -1.75001381e+00, -3.20769052e-01, -1.99029587e-03]), array([ 8.18902901e-01,  7.68687181e-01, -1.23774010e-01,  6.45780246e-01,
        1.58095986e+00,  2.52785631e+00, -2.66810539e-01, -3.01588429e-01,
       -2.37665536e-01, -1.83598833e+00, -3.10540178e-01, -5.67306877e-04]), array([ 8.17720057e-01,  7.67126380e-01, -1.24984123e-01,  6.36202861e-01,
        1.57946289e+00,  2.52785899e+00, -2.36568818e-01, -3.12160003e-01,
       -2.42022651e-01, -1.91547706e+00, -2.99394923e-01,  5.34513719e-04]), array([ 8.16682691e-01,  7.65512907e-01, -1.26216084e-01,  6.26259453e-01,
        1.57802627e+00,  2.52786550e+00, -2.07473276e-01, -3.22694633e-01,
       -2.46392202e-01, -1.98868167e+00, -2.87322264e-01,  1.30238005e-03]), array([ 8.15784477e-01,  7.63847579e-01, -1.27469263e-01,  6.15980351e-01,
        1.57665433e+00,  2.52787415e+00, -1.79642816e-01, -3.33065743e-01,
       -2.50635683e-01, -2.05582029e+00, -2.74389167e-01,  1.73059362e-03]), array([ 8.15018604e-01,  7.62131795e-01, -1.28742431e-01,  6.05394758e-01,
        1.57535075e+00,  2.52788325e+00, -1.53174495e-01, -3.43156661e-01,
       -2.54633790e-01, -2.11711863e+00, -2.60715630e-01,  1.81923684e-03]), array([ 8.14377874e-01,  7.60367493e-01, -1.30033850e-01,  5.94530740e-01,
        1.57411847e+00,  2.52789111e+00, -1.28146075e-01, -3.52860443e-01,
       -2.58283768e-01, -2.17280355e+00, -2.46455910e-01,  1.57315846e-03]), array([ 8.13854783e-01,  7.58557094e-01, -1.31341337e-01,  5.83415247e-01,
        1.57295955e+00,  2.52789612e+00, -1.04618148e-01, -3.62079740e-01,
       -2.61497376e-01, -2.22309866e+00, -2.31784441e-01,  1.00117227e-03]), array([ 8.13441604e-01,  7.56703461e-01, -1.32662334e-01,  5.72074140e-01,
        1.57187512e+00,  2.52789670e+00, -8.26359352e-02, -3.70726677e-01,
       -2.64199297e-01, -2.26822139e+00, -2.16885297e-01,  1.15410400e-04]), array([ 8.13130449e-01,  7.54809847e-01, -1.33993963e-01,  5.60532234e-01,
        1.57086540e+00,  2.52789135e+00, -6.22308310e-02, -3.78722735e-01,
       -2.66325886e-01, -2.30838121e+00, -2.01944356e-01, -1.06921173e-03]), array([ 0.81291334,  0.75287985, -0.13533308,  0.54881334,  1.56992968,
        2.52787867, -0.04342176, -0.38599863, -0.26782416, -2.34377879,
       -0.1871435 , -0.00253545]), array([ 0.81278226,  0.75091738, -0.13667634,  0.53694031,  1.5690664 ,
        2.52785735, -0.02621638, -0.39249416, -0.26865099, -2.37460566,
       -0.17265635, -0.00426413]), array([ 0.8127292 ,  0.74892659, -0.1380202 ,  0.52493509,  1.56827318,
        2.52782618, -0.0106122 , -0.39815807, -0.26877233, -2.40104444,
       -0.15864521, -0.00623451]), array([ 0.81274621,  0.74691185, -0.13936101,  0.51281874,  1.56754688,
        2.52778406,  0.00340244, -0.40294783, -0.2681627 , -2.42326933,
       -0.14525889, -0.00842458]), array([ 0.81282545,  0.74487771, -0.14069504,  0.50061151,  1.56688373,
        2.52773   ,  0.01584743, -0.40682946, -0.26680451, -2.44144676,
       -0.13263122, -0.01081141]), array([ 0.8129592 ,  0.74282882, -0.14201847,  0.48833283,  1.56627932,
        2.52766314,  0.02674995, -0.40977721, -0.26468765, -2.45573621,
       -0.12088011, -0.01337141]), array([ 0.81313992,  0.74076995, -0.14332752,  0.47600137,  1.56572879,
        2.52758274,  0.03614369, -0.41177337, -0.26180891, -2.466291  ,
       -0.110107  , -0.0160806 ]), array([ 0.81336026,  0.73870591, -0.14461838,  0.46363508,  1.56522681,
        2.52748817,  0.04406803, -0.4128079 , -0.25817154, -2.47325916,
       -0.10039673, -0.01891487]), array([ 0.81361309,  0.73664152, -0.1458873 ,  0.45125116,  1.56476772,
        2.52737891,  0.05056725, -0.4128781 , -0.25378477, -2.47678414,
       -0.09181752, -0.02185022]), array([ 0.81389154,  0.73458158, -0.14713062,  0.43886613,  1.56434561,
        2.5272546 ,  0.05568985, -0.41198824, -0.24866336, -2.47700558,
       -0.08442135, -0.02486303]), array([ 0.81418898,  0.73253084, -0.14834475,  0.42649583,  1.56395439,
        2.52711495,  0.05948778, -0.4101492 , -0.24282709, -2.47405987,
       -0.07824436, -0.02793022]), array([ 0.81449906,  0.73049395, -0.14952626,  0.41415543,  1.56358785,
        2.5269598 ,  0.06201588, -0.40737802, -0.23630036, -2.46808072,
       -0.07330747, -0.03102945]), array([ 0.81481571,  0.72847546, -0.15067181,  0.40185943,  1.56323977,
        2.5267891 ,  0.06333116, -0.40369748, -0.22911169, -2.45919957,
       -0.0696171 , -0.03413937]), array([ 0.81513318,  0.72647978, -0.15177828,  0.3896217 ,  1.56290394,
        2.52660291,  0.06349226, -0.39913563, -0.22129327, -2.44754593,
       -0.06716601, -0.03723967]), array([ 0.81544597,  0.72451115, -0.15284268,  0.37745546,  1.56257427,
        2.52640135,  0.06255889, -0.39372538, -0.21288054, -2.43324762,
       -0.06593417, -0.04031133]), array([ 0.81574893,  0.72257363, -0.15386224,  0.36537331,  1.56224482,
        2.52618467,  0.06059133, -0.38750399, -0.20391174, -2.41643092,
       -0.0658897 , -0.04333665]), array([ 0.81603718,  0.72067107, -0.15483438,  0.3533872 ,  1.56190987,
        2.52595317,  0.05764993, -0.38051262, -0.19442745, -2.39722063,
       -0.06698994, -0.04629942]), array([ 0.81630615,  0.71880709, -0.15575673,  0.3415085 ,  1.56156396,
        2.52570724,  0.05379469, -0.37279583, -0.18447026, -2.37574012,
       -0.06918238, -0.04918493]), array([ 0.81655157,  0.71698509, -0.15662715,  0.32974795,  1.56120193,
        2.52544734,  0.04908488, -0.36440115, -0.17408425, -2.3521112 ,
       -0.07240579, -0.05198007]), array([ 0.81676947,  0.71520819, -0.15744372,  0.31811568,  1.56081897,
        2.52517398,  0.04357869, -0.35537863, -0.16331474, -2.32645407,
       -0.07659123, -0.05467333]), array([ 0.81695613,  0.71347929, -0.15820476,  0.30662124,  1.56041066,
        2.5248877 ,  0.0373329 , -0.34578032, -0.15220781, -2.29888713,
       -0.08166313, -0.05725483]), array([ 0.81710815,  0.71180099, -0.15890881,  0.29527361,  1.55997295,
        2.52458912,  0.03040261, -0.33565992, -0.14081005, -2.26952681,
       -0.08754028, -0.05971632]), array([ 0.81722235,  0.71017563, -0.15955465,  0.28408117,  1.55950227,
        2.52427887,  0.02284103, -0.3250723 , -0.12916816, -2.23848734,
       -0.09413687, -0.06205113]), array([ 0.81729585,  0.70860526, -0.1601413 ,  0.27305177,  1.55899545,
        2.52395759,  0.01469924, -0.31407313, -0.1173287 , -2.20588053,
       -0.10136346, -0.06425413]), array([ 0.81732598,  0.70709167, -0.16066799,  0.26219269,  1.55844981,
        2.52362599,  0.00602609, -0.30271849, -0.10533781, -2.17181555,
       -0.10912788, -0.06632168]), array([ 0.81731032,  0.70563635, -0.16113419,  0.2515107 ,  1.55786313,
        2.52328473, -0.003132  , -0.29106452, -0.09324093, -2.13639863,
       -0.11733617, -0.06825156]), array([ 0.81332241,  0.70762149, -0.16767092,  0.2310775 ,  1.55257141,
        2.51248853, -0.78484973,  0.67619436, -1.22626363, -1.98690623,
       -0.93245039, -2.08919585]), array([ 0.80966811,  0.71085187, -0.17335212,  0.22051709,  1.54890924,
        2.50244953, -0.73086023,  0.64607585, -1.13623916, -2.11208239,
       -0.73243517, -2.0078    ]), array([ 0.80624435,  0.71392955, -0.17864131,  0.20951315,  1.54602026,
        2.4928005 , -0.68475316,  0.61553721, -1.05783781, -2.20078802,
       -0.57779593, -1.92980701]), array([ 0.8030173 ,  0.71685523, -0.18358418,  0.19821362,  1.54373065,
        2.48352455, -0.64541028,  0.58513581, -0.98857507, -2.25990564,
       -0.45792056, -1.85519   ]), array([ 0.79995791,  0.71963147, -0.18821703,  0.18673846,  1.54190719,
        2.47460525, -0.61187624,  0.55524844, -0.92656917, -2.29503122,
       -0.36469368, -1.7838595 ]), array([ 0.79704122,  0.7222621 , -0.19256898,  0.17518488,  1.54044765,
        2.46602679, -0.58333824,  0.52612577, -0.87038932, -2.31071744,
       -0.29190825, -1.71569203]), array([ 0.79424569,  0.72475175, -0.1966637 ,  0.16363153,  1.53927357,
        2.45777405, -0.55910677,  0.4979294 , -0.81894393, -2.31066976,
       -0.2348142 , -1.65054781]), array([ 0.7915527 ,  0.72710554, -0.20052068,  0.152142  ,  1.53832471,
        2.44983264, -0.53859797,  0.47075751, -0.77139752, -2.29790515,
       -0.18977307, -1.58828169]), array([ 0.78894611,  0.72932885, -0.20415623,  0.1407676 ,  1.53755474,
        2.4421889 , -0.5213178 ,  0.44466277, -0.72710858, -2.27488071,
       -0.15399419, -1.52874957]), array([ 0.78641187,  0.73142718, -0.20758414,  0.12954961,  1.53692807,
        2.43482984, -0.5068483 ,  0.4196652 , -0.68558297, -2.24359807,
       -0.1253334 , -1.47181213]), array([ 0.78393769,  0.73340598, -0.21081633,  0.11852117,  1.53641737,
        2.42774315, -0.49483566,  0.39576127, -0.64643866, -2.20568818,
       -0.10213958, -1.41733677]), array([ 0.78151279,  0.73527064, -0.21386323,  0.10770877,  1.53600168,
        2.42091716, -0.48498005,  0.37293067, -0.60937916, -2.16248025,
       -0.08313787, -1.36519851]), array([ 0.77912766,  0.73702634, -0.2167341 ,  0.09713348,  1.53566498,
        2.41434076, -0.47702696,  0.3511412 , -0.57417325, -2.1150577 ,
       -0.0673407 , -1.31528017]), array([ 0.77672296,  0.7387005 , -0.21949377,  0.08702701,  1.53488384,
        2.40800931, -0.48093882,  0.33483223, -0.55193499, -2.02129249,
       -0.15622735, -1.26628934])], 'U_history': [array([ 60.        , -60.        ,  -9.31649149,  10.        ,
       -10.        , -10.        ]), array([ 60.        ,  60.        ,   4.71832847,  10.        ,
       -10.        ,  10.        ]), array([60.        , 60.        , -1.55580144, 10.        ,  0.23311072,
       10.        ]), array([12.        , 12.        ,  0.62909389,  2.        ,  0.25888288,
       -2.        ]), array([ 60.        ,  60.        ,   1.24744719, -10.        ,
         0.72663835, -10.        ]), array([24.        , 24.        ,  2.42065404,  4.        ,  1.00953503,
        4.        ]), array([ 48.        , -48.        ,  -1.6425129 ,  -8.        ,
        -0.50478316,   8.        ]), array([ 10.29520922, -12.        ,   1.44903293,   2.        ,
         0.69381597,  -2.        ]), array([  4.77394894, -60.        ,   3.22047204, -10.        ,
         2.33080213,  10.        ]), array([  1.83452707,  60.        ,   9.23397223,  10.        ,
         4.57945341, -10.        ]), array([  1.74371055, -60.        ,  -3.16686866, -10.        ,
        -0.28726745,  10.        ]), array([  1.65188716,  60.        ,   9.20649288,  10.        ,
         4.62436054, -10.        ]), array([  1.69027552, -60.        ,  -3.1210834 , -10.        ,
        -0.29621861,  10.        ]), array([  1.65486402,  60.        ,   9.24739588,  10.        ,
         4.6930287 , -10.        ]), array([  1.65564636, -60.        ,  -3.08234412, -10.        ,
        -0.30813109,  10.        ]), array([  1.65916419,  60.        ,   9.28956539,  10.        ,
         4.76188336, -10.        ]), array([  1.64995948, -60.        ,  -3.04732169, -10.        ,
        -0.32569161, -10.        ]), array([ 0.25371456, 60.        ,  9.3194491 , 10.        ,  5.0309731 ,
       10.        ]), array([  2.29143282, -60.        ,  -3.10626499, -10.        ,
        -0.52460454, -10.        ]), array([ 0.23192774, 60.        ,  9.29350399, 10.        ,  5.07722959,
       10.        ]), array([  2.3787805 , -60.        ,  -3.01780886, -10.        ,
        -0.51957511, -10.        ]), array([ 0.1773351 , 60.        ,  9.27283745, 10.        ,  5.11815102,
       10.        ]), array([  2.24900882, -60.        ,  -2.98869571, -10.        ,
        -0.52013669, -10.        ]), array([  0.75653817,  60.        ,   9.39748055, -10.        ,
         5.16561192,  10.        ]), array([  3.23581131, -60.        ,  -1.62416509,  10.        ,
        -0.29593428, -10.        ]), array([  0.11143763,  60.        ,   8.04721932, -10.        ,
         4.87230291,  10.        ]), array([  3.04189321, -60.        ,  -1.75740817,  10.        ,
        -0.29359412, -10.        ]), array([  0.29453984,  60.        ,   8.20236385, -10.        ,
         4.91426187,  10.        ]), array([  3.16550278, -60.        ,  -1.81082075,  10.        ,
        -0.28182879, -10.        ]), array([-0.19120998, 60.        ,  8.21900257, 10.        ,  4.94781449,
       10.        ]), array([  1.51543149, -60.        ,  -2.56135452, -10.        ,
        -0.29253863, -10.        ]), array([ 1.25396665, 60.        ,  9.02325066, 10.        ,  5.10143188,
       10.        ]), array([  1.81659828, -60.        ,  -2.51944248, -10.        ,
        -0.31825297, -10.        ]), array([ 1.18904391, 60.        ,  9.02791263, 10.        ,  5.14991626,
       10.        ]), array([  1.76791777, -60.        ,  -2.53425013, -10.        ,
        -0.34349075, -10.        ]), array([  1.82260268,  60.        ,   9.31905756, -10.        ,
         5.25577736,  10.        ]), array([  3.5900953 , -60.        ,   0.34129412,  10.        ,
         0.41650693, -10.        ]), array([  0.39149777, -60.        ,   2.28056857, -10.        ,
         2.82773574,  10.        ]), array([  3.61603758,  60.        ,   9.01232844,  10.        ,
         4.99453618, -10.        ]), array([  1.29751388, -60.        ,  -3.50715857, -10.        ,
        -0.48491528,  10.        ]), array([  4.31207029,  60.        ,   8.89367984,  10.        ,
         5.10802031, -10.        ]), array([  0.75612296, -60.        ,  -3.4724531 , -10.        ,
        -0.5638914 ,  10.        ]), array([  4.9521023 ,  60.        ,   8.90375089,  10.        ,
         5.22396125, -10.        ]), array([  0.28975151, -60.        ,  -3.44116829, -10.        ,
        -0.6508698 ,  10.        ]), array([  5.54644813,  60.        ,   8.91294705,  10.        ,
         5.34178066, -10.        ]), array([ -0.09158265, -60.        ,  -3.41262593, -10.        ,
        -0.74443092,  10.        ]), array([  6.35510539,  60.        ,   8.94970395,  10.        ,
         5.46117442, -10.        ]), array([ -1.0986962 , -60.        ,  -3.47835793,  10.        ,
        -0.85319996,  10.        ]), array([  3.70650721,  60.        ,   9.17558928, -10.        ,
         5.83651687, -10.        ]), array([  1.45381797, -60.        ,  -3.64965692,  10.        ,
        -1.11045433,  10.        ]), array([  3.8902551 ,  60.        ,   9.18541939, -10.        ,
         5.95350193, -10.        ]), array([  1.78323581, -60.        ,  -3.63601453,  10.        ,
        -1.24054873,  10.        ]), array([  3.89356949,  60.        ,   9.21421987, -10.        ,
         6.07800245, -10.        ]), array([  2.07713887, -60.        ,  -3.64104218,  10.        ,
        -1.3664853 ,  10.        ]), array([  3.91589601,  60.        ,   9.2462081 , -10.        ,
         6.19475288, -10.        ]), array([  2.34889839, -60.        ,  -3.7954017 ,  10.        ,
        -1.53116234,  10.        ]), array([  3.88692233,  60.        ,   7.81077498, -10.        ,
         5.82847063, -10.        ]), array([2.81627902e+00, 6.00000000e+01, 1.06505990e+00, 1.00000000e+01,
       4.91485487e-02, 1.00000000e+01]), array([  1.38366664, -60.        ,  -2.95663337, -10.        ,
        -1.28143271, -10.        ]), array([ 4.37893456, 60.        ,  9.85189376, 10.        ,  6.44173173,
       10.        ]), array([  1.89644586, -60.        ,  -2.84645671, -10.        ,
        -1.42632752, -10.        ]), array([ 4.36231611, 60.        ,  9.85402471, 10.        ,  6.40758032,
       10.        ]), array([  2.27638452, -60.        ,  -2.85442985, -10.        ,
        -1.4007956 , -10.        ]), array([ 4.33619753, 60.        ,  9.85164411, 10.        ,  6.36321235,
       10.        ]), array([  2.65012834, -60.        ,  -2.8578973 , -10.        ,
        -1.37073553, -10.        ]), array([ 4.32639505, 60.        ,  9.84588838, 10.        ,  6.31269972,
       10.        ]), array([  3.02207551, -60.        ,  -2.8569479 , -10.        ,
        -1.33690645, -10.        ]), array([ 4.33074369, 60.        ,  9.82981135, 10.        ,  6.25429504,
       10.        ]), array([  3.38536994, -60.        ,  -2.95948685, -10.        ,
        -1.33357198, -10.        ]), array([ 4.28039155, 60.        ,  8.35364938, 10.        ,  5.7302161 ,
       10.        ]), array([  3.93892513,  60.        ,   1.77944104, -10.        ,
         0.32079758, -10.        ]), array([  3.14570999, -60.        ,  -2.32416664,  10.        ,
        -1.12918882,  10.        ]), array([  4.25729845,  60.        ,  10.96733413, -10.        ,
         6.607049  , -10.        ]), array([  3.27869191, -60.        ,  -2.12217864,  10.        ,
        -1.06798685,  10.        ]), array([  4.62142387,  60.        ,  10.74611104, -10.        ,
         6.34089936, -10.        ]), array([  3.3320782 , -60.        ,  -1.9334055 ,  10.        ,
        -0.86094012,  10.        ]), array([  4.98319214,  60.        ,  10.51849881, -10.        ,
         6.07229226, -10.        ]), array([  3.3938448 , -60.        ,  -1.731416  ,  10.        ,
        -0.65707478,  10.        ]), array([  5.35131153,  60.        ,  10.28709954, -10.        ,
         5.80545378, -10.        ]), array([  3.45371561, -60.        ,  -1.5086292 ,  10.        ,
        -0.45389548,  10.        ]), array([  5.49315146,  60.        ,  10.14877875, -10.        ,
         5.57737782, -10.        ]), array([  4.21342678, -60.        ,   0.29250959, -10.        ,
         0.24317576,  10.        ]), array([  7.34664392, -60.        ,   6.05309192,  10.        ,
         3.64237955, -10.        ]), array([  3.68883035,  60.        ,   7.57580915, -10.        ,
         4.49869669,  10.        ]), array([  8.58518353, -60.        ,  -0.94258474,  10.        ,
        -0.11641406,  10.        ]), array([  9.05331939,  60.        ,   8.4605585 , -10.        ,
         4.52242112, -10.        ]), array([  5.59980439, -60.        ,  -1.61927367,  10.        ,
        -0.13310252,  10.        ]), array([  9.30360401,  60.        ,   8.48163951, -10.        ,
         4.45794161, -10.        ]), array([  6.02557299, -60.        ,  -1.69115085,  10.        ,
        -0.16405363,  10.        ]), array([  9.10611098,  60.        ,   7.04575756,  10.        ,
         3.94186584, -10.        ]), array([  4.50770565,  60.        ,   3.08869796, -10.        ,
         1.74755499,  10.        ]), array([  9.64610143, -60.        ,  -0.40563911,  10.        ,
        -0.10858478, -10.        ]), array([  4.52127608,  60.        ,   9.69469973, -10.        ,
         5.0337858 , -10.        ]), array([  3.95007162, -60.        ,  -0.55846365,  10.        ,
         0.13474166,  10.        ]), array([  8.22416325,  60.        ,   9.77483312, -10.        ,
         4.67195513, -10.        ]), array([  4.57992774, -60.        ,  -0.14717137, -10.        ,
         0.34607685,  10.        ]), array([ 10.90739546,  60.        ,  10.08127851, -10.        ,
         4.25045805, -10.        ]), array([  5.70874948, -60.        ,   0.34369436,  10.        ,
         0.48615206,  10.        ]), array([ 10.70221282,  60.        ,   9.10475069, -10.        ,
         3.88883349,  10.        ]), array([ 14.26859731, -60.        ,   2.26212332,  10.        ,
         0.96625452, -10.        ]), array([  5.83168871, -60.        ,   4.00799842,  10.        ,
         1.97692976,  10.        ]), array([ 14.12364139,  60.        ,   8.00056381,  10.        ,
         3.29117489, -10.        ]), array([  5.52259648, -60.        ,   0.99047732, -10.        ,
         1.19555146, -10.        ]), array([  6.36723838,  60.        ,   7.88484852, -10.        ,
         3.51014078,  10.        ]), array([ 14.84868609, -60.        ,   0.50618077,  10.        ,
         0.48853789, -10.        ]), array([  5.17611035,  60.        ,   7.37343394, -10.        ,
         3.33911638,  10.        ]), array([ 16.9379067 ,  60.        ,   5.96288845,  10.        ,
         2.31775184, -10.        ]), array([  4.01223227, -60.        ,   5.01550166, -10.        ,
         2.08573486,  10.        ]), array([ 19.58431662, -60.        ,   6.75501437,  10.        ,
         2.28252448,  10.        ]), array([ 21.57565851, -60.        ,   4.3788533 ,  10.        ,
         1.52484498, -10.        ]), array([  9.14991359,  60.        ,   7.59129869, -10.        ,
         3.35108309,  10.        ]), array([24.22369809, 48.        ,  5.87775295,  8.        ,  2.25242685,
        8.        ]), array([ 34.10254188, -60.        ,   6.76941394, -10.        ,
         2.24965825, -10.        ]), array([ 23.51108986,  60.        ,  12.29200276, -10.        ,
         4.52495163, -10.        ]), array([ 16.58002912, -36.        ,   4.71325849,   6.        ,
         1.50719985,  -6.        ]), array([ 3.31684189, 12.        ,  3.9349734 ,  2.        ,  1.49705536,
        2.        ]), array([ 12.        , -12.        ,   5.58596865,  -2.        ,
         1.92310642,   2.        ]), array([ 12., -12.,   6.,   2.,   2.,  -2.]), array([ 12., -12.,   6.,  -2.,   2.,  -2.]), array([-57.48355103,  60.        , -30.        , -10.        ,
       -10.        ,  10.        ]), array([-5.44722245,  1.29761626, -6.37033963,  0.64156682, -9.62556594,
       -1.479985  ]), array([-2.96921148, -0.66414391, -2.54833551,  2.81503265, -7.52137936,
        2.96361596]), array([-0.77065768, -2.43543708,  0.66941273,  4.37518284, -5.61980802,
        5.33945   ]), array([ 1.1696603 , -4.05708537,  3.38125952,  5.49273073, -3.8892444 ,
        5.11791475]), array([ 2.87136701, -5.55452398,  5.66268012,  6.31093997, -2.3024835 ,
        3.02474062]), array([ 2.55757247, -5.20723929,  4.76852131,  5.18958469, -1.61307375,
        1.65895271]), array([ 2.29684048, -4.88149833,  4.00671054,  4.26600127, -1.06331986,
        0.90879544]), array([ 2.0816806 , -4.57630352,  3.35898885,  3.50212505, -0.62628478,
        0.49806278]), array([ 1.90546559, -4.29011432,  2.80920061,  2.86811333, -0.28013158,
        0.27420499]), array([ 1.76243071, -4.02120334,  2.34331015,  2.34018978, -0.00709671,
        0.15299329]), array([ 1.64761347, -3.76784661,  1.94924766,  1.89919686,  0.20729203,
        0.08795344]), array([ 1.55676853, -3.52841896,  1.61669201,  1.52958303,  0.37482578,
        0.05347687]), array([ 1.48627709, -3.30143603,  1.33684251,  1.21866387,  0.50510158,
        0.03548584]), array([ 1.4330603 , -3.085567  ,  1.10220383,  0.95606279,  0.60591681,
        0.02627179]), array([ 1.39450089, -2.87963181,  0.90639313,  0.73327584,  0.68359169,
        0.02164043]), array([ 1.36837421, -2.68259082,  0.74397199,  0.54332595,  0.74323443,
        0.01933232]), array([ 1.35278861, -2.49353133,  0.61030212,  0.38048484,  0.78895961,
        0.01814939]), array([ 1.34613439, -2.31165343,  0.50142251,  0.2400473 ,  0.82406826,
        0.01747213]), array([ 1.34704042, -2.13625645,  0.41394551,  0.1181473 ,  0.85119641,
        0.01699325]), array([ 1.35433729, -1.9667265 ,  0.344969  ,  0.01160761,  0.87243741,
        0.01657123]), array([ 1.36702625, -1.80252552,  0.29200232, -0.08218337,  0.88944277,
        0.01615017]), array([ 1.38425289, -1.64318162,  0.25290383, -0.16537246,  0.90350502,
        0.01571645]), array([ 1.40528495, -1.48828083,  0.22582828, -0.23972444,  0.91562585,
        0.01527554]), array([ 1.42949368, -1.33745998,  0.20918234, -0.30668999,  0.92657199,
        0.01483995]), array([ 1.456338  , -1.19040062,  0.20158715, -0.36746132,  0.93692108,
        0.0144233 ]), array([ 1.48535124, -1.04682383,  0.20184659, -0.42301796,  0.94709916,
        0.0140375 ]), array([ 1.51612985, -0.90648576,  0.20892055, -0.47416431,  0.95741135,
        0.01369181]), array([ 1.54832403, -0.76917383,  0.22190223, -0.52156052,  0.96806686,
        0.01339258]), array([ 1.58162962, -0.63470339,  0.23999893, -0.56574795,  0.97919939,
        0.01314357]), array([ 1.61578146, -0.50291488,  0.26251581, -0.60716999,  0.99088369,
        0.01294629]), array([ 1.65054761, -0.37367129,  0.28884203, -0.64618935,  1.00314903,
        0.01280044]), array([ 1.68572459, -0.24685596,  0.31843909, -0.68310224,  1.01599004,
        0.01270435]), array([ 1.72113332, -0.1223706 ,  0.35083082, -0.71815006,  1.02937552,
        0.01265533]), array([ 1.75661565e+00, -1.33487591e-04,  3.85594921e-01, -7.51529103e-01,
        1.04325549e+00,  1.26499519e-02]), array([ 1.79203153,  0.11992207,  0.42235577, -0.78339851,  1.05756682,
        0.01268432]), array([ 1.8272565 ,  0.23784926,  0.46077824, -0.8138869 ,  1.07223772,
        0.01275428]), array([ 1.86217968,  0.35368908,  0.50056251, -0.84309785,  1.08719135,
        0.01285554]), array([ 1.89670202,  0.46747155,  0.54143958, -0.8711144 ,  1.10234855,
        0.01298385]), array([ 1.93073481,  0.57921694,  0.58316744, -0.89800282,  1.11763007,
        0.01313502]), array([ 1.96419849,  0.68893676,  0.62552787, -0.92381574,  1.13295821,
        0.01330505]), array([ 1.99702156,  0.79663483,  0.66832361, -0.94859472,  1.14825808,
        0.01349015]), array([ 2.02913973,  0.90230819,  0.71137598, -0.9723724 ,  1.16345853,
        0.01368678]), array([ 2.06049519,  1.00594804,  0.75452288, -0.99517428,  1.17849284,
        0.01389164]), array([ 2.09103597,  1.10754052,  0.79761701, -1.01702024,  1.19329913,
        0.01410173]), array([ 2.12071543,  1.20706754,  0.84052437, -1.03792571,  1.20782063,
        0.01431432]), array([ 2.1494918 ,  1.30450752,  0.88312297, -1.05790274,  1.22200586,
        0.01452697]), array([ 2.17732782,  1.39983608,  0.92530175, -1.07696085,  1.23580862,
        0.01473748]), array([ 2.20419042,  1.49302673,  0.96695957, -1.09510771,  1.24918794,
        0.01494395]), array([ 2.23005045,  1.58405143,  1.00800439, -1.11234971,  1.26210797,
        0.01514468]), array([ 2.25488242,  1.67288122,  1.04835257, -1.1286925 ,  1.27453778,
        0.01533825]), array([ 2.27866435,  1.7594867 ,  1.08792821, -1.1441413 ,  1.28645118,
        0.01552343]), array([ 2.30137754,  1.84383859,  1.12666261, -1.15870129,  1.29782646,
        0.01569919]), array([ 2.32300646,  1.92590811,  1.16449378, -1.17237785,  1.30864611,
        0.01586471]), array([ 2.34353857,  2.00566746,  1.20136601, -1.18517673,  1.31889661,
        0.01601933]), array([ 2.36296423,  2.08309013,  1.23722945, -1.19710428,  1.32856807,
        0.01616253]), array([ 2.38127653,  2.15815132,  1.27203982, -1.20816754,  1.33765402,
        0.01629395]), array([ 2.39847124,  2.23082817,  1.30575804, -1.21837432,  1.34615111,
        0.01641336]), array([ 2.41454666,  2.30110007,  1.33834997, -1.22773332,  1.35405883,
        0.01652062]), array([ 2.42950356,  2.36894887,  1.36978616, -1.23625414,  1.36137922,
        0.01661571]), array([ 2.44334501,  2.43435911,  1.40004154, -1.24394732,  1.36811668,
        0.01669868]), array([ 2.45607637,  2.49731816,  1.42909528, -1.25082436,  1.37427767,
        0.01676966]), array([ 2.46770512,  2.55781639,  1.4569305 , -1.25689769,  1.37987049,
        0.01682886]), array([ 2.4782408 ,  2.61584724,  1.48353409, -1.26218071,  1.38490507,
        0.01687651]), array([ 2.48769492,  2.67140736,  1.50889655, -1.26668772,  1.38939273,
        0.0169129 ]), array([ 2.49608081,  2.7244966 ,  1.53301174, -1.27043392,  1.39334603,
        0.01693837]), array([ 2.50341359,  2.7751181 ,  1.55587674, -1.27343534,  1.39677856,
        0.01695327]), array([ 2.50971003,  2.82327829,  1.57749167, -1.27570884,  1.39970477,
        0.01695798]), array([ 2.51498846,  2.86898687,  1.59785952, -1.27727204,  1.40213983,
        0.01695287]), array([ 2.51926868,  2.91225677,  1.61698598, -1.27814326,  1.40409947,
        0.01693836]), array([ 2.95373234e+00,  5.57871574e+00,  3.93775290e+00, -3.39022555e+00,
        3.85327766e+00, -2.89219816e-16]), array([ 3.79039785e+00,  4.78218099e+00,  3.28144947e+00, -3.61351315e+00,
        3.06799744e+00,  1.34015002e-15]), array([ 4.42079462e+00,  4.11361932e+00,  2.76143203e+00, -3.75873706e+00,
        2.48560943e+00,  3.32112908e-16]), array([ 4.88892969e+00,  3.54613551e+00,  2.34635224e+00, -3.84340599e+00,
        2.05741762e+00,  1.68201889e-15]), array([ 5.22949972e+00,  3.05938063e+00,  2.01247183e+00, -3.88150946e+00,
        1.74608627e+00,  1.21244692e-15]), array([ 5.46974848e+00,  2.63804605e+00,  1.74184252e+00, -3.88417139e+00,
        1.52302321e+00,  3.77178405e-16]), array([ 5.63100062e+00,  2.27064669e+00,  1.52090208e+00, -3.86018969e+00,
        1.36636364e+00,  1.11931555e-15]), array([ 5.72990943e+00,  1.94856499e+00,  1.33939961e+00, -3.81648024e+00,
        1.25941512e+00,  1.51671218e-15]), array([ 5.77946096e+00,  1.66531395e+00,  1.18957713e+00, -3.75844146e+00,
        1.18945791e+00,  1.57862216e-15]), array([ 5.78977567,  1.41597694,  1.06554906, -3.69025307,  1.14681944,
        0.        ]), array([ 5.76874441e+00,  1.19678644e+00,  9.62832984e-01, -3.61512035e+00,
        1.12416088e+00,  1.89111336e-15]), array([ 5.72253023e+00,  1.00480972e+00,  8.77995808e-01, -3.53547345e+00,
        1.11592763e+00,  1.92638492e-15]), array([ 5.65596267e+00,  8.37716146e-01,  8.08387445e-01, -3.45312964e+00,
        1.11792677e+00,  7.54381781e-16]), array([ 5.57284606e+00,  6.93605874e-01,  7.51940774e-01, -3.36942494e+00,
        1.12700262e+00,  1.38628555e-15]), array([ 5.47619960e+00,  5.70884490e-01,  7.07021685e-01, -3.28532062e+00,
        1.14078806e+00,  1.72210027e-15]), array([ 5.36844352e+00,  4.68171908e-01,  6.72316909e-01, -3.20148908e+00,
        1.15751449e+00,  1.51685574e-15]), array([ 5.25154265e+00,  3.84236569e-01,  6.46750343e-01, -3.11838275e+00,
        1.17586669e+00,  1.29664962e-15]), array([ 5.12711649e+00,  3.17948342e-01,  6.29420808e-01, -3.03628912e+00,
        1.19487254e+00, -7.77838001e-16]), array([ 4.99652314e+00,  2.68245175e-01,  6.19555944e-01, -2.95537441e+00,
        1.21381917e+00,  8.45237134e-16]), array([ 4.86092267e+00,  2.34109836e-01,  6.16478218e-01, -2.87571806e+00,
        1.23218954e+00,  1.12208422e-15]), array([ 4.72132463e+00,  2.14554047e-01,  6.19580031e-01, -2.79733962e+00,
        1.24961457e+00,  6.48155218e-16]), array([ 4.57862315e+00,  2.08608017e-01,  6.28305639e-01, -2.72021957e+00,
        1.26583710e+00,  1.00739559e-15]), array([ 4.43362257e+00,  2.15313924e-01,  6.42138161e-01, -2.64431521e+00,
        1.28068473e+00,  1.21057609e-15]), array([ 4.28705576e+00,  2.33722263e-01,  6.60590399e-01, -2.56957252e+00,
        1.29404957e+00,  1.04292215e-15]), array([ 4.13959696e+00,  2.62890295e-01,  6.83198481e-01, -2.49593487e+00,
        1.30587299e+00,  1.02162538e-15]), array([ 3.99187044e+00,  3.01882002e-01,  7.09517598e-01, -2.42334918e+00,
        1.31613422e+00,  1.01415726e-15]), array([ 3.84445614e+00,  3.49769142e-01,  7.39119283e-01, -2.35177003e+00,
        1.32484180e+00,  3.09628430e-16]), array([ 3.69789312e+00,  4.05633070e-01,  7.71589813e-01, -2.28116218e+00,
        1.33202709e+00,  5.97621799e-16]), array([ 3.55268139e+00,  4.68567107e-01,  8.06529423e-01, -2.21150190e+00,
        1.33773940e+00,  5.21493142e-16]), array([ 3.40928279e+00,  5.37679265e-01,  8.43552089e-01, -2.14277730e+00,
        1.34204218e+00,  1.20274131e-15]), array([ 3.26812120e+00,  6.12095187e-01,  8.82285715e-01, -2.07498798e+00,
        1.34501003e+00,  1.26676776e-15]), array([ 3.12958236e+00,  6.90961201e-01,  9.22372561e-01, -2.00814416e+00,
        1.34672638e+00,  2.96763230e-16]), array([ 2.99401365e+00,  7.73447383e-01,  9.63469840e-01, -1.94226546e+00,
        1.34728147e+00,  5.91137659e-16]), array([ 2.86172382e+00,  8.58750568e-01,  1.00525038e+00, -1.87737940e+00,
        1.34677076e+00, -2.87380910e-16]), array([ 2.73298296e+00,  9.46097234e-01,  1.04740331e+00, -1.81351984e+00,
        1.34529343e+00,  6.25892269e-16]), array([ 2.60802260e+00,  1.03474622e+00,  1.08963471e+00, -1.75072532e+00,
        1.34295121e+00,  5.39257797e-16]), array([ 2.48703614e+00,  1.12399120e+00,  1.13166820e+00, -1.68903740e+00,
        1.33984714e+00, -1.86800678e-17]), array([ 2.37017960e+00,  1.21316296e+00,  1.17324544e+00, -1.62849912e+00,
        1.33608459e+00, -1.58810773e-16]), array([ 2.25757255e+00,  1.30163131e+00,  1.21412657e+00, -1.56915352e+00,
        1.33176631e+00,  7.87639416e-16]), array([ 2.14929944e+00,  1.38880672e+00,  1.25409042e+00, -1.51104226e+00,
        1.32699354e+00,  9.56444023e-16]), array([ 2.04541111e+00,  1.47414167e+00,  1.29293475e+00, -1.45420446e+00,
        1.32186522e+00, -2.95598059e-16]), array([ 1.94592657e+00,  1.55713161e+00,  1.33047627e+00, -1.39867564e+00,
        1.31647732e+00,  5.93224991e-16]), array([ 1.85083493e+00,  1.63731561e+00,  1.36655052e+00, -1.34448680e+00,
        1.31092215e+00, -1.71430030e-16]), array([ 1.76009753e+00,  1.71427662e+00,  1.40101172e+00, -1.29166376e+00,
        1.30528786e+00, -3.38447569e-16]), array([ 1.67365019e+00,  1.78764153e+00,  1.43373244e+00, -1.24022655e+00,
        1.29965797e+00,  1.90239946e-16]), array([ 1.59140547e+00,  1.85708074e+00,  1.46460319e+00, -1.19018903e+00,
        1.29411094e+00,  4.07150342e-16]), array([ 1.51325508e+00,  1.92230758e+00,  1.49353187e+00, -1.14155861e+00,
        1.28871993e+00, -7.75453493e-17]), array([ 1.43907222e+00,  1.98307740e+00,  1.52044322e+00, -1.09433611e+00,
        1.28355253e+00, -1.30514360e-16]), array([ 1.36871394e+00,  2.03918635e+00,  1.54527810e+00, -1.04851580e+00,
        1.27867062e+00, -1.13853457e-16]), array([ 6.98946055e+00,  4.04084281e+00,  3.83888567e+00, -4.75216532e+00,
        4.12366614e+00, -4.18511523e-16]), array([ 6.00192739e+00,  3.13122981e+00,  3.10459645e+00, -4.03490570e+00,
        3.46328091e+00,  1.07257921e-15]), array([ 5.17110641e+00,  2.44795432e+00,  2.54924298e+00, -3.44304804e+00,
        2.96024140e+00,  7.92943229e-16]), array([ 4.47169142e+00,  1.94043417e+00,  2.13171267e+00, -2.95356426e+00,
        2.57693057e+00,  8.14145171e-16]), array([ 3.88225103e+00,  1.56868142e+00,  1.82006658e+00, -2.54762750e+00,
        2.28478096e+00,  1.18726593e-15]), array([ 3.38470458e+00,  1.30124575e+00,  1.58954402e+00, -2.20987250e+00,
        2.06209002e+00, -1.29507958e-16]), array([ 2.96384775e+00,  1.11349164e+00,  1.42098220e+00, -1.92777400e+00,
        1.89236464e+00,  2.47943727e-16]), array([ 2.60693019e+00,  9.86185399e-01,  1.29957250e+00, -1.69112977e+00,
        1.76306635e+00,  3.36840012e-16]), array([ 2.30328389e+00,  9.04353114e-01,  1.21388617e+00, -1.49163355e+00,
        1.66465969e+00,  6.07365871e-16]), array([ 2.04399994e+00,  8.56366923e-01,  1.15511396e+00, -1.32252402e+00,
        1.58989038e+00, -1.19541761e-16]), array([ 1.82164943e+00,  8.33219645e-01,  1.11647436e+00, -1.17829726e+00,
        1.53323744e+00, -9.27503030e-17]), array([ 1.63004447e+00,  8.27952123e-01,  1.09275400e+00, -1.05447182e+00,
        1.49049731e+00,  1.07374625e-16]), array([0., 0., 0., 0., 0., 0.])], 'ball_pos_history': [array([ 2.95917209, -8.02178304,  1.53150382]), array([ 2.93933333, -7.98139216,  1.51973964]), array([ 2.91949457, -7.94100127,  1.50773021]), array([ 2.8996558 , -7.90061039,  1.49547552]), array([ 2.87981704, -7.86021951,  1.48297559]), array([ 2.85997827, -7.81982862,  1.47023041]), array([ 2.84013951, -7.77943774,  1.45723998]), array([ 2.82030074, -7.73904686,  1.4440043 ]), array([ 2.80046198, -7.69865597,  1.43052337]), array([ 2.78062322, -7.65826509,  1.41679719]), array([ 2.76078445, -7.61787421,  1.40282575]), array([ 2.74094569, -7.57748333,  1.38860907]), array([ 2.72110692, -7.53709244,  1.37414714]), array([ 2.70126816, -7.49670156,  1.35943996]), array([ 2.68142939, -7.45631068,  1.34448753]), array([ 2.66159063, -7.41591979,  1.32928985]), array([ 2.64175187, -7.37552891,  1.31384692]), array([ 2.6219131 , -7.33513803,  1.29815873]), array([ 2.60207434, -7.29474714,  1.2822253 ]), array([ 2.58223557, -7.25435626,  1.26604662]), array([ 2.56239681, -7.21396538,  1.24962269]), array([ 2.54255805, -7.17357449,  1.23295351]), array([ 2.52271928, -7.13318361,  1.21603908]), array([ 2.50288052, -7.09279273,  1.1988794 ]), array([ 2.48304175, -7.05240185,  1.18147447]), array([ 2.46320299, -7.01201096,  1.16382428]), array([ 2.44336422, -6.97162008,  1.14592885]), array([ 2.42352546, -6.9312292 ,  1.12778817]), array([ 2.4036867 , -6.89083831,  1.10940224]), array([ 2.38384793, -6.85044743,  1.09077106]), array([ 2.36400917, -6.81005655,  1.07189463]), array([ 2.3441704 , -6.76966566,  1.05277295]), array([ 2.32433164, -6.72927478,  1.03340601]), array([ 2.30449287, -6.6888839 ,  1.01379383]), array([ 2.28465411, -6.64849301,  0.9939364 ]), array([ 2.26481535, -6.60810213,  0.97383372]), array([ 2.24497658, -6.56771125,  0.95348579]), array([ 2.22513782, -6.52732037,  0.93289261]), array([ 2.20529905, -6.48692948,  0.91205418]), array([ 2.18546029, -6.4465386 ,  0.89097049]), array([ 2.16562153, -6.40614772,  0.86964156]), array([ 2.14578276, -6.36575683,  0.84806738]), array([ 2.125944  , -6.32536595,  0.82624795]), array([ 2.10610523, -6.28497507,  0.80418327]), array([ 2.08626647, -6.24458418,  0.78187334]), array([ 2.0664277 , -6.2041933 ,  0.75931816]), array([ 2.04658894, -6.16380242,  0.73651772]), array([ 2.02675018, -6.12341153,  0.71347204]), array([ 2.00691141, -6.08302065,  0.69018111]), array([ 1.98707265, -6.04262977,  0.66664493]), array([ 1.96723388, -6.00223889,  0.6428635 ]), array([ 1.94739512, -5.961848  ,  0.61883682]), array([ 1.92755635, -5.92145712,  0.59456489]), array([ 1.90771759, -5.88106624,  0.5700477 ]), array([ 1.88787883, -5.84067535,  0.54528527]), array([ 1.86804006, -5.80028447,  0.52027759]), array([ 1.8482013 , -5.75989359,  0.49502466]), array([ 1.82836253, -5.7195027 ,  0.46952648]), array([ 1.80852377, -5.67911182,  0.44378305]), array([ 1.78868501, -5.63872094,  0.41779437]), array([ 1.76884624, -5.59833005,  0.39156043]), array([ 1.74900748, -5.55793917,  0.36508125]), array([ 1.72916871, -5.51754829,  0.33835682]), array([ 1.70932995, -5.47715741,  0.31138714]), array([ 1.68949118, -5.43676652,  0.28417221]), array([ 1.66965242, -5.39637564,  0.25671203]), array([ 1.64981366, -5.35598476,  0.2290066 ]), array([ 1.62997489, -5.31559387,  0.20105591]), array([ 1.61013613, -5.27520299,  0.17285998]), array([ 1.59029736, -5.23481211,  0.1444188 ]), array([ 1.5704586 , -5.19442122,  0.11573237]), array([ 1.55061983, -5.15403034,  0.08680069]), array([ 1.53078107, -5.11363946,  0.05762376]), array([ 1.51094231, -5.07324858,  0.033     ]), array([ 1.49209548, -5.03487724,  0.05482139]), array([ 1.47324865, -4.9965059 ,  0.07639752]), array([ 1.45440183, -4.95813456,  0.09772841]), array([ 1.435555  , -4.91976322,  0.11881404]), array([ 1.41670818, -4.88139188,  0.13965443]), array([ 1.39786135, -4.84302054,  0.16024957]), array([ 1.37901452, -4.8046492 ,  0.18059945]), array([ 1.3601677 , -4.76627786,  0.20070409]), array([ 1.34132087, -4.72790652,  0.22056347]), array([ 1.32247405, -4.68953519,  0.24017761]), array([ 1.30362722, -4.65116385,  0.2595465 ]), array([ 1.28478039, -4.61279251,  0.27867013]), array([ 1.26593357, -4.57442117,  0.29754852]), array([ 1.24708674, -4.53604983,  0.31618165]), array([ 1.22823992, -4.49767849,  0.33456954]), array([ 1.20939309, -4.45930715,  0.35271218]), array([ 1.19054626, -4.42093581,  0.37060956]), array([ 1.17169944, -4.38256447,  0.3882617 ]), array([ 1.15285261, -4.34419314,  0.40566859]), array([ 1.13400579, -4.3058218 ,  0.42283022]), array([ 1.11515896, -4.26745046,  0.43974661]), array([ 1.09631213, -4.22907912,  0.45641774]), array([ 1.07746531, -4.19070778,  0.47284363]), array([ 1.05861848, -4.15233644,  0.48902427]), array([ 1.03977166, -4.1139651 ,  0.50495965]), array([ 1.02092483, -4.07559376,  0.52064979]), array([ 1.002078  , -4.03722242,  0.53609467]), array([ 0.98323118, -3.99885109,  0.55129431]), array([ 0.96438435, -3.96047975,  0.5662487 ]), array([ 0.94553753, -3.92210841,  0.58095783]), array([ 0.9266907 , -3.88373707,  0.59542172]), array([ 0.90784387, -3.84536573,  0.60964035]), array([ 0.88899705, -3.80699439,  0.62361374]), array([ 0.87015022, -3.76862305,  0.63734188]), array([ 0.8513034 , -3.73025171,  0.65082476]), array([ 0.83245657, -3.69188037,  0.6640624 ]), array([ 0.81360974, -3.65350904,  0.67705478]), array([ 0.79476292, -3.6151377 ,  0.68980192]), array([ 0.77591609, -3.57676636,  0.70230381]), array([ 0.75706927, -3.53839502,  0.71456044]), array([ 0.73822244, -3.50002368,  0.72657183]), array([ 0.71937561, -3.46165234,  0.73833796]), array([ 0.70052879, -3.423281  ,  0.74985885]), array([ 0.68168196, -3.38490966,  0.76113449]), array([ 0.66283514, -3.34653832,  0.77216487]), array([ 0.64398831, -3.30816699,  0.78295001]), array([ 0.62514148, -3.26979565,  0.79348989]), array([ 0.58744783, -3.19305297,  0.81383392]), array([ 0.54975418, -3.11631029,  0.83319694]), array([ 0.51206053, -3.03956761,  0.85157896]), array([ 0.47436688, -2.96282494,  0.86897998]), array([ 0.45552005, -2.9244536 ,  0.87731262]), array([ 0.43667322, -2.88608226,  0.88540001]), array([ 0.4178264 , -2.84771092,  0.89324214]), array([ 0.39897957, -2.80933958,  0.90083903]), array([ 0.38013275, -2.77096824,  0.90819066]), array([ 0.36128592, -2.7325969 ,  0.91529705]), array([ 0.34243909, -2.69422556,  0.92215819]), array([ 0.32359227, -2.65585422,  0.92877407]), array([ 0.30474544, -2.61748288,  0.93514471]), array([ 0.28589862, -2.57911155,  0.94127009]), array([ 0.26705179, -2.54074021,  0.94715023]), array([ 0.24820496, -2.50236887,  0.95278512]), array([ 0.22935814, -2.46399753,  0.95817475]), array([ 0.21051131, -2.42562619,  0.96331914]), array([ 0.19166449, -2.38725485,  0.96821827]), array([ 0.17281766, -2.34888351,  0.97287216]), array([ 0.15397083, -2.31051217,  0.9772808 ]), array([ 0.13512401, -2.27214083,  0.98144418]), array([ 0.11627718, -2.2337695 ,  0.98536232]), array([ 0.09743036, -2.19539816,  0.9890352 ]), array([ 0.07858353, -2.15702682,  0.99246284]), array([ 0.0597367 , -2.11865548,  0.99564523]), array([ 0.04088988, -2.08028414,  0.99858236]), array([ 0.02204305, -2.0419128 ,  1.00127425]), array([ 0.00319623, -2.00354146,  1.00372089]), array([-0.0156506 , -1.96517012,  1.00592227]), array([-0.03449743, -1.92679878,  1.00787841]), array([-0.05334425, -1.88842745,  1.00958929]), array([-0.07219108, -1.85005611,  1.01105493]), array([-0.0910379 , -1.81168477,  1.01227532]), array([-0.10988473, -1.77331343,  1.01325045]), array([-0.12873156, -1.73494209,  1.01398034]), array([-0.14757838, -1.69657075,  1.01446497]), array([-0.16642521, -1.65819941,  1.01470436]), array([-0.18527203, -1.61982807,  1.0146985 ]), array([-0.20411886, -1.58145673,  1.01444738]), array([-0.22296569, -1.5430854 ,  1.01395102]), array([-0.24181251, -1.50471406,  1.0132094 ]), array([-0.26065934, -1.46634272,  1.01222254]), array([-0.27950616, -1.42797138,  1.01099043]), array([-0.29835299, -1.38960004,  1.00951306]), array([-0.31719982, -1.3512287 ,  1.00779045]), array([-0.33604664, -1.31285736,  1.00582258]), array([-0.35489347, -1.27448602,  1.00360947]), array([-0.37374029, -1.23611468,  1.00115111]), array([-0.39258712, -1.19774335,  0.99844749]), array([-0.41143395, -1.15937201,  0.99549863]), array([-0.43028077, -1.12100067,  0.99230451]), array([-0.4491276 , -1.08262933,  0.98886515]), array([-0.46797442, -1.04425799,  0.98518054]), array([-0.48682125, -1.00588665,  0.98125067]), array([-0.50566808, -0.96751531,  0.97707556]), array([-0.5245149 , -0.92914397,  0.97265519]), array([-0.54336173, -0.89077263,  0.96798958]), array([-0.56220855, -0.8524013 ,  0.96307872]), array([-0.58105538, -0.81402996,  0.9579226 ]), array([-0.59990221, -0.77565862,  0.95252124]), array([-0.61874903, -0.73728728,  0.94687463]), array([-0.63759586, -0.69891594,  0.94098276]), array([-0.65644268, -0.6605446 ,  0.93484565]), array([-0.67528951, -0.62217326,  0.92846328]), array([-0.69413634, -0.58380192,  0.92183567]), array([-0.71298316, -0.54543058,  0.91496281]), array([-0.73182999, -0.50705924,  0.90784469]), array([-0.75067681, -0.46868791,  0.90048133]), array([-0.76952364, -0.43031657,  0.89287271]), array([-0.78837047, -0.39194523,  0.88501885]), array([-0.80721729, -0.35357389,  0.87691974]), array([-0.82606412, -0.31520255,  0.86857537]), array([-0.84491094, -0.27683121,  0.85998576]), array([-0.86375777, -0.23845987,  0.85115089]), array([-0.8826046 , -0.20008853,  0.84207078]), array([-0.90145142, -0.16171719,  0.83274542]), array([-0.92029825, -0.12334586,  0.8231748 ]), array([-0.93914507, -0.08497452,  0.81335894]), array([-0.9579919 , -0.04660318,  0.80329782]), array([-0.97683873, -0.00823184,  0.79299146]), array([-0.99568555,  0.0301395 ,  0.78243985]), array([-1.01453238,  0.06851084,  0.77164298]), array([-1.0333792 ,  0.10688218,  0.76060087]), array([-1.05222603,  0.14525352,  0.7493135 ]), array([-1.07107286,  0.18362486,  0.73778089]), array([-1.08991968,  0.22199619,  0.72600303]), array([-1.10876651,  0.26036753,  0.71397991]), array([-1.12761333,  0.29873887,  0.70171155]), array([-1.14646016,  0.33711021,  0.68919793]), array([-1.16530699,  0.37548155,  0.67643907]), array([-1.18415381,  0.41385289,  0.66343496]), array([-1.20300064,  0.45222423,  0.65018559]), array([-1.22184746,  0.49059557,  0.63669098]), array([-1.24069429,  0.52896691,  0.62295112]), array([-1.25954112,  0.56733824,  0.608966  ]), array([-1.27838794,  0.60570958,  0.59473564]), array([-1.29723477,  0.64408092,  0.58026002]), array([-1.31608159,  0.68245226,  0.56553916]), array([-1.33492842,  0.7208236 ,  0.55057305]), array([-1.35377525,  0.75919494,  0.53536168]), array([-1.37262207,  0.79756628,  0.51990507]), array([-1.3914689 ,  0.83593762,  0.5042032 ]), array([-1.41031572,  0.87430896,  0.48825609]), array([-1.42916255,  0.91268029,  0.47206373]), array([-1.44800938,  0.95105163,  0.45562611]), array([-1.4668562 ,  0.98942297,  0.43894325]), array([-1.48570303,  1.02779431,  0.42201513]), array([-1.50454985,  1.06616565,  0.40484177]), array([-1.52339668,  1.10453699,  0.38742316]), array([-1.54224351,  1.14290833,  0.36975929]), array([-1.56109033,  1.18127967,  0.35185018]), array([-1.57993716,  1.21965101,  0.33369581]), array([-1.59878398,  1.25802234,  0.3152962 ]), array([-1.61763081,  1.29639368,  0.29665134]), array([-1.63647764,  1.33476502,  0.27776122]), array([-1.65532446,  1.37313636,  0.25862586]), array([-1.69301811,  1.44987904,  0.21961938]), array([-1.71186494,  1.48825038,  0.19974827]), array([-1.73071177,  1.52662172,  0.1796319 ]), array([-1.74955859,  1.56499306,  0.15927029]), array([-1.76840542,  1.6033644 ,  0.13866343]), array([-1.78725224,  1.64173573,  0.11781131]), array([-1.80609907,  1.68010707,  0.09671395]), array([-1.8249459 ,  1.71847841,  0.07537133]), array([-1.84379272,  1.75684975,  0.05378347]), array([-1.86263955,  1.79522109,  0.033     ]), array([-1.88054403,  1.83167386,  0.04912959]), array([-1.89844852,  1.86812663,  0.06501392]), array([-1.916353  ,  1.90457941,  0.08065301]), array([-1.93425749,  1.94103218,  0.09604684])], 'distances_history': [8.312673718211833, 8.26638191170297, 8.219501133811772, 8.172210639214637, 8.124806896700916, 8.075404430156098, 8.025827368218222, 7.974374418950419, 7.922882078623566, 7.8703776766234945, 7.819046436223756, 7.766666873050242, 7.715481320857316, 7.6632805206690735, 7.612289266163205, 7.560313246663074, 7.509560105156996, 7.458061368486836, 7.407609464466278, 7.356417241253032, 7.306280293399648, 7.255427090278021, 7.205637872627724, 7.155157230787725, 7.104186528759908, 7.054147551778583, 7.003620661853051, 6.9540334424445, 6.903969986625901, 6.854848023615744, 6.80679795970639, 6.758145751614079, 6.710559295070624, 6.662374156635331, 6.615269173085503, 6.567573419377716, 6.519463559560385, 6.472355890985324, 6.4247469079404285, 6.378417513137327, 6.331306946107161, 6.285481124982458, 6.238882591486737, 6.193577954432208, 6.147506334875267, 6.102740779125392, 6.057211269871078, 6.012998805518657, 5.969524087173534, 5.9259281162107005, 5.883000053439599, 5.83998502343075, 5.797616384053682, 5.755201612183182, 5.713411168292446, 5.671617372282275, 5.630419941240149, 5.58920746193735, 5.548751398187386, 5.507628635641703, 5.467931198119194, 5.4275460421396735, 5.3886181524610155, 5.348997283530891, 5.310866660018549, 5.272038388467957, 5.234734310565332, 5.196728520111045, 5.160281534071371, 5.123124688500034, 5.08749571060643, 5.051568855070563, 5.016196931731051, 4.980361539120959, 4.937484663166174, 4.894820411409444, 4.852385405317608, 4.810137382564815, 4.768115321964905, 4.726256262983713, 4.6846188192742755, 4.643130657866249, 4.600607395895531, 4.558884493970395, 4.517102246231392, 4.475465833950801, 4.433836109760323, 4.392355635479512, 4.350888811379489, 4.3095369908251895, 4.26945932894491, 4.229018705203338, 4.188682644559457, 4.148544064323706, 4.108501650522459, 4.0685926708306015, 4.027475611983252, 3.986487197076086, 3.9456056057143654, 3.904768475332396, 3.864026596973075, 3.8235690004864273, 3.7843475182683854, 3.7439847234413923, 3.7037296686892405, 3.663379246854229, 3.6231603526763467, 3.5840183548629723, 3.5438976029588565, 3.5038463194073044, 3.4637108367470133, 3.4237327813393312, 3.3844643645881125, 3.34385813380805, 3.303514134080979, 3.2631147173145414, 3.223037677899828, 3.1828170781970613, 3.142685911380538, 3.1024588631909427, 3.0613684683820064, 2.9764779119223976, 2.8888730542055665, 2.799206290557455, 2.708048115377647, 2.6623534213308497, 2.616911755917366, 2.5717152358815865, 2.5267525817035774, 2.482010702348676, 2.437475721344028, 2.393133648899412, 2.348970821280489, 2.3049741825611565, 2.261131457429729, 2.217431247825899, 2.1738630761713633, 2.1304173913697455, 2.087085549256448, 2.0438597760216135, 2.0007331208631225, 1.957699402475166, 1.9147531527627908, 1.871889560274083, 1.829104415176452, 1.7863940571131507, 1.7437553269184332, 1.7011855229140302, 1.6586823623335891, 1.6162439483093487, 1.573868742795459, 1.5315555457875747, 1.4893034812247363, 1.4471119900259302, 1.404980830822047, 1.3629100890992176, 1.3209001956803863, 1.2789519557516507, 1.2370665900074158, 1.195245789970626, 1.1534917901790436, 1.1118074607685977, 1.0701964251048133, 1.0286632086190222, 0.9872134270487097, 0.945854025079454, 0.9045935802582643, 0.8634426924646696, 0.8224144868875212, 0.7815252694186181, 0.7407953892496787, 0.7002503867282197, 0.6599225390503061, 0.6198529681922682, 0.5800945541239452, 0.540716016726485, 0.50180771500697, 0.46348999632256876, 0.4259253570824972, 0.38933629417186977, 0.3540315159697994, 0.32044385804294157, 0.2891826578707059, 0.2610980312214252, 0.23733656228070119, 0.21932730783570842, 0.20858793265045875, 0.20628153480633588, 0.21270808059789642, 0.22715295355034523, 0.24818151977839065, 0.2743560757023987, 0.3044593346060668, 0.3375625419727999, 0.37299008919168514, 0.4102577527447632, 0.449017159332822, 0.4890141353287071, 0.5300596133060609, 0.5720098523134205, 0.6147530715269789, 0.6582003752418701, 0.7022795273901962, 0.7469306239953513, 0.7921030409276768, 0.837753248876796, 0.8838432261318395, 0.9303392894685459, 0.9772112218284189, 1.0244316138189364, 1.0719753615124297, 1.1198192801045193, 1.1679418045964522, 1.2163227566417187, 1.264943162246299, 1.3137851089193888, 1.362831633657105, 1.4120666351527422, 1.46147480509813, 1.5110415745314718, 1.5607530720078386, 1.6105960909957613, 1.6605580643905973, 1.7106270444203868, 1.76079168652942, 1.8110412360778603, 1.8613655169060221, 1.911754920989123, 1.9622003985593686, 2.0126934482022216, 2.0632261065460806, 2.113790937262107, 2.164381019175362, 2.21498993336123, 2.2656117491634116, 2.316241009122443, 2.366872712847533, 2.4175022999002063, 2.5167785604950614, 2.5658061852768865, 2.6151452405633098, 2.6647413539911953, 2.7145479447679874, 2.764525238142147, 2.814639381146275, 2.864861651573837, 2.9151677544748646, 2.9652075378239835, 3.001723817780591, 3.038502493406607, 3.075514247869718], 'normal_align_history': [0.8543094453692006, 0.8510969083385815, 0.8546082564154147, 0.8646705687597334, 0.8734050291780402, 0.8769884359948211, 0.8829635578523445, 0.8927001274384092, 0.9011565096247656, 0.9126862018822576, 0.9197512918190134, 0.9295035681164985, 0.9353180226470824, 0.9435129916370275, 0.9482584833631402, 0.9550990979897469, 0.958938588137225, 0.9592355612824338, 0.9627543948199992, 0.962891473883208, 0.9661274116950264, 0.966132286210264, 0.9691170632902274, 0.9690132409149239, 0.9707473170136808, 0.970609728818315, 0.9722159399255006, 0.9720466209426899, 0.9735509607132445, 0.9733706268476904, 0.9758215042539382, 0.9755886525171877, 0.9778954556118622, 0.9776436503726766, 0.979823359913861, 0.9795612001290674, 0.9807300223290976, 0.9805455976735166, 0.9817174519448804, 0.9816276315997414, 0.9827750572241383, 0.9827092625575902, 0.9838342524510375, 0.9837906196775228, 0.9848947250458528, 0.9848701373426846, 0.9859538403135156, 0.9859457948432441, 0.9876786243829769, 0.9876221728265441, 0.9892100717107175, 0.9891150791352291, 0.9905623577564271, 0.9904245013407439, 0.9917324713883473, 0.9915458165167387, 0.9927135531462823, 0.992463096897517, 0.9935601001200547, 0.9932167014637009, 0.9941789621800828, 0.9937900130132333, 0.9946055509955327, 0.9941577381918373, 0.9948121509538952, 0.9942911880276423, 0.9947691350898218, 0.9941601232980596, 0.9944455704013141, 0.9937335268880882, 0.9938163783866086, 0.993007010832293, 0.9929573551630825, 0.9919801058773039, 0.9916914152461946, 0.9905199879349231, 0.9899656600208692, 0.988570693788345, 0.9877243893648897, 0.9860764123834327, 0.9849121690509961, 0.9829795235903884, 0.9822516077530019, 0.9802424775079907, 0.9791479973916513, 0.9783129646280894, 0.9768523339766633, 0.9754581625455587, 0.9736527020386367, 0.9717402325619313, 0.9684076662535924, 0.9653989701155585, 0.9617852506464435, 0.958129101431227, 0.9540757691961858, 0.9499252754926709, 0.9470375343414148, 0.9440499107867709, 0.9407724133217561, 0.9375862240330447, 0.9337773571203029, 0.9292874693261359, 0.9229550591387614, 0.9182720829415367, 0.9134656469959538, 0.9083635084061473, 0.9031633175508744, 0.8957957301569912, 0.8900463652009118, 0.8834667042564782, 0.8764947172578419, 0.8690205115351858, 0.8587168617525734, 0.8505918428605576, 0.8423221518402904, 0.8341012953994844, 0.8250123113709604, 0.8159570909133098, 0.806652964367084, 0.7976795176052338, 0.7911585637990242, 0.785473181996257, 0.7885528104219736, 0.7974807584866035, 0.8099775337908758, 0.816189668312293, 0.8214083160417522, 0.825833583807021, 0.8296105503146766, 0.8328515024497175, 0.8356466426070283, 0.8380699351689455, 0.8401827201231273, 0.8420361898540012, 0.843673218535125, 0.8451297813142218, 0.846436089595373, 0.8476175167088958, 0.8486953619296684, 0.8496874862736861, 0.8506088447286343, 0.8514719338171327, 0.8522871693484134, 0.8530632062301137, 0.8538072099332941, 0.854525087425003, 0.8552216839739372, 0.8559009511081932, 0.8565660900970299, 0.8572196745942287, 0.8578637554834135, 0.8584999504779111, 0.8591295206276341, 0.8597534355559898, 0.8603724289772738, 0.86098704581864, 0.8615976820818421, 0.8622046184216523, 0.8628080482845567, 0.86340810133859, 0.8640048628293618, 0.8645983894155124, 0.8651887219666979, 0.8657758957467395, 0.8663599483522778, 0.866940925731831, 0.8675188865704839, 0.8680939052907436, 0.8686660738895609, 0.8692355028046556, 0.8698023209794967, 0.87036667527525, 0.8709287293593149, 0.871488662183453, 0.8720466661497333, 0.872602945049332, 0.8731577118474988, 0.8737111863775329, 0.8742635929972926, 0.874815158253478, 0.8753661085915314, 0.8759166681424801, 0.8764670566122242, 0.8770174872936528, 0.877568165217456, 0.8781192854535206, 0.8786710315713255, 0.8792235742647221, 0.879777070143855, 0.8803316606947152, 0.8808486128900577, 0.8814437352072264, 0.8821977888782387, 0.8831645714974028, 0.8843770678144816, 0.8858522192436717, 0.8875946696294946, 0.8895997293065798, 0.891855729013285, 0.8943458906045958, 0.8970498118783218, 0.8999446420539443, 0.9030060090942434, 0.906208748212899, 0.9095274714758544, 0.9129370107427645, 0.91641275991386, 0.9199309372848861, 0.9234687845778612, 0.9270047157589753, 0.9305184259533589, 0.9339909685143548, 0.9374048065113509, 0.9407438434864319, 0.9439934372283105, 0.9471403994641119, 0.9501729837262634, 0.9530808631714075, 0.9558550997760316, 0.9584881060805198, 0.9609736004757027, 0.9633065569043191, 0.965483149768331, 0.9675006947792895, 0.9693575864530412, 0.9710532329244815, 0.9725879887371118, 0.9739630862418062, 0.9751805662166445, 0.9762432082932413, 0.9771544617437952, 0.9779183771469115, 0.978539539409344, 0.9790230025758029, 0.9793742268107126, 0.9795990178852323, 0.9797034694510264, 0.9796939083301736, 0.9768278180759001, 0.9739622882224162, 0.9709898764506157, 0.9679208213938626, 0.964765870687099, 0.9615361252681208, 0.958242868542296, 0.95489740038098, 0.9515108870711617, 0.9480942326653322, 0.9446579735721734, 0.941212195990425, 0.9377664744736859], 'ball_near_history': [False, False, False, False, False, False, False, False, False, False, False, False, False, False, False, False, False, False, False, False, False, False, False, False, False, False, False, False, False, False, False, False, False, False, False, False, False, False, False, False, False, False, False, False, False, False, False, False, False, False, False, False, False, False, False, False, False, False, False, False, False, False, False, False, False, False, False, False, False, False, False, False, False, False, False, False, False, False, False, False, False, False, False, False, False, False, False, False, False, False, False, False, False, False, False, False, False, False, False, False, False, False, False, False, False, False, False, False, False, False, False, False, False, False, False, False, False, False, False, False, False, False, False, False, False, False, False, False, False, False, False, False, False, False, False, False, False, False, False, False, False, False, False, False, False, False, False, False, False, False, False, False, False, False, False, False, False, False, False, False, False, False, False, False, False, False, False, False, False, False, False, False, False, False, False, False, False, False, False, False, False, False, False, False, False, False, False, False, False, False, False, False, False, False, False, False, False, False, False, False, False, False, False, False, False, False, False, False, False, False, False, False, False, False, False, False, False, False, False, False, False, False, False, False, False, False, False, False, False, False, False, False, False, False, False, False, False, False, False, False, False, False, False, False, False, False, False, False, False, False, False], 'tube_ready_history': [False, False, False, False, False, False, False, False, False, False, False, False, False, False, False, False, False, False, False, False, False, False, False, False, False, False, False, False, False, False, False, False, False, False, False, False, False, False, False, False, False, False, False, False, False, False, False, False, False, False, False, False, False, False, False, False, False, False, False, False, False, False, False, False, False, False, False, False, False, False, False, False, False, False, False, False, False, False, False, False, False, False, False, False, False, False, False, False, False, False, False, False, False, False, False, False, False, False, False, False, False, False, False, False, False, False, False, False, False, False, False, False, False, False, False, False, False, False, False, False, False, False, False, False, False, False, False, False, False, False, False, False, False, False, False, False, False, False, False, False, False, False, False, False, False, False, False, False, False, False, False, False, False, False, False, False, False, False, False, False, False, False, False, False, False, False, False, False, False, False, False, False, False, False, False, False, False, False, False, False, False, False, False, False, False, False, False, False, False, False, False, False, False, False, False, False, False, False, False, False, False, False, False, False, False, False, False, False, False, False, False, False, False, False, False, False, False, False, False, False, False, False, False, False, False, False, False, False, False, False, False, False, False, False, False, False, False, False, False, False, False, False, False, False, False, False, False, False, False, False, False], 'pos_error_history': [0.00927464951828037, 0.008379492105591023, 0.00783245809506834, 0.008598843829029144, 0.01027806888552847, 0.013222807815354273, 0.0183168940325709, 0.023858671738526765, 0.030312689113282658, 0.035583814689866246, 0.04196556384618777, 0.04711145181927675, 0.05331537653599876, 0.05827196896927319, 0.06425790585722067, 0.06899436873374516, 0.0745332571357604, 0.07900442481065209, 0.08428308614184424, 0.08850013037630196, 0.09350689425235005, 0.09745751552822779, 0.1021799041024645, 0.10737530927855995, 0.11177489243847755, 0.11669515382226987, 0.12078426649824447, 0.12542360230995325, 0.1292061589989584, 0.13198195257736042, 0.13546167750397597, 0.13795583859658064, 0.14115999871775306, 0.1433789225124457, 0.1463094424736167, 0.1498871066060134, 0.1525070391440215, 0.15585491210085065, 0.15806353198298378, 0.16121773918109567, 0.16323952730982813, 0.1662095406528858, 0.1680525573939628, 0.1708493958390377, 0.17252411454301914, 0.1751609642813967, 0.17668544301039146, 0.17741767365264388, 0.1787591644459867, 0.1793734466521061, 0.18060713930294334, 0.18112965857582378, 0.18227792561849593, 0.18273136612881574, 0.18381768131880602, 0.18422712913707026, 0.18528746288857798, 0.1854281615308229, 0.18651425687355216, 0.18657828670641416, 0.18761520605235563, 0.1876419784414264, 0.18866310882097584, 0.188688908700453, 0.1897286305059332, 0.18979138001024665, 0.19088516398643154, 0.19102396472522062, 0.19220724366739955, 0.1924526653771744, 0.1933753725843475, 0.19363351513484092, 0.19470037319544345, 0.19510869832518052, 0.19636931028637938, 0.19697973441599273, 0.19848231509469366, 0.19934410878169168, 0.20113306897001576, 0.20229137560820382, 0.20440447683150031, 0.2075363905545636, 0.21028105733807861, 0.2138866273624185, 0.21689373569028164, 0.22083551387924452, 0.22411784557384914, 0.22833626488368644, 0.23188633434526748, 0.23490432711470202, 0.23857210577868906, 0.24169942150603121, 0.2458290764427644, 0.24933096899167537, 0.2538599278661529, 0.2590220693998373, 0.26513249754907275, 0.27053347417865464, 0.2767956286232586, 0.2825286301823185, 0.28773025151492004, 0.29269478216328665, 0.2982998182693513, 0.3046947845684164, 0.31048829661668176, 0.31703634976424483, 0.32328586666842435, 0.3300672402599979, 0.336417331034888, 0.3423543276851739, 0.3491059313143674, 0.35565952922265937, 0.36292681847478303, 0.3713009616032088, 0.3792995836066779, 0.3871064284178257, 0.3949862301544687, 0.4027690365574025, 0.41065263402185137, 0.41702815693342, 0.42532423575098827, 0.42839783249804475, 0.42676261230877116, 0.4208297135695747, 0.4165355710542272, 0.41169257361425005, 0.4064248754926783, 0.4008314486093672, 0.3949915484208335, 0.3889688707227954, 0.3828147710318155, 0.37657079505460334, 0.3702706895278138, 0.3639420121671018, 0.3576074267190937, 0.3512857472799443, 0.3449927809734856, 0.3387420072968613, 0.33254512446351975, 0.3264124870036438, 0.32035345415974, 0.31437666487851773, 0.3084902522073032, 0.30270200748619835, 0.29701950276542805, 0.2914501782818561, 0.2860014005325409, 0.2806804954350531, 0.27549476022468594, 0.2704514570767905, 0.2655577909342834, 0.2608208736466837, 0.25624767627206696, 0.25184497124318944, 0.2476192660406291, 0.243576730035308, 0.23972311624497422, 0.23606367987643634, 0.23260309567709742, 0.22934537627250995, 0.22629379379616169, 0.22345080719766328, 0.22081799762163545, 0.2183960141611071, 0.2161845320919519, 0.21418222538317042, 0.21238675485661554, 0.2107947728549959, 0.20940194469499557, 0.20820298656774266, 0.20719171894100535, 0.20636113395667904, 0.20570347483979892, 0.20521032497065614, 0.20487270403829133, 0.20468116859873653, 0.20462591440029282, 0.2046968779961607, 0.20488383541962554, 0.20517649602200916, 0.20556458994051868, 0.20603794804523878, 0.2065865735884066, 0.20720070512629582, 0.20787087059122245, 0.20858793265045875, 0.20934312569687802, 0.21012808497351268, 0.21093486844431436, 0.21165801722896632, 0.21224917084844042, 0.21267970638027697, 0.21293490125249626, 0.21301009701958498, 0.21290807446743115, 0.21263718530224354, 0.21220997528620628, 0.21164214019560923, 0.21095171589705755, 0.21015843797990738, 0.20928322638262062, 0.20834776271408373, 0.20737413598875717, 0.20638453815600494, 0.2054009951288917, 0.20444512255617298, 0.2035378986273929, 0.20269944890550726, 0.20194884060914356, 0.20130388592692075, 0.20078095581114216, 0.20039480721539293, 0.20015842784710453, 0.2000829031425599, 0.20017731029739563, 0.20044864379228697, 0.2009017759754817, 0.20153945498146145, 0.2023623407000907, 0.20336907781436903, 0.20455640325979327, 0.20591928397749903, 0.207451079661496, 0.20914372441982487, 0.21098792091376212, 0.2129733405942977, 0.21508882406770796, 0.21732257631206872, 0.2196623523412216, 0.22209562987943438, 0.22460976658651843, 0.2271921402939082, 0.22983027153088595, 0.23251192830961126, 0.23522521368712948, 0.23795863703441808, 0.24070117022808896, 0.24450412908976935, 0.2456947602287739, 0.2470004855403512, 0.24840975033334778, 0.24991116940072142, 0.2514927911767786, 0.25314198874309957, 0.25484563614077954, 0.2565903853987013, 0.2583629499151567, 0.26015035071631226, 0.26194010994337463, 0.2637203903718886, 0.26546702198795724], 'max_qdot_ratio': 0.996085896496948, 'max_tcp_speed': 1.796356773994601, 'max_racket_face_speed': 3.145330143466728, 'total_mpc_steps': 251, 'ball_was_hit': False, 'hit_step': -1, 'p_ee_at_hit': None, 'ball_pos_at_hit': None, 'v_ee_at_hit': None, 'active_contact': False, 'passive_contact': False}
2026-09-13 17:17:45,306 [INFO] __main__: 击打后继续仿真 20 步...
