__STEP_TIMING__: n=240 p50=0.62 p95=1.79 p99=4.12 max=5.30 n_over_period=1 period_ms=5.00 deciles=0.28,0.31,0.38,0.52,0.62,0.68,0.98,1.29,1.37,5.30
__STEP_LATENCIES__: 0.36,0.31,0.30,0.30,0.71,0.60,0.63,0.46,0.51,0.51,0.78,0.68,0.57,0.37,0.37,0.36,0.34,0.26,0.25,0.53,0.30,0.30,0.28,0.28,0.28,0.30,0.28,0.28,0.28,0.28,0.29,0.34,0.45,0.46,0.49,0.37,0.36,0.36,0.36,0.33,0.29,0.28,0.29,0.28,0.28,0.28,0.28,0.28,0.28,0.30,0.29,0.39,0.41,0.53,0.47,0.38,0.35,0.35,0.36,0.32,0.29,0.28,0.28,0.29,0.28,0.28,0.28,0.30,0.29,0.30,0.45,0.50,0.48,0.40,0.36,0.35,0.39,0.28,0.28,0.37,0.29,0.41,0.33,0.30,0.31,0.30,0.29,0.29,0.42,0.46,0.46,0.43,0.38,0.35,0.36,0.34,0.26,0.26,0.39,0.33,0.51,0.29,0.57,0.31,0.65,0.68,0.92,0.51,0.58,0.54,0.53,0.52,0.56,0.60,0.55,0.57,0.66,0.65,0.57,0.76,0.67,0.67,1.19,1.08,0.93,0.75,0.72,0.76,1.28,0.89,0.81,1.47,1.76,1.69,0.75,0.77,0.70,0.91,1.11,1.12,1.08,1.08,1.08,1.10,1.28,1.13,1.13,1.08,1.19,1.09,1.19,1.28,0.80,0.78,1.13,1.17,0.98,0.95,1.66,1.68,2.05,0.96,1.83,2.62,1.01,0.94,1.88,2.36,0.94,1.15,5.30,1.81,2.59,4.12,1.70,2.03,1.79,1.58,1.46,1.42,1.36,1.37,1.36,1.35,1.42,1.37,1.37,1.35,1.37,1.36,1.39,1.31,1.34,1.31,1.30,1.30,1.30,1.29,1.30,1.32,1.29,1.30,4.37,1.30,1.31,1.31,1.31,1.29,1.33,1.31,0.65,0.64,0.64,0.63,0.63,0.63,0.62,0.68,0.64,0.63,0.64,0.63,0.62,0.62,0.62,0.63,0.63,0.62,0.70,0.64,0.62,0.63,0.62,0.62,0.63,0.62,0.62,0.62,0.64,0.62

========================================
  RM-65 未命中（无物理接触，规划距离 0.5824m，球拍到达了规划点但球不在该位置）
  [V12 EpisodeRunner 管线架构]
  ablation: full
  击打目标位置: [-0.783 -0.202  0.919]
  末端实际位置: [-0.457 -0.488  1.308]
  规划跟踪误差: 0.5824 m
  速度误差: 1.8237 m/s
  MPC 总步数: 261
  --- Tube 专用指标 ---
  最小球拍-球距离: 0.4892 m
  ball_near 步数: 0 = 0.0 ms
  tube_ready 步数: 0 = 0.0 ms
  击打时间误差: 0.0 ms
  击打位置误差: 0.5824 m
  --- 计算性能 ---
  总墙钟时间: 1.18s (MPC=1.18s)
  --- 执行层约束 ---
  max_qdot=1.00x, max_tcp=1.8m/s, max_face=2.6m/s
  击球类型: 未触球
========================================

__RESULT__: pos_error=0.582383 vel_error=1.823728 min_dist=0.489186 ball_near_ms=0.0 tube_ready_ms=0.0 max_tcp=1.79 max_qdot=1.00 max_face=2.6 hit_type=miss hit_time_error_ms=0.0 hit_pos_error=0.582383 v_racket_at_hit=0.000
2026-09-13 17:17:37,830 [INFO] __main__: [ablation] mode=full
2026-09-13 17:17:37,836 [INFO] __main__: serve-box auto params: horizon=120, iter=10, first_plan_iters=30, total_horizon=250, replan_interval=20, near_plan_iters=5
2026-09-13 17:17:37,855 [INFO] __main__: 关节限位: 仿真默认(default.yaml), TCP=1.8 m/s, terminal_exempt=20
2026-09-13 17:17:37,855 [INFO] __main__: 球拍初始位置: [-0.24136342  0.63027058  1.45576659]
2026-09-13 17:17:37,855 [DEBUG] src.tennis.ball: serve_box bounce (attempt=3): p0_z=1.34, vz0=-3.1, spd=9.0, t1=0.288, t2=0.585, z_err=0.14
2026-09-13 17:17:37,862 [INFO] __main__: 击打步数: 180, 击打位置: [-0.78301171 -0.20186174  0.91914925]
2026-09-13 17:17:37,862 [INFO] __main__: 随挥方向: [-0.119 -0.977  0.174], 随挥步数: 60
2026-09-13 17:17:37,878 [INFO] __main__: 候选窗口已构建: best_k=180, candidates=20
2026-09-13 17:17:37,879 [INFO] src.cpp.solver_cpp: iLQR C++ 加速模块已加载
2026-09-13 17:17:37,879 [INFO] __main__: 开始 V12 EpisodeRunner，总步数=310 (MPC=250, 随挥=60)，击打步数=180
2026-09-13 17:17:37,880 [INFO] src.ilqt.async_replanner: AsyncReplanner: 后台规划线程已启动
2026-09-13 17:17:37,900 [INFO] src.ilqt.async_replanner: AsyncReplanner: 规划环境已创建（独立 MjData）
2026-09-13 17:17:37,901 [INFO] src.ilqt.async_replanner: AsyncReplanner: 规划环境已创建（独立 MjData）
2026-09-13 17:17:37,944 [DEBUG] src.ilqt.tube_cost: [Softmin诊断] 候选权重TOP3: k=180:w=0.058, k=181:w=0.058, k=179:w=0.058
2026-09-13 17:17:38,837 [INFO] src.ilqt.mpc_controller: REPLAN step=0 k_hit=180 iters=30 horizon=120 t=937ms
2026-09-13 17:17:38,839 [INFO] src.ilqt.mpc_controller: MPCController.start 完成: k_hit=180, p_hit=[-0.783 -0.202  0.919], buffer=120
2026-09-13 17:17:38,841 [INFO] src.ilqt.components.predictive_safety: [SAFETY_FILTER] beta=0.0: qdot entering overspeed, joint=0, |qdot|=3.79 > 3.14
2026-09-13 17:17:38,842 [INFO] src.ilqt.components.predictive_safety: [SAFETY_FILTER] beta=0.2: qdot entering overspeed, joint=0, |qdot|=3.50 > 3.14
2026-09-13 17:17:38,842 [INFO] src.ilqt.components.predictive_safety: [SAFETY_FILTER] beta=0.2: qdot entering overspeed, joint=0, |qdot|=3.63 > 3.14
2026-09-13 17:17:38,843 [INFO] src.ilqt.components.predictive_safety: [SAFETY_FILTER] beta=0.6: qdot entering overspeed, joint=0, |qdot|=3.18 > 3.14
2026-09-13 17:17:38,847 [DEBUG] src.ilqt.replan_core: FAR_JT step=0 k_hit=180 (JT gain=60, skip iLQR)
2026-09-13 17:17:38,847 [INFO] src.ilqt.async_replanner: ASYNC_PLAN done: step=0 k_hit=180 iters=0 horizon=0 t=9ms fast_lin=False ok=True
2026-09-13 17:17:38,848 [INFO] src.ilqt.components.predictive_safety: [SAFETY_FILTER] beta=0.8: qdot entering overspeed, joint=5, |qdot|=4.11 > 3.93
2026-09-13 17:17:38,855 [DEBUG] src.ilqt.replan_core: FAR_JT step=20 k_hit=160 (JT gain=60, skip iLQR)
2026-09-13 17:17:38,855 [INFO] src.ilqt.async_replanner: ASYNC_PLAN done: step=20 k_hit=160 iters=0 horizon=0 t=7ms fast_lin=False ok=True
2026-09-13 17:17:38,861 [DEBUG] src.ilqt.replan_core: FAR_JT step=40 k_hit=140 (JT gain=60, skip iLQR)
2026-09-13 17:17:38,861 [INFO] src.ilqt.async_replanner: ASYNC_PLAN done: step=40 k_hit=140 iters=0 horizon=0 t=6ms fast_lin=False ok=True
2026-09-13 17:17:38,868 [DEBUG] src.ilqt.replan_core: FAR_JT step=60 k_hit=120 (JT gain=60, skip iLQR)
2026-09-13 17:17:38,868 [INFO] src.ilqt.async_replanner: ASYNC_PLAN done: step=60 k_hit=120 iters=0 horizon=0 t=6ms fast_lin=False ok=True
2026-09-13 17:17:38,874 [DEBUG] src.ilqt.replan_core: FAR_JT step=80 k_hit=99 (JT gain=60, skip iLQR)
2026-09-13 17:17:38,874 [INFO] src.ilqt.async_replanner: ASYNC_PLAN done: step=80 k_hit=99 iters=0 horizon=0 t=6ms fast_lin=False ok=True
2026-09-13 17:17:38,875 [INFO] src.ilqt.components.predictive_safety: [SAFETY_FILTER] beta=0.8: tcp speed 1.81 > 1.80 m/s
2026-09-13 17:17:38,876 [INFO] src.ilqt.components.predictive_safety: [SAFETY_FILTER] beta=0.6: tcp speed 1.85 > 1.80 m/s
2026-09-13 17:17:38,877 [INFO] src.ilqt.components.predictive_safety: [SAFETY_FILTER] beta=0.4: tcp speed 1.89 > 1.80 m/s
2026-09-13 17:17:38,878 [INFO] src.ilqt.components.predictive_safety: [SAFETY_FILTER] beta=0.4: tcp speed 1.87 > 1.80 m/s
2026-09-13 17:17:38,878 [INFO] src.ilqt.components.predictive_safety: [SAFETY_FILTER] beta=0.8: qdot entering overspeed, joint=1, |qdot|=3.20 > 3.14
2026-09-13 17:17:38,879 [INFO] src.ilqt.components.predictive_safety: [SAFETY_FILTER] beta=0.2: qdot entering overspeed, joint=1, |qdot|=3.80 > 3.14
2026-09-13 17:17:38,880 [INFO] src.ilqt.components.predictive_safety: [SAFETY_FILTER] beta=0.8: tcp speed 1.83 > 1.80 m/s
2026-09-13 17:17:38,880 [DEBUG] src.ilqt.replan_core: FAR_JT step=100 k_hit=80 (JT gain=60, skip iLQR)
2026-09-13 17:17:38,880 [INFO] src.ilqt.async_replanner: ASYNC_PLAN done: step=100 k_hit=80 iters=0 horizon=0 t=5ms fast_lin=False ok=True
2026-09-13 17:17:38,880 [INFO] src.ilqt.components.predictive_safety: [SAFETY_FILTER] beta=0.6: qdot entering overspeed, joint=1, |qdot|=3.23 > 3.14
2026-09-13 17:17:38,881 [INFO] src.ilqt.components.predictive_safety: [SAFETY_FILTER] beta=0.2: qdot entering overspeed, joint=1, |qdot|=3.68 > 3.14
2026-09-13 17:17:38,882 [INFO] src.ilqt.components.predictive_safety: [SAFETY_FILTER] beta=0.2: qdot entering overspeed, joint=1, |qdot|=3.78 > 3.14
2026-09-13 17:17:38,882 [INFO] src.ilqt.components.predictive_safety: [SAFETY_FILTER] beta=0.4: tcp speed 2.00 > 1.80 m/s
2026-09-13 17:17:38,883 [INFO] src.ilqt.components.predictive_safety: [SAFETY_FILTER] beta=0.2: qdot entering overspeed, joint=1, |qdot|=3.43 > 3.14
2026-09-13 17:17:38,883 [INFO] src.ilqt.components.predictive_safety: [SAFETY_FILTER] beta=0.2: tcp speed 2.08 > 1.80 m/s
2026-09-13 17:17:38,884 [INFO] src.ilqt.components.predictive_safety: [SAFETY_FILTER] beta=0.2: qdot entering overspeed, joint=1, |qdot|=3.39 > 3.14
2026-09-13 17:17:38,884 [INFO] src.ilqt.components.predictive_safety: [SAFETY_FILTER] beta=0.2: qdot entering overspeed, joint=1, |qdot|=3.53 > 3.14
2026-09-13 17:17:38,885 [INFO] src.ilqt.components.predictive_safety: [SAFETY_FILTER] beta=0.0: qdot entering overspeed, joint=1, |qdot|=3.62 > 3.14
2026-09-13 17:17:38,886 [WARNING] src.ilqt.components.predictive_safety: [EMERGENCY_STOP] 安全滤波全 beta 失败: q upper bound violated, joint=4, safe_hold 阻尼制动
2026-09-13 17:17:38,886 [WARNING] src.ilqt.components.predictive_safety: [EMERGENCY_STOP] 安全滤波全 beta 失败: q upper bound violated, joint=4, safe_hold 阻尼制动
2026-09-13 17:17:38,887 [WARNING] src.ilqt.components.predictive_safety: [EMERGENCY_STOP] 安全滤波全 beta 失败: q upper bound violated, joint=4, safe_hold 阻尼制动
2026-09-13 17:17:38,888 [WARNING] src.ilqt.components.predictive_safety: [EMERGENCY_STOP] 安全滤波全 beta 失败: q upper bound violated, joint=4, safe_hold 阻尼制动
2026-09-13 17:17:38,888 [WARNING] src.ilqt.components.predictive_safety: [EMERGENCY_STOP] 安全滤波全 beta 失败: q upper bound violated, joint=4, safe_hold 阻尼制动
2026-09-13 17:17:38,889 [WARNING] src.ilqt.components.predictive_safety: [EMERGENCY_STOP] 安全滤波全 beta 失败: q upper bound violated, joint=4, safe_hold 阻尼制动
2026-09-13 17:17:38,891 [WARNING] src.ilqt.components.predictive_safety: [EMERGENCY_STOP] 安全滤波全 beta 失败: q upper bound violated, joint=4, safe_hold 阻尼制动
2026-09-13 17:17:38,891 [DEBUG] src.ilqt.replan_core: FAR_JT step=120 k_hit=60 (JT gain=60, skip iLQR)
2026-09-13 17:17:38,891 [INFO] src.ilqt.async_replanner: ASYNC_PLAN done: step=120 k_hit=60 iters=0 horizon=0 t=5ms fast_lin=False ok=True
2026-09-13 17:17:38,891 [WARNING] src.ilqt.components.predictive_safety: [EMERGENCY_STOP] 安全滤波全 beta 失败: q upper bound violated, joint=4, safe_hold 阻尼制动
2026-09-13 17:17:38,892 [WARNING] src.ilqt.components.predictive_safety: [EMERGENCY_STOP] 安全滤波全 beta 失败: q upper bound violated, joint=4, safe_hold 阻尼制动
2026-09-13 17:17:38,893 [WARNING] src.ilqt.components.predictive_safety: [EMERGENCY_STOP] 安全滤波全 beta 失败: q upper bound violated, joint=4, safe_hold 阻尼制动
2026-09-13 17:17:38,894 [WARNING] src.ilqt.components.predictive_safety: [EMERGENCY_STOP] 安全滤波全 beta 失败: q upper bound violated, joint=4, safe_hold 阻尼制动
2026-09-13 17:17:38,895 [WARNING] src.ilqt.components.predictive_safety: [EMERGENCY_STOP] 安全滤波全 beta 失败: q upper bound violated, joint=4, safe_hold 阻尼制动
2026-09-13 17:17:38,896 [WARNING] src.ilqt.components.predictive_safety: [EMERGENCY_STOP] 安全滤波全 beta 失败: q upper bound violated, joint=4, safe_hold 阻尼制动
2026-09-13 17:17:38,897 [DEBUG] src.ilqt.replan_core: FAR_JT step=126 k_hit=54 (JT gain=60, skip iLQR)
2026-09-13 17:17:38,897 [INFO] src.ilqt.async_replanner: ASYNC_PLAN done: step=126 k_hit=54 iters=0 horizon=0 t=5ms fast_lin=False ok=True
2026-09-13 17:17:38,897 [WARNING] src.ilqt.components.predictive_safety: [EMERGENCY_STOP] 安全滤波全 beta 失败: q upper bound violated, joint=4, safe_hold 阻尼制动
2026-09-13 17:17:38,898 [WARNING] src.ilqt.components.predictive_safety: [EMERGENCY_STOP] 安全滤波全 beta 失败: q upper bound violated, joint=4, safe_hold 阻尼制动
2026-09-13 17:17:38,900 [WARNING] src.ilqt.components.predictive_safety: [EMERGENCY_STOP] 安全滤波全 beta 失败: q upper bound violated, joint=4, safe_hold 阻尼制动
2026-09-13 17:17:38,901 [WARNING] src.ilqt.components.predictive_safety: [EMERGENCY_STOP] 安全滤波全 beta 失败: q upper bound violated, joint=4, safe_hold 阻尼制动
2026-09-13 17:17:38,902 [WARNING] src.ilqt.components.predictive_safety: [EMERGENCY_STOP] 安全滤波全 beta 失败: q upper bound violated, joint=4, safe_hold 阻尼制动
2026-09-13 17:17:38,903 [WARNING] src.ilqt.components.predictive_safety: [EMERGENCY_STOP] 安全滤波全 beta 失败: q upper bound violated, joint=4, safe_hold 阻尼制动
2026-09-13 17:17:38,904 [WARNING] src.ilqt.components.predictive_safety: [EMERGENCY_STOP] 安全滤波全 beta 失败: q upper bound violated, joint=4, safe_hold 阻尼制动
2026-09-13 17:17:38,905 [WARNING] src.ilqt.components.predictive_safety: [EMERGENCY_STOP] 安全滤波全 beta 失败: q upper bound violated, joint=4, safe_hold 阻尼制动
2026-09-13 17:17:38,906 [WARNING] src.ilqt.components.predictive_safety: [EMERGENCY_STOP] 安全滤波全 beta 失败: q upper bound violated, joint=4, safe_hold 阻尼制动
2026-09-13 17:17:38,907 [WARNING] src.ilqt.components.predictive_safety: [EMERGENCY_STOP] 安全滤波全 beta 失败: q upper bound violated, joint=4, safe_hold 阻尼制动
2026-09-13 17:17:38,908 [WARNING] src.ilqt.components.predictive_safety: [EMERGENCY_STOP] 安全滤波全 beta 失败: q upper bound violated, joint=4, safe_hold 阻尼制动
2026-09-13 17:17:38,909 [WARNING] src.ilqt.components.predictive_safety: [EMERGENCY_STOP] 安全滤波全 beta 失败: q upper bound violated, joint=4, safe_hold 阻尼制动
2026-09-13 17:17:38,910 [WARNING] src.ilqt.components.predictive_safety: [EMERGENCY_STOP] 安全滤波全 beta 失败: q upper bound violated, joint=4, safe_hold 阻尼制动
2026-09-13 17:17:38,911 [WARNING] src.ilqt.components.predictive_safety: [EMERGENCY_STOP] 安全滤波全 beta 失败: q upper bound violated, joint=4, safe_hold 阻尼制动
2026-09-13 17:17:38,913 [WARNING] src.ilqt.components.predictive_safety: [EMERGENCY_STOP] 安全滤波全 beta 失败: q upper bound violated, joint=4, safe_hold 阻尼制动
2026-09-13 17:17:38,914 [WARNING] src.ilqt.components.predictive_safety: [EMERGENCY_STOP] 安全滤波全 beta 失败: q upper bound violated, joint=4, safe_hold 阻尼制动
2026-09-13 17:17:38,915 [WARNING] src.ilqt.components.predictive_safety: [EMERGENCY_STOP] 安全滤波全 beta 失败: q upper bound violated, joint=4, safe_hold 阻尼制动
2026-09-13 17:17:38,916 [WARNING] src.ilqt.components.predictive_safety: [EMERGENCY_STOP] 安全滤波全 beta 失败: q upper bound violated, joint=4, safe_hold 阻尼制动
2026-09-13 17:17:38,917 [WARNING] src.ilqt.components.predictive_safety: [EMERGENCY_STOP] 安全滤波全 beta 失败: q upper bound violated, joint=4, safe_hold 阻尼制动
2026-09-13 17:17:38,918 [WARNING] src.ilqt.components.predictive_safety: [EMERGENCY_STOP] 安全滤波全 beta 失败: q upper bound violated, joint=4, safe_hold 阻尼制动
2026-09-13 17:17:38,919 [WARNING] src.ilqt.components.predictive_safety: [EMERGENCY_STOP] 安全滤波全 beta 失败: q upper bound violated, joint=4, safe_hold 阻尼制动
2026-09-13 17:17:38,920 [WARNING] src.ilqt.components.predictive_safety: [EMERGENCY_STOP] 安全滤波全 beta 失败: q upper bound violated, joint=4, safe_hold 阻尼制动
2026-09-13 17:17:38,921 [DEBUG] src.ilqt.tube_cost: [Softmin诊断] 候选权重TOP3: k=48:w=0.058, k=49:w=0.058, k=47:w=0.058
2026-09-13 17:17:38,921 [WARNING] src.ilqt.components.predictive_safety: [EMERGENCY_STOP] 安全滤波全 beta 失败: q upper bound violated, joint=4, safe_hold 阻尼制动
2026-09-13 17:17:38,922 [WARNING] src.ilqt.components.predictive_safety: [EMERGENCY_STOP] 安全滤波全 beta 失败: q upper bound violated, joint=4, safe_hold 阻尼制动
2026-09-13 17:17:38,923 [WARNING] src.ilqt.components.predictive_safety: [EMERGENCY_STOP] 安全滤波全 beta 失败: q upper bound violated, joint=4, safe_hold 阻尼制动
2026-09-13 17:17:38,924 [WARNING] src.ilqt.components.predictive_safety: [EMERGENCY_STOP] 安全滤波全 beta 失败: q upper bound violated, joint=4, safe_hold 阻尼制动
2026-09-13 17:17:38,926 [WARNING] src.ilqt.components.predictive_safety: [EMERGENCY_STOP] 安全滤波全 beta 失败: q upper bound violated, joint=4, safe_hold 阻尼制动
2026-09-13 17:17:38,926 [WARNING] src.ilqt.components.predictive_safety: [EMERGENCY_STOP] 安全滤波全 beta 失败: q upper bound violated, joint=4, safe_hold 阻尼制动
2026-09-13 17:17:38,928 [WARNING] src.ilqt.components.predictive_safety: [EMERGENCY_STOP] 安全滤波全 beta 失败: q upper bound violated, joint=4, safe_hold 阻尼制动
2026-09-13 17:17:38,930 [WARNING] src.ilqt.components.predictive_safety: [EMERGENCY_STOP] 安全滤波全 beta 失败: q upper bound violated, joint=4, safe_hold 阻尼制动
2026-09-13 17:17:38,932 [WARNING] src.ilqt.components.predictive_safety: [EMERGENCY_STOP] 安全滤波全 beta 失败: q upper bound violated, joint=4, safe_hold 阻尼制动
2026-09-13 17:17:38,933 [WARNING] src.ilqt.components.predictive_safety: [EMERGENCY_STOP] 安全滤波全 beta 失败: q upper bound violated, joint=4, safe_hold 阻尼制动
2026-09-13 17:17:38,934 [WARNING] src.ilqt.components.predictive_safety: [EMERGENCY_STOP] 安全滤波全 beta 失败: q upper bound violated, joint=4, safe_hold 阻尼制动
2026-09-13 17:17:38,936 [WARNING] src.ilqt.components.predictive_safety: [EMERGENCY_STOP] 安全滤波全 beta 失败: q upper bound violated, joint=4, safe_hold 阻尼制动
2026-09-13 17:17:38,938 [WARNING] src.ilqt.components.predictive_safety: [EMERGENCY_STOP] 安全滤波全 beta 失败: q upper bound violated, joint=4, safe_hold 阻尼制动
2026-09-13 17:17:38,939 [WARNING] src.ilqt.components.predictive_safety: [EMERGENCY_STOP] 安全滤波全 beta 失败: q upper bound violated, joint=4, safe_hold 阻尼制动
2026-09-13 17:17:38,941 [WARNING] src.ilqt.components.predictive_safety: [EMERGENCY_STOP] 安全滤波全 beta 失败: q upper bound violated, joint=4, safe_hold 阻尼制动
2026-09-13 17:17:38,943 [WARNING] src.ilqt.components.predictive_safety: [EMERGENCY_STOP] 安全滤波全 beta 失败: q upper bound violated, joint=4, safe_hold 阻尼制动
2026-09-13 17:17:38,944 [WARNING] src.ilqt.components.predictive_safety: [EMERGENCY_STOP] 安全滤波全 beta 失败: q upper bound violated, joint=4, safe_hold 阻尼制动
2026-09-13 17:17:38,945 [WARNING] src.ilqt.components.predictive_safety: [EMERGENCY_STOP] 安全滤波全 beta 失败: q upper bound violated, joint=4, safe_hold 阻尼制动
2026-09-13 17:17:38,951 [WARNING] src.ilqt.components.predictive_safety: [EMERGENCY_STOP] 安全滤波全 beta 失败: q upper bound violated, joint=4, safe_hold 阻尼制动
2026-09-13 17:17:38,952 [WARNING] src.ilqt.components.predictive_safety: [EMERGENCY_STOP] 安全滤波全 beta 失败: q upper bound violated, joint=4, safe_hold 阻尼制动
2026-09-13 17:17:38,955 [WARNING] src.ilqt.components.predictive_safety: [EMERGENCY_STOP] 安全滤波全 beta 失败: q upper bound violated, joint=4, safe_hold 阻尼制动
2026-09-13 17:17:38,958 [WARNING] src.ilqt.components.predictive_safety: [EMERGENCY_STOP] 安全滤波全 beta 失败: q upper bound violated, joint=4, safe_hold 阻尼制动
2026-09-13 17:17:38,959 [INFO] src.ilqt.async_replanner: ASYNC_PLAN done: step=132 k_hit=48 iters=5 horizon=48 t=62ms fast_lin=True ok=True
2026-09-13 17:17:38,961 [WARNING] src.ilqt.components.predictive_safety: [EMERGENCY_STOP] 安全滤波全 beta 失败: q upper bound violated, joint=4, safe_hold 阻尼制动
2026-09-13 17:17:38,963 [WARNING] src.ilqt.components.predictive_safety: [EMERGENCY_STOP] 安全滤波全 beta 失败: q upper bound violated, joint=4, safe_hold 阻尼制动
2026-09-13 17:17:38,965 [WARNING] src.ilqt.components.predictive_safety: [EMERGENCY_STOP] 安全滤波全 beta 失败: q upper bound violated, joint=4, safe_hold 阻尼制动
2026-09-13 17:17:38,966 [DEBUG] src.ilqt.replan_core: FAR_JT step=175 k_hit=160 (JT gain=60, skip iLQR)
2026-09-13 17:17:38,966 [INFO] src.ilqt.async_replanner: ASYNC_PLAN done: step=175 k_hit=160 iters=0 horizon=0 t=7ms fast_lin=False ok=True
2026-09-13 17:17:38,966 [WARNING] src.ilqt.components.predictive_safety: [EMERGENCY_STOP] 安全滤波全 beta 失败: q upper bound violated, joint=4, safe_hold 阻尼制动
2026-09-13 17:17:38,967 [INFO] src.ilqt.strategies.follow_through: 随挥触发: step=179, steps=60
2026-09-13 17:17:38,968 [WARNING] src.ilqt.components.predictive_safety: [EMERGENCY_STOP] 安全滤波全 beta 失败: q upper bound violated, joint=4, safe_hold 阻尼制动
2026-09-13 17:17:38,969 [WARNING] src.ilqt.components.predictive_safety: [EMERGENCY_STOP] 安全滤波全 beta 失败: q upper bound violated, joint=4, safe_hold 阻尼制动
2026-09-13 17:17:38,971 [WARNING] src.ilqt.components.predictive_safety: [EMERGENCY_STOP] 安全滤波全 beta 失败: q upper bound violated, joint=4, safe_hold 阻尼制动
2026-09-13 17:17:38,972 [WARNING] src.ilqt.components.predictive_safety: [EMERGENCY_STOP] 安全滤波全 beta 失败: q upper bound violated, joint=4, safe_hold 阻尼制动
2026-09-13 17:17:38,973 [WARNING] src.ilqt.components.predictive_safety: [EMERGENCY_STOP] 安全滤波全 beta 失败: q upper bound violated, joint=4, safe_hold 阻尼制动
2026-09-13 17:17:38,975 [WARNING] src.ilqt.components.predictive_safety: [EMERGENCY_STOP] 安全滤波全 beta 失败: q upper bound violated, joint=4, safe_hold 阻尼制动
2026-09-13 17:17:38,976 [WARNING] src.ilqt.components.predictive_safety: [EMERGENCY_STOP] 安全滤波全 beta 失败: q upper bound violated, joint=4, safe_hold 阻尼制动
2026-09-13 17:17:38,977 [WARNING] src.ilqt.components.predictive_safety: [EMERGENCY_STOP] 安全滤波全 beta 失败: q upper bound violated, joint=4, safe_hold 阻尼制动
2026-09-13 17:17:38,979 [WARNING] src.ilqt.components.predictive_safety: [EMERGENCY_STOP] 安全滤波全 beta 失败: q upper bound violated, joint=4, safe_hold 阻尼制动
2026-09-13 17:17:38,980 [WARNING] src.ilqt.components.predictive_safety: [EMERGENCY_STOP] 安全滤波全 beta 失败: q upper bound violated, joint=4, safe_hold 阻尼制动
2026-09-13 17:17:38,982 [WARNING] src.ilqt.components.predictive_safety: [EMERGENCY_STOP] 安全滤波全 beta 失败: q upper bound violated, joint=4, safe_hold 阻尼制动
2026-09-13 17:17:38,983 [WARNING] src.ilqt.components.predictive_safety: [EMERGENCY_STOP] 安全滤波全 beta 失败: q upper bound violated, joint=4, safe_hold 阻尼制动
2026-09-13 17:17:38,984 [WARNING] src.ilqt.components.predictive_safety: [EMERGENCY_STOP] 安全滤波全 beta 失败: q upper bound violated, joint=4, safe_hold 阻尼制动
2026-09-13 17:17:38,986 [WARNING] src.ilqt.components.predictive_safety: [EMERGENCY_STOP] 安全滤波全 beta 失败: q upper bound violated, joint=4, safe_hold 阻尼制动
2026-09-13 17:17:38,987 [WARNING] src.ilqt.components.predictive_safety: [EMERGENCY_STOP] 安全滤波全 beta 失败: q upper bound violated, joint=4, safe_hold 阻尼制动
2026-09-13 17:17:38,988 [WARNING] src.ilqt.components.predictive_safety: [EMERGENCY_STOP] 安全滤波全 beta 失败: q upper bound violated, joint=4, safe_hold 阻尼制动
2026-09-13 17:17:38,990 [WARNING] src.ilqt.components.predictive_safety: [EMERGENCY_STOP] 安全滤波全 beta 失败: q upper bound violated, joint=4, safe_hold 阻尼制动
2026-09-13 17:17:38,991 [WARNING] src.ilqt.components.predictive_safety: [EMERGENCY_STOP] 安全滤波全 beta 失败: q upper bound violated, joint=4, safe_hold 阻尼制动
2026-09-13 17:17:38,992 [WARNING] src.ilqt.components.predictive_safety: [EMERGENCY_STOP] 安全滤波全 beta 失败: q upper bound violated, joint=4, safe_hold 阻尼制动
2026-09-13 17:17:38,993 [WARNING] src.ilqt.components.predictive_safety: [EMERGENCY_STOP] 安全滤波全 beta 失败: q upper bound violated, joint=4, safe_hold 阻尼制动
2026-09-13 17:17:38,995 [WARNING] src.ilqt.components.predictive_safety: [EMERGENCY_STOP] 安全滤波全 beta 失败: q upper bound violated, joint=4, safe_hold 阻尼制动
2026-09-13 17:17:38,996 [WARNING] src.ilqt.components.predictive_safety: [EMERGENCY_STOP] 安全滤波全 beta 失败: q upper bound violated, joint=4, safe_hold 阻尼制动
2026-09-13 17:17:38,997 [WARNING] src.ilqt.components.predictive_safety: [EMERGENCY_STOP] 安全滤波全 beta 失败: q upper bound violated, joint=4, safe_hold 阻尼制动
2026-09-13 17:17:38,999 [WARNING] src.ilqt.components.predictive_safety: [EMERGENCY_STOP] 安全滤波全 beta 失败: q upper bound violated, joint=4, safe_hold 阻尼制动
2026-09-13 17:17:39,003 [WARNING] src.ilqt.components.predictive_safety: [EMERGENCY_STOP] 安全滤波全 beta 失败: q upper bound violated, joint=4, safe_hold 阻尼制动
2026-09-13 17:17:39,004 [WARNING] src.ilqt.components.predictive_safety: [EMERGENCY_STOP] 安全滤波全 beta 失败: q upper bound violated, joint=4, safe_hold 阻尼制动
2026-09-13 17:17:39,006 [WARNING] src.ilqt.components.predictive_safety: [EMERGENCY_STOP] 安全滤波全 beta 失败: q upper bound violated, joint=4, safe_hold 阻尼制动
2026-09-13 17:17:39,007 [WARNING] src.ilqt.components.predictive_safety: [EMERGENCY_STOP] 安全滤波全 beta 失败: q upper bound violated, joint=4, safe_hold 阻尼制动
2026-09-13 17:17:39,008 [WARNING] src.ilqt.components.predictive_safety: [EMERGENCY_STOP] 安全滤波全 beta 失败: q upper bound violated, joint=4, safe_hold 阻尼制动
2026-09-13 17:17:39,010 [WARNING] src.ilqt.components.predictive_safety: [EMERGENCY_STOP] 安全滤波全 beta 失败: q upper bound violated, joint=4, safe_hold 阻尼制动
2026-09-13 17:17:39,011 [WARNING] src.ilqt.components.predictive_safety: [EMERGENCY_STOP] 安全滤波全 beta 失败: q upper bound violated, joint=4, safe_hold 阻尼制动
2026-09-13 17:17:39,012 [WARNING] src.ilqt.components.predictive_safety: [EMERGENCY_STOP] 安全滤波全 beta 失败: q upper bound violated, joint=4, safe_hold 阻尼制动
2026-09-13 17:17:39,032 [INFO] src.ilqt.async_replanner: AsyncReplanner: 后台规划线程已停止
2026-09-13 17:17:39,032 [INFO] src.ilqt.episode_runner: EpisodeRunner 完成: total_steps=241 safe_steps=241 mpc_done=True
2026-09-13 17:17:39,032 [DEBUG] src.ilqt.episode_runner: EpisodeRunner metrics 详情: {'total_steps': 241, 'safe_steps': 241, 'mpc_done': True, 'X_history': [array([-1.5  ,  1.57 , -0.236,  0.404,  0.446,  2.45 ,  0.   ,  0.   ,
        0.   ,  0.   ,  0.   ,  0.   ]), array([-0.10005734,  1.33405258, -0.47547235, -0.11415261,  1.29075907,
        2.43958646,  0.76838789, -0.75363552,  0.82986215,  1.4048386 ,
       -0.63859401, -2.08270767]), array([-0.09262612,  1.33343663, -0.47299685, -0.10140299,  1.28550359,
        2.4393329 ,  1.48624326, -0.12318966,  0.49510146,  2.54992322,
       -1.05109711, -0.05071176]), array([-0.0827403 ,  1.32927538, -0.46834295, -0.08934523,  1.28123609,
        2.4494523 ,  1.97716557, -0.83224891,  0.93077967,  2.41155274,
       -0.8534986 ,  2.02387868]), array([-0.06938043,  1.32826947, -0.46541367, -0.07132517,  1.27574896,
        2.44849319,  2.67197334, -0.2011832 ,  0.58585532,  3.60401075,
       -1.09742776, -0.19182043]), array([-0.05369518,  1.32379161, -0.46035716, -0.05391329,  1.27150217,
        2.43755729,  3.13704938, -0.89557064,  1.01130109,  3.4823764 ,
       -0.84935798, -2.18718132]), array([-0.0384285 ,  1.31939527, -0.45550851, -0.03741403,  1.26689187,
        2.42707878,  3.05333613, -0.87926952,  0.96973084,  3.29985286,
       -0.92205822, -2.09570158]), array([-0.02304051,  1.31437698, -0.45043028, -0.02183587,  1.26222909,
        2.41911565,  3.07759945, -1.00365814,  1.01564539,  3.11563192,
       -0.93255715, -1.59262625]), array([-0.00742579,  1.31007927, -0.44589298, -0.00586744,  1.25705854,
        2.40935608,  3.12294273, -0.85954114,  0.90746132,  3.19368489,
       -1.03410901, -1.95191385]), array([ 0.00818362,  1.30374389, -0.4403074 ,  0.01133156,  1.2526815 ,
        2.40604951,  3.12188287, -1.26707651,  1.11711507,  3.43980127,
       -0.87540922, -0.66131472]), array([ 0.0230221 ,  1.3006869 , -0.43648285,  0.02455262,  1.24743589,
        2.39277879,  2.96769531, -0.61139642,  0.7649096 ,  2.64421154,
       -1.04912095, -2.65414213]), array([ 0.03798856,  1.29415459, -0.4307804 ,  0.04027813,  1.24386536,
        2.39013645,  2.99329242, -1.30646306,  1.14049122,  3.14510131,
       -0.7141064 , -0.52846854]), array([ 0.05217253,  1.29089904, -0.4269007 ,  0.0521043 ,  1.23944986,
        2.37749977,  2.83679471, -0.65111029,  0.77593981,  2.36523532,
       -0.8830998 , -2.52733567]), array([ 0.06546709,  1.28416301, -0.4211069 ,  0.05961537,  1.23657801,
        2.37593154,  2.65891072, -1.34720656,  1.15875952,  1.50221408,
       -0.57437081, -0.31364703]), array([ 0.07916015,  1.28070622, -0.41715696,  0.07046277,  1.23286968,
        2.36383407,  2.7386117 , -0.69135612,  0.78998858,  2.16947944,
       -0.7416649 , -2.41949354]), array([ 0.0919425 ,  1.27375622, -0.41127913,  0.07695902,  1.23071965,
        2.3627888 ,  2.55647025, -1.39000045,  1.17556467,  1.29924958,
       -0.43000754, -0.20905431]), array([ 0.10516814,  1.27009307, -0.40723739,  0.08690356,  1.22772575,
        2.35118192,  2.645128  , -0.73263117,  0.80834964,  1.9889086 ,
       -0.59877987, -2.32137488]), array([ 0.11851665,  1.26295456, -0.40122129,  0.09931798,  1.22636968,
        2.35013677,  2.66970226, -1.42770153,  1.20321962,  2.48288316,
       -0.27121374, -0.20903091]), array([ 0.13114833,  1.25907244, -0.39706848,  0.10809651,  1.22421604,
        2.33901731,  2.52633515, -0.77642295,  0.83056138,  1.75570586,
       -0.43072695, -2.22389119]), array([ 0.14396858,  1.25173427, -0.39094141,  0.11940207,  1.22361714,
        2.33843816,  2.56405174, -1.46763389,  1.22541479,  2.26111185,
       -0.11978089, -0.11583178]), array([ 0.1560842 ,  1.24765585, -0.38671854,  0.12715282,  1.22224359,
        2.32776061,  2.42312391, -0.81568427,  0.84457423,  1.55015052,
       -0.2747094 , -2.13550963]), array([ 0.16834222,  1.24085257, -0.3808637 ,  0.13721599,  1.22207053,
        2.30926059,  2.45160402, -1.36065705,  1.17096707,  2.0126343 ,
       -0.03461203, -3.70000298]), array([ 0.17972962,  1.23725148, -0.37705783,  0.14318738,  1.22118426,
        2.3017971 ,  2.27747929, -0.72021733,  0.76117461,  1.19427806,
       -0.17725396, -1.49269857]), array([ 0.19042512,  1.23016209, -0.37116808,  0.1454555 ,  1.2217238 ,
        2.28478944,  2.13909915, -1.41787823,  1.17794918,  0.45362399,
        0.10790682, -3.401532  ]), array([ 0.20145316,  1.22633673, -0.36720835,  0.15088598,  1.22147489,
        2.27824711,  2.20560849, -0.7650711 ,  0.79194545,  1.08609595,
       -0.04978122, -1.30846608]), array([ 0.21173792,  1.2190281 , -0.36119761,  0.15256542,  1.2227088 ,
        2.26212482,  2.05695257, -1.46172657,  1.20214808,  0.33588751,
        0.24678299, -3.22445711]), array([ 0.2223851 ,  1.21499429, -0.3571258 ,  0.15746967,  1.223151  ,
        2.25642606,  2.12943648, -0.806763  ,  0.81436207,  0.98084961,
        0.0884384 , -1.139753  ]), array([ 0.23332428,  1.20755357, -0.35091479,  0.16545765,  1.22509368,
        2.24063884,  2.187835  , -1.48814279,  1.24220365,  1.59759671,
        0.38853599, -3.15744439]), array([ 0.24343098,  1.20342872, -0.34707179,  0.16951371,  1.22619173,
        2.23576844,  2.02134061, -0.82497064,  0.76859922,  0.81121216,
        0.21961132, -0.97407836]), array([ 0.2539355 ,  1.20289671, -0.34572484,  0.17720963,  1.22560694,
        2.22050701,  2.10090353, -0.10640172,  0.26939056,  1.53918474,
       -0.11695955, -3.0522867 ]), array([ 0.26346565,  1.1986875 , -0.34220889,  0.18041747,  1.22656778,
        2.21644286,  1.90603024, -0.84184237,  0.70319032,  0.64156763,
        0.19216891, -0.8128293 ]), array([ 0.27351328,  1.19765378, -0.34023921,  0.18746303,  1.22693008,
        2.20189159,  2.00952567, -0.20674457,  0.39393523,  1.40911153,
        0.07245905, -2.91025436]), array([ 0.28261916,  1.19295262, -0.33611492,  0.1900551 ,  1.22880704,
        2.19850683,  1.82117539, -0.94023211,  0.82485822,  0.518415  ,
        0.37539364, -0.67695346]), array([ 0.29119051,  1.19135882, -0.33367183,  0.18968714,  1.23004254,
        2.18506951,  1.71427067, -0.31875832,  0.48861743, -0.07359208,
        0.24709844, -2.68746376]), array([ 0.30006148,  1.18617498, -0.32884942,  0.19210698,  1.23271532,
        2.18225549,  1.7741942 , -1.03676811,  0.96448226,  0.48396652,
        0.53455589, -0.56280251]), array([ 0.30830264,  1.18414476, -0.32584253,  0.19147946,  1.23478416,
        2.16936962,  1.6482323 , -0.40604493,  0.60137765, -0.12550407,
        0.41376849, -2.57717486]), array([ 0.31682963,  1.17854395, -0.32050193,  0.19362971,  1.23830566,
        2.16708708,  1.70539726, -1.12016171,  1.06811989,  0.4300506 ,
        0.70429957, -0.45650735]), array([ 0.32474584,  1.17611027, -0.31697533,  0.1927668 ,  1.24118967,
        2.15470587,  1.58324204, -0.48673577,  0.70531983, -0.17258165,
        0.57680312, -2.47624354]), array([ 0.33294326,  1.17012323, -0.31115264,  0.19468093,  1.24553403,
        2.1529094 ,  1.63948394, -1.1974085 ,  1.16453818,  0.38282529,
        0.86887224, -0.35929338]), array([ 0.34054841,  1.16731735, -0.307144  ,  0.19361442,  1.24921042,
        2.14098974,  1.5210302 , -0.56117512,  0.80172734, -0.21330054,
        0.73527795, -2.38393183]), array([ 0.34843081,  1.16097397, -0.30087239,  0.19532462,  1.25434786,
        2.13963803,  1.57647983, -1.26867622,  1.25432279,  0.34203875,
        1.02748823, -0.27034159]), array([ 0.35573942,  1.15782608, -0.29641587,  0.19408555,  1.25879039,
        2.12814069,  1.46172226, -0.62957907,  0.89130412, -0.24781443,
        0.88850469, -2.29946839]), array([ 0.36333535,  1.15115313, -0.28971769,  0.19563656,  1.26468736,
        2.12719508,  1.5191853 , -1.33458937,  1.33963698,  0.31020339,
        1.17939457, -0.18912219]), array([ 0.37141068,  1.14778338, -0.2847156 ,  0.20101557,  1.26988828,
        2.11565332,  1.61506595, -0.67394994,  1.00041715,  1.0758018 ,
        1.04018368, -2.30835211]), array([ 0.37861065,  1.14078408, -0.27760185,  0.20210429,  1.2766293 ,
        2.11511446,  1.43999574, -1.39985923,  1.42274991,  0.21774424,
        1.34820349, -0.10777176]), array([ 0.3863373 ,  1.13712096, -0.27220858,  0.20708148,  1.28259298,
        2.10396852,  1.54532862, -0.73262574,  1.07865398,  0.9954363 ,
        1.19273755, -2.22918765]), array([ 0.39322477,  1.1297419 , -0.26446002,  0.20783185,  1.29020856,
        2.1037843 ,  1.37749507, -1.47581024,  1.54971272,  0.15007534,
        1.52311497, -0.03684489]), array([ 0.40059889,  1.11874099, -0.25374203,  0.2118506 ,  1.29961252,
        2.09324995,  1.47482335, -2.20018258,  2.14359833,  0.80374889,
        1.8807928 , -2.10687027]), array([ 0.40726084,  1.11114862, -0.24541766,  0.21240058,  1.30810563,
        2.09335827,  1.33238999, -1.5184735 ,  1.66487387,  0.10999765,
        1.69862141,  0.02166442]), array([ 0.41438813,  1.1002225 , -0.23490382,  0.21614834,  1.3179556 ,
        2.08314885,  1.42545913, -2.18522569,  2.10276652,  0.74955194,
        1.96999343, -2.04188358]), array([ 0.42079948,  1.09271184, -0.22679958,  0.2164676 ,  1.3269509 ,
        2.08356465,  1.28226936, -1.50213063,  1.62084774,  0.06385096,
        1.79906128,  0.08316027]), array([ 0.42769115,  1.08186094, -0.21646265,  0.21998216,  1.33720508,
        2.07365242,  1.37833296, -2.17018061,  2.06738598,  0.70291139,
        2.05083475, -1.98244628]), array([ 0.43386724,  1.0744311 , -0.20854636,  0.22011093,  1.34667268,
        2.07434859,  1.23521962, -1.485968  ,  1.58325961,  0.02575502,
        1.89352147,  0.13923429]), array([ 0.44053831,  1.0636549 , -0.19835913,  0.22343116,  1.35730123,
        2.06470784,  1.33421236, -2.15523907,  2.0374446 ,  0.66404555,
        2.12570856, -1.92814969]), array([ 0.44649427,  1.05630568, -0.19060045,  0.22340671,  1.36721271,
        2.0656598 ,  1.19119206, -1.46984525,  1.55173728, -0.00488957,
        1.98229716,  0.19039063]), array([ 0.45295935,  1.04560426, -0.18053733,  0.2265684 ,  1.37818726,
        2.05626724,  1.29301675, -2.140284  ,  2.01262357,  0.6323373 ,
        2.19490994, -1.87851124]), array([ 0.45870982,  1.03833609, -0.17290769,  0.2264249 ,  1.38851559,
        2.05745272,  1.1500943 , -1.45363325,  1.52592723, -0.02870002,
        2.06566619,  0.23709658]), array([ 0.46498317,  1.02771005, -0.16294458,  0.22946091,  1.39980914,
        2.04828729,  1.25467043, -2.12520871,  1.99262164,  0.60720243,
        2.25870944, -1.83308731]), array([ 0.47054232,  1.02052454, -0.15541877,  0.2292295 ,  1.41052779,
        2.04968629,  1.11182828, -1.43710146,  1.50516357, -0.04628263,
        2.14372981,  0.27980102]), array([ 0.47663703,  1.00998243, -0.14555552,  0.23216842,  1.42210419,
        2.04073025,  1.21894267, -2.10842126,  1.97265015,  0.58778424,
        2.31527937, -1.79120871]), array([ 0.48201063,  1.00297108, -0.13838082,  0.23186066,  1.43306229,
        2.04234059,  1.07472093, -1.40227071,  1.43493826, -0.06155153,
        2.19162079,  0.32206844]), array([ 0.48798952,  0.99958043, -0.13348422,  0.23544861,  1.44315819,
        2.03339954,  1.19577746, -0.67812927,  0.97932017,  0.71759052,
        2.01917984, -1.78821037]), array([ 0.49314915,  0.99262164, -0.12656951,  0.23502379,  1.45391738,
        2.03523301,  1.03192682, -1.39175837,  1.3829435 , -0.08496355,
        2.15183779,  0.36669401]), array([ 0.49889857,  0.98901933, -0.1211605 ,  0.23850178,  1.46442778,
        2.02647267,  1.14988305, -0.72046212,  1.08180041,  0.69559666,
        2.10208055, -1.75206766]), array([ 0.50385085,  0.98185161, -0.11374933,  0.23800792,  1.47557337,
        2.02846244,  0.9904562 , -1.43354472,  1.48223537, -0.09877223,
        2.22911734,  0.39795476]), array([ 0.50939563,  0.9780548 , -0.10782502,  0.24141118,  1.48648797,
        2.01986753,  1.1089558 , -0.75936244,  1.18486218,  0.6806531 ,
        2.18292136, -1.71898322]), array([ 0.51416304,  0.97061935, -0.09967597,  0.24088844,  1.49810882,
        2.02198468,  0.95348259, -1.48708957,  1.62980923, -0.10454868,
        2.32417012,  0.42343045]), array([ 0.51945954,  0.95958446, -0.08846007,  0.24348048,  1.51073205,
        2.01369123,  1.05930011, -2.2069784 ,  2.24317935,  0.51840848,
        2.52464478, -1.65869073]), array([ 0.52406126,  0.95216059, -0.08002043,  0.24297641,  1.5228765 ,
        2.01592733,  0.92034267, -1.48477308,  1.68792917, -0.10081458,
        2.42889109,  0.44722137]), array([ 0.52932732,  0.94836201, -0.0737397 ,  0.24638324,  1.53452622,
        2.00764251,  1.05321301, -0.75971603,  1.25614496,  0.68136618,
        2.32994386, -1.65696463]), array([ 0.53380773,  0.94100556, -0.06551654,  0.24588672,  1.54659913,
        2.01003922,  0.896081  , -1.47128956,  1.64463252, -0.09930293,
        2.41458202,  0.47934287]), array([ 0.53890005,  0.93706446, -0.05873684,  0.24926957,  1.55855503,
        2.00188798,  1.01846388, -0.78822137,  1.35594044,  0.6765681 ,
        2.39118005, -1.63024892]), array([ 0.54323114,  0.9294908 , -0.04978743,  0.24879566,  1.57100282,
        2.00437909,  0.8662193 , -1.51473119,  1.78988174, -0.09478134,
        2.48955659,  0.49822229]), array([ 0.54810669,  0.91832516, -0.03778274,  0.25138816,  1.58412106,
        1.99645881,  0.97510881, -2.23312819,  2.4009385 ,  0.51849933,
        2.623648  , -1.5840553 ]), array([ 0.55229988,  0.91075564, -0.02834548,  0.2509847 ,  1.59701602,
        1.99903401,  0.83863871, -1.51390373,  1.88745169, -0.08069168,
        2.57899183,  0.51503918]), array([ 0.55712696,  0.8997682 , -0.01646623,  0.25368101,  1.61029718,
        1.99122694,  0.96541687, -2.19748879,  2.37584927,  0.53926309,
        2.65623258, -1.56141321]), array([ 0.56125841,  0.89238649, -0.00713048,  0.25339376,  1.6234402 ,
        1.99390953,  0.82628891, -1.47634227,  1.86714984, -0.0574506 ,
        2.62860466,  0.53651741]), array([ 0.56603594,  0.88157711,  0.00464355,  0.25619321,  1.63684695,
        1.98620997,  0.95550528, -2.16187531,  2.35480741,  0.55988922,
        2.68134965, -1.53991217]), array([ 0.57010454,  0.87444996,  0.013664  ,  0.25601376,  1.65012177,
        1.98900823,  0.81372063, -1.42542917,  1.8040892 , -0.03588929,
        2.65496411,  0.5596518 ]), array([ 0.57492749,  0.87096048,  0.02076423,  0.25975913,  1.66331466,
        1.98134769,  0.96458928, -0.69789595,  1.42004512,  0.74907322,
        2.63857748, -1.53210791]), array([ 0.57996901,  0.86395441,  0.03009942,  0.26606028,  1.67661983,
        1.98414925,  1.0083059 , -1.40121537,  1.8670394 ,  1.26023181,
        2.66103387,  0.56031296]), array([ 0.58441408,  0.85326143,  0.04189746,  0.26864375,  1.69006135,
        1.99703135,  0.88901298, -2.13859576,  2.35960755,  0.51669304,
        2.68830477,  2.5764198 ]), array([ 0.58958773,  0.84622344,  0.05207316,  0.27507832,  1.7036891 ,
        1.99905442,  1.03473088, -1.40759779,  2.0351399 ,  1.28691423,
        2.72555036,  0.40461261]), array([ 0.59403917,  0.83571092,  0.06382288,  0.27765602,  1.7172806 ,
        2.01122452,  0.89028782, -2.10250443,  2.34994473,  0.51554052,
        2.71829995,  2.43402021]), array([ 0.59919764,  0.82891982,  0.0738073 ,  0.2840706 ,  1.73104782,
        2.01259963,  1.03169268, -1.35821838,  1.99688265,  1.28291484,
        2.75344315,  0.27502279]), array([ 0.60371288,  0.82581515,  0.08105652,  0.28756291,  1.74495287,
        2.02411006,  0.90304875, -0.62093574,  1.44984425,  0.69846224,
        2.78101115,  2.3020858 ]), array([ 0.60794605,  0.81890228,  0.09104316,  0.28760372,  1.75848109,
        2.02491131,  0.84663301, -1.38257377,  1.99732845,  0.00816167,
        2.70564267,  0.16024951]), array([ 0.61247057,  0.81557295,  0.09956057,  0.29129468,  1.77243635,
        2.03579574,  0.90490515, -0.66586512,  1.70348293,  0.73819168,
        2.79105234,  2.17688592]), array([ 0.61676391,  0.80854566,  0.11029559,  0.29152387,  1.78597274,
        2.03599802,  0.85866716, -1.40545923,  2.14700393,  0.04583842,
        2.70727892,  0.04045625]), array([ 0.6213526 ,  0.80513627,  0.11957546,  0.29542575,  1.79998797,
        2.04633177,  0.9177387 , -0.68187619,  1.85597241,  0.78037635,
        2.80304438,  2.06674999]), array([ 0.62667732,  0.79817091,  0.13116886,  0.30221475,  1.81359188,
        2.04600394,  1.06494491, -1.39307212,  2.31868116,  1.35780076,
        2.72078286, -0.06556524]), array([ 0.6313102 ,  0.79480034,  0.14082232,  0.30601553,  1.82796115,
        2.03546749,  0.92657491, -0.67411473,  1.93069251,  0.76015567,
        2.87385455, -2.10729135]), array([ 0.63610572,  0.78774878,  0.15308162,  0.31237381,  1.84192175,
        2.0355124 ,  0.95910405, -1.41031224,  2.45185961,  1.27165552,
        2.79211963,  0.00898348]), array([ 0.640414  ,  0.77696071,  0.16769765,  0.31493203,  1.85546749,
        2.02526406,  0.86165567, -2.15761446,  2.92320545,  0.51164501,
        2.7091471 , -2.04966896]), array([ 0.64482879,  0.77004316,  0.18046739,  0.32105846,  1.8696643 ,
        2.02566181,  0.88295851, -1.38350948,  2.55394737,  1.22528508,
        2.83936219,  0.07954993]), array([ 0.64895556,  0.75946084,  0.19515193,  0.32348742,  1.88334874,
        2.01573891,  0.82535383, -2.11646473,  2.93690832,  0.48579269,
        2.73688795, -1.9845806 ]), array([ 0.65224145,  0.75258585,  0.20801813,  0.32312149,  1.89772774,
        2.01637466,  0.65717872, -1.37499619,  2.57324047, -0.07318562,
        2.87580007,  0.12715158]), array([ 0.65635935,  0.74203425,  0.22366252,  0.32577674,  1.91143263,
        2.00672184,  0.82357851, -2.11032047,  3.12887748,  0.53104891,
        2.74097901, -1.9305653 ]), array([ 0.66047338,  0.73553814,  0.23697839,  0.33198948,  1.92610535,
        2.00777185,  0.82280667, -1.2992228 ,  2.6631748 ,  1.24254726,
        2.9345428 ,  0.21000231]), array([ 0.66425576,  0.72532875,  0.25208779,  0.33461273,  1.93981765,
        2.01881969,  0.75647583, -2.04187752,  3.02187922,  0.52465053,
        2.74245963,  2.20956881]), array([ 0.66864392,  0.71824757,  0.26628239,  0.34038942,  1.95416663,
        2.02130094,  0.87763232, -1.41623594,  2.83892105,  1.15533838,
        2.86979657,  0.49624889]), array([ 0.67235861,  0.70744603,  0.282177  ,  0.3421288 ,  1.96802131,
        2.01333765,  0.74293751, -2.16030847,  3.17892042,  0.34787559,
        2.77093623, -1.59265692]), array([ 0.67542596,  0.69906573,  0.29678617,  0.34218107,  1.98226433,
        2.01181323,  0.61347096, -1.67605962,  2.92183506,  0.01045372,
        2.84860369, -0.30488512]), array([ 0.67858101,  0.68674596,  0.31419342,  0.33882929,  1.99536214,
        1.99989868,  0.63100916, -2.46395352,  3.48144967, -0.67035593,
        2.61956288, -2.38290913]), array([ 0.68161802,  0.67627806,  0.33051868,  0.33709346,  2.00872055,
        1.99263866,  0.60740302, -2.09358041,  3.26505146, -0.34716569,
        2.67168171, -1.45200451]), array([ 0.68475482,  0.66204525,  0.34878425,  0.33197432,  2.02090481,
        1.97523582,  0.62735966, -2.84656222,  3.65311548, -1.02382859,
        2.43685184, -3.48056753]), array([ 0.68778019,  0.64971563,  0.36599338,  0.32854457,  2.03345722,
        1.9627172 ,  0.60507309, -2.46592386,  3.44182594, -0.68595009,
        2.51048242, -2.50372473]), array([ 0.6914534 ,  0.63452342,  0.38502551,  0.32787851,  2.0450148 ,
        1.95883243,  0.73464273, -3.03844212,  3.80642559, -0.13321095,
        2.31151655, -0.7769536 ]), array([ 0.69501962,  0.61895167,  0.40365235,  0.32658866,  2.05614677,
        1.95304432,  0.71324361, -3.11434954,  3.7253681 , -0.25796927,
        2.22639356, -1.1576213 ]), array([ 0.69864668,  0.60682484,  0.42119895,  0.32849473,  2.06867502,
        1.95580329,  0.72541246, -2.4253675 ,  3.50931881,  0.38121409,
        2.50564975,  0.5517929 ]), array([ 0.70258001,  0.59242834,  0.44033187,  0.32846421,  2.08052814,
        1.95209895,  0.78666565, -2.87929876,  3.82658465, -0.00610478,
        2.37062301, -0.74086802]), array([ 0.70621197,  0.57760138,  0.45927263,  0.32775615,  2.09204643,
        1.95056141,  0.72639203, -2.96539199,  3.78815175, -0.14161148,
        2.30365885, -0.30750749]), array([ 0.70999018,  0.56233392,  0.47808752,  0.32655777,  2.10314463,
        1.94698865,  0.75564125, -3.05349196,  3.76297778, -0.23967625,
        2.21964058, -0.7145512 ]), array([ 0.71392522,  0.54900599,  0.49626   ,  0.32699109,  2.11523035,
        1.93956436,  0.78700916, -2.66558577,  3.63449562,  0.08666315,
        2.41714375, -1.48485869]), array([ 0.71772382,  0.5352614 ,  0.51421966,  0.3280624 ,  2.12707394,
        1.93452054,  0.75972001, -2.74891891,  3.59193375,  0.21426312,
        2.36871753, -1.00876421]), array([ 0.72179668,  0.52263295,  0.53164876,  0.32891228,  2.13922886,
        1.93167959,  0.81457175, -2.52569023,  3.48581855,  0.16997492,
        2.43098407, -0.56819056]), array([ 0.72671963,  0.50946787,  0.54953269,  0.33079161,  2.15131454,
        1.92683897,  0.98459035, -2.6330151 ,  3.57678575,  0.37586595,
        2.41713685, -0.96812373]), array([ 0.73199576,  0.49575405,  0.56781395,  0.33217044,  2.16331733,
        1.92003604,  1.05522554, -2.7427647 ,  3.65625271,  0.27576547,
        2.40055652, -1.36058612]), array([ 0.73699839,  0.48249214,  0.58505439,  0.33351354,  2.17508559,
        1.91357672,  1.00052526, -2.65238181,  3.44808895,  0.26862182,
        2.35365251, -1.29186255]), array([ 0.73967829,  0.47397955,  0.59452239,  0.33276211,  2.18555411,
        1.91812869,  0.53598011, -1.70251871,  1.89359889, -0.15028781,
        2.09370347,  0.91039378]), array([ 0.74133262,  0.4687286 ,  0.59733711,  0.3326478 ,  2.19443564,
        1.91285409,  0.33086584, -1.05018847,  0.56294341, -0.02286192,
        1.77630639, -1.05492068]), array([ 0.74214428,  0.46516962,  0.59753451,  0.33284177,  2.20009738,
        1.91833321,  0.16233329, -0.7117957 ,  0.03948169,  0.03879426,
        1.13234729,  1.09582363]), array([ 0.74256511,  0.46239916,  0.59750794,  0.33261456,  2.2020385 ,
        1.91355687,  0.08416607, -0.55409282, -0.00531523, -0.04544182,
        0.38822519, -0.95526823]), array([ 0.74265387,  0.46027698,  0.59728667,  0.33302417,  2.20088079,
        1.91935494,  0.01775142, -0.42443628, -0.04425369,  0.08192347,
       -0.23154138,  1.1596141 ]), array([ 0.74261201,  0.4588405 ,  0.59656258,  0.33288796,  2.20159918,
        1.91466098, -0.00837114, -0.2872953 , -0.14481822, -0.02724376,
        0.14367695, -0.93879221]), array([ 0.74241211,  0.45768532,  0.59610619,  0.333334  ,  2.20084084,
        1.92043064, -0.03998074, -0.23103647, -0.09127852,  0.08920815,
       -0.15166724,  1.15393349]), array([ 0.7421863 ,  0.45684696,  0.59554861,  0.33319097,  2.20116267,
        1.91569625, -0.04516178, -0.16767264, -0.11151593, -0.0286058 ,
        0.06436491, -0.94687882]), array([ 0.74187269,  0.45617036,  0.59512356,  0.3336587 ,  2.200604  ,
        1.92140252, -0.06272249, -0.1353186 , -0.08500832,  0.09354584,
       -0.11173268,  1.14125485]), array([ 0.74157198,  0.4556463 ,  0.59468048,  0.33350528,  2.20076083,
        1.91660539, -0.06014186, -0.10481294, -0.08861682, -0.03068431,
        0.03136611, -0.95942771]), array([ 0.74121293,  0.45522026,  0.59428687,  0.33398194,  2.20028758,
        1.92224228, -0.07181051, -0.08520749, -0.07872169,  0.09533354,
       -0.09465024,  1.12737832]), array([ 0.74088217,  0.45486485,  0.59390273,  0.3338223 ,  2.20037209,
        1.91737784, -0.06615148, -0.07108225, -0.07682907, -0.03192934,
        0.01690162, -0.97288652]), array([ 0.74050525,  0.45457134,  0.59352882,  0.33430183,  2.19993431,
        1.92294619, -0.07538383, -0.05870175, -0.07478111,  0.0959073 ,
       -0.08755656,  1.1136689 ]), array([ 0.7401628 ,  0.4543067 ,  0.5931744 ,  0.33413899,  2.19998655,
        1.91801565, -0.06849083, -0.05292866, -0.07088389, -0.03256956,
        0.01044756, -0.98610684]), array([ 0.73977913,  0.45408364,  0.59281206,  0.33461899,  2.19956319,
        1.92351874, -0.07673418, -0.04461141, -0.07246924,  0.0960011 ,
       -0.08467043,  1.10061722]), array([ 0.73943239,  0.45386796,  0.59247274,  0.33445464,  2.19960076,
        1.91852545, -0.0693479 , -0.04313608, -0.06786253, -0.03286986,
        0.00751221, -0.99865863]), array([ 0.73904639,  0.45368258,  0.592117  ,  0.33493428,  2.19918306,
        1.92396741, -0.07719926, -0.03707701, -0.07114823,  0.09592833,
       -0.08353832,  1.08839244]), array([ 0.73869831,  0.45349343,  0.59178546,  0.33476933,  2.19921373,
        1.91891541, -0.06961591, -0.03782832, -0.0663088 , -0.03298999,
        0.00613394, -1.01039918]), array([ 0.73831172,  0.45332837,  0.59143343,  0.33524837,  2.19879807,
        1.92430055, -0.0773184 , -0.03301204, -0.07040598,  0.09580807,
       -0.08313173,  1.07702744]), array([ 0.73796344,  0.45315375,  0.59110594,  0.33508329,  2.19882532,
        1.91919402, -0.06965467, -0.03492401, -0.06549817, -0.03301647,
        0.00544989, -1.02130684]), array([ 0.73757691,  0.45299982,  0.59075597,  0.3355617 ,  2.19841021,
        1.92452651, -0.07730608, -0.03078633, -0.06999395,  0.09568089,
       -0.08302274,  1.06649767]), array([ 0.73722888,  0.45283329,  0.59043063,  0.33539672,  2.1984356 ,
        1.91936945, -0.06960673, -0.03330681, -0.06506701, -0.03299491,
        0.00507845, -1.03141006]), array([ 0.73684265,  0.4526856 ,  0.5900818 ,  0.33587451,  2.19802043,
        1.92465323, -0.07724591, -0.02953719, -0.06976725,  0.09555824,
       -0.08303489,  1.05675586]), array([ 0.73649501,  0.45252371,  0.58975764,  0.33570977,  2.19804468,
        1.91944945, -0.06952731, -0.03237855, -0.06483112, -0.03294911,
        0.00484984, -1.0407566 ]), array([ 0.73610917,  0.45237967,  0.58940942,  0.33618698,  2.1976292 ,
        1.92468819, -0.07716954, -0.02880735, -0.06964331,  0.09544175,
       -0.08309624,  1.04774736]), array([ 0.73576198,  0.45222058,  0.58908594,  0.33602252,  2.19765264,
        1.91944119, -0.06943713, -0.031819  , -0.06469641, -0.03289148,
        0.00468796, -1.04940007]), array([ 0.73537654,  0.45207881,  0.58873806,  0.33649917,  2.19723675,
        1.92463827, -0.07708841, -0.02835413, -0.06957575,  0.0953304 ,
       -0.08317789,  1.03941677]), array([ 0.73502982,  0.45192152,  0.58841499,  0.33633503,  2.19725954,
        1.9193513 , -0.06934354, -0.03145679, -0.06461447, -0.03282844,
        0.00455837, -1.05739415]), array([ 0.73464479,  0.45178128,  0.5880673 ,  0.33681114,  2.1968432 ,
        1.92450985, -0.07700634, -0.02804854, -0.06953886,  0.09522277,
       -0.08326842,  1.03171081]), array([ 0.73429855,  0.45162528,  0.58774449,  0.33664733,  2.19686542,
        1.9191859 , -0.06924897, -0.03120028, -0.06456023, -0.0327633 ,
        0.0044453 , -1.06479018]), array([ 0.73391392,  0.45148617,  0.5873969 ,  0.33712291,  2.19644861,
        1.9243088 , -0.07692442, -0.02782198, -0.0695185 ,  0.09511775,
       -0.08336344,  1.02457939]), array([ 0.73356815,  0.45133117,  0.5870743 ,  0.33695943,  2.19647031,
        1.91895062, -0.06915405, -0.03100045, -0.06452063, -0.03269775,
        0.0043414 , -1.07163627]), array([ 0.73318394,  0.45119298,  0.58672676,  0.3374345 ,  2.19605301,
        1.9240405 , -0.07684283, -0.0276379 , -0.06950693,  0.09501455,
       -0.08346125,  1.01797598]), array([ 0.73283864,  0.45103882,  0.58640432,  0.33727133,  2.19607422,
        1.91865061, -0.0690589 , -0.03083109, -0.06448881, -0.03263261,
        0.00424317, -1.07797706]), array([ 0.73245484,  0.45090144,  0.58605682,  0.3377459 ,  2.19565642,
        1.9237099 , -0.0767615 , -0.02747684, -0.06949996,  0.09491267,
       -0.08356122,  1.01185758]), array([ 0.73211002,  0.45074805,  0.58573451,  0.33758306,  2.19567716,
        1.91829063, -0.06896349, -0.03067821, -0.06446119, -0.03256827,
        0.00414885, -1.08385373]), array([ 0.73172662,  0.4506114 ,  0.58538704,  0.33805712,  2.19525885,
        1.92332156, -0.07668035, -0.0273284 , -0.06949533,  0.0948118 ,
       -0.08366306,  1.00618459]), array([ 0.73138228,  0.45045873,  0.58506486,  0.33789459,  2.19527913,
        1.91787504, -0.06886775, -0.03053431, -0.06443585, -0.03250489,
        0.00405756, -1.08930423]), array([ 0.73099928,  0.4503228 ,  0.5847174 ,  0.33836815,  2.1948603 ,
        1.92287964, -0.07659929, -0.02718702, -0.06949183,  0.09471172,
       -0.08376662,  1.00092057]), array([ 0.73065542,  0.45017082,  0.58439534,  0.33820594,  2.19488014,
        1.91740782, -0.06877169, -0.03039538, -0.06441179, -0.03244252,
        0.00396877, -1.09436342]), array([ 0.73027283,  0.45003557,  0.5840479 ,  0.338679  ,  2.19446078,
        1.92238798, -0.07651828, -0.02704971, -0.0694888 ,  0.0946123 ,
       -0.08387179,  0.99603203]), array([ 0.72992946,  0.44988428,  0.58372595,  0.33851709,  2.1944802 ,
        1.91689266, -0.06867529, -0.03025927, -0.06438847, -0.03238113,
        0.00388216, -1.09906337]), array([ 0.72954727,  0.4497497 ,  0.58337852,  0.33898966,  2.1940603 ,
        1.92185011, -0.0764373 , -0.02691489, -0.06948591,  0.09451346,
       -0.08397845,  0.99148821]), array([ 0.72920438,  0.44959908,  0.5830567 ,  0.33882806,  2.19407929,
        1.91633294, -0.06857857, -0.03012485, -0.06436559, -0.03232069,
        0.00379751, -1.10343351]), array([ 0.72882259,  0.44946517,  0.58270928,  0.33930013,  2.19365886,
        1.92126924, -0.07635635, -0.02678167, -0.06948297,  0.09441512,
       -0.0840865 ,  0.98726086]), array([ 0.72848019,  0.44931521,  0.58238757,  0.33913883,  2.19367743,
        1.91573174, -0.06848155, -0.02999148, -0.06434298, -0.03226113,
        0.00371465, -1.10750088]), array([ 0.72809881,  0.44918196,  0.58204017,  0.33961041,  2.19325645,
        1.92064836, -0.07627542, -0.02664959, -0.06947991,  0.09431724,
       -0.08419583,  0.98332403]), array([ 0.72775689,  0.44903267,  0.58171856,  0.3394494 ,  2.19327462,
        1.91509191, -0.06838427, -0.02985885, -0.06432057, -0.03220241,
        0.00363344, -1.1112903 ]), array([ 0.72737592,  0.44890008,  0.58137118,  0.3399205 ,  2.19285309,
        1.91999018, -0.07619453, -0.02651839, -0.06947668,  0.09421977,
       -0.08430635,  0.97965391]), array([ 0.72703448,  0.44875144,  0.58104969,  0.33975978,  2.19287086,
        1.91441605, -0.06828675, -0.02972676, -0.06429829, -0.03214445,
        0.00355377, -1.11482459]), array([ 0.72665391,  0.4486195 ,  0.58070232,  0.34023039,  2.19244877,
        1.9192972 , -0.07611367, -0.0263879 , -0.06947327,  0.09412268,
       -0.08441796,  0.97622861]), array([ 0.72631297,  0.44847153,  0.58038094,  0.34006996,  2.19246614,
        1.91370657, -0.06818902, -0.02959512, -0.06427612, -0.0320872 ,
        0.00347553, -1.11812466]), array([ 0.7259328 ,  0.44834024,  0.58003359,  0.34054008,  2.19204349,
        1.91857171, -0.07603287, -0.02625805, -0.06946966,  0.09402594,
       -0.08453059,  0.97302806]), array([ 0.72559235,  0.44819292,  0.57971232,  0.34037993,  2.19206048,
        1.91296566, -0.0680911 , -0.02946387, -0.06425403, -0.03203062,
        0.00339863, -1.12120974]), array([ 0.72521259,  0.44806228,  0.579365  ,  0.34084958,  2.19163726,
        1.91781583, -0.07595212, -0.02612878, -0.06946587,  0.09392952,
       -0.08464414,  0.9700338 ]), array([ 0.72487262,  0.44791561,  0.57904383,  0.34068971,  2.19165388,
        1.91219535, -0.06799303, -0.02933299, -0.06423201, -0.03197464,
        0.00332297, -1.12409748]), array([ 0.72449327,  0.44778561,  0.57869653,  0.34115887,  2.19123009,
        1.91703149, -0.07587143, -0.02600006, -0.0694619 ,  0.0938334 ,
       -0.08475854,  0.96722891]), array([ 0.72415379,  0.4476396 ,  0.57837548,  0.34099928,  2.19124633,
        1.91139747, -0.06789483, -0.02920245, -0.06421005, -0.03191924,
        0.00324849, -1.12680408]), array([ 0.72377484,  0.44751024,  0.57802819,  0.34146796,  2.19082196,
        1.91622046, -0.07579082, -0.02587184, -0.06945776,  0.09373755,
       -0.08487373,  0.96459785]), array([ 0.72343586,  0.44736488,  0.57770725,  0.34130864,  2.19083784,
        1.91057374, -0.06779652, -0.02907224, -0.06418814, -0.03186435,
        0.00317511, -1.12934442]), array([ 0.7230573 ,  0.44723616,  0.57735998,  0.34177685,  2.19041289,
        1.91538437, -0.07571029, -0.02574413, -0.06945345,  0.09364197,
       -0.08498963,  0.96212633]), array([ 0.72271881,  0.44709145,  0.57703915,  0.3416178 ,  2.1904284 ,
        1.90972571, -0.06769812, -0.02894236, -0.06416628, -0.03180996,
        0.00310277, -1.13173215]), array([ 0.72234066,  0.44696336,  0.5766919 ,  0.34208554,  2.19000287,
        1.91452471, -0.07562984, -0.02561689, -0.06944899,  0.09354662,
       -0.0851062 ,  0.95980125]), array([ 0.72200267,  0.4468193 ,  0.57637118,  0.34192676,  2.19001803,
        1.90885481, -0.06759965, -0.0288128 , -0.06414445, -0.03175601,
        0.0030314 , -1.13397982]), array([ 0.72162492,  0.44669185,  0.57602396,  0.34239401,  2.18959191,
        1.91364287, -0.07554949, -0.02549013, -0.06944437,  0.0934515 ,
       -0.08522337,  0.95761059]), array([ 0.72128741,  0.44654843,  0.57570334,  0.3422355 ,  2.18960672,
        1.90796237, -0.06750113, -0.02868355, -0.06412265, -0.03170249,
        0.00296095, -1.13609894]), array([ 0.72091007,  0.44642161,  0.57535615,  0.34270228,  2.18918001,
        1.91274009, -0.07546924, -0.02536381, -0.06943962,  0.09335658,
       -0.0853411 ,  0.95554329]), array([ 0.72057305,  0.44627884,  0.57503564,  0.34254404,  2.18919447,
        1.90704959, -0.06740257, -0.02855462, -0.06410088, -0.03164936,
        0.00289137, -1.13810007]), array([ 0.72019611,  0.44615265,  0.57468847,  0.34301035,  2.18876717,
        1.91181754, -0.0753891 , -0.02523794, -0.06943472,  0.09326186,
       -0.08545934,  0.95358921]), array([ 0.71985959,  0.44601052,  0.57436807,  0.34285236,  2.18878128,
        1.90611757, -0.06730398, -0.02842599, -0.06407913, -0.03159659,
        0.00282261, -1.13999294]), array([ 0.71948304,  0.44588495,  0.57402092,  0.3433182 ,  2.18835339,
        1.91087627, -0.07530906, -0.0251125 , -0.0694297 ,  0.09316733,
       -0.08557805,  0.95173903]), array([ 0.71914702,  0.44574347,  0.57370064,  0.34316048,  2.18836717,
        1.90516733, -0.06720539, -0.02829767, -0.06405739, -0.03154416,
        0.00275462, -1.14178645]), array([ 0.71877087,  0.44561853,  0.57335351,  0.34362584,  2.18793868,
        1.90991725, -0.07522914, -0.02498748, -0.06942455,  0.09307296,
       -0.08569719,  0.94998422]), array([ 0.71843534,  0.44547768,  0.57303334,  0.34346838,  2.18795212,
        1.90419981, -0.06710679, -0.02816965, -0.06403567, -0.03149205,
        0.00268738, -1.14348877]), array([ 0.71805959,  0.44535337,  0.57268624,  0.34393328,  2.18752303,
        1.9089414 , -0.07514934, -0.02486288, -0.06941929,  0.09297876,
       -0.08581673,  0.94831691]), array([ 0.71772455,  0.44521316,  0.57236617,  0.34377608,  2.18753614,
        1.90321586, -0.06700821, -0.02804193, -0.06401396, -0.03144024,
        0.00262084, -1.14510743]), array([ 0.7173492 ,  0.44508946,  0.5720191 ,  0.3442405 ,  2.18710645,
        1.90794951, -0.07506966, -0.02473869, -0.0694139 ,  0.09288471,
       -0.08593662,  0.9467299 ]), array([ 0.71701465,  0.44494989,  0.57169914,  0.34408356,  2.18711923,
        1.90221626, -0.06690965, -0.02791451, -0.06399226, -0.0313887 ,
        0.00255496, -1.14664932]), array([ 0.7166397 ,  0.44482682,  0.5713521 ,  0.34454751,  2.18668894,
        1.90694234, -0.0749901 , -0.02461489, -0.06940841,  0.0927908 ,
       -0.08605685,  0.94521658]), array([ 0.71630565,  0.44468788,  0.57103224,  0.34439082,  2.18670139,
        1.90120174, -0.06681112, -0.02778739, -0.06397056, -0.03133743,
        0.00248972, -1.14812077]), array([ 0.71593109,  0.44456542,  0.57068523,  0.34485431,  2.18627051,
        1.90592059, -0.07491067, -0.0244915 , -0.06940282,  0.09269703,
       -0.08617737,  0.94377087]), array([ 0.71559753,  0.44442712,  0.57036549,  0.34469788,  2.18628263,
        1.90017296, -0.06671264, -0.02766056, -0.06394886, -0.0312864 ,
        0.00242509, -1.14952759]), array([ 0.71522337,  0.44430528,  0.5700185 ,  0.34516089,  2.18585114,
        1.90488489, -0.07483138, -0.02436849, -0.06939712,  0.09260339,
       -0.08629817,  0.94238718]), array([ 0.7148903 ,  0.44416761,  0.56969886,  0.34500472,  2.18586295,
        1.89913052, -0.0666142 , -0.02753403, -0.06392716, -0.03123561,
        0.00236104, -1.15087513]), array([ 0.71451654,  0.44404638,  0.56935191,  0.34546726,  2.18543085,
        1.90383582, -0.07475221, -0.02424586, -0.06939132,  0.09250987,
       -0.08641923,  0.94106041]), array([ 0.71418396,  0.44390934,  0.56903238,  0.34531134,  2.18544234,
        1.89807498, -0.06651582, -0.02740779, -0.06390546, -0.03118503,
        0.00229754, -1.15216828]), array([ 0.7138106 ,  0.44378872,  0.56868545,  0.34577342,  2.18500964,
        1.90277391, -0.07467318, -0.02412361, -0.06938543,  0.09241647,
       -0.08654051,  0.93978585]), array([ 0.71347851,  0.44365231,  0.56836603,  0.34561775,  2.18502081,
        1.89700685, -0.0664175 , -0.02728183, -0.06388375, -0.03113466,
        0.00223458, -1.15341154]), array([ 0.71310554,  0.4435323 ,  0.56801914,  0.34607936,  2.1845875 ,
        1.90169964, -0.07459429, -0.02400173, -0.06937944,  0.09232319,
       -0.08666201,  0.93855918]), array([ 7.12773940e-01,  4.43396521e-01,  5.67699828e-01,  3.45923942e-01,
        2.18459836e+00,  1.89592660e+00, -6.63192442e-02, -2.71561694e-02,
       -6.38620356e-02, -3.10844890e-02,  2.17213752e-03, -1.15460904e+00]), array([ 0.71240136,  0.44327712,  0.56735296,  0.34638509,  2.18416444,
        1.90061348, -0.07451553, -0.02388022, -0.06937337,  0.09223001,
       -0.08678369,  0.93737644]), array([ 7.12070257e-01,  4.43141966e-01,  5.67033759e-01,  3.46229920e-01,
        2.18417499e+00,  1.89483466e+00, -6.62210640e-02, -2.70307930e-02,
       -6.38403106e-02, -3.10345039e-02,  2.11018504e-03, -1.15576457e+00]), array([ 0.71169807,  0.44302317,  0.56668692,  0.3466906 ,  2.18374046,
        1.89951583, -0.07443692, -0.02375908, -0.0693672 ,  0.09213693,
       -0.08690555,  0.936234  ]), array([ 0.71181841,  0.44297887,  0.56573373,  0.34434432,  2.18130267,
        1.90381139,  0.02406796, -0.00886006, -0.19063807, -0.46925629,
       -0.48755809,  0.8591124 ]), array([ 0.71232485,  0.44301952,  0.56432542,  0.33925188,  2.17746153,
        1.90772895,  0.1012883 ,  0.0081296 , -0.28166285, -1.01848924,
       -0.76822822,  0.78351147]), array([ 0.71311552,  0.44315064,  0.56258358,  0.33147659,  2.17264175,
        1.91128254,  0.15813348,  0.02622537, -0.34836748, -1.555058  ,
       -0.96395735,  0.71071837]), array([ 0.71409183,  0.44337445,  0.56060691,  0.32108114,  2.16713827,
        1.91449024,  0.19526099,  0.04476004, -0.39533433, -2.07908836,
       -1.10069423,  0.64153904]), array([ 0.71520054,  0.44369924,  0.55847918,  0.30850489,  2.16115846,
        1.91739416,  0.22174184,  0.06495913, -0.42554523, -2.51525147,
       -1.19596352,  0.58078532]), array([ 0.71640062,  0.44413313,  0.55626857,  0.29418399,  2.15484312,
        1.92003538,  0.24001711,  0.08677751, -0.44212268, -2.86417923,
       -1.26306662,  0.52824418]), array([ 0.71765699,  0.44468309,  0.55403016,  0.27849668,  2.14828665,
        1.92245024,  0.25127329,  0.10999314, -0.44768233, -3.13746327,
       -1.31129566,  0.48297215]), array([ 0.71893975,  0.44535516,  0.55180851,  0.26177001,  2.141552  ,
        1.92467073,  0.2565522 ,  0.13441322, -0.44433027, -3.3453326 ,
       -1.34692839,  0.44409691]), array([ 0.72022359,  0.44615447,  0.54963961,  0.24428598,  2.1346814 ,
        1.92672484,  0.25676858,  0.15986159, -0.43377844, -3.49680624,
       -1.3741202 ,  0.41082269]), array([ 0.72148722,  0.44708532,  0.54755245,  0.22628681,  2.12770365,
        1.92863699,  0.25272633,  0.18617052, -0.41743291, -3.59983478,
       -1.39555054,  0.38242892]), array([ 0.72271289,  0.4481512 ,  0.54557015,  0.20797967,  2.12063921,
        1.93042832,  0.24513255,  0.21317596, -0.39646074, -3.66142746,
       -1.4128882 ,  0.35826575]), array([ 0.72388593,  0.44935478,  0.54371094,  0.18954085,  2.11350359,
        1.93211706,  0.23460918,  0.24071517, -0.37184047, -3.68776393,
       -1.42712359,  0.33774862]), array([ 0.72499444,  0.45069791,  0.54198894,  0.17111939,  2.10630957,
        1.93371882,  0.2217026 ,  0.26862602, -0.34440024, -3.68429145,
       -1.43880376,  0.3203527 ]), array([ 0.7260289 ,  0.45218164,  0.54041471,  0.15284035,  2.09906859,
        1.93524686,  0.20689157,  0.29674732, -0.31484646, -3.65580893,
       -1.44819651,  0.30560785]), array([ 0.72698187,  0.45380624,  0.53899578,  0.13480765,  2.09179157,
        1.93671233,  0.19059387,  0.32491981, -0.28378564, -3.60653939,
       -1.45540311,  0.29309404]), array([ 0.72784773,  0.45557118,  0.53773708,  0.11710669,  2.0844894 ,
        1.93812452,  0.17317204,  0.35298742, -0.25174104, -3.54019268,
       -1.46043398,  0.28243737]), array([ 0.72862242,  0.45747517,  0.53664125,  0.09980659,  2.07717311,
        1.93949105,  0.15493845,  0.3807986 , -0.21916542, -3.46001996,
       -1.46325796,  0.2733064 ]), array([ 0.72930322,  0.45951621,  0.53570899,  0.08296228,  2.06985395,
        1.94081809,  0.13615983,  0.40820763, -0.1864511 , -3.36886151,
       -1.4638329 ,  0.26540898]), array([ 0.72988853,  0.46169159,  0.53493931,  0.06661634,  2.06254333,
        1.94211054,  0.11706156,  0.43507579, -0.1539379 , -3.26918897,
       -1.46212336,  0.25848917]), array([ 0.73037769,  0.46399795,  0.53432971,  0.05080062,  2.05525279,
        1.94337216,  0.09783157,  0.46127231, -0.12191954, -3.16314299,
       -1.4581095 ,  0.25232439]), array([ 0.73077081,  0.46643133,  0.53387646,  0.03553779,  2.04799383,
        1.94460578,  0.07862413,  0.48667511, -0.090649  , -3.05256712,
       -1.45179028,  0.24672272]), array([ 0.73106863,  0.46898718,  0.53357475,  0.02084259,  2.04077792,
        1.94581338,  0.05956339,  0.51117135, -0.06034294, -2.93903854,
       -1.44318309,  0.24152025]), array([ 0.73127236,  0.47166047,  0.53341882,  0.00672311,  2.03361631,
        1.94699627,  0.04074671,  0.53465776, -0.03118555, -2.82389611,
       -1.43232125,  0.23657854]), array([ 0.7313836 ,  0.47444568,  0.53340216, -0.00681822,  2.02652006,
        1.94815518,  0.02224789,  0.5570408 , -0.00333193, -2.70826595,
       -1.41925069,  0.23178215]), array([ 0.7314042 ,  0.47733686,  0.53351761, -0.01978364,  2.01949993,
        1.94929036,  0.00412012,  0.57823662,  0.02308899, -2.59308504,
       -1.40402616,  0.22703625]), array([ 0.73133619,  0.48032771,  0.53375746, -0.03217926,  2.01256639,
        1.95040168, -0.01360122,  0.59817099,  0.04797175, -2.47912275,
       -1.38670777,  0.22226441]), array([ 0.73118171,  0.48341161,  0.53411362, -0.04401426,  2.0057296 ,
        1.95148872, -0.03089601,  0.61677898,  0.07123196, -2.36700075,
       -1.36735781,  0.2174064 ]), array([ 0.73094293,  0.48658163,  0.53457764, -0.05530032,  1.99899941,
        1.9525508 , -0.04775698,  0.63400472,  0.09280414, -2.25721105,
       -1.34603821,  0.21241618]), array([ 0.73062199,  0.48983064,  0.53514084, -0.06605098,  1.99238537,
        1.9535871 , -0.0641876 ,  0.64980096,  0.11263972, -2.15013266,
       -1.32280859,  0.20726005]), array([ 0.73021371,  0.49298055,  0.53550368, -0.07633858,  1.98564219,
        1.9545975 , -0.08165576,  0.62998274,  0.07256754, -2.05752053,
       -1.34863576,  0.20208037])], 'U_history': [array([ 60.        , -60.        ,   4.28242974,  10.        ,
       -10.        , -10.        ]), array([60.        , 60.        ,  8.65851179, 10.        ,  2.24162856,
       10.        ]), array([ 60.        , -60.        ,  -3.68094705, -10.        ,
        -1.44886187,  10.        ]), array([ 60.        ,  60.        ,   9.01389439,  10.        ,
         3.77791807, -10.        ]), array([ 60.        , -60.        ,  -3.94927514, -10.        ,
        -1.34213987, -10.        ]), array([0., 0., 0., 0., 0., 0.]), array([ 12.        , -12.        ,  -0.78162442,  -2.        ,
        -0.22413391,   2.        ]), array([ 9.86013321, 12.        ,  1.73622023,  2.        ,  0.81774809,
       -2.        ]), array([  1.92852561, -36.        ,  -2.52653332,   6.        ,
        -0.44000167,   6.        ]), array([  3.22862624,  60.        ,   9.17021837, -10.        ,
         4.77923825, -10.        ]), array([  0.15810938, -60.        ,  -4.38992585,  10.        ,
        -0.50427718,  10.        ]), array([  2.53580208,  60.        ,   9.01184547, -10.        ,
         4.8464364 , -10.        ]), array([  0.9077486 , -60.        ,  -3.979255  , -10.        ,
        -0.45083007,  10.        ]), array([  3.0138415 ,  60.        ,   8.83634965,  10.        ,
         4.73537913, -10.        ]), array([  0.29200754, -60.        ,  -3.75319364, -10.        ,
        -0.33558204,  10.        ]), array([  3.54010864,  60.        ,   8.90484276,  10.        ,
         4.76471418, -10.        ]), array([ -0.64857917, -60.        ,  -3.70981227,  10.        ,
        -0.26468635,  10.        ]), array([  2.68681808,  60.        ,   9.21610591, -10.        ,
         5.04970388, -10.        ]), array([  0.32576209, -60.        ,  -3.72845705,  10.        ,
        -0.3696185 ,  10.        ]), array([  2.56216831,  60.        ,   9.10445424, -10.        ,
         5.09211748, -10.        ]), array([  0.42206226, -48.        ,  -2.77026637,   8.        ,
        -0.27652423,  -8.        ]), array([  0.08918687,  60.        ,   8.85866391, -10.        ,
         5.45348511,  10.        ]), array([  2.41740026, -60.        ,  -3.18059738, -10.        ,
        -0.58205851, -10.        ]), array([ 1.22608657, 60.        ,  8.92658406, 10.        ,  5.25319547,
       10.        ]), array([  1.30243049, -60.        ,  -3.2234309 , -10.        ,
        -0.38200272, -10.        ]), array([ 1.61655399, 60.        ,  8.91901555, 10.        ,  5.24100022,
       10.        ]), array([  0.47267223, -60.        ,  -3.34482539,  10.        ,
        -0.36653617, -10.        ]), array([  0.2596596 ,  60.        ,   7.09653006, -10.        ,
         4.85952917,  10.        ]), array([  1.99606408,  60.        ,   3.11446336,  10.        ,
         1.84856467, -10.        ]), array([ -1.57481758, -60.        ,  -2.55826507, -10.        ,
         0.17320771,  10.        ]), array([  3.54674258,  60.        ,   9.7724644 ,  10.        ,
         5.31241703, -10.        ]), array([ -1.16767805, -60.        ,  -2.42491308, -10.        ,
         0.18665696,  10.        ]), array([  3.67219415,  60.        ,   9.95645056, -10.        ,
         5.31126883, -10.        ]), array([  0.73081753, -60.        ,  -1.83835806,  10.        ,
         0.16116297,  10.        ]), array([  1.83085701,  60.        ,   9.38287277, -10.        ,
         5.3205009 , -10.        ]), array([  0.37505339, -60.        ,  -1.88612719,  10.        ,
         0.28200821,  10.        ]), array([  2.05783779,  60.        ,   9.48981055, -10.        ,
         5.24454253, -10.        ]), array([  0.19557799, -60.        ,  -1.89628637,  10.        ,
         0.40192008,  10.        ]), array([  2.28504452,  60.        ,   9.57094293, -10.        ,
         5.16106492, -10.        ]), array([ 3.92668864e-02, -6.00000000e+01, -1.88669505e+00,  1.00000000e+01,
        5.21082644e-01,  1.00000000e+01]), array([  2.51993583,  60.        ,   9.63072111, -10.        ,
         5.07131016, -10.        ]), array([  0.14940294, -60.        ,  -1.81496744,  10.        ,
         0.64128907,  10.        ]), array([  2.01816406,  60.        ,   9.53150425,  10.        ,
         4.96431497, -10.        ]), array([ -0.49757965, -60.        ,  -1.38098501, -10.        ,
         1.05397815,  10.        ]), array([  2.70274808,  60.        ,   9.34628669,  10.        ,
         4.68812227, -10.        ]), array([-8.47019871e-03, -6.00000000e+01,  4.10900815e-01, -1.00000000e+01,
        1.75027292e+00,  1.00000000e+01]), array([  2.32589522, -60.        ,   3.4340885 ,  10.        ,
         2.41742801, -10.        ]), array([  1.22958478,  60.        ,   8.088062  , -10.        ,
         4.56815351,  10.        ]), array([  2.09088001, -60.        ,  -1.38462432,  10.        ,
         0.84854099, -10.        ]), array([  1.09989415,  60.        ,   7.92160589, -10.        ,
         4.54620432,  10.        ]), array([  2.28852232, -60.        ,  -1.14310018,  10.        ,
         0.85499009, -10.        ]), array([  1.04900779,  60.        ,   7.78993077, -10.        ,
         4.5492427 ,  10.        ]), array([  2.48559886, -60.        ,  -0.91821236,  10.        ,
         0.85812024, -10.        ]), array([  1.00732394,  60.        ,   7.67293928, -10.        ,
         4.55185515,  10.        ]), array([  2.67887652, -60.        ,  -0.70891578,  10.        ,
         0.85821789, -10.        ]), array([  0.97267884,  60.        ,   7.56945861, -10.        ,
         4.55371303,  10.        ]), array([  2.86944873, -60.        ,  -0.51423158,  10.        ,
         0.85538155, -10.        ]), array([  0.94264848,  60.        ,   7.46772747, -10.        ,
         4.55091986,  10.        ]), array([  3.05177118, -60.        ,  -0.46698562,  10.        ,
         0.80450816, -10.        ]), array([  0.86659337,  60.        ,   5.77315771, -10.        ,
         4.00207274,  10.        ]), array([  3.36327633,  60.        ,   5.01594191,  10.        ,
         2.67636302, -10.        ]), array([  0.5342394 , -60.        ,  -1.42266368, -10.        ,
         0.81986433,  10.        ]), array([  2.74299177,  60.        ,  10.02750821,  10.        ,
         4.819476  , -10.        ]), array([  0.85977859, -60.        ,  -1.26824861, -10.        ,
         0.950018  ,  10.        ]), array([  2.71551284,  60.        ,  10.13504444,  10.        ,
         4.72624662, -10.        ]), array([  1.0798557 , -60.        ,   0.40130632, -10.        ,
         1.58535523,  10.        ]), array([  2.57247329, -60.        ,   4.77142686,  10.        ,
         2.71991752, -10.        ]), array([  1.10746563,  60.        ,   5.16579972, -10.        ,
         3.57329511,  10.        ]), array([  3.98823271,  60.        ,   5.79490481,  10.        ,
         2.97134838, -10.        ]), array([  1.01210632, -60.        ,  -1.09811991, -10.        ,
         1.08369518,  10.        ]), array([  2.90278664,  60.        ,  10.18497041,  10.        ,
         4.44847347, -10.        ]), array([  1.29275585, -60.        ,   0.60203122, -10.        ,
         1.73325182,  10.        ]), array([  2.83057859, -60.        ,   5.09568446,  10.        ,
         2.54942263, -10.        ]), array([  1.12115929,  60.        ,   6.29168696, -10.        ,
         3.78053199,  10.        ]), array([  4.40117671, -60.        ,   1.51080399,  10.        ,
         1.44740671, -10.        ]), array([  0.90374064,  60.        ,   6.26246659, -10.        ,
         3.75808358,  10.        ]), array([  4.6108666 , -60.        ,   1.55434881,  10.        ,
         1.37369283, -10.        ]), array([  0.74841007,  60.        ,   4.77923557, -10.        ,
         3.28549228,  10.        ]), array([  5.24906032,  60.        ,   6.71491841,  10.        ,
         3.0092326 , -10.        ]), array([  0.22965788, -60.        ,   0.69380177,  10.        ,
         1.67464489,  10.        ]), array([  3.85247481, -60.        ,   3.76793678, -10.        ,
         2.39552438,  10.        ]), array([  4.96776683,  60.        ,   9.33702952,  10.        ,
         3.73290417, -10.        ]), array([  2.12489226, -60.        ,  -1.13022635, -10.        ,
         1.37938457,  10.        ]), array([  4.73312585,  60.        ,   8.19723871,  10.        ,
         3.24963379, -10.        ]), array([  2.16646365,  60.        ,   3.44330431, -10.        ,
         2.8548491 ,  10.        ]), array([  6.74337067, -60.        ,   3.56229623, -10.        ,
         1.22531008, -10.        ]), array([-0.22192723, 60.        , 10.07942499, 10.        ,  4.36411607,
       10.        ]), array([  7.50534202, -60.        ,   1.00667146, -10.        ,
         0.86624146, -10.        ]), array([-2.61358070e-04,  6.00000000e+01,  1.01114693e+01,  1.00000000e+01,
        4.21620710e+00,  1.00000000e+01]), array([  6.98004096, -60.        ,   1.18930536,  10.        ,
         0.94342755, -10.        ]), array([ -0.23603908,  60.        ,   7.2424635 , -10.        ,
         3.83449836, -10.        ]), array([ 8.64854221e-03, -6.00000000e+01,  4.35843988e+00,  1.00000000e+01,
        2.23522536e+00,  1.00000000e+01]), array([  3.5528387 , -60.        ,   3.670198  , -10.        ,
         1.76589545, -10.        ]), array([-2.17437759, 60.        ,  8.58203433, 10.        ,  3.60184319,
       10.        ]), array([  6.23349409, -60.        ,   1.35671564, -10.        ,
         1.3417115 , -10.        ]), array([ -1.99672127,  60.        ,   9.21564512, -10.        ,
         3.72986496,  10.        ]), array([  7.47218095, -60.        ,   5.69828439,  10.        ,
         1.68526002, -10.        ]), array([-3.24540582, 60.        ,  5.69695463, 10.        ,  3.30694776,
       10.        ]), array([  6.62753565, -60.        ,   1.8947261 , -10.        ,
         1.25585852,  10.        ]), array([ 5.19607258, 48.        ,  9.46525001,  8.        ,  2.64317706,
       -8.        ]), array([  0.20678877, -60.        ,   1.44015309, -10.        ,
         2.10892993, -10.        ]), array([-2.08633685, 36.        ,  6.06353095, -6.        ,  2.18356649,
        6.        ]), array([  9.37144016, -60.        ,   7.4817463 , -10.        ,
         1.55557148, -10.        ]), array([-1.45380955, 24.        ,  4.63676988,  4.        ,  1.65329892,
        4.        ]), array([  9.22673062, -60.        ,   3.51160655, -10.        ,
         0.96059632, -10.        ]), array([-1.42214393, 24.        ,  5.18410822,  4.        ,  1.78880016,
        4.        ]), array([  7.07864985, -48.        ,   6.36795729,   8.        ,
         1.66283614,   8.        ]), array([  2.2778678 , -12.        ,   1.52948212,  -2.        ,
         0.51233641,  -2.        ]), array([-0.83511604, 48.        , 10.3549971 ,  8.        ,  3.72617316,
        8.        ]), array([  9.39787569, -36.        ,   7.47086887,  -6.        ,
         2.00666125,  -6.        ]), array([  0.11348266, -12.        ,   3.03670356,  -2.        ,
         1.08160267,   2.        ]), array([  5.30935034, -12.        ,   3.10274896,  -2.        ,
         0.71733415,  -2.        ]), array([ 1.98159855, 24.        ,  7.31905657,  4.        ,  2.77492439,
       -4.        ]), array([  0.27883019, -12.        ,   2.66817065,   2.        ,
         1.21286477,   2.        ]), array([ 7.17892263, 12.        ,  5.22324487, -2.        ,  1.58932885,
        2.        ]), array([ 12., -12.,   6.,   2.,   2.,  -2.]), array([  8.02212168, -12.        ,   6.        ,  -2.        ,
         2.        ,  -2.        ]), array([ 0., -0.,  0., -0.,  0.,  0.]), array([-20.01050529,  53.0476362 , -68.96177909,  -5.37243632,
       -47.07305013,  25.83725094]), array([-10.71960221,  34.05037418, -37.87197779,   3.00575624,
       -41.87406932, -18.20787566]), array([ -6.6173169 ,  21.0037695 , -11.25886813,   0.45723849,
       -35.52612776,  21.09841357]), array([ -3.24666584,  14.23591401,  -0.78963379,  -0.77588522,
       -22.6469459 , -21.91647268]), array([-1.68332134, 11.08185642,  0.10630469,  0.90883646, -7.76450389,
       19.10536452]), array([ -0.35502836,   8.48872562,   0.88507382,  -1.63846935,
         4.63082753, -23.19228196]), array([ 0.16742283,  5.74590607,  2.8963644 ,  0.54487519, -2.87353909,
       18.77584422]), array([  0.79961484,   4.62072946,   1.82557041,  -1.78416302,
         3.0333448 , -23.07866986]), array([ 0.90323553,  3.35345276,  2.23031862,  0.57211595, -1.2872982 ,
       18.93757643]), array([  1.25444979,   2.70637206,   1.70016634,  -1.87091674,
         2.2346536 , -22.82509708]), array([ 1.20283712,  2.09625882,  1.77233649,  0.61368617, -0.62732211,
       19.1885542 ]), array([  1.43621014,   1.70414972,   1.57443377,  -1.90667081,
         1.89300471, -22.54756633]), array([ 1.32302956,  1.42164503,  1.53658135,  0.63858683, -0.33803249,
       19.45773049]), array([  1.50767664,   1.17403505,   1.49562219,  -1.91814595,
         1.75113118, -22.27337804]), array([ 1.36981661,  1.05857324,  1.41767785,  0.65139127, -0.20895115,
       19.72213676]), array([  1.53468369,   0.89222814,   1.4493847 ,  -1.92002202,
         1.69340851, -22.0123444 ]), array([ 1.38695806,  0.86272161,  1.35725058,  0.6573973 , -0.1502442 ,
       19.97317252]), array([  1.54398529,   0.74154013,   1.42296463,  -1.91856665,
         1.67076643, -21.76784879]), array([ 1.39231822,  0.75656649,  1.32617601,  0.65979973, -0.12267881,
       20.20798363]), array([  1.54636804,   0.6602408 ,   1.40811965,  -1.91616144,
         1.66263452, -21.54054879]), array([ 1.39309332,  0.69848028,  1.30996347,  0.66032943, -0.10899774,
       20.42613677]), array([  1.54612159,   0.61572655,   1.39987895,  -1.91361789,
         1.66045471, -21.32995332]), array([ 1.39213452,  0.66613611,  1.30134021,  0.65989819, -0.10156902,
       20.62820124]), array([  1.54491817,   0.59074371,   1.39534508,  -1.91116471,
         1.6606978 , -21.13511719]), array([ 1.39054627,  0.647571  ,  1.29662234,  0.6589823 , -0.0969969 ,
       20.81513208]), array([  1.54339076,   0.57614707,   1.39286616,  -1.90883504,
         1.66192488, -20.95494717]), array([ 1.38874256,  0.63637999,  1.29392819,  0.65782967, -0.09375927,
       20.98800145]), array([  1.54176818,   0.56708257,   1.39151501,  -1.90660796,
         1.66355781, -20.78833543]), array([ 1.38687088,  0.62913589,  1.29228949,  0.65656885, -0.09116747,
       21.14788295]), array([  1.54012684,   0.56097079,   1.39077724,  -1.90445544,
         1.66536848, -20.63421618]), array([ 1.38497933,  0.6240056 ,  1.2912047 ,  0.65526606, -0.08890604,
       21.29580353]), array([  1.53848842,   0.55643952,   1.39036992,  -1.90235498,
         1.66726874, -20.49158781]), array([ 1.38308104,  0.62000895,  1.29041255,  0.65395494, -0.08682804,
       21.43272539]), array([  1.53685658,   0.55275806,   1.39013854,  -1.90029102,
         1.66922501, -20.35951962]), array([ 1.38117808,  0.61662188,  1.28977623,  0.65265211, -0.0848633 ,
       21.55954111]), array([  1.53523006,   0.54953686,   1.38999922,  -1.89825347,
         1.67122435, -20.23715168]), array([ 1.37926972,  0.61356421,  1.28922376,  0.65136533, -0.08297707,
       21.67707461]), array([  1.53360693,   0.546568  ,   1.38990666,  -1.89623596,
         1.67326121, -20.12369181]), array([ 1.37735509,  0.61068614,  1.28871705,  0.6500978 , -0.08115117,
       21.78608452]), array([  1.53198573,   0.54374033,   1.38983657,  -1.89423438,
         1.67533247, -20.01841132]), array([ 1.37543376,  0.60790751,  1.28823588,  0.64885034, -0.07937532,
       21.88726844]), array([  1.53036558,   0.54099426,   1.38977601,  -1.89224607,
         1.67743579, -19.9206405 ]), array([ 1.37350573,  0.60518544,  1.28776938,  0.64762264, -0.07764311,
       21.98126737]), array([  1.52874606,   0.53829775,   1.38971815,  -1.8902692 ,
         1.67956897, -19.82976413]), array([ 1.37157132,  0.60249693,  1.28731171,  0.6464138 , -0.0759501 ,
       22.06867015]), array([  1.52712702,   0.53563344,   1.38965949,  -1.88830244,
         1.68172991, -19.74521715]), array([ 1.369631  ,  0.59982964,  1.28685964,  0.6452227 , -0.07429293,
       22.15001753]), array([  1.5255085 ,   0.53299185,   1.38959826,  -1.88634477,
         1.68391656, -19.66648066]), array([ 1.36768534,  0.59717691,  1.28641135,  0.64404815, -0.07266882,
       22.22580607]), array([  1.52389059,   0.53036772,   1.38953366,  -1.88439538,
         1.68612696, -19.59307819]), array([ 1.36573492,  0.59453513,  1.28596581,  0.64288899, -0.07107541,
       22.29649175]), array([  1.52227348,   0.52775805,   1.38946534,  -1.88245357,
         1.68835926, -19.52457225]), array([ 1.3637803 ,  0.59190234,  1.28552237,  0.64174408, -0.06951061,
       22.36249321]), array([  1.52065733,   0.52516106,   1.38939324,  -1.88051874,
         1.69061172, -19.46056113]), array([ 1.36182206,  0.58927742,  1.28508062,  0.64061237, -0.06797253,
       22.42419487]), array([  1.51904231,   0.52257566,   1.38931743,  -1.87859035,
         1.69288273, -19.40067601]), array([ 1.35986069,  0.58665976,  1.28464025,  0.6394929 , -0.06645947,
       22.48194967]), array([  1.51742861,   0.52000112,   1.38923802,  -1.87666794,
         1.69517079, -19.34457825]), array([ 1.35789668,  0.58404899,  1.28420107,  0.63838474, -0.06496986,
       22.53608167]), array([  1.51581637,   0.5174369 ,   1.38915517,  -1.87475106,
         1.69747452, -19.29195693]), array([ 1.35593048,  0.58144487,  1.28376289,  0.63728709, -0.06350226,
       22.58688839]), array([  1.51420575,   0.5148826 ,   1.38906902,  -1.87283933,
         1.69979265, -19.24252656]), array([ 1.35396249,  0.57884725,  1.28332556,  0.63619917, -0.06205538,
       22.63464301]), array([  1.51259688,   0.5123379 ,   1.38897973,  -1.8709324 ,
         1.70212398, -19.19602506]), array([ 1.35199307,  0.57625601,  1.28288897,  0.63512029, -0.06062798,
       22.67959635]), array([  1.51098989,   0.50980251,   1.38888745,  -1.86902994,
         1.70446746, -19.15221177]), array([ 1.35002259,  0.57367107,  1.282453  ,  0.63404982, -0.05921898,
       22.7219787 ]), array([  1.5093849 ,   0.5072762 ,   1.38879232,  -1.86713165,
         1.70682207, -19.11086574]), array([ 1.34805135,  0.57109235,  1.28201755,  0.63298717, -0.05782734,
       22.76200148]), array([  1.507782  ,   0.50475874,   1.38869446,  -1.86523726,
         1.70918689, -19.07178412]), array([ 1.34607964,  0.5685198 ,  1.28158253,  0.6319318 , -0.05645212,
       22.79985881]), array([  1.5061813 ,   0.50224994,   1.388594  ,  -1.86334653,
         1.71156109, -19.03478065]), array([ 1.34410772,  0.56595337,  1.28114786,  0.63088323, -0.05509247,
       22.83572893]), array([  1.50458288,   0.49974961,   1.38849106,  -1.86145924,
         1.71394388, -18.99968435]), array([ 1.34213583,  0.56339299,  1.28071345,  0.62984101, -0.05374757,
       22.86977546]), array([  1.50298681,   0.4972576 ,   1.38838572,  -1.85957518,
         1.71633455, -18.9663382 ]), array([ 1.3401642 ,  0.56083863,  1.28027925,  0.62880474, -0.0524167 ,
       22.90214864]), array([  1.50139318,   0.49477374,   1.3882781 ,  -1.85769417,
         1.71873243, -18.93459807]), array([ 1.33819303,  0.55829025,  1.27984518,  0.62777404, -0.05109919,
       22.93298641]), array([  1.49980205,   0.49229789,   1.38816827,  -1.85581604,
         1.72113691, -18.90433162]), array([ 1.3362225 ,  0.5557478 ,  1.2794112 ,  0.62674857, -0.0497944 ,
       22.96241541]), array([  1.49821347,   0.48982993,   1.38805633,  -1.85394064,
         1.72354743, -18.87541734]), array([ 1.33425277,  0.55321125,  1.27897724,  0.62572803, -0.04850176,
       22.99055189]), array([  1.4966275 ,   0.48736973,   1.38794234,  -1.85206783,
         1.72596347, -18.84774369]), array([ 1.33228402,  0.55068057,  1.27854325,  0.62471212, -0.04722075,
       23.01750262]), array([  1.49504419,   0.48491718,   1.38782638,  -1.85019747,
         1.72838456, -18.82120825]), array([ 1.33031636,  0.54815571,  1.2781092 ,  0.6237006 , -0.04595088,
       23.04336558]), array([  1.49346358,   0.48247218,   1.38770852,  -1.84832947,
         1.73081024, -18.79571701]), array([ 1.32834995,  0.54563666,  1.27767503,  0.62269322, -0.04469168,
       23.06823076]), array([  1.49188572,   0.48003464,   1.3875888 ,  -1.84646372,
         1.73324012, -18.77118364]), array([ 1.32638488,  0.54312339,  1.27724071,  0.62168978, -0.04344275,
       23.09218074]), array([  1.49031063,   0.47760445,   1.3874673 ,  -1.84460012,
         1.73567382, -18.74752889]), array([ 1.32442128,  0.54061586,  1.27680621,  0.62069008, -0.0422037 ,
       23.11529138]), array([ 1.14657092e+01,  2.75171067e+00, -3.29440028e+00, -1.00000000e+01,
       -4.97688736e+00,  3.74621602e-15]), array([ 1.02545713e+01,  2.82613077e+00, -2.08601005e+00, -1.00000000e+01,
       -3.37144008e+00,  1.80447088e-15]), array([ 9.10294646e+00,  2.84771605e+00, -1.16072279e+00, -1.00000000e+01,
       -2.20611668e+00,  5.93690451e-15]), array([ 7.98056751e+00,  2.83463499e+00, -4.44331527e-01, -1.00000000e+01,
       -1.36754005e+00,  2.15133731e-15]), array([ 6.86536720e+00,  2.80057731e+00,  1.17803447e-01, -8.85809593e+00,
       -7.69935386e-01,  2.68227804e-15]), array([ 5.87534075e+00,  2.78519911e+00,  5.61503640e-01, -7.68585833e+00,
       -3.48841034e-01,  2.18049899e-15]), array([ 5.00928517e+00,  2.79403062e+00,  9.17224042e-01, -6.64817253e+00,
       -5.36185669e-02,  5.20752195e-15]), array([ 4.25018662e+00,  2.82565135e+00,  1.20753866e+00, -5.72952365e+00,
        1.52820739e-01,  5.32945741e-15]), array([ 3.58460813e+00,  2.87737453e+00,  1.44863928e+00, -4.91665213e+00,
        2.97156601e-01,  1.52592201e-15]), array([ 3.00168736e+00,  2.94578424e+00,  1.65209370e+00, -4.19809126e+00,
        3.98468802e-01,  3.86718535e-16]), array([ 2.49242397e+00,  3.02711282e+00,  1.82612633e+00, -3.56383346e+00,
        4.70311151e-01,  9.35025063e-16]), array([ 2.04917408e+00,  3.11750966e+00,  1.97655527e+00, -3.00507830e+00,
        5.22237353e-01, -1.43255279e-16]), array([ 1.66529331e+00,  3.21323203e+00,  2.10747970e+00, -2.51403516e+00,
        5.60920344e-01,  1.95211586e-15]), array([ 1.33488650e+00,  3.31077749e+00,  2.22178371e+00, -2.08376474e+00,
        5.90971086e-01, -7.65220575e-17]), array([ 1.05263385,  3.40697156,  2.32150469, -1.70805015,  0.61553564,
        0.        ]), array([ 8.13671747e-01,  3.49902063e+00,  2.40810087e+00, -1.38129144e+00,
        6.36728888e-01, -2.60591963e-16]), array([ 6.13512295e-01,  3.58453789e+00,  2.48264405e+00, -1.09841972e+00,
        6.55948023e-01,  1.15466059e-16]), array([ 4.47990088e-01,  3.66154846e+00,  2.54595640e+00, -8.54827527e-01,
        6.74097702e-01, -1.93295171e-16]), array([ 3.13227692e-01,  3.72847897e+00,  2.59870605e+00, -6.46312723e-01,
        6.91750363e-01,  1.73406878e-16]), array([ 2.05613710e-01,  3.78413567e+00,  2.64147211e+00, -4.69033703e-01,
        7.09259160e-01, -2.05894443e-16]), array([ 1.21788941e-01,  3.82767471e+00,  2.67478747e+00, -3.19473591e-01,
        7.26836384e-01,  2.21441421e-17]), array([ 5.86373796e-02,  3.85856736e+00,  2.69916546e+00, -1.94411589e-01,
        7.44606938e-01, -1.31948183e-16]), array([ 1.32797854e-02,  3.87656273e+00,  2.71511524e+00, -9.08997802e-02,
        7.62643930e-01, -2.77805192e-16]), array([-1.69317639e-02,  3.88164954e+00,  2.72314920e+00, -6.24396134e-03,
        7.80991609e-01, -9.80405398e-17]), array([-3.44193816e-02,  3.87401879e+00,  2.72378516e+00,  6.20126767e-02,
        7.99679495e-01, -1.20345770e-16]), array([-4.13855744e-02,  3.85402801e+00,  2.71754525e+00,  1.16103933e-01,
        8.18730498e-01, -4.90086390e-16]), array([-3.98204780e-02,  3.82216815e+00,  2.70495275e+00,  1.58053753e-01,
        8.38165076e-01, -5.02678073e-16]), array([-3.15102432e-02,  3.77903345e+00,  2.68652804e+00,  1.89688659e-01,
        8.58002866e-01, -2.55691172e-16]), array([-1.80465396e-02,  3.72529457e+00,  2.66278419e+00,  2.12649785e-01,
        8.78262835e-01, -1.29414819e-16]), array([0., 0., 0., 0., 0., 0.])], 'ball_pos_history': [array([-1.72639069, -7.97029056,  1.33800905]), array([-1.72096585, -7.92561874,  1.32219311]), array([-1.71554102, -7.88094693,  1.30613192]), array([-1.71011618, -7.83627511,  1.28982547]), array([-1.70469135, -7.79160329,  1.27327378]), array([-1.69926651, -7.74693148,  1.25647684]), array([-1.69384167, -7.70225966,  1.23943465]), array([-1.68841684, -7.65758785,  1.22214721]), array([-1.682992  , -7.61291603,  1.20461452]), array([-1.67756717, -7.56824421,  1.18683658]), array([-1.67214233, -7.5235724 ,  1.16881339]), array([-1.66671749, -7.47890058,  1.15054494]), array([-1.66129266, -7.43422877,  1.13203125]), array([-1.65586782, -7.38955695,  1.11327231]), array([-1.65044299, -7.34488513,  1.09426812]), array([-1.64501815, -7.30021332,  1.07501868]), array([-1.63959331, -7.2555415 ,  1.05552399]), array([-1.63416848, -7.21086968,  1.03578405]), array([-1.62874364, -7.16619787,  1.01579886]), array([-1.62331881, -7.12152605,  0.99556841]), array([-1.61789397, -7.07685424,  0.97509272]), array([-1.61246913, -7.03218242,  0.95437178]), array([-1.6070443 , -6.9875106 ,  0.93340559]), array([-1.60161946, -6.94283879,  0.91219415]), array([-1.59619463, -6.89816697,  0.89073746]), array([-1.59076979, -6.85349516,  0.86903552]), array([-1.58534495, -6.80882334,  0.84708832]), array([-1.57992012, -6.76415152,  0.82489588]), array([-1.57449528, -6.71947971,  0.80245819]), array([-1.56907045, -6.67480789,  0.77977525]), array([-1.56364561, -6.63013608,  0.75684706]), array([-1.55822077, -6.58546426,  0.73367362]), array([-1.55279594, -6.54079244,  0.71025493]), array([-1.5473711 , -6.49612063,  0.68659099]), array([-1.54194627, -6.45144881,  0.66268179]), array([-1.53652143, -6.40677699,  0.63852735]), array([-1.53109659, -6.36210518,  0.61412766]), array([-1.52567176, -6.31743336,  0.58948272]), array([-1.52024692, -6.27276155,  0.56459253]), array([-1.51482209, -6.22808973,  0.53945709]), array([-1.50939725, -6.18341791,  0.5140764 ]), array([-1.50397241, -6.1387461 ,  0.48845046]), array([-1.49854758, -6.09407428,  0.46257926]), array([-1.49312274, -6.04940247,  0.43646282]), array([-1.48769791, -6.00473065,  0.41010113]), array([-1.48227307, -5.96005883,  0.38349419]), array([-1.47684823, -5.91538702,  0.356642  ]), array([-1.4714234 , -5.8707152 ,  0.32954456]), array([-1.46599856, -5.82604339,  0.30220187]), array([-1.46057373, -5.78137157,  0.27461393]), array([-1.45514889, -5.73669975,  0.24678073]), array([-1.44972405, -5.69202794,  0.21870229]), array([-1.44429922, -5.64735612,  0.1903786 ]), array([-1.43887438, -5.6026843 ,  0.16180966]), array([-1.43344955, -5.55801249,  0.13299547]), array([-1.42802471, -5.51334067,  0.10393603]), array([-1.42259988, -5.46866886,  0.07463134]), array([-1.41717504, -5.42399704,  0.04508139]), array([-1.4117502 , -5.37932522,  0.033     ]), array([-1.40659661, -5.336887  ,  0.05510114]), array([-1.40144301, -5.29444877,  0.07695704]), array([-1.39628942, -5.25201055,  0.09856768]), array([-1.39113583, -5.20957232,  0.11993307]), array([-1.38598223, -5.1671341 ,  0.14105322]), array([-1.38082864, -5.12469587,  0.16192811]), array([-1.37567504, -5.08225765,  0.18255775]), array([-1.37052145, -5.03981942,  0.20294215]), array([-1.36536786, -4.9973812 ,  0.22308129]), array([-1.36021426, -4.95494297,  0.24297518]), array([-1.35506067, -4.91250475,  0.26262383]), array([-1.34990707, -4.87006652,  0.28202722]), array([-1.34475348, -4.8276283 ,  0.30118537]), array([-1.33959988, -4.78519007,  0.32009826]), array([-1.33444629, -4.74275184,  0.3387659 ]), array([-1.3292927 , -4.70031362,  0.3571883 ]), array([-1.3241391 , -4.65787539,  0.37536544]), array([-1.31898551, -4.61543717,  0.39329733]), array([-1.31383191, -4.57299894,  0.41098398]), array([-1.30867832, -4.53056072,  0.42842537]), array([-1.30352473, -4.48812249,  0.44562151]), array([-1.29837113, -4.44568427,  0.46257241]), array([-1.29321754, -4.40324604,  0.47927805]), array([-1.28806394, -4.36080782,  0.49573844]), array([-1.28291035, -4.31836959,  0.51195359]), array([-1.27775675, -4.27593137,  0.52792348]), array([-1.27260316, -4.23349314,  0.54364812]), array([-1.26744957, -4.19105492,  0.55912752]), array([-1.26229597, -4.14861669,  0.57436166]), array([-1.25714238, -4.10617847,  0.58935055]), array([-1.25198878, -4.06374024,  0.6040942 ]), array([-1.24683519, -4.02130201,  0.61859259]), array([-1.24168159, -3.97886379,  0.63284573]), array([-1.236528  , -3.93642556,  0.64685363]), array([-1.23137441, -3.89398734,  0.66061627]), array([-1.22622081, -3.85154911,  0.67413366]), array([-1.22106722, -3.80911089,  0.68740581]), array([-1.21591362, -3.76667266,  0.7004327 ]), array([-1.21076003, -3.72423444,  0.71321435]), array([-1.20560644, -3.68179621,  0.72575074]), array([-1.20045284, -3.63935799,  0.73804188]), array([-1.19529925, -3.59691976,  0.75008778]), array([-1.19014565, -3.55448154,  0.76188842]), array([-1.18499206, -3.51204331,  0.77344381]), array([-1.17983846, -3.46960509,  0.78475396]), array([-1.17468487, -3.42716686,  0.79581885]), array([-1.16953128, -3.38472863,  0.80663849]), array([-1.16437768, -3.34229041,  0.81721289]), array([-1.15922409, -3.29985218,  0.82754203]), array([-1.15407049, -3.25741396,  0.83762592]), array([-1.1489169 , -3.21497573,  0.84746457]), array([-1.14376331, -3.17253751,  0.85705796]), array([-1.13860971, -3.13009928,  0.8664061 ]), array([-1.13345612, -3.08766106,  0.875509  ]), array([-1.12830252, -3.04522283,  0.88436664]), array([-1.12314893, -3.00278461,  0.89297903]), array([-1.11799533, -2.96034638,  0.90134618]), array([-1.11284174, -2.91790816,  0.90946807]), array([-1.10768815, -2.87546993,  0.91734471]), array([-1.10253455, -2.83303171,  0.92497611]), array([-1.09738096, -2.79059348,  0.93236225]), array([-1.09222736, -2.74815526,  0.93950314]), array([-1.08707377, -2.70571703,  0.94639879]), array([-1.08192018, -2.6632788 ,  0.95304918]), array([-1.07676658, -2.62084058,  0.95945433]), array([-1.07161299, -2.57840235,  0.96561422]), array([-1.06645939, -2.53596413,  0.97152886]), array([-1.0613058 , -2.4935259 ,  0.97719826]), array([-1.0561522 , -2.45108768,  0.9826224 ]), array([-1.05099861, -2.40864945,  0.98780129]), array([-1.04584502, -2.36621123,  0.99273494]), array([-1.04069142, -2.323773  ,  0.99742333]), array([-1.03553783, -2.28133478,  1.00186647]), array([-1.03038423, -2.23889655,  1.00606437]), array([-1.02523064, -2.19645833,  1.01001701]), array([-1.02007705, -2.1540201 ,  1.0137244 ]), array([-1.01492345, -2.11158188,  1.01718655]), array([-1.00976986, -2.06914365,  1.02040344]), array([-1.00461626, -2.02670543,  1.02337508]), array([-0.99946267, -1.9842672 ,  1.02610148]), array([-0.99430907, -1.94182897,  1.02858262]), array([-0.98915548, -1.89939075,  1.03081851]), array([-0.98400189, -1.85695252,  1.03280916]), array([-0.97884829, -1.8145143 ,  1.03455455]), array([-0.9736947 , -1.77207607,  1.03605469]), array([-0.9685411 , -1.72963785,  1.03730959]), array([-0.96338751, -1.68719962,  1.03831923]), array([-0.95823391, -1.6447614 ,  1.03908362]), array([-0.95308032, -1.60232317,  1.03960277]), array([-0.94792673, -1.55988495,  1.03987666]), array([-0.94277313, -1.51744672,  1.03990531]), array([-0.93761954, -1.4750085 ,  1.0396887 ]), array([-0.93246594, -1.43257027,  1.03922684]), array([-0.92731235, -1.39013205,  1.03851974]), array([-0.92215876, -1.34769382,  1.03756738]), array([-0.91700516, -1.30525559,  1.03636977]), array([-0.91185157, -1.26281737,  1.03492692]), array([-0.90669797, -1.22037914,  1.03323881]), array([-0.90154438, -1.17794092,  1.03130545]), array([-0.89639078, -1.13550269,  1.02912685]), array([-0.89123719, -1.09306447,  1.02670299]), array([-0.8860836 , -1.05062624,  1.02403388]), array([-0.88093   , -1.00818802,  1.02111953]), array([-0.87577641, -0.96574979,  1.01795992]), array([-0.87062281, -0.92331157,  1.01455506]), array([-0.86546922, -0.88087334,  1.01090496]), array([-0.86031563, -0.83843512,  1.0070096 ]), array([-0.85516203, -0.79599689,  1.00286899]), array([-0.85000844, -0.75355867,  0.99848314]), array([-0.84485484, -0.71112044,  0.99385203]), array([-0.83970125, -0.66868222,  0.98897567]), array([-0.83454765, -0.62624399,  0.98385407]), array([-0.82939406, -0.58380576,  0.97848721]), array([-0.82424047, -0.54136754,  0.97287511]), array([-0.81908687, -0.49892931,  0.96701775]), array([-0.81393328, -0.45649109,  0.96091514]), array([-0.80877968, -0.41405286,  0.95456729]), array([-0.80362609, -0.37161464,  0.94797418]), array([-0.7984725 , -0.32917641,  0.94113582]), array([-0.7933189 , -0.28673819,  0.93405222]), array([-0.78816531, -0.24429996,  0.92672336]), array([-0.78301171, -0.20186174,  0.91914925]), array([-0.77785812, -0.15942351,  0.9113299 ]), array([-0.77270452, -0.11698529,  0.90326529]), array([-0.76755093, -0.07454706,  0.89495543]), array([-0.76239734, -0.03210884,  0.88640033]), array([-0.75724374,  0.01032939,  0.87759997]), array([-0.75209015,  0.05276761,  0.86855436]), array([-0.74693655,  0.09520584,  0.85926351]), array([-0.74178296,  0.13764407,  0.8497274 ]), array([-0.73662937,  0.18008229,  0.83994604]), array([-0.73147577,  0.22252052,  0.82991944]), array([-0.72632218,  0.26495874,  0.81964758]), array([-0.72116858,  0.30739697,  0.80913047]), array([-0.71601499,  0.34983519,  0.79836812]), array([-0.71086139,  0.39227342,  0.78736051]), array([-0.7057078 ,  0.43471164,  0.77610765]), array([-0.70055421,  0.47714987,  0.76460955]), array([-0.69540061,  0.51958809,  0.75286619]), array([-0.69024702,  0.56202632,  0.74087759]), array([-0.68509342,  0.60446454,  0.72864373]), array([-0.67993983,  0.64690277,  0.71616462]), array([-0.67478623,  0.68934099,  0.70344027]), array([-0.66963264,  0.73177922,  0.69047066]), array([-0.66447905,  0.77421744,  0.6772558 ]), array([-0.65932545,  0.81665567,  0.6637957 ]), array([-0.65417186,  0.8590939 ,  0.65009034]), array([-0.64901826,  0.90153212,  0.63613973]), array([-0.64386467,  0.94397035,  0.62194388]), array([-0.63871108,  0.98640857,  0.60750277]), array([-0.63355748,  1.0288468 ,  0.59281641]), array([-0.62840389,  1.07128502,  0.57788481]), array([-0.62325029,  1.11372325,  0.56270795]), array([-0.6180967 ,  1.15616147,  0.54728584]), array([-0.6129431 ,  1.1985997 ,  0.53161849]), array([-0.60778951,  1.24103792,  0.51570588]), array([-0.60263592,  1.28347615,  0.49954802]), array([-0.59748232,  1.32591437,  0.48314492]), array([-0.59232873,  1.3683526 ,  0.46649656]), array([-0.58717513,  1.41079082,  0.44960295]), array([-0.58202154,  1.45322905,  0.4324641 ]), array([-0.57686795,  1.49566728,  0.41507999]), array([-0.57171435,  1.5381055 ,  0.39745063]), array([-0.56656076,  1.58054373,  0.37957603]), array([-0.56140716,  1.62298195,  0.36145617]), array([-0.55625357,  1.66542018,  0.34309107]), array([-0.55109997,  1.7078584 ,  0.32448071]), array([-0.54594638,  1.75029663,  0.3056251 ]), array([-0.54079279,  1.79273485,  0.28652425]), array([-0.53563919,  1.83517308,  0.26717814]), array([-0.5304856 ,  1.8776113 ,  0.24758678]), array([-0.525332  ,  1.92004953,  0.22775018]), array([-0.52017841,  1.96248775,  0.20766832]), array([-0.51502482,  2.00492598,  0.18734121]), array([-0.50987122,  2.0473642 ,  0.16676886]), array([-0.50471763,  2.08980243,  0.14595125]), array([-0.49956403,  2.13224065,  0.12488839]), array([-0.49441044,  2.17467888,  0.10358029]), array([-0.48925684,  2.21711711,  0.08202693]), array([-0.48410325,  2.25955533,  0.06022832]), array([-0.47894966,  2.30199356,  0.03818447]), array([-0.47379606,  2.34443178,  0.033     ]), array([-0.46890015,  2.3847481 ,  0.04947158])], 'distances_history': [7.84229780609886, 7.796658892709581, 7.750490947152725, 7.702347385205955, 7.653778219252546, 7.603342697739965, 7.552878830829762, 7.502000178227879, 7.451070942197924, 7.400698479654431, 7.349200852012032, 7.29872924432434, 7.247180648568664, 7.194847540913074, 7.1433265964158155, 7.091058101622363, 7.039611227201714, 6.989265834525862, 6.937922446600763, 6.887681080339258, 6.836472219165525, 6.7862902767710445, 6.735077157677382, 6.683321057840402, 6.632373100347724, 6.580934617134992, 6.5303086657037515, 6.481009992156937, 6.43072997976058, 6.381314612477471, 6.331370451161111, 6.282357098102094, 6.232835965409532, 6.182513521062833, 6.133479767434399, 6.083702014345429, 6.035244182803703, 5.986058158798, 5.938220123460831, 5.88967079466123, 5.8424971774059875, 5.794630439671571, 5.748162625324455, 5.702729551122321, 5.656994030890368, 5.612292996568614, 5.567347819845744, 5.523996908469778, 5.4799047183215706, 5.437342246946924, 5.39407718840298, 5.352351641038147, 5.3099653961085, 5.269127301866038, 5.227673646818436, 5.187775515680086, 5.14731050651197, 5.108406916581164, 5.065695774444001, 5.020136802857924, 4.973708780584534, 4.928008566660702, 4.881844988697601, 4.836605076454073, 4.790900184679631, 4.74611918127159, 4.700919482057513, 4.6570890197854, 4.612381365713433, 4.568430557421867, 4.523994170042398, 4.480485224877119, 4.436538170125722, 4.393906980574364, 4.350464810316423, 4.308182790160468, 4.265107734082622, 4.22316430027072, 4.180395995025849, 4.138428142690618, 4.097560398243804, 4.056215099223336, 4.015761520536404, 3.9746907178333597, 3.934485769290053, 3.8934643765763446, 3.85184589141153, 3.8113154128170588, 3.7700876318870145, 3.729965392789366, 3.6907026122638293, 3.650916571271656, 3.6121701789431775, 3.5727814615188893, 3.5344989640003774, 3.495436304200462, 3.45598736152444, 3.4174206376140948, 3.379958805377467, 3.3416453000980715, 3.304226596028725, 3.266083108165912, 3.227763244244546, 3.18870350400538, 3.1501822619646322, 3.1107882962560405, 3.071983479033919, 3.033821969080375, 2.995448647956296, 2.9582977241685025, 2.920763470926965, 2.8831286770488638, 2.845307480701768, 2.808189013627373, 2.771249989939518, 2.734325770827256, 2.6976229573881882, 2.6609078020202843, 2.624090749762111, 2.585408102608435, 2.5452418717857666, 2.503860257371274, 2.461380793105134, 2.4181986210951876, 2.375449870291726, 2.332533368905691, 2.289862401417827, 2.2471602285762446, 2.2045952722726248, 2.1620530742889996, 2.1196014284265052, 2.077196693376793, 2.0348651853241324, 1.992592730737084, 1.9503898858293574, 1.908253706794215, 1.8661904689500823, 1.8242003119703358, 1.7822906342712912, 1.74046086684504, 1.6987223966670286, 1.6570720186283636, 1.6155269805884884, 1.5740803033980566, 1.532756667482725, 1.4915445103046712, 1.45047754974718, 1.4095389680176156, 1.3687733505052977, 1.3281580220440903, 1.2877506392210634, 1.2475221333827395, 1.207545964166505, 1.1677862397216558, 1.1283356742469004, 1.089151313643656, 1.0503495517690136, 1.0118804624841482, 0.9738898577627418, 0.9363214664054749, 0.8993580104002878, 0.8629383182314629, 0.8272917849721418, 0.7923549108279841, 0.7584162560647042, 0.7254138328505902, 0.6937105493569219, 0.663250432160866, 0.6344869833394224, 0.6073727190943818, 0.5824636599407528, 0.5597142558148345, 0.5397787772993187, 0.5225854567348506, 0.508849090400392, 0.4984105389587884, 0.4919659717724744, 0.48918631281788205, 0.4906567632676179, 0.4958251352453199, 0.5051211378339939, 0.5177965245575933, 0.5341587256880924, 0.5533563735285141, 0.5756470147029364, 0.6001720100679317, 0.6271968151329664, 0.6559133177911636, 0.6866200196386649, 0.7185792282934883, 0.7521245281187651, 0.7865869367129597, 0.8223275387334609, 0.858736189996498, 0.8961922904481335, 0.9341334180392377, 0.9729496100685592, 1.0121164000424867, 1.0520289140686974, 1.0921927996383283, 1.1330045712323717, 1.1739939103274482, 1.215556392268106, 1.257241064583447, 1.299441184793812, 1.341721573147705, 1.384472420718799, 1.4272715294157567, 1.47050568274116, 1.5137634702297167, 1.5574281843648998, 1.6010974548133112, 1.6461394378751397, 1.6924863315874419, 1.7400764199980534, 1.7888516385075568, 1.8386415888898076, 1.889279468882375, 1.9406185239681832, 1.9925298805117737, 2.0449007408677566, 2.0976328123936474, 2.1506409000053415, 2.203851623091157, 2.2572022343069853, 2.3106395267343864, 2.3641188207555217, 2.4176030247289004, 2.4710617651458646, 2.5244705829178478, 2.577810193040344, 2.631065805226775, 2.684226503272661, 2.7372846809425453, 2.790235532105545, 2.8430765927134947, 2.895807332048976, 2.9484287904963717, 3.000943260929735, 3.053354010683503, 3.098576221950984], 'normal_align_history': [0.5977560240746354, 0.5927747820948724, 0.5987676433306462, 0.6136549093523124, 0.6227283769249647, 0.6247529929598962, 0.6266905172963089, 0.6303191610573725, 0.6327250547207139, 0.6404117367442053, 0.6390487440081705, 0.6465416684514336, 0.6450479346296644, 0.6502499380818761, 0.6486923667243183, 0.6537202519118865, 0.6520849833609235, 0.6590733087775648, 0.6572574975435288, 0.6640148486707207, 0.6620430477998075, 0.6548918296996487, 0.6545249320819031, 0.6454089761441246, 0.6454358751207461, 0.6365757076470512, 0.6369569439173524, 0.630628438984248, 0.6311733331532996, 0.6251488374360116, 0.625726072753785, 0.6199909360541579, 0.6208738173939903, 0.6131113974506898, 0.6144611149733914, 0.6070694638851399, 0.6088061015055244, 0.6018003241182485, 0.6039322313040263, 0.5973319000046171, 0.5998664040046139, 0.5936898109882912, 0.596642052282133, 0.5932132193603065, 0.5964647246859542, 0.593352246240778, 0.5970067557657808, 0.5940179324651468, 0.5981577266069199, 0.5953918794515441, 0.5997781750248087, 0.59723190285244, 0.6018658254484315, 0.5995390495992757, 0.6044208935198886, 0.6023124744018631, 0.6074413377819062, 0.6055489040416425, 0.6109219600461442, 0.6092342173062659, 0.6147564667605379, 0.6137518622104446, 0.6192904523743843, 0.6185750124786227, 0.6243994554787441, 0.6239743525577208, 0.6301590891122871, 0.6293906722731508, 0.6358840778717637, 0.6359325782177487, 0.6424532196373979, 0.6427306545732724, 0.6495513812954656, 0.6492958969198249, 0.6564129200795847, 0.6562693597077013, 0.6635140700294311, 0.6634539045924612, 0.6707274443684106, 0.6716271910750025, 0.6795282410784191, 0.6935711836027488, 0.700967525474096, 0.7141304620991247, 0.7207365850908389, 0.7340066492013297, 0.7396271109987683, 0.7523354164258031, 0.7575623077417696, 0.7696329519276016, 0.7744772937420922, 0.773289728222537, 0.7779307851899389, 0.7757867392944814, 0.7802639963890791, 0.7780229710670932, 0.7827437583268589, 0.7806123412894096, 0.7847025288506138, 0.7946641060998344, 0.7992885143200985, 0.7974540211515792, 0.7995856492115769, 0.7959878077303962, 0.7947757370919777, 0.7879218083875918, 0.7835836889962192, 0.7839658234013838, 0.7830983410531899, 0.7867984929340882, 0.7870578159897423, 0.7885021779841478, 0.7888063904561974, 0.7862867608021884, 0.784732876864645, 0.7846594010863542, 0.7833446388221802, 0.7810532113171118, 0.7786471102403495, 0.7822500261191161, 0.7789363602922348, 0.7819039973080878, 0.7789801103684258, 0.7824572030180049, 0.779430448515548, 0.7826783232449905, 0.7795931547934097, 0.7827229264399753, 0.7795937122308644, 0.7826534082451608, 0.7794836801891936, 0.7824935766071711, 0.7792843599076756, 0.7822537669975335, 0.7790059169527418, 0.7819399647771074, 0.7786546400483454, 0.7815568779701675, 0.7782355071784718, 0.7811088545357444, 0.7777530098747885, 0.7806000832368949, 0.7772113729059438, 0.7800345894150914, 0.7766145872628396, 0.7794161940598732, 0.775966399879807, 0.7787484829612967, 0.7752703033095223, 0.7780347930424043, 0.7745295344728271, 0.7772782122375191, 0.773747081535344, 0.7764815879121042, 0.7729256960008747, 0.7756475399108927, 0.7720679074982888, 0.7747784756655984, 0.7711760395468242, 0.7738766058288578, 0.7702522252670807, 0.7729439595842887, 0.7692984224720808, 0.771982399199061, 0.7683164278624374, 0.7709936336265143, 0.7673078902183433, 0.7699792311000512, 0.7662743225742783, 0.7689406307303749, 0.7652171134108681, 0.7678791531532514, 0.764137536921387, 0.7667960102904338, 0.7630367624194311, 0.765692314291234, 0.7619158629558593, 0.7645690857216507, 0.7607758232108754, 0.7634272610646988, 0.75961754672315, 0.7622676995912303, 0.7584418625132412, 0.7610911896557858, 0.7572495311538106, 0.7598984544673573, 0.7560412503345543, 0.758690157380526, 0.754817659965501, 0.7574669067483354, 0.7535793468583669, 0.7562292603745393, 0.7523268490220955, 0.7549777295994344, 0.7510606596054384, 0.7537127830504333, 0.7497812305164935, 0.7524348500857352, 0.7484889757464528, 0.7511443239569192, 0.7471842744223819, 0.7498415647140302, 0.745867473611715, 0.7485269018746397, 0.7445388908990994, 0.7472006368765042, 0.7431988167545195, 0.7458630453317442, 0.7418475167099188, 0.7445143790989284, 0.7404852333601251, 0.7431548681880451, 0.7471421024827087, 0.7522655700480325, 0.7583437500492257, 0.7652004788842545, 0.7725685053386047, 0.7802078931052246, 0.7879208949038589, 0.7955475079087881, 0.8029609408595226, 0.8100633119352156, 0.8167816910364999, 0.8230645063505166, 0.828878298315332, 0.834204794431644, 0.8390382799263998, 0.8433832440861635, 0.8472522865372197, 0.8506642705684031, 0.8536427116478515, 0.8562143889611921, 0.8584081666333717, 0.8602540097972693, 0.8617821792384426, 0.8630225872447722, 0.8640042966681828, 0.864755145109667, 0.8653014765432552, 0.8656679635284144, 0.8658775043289163], 'ball_near_history': [False, False, False, False, False, False, False, False, False, False, False, False, False, False, False, False, False, False, False, False, False, False, False, False, False, False, False, False, False, False, False, False, False, False, False, False, False, False, False, False, False, False, False, False, False, False, False, False, False, False, False, False, False, False, False, False, False, False, False, False, False, False, False, False, False, False, False, False, False, False, False, False, False, False, False, False, False, False, False, False, False, False, False, False, False, False, False, False, False, False, False, False, False, False, False, False, False, False, False, False, False, False, False, False, False, False, False, False, False, False, False, False, False, False, False, False, False, False, False, False, False, False, False, False, False, False, False, False, False, False, False, False, False, False, False, False, False, False, False, False, False, False, False, False, False, False, False, False, False, False, False, False, False, False, False, False, False, False, False, False, False, False, False, False, False, False, False, False, False, False, False, False, False, False, False, False, False, False, False, False, False, False, False, False, False, False, False, False, False, False, False, False, False, False, False, False, False, False, False, False, False, False, False, False, False, False, False, False, False, False, False, False, False, False, False, False, False, False, False, False, False, False, False, False, False, False, False, False, False, False, False, False, False, False, False, False, False, False, False, False, False], 'tube_ready_history': [False, False, False, False, False, False, False, False, False, False, False, False, False, False, False, False, False, False, False, False, False, False, False, False, False, False, False, False, False, False, False, False, False, False, False, False, False, False, False, False, False, False, False, False, False, False, False, False, False, False, False, False, False, False, False, False, False, False, False, False, False, False, False, False, False, False, False, False, False, False, False, False, False, False, False, False, False, False, False, False, False, False, False, False, False, False, False, False, False, False, False, False, False, False, False, False, False, False, False, False, False, False, False, False, False, False, False, False, False, False, False, False, False, False, False, False, False, False, False, False, False, False, False, False, False, False, False, False, False, False, False, False, False, False, False, False, False, False, False, False, False, False, False, False, False, False, False, False, False, False, False, False, False, False, False, False, False, False, False, False, False, False, False, False, False, False, False, False, False, False, False, False, False, False, False, False, False, False, False, False, False, False, False, False, False, False, False, False, False, False, False, False, False, False, False, False, False, False, False, False, False, False, False, False, False, False, False, False, False, False, False, False, False, False, False, False, False, False, False, False, False, False, False, False, False, False, False, False, False, False, False, False, False, False, False, False, False, False, False, False, False], 'pos_error_history': [0.008844216447310925, 0.007918686239009732, 0.006944792646114443, 0.006357642162422401, 0.00946752160362149, 0.014244402663282288, 0.020102631041795098, 0.0261408259423648, 0.03232540017199541, 0.038705890628945264, 0.044994219100605214, 0.0514671828407058, 0.05932844809406197, 0.06582729375586645, 0.07364594861838143, 0.08011447331315176, 0.08628730389561935, 0.09267395172235311, 0.09877459167949633, 0.10507880130536965, 0.11102157557806193, 0.11728323479661135, 0.12464825861547435, 0.13077883561654197, 0.13796401157154908, 0.14392804612612994, 0.14933536481336096, 0.15515914845189466, 0.159874789610734, 0.16570698516098686, 0.1701887665967317, 0.17578028599149878, 0.18164241897506025, 0.18698583439775734, 0.19260603056168069, 0.19766788516112777, 0.20304756392386408, 0.20783483550099155, 0.21298090242453724, 0.21750298783277577, 0.22242480798913378, 0.22669748222981267, 0.2296956217311076, 0.23373755200304797, 0.23653972390051267, 0.24035812759277628, 0.24330398917176235, 0.24690467926129558, 0.24973751256741017, 0.2532274625631351, 0.2559549712031931, 0.2593420820247816, 0.26197324288526364, 0.26526665492253926, 0.2678114696682373, 0.27102138404525117, 0.2734907847624626, 0.2766285103902853, 0.27903597704646094, 0.2821333084933192, 0.28408066478552335, 0.28717496088759653, 0.289048785100613, 0.2920748048001937, 0.2939001591364419, 0.2968710055245588, 0.2990637536895432, 0.30199915069447164, 0.3038202290236624, 0.3067953741757046, 0.30863578493590704, 0.3116294457751327, 0.3138850502165317, 0.3169109696833635, 0.31924130807512335, 0.32234198146776216, 0.32475683541672873, 0.3279356561588815, 0.3301040217234136, 0.33153904761116193, 0.33417328770409954, 0.33586801908205255, 0.3386990713820635, 0.3405969736623644, 0.3433178747528822, 0.34724356259161177, 0.35017805986357003, 0.3542885290445878, 0.3574489712665183, 0.3599804225017735, 0.3635040826110346, 0.3662888255887093, 0.37020941956645875, 0.37325745124077453, 0.3774135704910982, 0.38244834777763986, 0.3868566755195865, 0.39045005502574, 0.3949440370745267, 0.39903077410308907, 0.40408781293749996, 0.40964624688363005, 0.41615722591698123, 0.4222812253151527, 0.42919684848808726, 0.43573068271872, 0.4415399476657794, 0.44736972353251503, 0.45283758786679124, 0.45889821561077154, 0.46499181747796003, 0.47114408007601755, 0.47724402326930443, 0.4830899661386807, 0.48916234508574696, 0.4952013730315215, 0.5014730128199312, 0.5075239858656938, 0.5122901557811123, 0.5153366765647067, 0.5169064669348614, 0.5174433159574926, 0.5168880637722684, 0.5169318650646825, 0.5164517166925383, 0.516414003044353, 0.5159993902601552, 0.515940074453532, 0.5155590045191598, 0.5154937240636157, 0.5151292739410069, 0.5150628753452843, 0.5147067323139903, 0.5146405493251444, 0.5142886118754467, 0.5142228398845259, 0.5138730617086071, 0.5138075875033046, 0.5134589366396028, 0.5133936089692718, 0.5130455595375923, 0.5129802608410238, 0.5126325419055954, 0.5125671955555664, 0.5122196657541247, 0.5121542266522681, 0.5118068110360611, 0.5117412549255602, 0.5113939128772068, 0.5113282282250444, 0.5109809370392719, 0.5109151196810401, 0.510567866102581, 0.5105019159558016, 0.5101546917889719, 0.5100886109236836, 0.5097414107390323, 0.5096752022803911, 0.5093280222077968, 0.5092616897281637, 0.5089145268158537, 0.5088480740070108, 0.5085009258768912, 0.5084343563793537, 0.5080872210383065, 0.5080205383572651, 0.507673414091029, 0.5076066215593058, 0.507259506870415, 0.5071926076364489, 0.506845501205924, 0.5067784982347362, 0.5064313988967826, 0.5063642949773762, 0.5060172017013743, 0.5059499994570555, 0.5056029113337904, 0.5055356132335455, 0.5051885294640244, 0.5051211378339939, 0.5047740577199518, 0.5047065747545161, 0.5043594976901025, 0.5042919254623598, 0.503944850926719, 0.5038771913982607, 0.503530118948834, 0.5034623739788087, 0.5031153032452329, 0.5030474745987129, 0.5027004052772578, 0.5026324946329408, 0.5022854264814088, 0.5022174354387068, 0.5018703682717602, 0.5018022983573095, 0.5014552320421872, 0.5013870847158254, 0.5010400191684093, 0.5009717958286688, 0.5006247310098749, 0.5005564329990208, 0.5002093689114905, 0.5001409975201442, 0.4997939342052061, 0.49972549067659056, 0.4993784282114748, 0.4993099137453059, 0.49896285224059045, 0.49889426799665015, 0.49854720759391824, 0.498176751809171, 0.4979836065844635, 0.49812466061262367, 0.49872198547943647, 0.49979041509282357, 0.5013171761584736, 0.5032777975594319, 0.5056391709432722, 0.5083622291312643, 0.5114042180154189, 0.5147205769342565, 0.5182664589315635, 0.5219979284117183, 0.5258728751867879, 0.5298516832240626, 0.5338976905958357, 0.5379774746759806, 0.5420609937705545, 0.5461216132820285, 0.5501360413237592, 0.5540841955342285, 0.5579490197783724, 0.5617162665330383, 0.5653742580818425, 0.5689136372203856, 0.5723271160101588, 0.5756092292212238, 0.5787560974637019, 0.5817652036135419, 0.5845794430289565], 'max_qdot_ratio': 0.9985538305224448, 'max_tcp_speed': 1.7935558079776281, 'max_racket_face_speed': 2.6419585299986617, 'total_mpc_steps': 241, 'ball_was_hit': False, 'hit_step': -1, 'p_ee_at_hit': None, 'ball_pos_at_hit': None, 'v_ee_at_hit': None, 'active_contact': False, 'passive_contact': False}
2026-09-13 17:17:39,056 [INFO] __main__: 击打后继续仿真 20 步...
