__STEP_TIMING__: n=237 p50=0.31 p95=0.93 p99=1.28 max=1.33 n_over_period=0 period_ms=5.00 deciles=0.27,0.28,0.28,0.29,0.31,0.35,0.41,0.53,0.70,1.33
__STEP_LATENCIES__: 0.33,0.31,0.30,0.29,0.61,0.63,0.63,0.29,0.38,0.32,0.40,0.43,0.93,0.49,0.47,0.36,0.36,0.35,0.34,0.34,0.28,0.28,0.28,0.28,0.28,0.28,0.29,0.28,0.28,0.28,0.28,0.28,0.37,0.43,0.49,0.44,0.35,0.36,0.34,0.53,0.39,0.26,0.26,0.26,0.25,0.25,0.25,0.26,0.25,0.25,0.26,0.26,0.25,0.27,0.25,0.26,0.26,0.25,0.25,0.38,0.29,0.28,0.28,0.29,0.28,0.28,0.29,0.28,0.28,0.29,0.59,0.48,0.46,0.41,0.35,0.34,0.38,0.26,0.26,0.35,0.29,0.28,0.28,0.28,0.28,0.28,0.28,0.28,0.28,0.55,0.48,0.54,0.61,1.04,0.62,0.65,0.66,0.61,0.58,0.90,0.70,0.66,0.65,0.93,0.72,1.33,0.75,0.65,0.81,1.13,0.96,1.08,1.28,1.06,1.31,1.19,1.14,0.58,0.29,0.44,0.31,0.31,0.33,0.31,0.31,0.31,0.46,0.57,0.50,0.50,0.41,0.39,0.42,0.36,0.31,0.31,0.31,0.31,0.31,0.47,0.53,0.48,0.44,0.40,0.39,0.37,0.34,0.31,0.31,0.30,0.31,0.41,0.97,0.82,0.83,0.83,0.81,0.75,0.82,0.35,0.53,0.50,0.48,0.38,0.39,0.39,0.39,0.42,0.33,0.34,0.56,0.59,0.55,0.54,0.42,0.49,0.46,0.32,0.32,0.31,0.30,0.30,0.30,0.30,0.31,0.30,0.30,0.28,0.28,0.29,0.31,0.29,0.28,0.28,0.28,0.30,0.28,0.28,0.29,0.28,0.28,0.28,0.28,0.29,0.28,0.28,0.28,0.28,0.28,0.29,0.28,0.28,0.28,0.28,0.27,0.28,0.28,0.27,0.28,0.27,0.28,0.28,0.28,0.30,0.28,0.28,0.28,0.30,0.29,0.28,0.28,0.28,0.27,0.27,0.28,0.27,0.27

========================================
  RM-65 未命中（无物理接触，规划距离 0.3517m，球拍到达了规划点但球不在该位置）
  [V12 EpisodeRunner 管线架构]
  ablation: full
  击打目标位置: [-0.733 -0.284  0.793]
  末端实际位置: [-0.515 -0.502  0.963]
  规划跟踪误差: 0.3517 m
  速度误差: 1.9093 m/s
  MPC 总步数: 258
  --- Tube 专用指标 ---
  最小球拍-球距离: 0.2717 m
  ball_near 步数: 0 = 0.0 ms
  tube_ready 步数: 0 = 0.0 ms
  击打时间误差: 0.0 ms
  击打位置误差: 0.3517 m
  --- 计算性能 ---
  总墙钟时间: 1.06s (MPC=1.06s)
  --- 执行层约束 ---
  max_qdot=0.99x, max_tcp=1.8m/s, max_face=2.9m/s
  击球类型: 未触球
========================================

__RESULT__: pos_error=0.351660 vel_error=1.909311 min_dist=0.271721 ball_near_ms=0.0 tube_ready_ms=0.0 max_tcp=1.79 max_qdot=0.99 max_face=2.9 hit_type=miss hit_time_error_ms=0.0 hit_pos_error=0.351660 v_racket_at_hit=0.000
2026-09-13 17:17:42,945 [INFO] __main__: [ablation] mode=full
2026-09-13 17:17:42,951 [INFO] __main__: serve-box auto params: horizon=120, iter=10, first_plan_iters=30, total_horizon=250, replan_interval=20, near_plan_iters=5
2026-09-13 17:17:42,970 [INFO] __main__: 关节限位: 仿真默认(default.yaml), TCP=1.8 m/s, terminal_exempt=20
2026-09-13 17:17:42,971 [INFO] __main__: 球拍初始位置: [-0.24136342  0.63027058  1.45576659]
2026-09-13 17:17:42,971 [DEBUG] src.tennis.ball: serve_box bounce (attempt=0): p0_z=1.21, vz0=-3.0, spd=9.0, t1=0.272, t2=0.598, z_err=0.01
2026-09-13 17:17:42,978 [INFO] __main__: 击打步数: 177, 击打位置: [-0.73288478 -0.2836791   0.79326044]
2026-09-13 17:17:42,978 [INFO] __main__: 随挥方向: [-0.11  -0.974  0.197], 随挥步数: 60
2026-09-13 17:17:42,992 [INFO] __main__: 候选窗口已构建: best_k=177, candidates=16
2026-09-13 17:17:42,993 [INFO] src.cpp.solver_cpp: iLQR C++ 加速模块已加载
2026-09-13 17:17:42,993 [INFO] __main__: 开始 V12 EpisodeRunner，总步数=310 (MPC=250, 随挥=60)，击打步数=177
2026-09-13 17:17:42,994 [INFO] src.ilqt.async_replanner: AsyncReplanner: 后台规划线程已启动
2026-09-13 17:17:43,013 [INFO] src.ilqt.async_replanner: AsyncReplanner: 规划环境已创建（独立 MjData）
2026-09-13 17:17:43,017 [INFO] src.ilqt.async_replanner: AsyncReplanner: 规划环境已创建（独立 MjData）
2026-09-13 17:17:43,047 [DEBUG] src.ilqt.tube_cost: [Softmin诊断] 候选权重TOP3: k=177:w=0.066, k=176:w=0.066, k=178:w=0.066
2026-09-13 17:17:43,932 [INFO] src.ilqt.mpc_controller: REPLAN step=0 k_hit=177 iters=30 horizon=120 t=919ms
2026-09-13 17:17:43,933 [INFO] src.ilqt.mpc_controller: MPCController.start 完成: k_hit=177, p_hit=[-0.733 -0.284  0.793], buffer=120
2026-09-13 17:17:43,935 [INFO] src.ilqt.components.predictive_safety: [SAFETY_FILTER] beta=0.4: qdot entering overspeed, joint=0, |qdot|=3.52 > 3.14
2026-09-13 17:17:43,936 [INFO] src.ilqt.components.predictive_safety: [SAFETY_FILTER] beta=0.2: qdot entering overspeed, joint=0, |qdot|=3.51 > 3.14
2026-09-13 17:17:43,937 [INFO] src.ilqt.components.predictive_safety: [SAFETY_FILTER] beta=0.2: qdot entering overspeed, joint=0, |qdot|=3.50 > 3.14
2026-09-13 17:17:43,942 [DEBUG] src.ilqt.replan_core: FAR_JT step=0 k_hit=177 (JT gain=60, skip iLQR)
2026-09-13 17:17:43,942 [INFO] src.ilqt.async_replanner: ASYNC_PLAN done: step=0 k_hit=177 iters=0 horizon=0 t=8ms fast_lin=False ok=True
2026-09-13 17:17:43,949 [DEBUG] src.ilqt.replan_core: FAR_JT step=20 k_hit=157 (JT gain=60, skip iLQR)
2026-09-13 17:17:43,949 [INFO] src.ilqt.async_replanner: ASYNC_PLAN done: step=20 k_hit=157 iters=0 horizon=0 t=7ms fast_lin=False ok=True
2026-09-13 17:17:43,960 [DEBUG] src.ilqt.replan_core: FAR_JT step=60 k_hit=117 (JT gain=60, skip iLQR)
2026-09-13 17:17:43,960 [INFO] src.ilqt.async_replanner: ASYNC_PLAN done: step=60 k_hit=117 iters=0 horizon=0 t=6ms fast_lin=False ok=True
2026-09-13 17:17:43,967 [DEBUG] src.ilqt.replan_core: FAR_JT step=80 k_hit=97 (JT gain=60, skip iLQR)
2026-09-13 17:17:43,967 [INFO] src.ilqt.async_replanner: ASYNC_PLAN done: step=80 k_hit=97 iters=0 horizon=0 t=6ms fast_lin=False ok=True
2026-09-13 17:17:43,976 [INFO] src.ilqt.components.predictive_safety: [SAFETY_FILTER] beta=0.4: qdot entering overspeed, joint=1, |qdot|=3.46 > 3.14
2026-09-13 17:17:43,977 [DEBUG] src.ilqt.replan_core: FAR_JT step=100 k_hit=77 (JT gain=60, skip iLQR)
2026-09-13 17:17:43,977 [INFO] src.ilqt.async_replanner: ASYNC_PLAN done: step=100 k_hit=77 iters=0 horizon=0 t=7ms fast_lin=False ok=True
2026-09-13 17:17:43,978 [INFO] src.ilqt.components.predictive_safety: [SAFETY_FILTER] beta=0.8: tcp speed 1.82 > 1.80 m/s
2026-09-13 17:17:43,979 [INFO] src.ilqt.components.predictive_safety: [SAFETY_FILTER] beta=0.4: tcp speed 1.89 > 1.80 m/s
2026-09-13 17:17:43,980 [INFO] src.ilqt.components.predictive_safety: [SAFETY_FILTER] beta=0.6: tcp speed 1.83 > 1.80 m/s
2026-09-13 17:17:43,981 [INFO] src.ilqt.components.predictive_safety: [SAFETY_FILTER] beta=0.4: qdot entering overspeed, joint=2, |qdot|=4.06 > 3.93
2026-09-13 17:17:43,982 [INFO] src.ilqt.components.predictive_safety: [SAFETY_FILTER] beta=0.2: tcp speed 1.97 > 1.80 m/s
2026-09-13 17:17:43,983 [INFO] src.ilqt.components.predictive_safety: [SAFETY_FILTER] beta=0.4: qdot entering overspeed, joint=2, |qdot|=4.36 > 3.93
2026-09-13 17:17:43,985 [INFO] src.ilqt.components.predictive_safety: [SAFETY_FILTER] beta=0.2: tcp speed 2.10 > 1.80 m/s
2026-09-13 17:17:43,986 [INFO] src.ilqt.components.predictive_safety: [SAFETY_FILTER] beta=0.2: qdot entering overspeed, joint=2, |qdot|=4.75 > 3.93
2026-09-13 17:17:43,987 [INFO] src.ilqt.components.predictive_safety: [SAFETY_FILTER] beta=0.2: qdot entering overspeed, joint=2, |qdot|=4.86 > 3.93
2026-09-13 17:17:43,988 [INFO] src.ilqt.components.predictive_safety: [SAFETY_FILTER] beta=0.2: qdot entering overspeed, joint=2, |qdot|=4.97 > 3.93
2026-09-13 17:17:43,994 [DEBUG] src.ilqt.replan_core: FAR_JT step=120 k_hit=57 (JT gain=60, skip iLQR)
2026-09-13 17:17:43,994 [INFO] src.ilqt.async_replanner: ASYNC_PLAN done: step=120 k_hit=57 iters=0 horizon=0 t=5ms fast_lin=False ok=True
2026-09-13 17:17:43,998 [DEBUG] src.ilqt.replan_core: FAR_JT step=134 k_hit=157 (JT gain=60, skip iLQR)
2026-09-13 17:17:43,999 [INFO] src.ilqt.async_replanner: ASYNC_PLAN done: step=134 k_hit=157 iters=0 horizon=0 t=5ms fast_lin=False ok=True
2026-09-13 17:17:44,005 [DEBUG] src.ilqt.replan_core: FAR_JT step=147 k_hit=157 (JT gain=60, skip iLQR)
2026-09-13 17:17:44,005 [INFO] src.ilqt.async_replanner: ASYNC_PLAN done: step=147 k_hit=157 iters=0 horizon=0 t=6ms fast_lin=False ok=True
2026-09-13 17:17:44,010 [DEBUG] src.ilqt.replan_core: FAR_JT step=158 k_hit=157 (JT gain=60, skip iLQR)
2026-09-13 17:17:44,010 [INFO] src.ilqt.async_replanner: ASYNC_PLAN done: step=158 k_hit=157 iters=0 horizon=0 t=5ms fast_lin=False ok=True
2026-09-13 17:17:44,014 [INFO] src.ilqt.strategies.follow_through: 随挥触发: step=176, steps=60
2026-09-13 17:17:44,015 [DEBUG] src.ilqt.replan_core: FAR_JT step=168 k_hit=157 (JT gain=60, skip iLQR)
2026-09-13 17:17:44,015 [INFO] src.ilqt.async_replanner: ASYNC_PLAN done: step=168 k_hit=157 iters=0 horizon=0 t=5ms fast_lin=False ok=True
2026-09-13 17:17:44,032 [INFO] src.ilqt.async_replanner: AsyncReplanner: 后台规划线程已停止
2026-09-13 17:17:44,032 [INFO] src.ilqt.episode_runner: EpisodeRunner 完成: total_steps=238 safe_steps=238 mpc_done=True
2026-09-13 17:17:44,032 [DEBUG] src.ilqt.episode_runner: EpisodeRunner metrics 详情: {'total_steps': 238, 'safe_steps': 238, 'mpc_done': True, 'X_history': [array([-1.5  ,  1.57 , -0.236,  0.404,  0.446,  2.45 ,  0.   ,  0.   ,
        0.   ,  0.   ,  0.   ,  0.   ]), array([ 0.01623245,  1.37468597, -0.54022718, -0.11715769,  0.96462496,
        2.43948128,  0.71373182, -0.63488952,  0.4615965 ,  1.45959114,
       -0.42805069, -2.10374436]), array([ 0.0232344 ,  1.37536044, -0.53903027, -0.10431964,  0.95396744,
        2.43912345,  1.40039   ,  0.13489531,  0.23938354,  2.5676093 ,
       -2.13150396, -0.07156586]), array([ 0.03245002,  1.37934405, -0.540481  , -0.09332162,  0.94256763,
        2.4491265 ,  1.84312386,  0.7967217 , -0.29014666,  2.19960555,
       -2.27996085,  2.00060945]), array([ 4.48826368e-02,  1.37935234e+00, -5.39120019e-01, -7.55381047e-02,
        9.33396117e-01,  2.44817969e+00,  2.48652301e+00,  1.65722116e-03,
        2.72195973e-01,  3.55670215e+00, -1.83430332e+00, -1.89361019e-01]), array([ 0.05942444,  1.37537537, -0.53459947, -0.05871176,  0.92702564,
        2.43746007,  2.90835984, -0.79539383,  0.90411053,  3.36526898,
       -1.27409614, -2.14392455]), array([ 0.07494141,  1.37271236, -0.5309096 , -0.04031851,  0.91980355,
        2.43106944,  3.10339526, -0.53260218,  0.73797327,  3.67865027,
       -1.44441692, -1.27812628]), array([ 0.09051221,  1.3693446 , -0.52685979, -0.02304871,  0.91286425,
        2.42711296,  3.11416013, -0.67355181,  0.80996153,  3.45396026,
       -1.387861  , -0.79129483]), array([ 0.10612712,  1.36664138, -0.52325143, -0.0055139 ,  0.90547636,
        2.42120271,  3.122982  , -0.54064315,  0.72167281,  3.50696156,
       -1.47757733, -1.18205069]), array([ 0.12099059,  1.3603841 , -0.51760771,  0.00732047,  0.9004881 ,
        2.42630986,  2.97269281, -1.25145698,  1.12874367,  2.56687439,
       -0.99765114,  1.02143109]), array([ 0.13605632,  1.35742927, -0.51386044,  0.0235307 ,  0.89412428,
        2.42047664,  3.01314609, -0.59096599,  0.74945305,  3.24204626,
       -1.27276577, -1.16664585]), array([ 0.15124628,  1.3509007 , -0.50813419,  0.0423613 ,  0.8902896 ,
        2.42491493,  3.03799334, -1.30571345,  1.14525044,  3.76612014,
       -0.76693444,  0.88765808]), array([ 0.16562004,  1.34771969, -0.50433331,  0.05693879,  0.88500934,
        2.41921106,  2.87475035, -0.63620291,  0.76017628,  2.91549671,
       -1.05605211, -1.14077326]), array([ 0.17916989,  1.34095603, -0.4985102 ,  0.06665577,  0.88215956,
        2.42453216,  2.70997039, -1.35273168,  1.16462183,  1.94339577,
       -0.56995742,  1.0642206 ]), array([ 0.19296367,  1.33751418, -0.49457067,  0.08002092,  0.87789116,
        2.41887354,  2.75875563, -0.68837027,  0.78790608,  2.67302997,
       -0.85367982, -1.13172531]), array([ 0.20594635,  1.33050416, -0.48866179,  0.08851035,  0.87602083,
        2.42424247,  2.59653756, -1.402003  ,  1.18177634,  1.69788668,
       -0.3740652 ,  1.07378766]), array([ 0.21920652,  1.326827  , -0.48463235,  0.10077111,  0.87270622,
        2.4186178 ,  2.65203235, -0.73543173,  0.80588822,  2.4521525 ,
       -0.66292248, -1.12493558]), array([ 0.23165259,  1.31957628, -0.47863624,  0.10813295,  0.87178675,
        2.42402106,  2.48921451, -1.45014428,  1.19922198,  1.4723665 ,
       -0.18389407,  1.08065196]), array([ 0.2444205 ,  1.31566363, -0.47450057,  0.1193917 ,  0.86940509,
        2.41841827,  2.55358249, -0.78252969,  0.82713267,  2.25175099,
       -0.47633128, -1.12055649]), array([ 0.25734297,  1.3082504 , -0.46823932,  0.13401858,  0.86951633,
        2.40260368,  2.58449329, -1.48264773,  1.25225023,  2.92537634,
        0.02224708, -3.16291978]), array([ 0.26941583,  1.30411083, -0.46410205,  0.14384357,  0.86825953,
        2.39791586,  2.41457238, -0.82791278,  0.82745545,  1.96499737,
       -0.25136005, -0.93756253]), array([ 0.2807988 ,  1.29644202, -0.4578785 ,  0.14963421,  0.86928606,
        2.38375426,  2.27659404, -1.53376264,  1.24470845,  1.15812746,
        0.20530703, -2.83231977]), array([ 0.29242143,  1.29209551, -0.45366959,  0.15858967,  0.86886096,
        2.37982917,  2.32452546, -0.86930061,  0.84178301,  1.79109213,
       -0.08501969, -0.78501776]), array([ 0.30332015,  1.28421992, -0.44739056,  0.16347872,  0.87074928,
        2.36639905,  2.17974552, -1.57511808,  1.2558065 ,  0.97781146,
        0.3776635 , -2.68602531]), array([ 0.31449309,  1.27967654, -0.44312898,  0.171624  ,  0.8711724 ,
        2.36316655,  2.23458738, -0.90867595,  0.85231553,  1.62905594,
        0.08462409, -0.64650012]), array([ 0.32587854,  1.27166508, -0.43666248,  0.18319396,  0.87390976,
        2.34962472,  2.27708985, -1.60229304,  1.29330016,  2.31399031,
        0.54747184, -2.70836645]), array([ 0.3364664 ,  1.26691798, -0.43236265,  0.1902155 ,  0.87529747,
        2.34708525,  2.11757214, -0.9494204 ,  0.85996518,  1.40430908,
        0.27754209, -0.50789313]), array([ 0.34735001,  1.25872126, -0.42582244,  0.20074127,  0.87887187,
        2.33420726,  2.17672206, -1.63934291,  1.30804317,  2.10515408,
        0.71487984, -2.57559863]), array([ 0.35744478,  1.25379652, -0.42149611,  0.20680483,  0.88111187,
        2.33229373,  2.01895473, -0.98494856,  0.86526439,  1.21271223,
        0.44799906, -0.38270509]), array([ 0.36785851,  1.24542437, -0.4148777 ,  0.21639057,  0.88547652,
        2.32001579,  2.08274544, -1.67442954,  1.32368246,  1.91714788,
        0.87292998, -2.45558919]), array([ 0.37748715,  1.24033099, -0.41051576,  0.22159255,  0.88852806,
        2.31866716,  1.92572857, -1.01867638,  0.87238752,  1.04039594,
        0.61030994, -0.26972466]), array([ 0.38745472,  1.23179361, -0.40381586,  0.23032964,  0.8936422 ,
        2.30693138,  1.99351219, -1.70747637,  1.33998132,  1.74741739,
        1.02282729, -2.34715565]), array([ 0.39662916,  1.22654384, -0.39941832,  0.23474717,  0.89746693,
        2.30609275,  1.83488893, -1.04995347,  0.87950798,  0.88350626,
        0.76494536, -0.16772677]), array([ 0.4052159 ,  1.21775194, -0.39281338,  0.23528262,  0.90331271,
        2.29559773,  1.71734791, -1.75838001,  1.32098763,  0.10708917,
        1.16915575, -2.09900325]), array([ 0.4141164 ,  1.21233688, -0.38826461,  0.23939436,  0.90779552,
        2.29515098,  1.78009939, -1.08301221,  0.90975402,  0.82234926,
        0.89656348, -0.08934998]), array([ 0.42235547,  1.20340412, -0.3815724 ,  0.23956262,  0.91428627,
        2.28502994,  1.64781522, -1.78655257,  1.33844154,  0.03365237,
        1.29814933, -2.02420878]), array([ 0.43092869,  1.19785789, -0.37694842,  0.24334461,  0.9194235 ,
        2.2849428 ,  1.7146428 , -1.10924551,  0.92479728,  0.75639716,
        1.02744679, -0.01742861]), array([ 0.43882823,  1.18879462, -0.37016672,  0.24318898,  0.92653715,
        2.27516002,  1.57990956, -1.8126542 ,  1.35633985, -0.03112658,
        1.42272979, -1.95655605]), array([ 0.44708504,  1.18312748, -0.3654653 ,  0.24668362,  0.93230871,
        2.27539934,  1.65136024, -1.13342726,  0.94028259,  0.69892823,
        1.15431131,  0.04786483]), array([ 0.45465709,  1.17394454, -0.35859196,  0.2462483 ,  0.9400194 ,
        2.26592246,  1.51441172, -1.83658945,  1.37466959, -0.08706305,
        1.54213816, -1.89537604]), array([ 0.46260857,  1.1681671 , -0.35381138,  0.24949544,  0.94640327,
        2.26645837,  1.59029421, -1.15548791,  0.95611533,  0.64942693,
        1.27677421,  0.10718279]), array([ 0.4698659 ,  1.15887545, -0.34684456,  0.24882238,  0.95468393,
        2.25725815,  1.45146712, -1.85832862,  1.39336417, -0.13461072,
        1.65613083, -1.84004484]), array([ 0.47753664,  1.15299746, -0.34197935,  0.25187246,  0.96165604,
        2.25806325,  1.53414783, -1.17559945,  0.97304207,  0.61001483,
        1.39442359,  0.16102097]), array([ 0.48547524,  1.14373244, -0.3347478 ,  0.25829494,  0.97043086,
        2.24842127,  1.5877194 , -1.8530025 ,  1.44630938,  1.28449638,
        1.75496281, -1.92839629]), array([ 0.49266248,  1.13784327, -0.33003324,  0.26073711,  0.97790158,
        2.24954302,  1.43744825, -1.17783544,  0.94291151,  0.48843418,
        1.49414445,  0.2243491 ]), array([ 0.5002114 ,  1.13568253, -0.32784743,  0.26740989,  0.9831756 ,
        2.23987311,  1.50978378, -0.43214785,  0.4371624 ,  1.33455588,
        1.05480349, -1.93398106]), array([ 0.50683188,  1.12982871, -0.32346208,  0.26917211,  0.99033854,
        2.24133568,  1.32409723, -1.17076317,  0.87707036,  0.35244343,
        1.43258805,  0.29251249]), array([ 0.51401896,  1.12725419, -0.32069013,  0.27542203,  0.99647334,
        2.23193657,  1.43741588, -0.51490418,  0.55438911,  1.24998552,
        1.2269595 , -1.87982108]), array([ 0.52030617,  1.12100243, -0.31573721,  0.27681129,  1.00443281,
        2.23364961,  1.25744054, -1.25035277,  0.99058529,  0.27785168,
        1.59189474,  0.34260759]), array([ 0.52714537,  1.11805282, -0.31241058,  0.28268496,  1.01134206,
        2.22449643,  1.36784007, -0.58992028,  0.66532536,  1.17473282,
        1.38185037, -1.83063653]), array([ 0.53311186,  1.1114401 , -0.3069338 ,  0.28374745,  1.02005209,
        2.22643503,  1.19329932, -1.32254545,  1.09535544,  0.21249789,
        1.74200544,  0.38772109]), array([ 0.53961789,  1.10815164, -0.30309509,  0.28928828,  1.02769084,
        2.21750558,  1.30120475, -0.6576919 ,  0.76774241,  1.10816642,
        1.52775073, -1.78589045]), array([ 0.54527544,  1.10121347, -0.29713513,  0.29006671,  1.03710342,
        2.21964749,  1.13151158, -1.38763304,  1.19199288,  0.15568674,
        1.88251559,  0.42838171]), array([ 0.55146293,  1.0976207 , -0.29282342,  0.29531581,  1.04542578,
        2.21092197,  1.23749795, -0.71855385,  0.86234092,  1.04981976,
        1.66447213, -1.74510293]), array([ 0.55682356,  1.09039092, -0.28641755,  0.29585051,  1.05549186,
        2.21324726,  1.07212565, -1.44595581,  1.28117424,  0.10693987,
        2.01321492,  0.46505704]), array([ 0.56270725,  1.08652671, -0.28166864,  0.30084681,  1.06445147,
        2.20470804,  1.17673666, -0.77284304,  0.94978251,  0.99925921,
        1.79192282, -1.70784282]), array([ 0.56778416,  1.07903724, -0.27485041,  0.30117668,  1.07512165,
        2.20719883,  1.01538219, -1.49789285,  1.36364535,  0.06597503,
        2.13403583,  0.49815803]), array([ 0.57339344,  1.07493045, -0.26968948,  0.30597139,  1.08467365,
        2.19882938,  1.1218574 , -0.82135843,  1.03218622,  0.95894151,
        1.91040007, -1.6738916 ]), array([ 0.57921886,  1.06736331, -0.26225026,  0.31319036,  1.09585361,
        2.20088016,  1.16508271, -1.51342873,  1.48784501,  1.44379442,
        2.23599166,  0.41015664]), array([ 0.58447859,  1.06303519, -0.25674006,  0.31751912,  1.1060569 ,
        2.19271222,  1.05194659, -0.86562454,  1.10203917,  0.86575211,
        2.04065898, -1.63358854]), array([ 0.58999932,  1.05516995, -0.24870514,  0.32431576,  1.11792009,
        2.19494397,  1.10414608, -1.57304754,  1.60698319,  1.35932742,
        2.37263674,  0.44635012]), array([ 0.59493484,  1.04355245, -0.23786133,  0.3272111 ,  1.13190006,
        2.18725938,  0.98710359, -2.32349951,  2.16876257,  0.57906742,
        2.79599566, -1.53691848]), array([ 0.59915536,  1.03538998, -0.22960076,  0.32672876,  1.14461006,
        2.19017759,  0.84410456, -1.63249355,  1.65211481, -0.09646731,
        2.54199877,  0.58364324]), array([ 0.60390107,  1.02390343, -0.21884091,  0.32961331,  1.15873109,
        2.18260104,  0.9491412 , -2.29731007,  2.15196917,  0.5769097 ,
        2.8242064 , -1.51530978]), array([ 0.60794707,  1.0159058 , -0.21078195,  0.32917652,  1.17167923,
        2.18562071,  0.80920007, -1.59952653,  1.61179157, -0.08735689,
        2.58962841,  0.6039328 ]), array([ 0.61253246,  1.00458396, -0.20020565,  0.33207956,  1.18593728,
        2.17814856,  0.91707787, -2.2643677 ,  2.11526131,  0.58060684,
        2.85161002, -1.49442841]), array([ 0.61641684,  0.99674805, -0.19232312,  0.3317089 ,  1.19910037,
        2.18126127,  0.77687632, -1.56718197,  1.57650588, -0.07413243,
        2.63261789,  0.62254016]), array([ 0.62085388,  0.98558702, -0.18190628,  0.33464987,  1.2134725 ,
        2.17388541,  0.88740857, -2.23220557,  2.08336702,  0.58819402,
        2.8744266 , -1.47517156]), array([ 0.62458846,  0.97790969, -0.17417459,  0.33436321,  1.2268287 ,
        2.17708359,  0.74691484, -1.53546757,  1.54633929, -0.05733086,
        2.67123938,  0.63963753]), array([ 0.62888891,  0.96690584, -0.16389374,  0.33735978,  1.24129332,
        2.16979672,  0.86009048, -2.20076853,  2.05616925,  0.59931373,
        2.89292278, -1.45737479]), array([ 0.63248519,  0.95938424, -0.15628792,  0.33717317,  1.25482204,
        2.17307364,  0.71925568, -1.50431984,  1.52116352, -0.03732104,
        2.70574399,  0.65538438]), array([ 0.63666052,  0.94853417, -0.14611998,  0.34024128,  1.26935886,
        2.16586918,  0.83506611, -2.17001563,  2.03358841,  0.61362053,
        2.90736546, -1.44089193]), array([ 0.64012963,  0.94116572, -0.13861551,  0.34016898,  1.28304073,
        2.1692188 ,  0.6938219 , -1.47368909,  1.50089302, -0.01445973,
        2.73637263,  0.66992254]), array([ 0.64419093,  0.93046612, -0.12853757,  0.34332288,  1.29763076,
        2.16209083,  0.81226119, -2.13991925,  2.01558848,  0.63077943,
        2.91800762, -1.42559353]), array([ 0.64754352,  0.92324843, -0.12111013,  0.34337741,  1.31144754,
        2.16550772,  0.67051725, -1.44353915,  1.48548771,  0.01090606,
        2.76335575,  0.68337757]), array([ 0.65150148,  0.91269609, -0.11109919,  0.34662978,  1.326073  ,
        2.15845088,  0.79159295, -2.11046723,  2.00218799,  0.65047375,
        2.92509108, -1.41136649]), array([ 0.65474855,  0.90562671, -0.10372389,  0.34682284,  1.34000769,
        2.16193011,  0.64941277, -1.41387571,  1.47505987,  0.03861286,
        2.78693745,  0.69584592]), array([ 0.65863036,  0.89521651, -0.09374921,  0.35020046,  1.35465302,
        2.1549384 ,  0.77636197, -2.08204004,  1.99493784,  0.6755242 ,
        2.92906644, -1.39834233]), array([ 0.66284065,  0.88848568, -0.08616258,  0.35718354,  1.36867035,
        2.15811018,  0.84205916, -1.34616713,  1.51732539,  1.39661598,
        2.80346589,  0.63435473]), array([ 0.66650084,  0.87827724, -0.07647259,  0.36033158,  1.3833748 ,
        2.15122263,  0.73203658, -2.04168774,  1.93799693,  0.62960731,
        2.94089141, -1.37750944]), array([ 0.6705131 ,  0.87169496, -0.06893378,  0.36715151,  1.39752085,
        2.15449824,  0.80245344, -1.31645595,  1.50776376,  1.36398718,
        2.82921011,  0.65512162]), array([ 0.67399813,  0.86162884, -0.05930527,  0.37015137,  1.41223943,
        2.14769284,  0.69700599, -2.01322329,  1.92570106,  0.59997109,
        2.94371547, -1.36107874]), array([ 0.67782562,  0.85519052, -0.05178027,  0.37684533,  1.4264968 ,
        2.15106281,  0.76549791, -1.28766408,  1.50500003,  1.33879141,
        2.85147436,  0.67399284]), array([ 0.68114627,  0.84526696, -0.04219901,  0.37972805,  1.44120491,
        2.14433167,  0.66412881, -1.98471345,  1.9162514 ,  0.57654498,
        2.94162165, -1.34622677]), array([ 0.68478606,  0.83904979, -0.03491537,  0.38630131,  1.45544596,
        2.14780606,  0.72795889, -1.24343289,  1.45672941,  1.31465123,
        2.84820929,  0.6948765 ]), array([ 0.68800306,  0.83638025, -0.03016359,  0.39042055,  1.46888816,
        2.1409974 ,  0.64340018, -0.53390825,  0.95035597,  0.82384946,
        2.68844032, -1.36173081]), array([ 0.69047251,  0.8300182 , -0.02319497,  0.39035882,  1.48254756,
        2.14485957,  0.49389003, -1.27240939,  1.3937223 , -0.01234691,
        2.73188101,  0.77243373]), array([ 0.6935466 ,  0.82704336, -0.01747672,  0.3944114 ,  1.49592786,
        2.15844785,  0.6148168 , -0.59496869,  1.14365091,  0.81051639,
        2.6760598 ,  2.71765541]), array([ 0.69628227,  0.82041352, -0.00938973,  0.39486394,  1.50952199,
        2.16144995,  0.5471352 , -1.32596834,  1.61739892,  0.09050723,
        2.71882474,  0.60042127]), array([ 0.69940953,  0.81727848, -0.00288059,  0.39922496,  1.52296537,
        2.1742618 ,  0.62545236, -0.62700729,  1.30182638,  0.87220523,
        2.68867652,  2.5623687 ]), array([ 0.70323194,  0.81071258,  0.00621686,  0.4064426 ,  1.53654286,
        2.17627069,  0.7644802 , -1.31318005,  1.81949162,  1.44352791,
        2.71549774,  0.40177923]), array([ 0.70625789,  0.8075532 ,  0.01302931,  0.41076211,  1.55006107,
        2.18841811,  0.60519048, -0.63187709,  1.36248832,  0.86390239,
        2.70364215,  2.42948317]), array([ 0.7100321 ,  0.80076036,  0.02314361,  0.4179871 ,  1.56374131,
        2.189745  ,  0.75484242, -1.35856783,  2.02285996,  1.4449963 ,
        2.73604731,  0.26537842]), array([ 0.71296391,  0.79032114,  0.03551097,  0.42104385,  1.57802772,
        2.1809533 ,  0.58636223, -2.08784371,  2.47347355,  0.61135014,
        2.85728316, -1.75833983]), array([ 0.71613013,  0.78370523,  0.04561285,  0.42784073,  1.59207108,
        2.1825564 ,  0.63324402, -1.32318234,  2.02037483,  1.35937674,
        2.80867212,  0.32061931]), array([ 0.71899079,  0.7806488 ,  0.05335814,  0.43234303,  1.60586762,
        2.17393214,  0.57213101, -0.61128442,  1.54905806,  0.90045888,
        2.7593082 , -1.72485116]), array([ 0.72109625,  0.77375343,  0.06361489,  0.43268938,  1.61973203,
        2.17593082,  0.42109294, -1.37907483,  2.05135049,  0.06927009,
        2.7728814 ,  0.39973569]), array([ 0.72379092,  0.76323134,  0.07727502,  0.43586377,  1.63374322,
        2.16751447,  0.53893367, -2.10441763,  2.73202528,  0.63487821,
        2.80223812, -1.68326932]), array([ 0.72563954,  0.75646102,  0.08791744,  0.43632214,  1.6477021 ,
        2.16969663,  0.36972331, -1.35406425,  2.12848495,  0.09167448,
        2.79177481,  0.43643021]), array([ 0.7283635 ,  0.75336017,  0.09702639,  0.44118673,  1.66143446,
        2.18181418,  0.5447932 , -0.62017085,  1.82179011,  0.97291795,
        2.74647352,  2.42351055]), array([ 0.73090925,  0.7464105 ,  0.10887081,  0.44243364,  1.67505713,
        2.18325839,  0.50914927, -1.389933  ,  2.36888372,  0.24938257,
        2.7245334 ,  0.28884306]), array([ 0.7336311 ,  0.73589862,  0.12352944,  0.4460399 ,  1.68866521,
        2.19473981,  0.54437143, -2.1023768 ,  2.93172596,  0.72125218,
        2.72161572,  2.29628363]), array([ 0.73617312,  0.72904721,  0.13604204,  0.4475675 ,  1.70224935,
        2.19556488,  0.50840294, -1.37028069,  2.50251907,  0.30551924,
        2.71682827,  0.16501384]), array([ 0.73931066,  0.72595994,  0.14698997,  0.45330636,  1.7162451 ,
        2.18606286,  0.62750902, -0.61745503,  2.18958675,  1.14777185,
        2.7991492 , -1.90040503]), array([ 0.74248261,  0.71941237,  0.1599437 ,  0.46109741,  1.72996016,
        2.18711681,  0.63438828, -1.30951416,  2.59074497,  1.55821016,
        2.74301252,  0.21079095]), array([ 0.74519147,  0.70883532,  0.17636742,  0.46495705,  1.74370855,
        2.17785137,  0.54177363, -2.1154091 ,  3.28474439,  0.77192769,
        2.74967889, -1.85308879]), array([ 0.74793807,  0.69485157,  0.19503905,  0.47099339,  1.75732117,
        2.17910157,  0.54931884, -2.79675108,  3.73432711,  1.20726836,
        2.722524  ,  0.25004062]), array([ 0.75076146,  0.67982719,  0.21400293,  0.47792371,  1.77048885,
        2.17623515,  0.56467759, -3.00487587,  3.79277542,  1.38606455,
        2.63353603, -0.57328313]), array([ 0.75235   ,  0.66881265,  0.22970091,  0.48196106,  1.78447675,
        2.18376729,  0.31770955, -2.20290783,  3.13959554,  0.80747043,
        2.79757948,  1.50642622]), array([ 0.75499737,  0.66172331,  0.24396103,  0.49058138,  1.79867877,
        2.20111373,  0.52947257, -1.41786677,  2.85202477,  1.72406333,
        2.84040416,  3.46928856]), array([ 0.75773348,  0.65755901,  0.25690415,  0.49758695,  1.81323591,
        2.2095699 ,  0.54722262, -0.8328612 ,  2.58862386,  1.40111387,
        2.91142748,  1.69123394]), array([ 0.7601018 ,  0.65181618,  0.27108217,  0.50283884,  1.82751815,
        2.2135659 ,  0.4736636 , -1.14856546,  2.83560329,  1.05037771,
        2.85644779,  0.79920019]), array([ 0.76183576,  0.64372595,  0.28685801,  0.50550685,  1.84147719,
        2.22346074,  0.34679259, -1.61804701,  3.15516852,  0.53360164,
        2.79180884,  1.97896794]), array([ 0.76411952,  0.634245  ,  0.30397925,  0.50947912,  1.85489964,
        2.22881383,  0.45675093, -1.89619002,  3.42424817,  0.79445564,
        2.68448898,  1.07061882]), array([ 0.76595707,  0.62578787,  0.320071  ,  0.51283624,  1.8683004 ,
        2.23604238,  0.36751149, -1.69142465,  3.21834984,  0.67142245,
        2.68015282,  1.4457089 ]), array([ 0.76868266,  0.61571756,  0.33795845,  0.51536624,  1.88131294,
        2.23874075,  0.54511704, -2.01406179,  3.57749083,  0.5059997 ,
        2.60250714,  0.53967383]), array([ 0.77118907,  0.6066208 ,  0.35519103,  0.51748288,  1.89446079,
        2.24338305,  0.50128234, -1.81935245,  3.44651476,  0.42332878,
        2.62957083,  0.92846127]), array([ 0.77432288,  0.59686913,  0.37303741,  0.51934847,  1.90745632,
        2.24571565,  0.62676166, -1.95033345,  3.56927604,  0.37311859,
        2.5991053 ,  0.46651867]), array([ 0.77807886,  0.58648253,  0.39145374,  0.52094942,  1.92030788,
        2.24583144,  0.7511973 , -2.07732141,  3.68326578,  0.32019019,
        2.5703122 ,  0.02315811]), array([ 0.78245243,  0.57548039,  0.4103979 ,  0.52227336,  1.93302335,
        2.24381924,  0.87471254, -2.20042732,  3.78883196,  0.26478645,
        2.54309437, -0.40243891]), array([ 0.78660426,  0.56988381,  0.42125318,  0.52720454,  1.94415401,
        2.25269408,  0.83036593, -1.11931629,  2.1710577 ,  0.98623678,
        2.22613149,  1.77496829]), array([ 0.79015678,  0.5646461 ,  0.43072951,  0.53207503,  1.95201833,
        2.25780875,  0.71050381, -1.04754255,  1.89526443,  0.97409725,
        1.57286394,  1.02293414]), array([ 0.79315336,  0.5597304 ,  0.43886914,  0.53695556,  1.95712277,
        2.26082725,  0.59931608, -0.98313837,  1.62792735,  0.97610692,
        1.02088906,  0.60369993]), array([ 0.7956348 ,  0.55510473,  0.44573727,  0.54189312,  1.95989143,
        2.26266969,  0.49628966, -0.92513442,  1.37362508,  0.98751198,
        0.55373088,  0.36848703]), array([ 0.79763882,  0.55074115,  0.45141166,  0.54691634,  1.96067978,
        2.26384548,  0.40080375, -0.8727174 ,  1.13487893,  1.00464353,
        0.15767023,  0.23515763]), array([ 0.79920002,  0.54661514,  0.45597613,  0.5520402 ,  1.95978634,
        2.26463723,  0.31223856, -0.82520113,  0.91289277,  1.02477214,
       -0.17868788,  0.15835074]), array([ 0.8003501 ,  0.54270513,  0.45951623,  0.55726981,  1.95746235,
        2.26520225,  0.23001724, -0.78200283,  0.70801965,  1.04592174,
       -0.4647971 ,  0.11300361]), array([ 0.80111819,  0.53899201,  0.46211655,  0.56260329,  1.95391986,
        2.26562854,  0.15361833, -0.74262343,  0.52006403,  1.06669717,
       -0.70849773,  0.08525826]), array([ 0.80153107,  0.53545885,  0.46385896,  0.568034  ,  1.9493384 ,
        2.26596576,  0.08257571, -0.70663156,  0.34848185,  1.08614119,
       -0.91629377,  0.06744302]), array([ 0.80161344,  0.5320906 ,  0.46482153,  0.57355211,  1.94387047,
        2.26624227,  0.01647372, -0.67365094,  0.192515  ,  1.10362183,
       -1.09358497,  0.0553029 ]), array([ 0.80138815,  0.52887384,  0.46507794,  0.57914584,  1.93764617,
        2.26647462, -0.04505909, -0.64335051,  0.05128269,  1.11874601,
       -1.24486004,  0.04647087]), array([ 0.80087637,  0.52579666,  0.46469716,  0.58480231,  1.93077689,
        2.26667274, -0.10235591, -0.61543687, -0.0761561 ,  1.13129403,
       -1.37385675,  0.03962399]), array([ 0.80009778,  0.52284842,  0.46374336,  0.59050816,  1.92335842,
        2.26684283, -0.155717  , -0.58964847, -0.19076018,  1.14117059,
       -1.48369422,  0.03401748]), array([ 0.79907071,  0.52001966,  0.46227598,  0.59625   ,  1.91547351,
        2.26698897, -0.20541416, -0.56575103, -0.29347744,  1.14836809,
       -1.57698185,  0.02922736]), array([ 0.79781224,  0.51730199,  0.46034985,  0.6020147 ,  1.90719396,
        2.26711401, -0.25169437, -0.54353404, -0.38522598,  1.15293959,
       -1.65590911,  0.0250082 ]), array([ 0.79633832,  0.51468795,  0.45801544,  0.60778959,  1.89858237,
        2.26722008, -0.29478285, -0.5228079 , -0.46688203,  1.15497876,
       -1.7223191 ,  0.02121444]), array([ 0.7946639 ,  0.51217094,  0.45531907,  0.61356262,  1.88969352,
        2.26730887, -0.33488559, -0.50340157, -0.53927287,  1.15460529,
       -1.7777692 ,  0.01775683]), array([ 0.79280294,  0.50974514,  0.45230321,  0.61932239,  1.88057562,
        2.26738176, -0.37219138, -0.48516063, -0.60317307,  1.15195426,
       -1.8235807 ,  0.01457816]), array([ 0.79076857,  0.50740541,  0.44900669,  0.62505823,  1.87127122,
        2.26743996, -0.40687362, -0.46794563, -0.65930331,  1.14716859,
       -1.86087963,  0.01163982]), array([ 0.78857311,  0.50514726,  0.44546503,  0.6307602 ,  1.86181807,
        2.26748453, -0.43909182, -0.4516306 , -0.70833078,  1.14039364,
       -1.89063024,  0.00891424]), array([ 0.78622815,  0.50296675,  0.44171068,  0.63641907,  1.85224975,
        2.26751643, -0.46899291, -0.43610181, -0.75087072,  1.13177354,
       -1.91366261,  0.00638058]), array([ 0.78374459,  0.50086047,  0.43777324,  0.64202631,  1.84259628,
        2.26753654, -0.4967124 , -0.42125661, -0.78748881,  1.1214487 ,
       -1.93069516,  0.00402231]), array([ 7.81132709e-01,  4.98825456e-01,  4.33679718e-01,  6.47574085e-01,
        1.83288451e+00,  2.26754567e+00, -5.22375409e-01, -4.07002385e-01,
       -8.18703879e-01,  1.10955421e+00, -1.94235335e+00,  1.82579496e-03]), array([ 7.78402221e-01,  4.96859178e-01,  4.29454763e-01,  6.53055179e-01,
        1.82313859e+00,  2.26754457e+00, -5.46097614e-01, -3.93255655e-01,
       -8.44990954e-01,  1.09621891e+00, -1.94918495e+00, -2.20584298e-04]), array([ 7.75562291e-01,  4.94959472e-01,  4.25120841e-01,  6.58463004e-01,
        1.81338022e+00,  2.26753393e+00, -5.67986061e-01, -3.79941199e-01,
       -8.66784390e-01,  1.08156489e+00, -1.95167262e+00, -2.12694883e-03]), array([ 0.77262159,  0.49312452,  0.42069844,  0.66379154,  1.803629  ,
        2.26751442, -0.58813995, -0.3669913 , -0.88448099,  1.0657073 ,
       -1.95024433, -0.00390227]), array([ 0.76958833,  0.49135279,  0.41620622,  0.66903531,  1.79390259,
        2.26748665, -0.60665132, -0.35434506, -0.89844303,  1.04875445,
       -1.94528188, -0.00555458]), array([ 0.76647031,  0.48964305,  0.41166122,  0.67418935,  1.78421695,
        2.26745119, -0.62360572, -0.34194775, -0.90900121,  1.03080797,
       -1.937128  , -0.00709118]), array([ 0.76327489,  0.4879943 ,  0.40707893,  0.67924917,  1.77458649,
        2.2674086 , -0.63908277, -0.32975025, -0.9164574 ,  1.01196311,
       -1.92609213, -0.00851873]), array([ 0.76000911,  0.48640576,  0.40247349,  0.68421071,  1.76502422,
        2.26735938, -0.65315672, -0.31770855, -0.92108722,  0.99230906,
       -1.91245525, -0.00984335]), array([ 0.75667962,  0.48487684,  0.39785778,  0.68907036,  1.75554185,
        2.26730403, -0.66589693, -0.30578324, -0.92314246,  0.97192937,
       -1.89647387, -0.01107071]), array([ 0.75329278,  0.48340715,  0.39324351,  0.69382487,  1.74614993,
        2.267243  , -0.67736837, -0.29393916, -0.92285329,  0.95090228,
       -1.87838326, -0.0122061 ]), array([ 0.74985462,  0.48199642,  0.38864136,  0.69847138,  1.73685793,
        2.26717673, -0.68763199, -0.28214498, -0.9204303 ,  0.92930111,
       -1.85840024, -0.01325443]), array([ 0.7463709 ,  0.48064456,  0.38406103,  0.70300735,  1.7276743 ,
        2.26710562, -0.69674515, -0.27037289, -0.91606637,  0.90719458,
       -1.83672537, -0.01422035]), array([ 0.74284709,  0.47935156,  0.37951134,  0.70743059,  1.71860658,
        2.26703008, -0.70476191, -0.25859828, -0.90993832,  0.8846472 ,
       -1.81354483, -0.01510825]), array([ 0.73928842,  0.47811757,  0.3750003 ,  0.71173918,  1.70966142,
        2.26695047, -0.71173343, -0.2467995 , -0.90220853,  0.86171955,
       -1.78903199, -0.01592225]), array([ 0.73569988,  0.47694278,  0.37053516,  0.71593153,  1.70084467,
        2.26686714, -0.7177082 , -0.23495763, -0.89302623,  0.83846853,
       -1.76334864, -0.01666631]), array([ 0.73208622,  0.4758275 ,  0.36612252,  0.72000627,  1.69216144,
        2.26678042, -0.72273232, -0.22305624, -0.88252882,  0.81494771,
       -1.73664611, -0.01734418]), array([ 0.72845197,  0.47477209,  0.36176831,  0.7239623 ,  1.68361611,
        2.26669062, -0.72684976, -0.21108123, -0.87084298,  0.79120749,
       -1.70906613, -0.01795946]), array([ 0.72480146,  0.47377699,  0.35747788,  0.72779878,  1.67521241,
        2.26659804, -0.73010253, -0.19902065, -0.85808569,  0.76729536,
       -1.68074157, -0.01851558]), array([ 0.7211388 ,  0.47284267,  0.35325605,  0.73151506,  1.66695342,
        2.26650296, -0.73253094, -0.18686456, -0.84436509,  0.74325608,
       -1.65179708, -0.01901585]), array([ 0.71746793,  0.47196964,  0.34910714,  0.73511072,  1.65884167,
        2.26640565, -0.73417369, -0.1746049 , -0.82978138,  0.71913187,
       -1.62234962, -0.01946344]), array([ 0.71379259,  0.47115846,  0.34503501,  0.73858553,  1.65087913,
        2.26630634, -0.73506809, -0.16223535, -0.81442745,  0.69496258,
       -1.59250891, -0.0198614 ]), array([ 0.71011634,  0.47040971,  0.34104306,  0.74193946,  1.64306724,
        2.26620528, -0.73525016, -0.14975125, -0.79838961,  0.6707858 ,
       -1.5623778 , -0.02021265]), array([ 0.70644257,  0.46972396,  0.33713432,  0.74517265,  1.63540697,
        2.26610268, -0.73475476, -0.13714946, -0.78174813,  0.64663703,
       -1.53205264, -0.02052002]), array([ 0.70277449,  0.46910182,  0.33331143,  0.7482854 ,  1.62789886,
        2.26599875, -0.73361569, -0.12442833, -0.76457775,  0.6225498 ,
       -1.50162352, -0.02078623]), array([ 0.69911516,  0.46854388,  0.32957669,  0.75127817,  1.62054298,
        2.26589368, -0.73186577, -0.11158756, -0.74694818,  0.59855575,
       -1.47117461, -0.02101388]), array([ 0.69546747,  0.46805074,  0.32593207,  0.7541516 ,  1.61333906,
        2.26578765, -0.72953696, -0.09862812, -0.72892447,  0.57468473,
       -1.44078433, -0.02120547]), array([ 0.69183417,  0.46762298,  0.32237923,  0.75690642,  1.60628643,
        2.26568083, -0.72666036, -0.08555223, -0.71056742,  0.55096492,
       -1.41052562, -0.02136342]), array([ 0.68821784,  0.46726116,  0.31891956,  0.75954354,  1.5993841 ,
        2.26557338, -0.72326632, -0.07236322, -0.69193386,  0.52742291,
       -1.3804661 , -0.02149002]), array([ 0.68462092,  0.46696584,  0.31555418,  0.76206396,  1.59263076,
        2.26546544, -0.71938444, -0.05906552, -0.67307698,  0.50408374,
       -1.35066832, -0.02158749]), array([ 0.6810457 ,  0.46673751,  0.31228394,  0.76446881,  1.58602481,
        2.26535715, -0.71504365, -0.04566455, -0.65404659,  0.48097097,
       -1.32118987, -0.02165794]), array([ 0.67749434,  0.46657668,  0.3091095 ,  0.76675934,  1.57956439,
        2.26524864, -0.71027222, -0.03216667, -0.63488933,  0.45810681,
       -1.29208365, -0.02170337]), array([ 0.67396885,  0.46648378,  0.30603125,  0.7689369 ,  1.5732474 ,
        2.26514001, -0.70509777, -0.01857914, -0.61564892,  0.43551208,
       -1.26339797, -0.02172572]), array([ 0.67047111,  0.46645923,  0.30304942,  0.77100294,  1.56707152,
        2.26503138, -0.69954729, -0.00491   , -0.59636632,  0.41320635,
       -1.23517675, -0.02172681]), array([ 0.66700288,  0.46650339,  0.30016402,  0.77295898,  1.56103422,
        2.26492283, -0.69364718,  0.00883192, -0.57707989,  0.39120793,
       -1.20745971, -0.02170838]), array([ 0.66356576,  0.46661658,  0.29737489,  0.77480665,  1.55513281,
        2.26481447, -0.68742322,  0.02263711, -0.5578256 ,  0.36953394,
       -1.18028251, -0.02167206]), array([ 0.660267  ,  0.46682021,  0.2948134 ,  0.77567749,  1.55026251,
        2.26464461, -0.65975264,  0.04072618, -0.51229898,  0.17416874,
       -0.97406061, -0.03397162]), array([ 0.65713014,  0.46710086,  0.29243748,  0.77558368,  1.54617771,
        2.26442917, -0.62737254,  0.05612981, -0.4751839 , -0.01876116,
       -0.8169586 , -0.04308908]), array([ 0.65417175,  0.46744732,  0.29021444,  0.77454982,  1.54269476,
        2.26417998, -0.59167784,  0.06929126, -0.44460667, -0.20677345,
       -0.69659137, -0.04983746]), array([ 0.65140292,  0.46785008,  0.28811865,  0.77260943,  1.53967662,
        2.26390575, -0.55376519,  0.08055224, -0.41915989, -0.38807718,
       -0.60362775, -0.05484627]), array([ 0.64883042,  0.46830101,  0.28612977,  0.7698023 ,  1.53702133,
        2.26361275, -0.51450097,  0.0901866 , -0.39777519, -0.56142533,
       -0.53105703, -0.05860011]), array([ 0.64645755,  0.46879312,  0.2842316 ,  0.76617233,  1.53465318,
        2.2633054 , -0.47457238,  0.09842162, -0.37963302, -0.72599534,
       -0.47362996, -0.06147013]), array([ 0.64428492,  0.46932038,  0.28241111,  0.76176586,  1.53251602,
        2.2629867 , -0.43452605,  0.10545156, -0.36409788, -0.88129273,
       -0.42743252, -0.06373922]), array([ 0.64231094,  0.46987761,  0.28065776,  0.75663049,  1.53056822,
        2.26265859, -0.39479768,  0.11144647, -0.35067149, -1.02707382,
       -0.38956109, -0.06562172]), array([ 0.64053226,  0.4704604 ,  0.27896296,  0.75081407,  1.52877884,
        2.2623222 , -0.35573484,  0.11655797, -0.33895865, -1.16328404,
       -0.3578751 , -0.06727894]), array([ 0.63894419,  0.47106501,  0.27731975,  0.74436403,  1.5271248 ,
        2.26197804, -0.31761461,  0.12092313, -0.32864221, -1.29000895,
       -0.33080865, -0.06883105]), array([ 0.6375409 ,  0.47168835,  0.27572243,  0.73732685,  1.52558866,
        2.26162621, -0.28065732,  0.12466701, -0.31946453, -1.40743564,
       -0.30722738, -0.07036638]), array([ 0.63631572,  0.47232787,  0.27416636,  0.72974774,  1.52415706,
        2.26126647, -0.24503729,  0.12790442, -0.31121394, -1.51582258,
       -0.28631967, -0.07194856]), array([ 0.63526126,  0.47298158,  0.27264779,  0.72167036,  1.52281949,
        2.26089836, -0.21089122,  0.13074108, -0.3037145 , -1.61547624,
       -0.26751418, -0.07362199]), array([ 0.63436964,  0.47364795,  0.2711637 ,  0.71313669,  1.5215674 ,
        2.26052128, -0.17832476,  0.1332744 , -0.29681857, -1.70673308,
       -0.25041725, -0.07541614]), array([ 0.63363255,  0.47432592,  0.26971169,  0.70418696,  1.52039358,
        2.26013454, -0.14741774,  0.13559403, -0.29040111, -1.78994607,
       -0.23476562, -0.07734885]), array([ 0.63304141,  0.47501483,  0.26828991,  0.69485959,  1.51929162,
        2.25973739, -0.11822828,  0.13778216, -0.28435555, -1.86547457,
       -0.22039067, -0.07942888]), array([ 0.63258743,  0.4757144 ,  0.26689696,  0.6851912 ,  1.51825567,
        2.2593291 , -0.09079611,  0.13991379, -0.27859062, -1.93367698,
       -0.20719143, -0.08165792]), array([ 0.6322617 ,  0.47642468,  0.26553182,  0.67521668,  1.51728009,
        2.25890894, -0.0651452 ,  0.14205687, -0.27302797, -1.99490557,
       -0.19511425, -0.08403222]), array([ 0.63205527,  0.47714604,  0.26419382,  0.66496916,  1.51635941,
        2.25847622, -0.04128598,  0.14427239, -0.26760037, -2.04950293,
       -0.18413751, -0.08654377]), array([ 0.63195918,  0.47787912,  0.26288257,  0.65448016,  1.51548811,
        2.25803031, -0.0192171 ,  0.14661454, -0.26225037, -2.09779979,
       -0.17426019, -0.0891814 ]), array([ 6.31964549e-01,  4.78624770e-01,  2.61597919e-01,  6.43779594e-01,
        1.51466064e+00,  2.25757066e+00,  1.07305703e-03,  1.49130711e-01,
       -2.56929180e-01, -2.14011373e+00, -1.65493331e-01, -9.19314874e-02]), array([ 0.63206257,  0.47938408,  0.26033994,  0.63289585,  1.51387137,
        2.25709676,  0.01960506,  0.15186165, -0.25159583, -2.17674861,
       -0.15785367, -0.09477872]), array([ 0.63224461,  0.48015829,  0.25910886,  0.62185588,  1.51311458,
        2.25660823,  0.03640733,  0.15484156, -0.2462165 , -2.20799459,
       -0.151359  , -0.0977066 ]), array([ 0.63250219,  0.48094878,  0.25790504,  0.61068524,  1.51238445,
        2.25610474,  0.05151513,  0.15809821, -0.24076391, -2.23412843,
       -0.14602474, -0.10069788]), array([ 0.63282704,  0.48175704,  0.25672895,  0.59940817,  1.51167514,
        2.25558607,  0.06496968,  0.16165312, -0.23521682, -2.25541407,
       -0.14186154, -0.10373499]), array([ 0.63321112,  0.48258465,  0.25558116,  0.58804765,  1.51098078,
        2.25505206,  0.07681733,  0.16552177, -0.22955961, -2.27210339,
       -0.13887362, -0.10680035]), array([ 0.63364667,  0.48343322,  0.25446225,  0.57662546,  1.51029549,
        2.25450268,  0.08710881,  0.16971376, -0.22378185, -2.28443696,
       -0.13705765, -0.10987664]), array([ 0.63412616,  0.48430439,  0.25337286,  0.56516224,  1.50961348,
        2.25393795,  0.09589854,  0.1742331 , -0.21787789, -2.29264486,
       -0.13640211, -0.11294703]), array([ 0.63464238,  0.48519978,  0.25231362,  0.5536775 ,  1.50892904,
        2.25335797,  0.10324397,  0.17907847, -0.21184652, -2.29694752,
       -0.13688699, -0.11599541]), array([ 0.6351884 ,  0.486121  ,  0.25128517,  0.54218972,  1.50823662,
        2.25276294,  0.10920497,  0.18424352, -0.2056906 , -2.29755641,
       -0.13848375, -0.11900652]), array([ 0.63575762,  0.48706958,  0.25028809,  0.53071635,  1.50753085,
        2.25215311,  0.11384324,  0.18971718, -0.19941669, -2.29467474,
       -0.14115549, -0.12196611]), array([ 0.63634373,  0.488047  ,  0.24932291,  0.51927386,  1.50680656,
        2.2515288 ,  0.1172218 ,  0.19548403, -0.19303473, -2.28849808,
       -0.14485732, -0.12486104]), array([ 0.63694075,  0.48905463,  0.24839013,  0.50787778,  1.50605888,
        2.2508904 ,  0.1194045 ,  0.20152458, -0.18655765, -2.27921489,
       -0.14953677, -0.12767939]), array([ 0.63754303,  0.4900937 ,  0.24749012,  0.49654275,  1.5052832 ,
        2.25023835,  0.1204555 ,  0.2078157 , -0.18000107, -2.26700693,
       -0.15513442, -0.13041049]), array([ 0.63814522,  0.49116536,  0.24662321,  0.4852825 ,  1.50447528,
        2.24957313,  0.1204389 ,  0.214331  , -0.17338294, -2.25204966,
       -0.16158448, -0.13304502]), array([ 0.63874231,  0.49227056,  0.24578959,  0.47410994,  1.5036312 ,
        2.24889525,  0.1194183 ,  0.22104112, -0.16672324, -2.2345125 ,
       -0.16881553, -0.13557494]), array([ 0.6393296 ,  0.49341014,  0.24498937,  0.46303714,  1.50274745,
        2.24820528,  0.11745649,  0.22791419, -0.16004362, -2.2145591 ,
       -0.17675117, -0.1379936 ]), array([ 0.63990267,  0.49458472,  0.24422254,  0.4520754 ,  1.50182089,
        2.24750381,  0.11461509,  0.23491618, -0.15336716, -2.19234745,
       -0.18531085, -0.14029564]), array([ 0.64045744,  0.49579477,  0.24348895,  0.44123525,  1.50084884,
        2.24679142,  0.11095426,  0.24201124, -0.14671801, -2.16803003,
       -0.19441056, -0.14247702]), array([ 0.64099011,  0.49704058,  0.24278834,  0.43052648,  1.49982902,
        2.24606875,  0.10653249,  0.24916208, -0.14012116, -2.14175386,
       -0.20396356, -0.14453495]), array([ 0.64149714,  0.49832223,  0.24212033,  0.41995818,  1.49875962,
        2.24533641,  0.10140634,  0.25633033, -0.13360212, -2.11366055,
       -0.21388115, -0.14646782]), array([ 0.64197529,  0.49963962,  0.2414844 ,  0.40953875,  1.49763925,
        2.24459503,  0.09563027,  0.26347682, -0.12718674, -2.0838863 ,
       -0.22407335, -0.14827519]), array([ 0.64242157,  0.50099243,  0.24087989,  0.39927594,  1.496467  ,
        2.24384524,  0.08925648,  0.27056197, -0.12090091, -2.05256189,
       -0.23444957, -0.14995766]), array([ 0.64283325,  0.50238016,  0.24030604,  0.38917688,  1.49524241,
        2.24308766,  0.0823348 ,  0.27754602, -0.11477038, -2.01981266,
       -0.24491928, -0.15151681]), array([ 0.64320781,  0.50380211,  0.23976194,  0.37924808,  1.49396544,
        2.24232288,  0.07491257,  0.28438935, -0.10882056, -1.98575847,
       -0.25539256, -0.1529551 ]), array([ 0.64354298,  0.50525737,  0.23924656,  0.36949552,  1.49263654,
        2.2415515 ,  0.06703461,  0.29105273, -0.10307632, -1.95051369,
       -0.2657807 , -0.15427583]), array([ 0.6438367 ,  0.50674486,  0.23875875,  0.35992458,  1.49125656,
        2.24077409,  0.05874311,  0.29749758, -0.09756185, -1.91418713,
       -0.27599672, -0.15548299]), array([ 0.64408709,  0.50826329,  0.23829724,  0.35054017,  1.48982678,
        2.23999118,  0.05007768,  0.30368615, -0.0923005 , -1.8768821 ,
       -0.28595578, -0.15658117]), array([ 0.64429246,  0.5098112 ,  0.23786067,  0.34134669,  1.4883489 ,
        2.2392033 ,  0.04107531,  0.30958175, -0.08731463, -1.83869631,
       -0.29557567, -0.15757552]), array([ 0.64445131,  0.51138694,  0.23744754,  0.33234808,  1.48682501,
        2.23841095,  0.03177038,  0.31514894, -0.08262557, -1.79972196,
       -0.30477716, -0.15847161]), array([ 0.64456229,  0.51298871,  0.23705628,  0.32354785,  1.48525759,
        2.23761457,  0.02219475,  0.32035366, -0.07825342, -1.76004569,
       -0.31348429, -0.15927535]), array([ 0.64462418,  0.51461453,  0.23668519,  0.31494911,  1.48364947,
        2.23681461,  0.01237774,  0.3251634 , -0.07421708, -1.71974867,
       -0.32162473, -0.15999293]), array([ 0.64463591,  0.51626226,  0.23633252,  0.30655457,  1.48200382,
        2.23601145,  0.00234623,  0.32954729, -0.07053409, -1.67890664,
       -0.32912997, -0.16063073]), array([ 0.64459653,  0.51792964,  0.23599642,  0.29836662,  1.48032414,
        2.23520548, -0.00787524,  0.33347623, -0.06722064, -1.63758997,
       -0.33593552, -0.16119521]), array([ 0.64450521,  0.51961426,  0.23567496,  0.2903873 ,  1.47861424,
        2.23439701, -0.01826443,  0.33692299, -0.06429151, -1.59586378,
       -0.34198111, -0.1616929 ]), array([ 0.6443612 ,  0.52131357,  0.23536616,  0.28261836,  1.47687818,
        2.23358636, -0.02880129,  0.33986222, -0.06176005, -1.55378801,
       -0.34721081, -0.16213031]), array([ 0.64416386,  0.52302492,  0.23506797,  0.27506128,  1.47512032,
        2.23277379, -0.03946783,  0.34227058, -0.05963816, -1.51141758,
       -0.3515731 , -0.16251385]), array([ 0.64391262,  0.52474556,  0.23477829,  0.26771726,  1.47334521,
        2.23195954, -0.05024807,  0.34412674, -0.05793629, -1.4688025 ,
       -0.35502097, -0.16284981]), array([ 0.64360698,  0.52647261,  0.23449497,  0.26058732,  1.47155765,
        2.23114382, -0.06112788,  0.34541142, -0.05666343, -1.42598806,
       -0.35751192, -0.16314432]), array([ 0.64324651,  0.52820315,  0.23421583,  0.25367225,  1.46976261,
        2.2303268 , -0.07209489,  0.34610738, -0.05582717, -1.38301493,
       -0.35900805, -0.16340327]), array([ 0.64283082,  0.52993415,  0.23393866,  0.24697265,  1.46796523,
        2.22950864, -0.08313837,  0.34619949, -0.05543367, -1.3399194 ,
       -0.35947595, -0.16363232]), array([ 0.64234898,  0.53164952,  0.23358275,  0.24056799,  1.46577746,
        2.22870325, -0.0963673 ,  0.34307442, -0.07118286, -1.28093153,
       -0.43755374, -0.16107755])], 'U_history': [array([ 60.        , -60.        ,  -7.20605046,  10.        ,
       -10.        , -10.        ]), array([ 60.        ,  60.        ,   6.15023952,  10.        ,
       -10.        ,  10.        ]), array([ 60.        ,  60.        ,   2.84223123, -10.        ,
         5.39037344,  10.        ]), array([ 60.        , -60.        ,  -1.09597527,  10.        ,
        -0.88470778, -10.        ]), array([ 60.        , -60.        ,   2.04673082, -10.        ,
         1.19661684, -10.        ]), array([24.        , 24.        ,  3.26033423,  4.        ,  1.52782288,
        4.        ]), array([ 12.        , -12.        ,  -0.8298382 ,  -2.        ,
        -0.23399591,   2.        ]), array([ 7.62403916, 12.        ,  1.69721808,  2.        ,  0.81675353,
       -2.        ]), array([  3.84024578, -60.        ,  -4.32183792, -10.        ,
        -0.77221937,  10.        ]), array([  1.7494267 ,  60.        ,   8.55255749,  10.        ,
         4.51610968, -10.        ]), array([  1.22226664, -60.        ,  -4.4622482 ,  10.        ,
        -0.70321687,  10.        ]), array([  1.81966722,  60.        ,   8.41101291, -10.        ,
         4.57215503, -10.        ]), array([  1.31620968, -60.        ,  -3.96194834, -10.        ,
        -0.55937456,  10.        ]), array([  1.87562198,  60.        ,   8.66463065,  10.        ,
         4.62510835, -10.        ]), array([  1.13271305, -60.        ,  -4.14395086, -10.        ,
        -0.59330854,  10.        ]), array([  2.28934631,  60.        ,   8.70089729,  10.        ,
         4.63912319, -10.        ]), array([  0.67549939, -60.        ,  -4.00638985, -10.        ,
        -0.50375804,  10.        ]), array([  2.94747401,  60.        ,   8.83360047,  10.        ,
         4.67004298, -10.        ]), array([ -0.10989166, -60.        ,  -3.91284763,  10.        ,
        -0.42788365, -10.        ]), array([  0.22367279,  60.        ,   8.52710478, -10.        ,
         5.05822151,  10.        ]), array([  2.01523707, -60.        ,  -3.64341423, -10.        ,
        -0.64495401, -10.        ]), array([ 1.26565013, 60.        ,  8.54916354, 10.        ,  4.89793643,
       10.        ]), array([  1.05807285, -60.        ,  -3.61365689, -10.        ,
        -0.47542068, -10.        ]), array([ 1.75354672, 60.        ,  8.56239796, 10.        ,  4.8866035 ,
       10.        ]), array([  0.16496969, -60.        ,  -3.55737237,  10.        ,
        -0.38600595, -10.        ]), array([  0.48722955,  60.        ,   8.69476119, -10.        ,
         5.15318141,  10.        ]), array([  1.54761941, -60.        ,  -3.45435861,  10.        ,
        -0.52317331, -10.        ]), array([  0.4275453 ,  60.        ,   8.54215929, -10.        ,
         5.15731738,  10.        ]), array([  1.75386515, -60.        ,  -3.17910634,  10.        ,
        -0.47944604, -10.        ]), array([  0.30305539,  60.        ,   8.40951805, -10.        ,
         5.17242999,  10.        ]), array([  1.91812088, -60.        ,  -2.93100356,  10.        ,
        -0.43978748, -10.        ]), array([-2.47510581e-02,  6.00000000e+01,  8.24596754e+00, -1.00000000e+01,
        5.18677567e+00,  1.00000000e+01]), array([  2.71279223, -60.        ,  -2.56186244, -10.        ,
        -0.39124254, -10.        ]), array([ 1.43492821, 60.        ,  8.5358854 , 10.        ,  5.10995649,
       10.        ]), array([  1.23466285, -60.        ,  -2.85444498, -10.        ,
        -0.31982264, -10.        ]), array([ 1.68497215, 60.        ,  8.49478997, 10.        ,  5.09726969,
       10.        ]), array([  0.965343  , -60.        ,  -2.70234548, -10.        ,
        -0.23902652, -10.        ]), array([ 1.98335452, 60.        ,  8.45054511, 10.        ,  5.08087594,
       10.        ]), array([  0.73951933, -60.        ,  -2.55338709, -10.        ,
        -0.1674013 , -10.        ]), array([ 2.25800623, 60.        ,  8.40247361, 10.        ,  5.06614081,
       10.        ]), array([  0.56457325, -60.        ,  -2.40591529, -10.        ,
        -0.10356017, -10.        ]), array([ 2.75557229, 60.        ,  8.37292163, 10.        ,  5.04852376,
       10.        ]), array([ -0.29667732, -60.        ,  -2.54405422,  10.        ,
        -0.12030021, -10.        ]), array([  0.60433898,  60.        ,   7.14504248, -10.        ,
         4.77008399,  10.        ]), array([  2.09444886,  60.        ,   3.03734008,  10.        ,
         1.89598271, -10.        ]), array([ -2.7072393 , -60.        ,  -2.21932521, -10.        ,
         0.21471402,  10.        ]), array([  4.98725383,  60.        ,   9.67588826,  10.        ,
         5.30729935, -10.        ]), array([ -2.20383523, -60.        ,  -2.13419891, -10.        ,
         0.20694989,  10.        ]), array([  4.51550042,  60.        ,   9.66837613,  10.        ,
         5.24566793, -10.        ]), array([ -1.72730391, -60.        ,  -2.08884468, -10.        ,
         0.28538151,  10.        ]), array([  4.0877305 ,  60.        ,   9.65176008,  10.        ,
         5.17224185, -10.        ]), array([ -1.28995769, -60.        ,  -2.04126153, -10.        ,
         0.36770875,  10.        ]), array([  3.71731256,  60.        ,   9.62990268,  10.        ,
         5.08894263, -10.        ]), array([ -0.88858112, -60.        ,  -1.99103488, -10.        ,
         0.45321401,  10.        ]), array([  3.40129456,  60.        ,   9.60321894,  10.        ,
         4.99669835, -10.        ]), array([ -0.50489641, -60.        ,  -1.93445804, -10.        ,
         0.54178591,  10.        ]), array([  3.38611215,  60.        ,   9.61351528,  10.        ,
         4.89915587, -10.        ]), array([ -0.8805454, -60.       ,  -1.9866441,  10.       ,   0.6275713,
        10.       ]), array([  3.11169283,  60.        ,   9.63245419, -10.        ,
         5.00180525, -10.        ]), array([ -0.25066954, -60.        ,  -0.25264395,  10.        ,
         1.16188758,  10.        ]), array([  2.56685622, -60.        ,   3.45984452, -10.        ,
         2.67092078, -10.        ]), array([  0.62366215,  60.        ,   7.50854244, -10.        ,
         4.29912223,  10.        ]), array([  3.06591106, -60.        ,  -0.45415538,  10.        ,
         0.81242671, -10.        ]), array([  0.89712144,  60.        ,   6.75905793, -10.        ,
         4.22292571,  10.        ]), array([  3.25679696, -60.        ,  -0.34466234,  10.        ,
         0.79969502, -10.        ]), array([  0.8670469 ,  60.        ,   6.71357274, -10.        ,
         4.22760922,  10.        ]), array([  3.43378375, -60.        ,  -0.23073384,  10.        ,
         0.78757665, -10.        ]), array([  0.83435777,  60.        ,   6.67369397, -10.        ,
         4.23097075,  10.        ]), array([  3.61235315, -60.        ,  -0.118679  ,  10.        ,
         0.77438349, -10.        ]), array([  0.79752338,  60.        ,   6.63925079, -10.        ,
         4.23307077,  10.        ]), array([ 3.79251011e+00, -6.00000000e+01, -7.29259061e-03,  1.00000000e+01,
        7.60384964e-01, -1.00000000e+01]), array([  0.75492698,  60.        ,   6.61017601, -10.        ,
         4.23385617,  10.        ]), array([  3.97425328, -60.        ,   0.10471137,  10.        ,
         0.74582981, -10.        ]), array([  0.70481123,  60.        ,   6.58648015, -10.        ,
         4.23330523,  10.        ]), array([  4.15843456, -60.        ,   0.21895317,  10.        ,
         0.73100351, -10.        ]), array([  0.65994406,  60.        ,   6.5710393 , -10.        ,
         4.23178194,  10.        ]), array([  4.60974727, -60.        ,   0.37583041,  10.        ,
         0.71862704, -10.        ]), array([-0.13707692, 60.        ,  6.44295191, 10.        ,  4.22278043,
       10.        ]), array([  3.93119825, -60.        ,  -0.89230376, -10.        ,
         0.60231507, -10.        ]), array([ 0.12204322, 60.        ,  7.65530831, 10.        ,  4.38136516,
       10.        ]), array([  4.24983257, -60.        ,  -0.91097774, -10.        ,
         0.53612545, -10.        ]), array([-0.10134299, 60.        ,  7.81942889, 10.        ,  4.42927617,
       10.        ]), array([  4.52311656, -60.        ,  -1.04318515, -10.        ,
         0.43189314, -10.        ]), array([-0.41955505, 60.        ,  6.44841781, 10.        ,  3.96528003,
       10.        ]), array([  4.72668396,  60.        ,   3.92484407, -10.        ,
         2.10282407, -10.        ]), array([  1.33762405, -60.        ,   0.23184246, -10.        ,
         0.73909047,  10.        ]), array([ 3.38473267, 60.        , 11.46219465, 10.        ,  4.81207987,
       10.        ]), array([  6.63919996, -60.        ,   0.2127515 , -10.        ,
         0.461214  , -10.        ]), array([ 0.25432356, 60.        ,  9.78032765, 10.        ,  4.68223237,
       10.        ]), array([  6.07496272, -60.        ,   0.31480961,  10.        ,
         0.46726079, -10.        ]), array([ -0.54114318,  60.        ,   7.21851942, -10.        ,
         4.24618244,  10.        ]), array([  6.66683872, -60.        ,   4.77386687,  10.        ,
         1.47302895, -10.        ]), array([ -1.01991608, -60.        ,   1.95515898, -10.        ,
         2.35189205, -10.        ]), array([-1.54170273, 60.        ,  6.49747138, 10.        ,  3.34710255,
       10.        ]), array([  5.78432068,  60.        ,   5.0092419 , -10.        ,
         2.47547476, -10.        ]), array([  0.86054704, -60.        ,   3.59187712, -10.        ,
         1.97638217,  10.        ]), array([  3.45130212, -60.        ,   7.10879022,  10.        ,
         2.3876192 , -10.        ]), array([ -1.88484574,  60.        ,   3.60773706, -10.        ,
         2.86234527,  10.        ]), array([ 7.60907835, 60.        ,  9.18142017, 10.        ,  2.99818215,
       10.        ]), array([  8.17185557, -60.        ,   4.02098431, -10.        ,
         1.54899881, -10.        ]), array([ -1.21498665, -60.        ,   5.72270603,  10.        ,
         2.57746596,  10.        ]), array([  6.57999729,  60.        ,   6.88049518, -10.        ,
         2.40497289, -10.        ]), array([  2.74046407,  60.        ,   8.3488643 ,  10.        ,
         3.58387886, -10.        ]), array([ -2.07311831, -60.        ,   0.64283245,  10.        ,
         1.40544433,  10.        ]), array([  3.57192591, -60.        ,  10.29276731, -10.        ,
         3.52008979, -10.        ]), array([ -2.5992676 , -60.        ,   4.47131605,  10.        ,
         2.5248488 ,  10.        ]), array([  1.52770881, -24.        ,   1.52327024,   4.        ,
         0.65774831,  -4.        ]), array([ -7.33261432,  60.        ,   3.39905858, -10.        ,
         3.65932335,  10.        ]), array([10.42212333, 60.        , 10.11359985, 10.        ,  2.63743358,
       10.        ]), array([ 8.87913365, 48.        ,  7.46506404, -8.        ,  2.54005712,
       -8.        ]), array([  0.64104868, -24.        ,   5.56501721,  -4.        ,
         2.18482738,  -4.        ]), array([ -1.47030079, -36.        ,   6.40121218,  -6.        ,
         2.69582973,   6.        ]), array([  7.28873056, -24.        ,   6.35468255,   4.        ,
         1.37770689,  -4.        ]), array([-1.88698119, 12.        ,  2.23807696, -2.        ,  1.38989241,
        2.        ]), array([ 16.58317651, -24.        ,   9.59131616,  -4.        ,
         2.24939645,  -4.        ]), array([ 1.01810646, 12.        ,  4.60898744, -2.        ,  2.        ,
        2.        ]), array([ 12., -12.,   6.,  -2.,   2.,  -2.]), array([ 12., -12.,   6.,  -2.,   2.,  -2.]), array([ 12., -12.,   6.,  -2.,   2.,  -2.]), array([ -2.29611489,  60.        , -30.        ,  10.        ,
       -10.        ,  10.        ]), array([-4.05771099,  0.69004224, -6.93976186,  1.21322013, -8.39338499,
       -3.54993658]), array([-3.74329918,  0.5605398 , -6.40728721,  1.22398338, -7.14555332,
       -2.04586828]), array([-3.45877398,  0.4504244 , -5.88159596,  1.20392622, -6.08307603,
       -1.20739986]), array([-3.20107684,  0.35704373, -5.37327855,  1.1621596 , -5.17565966,
       -0.73697406]), array([-2.96723487,  0.27829748, -4.88852175,  1.10573934, -4.39801582,
       -0.47031527]), array([-2.7545281 ,  0.21250986, -4.43065066,  1.03993489, -3.72909308,
       -0.31670149]), array([-2.560532  ,  0.1583297 , -4.00111211,  0.96858385, -3.15139372,
       -0.22600722]), array([-2.38310858,  0.11465234, -3.6001187 ,  0.89442295, -2.65038552,
       -0.17051651]), array([-2.22037887,  0.08055951, -3.22707981,  0.81936261, -2.21400254,
       -0.13488604]), array([-2.07069085,  0.05527367, -2.88089475,  0.74470301, -1.83222508,
       -0.1106058 ]), array([-1.93258894,  0.03812393, -2.56015423,  0.67129941, -1.49672826,
       -0.09294174]), array([-1.80478702,  0.02852072, -2.2632796 ,  0.59968677, -1.20058954,
       -0.07924798]), array([-1.68614565,  0.0259371 , -1.98861913,  0.5301728 , -0.93804595,
       -0.06803497]), array([-1.5756529 ,  0.02989497, -1.73451397,  0.46290684, -0.70429322,
       -0.05845472]), array([-1.47240849,  0.03995483, -1.49934276,  0.39793055, -0.49531981,
       -0.0500164 ]), array([-1.37561055,  0.05570817, -1.28155088,  0.33521497, -0.30776993,
       -0.04242889]), array([-1.28454452,  0.07677176, -1.0796688 ,  0.27468724, -0.1388305 ,
       -0.03551366]), array([-1.19857374,  0.10278326, -0.89232254,  0.21624972,  0.01386195,
       -0.02915632]), array([-1.11713147,  0.13339792, -0.71823854,  0.15979339,  0.1522982 ,
       -0.02327965]), array([-1.03971387,  0.16828595, -0.55624465,  0.10520708,  0.27815972,
       -0.01782848]), array([-0.96587402,  0.20713051, -0.40526829,  0.05238355,  0.39287103,
       -0.01276115]), array([-0.89521649,  0.24962611, -0.26433286,  0.00122339,  0.49764294,
       -0.00804462]), array([-0.82739258,  0.29547734, -0.13255284, -0.04836283,  0.59350837,
       -0.00365159]), array([-7.62096024e-01,  3.44397877e-01, -9.12828521e-03, -9.64534415e-02,
        6.81351885e-01,  4.41168596e-04]), array([-0.69905908,  0.39610973,  0.10666121, -0.14311545,  0.76193429,
        0.0042539 ]), array([-0.63804895,  0.45034266,  0.21546255, -0.18840487,  0.83591294,
        0.00780453]), array([-0.57886456,  0.5068337 ,  0.31785524, -0.23236735,  0.90385864,
        0.01110916]), array([-0.52133352,  0.5653269 ,  0.41435726, -0.27503912,  0.9662697 ,
        0.01418236]), array([-0.46530936,  0.6255731 ,  0.5054307 , -0.31644799,  1.02358358,
        0.01703746]), array([-0.41066894,  0.68732985,  0.59148718, -0.35661442,  1.07618664,
        0.0196867 ]), array([-0.35731011,  0.75036133,  0.6728928 , -0.3955526 ,  1.12442222,
        0.02214143]), array([-0.30514946,  0.81443847,  0.74997286, -0.43327149,  1.16859739,
        0.02441219]), array([-0.25412028,  0.87933894,  0.82301618, -0.46977579,  1.20898853,
        0.02650886]), array([-0.20417065,  0.94484735,  0.89227909, -0.50506688,  1.24584606,
        0.02844071]), array([-0.15526169,  1.01075536,  0.95798907, -0.53914363,  1.27939833,
        0.03021649]), array([-0.10736587,  1.07686187,  1.02034806, -0.57200313,  1.30985481,
        0.0318445 ]), array([-0.06046555,  1.14297322,  1.07953552, -0.60364142,  1.33740883,
        0.03333262]), array([-0.01455157,  1.20890335,  1.13571113, -0.63405401,  1.36223983,
        0.03468837]), array([ 0.03037808,  1.27447401,  1.18901728, -0.66323641,  1.38451515,
        0.03591892]), array([ 0.0743194 ,  1.33951492,  1.23958124, -0.69118458,  1.4043916 ,
        0.03703117]), array([ 0.1172635 ,  1.40386397,  1.28751722, -0.71789529,  1.42201674,
        0.03803171]), array([ 0.15919755,  1.46736732,  1.33292807, -0.74336641,  1.43752986,
        0.03892688]), array([ 0.20010572,  1.52987957,  1.37590688, -0.76759716,  1.45106291,
        0.03972279]), array([ 0.23997   ,  1.59126381,  1.4165384 , -0.79058833,  1.46274111,
        0.0404253 ]), array([ 0.27877087,  1.65139174,  1.45490024, -0.8123424 ,  1.47268359,
        0.04104005]), array([ 0.31648805,  1.7101437 ,  1.49106399, -0.83286367,  1.48100382,
        0.04157246]), array([ 0.35310102,  1.7674087 ,  1.52509614, -0.85215832,  1.48780999,
        0.04202775]), array([ 0.38858954,  1.82308435,  1.55705893, -0.87023445,  1.49320535,
        0.04241094]), array([ 0.42293416,  1.87707691,  1.58701109, -0.88710211,  1.49728839,
        0.04272683]), array([ 0.45611652,  1.92930115,  1.61500841, -0.90277324,  1.50015314,
        0.04298004]), array([ 0.48811978,  1.97968027,  1.64110434, -0.9172617 ,  1.50188928,
        0.04317498]), array([ 0.51892883,  2.02814579,  1.6653504 , -0.93058319,  1.50258228,
        0.04331587]), array([ 0.54853059,  2.07463739,  1.68779661, -0.94275516,  1.50231359,
        0.04340675]), array([ 0.57691413,  2.11910273,  1.70849176, -0.95379678,  1.50116069,
        0.04345145]), array([ 0.60407087,  2.16149726,  1.72748375, -0.96372883,  1.49919721,
        0.04345363]), array([ 0.62999468,  2.20178402,  1.74481974, -0.97257361,  1.49649302,
        0.04341675]), array([ 3.57738539e+00,  5.49838024e+00,  4.47962737e+00, -4.54555116e+00,
        4.07256739e+00,  2.67823336e-15]), array([ 4.08363918e+00,  5.01205509e+00,  3.93506936e+00, -4.59129930e+00,
        3.38053657e+00, -7.34372525e-16]), array([ 4.43792014e+00,  4.58479695e+00,  3.49930943e+00, -4.58625087e+00,
        2.86041860e+00,  2.02764807e-15]), array([ 4.67500551e+00,  4.20461080e+00,  3.14641986e+00, -4.54302797e+00,
        2.47049637e+00,  2.64046000e-15]), array([ 4.82196574e+00,  3.86280363e+00,  2.85711861e+00, -4.47158314e+00,
        2.17905247e+00,  1.02097821e-15]), array([ 4.89979190e+00,  3.55312378e+00,  2.61706265e+00, -4.37972655e+00,
        1.96196988e+00,  4.69134675e-16]), array([ 4.92470737e+00,  3.27108837e+00,  2.41557117e+00, -4.27355127e+00,
        1.80091480e+00,  1.84686946e-15]), array([ 4.90921508e+00,  3.01347342e+00,  2.24467409e+00, -4.15777652e+00,
        1.68195671e+00,  1.82327867e-15]), array([ 4.86292760e+00,  2.77793571e+00,  2.09840503e+00, -4.03602536e+00,
        1.59451864e+00,  2.22745752e-15]), array([ 4.79322150e+00,  2.56273734e+00,  1.97227705e+00, -3.91104914e+00,
        1.53057760e+00,  2.14068932e-15]), array([ 4.70575064e+00,  2.36654794e+00,  1.86289441e+00, -3.78490917e+00,
        1.48405523e+00,  1.23720522e-15]), array([ 4.60484722e+00,  2.18830469e+00,  1.76766554e+00, -3.65912347e+00,
        1.45035315e+00,  8.15570373e-16]), array([ 4.49383378e+00,  2.02711458e+00,  1.68459101e+00, -3.53478525e+00,
        1.42599882e+00,  2.30764696e-15]), array([ 4.37526509e+00,  1.88218711e+00,  1.61210702e+00, -3.41265823e+00,
        1.40837572e+00,  1.15294927e-15]), array([ 4.25111482e+00,  1.75278898e+00,  1.54897009e+00, -3.29325320e+00,
        1.39551777e+00,  2.17679244e-15]), array([ 4.12291889e+00,  1.63821406e+00,  1.49417216e+00, -3.17688919e+00,
        1.38595306e+00,  1.41406560e-15]), array([ 3.99188514e+00,  1.53776439e+00,  1.44687820e+00, -3.06374219e+00,
        1.37858484e+00,  1.91377780e-15]), array([ 3.85897654e+00,  1.45073856e+00,  1.40638049e+00, -2.95388359e+00,
        1.37260129e+00,  1.54716884e-15]), array([ 3.72497397e+00,  1.37642548e+00,  1.37206521e+00, -2.84731045e+00,
        1.36740695e+00,  5.58279662e-16]), array([ 3.59052321e+00,  1.31410161e+00,  1.34338814e+00, -2.74396896e+00,
        1.36257068e+00,  8.52353268e-16]), array([ 3.45616962e+00,  1.26303063e+00,  1.31985702e+00, -2.64377251e+00,
        1.35778626e+00,  1.06822173e-15]), array([ 3.32238352e+00,  1.22246471e+00,  1.30101895e+00, -2.54661538e+00,
        1.35284247e+00, -4.20779555e-17]), array([ 3.18957837e+00,  1.19164687e+00,  1.28645139e+00, -2.45238294e+00,
        1.34760040e+00,  6.53238618e-16]), array([ 3.05812363,  1.169814  ,  1.27575589, -2.36095895,  1.34197619,
        0.        ]), array([ 2.92835345e+00,  1.15620022e+00,  1.26855374e+00, -2.27223075e+00,
        1.33592788e+00,  1.63125893e-15]), array([ 2.80057250e+00,  1.15004055e+00,  1.26448312e+00, -2.18609267e+00,
        1.32944539e+00,  5.07071889e-16]), array([ 2.67505953e+00,  1.15057460e+00,  1.26319728e+00, -2.10244798e+00,
        1.32254275e+00,  5.89772466e-16]), array([ 2.55206947e+00,  1.15705031e+00,  1.26436339e+00, -2.02120994e+00,
        1.31525214e+00,  5.44543520e-16]), array([ 2.43183442e+00,  1.16872753e+00,  1.26766208e+00, -1.94230201e+00,
        1.30761921e+00,  5.78511674e-17]), array([ 2.31456399e+00,  1.18488153e+00,  1.27278715e+00, -1.86565743e+00,
        1.29969945e+00,  1.26754284e-15]), array([ 2.20044527e+00,  1.20480635e+00,  1.27944571e+00, -1.79121845e+00,
        1.29155520e+00,  1.20682189e-15]), array([ 2.08964253e+00,  1.22781782e+00,  1.28735834e+00, -1.71893531e+00,
        1.28325334e+00,  5.70200454e-16]), array([ 1.98229696,  1.2532565 ,  1.29625935, -1.648765  ,  1.27486337,
        0.        ]), array([ 1.87852640e+00,  1.28049021e+00,  1.30589716e+00, -1.58066999e+00,
        1.26645582e+00,  1.27816841e-15]), array([ 1.77842529e+00,  1.30891635e+00,  1.31603452e+00, -1.51461689e+00,
        1.25810099e+00,  6.01877005e-16]), array([ 1.68206471e+00,  1.33796390e+00,  1.32644886e+00, -1.45057526e+00,
        1.24986785e+00, -1.15615843e-16]), array([ 1.58949268e+00,  1.36709509e+00,  1.33693242e+00, -1.38851636e+00,
        1.24182318e+00,  7.75962724e-17]), array([ 1.50073467e+00,  1.39580675e+00,  1.34729245e+00, -1.32841212e+00,
        1.23403081e+00,  2.90340094e-16]), array([ 1.41579425e+00,  1.42363138e+00,  1.35735126e+00, -1.27023416e+00,
        1.22655107e+00,  2.19458333e-16]), array([ 1.33465404e+00,  1.45013785e+00,  1.36694618e+00, -1.21395297e+00,
        1.21944029e+00,  5.28258597e-16]), array([ 1.25727672e+00,  1.47493181e+00,  1.37592946e+00, -1.15953725e+00,
        1.21275044e+00,  1.50681381e-16]), array([ 1.18360627e+00,  1.49765579e+00,  1.38416811e+00, -1.10695334e+00,
        1.20652890e+00,  8.47156089e-16]), array([ 1.11356929e+00,  1.51798906e+00,  1.39154359e+00, -1.05616480e+00,
        1.20081821e+00, -6.65973627e-17]), array([ 1.04707644e+00,  1.53564714e+00,  1.39795150e+00, -1.00713213e+00,
        1.19565607e+00, -1.57814814e-16]), array([ 9.84023914e-01,  1.55038115e+00,  1.40330114e+00, -9.59812602e-01,
        1.19107521e+00,  1.03214858e-16]), array([ 9.24295029e-01,  1.56197688e+00,  1.40751508e+00, -9.14160180e-01,
        1.18710350e+00,  3.79659172e-16]), array([ 8.67761759e-01,  1.57025371e+00,  1.41052856e+00, -8.70125547e-01,
        1.18376399e+00,  3.56273668e-16]), array([ 0.81428632,  1.57506326,  1.41228899, -0.82765622,  1.18107508,
        0.        ]), array([ 7.63722699e-01,  1.57628805e+00,  1.41275527e+00, -7.86696719e-01,
        1.17905065e+00,  1.81816791e-16]), array([ 7.15918206e-01,  1.57383988e+00,  1.41189717e+00, -7.47188811e-01,
        1.17770031e+00,  2.92101407e-16]), array([ 6.70714894e-01,  1.56765823e+00,  1.40969466e+00, -7.09071787e-01,
        1.17702960e+00,  6.24219275e-17]), array([ 6.27950978e-01,  1.55770850e+00,  1.40613722e+00, -6.72282776e-01,
        1.17704024e+00, -1.35241917e-17]), array([ 5.87462157e-01,  1.54398026e+00,  1.40122313e+00, -6.36757091e-01,
        1.17773042e+00,  1.25027462e-16]), array([ 5.49082856e-01,  1.52648547e+00,  1.39495878e+00, -6.02428587e-01,
        1.17909504e+00, -6.30218319e-17]), array([ 5.12647377e-01,  1.50525665e+00,  1.38735798e+00, -5.69230022e-01,
        1.18112599e+00, -7.44041597e-17]), array([ 4.77990974e-01,  1.48034511e+00,  1.37844126e+00, -5.37093421e-01,
        1.18381245e+00, -2.79605560e-16]), array([ 4.44950815e-01,  1.45181918e+00,  1.36823520e+00, -5.05950441e-01,
        1.18714111e+00, -1.79575164e-16]), array([ 4.13366864e-01,  1.41976248e+00,  1.35677181e+00, -4.75732710e-01,
        1.19109649e+00, -1.71587953e-16]), array([ 3.83082664e-01,  1.38427229e+00,  1.34408783e+00, -4.46372158e-01,
        1.19566113e+00, -9.15891376e-18]), array([ 3.53946031e-01,  1.34545787e+00,  1.33022420e+00, -4.17801332e-01,
        1.20081587e+00, -1.02503429e-17]), array([ 3.25809654e-01,  1.30343903e+00,  1.31522543e+00, -3.89953677e-01,
        1.20654005e+00,  6.52025714e-18]), array([0., 0., 0., 0., 0., 0.])], 'ball_pos_history': [array([-1.59866972, -7.92528931,  1.2065423 ]), array([-1.59360369, -7.88057538,  1.19136644]), array([-1.58853766, -7.83586146,  1.17594533]), array([-1.58347162, -7.79114753,  1.16027898]), array([-1.57840559, -7.7464336 ,  1.14436737]), array([-1.57333956, -7.70171967,  1.12821051]), array([-1.56827353, -7.65700575,  1.11180841]), array([-1.56320749, -7.61229182,  1.09516105]), array([-1.55814146, -7.56757789,  1.07826844]), array([-1.55307543, -7.52286396,  1.06113058]), array([-1.5480094 , -7.47815004,  1.04374748]), array([-1.54294336, -7.43343611,  1.02611912]), array([-1.53787733, -7.38872218,  1.00824551]), array([-1.5328113 , -7.34400825,  0.99012665]), array([-1.52774527, -7.29929433,  0.97176255]), array([-1.52267923, -7.2545804 ,  0.95315319]), array([-1.5176132 , -7.20986647,  0.93429858]), array([-1.51254717, -7.16515254,  0.91519873]), array([-1.50748114, -7.12043862,  0.89585362]), array([-1.5024151 , -7.07572469,  0.87626326]), array([-1.49734907, -7.03101076,  0.85642765]), array([-1.49228304, -6.98629683,  0.8363468 ]), array([-1.48721701, -6.94158291,  0.81602069]), array([-1.48215098, -6.89686898,  0.79544933]), array([-1.47708494, -6.85215505,  0.77463272]), array([-1.47201891, -6.80744112,  0.75357087]), array([-1.46695288, -6.7627272 ,  0.73226376]), array([-1.46188685, -6.71801327,  0.7107114 ]), array([-1.45682081, -6.67329934,  0.6889138 ]), array([-1.45175478, -6.62858541,  0.66687094]), array([-1.44668875, -6.58387148,  0.64458283]), array([-1.44162272, -6.53915756,  0.62204947]), array([-1.43655668, -6.49444363,  0.59927087]), array([-1.43149065, -6.4497297 ,  0.57624701]), array([-1.42642462, -6.40501577,  0.5529779 ]), array([-1.42135859, -6.36030185,  0.52946354]), array([-1.41629255, -6.31558792,  0.50570394]), array([-1.41122652, -6.27087399,  0.48169908]), array([-1.40616049, -6.22616006,  0.45744897]), array([-1.40109446, -6.18144614,  0.43295362]), array([-1.39602842, -6.13673221,  0.40821301]), array([-1.39096239, -6.09201828,  0.38322715]), array([-1.38589636, -6.04730435,  0.35799604]), array([-1.38083033, -6.00259043,  0.33251969]), array([-1.37576429, -5.9578765 ,  0.30679808]), array([-1.37069826, -5.91316257,  0.28083122]), array([-1.36563223, -5.86844864,  0.25461911]), array([-1.3605662 , -5.82373472,  0.22816176]), array([-1.35550016, -5.77902079,  0.20145915]), array([-1.35043413, -5.73430686,  0.17451129]), array([-1.3453681 , -5.68959293,  0.14731819]), array([-1.34030207, -5.64487901,  0.11987983]), array([-1.33523604, -5.60016508,  0.09219622]), array([-1.33017   , -5.55545115,  0.06426736]), array([-1.32510397, -5.51073722,  0.03609326]), array([-1.32003794, -5.4660233 ,  0.033     ]), array([-1.31522521, -5.42354507,  0.05406927]), array([-1.31041248, -5.38106683,  0.07489329]), array([-1.30559975, -5.3385886 ,  0.09547205]), array([-1.30078701, -5.29611037,  0.11580557]), array([-1.29597428, -5.25363214,  0.13589384]), array([-1.29116155, -5.21115391,  0.15573686]), array([-1.28634882, -5.16867568,  0.17533463]), array([-1.28153609, -5.12619745,  0.19468714]), array([-1.27672336, -5.08371922,  0.21379441]), array([-1.27191063, -5.04124098,  0.23265643]), array([-1.2670979 , -4.99876275,  0.2512732 ]), array([-1.26228517, -4.95628452,  0.26964472]), array([-1.25747244, -4.91380629,  0.28777098]), array([-1.25265971, -4.87132806,  0.305652  ]), array([-1.24784698, -4.82884983,  0.32328777]), array([-1.24303425, -4.7863716 ,  0.34067829]), array([-1.23822151, -4.74389337,  0.35782356]), array([-1.23340878, -4.70141514,  0.37472357]), array([-1.22859605, -4.6589369 ,  0.39137834]), array([-1.22378332, -4.61645867,  0.40778786]), array([-1.21897059, -4.57398044,  0.42395213]), array([-1.21415786, -4.53150221,  0.43987114]), array([-1.20934513, -4.48902398,  0.45554491]), array([-1.2045324 , -4.44654575,  0.47097343]), array([-1.19971967, -4.40406752,  0.4861567 ]), array([-1.19490694, -4.36158929,  0.50109472]), array([-1.19009421, -4.31911106,  0.51578748]), array([-1.18528148, -4.27663282,  0.530235  ]), array([-1.18046875, -4.23415459,  0.54443727]), array([-1.17565601, -4.19167636,  0.55839429]), array([-1.17084328, -4.14919813,  0.57210606]), array([-1.16603055, -4.1067199 ,  0.58557257]), array([-1.16121782, -4.06424167,  0.59879384]), array([-1.15640509, -4.02176344,  0.61176986]), array([-1.15159236, -3.97928521,  0.62450063]), array([-1.14677963, -3.93680697,  0.63698615]), array([-1.1419669 , -3.89432874,  0.64922641]), array([-1.13715417, -3.85185051,  0.66122143]), array([-1.13234144, -3.80937228,  0.6729712 ]), array([-1.12752871, -3.76689405,  0.68447572]), array([-1.12271598, -3.72441582,  0.69573499]), array([-1.11790324, -3.68193759,  0.706749  ]), array([-1.11309051, -3.63945936,  0.71751777]), array([-1.10827778, -3.59698113,  0.72804129]), array([-1.10346505, -3.55450289,  0.73831956]), array([-1.09865232, -3.51202466,  0.74835258]), array([-1.09383959, -3.46954643,  0.75814034]), array([-1.08902686, -3.4270682 ,  0.76768286]), array([-1.08421413, -3.38458997,  0.77698013]), array([-1.0794014 , -3.34211174,  0.78603215]), array([-1.07458867, -3.29963351,  0.79483892]), array([-1.06977594, -3.25715528,  0.80340043]), array([-1.06496321, -3.21467705,  0.8117167 ]), array([-1.06015048, -3.17219881,  0.81978772]), array([-1.05533774, -3.12972058,  0.82761349]), array([-1.05052501, -3.08724235,  0.83519401]), array([-1.04571228, -3.04476412,  0.84252927]), array([-1.04089955, -3.00228589,  0.84961929]), array([-1.03608682, -2.95980766,  0.85646406]), array([-1.03127409, -2.91732943,  0.86306358]), array([-1.02646136, -2.8748512 ,  0.86941784]), array([-1.02164863, -2.83237296,  0.87552686]), array([-1.0168359 , -2.78989473,  0.88139063]), array([-1.01202317, -2.7474165 ,  0.88700915]), array([-1.00721044, -2.70493827,  0.89238242]), array([-1.00239771, -2.66246004,  0.89751043]), array([-0.99758498, -2.61998181,  0.9023932 ]), array([-0.99277224, -2.57750358,  0.90703072]), array([-0.98795951, -2.53502535,  0.91142299]), array([-0.98314678, -2.49254712,  0.91557001]), array([-0.97833405, -2.45006888,  0.91947177]), array([-0.97352132, -2.40759065,  0.92312829]), array([-0.96870859, -2.36511242,  0.92653956]), array([-0.96389586, -2.32263419,  0.92970558]), array([-0.95908313, -2.28015596,  0.93262635]), array([-0.9542704 , -2.23767773,  0.93530186]), array([-0.94945767, -2.1951995 ,  0.93773213]), array([-0.94464494, -2.15272127,  0.93991715]), array([-0.93983221, -2.11024304,  0.94185692]), array([-0.93501947, -2.0677648 ,  0.94355144]), array([-0.93020674, -2.02528657,  0.9450007 ]), array([-0.92539401, -1.98280834,  0.94620472]), array([-0.92058128, -1.94033011,  0.94716349]), array([-0.91576855, -1.89785188,  0.94787701]), array([-0.91095582, -1.85537365,  0.94834528]), array([-0.90614309, -1.81289542,  0.94856829]), array([-0.90133036, -1.77041719,  0.94854606]), array([-0.89651763, -1.72793895,  0.94827858]), array([-0.8917049 , -1.68546072,  0.94776585]), array([-0.88689217, -1.64298249,  0.94700787]), array([-0.88207944, -1.60050426,  0.94600463]), array([-0.87726671, -1.55802603,  0.94475615]), array([-0.87245397, -1.5155478 ,  0.94326242]), array([-0.86764124, -1.47306957,  0.94152344]), array([-0.86282851, -1.43059134,  0.9395392 ]), array([-0.85801578, -1.38811311,  0.93730972]), array([-0.85320305, -1.34563487,  0.93483499]), array([-0.84839032, -1.30315664,  0.93211501]), array([-0.84357759, -1.26067841,  0.92914978]), array([-0.83876486, -1.21820018,  0.92593929]), array([-0.83395213, -1.17572195,  0.92248356]), array([-0.8291394 , -1.13324372,  0.91878258]), array([-0.82432667, -1.09076549,  0.91483635]), array([-0.81951394, -1.04828726,  0.91064487]), array([-0.8147012 , -1.00580902,  0.90620813]), array([-0.80988847, -0.96333079,  0.90152615]), array([-0.80507574, -0.92085256,  0.89659892]), array([-0.80026301, -0.87837433,  0.89142644]), array([-0.79545028, -0.8358961 ,  0.88600871]), array([-0.79063755, -0.79341787,  0.88034572]), array([-0.78582482, -0.75093964,  0.87443749]), array([-0.78101209, -0.70846141,  0.86828401]), array([-0.77619936, -0.66598318,  0.86188528]), array([-0.77138663, -0.62350494,  0.8552413 ]), array([-0.7665739 , -0.58102671,  0.84835206]), array([-0.76176117, -0.53854848,  0.84121758]), array([-0.75694844, -0.49607025,  0.83383785]), array([-0.7521357 , -0.45359202,  0.82621287]), array([-0.74732297, -0.41111379,  0.81834264]), array([-0.74251024, -0.36863556,  0.81022715]), array([-0.73769751, -0.32615733,  0.80186642]), array([-0.73288478, -0.2836791 ,  0.79326044]), array([-0.72807205, -0.24120086,  0.78440921]), array([-0.72325932, -0.19872263,  0.77531273]), array([-0.71844659, -0.1562444 ,  0.76597099]), array([-0.71363386, -0.11376617,  0.75638401]), array([-0.70882113, -0.07128794,  0.74655178]), array([-0.7040084 , -0.02880971,  0.7364743 ]), array([-0.69919567,  0.01366852,  0.72615157]), array([-0.69438294,  0.05614675,  0.71558358]), array([-0.6895702 ,  0.09862499,  0.70477035]), array([-0.68475747,  0.14110322,  0.69371187]), array([-0.67994474,  0.18358145,  0.68240814]), array([-0.67513201,  0.22605968,  0.67085915]), array([-0.67031928,  0.26853791,  0.65906492]), array([-0.66550655,  0.31101614,  0.64702544]), array([-0.66069382,  0.35349437,  0.63474071]), array([-0.65588109,  0.3959726 ,  0.62221073]), array([-0.65106836,  0.43845083,  0.60943549]), array([-0.64625563,  0.48092907,  0.59641501]), array([-0.6414429 ,  0.5234073 ,  0.58314928]), array([-0.63663017,  0.56588553,  0.5696383 ]), array([-0.63181743,  0.60836376,  0.55588207]), array([-0.6270047 ,  0.65084199,  0.54188058]), array([-0.62219197,  0.69332022,  0.52763385]), array([-0.61737924,  0.73579845,  0.51314187]), array([-0.61256651,  0.77827668,  0.49840464]), array([-0.60775378,  0.82075491,  0.48342216]), array([-0.60294105,  0.86323315,  0.46819442]), array([-0.59812832,  0.90571138,  0.45272144]), array([-0.59331559,  0.94818961,  0.43700321]), array([-0.58850286,  0.99066784,  0.42103973]), array([-0.58369013,  1.03314607,  0.404831  ]), array([-0.5788774 ,  1.0756243 ,  0.38837701]), array([-0.57406467,  1.11810253,  0.37167778]), array([-0.56925193,  1.16058076,  0.3547333 ]), array([-0.5644392 ,  1.203059  ,  0.33754357]), array([-0.55962647,  1.24553723,  0.32010859]), array([-0.55481374,  1.28801546,  0.30242835]), array([-0.55000101,  1.33049369,  0.28450287]), array([-0.54518828,  1.37297192,  0.26633214]), array([-0.54037555,  1.41545015,  0.24791616]), array([-0.53556282,  1.45792838,  0.22925493]), array([-0.53075009,  1.50040661,  0.21034844]), array([-0.52593736,  1.54288484,  0.19119671]), array([-0.52112463,  1.58536308,  0.17179973]), array([-0.5163119 ,  1.62784131,  0.1521575 ]), array([-0.51149917,  1.67031954,  0.13227002]), array([-0.50668643,  1.71279777,  0.11213728]), array([-0.5018737,  1.755276 ,  0.0917593]), array([-0.49706097,  1.79775423,  0.07113607]), array([-0.49224824,  1.84023246,  0.05026759]), array([-0.48743551,  1.88271069,  0.033     ]), array([-0.48286342,  1.92306501,  0.04859005]), array([-0.47829132,  1.96341933,  0.06393485]), array([-0.47371923,  2.00377365,  0.0790344 ]), array([-0.46914713,  2.04412797,  0.0938887 ]), array([-0.46457504,  2.08448229,  0.10849775]), array([-0.46000295,  2.12483661,  0.12286154]), array([-0.45543085,  2.16519093,  0.13698009]), array([-0.45085876,  2.20554525,  0.15085339]), array([-0.44628666,  2.24589957,  0.16448144]), array([-0.44171457,  2.28625389,  0.17786424])], 'distances_history': [7.706833656805993, 7.660949119795249, 7.614376538223852, 7.565289891492108, 7.515827672486668, 7.464366163759671, 7.412555399207414, 7.360342622577291, 7.308120197719202, 7.255158864143979, 7.20290353912215, 7.151552427160226, 7.099327443006112, 7.046499572729423, 6.994405417585054, 6.94175061364009, 6.889829321956077, 6.837393429815273, 6.7856830517842655, 6.735228402359228, 6.6837980693547925, 6.63209222288917, 6.580952991474477, 6.5295930902618, 6.478794818707476, 6.429319975416449, 6.37890651943221, 6.329806035509619, 6.279783203265705, 6.231091212802648, 6.181494129227957, 6.1332462467650375, 6.08411487250079, 6.034851513784661, 5.986210513973979, 5.937497454576719, 5.889410051742168, 5.841281264297977, 5.793781473295251, 5.7462701735891955, 5.699393069644325, 5.652533606857609, 5.606310389862146, 5.561614731185559, 5.516096163514159, 5.471309144499618, 5.426472177088158, 5.382432154592164, 5.33836119703819, 5.295116076015785, 5.251864906863657, 5.209468555116491, 5.167093178828997, 5.1256015363916605, 5.08415994087019, 5.039550959896751, 4.993092205714581, 4.9472708786120885, 4.902693144839659, 4.857291269785278, 4.813152131014578, 4.768993632415633, 4.723860914191975, 4.680089570689353, 4.635330803870586, 4.591927683313949, 4.547532758607246, 4.504486648998366, 4.4604460089159, 4.417745889655606, 4.374050237582873, 4.33168533340286, 4.288325677173333, 4.24628550820499, 4.203253211353988, 4.161527642547007, 4.118814297736531, 4.077389962343157, 4.036526263492181, 3.995364380915621, 3.954793107184401, 3.9138881749960155, 3.8736033462811097, 3.8329454677723196, 3.792896688242883, 3.7517795802247553, 3.710248176489849, 3.6694311162673947, 3.6281820407346723, 3.5876999542940884, 3.5483450949387203, 3.508130874187651, 3.4691165439160145, 3.429824785215004, 3.3912417486855655, 3.351682290312009, 3.3117106927119324, 3.2730251791869516, 3.2334546261728954, 3.194578919299291, 3.155183906251085, 3.117029435381252, 3.077994449774473, 3.039887568237555, 3.0028127877980015, 2.965412414424507, 2.9291480702937007, 2.893187637844415, 2.856600293892749, 2.820789049933377, 2.784364699669117, 2.7478117180051296, 2.7110546074739488, 2.6746564011519776, 2.63816440685715, 2.601401103037508, 2.56463218574091, 2.5277413905630417, 2.490738007590442, 2.4536324325758057, 2.4157402523074434, 2.3769328779352423, 2.337343509890132, 2.2970895214756695, 2.2562740084773045, 2.214987428800517, 2.1733091583177404, 2.1313088970194167, 2.089047908429918, 2.046580097115425, 2.0039529383395993, 1.9612082771156916, 1.9183830142023888, 1.8755096955432033, 1.8326170200397849, 1.7897302787799878, 1.7468717371155233, 1.704060969399542, 1.6613151547926757, 1.6186493413378795, 1.576076684485721, 1.5336086654116234, 1.4912552937925172, 1.4490252991909878, 1.4069263148219946, 1.364965057246466, 1.3231475054488284, 1.2814790828195446, 1.2399648457949173, 1.1986096833308386, 1.1574185320442159, 1.1163966128024447, 1.0755496958584478, 1.034884403429973, 0.9944085610662298, 0.9541316124551785, 0.9140651168132337, 0.8742233541045082, 0.8346240716760572, 0.7952894173363043, 0.7562471196604621, 0.7175319980637356, 0.6791879152315818, 0.641270325837788, 0.6038496317597012, 0.5670156289107172, 0.5308834261398041, 0.49560132703290605, 0.46136126575086706, 0.42841240526352015, 0.39707826279424774, 0.36777684190774534, 0.3410410218480736, 0.3175319085513054, 0.29803056213180956, 0.28338626988372, 0.2744024236273975, 0.2717208313320459, 0.27567414417586505, 0.2861635146793488, 0.30269416957064105, 0.3245236470392726, 0.35083203728911927, 0.3808451080279864, 0.41389455764228744, 0.4494321906541972, 0.4870201136407488, 0.5263123625950291, 0.5670359176979863, 0.6089742540172345, 0.6519541644848719, 0.6958356027449042, 0.7405039965360214, 0.785864472699173, 0.8318375216078566, 0.8783557320424968, 0.925361318857238, 0.9728042383006934, 1.0206407405950646, 1.0688322496805864, 1.1173444893513411, 1.1661467962437577, 1.2152115755224773, 1.2645138662872215, 1.3140309918889257, 1.3637422763443425, 1.4136288124807312, 1.4636732707566344, 1.5138597401976943, 1.5641735947773237, 1.6146013800182644, 1.6651307157063673, 1.7157502114748744, 1.766449392696402, 1.8172186346550956, 1.868049103395906, 1.918932701986165, 1.9698620211950872, 2.020830293813494, 2.0718313520097262, 2.122859587256735, 2.173909912476204, 2.224977726133535, 2.276058878086689, 2.327149637045713, 2.3782466595409693, 2.429346960329002, 2.4804478841874933, 2.5301382541716495, 2.5659031140319675, 2.6019760854315708, 2.6383342568780463, 2.6749560251548443, 2.7118210207444253, 2.7489100353642146, 2.7862049520053107, 2.8236886777605132, 2.8613450796406155], 'normal_align_history': [0.5758759400250056, 0.5714577091425148, 0.577949027340434, 0.591920532942313, 0.6011483620912742, 0.6024449788210761, 0.6080233035934403, 0.6148655184131959, 0.620252558512688, 0.6315283003996254, 0.6361308585731319, 0.6498995834333763, 0.65359830897233, 0.6627810739790256, 0.6657523202982889, 0.674065866874192, 0.676372772545529, 0.6838917635359383, 0.6856032321031699, 0.6818273308135805, 0.6834285478466641, 0.6759899347679756, 0.6776646196774041, 0.6702170350191182, 0.6719633412993747, 0.6681629915929245, 0.6698397838033844, 0.6659846216668369, 0.667637958817226, 0.6637535222493826, 0.6654082066790121, 0.6615188829357737, 0.6631938019888198, 0.6557187004821377, 0.6576225194947279, 0.6503181935763317, 0.6524272281224333, 0.6453208937128435, 0.6476541958703637, 0.6407736081228983, 0.6433491335019343, 0.6367207087310256, 0.6395617347966339, 0.6367250681149623, 0.6395795122966939, 0.6368715461054192, 0.639508713109852, 0.6370688690405832, 0.6399755496397606, 0.6378142344867037, 0.6410021642475545, 0.6391301928141568, 0.6426073981580216, 0.6410325189175249, 0.6448038152653998, 0.6435306380975162, 0.6475981353382768, 0.646636592886698, 0.654068505016157, 0.6532786943371361, 0.6608620767070975, 0.6599119607098024, 0.6648587760972424, 0.6641222714793052, 0.6692824626907874, 0.6687290599482879, 0.674094783634948, 0.6737150529254359, 0.6792771960352662, 0.6790606686374769, 0.6848089760578164, 0.684744260181652, 0.6906674320419308, 0.6907423229269849, 0.696828110512417, 0.6970297340060516, 0.7032655679215384, 0.7035894016022319, 0.7119426351891264, 0.7121344462820919, 0.7203363263524901, 0.7204619287400864, 0.7285140323560034, 0.7285678267585274, 0.7363728998864159, 0.7372527928721111, 0.7432456213153183, 0.7568517838756906, 0.7626105911244431, 0.7755826821144134, 0.782216408086178, 0.7943307888054228, 0.8004784477552581, 0.7996344704338725, 0.8055618626313648, 0.805674439681725, 0.8106554027923513, 0.8100242508727705, 0.8151027178545884, 0.8266640588869746, 0.8315849937451476, 0.841528196653496, 0.8460668005201288, 0.8460483905723484, 0.8507665142085487, 0.8496934775177514, 0.8534463474691932, 0.8545925563455486, 0.8608197059651748, 0.8722546290529822, 0.879345892505138, 0.8838411237663525, 0.8905910490319148, 0.8949686031789001, 0.8997730949303536, 0.9028114698448497, 0.9064625468369503, 0.9091697665509793, 0.9110265469341958, 0.9121134644220719, 0.9163398794587592, 0.9187184095367038, 0.9200289814529717, 0.9206905490909078, 0.9209322220771637, 0.9208807391425793, 0.9206066894016116, 0.920149536072015, 0.9195314192079487, 0.918764886739366, 0.9178572818211459, 0.9168132596005436, 0.9156362411329636, 0.9143292535174498, 0.912895409462671, 0.9113381712836321, 0.9096614838386916, 0.9078698266627503, 0.9059682158651198, 0.9039621748457577, 0.9018576860092534, 0.8996611314539658, 0.8973792279762419, 0.8950189600261526, 0.8925875131178039, 0.8900922094209159, 0.8875404467137143, 0.8849396414828816, 0.8822971766660019, 0.8796203543148665, 0.8769163532938808, 0.8741921920031076, 0.8714546960206968, 0.868710470488004, 0.8659658770075916, 0.8632270147860441, 0.8604997057271968, 0.8577894831648756, 0.855101583915797, 0.8524409433314576, 0.8498121930314397, 0.8472196610085995, 0.8446673738081687, 0.8421590604971906, 0.8396981581571953, 0.8372878186510837, 0.8349309164342802, 0.8326300571999002, 0.8303875871675555, 0.8282056028451984, 0.8260859611127174, 0.8240302894947052, 0.8220399965076292, 0.82011628198349, 0.8182601472877444, 0.8164724053637942, 0.8147536905496011, 0.8131274950139153, 0.8116160938005633, 0.8102335152695401, 0.8089868125397289, 0.8078772247026477, 0.8069012530447597, 0.806051647960272, 0.8053182961178844, 0.8046890005621354, 0.8041501520385015, 0.8036872950324501, 0.8032855958132163, 0.8029302220604224, 0.8026066446669076, 0.8023008723920979, 0.8019996295064215, 0.8016904856774234, 0.8013619462930551, 0.8010035103268868, 0.8006057018053692, 0.8001600799845612, 0.7996592325039256, 0.7990967550626226, 0.7984672205538843, 0.797766140084854, 0.796989917889594, 0.7961358017981583, 0.7952018306418878, 0.7941867797427365, 0.7930901054426371, 0.7919118894693171, 0.7906527838008726, 0.7893139565774627, 0.7878970395106133, 0.7864040771555925, 0.784837478337912, 0.7831999699593675, 0.7814945533510036, 0.7797244632889779, 0.777893129743857, 0.7760041423938767, 0.774061217897704, 0.7720681698919251, 0.7700288816524712, 0.7679472813372538, 0.7658273197090145, 0.7636729502225967, 0.7614881113491716, 0.7592767110010868, 0.7570426129147741, 0.7547896248451141, 0.7525214884227434, 0.7502418705255796, 0.7479543560172393, 0.7456624417077344, 0.7433695313956973, 0.7410789318562242, 0.7387938496440335, 0.736517388587928, 0.7342525478593229, 0.7320022205047647], 'ball_near_history': [False, False, False, False, False, False, False, False, False, False, False, False, False, False, False, False, False, False, False, False, False, False, False, False, False, False, False, False, False, False, False, False, False, False, False, False, False, False, False, False, False, False, False, False, False, False, False, False, False, False, False, False, False, False, False, False, False, False, False, False, False, False, False, False, False, False, False, False, False, False, False, False, False, False, False, False, False, False, False, False, False, False, False, False, False, False, False, False, False, False, False, False, False, False, False, False, False, False, False, False, False, False, False, False, False, False, False, False, False, False, False, False, False, False, False, False, False, False, False, False, False, False, False, False, False, False, False, False, False, False, False, False, False, False, False, False, False, False, False, False, False, False, False, False, False, False, False, False, False, False, False, False, False, False, False, False, False, False, False, False, False, False, False, False, False, False, False, False, False, False, False, False, False, False, False, False, False, False, False, False, False, False, False, False, False, False, False, False, False, False, False, False, False, False, False, False, False, False, False, False, False, False, False, False, False, False, False, False, False, False, False, False, False, False, False, False, False, False, False, False, False, False, False, False, False, False, False, False, False, False, False, False, False, False, False, False, False, False], 'tube_ready_history': [False, False, False, False, False, False, False, False, False, False, False, False, False, False, False, False, False, False, False, False, False, False, False, False, False, False, False, False, False, False, False, False, False, False, False, False, False, False, False, False, False, False, False, False, False, False, False, False, False, False, False, False, False, False, False, False, False, False, False, False, False, False, False, False, False, False, False, False, False, False, False, False, False, False, False, False, False, False, False, False, False, False, False, False, False, False, False, False, False, False, False, False, False, False, False, False, False, False, False, False, False, False, False, False, False, False, False, False, False, False, False, False, False, False, False, False, False, False, False, False, False, False, False, False, False, False, False, False, False, False, False, False, False, False, False, False, False, False, False, False, False, False, False, False, False, False, False, False, False, False, False, False, False, False, False, False, False, False, False, False, False, False, False, False, False, False, False, False, False, False, False, False, False, False, False, False, False, False, False, False, False, False, False, False, False, False, False, False, False, False, False, False, False, False, False, False, False, False, False, False, False, False, False, False, False, False, False, False, False, False, False, False, False, False, False, False, False, False, False, False, False, False, False, False, False, False, False, False, False, False, False, False, False, False, False, False, False, False], 'pos_error_history': [0.008768385287392743, 0.008019229348129252, 0.007420200657962731, 0.009929415219064465, 0.015554939581812512, 0.021987025257380704, 0.02931703461665215, 0.03676151040998491, 0.04553410264246004, 0.05306777262476351, 0.06044506444139266, 0.0679586489808171, 0.07659072559215536, 0.08398808578908716, 0.09246494772759244, 0.09972362865724159, 0.10801359866550546, 0.11510500398629413, 0.12160407130214787, 0.12845649727672026, 0.13609028210632035, 0.14274340354671364, 0.1501280328407487, 0.15654959386734388, 0.16231605587610343, 0.16845782346815916, 0.17397114437440767, 0.17986339472896556, 0.18511526897618846, 0.1907493565481957, 0.19573167176922282, 0.20109691345943426, 0.20718514733603888, 0.2122989594387836, 0.21810349905995308, 0.22294093489223504, 0.22846195460242866, 0.2330234724175287, 0.2382652747888814, 0.2425535230545162, 0.2475224642602912, 0.25154777465257755, 0.25477498346298527, 0.25853193647678635, 0.2613183774876937, 0.2649440515523982, 0.26742498482811794, 0.27076436330515735, 0.27295785046684856, 0.27602556976093556, 0.2779474091664021, 0.2807599717542955, 0.2824279656507135, 0.28500380817755255, 0.2864375835873739, 0.2887971756078946, 0.29002347857097993, 0.2905682574578109, 0.291614949342677, 0.2919643471854845, 0.29306089638577765, 0.2948587335999361, 0.2958573493705877, 0.2975771549886297, 0.2985082430277112, 0.3001662725261006, 0.30104696144269405, 0.3026594012469533, 0.3035070215893697, 0.30509035362000236, 0.3059223470447311, 0.3074932687147709, 0.30832709919441403, 0.3099024396434194, 0.3107555177374986, 0.31235246007544454, 0.3132476255880834, 0.313110649849816, 0.3140887596221775, 0.31403323041959263, 0.3151178066153184, 0.31516502094554, 0.31637211304280977, 0.31653523233103326, 0.31745585478993965, 0.319516482000785, 0.3206108135904893, 0.32288237469447656, 0.32415515881111445, 0.32485421699093053, 0.3263432177234346, 0.32731497389437947, 0.3294045153652765, 0.33051249228673774, 0.3324776570304149, 0.3355531982595812, 0.33809634849238557, 0.34133693394567566, 0.34379733899100573, 0.34743863386509594, 0.3504507227011818, 0.35434233475444255, 0.35754618019292095, 0.36006200157895846, 0.36382861483613144, 0.3669788070946969, 0.3698955684287494, 0.37359664688694333, 0.37677319545556, 0.38085377380304053, 0.3854308478258861, 0.3905989090568332, 0.3956262949295813, 0.4007718843322979, 0.4065028835014707, 0.41242680989134883, 0.4186382812852207, 0.42511135403691536, 0.4318221940439035, 0.43621269870795765, 0.43931613685383164, 0.44126819962415753, 0.4421970468527651, 0.4422207345617568, 0.4414464414581127, 0.4399706756944856, 0.4378799786957255, 0.4352518447267217, 0.4321556969351842, 0.42865383377128896, 0.42480230286559406, 0.42065168437738765, 0.41624777977802846, 0.4116322094696364, 0.4068429262696731, 0.4019146532478291, 0.39687925465524215, 0.39176604831047823, 0.3866020671348989, 0.3814122767516948, 0.37621975528248186, 0.3710458407473342, 0.36591025082343476, 0.36083117915239604, 0.3558253719052118, 0.3509081879100787, 0.34609364531233044, 0.3413944574564841, 0.3368220604464032, 0.3323866346392077, 0.3280971221506669, 0.32396124228390094, 0.319985506629861, 0.31617523541932013, 0.31253457652570693, 0.309066528322036, 0.30577296738161314, 0.302654681781875, 0.2997114105268066, 0.2969418893512495, 0.2943439029171917, 0.29191434316624404, 0.28964927336281976, 0.2875439971577209, 0.28559313182956514, 0.28379068472784047, 0.2821301318503023, 0.28060449744057137, 0.2792064334882867, 0.2779282980510419, 0.2767622313895581, 0.27570022900884894, 0.27473421082122207, 0.2738560857843863, 0.27305781151229874, 0.2723314485010766, 0.2717208313320459, 0.2711755674944189, 0.2706616355345498, 0.27015727173639453, 0.2696500751300416, 0.26913487478933323, 0.26861209441317446, 0.26808645744449877, 0.2675659371123237, 0.26706089051044735, 0.26658333594698663, 0.2661463449006963, 0.2657635276170334, 0.2654485966149413, 0.2652149961807025, 0.26507558882709764, 0.26504239196120605, 0.2651263597657295, 0.2653372066264868, 0.26568326937711806, 0.266171406219748, 0.26680693046048665, 0.26759357722221705, 0.2685335011232465, 0.26962730260334694, 0.2708740802040829, 0.2722715057299326, 0.27381591888423085, 0.2755024377311226, 0.27732508120899624, 0.27927689992502586, 0.2813501115932735, 0.28353623772758835, 0.2858262385440896, 0.2882106434401214, 0.29067967486932994, 0.2932233638992155, 0.29583165619462126, 0.2984945075991874, 0.30120196887300044, 0.3039442594797477, 0.3067118305964541, 0.30949541774299966, 0.3122860835996162, 0.3150752517030899, 0.31785473179225043, 0.32061673761696036, 0.3233538980386783, 0.32605926224092935, 0.3287262998402504, 0.33134889664731837, 0.33392134677815527, 0.3364383417600141, 0.33889495721848717, 0.3412866376737411, 0.3436091799161693, 0.3458587153763304, 0.34803169185166577, 0.3501248549036339, 0.3521352291939026, 0.35406009998721194, 0.35585492637307176], 'max_qdot_ratio': 0.9940760439274824, 'max_tcp_speed': 1.7939743672889488, 'max_racket_face_speed': 2.9200657667880776, 'total_mpc_steps': 238, 'ball_was_hit': False, 'hit_step': -1, 'p_ee_at_hit': None, 'ball_pos_at_hit': None, 'v_ee_at_hit': None, 'active_contact': False, 'passive_contact': False}
2026-09-13 17:17:44,056 [INFO] __main__: 击打后继续仿真 20 步...
