__STEP_TIMING__: n=253 p50=0.33 p95=0.57 p99=0.66 max=0.69 n_over_period=0 period_ms=5.00 deciles=0.28,0.29,0.29,0.31,0.33,0.38,0.40,0.46,0.52,0.69

========================================
  RM-65 未命中（无物理接触，规划距离 0.3006m，球拍到达了规划点但球不在该位置）
  [V12 EpisodeRunner 管线架构]
  ablation: full
  击打目标位置: [-0.647 -0.151  0.735]
  末端实际位置: [-0.527 -0.392  0.868]
  规划跟踪误差: 0.3006 m
  速度误差: 1.8838 m/s
  MPC 总步数: 274
  --- Tube 专用指标 ---
  最小球拍-球距离: 0.2276 m
  ball_near 步数: 0 = 0.0 ms
  tube_ready 步数: 0 = 0.0 ms
  击打时间误差: 0.0 ms
  击打位置误差: 0.3006 m
  --- 计算性能 ---
  总墙钟时间: 1.09s (MPC=1.09s)
  --- 执行层约束 ---
  max_qdot=1.00x, max_tcp=1.8m/s, max_face=2.4m/s
  击球类型: 未触球
========================================

__RESULT__: pos_error=0.300623 vel_error=1.883780 min_dist=0.227596 ball_near_ms=0.0 tube_ready_ms=0.0 max_tcp=1.79 max_qdot=1.00 max_face=2.4 hit_type=miss hit_time_error_ms=0.0 hit_pos_error=0.300623 v_racket_at_hit=0.000
2026-09-13 00:12:19,006 [INFO] __main__: [ablation] mode=full
2026-09-13 00:12:19,012 [INFO] __main__: serve-box auto params: horizon=120, iter=10, first_plan_iters=30, total_horizon=250, replan_interval=20, near_plan_iters=5
2026-09-13 00:12:19,030 [INFO] __main__: 关节限位: 仿真默认(default.yaml), TCP=1.8 m/s, terminal_exempt=20
2026-09-13 00:12:19,031 [INFO] __main__: 球拍初始位置: [-0.24136342  0.63027058  1.45576659]
2026-09-13 00:12:19,031 [DEBUG] src.tennis.ball: serve_box bounce (attempt=0): p0_z=1.36, vz0=-2.5, spd=9.0, t1=0.325, t2=0.600, z_err=0.16
2026-09-13 00:12:19,037 [INFO] __main__: 击打步数: 193, 击打位置: [-0.64725504 -0.15086669  0.73521827]
2026-09-13 00:12:19,038 [INFO] __main__: 随挥方向: [-0.339 -0.912  0.23 ], 随挥步数: 60
2026-09-13 00:12:19,049 [INFO] __main__: 候选窗口已构建: best_k=193, candidates=11
2026-09-13 00:12:19,050 [INFO] src.cpp.solver_cpp: iLQR C++ 加速模块已加载
2026-09-13 00:12:19,050 [INFO] __main__: 开始 V12 EpisodeRunner，总步数=310 (MPC=250, 随挥=60)，击打步数=193
2026-09-13 00:12:19,050 [INFO] src.ilqt.async_replanner: AsyncReplanner: 后台规划线程已启动
2026-09-13 00:12:19,071 [INFO] src.ilqt.async_replanner: AsyncReplanner: 规划环境已创建（独立 MjData）
2026-09-13 00:12:19,075 [INFO] src.ilqt.async_replanner: AsyncReplanner: 规划环境已创建（独立 MjData）
2026-09-13 00:12:19,099 [DEBUG] src.ilqt.tube_cost: [Softmin诊断] 候选权重TOP3: k=193:w=0.086, k=192:w=0.085, k=194:w=0.085
2026-09-13 00:12:20,022 [INFO] src.ilqt.mpc_controller: REPLAN step=0 k_hit=193 iters=30 horizon=120 t=951ms
2026-09-13 00:12:20,023 [INFO] src.ilqt.mpc_controller: MPCController.start 完成: k_hit=193, p_hit=[-0.647 -0.151  0.735], buffer=120
2026-09-13 00:12:20,026 [INFO] src.ilqt.components.predictive_safety: [SAFETY_FILTER] beta=0.2: qdot entering overspeed, joint=0, |qdot|=3.71 > 3.14
2026-09-13 00:12:20,026 [INFO] src.ilqt.components.predictive_safety: [SAFETY_FILTER] beta=0.2: qdot entering overspeed, joint=0, |qdot|=3.37 > 3.14
2026-09-13 00:12:20,027 [INFO] src.ilqt.components.predictive_safety: [SAFETY_FILTER] beta=0.8: qdot entering overspeed, joint=0, |qdot|=3.16 > 3.14
2026-09-13 00:12:20,031 [DEBUG] src.ilqt.replan_core: FAR_JT step=0 k_hit=193 (JT gain=60, skip iLQR)
2026-09-13 00:12:20,032 [INFO] src.ilqt.async_replanner: ASYNC_PLAN done: step=0 k_hit=193 iters=0 horizon=0 t=8ms fast_lin=False ok=True
2026-09-13 00:12:20,032 [INFO] src.ilqt.components.predictive_safety: [SAFETY_FILTER] beta=0.8: qdot entering overspeed, joint=5, |qdot|=4.03 > 3.93
2026-09-13 00:12:20,039 [DEBUG] src.ilqt.replan_core: FAR_JT step=20 k_hit=173 (JT gain=60, skip iLQR)
2026-09-13 00:12:20,039 [INFO] src.ilqt.async_replanner: ASYNC_PLAN done: step=20 k_hit=173 iters=0 horizon=0 t=7ms fast_lin=False ok=True
2026-09-13 00:12:20,045 [DEBUG] src.ilqt.replan_core: FAR_JT step=40 k_hit=153 (JT gain=60, skip iLQR)
2026-09-13 00:12:20,045 [INFO] src.ilqt.async_replanner: ASYNC_PLAN done: step=40 k_hit=153 iters=0 horizon=0 t=7ms fast_lin=False ok=True
2026-09-13 00:12:20,052 [DEBUG] src.ilqt.replan_core: FAR_JT step=60 k_hit=132 (JT gain=60, skip iLQR)
2026-09-13 00:12:20,052 [INFO] src.ilqt.async_replanner: ASYNC_PLAN done: step=60 k_hit=132 iters=0 horizon=0 t=7ms fast_lin=False ok=True
2026-09-13 00:12:20,059 [DEBUG] src.ilqt.replan_core: FAR_JT step=80 k_hit=112 (JT gain=60, skip iLQR)
2026-09-13 00:12:20,059 [INFO] src.ilqt.async_replanner: ASYNC_PLAN done: step=80 k_hit=112 iters=0 horizon=0 t=6ms fast_lin=False ok=True
2026-09-13 00:12:20,062 [INFO] src.ilqt.components.predictive_safety: [SAFETY_FILTER] beta=0.8: qdot entering overspeed, joint=5, |qdot|=4.18 > 3.93
2026-09-13 00:12:20,065 [INFO] src.ilqt.components.predictive_safety: [SAFETY_FILTER] beta=0.6: tcp speed 1.88 > 1.80 m/s
2026-09-13 00:12:20,065 [DEBUG] src.ilqt.replan_core: FAR_JT step=100 k_hit=93 (JT gain=60, skip iLQR)
2026-09-13 00:12:20,065 [INFO] src.ilqt.async_replanner: ASYNC_PLAN done: step=100 k_hit=93 iters=0 horizon=0 t=6ms fast_lin=False ok=True
2026-09-13 00:12:20,066 [INFO] src.ilqt.components.predictive_safety: [SAFETY_FILTER] beta=0.2: qdot entering overspeed, joint=2, |qdot|=4.08 > 3.93
2026-09-13 00:12:20,066 [INFO] src.ilqt.components.predictive_safety: [SAFETY_FILTER] beta=0.2: qdot entering overspeed, joint=2, |qdot|=4.20 > 3.93
2026-09-13 00:12:20,067 [INFO] src.ilqt.components.predictive_safety: [SAFETY_FILTER] beta=0.2: qdot entering overspeed, joint=2, |qdot|=4.44 > 3.93
2026-09-13 00:12:20,068 [INFO] src.ilqt.components.predictive_safety: [SAFETY_FILTER] beta=0.2: qdot entering overspeed, joint=1, |qdot|=3.17 > 3.14
2026-09-13 00:12:20,068 [INFO] src.ilqt.components.predictive_safety: [SAFETY_FILTER] beta=0.2: qdot entering overspeed, joint=1, |qdot|=3.28 > 3.14
2026-09-13 00:12:20,074 [DEBUG] src.ilqt.replan_core: FAR_JT step=120 k_hit=73 (JT gain=60, skip iLQR)
2026-09-13 00:12:20,074 [INFO] src.ilqt.async_replanner: ASYNC_PLAN done: step=120 k_hit=73 iters=0 horizon=0 t=5ms fast_lin=False ok=True
2026-09-13 00:12:20,080 [DEBUG] src.ilqt.replan_core: FAR_JT step=134 k_hit=59 (JT gain=60, skip iLQR)
2026-09-13 00:12:20,080 [INFO] src.ilqt.async_replanner: ASYNC_PLAN done: step=134 k_hit=59 iters=0 horizon=0 t=5ms fast_lin=False ok=True
2026-09-13 00:12:20,085 [DEBUG] src.ilqt.replan_core: FAR_JT step=148 k_hit=173 (JT gain=60, skip iLQR)
2026-09-13 00:12:20,085 [INFO] src.ilqt.async_replanner: ASYNC_PLAN done: step=148 k_hit=173 iters=0 horizon=0 t=5ms fast_lin=False ok=True
2026-09-13 00:12:20,089 [DEBUG] src.ilqt.replan_core: FAR_JT step=160 k_hit=173 (JT gain=60, skip iLQR)
2026-09-13 00:12:20,089 [INFO] src.ilqt.async_replanner: ASYNC_PLAN done: step=160 k_hit=173 iters=0 horizon=0 t=4ms fast_lin=False ok=True
2026-09-13 00:12:20,093 [DEBUG] src.ilqt.replan_core: FAR_JT step=171 k_hit=173 (JT gain=60, skip iLQR)
2026-09-13 00:12:20,094 [INFO] src.ilqt.async_replanner: ASYNC_PLAN done: step=171 k_hit=173 iters=0 horizon=0 t=4ms fast_lin=False ok=True
2026-09-13 00:12:20,098 [DEBUG] src.ilqt.replan_core: FAR_JT step=182 k_hit=173 (JT gain=60, skip iLQR)
2026-09-13 00:12:20,098 [INFO] src.ilqt.async_replanner: ASYNC_PLAN done: step=182 k_hit=173 iters=0 horizon=0 t=4ms fast_lin=False ok=True
2026-09-13 00:12:20,098 [INFO] src.ilqt.strategies.follow_through: 随挥触发: step=192, steps=60
2026-09-13 00:12:20,102 [DEBUG] src.ilqt.replan_core: FAR_JT step=191 k_hit=173 (JT gain=60, skip iLQR)
2026-09-13 00:12:20,102 [INFO] src.ilqt.async_replanner: ASYNC_PLAN done: step=191 k_hit=173 iters=0 horizon=0 t=4ms fast_lin=False ok=True
2026-09-13 00:12:20,118 [INFO] src.ilqt.async_replanner: AsyncReplanner: 后台规划线程已停止
2026-09-13 00:12:20,118 [INFO] src.ilqt.episode_runner: EpisodeRunner 完成: total_steps=254 safe_steps=254 mpc_done=True
2026-09-13 00:12:20,118 [DEBUG] src.ilqt.episode_runner: EpisodeRunner metrics 详情: {'total_steps': 254, 'safe_steps': 254, 'mpc_done': True, 'X_history': [array([-1.5  ,  1.57 , -0.236,  0.404,  0.446,  2.45 ,  0.   ,  0.   ,
        0.   ,  0.   ,  0.   ,  0.   ]), array([-0.13125814,  1.25080218, -0.53351553, -0.06783881,  0.94945035,
        2.43931581,  0.74688071,  0.88142582, -0.619209  ,  1.35868185,
       -1.47932716, -2.13683864]), array([-0.12395197,  1.25167417, -0.53325048, -0.05482264,  0.93977872,
        2.43906698,  1.4612333 ,  0.1743971 ,  0.0530105 ,  2.60323328,
       -1.93432555, -0.0497652 ]), array([-0.11425716,  1.24835294, -0.52970353, -0.04316877,  0.93359936,
        2.44946561,  1.93896304, -0.66424563,  0.7093903 ,  2.33077398,
       -1.23587186,  2.07972559]), array([-0.10218353,  1.24848765, -0.52845431, -0.03256628,  0.92588756,
        2.44940211,  2.41472479,  0.02694272,  0.24984466,  2.12049859,
       -1.54235977, -0.01270063]), array([-0.08677839,  1.25230767, -0.52996389, -0.01563314,  0.91542487,
        2.43861873,  3.08102769,  0.76400345, -0.30191602,  3.38662822,
       -2.09253942, -2.15667549]), array([-7.10891759e-02,  1.25670905e+00, -5.31868064e-01,  1.67219667e-03,
        9.04348657e-01,  2.43025395e+00,  3.13784378e+00,  8.80274723e-01,
       -3.80835541e-01,  3.46106661e+00, -2.21524217e+00, -1.67295653e+00]), array([-0.05553243,  1.26162074, -0.53400422,  0.01766204,  0.89275988,
        2.42435526,  3.11134964,  0.98233798, -0.42723144,  3.19796828,
       -2.31775589, -1.17973684]), array([-0.03988441,  1.26909913, -0.53762429,  0.03617994,  0.87961909,
        2.41013639,  3.1296038 ,  1.49567955, -0.72401419,  3.70357976,
       -2.62815691, -2.84377505]), array([-0.0252303 ,  1.27256237, -0.53848092,  0.04968153,  0.86933678,
        2.4072807 ,  2.93082102,  0.69264702, -0.17132472,  2.7003178 ,
       -2.05646332, -0.57113691]), array([-0.01139926,  1.27895088, -0.54050311,  0.05914232,  0.85773717,
        2.3945407 ,  2.76620802,  1.27770213, -0.40443792,  1.89215961,
       -2.3199205 , -2.54800019]), array([ 2.56200290e-03,  1.28131574e+00, -5.39773620e-01,  7.14140775e-02,
        8.49051053e-01,  2.39232697e+00,  2.79225329e+00,  4.72971313e-01,
        1.45897036e-01,  2.45435072e+00, -1.73722419e+00, -4.42745123e-01]), array([ 0.01569128,  1.28665946, -0.54035988,  0.0796812 ,  0.83901983,
        2.38019826,  2.62585501,  1.06874482, -0.11725255,  1.65342487,
       -2.0062452 , -2.42574313]), array([ 0.02896569,  1.288014  , -0.53826834,  0.09077612,  0.83193712,
        2.37856513,  2.65488262,  0.27090719,  0.41830825,  2.21898414,
       -1.41654191, -0.32662642]), array([ 0.04237989,  1.29239104, -0.53750494,  0.1055129 ,  0.82352293,
        2.36619405,  2.68283975,  0.87540973,  0.15267973,  2.94735459,
       -1.68283656, -2.47421518]), array([ 0.05490333,  1.29278739, -0.53418366,  0.11515726,  0.81811158,
        2.36514718,  2.50468813,  0.07926963,  0.66425694,  1.92887287,
       -1.08227135, -0.20937367]), array([ 0.06760593,  1.29625222, -0.5322379 ,  0.12858779,  0.81127462,
        2.3533181 ,  2.54051935,  0.69296642,  0.38915087,  2.68610613,
       -1.36739202, -2.36581629]), array([ 0.07945899,  1.29575868, -0.52780073,  0.13692398,  0.80742791,
        2.35279961,  2.37061169, -0.09870918,  0.88743496,  1.66723693,
       -0.76934135, -0.10369881]), array([ 0.09058098,  1.29833039, -0.5248691 ,  0.14152741,  0.80207789,
        2.34227606,  2.22439936,  0.51434237,  0.58632554,  0.92068623,
       -1.07000429, -2.10471035]), array([ 0.10190643,  1.29700356, -0.51937321,  0.14902712,  0.79965586,
        2.34216695,  2.26508966, -0.26536584,  1.09917734,  1.49994356,
       -0.48440581, -0.02182024]), array([ 0.11339878,  1.29882779, -0.51538749,  0.16045633,  0.79574942,
        2.33120899,  2.29846946,  0.36484544,  0.79714484,  2.28584069,
       -0.78128827, -2.1915927 ]), array([ 0.12420223,  1.29753594, -0.50940868,  0.16835254,  0.79422288,
        2.3129923 ,  2.16069112, -0.25836957,  1.19576308,  1.57924346,
       -0.30530714, -3.64333841]), array([ 0.13511735,  1.29933644, -0.50504477,  0.17930754,  0.79121208,
        2.30513362,  2.18302239,  0.36009952,  0.87278007,  2.19099908,
       -0.60216036, -1.57173483]), array([ 0.14530696,  1.29728861, -0.49821813,  0.1860361 ,  0.79112774,
        2.28796486,  2.03792299, -0.40956643,  1.36532979,  1.34571139,
       -0.01686857, -3.43375204]), array([ 0.15561384,  1.29837297, -0.49306827,  0.19589979,  0.78950981,
        2.28109974,  2.06137538,  0.21687225,  1.02997201,  1.97273866,
       -0.32358496, -1.37302558]), array([ 0.16522736,  1.29562763, -0.48547891,  0.20156365,  0.79078358,
        2.2648859 ,  1.92270468, -0.54906757,  1.51787178,  1.13277162,
        0.25475396, -3.2427682 ]), array([ 0.17495609,  1.29605343, -0.47962921,  0.21042415,  0.79047997,
        2.25892767,  1.94574643,  0.08516058,  1.16994037,  1.77210056,
       -0.06072307, -1.19164475]), array([ 0.18401913,  1.29266808, -0.47135957,  0.21511251,  0.79302823,
        2.24358414,  1.81260707, -0.67707063,  1.6539276 ,  0.93767255,
        0.50965186, -3.06870592]), array([ 0.1923292 ,  1.29239072, -0.46499503,  0.21542787,  0.79399849,
        2.23928359,  1.66201509, -0.05547152,  1.27290717,  0.06307124,
        0.1940525 , -0.86011008]), array([ 0.2009244 ,  1.28840421, -0.45604817,  0.21956053,  0.79770776,
        2.22466534,  1.7190393 , -0.79730222,  1.78937275,  0.82653143,
        0.74185358, -2.92365133]), array([ 0.20878422,  1.28757625, -0.44912371,  0.21937045,  0.7997988 ,
        2.22105664,  1.57196316, -0.16559171,  1.38489108, -0.03801547,
        0.41820766, -0.7217383 ]), array([ 0.21694198,  1.28305944, -0.43962608,  0.22301025,  0.80459839,
        2.20710395,  1.63155362, -0.90336236,  1.89952739,  0.727959  ,
        0.95991837, -2.79053833]), array([ 0.22437217,  1.28172871, -0.43220254,  0.22237266,  0.80774118,
        2.20412771,  1.48603689, -0.26614584,  1.48470684, -0.12751632,
        0.6285577 , -0.59524794]), array([ 0.23211175,  1.27672898, -0.42221385,  0.22557186,  0.81355585,
        2.19078444,  1.54791573, -0.99994658,  1.9977386 ,  0.6398401 ,
        1.16293444, -2.66865537]), array([ 0.23911964,  1.27494421, -0.41435709,  0.22452855,  0.81768022,
        2.18838732,  1.40157804, -0.3569533 ,  1.57135245, -0.208663  ,
        0.82487509, -0.47942267]), array([ 0.24648013,  1.26950074, -0.40391548,  0.22735692,  0.82443529,
        2.17560114,  1.47209872, -1.08869337,  2.08832029,  0.56567462,
        1.35101286, -2.55723669]), array([ 0.25402259,  1.26735938, -0.39542125,  0.23357213,  0.82947961,
        2.17292213,  1.50849101, -0.42827373,  1.69884744,  1.24304101,
        1.00886437, -0.53580128]), array([ 0.26097653,  1.26149948, -0.38457192,  0.23575634,  0.83716586,
        2.16070748,  1.39078885, -1.17197978,  2.16986619,  0.43684293,
        1.53725001, -2.44293006]), array([ 0.26808335,  1.2589878 , -0.37575774,  0.24132909,  0.84309523,
        2.15858154,  1.42136462, -0.5023351 ,  1.76283436,  1.11454896,
        1.18587309, -0.42518935]), array([ 0.27460346,  1.25276923, -0.36459002,  0.24289072,  0.85161396,
        2.14689053,  1.30402032, -1.24371356,  2.23354455,  0.31232637,
        1.70374634, -2.33820134]), array([ 0.28129776,  1.24992725, -0.35550005,  0.24788933,  0.85834553,
        2.14527006,  1.33886167, -0.56839586,  1.81799342,  0.9997227 ,
        1.34631398, -0.32409454]), array([ 0.28740775,  1.2433897 , -0.34405705,  0.24889906,  0.86760932,
        2.13405598,  1.22199684, -1.30751071,  2.28860139,  0.2019449 ,
        1.85275872, -2.24281489]), array([ 0.29371261,  1.24025511, -0.33473276,  0.25338829,  0.87506452,
        2.13289773,  1.2609726 , -0.62691737,  1.86485685,  0.89784627,
        1.49103887, -0.23164962]), array([ 0.29943522,  1.23343583, -0.32305496,  0.25391189,  0.88499038,
        2.12211812,  1.1445225 , -1.36385706,  2.33556121,  0.10472014,
        1.98517371, -2.15592204]), array([ 0.30537284,  1.23004394, -0.31353504,  0.25795213,  0.89309485,
        2.12138282,  1.18752301, -0.67837755,  1.903983  ,  0.80804825,
        1.62089361, -0.14706155]), array([ 0.31073083,  1.22297769, -0.30166017,  0.25805155,  0.90360428,
        2.11099902,  1.07159894, -1.41324927,  2.37497351,  0.01988408,
        2.1018855 , -2.07675889]), array([ 0.31633572,  1.2193593 , -0.29197348,  0.26171218,  0.9122876 ,
        2.11065007,  1.12097662, -0.7236791 ,  1.93733794,  0.73212548,
        1.73666377, -0.06979042]), array([ 0.32230902,  1.21206521, -0.27943079,  0.26886067,  0.92346866,
        2.09987161,  1.19466078, -1.45881826,  2.50853806,  1.42969831,
        2.23621207, -2.1556925 ]), array([ 0.32760744,  1.20099768, -0.26433897,  0.27117966,  0.93692921,
        2.10028971,  1.0596831 , -2.2135049 ,  3.01836564,  0.46379759,
        2.69210979,  0.08362127]), array([ 0.33329921,  1.19364626, -0.25159508,  0.27780816,  0.9484386 ,
        2.08987379,  1.13835471, -1.47028483,  2.54877669,  1.32570027,
        2.3018784 , -2.08318462]), array([ 0.33826456,  1.18275981, -0.23697378,  0.27956529,  0.96207167,
        2.09065522,  0.99306977, -2.17729057,  2.9242599 ,  0.35142723,
        2.72661501,  0.15628691]), array([ 0.34359501,  1.17551383, -0.22480691,  0.28496235,  0.97380729,
        2.10104904,  1.06609101, -1.44919441,  2.43337488,  1.07941098,
        2.34712218,  2.07876312]), array([ 0.3483821 ,  1.16477535, -0.21050432,  0.28642715,  0.98752178,
        2.10130584,  0.95741829, -2.1476966 ,  2.86051794,  0.29295914,
        2.7428985 ,  0.05136083]), array([ 0.35347599,  1.15768295, -0.19871452,  0.29147968,  0.99950566,
        2.11121587,  1.01877798, -1.41848111,  2.35795921,  1.01050779,
        2.39677545,  1.98200611]), array([ 0.35802309,  1.14711171, -0.18480122,  0.29261728,  1.01329928,
        2.11099471,  0.90941954, -2.11424727,  2.78266081,  0.22751976,
        2.75872482, -0.04423308]), array([ 0.36289641,  1.14016897, -0.17336751,  0.29737395,  1.02549381,
        2.12045816,  0.97466302, -1.38854822,  2.28674143,  0.95133411,
        2.43890545,  1.89269035]), array([ 0.36721963,  1.12975986, -0.15982486,  0.29823209,  1.03933449,
        2.11979468,  0.86464477, -2.0818226 ,  2.70853137,  0.17162638,
        2.7681367 , -0.13269693]), array([ 0.37188823,  1.1229632 , -0.14872827,  0.30273813,  1.05170655,
        2.12884616,  0.93372024, -1.35933193,  2.21931674,  0.90120836,
        2.47441225,  1.81029603]), array([ 0.37600361,  1.11271113, -0.13553852,  0.30336104,  1.06556584,
        2.12777351,  0.82307613, -2.05041252,  2.63794938,  0.12458327,
        2.77185861, -0.2145296 ]), array([ 0.38048289,  1.10605865, -0.12476526,  0.30765795,  1.07808363,
        2.13644544,  0.89585619, -1.33049592,  2.15465276,  0.85938051,
        2.50355727,  1.73438705]), array([ 0.38440361,  1.09598048, -0.11196973,  0.30808072,  1.0919079 ,
        2.13499811,  0.78414404, -2.01563547,  2.55910599,  0.08455556,
        2.76485365, -0.2894669 ]), array([ 0.38869978,  1.08954519, -0.10171138,  0.31218702,  1.10445208,
        2.14333322,  0.85923409, -1.28705809,  2.05166972,  0.82126013,
        2.50883679,  1.66702183]), array([ 0.39245112,  1.08674376, -0.09438269,  0.3134498 ,  1.11526216,
        2.14126485,  0.75026623, -0.56028513,  1.46573843,  0.25255543,
        2.16201543, -0.41367439]), array([ 0.39650367,  1.08047638, -0.08465837,  0.31728442,  1.1271006 ,
        2.1493328 ,  0.8105118 , -1.25347599,  1.94486502,  0.76692293,
        2.36768802,  1.61359   ]), array([ 0.40004424,  1.07748854, -0.07706025,  0.3183835 ,  1.13809057,
        2.14694742,  0.70811393, -0.59756849,  1.51962349,  0.21981587,
        2.19799331, -0.47707489]), array([ 0.40389936,  1.07104494, -0.06708044,  0.32205192,  1.15004348,
        2.15471214,  0.77102333, -1.2887195 ,  1.99596078,  0.73368535,
        2.39058183,  1.55294322]), array([ 0.40725175,  1.06789583, -0.05925335,  0.32302518,  1.161194  ,
        2.15203526,  0.67047826, -0.62982254,  1.56541816,  0.19465244,
        2.23010565, -0.53537486]), array([ 0.41092827,  1.06129839, -0.04905097,  0.32656238,  1.17323165,
        2.15952135,  0.73530442, -1.31948667,  2.04047734,  0.70743817,
        2.40752841,  1.49721647]), array([ 0.41411132,  1.05800986, -0.04102491,  0.32744233,  1.18451517,
        2.15657666,  0.63660893, -0.65770779,  1.60521172,  0.17599059,
        2.25670487, -0.58893657]), array([ 0.41762638,  1.05128503, -0.03064721,  0.33087827,  1.19660246,
        2.16380813,  0.70301144, -1.3449658 ,  2.07554011,  0.68718833,
        2.41745785,  1.44629254]), array([ 0.42064677,  1.04796132, -0.02269191,  0.33166955,  1.20789118,
        2.16063363,  0.60407828, -0.66474051,  1.59105885,  0.15825559,
        2.25774494, -0.63489911]), array([ 0.42404258,  1.04094225, -0.01165024,  0.3350878 ,  1.22026499,
        2.16759566,  0.67916198, -1.40381451,  2.20833391,  0.68365069,
        2.47476115,  1.3924065 ]), array([ 4.26883612e-01,  1.03043145e+00,  1.59441983e-03,  3.34721293e-01,
        1.23331804e+00,  2.16441350e+00,  5.68206882e-01, -2.10216067e+00,
        2.64893263e+00, -7.33017250e-02,  2.61060977e+00, -6.36433122e-01]), array([ 0.43026888,  1.02355204,  0.01270981,  0.33867037,  1.24582367,
        2.15073487,  0.67705352, -1.37588221,  2.22307839,  0.78981491,
        2.50112621, -2.73572562]), array([ 0.4329228 ,  1.01323699,  0.02545939,  0.3381922 ,  1.25901151,
        2.14818064,  0.53078315, -2.06301014,  2.54991601, -0.09563412,
        2.63756838, -0.51084575]), array([ 0.43618902,  1.0065571 ,  0.03615116,  0.34208012,  1.27158478,
        2.13511778,  0.65324572, -1.33597796,  2.13835391,  0.7775847 ,
        2.5146543 , -2.61257172]), array([ 0.43871996,  0.99642774,  0.04847765,  0.34157525,  1.28477666,
        2.13313523,  0.50618765, -2.02587024,  2.46529747, -0.10097332,
        2.63837449, -0.39650964]), array([ 0.44087063,  0.98974215,  0.05853344,  0.33874221,  1.29740786,
        2.12107868,  0.43013322, -1.33711813,  2.01115763, -0.5666092 ,
        2.52624165, -2.41131107]), array([ 0.44342323,  0.97973104,  0.0707225 ,  0.33858881,  1.31054135,
        2.11957203,  0.51052013, -2.00222269,  2.43781168, -0.03067993,
        2.62669675, -0.30132977]), array([ 0.44557704,  0.97322649,  0.0804629 ,  0.33607089,  1.3231746 ,
        2.1079821 ,  0.43076248, -1.30090975,  1.94808166, -0.50358381,
        2.52665061, -2.31798676]), array([ 0.44811528,  0.96338521,  0.09232841,  0.33620702,  1.33625274,
        2.10692826,  0.50764688, -1.96825613,  2.37310038,  0.02722655,
        2.61562707, -0.21076626]), array([ 0.45028018,  0.95704292,  0.10181068,  0.33400013,  1.34888945,
        2.09576599,  0.43298052, -1.26845901,  1.89645407, -0.44137819,
        2.52734184, -2.23245489]), array([ 0.45282112,  0.9472789 ,  0.11364019,  0.33444345,  1.36200795,
        2.095111  ,  0.50818908, -1.952804  ,  2.36590301,  0.08866429,
        2.62370046, -0.13099827]), array([ 0.45491649,  0.93397734,  0.1277383 ,  0.33136796,  1.37575794,
        2.08449409,  0.41907406, -2.66031052,  2.8196209 , -0.61509816,
        2.74999861, -2.12338128]), array([ 0.45747879,  0.92450289,  0.13925846,  0.33215969,  1.38900571,
        2.08420154,  0.51245986, -1.89489047,  2.30403295,  0.15834507,
        2.6495548 , -0.05851108]), array([ 0.45966044,  0.91162816,  0.15256233,  0.32946309,  1.40264112,
        2.07394233,  0.43632856, -2.57494625,  2.66077392, -0.53931991,
        2.7270819 , -2.05184223]), array([ 0.46232257,  0.90257197,  0.16334266,  0.33062809,  1.41589533,
        2.0740096 ,  0.53242767, -1.81123758,  2.15606633,  0.23299979,
        2.65084088,  0.01345429]), array([ 0.46559758,  0.8902722 ,  0.17617495,  0.33479091,  1.42945649,
        2.0637516 ,  0.65500075, -2.45995407,  2.56645791,  0.83256436,
        2.71223233, -2.05159839]), array([ 0.4682428 ,  0.88160307,  0.18623839,  0.33603231,  1.44280223,
        2.0641761 ,  0.52904388, -1.73382639,  2.01268762,  0.24828088,
        2.66914786,  0.08489985]), array([ 0.47139793,  0.8696436 ,  0.19825041,  0.33993062,  1.45614995,
        2.07466367,  0.63102582, -2.3918945 ,  2.40240453,  0.77966226,
        2.66954444,  2.09751313]), array([ 0.47530926,  0.86149074,  0.20811504,  0.34798016,  1.46947502,
        2.07426574,  0.78226589, -1.63057129,  1.97292605,  1.60990754,
        2.66501321, -0.07958648]), array([ 0.47840694,  0.8498513 ,  0.21954278,  0.35173301,  1.48285801,
        2.08428886,  0.61953723, -2.32788868,  2.28554741,  0.75057062,
        2.67659937,  2.00462428]), array([ 0.48227531,  0.84202142,  0.22891525,  0.35966254,  1.49623153,
        2.0834634 ,  0.77367419, -1.56597548,  1.87449391,  1.58590539,
        2.67470296, -0.16509163]), array([ 0.48532625,  0.8306896 ,  0.23981023,  0.36330149,  1.50953592,
        2.09306177,  0.61018733, -2.26636492,  2.17899618,  0.72779047,
        2.66087877,  1.91967307]), array([ 0.48815312,  0.82300724,  0.24832347,  0.36471092,  1.52281654,
        2.09210833,  0.56537384, -1.53647198,  1.70264897,  0.28188616,
        2.65612312, -0.19068697]), array([ 0.49146928,  0.81913549,  0.25447775,  0.36994036,  1.53592419,
        2.10120879,  0.66323276, -0.77434829,  1.23085571,  1.045888  ,
        2.62152984,  1.82009267]), array([ 0.4944227 ,  0.81150555,  0.26303121,  0.3715324 ,  1.54879651,
        2.09984625,  0.5906829 , -1.52598881,  1.7106907 ,  0.31840647,
        2.57446411, -0.27250941]), array([ 0.49777893,  0.80032661,  0.27435568,  0.37580976,  1.56187086,
        2.08820236,  0.67124708, -2.23578773,  2.26489434,  0.85547166,
        2.6148702 , -2.32877759]), array([ 0.50135108,  0.79304245,  0.28327911,  0.38363847,  1.5752378 ,
        2.08708592,  0.71442983, -1.45683216,  1.78468607,  1.56574358,
        2.67338874, -0.22328881]), array([ 0.50441989,  0.7821563 ,  0.29406781,  0.38759406,  1.58831531,
        2.07593502,  0.61376216, -2.17723044,  2.15774065,  0.79111709,
        2.61550158, -2.23017848]), array([ 0.506745  ,  0.77495182,  0.30230039,  0.38881884,  1.60162453,
        2.07548909,  0.46502107, -1.44089523,  1.64651558,  0.24495678,
        2.66184283, -0.08918595]), array([ 0.50983969,  0.77153873,  0.30861268,  0.39417256,  1.61487612,
        2.08509193,  0.61893744, -0.68261832,  1.26245789,  1.07074386,
        2.65031853,  1.92056756]), array([ 0.51267807,  0.7642666 ,  0.31744627,  0.39591985,  1.62768733,
        2.08414067,  0.5676778 , -1.45442585,  1.76671892,  0.3494572 ,
        2.56224327, -0.19025215]), array([ 0.51575056,  0.75338065,  0.32894149,  0.40007528,  1.64032476,
        2.09329602,  0.61449666, -2.17719069,  2.29904415,  0.83108608,
        2.52748459,  1.83107065]), array([ 0.51959183,  0.74644883,  0.33842908,  0.40837319,  1.65345255,
        2.09176179,  0.76825453, -1.38636424,  1.89751735,  1.65958191,
        2.6255583 , -0.30684751]), array([ 0.52276299,  0.74316841,  0.34567204,  0.41400176,  1.66715308,
        2.08015241,  0.63423196, -0.65608324,  1.44859108,  1.12571431,
        2.740106  , -2.32187525]), array([ 0.52602105,  0.73617214,  0.35562929,  0.42178392,  1.6802823 ,
        2.079115  ,  0.65161119, -1.39925353,  1.99145166,  1.5564313 ,
        2.62584343, -0.20748163]), array([ 0.52871348,  0.72529104,  0.36816008,  0.4256174 ,  1.69312636,
        2.06791498,  0.53848678, -2.17621964,  2.50615786,  0.76669755,
        2.56881266, -2.24000432]), array([ 0.53069612,  0.71743306,  0.37894872,  0.42734802,  1.70661958,
        2.04904688,  0.39652798, -1.57159746,  2.1577263 ,  0.34612242,
        2.69864437, -3.77361913]), array([ 0.53166691,  0.7057776 ,  0.39172577,  0.42494992,  1.71942371,
        2.04116455,  0.19415758, -2.33109118,  2.5554103 , -0.47962001,
        2.56082636, -1.57646697]), array([ 0.53258895,  0.69776063,  0.40317158,  0.42071557,  1.73287555,
        2.02333918,  0.18440815, -1.60339448,  2.28916197, -0.84686879,
        2.69036662, -3.56507368]), array([ 0.53268561,  0.68586473,  0.41697545,  0.41271929,  1.7457668 ,
        2.01638918,  0.01933334, -2.3791797 ,  2.76077397, -1.59925596,
        2.57825106, -1.38999985]), array([ 0.53401464,  0.67784957,  0.42983805,  0.40957152,  1.75936353,
        2.0197454 ,  0.26580516, -1.60303307,  2.5725216 , -0.62955494,
        2.71934589,  0.67124381]), array([ 0.5367672 ,  0.66595725,  0.44651868,  0.40983746,  1.77289133,
        2.01250724,  0.55051153, -2.37846321,  3.33612545,  0.05318767,
        2.70555998, -1.44763172]), array([ 0.53882993,  0.65651267,  0.46171598,  0.4085273 ,  1.78695818,
        2.01170298,  0.41254686, -1.88891541,  3.03945968, -0.26203186,
        2.81336985, -0.16085301]), array([ 0.5411037 ,  0.64645402,  0.47730395,  0.40685455,  1.80060035,
        2.01291472,  0.45475296, -2.01173094,  3.11759437, -0.33455002,
        2.72843419,  0.24234813]), array([ 0.54392126,  0.63579606,  0.49330003,  0.40502298,  1.8139794 ,
        2.01195204,  0.56351221, -2.13159241,  3.19921499, -0.36631378,
        2.67581038, -0.19253544]), array([ 0.54716371,  0.62451779,  0.50983891,  0.40295779,  1.82718016,
        2.00889769,  0.64849121, -2.25565377,  3.30777746, -0.41303778,
        2.6401506 , -0.61087011]), array([ 0.55106517,  0.61264047,  0.52689115,  0.40079608,  1.84023264,
        2.00381606,  0.78029131, -2.37546366,  3.41044762, -0.43234117,
        2.61049769, -1.01632676]), array([ 0.55562033,  0.60018295,  0.54441661,  0.39851858,  1.85314315,
        1.99678811,  0.91103255, -2.49150366,  3.50509239, -0.45550013,
        2.58210009, -1.40558881]), array([ 0.56032645,  0.59313255,  0.55410695,  0.39982319,  1.86464305,
        2.00075949,  0.94122256, -1.41007965,  1.93806787,  0.26092206,
        2.29998138,  0.79427552]), array([ 0.56455564,  0.58642355,  0.56238423,  0.40190987,  1.87282731,
        2.00318511,  0.84583786, -1.3417997 ,  1.65545622,  0.41733635,
        1.63685214,  0.48512343]), array([ 0.56832421,  0.58001785,  0.56928713,  0.40471532,  1.8782342 ,
        2.00473494,  0.75371479, -1.28114152,  1.38057945,  0.56108938,
        1.08137779,  0.30996666]), array([ 0.57164939,  0.57388327,  0.57487613,  0.4081751 ,  1.88130493,
        2.00578066,  0.66503626, -1.22691493,  1.11780053,  0.69195654,
        0.6141459 ,  0.20914317]), array([ 0.57454881,  0.56799236,  0.57922477,  0.41222512,  1.88240205,
        2.00652918,  0.57988427, -1.17818161,  0.8697275 ,  0.81000348,
        0.21942417,  0.14970571]), array([ 0.57704024,  0.56232144,  0.58241358,  0.41680295,  1.88182438,
        2.00709639,  0.49828624, -1.13418437,  0.63776167,  0.91556582,
       -0.11553426,  0.11344124]), array([ 0.57914143,  0.55684995,  0.58452596,  0.42184887,  1.87981909,
        2.00754772,  0.42023632, -1.09429883,  0.42247505,  1.00918387,
       -0.40105766,  0.0902654 ]), array([ 0.58086995,  0.55155995,  0.58564533,  0.42730654,  1.87659151,
        2.00792062,  0.34570545, -1.05800002,  0.22387435,  1.09153331,
       -0.64551743,  0.07458019]), array([ 0.58224319,  0.54643575,  0.58585327,  0.43312337,  1.87231299,
        2.00823695,  0.27464669, -1.02483914,  0.04158752,  1.1633663 ,
       -0.85570323,  0.06326555]), array([ 0.58327818,  0.54146361,  0.58522825,  0.4392507 ,  1.86712735,
        2.00850981,  0.2069985 , -0.99442726, -0.12500371,  1.22546636,
       -1.03712704,  0.05457176]), array([ 0.58399162,  0.5366315 ,  0.5838449 ,  0.44564378,  1.86115601,
        2.00874735,  0.14268734, -0.96642379, -0.27666942,  1.27861592,
       -1.19426934,  0.04750846]), array([ 0.58439976,  0.53192885,  0.58177358,  0.45226165,  1.85450212,
        2.00895489,  0.08162984, -0.94052821, -0.41426452,  1.32357425,
       -1.33077799,  0.04150748]), array([ 0.58451844,  0.52734649,  0.57908017,  0.45906697,  1.84725397,
        2.00913607,  0.02373492, -0.91647398, -0.53868153,  1.36106347,
       -1.44962878,  0.03623654]), array([ 0.58436297,  0.52287637,  0.57582608,  0.46602577,  1.8394877 ,
        2.00929355, -0.03109432, -0.89402395, -0.65081765,  1.3917604 ,
       -1.55325506,  0.03149625]), array([ 0.58394817,  0.51851153,  0.57206832,  0.47310723,  1.83126944,
        2.00942936, -0.08295879, -0.87296679, -0.75155231,  1.4162926 ,
       -1.6436522 ,  0.02716286]), array([ 0.58328836,  0.51424596,  0.56785966,  0.48028342,  1.82265713,
        2.00954515, -0.13196188, -0.85311408, -0.84173232,  1.43523737,
       -1.72246191,  0.02315648]), array([ 0.58239732,  0.51007447,  0.56324885,  0.48752903,  1.81370193,
        2.00964226, -0.17820804, -0.83429797, -0.92216248,  1.4491227 ,
       -1.79104027,  0.01942321]), array([ 0.58128832,  0.50599263,  0.55828084,  0.49482118,  1.80444936,
        2.00972189, -0.2218016 , -0.816369  , -0.9936002 ,  1.45842941,
       -1.85051262,  0.01592499]), array([ 0.57997409,  0.50199665,  0.55299708,  0.50213915,  1.79494027,
        2.00978506, -0.26284581, -0.7991944 , -1.05675299,  1.46359411,
       -1.90181785,  0.01263384]), array([ 0.57846688,  0.49808337,  0.54743569,  0.50946421,  1.78521155,
        2.0098327 , -0.30144205, -0.78265635, -1.11227792,  1.46501248,
       -1.94574421,  0.00952843]), array([ 0.57677843,  0.49425012,  0.54163178,  0.51677943,  1.77529676,
        2.00986566, -0.33768918, -0.76665057, -1.16078253,  1.46304272,
       -1.98295828,  0.00659199]), array([ 0.57492002,  0.4904947 ,  0.53561764,  0.52406947,  1.76522662,
        2.00988471, -0.37168311, -0.7510849 , -1.2028266 ,  1.45800897,
       -2.01402835,  0.00381111]), array([ 5.72902433e-01,  4.86815305e-01,  5.29423021e-01,  5.31320494e-01,
        1.75502940e+00,  2.00989059e+00, -4.03516396e-01, -7.35878073e-01,
       -1.23892464e+00,  1.45020460e+00, -2.03944333e+00,  1.17479114e-03]), array([ 5.70736043e-01,  4.83210512e-01,  5.23075278e-01,  5.38519971e-01,
        1.74473126e+00,  2.00988396e+00, -4.33278080e-01, -7.20958573e-01,
       -1.26954865e+00,  1.43989529e+00, -2.05962815e+00, -1.32603195e-03]), array([ 0.56843078,  0.47967919,  0.51659962,  0.54565658,  1.73435648,
        2.00986546, -0.46105352, -0.70626355, -1.29513112,  1.42732192,
       -2.07495608, -0.00369896]), array([ 0.56599615,  0.4762205 ,  0.51001928,  0.5527201 ,  1.72392769,
        2.00983571, -0.48692434, -0.69173786, -1.31606805,  1.41270315,
       -2.08575884, -0.00595041]), array([ 0.56344131,  0.47283384,  0.50335567,  0.55970129,  1.71346601,
        2.00979528, -0.51096849, -0.67733316, -1.33272196,  1.3962378 ,
       -2.09233466, -0.00808587]), array([ 0.56077501,  0.4695188 ,  0.49662855,  0.56659182,  1.70299124,
        2.00974473, -0.53326022, -0.66300712, -1.34542479,  1.37810702,
       -2.09495486, -0.01011008]), array([ 0.55800566,  0.46627519,  0.48985614,  0.5733842 ,  1.69252189,
        2.0096846 , -0.55387031, -0.64872268, -1.35448069,  1.35847611,
       -2.09386911, -0.01202716]), array([ 0.55514133,  0.46310295,  0.4830553 ,  0.58007168,  1.68207535,
        2.00961539, -0.5728661 , -0.63444738, -1.36016861,  1.3374963 ,
       -2.08930968, -0.01384078]), array([ 0.55218977,  0.46000219,  0.47624158,  0.58664821,  1.67166787,
        2.00953762, -0.59031173, -0.62015279, -1.36274472,  1.31530621,
       -2.0814948 , -0.01555424]), array([ 0.54915843,  0.45697312,  0.46942935,  0.59310838,  1.66131472,
        2.00945177, -0.60626828, -0.60581398, -1.36244466,  1.29203319,
       -2.07063137, -0.01717056]), array([ 0.54605446,  0.45401607,  0.46263193,  0.59944735,  1.65103013,
        2.0093583 , -0.62079398, -0.59140904, -1.35948562,  1.26779448,
       -2.05691703, -0.01869253]), array([ 0.54288474,  0.45113148,  0.45586159,  0.60566084,  1.64082742,
        2.00925769, -0.63394442, -0.57691873, -1.35406817,  1.24269828,
       -2.04054181, -0.02012281]), array([ 0.53965587,  0.44831985,  0.4491297 ,  0.61174507,  1.63071897,
        2.00915037, -0.6457727 , -0.56232609, -1.34637797,  1.21684461,
       -2.02168943, -0.02146394]), array([ 0.53637422,  0.44558177,  0.44244676,  0.6176967 ,  1.62071628,
        2.00903678, -0.65632968, -0.54761616, -1.33658735,  1.19032619,
       -2.00053813, -0.02271842]), array([ 0.5330459 ,  0.44291789,  0.43582248,  0.62351284,  1.61082998,
        2.00891734, -0.66566416, -0.53277575, -1.32485661,  1.16322905,
       -1.97726145, -0.0238887 ]), array([ 0.52967679,  0.44032892,  0.4292658 ,  0.62919101,  1.60106983,
        2.00879245, -0.67382304, -0.51779322, -1.31133529,  1.13563323,
       -1.95202861, -0.02497722]), array([ 0.52627253,  0.43781563,  0.42278498,  0.63472907,  1.59144481,
        2.00866252, -0.68085153, -0.50265833, -1.29616329,  1.10761332,
       -1.92500484, -0.02598643]), array([ 0.52283856,  0.43537882,  0.41638762,  0.64012527,  1.58196305,
        2.00852792, -0.68679332, -0.48736208, -1.27947177,  1.07923891,
       -1.8963515 , -0.02691882]), array([ 0.51938011,  0.43301934,  0.4100807 ,  0.64537814,  1.57263192,
        2.00838904, -0.6916907 , -0.47189666, -1.26138406,  1.05057503,
       -1.86622618, -0.0277769 ]), array([ 0.51590219,  0.43073806,  0.40387062,  0.65048656,  1.56345801,
        2.00824622, -0.69558474, -0.45625534, -1.24201642,  1.02168256,
       -1.83478258, -0.02856321]), array([ 0.51240961,  0.4285359 ,  0.39776323,  0.65544965,  1.55444715,
        2.00809982, -0.69851542, -0.44043243, -1.22147864,  0.99261853,
       -1.80217048, -0.02928036]), array([ 0.508907  ,  0.42641378,  0.39176386,  0.66026683,  1.54560448,
        2.00795017, -0.70052176, -0.42442325, -1.19987468,  0.96343644,
       -1.76853551, -0.02993095]), array([ 0.50539879,  0.42437266,  0.38587734,  0.66493776,  1.53693438,
        2.00779758, -0.70164191, -0.40822412, -1.17730314,  0.93418651,
       -1.73401906, -0.03051765]), array([ 0.50188922,  0.4224135 ,  0.38010805,  0.66946234,  1.52844059,
        2.00764236, -0.70191324, -0.39183232, -1.1538577 ,  0.90491593,
       -1.69875802, -0.03104314]), array([ 0.49838236,  0.42053727,  0.37445991,  0.67384069,  1.52012617,
        2.00748481, -0.70137247, -0.37524616, -1.1296275 ,  0.87566906,
       -1.66288459, -0.03151013]), array([ 0.49488208,  0.41874495,  0.36893643,  0.67807313,  1.51199354,
        2.0073252 , -0.70005571, -0.35846493, -1.10469747,  0.84648763,
       -1.62652607, -0.03192135]), array([ 0.49139209,  0.4170375 ,  0.36354068,  0.68216018,  1.50404452,
        2.00716381, -0.69799853, -0.34148895, -1.07914859,  0.81741091,
       -1.58980469, -0.0322795 ]), array([ 0.48791591,  0.4154159 ,  0.35827539,  0.68610256,  1.49628033,
        2.00700087, -0.695236  , -0.32431955, -1.05305815,  0.78847584,
       -1.55283742, -0.03258731]), array([ 0.4844569 ,  0.41388111,  0.35314289,  0.68990115,  1.48870165,
        2.00683663, -0.69180277, -0.30695912, -1.02649995,  0.7597172 ,
       -1.5157358 , -0.03284747]), array([ 0.48101823,  0.41243405,  0.34814517,  0.69355699,  1.48130862,
        2.00667132, -0.68773304, -0.28941111, -0.99954448,  0.73116773,
       -1.47860583, -0.03306265]), array([ 0.47760293,  0.41107565,  0.34328388,  0.69707128,  1.47410088,
        2.00650514, -0.68306066, -0.27168005, -0.97225907,  0.70285822,
       -1.44154785, -0.0332355 ]), array([ 0.47421383,  0.40980679,  0.33856034,  0.70044537,  1.4670776 ,
        2.0063383 , -0.67781906, -0.25377151, -0.94470803,  0.67481764,
       -1.40465644, -0.0333686 ]), array([ 0.47085363,  0.40862833,  0.33397557,  0.70368073,  1.4602375 ,
        2.00617098, -0.67204133, -0.23569216, -0.91695275,  0.64707319,
       -1.36802042, -0.03346449]), array([ 0.46752483,  0.40754109,  0.32953031,  0.70677898,  1.45357888,
        2.00600335, -0.66576015, -0.21744972, -0.88905181,  0.61965047,
       -1.33172276, -0.03352564]), array([ 0.46422979,  0.40654582,  0.32522501,  0.70974185,  1.44709968,
        2.00583558, -0.65900785, -0.19905297, -0.86106107,  0.59257346,
       -1.29584065, -0.03355447]), array([ 0.46097071,  0.40564326,  0.32105984,  0.71257117,  1.44079745,
        2.00566781, -0.65181633, -0.1805117 , -0.83303375,  0.56586466,
       -1.2604455 , -0.03355329]), array([ 0.45774962,  0.40483408,  0.31703474,  0.7152689 ,  1.43466944,
        2.00550019, -0.64421709, -0.16183674, -0.80502049,  0.53954512,
       -1.225603  , -0.03352437]), array([ 0.45456841,  0.40411888,  0.31314939,  0.71783707,  1.42871257,
        2.00533284, -0.63624118, -0.14303985, -0.77706945,  0.51363451,
       -1.19137321, -0.03346986]), array([ 0.45142882,  0.40349821,  0.30940326,  0.72027783,  1.42292352,
        2.00516588, -0.6279192 , -0.12413374, -0.74922632,  0.4881512 ,
       -1.15781067, -0.03339184]), array([ 0.44833241,  0.40297255,  0.30579558,  0.72259339,  1.41729869,
        2.00499942, -0.61928122, -0.10513201, -0.72153442,  0.46311227,
       -1.12496451, -0.03329228]), array([ 0.44528063,  0.4025423 ,  0.30232541,  0.72478606,  1.4118343 ,
        2.00483355, -0.61035679, -0.08604909, -0.69403473,  0.43853357,
       -1.09287863, -0.03317308]), array([ 0.44227475,  0.4022078 ,  0.29899158,  0.72685821,  1.40652634,
        2.00466837, -0.60117491, -0.06690018, -0.66676598,  0.4144298 ,
       -1.06159183, -0.03303601]), array([ 0.43931593,  0.4019693 ,  0.29579276,  0.72881228,  1.40137065,
        2.00450396, -0.59176396, -0.0477012 , -0.63976464,  0.39081448,
       -1.03113799, -0.03288277]), array([ 0.43640518,  0.40182695,  0.29272743,  0.73065078,  1.39636292,
        2.00434038, -0.58215168, -0.02846875, -0.61306506,  0.36770006,
       -1.0015463 , -0.03271496]), array([ 0.43354335,  0.40178085,  0.28979394,  0.73237627,  1.39149871,
        2.00417771, -0.57236516, -0.00921998, -0.58669944,  0.3450979 ,
       -0.97284138, -0.03253408]), array([ 0.4307312 ,  0.40183099,  0.28699045,  0.73399136,  1.3867735 ,
        2.00401601, -0.56243075,  0.0100274 , -0.56069792,  0.32301834,
       -0.94504356, -0.03234152]), array([ 0.42796933,  0.40197727,  0.284315  ,  0.73549871,  1.38218265,
        2.00385531, -0.5523741 ,  0.02925527, -0.53508864,  0.30147071,
       -0.91816905, -0.03213861]), array([ 0.42525822,  0.40221949,  0.28176551,  0.73690103,  1.3777215 ,
        2.00369568, -0.54222005,  0.04844511, -0.50989777,  0.28046335,
       -0.89223017, -0.03192656]), array([ 0.42259826,  0.40255738,  0.27933977,  0.73820105,  1.37338532,
        2.00353715, -0.53199265,  0.0675781 , -0.48514959,  0.26000367,
       -0.86723556, -0.0317065 ]), array([ 0.41998969,  0.40299056,  0.27703543,  0.73940154,  1.36916937,
        2.00337975, -0.52171514,  0.08663519, -0.46086652,  0.24009812,
       -0.84319041, -0.03147949]), array([ 0.41743264,  0.40351855,  0.27485009,  0.7405053 ,  1.36506889,
        2.00322352, -0.51140988,  0.10559717, -0.43706916,  0.22075229,
       -0.82009666, -0.0312465 ]), array([ 0.41501931,  0.40415117,  0.27284364,  0.7409533 ,  1.36150573,
        2.00300898, -0.48266614,  0.12652577, -0.40128875,  0.0895992 ,
       -0.71263241, -0.04290789]), array([ 0.41276944,  0.40488152,  0.27099954,  0.74071658,  1.35837392,
        2.00274692, -0.44997237,  0.14606938, -0.36881983, -0.04734446,
       -0.62636053, -0.05241156]), array([ 0.41069702,  0.40570281,  0.26930355,  0.73978426,  1.35559346,
        2.00244563, -0.41448424,  0.16425759, -0.33919868, -0.18646315,
       -0.556093  , -0.06025888]), array([ 0.40881136,  0.40660844,  0.26774317,  0.73815932,  1.35310383,
        2.0021114 , -0.37713256,  0.18112707, -0.31207601, -0.32498831,
       -0.49792512, -0.06684543]), array([ 0.40711802,  0.40759206,  0.26630727,  0.73585517,  1.3508592 ,
        2.00174899, -0.33866774,  0.19672372, -0.28718119, -0.46082998,
       -0.4489269 , -0.07248264]), array([ 0.40561955,  0.40864758,  0.26498578,  0.73289297,  1.34882466,
        2.00136191, -0.29969495,  0.2111026 , -0.26429789, -0.59243992,
       -0.40690793, -0.07741509]), array([ 0.40431604,  0.40976921,  0.26376954,  0.72929947,  1.34697347,
        2.00095274, -0.26070199,  0.22432674, -0.24324744, -0.71870007,
       -0.37023825, -0.08183421]), array([ 0.40320563,  0.41095154,  0.26265015,  0.72510531,  1.34528491,
        2.00052329, -0.22208165,  0.23646554, -0.22387748, -0.83883217,
       -0.33771189, -0.08588921]), array([ 0.40228488,  0.4121895 ,  0.26161988,  0.72034369,  1.34374269,
        2.00007481, -0.18414941,  0.24759301, -0.2060544 , -0.95232442,
       -0.30844305, -0.08969568]), array([ 0.40154909,  0.41347843,  0.26067159,  0.71504932,  1.34233376,
        1.9996081 , -0.14715782,  0.25778611, -0.1896582 , -1.05887236,
       -0.28178697, -0.09334242]), array([ 0.40099255,  0.41481405,  0.25979869,  0.70925767,  1.34104736,
        1.99912362, -0.11130787,  0.26712328, -0.17457916, -1.15833122,
       -0.25727988, -0.09689689]), array([ 0.40060876,  0.41619246,  0.25899511,  0.70300428,  1.33987439,
        1.99862157, -0.07675827,  0.27568306, -0.16071565, -1.25067779,
       -0.23459329, -0.10040948]), array([ 0.4003906 ,  0.41761018,  0.25825525,  0.69632438,  1.33880689,
        1.99810199, -0.04363284,  0.28354305, -0.14797276, -1.33598004,
       -0.21349925, -0.10391698]), array([ 0.40033046,  0.41906407,  0.25757394,  0.68925251,  1.33783767,
        1.99756476, -0.01202653,  0.29077889, -0.13626145, -1.41437303,
       -0.19384401, -0.10744527]), array([ 0.40042041,  0.42055139,  0.25694645,  0.68182231,  1.33696003,
        1.9970097 ,  0.01798977,  0.29746352, -0.12549803, -1.48603993,
       -0.17552797, -0.11101159]), array([ 0.40065224,  0.42206972,  0.25636843,  0.67406633,  1.33616758,
        1.99643657,  0.04636531,  0.30366656, -0.11560388, -1.55119725,
       -0.15849051, -0.11462623]), array([ 0.40101757,  0.42361699,  0.25583591,  0.66601591,  1.33545409,
        1.9958451 ,  0.07306628,  0.30945376, -0.1065053 , -1.61008338,
       -0.14269838, -0.11829399]), array([ 0.40150794,  0.42519143,  0.25534524,  0.65770116,  1.33481341,
        1.99523502,  0.0980732 ,  0.31488664, -0.0981334 , -1.66294983,
       -0.12813696, -0.12201529]), array([ 0.40211483,  0.42679154,  0.25489312,  0.64915089,  1.33423939,
        1.99460609,  0.12137882,  0.32002218, -0.09042409, -1.71005459,
       -0.11480359, -0.12578718]), array([ 0.40282976,  0.4284161 ,  0.25447653,  0.6403926 ,  1.33372588,
        1.99395807,  0.14298632,  0.32491259, -0.08331798, -1.75165726,
       -0.10270254, -0.129604  ]), array([ 0.4036443 ,  0.43006413,  0.25409273,  0.63145252,  1.33326667,
        1.99329078,  0.16290781,  0.32960515, -0.07676036, -1.78801542,
       -0.09184111, -0.13345813]), array([ 0.40455012,  0.43173484,  0.25373922,  0.62235561,  1.33285554,
        1.99260408,  0.18116317,  0.33414216, -0.07070114, -1.81938214,
       -0.08222679, -0.13734038]), array([ 0.40553901,  0.43342764,  0.25341375,  0.61312559,  1.33248621,
        1.99189787,  0.19777888,  0.3385609 , -0.06509473, -1.84600424,
       -0.07386511, -0.14124053]), array([ 0.40660295,  0.43514211,  0.25311425,  0.60378499,  1.33215242,
        1.99117213,  0.21278719,  0.34289363, -0.05989997, -1.86812116,
       -0.06675797, -0.14514764]), array([ 0.40773407,  0.43687795,  0.25283885,  0.59435517,  1.33184791,
        1.99042688,  0.22622527,  0.34716767, -0.05507997, -1.88596432,
       -0.06090254, -0.14905035]), array([ 0.40892475,  0.43863498,  0.25258584,  0.58485638,  1.33156646,
        1.9896622 ,  0.23813449,  0.35140552, -0.05060197, -1.89975683,
       -0.05629041, -0.15293715]), array([ 0.41016755,  0.4404131 ,  0.25235365,  0.57530781,  1.33130192,
        1.98887821,  0.24855984,  0.35562497, -0.04643719, -1.90971337,
       -0.05290708, -0.1567966 ]), array([ 0.41145529,  0.4422123 ,  0.25214085,  0.56572761,  1.33104826,
        1.98807513,  0.25754926,  0.35983927, -0.04256059, -1.91604031,
       -0.05073163, -0.16061751]), array([ 0.41278106,  0.44403258,  0.2519461 ,  0.55613293,  1.33079958,
        1.98725318,  0.2651532 ,  0.36405736, -0.03895075, -1.91893593,
       -0.0497366 , -0.16438907]), array([ 0.41413818,  0.445874  ,  0.25176815,  0.54653998,  1.33055014,
        1.98641268,  0.27142409,  0.36828404, -0.03558961, -1.91859067,
       -0.049888  , -0.16810101]), array([ 0.41552026,  0.44773661,  0.25160584,  0.53696404,  1.33029441,
        1.98555396,  0.27641589,  0.37252024, -0.03246227, -1.91518744,
       -0.05114549, -0.17174368]), array([ 0.41692118,  0.44962042,  0.25145805,  0.52741953,  1.3300271 ,
        1.98467742,  0.28018368,  0.37676325, -0.02955677, -1.90890195,
       -0.05346259, -0.17530816]), array([ 0.41833509,  0.45152546,  0.25132373,  0.51792002,  1.32974316,
        1.98378349,  0.28278328,  0.381007  , -0.0268639 , -1.899903  ,
       -0.05678705, -0.17878629]), array([ 0.41975645,  0.45345167,  0.25120185,  0.50847825,  1.32943786,
        1.98287263,  0.2842709 ,  0.38524233, -0.0243769 , -1.88835276,
       -0.06106122, -0.18217076]), array([ 0.42117996,  0.45539895,  0.25109139,  0.49910622,  1.32910674,
        1.98194536,  0.28470278,  0.38945726, -0.02209134, -1.87440708,
       -0.06622256, -0.18545513]), array([ 0.42260064,  0.45736714,  0.25099137,  0.48981514,  1.32874572,
        1.98100219,  0.28413492,  0.39363728, -0.0200048 , -1.85821567,
       -0.07220406, -0.18863382]), array([ 0.42401375,  0.45935597,  0.25090078,  0.48061553,  1.32835105,
        1.98004368,  0.28262279,  0.39776563, -0.01811674, -1.83992235,
       -0.07893485, -0.19170216]), array([ 0.42541486,  0.46136509,  0.25081864,  0.4715172 ,  1.32791935,
        1.97907039,  0.28022106,  0.40182361, -0.01642823, -1.81966519,
       -0.08634073, -0.19465636]), array([ 0.42679977,  0.46339404,  0.25074393,  0.46252932,  1.32744762,
        1.97808293,  0.27698341,  0.40579081, -0.01494179, -1.7975767 ,
       -0.09434469, -0.19749353]), array([ 0.42816458,  0.46544227,  0.25067563,  0.4536604 ,  1.32693328,
        1.97708187,  0.27296229,  0.40964541, -0.01366114, -1.77378392,
       -0.10286756, -0.20021158]), array([ 0.42950563,  0.46750909,  0.25061267,  0.44491836,  1.32637414,
        1.97606782,  0.26820878,  0.41336447, -0.01259108, -1.74840855,
       -0.11182852, -0.20280928]), array([ 0.43081949,  0.46959371,  0.25055399,  0.43631052,  1.32576841,
        1.97504139,  0.26277239,  0.41692413, -0.01173726, -1.72156702,
       -0.12114568, -0.20528616]), array([ 0.43210299,  0.47169521,  0.25049846,  0.42784367,  1.32511473,
        1.97400318,  0.25670096,  0.42029989, -0.01110604, -1.69337057,
       -0.1307366 , -0.20764247]), array([ 0.4333532 ,  0.47381254,  0.25044494,  0.41952404,  1.32441214,
        1.97295378,  0.25004052,  0.42346687, -0.01070431, -1.66392535,
       -0.14051885, -0.20987915]), array([ 0.43456737,  0.47594454,  0.25039224,  0.41135738,  1.32366008,
        1.97189379,  0.24283524,  0.42639995, -0.01053935, -1.63333244,
       -0.15041047, -0.21199777]), array([ 0.43574301,  0.47808992,  0.25033915,  0.40334894,  1.32285843,
        1.97082379,  0.23512733,  0.42907408, -0.01061871, -1.6016879 ,
       -0.16033046, -0.21400046]), array([ 0.4368778 ,  0.48024724,  0.2502844 ,  0.39550353,  1.32200744,
        1.96974434,  0.22695696,  0.43146437, -0.01095004, -1.56908286,
       -0.1701992 , -0.21588986]), array([ 0.43796961,  0.48241497,  0.25022669,  0.38782551,  1.32110774,
        1.968656  ,  0.21836231,  0.43354634, -0.01154102, -1.53560359,
       -0.17993887, -0.21766907]), array([ 0.4390165 ,  0.48459145,  0.25016469,  0.38031885,  1.32016037,
        1.96755929,  0.20937946,  0.43529609, -0.01239921, -1.50133149,
       -0.18947382, -0.21934156]), array([ 0.44001672,  0.4867749 ,  0.25009703,  0.37298713,  1.31916672,
        1.96645473,  0.20004244,  0.43669038, -0.01353201, -1.46634324,
       -0.19873091, -0.22091115]), array([ 0.44096863,  0.48896344,  0.2500223 ,  0.36583358,  1.31812852,
        1.96534282,  0.1903832 ,  0.43770682, -0.01494652, -1.43071082,
       -0.20763977, -0.22238194]), array([ 0.44187079,  0.49115506,  0.24993905,  0.35886107,  1.31704785,
        1.96422403,  0.18043169,  0.43832401, -0.01664946, -1.39450163,
       -0.21613314, -0.22375823]), array([ 0.44272187,  0.49334766,  0.24984582,  0.35207218,  1.31592712,
        1.96309881,  0.17021585,  0.43852158, -0.01864717, -1.35777856,
       -0.22414704, -0.22504448]), array([ 0.44352068,  0.49553906,  0.24974109,  0.34546918,  1.31476901,
        1.96196758,  0.15976163,  0.43828035, -0.02094549, -1.32060006,
       -0.23162098, -0.22624531]), array([ 0.44426614,  0.49772698,  0.24962334,  0.33905408,  1.31357652,
        1.96083076,  0.14909312,  0.43758237, -0.02354971, -1.28302033,
       -0.23849816, -0.22736535]), array([ 0.44495731,  0.49990903,  0.24949102,  0.33282863,  1.31235289,
        1.95968871,  0.13823254,  0.43641101, -0.02646459, -1.24508934,
       -0.24472558, -0.22840931]), array([ 0.44559331,  0.50208279,  0.24934255,  0.32679437,  1.31110162,
        1.9585418 ,  0.12720032,  0.43475102, -0.02969425, -1.20685301,
       -0.25025415, -0.22938186]), array([ 0.44617338,  0.50424573,  0.24917634,  0.3209526 ,  1.30982643,
        1.95739036,  0.1160152 ,  0.43258857, -0.0332422 , -1.16835333,
       -0.25503877, -0.23028763]), array([ 0.44669686,  0.50639529,  0.24899078,  0.31530446,  1.30853124,
        1.95623471,  0.10469426,  0.42991128, -0.03711128, -1.1296285 ,
       -0.25903842, -0.23113116]), array([ 0.44716312,  0.50852883,  0.24878426,  0.30985089,  1.30722016,
        1.95507512,  0.09325306,  0.42670827, -0.04130369, -1.09071304,
       -0.26221616, -0.23191689]), array([ 0.44757165,  0.51064368,  0.24855516,  0.3045927 ,  1.30589746,
        1.95391188,  0.08170564,  0.42297017, -0.04582095, -1.05163799,
       -0.26453915, -0.23264914]), array([ 0.44791523,  0.51276562,  0.24826133,  0.29954405,  1.30414151,
        1.95276023,  0.06871721,  0.42438775, -0.05876458, -1.00973076,
       -0.35118965, -0.23033012])], 'U_history': [array([ 60.        ,  60.        ,  -6.28492004,  10.        ,
       -10.        , -10.        ]), array([ 60.        , -60.        ,  -2.38479093,  10.        ,
       -10.        ,  10.        ]), array([ 60.        , -60.        ,   3.52647408, -10.        ,
         2.99036703,  10.        ]), array([ 60.        ,  60.        ,   5.08889986, -10.        ,
         3.89802257, -10.        ]), array([ 60.        ,  60.        ,   0.24011957,  10.        ,
         0.18585582, -10.        ]), array([12.        , 12.        , -0.27523569,  2.        , -0.03860122,
        2.        ]), array([ 8.17377173, 12.        ,  0.64845637, -2.        ,  0.30794367,
        2.        ]), array([ 2.71687647, 48.        ,  3.65262219,  8.        ,  1.80455038,
       -8.        ]), array([ -0.41358274, -60.        ,  -2.19415004, -10.        ,
        -0.07296644,  10.        ]), array([  1.45272346,  60.        ,  10.59413572, -10.        ,
         4.8133942 , -10.        ]), array([ 1.14047484e-01, -6.00000000e+01, -1.82552039e+00,  1.00000000e+01,
       -4.84774554e-02,  1.00000000e+01]), array([  0.69923931,  60.        ,  10.21297463, -10.        ,
         4.78672028, -10.        ]), array([-7.05964134e-02, -6.00000000e+01, -1.84499886e+00,  1.00000000e+01,
        2.92648848e-02,  1.00000000e+01]), array([  0.34473303,  60.        ,  10.2127683 ,  10.        ,
         4.78578834, -10.        ]), array([ -0.75342816, -60.        ,  -1.70977614, -10.        ,
         0.25862407,  10.        ]), array([  0.75690374,  60.        ,  10.18723198,  10.        ,
         4.69934197, -10.        ]), array([ -0.66123329, -60.        ,  -1.66904322, -10.        ,
         0.29009371,  10.        ]), array([  1.11874882,  60.        ,  10.30762687, -10.        ,
         4.71299264, -10.        ]), array([ -0.27354992, -60.        ,  -1.55242179,  10.        ,
         0.24252744,  10.        ]), array([-3.69561854e-02,  6.00000000e+01,  9.95448849e+00,  1.00000000e+01,
        4.72678703e+00, -1.00000000e+01]), array([ -0.38235837, -48.        ,  -1.15107139,  -8.        ,
         0.33636186,  -8.        ]), array([-1.03375619, 60.        , 10.0424981 , 10.        ,  4.89299522,
       10.        ]), array([  0.18143729, -60.        ,  -1.62280007, -10.        ,
         0.25972577, -10.        ]), array([-1.20216653, 60.        ,  9.9007348 , 10.        ,  4.84053481,
       10.        ]), array([  0.31413619, -60.        ,  -1.4969379 , -10.        ,
         0.32512583, -10.        ]), array([-1.50022179, 60.        ,  9.73219529, 10.        ,  4.78707922,
       10.        ]), array([  0.4275497 , -60.        ,  -1.37859144, -10.        ,
         0.38875394, -10.        ]), array([ -0.63706127,  60.        ,   9.99552459, -10.        ,
         4.8253617 ,  10.        ]), array([ -0.40915483, -60.        ,  -1.30250797,  10.        ,
         0.38637897, -10.        ]), array([ -0.42826618,  60.        ,   9.49210364, -10.        ,
         4.68376628,  10.        ]), array([ -0.39066519, -60.        ,  -1.18494069,  10.        ,
         0.47624833, -10.        ]), array([ -0.38827459,  60.        ,   9.36081822, -10.        ,
         4.60220204,  10.        ]), array([ -0.38706956, -60.        ,  -1.07473471,  10.        ,
         0.55924909, -10.        ]), array([ -0.56584777,  60.        ,   9.17249108, -10.        ,
         4.51738441,  10.        ]), array([  0.27126804, -60.        ,  -0.80763195,  10.        ,
         0.64776789, -10.        ]), array([-1.09495573, 60.        ,  9.37132878, 10.        ,  4.5561199 ,
       10.        ]), array([  0.93724379, -60.        ,  -0.86571387, -10.        ,
         0.74175483, -10.        ]), array([-1.86748865, 60.        ,  8.9223051 , 10.        ,  4.39961118,
       10.        ]), array([  0.80090421, -60.        ,  -0.72758484, -10.        ,
         0.83129136, -10.        ]), array([-1.63415713, 60.        ,  8.73673472, 10.        ,  4.27624237,
       10.        ]), array([  0.71631453, -60.        ,  -0.59444738, -10.        ,
         0.91320824, -10.        ]), array([-1.41059608, 60.        ,  8.55043751, 10.        ,  4.15616406,
       10.        ]), array([  0.65953266, -60.        ,  -0.46500045, -10.        ,
         0.98831948, -10.        ]), array([-1.19544063, 60.        ,  8.36437997, 10.        ,  4.03935835,
       10.        ]), array([  0.64339643, -60.        ,  -0.33824695, -10.        ,
         1.05653809, -10.        ]), array([-0.74051904, 60.        ,  8.22040104, 10.        ,  3.92503633,
       10.        ]), array([ 3.27206183e-02, -6.00000000e+01,  1.73797275e+00,  1.00000000e+01,
        1.85716066e+00, -1.00000000e+01]), array([ -0.08488633, -60.        ,   2.97666659, -10.        ,
         1.9873204 ,  10.        ]), array([  1.19359265,  60.        ,   7.24125726,  10.        ,
         3.35008427, -10.        ]), array([ -0.87655622, -60.        ,  -1.0562088 , -10.        ,
         1.24683358,  10.        ]), array([ 1.39625711, 60.        ,  7.39680145, 10.        ,  3.48702832,
       10.        ]), array([  1.65112379, -60.        ,  -0.55372108, -10.        ,
         1.036034  , -10.        ]), array([3.33698713e-03, 6.00000000e+01, 7.05911967e+00, 1.00000000e+01,
       3.65488830e+00, 1.00000000e+01]), array([  1.70082139, -60.        ,  -0.69932637, -10.        ,
         0.87571611, -10.        ]), array([ 0.13748193, 60.        ,  7.20745152, 10.        ,  3.78185081,
       10.        ]), array([  1.75441285, -60.        ,  -0.84659466, -10.        ,
         0.72093959, -10.        ]), array([ 0.27596946, 60.        ,  7.35075435, 10.        ,  3.90237908,
       10.        ]), array([  1.8107484 , -60.        ,  -0.99041374, -10.        ,
         0.57094974, -10.        ]), array([ 0.41449866, 60.        ,  7.46136284, 10.        ,  4.00751613,
       10.        ]), array([  1.85064127, -60.        ,  -1.48963633, -10.        ,
         0.30624759, -10.        ]), array([ 0.50370182, 60.        ,  6.56586892, 10.        ,  3.79182017,
       10.        ]), array([  2.06530798,  60.        ,   3.06885636, -10.        ,
         1.62855465, -10.        ]), array([ -0.13951609, -60.        ,  -0.84416727,  10.        ,
         0.28690743,  10.        ]), array([  1.86042846,  60.        ,   8.69389359, -10.        ,
         4.37286157, -10.        ]), array([  0.10468614, -60.        ,  -0.75227054,  10.        ,
         0.33060812,  10.        ]), array([  1.9130753 ,  60.        ,   8.53705208, -10.        ,
         4.29015888, -10.        ]), array([  0.29431692, -60.        ,  -0.62841559,  10.        ,
         0.35989801,  10.        ]), array([  1.96770163,  60.        ,   8.38238969, -10.        ,
         4.20554992, -10.        ]), array([  0.47074374, -60.        ,  -0.61938704,  10.        ,
         0.35254123,  10.        ]), array([  1.95137784,  60.        ,   6.75390649, -10.        ,
         3.64443773, -10.        ]), array([  0.87310961, -60.        ,   4.33418271,  10.        ,
         2.04183296,  10.        ]), array([  2.1077122 , -60.        ,   0.18490202, -10.        ,
         0.23270318, -10.        ]), array([  1.26088957,  60.        ,   8.07191292,  10.        ,
         4.29342306, -10.        ]), array([  0.46939479, -60.        ,  -1.84579717, -10.        ,
         0.38513543,  10.        ]), array([  2.39022396,  60.        ,   8.10617168,  10.        ,
         3.9022331 , -10.        ]), array([  0.46348428, -60.        ,  -1.77728113, -10.        ,
         0.47672213,  10.        ]), array([  3.01186436,  60.        ,   8.18201402, -10.        ,
         3.80855364, -10.        ]), array([  1.40263888, -60.        ,  -0.4190038 ,  10.        ,
         0.6703342 ,  10.        ]), array([  2.72189978,  60.        ,   6.93856487, -10.        ,
         3.52010324, -10.        ]), array([  1.16767016, -60.        ,  -0.36319907,  10.        ,
         0.75606708,  10.        ]), array([  3.10990719,  60.        ,   7.11095168, -10.        ,
         3.46791186, -10.        ]), array([  0.97961007, -60.        ,   1.21034854,  10.        ,
         1.33779797,  10.        ]), array([  3.30523499, -60.        ,   2.24268028, -10.        ,
         1.66293536, -10.        ]), array([ 0.88470366, 60.        ,  6.21253831, 10.        ,  3.25344305,
       10.        ]), array([  4.64453438, -60.        ,  -0.86024506, -10.        ,
         0.71201178, -10.        ]), array([ 1.14878251, 60.        ,  6.26499363, 10.        ,  3.3032823 ,
       10.        ]), array([  3.9434729 , -60.        ,  -0.73543388,  10.        ,
         0.71755942, -10.        ]), array([  0.73879725,  60.        ,   6.0750648 , -10.        ,
         3.47922119,  10.        ]), array([  3.87878388, -60.        ,  -0.41731807,  10.        ,
         0.63885895,  10.        ]), array([  4.72362282,  60.        ,   6.79237821,  10.        ,
         3.30287897, -10.        ]), array([  0.10325913, -60.        ,  -0.96401368, -10.        ,
         1.03588556,  10.        ]), array([  4.91059824,  60.        ,   6.92180691,  10.        ,
         3.11927875, -10.        ]), array([  0.07868222, -60.        ,  -1.18814729, -10.        ,
         0.91759447,  10.        ]), array([  5.34661651,  60.        ,   6.02373285, -10.        ,
         2.78189705, -10.        ]), array([ 2.01168562, 60.        ,  4.74567711, 10.        ,  2.43269177,
       10.        ]), array([  5.22860027, -60.        ,   1.77205192, -10.        ,
         0.91339086, -10.        ]), array([  0.59480075, -60.        ,   4.17995975,  10.        ,
         2.44301381, -10.        ]), array([-2.0173811 , 60.        ,  5.81710336, 10.        ,  3.47664363,
       10.        ]), array([  3.29441987, -60.        ,  -0.10018272, -10.        ,
         0.71223649, -10.        ]), array([ -1.3807724 ,  60.        ,   5.92869446, -10.        ,
         3.26257482,  10.        ]), array([ 6.17347757, 60.        ,  6.56414356, 10.        ,  2.28604096,
       10.        ]), array([  6.41751728, -60.        ,   2.95284551, -10.        ,
         1.18285498, -10.        ]), array([ -0.28028279, -60.        ,   5.16887477,  10.        ,
         2.63274761,  10.        ]), array([  4.92945495,  60.        ,   6.07743966,  10.        ,
         2.72541784, -10.        ]), array([ -1.19608846,  60.        ,   5.37246911, -10.        ,
         3.05798596, -10.        ]), array([ -1.61229116, -60.        ,   4.70518056,  10.        ,
         1.93595923,  10.        ]), array([  1.47687787, -60.        ,   5.34905643, -10.        ,
         2.44912864, -10.        ]), array([-3.87668976, 48.        ,  6.4691741 , -8.        ,  3.30706699,
       -8.        ]), array([ -4.24754494, -60.        ,   3.52390548, -10.        ,
         1.85817492,  10.        ]), array([  5.52243334,  60.        ,  11.17090236, -10.        ,
         3.47066036, -10.        ]), array([ -2.55774555, -60.        ,   6.15035801, -10.        ,
         2.81206128,  10.        ]), array([11.12575576, 60.        , 13.19120671, 10.        ,  3.82745334,
       10.        ]), array([ 13.99585841, -60.        ,  12.66679498,  10.        ,
         4.36355757, -10.        ]), array([-3.74542332, 36.        ,  6.25119398, -6.        ,  2.92612093,
        6.        ]), array([  6.27709693, -12.        ,   4.77446643,  -2.        ,
         1.35835753,   2.        ]), array([ 10.46624327, -12.        ,   4.85709508,  -2.        ,
         1.57916217,  -2.        ]), array([  8.79582779, -12.        ,   6.        ,  -2.        ,
         2.        ,  -2.        ]), array([ 12., -12.,   6.,  -2.,   2.,  -2.]), array([ 12., -12.,   6.,  -2.,   2.,  -2.]), array([  1.57043414,  60.        , -30.        ,  10.        ,
       -10.        ,  10.        ]), array([-4.46283589, -0.881078  , -7.99437099,  3.72506864, -8.59232705,
       -1.58855103]), array([-4.2273038 , -0.97356882, -7.42657479,  3.42101373, -7.29466721,
       -0.97024687]), array([-4.00722475, -1.0510866 , -6.867962  ,  3.13702195, -6.20386347,
       -0.61993332]), array([-3.80155555, -1.11602072, -6.32812083,  2.87358561, -5.28268758,
       -0.41828635]), array([-3.60925087, -1.17008045, -5.81288637,  2.63060655, -4.50081552,
       -0.29941141]), array([-3.42931988, -1.2145061 , -5.32550191,  2.40744924, -3.83355237,
       -0.22688247]), array([-3.26083963, -1.25021369, -4.86742216,  2.20307858, -3.2607869 ,
       -0.1805308 ]), array([-3.10295208, -1.27789437, -4.43887713,  2.01620239, -2.76613619,
       -0.14916038]), array([-2.95485631, -1.29808282, -4.03927193,  1.84539073, -2.3362474 ,
       -0.1265311 ]), array([-2.81580073, -1.31120432, -3.66747184,  1.68916659, -1.96022892,
       -0.10914352]), array([-2.68507676, -1.3176072 , -3.32200595,  1.54607033, -1.62918809,
       -0.09501692]), array([-2.56201428, -1.31758526, -3.00121241,  1.41470289, -1.33585592,
       -0.08301495]), array([-2.4459787 , -1.31139361, -2.70334141,  1.29375283, -1.07428288,
       -0.07247309]), array([-2.33636915, -1.29925972, -2.42662747,  1.18201146, -0.83959245,
       -0.06299249]), array([-2.23261748, -1.28139162, -2.16933932,  1.07837967, -0.62778148,
       -0.05432571]), array([-2.13418788, -1.25798384, -1.92981344,  0.98186884, -0.43555845,
       -0.04631296]), array([-2.04057663, -1.22922203, -1.7064757 ,  0.89159804, -0.26021243,
       -0.03884642]), array([-1.9513121 , -1.19528653, -1.49785428,  0.80678864, -0.09950679,
       -0.03184998]), array([-1.86595468, -1.15635527, -1.3025864 ,  0.72675766,  0.04840715,
       -0.02526769]), array([-1.78409665, -1.1126061 , -1.11942047,  0.6509102 ,  0.18506028,
       -0.01905685]), array([-1.70536196, -1.06421872, -0.94721516,  0.57873177,  0.31172287,
       -0.01318399]), array([-1.62940583, -1.01137626, -0.78493617,  0.50978055,  0.42945125,
       -0.00762221]), array([-1.55591426, -0.95426659, -0.63165157,  0.44368005,  0.53912588,
       -0.00234958]), array([-1.4846033 , -0.89308327, -0.48652615,  0.38011204,  0.64148272,
        0.00265206]), array([-1.41521828, -0.82802634, -0.34881523,  0.31881005,  0.73713886,
        0.00739792]), array([-1.34753281, -0.75930286, -0.21785817,  0.25955324,  0.82661369,
        0.01190083]), array([-1.28134774, -0.68712715, -0.09307172,  0.20216091,  0.91034642,
        0.01617175]), array([-1.21648997, -0.61172091,  0.02605639,  0.14648737,  0.98871053,
        0.02022016]), array([-1.15281117, -0.5333131 ,  0.13997388,  0.09241733,  1.06202574,
        0.02405432]), array([-1.09018647, -0.45213963,  0.24907   ,  0.03986173,  1.13056803,
        0.02768157]), array([-1.02851298, -0.36844294,  0.35368131, -0.01124602,  1.19457791,
        0.03110849]), array([-0.96770844, -0.28247131,  0.45409726, -0.06095346,  1.25426731,
        0.03434112]), array([-0.90770965, -0.19447822,  0.55056527, -0.10929214,  1.30982532,
        0.03738506]), array([-0.84847098, -0.10472137,  0.6432956 , -0.15628031,  1.36142293,
        0.04024561]), array([-0.78996289, -0.01346184,  0.7324658 , -0.20192535,  1.40921698,
        0.04292789]), array([-0.73217041,  0.07903703,  0.8182249 , -0.246226  ,  1.45335339,
        0.04543685]), array([-0.67509163,  0.17251069,  0.90069713, -0.28917421,  1.49396976,
        0.0477774 ]), array([-0.61873624,  0.26669452,  0.9799855 , -0.33075685,  1.53119759,
        0.04995443]), array([-0.56312411,  0.36132496,  1.05617489, -0.3709572 ,  1.56516388,
        0.05197286]), array([-0.50828386,  0.45614071,  1.12933502, -0.40975626,  1.59599252,
        0.05383764]), array([-0.45425159,  0.55088382,  1.19952298, -0.44713384,  1.62380533,
        0.0555538 ]), array([-0.40106953,  0.64530088,  1.2667856 , -0.48306953,  1.64872273,
        0.05712643]), array([-0.34878485,  0.73914403,  1.33116154, -0.51754352,  1.67086434,
        0.05856071]), array([-0.29744852,  0.83217203,  1.39268313, -0.55053731,  1.69034926,
        0.0598619 ]), array([-0.24711418,  0.9241512 ,  1.45137802, -0.58203424,  1.70729627,
        0.06103529]), array([-0.19783719,  1.01485637,  1.50727059, -0.61201996,  1.72182383,
        0.06208628]), array([-0.14967367,  1.10407165,  1.56038318, -0.6404828 ,  1.73405008,
        0.06302027]), array([-0.10267964,  1.19159119,  1.61073722, -0.66741407,  1.74409262,
        0.06384269]), array([-0.05691027,  1.27721983,  1.65835403, -0.6928082 ,  1.75206832,
        0.064559  ]), array([-0.01241915,  1.36077365,  1.70325566, -0.71666293,  1.75809309,
        0.06517461]), array([ 0.03074228,  1.44208049,  1.7454655 , -0.73897937,  1.76228154,
        0.06569493]), array([ 0.07252535,  1.52098027,  1.78500874, -0.75976201,  1.76474671,
        0.0661253 ]), array([ 0.11288455,  1.59732533,  1.82191284, -0.77901868,  1.76559972,
        0.066471  ]), array([ 0.15177797,  1.67098058,  1.85620775, -0.79676055,  1.7649495 ,
        0.0667372 ]), array([ 0.18916764,  1.7418237 ,  1.88792618, -0.81300197,  1.76290246,
        0.06692898]), array([ 0.22501978,  1.80974513,  1.91710373, -0.82776042,  1.7595622 ,
        0.06705128]), array([ 0.25930499,  1.87464803,  1.94377893, -0.84105629,  1.75502929,
        0.06710894]), array([ 0.29199845,  1.93644819,  1.9679933 , -0.85291282,  1.74940098,
        0.06710659]), array([ 0.32307995,  1.99507388,  1.9897913 , -0.86335583,  1.74277106,
        0.06704874]), array([ 0.35253398,  2.05046558,  2.00922024, -0.87241365,  1.73522964,
        0.06693972]), array([ 0.38034974,  2.10257573,  2.0263302 , -0.88011683,  1.72686302,
        0.06678368]), array([ 0.40652105,  2.15136838,  2.04117388, -0.88649805,  1.71775361,
        0.06658456]), array([ 0.43104632,  2.19681881,  2.05380646, -0.89159185,  1.70797979,
        0.06634615]), array([ 0.45392844,  2.23891314,  2.06428538, -0.89543451,  1.69761594,
        0.06607202]), array([ 0.47517462,  2.27764789,  2.07267022, -0.89806381,  1.68673237,
        0.06576555]), array([ 0.49479625,  2.31302948,  2.07902244, -0.8995189 ,  1.67539534,
        0.06542993]), array([ 0.51280872,  2.34507378,  2.08340523, -0.89984008,  1.66366709,
        0.06506816]), array([ 0.5292312 ,  2.37380561,  2.08588325, -0.89906865,  1.65160592,
        0.06468305]), array([ 0.54408648,  2.39925818,  2.08652248, -0.89724676,  1.63926623,
        0.06427722]), array([ 0.55740068,  2.42147262,  2.08538999, -0.89441721,  1.62669864,
        0.06385311]), array([ 0.56920308,  2.44049745,  2.08255373, -0.89062336,  1.61395007,
        0.063413  ]), array([ 0.57952587,  2.45638804,  2.07808235, -0.88590893,  1.60106392,
        0.06295898]), array([ 2.92676663e+00,  4.64896177e+00,  3.71122296e+00, -3.19640646e+00,
        2.78205590e+00,  1.13136558e-15]), array([ 3.39051071e+00,  4.45859787e+00,  3.49853843e+00, -3.37767805e+00,
        2.47851600e+00, -1.75889361e-16]), array([ 3.72251962e+00,  4.25825632e+00,  3.31048234e+00, -3.48686636e+00,
        2.24686678e+00,  1.29249165e-15]), array([ 3.95107637e+00,  4.04984526e+00,  3.14045067e+00, -3.53964488e+00,
        2.06987773e+00,  1.85230985e-15]), array([ 4.09858906e+00,  3.83586033e+00,  2.98404802e+00, -3.54866179e+00,
        1.93443290e+00,  1.40758823e-15]), array([ 4.18277909e+00,  3.61901163e+00,  2.83840906e+00, -3.52409221e+00,
        1.83054107e+00,  1.89714602e-15]), array([ 4.21763567e+00,  3.40197530e+00,  2.70171097e+00, -3.47409079e+00,
        1.75058743e+00,  2.59363852e-15]), array([ 4.21418115e+00,  3.18723796e+00,  2.57282644e+00, -3.40516353e+00,
        1.68876633e+00,  1.79713350e-15]), array([ 4.18108419e+00,  2.97700794e+00,  2.45107961e+00, -3.32247381e+00,
        1.64065050e+00,  1.75143950e-15]), array([ 4.12515007e+00,  2.77317340e+00,  2.33607654e+00, -3.23009433e+00,
        1.60286345e+00,  4.87826634e-16]), array([ 4.05171246e+00,  2.57729186e+00,  2.22758943e+00, -3.13121459e+00,
        1.57283003e+00,  8.56512549e-16]), array([ 3.96494586e+00,  2.39060006e+00,  2.12547909e+00, -3.02831161e+00,
        1.54858655e+00,  1.21204257e-15]), array([ 3.86811435e+00,  2.21403594e+00,  2.02964455e+00, -2.92329012e+00,
        1.52863601e+00,  2.70359043e-15]), array([ 3.76376934e+00,  2.04826730e+00,  1.93999141e+00, -2.81759754e+00,
        1.51183790e+00,  1.10424708e-15]), array([ 3.65390630e+00,  1.89372300e+00,  1.85641331e+00, -2.71231797e+00,
        1.49732430e+00,  1.05792745e-15]), array([ 3.54008865e+00,  1.75062456e+00,  1.77878210e+00, -2.60824879e+00,
        1.48443592e+00,  1.68840097e-15]), array([ 3.42354542e+00,  1.61901621e+00,  1.70694371e+00, -2.50596284e+00,
        1.47267352e+00,  1.27907105e-15]), array([ 3.30524786e+00,  1.49879287e+00,  1.64071783e+00, -2.40585878e+00,
        1.46166088e+00,  1.22365718e-15]), array([ 3.18596935e+00,  1.38972528e+00,  1.57989972e+00, -2.30820145e+00,
        1.45111665e+00,  1.14281151e-15]), array([ 3.06633190e+00,  1.29148244e+00,  1.52426324e+00, -2.21315434e+00,
        1.44083289e+00,  1.67337814e-16]), array([ 2.94684201e+00,  1.20365121e+00,  1.47356453e+00, -2.12080523e+00,
        1.43065875e+00,  7.73650471e-18]), array([ 2.82791820e+00,  1.12575336e+00,  1.42754578e+00, -2.03118652e+00,
        1.42048791e+00,  8.22945821e-16]), array([ 2.70991185e+00,  1.05726027e+00,  1.38593894e+00, -1.94429106e+00,
        1.41024903e+00, -1.49483090e-16]), array([ 2.59312281e+00,  9.97605518e-01,  1.34846913e+00, -1.86008439e+00,
        1.39989835e+00,  7.29988100e-16]), array([ 2.47781095e+00,  9.46195698e-01,  1.31485774e+00, -1.77851409e+00,
        1.38941388e+00,  8.40949445e-16]), array([ 2.36420460e+00,  9.02419584e-01,  1.28482518e+00, -1.69951680e+00,
        1.37879097e+00,  6.49835263e-16]), array([ 2.25250648e+00,  8.65655994e-01,  1.25809321e+00, -1.62302331e+00,
        1.36803866e+00, -9.52800685e-18]), array([ 2.14289786e+00,  8.35280482e-01,  1.23438701e+00, -1.54896230e+00,
        1.35717683e+00,  8.23500136e-16]), array([ 2.03554131e+00,  8.10671038e-01,  1.21343686e+00, -1.47726278e+00,
        1.34623389e+00,  1.99600697e-16]), array([ 1.93058246e+00,  7.91212965e-01,  1.19497960e+00, -1.40785573e+00,
        1.33524475e+00,  3.08404670e-16]), array([ 1.82815105e+00,  7.76303035e-01,  1.17875982e+00, -1.34067505e+00,
        1.32424927e+00,  5.85188730e-16]), array([ 1.72836146e+00,  7.65353026e-01,  1.16453084e+00, -1.27565796e+00,
        1.31329084e+00,  1.44319480e-16]), array([ 1.63131299e+00,  7.57792734e-01,  1.15205547e+00, -1.21274507e+00,
        1.30241517e+00,  2.49904576e-16]), array([ 1.53708992e+00,  7.53072514e-01,  1.14110667e+00, -1.15188016e+00,
        1.29166929e+00, -2.40498089e-16]), array([ 1.44576148e+00,  7.50665413e-01,  1.13146804e+00, -1.09300979e+00,
        1.28110062e+00,  7.79942404e-16]), array([ 1.35738189,  0.75006893,  1.1229342 , -1.03608285,  1.27075622,
        0.        ]), array([ 1.27199036e+00,  7.50806457e-01,  1.11531099e+00, -9.81049993e-01,
        1.26068205e+00,  2.39807528e-16]), array([ 1.18961122e+00,  7.52428373e-01,  1.10841573e+00, -9.27863113e-01,
        1.25092249e+00,  2.42163761e-16]), array([ 1.11025420e+00,  7.54512919e-01,  1.10207725e+00, -8.76474825e-01,
        1.24151974e+00,  2.06787528e-16]), array([ 1.03391473e+00,  7.56666769e-01,  1.09613593e+00, -8.26837985e-01,
        1.23251346e+00,  5.87533286e-17]), array([ 9.60574406e-01,  7.58525376e-01,  1.09044363e+00, -7.78905268e-01,
        1.22394045e+00,  2.26086969e-16]), array([ 8.90201611e-01,  7.59753097e-01,  1.08486358e+00, -7.32628817e-01,
        1.21583432e+00,  4.18217577e-16]), array([ 8.22752151e-01,  7.60043108e-01,  1.07927024e+00, -6.87959954e-01,
        1.20822536e+00,  2.32701037e-16]), array([ 7.58170054e-01,  7.59117140e-01,  1.07354905e+00, -6.44848969e-01,
        1.20114038e+00,  4.61041659e-16]), array([ 6.96388412e-01,  7.56725028e-01,  1.06759619e+00, -6.03244969e-01,
        1.19460261e+00, -2.45274282e-17]), array([ 6.37330302e-01,  7.52644124e-01,  1.06131829e+00, -5.63095803e-01,
        1.18863171e+00,  2.32437959e-16]), array([ 5.80909741e-01,  7.46678550e-01,  1.05463207e+00, -5.24348034e-01,
        1.18324376e+00,  1.31990326e-16]), array([ 5.27032686e-01,  7.38658348e-01,  1.04746400e+00, -4.86946969e-01,
        1.17845134e+00,  3.61909182e-17]), array([ 4.75598040e-01,  7.28438512e-01,  1.03974987e+00, -4.50836742e-01,
        1.17426362e+00,  1.15367034e-16]), array([ 4.26498668e-01,  7.15897938e-01,  1.03143443e+00, -4.15960426e-01,
        1.17068647e+00, -7.34272500e-17]), array([ 3.79622402e-01,  7.00938296e-01,  1.02247091e+00, -3.82260178e-01,
        1.16772264e+00,  1.25199600e-17]), array([ 3.34853026e-01,  6.83482847e-01,  1.01282060e+00, -3.49677419e-01,
        1.16537190e+00, -9.55940787e-17]), array([ 2.92071232e-01,  6.63475218e-01,  1.00245237e+00, -3.18153024e-01,
        1.16363125e+00,  7.84357721e-17]), array([ 2.51155534e-01,  6.40878147e-01,  9.91342226e-01, -2.87627522e-01,
        1.16249508e+00, -4.23163944e-17]), array([ 2.11983142e-01,  6.15672215e-01,  9.79472823e-01, -2.58041315e-01,
        1.16195542e+00, -1.08567043e-16]), array([ 1.74430781e-01,  5.87854575e-01,  9.66833005e-01, -2.29334889e-01,
        1.16200209e+00,  1.75847542e-17]), array([ 1.38375456e-01,  5.57437685e-01,  9.53417340e-01, -2.01449027e-01,
        1.16262292e+00,  6.63131549e-17]), array([ 1.03695159e-01,  5.24448068e-01,  9.39225660e-01, -1.74325012e-01,
        1.16380398e+00, -1.07027741e-17]), array([ 7.02695145e-02,  4.88925092e-01,  9.24262612e-01, -1.47904831e-01,
        1.16552973e+00, -3.20317688e-16]), array([ 3.79803662e-02,  4.50919794e-01,  9.08537221e-01, -1.22131354e-01,
        1.16778321e+00,  1.44873947e-16]), array([ 6.71229869e-03,  4.10493737e-01,  8.92062464e-01, -9.69485119e-02,
        1.17054623e+00, -2.51480971e-16]), array([0., 0., 0., 0., 0., 0.])], 'ball_pos_history': [array([-3.56855438, -8.02332622,  1.36406768]), array([-3.55289897, -7.98113727,  1.3513574 ]), array([-3.53724356, -7.93894831,  1.33840188]), array([-3.52158815, -7.89675935,  1.32520111]), array([-3.50593274, -7.85457039,  1.31175508]), array([-3.49027734, -7.81238143,  1.29806381]), array([-3.47462193, -7.77019248,  1.28412728]), array([-3.45896652, -7.72800352,  1.26994551]), array([-3.44331111, -7.68581456,  1.25551849]), array([-3.4276557 , -7.6436256 ,  1.24084621]), array([-3.41200029, -7.60143665,  1.22592869]), array([-3.39634488, -7.55924769,  1.21076592]), array([-3.38068947, -7.51705873,  1.19535789]), array([-3.36503406, -7.47486977,  1.17970462]), array([-3.34937865, -7.43268081,  1.1638061 ]), array([-3.33372324, -7.39049186,  1.14766232]), array([-3.31806784, -7.3483029 ,  1.1312733 ]), array([-3.30241243, -7.30611394,  1.11463902]), array([-3.28675702, -7.26392498,  1.0977595 ]), array([-3.27110161, -7.22173602,  1.08063473]), array([-3.2554462 , -7.17954707,  1.0632647 ]), array([-3.23979079, -7.13735811,  1.04564943]), array([-3.22413538, -7.09516915,  1.02778891]), array([-3.20847997, -7.05298019,  1.00968313]), array([-3.19282456, -7.01079124,  0.99133211]), array([-3.17716915, -6.96860228,  0.97273584]), array([-3.16151374, -6.92641332,  0.95389431]), array([-3.14585833, -6.88422436,  0.93480754]), array([-3.13020293, -6.8420354 ,  0.91547552]), array([-3.11454752, -6.79984645,  0.89589824]), array([-3.09889211, -6.75765749,  0.87607572]), array([-3.0832367 , -6.71546853,  0.85600794]), array([-3.06758129, -6.67327957,  0.83569492]), array([-3.05192588, -6.63109061,  0.81513665]), array([-3.03627047, -6.58890166,  0.79433312]), array([-3.02061506, -6.5467127 ,  0.77328435]), array([-3.00495965, -6.50452374,  0.75199033]), array([-2.98930424, -6.46233478,  0.73045105]), array([-2.97364883, -6.42014583,  0.70866653]), array([-2.95799343, -6.37795687,  0.68663676]), array([-2.94233802, -6.33576791,  0.66436173]), array([-2.92668261, -6.29357895,  0.64184146]), array([-2.9110272 , -6.25138999,  0.61907593]), array([-2.89537179, -6.20920104,  0.59606516]), array([-2.87971638, -6.16701208,  0.57280914]), array([-2.86406097, -6.12482312,  0.54930786]), array([-2.84840556, -6.08263416,  0.52556134]), array([-2.83275015, -6.0404452 ,  0.50156957]), array([-2.81709474, -5.99825625,  0.47733254]), array([-2.80143933, -5.95606729,  0.45285027]), array([-2.78578393, -5.91387833,  0.42812275]), array([-2.77012852, -5.87168937,  0.40314997]), array([-2.75447311, -5.82950041,  0.37793195]), array([-2.7388177 , -5.78731146,  0.35246868]), array([-2.72316229, -5.7451225 ,  0.32676015]), array([-2.70750688, -5.70293354,  0.30080638]), array([-2.69185147, -5.66074458,  0.27460735]), array([-2.67619606, -5.61855563,  0.24816308]), array([-2.66054065, -5.57636667,  0.22147356]), array([-2.64488524, -5.53417771,  0.19453878]), array([-2.62922983, -5.49198875,  0.16735876]), array([-2.61357443, -5.44979979,  0.13993349]), array([-2.59791902, -5.40761084,  0.11226296]), array([-2.58226361, -5.36542188,  0.08434719]), array([-2.5666082 , -5.32323292,  0.05618617]), array([-2.55095279, -5.28104396,  0.033     ]), array([-2.53608015, -5.24096445,  0.05405946]), array([-2.52120751, -5.20088494,  0.07487366]), array([-2.50633487, -5.16080543,  0.09544262]), array([-2.49146223, -5.12072592,  0.11576632]), array([-2.4765896 , -5.08064641,  0.13584478]), array([-2.46171696, -5.0405669 ,  0.15567798]), array([-2.44684432, -5.00048739,  0.17526594]), array([-2.43197168, -4.96040788,  0.19460864]), array([-2.41709904, -4.92032837,  0.2137061 ]), array([-2.4022264 , -4.88024886,  0.2325583 ]), array([-2.38735376, -4.84016935,  0.25116526]), array([-2.37248112, -4.80008984,  0.26952696]), array([-2.35760849, -4.76001033,  0.28764342]), array([-2.34273585, -4.71993082,  0.30551462]), array([-2.32786321, -4.67985131,  0.32314058]), array([-2.31299057, -4.6397718 ,  0.34052128]), array([-2.29811793, -4.59969229,  0.35765674]), array([-2.28324529, -4.55961278,  0.37454694]), array([-2.26837265, -4.51953327,  0.3911919 ]), array([-2.25350002, -4.47945376,  0.4075916 ]), array([-2.23862738, -4.43937425,  0.42374606]), array([-2.22375474, -4.39929474,  0.43965526]), array([-2.2088821 , -4.35921523,  0.45531922]), array([-2.19400946, -4.31913572,  0.47073792]), array([-2.17913682, -4.27905621,  0.48591138]), array([-2.16426418, -4.2389767 ,  0.50083959]), array([-2.14939155, -4.19889719,  0.51552254]), array([-2.13451891, -4.15881768,  0.52996025]), array([-2.11964627, -4.11873817,  0.5441527 ]), array([-2.10477363, -4.07865866,  0.55809991]), array([-2.08990099, -4.03857915,  0.57180186]), array([-2.07502835, -3.99849964,  0.58525857]), array([-2.06015571, -3.95842013,  0.59847002]), array([-2.04528307, -3.91834062,  0.61143623]), array([-2.03041044, -3.87826111,  0.62415718]), array([-2.0155378 , -3.8381816 ,  0.63663289]), array([-2.00066516, -3.79810209,  0.64886334]), array([-1.98579252, -3.75802258,  0.66084855]), array([-1.97091988, -3.71794307,  0.6725885 ]), array([-1.95604724, -3.67786356,  0.68408321]), array([-1.9411746 , -3.63778405,  0.69533266]), array([-1.92630197, -3.59770454,  0.70633687]), array([-1.91142933, -3.55762503,  0.71709582]), array([-1.89655669, -3.51754552,  0.72760953]), array([-1.88168405, -3.47746601,  0.73787798]), array([-1.86681141, -3.4373865 ,  0.74790119]), array([-1.85193877, -3.39730699,  0.75767914]), array([-1.83706613, -3.35722748,  0.76721185]), array([-1.82219349, -3.31714797,  0.7764993 ]), array([-1.80732086, -3.27706846,  0.78554151]), array([-1.79244822, -3.23698895,  0.79433847]), array([-1.77757558, -3.19690944,  0.80289017]), array([-1.76270294, -3.15682993,  0.81119663]), array([-1.7478303 , -3.11675042,  0.81925783]), array([-1.73295766, -3.07667091,  0.82707379]), array([-1.71808502, -3.0365914 ,  0.83464449]), array([-1.70321239, -2.99651189,  0.84196995]), array([-1.68833975, -2.95643238,  0.84905015]), array([-1.67346711, -2.91635287,  0.85588511]), array([-1.65859447, -2.87627336,  0.86247481]), array([-1.64372183, -2.83619385,  0.86881927]), array([-1.62884919, -2.79611434,  0.87491847]), array([-1.61397655, -2.75603483,  0.88077243]), array([-1.59910391, -2.71595532,  0.88638113]), array([-1.58423128, -2.67587581,  0.89174459]), array([-1.56935864, -2.6357963 ,  0.89686279]), array([-1.554486  , -2.59571679,  0.90173575]), array([-1.53961336, -2.55563728,  0.90636345]), array([-1.52474072, -2.51555777,  0.91074591]), array([-1.50986808, -2.47547826,  0.91488311]), array([-1.49499544, -2.43539875,  0.91877507]), array([-1.48012281, -2.39531924,  0.92242177]), array([-1.46525017, -2.35523973,  0.92582323]), array([-1.45037753, -2.31516022,  0.92897943]), array([-1.43550489, -2.27508071,  0.93189039]), array([-1.42063225, -2.23500121,  0.93455609]), array([-1.40575961, -2.1949217 ,  0.93697655]), array([-1.39088697, -2.15484219,  0.93915176]), array([-1.37601433, -2.11476268,  0.94108171]), array([-1.3611417 , -2.07468317,  0.94276642]), array([-1.34626906, -2.03460366,  0.94420587]), array([-1.33139642, -1.99452415,  0.94540008]), array([-1.31652378, -1.95444464,  0.94634903]), array([-1.30165114, -1.91436513,  0.94705274]), array([-1.2867785 , -1.87428562,  0.94751119]), array([-1.27190586, -1.83420611,  0.9477244 ]), array([-1.25703323, -1.7941266 ,  0.94769235]), array([-1.24216059, -1.75404709,  0.94741506]), array([-1.22728795, -1.71396758,  0.94689251]), array([-1.21241531, -1.67388807,  0.94612472]), array([-1.19754267, -1.63380856,  0.94511167]), array([-1.18267003, -1.59372905,  0.94385338]), array([-1.16779739, -1.55364954,  0.94234983]), array([-1.15292476, -1.51357003,  0.94060104]), array([-1.13805212, -1.47349052,  0.93860699]), array([-1.12317948, -1.43341101,  0.9363677 ]), array([-1.10830684, -1.3933315 ,  0.93388315]), array([-1.0934342 , -1.35325199,  0.93115336]), array([-1.07856156, -1.31317248,  0.92817831]), array([-1.06368892, -1.27309297,  0.92495802]), array([-1.04881628, -1.23301346,  0.92149247]), array([-1.03394365, -1.19293395,  0.91778168]), array([-1.01907101, -1.15285444,  0.91382564]), array([-1.00419837, -1.11277493,  0.90962434]), array([-0.98932573, -1.07269542,  0.9051778 ]), array([-0.97445309, -1.03261591,  0.900486  ]), array([-0.95958045, -0.9925364 ,  0.89554896]), array([-0.94470781, -0.95245689,  0.89036666]), array([-0.92983518, -0.91237738,  0.88493912]), array([-0.91496254, -0.87229787,  0.87926632]), array([-0.9000899 , -0.83221836,  0.87334828]), array([-0.88521726, -0.79213885,  0.86718498]), array([-0.87034462, -0.75205934,  0.86077644]), array([-0.85547198, -0.71197983,  0.85412264]), array([-0.84059934, -0.67190032,  0.8472236 ]), array([-0.8257267 , -0.63182081,  0.8400793 ]), array([-0.81085407, -0.5917413 ,  0.83268976]), array([-0.79598143, -0.55166179,  0.82505496]), array([-0.78110879, -0.51158228,  0.81717492]), array([-0.76623615, -0.47150277,  0.80904962]), array([-0.75136351, -0.43142326,  0.80067908]), array([-0.73649087, -0.39134375,  0.79206328]), array([-0.72161823, -0.35126424,  0.78320224]), array([-0.7067456 , -0.31118473,  0.77409594]), array([-0.69187296, -0.27110522,  0.7647444 ]), array([-0.67700032, -0.23102571,  0.7551476 ]), array([-0.66212768, -0.1909462 ,  0.74530556]), array([-0.64725504, -0.15086669,  0.73521827]), array([-0.6323824 , -0.11078718,  0.72488572]), array([-0.61750976, -0.07070767,  0.71430793]), array([-0.60263712, -0.03062816,  0.70348488]), array([-0.58776449,  0.00945135,  0.69241659]), array([-0.57289185,  0.04953086,  0.68110304]), array([-0.55801921,  0.08961037,  0.66954425]), array([-0.54314657,  0.12968988,  0.6577402 ]), array([-0.52827393,  0.16976939,  0.64569091]), array([-0.51340129,  0.2098489 ,  0.63339636]), array([-0.49852865,  0.24992841,  0.62085657]), array([-0.48365602,  0.29000792,  0.60807152]), array([-0.46878338,  0.33008743,  0.59504123]), array([-0.45391074,  0.37016694,  0.58176568]), array([-0.4390381 ,  0.41024645,  0.56824489]), array([-0.42416546,  0.45032596,  0.55447884]), array([-0.40929282,  0.49040547,  0.54046755]), array([-0.39442018,  0.53048498,  0.526211  ]), array([-0.37954755,  0.57056449,  0.51170921]), array([-0.36467491,  0.610644  ,  0.49696216]), array([-0.34980227,  0.65072351,  0.48196987]), array([-0.33492963,  0.69080302,  0.46673232]), array([-0.32005699,  0.73088253,  0.45124953]), array([-0.30518435,  0.77096204,  0.43552148]), array([-0.29031171,  0.81104155,  0.41954819]), array([-0.27543907,  0.85112106,  0.40332965]), array([-0.26056644,  0.89120057,  0.38686585]), array([-0.2456938 ,  0.93128008,  0.37015681]), array([-0.23082116,  0.97135959,  0.35320251]), array([-0.21594852,  1.0114391 ,  0.33600297]), array([-0.20107588,  1.05151861,  0.31855817]), array([-0.18620324,  1.09159812,  0.30086813]), array([-0.1713306 ,  1.13167763,  0.28293283]), array([-0.15645797,  1.17175714,  0.26475229]), array([-0.14158533,  1.21183665,  0.24632649]), array([-0.12671269,  1.25191616,  0.22765545]), array([-0.11184005,  1.29199567,  0.20873915]), array([-0.09696741,  1.33207518,  0.18957761]), array([-0.08209477,  1.37215469,  0.17017081]), array([-0.06722213,  1.4122342 ,  0.15051877]), array([-0.05234949,  1.45231371,  0.13062147]), array([-0.03747686,  1.49239322,  0.11047893]), array([-0.02260422,  1.53247273,  0.09009113]), array([-0.00773158,  1.57255224,  0.06945809]), array([0.00714106, 1.61263175, 0.04857979]), array([0.0220137 , 1.65271126, 0.033     ]), array([0.03614271, 1.6907868 , 0.04859741]), array([0.05027171, 1.72886233, 0.06394957]), array([0.06440072, 1.76693787, 0.07905648]), array([0.07852973, 1.8050134 , 0.09391813]), array([0.09265873, 1.84308893, 0.10853454]), array([0.10678774, 1.88116447, 0.1229057 ]), array([0.12091675, 1.91924   , 0.13703161]), array([0.13504575, 1.95731554, 0.15091227]), array([0.14917476, 1.99539107, 0.16454768]), array([0.16330377, 2.03346661, 0.17793784]), array([0.17743277, 2.07154214, 0.19108274]), array([0.19156178, 2.10961768, 0.2039824 ]), array([0.20569079, 2.14769321, 0.21663681]), array([0.21981979, 2.18576874, 0.22904597]), array([0.2339488 , 2.22384428, 0.24120988]), array([0.24807781, 2.26191981, 0.25312854])], 'distances_history': [8.42602376292481, 8.379949586960134, 8.333691900243979, 8.28522029691831, 8.234338800088851, 8.182729617847386, 8.130926470596659, 8.078699427806747, 8.026819902662755, 7.974349125365587, 7.920789954180378, 7.868189766559507, 7.814551038263443, 7.761899533527367, 7.709676288297411, 7.656986147149765, 7.604730109682038, 7.552044849504511, 7.4983794225535885, 7.445782041879763, 7.3936608740260965, 7.34142082692648, 7.289484401820611, 7.23738780709169, 7.185616779013503, 7.133712512916184, 7.082159274365246, 7.030498156996945, 6.977780220275602, 6.9264465860806, 6.8740726267187835, 6.8231052142298525, 6.771111867434255, 6.720548957744345, 6.668979537468191, 6.618849301818182, 6.569145774387502, 6.519444398194383, 6.470211644211942, 6.421007675855759, 6.3722888919825245, 6.323624094732836, 6.275461275258307, 6.2273768245762, 6.1798113167176645, 6.1323475360049615, 6.085414591775171, 6.040073663897271, 5.994700444685111, 5.949998723414185, 5.905320587448425, 5.861178769192851, 5.817179067462011, 5.773769890169132, 5.730510207004434, 5.687864618525504, 5.645373653075163, 5.603523479941858, 5.561830862502934, 5.52080864086997, 5.479940403381219, 5.4397622221282775, 5.398799059761142, 5.359399743234116, 5.319386515575786, 5.280075440641611, 5.234842568479106, 5.190865790697904, 5.146002930302676, 5.1023839487705045, 5.057848064022883, 5.014651921306575, 4.971242991920761, 4.92850618676457, 4.885424455071119, 4.84298498308971, 4.800185359783736, 4.756484338612796, 4.713990840797472, 4.670580311361588, 4.628374164052263, 4.585247280093581, 4.543362182502449, 4.501239698096679, 4.459665954729664, 4.417732399781707, 4.376362789182318, 4.336186749335882, 4.295003213476563, 4.2548906219269975, 4.215409299882971, 4.17543225986214, 4.13609641121858, 4.096224735540093, 4.055388130500952, 4.015136502161774, 3.9743848005054985, 3.9349281614350966, 3.8962003615572316, 3.8568854217284896, 3.816699630345261, 3.77713541031553, 3.7370015607715485, 3.6980623746176766, 3.6598710681931204, 3.6209089631843163, 3.583037917020135, 3.5446771923585727, 3.505848996881877, 3.4664777367898534, 3.4264835590389144, 3.3860786995642553, 3.3466872489079122, 3.3085614567041097, 3.2701858813121354, 3.231702075202995, 3.1930978764846434, 3.1544524734561366, 3.1157381511220024, 3.0769625232045015, 3.0374089671967246, 2.9971331206049663, 2.9562382469797606, 2.9148171510559213, 2.872952891171429, 2.830719682162734, 2.7881838300348236, 2.7454046200148845, 2.702435122525296, 2.659322904709183, 2.6161106474287488, 2.5728366739198454, 2.5295353991549008, 2.4862377099280555, 2.4429712855910557, 2.3997608687381784, 2.356628494256048, 2.313593684187633, 2.270673614902166, 2.2278832621625404, 2.185235528860767, 2.142741359457012, 2.1004098445069466, 2.0582483180899107, 2.016262450449396, 1.974456337719986, 1.9328325902342331, 1.8913924205728523, 1.8501357322370513, 1.809061209578727, 1.7681664094194913, 1.7274478546207321, 1.6869011297324326, 1.6465209787472843, 1.6063014049180357, 1.5662357725600669, 1.5263169107582075, 1.486537218927955, 1.4468887742482521, 1.4073634410887543, 1.3679529827032433, 1.3286491756586774, 1.289443927725066, 1.2503294002771825, 1.211298136672455, 1.1723431985942487, 1.1334583130198859, 1.0946380333351204, 1.0558779192373, 1.0171747415406724, 0.9785267199504382, 0.9399338044939917, 0.9013980148566105, 0.8629238567530401, 0.8245188412429159, 0.7861941424016178, 0.7479654422277439, 0.709854030955306, 0.6718882588237133, 0.6341054760261664, 0.5965546572811185, 0.5592999955316043, 0.5224258789612988, 0.48604385450700927, 0.4503024488414922, 0.4154010732541626, 0.3816096392407835, 0.3492957473300209, 0.31896072010893356, 0.2912826262603543, 0.267155284284218, 0.24769262709199627, 0.23414118111709, 0.22759642974292946, 0.2289072974684394, 0.2381978468296218, 0.2548408895974196, 0.2777428315041884, 0.3057022504861404, 0.33764352842917944, 0.37270035890816616, 0.41021042505419864, 0.44967780321660655, 0.4907321622077688, 0.5330948557483006, 0.5765534457054674, 0.6209433634855149, 0.6661349237376354, 0.7120241536650052, 0.7585262874715339, 0.8055711121471013, 0.8530996024524912, 0.9010614598087228, 0.9494132908173202, 0.9981172431575659, 1.0471399721460042, 1.0964518490063928, 1.1460263477537158, 1.195839565451373, 1.24586984304955, 1.2960974627797759, 1.346504404318651, 1.3970741464186742, 1.447791503962431, 1.4986424927883215, 1.549614216410035, 1.6006947700811298, 1.65187315866182, 1.7031392255134516, 1.7544835902384726, 1.8058975935443422, 1.8573732478707077, 1.9089031927039422, 1.9604806537290544, 2.0120994051490415, 2.0637537346456813, 2.1154384105709427, 2.1671486510503772, 2.2168207637913944, 2.253087566845789, 2.2897378452386192, 2.32674079872668, 2.364067563680798, 2.4016911048623, 2.4395861086599764, 2.4777288787675165, 2.516097235051434, 2.5546704161658242, 2.5934289863087288, 2.6323547463813353, 2.6714306497018994, 2.7106407223377205, 2.7499699880476927, 2.789404397772006], 'normal_align_history': [0.4392727426267583, 0.4332920615589423, 0.4402395755289336, 0.45610204651784797, 0.46199514115684664, 0.4619923158495227, 0.4643583424832111, 0.4681431539679651, 0.4661282741643846, 0.471206126493266, 0.46519578643608456, 0.4701910572827634, 0.4640580903055165, 0.46894813250202266, 0.466831206596232, 0.4714849835104084, 0.4692561951912579, 0.4737081280118196, 0.4671121096629716, 0.47154951676539514, 0.4692673383532851, 0.45834554420571527, 0.45876337815001433, 0.44822553511450075, 0.449108579157956, 0.43896985400354066, 0.440313180610465, 0.4305888027189828, 0.42786526151538784, 0.4187353910190784, 0.41660930732550805, 0.4080995337873746, 0.40659579067100954, 0.3987313968622137, 0.3978621028500101, 0.3906795464745229, 0.39509554707585137, 0.38844711934314435, 0.3933302794969688, 0.38718942214697566, 0.39253923366021803, 0.3869156491350781, 0.39272869065239807, 0.3876270981162546, 0.39389615895440333, 0.38931666758855255, 0.3960405659019938, 0.3963686594170057, 0.4034979973408198, 0.4041769710987969, 0.4114044680253196, 0.42914296321624085, 0.43579832133579716, 0.45278112564244716, 0.45886110088813614, 0.47515116046622424, 0.48071555079143957, 0.4963700027740625, 0.5014724785083347, 0.516541137398363, 0.5212045966374835, 0.5356463889689361, 0.5402941777424701, 0.5538748087858713, 0.5583204419303598, 0.5715066067764392, 0.5757792692653815, 0.588596506709415, 0.5927185457391566, 0.6051803805122833, 0.6090667114756835, 0.6214169313385152, 0.6244401881820135, 0.6224988986938162, 0.6258890915685615, 0.6242799652375908, 0.6280132964493153, 0.6241554034675222, 0.6284543071881082, 0.6251408577149951, 0.6298619357508897, 0.627057560636316, 0.6322625041239202, 0.6288725067890016, 0.634529180467406, 0.6314480573948208, 0.6373723571653166, 0.6365463078076214, 0.6425479198158078, 0.6555892832697557, 0.6629724069127296, 0.6751417952523553, 0.6817781315846091, 0.693129187377708, 0.6974766690604544, 0.709759855876473, 0.713713784660273, 0.7112093788897654, 0.7167070501465591, 0.7140095621394161, 0.7181696890659144, 0.7302467694157537, 0.7342835329020644, 0.7444566663680282, 0.7492347199071664, 0.74776023671447, 0.7523331211325838, 0.7493733958430273, 0.7416333517368262, 0.7395350936070826, 0.7319999839011608, 0.730601135890634, 0.7377542454403618, 0.7384336854895552, 0.743435918346106, 0.7496301267021355, 0.7545189607829536, 0.7581950814178128, 0.7608379479985768, 0.7625126199988278, 0.7696596365313668, 0.7746117329775776, 0.7779373857398941, 0.7799857419718985, 0.7809819440945754, 0.781079064219065, 0.7803869781511386, 0.7789887789717987, 0.7769503523110262, 0.7743261347687515, 0.7711626982131161, 0.7675010638194883, 0.7633782501890188, 0.7588283419859924, 0.7538832455588383, 0.7485732311863234, 0.7429273238174284, 0.7369735824063591, 0.7307392950838262, 0.724251109564656, 0.7175351132255278, 0.710616874001089, 0.7035214509693106, 0.6962733818428091, 0.6888966533277477, 0.681414659322015, 0.673850151117596, 0.6662251830968015, 0.6585610568346416, 0.6508782660178623, 0.6431964441496827, 0.6355343166176428, 0.6279096583527733, 0.6203392579963879, 0.6128388892125386, 0.6054232895369213, 0.5981061469349283, 0.5909000940510499, 0.5838167099678536, 0.5768665291540265, 0.5700590571664726, 0.5634027925799446, 0.5569052545478442, 0.550573015348214, 0.5444117372379702, 0.5384262129243604, 0.5326204089636595, 0.5269975114113573, 0.5215599730736297, 0.5163095617447836, 0.5112474088577796, 0.5063740580230432, 0.5016895129829495, 0.4971932845639281, 0.4928844362638519, 0.48876162816783253, 0.4848231589398103, 0.48106700568943217, 0.4774908615629443, 0.4740921709526489, 0.47086816226144773, 0.4678158781968792, 0.4649322036026885, 0.46221389086531744, 0.4596575829578503, 0.4572598342049855, 0.4550171288698006, 0.4529258976765766, 0.4509825323941421, 0.449183398611296, 0.4475248468402321, 0.44600322208581933, 0.44461487201840766, 0.4432536159616479, 0.4419174788269764, 0.4406039836161356, 0.439310000422653, 0.4380317221778346, 0.43676473316792785, 0.43550413601880134, 0.43424470837991347, 0.43298106767410116, 0.43170782902785243, 0.4304197470838649, 0.42911183665948327, 0.42777947026534624, 0.42641845255534194, 0.42502507307375115, 0.4235961394054716, 0.42212899318949576, 0.420621511553863, 0.4190720964670832, 0.41747965434330614, 0.4158435680315155, 0.41416366309203834, 0.4124401700348033, 0.41067368397350124, 0.4088651229433509, 0.40701568594000337, 0.405126811563462, 0.4032001379933495, 0.4012374648793714, 0.39924071760239915, 0.3972119142462408, 0.3951531355170508, 0.39306649775575, 0.39095412910828453, 0.38881814884852295, 0.38666064978869513, 0.3844836836620484, 0.3822892493214096, 0.3800792835650645, 0.3778556543772315, 0.37562015635372986, 0.3733745080736452, 0.3711203511739193, 0.3688592508852949, 0.36659269779395653, 0.3643221106028365, 0.3620488396791361, 0.3597741711893951, 0.3574993316398193, 0.3552254926569199, 0.3529537758612874, 0.3506852577051621, 0.3484209741618413, 0.3461619251717679, 0.3439090787659592, 0.3416633748022596, 0.3394257282634682, 0.3371970320788058, 0.3349781594412301, 0.3327699656030205, 0.33057328914066153], 'ball_near_history': [False, False, False, False, False, False, False, False, False, False, False, False, False, False, False, False, False, False, False, False, False, False, False, False, False, False, False, False, False, False, False, False, False, False, False, False, False, False, False, False, False, False, False, False, False, False, False, False, False, False, False, False, False, False, False, False, False, False, False, False, False, False, False, False, False, False, False, False, False, False, False, False, False, False, False, False, False, False, False, False, False, False, False, False, False, False, False, False, False, False, False, False, False, False, False, False, False, False, False, False, False, False, False, False, False, False, False, False, False, False, False, False, False, False, False, False, False, False, False, False, False, False, False, False, False, False, False, False, False, False, False, False, False, False, False, False, False, False, False, False, False, False, False, False, False, False, False, False, False, False, False, False, False, False, False, False, False, False, False, False, False, False, False, False, False, False, False, False, False, False, False, False, False, False, False, False, False, False, False, False, False, False, False, False, False, False, False, False, False, False, False, False, False, False, False, False, False, False, False, False, False, False, False, False, False, False, False, False, False, False, False, False, False, False, False, False, False, False, False, False, False, False, False, False, False, False, False, False, False, False, False, False, False, False, False, False, False, False, False, False, False, False, False, False, False, False, False, False, False, False, False, False, False, False], 'tube_ready_history': [False, False, False, False, False, False, False, False, False, False, False, False, False, False, False, False, False, False, False, False, False, False, False, False, False, False, False, False, False, False, False, False, False, False, False, False, False, False, False, False, False, False, False, False, False, False, False, False, False, False, False, False, False, False, False, False, False, False, False, False, False, False, False, False, False, False, False, False, False, False, False, False, False, False, False, False, False, False, False, False, False, False, False, False, False, False, False, False, False, False, False, False, False, False, False, False, False, False, False, False, False, False, False, False, False, False, False, False, False, False, False, False, False, False, False, False, False, False, False, False, False, False, False, False, False, False, False, False, False, False, False, False, False, False, False, False, False, False, False, False, False, False, False, False, False, False, False, False, False, False, False, False, False, False, False, False, False, False, False, False, False, False, False, False, False, False, False, False, False, False, False, False, False, False, False, False, False, False, False, False, False, False, False, False, False, False, False, False, False, False, False, False, False, False, False, False, False, False, False, False, False, False, False, False, False, False, False, False, False, False, False, False, False, False, False, False, False, False, False, False, False, False, False, False, False, False, False, False, False, False, False, False, False, False, False, False, False, False, False, False, False, False, False, False, False, False, False, False, False, False, False, False, False, False], 'pos_error_history': [0.008291539035081959, 0.007219002049055313, 0.00765143866649787, 0.010765184013885994, 0.0161492914315188, 0.022627097639520654, 0.0298111158749647, 0.03640861335292658, 0.04411426297268397, 0.05213310419349768, 0.059689467592666336, 0.06759810795556015, 0.07495637530994197, 0.08128395292835536, 0.08845186550613744, 0.09464527931560003, 0.10163618869247025, 0.1091247502124721, 0.11591384640325494, 0.12178840454313805, 0.12805864876160286, 0.13368035585255442, 0.13978322092153203, 0.14526697767083363, 0.15120382249183914, 0.15654500349615563, 0.16231474149115438, 0.16898769163832825, 0.17455592787146618, 0.18107090496077427, 0.1864519904670902, 0.19281694340765307, 0.19802060220775533, 0.20423744206541758, 0.20928440657791111, 0.21386942762294278, 0.21881163085199526, 0.22328874640834132, 0.22810845527511756, 0.23248346094194833, 0.2371898021401268, 0.24146917822402358, 0.24607101047630706, 0.25026120523837747, 0.25476728777073326, 0.25888075447393577, 0.2617424883190056, 0.2651049164195884, 0.2679632622257167, 0.2712479499988814, 0.2741801962510511, 0.2774409646738563, 0.280318711203627, 0.28352390376765946, 0.28635328461325865, 0.2895085818712361, 0.29229546609910106, 0.2954061568875985, 0.29815547409729837, 0.3012177423593372, 0.3039030695785122, 0.3077429890648831, 0.31025751645918653, 0.31408386552707973, 0.31657310097423635, 0.3203905673552574, 0.3228588173645222, 0.32667052877201247, 0.3291182111259033, 0.3328827796732268, 0.33540943569030857, 0.33823786127237065, 0.3407198774276041, 0.3435183765080787, 0.345986403461708, 0.34876504427275007, 0.3529329113698308, 0.3556884188202262, 0.35981042290420234, 0.36251124955477143, 0.36659735761581247, 0.36930562582530313, 0.3724142867385594, 0.37516901389940865, 0.3782432150683754, 0.3809722399343326, 0.38233074346921886, 0.3850860643236855, 0.3864587506586974, 0.38760718568927477, 0.389084766955138, 0.39033593935707905, 0.39190340532812634, 0.3948810812007147, 0.39745484585776814, 0.4004323926936815, 0.40224683100755526, 0.40376044408829664, 0.40566151669915346, 0.40889087126158463, 0.41178576609392703, 0.4151237129336244, 0.41729276228649226, 0.41926768599082104, 0.4226470172759294, 0.4248214065044096, 0.4275807062891297, 0.43150696002030947, 0.4357392602288301, 0.44149328864659, 0.4476040034099058, 0.453647250897188, 0.4589670212415142, 0.46508028280279556, 0.4712126463234931, 0.47741953809297116, 0.48374729699885405, 0.49020132426527285, 0.4967748075219582, 0.5011879193759428, 0.5041145448745357, 0.5057274975641672, 0.5061782509872893, 0.5055991293776733, 0.504105680347904, 0.5017989742949808, 0.49876770890077304, 0.4950900726775966, 0.49083536221693436, 0.4860653680760763, 0.48083555292720576, 0.4751960479880588, 0.4691924929361905, 0.46286674222365426, 0.4562574579058044, 0.44940060626826267, 0.44232987291275055, 0.4350770086370607, 0.4276721164349335, 0.42014388823032095, 0.4125197985147706, 0.4048262608399521, 0.39708875209470496, 0.38933190863661205, 0.38157959762625243, 0.3738549663074221, 0.36618047147317034, 0.35857789094447, 0.35106831855876625, 0.34367214391617795, 0.33640901796106915, 0.3292978053877038, 0.3223565248532124, 0.31560227806160474, 0.3090511689498483, 0.3027182144584847, 0.29661724869719897, 0.29076082270546366, 0.285160102436885, 0.27982476803111056, 0.2747629178385839, 0.26998098098366896, 0.2654836424404148, 0.26127378460422074, 0.25735244913214017, 0.253718822370254, 0.2503702469854215, 0.24730226149331164, 0.24450866827366868, 0.24198162945911236, 0.23971178886365452, 0.2376884169758098, 0.23589957506793746, 0.2343322937411555, 0.23297276078211426, 0.23180651307268813, 0.23081862745512188, 0.2299939058761781, 0.22931705075803438, 0.22877282730434323, 0.22834621027812615, 0.22802251362076678, 0.227787502065623, 0.22762748459675697, 0.22752939018849574, 0.22748082672371536, 0.22747012432794303, 0.22748636458092525, 0.22751939719109163, 0.22755984575822205, 0.22759910422328677, 0.22762932552886364, 0.22759642974292946, 0.22748519858301822, 0.22728655168204628, 0.226996795736489, 0.22661694554197487, 0.2261520760997316, 0.22561069747654022, 0.22500415634972365, 0.2243460707813241, 0.22365180340115928, 0.2229379756855726, 0.22222202370223082, 0.2215217940421398, 0.220855177764473, 0.22023977994073288, 0.21969262263616351, 0.21922987972875205, 0.21886664267238753, 0.21861671701631213, 0.218492450081128, 0.21850459057569166, 0.2186621810650426, 0.2189724840460816, 0.21944094196721306, 0.2200711708828442, 0.22086498663014867, 0.2218224615365367, 0.22294200880020745, 0.22422049091644822, 0.22565334791784755, 0.22723474080481065, 0.2289577053860596, 0.2308143118248183, 0.2327958254712562, 0.23489286501585477, 0.23709555457298465, 0.23939366694783304, 0.24177675600486984, 0.2442342767011676, 0.2467556919415209, 0.24933056593295674, 0.25194864415198787, 0.25459992038516727, 0.25727469156489374, 0.2599636013052859, 0.26265767315719274, 0.2653483346584771, 0.26802743326680245, 0.27068724523820287, 0.27332047846517665, 0.2759202702212034, 0.2784801806811161, 0.2809941830040375, 0.2834566506816488, 0.2858623427723949, 0.2882063875638814, 0.2904842651325703, 0.2926917892026469, 0.2948250886450071, 0.2968805889027306, 0.2988549935809524, 0.3007275913744458], 'max_qdot_ratio': 0.9988066950480249, 'max_tcp_speed': 1.788818951285339, 'max_racket_face_speed': 2.4246971677941667, 'total_mpc_steps': 254, 'ball_was_hit': False, 'hit_step': -1, 'p_ee_at_hit': None, 'ball_pos_at_hit': None, 'v_ee_at_hit': None, 'active_contact': False, 'passive_contact': False}
2026-09-13 00:12:20,143 [INFO] __main__: 击打后继续仿真 20 步...
