__STEP_TIMING__: n=244 p50=0.25 p95=0.57 p99=4.92 max=29.50 n_over_period=2 period_ms=5.00

========================================
  RM-65 击打成功！（主动击球，pos_error=0.0846m）
  [V12 EpisodeRunner 管线架构]
  ablation: full
  击打目标位置: [-0.826 -0.557  0.891]
  末端实际位置: [-0.741 -0.558  0.898]
  规划跟踪误差: 0.0851 m
  速度误差: 1.9339 m/s
  MPC 总步数: 265
  --- Tube 专用指标 ---
  最小球拍-球距离: 0.0813 m
  ball_near 步数: 9 = 45.0 ms
  tube_ready 步数: 21 = 105.0 ms
  击打时间误差: 5.0 ms
  击打位置误差: 0.0846 m
  --- 计算性能 ---
  总墙钟时间: 1.11s (MPC=1.11s)
  --- 执行层约束 ---
  max_qdot=1.00x, max_tcp=1.4m/s, max_face=1.3m/s
  击球类型: 主动击球
========================================

__RESULT__: pos_error=0.084584 vel_error=1.933898 min_dist=0.081287 ball_near_ms=45.0 tube_ready_ms=105.0 max_tcp=1.40 max_qdot=1.00 max_face=1.3 hit_type=active hit_time_error_ms=5.0 hit_pos_error=0.084584 v_racket_at_hit=0.550
2026-09-11 14:19:03,628 [INFO] __main__: [ablation] mode=full
2026-09-11 14:19:03,634 [INFO] __main__: serve-box auto params: horizon=120, iter=10, first_plan_iters=30, total_horizon=250, replan_interval=20, near_plan_iters=5
2026-09-11 14:19:03,655 [INFO] __main__: 关节限位: 仿真默认(default.yaml), TCP=1.8 m/s, terminal_exempt=20
2026-09-11 14:19:03,655 [INFO] __main__: 球拍初始位置: [-0.24136342  0.63027058  1.45576659]
2026-09-11 14:19:03,656 [DEBUG] src.tennis.ball: serve_box bounce (attempt=1): p0_z=1.42, vz0=-2.6, spd=9.0, t1=0.330, t2=0.599, z_err=0.22
2026-09-11 14:19:03,667 [INFO] __main__: 击打步数: 184, 击打位置: [-0.8258033  -0.55700059  0.89111479]
2026-09-11 14:19:03,667 [INFO] __main__: 随挥方向: [ 0.334 -0.928  0.163], 随挥步数: 60
2026-09-11 14:19:03,674 [INFO] __main__: 候选窗口已构建: best_k=184, candidates=4
2026-09-11 14:19:03,675 [INFO] src.cpp.solver_cpp: iLQR C++ 加速模块已加载
2026-09-11 14:19:03,675 [INFO] __main__: 开始 V12 EpisodeRunner，总步数=310 (MPC=250, 随挥=60)，击打步数=184
2026-09-11 14:19:03,675 [INFO] src.ilqt.async_replanner: AsyncReplanner: 后台规划线程已启动
2026-09-11 14:19:03,709 [INFO] src.ilqt.async_replanner: AsyncReplanner: 规划环境已创建（独立 MjData）
2026-09-11 14:19:03,710 [INFO] src.ilqt.async_replanner: AsyncReplanner: 规划环境已创建（独立 MjData）
2026-09-11 14:19:03,736 [DEBUG] src.ilqt.tube_cost: [Softmin诊断] 候选权重TOP3: k=184:w=0.334, k=185:w=0.333, k=183:w=0.333
2026-09-11 14:19:04,619 [INFO] src.ilqt.mpc_controller: REPLAN step=0 k_hit=184 iters=30 horizon=120 t=910ms
2026-09-11 14:19:04,620 [INFO] src.ilqt.mpc_controller: MPCController.start 完成: k_hit=184, p_hit=[-0.826 -0.557  0.891], buffer=120
2026-09-11 14:19:04,624 [DEBUG] src.ilqt.replan_core: FAR_JT step=0 k_hit=184 (JT gain=60, skip iLQR)
2026-09-11 14:19:04,624 [DEBUG] src.ilqt.mpc_controller: REPLAN step=0 k_hit=184 iters=0 horizon=0 t=4ms
2026-09-11 14:19:04,624 [DEBUG] src.ilqt.mpc_controller: MPCController.step 0: replan k_hit=184 refine=feasible buffer=20
2026-09-11 14:19:04,633 [DEBUG] src.ilqt.replan_core: FAR_JT step=20 k_hit=164 (JT gain=60, skip iLQR)
2026-09-11 14:19:04,633 [DEBUG] src.ilqt.mpc_controller: REPLAN step=20 k_hit=164 iters=0 horizon=0 t=4ms
2026-09-11 14:19:04,634 [DEBUG] src.ilqt.mpc_controller: MPCController.step 20: replan k_hit=164 refine=feasible buffer=20
2026-09-11 14:19:04,642 [DEBUG] src.ilqt.replan_core: FAR_JT step=40 k_hit=144 (JT gain=60, skip iLQR)
2026-09-11 14:19:04,642 [DEBUG] src.ilqt.mpc_controller: REPLAN step=40 k_hit=144 iters=0 horizon=0 t=4ms
2026-09-11 14:19:04,643 [DEBUG] src.ilqt.mpc_controller: MPCController.step 40: replan k_hit=144 refine=feasible buffer=20
2026-09-11 14:19:04,651 [DEBUG] src.ilqt.replan_core: FAR_JT step=60 k_hit=124 (JT gain=60, skip iLQR)
2026-09-11 14:19:04,651 [DEBUG] src.ilqt.mpc_controller: REPLAN step=60 k_hit=124 iters=0 horizon=0 t=3ms
2026-09-11 14:19:04,652 [DEBUG] src.ilqt.mpc_controller: MPCController.step 60: replan k_hit=124 refine=feasible buffer=20
2026-09-11 14:19:04,660 [DEBUG] src.ilqt.replan_core: FAR_JT step=80 k_hit=104 (JT gain=60, skip iLQR)
2026-09-11 14:19:04,660 [DEBUG] src.ilqt.mpc_controller: REPLAN step=80 k_hit=104 iters=0 horizon=0 t=3ms
2026-09-11 14:19:04,661 [DEBUG] src.ilqt.mpc_controller: MPCController.step 80: replan k_hit=104 refine=feasible buffer=20
2026-09-11 14:19:04,669 [DEBUG] src.ilqt.replan_core: FAR_JT step=100 k_hit=84 (JT gain=60, skip iLQR)
2026-09-11 14:19:04,669 [DEBUG] src.ilqt.mpc_controller: REPLAN step=100 k_hit=84 iters=0 horizon=0 t=3ms
2026-09-11 14:19:04,670 [DEBUG] src.ilqt.mpc_controller: MPCController.step 100: replan k_hit=84 refine=feasible buffer=20
2026-09-11 14:19:04,678 [DEBUG] src.ilqt.replan_core: FAR_JT step=120 k_hit=64 (JT gain=60, skip iLQR)
2026-09-11 14:19:04,678 [DEBUG] src.ilqt.mpc_controller: REPLAN step=120 k_hit=64 iters=0 horizon=0 t=3ms
2026-09-11 14:19:04,679 [DEBUG] src.ilqt.mpc_controller: MPCController.step 120: replan k_hit=64 refine=feasible buffer=20
2026-09-11 14:19:04,689 [DEBUG] src.ilqt.tube_cost: [Softmin诊断] 候选权重TOP3: k=44:w=0.334, k=45:w=0.333, k=43:w=0.333
2026-09-11 14:19:04,713 [DEBUG] src.ilqt.mpc_controller: REPLAN step=140 k_hit=44 iters=5 horizon=44 t=29ms
2026-09-11 14:19:04,713 [INFO] src.ilqt.strategies.hit_point_refiner: [HIT_LOCK] k_hit=44 ≤ 60, 锁定击球点不再替换
2026-09-11 14:19:04,713 [DEBUG] src.ilqt.mpc_controller: MPCController.step 140: replan k_hit=44 refine=locked buffer=20
2026-09-11 14:19:04,715 [INFO] src.ilqt.components.predictive_safety: [SAFETY_FILTER] beta=0.0: qdot entering overspeed, joint=5, |qdot|=5.52 > 3.93
2026-09-11 14:19:04,715 [INFO] src.ilqt.components.predictive_safety: [SAFETY_FILTER] beta=0.2: qdot entering overspeed, joint=5, |qdot|=5.59 > 3.93
2026-09-11 14:19:04,717 [INFO] src.ilqt.components.predictive_safety: [SAFETY_FILTER] beta=0.0: qdot entering overspeed, joint=5, |qdot|=5.70 > 3.93
2026-09-11 14:19:04,723 [DEBUG] src.ilqt.tube_cost: [Softmin诊断] 候选权重TOP3: k=24:w=0.334, k=25:w=0.333, k=23:w=0.333
2026-09-11 14:19:04,736 [DEBUG] src.ilqt.mpc_controller: REPLAN step=160 k_hit=24 iters=5 horizon=24 t=18ms
2026-09-11 14:19:04,736 [DEBUG] src.ilqt.mpc_controller: MPCController.step 160: replan k_hit=24 refine=locked buffer=20
2026-09-11 14:19:04,740 [INFO] src.ilqt.components.predictive_safety: [SAFETY_FILTER] beta=0.6: qdot entering overspeed, joint=5, |qdot|=4.65 > 3.93
2026-09-11 14:19:04,741 [INFO] src.ilqt.components.predictive_safety: [SAFETY_FILTER] beta=0.0: qdot entering overspeed, joint=5, |qdot|=5.79 > 3.93
2026-09-11 14:19:04,741 [INFO] src.ilqt.components.predictive_safety: [SAFETY_FILTER] beta=0.2: qdot entering overspeed, joint=5, |qdot|=5.43 > 3.93
2026-09-11 14:19:04,742 [INFO] src.ilqt.components.predictive_safety: [SAFETY_FILTER] beta=0.4: qdot entering overspeed, joint=3, |qdot|=4.56 > 3.93
2026-09-11 14:19:04,747 [DEBUG] src.ilqt.mpc_controller: REPLAN step=180 k_hit=4 iters=5 horizon=4 t=4ms
2026-09-11 14:19:04,747 [DEBUG] src.ilqt.mpc_controller: MPCController.step 180: replan k_hit=4 refine=locked buffer=4
2026-09-11 14:19:04,747 [INFO] src.ilqt.components.predictive_safety: [SAFETY_FILTER] beta=0.6: qdot entering overspeed, joint=2, |qdot|=4.45 > 3.93
2026-09-11 14:19:04,748 [INFO] src.ilqt.components.predictive_safety: [SAFETY_FILTER] beta=0.2: qdot entering overspeed, joint=2, |qdot|=5.38 > 3.93
2026-09-11 14:19:04,749 [INFO] src.ilqt.components.predictive_safety: [SAFETY_FILTER] beta=0.0: qdot entering overspeed, joint=2, |qdot|=5.21 > 3.93
2026-09-11 14:19:04,749 [INFO] src.ilqt.strategies.follow_through: 随挥触发: step=183, steps=60
2026-09-11 14:19:04,766 [INFO] src.ilqt.async_replanner: AsyncReplanner: 后台规划线程已停止
2026-09-11 14:19:04,766 [INFO] src.ilqt.episode_runner: EpisodeRunner 完成: total_steps=245 safe_steps=245 mpc_done=True
2026-09-11 14:19:04,766 [DEBUG] src.ilqt.episode_runner: EpisodeRunner metrics 详情: {'total_steps': 245, 'safe_steps': 245, 'mpc_done': True, 'X_history': [array([-1.5  ,  1.57 , -0.236,  0.404,  0.446,  2.45 ,  0.   ,  0.   ,
        0.   ,  0.   ,  0.   ,  0.   ]), array([ 3.62286089e-01,  1.70880183e+00, -3.85386304e-01, -1.39032509e-01,
        3.76552596e-01,  2.44999338e+00, -1.56838361e-02, -4.30792935e-02,
       -2.20862118e-03,  1.12482042e-03, -1.82428926e-02, -1.32335510e-03]), array([ 3.62131400e-01,  1.70837967e+00, -3.85419079e-01, -1.39021509e-01,
        3.76382224e-01,  2.44998276e+00, -3.09378870e-02, -8.44307102e-02,
       -6.55492219e-03,  2.19992200e-03, -3.40744251e-02, -2.12524721e-03]), array([ 0.36190261,  1.70775897, -0.38548227, -0.13900535,  0.37614158,
        2.44996957, -0.04575814, -0.12414019, -0.01263866,  0.00323237,
       -0.04812894, -0.00263801]), array([ 0.36160189,  1.70694751, -0.38558293, -0.13898423,  0.37583724,
        2.44995462, -0.06014467, -0.16229329, -0.02013124,  0.00422438,
       -0.06086797, -0.00298951]), array([ 0.36123138,  1.70595264, -0.38572673, -0.13895834,  0.37547411,
        2.44993837, -0.07410036, -0.19897303, -0.02876087,  0.00517645,
       -0.07262565, -0.00325026]), array([ 0.36079323,  1.70478135, -0.38591824, -0.1389279 ,  0.3750559 ,
        2.44992107, -0.0876301 , -0.23425856, -0.03830113,  0.00608867,
       -0.08364218, -0.00345926]), array([ 0.36028953,  1.70344023, -0.38616105, -0.13889309,  0.37458546,
        2.44990288, -0.10074006, -0.26822435, -0.048562  ,  0.00696122,
       -0.09408833, -0.00363812]), array([ 0.35972235,  1.70193553, -0.38645796, -0.13885412,  0.37406504,
        2.44988389, -0.11343726, -0.30093981, -0.05938289,  0.00779455,
       -0.10408347, -0.00379889]), array([ 0.3590937 ,  1.70027318, -0.3868111 , -0.13881117,  0.3734965 ,
        2.44986415, -0.12572924, -0.33246909, -0.07062717,  0.00858927,
       -0.11370888, -0.00394831]), array([ 0.35840558,  1.69845883, -0.38722199, -0.13876444,  0.37288141,
        2.44984369, -0.13762378, -0.36287112, -0.08217777,  0.00934613,
       -0.12301762, -0.00409017]), array([ 0.35765994,  1.69649783, -0.38769166, -0.13871411,  0.3722212 ,
        2.44982256, -0.14912873, -0.39219974, -0.09393378,  0.01006593,
       -0.13204196, -0.00422664]), array([ 0.35685868,  1.69439531, -0.38822069, -0.13866037,  0.3715172 ,
        2.44980077, -0.16025189, -0.42050388, -0.10580764,  0.01074945,
       -0.14079889, -0.00435896]), array([ 0.35600367,  1.69215617, -0.38880931, -0.13860338,  0.37077073,
        2.44977833, -0.1710009 , -0.44782786, -0.11772293,  0.0113974 ,
       -0.14929422, -0.0044879 ]), array([ 0.35509676,  1.68978511, -0.38945737, -0.13854333,  0.36998311,
        2.44975526, -0.18138316, -0.47421165, -0.12961259,  0.01201039,
       -0.15752559, -0.00461391]), array([ 0.35413973,  1.68728666, -0.39016446, -0.13848038,  0.36915568,
        2.44973157, -0.19140579, -0.49969115, -0.14141738,  0.0125889 ,
       -0.16548478, -0.00473731]), array([ 0.35313435,  1.68466516, -0.39092988, -0.13841472,  0.36828989,
        2.44970728, -0.20107559, -0.52429846, -0.15308471,  0.0131333 ,
       -0.17315929, -0.00485834]), array([ 0.35208236,  1.68192485, -0.39175272, -0.1383465 ,  0.36738722,
        2.44968239, -0.21039899, -0.54806217, -0.16456761,  0.01364382,
       -0.18053357, -0.00497719]), array([ 0.35098545,  1.67906981, -0.39263184, -0.1382759 ,  0.36644927,
        2.44965692, -0.21938206, -0.57100763, -0.17582393,  0.01412055,
       -0.18758993, -0.00509402]), array([ 0.34984529,  1.67610403, -0.39356592, -0.13820308,  0.36547772,
        2.44963088, -0.22803048, -0.59315718, -0.18681556,  0.0145635 ,
       -0.19430919, -0.00520902]), array([ 0.34866355,  1.67303138, -0.39455346, -0.13812822,  0.36447437,
        2.44960427, -0.23634955, -0.61453037, -0.19750796,  0.01497254,
       -0.2006712 , -0.00532235]), array([ 0.34744196,  1.66985561, -0.39559298, -0.13805166,  0.36344043,
        2.44957716, -0.24431688, -0.6351527 , -0.20790499,  0.01531128,
       -0.20678686, -0.0054203 ]), array([ 0.34618215,  1.66658044, -0.39668272, -0.13797356,  0.362378  ,
        2.44954955, -0.25196297, -0.65503485, -0.21794788,  0.01562049,
       -0.21248652, -0.00552322]), array([ 0.34488569,  1.66320949, -0.39782077, -0.13789406,  0.36128923,
        2.44952141, -0.25929183, -0.67418884, -0.2276089 ,  0.01589841,
       -0.21775402, -0.00562825]), array([ 0.34355415,  1.65974637, -0.39900508, -0.13781335,  0.36017637,
        2.44949274, -0.26630715, -0.69262479, -0.23686261,  0.01614364,
       -0.22257198, -0.00573396]), array([ 0.34218909,  1.65619461, -0.40023351, -0.13773157,  0.35904176,
        2.44946354, -0.27301224, -0.71035107, -0.24568552,  0.016355  ,
       -0.22692229, -0.00583969]), array([ 0.34079204,  1.65255774, -0.40150379, -0.13764891,  0.35788783,
        2.44943381, -0.27941006, -0.72737439, -0.25405586,  0.0165315 ,
       -0.23078654, -0.00594519]), array([ 0.33936452,  1.64883924, -0.40281355, -0.13756555,  0.35671709,
        2.44940356, -0.28550326, -0.74369999, -0.26195337,  0.01667226,
       -0.2341463 , -0.00605043]), array([ 0.33790805,  1.64504258, -0.40416035, -0.13748167,  0.35553218,
        2.44937278, -0.29129412, -0.75933171, -0.26935913,  0.0167765 ,
       -0.23698342, -0.0061555 ]), array([ 0.33642413,  1.64117122, -0.40554163, -0.13739745,  0.35433578,
        2.44934148, -0.29678468, -0.77427215, -0.27625546,  0.01684352,
       -0.23928022, -0.00626053]), array([ 0.33491425,  1.63722861, -0.40695476, -0.13731309,  0.35313068,
        2.44930965, -0.30197662, -0.78852274, -0.2826258 ,  0.01687267,
       -0.24101968, -0.00636567]), array([ 0.33337989,  1.63321819, -0.40839703, -0.13722877,  0.35191975,
        2.4492773 , -0.30687141, -0.8020839 , -0.28845469,  0.01686338,
       -0.24218561, -0.00647109]), array([ 0.33182254,  1.62914341, -0.40986567, -0.1371447 ,  0.35070593,
        2.44924441, -0.31147023, -0.81495513, -0.29372767,  0.01681512,
       -0.24276279, -0.00657694]), array([ 0.33024367,  1.62500774, -0.41135782, -0.13706106,  0.34949225,
        2.449211  , -0.31577405, -0.82713514, -0.29843129,  0.01672742,
       -0.24273713, -0.00668338]), array([ 0.32864475,  1.62081463, -0.41287059, -0.13697806,  0.34828177,
        2.44917704, -0.31978364, -0.83862192, -0.30255311,  0.01659989,
       -0.24209574, -0.00679051]), array([ 0.32702725,  1.61656757, -0.414401  , -0.1368959 ,  0.34707764,
        2.44914255, -0.32349958, -0.84941287, -0.30608163,  0.01643217,
       -0.24082711, -0.00689847]), array([ 0.32539264,  1.61227004, -0.41594603, -0.13681478,  0.34588303,
        2.44910751, -0.32692229, -0.85950492, -0.3090064 ,  0.01622398,
       -0.23892117, -0.00700734]), array([ 0.32374238,  1.60792557, -0.41750262, -0.1367349 ,  0.34470118,
        2.44907193, -0.33005208, -0.8688946 , -0.31131797,  0.01597508,
       -0.23636941, -0.00711719]), array([ 0.32207793,  1.60353768, -0.41906766, -0.13665648,  0.34353536,
        2.44903579, -0.33288915, -0.87757817, -0.31300792,  0.01568532,
       -0.23316496, -0.00722807]), array([ 0.32040077,  1.59910992, -0.420638  , -0.1365797 ,  0.34238884,
        2.44899909, -0.33543363, -0.8855517 , -0.31406891,  0.01535461,
       -0.22930269, -0.00734002]), array([ 0.31871234,  1.59464586, -0.42221048, -0.13650479,  0.34126495,
        2.44896182, -0.33768563, -0.89281119, -0.31449474,  0.01498292,
       -0.22477928, -0.00745304]), array([ 0.31701458,  1.59014904, -0.4237821 , -0.1364325 ,  0.34016641,
        2.44892415, -0.33955203, -0.89936507, -0.31432529,  0.01445785,
       -0.21970832, -0.0075335 ]), array([ 0.31530895,  1.58562303, -0.42534968, -0.13636294,  0.33909663,
        2.44888599, -0.34112467, -0.90520125, -0.31351458,  0.01391161,
       -0.2139542 , -0.00763235]), array([ 0.31359694,  1.58107145, -0.42690997, -0.13629624,  0.33805901,
        2.44884729, -0.3424039 , -0.91031547, -0.31205882,  0.01333963,
       -0.20752478, -0.00774108]), array([ 0.31187998,  1.57649793, -0.42845975, -0.13623255,  0.33705687,
        2.44880801, -0.34339016, -0.91470389, -0.3099558 ,  0.01273872,
       -0.20042852, -0.0078551 ]), array([ 0.31015956,  1.57190612, -0.42999577, -0.13617202,  0.33609349,
        2.44876815, -0.34408397, -0.91836318, -0.30720484,  0.01210665,
       -0.19267489, -0.00797198]), array([ 0.30843713,  1.56729966, -0.43151481, -0.13611481,  0.33517212,
        2.4487277 , -0.34448599, -0.9212906 , -0.30380673,  0.01144192,
       -0.18427462, -0.00809037]), array([ 0.30671415,  1.56268224, -0.43301363, -0.13606109,  0.33429592,
        2.44868665, -0.34459707, -0.92348405, -0.29976375,  0.01074357,
       -0.17523999, -0.00820952]), array([ 0.30499206,  1.55805753, -0.43448902, -0.13601103,  0.333468  ,
        2.44864501, -0.34441823, -0.92494215, -0.29507963,  0.01001107,
       -0.16558491, -0.00832897]), array([ 0.3032723 ,  1.55342921, -0.43593782, -0.13596481,  0.33269137,
        2.44860277, -0.34395077, -0.92566434, -0.28975959,  0.00924422,
       -0.15532506, -0.00844841]), array([ 0.30155632,  1.54880096, -0.43735687, -0.1359226 ,  0.33196898,
        2.44855993, -0.34319624, -0.92565089, -0.28381025,  0.00844313,
       -0.1444779 , -0.00856759]), array([ 0.29984554,  1.54417644, -0.43874307, -0.13588456,  0.33130367,
        2.4485165 , -0.3421565 , -0.92490304, -0.27723975,  0.00760812,
       -0.13306272, -0.00868627]), array([ 0.29814137,  1.53955933, -0.44009336, -0.13585086,  0.33069816,
        2.44847248, -0.34083373, -0.923423  , -0.27005761,  0.00673971,
       -0.12110066, -0.00880422]), array([ 0.29644522,  1.53495326, -0.44140473, -0.13582167,  0.33015509,
        2.44842787, -0.33923049, -0.92121406, -0.26227485,  0.0058386 ,
       -0.1086146 , -0.00892119]), array([ 0.29475847,  1.53036185, -0.44267425, -0.13579714,  0.32967695,
        2.44838268, -0.3373497 , -0.91828062, -0.25390389,  0.00490561,
       -0.0956292 , -0.00903694]), array([ 0.2930825 ,  1.52578871, -0.44389905, -0.13577743,  0.32926609,
        2.44833693, -0.33519471, -0.91462825, -0.24495854,  0.00394171,
       -0.08217076, -0.00915118]), array([ 0.29141865,  1.52123739, -0.44507632, -0.13576269,  0.32892476,
        2.44829061, -0.33276928, -0.91026373, -0.23545404,  0.00294799,
       -0.06826719, -0.00926365]), array([ 2.89768263e-01,  1.51671142e+00, -4.46203351e-01, -1.35753061e-01,
        3.28655016e-01,  2.44824374e+00, -3.30077614e-01, -9.05195070e-01,
       -2.25406951e-01,  1.92561749e-03, -5.39479016e-02, -9.37405371e-03]), array([ 2.88132641e-01,  1.51221426e+00, -4.47277527e-01, -1.35748681e-01,
        3.28458798e-01,  2.44819633e+00, -3.27124397e-01, -8.99431577e-01,
       -2.14835181e-01,  8.75869160e-04, -3.92436890e-02, -9.48208835e-03]), array([ 2.86513067e-01,  1.50774934e+00, -4.48296317e-01, -1.35749681e-01,
        3.28337865e-01,  2.44814839e+00, -3.23914770e-01, -8.92983848e-01,
       -2.03757909e-01, -1.99900320e-04, -2.41866306e-02, -9.58745638e-03]), array([ 2.84910795e-01,  1.50332002e+00, -4.49257295e-01, -1.35756182e-01,
        3.28293815e-01,  2.44809994e+00, -3.20454361e-01, -8.85863795e-01,
       -1.92195553e-01, -1.30025998e-03, -8.80996107e-03, -9.68985542e-03]), array([ 2.83325465e-01,  1.49892997e+00, -4.50156782e-01, -1.35766473e-01,
        3.28333145e-01,  2.44805029e+00, -3.17065983e-01, -8.78010926e-01,
       -1.79897470e-01, -2.05816115e-03,  7.86609222e-03, -9.93114818e-03]), array([ 0.28175829,  1.49458255, -0.45099246, -0.13578102,  0.32845602,
        2.44799982, -0.31343415, -0.86948322, -0.1671358 , -0.00290984,
        0.02457554, -0.01009428]), array([ 0.28021046,  1.49028104, -0.45176219, -0.1358002 ,  0.3286627 ,
        2.44794874, -0.30956614, -0.86030279, -0.15394552, -0.00383559,
        0.04133557, -0.01021488]), array([ 0.27868312,  1.48602858, -0.45246399, -0.1358243 ,  0.32895345,
        2.44789718, -0.30546959, -0.85049179, -0.14035938, -0.0048207 ,
        0.05814887, -0.01031175]), array([ 0.27717735,  1.48182822, -0.45309603, -0.13585357,  0.32932848,
        2.44784521, -0.30115254, -0.84007268, -0.12640877, -0.00585393,
        0.07500745, -0.01039463]), array([ 0.27569424,  1.47768287, -0.45365665, -0.13588821,  0.32978796,
        2.44779287, -0.29662346, -0.82906846, -0.11212421, -0.00692642,
        0.09189546, -0.01046845]), array([ 0.27423478,  1.47359536, -0.45414433, -0.13592836,  0.33033192,
        2.44774019, -0.29189122, -0.81750273, -0.09753581, -0.00803104,
        0.10879127, -0.01053557]), array([ 0.27279995,  1.46956836, -0.4545577 , -0.13597417,  0.33096026,
        2.4476872 , -0.28696507, -0.80539983, -0.08267345, -0.00916193,
        0.12566916, -0.01059702]), array([ 0.27139068,  1.46560444, -0.45489553, -0.13602574,  0.33167276,
        2.44763394, -0.28185471, -0.79278483, -0.06756702, -0.01031414,
        0.14250045, -0.01065315]), array([ 0.27000783,  1.46170602, -0.45515676, -0.13608316,  0.33246904,
        2.44758042, -0.27657018, -0.77968358, -0.05224644, -0.01148346,
        0.15925452, -0.01070399]), array([ 0.26865222,  1.45787541, -0.45534047, -0.13614649,  0.33334853,
        2.44752667, -0.27112189, -0.76612266, -0.03674178, -0.01266615,
        0.17589949, -0.01074941]), array([ 0.26732462,  1.45411476, -0.45544589, -0.13621578,  0.33431055,
        2.44747273, -0.26552058, -0.7521294 , -0.02108318, -0.01385893,
        0.19240284, -0.01078925]), array([ 0.26602573,  1.4504261 , -0.45547239, -0.13629108,  0.33535421,
        2.44741861, -0.25977731, -0.73773177, -0.00530089, -0.0150588 ,
        0.2087318 , -0.01082332]), array([ 0.26475621,  1.44681131, -0.45541952, -0.13637239,  0.33647848,
        2.44736435, -0.25390337, -0.72295838,  0.01057479, -0.016263  ,
        0.22485378, -0.0108515 ]), array([ 0.26351666,  1.44327212, -0.45528695, -0.13645974,  0.33768216,
        2.44730998, -0.24791032, -0.70783839,  0.0265136 , -0.01746899,
        0.24073663, -0.01087366]), array([ 0.26230761,  1.43981011, -0.45507452, -0.13655311,  0.3389639 ,
        2.44725553, -0.24180988, -0.69240143,  0.04248536, -0.01867435,
        0.2563489 , -0.01088972]), array([ 0.26112954,  1.43642672, -0.45478222, -0.13665249,  0.3403222 ,
        2.44720104, -0.23561394, -0.67667755,  0.05846003, -0.0198768 ,
        0.27166004, -0.01089965]), array([ 0.25998287,  1.43312324, -0.45441019, -0.13675786,  0.34175541,
        2.44714652, -0.22933453, -0.66069709,  0.07440784, -0.02107416,
        0.28664057, -0.01090344]), array([ 0.25886795,  1.42990078, -0.45395869, -0.13686919,  0.34326172,
        2.44709201, -0.22298369, -0.64449063,  0.09029933, -0.02226436,
        0.30126224, -0.01090112]), array([ 0.25778508,  1.42676034, -0.45342816, -0.13698641,  0.34483921,
        2.44703755, -0.21657356, -0.62808892,  0.10610544, -0.02344538,
        0.31549814, -0.01089275]), array([ 0.2567345 ,  1.42370272, -0.45281917, -0.13710949,  0.34648582,
        2.44698316, -0.21011621, -0.61152273,  0.1217976 , -0.02461529,
        0.3293228 , -0.01087843]), array([ 0.25571639,  1.42072861, -0.45213243, -0.13723835,  0.34819938,
        2.44692887, -0.2036237 , -0.5948228 ,  0.13734781, -0.02577224,
        0.34271229, -0.01085828]), array([ 0.25473085,  1.41783851, -0.45136879, -0.13737292,  0.34997761,
        2.4468747 , -0.19710796, -0.57801978,  0.15272871, -0.02691443,
        0.35564433, -0.01083244]), array([ 0.25377794,  1.41503279, -0.45052922, -0.13751312,  0.3518181 ,
        2.4468207 , -0.19058081, -0.56114407,  0.16791365, -0.02804014,
        0.36809826, -0.0108011 ]), array([ 0.25285767,  1.41231166, -0.44961484, -0.13765886,  0.35371837,
        2.44676688, -0.18405387, -0.5442258 ,  0.1828768 , -0.02914772,
        0.38005518, -0.01076444]), array([ 0.25196998,  1.40967519, -0.44862687, -0.13781004,  0.35567586,
        2.44671326, -0.17753857, -0.52729472,  0.19759316, -0.03023559,
        0.39149797, -0.01072268]), array([ 0.25111475,  1.40712329, -0.44756668, -0.13796655,  0.35768792,
        2.44665988, -0.17104609, -0.51038011,  0.21203868, -0.03130223,
        0.40241127, -0.01067606]), array([ 0.25029181,  1.40465573, -0.44643573, -0.13812828,  0.35975183,
        2.44660676, -0.16458729, -0.49351074,  0.22619026, -0.03234623,
        0.41278157, -0.01062483]), array([ 0.24950095,  1.40227216, -0.4452356 , -0.13829511,  0.36186481,
        2.44655391, -0.15817277, -0.47671477,  0.24002587, -0.03336623,
        0.42259716, -0.01056925]), array([ 0.24874188,  1.39997206, -0.44396798, -0.13846692,  0.36402405,
        2.44650136, -0.15181273, -0.46001965,  0.25352456, -0.03436097,
        0.43184817, -0.01050961]), array([ 0.2480143 ,  1.3977548 , -0.44263464, -0.13864356,  0.36622669,
        2.44644913, -0.14551704, -0.44345213,  0.26666651, -0.03532927,
        0.44052655, -0.01044618]), array([ 0.24731782,  1.39561961, -0.44123748, -0.13882491,  0.36846982,
        2.44639724, -0.13929513, -0.42703814,  0.27943311, -0.03627003,
        0.44862605, -0.01037928]), array([ 0.24665204,  1.3935656 , -0.43977844, -0.13901083,  0.37075053,
        2.44634569, -0.13315604, -0.41080276,  0.29180691, -0.03718227,
        0.4561422 , -0.01030921]), array([ 0.2460165 ,  1.39159175, -0.43825958, -0.13920115,  0.37306589,
        2.44629451, -0.12710837, -0.39477015,  0.30377176, -0.03806509,
        0.46307228, -0.01023627]), array([ 0.2454107 ,  1.38969693, -0.43668302, -0.13939574,  0.37541297,
        2.44624371, -0.12116024, -0.37896352,  0.31531275, -0.03891766,
        0.46941528, -0.01016079]), array([ 0.2448341 ,  1.3878799 , -0.43505094, -0.13959444,  0.37778883,
        2.44619329, -0.11531931, -0.3634051 ,  0.32641627, -0.03973929,
        0.47517185, -0.01008308]), array([ 0.24428614,  1.38613932, -0.43336559, -0.13979708,  0.38019055,
        2.44614327, -0.10959275, -0.34811605,  0.33707001, -0.04052937,
        0.48034427, -0.01000345]), array([ 0.2437662 ,  1.38447374, -0.43162927, -0.14000352,  0.38261523,
        2.44609366, -0.10398726, -0.33311649,  0.347263  , -0.0412874 ,
        0.48493635, -0.00992222]), array([ 0.24327366,  1.38288161, -0.42984435, -0.14021358,  0.38506   ,
        2.44604446, -0.09850902, -0.31842543,  0.35698558, -0.04201295,
        0.48895343, -0.00983971]), array([ 0.24280784,  1.38136131, -0.4280132 , -0.14042711,  0.38752201,
        2.44599568, -0.09316371, -0.30406077,  0.3662294 , -0.04270573,
        0.49240225, -0.00975621]), array([ 0.24236806,  1.37991111, -0.42613826, -0.14064394,  0.38999846,
        2.44594732, -0.08795651, -0.29003926,  0.37498745, -0.04336552,
        0.49529093, -0.00967204]), array([ 0.2419536 ,  1.37852923, -0.42422199, -0.1408639 ,  0.39248661,
        2.44589938, -0.0828921 , -0.27637651,  0.38325402, -0.04399221,
        0.49762886, -0.00958748]), array([ 0.24156372,  1.3772138 , -0.42226687, -0.14108683,  0.39498374,
        2.44585187, -0.07797466, -0.26308697,  0.3910247 , -0.04458579,
        0.49942662, -0.00950282]), array([ 0.24119768,  1.37596288, -0.42027539, -0.14131256,  0.39748722,
        2.44580478, -0.07320787, -0.2501839 ,  0.39829635, -0.04514633,
        0.50069595, -0.00941835]), array([ 0.24085471,  1.37477448, -0.41825005, -0.14154093,  0.39999447,
        2.44575811, -0.06859493, -0.23767943,  0.40506708, -0.045674  ,
        0.50144961, -0.00933432]), array([ 0.24053402,  1.37364656, -0.41619337, -0.14177178,  0.40250297,
        2.44571185, -0.06413856, -0.22558448,  0.41133623, -0.04616906,
        0.50170131, -0.009251  ]), array([ 0.24023481,  1.37257701, -0.41410785, -0.14200494,  0.4050103 ,
        2.44566601, -0.05984101, -0.21390884,  0.41710435, -0.04663185,
        0.50146564, -0.00916862]), array([ 0.23995629,  1.37156371, -0.41199598, -0.14224025,  0.40751409,
        2.44562057, -0.05570407, -0.20266113,  0.42237311, -0.04706279,
        0.50075798, -0.00908742]), array([ 0.23969765,  1.37060446, -0.40986026, -0.14247756,  0.41001206,
        2.44557553, -0.05172911, -0.19184884,  0.42714533, -0.04746237,
        0.4995944 , -0.00900763]), array([ 0.23945806,  1.36969707, -0.40770313, -0.14271672,  0.41250202,
        2.44553089, -0.04791705, -0.18147833,  0.43142491, -0.04783117,
        0.49799159, -0.00892944]), array([ 0.23923672,  1.3688393 , -0.40552705, -0.14295757,  0.41498185,
        2.44548662, -0.04426841, -0.17155486,  0.43521676, -0.04816981,
        0.49596676, -0.00885305]), array([ 0.2390328 ,  1.36802888, -0.40333441, -0.14319996,  0.41744954,
        2.44544273, -0.04078329, -0.1620826 ,  0.43852681, -0.04847901,
        0.49353758, -0.00877864]), array([ 0.2388455 ,  1.36726356, -0.4011276 , -0.14344376,  0.41990315,
        2.4453992 , -0.03746145, -0.15306467,  0.44136189, -0.04875951,
        0.49072207, -0.00870638]), array([ 0.23867398,  1.36654104, -0.39890896, -0.14368882,  0.42234085,
        2.44535601, -0.03430226, -0.14450315,  0.44372975, -0.04901213,
        0.48753855, -0.00863641]), array([ 0.23851746,  1.36585905, -0.39668076, -0.14393501,  0.42476087,
        2.44531317, -0.03130476, -0.1363991 ,  0.44563896, -0.04923772,
        0.48400553, -0.00856889]), array([ 0.23837512,  1.36521529, -0.39444527, -0.1441822 ,  0.42716158,
        2.44527065, -0.02846764, -0.12875264,  0.44709887, -0.04943717,
        0.48014169, -0.00850392]), array([ 0.23824618,  1.36460747, -0.39220467, -0.14443025,  0.42954141,
        2.44522844, -0.02578932, -0.12156293,  0.44811955, -0.04961144,
        0.47596573, -0.00844163]), array([ 0.23812984,  1.36403333, -0.38996111, -0.14467906,  0.43189889,
        2.44518653, -0.02326791, -0.1148282 ,  0.44871176, -0.04976148,
        0.47149639, -0.0083821 ]), array([ 0.23802533,  1.3634906 , -0.38771668, -0.1449285 ,  0.43423265,
        2.4451449 , -0.02090124, -0.10854585,  0.44888684, -0.0498883 ,
        0.46675233, -0.00832544]), array([ 0.23793189,  1.36297704, -0.38547339, -0.14517847,  0.43654141,
        2.44510355, -0.01868692, -0.10271241,  0.44865671, -0.0499929 ,
        0.46175207, -0.0082717 ]), array([ 0.23784878,  1.36249042, -0.38323322, -0.14542885,  0.43882398,
        2.44506244, -0.01662231, -0.09732363,  0.44803379, -0.05007635,
        0.45651397, -0.00822095]), array([ 0.23777526,  1.36202855, -0.38099807, -0.14567955,  0.44107927,
        2.44502157, -0.01470454, -0.09237448,  0.44703095, -0.05013967,
        0.45105617, -0.00817325]), array([ 0.23771061,  1.36158925, -0.37876976, -0.14593047,  0.44330625,
        2.44498093, -0.01293056, -0.08785923,  0.44566143, -0.05018394,
        0.4453965 , -0.00812861]), array([ 0.23765412,  1.36117039, -0.37655007, -0.14618152,  0.44550401,
        2.4449405 , -0.01129715, -0.08377146,  0.44393884, -0.05021022,
        0.43955251, -0.00808709]), array([ 0.23760512,  1.36076987, -0.37434068, -0.14643261,  0.44767172,
        2.44490025, -0.0098009 , -0.0801041 ,  0.44187705, -0.05021959,
        0.43354135, -0.00804868]), array([ 0.23756293,  1.36038563, -0.37214323, -0.14668368,  0.44980862,
        2.44486019, -0.00843828, -0.07684949,  0.43949018, -0.0502131 ,
        0.42737981, -0.0080134 ]), array([ 0.2375269 ,  1.36001563, -0.36995927, -0.14693464,  0.45191404,
        2.44482028, -0.00720561, -0.0739994 ,  0.43679252, -0.05019182,
        0.42108424, -0.00798124]), array([ 0.2374964 ,  1.3596579 , -0.36779028, -0.14718542,  0.45398739,
        2.44478052, -0.0060991 , -0.07154507,  0.43379853, -0.0501568 ,
        0.41467054, -0.00795221]), array([ 0.23747083,  1.35931052, -0.36563766, -0.14743597,  0.45602816,
        2.44474089, -0.00511488, -0.06947729,  0.43052272, -0.05010909,
        0.40815414, -0.00792626]), array([ 0.23744958,  1.35897159, -0.36350276, -0.14768622,  0.45803591,
        2.44470137, -0.00424895, -0.06778637,  0.42697969, -0.05004971,
        0.40154997, -0.00790339]), array([ 0.2374321 ,  1.35863927, -0.36138684, -0.14793612,  0.46001027,
        2.44466195, -0.00349729, -0.06646223,  0.42318402, -0.04997967,
        0.39487246, -0.00788356]), array([ 0.23741782,  1.3583118 , -0.35929109, -0.14818562,  0.46195095,
        2.44462262, -0.00285579, -0.06549445,  0.41915028, -0.04989996,
        0.38813551, -0.00786673]), array([ 2.37406217e-01,  1.35798744e+00, -3.57216627e-01, -1.48434673e-01,
        4.63857713e-01,  2.44458335e+00, -2.32029015e-03, -6.48722394e-02,
        4.14892956e-01, -4.98115464e-02,  3.81352497e-01, -7.85285081e-03]), array([ 2.37396784e-01,  1.35766452e+00, -3.55164495e-01, -1.48683250e-01,
        4.65730394e-01,  2.44454415e+00, -1.88661456e-03, -6.45845483e-02,
        4.10426438e-01, -4.97153848e-02,  3.74536260e-01, -7.84187670e-03]), array([ 2.37389031e-01,  1.35734142e+00, -3.53135670e-01, -1.48931312e-01,
        4.67568890e-01,  2.44450498e+00, -1.55055340e-03, -6.46200609e-02,
        4.05764984e-01, -4.96123940e-02,  3.67699097e-01, -7.83375192e-03]), array([ 2.37382491e-01,  1.35701658e+00, -3.51131057e-01, -1.49178830e-01,
        4.69373153e-01,  2.44446583e+00, -1.30788633e-03, -6.49672437e-02,
        4.00922685e-01, -4.95034703e-02,  3.60852765e-01, -7.82841730e-03]), array([ 2.37376719e-01,  1.35668851e+00, -3.49151490e-01, -1.49425777e-01,
        4.71143196e-01,  2.44442671e+00, -1.15439046e-03, -6.56143782e-02,
        3.95913442e-01, -4.93894833e-02,  3.54008483e-01, -7.82580990e-03]), array([ 2.37371290e-01,  1.35635576e+00, -3.47197735e-01, -1.49672133e-01,
        4.72879080e-01,  2.44438758e+00, -1.08584989e-03, -6.65495935e-02,
        3.90750939e-01, -4.92712741e-02,  3.47176933e-01, -7.82586345e-03]), array([ 2.37365800e-01,  1.35601696e+00, -3.45270492e-01, -1.49917882e-01,
        4.74580922e-01,  2.44434843e+00, -1.09806455e-03, -6.77608978e-02,
        3.85448619e-01, -4.91496550e-02,  3.40368270e-01, -7.82850880e-03]), array([ 2.37359866e-01,  1.35567078e+00, -3.43370394e-01, -1.50163009e-01,
        4.76248882e-01,  2.44430927e+00, -1.18685853e-03, -6.92362092e-02,
        3.80019666e-01, -4.90254085e-02,  3.33592123e-01, -7.83367433e-03]), array([ 0.23874138,  1.35717738, -0.33998027, -0.15423227,  0.47667299,
        2.45488694,  0.27630337,  0.30132012,  0.67802522, -0.81385252,
        0.08482063,  2.11553475]), array([ 0.24142925,  1.35444699, -0.33548669, -0.15202989,  0.48535385,
        2.45427547,  0.53757259, -0.54607809,  0.89871501,  0.44047574,
        1.73617325, -0.12229445]), array([ 0.24468578,  1.34668694, -0.32663114, -0.14457301,  0.50040328,
        2.44294223,  0.65130763, -1.55200867,  1.77111063,  1.49137596,
        3.00988561, -2.26664649]), array([ 0.2476529 ,  1.34193915, -0.31983555, -0.14239295,  0.5158522 ,
        2.44274011,  0.59342371, -0.94955908,  1.35911795,  0.43601343,
        3.08978325, -0.0404248 ]), array([ 0.25110322,  1.341276  , -0.3180723 , -0.13674721,  0.53053589,
        2.45215096,  0.69006325, -0.13263032,  0.35264986,  1.12914774,
        2.93673782,  1.8821695 ]), array([ 0.2551549 ,  1.34487787, -0.31933328, -0.12789587,  0.53827747,
        2.47085581,  0.81033554,  0.72037567, -0.25219623,  1.77026821,
        1.54831761,  3.74097059]), array([ 0.25906864,  1.34827945, -0.32040996, -0.11942935,  0.5456195 ,
        2.48883633,  0.78274976,  0.68031565, -0.21533609,  1.69330303,
        1.46840451,  3.59610355]), array([ 0.26284286,  1.35229324, -0.32198577, -0.11226186,  0.55193806,
        2.50825562,  0.75484221,  0.80275636, -0.31516198,  1.4334987 ,
        1.26371245,  3.88385758]), array([ 2.67165405e-01,  1.35272860e+00, -3.21985356e-01, -1.00158157e-01,
        5.61120704e-01,  2.51624946e+00,  8.64509821e-01,  8.70727887e-02,
        8.30941898e-05,  2.42074008e+00,  1.83652922e+00,  1.59876943e+00]), array([ 0.27127668,  1.35577082, -0.32218445, -0.09224367,  0.56856607,
        2.51408503,  0.82225568,  0.60844373, -0.03981956,  1.58289817,
        1.4890729 , -0.43288701]), array([ 0.275791  ,  1.35569733, -0.32130655, -0.08073067,  0.57676885,
        2.52193381,  0.90286393, -0.01469795,  0.17558044,  2.302599  ,
        1.64055649,  1.56975614]), array([ 0.28001371,  1.35066093, -0.31562459, -0.07389602,  0.59003557,
        2.54034607,  0.84454153, -1.00727907,  1.13639263,  1.3669301 ,
        2.65334389,  3.68245207]), array([ 0.284107  ,  1.34572723, -0.31013492, -0.06738642,  0.60265458,
        2.55803624,  0.8186578 , -0.9867399 ,  1.09793439,  1.30192104,
        2.52380279,  3.53803479]), array([ 0.28904205,  1.34398587, -0.3065702 , -0.05631109,  0.61366294,
        2.56412965,  0.9870093 , -0.3482721 ,  0.71294345,  2.215065  ,
        2.20167019,  1.21868036]), array([ 0.29387715,  1.34568801, -0.30521562, -0.05012524,  0.62190215,
        2.58066787,  0.96701978,  0.34042655,  0.27091611,  1.23717018,
        1.64784271,  3.30764519]), array([ 0.29949376,  1.35159648, -0.30790509, -0.03939899,  0.62614664,
        2.58571925,  1.12332319,  1.18169576, -0.53789511,  2.14524929,
        0.84889802,  1.01027488]), array([ 0.3056492 ,  1.36117485, -0.31370777, -0.02550766,  0.62700538,
        2.60027074,  1.23108786,  1.91567323, -1.16053437,  2.7782662 ,
        0.17174786,  2.91029985]), array([ 0.31165484,  1.36660671, -0.31628996, -0.01518629,  0.63055975,
        2.60462447,  1.20112803,  1.08637198, -0.51643928,  2.06427453,
        0.71087386,  0.87074432]), array([ 0.31747941,  1.36770239, -0.31541508, -0.00936922,  0.63747462,
        2.6196737 ,  1.16491341,  0.2191368 ,  0.17497587,  1.16341435,
        1.38297455,  3.0098463 ]), array([ 0.32341957,  1.36388089, -0.30977705, -0.00660698,  0.64928136,
        2.62441039,  1.18803203, -0.76430018,  1.12760734,  0.55244688,
        2.36134753,  0.94733875]), array([ 0.32868775,  1.35692822, -0.30105453, -0.0085768 ,  0.65835357,
        2.63982827,  1.05363582, -1.39053482,  1.74450434, -0.39396431,
        1.81444306,  3.08357625]), array([ 0.33435629,  1.3536082 , -0.29423197, -0.00602741,  0.66315411,
        2.64374862,  1.13370849, -0.66400296,  1.36451028,  0.50987801,
        0.96010672,  0.78406941]), array([ 0.33948719,  1.35398182, -0.29034095, -0.00722721,  0.66546709,
        2.63765416,  1.0261805 ,  0.07472375,  0.77820531, -0.23995874,
        0.46259624, -1.21889293]), array([ 0.34501426,  1.35071931, -0.28462202, -0.00470545,  0.67054901,
        2.64164962,  1.1054137 , -0.65250205,  1.14378522,  0.5043515 ,
        1.01638446,  0.79909289]), array([ 3.50887933e-01,  1.34330061e+00, -2.75048276e-01,  2.30430235e-03,
        6.77864972e-01,  2.63481740e+00,  1.17473449e+00, -1.48374132e+00,
        1.91474902e+00,  1.40195064e+00,  1.46319222e+00, -1.36644430e+00]), array([ 0.35626077,  1.33897311, -0.26715716,  0.0044827 ,  0.68387056,
        2.63889399,  1.07456798, -0.86550024,  1.57822361,  0.43568007,
        1.20111838,  0.81531821]), array([ 0.36215676,  1.33828618, -0.26187291,  0.01110999,  0.68690306,
        2.63197552,  1.17919749, -0.13738574,  1.05685008,  1.32545692,
        0.60649891, -1.38369307]), array([ 0.36730622,  1.34163837, -0.26033122,  0.01272971,  0.68637538,
        2.63602261,  1.02989113,  0.6704396 ,  0.30833718,  0.32394482,
       -0.10553553,  0.80941786]), array([ 0.37302553,  1.34191215, -0.25770258,  0.01807805,  0.68635499,
        2.64979431,  1.1438636 ,  0.05475511,  0.52572856,  1.0696674 ,
       -0.00407813,  2.75433986]), array([ 0.37846725,  1.33707636, -0.24965986,  0.02007894,  0.69104958,
        2.65327152,  1.08834415, -0.9671581 ,  1.60854304,  0.4001783 ,
        0.93891896,  0.69544178]), array([ 0.38318178,  1.32755036, -0.23688143,  0.0183937 ,  0.69978332,
        2.64687552,  0.94290525, -1.9052008 ,  2.5556877 , -0.33704779,
        1.7467477 , -1.27919953]), array([ 0.38819743,  1.3140847 , -0.22095614,  0.02027364,  0.7113783 ,
        2.65055185,  1.0031302 , -2.69313176,  3.18505693,  0.37598792,
        2.31899456,  0.73526433]), array([ 0.39380429,  1.30289675, -0.20433379,  0.02575732,  0.72210565,
        2.66367187,  1.1213713 , -2.23759008,  3.32446921,  1.09673646,
        2.14547027,  2.62400534]), array([ 0.39936084,  1.29461607, -0.19096713,  0.02864265,  0.73056426,
        2.6826591 ,  1.11131073, -1.65613568,  2.67333367,  0.57706538,
        1.69172324,  3.79744578]), array([ 0.40473042,  1.28658988, -0.17819283,  0.0313441 ,  0.73853108,
        2.70087391,  1.07391604, -1.60523764,  2.55485982,  0.54028928,
        1.5933643 ,  3.64296177]), array([ 0.41023585,  1.27944657, -0.16629298,  0.03478148,  0.7455615 ,
        2.72027901,  1.10108612, -1.42866127,  2.37996844,  0.68747752,
        1.40608267,  3.88102062]), array([ 0.41746704,  1.26864861, -0.15182922,  0.04380777,  0.75506814,
        2.72821453,  1.44623705, -2.15959247,  2.89275218,  1.80525684,
        1.90132735,  1.58710334]), array([ 0.42553344,  1.26044653, -0.13724404,  0.05730713,  0.76319896,
        2.72501579,  1.61328141, -1.64041709,  2.91703686,  2.69987269,
        1.62616432, -0.63974699]), array([ 0.43493078,  1.25560667, -0.12462121,  0.0746792 ,  0.76920576,
        2.73166516,  1.87946745, -0.96797032,  2.52456618,  3.47441362,
        1.20136141,  1.32987392]), array([ 0.44503061,  1.24925724, -0.110789  ,  0.093708  ,  0.7759462 ,
        2.73382724,  2.01996526, -1.26988624,  2.76644199,  3.80575967,
        1.34808635,  0.43241518]), array([ 0.45280095,  1.2402785 , -0.09214966,  0.10756944,  0.77894406,
        2.74245562,  1.55406919, -1.79574824,  3.7278681 ,  2.77228916,
        0.59957244,  1.72567653]), array([ 0.45980214,  1.23067916, -0.07252845,  0.12107229,  0.78056259,
        2.74866561,  1.40023756, -1.9198691 ,  3.92424218,  2.70056992,
        0.32370603,  1.2419971 ]), array([ 0.46652587,  1.22142301, -0.05381025,  0.13392147,  0.78197306,
        2.75467586,  1.34474632, -1.85123006,  3.74363866,  2.5698359 ,
        0.2820953 ,  1.20205043]), array([ 0.47257054,  1.21239854, -0.03631178,  0.14763829,  0.78200531,
        2.76058921,  1.20893371, -1.80489327,  3.49969435,  2.74336301,
        0.00644892,  1.18267059]), array([ 0.47841585,  1.20363515, -0.01995362,  0.16044096,  0.78024907,
        2.76626942,  1.16906115, -1.75267756,  3.27163153,  2.56053473,
       -0.35124827,  1.13604186]), array([ 0.48368179,  1.19510352, -0.00453341,  0.17383163,  0.77821937,
        2.7717813 ,  1.05318765, -1.70632535,  3.08404227,  2.67813378,
       -0.40594019,  1.10237598]), array([ 0.48868704,  1.18684227,  0.01002972,  0.18666896,  0.77555398,
        2.77714847,  1.00105123, -1.65225004,  2.91262704,  2.56746667,
       -0.53307691,  1.07343324]), array([ 0.49353334,  1.17885879,  0.02381606,  0.19864591,  0.77231919,
        2.78240695,  0.96925879, -1.59669725,  2.75726816,  2.39538871,
       -0.64695865,  1.05169552]), array([ 0.49824836,  1.17114976,  0.0368973 ,  0.20972453,  0.7686931 ,
        2.7875668 ,  0.94300381, -1.54180492,  2.61624724,  2.2157243 ,
       -0.72521841,  1.03197004]), array([ 0.50285581,  1.16371076,  0.04933339,  0.21988192,  0.76480425,
        2.79263641,  0.92149039, -1.48780059,  2.48721901,  2.031478  ,
       -0.77776856,  1.01392289]), array([ 0.50737585,  1.1565365 ,  0.06117509,  0.22910785,  0.76074461,
        2.7976226 ,  0.90400783, -1.43485311,  2.36833837,  1.84518694,
       -0.81192939,  0.99723687]), array([ 0.51182546,  1.14962109,  0.07246582,  0.2374027 ,  0.75657922,
        2.8025307 ,  0.88992242, -1.38308143,  2.25814667,  1.6589698 ,
       -0.83307799,  0.98162081]), array([ 0.51621881,  1.14295827,  0.08324324,  0.24477558,  0.75235352,
        2.80736477,  0.87867069, -1.33256363,  2.15548339,  1.47457526,
       -0.84513851,  0.96681465]), array([ 0.52056758,  1.13654154,  0.09354033,  0.25124272,  0.74809876,
        2.81212773,  0.86975333, -1.28334506,  2.05941802,  1.29342822,
       -0.85095252,  0.95259146]), array([ 0.52488123,  1.13036432,  0.10338631,  0.25682608,  0.74383597,
        2.81682152,  0.86272962, -1.23544546,  1.96919768,  1.1166728 ,
       -0.85255833,  0.93875737]), array([ 0.52916729,  1.12441999,  0.11280735,  0.26155214,  0.73957896,
        2.82144727,  0.85721217, -1.18886485,  1.88420708,  0.94521145,
       -0.85140155,  0.92515012]), array([ 0.5334316 ,  1.11870205,  0.12182704,  0.26545084,  0.7353365 ,
        2.82600545,  0.85286194, -1.14358839,  1.80393778,  0.77974023,
       -0.84849307,  0.91163682]), array([ 0.53767851,  1.1132041 ,  0.13046686,  0.26855474,  0.73111386,
        2.83049601,  0.84938351, -1.09959031,  1.72796481,  0.62077997,
       -0.84452753,  0.89811113]), array([ 0.54191112,  1.10791991,  0.13874651,  0.27089826,  0.726914  ,
        2.83491846,  0.8465207 , -1.05683709,  1.65592862,  0.46870385,
       -0.83997152,  0.88449037]), array([ 0.54613138,  1.10284346,  0.14668411,  0.27251707,  0.72273836,
        2.83927202,  0.84405238, -1.01528994,  1.58752137,  0.3237613 ,
       -0.83512915,  0.87071248]), array([ 0.55034032,  1.09796893,  0.15429649,  0.27344756,  0.7185874 ,
        2.84355569,  0.84178868, -0.97490682,  1.52247632,  0.18609887,
       -0.83019031,  0.85673321]), array([ 0.55453816,  1.09329071,  0.16159929,  0.27372645,  0.71446107,
        2.8477683 ,  0.83956746, -0.935644  ,  1.46055972,  0.05577809,
       -0.82526608,  0.84252342]), array([ 0.55872442,  1.08880342,  0.16860712,  0.27339041,  0.710359  ,
        2.85190864,  0.83725116, -0.89745726,  1.4015645 , -0.06720916,
       -0.82041437,  0.82806666]), array([ 0.56289804,  1.08450191,  0.17533364,  0.27247577,  0.70628071,
        2.85597542,  0.83472384, -0.86030287,  1.34530545, -0.18292758,
       -0.81565833,  0.81335697]), array([ 0.56705748,  1.08038122,  0.18179172,  0.27101833,  0.70222571,
        2.85996741,  0.83188864, -0.82413824,  1.29161539, -0.29148735,
       -0.81099942,  0.79839696]), array([ 0.57120081,  1.07643661,  0.18799343,  0.26905316,  0.69819358,
        2.86388339,  0.82866539, -0.78892251,  1.24034225, -0.39303475,
       -0.80642647,  0.78319613]), array([ 0.57532575,  1.07266352,  0.19395016,  0.26661444,  0.69418397,
        2.86772223,  0.82498859, -0.75461693,  1.19134674, -0.48774426,
       -0.80192186,  0.76776935]), array([ 0.57942978,  1.0690576 ,  0.19967267,  0.26373538,  0.69019664,
        2.87148291,  0.82080551, -0.72118507,  1.14450057, -0.57581196,
       -0.79746554,  0.75213572]), array([ 0.58351015,  1.06561463,  0.20517109,  0.26044813,  0.68623146,
        2.8751645 ,  0.81607455, -0.68859305,  1.09968492, -0.65745003,
       -0.79303762,  0.73631742]), array([ 0.58756397,  1.06233058,  0.21045504,  0.25678372,  0.68228836,
        2.87876619,  0.81076384, -0.65680961,  1.05678938, -0.73288215,
       -0.78861981,  0.72033885]), array([ 0.59158822,  1.05920155,  0.21553359,  0.25277202,  0.67836738,
        2.88228732,  0.80484988, -0.62580614,  1.01571093, -0.80233973,
       -0.78419622,  0.70422589]), array([ 0.5955798 ,  1.05622377,  0.22041536,  0.24844172,  0.67446861,
        2.88572735,  0.79831646, -0.59555667,  0.97635323, -0.86605879,
       -0.77975353,  0.68800529]), array([ 0.59953557,  1.05339358,  0.22510849,  0.24382034,  0.6705922 ,
        2.88908587,  0.79115364, -0.56603781,  0.938626  , -0.92427741,
       -0.77528095,  0.67170415]), array([ 0.60345235,  1.05070744,  0.22962071,  0.23893417,  0.66673835,
        2.89236262,  0.78335686, -0.53722868,  0.90244444, -0.97723365,
       -0.77076995,  0.65534951]), array([ 0.60732698,  1.04816188,  0.23395936,  0.23380835,  0.66290728,
        2.89555746,  0.77492618, -0.50911078,  0.86772884, -1.02516388,
       -0.76621382,  0.63896804]), array([ 0.61115631,  1.04575354,  0.23813138,  0.22846684,  0.65909925,
        2.89867039,  0.76586557, -0.48166791,  0.8344042 , -1.06830141,
       -0.7616073 ,  0.62258574]), array([ 0.61493722,  1.04347911,  0.24214338,  0.22293246,  0.65531452,
        2.90170153,  0.7561823 , -0.454886  ,  0.80239986, -1.10687544,
       -0.75694608,  0.60622777]), array([ 0.61866666,  1.04133535,  0.24600162,  0.21722691,  0.65155339,
        2.90465112,  0.74588644, -0.42875299,  0.77164927, -1.1411102 ,
       -0.75222643,  0.58991827]), array([ 0.62234161,  1.03931905,  0.24971207,  0.21137079,  0.64781616,
        2.90751952,  0.73499033, -0.40325867,  0.74208967, -1.1712243 ,
       -0.74744477,  0.57368024]), array([ 0.62595915,  1.03742708,  0.25328038,  0.20538364,  0.64410318,
        2.9103072 ,  0.7235082 , -0.37839454,  0.71366189, -1.19743021,
       -0.74259738,  0.55753547]), array([ 0.62951643,  1.03565631,  0.25671193,  0.19928397,  0.64041477,
        2.91301472,  0.7114558 , -0.35415366,  0.68631013, -1.21993391,
       -0.7376801 ,  0.54150447]), array([ 0.63301068,  1.03400366,  0.26001184,  0.1930893 ,  0.63675133,
        2.91564275,  0.69885003, -0.33053051,  0.65998179, -1.23893462,
       -0.73268812,  0.52560644]), array([ 0.63643922,  1.03246606,  0.26318498,  0.18681618,  0.63311326,
        2.91819205,  0.68570872, -0.30752083,  0.63462723, -1.25462459,
       -0.7276158 ,  0.50985923]), array([ 0.63979947,  1.03104045,  0.26623597,  0.18048023,  0.62950097,
        2.92066344,  0.67205028, -0.28512149,  0.61019965, -1.26718901,
       -0.72245653,  0.49427939]), array([ 0.64308894,  1.0297238 ,  0.26916925,  0.1740962 ,  0.62591496,
        2.92305786,  0.65789355, -0.26333037,  0.5866549 , -1.27680597,
       -0.71720271,  0.47888213]), array([ 0.64630523,  1.02851307,  0.27198901,  0.16767797,  0.62235573,
        2.92537626,  0.64325759, -0.24214617,  0.56395136, -1.28364642,
       -0.71184564,  0.46368135]), array([ 0.64944604,  1.02740522,  0.27469925,  0.1612386 ,  0.61882385,
        2.92761971,  0.62816146, -0.22156837,  0.54204978, -1.28787423,
       -0.70637555,  0.44868968]), array([ 0.65250916,  1.02639724,  0.27730382,  0.15479037,  0.61531994,
        2.9297893 ,  0.6126241 , -0.20159704,  0.52091315, -1.28964625,
       -0.70078163,  0.4339185 ]), array([ 0.65549248,  1.02548608,  0.27980635,  0.1483448 ,  0.61184468,
        2.93188619,  0.59666421, -0.18223274,  0.50050657, -1.28911239,
       -0.6950521 ,  0.41937802]), array([ 0.65839398,  1.02466869,  0.28221034,  0.14191273,  0.60839881,
        2.93391158,  0.58030011, -0.16347645,  0.48079714, -1.28641573,
       -0.68917424,  0.40507725]), array([ 0.66121173,  1.02394205,  0.28451911,  0.13550426,  0.60498314,
        2.9358667 ,  0.56354962, -0.14532944,  0.46175384, -1.28169266,
       -0.6831345 ,  0.39102409]), array([ 0.66394388,  1.02330308,  0.28673585,  0.1291289 ,  0.60159855,
        2.93775283,  0.54643005, -0.12779316,  0.44334745, -1.27507302,
       -0.67691863,  0.37722541]), array([ 0.66658867,  1.02274873,  0.2888636 ,  0.1227955 ,  0.59824599,
        2.93957126,  0.52895806, -0.1108692 ,  0.4255504 , -1.26668026,
       -0.67051175,  0.36368701]), array([ 0.66914441,  1.02227594,  0.29090528,  0.11651234,  0.5949265 ,
        2.94132333,  0.5111496 , -0.09455915,  0.40833673, -1.25663159,
       -0.66389853,  0.35041376]), array([ 0.67160951,  1.02188162,  0.29286369,  0.11028715,  0.59164118,
        2.94301038,  0.49301995, -0.07886457,  0.39168196, -1.24503814,
       -0.65706325,  0.33740961]), array([ 0.67398243,  1.02156268,  0.29474151,  0.10412712,  0.58839123,
        2.94463377,  0.47458356, -0.0637869 ,  0.37556302, -1.23200519,
       -0.64998997,  0.32467763]), array([ 0.6762617 ,  1.02131604,  0.2965413 ,  0.09803896,  0.58517792,
        2.94619487,  0.45585414, -0.04932741,  0.35995819, -1.21763229,
       -0.64266267,  0.31222007]), array([ 0.67844593,  1.02113861,  0.29826553,  0.09202889,  0.58200259,
        2.94769506,  0.43684457, -0.03548714,  0.34484698, -1.20201349,
       -0.63506533,  0.30003845]), array([ 0.68053376,  1.02102727,  0.29991658,  0.08610271,  0.57886668,
        2.94913573,  0.41756692, -0.02226681,  0.33021011, -1.18523748,
       -0.62718209,  0.28813354]), array([ 0.68252392,  1.02097894,  0.30149673,  0.08026577,  0.57577169,
        2.95051825,  0.39803243, -0.00966684,  0.3160294 , -1.16738784,
       -0.61899737,  0.27650545]), array([ 6.84415179e-01,  1.02099050e+00,  3.03008168e-01,  7.45230501e-02,
        5.72719213e-01,  2.95184402e+00,  3.78251536e-01,  2.31274625e-03,
        3.02287736e-01, -1.14854319e+00, -6.10495950e-01,  2.65153686e-01]), array([ 0.68620635,  1.02105887,  0.30445301,  0.06887916,  0.5697109 ,
        2.95311441,  0.35823389,  0.01367233,  0.28896899, -1.12877739,
       -0.60166312,  0.25407718]), array([ 0.68789629,  1.02118093,  0.3058333 ,  0.06333836,  0.56674847,
        2.95433078,  0.33798833,  0.02441275,  0.27605798, -1.10815971,
       -0.59248476,  0.24327432]), array([ 0.68948391,  1.02135361,  0.307151  ,  0.05790459,  0.56383374,
        2.9554945 ,  0.31752297,  0.0345353 ,  0.26354038, -1.08675507,
       -0.58294742,  0.23274302]), array([ 0.69092368,  1.02144425,  0.30828824,  0.05269013,  0.56080698,
        2.95659254,  0.28795428,  0.01812859,  0.22744742, -1.04289262,
       -0.60535123,  0.21960991])], 'U_history': [array([ 1.28222060e-03, -6.54928194e-05,  8.30700879e-05, -2.10303942e-04,
       -1.38063902e-04,  2.90420737e-19]), array([ 0.03268867,  0.08620665,  0.00458048, -0.00246391,  0.03640292,
        0.00264671]), array([ 0.06327603,  0.16913545,  0.01343285, -0.00462236,  0.06817558,
        0.00425049]), array([ 0.09304169,  0.24889644,  0.02584275, -0.00670054,  0.09645   ,
        0.00527603]), array([ 0.12199587,  0.32567425,  0.04116311, -0.0087043 ,  0.1221553 ,
        0.00597903]), array([ 0.15016022,  0.39966412,  0.05887161, -0.01063655,  0.14597341,
        0.00650053]), array([ 0.17756628,  0.4710738 ,  0.07855087, -0.01249999,  0.16840829,
        0.00691852]), array([ 0.20425348,  0.54012351,  0.09987155, -0.01429792,  0.18983577,
        0.00727624]), array([ 0.23026673,  0.60704297,  0.1225768 , -0.01603428,  0.21053864,
        0.00759779]), array([ 0.25565431,  0.67206674,  0.14646822, -0.01771348,  0.23073114,
        0.00789663]), array([ 0.28046642,  0.73542968,  0.17139404, -0.01934017,  0.25057652,
        0.00818034]), array([ 0.30475436,  0.79736386,  0.1972398 , -0.02091907,  0.27020008,
        0.00845327]), array([ 0.32857019,  0.8580968 ,  0.22392143, -0.02245485,  0.2896992 ,
        0.00871793]), array([ 0.35196644,  0.9178507 ,  0.2513799 , -0.02395211,  0.30915083,
        0.00897579]), array([ 0.37499591,  0.97684218,  0.27957701, -0.02541524,  0.3286172 ,
        0.00922782]), array([ 0.39771142,  1.03528211,  0.30849195, -0.02684843,  0.34814994,
        0.00947463]), array([ 0.42016555,  1.09337551,  0.33811839, -0.02825562,  0.36779303,
        0.00971668]), array([ 0.44241032,  1.15132133,  0.3684619 , -0.02964047,  0.38758488,
        0.00995437]), array([ 0.46449698,  1.2093122 ,  0.39953772, -0.03100636,  0.40755973,
        0.01018805]), array([ 0.48647565,  1.26753408,  0.43136879, -0.03235639,  0.42774858,
        0.01041805]), array([ 0.51181471,  1.32064287,  0.46009447, -0.03438611,  0.44580887,
        0.01064471]), array([ 0.53395652,  1.37933772,  0.49322196, -0.03569791,  0.46653768,
        0.0108406 ]), array([ 0.55614081,  1.4387699 ,  0.52720247, -0.03701306,  0.48751777,
        0.01104644]), array([ 0.57840996,  1.49909511,  0.56207263, -0.03833055,  0.50878164,
        0.0112565 ]), array([ 0.60080408,  1.5604603 ,  0.59787008, -0.03964995,  0.53035697,
        0.01146792]), array([ 0.6233608 ,  1.62300308,  0.63463219, -0.04097116,  0.55226723,
        0.01167937]), array([ 0.64611508,  1.68685115,  0.67239498, -0.04229425,  0.57453207,
        0.01189037]), array([ 0.66909899,  1.7521217 ,  0.71119214, -0.04361936,  0.59716749,
        0.01210086]), array([ 0.69234156,  1.81892085,  0.75105408, -0.04494663,  0.62018601,
        0.012311  ]), array([ 0.71586856,  1.88734313,  0.79200718, -0.04627617,  0.64359668,
        0.01252105]), array([ 0.7397024 ,  1.95747088,  0.83407307, -0.04760802,  0.66740511,
        0.01273134]), array([ 0.76386197,  2.02937385,  0.87726795, -0.04894213,  0.69161338,
        0.01294218]), array([ 0.7883625 ,  2.10310863,  0.92160204, -0.05027838,  0.71622004,
        0.01315389]), array([ 0.81321552,  2.17871832,  0.96707909, -0.05161653,  0.74122004,
        0.01336675]), array([ 0.8384287 ,  2.25623209,  1.01369593, -0.05295626,  0.76660469,
        0.01358103]), array([ 0.86400586,  2.33566492,  1.06144212, -0.05429717,  0.7923616 ,
        0.01379694]), array([ 0.88994686,  2.41701727,  1.11029962, -0.05563875,  0.81847468,
        0.01401467]), array([ 0.91624764,  2.50027494,  1.16024259, -0.05698042,  0.84492416,
        0.01423437]), array([ 0.94290016,  2.58540891,  1.21123719, -0.05832153,  0.87168654,
        0.01445614]), array([ 0.96989248,  2.67237532,  1.26324151, -0.05966137,  0.8987347 ,
        0.01468004]), array([ 1.00964884,  2.7548751 ,  1.31180782, -0.06308679,  0.92387494,
        0.01490607]), array([ 1.03754527,  2.84507683,  1.36557798, -0.06426954,  0.95153378,
        0.015067  ]), array([ 1.06571624,  2.93690403,  1.42019272, -0.06548692,  0.97933591,
        0.0152647 ]), array([ 1.09413424,  3.03025392,  1.4755763 , -0.06672844,  1.00725163,
        0.01548215]), array([ 1.12276822,  3.12501013,  1.53164604, -0.06798615,  1.03524528,
        0.01571021]), array([ 1.15158383,  3.22104305,  1.58831238, -0.06925387,  1.06327622,
        0.01594396]), array([ 1.18054358,  3.31821038,  1.64547908, -0.07052672,  1.09129962,
        0.01618074]), array([ 1.20960707,  3.41635764,  1.70304353, -0.07180077,  1.11926706,
        0.01641904]), array([ 1.23873124,  3.51531889,  1.76089715, -0.0730728 ,  1.14712715,
        0.01665795]), array([ 1.26787059,  3.61491751,  1.81892581, -0.07434015,  1.17482596,
        0.01689683]), array([ 1.29697746,  3.71496699,  1.87701036, -0.07560059,  1.20230752,
        0.01713518]), array([ 1.32600232,  3.8152719 ,  1.9350272 , -0.07685225,  1.22951424,
        0.01737254]), array([ 1.35489407,  3.91562886,  1.99284886, -0.07809353,  1.25638729,
        0.01760843]), array([ 1.38360029,  4.01582758,  2.05034471, -0.07932305,  1.28286704,
        0.01784238]), array([ 1.41206761,  4.11565193,  2.10738159, -0.08053962,  1.3088934 ,
        0.01807387]), array([ 1.44024201,  4.21488116,  2.16382456, -0.08174222,  1.33440622,
        0.01830237]), array([ 1.46806912,  4.31329098,  2.2195376 , -0.08292995,  1.35934568,
        0.01852731]), array([ 1.49549454,  4.41065482,  2.27438436, -0.08410203,  1.3836526 ,
        0.01874811]), array([ 1.52246417,  4.50674503,  2.32822891, -0.08525776,  1.40726882,
        0.01896418]), array([ 1.5489245 ,  4.6013341 ,  2.3809365 , -0.08639654,  1.43013756,
        0.01917491]), array([ 1.53550667,  4.73792883,  2.46291053, -0.08060127,  1.47040137,
        0.01937971]), array([ 1.56076884,  4.82939966,  2.51289047, -0.08231528,  1.48987658,
        0.0198623 ]), array([ 1.58538519,  4.91854631,  2.56123285, -0.08387227,  1.50883655,
        0.02018856]), array([ 1.60930933,  5.00516747,  2.60783802, -0.08530797,  1.5271275 ,
        0.02042976]), array([ 1.63249642,  5.08906504,  2.65260437, -0.08664801,  1.54462613,
        0.02062349]), array([ 1.65490352,  5.17004598,  2.69543086, -0.0879111 ,  1.56123256,
        0.02078926]), array([ 1.67648985,  5.24792387,  2.73621891, -0.08911108,  1.57686533,
        0.0209369 ]), array([ 1.69721705,  5.32252037,  2.774874  , -0.09025827,  1.59145766,
        0.02107114]), array([ 1.71704938,  5.39366637,  2.81130685, -0.09136043,  1.60495478,
        0.02119405]), array([ 1.73595388,  5.46120311,  2.84543446, -0.09242338,  1.61731189,
        0.02130631]), array([ 1.75390059,  5.5249831 ,  2.87718086, -0.0934515 ,  1.62849276,
        0.02140798]), array([ 1.77086257,  5.58487091,  2.90647775, -0.09444807,  1.63846864,
        0.02149882]), array([ 1.78681609,  5.6407439 ,  2.93326502, -0.0954155 ,  1.64721748,
        0.02157849]), array([ 1.80174064,  5.69249275,  2.95749108, -0.09635555,  1.65472332,
        0.02164665]), array([ 1.81561899,  5.74002194,  2.97911317, -0.09726947,  1.66097586,
        0.021703  ]), array([ 1.82843722,  5.78325016,  2.99809758, -0.09815811,  1.66597008,
        0.02174732]), array([ 1.84018475,  5.82211052,  3.01441972, -0.09902201,  1.66970596,
        0.02177945]), array([ 1.85085425,  5.85655077,  3.02806422, -0.09986146,  1.67218822,
        0.0217993 ]), array([ 1.86044168,  5.88653336,  3.03902487, -0.10067655,  1.67342612,
        0.02180688]), array([ 1.86894618,  5.91203544,  3.04730459, -0.10146723,  1.67343323,
        0.02180224]), array([ 1.87637005,  5.93304875,  3.05291524, -0.10223335,  1.67222727,
        0.0217855 ]), array([ 1.88271862,  5.94957948,  3.05587753, -0.10297464,  1.66982986,
        0.02175686]), array([ 1.88800018,  5.96164802,  3.05622069, -0.1036908 ,  1.66626635,
        0.02171655]), array([ 1.89222586,  5.96928862,  3.0539823 , -0.10438147,  1.66156561,
        0.02166488]), array([ 1.89540953,  5.972549  ,  3.0492079 , -0.10504626,  1.65575984,
        0.02160219]), array([ 1.89756764,  5.97148993,  3.04195069, -0.10568477,  1.6488843 ,
        0.02152888]), array([ 1.89871912,  5.96618471,  3.03227116, -0.10629661,  1.64097715,
        0.02144536]), array([ 1.8988852 ,  5.95671859,  3.02023664, -0.10688139,  1.63207915,
        0.02135212]), array([ 1.8980893 ,  5.9431882 ,  3.00592091, -0.10743873,  1.62223349,
        0.02124966]), array([ 1.89635686,  5.92570089,  2.98940372, -0.10796831,  1.6114855 ,
        0.0211385 ]), array([ 1.89371519,  5.90437402,  2.97077033, -0.10846981,  1.59988243,
        0.02101921]), array([ 1.89019331,  5.87933428,  2.95011101, -0.10894297,  1.5874732 ,
        0.02089237]), array([ 1.88582181,  5.85071693,  2.92752057, -0.10938759,  1.57430813,
        0.02075856]), array([ 1.88063268,  5.81866505,  2.9030978 , -0.1098035 ,  1.56043874,
        0.02061842]), array([ 1.87465915,  5.78332875,  2.876945  , -0.1101906 ,  1.54591747,
        0.02047254]), array([ 1.86793558,  5.7448644 ,  2.84916746, -0.11054885,  1.53079744,
        0.02032158]), array([ 1.86049723,  5.70343381,  2.8198729 , -0.11087827,  1.51513223,
        0.02016615]), array([ 1.85238021,  5.65920347,  2.78917103, -0.11117896,  1.49897562,
        0.0200069 ]), array([ 1.84362123,  5.61234373,  2.75717298, -0.11145108,  1.48238141,
        0.01984444]), array([ 1.83425756,  5.56302806,  2.72399086, -0.11169485,  1.46540316,
        0.01967941]), array([ 1.82432682,  5.51143222,  2.68973722, -0.11191056,  1.448094  ,
        0.01951242]), array([ 1.81386689,  5.45773359,  2.65452465, -0.11209859,  1.43050644,
        0.01934408]), array([ 1.80291576,  5.40211035,  2.61846525, -0.11225937,  1.41269217,
        0.01917496]), array([ 1.79151142,  5.34474084,  2.58167028, -0.11239339,  1.39470189,
        0.01900565]), array([ 1.77969174,  5.28580286,  2.54424968, -0.11250123,  1.37658515,
        0.0188367 ]), array([ 1.76749435,  5.225473  ,  2.50631172, -0.1125835 ,  1.35839019,
        0.01866864]), array([ 1.75495656,  5.16392603,  2.46796263, -0.1126409 ,  1.34016381,
        0.01850199]), array([ 1.74211524,  5.10133434,  2.42930624, -0.11267417,  1.32195125,
        0.01833724]), array([ 1.72900671,  5.03786735,  2.39044369, -0.1126841 ,  1.30379604,
        0.01817484]), array([ 1.71566668,  4.97369101,  2.35147313, -0.11267154,  1.28573997,
        0.01801525]), array([ 1.70213019,  4.90896735,  2.31248945, -0.11263738,  1.26782295,
        0.01785887]), array([ 1.68843145,  4.84385402,  2.27358407, -0.11258255,  1.25008295,
        0.0177061 ]), array([ 1.67460388,  4.77850391,  2.23484472, -0.11250802,  1.23255596,
        0.01755728]), array([ 1.66067994,  4.71306478,  2.19635526, -0.11241478,  1.21527591,
        0.01741276]), array([ 1.64669116,  4.64767897,  2.15819556, -0.11230388,  1.19827469,
        0.01727283]), array([ 1.63266803,  4.58248312,  2.12044132, -0.11217636,  1.18158207,
        0.01713777]), array([ 1.61863998,  4.51760793,  2.08316404, -0.11203328,  1.16522574,
        0.01700784]), array([ 1.60463535,  4.45317796,  2.04643089, -0.11187575,  1.14923125,
        0.01688325]), array([ 1.59068131,  4.38931153,  2.01030471, -0.11170485,  1.1336221 ,
        0.01676421]), array([ 1.57680389,  4.3261205 ,  1.97484397, -0.11152169,  1.11841971,
        0.01665088]), array([ 1.56302791,  4.26371031,  1.94010277, -0.11132737,  1.10364343,
        0.0165434 ]), array([ 1.54937698,  4.20217982,  1.90613084, -0.11112298,  1.08931064,
        0.01644191]), array([ 1.53587351,  4.14162138,  1.87297362, -0.11090964,  1.07543674,
        0.01634649]), array([ 1.52253864,  4.08212078,  1.84067231, -0.11068841,  1.06203524,
        0.01625723]), array([ 1.50939231,  4.02375734,  1.80926392, -0.11046037,  1.04911777,
        0.01617417]), array([ 1.4964532 ,  3.96660396,  1.77878139, -0.11022658,  1.03669421,
        0.01609736]), array([ 1.48373877,  3.9107272 ,  1.74925367, -0.10998806,  1.02477269,
        0.0160268 ]), array([ 1.47126526,  3.85618745,  1.72070589, -0.10974584,  1.01335969,
        0.01596249]), array([ 1.4590477 ,  3.80303898,  1.6931594 , -0.10950088,  1.00246012,
        0.01590441]), array([ 1.44709992,  3.75133018,  1.666632  , -0.10925416,  0.99207739,
        0.01585253]), array([ 1.43543459,  3.70110369,  1.64113803, -0.10900659,  0.98221348,
        0.01580679]), array([ 1.42406323,  3.65239659,  1.61668854, -0.10875907,  0.97286901,
        0.01576712]), array([ 1.4129962 ,  3.60524061,  1.59329144, -0.10851245,  0.96404336,
        0.01573346]), array([ 1.40224281,  3.55966231,  1.57095167, -0.10826756,  0.95573471,
        0.0157057 ]), array([ 1.39181127,  3.51568334,  1.54967137, -0.10802519,  0.94794011,
        0.01568375]), array([ 1.38170876,  3.47332061,  1.52945001, -0.10778607,  0.9406556 ,
        0.0156675 ]), array([ 1.37194144,  3.43258657,  1.51028459, -0.10755092,  0.93387627,
        0.01565683]), array([ 1.36251451,  3.39348939,  1.49216981, -0.10732041,  0.9275963 ,
        0.01565162]), array([ 1.35343225,  3.35603324,  1.47509819, -0.10709514,  0.92180909,
        0.01565173]), array([ 1.344698  ,  3.3202185 ,  1.45906027, -0.10687572,  0.91650729,
        0.01565702]), array([ 40.6509378,  60.       ,  30.       , -10.       ,  10.       ,
        10.       ]), array([ 28.2912962 , -60.        ,  -4.55422408,  10.        ,
        10.        , -10.        ]), array([ 11.07244688, -60.        ,  14.92386476,  10.        ,
        10.        , -10.        ]), array([  4.20124356,  60.        ,  11.41547353, -10.        ,
        10.        ,  10.        ]), array([ 5.51563296, 60.        , -8.93497264, 10.        ,  3.95621206,
       10.        ]), array([ 5.50825414, 60.        , -4.52892933, 10.        , -7.30554763,
       10.        ]), array([ 0.,  0., -0.,  0., -0.,  0.]), array([ 1.42022915, 12.        , -0.7059576 , -2.        , -0.16284353,
        2.        ]), array([  8.03658209, -60.        ,  -8.84007803,  10.        ,
        -0.95769203, -10.        ]), array([  6.90711891,  60.        ,  17.78376102, -10.        ,
         6.37448925, -10.        ]), array([  4.00534629, -60.        , -13.68152746,  10.        ,
        -5.71785621,  10.        ]), array([  6.81593937, -60.        ,  14.94675398, -10.        ,
         8.0658275 ,  10.        ]), array([ 0., -0.,  0., -0.,  0.,  0.]), array([ 13.19308569,  60.        ,   9.26322384,  10.        ,
         5.14071021, -10.        ]), array([ 10.1864528 ,  60.        ,   5.2476955 , -10.        ,
         2.32431909,  10.        ]), array([ 11.76688703,  60.        ,  -8.58991723,  10.        ,
        -3.1107169 , -10.        ]), array([ 7.61840885, 60.        , -3.22225686, 10.        , -1.13826139,
       10.        ]), array([ 10.8941063 , -60.        ,  -0.48851903, -10.        ,
         0.20640714, -10.        ]), array([  9.85575   , -60.        ,   3.35034542, -10.        ,
         2.48650164,  10.        ]), array([ 15.82629614, -60.        ,  14.38202973, -10.        ,
         7.58993613, -10.        ]), array([ -2.10355846, -60.        ,  -2.70569089, -10.        ,
       -10.        ,  10.        ]), array([  3.14801034,  60.        ,   7.24197766,  10.        ,
        -0.90966116, -10.        ]), array([  1.22799579,  60.        ,   1.79391358, -10.        ,
         1.50851587, -10.        ]), array([  3.33913623, -60.        ,  -5.33262988,  10.        ,
        -0.32128831,  10.        ]), array([  2.23939904, -60.        ,   7.47078939,  10.        ,
         0.98949886, -10.        ]), array([  2.82491547,  60.        ,  12.40316309, -10.        ,
         5.98667274,  10.        ]), array([  6.19115168,  60.        ,   3.67961322,  10.        ,
         0.64887799, -10.        ]), array([ -2.14838191,  60.        ,  -4.838655  , -10.        ,
        -1.97361381,  10.        ]), array([  7.45418927, -60.        , -13.3121649 ,  10.        ,
        -6.30849268,  10.        ]), array([  7.310898  , -60.        ,  19.0509359 , -10.        ,
         7.95587797, -10.        ]), array([ -3.16429309, -60.        ,  15.86920012, -10.        ,
         6.43020286, -10.        ]), array([  0.73105533, -60.        ,   6.40210742,  10.        ,
         2.71120677,  10.        ]), array([ 7.60087618, 60.        , 30.        , 10.        , 10.        ,
       10.        ]), array([ 9.01719921, 36.        , -5.05593896, -6.        , -1.21819434,
        6.        ]), array([ 0., -0.,  0., -0.,  0.,  0.]), array([ 5.17068025, 12.        ,  1.78772444,  2.        ,  0.35529179,
        2.        ]), array([ 31.45708735, -60.        ,   1.74360119,  10.        ,
         1.10385369, -10.        ]), array([ 13.20135762,  60.        ,  24.66238089,  10.        ,
         7.44730573, -10.        ]), array([25.32294544, 60.        , 10.52231812, 10.        ,  3.08641157,
       10.        ]), array([ 17.80870608, -24.        ,   3.60886878,   4.        ,
         0.81167887,  -4.        ]), array([-36., -36.,  18.,  -6.,  -6.,   6.]), array([-12., -12.,   6.,   2.,  -2.,  -2.]), array([-0., -0.,  0.,  0.,  0., -0.]), array([-5.42007393e+00, -1.03718552e+01, -7.80594842e+00,  2.34490899e+00,
       -5.55589705e+00, -7.46478240e-16]), array([-1.71292501e+00, -7.19749785e+00, -5.55300867e+00,  9.43450211e-01,
       -4.17639673e+00,  1.63118180e-16]), array([-1.11737096e+00, -3.85193932e+00, -3.12285490e+00,  5.91019201e-01,
       -2.48739673e+00,  3.50132588e-16]), array([ 2.14473637e+00, -2.32591070e+00, -2.06643923e+00, -6.15781844e-01,
       -1.99705822e+00,  2.32408413e-16]), array([ 3.40788053e+00, -7.22837088e-01, -9.17518773e-01, -1.13868713e+00,
       -1.30583527e+00,  1.25858375e-15]), array([ 4.06717327e+00,  6.21496600e-01,  5.48877802e-02, -1.44484853e+00,
       -6.98267387e-01,  1.25954475e-15]), array([ 4.59330770e+00,  1.64590981e+00,  7.95890794e-01, -1.69022993e+00,
       -2.48213236e-01,  6.27397550e-16]), array([ 5.00730494e+00,  2.42638678e+00,  1.36026011e+00, -1.88372079e+00,
        8.40709413e-02,  1.47618117e-15]), array([ 5.32659504e+00,  3.02068526e+00,  1.78972220e+00, -2.03314414e+00,
        3.28661135e-01,  1.33133568e-15]), array([ 5.56576144e+00,  3.47278909e+00,  2.11608839e+00, -2.14531664e+00,
        5.08254514e-01,  1.51034615e-15]), array([ 5.73710601e+00,  3.81625087e+00,  2.36362721e+00, -2.22613472e+00,
        6.39925915e-01,  1.45399883e-15]), array([ 5.85107854e+00,  4.07670809e+00,  2.55086568e+00, -2.28067064e+00,
        7.36474125e-01,  1.16224299e-15]), array([ 5.91660526e+00,  4.27378115e+00,  2.69195761e+00, -2.31326868e+00,
        8.07452573e-01, -4.10584050e-16]), array([ 5.94134278e+00,  4.42250769e+00,  2.79772388e+00, -2.32763657e+00,
        8.59957476e-01, -5.44369393e-16]), array([ 5.93187720e+00,  4.53442828e+00,  2.87644336e+00, -2.32692938e+00,
        8.99229728e-01,  5.31740952e-16]), array([ 5.89388306e+00,  4.61840944e+00,  2.93445465e+00, -2.31382497e+00,
        9.29113873e-01,  3.58005791e-15]), array([ 5.83225238e+00,  4.68126838e+00,  2.97661404e+00, -2.29059082e+00,
        9.52407484e-01, -5.56116360e-16]), array([ 5.75120153e+00,  4.72824823e+00,  3.00664426e+00, -2.25914279e+00,
        9.71126591e-01,  1.02677086e-15]), array([ 5.65436108e+00,  4.76338006e+00,  3.02740023e+00, -2.22109620e+00,
        9.86706862e-01,  6.36904082e-16]), array([ 5.54485237e+00,  4.78975927e+00,  3.04107175e+00, -2.17781020e+00,
        1.00015568e+00,  9.74995995e-16]), array([ 5.42535363e+00,  4.80975718e+00,  3.04933830e+00, -2.13042604e+00,
        1.01216671e+00,  1.17469224e-15]), array([ 5.29815733,  4.82518337,  3.0534873 , -2.07989997,  1.02320598,
        0.        ]), array([ 5.16522027e+00,  4.83741063e+00,  3.05450471e+00, -2.02703150e+00,
        1.03357617e+00,  3.99830666e-16]), array([ 5.02820748e+00,  4.84747149e+00,  3.05314449e+00, -1.97248755e+00,
        1.04346443e+00, -7.40247460e-16]), array([ 4.88853061e+00,  4.85613300e+00,  3.04998186e+00, -1.91682309e+00,
        1.05297784e+00, -6.30163899e-18]), array([ 4.74738166e+00,  4.86395484e+00,  3.04545435e+00, -1.86049866e+00,
        1.06216930e+00,  4.13327891e-16]), array([ 4.60576245e+00,  4.87133480e+00,  3.03989343e+00, -1.80389530e+00,
        1.07105645e+00,  6.93422444e-16]), array([ 4.46451031e+00,  4.87854430e+00,  3.03354884e+00, -1.74732720e+00,
        1.07963531e+00,  1.31384942e-16]), array([ 4.32432059e+00,  4.88575642e+00,  3.02660750e+00, -1.69105233e+00,
        1.08788987e+00,  2.74641969e-16]), array([ 4.18576609e+00,  4.89306797e+00,  3.01920806e+00, -1.63528150e+00,
        1.09579885e+00,  1.01422918e-15]), array([ 4.04931405e+00,  4.90051704e+00,  3.01145224e+00, -1.58018591e+00,
        1.10334023e+00,  1.16935781e-15]), array([ 3.91534075e+00,  4.90809684e+00,  3.00341361e+00, -1.52590357e+00,
        1.11049425e+00,  4.46093759e-16]), array([ 3.78414423e+00,  4.91576689e+00,  2.99514436e+00, -1.47254458e+00,
        1.11724520e+00,  1.42580281e-15]), array([ 3.65595513e+00,  4.92346177e+00,  2.98668061e+00, -1.42019564e+00,
        1.12358246e+00,  8.37998623e-16]), array([ 3.53094617e+00,  4.93109825e+00,  2.97804653e+00, -1.36892380e+00,
        1.12950091e+00,  5.98365928e-16]), array([ 3.40924020e+00,  4.93858097e+00,  2.96925748e+00, -1.31877955e+00,
        1.13500098e+00,  1.90075189e-16]), array([ 3.29091720e+00,  4.94580692e+00,  2.96032246e+00, -1.26979945e+00,
        1.14008834e+00,  3.42643909e-16]), array([ 3.17602027e+00,  4.95266910e+00,  2.95124605e+00, -1.22200830e+00,
        1.14477357e+00,  6.52990625e-16]), array([ 3.06456081e+00,  4.95905943e+00,  2.94202986e+00, -1.17542094e+00,
        1.14907156e+00,  3.65083482e-16]), array([ 2.95652295e+00,  4.96487096e+00,  2.93267363e+00, -1.13004379e+00,
        1.15300101e+00,  3.43367981e-16]), array([ 2.85186746e+00,  4.96999975e+00,  2.92317606e+00, -1.08587609e+00,
        1.15658376e+00,  6.09946605e-16]), array([ 2.75053504e+00,  4.97434624e+00,  2.91353550e+00, -1.04291102e+00,
        1.15984427e+00,  4.82489889e-16]), array([ 2.65244926e+00,  4.97781637e+00,  2.90375043e+00, -1.00113654e+00,
        1.16280903e+00,  3.20479215e-16]), array([ 2.55751910e+00,  4.98032232e+00,  2.89381976e+00, -9.60536207e-01,
        1.16550605e+00,  1.33081622e-17]), array([ 2.46564118e+00,  4.98178322e+00,  2.88374313e+00, -9.21089790e-01,
        1.16796437e+00,  9.87666047e-17]), array([ 2.37670171e+00,  4.98212544e+00,  2.87352107e+00, -8.82773856e-01,
        1.17021360e+00, -4.20807521e-16]), array([ 2.29057824e+00,  4.98128297e+00,  2.86315515e+00, -8.45562241e-01,
        1.17228356e+00, -1.38210769e-16]), array([ 2.20714123e+00,  4.97919749e+00,  2.85264801e+00, -8.09426482e-01,
        1.17420392e+00,  1.03748376e-15]), array([ 2.12625539e+00,  4.97581843e+00,  2.84200342e+00, -7.74336185e-01,
        1.17600390e+00,  6.94256757e-16]), array([ 2.04778098e+00,  4.97110293e+00,  2.83122630e+00, -7.40259364e-01,
        1.17771201e+00,  4.57614753e-16]), array([ 1.97157489e+00,  4.96501572e+00,  2.82032268e+00, -7.07162728e-01,
        1.17935584e+00,  1.03700444e-15]), array([ 1.89749170e+00,  4.95752894e+00,  2.80929971e+00, -6.75011955e-01,
        1.18096188e+00,  3.25512775e-16]), array([ 1.82538457e+00,  4.94862193e+00,  2.79816558e+00, -6.43771931e-01,
        1.18255534e+00,  5.90566374e-16]), array([ 1.75510614e+00,  4.93828099e+00,  2.78692950e+00, -6.13406969e-01,
        1.18416010e+00,  4.62902613e-16]), array([ 1.68650922e+00,  4.92649903e+00,  2.77560162e+00, -5.83881009e-01,
        1.18579857e+00,  2.16552705e-16]), array([ 1.61944756e+00,  4.91327533e+00,  2.76419297e+00, -5.55157799e-01,
        1.18749169e+00,  9.73841812e-16]), array([ 1.55377649e+00,  4.89861517e+00,  2.75271537e+00, -5.27201064e-01,
        1.18925881e+00,  5.47443755e-16]), array([ 1.48935344e+00,  4.88252947e+00,  2.74118139e+00, -4.99974653e-01,
        1.19111776e+00,  2.67432093e-16]), array([ 1.42603855e+00,  4.86503449e+00,  2.72960424e+00, -4.73442676e-01,
        1.19308480e+00, -1.48252204e-16]), array([ 1.36369508e+00,  4.84615144e+00,  2.71799769e+00, -4.47569631e-01,
        1.19517467e+00, -4.65467520e-16]), array([ 1.30218990e+00,  4.82590610e+00,  2.70637599e+00, -4.22320507e-01,
        1.19740060e+00, -4.45313768e-16]), array([0., 0., 0., 0., 0., 0.])], 'ball_pos_history': [array([ 1.89108696, -8.09694207,  1.42152893]), array([ 1.87583211, -8.05460663,  1.40831746]), array([ 1.86057725, -8.01227119,  1.39486075]), array([ 1.84532239, -7.96993576,  1.38115879]), array([ 1.83006753, -7.92760032,  1.36721158]), array([ 1.81481267, -7.88526488,  1.35301911]), array([ 1.79955781, -7.84292944,  1.3385814 ]), array([ 1.78430296, -7.800594  ,  1.32389844]), array([ 1.7690481 , -7.75825857,  1.30897023]), array([ 1.75379324, -7.71592313,  1.29379677]), array([ 1.73853838, -7.67358769,  1.27837805]), array([ 1.72328352, -7.63125225,  1.26271409]), array([ 1.70802866, -7.58891681,  1.24680488]), array([ 1.69277381, -7.54658138,  1.23065042]), array([ 1.67751895, -7.50424594,  1.2142507 ]), array([ 1.66226409, -7.4619105 ,  1.19760574]), array([ 1.64700923, -7.41957506,  1.18071553]), array([ 1.63175437, -7.37723963,  1.16358007]), array([ 1.61649951, -7.33490419,  1.14619935]), array([ 1.60124466, -7.29256875,  1.12857339]), array([ 1.5859898 , -7.25023331,  1.11070218]), array([ 1.57073494, -7.20789787,  1.09258572]), array([ 1.55548008, -7.16556244,  1.07422401]), array([ 1.54022522, -7.123227  ,  1.05561704]), array([ 1.52497036, -7.08089156,  1.03676483]), array([ 1.50971551, -7.03855612,  1.01766737]), array([ 1.49446065, -6.99622068,  0.99832466]), array([ 1.47920579, -6.95388525,  0.97873669]), array([ 1.46395093, -6.91154981,  0.95890348]), array([ 1.44869607, -6.86921437,  0.93882502]), array([ 1.43344121, -6.82687893,  0.91850131]), array([ 1.41818636, -6.7845435 ,  0.89793235]), array([ 1.4029315 , -6.74220806,  0.87711813]), array([ 1.38767664, -6.69987262,  0.85605867]), array([ 1.37242178, -6.65753718,  0.83475396]), array([ 1.35716692, -6.61520174,  0.813204  ]), array([ 1.34191206, -6.57286631,  0.79140878]), array([ 1.32665721, -6.53053087,  0.76936832]), array([ 1.31140235, -6.48819543,  0.74708261]), array([ 1.29614749, -6.44585999,  0.72455165]), array([ 1.28089263, -6.40352455,  0.70177543]), array([ 1.26563777, -6.36118912,  0.67875397]), array([ 1.25038291, -6.31885368,  0.65548726]), array([ 1.23512806, -6.27651824,  0.6319753 ]), array([ 1.2198732 , -6.2341828 ,  0.60821809]), array([ 1.20461834, -6.19184737,  0.58421562]), array([ 1.18936348, -6.14951193,  0.55996791]), array([ 1.17410862, -6.10717649,  0.53547495]), array([ 1.15885377, -6.06484105,  0.51073674]), array([ 1.14359891, -6.02250561,  0.48575327]), array([ 1.12834405, -5.98017018,  0.46052456]), array([ 1.11308919, -5.93783474,  0.4350506 ]), array([ 1.09783433, -5.8954993 ,  0.40933139]), array([ 1.08257947, -5.85316386,  0.38336693]), array([ 1.06732462, -5.81082842,  0.35715721]), array([ 1.05206976, -5.76849299,  0.33070225]), array([ 1.0368149 , -5.72615755,  0.30400204]), array([ 1.02156004, -5.68382211,  0.27705658]), array([ 1.00630518, -5.64148667,  0.24986586]), array([ 0.99105032, -5.59915124,  0.2224299 ]), array([ 0.97579547, -5.5568158 ,  0.19474869]), array([ 0.96054061, -5.51448036,  0.16682223]), array([ 0.94528575, -5.47214492,  0.13865051]), array([ 0.93003089, -5.42980948,  0.11023355]), array([ 0.91477603, -5.38747405,  0.08157134]), array([ 0.89952117, -5.34513861,  0.05266388]), array([ 0.88426632, -5.30280317,  0.033     ]), array([ 0.8697742 , -5.2625845 ,  0.05461928]), array([ 0.85528208, -5.22236584,  0.07599332]), array([ 0.84078997, -5.18214717,  0.0971221 ]), array([ 0.82629785, -5.14192851,  0.11800564]), array([ 0.81180574, -5.10170984,  0.13864392]), array([ 0.79731362, -5.06149117,  0.15903696]), array([ 0.78282151, -5.02127251,  0.17918474]), array([ 0.76832939, -4.98105384,  0.19908727]), array([ 0.75383728, -4.94083518,  0.21874456]), array([ 0.73934516, -4.90061651,  0.23815659]), array([ 0.72485305, -4.86039785,  0.25732338]), array([ 0.71036093, -4.82017918,  0.27624491]), array([ 0.69586882, -4.77996051,  0.29492119]), array([ 0.6813767 , -4.73974185,  0.31335223]), array([ 0.66688458, -4.69952318,  0.33153801]), array([ 0.65239247, -4.65930452,  0.34947855]), array([ 0.63790035, -4.61908585,  0.36717383]), array([ 0.62340824, -4.57886718,  0.38462387]), array([ 0.60891612, -4.53864852,  0.40182865]), array([ 0.59442401, -4.49842985,  0.41878818]), array([ 0.57993189, -4.45821119,  0.43550247]), array([ 0.56543978, -4.41799252,  0.4519715 ]), array([ 0.55094766, -4.37777385,  0.46819529]), array([ 0.53645555, -4.33755519,  0.48417382]), array([ 0.52196343, -4.29733652,  0.49990711]), array([ 0.50747132, -4.25711786,  0.51539514]), array([ 0.4929792 , -4.21689919,  0.53063792]), array([ 0.47848708, -4.17668052,  0.54563546]), array([ 0.46399497, -4.13646186,  0.56038774]), array([ 0.44950285, -4.09624319,  0.57489478]), array([ 0.43501074, -4.05602453,  0.58915656]), array([ 0.42051862, -4.01580586,  0.60317309]), array([ 0.40602651, -3.97558719,  0.61694438]), array([ 0.39153439, -3.93536853,  0.63047041]), array([ 0.37704228, -3.89514986,  0.6437512 ]), array([ 0.36255016, -3.8549312 ,  0.65678673]), array([ 0.34805805, -3.81471253,  0.66957702]), array([ 0.33356593, -3.77449386,  0.68212205]), array([ 0.31907382, -3.7342752 ,  0.69442183]), array([ 0.3045817 , -3.69405653,  0.70647637]), array([ 0.29008958, -3.65383787,  0.71828565]), array([ 0.27559747, -3.6136192 ,  0.72984969]), array([ 0.26110535, -3.57340053,  0.74116847]), array([ 0.24661324, -3.53318187,  0.75224201]), array([ 0.23212112, -3.4929632 ,  0.76307029]), array([ 0.21762901, -3.45274454,  0.77365332]), array([ 0.20313689, -3.41252587,  0.78399111]), array([ 0.18864478, -3.3723072 ,  0.79408364]), array([ 0.17415266, -3.33208854,  0.80393093]), array([ 0.15966055, -3.29186987,  0.81353296]), array([ 0.14516843, -3.25165121,  0.82288974]), array([ 0.13067631, -3.21143254,  0.83200128]), array([ 0.1161842 , -3.17121387,  0.84086756]), array([ 0.10169208, -3.13099521,  0.8494886 ]), array([ 0.08719997, -3.09077654,  0.85786438]), array([ 0.07270785, -3.05055788,  0.86599492]), array([ 0.05821574, -3.01033921,  0.8738802 ]), array([ 0.04372362, -2.97012055,  0.88152023]), array([ 0.02923151, -2.92990188,  0.88891502]), array([ 0.01473939, -2.88968321,  0.89606455]), array([ 2.47276324e-04, -2.84946455e+00,  9.02968837e-01]), array([-0.01424484, -2.80924588,  0.90962787]), array([-0.02873695, -2.76902722,  0.91604166]), array([-0.04322907, -2.72880855,  0.92221019]), array([-0.05772119, -2.68858988,  0.92813347]), array([-0.0722133 , -2.64837122,  0.93381151]), array([-0.08670542, -2.60815255,  0.93924429]), array([-0.10119753, -2.56793389,  0.94443183]), array([-0.11568965, -2.52771522,  0.94937411]), array([-0.13018176, -2.48749655,  0.95407114]), array([-0.14467388, -2.44727789,  0.95852293]), array([-0.15916599, -2.40705922,  0.96272946]), array([-0.17365811, -2.36684056,  0.96669075]), array([-0.18815022, -2.32662189,  0.97040678]), array([-0.20264234, -2.28640322,  0.97387757]), array([-0.21713445, -2.24618456,  0.9771031 ]), array([-0.23162657, -2.20596589,  0.98008338]), array([-0.24611869, -2.16574723,  0.98281842]), array([-0.2606108 , -2.12552856,  0.9853082 ]), array([-0.27510292, -2.08530989,  0.98755274]), array([-0.28959503, -2.04509123,  0.98955202]), array([-0.30408715, -2.00487256,  0.99130606]), array([-0.31857926, -1.9646539 ,  0.99281484]), array([-0.33307138, -1.92443523,  0.99407837]), array([-0.34756349, -1.88421656,  0.99509666]), array([-0.36205561, -1.8439979 ,  0.99586969]), array([-0.37654772, -1.80377923,  0.99639748]), array([-0.39103984, -1.76356057,  0.99668001]), array([-0.40553195, -1.7233419 ,  0.99671729]), array([-0.42002407, -1.68312323,  0.99650933]), array([-0.43451619, -1.64290457,  0.99605611]), array([-0.4490083 , -1.6026859 ,  0.99535765]), array([-0.46350042, -1.56246724,  0.99441393]), array([-0.47799253, -1.52224857,  0.99322497]), array([-0.49248465, -1.4820299 ,  0.99179075]), array([-0.50697676, -1.44181124,  0.99011128]), array([-0.52146888, -1.40159257,  0.98818657]), array([-0.53596099, -1.36137391,  0.9860166 ]), array([-0.55045311, -1.32115524,  0.98360139]), array([-0.56494522, -1.28093657,  0.98094092]), array([-0.57943734, -1.24071791,  0.97803521]), array([-0.59392945, -1.20049924,  0.97488424]), array([-0.60842157, -1.16028058,  0.97148802]), array([-0.62291369, -1.12006191,  0.96784656]), array([-0.6374058 , -1.07984325,  0.96395984]), array([-0.65189792, -1.03962458,  0.95982788]), array([-0.66639003, -0.99940591,  0.95545066]), array([-0.68088215, -0.95918725,  0.95082819]), array([-0.69537426, -0.91896858,  0.94596048]), array([-0.70986638, -0.87874992,  0.94084751]), array([-0.72435849, -0.83853125,  0.9354893 ]), array([-0.73885061, -0.79831258,  0.92988583]), array([-0.75334272, -0.75809392,  0.92403712]), array([-0.76783484, -0.71787525,  0.91794315]), array([-0.78232696, -0.67765659,  0.91160393]), array([-0.79681907, -0.63743792,  0.90501947]), array([-0.81131119, -0.59721925,  0.89818975]), array([-0.82517951, -0.56114327,  0.89134446]), array([-0.81471069, -0.5917591 ,  0.88679765]), array([-0.80361872, -0.6272781 ,  0.88216123]), array([-0.79238201, -0.66380503,  0.8773023 ]), array([-0.7811453 , -0.70033195,  0.87219813]), array([-0.76990859, -0.73685888,  0.8668487 ]), array([-0.75867188, -0.77338581,  0.86125402]), array([-0.74743517, -0.80991274,  0.8554141 ]), array([-0.73619846, -0.84643966,  0.84932892]), array([-0.72496175, -0.88296659,  0.84299849]), array([-0.71372505, -0.91949352,  0.83642282]), array([-0.70248834, -0.95602045,  0.82960189]), array([-0.69125163, -0.99254738,  0.82253571]), array([-0.68001492, -1.0290743 ,  0.81522428]), array([-0.66877821, -1.06560123,  0.80766761]), array([-0.6575415 , -1.10212816,  0.79986568]), array([-0.64630479, -1.13865509,  0.7918185 ]), array([-0.63506809, -1.17518201,  0.78352608]), array([-0.62383138, -1.21170894,  0.7749884 ]), array([-0.61259467, -1.24823587,  0.76620547]), array([-0.60135796, -1.2847628 ,  0.7571773 ]), array([-0.59012125, -1.32128973,  0.74790387]), array([-0.57888454, -1.35781665,  0.73838519]), array([-0.56764783, -1.39434358,  0.72862127]), array([-0.55641113, -1.43087051,  0.71861209]), array([-0.54517442, -1.46739744,  0.70835766]), array([-0.53393771, -1.50392436,  0.69785798]), array([-0.522701  , -1.54045129,  0.68711306]), array([-0.51146429, -1.57697822,  0.67612288]), array([-0.50022758, -1.61350515,  0.66488745]), array([-0.48899087, -1.65003208,  0.65340678]), array([-0.47775417, -1.686559  ,  0.64168085]), array([-0.46651746, -1.72308593,  0.62970967]), array([-0.45528075, -1.75961286,  0.61749325]), array([-0.44404404, -1.79613979,  0.60503157]), array([-0.43280733, -1.83266672,  0.59232464]), array([-0.42157062, -1.86919364,  0.57937247]), array([-0.41033391, -1.90572057,  0.56617504]), array([-0.39909721, -1.9422475 ,  0.55273236]), array([-0.3878605 , -1.97877443,  0.53904443]), array([-0.37662379, -2.01530135,  0.52511126]), array([-0.36538708, -2.05182828,  0.51093283]), array([-0.35415037, -2.08835521,  0.49650915]), array([-0.34291366, -2.12488214,  0.48184023]), array([-0.33167695, -2.16140907,  0.46692605]), array([-0.32044025, -2.19793599,  0.45176662]), array([-0.30920354, -2.23446292,  0.43636195]), array([-0.29796683, -2.27098985,  0.42071202]), array([-0.28673012, -2.30751678,  0.40481684]), array([-0.27549341, -2.3440437 ,  0.38867641]), array([-0.2642567 , -2.38057063,  0.37229074]), array([-0.25301999, -2.41709756,  0.35565981]), array([-0.24178329, -2.45362449,  0.33878363]), array([-0.23054658, -2.49015142,  0.32166221]), array([-0.21930987, -2.52667834,  0.30429553]), array([-0.20807316, -2.56320527,  0.2866836 ]), array([-0.19683645, -2.5997322 ,  0.26882643]), array([-0.18559974, -2.63625913,  0.250724  ]), array([-0.17436303, -2.67278605,  0.23237632]), array([-0.16312633, -2.70931298,  0.2137834 ]), array([-0.15188962, -2.74583991,  0.19494522]), array([-0.14065291, -2.78236684,  0.17586179])], 'distances_history': [8.035358901101333, 7.989624513352773, 7.94391246033349, 7.898222043550991, 7.852552677632037, 7.806903887450723, 7.761275306047224, 7.715666672910146, 7.670077832476229, 7.624508732817429, 7.578959424517719, 7.533430059744508, 7.487920891519395, 7.442432273195775, 7.396964658153876, 7.351518599724746, 7.3060947513534265, 7.260693867008984, 7.215316801846097, 7.169964513120165, 7.124638061355505, 7.07933841741865, 7.034066845753682, 6.988824717871703, 6.943613514819993, 6.898434829793893, 6.8532903709159365, 6.808181964194675, 6.76311155666848, 6.7180812197353985, 6.673093152667555, 6.62814968630711, 6.583253286939862, 6.538406560342095, 6.493612255996083, 6.448873271469618, 6.404192656955093, 6.359573619963907, 6.315019530172284, 6.270533924415063, 6.226120511824411, 6.18178265262281, 6.137524423474424, 6.093350087538973, 6.049264100913647, 6.005271118984971, 5.961376002771454, 5.917583825306561, 5.873899878093547, 5.830329677652981, 5.786878972177357, 5.743553748303041, 5.700360238006977, 5.657304925633461, 5.614394555054487, 5.5716361369655205, 5.529036956316848, 5.486604579878809, 5.44434686393723, 5.402271962113093, 5.360388333297946, 5.318706786382496, 5.277236340623982, 5.235986356227483, 5.194966539058593, 5.154186946492236, 5.112380728274928, 5.0673823744549695, 5.0224928826957544, 4.977710076076177, 4.93303175721598, 4.888455712504696, 4.84397971626214, 4.799601534777338, 4.755318930186269, 4.7111296641593245, 4.667031501377699, 4.623022212784845, 4.579099578604758, 4.5352613911236, 4.491505457235175, 4.4478296007540985, 4.404231664503317, 4.360709512184873, 4.31726103004472, 4.273884128343751, 4.230576742648318, 4.187336834954183, 4.144162394658291, 4.101051439392837, 4.058002015735995, 4.01501219981333, 3.972080097803397, 3.92920384636032, 3.8863816129653808, 3.843611596218713, 3.800892026081244, 3.758221164076036, 3.7155973034571304, 3.6730187693530048, 3.630483918890775, 3.5879911413063126, 3.545538858044592, 3.5031255228537685, 3.4607496218757827, 3.418409673735636, 3.3761042296310015, 3.3338318734233656, 3.2915912217316228, 3.2493809240288036, 3.20719966274255, 3.165046153359921, 3.12291914453725, 3.080817418215958, 3.038739789745533, 2.9966851080153067, 2.9546522555971007, 2.9126401489014335, 2.87064773835061, 2.8286740085727904, 2.78671797862195, 2.744778702229588, 2.702855268095072, 2.660946800222636, 2.6190524583143167, 2.57717143822947, 2.5353029725231133, 2.4934463310769863, 2.4516008218392145, 2.40976579169059, 2.367940627457975, 2.3261247570981345, 2.2843176510785206, 2.2425188239852716, 2.2007278363929523, 2.1589442970356454, 2.117167865324807, 2.0753982542662572, 2.0336352338368058, 1.991878634890679, 1.9501283536774194, 1.90675105586162, 1.8630166074475305, 1.819554414215174, 1.775434351851793, 1.7316757588635188, 1.6883697956211654, 1.645120934521238, 1.6017563616218662, 1.5588412144634352, 1.5153786574692558, 1.4722678786947432, 1.4283068650088235, 1.384419178214208, 1.3410065965956124, 1.2966332717851858, 1.2527205000903041, 1.2091259581301115, 1.1647486263593654, 1.1194216911695465, 1.0732799869988214, 1.0264678473921367, 0.9804259665475615, 0.9338740879285649, 0.8879105333662441, 0.8428229353322715, 0.796928576869995, 0.751700998462075, 0.7057435357171451, 0.6603135959543672, 0.6143528444296863, 0.5681536265269528, 0.5227939959998682, 0.477873270255227, 0.4323726657183798, 0.38714079568859194, 0.34220046321491054, 0.2979718489415985, 0.25457026785934284, 0.21169437875387737, 0.17026148990899492, 0.13196593115578048, 0.10001864841541017, 0.08128650265080453, 0.08458390599521862, 0.08236785916954324, 0.0956275427385643, 0.12048314762263439, 0.1509299315184152, 0.1840403689348832, 0.21847541293870065, 0.2535939454081179, 0.28906624382709994, 0.32471199271157536, 0.36042826517340726, 0.39615505172599785, 0.43185756826347194, 0.46751659343254737, 0.5031228940499582, 0.5386738492248813, 0.5741713158842546, 0.6096202263494944, 0.6450276349780434, 0.6804020504546359, 0.715752956004715, 0.751090457173275, 0.7864250187545446, 0.8217672657177392, 0.8571278312040825, 0.8925172399085874, 0.9279458185752836, 0.9634236276133642, 0.9989604093968316, 1.0345655498947977, 1.070248051052125, 1.1060165119014604, 1.1418791168034812, 1.1778436295255783, 1.2139173921093493, 1.250107327664031, 1.286419946370271, 1.3228613540961738, 1.359437263122471, 1.396153004551127, 1.4330135420354893, 1.4700234865232111, 1.5071871117477298, 1.5445083702417908, 1.581990909678735, 1.6196380893749367, 1.6574529968107823, 1.6954384640485152, 1.7335970839436177, 1.771931226062599, 1.8104430522343953, 1.8491345316752983, 1.8880074556386692, 1.927063451550778, 1.9663039966030782, 2.005730430779213, 2.04534396930213, 2.085145714492918, 2.1251366670384804, 2.165317736669941, 2.2056897522578236], 'normal_align_history': [0.7668706393933096, 0.7668643217413986, 0.7668536945916713, 0.7668400196669091, 0.7668241483918028, 0.7668067112858461, 0.7667882249807392, 0.7667691526281912, 0.7667499377046778, 0.7667310224919173, 0.7667128576438939, 0.7666959065153535, 0.7666806463797488, 0.766667567785364, 0.7666571727945366, 0.766649972558316, 0.7666464845058291, 0.7666472293231001, 0.7666527278317298, 0.7666634978375626, 0.7666800509940099, 0.7667028169292598, 0.7667322825805779, 0.766768924443315, 0.7668132025300782, 0.7668655560908683, 0.7669264002839298, 0.7669961233713846, 0.7670750842203821, 0.7671636100011912, 0.7672619940325474, 0.7673704937557176, 0.7674893288349592, 0.7676186793903893, 0.7677586843733546, 0.7679094400962515, 0.7680709989293746, 0.7682433681773286, 0.7684265091470744, 0.7686203364189482, 0.7688247173310444, 0.7690392159831698, 0.7692636059228601, 0.7694976253577475, 0.7697409689249868, 0.7699932843702155, 0.7702541718556054, 0.7705231846887876, 0.7707998308395495, 0.7710835749173605, 0.7713738404438737, 0.7716700123377181, 0.771971439570483, 0.7722774379724442, 0.7725872931748351, 0.7729002636779373, 0.7732155840340288, 0.7735324681327818, 0.7738501125748973, 0.7741677001180123, 0.7744844031773759, 0.7748001456957447, 0.775114101431127, 0.7754253872287039, 0.7757331037637472, 0.7760363565894937, 0.7763342670531337, 0.776625978130107, 0.7769106578057328, 0.7771875013422429, 0.7774557330873003, 0.7777146081247959, 0.7779634138876653, 0.7782014717635029, 0.7784281386828484, 0.7786428086636772, 0.7788449142814174, 0.7790339280353149, 0.7792093635858024, 0.7793707768421119, 0.7795177668838984, 0.7796499767048136, 0.779767093769661, 0.7798688503799774, 0.7799550238456797, 0.7800254364627954, 0.7800799552993936, 0.7801184917935978, 0.7801410011691262, 0.7801474816751389, 0.7801379736583377, 0.7801125584762587, 0.7800713572615446, 0.780014529547727, 0.7799422717676207, 0.7798548156359414, 0.7797524264281179, 0.7796354011675568, 0.7795040667337748, 0.779358777903914, 0.7791999153401208, 0.779027883535182, 0.7788431087286218, 0.7786460368051884, 0.7784371311873377, 0.7782168707328813, 0.7779857476485057, 0.7777442654293313, 0.7774929368340655, 0.7772322819046978, 0.7769628260389727, 0.7766850981231866, 0.7763996287321002, 0.7761069484020174, 0.7758075859823017, 0.7755020670698359, 0.775190912530171, 0.7748746371083454, 0.7745537481316196, 0.7742287443056696, 0.7739001146050707, 0.7735683372582782, 0.773233878826676, 0.7728971933766999, 0.7725587217435067, 0.7722188908841853, 0.7718781133180546, 0.7715367866512225, 0.771195293182231, 0.7708539995853223, 0.7705132566676309, 0.7701733991963905, 0.7698347457921233, 0.7694975988836396, 0.7691622447206369, 0.7688289534396447, 0.7684979791790688, 0.768169560239133, 0.7678439192825788, 0.7675212635720824, 0.7672017852404621, 0.7712909826950431, 0.7717169231756627, 0.7680972174687027, 0.7686321118643956, 0.7772226650751313, 0.793097738359347, 0.8078406761561204, 0.8223120392934845, 0.8322726339590658, 0.8344730990887123, 0.8437474664911985, 0.8561547210104048, 0.8676071025045711, 0.8747892938933289, 0.8848988538646544, 0.8911708299224321, 0.9025390132955942, 0.9079753964948583, 0.9161421216015619, 0.919022172234108, 0.9246438653927826, 0.9271603329043959, 0.9248765322617977, 0.9274453148498089, 0.9272074524780157, 0.9296680670540879, 0.9293627813051429, 0.9317136570055349, 0.9384680713490499, 0.9405731790892622, 0.9382870511301381, 0.9403856709976336, 0.9464913091680583, 0.9535133253314608, 0.9598085905877556, 0.966132697728982, 0.9702663142104165, 0.9723733707516755, 0.977230479252002, 0.9809796958466678, 0.9847694541131079, 0.9876545946740211, 0.9900897513311813, 0.9921934585867586, 0.9939019960101853, 0.9952577480833998, 0.9962702900853374, 0.9969841290451116, 0.9974411164508536, 0.9976810303103534, 0.9977409091296184, 0.9976545829739507, 0.9974523859631707, 0.9971610268227223, 0.9968035906157651, 0.996399644344796, 0.9959654206881109, 0.9955140568894791, 0.9950558691289739, 0.9945986461397641, 0.9941479491237462, 0.993707407997485, 0.9932790065908731, 0.9928633516019425, 0.9924599218957693, 0.9920672961573976, 0.9916833580125526, 0.9913054785631776, 0.9909306768939862, 0.990555759533948, 0.9901774401406385, 0.9897924408478735, 0.9893975768048461, 0.9889898254599992, 0.9885663821225286, 0.9881247032824692, 0.9876625390973289, 0.9871779563671744, 0.9866693532268694, 0.9861354666881621, 0.9855753740684754, 0.9849884892497527, 0.9843745546208391, 0.9837336294715505, 0.9830660755262203, 0.9823725402293559, 0.9816539383261061, 0.9809114322154311, 0.9801464114940714, 0.9793604720543436, 0.9785553950483353, 0.9777331259848977, 0.9768957541837785, 0.9760454927730692, 0.9751846593815913, 0.9743156576467893, 0.9734409596308551, 0.9725630892130271, 0.9716846065040784, 0.9708080933097589, 0.9699361396531805, 0.9690713313516833, 0.9682162386313939, 0.9673734057523101], 'ball_near_history': [False, False, False, False, False, False, False, False, False, False, False, False, False, False, False, False, False, False, False, False, False, False, False, False, False, False, False, False, False, False, False, False, False, False, False, False, False, False, False, False, False, False, False, False, False, False, False, False, False, False, False, False, False, False, False, False, False, False, False, False, False, False, False, False, False, False, False, False, False, False, False, False, False, False, False, False, False, False, False, False, False, False, False, False, False, False, False, False, False, False, False, False, False, False, False, False, False, False, False, False, False, False, False, False, False, False, False, False, False, False, False, False, False, False, False, False, False, False, False, False, False, False, False, False, False, False, False, False, False, False, False, False, False, False, False, False, False, False, False, False, False, False, False, False, False, False, False, False, False, False, False, False, False, False, False, False, False, False, False, False, False, False, False, False, False, False, False, False, False, False, False, False, False, False, False, False, False, False, False, False, True, True, True, True, True, True, True, True, True, False, False, False, False, False, False, False, False, False, False, False, False, False, False, False, False, False, False, False, False, False, False, False, False, False, False, False, False, False, False, False, False, False, False, False, False, False, False, False, False, False, False, False, False, False, False, False, False, False, False, False, False, False, False, False, False], 'tube_ready_history': [False, False, False, False, False, False, False, False, False, False, False, False, False, False, False, False, False, False, False, False, False, False, False, False, False, False, False, False, False, False, False, False, False, False, False, False, False, False, False, False, False, False, False, False, False, False, False, False, False, False, False, False, False, False, False, False, False, False, False, False, False, False, False, False, False, False, False, False, False, False, False, False, False, False, False, False, False, False, False, False, False, False, False, False, False, False, False, False, False, False, False, False, False, False, False, False, False, False, False, False, False, False, False, False, False, False, False, False, False, False, False, False, False, False, False, False, False, False, False, False, False, False, False, False, False, False, False, False, False, False, False, False, False, False, False, False, False, False, False, False, False, False, False, False, False, False, False, False, False, False, False, False, False, False, False, False, False, False, False, False, False, False, False, False, False, False, False, False, False, False, False, False, False, False, True, True, True, True, True, True, True, True, True, True, True, True, True, True, True, True, True, True, True, True, True, False, False, False, False, False, False, False, False, False, False, False, False, False, False, False, False, False, False, False, False, False, False, False, False, False, False, False, False, False, False, False, False, False, False, False, False, False, False, False, False, False, False, False, False, False, False, False, False, False, False], 'pos_error_history': [0.009527733028549997, 0.009579569223591072, 0.009699408929860334, 0.009932276190524697, 0.010329008273697546, 0.01093807832653863, 0.011797432695161491, 0.012929554077006189, 0.014341424070442196, 0.016028218785982238, 0.017978136292749563, 0.020176393379386637, 0.022607754838349266, 0.025257808866818863, 0.028113439525095096, 0.031162874296013728, 0.034395544939371366, 0.037801888948483, 0.04137315106239864, 0.04510120818761422, 0.048135931354513876, 0.05213710868538154, 0.05627585040103055, 0.06054501835500982, 0.06493768801907528, 0.06944708863646745, 0.07406655643513259, 0.07878949811743137, 0.08360936247089043, 0.08851961844611135, 0.0935137384376271, 0.09858518580154237, 0.10372740586960176, 0.10893381988952335, 0.1141978214492103, 0.11951277503815992, 0.12487201647085866, 0.13026885495016757, 0.1356965765881613, 0.14114844923092168, 0.14648676920711595, 0.15196403154586335, 0.15744566922439285, 0.16292492497844568, 0.1683950663781138, 0.17384939523751672, 0.17928125780177293, 0.1846840555763255, 0.19005125667736908, 0.19537640759214114, 0.20065314524530567, 0.20587520927348857, 0.21103645441472843, 0.21613086292369882, 0.2211525569273264, 0.22609581063905415, 0.23095506235371652, 0.23572492614880955, 0.2404002032219933, 0.24497589279892515, 0.25062442059900053, 0.25498183507466154, 0.259223526056823, 0.26334554071779764, 0.2673441460732658, 0.27121584311932934, 0.274957378389936, 0.27856575338381173, 0.28203823218953183, 0.285372347550758, 0.28856590555147016, 0.2916169890564757, 0.2945239600107472, 0.2972854606787311, 0.29990041388908556, 0.30236802233954096, 0.3046877670093242, 0.30685940472186135, 0.30888296489755696, 0.31075874553477806, 0.3124873084563716, 0.3140694738588437, 0.315506314201493, 0.3167991474731872, 0.3179495298750121, 0.3189592479575878, 0.3198303102524285, 0.3205649384372602, 0.32116555807568314, 0.321634788971944, 0.3219754351818976, 0.3221904747214005, 0.32228304901347266, 0.3222564521155124, 0.3221141197676822, 0.3218596183032917, 0.3214966334615811, 0.3210289591427509, 0.32046048614437445, 0.3197951909175213, 0.31903712437992743, 0.31819040082244227, 0.3172591869437487, 0.3162476910469496, 0.3151601524301319, 0.3140008310013693, 0.31277399714689125, 0.3114839218792955, 0.3101348672907332, 0.3087310773339807, 0.3072767689522075, 0.30577612357611467, 0.30423327900491837, 0.30265232168544776, 0.30103727940140995, 0.29939211438265084, 0.29772071684205437, 0.29602689894556516, 0.29431438921871866, 0.2925868273910089, 0.2908477596774691, 0.28910063449495627, 0.2873487986088407, 0.28559549370413034, 0.28384385337347734, 0.28209690051307607, 0.2803575451161149, 0.27862858245223737, 0.27691269162039106, 0.27521243446146787, 0.2735302548163132, 0.2718684781139617, 0.2702293112743685, 0.26861484290941573, 0.2670270438056216, 0.26546776767171487, 0.26393875213407675, 0.26244161996301557, 0.26097788051284837, 0.2595489313589118, 0.2557002502190772, 0.251209177530665, 0.24587119459055942, 0.2389968794591693, 0.2320421449683516, 0.22612012741109694, 0.22046047114922415, 0.21497959375472347, 0.2105091976633416, 0.2046092703659017, 0.20042238143008856, 0.1953869790777848, 0.1906903900532372, 0.18529998894797875, 0.17914351856649907, 0.1735323957263132, 0.16812142508587466, 0.16298330551029772, 0.15783277578305524, 0.1519430424070073, 0.1476904346400012, 0.14350753795285476, 0.13883275851845575, 0.13532335123149003, 0.13253592577339915, 0.12856619269353478, 0.12443355178454099, 0.12030198858826036, 0.11805907173089637, 0.11529410648812993, 0.11241457644499497, 0.11029889361146382, 0.10657247013463834, 0.10326084976569155, 0.10049021811608048, 0.09805123941446643, 0.09667862320079557, 0.09404799360056279, 0.09094379979007382, 0.08864720683129342, 0.08709608175192494, 0.08600448148294368, 0.0853277257474135, 0.08514935939403988, 0.08559911290852831, 0.08614246383130017, 0.08691635430329564, 0.08791363922691484, 0.08909192697765114, 0.0904232363948642, 0.09188907386441632, 0.09347751034008779, 0.09518134101157122, 0.09699682375133624, 0.09892273141170962, 0.10095958571683292, 0.10310901121676858, 0.10537318353909972, 0.10775436277313324, 0.11025450922851321, 0.11287498003448952, 0.11561630386213469, 0.11847802899240116, 0.12145863786106119, 0.12455551953311293, 0.12776499049813433, 0.13108235378196312, 0.1345019865849807, 0.13801744736751617, 0.14162159436396723, 0.1453067087712322, 0.1490646171913701, 0.15288680920670392, 0.15676454715203894, 0.1606889661773549, 0.16465116354466594, 0.16864227677392468, 0.17265355075741715, 0.1766763943206966, 0.18070242694483574, 0.18472351650415123, 0.18873180893833616, 0.19271975078805512, 0.19668010549510004, 0.20060596431538646, 0.20449075262566718, 0.20832823233031306, 0.2121125009983173, 0.21583798828642503, 0.21949945013430094, 0.22309196115327654, 0.22661090557206043, 0.23005196705101655, 0.23341111763100642, 0.23668460604297917, 0.23986894556997593, 0.24296090162345302, 0.24595747917027364, 0.2488559101248478, 0.25165364080221236, 0.2543483195119242, 0.2569377843590571, 0.2594200513070461, 0.26179330254727484, 0.2640839697570076], 'max_qdot_ratio': 0.9993000649357681, 'max_tcp_speed': 1.3999323157102632, 'max_racket_face_speed': 1.3197270278427127, 'total_mpc_steps': 245, 'ball_was_hit': True, 'hit_step': 183, 'p_ee_at_hit': array([-0.74093664, -0.55754697,  0.89802597]), 'ball_pos_at_hit': array([-0.82517951, -0.56114327,  0.89134446]), 'v_ee_at_hit': 0.549596873217498, 'active_contact': True, 'passive_contact': False}
2026-09-11 14:19:04,789 [INFO] __main__: 击打后继续仿真 20 步...
