__STEP_TIMING__: n=248 p50=0.26 p95=0.57 p99=15.34 max=37.77 n_over_period=3 period_ms=5.00 deciles=0.24,0.24,0.25,0.25,0.26,0.26,0.27,0.28,0.39,37.77
__STEP_LATENCIES__: 0.30,0.27,0.26,0.26,0.25,0.26,0.29,0.26,0.36,0.25,0.25,0.25,0.25,0.24,0.24,0.25,0.24,0.24,0.24,4.36,0.26,0.25,0.25,0.26,0.25,0.25,0.25,0.25,0.24,0.24,0.25,0.25,0.25,0.24,0.24,0.25,0.24,0.24,0.24,4.47,0.25,0.24,0.26,0.24,0.24,0.24,0.25,0.24,0.24,0.24,0.26,0.24,0.24,0.24,0.26,0.24,0.25,0.24,0.26,4.71,0.27,0.28,0.26,0.25,0.28,0.24,0.24,0.24,0.27,0.25,0.24,0.24,0.26,0.24,0.24,0.24,0.25,0.24,0.24,4.28,0.26,0.25,0.25,0.24,0.25,0.24,0.24,0.25,0.25,0.25,0.25,0.25,0.26,0.25,0.24,0.25,0.26,0.25,0.25,4.21,0.26,0.25,0.25,0.25,0.25,0.24,0.24,0.26,0.25,0.25,0.25,0.25,0.25,0.26,0.25,0.25,0.26,0.25,0.25,3.96,0.27,0.26,0.25,0.24,0.24,0.24,0.25,0.25,0.25,0.24,0.25,0.24,0.24,0.24,0.25,0.24,0.24,0.24,0.25,37.77,0.28,0.26,0.26,0.26,0.26,0.25,0.38,0.52,0.57,0.26,0.25,0.25,0.24,0.28,0.25,0.25,0.24,0.25,0.24,26.90,0.59,0.27,0.25,0.25,0.25,0.40,0.25,0.25,0.39,0.25,0.45,0.25,0.25,0.44,0.56,0.25,0.25,0.31,0.28,15.34,0.62,0.55,0.53,0.55,0.60,0.57,0.50,0.39,0.31,0.30,0.30,0.29,0.29,0.29,0.30,0.29,0.29,0.30,0.27,0.27,0.27,0.28,0.27,0.27,0.27,0.27,0.27,0.27,0.27,0.28,0.27,0.27,0.27,0.27,0.27,0.27,0.27,0.27,0.27,0.27,0.27,0.27,0.27,0.27,0.27,0.27,0.26,0.27,0.26,0.27,0.27,0.27,0.26,0.26,0.28,0.27,0.27,0.27,0.28,0.28,0.27,0.27,0.27,0.27,0.27,0.27,0.27,0.25

========================================
  RM-65 击打成功！（主动击球，pos_error=0.1065m）
  [V12 EpisodeRunner 管线架构]
  ablation: full
  击打目标位置: [-0.734 -0.495  0.804]
  末端实际位置: [-0.632 -0.48   0.776]
  规划跟踪误差: 0.1065 m
  速度误差: 1.9086 m/s
  MPC 总步数: 269
  --- Tube 专用指标 ---
  最小球拍-球距离: 0.1035 m
  ball_near 步数: 7 = 35.0 ms
  tube_ready 步数: 21 = 105.0 ms
  击打时间误差: 5.0 ms
  击打位置误差: 0.1065 m
  --- 计算性能 ---
  总墙钟时间: 1.17s (MPC=1.17s)
  --- 执行层约束 ---
  max_qdot=1.00x, max_tcp=1.0m/s, max_face=1.2m/s
  击球类型: 主动击球
========================================

__RESULT__: pos_error=0.106476 vel_error=1.908638 min_dist=0.103461 ball_near_ms=35.0 tube_ready_ms=105.0 max_tcp=0.99 max_qdot=1.00 max_face=1.2 hit_type=active hit_time_error_ms=5.0 hit_pos_error=0.106476 v_racket_at_hit=0.363
2026-09-13 17:17:32,623 [INFO] __main__: [ablation] mode=full
2026-09-13 17:17:32,629 [INFO] __main__: serve-box auto params: horizon=120, iter=10, first_plan_iters=30, total_horizon=250, replan_interval=20, near_plan_iters=5
2026-09-13 17:17:32,648 [INFO] __main__: 关节限位: 仿真默认(default.yaml), TCP=1.8 m/s, terminal_exempt=20
2026-09-13 17:17:32,649 [INFO] __main__: 球拍初始位置: [-0.24136342  0.63027058  1.45576659]
2026-09-13 17:17:32,649 [DEBUG] src.tennis.ball: serve_box bounce (attempt=3): p0_z=1.41, vz0=0.1, spd=9.0, t1=0.543, t2=0.404, z_err=0.21
2026-09-13 17:17:32,657 [INFO] __main__: 击打步数: 188, 击打位置: [-0.73370875 -0.49493454  0.80429707]
2026-09-13 17:17:32,657 [INFO] __main__: 随挥方向: [ 0.419 -0.908 -0.005], 随挥步数: 60
2026-09-13 17:17:32,670 [INFO] __main__: 候选窗口已构建: best_k=188, candidates=14
2026-09-13 17:17:32,671 [INFO] src.cpp.solver_cpp: iLQR C++ 加速模块已加载
2026-09-13 17:17:32,671 [INFO] __main__: 开始 V12 EpisodeRunner，总步数=310 (MPC=250, 随挥=60)，击打步数=188
2026-09-13 17:17:32,671 [INFO] src.ilqt.async_replanner: AsyncReplanner: 后台规划线程已启动
2026-09-13 17:17:32,721 [INFO] src.ilqt.async_replanner: AsyncReplanner: 规划环境已创建（独立 MjData）
2026-09-13 17:17:32,723 [INFO] src.ilqt.async_replanner: AsyncReplanner: 规划环境已创建（独立 MjData）
2026-09-13 17:17:32,751 [DEBUG] src.ilqt.tube_cost: [Softmin诊断] 候选权重TOP3: k=188:w=0.077, k=189:w=0.077, k=187:w=0.077
2026-09-13 17:17:33,640 [INFO] src.ilqt.mpc_controller: REPLAN step=0 k_hit=188 iters=30 horizon=120 t=919ms
2026-09-13 17:17:33,641 [INFO] src.ilqt.mpc_controller: MPCController.start 完成: k_hit=188, p_hit=[-0.734 -0.495  0.804], buffer=120
2026-09-13 17:17:33,644 [DEBUG] src.ilqt.replan_core: FAR_JT step=0 k_hit=188 (JT gain=60, skip iLQR)
2026-09-13 17:17:33,645 [DEBUG] src.ilqt.mpc_controller: REPLAN step=0 k_hit=188 iters=0 horizon=0 t=4ms
2026-09-13 17:17:33,645 [DEBUG] src.ilqt.mpc_controller: MPCController.step 0: replan k_hit=188 refine=feasible buffer=20
2026-09-13 17:17:33,654 [DEBUG] src.ilqt.replan_core: FAR_JT step=20 k_hit=168 (JT gain=60, skip iLQR)
2026-09-13 17:17:33,654 [DEBUG] src.ilqt.mpc_controller: REPLAN step=20 k_hit=168 iters=0 horizon=0 t=4ms
2026-09-13 17:17:33,654 [DEBUG] src.ilqt.mpc_controller: MPCController.step 20: replan k_hit=168 refine=feasible buffer=20
2026-09-13 17:17:33,663 [DEBUG] src.ilqt.replan_core: FAR_JT step=40 k_hit=148 (JT gain=60, skip iLQR)
2026-09-13 17:17:33,663 [DEBUG] src.ilqt.mpc_controller: REPLAN step=40 k_hit=148 iters=0 horizon=0 t=4ms
2026-09-13 17:17:33,663 [DEBUG] src.ilqt.mpc_controller: MPCController.step 40: replan k_hit=148 refine=feasible buffer=20
2026-09-13 17:17:33,672 [DEBUG] src.ilqt.replan_core: FAR_JT step=60 k_hit=127 (JT gain=60, skip iLQR)
2026-09-13 17:17:33,672 [DEBUG] src.ilqt.mpc_controller: REPLAN step=60 k_hit=127 iters=0 horizon=0 t=4ms
2026-09-13 17:17:33,672 [DEBUG] src.ilqt.mpc_controller: MPCController.step 60: replan k_hit=127 refine=feasible buffer=20
2026-09-13 17:17:33,681 [DEBUG] src.ilqt.replan_core: FAR_JT step=80 k_hit=108 (JT gain=60, skip iLQR)
2026-09-13 17:17:33,681 [DEBUG] src.ilqt.mpc_controller: REPLAN step=80 k_hit=108 iters=0 horizon=0 t=3ms
2026-09-13 17:17:33,682 [DEBUG] src.ilqt.mpc_controller: MPCController.step 80: replan k_hit=108 refine=feasible buffer=20
2026-09-13 17:17:33,690 [DEBUG] src.ilqt.replan_core: FAR_JT step=100 k_hit=88 (JT gain=60, skip iLQR)
2026-09-13 17:17:33,690 [DEBUG] src.ilqt.mpc_controller: REPLAN step=100 k_hit=88 iters=0 horizon=0 t=3ms
2026-09-13 17:17:33,691 [DEBUG] src.ilqt.mpc_controller: MPCController.step 100: replan k_hit=88 refine=feasible buffer=20
2026-09-13 17:17:33,699 [DEBUG] src.ilqt.replan_core: FAR_JT step=120 k_hit=68 (JT gain=60, skip iLQR)
2026-09-13 17:17:33,699 [DEBUG] src.ilqt.mpc_controller: REPLAN step=120 k_hit=68 iters=0 horizon=0 t=3ms
2026-09-13 17:17:33,699 [DEBUG] src.ilqt.mpc_controller: MPCController.step 120: replan k_hit=68 refine=feasible buffer=20
2026-09-13 17:17:33,716 [DEBUG] src.ilqt.tube_cost: [Softmin诊断] 候选权重TOP3: k=48:w=0.077, k=49:w=0.077, k=47:w=0.077
2026-09-13 17:17:33,742 [DEBUG] src.ilqt.mpc_controller: REPLAN step=140 k_hit=48 iters=5 horizon=48 t=37ms
2026-09-13 17:17:33,742 [INFO] src.ilqt.strategies.hit_point_refiner: [HIT_LOCK] k_hit=48 ≤ 60, 锁定击球点不再替换
2026-09-13 17:17:33,742 [DEBUG] src.ilqt.mpc_controller: MPCController.step 140: replan k_hit=48 refine=locked buffer=20
2026-09-13 17:17:33,744 [INFO] src.ilqt.components.predictive_safety: [SAFETY_FILTER] beta=0.8: qdot entering overspeed, joint=5, |qdot|=4.02 > 3.93
2026-09-13 17:17:33,744 [INFO] src.ilqt.components.predictive_safety: [SAFETY_FILTER] beta=0.2: qdot entering overspeed, joint=5, |qdot|=5.44 > 3.93
2026-09-13 17:17:33,745 [INFO] src.ilqt.components.predictive_safety: [SAFETY_FILTER] beta=0.0: qdot entering overspeed, joint=5, |qdot|=5.62 > 3.93
2026-09-13 17:17:33,758 [DEBUG] src.ilqt.tube_cost: [Softmin诊断] 候选权重TOP3: k=28:w=0.077, k=29:w=0.077, k=27:w=0.077
2026-09-13 17:17:33,774 [DEBUG] src.ilqt.mpc_controller: REPLAN step=160 k_hit=28 iters=5 horizon=28 t=26ms
2026-09-13 17:17:33,774 [DEBUG] src.ilqt.mpc_controller: MPCController.step 160: replan k_hit=28 refine=locked buffer=20
2026-09-13 17:17:33,774 [INFO] src.ilqt.components.predictive_safety: [SAFETY_FILTER] beta=0.4: qdot entering overspeed, joint=3, |qdot|=4.59 > 3.93
2026-09-13 17:17:33,775 [INFO] src.ilqt.components.predictive_safety: [SAFETY_FILTER] beta=0.0: qdot entering overspeed, joint=3, |qdot|=4.62 > 3.93
2026-09-13 17:17:33,776 [INFO] src.ilqt.components.predictive_safety: [SAFETY_FILTER] beta=0.6: qdot entering overspeed, joint=3, |qdot|=4.14 > 3.93
2026-09-13 17:17:33,777 [INFO] src.ilqt.components.predictive_safety: [SAFETY_FILTER] beta=0.6: qdot entering overspeed, joint=3, |qdot|=4.24 > 3.93
2026-09-13 17:17:33,778 [INFO] src.ilqt.components.predictive_safety: [SAFETY_FILTER] beta=0.4: qdot entering overspeed, joint=5, |qdot|=4.80 > 3.93
2026-09-13 17:17:33,779 [INFO] src.ilqt.components.predictive_safety: [SAFETY_FILTER] beta=0.4: qdot entering overspeed, joint=3, |qdot|=4.26 > 3.93
2026-09-13 17:17:33,779 [INFO] src.ilqt.components.predictive_safety: [SAFETY_FILTER] beta=0.0: qdot entering overspeed, joint=5, |qdot|=5.89 > 3.93
2026-09-13 17:17:33,789 [DEBUG] src.ilqt.tube_cost: [Softmin诊断] 候选权重TOP3: k=8:w=0.083, k=7:w=0.082, k=9:w=0.082
2026-09-13 17:17:33,795 [DEBUG] src.ilqt.mpc_controller: REPLAN step=180 k_hit=8 iters=5 horizon=8 t=15ms
2026-09-13 17:17:33,795 [DEBUG] src.ilqt.mpc_controller: MPCController.step 180: replan k_hit=8 refine=locked buffer=8
2026-09-13 17:17:33,796 [INFO] src.ilqt.components.predictive_safety: [SAFETY_FILTER] beta=0.2: qdot entering overspeed, joint=3, |qdot|=4.49 > 3.93
2026-09-13 17:17:33,796 [INFO] src.ilqt.components.predictive_safety: [SAFETY_FILTER] beta=0.0: qdot entering overspeed, joint=3, |qdot|=4.96 > 3.93
2026-09-13 17:17:33,797 [INFO] src.ilqt.components.predictive_safety: [SAFETY_FILTER] beta=0.2: qdot entering overspeed, joint=3, |qdot|=4.72 > 3.93
2026-09-13 17:17:33,798 [INFO] src.ilqt.components.predictive_safety: [SAFETY_FILTER] beta=0.2: qdot entering overspeed, joint=3, |qdot|=4.54 > 3.93
2026-09-13 17:17:33,798 [INFO] src.ilqt.components.predictive_safety: [SAFETY_FILTER] beta=0.2: qdot entering overspeed, joint=3, |qdot|=4.90 > 3.93
2026-09-13 17:17:33,799 [INFO] src.ilqt.components.predictive_safety: [SAFETY_FILTER] beta=0.0: qdot entering overspeed, joint=3, |qdot|=5.21 > 3.93
2026-09-13 17:17:33,799 [INFO] src.ilqt.components.predictive_safety: [SAFETY_FILTER] beta=0.2: qdot entering overspeed, joint=3, |qdot|=4.72 > 3.93
2026-09-13 17:17:33,799 [INFO] src.ilqt.strategies.follow_through: 随挥触发: step=187, steps=60
2026-09-13 17:17:33,817 [INFO] src.ilqt.async_replanner: AsyncReplanner: 后台规划线程已停止
2026-09-13 17:17:33,817 [INFO] src.ilqt.episode_runner: EpisodeRunner 完成: total_steps=249 safe_steps=249 mpc_done=True
2026-09-13 17:17:33,817 [DEBUG] src.ilqt.episode_runner: EpisodeRunner metrics 详情: {'total_steps': 249, 'safe_steps': 249, 'mpc_done': True, 'X_history': [array([-1.5  ,  1.57 , -0.236,  0.404,  0.446,  2.45 ,  0.   ,  0.   ,
        0.   ,  0.   ,  0.   ,  0.   ]), array([ 0.27619647,  1.52461495, -0.53188434, -0.14321425,  0.67188763,
        2.44998756, -0.01197287, -0.03451834,  0.00788601,  0.00315015,
       -0.04123909, -0.00248715]), array([ 0.2760777 ,  1.52427506, -0.5318238 , -0.1431839 ,  0.67151812,
        2.44996786, -0.02375334, -0.06797712,  0.01210824,  0.0060697 ,
       -0.07390301, -0.00394078]), array([ 0.27590119,  1.52377342, -0.53175667, -0.14314004,  0.67101742,
        2.44994381, -0.03530114, -0.10032852,  0.01342659,  0.0087734 ,
       -0.10014035, -0.00481006]), array([ 0.27566825,  1.52311564, -0.53169447, -0.14308366,  0.67040963,
        2.44991708, -0.04658804, -0.13155595,  0.01244057,  0.01127461,
       -0.12155764, -0.00534633]), array([ 0.27538028,  1.52230732, -0.53164634, -0.14301573,  0.66971285,
        2.44988862, -0.05759479, -0.16166426,  0.00962598,  0.01358703,
       -0.13935507, -0.00569109]), array([ 0.27503873,  1.52135395, -0.53161952, -0.1429371 ,  0.66894071,
        2.449859  , -0.06830872, -0.19067259,  0.00536281,  0.01572497,
       -0.15442809, -0.00592453]), array([ 2.74645125e-01,  1.52026091e+00, -5.31619739e-01, -1.42848590e-01,
        6.68103496e-01,  2.44982854e+00, -7.87220847e-02, -2.18609233e-01,
       -4.34674580e-05,  1.77029576e-02, -1.67443489e-01, -6.09247007e-03]), array([ 0.27420097,  1.51903337, -0.53165147, -0.14275091,  0.66720901,
        2.44979743, -0.08883078, -0.24550795, -0.0063456 ,  0.01953521,
       -0.17889647, -0.00622132]), array([ 0.2737078 ,  1.51767634, -0.53171818, -0.14264474,  0.66626325,
        2.4497658 , -0.09863337, -0.27140531, -0.01334206,  0.02123524,
       -0.1891534 , -0.00632645]), array([ 0.27316715,  1.51619465, -0.53182251, -0.14253066,  0.66527083,
        2.44973371, -0.1081304 , -0.29633888, -0.02086737,  0.02281557,
       -0.19848395, -0.00641688]), array([ 0.27258053,  1.51459292, -0.53196644, -0.14240922,  0.6642354 ,
        2.44970122, -0.11732381, -0.32034591, -0.02878472,  0.02428753,
       -0.2070853 , -0.00649797]), array([ 0.27194945,  1.51287561, -0.53215134, -0.14228092,  0.6631599 ,
        2.44966836, -0.12621655, -0.34346251, -0.03698012,  0.02566121,
       -0.21510031, -0.00657291]), array([ 0.27127539,  1.51104699, -0.53237813, -0.14214619,  0.66204674,
        2.44963514, -0.13481228, -0.36572306, -0.04535798,  0.02694543,
       -0.22263121, -0.00664364]), array([ 0.27055981,  1.50911119, -0.53264732, -0.14200545,  0.66089799,
        2.44960159, -0.14311505, -0.38715989, -0.05383753,  0.02814784,
       -0.22974994, -0.00671132]), array([ 0.26980417,  1.50707218, -0.53295907, -0.14185908,  0.65971546,
        2.4495677 , -0.15112923, -0.40780311, -0.06235006,  0.02927494,
       -0.23650578, -0.00677663]), array([ 0.26900987,  1.50493377, -0.53331325, -0.14170741,  0.65850081,
        2.4495335 , -0.15885928, -0.42768054, -0.07083677,  0.03033221,
       -0.24293121, -0.00684001]), array([ 0.26817832,  1.50269968, -0.53370948, -0.14155079,  0.65725558,
        2.44949899, -0.16630967, -0.44681768, -0.07924695,  0.03132421,
       -0.24904619, -0.00690171]), array([ 0.2673109 ,  1.5003735 , -0.53414717, -0.14138952,  0.65598127,
        2.44946418, -0.17348481, -0.46523781, -0.08753667,  0.03225467,
       -0.25486144, -0.00696188]), array([ 0.26640895,  1.49795869, -0.53462551, -0.14122389,  0.65467937,
        2.44942908, -0.18038899, -0.48296206, -0.09566756,  0.03312661,
       -0.26038089, -0.00702063]), array([ 0.26547382,  1.49545864, -0.53514354, -0.14105417,  0.65335135,
        2.44939369, -0.18702633, -0.50000949, -0.103606  ,  0.03394244,
       -0.26560345, -0.00707802]), array([ 0.26450689,  1.49287662, -0.53570026, -0.14088085,  0.6519983 ,
        2.44935807, -0.19338547, -0.51640263, -0.11134434,  0.03466573,
       -0.27060907, -0.00712405]), array([ 0.26350947,  1.49021585, -0.53629445, -0.14070414,  0.65062183,
        2.4493222 , -0.19948426, -0.53215434, -0.1188376 ,  0.03534072,
       -0.27529555, -0.00717357]), array([ 0.26248284,  1.48747946, -0.53692475, -0.14052431,  0.64922354,
        2.44928608, -0.20532622, -0.54727805, -0.12606172,  0.0359672 ,
       -0.27965682, -0.00722434]), array([ 0.26142827,  1.48467053, -0.53758973, -0.14034158,  0.64780512,
        2.44924971, -0.21091461, -0.56178569, -0.13299528,  0.03654493,
       -0.28368479, -0.00727517]), array([ 0.26034701,  1.48179209, -0.53828783, -0.14015621,  0.64636827,
        2.44921308, -0.21625245, -0.57568782, -0.13961912,  0.03707366,
       -0.28737007, -0.00732549]), array([ 0.25924029,  1.47884713, -0.53901741, -0.13996845,  0.64491476,
        2.4491762 , -0.22134253, -0.58899372, -0.145916  ,  0.03755303,
       -0.29070238, -0.00737502]), array([ 0.25810936,  1.47583857, -0.53977676, -0.13977853,  0.6434464 ,
        2.44913908, -0.2261874 , -0.60171153, -0.1518704 ,  0.03798267,
       -0.29367101, -0.00742366]), array([ 0.25695541,  1.47276933, -0.5405641 , -0.13958672,  0.64196507,
        2.44910173, -0.23078938, -0.61384829, -0.15746828,  0.0383621 ,
       -0.29626506, -0.00747142]), array([ 0.25577966,  1.46964228, -0.54137758, -0.13939327,  0.64047271,
        2.44906414, -0.23515059, -0.62541008, -0.16269689,  0.03869084,
       -0.29847369, -0.00751834]), array([ 0.25458329,  1.46646027, -0.54221531, -0.13919843,  0.63897127,
        2.44902631, -0.23927296, -0.63640211, -0.16754469,  0.03896835,
       -0.30028632, -0.00756448]), array([ 0.2533675 ,  1.46322612, -0.54307531, -0.13900246,  0.63746281,
        2.44898826, -0.24315821, -0.64682878, -0.17200122,  0.03919407,
       -0.30169276, -0.00760992]), array([ 0.25213346,  1.45994265, -0.5439556 , -0.13880562,  0.63594939,
        2.44894999, -0.24680792, -0.6566938 , -0.17605698,  0.03936743,
       -0.30268334, -0.00765476]), array([ 0.25088234,  1.45661265, -0.54485412, -0.13860818,  0.63443315,
        2.44891149, -0.2502235 , -0.66600024, -0.17970341,  0.03948786,
       -0.30324903, -0.00769907]), array([ 0.24961531,  1.4532389 , -0.54576878, -0.13841041,  0.63291624,
        2.44887278, -0.25340624, -0.67475065, -0.18293281,  0.0395548 ,
       -0.30338151, -0.00774294]), array([ 0.24833353,  1.44982416, -0.54669747, -0.13821257,  0.63140088,
        2.44883385, -0.25635729, -0.68294707, -0.18573828,  0.03956771,
       -0.30307326, -0.00778643]), array([ 0.24703814,  1.44637121, -0.54763804, -0.13801494,  0.62988929,
        2.4487947 , -0.25907773, -0.69059118, -0.18811374,  0.03952609,
       -0.30231766, -0.00782962]), array([ 0.2457303 ,  1.44288279, -0.54858831, -0.13781779,  0.62838374,
        2.44875534, -0.26156854, -0.69768431, -0.19005387,  0.03942948,
       -0.30110899, -0.00787258]), array([ 0.24441114,  1.43936165, -0.54954608, -0.1376214 ,  0.62688653,
        2.44871576, -0.26383066, -0.70422754, -0.19155409,  0.03927745,
       -0.29944253, -0.00791536]), array([ 0.24308182,  1.43581054, -0.55050913, -0.13742606,  0.62539996,
        2.44867597, -0.26586497, -0.71022176, -0.19261058,  0.03906967,
       -0.29731461, -0.00795801]), array([ 0.24174346,  1.4322322 , -0.55147523, -0.13723203,  0.62392634,
        2.44863597, -0.26767236, -0.71566773, -0.19322028,  0.03880585,
       -0.29472265, -0.00800057]), array([ 0.24039744,  1.42862932, -0.55244234, -0.13704018,  0.62246728,
        2.44859589, -0.26920316, -0.72057628, -0.19342159,  0.03836985,
       -0.29181332, -0.00801555]), array([ 0.2390449 ,  1.42500461, -0.55340822, -0.1368507 ,  0.62102522,
        2.44855566, -0.27050694, -0.72494273, -0.19317607,  0.03789611,
       -0.28841127, -0.00804494]), array([ 0.23768698,  1.42136077, -0.55437063, -0.13666379,  0.6196026 ,
        2.44851526, -0.27158498, -0.72876703, -0.1924815 ,  0.03738036,
       -0.28452409, -0.00808175]), array([ 0.23632479,  1.41770052, -0.55532731, -0.1364797 ,  0.61820181,
        2.44847464, -0.27243858, -0.7320494 , -0.19133682,  0.03681949,
       -0.28015886, -0.00812226]), array([ 0.23495944,  1.41402657, -0.55627602, -0.13629864,  0.61682519,
        2.44843382, -0.27306904, -0.73479034, -0.18974199,  0.03621126,
       -0.27532261, -0.00816449]), array([ 0.23359205,  1.41034162, -0.55721451, -0.13612087,  0.61547508,
        2.44839279, -0.27347774, -0.73699068, -0.18769796,  0.03555408,
       -0.27002268, -0.00820743]), array([ 0.23222372,  1.40664836, -0.55814055, -0.13594664,  0.61415374,
        2.44835153, -0.27366617, -0.73865157, -0.18520663,  0.0348469 ,
       -0.26426696, -0.00825056]), array([ 0.23085554,  1.40294949, -0.5590519 , -0.13577619,  0.61286342,
        2.44831006, -0.27363592, -0.73977455, -0.18227077,  0.0340891 ,
       -0.25806406, -0.00829362]), array([ 0.2294886 ,  1.39924768, -0.55994637, -0.13560979,  0.61160631,
        2.44826838, -0.27338874, -0.74036154, -0.17889401,  0.03328043,
       -0.25142346, -0.00833648]), array([ 0.22812397,  1.39554561, -0.56082177, -0.13544768,  0.61038453,
        2.44822649, -0.27292652, -0.74041494, -0.17508088,  0.03242095,
       -0.24435558, -0.00837907]), array([ 0.22676271,  1.39184592, -0.56167596, -0.13529013,  0.60920017,
        2.44818438, -0.27225136, -0.7399376 , -0.17083671,  0.03151099,
       -0.23687187, -0.00842133]), array([ 0.22540588,  1.38815125, -0.5625068 , -0.13513737,  0.60805525,
        2.44814206, -0.27136554, -0.73893287, -0.16616768,  0.03055112,
       -0.22898481, -0.00846324]), array([ 0.22405452,  1.38446423, -0.5633122 , -0.13498966,  0.60695171,
        2.44809954, -0.27027158, -0.73740468, -0.16108078,  0.02954212,
       -0.22070794, -0.00850473]), array([ 0.22270966,  1.38078744, -0.56409012, -0.13484724,  0.60589143,
        2.44805681, -0.26897222, -0.73535749, -0.1555838 ,  0.02848498,
       -0.21205585, -0.00854578]), array([ 0.22137231,  1.37712346, -0.56483855, -0.13471033,  0.60487621,
        2.44801388, -0.26747045, -0.73279638, -0.14968534,  0.02738086,
       -0.20304419, -0.00858631]), array([ 0.22004346,  1.37347483, -0.56555552, -0.13457918,  0.60390776,
        2.44797075, -0.26576951, -0.72972704, -0.1433948 ,  0.0262311 ,
       -0.19368961, -0.00862626]), array([ 0.2187241 ,  1.36984405, -0.56623913, -0.13445399,  0.60298771,
        2.44792742, -0.26387292, -0.72615582, -0.13672232,  0.02503717,
       -0.18400973, -0.00866556]), array([ 0.21741518,  1.3662336 , -0.56688753, -0.13433499,  0.60211759,
        2.4478839 , -0.26178448, -0.72208971, -0.12967881,  0.02380071,
       -0.17402309, -0.00870413]), array([ 0.21611763,  1.36264592, -0.56749891, -0.13422237,  0.60129885,
        2.44784019, -0.25950825, -0.71753641, -0.12227592,  0.0225235 ,
       -0.16374913, -0.00874189]), array([ 0.21483239,  1.35908339, -0.56807154, -0.13411633,  0.60053281,
        2.4477963 , -0.25704859, -0.71250428, -0.11452601,  0.02120743,
       -0.15320809, -0.00877875]), array([ 0.21357416,  1.35554756, -0.56860653, -0.13404673,  0.59981872,
        2.44775821, -0.2516464 , -0.70716654, -0.10699787,  0.01392115,
       -0.14281722, -0.00761745]), array([ 0.21234412,  1.35204053, -0.56910231, -0.13400851,  0.59915807,
        2.44772261, -0.24600795, -0.70140603, -0.09915606,  0.00764451,
       -0.13213008, -0.00712083]), array([ 2.11143298e-01,  1.34856439e+00, -5.69557348e-01, -1.33997720e-01,
        5.98552105e-01,  2.44768779e+00, -2.40164494e-01, -6.95227662e-01,
       -9.10086036e-02,  2.15693906e-03, -1.21193116e-01, -6.96370145e-03]), array([ 0.20997259,  1.3451212 , -0.56997018, -0.13401127,  0.59800188,
        2.44765292, -0.23414245, -0.68863796, -0.08256616, -0.00270897,
       -0.11004531, -0.00697315]), array([ 0.20883276,  1.34171298, -0.57033939, -0.13404667,  0.59750828,
        2.44761763, -0.22796454, -0.68164491, -0.07384138, -0.00708166,
       -0.09872068, -0.0070585 ]), array([ 0.20772451,  1.33834169, -0.57066363, -0.13410198,  0.59707203,
        2.44758176, -0.22165067, -0.67425773, -0.06484839, -0.01106044,
       -0.08724991, -0.00717324]), array([ 0.20664842,  1.33500926, -0.57094164, -0.13417559,  0.59669372,
        2.44754529, -0.21521857, -0.66648683, -0.05560249, -0.01472238,
       -0.07566142, -0.00729435]), array([ 0.205605  ,  1.33171754, -0.57117224, -0.13426623,  0.59637381,
        2.44750823, -0.20868426, -0.65834359, -0.04611987, -0.0181275 ,
       -0.06398209, -0.00741116]), array([ 0.20459468,  1.32846834, -0.57135433, -0.13437284,  0.59611262,
        2.44747064, -0.20206247, -0.64984035, -0.0364174 , -0.02132247,
       -0.05223771, -0.00751934]), array([ 0.20361785,  1.32526338, -0.57148689, -0.13449456,  0.59591035,
        2.44743255, -0.19536689, -0.64099028, -0.02651253, -0.02434356,
       -0.04045326, -0.00761772]), array([ 0.2026748 ,  1.32210435, -0.57156901, -0.13463065,  0.59576709,
        2.44739402, -0.18861039, -0.63180729, -0.01642311, -0.02721886,
       -0.0286531 , -0.00770659]), array([ 0.20176577,  1.31899282, -0.57159984, -0.1347805 ,  0.59568278,
        2.44735508, -0.18180524, -0.62230602, -0.00616733, -0.02997001,
       -0.01686107, -0.00778686]), array([ 0.20089095,  1.31593031, -0.57157866, -0.13494357,  0.59565728,
        2.44731578, -0.17496314, -0.61250171,  0.00423636, -0.03261355,
       -0.00510055, -0.00785958]), array([ 0.20005048,  1.31291826, -0.57150481, -0.13511938,  0.59569031,
        2.44727616, -0.16809543, -0.60241019,  0.01476936, -0.03516202,
        0.00660558, -0.00792578]), array([ 0.19924441,  1.30995802, -0.57137775, -0.1353075 ,  0.59578148,
        2.44723622, -0.16121305, -0.59204781,  0.02541291, -0.03762479,
        0.01823488, -0.00798637]), array([ 0.19847278,  1.30705086, -0.57119701, -0.13550755,  0.59593031,
        2.44719601, -0.15432666, -0.58143136,  0.03614824, -0.04000873,
        0.02976544, -0.00804213]), array([ 0.19773555,  1.30419797, -0.57096222, -0.13571914,  0.59613619,
        2.44715554, -0.14744665, -0.57057807,  0.04695652, -0.0423188 ,
        0.04117591, -0.00809367]), array([ 0.19703263,  1.30140045, -0.57067313, -0.13594193,  0.59639842,
        2.44711484, -0.14058315, -0.55950551,  0.057819  , -0.04455838,
        0.05244553, -0.0081415 ]), array([ 0.1963639 ,  1.29865929, -0.57032954, -0.13617558,  0.59671619,
        2.44707391, -0.13374606, -0.54823156,  0.068717  , -0.04672973,
        0.06355418, -0.00818599]), array([ 0.19572917,  1.29597542, -0.56993138, -0.13641975,  0.5970886 ,
        2.44703277, -0.12694501, -0.53677435,  0.07963197, -0.04883417,
        0.07448245, -0.00822746]), array([ 0.19510952,  1.29335116, -0.56947325, -0.13663416,  0.59752509,
        2.44698293, -0.123931  , -0.52485083,  0.09162756, -0.04288114,
        0.08729871, -0.00996817]), array([ 0.19450453,  1.29078769, -0.5689551 , -0.13682592,  0.59802225,
        2.44692921, -0.12099772, -0.51269328,  0.10362881, -0.03835346,
        0.09943069, -0.01074366]), array([ 0.19391393,  1.288286  , -0.56837714, -0.13700059,  0.59857714,
        2.44687409, -0.1181211 , -0.50033831,  0.11559318, -0.03493236,
        0.11097961, -0.01102421]), array([ 0.19333751,  1.28584691, -0.56773971, -0.13716246,  0.59918722,
        2.44681879, -0.11528369, -0.48781924,  0.1274859 , -0.03237506,
        0.12201548, -0.01105986]), array([ 0.19277514,  1.28347107, -0.56704332, -0.13731493,  0.59985015,
        2.44676388, -0.11247308, -0.47516678,  0.13927792, -0.03049423,
        0.13258608, -0.01098174]), array([ 0.19222674,  1.28115903, -0.5662886 , -0.13746065,  0.60056377,
        2.4467096 , -0.10968081, -0.46240951,  0.15094444, -0.02914398,
        0.14272328, -0.01085715]), array([ 0.19169223,  1.27891115, -0.56547628, -0.1376017 ,  0.60132601,
        2.446656  , -0.10690148, -0.44957427,  0.16246384, -0.02820983,
        0.15244766, -0.01071939]), array([ 0.19117157,  1.27672772, -0.56460719, -0.13773971,  0.60213487,
        2.44660308, -0.10413206, -0.43668647,  0.17381692, -0.02760154,
        0.16177184, -0.01058395]), array([ 0.19066471,  1.27460887, -0.56368226, -0.13787595,  0.60298838,
        2.44655079, -0.10137136, -0.42377024,  0.18498636, -0.02724764,
        0.17070289, -0.01045715]), array([ 0.19017162,  1.27255463, -0.56270248, -0.1380114 ,  0.6038846 ,
        2.44649909, -0.09861963, -0.41084867,  0.19595635, -0.02709143,
        0.17924415, -0.01034075]), array([ 0.18969222,  1.27056491, -0.56166892, -0.13814684,  0.60482158,
        2.44644792, -0.09587816, -0.39794386,  0.20671227, -0.02708778,
        0.18739647, -0.01023438]), array([ 0.18922648,  1.26863952, -0.56058271, -0.13828285,  0.60579738,
        2.44639723, -0.09314911, -0.38507705,  0.21724053, -0.02720073,
        0.1951592 , -0.0101368 ]), array([ 0.1887743 ,  1.26677818, -0.55944507, -0.13841985,  0.60681003,
        2.446347  , -0.09043519, -0.37226865,  0.22752846, -0.02740161,
        0.20253089, -0.01004654]), array([ 0.1883356 ,  1.26498049, -0.55825725, -0.13855819,  0.60785758,
        2.44629719, -0.08773957, -0.35953826,  0.23756418, -0.02766748,
        0.20950976, -0.00996215]), array([ 0.18791028,  1.26324596, -0.55702057, -0.13869809,  0.60893805,
        2.44624778, -0.08506569, -0.34690473,  0.2473366 , -0.02798006,
        0.21609411, -0.00988239]), array([ 0.18749819,  1.26157403, -0.55573639, -0.13883972,  0.61004947,
        2.44619875, -0.08241717, -0.33438618,  0.25683533, -0.0283247 ,
        0.22228256, -0.00980619]), array([ 0.1870992 ,  1.25996403, -0.55440614, -0.13898316,  0.61118984,
        2.44615008, -0.07979772, -0.32199997,  0.26605072, -0.02868971,
        0.22807424, -0.0097327 ]), array([ 0.18671315,  1.25841522, -0.55303127, -0.13912849,  0.61235718,
        2.44610178, -0.07721105, -0.3097627 ,  0.27497382, -0.02906575,
        0.2334689 , -0.00966126]), array([ 0.18633984,  1.25692677, -0.55161329, -0.13927572,  0.61354952,
        2.44605382, -0.07466085, -0.29769025,  0.28359638, -0.02944539,
        0.23846705, -0.00959136]), array([ 0.18597909,  1.25549778, -0.55015373, -0.13942483,  0.61476487,
        2.44600621, -0.0721507 , -0.28579776,  0.29191088, -0.0298227 ,
        0.24306992, -0.00952264]), array([ 0.18563067,  1.25412728, -0.54865418, -0.1395758 ,  0.61600126,
        2.44595893, -0.06968406, -0.2740996 ,  0.29991049, -0.03019298,
        0.24727958, -0.00945482]), array([ 0.18529435,  1.25281424, -0.54711623, -0.13972856,  0.61725676,
        2.44591199, -0.06726423, -0.26260938,  0.30758913, -0.03055255,
        0.25109889, -0.00938771]), array([ 0.18496988,  1.25155754, -0.54554153, -0.13988305,  0.61852942,
        2.44586539, -0.06489434, -0.25133997,  0.31494143, -0.03089851,
        0.25453151, -0.00932122]), array([ 0.18465699,  1.25035602, -0.54393171, -0.1400392 ,  0.61981733,
        2.44581911, -0.06257732, -0.24030346,  0.32196275, -0.03122863,
        0.25758187, -0.00925529]), array([ 0.18435541,  1.24920846, -0.54228847, -0.1401969 ,  0.6211186 ,
        2.44577316, -0.0603159 , -0.22951116,  0.32864919, -0.03154124,
        0.26025519, -0.00918989]), array([ 0.18406485,  1.24811359, -0.54061348, -0.14035608,  0.62243139,
        2.44572754, -0.05811258, -0.21897364,  0.33499756, -0.03183507,
        0.26255737, -0.00912506]), array([ 0.183785  ,  1.24707009, -0.53890845, -0.14051662,  0.62375386,
        2.44568223, -0.05596966, -0.20870066,  0.34100541, -0.03210924,
        0.26449502, -0.00906083]), array([ 0.18351555,  1.24607658, -0.5371751 , -0.14067844,  0.62508424,
        2.44563725, -0.05388919, -0.19870125,  0.346671  , -0.03236317,
        0.26607541, -0.00899726]), array([ 0.18325619,  1.24513167, -0.53541513, -0.14084142,  0.62642077,
        2.44559257, -0.05187302, -0.18898364,  0.3519933 , -0.03259652,
        0.26730637, -0.00893444]), array([ 0.18300657,  1.24423389, -0.53363027, -0.14100547,  0.62776175,
        2.44554821, -0.04992275, -0.17955531,  0.35697198, -0.03280918,
        0.26819633, -0.00887245]), array([ 0.18276637,  1.24338178, -0.53182223, -0.14117047,  0.62910553,
        2.44550416, -0.04803977, -0.17042299,  0.36160739, -0.03300119,
        0.26875421, -0.00881138]), array([ 0.18253525,  1.24257381, -0.52999273, -0.14133634,  0.63045047,
        2.4454604 , -0.04622525, -0.16159265,  0.36590055, -0.03317274,
        0.26898939, -0.00875133]), array([ 0.18231285,  1.24180846, -0.52814347, -0.14150296,  0.63179503,
        2.44541694, -0.04448015, -0.15306952,  0.36985312, -0.03332415,
        0.26891169, -0.0086924 ]), array([ 0.18209882,  1.24108417, -0.52627613, -0.14167024,  0.63313769,
        2.44537376, -0.04280521, -0.1448581 ,  0.3734674 , -0.03345584,
        0.26853127, -0.00863467]), array([ 0.18189282,  1.24039936, -0.5243924 , -0.14183808,  0.63447698,
        2.44533087, -0.04120096, -0.1369622 ,  0.37674628, -0.03356832,
        0.26785863, -0.00857825]), array([ 0.18169448,  1.23975244, -0.52249393, -0.14200639,  0.6358115 ,
        2.44528826, -0.03966777, -0.12938489,  0.37969325, -0.03366216,
        0.26690455, -0.00852322]), array([ 0.18150345,  1.2391418 , -0.52058237, -0.14217508,  0.6371399 ,
        2.44524591, -0.03820577, -0.12212858,  0.38231234, -0.033738  ,
        0.26568002, -0.00846967]), array([ 0.18131937,  1.23856582, -0.51865933, -0.14234406,  0.63846088,
        2.44520382, -0.03681495, -0.11519499,  0.38460813, -0.03379654,
        0.26419625, -0.00841769]), array([ 0.1811419 ,  1.23802289, -0.5167264 , -0.14251326,  0.63977321,
        2.44516198, -0.03549511, -0.1085852 ,  0.38658569, -0.03383849,
        0.26246456, -0.00836734]), array([ 0.18097067,  1.2375114 , -0.51478515, -0.14268258,  0.64107569,
        2.44512039, -0.03424589, -0.10229966,  0.38825057, -0.03386461,
        0.26049641, -0.0083187 ]), array([ 0.18080534,  1.23702971, -0.5128371 , -0.14285196,  0.64236721,
        2.44507903, -0.03306676, -0.0963382 ,  0.38960875, -0.03387571,
        0.25830329, -0.00827184]), array([ 0.18064555,  1.2365762 , -0.51088377, -0.14302132,  0.64364669,
        2.4450379 , -0.03195706, -0.09070005,  0.39066664, -0.03387257,
        0.25589675, -0.0082268 ]), array([ 0.18049097,  1.23614929, -0.50892662, -0.1431906 ,  0.64491313,
        2.44499698, -0.03091598, -0.08538389,  0.39143105, -0.03385602,
        0.25328831, -0.00818365]), array([ 0.18034126,  1.23574735, -0.50696707, -0.14335973,  0.64616558,
        2.44495627, -0.02994259, -0.08038782,  0.39190911, -0.0338269 ,
        0.25048945, -0.00814243]), array([ 0.18019608,  1.2353688 , -0.50500653, -0.14352867,  0.64740314,
        2.44491575, -0.02903583, -0.07570944,  0.39210831, -0.03378602,
        0.24751159, -0.00810317]), array([ 0.18005511,  1.23501207, -0.50304635, -0.14369734,  0.64862497,
        2.44487542, -0.02819454, -0.07134585,  0.39203641, -0.03373423,
        0.24436605, -0.00806592]), array([ 0.17991802,  1.2346756 , -0.50108784, -0.1438657 ,  0.64983029,
        2.44483527, -0.02741743, -0.06729364,  0.39170145, -0.03367237,
        0.24106399, -0.00803068]), array([ 0.1797845 ,  1.23435786, -0.49913228, -0.1440337 ,  0.65101837,
        2.44479528, -0.02670314, -0.06354899,  0.39111169, -0.03360124,
        0.23761646, -0.0079975 ]), array([ 0.17965425,  1.23405732, -0.4971809 , -0.14420131,  0.65218854,
        2.44475545, -0.0260502 , -0.0601076 ,  0.39027562, -0.03352168,
        0.2340343 , -0.00796637]), array([ 0.17952697,  1.23377249, -0.49523489, -0.14436849,  0.65334018,
        2.44471576, -0.02545709, -0.05696482,  0.38920188, -0.03343449,
        0.23032816, -0.00793731]), array([ 0.17940236,  1.23350192, -0.4932954 , -0.14453519,  0.65447272,
        2.44467621, -0.02492218, -0.05411557,  0.38789928, -0.03334046,
        0.22650848, -0.00791033]), array([ 0.17928014,  1.23324414, -0.49136351, -0.14470139,  0.65558565,
        2.44463678, -0.0244438 , -0.05155444,  0.38637674, -0.03324036,
        0.22258547, -0.00788541]), array([ 0.17916004,  1.23299777, -0.4894403 , -0.14486706,  0.6566785 ,
        2.44459747, -0.02402023, -0.04927568,  0.38464329, -0.03313496,
        0.21856907, -0.00786256]), array([ 0.17904179,  1.2327614 , -0.48752676, -0.14503219,  0.65775084,
        2.44455826, -0.02364966, -0.04727325,  0.38270801, -0.033025  ,
        0.21446899, -0.00784175]), array([ 0.17892514,  1.2325337 , -0.48562386, -0.14519675,  0.65880231,
        2.44451915, -0.02333029, -0.04554079,  0.38058005, -0.0329112 ,
        0.21029463, -0.00782298]), array([ 0.17880983,  1.23231334, -0.48373251, -0.14536072,  0.65983259,
        2.44448011, -0.02306024, -0.04407172,  0.37826856, -0.03279425,
        0.20605515, -0.00780623]), array([ 0.17869565,  1.23209904, -0.4818536 , -0.14552409,  0.66084139,
        2.44444116, -0.02283761, -0.0428592 ,  0.37578272, -0.03267484,
        0.20175938, -0.00779147]), array([ 0.17858234,  1.23188956, -0.47998794, -0.14568686,  0.66182847,
        2.44440226, -0.02266048, -0.04189619,  0.37313166, -0.03255361,
        0.19741589, -0.00777866]), array([ 0.17846971,  1.23168368, -0.47813632, -0.14584901,  0.66279363,
        2.44436342, -0.02252692, -0.04117544,  0.37032449, -0.03243121,
        0.19303294, -0.00776779]), array([ 0.17835753,  1.23148024, -0.47629947, -0.14601056,  0.66373672,
        2.44432463, -0.02243497, -0.04068956,  0.36737026, -0.03230823,
        0.18861846, -0.00775882]), array([ 0.18074351,  1.23319894, -0.47282208, -0.14852037,  0.6632922 ,
        2.45482301,  0.47719471,  0.3437407 ,  0.69547776, -0.50196222,
       -0.08890398,  2.09967542]), array([ 0.18462573,  1.23120585, -0.4696326 , -0.14484815,  0.67090005,
        2.45423338,  0.77644385, -0.39861864,  0.63789526,  0.73444254,
        1.52156995, -0.1179261 ]), array([ 0.18847254,  1.22503368, -0.46211806, -0.14415733,  0.68046214,
        2.44400081,  0.76936231, -1.23443258,  1.50290845,  0.13816423,
        1.9124178 , -2.04651381]), array([ 0.19288473,  1.22212449, -0.45657697, -0.14020198,  0.68811328,
        2.44381492,  0.88243915, -0.58183903,  1.10821859,  0.791071  ,
        1.5302276 , -0.03717795]), array([ 0.19700548,  1.22356676, -0.45478071, -0.14006784,  0.69167813,
        2.43375599,  0.82414893,  0.28845505,  0.35925228,  0.02682761,
        0.71296904, -2.01178504]), array([ 0.20163994,  1.22874831, -0.45614738, -0.13666192,  0.6921022 ,
        2.43376963,  0.92689201,  1.03630903, -0.27333502,  0.68118383,
        0.08481527,  0.00272821]), array([ 0.20675977,  1.23058045, -0.45607678, -0.12940156,  0.6936778 ,
        2.4437231 ,  1.02396563,  0.36642776,  0.01411975,  1.45207298,
        0.31511987,  1.9906938 ]), array([ 0.21150465,  1.23463695, -0.4568192 , -0.12612879,  0.69432417,
        2.46172058,  0.94897557,  0.81130154, -0.14848288,  0.65455313,
        0.12927374,  3.59949535]), array([ 0.21622267,  1.23785555, -0.45711261, -0.12219821,  0.69506101,
        2.48096754,  0.94360563,  0.64371934, -0.05868333,  0.78611601,
        0.14736706,  3.84939103]), array([ 0.22077836,  1.24089882, -0.45726264, -0.11844252,  0.69557507,
        2.49942934,  0.91113825,  0.60865393, -0.03000558,  0.75113851,
        0.10281242,  3.69236072]), array([ 0.2259761 ,  1.2475421 , -0.46012876, -0.11042898,  0.69310292,
        2.50632682,  1.03954631,  1.3286557 , -0.57322448,  1.60270679,
       -0.49443031,  1.37949622]), array([ 0.23159562,  1.2580121 , -0.46623466, -0.0984815 ,  0.6870342 ,
        2.5021644 ,  1.12390525,  2.09399914, -1.22117881,  2.38949634,
       -1.21374389, -0.83248452]), array([ 0.23749766,  1.2648747 , -0.47038963, -0.08226607,  0.68262886,
        2.48763901,  1.18040844,  1.37252051, -0.83099344,  3.24308543,
       -0.88106805, -2.90507726]), array([ 0.24278376,  1.27407687, -0.4747257 , -0.0713716 ,  0.6776546 ,
        2.48430132,  1.05721952,  1.84043482, -0.86721436,  2.17889429,
       -0.99485117, -0.6675374 ]), array([ 0.24753968,  1.27972033, -0.47693972, -0.06412408,  0.67429887,
        2.47149408,  0.95118309,  1.12869081, -0.4428039 ,  1.44950517,
       -0.67114641, -2.56144796]), array([ 0.25179828,  1.2877662 , -0.47951964, -0.06177492,  0.67027739,
        2.46976768,  0.85171966,  1.60917452, -0.51598405,  0.46983112,
       -0.80429515, -0.34528086]), array([ 0.25647601,  1.29155259, -0.4789521 , -0.05569948,  0.66919707,
        2.47800906,  0.93554698,  0.7572781 ,  0.11350789,  1.21508748,
       -0.21606493,  1.64827647]), array([ 0.26167673,  1.29109246, -0.47529682, -0.04593276,  0.6715809 ,
        2.49581545,  1.04014289, -0.09202549,  0.731056  ,  1.95334433,
        0.47676712,  3.56127795]), array([ 0.26748677,  1.28551007, -0.46657833, -0.03160326,  0.67953544,
        2.50226312,  1.16200889, -1.11647911,  1.7436969 ,  2.86590155,
        1.59090668,  1.2895341 ]), array([ 0.27377499,  1.27547111, -0.45376181, -0.01405286,  0.6912027 ,
        2.5183675 ,  1.25764349, -2.00779065,  2.56330387,  3.51007868,
        2.3334522 ,  3.22087582]), array([ 0.2811928 ,  1.26486557, -0.4419499 ,  0.00517437,  0.70299918,
        2.53788743,  1.48356163, -2.12110805,  2.36238328,  3.84544729,
        2.35929687,  3.9039862 ]), array([ 0.28838341,  1.25460689, -0.43057221,  0.0234931 ,  0.7141368 ,
        2.55669727,  1.43812379, -2.05173655,  2.27553663,  3.66374434,
        2.22752336,  3.76196801]), array([ 0.29562605,  1.24762268, -0.42079958,  0.03809888,  0.7238367 ,
        2.5648787 ,  1.44852661, -1.396841  ,  1.95452625,  2.92115646,
        1.93997917,  1.63628551]), array([ 0.30343861,  1.24520461, -0.41522414,  0.05664236,  0.72909593,
        2.56201577,  1.56251275, -0.48361523,  1.11508932,  3.70869706,
        1.05184703, -0.57258535]), array([ 0.31071915,  1.23909566, -0.40750318,  0.07010932,  0.73745619,
        2.57014636,  1.45610765, -1.22179048,  1.54419101,  2.69339044,
        1.67205122,  1.62611824]), array([ 0.31854699,  1.23652896, -0.4019166 ,  0.08672475,  0.74290908,
        2.58766702,  1.56556794, -0.51333968,  1.11731568,  3.32308743,
        1.09057904,  3.50413184]), array([ 0.32664816,  1.23634798, -0.39821415,  0.10547075,  0.7462262 ,
        2.59806377,  1.6202337 , -0.0361948 ,  0.74049016,  3.74919832,
        0.66342382,  2.07934918]), array([ 0.33417149,  1.2322845 , -0.39190436,  0.11996829,  0.75291478,
        2.59840491,  1.50466703, -0.812696  ,  1.26195852,  2.89950852,
        1.33771687,  0.06822842]), array([ 0.34206934,  1.22441029, -0.38241073,  0.13726214,  0.761484  ,
        2.60868301,  1.57956884, -1.57484307,  1.89872637,  3.45876955,
        1.71384268,  2.05561924]), array([ 0.35008465,  1.2182593 , -0.37337378,  0.15655159,  0.76968139,
        2.61209634,  1.60306293, -1.23019702,  1.80738895,  3.85789192,
        1.63947818,  0.6826673 ]), array([ 0.35731052,  1.21643155, -0.36836085,  0.17073115,  0.77376577,
        2.6260554 ,  1.4451741 , -0.36555055,  1.00258555,  2.83591153,
        0.81687571,  2.79181053]), array([ 0.36421639,  1.21610779, -0.36463468,  0.18273969,  0.77640774,
        2.64372645,  1.38117282, -0.06475285,  0.74523492,  2.401708  ,
        0.52839492,  3.53421059]), array([ 0.37180531,  1.21285606, -0.35961974,  0.19866757,  0.77953839,
        2.65018979,  1.51778438, -0.65034584,  1.0029889 ,  3.18557619,
        0.6261295 ,  1.29266756]), array([ 0.37970842,  1.20471311, -0.34947761,  0.21721544,  0.7874594 ,
        2.66626771,  1.58062316, -1.62858879,  2.02842517,  3.70957427,
        1.58420243,  3.21558363]), array([ 0.38768838,  1.19484512, -0.33762112,  0.23634129,  0.79696758,
        2.68569443,  1.5959903 , -1.97359879,  2.3712988 ,  3.8251694 ,
        1.90163629,  3.88534405]), array([ 0.3953719 ,  1.1853061 , -0.32625242,  0.25456396,  0.80585866,
        2.70441305,  1.53670485, -1.90780447,  2.27373999,  3.64453414,
        1.77821554,  3.74372542]), array([ 0.40291442,  1.1783908 , -0.31534442,  0.26958201,  0.8144686 ,
        2.71245764,  1.50850461, -1.38305995,  2.18159914,  3.0036099 ,
        1.72198786,  1.60891672]), array([ 0.41131059,  1.17611371, -0.30866678,  0.28912291,  0.81864887,
        2.7095421 ,  1.67923385, -0.45541718,  1.33552795,  3.90817946,
        0.83605316, -0.58310803]), array([ 0.41948071,  1.177498  , -0.30517399,  0.30445487,  0.82041911,
        2.7174033 ,  1.63402426,  0.27685742,  0.69855739,  3.066393  ,
        0.35404908,  1.5722402 ]), array([ 0.42895604,  1.17482682, -0.29803046,  0.32395405,  0.82509325,
        2.7143945 ,  1.89506494, -0.53423557,  1.42870625,  3.89983426,
        0.93482737, -0.60176042]), array([ 0.4382674 ,  1.17121247, -0.28949249,  0.34326948,  0.82936275,
        2.7135326 ,  1.86227271, -0.72287036,  1.70759475,  3.8630869 ,
        0.85389968, -0.17237865]), array([ 0.44720903,  1.16771379, -0.28127115,  0.36163759,  0.83323793,
        2.71278274,  1.78832658, -0.69973555,  1.64426722,  3.67362168,
        0.77503603, -0.1499718 ]), array([ 0.45633191,  1.16503675, -0.27375177,  0.38033201,  0.83624167,
        2.71408111,  1.82457488, -0.53540873,  1.50387738,  3.73888391,
        0.60074833,  0.25967294]), array([ 0.46560639,  1.16164279, -0.26567682,  0.39909956,  0.83926116,
        2.71737207,  1.85489663, -0.6787917 ,  1.61498866,  3.75351117,
        0.60389856,  0.65819274]), array([ 0.47520777,  1.15747315, -0.25680004,  0.41828589,  0.84233885,
        2.71847109,  1.92027645, -0.83392795,  1.77535647,  3.83726485,
        0.61553702,  0.21980438]), array([ 0.48442368,  1.15343015, -0.24828461,  0.43653715,  0.84503806,
        2.71960332,  1.84318025, -0.8086006 ,  1.70308564,  3.65025253,
        0.53984234,  0.22644446]), array([ 0.49391725,  1.15061541, -0.24159908,  0.45515063,  0.84672123,
        2.72275538,  1.89871417, -0.56294795,  1.33710661,  3.72269532,
        0.33663355,  0.6304132 ]), array([ 0.50281063,  1.14787405, -0.2352054 ,  0.47343942,  0.84820879,
        2.72576669,  1.77867618, -0.54827198,  1.27873528,  3.65775826,
        0.29751339,  0.60226145]), array([ 0.51111031,  1.14512731, -0.22929146,  0.49174029,  0.84896907,
        2.72888775,  1.65993636, -0.54934764,  1.18278887,  3.66017441,
        0.15205566,  0.62421205]), array([ 0.51897344,  1.14246997, -0.22356532,  0.50927915,  0.84956658,
        2.73193239,  1.57262518, -0.53146808,  1.14522715,  3.50777212,
        0.11950182,  0.60892709]), array([ 0.52645221,  1.13989942, -0.2180175 ,  0.52596845,  0.84991241,
        2.73492241,  1.49575429, -0.51410894,  1.10956348,  3.3378603 ,
        0.06916511,  0.59800559]), array([ 0.53359011,  1.13741258, -0.21263888,  0.54174812,  0.84994032,
        2.73787401,  1.42757981, -0.49736934,  1.07572546,  3.15593294,
        0.00558223,  0.59032009]), array([ 0.5404234 ,  1.13500594, -0.20742087,  0.55658048,  0.8496026 ,
        2.74079886,  1.36665822, -0.48132671,  1.04360204,  2.96647215,
       -0.06754297,  0.58496923]), array([ 0.54698238,  1.13267577, -0.20235552,  0.57044599,  0.84886663,
        2.74370506,  1.31179623, -0.46603483,  1.01306849,  2.77310263,
       -0.14719376,  0.58123937]), array([ 0.55329242,  1.13041815, -0.19743552,  0.58333962,  0.84771202,
        2.74659791,  1.262008  , -0.45152438,  0.98400169,  2.57872554,
       -0.23092354,  0.57857144]), array([ 0.55937481,  1.12822912, -0.19265407,  0.59526779,  0.84612821,
        2.74948058,  1.21647912, -0.43780515,  0.95628875,  2.38563433,
       -0.31676023,  0.5765327 ]), array([ 0.5652475 ,  1.12610478, -0.18800492,  0.60624587,  0.84411258,
        2.75235454,  1.17453642, -0.42486888,  0.92983123,  2.19561486,
       -0.40312715,  0.57479284]), array([ 0.57092561,  1.12404131, -0.18348218,  0.61629602,  0.8416687 ,
        2.75522006,  1.13562291, -0.41269249,  0.90454652,  2.01003163,
       -0.4887767 ,  0.573104  ]), array([ 0.576422  ,  1.12203511, -0.17908035,  0.62544553,  0.83880502,
        2.75807648,  1.09927707, -0.40124123,  0.8803674 ,  1.82990165,
       -0.57273463,  0.57128419]), array([ 0.58174757,  1.12008275, -0.17479414,  0.63372532,  0.83553376,
        2.7609225 ,  1.06511573, -0.39047165,  0.85724058,  1.65595762,
       -0.65425287,  0.56920355]), array([ 0.58691167,  1.11818108, -0.17061852,  0.64116883,  0.83186991,
        2.76375637,  1.03282006, -0.38033422,  0.8351248 ,  1.48870142,
       -0.73276968,  0.56677324]), array([ 0.59192229,  1.1163272 , -0.16654858,  0.64781107,  0.82783053,
        2.76657605,  1.00212412, -0.3707756 ,  0.8139886 ,  1.32844935,
       -0.80787596,  0.56393626]), array([ 0.59678632,  1.1145185 , -0.16257954,  0.65368792,  0.8234341 ,
        2.76937935,  0.97280543, -0.36174057,  0.79380822,  1.17537008,
       -0.87928691,  0.56066014]), array([ 0.60150971,  1.11275263, -0.15870671,  0.65883551,  0.8187    ,
        2.772164  ,  0.94467732, -0.35317357,  0.77456562,  1.02951623,
       -0.94681815,  0.55693103]), array([ 0.60609762,  1.11102753, -0.15492547,  0.66328976,  0.81364818,
        2.77492775,  0.91758269, -0.34502   ,  0.75624667,  0.8908506 ,
       -1.0103658 ,  0.552749  ]), array([ 0.61055457,  1.10934139, -0.15123128,  0.6670861 ,  0.80829873,
        2.77766837,  0.89138887, -0.33722718,  0.7388396 ,  0.75926769,
       -1.06988984,  0.54812428]), array([ 0.61488448,  1.10769267, -0.14761961,  0.67025915,  0.80267172,
        2.78038374,  0.86598351, -0.32974508,  0.72233375,  0.63461125,
       -1.12540036,  0.54307437]), array([ 0.61909084,  1.10608003, -0.14408602,  0.6728426 ,  0.79678699,
        2.78307185,  0.84127116, -0.32252691,  0.70671846,  0.51668855,
       -1.17694614,  0.53762175]), array([ 0.62317669,  1.10450239, -0.1406261 ,  0.674869  ,  0.79066397,
        2.78573081,  0.81717052, -0.31552945,  0.69198228,  0.40528169,
       -1.22460539,  0.53179209]), array([ 0.62714475,  1.10295882, -0.13723554,  0.67636979,  0.78432158,
        2.78835888,  0.79361217, -0.30871332,  0.67811229,  0.30015675,
       -1.2684781 ,  0.52561294]), array([ 0.63099744,  1.1014486 , -0.13391007,  0.67737514,  0.77777818,
        2.79095444,  0.7705367 , -0.30204312,  0.66509367,  0.20107079,
       -1.30867987,  0.51911269]), array([ 0.6347369 ,  1.09997117, -0.13064553,  0.67791403,  0.77105149,
        2.79351604,  0.7478932 , -0.2954874 ,  0.65290937,  0.1077774 ,
       -1.34533693,  0.5123198 ]), array([ 0.63836509,  1.09852607, -0.12743783,  0.67801418,  0.76415858,
        2.79604235,  0.725638  , -0.28901872,  0.64153994,  0.02003081,
       -1.37858218,  0.5052623 ]), array([ 0.64188376,  1.09711301, -0.12428301,  0.67770213,  0.75711582,
        2.79853219,  0.70373364, -0.28261345,  0.63096344, -0.06241097,
       -1.40855203,  0.49796735]), array([ 0.6452945 ,  1.09573175, -0.12117723,  0.67700321,  0.7499389 ,
        2.80098449,  0.68214794, -0.27625174,  0.62115545, -0.13978395,
       -1.43538391,  0.49046103]), array([ 0.64859877,  1.09438216, -0.11811679,  0.67594163,  0.74264283,
        2.80339833,  0.66085333, -0.26991727,  0.61208918, -0.2123166 ,
       -1.45921434,  0.48276812]), array([ 0.6517979 ,  1.09306418, -0.11509811,  0.67454048,  0.73524194,
        2.80577289,  0.63982622, -0.2635971 ,  0.6037356 , -0.28022884,
       -1.48017745,  0.47491204]), array([ 0.65489313,  1.09177777, -0.11211779,  0.67282182,  0.72774992,
        2.80810747,  0.61904642, -0.25728145,  0.59606361, -0.34373145,
       -1.49840389,  0.46691481]), array([ 0.65788561,  1.09052295, -0.10917259,  0.67080669,  0.72017982,
        2.81040145,  0.59849674, -0.25096347,  0.58904028, -0.40302586,
       -1.51401999,  0.45879702]), array([ 0.66077643,  1.08929976, -0.10625943,  0.66851517,  0.71254409,
        2.81265434,  0.57816255, -0.24463903,  0.58263104, -0.45830404,
       -1.5271472 ,  0.45057791]), array([ 0.66356658,  1.08810822, -0.10337543,  0.66596643,  0.70485458,
        2.81486572,  0.55803147, -0.23830649,  0.57680002, -0.50974877,
       -1.53790168,  0.44227536]), array([ 0.66625705,  1.08694839, -0.10051788,  0.66317876,  0.69712261,
        2.81703525,  0.53809303, -0.23196647,  0.57151022, -0.55753386,
       -1.5463941 ,  0.43390599]), array([ 0.66884874,  1.08582028, -0.09768426,  0.66016964,  0.68935896,
        2.81916267,  0.51833841, -0.22562165,  0.56672383, -0.60182454,
       -1.55272946,  0.42548521]), array([ 0.67134254,  1.0847239 , -0.09487225,  0.65695575,  0.68157393,
        2.82124781,  0.49876019, -0.21927649,  0.56240245, -0.64277791,
       -1.55700714,  0.4170273 ]), array([ 0.6737393 ,  1.08365922, -0.09207971,  0.65355303,  0.67377732,
        2.82329054,  0.47935214, -0.2129371 ,  0.55850737, -0.6805434 ,
       -1.55932091,  0.4085455 ]), array([ 0.67603985,  1.08262616, -0.08930472,  0.64997672,  0.66597853,
        2.8252908 ,  0.460109  , -0.20661101,  0.55499979, -0.71526323,
       -1.55975902,  0.40005205]), array([ 0.67824498,  1.08162463, -0.08654551,  0.64624135,  0.6581865 ,
        2.82724859,  0.44102633, -0.20030694,  0.55184107, -0.74707287,
       -1.55840438,  0.39155828]), array([ 0.68035548,  1.08065445, -0.08380055,  0.64236084,  0.65040983,
        2.82916396,  0.42210032, -0.19403469,  0.54899292, -0.77610151,
       -1.55533474,  0.38307466]), array([ 0.68237212,  1.07971543, -0.08106846,  0.63834848,  0.64265672,
        2.83103702,  0.40332764, -0.1878049 ,  0.54641759, -0.80247251,
       -1.55062288,  0.3746109 ]), array([ 0.68429565,  1.07880728, -0.07834807,  0.63421696,  0.63493503,
        2.8328679 ,  0.38470535, -0.18162894,  0.5440781 , -0.82630374,
       -1.54433684,  0.36617597]), array([ 0.6861268 ,  1.07792969, -0.07563838,  0.62997842,  0.62725233,
        2.83465679,  0.36623073, -0.17551873,  0.54193835, -0.84770806,
       -1.53654014,  0.35777816]), array([ 0.68786631,  1.07708226, -0.07293856,  0.62564445,  0.61961587,
        2.83640391,  0.34790119, -0.16948662,  0.5399633 , -0.86679355,
       -1.52729204,  0.34942516]), array([ 0.68951488,  1.07626453, -0.07024796,  0.62122613,  0.61203263,
        2.83810953,  0.3297142 , -0.16354522,  0.5381191 , -0.88366392,
       -1.51664776,  0.34112407]), array([ 0.69107321,  1.07547599, -0.0675661 ,  0.61673404,  0.60450934,
        2.83977394,  0.31166718, -0.15770735,  0.53637317, -0.89841877,
       -1.50465876,  0.33288146]), array([ 0.692542  ,  1.07471606, -0.06489263,  0.61217827,  0.59705247,
        2.84139746,  0.29375743, -0.15198587,  0.53469435, -0.91115383,
       -1.49137292,  0.32470339]), array([ 0.69392191,  1.0739841 , -0.06222736,  0.60756847,  0.5896683 ,
        2.84298044,  0.27598208, -0.1463936 ,  0.53305295, -0.92196119,
       -1.47683486,  0.31659548]), array([ 0.6952136 ,  1.07327938, -0.05957026,  0.60291382,  0.58236287,
        2.84452325,  0.25833802, -0.14094324,  0.53142083, -0.93092956,
       -1.46108608,  0.3085629 ]), array([ 0.69641771,  1.07260114, -0.0569214 ,  0.5982231 ,  0.57514204,
        2.8460263 ,  0.24082189, -0.13564725,  0.52977142, -0.93814439,
       -1.44416526,  0.30061041]), array([ 0.69753486,  1.07194855, -0.054281  ,  0.59350466,  0.5680115 ,
        2.84749001,  0.22342999, -0.13051785,  0.52807984, -0.94368807,
       -1.42610844,  0.29274241]), array([ 0.69856565,  1.07132072, -0.05164939,  0.58876646,  0.56097675,
        2.84891483,  0.20615831, -0.12556685,  0.52632284, -0.94764007,
       -1.40694925,  0.28496294]), array([ 0.69951066,  1.07071669, -0.04902699,  0.58401607,  0.55404316,
        2.85030121,  0.18900249, -0.1208057 ,  0.52447887, -0.95007705,
       -1.3867191 ,  0.2772757 ]), array([ 0.70037045,  1.07013546, -0.04641435,  0.57926071,  0.54721592,
        2.85164963,  0.1719578 , -0.11624536,  0.52252808, -0.95107301,
       -1.36544735,  0.26968407]), array([ 0.70114555,  1.06957598, -0.04381209,  0.57450721,  0.54050011,
        2.85296058,  0.15501914, -0.11189629,  0.5204523 , -0.95069935,
       -1.34316156,  0.26219114]), array([ 0.70183645,  1.06903714, -0.04122092,  0.56976208,  0.53390068,
        2.85423458,  0.13818105, -0.10776839,  0.51823504, -0.94902497,
       -1.31988757,  0.25479971]), array([ 0.70244364,  1.06851779, -0.03864161,  0.5650315 ,  0.52742243,
        2.85547214,  0.1214377 , -0.10387102,  0.51586148, -0.94611638,
       -1.29564976,  0.24751233]), array([ 0.70296756,  1.06801672, -0.03607502,  0.56032131,  0.52107007,
        2.8566738 ,  0.10478292, -0.10021289,  0.51331841, -0.94203772,
       -1.2704711 ,  0.24033129]), array([ 0.70340861,  1.06753271, -0.03352204,  0.55563706,  0.5148482 ,
        2.85784009,  0.08821021, -0.09680213,  0.51059425, -0.93685084,
       -1.24437337,  0.23325862]), array([ 0.70376717,  1.06706448, -0.03098365,  0.55098398,  0.50876132,
        2.85897157,  0.07171275, -0.09364618,  0.50767896, -0.93061538,
       -1.21737727,  0.22629614]), array([ 0.70400277,  1.06654145, -0.02860347,  0.54652571,  0.5026778 ,
        2.86004285,  0.04711889, -0.10460683,  0.47603523, -0.89165529,
       -1.21670367,  0.2142551 ])], 'U_history': [array([ 1.36440090e-03,  2.80552195e-05,  9.12736485e-05, -3.83029879e-04,
       -2.80068990e-04,  6.62841237e-20]), array([ 0.02534037,  0.06915794, -0.01561593, -0.00668889,  0.08224436,
        0.0049743 ]), array([ 0.04896321,  0.13625809, -0.02393324, -0.01253966,  0.14766213,
        0.00788157]), array([ 0.07215656,  0.20123313, -0.02638004, -0.01796602,  0.20026949,
        0.00962012]), array([ 0.09487157,  0.26405718, -0.02414997, -0.02299654,  0.24328193,
        0.01069266]), array([ 0.117081  ,  0.32475771, -0.01818196, -0.02766128,  0.27910732,
        0.01138217]), array([ 0.13877455,  0.38340388, -0.0092142 , -0.03199212,  0.3095506 ,
        0.01184906]), array([ 0.15995487,  0.44009706,  0.00217376, -0.03602177,  0.33596659,
        0.01218494]), array([ 0.18063399,  0.49496214,  0.01552747, -0.03978258,  0.3593735 ,
        0.01244264]), array([ 0.20083042,  0.54813955,  0.03049073, -0.04330549,  0.38053714,
        0.0126529 ]), array([ 0.22056708,  0.5997785 ,  0.04678416, -0.04661933,  0.40003369,
        0.01283376]), array([ 0.23986993,  0.6500321 ,  0.0641887 , -0.04975052,  0.41829669,
        0.01299594]), array([ 0.25876709,  0.69905392,  0.08253297, -0.05272295,  0.43565263,
        0.01314583]), array([ 0.27728824,  0.74699604,  0.10168362, -0.055558  ,  0.45234773,
        0.01328729]), array([ 0.29546418,  0.79400772,  0.1215379 , -0.05827468,  0.46856823,
        0.01342263]), array([ 0.31332636,  0.84023468,  0.14201781, -0.06088978,  0.48445562,
        0.01355326]), array([ 0.33090658,  0.88581851,  0.16306549, -0.06341808,  0.50011795,
        0.01368002]), array([ 0.34823661,  0.93089636,  0.18463938, -0.0658725 ,  0.5156384 ,
        0.01380341]), array([ 0.36534795,  0.97560058,  0.20671122, -0.06826432,  0.53108152,
        0.01392376]), array([ 0.38227151,  1.02005846,  0.22926344, -0.07060337,  0.54649794,
        0.01404125]), array([ 0.40117957,  1.06100717,  0.2499339 , -0.07364568,  0.5604308 ,
        0.01415603]), array([ 0.41795605,  1.10501732,  0.27324415, -0.07588663,  0.57592715,
        0.01424809]), array([ 0.43463659,  1.14912598,  0.29702617, -0.0781082 ,  0.59146953,
        0.01434714]), array([ 0.45124746,  1.19343835,  0.32128628, -0.08031319,  0.60708545,
        0.01444868]), array([ 0.46781347,  1.23805359,  0.34603389, -0.08250424,  0.62279698,
        0.01455035]), array([ 0.48435782,  1.28306464,  0.37128048, -0.08468373,  0.63862186,
        0.01465098]), array([ 0.50090204,  1.32855792,  0.39703861, -0.08685378,  0.6545742 ,
        0.01475003]), array([ 0.51746588,  1.37461316,  0.42332116, -0.08901616,  0.67066508,
        0.01484732]), array([ 0.53406718,  1.42130312,  0.45014062, -0.09117236,  0.68690293,
        0.01494284]), array([ 0.55072187,  1.46869346,  0.47750844, -0.09332354,  0.70329372,
        0.01503667]), array([ 0.56744383,  1.51684245,  0.50543455, -0.09547054,  0.71984123,
        0.01512895]), array([ 0.5842449 ,  1.56580088,  0.53392683, -0.09761394,  0.7365471 ,
        0.01521985]), array([ 0.6011348 ,  1.6156118 ,  0.56299073, -0.09975403,  0.75341091,
        0.01530952]), array([ 0.6181211 ,  1.66631041,  0.5926289 , -0.10189082,  0.77043027,
        0.01539815]), array([ 0.63520924,  1.71792395,  0.62284089, -0.10402408,  0.78760078,
        0.01548587]), array([ 0.65240245,  1.77047155,  0.65362287, -0.10615335,  0.8049161 ,
        0.01557286]), array([ 0.66970181,  1.82396413,  0.68496742, -0.10827793,  0.82236797,
        0.01565925]), array([ 0.68710624,  1.8784044 ,  0.71686334, -0.11039693,  0.83994619,
        0.01574516]), array([ 0.70461251,  1.93378681,  0.74929554, -0.11250923,  0.85763867,
        0.01583072]), array([ 0.72221528,  1.99009752,  0.78224491, -0.11461356,  0.87543145,
        0.01591602]), array([ 0.74698265,  2.04106023,  0.8113414 , -0.11893593,  0.89069607,
        0.01600114]), array([ 0.76491063,  2.09891864,  0.84515621, -0.12086671,  0.90882703,
        0.01603109]), array([ 0.78290177,  2.15762881,  0.87941719, -0.12282117,  0.92695384,
        0.01608989]), array([ 0.8009431 ,  2.21714364,  0.91408658, -0.12478885,  0.94506916,
        0.01616351]), array([ 0.81901969,  2.27740868,  0.94912336, -0.12676131,  0.96316071,
        0.01624451]), array([ 0.83711488,  2.33836223,  0.9844832 , -0.1287315 ,  0.98121211,
        0.01632897]), array([ 0.85521032,  2.39993559,  1.02011845, -0.13069344,  0.99920372,
        0.01641486]), array([ 0.87328615,  2.46205327,  1.05597812, -0.13264192,  1.01711319,
        0.01650112]), array([ 0.89132113,  2.52463332,  1.09200806, -0.1345723 ,  1.03491595,
        0.01658725]), array([ 0.90929277,  2.58758764,  1.12815105, -0.13648043,  1.0525856 ,
        0.01667297]), array([ 0.92717746,  2.6508224 ,  1.16434704, -0.13836252,  1.07009424,
        0.01675814]), array([ 0.94495064,  2.71423843,  1.20053332, -0.14021505,  1.08741278,
        0.01684267]), array([ 0.96258696,  2.77773172,  1.23664485, -0.14203477,  1.1045112 ,
        0.01692647]), array([ 0.9800604 ,  2.84119386,  1.27261448, -0.14381862,  1.12135875,
        0.01700947]), array([ 0.99734445,  2.90451259,  1.30837329, -0.14556375,  1.13792423,
        0.01709155]), array([ 1.01441226,  2.96757231,  1.3438509 , -0.14726744,  1.15417616,
        0.01717261]), array([ 1.0312368 ,  3.0302547 ,  1.37897581, -0.14892717,  1.170083  ,
        0.01725252]), array([ 1.04779104,  3.09243921,  1.41367574, -0.15054053,  1.18561333,
        0.01733112]), array([ 1.06404804,  3.15400375,  1.44787801, -0.15210528,  1.20073605,
        0.01740826]), array([ 1.07998117,  3.2148252 ,  1.48150985, -0.15361932,  1.21542054,
        0.01748378]), array([ 1.47962937,  3.20899009,  1.46828152, -0.26659449,  1.22053998,
        0.01755749]), array([ 1.49506539,  3.2660499 ,  1.50009786, -0.25786917,  1.23435908,
        0.01523491]), array([ 1.50963125,  3.32211024,  1.53116947, -0.25107442,  1.24751699,
        0.01424166]), array([ 1.52335284,  3.37704642,  1.56141958, -0.24576341,  1.26003758,
        0.0139274 ]), array([ 1.5362467 ,  3.43073748,  1.59077714, -0.24159539,  1.2719301 ,
        0.0139463 ]), array([ 1.54832273,  3.48306632,  1.61917583, -0.23830737,  1.28319444,
        0.01411701]), array([ 1.55958616,  3.53391991,  1.64655345, -0.23569461,  1.29382463,
        0.01434648]), array([ 1.5700391 ,  3.58318957,  1.67285163, -0.2335968 ,  1.30381126,
        0.0145887 ]), array([ 1.57968172,  3.63077123,  1.69801564, -0.23188793,  1.31314315,
        0.01482232]), array([ 1.58851315,  3.67656573,  1.72199434, -0.23046873,  1.32180847,
        0.01503868]), array([ 1.59653224,  3.72047917,  1.7447402 , -0.22926099,  1.32979561,
        0.01523544]), array([ 1.60373805,  3.76242315,  1.76620937, -0.22820307,  1.33709373,
        0.01541319]), array([ 1.61013036,  3.8023151 ,  1.78636177, -0.2272465 ,  1.34369319,
        0.01557372]), array([ 1.61570994,  3.84007857,  1.8051612 , -0.22635329,  1.34958583,
        0.01571915]), array([ 1.62047883,  3.87564345,  1.82257546, -0.22549379,  1.35476518,
        0.01585155]), array([ 1.6244405 ,  3.90894622,  1.83857643, -0.22464503,  1.35922661,
        0.01597275]), array([ 1.62760001,  3.93993013,  1.85314014, -0.22378935,  1.36296743,
        0.01608426]), array([ 1.62996404,  3.96854538,  1.86624691, -0.22291338,  1.36598689,
        0.01618735]), array([ 1.63154098,  3.99474926,  1.87788133, -0.22200715,  1.36828628,
        0.01628299]), array([ 1.63234091,  4.0185062 ,  1.88803236, -0.22106348,  1.3698689 ,
        0.01637199]), array([ 1.13290964,  4.18492735,  1.99806394, -0.07057631,  1.41031547,
        0.01645492]), array([ 1.13725922,  4.2046575 ,  2.00414219, -0.08458229,  1.40682265,
        0.01993634]), array([ 1.14138584,  4.22146685,  2.00851563, -0.09571531,  1.40347357,
        0.02148732]), array([ 1.14522634,  4.23539001,  2.01124342, -0.10460477,  1.40004612,
        0.02204842]), array([ 1.14873347,  4.24646124,  2.01237343, -0.11172945,  1.39638349,
        0.02211972]), array([ 1.15187251,  4.25471623,  2.01194664, -0.1174583 ,  1.39237663,
        0.02196349]), array([ 1.15461867,  4.26019329,  2.01000022, -0.12207833,  1.38795157,
        0.02171429]), array([ 1.15695515,  4.2629343 ,  2.00656976, -0.12581438,  1.38306041,
        0.02143877]), array([ 1.15887161,  4.26298528,  2.00169081, -0.12884351,  1.37767465,
        0.02116791]), array([ 1.16036294,  4.26039687,  1.99539999, -0.13130572,  1.37178035,
        0.02091431]), array([ 1.16142829,  4.25522444,  1.98773561, -0.13331199,  1.36537457,
        0.0206815 ]), array([ 1.16207032,  4.24752824,  1.9787382 , -0.13495053,  1.35846265,
        0.02046875]), array([ 1.16229454,  4.23737335,  1.9684507 , -0.13629157,  1.3510563 ,
        0.0202736 ]), array([ 1.16210881,  4.22482955,  1.95691856, -0.13739114,  1.34317201,
        0.02009307]), array([ 1.16152291,  4.20997113,  1.94418977, -0.13829401,  1.33483001,
        0.01992431]), array([ 1.16054819,  4.19287667,  1.9303147 , -0.13903603,  1.32605331,
        0.01976478]), array([ 1.15919729,  4.17362874,  1.91534602, -0.13964591,  1.31686711,
        0.01961237]), array([ 1.1574839 ,  4.1523136 ,  1.89933846, -0.14014677,  1.30729819,
        0.01946539]), array([ 1.15542254,  4.12902082,  1.88234864, -0.14055718,  1.29737456,
        0.01932252]), array([ 1.15302838,  4.103843  ,  1.86443477, -0.14089216,  1.28712507,
        0.01918273]), array([ 1.15031715,  4.0768753 ,  1.84565645, -0.14116386,  1.27657914,
        0.01904528]), array([ 1.14730492,  4.04821517,  1.82607439, -0.14138216,  1.26576657,
        0.01890963]), array([ 1.14400809,  4.01796187,  1.80575015, -0.14155509,  1.25471728,
        0.01877543]), array([ 1.14044322,  3.98621616,  1.78474588, -0.14168925,  1.24346116,
        0.01864245]), array([ 1.13662699,  3.95307989,  1.76312408, -0.14179005,  1.23202793,
        0.01851058]), array([ 1.1325761 ,  3.91865564,  1.74094731, -0.14186197,  1.22044702,
        0.01837979]), array([ 1.12830722,  3.88304633,  1.71827801, -0.14190873,  1.2087474 ,
        0.01825012]), array([ 1.12383695,  3.8463549 ,  1.69517822, -0.14193344,  1.19695754,
        0.01812165]), array([ 1.11918172,  3.80868394,  1.67170937, -0.14193871,  1.18510529,
        0.01799452]), array([ 1.11435778,  3.77013537,  1.64793209, -0.14192678,  1.17321775,
        0.01786888]), array([ 1.10938116,  3.73081014,  1.62390598, -0.14189952,  1.16132129,
        0.0177449 ]), array([ 1.10426762,  3.69080789,  1.59968947, -0.14185857,  1.1494414 ,
        0.01762277]), array([ 1.09903262,  3.65022671,  1.57533961, -0.14180535,  1.13760266,
        0.01750267]), array([ 1.09369131,  3.60916287,  1.55091195, -0.14174109,  1.12582871,
        0.0173848 ]), array([ 1.08825845,  3.56771054,  1.52646037, -0.14166687,  1.11414218,
        0.01726934]), array([ 1.08274846,  3.52596161,  1.50203695, -0.14158366,  1.10256466,
        0.0171565 ]), array([ 1.07717535,  3.48400546,  1.47769189, -0.14149233,  1.09111668,
        0.01704644]), array([ 1.07155271,  3.44192876,  1.4534734 , -0.14139366,  1.07981765,
        0.01693935]), array([ 1.0658937 ,  3.39981533,  1.42942758, -0.14128835,  1.0686859 ,
        0.01683538]), array([ 1.06021104,  3.35774598,  1.4055984 , -0.14117705,  1.05773863,
        0.01673468]), array([ 1.054517  ,  3.31579837,  1.3820276 , -0.14106036,  1.04699191,
        0.01663741]), array([ 1.04882337,  3.2740469 ,  1.35875467, -0.14093882,  1.03646068,
        0.01654368]), array([ 1.04314148,  3.23256266,  1.33581682, -0.14081296,  1.02615877,
        0.01645361]), array([ 1.03748218,  3.19141331,  1.31324894, -0.14068325,  1.01609887,
        0.01636731]), array([ 1.03185583,  3.15066303,  1.29108359, -0.14055015,  1.00629259,
        0.01628486]), array([ 1.02627232,  3.11037249,  1.26935102, -0.14041408,  0.99675044,
        0.01620635]), array([ 1.02074104,  3.07059886,  1.24807918, -0.14027545,  0.98748187,
        0.01613183]), array([ 1.0152709 ,  3.03139572,  1.22729373, -0.14013465,  0.97849529,
        0.01606137]), array([ 1.00987032,  2.99281317,  1.20701805, -0.13999205,  0.96979809,
        0.01599499]), array([ 1.00454726,  2.95489777,  1.18727332, -0.139848  ,  0.96139669,
        0.01593274]), array([ 0.99930917,  2.9176926 ,  1.16807855, -0.13970284,  0.95329654,
        0.01587463]), array([ 0.99416304,  2.88123731,  1.14945059, -0.1395569 ,  0.94550218,
        0.01582065]), array([ 0.98911542,  2.84556817,  1.13140425, -0.1394105 ,  0.93801724,
        0.01577082]), array([ 0.98417235,  2.81071817,  1.11395233, -0.13926393,  0.93084454,
        0.01572511]), array([ 0.97933945,  2.776717  ,  1.09710568, -0.13911749,  0.92398607,
        0.01568351]), array([ 0.9746219 ,  2.74359126,  1.08087329, -0.13897147,  0.91744304,
        0.01564597]), array([ 0.97002442,  2.71136445,  1.06526235, -0.13882613,  0.91121593,
        0.01561246]), array([ 0.96555132,  2.68005709,  1.05027833, -0.13868174,  0.90530454,
        0.01558293]), array([ 0.9612065 ,  2.64968687,  1.03592506, -0.13853854,  0.89970799,
        0.01555733]), array([ 0.95699344,  2.62026868,  1.02220482, -0.13839679,  0.89442481,
        0.01553559]), array([ 60.,  60.,  30., -10.,  10.,  10.]), array([ 26.3639199 , -60.        , -13.6634196 ,  10.        ,
         8.31089442, -10.        ]), array([ 11.08634073, -60.        ,   8.76671716, -10.        ,
         0.7866281 , -10.        ]), array([ 4.85692663, 60.        ,  9.04822818, 10.        ,  4.57850612,
       10.        ]), array([  4.56703357,  60.        ,  -6.17507829, -10.        ,
        -2.32721833, -10.        ]), array([ 3.53785443, 60.        , -1.91154158, 10.        , -0.21862983,
       10.        ]), array([  4.38678932, -60.        , -11.32224013,  10.        ,
        -4.89646091,  10.        ]), array([ 3.20749022, 48.        , 10.00820851, -8.        ,  5.20692782,
        8.        ]), array([  0.98094453, -12.        ,  -2.04440265,   2.        ,
        -0.87538088,   2.        ]), array([0., 0., 0., 0., 0., 0.]), array([  6.94711339,  60.        ,   0.21171371,  10.        ,
         0.08156452, -10.        ]), array([  3.19243984,  60.        ,  -4.86852506,  10.        ,
        -2.22381876, -10.        ]), array([  2.13150982, -60.        ,  -9.66364199,  10.        ,
        -4.30476754, -10.        ]), array([  1.86667229,  60.        ,  17.0099994 , -10.        ,
         7.83750112,  10.        ]), array([  2.75780505, -60.        ,  -8.54639534, -10.        ,
        -3.91124423, -10.        ]), array([  2.74896671,  60.        ,  16.52720697, -10.        ,
         7.65068225,  10.        ]), array([  3.52132344, -60.        ,   0.57929866,  10.        ,
         0.13281583,  10.        ]), array([  6.16896962, -60.        ,   1.96947739,  10.        ,
         1.61055865,  10.        ]), array([  8.62857949, -60.        ,  17.61929555,  10.        ,
         8.51416587, -10.        ]), array([  5.50115129, -60.        ,  11.40246113,  10.        ,
         4.38588749,  10.        ]), array([ 24.        , -24.        , -10.9321898 ,   4.        ,
        -2.59168224,   4.        ]), array([ 0., -0.,  0.,  0.,  0.,  0.]), array([ 15.10422014,  60.        ,  12.54549023, -10.        ,
         6.16468807, -10.        ]), array([  7.83534041,  60.        ,  -7.83172896,  10.        ,
        -3.64926321, -10.        ]), array([  3.67265753, -60.        ,  -2.49451269, -10.        ,
         1.06918582,  10.        ]), array([ 7.28733309, 60.        ,  6.64305787, 10.        ,  1.84895148,
       10.        ]), array([ 6.1662655 , 36.        , -0.54204367,  6.        , -0.38035911,
       -6.        ]), array([  3.06432447, -60.        ,  -0.19206722, -10.        ,
         1.87153104, -10.        ]), array([  3.25553983, -60.        ,   2.88107283,  10.        ,
        -0.25805987,  10.        ]), array([ 2.19942273, 36.        , 11.74309729,  6.        ,  5.55345151,
       -6.        ]), array([  0.40721224,  60.        ,  -5.66187798, -10.        ,
        -2.85657412,  10.        ]), array([ 3.25355863, 24.        ,  0.24002288, -4.        , -0.03023791,
        4.        ]), array([ 10.17635028, -60.        , -12.0112711 ,  10.        ,
        -5.90380796, -10.        ]), array([  0.69940512, -60.        ,  17.7448931 ,  10.        ,
         8.27855111,  10.        ]), array([  2.7568329 , -24.        ,   7.14219961,   4.        ,
         3.43499557,   4.        ]), array([ 0., -0.,  0., -0.,  0.,  0.]), array([ 11.46775457,  60.        ,  21.26034038, -10.        ,
         8.96907612, -10.        ]), array([ 15.7518135 ,  60.        ,  -8.35463821,  10.        ,
        -4.82487139, -10.        ]), array([ 12.54129936,  60.        ,   0.82063285, -10.        ,
         0.43281954,  10.        ]), array([ 21.97567036, -60.        ,   4.81039309,  10.        ,
         1.83893633, -10.        ]), array([  2.29012232, -12.        ,   6.        ,   2.        ,
        -0.04924829,   2.        ]), array([ 0.,  0.,  0.,  0.,  0., -0.]), array([ 9.28280901, 12.        ,  0.95617547,  2.        , -0.25767484,
        2.        ]), array([  8.47544132, -12.        ,   1.33639145,   2.        ,
        -0.29366183,   2.        ]), array([ 12.        , -12.        ,   2.93526664,   2.        ,
        -0.08052449,  -2.        ]), array([ 0.,  0.,  0.,  0.,  0., -0.]), array([12., 12., -6.,  2., -2.,  2.]), array([-6.37865197e+00, -9.96464616e-02, -1.49747833e-01,  2.23348001e+00,
        6.61477098e-01, -2.18367010e-15]), array([-4.19059569e+00,  3.20143639e-01,  1.10243823e-01,  1.39179522e+00,
        4.47617118e-01, -1.41661281e-15]), array([-1.93356256e+00,  2.07933399e+00,  1.30420453e+00,  3.31527964e-01,
        8.30120732e-01, -7.54713558e-16]), array([-5.51407527e-01,  2.12225116e+00,  1.31112311e+00, -1.71559211e-01,
        5.51545311e-01,  1.40937584e-17]), array([ 5.54997427e-01,  2.19334025e+00,  1.34294608e+00, -5.76959255e-01,
        3.35611618e-01,  3.08988382e-16]), array([ 1.43196664e+00,  2.27766384e+00,  1.38871883e+00, -9.00177929e-01,
        1.70441456e-01,  1.32536538e-16]), array([ 2.11894853e+00,  2.36534096e+00,  1.44099064e+00, -1.15458778e+00,
        4.64943509e-02,  4.59422736e-16]), array([ 2.64938648e+00,  2.45017677e+00,  1.49487493e+00, -1.35169700e+00,
       -4.39666396e-02,  1.05365211e-15]), array([ 3.05149286e+00,  2.52861545e+00,  1.54733517e+00, -1.50137548e+00,
       -1.07262352e-01,  1.70927306e-15]), array([ 3.34894706e+00,  2.59894676e+00,  1.59664557e+00, -1.61205107e+00,
       -1.48583447e-01,  8.67611276e-16]), array([ 3.56152322e+00,  2.66071063e+00,  1.64198714e+00, -1.69088392e+00,
       -1.72205847e-01,  5.94895207e-16]), array([ 3.70565167e+00,  2.71425612e+00,  1.68314807e+00, -1.74392322e+00,
       -1.81656723e-01, -3.51865261e-16]), array([ 3.79491743e+00,  2.76041969e+00,  1.72030417e+00, -1.77624905e+00,
       -1.79845248e-01,  1.17726321e-15]), array([ 3.84049911e+00,  2.80029509e+00,  1.75386055e+00, -1.79210064e+00,
       -1.69167682e-01,  4.52275048e-16]), array([ 3.85155232e+00,  2.83507280e+00,  1.78433956e+00, -1.79499205e+00,
       -1.51593263e-01,  2.98694156e-16]), array([ 3.83554172e+00,  2.86593199e+00,  1.81230363e+00, -1.78781579e+00,
       -1.28735324e-01,  7.36002334e-16]), array([ 3.79852637e+00,  2.89397117e+00,  1.83830390e+00, -1.77293509e+00,
       -1.01910697e-01,  7.21565731e-16]), array([ 3.74540322e+00,  2.92016731e+00,  1.86284793e+00, -1.75226545e+00,
       -7.21896128e-02,  2.48639254e-16]), array([ 3.68011317e+00,  2.94535520e+00,  1.88638105e+00, -1.72734612e+00,
       -4.04377118e-02,  1.10062884e-15]), array([ 3.60581461e+00,  2.97022092e+00,  1.90927753e+00, -1.69940237e+00,
       -7.35142402e-03,  1.05019874e-15]), array([ 3.52502827e+00,  2.99530498e+00,  1.93183837e+00, -1.66939922e+00,
        2.65122820e-02,  9.21870391e-16]), array([ 3.43975776e+00,  3.02101145e+00,  1.95429363e+00, -1.63808760e+00,
        6.07109552e-02,  3.52850389e-16]), array([ 3.35158900e+00,  3.04762080e+00,  1.97680756e+00, -1.60604362e+00,
        9.48958219e-02,  1.18692668e-15]), array([ 3.26177196e+00,  3.07530457e+00,  1.99948537e+00, -1.57370178e+00,
        1.28794447e-01,  4.32416206e-16]), array([ 3.17128740e+00,  3.10414056e+00,  2.02238075e+00, -1.54138292e+00,
        1.62196377e-01,  5.69034068e-17]), array([ 3.08090114e+00,  3.13412790e+00,  2.04550372e+00, -1.50931751e+00,
        1.94941299e-01,  9.01247395e-16]), array([ 2.99120786e+00,  3.16520117e+00,  2.06882808e+00, -1.47766492e+00,
        2.26909338e-01,  2.43360040e-16]), array([ 2.90266635e+00,  3.19724353e+00,  2.09229860e+00, -1.44652934e+00,
        2.58013128e-01,  2.38878371e-16]), array([ 2.81562774e+00,  3.23009843e+00,  2.11583751e+00, -1.41597276e+00,
        2.88191374e-01,  3.90883663e-16]), array([ 2.73035786e+00,  3.26358006e+00,  2.13935033e+00, -1.38602545e+00,
        3.17403647e-01,  4.91975258e-16]), array([ 2.64705505e+00,  3.29748236e+00,  2.16273104e+00, -1.35669441e+00,
        3.45626190e-01,  5.18010793e-16]), array([ 2.56586407e+00,  3.33158680e+00,  2.18586650e+00, -1.32797013e+00,
        3.72848560e-01,  9.93236475e-16]), array([ 2.48688708e+00,  3.36566896e+00,  2.20864027e+00, -1.29983182e+00,
        3.99070939e-01,  4.42332551e-16]), array([ 2.41019214e+00,  3.39950392e+00,  2.23093578e+00, -1.27225157e+00,
        4.24301999e-01,  6.59075984e-16]), array([ 2.33581986e+00,  3.43287082e+00,  2.25263896e+00, -1.24519746e+00,
        4.48557199e-01, -5.39109190e-17]), array([ 2.26378847,  3.46555638,  2.27364035, -1.21863595,  0.47185743,
        0.        ]), array([ 2.19409780e+00,  3.49735775e+00,  2.29383678e+00, -1.19253357e+00,
        4.94227965e-01,  4.82541982e-16]), array([ 2.12673227e+00,  3.52808470e+00,  2.31313269e+00, -1.16685821e+00,
        5.15697562e-01, -1.76317600e-17]), array([ 2.06166332e+00,  3.55756115e+00,  2.33144100e+00, -1.14157990e+00,
        5.36297817e-01,  1.84314589e-16]), array([ 1.99885114e+00,  3.58562634e+00,  2.34868385e+00, -1.11667132e+00,
        5.56062597e-01, -6.77090105e-16]), array([ 1.93824617e+00,  3.61213543e+00,  2.36479292e+00, -1.09210814e+00,
        5.75027591e-01, -2.40054524e-16]), array([ 1.87979021e+00,  3.63695993e+00,  2.37970970e+00, -1.06786906e+00,
        5.93229936e-01,  4.48483824e-16]), array([ 1.82341739e+00,  3.65998767e+00,  2.39338545e+00, -1.04393582e+00,
        6.10707910e-01,  1.71938566e-16]), array([ 1.76905494e+00,  3.68112268e+00,  2.40578110e+00, -1.02029304e+00,
        6.27500660e-01,  4.47848116e-16]), array([ 1.71662390e+00,  3.70028478e+00,  2.41686701e+00, -9.96928038e-01,
        6.43647974e-01,  2.46350911e-16]), array([ 1.66603974e+00,  3.71740907e+00,  2.42662262e+00, -9.73830605e-01,
        6.59190073e-01,  8.76320668e-16]), array([ 1.61721296e+00,  3.73244530e+00,  2.43503604e+00, -9.50992740e-01,
        6.74167429e-01,  6.30325637e-16]), array([ 1.57004962e+00,  3.74535714e+00,  2.44210362e+00, -9.28408381e-01,
        6.88620596e-01,  6.44774244e-16]), array([ 1.52445192e+00,  3.75612138e+00,  2.44782938e+00, -9.06073145e-01,
        7.02590056e-01,  4.46856904e-16]), array([ 1.48031871e+00,  3.76472708e+00,  2.45222455e+00, -8.83984069e-01,
        7.16116078e-01,  4.39630109e-16]), array([ 1.43754605e+00,  3.77117474e+00,  2.45530696e+00, -8.62139368e-01,
        7.29238585e-01,  4.13453540e-16]), array([ 1.39602771e+00,  3.77547543e+00,  2.45710053e+00, -8.40538214e-01,
        7.41997032e-01,  3.76634770e-16]), array([ 1.35565572e+00,  3.77764987e+00,  2.45763469e+00, -8.19180527e-01,
        7.54430299e-01,  4.02000207e-16]), array([ 1.31632090e+00,  3.77772761e+00,  2.45694384e+00, -7.98066792e-01,
        7.66576582e-01,  1.49201632e-16]), array([ 1.27791334e+00,  3.77574615e+00,  2.45506683e+00, -7.77197894e-01,
        7.78473305e-01,  6.11543669e-16]), array([ 1.24032296e+00,  3.77175014e+00,  2.45204641e+00, -7.56574971e-01,
        7.90157032e-01,  6.28470764e-16]), array([ 1.20343993e+00,  3.76579057e+00,  2.44792873e+00, -7.36199292e-01,
        8.01663398e-01,  2.26203739e-16]), array([ 1.16715523e+00,  3.75792399e+00,  2.44276290e+00, -7.16072141e-01,
        8.13027040e-01,  3.97173208e-16]), array([ 1.13136102e+00,  3.74821181e+00,  2.43660048e+00, -6.96194726e-01,
        8.24281546e-01,  4.40817533e-16]), array([ 1.09595117e+00,  3.73671958e+00,  2.42949507e+00, -6.76568097e-01,
        8.35459404e-01,  4.19481454e-16]), array([ 1.06082157e+00,  3.72351634e+00,  2.42150190e+00, -6.57193080e-01,
        8.46591972e-01, -1.22849757e-16]), array([0., 0., 0., 0., 0., 0.])], 'ball_pos_history': [array([ 2.73515409, -8.01574937,  1.40813063]), array([ 2.7163067 , -7.97488648,  1.40851996]), array([ 2.6974593 , -7.93402359,  1.40866404]), array([ 2.67861191, -7.8931607 ,  1.40856287]), array([ 2.65976452, -7.85229781,  1.40821644]), array([ 2.64091712, -7.81143492,  1.40762477]), array([ 2.62206973, -7.77057203,  1.40678785]), array([ 2.60322233, -7.72970914,  1.40570568]), array([ 2.58437494, -7.68884625,  1.40437826]), array([ 2.56552755, -7.64798336,  1.40280558]), array([ 2.54668015, -7.60712047,  1.40098766]), array([ 2.52783276, -7.56625758,  1.39892449]), array([ 2.50898536, -7.52539469,  1.39661607]), array([ 2.49013797, -7.4845318 ,  1.39406239]), array([ 2.47129058, -7.44366891,  1.39126347]), array([ 2.45244318, -7.40280602,  1.3882193 ]), array([ 2.43359579, -7.36194313,  1.38492988]), array([ 2.4147484 , -7.32108024,  1.38139521]), array([ 2.395901  , -7.28021735,  1.37761528]), array([ 2.37705361, -7.23935446,  1.37359011]), array([ 2.35820621, -7.19849157,  1.36931969]), array([ 2.33935882, -7.15762869,  1.36480402]), array([ 2.32051143, -7.1167658 ,  1.3600431 ]), array([ 2.30166403, -7.07590291,  1.35503692]), array([ 2.28281664, -7.03504002,  1.3497855 ]), array([ 2.26396924, -6.99417713,  1.34428883]), array([ 2.24512185, -6.95331424,  1.33854691]), array([ 2.22627446, -6.91245135,  1.33255973]), array([ 2.20742706, -6.87158846,  1.32632731]), array([ 2.18857967, -6.83072557,  1.31984964]), array([ 2.16973228, -6.78986268,  1.31312672]), array([ 2.15088488, -6.74899979,  1.30615855]), array([ 2.13203749, -6.7081369 ,  1.29894512]), array([ 2.11319009, -6.66727401,  1.29148645]), array([ 2.0943427 , -6.62641112,  1.28378253]), array([ 2.07549531, -6.58554823,  1.27583336]), array([ 2.05664791, -6.54468534,  1.26763894]), array([ 2.03780052, -6.50382245,  1.25919926]), array([ 2.01895312, -6.46295956,  1.25051434]), array([ 2.00010573, -6.42209667,  1.24158417]), array([ 1.98125834, -6.38123378,  1.23240875]), array([ 1.96241094, -6.34037089,  1.22298808]), array([ 1.94356355, -6.299508  ,  1.21332215]), array([ 1.92471616, -6.25864511,  1.20341098]), array([ 1.90586876, -6.21778222,  1.19325456]), array([ 1.88702137, -6.17691934,  1.18285289]), array([ 1.86817397, -6.13605645,  1.17220596]), array([ 1.84932658, -6.09519356,  1.16131379]), array([ 1.83047919, -6.05433067,  1.15017637]), array([ 1.81163179, -6.01346778,  1.1387937 ]), array([ 1.7927844 , -5.97260489,  1.12716578]), array([ 1.773937 , -5.931742 ,  1.1152926]), array([ 1.75508961, -5.89087911,  1.10317418]), array([ 1.73624222, -5.85001622,  1.09081051]), array([ 1.71739482, -5.80915333,  1.07820159]), array([ 1.69854743, -5.76829044,  1.06534742]), array([ 1.67970004, -5.72742755,  1.05224799]), array([ 1.66085264, -5.68656466,  1.03890332]), array([ 1.64200525, -5.64570177,  1.0253134 ]), array([ 1.62315785, -5.60483888,  1.01147823]), array([ 1.60431046, -5.56397599,  0.9973978 ]), array([ 1.58546307, -5.5231131 ,  0.98307213]), array([ 1.56661567, -5.48225021,  0.96850121]), array([ 1.54776828, -5.44138732,  0.95368504]), array([ 1.52892088, -5.40052443,  0.93862362]), array([ 1.51007349, -5.35966154,  0.92331694]), array([ 1.4912261 , -5.31879865,  0.90776502]), array([ 1.4723787 , -5.27793576,  0.89196785]), array([ 1.45353131, -5.23707287,  0.87592543]), array([ 1.43468392, -5.19620999,  0.85963776]), array([ 1.41583652, -5.1553471 ,  0.84310483]), array([ 1.39698913, -5.11448421,  0.82632666]), array([ 1.37814173, -5.07362132,  0.80930324]), array([ 1.35929434, -5.03275843,  0.79203457]), array([ 1.34044695, -4.99189554,  0.77452064]), array([ 1.32159955, -4.95103265,  0.75676147]), array([ 1.30275216, -4.91016976,  0.73875705]), array([ 1.28390476, -4.86930687,  0.72050738]), array([ 1.26505737, -4.82844398,  0.70201246]), array([ 1.24620998, -4.78758109,  0.68327228]), array([ 1.22736258, -4.7467182 ,  0.66428686]), array([ 1.20851519, -4.70585531,  0.64505619]), array([ 1.1896678 , -4.66499242,  0.62558027]), array([ 1.1708204 , -4.62412953,  0.6058591 ]), array([ 1.15197301, -4.58326664,  0.58589267]), array([ 1.13312561, -4.54240375,  0.565681  ]), array([ 1.11427822, -4.50154086,  0.54522408]), array([ 1.09543083, -4.46067797,  0.52452191]), array([ 1.07658343, -4.41981508,  0.50357448]), array([ 1.05773604, -4.37895219,  0.48238181]), array([ 1.03888864, -4.3380893 ,  0.46094389]), array([ 1.02004125, -4.29722641,  0.43926072]), array([ 1.00119386, -4.25636352,  0.4173323 ]), array([ 0.98234646, -4.21550064,  0.39515862]), array([ 0.96349907, -4.17463775,  0.3727397 ]), array([ 0.94465168, -4.13377486,  0.35007553]), array([ 0.92580428, -4.09291197,  0.32716611]), array([ 0.90695689, -4.05204908,  0.30401144]), array([ 0.88810949, -4.01118619,  0.28061151]), array([ 0.8692621 , -3.9703233 ,  0.25696634]), array([ 0.85041471, -3.92946041,  0.23307592]), array([ 0.83156731, -3.88859752,  0.20894025]), array([ 0.81271992, -3.84773463,  0.18455932]), array([ 0.79387252, -3.80687174,  0.15993315]), array([ 0.77502513, -3.76600885,  0.13506173]), array([ 0.75617774, -3.72514596,  0.10994506]), array([ 0.73733034, -3.68428307,  0.08458314]), array([ 0.71848295, -3.64342018,  0.05897596]), array([ 0.69963556, -3.60255729,  0.03312354]), array([ 0.68078816, -3.5616944 ,  0.033     ]), array([ 0.66288314, -3.52287466,  0.052328  ]), array([ 0.64497811, -3.48405491,  0.07141076]), array([ 0.62707309, -3.44523517,  0.09024826]), array([ 0.60916807, -3.40641542,  0.10884052]), array([ 0.59126304, -3.36759568,  0.12718752]), array([ 0.57335802, -3.32877593,  0.14528927]), array([ 0.55545299, -3.28995619,  0.16314578]), array([ 0.53754797, -3.25113644,  0.18075703]), array([ 0.51964294, -3.2123167 ,  0.19812304]), array([ 0.50173792, -3.17349695,  0.21524379]), array([ 0.4838329 , -3.13467721,  0.2321193 ]), array([ 0.46592787, -3.09585746,  0.24874955]), array([ 0.44802285, -3.05703772,  0.26513455]), array([ 0.43011782, -3.01821797,  0.28127431]), array([ 0.4122128 , -2.97939823,  0.29716881]), array([ 0.39430778, -2.94057848,  0.31281807]), array([ 0.37640275, -2.90175873,  0.32822207]), array([ 0.35849773, -2.86293899,  0.34338082]), array([ 0.3405927 , -2.82411924,  0.35829433]), array([ 0.32268768, -2.7852995 ,  0.37296258]), array([ 0.30478265, -2.74647975,  0.38738559]), array([ 0.28687763, -2.70766001,  0.40156334]), array([ 0.26897261, -2.66884026,  0.41549584]), array([ 0.25106758, -2.63002052,  0.4291831 ]), array([ 0.23316256, -2.59120077,  0.4426251 ]), array([ 0.21525753, -2.55238103,  0.45582186]), array([ 0.19735251, -2.51356128,  0.46877336]), array([ 0.17944749, -2.47474154,  0.48147961]), array([ 0.16154246, -2.43592179,  0.49394062]), array([ 0.14363744, -2.39710205,  0.50615637]), array([ 0.12573241, -2.3582823 ,  0.51812688]), array([ 0.10782739, -2.31946256,  0.52985213]), array([ 0.08992236, -2.28064281,  0.54133214]), array([ 0.07201734, -2.24182307,  0.55256689]), array([ 0.05411232, -2.20300332,  0.56355639]), array([ 0.03620729, -2.16418358,  0.57430065]), array([ 0.01830227, -2.12536383,  0.58479965]), array([ 3.97244155e-04, -2.08654409e+00,  5.95053406e-01]), array([-0.01750778, -2.04772434,  0.60506191]), array([-0.0354128 , -2.0089046 ,  0.61482516]), array([-0.05331783, -1.97008485,  0.62434317]), array([-0.07122285, -1.93126511,  0.63361592]), array([-0.08912788, -1.89244536,  0.64264343]), array([-0.1070329 , -1.85362562,  0.65142568]), array([-0.12493792, -1.81480587,  0.65996268]), array([-0.14284295, -1.77598613,  0.66825444]), array([-0.16074797, -1.73716638,  0.67630094]), array([-0.178653  , -1.69834664,  0.6841022 ]), array([-0.19655802, -1.65952689,  0.6916582 ]), array([-0.21446305, -1.62070715,  0.69896896]), array([-0.23236807, -1.5818874 ,  0.70603446]), array([-0.25027309, -1.54306766,  0.71285471]), array([-0.26817812, -1.50424791,  0.71942972]), array([-0.28608314, -1.46542817,  0.72575947]), array([-0.30398817, -1.42660842,  0.73184398]), array([-0.32189319, -1.38778868,  0.73768323]), array([-0.33979821, -1.34896893,  0.74327723]), array([-0.35770324, -1.31014919,  0.74862599]), array([-0.37560826, -1.27132944,  0.75372949]), array([-0.39351329, -1.2325097 ,  0.75858775]), array([-0.41141831, -1.19368995,  0.76320075]), array([-0.42932334, -1.15487021,  0.7675685 ]), array([-0.44722836, -1.11605046,  0.77169101]), array([-0.46513338, -1.07723071,  0.77556826]), array([-0.48303841, -1.03841097,  0.77920027]), array([-0.50094343, -0.99959122,  0.78258702]), array([-0.51884846, -0.96077148,  0.78572853]), array([-0.53675348, -0.92195173,  0.78862478]), array([-0.5546585 , -0.88313199,  0.79127578]), array([-0.57256353, -0.84431224,  0.79368154]), array([-0.59046855, -0.8054925 ,  0.79584204]), array([-0.60837358, -0.76667275,  0.7977573 ]), array([-0.6262786 , -0.72785301,  0.7994273 ]), array([-0.64418363, -0.68903326,  0.80085205]), array([-0.66208865, -0.65021352,  0.80203156]), array([-0.67999367, -0.61139377,  0.80296581]), array([-0.6978987 , -0.57257403,  0.80365482]), array([-0.71580372, -0.53375428,  0.80409857]), array([-0.73371542, -0.49498393,  0.80430647]), array([-0.74415389, -0.5330265 ,  0.81137989]), array([-0.75459236, -0.57106906,  0.81820806]), array([-0.76503083, -0.60911163,  0.82479098]), array([-0.7754693 , -0.6471542 ,  0.83112866]), array([-0.78590777, -0.68519676,  0.83722108]), array([-0.79634625, -0.72323933,  0.84306825]), array([-0.80678472, -0.76128189,  0.84867018]), array([-0.81722319, -0.79932446,  0.85402685]), array([-0.82766166, -0.83736703,  0.85913827]), array([-0.83810013, -0.87540959,  0.86400444]), array([-0.8485386 , -0.91345216,  0.86862537]), array([-0.85897707, -0.95149473,  0.87300104]), array([-0.86941554, -0.98953729,  0.87713146]), array([-0.87985401, -1.02757986,  0.88101663]), array([-0.89029248, -1.06562243,  0.88465656]), array([-0.90073095, -1.10366499,  0.88805123]), array([-0.91116943, -1.14170756,  0.89120065]), array([-0.9216079 , -1.17975012,  0.89410483]), array([-0.93204637, -1.21779269,  0.89676375]), array([-0.94248484, -1.25583526,  0.89917742]), array([-0.95292331, -1.29387782,  0.90134584]), array([-0.96336178, -1.33192039,  0.90326902]), array([-0.97380025, -1.36996296,  0.90494694]), array([-0.98423872, -1.40800552,  0.90637961]), array([-0.99467719, -1.44604809,  0.90756704]), array([-1.00511566, -1.48409066,  0.90850921]), array([-1.01555413, -1.52213322,  0.90920613]), array([-1.02599261, -1.56017579,  0.9096578 ]), array([-1.03643108, -1.59821835,  0.90986423]), array([-1.04686955, -1.63626092,  0.9098254 ]), array([-1.05730802, -1.67430349,  0.90954132]), array([-1.06774649, -1.71234605,  0.909012  ]), array([-1.07818496, -1.75038862,  0.90823742]), array([-1.08862343, -1.78843119,  0.90721759]), array([-1.0990619 , -1.82647375,  0.90595251]), array([-1.10950037, -1.86451632,  0.90444219]), array([-1.11993884, -1.90255889,  0.90268661]), array([-1.13037731, -1.94060145,  0.90068578]), array([-1.14081579, -1.97864402,  0.8984397 ]), array([-1.15125426, -2.01668659,  0.89594838]), array([-1.16169273, -2.05472915,  0.8932118 ]), array([-1.1721312 , -2.09277172,  0.89022997]), array([-1.18256967, -2.13081428,  0.8870029 ]), array([-1.19300814, -2.16885685,  0.88353057]), array([-1.20344661, -2.20689942,  0.87981299]), array([-1.21388508, -2.24494198,  0.87585016]), array([-1.22432355, -2.28298455,  0.87164209]), array([-1.23476202, -2.32102712,  0.86718876]), array([-1.24520049, -2.35906968,  0.86249018]), array([-1.25563897, -2.39711225,  0.85754636]), array([-1.26607744, -2.43515482,  0.85235728]), array([-1.27651591, -2.47319738,  0.84692295]), array([-1.28695438, -2.51123995,  0.84124337]), array([-1.29739285, -2.54928251,  0.83531855]), array([-1.30783132, -2.58732508,  0.82914847]), array([-1.31826979, -2.62536765,  0.82273314]), array([-1.32870826, -2.66341021,  0.81607257]), array([-1.33914673, -2.70145278,  0.80916674]), array([-1.3495852 , -2.73949535,  0.80201566]), array([-1.36002367, -2.77753791,  0.79461933]), array([-1.37046215, -2.81558048,  0.78697776])], 'distances_history': [8.306984053478091, 8.262141102603508, 8.217292949766481, 8.172438896110172, 8.12757817980756, 8.082710005914135, 8.03783356842793, 7.992948066070026, 7.948052713248339, 7.903146747450975, 7.858229434056741, 7.8133000693127, 7.768357982037319, 7.723402534462883, 7.678433122522659, 7.633449175806621, 7.588450157347425, 7.543435563351188, 7.49840492295227, 7.45335779804508, 7.408293783226837, 7.363212354478327, 7.3181131704890285, 7.272995921926138, 7.227860332303427, 7.182706158893233, 7.137533193708412, 7.092341264567951, 7.047130236252226, 7.001900011749124, 6.956650533589457, 6.911381785268403, 6.866093792748691, 6.820786626040706, 6.775460400854437, 6.730115280318091, 6.6847514767583665, 6.63936925353741, 6.59396892694191, 6.548550868119989, 6.503115505062018, 6.457662906989958, 6.412193636105863, 6.366708314061098, 6.321207625086917, 6.275692318870035, 6.230163213267633, 6.184621196921696, 6.139067231812438, 6.093502355778615, 6.047927685025371, 6.0023444166360544, 5.95675383110191, 5.911157294882201, 5.865556263006647, 5.819952281731857, 5.774346991263569, 5.728742128556871, 5.683139530207024, 5.637541135444109, 5.591948989245351, 5.54634710855023, 5.500738745129321, 5.455127111774847, 5.409515427143637, 5.3639069487811275, 5.318304998392948, 5.272712981885638, 5.227134405793349, 5.181572891165235, 5.136032185654363, 5.090516174336724, 5.0450288896493065, 4.999574520741285, 4.954157422465455, 4.908782124188887, 4.8634533385657805, 4.818175970388491, 4.772955125611795, 4.727796120629216, 4.682704491867444, 4.63771095865835, 4.592819884194502, 4.548036117294501, 4.50336494319349, 4.458812052684243, 4.414383523582728, 4.370085810801284, 4.3259257426654845, 4.281910521921097, 4.238047730375883, 4.19434533643653, 4.150811705007125, 4.107455609354203, 4.06428624463917, 4.021313242886295, 3.978546689202536, 3.9359971390996784, 3.8936756367932928, 3.8515937343692452, 3.809763511718485, 3.768197597145738, 3.7269091885583387, 3.685912075138188, 3.645220659393242, 3.6048499794750617, 3.5648157316361786, 3.525134292685205, 3.4858227422790082, 3.4420479564813315, 3.396959100018912, 3.351961477440523, 3.3070533333938563, 3.2622329276756536, 3.217498536368749, 3.172848452987496, 3.128280989629371, 3.08379447813109, 3.0393872712281085, 2.9950577437168815, 2.950804293619925, 2.9066253433542806, 2.8625193409047593, 2.8184847610040418, 2.774520106322598, 2.730623908672304, 2.6867947302286463, 2.643031164777566, 2.59933183899423, 2.5556954137624373, 2.5121205855449267, 2.468606087816606, 2.425150692574712, 2.381753211942152, 2.3384124998827973, 2.2951274540504514, 2.251897017796526, 2.2087201823653317, 2.1655959893103645, 2.122523533170198, 2.0795019644486943, 2.034674903642549, 1.9899464951564743, 1.9444259651581333, 1.8996285519828342, 1.8542235845867585, 1.8094032269586195, 1.7647942805927115, 1.7197763407888673, 1.6748676238701254, 1.6300339315172636, 1.5859542661644794, 1.5426061855322657, 1.4997684012093617, 1.4564445258409875, 1.4123440103117046, 1.3677794094139175, 1.3236612027128891, 1.2799529315283318, 1.2371102307678206, 1.1948338742114688, 1.1520405528593698, 1.109293759005928, 1.0658817683377821, 1.0229458716105404, 0.9791569876294063, 0.9358405742680513, 0.8928422980754558, 0.8493259922408853, 0.8063736934245326, 0.7641116582708549, 0.7208492235488098, 0.6771940307435794, 0.634007760415083, 0.5919139367980473, 0.5502781607534375, 0.5087844864311636, 0.4667999740182086, 0.4251208004893175, 0.38234900454678, 0.34042284929575, 0.29902570863186684, 0.2583283289287669, 0.21858922831789182, 0.1807375824455016, 0.14634778540528762, 0.11868045962699816, 0.10346117056478281, 0.10647589164012602, 0.12946265159267475, 0.15907849016740372, 0.19227697997595844, 0.22744757478816732, 0.26373614895687914, 0.3006647190237086, 0.33794990374243455, 0.3754155017412927, 0.41294816437562404, 0.4504735177695299, 0.48794251798206456, 0.5253232193415314, 0.562595562839441, 0.5997479351258383, 0.6367748139888222, 0.6736751087145847, 0.7104509616673912, 0.7471068661693696, 0.7836490075117871, 0.8200847651900732, 0.856422333977475, 0.8926704340351775, 0.9288380886112629, 0.9649344535832363, 1.0009686870904968, 1.0369498503612518, 1.0728868329259167, 1.1087882969600003, 1.1446626366683745, 1.180517949514222, 1.2163620167822151, 1.252202291497732, 1.288045892139141, 1.3238996009055042, 1.359769865557716, 1.3956628040525163, 1.431584211347731, 1.4675395678826126, 1.503534049336419, 1.5395725373468796, 1.5756596309324518, 1.6117996584116032, 1.64799668965163, 1.6842545485107883, 1.7205768253625988, 1.7569668896113266, 1.7934279021239758, 1.8299628275174806, 1.866574446250726, 1.9032653664801995, 1.9400380356457267, 1.9768947517592823, 2.013837674375445, 2.050868835226944, 2.0879901485129344, 2.1252034208313964, 2.162510360750296, 2.1999125880150565, 2.2374116423924577, 2.2750089921533143], 'normal_align_history': [0.8896625716864024, 0.8896568834275381, 0.889648829348723, 0.8896403993256466, 0.8896327844108342, 0.88962669193905, 0.8896225341863321, 0.88962054290396, 0.8896208397493389, 0.8896234800609872, 0.8896284802617384, 0.8896358350464764, 0.889645528102672, 0.889657538688101, 0.88967184553455, 0.8896884290221831, 0.889707272241225, 0.8897283613478895, 0.889751685484749, 0.8897772364451694, 0.889805008200629, 0.8898349302496269, 0.8898669977791968, 0.8899012088525129, 0.8899375622124871, 0.8899760560543343, 0.8900166873223601, 0.8900594512927791, 0.8901043413154379, 0.8901513486466788, 0.8902004623371075, 0.8902516691546177, 0.8903049535316584, 0.8903602975301772, 0.8904176808199427, 0.8904770806670953, 0.8905384719303853, 0.8906018270628917, 0.8906671161172547, 0.8907343067526307, 0.8908033642417635, 0.8908740365669056, 0.8909462884870044, 0.89102008899361, 0.8910954062287327, 0.8911722051726517, 0.8912504467429286, 0.8913300875837666, 0.8914110801687833, 0.8914933730245512, 0.891576910980204, 0.8916616353996938, 0.8917474843796577, 0.8918343929089481, 0.8919222929920134, 0.8920111137408935, 0.8921007814413816, 0.892191219598879, 0.8922823489690515, 0.892374087577903, 0.8924663507353712, 0.8925479964439043, 0.8926193918542195, 0.8926812043682202, 0.8927341658011045, 0.892778965128483, 0.8928162070035992, 0.8928464026578429, 0.8928699756770444, 0.8928872736668211, 0.8928985813546109, 0.892904133058544, 0.8929041236802765, 0.8928987179902249, 0.8928880582609591, 0.8928722704244071, 0.8928514689646856, 0.8928257607547544, 0.8927952480246003, 0.8927600306227012, 0.8927202077065921, 0.8926917021858528, 0.8926737456819827, 0.8926651416676138, 0.8926646041895916, 0.8926709125511564, 0.8926829717607564, 0.8926998265370784, 0.8927206539532851, 0.8927447476015897, 0.8927714996585068, 0.8928003838129728, 0.8928309402590229, 0.892862763078251, 0.8928954899263571, 0.8929287937675908, 0.8929623763506097, 0.8929959631258442, 0.8930292993350835, 0.893062147042177, 0.8930942829116856, 0.8931254965766136, 0.8931555894658757, 0.8931843739869353, 0.8932116729794286, 0.8932373193722608, 0.89326115599015, 0.8932830354665287, 0.8933028202285273, 0.893320382526887, 0.8933356044894091, 0.8933483781812083, 0.8933586056588166, 0.8933661990082642, 0.8933710803597613, 0.8933731818736623, 0.8933724456940506, 0.8933688238676779, 0.8933622782270801, 0.8933527802376484, 0.8933403108091452, 0.8933248600727896, 0.8933064271255068, 0.8932850197433272, 0.8932606540662221, 0.893233354256887, 0.8932031521361457, 0.8931700867977576, 0.8931342042054689, 0.8930955567751672, 0.8930542029449872, 0.893010206736158, 0.8929636373073242, 0.8929145685049587, 0.892863078412395, 0.8928092488998564, 0.8927531651777333, 0.8926949153552046, 0.8926345900061432, 0.8925722817440861, 0.8925080848078837, 0.8959588010323849, 0.8968596982977058, 0.8924441444574044, 0.8936013695269153, 0.8888276762415231, 0.8897002646491322, 0.8964387945879115, 0.9050181553557647, 0.9139764733130824, 0.9221599480747835, 0.9268685981960023, 0.9284878163094845, 0.9276069677577322, 0.9292897280246849, 0.9264188205091239, 0.9261964535162789, 0.9308432537041719, 0.9397602157045144, 0.9457246928861309, 0.9550717837663423, 0.9647014028985674, 0.972787080168894, 0.9770008848131632, 0.9792064738612044, 0.9826197671221367, 0.9875696485825755, 0.9908883477919257, 0.9920984738882529, 0.9943018457967254, 0.9954347949751906, 0.9968315089562516, 0.9977689248474862, 0.9978313480618065, 0.9971230622488579, 0.9951946919692444, 0.9922453355043295, 0.9897240180495078, 0.9876346165371879, 0.9847060596702708, 0.9822479754374265, 0.9792698217198643, 0.9762141035392551, 0.9725453816731661, 0.9681973660917625, 0.963910053343665, 0.9595663506662587, 0.9545132539420204, 0.9492239474478881, 0.9436139136802625, 0.9379249556737559, 0.9322263746271683, 0.9265791127676457, 0.921035640688992, 0.9156400900951762, 0.9104286032199592, 0.9054298511486464, 0.9006656687985637, 0.8961517578713265, 0.8918984165182371, 0.887911263210154, 0.8841919308934976, 0.8807387151637355, 0.8775471665614983, 0.874610622130311, 0.8719206751575077, 0.8694675847156722, 0.8672406284219731, 0.8652284029259112, 0.8634190771931275, 0.861800603819957, 0.8603608935095427, 0.8590879575594565, 0.8579700228244288, 0.856995623178594, 0.8561536710470579, 0.8554335121318146, 0.8548249660384308, 0.8543183551266843, 0.8539045235650731, 0.8535748482668227, 0.8533212431225006, 0.8531361577190185, 0.8530125715432155, 0.8529439845066661, 0.8529244044929638, 0.852948332515911, 0.8530107459833347, 0.8531070804836077, 0.8532332104476519, 0.8533854289859385, 0.8535604271556628, 0.8537552728762761, 0.8539673896804272, 0.8541945354609526, 0.8544347813519431, 0.8546864908623188, 0.8549482993632016, 0.8552190940151781, 0.855497994207991, 0.8557843325729358, 0.8560776366171542, 0.8563776110188681, 0.8566841206133449, 0.8569971740909079, 0.8573169084205409, 0.8576435740055944, 0.8579775205716589, 0.8583191837809075], 'ball_near_history': [False, False, False, False, False, False, False, False, False, False, False, False, False, False, False, False, False, False, False, False, False, False, False, False, False, False, False, False, False, False, False, False, False, False, False, False, False, False, False, False, False, False, False, False, False, False, False, False, False, False, False, False, False, False, False, False, False, False, False, False, False, False, False, False, False, False, False, False, False, False, False, False, False, False, False, False, False, False, False, False, False, False, False, False, False, False, False, False, False, False, False, False, False, False, False, False, False, False, False, False, False, False, False, False, False, False, False, False, False, False, False, False, False, False, False, False, False, False, False, False, False, False, False, False, False, False, False, False, False, False, False, False, False, False, False, False, False, False, False, False, False, False, False, False, False, False, False, False, False, False, False, False, False, False, False, False, False, False, False, False, False, False, False, False, False, False, False, False, False, False, False, False, False, False, False, False, False, False, False, False, False, False, False, False, True, True, True, True, True, True, True, False, False, False, False, False, False, False, False, False, False, False, False, False, False, False, False, False, False, False, False, False, False, False, False, False, False, False, False, False, False, False, False, False, False, False, False, False, False, False, False, False, False, False, False, False, False, False, False, False, False, False, False, False, False, False, False, False, False], 'tube_ready_history': [False, False, False, False, False, False, False, False, False, False, False, False, False, False, False, False, False, False, False, False, False, False, False, False, False, False, False, False, False, False, False, False, False, False, False, False, False, False, False, False, False, False, False, False, False, False, False, False, False, False, False, False, False, False, False, False, False, False, False, False, False, False, False, False, False, False, False, False, False, False, False, False, False, False, False, False, False, False, False, False, False, False, False, False, False, False, False, False, False, False, False, False, False, False, False, False, False, False, False, False, False, False, False, False, False, False, False, False, False, False, False, False, False, False, False, False, False, False, False, False, False, False, False, False, False, False, False, False, False, False, False, False, False, False, False, False, False, False, False, False, False, False, False, False, False, False, False, False, False, False, False, False, False, False, False, False, False, False, False, False, False, False, False, False, False, False, False, False, False, False, False, False, False, False, False, False, False, False, True, True, True, True, True, True, True, True, True, True, True, True, True, True, True, True, True, True, True, True, True, False, False, False, False, False, False, False, False, False, False, False, False, False, False, False, False, False, False, False, False, False, False, False, False, False, False, False, False, False, False, False, False, False, False, False, False, False, False, False, False, False, False, False, False, False, False, False, False, False, False], 'pos_error_history': [0.009033287780331647, 0.009067947714729336, 0.009156204544161217, 0.009333920601462735, 0.009640665475742612, 0.010114190042405956, 0.010784854008663244, 0.011671916601681903, 0.012782927546865637, 0.014115834477982817, 0.015662300378546067, 0.017410805572876345, 0.019348852664643767, 0.021464238958786266, 0.023745644380068005, 0.02618280806634961, 0.028766494380457527, 0.031488369934693484, 0.0343408562139357, 0.03731698809030168, 0.03980404737675618, 0.04299052955948316, 0.046284719659440886, 0.04968074216582799, 0.05317296336194008, 0.056755937240106996, 0.06042436267950153, 0.06417304962342012, 0.0679968924286713, 0.07189084893957695, 0.07584992415196498, 0.07986915758232134, 0.0839436136530888, 0.0880683745569538, 0.09223853517994553, 0.09644919975295144, 0.10069547996997223, 0.10497249436399411, 0.10927536877145222, 0.11359923774686488, 0.11763393164292936, 0.12198271231593652, 0.12633849841089156, 0.13069646360287102, 0.1350518122791256, 0.13939978375280596, 0.14373565708851488, 0.14805475643610558, 0.15235245678378792, 0.15662419005270115, 0.16086545146351547, 0.16507180611210107, 0.16923889569633466, 0.17336244534011547, 0.17743827046394736, 0.18146228365421418, 0.18543050148575344, 0.18933905125456663, 0.19318417757969567, 0.19696224883539165, 0.2059409985920914, 0.20947348995410833, 0.21293012248510723, 0.21630803876953936, 0.21960449917207375, 0.22281689278115108, 0.22594274658994618, 0.22897973321981058, 0.23192567740545264, 0.23477856140539577, 0.23753652946341486, 0.24019789141975417, 0.24276112555125082, 0.2452248807046996, 0.24758797777655087, 0.24984941058342372, 0.25200834616132456, 0.25406412452643573, 0.2560162579265635, 0.25786442960951067, 0.25695159022532427, 0.25863596059042565, 0.26021213403385474, 0.261680584609712, 0.2630419231284884, 0.264296903063315, 0.2654464231685179, 0.2664915276918774, 0.2674334048069109, 0.2682733837148586, 0.26901293074245264, 0.2696536446744071, 0.27019725149771384, 0.270645598690764, 0.2710006491588128, 0.27126447489473, 0.2714392504277769, 0.2715272461114785, 0.2715308212932266, 0.2714524174021139, 0.27129455098698013, 0.27105980673327906, 0.2707508304847964, 0.2703703222941791, 0.26992102952459823, 0.2694057400233783, 0.2688272753871766, 0.26818848433706777, 0.26749223622074314, 0.2667414146579117, 0.26593891134385284, 0.26508762002494557, 0.264190430658868, 0.2632502237710036, 0.2622698650174468, 0.261252199963846, 0.26020004908815547, 0.259116203014242, 0.2580034179821373, 0.25686441155962775, 0.2557018585987705, 0.25451838743986516, 0.25331657636439164, 0.2520989502974131, 0.25086797775902003, 0.24962606806347098, 0.24837556876384534, 0.2471187633392067, 0.24585786912055355, 0.24459503545110692, 0.24333234207587143, 0.24207179775481846, 0.24081533909349942, 0.23956482958444605, 0.23832205885228075, 0.23708874209510636, 0.23586651971442807, 0.23465695712559415, 0.23346154474054448, 0.23228169811446775, 0.22842583064475275, 0.2244275578010562, 0.22043022377383056, 0.21576832710186095, 0.21120736318544445, 0.2067319247366497, 0.2037672352544798, 0.1997446576535271, 0.1961631240453584, 0.19277580619018367, 0.18927256604267662, 0.1860323605730654, 0.184130133553825, 0.1805426594369584, 0.17792751906117715, 0.17368923607785455, 0.17009623912422983, 0.16695408828252978, 0.16309016024269934, 0.15925300690687053, 0.15639868267871782, 0.1538735284505719, 0.1499895888117391, 0.14671125259045042, 0.14388017661657537, 0.14068642371045703, 0.13761759952914746, 0.13485011412520975, 0.1329743784745545, 0.1303629887867059, 0.12776472296808875, 0.1251120114240736, 0.12427712347250142, 0.12314952114672108, 0.12210438285821663, 0.12138352078104402, 0.11874176995403007, 0.11668361628330733, 0.11391945499993729, 0.11191478424701873, 0.110189398081436, 0.10874141735018661, 0.1074586773249158, 0.10658421605406818, 0.10606070473750721, 0.10579607412402423, 0.10600642855390305, 0.10646013541361674, 0.10747604962282456, 0.10856924663856542, 0.10974042852346937, 0.1109890987554458, 0.1123143597998348, 0.1137156234807815, 0.1151931153320437, 0.11674814455563205, 0.1183831604490434, 0.12010163899410702, 0.12190785007273043, 0.12380655351457824, 0.12580266544205593, 0.12790092793182345, 0.1301056064274883, 0.13242023142425827, 0.13484739407056645, 0.13738859962458563, 0.14004417817660977, 0.1428132486531204, 0.14569372977114664, 0.14868239020142676, 0.1517749295921784, 0.15496608215141833, 0.1582497350258577, 0.16161905459245088, 0.16506661485165935, 0.16858452325797957, 0.17216454044790888, 0.1757981913606627, 0.17947686615057684, 0.18319191004225835, 0.18693470187714437, 0.19069672155222586, 0.19446960687461365, 0.1982452005694758, 0.2020155883044841, 0.2057731286511743, 0.2095104759101819, 0.21322059669816315, 0.21689678114148572, 0.22053264945497977, 0.2241221546102846, 0.2276595817228258, 0.23113954471267398, 0.23455698072486394, 0.23790714273045058, 0.24118559067139983, 0.24438818146045918, 0.247511058101334, 0.25055063815443124, 0.25350360173866754, 0.25636687922986834, 0.25913763879052354, 0.2618132738436942, 0.26439139058507816, 0.2668697956113327, 0.26924648372920873, 0.27151962599861984, 0.273687558053072, 0.2758478216166032], 'max_qdot_ratio': 0.9952097262019766, 'max_tcp_speed': 0.9923359582328759, 'max_racket_face_speed': 1.1792260472146499, 'total_mpc_steps': 249, 'ball_was_hit': True, 'hit_step': 187, 'p_ee_at_hit': array([-0.63222419, -0.48014166,  0.77573458]), 'ball_pos_at_hit': array([-0.73371542, -0.49498393,  0.80430647]), 'v_ee_at_hit': 0.36302974323633136, 'active_contact': True, 'passive_contact': False}
2026-09-13 17:17:33,841 [INFO] __main__: 击打后继续仿真 20 步...
