__STEP_TIMING__: n=239 p50=0.25 p95=0.49 p99=4.55 max=28.66 n_over_period=2 period_ms=5.00 deciles=0.24,0.24,0.25,0.25,0.25,0.26,0.26,0.27,0.30,28.66
__STEP_LATENCIES__: 0.29,0.29,0.26,0.26,0.26,0.27,0.30,0.26,0.42,0.26,0.25,0.25,0.25,0.25,0.25,0.25,0.25,0.25,0.24,4.43,0.25,0.25,0.25,0.25,0.25,0.25,0.24,0.25,0.25,0.24,0.24,0.25,0.25,0.25,0.24,0.25,0.25,0.24,0.24,4.55,0.26,0.26,0.25,0.25,0.24,0.24,0.25,0.24,0.24,0.25,0.25,0.25,0.24,0.24,0.25,0.24,0.24,0.24,0.24,4.51,0.26,0.29,0.25,0.25,0.25,0.25,0.24,0.24,0.24,0.24,0.24,0.24,0.24,0.24,0.24,0.24,0.24,0.24,0.24,4.36,0.26,0.26,0.25,0.25,0.25,0.25,0.25,0.25,0.24,0.25,0.25,0.25,0.24,0.25,0.24,0.24,0.24,0.25,0.24,4.10,0.27,0.25,0.24,0.24,0.25,0.24,0.25,0.24,0.24,0.24,0.25,0.24,0.25,0.25,0.25,0.25,0.24,0.24,0.24,3.38,0.26,0.26,0.25,0.25,0.25,0.25,0.25,0.25,0.25,0.25,0.25,0.25,0.25,0.25,0.25,0.25,0.24,0.27,0.25,28.66,0.27,0.26,0.26,0.25,0.25,0.25,0.25,0.25,0.24,0.24,0.24,0.24,0.25,0.25,0.42,0.29,0.26,0.25,0.24,17.46,0.26,0.25,0.25,0.25,0.24,0.24,0.24,0.40,0.49,0.29,0.37,0.58,0.46,0.41,0.41,0.72,0.73,0.44,0.31,0.30,0.29,0.29,0.30,0.30,0.29,0.31,0.29,0.29,0.32,0.29,0.28,0.28,0.26,0.27,0.26,0.26,0.26,0.26,0.26,0.26,0.26,0.26,0.26,0.27,0.26,0.29,0.26,0.26,0.26,0.26,0.26,0.26,0.26,0.26,0.26,0.26,0.27,0.26,0.27,0.26,0.26,0.26,0.26,0.26,0.27,0.26,0.26,0.26,0.26,0.26,0.26,0.27,0.26,0.26,0.26,0.27,0.26,0.26,0.25

========================================
  RM-65 击打成功！（主动击球，pos_error=0.1372m）
  [V12 EpisodeRunner 管线架构]
  ablation: full
  击打目标位置: [-0.834 -0.556  0.931]
  末端实际位置: [-0.676 -0.596  0.939]
  规划跟踪误差: 0.1639 m
  速度误差: 1.9633 m/s
  MPC 总步数: 260
  --- Tube 专用指标 ---
  最小球拍-球距离: 0.1325 m
  ball_near 步数: 6 = 30.0 ms
  tube_ready 步数: 17 = 85.0 ms
  击打时间误差: 15.0 ms
  击打位置误差: 0.1372 m
  --- 计算性能 ---
  总墙钟时间: 1.10s (MPC=1.09s)
  --- 执行层约束 ---
  max_qdot=0.99x, max_tcp=1.8m/s, max_face=1.8m/s
  击球类型: 主动击球
========================================

__RESULT__: pos_error=0.137241 vel_error=1.963303 min_dist=0.132474 ball_near_ms=30.0 tube_ready_ms=85.0 max_tcp=1.78 max_qdot=0.99 max_face=1.8 hit_type=active hit_time_error_ms=15.0 hit_pos_error=0.137241 v_racket_at_hit=1.756
2026-09-13 17:17:08,820 [INFO] __main__: [ablation] mode=full
2026-09-13 17:17:08,826 [INFO] __main__: serve-box auto params: horizon=120, iter=10, first_plan_iters=30, total_horizon=250, replan_interval=20, near_plan_iters=5
2026-09-13 17:17:08,844 [INFO] __main__: 关节限位: 仿真默认(default.yaml), TCP=1.8 m/s, terminal_exempt=20
2026-09-13 17:17:08,844 [INFO] __main__: 球拍初始位置: [-0.24136342  0.63027058  1.45576659]
2026-09-13 17:17:08,845 [DEBUG] src.tennis.ball: serve_box bounce (attempt=0): p0_z=1.40, vz0=-2.8, spd=9.0, t1=0.315, t2=0.593, z_err=0.20
2026-09-13 17:17:08,851 [INFO] __main__: 击打步数: 179, 击打位置: [-0.83445491 -0.55640764  0.93061144]
2026-09-13 17:17:08,851 [INFO] __main__: 随挥方向: [ 0.325 -0.934  0.147], 随挥步数: 60
2026-09-13 17:17:08,861 [INFO] __main__: 候选窗口已构建: best_k=180, candidates=8
2026-09-13 17:17:08,861 [INFO] src.cpp.solver_cpp: iLQR C++ 加速模块已加载
2026-09-13 17:17:08,862 [INFO] __main__: 开始 V12 EpisodeRunner，总步数=310 (MPC=250, 随挥=60)，击打步数=179
2026-09-13 17:17:08,862 [INFO] src.ilqt.async_replanner: AsyncReplanner: 后台规划线程已启动
2026-09-13 17:17:08,890 [INFO] src.ilqt.async_replanner: AsyncReplanner: 规划环境已创建（独立 MjData）
2026-09-13 17:17:08,891 [INFO] src.ilqt.async_replanner: AsyncReplanner: 规划环境已创建（独立 MjData）
2026-09-13 17:17:08,912 [DEBUG] src.ilqt.tube_cost: [Softmin诊断] 候选权重TOP3: k=179:w=0.146, k=178:w=0.145, k=180:w=0.145
2026-09-13 17:17:09,794 [INFO] src.ilqt.mpc_controller: REPLAN step=0 k_hit=179 iters=30 horizon=120 t=905ms
2026-09-13 17:17:09,796 [INFO] src.ilqt.mpc_controller: MPCController.start 完成: k_hit=179, p_hit=[-0.834 -0.556  0.931], buffer=120
2026-09-13 17:17:09,799 [DEBUG] src.ilqt.replan_core: FAR_JT step=0 k_hit=179 (JT gain=60, skip iLQR)
2026-09-13 17:17:09,799 [DEBUG] src.ilqt.mpc_controller: REPLAN step=0 k_hit=179 iters=0 horizon=0 t=4ms
2026-09-13 17:17:09,799 [DEBUG] src.ilqt.mpc_controller: MPCController.step 0: replan k_hit=179 refine=feasible buffer=20
2026-09-13 17:17:09,809 [DEBUG] src.ilqt.replan_core: FAR_JT step=20 k_hit=160 (JT gain=60, skip iLQR)
2026-09-13 17:17:09,809 [DEBUG] src.ilqt.mpc_controller: REPLAN step=20 k_hit=160 iters=0 horizon=0 t=4ms
2026-09-13 17:17:09,809 [DEBUG] src.ilqt.mpc_controller: MPCController.step 20: replan k_hit=160 refine=feasible buffer=20
2026-09-13 17:17:09,818 [DEBUG] src.ilqt.replan_core: FAR_JT step=40 k_hit=139 (JT gain=60, skip iLQR)
2026-09-13 17:17:09,818 [DEBUG] src.ilqt.mpc_controller: REPLAN step=40 k_hit=139 iters=0 horizon=0 t=4ms
2026-09-13 17:17:09,818 [DEBUG] src.ilqt.mpc_controller: MPCController.step 40: replan k_hit=139 refine=feasible buffer=20
2026-09-13 17:17:09,827 [DEBUG] src.ilqt.replan_core: FAR_JT step=60 k_hit=119 (JT gain=60, skip iLQR)
2026-09-13 17:17:09,827 [DEBUG] src.ilqt.mpc_controller: REPLAN step=60 k_hit=119 iters=0 horizon=0 t=4ms
2026-09-13 17:17:09,827 [DEBUG] src.ilqt.mpc_controller: MPCController.step 60: replan k_hit=119 refine=feasible buffer=20
2026-09-13 17:17:09,836 [DEBUG] src.ilqt.replan_core: FAR_JT step=80 k_hit=99 (JT gain=60, skip iLQR)
2026-09-13 17:17:09,836 [DEBUG] src.ilqt.mpc_controller: REPLAN step=80 k_hit=99 iters=0 horizon=0 t=3ms
2026-09-13 17:17:09,836 [DEBUG] src.ilqt.mpc_controller: MPCController.step 80: replan k_hit=99 refine=feasible buffer=20
2026-09-13 17:17:09,845 [DEBUG] src.ilqt.replan_core: FAR_JT step=100 k_hit=79 (JT gain=60, skip iLQR)
2026-09-13 17:17:09,845 [DEBUG] src.ilqt.mpc_controller: REPLAN step=100 k_hit=79 iters=0 horizon=0 t=3ms
2026-09-13 17:17:09,845 [DEBUG] src.ilqt.mpc_controller: MPCController.step 100: replan k_hit=79 refine=feasible buffer=20
2026-09-13 17:17:09,853 [DEBUG] src.ilqt.replan_core: FAR_JT step=120 k_hit=59 (JT gain=60, skip iLQR)
2026-09-13 17:17:09,853 [DEBUG] src.ilqt.mpc_controller: REPLAN step=120 k_hit=59 iters=0 horizon=0 t=3ms
2026-09-13 17:17:09,853 [INFO] src.ilqt.strategies.hit_point_refiner: [HIT_LOCK] k_hit=59 ≤ 60, 锁定击球点不再替换
2026-09-13 17:17:09,853 [DEBUG] src.ilqt.mpc_controller: MPCController.step 120: replan k_hit=59 refine=locked buffer=20
2026-09-13 17:17:09,866 [DEBUG] src.ilqt.tube_cost: [Softmin诊断] 候选权重TOP3: k=39:w=0.146, k=38:w=0.145, k=40:w=0.145
2026-09-13 17:17:09,887 [DEBUG] src.ilqt.mpc_controller: REPLAN step=140 k_hit=39 iters=5 horizon=39 t=28ms
2026-09-13 17:17:09,887 [DEBUG] src.ilqt.mpc_controller: MPCController.step 140: replan k_hit=39 refine=locked buffer=20
2026-09-13 17:17:09,898 [DEBUG] src.ilqt.tube_cost: [Softmin诊断] 候选权重TOP3: k=19:w=0.146, k=18:w=0.145, k=20:w=0.145
2026-09-13 17:17:09,909 [DEBUG] src.ilqt.mpc_controller: REPLAN step=160 k_hit=19 iters=5 horizon=19 t=17ms
2026-09-13 17:17:09,909 [DEBUG] src.ilqt.mpc_controller: MPCController.step 160: replan k_hit=19 refine=locked buffer=19
2026-09-13 17:17:09,911 [INFO] src.ilqt.components.predictive_safety: [SAFETY_FILTER] beta=0.6: qdot entering overspeed, joint=1, |qdot|=3.27 > 3.14
2026-09-13 17:17:09,912 [INFO] src.ilqt.components.predictive_safety: [SAFETY_FILTER] beta=0.2: qdot entering overspeed, joint=1, |qdot|=3.82 > 3.14
2026-09-13 17:17:09,913 [INFO] src.ilqt.components.predictive_safety: [SAFETY_FILTER] beta=0.8: qdot entering overspeed, joint=2, |qdot|=3.97 > 3.93
2026-09-13 17:17:09,913 [INFO] src.ilqt.components.predictive_safety: [SAFETY_FILTER] beta=0.0: qdot entering overspeed, joint=1, |qdot|=3.83 > 3.14
2026-09-13 17:17:09,914 [INFO] src.ilqt.components.predictive_safety: [SAFETY_FILTER] beta=0.4: qdot entering overspeed, joint=1, |qdot|=3.60 > 3.14
2026-09-13 17:17:09,914 [INFO] src.ilqt.components.predictive_safety: [SAFETY_FILTER] beta=0.6: qdot entering overspeed, joint=2, |qdot|=4.01 > 3.93
2026-09-13 17:17:09,914 [INFO] src.ilqt.components.predictive_safety: [SAFETY_FILTER] beta=0.8: tcp speed 1.85 > 1.80 m/s
2026-09-13 17:17:09,915 [INFO] src.ilqt.components.predictive_safety: [SAFETY_FILTER] beta=0.2: qdot entering overspeed, joint=0, |qdot|=3.22 > 3.14
2026-09-13 17:17:09,916 [INFO] src.ilqt.components.predictive_safety: [SAFETY_FILTER] beta=0.2: qdot entering overspeed, joint=0, |qdot|=3.24 > 3.14
2026-09-13 17:17:09,916 [INFO] src.ilqt.strategies.follow_through: 随挥触发: step=178, steps=60
2026-09-13 17:17:09,933 [INFO] src.ilqt.async_replanner: AsyncReplanner: 后台规划线程已停止
2026-09-13 17:17:09,933 [INFO] src.ilqt.episode_runner: EpisodeRunner 完成: total_steps=240 safe_steps=240 mpc_done=True
2026-09-13 17:17:09,933 [DEBUG] src.ilqt.episode_runner: EpisodeRunner metrics 详情: {'total_steps': 240, 'safe_steps': 240, 'mpc_done': True, 'X_history': [array([-1.5  ,  1.57 , -0.236,  0.404,  0.446,  2.45 ,  0.   ,  0.   ,
        0.   ,  0.   ,  0.   ,  0.   ]), array([ 3.48682750e-01,  1.71530581e+00, -5.13413932e-01, -1.61329596e-01,
        6.43641446e-01,  2.44998952e+00, -1.50444686e-02, -4.23359494e-02,
        1.03354919e-03,  2.61734929e-03, -3.28323591e-02, -2.09537190e-03]), array([ 3.48533925e-01,  1.71488975e+00, -5.13418254e-01, -1.61304209e-01,
        6.43342772e-01,  2.44997277e+00, -2.97650370e-02, -8.32113560e-02,
       -8.64300314e-04,  5.07743155e-03, -5.97349391e-02, -3.34971781e-03]), array([ 0.34831326,  1.71427655, -0.51344371, -0.16126727,  0.64293177,
        2.44995212, -0.04413343, -0.12263942, -0.00509034,  0.00738808,
       -0.08220046, -0.00413003]), array([ 0.3480226 ,  1.7134733 , -0.51349952, -0.16121949,  0.64242506,
        2.44992892, -0.05813118, -0.1606507 , -0.01116295,  0.00955563,
       -0.10134089, -0.00464099]), array([ 0.34766387,  1.71248686, -0.513593  , -0.16116156,  0.64183515,
        2.44990393, -0.07174698, -0.19728665, -0.01869507,  0.01158681,
       -0.11798316, -0.00499735]), array([ 0.34723899,  1.71132389, -0.51372986, -0.16109411,  0.64117145,
        2.44987761, -0.08497475, -0.23259504, -0.02737356,  0.01348915,
       -0.13274072, -0.00526384]), array([ 0.34674993,  1.70999076, -0.51391458, -0.16101776,  0.64044111,
        2.44985023, -0.09781222, -0.26662666, -0.0369433 ,  0.01527075,
       -0.14606691, -0.00547723]), array([ 0.34619863,  1.70849359, -0.51415055, -0.16093306,  0.63964964,
        2.44982193, -0.11025991, -0.29943306, -0.04719494,  0.01693989,
       -0.1582949 , -0.00565857]), array([ 0.34558703,  1.70683827, -0.51444033, -0.16084053,  0.6388013 ,
        2.44979283, -0.12232031, -0.33106498, -0.05795538,  0.01850472,
       -0.16966756, -0.00582007]), array([ 0.34491704,  1.70503041, -0.51478573, -0.16074067,  0.6378995 ,
        2.44976299, -0.13399733, -0.36157131, -0.06908043,  0.01997296,
       -0.18036005, -0.00596885]), array([ 0.34419057,  1.70307542, -0.51518798, -0.16063391,  0.63694701,
        2.44973244, -0.14529584, -0.3909984 , -0.08044908,  0.02135171,
       -0.19049675, -0.00610911]), array([ 0.34340946,  1.70097847, -0.51564777, -0.16052067,  0.63594619,
        2.44970123, -0.15622138, -0.41938968, -0.09195901,  0.02264737,
       -0.20016404, -0.00624339]), array([ 0.34257556,  1.69874454, -0.51616539, -0.16040135,  0.63489909,
        2.44966936, -0.16677984, -0.44678543, -0.10352308,  0.02386558,
       -0.20941998, -0.00637323]), array([ 0.34169067,  1.69637843, -0.51674072, -0.16027629,  0.63380759,
        2.44963686, -0.17697734, -0.47322274, -0.11506648,  0.02501124,
       -0.21830144, -0.00649957]), array([ 0.34075657,  1.69388475, -0.51737334, -0.16014585,  0.63267344,
        2.44960375, -0.18682   , -0.49873549, -0.12652457,  0.02608848,
       -0.22682956, -0.00662303]), array([ 0.339775  ,  1.69126798, -0.51806255, -0.16001034,  0.63149837,
        2.44957003, -0.19631391, -0.52335445, -0.13784105,  0.02710076,
       -0.23501377, -0.00674399]), array([ 0.33874768,  1.68853244, -0.51880738, -0.15987009,  0.6302841 ,
        2.44953571, -0.20546498, -0.54710741, -0.14896658,  0.0280509 ,
       -0.24285482, -0.00686275]), array([ 0.33767628,  1.68568235, -0.51960667, -0.15972538,  0.62903236,
        2.44950082, -0.21427892, -0.5700193 , -0.15985756,  0.02894114,
       -0.25034701, -0.00697949]), array([ 0.33656248,  1.68272178, -0.52045905, -0.15957652,  0.62774496,
        2.44946535, -0.22276115, -0.59211238, -0.17047525,  0.02977323,
       -0.25747995, -0.00709441]), array([ 0.33540789,  1.67965475, -0.52136297, -0.15942377,  0.62642376,
        2.44942931, -0.23091683, -0.61340637, -0.18078495,  0.03054844,
       -0.26423983, -0.00720765]), array([ 0.33421155,  1.67648521, -0.52231673, -0.15926151,  0.62506836,
        2.44939178, -0.23926783, -0.63390854, -0.19075098,  0.03245356,
       -0.27108068, -0.00750595]), array([ 0.33297482,  1.67321694, -0.52331861, -0.15909071,  0.62368083,
        2.44935327, -0.2473472 , -0.65365438, -0.20037595,  0.03415992,
       -0.27750545, -0.00770187]), array([ 0.33169903,  1.66985365, -0.52436677, -0.15891218,  0.62226331,
        2.44931404, -0.2551573 , -0.67265742, -0.20963226,  0.0357059 ,
       -0.28350473, -0.00784568]), array([ 0.33038553,  1.666399  , -0.52545924, -0.15872658,  0.62081798,
        2.44927422, -0.26270082, -0.69092933, -0.21849477,  0.03712027,
       -0.28906557, -0.00796404]), array([ 0.32903563,  1.6628566 , -0.52659394, -0.15853445,  0.61934712,
        2.44923386, -0.26998056, -0.70848006, -0.22694042,  0.03842474,
       -0.29417248, -0.0080709 ]), array([ 0.32765063,  1.65923001, -0.52776868, -0.15833627,  0.61785308,
        2.449193  , -0.27699922, -0.72531793, -0.23494796,  0.03963561,
       -0.29880834, -0.00817337]), array([ 0.32623183,  1.65552276, -0.52898117, -0.15813245,  0.6163383 ,
        2.44915162, -0.28375937, -0.74144973, -0.2424977 ,  0.04076506,
       -0.30295496, -0.00827495]), array([ 0.32478052,  1.65173836, -0.53022903, -0.15792334,  0.61480533,
        2.44910974, -0.29026331, -0.75688086, -0.24957134,  0.0418221 ,
       -0.30659364, -0.00837725]), array([ 0.32329795,  1.64788028, -0.53150979, -0.15770927,  0.61325681,
        2.44906733, -0.29651308, -0.77161541, -0.25615185,  0.04281323,
       -0.30970558, -0.00848092]), array([ 0.3217854 ,  1.643952  , -0.5328209 , -0.15749056,  0.61169544,
        2.4490244 , -0.30251038, -0.7856563 , -0.26222333,  0.04374304,
       -0.31227223, -0.00858613]), array([ 0.32024412,  1.63995697, -0.53415976, -0.15726748,  0.61012407,
        2.44898094, -0.30825657, -0.7990054 , -0.26777097,  0.04461459,
       -0.31427549, -0.00869286]), array([ 0.31867535,  1.63589866, -0.53552366, -0.15704034,  0.60854558,
        2.44893693, -0.31375271, -0.81166359, -0.27278096,  0.04542977,
       -0.31569803, -0.00880097]), array([ 0.31708035,  1.6317805 , -0.53690987, -0.15680939,  0.60696296,
        2.44889238, -0.3189995 , -0.82363094, -0.27724049,  0.04618956,
       -0.31652342, -0.00891032]), array([ 0.31546037,  1.62760597, -0.53831555, -0.15657492,  0.60537928,
        2.44884728, -0.32399731, -0.83490676, -0.2811377 ,  0.04689422,
       -0.31673631, -0.00902075]), array([ 0.31381664,  1.62337852, -0.53973786, -0.1563372 ,  0.60379766,
        2.44880162, -0.32874621, -0.84548971, -0.28446168,  0.04754349,
       -0.3163226 , -0.00913215]), array([ 0.31215041,  1.61910163, -0.54117388, -0.15609652,  0.60222132,
        2.44875539, -0.333246  , -0.85537794, -0.28720249,  0.04813669,
       -0.31526957, -0.00924439]), array([ 0.31046293,  1.61477878, -0.54262063, -0.15585315,  0.60065349,
        2.44870861, -0.33749617, -0.86456916, -0.28935116,  0.04867286,
       -0.31356599, -0.00935735]), array([ 0.30875545,  1.61041348, -0.54407513, -0.1556074 ,  0.59909748,
        2.44866125, -0.341496  , -0.87306075, -0.29089972,  0.0491508 ,
       -0.31120225, -0.00947095]), array([ 0.30702922,  1.60600923, -0.54553434, -0.15535955,  0.59755662,
        2.44861333, -0.34524453, -0.88084984, -0.29184119,  0.0495692 ,
       -0.30817045, -0.00958507]), array([ 0.30528552,  1.60156956, -0.54699518, -0.15510992,  0.5960343 ,
        2.44856483, -0.34874064, -0.88793344, -0.29216966,  0.04992665,
       -0.30446449, -0.0096996 ]), array([ 0.30353472,  1.59709804, -0.54845384, -0.15487833,  0.59454626,
        2.44851891, -0.35016014, -0.8943057 , -0.29173165,  0.04631724,
       -0.2976088 , -0.00918369]), array([ 0.3017786 ,  1.59259845, -0.54990687, -0.15466215,  0.59309382,
        2.44847382, -0.35122445, -0.89991618, -0.29060503,  0.0432372 ,
       -0.29048696, -0.00901907]), array([ 0.30001885,  1.5880746 , -0.5513509 , -0.15445935,  0.59167881,
        2.44842865, -0.35194998, -0.90477098, -0.28880706,  0.04055816,
       -0.28300163, -0.00903269]), array([ 0.2982571 ,  1.58353023, -0.55278266, -0.15426845,  0.59030341,
        2.44838299, -0.35234962, -0.90887456, -0.28635127,  0.03818163,
       -0.27508136, -0.00913269]), array([ 0.29649493,  1.57896908, -0.5541989 , -0.15408829,  0.58897003,
        2.44833663, -0.3524336 , -0.91223034, -0.28324863,  0.03603115,
       -0.26667501, -0.00927098]), array([ 0.29473388,  1.57439487, -0.55559645, -0.15391806,  0.5876813 ,
        2.44828952, -0.3522102 , -0.9148411 , -0.27950861,  0.03404699,
       -0.25774741, -0.009423  ]), array([ 0.29297545,  1.56981132, -0.55697215, -0.15375714,  0.58643991,
        2.44824164, -0.35168627, -0.91670936, -0.27513992,  0.03218229,
       -0.24827613, -0.00957668]), array([ 0.29122111,  1.56522213, -0.5583229 , -0.15360514,  0.58524867,
        2.448193  , -0.35086759, -0.91783766, -0.270151  ,  0.03040022,
       -0.23824888, -0.00972647]), array([ 0.28947232,  1.56063099, -0.55964565, -0.15346178,  0.58411036,
        2.44814365, -0.34975919, -0.91822876, -0.2645505 ,  0.02867185,
       -0.22766157, -0.0098702 ]), array([ 0.28773049,  1.55604156, -0.56093739, -0.15332691,  0.58302778,
        2.44809362, -0.34836564, -0.91788584, -0.25834759,  0.02697454,
       -0.21651689, -0.01000731]), array([ 0.28599703,  1.5514575 , -0.56219515, -0.15320046,  0.58200366,
        2.44804293, -0.34669118, -0.91681269, -0.25155215,  0.02529063,
       -0.20482307, -0.01013799]), array([ 0.28427333,  1.54688243, -0.56341603, -0.15308243,  0.5810407 ,
        2.44799161, -0.34473993, -0.91501375, -0.24417497,  0.0236065 ,
       -0.19259303, -0.01026274]), array([ 0.28256075,  1.54231996, -0.56459717, -0.15297287,  0.58014148,
        2.4479397 , -0.34251602, -0.91249432, -0.23622785,  0.02191175,
       -0.1798437 , -0.0103821 ]), array([ 0.28086063,  1.53777365, -0.56573578, -0.15287187,  0.5793085 ,
        2.44788722, -0.34002365, -0.9092606 , -0.22772369,  0.02019859,
       -0.16659541, -0.01049655]), array([ 0.2791743 ,  1.53324706, -0.56682917, -0.15277957,  0.57854414,
        2.44783419, -0.33726723, -0.90531974, -0.21867655,  0.01846136,
       -0.15287145, -0.0106065 ]), array([ 0.27750304,  1.52874366, -0.56787468, -0.15269609,  0.57785066,
        2.44778062, -0.33425142, -0.90067996, -0.20910165,  0.01669611,
       -0.13869773, -0.01071226]), array([ 0.27584813,  1.5242669 , -0.56886975, -0.15262159,  0.57723014,
        2.44772655, -0.33098119, -0.89535057, -0.19901539,  0.01490027,
       -0.12410241, -0.01081405]), array([ 0.27421082,  1.51982019, -0.56981193, -0.15255622,  0.57668457,
        2.44767199, -0.32746186, -0.88934203, -0.18843534,  0.01307247,
       -0.10911565, -0.01091199]), array([ 0.27259233,  1.51540686, -0.57069883, -0.15250016,  0.57621572,
        2.44761696, -0.32369916, -0.88266595, -0.17738025,  0.01121224,
       -0.09376936, -0.01100615]), array([ 0.27099383,  1.51103019, -0.57152818, -0.15245356,  0.57582523,
        2.44756148, -0.31969923, -0.87533513, -0.16586994,  0.00931991,
       -0.07809697, -0.01109654]), array([ 0.26941509,  1.50669371, -0.57229652, -0.15241361,  0.57551974,
        2.44750479, -0.31574832, -0.86729619, -0.15366741,  0.00799037,
       -0.06109818, -0.01133858]), array([ 0.26785722,  1.5024007 , -0.57300167, -0.152381  ,  0.57529944,
        2.44744733, -0.31157516, -0.85860082, -0.14103015,  0.00652161,
       -0.04406124, -0.01149207]), array([ 0.26632129,  1.49815434, -0.57364163, -0.1523563 ,  0.57516458,
        2.44738934, -0.3071859 , -0.84927183, -0.12799175,  0.00494054,
       -0.02697091, -0.01159812]), array([ 0.26480835,  1.49395768, -0.57421454, -0.15233996,  0.57511545,
        2.44733095, -0.30258741, -0.83933193, -0.11458374,  0.0032681 ,
       -0.00982598, -0.01167847]), array([ 2.63319413e-01,  1.48981366e+00, -5.74718727e-01, -1.52332355e-01,
        5.75152274e-01,  2.44727222e+00, -2.97787169e-01, -8.28804051e-01,
       -1.00836330e-01,  1.52096527e-03,  7.36436037e-03, -1.17444609e-02]), array([ 2.61855446e-01,  1.48572511e+00, -5.75152621e-01, -1.52333791e-01,
        5.75275190e-01,  2.44721321e+00, -2.92793274e-01, -8.17711493e-01,
       -8.67788679e-02, -2.87221083e-04,  2.45831980e-02, -1.18018300e-02]), array([ 2.60417375e-01,  1.48169472e+00, -5.75514822e-01, -1.52344516e-01,
        5.75484230e-01,  2.44715395e+00, -2.87614344e-01, -8.06078074e-01,
       -7.24402577e-02, -2.14509103e-03,  4.18079532e-02, -1.18533618e-02]), array([ 0.25900608,  1.47772507, -0.57580407, -0.15236473,  0.57577929,
        2.44709445, -0.2822595 , -0.79392821, -0.05784918, -0.00404296,
        0.05901195, -0.01190029]), array([ 0.25762239,  1.47381864, -0.57601924, -0.15239459,  0.57616012,
        2.44703473, -0.27673835, -0.78128695, -0.04303424, -0.00597245,
        0.07616561, -0.01194307]), array([ 0.25626708,  1.46997774, -0.57615936, -0.15243422,  0.5766263 ,
        2.44697482, -0.27106089, -0.76818003, -0.02802409, -0.00792612,
        0.09323742, -0.01198176]), array([ 0.25494089,  1.46620457, -0.5762236 , -0.15248371,  0.57717728,
        2.44691474, -0.26523753, -0.7546338 , -0.01284741, -0.00989735,
        0.11019461, -0.01201626]), array([ 0.2536445 ,  1.46250119, -0.57621126, -0.15254311,  0.5778123 ,
        2.44685451, -0.25927902, -0.74067528,  0.002467  , -0.01188009,
        0.12700378, -0.0120464 ]), array([ 0.25237852,  1.45886953, -0.57612181, -0.15261245,  0.57853045,
        2.44679415, -0.25319643, -0.72633206,  0.01789032, -0.01386876,
        0.14363137, -0.01207201]), array([ 0.25114351,  1.45531137, -0.57595484, -0.15269175,  0.57933067,
        2.44673368, -0.24700107, -0.71163227,  0.03339371, -0.0158582 ,
        0.160044  , -0.01209294]), array([ 0.24993999,  1.45182835, -0.5757101 , -0.15278096,  0.58021172,
        2.44667314, -0.24070449, -0.69660453,  0.04894835, -0.01784355,
        0.1762088 , -0.01210908]), array([ 0.2487684 ,  1.44842196, -0.57538747, -0.15288006,  0.58117219,
        2.44661254, -0.23431842, -0.68127787,  0.06452554, -0.01982023,
        0.19209366, -0.01212034]), array([ 0.24762912,  1.44509355, -0.57498699, -0.15298898,  0.58221052,
        2.4465519 , -0.22785471, -0.66568167,  0.08009674, -0.0217839 ,
        0.20766748, -0.01212668]), array([ 0.2465225 ,  1.44184432, -0.57450882, -0.15310764,  0.58332502,
        2.44649126, -0.22132533, -0.64984555,  0.09563366, -0.02373041,
        0.22290028, -0.01212809]), array([ 0.24544878,  1.43867533, -0.57395328, -0.15323592,  0.58451384,
        2.44643064, -0.21474226, -0.63379934,  0.11110831, -0.02565585,
        0.23776342, -0.01212458]), array([ 0.2444082 ,  1.43558746, -0.57332081, -0.1533737 ,  0.58577499,
        2.44637006, -0.20811752, -0.61757298,  0.12649309, -0.02755646,
        0.25222968, -0.01211621]), array([ 0.24340088,  1.43258148, -0.57261201, -0.15352084,  0.58710636,
        2.44630954, -0.20146307, -0.60119639,  0.1417609 , -0.02942867,
        0.26627339, -0.01210305]), array([ 0.24242693,  1.42965798, -0.57182758, -0.15367719,  0.58850571,
        2.44624912, -0.19479078, -0.58469945,  0.15688516, -0.03126911,
        0.27987052, -0.0120852 ]), array([ 0.24148637,  1.42681742, -0.57096838, -0.15384256,  0.5899707 ,
        2.4461888 , -0.18811241, -0.56811192,  0.1718399 , -0.03307457,
        0.29299877, -0.01206278]), array([ 0.24057917,  1.42406011, -0.57003538, -0.15401677,  0.59149889,
        2.44612862, -0.18143955, -0.55146327,  0.18659985, -0.03484201,
        0.3056376 , -0.01203594]), array([ 0.23970525,  1.42138619, -0.56902968, -0.15419961,  0.59308773,
        2.4460686 , -0.17478358, -0.53478272,  0.20114049, -0.03656861,
        0.3177683 , -0.01200484]), array([ 0.23886447,  1.4187957 , -0.56795249, -0.15439087,  0.5947346 ,
        2.44600875, -0.16815564, -0.51809907,  0.21543811, -0.03825171,
        0.32937401, -0.01196964]), array([ 0.23805664,  1.4162885 , -0.56680514, -0.15459032,  0.5964368 ,
        2.4459491 , -0.16156659, -0.50144067,  0.22946991, -0.03988886,
        0.34043976, -0.01193056]), array([ 0.2372815 ,  1.41386432, -0.56558907, -0.1547977 ,  0.59819156,
        2.44588966, -0.15502699, -0.48483533,  0.24321399, -0.04147779,
        0.35095249, -0.01188778]), array([ 0.23653877,  1.41152277, -0.56430582, -0.15501279,  0.59999607,
        2.44583045, -0.14854705, -0.46831025,  0.25664947, -0.04301644,
        0.36090103, -0.01184153]), array([ 0.23582809,  1.40926331, -0.56295704, -0.1552353 ,  0.60184745,
        2.44577149, -0.1421366 , -0.45189197,  0.26975647, -0.04450295,
        0.37027611, -0.01179203]), array([ 0.23514906,  1.40708528, -0.56154446, -0.15546498,  0.6037428 ,
        2.44571279, -0.1358051 , -0.43560629,  0.28251625, -0.04593567,
        0.37907036, -0.01173952]), array([ 0.23450125,  1.40498789, -0.56006991, -0.15570155,  0.60567919,
        2.44565437, -0.12956156, -0.41947824,  0.29491113, -0.04731316,
        0.38727824, -0.01168423]), array([ 0.23388418,  1.40297023, -0.55853528, -0.15594472,  0.60765367,
        2.44559624, -0.12341457, -0.40353197,  0.30692463, -0.04863416,
        0.39489605, -0.01162642]), array([ 0.23329732,  1.40103127, -0.55694257, -0.1561942 ,  0.60966328,
        2.44553841, -0.11737225, -0.38779078,  0.31854145, -0.04989765,
        0.40192188, -0.01156632]), array([ 0.23274011,  1.39916989, -0.55529384, -0.15644972,  0.61170506,
        2.44548089, -0.11144227, -0.37227701,  0.32974749, -0.0511028 ,
        0.40835557, -0.0115042 ]), array([ 0.23221195,  1.39738483, -0.55359119, -0.15671096,  0.61377605,
        2.44542369, -0.10563178, -0.35701201,  0.34052988, -0.05224897,
        0.41419863, -0.0114403 ]), array([ 0.23171221,  1.39567475, -0.5518368 , -0.15697764,  0.61587332,
        2.44536681, -0.09994747, -0.34201615,  0.35087702, -0.05333575,
        0.4194542 , -0.01137489]), array([ 0.23124023,  1.3940382 , -0.55003291, -0.15724946,  0.61799396,
        2.44531027, -0.0943955 , -0.32730874,  0.36077854, -0.05436289,
        0.424127  , -0.0113082 ]), array([ 0.23079533,  1.39247366, -0.54818178, -0.15752611,  0.62013508,
        2.44525407, -0.08898155, -0.312908  ,  0.37022536, -0.05533035,
        0.42822324, -0.0112405 ]), array([ 0.23037677,  1.39097951, -0.54628573, -0.1578073 ,  0.62229383,
        2.44519821, -0.08371077, -0.2988311 ,  0.37920964, -0.05623828,
        0.43175052, -0.01117202]), array([ 0.22998383,  1.38955404, -0.54434711, -0.15809273,  0.62446742,
        2.44514269, -0.07858782, -0.28509407,  0.38772482, -0.05708699,
        0.43471782, -0.01110301]), array([ 0.22961575,  1.38819548, -0.54236828, -0.15838212,  0.62665309,
        2.44508752, -0.07361685, -0.27171181,  0.39576557, -0.05787696,
        0.43713535, -0.01103369]), array([ 0.22927174,  1.38690199, -0.54035164, -0.15867516,  0.62884817,
        2.4450327 , -0.06880151, -0.25869812,  0.40332781, -0.05860885,
        0.43901452, -0.01096431]), array([ 0.22895102,  1.38567166, -0.5382996 , -0.15897158,  0.63105001,
        2.44497823, -0.06414495, -0.24606562,  0.41040869, -0.05928345,
        0.4403678 , -0.01089509]), array([ 0.22865277,  1.38450253, -0.53621457, -0.15927109,  0.63325605,
        2.4449241 , -0.05964985, -0.23382583,  0.41700652, -0.0599017 ,
        0.44120868, -0.01082623]), array([ 0.22837617,  1.38339258, -0.53409896, -0.15957341,  0.63546381,
        2.44487031, -0.05531841, -0.2219891 ,  0.42312083, -0.06046469,
        0.44155155, -0.01075794]), array([ 0.22812041,  1.38233976, -0.5319552 , -0.15987828,  0.63767087,
        2.44481685, -0.05115237, -0.21056467,  0.42875224, -0.06097361,
        0.44141164, -0.01069042]), array([ 0.22788465,  1.38134196, -0.52978569, -0.16018543,  0.63987489,
        2.44476374, -0.04715303, -0.19956064,  0.43390253, -0.06142977,
        0.44080489, -0.01062386]), array([ 0.22766804,  1.38039704, -0.52759282, -0.1604946 ,  0.64207363,
        2.44471094, -0.04332123, -0.18898401,  0.4385745 , -0.0618346 ,
        0.4397479 , -0.01055843]), array([ 0.22746975,  1.37950283, -0.52537896, -0.16080555,  0.64426492,
        2.44465847, -0.03965742, -0.1788407 ,  0.44277201, -0.0621896 ,
        0.43825782, -0.0104943 ]), array([ 0.22728895,  1.37865716, -0.52314646, -0.16111803,  0.64644668,
        2.44460631, -0.03616164, -0.16913553,  0.44649991, -0.06249637,
        0.43635227, -0.01043163]), array([ 0.22712478,  1.37785779, -0.52089764, -0.16143182,  0.64861693,
        2.44455446, -0.03283355, -0.15987229,  0.44976398, -0.06275658,
        0.43404927, -0.01037056]), array([ 0.22697642,  1.37710253, -0.51863478, -0.16174668,  0.65077376,
        2.4445029 , -0.02967242, -0.15105371,  0.4525709 , -0.06297195,
        0.43136712, -0.01031123]), array([ 0.22684303,  1.37638912, -0.51636014, -0.1620624 ,  0.65291538,
        2.44445164, -0.02667719, -0.14268154,  0.4549282 , -0.06314427,
        0.42832438, -0.01025376]), array([ 0.2267238 ,  1.37571534, -0.51407592, -0.16237877,  0.65504008,
        2.44440064, -0.02384649, -0.13475656,  0.4568442 , -0.06327537,
        0.42493975, -0.01019827]), array([ 0.22661791,  1.37507894, -0.51178428, -0.16269561,  0.65714624,
        2.44434992, -0.02117859, -0.12727858,  0.45832797, -0.06336709,
        0.42123199, -0.01014486]), array([ 0.22652455,  1.37447771, -0.50948734, -0.16301272,  0.65923234,
        2.44429945, -0.01867151, -0.12024651,  0.45938928, -0.06342133,
        0.41721989, -0.01009361]), array([ 0.22644293,  1.37390942, -0.50718714, -0.16332992,  0.66129695,
        2.44424923, -0.01632298, -0.11365839,  0.46003851, -0.06344   ,
        0.41292219, -0.01004462]), array([ 0.22637228,  1.37337186, -0.50488571, -0.16364704,  0.66333874,
        2.44419924, -0.01413048, -0.1075114 ,  0.46028666, -0.06342499,
        0.40835752, -0.00999795]), array([ 0.22631182,  1.37286285, -0.50258498, -0.16396393,  0.66535646,
        2.44414947, -0.01209125, -0.10180192,  0.46014523, -0.06337824,
        0.40354431, -0.00995367]), array([ 0.22626081,  1.37238022, -0.50028685, -0.16428044,  0.66734897,
        2.44409991, -0.01020232, -0.09652556,  0.45962622, -0.06330163,
        0.3985008 , -0.00991182]), array([ 0.22621851,  1.37192184, -0.49799314, -0.16459643,  0.66931519,
        2.44405055, -0.0084605 , -0.09167719,  0.45874205, -0.06319706,
        0.39324494, -0.00987245]), array([ 0.2261842 ,  1.37148558, -0.49570561, -0.16491176,  0.67125416,
        2.44400137, -0.00686246, -0.08725099,  0.45750549, -0.06306642,
        0.38779437, -0.00983559]), array([ 0.22615717,  1.37106938, -0.49342597, -0.16522632,  0.67316499,
        2.44395237, -0.00540467, -0.08324049,  0.45592966, -0.06291156,
        0.38216638, -0.00980128]), array([ 0.22613676,  1.37067119, -0.49115583, -0.16553999,  0.67504688,
        2.44390352, -0.00408347, -0.07963859,  0.45402794, -0.06273429,
        0.37637787, -0.00976951]), array([ 0.22612228,  1.370289  , -0.48889676, -0.16585267,  0.67689911,
        2.44385482, -0.00289507, -0.07643762,  0.45181392, -0.0625364 ,
        0.3704453 , -0.00974031]), array([ 2.26113104e-01,  1.36992085e+00, -4.86650250e-01, -1.66164267e-01,
        6.78721034e-01,  2.44380625e+00, -1.83555581e-03, -7.36293744e-02,
        4.49301389e-01, -6.23196530e-02,  3.64384712e-01, -9.71367766e-03]), array([ 2.26108599e-01,  1.36956483e+00, -4.84417729e-01, -1.66474696e-01,
        6.80512092e-01,  2.44375780e+00, -9.00924215e-04, -7.12051547e-02,
        4.46504244e-01, -6.20857520e-02,  3.58211648e-01, -9.68960168e-03]), array([ 2.26108164e-01,  1.36921905e+00, -4.82200546e-01, -1.66783878e-01,
        6.82271798e-01,  2.44370946e+00, -8.70850996e-05, -6.91557960e-02,
        4.43436479e-01, -6.18363626e-02,  3.51941171e-01, -9.66807299e-03]), array([ 2.26111214e-01,  1.36888169e+00, -4.79999986e-01, -1.67091743e-01,
        6.83999737e-01,  2.44366121e+00,  6.10121810e-04, -6.74717167e-02,
        4.40112127e-01, -6.15731025e-02,  3.45587834e-01, -9.64907347e-03]), array([ 2.26117189e-01,  1.36855097e+00, -4.77817259e-01, -1.67398231e-01,
        6.85695565e-01,  2.44361305e+00,  1.19491336e-03, -6.61429537e-02,
        4.36545229e-01, -6.12975391e-02,  3.39165667e-01, -9.63257933e-03]), array([ 2.26125547e-01,  1.36822518e+00, -4.75653510e-01, -1.67703287e-01,
        6.87359006e-01,  2.44356496e+00,  1.67155014e-03, -6.51592002e-02,
        4.32749790e-01, -6.10111880e-02,  3.32688173e-01, -9.61856152e-03]), array([ 2.26135768e-01,  1.36790263e+00, -4.73509812e-01, -1.68006864e-01,
        6.88989848e-01,  2.44351692e+00,  2.04432434e-03, -6.45098427e-02,
        4.28739749e-01, -6.07155117e-02,  3.26168314e-01, -9.60698619e-03]), array([ 2.26147356e-01,  1.36758171e+00, -4.71387167e-01, -1.68308924e-01,
        6.90587940e-01,  2.44346893e+00,  2.31754822e-03, -6.41839965e-02,
        4.24528943e-01, -6.04119174e-02,  3.19618512e-01, -9.59781507e-03]), array([ 0.22615983,  1.36726086, -0.46928651, -0.16860943,  0.69215319,
        2.44342098,  0.00249554, -0.06417054,  0.42013108, -0.06010176,
        0.31305065, -0.00959101]), array([ 0.22617275,  1.36693857, -0.46720871, -0.16890836,  0.69368557,
        2.44337305,  0.00258263, -0.06445816,  0.41555969, -0.05978633,
        0.30647606, -0.00958651]), array([ 0.22618566,  1.36661339, -0.46515457, -0.1692057 ,  0.6951851 ,
        2.44332513,  0.00258312, -0.06503535,  0.41082814, -0.05946686,
        0.29990556, -0.00958429]), array([ 0.22619817,  1.36628394, -0.46312482, -0.16950142,  0.69665185,
        2.4432772 ,  0.0025013 , -0.0658905 ,  0.40594958, -0.05914455,
        0.29334941, -0.00958427]), array([ 2.26209876e-01,  1.36594888e+00, -4.61120140e-01, -1.69795524e-01,
        6.98085935e-01,  2.44322927e+00,  2.34142732e-03, -6.70118664e-02,
        4.00936913e-01, -5.88205195e-02,  2.86817356e-01, -9.58642383e-03]), array([ 2.26220415e-01,  1.36560694e+00, -4.59141126e-01, -1.70088003e-01,
        6.99487529e-01,  2.44318132e+00,  2.10773742e-03, -6.83876476e-02,
        3.95802798e-01, -5.84958313e-02,  2.80318631e-01, -9.59067629e-03]), array([ 0.2285158 ,  1.36716125, -0.45552491, -0.17276017,  0.69946723,
        2.45359637,  0.45907719,  0.31086299,  0.72324385, -0.5344326 ,
       -0.00405879,  2.08301127]), array([ 0.23380837,  1.36412025, -0.44938415, -0.16792672,  0.70638223,
        2.45284893,  1.05851469, -0.60820065,  1.22815121,  0.96668974,
        1.38299817, -0.14948846]), array([ 0.24041629,  1.35625186, -0.43947759, -0.15752799,  0.71966255,
        2.44146358,  1.32158224, -1.57367899,  1.98131178,  2.0797456 ,
        2.65606563, -2.27707112]), array([ 0.24689544,  1.35148078, -0.43036333, -0.15207905,  0.73034964,
        2.44113006,  1.29583138, -0.95421458,  1.82285203,  1.08978888,
        2.13741757, -0.06670353]), array([ 0.25401379,  1.35079197, -0.42493025, -0.14349345,  0.73722045,
        2.45050311,  1.42366989, -0.13776224,  1.08661606,  1.71711925,
        1.37416239,  1.87460936]), array([ 0.26081653,  1.34765   , -0.41928815, -0.13813433,  0.74380078,
        2.44988198,  1.36054691, -0.62839444,  1.12841936,  1.07182322,
        1.31606482, -0.1242254 ]), array([ 0.26718469,  1.34694149, -0.41372617, -0.13673426,  0.75030384,
        2.43931881,  1.27363342, -0.14170146,  1.11239654,  0.28001367,
        1.30061252, -2.11263473]), array([ 0.27399593,  1.34277072, -0.4065637 , -0.13149449,  0.75866852,
        2.43909713,  1.36224706, -0.83415513,  1.4324944 ,  1.04795445,
        1.67293607, -0.04433453]), array([ 0.28120845,  1.34153763, -0.40069426, -0.12247469,  0.76565665,
        2.42806035,  1.44250457, -0.24661753,  1.17388895,  1.80396092,
        1.39762622, -2.20735634]), array([ 0.28791082,  1.3369867 , -0.39306758, -0.1177633 ,  0.77415302,
        2.42830327,  1.34047421, -0.91018593,  1.52533523,  0.94227763,
        1.69927298,  0.04858335]), array([ 0.29512489,  1.32791771, -0.38124931, -0.10935202,  0.78608063,
        2.43841541,  1.44281274, -1.81379746,  2.36365457,  1.68225682,
        2.38552307,  2.02242819]), array([ 0.30194684,  1.32194775, -0.37057937, -0.10489672,  0.79663766,
        2.43816435,  1.36439142, -1.19399287,  2.13398626,  0.89105995,
        2.1114047 , -0.05021271]), array([ 0.30833515,  1.31997939, -0.36316106, -0.10507814,  0.80381506,
        2.448474  ,  1.27766059, -0.39367217,  1.48366306, -0.03628512,
        1.43548117,  2.06193182]), array([ 0.31543544,  1.31516437, -0.35504094, -0.10037636,  0.81136694,
        2.44782301,  1.4200584 , -0.96300256,  1.6240232 ,  0.94035697,
        1.51037497, -0.13019821]), array([ 0.32293044,  1.30570653, -0.34258248, -0.09131576,  0.82338824,
        2.43660008,  1.49900044, -1.89156826,  2.49169328,  1.81212018,
        2.40426086, -2.24458719]), array([ 0.32985025,  1.29206203, -0.32611664, -0.08662718,  0.83847606,
        2.43657874,  1.38396243, -2.7288998 ,  3.29316783,  0.93771595,
        3.01756443, -0.00426738]), array([ 0.33643899,  1.28171002, -0.31110801, -0.085626  ,  0.85207713,
        2.42657157,  1.31774651, -2.07040313,  3.00172643,  0.20023431,
        2.72021259, -2.00143417]), array([ 0.3435415 ,  1.27544304, -0.29977532, -0.08146111,  0.86247874,
        2.42667783,  1.42050307, -1.25339481,  2.26653695,  0.83297912,
        2.08032336,  0.02125237]), array([ 0.35125365,  1.26592622, -0.28693834, -0.07284203,  0.87470951,
        2.41625604,  1.54242943, -1.90336452,  2.5673965 ,  1.72381521,
        2.44615391, -2.08435772]), array([ 0.35840212,  1.25256083, -0.27067393, -0.06849788,  0.88905055,
        2.41698318,  1.42969473, -2.67307823,  3.25288155,  0.86883059,
        2.86820772,  0.14542827]), array([ 0.36728405,  1.23765895, -0.25614561, -0.06523347,  0.90216191,
        2.40792069,  1.77638508, -2.98037531,  2.90566346,  0.65288171,
        2.62227095, -1.81249958]), array([ 0.37640867,  1.22590239, -0.24178982, -0.06574089,  0.91138795,
        2.40963968,  1.82492532, -2.35131194,  2.87115968, -0.10148428,
        1.84520971,  0.34379817]), array([ 0.38642373,  1.21867883, -0.23177792, -0.06197524,  0.91635138,
        2.40055906,  2.00301178, -1.44471262,  2.00237875,  0.75313087,
        0.9926858 , -1.81612442]), array([ 0.39709773,  1.20775117, -0.21922028, -0.05453377,  0.92357815,
        2.40175656,  2.1347986 , -2.18553254,  2.51152727,  1.48829313,
        1.44535298,  0.23950059]), array([ 0.40840485,  1.20009558, -0.20834287, -0.04403469,  0.928774  ,
        2.41260542,  2.26142467, -1.53111681,  2.17548353,  2.09981671,
        1.03916952,  2.16977271]), array([ 0.41932812,  1.18862689, -0.1940593 , -0.03687   ,  0.93607106,
        2.4132319 ,  2.18465524, -2.29373938,  2.85671405,  1.43293855,
        1.45941353,  0.12529528]), array([ 0.43084572,  1.18023532, -0.1808105 , -0.02596217,  0.94177471,
        2.40307555,  2.30351936, -1.67831302,  2.64975951,  2.18156424,
        1.14073024, -2.03126975]), array([ 0.44294841,  1.16839605, -0.16516686, -0.0118128 ,  0.94860066,
        2.40328972,  2.42053835, -2.36785422,  3.12872863,  2.82987421,
        1.36518825,  0.04283373]), array([ 4.54530251e-01,  1.15402101e+00, -1.46701603e-01, -2.45415480e-04,
        9.57179228e-01,  2.39761436e+00,  2.31636748e+00, -2.87500745e+00,
        3.69305062e+00,  2.31347766e+00,  1.71571462e+00, -1.13507172e+00]), array([ 0.46572172,  1.13910236, -0.12779378,  0.01000411,  0.96602227,
        2.39021895,  2.23829475, -2.98373118,  3.78156531,  2.04990522,
        1.76860862, -1.47908195]), array([ 0.47734498,  1.1272811 , -0.11006393,  0.02309758,  0.97378188,
        2.39282457,  2.32465205, -2.36425229,  3.54596925,  2.61869423,
        1.55192248,  0.52112349]), array([ 0.48932269,  1.11302674, -0.09082254,  0.03894748,  0.98199279,
        2.38696123,  2.39554041, -2.85087055,  3.8482778 ,  3.16998001,
        1.64218075, -1.17266677]), array([ 0.50093634,  1.09929133, -0.07250876,  0.05390206,  0.98962217,
        2.38138324,  2.32272982, -2.7470836 ,  3.66275725,  2.99091644,
        1.52587584, -1.11559771]), array([ 0.512372  ,  1.08413913, -0.05303201,  0.06683412,  0.99837565,
        2.38027557,  2.28713359, -3.03043825,  3.89534946,  2.58641072,
        1.75069589, -0.22153537]), array([ 0.5244422 ,  1.07068194, -0.03361357,  0.07797075,  1.00670888,
        2.38536739,  2.41403938, -2.6914392 ,  3.88368727,  2.22732675,
        1.66664755,  1.01836541]), array([ 0.53828675,  1.0595849 , -0.01454724,  0.08835847,  1.01429967,
        2.38206234,  2.76891071, -2.21940771,  3.81326699,  2.07754322,
        1.51815668, -0.66101005]), array([ 0.55225373,  1.0481279 ,  0.00434123,  0.0980491 ,  1.02180453,
        2.37692233,  2.79339553, -2.29139974,  3.77769345,  1.93812676,
        1.50097258, -1.02800286]), array([ 0.56635507,  1.03776712,  0.02183814,  0.10682985,  1.02859955,
        2.37405484,  2.82026688, -2.07215529,  3.49938224,  1.7561502 ,
        1.3590038 , -0.57349766]), array([ 0.57933657,  1.02772163,  0.03803242,  0.11747118,  1.03300816,
        2.37112602,  2.59630161, -2.00909983,  3.23885617,  2.1282656 ,
        0.88172168, -0.58576432]), array([ 0.59139822,  1.01807315,  0.05312439,  0.12942196,  1.03532146,
        2.36819208,  2.41232926, -1.92969569,  3.01839385,  2.390156  ,
        0.4626599 , -0.58678879]), array([ 0.60265739,  1.00882331,  0.06726348,  0.14219842,  1.03609317,
        2.36528979,  2.25183375, -1.84996786,  2.82781786,  2.55529132,
        0.15434311, -0.58045792]), array([ 0.61321259,  0.99997242,  0.0805701 ,  0.1554054 ,  1.03572799,
        2.36244814,  2.1110404 , -1.77017668,  2.6613245 ,  2.6413976 ,
       -0.07303566, -0.56833016]), array([ 0.62314685,  0.99151892,  0.09314151,  0.16872309,  1.03451918,
        2.35968982,  1.98685077, -1.69070037,  2.51428118,  2.66353782,
       -0.24176319, -0.55166302]), array([ 0.63253032,  0.98345923,  0.1050566 ,  0.18189542,  1.03267718,
        2.35703235,  1.87669553, -1.6119378 ,  2.38301845,  2.63446466,
       -0.36840032, -0.53149463]), array([ 0.64142247,  0.97578794,  0.11637982,  0.19472008,  1.03035135,
        2.35448887,  1.77842906, -1.53425822,  2.26464422,  2.5649318 ,
       -0.4651662 , -0.50869482]), array([ 0.64987372,  0.96849805,  0.12716425,  0.20703992,  1.02764634,
        2.35206888,  1.69025098, -1.45797844,  2.15688553,  2.46396853,
       -0.54100215, -0.48399792]), array([ 0.65792695,  0.96158127,  0.13745404,  0.21873553,  1.0246344 ,
        2.34977876,  1.61064592, -1.38335561,  2.05795788,  2.33912124,
       -0.60238647, -0.45802495]), array([ 0.66561863,  0.95502833,  0.14728634,  0.22971885,  1.02136462,
        2.34762226,  1.53833594, -1.31058819,  1.96645974,  2.19666524,
       -0.65395677, -0.43129958]), array([ 0.67297984,  0.94882923,  0.15669278,  0.2399278 ,  1.0178697 ,
        2.34560096,  1.47224228, -1.23982113,  1.88128836,  2.04178983,
       -0.69898369, -0.40426056]), array([ 0.68003711,  0.94297346,  0.16570065,  0.2493216 ,  1.01417105,
        2.3437146 ,  1.41145396, -1.1711527 ,  1.80157355,  1.87875953,
       -0.73973024, -0.37727201]), array([ 0.68681312,  0.93745025,  0.17433378,  0.25787687,  1.01028243,
        2.34196144,  1.35520186, -1.10464174,  1.72662567,  1.71105412,
       -0.77772326, -0.35063239]), array([ 0.69332731,  0.93224868,  0.18261325,  0.26558432,  1.00621265,
        2.34033852,  1.30283694, -1.04031458,  1.65589516,  1.54148979,
       -0.81395754, -0.32458264]), array([ 0.69959637,  0.92735782,  0.19055796,  0.27244594,  1.0019674 ,
        2.33884196,  1.25381189, -0.97817133,  1.58894104,  1.37232381,
       -0.84904845, -0.29931356]), array([ 0.7056347 ,  0.92276687,  0.19818499,  0.27847266,  0.99755068,
        2.33746709,  1.20766563, -0.91819145,  1.52540646,  1.20534443,
       -0.88334525, -0.27497254]), array([ 0.71145475,  0.91846517,  0.20550999,  0.2836824 ,  0.9929656 ,
        2.33620874,  1.16401012, -0.86033851,  1.46499978,  1.04194815,
       -0.91701469, -0.25166976]), array([ 0.71706734,  0.91444235,  0.21254739,  0.28809843,  0.98821509,
        2.33506133,  1.12251914, -0.80456424,  1.40747985,  0.88320559,
       -0.95010199, -0.22948375]), array([ 0.72248194,  0.91068829,  0.21931061,  0.29174802,  0.98330222,
        2.33401899,  1.08291876, -0.75081188,  1.35264462,  0.72991779,
       -0.98257489, -0.20846636]), array([ 0.72770683,  0.9071932 ,  0.22581222,  0.29466134,  0.97823044,
        2.33307576,  1.0449792 , -0.69901898,  1.30032238,  0.58266384,
       -1.01435503, -0.18864725]), array([ 0.73274937,  0.9039476 ,  0.23206405,  0.29687054,  0.97300374,
        2.33222557,  1.00850788, -0.64911964,  1.25036488,  0.4418413 ,
       -1.0453399 , -0.17003774]), array([ 0.73761609,  0.90094237,  0.23807726,  0.29840904,  0.96762666,
        2.3314624 ,  0.97334359, -0.60104635,  1.2026421 ,  0.30770022,
       -1.07541782, -0.15263425]), array([ 0.74231285,  0.89816871,  0.24386245,  0.2993109 ,  0.96210427,
        2.33078029,  0.93935141, -0.55473139,  1.15703814,  0.18037176,
       -1.10447788, -0.13642123]), array([ 0.74684494,  0.89561817,  0.24942969,  0.29961036,  0.95644218,
        2.33017342,  0.90641852, -0.51010802,  1.11344812,  0.05989202,
       -1.13241623, -0.1213737 ]), array([ 0.75121719,  0.89328261,  0.25478857,  0.29934147,  0.95064649,
        2.32963613,  0.87445055, -0.46711129,  1.07177574, -0.05377795,
       -1.15913967, -0.10745935]), array([ 0.75543403,  0.89115422,  0.25994823,  0.29853779,  0.94472365,
        2.32916292,  0.8433685 , -0.42567868,  1.03193146, -0.16073565,
       -1.18456759, -0.09464039]), array([ 0.75949956,  0.88922547,  0.26491738,  0.29723218,  0.93868049,
        2.32874855,  0.81310622, -0.38575061,  0.99383108, -0.26112352,
       -1.20863246, -0.08287506]), array([ 0.76341761,  0.88748912,  0.26970435,  0.29545659,  0.93252409,
        2.32838795,  0.7836081 , -0.34727069,  0.9573947 , -0.35511764,
       -1.23127967, -0.07211884]), array([ 0.76719174,  0.88593819,  0.27431708,  0.293242  ,  0.92626175,
        2.32807633,  0.75482732, -0.31018595,  0.92254594, -0.44291863,
       -1.25246674, -0.06232555]), array([ 0.77082536,  0.88456595,  0.27876314,  0.29061827,  0.91990094,
        2.32780909,  0.72672421, -0.27444693,  0.88921135, -0.52474416,
       -1.27216231, -0.05344813]), array([ 0.77432169,  0.88336591,  0.28304974,  0.28761416,  0.91344922,
        2.32758189,  0.69926494, -0.24000769,  0.85732   , -0.60082292,
       -1.29034488, -0.04543934]), array([ 0.77768379,  0.88233178,  0.28718376,  0.28425721,  0.90691421,
        2.32739063,  0.67242042, -0.20682578,  0.82680317, -0.67138983,
       -1.30700161, -0.03825232]), array([ 0.78091462,  0.88145747,  0.29117173,  0.2805738 ,  0.90030357,
        2.32723142,  0.64616534, -0.17486212,  0.79759419, -0.73668219,
       -1.32212709, -0.031841  ]), array([ 0.784017  ,  0.88073707,  0.29501987,  0.27658912,  0.89362496,
        2.32710062,  0.62047739, -0.14408092,  0.76962828, -0.79693662,
       -1.33572214, -0.0261604 ]), array([ 0.78699369,  0.88016482,  0.29873408,  0.27232718,  0.886886  ,
        2.32699479,  0.59533657, -0.11444948,  0.7428425 , -0.8523868 ,
       -1.34779281, -0.02116693]), array([ 0.78984731,  0.87973513,  0.30231996,  0.26781087,  0.88009425,
        2.32691069,  0.57072469, -0.08593806,  0.71717569, -0.90326162,
       -1.3583494 , -0.01681853]), array([ 0.79258043,  0.87944253,  0.3057828 ,  0.26306196,  0.87325722,
        2.32684532,  0.54662483, -0.05851963,  0.69256852, -0.94978385,
       -1.36740559, -0.01307481]), array([ 0.79519554,  0.87928168,  0.30912762,  0.25810111,  0.86638234,
        2.32679583,  0.52302101, -0.03216976,  0.66896344, -0.99216915,
       -1.37497774, -0.00989713]), array([ 0.79769503,  0.87924735,  0.31235914,  0.25294798,  0.85947691,
        2.32675959,  0.49989786, -0.00686634,  0.64630474, -1.03062542,
       -1.38108424, -0.00724865]), array([ 0.80008123,  0.8793344 ,  0.31548184,  0.24762122,  0.85254819,
        2.32673412,  0.47724034,  0.01741056,  0.62453861, -1.06535233,
       -1.385745  , -0.00509434]), array([ 0.8023564 ,  0.8795378 ,  0.3184999 ,  0.24213852,  0.84560329,
        2.32671711,  0.45503355,  0.04067893,  0.60361312, -1.09654105,
       -1.38898098, -0.00340098]), array([ 8.04522710e-01,  8.79852574e-01,  3.21417294e-01,  2.36516645e-01,
        8.38649216e-01,  2.32670643e+00,  4.33262528e-01,  6.29549862e-02,
        5.83478314e-01, -1.12437417e+00, -1.39081386e+00, -2.13712473e-03]), array([ 8.06582271e-01,  8.80273841e-01,  3.24237724e-01,  2.30771516e-01,
        8.31692887e-01,  2.32670006e+00,  4.11912141e-01,  8.42533796e-02,
        5.64086191e-01, -1.14902566e+00, -1.39126573e+00, -1.27306811e-03]), array([ 8.08537106e-01,  8.80796778e-01,  3.26964678e-01,  2.24918211e-01,
        8.24741093e-01,  2.32669616e+00,  3.90966965e-01,  1.04587365e-01,
        5.45390782e-01, -1.17066102e+00, -1.39035884e+00, -7.80800962e-04]), array([ 8.10389162e-01,  8.81416623e-01,  3.29601419e-01,  2.18971024e-01,
        8.17800515e-01,  2.32669299e+00,  3.70411206e-01,  1.23968980e-01,
        5.27348147e-01, -1.18943739e+00, -1.38811549e+00, -6.33945769e-04]), array([ 8.12140305e-01,  8.82128669e-01,  3.32151001e-01,  2.12943505e-01,
        8.10877726e-01,  2.32668895e+00,  3.50228648e-01,  1.42409211e-01,
        5.09916400e-01, -1.20550379e+00, -1.38455784e+00, -8.07695100e-04]), array([ 8.13792318e-01,  8.82928260e-01,  3.34616280e-01,  2.06848498e-01,
        8.03979187e-01,  2.32668256e+00,  3.30402606e-01,  1.59918151e-01,
        4.93055722e-01, -1.21900140e+00, -1.37970786e+00, -1.27874422e-03]), array([ 8.15346898e-01,  8.83810785e-01,  3.36999922e-01,  2.00698179e-01,
        7.97111251e-01,  2.32667243e+00,  3.10915915e-01,  1.76505145e-01,
        4.76728360e-01, -1.23006378e+00, -1.37358725e+00, -2.02522130e-03]), array([ 0.81680565,  0.88477168,  0.33930441,  0.19450409,  0.79028016,
        2.3266573 ,  0.29175092,  0.19217893,  0.46089863, -1.23881722,
       -1.36621745, -0.00302662]), array([ 0.8181701 ,  0.88580642,  0.34153208,  0.18827719,  0.78349207,
        2.32663598,  0.27288947,  0.20694775,  0.44553289, -1.24538104,
       -1.35761959, -0.00426371]), array([ 0.81944166,  0.88691052,  0.34368508,  0.18202785,  0.77675299,
        2.32660739,  0.25431296,  0.22081951,  0.43059954, -1.24986789,
       -1.34781453, -0.0057185 ]), array([ 0.82062168,  0.88807953,  0.34576542,  0.17576593,  0.77006888,
        2.32657052,  0.23600234,  0.23380185,  0.416069  , -1.25238407,
       -1.3368229 , -0.00737415]), array([ 0.82171137,  0.88930904,  0.34777499,  0.16950078,  0.76344555,
        2.32652444,  0.21793814,  0.24590225,  0.40191366, -1.25302985,
       -1.3246651 , -0.00921488]), array([ 0.82271187,  0.89059468,  0.34971553,  0.16324128,  0.75688875,
        2.32646831,  0.20010053,  0.25712815,  0.38810784, -1.25189981,
       -1.31136138, -0.01122594]), array([ 0.82362422,  0.89193211,  0.35158867,  0.15699586,  0.75040409,
        2.32640134,  0.18246937,  0.26748701,  0.37462778, -1.24908309,
       -1.29693189, -0.01339355]), array([ 0.82444934,  0.89331704,  0.35339593,  0.15077255,  0.7439971 ,
        2.32632282,  0.16502424,  0.27698637,  0.36145154, -1.24466373,
       -1.28139669, -0.01570479]), array([ 0.82518806,  0.89474521,  0.35513872,  0.14457894,  0.73767322,
        2.32623208,  0.1477445 ,  0.28563397,  0.34855902, -1.23872094,
       -1.26477587, -0.01814759]), array([ 0.82584111,  0.8962124 ,  0.35681838,  0.13842229,  0.73143778,
        2.32612853,  0.13060936,  0.29343775,  0.33593181, -1.23132936,
       -1.24708957, -0.02071067]), array([ 0.8264091 ,  0.89771443,  0.35843615,  0.1323095 ,  0.72529599,
        2.32601161,  0.11359795,  0.30040594,  0.3235532 , -1.22255937,
       -1.22835801, -0.02338345]), array([ 0.82689254,  0.89924717,  0.35999319,  0.12624711,  0.71925298,
        2.32588083,  0.09668934,  0.3065471 ,  0.31140809, -1.21247732,
       -1.20860157, -0.02615605]), array([ 0.82729186,  0.90080652,  0.3614906 ,  0.12024138,  0.71331377,
        2.32573574,  0.07986264,  0.31187014,  0.29948291, -1.20114577,
       -1.18784085, -0.02901921]), array([ 0.8275532 ,  0.90226042,  0.36280383,  0.11448552,  0.70734917,
        2.32557109,  0.05226874,  0.2907811 ,  0.26264511, -1.1511733 ,
       -1.19291975, -0.03292904])], 'U_history': [array([ 1.23238430e-03, -6.48335449e-05,  3.13522331e-05, -3.28650359e-04,
       -3.21611602e-04, -1.15452126e-19]), array([ 0.03135837,  0.0847193 , -0.00195754, -0.00556909,  0.06539853,
        0.00419074]), array([ 0.06087545,  0.16669158,  0.00199267, -0.01050135,  0.11931227,
        0.00669944]), array([ 0.08973288,  0.24588079,  0.01067758, -0.01514252,  0.16440494,
        0.00826006]), array([ 0.11790459,  0.32236131,  0.0231436 , -0.01950767,  0.20290541,
        0.00928198]), array([ 0.14538483,  0.39624639,  0.03863819, -0.0236136 ,  0.23648078,
        0.0099947 ]), array([ 0.17218435,  0.46768321,  0.05657152, -0.02747956,  0.26638193,
        0.01052768]), array([ 0.19832647,  0.53684706,  0.07648498, -0.03112642,  0.29355084,
        0.01095445]), array([ 0.22384328,  0.60393351,  0.09802444, -0.03457561,  0.31869899,
        0.01131715]), array([ 0.24877268,  0.6691503 ,  0.12091773, -0.03784825,  0.34236468,
        0.01164015]), array([ 0.27315636,  0.73271052,  0.14495677, -0.04096451,  0.36495562,
        0.01193769]), array([ 0.29703871,  0.79482827,  0.16998397, -0.04394333,  0.38678118,
        0.01221822]), array([ 0.32046614,  0.85571596,  0.19588207, -0.04680227,  0.40807701,
        0.01248679]), array([ 0.34348662,  0.91558304,  0.22256636, -0.04955747,  0.42902371,
        0.01274646]), array([ 0.36614917,  0.97463508,  0.24997871, -0.05222364,  0.4497609 ,
        0.01299915]), array([ 0.38850344,  1.03307326,  0.27808262, -0.05481409,  0.47039774,
        0.01324606]), array([ 0.41059932,  1.09109388,  0.30685926, -0.05734081,  0.49102073,
        0.01348799]), array([ 0.43248651,  1.14888791,  0.33630412, -0.05981454,  0.51169936,
        0.01372549]), array([ 0.45421414,  1.20664051,  0.3664241 , -0.06224488,  0.53249036,
        0.01395899]), array([ 0.47583044,  1.26453059,  0.39723518, -0.06464034,  0.55344071,
        0.01418882]), array([ 0.41630963,  1.3174601 ,  0.42518124, -0.04456494,  0.56672956,
        0.01441529]), array([ 0.43282536,  1.37351939,  0.4556341 , -0.04774965,  0.58744944,
        0.0150119 ]), array([ 0.44900895,  1.4300893 ,  0.48681699, -0.05052037,  0.6083091 ,
        0.01540374]), array([ 0.46493677,  1.48734267,  0.51877594, -0.05296885,  0.62936586,
        0.01569135]), array([ 0.48068296,  1.54544052,  0.55155621, -0.05516724,  0.65066604,
        0.01592809]), array([ 0.49631839,  1.60453213,  0.58520138, -0.0571728 ,  0.67224689,
        0.01614181]), array([ 0.51191004,  1.66475501,  0.61975267, -0.0590313 ,  0.69413814,
        0.01634675]), array([ 0.52752068,  1.7262349 ,  0.65524829, -0.06077952,  0.71636311,
        0.01654991]), array([ 0.54320868,  1.78908565,  0.69172284, -0.0624471 ,  0.73893958,
        0.0167545 ]), array([ 0.55902799,  1.85340903,  0.72920673, -0.06405801,  0.76188041,
        0.01696184]), array([ 0.57502807,  1.9192945 ,  0.76772564, -0.06563169,  0.78519397,
        0.01717227]), array([ 0.59125392,  1.98681895,  0.80730005, -0.06718388,  0.8088844 ,
        0.01738572]), array([ 0.60774609,  2.05604637,  0.84794474, -0.06872736,  0.83295184,
        0.01760194]), array([ 0.62454068,  2.12702759,  0.88966836, -0.07027249,  0.85739254,
        0.01782063]), array([ 0.64166934,  2.1998    ,  0.93247307, -0.07182762,  0.88219893,
        0.01804151]), array([ 0.65915932,  2.27438727,  0.9763542 , -0.07339948,  0.90735972,
        0.0182643 ]), array([ 0.67703341,  2.35079916,  1.02129995, -0.07499342,  0.93285991,
        0.01848878]), array([ 0.69531001,  2.4290313 ,  1.06729115, -0.07661364,  0.95868082,
        0.01871471]), array([ 0.71400312,  2.50906511,  1.11430112, -0.07826338,  0.98480017,
        0.0189419 ]), array([ 0.73312233,  2.59086772,  1.16229551, -0.07994504,  1.01119213,
        0.01917013]), array([ 1.03337214,  2.72216719,  1.24392221, -0.15516376,  1.07923589,
        0.0193992 ]), array([ 1.0608988 ,  2.8099285 ,  1.29519701, -0.15188502,  1.10315777,
        0.01836738]), array([ 1.08855182,  2.89906098,  1.34709076, -0.14979755,  1.1280272 ,
        0.01803813]), array([ 1.11633438,  2.98948453,  1.39957221, -0.14864188,  1.15360496,
        0.01806539]), array([ 1.14423859,  3.08110147,  1.45259264, -0.14821772,  1.17969631,
        0.01826538]), array([ 1.17224754,  3.17379816,  1.50608873, -0.14836842,  1.20614002,
        0.01854196]), array([ 1.20033681,  3.26744627,  1.55998485, -0.14897031,  1.23280002,
        0.018846  ]), array([ 1.22847573,  3.36190405,  1.61419493, -0.14992499,  1.25955898,
        0.01915335]), array([ 1.25662837,  3.45701748,  1.66862402, -0.15115369,  1.28631361,
        0.01945294]), array([ 1.28475441,  3.55262136,  1.7231696 , -0.15259307,  1.31297109,
        0.01974039]), array([ 1.31280987,  3.64854047,  1.77772276, -0.15419194,  1.33944643,
        0.02001461]), array([ 1.34074775,  3.74459065,  1.83216924, -0.15590875,  1.36566059,
        0.02027599]), array([ 1.36851865,  3.84057995,  1.88639036, -0.15770965,  1.39153914,
        0.02052549]), array([ 1.39607129,  3.93630976,  1.94026396, -0.15956693,  1.41701129,
        0.02076419]), array([ 1.42335297,  4.03157598,  1.9936652 , -0.16145778,  1.44200929,
        0.02099309]), array([ 1.45031008,  4.12617016,  2.04646745, -0.16336337,  1.466468  ,
        0.021213  ]), array([ 1.47688851,  4.21988076,  2.09854304, -0.16526804,  1.49032471,
        0.02142452]), array([ 1.50303408,  4.31249428,  2.14976406, -0.16715871,  1.513519  ,
        0.02162809]), array([ 1.52869287,  4.40379649,  2.20000312, -0.16902439,  1.53599281,
        0.02182398]), array([ 1.55381165,  4.49357362,  2.2491341 , -0.17085581,  1.55769045,
        0.02201231]), array([ 1.54032244,  4.6235057 ,  2.32599719, -0.16125027,  1.59655826,
        0.02219309]), array([ 1.56412398,  4.71012222,  2.37247528, -0.16398968,  1.6147622 ,
        0.02267715]), array([ 1.58726555,  4.79443591,  2.41737516, -0.16646707,  1.63243132,
        0.02298414]), array([ 1.60969834,  4.8762606 ,  2.46060522, -0.16872732,  1.64941772,
        0.02319623]), array([ 1.63137602,  4.95541337,  2.50207228, -0.17080337,  1.66560307,
        0.02335694]), array([ 1.65225494,  5.03171626,  2.54168383, -0.17271968,  1.68089203,
        0.02348892]), array([ 1.67229424,  5.10499786,  2.5793499 , -0.17449463,  1.6952074 ,
        0.02360366]), array([ 1.69145599,  5.17509455,  2.61498446, -0.17614212,  1.70848657,
        0.02370672]), array([ 1.70970531,  5.24185175,  2.64850658, -0.17767277,  1.7206789 ,
        0.02380058]), array([ 1.72701052,  5.30512485,  2.67984133, -0.17909469,  1.73174374,
        0.02388614]), array([ 1.74334318,  5.36478011,  2.70892051, -0.18041417,  1.74164903,
        0.02396352]), array([ 1.75867822,  5.42069543,  2.73568327, -0.1816361 ,  1.75037015,
        0.02403251]), array([ 1.77299397,  5.47276093,  2.7600765 , -0.18276436,  1.75788919,
        0.02409279]), array([ 1.7862722 ,  5.52087952,  2.78205523, -0.18380206,  1.76419423,
        0.02414402]), array([ 1.79849814,  5.56496727,  2.80158282, -0.18475176,  1.76927895,
        0.02418588]), array([ 1.80966047,  5.60495376,  2.81863121, -0.18561564,  1.77314216,
        0.02421816]), array([ 1.81975129,  5.6407823 ,  2.83318092, -0.1863956 ,  1.77578752,
        0.02424069]), array([ 1.82876612,  5.67241003,  2.84522114, -0.18709337,  1.77722327,
        0.02425337]), array([ 1.83670378,  5.69980801,  2.8547497 , -0.18771059,  1.77746195,
        0.02425618]), array([ 1.84356636,  5.72296112,  2.86177293, -0.18824884,  1.7765202 ,
        0.02424917]), array([ 1.84935912,  5.74186799,  2.86630555, -0.18870971,  1.77441853,
        0.02423242]), array([ 1.85409038,  5.75654077,  2.86837049, -0.18909479,  1.77118109,
        0.0242061 ]), array([ 1.85777142,  5.76700488,  2.86799861, -0.18940576,  1.76683548,
        0.0241704 ]), array([ 1.86041633,  5.77329865,  2.8652285 , -0.18964432,  1.76141253,
        0.02412556]), array([ 1.8620419 ,  5.77547295,  2.86010609, -0.18981227,  1.75494605,
        0.02407188]), array([ 1.86266745,  5.77359072,  2.85268436, -0.18991149,  1.74747266,
        0.02400967]), array([ 1.86231472,  5.76772645,  2.84302295, -0.18994392,  1.73903148,
        0.02393929]), array([ 1.86100767,  5.75796567,  2.83118775, -0.1899116 ,  1.729664  ,
        0.02386112]), array([ 1.85877235,  5.74440429,  2.81725051, -0.18981665,  1.71941375,
        0.02377557]), array([ 1.85563672,  5.72714801,  2.80128837, -0.18966126,  1.70832612,
        0.02368307]), array([ 1.85163049,  5.70631166,  2.7833834 , -0.18944768,  1.69644809,
        0.02358407]), array([ 1.84678497,  5.68201847,  2.76362216, -0.18917824,  1.68382802,
        0.02347904]), array([ 1.84113288,  5.65439939,  2.7420952 , -0.18885531,  1.67051539,
        0.02336847]), array([ 1.83470819,  5.62359235,  2.71889656, -0.18848132,  1.65656057,
        0.02325283]), array([ 1.82754599,  5.58974151,  2.69412332, -0.18805875,  1.64201458,
        0.02313264]), array([ 1.81968227,  5.55299654,  2.66787511, -0.18759009,  1.62692889,
        0.0230084 ]), array([ 1.81115382,  5.51351184,  2.64025358, -0.18707787,  1.61135517,
        0.02288061]), array([ 1.80199804,  5.47144581,  2.61136196, -0.18652463,  1.59534507,
        0.02274978]), array([ 1.79225282,  5.42696011,  2.58130459, -0.18593293,  1.57895007,
        0.02261641]), array([ 1.78195637,  5.38021893,  2.55018645, -0.18530531,  1.56222119,
        0.022481  ]), array([ 1.77114709,  5.33138827,  2.5181127 , -0.18464432,  1.54520891,
        0.02234404]), array([ 1.75986345,  5.28063525,  2.48518829, -0.18395248,  1.52796288,
        0.02220601]), array([ 1.74814384,  5.22812743,  2.45151749, -0.18323232,  1.51053186,
        0.02206739]), array([ 1.73602648,  5.17403217,  2.41720356, -0.18248629,  1.49296347,
        0.02192863]), array([ 1.72354927,  5.11851598,  2.38234833, -0.18171685,  1.47530412,
        0.02179017]), array([ 1.7107497 ,  5.06174396,  2.34705184, -0.1809264 ,  1.45759884,
        0.02165245]), array([ 1.69766475,  5.00387923,  2.31141208, -0.18011729,  1.43989118,
        0.02151588]), array([ 1.6843308 ,  4.94508236,  2.27552461, -0.17929183,  1.42222308,
        0.02138084]), array([ 1.67078353,  4.88551094,  2.23948232, -0.17845226,  1.4046348 ,
        0.02124772]), array([ 1.65705782,  4.82531907,  2.20337517, -0.17760077,  1.38716486,
        0.02111686]), array([ 1.64318773,  4.76465697,  2.16728996, -0.17673949,  1.36984991,
        0.0209886 ]), array([ 1.62920639,  4.70367056,  2.13131014, -0.17587047,  1.35272472,
        0.02086326]), array([ 1.61514593,  4.64250117,  2.09551562, -0.1749957 ,  1.33582215,
        0.02074113]), array([ 1.60103746,  4.58128518,  2.05998263, -0.17411709,  1.31917306,
        0.02062247]), array([ 1.58691101,  4.52015376,  2.02478359, -0.17323648,  1.30280637,
        0.02050753]), array([ 1.57279547,  4.45923266,  1.98998704, -0.17235564,  1.28674896,
        0.02039654]), array([ 1.55871857,  4.39864201,  1.9556575 , -0.17147626,  1.27102575,
        0.02028971]), array([ 1.54470685,  4.33849612,  1.9218555 , -0.17059994,  1.25565967,
        0.02018722]), array([ 1.53078562,  4.27890341,  1.88863749, -0.16972822,  1.24067168,
        0.02008924]), array([ 1.51697898,  4.21996629,  1.85605585, -0.16886255,  1.2260808 ,
        0.0199959 ]), array([ 1.50330977,  4.16178107,  1.82415893, -0.16800431,  1.21190415,
        0.01990733]), array([ 1.48979955,  4.10443801,  1.79299102, -0.1671548 ,  1.19815701,
        0.01982364]), array([ 1.47646866,  4.04802123,  1.76259247, -0.16631525,  1.18485282,
        0.0197449 ]), array([ 1.46333614,  3.99260881,  1.7329997 , -0.16548679,  1.17200326,
        0.01967119]), array([ 1.45041982,  3.93827281,  1.70424532, -0.16467051,  1.15961832,
        0.01960255]), array([ 1.43773624,  3.88507931,  1.67635816, -0.1638674 ,  1.14770636,
        0.01953903]), array([ 1.42530076,  3.8330886 ,  1.64936347, -0.1630784 ,  1.13627414,
        0.01948063]), array([ 1.4131275 ,  3.78235519,  1.62328295, -0.16230434,  1.12532692,
        0.01942736]), array([ 1.40122938,  3.73292804,  1.59813491, -0.16154603,  1.11486855,
        0.0193792 ]), array([ 1.38961817,  3.68485063,  1.5739344 , -0.16080418,  1.10490148,
        0.01933615]), array([ 1.37830451,  3.63816119,  1.55069334, -0.16007944,  1.09542689,
        0.01929815]), array([ 1.36729789,  3.59289283,  1.52842069, -0.15937241,  1.08644475,
        0.01926516]), array([ 1.35660675,  3.54907375,  1.50712255, -0.15868361,  1.07795385,
        0.01923712]), array([ 1.34623847,  3.50672743,  1.48680235, -0.15801351,  1.06995195,
        0.01921397]), array([ 1.33619941,  3.46587283,  1.46746099, -0.15736252,  1.0624358 ,
        0.01919563]), array([ 1.32649496,  3.42652459,  1.44909698, -0.156731  ,  1.05540121,
        0.01918201]), array([ 1.31712955,  3.38869327,  1.4317066 , -0.15611923,  1.04884315,
        0.01917303]), array([ 1.30810673,  3.35238551,  1.41528408, -0.15552747,  1.0427558 ,
        0.01916857]), array([ 1.29942914,  3.31760431,  1.39982168, -0.1549559 ,  1.03713261,
        0.01916855]), array([ 1.29109864,  3.28434917,  1.38530991, -0.15440468,  1.03196639,
        0.01917285]), array([ 60.,  60.,  30., -10.,  10.,  10.]), array([ 60.        , -60.        ,   3.43896752,  10.        ,
        10.        , -10.        ]), array([ 25.09378404, -60.        ,  11.5956315 ,  10.        ,
        10.        , -10.        ]), array([ 10.44941002,  60.        ,  15.70230227, -10.        ,
         4.92447648,  10.        ]), array([ 7.6273908 , 60.        , -3.46564059, 10.        , -1.41496713,
       10.        ]), array([  6.18043928, -60.        , -19.09519212, -10.        ,
        -8.32825397, -10.        ]), array([  4.95663123,  60.        ,  21.31825276, -10.        ,
        10.        , -10.        ]), array([  4.44635423, -60.        ,  -7.05972095,  10.        ,
        -2.13843492,  10.        ]), array([  3.27395609,  60.        ,  13.46486664,  10.        ,
         5.76060798, -10.        ]), array([  3.85148604, -60.        ,  -6.98572236, -10.        ,
        -2.40021983,  10.        ]), array([  6.68851986, -60.        ,  11.80364062,  10.        ,
         4.53427368,  10.        ]), array([  5.68502146,  60.        ,  15.29330622, -10.        ,
         6.68144663, -10.        ]), array([ 4.75234991e+00,  6.00000000e+01, -3.61126280e-01, -1.00000000e+01,
       -2.12997926e-02,  1.00000000e+01]), array([  8.42272634, -60.        , -13.72741706,  10.        ,
        -6.12634206, -10.        ]), array([  3.626221  , -60.        ,  13.8293962 ,  10.        ,
         6.94261966, -10.        ]), array([  3.25673303, -60.        ,  11.47294556, -10.        ,
         4.67208662,  10.        ]), array([  6.83813528,  60.        ,  14.85754598, -10.        ,
         6.46161332, -10.        ]), array([ 4.9886874 , 60.        , -0.82875118, 10.        , -0.1143291 ,
       10.        ]), array([  6.69578961, -60.        ,  -5.61407649,  10.        ,
        -1.17737976, -10.        ]), array([  3.6637608 , -60.        ,   7.26337287, -10.        ,
         2.40194827,  10.        ]), array([ 48.32283078, -60.        , -27.16958622, -10.        ,
       -10.        , -10.        ]), array([ 20.03661315,  60.        ,  20.41730461, -10.        ,
         2.42146361,  10.        ]), array([ 12.02489297,  60.        ,  -6.34252373,  10.        ,
        -4.08795345, -10.        ]), array([  9.69479346, -60.        ,   1.83644073,  10.        ,
         1.48797791,  10.        ]), array([ 9.55767274, 60.        , 12.3198848 , 10.        ,  3.81695229,
       10.        ]), array([  8.41393337, -60.        ,   6.68411067, -10.        ,
         2.12588011, -10.        ]), array([  7.8039478 ,  60.        ,  16.83694213,  10.        ,
         5.15307787, -10.        ]), array([  9.08658915, -60.        ,   0.56716752,  10.        ,
        -0.90206084,  10.        ]), array([  2.39006578, -36.        ,  12.53673412,  -6.        ,
         4.50652106,  -6.        ]), array([  0.67109005, -12.        ,   5.25743975,  -2.        ,
         2.        ,  -2.        ]), array([ 5.60253644, 60.        , 18.10040744, 10.        ,  6.53756556,
       10.        ]), array([  5.36756152, -48.        ,  -0.4717719 ,   8.        ,
        -1.40708259,  -8.        ]), array([ 0., -0.,  0.,  0.,  0.,  0.]), array([  7.5182645 , -24.        ,   7.00298458,  -4.        ,
         3.38976841,   4.        ]), array([24.92935638, 36.        , 18.        , -6.        ,  6.        ,
        6.        ]), array([48.        , 48.        , 19.09251044, -8.        ,  5.798212  ,
       -8.        ]), array([ 12.        , -12.        ,   1.13034424,  -2.        ,
         0.40724122,  -2.        ]), array([12.        , 12.        ,  1.06807228, -2.        ,  0.7745932 ,
        2.        ]), array([-2.21301820e+01, -1.06173280e+01, -8.98530975e+00,  1.00000000e+01,
       -6.92382461e+00, -1.62281925e-15]), array([-1.71310335e+01, -6.76943267e+00, -6.13881294e+00,  8.21626241e+00,
       -4.96848908e+00, -3.23811219e-15]), array([-1.31202170e+01, -3.64048124e+00, -3.79474919e+00,  6.26173384e+00,
       -3.34750226e+00, -1.31426745e-15]), array([-9.81699386e+00, -1.25932332e+00, -2.01477248e+00,  4.62659061e+00,
       -2.14644990e+00,  1.27317524e-15]), array([-7.10387327e+00,  5.55523812e-01, -6.64047578e-01,  3.26555512e+00,
       -1.26448672e+00, -1.35481248e-15]), array([-4.88200000e+00,  1.93927266e+00,  3.59531625e-01,  2.13836634e+00,
       -6.23380484e-01, -2.39933684e-15]), array([-3.06864611e+00,  2.99326766e+00,  1.13343721e+00,  1.20976547e+00,
       -1.62834585e-01, -8.88613806e-16]), array([-1.59475824e+00,  3.79392285e+00,  1.71656259e+00,  4.49180007e-01,
        1.63352565e-01, -6.62701081e-16]), array([-4.02749413e-01,  4.39919753e+00,  2.15376377e+00, -1.69720255e-01,
        3.90385031e-01, -1.35167971e-16]), array([ 5.55406183e-01,  4.85331375e+00,  2.47927226e+00, -6.69503032e-01,
        5.44936852e-01,  2.91245852e-16]), array([ 1.31977906e+00,  5.19021042e+00,  2.71926471e+00, -1.06944127e+00,
        6.47100195e-01,  8.65797671e-16]), array([ 1.92382090e+00,  5.43608472e+00,  2.89380010e+00, -1.38594631e+00,
        7.11913095e-01,  3.30408702e-16]), array([ 2.39547026e+00,  5.61127039e+00,  3.01828208e+00, -1.63295762e+00,
        7.50550998e-01,  9.06860861e-17]), array([ 2.75806582e+00,  5.73163218e+00,  3.10456394e+00, -1.82228743e+00,
        7.71251762e-01,  5.34989676e-16]), array([ 3.03110137e+00,  5.80960584e+00,  3.16178461e+00, -1.96392250e+00,
        7.80030652e-01,  8.59960516e-16]), array([ 3.23085159e+00,  5.85497782e+00,  3.19700207e+00, -2.06628645e+00,
        7.81230728e-01,  7.80213235e-16]), array([ 3.37089238e+00,  5.87547286e+00,  3.21567393e+00, -2.13646711e+00,
        7.77944733e-01, -4.35965452e-16]), array([ 3.46253512e+00,  5.87719980e+00,  3.22202311e+00, -2.18041292e+00,
        7.72337075e-01, -2.53709516e-16]), array([ 3.51519014e+00,  5.86499201e+00,  3.21931652e+00, -2.20310229e+00,
        7.65888406e-01, -2.04108306e-16]), array([ 3.53667181e+00,  5.84266953e+00,  3.21007834e+00, -2.20868947e+00,
        7.59580467e-01,  1.69526607e-15]), array([ 3.53345514e+00,  5.81324248e+00,  3.19625368e+00, -2.20062995e+00,
        7.54035017e-01,  5.38196787e-16]), array([ 3.51089188e+00,  5.77907031e+00,  3.17933485e+00, -2.18178814e+00,
        7.49617603e-01,  1.62737718e-15]), array([ 3.47339263e+00,  5.74198766e+00,  3.16045901e+00, -2.15452963e+00,
        7.46514542e-01,  1.24005103e-15]), array([ 3.42458037e+00,  5.70340463e+00,  3.14048428e+00, -2.12080019e+00,
        7.44789573e-01,  1.41193286e-15]), array([ 3.36741971e+00,  5.66438731e+00,  3.12004920e+00, -2.08219309e+00,
        7.44425171e-01,  1.28179368e-15]), array([ 3.30432586e+00,  5.62572306e+00,  3.09961952e+00, -2.04000659e+00,
        7.45352348e-01,  2.39824414e-16]), array([ 3.23725608e+00,  5.58797367e+00,  3.07952512e+00, -1.99529270e+00,
        7.47471873e-01,  6.00296801e-16]), array([ 3.16778663e+00,  5.55151900e+00,  3.05998937e+00, -1.94889852e+00,
        7.50669128e-01,  5.41246717e-16]), array([ 3.09717723e+00,  5.51659289e+00,  3.04115248e+00, -1.90150122e+00,
        7.54824292e-01,  7.03711696e-16]), array([ 3.02642502e+00,  5.48331287e+00,  3.02309026e+00, -1.85363749e+00,
        7.59819120e-01,  1.20197373e-15]), array([ 2.95630967e+00,  5.45170476e+00,  3.00582907e+00, -1.80572836e+00,
        7.65541262e-01,  8.35331576e-16]), array([ 2.88743111e+00,  5.42172306e+00,  2.98935796e+00, -1.75809989e+00,
        7.71886845e-01,  8.57873007e-16]), array([ 2.82024082e+00,  5.39326791e+00,  2.97363832e+00, -1.71100059e+00,
        7.78761816e-01,  5.48519690e-16]), array([ 2.75506803e+00,  5.36619909e+00,  2.95861176e+00, -1.66461584e+00,
        7.86082451e-01, -7.05739257e-17]), array([ 2.69214139e+00,  5.34034757e+00,  2.94420634e+00, -1.61907994e+00,
        7.93775299e-01, -5.09130243e-16]), array([ 2.63160703e+00,  5.31552509e+00,  2.93034159e+00, -1.57448597e+00,
        8.01776760e-01,  2.22641003e-16]), array([ 2.57354350e+00,  5.29153191e+00,  2.91693259e+00, -1.53089410e+00,
        8.10032445e-01, -3.73559861e-16]), array([ 2.51797420e+00,  5.26816317e+00,  2.90389302e+00, -1.48833826e+00,
        8.18496410e-01,  3.66668829e-16]), array([ 2.46487763e+00,  5.24521404e+00,  2.89113775e+00, -1.44683169e+00,
        8.27130343e-01,  7.99464120e-16]), array([ 2.41419598e+00,  5.22248370e+00,  2.87858466e+00, -1.40637152e+00,
        8.35902746e-01,  2.88071293e-16]), array([ 2.36584219e+00,  5.19977862e+00,  2.86615614e+00, -1.36694238e+00,
        8.44788134e-01, -3.57668931e-16]), array([ 2.31970581e+00,  5.17691498e+00,  2.85378013e+00, -1.32851940e+00,
        8.53766284e-01,  4.21700788e-16]), array([ 2.27565794e+00,  5.15372046e+00,  2.84139088e+00, -1.29107069e+00,
        8.62821533e-01,  3.54909772e-16]), array([ 2.23355526e+00,  5.13003565e+00,  2.82892941e+00, -1.25455922e+00,
        8.71942137e-01, -1.35006074e-16]), array([ 2.19324350e+00,  5.10571484e+00,  2.81634382e+00, -1.21894439e+00,
        8.81119689e-01, -6.91287456e-16]), array([ 2.15456027e+00,  5.08062661e+00,  2.80358941e+00, -1.18418331e+00,
        8.90348597e-01,  8.85177875e-16]), array([ 2.11733745e+00,  5.05465401e+00,  2.79062862e+00, -1.15023176e+00,
        8.99625614e-01, -2.85636528e-16]), array([ 2.08140327e+00,  5.02769458e+00,  2.77743092e+00, -1.11704501e+00,
        9.08949428e-01,  1.47852040e-16]), array([ 2.04658402e+00,  4.99966013e+00,  2.76397258e+00, -1.08457837e+00,
        9.18320295e-01, -6.73147296e-16]), array([ 2.01270552e+00,  4.97047639e+00,  2.75023638e+00, -1.05278775e+00,
        9.27739723e-01,  3.29464138e-16]), array([ 1.97959440e+00,  4.94008249e+00,  2.73621131e+00, -1.02162998e+00,
        9.37210191e-01,  1.18195373e-16]), array([ 1.94707918e+00,  4.90843040e+00,  2.72189212e+00, -9.91063127e-01,
        9.46734911e-01,  3.83087212e-16]), array([ 1.91499123e+00,  4.87548430e+00,  2.70727901e+00, -9.61046667e-01,
        9.56317619e-01, -2.74238684e-16]), array([ 1.88316557e+00,  4.84121981e+00,  2.69237714e+00, -9.31541683e-01,
        9.65962400e-01,  5.67359345e-16]), array([ 1.85144164e+00,  4.80562331e+00,  2.67719627e+00, -9.02510962e-01,
        9.75673543e-01,  7.70097302e-16]), array([ 1.81966386e+00,  4.76869116e+00,  2.66175025e+00, -8.73919065e-01,
        9.85455408e-01, -1.98323830e-16]), array([ 1.78768224e+00,  4.73042890e+00,  2.64605666e+00, -8.45732379e-01,
        9.95312331e-01,  4.30424679e-16]), array([ 1.75535282e+00,  4.69085052e+00,  2.63013636e+00, -8.17919136e-01,
        1.00524854e+00,  1.10358519e-16]), array([ 1.72253815e+00,  4.64997769e+00,  2.61401306e+00, -7.90449414e-01,
        1.01526807e+00,  7.17656413e-16]), array([ 1.68910758e+00,  4.60783898e+00,  2.59771292e+00, -7.63295121e-01,
        1.02537475e+00,  5.33429037e-17]), array([ 1.65493763e+00,  4.56446917e+00,  2.58126418e+00, -7.36429966e-01,
        1.03557213e+00,  5.86064648e-16]), array([0., 0., 0., 0., 0., 0.])], 'ball_pos_history': [array([ 1.72859704, -7.91692398,  1.39859649]), array([ 1.71379882, -7.87442677,  1.38435512]), array([ 1.69900059, -7.83192956,  1.36986849]), array([ 1.68420237, -7.78943235,  1.35513662]), array([ 1.66940415, -7.74693515,  1.3401595 ]), array([ 1.65460593, -7.70443794,  1.32493712]), array([ 1.63980771, -7.66194073,  1.3094695 ]), array([ 1.62500949, -7.61944352,  1.29375663]), array([ 1.61021127, -7.57694632,  1.27779851]), array([ 1.59541304, -7.53444911,  1.26159513]), array([ 1.58061482, -7.4919519 ,  1.24514651]), array([ 1.5658166 , -7.44945469,  1.22845264]), array([ 1.55101838, -7.40695749,  1.21151351]), array([ 1.53622016, -7.36446028,  1.19432914]), array([ 1.52142194, -7.32196307,  1.17689952]), array([ 1.50662372, -7.27946586,  1.15922464]), array([ 1.49182549, -7.23696866,  1.14130452]), array([ 1.47702727, -7.19447145,  1.12313915]), array([ 1.46222905, -7.15197424,  1.10472853]), array([ 1.44743083, -7.10947703,  1.08607265]), array([ 1.43263261, -7.06697983,  1.06717153]), array([ 1.41783439, -7.02448262,  1.04802516]), array([ 1.40303617, -6.98198541,  1.02863353]), array([ 1.38823794, -6.9394882 ,  1.00899666]), array([ 1.37343972, -6.896991  ,  0.98911454]), array([ 1.3586415 , -6.85449379,  0.96898717]), array([ 1.34384328, -6.81199658,  0.94861454]), array([ 1.32904506, -6.76949937,  0.92799667]), array([ 1.31424684, -6.72700217,  0.90713355]), array([ 1.29944862, -6.68450496,  0.88602517]), array([ 1.2846504 , -6.64200775,  0.86467155]), array([ 1.26985217, -6.59951054,  0.84307268]), array([ 1.25505395, -6.55701334,  0.82122856]), array([ 1.24025573, -6.51451613,  0.79913918]), array([ 1.22545751, -6.47201892,  0.77680456]), array([ 1.21065929, -6.42952171,  0.75422469]), array([ 1.19586107, -6.38702451,  0.73139956]), array([ 1.18106285, -6.3445273 ,  0.70832919]), array([ 1.16626462, -6.30203009,  0.68501357]), array([ 1.1514664 , -6.25953288,  0.6614527 ]), array([ 1.13666818, -6.21703568,  0.63764657]), array([ 1.12186996, -6.17453847,  0.6135952 ]), array([ 1.10707174, -6.13204126,  0.58929858]), array([ 1.09227352, -6.08954405,  0.5647567 ]), array([ 1.0774753 , -6.04704685,  0.53996958]), array([ 1.06267707, -6.00454964,  0.51493721]), array([ 1.04787885, -5.96205243,  0.48965959]), array([ 1.03308063, -5.91955522,  0.46413671]), array([ 1.01828241, -5.87705802,  0.43836859]), array([ 1.00348419, -5.83456081,  0.41235522]), array([ 0.98868597, -5.7920636 ,  0.38609659]), array([ 0.97388775, -5.74956639,  0.35959272]), array([ 0.95908952, -5.70706919,  0.3328436 ]), array([ 0.9442913 , -5.66457198,  0.30584923]), array([ 0.92949308, -5.62207477,  0.2786096 ]), array([ 0.91469486, -5.57957756,  0.25112473]), array([ 0.89989664, -5.53708036,  0.22339461]), array([ 0.88509842, -5.49458315,  0.19541923]), array([ 0.8703002 , -5.45208594,  0.16719861]), array([ 0.85550198, -5.40958873,  0.13873274]), array([ 0.84070375, -5.36709153,  0.11002162]), array([ 0.82590553, -5.32459432,  0.08106524]), array([ 0.81110731, -5.28209711,  0.05186362]), array([ 0.79630909, -5.2395999 ,  0.033     ]), array([ 0.78225078, -5.19922756,  0.0548399 ]), array([ 0.76819247, -5.15885521,  0.07643456]), array([ 0.75413416, -5.11848286,  0.09778396]), array([ 0.74007585, -5.07811052,  0.11888812]), array([ 0.72601754, -5.03773817,  0.13974702]), array([ 0.71195923, -4.99736582,  0.16036068]), array([ 0.69790092, -4.95699347,  0.18072908]), array([ 0.68384261, -4.91662113,  0.20085224]), array([ 0.6697843 , -4.87624878,  0.22073014]), array([ 0.65572599, -4.83587643,  0.2403628 ]), array([ 0.64166768, -4.79550409,  0.2597502 ]), array([ 0.62760937, -4.75513174,  0.27889236]), array([ 0.61355106, -4.71475939,  0.29778926]), array([ 0.59949275, -4.67438705,  0.31644092]), array([ 0.58543443, -4.6340147 ,  0.33484732]), array([ 0.57137612, -4.59364235,  0.35300847]), array([ 0.55731781, -4.55327   ,  0.37092438]), array([ 0.5432595 , -4.51289766,  0.38859503]), array([ 0.52920119, -4.47252531,  0.40602044]), array([ 0.51514288, -4.43215296,  0.42320059]), array([ 0.50108457, -4.39178062,  0.4401355 ]), array([ 0.48702626, -4.35140827,  0.45682515]), array([ 0.47296795, -4.31103592,  0.47326956]), array([ 0.45890964, -4.27066357,  0.48946871]), array([ 0.44485133, -4.23029123,  0.50542262]), array([ 0.43079302, -4.18991888,  0.52113127]), array([ 0.41673471, -4.14954653,  0.53659468]), array([ 0.4026764 , -4.10917419,  0.55181283]), array([ 0.38861809, -4.06880184,  0.56678574]), array([ 0.37455978, -4.02842949,  0.58151339]), array([ 0.36050147, -3.98805714,  0.59599579]), array([ 0.34644316, -3.9476848 ,  0.61023295]), array([ 0.33238485, -3.90731245,  0.62422485]), array([ 0.31832654, -3.8669401 ,  0.63797151]), array([ 0.30426823, -3.82656776,  0.65147291]), array([ 0.29020992, -3.78619541,  0.66472907]), array([ 0.27615161, -3.74582306,  0.67773997]), array([ 0.2620933 , -3.70545071,  0.69050563]), array([ 0.24803499, -3.66507837,  0.70302603]), array([ 0.23397668, -3.62470602,  0.71530119]), array([ 0.21991837, -3.58433367,  0.72733109]), array([ 0.20586006, -3.54396133,  0.73911575]), array([ 0.19180175, -3.50358898,  0.75065515]), array([ 0.17774344, -3.46321663,  0.76194931]), array([ 0.16368513, -3.42284428,  0.77299821]), array([ 0.14962681, -3.38247194,  0.78380186]), array([ 0.1355685 , -3.34209959,  0.79436027]), array([ 0.12151019, -3.30172724,  0.80467342]), array([ 0.10745188, -3.2613549 ,  0.81474133]), array([ 0.09339357, -3.22098255,  0.82456398]), array([ 0.07933526, -3.1806102 ,  0.83414139]), array([ 0.06527695, -3.14023785,  0.84347354]), array([ 0.05121864, -3.09986551,  0.85256045]), array([ 0.03716033, -3.05949316,  0.8614021 ]), array([ 0.02310202, -3.01912081,  0.86999851]), array([ 0.00904371, -2.97874847,  0.87834966]), array([-0.0050146 , -2.93837612,  0.88645557]), array([-0.01907291, -2.89800377,  0.89431622]), array([-0.03313122, -2.85763143,  0.90193163]), array([-0.04718953, -2.81725908,  0.90930178]), array([-0.06124784, -2.77688673,  0.91642668]), array([-0.07530615, -2.73651438,  0.92330634]), array([-0.08936446, -2.69614204,  0.92994074]), array([-0.10342277, -2.65576969,  0.9363299 ]), array([-0.11748108, -2.61539734,  0.9424738 ]), array([-0.13153939, -2.575025  ,  0.94837246]), array([-0.1455977 , -2.53465265,  0.95402586]), array([-0.15965601, -2.4942803 ,  0.95943402]), array([-0.17371432, -2.45390795,  0.96459692]), array([-0.18777263, -2.41353561,  0.96951458]), array([-0.20183094, -2.37316326,  0.97418698]), array([-0.21588925, -2.33279091,  0.97861414]), array([-0.22994756, -2.29241857,  0.98279604]), array([-0.24400587, -2.25204622,  0.9867327 ]), array([-0.25806418, -2.21167387,  0.9904241 ]), array([-0.27212249, -2.17130152,  0.99387025]), array([-0.2861808 , -2.13092918,  0.99707116]), array([-0.30023912, -2.09055683,  1.00002681]), array([-0.31429743, -2.05018448,  1.00273722]), array([-0.32835574, -2.00981214,  1.00520237]), array([-0.34241405, -1.96943979,  1.00742228]), array([-0.35647236, -1.92906744,  1.00939693]), array([-0.37053067, -1.88869509,  1.01112634]), array([-0.38458898, -1.84832275,  1.01261049]), array([-0.39864729, -1.8079504 ,  1.0138494 ]), array([-0.4127056 , -1.76757805,  1.01484305]), array([-0.42676391, -1.72720571,  1.01559146]), array([-0.44082222, -1.68683336,  1.01609461]), array([-0.45488053, -1.64646101,  1.01635252]), array([-0.46893884, -1.60608866,  1.01636517]), array([-0.48299715, -1.56571632,  1.01613257]), array([-0.49705546, -1.52534397,  1.01565473]), array([-0.51111377, -1.48497162,  1.01493163]), array([-0.52517208, -1.44459928,  1.01396329]), array([-0.53923039, -1.40422693,  1.01274969]), array([-0.5532887 , -1.36385458,  1.01129085]), array([-0.56734701, -1.32348224,  1.00958675]), array([-0.58140532, -1.28310989,  1.00763741]), array([-0.59546363, -1.24273754,  1.00544281]), array([-0.60952194, -1.20236519,  1.00300297]), array([-0.62358025, -1.16199285,  1.00031787]), array([-0.63763856, -1.1216205 ,  0.99738753]), array([-0.65169687, -1.08124815,  0.99421193]), array([-0.66575518, -1.04087581,  0.99079108]), array([-0.67981349, -1.00050346,  0.98712499]), array([-0.6938718 , -0.96013111,  0.98321364]), array([-0.70793011, -0.91975876,  0.97905705]), array([-0.72198842, -0.87938642,  0.9746552 ]), array([-0.73604674, -0.83901407,  0.97000811]), array([-0.75010505, -0.79864172,  0.96511576]), array([-0.76416336, -0.75826938,  0.95997817]), array([-0.77822167, -0.71789703,  0.95459532]), array([-0.79227998, -0.67752468,  0.94896723]), array([-0.80661531, -0.63755077,  0.94314838]), array([-0.78917985, -0.65754265,  0.9136921 ]), array([-0.77326505, -0.67906348,  0.88321374]), array([-0.75735025, -0.70058431,  0.85249014]), array([-0.74143546, -0.72210515,  0.82152128]), array([-0.72552066, -0.74362598,  0.79030717]), array([-0.70960586, -0.76514681,  0.75884781]), array([-0.69369106, -0.78666765,  0.7271432 ]), array([-0.67777627, -0.80818848,  0.69519334]), array([-0.66186147, -0.82970931,  0.66299823]), array([-0.64594667, -0.85123015,  0.63055787]), array([-0.63003187, -0.87275098,  0.59787226]), array([-0.61411708, -0.89427181,  0.5649414 ]), array([-0.59820228, -0.91579264,  0.53176529]), array([-0.58228748, -0.93731348,  0.49834393]), array([-0.56637268, -0.95883431,  0.46467732]), array([-0.55045789, -0.98035514,  0.43076546]), array([-0.53454309, -1.00187598,  0.39660835]), array([-0.51862829, -1.02339681,  0.36220599]), array([-0.50271349, -1.04491764,  0.32755838]), array([-0.4867987 , -1.06643848,  0.29266552]), array([-0.4708839 , -1.08795931,  0.25752741]), array([-0.4549691 , -1.10948014,  0.22214405]), array([-0.43905431, -1.13100098,  0.18651545]), array([-0.42313951, -1.15252181,  0.15064159]), array([-0.40722471, -1.17404264,  0.11452248]), array([-0.39130991, -1.19556347,  0.07815812]), array([-0.37539512, -1.21708431,  0.04154851]), array([-0.35948032, -1.23860514,  0.033     ]), array([-0.34436126, -1.25904993,  0.06039589]), array([-0.3292422 , -1.27949472,  0.08754654]), array([-0.31412315, -1.29993951,  0.11445193]), array([-0.29900409, -1.32038431,  0.14111208]), array([-0.28388503, -1.3408291 ,  0.16752697]), array([-0.26876597, -1.36127389,  0.19369662]), array([-0.25364691, -1.38171868,  0.21962101]), array([-0.23852786, -1.40216347,  0.24530016]), array([-0.2234088 , -1.42260826,  0.27073405]), array([-0.20828974, -1.44305305,  0.2959227 ]), array([-0.19317068, -1.46349785,  0.32086609]), array([-0.17805163, -1.48394264,  0.34556424]), array([-0.16293257, -1.50438743,  0.37001713]), array([-0.14781351, -1.52483222,  0.39422477]), array([-0.13269445, -1.54527701,  0.41818717]), array([-0.1175754 , -1.5657218 ,  0.44190431]), array([-0.10245634, -1.58616659,  0.46537621]), array([-0.08733728, -1.60661138,  0.48860285]), array([-0.07221822, -1.62705618,  0.51158425]), array([-0.05709917, -1.64750097,  0.53432039]), array([-0.04198011, -1.66794576,  0.55681129]), array([-0.02686105, -1.68839055,  0.57905693]), array([-0.01174199, -1.70883534,  0.60105733]), array([ 0.00337706, -1.72928013,  0.62281247]), array([ 0.01849612, -1.74972492,  0.64432237]), array([ 0.03361518, -1.77016972,  0.66558701]), array([ 0.04873424, -1.79061451,  0.68660641]), array([ 0.06385329, -1.8110593 ,  0.70738055]), array([ 0.07897235, -1.83150409,  0.72790944]), array([ 0.09409141, -1.85194888,  0.74819309]), array([ 0.10921047, -1.87239367,  0.76823148]), array([ 0.12432952, -1.89283846,  0.78802463]), array([ 0.13944858, -1.91328326,  0.80757252]), array([ 0.15456764, -1.93372805,  0.82687517]), array([ 0.1696867 , -1.95417284,  0.84593256])], 'distances_history': [7.811498550116554, 7.765767188440202, 7.72006302064981, 7.674385540276744, 7.628734335425609, 7.583109093117795, 7.537509602975686, 7.491935759930485, 7.446387566033081, 7.400865131575182, 7.355368675729804, 7.309898526884766, 7.264455122809782, 7.219039010772965, 7.173650847702075, 7.128291400466514, 7.082961546338279, 7.037662273674328, 6.992394682849926, 6.94715998746218, 6.901959515815226, 6.856798137873423, 6.811677397779277, 6.766598996795656, 6.721564787565106, 6.676576770591018, 6.631637092350135, 6.586748044655795, 6.541912065014946, 6.497131737797555, 6.452409796085317, 6.407749124098729, 6.3631527601241515, 6.318623899878841, 6.274165900264217, 6.229782283467029, 6.185476741375603, 6.141253140284112, 6.097115525862647, 6.053068128374629, 6.009115368126244, 5.9652508860196445, 5.921479833917395, 5.877807500551544, 5.834239338591783, 5.790780986138007, 5.747438284555802, 5.704217293831799, 5.6611243061954655, 5.618165858498329, 5.575348743685337, 5.532680021594074, 5.49016702925234, 5.447817390799831, 5.405639027127452, 5.363640165303839, 5.321829347840063, 5.280215441828462, 5.2388076479792085, 5.197615509567446, 5.15664892129451, 5.115920479086665, 5.07544068060042, 5.03369660434967, 4.988456392127407, 4.9433289881002995, 4.898312243387055, 4.853403980512164, 4.808601996686887, 4.76390406751831, 4.719307950969433, 4.674811391439649, 4.630412123867812, 4.586107877784051, 4.541896381254454, 4.497775364676624, 4.453742564394981, 4.409795726113476, 4.365932608090472, 4.322150984106452, 4.278448646200078, 4.234823407172137, 4.191273102860309, 4.1477955941903994, 4.104388769011964, 4.061050543728004, 4.017778864729802, 3.974571709648982, 3.9314270884395888, 3.888343044303352, 3.845317654471509, 3.80234903085648, 3.7594353205864333, 3.7165747064354258, 3.6737654071612416, 3.631005677762456, 3.5882938096655677, 3.545628130852278, 3.503007005936289, 3.460428836198167, 3.417892059586129, 3.3753951506898594, 3.332936620693805, 3.2905150173157995, 3.2481289247363123, 3.205776963523165, 3.1634577905561794, 3.1211700989559485, 3.0789126180207087, 3.036684113175237, 2.994483385935676, 2.952309273894332, 2.9101606507287143, 2.8680364262393923, 2.8259355464217446, 2.7838569935771846, 2.74179978647017, 2.699762980538099, 2.6577456681621556, 2.6157469790082737, 2.5737660804486353, 2.5318021780755977, 2.489854516321578, 2.447922379200337, 2.4060050911872604, 2.364102018258736, 2.322212569113579, 2.2803361966027733, 2.2384723993975935, 2.1966207239306543, 2.1547807666495826, 2.1129521766291104, 2.0711346585944956, 2.0293279764176284, 1.9875319571571588, 1.94574649572584, 1.9039715602824878, 1.8622071984629214, 1.8204535445847259, 1.778710827985368, 1.7369793826831774, 1.6929605901515183, 1.6480720134428308, 1.6033020245502856, 1.5575500474834603, 1.512300809937738, 1.4663661397028152, 1.419782789755798, 1.3737726098726875, 1.3285874516650897, 1.2825438600185202, 1.2370557868327186, 1.1908581833284506, 1.143757556629406, 1.0974631618931006, 1.0520774944455227, 1.005889098048351, 0.9589236214294998, 0.9125582223893853, 0.867123773853119, 0.8209272899806842, 0.7731967784831615, 0.7241820504476931, 0.6758990185881487, 0.6285167059197858, 0.5816999382222457, 0.5345050731401091, 0.48814481089449147, 0.44297515575269014, 0.39807239632365216, 0.35389759430536777, 0.31092134392988374, 0.2703305510170283, 0.2319881548894169, 0.19698845321196948, 0.16651772122424974, 0.14409686579818243, 0.13724074386026927, 0.1324737830491261, 0.1431964680279682, 0.1641707604129135, 0.19171845082819214, 0.22327314400141954, 0.25731949339221366, 0.29299548436575, 0.32980247973191823, 0.36744153432611565, 0.4057260844871453, 0.4445351449825064, 0.48378754194613244, 0.523427232497014, 0.5634146293050286, 0.6037212818047443, 0.6443264960359911, 0.6852151115272194, 0.7263759917266721, 0.7678009689860905, 0.8094840884565352, 0.8514210546375898, 0.8936088192922517, 0.9360452705486997, 0.97872899607502, 1.0216591015109755, 1.064835070753993, 1.1082566583254707, 1.128311821018708, 1.1183668671258677, 1.1095885757302688, 1.1019856833597483, 1.095564452327354, 1.0903284743695223, 1.0862785066215273, 1.0834123469809407, 1.081724754328594, 1.081207417275441, 1.0818489731607233, 1.0836350770414958, 1.0865485184960628, 1.0905693823227203, 1.0956752477456049, 1.1018414196137611, 1.1090411843407866, 1.1172460829922795, 1.1264261939682174, 1.1365504181035009, 1.1475867596599925, 1.159502597534659, 1.1722649419853874, 1.1858406732071587, 1.2001967591138998, 1.2153004506451321, 1.2311194537845185, 1.2476220782260472, 1.2647773632412922, 1.2825551817864624, 1.3009263242469593, 1.3198625634614993, 1.3393367028122911, 1.3593226092286725, 1.3797952329453493], 'normal_align_history': [0.7738028547107695, 0.7737878308729449, 0.7737617258678006, 0.7737270518856036, 0.7736854788367558, 0.773638179171124, 0.7735860324714111, 0.7735297482018019, 0.7734699399974578, 0.7734071708117701, 0.7733419802435063, 0.7732749007796749, 0.7732064670336256, 0.7731372204998478, 0.7730677114163211, 0.7729984987568526, 0.7729301490204092, 0.7728632342572505, 0.7727983296237302, 0.7727360106599149, 0.7726768504189119, 0.7726237255374555, 0.7725771420081546, 0.7725375422821946, 0.7725053521814395, 0.77248100002162, 0.7724649216488849, 0.7724575586675702, 0.7724593536651151, 0.7724707443757624, 0.772492157733555, 0.772524004246413, 0.7725666728583958, 0.7726205263379585, 0.7726858971717494, 0.7727630839216854, 0.7728523479991494, 0.7729539108144167, 0.7730679512667836, 0.7731946035488564, 0.7733339552458419, 0.7734778645565955, 0.7736266231569723, 0.7737806889155115, 0.7739405063297627, 0.7741064251762056, 0.7742786697532833, 0.7744573333076252, 0.774642384254186, 0.7748336772741674, 0.7750309658338553, 0.7752339144941629, 0.7754421103270981, 0.7756550732303832, 0.7758722651568424, 0.7760930983705528, 0.7763169428714032, 0.7765431331277249, 0.7767709742409028, 0.7769997476454777, 0.7772287164276479, 0.7774583758549051, 0.7776879064116481, 0.7779164305272872, 0.778143058074023, 0.7783669091498059, 0.7785871252275365, 0.7788028745296439, 0.7790133546774566, 0.7792177941631009, 0.7794154533969988, 0.779605625669965, 0.7797876381583004, 0.7799608529975057, 0.7801246684037745, 0.7802785198047161, 0.7804218809372393, 0.7805542648735387, 0.7806752249417787, 0.7807843555144381, 0.78088129264344, 0.7809657145267931, 0.7810373417963875, 0.7810959376208133, 0.781141307620705, 0.7811732995971733, 0.7811918030764788, 0.7811967486762983, 0.7811881073007527, 0.7811658891728916, 0.7811301427145774, 0.7810809532847214, 0.7810184417876236, 0.7809427631637661, 0.7808541047758584, 0.7807526847031836, 0.7806387499574547, 0.7805125746333805, 0.7803744580070205, 0.7802247225948036, 0.780063712185756, 0.7798917898590813, 0.7797093359987561, 0.7795167463162546, 0.7793144298919052, 0.7791028072447287, 0.7788823084398968, 0.7786533712422367, 0.7784164393234272, 0.7781719605297793, 0.7779203852166955, 0.7776621646551283, 0.7773977495145751, 0.7771275884263777, 0.7768521266303495, 0.7765718047070215, 0.7762870573971045, 0.7759983125090966, 0.7757059899153321, 0.7754105006361839, 0.7751122460115802, 0.7748116169584826, 0.7745089933125375, 0.7742047432516673, 0.7738992227990327, 0.7735927754024571, 0.7732857315871393, 0.7729784086782507, 0.772671110589827, 0.7723641276762211, 0.7720577366422773, 0.7717522005083286, 0.7714477686260748, 0.7711446767414084, 0.7708431471002846, 0.770543388593786, 0.7702455969386122, 0.7699499548893307, 0.7696566324788459, 0.7693657872836746, 0.769077564710769, 0.7740861494935056, 0.7758764768903214, 0.7737731575838616, 0.7761736554177309, 0.786116607105182, 0.7884408876516972, 0.7827074237147437, 0.7853300755045478, 0.7829607871870267, 0.7857165119854468, 0.7962567998088951, 0.7986135882970541, 0.8052222945116051, 0.8075445066043055, 0.8056318698960426, 0.8085516134977114, 0.8040419238335996, 0.8068723289565177, 0.80547702056615, 0.8089743524256637, 0.8065965690363327, 0.8090891186002876, 0.8069589565568369, 0.8124867940433796, 0.8246538310009732, 0.8296759705713329, 0.8301894457631349, 0.8377082898816298, 0.8410694640071679, 0.8430229521979737, 0.8513476504029598, 0.8560851027134442, 0.860524078349059, 0.866523183529437, 0.8751193727362417, 0.8797897536375652, 0.883411967351504, 0.8878581355487615, 0.8923939127766347, 0.8969283926227762, 0.901383520037818, 0.9057039397449089, 0.909851211490091, 0.9137997598290253, 0.9175338458966406, 0.9210451855075489, 0.9243310205640216, 0.9273925439506683, 0.9302336219785091, 0.9328597767815845, 0.9352773973632904, 0.9374931494958545, 0.9395135550005889, 0.9413447116356651, 0.9429921263669048, 0.9444606371517393, 0.9457544012794095, 0.9468769314941003, 0.9478311643311166, 0.94861954813248, 0.94924414095686, 0.9497067109955812, 0.9500088341312207, 0.950151984937804, 0.9501376187506702, 0.9499672434687512, 0.9496424805351866, 0.9491651151164285, 0.9485371359047811, 0.9477607652398308, 0.9468384804105879, 0.9457730270876514, 0.9445674258638819, 0.9432249728694438, 0.9417492353855748, 0.9401440433210677, 0.9384134773437586, 0.9365618543819343, 0.9345937111315664, 0.932513786127554, 0.9303270008626867, 0.9280384403680895, 0.9256533336042699, 0.9231770339529392, 0.9206150000466404, 0.9179727771258278, 0.9152559790711947, 0.9124702712224482, 0.9096213540630533, 0.9067149478233331, 0.9037567780313074, 0.9007525620214643, 0.897707996395799, 0.8946287454186731, 0.8915204303168962, 0.8883886194486531, 0.8852388192991304, 0.8820764662567054, 0.8789069191210241], 'ball_near_history': [False, False, False, False, False, False, False, False, False, False, False, False, False, False, False, False, False, False, False, False, False, False, False, False, False, False, False, False, False, False, False, False, False, False, False, False, False, False, False, False, False, False, False, False, False, False, False, False, False, False, False, False, False, False, False, False, False, False, False, False, False, False, False, False, False, False, False, False, False, False, False, False, False, False, False, False, False, False, False, False, False, False, False, False, False, False, False, False, False, False, False, False, False, False, False, False, False, False, False, False, False, False, False, False, False, False, False, False, False, False, False, False, False, False, False, False, False, False, False, False, False, False, False, False, False, False, False, False, False, False, False, False, False, False, False, False, False, False, False, False, False, False, False, False, False, False, False, False, False, False, False, False, False, False, False, False, False, False, False, False, False, False, False, False, False, False, False, False, False, False, False, False, False, False, False, True, True, True, True, True, True, False, False, False, False, False, False, False, False, False, False, False, False, False, False, False, False, False, False, False, False, False, False, False, False, False, False, False, False, False, False, False, False, False, False, False, False, False, False, False, False, False, False, False, False, False, False, False, False, False, False, False, False, False, False, False, False, False, False, False], 'tube_ready_history': [False, False, False, False, False, False, False, False, False, False, False, False, False, False, False, False, False, False, False, False, False, False, False, False, False, False, False, False, False, False, False, False, False, False, False, False, False, False, False, False, False, False, False, False, False, False, False, False, False, False, False, False, False, False, False, False, False, False, False, False, False, False, False, False, False, False, False, False, False, False, False, False, False, False, False, False, False, False, False, False, False, False, False, False, False, False, False, False, False, False, False, False, False, False, False, False, False, False, False, False, False, False, False, False, False, False, False, False, False, False, False, False, False, False, False, False, False, False, False, False, False, False, False, False, False, False, False, False, False, False, False, False, False, False, False, False, False, False, False, False, False, False, False, False, False, False, False, False, False, False, False, False, False, False, False, False, False, False, False, False, False, False, False, False, False, False, False, False, False, False, True, True, True, True, True, True, True, True, True, True, True, True, True, True, True, True, True, False, False, False, False, False, False, False, False, False, False, False, False, False, False, False, False, False, False, False, False, False, False, False, False, False, False, False, False, False, False, False, False, False, False, False, False, False, False, False, False, False, False, False, False, False, False, False, False, False, False, False, False, False], 'pos_error_history': [0.009171662807395032, 0.009212371956342077, 0.009322515705574087, 0.009552416390086945, 0.009957311704162471, 0.010587848791847711, 0.01148119226982705, 0.012656587845652403, 0.014116735686031945, 0.015852847772633766, 0.017850170089464455, 0.020092047770698288, 0.022562218621385795, 0.025245802213416605, 0.02812954415417436, 0.031201711620536924, 0.03445186281765765, 0.03787059731349281, 0.04144933078656587, 0.04518010708200665, 0.04792930009125847, 0.05107003999700741, 0.054437686474117855, 0.05801543699987648, 0.061787268406168105, 0.06573810112034743, 0.06985383898368523, 0.07412133390586606, 0.07852830986276893, 0.0830632688606371, 0.0877153928114144, 0.09247444933580798, 0.09733070566579773, 0.1022748524380092, 0.1072979377668888, 0.11239131121123301, 0.11754657686018, 0.12275555460853114, 0.1280102486666011, 0.1333028223951142, 0.1463302685571537, 0.1517888179582628, 0.15724627754699316, 0.1626963923123495, 0.16813286272179145, 0.1735493709325343, 0.17893960387954064, 0.18429727399177204, 0.18961613810245576, 0.1948900149724702, 0.20011280173147716, 0.2052784894528917, 0.21038117801080197, 0.21541509031521208, 0.2203745859829423, 0.22525417447241128, 0.23004852768916545, 0.23475249205372728, 0.23936110001272115, 0.24386958096733888, 0.2494205060843669, 0.2537103559725788, 0.25788474507444725, 0.26193994365677575, 0.26587243971619495, 0.2696789524500154, 0.2733564432179744, 0.2769021244155035, 0.2803134665699071, 0.2835882038917175, 0.2867243384561579, 0.28972014314826666, 0.29257416347544785, 0.2952852183300045, 0.2978523997691945, 0.30027507186993374, 0.3025528687081437, 0.30468569150803826, 0.306673705003619, 0.3085173330528845, 0.3102172535443128, 0.31177439263478995, 0.3131899183581922, 0.3144652336440281, 0.31560196878593183, 0.3166019734001813, 0.31746730791483196, 0.3182002346303925, 0.31880320839327686, 0.31927886692343704, 0.31963002083770065, 0.31985964341029416, 0.3199708601119167, 0.31996693796844256, 0.3198512747799755, 0.3196273882404208, 0.3192989049971159, 0.3188695496892643, 0.31834313400300734, 0.31772354577990436, 0.3170147382144253, 0.3162207191747404, 0.31534554067966825, 0.31439328856308557, 0.3133680723554435, 0.31227401541027655, 0.31111524530172663, 0.30989588451716915, 0.3086200414670168, 0.3072918018317125, 0.30591522026380186, 0.30449431246084263, 0.30303304762274863, 0.30153534130499265, 0.3000050486769698, 0.29844595819267294, 0.2968617856787857, 0.2952561688432369, 0.29363266220534273, 0.29199473244673085, 0.29034575418049663, 0.2886890061343001, 0.2870276677415373, 0.28536481613323267, 0.2837034235219109, 0.2820463549674693, 0.28039636651392474, 0.2787561036849031, 0.2771281003248387, 0.27551477777209016, 0.27391844434951207, 0.2723412951574937, 0.2707854121540439, 0.2692527645061846, 0.2677452091966941, 0.26626449187012735, 0.26481224790201335, 0.26339000367518217, 0.26199917804732403, 0.2606410839940898, 0.25664134241831743, 0.25167747378071453, 0.24593374367160645, 0.23900457748745058, 0.23243458935568545, 0.22769628141856038, 0.22106055748817657, 0.21572389712949291, 0.20949185622969083, 0.20428062761767843, 0.19920718528823084, 0.19280309618194844, 0.1862478826397319, 0.18163579217809556, 0.17690057194456496, 0.17227190542525514, 0.16650232113325503, 0.1608691547335423, 0.15658789425931277, 0.15302116979615027, 0.1522540704724165, 0.15085014918020767, 0.14991142061106022, 0.15005790628645224, 0.1494039337713476, 0.14979177680569897, 0.1490297594581434, 0.14946894825038184, 0.15036458530478355, 0.1517388204842216, 0.15191410944212547, 0.15301865261471015, 0.1545462877755819, 0.15671031963300094, 0.15872633020982224, 0.16084683556008317, 0.16389085783624838, 0.1675749878413494, 0.17126408559636558, 0.17480124748000087, 0.17812248013133355, 0.1812292706274981, 0.1841514957736163, 0.18692827855400798, 0.1895986700794859, 0.1921975815470053, 0.19475443568533163, 0.19729315347648987, 0.19983272922281448, 0.20238800092312778, 0.20497041918484585, 0.2075887259480446, 0.21024951261031702, 0.2129576572807122, 0.21571665510594915, 0.21852886095043889, 0.22139566426659368, 0.22431761414627852, 0.22729450967469048, 0.23032546759101036, 0.23340897631289872, 0.23654294280593133, 0.2397247366491147, 0.24295123396574522, 0.2462188626180716, 0.24952364914904895, 0.2528612673335136, 0.25622708781422476, 0.2596162280905834, 0.2630236020518916, 0.26644396826302674, 0.26987197628640364, 0.27330221043513925, 0.27672923047977915, 0.28014760896127255, 0.2835519648870155, 0.2869369936989462, 0.2902974934996733, 0.29362838760326526, 0.2969247435416612, 0.30018178870671325, 0.3033949228430933, 0.30655972763053535, 0.3096719736069971, 0.3127276246890912, 0.3157228405443369, 0.31865397706284404, 0.32151758516537227, 0.32431040817135964, 0.3270293779354816, 0.32967160994526823, 0.3322343975559586, 0.33471520552246886, 0.3371116629725321, 0.33942155594992424, 0.34164281964239507, 0.34377353039563757, 0.34581189760232667, 0.34775625554403194, 0.3496121434379852], 'max_qdot_ratio': 0.991942593413644, 'max_tcp_speed': 1.781109417177733, 'max_racket_face_speed': 1.7521408067686488, 'total_mpc_steps': 240, 'ball_was_hit': True, 'hit_step': 176, 'p_ee_at_hit': array([-0.67574392, -0.59645418,  0.93881577]), 'ball_pos_at_hit': array([-0.80661531, -0.63755077,  0.94314838]), 'v_ee_at_hit': 1.7559939192692164, 'active_contact': True, 'passive_contact': False}
2026-09-13 17:17:09,956 [INFO] __main__: 击打后继续仿真 20 步...
