__STEP_TIMING__: n=247 p50=0.25 p95=0.54 p99=13.40 max=35.40 n_over_period=3 period_ms=5.00

========================================
  RM-65 击打成功！（主动击球，pos_error=0.0348m）
  [V12 EpisodeRunner 管线架构]
  ablation: full
  击打目标位置: [-0.691 -0.592  0.807]
  末端实际位置: [-0.737 -0.474  0.816]
  规划跟踪误差: 0.1269 m
  速度误差: 1.9148 m/s
  MPC 总步数: 268
  --- Tube 专用指标 ---
  最小球拍-球距离: 0.0348 m
  ball_near 步数: 8 = 40.0 ms
  tube_ready 步数: 21 = 105.0 ms
  击打时间误差: 10.0 ms
  击打位置误差: 0.0348 m
  --- 计算性能 ---
  总墙钟时间: 1.13s (MPC=1.13s)
  --- 执行层约束 ---
  max_qdot=1.00x, max_tcp=1.5m/s, max_face=1.7m/s
  击球类型: 主动击球
========================================

__RESULT__: pos_error=0.034755 vel_error=1.914821 min_dist=0.034755 ball_near_ms=40.0 tube_ready_ms=105.0 max_tcp=1.48 max_qdot=1.00 max_face=1.7 hit_type=active hit_time_error_ms=10.0 hit_pos_error=0.034755 v_racket_at_hit=0.754
2026-09-11 14:19:14,460 [INFO] __main__: [ablation] mode=full
2026-09-11 14:19:14,466 [INFO] __main__: serve-box auto params: horizon=120, iter=10, first_plan_iters=30, total_horizon=250, replan_interval=20, near_plan_iters=5
2026-09-11 14:19:14,486 [INFO] __main__: 关节限位: 仿真默认(default.yaml), TCP=1.8 m/s, terminal_exempt=20
2026-09-11 14:19:14,487 [INFO] __main__: 球拍初始位置: [-0.24136342  0.63027058  1.45576659]
2026-09-11 14:19:14,487 [DEBUG] src.tennis.ball: serve_box bounce (attempt=2): p0_z=1.40, vz0=-2.2, spd=9.0, t1=0.351, t2=0.597, z_err=0.20
2026-09-11 14:19:14,496 [INFO] __main__: 击打步数: 187, 击打位置: [-0.69085599 -0.59206954  0.80738933]
2026-09-11 14:19:14,496 [INFO] __main__: 随挥方向: [ 0.432 -0.885  0.175], 随挥步数: 60
2026-09-11 14:19:14,511 [INFO] __main__: 候选窗口已构建: best_k=187, candidates=13
2026-09-11 14:19:14,512 [INFO] src.cpp.solver_cpp: iLQR C++ 加速模块已加载
2026-09-11 14:19:14,512 [INFO] __main__: 开始 V12 EpisodeRunner，总步数=310 (MPC=250, 随挥=60)，击打步数=187
2026-09-11 14:19:14,512 [INFO] src.ilqt.async_replanner: AsyncReplanner: 后台规划线程已启动
2026-09-11 14:19:14,532 [INFO] src.ilqt.async_replanner: AsyncReplanner: 规划环境已创建（独立 MjData）
2026-09-11 14:19:14,535 [INFO] src.ilqt.async_replanner: AsyncReplanner: 规划环境已创建（独立 MjData）
2026-09-11 14:19:14,558 [DEBUG] src.ilqt.tube_cost: [Softmin诊断] 候选权重TOP3: k=187:w=0.088, k=188:w=0.088, k=186:w=0.088
2026-09-11 14:19:15,452 [INFO] src.ilqt.mpc_controller: REPLAN step=0 k_hit=187 iters=30 horizon=120 t=919ms
2026-09-11 14:19:15,453 [INFO] src.ilqt.mpc_controller: MPCController.start 完成: k_hit=187, p_hit=[-0.691 -0.592  0.807], buffer=120
2026-09-11 14:19:15,456 [DEBUG] src.ilqt.replan_core: FAR_JT step=0 k_hit=187 (JT gain=60, skip iLQR)
2026-09-11 14:19:15,456 [DEBUG] src.ilqt.mpc_controller: REPLAN step=0 k_hit=187 iters=0 horizon=0 t=3ms
2026-09-11 14:19:15,456 [DEBUG] src.ilqt.mpc_controller: MPCController.step 0: replan k_hit=187 refine=feasible buffer=20
2026-09-11 14:19:15,465 [DEBUG] src.ilqt.replan_core: FAR_JT step=20 k_hit=167 (JT gain=60, skip iLQR)
2026-09-11 14:19:15,465 [DEBUG] src.ilqt.mpc_controller: REPLAN step=20 k_hit=167 iters=0 horizon=0 t=4ms
2026-09-11 14:19:15,466 [DEBUG] src.ilqt.mpc_controller: MPCController.step 20: replan k_hit=167 refine=feasible buffer=20
2026-09-11 14:19:15,474 [DEBUG] src.ilqt.replan_core: FAR_JT step=40 k_hit=147 (JT gain=60, skip iLQR)
2026-09-11 14:19:15,474 [DEBUG] src.ilqt.mpc_controller: REPLAN step=40 k_hit=147 iters=0 horizon=0 t=3ms
2026-09-11 14:19:15,474 [DEBUG] src.ilqt.mpc_controller: MPCController.step 40: replan k_hit=147 refine=feasible buffer=20
2026-09-11 14:19:15,483 [DEBUG] src.ilqt.replan_core: FAR_JT step=60 k_hit=127 (JT gain=60, skip iLQR)
2026-09-11 14:19:15,483 [DEBUG] src.ilqt.mpc_controller: REPLAN step=60 k_hit=127 iters=0 horizon=0 t=3ms
2026-09-11 14:19:15,483 [DEBUG] src.ilqt.mpc_controller: MPCController.step 60: replan k_hit=127 refine=feasible buffer=20
2026-09-11 14:19:15,491 [DEBUG] src.ilqt.replan_core: FAR_JT step=80 k_hit=107 (JT gain=60, skip iLQR)
2026-09-11 14:19:15,491 [DEBUG] src.ilqt.mpc_controller: REPLAN step=80 k_hit=107 iters=0 horizon=0 t=3ms
2026-09-11 14:19:15,492 [DEBUG] src.ilqt.mpc_controller: MPCController.step 80: replan k_hit=107 refine=feasible buffer=20
2026-09-11 14:19:15,500 [DEBUG] src.ilqt.replan_core: FAR_JT step=100 k_hit=87 (JT gain=60, skip iLQR)
2026-09-11 14:19:15,500 [DEBUG] src.ilqt.mpc_controller: REPLAN step=100 k_hit=87 iters=0 horizon=0 t=3ms
2026-09-11 14:19:15,501 [DEBUG] src.ilqt.mpc_controller: MPCController.step 100: replan k_hit=87 refine=feasible buffer=20
2026-09-11 14:19:15,508 [DEBUG] src.ilqt.replan_core: FAR_JT step=120 k_hit=67 (JT gain=60, skip iLQR)
2026-09-11 14:19:15,508 [DEBUG] src.ilqt.mpc_controller: REPLAN step=120 k_hit=67 iters=0 horizon=0 t=3ms
2026-09-11 14:19:15,509 [DEBUG] src.ilqt.mpc_controller: MPCController.step 120: replan k_hit=67 refine=feasible buffer=20
2026-09-11 14:19:15,524 [DEBUG] src.ilqt.tube_cost: [Softmin诊断] 候选权重TOP3: k=47:w=0.088, k=48:w=0.088, k=46:w=0.088
2026-09-11 14:19:15,549 [DEBUG] src.ilqt.mpc_controller: REPLAN step=140 k_hit=47 iters=5 horizon=47 t=35ms
2026-09-11 14:19:15,549 [INFO] src.ilqt.strategies.hit_point_refiner: [HIT_LOCK] k_hit=47 ≤ 60, 锁定击球点不再替换
2026-09-11 14:19:15,549 [DEBUG] src.ilqt.mpc_controller: MPCController.step 140: replan k_hit=47 refine=locked buffer=20
2026-09-11 14:19:15,553 [INFO] src.ilqt.components.predictive_safety: [SAFETY_FILTER] beta=0.4: qdot entering overspeed, joint=5, |qdot|=5.11 > 3.93
2026-09-11 14:19:15,563 [DEBUG] src.ilqt.tube_cost: [Softmin诊断] 候选权重TOP3: k=27:w=0.088, k=28:w=0.088, k=26:w=0.088
2026-09-11 14:19:15,578 [DEBUG] src.ilqt.mpc_controller: REPLAN step=160 k_hit=27 iters=5 horizon=27 t=24ms
2026-09-11 14:19:15,578 [DEBUG] src.ilqt.mpc_controller: MPCController.step 160: replan k_hit=27 refine=locked buffer=20
2026-09-11 14:19:15,579 [INFO] src.ilqt.components.predictive_safety: [SAFETY_FILTER] beta=0.2: qdot entering overspeed, joint=3, |qdot|=4.93 > 3.93
2026-09-11 14:19:15,579 [INFO] src.ilqt.components.predictive_safety: [SAFETY_FILTER] beta=0.0: qdot entering overspeed, joint=1, |qdot|=3.30 > 3.14
2026-09-11 14:19:15,580 [INFO] src.ilqt.components.predictive_safety: [SAFETY_FILTER] beta=0.4: qdot entering overspeed, joint=1, |qdot|=3.46 > 3.14
2026-09-11 14:19:15,580 [INFO] src.ilqt.components.predictive_safety: [SAFETY_FILTER] beta=0.2: qdot entering overspeed, joint=1, |qdot|=3.56 > 3.14
2026-09-11 14:19:15,581 [INFO] src.ilqt.components.predictive_safety: [SAFETY_FILTER] beta=0.2: qdot entering overspeed, joint=1, |qdot|=3.72 > 3.14
2026-09-11 14:19:15,581 [INFO] src.ilqt.components.predictive_safety: [SAFETY_FILTER] beta=0.2: qdot entering overspeed, joint=1, |qdot|=3.77 > 3.14
2026-09-11 14:19:15,582 [INFO] src.ilqt.components.predictive_safety: [SAFETY_FILTER] beta=0.4: qdot entering overspeed, joint=3, |qdot|=4.45 > 3.93
2026-09-11 14:19:15,583 [INFO] src.ilqt.components.predictive_safety: [SAFETY_FILTER] beta=0.8: qdot entering overspeed, joint=5, |qdot|=4.24 > 3.93
2026-09-11 14:19:15,584 [INFO] src.ilqt.components.predictive_safety: [SAFETY_FILTER] beta=0.0: qdot entering overspeed, joint=5, |qdot|=5.84 > 3.93
2026-09-11 14:19:15,585 [INFO] src.ilqt.components.predictive_safety: [SAFETY_FILTER] beta=0.6: qdot entering overspeed, joint=3, |qdot|=4.27 > 3.93
2026-09-11 14:19:15,593 [DEBUG] src.ilqt.tube_cost: [Softmin诊断] 候选权重TOP3: k=7:w=0.088, k=8:w=0.088, k=6:w=0.088
2026-09-11 14:19:15,598 [DEBUG] src.ilqt.mpc_controller: REPLAN step=180 k_hit=7 iters=5 horizon=7 t=13ms
2026-09-11 14:19:15,598 [DEBUG] src.ilqt.mpc_controller: MPCController.step 180: replan k_hit=7 refine=locked buffer=7
2026-09-11 14:19:15,599 [INFO] src.ilqt.components.predictive_safety: [SAFETY_FILTER] beta=0.8: qdot entering overspeed, joint=1, |qdot|=3.17 > 3.14
2026-09-11 14:19:15,599 [INFO] src.ilqt.components.predictive_safety: [SAFETY_FILTER] beta=0.2: qdot entering overspeed, joint=1, |qdot|=3.84 > 3.14
2026-09-11 14:19:15,600 [INFO] src.ilqt.components.predictive_safety: [SAFETY_FILTER] beta=0.2: qdot entering overspeed, joint=1, |qdot|=3.85 > 3.14
2026-09-11 14:19:15,600 [INFO] src.ilqt.components.predictive_safety: [SAFETY_FILTER] beta=0.4: qdot entering overspeed, joint=3, |qdot|=4.36 > 3.93
2026-09-11 14:19:15,601 [INFO] src.ilqt.components.predictive_safety: [SAFETY_FILTER] beta=0.2: qdot entering overspeed, joint=1, |qdot|=3.65 > 3.14
2026-09-11 14:19:15,601 [INFO] src.ilqt.components.predictive_safety: [SAFETY_FILTER] beta=0.2: qdot entering overspeed, joint=1, |qdot|=3.88 > 3.14
2026-09-11 14:19:15,601 [INFO] src.ilqt.strategies.follow_through: 随挥触发: step=186, steps=60
2026-09-11 14:19:15,602 [INFO] src.ilqt.components.predictive_safety: [SAFETY_FILTER] beta=0.6: qdot entering overspeed, joint=3, |qdot|=4.04 > 3.93
2026-09-11 14:19:15,602 [INFO] src.ilqt.components.predictive_safety: [SAFETY_FILTER] beta=0.6: qdot entering overspeed, joint=3, |qdot|=4.01 > 3.93
2026-09-11 14:19:15,603 [INFO] src.ilqt.components.predictive_safety: [SAFETY_FILTER] beta=0.8: qdot entering overspeed, joint=3, |qdot|=3.96 > 3.93
2026-09-11 14:19:15,603 [INFO] src.ilqt.components.predictive_safety: [SAFETY_FILTER] beta=0.6: qdot entering overspeed, joint=3, |qdot|=3.97 > 3.93
2026-09-11 14:19:15,620 [INFO] src.ilqt.async_replanner: AsyncReplanner: 后台规划线程已停止
2026-09-11 14:19:15,620 [INFO] src.ilqt.episode_runner: EpisodeRunner 完成: total_steps=248 safe_steps=248 mpc_done=True
2026-09-11 14:19:15,620 [DEBUG] src.ilqt.episode_runner: EpisodeRunner metrics 详情: {'total_steps': 248, 'safe_steps': 248, 'mpc_done': True, 'X_history': [array([-1.5  ,  1.57 , -0.236,  0.404,  0.446,  2.45 ,  0.   ,  0.   ,
        0.   ,  0.   ,  0.   ,  0.   ]), array([ 4.07521023e-01,  1.53033519e+00, -5.04343719e-01, -1.32328860e-01,
        5.50495847e-01,  2.44999016e+00, -1.76851330e-02, -3.55986380e-02,
        6.85985894e-03,  2.98522777e-03, -3.16982096e-02, -1.96841090e-03]), array([ 0.40734634,  1.52998567, -0.50429149, -0.13229974,  0.5502105 ,
        2.44997467, -0.03493736, -0.06990433,  0.01044567,  0.00582454,
       -0.05706983, -0.00309705]), array([ 0.40708766,  1.52947108, -0.50423445, -0.13225712,  0.54982179,
        2.4499559 , -0.0517361 , -0.10291918,  0.01140829,  0.00852438,
       -0.07774155, -0.00375529]), array([ 0.40674731,  1.52879775, -0.50418312, -0.13220167,  0.5493472 ,
        2.44993515, -0.06806954, -0.13466579,  0.01026547,  0.01108904,
       -0.09491862, -0.00414866]), array([ 0.40632765,  1.52797185, -0.50414596, -0.13213405,  0.54879973,
        2.44991319, -0.08393218, -0.16517982,  0.00743202,  0.01352302,
       -0.10949268, -0.00439203]), array([ 0.40583103,  1.52699932, -0.50412975, -0.1320549 ,  0.54818912,
        2.44989044, -0.09932307, -0.19450474,  0.00324268,  0.01583167,
       -0.12212197, -0.00454995]), array([ 4.05259809e-01,  1.52588588e+00, -5.04139900e-01, -1.31964791e-01,
        5.47522669e-01,  2.44986715e+00, -1.14244493e-01, -2.22688110e-01,
       -2.03040936e-03,  1.80210522e-02, -1.33290996e-01, -4.65889378e-03]), array([ 0.4046163 ,  1.52463699, -0.50418072, -0.1318643 ,  0.54680589,
        2.44984345, -0.128701  , -0.24977897, -0.0081643 ,  0.02009763,
       -0.14335485, -0.0047396 ]), array([ 0.40390281,  1.52325786, -0.5042556 , -0.13175396,  0.54604303,
        2.44981943, -0.1426987 , -0.27582607, -0.01497497,  0.02206789,
       -0.15257227, -0.00480393]), array([ 0.40312159,  1.52175347, -0.50436714, -0.13163427,  0.54523738,
        2.44979514, -0.15624468, -0.30087668, -0.02230937,  0.02393807,
       -0.16113026, -0.00485867]), array([ 0.40227485,  1.5201286 , -0.50451734, -0.1315057 ,  0.54439157,
        2.4497706 , -0.1693467 , -0.32497584, -0.0300393 ,  0.02571394,
       -0.16916251, -0.00490774]), array([ 0.40136479,  1.51838777, -0.50470762, -0.1313687 ,  0.54350775,
        2.44974583, -0.18201279, -0.34816586, -0.03805656,  0.02740071,
       -0.17676308, -0.00495339]), array([ 0.40039353,  1.51653534, -0.50493897, -0.13122369,  0.54258777,
        2.44972085, -0.19425114, -0.37048613, -0.04626924,  0.02900296,
       -0.18399676, -0.00499689]), array([ 0.39936318,  1.51457547, -0.50521196, -0.13107106,  0.54163324,
        2.44969565, -0.20606984, -0.39197299, -0.05459871,  0.03052462,
       -0.19090661, -0.00503895]), array([ 0.3982758 ,  1.51251217, -0.50552685, -0.13091122,  0.54064564,
        2.44967025, -0.21747685, -0.41265976, -0.06297732,  0.03196902,
       -0.19751978, -0.00507993]), array([ 0.3971334 ,  1.51034929, -0.50588358, -0.13074452,  0.53962638,
        2.44964465, -0.22847985, -0.43257682, -0.07134649,  0.03333888,
       -0.20385164, -0.00512003]), array([ 0.39593797,  1.50809053, -0.50628186, -0.13057134,  0.53857684,
        2.44961886, -0.23908622, -0.45175172, -0.07965518,  0.0346364 ,
       -0.20990899, -0.00515931]), array([ 0.39469146,  1.50573948, -0.50672115, -0.13039202,  0.53749837,
        2.44959287, -0.24930297, -0.47020933, -0.08785874,  0.03586328,
       -0.2156924 , -0.00519778]), array([ 0.39339577,  1.50329962, -0.50720074, -0.13020692,  0.53639238,
        2.44956669, -0.25913672, -0.48797203, -0.09591784,  0.03702081,
       -0.2211979 , -0.00523542]), array([ 0.3920528 ,  1.50077432, -0.50771973, -0.13001637,  0.53526029,
        2.44954033, -0.2685937 , -0.50505985, -0.10379769,  0.03810987,
       -0.22641832, -0.00527221]), array([ 0.3906645 ,  1.49816684, -0.50827718, -0.12982091,  0.53410313,
        2.44951385, -0.27765974, -0.52149636, -0.11149094,  0.0390914 ,
       -0.23143335, -0.00529653]), array([ 0.38923271,  1.49548037, -0.50887193, -0.12962086,  0.53292247,
        2.44948722, -0.28635898, -0.53729478, -0.11895009,  0.0400104 ,
       -0.23613158, -0.00532541]), array([ 0.38775923,  1.49271802, -0.50950268, -0.12941653,  0.53171995,
        2.44946044, -0.29469643, -0.55246882, -0.12614971,  0.04086555,
       -0.24050435, -0.00535616]), array([ 0.38624584,  1.48988287, -0.51016802, -0.12920826,  0.53049724,
        2.4494335 , -0.30267668, -0.56703057, -0.13306707,  0.04165567,
       -0.24454158, -0.00538735]), array([ 0.38469432,  1.48697792, -0.51086643, -0.12899636,  0.52925608,
        2.44940641, -0.31030393, -0.5809906 , -0.13968169,  0.04237974,
       -0.24823222, -0.00541826]), array([ 0.38310641,  1.48400613, -0.5115963 , -0.12878117,  0.52799825,
        2.44937917, -0.317582  , -0.59435812, -0.14597512,  0.04303674,
       -0.25156475, -0.0054485 ]), array([ 0.38148384,  1.48097042, -0.51235595, -0.12856304,  0.52672562,
        2.44935178, -0.32451437, -0.60714109, -0.15193066,  0.04362572,
       -0.25452739, -0.0054779 ]), array([ 0.37982832,  1.47787369, -0.51314362, -0.12834232,  0.52544007,
        2.44932425, -0.33110416, -0.61934632, -0.15753314,  0.04414575,
       -0.25710844, -0.00550641]), array([ 0.37814155,  1.47471879, -0.51395746, -0.12811934,  0.52414359,
        2.44929658, -0.33735417, -0.63097955, -0.16276877,  0.04459594,
       -0.25929642, -0.005534  ]), array([ 0.37642522,  1.47150856, -0.51479559, -0.12789446,  0.52283819,
        2.44926877, -0.34326693, -0.64204563, -0.167625  ,  0.04497539,
       -0.26108023, -0.00556071]), array([ 0.37468099,  1.46824582, -0.51565604, -0.12766804,  0.52152594,
        2.44924084, -0.34884467, -0.65254852, -0.17209043,  0.04528327,
       -0.26244931, -0.00558658]), array([ 0.37291055,  1.46493336, -0.51653681, -0.12744045,  0.52020898,
        2.44921278, -0.3540894 , -0.66249148, -0.17615467,  0.04551878,
       -0.26339369, -0.00561166]), array([ 0.37111553,  1.46157398, -0.51743586, -0.12721204,  0.51888945,
        2.4491846 , -0.35900289, -0.67187707, -0.17980835,  0.04568116,
       -0.26390417, -0.005636  ]), array([ 0.3692976 ,  1.45817044, -0.51835107, -0.12698319,  0.51756959,
        2.4491563 , -0.36358673, -0.68070731, -0.18304298,  0.04576973,
       -0.2639723 , -0.00565965]), array([ 0.36745839,  1.45472552, -0.51928033, -0.12675428,  0.51625164,
        2.44912789, -0.36784234, -0.6889837 , -0.18585096,  0.04578383,
       -0.26359052, -0.00568266]), array([ 0.36559953,  1.45124199, -0.52022145, -0.12652566,  0.51493788,
        2.44909936, -0.37177099, -0.69670734, -0.18822555,  0.04572293,
       -0.26275223, -0.0057051 ]), array([ 0.36372266,  1.44772259, -0.52117226, -0.12629773,  0.51363062,
        2.44907073, -0.37537386, -0.703879  , -0.1901608 ,  0.04558653,
       -0.26145179, -0.00572699]), array([ 0.3618294 ,  1.4441701 , -0.52213052, -0.12607086,  0.5123322 ,
        2.44904199, -0.37865204, -0.71049918, -0.1916516 ,  0.04537425,
       -0.25968462, -0.00574839]), array([ 0.35992137,  1.44058725, -0.52309398, -0.12584543,  0.51104496,
        2.44901314, -0.38160656, -0.71656819, -0.19269363,  0.04508579,
       -0.25744725, -0.00576935]), array([ 0.35800018,  1.43697682, -0.5240604 , -0.12562182,  0.50977127,
        2.44898419, -0.38423845, -0.72208622, -0.19328336,  0.04472098,
       -0.25473734, -0.00578989]), array([ 0.35606766,  1.43334153, -0.52502758, -0.12540084,  0.50851328,
        2.44895524, -0.3865028 , -0.72705826, -0.19343619,  0.0441957 ,
       -0.25159979, -0.0057901 ]), array([ 0.35412544,  1.42968413, -0.52599325, -0.12518281,  0.50727337,
        2.44892624, -0.38844519, -0.73148137, -0.19313337,  0.04360782,
       -0.24798022, -0.00580052]), array([ 0.3521751 ,  1.42600735, -0.52695512, -0.12496803,  0.50605396,
        2.44889716, -0.39006702, -0.73535549, -0.1923733 ,  0.04295433,
       -0.24388211, -0.00581603]), array([ 0.35021825,  1.42231394, -0.52791089, -0.12475687,  0.50485742,
        2.44886799, -0.39136975, -0.73868073, -0.19115536,  0.04223317,
       -0.23930959, -0.00583392]), array([ 0.34825648,  1.41860666, -0.52885829, -0.12454965,  0.50368608,
        2.44883873, -0.39235493, -0.74145748, -0.18947982,  0.04144296,
       -0.23426766, -0.00585277]), array([ 0.34629136,  1.41488823, -0.52979503, -0.12434674,  0.50254227,
        2.44880937, -0.39302422, -0.74368635, -0.18734788,  0.04058291,
       -0.22876228, -0.00587185]), array([ 0.34432446,  1.41116138, -0.53071884, -0.12414848,  0.50142826,
        2.44877991, -0.39337948, -0.74536833, -0.18476157,  0.03965265,
       -0.22280048, -0.00589081]), array([ 0.34235735,  1.40742886, -0.53162746, -0.12395521,  0.50034631,
        2.44875036, -0.39342272, -0.74650474, -0.18172385,  0.03865221,
       -0.2163904 , -0.00590947]), array([ 0.34039157,  1.40369337, -0.53251865, -0.1237673 ,  0.4992986 ,
        2.44872073, -0.39315621, -0.74709736, -0.17823851,  0.03758194,
       -0.20954136, -0.00592778]), array([ 0.33842865,  1.39995763, -0.5333902 , -0.12358509,  0.49828729,
        2.448691  , -0.39258245, -0.74714838, -0.17431021,  0.03644249,
       -0.20226384, -0.00594568]), array([ 0.33647013,  1.39622433, -0.53423992, -0.12340892,  0.49731444,
        2.44866118, -0.39170424, -0.74666053, -0.16994451,  0.03523475,
       -0.19456952, -0.00596319]), array([ 0.33451751,  1.39249614, -0.53506566, -0.12323912,  0.49638208,
        2.44863128, -0.39052467, -0.74563707, -0.16514777,  0.03395985,
       -0.18647123, -0.0059803 ]), array([ 0.33257227,  1.38877573, -0.5358653 , -0.12307602,  0.49549217,
        2.44860129, -0.38904716, -0.74408183, -0.15992725,  0.03261914,
       -0.17798298, -0.00599699]), array([ 0.3306359 ,  1.38506574, -0.53663675, -0.12291995,  0.49464657,
        2.44857123, -0.38727548, -0.74199926, -0.15429102,  0.03121417,
       -0.16911988, -0.00601327]), array([ 0.32870983,  1.38136877, -0.53737799, -0.12277122,  0.49384708,
        2.44854108, -0.38521376, -0.73939443, -0.14824801,  0.02974666,
       -0.15989817, -0.00602913]), array([ 0.32679549,  1.3776874 , -0.53808703, -0.12263013,  0.4930954 ,
        2.44851086, -0.38286651, -0.7362731 , -0.14180794,  0.02821852,
       -0.1503351 , -0.00604454]), array([ 0.3248943 ,  1.37402419, -0.53876194, -0.12249697,  0.49239316,
        2.44848056, -0.38023864, -0.7326417 , -0.13498137,  0.02663181,
       -0.14044892, -0.00605948]), array([ 0.32300762,  1.37038165, -0.53940084, -0.12237202,  0.49174186,
        2.44845019, -0.37733546, -0.72850737, -0.12777961,  0.02498876,
       -0.13025884, -0.00607393]), array([ 0.32113681,  1.36676226, -0.54000191, -0.12225557,  0.49114294,
        2.44841975, -0.37416268, -0.72387798, -0.12021477,  0.02329173,
       -0.11978491, -0.00608787]), array([ 0.31928318,  1.36316845, -0.54056341, -0.12214785,  0.4905977 ,
        2.44838925, -0.37072645, -0.71876213, -0.11229967,  0.02154323,
       -0.109048  , -0.00610126]), array([ 0.31744708,  1.35960282, -0.54108283, -0.12204747,  0.49011059,
        2.44835818, -0.36721942, -0.71312717, -0.1038846 ,  0.02007522,
       -0.0974212 , -0.00621384]), array([ 0.31562977,  1.35606779, -0.54155849, -0.12195498,  0.48968203,
        2.44832682, -0.36346201, -0.70700569, -0.09513214,  0.01849907,
       -0.08571157, -0.00627224]), array([ 0.31383247,  1.35256573, -0.54198881, -0.12187082,  0.48931249,
        2.4482953 , -0.35946102, -0.70041246, -0.08606403,  0.01683224,
       -0.07390869, -0.0063024 ]), array([ 0.31205635,  1.34909892, -0.54237232, -0.12179537,  0.48900243,
        2.44826371, -0.35522374, -0.69336223, -0.07670068,  0.01508845,
       -0.06201123, -0.00631806]), array([ 0.31030256,  1.34566957, -0.54270763, -0.12172898,  0.48875231,
        2.44823208, -0.35075798, -0.68586981, -0.06706167,  0.0132788 ,
       -0.05002463, -0.00632643]), array([ 0.3085722 ,  1.34227982, -0.54299346, -0.12167192,  0.48856251,
        2.44820043, -0.34607197, -0.67795031, -0.05716611,  0.01141255,
       -0.03795936, -0.0063312 ]), array([ 0.30686633,  1.33893172, -0.54322862, -0.12162443,  0.48843337,
        2.44816876, -0.34117439, -0.66961914, -0.04703283,  0.00949756,
       -0.02582965, -0.00633418]), array([ 0.30518595,  1.33562726, -0.54341202, -0.12158673,  0.4883651 ,
        2.44813707, -0.33607431, -0.66089211, -0.0366806 ,  0.00754071,
       -0.01365247, -0.00633622]), array([ 3.03532048e-01,  1.33236833e+00, -5.43542665e-01, -1.21558985e-01,
        4.88357870e-01,  2.44810539e+00, -3.30781195e-01, -6.51785460e-01,
       -2.61281930e-02,  5.54809947e-03, -1.44678494e-03, -6.33765573e-03]), array([ 0.30190552,  1.32915675, -0.54361964, -0.12154136,  0.48841171,
        2.44807369, -0.32530484, -0.64231587, -0.0153945 ,  0.00352527,
        0.01076704, -0.00633858]), array([ 3.00307247e-01,  1.32599425e+00, -5.43642130e-01, -1.21533972e-01,
        4.88526544e-01,  2.44804200e+00, -3.19655372e-01, -6.32500494e-01,
       -4.49850101e-03,  1.47732299e-03,  2.29676946e-02, -6.33897504e-03]), array([ 2.98738030e-01,  1.32288247e+00, -5.43609427e-01, -1.21536927e-01,
        4.88702210e-01,  2.44801030e+00, -3.13843209e-01, -6.22356902e-01,
        6.54067066e-03, -5.91003311e-04,  3.51332655e-02, -6.33876485e-03]), array([ 0.29719864,  1.31982295, -0.54352091, -0.1215503 ,  0.48893842,
        2.44797862, -0.30787903, -0.61190311,  0.01770377, -0.00267523,
        0.04724155, -0.00633787]), array([ 0.29568977,  1.31681716, -0.54337605, -0.12157416,  0.48923477,
        2.44794693, -0.30177374, -0.60115752,  0.02897146, -0.00477108,
        0.05927026, -0.0063362 ]), array([ 0.29421207,  1.31386647, -0.54317443, -0.12160853,  0.48959076,
        2.44791527, -0.29553846, -0.59013893,  0.04032432, -0.0068745 ,
        0.07119724, -0.0063337 ]), array([ 0.29276615,  1.31097214, -0.54291571, -0.12165344,  0.49000576,
        2.44788361, -0.28918443, -0.57886645,  0.0517429 , -0.00898153,
        0.08300062, -0.00633031]), array([ 0.29135254,  1.30813534, -0.54259968, -0.12170888,  0.49047905,
        2.44785198, -0.28272308, -0.56735951,  0.06320777, -0.01108839,
        0.09465893, -0.00632598]), array([ 0.28997171,  1.30535715, -0.54222618, -0.12177484,  0.49100981,
        2.44782038, -0.27616587, -0.55563777,  0.07469954, -0.01319141,
        0.10615124, -0.00632069]), array([ 0.28862409,  1.30263854, -0.54179518, -0.12185127,  0.4915971 ,
        2.44778881, -0.26952438, -0.54372112,  0.08619893, -0.01528701,
        0.11745723, -0.0063144 ]), array([ 0.28731003,  1.2999804 , -0.54130675, -0.12193813,  0.49223988,
        2.44775727, -0.26281016, -0.5316296 ,  0.0976868 , -0.01737174,
        0.1285573 , -0.00630712]), array([ 0.28602986,  1.29738348, -0.54076103, -0.12203534,  0.49293705,
        2.44772578, -0.25603478, -0.51938338,  0.10914422, -0.01944225,
        0.13943264, -0.00629884]), array([ 0.28478381,  1.29484847, -0.54015827, -0.12214282,  0.49368737,
        2.44769433, -0.24920977, -0.50700268,  0.12055249, -0.0214953 ,
        0.15006528, -0.00628956]), array([ 0.28357208,  1.29237593, -0.5394988 , -0.12226046,  0.49448956,
        2.44766293, -0.24234655, -0.49450775,  0.13189322, -0.02352776,
        0.16043815, -0.00627931]), array([ 0.2823948 ,  1.28996633, -0.53878306, -0.12238814,  0.49534224,
        2.44763159, -0.23545644, -0.48191879,  0.14314834, -0.02553662,
        0.17053514, -0.00626809]), array([ 0.28125204,  1.28762005, -0.53801156, -0.12252574,  0.49624394,
        2.44760031, -0.22855062, -0.46925595,  0.15430017, -0.02751898,
        0.18034114, -0.00625594]), array([ 0.28014384,  1.28533736, -0.5371849 , -0.1226731 ,  0.49719315,
        2.4475691 , -0.22164008, -0.45653921,  0.16533146, -0.02947206,
        0.18984203, -0.00624289]), array([ 0.27907017,  1.28311842, -0.53630377, -0.12283006,  0.49818828,
        2.44753796, -0.2147356 , -0.44378838,  0.17622544, -0.03139322,
        0.1990248 , -0.00622898]), array([ 0.27803093,  1.2809633 , -0.53536894, -0.12299646,  0.49922767,
        2.44750688, -0.20784774, -0.43102308,  0.18696581, -0.03327994,
        0.20787746, -0.00621424]), array([ 0.27702599,  1.27887199, -0.53438126, -0.12317211,  0.50030961,
        2.44747589, -0.20098678, -0.4182626 ,  0.19753686, -0.03512984,
        0.21638916, -0.00619871]), array([ 0.27605518,  1.27684436, -0.53334164, -0.12335682,  0.50143236,
        2.44744498, -0.1941627 , -0.40552596,  0.20792342, -0.0369407 ,
        0.22455013, -0.00618246]), array([ 0.27511825,  1.2748802 , -0.53225109, -0.12355037,  0.50259412,
        2.44741415, -0.18738518, -0.39283179,  0.21811095, -0.0387104 ,
        0.23235171, -0.00616552]), array([ 0.27421494,  1.27297921, -0.53111066, -0.12375255,  0.50379305,
        2.44738341, -0.18066355, -0.38019835,  0.22808556, -0.04043702,
        0.23978635, -0.00614796]), array([ 0.2733449 ,  1.27114099, -0.52992149, -0.12396315,  0.50502729,
        2.44735276, -0.17400681, -0.36764344,  0.23783401, -0.04211876,
        0.24684763, -0.00612983]), array([ 0.27250778,  1.26936507, -0.52868477, -0.12418192,  0.50629494,
        2.44732221, -0.16742354, -0.35518439,  0.24734376, -0.04375398,
        0.25353021, -0.00611119]), array([ 0.27170317,  1.26765088, -0.52740176, -0.12440862,  0.50759409,
        2.44729174, -0.16092198, -0.34283804,  0.256603  , -0.04534121,
        0.25982983, -0.00609211]), array([ 0.27093062,  1.26599777, -0.52607375, -0.12464302,  0.50892281,
        2.44726138, -0.15450992, -0.33062066,  0.26560062, -0.0468791 ,
        0.26574332, -0.00607265]), array([ 0.27018965,  1.26440503, -0.52470212, -0.12488485,  0.51027915,
        2.44723112, -0.14819477, -0.31854797,  0.27432628, -0.0483665 ,
        0.27126854, -0.00605287]), array([ 0.26947973,  1.26287186, -0.52328827, -0.12513386,  0.51166117,
        2.44720095, -0.14198348, -0.30663509,  0.28277042, -0.04980239,
        0.27640438, -0.00603284]), array([ 0.26880032,  1.26139738, -0.52183365, -0.12538979,  0.51306693,
        2.44717089, -0.13588261, -0.29489653,  0.29092423, -0.05118591,
        0.28115075, -0.00601263]), array([ 0.26815083,  1.25998064, -0.52033975, -0.12565237,  0.51449447,
        2.44714093, -0.12989824, -0.28334615,  0.29877969, -0.05251637,
        0.28550848, -0.0059923 ]), array([ 0.26753065,  1.25862066, -0.5188081 , -0.12592134,  0.51594186,
        2.44711107, -0.12403603, -0.27199713,  0.30632956, -0.0537932 ,
        0.28947938, -0.00597194]), array([ 0.26693914,  1.25731635, -0.51724026, -0.12619642,  0.5174072 ,
        2.44708131, -0.11830119, -0.26086201,  0.31356741, -0.05501601,
        0.29306612, -0.0059516 ]), array([ 0.26637565,  1.25606659, -0.51563783, -0.12647734,  0.51888856,
        2.44705165, -0.11269849, -0.24995262,  0.32048757, -0.05618455,
        0.29627226, -0.00593135]), array([ 0.26583949,  1.25487019, -0.5140024 , -0.12676384,  0.52038407,
        2.4470221 , -0.10723227, -0.23928008,  0.32708517, -0.05729869,
        0.29910214, -0.00591126]), array([ 0.26532996,  1.25372591, -0.51233562, -0.12705563,  0.52189187,
        2.44699264, -0.1019064 , -0.22885481,  0.33335614, -0.05835848,
        0.3015609 , -0.00589141]), array([ 0.26484634,  1.25263248, -0.51063913, -0.12735245,  0.52341014,
        2.44696328, -0.09672435, -0.21868651,  0.33929715, -0.05936407,
        0.3036544 , -0.00587185]), array([ 0.26438789,  1.25158856, -0.50891461, -0.12765403,  0.52493709,
        2.44693402, -0.09168914, -0.20878416,  0.34490565, -0.06031574,
        0.3053892 , -0.00585266]), array([ 0.26395387,  1.25059278, -0.50716371, -0.1279601 ,  0.52647095,
        2.44690485, -0.0868034 , -0.19915599,  0.35017983, -0.06121391,
        0.30677247, -0.00583389]), array([ 0.26354353,  1.24964373, -0.50538811, -0.12827039,  0.52801001,
        2.44687577, -0.08206932, -0.18980955,  0.35511862, -0.06205911,
        0.30781201, -0.00581561]), array([ 0.26315608,  1.24873997, -0.50358951, -0.12858465,  0.52955259,
        2.44684678, -0.07748872, -0.18075164,  0.35972168, -0.06285198,
        0.30851613, -0.00579787]), array([ 0.26279077,  1.24788003, -0.50176956, -0.12890262,  0.53109706,
        2.44681788, -0.073063  , -0.17198833,  0.36398935, -0.06359326,
        0.30889365, -0.00578074]), array([ 0.2624468 ,  1.24706241, -0.49992995, -0.12922404,  0.53264183,
        2.44678906, -0.06879322, -0.16352501,  0.36792264, -0.06428381,
        0.30895384, -0.00576427]), array([ 0.2621234 ,  1.24628557, -0.49807233, -0.12954866,  0.53418536,
        2.44676031, -0.06468006, -0.15536634,  0.37152326, -0.06492455,
        0.30870638, -0.00574852]), array([ 0.26181978,  1.24554799, -0.49619836, -0.12987624,  0.53572617,
        2.44673165, -0.06072383, -0.14751632,  0.3747935 , -0.06551651,
        0.30816131, -0.00573353]), array([ 0.26153516,  1.2448481 , -0.49430968, -0.13020655,  0.53726281,
        2.44670305, -0.05692456, -0.13997822,  0.37773628, -0.06606079,
        0.30732895, -0.00571935]), array([ 0.26126875,  1.24418433, -0.4924079 , -0.13053934,  0.53879391,
        2.44667452, -0.0532819 , -0.13275468,  0.38035512, -0.06655855,
        0.30621992, -0.00570602]), array([ 0.26101977,  1.24355509, -0.49049463, -0.13087439,  0.54031814,
        2.44664605, -0.04979523, -0.12584767,  0.38265405, -0.06701105,
        0.30484504, -0.0056936 ]), array([ 0.26078746,  1.2429588 , -0.48857145, -0.13121149,  0.54183421,
        2.44661764, -0.04646362, -0.11925853,  0.38463767, -0.06741957,
        0.30321533, -0.00568211]), array([ 0.26057103,  1.24239386, -0.48663989, -0.13155042,  0.54334092,
        2.44658928, -0.0432859 , -0.11298796,  0.38631104, -0.06778546,
        0.30134194, -0.00567159]), array([ 0.26036972,  1.24185868, -0.48470149, -0.13189097,  0.5448371 ,
        2.44656097, -0.04026059, -0.10703609,  0.38767971, -0.06811011,
        0.2992361 , -0.00566207]), array([ 0.26018279,  1.24135166, -0.48275774, -0.13223295,  0.54632165,
        2.4465327 , -0.037386  , -0.10140242,  0.38874965, -0.06839495,
        0.29690913, -0.00565358]), array([ 0.26000949,  1.24087123, -0.48081011, -0.13257615,  0.54779351,
        2.44650447, -0.0346602 , -0.09608593,  0.38952726, -0.06864145,
        0.29437236, -0.00564615]), array([ 0.25984909,  1.24041581, -0.47886001, -0.13292041,  0.5492517 ,
        2.44647627, -0.03208106, -0.09108502,  0.39001928, -0.06885109,
        0.29163712, -0.0056398 ]), array([ 0.25970086,  1.23998382, -0.47690885, -0.13326553,  0.55069527,
        2.4464481 , -0.02964622, -0.08639761,  0.39023283, -0.0690254 ,
        0.28871469, -0.00563455]), array([ 0.25956409,  1.23957372, -0.47495797, -0.13361136,  0.55212335,
        2.44641995, -0.02735318, -0.08202107,  0.39017532, -0.06916589,
        0.28561629, -0.00563041]), array([ 0.25943809,  1.23918395, -0.4730087 , -0.13395773,  0.55353512,
        2.44639181, -0.02519923, -0.07795233,  0.38985445, -0.0692741 ,
        0.28235302, -0.0056274 ]), array([ 0.25932219,  1.23881302, -0.47106231, -0.13430449,  0.5549298 ,
        2.44636369, -0.02318153, -0.07418786,  0.38927819, -0.06935158,
        0.27893588, -0.00562553]), array([ 0.2592157 ,  1.2384594 , -0.46912003, -0.13465149,  0.55630668,
        2.44633556, -0.0212971 , -0.07072368,  0.38845472, -0.06939986,
        0.27537571, -0.00562479]), array([ 0.25911799,  1.23812162, -0.46718307, -0.13499859,  0.55766509,
        2.44630744, -0.01954281, -0.06755542,  0.38739241, -0.06942048,
        0.27168316, -0.00562521]), array([ 0.25902841,  1.23779823, -0.46525257, -0.13534567,  0.55900444,
        2.4462793 , -0.01791545, -0.06467832,  0.38609981, -0.06941498,
        0.26786873, -0.00562677]), array([ 0.25894635,  1.23748779, -0.46332964, -0.13569259,  0.56032415,
        2.44625115, -0.01641168, -0.06208727,  0.38458562, -0.06938486,
        0.26394266, -0.00562947]), array([ 0.25887121,  1.23718891, -0.46141535, -0.13603925,  0.56162372,
        2.44622299, -0.01502809, -0.05977681,  0.38285863, -0.06933164,
        0.259915  , -0.00563332]), array([ 0.2588024 ,  1.2369002 , -0.45951071, -0.13638554,  0.5629027 ,
        2.4461948 , -0.01376118, -0.05774117,  0.38092773, -0.06925679,
        0.25579554, -0.0056383 ]), array([ 0.25873937,  1.23662033, -0.4576167 , -0.13673134,  0.56416067,
        2.44616657, -0.0126074 , -0.05597429,  0.37880189, -0.06916178,
        0.25159384, -0.0056444 ]), array([ 0.25868155,  1.23634798, -0.45573425, -0.13707658,  0.56539727,
        2.44613832, -0.01156314, -0.05446985,  0.37649009, -0.06904803,
        0.24731916, -0.00565161]), array([ 0.25862843,  1.23608187, -0.45386425, -0.13742117,  0.56661217,
        2.44611002, -0.01062474, -0.05322127,  0.37400135, -0.06891695,
        0.24298052, -0.00565992]), array([ 0.25857949,  1.23582077, -0.45200752, -0.13776502,  0.5678051 ,
        2.44608167, -0.0097885 , -0.05222178,  0.37134469, -0.06876993,
        0.23858664, -0.00566932]), array([ 0.25853423,  1.23556344, -0.45016488, -0.13810806,  0.56897583,
        2.44605327, -0.00905072, -0.05146437,  0.36852908, -0.0686083 ,
        0.23414597, -0.00567977]), array([ 0.25849219,  1.23530873, -0.44833706, -0.13845023,  0.57012417,
        2.44602481, -0.00840767, -0.05094188,  0.36556347, -0.06843338,
        0.22966664, -0.00569128]), array([ 0.25845292,  1.2350555 , -0.44652478, -0.13879146,  0.57124995,
        2.4459963 , -0.00785561, -0.05064699,  0.36245674, -0.06824644,
        0.22515653, -0.0057038 ]), array([ 0.25751476,  1.22955451, -0.44009564, -0.13611706,  0.57915461,
        2.45573971, -0.18763156, -1.100198  ,  1.28582673,  0.53488079,
        1.58093267,  1.94868365]), array([ 0.25587823,  1.22699124, -0.43610271, -0.13100565,  0.58819751,
        2.47464691, -0.32730495, -0.51265452,  0.79858752,  1.0222805 ,
        1.80857902,  3.78144015]), array([ 0.2535525 ,  1.22839774, -0.43776623, -0.12989125,  0.59990538,
        2.48288929, -0.46514571,  0.28130125, -0.3327052 ,  0.22287977,
        2.34157441,  1.6484752 ]), array([ 0.25166052,  1.23338615, -0.44313338, -0.12538643,  0.61076976,
        2.50042759, -0.37839733,  0.99768213, -1.07342877,  0.90096583,
        2.17287542,  3.5076597 ]), array([ 0.24939467,  1.2347627 , -0.44754082, -0.12404812,  0.62684079,
        2.50761824, -0.45316998,  0.2753099 , -0.88148928,  0.26766096,
        3.21420737,  1.43813071]), array([ 0.2477225 ,  1.2385766 , -0.45165699, -0.11838821,  0.64076835,
        2.50363846, -0.33443455,  0.76277939, -0.82323416,  1.13198301,
        2.78551209, -0.79595608]), array([ 0.24647502,  1.23898819, -0.45463169, -0.10804912,  0.65751776,
        2.48925943, -0.24949571,  0.08231716, -0.59493867,  2.06781734,
        3.34988169, -2.8758058 ]), array([ 0.24478051,  1.24251088, -0.45956672, -0.10288046,  0.67339688,
        2.48611192, -0.33890036,  0.7045382 , -0.98700697,  1.03373168,
        3.17582292, -0.6295035 ]), array([ 0.24369292,  1.25017761, -0.46784038, -0.0945346 ,  0.68382022,
        2.49283251, -0.21751814,  1.53334632, -1.65473207,  1.66917245,
        2.08466926,  1.34411864]), array([ 0.24321325,  1.26093414, -0.47839494, -0.08302112,  0.6928267 ,
        2.50897434, -0.09593529,  2.15130621, -2.11091276,  2.30269662,
        1.80129636,  3.22836623]), array([ 0.24248744,  1.26885773, -0.48770838, -0.07497884,  0.70065764,
        2.51490741, -0.14516152,  1.58471887, -1.86268652,  1.60845594,
        1.5661879 ,  1.18661307]), array([ 0.24224067,  1.27161697, -0.49222224, -0.06338949,  0.7136392 ,
        2.5304913 , -0.04935382,  0.55184713, -0.90277201,  2.31786872,
        2.59631092,  3.11677866]), array([ 0.24184749,  1.27526348, -0.49666256, -0.0539925 ,  0.72595849,
        2.54971645, -0.0786371 ,  0.72930262, -0.88806413,  1.87939867,
        2.46385937,  3.84503099]), array([ 0.24220014,  1.27531423, -0.49903093, -0.04004003,  0.7403126 ,
        2.55764374,  0.07053104,  0.01014861, -0.47367491,  2.79049347,
        2.87082081,  1.58545762]), array([ 0.24310995,  1.27834544, -0.50278334, -0.0222997 ,  0.75332377,
        2.55450624,  0.18196211,  0.60624281, -0.75048054,  3.54806572,
        2.60223375, -0.62749959]), array([ 0.24357302,  1.28520223, -0.50973605, -0.00966922,  0.76328792,
        2.56217161,  0.09261416,  1.3713589 , -1.39054292,  2.52609688,
        1.99282954,  1.53307317]), array([ 2.43934040e-01,  1.29547942e+00, -5.18637313e-01, -6.77678381e-04,
        7.69858293e-01,  2.55966854e+00,  7.22035410e-02,  2.05543614e+00,
       -1.78025255e+00,  1.79830792e+00,  1.31407559e+00, -5.00614730e-01]), array([ 0.24415304,  1.30232067, -0.5258041 ,  0.00412168,  0.7772876 ,
        2.56812307,  0.04379943,  1.36825095, -1.43335646,  0.95987188,
        1.48586204,  1.69090723]), array([ 0.24533747,  1.31156719, -0.53368663,  0.01353227,  0.78489089,
        2.56542399,  0.2368858 ,  1.84930356, -1.57650744,  1.88211772,
        1.52065791, -0.53981722]), array([ 0.24715679,  1.32429143, -0.54392096,  0.02616811,  0.78878817,
        2.57259044,  0.36386434,  2.5448476 , -2.04686569,  2.52716875,
        0.77945496,  1.43329121]), array([ 0.2522242 ,  1.33936165, -0.55029339,  0.04444212,  0.7820932 ,
        2.58919575,  1.01348311,  3.01404454, -1.27448504,  3.6548005 ,
       -1.33899439,  3.32106183]), array([ 0.25768812,  1.35319637, -0.55553938,  0.06342136,  0.77555005,
        2.60305456,  1.09278405,  2.7669442 , -1.04919832,  3.79584838,
       -1.30862965,  2.7717624 ]), array([ 0.26285581,  1.36650642, -0.56025544,  0.08164655,  0.76906754,
        2.61638765,  1.03353803,  2.66201066, -0.94321163,  3.64503887,
       -1.29650199,  2.66661825]), array([ 0.26863768,  1.38111164, -0.5662057 ,  0.10120675,  0.76102532,
        2.6331174 ,  1.15637358,  2.92104435, -1.19005252,  3.91203925,
       -1.6084442 ,  3.34594915]), array([ 0.27421683,  1.39590209, -0.57216949,  0.11933145,  0.75259698,
        2.65132168,  1.11582919,  2.95808925, -1.19275915,  3.62494112,
       -1.68566651,  3.64085533]), array([ 0.27969628,  1.41099706, -0.5783139 ,  0.13772571,  0.74346293,
        2.66667155,  1.09589062,  3.01899412, -1.22888068,  3.6788509 ,
       -1.82681056,  3.06997542]), array([ 0.28505309,  1.42636854, -0.58464958,  0.15618406,  0.7336976 ,
        2.68338129,  1.07136265,  3.07429575, -1.26713676,  3.69166994,
       -1.95306668,  3.34194667]), array([ 0.29046569,  1.44000108, -0.5900828 ,  0.17572599,  0.7246706 ,
        2.6952345 ,  1.08251879,  2.72650725, -1.08664449,  3.90838575,
       -1.80539911,  2.3706432 ]), array([ 0.2954284 ,  1.44781106, -0.5897009 ,  0.19112243,  0.72222311,
        2.69688677,  0.99254255,  1.56199618,  0.07638117,  3.0792887 ,
       -0.48949883,  0.33045236]), array([ 0.30009394,  1.45104361, -0.58570367,  0.20157154,  0.72332939,
        2.70930605,  0.93310866,  0.64651135,  0.79944541,  2.08982234,
        0.22125638,  2.4838562 ]), array([ 0.30531698,  1.45730682, -0.58304117,  0.21654864,  0.72265378,
        2.71042413,  1.04460818,  1.25264134,  0.53249955,  2.99541992,
       -0.13512129,  0.2236163 ]), array([ 0.31089368,  1.45961612, -0.57801328,  0.23413282,  0.72524754,
        2.72144325,  1.11533891,  0.46186052,  1.00557844,  3.51683634,
        0.51875085,  2.203825  ]), array([ 0.31613475,  1.46436702, -0.57447787,  0.24793903,  0.72613948,
        2.74054966,  1.04821397,  0.95018023,  0.70708226,  2.76124163,
        0.17838932,  3.82128161]), array([ 0.32113827,  1.46888475, -0.57088667,  0.26112561,  0.7268916 ,
        2.7589244 ,  1.00070389,  0.90354553,  0.71824007,  2.63731506,
        0.15042207,  3.67494709]), array([ 0.32707115,  1.47650582, -0.56851292,  0.27924141,  0.72516499,
        2.76577818,  1.18657614,  1.52421276,  0.47474903,  3.62316032,
       -0.34532087,  1.37075763]), array([ 0.33274289,  1.4805839 , -0.56455683,  0.29303439,  0.72499832,
        2.76275913,  1.13434752,  0.81561577,  0.79121919,  2.75859614,
       -0.03333431, -0.60381021]), array([ 0.33924727,  1.48756891, -0.56203498,  0.31069131,  0.72381243,
        2.76958246,  1.30087737,  1.39700395,  0.5043695 ,  3.53138391,
       -0.23717707,  1.36466501]), array([ 0.3461204 ,  1.49205834, -0.55795304,  0.3302415 ,  0.72468599,
        2.76982668,  1.37462466,  0.8978844 ,  0.81638753,  3.91003842,
        0.17471199,  0.04884499]), array([ 0.35250501,  1.49933891, -0.55504166,  0.34527811,  0.72331462,
        2.78071544,  1.2769217 ,  1.45611529,  0.58227582,  3.00732099,
       -0.27427485,  2.1777506 ]), array([ 0.35910652,  1.51011558, -0.55508358,  0.35746719,  0.71914504,
        2.78137022,  1.3203026 ,  2.15533402, -0.0083826 ,  2.4378165 ,
       -0.83391657,  0.13095736]), array([ 0.36781776,  1.52487416, -0.56027218,  0.3738858 ,  0.71151006,
        2.78992755,  1.74224827,  2.9517155 , -1.03771968,  3.28372183,
       -1.52699578,  1.71146473]), array([ 0.37676246,  1.54003061, -0.56590543,  0.39095524,  0.70293641,
        2.79604849,  1.78893995,  3.03128925, -1.12665016,  3.41388876,
       -1.71473041,  1.22418888]), array([ 0.38592104,  1.55549316, -0.5717144 ,  0.40866857,  0.69335283,
        2.79982828,  1.83171653,  3.09251138, -1.16179487,  3.5426652 ,
       -1.91671493,  0.75595833]), array([ 0.39595084,  1.56949568, -0.57754104,  0.42751546,  0.68455365,
        2.80752432,  2.00595976,  2.80050249, -1.16532777,  3.76937904,
       -1.75983641,  1.53920657]), array([ 0.4061597 ,  1.58385886, -0.58373313,  0.44671532,  0.67484502,
        2.81693175,  2.04177273,  2.87263743, -1.23841799,  3.83997099,
       -1.94172562,  1.88148613]), array([ 0.41654555,  1.59871807, -0.59083892,  0.46619324,  0.66452427,
        2.82800226,  2.07716923,  2.97184074, -1.42115734,  3.89558355,
       -2.06414924,  2.21410358]), array([ 0.42616028,  1.61282031, -0.59763669,  0.48572964,  0.6544821 ,
        2.83851882,  1.92294632,  2.82044758, -1.35955537,  3.90728011,
       -2.0084348 ,  2.10331166]), array([ 0.43506625,  1.62618988, -0.60414037,  0.50520769,  0.64472175,
        2.84852782,  1.78119369,  2.67391555, -1.30073483,  3.89561006,
       -1.95206985,  2.00179898]), array([ 0.44322744,  1.63882463, -0.61043476,  0.52476867,  0.63527432,
        2.85802695,  1.63223794,  2.52695037, -1.25887878,  3.91219635,
       -1.88948609,  1.899826  ]), array([ 0.4507059 ,  1.6507579 , -0.61649813,  0.54425249,  0.62630813,
        2.86695962,  1.49569203,  2.38665264, -1.21267378,  3.8967643 ,
       -1.79323816,  1.78653352]), array([ 0.45792542,  1.66209114, -0.6221538 ,  0.56275338,  0.61698074,
        2.87589929,  1.44390412,  2.26664775, -1.13113363,  3.70017818,
       -1.86547815,  1.78793495]), array([ 0.46433429,  1.67270183, -0.62778732,  0.58167807,  0.60839616,
        2.88429551,  1.28177385,  2.12213922, -1.12670501,  3.78493867,
       -1.71691568,  1.67924323]), array([ 0.47022881,  1.68267791, -0.63322842,  0.60029104,  0.60007151,
        2.89233281,  1.17890302,  1.9952159 , -1.08821986,  3.72259417,
       -1.66492928,  1.60746137]), array([ 0.47567962,  1.69205111, -0.63845794,  0.61846786,  0.59197316,
        2.90005296,  1.09016226,  1.87463914, -1.04590381,  3.63536258,
       -1.61967038,  1.54402982]), array([ 0.48074819,  1.70085121, -0.64346074,  0.63611109,  0.58406689,
        2.90749136,  1.01371439,  1.76002121, -1.00055944,  3.52864687,
       -1.58125431,  1.4876806 ]), array([ 0.48548793,  1.70910625, -0.64822515,  0.65314607,  0.57631957,
        2.91467799,  0.94794827,  1.65100771, -0.95288227,  3.40699534,
       -1.54946392,  1.43732474]), array([ 0.48994519,  1.71684262, -0.65274252,  0.66951719,  0.56870031,
        2.92163814,  0.89145161,  1.54727364, -0.90347435,  3.27422476,
       -1.52385253,  1.3920294 ]), array([ 0.49416012,  1.72408522, -0.6570068 ,  0.68518482,  0.56118118,
        2.92839312,  0.84298732,  1.44852006, -0.85285539,  3.13352593,
       -1.50382589,  1.35099781]), array([ 0.49816749,  1.73085758, -0.66101416,  0.70012259,  0.55373765,
        2.93496088,  0.80147277,  1.35447124, -0.80147205,  2.98755438,
       -1.48870598,  1.31355166]), array([ 0.5019973 ,  1.73718194, -0.66476269,  0.71431514,  0.54634875,
        2.94135646,  0.7659613 ,  1.26487222, -0.74970603,  2.83850848,
       -1.47777949,  1.2791154 ]), array([ 0.50567542,  1.74307937, -0.66825209,  0.72775612,  0.53899708,
        2.94759247,  0.73562586,  1.17948667, -0.69788118,  2.68819684,
       -1.47033351,  1.24720245]), array([ 0.50922415,  1.74856985, -0.67148344,  0.7404466 ,  0.53166868,
        2.95367949,  0.70974443,  1.09809504, -0.64626992,  2.53809643,
       -1.46568077,  1.21740297]), array([ 0.51266258,  1.75367231, -0.67445894,  0.75239362,  0.5243528 ,
        2.95962635,  0.68768711,  1.02049284, -0.59509915,  2.38940284,
       -1.46317677,  1.189373  ]), array([ 0.51600711,  1.75840476, -0.67718172,  0.76360898,  0.51704165,
        2.96544048,  0.6689046 ,  0.94648914, -0.5445556 ,  2.24307355,
       -1.46223025,  1.16282504]), array([ 0.5192717 ,  1.76278428, -0.67965567,  0.77410831,  0.5097301 ,
        2.97112808,  0.65291807,  0.87590526, -0.49479088,  2.09986521,
       -1.46230891,  1.13751972]), array([ 0.52246825,  1.76682715, -0.6818853 ,  0.78391014,  0.50241539,
        2.97669437,  0.63931025,  0.80857354, -0.44592605,  1.96036576,
       -1.46294125,  1.1132586 ]), array([ 0.52560683,  1.77054883, -0.68387558,  0.79303525,  0.49509681,
        2.98214376,  0.62771752,  0.74433628, -0.39805587,  1.82502195,
       -1.46371599,  1.08987784]), array([ 0.52869595,  1.77396406, -0.68563185,  0.80150606,  0.48777542,
        2.98747997,  0.61782306,  0.68304477, -0.35125262,  1.69416289,
       -1.46427944,  1.06724287]), array([ 0.5317427 ,  1.77708685, -0.68715969,  0.80934616,  0.48045376,
        2.99270619,  0.60935081,  0.62455848, -0.3055696 ,  1.56802016,
       -1.4643318 ,  1.04524364]), array([ 0.534753  ,  1.77993057, -0.68846491,  0.81657989,  0.47313564,
        2.99782514,  0.60206022,  0.56874429, -0.26104423,  1.44674495,
       -1.46362277,  1.02379069]), array([ 0.53773171,  1.78250795, -0.68955342,  0.823232  ,  0.46582591,
        3.0028392 ,  0.59574168,  0.51547586, -0.21770084,  1.33042254,
       -1.4619467 ,  1.00281175]), array([ 0.54068278,  1.78483111, -0.69043118,  0.82932742,  0.45853022,
        3.00775045,  0.59021251,  0.46463304, -0.1755531 ,  1.21908457,
       -1.45913782,  0.98224879]), array([ 0.54360934,  1.78691162, -0.69110421,  0.83489102,  0.4512549 ,
        3.01256072,  0.58531354,  0.41610141, -0.13460615,  1.11271938,
       -1.45506543,  0.96205562]), array([ 0.54651387,  1.78876048, -0.69157851,  0.83994742,  0.44400675,
        3.0172717 ,  0.58090608,  0.36977185, -0.09485846,  1.01128063,
       -1.44962952,  0.94219582]), array([ 0.54939822,  1.79038818, -0.69186002,  0.8445209 ,  0.43679296,
        3.02188491,  0.57686931,  0.32554013, -0.05630337,  0.91469455,
       -1.4427565 ,  0.92264095]), array([ 0.55226371,  1.79180471, -0.69195468,  0.84863523,  0.42962099,
        3.02640175,  0.57309806,  0.28330668, -0.01893044,  0.82286592,
       -1.43439547,  0.90336916]), array([ 0.55511121,  1.7930196 , -0.69186831,  0.85231364,  0.42249841,
        3.03082357,  0.56950077,  0.24297621,  0.01727346,  0.73568307,
       -1.42451475,  0.88436392]), array([ 0.5579412 ,  1.79404188, -0.69160669,  0.85557875,  0.41543292,
        3.03515164,  0.56599788,  0.20445759,  0.05232321,  0.65302194,
       -1.41309886,  0.86561302]), array([ 0.56075381,  1.7948802 , -0.69117552,  0.8584525 ,  0.40843219,
        3.03938718,  0.56252025,  0.16766355,  0.08623477,  0.57474945,
       -1.40014583,  0.84710772]), array([ 0.56354884,  1.79554275, -0.6905804 ,  0.86095613,  0.40150387,
        3.04353139,  0.55900796,  0.13251058,  0.11902452,  0.5007262 ,
       -1.38566488,  0.82884207]), array([ 0.56632589,  1.79603735, -0.68982685,  0.86311017,  0.39465549,
        3.04758545,  0.55540911,  0.09891871,  0.15070886,  0.43080873,
       -1.36967436,  0.81081231]), array([ 0.56908429,  1.79637141, -0.68892033,  0.86493443,  0.38789449,
        3.05155053,  0.5516789 ,  0.06681145,  0.18130387,  0.36485125,
       -1.3522    ,  0.79301642]), array([ 0.57182318,  1.79655198, -0.68786621,  0.86644797,  0.38122813,
        3.0554278 ,  0.54777874,  0.03611559,  0.21082504,  0.30270708,
       -1.33327349,  0.77545369]), array([ 0.57454156,  1.79658579, -0.68666977,  0.86766911,  0.37466347,
        3.05921842,  0.54367553,  0.00676116,  0.23928717,  0.24422977,
       -1.31293112,  0.75812448]), array([ 0.57723826,  1.7964792 , -0.68533625,  0.86861548,  0.36820741,
        3.06292357,  0.53934095, -0.02131874,  0.26670422,  0.18927401,
       -1.29121278,  0.74102986]), array([ 0.57991202,  1.79623826, -0.6838708 ,  0.86930397,  0.3618666 ,
        3.06654443,  0.53475098, -0.04818796,  0.29308933,  0.13769625,
       -1.26816105,  0.7241715 ]), array([ 0.58256144,  1.79586872, -0.68227853,  0.86975074,  0.3556475 ,
        3.07008219,  0.5298853 , -0.07390746,  0.31845477,  0.0893553 ,
       -1.2438204 ,  0.70755143]), array([ 0.58518508,  1.79537604, -0.68056447,  0.86997131,  0.34955632,
        3.07353805,  0.52472689, -0.09853535,  0.34281206,  0.0441127 ,
       -1.21823664,  0.69117195]), array([ 5.87781385e-01,  1.79476541e+00, -6.78733610e-01,  8.69980471e-01,
        3.43599035e-01,  3.07691322e+00,  5.19261666e-01, -1.22126981e-01,
        3.66171981e-01,  1.83302046e-03, -1.19145634e+00,  6.75035486e-01]), array([ 0.59034878,  1.79404173, -0.67679089,  0.86979239,  0.3377814 ,
        3.08020895,  0.51347808, -0.14473506,  0.38854468, -0.03761594,
       -1.16352644,  0.65914455]), array([ 0.59288561,  1.79320968, -0.67474119,  0.86942058,  0.33210893,
        3.08342645,  0.50736686, -0.16640971,  0.40993979, -0.07436297,
       -1.13449384,  0.64350162]), array([ 0.59539021,  1.79227369, -0.67258935,  0.86887791,  0.32658691,
        3.086567  ,  0.50092073, -0.18719855,  0.43036654, -0.10853336,
       -1.10440521,  0.62810913]), array([ 0.59786088,  1.79123796, -0.67034019,  0.86817667,  0.32122037,
        3.08963185,  0.49413416, -0.20714678,  0.44983384, -0.14024882,
       -1.07330663,  0.6129694 ]), array([ 0.6002959 ,  1.79010647, -0.66799843,  0.86732853,  0.31601416,
        3.09262227,  0.48700318, -0.2262973 ,  0.46835045, -0.16962746,
       -1.0412435 ,  0.59808463]), array([ 0.60269353,  1.78888302, -0.66556881,  0.86634461,  0.31097286,
        3.09553955,  0.47952519, -0.24469075,  0.48592504, -0.19678378,
       -1.00826031,  0.58345685]), array([ 0.60505202,  1.78757119, -0.66305598,  0.86523547,  0.30610085,
        3.09838499,  0.47169879, -0.26236564,  0.50256633, -0.22182865,
       -0.97440057,  0.56908791]), array([ 0.60736964,  1.7861744 , -0.66046456,  0.86401112,  0.30140232,
        3.10115989,  0.46352365, -0.27935841,  0.51828317, -0.24486931,
       -0.93970663,  0.55497949]), array([ 0.60964464,  1.78469588, -0.65779914,  0.86268107,  0.29688122,
        3.10386556,  0.45500035, -0.29570353,  0.53308466, -0.26600946,
       -0.90421967,  0.54113304]), array([ 0.61187529,  1.78313871, -0.65506424,  0.86125433,  0.29254132,
        3.10650331,  0.44613032, -0.3114336 ,  0.5469802 , -0.28534918,
       -0.86797959,  0.52754984]), array([ 0.61405987,  1.78150581, -0.65226434,  0.8597394 ,  0.2883862 ,
        3.10907446,  0.4369157 , -0.32657943,  0.55997961, -0.30298507,
       -0.83102494,  0.51423092]), array([ 0.61619667,  1.77979996, -0.64940387,  0.85814435,  0.28441923,
        3.11158035,  0.42735927, -0.34117013,  0.57209313, -0.31901021,
       -0.79339292,  0.50117712]), array([ 0.61828399,  1.7780238 , -0.64648721,  0.85647678,  0.28064364,
        3.11402229,  0.41746436, -0.35523321,  0.58333153, -0.3335142 ,
       -0.75511928,  0.48838905]), array([ 0.62032016,  1.77617982, -0.64351868,  0.85474386,  0.27706245,
        3.11640163,  0.40723482, -0.36879468,  0.59370614, -0.34658326,
       -0.71623836,  0.47586711]), array([ 0.62230354,  1.77427043, -0.64050254,  0.85295236,  0.27367853,
        3.11871968,  0.3966749 , -0.38187911,  0.60322887, -0.35830019,
       -0.67678299,  0.46361146]), array([ 0.62423248,  1.77229788, -0.63744298,  0.85110864,  0.27049461,
        3.12097779,  0.38578924, -0.39450975,  0.61191224, -0.36874446,
       -0.63678452,  0.45162208]), array([ 0.6261054 ,  1.77026434, -0.63434413,  0.84921868,  0.26751324,
        3.12317729,  0.37458281, -0.40670859,  0.61976942, -0.37799221,
       -0.59627281,  0.43989869]), array([ 0.6279207 ,  1.76817185, -0.63121006,  0.8472881 ,  0.26473686,
        3.12531949,  0.36306087, -0.4184965 ,  0.6268142 , -0.38611634,
       -0.55527618,  0.42844083]), array([ 0.6295863 ,  1.76593034, -0.62817242,  0.84542289,  0.26197427,
        3.12736617,  0.33311954, -0.4483026 ,  0.60752853, -0.37304195,
       -0.552518  ,  0.40933587])], 'U_history': [array([ 1.14012565e-03,  5.67032217e-05,  1.67573581e-04, -2.63621420e-04,
       -2.06734611e-04, -1.46700171e-19]), array([ 0.03655273,  0.07134742, -0.01348663, -0.0062419 ,  0.06323601,
        0.00393682]), array([ 0.07114264,  0.14014317, -0.02052874, -0.01193639,  0.11407022,
        0.0061941 ]), array([ 0.10487235,  0.20644965, -0.02225908, -0.01736081,  0.15554926,
        0.00751059]), array([ 0.1377257 ,  0.27032034, -0.01970687, -0.02252529,  0.19008692,
        0.00829732]), array([ 0.16970395,  0.33184499, -0.01368831, -0.02744126,  0.21947467,
        0.00878406]), array([ 0.20082269,  0.39114171, -0.00485057, -0.03212278,  0.24504361,
        0.0090999 ]), array([ 0.23110902,  0.4483505 ,  0.00629385, -0.03658622,  0.26778434,
        0.00931779]), array([ 0.26059862,  0.50362713,  0.0193397 , -0.04084943,  0.2884353 ,
        0.00947921]), array([ 0.28933319,  0.55713712,  0.03396661, -0.04493069,  0.30754766,
        0.00960785]), array([ 0.31735824,  0.60905051,  0.04992133, -0.04884808,  0.32553307,
        0.00971734]), array([ 0.34472162,  0.65953795,  0.06700369, -0.05261886,  0.34269924,
        0.00981549]), array([ 0.37147252,  0.70876807,  0.08505591, -0.05625925,  0.35927646,
        0.00990679]), array([ 0.39766083,  0.75690591,  0.10395433, -0.05978425,  0.37543759,
        0.00999379]), array([ 0.42333669,  0.80411205,  0.12360301, -0.06320763,  0.39131298,
        0.0100779 ]), array([ 0.44855011,  0.85054212,  0.14392873, -0.06654194,  0.40700161,
        0.01015987]), array([ 0.47335065,  0.89634653,  0.16487685, -0.06979855,  0.42257933,
        0.01024006]), array([ 0.49778714,  0.94167028,  0.18640802, -0.07298774,  0.43810493,
        0.01031861]), array([ 0.5219074 ,  0.98665275,  0.20849542, -0.07611875,  0.45362464,
        0.01039555]), array([ 0.54575798,  1.0314276 ,  0.23112239, -0.07919988,  0.46917532,
        0.01047084]), array([ 0.57205832,  1.07246311,  0.25172177, -0.0829967 ,  0.48319833,
        0.01054442]), array([ 0.59566808,  1.11686283,  0.27521293, -0.0859787 ,  0.49891825,
        0.01059307]), array([ 0.61914352,  1.16141441,  0.29923573, -0.08894283,  0.51471595,
        0.01065082]), array([ 0.64252351,  1.20622728,  0.32379641, -0.09189135,  0.53061561,
        0.01071231]), array([ 0.66584472,  1.25140443,  0.34890427, -0.09482663,  0.54663694,
        0.01077471]), array([ 0.68914142,  1.29704212,  0.37457059, -0.09775099,  0.56279599,
        0.01083652]), array([ 0.71244539,  1.34322971,  0.40080766, -0.10066657,  0.57910575,
        0.010897  ]), array([ 0.73578576,  1.39004941,  0.42762802, -0.1035753 ,  0.59557652,
        0.01095581]), array([ 0.75918893,  1.43757605,  0.45504367, -0.10647885,  0.61221619,
        0.01101282]), array([ 0.78267844,  1.48587689,  0.4830655 , -0.10937856,  0.6290304 ,
        0.01106801]), array([ 0.80627494,  1.53501138,  0.51170268, -0.11227551,  0.64602266,
        0.01112143]), array([ 0.82999604,  1.58503098,  0.54096218, -0.11517046,  0.6631944 ,
        0.01117317]), array([ 0.85385634,  1.63597899,  0.57084838, -0.11806384,  0.68054498,
        0.01122332]), array([ 0.87786734,  1.68789039,  0.60136263, -0.12095581,  0.69807173,
        0.011272  ]), array([ 0.9020374 ,  1.7407917 ,  0.63250298, -0.12384622,  0.71576995,
        0.0113193 ]), array([ 0.92637177,  1.79470086,  0.66426387, -0.1267346 ,  0.7336329 ,
        0.01136533]), array([ 0.95087256,  1.84962715,  0.69663593, -0.12962026,  0.75165178,
        0.01141019]), array([ 0.97553876,  1.90557114,  0.72960578, -0.13250219,  0.7698158 ,
        0.01145398]), array([ 1.00036627,  1.96252467,  0.76315586, -0.13537915,  0.78811213,
        0.01149679]), array([ 1.02534798,  2.02047086,  0.7972644 , -0.13824967,  0.80652597,
        0.01153869]), array([ 1.05674804,  2.07685752,  0.83013303, -0.1426795 ,  0.82418711,
        0.01157977]), array([ 1.08213519,  2.13660132,  0.86523327, -0.14541794,  0.84283498,
        0.01158019]), array([ 1.10763283,  2.19723979,  0.90080375, -0.14817117,  0.86152806,
        0.01160104]), array([ 1.13322259,  2.25872174,  0.9368047 , -0.15093051,  0.88024854,
        0.01163206]), array([ 1.15888346,  2.32098804,  0.97319242, -0.15368869,  0.89897578,
        0.01166784]), array([ 1.1845919 ,  2.3839718 ,  1.00991932, -0.15643949,  0.91768669,
        0.01170553]), array([ 1.21032203,  2.44759869,  1.04693405, -0.15917736,  0.9363561 ,
        0.0117437 ]), array([ 1.23604582,  2.51178723,  1.08418161, -0.16189732,  0.954957  ,
        0.01178162]), array([ 1.26173327,  2.57644913,  1.12160353, -0.16459477,  0.97346085,
        0.01181895]), array([ 1.28735259,  2.64148972,  1.15913812, -0.16726542,  0.99183773,
        0.01185555]), array([ 1.31287041,  2.7068084 ,  1.19672069, -0.16990521,  1.01005664,
        0.01189137]), array([ 1.33825199,  2.77229908,  1.23428383, -0.1725103 ,  1.02808563,
        0.01192638]), array([ 1.36346142,  2.83785071,  1.27175773, -0.17507698,  1.04589206,
        0.01196059]), array([ 1.38846186,  2.90334782,  1.3090705 , -0.17760173,  1.06344275,
        0.01199398]), array([ 1.41321574,  2.96867107,  1.34614846, -0.18008114,  1.08070418,
        0.01202654]), array([ 1.43768498,  3.03369786,  1.3829166 , -0.18251194,  1.09764272,
        0.01205825]), array([ 1.46183124,  3.09830293,  1.41929884, -0.18489098,  1.11422476,
        0.01208907]), array([ 1.48561611,  3.16235897,  1.45521847, -0.18721526,  1.13041694,
        0.01211896]), array([ 1.50900136,  3.22573727,  1.49059855, -0.18948188,  1.14618631,
        0.01214787]), array([ 1.53194912,  3.28830838,  1.52536223, -0.19168811,  1.1615005 ,
        0.01217574]), array([ 1.53107465,  3.37645759,  1.57787838, -0.18766508,  1.18778048,
        0.01220251]), array([ 1.55302319,  3.43741296,  1.61117951, -0.19029865,  1.2009993 ,
        0.01242768]), array([ 1.57443898,  3.49708982,  1.64357657, -0.19274547,  1.21392204,
        0.01254448]), array([ 1.59528705,  3.5553703 ,  1.67501102, -0.19503257,  1.22645409,
        0.01260479]), array([ 1.61553396,  3.61213713,  1.70542232, -0.19717947,  1.23851932,
        0.01263612]), array([ 1.63514782,  3.66727476,  1.73474942, -0.19920046,  1.25005581,
        0.01265287]), array([ 1.65409847,  3.72067022,  1.76293187, -0.2011061 ,  1.26101272,
        0.0126624 ]), array([ 1.67235759,  3.77221394,  1.78991075, -0.20290424,  1.27134802,
        0.01266836]), array([ 1.68989879,  3.82180054,  1.81562942, -0.20460079,  1.28102677,
        0.01267244]), array([ 1.70669773,  3.86932939,  1.8400341 , -0.20620019,  1.29001993,
        0.01267531]), array([ 1.72273219,  3.91470524,  1.86307439, -0.20770581,  1.29830342,
        0.01267716]), array([ 1.73798213,  3.95783872,  1.88470365, -0.20912029,  1.30585748,
        0.01267795]), array([ 1.75242979,  3.99864676,  1.90487935, -0.21044564,  1.31266618,
        0.01267753]), array([ 1.76605967,  4.03705305,  1.92356329, -0.21168355,  1.31871706,
        0.01267574]), array([ 1.77885861,  4.07298827,  1.94072187, -0.21283537,  1.32400084,
        0.01267241]), array([ 1.79081581,  4.10639051,  1.95632625, -0.21390232,  1.32851124,
        0.01266741]), array([ 1.80192278,  4.13720539,  1.97035242, -0.2148855 ,  1.3322448 ,
        0.01266062]), array([ 1.8121734 ,  4.16538632,  1.98278135, -0.21578597,  1.33520075,
        0.01265197]), array([ 1.82156384,  4.19089461,  1.99359902, -0.21660477,  1.33738089,
        0.01264137]), array([ 1.83009255,  4.21369957,  2.00279644, -0.21734299,  1.3387895 ,
        0.0126288 ]), array([ 1.83776024,  4.23377855,  2.01036963, -0.21800174,  1.33943324,
        0.01261424]), array([ 1.84456978,  4.25111696,  2.0163196 , -0.21858221,  1.33932105,
        0.01259767]), array([ 1.85052617,  4.26570821,  2.02065229, -0.21908568,  1.33846407,
        0.01257912]), array([ 1.85563647,  4.27755364,  2.02337843, -0.21951349,  1.33687552,
        0.01255861]), array([ 1.8599097 ,  4.28666242,  2.02451351, -0.21986708,  1.33457063,
        0.01253618]), array([ 1.86335678,  4.29305135,  2.02407755, -0.22014799,  1.33156651,
        0.01251189]), array([ 1.86599041,  4.29674474,  2.02209502, -0.22035782,  1.32788207,
        0.01248579]), array([ 1.86782501,  4.2977741 ,  2.01859464, -0.22049829,  1.32353788,
        0.01245795]), array([ 1.8688766 ,  4.29617798,  2.01360916, -0.22057118,  1.31855608,
        0.01242847]), array([ 1.86916269,  4.29200161,  2.0071752 , -0.22057837,  1.31296023,
        0.01239743]), array([ 1.8687022 ,  4.28529667,  1.99933301, -0.2205218 ,  1.30677522,
        0.01236492]), array([ 1.86751534,  4.2761209 ,  1.99012623, -0.22040349,  1.30002714,
        0.01233105]), array([ 1.86562351,  4.26453781,  1.97960165, -0.22022554,  1.29274314,
        0.01229592]), array([ 1.86304918,  4.25061626,  1.96780897, -0.21999007,  1.28495131,
        0.01225966]), array([ 1.8598158 ,  4.23443014,  1.95480054, -0.21969928,  1.27668054,
        0.01222239]), array([ 1.85594768,  4.21605793,  1.94063109, -0.21935542,  1.26796042,
        0.01218422]), array([ 1.8514699 ,  4.19558234,  1.92535746, -0.21896076,  1.25882109,
        0.01214529]), array([ 1.84640819,  4.17308989,  1.90903837, -0.21851763,  1.24929313,
        0.01210573]), array([ 1.84078887,  4.14867049,  1.89173408, -0.21802836,  1.23940742,
        0.01206567]), array([ 1.83463869,  4.12241704,  1.8735062 , -0.21749533,  1.22919501,
        0.01202525]), array([ 1.82798479,  4.09442501,  1.85441738, -0.2169209 ,  1.21868707,
        0.01198461]), array([ 1.82085459,  4.06479206,  1.83453104, -0.21630746,  1.20791468,
        0.01194387]), array([ 1.81327568,  4.03361759,  1.81391117, -0.2156574 ,  1.19690878,
        0.01190319]), array([ 1.80527578,  4.00100235,  1.79262203, -0.21497312,  1.18570006,
        0.0118627 ]), array([ 1.79688263,  3.9670481 ,  1.7707279 , -0.21425698,  1.17431886,
        0.01182253]), array([ 1.78812391,  3.93185715,  1.74829292, -0.21351136,  1.16279505,
        0.01178282]), array([ 1.77902718,  3.89553207,  1.72538077, -0.21273859,  1.15115796,
        0.01174371]), array([ 1.76961981,  3.85817526,  1.70205453, -0.21194099,  1.13943632,
        0.01170532]), array([ 1.7599289 ,  3.81988869,  1.67837644, -0.21112085,  1.12765813,
        0.01166778]), array([ 1.74998125,  3.78077349,  1.65440774, -0.21028044,  1.11585063,
        0.01163121]), array([ 1.73980324,  3.7409297 ,  1.63020845, -0.20942197,  1.10404024,
        0.01159574]), array([ 1.72942087,  3.70045596,  1.60583725, -0.20854762,  1.09225247,
        0.01156148]), array([ 1.71885961,  3.65944923,  1.58135127, -0.20765952,  1.08051189,
        0.01152855]), array([ 1.70814442,  3.61800454,  1.55680601, -0.20675975,  1.06884208,
        0.01149704]), array([ 1.6972997 ,  3.57621476,  1.53225519, -0.20585035,  1.05726559,
        0.01146706]), array([ 1.68634923,  3.53417036,  1.50775062, -0.20493329,  1.04580393,
        0.0114387 ]), array([ 1.67531613,  3.49195925,  1.48334212, -0.20401049,  1.03447749,
        0.01141205]), array([ 1.66422285,  3.44966656,  1.45907744, -0.20308381,  1.02330557,
        0.0113872 ]), array([ 1.65309116,  3.40737452,  1.43500215, -0.20215505,  1.01230636,
        0.01136421]), array([ 1.64194206,  3.36516231,  1.41115964, -0.20122594,  1.0014969 ,
        0.01134317]), array([ 1.63079581,  3.3231059 ,  1.38759102, -0.20029814,  0.9908931 ,
        0.01132414]), array([ 1.61967193,  3.28127804,  1.36433508, -0.19937327,  0.98050974,
        0.01130717]), array([ 1.60858911,  3.23974807,  1.34142832, -0.19845285,  0.97036046,
        0.01129231]), array([ 1.59756526,  3.19858193,  1.3189049 , -0.19753836,  0.96045781,
        0.01127961]), array([ 1.58661749,  3.1578421 ,  1.29679662, -0.19663117,  0.9508132 ,
        0.01126911]), array([ 1.57576209,  3.11758754,  1.27513298, -0.19573263,  0.94143698,
        0.01126083]), array([ 1.56501452,  3.0778737 ,  1.25394113, -0.19484399,  0.93233843,
        0.01125481]), array([ 1.55438942,  3.03875252,  1.23324597, -0.19396643,  0.92352578,
        0.01125106]), array([ 1.54390064,  3.0002724 ,  1.21307011, -0.19310107,  0.91500624,
        0.01124959]), array([ 1.53356117,  2.96247831,  1.19343399, -0.19224896,  0.90678608,
        0.01125042]), array([ 1.52338322,  2.92541173,  1.17435584, -0.19141109,  0.89887056,
        0.01125354]), array([ 1.51337817,  2.88911078,  1.15585182, -0.19058835,  0.89126407,
        0.01125894]), array([ 1.50355663,  2.85361024,  1.137936  , -0.18978159,  0.8839701 ,
        0.01126663]), array([ 1.49392841,  2.81894161,  1.12062051, -0.1889916 ,  0.87699129,
        0.01127659]), array([ 1.48450254,  2.78513321,  1.10391553, -0.18821908,  0.87032948,
        0.01128879]), array([ 1.47528731,  2.75221028,  1.0878294 , -0.18746468,  0.86398574,
        0.01130322]), array([ 1.46629025,  2.72019502,  1.0723687 , -0.18672899,  0.85796041,
        0.01131984]), array([ 1.45751817,  2.68910673,  1.05753831, -0.18601253,  0.85225315,
        0.01133863]), array([ 1.44897718,  2.65896191,  1.04334152, -0.18531577,  0.84686295,
        0.01135955]), array([ 1.44067268,  2.62977432,  1.02978005, -0.18463912,  0.84178819,
        0.01138255]), array([-23.01672573, -60.        ,  16.15561063,  10.        ,
        10.        ,  10.        ]), array([-20.91011969,  60.        ,   9.18947248,  10.        ,
        10.        ,  10.        ]), array([ -4.03954528,  60.        , -11.40942479, -10.        ,
        10.        , -10.        ]), array([ 0.83045231, 60.        , -3.58001308, 10.        ,  4.64866172,
       10.        ]), array([  2.74116736, -60.        , -11.84228755, -10.        ,
         3.68933328, -10.        ]), array([  3.89662806,  60.        ,  19.61305717,  10.        ,
         6.25590164, -10.        ]), array([  1.42170271, -60.        , -12.20127714,  10.        ,
        -1.14756998, -10.        ]), array([  0.15764674,  60.        ,   6.59218943, -10.        ,
         6.99979198,  10.        ]), array([ 2.80736442, 60.        , -7.27534988, 10.        , -4.72484595,
       10.        ]), array([ 4.49228751, 60.        ,  2.42638127, 10.        ,  4.52569919,
       10.        ]), array([  4.68574391, -60.        , -18.5772879 , -10.        ,
       -10.        , -10.        ]), array([  2.89459179, -60.        ,  12.04575393,  10.        ,
         7.44602873,  10.        ]), array([ 1.98789718, 24.        ,  6.54592278, -4.        ,  3.58003125,
        4.        ]), array([  7.41502227, -60.        ,  -7.2183589 ,  10.        ,
        -1.75400578, -10.        ]), array([  3.91419559,  60.        ,   9.86861618,  10.        ,
         6.03467662, -10.        ]), array([  2.26748454,  60.        ,  -4.08617009, -10.        ,
         0.50617206,  10.        ]), array([  9.2679092 ,  60.        ,   2.12706255, -10.        ,
         0.52091761, -10.        ]), array([  8.15887847, -60.        , -12.18343525, -10.        ,
        -4.95865476,  10.        ]), array([ 11.80777258,  60.        ,  13.67098933,  10.        ,
         9.21884384, -10.        ]), array([ 5.78419207, 60.        , -0.97734839, 10.        , -0.89243394,
       10.        ]), array([ 60.,  60.,  30.,  10., -10.,  10.]), array([ 12.        , -12.        ,  -0.73571782,   2.        ,
        -1.15877487,  -2.        ]), array([ 0.,  0.,  0.,  0.,  0., -0.]), array([15.01415563, 24.        , -4.37180638,  4.        , -1.78561454,
        4.        ]), array([ 4.23640396, 12.        ,  0.05275398, -2.        ,  0.13092609,
        2.        ]), array([ 2.50380508, 12.        , -1.53694295,  2.        , -0.81154189,
       -2.        ]), array([ 2.06202625, 12.        , -1.53663803,  2.        , -0.70874931,
        2.        ]), array([  3.7421248 , -24.        ,  -5.92908835,   4.        ,
        -2.33434673,  -4.        ]), array([  3.65533896, -60.        ,  19.85379543, -10.        ,
        10.        , -10.        ]), array([  6.63953458, -60.        ,   5.31310684, -10.        ,
         1.93625791,  10.        ]), array([  7.48791355,  60.        ,   9.75896175,  10.        ,
         4.0749208 , -10.        ]), array([  1.9953761 , -60.        ,  -3.25761502,  10.        ,
         0.25070323,  10.        ]), array([ 6.03931044, 48.        ,  6.38366954, -8.        ,  2.48880107,
        8.        ]), array([ 0., -0., -0., -0.,  0.,  0.]), array([ 16.69840721,  60.        ,   9.30109799,  10.        ,
         2.14775432, -10.        ]), array([  9.54087679, -60.        ,  -9.50809775, -10.        ,
        -4.52016421, -10.        ]), array([13.90042979, 60.        , 10.0772271 , 10.        ,  5.11354863,
       10.        ]), array([  7.63637785, -36.        ,  -1.80217509,   6.        ,
         0.28269211,  -6.        ]), array([  5.83801703,  60.        ,  12.02061931, -10.        ,
         2.99556805,  10.        ]), array([ 21.83689947,  60.        ,  -1.02429591, -10.        ,
        -0.999825  , -10.        ]), array([ 48.        ,  48.        , -21.92039586,   8.        ,
        -8.        ,   8.        ]), array([12.        , 12.        , -3.26850235,  2.        , -2.        ,
       -2.        ]), array([12.        , 12.        , -1.79292325,  2.        , -2.        ,
       -2.        ]), array([ 24.        , -24.        , -11.54287512,   4.        ,
        -4.        ,   4.        ]), array([12.        , 12.        , -2.67176806,  2.        , -2.        ,
        2.        ]), array([12., 12., -6.,  2., -2.,  2.]), array([-1.15543281e+01, -5.14238590e+00, -3.64499762e+00,  3.79405796e+00,
       -9.29869713e-02, -1.85923599e-15]), array([-1.01370707e+01, -4.69595549e+00, -3.33919301e+00,  3.30868857e+00,
       -6.11907738e-02, -2.81704273e-15]), array([-1.17690889e+01, -5.68840792e+00, -4.05852782e+00,  3.82340036e+00,
       -5.37750495e-02, -2.97899778e-15]), array([-7.32821379e+00, -3.68654612e+00, -2.64010905e+00,  2.37098667e+00,
       -1.86568694e-02, -1.83209194e-15]), array([-9.81937926e+00, -5.51938555e+00, -3.95973389e+00,  3.21791672e+00,
       -1.69517738e-01,  1.63684997e-16]), array([-9.77654550e+00, -4.84423417e+00, -3.51747450e+00,  3.08401780e+00,
        2.26927883e-01,  1.42889935e-16]), array([-6.40694157e+00, -3.77394270e+00, -2.74502892e+00,  2.08412592e+00,
       -2.80710317e-02, -9.69536732e-16]), array([-4.61753279e+00, -2.94921466e+00, -2.16477688e+00,  1.52592215e+00,
       -4.85799030e-02, -6.40305503e-16]), array([-3.08875678e+00, -2.22607092e+00, -1.65646400e+00,  1.05749616e+00,
       -7.88981219e-02,  1.11923236e-16]), array([-1.78648696e+00, -1.58875348e+00, -1.20942430e+00,  6.65374246e-01,
       -1.13849344e-01, -6.00669942e-16]), array([-6.81003659e-01, -1.02451114e+00, -8.14974439e-01,  3.38119625e-01,
       -1.49599593e-01, -1.11784594e-16]), array([ 2.53644409e-01, -5.22948787e-01, -4.65973425e-01,  6.60016034e-02,
       -1.83411466e-01, -3.51776074e-17]), array([ 1.04015796e+00, -7.55181014e-02, -1.56482083e-01, -1.59275107e-01,
       -2.13425521e-01,  1.68689442e-16]), array([ 1.69841162e+00,  3.24877352e-01,  1.18497364e-01, -3.44792511e-01,
       -2.38471124e-01,  3.04115346e-16]), array([ 2.24580693e+00,  6.84185858e-01,  3.63218508e-01, -4.96602452e-01,
       -2.57906440e-01,  7.03068191e-17]), array([ 2.69757059e+00,  1.00743995e+00,  5.81339059e-01, -6.19878557e-01,
       -2.71485677e-01,  3.69087358e-16]), array([ 3.06701068e+00,  1.29893373e+00,  7.76031954e-01, -7.19043187e-01,
       -2.79250941e-01, -3.62646747e-17]), array([ 3.36573993e+00,  1.56235831e+00,  9.50068668e-01, -7.97874336e-01,
       -2.81445664e-01, -5.07878881e-17]), array([ 3.60387260e+00,  1.80090567e+00,  1.10588208e+00, -8.59596291e-01,
       -2.78446554e-01,  7.69433056e-16]), array([ 3.79019957e+00,  2.01734916e+00,  1.24561454e+00, -9.06957039e-01,
       -2.70711119e-01,  5.84913489e-17]), array([ 3.93234484e+00,  2.21410652e+00,  1.37115536e+00, -9.42294742e-01,
       -2.58738075e-01,  1.20270910e-15]), array([ 4.03690588e+00,  2.39329029e+00,  1.48417081e+00, -9.67595081e-01,
       -2.43038224e-01, -5.62429819e-16]), array([ 4.10957937e+00,  2.55674873e+00,  1.58612888e+00, -9.84540875e-01,
       -2.24113700e-01,  7.89035796e-16]), array([ 4.15527381e+00,  2.70609983e+00,  1.67832029e+00, -9.94555128e-01,
       -2.02443801e-01, -3.40896263e-16]), array([ 4.17821002e+00,  2.84276017e+00,  1.76187695e+00, -9.98838388e-01,
       -1.78475900e-01,  3.86601167e-16]), array([ 4.18201058e+00,  2.96796968e+00,  1.83778831e+00, -9.98401175e-01,
       -1.52620208e-01,  1.59100094e-16]), array([ 4.16977907e+00,  3.08281343e+00,  1.90691636e+00, -9.94092107e-01,
       -1.25247376e-01,  5.07444589e-16]), array([ 4.14417003e+00,  3.18824076e+00,  1.97000931e+00, -9.86622247e-01,
       -9.66881515e-02,  3.64174650e-16]), array([ 4.10745037e+00,  3.28508240e+00,  2.02771424e+00, -9.76586139e-01,
       -6.72344573e-02,  2.36407466e-16]), array([ 4.06155320e+00,  3.37406567e+00,  2.08058877e+00, -9.64479928e-01,
       -3.71414032e-02,  3.36503968e-17]), array([ 4.00812467e+00,  3.45582816e+00,  2.12911181e+00, -9.50716933e-01,
       -6.62987566e-03, -9.85142104e-17]), array([ 3.94856472e+00,  3.53092983e+00,  2.17369346e+00, -9.35640966e-01,
        2.41105738e-02,  4.46567542e-16]), array([ 3.88406225e+00,  3.59986386e+00,  2.21468401e+00, -9.19537707e-01,
        5.49187336e-02,  7.38658559e-16]), array([ 3.81562558e+00,  3.66306625e+00,  2.25238216e+00, -9.02644365e-01,
        8.56587695e-02,  2.93888372e-16]), array([ 3.74410851e+00,  3.72092430e+00,  2.28704239e+00, -8.85157853e-01,
        1.16217385e-01,  1.08493240e-15]), array([ 3.67023283,  3.77378395,  2.31888157, -0.86724169,  0.14650116,
        0.        ]), array([ 3.59460748e+00,  3.82195634e+00,  2.34808489e+00, -8.49031778e-01,
        1.76434127e-01,  1.95958729e-16]), array([ 3.51774499e+00,  3.86572331e+00,  2.37481103e+00, -8.30641262e-01,
        2.05955509e-01,  9.37033545e-16]), array([ 3.44007547e+00,  3.90534223e+00,  2.39919674e+00, -8.12164538e-01,
        2.35017778e-01,  6.79882791e-16]), array([ 3.36195862e+00,  3.94105002e+00,  2.42136079e+00, -7.93680599e-01,
        2.63584861e-01, -1.98545520e-16]), array([ 3.28369387e+00,  3.97306666e+00,  2.44140739e+00, -7.75255783e-01,
        2.91630586e-01,  4.15298661e-16]), array([ 3.20552912e+00,  4.00159794e+00,  2.45942913e+00, -7.56946028e-01,
        3.19137310e-01, -6.17165851e-16]), array([ 3.12766810e+00,  4.02683788e+00,  2.47550944e+00, -7.38798719e-01,
        3.46094724e-01, -3.45053978e-17]), array([ 3.05027676e+00,  4.04897063e+00,  2.48972469e+00, -7.20854176e-01,
        3.72498811e-01,  3.20493427e-16]), array([ 2.97348863,  4.06817193,  2.50214588, -0.70314687,  0.39835094,
        0.        ]), array([ 2.89740946e+00,  4.08461036e+00,  2.51284007e+00, -6.85706378e-01,
        4.23657067e-01,  1.16105815e-16]), array([ 2.82212121e+00,  4.09844822e+00,  2.52187147e+00, -6.68558183e-01,
        4.48427091e-01,  9.98683007e-17]), array([ 2.74768546e+00,  4.10984218e+00,  2.52930241e+00, -6.51724265e-01,
        4.72674224e-01,  2.91069584e-16]), array([ 2.67414631e+00,  4.11894376e+00,  2.53519393e+00, -6.35223600e-01,
        4.96414501e-01,  6.20664095e-16]), array([ 2.60153297e+00,  4.12589961e+00,  2.53960633e+00, -6.19072539e-01,
        5.19666328e-01, -4.68859076e-17]), array([ 2.52986193e+00,  4.13085166e+00,  2.54259956e+00, -6.03285110e-01,
        5.42450101e-01,  6.69007019e-17]), array([ 2.45913888e+00,  4.13393722e+00,  2.54423337e+00, -5.87873253e-01,
        5.64787863e-01,  3.43349288e-16]), array([ 2.38936034e+00,  4.13528888e+00,  2.54456752e+00, -5.72847001e-01,
        5.86703010e-01,  8.51652093e-17]), array([ 2.32051515e+00,  4.13503447e+00,  2.54366176e+00, -5.58214628e-01,
        6.08220035e-01, -4.72195047e-16]), array([ 2.25258571e+00,  4.13329691e+00,  2.54157584e+00, -5.43982759e-01,
        6.29364293e-01,  1.90967696e-17]), array([ 2.18554909e+00,  4.13019402e+00,  2.53836944e+00, -5.30156469e-01,
        6.50161805e-01, -2.29928810e-16]), array([ 2.11937796e+00,  4.12583837e+00,  2.53410203e+00, -5.16739353e-01,
        6.70639074e-01,  2.67754816e-16]), array([ 2.05404148e+00,  4.12033706e+00,  2.52883274e+00, -5.03733592e-01,
        6.90822930e-01,  4.62152692e-16]), array([ 1.98950603e+00,  4.11379157e+00,  2.52262017e+00, -4.91140013e-01,
        7.10740379e-01, -2.64746685e-16]), array([ 1.92573582e+00,  4.10629756e+00,  2.51552229e+00, -4.78958137e-01,
        7.30418482e-01,  1.23112875e-16]), array([ 1.86269347,  4.09794472,  2.50759619, -0.46718623,  0.74988423,
        0.        ]), array([0., 0., 0., 0., 0., 0.])], 'ball_pos_history': [array([ 2.8831033 , -7.91858597,  1.40447039]), array([ 2.86337402, -7.8781415 ,  1.39327469]), array([ 2.84364474, -7.83769702,  1.38183374]), array([ 2.82391546, -7.79725255,  1.37014754]), array([ 2.80418617, -7.75680808,  1.35821609]), array([ 2.78445689, -7.7163636 ,  1.3460394 ]), array([ 2.76472761, -7.67591913,  1.33361745]), array([ 2.74499833, -7.63547465,  1.32095025]), array([ 2.72526905, -7.59503018,  1.3080378 ]), array([ 2.70553977, -7.55458571,  1.2948801 ]), array([ 2.68581049, -7.51414123,  1.28147715]), array([ 2.66608121, -7.47369676,  1.26782895]), array([ 2.64635192, -7.43325228,  1.2539355 ]), array([ 2.62662264, -7.39280781,  1.2397968 ]), array([ 2.60689336, -7.35236334,  1.22541285]), array([ 2.58716408, -7.31191886,  1.21078365]), array([ 2.5674348 , -7.27147439,  1.1959092 ]), array([ 2.54770552, -7.23102992,  1.1807895 ]), array([ 2.52797624, -7.19058544,  1.16542455]), array([ 2.50824696, -7.15014097,  1.14981435]), array([ 2.48851767, -7.10969649,  1.1339589 ]), array([ 2.46878839, -7.06925202,  1.1178582 ]), array([ 2.44905911, -7.02880755,  1.10151225]), array([ 2.42932983, -6.98836307,  1.08492105]), array([ 2.40960055, -6.9479186 ,  1.0680846 ]), array([ 2.38987127, -6.90747413,  1.0510029 ]), array([ 2.37014199, -6.86702965,  1.03367595]), array([ 2.35041271, -6.82658518,  1.01610375]), array([ 2.33068342, -6.7861407 ,  0.9982863 ]), array([ 2.31095414, -6.74569623,  0.9802236 ]), array([ 2.29122486, -6.70525176,  0.96191565]), array([ 2.27149558, -6.66480728,  0.94336245]), array([ 2.2517663 , -6.62436281,  0.924564  ]), array([ 2.23203702, -6.58391833,  0.9055203 ]), array([ 2.21230774, -6.54347386,  0.88623135]), array([ 2.19257846, -6.50302939,  0.86669716]), array([ 2.17284917, -6.46258491,  0.84691771]), array([ 2.15311989, -6.42214044,  0.82689301]), array([ 2.13339061, -6.38169597,  0.80662306]), array([ 2.11366133, -6.34125149,  0.78610786]), array([ 2.09393205, -6.30080702,  0.76534741]), array([ 2.07420277, -6.26036254,  0.74434171]), array([ 2.05447349, -6.21991807,  0.72309076]), array([ 2.03474421, -6.1794736 ,  0.70159456]), array([ 2.01501493, -6.13902912,  0.67985311]), array([ 1.99528564, -6.09858465,  0.65786641]), array([ 1.97555636, -6.05814017,  0.63563446]), array([ 1.95582708, -6.0176957 ,  0.61315726]), array([ 1.9360978 , -5.97725123,  0.59043481]), array([ 1.91636852, -5.93680675,  0.56746711]), array([ 1.89663924, -5.89636228,  0.54425416]), array([ 1.87690996, -5.85591781,  0.52079596]), array([ 1.85718068, -5.81547333,  0.49709251]), array([ 1.83745139, -5.77502886,  0.47314381]), array([ 1.81772211, -5.73458438,  0.44894986]), array([ 1.79799283, -5.69413991,  0.42451066]), array([ 1.77826355, -5.65369544,  0.39982621]), array([ 1.75853427, -5.61325096,  0.37489651]), array([ 1.73880499, -5.57280649,  0.34972156]), array([ 1.71907571, -5.53236202,  0.32430136]), array([ 1.69934643, -5.49191754,  0.29863591]), array([ 1.67961714, -5.45147307,  0.27272521]), array([ 1.65988786, -5.41102859,  0.24656926]), array([ 1.64015858, -5.37058412,  0.22016806]), array([ 1.6204293 , -5.33013965,  0.19352161]), array([ 1.60070002, -5.28969517,  0.16662991]), array([ 1.58097074, -5.2492507 ,  0.13949297]), array([ 1.56124146, -5.20880622,  0.11211077]), array([ 1.54151218, -5.16836175,  0.08448332]), array([ 1.52178289, -5.12791728,  0.05661062]), array([ 1.50205361, -5.0874728 ,  0.033     ]), array([ 1.4833108 , -5.04905055,  0.05384321]), array([ 1.46456798, -5.0106283 ,  0.07444117]), array([ 1.44582516, -4.97220605,  0.09479389]), array([ 1.42708234, -4.9337838 ,  0.11490135]), array([ 1.40833953, -4.89536155,  0.13476356]), array([ 1.38959671, -4.8569393 ,  0.15438052]), array([ 1.37085389, -4.81851705,  0.17375224]), array([ 1.35211108, -4.7800948 ,  0.1928787 ]), array([ 1.33336826, -4.74167255,  0.21175991]), array([ 1.31462544, -4.7032503 ,  0.23039587]), array([ 1.29588262, -4.66482805,  0.24878658]), array([ 1.27713981, -4.6264058 ,  0.26693205]), array([ 1.25839699, -4.58798355,  0.28483226]), array([ 1.23965417, -4.5495613 ,  0.30248722]), array([ 1.22091136, -4.51113905,  0.31989693]), array([ 1.20216854, -4.4727168 ,  0.3370614 ]), array([ 1.18342572, -4.43429455,  0.35398061]), array([ 1.1646829 , -4.3958723 ,  0.37065457]), array([ 1.14594009, -4.35745005,  0.38708328]), array([ 1.12719727, -4.3190278 ,  0.40326675]), array([ 1.10845445, -4.28060555,  0.41920496]), array([ 1.08971164, -4.2421833 ,  0.43489792]), array([ 1.07096882, -4.20376105,  0.45034563]), array([ 1.052226  , -4.1653388 ,  0.46554809]), array([ 1.03348318, -4.12691655,  0.48050531]), array([ 1.01474037, -4.0884943 ,  0.49521727]), array([ 0.99599755, -4.05007205,  0.50968398]), array([ 0.97725473, -4.0116498 ,  0.52390544]), array([ 0.95851192, -3.97322755,  0.53788166]), array([ 0.9397691 , -3.9348053 ,  0.55161262]), array([ 0.92102628, -3.89638305,  0.56509833]), array([ 0.90228346, -3.8579608 ,  0.57833879]), array([ 0.88354065, -3.81953855,  0.591334  ]), array([ 0.86479783, -3.7811163 ,  0.60408397]), array([ 0.84605501, -3.74269405,  0.61658868]), array([ 0.8273122 , -3.7042718 ,  0.62884814]), array([ 0.80856938, -3.66584955,  0.64086235]), array([ 0.78982656, -3.6274273 ,  0.65263132]), array([ 0.77108374, -3.58900505,  0.66415503]), array([ 0.75234093, -3.5505828 ,  0.67543349]), array([ 0.73359811, -3.51216055,  0.6864667 ]), array([ 0.71485529, -3.4737383 ,  0.69725466]), array([ 0.69611248, -3.43531605,  0.70779738]), array([ 0.67736966, -3.3968938 ,  0.71809484]), array([ 0.65862684, -3.35847155,  0.72814705]), array([ 0.63988402, -3.3200493 ,  0.73795401]), array([ 0.62114121, -3.28162705,  0.74751573]), array([ 0.60239839, -3.2432048 ,  0.75683219]), array([ 0.58365557, -3.20478255,  0.7659034 ]), array([ 0.56491276, -3.1663603 ,  0.77472936]), array([ 0.54616994, -3.12793805,  0.78331007]), array([ 0.52742712, -3.0895158 ,  0.79164554]), array([ 0.5086843 , -3.05109355,  0.79973575]), array([ 0.48994149, -3.0126713 ,  0.80758071]), array([ 0.47119867, -2.97424905,  0.81518042]), array([ 0.45245585, -2.9358268 ,  0.82253489]), array([ 0.43371304, -2.89740455,  0.8296441 ]), array([ 0.41497022, -2.8589823 ,  0.83650806]), array([ 0.3962274 , -2.82056005,  0.84312677]), array([ 0.37748458, -2.7821378 ,  0.84950024]), array([ 0.35874177, -2.74371555,  0.85562845]), array([ 0.33999895, -2.7052933 ,  0.86151141]), array([ 0.32125613, -2.66687105,  0.86714912]), array([ 0.30251332, -2.62844879,  0.87254158]), array([ 0.2837705 , -2.59002654,  0.8776888 ]), array([ 0.26502768, -2.55160429,  0.88259076]), array([ 0.24628486, -2.51318204,  0.88724747]), array([ 0.22754205, -2.47475979,  0.89165893]), array([ 0.20879923, -2.43633754,  0.89582515]), array([ 0.19005641, -2.39791529,  0.89974611]), array([ 0.1713136 , -2.35949304,  0.90342182]), array([ 0.15257078, -2.32107079,  0.90685228]), array([ 0.13382796, -2.28264854,  0.91003749]), array([ 0.11508514, -2.24422629,  0.91297746]), array([ 0.09634233, -2.20580404,  0.91567217]), array([ 0.07759951, -2.16738179,  0.91812163]), array([ 0.05885669, -2.12895954,  0.92032584]), array([ 0.04011388, -2.09053729,  0.92228481]), array([ 0.02137106, -2.05211504,  0.92399852]), array([ 0.00262824, -2.01369279,  0.92546698]), array([-0.01611458, -1.97527054,  0.92669019]), array([-0.03485739, -1.93684829,  0.92766815]), array([-0.05360021, -1.89842604,  0.92840087]), array([-0.07234303, -1.86000379,  0.92888833]), array([-0.09108584, -1.82158154,  0.92913054]), array([-0.10982866, -1.78315929,  0.9291275 ]), array([-0.12857148, -1.74473704,  0.92887922]), array([-0.1473143 , -1.70631479,  0.92838568]), array([-0.16605711, -1.66789254,  0.92764689]), array([-0.18479993, -1.62947029,  0.92666285]), array([-0.20354275, -1.59104804,  0.92543356]), array([-0.22228557, -1.55262579,  0.92395903]), array([-0.24102838, -1.51420354,  0.92223924]), array([-0.2597712 , -1.47578129,  0.9202742 ]), array([-0.27851402, -1.43735904,  0.91806391]), array([-0.29725683, -1.39893679,  0.91560838]), array([-0.31599965, -1.36051454,  0.91290759]), array([-0.33474247, -1.32209229,  0.90996155]), array([-0.35348529, -1.28367004,  0.90677026]), array([-0.3722281 , -1.24524779,  0.90333373]), array([-0.39097092, -1.20682554,  0.89965194]), array([-0.40971374, -1.16840329,  0.8957249 ]), array([-0.42845655, -1.12998104,  0.89155261]), array([-0.44719937, -1.09155879,  0.88713507]), array([-0.46594219, -1.05313654,  0.88247229]), array([-0.48468501, -1.01471429,  0.87756425]), array([-0.50342782, -0.97629204,  0.87241096]), array([-0.52217064, -0.93786979,  0.86701242]), array([-0.54091346, -0.89944754,  0.86136864]), array([-0.55965627, -0.86102529,  0.8554796 ]), array([-0.57839909, -0.82260304,  0.84934531]), array([-0.59714191, -0.78418079,  0.84296577]), array([-0.61588473, -0.74575854,  0.83634098]), array([-0.63462754, -0.70733629,  0.82947095]), array([-0.65337036, -0.66891404,  0.82235566]), array([-0.67211318, -0.63049179,  0.81499512]), array([-0.69085599, -0.59206954,  0.80738933]), array([-0.70959881, -0.55364729,  0.7995383 ]), array([-0.72834163, -0.51522504,  0.79144201]), array([-0.74704994, -0.47843066,  0.78333215]), array([-0.76796928, -0.50786394,  0.79068905]), array([-0.78920499, -0.54033046,  0.79837708]), array([-0.81044071, -0.57279699,  0.80581986]), array([-0.83167642, -0.60526351,  0.81301739]), array([-0.85291214, -0.63773004,  0.81996966]), array([-0.87414786, -0.67019656,  0.82667669]), array([-0.89538357, -0.70266309,  0.83313847]), array([-0.91661929, -0.73512961,  0.83935499]), array([-0.937855  , -0.76759614,  0.84532627]), array([-0.95909072, -0.80006267,  0.8510523 ]), array([-0.98032643, -0.83252919,  0.85653308]), array([-1.00156215, -0.86499572,  0.8617686 ]), array([-1.02279786, -0.89746224,  0.86675888]), array([-1.04403358, -0.92992877,  0.87150391]), array([-1.06526929, -0.96239529,  0.87600368]), array([-1.08650501, -0.99486182,  0.88025821]), array([-1.10774073, -1.02732834,  0.88426749]), array([-1.12897644, -1.05979487,  0.88803152]), array([-1.15021216, -1.09226139,  0.89155029]), array([-1.17144787, -1.12472792,  0.89482382]), array([-1.19268359, -1.15719444,  0.8978521 ]), array([-1.2139193 , -1.18966097,  0.90063512]), array([-1.23515502, -1.22212749,  0.9031729 ]), array([-1.25639073, -1.25459402,  0.90546543]), array([-1.27762645, -1.28706055,  0.90751271]), array([-1.29886216, -1.31952707,  0.90931473]), array([-1.32009788, -1.3519936 ,  0.91087151]), array([-1.3413336 , -1.38446012,  0.91218304]), array([-1.36256931, -1.41692665,  0.91324932]), array([-1.38380503, -1.44939317,  0.91407034]), array([-1.40504074, -1.4818597 ,  0.91464612]), array([-1.42627646, -1.51432622,  0.91497665]), array([-1.44751217, -1.54679275,  0.91506192]), array([-1.46874789, -1.57925927,  0.91490195]), array([-1.4899836 , -1.6117258 ,  0.91449673]), array([-1.51121932, -1.64419232,  0.91384626]), array([-1.53245503, -1.67665885,  0.91295053]), array([-1.55369075, -1.70912538,  0.91180956]), array([-1.57492647, -1.7415919 ,  0.91042334]), array([-1.59616218, -1.77405843,  0.90879186]), array([-1.6173979 , -1.80652495,  0.90691514]), array([-1.63863361, -1.83899148,  0.90479317]), array([-1.65986933, -1.871458  ,  0.90242595]), array([-1.68110504, -1.90392453,  0.89981347]), array([-1.70234076, -1.93639105,  0.89695575]), array([-1.72357647, -1.96885758,  0.89385278]), array([-1.74481219, -2.0013241 ,  0.89050456]), array([-1.7660479 , -2.03379063,  0.88691108]), array([-1.78728362, -2.06625715,  0.88307236]), array([-1.80851934, -2.09872368,  0.87898839]), array([-1.82975505, -2.1311902 ,  0.87465916]), array([-1.85099077, -2.16365673,  0.87008469]), array([-1.87222648, -2.19612326,  0.86526497]), array([-1.8934622 , -2.22858978,  0.8602    ]), array([-1.91469791, -2.26105631,  0.85488977]), array([-1.93593363, -2.29352283,  0.8493343 ]), array([-1.95716934, -2.32598936,  0.84353358]), array([-1.97840506, -2.35845588,  0.8374876 ])], 'distances_history': [8.176715533648139, 8.131059917773284, 8.085425650494878, 8.039812053036195, 7.994218440217265, 7.948644148720612, 7.903088558338463, 7.857551107499117, 7.812031304346219, 7.766528734475769, 7.7210430662246505, 7.675574054203957, 7.63012154160295, 7.584685461658934, 7.539265838588881, 7.493862788203073, 7.448476518363296, 7.403107329404084, 7.357755614602116, 7.312421860753736, 7.267106648901882, 7.2218104804906025, 7.176534125505099, 7.1312784499326165, 7.086044417687785, 7.040833092634982, 6.995645640743567, 6.950483332396344, 6.905347544862006, 6.860239764936529, 6.815161591754684, 6.77011473977044, 6.72510104190355, 6.680122452848607, 6.635181052542298, 6.590279049784201, 6.545418786006412, 6.500602739187198, 6.455833527904094, 6.411113915521948, 6.366446814511772, 6.32183499273379, 6.2772816832154374, 6.232790279676181, 6.188364341970015, 6.144007601456238, 6.099723966360678, 6.055517527165716, 6.011392562053635, 5.967353542419714, 5.923405138466609, 5.879552224888626, 5.835799886652619, 5.7921534248810485, 5.748618362841929, 5.705200452049707, 5.661905678480618, 5.618740268905487, 5.57571069734229, 5.5328236916301945, 5.490086240125806, 5.447507067386592, 5.405093623760532, 5.362853655036882, 5.32079520562161, 5.278926622998268, 5.237256563079177, 5.195793996189727, 5.154548213510723, 5.113528833853283, 5.072171722587502, 5.027513401195795, 4.982948645331409, 4.938475766656411, 4.894093070282363, 4.849798856386853, 4.805591421763061, 4.761469061290959, 4.71743006932271, 4.673472740977963, 4.629595373347383, 4.585796266604739, 4.542073725029619, 4.49842605794414, 4.454851580568118, 4.4113486147979195, 4.367915489914902, 4.324550543229674, 4.281252120668709, 4.238018577309948, 4.194848277873942, 4.1517395971770235, 4.108690920552685, 4.0657006442470776, 4.022767175794121, 3.9798889343753094, 3.9370643511688015, 3.8942918696918776, 3.8515699461403567, 3.80889704972802, 3.766271663028592, 3.7236922823223217, 3.6811574179487523, 3.6386655946668185, 3.596215352023009, 3.553805244727985, 3.511433843041734, 3.469099733167074, 3.426801517651137, 3.3845378157943014, 3.3423072640659592, 3.300108516526477, 3.257940245254721, 3.2158011407806324, 3.1736899125224305, 3.1316052892282764, 3.089546019422421, 3.047510871856229, 3.0054986359647686, 2.963508122330123, 2.9215381631530155, 2.8795876127348787, 2.837655347973074, 2.795740268872622, 2.7538412990784926, 2.7119573864333173, 2.6700875035662115, 2.62823064851938, 2.586385845420211, 2.5445521452077524, 2.5027286264237683, 2.4609143960800592, 2.4191085906153793, 2.3773103769571997, 2.335518953705708, 2.293733552459911, 2.251953439308594, 2.2101779165121673, 2.1684063244053307, 2.1266380435549666, 2.0848724972130093, 2.0443410919921954, 2.0051376573307143, 1.9656622022687664, 1.9267661227056982, 1.8871357059358087, 1.8484296866548637, 1.8102766761110356, 1.771488805306428, 1.7331418058576609, 1.695334596760617, 1.6565068111933534, 1.6182111564261275, 1.5796083193136807, 1.5414802105269958, 1.5042506013861117, 1.4660914462623287, 1.4271140628946348, 1.3868122495573119, 1.347304831128843, 1.3082183886038041, 1.268079387594473, 1.227630174850641, 1.187047337095346, 1.1461202082479773, 1.1047866674058529, 1.0633914447525779, 1.0218862744783113, 0.9803701938111405, 0.9384950111127908, 0.8956781320110316, 0.8535378394603867, 0.8118187909465813, 0.7693201080174501, 0.7267593041647029, 0.6845347734941802, 0.6413041388447394, 0.5983463987853573, 0.555610329674794, 0.5119979195810758, 0.4671932517308093, 0.42106666278838634, 0.37462239900230726, 0.327863780749145, 0.2804808001505941, 0.23278540264202416, 0.1848669492387006, 0.13779704129143566, 0.09217983780406384, 0.05108029425924084, 0.034755338520373304, 0.05071317388600355, 0.08180913635999994, 0.11692614769237472, 0.1535045101022887, 0.19079552434797656, 0.22849018979963118, 0.266427127832404, 0.3045080991961387, 0.3426672671317887, 0.38085790543308656, 0.41904579867339786, 0.45720556521544997, 0.4953183997130487, 0.5333705707020149, 0.5713523536247312, 0.6092572339037214, 0.6470812887996279, 0.6848226946249748, 0.7224813262479077, 0.7600584273111409, 0.7975563363671245, 0.8349782582979564, 0.8723280730608862, 0.9096101755870925, 0.9468293419070325, 0.9839906174801292, 1.0210992243885886, 1.0581604845872243, 1.0951797568280863, 1.1321623852291909, 1.169113657749324, 1.206038773078383, 1.242942814663746, 1.2798307307741192, 1.3167073196579686, 1.3535772189877353, 1.3904448988966607, 1.4273146580146625, 1.4641906219955538, 1.501076744101724, 1.5379768074759574, 1.5748944287846205, 1.6118330629633475, 1.6487960088365798, 1.6857864154168793, 1.7228072887195875, 1.7598614989538788, 1.7969517879731618, 1.8340807768866028, 1.8712509737497758, 1.9084647812663964, 1.945724504445156, 1.983032358166071, 2.020390474619707, 2.057800910590412, 2.0952656545613264, 2.132786633624701], 'normal_align_history': [0.8264655395924769, 0.8264663381303422, 0.8264709028973469, 0.8264809703931849, 0.8264975605233698, 0.8265212761487657, 0.8265524793312445, 0.8265913959940099, 0.8266381784427899, 0.8266929427152958, 0.826755790670183, 0.8268268226912299, 0.8269061445453649, 0.8269938705619923, 0.8270901244850599, 0.8271950388555671, 0.8273087534776308, 0.8274314133295085, 0.827563166157913, 0.8277041599135374, 0.8278545401325695, 0.8280143669389153, 0.828183772122047, 0.828362880954096, 0.8285518074183086, 0.8287506508561515, 0.8289594934073794, 0.8291783979121545, 0.8294074061028145, 0.8296465369976822, 0.8298957854543274, 0.8301551208633507, 0.8304244859759876, 0.8307037958649721, 0.8309929370210659, 0.8312917665888853, 0.8316001117460434, 0.8319177692295076, 0.8322445050126994, 0.8325800541363405, 0.832924120695415, 0.833276202850152, 0.8336359473505446, 0.8340029772039368, 0.8343768876398656, 0.834757244746339, 0.8351435855471111, 0.835535418864554, 0.835932226622043, 0.8363334654050218, 0.8367385681872351, 0.8371469461739477, 0.8375579907368509, 0.8379710754263209, 0.8383855580514649, 0.8388007828199909, 0.8392160825300571, 0.8396307808056773, 0.8400441943665, 0.8404556353220081, 0.8408644134795539, 0.8412704723416713, 0.8416731090393381, 0.8420715922816657, 0.8424651877135454, 0.8428531708584415, 0.8432348336862591, 0.8436094879980481, 0.8439764672891185, 0.844335127935373, 0.8446848501158248, 0.8450250386593264, 0.8453551238890142, 0.8456745624819345, 0.8459828383357202, 0.8462794634242152, 0.8465639786216064, 0.8468359544758595, 0.8470949919149316, 0.847340722872314, 0.8475728108214464, 0.8477909512112629, 0.8479948717974852, 0.8481843328662962, 0.8483591273487305, 0.8485190808255548, 0.8486640514236028, 0.8487939296055322, 0.8489086378558043, 0.8490081302663842, 0.8490923920262187, 0.8491614388190409, 0.8492153161344187, 0.8492540984972771, 0.8492778886213791, 0.8492868164924243, 0.8492810383865701, 0.8492607358302761, 0.849226114507425, 0.8491774031196925, 0.84911485220613, 0.8490387329278848, 0.8489493358239084, 0.8488469695434278, 0.8487319595608175, 0.8486046468784039, 0.8484653867225473, 0.8483145472382092, 0.8481525081869827, 0.8479796596533973, 0.8477964007640539, 0.8476031384239405, 0.8474002860740036, 0.847188262473823, 0.8469674905129427, 0.8467383960541575, 0.8465014068117567, 0.8462569512674603, 0.84600545762647, 0.8457473528157918, 0.84548306152668, 0.8452130053027758, 0.8449376016752279, 0.8446572633458009, 0.8443723974187157, 0.8440834046816951, 0.8437906789364463, 0.8434946063785632, 0.8431955650266056, 0.8428939241999049, 0.8425900440444356, 0.8422842751059115, 0.8419769579491001, 0.8416684228221837, 0.8413589893648694, 0.8410489663588187, 0.8407386515188688, 0.8404283313234192, 0.8401182808822942, 0.8398087638403144, 0.8395000323147863, 0.8456418657585166, 0.8573199856527206, 0.8616795092989488, 0.871761688743409, 0.8753764124085263, 0.8749096676502244, 0.8709663112714816, 0.8704449330821993, 0.8757898179545148, 0.8861294786059153, 0.8906263127632904, 0.8995982623357891, 0.9087775378533306, 0.9139237786974477, 0.9151910932940795, 0.9193045817208612, 0.9191193991639304, 0.9221015648222328, 0.9217338973061021, 0.9253016959747795, 0.9330789488347538, 0.9394221901658987, 0.9448394837641767, 0.9506556312389345, 0.9558174410488044, 0.9596205569731262, 0.9628041040155367, 0.9645135538321035, 0.9643183583571275, 0.9647825917263911, 0.9640054200805023, 0.962891332921643, 0.9618703938915542, 0.9601094019765527, 0.9575054267328992, 0.9558801089995823, 0.9529113362805769, 0.9495646883139391, 0.9460485906600221, 0.9444543358210947, 0.9414936736449415, 0.938402294519078, 0.9352674718972088, 0.9308297274437752, 0.9254218027455124, 0.9189022154368591, 0.9114987005008033, 0.9033132299527741, 0.8943315431758674, 0.8846950180259538, 0.8748257845654934, 0.8641241508098226, 0.8530127917435856, 0.8416082498070157, 0.8300159744962248, 0.8183304813379979, 0.8066356357188363, 0.7950050631429821, 0.7835026704856648, 0.7721832544259034, 0.761093170517688, 0.7502710371471529, 0.7397484514152409, 0.7295506977440596, 0.7196974340467419, 0.7102033441977547, 0.7010787490482608, 0.692330171230751, 0.6839608514536504, 0.675971215918035, 0.66835929594343, 0.6611211019314571, 0.6542509544932894, 0.6477417759858374, 0.6415853459032823, 0.6357725236081033, 0.6302934418042022, 0.6251376739908435, 0.6202943789194173, 0.6157524248282187, 0.6115004959707978, 0.6075271836935097, 0.6038210640664657, 0.600370763835093, 0.5971650162403913, 0.5941927080567, 0.5914429190168382, 0.5889049546356193, 0.5865683733029957, 0.5844230083962182, 0.5824589860548474, 0.5806667391716236, 0.5790370180744884, 0.5775608983088689, 0.5762297858732266, 0.5750354202134282, 0.5739698752415391, 0.5730255586110163, 0.5721952094519993, 0.5714718947466451, 0.5708490045044337, 0.5703202458804605, 0.5698796363653871, 0.5695214961634658, 0.5692404398644962, 0.5690313675063903, 0.5688894551169726], 'ball_near_history': [False, False, False, False, False, False, False, False, False, False, False, False, False, False, False, False, False, False, False, False, False, False, False, False, False, False, False, False, False, False, False, False, False, False, False, False, False, False, False, False, False, False, False, False, False, False, False, False, False, False, False, False, False, False, False, False, False, False, False, False, False, False, False, False, False, False, False, False, False, False, False, False, False, False, False, False, False, False, False, False, False, False, False, False, False, False, False, False, False, False, False, False, False, False, False, False, False, False, False, False, False, False, False, False, False, False, False, False, False, False, False, False, False, False, False, False, False, False, False, False, False, False, False, False, False, False, False, False, False, False, False, False, False, False, False, False, False, False, False, False, False, False, False, False, False, False, False, False, False, False, False, False, False, False, False, False, False, False, False, False, False, False, False, False, False, False, False, False, False, False, False, False, False, False, False, False, False, False, False, False, False, False, False, False, False, False, False, True, True, True, True, True, True, True, True, False, False, False, False, False, False, False, False, False, False, False, False, False, False, False, False, False, False, False, False, False, False, False, False, False, False, False, False, False, False, False, False, False, False, False, False, False, False, False, False, False, False, False, False, False, False, False, False, False, False, False, False, False], 'tube_ready_history': [False, False, False, False, False, False, False, False, False, False, False, False, False, False, False, False, False, False, False, False, False, False, False, False, False, False, False, False, False, False, False, False, False, False, False, False, False, False, False, False, False, False, False, False, False, False, False, False, False, False, False, False, False, False, False, False, False, False, False, False, False, False, False, False, False, False, False, False, False, False, False, False, False, False, False, False, False, False, False, False, False, False, False, False, False, False, False, False, False, False, False, False, False, False, False, False, False, False, False, False, False, False, False, False, False, False, False, False, False, False, False, False, False, False, False, False, False, False, False, False, False, False, False, False, False, False, False, False, False, False, False, False, False, False, False, False, False, False, False, False, False, False, False, False, False, False, False, False, False, False, False, False, False, False, False, False, False, False, False, False, False, False, False, False, False, False, False, False, False, False, False, False, False, False, False, False, False, True, True, True, True, True, True, True, True, True, True, True, True, True, True, True, True, True, True, True, True, True, False, False, False, False, False, False, False, False, False, False, False, False, False, False, False, False, False, False, False, False, False, False, False, False, False, False, False, False, False, False, False, False, False, False, False, False, False, False, False, False, False, False, False, False, False, False, False, False, False, False], 'pos_error_history': [0.009377524282291536, 0.00942624169736391, 0.009532654346724635, 0.009730780135298324, 0.010058660580166558, 0.010553102926999458, 0.011244344237331037, 0.012152358239783808, 0.013285977523251629, 0.014644593101227009, 0.01622113534658698, 0.01800501286113468, 0.01998430314652581, 0.022147087576556552, 0.024482120715148686, 0.026979078211957944, 0.029628575669320475, 0.03242208136222599, 0.03535179156185847, 0.038410502849331445, 0.04109200290806857, 0.04437065405454683, 0.047761556140164044, 0.05125861441635647, 0.05485597393037364, 0.05854796672054224, 0.062329069686278486, 0.06619387110505558, 0.07013704411924325, 0.07415332584069659, 0.07823750099860878, 0.08238438928333734, 0.08658883572021138, 0.09084570354983981, 0.09514986920237818, 0.09949621903908282, 0.10387964760064711, 0.10829505715267826, 0.1127373583576701, 0.11720147193265779, 0.12172098306417842, 0.12621132551725767, 0.13070851825803503, 0.13520754553530204, 0.13970342258800914, 0.1441912009201087, 0.14866597404416254, 0.15312288362234944, 0.15755712593935164, 0.1619639586460878, 0.16633870771680292, 0.17067677456484287, 0.17497364326478976, 0.17922488783065524, 0.18342617950169296, 0.18757329398916056, 0.1916621186391453, 0.19568865946838107, 0.19964904803191202, 0.2035395480834696, 0.20804143461430455, 0.2117794481034107, 0.21543582051641053, 0.21900749243605067, 0.22249155122753433, 0.22588523979985542, 0.22918596391373847, 0.23239129828063382, 0.23549899163260898, 0.23850697089567546, 0.2414133445646059, 0.24421640535235484, 0.24691463216926815, 0.24950669147459206, 0.2519914380339029, 0.2543679151100573, 0.2566353541112607, 0.2587931737173497, 0.2608409785039579, 0.2627785570835489, 0.2646058797821426, 0.2663230958707494, 0.26793053037093595, 0.2694286804544936, 0.2708182114577805, 0.2720999525319129, 0.2732748919505891, 0.2743441720978685, 0.27530908415870753, 0.27617106253546947, 0.27693167901395094, 0.27759263670270773, 0.2781557637696317, 0.27862300699977866, 0.27899642519845974, 0.27927818246348424, 0.2794705413502808, 0.2795758559533426, 0.27959656492712154, 0.2795351844690732, 0.27939430128706694, 0.27917656557283027, 0.27888468400246574, 0.27852141278440734, 0.27808955077443126, 0.2775919326765458, 0.27703142234773537, 0.2764109062236341, 0.275733286881274, 0.2750014767540641, 0.27421839201316023, 0.2733869466283338, 0.27251004662039835, 0.27159058451616075, 0.2706314340157811, 0.2696354448813268, 0.2686054380542011, 0.2675442010080327, 0.2664544833425325, 0.2653389926227427, 0.26420039046705684, 0.26304128888636275, 0.2618642468756544, 0.26067176725849583, 0.2594662937837909, 0.2582502084734151, 0.25702582921841866, 0.2557954076207086, 0.2545611270763556, 0.2533251010959526, 0.2520893718568226, 0.25085590898121535, 0.24962660853412388, 0.24840329223380972, 0.2471877068676882, 0.24598152390581282, 0.24478633930384958, 0.24360367348712492, 0.24243497150707896, 0.2412816033612447, 0.23973948358812033, 0.23747281550738714, 0.2341931845292836, 0.23079501008779793, 0.22749557612535054, 0.22354233238765878, 0.22096555259787598, 0.21727739123645787, 0.214579242446885, 0.2118274305071159, 0.21039316496192656, 0.20905696248538258, 0.20730396812633758, 0.20688425760723314, 0.2065197341098521, 0.20560829950866205, 0.20398121397540928, 0.20250224386215426, 0.20075916506379485, 0.19955957840287358, 0.1976033200744194, 0.19581148349918218, 0.19418318361363926, 0.19259089013822883, 0.1908022280269851, 0.1892121187702941, 0.18776225054829684, 0.1867941630092539, 0.18513685734976953, 0.18281424055197254, 0.18100696594089397, 0.18015942410060054, 0.1784893552366682, 0.17703080839034147, 0.17594657891249343, 0.17436658386901277, 0.1730494458254741, 0.17230213440180867, 0.17066296739992662, 0.16798329800068212, 0.1643052735230385, 0.16050164205873818, 0.15653743630099728, 0.15208658803783723, 0.1473488276678351, 0.14231059336353427, 0.13779704129143566, 0.13371842538667764, 0.13010649448925804, 0.1269229325267964, 0.12348725218572414, 0.12068681040693002, 0.1180719224114345, 0.11557169273453886, 0.11312988774632184, 0.11070212947576635, 0.10825368709433768, 0.10575773435180304, 0.10319396687921566, 0.10054749667718235, 0.09780796087682225, 0.09496879775643481, 0.09202665537745205, 0.08898090767271209, 0.08583326003389463, 0.08258743202024861, 0.07924890929773336, 0.07582476080750432, 0.07232352091615545, 0.06875514039192994, 0.06513101502770506, 0.061464107284001285, 0.05776918537344051, 0.05406321697319594, 0.05036597273087201, 0.04670091930832121, 0.04309651268790158, 0.03958803362884713, 0.036220114507730716, 0.03305002090549141, 0.03015140460421064, 0.027617316617796688, 0.02555941545152345, 0.024098032890494954, 0.0233383624670493, 0.02333708417363304, 0.024078381854206386, 0.025478632536753885, 0.027416194302931837, 0.029764285158436186, 0.03241119601694092, 0.0352669611292624, 0.038262257948123046, 0.0413445512478461, 0.04447404094343619, 0.04762030358677911, 0.05075975708111876, 0.0538738227221047, 0.05694761327717381, 0.05996899883709782, 0.06292793849577333, 0.06581599799181702, 0.06862599769518818, 0.07135175253394692, 0.07398787734138737, 0.07652963922456513, 0.0789728440953458, 0.0813474860730229], 'max_qdot_ratio': 0.9962326196657754, 'max_tcp_speed': 1.4769620383306863, 'max_racket_face_speed': 1.7346232022520034, 'total_mpc_steps': 248, 'ball_was_hit': True, 'hit_step': 189, 'p_ee_at_hit': array([-0.73742868, -0.47435041,  0.81647904]), 'ball_pos_at_hit': array([-0.74704994, -0.47843066,  0.78333215]), 'v_ee_at_hit': 0.7536069213043424, 'active_contact': True, 'passive_contact': False}
2026-09-11 14:19:15,644 [INFO] __main__: 击打后继续仿真 20 步...
