__STEP_TIMING__: n=237 p50=0.26 p95=0.57 p99=4.75 max=30.69 n_over_period=2 period_ms=5.00 deciles=0.25,0.25,0.25,0.26,0.26,0.26,0.27,0.27,0.30,30.69

========================================
  RM-65 击打成功！（主动击球，pos_error=0.1135m）
  [V12 EpisodeRunner 管线架构]
  ablation: full
  击打目标位置: [-0.72  -0.303  0.727]
  末端实际位置: [-0.636 -0.427  0.78 ]
  规划跟踪误差: 0.1593 m
  速度误差: 1.9375 m/s
  MPC 总步数: 258
  --- Tube 专用指标 ---
  最小球拍-球距离: 0.0993 m
  ball_near 步数: 0 = 0.0 ms
  tube_ready 步数: 0 = 0.0 ms
  击打时间误差: 25.0 ms
  击打位置误差: 0.1135 m
  --- 计算性能 ---
  总墙钟时间: 1.11s (MPC=1.11s)
  --- 执行层约束 ---
  max_qdot=0.99x, max_tcp=1.8m/s, max_face=2.0m/s
  击球类型: 主动击球
========================================

__RESULT__: pos_error=0.113456 vel_error=1.937541 min_dist=0.099306 ball_near_ms=0.0 tube_ready_ms=0.0 max_tcp=1.78 max_qdot=0.99 max_face=2.0 hit_type=active hit_time_error_ms=25.0 hit_pos_error=0.113456 v_racket_at_hit=1.640
2026-09-13 00:12:00,059 [INFO] __main__: [ablation] mode=full
2026-09-13 00:12:00,065 [INFO] __main__: serve-box auto params: horizon=120, iter=10, first_plan_iters=30, total_horizon=250, replan_interval=20, near_plan_iters=5
2026-09-13 00:12:00,082 [INFO] __main__: 关节限位: 仿真默认(default.yaml), TCP=1.8 m/s, terminal_exempt=20
2026-09-13 00:12:00,083 [INFO] __main__: 球拍初始位置: [-0.24136342  0.63027058  1.45576659]
2026-09-13 00:12:00,083 [DEBUG] src.tennis.ball: serve_box bounce (attempt=0): p0_z=1.20, vz0=-2.7, spd=9.0, t1=0.285, t2=0.575, z_err=0.00
2026-09-13 00:12:00,090 [INFO] __main__: 击打步数: 177, 击打位置: [-0.71995137 -0.30261322  0.7265934 ]
2026-09-13 00:12:00,090 [INFO] __main__: 随挥方向: [-0.101 -0.974  0.202], 随挥步数: 60
2026-09-13 00:12:00,099 [INFO] __main__: 候选窗口已构建: best_k=178, candidates=8
2026-09-13 00:12:00,100 [INFO] src.cpp.solver_cpp: iLQR C++ 加速模块已加载
2026-09-13 00:12:00,100 [INFO] __main__: 开始 V12 EpisodeRunner，总步数=310 (MPC=250, 随挥=60)，击打步数=177
2026-09-13 00:12:00,101 [INFO] src.ilqt.async_replanner: AsyncReplanner: 后台规划线程已启动
2026-09-13 00:12:00,120 [INFO] src.ilqt.async_replanner: AsyncReplanner: 规划环境已创建（独立 MjData）
2026-09-13 00:12:00,122 [INFO] src.ilqt.async_replanner: AsyncReplanner: 规划环境已创建（独立 MjData）
2026-09-13 00:12:00,143 [DEBUG] src.ilqt.tube_cost: [Softmin诊断] 候选权重TOP3: k=177:w=0.117, k=176:w=0.116, k=178:w=0.116
2026-09-13 00:12:01,039 [INFO] src.ilqt.mpc_controller: REPLAN step=0 k_hit=177 iters=30 horizon=120 t=919ms
2026-09-13 00:12:01,040 [INFO] src.ilqt.mpc_controller: MPCController.start 完成: k_hit=177, p_hit=[-0.72  -0.303  0.727], buffer=120
2026-09-13 00:12:01,044 [DEBUG] src.ilqt.replan_core: FAR_JT step=0 k_hit=177 (JT gain=60, skip iLQR)
2026-09-13 00:12:01,044 [DEBUG] src.ilqt.mpc_controller: REPLAN step=0 k_hit=177 iters=0 horizon=0 t=4ms
2026-09-13 00:12:01,044 [DEBUG] src.ilqt.mpc_controller: MPCController.step 0: replan k_hit=177 refine=feasible buffer=20
2026-09-13 00:12:01,054 [DEBUG] src.ilqt.replan_core: FAR_JT step=20 k_hit=158 (JT gain=60, skip iLQR)
2026-09-13 00:12:01,054 [DEBUG] src.ilqt.mpc_controller: REPLAN step=20 k_hit=158 iters=0 horizon=0 t=4ms
2026-09-13 00:12:01,054 [DEBUG] src.ilqt.mpc_controller: MPCController.step 20: replan k_hit=158 refine=feasible buffer=20
2026-09-13 00:12:01,063 [DEBUG] src.ilqt.replan_core: FAR_JT step=40 k_hit=137 (JT gain=60, skip iLQR)
2026-09-13 00:12:01,063 [DEBUG] src.ilqt.mpc_controller: REPLAN step=40 k_hit=137 iters=0 horizon=0 t=4ms
2026-09-13 00:12:01,064 [DEBUG] src.ilqt.mpc_controller: MPCController.step 40: replan k_hit=137 refine=feasible buffer=20
2026-09-13 00:12:01,072 [DEBUG] src.ilqt.replan_core: FAR_JT step=60 k_hit=117 (JT gain=60, skip iLQR)
2026-09-13 00:12:01,072 [DEBUG] src.ilqt.mpc_controller: REPLAN step=60 k_hit=117 iters=0 horizon=0 t=4ms
2026-09-13 00:12:01,073 [DEBUG] src.ilqt.mpc_controller: MPCController.step 60: replan k_hit=117 refine=feasible buffer=20
2026-09-13 00:12:01,082 [DEBUG] src.ilqt.replan_core: FAR_JT step=80 k_hit=97 (JT gain=60, skip iLQR)
2026-09-13 00:12:01,082 [DEBUG] src.ilqt.mpc_controller: REPLAN step=80 k_hit=97 iters=0 horizon=0 t=3ms
2026-09-13 00:12:01,082 [DEBUG] src.ilqt.mpc_controller: MPCController.step 80: replan k_hit=97 refine=feasible buffer=20
2026-09-13 00:12:01,091 [DEBUG] src.ilqt.replan_core: FAR_JT step=100 k_hit=77 (JT gain=60, skip iLQR)
2026-09-13 00:12:01,091 [DEBUG] src.ilqt.mpc_controller: REPLAN step=100 k_hit=77 iters=0 horizon=0 t=3ms
2026-09-13 00:12:01,092 [DEBUG] src.ilqt.mpc_controller: MPCController.step 100: replan k_hit=77 refine=feasible buffer=20
2026-09-13 00:12:01,100 [DEBUG] src.ilqt.replan_core: FAR_JT step=120 k_hit=57 (JT gain=60, skip iLQR)
2026-09-13 00:12:01,100 [DEBUG] src.ilqt.mpc_controller: REPLAN step=120 k_hit=57 iters=0 horizon=0 t=3ms
2026-09-13 00:12:01,100 [INFO] src.ilqt.strategies.hit_point_refiner: [HIT_LOCK] k_hit=57 ≤ 60, 锁定击球点不再替换
2026-09-13 00:12:01,100 [DEBUG] src.ilqt.mpc_controller: MPCController.step 120: replan k_hit=57 refine=locked buffer=20
2026-09-13 00:12:01,114 [DEBUG] src.ilqt.tube_cost: [Softmin诊断] 候选权重TOP3: k=37:w=0.117, k=36:w=0.116, k=38:w=0.116
2026-09-13 00:12:01,136 [DEBUG] src.ilqt.mpc_controller: REPLAN step=140 k_hit=37 iters=5 horizon=37 t=30ms
2026-09-13 00:12:01,136 [DEBUG] src.ilqt.mpc_controller: MPCController.step 140: replan k_hit=37 refine=locked buffer=20
2026-09-13 00:12:01,141 [INFO] src.ilqt.components.predictive_safety: [SAFETY_FILTER] beta=0.8: qdot entering overspeed, joint=5, |qdot|=3.93 > 3.93
2026-09-13 00:12:01,149 [DEBUG] src.ilqt.tube_cost: [Softmin诊断] 候选权重TOP3: k=17:w=0.117, k=16:w=0.116, k=18:w=0.116
2026-09-13 00:12:01,159 [DEBUG] src.ilqt.mpc_controller: REPLAN step=160 k_hit=17 iters=5 horizon=17 t=18ms
2026-09-13 00:12:01,160 [DEBUG] src.ilqt.mpc_controller: MPCController.step 160: replan k_hit=17 refine=locked buffer=17
2026-09-13 00:12:01,160 [INFO] src.ilqt.components.predictive_safety: [SAFETY_FILTER] beta=0.2: qdot entering overspeed, joint=5, |qdot|=5.47 > 3.93
2026-09-13 00:12:01,161 [INFO] src.ilqt.components.predictive_safety: [SAFETY_FILTER] beta=0.8: tcp speed 1.80 > 1.80 m/s
2026-09-13 00:12:01,161 [INFO] src.ilqt.components.predictive_safety: [SAFETY_FILTER] beta=0.2: tcp speed 2.03 > 1.80 m/s
2026-09-13 00:12:01,162 [INFO] src.ilqt.components.predictive_safety: [SAFETY_FILTER] beta=0.4: tcp speed 1.89 > 1.80 m/s
2026-09-13 00:12:01,162 [INFO] src.ilqt.components.predictive_safety: [SAFETY_FILTER] beta=0.4: qdot entering overspeed, joint=1, |qdot|=3.57 > 3.14
2026-09-13 00:12:01,163 [INFO] src.ilqt.components.predictive_safety: [SAFETY_FILTER] beta=0.2: qdot entering overspeed, joint=1, |qdot|=3.68 > 3.14
2026-09-13 00:12:01,164 [INFO] src.ilqt.components.predictive_safety: [SAFETY_FILTER] beta=0.8: qdot entering overspeed, joint=1, |qdot|=3.15 > 3.14
2026-09-13 00:12:01,164 [INFO] src.ilqt.components.predictive_safety: [SAFETY_FILTER] beta=0.0: qdot entering overspeed, joint=1, |qdot|=3.89 > 3.14
2026-09-13 00:12:01,165 [INFO] src.ilqt.components.predictive_safety: [SAFETY_FILTER] beta=0.8: tcp speed 1.83 > 1.80 m/s
2026-09-13 00:12:01,166 [INFO] src.ilqt.components.predictive_safety: [SAFETY_FILTER] beta=0.0: qdot entering overspeed, joint=2, |qdot|=3.96 > 3.93
2026-09-13 00:12:01,167 [INFO] src.ilqt.components.predictive_safety: [SAFETY_FILTER] beta=0.2: qdot entering overspeed, joint=5, |qdot|=4.28 > 3.93
2026-09-13 00:12:01,167 [INFO] src.ilqt.strategies.follow_through: 随挥触发: step=176, steps=60
2026-09-13 00:12:01,184 [INFO] src.ilqt.async_replanner: AsyncReplanner: 后台规划线程已停止
2026-09-13 00:12:01,184 [INFO] src.ilqt.episode_runner: EpisodeRunner 完成: total_steps=238 safe_steps=238 mpc_done=True
2026-09-13 00:12:01,184 [DEBUG] src.ilqt.episode_runner: EpisodeRunner metrics 详情: {'total_steps': 238, 'safe_steps': 238, 'mpc_done': True, 'X_history': [array([-1.5  ,  1.57 , -0.236,  0.404,  0.446,  2.45 ,  0.   ,  0.   ,
        0.   ,  0.   ,  0.   ,  0.   ]), array([ 5.99902828e-02,  1.46543061e+00, -4.33574433e-01, -1.05277442e-01,
        4.92228035e-01,  2.44998926e+00, -2.38694024e-03, -3.24759140e-02,
        6.89399810e-03,  1.25239219e-03, -3.22634752e-02, -2.14704662e-03]), array([ 5.99661581e-02,  1.46511141e+00, -4.33521754e-01, -1.05266072e-01,
        4.91939357e-01,  2.44997227e+00, -4.82492903e-03, -6.38416337e-02,
        1.05357634e-02,  2.27402574e-03, -5.77354735e-02, -3.39869067e-03]), array([ 0.05992975,  1.46464101, -0.4334638 , -0.10525053,  0.4915485 ,
        2.44995151, -0.00728068, -0.09408007,  0.01159073,  0.00310895,
       -0.07817221, -0.00415218]), array([ 0.05988111,  1.46402502, -0.43341088, -0.10523158,  0.49107413,
        2.44992837, -0.00972982, -0.12319775,  0.01058362,  0.00378913,
       -0.09487324, -0.00462718]), array([ 0.05982033,  1.46326893, -0.43337123, -0.10520988,  0.49053014,
        2.44990365, -0.01215453, -0.15121672,  0.00793111,  0.00433956,
       -0.108799  , -0.00494553]), array([ 0.05974762,  1.46237809, -0.43335139, -0.10518598,  0.48992684,
        2.44987777, -0.01454184, -0.17816884,  0.00396647,  0.0047808 ,
       -0.12065816, -0.00517497]), array([ 5.96632117e-02,  1.46135763e+00, -4.33356603e-01, -1.05160328e-01,
        4.89271982e-01,  2.44985101e+00, -1.68824223e-02, -2.04091664e-01,
       -1.04171546e-03,  5.13019570e-03, -1.30972409e-01, -5.35331938e-03]), array([ 0.05956736,  1.4602125 , -0.43339098, -0.10513332,  0.48857136,
        2.4498235 , -0.0191696 , -0.22902558, -0.00687531,  0.00540262,
       -0.14012456, -0.00550175]), array([ 0.05946037,  1.45894744, -0.43345776, -0.10510526,  0.48782939,
        2.44979534, -0.02139871, -0.25301181, -0.01335577,  0.00561084,
       -0.14839426, -0.00563216]), array([ 0.05934254,  1.45756699, -0.43355944, -0.10507643,  0.48704947,
        2.44976658, -0.02356657, -0.27609106, -0.02033582,  0.00576578,
       -0.15598456, -0.00575124]), array([ 0.05921418,  1.45607548, -0.4336979 , -0.10504705,  0.48623426,
        2.44973727, -0.02567111, -0.29830263, -0.02769299,  0.00587677,
       -0.16304165, -0.00586279]), array([ 0.05907563,  1.45447706, -0.43387453, -0.10501729,  0.48538591,
        2.44970742, -0.02771112, -0.31968384, -0.03532468,  0.00595176,
       -0.16966954, -0.00596898]), array([ 0.0589272 ,  1.45277571, -0.43409025, -0.1049873 ,  0.4845062 ,
        2.44967707, -0.02968595, -0.34026968, -0.04314431,  0.00599745,
       -0.1759411 , -0.00607105]), array([ 0.05876922,  1.45097524, -0.43434564, -0.1049572 ,  0.48359667,
        2.44964622, -0.03159546, -0.36009269, -0.05107825,  0.00601947,
       -0.18190617, -0.00616972]), array([ 0.05860202,  1.44907933, -0.43464096, -0.10492709,  0.48265868,
        2.44961489, -0.03343979, -0.37918287, -0.05906354,  0.00602253,
       -0.18759767, -0.00626542]), array([ 0.05842592,  1.44709149, -0.43497619, -0.10489704,  0.4816935 ,
        2.4495831 , -0.03521935, -0.39756772, -0.06704592,  0.00601056,
       -0.19303608, -0.00635845]), array([ 0.05824125,  1.44501513, -0.43535108, -0.10486711,  0.48070234,
        2.44955085, -0.03693468, -0.41527232, -0.07497838,  0.00598679,
       -0.19823281, -0.006449  ]), array([ 0.05804832,  1.44285353, -0.43576518, -0.10483734,  0.47968638,
        2.44951817, -0.03858643, -0.43231945, -0.08281997,  0.00595386,
       -0.20319269, -0.00653722]), array([ 0.05784744,  1.44060988, -0.43621785, -0.10480777,  0.4786468 ,
        2.44948505, -0.04017533, -0.44872972, -0.09053479,  0.00591394,
       -0.20791574, -0.00662326]), array([ 0.05763893,  1.43828728, -0.43670831, -0.10477842,  0.47758481,
        2.44945151, -0.04170212, -0.46452168, -0.09809121,  0.00586877,
       -0.21239859, -0.00670723]), array([ 0.05742123,  1.43588857, -0.43723637, -0.10474618,  0.47649675,
        2.44941707, -0.04354059, -0.47974215, -0.10561327,  0.00644775,
       -0.21761053, -0.00688838]), array([ 0.05719454,  1.43341654, -0.43780123, -0.10471154,  0.47538447,
        2.44938203, -0.04533661, -0.494405  , -0.11297053,  0.00692846,
       -0.22245707, -0.00700895]), array([ 0.05695909,  1.43087393, -0.4384019 , -0.10467486,  0.4742496 ,
        2.44934653, -0.0470908 , -0.50852136, -0.12013462,  0.00733729,
       -0.22697265, -0.00709859]), array([ 0.05671507,  1.42826342, -0.43903731, -0.10463638,  0.47309371,
        2.44931067, -0.04880424, -0.52210172, -0.12708144,  0.00769435,
       -0.23117914, -0.007173  ]), array([ 0.05646268,  1.42558765, -0.43970626, -0.10459631,  0.47191826,
        2.44927447, -0.05047827, -0.53515579, -0.13379021,  0.00801505,
       -0.23508909, -0.0072404 ]), array([ 0.05620211,  1.42284918, -0.44040747, -0.10455475,  0.47072472,
        2.44923794, -0.05211435, -0.54769241, -0.14024277,  0.0083112 ,
       -0.23870821, -0.00730497]), array([ 0.05593354,  1.42005059, -0.44113959, -0.10451179,  0.46951454,
        2.4492011 , -0.05371397, -0.55971955, -0.14642305,  0.00859176,
       -0.24203731, -0.00736878]), array([ 0.05565714,  1.41719436, -0.44190117, -0.10446748,  0.46828917,
        2.44916393, -0.05527855, -0.5712443 , -0.1523167 ,  0.00886353,
       -0.24507372, -0.0074328 ]), array([ 0.0553731 ,  1.414283  , -0.44269072, -0.10442182,  0.4670501 ,
        2.44912645, -0.05680941, -0.58227288, -0.15791073,  0.00913155,
       -0.24781238, -0.00749743]), array([ 0.05508156,  1.41131895, -0.44350669, -0.10437482,  0.46579887,
        2.44908863, -0.05830773, -0.59281068, -0.16319336,  0.00939952,
       -0.25024669, -0.0075628 ]), array([ 0.05478269,  1.40830464, -0.44434746, -0.10432647,  0.46453703,
        2.44905049, -0.05977455, -0.60286233, -0.1681538 ,  0.00967009,
       -0.25236904, -0.00762893]), array([ 0.05447663,  1.40524248, -0.44521137, -0.10427674,  0.46326617,
        2.44901201, -0.06121074, -0.61243174, -0.17278216,  0.00994508,
       -0.25417136, -0.00769579]), array([ 0.05416355,  1.40213487, -0.44609672, -0.10422562,  0.46198794,
        2.44897319, -0.06261702, -0.62152213, -0.1770693 ,  0.01022567,
       -0.25564539, -0.00776334]), array([ 0.05384358,  1.39898418, -0.44700175, -0.10417305,  0.46070403,
        2.44893404, -0.06399393, -0.63013616, -0.18100683,  0.01051252,
       -0.25678296, -0.00783157]), array([ 0.05351687,  1.39579281, -0.44792469, -0.10411902,  0.45941615,
        2.44889453, -0.06534188, -0.6382759 , -0.18458701,  0.01080594,
       -0.25757617, -0.00790045]), array([ 0.05318356,  1.39256309, -0.4488637 , -0.10406349,  0.45812606,
        2.44885468, -0.06666112, -0.64594297, -0.18780271,  0.01110593,
       -0.25801756, -0.00796999]), array([ 0.0528438 ,  1.3892974 , -0.44981694, -0.10400643,  0.45683556,
        2.44881448, -0.06795176, -0.65313856, -0.19064743,  0.01141226,
       -0.25810018, -0.00804021]), array([ 0.05249773,  1.38599808, -0.45078251, -0.10394781,  0.45554647,
        2.44877393, -0.06921376, -0.65986347, -0.19311523,  0.01172455,
       -0.25781771, -0.00811112]), array([ 0.0521455 ,  1.38266749, -0.45175852, -0.1038876 ,  0.45426065,
        2.44873301, -0.07044699, -0.66611822, -0.19520075,  0.01204229,
       -0.25716451, -0.00818274]), array([ 0.05178724,  1.37930797, -0.45274301, -0.10382577,  0.45297997,
        2.44869174, -0.07165117, -0.67190307, -0.19689921,  0.01236487,
       -0.2561357 , -0.00825509]), array([ 0.05142967,  1.37592254, -0.45373082, -0.10377274,  0.45172604,
        2.44865173, -0.07151441, -0.67708606, -0.19756111,  0.01060761,
       -0.25078507, -0.00800123]), array([ 0.05107324,  1.37251408, -0.45471935, -0.10372688,  0.45049728,
        2.44861206, -0.07128704, -0.68169329, -0.19770647,  0.00917175,
       -0.24575333, -0.00793458]), array([ 0.05071834,  1.36908536, -0.4557062 , -0.10368694,  0.44929296,
        2.44857224, -0.07097871, -0.6857425 , -0.19737032,  0.00798681,
       -0.24086292, -0.00796288]), array([ 0.05036536,  1.36563913, -0.45668909, -0.10365195,  0.44811305,
        2.44853206, -0.07059695, -0.6892476 , -0.196578  ,  0.00699882,
       -0.23598214, -0.0080373 ]), array([ 0.05001462,  1.36217803, -0.45766583, -0.10362112,  0.44695798,
        2.4484914 , -0.07014769, -0.69221964, -0.19534794,  0.00616599,
       -0.23101379, -0.00813238]), array([ 0.04966644,  1.35870469, -0.4586343 , -0.10359384,  0.44582855,
        2.44845022, -0.06963567, -0.69466758, -0.19369371,  0.00545567,
       -0.22588675, -0.00823517]), array([ 0.04932112,  1.3552217 , -0.45959243, -0.10356963,  0.4447258 ,
        2.44840852, -0.06906468, -0.69659885, -0.19162552,  0.00484223,
       -0.22054961, -0.00833936]), array([ 0.04897893,  1.3517316 , -0.46053819, -0.1035481 ,  0.44365097,
        2.44836631, -0.06843783, -0.69801983, -0.18915134,  0.00430545,
       -0.21496595, -0.00844212]), array([ 0.04864014,  1.34823692, -0.46146957, -0.10352896,  0.44260542,
        2.4483236 , -0.06775772, -0.69893614, -0.18627773,  0.00382938,
       -0.20911079, -0.00854234]), array([ 0.04830501,  1.34474015, -0.46238463, -0.10351195,  0.44159058,
        2.4482804 , -0.06702653, -0.69935296, -0.18301043,  0.00340141,
       -0.20296792, -0.00863981]), array([ 0.04797378,  1.34124378, -0.4632814 , -0.10349689,  0.44060794,
        2.44823673, -0.06624618, -0.6992752 , -0.17935482,  0.00301159,
       -0.19652799, -0.00873467]), array([ 0.04764668,  1.33775024, -0.46415798, -0.10348363,  0.439659  ,
        2.44819259, -0.06541838, -0.69870766, -0.17531624,  0.00265206,
       -0.18978695, -0.0088272 ]), array([ 4.73239609e-02,  1.33426196e+00, -4.65012482e-01, -1.03472047e-01,
        4.38745278e-01,  2.44814800e+00, -6.45446819e-02, -6.97655209e-01,
       -1.70900238e-01,  2.31663720e-03, -1.82744959e-01, -8.91770979e-03]), array([ 4.70058281e-02,  1.33078135e+00, -4.65843046e-01, -1.03462045e-01,
        4.37868250e-01,  2.44810297e+00, -6.36265701e-02, -6.96122856e-01,
       -1.66112716e-01,  2.00048144e-03, -1.75405562e-01, -9.00645175e-03]), array([ 4.66925008e-02,  1.32731077e+00, -4.66647846e-01, -1.03453546e-01,
        4.37029375e-01,  2.44805750e+00, -6.26654600e-02, -6.94115849e-01,
       -1.60960066e-01,  1.69980335e-03, -1.67775027e-01, -9.09363256e-03]), array([ 4.63841871e-02,  1.32385257e+00, -4.67425093e-01, -1.03446488e-01,
        4.36230065e-01,  2.44801161e+00, -6.16627468e-02, -6.91639744e-01,
       -1.55449251e-01,  1.41166465e-03, -1.59861866e-01, -9.17939167e-03]), array([ 4.60810879e-02,  1.32040907e+00, -4.68173032e-01, -1.03440819e-01,
        4.35471683e-01,  2.44796529e+00, -6.06198252e-02, -6.88700471e-01,
       -1.49587853e-01,  1.13380384e-03, -1.51676458e-01, -9.26380835e-03]), array([ 4.57833974e-02,  1.31698254e+00, -4.68889952e-01, -1.03436496e-01,
        4.34755529e-01,  2.44791855e+00, -5.95381075e-02, -6.85304376e-01,
       -1.43384114e-01,  8.64500102e-04, -1.43230755e-01, -9.34690836e-03]), array([ 4.54913022e-02,  1.31357525e+00, -4.69574187e-01, -1.03433484e-01,
        4.34082839e-01,  2.44787141e+00, -5.84190366e-02, -6.81458265e-01,
       -1.36846950e-01,  6.02464782e-04, -1.34538045e-01, -9.42867155e-03]), array([ 4.52049817e-02,  1.31018941e+00, -4.70224117e-01, -1.03431750e-01,
        4.33454775e-01,  2.44782386e+00, -5.72640970e-02, -6.77169436e-01,
       -1.29985955e-01,  3.46754727e-04, -1.25612766e-01, -9.50903937e-03]), array([ 4.49224863e-02,  1.30682758e+00, -4.70836563e-01, -1.03428004e-01,
        4.32878847e-01,  2.44777488e+00, -5.64990822e-02, -6.72364534e-01,
       -1.22489294e-01,  7.49170844e-04, -1.15185667e-01, -9.79774723e-03]), array([ 4.46439851e-02,  1.30349211e+00, -4.71409863e-01, -1.03422838e-01,
        4.32354708e-01,  2.44772501e+00, -5.57002399e-02, -6.67094800e-01,
       -1.14659923e-01,  1.03327240e-03, -1.04827786e-01, -9.97329888e-03]), array([ 4.43696452e-02,  1.30018523e+00, -4.71942479e-01, -1.03416697e-01,
        4.31882258e-01,  2.44767456e+00, -5.48679788e-02, -6.61376859e-01,
       -1.06523200e-01,  1.22820299e-03, -9.44899104e-02, -1.00895032e-02]), array([ 4.40996304e-02,  1.29690909e+00, -4.72432985e-01, -1.03409920e-01,
        4.31461555e-01,  2.44762369e+00, -5.40029542e-02, -6.55226349e-01,
       -9.81011976e-02,  1.35539544e-03, -8.41406563e-02, -1.01748755e-02]), array([ 4.38341003e-02,  1.29366580e+00, -4.72880054e-01, -1.03402765e-01,
        4.31092746e-01,  2.44757247e+00, -5.31060261e-02, -6.48658287e-01,
       -8.94137296e-02,  1.43089534e-03, -7.37618975e-02, -1.02443036e-02]), array([ 4.35732092e-02,  1.29045737e+00, -4.73282449e-01, -1.03395431e-01,
        4.30776019e-01,  2.44752094e+00, -5.21782294e-02, -6.41687343e-01,
       -8.04791025e-02,  1.46688930e-03, -6.33453723e-02, -1.03053724e-02]), array([ 4.33171054e-02,  1.28728573e+00, -4.73639023e-01, -1.03388067e-01,
        4.30511568e-01,  2.44746913e+00, -5.12207502e-02, -6.34328045e-01,
       -7.13146539e-02,  1.47274118e-03, -5.28901590e-02, -1.03617855e-02]), array([ 4.30659309e-02,  1.28415275e+00, -4.73948708e-01, -1.03380789e-01,
        4.30299564e-01,  2.44741705e+00, -5.02349063e-02, -6.26594931e-01,
       -6.19371384e-02,  1.45571478e-03, -4.24007898e-02, -1.04152089e-02]), array([ 4.28198202e-02,  1.28106024e+00, -4.74210523e-01, -1.03373681e-01,
        4.30140135e-01,  2.44736472e+00, -4.92221304e-02, -6.18502658e-01,
       -5.23629969e-02,  1.42149045e-03, -3.18858347e-02, -1.04662606e-02]), array([ 4.25789005e-02,  1.27800991e+00, -4.74423566e-01, -1.03366809e-01,
        4.30033351e-01,  2.44731215e+00, -4.81839564e-02, -6.10066076e-01,
       -4.26085423e-02,  1.37454201e-03, -2.13568346e-02, -1.05150371e-02]), array([ 4.23432904e-02,  1.27500341e+00, -4.74587016e-01, -1.03360216e-01,
        4.29979213e-01,  2.44725934e+00, -4.71220058e-02, -6.01300283e-01,
       -3.26900815e-02,  1.31841632e-03, -1.08274908e-02, -1.05613905e-02]), array([ 4.21131005e-02,  1.27204230e+00, -4.74700136e-01, -1.03353937e-01,
        4.29977648e-01,  2.44720631e+00, -4.60379764e-02, -5.92220655e-01,
       -2.26239908e-02,  1.25594328e-03, -3.13047452e-04, -1.06050731e-02]), array([ 4.18884324e-02,  1.26912809e+00, -4.74762270e-01, -1.03347990e-01,
        4.30028499e-01,  2.44715309e+00, -4.49336314e-02, -5.82842865e-01,
       -1.24267570e-02,  1.18939508e-03,  1.01701848e-02, -1.06458096e-02]), array([ 4.16693784e-02,  1.26626217e+00, -4.74772845e-01, -1.03342387e-01,
        4.30131525e-01,  2.44709967e+00, -4.38107894e-02, -5.73182885e-01,
       -2.11499347e-03,  1.12060771e-03,  2.06051983e-02, -1.06833323e-02]), array([ 4.14560219e-02,  1.26344589e+00, -4.74731372e-01, -1.03337131e-01,
        4.30286398e-01,  2.44704608e+00, -4.26713152e-02, -5.63256981e-01,
        8.29456286e-03,  1.05107427e-03,  3.09745789e-02, -1.07173978e-02]), array([ 4.12484363e-02,  1.26068048e+00, -4.74637447e-01, -1.03332221e-01,
        4.30492701e-01,  2.44699234e+00, -4.15171109e-02, -5.53081704e-01,
        1.87850676e-02,  9.82016671e-04,  4.12607365e-02, -1.07477920e-02]), array([ 4.10466858e-02,  1.25796711e+00, -4.74490749e-01, -1.03327649e-01,
        4.30749932e-01,  2.44693847e+00, -4.03501075e-02, -5.42673865e-01,
        2.93395951e-02,  9.14440999e-04,  5.14460904e-02, -1.07743324e-02]), array([ 4.08508245e-02,  1.25530686e+00, -4.74291043e-01, -1.03323403e-01,
        4.31057498e-01,  2.44688449e+00, -3.91722568e-02, -5.32050517e-01,
        3.99411712e-02,  8.49180233e-04,  6.15132211e-02, -1.07968668e-02]), array([ 4.06608969e-02,  1.25270071e+00, -4.74038179e-01, -1.03319469e-01,
        4.31414723e-01,  2.44683041e+00, -3.79855235e-02, -5.21228923e-01,
        5.05728108e-02,  7.86927230e-04,  7.14449949e-02, -1.08152719e-02]), array([ 4.04769375e-02,  1.25014958e+00, -4.73732091e-01, -1.03315827e-01,
        4.31820846e-01,  2.44677626e+00, -3.67918778e-02, -5.10226526e-01,
        6.12175593e-02,  7.28260212e-04,  8.12246684e-02, -1.08294514e-02]), array([ 4.02989710e-02,  1.24765428e+00, -4.73372799e-01, -1.03312459e-01,
        4.32275026e-01,  2.44672207e+00, -3.55932884e-02, -4.99060914e-01,
        7.18585352e-02,  6.73662452e-04,  9.08359768e-02, -1.08393342e-02]), array([ 4.01270125e-02,  1.24521553e+00, -4.72960404e-01, -1.03309341e-01,
        4.32776342e-01,  2.44666784e+00, -3.43917151e-02, -4.87749785e-01,
        8.24789739e-02,  6.23537468e-04,  1.00263209e-01, -1.08448731e-02]), array([ 3.99610670e-02,  1.24283397e+00, -4.72495092e-01, -1.03306450e-01,
        4.33323799e-01,  2.44661361e+00, -3.31891024e-02, -4.76310909e-01,
        9.30622726e-02,  5.78220771e-04,  1.09491272e-01, -1.08460429e-02]), array([ 3.98011301e-02,  1.24051016e+00, -4.71977132e-01, -1.03303760e-01,
        4.33916327e-01,  2.44655940e+00, -3.19873727e-02, -4.64762091e-01,
        1.03592034e-01,  5.37988945e-04,  1.18505746e-01, -1.08428397e-02]), array([ 3.96471880e-02,  1.23824456e+00, -4.71406872e-01, -1.03301245e-01,
        4.34552792e-01,  2.44650522e+00, -3.07884206e-02, -4.53121129e-01,
        1.14052108e-01,  5.03066690e-04,  1.27292933e-01, -1.08352795e-02]), array([ 3.94992175e-02,  1.23603753e+00, -4.70784738e-01, -1.03298877e-01,
        4.35231991e-01,  2.44645110e+00, -2.95941062e-02, -4.41405773e-01,
        1.24426639e-01,  4.73632311e-04,  1.35839898e-01, -1.08233973e-02]), array([ 3.93571862e-02,  1.23388936e+00, -4.70111238e-01, -1.03296628e-01,
        4.35952664e-01,  2.44639707e+00, -2.84062500e-02, -4.29633692e-01,
        1.34700100e-01,  4.49822026e-04,  1.44134502e-01, -1.08072462e-02]), array([ 3.92210531e-02,  1.23180025e+00, -4.69386951e-01, -1.03294469e-01,
        4.36713491e-01,  2.44634313e+00, -2.72266277e-02, -4.17822425e-01,
        1.44857339e-01,  4.31733395e-04,  1.52165433e-01, -1.07868961e-02]), array([ 3.90907682e-02,  1.22977030e+00, -4.68612533e-01, -1.03292372e-01,
        4.37513102e-01,  2.44628932e+00, -2.60569646e-02, -4.05989349e-01,
        1.54883610e-01,  4.19428097e-04,  1.59922227e-01, -1.07624334e-02]), array([ 3.89662736e-02,  1.22779954e+00, -4.67788710e-01, -1.03290307e-01,
        4.38350079e-01,  2.44623565e+00, -2.48989313e-02, -3.94151638e-01,
        1.64764615e-01,  4.12934225e-04,  1.67395292e-01, -1.07339596e-02]), array([ 3.88475029e-02,  1.22588791e+00, -4.66916277e-01, -1.03288246e-01,
        4.39222958e-01,  2.44618214e+00, -2.37541394e-02, -3.82326222e-01,
        1.74486533e-01,  4.12248249e-04,  1.74575918e-01, -1.07015906e-02]), array([ 3.87343822e-02,  1.22403526e+00, -4.65996097e-01, -1.03286159e-01,
        4.40130240e-01,  2.44612882e+00, -2.26241376e-02, -3.70529755e-01,
        1.84036054e-01,  4.17336747e-04,  1.81456288e-01, -1.06654558e-02]), array([ 3.86268302e-02,  1.22224137e+00, -4.65029095e-01, -1.03284018e-01,
        4.41070387e-01,  2.44607569e+00, -2.15104077e-02, -3.58778579e-01,
        1.93400408e-01,  4.28137987e-04,  1.88029486e-01, -1.06256969e-02]), array([ 3.85247584e-02,  1.22050593e+00, -4.64016258e-01, -1.03281796e-01,
        4.42041835e-01,  2.44602278e+00, -2.04143621e-02, -3.47088687e-01,
        2.02567390e-01,  4.44563408e-04,  1.94289494e-01, -1.05824672e-02]), array([ 3.84280716e-02,  1.21882855e+00, -4.62958631e-01, -1.03279463e-01,
        4.43042991e-01,  2.44597010e+00, -1.93373404e-02, -3.35475693e-01,
        2.11525389e-01,  4.66499076e-04,  2.00231195e-01, -1.05359305e-02]), array([ 3.83366686e-02,  1.21720877e+00, -4.61857314e-01, -1.03276994e-01,
        4.44072242e-01,  2.44591766e+00, -1.82806073e-02, -3.23954799e-01,
        2.20263403e-01,  4.93807109e-04,  2.05850364e-01, -1.04862600e-02]), array([ 3.82504419e-02,  1.21564607e+00, -4.60713459e-01, -1.03274363e-01,
        4.45127961e-01,  2.44586550e+00, -1.72453507e-02, -3.12540770e-01,
        2.28771064e-01,  5.26327124e-04,  2.11143657e-01, -1.04336371e-02]), array([ 3.81692785e-02,  1.21413983e+00, -4.59528266e-01, -1.03271543e-01,
        4.46208504e-01,  2.44581361e+00, -1.62326797e-02, -3.01247904e-01,
        2.37038656e-01,  5.63877706e-04,  2.16108604e-01, -1.03782508e-02]), array([ 3.80930603e-02,  1.21268938e+00, -4.58302980e-01, -1.03268512e-01,
        4.47312222e-01,  2.44576200e+00, -1.52436238e-02, -2.90090005e-01,
        2.45057122e-01,  6.06257908e-04,  2.20743585e-01, -1.03202965e-02]), array([ 3.80216647e-02,  1.21129398e+00, -4.57038890e-01, -1.03265246e-01,
        4.48437461e-01,  2.44571070e+00, -1.42791318e-02, -2.79080364e-01,
        2.52818083e-01,  6.53248795e-04,  2.25047817e-01, -1.02599744e-02]), array([ 3.79549643e-02,  1.20995282e+00, -4.55737320e-01, -1.03261723e-01,
        4.49582567e-01,  2.44565972e+00, -1.33400714e-02, -2.68231737e-01,
        2.60313846e-01,  7.04615016e-04,  2.29021331e-01, -1.01974893e-02]), array([ 3.78928282e-02,  1.20866504e+00, -4.54399633e-01, -1.03257922e-01,
        4.50745892e-01,  2.44560905e+00, -1.24272290e-02, -2.57556321e-01,
        2.67537407e-01,  7.60106415e-04,  2.32664945e-01, -1.01330491e-02]), array([ 3.78351216e-02,  1.20742971e+00, -4.53027221e-01, -1.03253825e-01,
        4.51925793e-01,  2.44555872e+00, -1.15413101e-02, -2.47065746e-01,
        2.74482459e-01,  8.19459669e-04,  2.35980239e-01, -1.00668636e-02]), array([ 3.77817069e-02,  1.20624585e+00, -4.51621504e-01, -1.03249413e-01,
        4.53120641e-01,  2.44550872e+00, -1.06829394e-02, -2.36771052e-01,
        2.81143391e-01,  8.82399943e-04,  2.38969528e-01, -9.99914394e-03]), array([ 3.77324436e-02,  1.20511244e+00, -4.50183928e-01, -1.03244669e-01,
        4.54328820e-01,  2.44545907e+00, -9.85266229e-03, -2.26682681e-01,
        2.87515291e-01,  9.48642562e-04,  2.41635826e-01, -9.93010152e-03]), array([ 3.76871889e-02,  1.20402839e+00, -4.48715958e-01, -1.03239580e-01,
        4.55548734e-01,  2.44540977e+00, -9.05094534e-03, -2.16810464e-01,
        2.93593940e-01,  1.01789468e-03,  2.43982819e-01, -9.85994685e-03]), array([ 3.76457980e-02,  1.20299257e+00, -4.47219079e-01, -1.03234131e-01,
        4.56778808e-01,  2.44536083e+00, -8.27817811e-03, -2.07163614e-01,
        2.99375807e-01,  1.08985692e-03,  2.46014828e-01, -9.78888890e-03]), array([ 3.76081246e-02,  1.20200382e+00, -4.45694789e-01, -1.03228310e-01,
        4.58017492e-01,  2.44531224e+00, -7.53467459e-03, -1.97750722e-01,
        3.04858043e-01,  1.16422508e-03,  2.47736774e-01, -9.71713413e-03]), array([ 3.75740213e-02,  1.20106092e+00, -4.44144596e-01, -1.03222106e-01,
        4.59263263e-01,  2.44526402e+00, -6.82067514e-03, -1.88579745e-01,
        3.10038469e-01,  1.24069167e-03,  2.49154141e-01, -9.64488576e-03]), array([ 3.75433395e-02,  1.20016263e+00, -4.42570018e-01, -1.03215511e-01,
        4.60514628e-01,  2.44521615e+00, -6.13634854e-03, -1.79658012e-01,
        3.14915568e-01,  1.31894755e-03,  2.50272940e-01, -9.57234298e-03]), array([ 3.75159305e-02,  1.19930767e+00, -4.40972576e-01, -1.03208518e-01,
        4.61770126e-01,  2.44516866e+00, -5.48179423e-03, -1.70992220e-01,
        3.19488469e-01,  1.39868341e-03,  2.51099672e-01, -9.49970027e-03]), array([ 3.74916453e-02,  1.19849472e+00, -4.39353791e-01, -1.03201120e-01,
        4.63028332e-01,  2.44512152e+00, -4.85704473e-03, -1.62588432e-01,
        3.23756933e-01,  1.47959131e-03,  2.51641287e-01, -9.42714678e-03]), array([ 3.74703350e-02,  1.19772246e+00, -4.37715185e-01, -1.03193313e-01,
        4.64287858e-01,  2.44507475e+00, -4.26206818e-03, -1.54452087e-01,
        3.27721334e-01,  1.56136603e-03,  2.51905149e-01, -9.35486570e-03]), array([ 3.74518511e-02,  1.19698952e+00, -4.36058272e-01, -1.03185095e-01,
        4.65547353e-01,  2.44502833e+00, -3.69677103e-03, -1.46588000e-01,
        3.31382645e-01,  1.64370644e-03,  2.51898995e-01, -9.28303376e-03]), array([ 3.74360461e-02,  1.19629452e+00, -4.34384559e-01, -1.03176463e-01,
        4.66805508e-01,  2.44498227e+00, -3.16100078e-03, -1.39000367e-01,
        3.34742414e-01,  1.72631676e-03,  2.51630900e-01, -9.21182075e-03]), array([ 3.74227734e-02,  1.19563606e+00, -4.32695546e-01, -1.03167419e-01,
        4.68061054e-01,  2.44493657e+00, -2.65454886e-03, -1.31692778e-01,
        3.37802744e-01,  1.80890773e-03,  2.51109235e-01, -9.14138913e-03]), array([ 3.74118876e-02,  1.19501272e+00, -4.30992714e-01, -1.03157963e-01,
        4.69312767e-01,  2.44489121e+00, -2.17715352e-03, -1.24668224e-01,
        3.40566273e-01,  1.89119771e-03,  2.50342633e-01, -9.07189363e-03]), array([ 3.74032451e-02,  1.19442307e+00, -4.29277534e-01, -1.03148098e-01,
        4.70559467e-01,  2.44484619e+00, -1.72850277e-03, -1.17929106e-01,
        3.43036147e-01,  1.97291371e-03,  2.49339952e-01, -9.00348101e-03]), array([ 3.73967039e-02,  1.19386569e+00, -4.27551454e-01, -1.03137829e-01,
        4.71800018e-01,  2.44480151e+00, -1.30823738e-03, -1.11477250e-01,
        3.45215999e-01,  2.05379223e-03,  2.48110241e-01, -8.93628975e-03]), array([ 3.73921241e-02,  1.19333912e+00, -4.25815904e-01, -1.03127161e-01,
        4.73033331e-01,  2.44475715e+00, -9.15953864e-04, -1.05313918e-01,
        3.47109924e-01,  2.13358014e-03,  2.46662700e-01, -8.87044992e-03]), array([ 3.73893681e-02,  1.19284192e+00, -4.24072292e-01, -1.03116101e-01,
        4.74258365e-01,  2.44471312e+00, -5.51207452e-04, -9.94398229e-02,
        3.48722452e-01,  2.21203538e-03,  2.45006655e-01, -8.80608298e-03]), array([ 3.73883005e-02,  1.19237264e+00, -4.22321999e-01, -1.03104656e-01,
        4.75474122e-01,  2.44466941e+00, -2.13515063e-04, -9.38551444e-02,
        3.50058522e-01,  2.28892756e-03,  2.43151517e-01, -8.74330176e-03]), array([ 3.73887887e-02,  1.19192984e+00, -4.20566382e-01, -1.03092836e-01,
        4.76679656e-01,  2.44462600e+00,  9.76417551e-05, -8.85595449e-02,
        3.51123459e-01,  2.36403851e-03,  2.41106757e-01, -8.68221035e-03]), array([ 3.73907028e-02,  1.19151208e+00, -4.18806767e-01, -1.03080650e-01,
        4.77874065e-01,  2.44458288e+00,  3.82813940e-04, -8.35521865e-02,
        3.51922942e-01,  2.43716270e-03,  2.38881876e-01, -8.62290417e-03]), array([ 3.73939157e-02,  1.19111792e+00, -4.17044452e-01, -1.03068110e-01,
        4.79056497e-01,  2.44454005e+00,  6.42582066e-04, -7.88317486e-02,
        3.52462983e-01,  2.50810762e-03,  2.36486372e-01, -8.56546995e-03]), array([ 3.73983035e-02,  1.19074594e+00, -4.15280703e-01, -1.03055226e-01,
        4.80226146e-01,  2.44449750e+00,  8.77553569e-04, -7.43964466e-02,
        3.52749896e-01,  2.57669395e-03,  2.33929722e-01, -8.50998587e-03]), array([ 3.74037453e-02,  1.19039472e+00, -4.13516751e-01, -1.03042012e-01,
        4.81382253e-01,  2.44445522e+00,  1.08836003e-03, -7.02440506e-02,
        3.52790275e-01,  2.64275585e-03,  2.31221348e-01, -8.45652164e-03]), array([ 3.74101236e-02,  1.19006286e+00, -4.11753797e-01, -1.03028482e-01,
        4.82524106e-01,  2.44441320e+00,  1.27565455e-03, -6.63719049e-02,
        3.52590964e-01,  2.70614092e-03,  2.28370600e-01, -8.40513867e-03]), array([ 3.74173241e-02,  1.18974898e+00, -4.09993001e-01, -1.03014648e-01,
        4.83651039e-01,  2.44437142e+00,  1.44010918e-03, -6.27769479e-02,
        3.52159032e-01,  2.76671033e-03,  2.25386732e-01, -8.35589027e-03]), array([ 3.74252362e-02,  1.18945170e+00, -4.08235493e-01, -1.03000527e-01,
        4.84762434e-01,  2.44432987e+00,  1.58241247e-03, -5.94557320e-02,
        3.51501748e-01,  2.82433867e-03,  2.22278883e-01, -8.30882183e-03]), array([ 3.74337525e-02,  1.18916968e+00, -4.06482360e-01, -1.02986132e-01,
        4.85857714e-01,  2.44428855e+00,  1.70326711e-03, -5.64044441e-02,
        3.50626558e-01,  2.87891387e-03,  2.19056054e-01, -8.26397109e-03]), array([ 3.74427694e-02,  1.18890158e+00, -4.04734655e-01, -1.02971480e-01,
        4.86936350e-01,  2.44424745e+00,  1.80338762e-03, -5.36189258e-02,
        3.49541057e-01,  2.93033699e-03,  2.15727099e-01, -8.22136836e-03]), array([ 3.74521869e-02,  1.18864611e+00, -4.02993390e-01, -1.02956588e-01,
        4.87997853e-01,  2.44420654e+00,  1.88349818e-03, -5.10946944e-02,
        3.48252967e-01,  2.97852202e-03,  2.12300702e-01, -8.18103682e-03]), array([ 3.74619086e-02,  1.18840197e+00, -4.01259539e-01, -1.02941471e-01,
        4.89041780e-01,  2.44416583e+00,  1.94433059e-03, -4.88269626e-02,
        3.46770115e-01,  3.02339551e-03,  2.08785370e-01, -8.14299282e-03]), array([ 3.74718417e-02,  1.18816792e+00, -3.99534037e-01, -1.02926146e-01,
        4.90067727e-01,  2.44412529e+00,  1.98662222e-03, -4.68106599e-02,
        3.45100410e-01,  3.06489627e-03,  2.05189415e-01, -8.10724614e-03]), array([ 3.74818973e-02,  1.18794272e+00, -3.97817778e-01, -1.02910631e-01,
        4.91075332e-01,  2.44408492e+00,  2.01111420e-03, -4.50404523e-02,
        3.43251821e-01,  3.10297501e-03,  2.01520945e-01, -8.07380038e-03]), array([ 3.74919900e-02,  1.18772516e+00, -3.96111616e-01, -1.02894943e-01,
        4.92064271e-01,  2.44404471e+00,  2.01854961e-03, -4.35107625e-02,
        3.41232357e-01,  3.13759388e-03,  1.97787857e-01, -8.04265318e-03]), array([ 3.75020384e-02,  1.18751409e+00, -3.94416366e-01, -1.02879100e-01,
        4.93034260e-01,  2.44400464e+00,  2.00967180e-03, -4.22157900e-02,
        3.39050048e-01,  3.16872602e-03,  1.93997828e-01, -8.01379665e-03]), array([ 3.75119645e-02,  1.18730834e+00, -3.92732801e-01, -1.02863118e-01,
        4.93985052e-01,  2.44396470e+00,  1.98522284e-03, -4.11495308e-02,
        3.36712924e-01,  3.19635513e-03,  1.90158305e-01, -7.98721762e-03]), array([ 3.75216942e-02,  1.18710681e+00, -3.91061656e-01, -1.02847016e-01,
        4.94916434e-01,  2.44392489e+00,  1.94594203e-03, -4.03057963e-02,
        3.34229003e-01,  3.22047493e-03,  1.86276505e-01, -7.96289803e-03]), array([ 0.04007338,  1.18879913, -0.38786155, -0.10574898,  0.49455913,
        2.45456398,  0.51033665,  0.33846355,  0.64002149, -0.5803933 ,
       -0.07146082,  2.12781927]), array([ 0.04446622,  1.18580638, -0.3813361 , -0.11015922,  0.50121365,
        2.45516353,  0.87856794, -0.5985498 ,  1.30508979, -0.8820472 ,
        1.33090314,  0.11990825]), array([ 0.04999252,  1.18528205, -0.37558438, -0.1104261 ,  0.50794674,
        2.4652646 ,  1.10525976, -0.1048664 ,  1.15034306, -0.05337597,
        1.34661873,  2.02021439]), array([ 0.05618805,  1.18184549, -0.3688922 , -0.10540638,  0.51557458,
        2.46431866,  1.23910598, -0.6873117 ,  1.33843647,  1.00394399,
        1.52556829, -0.18918727]), array([ 0.06196861,  1.17377168, -0.35763277, -0.10395399,  0.52777032,
        2.45376434,  1.15611236, -1.61476204,  2.25188687,  0.29047764,
        2.439147  , -2.11086386]), array([ 0.06815603,  1.16875046, -0.3478547 , -0.09921508,  0.53851294,
        2.45320576,  1.2374845 , -1.00424269,  1.95561269,  0.94778229,
        2.14852413, -0.11171686]), array([ 0.07465651,  1.16064331, -0.33671821, -0.08977107,  0.55082425,
        2.44205077,  1.30009589, -1.62143004,  2.22729895,  1.88880189,
        2.4622621 , -2.23099695]), array([ 0.08068864,  1.15564185, -0.32688281, -0.08571423,  0.5615702 ,
        2.44199357,  1.20642658, -1.00029192,  1.96708037,  0.81136745,
        2.14918992, -0.01144063]), array([ 0.08645406,  1.15496933, -0.32076612, -0.08658671,  0.56804413,
        2.45261293,  1.15308284, -0.13450392,  1.22333737, -0.17449471,
        1.29478627,  2.12387239]), array([ 0.09261634,  1.15090833, -0.31314893, -0.08246201,  0.57725801,
        2.45214456,  1.23245718, -0.81219978,  1.52343914,  0.82493828,
        1.84277665, -0.09367475]), array([ 0.09835261,  1.14278303, -0.30174436, -0.08287921,  0.58883494,
        2.46256374,  1.14725308, -1.62506068,  2.28091363, -0.08344019,
        2.31538565,  2.08383547]), array([ 0.10383909,  1.13777298, -0.29159746, -0.08692849,  0.5990534 ,
        2.46261382,  1.09729692, -1.00201041,  2.02937908, -0.8098556 ,
        2.04369141,  0.01001679]), array([ 0.10971807,  1.13684832, -0.2850425 , -0.08748385,  0.6056851 ,
        2.47227004,  1.17579584, -0.18493241,  1.31099173, -0.11107046,
        1.32634144,  1.931244  ]), array([ 0.11529784,  1.13253937, -0.27669772, -0.09113718,  0.61495495,
        2.47187491,  1.11595419, -0.8617894 ,  1.66895596, -0.73066637,
        1.85396863, -0.07902515]), array([ 0.12132921,  1.13135389, -0.26960314, -0.09032562,  0.62179708,
        2.46056507,  1.20627379, -0.2370954 ,  1.4189158 ,  0.16231078,
        1.36842707, -2.26196804]), array([ 0.12759644,  1.13400385, -0.26569975, -0.0863988 ,  0.62529818,
        2.45935862,  1.25344591,  0.5299914 ,  0.78067962,  0.78536393,
        0.70022025, -0.24129098]), array([ 0.13348073,  1.13292218, -0.25936815, -0.08678908,  0.63143635,
        2.4690585 ,  1.17685743, -0.21633437,  1.26631961, -0.07805592,
        1.2276328 ,  1.93997667]), array([ 0.13984542,  1.1276091 , -0.24911584, -0.08228888,  0.64023158,
        2.4676911 ,  1.27293858, -1.0626149 ,  2.05046147,  0.90004158,
        1.75904719, -0.27348028]), array([ 0.14576844,  1.11796682, -0.23469063, -0.08221105,  0.65241417,
        2.47718923,  1.18460346, -1.92845627,  2.88504223,  0.01556446,
        2.43651685,  1.89962508]), array([ 0.15153607,  1.11082803, -0.22133229, -0.0857199 ,  0.66350279,
        2.49472807,  1.15352706, -1.42775827,  2.67166763, -0.70177042,
        2.2177237 ,  3.50776983]), array([ 0.15767267,  1.10476402, -0.20930355, -0.08955018,  0.67389204,
        2.51362646,  1.2273192 , -1.21280172,  2.40574823, -0.76605458,
        2.07785123,  3.77967795]), array([ 0.16587065,  1.09506111, -0.19508391, -0.08697861,  0.68756671,
        2.52105946,  1.63959582, -1.94058288,  2.84392757,  0.51431454,
        2.73493387,  1.48660003]), array([ 0.1737959 ,  1.08250456, -0.17819122, -0.08703393,  0.70232226,
        2.52041854,  1.58505006, -2.51131063,  3.37853787, -0.0110647 ,
        2.95110931, -0.12818579]), array([ 0.18147036,  1.07099192, -0.16217683, -0.08816567,  0.71618152,
        2.52188689,  1.53489257, -2.30252702,  3.20287774, -0.22634878,
        2.77185181,  0.29367141]), array([ 0.18880769,  1.061381  , -0.14784145, -0.09124444,  0.72834769,
        2.52750103,  1.46746582, -1.92218356,  2.86707742, -0.61575309,
        2.43323484,  1.12282679]), array([ 0.19655907,  1.04833801, -0.13121913, -0.08956929,  0.74262564,
        2.52222764,  1.55027635, -2.60859939,  3.32446314,  0.33502961,
        2.85558936, -1.05467766]), array([ 0.20403983,  1.03367584, -0.11292552, -0.08689935,  0.75822648,
        2.52107977,  1.49615182, -2.93243252,  3.65872322,  0.53398742,
        3.12016873, -0.2295741 ]), array([ 0.21131359,  1.01872513, -0.09467322, -0.0837141 ,  0.7737109 ,
        2.51784612,  1.45475127, -2.99014328,  3.65045916,  0.63705109,
        3.09688356, -0.64673018]), array([ 0.21798277,  1.00686174, -0.0776922 , -0.07762517,  0.78857905,
        2.50394015,  1.33383697, -2.37267771,  3.39620353,  1.21778534,
        2.97363101, -2.78119351]), array([ 0.22355816,  0.99200295, -0.05819878, -0.07021702,  0.80544395,
        2.49854216,  1.11507765, -2.97175736,  3.8986847 ,  1.48162944,
        3.37297994, -1.07959794]), array([ 0.2289933 ,  0.97774531, -0.03959292, -0.06326133,  0.82143462,
        2.49339374,  1.08702813, -2.85152826,  3.72117152,  1.39113865,
        3.19813358, -1.02968342]), array([ 0.23296493,  0.96688979, -0.02300839, -0.06191214,  0.83674493,
        2.49901874,  0.79432561, -2.17110294,  3.3169053 ,  0.26983804,
        3.06206082,  1.12500028]), array([ 0.2356151 ,  0.95260949, -0.00406929, -0.06447458,  0.85468483,
        2.49467683,  0.53003308, -2.85606184,  3.7878214 , -0.51248715,
        3.58798055, -0.86838337]), array([ 0.23571427,  0.94038701,  0.01495192, -0.07252274,  0.87096265,
        2.48237128,  0.0198345 , -2.44449422,  3.80424218, -1.60963209,
        3.25556368, -2.4611099 ]), array([ 0.23560086,  0.92867361,  0.03326944, -0.07956576,  0.88734953,
        2.47040532, -0.02268065, -2.34268021,  3.66350336, -1.40860487,
        3.277377  , -2.39319088]), array([ 0.23493542,  0.91794844,  0.0508395 , -0.08726581,  0.90342166,
        2.45680644, -0.13308959, -2.14503448,  3.51401226, -1.54000945,
        3.21442569, -2.71977754]), array([ 0.23402513,  0.90750738,  0.06648569, -0.09401444,  0.91626079,
        2.44376111, -0.18205654, -2.08821182,  3.12923725, -1.34972567,
        2.56782676, -2.60906535]), array([ 0.23297278,  0.89745548,  0.08072878, -0.10011128,  0.92538507,
        2.43126408, -0.21047097, -2.01037973,  2.84861893, -1.21936961,
        1.82485468, -2.49940545]), array([ 0.23185425,  0.88782586,  0.09386114, -0.10578736,  0.93139282,
        2.41929028, -0.22370554, -1.92592398,  2.62647092, -1.13521585,
        1.20155099, -2.39476016]), array([ 0.23072732,  0.87862652,  0.1060631 , -0.11122278,  0.93509157,
        2.40781113, -0.22538706, -1.83986949,  2.44039321, -1.08708377,
        0.73974929, -2.29582938]), array([ 0.22963834,  0.86986355,  0.11747799, -0.11656003,  0.93708785,
        2.39680155, -0.21779613, -1.7525927 ,  2.2829774 , -1.06745008,
        0.39925684, -2.20191625]), array([ 0.22862431,  0.86154061,  0.12821973, -0.12191016,  0.93783608,
        2.38623892, -0.20280459, -1.6645884 ,  2.1483475 , -1.07002601,
        0.14964602, -2.11252588]), array([ 0.22771449,  0.85365883,  0.13837911, -0.12735802,  0.93767541,
        2.37610242, -0.18196359, -1.5763557 ,  2.03187737, -1.08957163,
       -0.03213553, -2.02730113]), array([ 0.22693167,  0.84621711,  0.14802883, -0.13296672,  0.93685762,
        2.36637253, -0.15656595, -1.48834443,  1.92994285, -1.12173903,
       -0.16355773, -1.94597783]), array([ 0.2262932 ,  0.83921243,  0.15722739, -0.13878141,  0.93556833,
        2.35703076, -0.12769238, -1.40093526,  1.83971306, -1.16293848,
       -0.25785726, -1.86835366]), array([ 0.22581197,  0.83264025,  0.16602229, -0.14483253,  0.93394305,
        2.34805943, -0.09624696, -1.31443739,  1.75897956, -1.21022388,
       -0.32505598, -1.79426628]), array([ 0.22549704,  0.82649477,  0.17445239, -0.1511385 ,  0.93207939,
        2.33944154, -0.06298526, -1.22909472,  1.6860191 , -1.26119448,
       -0.37273146, -1.72357836]), array([ 0.22535436,  0.8207693 ,  0.18254981, -0.15770805,  0.93004639,
        2.3311607 , -0.02853715, -1.14509529,  1.6194848 , -1.31391053,
       -0.40660121, -1.65616727]), array([ 0.22538723,  0.81545639,  0.19034142, -0.16454216,  0.92789156,
        2.32320111,  0.00657435, -1.06258126,  1.55832079, -1.36682094,
       -0.43096631, -1.59191831]), array([ 0.22559681,  0.8105481 ,  0.19784989, -0.17163566,  0.92564631,
        2.31554751,  0.04191732, -0.98165825,  1.50169563, -1.41870137,
       -0.44904872, -1.5307203 ]), array([ 0.2259825 ,  0.80603608,  0.20509465, -0.17897867,  0.92333007,
        2.30818519,  0.07713746, -0.90240348,  1.4489507 , -1.46860124,
       -0.46324804, -1.47246309]), array([ 0.22654224,  0.80191172,  0.21209245, -0.18655766,  0.92095339,
        2.30110001,  0.11194672, -0.82487249,  1.39956039, -1.51579849,
       -0.47533698, -1.41703617]), array([ 0.2272728 ,  0.7981662 ,  0.21885796, -0.19435647,  0.91852034,
        2.29427837,  0.14611338, -0.7491046 ,  1.35310139, -1.55976098,
       -0.48661048, -1.3643282 ]), array([ 0.22817007,  0.79479056,  0.2254041 , -0.20235704,  0.91603034,
        2.28770724,  0.17945352, -0.67512723,  1.30922919, -1.60011371,
       -0.49799931, -1.31422708]), array([ 0.22922919,  0.79177576,  0.2317424 , -0.21054009,  0.91347955,
        2.28137413,  0.2118237 , -0.60295923,  1.26766   , -1.63661082,
       -0.51015685, -1.26662034]), array([ 0.23044476,  0.7891127 ,  0.23788319, -0.21888565,  0.91086193,
        2.27526715,  0.2431145 , -0.53261342,  1.228157  , -1.66911196,
       -0.52352529, -1.22139576]), array([ 0.23181099,  0.7867922 ,  0.24383579, -0.22737346,  0.90817   ,
        2.26937494,  0.27324502, -0.46409852,  1.19051975, -1.69756217,
       -0.53838631, -1.17844206]), array([ 0.23332178,  0.7848051 ,  0.24960867, -0.23598334,  0.9053955 ,
        2.2636867 ,  0.3021581 , -0.3974205 ,  1.15457623, -1.72197498,
       -0.55489979, -1.13764961]), array([ 0.23497086,  0.78314218,  0.25520955, -0.24469543,  0.90252983,
        2.25819214,  0.32981616, -0.33258359,  1.1201767 , -1.74241803,
       -0.5731335 , -1.09891105]), array([ 0.23675185,  0.78179423,  0.2606455 , -0.25349043,  0.8995644 ,
        2.25288153,  0.35619765, -0.26959094,  1.08718909, -1.75900112,
       -0.5930859 , -1.0621219 ]), array([ 0.23865832,  0.780752  ,  0.26592297, -0.26234976,  0.89649088,
        2.24774563,  0.38129399, -0.20844507,  1.05549549, -1.77186603,
       -0.6147037 , -1.02718105]), array([ 0.24068385,  0.78000626,  0.27104792, -0.27125565,  0.89330141,
        2.24277567,  0.40510697, -0.1491481 ,  1.02498951, -1.78117815,
       -0.63789533, -0.99399114]), array([ 0.24282208,  0.77954775,  0.27602579, -0.28019125,  0.8899887 ,
        2.23796338,  0.42764654, -0.09170187,  0.99557424, -1.78711944,
       -0.66254145, -0.96245888]), array([ 0.24506673,  0.77936721,  0.2808616 , -0.28914066,  0.88654618,
        2.2333009 ,  0.44892887, -0.03610797,  0.96716085, -1.78988263,
       -0.688503  , -0.93249526]), array([ 0.2474116 ,  0.77945538,  0.28555993, -0.298089  ,  0.88296805,
        2.22878082,  0.46897484,  0.01763231,  0.93966735, -1.78966641,
       -0.71562761, -0.90401563]), array([ 0.24985065,  0.77980297,  0.29012502, -0.30702235,  0.87924927,
        2.22439612,  0.48780867,  0.0695181 ,  0.91301785, -1.78667154,
       -0.74375442, -0.87693981]), array([ 0.25237793,  0.78040071,  0.29456073, -0.31592784,  0.87538568,
        2.22014016,  0.50545682,  0.11954904,  0.88714186, -1.78109771,
       -0.77271805, -0.85119199]), array([ 0.25498766,  0.78123934,  0.2988706 , -0.32479355,  0.87137393,
        2.21600666,  0.5219471 ,  0.16772545,  0.86197387, -1.77314098,
       -0.80235154, -0.82670075]), array([ 0.2576742 ,  0.78230958,  0.30305787, -0.33360851,  0.86721148,
        2.21198966,  0.5373079 ,  0.21404846,  0.83745296, -1.76299177,
       -0.8324888 , -0.80339887]), array([ 0.26043204,  0.78360218,  0.30712548, -0.34236267,  0.86289665,
        2.20808355,  0.55156766,  0.25852016,  0.81352256, -1.75083337,
       -0.86296646, -0.7812232 ]), array([ 0.26325581,  0.7851079 ,  0.31107613, -0.35104688,  0.85842852,
        2.20428298,  0.56475432,  0.30114373,  0.79013025, -1.73684075,
       -0.89362534, -0.7601145 ]), array([ 0.26614029,  0.78681752,  0.31491227, -0.35965277,  0.85380696,
        2.20058289,  0.57689501,  0.34192356,  0.76722757, -1.72117971,
       -0.92431161, -0.7400172 ]), array([ 0.26908037,  0.78872184,  0.31863612, -0.36817281,  0.84903258,
        2.19697849,  0.58801573,  0.38086538,  0.74476991, -1.70400636,
       -0.95487766, -0.72087924]), array([ 0.27207107,  0.79081173,  0.3222497 , -0.37660014,  0.84410666,
        2.19346523,  0.59814119,  0.41797632,  0.7227164 , -1.68546672,
       -0.9851828 , -0.7026518 ]), array([ 0.27510755,  0.79307805,  0.32575485, -0.38492862,  0.83903119,
        2.19003879,  0.60729465,  0.45326501,  0.70102979, -1.66569665,
       -1.01509378, -0.68528912]), array([ 0.27818504,  0.79551176,  0.32915323, -0.39315273,  0.83380877,
        2.18669505,  0.61549783,  0.48674163,  0.67967638, -1.64482176,
       -1.0444851 , -0.66874827]), array([ 0.28129889,  0.79810385,  0.33244636, -0.40126752,  0.82844257,
        2.1834301 ,  0.62277087,  0.51841796,  0.65862591, -1.62295762,
       -1.07323932, -0.65298894]), array([ 0.28444455,  0.80084539,  0.33563562, -0.40926857,  0.82293633,
        2.18024024,  0.6291323 ,  0.54830739,  0.63785148, -1.60020996,
       -1.10124718, -0.63797325]), array([ 0.28761755,  0.80372751,  0.33872226, -0.41715194,  0.8172943 ,
        2.17712191,  0.63459912,  0.57642495,  0.61732943, -1.576675  ,
       -1.12840766, -0.62366552]), array([ 0.29081348,  0.80674145,  0.34170746, -0.42491414,  0.81152116,
        2.17407175,  0.63918677,  0.6027873 ,  0.59703926, -1.55243981,
       -1.15462799, -0.61003213]), array([ 0.29402803,  0.80987851,  0.34459228, -0.43255206,  0.80562204,
        2.17108654,  0.64290923,  0.62741272,  0.57696354, -1.5275828 ,
       -1.17982359, -0.59704134]), array([ 0.29725692,  0.81313012,  0.34737772, -0.44006293,  0.79960245,
        2.16816323,  0.64577912,  0.65032105,  0.55708774, -1.50217414,
       -1.20391794, -0.58466311]), array([ 0.30049596,  0.81648778,  0.35006472, -0.44744431,  0.79346824,
        2.16529888,  0.64780771,  0.67153371,  0.53740017, -1.4762763 ,
       -1.22684246, -0.57286899]), array([ 0.30374099,  0.81994315,  0.35265418, -0.45469403,  0.78722556,
        2.16249072,  0.6490051 ,  0.69107362,  0.51789183, -1.44994454,
       -1.24853629, -0.56163195]), array([ 0.30698789,  0.82348798,  0.35514696, -0.46181017,  0.78088082,
        2.15973609,  0.64938025,  0.70896512,  0.49855628, -1.42322745,
       -1.26894613, -0.55092629]), array([ 0.31023259,  0.82711415,  0.35754391, -0.46879101,  0.7744407 ,
        2.15703245,  0.64894114,  0.72523395,  0.47938951, -1.39616751,
       -1.28802593, -0.54072751]), array([ 0.31347107,  0.83081368,  0.35984585, -0.47563502,  0.76791201,
        2.15437739,  0.64769483,  0.73990719,  0.46038978, -1.36880156,
       -1.30573669, -0.53101224]), array([ 0.31669931,  0.83457875,  0.36205364, -0.48234082,  0.76130178,
        2.1517686 ,  0.64564758,  0.75301311,  0.44155754, -1.34116138,
       -1.32204616, -0.52175811]), array([ 0.31991333,  0.83840166,  0.36416812, -0.48890719,  0.75461714,
        2.14920388,  0.64280496,  0.76458119,  0.42289519, -1.31327416,
       -1.33692857, -0.51294371]), array([ 0.32310919,  0.84227487,  0.36619015, -0.49533301,  0.74786532,
        2.14668114,  0.63917195,  0.77464195,  0.404407  , -1.28516302,
       -1.35036435, -0.50454849]), array([ 0.32628296,  0.846191  ,  0.36812065, -0.50161725,  0.74105362,
        2.14419838,  0.63475304,  0.78322694,  0.38609894, -1.25684745,
       -1.36233979, -0.49655273]), array([ 0.32943072,  0.85014284,  0.36996054, -0.50775896,  0.73418938,
        2.14175369,  0.62955232,  0.79036861,  0.36797849, -1.2283438 ,
       -1.37284678, -0.48893746]), array([ 0.33254859,  0.85412334,  0.37171081, -0.51375729,  0.72727997,
        2.13934527,  0.62357358,  0.79610023,  0.35005456, -1.19966569,
       -1.38188251, -0.48168443]), array([ 0.33563269,  0.85812562,  0.3733725 , -0.51961141,  0.72033273,
        2.13697139,  0.6168204 ,  0.80045581,  0.33233724, -1.17082442,
       -1.3894491 , -0.47477605]), array([ 0.33867917,  0.86214297,  0.37494669, -0.52532056,  0.71335496,
        2.13463041,  0.60929624,  0.80346999,  0.31483774, -1.14182935,
       -1.3955534 , -0.46819538]), array([ 0.34168419,  0.86616886,  0.37643453, -0.530884  ,  0.70635393,
        2.13232078,  0.60100449,  0.80517801,  0.29756816, -1.11268825,
       -1.40020658, -0.46192608]), array([ 0.34464393,  0.87019694,  0.37783724, -0.53630104,  0.69933681,
        2.13004102,  0.59194859,  0.80561554,  0.28054138, -1.08340761,
       -1.40342394, -0.45595237]), array([ 0.3474789 ,  0.87408891,  0.37906861, -0.54154626,  0.69228251,
        2.12780165,  0.56699412,  0.77839466,  0.24627521, -1.04904425,
       -1.41085877, -0.44787403])], 'U_history': [array([ 2.16908907e-03, -3.25489437e-06,  9.46084605e-05, -4.80750839e-04,
       -1.74861998e-04,  5.21528204e-19]), array([ 0.00695144,  0.06504023, -0.01362915, -0.00298541,  0.06439593,
        0.00429409]), array([ 0.0118463 ,  0.12795106, -0.02078682, -0.00502895,  0.11542545,
        0.00679738]), array([ 0.01679114,  0.1886936 , -0.02271009, -0.00670043,  0.15642502,
        0.00830436]), array([ 0.02174316,  0.24728399, -0.02044595, -0.00806504,  0.18999471,
        0.00925437]), array([ 0.02667431,  0.30377652, -0.01482029, -0.00917426,  0.2180597 ,
        0.00989105]), array([ 0.03156739,  0.35825461, -0.00648551, -0.01007069,  0.24204613,
        0.01034993]), array([ 0.0364128 ,  0.41082429,  0.00404318, -0.01079044,  0.26301156,
        0.01070664]), array([ 0.04120583,  0.46160859,  0.01635943, -0.01136426,  0.28174135,
        0.0110035 ]), array([ 0.04594472,  0.51074243,  0.0301431 , -0.01181826,  0.29881957,
        0.01126432]), array([ 0.05062925,  0.55836765,  0.04514206, -0.0121744 ,  0.31468097,
        0.01150248]), array([ 0.05526013,  0.60462885,  0.06115768, -0.01245109,  0.3296494 ,
        0.01172559]), array([ 0.05983875,  0.64967025,  0.07803354, -0.01266361,  0.34396624,
        0.01193797]), array([ 0.06436711,  0.69363367,  0.09564673, -0.01282465,  0.35781162,
        0.0121421 ]), array([ 0.06884786,  0.73665732,  0.11390126, -0.01294467,  0.37132034,
        0.01233943]), array([ 0.0732842 ,  0.77887512,  0.1327229 , -0.01303228,  0.38459375,
        0.01253085]), array([ 0.07767986,  0.82041644,  0.15205522, -0.01309449,  0.39770856,
        0.01271691]), array([ 0.08203897,  0.86140587,  0.17185631, -0.01313701,  0.41072339,
        0.01289801]), array([ 0.08636593,  0.90196319,  0.19209621, -0.01316441,  0.42368359,
        0.01307445]), array([ 0.09066531,  0.9422033 ,  0.21275471, -0.0131803 ,  0.4366247 ,
        0.01324651]), array([ 0.04088979,  0.9524838 ,  0.21309659, -0.00174553,  0.43279636,
        0.01341447]), array([ 0.04341781,  0.98859631,  0.23213941, -0.00254656,  0.4458072 ,
        0.01377675]), array([ 0.04558568,  1.0243501 ,  0.25138723, -0.00307601,  0.4584246 ,
        0.0140179 ]), array([ 0.04741401,  1.05988287,  0.27086426, -0.00338905,  0.4707734 ,
        0.01419718]), array([ 0.0489294 ,  1.09532728,  0.29060048, -0.00352954,  0.4829519 ,
        0.01434601]), array([ 0.05016199,  1.13080869,  0.31062849, -0.00353274,  0.49503737,
        0.0144808 ]), array([ 0.05114354,  1.166444  ,  0.33098134, -0.0034271 ,  0.50709037,
        0.01460994]), array([ 0.05190589,  1.20234113,  0.35169118, -0.0032356 ,  0.51915833,
        0.01473756]), array([ 0.05247998,  1.23859897,  0.37278842, -0.00297675,  0.53127824,
        0.01486561]), array([ 0.05289517,  1.27530753,  0.39430128, -0.00266546,  0.54347895,
        0.01499486]), array([ 0.05317893,  1.31254827,  0.41625542, -0.0023137 ,  0.5557828 ,
        0.01512561]), array([ 0.05335669,  1.35039433,  0.43867377, -0.00193106,  0.56820694,
        0.01525786]), array([ 0.0534518 ,  1.38891086,  0.46157642, -0.00152519,  0.58076434,
        0.01539158]), array([ 5.34856665e-02,  1.42815515e+00,  4.84980410e-01, -1.10221082e-03,
        5.93464442e-01,  1.55266869e-02]), array([ 5.34777866e-02,  1.46817690e+00,  5.08899720e-01, -6.67029085e-04,
        6.06313746e-01,  1.56631344e-02]), array([ 5.34459282e-02,  1.50901824e+00,  5.33345087e-01, -2.23565605e-04,
        6.19316161e-01,  1.58009006e-02]), array([5.34062344e-02, 1.55071387e+00, 5.58323937e-01, 2.25024325e-04,
       6.32473286e-01, 1.59399891e-02]), array([5.33733489e-02, 1.59329109e+00, 5.83840277e-01, 6.76190390e-04,
       6.45784604e-01, 1.60804233e-02]), array([5.33605263e-02, 1.63676983e+00, 6.09894610e-01, 1.12785647e-03,
       6.59247618e-01, 1.62222393e-02]), array([5.33797305e-02, 1.68116273e+00, 6.36483855e-01, 1.57831677e-03,
       6.72857957e-01, 1.63654784e-02]), array([ 0.23733343,  1.85055498,  0.75009771, -0.03548005,  0.75457143,
        0.01651018]), array([ 0.24236936,  1.90247256,  0.78056902, -0.0323529 ,  0.76381161,
        0.01600247]), array([ 0.24732778,  1.95498259,  0.81122475, -0.0298631 ,  0.77453212,
        0.01586915]), array([ 0.25222145,  2.00808975,  0.84211275, -0.02786925,  0.78636343,
        0.01592576]), array([ 0.25705832,  2.06178357,  0.87325635, -0.02626301,  0.79902404,
        0.01607461]), array([ 0.2618426 ,  2.11604058,  0.90465992, -0.02496037,  0.81229797,
        0.01626476]), array([ 0.26657563,  2.17082605,  0.93631314, -0.02389565,  0.82601791,
        0.01647034]), array([ 0.27125649,  2.22609531,  0.96819414, -0.0230172 ,  0.84005264,
        0.01667873]), array([ 0.27588251,  2.28179491,  1.00027197, -0.02228424,  0.85429769,
        0.01688423]), array([ 0.28044966,  2.33786351,  1.03250833, -0.02166453,  0.86866833,
        0.01708468]), array([ 0.28495288,  2.39423271,  1.06485909, -0.02113256,  0.88309445,
        0.01727962]), array([ 0.2893863 ,  2.45082774,  1.09727528, -0.02066813,  0.89751671,
        0.01746934]), array([ 0.29374347,  2.50756812,  1.12970405, -0.02025527,  0.91188376,
        0.01765441]), array([ 0.29801753,  2.56436827,  1.16208935, -0.01988139,  0.92615012,
        0.01783542]), array([ 0.30220133,  2.62113806,  1.19437254, -0.01953659,  0.9402747 ,
        0.0180129 ]), array([ 0.30628758,  2.67778342,  1.22649287, -0.01921311,  0.95421971,
        0.01818727]), array([ 0.31026893,  2.73420682,  1.25838798, -0.01890493,  0.96794987,
        0.01835878]), array([ 0.31413806,  2.79030789,  1.28999431, -0.01860738,  0.98143187,
        0.01852762]), array([ 0.31788775,  2.84598391,  1.32124742, -0.01831691,  0.99463399,
        0.01869382]), array([ 0.32151097,  2.90113037,  1.35208243, -0.01803086,  1.00752586,
        0.01885734]), array([ 0.27292473,  3.00831884,  1.41913481, -0.00567007,  1.04278794,
        0.01901808]), array([ 0.27620232,  3.06291257,  1.44897456, -0.00647672,  1.0528333 ,
        0.01959549]), array([ 0.27936933,  3.11648995,  1.47807788, -0.00704579,  1.06298254,
        0.0199466 ]), array([ 0.28241863,  3.16896037,  1.50640913, -0.00743566,  1.07307751,
        0.02017901]), array([ 0.28534378,  3.2202306 ,  1.53392574, -0.00768932,  1.08299537,
        0.02034975]), array([ 0.28813894,  3.27020621,  1.56058071, -0.007839  ,  1.09263984,
        0.02048861]), array([ 0.29079887,  3.31879276,  1.58632458, -0.00790926,  1.10193462,
        0.02061074]), array([ 0.29331888,  3.36589676,  1.61110689, -0.00791898,  1.1108187 ,
        0.02072357]), array([ 0.29569483,  3.41142655,  1.63487735, -0.00788288,  1.11924283,
        0.02083042]), array([ 0.29792312,  3.45529305,  1.65758674, -0.00781251,  1.12716693,
        0.02093252]), array([ 0.30000067,  3.49741038,  1.67918761, -0.007717  ,  1.13455822,
        0.02103007]), array([ 0.30192492,  3.53769649,  1.69963485, -0.00760363,  1.1413898 ,
        0.02112278]), array([ 0.3036938 ,  3.57607361,  1.71888617, -0.00747826,  1.14763964,
        0.02121015]), array([ 0.30530577,  3.61246871,  1.73690243, -0.0073456 ,  1.15328984,
        0.02129162]), array([ 0.30675975,  3.64681392,  1.75364794, -0.00720951,  1.15832604,
        0.02136666]), array([ 0.30805515,  3.67904683,  1.7690907 , -0.00707316,  1.16273703,
        0.0214348 ]), array([ 0.30919186,  3.70911081,  1.78320258, -0.00693916,  1.16651446,
        0.02149558]), array([ 0.31017021,  3.73695528,  1.79595947, -0.00680969,  1.16965258,
        0.02154866]), array([ 0.31099099,  3.76253588,  1.80734137, -0.00668657,  1.17214808,
        0.02159373]), array([ 0.31165539,  3.78581466,  1.81733248, -0.00657136,  1.17399993,
        0.02163054]), array([ 0.31216505,  3.80676021,  1.82592123, -0.00646534,  1.17520929,
        0.0216589 ]), array([ 0.31252197,  3.82534777,  1.83310032, -0.00636965,  1.1757794 ,
        0.02167867]), array([ 0.31272855,  3.84155923,  1.83886669, -0.00628521,  1.17571548,
        0.02168975]), array([ 0.31278753,  3.8553832 ,  1.8432215 , -0.00621284,  1.17502468,
        0.02169209]), array([ 0.312702  ,  3.86681497,  1.84617008, -0.0061532 ,  1.17371594,
        0.02168568]), array([ 0.31247535,  3.87585645,  1.84772184, -0.00610686,  1.17179998,
        0.02167056]), array([ 0.31211128,  3.8825161 ,  1.84789022, -0.0060743 ,  1.16928916,
        0.02164679]), array([ 0.31161375,  3.88680883,  1.84669253, -0.00605588,  1.16619745,
        0.02161449]), array([ 0.31098696,  3.88875582,  1.84414983, -0.0060519 ,  1.1625403 ,
        0.02157379]), array([ 0.31023536,  3.88838436,  1.84028683, -0.00606257,  1.15833455,
        0.02152487]), array([ 0.30936357,  3.88572767,  1.8351317 , -0.00608802,  1.15359836,
        0.02146792]), array([ 0.3083764 ,  3.88082468,  1.82871588, -0.00612832,  1.14835114,
        0.02140318]), array([ 0.30727884,  3.87371975,  1.82107395, -0.00618346,  1.14261336,
        0.02133091]), array([ 0.30607596,  3.86446244,  1.8122434 , -0.00625337,  1.13640655,
        0.02125139]), array([ 0.30477299,  3.85310725,  1.80226443, -0.00633793,  1.12975314,
        0.02116493]), array([ 0.30337522,  3.83971325,  1.79117978, -0.00643694,  1.12267638,
        0.02107186]), array([ 0.30188801,  3.82434386,  1.77903446, -0.00655016,  1.11520021,
        0.02097252]), array([ 0.30031678,  3.80706647,  1.76587557, -0.00667728,  1.10734918,
        0.02086727]), array([ 0.29866697,  3.78795213,  1.75175207, -0.00681794,  1.09914834,
        0.0207565 ]), array([ 0.29694402,  3.76707521,  1.73671453, -0.00697175,  1.09062314,
        0.02064059]), array([ 0.29515337,  3.74451305,  1.72081494, -0.00713826,  1.0817993 ,
        0.02051995]), array([ 0.29330044,  3.72034565,  1.70410647, -0.00731696,  1.07270277,
        0.02039498]), array([ 0.29139058,  3.69465529,  1.68664324, -0.00750733,  1.06335956,
        0.0202661 ]), array([ 0.28942913,  3.66752618,  1.6684801 , -0.00770881,  1.05379568,
        0.02013373]), array([ 0.28742131,  3.63904414,  1.64967243, -0.00792078,  1.04403707,
        0.01999829]), array([ 0.28537229,  3.60929627,  1.63027589, -0.00814262,  1.03410947,
        0.0198602 ]), array([ 0.28328713,  3.57837058,  1.61034625, -0.00837368,  1.02403837,
        0.01971989]), array([ 0.28117079,  3.5463557 ,  1.5899392 , -0.00861326,  1.01384889,
        0.01957778]), array([ 0.27902811,  3.51334056,  1.56911009, -0.00886067,  1.00356575,
        0.01943427]), array([ 0.27686381,  3.47941407,  1.54791383, -0.00911521,  0.99321317,
        0.01928977]), array([ 0.27468248,  3.44466483,  1.52640465, -0.00937613,  0.98281482,
        0.01914469]), array([ 0.27248855,  3.40918086,  1.504636  , -0.00964271,  0.97239374,
        0.0189994 ]), array([ 0.27028633,  3.37304933,  1.4826603 , -0.00991421,  0.96197229,
        0.01885429]), array([ 0.26807998,  3.33635628,  1.46052891, -0.01018989,  0.95157212,
        0.01870973]), array([ 0.26587348,  3.29918643,  1.4382919 , -0.010469  ,  0.94121411,
        0.01856607]), array([ 0.26367068,  3.26162292,  1.41599798, -0.01075081,  0.93091832,
        0.01842364]), array([ 0.26147526,  3.2237471 ,  1.39369437, -0.0110346 ,  0.92070398,
        0.01828278]), array([ 0.25929073,  3.18563835,  1.3714267 , -0.01131965,  0.91058942,
        0.01814379]), array([ 0.25712044,  3.14737393,  1.34923894, -0.01160525,  0.90059209,
        0.01800696]), array([ 0.25496759,  3.10902877,  1.32717328, -0.01189072,  0.89072853,
        0.01787258]), array([ 0.2528352 ,  3.07067537,  1.30527011, -0.0121754 ,  0.88101434,
        0.0177409 ]), array([ 0.25072612,  3.03238364,  1.28356793, -0.01245863,  0.87146417,
        0.01761217]), array([ 0.24864305,  2.99422084,  1.26210332, -0.01273979,  0.86209173,
        0.0174866 ]), array([ 0.24658854,  2.95625142,  1.24091092, -0.01301827,  0.85290978,
        0.01736442]), array([ 0.24456494,  2.91853701,  1.22002336, -0.01329351,  0.84393013,
        0.01724581]), array([ 0.2425745 ,  2.88113631,  1.19947129, -0.01356496,  0.83516366,
        0.01713094]), array([ 0.24061925,  2.84410506,  1.17928333, -0.01383209,  0.82662032,
        0.01701997]), array([ 0.23870113,  2.80749601,  1.15948614, -0.01409442,  0.81830913,
        0.01691304]), array([ 0.23682188,  2.77135887,  1.14010434, -0.01435148,  0.81023823,
        0.01681028]), array([ 0.23498313,  2.73574035,  1.12116061, -0.01460286,  0.80241485,
        0.01671178]), array([ 0.23318636,  2.70068413,  1.10267565, -0.01484814,  0.79484539,
        0.01661764]), array([ 0.23143289,  2.66623088,  1.08466827, -0.01508698,  0.78753539,
        0.01652794]), array([ 0.22972395,  2.63241831,  1.06715538, -0.01531902,  0.78048961,
        0.01644274]), array([ 0.2280606 ,  2.59928116,  1.05015204, -0.01554398,  0.77371199,
        0.01636207]), array([ 0.22644378,  2.56685129,  1.03367156, -0.01576158,  0.76720573,
        0.01628599]), array([ 0.22487434,  2.53515772,  1.01772547, -0.01597157,  0.76097332,
        0.01621449]), array([ 0.22335298,  2.50422668,  1.00232364, -0.01617376,  0.75501654,
        0.0161476 ]), array([ 0.22188031,  2.47408167,  0.9874743 , -0.01636795,  0.7493365 ,
        0.01608531]), array([ 0.22045681,  2.44474359,  0.97318412, -0.01655401,  0.7439337 ,
        0.01602759]), array([ 0.21908287,  2.41623075,  0.9594583 , -0.01673179,  0.73880803,
        0.01597444]), array([ 60.,  60.,  30., -10.,  10.,  10.]), array([ 49.43901131, -60.        ,   7.43458351, -10.        ,
        10.        , -10.        ]), array([18.17857638, 60.        , 18.51787076, 10.        , 10.        ,
       10.        ]), array([  9.62764395, -60.        , -13.31192828,  10.        ,
        -5.73630546, -10.        ]), array([  3.59065852, -60.        ,  13.97934662, -10.        ,
         6.38869025, -10.        ]), array([ 2.9856154 , 60.        , 13.93491599, 10.        ,  6.40343249,
       10.        ]), array([  2.28741667, -60.        ,  -8.4292264 ,  10.        ,
        -3.29394402, -10.        ]), array([  0.788961  ,  60.        ,  14.48805267, -10.        ,
         6.50221355,  10.        ]), array([  4.27619299,  60.        ,  -4.46939337, -10.        ,
        -2.16535898,  10.        ]), array([  3.79100418, -60.        ,  -7.45978803,  10.        ,
        -1.02211916, -10.        ]), array([  2.6869044 , -60.        ,   7.31531989, -10.        ,
         1.53378166,  10.        ]), array([  5.74479788,  60.        ,  14.87461549, -10.        ,
         6.75491347, -10.        ]), array([ 1.63265627, 60.        , -2.35654201, 10.        , -0.9526807 ,
       10.        ]), array([  5.68956455, -60.        ,  -5.85739773, -10.        ,
        -0.41892222, -10.        ]), array([  3.30320256,  60.        ,  13.06108712,  10.        ,
         3.74154678, -10.        ]), array([-1.04436999, 60.        , -0.62282985, 10.        , -0.54574741,
       10.        ]), array([  4.72532664, -60.        ,  -2.4667168 , -10.        ,
         0.23182818,  10.        ]), array([  5.04352865, -60.        ,   8.17530601,  10.        ,
         1.89495179, -10.        ]), array([  3.60662906, -60.        ,  11.8340458 , -10.        ,
         4.70524628,  10.        ]), array([ 6.68331801, 48.        , 13.31240493, -8.        ,  5.95354531,
        8.        ]), array([12.        , 12.        , -1.07929504, -2.        ,  0.82260121,
        2.        ]), array([ 36.84906171, -60.        ,   0.09378264,  10.        ,
         2.74438976, -10.        ]), array([  5.38201267, -48.        ,   5.45060701,  -8.        ,
         0.60036768,  -8.        ]), array([ 0.09744904, 12.        ,  3.07662879, -2.        ,  1.40277548,
        2.        ]), array([ 4.22074003e-03,  2.40000000e+01,  1.01200381e+00, -4.00000000e+00,
        3.78978269e-01,  4.00000000e+00]), array([  2.7375935 , -60.        ,   0.64744819,  10.        ,
         0.65851186, -10.        ]), array([ -5.13610839, -24.        ,   9.43251354,   4.        ,
         4.        ,   4.        ]), array([ -2.69108738, -12.        ,   1.6926866 ,   2.        ,
         0.78548025,  -2.        ]), array([-17.68511067,  60.        ,  18.29909288,  10.        ,
         8.02247519, -10.        ]), array([-24.77616255, -48.        ,   7.43162799,   8.        ,
         3.14642969,   8.        ]), array([-0., -0.,  0., -0.,  0.,  0.]), array([-15.38858463,  60.        ,  13.275507  , -10.        ,
         7.28529625,  10.        ]), array([-13.54611674, -60.        ,   2.77425071, -10.        ,
         3.32625549, -10.        ]), array([-41.24052173,  48.        ,  24.        ,  -8.        ,
         8.        ,  -8.        ]), array([-0.,  0.,  0., -0.,  0., -0.]), array([-7.06648896, 12.        ,  4.3233325 , -2.        ,  2.        ,
       -2.        ]), array([-7.42192843e+00, -2.12403928e+01, -1.72890631e+01,  2.44546349e+00,
       -1.00000000e+01,  4.41536792e-16]), array([-4.79916243e+00, -1.52796537e+01, -1.29422345e+01,  1.51304288e+00,
       -1.00000000e+01, -4.50763109e-16]), array([-2.57009711e+00, -9.80236037e+00, -8.83770063e+00,  7.35929291e-01,
       -7.80213507e+00, -6.20018584e-17]), array([-7.33579304e-01, -5.42936956e+00, -5.52197321e+00,  9.57865702e-02,
       -5.32926100e+00,  1.36957307e-15]), array([ 7.48788745e-01, -2.14601536e+00, -3.02215248e+00, -4.24393018e-01,
       -3.45735885e+00,  8.10026161e-16]), array([ 1.93386069e+00,  3.17465730e-01, -1.14220769e+00, -8.40678675e-01,
       -2.04573824e+00,  9.61560887e-17]), array([ 2.87072599e+00,  2.16229992e+00,  2.66337941e-01, -1.16802425e+00,
       -9.86192314e-01,  3.83737836e-16]), array([ 3.60126336e+00,  3.53937013e+00,  1.31622579e+00, -1.41991715e+00,
       -1.95639118e-01,  3.85865130e-16]), array([ 4.16094068e+00,  4.56229936e+00,  2.09323322e+00, -1.60828321e+00,
        3.89631469e-01,  7.93583970e-16]), array([ 4.57966202e+00,  5.31694734e+00,  2.66272188e+00, -1.74352782e+00,
        8.18428205e-01,  8.52223593e-16]), array([ 4.88256957e+00,  5.86836597e+00,  3.07455150e+00, -1.83464508e+00,
        1.12811694e+00,  1.50564178e-15]), array([ 5.09076267e+00,  6.26593520e+00,  3.36678326e+00, -1.88935611e+00,
        1.34728760e+00,  5.23395741e-16]), array([ 5.22192354e+00,  6.54718313e+00,  3.56848150e+00, -1.91425473e+00,
        1.49780614e+00,  2.34725715e-16]), array([ 5.29085275e+00,  6.74064509e+00,  3.70183963e+00, -1.91494859e+00,
        1.59639050e+00, -1.79186395e-17]), array([ 5.30992286e+00,  6.86801506e+00,  3.78379757e+00, -1.89618995e+00,
        1.65581966e+00,  1.31693189e-15]), array([ 5.28946080e+00,  6.94577173e+00,  3.82727497e+00, -1.86199327e+00,
        1.68586005e+00,  7.64431849e-16]), array([ 5.23806930e+00,  6.98641235e+00,  3.84211303e+00, -1.81573933e+00,
        1.69397500e+00,  7.58383857e-16]), array([ 5.16289687e+00,  6.99939178e+00,  3.83579498e+00, -1.76026612e+00,
        1.68586756e+00,  1.56880322e-15]), array([ 5.06986481e+00,  6.99183917e+00,  3.81399778e+00, -1.69794757e+00,
        1.66589558e+00, -3.46801429e-17]), array([ 4.96385814e+00,  6.96910614e+00,  3.78101504e+00, -1.63076150e+00,
        1.63738885e+00,  4.74811921e-16]), array([ 4.84888663e+00,  6.93518685e+00,  3.74008157e+00, -1.56034787e+00,
        1.60289141e+00,  1.75668647e-15]), array([ 4.72822071e+00,  6.89304045e+00,  3.69362244e+00, -1.48805876e+00,
        1.56434641e+00,  9.90190920e-16]), array([ 4.60450654e+00,  6.84483878e+00,  3.64344439e+00, -1.41500114e+00,
        1.52323715e+00,  5.25799558e-16]), array([ 4.47986341e+00,  6.79215697e+00,  3.59088291e+00, -1.34207344e+00,
        1.48069472e+00,  6.52419880e-16]), array([ 4.35596659e+00,  6.73612003e+00,  3.53691521e+00, -1.26999687e+00,
        1.43757993e+00,  1.89224812e-15]), array([ 4.23411766e+00,  6.67751570e+00,  3.48224717e+00, -1.19934222e+00,
        1.39454589e+00,  9.59467861e-16]), array([ 4.11530442e+00,  6.61688126e+00,  3.42738010e+00, -1.13055282e+00,
        1.35208567e+00,  9.19196038e-16]), array([ 4.00025197e+00,  6.55457021e+00,  3.37266204e+00, -1.06396421e+00,
        1.31056865e+00,  8.88665985e-16]), array([ 3.88946622e+00,  6.49080338e+00,  3.31832714e+00, -9.99821071e-01,
        1.27026834e+00,  7.86667600e-16]), array([ 3.78327107e+00,  6.42570804e+00,  3.26452588e+00, -9.38291689e-01,
        1.23138358e+00,  4.88457376e-16]), array([ 3.68184011e+00,  6.35934764e+00,  3.21134813e+00, -8.79480463e-01,
        1.19405491e+00,  8.58746043e-16]), array([ 3.58522368e+00,  6.29174429e+00,  3.15884080e+00, -8.23438614e-01,
        1.15837709e+00,  9.65646677e-16]), array([ 3.49337194e+00,  6.22289560e+00,  3.10702127e+00, -7.70173415e-01,
        1.12440878e+00,  8.07349923e-16]), array([ 3.40615456e+00,  6.15278721e+00,  3.05588747e+00, -7.19656128e-01,
        1.09218012e+00,  6.33028159e-16]), array([ 3.32337744e+00,  6.08140181e+00,  3.00542556e+00, -6.71828840e-01,
        1.06169861e+00,  6.24841666e-16]), array([ 3.24479697e+00,  6.00872559e+00,  2.95561552e+00, -6.26610326e-01,
        1.03295376e+00,  5.48123995e-16]), array([ 3.17013209e+00,  5.93475268e+00,  2.90643538e+00, -5.83901101e-01,
        1.00592078e+00,  6.67192770e-16]), array([ 3.09907452e+00,  5.85948797e+00,  2.85786412e+00, -5.43587741e-01,
        9.80563593e-01,  1.38058183e-16]), array([ 3.03129738e+00,  5.78294873e+00,  2.80988382e+00, -5.05546586e-01,
        9.56837201e-01, -2.68057991e-16]), array([ 2.96646242e+00,  5.70516534e+00,  2.76248101e+00, -4.69646905e-01,
        9.34689686e-01,  3.41103137e-16]), array([ 2.90422612e+00,  5.62618134e+00,  2.71564755e+00, -4.35753583e-01,
        9.14063831e-01,  3.54956424e-16]), array([ 2.84424467e+00,  5.54605293e+00,  2.66938109e+00, -4.03729404e-01,
        8.94898488e-01, -2.39591938e-16]), array([ 2.78617822,  5.46484816,  2.62368517, -0.37343697,  0.87712972,
        0.        ]), array([ 2.72969419e+00,  5.38264588e+00,  2.57856917e+00, -3.44740316e-01,
        8.60691768e-01,  1.37969848e-16]), array([ 2.67447013e+00,  5.29953439e+00,  2.53404801e+00, -3.17506234e-01,
        8.45517867e-01,  2.48092949e-16]), array([ 2.62019589e+00,  5.21561022e+00,  2.49014181e+00, -2.91605383e-01,
        8.31540949e-01,  3.47963755e-16]), array([ 2.56657532e+00,  5.13097661e+00,  2.44687534e+00, -2.66913175e-01,
        8.18694229e-01, -1.65962520e-16]), array([ 2.51332767e+00,  5.04574220e+00,  2.40427754e+00, -2.43310475e-01,
        8.06911704e-01,  7.43638136e-16]), array([ 2.46018851e+00,  4.96001963e+00,  2.36238090e+00, -2.20684158e-01,
        7.96128580e-01, -2.57066156e-16]), array([ 2.40691045e+00,  4.87392419e+00,  2.32122087e+00, -1.98927510e-01,
        7.86281614e-01,  1.19225892e-16]), array([ 2.35326356e+00,  4.78757261e+00,  2.28083524e+00, -1.77940520e-01,
        7.77309414e-01, -1.41459307e-16]), array([ 2.29903560e+00,  4.70108184e+00,  2.24126357e+00, -1.57630061e-01,
        7.69152661e-01,  3.04615933e-16]), array([ 2.24403205e+00,  4.61456795e+00,  2.20254654e+00, -1.37909979e-01,
        7.61754304e-01,  5.92635454e-17]), array([ 2.18807601e+00,  4.52814517e+00,  2.16472541e+00, -1.18701104e-01,
        7.55059696e-01,  4.42933343e-16]), array([ 2.13100796e+00,  4.44192493e+00,  2.12784148e+00, -9.99311946e-02,
        7.49016695e-01,  5.39605445e-16]), array([ 2.07268542e+00,  4.35601505e+00,  2.09193553e+00, -8.15348187e-02,
        7.43575736e-01,  2.05935378e-16]), array([ 2.01298251e+00,  4.27051903e+00,  2.05704735e+00, -6.34531860e-02,
        7.38689861e-01,  4.83508361e-16]), array([ 1.95178946e+00,  4.18553540e+00,  2.02321530e+00, -4.56339379e-02,
        7.34314731e-01, -4.09570441e-17]), array([ 1.88901205e+00,  4.10115717e+00,  1.99047583e+00, -2.80309007e-02,
        7.30408609e-01,  8.86000738e-16]), array([ 1.82457095e+00,  4.01747138e+00,  1.95886314e+00, -1.06038088e-02,
        7.26932326e-01,  3.69646789e-16]), array([ 1.75840111e+00,  3.93455871e+00,  1.92840885e+00,  6.68199737e-03,
        7.23849223e-01, -8.22778312e-17]), array([0., 0., 0., 0., 0., 0.])], 'ball_pos_history': [array([-1.51565233, -7.95636295,  1.20005813]), array([-1.51099911, -7.91160418,  1.18630204]), array([-1.50634589, -7.86684541,  1.17230069]), array([-1.50169267, -7.82208664,  1.1580541 ]), array([-1.49703945, -7.77732787,  1.14356226]), array([-1.49238622, -7.7325691 ,  1.12882516]), array([-1.487733  , -7.68781033,  1.11384282]), array([-1.48307978, -7.64305156,  1.09861523]), array([-1.47842656, -7.59829279,  1.08314238]), array([-1.47377334, -7.55353402,  1.06742429]), array([-1.46912011, -7.50877524,  1.05146095]), array([-1.46446689, -7.46401647,  1.03525235]), array([-1.45981367, -7.4192577 ,  1.01879851]), array([-1.45516045, -7.37449893,  1.00209942]), array([-1.45050723, -7.32974016,  0.98515507]), array([-1.445854  , -7.28498139,  0.96796548]), array([-1.44120078, -7.24022262,  0.95053064]), array([-1.43654756, -7.19546385,  0.93285054]), array([-1.43189434, -7.15070508,  0.9149252 ]), array([-1.42724111, -7.10594631,  0.89675461]), array([-1.42258789, -7.06118754,  0.87833876]), array([-1.41793467, -7.01642877,  0.85967767]), array([-1.41328145, -6.97167   ,  0.84077133]), array([-1.40862823, -6.92691123,  0.82161973]), array([-1.403975  , -6.88215246,  0.80222289]), array([-1.39932178, -6.83739369,  0.7825808 ]), array([-1.39466856, -6.79263492,  0.76269345]), array([-1.39001534, -6.74787615,  0.74256086]), array([-1.38536212, -6.70311738,  0.72218302]), array([-1.38070889, -6.65835861,  0.70155992]), array([-1.37605567, -6.61359984,  0.68069158]), array([-1.37140245, -6.56884107,  0.65957799]), array([-1.36674923, -6.5240823 ,  0.63821914]), array([-1.36209601, -6.47932353,  0.61661505]), array([-1.35744278, -6.43456476,  0.59476571]), array([-1.35278956, -6.38980599,  0.57267111]), array([-1.34813634, -6.34504722,  0.55033127]), array([-1.34348312, -6.30028844,  0.52774618]), array([-1.3388299 , -6.25552967,  0.50491583]), array([-1.33417667, -6.2107709 ,  0.48184024]), array([-1.32952345, -6.16601213,  0.4585194 ]), array([-1.32487023, -6.12125336,  0.4349533 ]), array([-1.32021701, -6.07649459,  0.41114196]), array([-1.31556379, -6.03173582,  0.38708537]), array([-1.31091056, -5.98697705,  0.36278352]), array([-1.30625734, -5.94221828,  0.33823643]), array([-1.30160412, -5.89745951,  0.31344409]), array([-1.2969509 , -5.85270074,  0.28840649]), array([-1.29229768, -5.80794197,  0.26312365]), array([-1.28764445, -5.7631832 ,  0.23759556]), array([-1.28299123, -5.71842443,  0.21182221]), array([-1.27833801, -5.67366566,  0.18580362]), array([-1.27368479, -5.62890689,  0.15953978]), array([-1.26903157, -5.58414812,  0.13303068]), array([-1.26437834, -5.53938935,  0.10627634]), array([-1.25972512, -5.49463058,  0.07927675]), array([-1.2550719 , -5.44987181,  0.0520319 ]), array([-1.25041868, -5.40511304,  0.033     ]), array([-1.24599812, -5.36259221,  0.05337232]), array([-1.24157756, -5.32007137,  0.07349939]), array([-1.23715699, -5.27755054,  0.09338121]), array([-1.23273643, -5.23502971,  0.11301778]), array([-1.22831587, -5.19250888,  0.1324091 ]), array([-1.22389531, -5.14998805,  0.15155517]), array([-1.21947475, -5.10746721,  0.17045599]), array([-1.21505419, -5.06494638,  0.18911156]), array([-1.21063363, -5.02242555,  0.20752188]), array([-1.20621307, -4.97990472,  0.22568695]), array([-1.20179251, -4.93738389,  0.24360677]), array([-1.19737195, -4.89486306,  0.26128134]), array([-1.19295139, -4.85234222,  0.27871066]), array([-1.18853082, -4.80982139,  0.29589473]), array([-1.18411026, -4.76730056,  0.31283355]), array([-1.1796897 , -4.72477973,  0.32952712]), array([-1.17526914, -4.6822589 ,  0.34597544]), array([-1.17084858, -4.63973806,  0.36217851]), array([-1.16642802, -4.59721723,  0.37813633]), array([-1.16200746, -4.5546964 ,  0.3938489 ]), array([-1.1575869 , -4.51217557,  0.40931622]), array([-1.15316634, -4.46965474,  0.42453829]), array([-1.14874578, -4.42713391,  0.43951511]), array([-1.14432522, -4.38461307,  0.45424668]), array([-1.13990465, -4.34209224,  0.468733  ]), array([-1.13548409, -4.29957141,  0.48297407]), array([-1.13106353, -4.25705058,  0.49696989]), array([-1.12664297, -4.21452975,  0.51072046]), array([-1.12222241, -4.17200891,  0.52422578]), array([-1.11780185, -4.12948808,  0.53748585]), array([-1.11338129, -4.08696725,  0.55050067]), array([-1.10896073, -4.04444642,  0.56327024]), array([-1.10454017, -4.00192559,  0.57579456]), array([-1.10011961, -3.95940475,  0.58807363]), array([-1.09569904, -3.91688392,  0.60010745]), array([-1.09127848, -3.87436309,  0.61189602]), array([-1.08685792, -3.83184226,  0.62343934]), array([-1.08243736, -3.78932143,  0.63473741]), array([-1.0780168 , -3.7468006 ,  0.64579023]), array([-1.07359624, -3.70427976,  0.6565978 ]), array([-1.06917568, -3.66175893,  0.66716012]), array([-1.06475512, -3.6192381 ,  0.67747719]), array([-1.06033456, -3.57671727,  0.68754901]), array([-1.055914  , -3.53419644,  0.69737558]), array([-1.05149344, -3.4916756 ,  0.7069569 ]), array([-1.04707287, -3.44915477,  0.71629297]), array([-1.04265231, -3.40663394,  0.72538379]), array([-1.03823175, -3.36411311,  0.73422936]), array([-1.03381119, -3.32159228,  0.74282968]), array([-1.02939063, -3.27907145,  0.75118475]), array([-1.02497007, -3.23655061,  0.75929457]), array([-1.02054951, -3.19402978,  0.76715914]), array([-1.01612895, -3.15150895,  0.77477846]), array([-1.01170839, -3.10898812,  0.78215253]), array([-1.00728783, -3.06646729,  0.78928135]), array([-1.00286727, -3.02394645,  0.79616492]), array([-0.9984467 , -2.98142562,  0.80280324]), array([-0.99402614, -2.93890479,  0.80919631]), array([-0.98960558, -2.89638396,  0.81534413]), array([-0.98518502, -2.85386313,  0.8212467 ]), array([-0.98076446, -2.81134229,  0.82690402]), array([-0.9763439 , -2.76882146,  0.83231609]), array([-0.97192334, -2.72630063,  0.83748291]), array([-0.96750278, -2.6837798 ,  0.84240448]), array([-0.96308222, -2.64125897,  0.8470808 ]), array([-0.95866166, -2.59873814,  0.85151187]), array([-0.9542411 , -2.5562173 ,  0.85569769]), array([-0.94982053, -2.51369647,  0.85963826]), array([-0.94539997, -2.47117564,  0.86333358]), array([-0.94097941, -2.42865481,  0.86678365]), array([-0.93655885, -2.38613398,  0.86998847]), array([-0.93213829, -2.34361314,  0.87294804]), array([-0.92771773, -2.30109231,  0.87566236]), array([-0.92329717, -2.25857148,  0.87813143]), array([-0.91887661, -2.21605065,  0.88035525]), array([-0.91445605, -2.17352982,  0.88233382]), array([-0.91003549, -2.13100899,  0.88406714]), array([-0.90561492, -2.08848815,  0.88555521]), array([-0.90119436, -2.04596732,  0.88679803]), array([-0.8967738 , -2.00344649,  0.8877956 ]), array([-0.89235324, -1.96092566,  0.88854792]), array([-0.88793268, -1.91840483,  0.88905499]), array([-0.88351212, -1.87588399,  0.88931681]), array([-0.87909156, -1.83336316,  0.88933338]), array([-0.874671  , -1.79084233,  0.8891047 ]), array([-0.87025044, -1.7483215 ,  0.88863077]), array([-0.86582988, -1.70580067,  0.88791159]), array([-0.86140932, -1.66327983,  0.88694716]), array([-0.85698875, -1.620759  ,  0.88573748]), array([-0.85256819, -1.57823817,  0.88428255]), array([-0.84814763, -1.53571734,  0.88258237]), array([-0.84372707, -1.49319651,  0.88063694]), array([-0.83930651, -1.45067568,  0.87844626]), array([-0.83488595, -1.40815484,  0.87601033]), array([-0.83046539, -1.36563401,  0.87332915]), array([-0.82604483, -1.32311318,  0.87040272]), array([-0.82162427, -1.28059235,  0.86723104]), array([-0.81720371, -1.23807152,  0.86381411]), array([-0.81278315, -1.19555068,  0.86015193]), array([-0.80836258, -1.15302985,  0.8562445 ]), array([-0.80394202, -1.11050902,  0.85209182]), array([-0.79952146, -1.06798819,  0.84769389]), array([-0.7951009 , -1.02546736,  0.84305071]), array([-0.79068034, -0.98294653,  0.83816228]), array([-0.78625978, -0.94042569,  0.8330286 ]), array([-0.78183922, -0.89790486,  0.82764967]), array([-0.77741866, -0.85538403,  0.82202549]), array([-0.7729981 , -0.8128632 ,  0.81615606]), array([-0.76857754, -0.77034237,  0.81004138]), array([-0.76415697, -0.72782153,  0.80368145]), array([-0.75973641, -0.6853007 ,  0.79707627]), array([-0.75531585, -0.64277987,  0.79022584]), array([-0.75089529, -0.60025904,  0.78313016]), array([-0.74647473, -0.55773821,  0.77578923]), array([-0.74205417, -0.51521738,  0.76820305]), array([-0.73771419, -0.47284571,  0.76036416]), array([-0.7146986 , -0.46476099,  0.73565348]), array([-0.69079873, -0.45985879,  0.7086009 ]), array([-0.66659068, -0.45568314,  0.68065473]), array([-0.64238263, -0.45150749,  0.6524633 ]), array([-0.61817458, -0.44733184,  0.62402662]), array([-0.59396653, -0.44315619,  0.59534469]), array([-0.56975848, -0.43898054,  0.56641751]), array([-0.54555044, -0.43480488,  0.53724508]), array([-0.52134239, -0.43062923,  0.50782741]), array([-0.49713434, -0.42645358,  0.47816448]), array([-0.47292629, -0.42227793,  0.4482563 ]), array([-0.44871824, -0.41810228,  0.41810287]), array([-0.42451019, -0.41392663,  0.38770419]), array([-0.40030214, -0.40975098,  0.35706026]), array([-0.37609409, -0.40557533,  0.32617108]), array([-0.35188604, -0.40139968,  0.29503666]), array([-0.32767799, -0.39722403,  0.26365698]), array([-0.30346994, -0.39304838,  0.23203205]), array([-0.27926189, -0.38887273,  0.20016187]), array([-0.25505385, -0.38469708,  0.16804644]), array([-0.2308458 , -0.38052143,  0.13568576]), array([-0.20663775, -0.37634578,  0.10307984]), array([-0.1824297 , -0.37217013,  0.07022866]), array([-0.15822165, -0.36799448,  0.03713223]), array([-0.1340136 , -0.36381883,  0.033     ]), array([-0.11101595, -0.35985196,  0.05776101]), array([-0.08801831, -0.35588509,  0.08227677]), array([-0.06502066, -0.35191822,  0.10654728]), array([-0.04202301, -0.34795135,  0.13057254]), array([-0.01902537, -0.34398449,  0.15435254]), array([ 0.00397228, -0.34001762,  0.1778873 ]), array([ 0.02696993, -0.33605075,  0.20117681]), array([ 0.04996757, -0.33208388,  0.22422107]), array([ 0.07296522, -0.32811701,  0.24702008]), array([ 0.09596287, -0.32415015,  0.26957384]), array([ 0.11896051, -0.32018328,  0.29188235]), array([ 0.14195816, -0.31621641,  0.31394561]), array([ 0.16495581, -0.31224954,  0.33576361]), array([ 0.18795345, -0.30828268,  0.35733637]), array([ 0.2109511 , -0.30431581,  0.37866388]), array([ 0.23394875, -0.30034894,  0.39974614]), array([ 0.25694639, -0.29638207,  0.42058315]), array([ 0.27994404, -0.2924152 ,  0.44117491]), array([ 0.30294169, -0.28844834,  0.46152142]), array([ 0.32593933, -0.28448147,  0.48162268]), array([ 0.34893698, -0.2805146 ,  0.50147869]), array([ 0.37193463, -0.27654773,  0.52108944]), array([ 0.39493227, -0.27258086,  0.54045495]), array([ 0.41792992, -0.268614  ,  0.55957521]), array([ 0.44092757, -0.26464713,  0.57845022]), array([ 0.46392521, -0.26068026,  0.59707998]), array([ 0.48692286, -0.25671339,  0.61546449]), array([ 0.50992051, -0.25274652,  0.63360375]), array([ 0.53291815, -0.24877966,  0.65149776]), array([ 0.5559158 , -0.24481279,  0.66914652]), array([ 0.57891345, -0.24084592,  0.68655002]), array([ 0.60191109, -0.23687905,  0.70370828]), array([ 0.62490874, -0.23291218,  0.72062129]), array([ 0.64790639, -0.22894532,  0.73728905]), array([ 0.67090403, -0.22497845,  0.75371156]), array([ 0.69390168, -0.22101158,  0.76988882]), array([ 0.71689933, -0.21704471,  0.78582083]), array([ 0.73989697, -0.21307784,  0.80150759]), array([ 0.76289462, -0.20911098,  0.81694909]), array([ 0.78589227, -0.20514411,  0.83214535])], 'distances_history': [7.7147107551149325, 7.6690090779312445, 7.623346689999646, 7.577722692039566, 7.532136535377781, 7.48658794569807, 7.44107686819744, 7.3956034279816185, 7.350167901436211, 7.304770695592378, 7.259412333378287, 7.214093443242296, 7.168814752042205, 7.12357708038199, 7.0783813397865325, 7.033228531261196, 6.988119744901388, 6.943056160306287, 6.898039047617343, 6.853069769051424, 6.808149780834685, 6.763283189719855, 6.718471609108234, 6.673716790039272, 6.629020616833821, 6.584385104385913, 6.539812396730374, 6.4953047666433665, 6.450864616105649, 6.406494477500846, 6.3621970154481735, 6.317975029188415, 6.273831455456907, 6.229769371789584, 6.185792000218388, 6.141902711320881, 6.0981050285959775, 6.054402633143435, 6.0107993686293675, 5.967299246523694, 5.923906451598261, 5.880616624895423, 5.837434581841566, 5.794365265709571, 5.751413772734591, 5.7085853725230535, 5.665885525223272, 5.623319896431723, 5.58089437049789, 5.538615062689259, 5.496488330543787, 5.454520784645205, 5.412719298991697, 5.371091021081806, 5.3296433818069, 5.2883841052135345, 5.247321218179027, 5.2054538341425145, 5.161221618005811, 5.117067073773469, 5.072988222102572, 5.028984637159502, 4.985054243615022, 4.941194971472225, 4.89740475678808, 4.85368154340154, 4.810023285211185, 4.766427948737177, 4.722893515809424, 4.679417986284456, 4.635999380728311, 4.592635743023191, 4.54932514286812, 4.506065678151825, 4.46285547718144, 4.4196927007545295, 4.376575544064981, 4.333502238435754, 4.290471052873598, 4.24748029544271, 4.204528314456004, 4.161613499484139, 4.1187342821838815, 4.075889136948632, 4.0330765813850755, 3.9902951766209847, 3.9475435274500943, 3.904820282320807, 3.8621241331762133, 3.819453815153487, 3.7768081061512735, 3.7341858262740715, 3.6915858371629806, 3.649007041222394, 3.6064483807524192, 3.5639088369968768, 3.521387429116785, 3.4788832130991776, 3.436395280611046, 3.393922757808047, 3.3514648041074464, 3.3090206109345948, 3.266589400451951, 3.224170424279481, 3.181762962214957, 3.1393663209624343, 3.096979832876932, 3.054602854733077, 3.0122347665252356, 2.9698749703064657, 2.9275228890734137, 2.8851779657041483, 2.8428396619558347, 2.8005074575291, 2.7581808492059494, 2.715859350068217, 2.6735424888036743, 2.6312298091072264, 2.588920869184989, 2.5466152413695546, 2.5043125118554257, 2.462012280564396, 2.4197141611516972, 2.3774177811649624, 2.33512278236957, 2.2928288212557315, 2.2505355697448723, 2.2082427161154365, 2.1659499661713677, 2.123657044680176, 2.081363697111973, 2.0390696917160747, 1.9967748219781372, 1.9544789095083324, 1.9121818074201933, 1.869883404270749, 1.827583628645849, 1.785282454490718, 1.7429799073054622, 1.7006760713492983, 1.6583710980268729, 1.6131375605973919, 1.5657435024381248, 1.5177428947714884, 1.47059137236147, 1.4227387894110257, 1.3749125591965266, 1.328078974349411, 1.280228861390238, 1.2317557958451648, 1.184171529062836, 1.135987872391997, 1.0868015309858388, 1.038128967417752, 0.9891762788847953, 0.940548719747956, 0.8924447513148512, 0.84384885346702, 0.7959744374701232, 0.7473717249691938, 0.6977259165221847, 0.6478015503092175, 0.5980003231706419, 0.5480800473917408, 0.4982496125098188, 0.4484311427008659, 0.4000383402134463, 0.3524959229046659, 0.30605421594537746, 0.26076747346119905, 0.21810460252097055, 0.17795750935950344, 0.14092490375215502, 0.11345579830229596, 0.09930645064122717, 0.10513909241283033, 0.12839378168406804, 0.15989719832934585, 0.19443308223295402, 0.23004758964005384, 0.2661083177591314, 0.3024207243865801, 0.33895059268761324, 0.37571924029498194, 0.41276271595025843, 0.45011609809469966, 0.4878080517223811, 0.5258596229857863, 0.5642847203353717, 0.6030911771212962, 0.6422819203684158, 0.6818560522998478, 0.7218097783347005, 0.7621371715552981, 0.802830786916721, 0.8438821464144823, 0.8852821174324487, 0.9270212045894425, 0.9441531024089127, 0.936924373354811, 0.9311211000183557, 0.926747478155222, 0.9238015844747449, 0.9222753224237996, 0.9221544844632868, 0.9234189358399416, 0.9260429168814405, 0.9299954536260681, 0.9352408606511479, 0.9417393156670509, 0.9494474829907306, 0.958319162398321, 0.9683059408917254, 0.9793578272741522, 0.9914238527124601, 1.004452624252166, 1.018392822161445, 1.0331936357009757, 1.0488051352220487, 1.065178581250482, 1.082266673362616, 1.1000237432093882, 1.1184058970471837, 1.137371113668459, 1.15687930378133, 1.1768923367561293, 1.1973740403217754, 1.2182901783276883, 1.2396084111464494, 1.2612982427239874, 1.2833309577208118, 1.3056795516528137, 1.3283186564475689, 1.3512244633899952, 1.374374645042445, 1.3977482773885557, 1.4213257631646714, 1.4450887571033315], 'normal_align_history': [0.5580031345176875, 0.5579953255379548, 0.5579837729559848, 0.5579707836879415, 0.5579576712252641, 0.5579451910425948, 0.5579337898785663, 0.5579237490794852, 0.5579152671239097, 0.5579085069171732, 0.5579036224971499, 0.5579007736055127, 0.5579001330528576, 0.5579018897813125, 0.5579062493565465, 0.5579134329363336, 0.5579236753571013, 0.557937222735294, 0.5579543298302146, 0.5579752573212416, 0.5580002690930643, 0.5580316699446767, 0.5580696632729847, 0.5581144178727107, 0.5581661030436118, 0.5582249022024548, 0.5582910156557488, 0.5583646582112677, 0.5584460546068434, 0.5585354342771965, 0.5586330261986366, 0.5587390541391184, 0.5588537324288889, 0.558977262262565, 0.5591098284965557, 0.5592515968887065, 0.5594027117249304, 0.5595632937823865, 0.5597334385862366, 0.5599132149249226, 0.5601026635963725, 0.5602942349746389, 0.5604880892595908, 0.5606845040501817, 0.5608837494995145, 0.5610860320780562, 0.5612914736327405, 0.5615001079718008, 0.5617118856136173, 0.5619266818653956, 0.5621443058174457, 0.5623645091172688, 0.5625869940504455, 0.5628114207882663, 0.5630374138200909, 0.5632645676553262, 0.5634924519005912, 0.5637206158160392, 0.5639485924434847, 0.5641759023843232, 0.5644020572904377, 0.5646284461751775, 0.5648545684601304, 0.5650798132161585, 0.5653035360124417, 0.5655250965120482, 0.5657438758253988, 0.5659592837119799, 0.5661707609187033, 0.5663777793729017, 0.5665798415833978, 0.5667764798876185, 0.5669672558147396, 0.5671517596513801, 0.5673296102097437, 0.5675004547613315, 0.5676639690875505, 0.567819857598581, 0.5679678534770618, 0.5681077188100863, 0.5682392446800624, 0.5683622511915368, 0.5684765874167879, 0.5685821312478659, 0.5686787891468846, 0.5687664957897884, 0.5688452136016813, 0.5689149321841608, 0.5689756676370805, 0.5690274617787517, 0.5690703812699405, 0.5691045166480699, 0.5691299812789061, 0.5691469102336579, 0.5691554590999403, 0.5691558027353827, 0.5691481339728994, 0.5691326622867393, 0.5691096124284243, 0.5690792230415941, 0.5690417452645908, 0.5689974413293548, 0.5689465831648818, 0.568889451013104, 0.5688263320646242, 0.568757519121259, 0.568683309291824, 0.5686040027270638, 0.5685199013990708, 0.5684313079299474, 0.5683385244738942, 0.5682418516563301, 0.5681415875730432, 0.5680380268518306, 0.5679314597785046, 0.5678221714886061, 0.5677104412256634, 0.5675965416663161, 0.5674807383121752, 0.5673632889478565, 0.567244443164204, 0.5671244419453741, 0.5670035173180966, 0.5668818920611385, 0.5667597794727357, 0.5666373831935188, 0.566514897082271, 0.5663925051416995, 0.566270381491265, 0.5661486903840269, 0.5660275862643841, 0.5659072138635761, 0.5657877083297551, 0.5656691953895077, 0.5655517915376893, 0.5654356042525172, 0.5653207322329324, 0.565207265655332, 0.5650952864468662, 0.564984868572633, 0.5648760783341846, 0.570746594613766, 0.5669177268909228, 0.573627645715135, 0.5750813523527113, 0.5663054051847116, 0.5680726744905005, 0.5646060491835537, 0.5665612233352726, 0.5737897466175588, 0.5755838199241942, 0.5832721438582924, 0.5800965690917415, 0.5870085879932323, 0.5838765859918887, 0.5749791539117638, 0.5763072499191889, 0.5836492839830599, 0.5857150964495568, 0.5937741005117559, 0.6057075289961975, 0.6182639991473791, 0.626298881495667, 0.6266642985231979, 0.6280137385214516, 0.6311616741571571, 0.6296113824604286, 0.6321732579237089, 0.6336680236749181, 0.6295660125472406, 0.6330861933000703, 0.6364617939834902, 0.6443014924817048, 0.6429170659941283, 0.6325957998635161, 0.623253794042736, 0.6123814214663243, 0.6017178004926029, 0.5909906157914611, 0.5801431169321415, 0.5691979354150134, 0.558177481303993, 0.5471012246657221, 0.535984999303473, 0.5248412564237561, 0.5136796886897318, 0.5025079274850587, 0.49133217446915395, 0.4801577143425919, 0.46898929993987526, 0.45783142153249734, 0.44668848022145075, 0.4355648866798445, 0.4244651047494479, 0.41339365640183423, 0.40235510133541186, 0.39135400146805693, 0.38039487799222027, 0.3694821665284884, 0.35862017421702497, 0.34781304126745555, 0.33706470848305803, 0.32637889152442723, 0.3157590621288725, 0.30520843611094817, 0.2947299677014768, 0.2843263496088787, 0.2740000180851865, 0.26375316223211087, 0.25358773677594787, 0.24350547756290325, 0.2335079190699093, 0.22359641328324031, 0.21377214936289665, 0.20403617358060971, 0.19438940909015878, 0.18483267515817617, 0.17536670554993278, 0.16599216582656084, 0.1567096693670038, 0.14751979197926932, 0.1384230850111158, 0.12942008691017653, 0.12051133321797472, 0.11169736501147864, 0.10297873583032363, 0.09435601714787656, 0.08582980246041366, 0.07740071008124849, 0.0690693847361093, 0.06083649806275013, 0.052702748122129356, 0.044668858030775055, 0.036735573824471957, 0.028903661662462193, 0.021173904479097116, 0.013547098186640377, 0.00602404752873234], 'ball_near_history': [False, False, False, False, False, False, False, False, False, False, False, False, False, False, False, False, False, False, False, False, False, False, False, False, False, False, False, False, False, False, False, False, False, False, False, False, False, False, False, False, False, False, False, False, False, False, False, False, False, False, False, False, False, False, False, False, False, False, False, False, False, False, False, False, False, False, False, False, False, False, False, False, False, False, False, False, False, False, False, False, False, False, False, False, False, False, False, False, False, False, False, False, False, False, False, False, False, False, False, False, False, False, False, False, False, False, False, False, False, False, False, False, False, False, False, False, False, False, False, False, False, False, False, False, False, False, False, False, False, False, False, False, False, False, False, False, False, False, False, False, False, False, False, False, False, False, False, False, False, False, False, False, False, False, False, False, False, False, False, False, False, False, False, False, False, False, False, False, False, False, False, False, False, False, False, False, False, False, False, False, False, False, False, False, False, False, False, False, False, False, False, False, False, False, False, False, False, False, False, False, False, False, False, False, False, False, False, False, False, False, False, False, False, False, False, False, False, False, False, False, False, False, False, False, False, False, False, False, False, False, False, False, False, False, False, False, False, False], 'tube_ready_history': [False, False, False, False, False, False, False, False, False, False, False, False, False, False, False, False, False, False, False, False, False, False, False, False, False, False, False, False, False, False, False, False, False, False, False, False, False, False, False, False, False, False, False, False, False, False, False, False, False, False, False, False, False, False, False, False, False, False, False, False, False, False, False, False, False, False, False, False, False, False, False, False, False, False, False, False, False, False, False, False, False, False, False, False, False, False, False, False, False, False, False, False, False, False, False, False, False, False, False, False, False, False, False, False, False, False, False, False, False, False, False, False, False, False, False, False, False, False, False, False, False, False, False, False, False, False, False, False, False, False, False, False, False, False, False, False, False, False, False, False, False, False, False, False, False, False, False, False, False, False, False, False, False, False, False, False, False, False, False, False, False, False, False, False, False, False, False, False, False, False, False, False, False, False, False, False, False, False, False, False, False, False, False, False, False, False, False, False, False, False, False, False, False, False, False, False, False, False, False, False, False, False, False, False, False, False, False, False, False, False, False, False, False, False, False, False, False, False, False, False, False, False, False, False, False, False, False, False, False, False, False, False, False, False, False, False, False, False], 'pos_error_history': [0.009695264099813758, 0.009709054963284301, 0.009755030134926044, 0.009859451602493826, 0.010053072667504135, 0.010368060857798626, 0.010834226044707003, 0.011475401252877587, 0.012307088775514322, 0.01333604032644294, 0.014561564654598423, 0.01597772533332168, 0.017575559454938463, 0.01934481058784966, 0.02127505460611675, 0.02335631693573496, 0.025579342608447048, 0.02793566105611997, 0.03041754470536502, 0.03301792172266135, 0.03306732512614477, 0.03446760362966555, 0.036104012852513793, 0.03796573398925819, 0.04003949978216649, 0.04231073811700403, 0.044764465745132764, 0.0473859183017208, 0.050160948493255836, 0.05307624336191838, 0.056119412744580356, 0.05927899328753239, 0.06254440182898, 0.06590586196715882, 0.06935431953608716, 0.07288135673434813, 0.07647911051679071, 0.08014019814100364, 0.08385765105647265, 0.0876248573093238, 0.10431244995150062, 0.10830826304277553, 0.11231184512159967, 0.11631929161650813, 0.12032662638466708, 0.12432982822657403, 0.1283248521323889, 0.13230764660836555, 0.13627416809696427, 0.14022039324789337, 0.14414232960225068, 0.14803602510412733, 0.15189757674243706, 0.15572313854173192, 0.1595089290577238, 0.16325123848603812, 0.1669464354575456, 0.17059097356747177, 0.17418139766618218, 0.17771434992539725, 0.1836669133039784, 0.18707457351592408, 0.1904118149938307, 0.19367592893526994, 0.1968642982367344, 0.19997441110958925, 0.20300387206432485, 0.20595041085776922, 0.2088118898346364, 0.2115863099775257, 0.21427181589474867, 0.2168666999139879, 0.21936940540522565, 0.2217785294240888, 0.22409282474338618, 0.22631120132382604, 0.22843272726290276, 0.23045662925249963, 0.23238229256989876, 0.2342092606229235, 0.2359372340673923, 0.23756606951347076, 0.23909577783669886, 0.2405265221091074, 0.2418586151658908, 0.24309251682334293, 0.2442288307641854, 0.24526830110692224, 0.24621180867637768, 0.24706036699313422, 0.24781511800009698, 0.2484773275448906, 0.24904838063722312, 0.24952977650070204, 0.24992312343888004, 0.2502301335355063, 0.2504526172091041, 0.2505924776420236, 0.25065170510409795, 0.25063237119091014, 0.2505366229964775, 0.2503666772398908, 0.2501248143650946, 0.24981337263256534, 0.2494347422211509, 0.24899135935777894, 0.24848570049211136, 0.24792027653254253, 0.2472976271592078, 0.24662031522887637, 0.24589092128578766, 0.24511203819161445, 0.24428626588685015, 0.24341620629497904, 0.24250445837986984, 0.2415536133658386, 0.2405662501288974, 0.23954493076670255, 0.23849219635376312, 0.2374105628875106, 0.23630251742986977, 0.23517051444804618, 0.2340169723573514, 0.23284427026797605, 0.23165474493679689, 0.23045068792447868, 0.22923434295734962, 0.22800790349279934, 0.2267735104862436, 0.22553325035706373, 0.22428915315031214, 0.22304319089042635, 0.2217972761226827, 0.2205532606376651, 0.21931293437360805, 0.2180780244911141, 0.2168501946144255, 0.21563104423316398, 0.2144221082582255, 0.21322485672532993, 0.20983749817958045, 0.2055285709567407, 0.199569786653731, 0.19519129210501382, 0.1903566886740382, 0.18445539102904787, 0.1797553859290845, 0.17405395458134001, 0.1688824255194521, 0.16462669051758824, 0.1609961103614987, 0.15645550931060814, 0.15210334208863824, 0.1490086184650645, 0.1450261533925215, 0.1410009434393163, 0.13832044151196166, 0.1358137354502941, 0.1340506458033116, 0.132318760294472, 0.131522441951901, 0.13178912776836446, 0.13338631702111867, 0.13562699757275737, 0.13861439424254263, 0.14183975074120478, 0.1450893648728598, 0.14857811150998362, 0.15051498919640044, 0.15200049536603047, 0.15387578237139504, 0.15609460963145083, 0.1593233301836509, 0.16245708104355833, 0.16569792369237385, 0.16920200688958764, 0.17241760292609157, 0.1751794092604449, 0.17750696929808304, 0.17950429654259611, 0.18128236766008068, 0.18294062215371754, 0.18456081779830397, 0.18620655303394693, 0.1879251563685429, 0.1897503428643683, 0.19170489323032985, 0.19380304111567995, 0.1960524674153899, 0.19845590191549445, 0.20101237644928024, 0.20371818815692844, 0.2065676314233268, 0.20955355059179892, 0.21266775682299646, 0.21590134362992208, 0.2192449276752149, 0.22268883474674417, 0.22622324548411207, 0.2298383113010267, 0.23352424785781367, 0.2372714111896221, 0.24107036000535534, 0.2449119065798111, 0.2487871579343549, 0.2526875485343696, 0.2566048654435837, 0.26053126670580173, 0.26445929362973397, 0.2683818776018693, 0.2722923420249291, 0.2761843999619961, 0.28005214805073986, 0.2838900572338803, 0.287692960829011, 0.29145604043274664, 0.29517481012131697, 0.2988450993730963, 0.30246303509939837, 0.30602502312924523, 0.30952772945291873, 0.3129680614888162, 0.3163431495992564, 0.31965032904400625, 0.32288712252589036, 0.3260512234511597, 0.3291404799985726, 0.3321528800653631, 0.3350865371355281, 0.33793967709598904, 0.3407106260091114, 0.34339779883560967, 0.3459996890898182, 0.34851485939953886, 0.35094193293486725, 0.35327958566446005, 0.35552653939331286, 0.35759701325254517], 'max_qdot_ratio': 0.9927919073725422, 'max_tcp_speed': 1.7818253285171135, 'max_racket_face_speed': 2.0031111873449414, 'total_mpc_steps': 238, 'ball_was_hit': True, 'hit_step': 172, 'p_ee_at_hit': array([-0.63584294, -0.42693202,  0.7800212 ]), 'ball_pos_at_hit': array([-0.73771419, -0.47284571,  0.76036416]), 'v_ee_at_hit': 1.639667255160006, 'active_contact': True, 'passive_contact': False}
2026-09-13 00:12:01,208 [INFO] __main__: 击打后继续仿真 20 步...
