__STEP_TIMING__: n=238 p50=0.25 p95=0.49 p99=4.47 max=30.67 n_over_period=2 period_ms=5.00

========================================
  RM-65 击打成功！（主动击球，pos_error=0.0858m）
  [V12 EpisodeRunner 管线架构]
  ablation: full
  击打目标位置: [-0.838 -0.5    0.943]
  末端实际位置: [-0.733 -0.566  0.95 ]
  规划跟踪误差: 0.1245 m
  速度误差: 1.9858 m/s
  MPC 总步数: 259
  --- Tube 专用指标 ---
  最小球拍-球距离: 0.0858 m
  ball_near 步数: 8 = 40.0 ms
  tube_ready 步数: 21 = 105.0 ms
  击打时间误差: 15.0 ms
  击打位置误差: 0.0858 m
  --- 计算性能 ---
  总墙钟时间: 1.10s (MPC=1.10s)
  --- 执行层约束 ---
  max_qdot=1.00x, max_tcp=1.8m/s, max_face=1.4m/s
  击球类型: 主动击球
========================================

__RESULT__: pos_error=0.085757 vel_error=1.985760 min_dist=0.085757 ball_near_ms=40.0 tube_ready_ms=105.0 max_tcp=1.79 max_qdot=1.00 max_face=1.4 hit_type=active hit_time_error_ms=15.0 hit_pos_error=0.085757 v_racket_at_hit=1.757
2026-09-11 14:18:59,682 [INFO] __main__: [ablation] mode=full
2026-09-11 14:18:59,688 [INFO] __main__: serve-box auto params: horizon=120, iter=10, first_plan_iters=30, total_horizon=250, replan_interval=20, near_plan_iters=5
2026-09-11 14:18:59,705 [INFO] __main__: 关节限位: 仿真默认(default.yaml), TCP=1.8 m/s, terminal_exempt=20
2026-09-11 14:18:59,706 [INFO] __main__: 球拍初始位置: [-0.24136342  0.63027058  1.45576659]
2026-09-11 14:18:59,706 [DEBUG] src.tennis.ball: serve_box bounce (attempt=0): p0_z=1.37, vz0=-3.0, spd=9.0, t1=0.299, t2=0.599, z_err=0.17
2026-09-11 14:18:59,713 [INFO] __main__: 击打步数: 178, 击打位置: [-0.83796101 -0.50018152  0.94268786]
2026-09-11 14:18:59,713 [INFO] __main__: 随挥方向: [ 0.251 -0.956  0.153], 随挥步数: 60
2026-09-11 14:18:59,725 [INFO] __main__: 候选窗口已构建: best_k=178, candidates=12
2026-09-11 14:18:59,725 [INFO] src.cpp.solver_cpp: iLQR C++ 加速模块已加载
2026-09-11 14:18:59,726 [INFO] __main__: 开始 V12 EpisodeRunner，总步数=310 (MPC=250, 随挥=60)，击打步数=178
2026-09-11 14:18:59,726 [INFO] src.ilqt.async_replanner: AsyncReplanner: 后台规划线程已启动
2026-09-11 14:18:59,747 [INFO] src.ilqt.async_replanner: AsyncReplanner: 规划环境已创建（独立 MjData）
2026-09-11 14:18:59,751 [INFO] src.ilqt.async_replanner: AsyncReplanner: 规划环境已创建（独立 MjData）
2026-09-11 14:18:59,774 [DEBUG] src.ilqt.tube_cost: [Softmin诊断] 候选权重TOP3: k=178:w=0.088, k=179:w=0.088, k=177:w=0.088
2026-09-11 14:19:00,662 [INFO] src.ilqt.mpc_controller: REPLAN step=0 k_hit=178 iters=30 horizon=120 t=915ms
2026-09-11 14:19:00,663 [INFO] src.ilqt.mpc_controller: MPCController.start 完成: k_hit=178, p_hit=[-0.838 -0.5    0.943], buffer=120
2026-09-11 14:19:00,667 [DEBUG] src.ilqt.replan_core: FAR_JT step=0 k_hit=178 (JT gain=60, skip iLQR)
2026-09-11 14:19:00,667 [DEBUG] src.ilqt.mpc_controller: REPLAN step=0 k_hit=178 iters=0 horizon=0 t=4ms
2026-09-11 14:19:00,667 [DEBUG] src.ilqt.mpc_controller: MPCController.step 0: replan k_hit=178 refine=feasible buffer=20
2026-09-11 14:19:00,676 [DEBUG] src.ilqt.replan_core: FAR_JT step=20 k_hit=158 (JT gain=60, skip iLQR)
2026-09-11 14:19:00,676 [DEBUG] src.ilqt.mpc_controller: REPLAN step=20 k_hit=158 iters=0 horizon=0 t=4ms
2026-09-11 14:19:00,676 [DEBUG] src.ilqt.mpc_controller: MPCController.step 20: replan k_hit=158 refine=feasible buffer=20
2026-09-11 14:19:00,685 [DEBUG] src.ilqt.replan_core: FAR_JT step=40 k_hit=138 (JT gain=60, skip iLQR)
2026-09-11 14:19:00,685 [DEBUG] src.ilqt.mpc_controller: REPLAN step=40 k_hit=138 iters=0 horizon=0 t=4ms
2026-09-11 14:19:00,685 [DEBUG] src.ilqt.mpc_controller: MPCController.step 40: replan k_hit=138 refine=feasible buffer=20
2026-09-11 14:19:00,694 [DEBUG] src.ilqt.replan_core: FAR_JT step=60 k_hit=118 (JT gain=60, skip iLQR)
2026-09-11 14:19:00,694 [DEBUG] src.ilqt.mpc_controller: REPLAN step=60 k_hit=118 iters=0 horizon=0 t=3ms
2026-09-11 14:19:00,694 [DEBUG] src.ilqt.mpc_controller: MPCController.step 60: replan k_hit=118 refine=feasible buffer=20
2026-09-11 14:19:00,702 [DEBUG] src.ilqt.replan_core: FAR_JT step=80 k_hit=98 (JT gain=60, skip iLQR)
2026-09-11 14:19:00,702 [DEBUG] src.ilqt.mpc_controller: REPLAN step=80 k_hit=98 iters=0 horizon=0 t=3ms
2026-09-11 14:19:00,703 [DEBUG] src.ilqt.mpc_controller: MPCController.step 80: replan k_hit=98 refine=feasible buffer=20
2026-09-11 14:19:00,711 [DEBUG] src.ilqt.replan_core: FAR_JT step=100 k_hit=78 (JT gain=60, skip iLQR)
2026-09-11 14:19:00,711 [DEBUG] src.ilqt.mpc_controller: REPLAN step=100 k_hit=78 iters=0 horizon=0 t=3ms
2026-09-11 14:19:00,712 [DEBUG] src.ilqt.mpc_controller: MPCController.step 100: replan k_hit=78 refine=feasible buffer=20
2026-09-11 14:19:00,720 [DEBUG] src.ilqt.replan_core: FAR_JT step=120 k_hit=58 (JT gain=60, skip iLQR)
2026-09-11 14:19:00,720 [DEBUG] src.ilqt.mpc_controller: REPLAN step=120 k_hit=58 iters=0 horizon=0 t=3ms
2026-09-11 14:19:00,720 [INFO] src.ilqt.strategies.hit_point_refiner: [HIT_LOCK] k_hit=58 ≤ 60, 锁定击球点不再替换
2026-09-11 14:19:00,720 [DEBUG] src.ilqt.mpc_controller: MPCController.step 120: replan k_hit=58 refine=locked buffer=20
2026-09-11 14:19:00,736 [DEBUG] src.ilqt.tube_cost: [Softmin诊断] 候选权重TOP3: k=38:w=0.088, k=39:w=0.088, k=37:w=0.088
2026-09-11 14:19:00,756 [DEBUG] src.ilqt.mpc_controller: REPLAN step=140 k_hit=38 iters=5 horizon=38 t=30ms
2026-09-11 14:19:00,756 [DEBUG] src.ilqt.mpc_controller: MPCController.step 140: replan k_hit=38 refine=locked buffer=20
2026-09-11 14:19:00,760 [INFO] src.ilqt.components.predictive_safety: [SAFETY_FILTER] beta=0.4: qdot entering overspeed, joint=3, |qdot|=4.39 > 3.93
2026-09-11 14:19:00,770 [DEBUG] src.ilqt.tube_cost: [Softmin诊断] 候选权重TOP3: k=18:w=0.088, k=19:w=0.088, k=17:w=0.088
2026-09-11 14:19:00,780 [DEBUG] src.ilqt.mpc_controller: REPLAN step=160 k_hit=18 iters=5 horizon=18 t=19ms
2026-09-11 14:19:00,781 [DEBUG] src.ilqt.mpc_controller: MPCController.step 160: replan k_hit=18 refine=locked buffer=18
2026-09-11 14:19:00,781 [INFO] src.ilqt.components.predictive_safety: [SAFETY_FILTER] beta=0.8: qdot entering overspeed, joint=3, |qdot|=3.97 > 3.93
2026-09-11 14:19:00,783 [INFO] src.ilqt.components.predictive_safety: [SAFETY_FILTER] beta=0.8: qdot entering overspeed, joint=0, |qdot|=3.18 > 3.14
2026-09-11 14:19:00,783 [INFO] src.ilqt.components.predictive_safety: [SAFETY_FILTER] beta=0.4: qdot entering overspeed, joint=0, |qdot|=3.24 > 3.14
2026-09-11 14:19:00,784 [INFO] src.ilqt.components.predictive_safety: [SAFETY_FILTER] beta=0.6: qdot entering overspeed, joint=0, |qdot|=3.20 > 3.14
2026-09-11 14:19:00,785 [INFO] src.ilqt.components.predictive_safety: [SAFETY_FILTER] beta=0.4: qdot entering overspeed, joint=0, |qdot|=3.26 > 3.14
2026-09-11 14:19:00,785 [INFO] src.ilqt.components.predictive_safety: [SAFETY_FILTER] beta=0.4: qdot entering overspeed, joint=0, |qdot|=3.20 > 3.14
2026-09-11 14:19:00,786 [INFO] src.ilqt.components.predictive_safety: [SAFETY_FILTER] beta=0.2: qdot entering overspeed, joint=0, |qdot|=3.69 > 3.14
2026-09-11 14:19:00,786 [INFO] src.ilqt.components.predictive_safety: [SAFETY_FILTER] beta=0.2: qdot entering overspeed, joint=0, |qdot|=3.51 > 3.14
2026-09-11 14:19:00,787 [INFO] src.ilqt.components.predictive_safety: [SAFETY_FILTER] beta=0.0: qdot entering overspeed, joint=0, |qdot|=3.71 > 3.14
2026-09-11 14:19:00,787 [INFO] src.ilqt.strategies.follow_through: 随挥触发: step=177, steps=60
2026-09-11 14:19:00,804 [INFO] src.ilqt.async_replanner: AsyncReplanner: 后台规划线程已停止
2026-09-11 14:19:00,804 [INFO] src.ilqt.episode_runner: EpisodeRunner 完成: total_steps=239 safe_steps=239 mpc_done=True
2026-09-11 14:19:00,804 [DEBUG] src.ilqt.episode_runner: EpisodeRunner metrics 详情: {'total_steps': 239, 'safe_steps': 239, 'mpc_done': True, 'X_history': [array([-1.5  ,  1.57 , -0.236,  0.404,  0.446,  2.45 ,  0.   ,  0.   ,
        0.   ,  0.   ,  0.   ,  0.   ]), array([ 2.64785264e-01,  1.64722702e+00, -5.58070989e-01, -1.79800471e-01,
        8.90426398e-01,  2.44998496e+00, -1.14364114e-02, -3.92675760e-02,
        2.37972441e-03,  3.37950556e-03, -4.84196865e-02, -3.00711662e-03]), array([ 2.64671568e-01,  1.64683962e+00, -5.58064170e-01, -1.79767794e-01,
        8.89989180e-01,  2.44996086e+00, -2.27392006e-02, -7.74791477e-02,
        1.36391543e-03,  6.53546257e-03, -8.74435682e-02, -4.82094349e-03]), array([ 2.64502269e-01,  1.64626676e+00, -5.58075694e-01, -1.79720460e-01,
        8.89392636e-01,  2.44993111e+00, -3.38599278e-02, -1.14573431e-01,
       -2.30478582e-03,  9.46673422e-03, -1.19308903e-01, -5.95049387e-03]), array([ 0.26427845,  1.64551415, -0.55811589, -0.17965957,  0.88866406,
        2.44989769, -0.04476327, -0.15052033, -0.00803953,  0.01217716,
       -0.14571511, -0.00668286]), array([ 0.26400133,  1.6445876 , -0.55819276, -0.1795862 ,  0.8878243 ,
        2.44986179, -0.05542371, -0.18531178, -0.0153746 ,  0.01467527,
       -0.16795226, -0.00718127]), array([ 0.26367222,  1.64349282, -0.55831246, -0.17950133,  0.88688931,
        2.44982409, -0.06582315, -0.21895504, -0.02393875,  0.01697309,
       -0.18699861, -0.00753947]), array([ 0.26329247,  1.64223548, -0.55847963, -0.17940591,  0.88587133,
        2.44978503, -0.07594913, -0.2514677 , -0.03343454,  0.01908475,
       -0.20359466, -0.00781191]), array([ 0.26286351,  1.64082111, -0.55869774, -0.17930078,  0.88477984,
        2.44974488, -0.08579344, -0.28287407, -0.04362242,  0.0210254 ,
       -0.21829936, -0.00803071]), array([ 0.26238675,  1.6392551 , -0.55896928, -0.17918673,  0.88362217,
        2.4497038 , -0.09535116, -0.31320247, -0.05430831,  0.02281026,
       -0.23153304, -0.00821507]), array([ 0.26186365,  1.63754268, -0.55929595, -0.17906446,  0.88240412,
        2.44966192, -0.10461983, -0.34248338, -0.06533403,  0.024454  ,
       -0.24361013, -0.00837674]), array([ 0.26129566,  1.63568894, -0.5596788 , -0.17893461,  0.8811303 ,
        2.4496193 , -0.11359887, -0.37074799, -0.07656983,  0.02597038,
       -0.25476425, -0.00852299]), array([ 0.26068421,  1.63369881, -0.56011835, -0.17879775,  0.87980446,
        2.44957601, -0.12228913, -0.39802728, -0.08790853,  0.02737198,
       -0.26516741, -0.00865844]), array([ 0.26003075,  1.63157705, -0.56061465, -0.1786544 ,  0.87842974,
        2.44953208, -0.13069245, -0.42435132, -0.09926101,  0.02867009,
       -0.27494478, -0.00878608]), array([ 0.25933669,  1.62932831, -0.56116741, -0.17850502,  0.87700881,
        2.44948754, -0.13881147, -0.44974882, -0.11055261,  0.02987466,
       -0.28418583, -0.00890787]), array([ 0.25860344,  1.62695707, -0.56177602, -0.17835005,  0.87554404,
        2.44944241, -0.14664929, -0.47424687, -0.12172031,  0.03099436,
       -0.29295294, -0.00902513]), array([ 0.2578324 ,  1.62446772, -0.56243957, -0.17818987,  0.8740376 ,
        2.44939672, -0.15420939, -0.49787075, -0.13271049,  0.0320366 ,
       -0.30128793, -0.00913875]), array([ 0.25702492,  1.6218645 , -0.56315695, -0.17802483,  0.87249152,
        2.44935047, -0.16149541, -0.52064384, -0.14347719,  0.03300767,
       -0.30921699, -0.00924938]), array([ 0.25618236,  1.61915156, -0.56392686, -0.17785527,  0.87090775,
        2.44930369, -0.16851109, -0.54258763, -0.15398068,  0.03391282,
       -0.31675452, -0.00935747]), array([ 0.25530606,  1.61633295, -0.56474779, -0.17768149,  0.86928822,
        2.44925637, -0.17526015, -0.56372172, -0.16418635,  0.03475634,
       -0.32390598, -0.00946336]), array([ 0.25439733,  1.61341263, -0.56561811, -0.17750378,  0.86763487,
        2.44920853, -0.18174625, -0.58406386, -0.17406379,  0.03554172,
       -0.33067012, -0.00956732]), array([ 0.25345757,  1.61039444, -0.5665362 , -0.17732277,  0.86594903,
        2.44916026, -0.18795348, -0.60363817, -0.1836187 ,  0.03620114,
       -0.33716676, -0.00965559]), array([ 0.25248805,  1.60728217, -0.5675002 , -0.1771387 ,  0.8642328 ,
        2.44911151, -0.1939026 , -0.62245496, -0.19279918,  0.03681463,
       -0.34324593, -0.00974904]), array([ 0.25149007,  1.60407953, -0.56850811, -0.17695179,  0.86248831,
        2.44906229, -0.19959692, -0.6405266 , -0.20158283,  0.03738188,
       -0.34889897, -0.00984457]), array([ 0.25046487,  1.60079021, -0.56955786, -0.17676228,  0.86071774,
        2.44901258, -0.20503952, -0.65786403, -0.20994959,  0.03790253,
       -0.35411433, -0.0099406 ]), array([ 0.2494137 ,  1.59741783, -0.57064727, -0.1765704 ,  0.85892334,
        2.4489624 , -0.21023325, -0.67447684, -0.21788129,  0.03837618,
       -0.35887839, -0.01003637]), array([ 0.2483378 ,  1.59396596, -0.57177407, -0.17637638,  0.85710746,
        2.44891174, -0.21518072, -0.69037341, -0.22536142,  0.03880232,
       -0.36317618, -0.01013153]), array([ 0.24723838,  1.59043816, -0.57293595, -0.17618048,  0.8552725 ,
        2.44886061, -0.21988429, -0.70556092, -0.23237489,  0.03918036,
       -0.36699192, -0.01022599]), array([ 0.24611665,  1.58683793, -0.57413049, -0.17598293,  0.85342096,
        2.44880902, -0.22434611, -0.72004549, -0.23890786,  0.03950958,
       -0.37030939, -0.01031975]), array([ 0.24497381,  1.58316877, -0.57535523, -0.17578399,  0.8515554 ,
        2.44875695, -0.2285681 , -0.73383225, -0.24494764,  0.03978921,
       -0.37311233, -0.01041291]), array([ 0.24381105,  1.57943414, -0.57660764, -0.1755839 ,  0.84967847,
        2.44870442, -0.23255196, -0.74692542, -0.25048251,  0.04001837,
       -0.3753847 , -0.01050556]), array([ 0.24262955,  1.5756375 , -0.57788515, -0.17538292,  0.84779292,
        2.44865143, -0.2362992 , -0.7593284 , -0.25550175,  0.04019615,
       -0.37711096, -0.0105978 ]), array([ 0.2414305 ,  1.57178228, -0.57918512, -0.17518131,  0.84590154,
        2.44859799, -0.23981116, -0.77104389, -0.25999548,  0.04032159,
       -0.3782762 , -0.01068976]), array([ 0.24021505,  1.56787191, -0.5805049 , -0.17497934,  0.8440072 ,
        2.44854408, -0.24308898, -0.78207392, -0.26395471,  0.04039368,
       -0.3788664 , -0.01078152]), array([ 0.23898438,  1.56390981, -0.58184175, -0.17477728,  0.84211286,
        2.44848971, -0.24613366, -0.79241995, -0.26737128,  0.04041141,
       -0.37886855, -0.01087319]), array([ 0.23773965,  1.5598994 , -0.58319294, -0.17457541,  0.84022151,
        2.44843489, -0.24894607, -0.80208299, -0.27023786,  0.04037379,
       -0.37827076, -0.01096484]), array([ 0.23648202,  1.55584408, -0.58455568, -0.17437401,  0.8383362 ,
        2.44837961, -0.25152697, -0.81106364, -0.27254795,  0.0402798 ,
       -0.37706246, -0.01105654]), array([ 0.23521263,  1.55174727, -0.58592716, -0.17417337,  0.83646002,
        2.44832386, -0.25387701, -0.81936218, -0.27429588,  0.0401285 ,
       -0.37523446, -0.01114834]), array([ 0.23393265,  1.54761237, -0.58730455, -0.17397378,  0.83459613,
        2.44826766, -0.25599677, -0.82697869, -0.27547685,  0.03991896,
       -0.37277906, -0.01124027]), array([ 0.23264322,  1.54344281, -0.58868498, -0.17377553,  0.83274768,
        2.448211  , -0.25788677, -0.83391305, -0.2760869 ,  0.03965032,
       -0.36969016, -0.01133235]), array([ 0.23134548,  1.53924198, -0.5900656 , -0.17357892,  0.83091786,
        2.44815388, -0.25954752, -0.8401651 , -0.27612301,  0.03932178,
       -0.36596334, -0.0114246 ]), array([ 0.23004095,  1.53501325, -0.59144375, -0.17338542,  0.82910908,
        2.44809649, -0.2609055 , -0.84574628, -0.27563003,  0.03869911,
       -0.36175616, -0.01147753]), array([ 0.2287308 ,  1.53076   , -0.59281657, -0.17319517,  0.82732468,
        2.44803873, -0.2620303 , -0.85065029, -0.27456389,  0.03804979,
       -0.35687924, -0.0115518 ]), array([ 0.22741618,  1.52648562, -0.59418118, -0.17300834,  0.82556798,
        2.44798055, -0.26292337, -0.85487634, -0.27292293,  0.03736613,
       -0.35134042, -0.01163703]), array([ 0.22609825,  1.5221935 , -0.59553471, -0.17282513,  0.82384224,
        2.44792191, -0.26358607, -0.85842401, -0.27070684,  0.03664222,
       -0.34514776, -0.01172766]), array([ 0.22477815,  1.51788703, -0.5968743 , -0.17264576,  0.82215069,
        2.4478628 , -0.26401969, -0.86129332, -0.26791664,  0.03587348,
       -0.33830997, -0.01182071]), array([ 0.22345703,  1.51356961, -0.59819707, -0.17247048,  0.82049651,
        2.44780323, -0.26422556, -0.86348475, -0.2645546 ,  0.0350564 ,
       -0.3308368 , -0.01191461]), array([ 0.222136  ,  1.50924461, -0.59950019, -0.17229954,  0.81888281,
        2.44774319, -0.26420505, -0.86499931, -0.26062421,  0.03418836,
       -0.32273924, -0.01200851]), array([ 0.2208162 ,  1.50491542, -0.60078084, -0.1721332 ,  0.81731266,
        2.44768268, -0.26395963, -0.86583855, -0.25613013,  0.03326744,
       -0.31402974, -0.01210194]), array([ 0.21949875,  1.5005854 , -0.60203623, -0.17197174,  0.81578905,
        2.44762171, -0.2634909 , -0.86600467, -0.25107822,  0.03229233,
       -0.30472236, -0.01219465]), array([ 0.21818474,  1.49625789, -0.60326361, -0.17181543,  0.81431489,
        2.44756027, -0.26280063, -0.8655005 , -0.24547547,  0.03126226,
       -0.29483277, -0.01228644]), array([ 0.21687529,  1.49193624, -0.60446026, -0.17166454,  0.812893  ,
        2.44749839, -0.26189079, -0.86432959, -0.23933005,  0.03017691,
       -0.28437841, -0.01237717]), array([ 0.21557147,  1.48762376, -0.60562352, -0.17151936,  0.8115261 ,
        2.44743605, -0.26076356, -0.86249627, -0.23265123,  0.02903635,
       -0.2733784 , -0.0124667 ]), array([ 0.21427437,  1.48332374, -0.60675076, -0.17138016,  0.81021684,
        2.44737328, -0.25942138, -0.86000565, -0.22544944,  0.02784103,
       -0.26185361, -0.01255491]), array([ 0.21298503,  1.47903942, -0.60783945, -0.1712472 ,  0.8089677 ,
        2.44731007, -0.25786695, -0.85686368, -0.2177362 ,  0.02659173,
       -0.24982658, -0.01264164]), array([ 0.21170451,  1.47477403, -0.60888707, -0.17112075,  0.8077811 ,
        2.44724644, -0.25610325, -0.8530772 , -0.20952413,  0.02528953,
       -0.2373215 , -0.01272674]), array([ 0.21043385,  1.47053076, -0.6098912 , -0.17100107,  0.80665927,
        2.44718239, -0.25413358, -0.84865397, -0.20082692,  0.0239358 ,
       -0.22436412, -0.01281004]), array([ 0.20917404,  1.46631275, -0.6108495 , -0.17088841,  0.80560437,
        2.44711793, -0.25196155, -0.84360266, -0.19165933,  0.02253215,
       -0.21098171, -0.01289136]), array([ 0.20792608,  1.46212308, -0.61175968, -0.17078301,  0.80461835,
        2.44705308, -0.2495911 , -0.83793294, -0.18203711,  0.02108046,
       -0.19720291, -0.01297053]), array([ 0.20669095,  1.45796481, -0.61261957, -0.17068509,  0.80370306,
        2.44698784, -0.24702651, -0.83165544, -0.17197704,  0.01958284,
       -0.1830577 , -0.01304735]), array([ 0.20546959,  1.4538409 , -0.61342705, -0.17059489,  0.80286018,
        2.44692223, -0.24427242, -0.82478178, -0.16149684,  0.0180416 ,
       -0.16857721, -0.01312165]), array([ 0.20426168,  1.44975457, -0.61417889, -0.17050884,  0.8020966 ,
        2.4468555 , -0.24158204, -0.81726534, -0.15036664,  0.01720845,
       -0.15271589, -0.013346  ]), array([ 0.20306808,  1.44570883, -0.61487305, -0.1704278 ,  0.80141258,
        2.44678809, -0.23872034, -0.80914794, -0.13883278,  0.01620796,
       -0.13680348, -0.01348336]), array([ 0.20188962,  1.44170658, -0.61550768, -0.17035245,  0.80080846,
        2.44672021, -0.23569039, -0.80045045, -0.1269257 ,  0.01507013,
       -0.12082361, -0.01357442]), array([ 0.20072714,  1.43775061, -0.61608105, -0.17028336,  0.8002846 ,
        2.44665201, -0.23249613, -0.79119357, -0.11467388,  0.01381875,
       -0.10477298, -0.01364078]), array([ 0.19958143,  1.43384362, -0.61659157, -0.170221  ,  0.79984131,
        2.44658354, -0.22914222, -0.78139803, -0.10210448,  0.01247307,
       -0.08865811, -0.01369373]), array([ 0.19845326,  1.4299882 , -0.61703779, -0.17016575,  0.79947884,
        2.44651485, -0.22563396, -0.7710848 , -0.08924383,  0.01104892,
       -0.07249291, -0.01373897]), array([ 0.19734338,  1.42618682, -0.61741838, -0.17011795,  0.79919736,
        2.44644595, -0.22197721, -0.76027519, -0.07611773,  0.00955957,
       -0.05629683, -0.01377927]), array([ 0.19625249,  1.42244187, -0.61773214, -0.17007787,  0.79899689,
        2.44637687, -0.21817835, -0.74899095, -0.06275173,  0.00801627,
       -0.04009338, -0.01381585]), array([ 0.19518126,  1.41875559, -0.61797799, -0.17004573,  0.79887735,
        2.44630763, -0.21424418, -0.73725431, -0.04917124,  0.00642877,
       -0.02390905, -0.01384913]), array([ 0.19413035,  1.41513015, -0.618155  , -0.1700217 ,  0.79883848,
        2.44623823, -0.21018193, -0.72508804, -0.03540166,  0.00480558,
       -0.0077724 , -0.01387917]), array([ 0.19310036,  1.41156758, -0.61826234, -0.17000593,  0.79887992,
        2.4461687 , -0.20599916, -0.71251541, -0.02146843,  0.00315427,
        0.00828666, -0.01390582]), array([ 1.92091840e-01,  1.40806978e+00, -6.18299328e-01, -1.69998520e-01,
        7.99001104e-01,  2.44609906e+00, -2.01703764e-01, -6.99560234e-01,
       -7.39700927e-03,  1.48167471e-03,  2.42373885e-02, -1.39289093e-02]), array([ 1.91105321e-01,  1.40463854e+00, -6.18265392e-01, -1.69999550e-01,
        7.99201347e-01,  2.44602931e+00, -1.97303913e-01, -6.86246810e-01,
        6.78707682e-03, -2.06004588e-04,  4.00486845e-02, -1.39482346e-02]), array([ 1.90141281e-01,  1.40127554e+00, -6.18160101e-01, -1.70009065e-01,
        7.99479795e-01,  2.44595950e+00, -1.92808011e-01, -6.72599901e-01,
        2.10582953e-02, -1.90305122e-03,  5.56894656e-02, -1.39636236e-02]), array([ 0.18920016,  1.39798232, -0.61798315, -0.17002709,  0.79983544,
        2.44588962, -0.18822467, -0.65864469,  0.03539113, -0.00360416,
        0.07112896, -0.01397493]), array([ 0.18828234,  1.39476028, -0.61773434, -0.17005361,  0.80026712,
        2.44581971, -0.18356267, -0.64440675,  0.04976013, -0.00530437,
        0.08633698, -0.01398206]), array([ 0.18738819,  1.39161072, -0.61741364, -0.1700886 ,  0.80077355,
        2.44574979, -0.17883091, -0.62991193,  0.06413998, -0.00699903,
        0.10128411, -0.01398493]), array([ 0.186518  ,  1.38853479, -0.61702112, -0.17013202,  0.80135325,
        2.44567987, -0.1740384 , -0.61518639,  0.07850552, -0.00868375,
        0.11594191, -0.01398351]), array([ 0.18567203,  1.38553351, -0.61655696, -0.17018379,  0.80200467,
        2.44560998, -0.16919421, -0.60025645,  0.09283185, -0.01035436,
        0.13028304, -0.01397779]), array([ 0.18485049,  1.38260777, -0.61602149, -0.17024383,  0.80272608,
        2.44554014, -0.16430743, -0.58514856,  0.10709438, -0.01200693,
        0.14428144, -0.01396779]), array([ 0.18405355,  1.37975832, -0.61541514, -0.17031202,  0.80351564,
        2.44547037, -0.15938715, -0.56988926,  0.12126888, -0.01363777,
        0.15791238, -0.01395355]), array([ 0.18328134,  1.3769858 , -0.61473848, -0.17038823,  0.8043714 ,
        2.4454007 , -0.15444241, -0.55450506,  0.13533156, -0.01524334,
        0.17115261, -0.01393516]), array([ 0.18253393,  1.37429068, -0.61399219, -0.17047234,  0.8052913 ,
        2.44533113, -0.14948219, -0.5390224 ,  0.14925913, -0.01682035,
        0.18398039, -0.0139127 ]), array([ 0.18181135,  1.37167335, -0.61317704, -0.17056416,  0.80627318,
        2.4452617 , -0.14451538, -0.52346758,  0.16302886, -0.01836569,
        0.1963756 , -0.01388628]), array([ 0.1811136 ,  1.36913401, -0.61229395, -0.17066355,  0.80731478,
        2.44519242, -0.1395507 , -0.50786671,  0.17661863, -0.01987646,
        0.20831973, -0.01385604]), array([ 0.18044062,  1.36667279, -0.61134392, -0.1707703 ,  0.80841376,
        2.44512331, -0.13459674, -0.49224558,  0.19000701, -0.02134997,
        0.21979599, -0.01382211]), array([ 0.17979231,  1.36428964, -0.61032805, -0.17088421,  0.80956771,
        2.44505439, -0.12966189, -0.47662967,  0.20317329, -0.02278372,
        0.2307893 , -0.01378465]), array([ 0.17916854,  1.36198442, -0.60924756, -0.17100509,  0.81077414,
        2.44498567, -0.12475434, -0.46104405,  0.21609755, -0.02417545,
        0.24128631, -0.01374384]), array([ 0.17856913,  1.35975685, -0.60810376, -0.17113271,  0.81203052,
        2.44491717, -0.11988202, -0.44551332,  0.22876069, -0.02552307,
        0.2512754 , -0.01369985]), array([ 0.17799386,  1.35760654, -0.60689804, -0.17126683,  0.81333425,
        2.44484891, -0.11505261, -0.43006154,  0.24114449, -0.02682474,
        0.26074671, -0.01365289]), array([ 0.17744249,  1.35553298, -0.60563188, -0.17140722,  0.81468271,
        2.44478089, -0.11027352, -0.4147122 ,  0.25323164, -0.02807881,
        0.26969212, -0.01360314]), array([ 0.17691474,  1.35353554, -0.60430685, -0.17155364,  0.81607324,
        2.44471314, -0.10555185, -0.39948816,  0.26500578, -0.02928386,
        0.27810518, -0.01355081]), array([ 0.17641026,  1.35161348, -0.60292459, -0.17170584,  0.81750314,
        2.44464566, -0.10089437, -0.38441159,  0.27645155, -0.03043867,
        0.28598118, -0.01349613]), array([ 0.17592873,  1.34976596, -0.60148682, -0.17186355,  0.81896973,
        2.44457846, -0.09630754, -0.36950392,  0.28755458, -0.03154223,
        0.29331704, -0.01343929]), array([ 0.17546974,  1.34799203, -0.59999531, -0.17202652,  0.82047028,
        2.44451156, -0.09179747, -0.35478583,  0.29830154, -0.03259376,
        0.30011128, -0.01338052]), array([ 0.17503289,  1.34629065, -0.59845191, -0.17219448,  0.8220021 ,
        2.44444496, -0.08736991, -0.34027714,  0.30868017, -0.03359265,
        0.30636403, -0.01332005]), array([ 0.17461774,  1.34466066, -0.59685851, -0.17236717,  0.82356249,
        2.44437867, -0.08303025, -0.32599688,  0.31867929, -0.03453852,
        0.31207689, -0.0132581 ]), array([ 0.17422382,  1.34310085, -0.59521707, -0.17254433,  0.82514875,
        2.44431269, -0.07878352, -0.31196316,  0.32828877, -0.03543117,
        0.31725295, -0.01319487]), array([ 0.17385065,  1.34160988, -0.59352957, -0.17272568,  0.82675824,
        2.44424704, -0.07463434, -0.29819318,  0.3374996 , -0.03627059,
        0.32189669, -0.01313061]), array([ 0.17349771,  1.34018637, -0.59179805, -0.17291097,  0.82838831,
        2.44418171, -0.070587  , -0.28470323,  0.34630388, -0.03705696,
        0.32601392, -0.01306552]), array([ 0.17316449,  1.33882882, -0.59002458, -0.17309992,  0.83003636,
        2.44411671, -0.06664537, -0.27150863,  0.35469476, -0.03779061,
        0.32961171, -0.01299982]), array([ 0.17285042,  1.3375357 , -0.58821125, -0.17329228,  0.83169986,
        2.44405204, -0.06281296, -0.25862373,  0.36266654, -0.03847206,
        0.33269832, -0.01293372]), array([ 0.17255496,  1.33630539, -0.58636017, -0.17348779,  0.83337627,
        2.44398771, -0.0590929 , -0.24606189,  0.37021454, -0.03910198,
        0.33528313, -0.01286742]), array([ 0.17227752,  1.33513622, -0.5844735 , -0.1736862 ,  0.83506315,
        2.4439237 , -0.05548796, -0.2338355 ,  0.37733521, -0.03968117,
        0.33737654, -0.01280112]), array([ 0.17201751,  1.33402644, -0.58255337, -0.17388725,  0.8367581 ,
        2.44386003, -0.0520005 , -0.22195592,  0.38402601, -0.04021058,
        0.33898992, -0.01273502]), array([ 0.17177435,  1.33297427, -0.58060194, -0.17409071,  0.83845878,
        2.44379668, -0.04863258, -0.21043352,  0.39028547, -0.04069128,
        0.34013551, -0.01266931]), array([ 0.17154742,  1.33197788, -0.57862137, -0.17429633,  0.84016291,
        2.44373366, -0.04538585, -0.19927767,  0.39611309, -0.04112445,
        0.34082636, -0.01260416]), array([ 0.17133611,  1.3310354 , -0.57661383, -0.17450388,  0.84186829,
        2.44367096, -0.04226165, -0.18849675,  0.40150939, -0.0415114 ,
        0.34107622, -0.01253974]), array([ 0.17113981,  1.33014491, -0.57458145, -0.17471315,  0.84357279,
        2.44360858, -0.03926096, -0.17809813,  0.40647584, -0.04185349,
        0.34089948, -0.01247621]), array([ 0.17095789,  1.32930447, -0.57252637, -0.17492391,  0.84527435,
        2.44354651, -0.03638447, -0.16808821,  0.41101482, -0.0421522 ,
        0.3403111 , -0.01241373]), array([ 0.17078972,  1.3285121 , -0.57045073, -0.17513596,  0.84697098,
        2.44348475, -0.03363251, -0.15847243,  0.41512962, -0.04240907,
        0.3393265 , -0.01235245]), array([ 0.1706347 ,  1.32776583, -0.5683566 , -0.17534909,  0.84866079,
        2.44342328, -0.03100516, -0.14925524,  0.41882438, -0.04262569,
        0.33796152, -0.01229249]), array([ 0.17049219,  1.32706363, -0.56624608, -0.17556311,  0.85034195,
        2.44336211, -0.02850217, -0.14044021,  0.42210403, -0.04280373,
        0.33623234, -0.01223399]), array([ 0.17036157,  1.32640348, -0.56412121, -0.17577783,  0.85201273,
        2.44330123, -0.02612303, -0.13202994,  0.4249743 , -0.04294486,
        0.33415537, -0.01217706]), array([ 0.17024224,  1.32578335, -0.561984  , -0.17599308,  0.85367146,
        2.44324062, -0.02386698, -0.12402616,  0.42744166, -0.04305083,
        0.33174724, -0.01212181]), array([ 0.17013357,  1.3252012 , -0.55983644, -0.1762087 ,  0.85531659,
        2.44318028, -0.021733  , -0.11642975,  0.42951325, -0.04312338,
        0.32902468, -0.01206833]), array([ 0.17003497,  1.32465499, -0.55768045, -0.17642452,  0.85694661,
        2.4431202 , -0.01971984, -0.10924072,  0.43119687, -0.04316427,
        0.3260045 , -0.01201672]), array([ 0.16994584,  1.3241427 , -0.55551795, -0.1766404 ,  0.85856013,
        2.44306036, -0.01782604, -0.10245826,  0.4325009 , -0.04317529,
        0.3227035 , -0.01196705]), array([ 0.16986559,  1.3236623 , -0.55335078, -0.17685619,  0.86015582,
        2.44300076, -0.01604991, -0.09608079,  0.43343431, -0.04315819,
        0.31913844, -0.0119194 ]), array([ 0.16979365,  1.32321177, -0.55118074, -0.17707176,  0.86173245,
        2.44294139, -0.0143896 , -0.09010597,  0.43400655, -0.04311474,
        0.31532596, -0.01187382]), array([ 0.16972943,  1.32278911, -0.54900961, -0.177287  ,  0.86328886,
        2.44288224, -0.01284306, -0.08453072,  0.43422754, -0.0430467 ,
        0.31128256, -0.01183036]), array([ 0.16967239,  1.32239236, -0.54683907, -0.17750178,  0.86482398,
        2.4428233 , -0.01140809, -0.07935129,  0.43410765, -0.04295579,
        0.30702451, -0.01178908]), array([ 0.16962198,  1.32201954, -0.54467078, -0.17771599,  0.86633682,
        2.44276455, -0.01008234, -0.07456326,  0.43365757, -0.0428437 ,
        0.30256788, -0.01175   ]), array([ 0.16957766,  1.32166873, -0.54250634, -0.17792955,  0.86782646,
        2.44270598, -0.00886332, -0.07016157,  0.43288838, -0.04271212,
        0.29792844, -0.01171316]), array([ 0.16953892,  1.32133803, -0.54034728, -0.17814237,  0.86929207,
        2.44264759, -0.00774842, -0.06614059,  0.43181141, -0.04256268,
        0.29312163, -0.01167857]), array([ 0.16950525,  1.32102556, -0.53819509, -0.17835435,  0.87073289,
        2.44258936, -0.00673492, -0.06249412,  0.43043823, -0.04239696,
        0.28816257, -0.01164625]), array([ 0.16947615,  1.32072948, -0.53605119, -0.17856544,  0.87214822,
        2.44253128, -0.00582001, -0.05921545,  0.42878064, -0.04221653,
        0.283066  , -0.01161621]), array([ 0.16945114,  1.320448  , -0.53391693, -0.17877555,  0.87353745,
        2.44247333, -0.00500077, -0.05629735,  0.42685059, -0.04202289,
        0.27784627, -0.01158844]), array([ 0.16942977,  1.32017934, -0.53179363, -0.17898464,  0.87490003,
        2.44241552, -0.00427424, -0.05373219,  0.42466015, -0.0418175 ,
        0.27251732, -0.01156295]), array([ 0.16941158,  1.31992178, -0.52968253, -0.17919265,  0.8762355 ,
        2.44235782, -0.00363738, -0.05151188,  0.42222148, -0.04160176,
        0.26709263, -0.01153971]), array([ 0.16939615,  1.31967364, -0.52758479, -0.17939953,  0.87754342,
        2.44230023, -0.00308709, -0.04962795,  0.41954679, -0.04137703,
        0.26158527, -0.01151871]), array([ 0.16938305,  1.31943328, -0.52550155, -0.17960525,  0.87882346,
        2.44224273, -0.00262024, -0.04807161,  0.41664831, -0.0411446 ,
        0.25600783, -0.01149993]), array([ 1.69371878e-01,  1.31919911e+00, -5.23433859e-01, -1.79809783e-01,
        8.80075324e-01,  2.44218531e+00, -2.23366877e-03, -4.68337284e-02,
        4.13538273e-01, -4.09057288e-02,  2.50372444e-01, -1.14833519e-02]), array([ 1.69362258e-01,  1.31896959e+00, -5.21382715e-01, -1.80013091e-01,
        8.81298778e-01,  2.44212797e+00, -1.92418279e-03, -4.59048900e-02,
        4.10228832e-01, -4.06616006e-02,  2.44690777e-01, -1.14689329e-02]), array([ 1.69353815e-01,  1.31874321e+00, -5.19349054e-01, -1.80215158e-01,
        8.82493648e-01,  2.44207068e+00, -1.68858030e-03, -4.52754380e-02,
        4.06732091e-01, -4.04133508e-02,  2.38974013e-01, -1.14566435e-02]), array([ 1.69346196e-01,  1.31851853e+00, -5.17333754e-01, -1.80415968e-01,
        8.83659812e-01,  2.44201345e+00, -1.52365166e-03, -4.49354920e-02,
        4.03060047e-01, -4.01620586e-02,  2.33232865e-01, -1.14464461e-02]), array([ 1.69339065e-01,  1.31829416e+00, -5.15337631e-01, -1.80615512e-01,
        8.84797200e-01,  2.44195626e+00, -1.42618862e-03, -4.48749822e-02,
        3.99224571e-01, -3.99087478e-02,  2.27477570e-01, -1.14383000e-02]), array([ 1.69332100e-01,  1.31806874e+00, -5.13361444e-01, -1.80813784e-01,
        8.85905790e-01,  2.44189910e+00, -1.39299155e-03, -4.50836786e-02,
        3.95237389e-01, -3.96543872e-02,  2.21717892e-01, -1.14321617e-02]), array([ 1.69324996e-01,  1.31784098e+00, -5.11405894e-01, -1.81010784e-01,
        8.86985605e-01,  2.44184196e+00, -1.42087618e-03, -4.55512201e-02,
        3.91110055e-01, -3.93998916e-02,  2.15963128e-01, -1.14279851e-02]), array([ 1.69317463e-01,  1.31760965e+00, -5.09471624e-01, -1.81206514e-01,
        8.88036716e-01,  2.44178483e+00, -1.50667996e-03, -4.62671416e-02,
        3.86853933e-01, -3.91461221e-02,  2.10222113e-01, -1.14257222e-02]), array([ 0.17268685,  1.31916089, -0.50598624, -0.17569447,  0.8880503 ,
        2.45132687,  0.67387756,  0.31024944,  0.69707746,  1.1024081 ,
        0.00271646,  1.90840722]), array([ 0.17833632,  1.31645711, -0.50023399, -0.17038073,  0.89444879,
        2.45059167,  1.12989371, -0.54075608,  1.15045034,  1.06274796,
        1.27969774, -0.14703957]), array([ 0.18577425,  1.30957767, -0.49068009, -0.16596619,  0.90374503,
        2.44005599,  1.48758682, -1.37588908,  1.91077885,  0.88290792,
        1.85924817, -2.10713506]), array([ 0.19451032,  1.29804346, -0.47672447, -0.15713383,  0.91710252,
        2.43983466,  1.74721413, -2.30684113,  2.79112452,  1.76647309,
        2.6714989 , -0.04426651]), array([ 0.20402208,  1.28971801, -0.46442453, -0.14466018,  0.92929331,
        2.42888885,  1.90235116, -1.66508958,  2.45998745,  2.49472968,
        2.43815742, -2.18916159]), array([ 0.21307644,  1.27850745, -0.45092737, -0.13627293,  0.94223709,
        2.42912611,  1.8108718 , -2.24211351,  2.6994322 ,  1.6774495 ,
        2.58875539,  0.04745117]), array([ 0.22273559,  1.27074432, -0.4396905 , -0.12507192,  0.95342768,
        2.4390865 ,  1.93182978, -1.55262539,  2.24737322,  2.24020171,
        2.23811945,  1.99207839]), array([ 0.23203575,  1.26737857, -0.43233752, -0.11775795,  0.96092641,
        2.43869281,  1.86003292, -0.67314885,  1.47059648,  1.46279388,
        1.49974431, -0.07873711]), array([ 0.24094628,  1.26114872, -0.42396087, -0.11354334,  0.96901213,
        2.42857225,  1.78210505, -1.2459716 ,  1.67532964,  0.84292334,
        1.61714511, -2.02411247]), array([ 0.25033885,  1.25732945, -0.41572736, -0.10644568,  0.9770689 ,
        2.42855222,  1.8785136 , -0.76385313,  1.64670188,  1.4195313 ,
        1.61135446, -0.00400556]), array([ 0.26031904,  1.25779532, -0.41165529, -0.09577751,  0.98142622,
        2.41788437,  1.99603863,  0.09317404,  0.81441462,  2.13363351,
        0.87146386, -2.13356981]), array([ 0.27070966,  1.25493091, -0.40610297, -0.08188442,  0.98698066,
        2.41766862,  2.07812367, -0.57288199,  1.11046507,  2.77861959,
        1.11088814, -0.04315037]), array([ 2.81589828e-01,  1.25494009e+00, -4.01803343e-01, -6.53316874e-02,
        9.91658141e-01,  2.42720896e+00,  2.17603429e+00,  1.83557420e-03,
        8.59924468e-01,  3.31054577e+00,  9.35495696e-01,  1.90806787e+00]), array([ 0.29191025,  1.25155154, -0.39544478, -0.05237873,  0.99791149,
        2.42662302,  2.06408368, -0.6777102 ,  1.27171219,  2.59059144,
        1.25067001, -0.1171885 ]), array([ 0.30262144,  1.25105664, -0.39006909, -0.03616435,  1.00304356,
        2.41537607,  2.14223958, -0.09897877,  1.0751394 ,  3.24287656,
        1.02641447, -2.24939076]), array([ 0.31355477,  1.25432525, -0.38776995, -0.01757821,  1.00510746,
        2.41440974,  2.18666559,  0.65372119,  0.4598275 ,  3.71722751,
        0.41277947, -0.19326464]), array([ 3.24379592e-01,  1.25606882e+00, -3.84543532e-01,  1.82843589e-03,
        1.00778181e+00,  2.40934656e+00,  2.16496387e+00,  3.48713097e-01,
        6.45283052e-01,  3.88132914e+00,  5.34868816e-01, -1.01263592e+00]), array([ 0.33422483,  1.25349445, -0.37726807,  0.01640984,  1.01309054,
        2.41516116,  1.96904713, -0.51487381,  1.45509189,  2.91628178,
        1.06174666,  1.1629193 ]), array([ 0.34444779,  1.25362437, -0.37076849,  0.03372708,  1.01781003,
        2.43046946,  2.04459338,  0.02598512,  1.29991571,  3.46344709,
        0.94389892,  3.06165936]), array([ 0.35409023,  1.25769996, -0.36759255,  0.04717225,  1.01928024,
        2.43520106,  1.92848734,  0.81511808,  0.63518953,  2.68903431,
        0.29404193,  0.9463204 ]), array([ 0.3662498 ,  1.26322471, -0.36295586,  0.06561541,  1.01995453,
        2.4310513 ,  2.43191388,  1.10494919,  0.92733694,  3.68863249,
        0.13485656, -0.82995141]), array([ 0.37920166,  1.26515529, -0.35572819,  0.08096581,  1.02076703,
        2.43771135,  2.59037109,  0.38611684,  1.44553516,  3.07007989,
        0.16250009,  1.33200912]), array([ 0.39329422,  1.26261402, -0.34423799,  0.09987134,  1.02477537,
        2.45401836,  2.81851348, -0.50825477,  2.29803962,  3.78110523,
        0.80166881,  3.26140304]), array([ 0.40713919,  1.25597707, -0.32903125,  0.11517983,  1.03137994,
        2.45984154,  2.76899305, -1.32738971,  3.04134838,  3.06169791,
        1.32091358,  1.16463561]), array([ 0.42176113,  1.25248406, -0.31524509,  0.13438109,  1.03716554,
        2.45470996,  2.9243879 , -0.69860282,  2.75723145,  3.84025159,
        1.15711982, -1.02631694]), array([ 0.43608367,  1.25266994, -0.30446342,  0.1494889 ,  1.04060283,
        2.46022662,  2.86450752,  0.03717574,  2.15633344,  3.0215631 ,
        0.68745898,  1.10333351]), array([ 0.45132901,  1.25713767, -0.29785655,  0.16806047,  1.04015434,
        2.47534556,  3.04906787,  0.89354692,  1.32137432,  3.71431377,
       -0.08969841,  3.02378696]), array([ 0.46648242,  1.25778256, -0.28852616,  0.18312018,  1.04154251,
        2.48004654,  3.03068336,  0.12897779,  1.86607793,  3.01194214,
        0.27763498,  0.9401959 ]), array([ 0.48213559,  1.26100973, -0.28049614,  0.20126628,  1.04138241,
        2.47600314,  3.13063359,  0.64543379,  1.6060046 ,  3.62921937,
       -0.03202195, -0.80867878]), array([ 0.49768624,  1.26530242, -0.27291101,  0.2201156 ,  1.04063952,
        2.47602774,  3.11012921,  0.85853794,  1.51702491,  3.76986395,
       -0.1485775 ,  0.0049202 ]), array([ 0.51296554,  1.26595377, -0.2627092 ,  0.23515589,  1.04033444,
        2.46628094,  3.05586075,  0.13027094,  2.04036182,  3.0080577 ,
       -0.06101569, -1.94936065]), array([ 0.52846072,  1.263589  , -0.24913741,  0.25158256,  1.04236999,
        2.46284593,  3.09903706, -0.47295397,  2.71435789,  3.28533508,
        0.40711043, -0.68700252]), array([ 0.54396085,  1.26250984, -0.2363759 ,  0.2666517 ,  1.0434977 ,
        2.45552861,  3.10002465, -0.21583225,  2.55230224,  3.01382687,
        0.22554253, -1.46346278]), array([ 0.55934866,  1.25980874, -0.22243163,  0.27972349,  1.04514287,
        2.4527529 ,  3.07756249, -0.54022028,  2.78885475,  2.61435756,
        0.32903258, -0.55514263]), array([ 0.5749481 ,  1.25621868, -0.20760345,  0.29318622,  1.04699654,
        2.45205397,  3.11988703, -0.71801227,  2.96563679,  2.69254714,
        0.37073524, -0.13978614]), array([ 0.59048769,  1.25171391, -0.19185101,  0.30597819,  1.0492005 ,
        2.45359561,  3.10791877, -0.90095369,  3.15048664,  2.55839484,
        0.44079036,  0.30832769]), array([ 0.6056874 ,  1.24737062, -0.17691551,  0.31713435,  1.04994405,
        2.45498021,  3.03994109, -0.86865855,  2.98710046,  2.23123137,
        0.14871013,  0.27691992]), array([ 0.61955676,  1.24304863, -0.16301889,  0.33020001,  1.04987774,
        2.45610844,  2.77387245, -0.86439827,  2.77932411,  2.61313133,
       -0.01326055,  0.22564663]), array([ 0.63243188,  1.23879752, -0.150045  ,  0.34470524,  1.04875812,
        2.45703427,  2.57502361, -0.85022141,  2.59477709,  2.90104616,
       -0.22392403,  0.18516472]), array([ 0.64443365,  1.23463357, -0.13786564,  0.36011472,  1.04692212,
        2.45781449,  2.40035411, -0.83279033,  2.43587254,  3.08189622,
       -0.36720075,  0.1560448 ]), array([ 0.65566415,  1.23056977, -0.12637714,  0.37599328,  1.04460393,
        2.45849518,  2.24610091, -0.81275991,  2.29770113,  3.1757121 ,
       -0.46363779,  0.13613729]), array([ 0.66620995,  1.22661592, -0.11549549,  0.39199006,  1.04196231,
        2.45911365,  2.10916091, -0.7907693 ,  2.17632865,  3.19935591,
       -0.52832338,  0.12369395]), array([ 0.67614471,  1.22277892, -0.1051524 ,  0.40782498,  1.03910131,
        2.45969998,  1.98695137, -0.76739981,  2.06861775,  3.16698479,
       -0.57220009,  0.11726584]), array([ 0.68553125,  1.21906314, -0.09529203,  0.42327723,  1.03608589,
        2.46027816,  1.87730844, -0.74315669,  1.97207387,  3.09044995,
       -0.60308438,  0.11563788]), array([ 0.69442331,  1.21547082, -0.08586845,  0.43817543,  1.03295362,
        2.46086709,  1.77841071, -0.71846462,  1.88471657,  2.97963958,
       -0.62645329,  0.11778513]), array([ 0.70286691,  1.21200246, -0.07684358,  0.4523893 ,  1.02972338,
        2.4614813 ,  1.68871992, -0.69367074,  1.80497447,  2.84277306,
       -0.64604837,  0.12284204]), array([ 0.71090158,  1.2086572 , -0.06818558,  0.46582256,  1.0264017 ,
        2.4621317 ,  1.60693388, -0.6690514 ,  1.7316006 ,  2.68665347,
       -0.66433693,  0.13007923]), array([ 0.71856132,  1.2054331 , -0.05986755,  0.47840698,  1.02298739,
        2.46282612,  1.5319484 , -0.64482048,  1.66360489,  2.516884  ,
       -0.68286233,  0.13888508]), array([ 0.72587545,  1.20232741, -0.05186655,  0.49009725,  1.01947484,
        2.46356987,  1.46282591, -0.62113806,  1.60020052,  2.33805355,
       -0.70250845,  0.14875016]), array([ 0.7328693 ,  1.19933682, -0.04416274,  0.50086673,  1.01585635,
        2.46436614,  1.39876952, -0.59811879,  1.54076146,  2.15389569,
       -0.72369789,  0.15925379]), array([ 0.7395648 ,  1.19645762, -0.0367388 ,  0.51070385,  1.01212366,
        2.4652164 ,  1.33910126, -0.57583958,  1.4847888 ,  1.96742473,
       -0.74653913,  0.17005204]), array([ 0.74598102,  1.19368589, -0.02957938,  0.51960912,  1.00826898,
        2.46612074,  1.28324383, -0.55434649,  1.43188417,  1.78105216,
       -0.77093484,  0.18086715]), array([ 0.75213455,  1.19101758, -0.02267073,  0.52759254,  1.00428568,
        2.46707813,  1.23070525, -0.53366075,  1.38172853,  1.59668593,
       -0.7966605 ,  0.19147793]), array([ 0.75803988,  1.18844866, -0.01600041,  0.53467162,  1.00016858,
        2.46808668,  1.18106588, -0.51378403,  1.33406541,  1.41581509,
       -0.82342058,  0.2017113 ]), array([ 0.76370971,  1.18597515, -0.00955697,  0.54086953,  0.99591414,
        2.46914386,  1.13396744, -0.49470288,  1.28868758,  1.23958178,
       -0.85088794,  0.2114348 ]), array([ 0.76915523,  1.18359319, -0.00332984,  0.54621374,  0.99152049,
        2.47024661,  1.08910381, -0.47639248,  1.24542638,  1.06884215,
       -0.87873068,  0.22054995]), array([ 0.7743863 ,  1.18129909,  0.00269088,  0.55073483,  0.98698734,
        2.47139154,  1.04621318, -0.45881982,  1.20414328,  0.90421797,
       -0.90662984,  0.22898654]), array([ 0.77941166,  1.17908936,  0.00851449,  0.55446553,  0.98231589,
        2.47257503,  1.00507143, -0.44194627,  1.16472308,  0.74614004,
       -0.93429027,  0.23669762]), array([ 0.78423909,  1.17696071,  0.01414984,  0.55743995,  0.97750865,
        2.4737933 ,  0.9654866 , -0.4257297 ,  1.12706861,  0.59488462,
       -0.96144691,  0.24365524]), array([ 0.78887556,  1.17491008,  0.01960532,  0.55969297,  0.97256931,
        2.47504254,  0.9272941 , -0.41012622,  1.09109643,  0.45060399,
       -0.98786744,  0.24984679]), array([ 0.79332732,  1.17293462,  0.02488899,  0.56125973,  0.96750255,
        2.4763189 ,  0.89035276, -0.39509156,  1.05673347,  0.31335176,
       -1.01335285,  0.25527192]), array([ 0.79760003,  1.17103171,  0.03000856,  0.56217525,  0.96231387,
        2.4776186 ,  0.85454138, -0.38058213,  1.02391439,  0.183104  ,
       -1.03773633,  0.25993996]), array([ 0.80169881,  1.16919893,  0.03497146,  0.56247413,  0.95700946,
        2.47893794,  0.81975592, -0.36655586,  0.99257945,  0.05977658,
       -1.06088127,  0.26386771]), array([ 0.80562835,  1.16743406,  0.03978482,  0.56219033,  0.95159607,
        2.48027332,  0.78590702, -0.35297284,  0.96267299, -0.05676055,
       -1.08267867,  0.26707769]), array([ 0.80939293,  1.16573509,  0.04445553,  0.56135697,  0.94608085,
        2.48162131,  0.75291788, -0.33979577,  0.93414212, -0.16667172,
       -1.10304433,  0.26959662]), array([ 0.81299655,  1.16410013,  0.04899021,  0.56000624,  0.94047127,
        2.48297858,  0.72072253, -0.32699032,  0.90693583, -0.2701461 ,
       -1.12191592,  0.27145423]), array([ 0.81644287,  1.16252751,  0.05339523,  0.55816929,  0.93477502,
        2.48434199,  0.68926428, -0.31452525,  0.8810043 , -0.36739004,
       -1.13925015,  0.27268227]), array([ 0.81973534,  1.16101564,  0.05767672,  0.55587619,  0.92899992,
        2.48570856,  0.6584944 , -0.30237263,  0.85629839, -0.45862104,
       -1.15502009,  0.27331369]), array([ 0.8228772 ,  1.15956311,  0.06184057,  0.55315587,  0.92315385,
        2.48707547,  0.62837101, -0.29050781,  0.83276934, -0.54406291,
       -1.16921267,  0.27338206]), array([ 0.82587149,  1.15816856,  0.06589241,  0.55003616,  0.91724472,
        2.48844007,  0.59885807, -0.27890942,  0.81036852, -0.62394196,
       -1.18182641,  0.27292101]), array([ 0.82872111,  1.15683076,  0.06983765,  0.54654374,  0.91128037,
        2.48979989,  0.56992458, -0.26755929,  0.78904734, -0.69848411,
       -1.19286941,  0.27196388]), array([ 0.83142883,  1.15554855,  0.07368144,  0.54270418,  0.90526859,
        2.49115261,  0.54154378, -0.25644238,  0.76875722, -0.76791262,
       -1.20235752,  0.27054338]), array([ 0.83399729,  1.15432082,  0.07742868,  0.53854195,  0.89921702,
        2.49249607,  0.51369256, -0.2455466 ,  0.74944958, -0.83244647,
       -1.21031275,  0.26869142]), array([ 0.83642904,  1.1531465 ,  0.08108406,  0.53408045,  0.89313321,
        2.49382826,  0.48635087, -0.2348627 ,  0.73107591, -0.89229907,
       -1.21676194,  0.26643886]), array([ 0.83872655,  1.15202458,  0.084652  ,  0.52934206,  0.88702453,
        2.49514734,  0.45950121, -0.22438406,  0.71358788, -0.94767749,
       -1.22173552,  0.26381546]), array([ 0.84089219,  1.15095405,  0.08813669,  0.52434816,  0.8808982 ,
        2.49645159,  0.43312823, -0.21410654,  0.69693741, -0.9987818 ,
       -1.22526652,  0.26084978]), array([ 0.84292828,  1.14993391,  0.09154207,  0.51911913,  0.87476125,
        2.49773943,  0.40721833, -0.20402827,  0.68107686, -1.04580479,
       -1.2273897 ,  0.25756909]), array([ 0.84483708,  1.14896316,  0.09487187,  0.51367447,  0.86862055,
        2.49900943,  0.38175932, -0.19414949,  0.6659591 , -1.08893177,
       -1.22814085,  0.25399939]), array([ 0.84662078,  1.1480408 ,  0.09812956,  0.50803277,  0.86248277,
        2.50026026,  0.35674013, -0.18447231,  0.65153767, -1.12834053,
       -1.22755616,  0.25016539]), array([ 0.84828153,  1.1471658 ,  0.10131839,  0.50221176,  0.85635441,
        2.50149071,  0.33215053, -0.17500058,  0.63776693, -1.16420138,
       -1.22567174,  0.2460905 ]), array([ 0.84982144,  1.1463371 ,  0.1044414 ,  0.49622838,  0.85024179,
        2.50269969,  0.30798093, -0.16573967,  0.62460217, -1.19667731,
       -1.22252323,  0.24179687]), array([ 0.85124255,  1.14555362,  0.1075014 ,  0.49009876,  0.84415107,
        2.50388622,  0.28422217, -0.15669628,  0.61199972, -1.22592414,
       -1.21814547,  0.23730541]), array([ 0.85254688,  1.14481423,  0.11050099,  0.4838383 ,  0.8380882 ,
        2.5050494 ,  0.26086532, -0.1478783 ,  0.59991708, -1.25209075,
       -1.21257229,  0.23263581]), array([ 0.85373638,  1.14411775,  0.11344255,  0.47746171,  0.83205902,
        2.50618843,  0.23790156, -0.1392946 ,  0.58831304, -1.27531933,
       -1.20583629,  0.2278066 ]), array([ 0.85481299,  1.14346298,  0.11632829,  0.47098298,  0.82606918,
        2.50730261,  0.21532206, -0.1309549 ,  0.57714772, -1.2957456 ,
       -1.19796875,  0.22283517]), array([ 0.85577858,  1.14284863,  0.11916021,  0.46441548,  0.82012418,
        2.5083913 ,  0.19311783, -0.12286961,  0.56638271, -1.31349909,
       -1.1889995 ,  0.21773782]), array([ 0.85663498,  1.14227338,  0.12194011,  0.45777197,  0.8142294 ,
        2.50945395,  0.17127965, -0.11504967,  0.55598107, -1.32870338,
       -1.17895695,  0.21252983]), array([ 0.85738397,  1.14173585,  0.12466965,  0.45106458,  0.80839006,
        2.51049007,  0.149798  , -0.10750644,  0.54590747, -1.34147637,
       -1.16786801,  0.20722547]), array([ 0.85802729,  1.14123459,  0.12735029,  0.44430493,  0.80261127,
        2.51149927,  0.12866299, -0.10025153,  0.53612817, -1.35193048,
       -1.15575816,  0.20183805]), array([ 0.85856661,  1.14076811,  0.12998334,  0.43750407,  0.79689801,
        2.51248117,  0.10786431, -0.09329672,  0.52661107, -1.36017294,
       -1.14265147,  0.19637998]), array([ 0.85900356,  1.14033484,  0.13256997,  0.43067254,  0.79125516,
        2.51343548,  0.08739121, -0.08665382,  0.51732577, -1.36630599,
       -1.12857065,  0.19086283]), array([ 0.85933973,  1.13993317,  0.13511119,  0.4238204 ,  0.78568747,
        2.51436197,  0.06723246, -0.08033459,  0.50824353, -1.3704271 ,
       -1.11353715,  0.1852973 ]), array([ 0.85957661,  1.13956141,  0.13760788,  0.41695725,  0.78019961,
        2.51526043,  0.04737634, -0.07435063,  0.49933732, -1.37262917,
       -1.09757126,  0.17969338]), array([ 0.85971566,  1.13921785,  0.14006079,  0.41009225,  0.77479615,
        2.51613073,  0.02781066, -0.06871326,  0.49058181, -1.37300072,
       -1.08069215,  0.17406027]), array([ 0.85975827,  1.13890068,  0.14247055,  0.40323412,  0.76948156,
        2.51697277,  0.00852273, -0.06343351,  0.48195332, -1.3716261 ,
       -1.06291802,  0.16840651]), array([ 0.85970577,  1.13860807,  0.1448377 ,  0.39639119,  0.76426023,
        2.51778647, -0.0105006 , -0.05852198,  0.47342989, -1.36858567,
       -1.04426621,  0.16273998]), array([ 0.85955941,  1.13833813,  0.14716266,  0.38957141,  0.75913647,
        2.51857181, -0.02927294, -0.05398881,  0.46499114, -1.36395591,
       -1.02475329,  0.15706793]), array([ 0.85932037,  1.13808891,  0.14944575,  0.38278236,  0.75411449,
        2.51932879, -0.0478083 , -0.0498436 ,  0.45661834, -1.35780967,
       -1.00439515,  0.15139706]), array([ 0.85895369,  1.13774673,  0.15153278,  0.37628055,  0.74906253,
        2.52004072, -0.07333424, -0.06843554,  0.41740623, -1.3003626 ,
       -1.01039172,  0.14238529])], 'U_history': [array([ 1.59690033e-03, -7.40652212e-05, -7.87796343e-05, -5.67373877e-04,
       -5.85858353e-04,  5.89726592e-19]), array([ 0.02450082,  0.07857946, -0.00475672, -0.0073312 ,  0.09631403,
        0.00601423]), array([ 0.04717089,  0.15523347, -0.00256623, -0.01365385,  0.17447817,
        0.00964189]), array([ 0.06951628,  0.22976428,  0.00500653, -0.01953525,  0.2383781 ,
        0.01190099]), array([ 0.09147695,  0.30212069,  0.01679392, -0.02498633,  0.29141422,
        0.01336572]), array([ 0.11301756,  0.37231144,  0.03188146, -0.03002841,  0.336176  ,
        0.01436255]), array([ 0.13412238,  0.44039604,  0.04955748, -0.03469039,  0.37463964,
        0.01507894]), array([ 0.15479051,  0.50647564,  0.06927242, -0.03900564,  0.40831704,
        0.01562383]), array([ 0.17503144,  0.5706829 ,  0.09060496, -0.04300919,  0.4383671 ,
        0.01606141]), array([ 0.19486171,  0.63317162,  0.11323384, -0.04673574,  0.46567895,
        0.01643015]), array([ 0.21430269,  0.69410809,  0.13691528, -0.05021851,  0.49093477,
        0.01675347]), array([ 0.23337942,  0.75366492,  0.16146569, -0.05348858,  0.51465801,
        0.01704597]), array([ 0.25211987,  0.81201721,  0.18674877, -0.05657459,  0.53725063,
        0.01731688]), array([ 0.27055438,  0.8693403 ,  0.21266567, -0.05950265,  0.55902192,
        0.01757216]), array([ 0.28871518,  0.92580825,  0.23914751, -0.0622963 ,  0.58021062,
        0.01781574]), array([ 0.30663586,  0.98159292,  0.26614938, -0.06497664,  0.60100184,
        0.01805025]), array([ 0.32435089,  1.03686311,  0.29364564, -0.06756236,  0.62153989,
        0.0182775 ]), array([ 0.34189519,  1.09178389,  0.32162594, -0.07006998,  0.64193795,
        0.01849876]), array([ 0.35930371,  1.14651596,  0.35009204, -0.07251399,  0.66228545,
        0.01871494]), array([ 0.37661107,  1.20121511,  0.37905513, -0.07490702,  0.68265351,
        0.01892672]), array([ 0.39694201,  1.2511918 ,  0.40520599, -0.07868517,  0.7009161 ,
        0.01913464]), array([ 0.41436735,  1.30581309,  0.43496321, -0.08098549,  0.72151674,
        0.01931119]), array([ 0.43179699,  1.3608286 ,  0.46528684, -0.08328218,  0.74224315,
        0.01949808]), array([ 0.44926095,  1.41636974,  0.49620573, -0.08557811,  0.76313384,
        0.01968914]), array([ 0.46678756,  1.47256056,  0.52775016, -0.08787601,  0.78421942,
        0.01988121]), array([ 0.48440336,  1.52951735,  0.5599507 , -0.09017835,  0.80552401,
        0.02007274]), array([ 0.50213283,  1.58734805,  0.5928372 , -0.09248729,  0.82706622,
        0.02026306]), array([ 0.51999836,  1.64615185,  0.62643787, -0.09480462,  0.84885991,
        0.02045197]), array([ 0.53802003,  1.70601876,  0.66077854, -0.09713177,  0.87091469,
        0.02063951]), array([ 0.55621551,  1.76702912,  0.69588196, -0.09946979,  0.89323634,
        0.02082582]), array([ 0.57459997,  1.82925328,  0.73176721, -0.10181937,  0.91582704,
        0.02101111]), array([ 0.59318599,  1.89275119,  0.76844917, -0.10418083,  0.93868555,
        0.0211956 ]), array([ 0.61198346,  1.95757207,  0.80593808, -0.10655416,  0.96180738,
        0.02137951]), array([ 0.63099951,  2.02375411,  0.84423909, -0.108939  ,  0.98518485,
        0.02156304]), array([ 0.6502385 ,  2.09132422,  0.88335199, -0.11133469,  1.00880716,
        0.02174638]), array([ 0.66970194,  2.16029779,  0.92327088, -0.11374024,  1.03266049,
        0.02192968]), array([ 0.68938851,  2.23067851,  0.96398395, -0.11615438,  1.05672798,
        0.02211308]), array([ 0.70929402,  2.30245828,  1.00547331, -0.11857557,  1.08098989,
        0.02229667]), array([ 0.72941145,  2.37561711,  1.04771486, -0.12100199,  1.10542356,
        0.02248054]), array([ 0.74973095,  2.45012314,  1.09067822, -0.12343158,  1.13000354,
        0.02266471]), array([ 0.78222029,  2.51893419,  1.12951168, -0.13052839,  1.15197679,
        0.02284919]), array([ 0.80320366,  2.59572931,  1.17369988, -0.13265674,  1.17696678,
        0.02295506]), array([ 0.82432995,  2.67372253,  1.2184936 , -0.1348476 ,  1.20195713,
        0.02310359]), array([ 0.84557964,  2.75283451,  1.26383516, -0.13708341,  1.22692622,
        0.02327406]), array([ 0.86693041,  2.83297527,  1.30966174, -0.13934972,  1.25184681,
        0.02345532]), array([ 0.88835741,  2.91404442,  1.35590543, -0.14163438,  1.27668704,
        0.02364143]), array([ 0.90983343,  2.99593158,  1.40249327, -0.14392697,  1.30141128,
        0.02382922]), array([ 0.9313291 ,  3.0785168 ,  1.44934749, -0.14621841,  1.32598077,
        0.02401702]), array([ 0.95281311,  3.16167108,  1.49638574, -0.14850066,  1.35035425,
        0.02420389]), array([ 0.97425244,  3.24525698,  1.5435214 , -0.15076653,  1.37448838,
        0.02438929]), array([ 0.99561255,  3.32912925,  1.59066395, -0.15300945,  1.39833824,
        0.02457287]), array([ 1.0168576 ,  3.41313554,  1.63771939, -0.15522343,  1.42185771,
        0.02475433]), array([ 1.03795069,  3.49711718,  1.6845907 , -0.15740291,  1.44499984,
        0.02493341]), array([ 1.05885409,  3.58090996,  1.73117829, -0.15954272,  1.46771717,
        0.02510982]), array([ 1.07952947,  3.66434501,  1.77738056, -0.16163803,  1.48996213,
        0.02528328]), array([ 1.09993813,  3.74724965,  1.82309439, -0.16368429,  1.51168727,
        0.02545348]), array([ 1.12004126,  3.82944833,  1.86821571, -0.16567724,  1.53284564,
        0.02562007]), array([ 1.13980013,  3.91076353,  1.91264006, -0.16761289,  1.55339103,
        0.02578272]), array([ 1.15917636,  3.99101673,  1.95626315, -0.16948748,  1.57327829,
        0.02594105]), array([ 1.17813211,  4.07002935,  1.99898145, -0.17129751,  1.59246358,
        0.0260947 ]), array([ 1.15934495,  4.18766921,  2.06814994, -0.15804897,  1.62898079,
        0.0262433 ]), array([ 1.17720199,  4.26417681,  2.10868216, -0.16097296,  1.64477215,
        0.02669201]), array([ 1.19457747,  4.33877105,  2.14790804, -0.16358192,  1.66013708,
        0.02696671]), array([ 1.21143358,  4.41129653,  2.18575393, -0.16592742,  1.67493964,
        0.02714883]), array([ 1.22773498,  4.48159973,  2.22214391, -0.16804863,  1.68907088,
        0.02728157]), array([ 1.24344876,  4.54953046,  2.25700177, -0.1699756 ,  1.70244297,
        0.02738746]), array([ 1.25854441,  4.6149432 ,  2.29025262, -0.17173162,  1.71498488,
        0.02747793]), array([ 1.27299382,  4.67769824,  2.32182418, -0.17333483,  1.72663909,
        0.02755853]), array([ 1.28677132,  4.73766273,  2.3516478 , -0.17479951,  1.73735915,
        0.02763169]), array([ 1.29985369,  4.79471155,  2.3796593 , -0.17613692,  1.74710784,
        0.02769826]), array([ 1.31222023,  4.8487281 ,  2.40579962, -0.17735606,  1.75585582,
        0.02775833]), array([ 1.32385273,  4.89960495,  2.43001538, -0.1784642 ,  1.76358059,
        0.02781164]), array([ 1.33473552,  4.94724445,  2.45225933, -0.17946727,  1.77026564,
        0.02785782]), array([ 1.34485548,  4.99155922,  2.47249062, -0.18037021,  1.77589989,
        0.02789647]), array([ 1.35420203,  5.03247254,  2.49067514, -0.18117721,  1.78047719,
        0.02792725]), array([ 1.36276712,  5.06991866,  2.50678562, -0.18189192,  1.78399594,
        0.02794987]), array([ 1.37054522,  5.10384305,  2.52080182, -0.1825176 ,  1.78645877,
        0.02796412]), array([ 1.37753326,  5.13420258,  2.53271054, -0.18305722,  1.78787224,
        0.02796986]), array([ 1.38373061,  5.16096557,  2.54250567, -0.18351359,  1.78824669,
        0.02796702]), array([ 1.38913901,  5.18411185,  2.55018812, -0.18388939,  1.78759592,
        0.02795557]), array([ 1.3937625 ,  5.20363267,  2.55576573, -0.18418725,  1.78593707,
        0.02793557]), array([ 1.39760736,  5.2195306 ,  2.55925318, -0.18440978,  1.78329038,
        0.02790711]), array([ 1.40068201,  5.23181937,  2.56067181, -0.1845596 ,  1.77967903,
        0.02787032]), array([ 1.40299694,  5.24052359,  2.56004938, -0.18463935,  1.77512894,
        0.0278254 ]), array([ 1.40456457,  5.24567853,  2.55741991, -0.1846517 ,  1.76966855,
        0.02777257]), array([ 1.40539919,  5.24732972,  2.55282337, -0.18459939,  1.7633287 ,
        0.02771207]), array([ 1.40551683,  5.24553258,  2.5463054 , -0.18448518,  1.75614236,
        0.02764421]), array([ 1.40493514,  5.24035202,  2.53791701, -0.18431187,  1.74814448,
        0.0275693 ]), array([ 1.40367327,  5.23186194,  2.52771424, -0.18408231,  1.73937179,
        0.02748768]), array([ 1.40175176,  5.22014475,  2.51575783, -0.18379937,  1.72986256,
        0.02739971]), array([ 1.39919244,  5.20529084,  2.50211283, -0.18346596,  1.71965647,
        0.02730578]), array([ 1.39601823,  5.18739804,  2.48684824, -0.18308499,  1.70879433,
        0.02720628]), array([ 1.39225311,  5.16657102,  2.47003662, -0.18265936,  1.69731797,
        0.02710163]), array([ 1.38792195,  5.1429207 ,  2.45175371, -0.18219199,  1.68526995,
        0.02699225]), array([ 1.38305039,  5.11656371,  2.432078  , -0.18168576,  1.67269345,
        0.02687858]), array([ 1.37766472,  5.08762167,  2.41109039, -0.18114354,  1.65963202,
        0.02676105]), array([ 1.37179177,  5.05622069,  2.38887373, -0.18056814,  1.64612944,
        0.02664011]), array([ 1.36545882,  5.02249069,  2.36551248, -0.17996234,  1.63222951,
        0.02651619]), array([ 1.35869344,  4.98656477,  2.34109228, -0.17932885,  1.6179759 ,
        0.02638975]), array([ 1.35152342,  4.94857868,  2.31569961, -0.17867034,  1.60341198,
        0.02626122]), array([ 1.34397668,  4.90867016,  2.28942137, -0.17798938,  1.58858065,
        0.02613104]), array([ 1.33608111,  4.86697837,  2.26234458, -0.17728847,  1.5735242 ,
        0.02599964]), array([ 1.32786456,  4.82364334,  2.23455599, -0.17657004,  1.55828419,
        0.02586743]), array([ 1.3193547 ,  4.77880541,  2.20614177, -0.17583642,  1.5429013 ,
        0.02573483]), array([ 1.31057893,  4.73260471,  2.17718717, -0.17508983,  1.5274152 ,
        0.02560224]), array([ 1.30156433,  4.68518061,  2.14777627, -0.17433242,  1.51186447,
        0.02547005]), array([ 1.2923376 ,  4.63667132,  2.11799164, -0.17356623,  1.49628648,
        0.02533862]), array([ 1.28292494,  4.58721336,  2.08791413, -0.1727932 ,  1.48071732,
        0.02520831]), array([ 1.27335204,  4.53694116,  2.0576226 , -0.17201515,  1.46519167,
        0.02507947]), array([ 1.263644  ,  4.48598667,  2.02719371, -0.17123383,  1.44974282,
        0.02495242]), array([ 1.25382526,  4.43447897,  1.99670172, -0.17045087,  1.43440252,
        0.02482747]), array([ 1.24391961,  4.38254394,  1.96621831, -0.1696678 ,  1.419201  ,
        0.0247049 ]), array([ 1.23395007,  4.33030395,  1.93581241, -0.16888604,  1.40416689,
        0.02458499]), array([ 1.22393894,  4.27787758,  1.9055501 , -0.16810694,  1.38932722,
        0.02446798]), array([ 1.21390768,  4.22537937,  1.87549443, -0.16733172,  1.37470737,
        0.02435412]), array([ 1.20387697,  4.17291958,  1.84570538, -0.16656155,  1.36033109,
        0.02424362]), array([ 1.19386661,  4.12060406,  1.81623978, -0.16579746,  1.34622046,
        0.02413667]), array([ 1.18389555,  4.06853401,  1.78715118, -0.16504044,  1.33239595,
        0.02403344]), array([ 1.17398186,  4.01680592,  1.75848993, -0.16429137,  1.31887638,
        0.02393411]), array([ 1.16414273,  3.96551144,  1.73030304, -0.16355106,  1.30567895,
        0.0238388 ]), array([ 1.15439444,  3.91473728,  1.70263424, -0.16282025,  1.29281929,
        0.02374763]), array([ 1.14475237,  3.86456519,  1.67552399, -0.1620996 ,  1.28031146,
        0.02366072]), array([ 1.13523102,  3.81507195,  1.64900946, -0.16138972,  1.26816802,
        0.02357816]), array([ 1.12584397,  3.7663293 ,  1.62312463, -0.16069113,  1.25640004,
        0.0235    ]), array([ 1.11660394,  3.71840402,  1.59790029, -0.16000432,  1.24501714,
        0.02342632]), array([ 1.10752274,  3.67135795,  1.57336411, -0.1593297 ,  1.23402758,
        0.02335714]), array([ 1.09861134,  3.62524804,  1.54954075, -0.15866765,  1.22343827,
        0.02329251]), array([ 1.08987985,  3.58012644,  1.52645188, -0.15801849,  1.21325483,
        0.02323242]), array([ 1.08133752,  3.53604054,  1.50411632, -0.15738249,  1.20348168,
        0.02317689]), array([ 1.0729928 ,  3.49303317,  1.48255013, -0.1567599 ,  1.19412204,
        0.02312589]), array([ 1.06485334,  3.45114261,  1.46176668, -0.1561509 ,  1.18517803,
        0.02307942]), array([ 1.05692601,  3.41040279,  1.44177681, -0.15555566,  1.17665073,
        0.02303742]), array([ 1.04921692,  3.3708434 ,  1.42258889, -0.15497431,  1.16854021,
        0.02299987]), array([ 1.04173143,  3.33249006,  1.40420897, -0.15440694,  1.16084561,
        0.0229667 ]), array([ 1.03447422,  3.29536441,  1.38664088, -0.15385364,  1.15356518,
        0.02293787]), array([ 1.02744927,  3.25948437,  1.36988637, -0.15331443,  1.14669639,
        0.02291329]), array([ 1.0206599 ,  3.22486419,  1.35394519, -0.15278934,  1.1402359 ,
        0.02289289]), array([ 1.0141088 ,  3.19151471,  1.33881526, -0.15227836,  1.1341797 ,
        0.0228766 ]), array([ 1.00779807,  3.15944348,  1.32449275, -0.15178148,  1.12852311,
        0.02286432]), array([ 1.00172921,  3.12865494,  1.31097222, -0.15129864,  1.12326086,
        0.02285597]), array([60., 60., 30., 10., 10., 10.]), array([ 60.        , -60.        ,   0.51515204, -10.        ,
         9.43652929, -10.        ]), array([ 49.52463897, -60.        ,   7.51897483, -10.        ,
         3.67084893, -10.        ]), array([ 21.67310421, -60.        ,  14.50342506,  10.        ,
         6.83935766,  10.        ]), array([ 10.30168054,  60.        ,  13.22972726,  10.        ,
         6.59907414, -10.        ]), array([  5.89579397, -60.        ,  -8.86111092, -10.        ,
        -3.31118981,  10.        ]), array([ 7.33908657, 60.        ,  8.84021945, 10.        ,  4.76354989,
       10.        ]), array([  7.28128889,  60.        ,  -4.85150137, -10.        ,
        -1.68136596, -10.        ]), array([  6.65516346, -60.        , -11.49803982, -10.        ,
        -4.54073233, -10.        ]), array([ 5.47352649, 60.        , 22.01784053, 10.        , 10.        ,
       10.        ]), array([  6.14602304,  60.        ,  -7.01307428,  10.        ,
        -2.88117221, -10.        ]), array([  4.39033344, -60.        ,  -8.45206406,  10.        ,
        -3.01727174,  10.        ]), array([ 6.84134303, 60.        , 13.15077845, 10.        ,  6.43309619,
       10.        ]), array([  5.52692927, -60.        ,  -5.07797145, -10.        ,
        -1.52861723, -10.        ]), array([  3.91192211,  60.        ,  14.49967762,  10.        ,
         5.8623392 , -10.        ]), array([ 1.83276941, 60.        , -0.773027  , 10.        , -0.73242396,
       10.        ]), array([  1.40706151, -24.        ,  -1.6512477 ,   4.        ,
        -0.32585318,  -4.        ]), array([ -1.11720148, -60.        ,   8.31055315, -10.        ,
         3.04670711,  10.        ]), array([ 4.43418116, 60.        , 16.52803597, 10.        ,  7.37223707,
       10.        ]), array([  5.74217324,  60.        ,  -2.67247021, -10.        ,
        -1.63932028, -10.        ]), array([48.        , 48.        , 24.        ,  8.        ,  6.51508923,
       -8.        ]), array([ 35.03294883, -60.        ,  -3.09916225, -10.        ,
        -4.43884161,  10.        ]), array([ 21.0168883 , -60.        ,  11.00165589,  10.        ,
         4.44426354,  10.        ]), array([ 13.53326232, -60.        ,   8.40235093, -10.        ,
         2.99477369, -10.        ]), array([ 12.90365056,  60.        ,  13.67108927,  10.        ,
         6.07921344, -10.        ]), array([ 14.20949589,  60.        ,   2.78793424, -10.        ,
         0.9772597 ,  10.        ]), array([18.58241816, 60.        , -7.71437057, 10.        , -4.45584033,
       10.        ]), array([ 1.82295415e+01, -6.00000000e+01, -1.42029006e-02, -1.00000000e+01,
       -2.08410773e-01, -1.00000000e+01]), array([11.29367582, 48.        ,  7.56369729,  8.        ,  2.06187065,
       -8.        ]), array([ 4.71103836, 24.        ,  5.94616085,  4.        ,  2.14803949,
        4.        ]), array([ 15.67079411, -60.        ,  -1.65921345, -10.        ,
        -3.47776672, -10.        ]), array([  7.68934464, -36.        ,  13.57174551,   6.        ,
         5.38059653,   6.        ]), array([14.02906477, 24.        ,  5.37295259, -4.        ,  1.13081241,
       -4.        ]), array([ 12.04708406, -24.        ,   3.55084648,  -4.        ,
         0.57909242,   4.        ]), array([ 12.        , -12.        ,   5.30397767,   2.        ,
         1.12612286,   2.        ]), array([ 12.        , -12.        ,   5.83612325,  -2.        ,
         0.80571116,   2.        ]), array([ 0., -0., -0.,  0., -0., -0.]), array([-2.38170912e+01, -1.12124869e+01, -7.81085801e+00,  1.00000000e+01,
       -3.34955742e+00, -8.43768599e-15]), array([-1.84052967e+01, -8.30297449e+00, -5.85237133e+00,  9.12711921e+00,
       -2.49255719e+00, -5.39294228e-15]), array([-1.43069782e+01, -5.41561544e+00, -3.87018239e+00,  6.96974520e+00,
       -1.47942522e+00, -1.02664610e-15]), array([-1.09130912e+01, -3.16289616e+00, -2.33647504e+00,  5.17928049e+00,
       -7.51856090e-01, -1.46218591e-15]), array([-8.10958716e+00, -1.40028696e+00, -1.14791298e+00,  3.69793282e+00,
       -2.38855211e-01, -2.59079120e-15]), array([-5.80006705e+00, -1.83652300e-02, -2.25791077e-01,  2.47640743e+00,
        1.14658607e-01, -1.48459437e-15]), array([-3.90340766e+00,  1.06621573e+00,  4.90002489e-01,  1.47287652e+00,
        3.51043791e-01, -1.03274541e-15]), array([-2.35149163e+00,  1.91735545e+00,  1.04552604e+00,  6.51957466e-01,
        5.02602533e-01, -5.80867847e-16]), array([-1.08717586e+00,  2.58438245e+00,  1.47619812e+00, -1.62267274e-02,
        5.93760503e-01, -2.99534882e-16]), array([-6.25372246e-02,  3.10565013e+00,  1.80936487e+00, -5.56877279e-01,
        6.42822026e-01,  5.70907123e-17]), array([ 7.62613346e-01,  3.51119582e+00,  2.06623155e+00, -9.91235974e-01,
        6.63368078e-01,  4.58483985e-16]), array([ 1.42197699e+00,  3.82471289e+00,  2.26331626e+00, -1.33719567e+00,
        6.65360432e-01, -1.27184934e-16]), array([ 1.94380776e+00,  4.06501846e+00,  2.41354523e+00, -1.60981709e+00,
        6.56007562e-01,  2.81822721e-16]), array([ 2.35178176e+00,  4.24715026e+00,  2.52707904e+00, -1.82176500e+00,
        6.40439417e-01,  7.44168364e-16]), array([ 2.66572417e+00,  4.38319065e+00,  2.61193724e+00, -1.98367633e+00,
        6.22230044e-01,  1.12954942e-15]), array([ 2.90221902e+00,  4.48288954e+00,  2.67447211e+00, -2.10447109e+00,
        6.03799888e-01,  1.74642112e-15]), array([ 3.07512223e+00,  4.55413904e+00,  2.71972927e+00, -2.19161556e+00,
        5.86723484e-01,  3.55349961e-16]), array([ 3.19599416e+00,  4.60333831e+00,  2.75172365e+00, -2.25134547e+00,
        5.71963166e-01,  8.78445010e-16]), array([ 3.27446523e+00,  4.63567688e+00,  2.77365192e+00, -2.28885568e+00,
        5.60045260e-01,  2.21262151e-17]), array([ 3.31854506e+00,  4.65535713e+00,  2.78805720e+00, -2.30846162e+00,
        5.51191791e-01,  2.23616080e-16]), array([ 3.33488409e+00,  4.66577095e+00,  2.79695768e+00, -2.31373675e+00,
        5.45418028e-01,  1.50599027e-15]), array([ 3.32899478e+00,  4.66964164e+00,  2.80194793e+00, -2.30762982e+00,
        5.42603935e-01,  1.21375720e-15]), array([ 3.30543853e+00,  4.66913911e+00,  2.80427938e+00, -2.29256471e+00,
        5.42545847e-01,  3.22693779e-17]), array([ 3.26798321e+00,  4.66597436e+00,  2.80492474e+00, -2.27052546e+00,
        5.44993277e-01,  1.25544204e-15]), array([ 3.21973581e+00,  4.66147757e+00,  2.80463003e+00, -2.24312858e+00,
        5.49674624e-01,  7.94046165e-17]), array([ 3.16325379e+00,  4.65666323e+00,  2.80395679e+00, -2.21168451e+00,
        5.56314700e-01,  4.34020673e-16]), array([ 3.10063835e+00,  4.65228460e+00,  2.80331674e+00, -2.17724953e+00,
        5.64646268e-01,  8.05153398e-16]), array([ 3.03361229e+00,  4.64887965e+00,  2.80300022e+00, -2.14066980e+00,
        5.74417262e-01,  4.81878743e-16]), array([ 2.96358496e+00,  4.64680969e+00,  2.80319967e+00, -2.10261838e+00,
        5.85394952e-01,  3.38147077e-16]), array([ 2.89170612e+00,  4.64629217e+00,  2.80402916e+00, -2.06362637e+00,
        5.97367961e-01,  5.08630151e-17]), array([ 2.81891066e+00,  4.64742826e+00,  2.80554052e+00, -2.02410897e+00,
        6.10146838e-01,  6.61800260e-16]), array([ 2.74595555e+00,  4.65022628e+00,  2.80773686e+00, -1.98438722e+00,
        6.23563665e-01,  5.18445581e-16]), array([ 2.67345034e+00,  4.65462145e+00,  2.81058369e+00, -1.94470613e+00,
        6.37471074e-01,  2.59111009e-16]), array([ 2.60188223e+00,  4.66049246e+00,  2.81401826e+00, -1.90524965e+00,
        6.51740899e-01,  6.92823896e-16]), array([ 2.53163675e+00,  4.66767550e+00,  2.81795719e+00, -1.86615299e+00,
        6.66262664e-01,  1.66712784e-15]), array([ 2.46301473e+00,  4.67597589e+00,  2.82230285e+00, -1.82751276e+00,
        6.80942004e-01,  7.04084516e-17]), array([ 2.39624620e+00,  4.68517783e+00,  2.82694857e+00, -1.78939527e+00,
        6.95699106e-01,  4.52416682e-16]), array([ 2.33150189e+00,  4.69505242e+00,  2.83178284e+00, -1.75184322e+00,
        7.10467213e-01,  4.79822752e-16]), array([ 2.26890257e+00,  4.70536433e+00,  2.83669280e+00, -1.71488116e+00,
        7.25191223e-01,  9.00761580e-16]), array([ 2.20852690e+00,  4.71587717e+00,  2.84156693e+00, -1.67851980e+00,
        7.39826383e-01,  4.07034954e-16]), array([ 2.15041775e+00,  4.72635784e+00,  2.84629724e+00, -1.64275948e+00,
        7.54337105e-01,  4.35940206e-16]), array([ 2.09458757e+00,  4.73658002e+00,  2.85078094e+00, -1.60759298e+00,
        7.68695877e-01,  8.02816539e-18]), array([ 2.04102285e+00,  4.74632686e+00,  2.85492171e+00, -1.57300755e+00,
        7.82882285e-01,  1.35456134e-16]), array([ 1.98968780e+00,  4.75539310e+00,  2.85863058e+00, -1.53898667e+00,
        7.96882123e-01,  3.15604764e-16]), array([ 1.94052757e+00,  4.76358657e+00,  2.86182659e+00, -1.50551130e+00,
        8.10686594e-01,  7.17886393e-16]), array([ 1.89347092e+00,  4.77072931e+00,  2.86443718e+00, -1.47256080e+00,
        8.24291584e-01,  1.07310384e-17]), array([ 1.84843259e+00,  4.77665830e+00,  2.86639835e+00, -1.44011371e+00,
        8.37697018e-01,  2.84665510e-16]), array([ 1.80531531e+00,  4.78122581e+00,  2.86765471e+00, -1.40814824e+00,
        8.50906265e-01,  1.02748817e-15]), array([ 1.76401161e+00,  4.78429962e+00,  2.86815939e+00, -1.37664263e+00,
        8.63925615e-01,  1.79151872e-16]), array([ 1.72440546e+00,  4.78576290e+00,  2.86787382e+00, -1.34557543e+00,
        8.76763800e-01, -5.62891305e-17]), array([ 1.68637365e+00,  4.78551399e+00,  2.86676742e+00, -1.31492568e+00,
        8.89431563e-01,  4.15237270e-16]), array([ 1.64978716e+00,  4.78346604e+00,  2.86481733e+00, -1.28467295e+00,
        9.01941269e-01,  6.60260913e-16]), array([ 1.61451235e+00,  4.77954650e+00,  2.86200790e+00, -1.25479745e+00,
        9.14306564e-01, -1.53748273e-16]), array([ 1.58041205e+00,  4.77369657e+00,  2.85833037e+00, -1.22528005e+00,
        9.26542052e-01,  8.07341419e-16]), array([ 1.54734659e+00,  4.76587057e+00,  2.85378234e+00, -1.19610225e+00,
        9.38663026e-01, -8.01126602e-17]), array([ 1.51517479e+00,  4.75603525e+00,  2.84836733e+00, -1.16724616e+00,
        9.50685211e-01,  5.56194110e-16]), array([ 1.48375478e+00,  4.74416911e+00,  2.84209433e+00, -1.13869451e+00,
        9.62624545e-01,  4.43326313e-18]), array([ 1.45294490e+00,  4.73026164e+00,  2.83497730e+00, -1.11043060e+00,
        9.74496985e-01,  3.19846723e-16]), array([ 1.42260440e+00,  4.71431263e+00,  2.82703472e+00, -1.08243828e+00,
        9.86318335e-01,  5.36875764e-16]), array([ 1.39259423e+00,  4.69633141e+00,  2.81828913e+00, -1.05470188e+00,
        9.98104094e-01, -1.76089877e-16]), array([ 1.36277764e+00,  4.67633612e+00,  2.80876670e+00, -1.02720626e+00,
        1.00986933e+00,  8.37262082e-16]), array([0., 0., 0., 0., 0., 0.])], 'ball_pos_history': [array([ 1.13053985, -7.99032736,  1.37098975]), array([ 1.11910172, -7.9468053 ,  1.35572404]), array([ 1.1076636 , -7.90328325,  1.34021308]), array([ 1.09622548, -7.85976119,  1.32445687]), array([ 1.08478736, -7.81623913,  1.30845541]), array([ 1.07334923, -7.77271708,  1.2922087 ]), array([ 1.06191111, -7.72919502,  1.27571674]), array([ 1.05047299, -7.68567297,  1.25897953]), array([ 1.03903487, -7.64215091,  1.24199708]), array([ 1.02759675, -7.59862885,  1.22476937]), array([ 1.01615862, -7.5551068 ,  1.20729641]), array([ 1.0047205 , -7.51158474,  1.1895782 ]), array([ 0.99328238, -7.46806269,  1.17161474]), array([ 0.98184426, -7.42454063,  1.15340603]), array([ 0.97040613, -7.38101857,  1.13495207]), array([ 0.95896801, -7.33749652,  1.11625286]), array([ 0.94752989, -7.29397446,  1.09730841]), array([ 0.93609177, -7.25045241,  1.0781187 ]), array([ 0.92465364, -7.20693035,  1.05868374]), array([ 0.91321552, -7.16340829,  1.03900353]), array([ 0.9017774 , -7.11988624,  1.01907807]), array([ 0.89033928, -7.07636418,  0.99890736]), array([ 0.87890115, -7.03284213,  0.9784914 ]), array([ 0.86746303, -6.98932007,  0.95783019]), array([ 0.85602491, -6.94579801,  0.93692373]), array([ 0.84458679, -6.90227596,  0.91577203]), array([ 0.83314867, -6.8587539 ,  0.89437507]), array([ 0.82171054, -6.81523185,  0.87273286]), array([ 0.81027242, -6.77170979,  0.8508454 ]), array([ 0.7988343 , -6.72818773,  0.82871269]), array([ 0.78739618, -6.68466568,  0.80633473]), array([ 0.77595805, -6.64114362,  0.78371152]), array([ 0.76451993, -6.59762157,  0.76084306]), array([ 0.75308181, -6.55409951,  0.73772936]), array([ 0.74164369, -6.51057745,  0.7143704 ]), array([ 0.73020556, -6.4670554 ,  0.69076619]), array([ 0.71876744, -6.42353334,  0.66691673]), array([ 0.70732932, -6.38001129,  0.64282202]), array([ 0.6958912 , -6.33648923,  0.61848206]), array([ 0.68445307, -6.29296717,  0.59389685]), array([ 0.67301495, -6.24944512,  0.56906639]), array([ 0.66157683, -6.20592306,  0.54399068]), array([ 0.65013871, -6.16240101,  0.51866973]), array([ 0.63870059, -6.11887895,  0.49310352]), array([ 0.62726246, -6.07535689,  0.46729206]), array([ 0.61582434, -6.03183484,  0.44123535]), array([ 0.60438622, -5.98831278,  0.41493339]), array([ 0.5929481 , -5.94479073,  0.38838618]), array([ 0.58150997, -5.90126867,  0.36159372]), array([ 0.57007185, -5.85774661,  0.33455601]), array([ 0.55863373, -5.81422456,  0.30727306]), array([ 0.54719561, -5.7707025 ,  0.27974485]), array([ 0.53575748, -5.72718045,  0.25197139]), array([ 0.52431936, -5.68365839,  0.22395268]), array([ 0.51288124, -5.64013634,  0.19568872]), array([ 0.50144312, -5.59661428,  0.16717951]), array([ 0.49000499, -5.55309222,  0.13842505]), array([ 0.47856687, -5.50957017,  0.10942534]), array([ 0.46712875, -5.46604811,  0.08018038]), array([ 0.45569063, -5.42252606,  0.05069018]), array([ 0.44425251, -5.379004  ,  0.033     ]), array([ 0.43338629, -5.33765805,  0.05505634]), array([ 0.42252007, -5.29631209,  0.07686744]), array([ 0.41165386, -5.25496614,  0.09843328]), array([ 0.40078764, -5.21362019,  0.11975388]), array([ 0.38992142, -5.17227423,  0.14082922]), array([ 0.37905521, -5.13092828,  0.16165931]), array([ 0.36818899, -5.08958233,  0.18224416]), array([ 0.35732278, -5.04823637,  0.20258375]), array([ 0.34645656, -5.00689042,  0.2226781 ]), array([ 0.33559034, -4.96554447,  0.24252719]), array([ 0.32472413, -4.92419851,  0.26213104]), array([ 0.31385791, -4.88285256,  0.28148963]), array([ 0.30299169, -4.84150661,  0.30060297]), array([ 0.29212548, -4.80016065,  0.31947107]), array([ 0.28125926, -4.7588147 ,  0.33809391]), array([ 0.27039305, -4.71746875,  0.35647151]), array([ 0.25952683, -4.67612279,  0.37460385]), array([ 0.24866061, -4.63477684,  0.39249094]), array([ 0.2377944 , -4.59343089,  0.41013279]), array([ 0.22692818, -4.55208494,  0.42752938]), array([ 0.21606196, -4.51073898,  0.44468073]), array([ 0.20519575, -4.46939303,  0.46158682]), array([ 0.19432953, -4.42804708,  0.47824766]), array([ 0.18346332, -4.38670112,  0.49466326]), array([ 0.1725971 , -4.34535517,  0.5108336 ]), array([ 0.16173088, -4.30400922,  0.5267587 ]), array([ 0.15086467, -4.26266326,  0.54243854]), array([ 0.13999845, -4.22131731,  0.55787314]), array([ 0.12913223, -4.17997136,  0.57306248]), array([ 0.11826602, -4.1386254 ,  0.58800657]), array([ 0.1073998 , -4.09727945,  0.60270542]), array([ 0.09653359, -4.0559335 ,  0.61715901]), array([ 0.08566737, -4.01458754,  0.63136736]), array([ 0.07480115, -3.97324159,  0.64533045]), array([ 0.06393494, -3.93189564,  0.65904829]), array([ 0.05306872, -3.89054968,  0.67252089]), array([ 0.0422025 , -3.84920373,  0.68574823]), array([ 0.03133629, -3.80785778,  0.69873033]), array([ 0.02047007, -3.76651182,  0.71146717]), array([ 0.00960386, -3.72516587,  0.72395876]), array([-1.26235993e-03, -3.68381992e+00,  7.36205109e-01]), array([-0.01212858, -3.64247397,  0.7482062 ]), array([-0.02299479, -3.60112801,  0.75996205]), array([-0.03386101, -3.55978206,  0.77147264]), array([-0.04472722, -3.51843611,  0.78273799]), array([-0.05559344, -3.47709015,  0.79375808]), array([-0.06645966, -3.4357442 ,  0.80453292]), array([-0.07732587, -3.39439825,  0.81506252]), array([-0.08819209, -3.35305229,  0.82534686]), array([-0.09905831, -3.31170634,  0.83538596]), array([-0.10992452, -3.27036039,  0.8451798 ]), array([-0.12079074, -3.22901443,  0.85472839]), array([-0.13165695, -3.18766848,  0.86403174]), array([-0.14252317, -3.14632253,  0.87308983]), array([-0.15338939, -3.10497657,  0.88190268]), array([-0.1642556 , -3.06363062,  0.89047027]), array([-0.17512182, -3.02228467,  0.89879261]), array([-0.18598804, -2.98093871,  0.90686971]), array([-0.19685425, -2.93959276,  0.91470155]), array([-0.20772047, -2.89824681,  0.92228815]), array([-0.21858668, -2.85690085,  0.92962949]), array([-0.2294529 , -2.8155549 ,  0.93672558]), array([-0.24031912, -2.77420895,  0.94357643]), array([-0.25118533, -2.732863  ,  0.95018202]), array([-0.26205155, -2.69151704,  0.95654237]), array([-0.27291777, -2.65017109,  0.96265746]), array([-0.28378398, -2.60882514,  0.96852731]), array([-0.2946502 , -2.56747918,  0.9741519 ]), array([-0.30551641, -2.52613323,  0.97953124]), array([-0.31638263, -2.48478728,  0.98466534]), array([-0.32724885, -2.44344132,  0.98955418]), array([-0.33811506, -2.40209537,  0.99419778]), array([-0.34898128, -2.36074942,  0.99859612]), array([-0.3598475 , -2.31940346,  1.00274921]), array([-0.37071371, -2.27805751,  1.00665706]), array([-0.38157993, -2.23671156,  1.01031965]), array([-0.39244614, -2.1953656 ,  1.013737  ]), array([-0.40331236, -2.15401965,  1.01690909]), array([-0.41417858, -2.1126737 ,  1.01983593]), array([-0.42504479, -2.07132774,  1.02251753]), array([-0.43591101, -2.02998179,  1.02495387]), array([-0.44677723, -1.98863584,  1.02714497]), array([-0.45764344, -1.94728988,  1.02909081]), array([-0.46850966, -1.90594393,  1.03079141]), array([-0.47937587, -1.86459798,  1.03224675]), array([-0.49024209, -1.82325203,  1.03345684]), array([-0.50110831, -1.78190607,  1.03442169]), array([-0.51197452, -1.74056012,  1.03514128]), array([-0.52284074, -1.69921417,  1.03561563]), array([-0.53370696, -1.65786821,  1.03584472]), array([-0.54457317, -1.61652226,  1.03582856]), array([-0.55543939, -1.57517631,  1.03556716]), array([-0.5663056 , -1.53383035,  1.0350605 ]), array([-0.57717182, -1.4924844 ,  1.0343086 ]), array([-0.58803804, -1.45113845,  1.03331144]), array([-0.59890425, -1.40979249,  1.03206903]), array([-0.60977047, -1.36844654,  1.03058138]), array([-0.62063669, -1.32710059,  1.02884847]), array([-0.6315029 , -1.28575463,  1.02687032]), array([-0.64236912, -1.24440868,  1.02464691]), array([-0.65323533, -1.20306273,  1.02217826]), array([-0.66410155, -1.16171677,  1.01946435]), array([-0.67496777, -1.12037082,  1.01650519]), array([-0.68583398, -1.07902487,  1.01330079]), array([-0.6967002 , -1.03767891,  1.00985113]), array([-0.70756641, -0.99633296,  1.00615623]), array([-0.71843263, -0.95498701,  1.00221607]), array([-0.72929885, -0.91364106,  0.99803066]), array([-0.74016506, -0.8722951 ,  0.99360001]), array([-0.75103128, -0.83094915,  0.9889241 ]), array([-0.7618975 , -0.7896032 ,  0.98400295]), array([-0.77276371, -0.74825724,  0.97883654]), array([-0.78362993, -0.70691129,  0.97342488]), array([-0.79449614, -0.66556534,  0.96776798]), array([-0.80536236, -0.62421938,  0.96186582]), array([-0.81609576, -0.58459117,  0.95559743]), array([-0.80474525, -0.61650713,  0.93660817]), array([-0.79316778, -0.65062805,  0.91696521]), array([-0.7815903 , -0.68474897,  0.897077  ]), array([-0.77001282, -0.7188699 ,  0.87694354]), array([-0.75843535, -0.75299082,  0.85656483]), array([-0.74685787, -0.78711175,  0.83594087]), array([-0.7352804 , -0.82123267,  0.81507166]), array([-0.72370292, -0.8553536 ,  0.7939572 ]), array([-0.71212544, -0.88947452,  0.77259749]), array([-0.70054797, -0.92359545,  0.75099253]), array([-0.68897049, -0.95771637,  0.72914232]), array([-0.67739301, -0.99183729,  0.70704686]), array([-0.66581554, -1.02595822,  0.68470615]), array([-0.65423806, -1.06007914,  0.66212019]), array([-0.64266058, -1.09420007,  0.63928898]), array([-0.63108311, -1.12832099,  0.61621252]), array([-0.61950563, -1.16244192,  0.59289081]), array([-0.60792815, -1.19656284,  0.56932385]), array([-0.59635068, -1.23068376,  0.54551164]), array([-0.5847732 , -1.26480469,  0.52145418]), array([-0.57319572, -1.29892561,  0.49715147]), array([-0.56161825, -1.33304654,  0.47260351]), array([-0.55004077, -1.36716746,  0.4478103 ]), array([-0.5384633 , -1.40128839,  0.42277184]), array([-0.52688582, -1.43540931,  0.39748813]), array([-0.51530834, -1.46953024,  0.37195917]), array([-0.50373087, -1.50365116,  0.34618496]), array([-0.49215339, -1.53777208,  0.3201655 ]), array([-0.48057591, -1.57189301,  0.29390079]), array([-0.46899844, -1.60601393,  0.26739083]), array([-0.45742096, -1.64013486,  0.24063562]), array([-0.44584348, -1.67425578,  0.21363516]), array([-0.43426601, -1.70837671,  0.18638945]), array([-0.42268853, -1.74249763,  0.15889849]), array([-0.41111105, -1.77661856,  0.13116228]), array([-0.39953358, -1.81073948,  0.10318082]), array([-0.3879561 , -1.8448604 ,  0.07495411]), array([-0.37637862, -1.87898133,  0.04648215]), array([-0.36480115, -1.91310225,  0.033     ]), array([-0.35380255, -1.94551713,  0.05429266]), array([-0.34280394, -1.97793201,  0.07534007]), array([-0.33180534, -2.01034689,  0.09614222]), array([-0.32080674, -2.04276177,  0.11669913]), array([-0.30980814, -2.07517664,  0.13701079]), array([-0.29880953, -2.10759152,  0.1570772 ]), array([-0.28781093, -2.1400064 ,  0.17689835]), array([-0.27681233, -2.17242128,  0.19647426]), array([-0.26581372, -2.20483616,  0.21580492]), array([-0.25481512, -2.23725104,  0.23489033]), array([-0.24381652, -2.26966591,  0.25373048]), array([-0.23281792, -2.30208079,  0.27232539]), array([-0.22181931, -2.33449567,  0.29067505]), array([-0.21082071, -2.36691055,  0.30877946]), array([-0.19982211, -2.39932543,  0.32663861]), array([-0.18882351, -2.4317403 ,  0.34425252]), array([-0.1778249 , -2.46415518,  0.36162118]), array([-0.1668263 , -2.49657006,  0.37874459]), array([-0.1558277 , -2.52898494,  0.39562274]), array([-0.1448291 , -2.56139982,  0.41225565]), array([-0.13383049, -2.5938147 ,  0.42864331]), array([-0.12283189, -2.62622957,  0.44478572]), array([-0.11183329, -2.65864445,  0.46068287]), array([-0.10083469, -2.69105933,  0.47633478])], 'distances_history': [7.7605517159310375, 7.714821684972265, 7.669123869529692, 7.623457933585135, 7.5778236450086895, 7.532220877816962, 7.486649614642185, 7.4411099486549865, 7.395602084817779, 7.350126340594572, 7.304683146294429, 7.259273045203468, 7.213896693629572, 7.1685548609625025, 7.123248429836145, 7.0779783964641565, 7.032745871204724, 6.987552079395107, 6.942398362483707, 6.89728617947681, 6.852217108708986, 6.807192626174485, 6.762214553968144, 6.717284838473974, 6.672405553962542, 6.627578906359885, 6.5828072372211315, 6.538093027926644, 6.493438904109221, 6.448847640315216, 6.4043221648987325, 6.359865565145729, 6.315481092623293, 6.271172168748211, 6.226942390568285, 6.182795536749223, 6.1387355737596625, 6.094766662246498, 6.050893163592653, 6.007119646649155, 5.963450894633439, 5.919891205605836, 5.876445843446559, 5.833120301172358, 5.789920310166843, 5.7468518490863865, 5.703921152568866, 5.661134719824248, 5.6184993231565, 5.576022016447739, 5.533710143623113, 5.491571347106352, 5.449613576269474, 5.407845095875071, 5.366274494505229, 5.324910692967258, 5.283762952662644, 5.242840883901941, 5.202154454144556, 5.161713996138356, 5.119764899836125, 5.074352926651761, 5.029055283512734, 4.983869877960838, 4.938794598038682, 4.89382731081735, 4.8489658626325385, 4.804208080509633, 4.759551774414531, 4.714994740069063, 4.6705347621385185, 4.62616961764662, 4.581897079507514, 4.537714920089605, 4.493620914745261, 4.449612845255212, 4.405688503148214, 4.361845692866029, 4.318082234751442, 4.2743959678434615, 4.230784752469128, 4.187246472625828, 4.14377903815173, 4.100380386685114, 4.05704848541599, 4.013781332635562, 3.9705769590908764, 3.9274334291534463, 3.8843488418117293, 3.8413213314982064, 3.7983490687623944, 3.7554302608015138, 3.71256315186071, 3.6697460235147705, 3.6269771948431435, 3.5842550225098613, 3.541577900759604, 3.4989442613407817, 3.456352573366013, 3.4138013431199274, 3.3712891138236554, 3.3288144653649034, 3.2863760140019624, 3.2439724120495375, 3.201602347553821, 3.159264543963834, 3.116957759805714, 3.074680788366317, 3.0324324573923116, 2.990211628810777, 2.9480171984772845, 2.9058480959574404, 2.8637032843480346, 2.8215817601441513, 2.7794825531589296, 2.737404726503167, 2.6953473766324945, 2.653309633470625, 2.611290660618055, 2.569289655656636, 2.5273058505617128, 2.4853385122349785, 2.443386943172898, 2.401450482287586, 2.3595285058993065, 2.3176204289225235, 2.2757257062705434, 2.233843834507521, 2.191974353780883, 2.150116850072312, 2.1082709578113574, 2.066436362902794, 2.0246128062271054, 1.98280008768337, 1.9409980708555334, 1.8992066883970955, 1.8574259482460664, 1.81565594080231, 1.7738968472238956, 1.7321489490288182, 1.690412639224687, 1.6478081153873718, 1.602992466002232, 1.5563363529284506, 1.5098903788696934, 1.464091158357016, 1.4174160137784095, 1.3712821453716495, 1.3243120064391556, 1.2766967248266825, 1.2296077039879028, 1.1833392490646837, 1.1379086720430551, 1.0929558986149568, 1.0473385586588055, 1.002463260796772, 0.9582002133950149, 0.9143666768230396, 0.8697815173238117, 0.8257177927503421, 0.7806737061838211, 0.7351726970345152, 0.6881722511498165, 0.6417376777936, 0.5945783127365541, 0.5480474085951254, 0.5001986503454708, 0.4526389677604948, 0.4044270943642145, 0.35681766252718433, 0.30966538969001844, 0.26233632823907177, 0.2165911673102444, 0.17195870342270833, 0.13077556790601638, 0.09843833951848435, 0.08575712665867088, 0.08760897428398003, 0.10596050939592355, 0.1340690326759111, 0.16709748546996184, 0.2026960780997258, 0.23976383479491872, 0.2777465675581777, 0.3163397840544281, 0.35536261131643787, 0.3947007460751805, 0.4342786527685763, 0.47404499603352745, 0.5139644632901592, 0.5540128661022949, 0.5941740232569612, 0.6344376671539866, 0.6747979706172471, 0.71525247019585, 0.7558012557958679, 0.7964463474748907, 0.8371912089677778, 0.8780403643008903, 0.9189990940397688, 0.9600731941527015, 1.0012687847180555, 1.0425921586272595, 1.084049662534606, 1.1256476038691938, 1.167392178926112, 1.2092894179994669, 1.251345144276426, 1.2935649438236168, 1.3359541444957765, 1.3785178020038409, 1.421260691712523, 1.4641873050092271, 1.5073018493074746, 1.5506082509277845, 1.5848653596105224, 1.5971189686335256, 1.610278000690732, 1.62431673876246, 1.6392093307027327, 1.6549299006433171, 1.6714526525298754, 1.688751965196413, 1.7068024786137637, 1.7255791711562547, 1.7450574279139974, 1.7652131002342542, 1.786022556803429, 1.8074627266822645, 1.8295111347823207, 1.8521459303242356, 1.8753459088502011, 1.8990905283775523, 1.9233599202801757, 1.9481348954724536, 1.973396946449229, 1.999128245707173, 2.0253116410399157, 2.0519306481632507], 'normal_align_history': [0.7448136466479459, 0.7447894309123432, 0.7447477994045244, 0.7446931914209499, 0.7446285947400226, 0.7445560914757656, 0.7444771918044963, 0.7443930417855241, 0.7443045550618271, 0.7442124975989908, 0.7441175428162361, 0.7440203076334546, 0.7439213759598703, 0.7438213137723968, 0.7437206784864896, 0.7436200244199065, 0.7435199055705408, 0.7434208765480695, 0.743323492242555, 0.7432283066374789, 0.743135871052929, 0.7430465937864887, 0.7429610162025084, 0.7428796747790568, 0.7428030950084357, 0.7427317872009811, 0.7426662432944646, 0.7426069341970144, 0.7425543074207079, 0.7425087848856439, 0.742470760839469, 0.7424405998715429, 0.7424186350186629, 0.74240516596825, 0.7424004573693045, 0.7424047372634368, 0.7424181956490516, 0.7424409831918517, 0.7424732100945408, 0.7425149451380829, 0.742566214906137, 0.7426265684535183, 0.7426959666531984, 0.742774341257888, 0.7428615835832385, 0.742957539593403, 0.7430620083926048, 0.7431747425227542, 0.7432954492229784, 0.7434237922134076, 0.7435593937818841, 0.7437018370655097, 0.7438506684766154, 0.7440054002506755, 0.7441655131059783, 0.7443304590090674, 0.7444996640401567, 0.7446725313511302, 0.744848444206403, 0.7450267690945602, 0.7452068588964527, 0.745389476680287, 0.7455738728606343, 0.7457592375529283, 0.7459447482623098, 0.7461295933033114, 0.7463129827726376, 0.7464941533538471, 0.7466723702368253, 0.7468469278261762, 0.7470171500570008, 0.7471823906881924, 0.7473420337138472, 0.7474954939205563, 0.7476422175667623, 0.7477816831403652, 0.7479134021464326, 0.7480369198799216, 0.7481518161443544, 0.7482577058843551, 0.748354239706719, 0.7484411042708853, 0.748518022535159, 0.7485847538497199, 0.7486410938915121, 0.7486868744395024, 0.7487219629916924, 0.7487462622276752, 0.7487597093225267, 0.7487622751195004, 0.7487539631702954, 0.7487348086527813, 0.7487048771768481, 0.7486642634896898, 0.7486130900922214, 0.7485515057785789, 0.7484796841107481, 0.748397821840299, 0.7483061372890394, 0.748204868700125, 0.7480942725707597, 0.7479746219772, 0.7478462049022089, 0.7477093225745447, 0.7475642878294234, 0.7474114234982163, 0.7472510608349612, 0.7470835379865253, 0.7469091985125493, 0.7467283899605598, 0.7465414625009139, 0.7463487676255319, 0.7461506569136692, 0.74594748086731, 0.7457395878181264, 0.7455273229073083, 0.7453110271390235, 0.7450910365076883, 0.7448676811987562, 0.7446412848622407, 0.7444121639577942, 0.7441806271697567, 0.743946974890276, 0.7437114987682873, 0.7434744813218896, 0.7432361956114479, 0.7429969049705577, 0.7427568627918832, 0.7425163123647592, 0.7422754867613874, 0.7420346087684003, 0.7417938908605544, 0.7415535352133341, 0.7413137337512622, 0.7410746682287802, 0.740836510340631, 0.740599421858757, 0.7403635547928433, 0.7401290515717334, 0.7398960452430771, 0.739664659688703, 0.7482883040179161, 0.7503677990011061, 0.7458160192959628, 0.7502587425101225, 0.7491412406592379, 0.7538185905292805, 0.7658956877176004, 0.7695675688675689, 0.765911747089647, 0.7698934576018873, 0.7684832329682023, 0.7751039914423026, 0.7886932692230274, 0.7945515459012198, 0.7951151236344564, 0.802659447330274, 0.8079528595152699, 0.8178080623716057, 0.8336573316775285, 0.842017434027241, 0.8474646307270017, 0.857783218717904, 0.8736992010191809, 0.8830184643996734, 0.8881830456381565, 0.8971593027265615, 0.9107927217213768, 0.9187976410756574, 0.9239368161310961, 0.9306424309750483, 0.9329456634385614, 0.9377451292070478, 0.9409823014594335, 0.9453495299095355, 0.9503559772086476, 0.9557496328110826, 0.9605913685384482, 0.9651121734420866, 0.9693233974822794, 0.9731944888246705, 0.9767110630214072, 0.9798718641145241, 0.9826859963427215, 0.9851703699977231, 0.9873473860037353, 0.9892429009783874, 0.9908845033727303, 0.9923001110755835, 0.9935168811549681, 0.994560407179718, 0.9954541698094982, 0.9962192015938695, 0.9968739261285388, 0.9974341337131702, 0.9979130593895902, 0.9983215338679166, 0.9986681827491978, 0.9989596542046669, 0.9992008596150216, 0.9993952154731076, 0.9995448780626627, 0.9996509650550596, 0.9997137602609798, 0.9997328993986936, 0.9997075359657992, 0.9996364871967222, 0.9995183607185203, 0.9993516629394646, 0.9991348904669282, 0.9988666059933349, 0.9985455001436971, 0.9981704407710776, 0.9977405111369478, 0.997255038336796, 0.9967136132385678, 0.9961161031006195, 0.9954626579324919, 0.994753711559799, 0.9939899782564069, 0.9931724457143475, 0.992302365035436, 0.9913812383486298, 0.9904108045838503, 0.9893930238660791, 0.9883300609326945, 0.987224267921941, 0.9860781668306099, 0.9848944318941664, 0.9836758721022096, 0.9824254140259976, 0.9811460851024361, 0.9798409974901182, 0.9785133325874421, 0.9771663262802329, 0.9758032549664398, 0.9744274223881402, 0.9730421472860175, 0.9716507518785724], 'ball_near_history': [False, False, False, False, False, False, False, False, False, False, False, False, False, False, False, False, False, False, False, False, False, False, False, False, False, False, False, False, False, False, False, False, False, False, False, False, False, False, False, False, False, False, False, False, False, False, False, False, False, False, False, False, False, False, False, False, False, False, False, False, False, False, False, False, False, False, False, False, False, False, False, False, False, False, False, False, False, False, False, False, False, False, False, False, False, False, False, False, False, False, False, False, False, False, False, False, False, False, False, False, False, False, False, False, False, False, False, False, False, False, False, False, False, False, False, False, False, False, False, False, False, False, False, False, False, False, False, False, False, False, False, False, False, False, False, False, False, False, False, False, False, False, False, False, False, False, False, False, False, False, False, False, False, False, False, False, False, False, False, False, False, False, False, False, False, False, False, False, False, False, False, False, False, True, True, True, True, True, True, True, True, False, False, False, False, False, False, False, False, False, False, False, False, False, False, False, False, False, False, False, False, False, False, False, False, False, False, False, False, False, False, False, False, False, False, False, False, False, False, False, False, False, False, False, False, False, False, False, False, False, False, False, False, False, False, False, False, False, False], 'tube_ready_history': [False, False, False, False, False, False, False, False, False, False, False, False, False, False, False, False, False, False, False, False, False, False, False, False, False, False, False, False, False, False, False, False, False, False, False, False, False, False, False, False, False, False, False, False, False, False, False, False, False, False, False, False, False, False, False, False, False, False, False, False, False, False, False, False, False, False, False, False, False, False, False, False, False, False, False, False, False, False, False, False, False, False, False, False, False, False, False, False, False, False, False, False, False, False, False, False, False, False, False, False, False, False, False, False, False, False, False, False, False, False, False, False, False, False, False, False, False, False, False, False, False, False, False, False, False, False, False, False, False, False, False, False, False, False, False, False, False, False, False, False, False, False, False, False, False, False, False, False, False, False, False, False, False, False, False, False, False, False, False, False, False, False, False, False, False, False, False, False, True, True, True, True, True, True, True, True, True, True, True, True, True, True, True, True, True, True, True, True, True, False, False, False, False, False, False, False, False, False, False, False, False, False, False, False, False, False, False, False, False, False, False, False, False, False, False, False, False, False, False, False, False, False, False, False, False, False, False, False, False, False, False, False, False, False, False, False, False, False, False], 'pos_error_history': [0.009724820623722222, 0.009736203302131456, 0.009803988084068616, 0.009978162842574292, 0.010313741939572189, 0.01086226810124592, 0.011663176969644959, 0.01273862030940018, 0.014093729579066475, 0.015721015053472544, 0.017605899457729952, 0.019731160920901436, 0.022079632418369372, 0.024635473817003557, 0.027384567450048223, 0.03031447426981243, 0.033414213908013, 0.03667400266150756, 0.04008500788460479, 0.04363913889223826, 0.04651727637518535, 0.05031334350770559, 0.05423442246609464, 0.05827357601714059, 0.06242413622388723, 0.06667963741120488, 0.07103376389516036, 0.07548030924661846, 0.08001314459708643, 0.0846261940796219, 0.08931341594978885, 0.09406878827642105, 0.09888629835272975, 0.10375993517476745, 0.10868368448193784, 0.11365152596513152, 0.118657432331314, 0.12369536997576432, 0.12875930105990932, 0.13384318682759208, 0.1386913356990878, 0.14379396887580576, 0.14889908053978368, 0.1540006509041359, 0.15909269451135535, 0.16416926753840264, 0.16922447583060118, 0.174252483537948, 0.1792475222413341, 0.1842039004665393, 0.18911601349183818, 0.19397835336130478, 0.1987855190209973, 0.2035322264995386, 0.20821331905846802, 0.21282377724134416, 0.21735872875405143, 0.22181345811228373, 0.22618341599571992, 0.23046422825210935, 0.23594631780995817, 0.240031616736946, 0.24401340763028645, 0.2478882667750561, 0.25165295840013174, 0.2553044472275763, 0.2588399087473225, 0.2622567375962162, 0.2655525543240653, 0.268725210759067, 0.27177279413363925, 0.27469363009422454, 0.2774862846913309, 0.28014956542638564, 0.28268252141781397, 0.2850844427388018, 0.2873548589722435, 0.2894935370237125, 0.2915004782302483, 0.29337591480088077, 0.29512030562380465, 0.2967343314746659, 0.2982188896603679, 0.2995750881330007, 0.30080423910882403, 0.30190785222763167, 0.30288762728821095, 0.3037454465959889, 0.30448336695921696, 0.3051036113702921, 0.30560856040886664, 0.30600074340342737, 0.30628282938786155, 0.3064576178892987, 0.30652802958311676, 0.306497096850509, 0.3063679542733768, 0.306143829100559, 0.3058280317185312, 0.3054239461587335, 0.30493502067256834, 0.30436475840391075, 0.30371670818766017, 0.3029944555014576, 0.3022016135962105, 0.3013418148294826, 0.3004187022241846, 0.2994359212732949, 0.2983971120095993, 0.2973059013576491, 0.29616589578333213, 0.29498067425462426, 0.2937537815252558, 0.2924887217512077, 0.29118895244815046, 0.28985787879616387, 0.28849884829633277, 0.28711514578214653, 0.2857099887869909, 0.28428652326746123, 0.28284781968075684, 0.28139686941299064, 0.27993658155394924, 0.2784697800126051, 0.27699920096654645, 0.2755274906374612, 0.2740572033838704, 0.27259080010147313, 0.27113064692071653, 0.2696790141905684, 0.26823807573692815, 0.26680990838364466, 0.26539649172376273, 0.2639997081283331, 0.2626213429799302, 0.2612630851179105, 0.25992652748239736, 0.25861316794400696, 0.2573244103064276, 0.2560615654691042, 0.2525071138541475, 0.2479452060085964, 0.24300678864884456, 0.23777241885692407, 0.23152282515222633, 0.22658919693741883, 0.221004010333954, 0.21548179473574228, 0.21150775880960632, 0.20590971550872003, 0.20072533312913243, 0.19708169005276271, 0.1923026981975235, 0.1886178194361547, 0.18375324772629595, 0.17884271622730807, 0.17457322837675546, 0.17066616333596393, 0.1654293702411419, 0.16004979758034096, 0.15323390881855778, 0.1479810922759366, 0.1432615176343777, 0.13925482741554923, 0.13430700739195867, 0.1293345029871919, 0.1250040538030985, 0.12229326592130205, 0.11937942563387488, 0.11666264611120335, 0.11603500643204649, 0.11592112278366246, 0.1164570969251979, 0.11830988687322695, 0.12099423648036779, 0.12445677436258072, 0.1290024797118083, 0.13307035168689954, 0.13675542796054274, 0.14006099526620197, 0.14304068152274932, 0.1457647969534672, 0.14830401090306736, 0.15072206339759964, 0.15307311634696935, 0.15540142132811424, 0.1577420725103743, 0.1601221932541242, 0.16256221742055252, 0.16507709715562727, 0.1676773629020391, 0.17037001284111664, 0.17315923626882182, 0.17604698876717847, 0.17903344230127505, 0.182117334030778, 0.18529623579493323, 0.18856676321972218, 0.19192474000471194, 0.19536532964556338, 0.19888314389065972, 0.20247233473096796, 0.20612667470640833, 0.20983962875228318, 0.2136044196503107, 0.2174140883236348, 0.2212615496559913, 0.2251396441594273, 0.22904118560845668, 0.23295900465668126, 0.2368859884195963, 0.240815116017841, 0.2447394901092027, 0.2486523644817632, 0.2525471678258506, 0.2564175238435479, 0.26025726788851034, 0.2640604603546622, 0.26782139704986496, 0.27153461680059204, 0.27519490653695655, 0.278797304105326, 0.28233709904928056, 0.28580983158999596, 0.28921129002512297, 0.29253750675169127, 0.29578475310419655, 0.29894953318425005, 0.30202857684348305, 0.305018831966999, 0.3079174561908616, 0.31072180817393286, 0.31342943853204874, 0.31603808053095916, 0.3185456406237971, 0.32095018890898797, 0.323249949575513, 0.3254432913942131, 0.3275240122273056], 'max_qdot_ratio': 0.9965116206894169, 'max_tcp_speed': 1.7887831834745365, 'max_racket_face_speed': 1.4391011054145975, 'total_mpc_steps': 239, 'ball_was_hit': True, 'hit_step': 175, 'p_ee_at_hit': array([-0.73256291, -0.56593353,  0.95026439]), 'ball_pos_at_hit': array([-0.81609576, -0.58459117,  0.95559743]), 'v_ee_at_hit': 1.756658349210956, 'active_contact': True, 'passive_contact': False}
2026-09-11 14:19:00,827 [INFO] __main__: 击打后继续仿真 20 步...
