
========================================
  RM-65 击打成功！（主动击球，pos_error=0.1364m）
  [V12 EpisodeRunner 管线架构]
  ablation: full
  击打目标位置: [-0.783 -0.202  0.919]
  末端实际位置: [-0.668 -0.382  0.947]
  规划跟踪误差: 0.2157 m
  速度误差: 1.9156 m/s
  MPC 总步数: 261
  --- Tube 专用指标 ---
  最小球拍-球距离: 0.1230 m
  ball_near 步数: 7 = 35.0 ms
  tube_ready 步数: 20 = 100.0 ms
  击打时间误差: 25.0 ms
  击打位置误差: 0.1364 m
  --- 计算性能 ---
  总墙钟时间: 1.13s (MPC=1.12s)
  --- 执行层约束 ---
  max_qdot=1.00x, max_tcp=1.7m/s, max_face=1.7m/s
  击球类型: 主动击球
========================================

__RESULT__: pos_error=0.136368 vel_error=1.915636 min_dist=0.123043 ball_near_ms=35.0 tube_ready_ms=100.0 max_tcp=1.75 max_qdot=1.00 max_face=1.7 hit_type=active hit_time_error_ms=25.0 hit_pos_error=0.136368 v_racket_at_hit=1.543
2026-09-10 17:50:10,255 [INFO] __main__: [ablation] mode=full
2026-09-10 17:50:10,261 [INFO] __main__: serve-box auto params: horizon=120, iter=10, first_plan_iters=30, total_horizon=250, replan_interval=20, near_plan_iters=5
2026-09-10 17:50:10,279 [INFO] __main__: 关节限位: 仿真默认(default.yaml), TCP=1.8 m/s, terminal_exempt=20
2026-09-10 17:50:10,280 [INFO] __main__: 球拍初始位置: [-0.24136342  0.63027058  1.45576659]
2026-09-10 17:50:10,280 [DEBUG] src.tennis.ball: serve_box bounce (attempt=3): p0_z=1.34, vz0=-3.1, spd=9.0, t1=0.288, t2=0.585, z_err=0.14
2026-09-10 17:50:10,287 [INFO] __main__: 击打步数: 180, 击打位置: [-0.78301171 -0.20186174  0.91914925]
2026-09-10 17:50:10,287 [INFO] __main__: 随挥方向: [-0.119 -0.977  0.174], 随挥步数: 60
2026-09-10 17:50:10,304 [INFO] __main__: 候选窗口已构建: best_k=180, candidates=20
2026-09-10 17:50:10,304 [INFO] src.cpp.solver_cpp: iLQR C++ 加速模块已加载
2026-09-10 17:50:10,305 [INFO] __main__: 开始 V12 EpisodeRunner，总步数=310 (MPC=250, 随挥=60)，击打步数=180
2026-09-10 17:50:10,305 [INFO] src.ilqt.async_replanner: AsyncReplanner: 后台规划线程已启动
2026-09-10 17:50:10,322 [INFO] src.ilqt.async_replanner: AsyncReplanner: 规划环境已创建（独立 MjData）
2026-09-10 17:50:10,326 [INFO] src.ilqt.async_replanner: AsyncReplanner: 规划环境已创建（独立 MjData）
2026-09-10 17:50:10,353 [DEBUG] src.ilqt.tube_cost: [Softmin诊断] 候选权重TOP3: k=180:w=0.058, k=181:w=0.058, k=179:w=0.058
2026-09-10 17:50:11,246 [INFO] src.ilqt.mpc_controller: REPLAN step=0 k_hit=180 iters=30 horizon=120 t=924ms
2026-09-10 17:50:11,247 [INFO] src.ilqt.mpc_controller: MPCController.start 完成: k_hit=180, p_hit=[-0.783 -0.202  0.919], buffer=120
2026-09-10 17:50:11,251 [DEBUG] src.ilqt.replan_core: FAR_JT step=0 k_hit=180 (JT gain=60, skip iLQR)
2026-09-10 17:50:11,251 [DEBUG] src.ilqt.mpc_controller: REPLAN step=0 k_hit=180 iters=0 horizon=0 t=4ms
2026-09-10 17:50:11,251 [DEBUG] src.ilqt.mpc_controller: MPCController.step 0: replan k_hit=180 refine=feasible buffer=20
2026-09-10 17:50:11,260 [DEBUG] src.ilqt.replan_core: FAR_JT step=20 k_hit=160 (JT gain=60, skip iLQR)
2026-09-10 17:50:11,260 [DEBUG] src.ilqt.mpc_controller: REPLAN step=20 k_hit=160 iters=0 horizon=0 t=4ms
2026-09-10 17:50:11,260 [DEBUG] src.ilqt.mpc_controller: MPCController.step 20: replan k_hit=160 refine=feasible buffer=20
2026-09-10 17:50:11,269 [DEBUG] src.ilqt.replan_core: FAR_JT step=40 k_hit=139 (JT gain=60, skip iLQR)
2026-09-10 17:50:11,269 [DEBUG] src.ilqt.mpc_controller: REPLAN step=40 k_hit=139 iters=0 horizon=0 t=4ms
2026-09-10 17:50:11,269 [DEBUG] src.ilqt.mpc_controller: MPCController.step 40: replan k_hit=139 refine=feasible buffer=20
2026-09-10 17:50:11,278 [DEBUG] src.ilqt.replan_core: FAR_JT step=60 k_hit=120 (JT gain=60, skip iLQR)
2026-09-10 17:50:11,278 [DEBUG] src.ilqt.mpc_controller: REPLAN step=60 k_hit=120 iters=0 horizon=0 t=3ms
2026-09-10 17:50:11,278 [DEBUG] src.ilqt.mpc_controller: MPCController.step 60: replan k_hit=120 refine=feasible buffer=20
2026-09-10 17:50:11,287 [DEBUG] src.ilqt.replan_core: FAR_JT step=80 k_hit=100 (JT gain=60, skip iLQR)
2026-09-10 17:50:11,287 [DEBUG] src.ilqt.mpc_controller: REPLAN step=80 k_hit=100 iters=0 horizon=0 t=3ms
2026-09-10 17:50:11,287 [DEBUG] src.ilqt.mpc_controller: MPCController.step 80: replan k_hit=100 refine=feasible buffer=20
2026-09-10 17:50:11,295 [DEBUG] src.ilqt.replan_core: FAR_JT step=100 k_hit=80 (JT gain=60, skip iLQR)
2026-09-10 17:50:11,295 [DEBUG] src.ilqt.mpc_controller: REPLAN step=100 k_hit=80 iters=0 horizon=0 t=3ms
2026-09-10 17:50:11,296 [DEBUG] src.ilqt.mpc_controller: MPCController.step 100: replan k_hit=80 refine=feasible buffer=20
2026-09-10 17:50:11,304 [DEBUG] src.ilqt.replan_core: FAR_JT step=120 k_hit=60 (JT gain=60, skip iLQR)
2026-09-10 17:50:11,304 [DEBUG] src.ilqt.mpc_controller: REPLAN step=120 k_hit=60 iters=0 horizon=0 t=3ms
2026-09-10 17:50:11,304 [INFO] src.ilqt.strategies.hit_point_refiner: [HIT_LOCK] k_hit=60 ≤ 60, 锁定击球点不再替换
2026-09-10 17:50:11,304 [DEBUG] src.ilqt.mpc_controller: MPCController.step 120: replan k_hit=60 refine=locked buffer=20
2026-09-10 17:50:11,324 [DEBUG] src.ilqt.tube_cost: [Softmin诊断] 候选权重TOP3: k=40:w=0.058, k=41:w=0.058, k=39:w=0.058
2026-09-10 17:50:11,346 [DEBUG] src.ilqt.mpc_controller: REPLAN step=140 k_hit=40 iters=5 horizon=40 t=37ms
2026-09-10 17:50:11,346 [DEBUG] src.ilqt.mpc_controller: MPCController.step 140: replan k_hit=40 refine=locked buffer=20
2026-09-10 17:50:11,349 [INFO] src.ilqt.components.predictive_safety: [SAFETY_FILTER] beta=0.2: qdot entering overspeed, joint=5, |qdot|=5.42 > 3.93
2026-09-10 17:50:11,351 [INFO] src.ilqt.components.predictive_safety: [SAFETY_FILTER] beta=0.2: qdot entering overspeed, joint=5, |qdot|=5.41 > 3.93
2026-09-10 17:50:11,352 [INFO] src.ilqt.components.predictive_safety: [SAFETY_FILTER] beta=0.8: qdot entering overspeed, joint=2, |qdot|=3.93 > 3.93
2026-09-10 17:50:11,365 [DEBUG] src.ilqt.tube_cost: [Softmin诊断] 候选权重TOP3: k=20:w=0.058, k=21:w=0.058, k=19:w=0.058
2026-09-10 17:50:11,378 [DEBUG] src.ilqt.mpc_controller: REPLAN step=160 k_hit=20 iters=5 horizon=20 t=26ms
2026-09-10 17:50:11,379 [DEBUG] src.ilqt.mpc_controller: MPCController.step 160: replan k_hit=20 refine=locked buffer=20
2026-09-10 17:50:11,379 [INFO] src.ilqt.components.predictive_safety: [SAFETY_FILTER] beta=0.4: qdot entering overspeed, joint=5, |qdot|=4.95 > 3.93
2026-09-10 17:50:11,382 [INFO] src.ilqt.components.predictive_safety: [SAFETY_FILTER] beta=0.8: tcp speed 1.81 > 1.80 m/s
2026-09-10 17:50:11,382 [INFO] src.ilqt.components.predictive_safety: [SAFETY_FILTER] beta=0.4: qdot entering overspeed, joint=2, |qdot|=4.35 > 3.93
2026-09-10 17:50:11,383 [INFO] src.ilqt.components.predictive_safety: [SAFETY_FILTER] beta=0.2: qdot entering overspeed, joint=2, |qdot|=4.63 > 3.93
2026-09-10 17:50:11,383 [INFO] src.ilqt.components.predictive_safety: [SAFETY_FILTER] beta=0.6: qdot entering overspeed, joint=2, |qdot|=3.98 > 3.93
2026-09-10 17:50:11,384 [INFO] src.ilqt.components.predictive_safety: [SAFETY_FILTER] beta=0.2: qdot entering overspeed, joint=2, |qdot|=4.30 > 3.93
2026-09-10 17:50:11,384 [INFO] src.ilqt.components.predictive_safety: [SAFETY_FILTER] beta=0.6: qdot entering overspeed, joint=2, |qdot|=4.01 > 3.93
2026-09-10 17:50:11,385 [INFO] src.ilqt.components.predictive_safety: [SAFETY_FILTER] beta=0.0: qdot entering overspeed, joint=2, |qdot|=5.16 > 3.93
2026-09-10 17:50:11,385 [INFO] src.ilqt.components.predictive_safety: [SAFETY_FILTER] beta=0.2: qdot entering overspeed, joint=2, |qdot|=4.98 > 3.93
2026-09-10 17:50:11,386 [INFO] src.ilqt.components.predictive_safety: [SAFETY_FILTER] beta=0.2: qdot entering overspeed, joint=2, |qdot|=5.10 > 3.93
2026-09-10 17:50:11,387 [INFO] src.ilqt.components.predictive_safety: [SAFETY_FILTER] beta=0.0: qdot entering overspeed, joint=2, |qdot|=5.19 > 3.93
2026-09-10 17:50:11,387 [INFO] src.ilqt.components.predictive_safety: [SAFETY_FILTER] beta=0.2: qdot entering overspeed, joint=2, |qdot|=5.00 > 3.93
2026-09-10 17:50:11,388 [INFO] src.ilqt.components.predictive_safety: [SAFETY_FILTER] beta=0.0: qdot entering overspeed, joint=2, |qdot|=5.11 > 3.93
2026-09-10 17:50:11,388 [INFO] src.ilqt.strategies.follow_through: 随挥触发: step=179, steps=60
2026-09-10 17:50:11,406 [INFO] src.ilqt.async_replanner: AsyncReplanner: 后台规划线程已停止
2026-09-10 17:50:11,406 [INFO] src.ilqt.episode_runner: EpisodeRunner 完成: total_steps=241 safe_steps=241 mpc_done=True
2026-09-10 17:50:11,406 [DEBUG] src.ilqt.episode_runner: EpisodeRunner metrics 详情: {'total_steps': 241, 'safe_steps': 241, 'mpc_done': True, 'X_history': [array([-1.5  ,  1.57 , -0.236,  0.404,  0.446,  2.45 ,  0.   ,  0.   ,
        0.   ,  0.   ,  0.   ,  0.   ]), array([-1.03874420e-01,  1.33769173e+00, -4.79619111e-01, -1.21175159e-01,
        1.29355918e+00,  2.44997300e+00,  4.97203929e-03, -2.58046728e-02,
        5.10426336e-04,  3.28333111e-04, -7.85726918e-02, -5.40027439e-03]), array([-1.03826535e-01,  1.33743432e+00, -4.79631322e-01, -1.21172342e-01,
        1.29284977e+00,  2.44992967e+00,  9.57716344e-03, -5.14822925e-02,
       -2.44214607e-03,  5.63428764e-04, -1.41882320e-01, -8.66531729e-03]), array([-1.03757231e-01,  1.33704987e+00, -4.79671245e-01, -1.21168910e-01,
        1.29188393e+00,  2.44987620e+00,  1.38606286e-02, -7.68906064e-02,
       -7.98476816e-03,  6.86432612e-04, -1.93168357e-01, -1.06950306e-02]), array([-1.03667932e-01,  1.33654025e+00, -4.79748435e-01, -1.21165472e-01,
        1.29070905e+00,  2.44981620e+00,  1.78598735e-02, -1.01922390e-01,
       -1.54379702e-02,  6.87574173e-04, -2.34974772e-01, -1.19985899e-02]), array([-1.03559901e-01,  1.33590777e+00, -4.79869802e-01, -1.21162647e-01,
        1.28936255e+00,  2.44975187e+00,  2.16063107e-02, -1.26497257e-01,
       -2.42732732e-02,  5.64992799e-04, -2.69300143e-01, -1.28667960e-02]), array([-1.03434268e-01,  1.33515499e+00, -4.80040202e-01, -1.21161033e-01,
        1.28787398e+00,  2.44968453e+00,  2.51265713e-02, -1.50555464e-01,
       -3.40800383e-02,  3.22875684e-04, -2.97714844e-01, -1.34677638e-02]), array([-1.03292051e-01,  1.33428472e+00, -4.80262900e-01, -1.21161185e-01,
        1.28626671e+00,  2.44961503e+00,  2.84434040e-02, -1.74053182e-01,
       -4.45395533e-02, -3.03755769e-05, -3.21452592e-01, -1.39002037e-02]), array([-1.03134169e-01,  1.33329993e+00, -4.80539923e-01, -1.21163603e-01,
        1.28455930e+00,  2.44954391e+00,  3.15763450e-02, -1.96958873e-01,
       -5.54047620e-02, -4.83663666e-04, -3.41482071e-01, -1.42232068e-02]), array([-1.02961458e-01,  1.33220368e+00, -4.80872346e-01, -1.21168725e-01,
        1.28276649e+00,  2.44947155e+00,  3.45422277e-02, -2.19250482e-01,
       -6.64844132e-02, -1.02434424e-03, -3.58563104e-01, -1.44729786e-02]), array([-1.02774680e-01,  1.33099911e+00, -4.81260499e-01, -1.21176920e-01,
        1.28090003e+00,  2.44939819e+00,  3.73555841e-02, -2.40913282e-01,
       -7.76306857e-02, -1.63906434e-03, -3.73290888e-01, -1.46723024e-02]), array([-1.02574535e-01,  1.32968942e+00, -4.81704147e-01, -1.21188492e-01,
        1.27896938e+00,  2.44932401e+00,  4.00289736e-02, -2.61938184e-01,
       -8.87295370e-02, -2.31437716e-03, -3.86130921e-01, -1.48359339e-02]), array([-0.10236167,  1.32827782, -0.48220261, -0.12120368,  1.27698215,
        2.44924914,  0.04257326, -0.28232044, -0.09969318, -0.0030372 ,
       -0.39744661, -0.01497371]), array([-0.10213668,  1.32676752, -0.48275488, -0.12122265,  1.27494454,
        2.44917368,  0.04499786, -0.3020586 , -0.1104542 , -0.00379511,
       -0.40752105, -0.01509239]), array([-0.10190012,  1.32516176, -0.48335969, -0.12124554,  1.27286167,
        2.44909769,  0.04731095, -0.32115373, -0.12096099, -0.00457662,
       -0.41657419, -0.0151967 ]), array([-0.10165253,  1.32346371, -0.48401556, -0.12127239,  1.27073779,
        2.44902124,  0.04951964, -0.33960875, -0.13117417, -0.0053712 ,
       -0.42477637, -0.01529007]), array([-0.10139438,  1.32167657, -0.48472088, -0.12130324,  1.26857649,
        2.44894437,  0.05163011, -0.357428  , -0.14106375, -0.00616943,
       -0.43225889, -0.015375  ]), array([-0.10112614,  1.31980349, -0.48547391, -0.12133805,  1.26638088,
        2.4488671 ,  0.05364782, -0.37461677, -0.15060702, -0.00696289,
       -0.43912237, -0.01545336]), array([-0.10084825,  1.31784758, -0.48627285, -0.12137678,  1.26415367,
        2.44878947,  0.0555775 , -0.39118105, -0.15978683, -0.0077442 ,
       -0.44544336, -0.01552656]), array([-0.10056113,  1.31581195, -0.4871158 , -0.12141931,  1.26189727,
        2.44871149,  0.05742336, -0.40712731, -0.16859026, -0.00850688,
       -0.45127945, -0.01559569]), array([-0.10026519,  1.31369964, -0.48800084, -0.12146554,  1.2596139 ,
        2.44863318,  0.0591891 , -0.42246225, -0.17700761, -0.00924534,
       -0.45667337, -0.0156616 ]), array([-0.09996071,  1.31151363, -0.48892615, -0.12151573,  1.25730496,
        2.44855461,  0.0608948 , -0.43720045, -0.18506279, -0.01003968,
       -0.46178809, -0.01571416]), array([-0.09964807,  1.30925691, -0.48988977, -0.12156971,  1.25497245,
        2.44847576,  0.06252952, -0.45134442, -0.19272363, -0.01079421,
       -0.46650247, -0.01576973]), array([-0.09932759,  1.30693241, -0.4908897 , -0.12162724,  1.25261828,
        2.44839663,  0.06409566, -0.46490071, -0.1999854 , -0.01150709,
       -0.47083439, -0.01582634]), array([-0.09899961,  1.30454303, -0.49192392, -0.12168812,  1.2502443 ,
        2.44831722,  0.06559537, -0.47787581, -0.20684451, -0.01217662,
       -0.47479554, -0.01588303]), array([-0.09866446,  1.30209165, -0.49299041, -0.12175213,  1.24785233,
        2.44823752,  0.06703063, -0.49027605, -0.21329826, -0.01280131,
       -0.47839276, -0.0159394 ]), array([-0.09832244,  1.29958111, -0.49408713, -0.12181903,  1.24544419,
        2.44815754,  0.06840319, -0.50210759, -0.2193446 , -0.01337988,
       -0.48162921, -0.01599535]), array([-0.09797387,  1.29701423, -0.49521204, -0.12188859,  1.24302166,
        2.44807729,  0.0697147 , -0.51337639, -0.22498194, -0.01391121,
       -0.48450522, -0.01605089]), array([-0.09761903,  1.29439379, -0.49636309, -0.12196056,  1.24058657,
        2.44799676,  0.0709666 , -0.52408817, -0.23020905, -0.01439437,
       -0.48701905, -0.01610614]), array([-0.09725823,  1.29172255, -0.49753821, -0.1220347 ,  1.23814073,
        2.44791595,  0.07216026, -0.53424844, -0.23502495, -0.01482859,
       -0.48916743, -0.01616122]), array([-0.09689175,  1.28900323, -0.49873536, -0.12211077,  1.235686  ,
        2.44783487,  0.07329689, -0.54386248, -0.23942892, -0.01521327,
       -0.49094601, -0.01621624]), array([-0.09651986,  1.28623856, -0.49995246, -0.12218851,  1.23322425,
        2.44775351,  0.07437762, -0.55293534, -0.24342038, -0.01554792,
       -0.49234977, -0.01627135]), array([-0.09614284,  1.2834312 , -0.50118745, -0.12226767,  1.23075739,
        2.44767188,  0.07540347, -0.56147187, -0.24699892, -0.01583219,
       -0.49337328, -0.01632664]), array([-0.09576097,  1.28058381, -0.50243828, -0.122348  ,  1.22828733,
        2.44758997,  0.0763754 , -0.56947669, -0.2501643 , -0.01606584,
       -0.49401098, -0.01638224]), array([-0.0953745 ,  1.27769904, -0.50370286, -0.12242924,  1.22581604,
        2.44750778,  0.07729426, -0.57695428, -0.25291644, -0.01624876,
       -0.49425736, -0.01643823]), array([-0.09498369,  1.2747795 , -0.50497913, -0.12251115,  1.22334551,
        2.4474253 ,  0.07816085, -0.5839089 , -0.25525542, -0.0163809 ,
       -0.49410714, -0.01649468]), array([-0.09458881,  1.27182777, -0.50626504, -0.12259346,  1.22087773,
        2.44734255,  0.07897592, -0.59034471, -0.25718151, -0.01646235,
       -0.49355542, -0.01655168]), array([-0.09419011,  1.26884645, -0.50755852, -0.12267592,  1.21841474,
        2.4472595 ,  0.07974013, -0.59626571, -0.25869521, -0.01649325,
       -0.4925978 , -0.01660926]), array([-0.09378784,  1.26583807, -0.5088575 , -0.12275829,  1.21595859,
        2.44717616,  0.08045413, -0.60167584, -0.25979722, -0.01647383,
       -0.49123045, -0.01666748]), array([-0.09338225,  1.26280517, -0.51015995, -0.12284031,  1.21351134,
        2.44709253,  0.08111849, -0.60657894, -0.26048854, -0.01640441,
       -0.48945025, -0.01672637]), array([-0.09297358,  1.25975028, -0.5114638 , -0.12292174,  1.21107506,
        2.4470086 ,  0.08173378, -0.61097879, -0.26077042, -0.01628539,
       -0.48725481, -0.01678594]), array([-0.09255579,  1.25667749, -0.51276157, -0.12302835,  1.20867572,
        2.44692586,  0.08355685, -0.61455813, -0.25955517, -0.02132093,
       -0.47986868, -0.01654864]), array([-0.09212846,  1.25358967, -0.51405102, -0.12315645,  1.20631151,
        2.44684344,  0.08546692, -0.61756326, -0.25788916, -0.02562098,
       -0.4728426 , -0.01648298]), array([-0.09169127,  1.25048962, -0.51533002, -0.12330298,  1.20398139,
        2.44676091,  0.08743795, -0.62001103, -0.25580017, -0.0293059 ,
       -0.46602278, -0.01650589]), array([-0.09124403,  1.24738003, -0.51659657, -0.12346535,  1.20168495,
        2.44667805,  0.08944848, -0.62191638, -0.25330977, -0.03247423,
       -0.45928869, -0.01657258]), array([-0.09078662,  1.24426357, -0.51784874, -0.12364139,  1.19942222,
        2.44659475,  0.0914808 , -0.62329276, -0.25043493, -0.03520689,
       -0.45254646, -0.01665918]), array([-0.09031902,  1.24114281, -0.51908469, -0.12382924,  1.1971936 ,
        2.44651099,  0.09352026, -0.62415242, -0.24718919, -0.0375704 ,
       -0.44572352, -0.01675323]), array([-0.08984125,  1.23802027, -0.52030261, -0.12402734,  1.19499978,
        2.44642675,  0.09555465, -0.62450668, -0.24358367, -0.03961947,
       -0.43876441, -0.01684841]), array([-0.08935338,  1.23489844, -0.52150075, -0.12423433,  1.19284164,
        2.44634204,  0.09757383, -0.6243661 , -0.23962777, -0.04139909,
       -0.43162744, -0.01694173]), array([-0.08885553,  1.23177974, -0.5226774 , -0.12444906,  1.19072023,
        2.44625688,  0.09956927, -0.6237407 , -0.23532973, -0.04294629,
       -0.424282  , -0.01703191]), array([-0.08834786,  1.22866654, -0.52383088, -0.12467052,  1.1886367 ,
        2.44617129,  0.10153384, -0.62264008, -0.23069712, -0.04429153,
       -0.41670643, -0.01711858]), array([-0.08783056,  1.22556117, -0.52495957, -0.12489782,  1.18659227,
        2.44608528,  0.10346147, -0.62107352, -0.22573713, -0.04545985,
       -0.4088864 , -0.01720177]), array([-0.08730382,  1.22246592, -0.52606185, -0.12513018,  1.1845882 ,
        2.44599887,  0.10534704, -0.61905015, -0.22045683, -0.04647183,
       -0.40081351, -0.01728172]), array([-0.08676789,  1.21938303, -0.52713617, -0.1253669 ,  1.18262578,
        2.44591207,  0.10718616, -0.61657898, -0.2148634 , -0.04734441,
       -0.39248425, -0.01735869]), array([-0.08622302,  1.21631468, -0.52818099, -0.12560736,  1.18070628,
        2.44582491,  0.10897503, -0.61366898, -0.2089642 , -0.04809148,
       -0.38389915, -0.01743297]), array([-0.08566946,  1.21326304, -0.52919482, -0.12585098,  1.17883097,
        2.44573739,  0.11071038, -0.61032917, -0.20276693, -0.04872449,
       -0.37506208, -0.01750479]), array([-0.08510752,  1.21023019, -0.53017622, -0.12609724,  1.17700107,
        2.44564951,  0.11238935, -0.60656868, -0.19627968, -0.04925288,
       -0.36597972, -0.01757434]), array([-0.08453747,  1.20721821, -0.53112378, -0.12634567,  1.17521777,
        2.4455613 ,  0.11400942, -0.60239674, -0.18951097, -0.04968439,
       -0.35666107, -0.01764176]), array([-0.08395963,  1.20422909, -0.53203613, -0.12659579,  1.17348218,
        2.44547277,  0.11556836, -0.59782278, -0.18246979, -0.05002545,
       -0.34711711, -0.01770716]), array([-0.08337431,  1.20126481, -0.53291195, -0.1268472 ,  1.17179538,
        2.44538392,  0.1170642 , -0.59285643, -0.17516561, -0.05028139,
       -0.3373605 , -0.01777058]), array([-0.08278183,  1.19832727, -0.53375   , -0.12709948,  1.17015835,
        2.44529476,  0.11849517, -0.58750757, -0.1676084 , -0.05045663,
       -0.32740527, -0.01783204]), array([-0.08219325,  1.19541661, -0.53455519, -0.12730994,  1.16854232,
        2.44520217,  0.11771702, -0.58213277, -0.16103843, -0.04209112,
       -0.32320705, -0.01851703]), array([-0.08160983,  1.19253415, -0.53532661, -0.12748437,  1.16695347,
        2.44510796,  0.1166833 , -0.57649153, -0.15428361, -0.03488662,
       -0.31776909, -0.01884303]), array([-0.08103263,  1.18968127, -0.53606322, -0.12762754,  1.16539688,
        2.44501304,  0.1154395 , -0.57057608, -0.14732174, -0.02863308,
       -0.311319  , -0.01898298]), array([-0.08046252,  1.18685936, -0.53676392, -0.12774334,  1.16387667,
        2.44491789,  0.114023  , -0.56438189, -0.14013993, -0.02315962,
       -0.30404117, -0.01902991]), array([-0.07990019,  1.18406983, -0.53742758, -0.12783497,  1.16239624,
        2.44482273,  0.11246458, -0.55790714, -0.1327325 , -0.01832688,
       -0.29608573, -0.01903318]), array([-0.07934625,  1.18131407, -0.53805307, -0.12790508,  1.16095837,
        2.44472763,  0.11078968, -0.55115223, -0.12509929, -0.01402095,
       -0.2875757 , -0.01901847]), array([-0.07880115,  1.17859347, -0.5386393 , -0.12795582,  1.1595653 ,
        2.44463264,  0.10901936, -0.54411949, -0.1172444 , -0.01014869,
       -0.27861265, -0.01899859]), array([-0.07826529,  1.1759094 , -0.53918517, -0.12798899,  1.1582189 ,
        2.44453774,  0.1071711 , -0.53681288, -0.10917518, -0.00663393,
       -0.26928124, -0.01897956]), array([-0.077739  ,  1.17326322, -0.53968968, -0.12800606,  1.15692063,
        2.44444292,  0.10525948, -0.52923777, -0.10090143, -0.00341441,
       -0.25965271, -0.01896376]), array([-7.72225132e-02,  1.17065621e+00, -5.40151853e-01, -1.28008257e-01,
        1.15567169e+00,  2.44434816e+00,  1.03296691e-01, -5.21400728e-01,
       -9.24348160e-02, -4.39296970e-04, -2.49787712e-01, -1.89517734e-02]), array([-7.67160484e-02,  1.16808967e+00, -5.40570796e-01, -1.27996593e-01,
        1.15447300e+00,  2.44425345e+00,  1.01292949e-01, -5.13309404e-01,
       -8.37884023e-02,  2.33287907e-03, -2.39738439e-01, -1.89432669e-02]), array([-0.07621976,  1.1655648 , -0.54094568, -0.12797191,  1.15332525,
        2.44415876,  0.09925689, -0.50497237, -0.07497626,  0.00493586,
       -0.22955037, -0.01893754]), array([-0.07573378,  1.16308281, -0.54127574, -0.12793493,  1.15222893,
        2.44406409,  0.09719584, -0.49639903, -0.0660132 ,  0.00739706,
       -0.21926362, -0.01893376]), array([-0.0752582 ,  1.16064481, -0.54156032, -0.12788623,  1.15118436,
        2.44396944,  0.09511605, -0.4875995 , -0.05691456,  0.00973868,
       -0.20891391, -0.0189311 ]), array([-0.07479309,  1.15825189, -0.5417988 , -0.12782634,  1.15019169,
        2.44387479,  0.09302289, -0.47858456, -0.04769601,  0.01197864,
       -0.19853347, -0.01892881]), array([-0.07433848,  1.15590506, -0.54199066, -0.12775568,  1.14925094,
        2.44378016,  0.09092104, -0.46936552, -0.03837342,  0.01413136,
       -0.1881516 , -0.01892621]), array([-0.07389441,  1.15360529, -0.54213548, -0.12767464,  1.14836196,
        2.44368555,  0.08881457, -0.45995423, -0.02896277,  0.01620837,
       -0.17779518, -0.01892271]), array([-0.07346088,  1.15135347, -0.54223288, -0.12758355,  1.14752452,
        2.44359096,  0.08670706, -0.45036295, -0.01948005,  0.01821885,
       -0.16748903, -0.01891785]), array([-0.07303787,  1.14915045, -0.54228258, -0.1274827 ,  1.14673823,
        2.4434964 ,  0.08460173, -0.44060435, -0.00994118,  0.02017005,
       -0.15725621, -0.0189112 ]), array([-7.26253609e-02,  1.14699700e+00, -5.42284393e-01, -1.27372360e-01,
        1.14600264e+00,  2.44340189e+00,  8.25014329e-02, -4.30691409e-01,
       -3.61961653e-04,  2.20676406e-02, -1.47118237e-01, -1.89024374e-02]), array([-0.07222332,  1.14489381, -0.54223818, -0.12725278,  1.14531717,
        2.44330743,  0.08040877, -0.42063739,  0.00924197,  0.02391601,
       -0.13709523, -0.0188913 ]), array([-0.07183169,  1.14284153, -0.54214391, -0.12712419,  1.14468114,
        2.44321305,  0.07832613, -0.4104558 ,  0.01885518,  0.0257185 ,
       -0.12720605, -0.01887757]), array([-0.07145041,  1.14084073, -0.54200159, -0.1269868 ,  1.14409379,
        2.44311874,  0.07625568, -0.40016034,  0.02846249,  0.02747761,
       -0.11746839, -0.01886109]), array([-0.07107941,  1.1388919 , -0.54181135, -0.12684082,  1.1435543 ,
        2.44302453,  0.07419946, -0.38976483,  0.03804901,  0.02919516,
       -0.10789884, -0.01884175]), array([-0.07071861,  1.13699549, -0.54157335, -0.12668646,  1.14306174,
        2.44293043,  0.07215935, -0.37928323,  0.04760014,  0.03087242,
       -0.09851295, -0.01881947]), array([-0.07036793,  1.13515184, -0.54128784, -0.12652391,  1.14261511,
        2.44283646,  0.07013712, -0.36872956,  0.05710164,  0.03251022,
       -0.08932524, -0.0187942 ]), array([-0.07002726,  1.13336125, -0.54095514, -0.12635337,  1.14221336,
        2.44274263,  0.06813443, -0.35811784,  0.06653959,  0.03410905,
       -0.08034923, -0.01876593]), array([-0.06969649,  1.13162394, -0.54057564, -0.12617502,  1.14185538,
        2.44264896,  0.06615286, -0.34746211,  0.0759005 ,  0.03566912,
       -0.0715975 , -0.01873468]), array([-0.06937552,  1.12994006, -0.54014978, -0.12598907,  1.14153997,
        2.44255546,  0.06419389, -0.33677636,  0.08517124,  0.03719046,
       -0.06308165, -0.01870048]), array([-0.06906423,  1.12830969, -0.53967809, -0.1257957 ,  1.14126591,
        2.44246214,  0.06225894, -0.32607449,  0.09433914,  0.03867292,
       -0.05481234, -0.01866338]), array([-0.06876248,  1.12673283, -0.53916113, -0.12559512,  1.14103191,
        2.44236902,  0.06034933, -0.31537029,  0.10339194,  0.04011623,
       -0.04679931, -0.01862346]), array([-0.06847015,  1.12520945, -0.53859954, -0.12538752,  1.14083665,
        2.44227612,  0.05846632, -0.30467741,  0.11231787,  0.04152006,
       -0.03905135, -0.0185808 ]), array([-0.06818709,  1.1237394 , -0.53799401, -0.1251731 ,  1.14067877,
        2.44218344,  0.05661113, -0.2940093 ,  0.1211056 ,  0.04288403,
       -0.03157635, -0.01853551]), array([-0.06791317,  1.1223225 , -0.53734529, -0.12495206,  1.14055686,
        2.442091  ,  0.05478487, -0.28337923,  0.12974433,  0.04420771,
       -0.0243813 , -0.0184877 ]), array([-0.06764823,  1.1209585 , -0.53665417, -0.12472461,  1.1404695 ,
        2.44199882,  0.05298862, -0.27280021,  0.13822374,  0.04549069,
       -0.01747229, -0.0184375 ]), array([-0.06739211,  1.11964708, -0.5359215 , -0.12449095,  1.14041523,
        2.44190689,  0.05122338, -0.26228499,  0.14653402,  0.04673255,
       -0.01085453, -0.01838504]), array([-0.06714466,  1.11838785, -0.53514817, -0.12425128,  1.14039257,
        2.44181524,  0.04949009, -0.25184603,  0.1546659 ,  0.04793288,
       -0.00453237, -0.01833046]), array([-6.69057109e-02,  1.11718037e+00, -5.34335118e-01, -1.24005826e-01,
        1.14040002e+00,  2.44172387e+00,  4.77896302e-02, -2.41495486e-01,
        1.62610636e-01,  4.90913414e-02,  1.49070547e-03, -1.82739169e-02]), array([-0.0666751 ,  1.11602415, -0.53348332, -0.12375479,  1.14043608,
        2.44163279,  0.04612281, -0.23124515,  0.17036004,  0.05020759,
        0.00721201, -0.01821555]), array([-0.06645264,  1.11491861, -0.53259379, -0.12349838,  1.14049923,
        2.44154201,  0.0444904 , -0.22110648,  0.17790647,  0.05128135,
        0.0126297 , -0.01815553]), array([-0.06623818,  1.11386316, -0.53166757, -0.12323682,  1.14058794,
        2.44145154,  0.04289307, -0.21109053,  0.18524283,  0.05231239,
        0.01774268, -0.01809401]), array([-0.06603152,  1.11285712, -0.53070576, -0.12297032,  1.1407007 ,
        2.44136139,  0.04133146, -0.20120795,  0.19236258,  0.05330053,
        0.02255063, -0.01803115]), array([-0.06583249,  1.11189978, -0.52970946, -0.12269909,  1.14083597,
        2.44127155,  0.03980613, -0.191469  ,  0.19925976,  0.05424566,
        0.02705399, -0.01796712]), array([-0.0656409 ,  1.11099036, -0.52867981, -0.12242335,  1.14099224,
        2.44118204,  0.03831759, -0.18188349,  0.20592896,  0.05514772,
        0.03125386, -0.01790207]), array([-0.06545657,  1.11012805, -0.52761799, -0.12214332,  1.141168  ,
        2.44109286,  0.03686629, -0.17246077,  0.21236531,  0.05600671,
        0.03515206, -0.01783618]), array([-0.06527931,  1.10931201, -0.52652517, -0.1218592 ,  1.14136175,
        2.44100401,  0.03545261, -0.16320976,  0.21856453,  0.05682268,
        0.03875101, -0.01776961]), array([-0.06510892,  1.10854131, -0.52540255, -0.12157122,  1.14157202,
        2.4409155 ,  0.03407686, -0.15413888,  0.22452287,  0.05759577,
        0.04205377, -0.0177025 ]), array([-0.06494523,  1.10781503, -0.52425137, -0.12127959,  1.14179734,
        2.44082733,  0.03273931, -0.14525609,  0.23023713,  0.05832616,
        0.04506399, -0.01763503]), array([-0.06478803,  1.10713219, -0.52307284, -0.12098452,  1.14203627,
        2.44073949,  0.03144018, -0.13656886,  0.23570465,  0.0590141 ,
        0.04778585, -0.01756733]), array([-0.06463713,  1.10649177, -0.52186823, -0.12068622,  1.14228739,
        2.44065199,  0.0301796 , -0.12808417,  0.24092332,  0.05965988,
        0.05022404, -0.01749957]), array([-0.06449234,  1.10589272, -0.52063877, -0.1203849 ,  1.14254931,
        2.44056483,  0.02895767, -0.11980848,  0.24589152,  0.06026387,
        0.05238374, -0.01743189]), array([-0.06435347,  1.10533398, -0.51938573, -0.12008077,  1.14282066,
        2.44047801,  0.02777443, -0.11174778,  0.25060816,  0.0608265 ,
        0.05427057, -0.01736442]), array([-0.06422032,  1.10481445, -0.51811036, -0.11977403,  1.14310011,
        2.44039152,  0.02662986, -0.10390755,  0.25507265,  0.06134823,
        0.05589055, -0.01729731]), array([-0.0640927 ,  1.10433298, -0.51681394, -0.11946488,  1.14338636,
        2.44030537,  0.02552388, -0.09629276,  0.25928488,  0.06182958,
        0.05725008, -0.01723068]), array([-0.06397042,  1.10388844, -0.51549771, -0.11915353,  1.14367814,
        2.44021955,  0.02445639, -0.08890788,  0.26324521,  0.06227114,
        0.0583559 , -0.01716466]), array([-0.06385328,  1.10347966, -0.51416294, -0.11884016,  1.14397422,
        2.44013405,  0.02342722, -0.0817569 ,  0.26695447,  0.06267353,
        0.05921505, -0.01709936]), array([-0.0637411 ,  1.10310544, -0.51281087, -0.11852497,  1.14427339,
        2.44004887,  0.02243614, -0.07484329,  0.27041392,  0.06303741,
        0.05983484, -0.0170349 ]), array([-0.06363369,  1.10276459, -0.51144275, -0.11820815,  1.14457451,
        2.43996402,  0.02148291, -0.06817006,  0.27362524,  0.0633635 ,
        0.06022283, -0.01697138]), array([-0.06353085,  1.10245589, -0.51005979, -0.11788989,  1.14487644,
        2.43987947,  0.02056721, -0.06173972,  0.27659053,  0.06365254,
        0.06038676, -0.0169089 ]), array([-0.06343241,  1.10217812, -0.50866323, -0.11757036,  1.14517811,
        2.43979524,  0.01968871, -0.05555432,  0.27931226,  0.06390533,
        0.06033458, -0.01684755]), array([-0.06333817,  1.10193004, -0.50725427, -0.11724975,  1.14547849,
        2.4397113 ,  0.01884702, -0.04961542,  0.28179331,  0.06412269,
        0.06007435, -0.01678741]), array([-0.06324796,  1.10171042, -0.50583408, -0.11692822,  1.14577656,
        2.43962766,  0.01804172, -0.04392416,  0.28403686,  0.06430548,
        0.05961426, -0.01672858]), array([-0.0631616 ,  1.10151802, -0.50440385, -0.11660595,  1.14607137,
        2.4395443 ,  0.01727235, -0.03848121,  0.28604645,  0.06445457,
        0.05896259, -0.01667111]), array([-0.06307891,  1.10135158, -0.50296472, -0.1162831 ,  1.14636201,
        2.43946122,  0.01653843, -0.03328682,  0.28782595,  0.06457088,
        0.05812766, -0.01661508]), array([-0.06299971,  1.10120988, -0.50151782, -0.11595982,  1.1466476 ,
        2.43937842,  0.01583943, -0.0283408 ,  0.28937948,  0.06465535,
        0.05711786, -0.01656054]), array([-0.06292384,  1.10109167, -0.50006426, -0.11563628,  1.14692731,
        2.43929588,  0.01517481, -0.02364258,  0.29071148,  0.06470893,
        0.05594155, -0.01650755]), array([-0.06285112,  1.10099571, -0.49860513, -0.11531261,  1.14720034,
        2.4392136 ,  0.01454397, -0.01919117,  0.29182661,  0.06473259,
        0.05460709, -0.01645616]), array([-0.06278139,  1.10092078, -0.49714148, -0.11498898,  1.14746596,
        2.43913157,  0.01394634, -0.01498521,  0.29272979,  0.06472731,
        0.05312282, -0.0164064 ]), array([-0.06271448,  1.10086567, -0.49567435, -0.11466551,  1.14772344,
        2.43904978,  0.01338126, -0.01102298,  0.29342613,  0.06469412,
        0.051497  , -0.01635831]), array([-0.06265024,  1.10082916, -0.49420475, -0.11434234,  1.14797213,
        2.43896822,  0.01284811, -0.0073024 ,  0.29392095,  0.064634  ,
        0.04973783, -0.01631191]), array([-0.06258851,  1.10081005, -0.49273365, -0.1140196 ,  1.1482114 ,
        2.43888688,  0.01234621, -0.00382105,  0.29421975,  0.06454799,
        0.04785342, -0.01626725]), array([-6.25291345e-02,  1.10080717e+00, -4.91262007e-01, -1.13697410e-01,
        1.14844066e+00,  2.43880576e+00,  1.18748730e-02, -5.76212880e-04,
        2.94328178e-01,  6.44371068e-02,  4.58517619e-02, -1.62243242e-02]), array([-6.24719675e-02,  1.10081935e+00, -4.89790747e-01, -1.13375898e-01,
        1.14865936e+00,  2.43872485e+00,  1.14334051e-02,  2.43515953e-03,
        2.94252027e-01,  6.43023798e-02,  4.37407289e-02, -1.61831569e-02]), array([-0.06241686,  1.10084543, -0.48832076, -0.11305517,  1.148867  ,
        2.43864413,  0.01102109,  0.00521639,  0.29399721,  0.06414484,
        0.04152806, -0.01614376]), array([-0.06236368,  1.10088428, -0.48685291, -0.11273535,  1.14906311,
        2.4385636 ,  0.0106372 ,  0.00777107,  0.29356974,  0.06396551,
        0.03922134, -0.01610612]), array([-0.06231227,  1.1009348 , -0.48538803, -0.11241652,  1.14924725,
        2.43848325,  0.010281  ,  0.01010306,  0.29297573,  0.06376541,
        0.036828  , -0.01607026]), array([-0.06226251,  1.10099588, -0.48392693, -0.11209879,  1.14941902,
        2.43840307,  0.00995174,  0.01221644,  0.29222134,  0.06354557,
        0.0343553 , -0.01603617]), array([-0.06221427,  1.10106646, -0.48247036, -0.11178226,  1.14957807,
        2.43832305,  0.00964867,  0.01411552,  0.29131281,  0.063307  ,
        0.03181031, -0.01600383]), array([-0.06216741,  1.10114548, -0.48101908, -0.111467  ,  1.14972407,
        2.43824318,  0.00937104,  0.01580484,  0.29025641,  0.06305069,
        0.02919995, -0.01597325]), array([-0.06212182,  1.10123193, -0.47957379, -0.11115311,  1.14985673,
        2.43816346,  0.00911807,  0.01728909,  0.28905842,  0.06277764,
        0.02653091, -0.01594439]), array([-0.05921441,  1.10326426, -0.47630137, -0.11167546,  1.14933882,
        2.44831786,  0.58148263,  0.406466  ,  0.65448359, -0.10447003,
       -0.10358073,  2.03087956]), array([-0.05240888,  1.10046043, -0.46867203, -0.10485898,  1.1542122 ,
        2.4475417 ,  1.36110631, -0.56076583,  1.52586722,  1.36329613,
        0.97467538, -0.15523117]), array([-0.04501276,  1.09320172, -0.45672706, -0.10009105,  1.16343802,
        2.43685407,  1.4792235 , -1.45174289,  2.38899407,  0.9535864 ,
        1.84516397, -2.13752683]), array([-0.03677973,  1.08902486, -0.44617813, -0.0922698 ,  1.17178924,
        2.43639414,  1.6466069 , -0.83537107,  2.10978593,  1.56425104,
        1.67024292, -0.09198566]), array([-0.02885665,  1.08184551, -0.43427101, -0.08793425,  1.18052645,
        2.44650912,  1.58461535, -1.43586991,  2.38142584,  0.86710982,
        1.74744187,  2.02299584]), array([-0.02024099,  1.07790874, -0.4240591 , -0.08015108,  1.18834494,
        2.44560534,  1.72313298, -0.78735518,  2.04238175,  1.55663362,
        1.56369839, -0.18075575]), array([-0.01219373,  1.07796675, -0.41714756, -0.07657691,  1.19324941,
        2.45509036,  1.60945141,  0.01160254,  1.38230636,  0.71483347,
        0.98089506,  1.89700455]), array([-3.44004146e-03,  1.07463467e+00, -4.08549923e-01, -6.94689969e-02,
        1.19938144e+00,  2.47422128e+00,  1.75073732e+00, -6.66415998e-01,
        1.71952826e+00,  1.42158309e+00,  1.22640623e+00,  3.82618388e+00]), array([ 0.00602393,  1.06732113, -0.39637741, -0.05850765,  1.2076258 ,
        2.48217327,  1.89279423, -1.46270696,  2.43450173,  2.19226916,
        1.64887114,  1.59039836]), array([ 0.01495166,  1.06323788, -0.38564146, -0.05175721,  1.21481478,
        2.50011078,  1.78554543, -0.81665017,  2.14719077,  1.35008885,
        1.43779507,  3.58750231]), array([ 0.02383105,  1.06009802, -0.37586652, -0.04475055,  1.22095598,
        2.51928176,  1.77587857, -0.62797155,  1.95498819,  1.40133204,
        1.22824096,  3.83419446]), array([ 0.0324353 ,  1.06087966, -0.36925766, -0.0410631 ,  1.22451426,
        2.52761016,  1.72085096,  0.15632627,  1.32177279,  0.73748833,
        0.71165528,  1.66568135]), array([ 0.04062704,  1.05831102, -0.36079107, -0.04082305,  1.22894073,
        2.54609759,  1.6383479 , -0.5137267 ,  1.69331661,  0.04801137,
        0.88529517,  3.69748649]), array([ 0.04968235,  1.05155509, -0.34816034, -0.03644095,  1.23555988,
        2.55339826,  1.81106124, -1.35118646,  2.52614637,  0.87641957,
        1.32382956,  1.4601336 ]), array([ 0.05833117,  1.04790568, -0.33665147, -0.0358562 ,  1.24114174,
        2.57069342,  1.72976299, -0.72988131,  2.30177393,  0.11695078,
        1.11637253,  3.45903097]), array([ 0.06679318,  1.04371355, -0.32497237, -0.03604357,  1.24644093,
        2.58935115,  1.69240366, -0.83842577,  2.33582119, -0.03747386,
        1.05983778,  3.73154562]), array([ 0.07635805,  1.03550271, -0.30949488, -0.03187582,  1.25375329,
        2.59680813,  1.91297235, -1.64216906,  3.09549662,  0.83354957,
        1.46247123,  1.49139654]), array([ 0.08684935,  1.03030433, -0.29486839, -0.02398109,  1.26037105,
        2.59338943,  2.09826032, -1.03967509,  2.92529751,  1.57894633,
        1.32355177, -0.68373993]), array([ 0.09700806,  1.02230596, -0.27944998, -0.01964616,  1.26685746,
        2.60060332,  2.03174168, -1.59967523,  3.08368364,  0.86698447,
        1.29728266,  1.44277869]), array([ 0.10798163,  1.01105953, -0.26078258, -0.01243339,  1.27510205,
        2.61547779,  2.19471501, -2.24928541,  3.7334789 ,  1.44255525,
        1.64891842,  2.97489408]), array([ 0.11893601,  0.99926914, -0.24312441, -0.00669827,  1.28289907,
        2.63392856,  2.19087658, -2.35807812,  3.53163406,  1.14702427,
        1.55940402,  3.69015391]), array([ 0.12955422,  0.99099175, -0.22744556, -0.00423985,  1.28973561,
        2.64153047,  2.12364046, -1.65547763,  3.13577001,  0.49168386,
        1.3673067 ,  1.52038133]), array([ 1.40851330e-01,  9.79368676e-01, -2.09560503e-01,  1.51979652e-03,
        1.29746017e+00,  2.65881246e+00,  2.25942294e+00, -2.32461525e+00,
        3.57701179e+00,  1.15192868e+00,  1.54491311e+00,  3.45639749e+00]), array([ 0.15273212,  0.97123083, -0.19350053,  0.01062744,  1.30393057,
        2.66487462,  2.37615792, -1.62756827,  3.21199484,  1.82152968,
        1.29407916,  1.21243267]), array([ 0.16475887,  0.96684934, -0.18010388,  0.02258884,  1.30855796,
        2.6602199 ,  2.4053492 , -0.87629804,  2.67932893,  2.39227805,
        0.92547956, -0.93094358]), array([ 0.17570841,  0.95902427, -0.16425188,  0.03014881,  1.31376192,
        2.66620619,  2.18990825, -1.56501453,  3.17040095,  1.51199437,
        1.04079034,  1.19725703]), array([ 0.18582894,  0.94732442, -0.14462043,  0.03406573,  1.32054268,
        2.66195274,  2.02410749, -2.33996935,  3.92629077,  0.7833845 ,
        1.35615311, -0.85068875]), array([ 0.19497223,  0.93814783, -0.12571834,  0.03448949,  1.32687946,
        2.66610175,  1.82865693, -1.83531956,  3.78041704,  0.08475182,
        1.26735585,  0.82980193]), array([ 0.20380813,  0.92782964, -0.10619159,  0.03338363,  1.33298986,
        2.67422328,  1.76717967, -2.06363836,  3.90535081, -0.22117124,
        1.22207962,  1.62430501]), array([ 0.21265177,  0.91712062, -0.08666561,  0.03291464,  1.33888724,
        2.6799015 ,  1.76872906, -2.14180207,  3.90519572, -0.09379885,
        1.17947528,  1.13564454]), array([ 0.22144021,  0.90821651, -0.06728489,  0.03423631,  1.34469752,
        2.6790181 ,  1.7576875 , -1.78082372,  3.87614335,  0.26433475,
        1.16205681, -0.17668046]), array([ 0.22981651,  0.89898839, -0.04818138,  0.03565752,  1.35010661,
        2.68016647,  1.67525913, -1.84562287,  3.82070126,  0.28424143,
        1.08181867,  0.22967503]), array([ 0.23790599,  0.89141914, -0.02886464,  0.03839554,  1.35551408,
        2.68718674,  1.61789707, -1.51385119,  3.86334972,  0.54760464,
        1.08149403,  1.40405328]), array([ 0.24575339,  0.88422826, -0.01041267,  0.04083549,  1.36042326,
        2.6939111 ,  1.56947911, -1.43817581,  3.69039356,  0.48798928,
        0.98183457,  1.34487149]), array([ 0.25328961,  0.8763648 ,  0.00866415,  0.04347296,  1.36540222,
        2.70234263,  1.5072437 , -1.57269081,  3.81536333,  0.52749389,
        0.99579232,  1.68630608]), array([ 0.26045522,  0.86782526,  0.02829662,  0.04523349,  1.37045388,
        2.70841213,  1.4331231 , -1.70790954,  3.9264947 ,  0.35210563,
        1.01033309,  1.21389988]), array([ 0.26740574,  0.85967994,  0.04701037,  0.0467336 ,  1.37503501,
        2.71422825,  1.3901032 , -1.62906342,  3.7427497 ,  0.3000221 ,
        0.91622603,  1.16322555]), array([ 0.2743481 ,  0.85076344,  0.06620664,  0.04730825,  1.37996722,
        2.72189943,  1.38847232, -1.78329865,  3.83925461,  0.11492983,
        0.98644073,  1.53423437]), array([ 0.28104881,  0.84222791,  0.08450995,  0.04789457,  1.38471381,
        2.72914395,  1.34014231, -1.70710642,  3.66066162,  0.11726441,
        0.94931868,  1.4489056 ]), array([ 0.28723715,  0.83398692,  0.10132547,  0.04988952,  1.38599044,
        2.73604775,  1.23766783, -1.64819772,  3.36310369,  0.39899051,
        0.25532498,  1.38075898]), array([ 0.29299784,  0.82605554,  0.11688531,  0.05282226,  1.38476989,
        2.74263864,  1.15213871, -1.58627771,  3.11196754,  0.58654796,
       -0.2441099 ,  1.31817884]), array([ 0.29840021,  0.81844825,  0.13137605,  0.0563162 ,  1.38177349,
        2.7489406 ,  1.08047346, -1.52145628,  2.89814791,  0.69878829,
       -0.59927873,  1.26039207]), array([ 0.30350113,  0.81117696,  0.14494736,  0.06007285,  1.3775344 ,
        2.75497489,  1.02018346, -1.4542596 ,  2.71426189,  0.75132865,
       -0.84781883,  1.20685803]), array([ 0.30834733,  0.80425021,  0.15771941,  0.06385814,  1.37244489,
        2.76076067,  0.96924154, -1.3853485 ,  2.55441112,  0.75705975,
       -1.01790196,  1.15715535]), array([ 0.31297727,  0.79767333,  0.16978906,  0.06749105,  1.36679183,
        2.76631529,  0.92598711, -1.3153766 ,  2.4139289 ,  0.72658176,
       -1.13061121,  1.11092381]), array([ 0.31742254,  0.7914487 ,  0.18123478,  0.07083394,  1.36078326,
        2.77165447,  0.88905426, -1.24492641,  2.28914554,  0.66857811,
       -1.20171434,  1.06783694]), array([ 0.32170912,  0.78557626,  0.19212071,  0.07378461,  1.35456832,
        2.77679243,  0.8573159 , -1.17448732,  2.17718503,  0.59013386,
       -1.24298889,  1.02759073]), array([ 0.32585832,  0.78005399,  0.20249969,  0.07626964,  1.34825225,
        2.78174193,  0.82983964, -1.10445466,  2.07579603,  0.49700541,
       -1.26321407,  0.98990042]), array([ 0.32988758,  0.7748783 ,  0.21241576,  0.07823888,  1.34190767,
        2.78651443,  0.8058527 , -1.03513862,  1.98321502,  0.39384757,
       -1.26891462,  0.95450068]), array([ 0.33381115,  0.77004441,  0.22190605,  0.0796609 ,  1.33558307,
        2.79112017,  0.78471382, -0.96677673,  1.89805735,  0.28440393,
       -1.2649195 ,  0.9211469 ]), array([ 0.33764061,  0.76554668,  0.23100221,  0.08051923,  1.32930916,
        2.79556825,  0.76589066, -0.89954675,  1.81923158,  0.17166587,
       -1.25478215,  0.88961632]), array([ 0.34138531,  0.76137879,  0.23973157,  0.08080925,  1.32310368,
        2.79986679,  0.74894141, -0.8335786 ,  1.74587265,  0.05800511,
       -1.24109706,  0.85970857]), array([ 0.34505281,  0.75753396,  0.24811802,  0.08053567,  1.31697499,
        2.80402302,  0.7334998 , -0.76896473,  1.67729008, -0.05471605,
       -1.22573842,  0.83124553]), array([ 0.34864913,  0.75400512,  0.25618266,  0.07971041,  1.31092479,
        2.80804337,  0.71926277, -0.70576871,  1.61292799, -0.16505326,
       -1.21004009,  0.80407056]), array([ 0.35217903,  0.75078496,  0.26394433,  0.07835088,  1.30495013,
        2.81193361,  0.70598025, -0.64403225,  1.55233424, -0.27190418,
       -1.19493155,  0.77804726]), array([ 0.35564626,  0.74786605,  0.27142002,  0.07647866,  1.29904493,
        2.8156989 ,  0.69344664, -0.58378085,  1.49513684, -0.37444559,
       -1.18104036,  0.75305781]), array([ 0.35905373,  0.74524091,  0.27862515,  0.07411825,  1.29320108,
        2.8193439 ,  0.68149368, -0.52502817,  1.4410257 , -0.47208139,
       -1.16876958,  0.72900126]), array([ 0.36240365,  0.74290201,  0.28557384,  0.07129625,  1.2874093 ,
        2.82287286,  0.66998445, -0.46777952,  1.38973879, -0.56439954,
       -1.15835609,  0.70579167]), array([ 0.36569769,  0.74084184,  0.2922791 ,  0.06804057,  1.28165973,
        2.82628964,  0.65880832, -0.41203449,  1.34105145, -0.6511365 ,
       -1.14991458,  0.68335623]), array([ 0.36893707,  0.7390529 ,  0.29875294,  0.06437983,  1.27594237,
        2.82959781,  0.64787659, -0.35778893,  1.29476827, -0.73214796,
       -1.14347063,  0.66163353]), array([ 0.37212267,  0.73752771,  0.30500652,  0.06034291,  1.27024744,
        2.83280067,  0.63711892, -0.30503649,  1.25071682, -0.80738461,
       -1.13898555,  0.64057191]), array([ 0.37525507,  0.73625887,  0.31105024,  0.05595855,  1.26456557,
        2.83590131,  0.62648015, -0.2537697 ,  1.20874297, -0.87687225,
       -1.13637508,  0.62012798]), array([ 0.37833466,  0.73523896,  0.31689377,  0.05125507,  1.25888795,
        2.83890264,  0.61591772, -0.20398076,  1.16870719, -0.94069544,
       -1.13552332,  0.60026526]), array([ 0.38136166,  0.73446065,  0.32254618,  0.04626015,  1.25320649,
        2.8418074 ,  0.60539937, -0.15566206,  1.13048186, -0.99898405,
       -1.13629317,  0.58095298]), array([ 0.38433616,  0.73391662,  0.32801593,  0.04100064,  1.24751382,
        2.84461823,  0.59490126, -0.10880656,  1.09394913, -1.05190224,
       -1.13853406,  0.56216511]), array([ 0.38725819,  0.73359958,  0.33331093,  0.03550244,  1.24180338,
        2.84733763,  0.58440632, -0.06340799,  1.05899937, -1.09963947,
       -1.14208774,  0.54387939]), array([ 0.39012771,  0.73350227,  0.33843858,  0.02979042,  1.23606942,
        2.84996801,  0.57390287, -0.01946094,  1.02552992, -1.14240317,
       -1.1467925 ,  0.52607665]), array([ 0.39294463,  0.73361747,  0.3434058 ,  0.02388836,  1.23030698,
        2.85251171,  0.56338347,  0.02303915,  0.99344423, -1.1804127 ,
       -1.15248628,  0.5087401 ]), array([ 0.39570884,  0.73393795,  0.34821905,  0.01781889,  1.22451194,
        2.85497098,  0.55284387,  0.06409596,  0.96265113, -1.21389458,
       -1.15900897,  0.49185487]), array([ 0.39842026,  0.73445651,  0.35288437,  0.01160349,  1.21868092,
        2.85734802,  0.54228225,  0.10371247,  0.93306436, -1.24307852,
       -1.166204  ,  0.47540753]), array([ 0.40107875,  0.73516597,  0.35740739,  0.00526252,  1.21281132,
        2.85964495,  0.53169848,  0.141891  ,  0.90460213, -1.2681943 ,
       -1.17391955,  0.45938574]), array([ 4.03684216e-01,  7.36059134e-01,  3.61793320e-01, -1.18482370e-03,
        1.20690127e+00,  2.86186384e+00,  5.21093525e-01,  1.78633416e-01,
        8.77186877e-01, -1.28946930e+00, -1.18200934e+00,  4.43777974e-01]), array([ 0.40623656,  0.73712884,  0.36604704, -0.00772046,  1.20094961,
        2.86400671,  0.51046901,  0.21394122,  0.85074498, -1.30712647,
       -1.19033319,  0.4285733 ]), array([ 0.40873569,  0.73836792,  0.37017308, -0.01432737,  1.19495582,
        2.86607551,  0.49982677,  0.24781571,  0.82520664, -1.32138283,
       -1.19875739,  0.41376118]), array([ 0.41118154,  0.73976921,  0.37417561, -0.02098961,  1.18892005,
        2.86807217,  0.48916856,  0.28025818,  0.80050572, -1.33244828,
       -1.20715492,  0.39933137]), array([ 0.41357402,  0.74132556,  0.3780585 , -0.02769224,  1.18284302,
        2.86999854,  0.47849581,  0.31126999,  0.7765796 , -1.3405247 ,
       -1.21540555,  0.38527381]), array([ 0.41591306,  0.74302982,  0.38182535, -0.03442126,  1.17672604,
        2.87185643,  0.46780939,  0.34085275,  0.75336917, -1.34580534,
       -1.22339588,  0.37157853]), array([ 0.41819861,  0.74487487,  0.38547944, -0.04116363,  1.17057094,
        2.87364761,  0.45710948,  0.36900844,  0.73081863, -1.34847436,
       -1.23101934,  0.35823565]), array([ 0.42043059,  0.74685356,  0.38902382, -0.04790717,  1.16438006,
        2.87537379,  0.44639545,  0.39573953,  0.70887552, -1.34870656,
       -1.23817609,  0.34523532]), array([ 0.42260892,  0.74895881,  0.39246127, -0.0546405 ,  1.1581562 ,
        2.87703662,  0.43566579,  0.42104907,  0.68749058, -1.34666726,
       -1.24477295,  0.33256772]), array([ 0.42473351,  0.75118351,  0.39579436, -0.06135306,  1.15190258,
        2.87863774,  0.42491807,  0.44494079,  0.66661769, -1.34251228,
       -1.25072327,  0.32022306]), array([ 0.42680425,  0.75352061,  0.39902543, -0.068035  ,  1.14562285,
        2.8801787 ,  0.41414889,  0.46741919,  0.64621381, -1.33638797,
       -1.25594678,  0.30819159]), array([ 0.42882102,  0.75596306,  0.40215663, -0.07467716,  1.139321  ,
        2.88166101,  0.40335389,  0.48848961,  0.62623886, -1.32843143,
       -1.26036947,  0.2964636 ]), array([ 0.43078366,  0.75850385,  0.4051899 , -0.08127101,  1.13300138,
        2.88308616,  0.39252778,  0.50815825,  0.60665571, -1.31877065,
       -1.26392337,  0.28502947]), array([ 0.43269198,  0.76113601,  0.40812705, -0.08780864,  1.12666865,
        2.88445556,  0.38166437,  0.52643228,  0.58743002, -1.30752481,
       -1.26654644,  0.27387966]), array([ 0.43454577,  0.76385261,  0.41096971, -0.09428266,  1.12032774,
        2.88577058,  0.3707566 ,  0.54331982,  0.56853019, -1.29480456,
       -1.26818237,  0.26300474]), array([ 0.43634475,  0.76664676,  0.41371934, -0.10068622,  1.11398384,
        2.88703256,  0.3597966 ,  0.55883   ,  0.54992726, -1.28071237,
       -1.26878037,  0.25239544]), array([ 0.43808863,  0.76951162,  0.41637732, -0.10701294,  1.10764236,
        2.88824277,  0.34877575,  0.57297296,  0.53159479, -1.26534282,
       -1.26829504,  0.24204263]), array([ 0.43977705,  0.77244042,  0.41894486, -0.11325685,  1.10130893,
        2.88940246,  0.33768476,  0.58575985,  0.51350881, -1.24878305,
       -1.26668614,  0.23193738]), array([ 0.44140962,  0.77542644,  0.4214231 , -0.11941242,  1.09498934,
        2.89051282,  0.3265137 ,  0.59720284,  0.49564766, -1.23111308,
       -1.26391843,  0.22207098]), array([ 0.44298588,  0.77846301,  0.42381306, -0.12547445,  1.08868953,
        2.89157499,  0.31525215,  0.60731513,  0.4779919 , -1.21240623,
       -1.25996144,  0.21243492]), array([ 0.44450533,  0.78154357,  0.42611568, -0.1314381 ,  1.08241559,
        2.8925901 ,  0.3038892 ,  0.61611089,  0.46052421, -1.19272949,
       -1.25478933,  0.20302097]), array([ 0.44596739,  0.78466159,  0.42833182, -0.13729882,  1.07617368,
        2.8935592 ,  0.29241358,  0.62360529,  0.44322928, -1.17214392,
       -1.24838065,  0.19382113]), array([ 0.44737146,  0.78781067,  0.43046229, -0.14305234,  1.06997009,
        2.89448334,  0.28081371,  0.62981444,  0.42609368, -1.15070505,
       -1.24071821,  0.18482771]), array([ 0.44871685,  0.79098444,  0.43250782, -0.14869466,  1.06381115,
        2.89536351,  0.26907779,  0.63475537,  0.40910575, -1.12846324,
       -1.23178882,  0.17603329]), array([ 0.45000282,  0.79417667,  0.4344691 , -0.15422198,  1.05770323,
        2.89620066,  0.25719389,  0.638446  ,  0.39225548, -1.10546406,
       -1.22158316,  0.16743075]), array([ 0.45122857,  0.7973812 ,  0.43634677, -0.15963072,  1.05165275,
        2.89699573,  0.24515001,  0.64090511,  0.37553442, -1.08174868,
       -1.21009555,  0.15901329]), array([ 0.45239324,  0.80059196,  0.43814145, -0.16491749,  1.04566613,
        2.8977496 ,  0.23293416,  0.64215229,  0.35893552, -1.0573542 ,
       -1.19732381,  0.15077443]), array([ 0.45349591,  0.803803  ,  0.43985371, -0.17007906,  1.03974979,
        2.89846314,  0.22053442,  0.64220789,  0.34245305, -1.03231398,
       -1.18326902,  0.14270798]), array([ 0.45453561,  0.80700846,  0.44148413, -0.17511235,  1.03391011,
        2.89913718,  0.20793904,  0.641093  ,  0.32608247, -1.00665802,
       -1.16793541,  0.1348081 ]), array([ 0.45547942,  0.81010215,  0.44290999, -0.17996304,  1.0279335 ,
        2.89977077,  0.1887612 ,  0.6187371 ,  0.28517182, -0.9701378 ,
       -1.19532263,  0.12671902])], 'U_history': [array([ 2.27409708e-03, -3.98900907e-05, -2.78225418e-04, -1.15745078e-03,
       -7.68343619e-04,  4.83099939e-19]), array([-0.00768988,  0.05166409, -0.00123069, -0.00179953,  0.15643635,
        0.01080055]), array([-0.01693301,  0.10319772,  0.00480248, -0.00224458,  0.2831647 ,
        0.01733063]), array([-0.02553571,  0.15426716,  0.01606749, -0.00246046,  0.38588628,
        0.02139006]), array([-0.0335602 ,  0.20465486,  0.03120163, -0.00243423,  0.4696825 ,
        0.02399718]), array([-0.04105517,  0.25420829,  0.04915196, -0.00216897,  0.53854983,
        0.02573359]), array([-0.04806018,  0.3028319 ,  0.06911214, -0.00167892,  0.59563691,
        0.02693553]), array([-0.05461015,  0.35047916,  0.09047187, -0.00098436,  0.64342911,
        0.02780041]), array([-6.07389111e-02,  3.97142879e-01,  1.12774875e-01, -1.07574033e-04,
        6.83891059e-01,  2.84464135e-02]), array([-0.06648095,  0.44284435,  0.13568361,  0.00092955,  0.7185763 ,
        0.02894596]), array([-0.07187107,  0.48762347,  0.15895054,  0.00210636,  0.74871246,
        0.0293446 ]), array([-0.07694303,  0.53153185,  0.1823962 ,  0.00340347,  0.77526861,
        0.02967187]), array([-0.08172833,  0.57462866,  0.20589293,  0.00480266,  0.79900921,
        0.02994743]), array([-0.08625557,  0.61697844,  0.2293529 ,  0.00628698,  0.82053729,
        0.03018477]), array([-0.09055037,  0.65864965,  0.25271908,  0.00784089,  0.8403288 ,
        0.0303934 ]), array([-0.09463561,  0.69971363,  0.27595815,  0.00945046,  0.85875973,
        0.03058014]), array([-0.09853174,  0.74024373,  0.29905509,  0.01110347,  0.87612746,
        0.03075   ]), array([-0.10225718,  0.78031446,  0.32200874,  0.01278945,  0.89266746,
        0.03090672]), array([-0.10582859,  0.82000075,  0.34482837,  0.01449958,  0.90856646,
        0.03105312]), array([-0.10926116,  0.85937729,  0.36753092,  0.01622665,  0.92397268,
        0.03119139]), array([-0.10940347,  0.89442736,  0.3872949 ,  0.01617671,  0.93683194,
        0.0313232 ]), array([-0.11234026,  0.93298858,  0.40959547,  0.01792728,  0.95161162,
        0.03142832]), array([-0.11517042,  0.97145322,  0.43185735,  0.01966186,  0.96615545,
        0.03153947]), array([-0.11790572,  1.0098902 ,  0.45410971,  0.02138199,  0.98052938,
        0.03165268]), array([-0.12055712,  1.04836571,  0.47638235,  0.02308926,  0.99478571,
        0.03176605]), array([-0.12313494,  1.08694294,  0.49870491,  0.02478533,  1.00896569,
        0.0318788 ]), array([-0.12564887,  1.12568172,  0.52110626,  0.02647191,  1.02310174,
        0.03199069]), array([-0.12810801,  1.16463819,  0.54361397,  0.02815078,  1.03721901,
        0.03210179]), array([-0.13052094,  1.20386459,  0.56625393,  0.02982374,  1.05133674,
        0.03221229]), array([-0.13289571,  1.24340895,  0.58905002,  0.03149258,  1.06546925,
        0.03232244]), array([-0.1352399 ,  1.2833149 ,  0.61202379,  0.03315905,  1.07962673,
        0.03243249]), array([-0.13756058,  1.32362148,  0.63519433,  0.03482484,  1.09381587,
        0.03254269]), array([-0.13986439,  1.36436291,  0.65857802,  0.03649152,  1.10804033,
        0.03265329]), array([-0.14215748,  1.40556849,  0.68218842,  0.03816056,  1.12230116,
        0.03276448]), array([-0.14444557,  1.44726241,  0.70603617,  0.03983326,  1.13659708,
        0.03287645]), array([-0.14673392,  1.4894637 ,  0.73012889,  0.04151076,  1.15092475,
        0.03298936]), array([-0.14902733,  1.53218605,  0.75447113,  0.04319403,  1.16527896,
        0.03310335]), array([-0.15133017,  1.57543783,  0.7790643 ,  0.04488381,  1.17965276,
        0.03321852]), array([-0.15364637,  1.619222  ,  0.80390672,  0.04658066,  1.19403767,
        0.03333496]), array([-0.1559794 ,  1.66353608,  0.82899354,  0.04828492,  1.20842375,
        0.03345274]), array([ 0.07367409,  1.84582893,  0.95051842, -0.05984351,  1.30621858,
        0.03357187]), array([ 0.07525089,  1.89330671,  0.9758581 , -0.05071805,  1.31295041,
        0.03309728]), array([ 0.0764655 ,  1.94093223,  1.00118916, -0.04292628,  1.32110075,
        0.03296596]), array([ 0.07735968,  1.98870418,  1.02654327, -0.03622473,  1.33034452,
        0.03301179]), array([ 0.07796587,  2.03661172,  1.05193572, -0.0304136 ,  1.34041995,
        0.03314517]), array([ 0.07830918,  2.08463552,  1.07736871, -0.0253286 ,  1.35111546,
        0.03331837]), array([ 0.07840883,  2.13274861,  1.10283401, -0.02083452,  1.36225917,
        0.03350645]), array([ 0.07827948,  2.18091715,  1.12831501, -0.01682005,  1.3737106 ,
        0.03369682]), array([ 0.07793218,  2.22910108,  1.15378845, -0.01319362,  1.38535413,
        0.03388345]), array([ 0.07737521,  2.2772548 ,  1.17922568, -0.00987999,  1.39709378,
        0.03406382]), array([ 0.07661476,  2.32532772,  1.20459382, -0.00681741,  1.4088492 ,
        0.03423716]), array([ 0.07565551,  2.3732648 ,  1.22985655, -0.00395539,  1.42055238,
        0.03440355]), array([ 7.45010148e-02,  2.42100706e+00,  1.25497493e+00, -1.25269464e-03,
        1.43214525e+00,  3.45634340e-02]), array([7.31541500e-02, 2.46849209e+00, 1.27990789e+00, 1.32414097e-03,
       1.44357761e+00, 3.47173824e-02]), array([0.07161736, 2.51565452, 1.30461284, 0.00380217, 1.45480569,
       0.03486594]), array([0.06989291, 2.56242648, 1.32904605, 0.00620309, 1.4657909 ,
       0.03500958]), array([0.0679831 , 2.60873805, 1.35316305, 0.00854417, 1.47649893,
       0.03514868]), array([0.06589039, 2.6545177 , 1.37691894, 0.01083894, 1.48689906,
       0.03528353]), array([0.06361755, 2.69969277, 1.40026874, 0.01309787, 1.49696358,
       0.03541432]), array([0.06116771, 2.7441898 , 1.42316765, 0.01532886, 1.5066674 ,
       0.03554116]), array([-0.31693323,  2.62887065,  1.33383558,  0.19581085,  1.41259261,
        0.03566408]), array([-0.32104811,  2.67158031,  1.35751443,  0.18374005,  1.43252461,
        0.03703407]), array([-0.32463608,  2.71386986,  1.3809079 ,  0.17396369,  1.45006409,
        0.03768606]), array([-0.32778476,  2.75561978,  1.40389958,  0.16605788,  1.46560921,
        0.03796596]), array([-0.33056449,  2.79671883,  1.42639304,  0.15967658,  1.47947276,
        0.03805981]), array([-0.33303156,  2.83706298,  1.44830753,  0.15453627,  1.49189999,
        0.03806637]), array([-0.33523091,  2.87655458,  1.46957479,  0.15040406,  1.503083  ,
        0.03803693]), array([-0.3371982 ,  2.91510177,  1.49013642,  0.14708836,  1.51317205,
        0.03799719]), array([-0.33896158,  2.95261805,  1.50994205,  0.14443137,  1.52228469,
        0.03795912]), array([-0.34054308,  2.98902202,  1.52894782,  0.14230301,  1.53051286,
        0.03792753]), array([-0.34195981,  3.02423717,  1.54711532,  0.14059605,  1.53792859,
        0.03790355]), array([-0.34322486,  3.05819179,  1.56441077,  0.13922201,  1.54458843,
        0.03788653]), array([-0.34434816,  3.09081887,  1.58080441,  0.13810794,  1.55053704,
        0.03787508]), array([-0.34533707,  3.12205614,  1.59627009,  0.13719368,  1.5558099 ,
        0.03786752]), array([-0.34619695,  3.15184603,  1.61078495,  0.13642964,  1.56043556,
        0.03786221]), array([-0.34693158,  3.18013574,  1.62432921,  0.13577497,  1.56443732,
        0.03785762]), array([-0.34754354,  3.20687722,  1.636886  ,  0.13519605,  1.56783464,
        0.03785241]), array([-0.34803448,  3.23202728,  1.64844129,  0.13466528,  1.57064416,
        0.03784543]), array([-0.34840541,  3.25554756,  1.65898379,  0.13416003,  1.57288055,
        0.03783569]), array([-0.34865686,  3.27740461,  1.66850491,  0.1336618 ,  1.57455719,
        0.0378224 ]), array([-0.34878908,  3.29756988,  1.67699876,  0.13315553,  1.57568664,
        0.03780487]), array([-0.34880213,  3.31601973,  1.68446206,  0.13262906,  1.57628104,
        0.03778259]), array([-0.34869602,  3.33273544,  1.69089417,  0.1320726 ,  1.57635244,
        0.03775513]), array([-0.34847079,  3.34770318,  1.69629705,  0.1314784 ,  1.57591299,
        0.03772218]), array([-0.34812657,  3.36091396,  1.7006752 ,  0.13084037,  1.57497511,
        0.0376835 ]), array([-0.34766364,  3.37236362,  1.70403563,  0.13015387,  1.57355164,
        0.03763893]), array([-0.3470825 ,  3.38205268,  1.70638785,  0.12941546,  1.57165591,
        0.0375884 ]), array([-0.34638382,  3.38998633,  1.70774376,  0.1286227 ,  1.56930175,
        0.03753187]), array([-0.34556856,  3.3961743 ,  1.70811761,  0.12777405,  1.56650358,
        0.03746937]), array([-0.34463791,  3.40063071,  1.70752592,  0.12686867,  1.56327639,
        0.03740096]), array([-0.34359336,  3.40337399,  1.70598742,  0.12590637,  1.55963572,
        0.03732676]), array([-0.34243664,  3.40442668,  1.70352292,  0.12488751,  1.55559766,
        0.03724692]), array([-0.34116978,  3.4038153 ,  1.70015521,  0.1238129 ,  1.5511788 ,
        0.0371616 ]), array([-0.33979504,  3.40157017,  1.69590898,  0.12268376,  1.54639621,
        0.03707102]), array([-0.33831499,  3.3977252 ,  1.69081071,  0.12150163,  1.54126737,
        0.0369754 ]), array([-0.3367324 ,  3.39231773,  1.68488851,  0.12026837,  1.53581016,
        0.036875  ]), array([-0.33505031,  3.3853883 ,  1.67817202,  0.11898608,  1.53004275,
        0.03677008]), array([-0.33327197,  3.37698045,  1.67069229,  0.11765708,  1.52398362,
        0.03666093]), array([-0.33140086,  3.36714049,  1.66248161,  0.11628385,  1.51765141,
        0.03654783]), array([-0.32944062,  3.35591728,  1.65357344,  0.11486907,  1.51106495,
        0.03643111]), array([-0.3273951 ,  3.34336203,  1.64400219,  0.11341549,  1.50424313,
        0.03631106]), array([-0.32526828,  3.32952803,  1.63380315,  0.11192601,  1.4972049 ,
        0.03618802]), array([-0.32306431,  3.31447043,  1.62301232,  0.11040359,  1.48996917,
        0.0360623 ]), array([-0.32078744,  3.29824601,  1.61166628,  0.10885125,  1.48255477,
        0.03593424]), array([-0.31844204,  3.280913  ,  1.59980207,  0.10727207,  1.47498042,
        0.03580415]), array([-0.31603257,  3.26253075,  1.58745702,  0.10566913,  1.46726462,
        0.03567237]), array([-0.31356354,  3.24315959,  1.57466867,  0.10404557,  1.45942566,
        0.03553921]), array([-0.31103954,  3.2228606 ,  1.56147459,  0.10240447,  1.45148156,
        0.035405  ]), array([-0.30846518,  3.20169535,  1.5479123 ,  0.10074894,  1.44344997,
        0.03527005]), array([-0.30584509,  3.17972573,  1.53401914,  0.09908205,  1.43534822,
        0.03513467]), array([-0.3031839 ,  3.15701374,  1.51983214,  0.09740682,  1.42719321,
        0.03499914]), array([-0.30048624,  3.13362129,  1.50538793,  0.09572623,  1.41900141,
        0.03486378]), array([-0.29775671,  3.10961002,  1.49072265,  0.09404321,  1.41078879,
        0.03472885]), array([-0.29499985,  3.08504111,  1.47587181,  0.09236061,  1.40257086,
        0.03459462]), array([-0.29222018,  3.05997512,  1.46087026,  0.09068122,  1.39436257,
        0.03446137]), array([-0.28942213,  3.03447182,  1.44575206,  0.08900772,  1.38617833,
        0.03432932]), array([-0.28661005,  3.00859006,  1.4305504 ,  0.08734273,  1.37803197,
        0.03419872]), array([-0.28378821,  2.98238761,  1.41529758,  0.08568877,  1.36993676,
        0.0340698 ]), array([-0.28096079,  2.95592103,  1.40002491,  0.08404825,  1.36190533,
        0.03394275]), array([-0.27813185,  2.92924558,  1.38476263,  0.08242349,  1.35394973,
        0.03381779]), array([-0.27530533,  2.90241507,  1.36953994,  0.08081668,  1.34608138,
        0.03369509]), array([-0.27248505,  2.87548176,  1.35438485,  0.07922992,  1.33831108,
        0.03357483]), array([-0.26967471,  2.84849634,  1.33932423,  0.07766519,  1.33064898,
        0.03345716]), array([-0.26687786,  2.82150776,  1.32438375,  0.07612436,  1.32310464,
        0.03334222]), array([-0.26409791,  2.79456321,  1.30958783,  0.07460918,  1.31568697,
        0.03323016]), array([-0.26133814,  2.76770806,  1.29495966,  0.07312127,  1.30840426,
        0.03312108]), array([-0.25860166,  2.74098581,  1.28052117,  0.07166214,  1.30126421,
        0.0330151 ]), array([-0.25589144,  2.71443804,  1.26629302,  0.0702332 ,  1.29427388,
        0.03291231]), array([-0.25321029,  2.68810436,  1.25229459,  0.06883573,  1.28743976,
        0.03281279]), array([-0.25056088,  2.66202245,  1.23854401,  0.06747088,  1.28076774,
        0.03271661]), array([-0.24794569,  2.63622798,  1.22505814,  0.06613971,  1.27426316,
        0.03262383]), array([-0.24536708,  2.61075462,  1.21185258,  0.06484315,  1.26793077,
        0.0325345 ]), array([-0.24282724,  2.58563408,  1.19894173,  0.06358202,  1.26177481,
        0.03244865]), array([-0.24032819,  2.56089605,  1.18633873,  0.06235705,  1.25579898,
        0.03236631]), array([-0.23787182,  2.53656827,  1.17405557,  0.06116885,  1.25000646,
        0.03228751]), array([-0.23545986,  2.51267654,  1.16210302,  0.06001794,  1.24439997,
        0.03221225]), array([-0.23309387,  2.4892447 ,  1.15049077,  0.05890471,  1.23898173,
        0.03214053]), array([-0.2307753 ,  2.46629473,  1.13922735,  0.0578295 ,  1.23375352,
        0.03207234]), array([-0.22850542,  2.44384674,  1.12832024,  0.05679252,  1.22871668,
        0.03200767]), array([-0.22628539,  2.421919  ,  1.11777587,  0.05579391,  1.22387214,
        0.03194649]), array([ 60.,  60.,  30., -10.,  10.,  10.]), array([ 60.        , -60.        ,  13.32534292,  10.        ,
        10.        , -10.        ]), array([ 23.31027386, -60.        ,  12.8911006 , -10.        ,
         8.17470031, -10.        ]), array([ 8.51035162, 60.        , 13.45051148, 10.        ,  6.52942519,
       10.        ]), array([  7.80238588, -60.        ,  -7.91345792, -10.        ,
        -3.27495075,  10.        ]), array([  5.73262206,  60.        ,  11.38875544,  10.        ,
         5.62650198, -10.        ]), array([  3.86870082,  60.        ,  -1.21963262, -10.        ,
        -0.34075513,  10.        ]), array([  6.30176791, -60.        ,  -5.7950726 ,  10.        ,
        -1.50886328,  10.        ]), array([  6.5159037 , -60.        ,   7.05096144,  10.        ,
         2.40821727, -10.        ]), array([  5.18164734,  60.        ,  12.67619548, -10.        ,
         5.91571433,  10.        ]), array([ 1.34464099, 12.        , -0.15872061,  2.        , -0.12385594,
        2.        ]), array([  8.89136768,  60.        ,  -0.39110026, -10.        ,
        -0.26058   , -10.        ]), array([  6.57951019, -60.        ,  -5.19291883, -10.        ,
        -1.6543472 ,  10.        ]), array([  8.50497039, -60.        ,  10.78513715,  10.        ,
         3.52507935, -10.        ]), array([  6.93545951,  60.        ,  14.71256242, -10.        ,
         5.89221137,  10.        ]), array([  2.34550502, -12.        ,   0.11836553,  -2.        ,
        -0.06215645,   2.        ]), array([ 12.67617309, -60.        ,   9.43858955,  10.        ,
         3.24981368, -10.        ]), array([ 10.49811547,  60.        ,  17.29845912,  10.        ,
         6.42637631, -10.        ]), array([  8.9570989 , -60.        ,  -9.88661936, -10.        ,
        -4.09987511,  10.        ]), array([ 10.90795086, -48.        ,  11.20996083,   8.        ,
         4.42220208,   8.        ]), array([  8.22436446, -24.        ,  -8.24980106,  -4.        ,
        -2.18539592,   4.        ]), array([  8.2138711 ,  60.        ,  10.97353868, -10.        ,
         4.74470935, -10.        ]), array([  6.6504626 , -60.        ,   0.72063286,  10.        ,
         0.28688752,  10.        ]), array([  4.99203716,  60.        ,  11.51404168,  10.        ,
         3.7248804 , -10.        ]), array([ -1.53373363,  60.        ,   4.93083224,  10.        ,
         0.95426905, -10.        ]), array([ -2.18818618, -60.        ,   1.25594153, -10.        ,
        -0.1059743 ,  10.        ]), array([  0.36181151, -60.        ,  11.12284752, -10.        ,
         3.91875131, -10.        ]), array([-4.29233983, 48.        , 16.03409632, -8.        ,  5.77993512,
        8.        ]), array([  2.64242739, -24.        ,   2.18061323,  -4.        ,
         0.19805715,   4.        ]), array([  1.83341549, -12.        ,   2.20049093,   2.        ,
         0.68303908,  -2.        ]), array([-3.00735991, 36.        , 15.82535318,  6.        ,  5.45847441,
       -6.        ]), array([ -4.58218689, -12.        ,   0.26877379,   2.        ,
        -0.09385172,   2.        ]), array([-6.25689463, 36.        , 18.        ,  6.        ,  6.        ,
        6.        ]), array([ 0., -0.,  0.,  0.,  0., -0.]), array([ -2.98767835, -12.        ,   6.        ,   2.        ,
         2.        ,   2.        ]), array([ -0.48694778, -12.        ,   6.        ,  -2.        ,
         2.        ,  -2.        ]), array([-0., -0.,  0., -0.,  0.,  0.]), array([  4.38871424, -12.        ,   6.        ,  -2.        ,
         2.        ,   2.        ]), array([ 0., -0.,  0., -0.,  0., -0.]), array([-1.06548227e+01, -1.10981791e+01, -1.05542342e+01,  6.72264750e+00,
       -9.63878803e+00,  8.00803384e-16]), array([-7.61222773e+00, -7.04033081e+00, -7.11803021e+00,  4.81599110e+00,
       -6.78623893e+00, -4.38793383e-16]), array([-5.17401207e+00, -3.97397563e+00, -4.51125278e+00,  3.27261547e+00,
       -4.63734780e+00, -5.35693791e-17]), array([-3.22637475e+00, -1.64610849e+00, -2.53219909e+00,  2.02873175e+00,
       -3.02378321e+00, -1.12600028e-15]), array([-1.67675701e+00,  1.26770520e-01, -1.02989456e+00,  1.03135329e+00,
       -1.81664334e+00, -2.67857461e-16]), array([-4.50024473e-01,  1.47941205e+00,  1.09278809e-01,  2.36593206e-01,
       -9.17542975e-01, -3.03790006e-17]), array([ 5.14796684e-01,  2.51188117e+00,  9.71231883e-01, -3.91843378e-01,
       -2.51550983e-01,  2.66338875e-16]), array([ 1.26721954e+00,  3.29921982e+00,  1.62119216e+00, -8.83947109e-01,
        2.38318031e-01,  3.36247064e-16]), array([ 1.84749323e+00,  3.89818257e+00,  2.10885778e+00, -1.26448544e+00,
        5.95356990e-01,  1.50464710e-15]), array([ 2.28837638e+00,  4.35200084e+00,  2.47220765e+00, -1.55390281e+00,
        8.52429869e-01,  6.32004355e-16]), array([ 2.61656397e+00,  4.69379998e+00,  2.74033691e+00, -1.76906742e+00,
        1.03446593e+00,  8.14334273e-16]), array([ 2.85383425e+00,  4.94908222e+00,  2.93557955e+00, -1.92388972e+00,
        1.16036150e+00, -1.89096344e-17]), array([ 3.01797145e+00,  5.13755277e+00,  3.07510593e+00, -2.02983440e+00,
        1.24442794e+00,  8.67052077e-16]), array([ 3.12350896e+00,  5.27447730e+00,  3.17213066e+00, -2.09634402e+00,
        1.29749339e+00,  8.08143199e-16]), array([ 3.18232923e+00,  5.37170105e+00,  3.23682980e+00, -2.13118961e+00,
        1.32774060e+00,  1.21435800e-15]), array([ 3.20414897e+00,  5.43842047e+00,  3.27703985e+00, -2.14076077e+00,
        1.34134411e+00,  1.61911925e-15]), array([ 3.19691244e+00,  5.48177208e+00,  3.29879240e+00, -2.13030569e+00,
        1.34295470e+00,  9.82030753e-16]), array([ 3.16711103e+00,  5.50728489e+00,  3.30672416e+00, -2.10412973e+00,
        1.33606769e+00,  8.28891269e-16]), array([ 3.12004343e+00,  5.51923015e+00,  3.30439254e+00, -2.06575965e+00,
        1.32330297e+00,  1.49363316e-15]), array([ 3.06002785e+00,  5.52089315e+00,  3.29451894e+00, -2.01807940e+00,
        1.30661778e+00,  3.98983585e-16]), array([ 2.99057556e+00,  5.51478556e+00,  3.27917689e+00, -1.96344243e+00,
        1.28746837e+00,  2.07983197e-16]), array([ 2.91453291e+00,  5.50281187e+00,  3.25993783e+00, -1.90376444e+00,
        1.26693274e+00, -1.05471625e-16]), array([ 2.83419791e+00,  5.48640050e+00,  3.23798425e+00, -1.84060003e+00,
        1.24580381e+00,  1.11797687e-15]), array([ 2.75141594e+00,  5.46660730e+00,  3.21419771e+00, -1.77520602e+00,
        1.22465998e+00,  7.73507054e-16]), array([ 2.66765849e+00,  5.44419748e+00,  3.18922740e+00, -1.70859371e+00,
        1.20391866e+00,  5.91994420e-16]), array([ 2.58408810e+00,  5.41971069e+00,  3.16354354e+00, -1.64157199e+00,
        1.18387663e+00,  3.66632238e-16]), array([ 2.50161188e+00,  5.39351265e+00,  3.13747916e+00, -1.57478302e+00,
        1.16474064e+00,  4.30893818e-17]), array([ 2.42092576e+00,  5.36583624e+00,  3.11126267e+00, -1.50873154e+00,
        1.14665038e+00,  7.23353860e-16]), array([ 2.34255113e+00,  5.33681421e+00,  3.08504331e+00, -1.44380916e+00,
        1.12969580e+00,  2.39256184e-16]), array([ 2.26686517e+00,  5.30650514e+00,  3.05891108e+00, -1.38031439e+00,
        1.11393012e+00, -1.37052221e-16]), array([ 2.19412604e+00,  5.27491401e+00,  3.03291220e+00, -1.31846913e+00,
        1.09937956e+00,  8.75940934e-16]), array([ 2.12449385e+00,  5.24200848e+00,  3.00706126e+00, -1.25843238e+00,
        1.08605059e+00,  4.97313396e-17]), array([ 2.05804816e+00,  5.20773170e+00,  2.98135057e+00, -1.20031147e+00,
        1.07393534e+00,  6.73907702e-16]), array([ 1.99480247e+00,  5.17201235e+00,  2.95575746e+00, -1.14417149e+00,
        1.06301565e+00,  4.49313210e-16]), array([ 1.93471648e+00,  5.13477233e+00,  2.93024986e+00, -1.09004298e+00,
        1.05326602e+00,  8.17922265e-18]), array([ 1.87770632e+00,  5.09593272e+00,  2.90479059e+00, -1.03792837e+00,
        1.04465581e+00,  3.80989486e-17]), array([ 1.82365310e+00,  5.05541823e+00,  2.87934059e+00, -9.87807360e-01,
        1.03715088e+00, -1.38386041e-16]), array([ 1.77241015e+00,  5.01316042e+00,  2.85386133e+00, -9.39641336e-01,
        1.03071473e+00,  2.06123441e-16]), array([ 1.72380916e+00,  4.96910008e+00,  2.82831658e+00, -8.93377117e-01,
        1.02530945e+00,  2.52346231e-16]), array([ 1.67766531e+00,  4.92318864e+00,  2.80267366e+00, -8.48950056e-01,
        1.02089631e+00,  2.89648046e-16]), array([ 1.63378163e+00,  4.87538921e+00,  2.77690427e+00, -8.06286651e-01,
        1.01743625e+00,  8.20565115e-16]), array([ 1.59195273e+00,  4.82567691e+00,  2.75098502e+00, -7.65306737e-01,
        1.01489022e+00,  3.27213831e-16]), array([ 1.55196794e+00,  4.77403894e+00,  2.72489775e+00, -7.25925334e-01,
        1.01321948e+00,  5.32756266e-17]), array([ 1.51361396e+00,  4.72047435e+00,  2.69862954e+00, -6.88054195e-01,
        1.01238575e+00, -1.51530051e-17]), array([ 1.47667716e+00,  4.66499350e+00,  2.67217273e+00, -6.51603127e-01,
        1.01235139e+00,  2.32332045e-16]), array([ 1.44094547e+00,  4.60761744e+00,  2.64552469e+00, -6.16481091e-01,
        1.01307953e+00,  3.10785810e-16]), array([ 1.40621006e+00,  4.54837711e+00,  2.61868759e+00, -5.82597140e-01,
        1.01453415e+00, -2.45939622e-17]), array([ 1.37226666e+00,  4.48731251e+00,  2.59166805e+00, -5.49861204e-01,
        1.01668013e+00,  2.14121443e-16]), array([ 1.33891675e+00,  4.42447173e+00,  2.56447681e+00, -5.18184744e-01,
        1.01948338e+00,  5.38937802e-16]), array([ 1.30596854e+00,  4.35991006e+00,  2.53712832e+00, -4.87481311e-01,
        1.02291083e+00,  2.05870128e-16]), array([ 1.27323775e+00,  4.29368903e+00,  2.50964030e+00, -4.57666993e-01,
        1.02693051e+00, -1.27767336e-16]), array([ 1.24054827e+00,  4.22587547e+00,  2.48203339e+00, -4.28660794e-01,
        1.03151158e+00, -2.05125243e-17]), array([ 1.20773273e+00,  4.15654064e+00,  2.45433063e+00, -4.00384930e-01,
        1.03662434e+00,  7.59383502e-17]), array([ 1.17463287e+00,  4.08575931e+00,  2.42655715e+00, -3.72765071e-01,
        1.04224031e+00,  1.71573259e-16]), array([ 1.14109990e+00,  4.01360897e+00,  2.39873968e+00, -3.45730521e-01,
        1.04833215e+00,  2.63267567e-16]), array([ 1.10699477e+00,  3.94016904e+00,  2.37090618e+00, -3.19214348e-01,
        1.05487379e+00,  5.23468103e-16]), array([ 1.07218826e+00,  3.86552017e+00,  2.34308551e+00, -2.93153479e-01,
        1.06184035e+00, -2.83708994e-16]), array([ 1.03656117e+00,  3.78974355e+00,  2.31530698e+00, -2.67488743e-01,
        1.06920816e+00,  3.73232130e-16]), array([ 1.00000430e+00,  3.71292028e+00,  2.28760009e+00, -2.42164891e-01,
        1.07695478e+00, -4.51161633e-16]), array([ 9.62418456e-01,  3.63513089e+00,  2.25999416e+00, -2.17130581e-01,
        1.08505896e+00,  2.77497408e-18]), array([ 9.23714422e-01,  3.55645477e+00,  2.23251806e+00, -1.92338332e-01,
        1.09350066e+00, -7.76797402e-17]), array([0., 0., 0., 0., 0., 0.])], 'ball_pos_history': [array([-1.72639069, -7.97029056,  1.33800905]), array([-1.72096585, -7.92561874,  1.32219311]), array([-1.71554102, -7.88094693,  1.30613192]), array([-1.71011618, -7.83627511,  1.28982547]), array([-1.70469135, -7.79160329,  1.27327378]), array([-1.69926651, -7.74693148,  1.25647684]), array([-1.69384167, -7.70225966,  1.23943465]), array([-1.68841684, -7.65758785,  1.22214721]), array([-1.682992  , -7.61291603,  1.20461452]), array([-1.67756717, -7.56824421,  1.18683658]), array([-1.67214233, -7.5235724 ,  1.16881339]), array([-1.66671749, -7.47890058,  1.15054494]), array([-1.66129266, -7.43422877,  1.13203125]), array([-1.65586782, -7.38955695,  1.11327231]), array([-1.65044299, -7.34488513,  1.09426812]), array([-1.64501815, -7.30021332,  1.07501868]), array([-1.63959331, -7.2555415 ,  1.05552399]), array([-1.63416848, -7.21086968,  1.03578405]), array([-1.62874364, -7.16619787,  1.01579886]), array([-1.62331881, -7.12152605,  0.99556841]), array([-1.61789397, -7.07685424,  0.97509272]), array([-1.61246913, -7.03218242,  0.95437178]), array([-1.6070443 , -6.9875106 ,  0.93340559]), array([-1.60161946, -6.94283879,  0.91219415]), array([-1.59619463, -6.89816697,  0.89073746]), array([-1.59076979, -6.85349516,  0.86903552]), array([-1.58534495, -6.80882334,  0.84708832]), array([-1.57992012, -6.76415152,  0.82489588]), array([-1.57449528, -6.71947971,  0.80245819]), array([-1.56907045, -6.67480789,  0.77977525]), array([-1.56364561, -6.63013608,  0.75684706]), array([-1.55822077, -6.58546426,  0.73367362]), array([-1.55279594, -6.54079244,  0.71025493]), array([-1.5473711 , -6.49612063,  0.68659099]), array([-1.54194627, -6.45144881,  0.66268179]), array([-1.53652143, -6.40677699,  0.63852735]), array([-1.53109659, -6.36210518,  0.61412766]), array([-1.52567176, -6.31743336,  0.58948272]), array([-1.52024692, -6.27276155,  0.56459253]), array([-1.51482209, -6.22808973,  0.53945709]), array([-1.50939725, -6.18341791,  0.5140764 ]), array([-1.50397241, -6.1387461 ,  0.48845046]), array([-1.49854758, -6.09407428,  0.46257926]), array([-1.49312274, -6.04940247,  0.43646282]), array([-1.48769791, -6.00473065,  0.41010113]), array([-1.48227307, -5.96005883,  0.38349419]), array([-1.47684823, -5.91538702,  0.356642  ]), array([-1.4714234 , -5.8707152 ,  0.32954456]), array([-1.46599856, -5.82604339,  0.30220187]), array([-1.46057373, -5.78137157,  0.27461393]), array([-1.45514889, -5.73669975,  0.24678073]), array([-1.44972405, -5.69202794,  0.21870229]), array([-1.44429922, -5.64735612,  0.1903786 ]), array([-1.43887438, -5.6026843 ,  0.16180966]), array([-1.43344955, -5.55801249,  0.13299547]), array([-1.42802471, -5.51334067,  0.10393603]), array([-1.42259988, -5.46866886,  0.07463134]), array([-1.41717504, -5.42399704,  0.04508139]), array([-1.4117502 , -5.37932522,  0.033     ]), array([-1.40659661, -5.336887  ,  0.05510114]), array([-1.40144301, -5.29444877,  0.07695704]), array([-1.39628942, -5.25201055,  0.09856768]), array([-1.39113583, -5.20957232,  0.11993307]), array([-1.38598223, -5.1671341 ,  0.14105322]), array([-1.38082864, -5.12469587,  0.16192811]), array([-1.37567504, -5.08225765,  0.18255775]), array([-1.37052145, -5.03981942,  0.20294215]), array([-1.36536786, -4.9973812 ,  0.22308129]), array([-1.36021426, -4.95494297,  0.24297518]), array([-1.35506067, -4.91250475,  0.26262383]), array([-1.34990707, -4.87006652,  0.28202722]), array([-1.34475348, -4.8276283 ,  0.30118537]), array([-1.33959988, -4.78519007,  0.32009826]), array([-1.33444629, -4.74275184,  0.3387659 ]), array([-1.3292927 , -4.70031362,  0.3571883 ]), array([-1.3241391 , -4.65787539,  0.37536544]), array([-1.31898551, -4.61543717,  0.39329733]), array([-1.31383191, -4.57299894,  0.41098398]), array([-1.30867832, -4.53056072,  0.42842537]), array([-1.30352473, -4.48812249,  0.44562151]), array([-1.29837113, -4.44568427,  0.46257241]), array([-1.29321754, -4.40324604,  0.47927805]), array([-1.28806394, -4.36080782,  0.49573844]), array([-1.28291035, -4.31836959,  0.51195359]), array([-1.27775675, -4.27593137,  0.52792348]), array([-1.27260316, -4.23349314,  0.54364812]), array([-1.26744957, -4.19105492,  0.55912752]), array([-1.26229597, -4.14861669,  0.57436166]), array([-1.25714238, -4.10617847,  0.58935055]), array([-1.25198878, -4.06374024,  0.6040942 ]), array([-1.24683519, -4.02130201,  0.61859259]), array([-1.24168159, -3.97886379,  0.63284573]), array([-1.236528  , -3.93642556,  0.64685363]), array([-1.23137441, -3.89398734,  0.66061627]), array([-1.22622081, -3.85154911,  0.67413366]), array([-1.22106722, -3.80911089,  0.68740581]), array([-1.21591362, -3.76667266,  0.7004327 ]), array([-1.21076003, -3.72423444,  0.71321435]), array([-1.20560644, -3.68179621,  0.72575074]), array([-1.20045284, -3.63935799,  0.73804188]), array([-1.19529925, -3.59691976,  0.75008778]), array([-1.19014565, -3.55448154,  0.76188842]), array([-1.18499206, -3.51204331,  0.77344381]), array([-1.17983846, -3.46960509,  0.78475396]), array([-1.17468487, -3.42716686,  0.79581885]), array([-1.16953128, -3.38472863,  0.80663849]), array([-1.16437768, -3.34229041,  0.81721289]), array([-1.15922409, -3.29985218,  0.82754203]), array([-1.15407049, -3.25741396,  0.83762592]), array([-1.1489169 , -3.21497573,  0.84746457]), array([-1.14376331, -3.17253751,  0.85705796]), array([-1.13860971, -3.13009928,  0.8664061 ]), array([-1.13345612, -3.08766106,  0.875509  ]), array([-1.12830252, -3.04522283,  0.88436664]), array([-1.12314893, -3.00278461,  0.89297903]), array([-1.11799533, -2.96034638,  0.90134618]), array([-1.11284174, -2.91790816,  0.90946807]), array([-1.10768815, -2.87546993,  0.91734471]), array([-1.10253455, -2.83303171,  0.92497611]), array([-1.09738096, -2.79059348,  0.93236225]), array([-1.09222736, -2.74815526,  0.93950314]), array([-1.08707377, -2.70571703,  0.94639879]), array([-1.08192018, -2.6632788 ,  0.95304918]), array([-1.07676658, -2.62084058,  0.95945433]), array([-1.07161299, -2.57840235,  0.96561422]), array([-1.06645939, -2.53596413,  0.97152886]), array([-1.0613058 , -2.4935259 ,  0.97719826]), array([-1.0561522 , -2.45108768,  0.9826224 ]), array([-1.05099861, -2.40864945,  0.98780129]), array([-1.04584502, -2.36621123,  0.99273494]), array([-1.04069142, -2.323773  ,  0.99742333]), array([-1.03553783, -2.28133478,  1.00186647]), array([-1.03038423, -2.23889655,  1.00606437]), array([-1.02523064, -2.19645833,  1.01001701]), array([-1.02007705, -2.1540201 ,  1.0137244 ]), array([-1.01492345, -2.11158188,  1.01718655]), array([-1.00976986, -2.06914365,  1.02040344]), array([-1.00461626, -2.02670543,  1.02337508]), array([-0.99946267, -1.9842672 ,  1.02610148]), array([-0.99430907, -1.94182897,  1.02858262]), array([-0.98915548, -1.89939075,  1.03081851]), array([-0.98400189, -1.85695252,  1.03280916]), array([-0.97884829, -1.8145143 ,  1.03455455]), array([-0.9736947 , -1.77207607,  1.03605469]), array([-0.9685411 , -1.72963785,  1.03730959]), array([-0.96338751, -1.68719962,  1.03831923]), array([-0.95823391, -1.6447614 ,  1.03908362]), array([-0.95308032, -1.60232317,  1.03960277]), array([-0.94792673, -1.55988495,  1.03987666]), array([-0.94277313, -1.51744672,  1.03990531]), array([-0.93761954, -1.4750085 ,  1.0396887 ]), array([-0.93246594, -1.43257027,  1.03922684]), array([-0.92731235, -1.39013205,  1.03851974]), array([-0.92215876, -1.34769382,  1.03756738]), array([-0.91700516, -1.30525559,  1.03636977]), array([-0.91185157, -1.26281737,  1.03492692]), array([-0.90669797, -1.22037914,  1.03323881]), array([-0.90154438, -1.17794092,  1.03130545]), array([-0.89639078, -1.13550269,  1.02912685]), array([-0.89123719, -1.09306447,  1.02670299]), array([-0.8860836 , -1.05062624,  1.02403388]), array([-0.88093   , -1.00818802,  1.02111953]), array([-0.87577641, -0.96574979,  1.01795992]), array([-0.87062281, -0.92331157,  1.01455506]), array([-0.86546922, -0.88087334,  1.01090496]), array([-0.86031563, -0.83843512,  1.0070096 ]), array([-0.85516203, -0.79599689,  1.00286899]), array([-0.85000844, -0.75355867,  0.99848314]), array([-0.84485484, -0.71112044,  0.99385203]), array([-0.83970125, -0.66868222,  0.98897567]), array([-0.83454765, -0.62624399,  0.98385407]), array([-0.82939406, -0.58380576,  0.97848721]), array([-0.82424047, -0.54136754,  0.97287511]), array([-0.81908687, -0.49892931,  0.96701775]), array([-0.81393328, -0.45649109,  0.96091514]), array([-0.80877968, -0.41405286,  0.95456729]), array([-0.80421344, -0.37184763,  0.94805734]), array([-0.78716435, -0.39675278,  0.92450219]), array([-0.77315646, -0.42131377,  0.89987282]), array([-0.75949628, -0.44676462,  0.87446222]), array([-0.74583611, -0.47221546,  0.84880637]), array([-0.73217594, -0.49766631,  0.82290526]), array([-0.71851577, -0.52311716,  0.79675891]), array([-0.7048556 , -0.548568  ,  0.77036731]), array([-0.69119543, -0.57401885,  0.74373046]), array([-0.67753526, -0.59946969,  0.71684836]), array([-0.66387508, -0.62492054,  0.68972101]), array([-0.65021491, -0.65037138,  0.66234841]), array([-0.63655474, -0.67582223,  0.63473056]), array([-0.62289457, -0.70127308,  0.60686746]), array([-0.6092344 , -0.72672392,  0.57875911]), array([-0.59557423, -0.75217477,  0.5504055 ]), array([-0.58191405, -0.77762561,  0.52180665]), array([-0.56825388, -0.80307646,  0.49296255]), array([-0.55459371, -0.8285273 ,  0.4638732 ]), array([-0.54093354, -0.85397815,  0.4345386 ]), array([-0.52727337, -0.879429  ,  0.40495875]), array([-0.5136132 , -0.90487984,  0.37513365]), array([-0.49995303, -0.93033069,  0.3450633 ]), array([-0.48629285, -0.95578153,  0.3147477 ]), array([-0.47263268, -0.98123238,  0.28418684]), array([-0.45897251, -1.00668322,  0.25338074]), array([-0.44531234, -1.03213407,  0.22232939]), array([-0.43165217, -1.05758491,  0.19103279]), array([-0.417992  , -1.08303576,  0.15949094]), array([-0.40433183, -1.10848661,  0.12770384]), array([-0.39067165, -1.13393745,  0.09567149]), array([-0.37701148, -1.1593883 ,  0.06339389]), array([-0.36335131, -1.18483914,  0.033     ]), array([-0.35037415, -1.20901745,  0.05714689]), array([-0.33739698, -1.23319575,  0.08104853]), array([-0.32441982, -1.25737405,  0.10470491]), array([-0.31144266, -1.28155236,  0.12811605]), array([-0.2984655 , -1.30573066,  0.15128194]), array([-0.28548833, -1.32990896,  0.17420258]), array([-0.27251117, -1.35408727,  0.19687797]), array([-0.25953401, -1.37826557,  0.21930811]), array([-0.24655684, -1.40244387,  0.24149299]), array([-0.23357968, -1.42662218,  0.26343263]), array([-0.22060252, -1.45080048,  0.28512702]), array([-0.20762536, -1.47497878,  0.30657616]), array([-0.19464819, -1.49915709,  0.32778005]), array([-0.18167103, -1.52333539,  0.34873869]), array([-0.16869387, -1.54751369,  0.36945207]), array([-0.1557167 , -1.571692  ,  0.38992021]), array([-0.14273954, -1.5958703 ,  0.4101431 ]), array([-0.12976238, -1.6200486 ,  0.43012074]), array([-0.11678521, -1.64422691,  0.44985313]), array([-0.10380805, -1.66840521,  0.46934027]), array([-0.09083089, -1.69258351,  0.48858215]), array([-0.07785373, -1.71676182,  0.50757879]), array([-0.06487656, -1.74094012,  0.52633018]), array([-0.0518994 , -1.76511842,  0.54483632]), array([-0.03892224, -1.78929673,  0.56309721]), array([-0.02594507, -1.81347503,  0.58111285]), array([-0.01296791, -1.83765333,  0.59888323]), array([ 9.25150662e-06, -1.86183164e+00,  6.16408373e-01]), array([ 0.01298641, -1.88600994,  0.63368826]), array([ 0.02596358, -1.91018824,  0.6507229 ]), array([ 0.03894074, -1.93436655,  0.66751229]), array([ 0.0519179 , -1.95854485,  0.68405643]), array([ 0.06489507, -1.98272316,  0.70035531])], 'distances_history': [7.84229780609886, 7.796557743500345, 7.750845066195637, 7.705158184961007, 7.6594960660752465, 7.613858128162894, 7.568244162923881, 7.52265427359257, 7.47708882693799, 7.431548415857506, 7.386033830359363, 7.34054603518276, 7.295086152641038, 7.249655449572102, 7.204255327539763, 7.158887315635822, 7.113553065385947, 7.068254347374007, 7.022993049281701, 6.97777117510223, 6.932590845334554, 6.887454118467282, 6.842363350442124, 6.797321016899902, 6.752329716361563, 6.707392173778836, 6.66251124441915, 6.61768991805304, 6.572931323416182, 6.5282387329221505, 6.483615567605418, 6.439065402277098, 6.394591970878397, 6.350199172018779, 6.305891074687458, 6.261671924128132, 6.21754614786788, 6.1735183618918885, 6.129593376956282, 6.085776205031685, 6.042072065870399, 5.998470969548405, 5.954979587346808, 5.91160466568355, 5.8683530638122035, 5.825231785625332, 5.782248006860834, 5.73940909866823, 5.6967226482589135, 5.65419647719927, 5.6118386577843875, 5.569657527838383, 5.527661704216249, 5.485860095225789, 5.444261912142949, 5.402876679956839, 5.361714247450325, 5.32078479669659, 5.2775183729638835, 5.231607936234881, 5.185791134876906, 5.140090612522975, 5.0945037033522, 5.049027912436977, 5.003660879963662, 4.9584003530900835, 4.91324416361956, 4.868190210225745, 4.823236444308048, 4.778380858781729, 4.733621479259646, 4.688956357191794, 4.644383564610175, 4.599901190189331, 4.555507336382791, 4.5112001174360845, 4.466977658110078, 4.42283809297594, 4.3787795661658775, 4.3348002314829825, 4.290898252789635, 4.247071804607398, 4.203319072872754, 4.159638255802627, 4.116027564831734, 4.072485225590645, 4.029009478899231, 3.9855985817550343, 3.942250808300286, 3.8989644507547467, 3.855737820304558, 3.812569247939792, 3.7694570852355076, 3.7263997050729514, 3.6833955022990317, 3.6404428943235163, 3.597540321654461, 3.5546862483732906, 3.5118791625517454, 3.4691175766134843, 3.426400027643733, 3.383725077650759, 3.341091313783326, 3.298497348508618, 3.255941819755323, 3.213423391026837, 3.1709407514896917, 3.128492616042513, 3.086077725370953, 3.0436948459942146, 3.0013427703089506, 2.9590203166364915, 2.9167263292796046, 2.8744596785951844, 2.8322192610896035, 2.790003999543794, 2.7478128431755158, 2.705644767846798, 2.6634987763250906, 2.621373898607382, 2.579269192317333, 2.53718374318646, 2.4951166656315285, 2.4530671034416622, 2.4110342305902304, 2.3690172521884434, 2.327015405599724, 2.285027961736496, 2.2430542265640114, 2.2010935428393616, 2.159145292117987, 2.117208897064908, 2.07528382411372, 2.0333695865233103, 1.991465747890466, 1.9495719261863806, 1.9076877983968064, 1.8658131058597278, 1.823947660411471, 1.7820913514727588, 1.7402441542312643, 1.6955001919951236, 1.6501821958115257, 1.603477811939559, 1.556943871412518, 1.5097965631978365, 1.4630735474481538, 1.4152527332841176, 1.368521238028839, 1.3227746222049679, 1.2755582383484456, 1.2285418642632646, 1.180418832442848, 1.1317417744938167, 1.0840538607490207, 1.0348607833108092, 0.9856844200808498, 0.937504655105886, 0.8895324671497585, 0.8411971899794126, 0.7935664229098185, 0.7459537779830947, 0.6970348188928753, 0.6495141612016967, 0.602465765719944, 0.5560893979875746, 0.5096669938500111, 0.4632538152448902, 0.41610536852599644, 0.36964763510426113, 0.32461561674087125, 0.28095451126234305, 0.23991513396487743, 0.20182180067939673, 0.16916614592306406, 0.1456408009422379, 0.13636786847340285, 0.12304315658436138, 0.12608764132145447, 0.14225587504510137, 0.16637819397108855, 0.19515823150878722, 0.22668756677654878, 0.2599341736913882, 0.29433253625544376, 0.3295592104809794, 0.3654195701786425, 0.4017905386500597, 0.43859074113097424, 0.4757643134069219, 0.5132717300174248, 0.5510843751257515, 0.5891811864201225, 0.6275464923855855, 0.6661685635833725, 0.705038607784955, 0.7441500515186046, 0.7834980131373099, 0.8230789082611965, 0.8628901494774893, 0.9029299149218246, 0.9431969683152343, 0.9836905181420034, 1.0244101070373457, 1.0653555247594046, 1.1065267397344982, 1.1479238453239953, 1.1895470178131433, 1.2297369800623044, 1.2269981478605363, 1.225345694531616, 1.2247706342016444, 1.2252620182801088, 1.226806963973293, 1.2293907088412777, 1.2329966901656388, 1.2376066470801927, 1.2432007427562433, 1.2497577034398566, 1.2572549708167227, 1.2656688640264655, 1.2749747476511895, 1.2851472021439194, 1.2961601934179234, 1.3079872386610722, 1.3206015658431116, 1.333976264821584, 1.348084428400272, 1.3628992821320889, 1.3783943020701084, 1.394543320043931, 1.4113206163660665, 1.4287010001503648, 1.446659877650779, 1.4651733092055421, 1.4842180555024354, 1.5037716139700181, 1.5238122461527062, 1.5443189969501028, 1.565271706598569, 1.5866510162508405], 'normal_align_history': [0.5977560240746354, 0.5977152712039312, 0.5976475845272526, 0.5975619905764016, 0.5974645384587061, 0.597359378334877, 0.5972494164742548, 0.5971367233027893, 0.5970227947032221, 0.5969087241752483, 0.5967953193983849, 0.5966831830652972, 0.5965727700316643, 0.5964644283070211, 0.5963584287435739, 0.5962549866593093, 0.5961542776138979, 0.5960564488952992, 0.5959616278332907, 0.5958699277525781, 0.5957814521646412, 0.5956961865608695, 0.5956142215565958, 0.5955356492094781, 0.595460560122297, 0.5953890419605974, 0.5953211786347685, 0.5952570497654821, 0.5951967302474801, 0.5951402898290425, 0.5950877926765412, 0.5950392969188171, 0.5949948541775578, 0.594954509094184, 0.5949182988646501, 0.5948862527928597, 0.5948583918721426, 0.594834728402772, 0.5948152656521462, 0.5947999975630258, 0.5947889085141187, 0.5947767401452694, 0.5947636604233056, 0.5947499820232047, 0.5947360405919495, 0.5947221369051097, 0.5947085128703552, 0.5946953450230357, 0.5946827466750992, 0.5946707739956333, 0.5946594335484039, 0.5946486900311503, 0.5946384736168857, 0.5946286866444668, 0.5946192095845614, 0.5946099062952135, 0.5946006286206678, 0.5945912204011972, 0.5945815209629588, 0.5945713681521179, 0.5945606009702836, 0.5945594294859528, 0.5945672756365173, 0.5945832161069663, 0.5946062388148508, 0.594635366666411, 0.5946697111824077, 0.5947084899719037, 0.5947510263553695, 0.5947967408735857, 0.5948451397584682, 0.5948958029222325, 0.5949483726727943, 0.5950025436533327, 0.5950580541403838, 0.595114678657591, 0.5951722217839291, 0.5952305130082595, 0.5952894024807803, 0.5953487575225903, 0.5954084597699398, 0.5954684028461575, 0.5955284904699175, 0.5955886349226938, 0.5956487558106837, 0.5957087790671796, 0.5957686361505007, 0.5958282634002622, 0.5958876015212435, 0.5959465951695213, 0.5960051926200488, 0.5960633454986323, 0.5961210085643894, 0.596178139531367, 0.5962346989201803, 0.5962906499322934, 0.5963459583410704, 0.5964005923949309, 0.5964545227289658, 0.5965077222821891, 0.596560166218284, 0.5966118318482584, 0.5966626985538741, 0.596712747711079, 0.596761962612966, 0.5968103283920023, 0.5968578319414751, 0.59690446183622, 0.5969502082528123, 0.5969950628894746, 0.5970390188860114, 0.5970820707441052, 0.5971242142483302, 0.5971654463882508, 0.5972057652819461, 0.5972451701012993, 0.5972836609993766, 0.5973212390401713, 0.5973579061309772, 0.5973936649576136, 0.5974285189226959, 0.5974624720871017, 0.5974955291147556, 0.5975276952208245, 0.5975589761233636, 0.5975893779984447, 0.5976189074387579, 0.5976475714156384, 0.5976753772444756, 0.597702332553399, 0.5977284452551455, 0.597753723521979, 0.5977781757635262, 0.5978018106073653, 0.5978246368822093, 0.5978466636035068, 0.5978678999612776, 0.5978883553100018, 0.5979080391603687, 0.5979269611727032, 0.5979451311518734, 0.6059401822650695, 0.6087455518059581, 0.603322989237399, 0.6072742483038497, 0.6183195125701431, 0.622097685832868, 0.6322113630647811, 0.6509841336876585, 0.6627499268546934, 0.6801765636718536, 0.6981814667133673, 0.7070394746526675, 0.7215700754687078, 0.7299754039130739, 0.7436170444339001, 0.757485517869014, 0.7657757652268786, 0.7687733120718899, 0.7769913915799956, 0.7908281438620856, 0.8056782020192201, 0.8130920680644633, 0.8266024708094786, 0.8350462291695113, 0.8388250523590252, 0.8464640739675021, 0.8480245600661749, 0.8527000508844909, 0.8585787928653449, 0.863330062189627, 0.865861788756827, 0.8691924043673589, 0.8755852386999161, 0.8814910271542967, 0.8879499753569058, 0.8930509991710737, 0.8977287108800382, 0.9026303692057728, 0.907125273128364, 0.9112420659198106, 0.9150144843996225, 0.9184656049692479, 0.9216104457137189, 0.9244586588201953, 0.9270167141483802, 0.9292894602286772, 0.9312811394884902, 0.9329959887533112, 0.9344385524832309, 0.9356138122523303, 0.9365272085319827, 0.9371846066708525, 0.9375922400835649, 0.9377566499913809, 0.9376846317495585, 0.937383191826296, 0.9368595159345309, 0.9361209469027262, 0.935174970029846, 0.9340292034891847, 0.9326913915394941, 0.9311693986803039, 0.929471203331388, 0.9276048900522977, 0.9255786397078246, 0.9234007173113179, 0.9210794575352799, 0.9186232480706276, 0.9160405111494474, 0.9133396836298237, 0.9105291960845106, 0.9076174513465189, 0.9046128029518641, 0.9015235338894945, 0.8983578360263881, 0.8951237905265489, 0.8918293495297895, 0.8884823193026072, 0.8850903450212052, 0.8816608972974129, 0.8782012605129059, 0.8747185229864102, 0.8712195689629195, 0.8677110723833528, 0.8641994923676092, 0.860691070323324, 0.8571918285765356, 0.8537075704085735, 0.85024388137532, 0.8468061317802053, 0.8433994801703641, 0.8400288777259554, 0.8366990734152467, 0.8334146197923799, 0.8301798793203369, 0.8269990311082636, 0.8238760779596469, 0.8208148536356684, 0.8178190302461157, 0.81489212568837], 'ball_near_history': [False, False, False, False, False, False, False, False, False, False, False, False, False, False, False, False, False, False, False, False, False, False, False, False, False, False, False, False, False, False, False, False, False, False, False, False, False, False, False, False, False, False, False, False, False, False, False, False, False, False, False, False, False, False, False, False, False, False, False, False, False, False, False, False, False, False, False, False, False, False, False, False, False, False, False, False, False, False, False, False, False, False, False, False, False, False, False, False, False, False, False, False, False, False, False, False, False, False, False, False, False, False, False, False, False, False, False, False, False, False, False, False, False, False, False, False, False, False, False, False, False, False, False, False, False, False, False, False, False, False, False, False, False, False, False, False, False, False, False, False, False, False, False, False, False, False, False, False, False, False, False, False, False, False, False, False, False, False, False, False, False, False, False, False, False, False, False, False, False, False, False, False, False, False, True, True, True, True, True, True, True, False, False, False, False, False, False, False, False, False, False, False, False, False, False, False, False, False, False, False, False, False, False, False, False, False, False, False, False, False, False, False, False, False, False, False, False, False, False, False, False, False, False, False, False, False, False, False, False, False, False, False, False, False, False, False, False, False, False, False, False], 'tube_ready_history': [False, False, False, False, False, False, False, False, False, False, False, False, False, False, False, False, False, False, False, False, False, False, False, False, False, False, False, False, False, False, False, False, False, False, False, False, False, False, False, False, False, False, False, False, False, False, False, False, False, False, False, False, False, False, False, False, False, False, False, False, False, False, False, False, False, False, False, False, False, False, False, False, False, False, False, False, False, False, False, False, False, False, False, False, False, False, False, False, False, False, False, False, False, False, False, False, False, False, False, False, False, False, False, False, False, False, False, False, False, False, False, False, False, False, False, False, False, False, False, False, False, False, False, False, False, False, False, False, False, False, False, False, False, False, False, False, False, False, False, False, False, False, False, False, False, False, False, False, False, False, False, False, False, False, False, False, False, False, False, False, False, False, False, False, False, False, False, False, False, False, True, True, True, True, True, True, True, True, True, True, True, True, True, True, True, True, True, True, True, True, False, False, False, False, False, False, False, False, False, False, False, False, False, False, False, False, False, False, False, False, False, False, False, False, False, False, False, False, False, False, False, False, False, False, False, False, False, False, False, False, False, False, False, False, False, False, False, False, False, False, False], 'pos_error_history': [0.0090380574198546, 0.008928047107403417, 0.008818636424466753, 0.008761565212433828, 0.0088158581480453, 0.009041093717043687, 0.00948757666969781, 0.010187260070961292, 0.011150408853043248, 0.012369315607975731, 0.013825666382323274, 0.01549731973164062, 0.017362564379968574, 0.01940204010997095, 0.02159921865785489, 0.02394020766724984, 0.026413323845651766, 0.02900864441224479, 0.03171761547175555, 0.03453273573453264, 0.03621599664657197, 0.039181515304608304, 0.04224091646734438, 0.04538804691925884, 0.04861721683095133, 0.05192309835072422, 0.05530064745879253, 0.0587450435767416, 0.062251642743488225, 0.06581594119870972, 0.06943354699803042, 0.07310015787230507, 0.07681154398190883, 0.08056353454348392, 0.08435200754979309, 0.08817288198492251, 0.09202211207304156, 0.09589568320114535, 0.09978960923333005, 0.10369993099255714, 0.1253396829424983, 0.12891447563843675, 0.13249653534697708, 0.136082120704812, 0.13966743097450957, 0.14324863613480207, 0.14682190136931822, 0.15038340709430542, 0.1539293654450136, 0.15745603395785582, 0.16095972703559222, 0.16443682566058312, 0.16788378572204632, 0.17129714524335035, 0.17467353073123537, 0.17800966281763206, 0.1813023613240344, 0.18454854984617344, 0.1877452599313998, 0.1908896349013752, 0.1826842762324969, 0.18591078156648191, 0.18908340111583505, 0.19219893068301977, 0.19525442194289394, 0.1982471558073949, 0.20117462171274492, 0.20403450156388317, 0.2068246573109712, 0.20954312133605882, 0.21218808899549563, 0.21475791279947018, 0.2172510978189917, 0.2196662979974968, 0.22200231311325508, 0.2242580861934339, 0.22643270122399392, 0.2285253810339381, 0.2305354852596411, 0.23246250831664628, 0.23430607732351919, 0.2360659499361234, 0.23774201206165735, 0.23933427543065328, 0.24084287501222634, 0.24226806626362118, 0.24361022220973994, 0.244869830352112, 0.24604748940982893, 0.24714390589745322, 0.2481598905469363, 0.24909635458221185, 0.24995430585643638, 0.25073484486291076, 0.2514391606315178, 0.25206852652314193, 0.2526242959349877, 0.2531078979300346, 0.2535208328040412, 0.25386466760358084, 0.2541410316085754, 0.2543516117926629, 0.2544981482745467, 0.25458242977320317, 0.25460628907949573, 0.25457159855634903, 0.25448026567920345, 0.254334228627989, 0.25413545194131626, 0.2538859222430511, 0.2535876440508254, 0.2532426356754489, 0.2528529252195343, 0.25242054668301855, 0.25194753618259996, 0.25143592829144107, 0.25088775250483636, 0.2503050298368581, 0.24968976955235925, 0.24904396603803686, 0.24836959581563162, 0.2476686146997211, 0.24694295510193368, 0.2461945234828503, 0.24542519795227322, 0.24463682601801368, 0.24383122248282588, 0.2430101674886364, 0.24217540470674684, 0.24132863967227405, 0.24047153826067902, 0.23960572530387322, 0.23873278334306197, 0.2378542515151638, 0.23697162456938928, 0.23608635201029607, 0.2351998373634526, 0.23431343755963022, 0.2334284624333115, 0.23254617433115532, 0.2297515634021077, 0.22609241396305574, 0.22209364721419003, 0.21682438379593819, 0.21329679775757568, 0.20851503823784542, 0.20401766483953881, 0.20061001716012622, 0.19736527157272457, 0.19340909373762274, 0.18976433255410927, 0.18637430758474763, 0.1847878167013599, 0.18322663191632013, 0.18124321144237995, 0.18008174012910497, 0.17908973731363015, 0.1766728742688019, 0.17667211521005935, 0.17680062575626052, 0.1783926491732424, 0.18003076767696216, 0.18221526679906372, 0.18316453543725694, 0.18305746577887913, 0.18463605715125594, 0.18742015145646404, 0.19025749228449956, 0.19406085280676402, 0.1981180670233816, 0.20125133923734234, 0.20456772994852065, 0.20700086130150422, 0.20973850511795541, 0.21253196393810111, 0.21571841961147892, 0.21910159629116435, 0.22308837609438933, 0.22708924432225014, 0.23038322254582386, 0.23309502916834407, 0.2353682508949408, 0.2373374859321185, 0.23911793088336705, 0.2408031381196414, 0.2424663670667559, 0.24416329430685477, 0.24593501785224686, 0.24781087749819183, 0.24981090559238886, 0.2519478652637819, 0.25422889913149294, 0.2566568382541376, 0.2592312281007269, 0.2619491258866821, 0.2648057171209226, 0.2677947914580093, 0.27090911034751336, 0.27414069216564885, 0.2774810347367917, 0.28092129042492436, 0.2844524052120153, 0.28806523025196906, 0.2917506121542046, 0.29549946657598175, 0.2993028384679945, 0.30315195142234636, 0.30703824793271434, 0.310953421926848, 0.31488944461972107, 0.31883858452187014, 0.3227934222919693, 0.3267468610235861, 0.33069213248754215, 0.3346227998022604, 0.3385327569672822, 0.3424162256647196, 0.3462677497065236, 0.350082187480155, 0.35385470272046243, 0.357580753910822, 0.361256082591728, 0.36487670083015405, 0.36843887807831877, 0.3719391276262688, 0.3753741928291369, 0.3787410332673491, 0.382036810976575, 0.38525887686404425, 0.3884047574090793, 0.39147214172839473, 0.3944588690709544, 0.3973629167929163, 0.4001823888504577, 0.40291550483699773, 0.4055605895814525, 0.4081160633156202, 0.4105804324115005, 0.4129522806832056, 0.4152302612430748, 0.41737387892358435], 'max_qdot_ratio': 0.999873663877558, 'max_tcp_speed': 1.745410162222565, 'max_racket_face_speed': 1.6748298670223234, 'total_mpc_steps': 241, 'ball_was_hit': True, 'hit_step': 175, 'p_ee_at_hit': array([-0.66825137, -0.38233475,  0.94732712]), 'ball_pos_at_hit': array([-0.80421344, -0.37184763,  0.94805734]), 'v_ee_at_hit': 1.5434328202390153, 'active_contact': True, 'passive_contact': False}
2026-09-10 17:50:11,429 [INFO] __main__: 击打后继续仿真 20 步...
