__STEP_TIMING__: n=236 p50=0.26 p95=0.55 p99=4.53 max=34.06 n_over_period=2 period_ms=5.00 deciles=0.24,0.25,0.25,0.25,0.26,0.26,0.26,0.27,0.29,34.06
__STEP_LATENCIES__: 0.32,0.27,0.27,0.26,0.26,0.25,0.29,0.26,0.38,0.25,0.25,0.25,0.25,0.24,0.25,0.24,0.24,0.25,0.24,4.33,0.26,0.25,0.24,0.25,0.25,0.24,0.24,0.25,0.25,0.24,0.24,0.24,0.25,0.25,0.24,0.25,0.25,0.24,0.24,4.53,0.27,0.25,0.25,0.25,0.24,0.24,0.25,0.25,0.24,0.25,0.25,0.24,0.24,0.24,0.25,0.25,0.25,0.25,0.25,4.45,0.26,0.25,0.25,0.25,0.25,0.25,0.25,0.24,0.24,0.25,0.25,0.25,0.24,0.24,0.25,0.24,0.24,0.24,0.26,4.30,0.25,0.24,0.25,0.24,0.25,0.26,0.26,0.24,0.24,0.24,0.25,0.24,0.23,0.24,0.24,0.24,0.24,0.24,0.25,4.06,0.25,0.25,0.24,0.25,0.25,0.24,0.25,0.25,0.25,0.25,0.26,0.26,0.25,0.25,0.25,0.26,0.25,0.25,0.26,3.36,0.26,0.26,0.26,0.25,0.25,0.25,0.26,0.26,0.26,0.25,0.26,0.26,0.26,0.25,0.26,0.25,0.25,0.26,0.27,34.06,0.28,0.28,0.26,0.25,0.25,0.25,0.26,0.26,0.25,0.25,0.27,0.25,0.24,0.24,0.27,0.25,0.24,0.25,0.27,22.34,0.27,0.25,0.25,0.24,0.39,0.55,0.28,0.37,0.45,0.52,0.66,0.30,0.85,0.66,0.45,0.38,0.30,0.29,0.30,0.28,0.28,0.29,0.28,0.28,0.28,0.29,0.27,0.26,0.26,0.27,0.26,0.27,0.27,0.26,0.26,0.26,0.26,0.26,0.26,0.26,0.27,0.27,0.26,0.27,0.27,0.26,0.26,0.26,0.26,0.26,0.26,0.26,0.26,0.26,0.26,0.26,0.27,0.27,0.26,0.27,0.26,0.26,0.26,0.27,0.26,0.26,0.26,0.26,0.27,0.26,0.26,0.26,0.26,0.26,0.26,0.25

========================================
  RM-65 击打成功！（主动击球，pos_error=0.0990m）
  [V12 EpisodeRunner 管线架构]
  ablation: full
  击打目标位置: [-0.736 -0.413  0.837]
  末端实际位置: [-0.625 -0.501  0.879]
  规划跟踪误差: 0.1472 m
  速度误差: 1.9625 m/s
  MPC 总步数: 257
  --- Tube 专用指标 ---
  最小球拍-球距离: 0.0967 m
  ball_near 步数: 8 = 40.0 ms
  tube_ready 步数: 21 = 105.0 ms
  击打时间误差: 15.0 ms
  击打位置误差: 0.0990 m
  --- 计算性能 ---
  总墙钟时间: 1.13s (MPC=1.13s)
  --- 执行层约束 ---
  max_qdot=1.00x, max_tcp=1.8m/s, max_face=1.6m/s
  击球类型: 主动击球
========================================

__RESULT__: pos_error=0.099045 vel_error=1.962541 min_dist=0.096678 ball_near_ms=40.0 tube_ready_ms=105.0 max_tcp=1.80 max_qdot=1.00 max_face=1.6 hit_type=active hit_time_error_ms=15.0 hit_pos_error=0.099045 v_racket_at_hit=1.679
2026-09-13 17:17:10,092 [INFO] __main__: [ablation] mode=full
2026-09-13 17:17:10,098 [INFO] __main__: serve-box auto params: horizon=120, iter=10, first_plan_iters=30, total_horizon=250, replan_interval=20, near_plan_iters=5
2026-09-13 17:17:10,116 [INFO] __main__: 关节限位: 仿真默认(default.yaml), TCP=1.8 m/s, terminal_exempt=20
2026-09-13 17:17:10,117 [INFO] __main__: 球拍初始位置: [-0.24136342  0.63027058  1.45576659]
2026-09-13 17:17:10,117 [DEBUG] src.tennis.ball: serve_box bounce (attempt=2): p0_z=1.26, vz0=-2.9, spd=9.0, t1=0.288, t2=0.593, z_err=0.06
2026-09-13 17:17:10,124 [INFO] __main__: 击打步数: 176, 击打位置: [-0.73551045 -0.41332652  0.83707537]
2026-09-13 17:17:10,124 [INFO] __main__: 随挥方向: [ 0.173 -0.97   0.174], 随挥步数: 60
2026-09-13 17:17:10,139 [INFO] __main__: 候选窗口已构建: best_k=176, candidates=18
2026-09-13 17:17:10,140 [INFO] src.cpp.solver_cpp: iLQR C++ 加速模块已加载
2026-09-13 17:17:10,140 [INFO] __main__: 开始 V12 EpisodeRunner，总步数=310 (MPC=250, 随挥=60)，击打步数=176
2026-09-13 17:17:10,141 [INFO] src.ilqt.async_replanner: AsyncReplanner: 后台规划线程已启动
2026-09-13 17:17:10,163 [INFO] src.ilqt.async_replanner: AsyncReplanner: 规划环境已创建（独立 MjData）
2026-09-13 17:17:10,169 [INFO] src.ilqt.async_replanner: AsyncReplanner: 规划环境已创建（独立 MjData）
2026-09-13 17:17:10,201 [DEBUG] src.ilqt.tube_cost: [Softmin诊断] 候选权重TOP3: k=176:w=0.063, k=177:w=0.063, k=175:w=0.063
2026-09-13 17:17:11,096 [INFO] src.ilqt.mpc_controller: REPLAN step=0 k_hit=176 iters=30 horizon=120 t=933ms
2026-09-13 17:17:11,098 [INFO] src.ilqt.mpc_controller: MPCController.start 完成: k_hit=176, p_hit=[-0.736 -0.413  0.837], buffer=120
2026-09-13 17:17:11,101 [DEBUG] src.ilqt.replan_core: FAR_JT step=0 k_hit=176 (JT gain=60, skip iLQR)
2026-09-13 17:17:11,101 [DEBUG] src.ilqt.mpc_controller: REPLAN step=0 k_hit=176 iters=0 horizon=0 t=4ms
2026-09-13 17:17:11,101 [DEBUG] src.ilqt.mpc_controller: MPCController.step 0: replan k_hit=176 refine=feasible buffer=20
2026-09-13 17:17:11,110 [DEBUG] src.ilqt.replan_core: FAR_JT step=20 k_hit=156 (JT gain=60, skip iLQR)
2026-09-13 17:17:11,111 [DEBUG] src.ilqt.mpc_controller: REPLAN step=20 k_hit=156 iters=0 horizon=0 t=4ms
2026-09-13 17:17:11,111 [DEBUG] src.ilqt.mpc_controller: MPCController.step 20: replan k_hit=156 refine=feasible buffer=20
2026-09-13 17:17:11,119 [DEBUG] src.ilqt.replan_core: FAR_JT step=40 k_hit=136 (JT gain=60, skip iLQR)
2026-09-13 17:17:11,120 [DEBUG] src.ilqt.mpc_controller: REPLAN step=40 k_hit=136 iters=0 horizon=0 t=4ms
2026-09-13 17:17:11,120 [DEBUG] src.ilqt.mpc_controller: MPCController.step 40: replan k_hit=136 refine=feasible buffer=20
2026-09-13 17:17:11,129 [DEBUG] src.ilqt.replan_core: FAR_JT step=60 k_hit=116 (JT gain=60, skip iLQR)
2026-09-13 17:17:11,129 [DEBUG] src.ilqt.mpc_controller: REPLAN step=60 k_hit=116 iters=0 horizon=0 t=4ms
2026-09-13 17:17:11,129 [DEBUG] src.ilqt.mpc_controller: MPCController.step 60: replan k_hit=116 refine=feasible buffer=20
2026-09-13 17:17:11,138 [DEBUG] src.ilqt.replan_core: FAR_JT step=80 k_hit=96 (JT gain=60, skip iLQR)
2026-09-13 17:17:11,138 [DEBUG] src.ilqt.mpc_controller: REPLAN step=80 k_hit=96 iters=0 horizon=0 t=3ms
2026-09-13 17:17:11,138 [DEBUG] src.ilqt.mpc_controller: MPCController.step 80: replan k_hit=96 refine=feasible buffer=20
2026-09-13 17:17:11,146 [DEBUG] src.ilqt.replan_core: FAR_JT step=100 k_hit=76 (JT gain=60, skip iLQR)
2026-09-13 17:17:11,146 [DEBUG] src.ilqt.mpc_controller: REPLAN step=100 k_hit=76 iters=0 horizon=0 t=3ms
2026-09-13 17:17:11,147 [DEBUG] src.ilqt.mpc_controller: MPCController.step 100: replan k_hit=76 refine=feasible buffer=20
2026-09-13 17:17:11,155 [DEBUG] src.ilqt.replan_core: FAR_JT step=120 k_hit=56 (JT gain=60, skip iLQR)
2026-09-13 17:17:11,155 [DEBUG] src.ilqt.mpc_controller: REPLAN step=120 k_hit=56 iters=0 horizon=0 t=3ms
2026-09-13 17:17:11,155 [INFO] src.ilqt.strategies.hit_point_refiner: [HIT_LOCK] k_hit=56 ≤ 60, 锁定击球点不再替换
2026-09-13 17:17:11,155 [DEBUG] src.ilqt.mpc_controller: MPCController.step 120: replan k_hit=56 refine=locked buffer=20
2026-09-13 17:17:11,174 [DEBUG] src.ilqt.tube_cost: [Softmin诊断] 候选权重TOP3: k=36:w=0.063, k=37:w=0.063, k=35:w=0.063
2026-09-13 17:17:11,194 [DEBUG] src.ilqt.mpc_controller: REPLAN step=140 k_hit=36 iters=5 horizon=36 t=34ms
2026-09-13 17:17:11,194 [DEBUG] src.ilqt.mpc_controller: MPCController.step 140: replan k_hit=36 refine=locked buffer=20
2026-09-13 17:17:11,211 [DEBUG] src.ilqt.tube_cost: [Softmin诊断] 候选权重TOP3: k=16:w=0.063, k=17:w=0.063, k=15:w=0.063
2026-09-13 17:17:11,221 [DEBUG] src.ilqt.mpc_controller: REPLAN step=160 k_hit=16 iters=5 horizon=16 t=22ms
2026-09-13 17:17:11,221 [DEBUG] src.ilqt.mpc_controller: MPCController.step 160: replan k_hit=16 refine=locked buffer=16
2026-09-13 17:17:11,221 [INFO] src.ilqt.components.predictive_safety: [SAFETY_FILTER] beta=0.2: qdot entering overspeed, joint=5, |qdot|=5.29 > 3.93
2026-09-13 17:17:11,223 [INFO] src.ilqt.components.predictive_safety: [SAFETY_FILTER] beta=0.6: qdot entering overspeed, joint=2, |qdot|=4.20 > 3.93
2026-09-13 17:17:11,223 [INFO] src.ilqt.components.predictive_safety: [SAFETY_FILTER] beta=0.2: qdot entering overspeed, joint=1, |qdot|=3.47 > 3.14
2026-09-13 17:17:11,224 [INFO] src.ilqt.components.predictive_safety: [SAFETY_FILTER] beta=0.8: qdot entering overspeed, joint=5, |qdot|=4.05 > 3.93
2026-09-13 17:17:11,224 [INFO] src.ilqt.components.predictive_safety: [SAFETY_FILTER] beta=0.6: tcp speed 1.86 > 1.80 m/s
2026-09-13 17:17:11,225 [INFO] src.ilqt.components.predictive_safety: [SAFETY_FILTER] beta=0.4: tcp speed 1.95 > 1.80 m/s
2026-09-13 17:17:11,226 [INFO] src.ilqt.components.predictive_safety: [SAFETY_FILTER] beta=0.0: tcp speed 2.14 > 1.80 m/s
2026-09-13 17:17:11,227 [INFO] src.ilqt.components.predictive_safety: [SAFETY_FILTER] beta=0.0: qdot entering overspeed, joint=0, |qdot|=3.57 > 3.14
2026-09-13 17:17:11,227 [INFO] src.ilqt.components.predictive_safety: [SAFETY_FILTER] beta=0.4: qdot entering overspeed, joint=0, |qdot|=3.49 > 3.14
2026-09-13 17:17:11,228 [INFO] src.ilqt.strategies.follow_through: 随挥触发: step=175, steps=60
2026-09-13 17:17:11,245 [INFO] src.ilqt.async_replanner: AsyncReplanner: 后台规划线程已停止
2026-09-13 17:17:11,245 [INFO] src.ilqt.episode_runner: EpisodeRunner 完成: total_steps=237 safe_steps=237 mpc_done=True
2026-09-13 17:17:11,245 [DEBUG] src.ilqt.episode_runner: EpisodeRunner metrics 详情: {'total_steps': 237, 'safe_steps': 237, 'mpc_done': True, 'X_history': [array([-1.5  ,  1.57 , -0.236,  0.404,  0.446,  2.45 ,  0.   ,  0.   ,
        0.   ,  0.   ,  0.   ,  0.   ]), array([ 0.15835962,  1.40483396, -0.58666694, -0.16076611,  1.05948059,
        2.44998148, -0.00675064, -0.02774792,  0.00896137,  0.0042395 ,
       -0.0678624 , -0.0037031 ]), array([ 0.15829185,  1.40455816, -0.58659831, -0.16072518,  1.05887217,
        2.44995173, -0.013555  , -0.05515936,  0.01372735,  0.0081848 ,
       -0.1216839 , -0.00595121]), array([ 0.15819007,  1.40414775, -0.58652215, -0.16066607,  1.05804884,
        2.44991497, -0.02035476, -0.08208111,  0.01523029,  0.01182312,
       -0.1646676 , -0.00735179]), array([ 0.15805455,  1.40360572, -0.58645115, -0.1605903 ,  1.05705244,
        2.44987372, -0.02710489, -0.10840678,  0.01420173,  0.01515439,
       -0.19927964, -0.00825081]), array([ 0.1578857 ,  1.4029354 , -0.58639506, -0.16049935,  1.05591534,
        2.44982948, -0.03377062, -0.13406476,  0.01121715,  0.01818819,
       -0.227419  , -0.00884745]), array([ 0.15768407,  1.40214035, -0.58636141, -0.16039465,  1.0546626 ,
        2.44978319, -0.04032518, -0.1590091 ,  0.00673045,  0.02094066,
       -0.25054774, -0.00925789]), array([ 1.57450331e-01,  1.40122429e+00, -5.86355904e-01, -1.60277492e-01,
        1.05331365e+00,  2.44973543e+00, -4.67480567e-02, -1.83212746e-01,
        1.10070770e-03,  2.34318931e-02, -2.69790974e-01, -9.55104399e-03]), array([ 0.15718521,  1.40019097, -0.58638284, -0.16014907,  1.05188358,
        2.44968659, -0.05302371, -0.20666239, -0.00538713,  0.0256839 ,
       -0.2860138 , -0.0097685 ]), array([ 0.15688951,  1.3990442 , -0.58644537, -0.16001048,  1.05038418,
        2.44963691, -0.05914053, -0.22935461, -0.01250616,  0.02771913,
       -0.2998805 , -0.00993591]), array([ 0.15656406,  1.39778774, -0.58654575, -0.15986268,  1.04882468,
        2.44958656, -0.06509003, -0.25129301, -0.02007503,  0.02955946,
       -0.31190024, -0.01006945]), array([ 0.15620973,  1.39642531, -0.58668549, -0.15970655,  1.04721236,
        2.44953567, -0.0708662 , -0.27248603, -0.02794823,  0.03122555,
       -0.32246243, -0.01017957]), array([ 0.1558274 ,  1.39496058, -0.58686553, -0.15954287,  1.04555304,
        2.4494843 , -0.076465  , -0.29294531, -0.0360085 ,  0.03273648,
       -0.33186403, -0.01027313]), array([ 0.15541798,  1.39339716, -0.58708633, -0.15937232,  1.04385139,
        2.44943253, -0.08188395, -0.31268457, -0.04416092,  0.03410951,
       -0.34033073, -0.01035476]), array([ 0.15498238,  1.39173856, -0.58734797, -0.15919552,  1.04211122,
        2.44938039, -0.08712179, -0.33171865, -0.0523283 ,  0.03536008,
       -0.34803328, -0.01042762]), array([ 0.15452148,  1.38998825, -0.58765021, -0.15901301,  1.04033572,
        2.44932792, -0.0921782 , -0.35006289, -0.06044751,  0.03650176,
       -0.35510015, -0.01049392]), array([ 0.15403622,  1.38814959, -0.58799255, -0.15882528,  1.03852759,
        2.44927514, -0.09705358, -0.3677327 , -0.06846668,  0.0375464 ,
       -0.36162721, -0.0105552 ]), array([ 0.15352747,  1.38622587, -0.58837426, -0.15863276,  1.03668916,
        2.44922208, -0.10174887, -0.38474319, -0.07634293,  0.03850424,
       -0.36768533, -0.01061254]), array([ 0.15299614,  1.38422032, -0.58879446, -0.15843584,  1.03482253,
        2.44916875, -0.10626546, -0.40110899, -0.0840406 ,  0.03938402,
       -0.37332611, -0.01066674]), array([ 0.15244312,  1.3821361 , -0.58925211, -0.15823487,  1.0329296 ,
        2.44911515, -0.11060497, -0.41684404, -0.09152984,  0.04019315,
       -0.3785864 , -0.01071837]), array([ 0.15186927,  1.3799763 , -0.58974604, -0.15803018,  1.03101214,
        2.44906132, -0.11476927, -0.43196157, -0.09878553,  0.04093787,
       -0.38349174, -0.01076783]), array([ 0.15127555,  1.3777439 , -0.59027509, -0.15782238,  1.02907136,
        2.44900729, -0.11874502, -0.44647982, -0.10581008,  0.04156138,
       -0.38815532, -0.01080497]), array([ 0.15066281,  1.37544186, -0.59083792, -0.1576117 ,  1.02710896,
        2.44895306, -0.12254764, -0.46040755, -0.11256509,  0.0421361 ,
       -0.39248115, -0.0108455 ]), array([ 0.15003191,  1.37307308, -0.59143309, -0.15739838,  1.02512657,
        2.44889863, -0.12617938, -0.47375528, -0.11903437,  0.04266404,
       -0.39647739, -0.01088719]), array([ 0.1493837 ,  1.37064042, -0.59205911, -0.15718264,  1.02312583,
        2.44884398, -0.12964242, -0.48653282, -0.12520404,  0.04314683,
       -0.40014779, -0.01092888]), array([ 0.14871901,  1.36814667, -0.59271442, -0.15696471,  1.02110837,
        2.44878913, -0.13293888, -0.4987492 , -0.13106209,  0.04358582,
       -0.40349282, -0.01097002]), array([ 0.14803865,  1.36559461, -0.59339741, -0.1567448 ,  1.01907581,
        2.44873408, -0.1360708 , -0.5104128 , -0.13659808,  0.04398206,
       -0.4065105 , -0.01101036]), array([ 0.14734345,  1.36298695, -0.59410642, -0.15652312,  1.01702983,
        2.44867883, -0.13904016, -0.5215313 , -0.14180286,  0.04433632,
       -0.40919713, -0.01104979]), array([ 0.14663421,  1.36032639, -0.59483977, -0.15629988,  1.01497209,
        2.44862339, -0.14184883, -0.53211176, -0.14666846,  0.04464914,
       -0.4115478 , -0.01108833]), array([ 0.14591171,  1.35761559, -0.5955957 , -0.15607527,  1.01290431,
        2.44856776, -0.14449861, -0.54216067, -0.15118782,  0.04492088,
       -0.41355679, -0.011126  ]), array([ 0.14517676,  1.35485717, -0.59637248, -0.15584951,  1.01082822,
        2.44851195, -0.14699121, -0.55168397, -0.15535476,  0.04515173,
       -0.41521796, -0.01116288]), array([ 0.14443012,  1.35205374, -0.5971683 , -0.1556228 ,  1.00874559,
        2.44845595, -0.14932823, -0.56068709, -0.15916384,  0.04534172,
       -0.41652493, -0.01119903]), array([ 0.14367256,  1.34920786, -0.59798135, -0.15539535,  1.00665823,
        2.44839978, -0.15151122, -0.56917503, -0.16261028,  0.04549079,
       -0.41747135, -0.01123451]), array([ 0.14290485,  1.3463221 , -0.5988098 , -0.15516736,  1.00456798,
        2.44834343, -0.15354164, -0.57715238, -0.16568994,  0.04559879,
       -0.41805109, -0.0112694 ]), array([ 0.14212775,  1.34339898, -0.5996518 , -0.15493903,  1.00247669,
        2.44828691, -0.15542088, -0.58462337, -0.16839923,  0.04566549,
       -0.41825828, -0.01130376]), array([ 0.141342  ,  1.34044102, -0.60050547, -0.15471058,  1.00038625,
        2.44823022, -0.15715027, -0.59159192, -0.17073512,  0.04569063,
       -0.41808756, -0.01133765]), array([ 0.14054834,  1.33745071, -0.60136895, -0.15448221,  0.99829858,
        2.44817337, -0.1587311 , -0.59806168, -0.17269508,  0.0456739 ,
       -0.41753407, -0.01137113]), array([ 0.13974752,  1.33443053, -0.60224033, -0.15425413,  0.99621561,
        2.44811635, -0.16016459, -0.60403605, -0.17427709,  0.04561499,
       -0.41659356, -0.01140425]), array([ 0.13894026,  1.33138294, -0.60311773, -0.15402656,  0.9941393 ,
        2.44805916, -0.16145195, -0.6095183 , -0.17547961,  0.04551359,
       -0.41526252, -0.01143705]), array([ 0.13812729,  1.32831038, -0.60399924, -0.15379972,  0.99207161,
        2.44800181, -0.16259435, -0.6145115 , -0.17630162,  0.0453694 ,
       -0.41353812, -0.01146957]), array([ 0.13730932,  1.32521529, -0.60488295, -0.15357381,  0.99001452,
        2.44794431, -0.16359298, -0.61901865, -0.17674254,  0.04518215,
       -0.41141839, -0.01150185]), array([ 0.13648727,  1.32210004, -0.60576712, -0.15334976,  0.98796938,
        2.44788675, -0.16440982, -0.62305024, -0.17683444,  0.04480845,
       -0.40902811, -0.01151158]), array([ 0.13566186,  1.31896701, -0.60664987, -0.15312771,  0.98593828,
        2.44782908, -0.16508198, -0.62660538, -0.17654856,  0.04441133,
       -0.40621978, -0.0115329 ]), array([ 0.13483381,  1.31581858, -0.60752929, -0.15290777,  0.98392328,
        2.44777128, -0.16561126, -0.6296864 , -0.1758848 ,  0.04398663,
       -0.40299897, -0.01156013]), array([ 0.13400381,  1.3126571 , -0.60840351, -0.15269012,  0.98192643,
        2.44771333, -0.16599937, -0.63229581, -0.17484384,  0.04353112,
       -0.39937101, -0.01159025]), array([ 0.13317257,  1.30948492, -0.60927064, -0.15247491,  0.97994972,
        2.44765522, -0.16624798, -0.63443626, -0.17342708,  0.04304231,
       -0.39534123, -0.01162164]), array([ 0.13234078,  1.30630437, -0.61012883, -0.15226231,  0.97799514,
        2.44759696, -0.16635873, -0.6361106 , -0.17163655,  0.04251831,
       -0.39091528, -0.01165346]), array([ 0.13150911,  1.30311776, -0.6109762 , -0.15205253,  0.97606465,
        2.44753853, -0.16633327, -0.63732188, -0.16947493,  0.04195769,
       -0.38609924, -0.01168528]), array([ 0.13067824,  1.29992739, -0.61181093, -0.15184573,  0.97416015,
        2.44747994, -0.16617329, -0.6380734 , -0.1669455 ,  0.04135946,
       -0.38089978, -0.01171688]), array([ 0.12984884,  1.29673555, -0.61263119, -0.15164211,  0.97228353,
        2.4474212 , -0.16588051, -0.63836868, -0.16405215,  0.04072294,
       -0.37532425, -0.01174817]), array([ 0.12902156,  1.29354449, -0.61343519, -0.15144187,  0.97043663,
        2.44736231, -0.16545672, -0.63821153, -0.16079933,  0.04004778,
       -0.36938071, -0.01177909]), array([ 0.12819704,  1.29035646, -0.61422115, -0.15124521,  0.96862123,
        2.44730326, -0.16490377, -0.63760604, -0.15719207,  0.03933387,
       -0.36307804, -0.0118096 ]), array([ 0.12737592,  1.28717368, -0.61498733, -0.1510523 ,  0.96683911,
        2.44724406, -0.16422363, -0.63655664, -0.15323596,  0.03858134,
       -0.35642593, -0.0118397 ]), array([ 0.12655883,  1.28399834, -0.61573201, -0.15086335,  0.96509193,
        2.44718472, -0.16341833, -0.63506807, -0.14893714,  0.03779052,
       -0.34943489, -0.01186934]), array([ 0.12574638,  1.28083261, -0.61645352, -0.15067854,  0.96338135,
        2.44712522, -0.16249004, -0.63314542, -0.14430231,  0.03696196,
       -0.34211626, -0.01189851]), array([ 0.12493917,  1.27767864, -0.61715022, -0.15049805,  0.96170894,
        2.44706559, -0.16144102, -0.63079419, -0.13933872,  0.03609633,
       -0.3344822 , -0.01192717]), array([ 0.12413781,  1.27453854, -0.61782049, -0.15032208,  0.96007621,
        2.44700581, -0.16027367, -0.62802022, -0.13405414,  0.03519451,
       -0.32654569, -0.01195528]), array([ 0.12334285,  1.27141439, -0.61846277, -0.15015079,  0.95848461,
        2.4469459 , -0.15899052, -0.62482978, -0.12845687,  0.03425751,
       -0.31832048, -0.01198279]), array([ 0.12255488,  1.26830824, -0.61907555, -0.14998436,  0.9569355 ,
        2.44688585, -0.15759421, -0.62122957, -0.12255573,  0.03328647,
       -0.30982105, -0.01200966]), array([ 0.12177444,  1.26522211, -0.61965735, -0.14982295,  0.95543019,
        2.44682567, -0.15608755, -0.6172267 , -0.11636005,  0.03228268,
       -0.30106261, -0.01203583]), array([ 0.12100208,  1.26215796, -0.62020675, -0.14966671,  0.95396988,
        2.44676536, -0.15447346, -0.6128287 , -0.10987964,  0.03124753,
       -0.29206104, -0.01206123]), array([ 0.12023756,  1.25911804, -0.62072107, -0.14951314,  0.95256169,
        2.44670437, -0.15290381, -0.60798435, -0.10286471,  0.03071391,
       -0.28163826, -0.01219765]), array([ 0.11948136,  1.25610439, -0.6211989 , -0.14936282,  0.95120551,
        2.44664301, -0.15123958, -0.60272991, -0.0955649 ,  0.03006347,
       -0.27123685, -0.01227285]), array([ 0.11873395,  1.25311899, -0.6216389 , -0.14921624,  0.94990139,
        2.44658143, -0.14948216, -0.59708036, -0.08800117,  0.02931625,
       -0.2608231 , -0.0123159 ]), array([ 0.11799578,  1.25016374, -0.62203986, -0.1490738 ,  0.94864951,
        2.44651972, -0.14763349, -0.59105   , -0.08019227,  0.02848822,
       -0.25037587, -0.01234231]), array([ 0.1172673 ,  1.24724048, -0.62240064, -0.14893584,  0.9474501 ,
        2.44645792, -0.14569593, -0.5846527 , -0.07215542,  0.02759226,
       -0.23988361, -0.01236023]), array([ 0.11654894,  1.24435097, -0.62272018, -0.14880265,  0.94630338,
        2.44639605, -0.14367221, -0.57790209, -0.06390674,  0.02663899,
       -0.22934216, -0.01237386]), array([ 0.11584111,  1.24149691, -0.62299748, -0.14867446,  0.94520962,
        2.44633412, -0.14156537, -0.57081167, -0.05546164,  0.02563722,
       -0.21875304, -0.01238524]), array([ 0.11514422,  1.23867993, -0.62323166, -0.14855149,  0.94416901,
        2.44627215, -0.13937872, -0.56339492, -0.04683502,  0.02459442,
       -0.20812206, -0.01239534]), array([ 0.11445864,  1.23590161, -0.62342187, -0.1484339 ,  0.94318172,
        2.44621012, -0.13711581, -0.55566538, -0.03804151,  0.02351701,
       -0.19745836, -0.01240452]), array([ 0.11378474,  1.23316342, -0.62356734, -0.14832185,  0.94224785,
        2.44614806, -0.13478039, -0.5476367 , -0.02909558,  0.02241055,
       -0.18677355, -0.01241285]), array([ 0.11312286,  1.23046681, -0.6236674 , -0.14821545,  0.94136744,
        2.44608596, -0.13237639, -0.53932269, -0.0200116 ,  0.02127997,
       -0.17608107, -0.01242027]), array([ 0.11247332,  1.22781312, -0.62372142, -0.1481148 ,  0.94054047,
        2.44602382, -0.12990788, -0.53073733, -0.01080393,  0.02012966,
       -0.16539573, -0.01242667]), array([ 1.11836423e-01,  1.22520365e+00, -6.23728857e-01, -1.48019984e-01,
        9.39766799e-01,  2.44596166e+00, -1.27379080e-01, -5.21894767e-01,
       -1.48695291e-03,  1.89636105e-02, -1.54733306e-01, -1.24319227e-02]), array([ 0.11121245,  1.2226396 , -0.62368923, -0.14793106,  0.93904625,
        2.44589949, -0.12479431, -0.51280937,  0.00792492,  0.01778546,
       -0.14411018, -0.0124359 ]), array([ 0.11060166,  1.22012212, -0.62360215, -0.14784806,  0.93837853,
        2.44583729, -0.12215799, -0.5034957 ,  0.01741726,  0.01659859,
       -0.13354312, -0.01243849]), array([ 0.11000429,  1.21765228, -0.62346727, -0.14777103,  0.93776329,
        2.44577509, -0.11947461, -0.49396847,  0.0269756 ,  0.01540615,
       -0.12304905, -0.01243959]), array([ 0.10942054,  1.21523107, -0.62328434, -0.14769998,  0.93720006,
        2.4457129 , -0.11674872, -0.48424258,  0.03658548,  0.01421108,
       -0.11264491, -0.01243913]), array([ 0.10885062,  1.2128594 , -0.62305318, -0.1476349 ,  0.93668833,
        2.44565071, -0.11398492, -0.4743331 ,  0.04623244,  0.01301618,
       -0.10234747, -0.01243705]), array([ 0.10829468,  1.21053813, -0.62277367, -0.14757578,  0.93622746,
        2.44558855, -0.11118784, -0.46425519,  0.05590206,  0.0118241 ,
       -0.09217322, -0.0124333 ]), array([ 0.10775287,  1.20826801, -0.62244577, -0.14752259,  0.93581677,
        2.44552641, -0.1083621 , -0.45402416,  0.06558002,  0.01063736,
       -0.08213828, -0.01242783]), array([ 0.10722525,  1.20604962, -0.62206997, -0.14747516,  0.93545321,
        2.44546436, -0.10552451, -0.44367736,  0.07515867,  0.00948575,
       -0.07271253, -0.01240908]), array([ 0.1067119 ,  1.20388352, -0.62164642, -0.14743345,  0.93513639,
        2.44540239, -0.10266927, -0.43321935,  0.08471035,  0.00834189,
       -0.06336388, -0.01239461]), array([ 0.1062129 ,  1.20177021, -0.6211753 , -0.14739741,  0.93486575,
        2.44534048, -0.0998005 , -0.42266321,  0.09422482,  0.00720769,
       -0.05412718, -0.01238153]), array([ 0.10572829,  1.19971009, -0.62065684, -0.14736699,  0.93464059,
        2.44527864, -0.09692235, -0.41202249,  0.10369105,  0.0060852 ,
       -0.04503189, -0.01236828]), array([ 0.10525809,  1.19770354, -0.62009136, -0.1473421 ,  0.93446007,
        2.44521687, -0.09403897, -0.40131101,  0.11309747,  0.00497645,
       -0.03610319, -0.0123541 ]), array([ 0.10480232,  1.19575082, -0.61947919, -0.14732269,  0.93432326,
        2.44515518, -0.09115452, -0.39054285,  0.12243219,  0.00388344,
       -0.02736277, -0.01233857]), array([ 0.10436095,  1.19385216, -0.61882078, -0.14730865,  0.93422911,
        2.44509357, -0.08827311, -0.37973219,  0.13168322,  0.00280809,
       -0.01882941, -0.01232154]), array([ 1.03933960e-01,  1.19200770e+00, -6.18116586e-01, -1.47299885e-01,
        9.34176516e-01,  2.44503205e+00, -8.53988229e-02, -3.68893269e-01,
        1.40838540e-01,  1.75224182e-03, -1.05194768e-02, -1.23029517e-02]), array([ 1.03521282e-01,  1.19021750e+00, -6.17367155e-01, -1.47296297e-01,
        9.34164280e-01,  2.44497064e+00, -8.25356492e-02, -3.58040331e-01,
        1.49886274e-01,  7.17589818e-04, -2.44728965e-03, -1.22827980e-02]), array([ 1.03122844e-01,  1.18848156e+00, -6.16573081e-01, -1.47297769e-01,
        9.34191153e-01,  2.44490934e+00, -7.96875059e-02, -3.47187541e-01,
        1.58814733e-01, -2.94271127e-04,  5.37462901e-03, -1.22611197e-02]), array([ 1.02738553e-01,  1.18679981e+00, -6.15735019e-01, -1.47304178e-01,
        9.34255830e-01,  2.44484815e+00, -7.68582098e-02, -3.36348948e-01,
        1.67612509e-01, -1.28187701e-03,  1.29353303e-02, -1.22379701e-02]), array([ 1.02368296e-01,  1.18517212e+00, -6.14853676e-01, -1.47315397e-01,
        9.34356956e-01,  2.44478708e+00, -7.40514669e-02, -3.25538439e-01,
        1.76268528e-01, -2.24389225e-03,  2.02252780e-02, -1.22134131e-02]), array([ 0.10201194,  1.18359827, -0.61392982, -0.14733129,  0.93449314,
        2.44472614, -0.07127086, -0.3147697 ,  0.1847721 , -0.00317911,
        0.02723622, -0.01218752]), array([ 0.10166934,  1.18207799, -0.61296425, -0.14735173,  0.93466294,
        2.44466534, -0.06851985, -0.30405616,  0.19311294, -0.00408645,
        0.03396109, -0.01216036]), array([ 0.10134033,  1.18061094, -0.61195784, -0.14737655,  0.93486491,
        2.44460468, -0.06580174, -0.293411  ,  0.20128123, -0.00496497,
        0.04039393, -0.01213201]), array([ 0.10102474,  1.1791967 , -0.61091151, -0.14740562,  0.93509756,
        2.44454417, -0.06311969, -0.28284706,  0.20926764, -0.00581384,
        0.04652981, -0.01210256]), array([ 0.10072235,  1.17783482, -0.60982619, -0.14743878,  0.93535939,
        2.44448381, -0.06047673, -0.27237688,  0.21706331, -0.00663236,
        0.05236477, -0.01207208]), array([ 0.10043297,  1.17652475, -0.60870289, -0.14747588,  0.93564886,
        2.4444236 , -0.05787571, -0.2620126 ,  0.22465994, -0.00741995,
        0.05789581, -0.01204066]), array([ 0.10015638,  1.17526592, -0.60754264, -0.14751676,  0.93596447,
        2.44436356, -0.05531931, -0.251766  ,  0.23204972, -0.00817615,
        0.06312079, -0.01200838]), array([ 0.09989233,  1.17405768, -0.60634651, -0.14756126,  0.93630466,
        2.44430368, -0.05281006, -0.24164845,  0.23922542, -0.00890059,
        0.06803844, -0.01197533]), array([ 0.09964057,  1.17289933, -0.60511561, -0.14760923,  0.9366679 ,
        2.44424398, -0.05035031, -0.23167087,  0.24618035, -0.00959306,
        0.07264828, -0.01194159]), array([ 0.09940086,  1.17179011, -0.60385107, -0.1476605 ,  0.93705265,
        2.44418444, -0.04794226, -0.22184375,  0.25290838, -0.0102534 ,
        0.07695062, -0.01190727]), array([ 0.09917292,  1.17072922, -0.60255405, -0.1477149 ,  0.93745739,
        2.44412508, -0.0455879 , -0.21217712,  0.25940395, -0.01088159,
        0.08094648, -0.01187244]), array([ 0.09895648,  1.16971582, -0.60122574, -0.14777229,  0.93788058,
        2.44406589, -0.04328907, -0.20268052,  0.26566206, -0.0114777 ,
        0.08463763, -0.01183719]), array([ 0.09875124,  1.16874901, -0.59986735, -0.1478325 ,  0.93832071,
        2.44400688, -0.04104746, -0.19336302,  0.27167827, -0.01204187,
        0.08802646, -0.01180162]), array([ 0.09855692,  1.16782784, -0.59848011, -0.14789537,  0.93877629,
        2.44394805, -0.03886454, -0.18423318,  0.27744871, -0.01257436,
        0.09111602, -0.01176581]), array([ 0.09837321,  1.16695134, -0.59706526, -0.14796075,  0.93924584,
        2.44388941, -0.03674166, -0.17529904,  0.28297008, -0.0130755 ,
        0.09390995, -0.01172985]), array([ 0.09819981,  1.1661185 , -0.59562406, -0.14802848,  0.9397279 ,
        2.44383094, -0.03467997, -0.16656814,  0.28823961, -0.01354568,
        0.09641246, -0.01169382]), array([ 0.09803641,  1.16532827, -0.59415778, -0.14809841,  0.94022104,
        2.44377265, -0.03268046, -0.15804751,  0.2932551 , -0.01398539,
        0.09862826, -0.01165782]), array([ 0.09788269,  1.16457955, -0.59266771, -0.14817038,  0.94072385,
        2.44371454, -0.03074398, -0.14974363,  0.29801488, -0.01439517,
        0.10056258, -0.01162192]), array([ 0.09773833,  1.16387124, -0.59115512, -0.14824426,  0.94123496,
        2.44365661, -0.02887121, -0.14166247,  0.3025178 , -0.01477564,
        0.10222108, -0.01158621]), array([ 0.09760302,  1.16320219, -0.5896213 , -0.1483199 ,  0.94175301,
        2.44359885, -0.02706267, -0.13380948,  0.30676324, -0.01512745,
        0.10360986, -0.01155076]), array([ 0.09747643,  1.16257124, -0.58806755, -0.14839716,  0.94227669,
        2.44354127, -0.02531874, -0.12618957,  0.31075106, -0.01545132,
        0.10473538, -0.01151566]), array([ 0.09735823,  1.1619772 , -0.58649514, -0.1484759 ,  0.94280471,
        2.44348387, -0.02363965, -0.11880713,  0.31448164, -0.01574802,
        0.10560447, -0.01148097]), array([ 0.0972481 ,  1.16141887, -0.58490536, -0.14855599,  0.94333583,
        2.44342664, -0.02202551, -0.11166606,  0.31795581, -0.01601834,
        0.10622426, -0.01144676]), array([ 0.09714572,  1.16089503, -0.58329949, -0.1486373 ,  0.94386884,
        2.44336957, -0.02047628, -0.10476971,  0.32117486, -0.01626314,
        0.10660215, -0.01141311]), array([ 0.09705076,  1.16040442, -0.58167878, -0.14871972,  0.94440257,
        2.44331267, -0.0189918 , -0.09812095,  0.32414055, -0.01648329,
        0.1067458 , -0.01138008]), array([ 0.0969629 ,  1.15994581, -0.58004451, -0.14880312,  0.94493588,
        2.44325593, -0.01757177, -0.09172213,  0.32685502, -0.01667968,
        0.10666307, -0.01134772]), array([ 0.09688182,  1.15951793, -0.5783979 , -0.14888738,  0.94546769,
        2.44319935, -0.0162158 , -0.08557513,  0.32932086, -0.01685323,
        0.106362  , -0.01131611]), array([ 0.0968072 ,  1.15911953, -0.5767402 , -0.14897241,  0.94599695,
        2.44314292, -0.01492338, -0.07968135,  0.331541  , -0.01700489,
        0.1058508 , -0.01128528]), array([ 0.09673873,  1.15874932, -0.5750726 , -0.14905809,  0.94652264,
        2.44308665, -0.01369389, -0.0740417 ,  0.33351877, -0.0171356 ,
        0.10513776, -0.01125529]), array([ 0.0966761 ,  1.15840604, -0.57339632, -0.14914432,  0.94704379,
        2.44303052, -0.01252662, -0.06865666,  0.33525785, -0.01724633,
        0.10423129, -0.01122618]), array([ 0.096619  ,  1.1580884 , -0.5717125 , -0.14923101,  0.94755949,
        2.44297453, -0.01142076, -0.06352626,  0.33676221, -0.01733805,
        0.10313985, -0.01119801]), array([ 0.09656712,  1.15779515, -0.57002232, -0.14931807,  0.94806885,
        2.44291867, -0.01037543, -0.05865008,  0.33803617, -0.01741172,
        0.10187194, -0.01117081]), array([ 0.09652017,  1.15752502, -0.5683269 , -0.14940541,  0.94857103,
        2.44286295, -0.00938965, -0.0540273 ,  0.33908431, -0.01746831,
        0.10043608, -0.01114461]), array([ 0.09647786,  1.15727673, -0.56662734, -0.14949295,  0.94906524,
        2.44280735, -0.00846238, -0.04965671,  0.33991148, -0.0175088 ,
        0.09884076, -0.01111944]), array([ 0.0964399 ,  1.15704905, -0.56492473, -0.14958062,  0.94955071,
        2.44275188, -0.0075925 , -0.04553669,  0.34052277, -0.01753412,
        0.09709443, -0.01109534]), array([ 0.096406  ,  1.15684072, -0.56322011, -0.14966835,  0.95002674,
        2.44269651, -0.00677883, -0.04166526,  0.34092351, -0.01754522,
        0.09520553, -0.01107232]), array([ 0.0963759 ,  1.15665052, -0.56151452, -0.14975606,  0.95049265,
        2.44264126, -0.00602015, -0.03804009,  0.34111923, -0.01754305,
        0.09318236, -0.01105042]), array([ 0.09634933,  1.15647723, -0.55980894, -0.14984371,  0.95094781,
        2.44258611, -0.00531517, -0.0346585 ,  0.34111562, -0.01752851,
        0.09103319, -0.01102964]), array([ 0.09632601,  1.15631964, -0.55810435, -0.14993122,  0.95139165,
        2.44253106, -0.00466256, -0.03151749,  0.34091856, -0.01750249,
        0.08876614, -0.01101001]), array([ 0.09630571,  1.15617658, -0.55640168, -0.15001855,  0.95182359,
        2.44247611, -0.00406094, -0.02861376,  0.34053407, -0.0174659 ,
        0.08638921, -0.01099152]), array([ 0.09628817,  1.15604686, -0.55470183, -0.15010565,  0.95224314,
        2.44242124, -0.00350892, -0.02594373,  0.33996828, -0.01741957,
        0.08391028, -0.0109742 ]), array([ 0.09627314,  1.15592934, -0.5530057 , -0.15019247,  0.95264983,
        2.44236644, -0.00300504, -0.02350354,  0.33922745, -0.01736435,
        0.08133707, -0.01095804]), array([ 0.0962604 ,  1.15582289, -0.55131411, -0.15027897,  0.95304321,
        2.44231173, -0.00254785, -0.02128906,  0.33831792, -0.01730105,
        0.07867713, -0.01094305]), array([ 9.62497214e-02,  1.15572641e+00, -5.49627877e-01, -1.50365126e-01,
        9.53422903e-01,  2.44225708e+00, -2.13584541e-03, -1.92959492e-02,
        3.37246094e-01, -1.72304598e-02,  7.59378586e-02, -1.09292303e-02]), array([ 9.62408837e-02,  1.15563882e+00, -5.47947785e-01, -1.50450892e-01,
        9.53788535e-01,  2.44220250e+00, -1.76753455e-03, -1.75196332e-02,
        3.36018442e-01, -1.71533409e-02,  7.31264539e-02, -1.09165704e-02]), array([ 9.62336768e-02,  1.15555904e+00, -5.46274577e-01, -1.50536245e-01,
        9.54139785e-01,  2.44214798e+00, -1.44139247e-03, -1.59553357e-02,
        3.34641469e-01, -1.70704302e-02,  7.02499371e-02, -1.09050684e-02]), array([ 9.62278973e-02,  1.15548605e+00, -5.44608969e-01, -1.50621157e-01,
        9.54476360e-01,  2.44209350e+00, -1.15588908e-03, -1.45980934e-02,
        3.33121705e-01, -1.69824373e-02,  6.73151329e-02, -1.08947162e-02]), array([ 9.62233499e-02,  1.15541883e+00, -5.42951640e-01, -1.50705607e-01,
        9.54798004e-01,  2.44203907e+00, -9.09487966e-04, -1.34427721e-02,
        3.31465688e-01, -1.68900445e-02,  6.43286672e-02, -1.08855034e-02]), array([ 0.09895757,  1.15730614, -0.53950574, -0.15216566,  0.95401536,
        2.45235093,  0.54684322,  0.37746106,  0.6891805 , -0.29201028,
       -0.15652976,  2.06237078]), array([ 0.10534052,  1.15455375, -0.53297313, -0.14608124,  0.95968219,
        2.4516811 ,  1.27659094, -0.5504776 ,  1.30652097,  1.21688464,
        1.13336759, -0.13396552]), array([ 0.11420186,  1.15459794, -0.52779265, -0.13531485,  0.96520492,
        2.46075169,  1.77226727,  0.00883764,  1.0360969 ,  2.15327776,
        1.10454616,  1.81411854]), array([ 0.1232313 ,  1.15164637, -0.52130879, -0.12715507,  0.9714623 ,
        2.45970352,  1.8058877 , -0.59031344,  1.29677193,  1.6319547 ,
        1.25147534, -0.20963413]), array([ 0.13196392,  1.14440757, -0.51075979, -0.12199755,  0.98138184,
        2.44888303,  1.74652463, -1.44776133,  2.10979896,  1.03150527,
        1.9839076 , -2.16409924]), array([ 0.14125569,  1.14024384, -0.50167141, -0.11396652,  0.99026389,
        2.4482378 ,  1.85835452, -0.83274596,  1.81767728,  1.60620441,
        1.7764108 , -0.12904566]), array([ 0.1501361 ,  1.1328408 , -0.49086165, -0.10903741,  1.00110506,
        2.43783337,  1.77608211, -1.48060747,  2.16195074,  0.98582231,
        2.1682329 , -2.0808854 ]), array([ 0.15957608,  1.12870985, -0.48163082, -0.10124108,  1.00986375,
        2.43760624,  1.88799463, -0.82619049,  1.84616729,  1.55926677,
        1.75173844, -0.04542622]), array([ 0.16960777,  1.12864622, -0.47589906, -0.08995879,  1.0154225 ,
        2.42675504,  2.00633874, -0.01272528,  1.14635177,  2.25645843,
        1.11175019, -2.17023936]), array([ 0.17908164,  1.12580992, -0.4695219 , -0.08266286,  1.02121448,
        2.42703394,  1.89477512, -0.56725982,  1.27543125,  1.45918493,
        1.15839546,  0.05577937]), array([ 0.1881164 ,  1.11856754, -0.45891977, -0.07910078,  1.03073483,
        2.43788285,  1.80695109, -1.44847708,  2.1204274 ,  0.7124167 ,
        1.90407008,  2.16978177]), array([ 0.19786168,  1.11446827, -0.44970114, -0.07178197,  1.0390702 ,
        2.43759369,  1.94905692, -0.81985388,  1.84372545,  1.4637626 ,
        1.66707458, -0.05783215]), array([ 0.20828724,  1.10698667, -0.4387808 , -0.06097993,  1.04934763,
        2.44732398,  2.08511027, -1.49632025,  2.18406797,  2.16040765,
        2.05548596,  1.94605748]), array([ 0.21823883,  1.10288505, -0.42931421, -0.05393857,  1.0576078 ,
        2.44661654,  1.99031835, -0.82032388,  1.89331787,  1.40827209,
        1.65203374, -0.14148638]), array([ 0.22881189,  1.09567884, -0.41851504, -0.04352436,  1.06671365,
        2.45596803,  2.11461328, -1.44124112,  2.15983359,  2.08284163,
        1.82116991,  1.87029772]), array([ 0.23901012,  1.09158467, -0.40886014, -0.03668618,  1.07493213,
        2.45486779,  2.03964591, -0.81883338,  1.93098055,  1.36763624,
        1.64369528, -0.22004866]), array([ 0.2498133 ,  1.08433691, -0.39775684, -0.02652581,  1.08411568,
        2.46384019,  2.16063618, -1.44955196,  2.22066045,  2.03207289,
        1.83671144,  1.79448027]), array([ 0.26139646,  1.08028644, -0.3882504 , -0.01328567,  1.09211343,
        2.48222255,  2.31663102, -0.8100944 ,  1.90128717,  2.64802858,
        1.59954876,  3.67647255]), array([ 0.2726488 ,  1.07298238, -0.37686623, -0.00333831,  1.10163378,
        2.49003786,  2.25046758, -1.46081324,  2.27683384,  1.98947223,
        1.90407081,  1.5630619 ]), array([ 0.28458333,  1.06890701, -0.36697159,  0.00963285,  1.10959079,
        2.50732326,  2.38690639, -0.8150737 ,  1.9789282 ,  2.59423133,
        1.59140215,  3.45707932]), array([ 0.29645068,  1.06575051, -0.35761673,  0.02272023,  1.11582773,
        2.52588583,  2.37347035, -0.63129901,  1.87097142,  2.61747715,
        1.24738706,  3.71251462]), array([ 0.30800399,  1.05902727, -0.34570273,  0.03250552,  1.12401715,
        2.53384057,  2.31066235, -1.34464815,  2.38280049,  1.95705655,
        1.63788495,  1.59094761]), array([ 0.32022366,  1.0556842 , -0.33545475,  0.04537862,  1.12997402,
        2.55128218,  2.44393337, -0.66861455,  2.04959636,  2.57462167,
        1.19137378,  3.48832224]), array([ 0.33221699,  1.04859091, -0.32190784,  0.05501212,  1.1373955 ,
        2.55814118,  2.39866645, -1.41865673,  2.70938125,  1.92670002,
        1.48429648,  1.37179983]), array([ 0.34363947,  1.03722717, -0.30400074,  0.0611505 ,  1.14811109,
        2.55479208,  2.28449485, -2.27274841,  3.58142013,  1.22767609,
        2.1431173 , -0.66982049]), array([ 0.35523267,  1.02390965, -0.28455309,  0.06887871,  1.15937102,
        2.55755846,  2.31864107, -2.66350494,  3.88953081,  1.54564054,
        2.25198636,  0.55327615]), array([ 0.36665831,  1.01021469, -0.26492184,  0.07683664,  1.17056814,
        2.55811171,  2.28512673, -2.73899226,  3.92624937,  1.59158608,
        2.23942385,  0.11064927]), array([ 0.37729916,  0.99973738, -0.24650532,  0.08068701,  1.18058865,
        2.56896399,  2.12817016, -2.09546163,  3.68330363,  0.77007528,
        2.0041016 ,  2.17045711]), array([ 0.38885166,  0.99241853, -0.23038379,  0.08754484,  1.1884868 ,
        2.58722978,  2.31050001, -1.4637695 ,  3.2243075 ,  1.37156552,
        1.57963049,  3.65315869]), array([ 0.40021626,  0.98759268, -0.2163558 ,  0.09250672,  1.19457076,
        2.59872449,  2.27292128, -0.96517037,  2.80559641,  0.9923748 ,
        1.21679098,  2.29894096]), array([ 0.41139695,  0.98130822, -0.20107611,  0.09611628,  1.2011408 ,
        2.60575397,  2.23613819, -1.25689273,  3.05593898,  0.72191267,
        1.31400957,  1.40589564]), array([ 0.42222469,  0.97533718, -0.18642306,  0.09933839,  1.20710466,
        2.61248263,  2.16554826, -1.19420655,  2.93061006,  0.64442268,
        1.19277041,  1.34573232]), array([ 0.43655201,  0.96520619, -0.16696003,  0.10849516,  1.21417942,
        2.62878978,  2.86546399, -2.02619784,  3.89260615,  1.83135333,
        1.41495249,  3.2614299 ]), array([ 0.45028034,  0.95550246, -0.14828365,  0.11795526,  1.22129648,
        2.64449808,  2.7456653 , -1.94074619,  3.73527625,  1.89201942,
        1.42341174,  3.14165969]), array([ 0.46530533,  0.94788022, -0.13214907,  0.12912821,  1.22690777,
        2.65541569,  3.00499804, -1.52444941,  3.22691458,  2.23458976,
        1.12225862,  2.18352328]), array([ 0.47912162,  0.94051715, -0.11710496,  0.14278342,  1.23055258,
        2.66537744,  2.76325694, -1.47261224,  3.00882178,  2.73104278,
        0.72896187,  1.99234976]), array([ 0.49207331,  0.93345481, -0.10308365,  0.1573858 ,  1.2319544 ,
        2.67479122,  2.59033871, -1.41246942,  2.8042619 ,  2.92047656,
        0.28036484,  1.88275559]), array([ 0.50428652,  0.92670211, -0.08994523,  0.17238516,  1.23161048,
        2.68376864,  2.44264174, -1.35053971,  2.62768397,  2.99987087,
       -0.06878388,  1.79548431]), array([ 0.51584436,  0.92026251, -0.07756426,  0.18744043,  1.22999719,
        2.6923506 ,  2.31156903, -1.28791872,  2.47619512,  3.01105518,
       -0.32265872,  1.7163909 ]), array([ 0.52681628,  0.91413684, -0.06584127,  0.20228298,  1.22746355,
        2.70057239,  2.19438272, -1.22513437,  2.34459851,  2.96850945,
       -0.50672766,  1.64435923]), array([ 0.53726057,  0.90832333, -0.05469729,  0.21670417,  1.22426379,
        2.70846474,  2.08885803, -1.16270285,  2.22879609,  2.88423798,
       -0.63995324,  1.57846991]), array([ 0.54722644,  0.90281795, -0.04406937,  0.23054494,  1.22058172,
        2.71605446,  1.99317417, -1.10107621,  2.12558312,  2.76815424,
       -0.73641241,  1.51794377]), array([ 0.5567556 ,  0.89761483, -0.03390703,  0.24368699,  1.21654914,
        2.723365  ,  1.90583216, -1.0406237 ,  2.03246813,  2.62841011,
       -0.80651678,  1.4621085 ]), array([ 0.56588356,  0.89270668, -0.02416942,  0.25604538,  1.21225948,
        2.7304169 ,  1.82559168, -0.98163066,  1.94752199,  2.47167722,
       -0.85793153,  1.41037846]), array([ 0.57464067,  0.88808515, -0.01482315,  0.26756231,  1.20777815,
        2.7372281 ,  1.75142202, -0.92430587,  1.86925495,  2.30338665,
       -0.89626732,  1.36224176]), array([ 0.58305298,  0.88374119, -0.00584055,  0.27820197,  1.20315014,
        2.74381436,  1.68246348, -0.86879221,  1.79651833,  2.12793278,
       -0.92560115,  1.31725126]), array([ 0.59114297,  0.8796653 ,  0.00280158,  0.2879462 ,  1.1984058 ,
        2.75018945,  1.61799669, -0.81517808,  1.72842684,  1.94884603,
       -0.94886839,  1.27501747]), array([ 0.59893006,  0.87584776,  0.01112307,  0.2967909 ,  1.19356501,
        2.75636546,  1.55741813, -0.76350801,  1.66429789,  1.76893893,
       -0.96815764,  1.2352026 ]), array([ 0.60643116,  0.87227879,  0.01914109,  0.30474305,  1.18864035,
        2.76235304,  1.50022023, -0.71379213,  1.60360427,  1.59042937,
       -0.98493226,  1.19751502]), array([ 0.61366104,  0.86894872,  0.02687078,  0.31181827,  1.18363937,
        2.76816156,  1.44597533, -0.66601422,  1.54593761,  1.41504433,
       -1.00019652,  1.16170421]), array([ 0.62063265,  0.86584803,  0.03432568,  0.3180388 ,  1.17856627,
        2.77379934,  1.39432238, -0.62013833,  1.49098012,  1.24410699,
       -1.01462007,  1.1275559 ]), array([ 0.62735743,  0.86296746,  0.04151809,  0.32343185,  1.17342311,
        2.77927377,  1.34495614, -0.57611429,  1.43848285,  1.07860974,
       -1.02863078,  1.09488757]), array([ 0.63384552,  0.86029805,  0.04845934,  0.32802823,  1.16821069,
        2.7845915 ,  1.29761816, -0.53388204,  1.38824898,  0.91927518,
       -1.0424838 ,  1.06354432]), array([ 0.64010597,  0.85783117,  0.05515994,  0.33186126,  1.16292913,
        2.78975847,  1.25208927, -0.49337515,  1.34012104,  0.76660706,
       -1.0563128 ,  1.03339501]), array([ 0.64614688,  0.85555856,  0.0616298 ,  0.33496593,  1.15757829,
        2.79478012,  1.20818342, -0.45452354,  1.29397101,  0.62093256,
       -1.07016758,  1.00432887]), array([ 0.6519756 ,  0.85347228,  0.06787826,  0.33737811,  1.15215808,
        2.79966138,  1.16574242, -0.41725564,  1.24969292,  0.48243742,
       -1.08404169,  0.97625241]), array([ 0.65759875,  0.85156478,  0.07391425,  0.33913409,  1.14666862,
        2.80440681,  1.1246316 , -0.38150002,  1.20719705,  0.35119495,
       -1.0978924 ,  0.94908676]), array([ 0.66302243,  0.84982885,  0.07974628,  0.34027004,  1.14111034,
        2.80902064,  1.08473615, -0.3471866 ,  1.16640566,  0.22719002,
       -1.11165503,  0.92276528]), array([ 0.66825222,  0.84825761,  0.08538253,  0.34082173,  1.13548408,
        2.8135068 ,  1.04595801, -0.31424766,  1.12724968,  0.11033862,
       -1.12525308,  0.89723158]), array([ 6.73293291e-01,  8.46844515e-01,  9.08308573e-02,  3.40824251e-01,
        1.12979105e+00,  2.81786898e+00,  1.00821333e+00, -2.82618386e-01,
        1.08966627e+00,  5.04054021e-04, -1.13860531e+00,  8.72437749e-01]), array([ 0.67815044,  0.84558333,  0.09609884,  0.3403118 ,  1.1240329 ,
        2.8221107 ,  0.97143024, -0.25223745,  1.05359695, -0.10249004,
       -1.15163046,  0.84834289]), array([ 0.68282818,  0.84446809,  0.10119377,  0.33931756,  1.11821165,
        2.82623526,  0.935547  , -0.22304721,  1.01898632, -0.19884902,
       -1.16425034,  0.82491189]), array([ 0.68733073,  0.84349312,  0.10612268,  0.33787356,  1.11232969,
        2.83024583,  0.90051043, -0.19499397,  0.98578102, -0.28879864,
       -1.17639176,  0.80211436]), array([ 0.6916621 ,  0.84265298,  0.11089232,  0.33601067,  1.10638975,
        2.83414545,  0.86627461, -0.16802798,  0.95392908, -0.3725782 ,
       -1.18798755,  0.77992375]), array([ 0.6958261 ,  0.84194246,  0.11550922,  0.3337585 ,  1.10039487,
        2.83793703,  0.83279971, -0.14210347,  0.92337945, -0.45043503,
       -1.19897705,  0.75831669]), array([ 0.69982636,  0.84135657,  0.11997963,  0.33114539,  1.09434834,
        2.84162339,  0.80005104, -0.11717857,  0.89408167, -0.52262018,
       -1.20930611,  0.73727233]), array([ 0.70366635,  0.8408905 ,  0.12430956,  0.32819847,  1.0882537 ,
        2.84520725,  0.76799821, -0.09321518,  0.8659857 , -0.58938498,
       -1.2189269 ,  0.71677187]), array([ 0.70734942,  0.8405396 ,  0.12850477,  0.32494358,  1.08211471,
        2.84869124,  0.73661445, -0.07017887,  0.83904185, -0.65097842,
       -1.22779754,  0.6967982 ]), array([ 0.7108788 ,  0.84029941,  0.13257077,  0.32140535,  1.07593531,
        2.85207792,  0.705876  , -0.04803864,  0.81320072, -0.70764514,
       -1.23588156,  0.67733553]), array([ 0.71425761,  0.84016557,  0.13651284,  0.31760723,  1.06971957,
        2.85536977,  0.67576157, -0.0267668 ,  0.78841325, -0.75962389,
       -1.24314744,  0.65836917]), array([ 0.71748887,  0.84013388,  0.14033599,  0.3135715 ,  1.06347173,
        2.85856919,  0.6462519 , -0.0063387 ,  0.7646308 , -0.80714646,
       -1.24956802,  0.63988527]), array([ 0.72057551,  0.84020022,  0.14404502,  0.30931932,  1.05719613,
        2.86167855,  0.61732939,  0.01326744,  0.74180519, -0.85043685,
       -1.25512002,  0.62187073]), array([ 0.7235204 ,  0.84036057,  0.14764446,  0.30487076,  1.05089721,
        2.86470011,  0.58897776,  0.03207077,  0.71988886, -0.88971076,
       -1.25978352,  0.60431298]), array([ 0.72632631,  0.84061101,  0.15113864,  0.30024489,  1.0445795 ,
        2.86763611,  0.56118174,  0.05008799,  0.6988349 , -0.92517525,
       -1.26354153,  0.58719997]), array([ 0.72899595,  0.84094768,  0.15453162,  0.29545974,  1.03824761,
        2.87048871,  0.53392687,  0.06733362,  0.67859724, -0.95702859,
       -1.2663796 ,  0.57051999]), array([ 0.73153194,  0.84136678,  0.15782728,  0.29053244,  1.03190618,
        2.87326002,  0.50719925,  0.08382013,  0.65913069, -0.98546018,
       -1.26828542,  0.55426169]), array([ 0.73393687,  0.84186457,  0.16102923,  0.28547919,  1.02555994,
        2.87595209,  0.48098538,  0.09955823,  0.64039109, -1.01065065,
       -1.26924854,  0.53841399]), array([ 0.73621323,  0.84243736,  0.16414091,  0.28031533,  1.01921364,
        2.87856692,  0.45527199,  0.11455698,  0.62233537, -1.03277192,
       -1.26926013,  0.52296606]), array([ 0.73836346,  0.84308148,  0.16716552,  0.27505539,  1.01287207,
        2.88110646,  0.43004593,  0.12882404,  0.60492166, -1.05198744,
       -1.26831268,  0.50790727]), array([ 0.74038993,  0.84379331,  0.17010606,  0.26971313,  1.00654007,
        2.88357259,  0.40529404,  0.14236584,  0.58810936, -1.06845234,
       -1.26639989,  0.4932272 ]), array([ 0.74229494,  0.84456924,  0.17296536,  0.26430156,  1.00022249,
        2.88596717,  0.38100309,  0.1551877 ,  0.57185921, -1.08231376,
       -1.26351649,  0.47891562]), array([ 0.74408074,  0.84540571,  0.17574603,  0.25883301,  0.9939242 ,
        2.88829198,  0.35715967,  0.16729407,  0.55613333, -1.09371101,
       -1.2596581 ,  0.46496247]), array([ 0.74574949,  0.84629916,  0.1784505 ,  0.25331913,  0.98765009,
        2.89054877,  0.33375016,  0.17868861,  0.54089533, -1.10277593,
       -1.25482119,  0.45135786]), array([ 0.7473033 ,  0.84724603,  0.18108105,  0.24777096,  0.98140508,
        2.89273923,  0.31076067,  0.18937436,  0.52611026, -1.10963316,
       -1.24900295,  0.43809206]), array([ 0.74874418,  0.8482428 ,  0.18363978,  0.24219896,  0.97519407,
        2.89486501,  0.28817701,  0.19935389,  0.51174471, -1.1144004 ,
       -1.24220132,  0.42515553]), array([ 0.7500741 ,  0.84928595,  0.18612861,  0.23661302,  0.969022  ,
        2.89692771,  0.26598468,  0.20862939,  0.4977668 , -1.1171887 ,
       -1.23441487,  0.41253888]), array([ 0.75129495,  0.85037196,  0.18854934,  0.2310225 ,  0.96289378,
        2.89892887,  0.24416885,  0.21720281,  0.48414621, -1.11810279,
       -1.22564286,  0.40023292]), array([ 0.75240852,  0.85149734,  0.19090361,  0.2254363 ,  0.95681436,
        2.90087001,  0.22271435,  0.22507593,  0.47085417, -1.11724131,
       -1.21588521,  0.38822861]), array([ 0.75341655,  0.85265859,  0.19319293,  0.21986281,  0.95078864,
        2.9027526 ,  0.2016057 ,  0.2322505 ,  0.45786344, -1.11469713,
       -1.20514252,  0.37651711]), array([ 0.75432068,  0.85385223,  0.19541867,  0.21431002,  0.94482156,
        2.90457805,  0.18082709,  0.2387283 ,  0.44514836, -1.11055759,
       -1.19341603,  0.36508975]), array([ 0.7551225 ,  0.85507479,  0.1975821 ,  0.2087855 ,  0.93891803,
        2.90634774,  0.16036243,  0.24451121,  0.43268477, -1.10490481,
       -1.18070774,  0.35393807]), array([ 0.75582347,  0.8563228 ,  0.19968435,  0.20329642,  0.93308292,
        2.90806301,  0.14019534,  0.24960132,  0.42045001, -1.09781588,
       -1.16702035,  0.3430538 ]), array([ 0.75642502,  0.8575928 ,  0.20172646,  0.1978496 ,  0.92732114,
        2.90972515,  0.12030922,  0.25400094,  0.40842291, -1.08936318,
       -1.15235732,  0.33242886]), array([ 0.75692846,  0.85888136,  0.20370938,  0.19245153,  0.92163752,
        2.91133543,  0.10068725,  0.25771273,  0.39658376, -1.07961459,
       -1.13672288,  0.3220554 ]), array([ 0.75733502,  0.86018506,  0.20563395,  0.18710836,  0.91603691,
        2.91289506,  0.08131244,  0.26073966,  0.38491421, -1.06863374,
       -1.12012211,  0.31192575]), array([ 0.75764586,  0.86150049,  0.20750094,  0.18182596,  0.91052411,
        2.91440522,  0.06216767,  0.26308515,  0.37339734, -1.05648021,
       -1.10256091,  0.30203249]), array([ 0.75783039,  0.86274417,  0.20919513,  0.17677049,  0.90489826,
        2.91585164,  0.03690661,  0.24873579,  0.33883807, -1.01109486,
       -1.1251687 ,  0.2892844 ])], 'U_history': [array([ 1.72317033e-03,  8.53797935e-06, -8.99270995e-05, -7.16701426e-04,
       -6.28071246e-04,  2.81348315e-19]), array([ 0.01524137,  0.05559877, -0.01794762, -0.00919842,  0.13514872,
        0.00740619]), array([ 0.02888656,  0.11060256, -0.0273552 , -0.01709589,  0.24288937,
        0.01190242]), array([ 0.0425472 ,  0.16470884, -0.03018095, -0.0243859 ,  0.32899493,
        0.01470359]), array([ 0.05614104,  0.21770673, -0.02788712, -0.03107145,  0.39839566,
        0.01650163]), array([ 0.06960912,  0.26946473, -0.02161706, -0.03717556,  0.45489249,
        0.01769489]), array([ 0.08291087,  0.31991505, -0.01226253, -0.04273483,  0.50141912,
        0.01851579]), array([ 9.60197469e-02,  3.69040642e-01, -5.16648047e-04, -4.77937749e-02,
        5.40242672e-01,  1.91020880e-02]), array([ 0.10891944,  0.41686344,  0.01308371, -0.05240033,  0.57311691,
        0.019537  ]), array([ 0.12160088,  0.46343354,  0.02812363, -0.0566027 ,  0.60139914,
        0.01987182]), array([ 0.13406023,  0.50882011,  0.04428286, -0.0604473 ,  0.62613972,
        0.02013891]), array([ 0.14629773,  0.55310449,  0.06131461, -0.06397766,  0.64815117,
        0.02035913]), array([ 0.15831698,  0.59637545,  0.07902929, -0.06723384,  0.66806185,
        0.02054625]), array([ 0.17012439,  0.63872603,  0.09728216, -0.07025227,  0.6863577 ,
        0.02070951]), array([ 0.18172879,  0.68025144,  0.11596385, -0.07306563,  0.7034147 ,
        0.02085525]), array([ 0.19314091,  0.72104769,  0.13499296, -0.07570303,  0.71952402,
        0.02098784]), array([ 0.20437298,  0.76121046,  0.15431031, -0.07819019,  0.73491148,
        0.02111039]), array([ 0.2154383 ,  0.80083429,  0.17387432, -0.08054963,  0.74975245,
        0.02122508]), array([ 0.22635089,  0.84001196,  0.19365731, -0.08280096,  0.76418345,
        0.02133348]), array([ 0.2371252 ,  0.87883392,  0.21364256, -0.08496117,  0.77831095,
        0.02143673]), array([ 0.25035534,  0.91394851,  0.23147117, -0.08833467,  0.79058822,
        0.02153567]), array([ 0.26106685,  0.95198703,  0.25165529, -0.09033226,  0.80436561,
        0.02160994]), array([ 0.27168794,  0.98991896,  0.27203532, -0.0922926 ,  0.81801364,
        0.021691  ]), array([ 0.28223201,  1.02782198,  0.29261786, -0.0942214 ,  0.83157858,
        0.02177437]), array([ 0.29271186,  1.06576978,  0.31341236, -0.09612363,  0.84509667,
        0.02185777]), array([ 0.30313957,  1.10383183,  0.33443015, -0.09800358,  0.8585962 ,
        0.02194005]), array([ 0.31352642,  1.14207319,  0.35568362, -0.09986486,  0.87209914,
        0.02202071]), array([ 0.32388279,  1.18055428,  0.37718553, -0.10171046,  0.88562235,
        0.02209958]), array([ 0.33421812,  1.21933071,  0.39894845, -0.10354279,  0.89917853,
        0.02217666]), array([ 0.34454084,  1.25845312,  0.42098428, -0.10536376,  0.91277688,
        0.02225201]), array([ 0.35485833,  1.29796701,  0.44330384, -0.1071748 ,  0.92642368,
        0.02232576]), array([ 0.36517689,  1.33791266,  0.46591651, -0.10897693,  0.94012267,
        0.02239805]), array([ 0.37550172,  1.37832494,  0.48882993, -0.11077078,  0.95387537,
        0.02246902]), array([ 0.38583688,  1.41923327,  0.51204978, -0.11255665,  0.96768128,
        0.0225388 ]), array([ 0.3961853 ,  1.4606615 ,  0.53557957, -0.11433452,  0.98153811,
        0.02260752]), array([ 0.40654877,  1.50262787,  0.55942041, -0.11610411,  0.9954419 ,
        0.0226753 ]), array([ 0.41692795,  1.54514493,  0.58357096, -0.11786487,  1.00938711,
        0.02274226]), array([ 0.42732237,  1.58821955,  0.60802723, -0.11961605,  1.02336674,
        0.0228085 ]), array([ 0.43773044,  1.63185286,  0.63278257, -0.12135669,  1.03737239,
        0.0228741 ]), array([ 0.44814951,  1.6760403 ,  0.65782754, -0.12308564,  1.05139436,
        0.02293915]), array([ 0.46499162,  1.71600065,  0.67988857, -0.12775275,  1.0633128 ,
        0.02300371]), array([ 0.47557546,  1.76107785,  0.70540245, -0.12927297,  1.07749465,
        0.02302317]), array([ 0.4861482 ,  1.80667241,  0.73116894, -0.13081634,  1.09161525,
        0.0230658 ]), array([ 0.49670397,  1.85275677,  0.75716577, -0.13237298,  1.1056703 ,
        0.02312027]), array([ 0.50723576,  1.8992983 ,  0.78336847, -0.13393465,  1.11965213,
        0.0231805 ]), array([ 0.51773556,  1.94625938,  0.80975032, -0.13549436,  1.13355031,
        0.02324327]), array([ 0.52819443,  1.99359754,  0.83628233, -0.1370461 ,  1.14735222,
        0.02330691]), array([ 0.5386026 ,  2.04126563,  0.86293329, -0.13858461,  1.16104338,
        0.02337055]), array([ 0.54894954,  2.089212  ,  0.8896698 , -0.14010524,  1.1746078 ,
        0.02343376]), array([ 0.55922407,  2.13738072,  0.91645636, -0.14160381,  1.18802829,
        0.02349634]), array([ 0.56941445,  2.18571183,  0.9432555 , -0.14307656,  1.20128664,
        0.02355818]), array([ 0.57950843,  2.23414163,  0.97002793, -0.14452005,  1.21436385,
        0.02361921]), array([ 0.58949336,  2.28260291,  0.99673266, -0.14593113,  1.22724032,
        0.02367939]), array([ 0.59935627,  2.33102533,  1.02332721, -0.14730688,  1.23989599,
        0.02373868]), array([ 0.60908397,  2.37933566,  1.04976778, -0.14864461,  1.2523105 ,
        0.02379702]), array([ 0.61866308,  2.42745824,  1.07600944, -0.14994182,  1.26446333,
        0.02385434]), array([ 0.6280802 ,  2.47531522,  1.10200636, -0.15119619,  1.27633394,
        0.02391055]), array([ 0.6373219 ,  2.52282699,  1.12771201, -0.15240557,  1.28790189,
        0.02396558]), array([ 0.64637486,  2.56991256,  1.15307939, -0.15356797,  1.29914694,
        0.02401932]), array([ 0.65522592,  2.61648991,  1.17806125, -0.15468157,  1.3100492 ,
        0.02407165]), array([ 0.6417102 ,  2.70280376,  1.2302109 , -0.1447937 ,  1.34054578,
        0.02412247]), array([ 0.65001813,  2.74869075,  1.2542335 , -0.14668126,  1.34867162,
        0.0243953 ]), array([ 0.65811343,  2.79368929,  1.27763983, -0.14834776,  1.35682469,
        0.0245457 ]), array([ 0.66598092,  2.83773026,  1.30040412, -0.14982864,  1.36488544,
        0.0246318 ]), array([ 0.67360668,  2.88074297,  1.32249607, -0.15115117,  1.37275915,
        0.02468462]), array([ 0.68097794,  2.9226561 ,  1.34388246, -0.15233649,  1.38037038,
        0.02472046]), array([ 0.68808295,  2.96339854,  1.36452841, -0.15340117,  1.38765874,
        0.02474771]), array([ 0.69491102,  3.00290008,  1.38439838, -0.15435827,  1.39457563,
        0.02477049]), array([ 0.70145239,  3.04109203,  1.40345698, -0.15521817,  1.40108189,
        0.02479069]), array([ 0.70769832,  3.07790776,  1.42166954, -0.15598919,  1.40714585,
        0.02480904]), array([ 0.71364097,  3.11328322,  1.43900272, -0.15667805,  1.412742  ,
        0.0248257 ]), array([ 0.71927347,  3.1471573 ,  1.45542484, -0.15729025,  1.41784985,
        0.02484054]), array([ 0.72458988,  3.17947226,  1.47090625, -0.15783034,  1.42245314,
        0.02485334]), array([ 0.72958518,  3.21017404,  1.4854196 , -0.15830216,  1.42653922,
        0.02486385]), array([ 0.73425529,  3.23921255,  1.49894005, -0.158709  ,  1.43009851,
        0.0248718 ]), array([ 0.73859703,  3.26654193,  1.51144547, -0.15905373,  1.4331242 ,
        0.02487697]), array([ 0.74260814,  3.29212075,  1.52291655, -0.15933895,  1.43561192,
        0.02487918]), array([ 0.74628723,  3.31591222,  1.53333691, -0.15956699,  1.4375595 ,
        0.02487826]), array([ 0.74963381,  3.3378843 ,  1.5426932 , -0.15974008,  1.43896681,
        0.0248741 ]), array([ 0.75264824,  3.35800985,  1.55097515, -0.1598603 ,  1.4398356 ,
        0.02486659]), array([ 0.75295443,  3.36173566,  1.54823   , -0.15943701,  1.4324825 ,
        0.02485567]), array([ 0.75532127,  3.3780766 ,  1.55448054, -0.15950809,  1.43315193,
        0.02481815]), array([ 0.75737041,  3.39257251,  1.55967935, -0.15952879,  1.43312851,
        0.02478922]), array([ 0.7591041 ,  3.4052098 ,  1.5638198 , -0.15950058,  1.43246002,
        0.02476305]), array([ 0.76052554,  3.41598105,  1.5669005 , -0.15942533,  1.43118631,
        0.02473657]), array([ 0.76163881,  3.42488472,  1.56892467, -0.15930513,  1.42934144,
        0.02470819]), array([ 0.76244875,  3.43192489,  1.56989968, -0.15914223,  1.4269552 ,
        0.02467715]), array([ 0.76296098,  3.437111  ,  1.56983661, -0.15893896,  1.42405436,
        0.02464309]), array([ 0.76318175,  3.44045762,  1.56874995, -0.15869765,  1.42066351,
        0.0246059 ]), array([ 0.76311797,  3.44198426,  1.5666573 , -0.15842064,  1.41680578,
        0.0245656 ]), array([ 0.76277708,  3.44171509,  1.56357911, -0.15811024,  1.4125033 ,
        0.02452224]), array([ 0.76216704,  3.43967874,  1.55953847, -0.15776875,  1.40777756,
        0.02447594]), array([ 0.76129627,  3.4359081 ,  1.55456091, -0.15739841,  1.40264969,
        0.02442683]), array([ 0.76017361,  3.43044004,  1.54867415, -0.15700141,  1.39714063,
        0.02437504]), array([ 0.75880824,  3.42331521,  1.54190797, -0.15657989,  1.39127122,
        0.02432072]), array([ 0.75720967,  3.41457778,  1.53429403, -0.15613594,  1.38506231,
        0.02426403]), array([ 0.75538768,  3.40427522,  1.52586563, -0.1556716 ,  1.37853478,
        0.02420512]), array([ 0.75335228,  3.392458  ,  1.51665762, -0.15518882,  1.37170956,
        0.02414416]), array([ 0.75111365,  3.37917938,  1.50670614, -0.15468951,  1.36460762,
        0.02408131]), array([ 0.74868215,  3.36449517,  1.49604855, -0.15417551,  1.35724992,
        0.02401675]), array([ 0.7460682 ,  3.34846339,  1.48472318, -0.15364858,  1.34965743,
        0.02395065]), array([ 0.74328234,  3.33114413,  1.47276921, -0.15311042,  1.34185106,
        0.02388319]), array([ 0.74033512,  3.31259919,  1.4602265 , -0.15256265,  1.33385161,
        0.02381453]), array([ 0.73723708,  3.29289187,  1.44713544, -0.15200684,  1.32567972,
        0.02374487]), array([ 0.73399877,  3.27208675,  1.43353678, -0.15144445,  1.31735585,
        0.02367438]), array([ 0.73063064,  3.25024938,  1.41947149, -0.15087689,  1.30890019,
        0.02360323]), array([ 0.72714309,  3.22744606,  1.40498062, -0.15030549,  1.30033265,
        0.02353161]), array([ 0.72354638,  3.20374363,  1.39010514, -0.14973149,  1.29167277,
        0.02345969]), array([ 0.71985065,  3.17920922,  1.37488586, -0.14915609,  1.28293973,
        0.02338764]), array([ 0.71606586,  3.15391002,  1.35936321, -0.14858038,  1.27415224,
        0.02331564]), array([ 0.71220182,  3.12791306,  1.34357721, -0.14800538,  1.26532856,
        0.02324384]), array([ 0.70826812,  3.10128505,  1.3275673 , -0.14743205,  1.25648642,
        0.02317242]), array([ 0.70427414,  3.07409212,  1.31137224, -0.14686128,  1.24764301,
        0.02310153]), array([ 0.70022902,  3.0463997 ,  1.29503004, -0.14629387,  1.23881494,
        0.02303132]), array([ 0.69614168,  3.01827228,  1.27857782, -0.14573056,  1.23001821,
        0.02296194]), array([ 0.69202074,  2.98977332,  1.26205176, -0.14517205,  1.22126819,
        0.02289353]), array([ 0.68787459,  2.96096502,  1.245487  , -0.14461893,  1.21257961,
        0.02282623]), array([ 0.68371132,  2.93190824,  1.22891756, -0.14407176,  1.20396653,
        0.02276016]), array([ 0.67953874,  2.90266234,  1.21237634, -0.14353103,  1.1954423 ,
        0.02269545]), array([ 0.67536438,  2.87328506,  1.19589496, -0.14299719,  1.18701962,
        0.02263221]), array([ 0.67119546,  2.84383243,  1.17950381, -0.14247061,  1.17871046,
        0.02257055]), array([ 0.66703889,  2.81435867,  1.16323195, -0.14195162,  1.1705261 ,
        0.02251057]), array([ 0.66290129,  2.7849161 ,  1.1471071 , -0.14144052,  1.1624771 ,
        0.02245237]), array([ 0.65878898,  2.75555506,  1.1311556 , -0.14093755,  1.15457333,
        0.02239602]), array([ 0.65470795,  2.72632387,  1.11540239, -0.14044289,  1.14682396,
        0.02234161]), array([ 0.65066391,  2.69726876,  1.09987101, -0.13995672,  1.13923745,
        0.02228921]), array([ 0.64666225,  2.66843384,  1.0845836 , -0.13947917,  1.13182157,
        0.02223888]), array([ 0.64270805,  2.63986106,  1.06956086, -0.13901031,  1.12458345,
        0.02219068]), array([ 0.6388061 ,  2.61159019,  1.05482208, -0.13855023,  1.11752952,
        0.02214465]), array([ 0.63496091,  2.58365881,  1.04038515, -0.13809895,  1.11066557,
        0.02210084]), array([ 0.63117666,  2.55610232,  1.02626657, -0.13765648,  1.10399676,
        0.02205929]), array([ 0.62745727,  2.5289539 ,  1.01248147, -0.13722281,  1.09752763,
        0.02202002]), array([ 0.62380637,  2.50224458,  0.99904362, -0.13679792,  1.09126214,
        0.02198305]), array([ 0.62022732,  2.47600322,  0.98596548, -0.13638175,  1.08520364,
        0.0219484 ]), array([ 0.61672319,  2.45025652,  0.9732582 , -0.13597423,  1.07935495,
        0.02191609]), array([ 0.6132968 ,  2.42502911,  0.96093168, -0.1355753 ,  1.07371832,
        0.02188611]), array([ 0.60995071,  2.40034352,  0.9489946 , -0.13518486,  1.06829552,
        0.02185846]), array([ 0.60668723,  2.3762203 ,  0.93745443, -0.1348028 ,  1.06308781,
        0.02183314]), array([ 0.60350842,  2.35267796,  0.92631752, -0.13442902,  1.05809597,
        0.02181014]), array([ 0.60041613,  2.32973313,  0.9155891 , -0.1340634 ,  1.05332034,
        0.02178943]), array([ 60.,  60.,  30., -10.,  10.,  10.]), array([ 60.        , -60.        ,   6.32171568,  10.        ,
        10.        , -10.        ]), array([39.85857331, 60.        , 13.42167935, 10.        ,  8.87501057,
       10.        ]), array([ 17.24292592, -60.        , -10.75651616, -10.        ,
        -4.34415568, -10.        ]), array([  9.36236291, -60.        ,   9.88567289, -10.        ,
         5.10529717, -10.        ]), array([ 5.28677801, 60.        , 13.0525759 , 10.        ,  6.7376375 ,
       10.        ]), array([  6.85254517, -60.        ,  -5.52049796, -10.        ,
        -0.65786954, -10.        ]), array([ 5.09215726, 60.        , 11.34402706, 10.        ,  4.24391544,
       10.        ]), array([  5.79366961,  60.        ,  -2.48101922,  10.        ,
        -0.87581618, -10.        ]), array([  5.12766185, -60.        , -14.7120688 , -10.        ,
        -5.65323237,  10.        ]), array([  7.27015564, -60.        ,  11.34441076, -10.        ,
         6.09243398,  10.        ]), array([  7.69351895,  60.        ,  13.16270464,  10.        ,
         5.95065729, -10.        ]), array([  7.99576942, -60.        ,  -4.74517218,  10.        ,
        -0.33759643,  10.        ]), array([  6.52578926,  60.        ,  11.58345254, -10.        ,
         4.18276291, -10.        ]), array([  6.86035962, -60.        ,  -7.96849432,  10.        ,
        -3.07159958,  10.        ]), array([  8.60237484,  60.        ,  14.5903212 , -10.        ,
         6.89983192, -10.        ]), array([  6.69655415, -60.        ,  -7.02115206,  10.        ,
        -2.52023171,  10.        ]), array([10.34110035, 60.        , 11.98393854, 10.        ,  5.68123084,
       10.        ]), array([ 10.07682522, -60.        ,  -4.21007768, -10.        ,
        -0.71130891, -10.        ]), array([ 8.70262013, 60.        , 12.25159164, 10.        ,  4.80562071,
       10.        ]), array([ 3.73505427, 12.        ,  1.45315119,  2.        , -1.23263117,
        2.        ]), array([ 10.77763094, -60.        ,   0.49510731, -10.        ,
         1.06718467, -10.        ]), array([ 8.66066059, 60.        , 10.43249775, 10.        ,  2.72415181,
       10.        ]), array([ 12.57002402, -60.        ,   4.86969339, -10.        ,
         0.83806924, -10.        ]), array([  5.69334006, -60.        ,  14.49278623, -10.        ,
         6.78682291, -10.        ]), array([  3.00032341, -36.        ,   3.80017533,   6.        ,
         1.05554649,   6.        ]), array([  0.84672393, -12.        ,   3.11690858,   2.        ,
         1.33332052,  -2.        ]), array([  1.77146703,  60.        ,  16.96665244, -10.        ,
         6.22215551,  10.        ]), array([13.79600584, 48.        ,  4.48312275,  8.        ,  0.68419795,
        8.        ]), array([ 8.72774213, 36.        ,  1.33995878, -6.        , -0.22923305,
       -6.        ]), array([  6.78163015, -24.        ,   4.52500234,  -4.        ,
         1.66806501,  -4.        ]), array([ 0.,  0.,  0., -0.,  0.,  0.]), array([ 56.60332613, -60.        ,  15.77478351,  10.        ,
         2.67333497,  10.        ]), array([ 0., -0.,  0.,  0.,  0., -0.]), array([24.        , 24.        , -3.5445901 ,  4.        , -0.88747338,
       -4.        ]), array([-1.82874623e+01, -1.17537020e+01, -9.36988353e+00,  1.00000000e+01,
       -7.50109540e+00, -1.45648786e-15]), array([-1.23893252e+01, -8.55555741e+00, -7.07043213e+00,  7.00138750e+00,
       -5.91983168e+00, -1.23313852e-15]), array([-8.92558487e+00, -5.33176351e+00, -4.66770889e+00,  5.03519678e+00,
       -4.13166670e+00, -2.37931259e-16]), array([-6.29990353e+00, -2.77231399e+00, -2.75353077e+00,  3.50835323e+00,
       -2.71508332e+00, -1.75382091e-15]), array([-4.19187011e+00, -8.27017523e-01, -1.30314076e+00,  2.26551069e+00,
       -1.66531983e+00, -8.63863428e-16]), array([-2.50517203e+00,  6.49587942e-01, -2.06849626e-01,  1.25900191e+00,
       -8.92560932e-01, -1.56327506e-16]), array([-1.16120011e+00,  1.76693405e+00,  6.18694972e-01,  4.48558850e-01,
       -3.28136791e-01, -5.73828398e-17]), array([-9.58673918e-02,  2.60797116e+00,  1.23703414e+00, -1.99669888e-01,
        8.02653468e-02,  1.72226492e-16]), array([ 7.43059116e-01,  3.23600574e+00,  1.69674455e+00, -7.14041726e-01,
        3.72370022e-01, -1.40583290e-16]), array([ 1.39815898e+00,  3.69964546e+00,  2.03505698e+00, -1.11824781e+00,
        5.78251344e-01,  1.80303075e-16]), array([ 1.90415617e+00,  4.03641024e+00,  2.28057009e+00, -1.43203690e+00,
        7.20607767e-01,  4.02463408e-16]), array([ 2.28938080e+00,  4.27539339e+00,  2.45529400e+00, -1.67183906e+00,
        8.16515273e-01,  1.00191228e-15]), array([ 2.57695495e+00,  4.43923938e+00,  2.57619464e+00, -1.85129786e+00,
        8.78773935e-01,  7.50187809e-16]), array([ 2.78575444e+00,  4.54562560e+00,  2.65636496e+00, -1.98172195e+00,
        9.16939474e-01,  1.01944907e-15]), array([ 2.93118935e+00,  4.60838076e+00,  2.70591576e+00, -2.07246673e+00,
        9.38111786e-01,  4.51417905e-16]), array([ 3.02583828e+00,  4.63833512e+00,  2.73265556e+00, -2.13125594e+00,
        9.47536570e-01,  1.40542916e-15]), array([ 3.07996473e+00,  4.64397121e+00,  2.74261090e+00, -2.16445238e+00,
        9.49063516e-01,  1.35762544e-15]), array([ 3.10193804e+00,  4.63192508e+00,  2.74042582e+00, -2.17728521e+00,
        9.45494640e-01,  5.62777260e-16]), array([ 3.09857718e+00,  4.60737491e+00,  2.72966948e+00, -2.17404085e+00,
        9.38848584e-01,  2.24228358e-16]), array([ 3.07543190e+00,  4.57434393e+00,  2.71307378e+00, -2.15822287e+00,
        9.30560764e-01,  9.48458076e-16]), array([ 3.03701291e+00,  4.53593806e+00,  2.69271750e+00, -2.13268598e+00,
        9.21634569e-01, -2.24817578e-16]), array([ 2.98698043e+00,  4.49453327e+00,  2.67016945e+00, -2.09974803e+00,
        9.12755313e-01,  9.25107556e-16]), array([ 2.92829874e+00,  4.45192399e+00,  2.64660004e+00, -2.06128365e+00,
        9.04375860e-01,  4.87416177e-16]), array([ 2.86336296e+00,  4.40944131e+00,  2.62286851e+00, -2.01880224e+00,
        8.96780748e-01, -1.77276773e-16]), array([ 2.79410285e+00,  4.36804746e+00,  2.59959141e+00, -1.97351309e+00,
        8.90134039e-01,  5.19579625e-16]), array([ 2.72206793e+00,  4.32841158e+00,  2.57719635e+00, -1.92637934e+00,
        8.84514861e-01,  5.23155766e-16]), array([ 2.64849719e+00,  4.29097075e+00,  2.55596444e+00, -1.87816295e+00,
        8.79943664e-01,  5.14229127e-16]), array([ 2.57437606e+00,  4.25597923e+00,  2.53606374e+00, -1.82946181e+00,
        8.76401504e-01,  9.84207768e-16]), array([ 2.50048309e+00,  4.22354833e+00,  2.51757575e+00, -1.78074049e+00,
        8.73844089e-01,  7.22795470e-16]), array([ 2.42742794e+00,  4.19367860e+00,  2.50051639e+00, -1.73235555e+00,
        8.72211912e-01,  7.62732731e-16]), array([ 2.35568250e+00,  4.16628602e+00,  2.48485260e+00, -1.68457641e+00,
        8.71437470e-01,  6.14440160e-16]), array([ 2.28560617e+00,  4.14122320e+00,  2.47051554e+00, -1.63760242e+00,
        8.71450329e-01,  8.15805622e-16]), array([ 2.21746647e+00,  4.11829654e+00,  2.45741096e+00, -1.59157687e+00,
        8.72180586e-01,  2.84735481e-16]), array([ 2.15145584,  4.09728013,  2.44542748, -1.54659842,  0.87356117,
        0.        ]), array([ 2.08770528e+00,  4.07792693e+00,  2.43444302e+00, -1.50273034e+00,
        8.75529294e-01,  3.77043103e-16]), array([ 2.02629546e+00,  4.05997783e+00,  2.42432991e+00, -1.46000807e+00,
        8.78027288e-01, -1.56956469e-16]), array([ 1.96726575e+00,  4.04316878e+00,  2.41495883e+00, -1.41844531e+00,
        8.81003004e-01, -2.67892373e-16]), array([ 1.91062160e+00,  4.02723652e+00,  2.40620184e+00, -1.37803885e+00,
        8.84409909e-01,  6.59084834e-17]), array([ 1.85634052e+00,  4.01192309e+00,  2.39793473e+00, -1.33877260e+00,
        8.88206974e-01,  7.83921153e-16]), array([ 1.80437708e+00,  3.99697926e+00,  2.39003870e+00, -1.30062063e+00,
        8.92358422e-01,  8.35885456e-16]), array([ 1.75466687e+00,  3.98216720e+00,  2.38240166e+00, -1.26354971e+00,
        8.96833390e-01, -1.89164208e-16]), array([ 1.70712988e+00,  3.96726242e+00,  2.37491906e+00, -1.22752129e+00,
        9.01605534e-01,  7.09826206e-16]), array([ 1.66167331e+00,  3.95205515e+00,  2.36749451e+00, -1.19249303e+00,
        9.06652625e-01,  1.83401872e-16]), array([ 1.61819383e+00,  3.93635129e+00,  2.36004006e+00, -1.15842006e+00,
        9.11956121e-01,  5.70650880e-16]), array([ 1.57657958e+00,  3.91997294e+00,  2.35247636e+00, -1.12525591e+00,
        9.17500765e-01, -4.35210052e-16]), array([ 1.53671182e+00,  3.90275866e+00,  2.34473262e+00, -1.09295325e+00,
        9.23274184e-01,  3.30663918e-16]), array([ 1.49846640e+00,  3.88456343e+00,  2.33674650e+00, -1.06146450e+00,
        9.29266521e-01,  3.68384803e-16]), array([ 1.46171499e+00,  3.86525844e+00,  2.32846383e+00, -1.03074223e+00,
        9.35470086e-01, -6.75949028e-18]), array([ 1.42632614e+00,  3.84473075e+00,  2.31983834e+00, -1.00073954e+00,
        9.41879037e-01,  2.01724900e-16]), array([ 1.39216632e+00,  3.82288274e+00,  2.31083127e+00, -9.71410293e-01,
        9.48489091e-01,  5.13537929e-16]), array([ 1.35910075e+00,  3.79963155e+00,  2.30141101e+00, -9.42709329e-01,
        9.55297252e-01,  7.21763180e-17]), array([ 1.32699422e+00,  3.77490841e+00,  2.29155266e+00, -9.14592609e-01,
        9.62301583e-01,  3.92095972e-16]), array([ 1.29571174e+00,  3.74865789e+00,  2.28123758e+00, -8.87017333e-01,
        9.69500987e-01,  4.75963392e-16]), array([ 1.26511928e+00,  3.72083718e+00,  2.27045295e+00, -8.59942023e-01,
        9.76895024e-01,  4.04876768e-16]), array([ 1.23508430e+00,  3.69141529e+00,  2.25919135e+00, -8.33326589e-01,
        9.84483742e-01, -1.52997294e-16]), array([ 1.20547635e+00,  3.66037228e+00,  2.24745027e+00, -8.07132374e-01,
        9.92267538e-01, -2.85859000e-16]), array([ 1.17616755e+00,  3.62769844e+00,  2.23523173e+00, -7.81322193e-01,
        1.00024703e+00, -1.10382627e-16]), array([ 1.14703307e+00,  3.59339358e+00,  2.22254180e+00, -7.55860353e-01,
        1.00842295e+00,  2.28629402e-16]), array([ 1.11795155e+00,  3.55746621e+00,  2.20939021e+00, -7.30712671e-01,
        1.01679605e+00, -6.21924454e-17]), array([ 1.08880555e+00,  3.51993284e+00,  2.19578999e+00, -7.05846482e-01,
        1.02536705e+00, -5.66813311e-16]), array([ 1.05948182e+00,  3.48081723e+00,  2.18175703e+00, -6.81230642e-01,
        1.03413653e+00,  1.97091766e-16]), array([0., 0., 0., 0., 0., 0.])], 'ball_pos_history': [array([ 0.60608438, -7.94933963,  1.26288562]), array([ 0.59819729, -7.9050362 ,  1.24832277]), array([ 0.59031019, -7.86073277,  1.23351467]), array([ 0.5824231 , -7.81642934,  1.21846133]), array([ 0.574536  , -7.77212591,  1.20316273]), array([ 0.56664891, -7.72782249,  1.18761888]), array([ 0.55876181, -7.68351906,  1.17182978]), array([ 0.55087472, -7.63921563,  1.15579544]), array([ 0.54298762, -7.5949122 ,  1.13951584]), array([ 0.53510053, -7.55060877,  1.12299099]), array([ 0.52721344, -7.50630535,  1.10622089]), array([ 0.51932634, -7.46200192,  1.08920555]), array([ 0.51143925, -7.41769849,  1.07194495]), array([ 0.50355215, -7.37339506,  1.0544391 ]), array([ 0.49566506, -7.32909163,  1.03668801]), array([ 0.48777796, -7.28478821,  1.01869166]), array([ 0.47989087, -7.24048478,  1.00045006]), array([ 0.47200377, -7.19618135,  0.98196321]), array([ 0.46411668, -7.15187792,  0.96323112]), array([ 0.45622958, -7.10757449,  0.94425377]), array([ 0.44834249, -7.06327107,  0.92503117]), array([ 0.44045539, -7.01896764,  0.90556332]), array([ 0.4325683 , -6.97466421,  0.88585023]), array([ 0.4246812 , -6.93036078,  0.86589188]), array([ 0.41679411, -6.88605735,  0.84568828]), array([ 0.40890701, -6.84175393,  0.82523943]), array([ 0.40101992, -6.7974505 ,  0.80454534]), array([ 0.39313282, -6.75314707,  0.78360599]), array([ 0.38524573, -6.70884364,  0.76242139]), array([ 0.37735863, -6.66454021,  0.74099154]), array([ 0.36947154, -6.62023679,  0.71931645]), array([ 0.36158444, -6.57593336,  0.6973961 ]), array([ 0.35369735, -6.53162993,  0.6752305 ]), array([ 0.34581025, -6.4873265 ,  0.65281965]), array([ 0.33792316, -6.44302307,  0.63016356]), array([ 0.33003606, -6.39871965,  0.60726221]), array([ 0.32214897, -6.35441622,  0.58411561]), array([ 0.31426187, -6.31011279,  0.56072376]), array([ 0.30637478, -6.26580936,  0.53708667]), array([ 0.29848769, -6.22150593,  0.51320432]), array([ 0.29060059, -6.17720251,  0.48907672]), array([ 0.2827135 , -6.13289908,  0.46470388]), array([ 0.2748264 , -6.08859565,  0.44008578]), array([ 0.26693931, -6.04429222,  0.41522243]), array([ 0.25905221, -5.99998879,  0.39011383]), array([ 0.25116512, -5.95568537,  0.36475999]), array([ 0.24327802, -5.91138194,  0.33916089]), array([ 0.23539093, -5.86707851,  0.31331654]), array([ 0.22750383, -5.82277508,  0.28722694]), array([ 0.21961674, -5.77847165,  0.2608921 ]), array([ 0.21172964, -5.73416823,  0.234312  ]), array([ 0.20384255, -5.6898648 ,  0.20748665]), array([ 0.19595545, -5.64556137,  0.18041605]), array([ 0.18806836, -5.60125794,  0.15310021]), array([ 0.18018126, -5.55695451,  0.12553911]), array([ 0.17229417, -5.51265109,  0.09773276]), array([ 0.16440707, -5.46834766,  0.06968116]), array([ 0.15651998, -5.42404423,  0.04138432]), array([ 0.14863288, -5.3797408 ,  0.033     ]), array([ 0.14114014, -5.33765254,  0.05416132]), array([ 0.1336474 , -5.29556429,  0.0750774 ]), array([ 0.12615466, -5.25347603,  0.09574822]), array([ 0.11866192, -5.21138777,  0.11617379]), array([ 0.11116918, -5.16929952,  0.13635412]), array([ 0.10367644, -5.12721126,  0.15628919]), array([ 0.0961837 , -5.085123  ,  0.17597901]), array([ 0.08869096, -5.04303475,  0.19542358]), array([ 0.08119822, -5.00094649,  0.21462291]), array([ 0.07370548, -4.95885824,  0.23357698]), array([ 0.06621274, -4.91676998,  0.2522858 ]), array([ 0.05872   , -4.87468172,  0.27074938]), array([ 0.05122726, -4.83259347,  0.2889677 ]), array([ 0.04373452, -4.79050521,  0.30694077]), array([ 0.03624178, -4.74841695,  0.3246686 ]), array([ 0.02874904, -4.7063287 ,  0.34215117]), array([ 0.0212563 , -4.66424044,  0.35938849]), array([ 0.01376356, -4.62215218,  0.37638056]), array([ 0.00627082, -4.58006393,  0.39312739]), array([-1.22191820e-03, -4.53797567e+00,  4.09628961e-01]), array([-0.00871466, -4.49588741,  0.42588528]), array([-0.0162074 , -4.45379916,  0.44189636]), array([-0.02370014, -4.4117109 ,  0.45766218]), array([-0.03119288, -4.36962264,  0.47318275]), array([-0.03868562, -4.32753439,  0.48845808]), array([-0.04617836, -4.28544613,  0.50348815]), array([-0.0536711 , -4.24335787,  0.51827297]), array([-0.06116384, -4.20126962,  0.53281255]), array([-0.06865658, -4.15918136,  0.54710687]), array([-0.07614932, -4.1170931 ,  0.56115594]), array([-0.08364206, -4.07500485,  0.57495976]), array([-0.0911348 , -4.03291659,  0.58851834]), array([-0.09862754, -3.99082833,  0.60183166]), array([-0.10612028, -3.94874008,  0.61489973]), array([-0.11361302, -3.90665182,  0.62772256]), array([-0.12110576, -3.86456356,  0.64030013]), array([-0.1285985 , -3.82247531,  0.65263245]), array([-0.13609124, -3.78038705,  0.66471953]), array([-0.14358398, -3.73829879,  0.67656135]), array([-0.15107672, -3.69621054,  0.68815792]), array([-0.15856946, -3.65412228,  0.69950925]), array([-0.1660622 , -3.61203402,  0.71061532]), array([-0.17355494, -3.56994577,  0.72147614]), array([-0.18104768, -3.52785751,  0.73209171]), array([-0.18854042, -3.48576925,  0.74246204]), array([-0.19603316, -3.443681  ,  0.75258711]), array([-0.2035259 , -3.40159274,  0.76246693]), array([-0.21101864, -3.35950448,  0.77210151]), array([-0.21851138, -3.31741623,  0.78149083]), array([-0.22600412, -3.27532797,  0.7906349 ]), array([-0.23349686, -3.23323971,  0.79953373]), array([-0.2409896 , -3.19115146,  0.8081873 ]), array([-0.24848234, -3.1490632 ,  0.81659562]), array([-0.25597508, -3.10697494,  0.82475869]), array([-0.26346782, -3.06488669,  0.83267652]), array([-0.27096056, -3.02279843,  0.84034909]), array([-0.2784533 , -2.98071017,  0.84777641]), array([-0.28594604, -2.93862192,  0.85495849]), array([-0.29343878, -2.89653366,  0.86189531]), array([-0.30093152, -2.8544454 ,  0.86858688]), array([-0.30842426, -2.81235715,  0.87503321]), array([-0.315917  , -2.77026889,  0.88123428]), array([-0.32340974, -2.72818063,  0.8871901 ]), array([-0.33090248, -2.68609238,  0.89290068]), array([-0.33839522, -2.64400412,  0.898366  ]), array([-0.34588796, -2.60191586,  0.90358607]), array([-0.3533807 , -2.55982761,  0.90856089]), array([-0.36087344, -2.51773935,  0.91329047]), array([-0.36836618, -2.47565109,  0.91777479]), array([-0.37585892, -2.43356284,  0.92201386]), array([-0.38335166, -2.39147458,  0.92600769]), array([-0.3908444 , -2.34938632,  0.92975626]), array([-0.39833714, -2.30729807,  0.93325958]), array([-0.40582988, -2.26520981,  0.93651766]), array([-0.41332262, -2.22312155,  0.93953048]), array([-0.42081536, -2.1810333 ,  0.94229805]), array([-0.4283081 , -2.13894504,  0.94482037]), array([-0.43580084, -2.09685678,  0.94709745]), array([-0.44329358, -2.05476853,  0.94912927]), array([-0.45078632, -2.01268027,  0.95091584]), array([-0.45827906, -1.97059201,  0.95245717]), array([-0.4657718 , -1.92850376,  0.95375324]), array([-0.47326454, -1.8864155 ,  0.95480406]), array([-0.48075728, -1.84432724,  0.95560964]), array([-0.48825002, -1.80223899,  0.95616996]), array([-0.49574276, -1.76015073,  0.95648503]), array([-0.5032355 , -1.71806247,  0.95655486]), array([-0.51072824, -1.67597422,  0.95637943]), array([-0.51822098, -1.63388596,  0.95595875]), array([-0.52571372, -1.5917977 ,  0.95529282]), array([-0.53320646, -1.54970945,  0.95438165]), array([-0.5406992 , -1.50762119,  0.95322522]), array([-0.54819194, -1.46553293,  0.95182354]), array([-0.55568468, -1.42344468,  0.95017662]), array([-0.56317742, -1.38135642,  0.94828444]), array([-0.57067016, -1.33926817,  0.94614701]), array([-0.5781629 , -1.29717991,  0.94376434]), array([-0.58565564, -1.25509165,  0.94113641]), array([-0.59314839, -1.2130034 ,  0.93826323]), array([-0.60064113, -1.17091514,  0.93514481]), array([-0.60813387, -1.12882688,  0.93178113]), array([-0.61562661, -1.08673863,  0.9281722 ]), array([-0.62311935, -1.04465037,  0.92431802]), array([-0.63061209, -1.00256211,  0.9202186 ]), array([-0.63810483, -0.96047386,  0.91587392]), array([-0.64559757, -0.9183856 ,  0.91128399]), array([-0.65309031, -0.87629734,  0.90644882]), array([-0.66058305, -0.83420909,  0.90136839]), array([-0.66807579, -0.79212083,  0.89604271]), array([-0.67556853, -0.75003257,  0.89047179]), array([-0.68306127, -0.70794432,  0.88465561]), array([-0.69055401, -0.66585606,  0.87859418]), array([-0.69804675, -0.6237678 ,  0.8722875 ]), array([-0.70553949, -0.58167955,  0.86573558]), array([-0.71303223, -0.53959129,  0.8589384 ]), array([-0.72028631, -0.50145942,  0.85117249]), array([-0.70200695, -0.53021563,  0.8321425 ]), array([-0.68337352, -0.56301391,  0.81145903]), array([-0.66468114, -0.59625837,  0.79035137]), array([-0.64598876, -0.62950283,  0.76899845]), array([-0.62729638, -0.66274728,  0.74740029]), array([-0.60860401, -0.69599174,  0.72555687]), array([-0.58991163, -0.7292362 ,  0.70346821]), array([-0.57121925, -0.76248066,  0.68113429]), array([-0.55252687, -0.79572511,  0.65855513]), array([-0.5338345 , -0.82896957,  0.63573071]), array([-0.51514212, -0.86221403,  0.61266105]), array([-0.49644974, -0.89545849,  0.58934613]), array([-0.47775736, -0.92870295,  0.56578597]), array([-0.45906499, -0.9619474 ,  0.54198055]), array([-0.44037261, -0.99519186,  0.51792988]), array([-0.42168023, -1.02843632,  0.49363397]), array([-0.40298785, -1.06168078,  0.4690928 ]), array([-0.38429548, -1.09492523,  0.44430639]), array([-0.3656031 , -1.12816969,  0.41927472]), array([-0.34691072, -1.16141415,  0.39399781]), array([-0.32821834, -1.19465861,  0.36847564]), array([-0.30952597, -1.22790307,  0.34270823]), array([-0.29083359, -1.26114752,  0.31669556]), array([-0.27214121, -1.29439198,  0.29043765]), array([-0.25344884, -1.32763644,  0.26393448]), array([-0.23475646, -1.3608809 ,  0.23718607]), array([-0.21606408, -1.39412535,  0.2101924 ]), array([-0.1973717 , -1.42736981,  0.18295348]), array([-0.17867933, -1.46061427,  0.15546932]), array([-0.15998695, -1.49385873,  0.1277399 ]), array([-0.14129457, -1.52710319,  0.09976524]), array([-0.12260219, -1.56034764,  0.07154532]), array([-0.10390982, -1.5935921 ,  0.04308016]), array([-0.08521744, -1.62683656,  0.033     ]), array([-0.06745968, -1.65841879,  0.05428756]), array([-0.04970192, -1.69000103,  0.07532987]), array([-0.03194416, -1.72158326,  0.09612693]), array([-0.0141864 , -1.7531655 ,  0.11667875]), array([ 0.00357135, -1.78474773,  0.13698531]), array([ 0.02132911, -1.81632997,  0.15704662]), array([ 0.03908687, -1.8479122 ,  0.17686268]), array([ 0.05684463, -1.87949444,  0.19643349]), array([ 0.07460239, -1.91107667,  0.21575905]), array([ 0.09236015, -1.94265891,  0.23483937]), array([ 0.11011791, -1.97424114,  0.25367443]), array([ 0.12787566, -2.00582338,  0.27226424]), array([ 0.14563342, -2.03740561,  0.2906088 ]), array([ 0.16339118, -2.06898785,  0.30870811]), array([ 0.18114894, -2.10057008,  0.32656217]), array([ 0.1989067 , -2.13215232,  0.34417098]), array([ 0.21666446, -2.16373455,  0.36153455]), array([ 0.23442222, -2.19531679,  0.37865286]), array([ 0.25217997, -2.22689902,  0.39552592]), array([ 0.26993773, -2.25848126,  0.41215373]), array([ 0.28769549, -2.29006349,  0.42853629]), array([ 0.30545325, -2.32164573,  0.4446736 ]), array([ 0.32321101, -2.35322796,  0.46056567]), array([ 0.34096877, -2.3848102 ,  0.47621248]), array([ 0.35872653, -2.41639243,  0.49161404]), array([ 0.37648428, -2.44797467,  0.50677035]), array([ 0.39424204, -2.4795569 ,  0.52168141]), array([ 0.4119998 , -2.51113914,  0.53634722]), array([ 0.42975756, -2.54272137,  0.55076778])], 'distances_history': [7.670820388101245, 7.625126249944923, 7.579463297437532, 7.533831240366732, 7.488229917144857, 7.442659291257299, 7.397119449346868, 7.351610599733052, 7.306133070959714, 7.260687310323863, 7.215273882461583, 7.169893468080674, 7.124546862909327, 7.0792349769104295, 7.03395883379829, 6.988719570885239, 6.94351843927704, 6.89835680442775, 6.853236147057245, 6.808158064428449, 6.7631242719768405, 6.7181364223691045, 6.673196474183367, 6.628306509141324, 6.583468735455286, 6.538685491363821, 6.493959248872908, 6.4492926177103165, 6.404688349495492, 6.3601493421242274, 6.315678644365547, 6.271279460667253, 6.226955156166012, 6.182709261897501, 6.138545480201994, 6.094467690320626, 6.050479954177559, 6.006586522343127, 5.962791840173038, 5.919100554118581, 5.875517518202638, 5.832047375311036, 5.788695435353682, 5.745467231848866, 5.70236853003528, 5.659405334870254, 5.616583898979168, 5.573910730595924, 5.531392601518538, 5.489036555093583, 5.446849914236002, 5.404840289485438, 5.363015587096012, 5.321384017152809, 5.27995410170513, 5.238734682903397, 5.197734931123613, 5.156964353060116, 5.113638773021078, 5.068551536839224, 5.023558593891609, 4.978660287078132, 4.93385493632174, 4.8891408700614, 4.844516420212907, 4.799979919037974, 4.755529697363867, 4.711164083771418, 4.666881404482378, 4.622679983752008, 4.578558144623973, 4.534514209940471, 4.490546503526279, 4.446653351484353, 4.402833083554801, 4.359084034499817, 4.315404545485555, 4.271792965438427, 4.228247652358496, 4.18476697457683, 4.141349311946953, 4.097993068764666, 4.054696665980577, 4.011458535565168, 3.9682771223594435, 3.925150885562072, 3.882078299938369, 3.8390578568109173, 3.7960880648748008, 3.7531674508691166, 3.71029456012865, 3.667467957034276, 3.6246862253768435, 3.5819479686466686, 3.5392518102588224, 3.4965963937230313, 3.4539803827659967, 3.411402461413177, 3.3688613340365405, 3.326355725374331, 3.2838843805285856, 3.2414460649458627, 3.1990395643864504, 3.1566636848871354, 3.1143172527225262, 3.071999114369813, 3.0297081364818075, 2.9874432058730997, 2.9452032295241963, 2.9029871346085776, 2.8607938685477596, 2.818622399099602, 2.7764717144853956, 2.7343408235615447, 2.6922287560421183, 2.6501345627790034, 2.6080573161070424, 2.565996110262252, 2.523950061882115, 2.4819183105979707, 2.4399000197307648, 2.3978943771028685, 2.355900595980388, 2.3139179161623757, 2.27194560523573, 2.229982960017322, 2.1880293082081477, 2.146084010288162, 2.104146461684971, 2.062216095254955, 2.02029238412175, 1.978374844924656, 1.9364630415385782, 1.8945565893380207, 1.8526551600907264, 1.8107584875823548, 1.7688663740927533, 1.7269786978676613, 1.6850954217581888, 1.6432166032353548, 1.6013424060301074, 1.5568963030749112, 1.5118137272170946, 1.466309973925269, 1.4198605776053783, 1.3724931174920711, 1.32561453068747, 1.2780166666298587, 1.2309539526278608, 1.18469683765458, 1.1376560020946378, 1.0895860944897608, 1.0421622874944918, 0.9955431314745661, 0.9478916838941543, 0.9011535928792265, 0.8532792100005219, 0.8063545930244942, 0.7597998892984354, 0.7125720993183238, 0.6657664566469879, 0.619115532903409, 0.571809354878724, 0.524963125207508, 0.4774847989056599, 0.4295602362409238, 0.38262969806721436, 0.33649583788792176, 0.2896465779342896, 0.24384349110300219, 0.19877084941420886, 0.1565181111128205, 0.12048969857053037, 0.0984200158902793, 0.09904545283185394, 0.09667849824894349, 0.11197909341241433, 0.13950360344976312, 0.17328071971696146, 0.21027056310950146, 0.2490395565239904, 0.2888820385918542, 0.3294235901571615, 0.3704506294325775, 0.41183370471452874, 0.45349059384953466, 0.49536732564108804, 0.5374277851130709, 0.5796476787935024, 0.6220108388928538, 0.6645068478306221, 0.707129444804275, 0.7498754170239305, 0.7927438042954178, 0.8357353141979906, 0.8788518837805513, 0.9220963462979753, 0.9654721751732102, 1.008983285917788, 1.0526338822708827, 1.0964283365094751, 1.1403710964257598, 1.1844666132703339, 1.228719286269483, 1.2731334202974554, 1.317713194019877, 1.3624626363883723, 1.407385609803879, 1.4409989214650618, 1.4544024410700016, 1.4688273836443375, 1.4842383330924995, 1.5005999540910135, 1.5178771743824382, 1.5360353471452668, 1.5550403931566, 1.5748589229738885, 1.5954583397846271, 1.6168069239061937, 1.6388739001649908, 1.6616294895517274, 1.6850449466474302, 1.7090925843532545, 1.7337457874473454, 1.7589790164444132, 1.7847678031580345, 1.8110887392704846, 1.8379194591074388, 1.8652386177011182, 1.8930258651101297, 1.921261817851028, 1.949928028188176, 1.9790069519265912, 2.0084819152584092, 2.0383370811278687, 2.068557415502655, 2.099128653870838], 'normal_align_history': [0.7276338549095835, 0.727611352635, 0.7275750667929435, 0.7275306962370769, 0.7274820444331012, 0.727431700784627, 0.7273814623890804, 0.7273326009830082, 0.7272860356297951, 0.7272424466970074, 0.7272023523726272, 0.727166160689, 0.727134205158683, 0.7271067692197336, 0.7270841029139175, 0.7270664341099206, 0.7270539758670229, 0.7270469310593246, 0.7270454950570724, 0.7270498570366736, 0.7270602003319369, 0.727076609778888, 0.7270992552457467, 0.7271283029681803, 0.7271639114104858, 0.7272062285599734, 0.7272553899820471, 0.7273115172850811, 0.7273747168161813, 0.7274450784999208, 0.7275226747795989, 0.727607559644746, 0.7276997677405586, 0.7277993135604914, 0.7279061907255631, 0.7280203713546753, 0.7281418055302079, 0.7282704208628348, 0.7284061221590016, 0.7285487911940157, 0.7286982865931526, 0.7288542304046866, 0.7290164401104174, 0.729184720047647, 0.729358854869847, 0.7295386067234435, 0.7297237144137876, 0.7299138936310323, 0.7301088377403437, 0.7303082188754766, 0.7305116892006903, 0.7307188822727251, 0.7309294144692597, 0.7311428864677236, 0.7313588847665848, 0.73157698324469, 0.7317967447552168, 0.7320177227506373, 0.73223946293439, 0.7324615049341128, 0.7326833839904593, 0.7329053688100573, 0.7331269720462716, 0.7333476570191487, 0.7335668741098107, 0.733784078866485, 0.7339987406124625, 0.7342103462570916, 0.734418401792357, 0.7346224327603668, 0.7348219843361488, 0.7350166213311622, 0.7352059282469358, 0.7353895094196494, 0.7355669892541514, 0.7357380125277168, 0.7359022447378735, 0.7360593724685769, 0.7362091037515659, 0.7363511684032439, 0.7364853183210839, 0.7366114428772513, 0.7367293277028073, 0.736838786592635, 0.7369396582041678, 0.7370318044357768, 0.7371151096202361, 0.7371894800787661, 0.7372548438016282, 0.73731115013879, 0.7373583694461657, 0.7373964926650988, 0.7374255308290301, 0.7374455144992077, 0.73745649313493, 0.7374585344052116, 0.7374517234491718, 0.737436162092298, 0.7374119680254649, 0.7373792739531965, 0.7373382267172973, 0.7372889864016211, 0.7372317254234131, 0.7371666276163445, 0.7370938873100529, 0.7370137084107165, 0.7369263034868887, 0.7368318928645369, 0.7367307037349347, 0.7366229692787769, 0.7365089278095834, 0.7363888219391816, 0.7362628977677533, 0.736131404100674, 0.7359945916940595, 0.73585271253069, 0.7357060191276956, 0.7355547638771522, 0.7353991984204536, 0.7352395730571368, 0.7350761361885746, 0.7349091337967537, 0.7347388089581698, 0.7345654013926646, 0.7343891470468826, 0.7342102777118561, 0.7340290206740931, 0.7338455983994175, 0.733660228248692, 0.7334731222244649, 0.7332844867474944, 0.7330945224620222, 0.7329034240686271, 0.7327113801834235, 0.7325185732223483, 0.7323251793092362, 0.732131368206387, 0.7319373032663036, 0.7317431414032909, 0.7315490330836095, 0.731355122332896, 0.7373265045722068, 0.7389962055201565, 0.7489259727114852, 0.7512389795521571, 0.7460484138711628, 0.7486964294153861, 0.7438658881245414, 0.7468892118918569, 0.744165183462237, 0.7474888393720848, 0.756509541294954, 0.7595994143841885, 0.7705045755708766, 0.7733370519440955, 0.7837111689029996, 0.7863533870796791, 0.7963101203687045, 0.8126303197538505, 0.8214695275358403, 0.8363208064586802, 0.8513053029562817, 0.859490847377267, 0.8730172139185991, 0.8802724690315746, 0.8819152600824244, 0.8868437986738281, 0.890782705673633, 0.8983664795255601, 0.9095250994298494, 0.917049789708075, 0.9223485007783145, 0.9272607486755874, 0.9368504333893637, 0.9456140136812347, 0.9526448994699319, 0.9591692314078764, 0.9650798157331716, 0.9703846113511836, 0.9751074192329, 0.9792771645994046, 0.9829262243931124, 0.9860891150588534, 0.9888013767143787, 0.9910986135580009, 0.9930156913911669, 0.9945860985438837, 0.99584146937365, 0.996811260329068, 0.9975225614070244, 0.9980000217229318, 0.9982658665870112, 0.9983399842258169, 0.9982400623576426, 0.9979817575948879, 0.9975788836421735, 0.9970436071766268, 0.9963866429522074, 0.9956174419713629, 0.9947443684860451, 0.9937748631374506, 0.9927155907537766, 0.9915725722425981, 0.9903513006869173, 0.9890568422273868, 0.9876939226291197, 0.9862670006257053, 0.9847803292354605, 0.983238006279973, 0.9816440153219926, 0.9800022581937919, 0.9783165802197628, 0.9765907891568638, 0.9748286687898741, 0.9730339880297726, 0.9712105062760634, 0.9693619757196124, 0.9674921411828743, 0.9656047380200585, 0.9637034885311647, 0.961792097281037, 0.9598742456575599, 0.9579535859516263, 0.9560337351952974, 0.9541182689533179, 0.9522107152265062, 0.9503145485931755, 0.9484331846863013, 0.9465699750793488, 0.9447282026321289, 0.9429110773295346, 0.941121732630194, 0.9393632223287076, 0.9376385179239782, 0.9359505064769416, 0.9343019889335628, 0.9326956788830553], 'ball_near_history': [False, False, False, False, False, False, False, False, False, False, False, False, False, False, False, False, False, False, False, False, False, False, False, False, False, False, False, False, False, False, False, False, False, False, False, False, False, False, False, False, False, False, False, False, False, False, False, False, False, False, False, False, False, False, False, False, False, False, False, False, False, False, False, False, False, False, False, False, False, False, False, False, False, False, False, False, False, False, False, False, False, False, False, False, False, False, False, False, False, False, False, False, False, False, False, False, False, False, False, False, False, False, False, False, False, False, False, False, False, False, False, False, False, False, False, False, False, False, False, False, False, False, False, False, False, False, False, False, False, False, False, False, False, False, False, False, False, False, False, False, False, False, False, False, False, False, False, False, False, False, False, False, False, False, False, False, False, False, False, False, False, False, False, False, False, False, False, False, False, False, False, True, True, True, True, True, True, True, True, False, False, False, False, False, False, False, False, False, False, False, False, False, False, False, False, False, False, False, False, False, False, False, False, False, False, False, False, False, False, False, False, False, False, False, False, False, False, False, False, False, False, False, False, False, False, False, False, False, False, False, False, False, False, False, False, False, False], 'tube_ready_history': [False, False, False, False, False, False, False, False, False, False, False, False, False, False, False, False, False, False, False, False, False, False, False, False, False, False, False, False, False, False, False, False, False, False, False, False, False, False, False, False, False, False, False, False, False, False, False, False, False, False, False, False, False, False, False, False, False, False, False, False, False, False, False, False, False, False, False, False, False, False, False, False, False, False, False, False, False, False, False, False, False, False, False, False, False, False, False, False, False, False, False, False, False, False, False, False, False, False, False, False, False, False, False, False, False, False, False, False, False, False, False, False, False, False, False, False, False, False, False, False, False, False, False, False, False, False, False, False, False, False, False, False, False, False, False, False, False, False, False, False, False, False, False, False, False, False, False, False, False, False, False, False, False, False, False, False, False, False, False, False, False, False, False, False, False, False, True, True, True, True, True, True, True, True, True, True, True, True, True, True, True, True, True, True, True, True, True, False, False, False, False, False, False, False, False, False, False, False, False, False, False, False, False, False, False, False, False, False, False, False, False, False, False, False, False, False, False, False, False, False, False, False, False, False, False, False, False, False, False, False, False, False, False, False, False, False, False], 'pos_error_history': [0.00928172539134566, 0.00925821799299706, 0.00926718003878504, 0.009348446632896095, 0.009545157788609118, 0.009898519173747638, 0.010441994177758457, 0.011196969743913692, 0.012171644810623237, 0.013363155445958393, 0.01476136813871999, 0.016352579772993914, 0.0181221803830003, 0.020056172232801553, 0.02214183956576974, 0.024367913613696682, 0.026724487491226852, 0.02920283300169387, 0.03179519774658672, 0.03449461745603006, 0.036591802324743045, 0.03945634956834777, 0.042414332253855644, 0.04546005302832109, 0.04858815673653262, 0.051793559978134084, 0.05507139534033509, 0.0584169673216488, 0.061825717519842845, 0.06529319715446424, 0.06881504540851692, 0.0723869724067589, 0.07600474591011748, 0.07966418100955383, 0.08336113226017762, 0.08709148781764899, 0.09085116523211939, 0.09463610862657915, 0.09844228704159017, 0.10226569377076651, 0.10581460540417376, 0.10965707387505226, 0.113505421795049, 0.11735571981833158, 0.12120407413539845, 0.12504662867798466, 0.1288795678361441, 0.13269911960561848, 0.13650155909499914, 0.14028321233099386, 0.14404046030705048, 0.14776974322604508, 0.15146756489212748, 0.1551304972103593, 0.15875518475570966, 0.16233834937546568, 0.16587679479125808, 0.16936741116882462, 0.17280717962540604, 0.17619317664633138, 0.18154241383340222, 0.1848082319999797, 0.1880093943352051, 0.19114358571076387, 0.19420857794507607, 0.1972022401016435, 0.20012254691791273, 0.20296758572754323, 0.2057355621505023, 0.20842480475917688, 0.21103376887888067, 0.2135610396436331, 0.21600533439988961, 0.2183655045296775, 0.2206405367487559, 0.2228295539235904, 0.22493181544220392, 0.22694671716759957, 0.22887379099782412, 0.23071270405348637, 0.23178208758882923, 0.23344675378775398, 0.23502408495968266, 0.23651418760985782, 0.23791730679939263, 0.23923382059574713, 0.240464234932143, 0.24160917873679988, 0.24266939922915182, 0.2436457573079453, 0.244539222977443, 0.24535087077425294, 0.24608187516986266, 0.24673350593354132, 0.2473071234476293, 0.24780417397282578, 0.24822618486534442, 0.24857475975097, 0.2488515736634582, 0.24905836815641008, 0.24919694639898932, 0.24926916826667175, 0.24927694543870796, 0.24922223651423878, 0.24910704215904492, 0.24893340029479472, 0.24870338134241196, 0.24841908353082506, 0.24808262828192135, 0.24769615568202544, 0.24726182004964276, 0.24678178560861597, 0.2462582222751862, 0.24569330156678368, 0.24508919263969228, 0.24444805846202133, 0.24377205212771966, 0.24306331331665879, 0.2423239649051071, 0.2415561097302252, 0.24076182751153233, 0.23994317193161885, 0.2391021678777445, 0.23824080884532506, 0.23736105450371897, 0.23646482842413968, 0.23555401596897743, 0.23463046234130616, 0.2336959707928434, 0.23275230098820315, 0.23180116752283836, 0.23084423859169662, 0.2298831348052503, 0.22891942814924685, 0.22795464108423036, 0.2269902457806406, 0.22602766348505807, 0.2250682640129899, 0.22411336536341198, 0.22316423345016853, 0.21960227226509368, 0.21513547611286288, 0.20910735176344616, 0.2043087194009322, 0.1992358382839482, 0.19310170786259193, 0.18788020321378957, 0.18190933779841767, 0.17600069562025228, 0.1719380307685282, 0.1678099988292728, 0.16257760610684027, 0.1585183644959313, 0.1536072387867128, 0.15027588230525973, 0.14580990501166777, 0.14286602657071196, 0.13887158502991254, 0.13636706971487836, 0.1329021261382545, 0.1298849698257457, 0.1282501866840295, 0.1258662637308447, 0.12493887290584063, 0.12491753860991228, 0.12572150856684577, 0.1270908240061909, 0.1283798074466463, 0.12955549386867685, 0.1314196799079311, 0.1343795046658549, 0.13789413558370553, 0.14257593631637064, 0.14720659400691538, 0.15231282593238518, 0.15628742828805367, 0.15966436617244972, 0.1625928816922839, 0.16518029306432486, 0.16752956780783237, 0.16972969586726025, 0.1718532718632338, 0.1739572894429468, 0.17608518631450165, 0.17826919580503034, 0.18053257346060492, 0.18289152593638455, 0.1853567980761258, 0.18793493513165607, 0.19062926278654194, 0.1934406350709051, 0.1963679985674337, 0.19940881550824538, 0.20255938115449856, 0.20581506365870475, 0.20917048812824085, 0.21261968111843407, 0.21615618733581576, 0.21977316685666834, 0.22346347853662168, 0.22721975335919012, 0.23103446010308026, 0.2348999647722641, 0.23880858462022922, 0.24275263722148288, 0.24672448482879533, 0.250716574149976, 0.25472147164314113, 0.25873189443569516, 0.2627407369997214, 0.26674109375196714, 0.2707262777818459, 0.2746898359412005, 0.278625560552665, 0.28252749800865556, 0.2863899545406075, 0.29020749943891344, 0.2939749659991812, 0.29768745046114314, 0.30134030919385946, 0.3049291543658454, 0.30844984832219374, 0.3118984968734569, 0.3152714416834468, 0.31856525192576607, 0.321776715362005, 0.32490282897843925, 0.32794078930284254, 0.33088798250882356, 0.3337419744019195, 0.3365005003695615, 0.3391614553659721, 0.341722883992996, 0.34418297072879656, 0.34654003034819697, 0.3487924985711775, 0.3509051305209765], 'max_qdot_ratio': 0.9998111930684752, 'max_tcp_speed': 1.8006883759460257, 'max_racket_face_speed': 1.6115029680261763, 'total_mpc_steps': 237, 'ball_was_hit': True, 'hit_step': 173, 'p_ee_at_hit': array([-0.62520023, -0.50137431,  0.8788967 ]), 'ball_pos_at_hit': array([-0.72028631, -0.50145942,  0.85117249]), 'v_ee_at_hit': 1.6788703869326969, 'active_contact': True, 'passive_contact': False}
2026-09-13 17:17:11,267 [INFO] __main__: 击打后继续仿真 20 步...
