
========================================
  RM-65 击打成功！（主动击球，pos_error=0.1029m）
  [V12 EpisodeRunner 管线架构]
  ablation: full
  击打目标位置: [-0.647 -0.151  0.735]
  末端实际位置: [-0.605 -0.308  0.763]
  规划跟踪误差: 0.1649 m
  速度误差: 1.9508 m/s
  MPC 总步数: 274
  --- Tube 专用指标 ---
  最小球拍-球距离: 0.0699 m
  ball_near 步数: 0 = 0.0 ms
  tube_ready 步数: 0 = 0.0 ms
  击打时间误差: 25.0 ms
  击打位置误差: 0.1029 m
  --- 计算性能 ---
  总墙钟时间: 1.12s (MPC=1.12s)
  --- 执行层约束 ---
  max_qdot=0.99x, max_tcp=1.8m/s, max_face=1.5m/s
  击球类型: 主动击球
========================================

__RESULT__: pos_error=0.102937 vel_error=1.950804 min_dist=0.069905 ball_near_ms=0.0 tube_ready_ms=0.0 max_tcp=1.79 max_qdot=0.99 max_face=1.5 hit_type=active hit_time_error_ms=25.0 hit_pos_error=0.102937 v_racket_at_hit=1.599
2026-09-10 17:50:12,846 [INFO] __main__: [ablation] mode=full
2026-09-10 17:50:12,852 [INFO] __main__: serve-box auto params: horizon=120, iter=10, first_plan_iters=30, total_horizon=250, replan_interval=20, near_plan_iters=5
2026-09-10 17:50:12,873 [INFO] __main__: 关节限位: 仿真默认(default.yaml), TCP=1.8 m/s, terminal_exempt=20
2026-09-10 17:50:12,874 [INFO] __main__: 球拍初始位置: [-0.24136342  0.63027058  1.45576659]
2026-09-10 17:50:12,874 [DEBUG] src.tennis.ball: serve_box bounce (attempt=0): p0_z=1.36, vz0=-2.5, spd=9.0, t1=0.325, t2=0.600, z_err=0.16
2026-09-10 17:50:12,881 [INFO] __main__: 击打步数: 193, 击打位置: [-0.64725504 -0.15086669  0.73521827]
2026-09-10 17:50:12,881 [INFO] __main__: 随挥方向: [-0.339 -0.912  0.23 ], 随挥步数: 60
2026-09-10 17:50:12,892 [INFO] __main__: 候选窗口已构建: best_k=193, candidates=11
2026-09-10 17:50:12,893 [INFO] src.cpp.solver_cpp: iLQR C++ 加速模块已加载
2026-09-10 17:50:12,893 [INFO] __main__: 开始 V12 EpisodeRunner，总步数=310 (MPC=250, 随挥=60)，击打步数=193
2026-09-10 17:50:12,894 [INFO] src.ilqt.async_replanner: AsyncReplanner: 后台规划线程已启动
2026-09-10 17:50:12,914 [INFO] src.ilqt.async_replanner: AsyncReplanner: 规划环境已创建（独立 MjData）
2026-09-10 17:50:12,917 [INFO] src.ilqt.async_replanner: AsyncReplanner: 规划环境已创建（独立 MjData）
2026-09-10 17:50:12,941 [DEBUG] src.ilqt.tube_cost: [Softmin诊断] 候选权重TOP3: k=193:w=0.086, k=192:w=0.085, k=194:w=0.085
2026-09-10 17:50:13,841 [INFO] src.ilqt.mpc_controller: REPLAN step=0 k_hit=193 iters=30 horizon=120 t=927ms
2026-09-10 17:50:13,842 [INFO] src.ilqt.mpc_controller: MPCController.start 完成: k_hit=193, p_hit=[-0.647 -0.151  0.735], buffer=120
2026-09-10 17:50:13,846 [DEBUG] src.ilqt.replan_core: FAR_JT step=0 k_hit=193 (JT gain=60, skip iLQR)
2026-09-10 17:50:13,846 [DEBUG] src.ilqt.mpc_controller: REPLAN step=0 k_hit=193 iters=0 horizon=0 t=4ms
2026-09-10 17:50:13,846 [DEBUG] src.ilqt.mpc_controller: MPCController.step 0: replan k_hit=193 refine=feasible buffer=20
2026-09-10 17:50:13,855 [DEBUG] src.ilqt.replan_core: FAR_JT step=20 k_hit=173 (JT gain=60, skip iLQR)
2026-09-10 17:50:13,855 [DEBUG] src.ilqt.mpc_controller: REPLAN step=20 k_hit=173 iters=0 horizon=0 t=4ms
2026-09-10 17:50:13,855 [DEBUG] src.ilqt.mpc_controller: MPCController.step 20: replan k_hit=173 refine=feasible buffer=20
2026-09-10 17:50:13,863 [DEBUG] src.ilqt.replan_core: FAR_JT step=40 k_hit=153 (JT gain=60, skip iLQR)
2026-09-10 17:50:13,864 [DEBUG] src.ilqt.mpc_controller: REPLAN step=40 k_hit=153 iters=0 horizon=0 t=4ms
2026-09-10 17:50:13,864 [DEBUG] src.ilqt.mpc_controller: MPCController.step 40: replan k_hit=153 refine=feasible buffer=20
2026-09-10 17:50:13,872 [DEBUG] src.ilqt.replan_core: FAR_JT step=60 k_hit=133 (JT gain=60, skip iLQR)
2026-09-10 17:50:13,872 [DEBUG] src.ilqt.mpc_controller: REPLAN step=60 k_hit=133 iters=0 horizon=0 t=3ms
2026-09-10 17:50:13,873 [DEBUG] src.ilqt.mpc_controller: MPCController.step 60: replan k_hit=133 refine=feasible buffer=20
2026-09-10 17:50:13,881 [DEBUG] src.ilqt.replan_core: FAR_JT step=80 k_hit=113 (JT gain=60, skip iLQR)
2026-09-10 17:50:13,881 [DEBUG] src.ilqt.mpc_controller: REPLAN step=80 k_hit=113 iters=0 horizon=0 t=3ms
2026-09-10 17:50:13,882 [DEBUG] src.ilqt.mpc_controller: MPCController.step 80: replan k_hit=113 refine=feasible buffer=20
2026-09-10 17:50:13,890 [DEBUG] src.ilqt.replan_core: FAR_JT step=100 k_hit=93 (JT gain=60, skip iLQR)
2026-09-10 17:50:13,890 [DEBUG] src.ilqt.mpc_controller: REPLAN step=100 k_hit=93 iters=0 horizon=0 t=3ms
2026-09-10 17:50:13,890 [DEBUG] src.ilqt.mpc_controller: MPCController.step 100: replan k_hit=93 refine=feasible buffer=20
2026-09-10 17:50:13,898 [DEBUG] src.ilqt.replan_core: FAR_JT step=120 k_hit=73 (JT gain=60, skip iLQR)
2026-09-10 17:50:13,898 [DEBUG] src.ilqt.mpc_controller: REPLAN step=120 k_hit=73 iters=0 horizon=0 t=3ms
2026-09-10 17:50:13,899 [DEBUG] src.ilqt.mpc_controller: MPCController.step 120: replan k_hit=73 refine=feasible buffer=20
2026-09-10 17:50:13,906 [DEBUG] src.ilqt.replan_core: FAR_JT step=140 k_hit=53 (JT gain=60, skip iLQR)
2026-09-10 17:50:13,906 [DEBUG] src.ilqt.mpc_controller: REPLAN step=140 k_hit=53 iters=0 horizon=0 t=3ms
2026-09-10 17:50:13,906 [INFO] src.ilqt.strategies.hit_point_refiner: [HIT_LOCK] k_hit=53 ≤ 60, 锁定击球点不再替换
2026-09-10 17:50:13,906 [DEBUG] src.ilqt.mpc_controller: MPCController.step 140: replan k_hit=53 refine=locked buffer=20
2026-09-10 17:50:13,921 [DEBUG] src.ilqt.tube_cost: [Softmin诊断] 候选权重TOP3: k=33:w=0.086, k=32:w=0.085, k=34:w=0.085
2026-09-10 17:50:13,940 [DEBUG] src.ilqt.mpc_controller: REPLAN step=160 k_hit=33 iters=5 horizon=33 t=28ms
2026-09-10 17:50:13,940 [DEBUG] src.ilqt.mpc_controller: MPCController.step 160: replan k_hit=33 refine=locked buffer=20
2026-09-10 17:50:13,942 [INFO] src.ilqt.components.predictive_safety: [SAFETY_FILTER] beta=0.8: qdot entering overspeed, joint=5, |qdot|=4.02 > 3.93
2026-09-10 17:50:13,945 [INFO] src.ilqt.components.predictive_safety: [SAFETY_FILTER] beta=0.6: qdot entering overspeed, joint=5, |qdot|=4.63 > 3.93
2026-09-10 17:50:13,954 [DEBUG] src.ilqt.tube_cost: [Softmin诊断] 候选权重TOP3: k=13:w=0.086, k=12:w=0.085, k=14:w=0.085
2026-09-10 17:50:13,962 [DEBUG] src.ilqt.mpc_controller: REPLAN step=180 k_hit=13 iters=5 horizon=13 t=17ms
2026-09-10 17:50:13,962 [DEBUG] src.ilqt.mpc_controller: MPCController.step 180: replan k_hit=13 refine=locked buffer=13
2026-09-10 17:50:13,963 [INFO] src.ilqt.components.predictive_safety: [SAFETY_FILTER] beta=0.0: qdot entering overspeed, joint=5, |qdot|=5.54 > 3.93
2026-09-10 17:50:13,963 [INFO] src.ilqt.components.predictive_safety: [SAFETY_FILTER] beta=0.2: qdot entering overspeed, joint=5, |qdot|=5.57 > 3.93
2026-09-10 17:50:13,964 [INFO] src.ilqt.components.predictive_safety: [SAFETY_FILTER] beta=0.8: tcp speed 1.85 > 1.80 m/s
2026-09-10 17:50:13,964 [INFO] src.ilqt.components.predictive_safety: [SAFETY_FILTER] beta=0.2: qdot entering overspeed, joint=5, |qdot|=4.12 > 3.93
2026-09-10 17:50:13,965 [INFO] src.ilqt.components.predictive_safety: [SAFETY_FILTER] beta=0.0: tcp speed 2.19 > 1.80 m/s
2026-09-10 17:50:13,965 [INFO] src.ilqt.components.predictive_safety: [SAFETY_FILTER] beta=0.6: qdot entering overspeed, joint=2, |qdot|=4.39 > 3.93
2026-09-10 17:50:13,966 [INFO] src.ilqt.components.predictive_safety: [SAFETY_FILTER] beta=0.0: qdot entering overspeed, joint=2, |qdot|=4.92 > 3.93
2026-09-10 17:50:13,967 [INFO] src.ilqt.components.predictive_safety: [SAFETY_FILTER] beta=0.2: qdot entering overspeed, joint=2, |qdot|=4.86 > 3.93
2026-09-10 17:50:13,967 [INFO] src.ilqt.components.predictive_safety: [SAFETY_FILTER] beta=0.0: qdot entering overspeed, joint=2, |qdot|=5.09 > 3.93
2026-09-10 17:50:13,968 [INFO] src.ilqt.components.predictive_safety: [SAFETY_FILTER] beta=0.2: qdot entering overspeed, joint=2, |qdot|=4.94 > 3.93
2026-09-10 17:50:13,969 [INFO] src.ilqt.components.predictive_safety: [SAFETY_FILTER] beta=0.2: qdot entering overspeed, joint=2, |qdot|=5.04 > 3.93
2026-09-10 17:50:13,970 [INFO] src.ilqt.components.predictive_safety: [SAFETY_FILTER] beta=0.0: qdot entering overspeed, joint=1, |qdot|=3.19 > 3.14
2026-09-10 17:50:13,970 [INFO] src.ilqt.strategies.follow_through: 随挥触发: step=192, steps=60
2026-09-10 17:50:13,987 [INFO] src.ilqt.async_replanner: AsyncReplanner: 后台规划线程已停止
2026-09-10 17:50:13,987 [INFO] src.ilqt.episode_runner: EpisodeRunner 完成: total_steps=254 safe_steps=254 mpc_done=True
2026-09-10 17:50:13,987 [DEBUG] src.ilqt.episode_runner: EpisodeRunner metrics 详情: {'total_steps': 254, 'safe_steps': 254, 'mpc_done': True, 'X_history': [array([-1.5  ,  1.57 , -0.236,  0.404,  0.446,  2.45 ,  0.   ,  0.   ,
        0.   ,  0.   ,  0.   ,  0.   ]), array([-1.34959180e-01,  1.24629836e+00, -5.30359609e-01, -7.46292290e-02,
        9.56502327e-01,  2.44998016e+00,  6.67258095e-03, -1.93380070e-02,
        1.19758488e-02,  5.97392856e-04, -6.89319787e-02, -3.96732918e-03]), array([-1.34894549e-01,  1.24610459e+00, -5.30261881e-01, -7.46242985e-02,
        9.55888664e-01,  2.44994846e+00,  1.29261727e-02, -3.87557565e-02,
        1.95457012e-02,  9.86100141e-04, -1.22732541e-01, -6.34154443e-03]), array([-1.34800497e-01,  1.24581429e+00, -5.30143325e-01, -7.46184046e-02,
        9.55063965e-01,  2.44990945e+00,  1.88103926e-02, -5.80584800e-02,
        2.37111460e-02,  1.17877346e-03, -1.64939840e-01, -7.80082333e-03]), array([-1.34678667e-01,  1.24542876e+00, -5.30017078e-01, -7.46124567e-02,
        9.54072668e-01,  2.44986581e+00,  2.43659163e-02, -7.71063837e-02,
        2.52493544e-02,  1.18958744e-03, -1.98259304e-01, -8.72788952e-03]), array([-1.34530535e-01,  1.24494976e+00, -5.29893254e-01, -7.46072817e-02,
        9.52948867e-01,  2.44981911e+00,  2.96264486e-02, -9.58005914e-02,
        2.47648410e-02,  1.03499876e-03, -2.24760163e-01, -9.34049763e-03]), array([-1.34357434e-01,  1.24437940e+00, -5.29779609e-01, -7.46036157e-02,
        9.51718741e-01,  2.44977029e+00,  3.46201621e-02, -1.14072638e-01,
        2.27289973e-02,  7.33193309e-04, -2.46025166e-01, -9.76380555e-03]), array([-1.34160580e-01,  1.24372001e+00, -5.29682057e-01, -7.46020999e-02,
        9.50402418e-01,  2.44971994e+00,  3.93707814e-02, -1.31876593e-01,
        1.95103724e-02,  3.03170902e-04, -2.63264779e-01, -1.00706472e-02]), array([-1.33941088e-01,  1.24297410e+00, -5.29605068e-01, -7.46032805e-02,
        9.49015396e-01,  2.44966842e+00,  4.38984158e-02, -1.49183150e-01,
        1.53979244e-02, -2.36115924e-04, -2.77404371e-01, -1.03040405e-02]), array([-1.33699987e-01,  1.24214422e+00, -5.29551973e-01, -7.46076125e-02,
        9.47569641e-01,  2.44961597e+00,  4.82202085e-02, -1.65975175e-01,
        1.06189093e-02, -8.66418970e-04, -2.89150849e-01, -1.04898375e-02]), array([-1.33438233e-01,  1.24123300e+00, -5.29525210e-01, -7.46154657e-02,
        9.46074423e-01,  2.44956275e+00,  5.23508485e-02, -1.82244378e-01,
        5.35266358e-03, -1.57062644e-03, -2.99043631e-01, -1.06438843e-02]), array([-1.33156718e-01,  1.24024305e+00, -5.29526504e-01, -7.46271307e-02,
        9.44536955e-01,  2.44950887e+00,  5.63029772e-02, -1.97988797e-01,
       -2.58765462e-04, -2.33300643e-03, -3.07493715e-01, -1.07761079e-02]), array([-0.13285628,  1.239177  , -0.52955702, -0.07464283,  0.94296289,
        2.4494544 ,  0.06008752, -0.21321094, -0.00610241, -0.00313931,
       -0.31481366, -0.01089287]), array([-0.13253771,  1.23803742, -0.52961746, -0.07466271,  0.94135668,
        2.44939941,  0.06371395, -0.22791637, -0.01208806, -0.00397681,
       -0.32124062, -0.01099835]), array([-0.13220176,  1.23682685, -0.52970817, -0.07468688,  0.93972191,
        2.44934394,  0.06719052, -0.24211269, -0.01814333, -0.00483422,
       -0.326954  , -0.01109536]), array([-0.13184914,  1.23554781, -0.52982922, -0.07471539,  0.93806147,
        2.44928801,  0.07052446, -0.25580878, -0.02420985, -0.00570167,
       -0.33208912, -0.0111858 ]), array([-0.13148053,  1.23420274, -0.52998042, -0.07474824,  0.93637773,
        2.44923165,  0.07372212, -0.26901421, -0.03024035, -0.00657055,
       -0.33674752, -0.01127103]), array([-0.13109658,  1.23279405, -0.53016141, -0.07478541,  0.9346727 ,
        2.44917489,  0.07678909, -0.28173887, -0.03619629, -0.00743346,
       -0.34100503, -0.01135201]), array([-0.13069793,  1.23132408, -0.53037164, -0.07482683,  0.93294812,
        2.44911774,  0.07973037, -0.29399266, -0.04204612, -0.00828403,
       -0.34491785, -0.01142943]), array([-0.13028518,  1.22979516, -0.53061045, -0.07487242,  0.93120548,
        2.44906022,  0.08255038, -0.30578532, -0.04776385, -0.00911685,
       -0.3485272 , -0.01150381]), array([-0.12985891,  1.22820952, -0.53087709, -0.07492205,  0.92944616,
        2.44900235,  0.08525311, -0.31712624, -0.05332792, -0.00992733,
       -0.35186296, -0.01157555]), array([-0.12941955,  1.22656936, -0.53117086, -0.0749761 ,  0.92767075,
        2.44894421,  0.08787116, -0.32803234, -0.05875358, -0.01080918,
       -0.35508307, -0.01162649]), array([-0.12896764,  1.22487682, -0.53149085, -0.07503436,  0.92588048,
        2.4488858 ,  0.0903824 , -0.33850865, -0.06399832, -0.01165257,
       -0.35805326, -0.01168384]), array([-0.12850369,  1.223134  , -0.5318361 , -0.07509665,  0.92407655,
        2.44882708,  0.09278957, -0.34856292, -0.06904863, -0.01245725,
       -0.36078712, -0.01174372]), array([-0.12802822,  1.22134299, -0.53220556, -0.07516276,  0.92226008,
        2.44876806,  0.09509522, -0.35820246, -0.07389313, -0.01322286,
       -0.36329353, -0.0118041 ]), array([-0.12754171,  1.21950582, -0.53259817, -0.07523251,  0.92043219,
        2.44870874,  0.09730168, -0.36743415, -0.07852215, -0.01394895,
       -0.36557786, -0.01186399]), array([-0.12704465,  1.2176245 , -0.53301281, -0.07530568,  0.91859398,
        2.44864912,  0.09941112, -0.37626443, -0.08292749, -0.01463504,
       -0.3676429 , -0.01192294]), array([-0.12653753,  1.215701  , -0.53344832, -0.07538208,  0.91674653,
        2.44858922,  0.10142554, -0.38469929, -0.0871021 , -0.01528068,
       -0.36948951, -0.01198077]), array([-0.12602079,  1.21373728, -0.53390352, -0.07546151,  0.91489094,
        2.44852903,  0.10334681, -0.39274434, -0.09103991, -0.01588545,
       -0.37111719, -0.01203747]), array([-0.12549491,  1.21173526, -0.5343772 , -0.07554376,  0.91302832,
        2.44846856,  0.10517665, -0.40040478, -0.09473572, -0.01644896,
       -0.37252445, -0.0120931 ]), array([-0.12496033,  1.20969683, -0.53486812, -0.07562861,  0.91115977,
        2.44840783,  0.10691666, -0.40768544, -0.09818501, -0.01697088,
       -0.37370917, -0.01214775]), array([-0.12441748,  1.20762388, -0.53537504, -0.07571587,  0.90928643,
        2.44834682,  0.10856836, -0.4145908 , -0.10138387, -0.01745089,
       -0.3746688 , -0.01220153]), array([-0.12386682,  1.20551825, -0.53589669, -0.07580531,  0.90740943,
        2.44828555,  0.11013313, -0.42112507, -0.10432895, -0.01788875,
       -0.37540059, -0.01225455]), array([-0.12330876,  1.20338179, -0.53643178, -0.07589673,  0.90552992,
        2.44822401,  0.11161227, -0.42729211, -0.10701737, -0.01828426,
       -0.37590169, -0.01230692]), array([-0.12274372,  1.20121631, -0.53697901, -0.07598992,  0.90364907,
        2.44816222,  0.11300702, -0.43309558, -0.10944666, -0.01863723,
       -0.37616932, -0.01235874]), array([-0.12217213,  1.19902362, -0.53753708, -0.07608465,  0.90176807,
        2.44810017,  0.11431853, -0.43853888, -0.11161476, -0.01894757,
       -0.3762008 , -0.01241011]), array([-0.12159439,  1.19680549, -0.53810468, -0.07618073,  0.8998881 ,
        2.44803786,  0.11554787, -0.44362521, -0.11351998, -0.01921518,
       -0.37599369, -0.0124611 ]), array([-0.12101091,  1.1945637 , -0.53868049, -0.07627793,  0.89801037,
        2.4479753 ,  0.11669608, -0.44835759, -0.11516095, -0.01944004,
       -0.37554579, -0.0125118 ]), array([-0.12042209,  1.19230001, -0.53926317, -0.07637604,  0.8961361 ,
        2.44791249,  0.11776413, -0.4527389 , -0.11653664, -0.01962214,
       -0.37485523, -0.01256227]), array([-0.11982832,  1.19001615, -0.5398514 , -0.07647485,  0.89426649,
        2.44784943,  0.11875296, -0.4567719 , -0.11764632, -0.01976154,
       -0.37392047, -0.01261258]), array([-0.11923001,  1.18771385, -0.54044385, -0.07657414,  0.89240279,
        2.44778611,  0.11966345, -0.46045923, -0.11848959, -0.01985834,
       -0.37274037, -0.01266276]), array([-0.11862701,  1.1853948 , -0.54103939, -0.07667534,  0.89054538,
        2.44772282,  0.12060038, -0.46381173, -0.11910705, -0.02023916,
       -0.37148146, -0.01265925]), array([-0.11801966,  1.18306065, -0.5416367 , -0.076778  ,  0.88869564,
        2.4476594 ,  0.12146869, -0.46682882, -0.11946289, -0.02053271,
       -0.36994899, -0.01268374]), array([-0.11740832,  1.18071309, -0.54223448, -0.07688174,  0.88685489,
        2.44759579,  0.12226776, -0.46951225, -0.11955616, -0.02074839,
       -0.36814971, -0.01272277]), array([-0.11679334,  1.17835377, -0.54283141, -0.07698621,  0.88502444,
        2.44753194,  0.12299719, -0.47186387, -0.11938659, -0.02089361,
       -0.36608915, -0.01276911]), array([-0.11617505,  1.17598434, -0.54342619, -0.07709108,  0.88320558,
        2.44746785,  0.12365682, -0.47388569, -0.11895448, -0.02097433,
       -0.36377211, -0.01281892]), array([-0.11555382,  1.17360644, -0.54401749, -0.07719606,  0.88139957,
        2.44740349,  0.12424664, -0.4755798 , -0.11826061, -0.02099533,
       -0.36120293, -0.01287022]), array([-0.11492999,  1.1712217 , -0.54460402, -0.07730086,  0.87960764,
        2.44733888,  0.12476676, -0.47694845, -0.11730622, -0.02096055,
       -0.35838574, -0.01292197]), array([-0.1143039 ,  1.16883173, -0.54518448, -0.07740523,  0.87783102,
        2.44727402,  0.12521743, -0.47799399, -0.11609296, -0.02087323,
       -0.35532465, -0.01297368]), array([-0.1136759 ,  1.16643814, -0.5457576 , -0.07750891,  0.8760709 ,
        2.44720889,  0.12559897, -0.47871891, -0.11462287, -0.0207361 ,
       -0.35202386, -0.0130251 ]), array([-0.11304635,  1.16404251, -0.54632209, -0.07761166,  0.87432846,
        2.44714351,  0.12591179, -0.47912584, -0.11289837, -0.02055145,
       -0.34848777, -0.01307613]), array([-0.11241556,  1.16164642, -0.5468767 , -0.07771327,  0.87260485,
        2.44707788,  0.12615636, -0.47921756, -0.11092219, -0.02032128,
       -0.34472103, -0.01312673]), array([-0.1117839 ,  1.15925143, -0.54742019, -0.07781351,  0.87090121,
        2.44701199,  0.12633325, -0.47899701, -0.10869744, -0.02004732,
       -0.34072863, -0.01317687]), array([-0.11115168,  1.1568591 , -0.54795133, -0.07791216,  0.86921863,
        2.44694586,  0.12644304, -0.47846731, -0.10622756, -0.01973111,
       -0.33651592, -0.01322654]), array([-0.11051925,  1.15447094, -0.54846891, -0.07800903,  0.86755819,
        2.44687948,  0.12648641, -0.47763174, -0.10351629, -0.01937407,
       -0.33208861, -0.0132757 ]), array([-0.10988693,  1.15208847, -0.54897175, -0.07810392,  0.86592092,
        2.44681286,  0.12646406, -0.4764938 , -0.10056772, -0.0189775 ,
       -0.32745282, -0.01332433]), array([-0.10925505,  1.14971318, -0.54945868, -0.07819663,  0.86430785,
        2.446746  ,  0.12637676, -0.47505717, -0.09738625, -0.0185426 ,
       -0.32261507, -0.01337238]), array([-0.10862392,  1.14734656, -0.54992856, -0.07828699,  0.86271994,
        2.4466789 ,  0.12622533, -0.47332574, -0.09397661, -0.01807056,
       -0.31758229, -0.01341979]), array([-0.10799387,  1.14499004, -0.55038028, -0.0783748 ,  0.86115813,
        2.44661157,  0.12601065, -0.47130364, -0.0903438 , -0.01756251,
       -0.3123618 , -0.01346651]), array([-0.1073652 ,  1.14264506, -0.55081275, -0.0784599 ,  0.85962332,
        2.446544  ,  0.12573362, -0.4689952 , -0.08649317, -0.01701956,
       -0.30696131, -0.01351245]), array([-0.10673822,  1.14031304, -0.5512249 , -0.07854211,  0.85811638,
        2.44647622,  0.12539523, -0.466405  , -0.08243034, -0.01644282,
       -0.30138893, -0.01355753]), array([-0.10611527,  1.13799571, -0.55161396, -0.07861513,  0.85664621,
        2.44640697,  0.12459017, -0.46346431, -0.07781264, -0.01460378,
       -0.2940339 , -0.01384849]), array([-0.10549674,  1.13569467, -0.55197877, -0.07867979,  0.855212  ,
        2.44633694,  0.12370649, -0.46020822, -0.07296224, -0.01293217,
       -0.28684224, -0.01400595]), array([-0.10488298,  1.13341142, -0.55231827, -0.07873673,  0.85381325,
        2.44626648,  0.12275098, -0.4566504 , -0.06789988, -0.01138864,
       -0.27975019, -0.01409353]), array([-0.10427434,  1.13114741, -0.55263149, -0.07878645,  0.85244969,
        2.44619575,  0.12172935, -0.45280319, -0.06264274, -0.00994301,
       -0.27271187, -0.01414527]), array([-0.1036711 ,  1.12890402, -0.55291751, -0.07882931,  0.85112121,
        2.44612485,  0.12064653, -0.44867797, -0.05720539, -0.00857201,
       -0.26569504, -0.01417912]), array([-0.10307357,  1.12668259, -0.55317552, -0.0788656 ,  0.84982782,
        2.44605383,  0.11950683, -0.44428538, -0.05160052, -0.00725758,
       -0.25867778, -0.01420439]), array([-0.102482  ,  1.12448441, -0.55340471, -0.07889553,  0.84856959,
        2.4459827 ,  0.11831407, -0.43963556, -0.04583947, -0.00598574,
       -0.25164609, -0.01422571]), array([-0.10189664,  1.12231072, -0.55360438, -0.07891925,  0.84734663,
        2.44591148,  0.11707169, -0.43473829, -0.03993266, -0.00474568,
       -0.24459199, -0.01424525]), array([-0.10131773,  1.1201627 , -0.55377383, -0.0789369 ,  0.84615907,
        2.44584016,  0.11578284, -0.42960309, -0.03388988, -0.00352907,
       -0.23751206, -0.01426388]), array([-1.00745475e-01,  1.11804151e+00, -5.53912428e-01, -7.89485477e-02,
        8.45007039e-01,  2.44576875e+00,  1.14450427e-01, -4.24239341e-01,
       -2.77204933e-02, -2.32955446e-03, -2.30406407e-01, -1.42818482e-02]), array([-1.00180089e-01,  1.11594823e+00, -5.54019596e-01, -7.89542595e-02,
        8.43890650e-01,  2.44569725e+00,  1.13077199e-01, -4.18656344e-01,
       -2.14336131e-02, -1.14236460e-03, -2.23277766e-01, -1.42990636e-02]), array([-9.96217602e-02,  1.11388391e+00, -5.54094787e-01, -7.89540794e-02,
        8.42809996e-01,  2.44562568e+00,  1.11665748e-01, -4.12863368e-01,
       -1.50382127e-02,  3.60285659e-05, -2.16130895e-01, -1.43153130e-02]), array([-9.90706674e-02,  1.11184956e+00, -5.54137503e-01, -7.89480386e-02,
        8.41765136e-01,  2.44555402e+00,  1.10218564e-01, -4.06869693e-01,
       -8.54320028e-03,  1.20815330e-03, -2.08972055e-01, -1.43303357e-02]), array([-9.85269771e-02,  1.10984614e+00, -5.54147290e-01, -7.89361599e-02,
        8.40756092e-01,  2.44548231e+00,  1.08738051e-01, -4.00684640e-01,
       -1.95747252e-03,  2.37574096e-03, -2.01808635e-01, -1.43438712e-02]), array([-0.09799084,  1.10787455, -0.55412374, -0.07891846,  0.83978285,
        2.44541053,  0.10722655, -0.39431759,  0.00471005,  0.00353989,
       -0.19464884, -0.01435568]), array([-0.09746241,  1.10593566, -0.55406649, -0.07889495,  0.83884534,
        2.4453387 ,  0.10568635, -0.38777798,  0.01145042,  0.00470118,
       -0.18750146, -0.01436555]), array([-0.09694181,  1.10403028, -0.55397521, -0.07886566,  0.83794346,
        2.44526683,  0.10411971, -0.38107535,  0.01825461,  0.0058598 ,
       -0.18037567, -0.01437329]), array([-0.09642917,  1.10215919, -0.55384965, -0.07883058,  0.83707706,
        2.44519494,  0.10252885, -0.3742193 ,  0.02511359,  0.00701563,
       -0.17328092, -0.01437876]), array([-0.09592459,  1.10032309, -0.55368956, -0.07878974,  0.83624592,
        2.44512303,  0.10091595, -0.3672195 ,  0.03201826,  0.00816826,
       -0.16622675, -0.01438182]), array([-0.09542817,  1.09852266, -0.55349476, -0.07874315,  0.83544981,
        2.44505112,  0.09928319, -0.36008573,  0.03895951,  0.00931713,
       -0.15922275, -0.01438237]), array([-0.09493989,  1.09675845, -0.55326545, -0.07869122,  0.83468686,
        2.44497933,  0.09765763, -0.35284277,  0.04586168,  0.01038589,
       -0.15259007, -0.01435697]), array([-0.0944598 ,  1.09503098, -0.55300157, -0.0786339 ,  0.83395705,
        2.44490763,  0.0960169 , -0.34549356,  0.05277665,  0.0114633 ,
       -0.14596155, -0.01434143]), array([-0.09398799,  1.09334075, -0.55270308, -0.07857118,  0.83326025,
        2.44483598,  0.09436283, -0.33804633,  0.05969813,  0.01254537,
       -0.13936114, -0.0143297 ]), array([-0.0935245 ,  1.0916882 , -0.55236998, -0.07850303,  0.8325962 ,
        2.44476439,  0.0926973 , -0.33050967,  0.06661907,  0.0136288 ,
       -0.13280909, -0.01431855]), array([-0.09306939,  1.09007374, -0.55200232, -0.07842948,  0.83196459,
        2.44469285,  0.09102222, -0.32289245,  0.07353194,  0.01471078,
       -0.12632268, -0.01430625]), array([-0.09262269,  1.08849772, -0.55160018, -0.07835054,  0.831365  ,
        2.44462139,  0.08933947, -0.31520372,  0.08042885,  0.0157889 ,
       -0.1199169 , -0.0142919 ]), array([-0.09218444,  1.08696045, -0.55116367, -0.07826623,  0.83079698,
        2.44455002,  0.08765098, -0.30745271,  0.08730169,  0.01686101,
       -0.11360486, -0.01427509]), array([-0.09175464,  1.08546221, -0.55069296, -0.0781766 ,  0.83025999,
        2.44447874,  0.08595862, -0.29964873,  0.09414223,  0.01792524,
       -0.10739818, -0.0142556 ]), array([-0.09133332,  1.0840032 , -0.55018825, -0.0780817 ,  0.82975345,
        2.44440757,  0.08426428, -0.29180115,  0.10094223,  0.01897985,
       -0.10130718, -0.01423336]), array([-0.09092047,  1.08258361, -0.54964978, -0.07798159,  0.82927675,
        2.44433653,  0.08256982, -0.28391939,  0.10769348,  0.0200233 ,
       -0.09534116, -0.0142084 ]), array([-0.09051609,  1.08120354, -0.54907784, -0.07787632,  0.8288292 ,
        2.44426563,  0.08087705, -0.27601283,  0.11438783,  0.02105416,
       -0.08950848, -0.01418074]), array([-0.09012015,  1.07986309, -0.54847275, -0.07776596,  0.82841012,
        2.44419488,  0.07918778, -0.26809084,  0.1210173 ,  0.02207111,
       -0.08381669, -0.01415045]), array([-0.08973263,  1.07856228, -0.54783488, -0.0776506 ,  0.82801876,
        2.44412429,  0.07750375, -0.26016271,  0.12757406,  0.02307293,
       -0.07827264, -0.01411761]), array([-0.0893535 ,  1.07730109, -0.54716463, -0.0775303 ,  0.82765434,
        2.44405388,  0.07582669, -0.25223768,  0.13405045,  0.02405851,
       -0.0728825 , -0.01408231]), array([-0.08898271,  1.07607946, -0.54646243, -0.07740517,  0.82731609,
        2.44398365,  0.07415826, -0.24432483,  0.14043907,  0.02502679,
       -0.06765185, -0.01404464]), array([-0.08862021,  1.0748973 , -0.54572877, -0.07727529,  0.82700316,
        2.44391363,  0.07250009, -0.23643317,  0.14673274,  0.02597681,
       -0.06258566, -0.0140047 ]), array([-0.08826594,  1.07375444, -0.54496415, -0.07714075,  0.82671472,
        2.44384382,  0.07085374, -0.22857152,  0.15292453,  0.02690765,
       -0.0576884 , -0.01396258]), array([-0.08791983,  1.0726507 , -0.54416911, -0.07700166,  0.8264499 ,
        2.44377422,  0.06922075, -0.22074857,  0.15900781,  0.0278185 ,
       -0.05296399, -0.0139184 ]), array([-0.08758182,  1.07158583, -0.54334423, -0.07685811,  0.82620782,
        2.44370486,  0.06760256, -0.21297281,  0.1649762 ,  0.02870857,
       -0.04841586, -0.01387226]), array([-0.08725182,  1.07055957, -0.54249011, -0.07671023,  0.82598758,
        2.44363574,  0.06600059, -0.20525253,  0.17082366,  0.02957718,
       -0.04404696, -0.01382427]), array([-0.08692974,  1.06957159, -0.54160739, -0.07655811,  0.82578828,
        2.44356687,  0.06441617, -0.19759584,  0.17654441,  0.03042366,
       -0.03985974, -0.01377455]), array([-0.08661548,  1.06862154, -0.54069672, -0.07640187,  0.825609  ,
        2.44349825,  0.06285059, -0.19001059,  0.18213303,  0.03124744,
       -0.03585623, -0.01372321]), array([-0.08630896,  1.06770902, -0.5397588 , -0.07624163,  0.82544881,
        2.4434299 ,  0.06130506, -0.18250443,  0.18758439,  0.03204799,
       -0.032038  , -0.01367038]), array([-0.08601005,  1.06683359, -0.53879433, -0.07607751,  0.82530678,
        2.44336182,  0.05978075, -0.17508473,  0.19289371,  0.03282483,
       -0.02840619, -0.01361616]), array([-0.08571866,  1.0659948 , -0.53780405, -0.07590962,  0.82518197,
        2.44329402,  0.05827873, -0.16775863,  0.19805652,  0.03357756,
       -0.02496152, -0.0135607 ]), array([-0.08543466,  1.06519213, -0.53678871, -0.07573809,  0.82507345,
        2.4432265 ,  0.05680004, -0.16053297,  0.2030687 ,  0.03430581,
       -0.02170431, -0.0135041 ]), array([-0.08515793,  1.06442506, -0.53574907, -0.07556304,  0.82498028,
        2.44315926,  0.05534564, -0.15341435,  0.20792646,  0.03500928,
       -0.01863449, -0.01344649]), array([-0.08488835,  1.06369302, -0.53468594, -0.07538461,  0.82490152,
        2.44309232,  0.05391641, -0.14640905,  0.21262636,  0.03568772,
       -0.01575162, -0.013388  ]), array([-0.08462578,  1.0629954 , -0.53360012, -0.0752029 ,  0.82483625,
        2.44302568,  0.05251318, -0.13952309,  0.21716527,  0.03634093,
       -0.01305487, -0.01332874]), array([-0.0843701 ,  1.06233159, -0.53249241, -0.07501806,  0.82478353,
        2.44295934,  0.05113671, -0.13276216,  0.22154042,  0.03696874,
       -0.01054311, -0.01326885]), array([-0.08412116,  1.06170093, -0.53136367, -0.0748302 ,  0.82474246,
        2.44289329,  0.0497877 , -0.12613168,  0.22574938,  0.03757108,
       -0.00821483, -0.01320844]), array([-0.08387883,  1.06110275, -0.53021472, -0.07463946,  0.82471212,
        2.44282756,  0.04846678, -0.11963672,  0.22979003,  0.03814787,
       -0.00606822, -0.01314762]), array([-0.08364296,  1.06053634, -0.52904641, -0.07444597,  0.82469161,
        2.44276212,  0.04717451, -0.11328209,  0.23366059,  0.03869911,
       -0.0041012 , -0.01308653]), array([-8.34133992e-02,  1.06000098e+00, -5.27859615e-01, -7.42498430e-02,
        8.24680053e-01,  2.44269700e+00,  4.59114048e-02, -1.07072243e-01,
        2.37359610e-01,  3.92248400e-02, -2.31135097e-03, -1.30252650e-02]), array([-8.31900098e-02,  1.05949592e+00, -5.26655186e-01, -7.40512173e-02,
        8.24676573e-01,  2.44263218e+00,  4.46778965e-02, -1.01011336e-01,
        2.40885954e-01,  3.97251421e-02, -6.96033404e-04, -1.29639505e-02]), array([-8.29726379e-02,  1.05902040e+00, -5.25433992e-01, -7.38502166e-02,
        8.24680311e-01,  2.44256766e+00,  4.34743682e-02, -9.51032078e-02,
        2.44238797e-01,  4.02001375e-02,  7.47665136e-04, -1.29026931e-02]), array([-8.27611322e-02,  1.05857365e+00, -5.24196904e-01, -7.36469666e-02,
        8.24690426e-01,  2.44250346e+00,  4.23011407e-02, -8.93513774e-02,
        2.47417626e-01,  4.06499893e-02,  2.02288626e-03, -1.28416000e-02]), array([-0.08255534,  1.05815485, -0.52294479, -0.07344159,  0.82470609,
        2.44243955,  0.04115848, -0.08375905,  0.25042222,  0.0410749 ,
        0.00313299, -0.01278077]), array([-0.08235511,  1.05776321, -0.52167853, -0.07323422,  0.8247265 ,
        2.44237595,  0.04004658, -0.07832911,  0.25325267,  0.04147511,
        0.00408153, -0.01272032]), array([-0.08216028,  1.05739789, -0.52039898, -0.07302496,  0.82475086,
        2.44231265,  0.03896561, -0.07306415,  0.25590932,  0.04185088,
        0.00487226, -0.01266033]), array([-0.0819707 ,  1.05705805, -0.51910702, -0.07281395,  0.8247784 ,
        2.44224964,  0.03791565, -0.06796642,  0.25839281,  0.04220253,
        0.00550907, -0.01260089]), array([-0.08178622,  1.05674286, -0.5178035 , -0.0726013 ,  0.82480839,
        2.44218693,  0.03689676, -0.06303788,  0.26070404,  0.0425304 ,
        0.00599604, -0.0125421 ]), array([-0.08160667,  1.05645146, -0.51648928, -0.07238712,  0.82484007,
        2.44212451,  0.03590893, -0.05828021,  0.26284418,  0.04283484,
        0.00633735, -0.01248404]), array([-0.08143191,  1.05618299, -0.5151652 , -0.07217154,  0.82487276,
        2.44206238,  0.03495212, -0.05369475,  0.26481462,  0.04311627,
        0.00653733, -0.01242679]), array([-0.08126178,  1.05593658, -0.51383212, -0.07195467,  0.82490576,
        2.44200053,  0.03402621, -0.04928258,  0.26661701,  0.04337509,
        0.00660038, -0.01237042]), array([-0.08109613,  1.05571135, -0.51249085, -0.07173661,  0.82493842,
        2.44193895,  0.03313107, -0.04504449,  0.26825322,  0.04361175,
        0.00653101, -0.01231501]), array([-0.08093479,  1.05550645, -0.51114223, -0.07151747,  0.82497008,
        2.44187765,  0.03226652, -0.04098098,  0.26972531,  0.04382672,
        0.0063338 , -0.01226063]), array([-0.08077763,  1.05532099, -0.50978705, -0.07129737,  0.82500015,
        2.44181661,  0.03143234, -0.03709227,  0.27103558,  0.04402049,
        0.00601339, -0.01220732]), array([-0.08062449,  1.0551541 , -0.50842612, -0.0710764 ,  0.82502802,
        2.44175584,  0.03062825, -0.03337835,  0.27218649,  0.04419356,
        0.00557447, -0.01215516]), array([-0.08047522,  1.0550049 , -0.50706021, -0.07085467,  0.82505313,
        2.44169532,  0.02985397, -0.02983891,  0.27318072,  0.04434646,
        0.00502176, -0.0121042 ]), array([-0.08032967,  1.05487254, -0.50569011, -0.07063227,  0.82507493,
        2.44163504,  0.02910916, -0.02647341,  0.27402108,  0.04447972,
        0.00435999, -0.01205447]), array([-0.08018771,  1.05475613, -0.50431655, -0.0704093 ,  0.8250929 ,
        2.44157501,  0.02839346, -0.02328107,  0.27471057,  0.04459389,
        0.00359393, -0.01200604]), array([-0.08004917,  1.05465483, -0.50294029, -0.07018586,  0.82510654,
        2.44151522,  0.02770648, -0.02026087,  0.2752523 ,  0.04468954,
        0.00272831, -0.01195893]), array([-7.99139353e-02,  1.05456777e+00, -5.01562045e-01, -6.99620197e-02,
        8.25115383e-01,  2.44145565e+00,  2.70477824e-02, -1.74115722e-02,
        2.75649560e-01,  4.47672365e-02,  1.76787021e-03, -1.19131769e-02]), array([-7.97818507e-02,  1.05449411e+00, -5.00182516e-01, -6.97378819e-02,
        8.25118970e-01,  2.44139631e+00,  2.64169318e-02, -1.47317202e-02,
        2.75905734e-01,  4.48275640e-02,  7.17329472e-04, -1.18688208e-02]), array([-7.96527834e-02,  1.05443301e+00, -4.98802395e-01, -6.95135264e-02,
        8.25116876e-01,  2.44133718e+00,  2.58134517e-02, -1.22196501e-02,
        2.76024332e-01,  4.48711092e-02, -4.18632707e-04, -1.18258844e-02]), array([-7.95265992e-02,  1.05438364e+00, -4.97422350e-01, -6.92890340e-02,
        8.25108700e-01,  2.44127826e+00,  2.52368466e-02, -9.87350235e-03,
        2.76008966e-01,  4.48984653e-02, -1.63537497e-03, -1.17843907e-02]), array([-0.07940317,  1.05434519, -0.49604303, -0.06906448,  0.82509406,
        2.44121954,  0.0246866 , -0.00769123,  0.27586334,  0.04491023,
       -0.0029283 , -0.01174436]), array([-0.07928236,  1.05431683, -0.49466508, -0.06883995,  0.82507259,
        2.44116101,  0.02416218, -0.00567061,  0.27559123,  0.044907  ,
       -0.00429289, -0.0117058 ]), array([-0.07916404,  1.05429779, -0.49328909, -0.0686155 ,  0.82504397,
        2.44110266,  0.02366303, -0.00380924,  0.27519651,  0.04488938,
       -0.00572464, -0.01166874]), array([-7.90480972e-02,  1.05428727e+00, -4.91915679e-01, -6.83912111e-02,
        8.25007874e-01,  2.44104450e+00,  2.31885835e-02, -2.10458314e-03,
        2.74683093e-01,  4.48579750e-02, -7.21917787e-03, -1.16331684e-02]), array([-7.89344059e-02,  1.05428450e+00, -4.90545404e-01, -6.81671442e-02,
        8.24964014e-01,  2.44098650e+00,  2.27382609e-02, -5.53927057e-04,
        2.74054947e-01,  4.48133771e-02, -8.77215775e-03, -1.15991011e-02]), array([-7.88228486e-02,  1.05428872e+00, -4.89178824e-01, -6.79433633e-02,
        8.24912117e-01,  2.44092867e+00,  2.23114676e-02,  8.45566280e-04,
        2.73316091e-01,  4.47561873e-02, -1.03793367e-02, -1.15665374e-02]), array([-7.87133106e-02,  1.05429921e+00, -4.87816471e-01, -6.77199283e-02,
        8.24851934e-01,  2.44087099e+00,  2.19075991e-02,  2.09686810e-03,
        2.72470572e-01,  4.46869999e-02, -1.20365525e-02, -1.15354760e-02]), array([-0.07860568,  1.05431522, -0.48645886, -0.0674969 ,  0.82478324,
        2.44081346,  0.02152604,  0.00320307,  0.27152247,  0.04460641,
       -0.01373973, -0.01150591]), array([-0.07849985,  1.05433606, -0.48510648, -0.06727432,  0.82470581,
        2.44075607,  0.02116617,  0.00416738,  0.27047586,  0.04451499,
       -0.0154849 , -0.01147784]), array([-0.07839571,  1.05436103, -0.4837598 , -0.06705225,  0.82461947,
        2.44069882,  0.02082737,  0.00499309,  0.26933486,  0.04441333,
       -0.01726816, -0.01145125]), array([-0.07829317,  1.05438944, -0.48241929, -0.06683074,  0.82452404,
        2.44064169,  0.02050899,  0.00568362,  0.26810356,  0.04430199,
       -0.01908575, -0.01142613]), array([-0.07819212,  1.05442066, -0.48108536, -0.06660984,  0.82441937,
        2.44058467,  0.02021041,  0.00624244,  0.26678607,  0.04418155,
       -0.02093397, -0.01140246]), array([-0.07809246,  1.05445402, -0.47975842, -0.06638957,  0.82430533,
        2.44052777,  0.01993098,  0.00667312,  0.26538645,  0.04405255,
       -0.02280925, -0.01138023]), array([-0.07799411,  1.05448892, -0.47843888, -0.06617   ,  0.82418178,
        2.44047098,  0.01967006,  0.00697927,  0.26390878,  0.04391554,
       -0.0247081 , -0.01135943]), array([-0.07789698,  1.05452474, -0.4771271 , -0.06595114,  0.82404865,
        2.44041428,  0.01942701,  0.0071646 ,  0.26235708,  0.04377106,
       -0.02662717, -0.01134002]), array([-0.07780097,  1.0545609 , -0.47582342, -0.06573304,  0.82390583,
        2.44035767,  0.0192012 ,  0.00723282,  0.26073537,  0.04361963,
       -0.0285632 , -0.01132199]), array([-0.07770601,  1.05459684, -0.47452818, -0.06551573,  0.82375327,
        2.44030114,  0.01899198,  0.00718774,  0.2590476 ,  0.04346178,
       -0.03051301, -0.01130532]), array([-0.07761202,  1.05463201, -0.47324169, -0.06529924,  0.8235909 ,
        2.44024469,  0.01879871,  0.00703316,  0.2572977 ,  0.04329799,
       -0.03247357, -0.01128998]), array([-0.07751891,  1.05466587, -0.47196424, -0.0650836 ,  0.82341869,
        2.44018831,  0.01862077,  0.00677292,  0.25548956,  0.04312877,
       -0.03444194, -0.01127594]), array([-0.07742662,  1.05469793, -0.47069611, -0.06486883,  0.82323661,
        2.44013199,  0.01845752,  0.0064109 ,  0.25362698,  0.04295459,
       -0.03641528, -0.01126318]), array([-0.07733508,  1.05472768, -0.46943754, -0.06465495,  0.82304466,
        2.44007573,  0.01830835,  0.00595098,  0.25171374,  0.04277592,
       -0.03839087, -0.01125166]), array([-0.07724422,  1.05475467, -0.46818877, -0.06444198,  0.82284283,
        2.44001953,  0.01817264,  0.00539703,  0.24975356,  0.04259322,
       -0.04036607, -0.01124137]), array([-0.07715397,  1.05477843, -0.46695002, -0.06422995,  0.82263114,
        2.43996337,  0.01804977,  0.00475296,  0.24775006,  0.04240692,
       -0.04233838, -0.01123226]), array([-0.07319275,  1.05664698, -0.46415223, -0.0579235 ,  0.82165095,
        2.44957247,  0.79224487,  0.37370936,  0.55955807,  1.26129016,
       -0.19603779,  1.92182042]), array([-0.06756836,  1.05363843, -0.45696181, -0.05303971,  0.82686502,
        2.44902484,  1.12487679, -0.60171065,  1.43808459,  0.97675636,
        1.04281388, -0.10952529]), array([-0.0607731 ,  1.05349918, -0.45134028, -0.04450551,  0.83213796,
        2.45817382,  1.35905226, -0.02784935,  1.124306  ,  1.70684127,
        1.05458783,  1.8297956 ]), array([-0.05327418,  1.05025498, -0.44424508, -0.03171533,  0.83837196,
        2.456493  ,  1.49978518, -0.64884026,  1.41904056,  2.558035  ,
        1.24680051, -0.33616467]), array([-0.04634778,  1.04987688, -0.43813737, -0.02375401,  0.84387738,
        2.4653542 ,  1.38527912, -0.07561946,  1.22154219,  1.59226552,
        1.10108492,  1.77224038]), array([-0.03980761,  1.0462997 , -0.43019064, -0.01918805,  0.85050183,
        2.46415787,  1.30803313, -0.71543614,  1.58934592,  0.91319035,
        1.32488963, -0.23926509]), array([-0.0338337 ,  1.04557869, -0.42303032, -0.01833327,  0.85634837,
        2.45297999,  1.19478196, -0.14420115,  1.43206396,  0.17095757,
        1.16930721, -2.23557686]), array([-0.02731215,  1.04189491, -0.41486847, -0.01397914,  0.86291716,
        2.45225124,  1.30431028, -0.7367578 ,  1.63236944,  0.87082535,
        1.31375821, -0.14574967]), array([-0.0212888 ,  1.03389865, -0.40253831, -0.01299711,  0.87309527,
        2.44176335,  1.20467024, -1.59925117,  2.46603268,  0.19640642,
        2.03562303, -2.097579  ]), array([-0.01569547,  1.02848548, -0.39128876, -0.01487919,  0.8821873 ,
        2.4236605 ,  1.11866543, -1.08263487,  2.24990826, -0.37641646,
        1.81840482, -3.6205694 ]), array([-0.00953874,  1.02731304, -0.38390503, -0.01345642,  0.88770249,
        2.41602804,  1.23134784, -0.23448628,  1.47674664,  0.28455414,
        1.10303892, -1.52649186]), array([-0.00383813,  1.02281901, -0.37473931, -0.0152541 ,  0.89532136,
        2.39895844,  1.14012053, -0.89880662,  1.83314389, -0.35953699,
        1.52377312, -3.41391988]), array([ 2.39095120e-03,  1.02146447e+00, -3.67015777e-01, -1.37705637e-02,
        9.01153633e-01,  2.39225477e+00,  1.24581677e+00, -2.70908808e-01,
        1.54470687e+00,  2.96708021e-01,  1.16645472e+00, -1.34073485e+00]), array([ 0.00819189,  1.01667962, -0.35716613, -0.01546966,  0.90906143,
        2.37606514,  1.16018856, -0.95696876,  1.96993007, -0.33981909,
        1.58155916, -3.23792466]), array([ 0.01451396,  1.00788519, -0.34371378, -0.01364371,  0.91928089,
        2.37046279,  1.26441319, -1.75888686,  2.69046969,  0.36518953,
        2.04389214, -1.12047003]), array([ 0.02044914,  1.00215571, -0.33141196, -0.01592966,  0.92836282,
        2.37546047,  1.187037  , -1.14589648,  2.46036335, -0.45718984,
        1.81638545,  0.99953536]), array([ 0.02728709,  0.99340999, -0.31779741, -0.01430524,  0.9383421 ,
        2.39023123,  1.36758805, -1.74914384,  2.72290955,  0.32488466,
        1.99585742,  2.95415199]), array([ 0.03502302,  0.98796533, -0.30575367, -0.00848558,  0.94676836,
        2.39363867,  1.54718767, -1.08893201,  2.40874861,  1.16393049,
        1.68525083,  0.68148873]), array([ 4.33402191e-02,  9.86112921e-01, -2.96136463e-01,  4.04968315e-04,
        9.52789592e-01,  2.40664651e+00,  1.66343910e+00, -3.70481220e-01,
        1.92344154e+00,  1.77811065e+00,  1.20424683e+00,  2.60156831e+00]), array([ 0.05132973,  0.98221524, -0.28514794,  0.00669462,  0.95949014,
        2.42552813,  1.59790289, -0.77953638,  2.19770523,  1.25793097,
        1.34010889,  3.77632396]), array([ 0.05910086,  0.97854086, -0.27453824,  0.01261003,  0.96564326,
        2.44363405,  1.55422602, -0.73487671,  2.1219391 ,  1.18308059,
        1.23062512,  3.62118328]), array([ 0.06723096,  0.97397308, -0.26284047,  0.0180301 ,  0.97214647,
        2.46309368,  1.62601968, -0.91355584,  2.33955335,  1.08401447,
        1.3006422 ,  3.89192662]), array([ 0.07693202,  0.96526915, -0.24569865,  0.02261477,  0.98167442,
        2.47379459,  1.94021201, -1.74078568,  3.4283643 ,  0.91693351,
        1.90558886,  2.14018034]), array([ 0.08652497,  0.95740702, -0.22903   ,  0.02625354,  0.99058261,
        2.48610938,  1.91858938, -1.57242634,  3.33373133,  0.72775395,
        1.78163855,  2.46295899]), array([ 0.09587717,  0.94994608, -0.21301062,  0.02955752,  0.9988354 ,
        2.49790173,  1.87044064, -1.49218641,  3.20387629,  0.66079751,
        1.65055884,  2.35846993]), array([ 0.10541165,  0.93972539, -0.19369814,  0.03505686,  1.00928221,
        2.50284747,  1.90689532, -2.04413883,  3.86249429,  1.09986825,
        2.08936086,  0.98914818]), array([ 0.11470412,  0.92999978, -0.1751746 ,  0.04012721,  1.01901555,
        2.5075811 ,  1.85849501, -1.94512228,  3.70470813,  1.01406856,
        1.94666824,  0.94672607]), array([ 0.12401636,  0.9197041 , -0.15610756,  0.04573006,  1.02897718,
        2.50999289,  1.86244789, -2.05913516,  3.81340846,  1.12057028,
        1.99232664,  0.48235686]), array([ 0.13308363,  0.90988298, -0.13789067,  0.05089558,  1.03808274,
        2.51225581,  1.81345371, -1.96422497,  3.64337856,  1.03310326,
        1.82111108,  0.45258555]), array([ 0.14175881,  0.89944082, -0.11903635,  0.05475129,  1.0470821 ,
        2.51235824,  1.73503531, -2.08843236,  3.77086425,  0.77114203,
        1.79987195,  0.02048505]), array([ 0.1500062 ,  0.88838238, -0.09969431,  0.05662112,  1.05542272,
        2.51050099,  1.64947854, -2.21168672,  3.86840647,  0.3739664 ,
        1.66812347, -0.37144979]), array([ 0.15832888,  0.8777928 , -0.08138781,  0.05720594,  1.06225774,
        2.50927172,  1.6645362 , -2.11791601,  3.6613009 ,  0.11696514,
        1.36700543, -0.24585339]), array([ 0.16573544,  0.8676287 , -0.06418151,  0.05999635,  1.06736358,
        2.50708293,  1.48131098, -2.0328215 ,  3.44125945,  0.55808047,
        1.02116839, -0.43775932]), array([ 0.17254303,  0.85789557, -0.04809052,  0.06391979,  1.0702248 ,
        2.50472299,  1.36151877, -1.94662593,  3.21819867,  0.78468819,
        0.57224229, -0.47198797]), array([ 0.17885422,  0.84859711, -0.03302274,  0.06862221,  1.07105885,
        2.50237278,  1.26223705, -1.85969096,  3.01355655,  0.94048483,
        0.16681108, -0.47004046]), array([ 0.1847523 ,  0.83974075, -0.01882779,  0.07378602,  1.07043161,
        2.50005137,  1.17961581, -1.77127176,  2.83898896,  1.03276097,
       -0.12544779, -0.46428288]), array([ 0.19030586,  0.83133123, -0.00538543,  0.07915677,  1.06875967,
        2.49777376,  1.11071329, -1.68190528,  2.68847209,  1.07415071,
       -0.33438889, -0.45552131]), array([ 0.19557149,  0.82337048,  0.0074007 ,  0.08453267,  1.06634753,
        2.49555169,  1.05312652, -1.59214823,  2.55722613,  1.07518052,
       -0.48242804, -0.44441402]), array([ 0.20059586,  0.81585792,  0.01960811,  0.08975569,  1.06341572,
        2.49339413,  1.0048736 , -1.50251347,  2.44148221,  1.04460346,
       -0.58636053, -0.43151264]), array([ 0.20541741,  0.8087907 ,  0.03129951,  0.09470408,  1.06012205,
        2.4913077 ,  0.96430901, -1.413444  ,  2.33827953,  0.9896792 ,
       -0.65873523, -0.41728637]), array([ 0.21006771,  0.80216416,  0.04252599,  0.09928613,  1.05657758,
        2.48929701,  0.93006046, -1.32530706,  2.24529587,  0.91640992,
       -0.7088937 , -0.40213668]), array([ 0.21457261,  0.79597217,  0.05332954,  0.10343483,  1.0528588 ,
        2.48736498,  0.90098069, -1.23839823,  2.16070975,  0.82973954,
       -0.74375674, -0.38640666]), array([ 0.21895316,  0.79020742,  0.06374499,  0.10710344,  1.0490167 ,
        2.48551304,  0.87610949, -1.15294993,  2.08309019,  0.73372221,
       -0.76841995, -0.3703877 ]), array([ 0.22322638,  0.78486172,  0.07380154,  0.11026177,  1.04508367,
        2.48374142,  0.85464346, -1.06914107,  2.01130978,  0.63166488,
       -0.78660504, -0.35432469]), array([ 0.22740593,  0.77992618,  0.08352392,  0.11289301,  1.04107866,
        2.48204932,  0.83591126, -0.98710651,  1.94447654,  0.52624784,
       -0.80100168, -0.33842065]), array([ 0.2315027 ,  0.77539146,  0.09293332,  0.11499114,  1.03701103,
        2.48043511,  0.81935331, -0.90694553,  1.88188094,  0.41962676,
       -0.81352643, -0.32284098]), array([ 0.23552522,  0.77124781,  0.1020481 ,  0.11655874,  1.03288344,
        2.47889652,  0.80450466, -0.82872905,  1.82295485,  0.31351893,
       -0.82551868, -0.30771755]), array([ 0.23948013,  0.76748528,  0.1108843 ,  0.11760512,  1.02869399,
        2.47743076,  0.7909807 , -0.75250577,  1.76723978,  0.20927615,
       -0.83788877, -0.29315269]), array([ 0.24337245,  0.76409375,  0.11945611,  0.11814485,  1.02443785,
        2.47603465,  0.77846495, -0.67830705,  1.7143624 ,  0.10794636,
       -0.85122975, -0.2792229 ]), array([ 0.24720595,  0.76106299,  0.12777619,  0.11819648,  1.02010834,
        2.47470473,  0.76669862, -0.60615096,  1.66401566,  0.01032555,
       -0.86590158, -0.26598246]), array([ 0.2509833 ,  0.75838276,  0.13585591,  0.11778148,  1.01569787,
        2.4734374 ,  0.75547175, -0.53604545,  1.61594422, -0.08299835,
       -0.88209442, -0.2534667 ]), array([ 0.25470638,  0.75604281,  0.14370557,  0.11692344,  1.01119849,
        2.47222892,  0.74461553, -0.46799087,  1.56993331, -0.17160854,
       -0.89987595, -0.2416951 ]), array([ 0.25837636,  0.7540329 ,  0.15133457,  0.1156473 ,  1.00660235,
        2.47107555,  0.73399579, -0.40198199,  1.52580006, -0.2552283 ,
       -0.91922686, -0.23067395]), array([ 0.2619939 ,  0.75234285,  0.15875151,  0.11397883,  1.00190202,
        2.46997356,  0.72350727, -0.33800945,  1.48338687, -0.33369481,
       -0.94006711, -0.22039888]), array([ 0.26555924,  0.75096255,  0.16596429,  0.11194414,  0.99709064,
        2.46891927,  0.71306889, -0.27606103,  1.44255629, -0.40693733,
       -0.96227548, -0.21085697]), array([ 0.26907234,  0.74988193,  0.17298023,  0.10956934,  0.99216212,
        2.46790913,  0.70261954, -0.21612247,  1.40318707, -0.47495875,
       -0.98570388, -0.20202863]), array([ 0.27253291,  0.74909104,  0.17980608,  0.10688024,  0.98711118,
        2.46693969,  0.69211455, -0.15817816,  1.36517113, -0.53782031,
       -1.01018797, -0.19388924]), array([ 0.27594053,  0.74857999,  0.18644814,  0.1039021 ,  0.98193341,
        2.46600763,  0.68152265, -0.10221163,  1.32841118, -0.59562878,
       -1.03555471, -0.18641047]), array([ 0.27929464,  0.74833896,  0.19291223,  0.10065947,  0.97662527,
        2.46510983,  0.67082341, -0.04820589,  1.29281893, -0.64852585,
       -1.06162793, -0.17956152]), array([ 0.28259467,  0.74835824,  0.1992038 ,  0.09717607,  0.9711841 ,
        2.46424328,  0.66000504,  0.00385634,  1.25831368, -0.69667926,
       -1.08823228, -0.17331   ]), array([ 0.28583998,  0.7486282 ,  0.20532791,  0.0934747 ,  0.96560812,
        2.46340516,  0.6490625 ,  0.05399246,  1.22482121, -0.74027557,
       -1.11519594, -0.16762275]), array([ 0.28902996,  0.7491393 ,  0.21128927,  0.08957713,  0.95989636,
        2.46259283,  0.63799601,  0.10221993,  1.19227293, -0.77951412,
       -1.14235256, -0.16246648]), array([ 0.29216401,  0.74988208,  0.2170923 ,  0.08550411,  0.95404865,
        2.46180379,  0.62680966,  0.14855621,  1.16060523, -0.81460213,
       -1.16954256, -0.15780823]), array([ 0.29524156,  0.75084717,  0.22274109,  0.08127536,  0.94806558,
        2.46103571,  0.61551035,  0.19301875,  1.12975897, -0.84575074,
       -1.19661392, -0.15361583]), array([ 0.29826209,  0.7520253 ,  0.22823949,  0.0769095 ,  0.94194847,
        2.46028642,  0.60410687,  0.23562503,  1.09967901, -0.87317176,
       -1.2234227 , -0.14985815]), array([ 0.30122514,  0.75340726,  0.23359106,  0.07242413,  0.9356993 ,
        2.45955389,  0.59260914,  0.27639259,  1.07031395, -0.89707507,
       -1.24983331, -0.14650532]), array([ 0.30413028,  0.75498396,  0.23879914,  0.06783579,  0.92932071,
        2.45883625,  0.58102763,  0.31533906,  1.04161581, -0.91766663,
       -1.27571859, -0.14352889]), array([ 0.30697714,  0.75674637,  0.24386684,  0.06316006,  0.92281591,
        2.45813174,  0.56937281,  0.35248225,  1.01353983, -0.93514686,
       -1.30095984, -0.14090192]), array([ 0.30976542,  0.75868557,  0.24879706,  0.05841151,  0.91618867,
        2.45743874,  0.55765478,  0.38784015,  0.98604428, -0.94970944,
       -1.32544667, -0.13859904]), array([ 0.31249483,  0.76079273,  0.25359251,  0.05360381,  0.90944329,
        2.45675576,  0.54588297,  0.42143104,  0.9590903 , -0.96154041,
       -1.34907688, -0.13659643]), array([ 0.31516516,  0.76305909,  0.25825572,  0.04874972,  0.90258451,
        2.4560814 ,  0.53406586,  0.45327351,  0.93264179, -0.97081752,
       -1.37175625, -0.13487187]), array([ 0.31777621,  0.76547603,  0.26278904,  0.04386117,  0.89561752,
        2.45541438,  0.52221083,  0.48338651,  0.90666521, -0.97770985,
       -1.39339834, -0.13340465]), array([ 0.32032783,  0.76803497,  0.26719469,  0.03894929,  0.88854789,
        2.4547535 ,  0.51032406,  0.51178939,  0.88112958, -0.98237752,
       -1.41392425, -0.13217553]), array([ 0.32281989,  0.77072748,  0.27147472,  0.03402443,  0.88138158,
        2.45409767,  0.49841035,  0.53850197,  0.85600626, -0.98497162,
       -1.43326236, -0.1311667 ]), array([ 0.32525225,  0.7735452 ,  0.27563107,  0.02909626,  0.87412484,
        2.45344586,  0.48647318,  0.56354449,  0.83126895, -0.98563424,
       -1.45134811, -0.13036168]), array([ 0.32762483,  0.77647989,  0.27966553,  0.02417376,  0.86678422,
        2.45279713,  0.47451463,  0.58693773,  0.80689352, -0.98449856,
       -1.46812376, -0.12974526]), array([ 0.3299375 ,  0.77952341,  0.28357982,  0.01926532,  0.85936653,
        2.45215061,  0.46253538,  0.60870296,  0.78285797, -0.98168906,
       -1.48353808, -0.12930341]), array([ 0.33219018,  0.78266772,  0.28737554,  0.01437871,  0.8518788 ,
        2.4515055 ,  0.45053478,  0.62886196,  0.75914229, -0.97732179,
       -1.49754614, -0.1290232 ]), array([ 0.33438273,  0.7859049 ,  0.29105418,  0.00952119,  0.84432826,
        2.45086104,  0.43851085,  0.64743705,  0.73572843, -0.97150465,
       -1.51010907, -0.12889274]), array([ 0.33651503,  0.78922716,  0.29461718,  0.0046995 ,  0.83672229,
        2.45021653,  0.42646037,  0.66445107,  0.71260016, -0.96433775,
       -1.52119376, -0.12890107]), array([ 3.38586927e-01,  7.92626795e-01,  2.98065894e-01, -8.00713516e-05,
        8.29068425e-01,  2.44957134e+00,  4.14378926e-01,  6.79927389e-01,
        6.89743016e-01, -9.55913756e-01, -1.53077267e+00, -1.29038085e-01]), array([ 0.34059823,  0.79609624,  0.30140162, -0.00481166,  0.82137431,
        2.44892487,  0.40226097,  0.69388989,  0.66714418, -0.9463183 ,
       -1.53882355, -0.1292945 ]), array([ 0.34254873,  0.79962806,  0.30462558, -0.00948981,  0.81364766,
        2.44827656,  0.39009995,  0.70636295,  0.64479243, -0.93563036,
       -1.54532919, -0.12966173]), array([ 0.34443817,  0.80321492,  0.30773897, -0.01410943,  0.80589628,
        2.4476259 ,  0.37788834,  0.71737142,  0.62267804, -0.92392266,
       -1.55027723, -0.13013187]), array([ 0.34626626,  0.80684962,  0.31074293, -0.01866574,  0.79812798,
        2.44697241,  0.36561776,  0.72694065,  0.60079266, -0.91126207,
       -1.55365986, -0.1306976 ]), array([ 0.34803266,  0.8105251 ,  0.31363858, -0.02315429,  0.79035061,
        2.44631565,  0.35327906,  0.73509641,  0.5791293 , -0.89771002,
       -1.55547364, -0.13135215]), array([ 0.34973697,  0.81423443,  0.31642699, -0.0275709 ,  0.78257201,
        2.4456552 ,  0.34086243,  0.74186488,  0.55768218, -0.88332287,
       -1.55571924, -0.13208922]), array([ 0.35137876,  0.81797079,  0.31910922, -0.03191166,  0.77480001,
        2.44499069,  0.32835744,  0.74727267,  0.53644667, -0.86815231,
       -1.55440122, -0.13290296]), array([ 0.35295752,  0.82172752,  0.32168632, -0.03617289,  0.76704237,
        2.44432175,  0.31575318,  0.75134672,  0.51541921, -0.85224573,
       -1.55152783, -0.13378793]), array([ 0.35447271,  0.8254981 ,  0.3241593 , -0.04035113,  0.75930681,
        2.44364805,  0.30303834,  0.75411433,  0.49459723, -0.83564655,
       -1.54711077, -0.13473902]), array([ 0.35592372,  0.82927611,  0.3265292 , -0.0444431 ,  0.75160099,
        2.4429693 ,  0.29020127,  0.75560312,  0.47397904, -0.81839462,
       -1.54116496, -0.13575144]), array([ 0.35730987,  0.83305532,  0.32879702, -0.04844573,  0.74393245,
        2.44228519,  0.27723009,  0.75584096,  0.45356379, -0.80052646,
       -1.5337084 , -0.13682071]), array([ 0.35863044,  0.8368296 ,  0.33096377, -0.05235611,  0.73630864,
        2.44159548,  0.26411279,  0.75485601,  0.43335135, -0.78207565,
       -1.52476188, -0.13794257]), array([ 0.35986535,  0.84050082,  0.33294398, -0.05612837,  0.72863932,
        2.44090647,  0.24698293,  0.73424445,  0.39604188, -0.75445182,
       -1.53386232, -0.13780172])], 'U_history': [array([ 2.54264560e-03, -9.95533700e-05, -1.49141565e-04, -1.05993178e-03,
       -5.74944088e-04,  6.37171359e-19]), array([-0.01082461,  0.03865848, -0.02404363, -0.00224351,  0.13733422,
        0.00793466]), array([-0.02337119,  0.07764823, -0.03907592, -0.00300079,  0.24501921,
        0.01268309]), array([-0.03518986,  0.11647155, -0.04725538, -0.00335998,  0.32955026,
        0.01560165]), array([-0.0463544 ,  0.15484329, -0.05014047, -0.00335275,  0.39633356,
        0.01745578]), array([-0.05692407,  0.19256525, -0.04894082, -0.00301544,  0.44950538,
        0.018681  ]), array([-0.06694726,  0.22950716, -0.04459491, -0.00238759,  0.4922326 ,
        0.01952761]), array([-0.0764647 ,  0.26559252, -0.03782952, -0.00150965,  0.52694192,
        0.02014129]), array([-8.55122322e-02,  3.00787205e-01, -2.92059204e-02, -4.20815675e-04,
        5.55494654e-01,  2.06080810e-02]), array([-0.09412306,  0.33508967, -0.01915622,  0.0008427 ,  0.57931971,
        0.02097967]), array([-0.10232903,  0.36852222, -0.00801236,  0.00224856,  0.59951456,
        0.02128777]), array([-0.11016109,  0.4011234 ,  0.00397084,  0.00376857,  0.61692207,
        0.02155222]), array([-0.11764909,  0.43294212,  0.01659778,  0.00537849,  0.63218928,
        0.02178575]), array([-0.12482134,  0.46403339,  0.02971836,  0.00705765,  0.64581261,
        0.02199671]), array([-0.13170427,  0.49445559,  0.04321768,  0.0087885 ,  0.65817273,
        0.02219072]), array([-0.13832224,  0.52426871,  0.05700828,  0.01055622,  0.66956162,
        0.0223716 ]), array([-0.14469761,  0.55353322,  0.07102419,  0.01234844,  0.68020327,
        0.02254207]), array([-0.15085083,  0.58230935,  0.08521636,  0.01415492,  0.69026973,
        0.02270402]), array([-0.15680065,  0.61065653,  0.09954909,  0.01596733,  0.6998933 ,
        0.02285885]), array([-0.16256431,  0.63863297,  0.11399723,  0.01777899,  0.70917592,
        0.02300762]), array([-0.1636439 ,  0.6613676 ,  0.12515009,  0.01760586,  0.71585188,
        0.02315109]), array([-0.16874918,  0.68819104,  0.13944089,  0.01942396,  0.72465746,
        0.02325297]), array([-0.17369531,  0.7147977 ,  0.15381249,  0.02120092,  0.73327402,
        0.02336768]), array([-0.17849723,  0.74123969,  0.16826325,  0.02294078,  0.7417472 ,
        0.02348743]), array([-0.18316879,  0.76756666,  0.18279464,  0.02464699,  0.75011244,
        0.0236082 ]), array([-0.18772288,  0.79382565,  0.19741045,  0.02632256,  0.75839731,
        0.02372799]), array([-0.19217147,  0.82006104,  0.21211609,  0.02797018,  0.76662334,
        0.02384588]), array([-0.1965257 ,  0.8463145 ,  0.22691803,  0.02959232,  0.77480728,
        0.02396154]), array([-0.20079593,  0.87262485,  0.24182334,  0.03119123,  0.78296219,
        0.02407494]), array([-0.20499176,  0.89902803,  0.2568393 ,  0.032769  ,  0.79109817,
        0.0241862 ]), array([-0.20912212,  0.92555704,  0.27197308,  0.03432757,  0.79922293,
        0.0242955 ]), array([-0.21319524,  0.95224187,  0.28723147,  0.03586871,  0.80734222,
        0.02440306]), array([-0.21721871,  0.97910944,  0.30262068,  0.03739405,  0.81546018,
        0.02450911]), array([-0.22119949,  1.00618359,  0.3181461 ,  0.03890509,  0.82357958,
        0.02461385]), array([-0.22514392,  1.033485  ,  0.33381216,  0.04040314,  0.83170197,
        0.02471749]), array([-0.22905776,  1.0610312 ,  0.34962223,  0.04188939,  0.83982786,
        0.02482022]), array([-0.23294617,  1.08883653,  0.36557845,  0.04336486,  0.8479568 ,
        0.0249222 ]), array([-0.23681374,  1.11691211,  0.38168169,  0.04483042,  0.85608746,
        0.0250236 ]), array([-0.24066453,  1.14526588,  0.39793146,  0.04628678,  0.86421773,
        0.02512454]), array([-0.24450202,  1.17390255,  0.41432584,  0.04773449,  0.87234472,
        0.02522515]), array([-0.23267698,  1.19655028,  0.42653581,  0.04263238,  0.87771092,
        0.02532552]), array([-0.23608994,  1.22542943,  0.44305371,  0.04446209,  0.88599742,
        0.02531849]), array([-0.23951405,  1.25460056,  0.45971356,  0.04619472,  0.89421501,
        0.02536747]), array([-0.2429489 ,  1.28405499,  0.47650514,  0.04784901,  0.90237166,
        0.02544553]), array([-0.24639413,  1.31378126,  0.49341746,  0.04943948,  0.91047145,
        0.02553821]), array([-0.24984934,  1.34376518,  0.51043858,  0.05097749,  0.91851544,
        0.02563785]), array([-0.25331398,  1.37398981,  0.5275555 ,  0.05247186,  0.92650233,
        0.02574044]), array([-0.25678734,  1.4044355 ,  0.54475409,  0.05392945,  0.9344289 ,
        0.02584395]), array([-0.26026845,  1.43508   ,  0.56201904,  0.05535553,  0.94229043,
        0.02594736]), array([-0.26375614,  1.46589847,  0.57933386,  0.05675411,  0.95008095,
        0.0260502 ]), array([-0.26724894,  1.49686362,  0.59668089,  0.05812814,  0.95779352,
        0.02615227]), array([-0.27074512,  1.5279458 ,  0.61404134,  0.05947973,  0.96542034,
        0.02625346]), array([-0.27424268,  1.5591131 ,  0.63139533,  0.06081031,  0.97295298,
        0.02635374]), array([-0.27773934,  1.59033154,  0.64872194,  0.06212073,  0.98038246,
        0.02645307]), array([-0.28123258,  1.62156511,  0.6659993 ,  0.06341138,  0.98769938,
        0.0265514 ]), array([-0.28471959,  1.65277604,  0.68320468,  0.06468225,  0.99489399,
        0.02664866]), array([-0.28819736,  1.68392485,  0.70031454,  0.06593302,  1.00195629,
        0.02674476]), array([-0.29166264,  1.7149706 ,  0.71730466,  0.06716313,  1.00887609,
        0.02683959]), array([-0.29511199,  1.74587099,  0.73415022,  0.06837178,  1.01564312,
        0.02693301]), array([-0.29854176,  1.77658261,  0.75082591,  0.06955801,  1.02224702,
        0.02702489]), array([-0.35920507,  1.86271391,  0.8057015 ,  0.09510144,  1.05570251,
        0.02711506]), array([-0.36288567,  1.89384797,  0.822008  ,  0.09424961,  1.05925167,
        0.02769698]), array([-0.3664528 ,  1.92448811,  0.83794429,  0.09374988,  1.06320294,
        0.0280119 ]), array([-0.36991298,  1.95460536,  0.85351311,  0.09351976,  1.06740079,
        0.02818706]), array([-0.3732704 ,  1.98416712,  0.86870929,  0.093495  ,  1.07172497,
        0.02829053]), array([-0.37652754,  2.0131381 ,  0.88352199,  0.09362508,  1.07608203,
        0.02835824]), array([-0.37968549,  2.04148116,  0.89793631,  0.09386987,  1.08039901,
        0.02840878]), array([-0.38274435,  2.069158  ,  0.91193457,  0.09419737,  1.08461862,
        0.02845142]), array([-0.38570339,  2.09612967,  0.92549732,  0.09458185,  1.08869563,
        0.02849049]), array([-0.38856135,  2.12235714,  0.93860411,  0.09500264,  1.09259413,
        0.02852776]), array([-0.39131652,  2.14780164,  0.95123405,  0.095443  ,  1.09628548,
        0.0285637 ]), array([-0.39396689,  2.17242503,  0.96336632,  0.09588941,  1.09974672,
        0.02859813]), array([-0.39651032,  2.19619017,  0.97498049,  0.09633088,  1.10295938,
        0.02863063]), array([-0.39894453,  2.21906109,  0.98605685,  0.09675851,  1.10590858,
        0.02866067]), array([-0.40126724,  2.24100333,  0.99657664,  0.09716506,  1.1085824 ,
        0.02868774]), array([-0.40347623,  2.26198407,  1.0065222 ,  0.09754467,  1.11097128,
        0.02871136]), array([-0.40556936,  2.28197238,  1.01587715,  0.09789259,  1.11306768,
        0.02873109]), array([-0.4075446 ,  2.30093933,  1.02462649,  0.09820499,  1.11486579,
        0.02874658]), array([-0.40940011,  2.31885818,  1.0327567 ,  0.09847882,  1.11636127,
        0.02875751]), array([-0.41113424,  2.33570447,  1.04025583,  0.09871166,  1.1175511 ,
        0.02876363]), array([-0.40954357,  2.34085868,  1.03980404,  0.09740323,  1.11313664,
        0.02876473]), array([-0.41105329,  2.35545152,  1.04609297,  0.0976878 ,  1.11429476,
        0.02871393]), array([-0.41244225,  2.36894783,  1.05174855,  0.09790073,  1.11502419,
        0.02868286]), array([-0.41370908,  2.38132892,  1.05675919,  0.09804736,  1.11535504,
        0.02865941]), array([-0.41485278,  2.3925796 ,  1.06111666,  0.09813182,  1.11531133,
        0.0286371 ]), array([-0.41587271,  2.40268796,  1.06481568,  0.09815741,  1.1149126 ,
        0.02861249]), array([-0.41676857,  2.4116453 ,  1.06785355,  0.09812684,  1.11417515,
        0.02858381]), array([-0.41754036,  2.41944603,  1.07022995,  0.09804241,  1.11311298,
        0.02855017]), array([-0.41818839,  2.42608754,  1.07194669,  0.09790615,  1.11173843,
        0.02851119]), array([-0.41871325,  2.43157015,  1.07300758,  0.09771988,  1.11006276,
        0.02846673]), array([-0.41911581,  2.43589704,  1.07341826,  0.09748529,  1.10809649,
        0.02841679]), array([-0.41939719,  2.43907413,  1.0731861 ,  0.097204  ,  1.10584971,
        0.02836147]), array([-0.41955879,  2.44111002,  1.07232013,  0.09687755,  1.10333229,
        0.0283009 ]), array([-0.41960221,  2.44201591,  1.07083086,  0.0965075 ,  1.10055401,
        0.02823523]), array([-0.41952931,  2.44180551,  1.06873028,  0.09609537,  1.09752469,
        0.02816463]), array([-0.41934214,  2.44049494,  1.06603173,  0.0956427 ,  1.09425426,
        0.02808929]), array([-0.41904298,  2.43810261,  1.06274981,  0.09515105,  1.09075278,
        0.0280094 ]), array([-0.41863426,  2.43464915,  1.05890035,  0.094622  ,  1.08703049,
        0.02792517]), array([-0.41811863,  2.4301573 ,  1.05450025,  0.09405715,  1.08309782,
        0.0278368 ]), array([-0.41749888,  2.42465176,  1.04956748,  0.09345814,  1.07896537,
        0.02774452]), array([-0.41677796,  2.41815911,  1.04412096,  0.09282662,  1.07464391,
        0.02764854]), array([-0.41595895,  2.41070767,  1.03818045,  0.09216428,  1.07014439,
        0.0275491 ]), array([-0.41504508,  2.4023274 ,  1.03176654,  0.09147281,  1.06547786,
        0.02744642]), array([-0.41403967,  2.39304973,  1.0249005 ,  0.09075395,  1.06065551,
        0.02734075]), array([-0.41294617,  2.38290748,  1.01760423,  0.09000943,  1.0556886 ,
        0.02723233]), array([-0.41176811,  2.37193469,  1.00990018,  0.08924099,  1.05058844,
        0.02712139]), array([-0.41050908,  2.36016652,  1.00181126,  0.0884504 ,  1.04536639,
        0.0270082 ]), array([-0.40917276,  2.3476391 ,  0.99336074,  0.08763943,  1.04003376,
        0.02689298]), array([-0.4077629 ,  2.33438941,  0.98457222,  0.08680982,  1.03460188,
        0.026776  ]), array([-0.40628325,  2.32045516,  0.97546949,  0.08596334,  1.02908198,
        0.02665749]), array([-0.40473763,  2.30587462,  0.96607651,  0.08510173,  1.02348522,
        0.0265377 ]), array([-0.40312987,  2.29068657,  0.9564173 ,  0.08422672,  1.01782262,
        0.02641687]), array([-0.40146382,  2.27493009,  0.94651588,  0.08334002,  1.01210506,
        0.02629524]), array([-0.39974333,  2.25864449,  0.93639619,  0.08244333,  1.00634326,
        0.02617305]), array([-0.39797223,  2.24186922,  0.92608203,  0.08153831,  1.00054774,
        0.02605053]), array([-0.39615435,  2.22464366,  0.91559699,  0.08062661,  0.99472879,
        0.0259279 ]), array([-0.3942935 ,  2.20700714,  0.90496441,  0.07970981,  0.98889648,
        0.02580539]), array([-0.39239345,  2.1889987 ,  0.89420729,  0.07878949,  0.9830606 ,
        0.0256832 ]), array([-0.39045792,  2.17065712,  0.88334825,  0.07786718,  0.97723067,
        0.02556155]), array([-0.38849059,  2.15202071,  0.87240947,  0.07694437,  0.97141593,
        0.02544064]), array([-0.3864951 ,  2.13312731,  0.86141267,  0.07602249,  0.9656253 ,
        0.02532065]), array([-0.38447501,  2.11401415,  0.85037903,  0.07510294,  0.95986737,
        0.02520178]), array([-0.38243382,  2.09471778,  0.83932915,  0.07418708,  0.95415041,
        0.0250842 ]), array([-0.38037496,  2.07527402,  0.82828306,  0.07327619,  0.94848235,
        0.02496808]), array([-0.37830177,  2.05571788,  0.81726014,  0.07237153,  0.94287076,
        0.02485358]), array([-0.37621752,  2.03608346,  0.80627907,  0.07147428,  0.93732286,
        0.02474085]), array([-0.37412539,  2.01640397,  0.79535789,  0.07058559,  0.93184551,
        0.02463003]), array([-0.37202848,  1.99671159,  0.78451389,  0.06970653,  0.92644519,
        0.02452126]), array([-0.36992977,  1.97703751,  0.77376363,  0.06883813,  0.92112802,
        0.02441465]), array([-0.36783216,  1.95741181,  0.76312293,  0.06798137,  0.91589975,
        0.02431033]), array([-0.36573846,  1.93786349,  0.75260683,  0.06713715,  0.91076577,
        0.02420839]), array([-0.36365137,  1.91842039,  0.74222962,  0.06630634,  0.90573108,
        0.02410895]), array([-0.36157347,  1.8991092 ,  0.73200479,  0.06548972,  0.90080034,
        0.02401207]), array([-0.35950726,  1.87995542,  0.72194505,  0.06468806,  0.89597784,
        0.02391785]), array([-0.35745512,  1.86098337,  0.71206235,  0.06390203,  0.8912675 ,
        0.02382635]), array([-0.35541933,  1.84221613,  0.70236783,  0.06313228,  0.8866729 ,
        0.02373764]), array([-0.35340205,  1.82367559,  0.69287187,  0.06237937,  0.88219728,
        0.02365177]), array([-0.35140536,  1.80538242,  0.68358409,  0.06164384,  0.87784353,
        0.02356878]), array([-0.3494312 ,  1.78735605,  0.67451332,  0.06092616,  0.87361423,
        0.02348872]), array([-0.34748142,  1.76961474,  0.66566767,  0.06022674,  0.86951161,
        0.02341161]), array([-0.34555776,  1.75217551,  0.65705451,  0.05954597,  0.86553761,
        0.02333748]), array([-0.34366186,  1.73505423,  0.64868047,  0.05888417,  0.86169387,
        0.02326634]), array([-0.34179525,  1.71826555,  0.64055152,  0.0582416 ,  0.85798171,
        0.0231982 ]), array([-0.33995936,  1.70182301,  0.63267289,  0.05761851,  0.85440221,
        0.02313307]), array([-0.33815551,  1.68573899,  0.62504918,  0.05701507,  0.85095613,
        0.02307095]), array([-0.33638494,  1.67002477,  0.61768433,  0.05643142,  0.84764401,
        0.02301183]), array([-0.33464876,  1.65469053,  0.61058165,  0.05586768,  0.84446612,
        0.02295568]), array([-0.33294802,  1.63974542,  0.60374385,  0.0553239 ,  0.8414225 ,
        0.0229025 ]), array([-0.33128364,  1.62519752,  0.59717307,  0.05480011,  0.83851294,
        0.02285226]), array([-0.32965648,  1.61105393,  0.59087087,  0.05429628,  0.83573704,
        0.02280492]), array([-0.32806729,  1.5973208 ,  0.58483829,  0.05381239,  0.83309419,
        0.02276047]), array([-0.32651674,  1.58400332,  0.57907585,  0.05334834,  0.83058358,
        0.02271886]), array([-0.32500542,  1.57110578,  0.57358359,  0.05290402,  0.82820422,
        0.02268004]), array([-0.32353382,  1.5586316 ,  0.56836107,  0.05247931,  0.82595494,
        0.02264399]), array([-0.32210238,  1.54658338,  0.56340743,  0.05207402,  0.82383442,
        0.02261064]), array([-0.32071143,  1.5349629 ,  0.55872139,  0.05168797,  0.82184118,
        0.02257996]), array([-0.31936125,  1.5237712 ,  0.55430125,  0.05132094,  0.8199736 ,
        0.02255188]), array([-0.31805204,  1.51300857,  0.55014499,  0.05097268,  0.81822994,
        0.02252635]), array([-0.31678393,  1.50267463,  0.54625019,  0.05064295,  0.81660833,
        0.02250332]), array([-0.31555698,  1.49276831,  0.54261415,  0.05033145,  0.81510679,
        0.02248273]), array([60., 60., 30., 10., 10., 10.]), array([ 41.30525096, -60.        ,  13.24844128, -10.        ,
        10.        , -10.        ]), array([14.58585022, 60.        , 12.73446868, 10.        ,  8.72342693,
       10.        ]), array([  7.06043565, -60.        ,  -9.42860749,  10.        ,
        -4.44350372, -10.        ]), array([  2.38697998,  60.        ,  15.2783038 , -10.        ,
         7.76852919,  10.        ]), array([  5.40315406, -60.        ,  -6.98019234, -10.        ,
        -3.36409965, -10.        ]), array([  1.83009062,  60.        ,  16.50887408, -10.        ,
         7.66261094, -10.        ]), array([  3.13345074, -60.        , -11.84680725,  10.        ,
        -4.95441343,  10.        ]), array([  3.04372872, -60.        ,  11.11792736, -10.        ,
         4.9996281 , -10.        ]), array([ 1.88840665, 48.        , 11.77841085, -8.        ,  5.36927839,
       -8.        ]), array([ 2.93380206, 60.        , -4.24828899, 10.        , -1.60295865,
       10.        ]), array([  3.56955517, -60.        ,  -5.6579742 , -10.        ,
        -0.81411264, -10.        ]), array([ 2.51092974, 60.        , 12.17649311, 10.        ,  4.68868559,
       10.        ]), array([  4.15797468, -60.        ,  -3.38291695, -10.        ,
        -0.3647836 , -10.        ]), array([  2.38727425, -60.        ,   7.35984968,  10.        ,
         2.1460898 ,  10.        ]), array([  5.05510536,  60.        ,  16.01919432, -10.        ,
         7.0524418 ,  10.        ]), array([  9.07046691, -60.        ,  -7.58510709,  10.        ,
        -3.06695743,  10.        ]), array([  9.31066359,  60.        ,  12.68773537,  10.        ,
         5.01472099, -10.        ]), array([ 4.79053316, 60.        ,  6.07125445, 10.        ,  2.09533811,
       10.        ]), array([  4.14586799, -36.        ,  -0.40451245,  -6.        ,
        -0.28860707,   6.        ]), array([0., 0., 0., 0., 0., 0.]), array([ 12., -12.,   6.,  -2.,   2.,   2.]), array([ 38.84084862, -48.        ,  24.        ,  -8.        ,
         8.        ,  -8.        ]), array([ 4.25171409, 12.        ,  5.33565037, -2.        ,  2.        ,
        2.        ]), array([ 0.,  0.,  0., -0.,  0., -0.]), array([  1.49055074, -36.        ,  15.22977939,   6.        ,
         6.        ,  -6.        ]), array([ 0., -0.,  0.,  0.,  0.,  0.]), array([  2.52524329, -12.        ,   5.08470741,   2.        ,
         2.        ,  -2.        ]), array([-0., -0.,  0.,  0.,  0.,  0.]), array([ -1.52934656, -12.        ,   6.        ,  -2.        ,
         2.        ,  -2.        ]), array([ -4.74631951, -12.        ,   6.        ,  -2.        ,
         2.        ,  -2.        ]), array([ 0., -0.,  0., -0.,  0., -0.]), array([-1.70443803e+01, -1.22843486e+01, -9.94091477e+00,  8.44145949e+00,
       -8.08670046e+00, -2.27975698e-15]), array([-1.21887830e+01, -9.33453958e+00, -7.85192519e+00,  6.09076869e+00,
       -6.66926997e+00, -8.42767683e-16]), array([-9.10380280e+00, -5.79166041e+00, -5.25348464e+00,  4.55077829e+00,
       -4.79449384e+00, -1.22702268e-15]), array([-6.57122093e+00, -2.55601544e+00, -2.85548281e+00,  3.26057784e+00,
       -3.05381785e+00, -2.50753156e-15]), array([-4.51104756e+00, -1.12654012e-01, -1.04597539e+00,  2.20147356e+00,
       -1.75643003e+00, -1.15679159e-15]), array([-2.84291782e+00,  1.72988201e+00,  3.14905566e-01,  1.33729931e+00,
       -7.96452138e-01, -7.63276960e-16]), array([-1.49933612e+00,  3.11518349e+00,  1.33333778e+00,  6.36814161e-01,
       -9.25168652e-02, -3.87733144e-16]), array([-4.23958943e-01,  4.15153522e+00,  2.09014202e+00,  7.33007067e-02,
        4.17729681e-01,  1.72821112e-16]), array([ 4.30090143e-01,  4.92099440e+00,  2.64698165e+00, -3.75939485e-01,
        7.81957935e-01,  1.83020364e-16]), array([ 1.10174664e+00,  5.48600755e+00,  3.05099804e+00, -7.30104555e-01,
        1.03653540e+00,  2.30668401e-16]), array([ 1.62333049e+00,  5.89427200e+00,  3.33829205e+00, -1.00538194e+00,
        1.20915019e+00,  7.71501543e-16]), array([ 2.02166984e+00,  6.18233438e+00,  3.53654915e+00, -1.21539029e+00,
        1.32083874e+00,  4.12853725e-16]), array([ 2.31904037e+00,  6.37827169e+00,  3.66702556e+00, -1.37156793e+00,
        1.38754839e+00,  6.26463968e-16]), array([ 2.53394430e+00,  6.50370089e+00,  3.74605558e+00, -1.48350902e+00,
        1.42133902e+00,  2.84730434e-16]), array([ 2.68175360e+00,  6.57529303e+00,  3.78619836e+00, -1.55925114e+00,
        1.43130561e+00,  7.19945944e-16]), array([ 2.77524033e+00,  6.60591950e+00,  3.79711261e+00, -1.60552002e+00,
        1.42428546e+00,  2.89151040e-16]), array([ 2.82501375e+00,  6.60552349e+00,  3.78622507e+00, -1.62793664e+00,
        1.40539977e+00,  7.52533417e-16]), array([ 2.83988130e+00,  6.58178521e+00,  3.75924257e+00, -1.63119218e+00,
        1.37846778e+00,  1.25399190e-15]), array([ 2.82714699e+00,  6.54063157e+00,  3.72054479e+00, -1.61919550e+00,
        1.34632309e+00,  6.05142971e-16]), array([ 2.79285886e+00,  6.48662806e+00,  3.67348629e+00, -1.59519740e+00,
        1.31105485e+00, -1.67612288e-17]), array([ 2.74201448e+00,  6.42328117e+00,  3.62062909e+00, -1.56189530e+00,
        1.27419149e+00,  8.25349540e-16]), array([ 2.67873218e+00,  6.35327246e+00,  3.56392205e+00, -1.52152137e+00,
        1.23684029e+00,  3.15696512e-16]), array([ 2.60639389e+00,  6.27864038e+00,  3.50483949e+00, -1.47591674e+00,
        1.19979333e+00,  6.21005933e-16]), array([ 2.52776468e+00,  6.20092199e+00,  3.44448860e+00, -1.42659406e+00,
        1.16360763e+00,  9.37825173e-16]), array([ 2.44509284e+00,  6.12126358e+00,  3.38369255e+00, -1.37479020e+00,
        1.12866577e+00,  2.97794763e-16]), array([ 2.36019384e+00,  6.04050748e+00,  3.32305519e+00, -1.32151068e+00,
        1.09522139e+00,  2.90830353e-16]), array([ 2.27452093e+00,  5.95926016e+00,  3.26301129e+00, -1.26756709e+00,
        1.06343352e+00,  1.39054326e-15]), array([ 2.18922439e+00,  5.87794587e+00,  3.20386565e+00, -1.21360867e+00,
        1.03339213e+00,  6.15427998e-16]), array([ 2.10520148e+00,  5.79684887e+00,  3.14582364e+00, -1.16014898e+00,
        1.00513733e+00,  2.69718635e-16]), array([ 2.02313843e+00,  5.71614684e+00,  3.08901499e+00, -1.10758831e+00,
        9.78673474e-01,  1.96032405e-16]), array([ 1.94354586e+00,  5.63593716e+00,  3.03351232e+00, -1.05623262e+00,
        9.53979733e-01,  4.48055509e-16]), array([ 1.86678856e+00,  5.55625764e+00,  2.97934568e+00, -1.00630956e+00,
        9.31017796e-01,  3.21020673e-16]), array([ 1.79311066e+00,  5.47710292e+00,  2.92651386e+00, -9.57981899e-01,
        9.09737542e-01,  5.30612732e-16]), array([ 1.72265674e+00,  5.39843724e+00,  2.87499312e+00, -9.11358905e-01,
        8.90081158e-01,  4.41873192e-16]), array([ 1.65548975e+00,  5.32020447e+00,  2.82474409e+00, -8.66505923e-01,
        8.71986125e-01,  5.05028492e-16]), array([ 1.59160596e+00,  5.24233591e+00,  2.77571704e+00, -8.23452453e-01,
        8.55387361e-01, -4.60494825e-17]), array([ 1.53094772e+00,  5.16475622e+00,  2.72785593e+00, -7.82198947e-01,
        8.40218744e-01,  2.05340792e-16]), array([ 1.47341404e+00,  5.08738800e+00,  2.68110156e+00, -7.42722552e-01,
        8.26414193e-01, -3.97820354e-16]), array([ 1.41886962e+00,  5.01015517e+00,  2.63539391e+00, -7.04981928e-01,
        8.13908417e-01,  2.69019205e-16]), array([ 1.36715238e+00,  4.93298543e+00,  2.59067387e+00, -6.68921309e-01,
        8.02637433e-01,  4.00001759e-16]), array([ 1.31807983e+00,  4.85581202e+00,  2.54688458e+00, -6.34473911e-01,
        7.92538916e-01,  3.62713798e-17]), array([ 1.27145438e+00,  4.77857485e+00,  2.50397229e+00, -6.01564793e-01,
        7.83552427e-01,  1.94418929e-16]), array([ 1.22706786e+00,  4.70122124e+00,  2.46188702e+00, -5.70113249e-01,
        7.75619560e-01,  2.02303814e-16]), array([ 1.18470519e+00,  4.62370619e+00,  2.42058291e+00, -5.40034809e-01,
        7.68684032e-01,  1.02997943e-16]), array([ 1.14414761e+00,  4.54599254e+00,  2.38001846e+00, -5.11242900e-01,
        7.62691722e-01, -1.09877067e-17]), array([ 1.10517522e+00,  4.46805073e+00,  2.34015661e+00, -4.83650223e-01,
        7.57590693e-01,  2.24733169e-16]), array([ 1.06756919e+00,  4.38985855e+00,  2.30096466e+00, -4.57169894e-01,
        7.53331187e-01,  1.46675720e-16]), array([ 1.03111355e+00,  4.31140071e+00,  2.26241416e+00, -4.31716364e-01,
        7.49865605e-01,  3.34390857e-16]), array([ 9.95596696e-01,  4.23266833e+00,  2.22448078e+00, -4.07206180e-01,
        7.47148480e-01, -1.63726181e-18]), array([ 9.60812613e-01,  4.15365839e+00,  2.18714399e+00, -3.83558580e-01,
        7.45136444e-01,  4.83580887e-16]), array([ 9.26561853e-01,  4.07437317e+00,  2.15038689e+00, -3.60695973e-01,
        7.43788181e-01,  1.63458960e-16]), array([ 8.92652363e-01,  3.99481964e+00,  2.11419585e+00, -3.38544298e-01,
        7.43064383e-01,  1.38924869e-16]), array([ 8.58900123e-01,  3.91500888e+00,  2.07856029e+00, -3.17033296e-01,
        7.42927703e-01, -7.18722648e-18]), array([ 8.25129658e-01,  3.83495551e+00,  2.04347228e+00, -2.96096697e-01,
        7.43342695e-01,  1.97248779e-18]), array([ 7.91174434e-01,  3.75467714e+00,  2.00892632e+00, -2.75672346e-01,
        7.44275766e-01,  4.74586521e-16]), array([ 7.56877145e-01,  3.67419382e+00,  1.97491899e+00, -2.55702259e-01,
        7.45695111e-01,  1.44039204e-17]), array([ 7.22089932e-01,  3.59352757e+00,  1.94144865e+00, -2.36132639e-01,
        7.47570658e-01, -4.25767845e-17]), array([ 6.86674514e-01,  3.51270191e+00,  1.90851514e+00, -2.16913842e-01,
        7.49874003e-01, -9.46782133e-17]), array([ 6.50502272e-01,  3.43174139e+00,  1.87611954e+00, -1.98000311e-01,
        7.52578349e-01, -2.75711187e-16]), array([ 6.13454263e-01,  3.35067128e+00,  1.84426381e+00, -1.79350477e-01,
        7.55658442e-01,  1.85091917e-16]), array([ 5.75421202e-01,  3.26951711e+00,  1.81295062e+00, -1.60926633e-01,
        7.59090507e-01,  1.96889275e-16]), array([0., 0., 0., 0., 0., 0.])], 'ball_pos_history': [array([-3.56855438, -8.02332622,  1.36406768]), array([-3.55289897, -7.98113727,  1.3513574 ]), array([-3.53724356, -7.93894831,  1.33840188]), array([-3.52158815, -7.89675935,  1.32520111]), array([-3.50593274, -7.85457039,  1.31175508]), array([-3.49027734, -7.81238143,  1.29806381]), array([-3.47462193, -7.77019248,  1.28412728]), array([-3.45896652, -7.72800352,  1.26994551]), array([-3.44331111, -7.68581456,  1.25551849]), array([-3.4276557 , -7.6436256 ,  1.24084621]), array([-3.41200029, -7.60143665,  1.22592869]), array([-3.39634488, -7.55924769,  1.21076592]), array([-3.38068947, -7.51705873,  1.19535789]), array([-3.36503406, -7.47486977,  1.17970462]), array([-3.34937865, -7.43268081,  1.1638061 ]), array([-3.33372324, -7.39049186,  1.14766232]), array([-3.31806784, -7.3483029 ,  1.1312733 ]), array([-3.30241243, -7.30611394,  1.11463902]), array([-3.28675702, -7.26392498,  1.0977595 ]), array([-3.27110161, -7.22173602,  1.08063473]), array([-3.2554462 , -7.17954707,  1.0632647 ]), array([-3.23979079, -7.13735811,  1.04564943]), array([-3.22413538, -7.09516915,  1.02778891]), array([-3.20847997, -7.05298019,  1.00968313]), array([-3.19282456, -7.01079124,  0.99133211]), array([-3.17716915, -6.96860228,  0.97273584]), array([-3.16151374, -6.92641332,  0.95389431]), array([-3.14585833, -6.88422436,  0.93480754]), array([-3.13020293, -6.8420354 ,  0.91547552]), array([-3.11454752, -6.79984645,  0.89589824]), array([-3.09889211, -6.75765749,  0.87607572]), array([-3.0832367 , -6.71546853,  0.85600794]), array([-3.06758129, -6.67327957,  0.83569492]), array([-3.05192588, -6.63109061,  0.81513665]), array([-3.03627047, -6.58890166,  0.79433312]), array([-3.02061506, -6.5467127 ,  0.77328435]), array([-3.00495965, -6.50452374,  0.75199033]), array([-2.98930424, -6.46233478,  0.73045105]), array([-2.97364883, -6.42014583,  0.70866653]), array([-2.95799343, -6.37795687,  0.68663676]), array([-2.94233802, -6.33576791,  0.66436173]), array([-2.92668261, -6.29357895,  0.64184146]), array([-2.9110272 , -6.25138999,  0.61907593]), array([-2.89537179, -6.20920104,  0.59606516]), array([-2.87971638, -6.16701208,  0.57280914]), array([-2.86406097, -6.12482312,  0.54930786]), array([-2.84840556, -6.08263416,  0.52556134]), array([-2.83275015, -6.0404452 ,  0.50156957]), array([-2.81709474, -5.99825625,  0.47733254]), array([-2.80143933, -5.95606729,  0.45285027]), array([-2.78578393, -5.91387833,  0.42812275]), array([-2.77012852, -5.87168937,  0.40314997]), array([-2.75447311, -5.82950041,  0.37793195]), array([-2.7388177 , -5.78731146,  0.35246868]), array([-2.72316229, -5.7451225 ,  0.32676015]), array([-2.70750688, -5.70293354,  0.30080638]), array([-2.69185147, -5.66074458,  0.27460735]), array([-2.67619606, -5.61855563,  0.24816308]), array([-2.66054065, -5.57636667,  0.22147356]), array([-2.64488524, -5.53417771,  0.19453878]), array([-2.62922983, -5.49198875,  0.16735876]), array([-2.61357443, -5.44979979,  0.13993349]), array([-2.59791902, -5.40761084,  0.11226296]), array([-2.58226361, -5.36542188,  0.08434719]), array([-2.5666082 , -5.32323292,  0.05618617]), array([-2.55095279, -5.28104396,  0.033     ]), array([-2.53608015, -5.24096445,  0.05405946]), array([-2.52120751, -5.20088494,  0.07487366]), array([-2.50633487, -5.16080543,  0.09544262]), array([-2.49146223, -5.12072592,  0.11576632]), array([-2.4765896 , -5.08064641,  0.13584478]), array([-2.46171696, -5.0405669 ,  0.15567798]), array([-2.44684432, -5.00048739,  0.17526594]), array([-2.43197168, -4.96040788,  0.19460864]), array([-2.41709904, -4.92032837,  0.2137061 ]), array([-2.4022264 , -4.88024886,  0.2325583 ]), array([-2.38735376, -4.84016935,  0.25116526]), array([-2.37248112, -4.80008984,  0.26952696]), array([-2.35760849, -4.76001033,  0.28764342]), array([-2.34273585, -4.71993082,  0.30551462]), array([-2.32786321, -4.67985131,  0.32314058]), array([-2.31299057, -4.6397718 ,  0.34052128]), array([-2.29811793, -4.59969229,  0.35765674]), array([-2.28324529, -4.55961278,  0.37454694]), array([-2.26837265, -4.51953327,  0.3911919 ]), array([-2.25350002, -4.47945376,  0.4075916 ]), array([-2.23862738, -4.43937425,  0.42374606]), array([-2.22375474, -4.39929474,  0.43965526]), array([-2.2088821 , -4.35921523,  0.45531922]), array([-2.19400946, -4.31913572,  0.47073792]), array([-2.17913682, -4.27905621,  0.48591138]), array([-2.16426418, -4.2389767 ,  0.50083959]), array([-2.14939155, -4.19889719,  0.51552254]), array([-2.13451891, -4.15881768,  0.52996025]), array([-2.11964627, -4.11873817,  0.5441527 ]), array([-2.10477363, -4.07865866,  0.55809991]), array([-2.08990099, -4.03857915,  0.57180186]), array([-2.07502835, -3.99849964,  0.58525857]), array([-2.06015571, -3.95842013,  0.59847002]), array([-2.04528307, -3.91834062,  0.61143623]), array([-2.03041044, -3.87826111,  0.62415718]), array([-2.0155378 , -3.8381816 ,  0.63663289]), array([-2.00066516, -3.79810209,  0.64886334]), array([-1.98579252, -3.75802258,  0.66084855]), array([-1.97091988, -3.71794307,  0.6725885 ]), array([-1.95604724, -3.67786356,  0.68408321]), array([-1.9411746 , -3.63778405,  0.69533266]), array([-1.92630197, -3.59770454,  0.70633687]), array([-1.91142933, -3.55762503,  0.71709582]), array([-1.89655669, -3.51754552,  0.72760953]), array([-1.88168405, -3.47746601,  0.73787798]), array([-1.86681141, -3.4373865 ,  0.74790119]), array([-1.85193877, -3.39730699,  0.75767914]), array([-1.83706613, -3.35722748,  0.76721185]), array([-1.82219349, -3.31714797,  0.7764993 ]), array([-1.80732086, -3.27706846,  0.78554151]), array([-1.79244822, -3.23698895,  0.79433847]), array([-1.77757558, -3.19690944,  0.80289017]), array([-1.76270294, -3.15682993,  0.81119663]), array([-1.7478303 , -3.11675042,  0.81925783]), array([-1.73295766, -3.07667091,  0.82707379]), array([-1.71808502, -3.0365914 ,  0.83464449]), array([-1.70321239, -2.99651189,  0.84196995]), array([-1.68833975, -2.95643238,  0.84905015]), array([-1.67346711, -2.91635287,  0.85588511]), array([-1.65859447, -2.87627336,  0.86247481]), array([-1.64372183, -2.83619385,  0.86881927]), array([-1.62884919, -2.79611434,  0.87491847]), array([-1.61397655, -2.75603483,  0.88077243]), array([-1.59910391, -2.71595532,  0.88638113]), array([-1.58423128, -2.67587581,  0.89174459]), array([-1.56935864, -2.6357963 ,  0.89686279]), array([-1.554486  , -2.59571679,  0.90173575]), array([-1.53961336, -2.55563728,  0.90636345]), array([-1.52474072, -2.51555777,  0.91074591]), array([-1.50986808, -2.47547826,  0.91488311]), array([-1.49499544, -2.43539875,  0.91877507]), array([-1.48012281, -2.39531924,  0.92242177]), array([-1.46525017, -2.35523973,  0.92582323]), array([-1.45037753, -2.31516022,  0.92897943]), array([-1.43550489, -2.27508071,  0.93189039]), array([-1.42063225, -2.23500121,  0.93455609]), array([-1.40575961, -2.1949217 ,  0.93697655]), array([-1.39088697, -2.15484219,  0.93915176]), array([-1.37601433, -2.11476268,  0.94108171]), array([-1.3611417 , -2.07468317,  0.94276642]), array([-1.34626906, -2.03460366,  0.94420587]), array([-1.33139642, -1.99452415,  0.94540008]), array([-1.31652378, -1.95444464,  0.94634903]), array([-1.30165114, -1.91436513,  0.94705274]), array([-1.2867785 , -1.87428562,  0.94751119]), array([-1.27190586, -1.83420611,  0.9477244 ]), array([-1.25703323, -1.7941266 ,  0.94769235]), array([-1.24216059, -1.75404709,  0.94741506]), array([-1.22728795, -1.71396758,  0.94689251]), array([-1.21241531, -1.67388807,  0.94612472]), array([-1.19754267, -1.63380856,  0.94511167]), array([-1.18267003, -1.59372905,  0.94385338]), array([-1.16779739, -1.55364954,  0.94234983]), array([-1.15292476, -1.51357003,  0.94060104]), array([-1.13805212, -1.47349052,  0.93860699]), array([-1.12317948, -1.43341101,  0.9363677 ]), array([-1.10830684, -1.3933315 ,  0.93388315]), array([-1.0934342 , -1.35325199,  0.93115336]), array([-1.07856156, -1.31317248,  0.92817831]), array([-1.06368892, -1.27309297,  0.92495802]), array([-1.04881628, -1.23301346,  0.92149247]), array([-1.03394365, -1.19293395,  0.91778168]), array([-1.01907101, -1.15285444,  0.91382564]), array([-1.00419837, -1.11277493,  0.90962434]), array([-0.98932573, -1.07269542,  0.9051778 ]), array([-0.97445309, -1.03261591,  0.900486  ]), array([-0.95958045, -0.9925364 ,  0.89554896]), array([-0.94470781, -0.95245689,  0.89036666]), array([-0.92983518, -0.91237738,  0.88493912]), array([-0.91496254, -0.87229787,  0.87926632]), array([-0.9000899 , -0.83221836,  0.87334828]), array([-0.88521726, -0.79213885,  0.86718498]), array([-0.87034462, -0.75205934,  0.86077644]), array([-0.85547198, -0.71197983,  0.85412264]), array([-0.84059934, -0.67190032,  0.8472236 ]), array([-0.8257267 , -0.63182081,  0.8400793 ]), array([-0.81085407, -0.5917413 ,  0.83268976]), array([-0.79598143, -0.55166179,  0.82505496]), array([-0.78110879, -0.51158228,  0.81717492]), array([-0.76623615, -0.47150277,  0.80904962]), array([-0.75136351, -0.43142326,  0.80067908]), array([-0.73649087, -0.39134375,  0.79206328]), array([-0.72161823, -0.35126424,  0.78320224]), array([-0.70736284, -0.31125242,  0.77440229]), array([-0.6776034 , -0.30831847,  0.74652561]), array([-0.64962854, -0.30231071,  0.71978049]), array([-0.62378564, -0.2916503 ,  0.69416459]), array([-0.59661654, -0.28351506,  0.66452191]), array([-0.56908147, -0.27538625,  0.63339132]), array([-0.54154639, -0.26725745,  0.60201549]), array([-0.51401131, -0.25912865,  0.57039441]), array([-0.48647624, -0.25099984,  0.53852807]), array([-0.45894116, -0.24287104,  0.50641649]), array([-0.43140608, -0.23474223,  0.47405965]), array([-0.40387101, -0.22661343,  0.44145757]), array([-0.37633593, -0.21848462,  0.40861024]), array([-0.34880086, -0.21035582,  0.37551765]), array([-0.32126578, -0.20222702,  0.34217982]), array([-0.2937307 , -0.19409821,  0.30859673]), array([-0.26619563, -0.18596941,  0.2747684 ]), array([-0.23866055, -0.1778406 ,  0.24069482]), array([-0.21112547, -0.1697118 ,  0.20637598]), array([-0.1835904 , -0.16158299,  0.1718119 ]), array([-0.15605532, -0.15345419,  0.13700256]), array([-0.12852025, -0.14532539,  0.10194798]), array([-0.10098517, -0.13719658,  0.06664815]), array([-0.07345009, -0.12906778,  0.033     ]), array([-0.04729177, -0.12134541,  0.05941356]), array([-0.02113345, -0.11362305,  0.08558188]), array([ 0.00502487, -0.10590069,  0.11150494]), array([ 0.0311832 , -0.09817832,  0.13718275]), array([ 0.05734152, -0.09045596,  0.16261531]), array([ 0.08349984, -0.08273359,  0.18780263]), array([ 0.10965816, -0.07501123,  0.21274469]), array([ 0.13581649, -0.06728887,  0.2374415 ]), array([ 0.16197481, -0.0595665 ,  0.26189307]), array([ 0.18813313, -0.05184414,  0.28609938]), array([ 0.21429145, -0.04412177,  0.31006044]), array([ 0.24044978, -0.03639941,  0.33377626]), array([ 0.2666081 , -0.02867705,  0.35724682]), array([ 0.29276642, -0.02095468,  0.38047213]), array([ 0.31892474, -0.01323232,  0.40345219]), array([ 0.34508307, -0.00550995,  0.42618701]), array([0.37124139, 0.00221241, 0.44867657]), array([0.39739971, 0.00993477, 0.47092088]), array([0.42355803, 0.01765714, 0.49291995]), array([0.44971636, 0.0253795 , 0.51467376]), array([0.47587468, 0.03310187, 0.53618232]), array([0.502033  , 0.04082423, 0.55744564]), array([0.52819132, 0.04854659, 0.5784637 ]), array([0.55434965, 0.05626896, 0.59923651]), array([0.58050797, 0.06399132, 0.61976407]), array([0.60666629, 0.07171369, 0.64004639]), array([0.63282461, 0.07943605, 0.66008345]), array([0.65898294, 0.08715841, 0.67987526]), array([0.68514126, 0.09488078, 0.69942183]), array([0.71129958, 0.10260314, 0.71872314]), array([0.7374579 , 0.11032551, 0.7377792 ]), array([0.76361623, 0.11804787, 0.75659002]), array([0.78977455, 0.12577023, 0.77515558]), array([0.81593287, 0.1334926 , 0.79347589]), array([0.84209119, 0.14121496, 0.81155095]), array([0.86824952, 0.14893733, 0.82938077]), array([0.89440784, 0.15665969, 0.84696533]), array([0.92056616, 0.16438205, 0.86430464]), array([0.94672448, 0.17210442, 0.88139871]), array([0.97288281, 0.17982678, 0.89824752]), array([0.99904113, 0.18754915, 0.91485108]), array([1.02519945, 0.19527151, 0.93120939])], 'distances_history': [8.42602376292481, 8.380249508030534, 8.334498664704638, 8.288767973384347, 8.243055112440107, 8.197358486091561, 8.15167706421466, 8.106010260702668, 8.060357840772218, 8.01471985020039, 7.969096561314059, 7.923488431858181, 7.877896073802078, 7.832320229820986, 7.7867617557004, 7.741221607307209, 7.6957008310830775, 7.650200557259139, 7.604721995179199, 7.559266430262953, 7.513835222250738, 7.468429672482593, 7.423051289967254, 7.377701656370082, 7.332382427549173, 7.287095335424513, 7.241842190134656, 7.1966248824418315, 7.151445386353807, 7.106305761937423, 7.0612081583046935, 7.016154816757095, 6.971148074077567, 6.926190365962776, 6.8812842305905555, 6.836432312319258, 6.791637365517132, 6.746902258520839, 6.702229977723025, 6.657623631789389, 6.613086456006037, 6.568621096832427, 6.524231088810333, 6.479920100641684, 6.43569194152729, 6.391550567272251, 6.347500086274972, 6.3035447654729015, 6.259689036292521, 6.215937500635667, 6.1722949369245494, 6.12876630622141, 6.085356758434303, 6.042071638617156, 5.998916493369591, 5.955897077339809, 5.913019359831917, 5.87028953151721, 5.827714011247332, 5.785299452965503, 5.743052752710386, 5.7009830260517305, 5.65909756483221, 5.617403941091921, 5.575910010603655, 5.534026230141972, 5.489421963114862, 5.444895445945564, 5.400444993781617, 5.356068928152559, 5.311765577575145, 5.267533278374642, 5.223370375658037, 5.179275224390164, 5.135246190534356, 5.091281652227218, 5.047380000962952, 5.003539642767393, 4.959758999345528, 4.91603650918928, 4.872370628634776, 4.828759913396059, 4.78520285719215, 4.741697974622928, 4.698243801924845, 4.654838897610084, 4.611481843017035, 4.568171242784351, 4.5249057252532765, 4.481683942799552, 4.43850457209491, 4.395366314298052, 4.3522678951752685, 4.3092080651514255, 4.266185599292618, 4.22319929722232, 4.180247982973346, 4.137330504778417, 4.094445734802381, 4.051592568819555, 4.008769925839758, 3.965976747686894, 3.9232119985340277, 3.8804746643989785, 3.8377637526045683, 3.7950782912076484, 3.752417328401052, 3.7097799318925953, 3.6671651882652134, 3.624572202322267, 3.582000096421988, 3.539448009804936, 3.4969150979182877, 3.4544005317406565, 3.4119034971110636, 3.369423194065584, 3.3269588361851063, 3.2845096499575424, 3.2420748741577645, 3.1996537592484615, 3.157245566805065, 3.11484956896784, 3.0724650479242244, 3.030091295424494, 2.9877276123338525, 2.945373308224107, 2.903027701008153, 2.860690116620644, 2.8183598887483545, 2.7760363586139714, 2.7337188748173173, 2.691406793238317, 2.6490994770064447, 2.606796296541838, 2.5644966296738683, 2.522199861843616, 2.479905386397513, 2.4376126049803806, 2.3953209280371954, 2.353029775434253, 2.310738577211957, 2.2684467744832992, 2.226153820494258, 2.1838591818649116, 2.1415623400330968, 2.099262792926015, 2.056960056889484, 2.014653668909607, 1.9723431891677146, 1.930028203976752, 1.8877083291560217, 1.8453832139118385, 1.8030525453044737, 1.760716053397417, 1.7183735172041088, 1.6760247715707586, 1.633669715162835, 1.5913083197586924, 1.5489406410985274, 1.506566831592884, 1.4641871552655037, 1.4198943651595881, 1.373552154746245, 1.3266844421779809, 1.2810592387066317, 1.2338432894529594, 1.1864920481580465, 1.1377447645384895, 1.0903010810559848, 1.042116490334959, 0.9928946893933539, 0.9442545139264326, 0.8954622627861607, 0.8466632253771154, 0.7976777399824538, 0.7494941894017753, 0.6997095469261433, 0.6511988295659091, 0.602642919749241, 0.5542381105071772, 0.5057838101042537, 0.4576167993054649, 0.4092829467934845, 0.3596672922827941, 0.310230925834102, 0.26179274272432795, 0.21487141767150605, 0.17051538453881002, 0.13107949140688202, 0.10293747987382697, 0.07373473932773023, 0.06990474743475063, 0.09253591516343282, 0.12868682312471333, 0.16962416935843003, 0.2115565620488946, 0.2538216091762537, 0.2962618167580929, 0.33887130112291963, 0.3816873927062547, 0.4247543015775445, 0.46811097934506485, 0.5117877765889751, 0.5558063657019401, 0.6001807973703428, 0.6449188421001295, 0.6900232847054286, 0.7354930553721151, 0.7813241714942611, 0.8275105010048639, 0.874044370683572, 0.920917045350815, 0.9666047238010037, 0.9643906874052227, 0.9639976339063434, 0.9654070852510842, 0.96859017137786, 0.9735083480063536, 0.9801143301678498, 0.9883531956696782, 0.9981636040049652, 1.0094790733339034, 1.0222292605369325, 1.0363411958718511, 1.0517404330505156, 1.0683520861413789, 1.0861017353297029, 1.1049161932597922, 1.124724131825374, 1.1454565755774175, 1.1670472723615137, 1.1894329545437148, 1.2125535055056766, 1.236352046300524, 1.2607749567682742, 1.2857718442882216, 1.311295471921108, 1.337301656140153, 1.363749142792389, 1.390599468454147, 1.4178168129974462, 1.445367847993153, 1.473221584549708, 1.501349223318931, 1.5297240086813633, 1.5583210885374879, 1.5871173806610048, 1.6160914461992189, 1.645223370617567, 1.6744946521659234, 1.7038880977808193, 1.7333877262192086, 1.7629786781366277, 1.7926471327678035], 'normal_align_history': [0.4392727426267583, 0.439239528260267, 0.439183589525191, 0.4391115262325934, 0.4390275733357934, 0.43893450233620934, 0.43883416328862673, 0.4387278169070489, 0.4386163420939745, 0.4385003681796872, 0.43838036074913556, 0.43825667824624076, 0.43812960976747206, 0.43799940047733654, 0.4378662687137397, 0.4377304174236589, 0.4375920416879421, 0.4374513335332486, 0.43730848486112056, 0.43716368907570025, 0.4370171418200899, 0.4368688120519172, 0.43671889040055467, 0.43656757927389145, 0.43641508562049836, 0.4362616170125047, 0.4361073794672811, 0.43595257616534094, 0.4357974066210153, 0.4356420660766942, 0.4354867450053059, 0.43533162866554387, 0.4351768966851798, 0.43502272266325875, 0.43486927378940193, 0.434716710481721, 0.434565186046071, 0.4344148463596416, 0.4342658295816829, 0.4341182658938452, 0.43397227727223536, 0.43382719690232885, 0.4336831336211231, 0.43354022009843296, 0.43339859089704563, 0.43325837187665417, 0.43311967555967157, 0.4329825995601775, 0.4328472265292048, 0.43271362480277953, 0.4325818493343994, 0.4324519427048461, 0.43232393611348824, 0.43219785031259506, 0.4320736964746098, 0.4319514769955428, 0.43183118624288375, 0.4317128112577791, 0.4315963324206034, 0.43148172408774815, 0.431368955205855, 0.4312608976920801, 0.4311574907986284, 0.43105851291784836, 0.4309636854688448, 0.43087272342834937, 0.43078535795696127, 0.4307013448011851, 0.4306204657519892, 0.43054252697575224, 0.43046735616925874, 0.4303947994967562, 0.43032471874503037, 0.4302569888643788, 0.43019149593075834, 0.4301281355032343, 0.4300668113264207, 0.43000743432152433, 0.42994992181208147, 0.42989419693647335, 0.4298401882063142, 0.4297876923665379, 0.42973663924938366, 0.42968697946858425, 0.42963867438914755, 0.4295916911572676, 0.4295460003812338, 0.4295015751675668, 0.4294583908215596, 0.4294164248488313, 0.42937565707066605, 0.42933606976002264, 0.42929764775467183, 0.4292603785296366, 0.42922425222402943, 0.4291892616235796, 0.4291554021028631, 0.42912267153218575, 0.4290910701542066, 0.4290606004350936, 0.4290312668946423, 0.4290030759193322, 0.4289760355619162, 0.4289501553307795, 0.4289254459719866, 0.4289019192466605, 0.4288795877061112, 0.42885846446689696, 0.42883856298782624, 0.4288198968507035, 0.42880247954648965, 0.428786324268351, 0.42877144371293524, 0.42875784989107957, 0.42874555394897235, 0.4287345660006898, 0.42872489497287086, 0.42871654846216384, 0.428709532605956, 0.42870385196676586, 0.42869950943056506, 0.4286965061191779, 0.4286948413167928, 0.4286945124105422, 0.4286955148449694, 0.42869784209015505, 0.4287014856231617, 0.4287064349223959, 0.4287126774744157, 0.4287201987926449, 0.4287289824474118, 0.4287390101066774, 0.4287502615867805, 0.42876271491249557, 0.42877634638568163, 0.42879113066176217, 0.42880704083329285, 0.4288240485198406, 0.4288421239634208, 0.42886123612871796, 0.42888135280736006, 0.42890244072549233, 0.42892446565394277, 0.428947392520292, 0.42897118552215924, 0.4289958082410784, 0.42902122375634916, 0.4290473947582808, 0.42907428366029027, 0.42910185270933693, 0.4291300640942284, 0.42915888005135916, 0.42918826296747864, 0.42921817547913027, 0.4292485805684396, 0.42927944165495197, 0.4293107226832765, 0.4293423882063143, 0.42937440346388445, 0.42940673445659916, 0.4294393480148653, 0.4412786014125889, 0.4429808996659681, 0.4554899608797291, 0.4609563801709257, 0.4728989057049479, 0.47403277646319975, 0.46429122042922294, 0.46591041974628106, 0.45715772132876326, 0.4400097785639444, 0.4340616909131597, 0.41780915591349205, 0.4129457007502511, 0.39771657315564635, 0.39456649703859165, 0.3986833620620304, 0.41401119956847815, 0.42177265938780467, 0.43982776588854194, 0.46134603959159026, 0.4816995435152961, 0.502739016912106, 0.5162634299028965, 0.5305261981519198, 0.5440054248228531, 0.5536938743425975, 0.5629160495724325, 0.5707632266488692, 0.5781601519857121, 0.5832586035092312, 0.5857387833915971, 0.5876994805943788, 0.5899014280998343, 0.5921647890571105, 0.5944399108835172, 0.5966738842869033, 0.5988238888290826, 0.6008542882492179, 0.6027352369117914, 0.6044419437187298, 0.6059541848273504, 0.6072558870401572, 0.6083347175783174, 0.6091816678927647, 0.6097906394654293, 0.6101580446174206, 0.6102824338277296, 0.6101641573479886, 0.6098050650281888, 0.6092082450774684, 0.6083778001959496, 0.6073186580717485, 0.6060364124794898, 0.6045371909608575, 0.6028275451503895, 0.6009143600995315, 0.598804779351055, 0.5965061429559924, 0.5940259360614888, 0.5913717461035619, 0.5885512269995492, 0.5855720690455407, 0.5824419734844317, 0.5791686309238371, 0.5757597029551154, 0.5722228064609453, 0.5685655002052582, 0.5647952733811586, 0.5609195358547598, 0.5569456098897921, 0.5528807231729154, 0.548732002985836, 0.544506471389868, 0.5402110413033745, 0.535852513363982, 0.5314375734766351, 0.5269727909563173, 0.5224646171810766, 0.517919384677383, 0.5133433065659578, 0.5087424763022952, 0.5041228676521833, 0.49949033484865885, 0.49485061288300647, 0.4902093178885673, 0.48557194758223077, 0.48094388173446534, 0.47633038264456046, 0.47173659560328474, 0.4671675493304427, 0.4626281563796907, 0.4581232135074759, 0.4536574020070228], 'ball_near_history': [False, False, False, False, False, False, False, False, False, False, False, False, False, False, False, False, False, False, False, False, False, False, False, False, False, False, False, False, False, False, False, False, False, False, False, False, False, False, False, False, False, False, False, False, False, False, False, False, False, False, False, False, False, False, False, False, False, False, False, False, False, False, False, False, False, False, False, False, False, False, False, False, False, False, False, False, False, False, False, False, False, False, False, False, False, False, False, False, False, False, False, False, False, False, False, False, False, False, False, False, False, False, False, False, False, False, False, False, False, False, False, False, False, False, False, False, False, False, False, False, False, False, False, False, False, False, False, False, False, False, False, False, False, False, False, False, False, False, False, False, False, False, False, False, False, False, False, False, False, False, False, False, False, False, False, False, False, False, False, False, False, False, False, False, False, False, False, False, False, False, False, False, False, False, False, False, False, False, False, False, False, False, False, False, False, False, False, False, False, False, False, False, False, False, False, False, False, False, False, False, False, False, False, False, False, False, False, False, False, False, False, False, False, False, False, False, False, False, False, False, False, False, False, False, False, False, False, False, False, False, False, False, False, False, False, False, False, False, False, False, False, False, False, False, False, False, False, False, False, False, False, False, False, False], 'tube_ready_history': [False, False, False, False, False, False, False, False, False, False, False, False, False, False, False, False, False, False, False, False, False, False, False, False, False, False, False, False, False, False, False, False, False, False, False, False, False, False, False, False, False, False, False, False, False, False, False, False, False, False, False, False, False, False, False, False, False, False, False, False, False, False, False, False, False, False, False, False, False, False, False, False, False, False, False, False, False, False, False, False, False, False, False, False, False, False, False, False, False, False, False, False, False, False, False, False, False, False, False, False, False, False, False, False, False, False, False, False, False, False, False, False, False, False, False, False, False, False, False, False, False, False, False, False, False, False, False, False, False, False, False, False, False, False, False, False, False, False, False, False, False, False, False, False, False, False, False, False, False, False, False, False, False, False, False, False, False, False, False, False, False, False, False, False, False, False, False, False, False, False, False, False, False, False, False, False, False, False, False, False, False, False, False, False, False, False, False, False, False, False, False, False, False, False, False, False, False, False, False, False, False, False, False, False, False, False, False, False, False, False, False, False, False, False, False, False, False, False, False, False, False, False, False, False, False, False, False, False, False, False, False, False, False, False, False, False, False, False, False, False, False, False, False, False, False, False, False, False, False, False, False, False, False, False], 'pos_error_history': [0.0094170762923663, 0.009333564875683403, 0.009240061802990245, 0.009164324412200118, 0.009137956658488124, 0.009194772238102047, 0.009368020932539864, 0.00968672731619836, 0.01017217168840247, 0.010835867214687985, 0.011679782523894535, 0.012698422305022654, 0.01388165031544314, 0.015217232743423398, 0.016692619736610646, 0.01829595509473863, 0.02001651797959486, 0.02184482156697493, 0.02377253683155281, 0.02579234508593992, 0.02617227483589436, 0.02823672203321314, 0.030391828977288184, 0.03263049090753362, 0.03494635346110429, 0.037333683302486216, 0.03978725723358835, 0.042302269650568415, 0.04487425652755058, 0.047499033557131934, 0.05017264607877494, 0.05289132866436252, 0.05565147254473727, 0.05844959937540848, 0.061282340121463615, 0.06414641808084735, 0.06703863526180029, 0.06995586148893616, 0.07289502573907006, 0.07585310930829185, 0.07795711794939765, 0.08091971371898674, 0.08389470778323094, 0.08687909082102876, 0.08986990820002314, 0.09286425652936157, 0.09585928117153308, 0.09885217455893151, 0.10184017518800342, 0.10482056718522383, 0.10779068035616339, 0.11074789064250702, 0.11368962092284181, 0.11661334210192895, 0.11951657444038531, 0.12239688908265792, 0.12525190974603959, 0.1280793145375435, 0.13087683786884763, 0.13364227244238913, 0.1410238454377244, 0.14372107219188424, 0.14637511974162273, 0.1489843379226166, 0.15154709937815972, 0.1540618125947132, 0.15652693222914002, 0.15894096736273108, 0.1613024881500583, 0.16361013121044551, 0.16586260402212546, 0.16805868851443653, 0.1701972440053663, 0.17227720959579132, 0.17429760610487008, 0.1762575376107973, 0.17815619264598276, 0.17999284508430216, 0.18176685474959245, 0.18347766776821736, 0.18450418289692466, 0.1860889818414782, 0.18761018234597607, 0.1890675165975086, 0.19046081028229836, 0.1917899795956757, 0.19305502858516344, 0.19425604671076932, 0.1953932065373859, 0.19646676149701678, 0.19747704367560953, 0.19842446159210722, 0.19930949794706343, 0.20013270732553837, 0.20089471384462898, 0.2015962087402863, 0.20223794789135624, 0.2028207492812895, 0.20334549039987518, 0.20381310558880641, 0.20422458333597507, 0.204580963524191, 0.20488333464062694, 0.20513283095368234, 0.20533062966423768, 0.20547794803842995, 0.2055760405291374, 0.20562619589335365, 0.20562973431255832, 0.20558800452306258, 0.20550238096313356, 0.20537426094350703, 0.20520506184764198, 0.2049962183678251, 0.20474917978292817, 0.204465407283332, 0.2041463713482037, 0.20379354917998135, 0.2034084222005854, 0.2029924736135223, 0.20254718603570115, 0.20207403920241665, 0.2015745077486184, 0.20105005906921206, 0.20050215126080037, 0.19993223114692663, 0.19934173238854214, 0.19873207368108492, 0.19810465703925187, 0.19746086617020894, 0.19680206493571373, 0.19612959590330828, 0.195444778986491, 0.19474891017349433, 0.19404326034405828, 0.1933290741733574, 0.19260756912201116, 0.19187993451092158, 0.19114733067946862, 0.19041088822545305, 0.18967170732498898, 0.18893085713042665, 0.188189375244246, 0.18744826726675654, 0.18670850641533726, 0.18597103321285746, 0.1852367552428652, 0.18450654696905494, 0.18378124961648085, 0.18306167111196275, 0.182348586081089, 0.1816427358992125, 0.18094482879384677, 0.18025553999585403, 0.17957551193684382, 0.17890535449022868, 0.1782456452533994, 0.1775969298685278, 0.17695972237955346, 0.17633450562294417, 0.17381739319605077, 0.1707626916733562, 0.16627150025991172, 0.1629141131268097, 0.1585323508133685, 0.15560007256422273, 0.1516255311515215, 0.1490650113946821, 0.14674267820928816, 0.14401603970323618, 0.1414291739899121, 0.14026827335320644, 0.13820768145833767, 0.13756185992810374, 0.1370455419170086, 0.13659603174747265, 0.13709506689951148, 0.1366073993026067, 0.1356217970213169, 0.13588439669717928, 0.1365852299261056, 0.13800384895771364, 0.14082720484161554, 0.14428108784249305, 0.14820983342762545, 0.15191161783341392, 0.1560153538020819, 0.1603078691573499, 0.16487940966758122, 0.16987026763471838, 0.1754554949193936, 0.18166119281218587, 0.18647349236027336, 0.1904133956567642, 0.1936461494058644, 0.19635114997634892, 0.19868316746056103, 0.20076952281549185, 0.20271184636566203, 0.20458948077542835, 0.2064631982118521, 0.2083786632133067, 0.21036943401715386, 0.21245946306014676, 0.21466513105925272, 0.2169968768190881, 0.21946049066274953, 0.22205813515538284, 0.22478914860444124, 0.22765067765047595, 0.23063817651469481, 0.23374580274412005, 0.2369667327785932, 0.2402934153371587, 0.24371777637025668, 0.2472313859976187, 0.2508255952928557, 0.25449164883735786, 0.25822077751805694, 0.26200427497525214, 0.26583356032681177, 0.2697002292303027, 0.2735960949373872, 0.2775132207008289, 0.2814439446804024, 0.2853808983352312, 0.2893170191690175, 0.2932455585986788, 0.29716008563762203, 0.30105448701655024, 0.30492296430366894, 0.308760028530245, 0.3125604927753392, 0.3163194631145966, 0.32003232829188744, 0.3236947484293072, 0.32730264305058376, 0.3308521786553591, 0.3343397560471991, 0.3377619975865217, 0.34111573451093546, 0.34439799443971614, 0.34760598915616725, 0.3507371027413748, 0.3537888801151526, 0.35675901602466986, 0.3596453445081647, 0.36244582885007826, 0.3651585520347242, 0.36778170769805046, 0.370313591570957, 0.37275259340285805, 0.3750971893505208, 0.3772859418662596], 'max_qdot_ratio': 0.991070976658991, 'max_tcp_speed': 1.7928264298692502, 'max_racket_face_speed': 1.5397727698418981, 'total_mpc_steps': 254, 'ball_was_hit': True, 'hit_step': 188, 'p_ee_at_hit': array([-0.6051447 , -0.30788596,  0.76272987]), 'ball_pos_at_hit': array([-0.70736284, -0.31125242,  0.77440229]), 'v_ee_at_hit': 1.598952675246653, 'active_contact': True, 'passive_contact': False}
2026-09-10 17:50:14,011 [INFO] __main__: 击打后继续仿真 20 步...
