__STEP_TIMING__: n=241 p50=0.24 p95=0.50 p99=4.41 max=29.91 n_over_period=2 period_ms=5.00 deciles=0.24,0.24,0.24,0.24,0.24,0.25,0.25,0.26,0.28,29.91

========================================
  RM-65 击打成功！（主动击球，pos_error=0.1019m）
  [V12 EpisodeRunner 管线架构]
  ablation: full
  击打目标位置: [-0.78  -0.512  0.83 ]
  末端实际位置: [-0.66  -0.577  0.853]
  规划跟踪误差: 0.1376 m
  速度误差: 1.9496 m/s
  MPC 总步数: 262
  --- Tube 专用指标 ---
  最小球拍-球距离: 0.0957 m
  ball_near 步数: 7 = 35.0 ms
  tube_ready 步数: 21 = 105.0 ms
  击打时间误差: 20.0 ms
  击打位置误差: 0.1019 m
  --- 计算性能 ---
  总墙钟时间: 1.12s (MPC=1.12s)
  --- 执行层约束 ---
  max_qdot=0.99x, max_tcp=1.8m/s, max_face=1.6m/s
  击球类型: 主动击球
========================================

__RESULT__: pos_error=0.101850 vel_error=1.949561 min_dist=0.095652 ball_near_ms=35.0 tube_ready_ms=105.0 max_tcp=1.80 max_qdot=0.99 max_face=1.6 hit_type=active hit_time_error_ms=20.0 hit_pos_error=0.101850 v_racket_at_hit=1.742
2026-09-13 00:11:42,771 [INFO] __main__: [ablation] mode=full
2026-09-13 00:11:42,777 [INFO] __main__: serve-box auto params: horizon=120, iter=10, first_plan_iters=30, total_horizon=250, replan_interval=20, near_plan_iters=5
2026-09-13 00:11:42,798 [INFO] __main__: 关节限位: 仿真默认(default.yaml), TCP=1.8 m/s, terminal_exempt=20
2026-09-13 00:11:42,799 [INFO] __main__: 球拍初始位置: [-0.24136342  0.63027058  1.45576659]
2026-09-13 00:11:42,799 [DEBUG] src.tennis.ball: serve_box bounce (attempt=1): p0_z=1.35, vz0=-2.5, spd=9.0, t1=0.321, t2=0.593, z_err=0.15
2026-09-13 00:11:42,806 [INFO] __main__: 击打步数: 181, 击打位置: [-0.77962682 -0.51245877  0.83029669]
2026-09-13 00:11:42,806 [INFO] __main__: 随挥方向: [ 0.277 -0.945  0.171], 随挥步数: 60
2026-09-13 00:11:42,817 [INFO] __main__: 候选窗口已构建: best_k=181, candidates=10
2026-09-13 00:11:42,817 [INFO] src.cpp.solver_cpp: iLQR C++ 加速模块已加载
2026-09-13 00:11:42,817 [INFO] __main__: 开始 V12 EpisodeRunner，总步数=310 (MPC=250, 随挥=60)，击打步数=181
2026-09-13 00:11:42,818 [INFO] src.ilqt.async_replanner: AsyncReplanner: 后台规划线程已启动
2026-09-13 00:11:42,835 [INFO] src.ilqt.async_replanner: AsyncReplanner: 规划环境已创建（独立 MjData）
2026-09-13 00:11:42,838 [INFO] src.ilqt.async_replanner: AsyncReplanner: 规划环境已创建（独立 MjData）
2026-09-13 00:11:42,860 [DEBUG] src.ilqt.tube_cost: [Softmin诊断] 候选权重TOP3: k=181:w=0.115, k=180:w=0.114, k=182:w=0.114
2026-09-13 00:11:43,771 [INFO] src.ilqt.mpc_controller: REPLAN step=0 k_hit=181 iters=30 horizon=120 t=936ms
2026-09-13 00:11:43,772 [INFO] src.ilqt.mpc_controller: MPCController.start 完成: k_hit=181, p_hit=[-0.78  -0.512  0.83 ], buffer=120
2026-09-13 00:11:43,776 [DEBUG] src.ilqt.replan_core: FAR_JT step=0 k_hit=181 (JT gain=60, skip iLQR)
2026-09-13 00:11:43,776 [DEBUG] src.ilqt.mpc_controller: REPLAN step=0 k_hit=181 iters=0 horizon=0 t=4ms
2026-09-13 00:11:43,776 [DEBUG] src.ilqt.mpc_controller: MPCController.step 0: replan k_hit=181 refine=feasible buffer=20
2026-09-13 00:11:43,785 [DEBUG] src.ilqt.replan_core: FAR_JT step=20 k_hit=161 (JT gain=60, skip iLQR)
2026-09-13 00:11:43,785 [DEBUG] src.ilqt.mpc_controller: REPLAN step=20 k_hit=161 iters=0 horizon=0 t=4ms
2026-09-13 00:11:43,785 [DEBUG] src.ilqt.mpc_controller: MPCController.step 20: replan k_hit=161 refine=feasible buffer=20
2026-09-13 00:11:43,794 [DEBUG] src.ilqt.replan_core: FAR_JT step=40 k_hit=141 (JT gain=60, skip iLQR)
2026-09-13 00:11:43,794 [DEBUG] src.ilqt.mpc_controller: REPLAN step=40 k_hit=141 iters=0 horizon=0 t=4ms
2026-09-13 00:11:43,794 [DEBUG] src.ilqt.mpc_controller: MPCController.step 40: replan k_hit=141 refine=feasible buffer=20
2026-09-13 00:11:43,803 [DEBUG] src.ilqt.replan_core: FAR_JT step=60 k_hit=121 (JT gain=60, skip iLQR)
2026-09-13 00:11:43,803 [DEBUG] src.ilqt.mpc_controller: REPLAN step=60 k_hit=121 iters=0 horizon=0 t=3ms
2026-09-13 00:11:43,803 [DEBUG] src.ilqt.mpc_controller: MPCController.step 60: replan k_hit=121 refine=feasible buffer=20
2026-09-13 00:11:43,812 [DEBUG] src.ilqt.replan_core: FAR_JT step=80 k_hit=101 (JT gain=60, skip iLQR)
2026-09-13 00:11:43,812 [DEBUG] src.ilqt.mpc_controller: REPLAN step=80 k_hit=101 iters=0 horizon=0 t=3ms
2026-09-13 00:11:43,812 [DEBUG] src.ilqt.mpc_controller: MPCController.step 80: replan k_hit=101 refine=feasible buffer=20
2026-09-13 00:11:43,820 [DEBUG] src.ilqt.replan_core: FAR_JT step=100 k_hit=81 (JT gain=60, skip iLQR)
2026-09-13 00:11:43,820 [DEBUG] src.ilqt.mpc_controller: REPLAN step=100 k_hit=81 iters=0 horizon=0 t=3ms
2026-09-13 00:11:43,821 [DEBUG] src.ilqt.mpc_controller: MPCController.step 100: replan k_hit=81 refine=feasible buffer=20
2026-09-13 00:11:43,828 [DEBUG] src.ilqt.replan_core: FAR_JT step=120 k_hit=61 (JT gain=60, skip iLQR)
2026-09-13 00:11:43,828 [DEBUG] src.ilqt.mpc_controller: REPLAN step=120 k_hit=61 iters=0 horizon=0 t=3ms
2026-09-13 00:11:43,829 [DEBUG] src.ilqt.mpc_controller: MPCController.step 120: replan k_hit=61 refine=feasible buffer=20
2026-09-13 00:11:43,843 [DEBUG] src.ilqt.tube_cost: [Softmin诊断] 候选权重TOP3: k=41:w=0.115, k=40:w=0.114, k=42:w=0.114
2026-09-13 00:11:43,864 [DEBUG] src.ilqt.mpc_controller: REPLAN step=140 k_hit=41 iters=5 horizon=41 t=29ms
2026-09-13 00:11:43,864 [INFO] src.ilqt.strategies.hit_point_refiner: [HIT_LOCK] k_hit=41 ≤ 60, 锁定击球点不再替换
2026-09-13 00:11:43,864 [DEBUG] src.ilqt.mpc_controller: MPCController.step 140: replan k_hit=41 refine=locked buffer=20
2026-09-13 00:11:43,866 [INFO] src.ilqt.components.predictive_safety: [SAFETY_FILTER] beta=0.8: qdot entering overspeed, joint=5, |qdot|=3.93 > 3.93
2026-09-13 00:11:43,866 [INFO] src.ilqt.components.predictive_safety: [SAFETY_FILTER] beta=0.2: qdot entering overspeed, joint=5, |qdot|=5.55 > 3.93
2026-09-13 00:11:43,867 [INFO] src.ilqt.components.predictive_safety: [SAFETY_FILTER] beta=0.0: qdot entering overspeed, joint=5, |qdot|=5.57 > 3.93
2026-09-13 00:11:43,876 [DEBUG] src.ilqt.tube_cost: [Softmin诊断] 候选权重TOP3: k=21:w=0.115, k=20:w=0.114, k=22:w=0.114
2026-09-13 00:11:43,888 [DEBUG] src.ilqt.mpc_controller: REPLAN step=160 k_hit=21 iters=5 horizon=21 t=19ms
2026-09-13 00:11:43,888 [DEBUG] src.ilqt.mpc_controller: MPCController.step 160: replan k_hit=21 refine=locked buffer=20
2026-09-13 00:11:43,888 [INFO] src.ilqt.components.predictive_safety: [SAFETY_FILTER] beta=0.2: qdot entering overspeed, joint=5, |qdot|=5.35 > 3.93
2026-09-13 00:11:43,891 [INFO] src.ilqt.components.predictive_safety: [SAFETY_FILTER] beta=0.6: qdot entering overspeed, joint=1, |qdot|=3.49 > 3.14
2026-09-13 00:11:43,892 [INFO] src.ilqt.components.predictive_safety: [SAFETY_FILTER] beta=0.4: qdot entering overspeed, joint=1, |qdot|=3.31 > 3.14
2026-09-13 00:11:43,893 [INFO] src.ilqt.components.predictive_safety: [SAFETY_FILTER] beta=0.8: tcp speed 1.81 > 1.80 m/s
2026-09-13 00:11:43,894 [INFO] src.ilqt.components.predictive_safety: [SAFETY_FILTER] beta=0.2: tcp speed 1.96 > 1.80 m/s
2026-09-13 00:11:43,895 [INFO] src.ilqt.components.predictive_safety: [SAFETY_FILTER] beta=0.6: tcp speed 1.85 > 1.80 m/s
2026-09-13 00:11:43,895 [INFO] src.ilqt.strategies.follow_through: 随挥触发: step=180, steps=60
2026-09-13 00:11:43,911 [INFO] src.ilqt.async_replanner: AsyncReplanner: 后台规划线程已停止
2026-09-13 00:11:43,911 [INFO] src.ilqt.episode_runner: EpisodeRunner 完成: total_steps=242 safe_steps=242 mpc_done=True
2026-09-13 00:11:43,911 [DEBUG] src.ilqt.episode_runner: EpisodeRunner metrics 详情: {'total_steps': 242, 'safe_steps': 242, 'mpc_done': True, 'X_history': [array([-1.5  ,  1.57 , -0.236,  0.404,  0.446,  2.45 ,  0.   ,  0.   ,
        0.   ,  0.   ,  0.   ,  0.   ]), array([ 3.04198459e-01,  1.61608943e+00, -4.43279520e-01, -1.36133435e-01,
        4.74736438e-01,  2.44999093e+00, -1.32178960e-02, -3.92809078e-02,
        2.59406928e-03,  1.77880073e-03, -2.64182314e-02, -1.81463289e-03]), array([ 3.04067808e-01,  1.61570402e+00, -4.43267593e-01, -1.36116294e-01,
        4.74496169e-01,  2.44997653e+00, -2.61303726e-02, -7.70813557e-02,
        2.38546704e-03,  3.42820320e-03, -4.80536276e-02, -2.87954542e-03]), array([ 3.03874217e-01,  1.61513684e+00, -4.43267956e-01, -1.36091466e-01,
        4.74165433e-01,  2.44995889e+00, -3.87180576e-02, -1.13436872e-01,
       -7.25728835e-05,  4.96555769e-03, -6.61473405e-02, -3.52699017e-03]), array([ 0.30361937,  1.61439486, -0.44328964, -0.13605946,  0.47375736,
        2.44993919, -0.05096914, -0.14839519, -0.0043367 ,  0.00640188,
       -0.08161412, -0.00394074]), array([ 0.30330499,  1.6134848 , -0.44333988, -0.13602073,  0.47328173,
        2.44991808, -0.06287728, -0.18201093, -0.01004894,  0.00774548,
       -0.09512669, -0.00422277]), array([ 0.30293279,  1.6124131 , -0.44342447, -0.13597571,  0.47274584,
        2.44989593, -0.07444   , -0.21434183, -0.01691806,  0.00900352,
       -0.10717824, -0.00442987]), array([ 0.3025045 ,  1.61118586, -0.443548  , -0.1359248 ,  0.47215519,
        2.44987296, -0.08565767, -0.24544625, -0.0247053 ,  0.01018255,
       -0.11812875, -0.0045938 ]), array([ 0.30202183,  1.60980896, -0.44371407, -0.13586836,  0.471514  ,
        2.4498493 , -0.09653259, -0.27538139, -0.03321334,  0.01128871,
       -0.12823925, -0.00473237]), array([ 0.30148649,  1.60828795, -0.44392546, -0.13580672,  0.47082551,
        2.44982502, -0.10706841, -0.30420217, -0.04227792,  0.01232764,
       -0.13769728, -0.00485567]), array([ 0.30090014,  1.60662814, -0.44418426, -0.13574019,  0.47009233,
        2.44980017, -0.11726974, -0.33196053, -0.05176119,  0.01330453,
       -0.14663584, -0.00496939]), array([ 0.30026443,  1.60483462, -0.444492  , -0.13566907,  0.46931659,
        2.44977479, -0.12714172, -0.35870504, -0.06154662,  0.014224  ,
       -0.15514748, -0.00507678]), array([ 0.29958099,  1.60291222, -0.44484967, -0.13559362,  0.46850012,
        2.44974889, -0.13668986, -0.38448065, -0.071535  ,  0.01509012,
       -0.16329485, -0.00517972]), array([ 0.29885139,  1.60086557, -0.44525788, -0.13551409,  0.46764453,
        2.44972249, -0.14591983, -0.40932875, -0.0816413 ,  0.01590642,
       -0.17111855, -0.00527928]), array([ 0.2980772 ,  1.59869914, -0.44571684, -0.13543071,  0.46675131,
        2.44969561, -0.15483731, -0.43328712, -0.09179211,  0.0166759 ,
       -0.17864295, -0.0053761 ]), array([ 0.29725996,  1.59641719, -0.44622646, -0.13534371,  0.46582191,
        2.44966826, -0.16344789, -0.45639013, -0.10192368,  0.01740106,
       -0.18588052, -0.00547056]), array([ 0.29640117,  1.59402384, -0.44678636, -0.13525329,  0.46485773,
        2.44964044, -0.17175704, -0.47866885, -0.11198029,  0.01808394,
       -0.19283507, -0.00556291]), array([ 0.29550232,  1.59152308, -0.44739592, -0.13515966,  0.46386021,
        2.44961218, -0.17976999, -0.50015128, -0.12191296,  0.01872619,
       -0.19950403, -0.00565329]), array([ 0.29456487,  1.58891877, -0.44805431, -0.13506301,  0.46283081,
        2.44958347, -0.18749173, -0.52086248, -0.13167838,  0.01932906,
       -0.2058803 , -0.00574185]), array([ 0.29359023,  1.58621465, -0.4487605 , -0.13496354,  0.46177105,
        2.44955433, -0.19492697, -0.54082486, -0.141238  ,  0.01989352,
       -0.21195349, -0.00582869]), array([ 0.29257983,  1.58341436, -0.44951329, -0.13486144,  0.46068249,
        2.44952476, -0.20208016, -0.56005826, -0.15055741,  0.02042023,
       -0.21771094, -0.00591392]), array([ 0.29153518,  1.58052142, -0.45031148, -0.13475711,  0.4595662 ,
        2.44949484, -0.20893067, -0.57858793, -0.15963761,  0.02086736,
       -0.22325817, -0.00598379]), array([ 0.29045765,  1.57753929, -0.4511536 , -0.13465069,  0.45842397,
        2.44946454, -0.21550566, -0.59642571, -0.1684237 ,  0.02128286,
       -0.22844506, -0.00605867]), array([ 0.28934861,  1.57447137, -0.45203805, -0.13454237,  0.45725767,
        2.44943387, -0.22180863, -0.61358462, -0.17688936,  0.02166524,
       -0.23326017, -0.00613559]), array([ 0.28820939,  1.57132099, -0.4529631 , -0.1344323 ,  0.45606922,
        2.4494028 , -0.22784274, -0.63007598, -0.18501082,  0.02201331,
       -0.23769056, -0.006213  ]), array([ 0.28704134,  1.56809144, -0.45392693, -0.13432067,  0.45486061,
        2.44937135, -0.23361089, -0.64590947, -0.19276643,  0.02232605,
       -0.24172234, -0.00629018]), array([ 0.28584576,  1.56478597, -0.45492761, -0.13420766,  0.4536339 ,
        2.44933952, -0.23911568, -0.66109333, -0.20013643,  0.02260257,
       -0.24534116, -0.00636681]), array([ 0.28462396,  1.5614078 , -0.45596313, -0.13409345,  0.45239124,
        2.4493073 , -0.24435944, -0.67563444, -0.20710269,  0.02284205,
       -0.24853245, -0.00644281]), array([ 0.28337724,  1.55796011, -0.45703137, -0.13397823,  0.45113483,
        2.44927471, -0.24934426, -0.68953843, -0.21364854,  0.02304374,
       -0.25128176, -0.00651822]), array([ 0.28210688,  1.55444606, -0.45813016, -0.13386219,  0.44986696,
        2.44924174, -0.25407194, -0.70280981, -0.2197586 ,  0.02320694,
       -0.25357492, -0.00659312]), array([ 0.28081416,  1.5508688 , -0.45925726, -0.13374554,  0.44858997,
        2.44920841, -0.25854408, -0.71545207, -0.22541869,  0.02333096,
       -0.25539824, -0.00666764]), array([ 0.27950035,  1.54723146, -0.46041033, -0.13362846,  0.44730627,
        2.4491747 , -0.26276207, -0.72746778, -0.23061573,  0.02341517,
       -0.25673864, -0.00674191]), array([ 0.27816671,  1.54353717, -0.46158702, -0.13351117,  0.44601835,
        2.44914062, -0.26672709, -0.73885868, -0.23533764,  0.02345899,
       -0.25758381, -0.00681605]), array([ 0.27681451,  1.53978904, -0.46278489, -0.13339386,  0.44472874,
        2.44910617, -0.27044013, -0.7496258 , -0.23957334,  0.02346186,
       -0.25792227, -0.0068902 ]), array([ 0.275445  ,  1.53599019, -0.46400145, -0.13327674,  0.44344003,
        2.44907134, -0.27390206, -0.75976954, -0.24331267,  0.02342327,
       -0.25774354, -0.00696446]), array([ 0.27405944,  1.53214374, -0.46523419, -0.13316003,  0.44215483,
        2.44903615, -0.27711358, -0.76928977, -0.24654639,  0.02334274,
       -0.25703816, -0.00703894]), array([ 0.27265906,  1.52825281, -0.46648052, -0.13304393,  0.44087585,
        2.44900058, -0.28007527, -0.77818589, -0.24926616,  0.02321986,
       -0.25579783, -0.00711374]), array([ 0.27124512,  1.52432053, -0.46773784, -0.13292866,  0.43960577,
        2.44896464, -0.28278766, -0.78645696, -0.25146452,  0.02305427,
       -0.25401544, -0.00718893]), array([ 0.26981887,  1.52035002, -0.46900351, -0.13281443,  0.43834734,
        2.44892831, -0.28525115, -0.79410175, -0.25313492,  0.02284567,
       -0.25168519, -0.00726457]), array([ 0.26838153,  1.51634442, -0.47027487, -0.13270146,  0.43710333,
        2.44889161, -0.28746615, -0.80111885, -0.25427172,  0.02259381,
       -0.24880263, -0.00734072]), array([ 0.26693437,  1.51230689, -0.47154922, -0.13258997,  0.43587651,
        2.44885452, -0.289433  , -0.80750674, -0.25487018,  0.02229852,
       -0.24536471, -0.00741741]), array([ 0.26547897,  1.50824052, -0.47282404, -0.13248073,  0.43466911,
        2.4488172 , -0.29107961, -0.81327394, -0.25496448,  0.02184646,
       -0.24147944, -0.00746423]), array([ 0.26401659,  1.50414846, -0.47409663, -0.13237388,  0.43348402,
        2.44877956, -0.29247718, -0.81841272, -0.25451672,  0.02137001,
       -0.23701709, -0.00752752]), array([ 0.26254845,  1.50003385, -0.47536425, -0.13226956,  0.4323241 ,
        2.44874157, -0.29362641, -0.82292109, -0.25352396,  0.02086469,
       -0.23198426, -0.00759951]), array([ 0.26107581,  1.49589986, -0.47662417, -0.13216792,  0.43119216,
        2.44870319, -0.29452807, -0.82679738, -0.25198455,  0.02032729,
       -0.22638776, -0.00767608]), array([ 0.2595999 ,  1.49174966, -0.47787366, -0.13206915,  0.43009099,
        2.44866441, -0.29518295, -0.83004029, -0.24989807,  0.0197555 ,
       -0.22023501, -0.00775501]), array([ 0.25812194,  1.48758642, -0.47910999, -0.13197341,  0.42902332,
        2.44862523, -0.29559197, -0.83264892, -0.24726531,  0.01914773,
       -0.2135343 , -0.00783514]), array([ 0.25664316,  1.4834133 , -0.48033043, -0.13188089,  0.42799184,
        2.44858566, -0.29575618, -0.83462287, -0.24408821,  0.01850291,
       -0.20629504, -0.00791586]), array([ 0.25516477,  1.47923349, -0.48153228, -0.13179179,  0.4269992 ,
        2.44854567, -0.29567678, -0.83596225, -0.24036986,  0.01782043,
       -0.19852784, -0.00799681]), array([ 0.253688  ,  1.47505015, -0.48271285, -0.13170629,  0.42604798,
        2.44850528, -0.29535515, -0.83666773, -0.23611448,  0.01709998,
       -0.19024464, -0.00807778]), array([ 0.25221403,  1.47086645, -0.48386949, -0.13162458,  0.42514068,
        2.44846449, -0.29479291, -0.83674063, -0.23132742,  0.01634159,
       -0.18145879, -0.00815863]), array([ 0.25074407,  1.46668554, -0.48499956, -0.13154686,  0.42427976,
        2.44842329, -0.29399189, -0.83618295, -0.22601515,  0.01554551,
       -0.17218503, -0.00823921]), array([ 0.2492793 ,  1.46251055, -0.48610049, -0.13147329,  0.42346756,
        2.4483817 , -0.29295419, -0.83499742, -0.22018528,  0.01471219,
       -0.16243955, -0.0083194 ]), array([ 0.24782089,  1.45834461, -0.48716972, -0.13140408,  0.42270636,
        2.4483397 , -0.29168219, -0.83318753, -0.21384649,  0.01384229,
       -0.15223995, -0.00839907]), array([ 0.24637   ,  1.45419082, -0.48820477, -0.1313394 ,  0.42199834,
        2.44829731, -0.29017857, -0.8307576 , -0.20700861,  0.01293663,
       -0.14160523, -0.00847807]), array([ 0.24492777,  1.45005226, -0.48920318, -0.13127942,  0.42134556,
        2.44825453, -0.28844631, -0.82771281, -0.19968251,  0.01199617,
       -0.13055571, -0.00855624]), array([ 0.24349532,  1.44593196, -0.49016258, -0.13122431,  0.42074999,
        2.44821136, -0.28648874, -0.82405925, -0.19188017,  0.01102201,
       -0.11911307, -0.00863342]), array([ 0.24207378,  1.44183294, -0.49108065, -0.13117423,  0.42021349,
        2.44816781, -0.28430953, -0.81980389, -0.18361461,  0.01001537,
       -0.10730015, -0.00870942]), array([ 0.24066421,  1.43775817, -0.49195515, -0.13112934,  0.41973779,
        2.44812389, -0.2819127 , -0.81495468, -0.17489987,  0.00897757,
       -0.09514102, -0.00878407]), array([ 0.2392677 ,  1.43371057, -0.49278391, -0.13108979,  0.41932448,
        2.44807961, -0.27930263, -0.80952053, -0.16575101,  0.00791006,
       -0.08266079, -0.00885717]), array([ 0.23788528,  1.42969301, -0.49356483, -0.13105572,  0.41897505,
        2.44803497, -0.27648406, -0.80351132, -0.15618405,  0.00681437,
       -0.06988557, -0.00892853]), array([ 0.23651664,  1.42570864, -0.49429469, -0.13102526,  0.41869561,
        2.4479893 , -0.27372861, -0.79687412, -0.14597265,  0.00609209,
       -0.05588869, -0.0091331 ]), array([ 0.23516277,  1.42176036, -0.49497147, -0.13099892,  0.41848634,
        2.44794298, -0.27077259, -0.78965619, -0.13535618,  0.00526768,
       -0.04185375, -0.00926365]), array([ 0.23382467,  1.41785098, -0.49559329, -0.13097712,  0.41834754,
        2.44789621, -0.26762158, -0.78187623, -0.12436364,  0.00436163,
       -0.02775992, -0.00935477]), array([ 0.23250326,  1.41398321, -0.4961584 , -0.13096017,  0.41827954,
        2.44784908, -0.26428151, -0.77355275, -0.11302191,  0.00338944,
       -0.01359979, -0.00942472]), array([ 2.31199465e-01,  1.41015969e+00, -4.96665181e-01, -1.30948353e-01,
        4.18282664e-01,  2.44780167e+00, -2.60758712e-01, -7.64704342e-01,
       -1.01356491e-01,  2.36312147e-03,  6.24146463e-04, -9.48298296e-03]), array([ 2.29914165e-01,  1.40638294e+00, -4.97112141e-01, -1.30941891e-01,
        4.18357174e-01,  2.44775400e+00, -2.57059887e-01, -7.55349847e-01,
       -8.93920605e-02,  1.29222199e-03,  1.49019816e-02, -9.53436346e-03]), array([ 2.28648205e-01,  1.40265540e+00, -4.97497905e-01, -1.30940969e-01,
        4.18503266e-01,  2.44770609e+00, -2.53192080e-01, -7.45508516e-01,
       -7.71528043e-02,  1.84503376e-04,  2.92183869e-02, -9.58117588e-03]), array([ 2.27402392e-01,  1.39897940e+00, -4.97821219e-01, -1.30945737e-01,
        4.18721037e-01,  2.44765797e+00, -2.49162688e-01, -7.35200074e-01,
       -6.46626903e-02, -9.53592209e-04,  4.35540518e-02, -9.62443659e-03]), array([ 2.26177494e-01,  1.39535718e+00, -4.98080947e-01, -1.30956320e-01,
        4.19010471e-01,  2.44760965e+00, -2.44979430e-01, -7.24444788e-01,
       -5.19456312e-02, -2.11660803e-03,  5.78867993e-02, -9.66450007e-03]), array([ 0.22497424,  1.39179086, -0.49827607, -0.13097282,  0.41937143,
        2.44756114, -0.24065034, -0.71326349, -0.03902559, -0.00329983,
        0.07219244, -0.0097014 ]), array([ 0.22379332,  1.38828247, -0.49840571, -0.13099531,  0.41980366,
        2.44751247, -0.23618372, -0.70167757, -0.02592662, -0.00449912,
        0.08644543, -0.00973501]), array([ 0.22263538,  1.38483393, -0.49846907, -0.13102387,  0.42030676,
        2.44746364, -0.23158817, -0.68970901, -0.01267292, -0.00571077,
        0.10061938, -0.00976518]), array([ 2.21501021e-01,  1.38144702e+00, -4.98465516e-01, -1.31058526e-01,
        4.20880194e-01,  2.44741468e+00, -2.26872500e-01, -6.77380292e-01,
        7.11220525e-04, -6.93142198e-03,  1.14687497e-01, -9.79171881e-03]), array([ 0.22039079,  1.37812345, -0.49839451, -0.13109932,  0.42152331,
        2.44736561, -0.22204574, -0.66471444,  0.0142014 , -0.00815798,
        0.12862286, -0.00981447]), array([ 0.21930521,  1.37486478, -0.49825564, -0.13114625,  0.4222353 ,
        2.44731644, -0.2171171 , -0.65173492,  0.02777318, -0.00938756,
        0.14239874, -0.0098333 ]), array([ 0.21824473,  1.37167245, -0.49804863, -0.13119934,  0.42301525,
        2.4472672 , -0.21209595, -0.63846562,  0.04140209, -0.01061747,
        0.15598877, -0.00984809]), array([ 0.21720977,  1.3685478 , -0.49777331, -0.13125857,  0.42386208,
        2.44721791, -0.20699178, -0.62493079,  0.05506376, -0.01184514,
        0.16936717, -0.00985877]), array([ 0.2162007 ,  1.36549202, -0.49742964, -0.13132391,  0.42477463,
        2.44716858, -0.20181418, -0.61115498,  0.06873387, -0.01306817,
        0.18250887, -0.00986528]), array([ 0.21521783,  1.36250621, -0.4970177 , -0.13139533,  0.42575157,
        2.44711924, -0.19657277, -0.597163  ,  0.08238831, -0.01428421,
        0.19538965, -0.0098676 ]), array([ 0.21426145,  1.35959131, -0.49653769, -0.13147278,  0.42679151,
        2.44706991, -0.19127725, -0.5829798 ,  0.09600321, -0.01549106,
        0.20798627, -0.00986572]), array([ 0.21333176,  1.35674815, -0.49598991, -0.13155622,  0.42789289,
        2.44702062, -0.18593726, -0.56863048,  0.10955497, -0.01668658,
        0.22027651, -0.00985967]), array([ 0.21242895,  1.35397745, -0.49537481, -0.13164556,  0.42905409,
        2.44697137, -0.18056244, -0.55414018,  0.12302039, -0.01786876,
        0.23223934, -0.00984949]), array([ 0.21155314,  1.35127978, -0.49469293, -0.13174074,  0.43027336,
        2.44692219, -0.17516236, -0.53953399,  0.13637666, -0.01903563,
        0.24385489, -0.00983524]), array([ 0.2107044 ,  1.3486556 , -0.49394492, -0.13184167,  0.43154888,
        2.44687311, -0.16974649, -0.52483697,  0.1496015 , -0.02018535,
        0.2551046 , -0.00981699]), array([ 0.20988278,  1.34610523, -0.49313155, -0.13194825,  0.43287874,
        2.44682413, -0.16432415, -0.51007397,  0.16267313, -0.02131614,
        0.26597121, -0.00979487]), array([ 0.20908826,  1.34362888, -0.4922537 , -0.13206038,  0.43426093,
        2.44677529, -0.15890455, -0.49526966,  0.17557042, -0.02242632,
        0.27643881, -0.00976896]), array([ 0.20832078,  1.34122664, -0.49131234, -0.13217795,  0.4356934 ,
        2.44672659, -0.15349666, -0.48044841,  0.18827287, -0.02351431,
        0.2864929 , -0.00973942]), array([ 0.20758023,  1.33889847, -0.49030853, -0.13230084,  0.437174  ,
        2.44667806, -0.14810929, -0.46563427,  0.2007607 , -0.02457861,
        0.29612037, -0.00970637]), array([ 0.20686648,  1.33664421, -0.48924346, -0.13242893,  0.43870055,
        2.44662971, -0.14275097, -0.45085087,  0.21301488, -0.02561783,
        0.30530957, -0.00966998]), array([ 0.20617933,  1.33446361, -0.48811837, -0.13256208,  0.4402708 ,
        2.44658156, -0.13743002, -0.43612138,  0.22501718, -0.02663066,
        0.31405027, -0.00963042]), array([ 0.20551855,  1.33235626, -0.48693462, -0.13270016,  0.44188247,
        2.44653362, -0.13215443, -0.42146848,  0.23675022, -0.02761592,
        0.3223337 , -0.00958786]), array([ 0.20488389,  1.33032169, -0.48569364, -0.13284303,  0.44353323,
        2.44648591, -0.12693192, -0.40691426,  0.24819749, -0.02857251,
        0.3301525 , -0.00954249]), array([ 0.20427504,  1.32835929, -0.48439692, -0.13299052,  0.44522073,
        2.44643843, -0.1217699 , -0.39248022,  0.25934341, -0.02949944,
        0.33750076, -0.00949451]), array([ 0.20369167,  1.32646835, -0.48304605, -0.1331425 ,  0.4469426 ,
        2.44639121, -0.11667541, -0.37818718,  0.27017332, -0.03039583,
        0.34437397, -0.00944412]), array([ 0.20313339,  1.32464808, -0.48164268, -0.13329881,  0.44869645,
        2.44634426, -0.11165517, -0.36405528,  0.28067355, -0.03126089,
        0.35076902, -0.00939152]), array([ 0.20259981,  1.32289756, -0.48018853, -0.13345928,  0.45047987,
        2.44629757, -0.10671555, -0.35010392,  0.29083141, -0.03209396,
        0.35668414, -0.00933693]), array([ 0.2020905 ,  1.3212158 , -0.47868535, -0.13362375,  0.45229046,
        2.44625117, -0.10186252, -0.33635172,  0.3006352 , -0.03289448,
        0.36211889, -0.00928056]), array([ 0.20160499,  1.31960172, -0.47713498, -0.13379206,  0.45412583,
        2.44620505, -0.09710169, -0.32281649,  0.31007429, -0.03366197,
        0.36707413, -0.00922263]), array([ 0.2011428 ,  1.31805414, -0.47553928, -0.13396404,  0.45598359,
        2.44615924, -0.09243829, -0.30951523,  0.31913902, -0.03439609,
        0.37155195, -0.00916336]), array([ 0.20070342,  1.31657182, -0.47390018, -0.13413952,  0.45786137,
        2.44611372, -0.08787715, -0.29646405,  0.32782083, -0.03509658,
        0.37555565, -0.00910296]), array([ 0.2002863 ,  1.31515343, -0.47221962, -0.13431834,  0.45975682,
        2.44606851, -0.08342273, -0.28367821,  0.33611215, -0.03576329,
        0.37908966, -0.00904165]), array([ 0.19989091,  1.31379757, -0.47049959, -0.13450032,  0.46166762,
        2.44602362, -0.07907909, -0.27117207,  0.34400649, -0.03639617,
        0.38215954, -0.00897964]), array([ 0.19951666,  1.31250277, -0.4687421 , -0.1346853 ,  0.46359148,
        2.44597903, -0.07484989, -0.25895907,  0.35149836, -0.03699527,
        0.38477184, -0.00891714]), array([ 0.19916297,  1.31126752, -0.46694918, -0.1348731 ,  0.46552615,
        2.44593476, -0.07073842, -0.24705174,  0.35858331, -0.03756071,
        0.38693414, -0.00885437]), array([ 0.19882923,  1.31009021, -0.46512289, -0.13506356,  0.46746942,
        2.4458908 , -0.06674759, -0.23546167,  0.36525792, -0.03809272,
        0.38865489, -0.00879152]), array([ 0.19851483,  1.30896921, -0.46326529, -0.13525652,  0.46941914,
        2.44584716, -0.06287991, -0.22419953,  0.37151972, -0.03859162,
        0.38994343, -0.0087288 ]), array([ 0.19821914,  1.30790283, -0.46137845, -0.13545181,  0.47137319,
        2.44580383, -0.05913756, -0.21327505,  0.37736727, -0.03905778,
        0.39080989, -0.00866638]), array([ 0.19794153,  1.30688935, -0.45946445, -0.13564927,  0.47332951,
        2.4457608 , -0.05552232, -0.20269705,  0.38280005, -0.03949169,
        0.39126512, -0.00860447]), array([ 0.19768135,  1.30592698, -0.45752536, -0.13584874,  0.47528612,
        2.44571809, -0.05203564, -0.19247338,  0.3878185 , -0.03989388,
        0.39132062, -0.00854322]), array([ 0.19743796,  1.30501393, -0.45556324, -0.13605006,  0.47724106,
        2.44567567, -0.04867863, -0.18261102,  0.39242392, -0.04026495,
        0.39098851, -0.00848282]), array([ 0.1972107 ,  1.30414835, -0.45358015, -0.13625309,  0.47919247,
        2.44563356, -0.04545205, -0.173116  ,  0.39661854, -0.04060558,
        0.39028144, -0.00842342]), array([ 0.19699891,  1.30332838, -0.45157812, -0.13645767,  0.48113853,
        2.44559173, -0.04235637, -0.16399348,  0.40040538, -0.0409165 ,
        0.38921251, -0.00836517]), array([ 0.19680196,  1.30255214, -0.44955918, -0.13666367,  0.48307751,
        2.44555019, -0.03939173, -0.15524773,  0.40378831, -0.04119848,
        0.38779525, -0.00830822]), array([ 0.19661917,  1.30181773, -0.44752532, -0.13687093,  0.48500772,
        2.44550893, -0.03655798, -0.14688214,  0.40677193, -0.04145235,
        0.38604351, -0.00825271]), array([ 0.19644989,  1.30112323, -0.44547851, -0.13707932,  0.48692758,
        2.44546793, -0.0338547 , -0.13889927,  0.40936162, -0.04167898,
        0.38397145, -0.00819875]), array([ 0.19629349,  1.30046673, -0.4434207 , -0.13728872,  0.48883555,
        2.4454272 , -0.0312812 , -0.13130086,  0.41156341, -0.04187929,
        0.38159342, -0.00814647]), array([ 0.1961493 ,  1.29984629, -0.44135378, -0.13749899,  0.49073017,
        2.44538672, -0.02883652, -0.12408782,  0.41338401, -0.0420542 ,
        0.37892397, -0.00809597]), array([ 0.19601671,  1.29925999, -0.43927962, -0.13771001,  0.49261006,
        2.44534648, -0.02651948, -0.1172603 ,  0.41483074, -0.0422047 ,
        0.37597773, -0.00804734]), array([ 0.19589506,  1.2987059 , -0.43720006, -0.13792167,  0.4944739 ,
        2.44530648, -0.02432867, -0.11081768,  0.41591149, -0.04233177,
        0.37276942, -0.00800068]), array([ 0.19578375,  1.29818211, -0.43511689, -0.13813385,  0.49632047,
        2.4452667 , -0.02226248, -0.10475864,  0.41663469, -0.04243643,
        0.36931375, -0.00795606]), array([ 0.19568216,  1.2976867 , -0.43303184, -0.13834645,  0.4981486 ,
        2.44522713, -0.02031907, -0.09908112,  0.41700923, -0.0425197 ,
        0.3656254 , -0.00791355]), array([ 0.19558967,  1.29721779, -0.43094662, -0.13855937,  0.49995719,
        2.44518777, -0.01849646, -0.09378242,  0.41704447, -0.04258261,
        0.36171897, -0.00787322]), array([ 0.19550571,  1.29677349, -0.42886287, -0.1387725 ,  0.50174524,
        2.44514859, -0.01679247, -0.08885917,  0.41675018, -0.04262621,
        0.35760894, -0.0078351 ]), array([ 0.19542969,  1.29635196, -0.42678219, -0.13898575,  0.50351179,
        2.44510959, -0.01520477, -0.08430741,  0.41613647, -0.04265155,
        0.35330962, -0.00779926]), array([ 0.19536103,  1.29595134, -0.42470612, -0.13919905,  0.50525596,
        2.44507076, -0.01373089, -0.08012258,  0.41521377, -0.04265967,
        0.34883513, -0.00776571]), array([ 0.19529919,  1.29556985, -0.42263616, -0.13941231,  0.50697696,
        2.44503209, -0.01236825, -0.07629958,  0.41399282, -0.04265161,
        0.34419936, -0.00773449]), array([ 0.19524362,  1.29520568, -0.42057373, -0.13962545,  0.50867404,
        2.44499356, -0.01111411, -0.07283279,  0.41248456, -0.0426284 ,
        0.33941595, -0.00770562]), array([ 0.19519379,  1.2948571 , -0.41852023, -0.13983841,  0.51034653,
        2.44495517, -0.00996568, -0.06971608,  0.41070016, -0.04259106,
        0.33449825, -0.0076791 ]), array([ 0.19514919,  1.29452239, -0.41647698, -0.14005111,  0.51199383,
        2.44491689, -0.00892002, -0.06694288,  0.40865094, -0.0425406 ,
        0.3294593 , -0.00765495]), array([ 0.19510932,  1.29419986, -0.41444524, -0.1402635 ,  0.51361539,
        2.44487873, -0.00797416, -0.0645062 ,  0.40634836, -0.04247802,
        0.32431181, -0.00763316]), array([ 0.1950737 ,  1.29388786, -0.41242622, -0.14047552,  0.51521073,
        2.44484066, -0.00712502, -0.06239864,  0.40380397, -0.0424043 ,
        0.31906815, -0.00761372]), array([ 0.19504185,  1.2935848 , -0.41042107, -0.14068713,  0.51677943,
        2.44480268, -0.00636949, -0.06061245,  0.40102937, -0.04232038,
        0.31374033, -0.00759663]), array([ 0.19501333,  1.2932891 , -0.40843089, -0.14089826,  0.51832113,
        2.44476477, -0.00570439, -0.05913952,  0.39803619, -0.04222721,
        0.30833996, -0.00758185]), array([ 0.19498769,  1.29299925, -0.40645671, -0.14110889,  0.51983552,
        2.44472692, -0.00512651, -0.05797146,  0.39483607, -0.0421257 ,
        0.3028783 , -0.00756937]), array([ 0.19496453,  1.29271375, -0.40449951, -0.14131897,  0.52132235,
        2.44468912, -0.0046326 , -0.05709962,  0.3914406 , -0.04201673,
        0.2973662 , -0.00755916]), array([ 0.19494343,  1.29243117, -0.4025602 , -0.14152848,  0.52278142,
        2.44465137, -0.00421941, -0.05651506,  0.38786134, -0.04190118,
        0.2918141 , -0.00755119]), array([ 0.19492402,  1.29215013, -0.40063965, -0.14173738,  0.52421258,
        2.44461364, -0.00388364, -0.05620866,  0.38410975, -0.04177987,
        0.28623205, -0.00754541]), array([ 0.19490591,  1.29186927, -0.39873866, -0.14194565,  0.52561573,
        2.44457593, -0.00362203, -0.0561711 ,  0.38019717, -0.04165361,
        0.2806297 , -0.00754178]), array([ 0.19488875,  1.29158731, -0.39685799, -0.14215326,  0.52699081,
        2.44453823, -0.00343128, -0.0563929 ,  0.37613483, -0.04152318,
        0.27501627, -0.00754027]), array([ 0.19487221,  1.29130299, -0.39499832, -0.14236021,  0.52833781,
        2.44450053, -0.00330811, -0.05686444,  0.37193381, -0.04138935,
        0.26940061, -0.00754082]), array([ 0.19791243,  1.29280989, -0.39171307, -0.13720574,  0.52841408,
        2.45402124,  0.60804507,  0.30138133,  0.65704915,  1.03089397,
        0.01525313,  1.90414161]), array([ 0.20305779,  1.29014815, -0.38689783, -0.13334858,  0.53615188,
        2.4535445 ,  1.02907061, -0.53234911,  0.96304966,  0.7714327 ,
        1.5475595 , -0.09534793]), array([ 0.20947488,  1.2827255 , -0.37785759, -0.12388527,  0.54898483,
        2.4423951 ,  1.28341759, -1.48452893,  1.80804721,  1.89266219,
        2.56658984, -2.22987991]), array([ 0.21583548,  1.27836667, -0.36971105, -0.11956348,  0.55939697,
        2.44236261,  1.27212063, -0.87176713,  1.62930864,  0.86435745,
        2.08242848, -0.00649811]), array([ 0.22206939,  1.27822942, -0.36518047, -0.12010173,  0.56581301,
        2.45300638,  1.24678254, -0.0274497 ,  0.906115  , -0.10765078,
        1.28320915,  2.1287556 ]), array([ 0.2288424 ,  1.27513894, -0.35974194, -0.11546812,  0.57312329,
        2.4525847 ,  1.35460215, -0.61809562,  1.08770596,  0.92672243,
        1.46205443, -0.08433707]), array([ 0.23591221,  1.26737857, -0.35011731, -0.10715685,  0.58481952,
        2.46201033,  1.41396223, -1.55207497,  1.9249259 ,  1.66225331,
        2.33924744,  1.88512592]), array([ 0.24267547,  1.26205762, -0.34152035, -0.10303702,  0.59541281,
        2.47955449,  1.35265048, -1.06419029,  1.71939182,  0.82396651,
        2.11865752,  3.50883152]), array([ 0.24926551,  1.2562724 , -0.33288707, -0.09994284,  0.60571692,
        2.49856433,  1.3180085 , -1.15704281,  1.72665648,  0.61883675,
        2.06082077,  3.80196801]), array([ 0.25568304,  1.25065484, -0.32455863, -0.09703683,  0.61547894,
        2.51679241,  1.28350728, -1.12351197,  1.66568814,  0.58120064,
        1.95240448,  3.6456168 ]), array([ 0.26276077,  1.24917754, -0.3198118 , -0.08966982,  0.62149959,
        2.52342272,  1.41554501, -0.29546003,  0.94936703,  1.47340209,
        1.20413118,  1.32606188]), array([ 0.26957582,  1.24510426, -0.31459657, -0.0856809 ,  0.62788627,
        2.52020028,  1.36301017, -0.81465644,  1.04304571,  0.79778482,
        1.27733434, -0.64448754]), array([ 0.2760506 ,  1.23629975, -0.30477057, -0.08600559,  0.63888548,
        2.52791278,  1.29495497, -1.76090144,  1.9651988 , -0.06493784,
        2.19984302,  1.5424994 ]), array([ 0.2831913 ,  1.2308673 , -0.29694695, -0.08276208,  0.64747492,
        2.54491404,  1.42814008, -1.08649019,  1.56472372,  0.64870067,
        1.71788816,  3.40025208]), array([ 0.29018139,  1.22964809, -0.29271135, -0.08310551,  0.65240704,
        2.55135869,  1.39801848, -0.24384279,  0.84712016, -0.06868425,
        0.98642294,  1.28892945]), array([ 0.29700045,  1.23256642, -0.29202881, -0.08691106,  0.65360657,
        2.54766552,  1.36381259,  0.58366721,  0.13650788, -0.76111109,
        0.23990596, -0.73863344]), array([ 0.30444456,  1.23198598, -0.28968242, -0.08651928,  0.65683   ,
        2.55396885,  1.48882132, -0.11608779,  0.46927952,  0.07835692,
        0.64468773,  1.26066568]), array([ 0.3125456 ,  1.23417502, -0.28819495, -0.08162803,  0.65842636,
        2.54912663,  1.62020865,  0.43780686,  0.2974941 ,  0.97824946,
        0.31927071, -0.96844423]), array([ 0.32028525,  1.23284421, -0.2845915 , -0.08101782,  0.66181999,
        2.55533307,  1.54792961, -0.26616102,  0.72068826,  0.12204186,
        0.67872555,  1.24128961]), array([ 0.32779717,  1.22714426, -0.27681221, -0.08441147,  0.66819193,
        2.57206946,  1.502384  , -1.13999058,  1.55585967, -0.67873037,
        1.27438976,  3.3472768 ]), array([ 0.33522302,  1.22066092, -0.2685595 , -0.0884128 ,  0.67533764,
        2.59023028,  1.48517   , -1.29666717,  1.65054071, -0.80026653,
        1.42914045,  3.63216389]), array([ 0.34254487,  1.21020038, -0.2565017 , -0.09515019,  0.68466496,
        2.59790192,  1.46437041, -2.09210807,  2.41156025, -1.34747636,
        1.8654639 ,  1.53432939]), array([ 0.35019321,  1.20295476, -0.24623382, -0.09746683,  0.69268151,
        2.59434707,  1.52966873, -1.44912404,  2.05357576, -0.46332904,
        1.60331027, -0.71097074]), array([ 0.35716018,  1.19978716, -0.23935269, -0.10456863,  0.69732417,
        2.60153412,  1.39339221, -0.63352163,  1.37622589, -1.42036059,
        0.92853184,  1.43740997]), array([ 0.36438034,  1.20046181, -0.23574645, -0.10733296,  0.69910474,
        2.59756973,  1.44403367,  0.13493181,  0.72124938, -0.55286458,
        0.35611364, -0.79287778]), array([ 0.37166156,  1.19713017, -0.22941344, -0.10643969,  0.70404048,
        2.60359217,  1.45624289, -0.66632967,  1.26660215,  0.17865429,
        0.98714929,  1.20448778]), array([ 3.78255290e-01,  1.19712249e+00, -2.24711878e-01, -1.09521452e-01,
        7.06429986e-01,  2.59947596e+00,  1.31874628e+00, -1.53470001e-03,
        9.40311643e-01, -6.16353100e-01,  4.77900800e-01, -8.23242396e-01]), array([ 0.38470669,  1.19295224, -0.21656454, -0.1091545 ,  0.71140283,
        2.6053554 ,  1.29028058, -0.83405109,  1.62946826,  0.07338955,
        0.99456823,  1.17588852]), array([ 0.39091164,  1.18397971, -0.20396576, -0.10460733,  0.72170428,
        2.6003087 ,  1.24099031, -1.79450474,  2.51975451,  0.90943476,
        2.06028965, -1.00933968]), array([ 0.39673928,  1.17065245, -0.18686796, -0.09721346,  0.73446429,
        2.60532748,  1.16552666, -2.66545238,  3.41955992,  1.47877443,
        2.55200357,  1.00375551]), array([ 0.40251632,  1.15503267, -0.16784013, -0.08810695,  0.74893007,
        2.61606863,  1.1554083 , -3.12395685,  3.80556642,  1.82130201,
        2.89315561,  2.14823059]), array([ 0.40723751,  1.14236105, -0.14972462, -0.08357645,  0.76322609,
        2.61648926,  0.94423866, -2.53432299,  3.6231031 ,  0.90610041,
        2.85920427,  0.08412459]), array([ 0.41073225,  1.13397679, -0.13515803, -0.0844733 ,  0.77374092,
        2.62753942,  0.69894799, -1.67685255,  2.91331694, -0.17937006,
        2.10296563,  2.21003225]), array([ 0.41346749,  1.12223613, -0.11844171, -0.08869372,  0.78634432,
        2.62840026,  0.54704727, -2.34813281,  3.34326394, -0.84408436,
        2.52067896,  0.17216913]), array([ 0.41566114,  1.10881874, -0.09993216, -0.0946164 ,  0.80022853,
        2.63347208,  0.43872926, -2.6834772 ,  3.70191109, -1.18453685,
        2.77684254,  1.01436285]), array([ 0.41772392,  1.09822389, -0.08238617, -0.09678271,  0.8141443 ,
        2.62751509,  0.41255604, -2.11897027,  3.50919714, -0.43326232,
        2.78315472, -1.1913975 ]), array([ 0.41853938,  1.09132339, -0.06736202, -0.09730758,  0.82517964,
        2.63157613,  0.16309315, -1.38010029,  3.00482951, -0.10497343,
        2.20706779,  0.81220712]), array([ 0.41762038,  1.08687074, -0.05357883, -0.10170754,  0.83616022,
        2.62763419, -0.18380089, -0.8905285 ,  2.75663835, -0.87999194,
        2.19611494, -0.78838637]), array([ 0.41597134,  1.08163288, -0.03920799, -0.10598934,  0.84816132,
        2.62621787, -0.32980686, -1.04757212,  2.87416853, -0.85635982,
        2.40022047, -0.28326487]), array([ 0.41486671,  1.07899156, -0.02766511, -0.11074233,  0.85958953,
        2.61885912, -0.22092553, -0.52826432,  2.30857589, -0.95059754,
        2.28564307, -1.47174938]), array([ 0.41361922,  1.07614587, -0.01788356, -0.11515579,  0.86836385,
        2.61187009, -0.24949909, -0.56913936,  1.95631074, -0.88269176,
        1.75486428, -1.3978058 ]), array([ 0.41231376,  1.07322035, -0.00936585, -0.11944308,  0.87397379,
        2.60524635, -0.26109236, -0.58510245,  1.70354034, -0.85745873,
        1.12198758, -1.32474774]), array([ 4.11013803e-01,  1.07028240e+00, -1.78008069e-03, -1.23766480e-01,
        8.76675551e-01,  2.59897185e+00, -2.59991011e-01, -5.87591144e-01,
        1.51715473e+00, -8.64680072e-01,  5.40351782e-01, -1.25490101e+00]), array([ 0.4097631 ,  1.06735025,  0.00504547, -0.12824345,  0.87728889,
        2.59302368, -0.25014044, -0.58642901,  1.36511111, -0.89539327,
        0.12266827, -1.18963331]), array([ 0.40859644,  1.06444003,  0.01124566, -0.13296277,  0.87642887,
        2.58738237, -0.23333129, -0.58204355,  1.24003665, -0.94386437,
       -0.17200406, -1.12826304]), array([ 0.40754121,  1.06156532,  0.0169263 , -0.13798943,  0.87455601,
        2.58203066, -0.21104652, -0.57494362,  1.13612828, -1.00533326,
       -0.37457329, -1.07034175]), array([ 0.4066186 ,  1.05873721,  0.02217058, -0.14336876,  0.87201398,
        2.57695279, -0.18452241, -0.56562065,  1.04885655, -1.07586544,
       -0.50840424, -1.01557403]), array([ 0.40584463,  1.05596469,  0.02704412, -0.14912989,  0.86905809,
        2.57213397, -0.15479389, -0.55450547,  0.97470695, -1.15222567,
       -0.59117888, -0.9637634 ]), array([ 0.40523098,  1.05325491,  0.03159893, -0.15528874,  0.86587664,
        2.56756009, -0.12272909, -0.54195523,  0.91096336, -1.23177002,
       -0.63629048, -0.91477552]), array([ 0.4047857 ,  1.05061363,  0.03587659, -0.16185051,  0.86260718,
        2.56321753, -0.08905645, -0.52825525,  0.8555319 , -1.31235353,
       -0.65389084, -0.8685133 ]), array([ 0.40451377,  1.0480455 ,  0.0399106 , -0.16881177,  0.85934879,
        2.55909303, -0.0543864 , -0.51362755,  0.80680045, -1.39225152,
       -0.6516787 , -0.82490007]), array([ 0.40441763,  1.04555429,  0.04372823, -0.17616223,  0.85617132,
        2.55517368, -0.01922896, -0.49824145,  0.76352787, -1.47009248,
       -0.63549407, -0.78386853]), array([ 0.40449758,  1.04314317,  0.04735202, -0.18388623,  0.85312248,
        2.55144692,  0.01599176, -0.48222416,  0.72475778, -1.54480113,
       -0.60976703, -0.74535355]), array([ 0.40475221,  1.04081482,  0.05080078, -0.19196398,  0.8502332 ,
        2.54790048,  0.05092542, -0.4656702 ,  0.68975168, -1.61555005,
       -0.57785681, -0.70928776]), array([ 0.40517864,  1.03857157,  0.05409047, -0.20037258,  0.84752166,
        2.54452248,  0.08528517, -0.44864941,  0.65793739, -1.68171879,
       -0.54230822, -0.67559917]), array([ 0.40577283,  1.0364155 ,  0.05723482, -0.20908687,  0.84499643,
        2.54130143,  0.1188389 , -0.43121348,  0.62886947, -1.74285927,
       -0.50504565, -0.64420998]), array([ 0.40652984,  1.0343485 ,  0.06024581, -0.21808021,  0.84265883,
        2.53822625,  0.15140165, -0.41340126,  0.60219892, -1.79866658,
       -0.46751991, -0.61503642]), array([ 0.40744399,  1.03237228,  0.06313406, -0.22732498,  0.84050474,
        2.5352863 ,  0.18282904, -0.39524282,  0.57764993, -1.84895425,
       -0.43081931, -0.58798909]), array([ 0.40850904,  1.03048847,  0.06590907, -0.23679315,  0.83852597,
        2.53247144,  0.21301155, -0.37676264,  0.55500218, -1.89363349,
       -0.39575392, -0.56297373]), array([ 0.40971839,  1.02869856,  0.06857946, -0.24645662,  0.83671137,
        2.52977198,  0.24186945, -0.3579821 ,  0.53407736, -1.93269553,
       -0.36291932, -0.53989217]), array([ 0.41106513,  1.02700395,  0.0711531 , -0.25628761,  0.83504764,
        2.52717876,  0.2693484 , -0.3389212 ,  0.51472882, -1.96619681,
       -0.33274503, -0.5186434 ]), array([ 0.41254221,  1.02540595,  0.07363727, -0.26625884,  0.83351999,
        2.52468313,  0.29541549, -0.31959995,  0.49683378, -1.99424639,
       -0.30553128, -0.49912464]), array([ 0.41414249,  1.02390576,  0.07603871, -0.27634382,  0.8321126 ,
        2.52227697,  0.32005583, -0.30003931,  0.48028739, -2.01699534,
       -0.281477  , -0.4812324 ]), array([ 0.41585884,  1.02250445,  0.0783637 , -0.28651696,  0.8308091 ,
        2.51995266,  0.34326948, -0.28026178,  0.46499821, -2.03462776,
       -0.26070131, -0.46486348]), array([ 0.41768418,  1.02120299,  0.08061812, -0.29675372,  0.8295928 ,
        2.51770308,  0.36506872, -0.26029184,  0.45088481, -2.04735311,
       -0.24325994, -0.44991585]), array([ 0.41961156,  1.02000221,  0.08280749, -0.30703072,  0.82844701,
        2.51552163,  0.38547571, -0.24015612,  0.43787329, -2.05539986,
       -0.22915794, -0.43628947]), array([ 0.42163416,  1.01890279,  0.08493697, -0.31732577,  0.82735521,
        2.51340219,  0.40452039, -0.2198835 ,  0.42589532, -2.05900994,
       -0.21835966, -0.42388697]), array([ 0.42374535,  1.01790526,  0.0870114 , -0.32761794,  0.82630123,
        2.51133912,  0.42223864, -0.199505  ,  0.41488679, -2.05843416,
       -0.21079657, -0.41261424]), array([ 0.42593871,  1.01701   ,  0.08903533, -0.33788758,  0.82526936,
        2.50932722,  0.4386707 , -0.17905372,  0.40478678, -2.05392833,
       -0.20637348, -0.40238092]), array([ 0.42820801,  1.01621717,  0.09101302, -0.34811633,  0.82424449,
        2.50736171,  0.45385978, -0.15856456,  0.39553687, -2.04574996,
       -0.20497369, -0.39310078]), array([ 0.43054726,  1.0155268 ,  0.09294842, -0.35828711,  0.82321217,
        2.50543825,  0.46785089, -0.13807402,  0.38708063, -2.03415548,
       -0.20646309, -0.384692  ]), array([ 0.43295071,  1.0149387 ,  0.09484524, -0.3683841 ,  0.82215871,
        2.50355287,  0.48068982, -0.11761991,  0.37936327, -2.01939801,
       -0.21069365, -0.37707739]), array([ 0.43541282,  1.0144525 ,  0.0967069 , -0.37839273,  0.82107117,
        2.50170194,  0.4924223 , -0.09724106,  0.37233152, -2.00172539,
       -0.21750645, -0.37018451]), array([ 0.43792829,  1.01406761,  0.09853656, -0.38829962,  0.8199375 ,
        2.49988222,  0.50309329, -0.07697702,  0.36593345, -1.9813787 ,
       -0.22673415, -0.36394569]), array([ 0.44049202,  1.01378327,  0.10033716, -0.39809257,  0.81874649,
        2.49809073,  0.51274642, -0.05686772,  0.36011849, -1.95859093,
       -0.23820325, -0.3582981 ]), array([ 0.44309914,  1.01359851,  0.10211134, -0.4077605 ,  0.81748781,
        2.49632481,  0.52142352, -0.03695322,  0.35483743, -1.93358602,
       -0.25173604, -0.35318363]), array([ 0.44574496,  1.01351214,  0.10386156, -0.4172934 ,  0.81615204,
        2.49458206,  0.52916426, -0.0172734 ,  0.35004246, -1.90657811,
       -0.26715231, -0.34854877]), array([ 4.48424988e-01,  1.01352280e+00,  1.05589991e-01, -4.26682250e-01,
        8.14730690e-01,  2.49286034e+00,  5.36005918e-01,  2.13230678e-03,
        3.45687277e-01, -1.87777094e+00, -2.84270892e-01, -3.44344528e-01]), array([ 0.4511349 ,  1.01362893,  0.10729863, -0.43591904,  0.81321614,
        2.49115771,  0.54198316,  0.02122519,  0.34172716, -1.84735744,
       -0.30291102, -0.34052621]), array([ 0.45387054,  1.01382877,  0.10898922, -0.44499663,  0.81160167,
        2.48947244,  0.54712794,  0.03996746,  0.33811905, -1.81551955,
       -0.32289353, -0.33705323]), array([ 0.45662789,  1.01412038,  0.11066333, -0.45390877,  0.80988146,
        2.487803  ,  0.55146945,  0.0583225 ,  0.33482165, -1.78242803,
       -0.34404194, -0.33388889]), array([ 0.45940306,  1.01450165,  0.11232231, -0.46264999,  0.80805054,
        2.486148  ,  0.55503413,  0.076255  ,  0.33179554, -1.7482425 ,
       -0.36618338, -0.33100017]), array([ 0.46219229,  1.01497031,  0.11396732, -0.47121554,  0.80610479,
        2.48450621,  0.55784566,  0.0937312 ,  0.32900321, -1.71311151,
       -0.38914941, -0.32835743]), array([ 0.46499192,  1.0155239 ,  0.11559937, -0.47960141,  0.80404091,
        2.48287654,  0.55992509,  0.11071895,  0.32640917, -1.67717274,
       -0.41277672, -0.32593425]), array([ 0.46779837,  1.01615984,  0.11721927, -0.48780417,  0.80185637,
        2.481258  ,  0.5612909 ,  0.12718792,  0.32398001, -1.64055322,
       -0.43690771, -0.32370712]), array([ 0.47060817,  1.01687539,  0.11882769, -0.49582102,  0.79954942,
        2.47964973,  0.56195916,  0.14310961,  0.32168441, -1.60336964,
       -0.46139105, -0.32165523]), array([ 0.47341788,  1.01766768,  0.12042516, -0.50364967,  0.79711901,
        2.47805093,  0.56194363,  0.15845752,  0.31949325, -1.5657287 ,
       -0.48608198, -0.31976022]), array([ 0.47622416,  1.01853372,  0.12201206, -0.5112883 ,  0.79456479,
        2.4764609 ,  0.56125595,  0.17320714,  0.31737954, -1.52772751,
       -0.51084274, -0.31800596]), array([ 0.47902369,  1.0194704 ,  0.12358865, -0.51873557,  0.79188708,
        2.47487901,  0.5599058 ,  0.18733603,  0.31531852, -1.489454  ,
       -0.53554275, -0.31637835]), array([ 0.4818132 ,  1.02047452,  0.12515509, -0.52599051,  0.78908679,
        2.47330468,  0.55790104,  0.20082384,  0.31328761, -1.45098734,
       -0.56005879, -0.31486507]), array([ 0.48458944,  1.02154278,  0.12671142, -0.5330525 ,  0.78616541,
        2.4717374 ,  0.55524793,  0.2136523 ,  0.31126641, -1.41239844,
       -0.58427512, -0.31345543]), array([ 0.48734919,  1.0226718 ,  0.1282576 , -0.53992125,  0.78312499,
        2.4701767 ,  0.55195125,  0.22580526,  0.30923666, -1.37375039,
       -0.60808349, -0.31214016]), array([ 0.49008927,  1.02385815,  0.12979351, -0.54659675,  0.77996808,
        2.46862215,  0.54801449,  0.23726864,  0.30718224, -1.33509894,
       -0.63138321, -0.31091125]), array([ 0.49280647,  1.0250983 ,  0.13131896, -0.55307921,  0.77669767,
        2.46707334,  0.54344002,  0.24803041,  0.3050891 , -1.29649297,
       -0.65408102, -0.3097618 ]), array([ 0.49549761,  1.0263887 ,  0.13283369, -0.55936909,  0.77331722,
        2.46552991,  0.53822922,  0.25808054,  0.30294521, -1.25797497,
       -0.67609103, -0.30868587]), array([ 0.49815953,  1.02772576,  0.13433739, -0.565467  ,  0.76983054,
        2.46399152,  0.53238269,  0.267411  ,  0.30074052, -1.21958152,
       -0.69733463, -0.30767835]), array([ 0.50078903,  1.02910583,  0.13582972, -0.57137372,  0.76624184,
        2.46245784,  0.52590033,  0.27601566,  0.29846684, -1.18134371,
       -0.71774026, -0.30673482]), array([ 0.50338293,  1.03052529,  0.13731031, -0.57709015,  0.76255562,
        2.46092858,  0.51878151,  0.28389022,  0.29611782, -1.14328762,
       -0.73724331, -0.3058515 ]), array([ 0.50593806,  1.03198045,  0.13877876, -0.58261733,  0.7587767 ,
        2.45940346,  0.51102518,  0.29103221,  0.29368885, -1.10543473,
       -0.75578585, -0.30502511]), array([ 0.50845121,  1.03346765,  0.14023464, -0.58795634,  0.75491011,
        2.4578822 ,  0.50263004,  0.29744086,  0.29117696, -1.06780235,
       -0.77331646, -0.30425278]), array([ 0.51091918,  1.03498324,  0.14167754, -0.59310836,  0.75096116,
        2.45636454,  0.49359456,  0.30311703,  0.28858072, -1.03040399,
       -0.78978996, -0.30353201]), array([ 0.51324557,  1.03638294,  0.14297198, -0.5980855 ,  0.74689256,
        2.45486355,  0.46527795,  0.27994044,  0.25888744, -0.99542739,
       -0.81371987, -0.30019729])], 'U_history': [array([ 1.37711993e-03, -1.10132105e-05,  1.07285768e-04, -2.81457333e-04,
       -1.69414038e-04,  3.05971901e-19]), array([ 0.02784633,  0.07865338, -0.00500872, -0.00384337,  0.05271697,
        0.00362927]), array([ 0.05373969,  0.15445736, -0.00444849, -0.00715118,  0.09608626,
        0.00575909]), array([ 0.07902322,  0.22747423,  0.00068347, -0.01024049,  0.1324213 ,
        0.00705398]), array([ 0.10368193,  0.29780982,  0.00950819, -0.01313485,  0.16355596,
        0.00788148]), array([ 0.12771618,  0.36559623,  0.02132634, -0.01585299,  0.19084605,
        0.00844554]), array([ 0.15113863,  0.43098785,  0.03558327, -0.01841182,  0.21529621,
        0.00885975]), array([ 0.17397133,  0.4941576 ,  0.05184129, -0.02082747,  0.23765324,
        0.00918759]), array([ 0.19624299,  0.55529198,  0.06975668, -0.02311532,  0.25847407,
        0.00946475]), array([ 0.2179866 ,  0.61458555,  0.08906041, -0.02528983,  0.27817501,
        0.00971134]), array([ 0.23923778,  0.6722359 ,  0.10954253, -0.02736443,  0.29706788,
        0.00993877]), array([ 0.26003386,  0.72843992,  0.1310399 , -0.02935142,  0.3153867 ,
        0.01015356]), array([ 0.28041325,  0.78339152,  0.15342688, -0.03126197,  0.33330782,
        0.01035944]), array([ 0.30041515,  0.83728033,  0.17660823, -0.03310616,  0.350965  ,
        0.01055856]), array([ 0.32007922,  0.89029114,  0.20051357, -0.03489304,  0.36846067,
        0.01075221]), array([ 0.33944531,  0.94260347,  0.22509299, -0.03663073,  0.3858743 ,
        0.01094113]), array([ 0.35855319,  0.99439146,  0.25031341, -0.03832641,  0.40326857,
        0.01112581]), array([ 0.37744228,  1.04582356,  0.27615562, -0.03998649,  0.4206938 ,
        0.01130658]), array([ 0.39615139,  1.09706243,  0.30261168, -0.04161658,  0.43819123,
        0.0114837 ]), array([ 0.4147185 ,  1.14826463,  0.32968279, -0.04322166,  0.45579525,
        0.01165738]), array([ 0.43640437,  1.19461364,  0.3538919 , -0.04561337,  0.47138789,
        0.01182784]), array([ 0.45501201,  1.24571749,  0.38194868, -0.04716257,  0.48931403,
        0.01196757]), array([ 0.47359236,  1.29720822,  0.41066038, -0.04871136,  0.50738612,
        0.01211735]), array([ 0.49217719,  1.34921594,  0.44004707, -0.05025931,  0.52563281,
        0.01227117]), array([ 0.51079651,  1.40186343,  0.47013107, -0.05180643,  0.54407795,
        0.012426  ]), array([ 0.52947839,  1.45526573,  0.50093573, -0.05335295,  0.56274134,
        0.01258036]), array([ 0.54824885,  1.50952976,  0.53248449, -0.05489921,  0.58163931,
        0.01273362]), array([ 0.5671317 ,  1.56475394,  0.56479993, -0.05644555,  0.60078506,
        0.01288562]), array([ 0.58614845,  1.62102785,  0.59790301, -0.05799224,  0.62018887,
        0.01303644]), array([ 0.60531814,  1.67843181,  0.63181235, -0.05953947,  0.63985827,
        0.01318624]), array([ 0.62465732,  1.7370366 ,  0.66654358, -0.06108734,  0.65979804,
        0.01333528]), array([ 0.64417991,  1.79690309,  0.70210881, -0.06263578,  0.68001033,
        0.01348381]), array([ 0.66389716,  1.85808197,  0.73851614, -0.06418464,  0.70049459,
        0.0136321 ]), array([ 0.68381756,  1.92061344,  0.77576922, -0.0657336 ,  0.72124757,
        0.01378039]), array([ 0.70394684,  1.984527  ,  0.81386688, -0.06728224,  0.74226334,
        0.01392892]), array([ 0.72428788,  2.04984123,  0.85280279, -0.06882999,  0.76353324,
        0.01407788]), array([ 0.74484075,  2.11656362,  0.89256523, -0.07037616,  0.78504586,
        0.01422748]), array([ 0.76560269,  2.18469045,  0.93313689, -0.07191995,  0.8067871 ,
        0.01437785]), array([ 0.78656811,  2.25420673,  0.97449464, -0.07346047,  0.82874012,
        0.01452914]), array([ 0.80772862,  2.32508612,  1.01660951, -0.0749967 ,  0.8508854 ,
        0.01468144]), array([ 0.8388563 ,  2.39181644,  1.05560345, -0.07863777,  0.87118803,
        0.01483481]), array([ 0.86058479,  2.46508521,  1.09903451, -0.08000983,  0.89377859,
        0.01492846]), array([ 0.88246115,  2.53958229,  1.14310854, -0.08141159,  0.91644885,
        0.01505504]), array([ 0.90446628,  2.61523631,  1.18777116, -0.08283257,  0.93917964,
        0.01519903]), array([ 0.92657859,  2.69196558,  1.23296293, -0.08426459,  0.96194683,
        0.01535215]), array([ 0.94877413,  2.76967832,  1.27861931, -0.08570111,  0.98472211,
        0.01551001]), array([ 0.97102677,  2.84827298,  1.32467076, -0.08713678,  1.00747369,
        0.01567029]), array([ 0.99330832,  2.92763865,  1.37104295, -0.08856716,  1.03016687,
        0.01583172]), array([ 1.01558875,  3.00765551,  1.41765693, -0.08998844,  1.05276445,
        0.01599362]), array([ 1.03783636,  3.08819538,  1.46442945, -0.09139735,  1.07522717,
        0.01615557]), array([ 1.06001794,  3.16912227,  1.51127328, -0.09279105,  1.09751403,
        0.01631725]), array([ 1.08209901,  3.25029308,  1.55809763, -0.09416698,  1.11958268,
        0.01647842]), array([ 1.104044  ,  3.3315582 ,  1.60480851, -0.09552288,  1.14138965,
        0.0166388 ]), array([ 1.12581646,  3.41276232,  1.65130923, -0.09685672,  1.1628907 ,
        0.01679814]), array([ 1.14737931,  3.49374516,  1.69750081, -0.09816664,  1.18404111,
        0.01695614]), array([ 1.168695  ,  3.57434229,  1.74328255, -0.09945095,  1.2047959 ,
        0.01711248]), array([ 1.18972577,  3.65438596,  1.7885525 , -0.10070813,  1.22511016,
        0.01726684]), array([ 1.21043385,  3.73370598,  1.83320799, -0.10193676,  1.24493928,
        0.01741885]), array([ 1.23078171,  3.81213053,  1.87714617, -0.10313556,  1.26423924,
        0.01756815]), array([ 1.25073222,  3.88948714,  1.92026455, -0.10430338,  1.28296684,
        0.01771435]), array([ 1.23700335,  4.00521186,  1.99004826, -0.0979216 ,  1.3179989 ,
        0.01785706]), array([ 1.25602605,  4.08045844,  2.03119739, -0.09969655,  1.33383688,
        0.01826619]), array([ 1.27456207,  4.15398948,  2.07112876, -0.10128958,  1.34934831,
        0.01852731]), array([ 1.29257838,  4.22565089,  2.1097678 , -0.10273734,  1.3643974 ,
        0.01870955]), array([ 1.31004326,  4.2952896 ,  2.14703686, -0.10406645,  1.37887575,
        0.01884944]), array([ 1.32692642,  4.36275506,  2.18285738, -0.10529655,  1.39269598,
        0.01896597]), array([ 1.34319919,  4.42790054,  2.21715155, -0.10644235,  1.405787  ,
        0.01906873]), array([ 1.35883464,  4.49058428,  2.24984368, -0.10751495,  1.41809059,
        0.01916235]), array([ 1.37380771,  4.55067052,  2.28086126, -0.10852282,  1.42955885,
        0.01924887]), array([ 1.38809534,  4.60803035,  2.31013582, -0.10947247,  1.4401524 ,
        0.019329  ]), array([ 1.40167655,  4.6625425 ,  2.33760363, -0.11036893,  1.44983901,
        0.01940279]), array([ 1.41453251,  4.71409403,  2.36320626, -0.11121611,  1.45859258,
        0.01947003]), array([ 1.42664663,  4.76258094,  2.38689098, -0.11201708,  1.46639245,
        0.01953036]), array([ 1.43800457,  4.80790867,  2.40861121, -0.11277428,  1.47322281,
        0.01958344]), array([ 1.44859428,  4.84999254,  2.42832672, -0.11348964,  1.47907234,
        0.01962894]), array([ 1.45840604,  4.8887581 ,  2.44600388, -0.11416476,  1.48393384,
        0.0196666 ]), array([ 1.46743243,  4.92414143,  2.46161579, -0.11480093,  1.48780403,
        0.01969618]), array([ 1.47566833,  4.95608936,  2.4751424 , -0.11539925,  1.49068333,
        0.01971754]), array([ 1.48311092,  4.9845596 ,  2.48657052, -0.11596068,  1.49257566,
        0.01973056]), array([ 1.48975958,  5.00952086,  2.49589388, -0.11648604,  1.49348832,
        0.0197352 ]), array([ 1.49561592,  5.0309528 ,  2.50311301, -0.1169761 ,  1.49343184,
        0.01973145]), array([ 1.50068367,  5.04884607,  2.50823523, -0.11743156,  1.49241981,
        0.01971934]), array([ 1.50496863,  5.06320214,  2.51127447, -0.11785309,  1.49046877,
        0.01969898]), array([ 1.50847861,  5.07403319,  2.51225115, -0.11824133,  1.48759805,
        0.01967047]), array([ 1.51122331,  5.08136186,  2.511192  , -0.11859691,  1.48382962,
        0.01963399]), array([ 1.51321428,  5.08522102,  2.50812982, -0.11892047,  1.47918794,
        0.01958973]), array([ 1.51446478,  5.08565344,  2.50310325, -0.11921264,  1.47369984,
        0.01953792]), array([ 1.51498971,  5.08271145,  2.49615648, -0.11947405,  1.46739426,
        0.01947883]), array([ 1.51480553,  5.07645653,  2.48733901, -0.11970537,  1.46030219,
        0.01941274]), array([ 1.51393008,  5.06695893,  2.47670529, -0.11990725,  1.45245644,
        0.01933997]), array([ 1.51238255,  5.05429715,  2.4643144 , -0.12008037,  1.44389147,
        0.01926084]), array([ 1.51018335,  5.03855747,  2.45022974, -0.12022542,  1.43464322,
        0.01917572]), array([ 1.50735398,  5.01983349,  2.43451864, -0.12034313,  1.42474892,
        0.01908499]), array([ 1.50391693,  4.99822549,  2.41725201, -0.1204342 ,  1.41424691,
        0.01898903]), array([ 1.49989561,  4.97384   ,  2.39850396, -0.12049938,  1.40317649,
        0.01888824]), array([ 1.49531417,  4.94678913,  2.37835145, -0.12053944,  1.39157769,
        0.01878305]), array([ 1.49019748,  4.91719007,  2.35687387, -0.12055514,  1.37949113,
        0.01867387]), array([ 1.48457096,  4.88516448,  2.33415269, -0.12054726,  1.36695781,
        0.01856113]), array([ 1.47846051,  4.85083788,  2.31027107, -0.12051661,  1.35401899,
        0.01844527]), array([ 1.47189241,  4.81433914,  2.28531348, -0.120464  ,  1.34071596,
        0.01832672]), array([ 1.46489323,  4.77579983,  2.25936536, -0.12039025,  1.32708996,
        0.01820591]), array([ 1.45748972,  4.7353537 ,  2.23251273, -0.1202962 ,  1.31318193,
        0.01808329]), array([ 1.44970875,  4.69313608,  2.20484184, -0.12018269,  1.29903244,
        0.01795927]), array([ 1.44157719,  4.64928337,  2.17643886, -0.12005057,  1.28468152,
        0.01783429]), array([ 1.43312187,  4.60393248,  2.14738951, -0.11990069,  1.27016851,
        0.01770874]), array([ 1.42436949,  4.55722034,  2.11777879, -0.11973392,  1.25553198,
        0.01758305]), array([ 1.41534652,  4.50928338,  2.08769066, -0.11955113,  1.24080958,
        0.0174576 ]), array([ 1.40607918,  4.46025707,  2.05720777, -0.11935318,  1.22603794,
        0.01733277]), array([ 1.39659333,  4.41027548,  2.02641119, -0.11914094,  1.21125258,
        0.01720893]), array([ 1.38691445,  4.35947084,  1.99538017, -0.11891529,  1.19648783,
        0.01708644]), array([ 1.37706756,  4.30797315,  1.9641919 , -0.11867709,  1.18177673,
        0.01696563]), array([ 1.36707717,  4.25590979,  1.93292134, -0.11842721,  1.16715099,
        0.01684683]), array([ 1.35696725,  4.20340523,  1.90164099, -0.11816651,  1.1526409 ,
        0.01673034]), array([ 1.34676115,  4.15058064,  1.87042075, -0.11789584,  1.13827531,
        0.01661645]), array([ 1.33648162,  4.09755366,  1.83932778, -0.11761606,  1.12408157,
        0.01650542]), array([ 1.32615069,  4.04443813,  1.80842634, -0.117328  ,  1.11008552,
        0.01639751]), array([ 1.31578974,  3.99134384,  1.77777772, -0.1170325 ,  1.09631144,
        0.01629294]), array([ 1.30541939,  3.93837635,  1.74744011, -0.11673038,  1.08278205,
        0.01619194]), array([ 1.2950595 ,  3.88563684,  1.71746859, -0.11642244,  1.06951851,
        0.01609468]), array([ 1.28472916,  3.83322191,  1.687915  , -0.11610948,  1.05654042,
        0.01600136]), array([ 1.27444669,  3.78122352,  1.65882798, -0.11579228,  1.0438658 ,
        0.01591212]), array([ 1.26422956,  3.72972885,  1.63025291, -0.11547161,  1.03151116,
        0.0158271 ]), array([ 1.25409444,  3.67882029,  1.60223192, -0.11514822,  1.01949145,
        0.01574643]), array([ 1.2440572 ,  3.62857535,  1.57480389, -0.11482283,  1.00782016,
        0.0156702 ]), array([ 1.23413284,  3.57906667,  1.5480045 , -0.11449617,  0.99650931,
        0.01559851]), array([ 1.22433555,  3.53036202,  1.52186626, -0.11416892,  0.98556948,
        0.01553142]), array([ 1.21467867,  3.4825243 ,  1.49641855, -0.11384176,  0.97500986,
        0.01546898]), array([ 1.20517473,  3.43561164,  1.4716877 , -0.11351534,  0.96483832,
        0.01541123]), array([ 1.19583544,  3.38967739,  1.44769706, -0.1131903 ,  0.95506143,
        0.0153582 ]), array([ 1.18667167,  3.34477026,  1.42446707, -0.11286723,  0.9456845 ,
        0.0153099 ]), array([ 1.1776935 ,  3.30093437,  1.40201536, -0.11254673,  0.93671166,
        0.01526632]), array([ 1.16891022,  3.25820938,  1.38035685, -0.11222936,  0.92814589,
        0.01522745]), array([ 1.16033034,  3.21663061,  1.35950385, -0.11191565,  0.9199891 ,
        0.01519326]), array([ 1.1519616 ,  3.17622912,  1.33946615, -0.11160612,  0.91224216,
        0.01516371]), array([ 1.143811  ,  3.13703193,  1.32025114, -0.11130125,  0.90490498,
        0.01513875]), array([ 1.1358848 ,  3.09906209,  1.30186397, -0.11100152,  0.89797655,
        0.01511833]), array([ 1.12818856,  3.06233888,  1.28430757, -0.11070734,  0.891455  ,
        0.01510237]), array([ 1.12072714,  3.02687794,  1.26758286, -0.11041913,  0.88533765,
        0.01509081]), array([ 1.11350476,  2.99269144,  1.25168883, -0.11013728,  0.8796211 ,
        0.01508356]), array([ 1.10652496,  2.95978825,  1.23662263, -0.10986215,  0.87430123,
        0.01508054]), array([60., 60., 30., 10., 10., 10.]), array([ 60.        , -60.        ,  -3.21736155, -10.        ,
        10.        , -10.        ]), array([ 25.30322076, -60.        ,  12.60322289,  10.        ,
         7.33461378, -10.        ]), array([  9.86214406,  60.        ,  15.51777265, -10.        ,
         5.26680916,  10.        ]), array([  7.92391535,  60.        ,  -4.06325183, -10.        ,
        -1.42247305,  10.        ]), array([  7.27640557, -60.        , -13.52397712,  10.        ,
        -5.68222024, -10.        ]), array([  3.66252297, -60.        ,  11.95859937,  10.        ,
         5.76132835,  10.        ]), array([ 4.0595343 , 48.        , 12.10604257, -8.        ,  5.84365479,
        8.        ]), array([  1.77309291, -12.        ,  -1.93944071,  -2.        ,
        -0.8874731 ,   2.        ]), array([0., 0., 0., 0., 0., 0.]), array([  8.6242634 ,  60.        ,  -2.94754007,  10.        ,
        -1.40836271, -10.        ]), array([  7.26564674, -60.        , -16.96051082, -10.        ,
        -6.82517717, -10.        ]), array([  6.66155688, -60.        ,  14.66888522, -10.        ,
         7.31490271,  10.        ]), array([ 8.97664716, 60.        ,  9.49874952, 10.        ,  3.63433507,
       10.        ]), array([  9.15324755,  60.        ,  -3.41919276, -10.        ,
        -1.23668298, -10.        ]), array([  8.69448636,  60.        ,  -4.54788231, -10.        ,
        -1.88098353, -10.        ]), array([  8.78267149, -60.        ,  -8.14364528,  10.        ,
        -2.26046511,  10.        ]), array([  9.58715739,  60.        ,  14.73807488,  10.        ,
         5.29121238, -10.        ]), array([  6.74850414, -60.        ,  -5.68982535, -10.        ,
        -1.98655992,  10.        ]), array([  9.38801186, -60.        ,   9.55694934, -10.        ,
         3.21926731,  10.        ]), array([  4.34440834, -12.        ,   2.1336858 ,  -2.        ,
         1.83755755,   2.        ]), array([ 11.17619737, -60.        ,   7.79462482, -10.        ,
         1.55920692, -10.        ]), array([  1.72787758,  60.        ,  12.50997997,  10.        ,
         5.8071214 , -10.        ]), array([ -1.4330552 ,  60.        ,  -0.88981474, -10.        ,
        -0.43544426,  10.        ]), array([ -0.47082853,  60.        ,  -0.56725235,  10.        ,
        -0.14758899, -10.        ]), array([ -2.50352334, -60.        ,   0.96968692,  10.        ,
         1.79795363,  10.        ]), array([ -1.17130042,  60.        ,   9.55761631, -10.        ,
         2.56031655, -10.        ]), array([ -7.18466955, -60.        ,   5.22194448,  10.        ,
         1.40360804,  10.        ]), array([ -8.71447971, -60.        ,  15.71650535,  10.        ,
         8.82098064, -10.        ]), array([-12.11451312, -60.        ,  14.57649836,  10.        ,
         3.44154961,  10.        ]), array([ -2.07926471, -36.        ,   7.38135933,   6.        ,
         3.13223534,   6.        ]), array([ -8.37484691,  60.        ,  20.93013343, -10.        ,
         9.85992677, -10.        ]), array([-12.64584716,  60.        ,  -0.13406411, -10.        ,
        -1.34870021,  10.        ]), array([ -3.2465197 , -60.        ,  -0.52368123, -10.        ,
         0.62039397, -10.        ]), array([ -4.30269491, -24.        ,   9.96002804,  -4.        ,
         4.        ,   4.        ]), array([ -9.52169646,  60.        ,  20.84130107,  10.        ,
         9.58471747, -10.        ]), array([-32.19006889,  60.        ,   7.13223247,  10.        ,
         0.7870651 ,  10.        ]), array([-24.24683543,  48.        ,  12.6622501 ,  -8.        ,
         6.55537853,  -8.        ]), array([ -6.59037114, -12.        ,   3.6623512 ,  -2.        ,
         1.89925482,   2.        ]), array([19.89071675, 36.        , -3.08492841, -6.        ,  1.40329643,
       -6.        ]), array([-3.19595231e+00, -2.65528472e+01, -1.97996535e+01,  2.47776559e-01,
       -1.00000000e+01,  3.22879703e-15]), array([-9.98792830e-01, -2.07098340e+01, -1.55635425e+01, -4.24054598e-01,
       -1.00000000e+01,  3.88337464e-15]), array([ 8.79131915e-01, -1.52543238e+01, -1.15379934e+01, -9.74602709e-01,
       -8.48286910e+00,  7.27350020e-16]), array([ 2.43552725e+00, -1.06444717e+01, -8.10263667e+00, -1.41873029e+00,
       -5.92121120e+00,  1.23479210e-15]), array([ 3.67220255e+00, -7.14911605e+00, -5.49457501e+00, -1.77008920e+00,
       -3.97343156e+00,  1.63381290e-15]), array([ 4.64450104e+00, -4.49371559e+00, -3.51421562e+00, -2.04184274e+00,
       -2.49441657e+00,  1.81949372e-15]), array([ 5.39840152e+00, -2.47288675e+00, -2.01057654e+00, -2.24600560e+00,
       -1.37307849e+00,  2.02843365e-15]), array([ 5.97199431e+00, -9.32269282e-01, -8.69207558e-01, -2.39324324e+00,
       -5.24533262e-01,  1.41163572e-15]), array([ 6.39681914e+00,  2.44581825e-01, -3.20961780e-03, -2.49285469e+00,
        1.15991087e-01,  2.42792064e-15]), array([ 6.69901676e+00,  1.14576337e+00,  6.53478768e-01, -2.55284998e+00,
        5.97869058e-01,  1.24904803e-17]), array([ 6.90029312e+00,  1.83806834e+00,  1.15112301e+00, -2.58007182e+00,
        9.58709876e-01,  9.77721628e-16]), array([ 7.01871383e+00,  2.37221261e+00,  1.52799223e+00, -2.58033253e+00,
        1.22714639e+00,  1.03026590e-15]), array([ 7.06935312e+00,  2.78673812e+00,  1.81323169e+00, -2.55855028e+00,
        1.42497119e+00,  1.72313656e-15]), array([ 7.06482129e+00,  3.11094323e+00,  2.02903931e+00, -2.51887638e+00,
        1.56876965e+00,  7.22822139e-16]), array([ 7.01569274e+00,  3.36709227e+00,  2.19231800e+00, -2.46480970e+00,
        1.67116671e+00,  2.12641759e-15]), array([ 6.93085310e+00,  3.57208757e+00,  2.31593193e+00, -2.39929698e+00,
        1.74177758e+00,  1.93260263e-15]), array([ 6.81778131e+00,  3.73873833e+00,  2.40966290e+00, -2.32481932e+00,
        1.78793199e+00,  1.82774670e-15]), array([ 6.68277916e+00,  3.87672594e+00,  2.48093910e+00, -2.24346584e+00,
        1.81522549e+00,  4.68414412e-16]), array([ 6.53115879e+00,  3.99333973e+00,  2.53539085e+00, -2.15699584e+00,
        1.82793860e+00,  1.84689214e-15]), array([ 6.36739621e+00,  4.09403903e+00,  2.57727491e+00, -2.06689093e+00,
        1.82935530e+00,  1.56403793e-15]), array([ 6.19525777e+00,  4.18288302e+00,  2.60979856e+00, -1.97439851e+00,
        1.82200466e+00,  1.52752723e-15]), array([ 6.01790453e+00,  4.26286020e+00,  2.63536728e+00, -1.88056808e+00,
        1.80784406e+00,  1.36532134e-15]), array([ 5.83797913e+00,  4.33614135e+00,  2.65577441e+00, -1.78628127e+00,
        1.78839771e+00,  1.16425888e-15]), array([ 5.65767828e+00,  4.40427394e+00,  2.67234628e+00, -1.69227692e+00,
        1.76486151e+00,  6.73803395e-16]), array([ 5.47881380e+00,  4.46833203e+00,  2.68605353e+00, -1.59917183e+00,
        1.73818198e+00,  7.31803238e-16]), array([ 5.30286426e+00,  4.52903192e+00,  2.69759651e+00, -1.50747816e+00,
        1.70911571e+00, -4.69218751e-16]), array([ 5.13101902e+00,  4.58682156e+00,  2.70747095e+00, -1.41761783e+00,
        1.67827411e+00,  3.50318723e-16]), array([ 4.96421612e+00,  4.64194987e+00,  2.71601840e+00, -1.32993481e+00,
        1.64615677e+00,  2.54928333e-17]), array([ 4.80317500e+00,  4.69452043e+00,  2.72346513e+00, -1.24470527e+00,
        1.61317655e+00,  5.30840464e-16]), array([ 4.64842511e+00,  4.74453322e+00,  2.72995209e+00, -1.16214641e+00,
        1.57967822e+00,  3.71812159e-16]), array([ 4.50033102e+00,  4.79191696e+00,  2.73555799e+00, -1.08242392e+00,
        1.54595240e+00,  2.29233398e-16]), array([ 4.35911457e+00,  4.83655423e+00,  2.74031715e+00, -1.00565841e+00,
        1.51224592e+00,  1.32537425e-15]), array([ 4.22487461e+00,  4.87830081e+00,  2.74423316e+00, -9.31931065e-01,
        1.47876954e+00, -1.32138693e-16]), array([ 4.09760457e+00,  4.91700060e+00,  2.74728946e+00, -8.61288605e-01,
        1.44570381e+00,  7.88729345e-16]), array([ 3.97720827e+00,  4.95249691e+00,  2.74945739e+00, -7.93747632e-01,
        1.41320338e+00,  2.30460089e-16]), array([ 3.86351400e+00,  4.98464094e+00,  2.75070232e+00, -7.29298556e-01,
        1.38140042e+00, -3.87940662e-16]), array([ 3.75628727e+00,  5.01329808e+00,  2.75098824e+00, -6.67909097e-01,
        1.35040720e+00,  7.62157233e-17]), array([ 3.65524219e+00,  5.03835224e+00,  2.75028123e+00, -6.09527453e-01,
        1.32031824e+00,  7.28803266e-16]), array([ 3.56005171e+00,  5.05970891e+00,  2.74855191e+00, -5.54085171e-01,
        1.29121196e+00, -6.35010036e-16]), array([ 3.47035680e+00,  5.07729688e+00,  2.74577716e+00, -5.01499751e-01,
        1.26315222e+00,  3.48724705e-16]), array([ 3.38577453e+00,  5.09106920e+00,  2.74194133e+00, -4.51677020e-01,
        1.23618956e+00,  1.67269295e-16]), array([ 3.30590541e+00,  5.10100324e+00,  2.73703687e+00, -4.04513290e-01,
        1.21036242e+00,  7.75651589e-17]), array([ 3.23033969e+00,  5.10710029e+00,  2.73106470e+00, -3.59897321e-01,
        1.18569819e+00,  7.81597260e-17]), array([ 3.15866299e+00,  5.10938461e+00,  2.72403422e+00, -3.17712095e-01,
        1.16221423e+00,  1.52225286e-16]), array([ 3.09046117e+00,  5.10790223e+00,  2.71596317e+00, -2.77836430e-01,
        1.13991885e+00, -4.24112221e-16]), array([ 3.02532453e+00,  5.10271938e+00,  2.70687720e+00, -2.40146424e-01,
        1.11881227e+00,  1.63935479e-16]), array([ 2.96285136e+00,  5.09392086e+00,  2.69680950e+00, -2.04516750e-01,
        1.09888745e+00,  6.60010127e-16]), array([ 2.90265097e+00,  5.08160819e+00,  2.68580015e+00, -1.70821811e-01,
        1.08013099e+00, -2.09267281e-16]), array([ 2.84434616e+00,  5.06589776e+00,  2.67389551e+00, -1.38936759e-01,
        1.06252393e+00,  4.67352484e-16]), array([ 2.78757526e+00,  5.04691895e+00,  2.66114755e+00, -1.08738387e-01,
        1.04604252e+00, -2.67216491e-16]), array([ 2.73199372e+00,  5.02481218e+00,  2.64761316e+00, -8.01059003e-02,
        1.03065896e+00,  1.24793339e-16]), array([ 2.67727533e+00,  4.99972717e+00,  2.63335342e+00, -5.29215858e-02,
        1.01634207e+00,  6.35919465e-16]), array([ 2.62311311e+00,  4.97182106e+00,  2.61843290e+00, -2.70713668e-02,
        1.00305791e+00, -2.33680884e-16]), array([ 2.56921988e+00,  4.94125680e+00,  2.60291901e+00, -2.44526952e-03,
        9.90770409e-01, -2.46384196e-16]), array([ 2.51532862e+00,  4.90820150e+00,  2.58688128e+00,  2.10622002e-02,
        9.79441846e-01, -7.62988219e-16]), array([2.46119255e+00, 4.87282492e+00, 2.57039077e+00, 4.35517616e-02,
       9.69033376e-01, 8.02328775e-17]), array([2.40658502e+00, 4.83529812e+00, 2.55351941e+00, 6.51191371e-02,
       9.59505445e-01, 2.57756036e-16]), array([ 2.35129927e+00,  4.79579217e+00,  2.53633950e+00,  8.58548973e-02,
        9.50818185e-01, -1.30670374e-16]), array([2.29514805e+00, 4.75447696e+00, 2.51892309e+00, 1.05844367e-01,
       9.42931755e-01, 4.40953697e-16]), array([ 2.23796304e+00,  4.71152019e+00,  2.50134159e+00,  1.25167585e-01,
        9.35806636e-01, -3.56140406e-16]), array([2.17959431e+00, 4.66708642e+00, 2.48366520e+00, 1.43899312e-01,
       9.29403894e-01, 1.52481637e-16]), array([0., 0., 0., 0., 0., 0.])], 'ball_pos_history': [array([ 1.43934129, -8.07540553,  1.35117641]), array([ 1.42667233, -8.0322257 ,  1.33824816]), array([ 1.41400337, -7.98904587,  1.32507466]), array([ 1.40133441, -7.94586604,  1.31165591]), array([ 1.38866545, -7.90268622,  1.2979919 ]), array([ 1.3759965 , -7.85950639,  1.28408265]), array([ 1.36332754, -7.81632656,  1.26992815]), array([ 1.35065858, -7.77314673,  1.2555284 ]), array([ 1.33798962, -7.72996691,  1.24088339]), array([ 1.32532066, -7.68678708,  1.22599314]), array([ 1.3126517 , -7.64360725,  1.21085764]), array([ 1.29998274, -7.60042742,  1.19547689]), array([ 1.28731379, -7.5572476 ,  1.17985089]), array([ 1.27464483, -7.51406777,  1.16397963]), array([ 1.26197587, -7.47088794,  1.14786313]), array([ 1.24930691, -7.42770812,  1.13150138]), array([ 1.23663795, -7.38452829,  1.11489438]), array([ 1.22396899, -7.34134846,  1.09804212]), array([ 1.21130003, -7.29816863,  1.08094462]), array([ 1.19863107, -7.25498881,  1.06360187]), array([ 1.18596212, -7.21180898,  1.04601387]), array([ 1.17329316, -7.16862915,  1.02818062]), array([ 1.1606242 , -7.12544932,  1.01010211]), array([ 1.14795524, -7.0822695 ,  0.99177836]), array([ 1.13528628, -7.03908967,  0.97320936]), array([ 1.12261732, -6.99590984,  0.95439511]), array([ 1.10994836, -6.95273002,  0.93533561]), array([ 1.09727941, -6.90955019,  0.91603085]), array([ 1.08461045, -6.86637036,  0.89648085]), array([ 1.07194149, -6.82319053,  0.8766856 ]), array([ 1.05927253, -6.78001071,  0.8566451 ]), array([ 1.04660357, -6.73683088,  0.83635934]), array([ 1.03393461, -6.69365105,  0.81582834]), array([ 1.02126565, -6.65047122,  0.79505209]), array([ 1.00859669, -6.6072914 ,  0.77403059]), array([ 0.99592774, -6.56411157,  0.75276384]), array([ 0.98325878, -6.52093174,  0.73125183]), array([ 0.97058982, -6.47775191,  0.70949458]), array([ 0.95792086, -6.43457209,  0.68749208]), array([ 0.9452519 , -6.39139226,  0.66524433]), array([ 0.93258294, -6.34821243,  0.64275132]), array([ 0.91991398, -6.30503261,  0.62001307]), array([ 0.90724502, -6.26185278,  0.59702957]), array([ 0.89457607, -6.21867295,  0.57380082]), array([ 0.88190711, -6.17549312,  0.55032682]), array([ 0.86923815, -6.1323133 ,  0.52660756]), array([ 0.85656919, -6.08913347,  0.50264306]), array([ 0.84390023, -6.04595364,  0.47843331]), array([ 0.83123127, -6.00277381,  0.45397831]), array([ 0.81856231, -5.95959399,  0.42927805]), array([ 0.80589336, -5.91641416,  0.40433255]), array([ 0.7932244 , -5.87323433,  0.3791418 ]), array([ 0.78055544, -5.83005451,  0.3537058 ]), array([ 0.76788648, -5.78687468,  0.32802455]), array([ 0.75521752, -5.74369485,  0.30209804]), array([ 0.74254856, -5.70051502,  0.27592629]), array([ 0.7298796 , -5.6573352 ,  0.24950929]), array([ 0.71721064, -5.61415537,  0.22284704]), array([ 0.70454169, -5.57097554,  0.19593954]), array([ 0.69187273, -5.52779571,  0.16878678]), array([ 0.67920377, -5.48461589,  0.14138878]), array([ 0.66653481, -5.44143606,  0.11374553]), array([ 0.65386585, -5.39825623,  0.08585703]), array([ 0.64119689, -5.3550764 ,  0.05772327]), array([ 0.62852793, -5.31189658,  0.033     ]), array([ 0.61649242, -5.27087574,  0.054039  ]), array([ 0.60445691, -5.22985491,  0.07483275]), array([ 0.5924214 , -5.18883407,  0.09538125]), array([ 0.58038589, -5.14781323,  0.11568451]), array([ 0.56835038, -5.1067924 ,  0.13574251]), array([ 0.55631487, -5.06577156,  0.15555526]), array([ 0.54427936, -5.02475073,  0.17512276]), array([ 0.53224385, -4.98372989,  0.19444501]), array([ 0.52020834, -4.94270905,  0.21352201]), array([ 0.50817283, -4.90168822,  0.23235377]), array([ 0.49613732, -4.86066738,  0.25094027]), array([ 0.48410181, -4.81964655,  0.26928152]), array([ 0.47206629, -4.77862571,  0.28737752]), array([ 0.46003078, -4.73760487,  0.30522827]), array([ 0.44799527, -4.69658404,  0.32283377]), array([ 0.43595976, -4.6555632 ,  0.34019403]), array([ 0.42392425, -4.61454237,  0.35730903]), array([ 0.41188874, -4.57352153,  0.37417878]), array([ 0.39985323, -4.53250069,  0.39080328]), array([ 0.38781772, -4.49147986,  0.40718253]), array([ 0.37578221, -4.45045902,  0.42331653]), array([ 0.3637467 , -4.40943819,  0.43920529]), array([ 0.35171119, -4.36841735,  0.45484879]), array([ 0.33967568, -4.32739651,  0.47024704]), array([ 0.32764017, -4.28637568,  0.48540004]), array([ 0.31560465, -4.24535484,  0.50030779]), array([ 0.30356914, -4.20433401,  0.51497029]), array([ 0.29153363, -4.16331317,  0.52938755]), array([ 0.27949812, -4.12229234,  0.54355955]), array([ 0.26746261, -4.0812715 ,  0.5574863 ]), array([ 0.2554271 , -4.04025066,  0.5711678 ]), array([ 0.24339159, -3.99922983,  0.58460405]), array([ 0.23135608, -3.95820899,  0.59779505]), array([ 0.21932057, -3.91718816,  0.61074081]), array([ 0.20728506, -3.87616732,  0.62344131]), array([ 0.19524955, -3.83514648,  0.63589656]), array([ 0.18321404, -3.79412565,  0.64810656]), array([ 0.17117853, -3.75310481,  0.66007131]), array([ 0.15914302, -3.71208398,  0.67179081]), array([ 0.1471075 , -3.67106314,  0.68326507]), array([ 0.13507199, -3.6300423 ,  0.69449407]), array([ 0.12303648, -3.58902147,  0.70547782]), array([ 0.11100097, -3.54800063,  0.71621632]), array([ 0.09896546, -3.5069798 ,  0.72670957]), array([ 0.08692995, -3.46595896,  0.73695757]), array([ 0.07489444, -3.42493812,  0.74696033]), array([ 0.06285893, -3.38391729,  0.75671783]), array([ 0.05082342, -3.34289645,  0.76623008]), array([ 0.03878791, -3.30187562,  0.77549708]), array([ 0.0267524 , -3.26085478,  0.78451883]), array([ 0.01471689, -3.21983394,  0.79329533]), array([ 2.68137542e-03, -3.17881311e+00,  8.01826585e-01]), array([-0.00935414, -3.13779227,  0.81011259]), array([-0.02138965, -3.09677144,  0.81815334]), array([-0.03342516, -3.0557506 ,  0.82594884]), array([-0.04546067, -3.01472976,  0.83349909]), array([-0.05749618, -2.97370893,  0.84080409]), array([-0.06953169, -2.93268809,  0.84786385]), array([-0.0815672 , -2.89166726,  0.85467835]), array([-0.09360271, -2.85064642,  0.8612476 ]), array([-0.10563822, -2.80962559,  0.8675716 ]), array([-0.11767373, -2.76860475,  0.87365035]), array([-0.12970924, -2.72758391,  0.87948385]), array([-0.14174475, -2.68656308,  0.8850721 ]), array([-0.15378026, -2.64554224,  0.89041511]), array([-0.16581577, -2.60452141,  0.89551286]), array([-0.17785129, -2.56350057,  0.90036536]), array([-0.1898868 , -2.52247973,  0.90497261]), array([-0.20192231, -2.4814589 ,  0.90933461]), array([-0.21395782, -2.44043806,  0.91345136]), array([-0.22599333, -2.39941723,  0.91732287]), array([-0.23802884, -2.35839639,  0.92094912]), array([-0.25006435, -2.31737555,  0.92433012]), array([-0.26209986, -2.27635472,  0.92746587]), array([-0.27413537, -2.23533388,  0.93035637]), array([-0.28617088, -2.19431305,  0.93300162]), array([-0.29820639, -2.15329221,  0.93540163]), array([-0.3102419 , -2.11227137,  0.93755638]), array([-0.32227741, -2.07125054,  0.93946588]), array([-0.33431293, -2.0302297 ,  0.94113013]), array([-0.34634844, -1.98920887,  0.94254913]), array([-0.35838395, -1.94818803,  0.94372288]), array([-0.37041946, -1.90716719,  0.94465139]), array([-0.38245497, -1.86614636,  0.94533464]), array([-0.39449048, -1.82512552,  0.94577264]), array([-0.40652599, -1.78410469,  0.94596539]), array([-0.4185615 , -1.74308385,  0.94591289]), array([-0.43059701, -1.70206301,  0.94561514]), array([-0.44263252, -1.66104218,  0.94507215]), array([-0.45466803, -1.62002134,  0.9442839 ]), array([-0.46670354, -1.57900051,  0.9432504 ]), array([-0.47873905, -1.53797967,  0.94197165]), array([-0.49077457, -1.49695884,  0.94044765]), array([-0.50281008, -1.455938  ,  0.9386784 ]), array([-0.51484559, -1.41491716,  0.93666391]), array([-0.5268811 , -1.37389633,  0.93440416]), array([-0.53891661, -1.33287549,  0.93189916]), array([-0.55095212, -1.29185466,  0.92914891]), array([-0.56298763, -1.25083382,  0.92615341]), array([-0.57502314, -1.20981298,  0.92291266]), array([-0.58705865, -1.16879215,  0.91942667]), array([-0.59909416, -1.12777131,  0.91569542]), array([-0.61112967, -1.08675048,  0.91171892]), array([-0.62316518, -1.04572964,  0.90749717]), array([-0.63520069, -1.0047088 ,  0.90303017]), array([-0.6472362 , -0.96368797,  0.89831792]), array([-0.65927172, -0.92266713,  0.89336043]), array([-0.67130723, -0.8816463 ,  0.88815768]), array([-0.68334274, -0.84062546,  0.88270968]), array([-0.69537825, -0.79960462,  0.87701643]), array([-0.70741376, -0.75858379,  0.87107793]), array([-0.71944927, -0.71756295,  0.86489418]), array([-0.73148478, -0.67654212,  0.85846519]), array([-0.74343608, -0.63629803,  0.85177849]), array([-0.72000249, -0.64906632,  0.83154983]), array([-0.69563552, -0.66412482,  0.81042343]), array([-0.67126855, -0.67918332,  0.78905178]), array([-0.64690158, -0.69424182,  0.76743488]), array([-0.6225346 , -0.70930031,  0.74557273]), array([-0.59816763, -0.72435881,  0.72346533]), array([-0.57380066, -0.73941731,  0.70111268]), array([-0.54943368, -0.75447581,  0.67851478]), array([-0.52506671, -0.7695343 ,  0.65567163]), array([-0.50069974, -0.7845928 ,  0.63258323]), array([-0.47633276, -0.7996513 ,  0.60924958]), array([-0.45196579, -0.8147098 ,  0.58567069]), array([-0.42759882, -0.82976829,  0.56184654]), array([-0.40323184, -0.84482679,  0.53777714]), array([-0.37886487, -0.85988529,  0.51346249]), array([-0.3544979 , -0.87494379,  0.48890259]), array([-0.33013092, -0.89000228,  0.46409744]), array([-0.30576395, -0.90506078,  0.43904704]), array([-0.28139698, -0.92011928,  0.41375139]), array([-0.25703   , -0.93517777,  0.38821049]), array([-0.23266303, -0.95023627,  0.36242434]), array([-0.20829606, -0.96529477,  0.33639294]), array([-0.18392908, -0.98035327,  0.31011629]), array([-0.15956211, -0.99541176,  0.2835944 ]), array([-0.13519514, -1.01047026,  0.25682725]), array([-0.11082816, -1.02552876,  0.22981485]), array([-0.08646119, -1.04058726,  0.2025572 ]), array([-0.06209422, -1.05564575,  0.1750543 ]), array([-0.03772724, -1.07070425,  0.14730615]), array([-0.01336027, -1.08576275,  0.11931275]), array([ 0.0110067 , -1.10082125,  0.0910741 ]), array([ 0.03537368, -1.11587974,  0.0625902 ]), array([ 0.05974065, -1.13093824,  0.03386105]), array([ 0.08410762, -1.14599674,  0.033     ]), array([ 0.10725625, -1.16030231,  0.05448555]), array([ 0.13040487, -1.17460788,  0.07572585]), array([ 0.1535535 , -1.18891346,  0.0967209 ]), array([ 0.17670212, -1.20321903,  0.1174707 ]), array([ 0.19985075, -1.2175246 ,  0.13797525]), array([ 0.22299937, -1.23183017,  0.15823455]), array([ 0.24614799, -1.24613575,  0.1782486 ]), array([ 0.26929662, -1.26044132,  0.1980174 ]), array([ 0.29244524, -1.27474689,  0.21754094]), array([ 0.31559387, -1.28905246,  0.23681924]), array([ 0.33874249, -1.30335804,  0.25585229]), array([ 0.36189112, -1.31766361,  0.27464009]), array([ 0.38503974, -1.33196918,  0.29318264]), array([ 0.40818837, -1.34627475,  0.31147994]), array([ 0.43133699, -1.36058033,  0.32953199]), array([ 0.45448562, -1.3748859 ,  0.34733879]), array([ 0.47763424, -1.38919147,  0.36490034]), array([ 0.50078286, -1.40349704,  0.38221664]), array([ 0.52393149, -1.41780262,  0.39928769]), array([ 0.54708011, -1.43210819,  0.41611349]), array([ 0.57022874, -1.44641376,  0.43269404]), array([ 0.59337736, -1.46071933,  0.44902934]), array([ 0.61652599, -1.47502491,  0.46511939]), array([ 0.63967461, -1.48933048,  0.48096419]), array([ 0.66282324, -1.50363605,  0.49656373]), array([ 0.68597186, -1.51794162,  0.51191803]), array([ 0.70912049, -1.5322472 ,  0.52702708]), array([ 0.73226911, -1.54655277,  0.54189088]), array([ 0.75541774, -1.56085834,  0.55650943]), array([ 0.77856636, -1.57516391,  0.57088273])], 'distances_history': [7.902583726885621, 7.856873976281515, 7.811190923319176, 7.765533904451158, 7.719902372377719, 7.674295890020733, 7.6287141266438345, 7.583156855115755, 7.537623949842059, 7.492115385152496, 7.446631234047937, 7.401171667257286, 7.355736952574696, 7.310327454459499, 7.264943633889973, 7.219586048467768, 7.174255352772605, 7.128952298967562, 7.083677737654866, 7.038432618981267, 6.9932179939911, 6.94803484087078, 6.902884412410883, 6.857768066576948, 6.812687269154851, 6.767643596531362, 6.722638738638506, 6.677674502077348, 6.632752813429184, 6.587875722757639, 6.543045407302461, 6.49826417536415, 6.453534470377481, 6.408858875171449, 6.364240116412642, 6.319681069228963, 6.2751847620104755, 6.230754381384152, 6.186393277359427, 6.142104968641556, 6.097893148109975, 6.05376125246677, 6.00971334921277, 5.965753695018742, 5.921886742618078, 5.878117147618288, 5.834449775312502, 5.790889707540066, 5.7474422496267215, 5.704112937423764, 5.660907544458754, 5.61783208920599, 5.5748928424819, 5.532096334968268, 5.489449364864343, 5.446959005667165, 5.404632614077763, 5.362477838029125, 5.320502624829922, 5.278715229415865, 5.237124222698175, 5.1957402527171475, 5.154572472401505, 5.113630388496179, 5.0724475845072625, 5.027665379618445, 4.982981035212752, 4.938392572340859, 4.8938979999684085, 4.8494953178664355, 4.805182519615519, 4.760957595638668, 4.716818536200253, 4.6727633343244435, 4.628789988598433, 4.584896505834902, 4.54108090357523, 4.497341212420717, 4.453675478183704, 4.410081763854353, 4.3665581513820735, 4.323102743273255, 4.279713664009234, 4.236389061290313, 4.193127107113144, 4.149925998690108, 4.106783959220189, 4.0636992385216635, 4.020670113537336, 3.9776948887234176, 3.9347718963332157, 3.891899496606772, 3.849076077877393, 3.8063000566057217, 3.763569877351558, 3.7208840126931912, 3.67824096310338, 3.6356392567905846, 3.5930774495133644, 3.5505541243752172, 3.508067891606505, 3.465617388339439, 3.4232012783815096, 3.380818251992141, 3.3384670256668447, 3.2961463419326305, 3.253854969158038, 3.211591701380773, 3.1693553581556557, 3.1271447844253704, 3.084958850416362, 3.0427964515621864, 3.0006565084566126, 2.9585379668389247, 2.916439797614026, 2.8743609969102706, 2.8323005861782837, 2.7902576123345506, 2.74823114795407, 2.706220291517106, 2.6642241677158283, 2.6222419278275537, 2.580272750162384, 2.538315840594221, 2.496370433185539, 2.4544357909178878, 2.412511206541904, 2.3705960035627025, 2.3286895373789105, 2.286791196596385, 2.244900404540837, 2.203016620997325, 2.1611393442089097, 2.119268113171843, 2.0774025102706317, 2.0355421643033775, 1.9936867539561178, 1.9518360117948441, 1.9099897288557193, 1.868147759928225, 1.8263100296431032, 1.7832122262015515, 1.7377718123223023, 1.6922611610884977, 1.645874753752514, 1.5986923061584553, 1.5521091644891458, 1.50594712952188, 1.459172305078237, 1.412313735360229, 1.3655675009588866, 1.319434954839567, 1.2727338212074553, 1.2251700746345255, 1.1779650350648365, 1.1300804886779012, 1.0815455984641078, 1.0335181042323272, 0.986030588761893, 0.937803002795915, 0.8887409744968603, 0.8396051829117938, 0.7898899824172161, 0.7409678783025956, 0.6914521096649114, 0.6428787264137439, 0.5952659358383674, 0.5471953526580053, 0.5002683824534376, 0.45461353187400355, 0.41027306100415323, 0.3668578840930358, 0.32313655095076776, 0.2794450069995082, 0.23673452090928201, 0.19574538369986194, 0.15784052080936756, 0.12540038175539248, 0.10185026660303247, 0.09565178330657191, 0.10838577844995682, 0.13375583357773166, 0.16465295604848598, 0.1976712878646605, 0.23152394600975454, 0.26570948548737117, 0.3000363459181, 0.33443919218851265, 0.3689047997273249, 0.40344082520474595, 0.43806232320235594, 0.4727859460342133, 0.5076275667983855, 0.5426014403916715, 0.5777200421738606, 0.6129941856334317, 0.6484332349880044, 0.6840453303661366, 0.7198375917275084, 0.7558162905486014, 0.7919869886624417, 0.8283546478994352, 0.8649237155062826, 0.9016981903061688, 0.9386816739939431, 0.975877411219058, 1.0132883213754111, 1.0509170243657548, 1.0887658620624305, 1.1268369167449448, 1.165132027447217, 1.2036528048785398, 1.2224083140925244, 1.2249123891711122, 1.2283833558470783, 1.2328032529030477, 1.2381529972451808, 1.2444124900029727, 1.2515607291956103, 1.2595759270584357, 1.2684356300774664, 1.2781168398172582, 1.2885961327331685, 1.2998497773181485, 1.3118538471316405, 1.3245843284797303, 1.3380172217486608, 1.352128635627007, 1.3668948736762594, 1.382292512918207, 1.398298474295483, 1.4148900850258035, 1.43204513300935, 1.4497419135623284, 1.4679592688389282, 1.4866766203704052, 1.5058739951960878, 1.5255320460892934, 1.5456320663940288, 1.566155999988618, 1.5870864468824812, 1.6084066649344386], 'normal_align_history': [0.7498911170639326, 0.7498860236800253, 0.7498788057525512, 0.7498712311070183, 0.7498643858279325, 0.7498589716227382, 0.7498554773431915, 0.7498542784456751, 0.7498556947396968, 0.7498600237116485, 0.7498675593728825, 0.7498786024227302, 0.7498934651403009, 0.7499124730483204, 0.7499359645927989, 0.7499642896086589, 0.7499978070555079, 0.7500368823315597, 0.7500818843631104, 0.750133182596427, 0.7501911439734053, 0.7502560314670657, 0.750328195924093, 0.7504079817777564, 0.750495721004594, 0.7505917289592912, 0.750696301228429, 0.7508097110496059, 0.7509322070607245, 0.7510640112611191, 0.7512053171283545, 0.7513562878673107, 0.7515170547852027, 0.75168771579487, 0.751868334052912, 0.7520589367411444, 0.7522595140005398, 0.7524700180267794, 0.7526903623361895, 0.7529204212101898, 0.7531600293256133, 0.7534087064232463, 0.7536662125304329, 0.7539322792562916, 0.7542066020405552, 0.7544888370353116, 0.7547786004537408, 0.7550754692371817, 0.7553789824382557, 0.7556886430091204, 0.7560039198375459, 0.7563242499530314, 0.7566490408651408, 0.75697767301524, 0.7573095023309588, 0.7576438628752893, 0.7579800695821777, 0.7583174210692476, 0.7586552025166864, 0.758992688599717, 0.7593291464606807, 0.7596647475382778, 0.7599987414437122, 0.7603303258021581, 0.7606586859661838, 0.7609830150566492, 0.7613025239182977, 0.7616164460523523, 0.7619240401593298, 0.762224591629696, 0.7625174136356928, 0.7628018481214378, 0.7630772668072843, 0.7633430722358001, 0.7635986988463308, 0.7638436140493409, 0.7640773192680347, 0.7642993509167064, 0.7645092812894803, 0.7647067193379817, 0.7648913113212211, 0.7650627413152945, 0.7652207315743008, 0.765365042737122, 0.7654954738775152, 0.7656118623973075, 0.7657140837645168, 0.7658020510998769, 0.7658757146167122, 0.7659350609202853, 0.7659801121737516, 0.7660109251386843, 0.7660275900988146, 0.7660302296761592, 0.7660189975491368, 0.765994077082561, 0.765955679879617, 0.765904044266016, 0.7658394337165532, 0.7657621352342305, 0.7656724576919723, 0.7655707301467625, 0.7654573001357771, 0.765332531963754, 0.7651968049904982, 0.7650505119269917, 0.7648940571481401, 0.764727855029702, 0.7645523283164372, 0.764367906527975, 0.764175024408364, 0.763974120424678, 0.7637656353195149, 0.7635500107216184, 0.7633276878183065, 0.7630991060928048, 0.762864702129044, 0.7626249084859218, 0.7623801526425213, 0.7621308560152614, 0.7618774330474805, 0.7616202903714983, 0.7613598260427782, 0.761096428845405, 0.7608304776677447, 0.760562340946804, 0.7602923761795111, 0.7600209294988761, 0.7597483353127539, 0.7594749160027204, 0.759200981680417, 0.7589268299985675, 0.7586527460137672, 0.7583790020980651, 0.7581058578962979, 0.7578335603261155, 0.7575623436176261, 0.7572924293896077, 0.7570240267592689, 0.7567573324825984, 0.7564925311224086, 0.7649541709337581, 0.7661172274705252, 0.7633626765705945, 0.7649548791111965, 0.7708583386078648, 0.7725529626009149, 0.782382526206287, 0.7948636519370013, 0.8074683111610067, 0.8192436970267075, 0.8262434937492357, 0.8261607407265793, 0.8303054345622611, 0.8410570834845865, 0.8443126657396905, 0.8405167157467927, 0.8439962244887663, 0.84346415402897, 0.8469631908826412, 0.8542243572349185, 0.8617729053008986, 0.8628505413136014, 0.8602185363312955, 0.8607360529841526, 0.8574279000135873, 0.8608734203227678, 0.8574512515686346, 0.8606884991221232, 0.8608174365972224, 0.8673193803918247, 0.8771829730371208, 0.8803448459716569, 0.8858672716945881, 0.8856185818837583, 0.886692601380116, 0.8845651242507878, 0.8873684408501643, 0.8851977285741517, 0.8842174009930224, 0.8803359654932384, 0.8763845749515436, 0.8722695085317731, 0.8679574156830446, 0.8634632015658456, 0.8587968143755704, 0.8539644401316954, 0.8489696209872035, 0.8438142067868459, 0.8384991184955889, 0.8330249345882236, 0.8273923244876068, 0.8216023561648819, 0.8156567033407398, 0.8095577742001212, 0.8033087796183309, 0.7969137552808796, 0.7903775490248446, 0.7837057822797733, 0.7769047925828241, 0.7699815626899242, 0.7629436407017357, 0.7557990547806726, 0.7485562253802505, 0.7412238773850154, 0.7338109541277456, 0.7263265348827573, 0.7187797571116633, 0.7111797444497461, 0.7035355411609614, 0.6958560535544525, 0.6881499986442542, 0.6804258601464342, 0.6726918517445422, 0.6649558874149726, 0.657225558488587, 0.6495081170329878, 0.6418104650702072, 0.6341391490956242, 0.6265003593339572, 0.6188999331549736, 0.6113433620728923, 0.6038358017670511, 0.5963820845849004, 0.5889867340196581, 0.5816539806919128, 0.5743877794053145, 0.5671918268895592, 0.5600695798878277, 0.553024273289465, 0.5460589380510892, 0.5391764186897655, 0.5323793901698147, 0.5256703740398954, 0.5190517537089997, 0.5125257887787785, 0.5060946283752121, 0.4997603234451025, 0.49352483800233515, 0.48739005932549273, 0.481357807122426, 0.4754298416889967], 'ball_near_history': [False, False, False, False, False, False, False, False, False, False, False, False, False, False, False, False, False, False, False, False, False, False, False, False, False, False, False, False, False, False, False, False, False, False, False, False, False, False, False, False, False, False, False, False, False, False, False, False, False, False, False, False, False, False, False, False, False, False, False, False, False, False, False, False, False, False, False, False, False, False, False, False, False, False, False, False, False, False, False, False, False, False, False, False, False, False, False, False, False, False, False, False, False, False, False, False, False, False, False, False, False, False, False, False, False, False, False, False, False, False, False, False, False, False, False, False, False, False, False, False, False, False, False, False, False, False, False, False, False, False, False, False, False, False, False, False, False, False, False, False, False, False, False, False, False, False, False, False, False, False, False, False, False, False, False, False, False, False, False, False, False, False, False, False, False, False, False, False, False, False, False, False, False, False, False, False, True, True, True, True, True, True, True, False, False, False, False, False, False, False, False, False, False, False, False, False, False, False, False, False, False, False, False, False, False, False, False, False, False, False, False, False, False, False, False, False, False, False, False, False, False, False, False, False, False, False, False, False, False, False, False, False, False, False, False, False, False, False, False, False, False, False], 'tube_ready_history': [False, False, False, False, False, False, False, False, False, False, False, False, False, False, False, False, False, False, False, False, False, False, False, False, False, False, False, False, False, False, False, False, False, False, False, False, False, False, False, False, False, False, False, False, False, False, False, False, False, False, False, False, False, False, False, False, False, False, False, False, False, False, False, False, False, False, False, False, False, False, False, False, False, False, False, False, False, False, False, False, False, False, False, False, False, False, False, False, False, False, False, False, False, False, False, False, False, False, False, False, False, False, False, False, False, False, False, False, False, False, False, False, False, False, False, False, False, False, False, False, False, False, False, False, False, False, False, False, False, False, False, False, False, False, False, False, False, False, False, False, False, False, False, False, False, False, False, False, False, False, False, False, False, False, False, False, False, False, False, False, False, False, False, False, False, False, False, False, False, False, False, True, True, True, True, True, True, True, True, True, True, True, True, True, True, True, True, True, True, True, True, True, False, False, False, False, False, False, False, False, False, False, False, False, False, False, False, False, False, False, False, False, False, False, False, False, False, False, False, False, False, False, False, False, False, False, False, False, False, False, False, False, False, False, False, False, False, False, False, False, False, False], 'pos_error_history': [0.009308625094452433, 0.009356112781107628, 0.009464348904527381, 0.009672061249579308, 0.010022858940249202, 0.010558755288678083, 0.011313587646870675, 0.01230868936263036, 0.013552270238872371, 0.015041943447724693, 0.016768543631025746, 0.01871958636373627, 0.02088165125059161, 0.023241710215387817, 0.025787712185088775, 0.02850873678603171, 0.03139493588307452, 0.03443739060310321, 0.03762794925290079, 0.040959075522026274, 0.04360297625835455, 0.04717268927671312, 0.05086590132790244, 0.05467603865351234, 0.05859676928140501, 0.0626219438082172, 0.06674554870009351, 0.07096166955488038, 0.07526446228640125, 0.07964813063097212, 0.08410690873211588, 0.0886350478397919, 0.09322680637789321, 0.09787644280078653, 0.10257821078721358, 0.10732635641695638, 0.11211511704928591, 0.11693872167802175, 0.12179139258013638, 0.1266673481065894, 0.1314028022025017, 0.13630507269875136, 0.14121375814951018, 0.1461230858061657, 0.15102730969047012, 0.1559207172297428, 0.1607976365698714, 0.16565244445381855, 0.17047957456645155, 0.17527352625619794, 0.1800288735512763, 0.1847402743937926, 0.18940248001936608, 0.19401034441353182, 0.19855883377929, 0.20304303595297352, 0.20745816970834105, 0.21179959389147357, 0.21606281633182722, 0.2202435024776466, 0.22557077313414367, 0.2295701568010431, 0.23347274751252436, 0.23727506481253388, 0.24097380047727118, 0.24456583101469898, 0.2480482279427189, 0.25141826625357033, 0.2546734313623655, 0.2578114247584274, 0.2608301685207841, 0.2637278088179103, 0.26650271848214824, 0.2691534987281549, 0.27167898006985547, 0.27407822248006697, 0.2763505148299651, 0.2784953736409666, 0.2805125411787166, 0.2824019829172521, 0.28416388440060264, 0.28579864752891315, 0.28730688629636436, 0.2886894220086213, 0.28994727800810827, 0.2910816739360797, 0.29209401956109077, 0.29298590820412374, 0.29375910979115566, 0.2944155635644877, 0.29495737048451565, 0.2953867853539347, 0.2957062086965655, 0.29591817842305673, 0.29602536131570134, 0.29603054436444903, 0.29593662598594767, 0.29574660715706724, 0.29546358249389126, 0.29509073130655766, 0.2946313086596309, 0.2940886364668963, 0.29346609464854345, 0.29276711237771547, 0.2919951594422933, 0.291153737746614, 0.2902463729765371, 0.28927660644995706, 0.28824798717342753, 0.28716406412412976, 0.28602837877486725, 0.28484445787824975, 0.28361580652461443, 0.2823459014866504, 0.2810381848620567, 0.2796960580239572, 0.2783228758871801, 0.2769219414969281, 0.2754965009447873, 0.2740497386155123, 0.2725847727665354, 0.2711046514407147, 0.26961234871147605, 0.26811076125818883, 0.2666027052683865, 0.26509091366228066, 0.2635780336339385, 0.26206662450248763, 0.26055915586580297, 0.2590580060482906, 0.25756546083364024, 0.25608371247275, 0.25461485895645225, 0.25316090354216175, 0.25172375452316187, 0.2503052252288956, 0.24890703424436136, 0.2475308058365288, 0.2461780705755572, 0.24485026613854527, 0.2411977290460677, 0.2362811151178578, 0.2307606005504116, 0.22405060846462968, 0.21738620916124665, 0.21240265543004053, 0.20727716659146178, 0.20115549523227094, 0.19558484724144112, 0.19038856537120388, 0.18544298952621335, 0.18224632312938577, 0.1785660563260512, 0.17434689603005202, 0.17025210907603638, 0.16641908804422367, 0.1639624656038105, 0.16046325054750415, 0.15829971032410148, 0.1566528696851125, 0.15550091327168994, 0.15523483213262979, 0.15403035417334038, 0.15334873619906456, 0.15246328492428585, 0.15212061530906507, 0.15153801583147294, 0.15128087769052118, 0.15023370690781487, 0.1490051455143763, 0.1478829985461517, 0.14583012355446795, 0.14425899219180646, 0.14402200268376109, 0.14428836401647321, 0.14295371856771052, 0.14045356025184616, 0.13758434438676548, 0.13496153466108401, 0.1331575271211851, 0.13230694620037162, 0.13202766247658887, 0.132077545212694, 0.13235096240092642, 0.132815383883485, 0.1334707543661651, 0.1343286226830247, 0.1354021202915337, 0.13670167075647072, 0.13823359280666495, 0.14000006455225245, 0.14199964568978693, 0.14422795587976986, 0.14667832450131646, 0.14934234093563456, 0.1522102912526047, 0.15527149262946355, 0.15851454574529183, 0.1619275260853696, 0.16549813216983392, 0.16921380465914568, 0.17306182631522232, 0.1770294094436596, 0.18110377486279144, 0.1852722246030047, 0.1895222093167758, 0.19384139063623038, 0.19821769831865724, 0.20263938186029623, 0.20709505624833044, 0.2115737415966917, 0.2160648965287213, 0.22055844529982332, 0.22504479877807942, 0.22951486951046443, 0.23396008119226638, 0.23837237292636246, 0.24274419870811856, 0.24706852260274875, 0.2513388100975393, 0.2555490161139537, 0.2596935701567436, 0.2637673590610689, 0.26776570777620884, 0.2716843585974738, 0.27551944922775584, 0.279267490018098, 0.2829253407035528, 0.2864901869173861, 0.2899595167338983, 0.29333109745832786, 0.296602952851876, 0.2997733409510985, 0.3028407326139857, 0.30580379090012993, 0.30866135136951584, 0.31141240336372117, 0.3140560723146505, 0.3165916031093002, 0.3190183445244137, 0.3213357347321093, 0.3235136437282231], 'max_qdot_ratio': 0.9943863491221568, 'max_tcp_speed': 1.7962767629658352, 'max_racket_face_speed': 1.6099981627222784, 'total_mpc_steps': 242, 'ball_was_hit': True, 'hit_step': 177, 'p_ee_at_hit': array([-0.66046872, -0.57724485,  0.85339563]), 'ball_pos_at_hit': array([-0.74343608, -0.63629803,  0.85177849]), 'v_ee_at_hit': 1.7415956848309404, 'active_contact': True, 'passive_contact': False}
2026-09-13 00:11:43,934 [INFO] __main__: 击打后继续仿真 20 步...
