__STEP_TIMING__: n=249 p50=0.26 p95=0.56 p99=17.56 max=41.52 n_over_period=3 period_ms=5.00 deciles=0.25,0.25,0.25,0.25,0.26,0.26,0.27,0.29,0.46,41.52

========================================
  RM-65 击打成功！（主动击球，pos_error=0.1432m）
  [V12 EpisodeRunner 管线架构]
  ablation: full
  击打目标位置: [-0.665 -0.149  0.772]
  末端实际位置: [-0.541 -0.205  0.817]
  规划跟踪误差: 0.1424 m
  速度误差: 1.9165 m/s
  MPC 总步数: 270
  --- Tube 专用指标 ---
  最小球拍-球距离: 0.1408 m
  ball_near 步数: 7 = 35.0 ms
  tube_ready 步数: 15 = 75.0 ms
  击打时间误差: 5.0 ms
  击打位置误差: 0.1432 m
  --- 计算性能 ---
  总墙钟时间: 1.19s (MPC=1.19s)
  --- 执行层约束 ---
  max_qdot=1.00x, max_tcp=1.1m/s, max_face=1.4m/s
  击球类型: 主动击球
========================================

__RESULT__: pos_error=0.143180 vel_error=1.916528 min_dist=0.140801 ball_near_ms=35.0 tube_ready_ms=75.0 max_tcp=1.14 max_qdot=1.00 max_face=1.4 hit_type=active hit_time_error_ms=5.0 hit_pos_error=0.143180 v_racket_at_hit=0.746
2026-09-13 00:11:52,032 [INFO] __main__: [ablation] mode=full
2026-09-13 00:11:52,038 [INFO] __main__: serve-box auto params: horizon=120, iter=10, first_plan_iters=30, total_horizon=250, replan_interval=20, near_plan_iters=5
2026-09-13 00:11:52,057 [INFO] __main__: 关节限位: 仿真默认(default.yaml), TCP=1.8 m/s, terminal_exempt=20
2026-09-13 00:11:52,057 [INFO] __main__: 球拍初始位置: [-0.24136342  0.63027058  1.45576659]
2026-09-13 00:11:52,058 [DEBUG] src.tennis.ball: serve_box bounce (attempt=0): p0_z=1.33, vz0=-2.6, spd=9.0, t1=0.317, t2=0.596, z_err=0.13
2026-09-13 00:11:52,064 [INFO] __main__: 击打步数: 189, 击打位置: [-0.6645511  -0.14904866  0.77163887]
2026-09-13 00:11:52,065 [INFO] __main__: 随挥方向: [-0.323 -0.922  0.212], 随挥步数: 60
2026-09-13 00:11:52,078 [INFO] __main__: 候选窗口已构建: best_k=189, candidates=14
2026-09-13 00:11:52,079 [INFO] src.cpp.solver_cpp: iLQR C++ 加速模块已加载
2026-09-13 00:11:52,079 [INFO] __main__: 开始 V12 EpisodeRunner，总步数=310 (MPC=250, 随挥=60)，击打步数=189
2026-09-13 00:11:52,080 [INFO] src.ilqt.async_replanner: AsyncReplanner: 后台规划线程已启动
2026-09-13 00:11:52,103 [INFO] src.ilqt.async_replanner: AsyncReplanner: 规划环境已创建（独立 MjData）
2026-09-13 00:11:52,103 [INFO] src.ilqt.async_replanner: AsyncReplanner: 规划环境已创建（独立 MjData）
2026-09-13 00:11:52,133 [DEBUG] src.ilqt.tube_cost: [Softmin诊断] 候选权重TOP3: k=189:w=0.067, k=188:w=0.067, k=190:w=0.067
2026-09-13 00:11:53,053 [INFO] src.ilqt.mpc_controller: REPLAN step=0 k_hit=189 iters=30 horizon=120 t=950ms
2026-09-13 00:11:53,054 [INFO] src.ilqt.mpc_controller: MPCController.start 完成: k_hit=189, p_hit=[-0.665 -0.149  0.772], buffer=120
2026-09-13 00:11:53,058 [DEBUG] src.ilqt.replan_core: FAR_JT step=0 k_hit=189 (JT gain=60, skip iLQR)
2026-09-13 00:11:53,058 [DEBUG] src.ilqt.mpc_controller: REPLAN step=0 k_hit=189 iters=0 horizon=0 t=4ms
2026-09-13 00:11:53,058 [DEBUG] src.ilqt.mpc_controller: MPCController.step 0: replan k_hit=189 refine=feasible buffer=20
2026-09-13 00:11:53,067 [DEBUG] src.ilqt.replan_core: FAR_JT step=20 k_hit=169 (JT gain=60, skip iLQR)
2026-09-13 00:11:53,068 [DEBUG] src.ilqt.mpc_controller: REPLAN step=20 k_hit=169 iters=0 horizon=0 t=4ms
2026-09-13 00:11:53,068 [DEBUG] src.ilqt.mpc_controller: MPCController.step 20: replan k_hit=169 refine=feasible buffer=20
2026-09-13 00:11:53,076 [DEBUG] src.ilqt.replan_core: FAR_JT step=40 k_hit=149 (JT gain=60, skip iLQR)
2026-09-13 00:11:53,076 [DEBUG] src.ilqt.mpc_controller: REPLAN step=40 k_hit=149 iters=0 horizon=0 t=4ms
2026-09-13 00:11:53,077 [DEBUG] src.ilqt.mpc_controller: MPCController.step 40: replan k_hit=149 refine=feasible buffer=20
2026-09-13 00:11:53,085 [DEBUG] src.ilqt.replan_core: FAR_JT step=60 k_hit=129 (JT gain=60, skip iLQR)
2026-09-13 00:11:53,086 [DEBUG] src.ilqt.mpc_controller: REPLAN step=60 k_hit=129 iters=0 horizon=0 t=4ms
2026-09-13 00:11:53,086 [DEBUG] src.ilqt.mpc_controller: MPCController.step 60: replan k_hit=129 refine=feasible buffer=20
2026-09-13 00:11:53,095 [DEBUG] src.ilqt.replan_core: FAR_JT step=80 k_hit=109 (JT gain=60, skip iLQR)
2026-09-13 00:11:53,095 [DEBUG] src.ilqt.mpc_controller: REPLAN step=80 k_hit=109 iters=0 horizon=0 t=3ms
2026-09-13 00:11:53,095 [DEBUG] src.ilqt.mpc_controller: MPCController.step 80: replan k_hit=109 refine=feasible buffer=20
2026-09-13 00:11:53,104 [DEBUG] src.ilqt.replan_core: FAR_JT step=100 k_hit=89 (JT gain=60, skip iLQR)
2026-09-13 00:11:53,104 [DEBUG] src.ilqt.mpc_controller: REPLAN step=100 k_hit=89 iters=0 horizon=0 t=3ms
2026-09-13 00:11:53,105 [DEBUG] src.ilqt.mpc_controller: MPCController.step 100: replan k_hit=89 refine=feasible buffer=20
2026-09-13 00:11:53,113 [DEBUG] src.ilqt.replan_core: FAR_JT step=120 k_hit=69 (JT gain=60, skip iLQR)
2026-09-13 00:11:53,113 [DEBUG] src.ilqt.mpc_controller: REPLAN step=120 k_hit=69 iters=0 horizon=0 t=3ms
2026-09-13 00:11:53,113 [DEBUG] src.ilqt.mpc_controller: MPCController.step 120: replan k_hit=69 refine=feasible buffer=20
2026-09-13 00:11:53,132 [DEBUG] src.ilqt.tube_cost: [Softmin诊断] 候选权重TOP3: k=49:w=0.067, k=48:w=0.067, k=50:w=0.067
2026-09-13 00:11:53,160 [DEBUG] src.ilqt.mpc_controller: REPLAN step=140 k_hit=49 iters=5 horizon=49 t=41ms
2026-09-13 00:11:53,160 [INFO] src.ilqt.strategies.hit_point_refiner: [HIT_LOCK] k_hit=49 ≤ 60, 锁定击球点不再替换
2026-09-13 00:11:53,160 [DEBUG] src.ilqt.mpc_controller: MPCController.step 140: replan k_hit=49 refine=locked buffer=20
2026-09-13 00:11:53,161 [INFO] src.ilqt.components.predictive_safety: [SAFETY_FILTER] beta=0.8: qdot entering overspeed, joint=5, |qdot|=4.04 > 3.93
2026-09-13 00:11:53,161 [INFO] src.ilqt.components.predictive_safety: [SAFETY_FILTER] beta=0.2: qdot entering overspeed, joint=5, |qdot|=5.57 > 3.93
2026-09-13 00:11:53,163 [INFO] src.ilqt.components.predictive_safety: [SAFETY_FILTER] beta=0.2: qdot entering overspeed, joint=5, |qdot|=5.21 > 3.93
2026-09-13 00:11:53,165 [INFO] src.ilqt.components.predictive_safety: [SAFETY_FILTER] beta=0.8: qdot entering overspeed, joint=3, |qdot|=3.95 > 3.93
2026-09-13 00:11:53,166 [INFO] src.ilqt.components.predictive_safety: [SAFETY_FILTER] beta=0.2: qdot entering overspeed, joint=3, |qdot|=4.42 > 3.93
2026-09-13 00:11:53,178 [DEBUG] src.ilqt.tube_cost: [Softmin诊断] 候选权重TOP3: k=29:w=0.067, k=28:w=0.067, k=30:w=0.067
2026-09-13 00:11:53,195 [DEBUG] src.ilqt.mpc_controller: REPLAN step=160 k_hit=29 iters=5 horizon=29 t=29ms
2026-09-13 00:11:53,195 [DEBUG] src.ilqt.mpc_controller: MPCController.step 160: replan k_hit=29 refine=locked buffer=20
2026-09-13 00:11:53,196 [INFO] src.ilqt.components.predictive_safety: [SAFETY_FILTER] beta=0.8: qdot entering overspeed, joint=1, |qdot|=3.28 > 3.14
2026-09-13 00:11:53,196 [INFO] src.ilqt.components.predictive_safety: [SAFETY_FILTER] beta=0.8: qdot entering overspeed, joint=3, |qdot|=4.08 > 3.93
2026-09-13 00:11:53,197 [INFO] src.ilqt.components.predictive_safety: [SAFETY_FILTER] beta=0.2: qdot entering overspeed, joint=3, |qdot|=4.69 > 3.93
2026-09-13 00:11:53,197 [INFO] src.ilqt.components.predictive_safety: [SAFETY_FILTER] beta=0.4: qdot entering overspeed, joint=3, |qdot|=4.37 > 3.93
2026-09-13 00:11:53,198 [INFO] src.ilqt.components.predictive_safety: [SAFETY_FILTER] beta=0.6: qdot entering overspeed, joint=1, |qdot|=3.39 > 3.14
2026-09-13 00:11:53,199 [INFO] src.ilqt.components.predictive_safety: [SAFETY_FILTER] beta=0.6: qdot entering overspeed, joint=3, |qdot|=4.21 > 3.93
2026-09-13 00:11:53,200 [INFO] src.ilqt.components.predictive_safety: [SAFETY_FILTER] beta=0.2: qdot entering overspeed, joint=1, |qdot|=3.30 > 3.14
2026-09-13 00:11:53,201 [INFO] src.ilqt.components.predictive_safety: [SAFETY_FILTER] beta=0.2: qdot entering overspeed, joint=1, |qdot|=3.36 > 3.14
2026-09-13 00:11:53,201 [INFO] src.ilqt.components.predictive_safety: [SAFETY_FILTER] beta=0.8: qdot entering overspeed, joint=2, |qdot|=4.04 > 3.93
2026-09-13 00:11:53,202 [INFO] src.ilqt.components.predictive_safety: [SAFETY_FILTER] beta=0.6: qdot entering overspeed, joint=2, |qdot|=4.10 > 3.93
2026-09-13 00:11:53,203 [INFO] src.ilqt.components.predictive_safety: [SAFETY_FILTER] beta=0.2: qdot entering overspeed, joint=2, |qdot|=4.79 > 3.93
2026-09-13 00:11:53,213 [DEBUG] src.ilqt.tube_cost: [Softmin诊断] 候选权重TOP3: k=9:w=0.073, k=10:w=0.073, k=8:w=0.073
2026-09-13 00:11:53,220 [DEBUG] src.ilqt.mpc_controller: REPLAN step=180 k_hit=9 iters=5 horizon=9 t=17ms
2026-09-13 00:11:53,220 [DEBUG] src.ilqt.mpc_controller: MPCController.step 180: replan k_hit=9 refine=locked buffer=9
2026-09-13 00:11:53,220 [INFO] src.ilqt.components.predictive_safety: [SAFETY_FILTER] beta=0.0: qdot entering overspeed, joint=2, |qdot|=5.37 > 3.93
2026-09-13 00:11:53,221 [INFO] src.ilqt.components.predictive_safety: [SAFETY_FILTER] beta=0.2: qdot entering overspeed, joint=2, |qdot|=5.10 > 3.93
2026-09-13 00:11:53,221 [INFO] src.ilqt.components.predictive_safety: [SAFETY_FILTER] beta=0.0: qdot entering overspeed, joint=2, |qdot|=5.18 > 3.93
2026-09-13 00:11:53,222 [INFO] src.ilqt.components.predictive_safety: [SAFETY_FILTER] beta=0.2: qdot entering overspeed, joint=2, |qdot|=4.95 > 3.93
2026-09-13 00:11:53,222 [INFO] src.ilqt.components.predictive_safety: [SAFETY_FILTER] beta=0.2: qdot entering overspeed, joint=1, |qdot|=3.20 > 3.14
2026-09-13 00:11:53,223 [INFO] src.ilqt.components.predictive_safety: [SAFETY_FILTER] beta=0.0: qdot entering overspeed, joint=1, |qdot|=3.26 > 3.14
2026-09-13 00:11:53,224 [INFO] src.ilqt.components.predictive_safety: [SAFETY_FILTER] beta=0.2: qdot entering overspeed, joint=1, |qdot|=3.15 > 3.14
2026-09-13 00:11:53,224 [INFO] src.ilqt.components.predictive_safety: [SAFETY_FILTER] beta=0.0: qdot entering overspeed, joint=1, |qdot|=3.25 > 3.14
2026-09-13 00:11:53,224 [INFO] src.ilqt.strategies.follow_through: 随挥触发: step=188, steps=60
2026-09-13 00:11:53,242 [INFO] src.ilqt.async_replanner: AsyncReplanner: 后台规划线程已停止
2026-09-13 00:11:53,242 [INFO] src.ilqt.episode_runner: EpisodeRunner 完成: total_steps=250 safe_steps=250 mpc_done=True
2026-09-13 00:11:53,242 [DEBUG] src.ilqt.episode_runner: EpisodeRunner metrics 详情: {'total_steps': 250, 'safe_steps': 250, 'mpc_done': True, 'X_history': [array([-1.5  ,  1.57 , -0.236,  0.404,  0.446,  2.45 ,  0.   ,  0.   ,
        0.   ,  0.   ,  0.   ,  0.   ]), array([-1.43976836e-01,  1.22248194e+00, -5.28609626e-01, -7.79061613e-02,
        1.09437087e+00,  2.44997723e+00,  7.04762644e-03, -1.81018007e-02,
        1.00407909e-02,  3.66987955e-04, -7.69223509e-02, -4.55340861e-03]), array([-1.43908538e-01,  1.22229978e+00, -5.28530764e-01, -7.79032771e-02,
        1.09368325e+00,  2.44994075e+00,  1.36597363e-02, -3.64329196e-02,
        1.57724171e-02,  5.76833936e-04, -1.37522732e-01, -7.29667769e-03]), array([-1.43809118e-01,  1.22202582e+00, -5.28439763e-01, -7.79001430e-02,
        1.09275587e+00,  2.44989578e+00,  1.98840010e-02, -5.47910558e-02,
        1.82000647e-02,  6.26821488e-04, -1.85476431e-01, -8.99452200e-03]), array([-1.43680317e-01,  1.22166069e+00, -5.28349241e-01, -7.78975438e-02,
        1.09163775e+00,  2.44984538e+00,  2.57601852e-02, -7.30261962e-02,
        1.81044320e-02,  5.19845500e-04, -2.23624055e-01, -1.00796794e-02]), array([-1.43523708e-01,  1.22120555e+00, -5.28268778e-01, -7.78962234e-02,
        1.09036694e+00,  2.44979138e+00,  3.13218252e-02, -9.10278303e-02,
        1.60926241e-02,  2.64079601e-04, -2.54162077e-01, -1.07992622e-02]), array([-1.43340720e-01,  1.22066198e+00, -5.28205592e-01, -7.78968651e-02,
        1.08897300e+00,  2.44973490e+00,  3.65974423e-02, -1.08715329e-01,
        1.26372981e-02, -1.28333320e-04, -2.78789331e-01, -1.12960160e-02]), array([-1.43132663e-01,  1.22003182e+00, -5.28165057e-01, -7.79000788e-02,
        1.08747890e+00,  2.44967663e+00,  4.16114522e-02, -1.26030669e-01,
        8.10685513e-03, -6.42739969e-04, -2.98819805e-01, -1.16535860e-02]), array([-1.42900739e-01,  1.21931716e+00, -5.28151113e-01, -7.79063949e-02,
        1.08590255e+00,  2.44961703e+00,  4.63848684e-02, -1.42932908e-01,
        2.78877854e-03, -1.26323715e-03, -3.15269583e-01, -1.19218427e-02]), array([-1.42646060e-01,  1.21852019e+00, -5.28166575e-01, -7.79162631e-02,
        1.08425793e+00,  2.44955637e+00,  5.09358539e-02, -1.59393980e-01,
       -3.09229901e-03, -1.97362619e-03, -3.28923957e-01, -1.21311332e-02]), array([-0.14236966,  1.21764321, -0.52821338, -0.07793005,  1.08255598,
        2.44949487,  0.05528016, -0.17539549, -0.0093606 , -0.00275807,
       -0.34038931, -0.01230036]), array([-0.1420725 ,  1.21668858, -0.52829277, -0.07794806,  1.08080532,
        2.44943266,  0.05943149, -0.19092626, -0.01587834, -0.00360152,
       -0.35013334, -0.01244159]), array([-0.14175549,  1.21565868, -0.52840546, -0.07797051,  1.07901273,
        2.44936985,  0.06340179, -0.2059805 , -0.02253736, -0.00448998,
       -0.35851623, -0.01256276]), array([-0.14141948,  1.2145559 , -0.52855172, -0.07799756,  1.07718366,
        2.4493065 ,  0.06720149, -0.22055632, -0.02925255, -0.0054106 ,
       -0.36581492, -0.01266917]), array([-0.14106529,  1.21338262, -0.5287315 , -0.07802932,  1.07532245,
        2.44924268,  0.07083976, -0.23465474, -0.03595683, -0.00635184,
       -0.37224191, -0.0127645 ]), array([-0.14069366,  1.21214123, -0.52894449, -0.07806584,  1.07343265,
        2.44917842,  0.07432463, -0.24827879, -0.0425972 , -0.00730335,
       -0.37795986, -0.01285134]), array([-0.14030535,  1.21083406, -0.52919015, -0.07810712,  1.07151719,
        2.44911376,  0.07766321, -0.26143294, -0.04913167, -0.00825605,
       -0.38309291, -0.01293152]), array([-0.13990104,  1.20946345, -0.52946778, -0.07815313,  1.06957851,
        2.44904873,  0.0808618 , -0.2741226 , -0.05552691, -0.00920195,
       -0.38773542, -0.0130064 ]), array([-0.13948141,  1.20803168, -0.52977656, -0.0782038 ,  1.06761872,
        2.44898335,  0.08392598, -0.28635378, -0.06175634, -0.01013415,
       -0.3919588 , -0.01307697]), array([-0.1390471 ,  1.20654102, -0.53011556, -0.07825903,  1.06563963,
        2.44891763,  0.08686078, -0.29813285, -0.06779871, -0.0110467 ,
       -0.39581669, -0.01314398]), array([-0.13859875,  1.20499369, -0.53048374, -0.07831871,  1.06364289,
        2.44885159,  0.08967066, -0.3094663 , -0.07363696, -0.0119345 ,
       -0.39934907, -0.01320802]), array([-0.13813683,  1.20339184, -0.53088019, -0.07838315,  1.06162929,
        2.44878532,  0.09238422, -0.32036824, -0.07928908, -0.01288768,
       -0.40271917, -0.01325393]), array([-0.13766191,  1.20173764, -0.53130377, -0.07845215,  1.05960028,
        2.44871879,  0.09498411, -0.3308415 , -0.08471744, -0.01380018,
       -0.40580303, -0.0133048 ]), array([-0.13717454,  1.20003318, -0.53175334, -0.0785255 ,  1.05755718,
        2.44865201,  0.09747343, -0.34089204, -0.08991222, -0.01467106,
       -0.40861923, -0.01335747]), array([-0.13667527,  1.19828055, -0.53222766, -0.078603  ,  1.05550128,
        2.44858495,  0.099855  , -0.35052569, -0.09486544, -0.01549932,
       -0.41118073, -0.01341036]), array([-0.13616461,  1.19648181, -0.53272552, -0.07868442,  1.05343379,
        2.44851764,  0.10213147, -0.35974805, -0.09957057, -0.01628406,
       -0.41349625, -0.01346269]), array([-0.13564308,  1.19463899, -0.53324563, -0.07876954,  1.05135594,
        2.44845007,  0.10430524, -0.36856452, -0.10402227, -0.01702442,
       -0.41557126, -0.01351412]), array([-0.13511119,  1.19275408, -0.53378671, -0.07885814,  1.04926889,
        2.44838225,  0.10637856, -0.37698024, -0.10821608, -0.01771963,
       -0.41740884, -0.01356456]), array([-0.13456942,  1.19082908, -0.53434745, -0.07894998,  1.04717384,
        2.44831418,  0.10835349, -0.38500012, -0.11214835, -0.018369  ,
       -0.41901025, -0.01361402]), array([-0.13401826,  1.18886594, -0.53492653, -0.07904484,  1.04507197,
        2.44824586,  0.11023197, -0.39262881, -0.11581604, -0.01897195,
       -0.42037545, -0.01366258]), array([-0.13345818,  1.18686659, -0.53552261, -0.07914248,  1.04296445,
        2.44817731,  0.11201577, -0.39987073, -0.11921661, -0.01952796,
       -0.42150345, -0.01371033]), array([-0.13288965,  1.18483294, -0.53613435, -0.07924267,  1.04085248,
        2.44810853,  0.11370657, -0.40673007, -0.12234798, -0.02003659,
       -0.42239266, -0.01375738]), array([-0.13231312,  1.18276688, -0.53676039, -0.07934515,  1.03873728,
        2.44803951,  0.1153059 , -0.41321079, -0.12520844, -0.02049749,
       -0.42304105, -0.01380383]), array([-0.13172905,  1.1806703 , -0.53739938, -0.07944971,  1.03662005,
        2.44797026,  0.11681521, -0.41931667, -0.12779663, -0.02091038,
       -0.42344642, -0.01384978]), array([-0.13113787,  1.17854504, -0.53804994, -0.07955608,  1.03450202,
        2.44790078,  0.11823588, -0.42505131, -0.13011145, -0.02127502,
       -0.42360646, -0.01389533]), array([-0.13054002,  1.17639295, -0.5387107 , -0.07966404,  1.03238442,
        2.44783108,  0.11956918, -0.43041812, -0.13215212, -0.02159125,
       -0.42351892, -0.01394056]), array([-0.12993594,  1.17421585, -0.53938029, -0.07977333,  1.03026851,
        2.44776115,  0.1208163 , -0.43542039, -0.13391808, -0.02185898,
       -0.4231817 , -0.01398554]), array([-0.12932605,  1.17201554, -0.54005733, -0.07988372,  1.02815555,
        2.447691  ,  0.1219784 , -0.44006128, -0.13540905, -0.02207816,
       -0.42259291, -0.01403035]), array([-0.12871076,  1.16979382, -0.54074046, -0.07999497,  1.02604679,
        2.44762062,  0.12305656, -0.44434383, -0.13662498, -0.02224879,
       -0.42175094, -0.01407503]), array([-0.12809051,  1.16755247, -0.54142829, -0.08010682,  1.02394352,
        2.44755002,  0.12405181, -0.44827101, -0.13756604, -0.02237096,
       -0.42065449, -0.01411965]), array([-0.12746568,  1.16529324, -0.54211945, -0.08021904,  1.02184701,
        2.4474792 ,  0.12496514, -0.4518457 , -0.13823266, -0.02244477,
       -0.41930265, -0.01416424]), array([-0.12683617,  1.16301783, -0.54281284, -0.08033328,  1.01975736,
        2.44740843,  0.1259028 , -0.45508123, -0.13867888, -0.0228465 ,
       -0.41793018, -0.0141542 ]), array([-0.12620232,  1.16072795, -0.54350714, -0.08044903,  1.01767604,
        2.44733757,  0.12677   , -0.45797651, -0.13885816, -0.02315048,
       -0.41626408, -0.01417263]), array([-0.12556449,  1.15842528, -0.54420098, -0.08056586,  1.01560447,
        2.44726654,  0.12756595, -0.46053336, -0.13876982, -0.02336678,
       -0.41431343, -0.01420593]), array([-0.12492304,  1.15611152, -0.54489305, -0.08068338,  1.01354404,
        2.44719531,  0.12829012, -0.46275382, -0.13841391, -0.02350346,
       -0.41208568, -0.01424675]), array([-0.12427832,  1.15378831, -0.54558201, -0.08080122,  1.0114961 ,
        2.44712385,  0.12894225, -0.46464006, -0.13779107, -0.02356704,
       -0.40958721, -0.01429121]), array([-0.12363071,  1.15145734, -0.54626652, -0.08091903,  1.00946199,
        2.44705216,  0.12952224, -0.46619441, -0.13690249, -0.02356284,
       -0.40682366, -0.01433725]), array([-0.12298056,  1.14912025, -0.54694527, -0.08103651,  1.00744298,
        2.44698024,  0.13003019, -0.46741936, -0.1357498 , -0.02349526,
       -0.40380026, -0.01438383]), array([-0.12232823,  1.14677866, -0.54761695, -0.08115335,  1.00544037,
        2.44690809,  0.13046629, -0.46831752, -0.13433507, -0.02336797,
       -0.40052203, -0.01443041]), array([-0.12167408,  1.1444342 , -0.54828025, -0.08126927,  1.0034554 ,
        2.44683571,  0.13083085, -0.46889169, -0.13266073, -0.02318406,
       -0.39699398, -0.01447676]), array([-0.12101845,  1.14208848, -0.5489339 , -0.081384  ,  1.0014893 ,
        2.4467631 ,  0.1311243 , -0.46914477, -0.13072961, -0.02294616,
       -0.39322121, -0.01452275]), array([-0.12036172,  1.13974308, -0.54957662, -0.08149728,  0.99954325,
        2.44669025,  0.13134713, -0.46907988, -0.12854487, -0.02265659,
       -0.38920902, -0.01456833]), array([-0.11970422,  1.13739958, -0.55020717, -0.08160887,  0.99761844,
        2.44661719,  0.1314999 , -0.46870026, -0.12610998, -0.02231735,
       -0.38496298, -0.01461349]), array([-0.1190463 ,  1.13505953, -0.55082432, -0.08171852,  0.99571599,
        2.4465439 ,  0.13158326, -0.46800934, -0.12342878, -0.02193025,
       -0.38048896, -0.01465819]), array([-0.11838831,  1.13272448, -0.55142684, -0.081826  ,  0.99383703,
        2.44647038,  0.1315979 , -0.46701076, -0.12050539, -0.02149695,
       -0.37579322, -0.01470241]), array([-0.11773059,  1.13039593, -0.55201356, -0.0819311 ,  0.99198262,
        2.44639665,  0.13154458, -0.4657083 , -0.11734425, -0.02101897,
       -0.37088235, -0.01474612]), array([-0.11707347,  1.1280754 , -0.55258331, -0.08203359,  0.9901538 ,
        2.44632271,  0.13142413, -0.46410599, -0.11395013, -0.02049776,
       -0.36576336, -0.01478927]), array([-0.11641728,  1.12576436, -0.55313495, -0.08213326,  0.98835158,
        2.44624855,  0.13123742, -0.46220805, -0.11032806, -0.01993469,
       -0.36044365, -0.01483181]), array([-0.11576236,  1.12346427, -0.55366737, -0.08222992,  0.98657693,
        2.44617418,  0.13098538, -0.46001889, -0.10648341, -0.01933111,
       -0.35493103, -0.01487368]), array([-0.11510901,  1.12117655, -0.55417948, -0.08232336,  0.98483076,
        2.4460996 ,  0.13066899, -0.45754319, -0.10242182, -0.01868833,
       -0.34923366, -0.01491479]), array([-0.11445756,  1.11890262, -0.55467023, -0.0824134 ,  0.98311396,
        2.44602483,  0.13028929, -0.45478581, -0.09814922, -0.01800767,
       -0.34336012, -0.01495509]), array([-0.11381021,  1.11664421, -0.55513686, -0.08249339,  0.98143565,
        2.44594872,  0.12947054, -0.45168328, -0.09332659, -0.01599841,
       -0.3356608 , -0.0152219 ]), array([-0.11316737,  1.11440287, -0.55557823, -0.08256417,  0.97979505,
        2.44587189,  0.12856762, -0.44826754, -0.08827474, -0.01415545,
       -0.32812049, -0.01536571]), array([-0.11252943,  1.11218011, -0.5559933 , -0.08262637,  0.97819166,
        2.44579467,  0.127588  , -0.44455205, -0.08301401, -0.01244074,
       -0.32067852, -0.01544498]), array([-0.11189674,  1.10997736, -0.55638111, -0.08268049,  0.9766252 ,
        2.44571721,  0.12653798, -0.44054908, -0.07756142, -0.01082481,
       -0.31329093, -0.01549104]), array([-0.11126963,  1.10779601, -0.55674077, -0.08272692,  0.97509557,
        2.44563961,  0.12542304, -0.43627003, -0.07193152, -0.00928465,
       -0.30592666, -0.01552046]), array([-0.11064839,  1.10563739, -0.55707145, -0.08276593,  0.97360275,
        2.4455619 ,  0.12424791, -0.43172567, -0.06613705, -0.00780233,
       -0.2985645 , -0.01554185]), array([-0.11003331,  1.10350275, -0.5573724 , -0.08279775,  0.97214679,
        2.4454841 ,  0.12301682, -0.42692628, -0.0601895 , -0.00636384,
       -0.29119085, -0.01555952]), array([-0.10942464,  1.10139335, -0.5576429 , -0.08282254,  0.9707278 ,
        2.44540622,  0.12173354, -0.4218818 , -0.05409945, -0.0049583 ,
       -0.28379793, -0.01557547]), array([-0.10882263,  1.09931034, -0.55788228, -0.08284043,  0.96934589,
        2.44532827,  0.12040152, -0.41660195, -0.04787683, -0.0035773 ,
       -0.27638247, -0.01559055]), array([-1.08227510e-01,  1.09725485e+00, -5.58089939e-01, -8.28514972e-02,
        9.68001168e-01,  2.44525025e+00,  1.19023932e-01, -4.11096292e-01,
       -4.15311747e-02, -2.21440844e-03, -2.68944655e-01, -1.56049637e-02]), array([-1.07639492e-01,  1.09522798e+00, -5.58265297e-01, -8.28558212e-02,
        9.66693731e-01,  2.44517215e+00,  1.17603746e-01, -4.05374304e-01,
       -3.50717557e-02, -8.64796178e-04, -2.61487295e-01, -1.56186489e-02]), array([-1.07058773e-01,  1.09323076e+00, -5.58407836e-01, -8.28534456e-02,
        9.65423655e-01,  2.44509400e+00,  1.16143763e-01, -3.99445434e-01,
       -2.85076773e-02,  4.75109488e-04, -2.54015230e-01, -1.56314055e-02]), array([-1.06485539e-01,  1.09126416e+00, -5.58517076e-01, -8.28444064e-02,
        9.64190981e-01,  2.44501578e+00,  1.14646657e-01, -3.93319129e-01,
       -2.18479676e-02,  1.80785456e-03, -2.46534819e-01, -1.56429919e-02]), array([-0.10591996,  1.08932914, -0.55859258, -0.08282873,  0.96299571,
        2.44493752,  0.113115  , -0.38700486, -0.01510163,  0.00313516,
       -0.23905356, -0.01565317]), array([-0.10536221,  1.08742657, -0.55863397, -0.08280644,  0.96183781,
        2.44485921,  0.11155128, -0.38051215, -0.00827765,  0.00445811,
       -0.2315798 , -0.0156617 ]), array([-1.04812418e-01,  1.08555732e+00, -5.58640897e-01, -8.27775539e-02,
        9.60717202e-01,  2.44478087e+00,  1.09957939e-01, -3.73850578e-01,
       -1.38507963e-03,  5.77721684e-03, -2.24122474e-01, -1.56684009e-02]), array([-0.10427073,  1.08372217, -0.55861306, -0.08274209,  0.95963375,
        2.4447025 ,  0.10833735, -0.36702977,  0.00556704,  0.00709262,
       -0.21669093, -0.01567309]), array([-0.10373727,  1.08192188, -0.55855021, -0.08270007,  0.95858727,
        2.44462412,  0.10669184, -0.36005945,  0.01256963,  0.00840409,
       -0.20929476, -0.01567563]), array([-0.10321215,  1.08015713, -0.55845215, -0.08265151,  0.95757755,
        2.44454574,  0.10502374, -0.35294937,  0.01961357,  0.00971114,
       -0.2019437 , -0.0156759 ]), array([-0.10269548,  1.07842858, -0.5583187 , -0.08259645,  0.95660432,
        2.44446737,  0.1033353 , -0.34570936,  0.02668975,  0.01101309,
       -0.19464751, -0.0156738 ]), array([-0.10218723,  1.07673677, -0.55815006, -0.08253527,  0.95566581,
        2.44438913,  0.10164998, -0.33836276,  0.03372839,  0.01223591,
       -0.18770226, -0.01564912]), array([-0.10168748,  1.0750822 , -0.55794617, -0.08246795,  0.95476194,
        2.44431096,  0.09994946, -0.33091305,  0.04077646,  0.01346489,
       -0.18077301, -0.01563276]), array([-0.1011963 ,  1.07346536, -0.55770704, -0.08239446,  0.95389253,
        2.44423287,  0.09823565, -0.32336876,  0.04782729,  0.01469624,
       -0.17388191, -0.0156195 ]), array([-0.10071375,  1.07188667, -0.55743267, -0.08231483,  0.95305729,
        2.44415483,  0.09651049, -0.31573869,  0.05487361,  0.01592671,
       -0.16704795, -0.01560653]), array([-0.10023987,  1.07034651, -0.55712313, -0.08222906,  0.95225585,
        2.44407687,  0.09477593, -0.30803185,  0.06190772,  0.01715353,
       -0.16028755, -0.01559236]), array([-0.0997747 ,  1.06884522, -0.55677852, -0.08213719,  0.95148778,
        2.44399899,  0.09303394, -0.30025744,  0.06892166,  0.01837423,
       -0.1536151 , -0.01557622]), array([-0.09931827,  1.0673831 , -0.55639899, -0.08203926,  0.95075256,
        2.4439212 ,  0.0912865 , -0.29242475,  0.07590732,  0.01958661,
       -0.14704334, -0.01555772]), array([-0.09887059,  1.06596038, -0.5559847 , -0.08193532,  0.95004964,
        2.44384352,  0.08953554, -0.28454316,  0.0828565 ,  0.02078869,
       -0.1405836 , -0.01553671]), array([-0.09843167,  1.06457727, -0.5555359 , -0.08182542,  0.94937841,
        2.44376595,  0.08778303, -0.27662207,  0.08976101,  0.02197864,
       -0.13424606, -0.01551312]), array([-0.09800152,  1.06323391, -0.55505283, -0.08170965,  0.94873821,
        2.44368852,  0.08603087, -0.2686709 ,  0.09661272,  0.02315482,
       -0.12803988, -0.01548698]), array([-0.09758012,  1.06193042, -0.55453582, -0.08158807,  0.94812835,
        2.44361123,  0.08428095, -0.26069905,  0.10340359,  0.02431569,
       -0.12197334, -0.01545832]), array([-0.09716744,  1.06066684, -0.55398519, -0.08146077,  0.94754808,
        2.44353409,  0.08253512, -0.25271586,  0.11012574,  0.02545982,
       -0.11605396, -0.01542722]), array([-0.09676346,  1.05944319, -0.55340133, -0.08132784,  0.94699664,
        2.44345712,  0.08079521, -0.2447306 ,  0.11677146,  0.0265859 ,
       -0.11028851, -0.01539374]), array([-0.09636815,  1.05825943, -0.55278466, -0.08118938,  0.94647322,
        2.44338033,  0.07906298, -0.23675245,  0.12333325,  0.02769271,
       -0.10468314, -0.01535797]), array([-0.09598145,  1.05711547, -0.55213564, -0.08104548,  0.945977  ,
        2.44330373,  0.07734017, -0.22879047,  0.12980382,  0.02877909,
       -0.09924335, -0.01532   ]), array([-0.09560331,  1.0560112 , -0.55145476, -0.08089626,  0.94550713,
        2.44322733,  0.07562843, -0.2208536 ,  0.13617615,  0.029844  ,
       -0.09397407, -0.01527993]), array([-0.09523366,  1.05494645, -0.55074255, -0.08074183,  0.94506273,
        2.44315114,  0.07392941, -0.2129506 ,  0.14244346,  0.03088645,
       -0.0888797 , -0.01523785]), array([-0.09487244,  1.053921  , -0.54999955, -0.0805823 ,  0.94464291,
        2.44307517,  0.07224467, -0.20509009,  0.14859926,  0.03190554,
       -0.08396408, -0.01519387]), array([-0.09451956,  1.0529346 , -0.54922636, -0.0804178 ,  0.94424676,
        2.44299943,  0.0705757 , -0.19728048,  0.15463734,  0.03290044,
       -0.07923054, -0.01514809]), array([-0.09417494,  1.05198695, -0.5484236 , -0.08024845,  0.94387335,
        2.44292393,  0.06892397, -0.18953   ,  0.1605518 ,  0.03387037,
       -0.07468192, -0.01510062]), array([-0.09383848,  1.05107772, -0.54759192, -0.08007437,  0.94352175,
        2.44284867,  0.06729086, -0.18184665,  0.16633704,  0.03481466,
       -0.07032058, -0.01505156]), array([-0.09351009,  1.05020652, -0.54673198, -0.07989571,  0.94319101,
        2.44277367,  0.06567768, -0.17423821,  0.17198778,  0.03573266,
       -0.06614842, -0.01500104]), array([-0.09318967,  1.04937296, -0.54584449, -0.07971259,  0.94288017,
        2.44269892,  0.06408569, -0.16671222,  0.17749907,  0.03662382,
       -0.06216686, -0.01494916]), array([-0.09287709,  1.04857658, -0.54493015, -0.07952515,  0.94258829,
        2.44262444,  0.06251608, -0.15927597,  0.18286626,  0.03748764,
       -0.05837691, -0.01489604]), array([-0.09257224,  1.0478169 , -0.54398973, -0.07933354,  0.94231439,
        2.44255023,  0.06096998, -0.1519365 ,  0.18808506,  0.03832369,
       -0.05477915, -0.01484179]), array([-0.09227499,  1.0470934 , -0.54302397, -0.07913788,  0.94205752,
        2.4424763 ,  0.05944842, -0.14470054,  0.1931515 ,  0.0391316 ,
       -0.05137373, -0.01478654]), array([-0.09198523,  1.04640553, -0.54203366, -0.07893832,  0.94181672,
        2.44240265,  0.0579524 , -0.13757459,  0.19806195,  0.03991106,
       -0.04816041, -0.0147304 ]), array([-0.09170282,  1.0457527 , -0.5410196 , -0.07873501,  0.94159103,
        2.44232928,  0.05648282, -0.13056484,  0.20281311,  0.04066181,
       -0.04513859, -0.01467348]), array([-0.09142761,  1.04513432, -0.53998259, -0.07852809,  0.94137949,
        2.4422562 ,  0.05504055, -0.12367718,  0.20740203,  0.04138368,
       -0.04230728, -0.01461591]), array([-0.09115948,  1.04454973, -0.53892346, -0.07831771,  0.94118117,
        2.44218341,  0.05362635, -0.1169172 ,  0.21182606,  0.04207652,
       -0.03966515, -0.01455779]), array([-0.09089828,  1.04399828, -0.53784304, -0.07810401,  0.94099511,
        2.44211092,  0.05224093, -0.11029022,  0.21608292,  0.04274025,
       -0.03721053, -0.01449925]), array([-0.09064385,  1.04347927, -0.53674219, -0.07788714,  0.94082041,
        2.44203871,  0.05088493, -0.10380121,  0.22017063,  0.04337485,
       -0.03494143, -0.01444039]), array([-0.09039606,  1.042992  , -0.53562175, -0.07766723,  0.94065613,
        2.44196681,  0.04955894, -0.09745484,  0.22408757,  0.04398035,
       -0.03285557, -0.01438133]), array([-0.09015474,  1.04253572, -0.53448259, -0.07744445,  0.94050138,
        2.4418952 ,  0.04826346, -0.09125548,  0.22783239,  0.04455682,
       -0.03095038, -0.01432217]), array([-0.08991975,  1.04210968, -0.53332557, -0.07721893,  0.94035526,
        2.44182388,  0.04699893, -0.08520717,  0.2314041 ,  0.0451044 ,
       -0.02922302, -0.01426303]), array([-0.08969092,  1.04171312, -0.53215156, -0.07699081,  0.94021691,
        2.44175286,  0.04576574, -0.07931364,  0.234802  ,  0.04562325,
       -0.0276704 , -0.01420399]), array([-0.0894681 ,  1.04134523, -0.53096143, -0.07676024,  0.94008546,
        2.44168213,  0.04456421, -0.07357831,  0.23802569,  0.0461136 ,
       -0.02628922, -0.01414517]), array([-0.08925112,  1.0410052 , -0.52975605, -0.07652737,  0.93996008,
        2.4416117 ,  0.0433946 , -0.06800427,  0.24107506,  0.0465757 ,
       -0.02507593, -0.01408665]), array([-0.08903984,  1.04069223, -0.5285363 , -0.07629232,  0.93983995,
        2.44154156,  0.04225711, -0.0625943 ,  0.24395031,  0.04700985,
       -0.0240268 , -0.01402853]), array([-0.08883408,  1.04040548, -0.52730304, -0.07605523,  0.93972426,
        2.4414717 ,  0.04115187, -0.05735089,  0.24665189,  0.04741641,
       -0.02313794, -0.01397091]), array([-0.08863368,  1.0401441 , -0.52605714, -0.07581626,  0.93961223,
        2.44140213,  0.04007899, -0.05227619,  0.24918055,  0.04779573,
       -0.02240525, -0.01391386]), array([-0.08843849,  1.03990724, -0.52479945, -0.07557551,  0.93950311,
        2.44133285,  0.03903849, -0.04737207,  0.25153726,  0.04814824,
       -0.02182454, -0.01385747]), array([-0.08824834,  1.03969404, -0.52353084, -0.07533314,  0.93939615,
        2.44126384,  0.03803036, -0.04264008,  0.25372328,  0.04847438,
       -0.02139144, -0.01380181]), array([-0.08806307,  1.03950363, -0.52225214, -0.07508927,  0.93929065,
        2.4411951 ,  0.03705453, -0.03808149,  0.25574009,  0.04877462,
       -0.02110149, -0.01374695]), array([-0.08788251,  1.03933514, -0.52096419, -0.07484402,  0.9391859 ,
        2.44112664,  0.03611089, -0.03369729,  0.2575894 ,  0.04904946,
       -0.02095015, -0.01369298]), array([-0.08770652,  1.0391877 , -0.51966782, -0.07459753,  0.93908123,
        2.44105844,  0.03519927, -0.02948815,  0.25927316,  0.04929943,
       -0.02093275, -0.01363994]), array([-0.08753492,  1.03906043, -0.51836386, -0.0743499 ,  0.93897601,
        2.4409905 ,  0.03431948, -0.02545449,  0.26079349,  0.04952508,
       -0.02104459, -0.01358791]), array([-0.08736756,  1.03895245, -0.51705309, -0.07410127,  0.9388696 ,
        2.44092282,  0.03347126, -0.02159646,  0.26215274,  0.04972699,
       -0.0212809 , -0.01353693]), array([-0.08720429,  1.03886288, -0.51573633, -0.07385174,  0.93876142,
        2.44085538,  0.03265434, -0.01791394,  0.26335344,  0.04990575,
       -0.02163687, -0.01348706]), array([-0.08704495,  1.03879084, -0.51441433, -0.07360143,  0.93865088,
        2.44078819,  0.03186839, -0.01440655,  0.26439829,  0.05006196,
       -0.02210767, -0.01343834]), array([-0.08688938,  1.03873548, -0.51308788, -0.07335045,  0.93853744,
        2.44072123,  0.03111306, -0.01107366,  0.26529015,  0.05019626,
       -0.02268845, -0.01339083]), array([-0.08673744,  1.0386959 , -0.51175772, -0.0730989 ,  0.93842057,
        2.44065451,  0.03038795, -0.00791443,  0.26603206,  0.05030928,
       -0.02337434, -0.01334455]), array([-0.08658898,  1.03867127, -0.51042459, -0.07284689,  0.93829976,
        2.44058801,  0.02969264, -0.00492776,  0.26662716,  0.05040168,
       -0.02416051, -0.01329955]), array([-8.64438475e-02,  1.03866070e+00, -5.09089194e-01, -7.25945199e-02,
        9.38174554e-01,  2.44052173e+00,  2.90266927e-02, -2.11232221e-03,
        2.67078756e-01,  5.04741045e-02, -2.50421307e-02, -1.32558437e-02]), array([-8.63018994e-02,  1.03866337e+00, -5.07752242e-01, -7.23418837e-02,
        9.38044482e-01,  2.44045567e+00,  2.83896185e-02,  5.33393614e-04,
        2.67390259e-01,  5.05272374e-02, -2.60143910e-02, -1.32134731e-02]), array([-0.08616299,  1.03867843, -0.50641442, -0.07208907,  0.93790912,
        2.4403898 ,  0.02778092,  0.00301112,  0.26756519,  0.05056175,
       -0.02707253, -0.01317246]), array([-0.08602699,  1.03870504, -0.50507638, -0.07183618,  0.93776806,
        2.44032414,  0.02720007,  0.00532279,  0.26760718,  0.05057832,
       -0.02821183, -0.01313281]), array([-0.08589376,  1.03874239, -0.50373878, -0.0715833 ,  0.93762092,
        2.44025867,  0.02664652,  0.00747049,  0.26751992,  0.05057764,
       -0.02942763, -0.01309456]), array([-0.08576316,  1.03878968, -0.50240224, -0.07133049,  0.93746735,
        2.44019338,  0.02611972,  0.00945653,  0.26730722,  0.05056039,
       -0.03071533, -0.01305771]), array([-0.08563507,  1.03884609, -0.50106738, -0.07107786,  0.93730699,
        2.44012827,  0.02561906,  0.01128333,  0.26697292,  0.05052725,
       -0.03207039, -0.01302227]), array([-0.08495306,  1.04086435, -0.49838725, -0.06704942,  0.9369245 ,
        2.42929326,  0.13640224,  0.40365246,  0.53602548,  0.80568713,
       -0.07649904, -2.16700088]), array([-0.08478036,  1.03949133, -0.49542187, -0.0668421 ,  0.94172226,
        2.42955916,  0.03453983, -0.2746049 ,  0.59307609,  0.04146516,
        0.95955184,  0.05317959]), array([-0.08404762,  1.03376368, -0.48858919, -0.06307137,  0.94994676,
        2.43976602,  0.14654782, -1.14552946,  1.3665362 ,  0.75414481,
        1.64490037,  2.04137152]), array([-0.08373114,  1.03080751, -0.48333802, -0.06278703,  0.95655968,
        2.4578845 ,  0.0632952 , -0.59123423,  1.05023349,  0.05686835,
        1.32258437,  3.6236954 ]), array([-0.0834804 ,  1.02883167, -0.47902826, -0.06330669,  0.96191497,
        2.47734281,  0.05014911, -0.39516749,  0.86195192, -0.10393296,
        1.07105705,  3.8916624 ]), array([-0.0825375 ,  1.03100334, -0.47851754, -0.0598795 ,  0.96411388,
        2.48534518,  0.18857908,  0.43433317,  0.10214543,  0.68543844,
        0.43978329,  1.60047367]), array([-0.08101088,  1.0298271 , -0.47631284, -0.05232931,  0.96783354,
        2.48259115,  0.30532342, -0.23524835,  0.44093864,  1.5100381 ,
        0.74393094, -0.55080452]), array([-0.07902006,  1.03144471, -0.47504342, -0.04197699,  0.97073064,
        2.48969545,  0.3981646 ,  0.3235224 ,  0.25388546,  2.070465  ,
        0.5794212 ,  1.42085942]), array([-0.07754284,  1.02987468, -0.47219054, -0.03574897,  0.97445733,
        2.50721025,  0.29544389, -0.31400552,  0.57057481,  1.24560253,
        0.7453372 ,  3.5029598 ]), array([-0.07659319,  1.0313841 , -0.47067878, -0.03315429,  0.9771459 ,
        2.51397621,  0.18993123,  0.30188414,  0.30235298,  0.51893735,
        0.53771331,  1.35319166]), array([-0.07610018,  1.03684307, -0.47240019, -0.03470059,  0.97630263,
        2.53091848,  0.09860072,  1.09179291, -0.34428345, -0.30925989,
       -0.16865359,  3.38845369]), array([-0.07545271,  1.04289955, -0.47457428, -0.03551218,  0.97461017,
        2.54910954,  0.12949521,  1.21129552, -0.43481755, -0.16231912,
       -0.33849084,  3.63821227]), array([-0.07408928,  1.04499096, -0.47379296, -0.03198101,  0.97537674,
        2.55608597,  0.27268607,  0.41828327,  0.15626486,  0.70623545,
        0.1533127 ,  1.39528737]), array([-0.0721738 ,  1.04296116, -0.46972686, -0.02508003,  0.97902854,
        2.57274453,  0.38309462, -0.4059593 ,  0.81322024,  1.38019456,
        0.73035959,  3.33171178]), array([-0.06967665,  1.03670017, -0.46192145, -0.01423185,  0.98619606,
        2.57824501,  0.49943035, -1.25219877,  1.56108123,  2.1696369 ,
        1.43350473,  1.10009431]), array([-6.66770520e-02,  1.02615430e+00, -4.50008466e-01,  2.95663545e-04,
        9.96999027e-01,  2.57305261e+00,  5.99919830e-01, -2.10917474e+00,
        2.38259694e+00,  2.90550228e+00,  2.16059355e+00, -1.03847994e+00]), array([-0.06324552,  1.01163521, -0.43451673,  0.01756759,  1.01077765,
        2.5780748 ,  0.68630591, -2.90381747,  3.09834789,  3.45438481,
        2.75572383,  1.00443943]), array([-0.05949089,  1.00012144, -0.42086301,  0.03667683,  1.02297925,
        2.59077467,  0.75092614, -2.3027531 ,  2.73074279,  3.82184806,
        2.44032083,  2.53997439]), array([-0.05577797,  0.98984044, -0.40835451,  0.05573183,  1.03393554,
        2.60089855,  0.74258394, -2.05620058,  2.50170043,  3.81099994,
        2.19125856,  2.02477588]), array([-0.05277182,  0.9766667 , -0.3945738 ,  0.0706523 ,  1.04608828,
        2.6008691 ,  0.60122982, -2.63474815,  2.75614279,  2.98409496,
        2.43054762, -0.00589121]), array([-0.04744432,  0.96102899, -0.37899366,  0.08440652,  1.05854067,
        2.60939562,  1.06550111, -3.12754251,  3.11602806,  2.75084273,
        2.49047838,  1.70530476]), array([-0.03893788,  0.94789202, -0.36386565,  0.10334159,  1.07039577,
        2.60908551,  1.7012866 , -2.62739295,  3.02560032,  3.7870143 ,
        2.3710201 , -0.06202295]), array([-0.03022604,  0.93603504, -0.34990538,  0.12242913,  1.0809405 ,
        2.60672469,  1.74236913, -2.37139676,  2.79205472,  3.81750757,
        2.10894485, -0.47216403]), array([-0.0212655 ,  0.92337085, -0.33583248,  0.14205404,  1.09120088,
        2.60852496,  1.79210834, -2.53283747,  2.81458016,  3.92498214,
        2.05207594,  0.36005472]), array([-0.01262631,  0.90834435, -0.31928991,  0.15894391,  1.10337897,
        2.60434355,  1.72783725, -3.00530081,  3.30851376,  3.37797461,
        2.43561881, -0.83628144]), array([-0.00434687,  0.89698505, -0.30485917,  0.17180575,  1.11319336,
        2.61075009,  1.65588838, -2.27185955,  2.88614899,  2.57236869,
        1.96287857,  1.28130814]), array([ 0.00474971,  0.88234772, -0.28792033,  0.18798546,  1.12460398,
        2.60649095,  1.81931514, -2.92746637,  3.38776798,  3.23594205,
        2.28212249, -0.85182891]), array([ 0.01434591,  0.87147275, -0.27306706,  0.2070352 ,  1.13376003,
        2.61225766,  1.91924027, -2.17499392,  2.97065247,  3.80994667,
        1.83121127,  1.15334142]), array([ 0.0235657 ,  0.85723839, -0.25599866,  0.22149491,  1.14444223,
        2.62837372,  1.84395819, -2.84687151,  3.41368133,  2.89194191,
        2.13643859,  3.22321306]), array([ 0.03359208,  0.84628517, -0.23944206,  0.23986775,  1.15335873,
        2.63321445,  2.00527523, -2.19064454,  3.3113198 ,  3.67456853,
        1.78330108,  0.96814634]), array([ 0.04381614,  0.83379971, -0.22210265,  0.25948489,  1.16230018,
        2.63165695,  2.0448134 , -2.49709187,  3.4678816 ,  3.92342855,
        1.78829061, -0.31150008]), array([ 0.05389491,  0.82094579, -0.20453194,  0.27874457,  1.17131773,
        2.63218468,  2.01575274, -2.57078345,  3.51414279,  3.85193613,
        1.80350859,  0.1055455 ]), array([ 0.06354671,  0.81145783, -0.1884653 ,  0.29426357,  1.17853993,
        2.64305651,  1.93036038, -1.89759154,  3.21332694,  3.10379982,
        1.44443981,  2.1743661 ]), array([ 0.07286052,  0.79859585, -0.16989741,  0.30579312,  1.18641778,
        2.64360346,  1.86276204, -2.57239745,  3.71357849,  2.30591077,
        1.57556994,  0.10939035]), array([ 0.08213186,  0.78538172, -0.15113998,  0.31731761,  1.19425093,
        2.64612141,  1.85426785, -2.64282453,  3.75148536,  2.30489745,
        1.56663117,  0.50358971]), array([ 0.09132692,  0.77553494, -0.13400172,  0.32577356,  1.20057518,
        2.65887015,  1.83901353, -1.96935665,  3.4276518 ,  1.69118963,
        1.26485011,  2.54974687]), array([ 0.10063244,  0.76286815, -0.11457181,  0.33146494,  1.20782308,
        2.66313763,  1.86110212, -2.53335888,  3.8859823 ,  1.13827548,
        1.44957934,  0.85349592]), array([ 0.111053  ,  0.75384309, -0.09650856,  0.34178326,  1.21319228,
        2.65663206,  2.0841133 , -1.80501196,  3.61264956,  2.06366379,
        1.07384098, -1.3011127 ]), array([ 0.12173513,  0.74308955, -0.07731138,  0.35324943,  1.21858729,
        2.6563891 ,  2.13642526, -2.15070703,  3.83943772,  2.29323494,
        1.07900118, -0.04859305]), array([ 0.13237478,  0.73196046, -0.05786594,  0.36482083,  1.22382282,
        2.65405919,  2.12792965, -2.22581927,  3.88908783,  2.31427941,
        1.04710611, -0.46598088]), array([ 0.14268383,  0.72135035, -0.03932822,  0.37569134,  1.22850208,
        2.65183848,  2.06181013, -2.12202195,  3.70754378,  2.1741021 ,
        0.93585189, -0.44414326]), array([ 0.15321891,  0.71022277, -0.02009907,  0.38694471,  1.23306518,
        2.64758983,  2.10701648, -2.22551562,  3.84583043,  2.25067466,
        0.91262047, -0.84972849]), array([ 1.63422719e-01,  6.99609215e-01, -1.78718245e-03,  3.97515573e-01,
        1.23709604e+00,  2.64353068e+00,  2.04076198e+00, -2.12271058e+00,
        3.66237667e+00,  2.11417224e+00,  8.06170929e-01, -8.11831070e-01]), array([ 0.17368673,  0.6884232 ,  0.01710134,  0.40714473,  1.24128418,
        2.63761471,  2.05280112, -2.23720307,  3.77770418,  1.92583087,
        0.83762945, -1.18319283]), array([ 0.18431386,  0.67668459,  0.03651996,  0.41610148,  1.24570982,
        2.62991099,  2.12542625, -2.34772215,  3.88372483,  1.79135007,
        0.88512771, -1.54074444]), array([ 0.19461643,  0.66547832,  0.05498362,  0.42445612,  1.24959208,
        2.62253524,  2.06051461, -2.241253  ,  3.69273217,  1.67092817,
        0.77645076, -1.47515014]), array([ 0.20555512,  0.65376743,  0.07403974,  0.43358337,  1.25370159,
        2.61332705,  2.18773912, -2.34217825,  3.81122269,  1.82544963,
        0.8219024 , -1.84163731]), array([ 0.2161563 ,  0.64258533,  0.09214194,  0.44210022,  1.25727775,
        2.60451068,  2.12023594, -2.23642005,  3.62043967,  1.70336972,
        0.71523221, -1.76327445]), array([ 0.22610565,  0.63196088,  0.10913173,  0.45128078,  1.25905236,
        2.59601097,  1.98986833, -2.12489121,  3.3979596 ,  1.83611336,
        0.35492232, -1.69994152]), array([ 0.23549763,  0.62192137,  0.12518008,  0.46062335,  1.25944289,
        2.58782986,  1.8783972 , -2.00790223,  3.20966908,  1.86851264,
        0.07810509, -1.63622285]), array([ 0.24439991,  0.61243414,  0.1403943 ,  0.46990248,  1.25895478,
        2.57996118,  1.78045462, -1.89744467,  3.04284343,  1.85582744,
       -0.09762069, -1.57373556]), array([ 0.25284793,  0.60352233,  0.15487639,  0.47892787,  1.25770035,
        2.57240561,  1.68960453, -1.78236193,  2.89641869,  1.805077  ,
       -0.25088621, -1.51111552]), array([ 0.26088732,  0.59517342,  0.16869972,  0.48754378,  1.25587176,
        2.56515916,  1.60787814, -1.66978225,  2.76466658,  1.72318176,
       -0.36571816, -1.44928976]), array([ 0.26855682,  0.58737307,  0.18192429,  0.49563495,  1.25361017,
        2.55821605,  1.5338996 , -1.56007002,  2.64491287,  1.61823423,
       -0.45231863, -1.3886218 ]), array([ 0.27588944,  0.58010556,  0.19459952,  0.50311907,  1.25101857,
        2.55156912,  1.46652503, -1.45350257,  2.53504734,  1.49682458,
       -0.5183203 , -1.32938497]), array([ 0.28291344,  0.57335417,  0.20676655,  0.50994051,  1.2481715 ,
        2.5452102 ,  1.40479878, -1.35027814,  2.43340465,  1.36428738,
       -0.56941298, -1.27178463]), array([ 0.28965303,  0.56710153,  0.21845989,  0.51606507,  1.24512241,
        2.53913033,  1.34791953, -1.25052681,  2.33866898,  1.22491154,
       -0.60981901, -1.21597293]), array([ 0.2961291 ,  0.56132992,  0.22970888,  0.52147566,  1.24190914,
        2.53332004,  1.29521364, -1.15432211,  2.24979843,  1.08211818,
       -0.64265413, -1.16205904]), array([ 0.30235967,  0.55602146,  0.24053871,  0.52616871,  1.23855813,
        2.52776946,  1.24611369, -1.06169183,  2.16596554,  0.93861085,
       -0.67020117, -1.11011673]), array([ 0.30836038,  0.55115833,  0.25097126,  0.53015122,  1.23508754,
        2.5224685 ,  1.20014107, -0.97262768,  2.08651051,  0.79650175,
       -0.69411773, -1.06019036]), array([ 0.31414483,  0.54672286,  0.26102579,  0.53343831,  1.23150957,
        2.51740701,  1.15689157, -0.88709341,  2.01090472,  0.65741771,
       -0.71559341, -1.01229975]), array([ 0.31972495,  0.5426977 ,  0.2707194 ,  0.53605125,  1.22783223,
        2.51257478,  1.11602352, -0.80503169,  1.93872214,  0.52258876,
       -0.73546887, -0.96644438]), array([ 0.32511119,  0.53906585,  0.28006748,  0.53801586,  1.2240606 ,
        2.50796175,  1.07724777, -0.72636964,  1.86961705,  0.392922  ,
       -0.75432584, -0.92260701]), array([ 0.33031279,  0.53581073,  0.28908402,  0.53936118,  1.22019783,
        2.50355796,  1.0403194 , -0.65102332,  1.80330667,  0.26906305,
       -0.77255497, -0.8807568 ]), array([ 0.33533794,  0.53291623,  0.2977818 ,  0.54011841,  1.21624579,
        2.4993537 ,  1.00503065, -0.57890132,  1.73955756,  0.15144697,
       -0.7904069 , -0.84085207]), array([ 0.34019397,  0.53036669,  0.30617268,  0.54032011,  1.21220564,
        2.49533949,  0.97120507, -0.50990758,  1.67817505,  0.04034047,
       -0.80803061, -0.80284266]), array([ 0.34488743,  0.52814697,  0.31426765,  0.5399995 ,  1.20807813,
        2.49150613,  0.93869247, -0.44394359,  1.61899494, -0.06412345,
       -0.8255021 , -0.76667201]), array([ 0.34942425,  0.52624242,  0.32207704,  0.53918991,  1.2038639 ,
        2.48784474,  0.90736479, -0.3809101 ,  1.56187709, -0.16191689,
       -0.84284575, -0.7322789 ]), array([ 0.35380981,  0.52463888,  0.32961054,  0.53792444,  1.19956365,
        2.48434674,  0.87711255, -0.32070841,  1.50670031, -0.25309366,
       -0.86005018, -0.69959892]), array([ 0.35804902,  0.52332267,  0.33687733,  0.53623559,  1.19517825,
        2.48100391,  0.84784189, -0.2632414 ,  1.45335849, -0.33777025,
       -0.87707995, -0.66856571]), array([ 0.36214638,  0.5222806 ,  0.34388612,  0.53415504,  1.19070883,
        2.47780835,  0.81947206, -0.20841419,  1.40175747, -0.41611032,
       -0.89388408, -0.63911199]), array([ 0.36610605,  0.52149993,  0.35064518,  0.53171348,  1.18615682,
        2.4747525 ,  0.79193334, -0.15613471,  1.35181266, -0.48831209,
       -0.91040234, -0.6111704 ]), array([ 0.36993188,  0.52096836,  0.35716242,  0.52894049,  1.18152397,
        2.47182913,  0.76516528, -0.10631403,  1.30344714, -0.55459832,
       -0.92656963, -0.58467412]), array([ 0.37362745,  0.52067403,  0.36344537,  0.52586445,  1.17681237,
        2.46903134,  0.73911525, -0.05886662,  1.25659025, -0.61520818,
       -0.94231921, -0.55955749]), array([ 0.37719614,  0.52060547,  0.36950125,  0.52251249,  1.17202445,
        2.46635256,  0.71373715, -0.01371047,  1.21117641, -0.67039081,
       -0.95758487, -0.53575632]), array([ 0.38064109,  0.52075164,  0.37533697,  0.51891049,  1.16716294,
        2.46378652,  0.68899042,  0.02923285,  1.16714423, -0.72040025,
       -0.97230245, -0.51320826]), array([ 0.38396529,  0.52110183,  0.38095915,  0.51508304,  1.16223088,
        2.46132725,  0.66483916,  0.07003819,  1.12443586, -0.76549148,
       -0.98641076, -0.49185302]), array([ 0.38717154,  0.52164571,  0.38637414,  0.51105345,  1.15723162,
        2.45896909,  0.6412514 ,  0.10877686,  1.08299643, -0.80591729,
       -0.99985224, -0.47163249]), array([ 0.39026254,  0.5223733 ,  0.391588  ,  0.50684382,  1.15216875,
        2.45670664,  0.61819847,  0.14551672,  1.04277367, -0.84192601,
       -1.01257327, -0.45249088]), array([ 0.39324081,  0.52327491,  0.39660659,  0.50247502,  1.14704613,
        2.45453476,  0.59565451,  0.18032229,  1.00371756, -0.87375965,
       -1.02452429, -0.43437472]), array([ 0.39610879,  0.52434118,  0.40143549,  0.49796676,  1.14186783,
        2.4524486 ,  0.57359602,  0.21325488,  0.9657801 , -0.9016527 ,
       -1.03565986, -0.41723294]), array([ 0.3988688 ,  0.52556305,  0.40608007,  0.4933376 ,  1.13663814,
        2.45044352,  0.55200148,  0.24437269,  0.92891516, -0.92583115,
       -1.04593854, -0.40101679]), array([ 0.40152305,  0.5269317 ,  0.41054546,  0.48860504,  1.13136153,
        2.44851512,  0.53085108,  0.27373104,  0.8930783 , -0.94651193,
       -1.05532279, -0.38567985]), array([ 0.40407368,  0.52843861,  0.41483659,  0.48378553,  1.12604263,
        2.44665923,  0.51012642,  0.30138242,  0.85822666, -0.96390248,
       -1.06377879, -0.37117796]), array([ 0.40652274,  0.5300755 ,  0.41895819,  0.47889453,  1.12068625,
        2.44487188,  0.48981027,  0.32737673,  0.8243189 , -0.97820061,
       -1.07127624, -0.35746913]), array([ 0.40887217,  0.5318343 ,  0.42291476,  0.47394655,  1.11529731,
        2.44314931,  0.46988646,  0.35176141,  0.79131514, -0.98959444,
       -1.07778824, -0.34451349]), array([ 0.41112387,  0.53370721,  0.42671065,  0.46895524,  1.10988086,
        2.44148795,  0.45033963,  0.37458158,  0.75917689, -0.99826246,
       -1.08329099, -0.33227322]), array([ 0.41327964,  0.53568661,  0.43034998,  0.46393337,  1.10444204,
        2.43988439,  0.43115514,  0.3958802 ,  0.72786704, -1.00437368,
       -1.08776371, -0.32071243]), array([ 0.41534124,  0.5377651 ,  0.43383673,  0.45889293,  1.0989861 ,
        2.4383354 ,  0.41231896,  0.41569823,  0.69734978, -1.00808789,
       -1.09118841, -0.30979707]), array([ 0.41731032,  0.53993548,  0.43717469,  0.45384515,  1.09351835,
        2.43683793,  0.39381754,  0.43407476,  0.66759063, -1.00955586,
       -1.09354972, -0.29949488]), array([ 0.41918851,  0.54219071,  0.44036747,  0.44880056,  1.08804417,
        2.43538905,  0.37563776,  0.45104714,  0.63855638, -1.0089197 ,
       -1.09483477, -0.28977526]), array([ 0.42097735,  0.54452397,  0.44341854,  0.44376899,  1.08256901,
        2.433986  ,  0.35776683,  0.46665115,  0.61021508, -1.00631313,
       -1.09503304, -0.28060923]), array([ 0.42267831,  0.54692857,  0.44633122,  0.43875968,  1.07709833,
        2.43262616,  0.34019227,  0.48092108,  0.58253602, -1.00186184,
       -1.09413621, -0.27196929]), array([ 0.42429282,  0.54939802,  0.44910867,  0.43378126,  1.07163764,
        2.43130701,  0.32290182,  0.49388989,  0.55548969, -0.99568385,
       -1.09213805, -0.26382937]), array([ 0.42582223,  0.55192597,  0.45175391,  0.42884181,  1.06619246,
        2.43002619,  0.30588344,  0.50558929,  0.5290478 , -0.9878898 ,
       -1.08903434, -0.25616476]), array([ 0.42726786,  0.55450622,  0.45426983,  0.4239489 ,  1.06076835,
        2.42878143,  0.28912525,  0.51604987,  0.50318319, -0.97858337,
       -1.08482274, -0.24895202]), array([ 0.42863094,  0.55713273,  0.45665918,  0.41910959,  1.05537084,
        2.42757058,  0.27261552,  0.52530121,  0.47786989, -0.96786155,
       -1.07950269, -0.24216891]), array([ 0.42991265,  0.55979958,  0.45892459,  0.41433051,  1.05000546,
        2.42639161,  0.25634267,  0.53337194,  0.453083  , -0.95581501,
       -1.07307538, -0.23579432]), array([ 0.43111413,  0.56250103,  0.46106858,  0.40961787,  1.04467774,
        2.42524257,  0.24029521,  0.54028986,  0.42879875, -0.94252841,
       -1.06554361, -0.22980823]), array([ 0.43223644,  0.56523144,  0.46309356,  0.40497747,  1.03939318,
        2.42412161,  0.22446177,  0.54608203,  0.40499441, -0.92808073,
       -1.0569118 , -0.2241916 ]), array([ 0.43328059,  0.56798532,  0.4650018 ,  0.40041474,  1.03415725,
        2.42302698,  0.20883109,  0.55077483,  0.38164828, -0.91254558,
       -1.04718584, -0.21892637]), array([ 0.43424755,  0.57075729,  0.4667955 ,  0.39593478,  1.02897539,
        2.421957  ,  0.19339203,  0.55439402,  0.35873968, -0.89599148,
       -1.0363731 , -0.21399535]), array([ 0.43513822,  0.57354211,  0.46847674,  0.39154237,  1.02385298,
        2.42091009,  0.17813354,  0.55696487,  0.33624886, -0.87848213,
       -1.02448234, -0.20938223]), array([ 0.43595344,  0.57633467,  0.47004753,  0.38724199,  1.01879536,
        2.41988473,  0.16304469,  0.55851214,  0.31415705, -0.86007674,
       -1.01152369, -0.20507148]), array([ 0.43669402,  0.57912997,  0.47150976,  0.38303784,  1.01380782,
        2.41887949,  0.14811469,  0.5590602 ,  0.29244635, -0.84083022,
       -0.99750859, -0.20104832]), array([ 0.43736068,  0.58192314,  0.47286526,  0.37893387,  1.00889557,
        2.417893  ,  0.13333286,  0.55863308,  0.27109972, -0.82079349,
       -0.98244972, -0.19729869]), array([ 0.43795412,  0.58470941,  0.47411576,  0.3749338 ,  1.00406376,
        2.41692395,  0.1186887 ,  0.55725448,  0.25010097, -0.8000137 ,
       -0.96636104, -0.19380921]), array([ 0.43847498,  0.58748415,  0.47526293,  0.37104113,  0.99931747,
        2.41597112,  0.10417184,  0.55494788,  0.2294347 , -0.77853443,
       -0.94925765, -0.19056712]), array([ 0.43892384,  0.59024283,  0.47630837,  0.36725915,  0.99466169,
        2.41503332,  0.08977209,  0.55173652,  0.20908625, -0.75639596,
       -0.93115584, -0.18756027]), array([ 0.43929697,  0.59297337,  0.47718682,  0.36363893,  0.98976029,
        2.41411737,  0.07462564,  0.54610648,  0.17569103, -0.72404473,
       -0.98027993, -0.18318816])], 'U_history': [array([ 2.45048633e-03, -9.35677489e-05, -2.04449283e-04, -1.12918264e-03,
       -6.50676601e-04,  6.30572845e-19]), array([-0.01167003,  0.0361925 , -0.02022777, -0.00184936,  0.15324271,
        0.00910682]), array([-0.02493898,  0.07300899, -0.03158238, -0.00224442,  0.27453301,
        0.01459336]), array([-0.03744407,  0.10994163, -0.03628589, -0.00231271,  0.37056331,
        0.01798904]), array([-0.04925589,  0.14668408, -0.03590464, -0.00206432,  0.44700895,
        0.02015936]), array([-0.06043198,  0.18301497, -0.03165369, -0.00152002,  0.50825997,
        0.02159852]), array([-0.07102013,  0.2187811 , -0.02447344, -0.00070815,  0.5577155 ,
        0.02259203]), array([-8.10615948e-02,  2.53884538e-01, -1.50887502e-02,  3.38932680e-04,
        5.98010322e-01,  2.33071720e-02]), array([-0.09059391,  0.2882718 , -0.00405549,  0.00158806,  0.63118913,
        0.02384369]), array([-0.099653  ,  0.32192377,  0.00820227,  0.00300757,  0.65884009,
        0.02426227]), array([-0.10827424,  0.35484633,  0.02136227,  0.00456858,  0.68219719,
        0.02460072]), array([-0.11649241,  0.38706241,  0.03518015,  0.00624549,  0.70221892,
        0.02488319]), array([-0.12434103,  0.41860595,  0.04947106,  0.00801575,  0.71964931,
        0.02512551]), array([-0.13185168,  0.44951786,  0.06409574,  0.00985966,  0.73506559,
        0.02533834]), array([-0.13905358,  0.47984353,  0.07895008,  0.01176006,  0.74891547,
        0.02552901]), array([-0.14597347,  0.50963117,  0.09395727,  0.01370211,  0.76154626,
        0.02570267]), array([-0.15263569,  0.5389308 ,  0.1090618 ,  0.01567311,  0.77322758,
        0.02586304]), array([-0.15906244,  0.56779335,  0.12422471,  0.01766237,  0.78416893,
        0.0260128 ]), array([-0.165274  ,  0.59627008,  0.13942   ,  0.01966103,  0.7945333 ,
        0.02615394]), array([-0.17128897,  0.62441202,  0.15463165,  0.02166187,  0.80444768,
        0.02628797]), array([-0.17308491,  0.64773125,  0.16672639,  0.02169817,  0.81175593,
        0.02641603]), array([-0.17844392,  0.67483459,  0.18164704,  0.02369973,  0.82104514,
        0.02650787]), array([-0.1836407 ,  0.7017436 ,  0.19657504,  0.02566476,  0.83008971,
        0.02660959]), array([-0.18869061,  0.7285057 ,  0.21151532,  0.02759618,  0.83894512,
        0.02671494]), array([-0.1936079 ,  0.75516638,  0.22647537,  0.02949655,  0.8476548 ,
        0.02682072]), array([-0.1984058 ,  0.78176903,  0.24146441,  0.03136821,  0.85625282,
        0.02692537]), array([-0.20309662,  0.8083548 ,  0.25649273,  0.03321333,  0.86476586,
        0.02702824]), array([-0.20769179,  0.83496244,  0.2715712 ,  0.03503398,  0.87321485,
        0.02712912]), array([-0.21220195,  0.86162819,  0.2867108 ,  0.03683213,  0.8816161 ,
        0.02722805]), array([-0.21663698,  0.88838565,  0.30192231,  0.03860964,  0.88998226,
        0.02732516]), array([-0.22100599,  0.91526572,  0.317216  ,  0.04036828,  0.89832301,
        0.02742066]), array([-0.22531744,  0.94229647,  0.33260137,  0.0421097 ,  0.90664557,
        0.02751475]), array([-0.22957907,  0.96950309,  0.34808702,  0.04383544,  0.91495519,
        0.02760765]), array([-0.233798  ,  0.99690783,  0.36368045,  0.04554691,  0.92325539,
        0.02769956]), array([-0.23798069,  1.02452993,  0.37938794,  0.04724538,  0.93154825,
        0.02779065]), array([-0.24213297,  1.05238558,  0.39521445,  0.04893197,  0.93983458,
        0.02788111]), array([-0.24626008,  1.08048789,  0.41116352,  0.05060766,  0.94811409,
        0.02797108]), array([-0.25036666,  1.10884687,  0.42723725,  0.05227326,  0.95638548,
        0.02806069]), array([-0.25445674,  1.13746943,  0.44343619,  0.05392942,  0.96464655,
        0.02815007]), array([-0.25853382,  1.16635933,  0.45975936,  0.05557662,  0.97289428,
        0.02823931]), array([-0.24590741,  1.18747772,  0.47065973,  0.04947182,  0.97731064,
        0.02832849]), array([-0.24952133,  1.21652072,  0.48705134,  0.05155277,  0.98579328,
        0.02830839]), array([-0.25315032,  1.24584225,  0.50357016,  0.0535269 ,  0.99417608,
        0.02834526]), array([-0.25679338,  1.27543271,  0.52020579,  0.05541415,  1.00247107,
        0.02841185]), array([-0.26044962,  1.30527985,  0.53694721,  0.05723015,  1.01068553,
        0.0284935 ]), array([-0.26411816,  1.33536882,  0.55378257,  0.05898716,  1.01882302,
        0.02858242]), array([-0.26779799,  1.36568212,  0.57069905,  0.06069482,  1.02688416,
        0.0286745 ]), array([-0.27148801,  1.39619969,  0.58768279,  0.06236062,  1.03486726,
        0.02876765]), array([-0.27518686,  1.42689892,  0.60471878,  0.06399038,  1.04276876,
        0.02886082]), array([-0.27889297,  1.45775474,  0.62179092,  0.0655885 ,  1.05058363,
        0.02895351]), array([-0.28260454,  1.48873974,  0.63888197,  0.06715823,  1.05830566,
        0.02904549]), array([-0.28631948,  1.5198242 ,  0.65597359,  0.06870193,  1.06592766,
        0.02913667]), array([-0.29003544,  1.55097628,  0.67304641,  0.07022114,  1.07344168,
        0.02922697]), array([-0.29374979,  1.5821621 ,  0.69008006,  0.0717168 ,  1.08083919,
        0.02931638]), array([-0.29745966,  1.61334589,  0.70705325,  0.07318931,  1.08811113,
        0.02940482]), array([-0.30116192,  1.64449016,  0.72394384,  0.07463863,  1.09524814,
        0.02949224]), array([-0.30485318,  1.67555582,  0.74072895,  0.0760644 ,  1.10224053,
        0.02957854]), array([-0.30852988,  1.70650239,  0.75738505,  0.07746591,  1.10907848,
        0.02966362]), array([-0.3121882 ,  1.73728811,  0.77388804,  0.07884226,  1.11575204,
        0.02974735]), array([-0.31582417,  1.76787018,  0.79021336,  0.08019233,  1.12225124,
        0.02982959]), array([-0.37547963,  1.85167299,  0.84328227,  0.10785608,  1.15572705,
        0.02991017]), array([-0.37938879,  1.88259224,  0.85918847,  0.10706791,  1.15906474,
        0.0304438 ]), array([-0.38317216,  1.91300873,  0.87472325,  0.10662989,  1.16279159,
        0.03073143]), array([-0.38683728,  1.94289368,  0.88988908,  0.10646159,  1.16675793,
        0.03088996]), array([-0.39038919,  1.97221503,  0.90468106,  0.10649959,  1.17084709,
        0.03098207]), array([-0.39383101,  2.00093833,  0.91908897,  0.10669336,  1.17496772,
        0.03104092]), array([-0.39716438,  2.02902751,  0.93309875,  0.10700241,  1.17904798,
        0.03108371]), array([-0.40038976,  2.05644545,  0.94669374,  0.10739412,  1.18303117,
        0.03111904]), array([-0.40350677,  2.08315453,  0.95985558,  0.10784207,  1.18687231,
        0.03115095]), array([-0.40651432,  2.1091171 ,  0.97256494,  0.10832484,  1.19053557,
        0.0311811 ]), array([-0.40941086,  2.13429583,  0.98480209,  0.10882498,  1.19399233,
        0.03120993]), array([-0.41219451,  2.15865407,  0.99654738,  0.10932828,  1.19721965,
        0.0312373 ]), array([-0.41486314,  2.18215615,  1.00778154,  0.10982315,  1.20019914,
        0.03126281]), array([-0.41741453,  2.20476764,  1.018486  ,  0.11030012,  1.20291605,
        0.03128598]), array([-0.41984641,  2.22645556,  1.0286431 ,  0.11075146,  1.20535863,
        0.03130633]), array([-0.42215653,  2.24718863,  1.03823627,  0.11117087,  1.20751759,
        0.0313234 ]), array([-0.42434273,  2.26693737,  1.04725017,  0.11155326,  1.20938569,
        0.0313368 ]), array([-0.42640298,  2.28567436,  1.05567084,  0.11189448,  1.21095747,
        0.03134619]), array([-0.42833542,  2.30337427,  1.06348574,  0.11219122,  1.212229  ,
        0.03135127]), array([-0.43013837,  2.32001409,  1.07068383,  0.11244087,  1.21319768,
        0.0313518 ]), array([-0.42891699,  2.32626801,  1.07083743,  0.11115474,  1.20905458,
        0.0313476 ]), array([-0.43047497,  2.34069103,  1.07685195,  0.11143915,  1.20995213,
        0.03129823]), array([-0.43190445,  2.35402991,  1.08224667,  0.11164741,  1.21043805,
        0.03126552]), array([-0.43320402,  2.36626777,  1.08701162,  0.11178417,  1.21053899,
        0.03123901]), array([-0.43437268,  2.37739102,  1.09113989,  0.11185315,  1.21027665,
        0.03121307]), array([-0.4354098 ,  2.38738921,  1.09462726,  0.11185738,  1.20966903,
        0.03118472]), array([-0.4363151 ,  2.39625495,  1.09747191,  0.11179946,  1.20873145,
        0.03115243]), array([-0.43708868,  2.40398382,  1.09967424,  0.11168164,  1.20747732,
        0.03111544]), array([-0.43773091,  2.4105743 ,  1.10123667,  0.11150598,  1.20591868,
        0.03107341]), array([-0.43824252,  2.41602768,  1.10216349,  0.11127437,  1.20406665,
        0.03102625]), array([-0.4386245 ,  2.42034802,  1.10246075,  0.11098863,  1.20193176,
        0.03097396]), array([-0.43887814,  2.423542  ,  1.10213614,  0.11065051,  1.19952417,
        0.03091665]), array([-0.43900501,  2.42561893,  1.10119891,  0.11026176,  1.19685386,
        0.03085444]), array([-0.43900691,  2.42659059,  1.09965974,  0.10982411,  1.19393074,
        0.03078748]), array([-0.4388859 ,  2.42647119,  1.09753072,  0.1093393 ,  1.19076477,
        0.03071594]), array([-0.43864426,  2.42527726,  1.0948252 ,  0.1088091 ,  1.18736598,
        0.03064001]), array([-0.43828451,  2.42302753,  1.09155776,  0.10823532,  1.18374454,
        0.03055986]), array([-0.43780935,  2.41974287,  1.08774409,  0.10761977,  1.17991077,
        0.03047571]), array([-0.43722166,  2.41544615,  1.08340096,  0.10696432,  1.17587511,
        0.03038775]), array([-0.43652453,  2.41016212,  1.07854609,  0.10627086,  1.1716482 ,
        0.03029618]), array([-0.43572119,  2.40391733,  1.07319811,  0.10554132,  1.16724078,
        0.03020124]), array([-0.43481502,  2.39673999,  1.06737645,  0.10477764,  1.16266373,
        0.03010313]), array([-0.43380953,  2.38865984,  1.06110128,  0.10398181,  1.15792803,
        0.03000208]), array([-0.43270836,  2.37970803,  1.05439343,  0.10315581,  1.15304474,
        0.02989832]), array([-0.43151526,  2.36991703,  1.04727429,  0.10230166,  1.14802497,
        0.02979208]), array([-0.43023407,  2.35932045,  1.03976577,  0.10142137,  1.14287986,
        0.02968359]), array([-0.42886869,  2.34795292,  1.03189016,  0.10051698,  1.13762054,
        0.02957308]), array([-0.42742312,  2.33585001,  1.02367012,  0.0995905 ,  1.13225811,
        0.0294608 ]), array([-0.4259014 ,  2.32304806,  1.01512855,  0.09864396,  1.12680363,
        0.02934696]), array([-0.42430761,  2.30958406,  1.00628854,  0.09767936,  1.12126804,
        0.02923182]), array([-0.42264586,  2.29549554,  0.99717331,  0.09669871,  1.11566221,
        0.02911559]), array([-0.42092029,  2.28082045,  0.9878061 ,  0.09570398,  1.10999685,
        0.0289985 ]), array([-0.41913505,  2.26559701,  0.97821012,  0.09469711,  1.1042825 ,
        0.02888079]), array([-0.41729426,  2.24986365,  0.96840849,  0.09368003,  1.09852952,
        0.02876267]), array([-0.41540206,  2.23365884,  0.95842419,  0.09265462,  1.09274808,
        0.02864435]), array([-0.41346254,  2.21702102,  0.94827995,  0.09162274,  1.08694809,
        0.02852605]), array([-0.41147978,  2.19998846,  0.93799823,  0.0905862 ,  1.08113925,
        0.02840798]), array([-0.40945781,  2.18259921,  0.92760117,  0.08954675,  1.07533097,
        0.02829033]), array([-0.4074006 ,  2.16489095,  0.91711051,  0.08850611,  1.06953237,
        0.0281733 ]), array([-0.40531207,  2.14690096,  0.90654755,  0.08746596,  1.06375231,
        0.02805707]), array([-0.40319608,  2.12866596,  0.89593313,  0.08642789,  1.0579993 ,
        0.02794182]), array([-0.40105641,  2.11022209,  0.88528756,  0.08539347,  1.05228157,
        0.02782772]), array([-0.39889678,  2.09160482,  0.87463058,  0.08436419,  1.04660698,
        0.02771493]), array([-0.39672079,  2.07284885,  0.86398136,  0.08334149,  1.0409831 ,
        0.02760361]), array([-0.394532  ,  2.0539881 ,  0.85335843,  0.08232674,  1.0354171 ,
        0.02749391]), array([-0.39233383,  2.0350556 ,  0.84277968,  0.08132126,  1.02991585,
        0.02738596]), array([-0.39012962,  2.01608346,  0.8322623 ,  0.0803263 ,  1.02448584,
        0.02727989]), array([-0.38792262,  1.99710282,  0.82182282,  0.07934304,  1.01913321,
        0.02717581]), array([-0.38571595,  1.97814381,  0.81147703,  0.0783726 ,  1.01386373,
        0.02707386]), array([-0.38351265,  1.9592355 ,  0.80124001,  0.07741604,  1.00868284,
        0.02697412]), array([-0.38131562,  1.94040588,  0.79112609,  0.07647434,  1.0035956 ,
        0.02687669]), array([-0.37912767,  1.92168182,  0.78114886,  0.07554843,  0.99860672,
        0.02678166]), array([-0.37695148,  1.90308908,  0.77132116,  0.07463916,  0.99372057,
        0.0266891 ]), array([-0.37478962,  1.88465224,  0.76165508,  0.07374734,  0.98894116,
        0.02659909]), array([-0.37264455,  1.86639472,  0.75216195,  0.07287369,  0.98427216,
        0.02651169]), array([-0.37051859,  1.84833877,  0.74285236,  0.07201888,  0.97971691,
        0.02642695]), array([-0.36841398,  1.83050546,  0.73373614,  0.07118352,  0.97527843,
        0.02634491]), array([-0.36633281,  1.81291469,  0.72482241,  0.07036815,  0.97095939,
        0.02626563]), array([-0.36427706,  1.79558515,  0.71611954,  0.06957326,  0.96676218,
        0.02618912]), array([-0.36224861,  1.77853438,  0.70763519,  0.06879929,  0.96268885,
        0.02611541]), array([  0.62796046,  60.        ,  28.41998784,  10.        ,
        10.        , -10.        ]), array([  0.89676865, -60.        , -13.07874985, -10.        ,
         4.08311544,  10.        ]), array([  0.61597725, -60.        ,   8.21199981,  10.        ,
         3.99527511,  10.        ]), array([ 0.18821945, 48.        ,  6.60173   , -8.        ,  3.57330563,
        8.        ]), array([ 0.34192618, 12.        , -1.75979596, -2.        , -0.62860082,
        2.        ]), array([  2.35721698,  60.        ,  -5.55334465,  10.        ,
        -1.37733328, -10.        ]), array([  1.33367402, -60.        ,  -8.26833756,  10.        ,
        -2.91529882, -10.        ]), array([-0.15934395, 60.        , 14.13299477, 10.        ,  6.84096971,
       10.        ]), array([  1.48005176, -60.        ,  -9.46223659, -10.        ,
        -3.94220239,  10.        ]), array([  0.98738966,  60.        ,  11.16245683, -10.        ,
         5.96690193, -10.        ]), array([  1.40039981,  60.        ,  -3.42225362, -10.        ,
        -1.569304  ,  10.        ]), array([ 0.52693066, 12.        , -0.73739887,  2.        , -0.21686787,
        2.        ]), array([  3.20386426, -60.        ,  -0.60000159,  10.        ,
         0.13131406, -10.        ]), array([  0.93329171, -60.        ,   3.21243305,  10.        ,
         2.03304816,  10.        ]), array([  2.05157384, -60.        ,   7.59086953,  10.        ,
         4.14150221, -10.        ]), array([  1.02663566, -60.        ,  11.2261917 ,  10.        ,
         5.34038   , -10.        ]), array([ -0.20764895, -60.        ,   8.85987417,  10.        ,
         4.14946632,  10.        ]), array([1.86914035e-03, 4.80000000e+01, 7.85454567e+00, 8.00000000e+00,
       3.89688204e+00, 8.00000000e+00]), array([-0.24730187, 12.        , -0.35234572,  2.        , -0.03336717,
       -2.        ]), array([ -0.43082268, -60.        ,  -7.06869387, -10.        ,
        -1.92274005, -10.        ]), array([ 48.        , -48.        ,   0.29184179,  -8.        ,
        -1.55985783,   8.        ]), array([48.        , 48.        , 17.15581047,  8.        ,  6.85813428,
       -8.        ]), array([ 5.60021993, 12.        ,  0.03956517,  2.        , -0.21392475,
       -2.        ]), array([  4.61426849, -24.        ,  -3.08952598,   4.        ,
        -1.34829846,   4.        ]), array([  4.00091522, -36.        ,   9.94137302,  -6.        ,
         4.78371325,  -6.        ]), array([  7.06507365,  60.        ,  10.10049568, -10.        ,
         2.74307484,  10.        ]), array([  7.67088258, -60.        ,   1.49545002,  10.        ,
         0.96415866, -10.        ]), array([ 3.15430482, 60.        ,  9.5520703 , 10.        ,  2.66369995,
       10.        ]), array([  7.32832076, -60.        ,   1.25300198, -10.        ,
         0.96563088,  10.        ]), array([  7.86101741,  60.        ,  18.80740853,  10.        ,
         4.89597896, -10.        ]), array([  2.85303492, -36.        ,  -2.14626356,   6.        ,
        -1.19339282,  -6.        ]), array([  0.80622273, -12.        ,   3.05031036,   2.        ,
         1.48223652,   2.        ]), array([  6.94023625,  60.        ,  14.28679332, -10.        ,
         3.45647377,  10.        ]), array([  8.17491678, -60.        ,   2.23203065, -10.        ,
        -0.62976422, -10.        ]), array([  1.59954607, -12.        ,   3.2284619 ,   2.        ,
         1.28331825,   2.        ]), array([ 11.41785579,  60.        ,  14.20071102, -10.        ,
         3.5969892 ,  10.        ]), array([ 12.34260534, -48.        ,   5.5337899 ,  -8.        ,
         1.44409652,  -8.        ]), array([ 12.29961449,  60.        ,  13.0255679 ,  10.        ,
         2.38414572, -10.        ]), array([  3.82091346, -36.        ,   1.1347081 ,   6.        ,
        -0.32526421,   6.        ]), array([  2.48926774, -12.        ,   3.36610946,   2.        ,
         0.87822381,  -2.        ]), array([ 0., -0.,  0., -0., -0.,  0.]), array([  6.3362556 , -12.        ,   6.        ,   2.        ,
         1.31868671,  -2.        ]), array([ 0., -0.,  0.,  0.,  0.,  0.]), array([  6.9795342 , -12.        ,   6.        ,  -2.        ,
         1.89287915,  -2.        ]), array([ 11.37397093, -12.        ,   6.        ,  -2.        ,
         1.97992076,  -2.        ]), array([ 0., -0.,  0.,  0.,  0.,  0.]), array([ 12., -12.,   6.,   2.,   2.,  -2.]), array([ 0., -0.,  0., -0., -0., -0.]), array([-7.76134137e+00, -3.21881795e+00, -3.72769843e+00,  4.86609653e+00,
       -3.59315371e+00, -1.25739999e-15]), array([-5.62264726e+00, -5.22105607e-01, -1.69380490e+00,  3.24373352e+00,
       -2.23520893e+00, -1.08690449e-15]), array([-4.07820070e+00,  1.40788058e+00, -2.10276665e-01,  2.05177552e+00,
       -1.22290869e+00, -1.44885050e-15]), array([-2.76939182e+00,  2.79300039e+00,  8.38902517e-01,  1.07093004e+00,
       -5.51723435e-01, -3.44443728e-16]), array([-1.71898330e+00,  3.84456525e+00,  1.65727058e+00,  2.81013798e-01,
       -1.56698787e-02, -1.60182986e-17]), array([-8.82108536e-01,  4.60312137e+00,  2.25685141e+00, -3.42873600e-01,
        3.73338309e-01,  1.10272347e-16]), array([-2.20102824e-01,  5.13517287e+00,  2.68794428e+00, -8.30313973e-01,
        6.51895413e-01,  4.35122233e-16]), array([ 2.99032924e-01,  5.49223925e+00,  2.98944392e+00, -1.20599423e+00,
        8.47894057e-01,  3.29822007e-16]), array([ 7.01715312e-01,  5.71442350e+00,  3.19149561e+00, -1.49045930e+00,
        9.82532277e-01,  8.42039658e-16]), array([ 1.00971013e+00,  5.83306136e+00,  3.31750695e+00, -1.70076438e+00,
        1.07187235e+00,  6.16634007e-16]), array([ 1.24092200e+00,  5.87270769e+00,  3.38567902e+00, -1.85103400e+00,
        1.12804663e+00,  1.43881290e-16]), array([ 1.41005768e+00,  5.85263951e+00,  3.41017648e+00, -1.95293800e+00,
        1.16018744e+00,  1.30349946e-15]), array([ 1.52917994e+00,  5.78800316e+00,  3.40202556e+00, -2.01609489e+00,
        1.17514229e+00,  5.57758766e-16]), array([ 1.60816855e+00,  5.69069679e+00,  3.36980575e+00, -2.04841240e+00,
        1.17802275e+00,  1.47726800e-15]), array([ 1.65510291e+00,  5.57005412e+00,  3.32018461e+00, -2.05637434e+00,
        1.17262481e+00,  1.55138122e-15]), array([ 1.67657929e+00,  5.43337789e+00,  3.25833273e+00, -2.04528161e+00,
        1.16175019e+00,  6.51473851e-16]), array([ 1.67797349e+00,  5.28635825e+00,  3.18824677e+00, -2.01945438e+00,
        1.14745137e+00,  7.37654846e-16]), array([ 1.66365806e+00,  5.13340286e+00,  3.11300167e+00, -1.98240132e+00,
        1.13121816e+00,  8.13038241e-16]), array([ 1.63718193e+00,  4.97789830e+00,  3.03494816e+00, -1.93696107e+00,
        1.11411941e+00,  1.48965479e-15]), array([ 1.60141861e+00,  4.82241809e+00,  2.95586781e+00, -1.88542024e+00,
        1.09691039e+00,  1.67502195e-15]), array([ 1.55868854e+00,  4.66888854e+00,  2.87709508e+00, -1.82961166e+00,
        1.08011396e+00,  1.49292689e-15]), array([ 1.51085989e+00,  4.51872158e+00,  2.79961347e+00, -1.77099607e+00,
        1.06408182e+00,  1.17206881e-15]), array([ 1.45943149e+00,  4.37292115e+00,  2.72413158e+00, -1.71072985e+00,
        1.04904045e+00,  4.10021096e-16]), array([ 1.40560098e+00,  4.23216871e+00,  2.65114312e+00, -1.64972119e+00,
        1.03512563e+00,  6.58247964e-16]), array([ 1.35032081e+00,  4.09689193e+00,  2.58097455e+00, -1.58867637e+00,
        1.02240814e+00,  8.21567145e-17]), array([ 1.29434401e+00,  3.96731999e+00,  2.51382276e+00, -1.52813805e+00,
        1.01091289e+00,  9.34606072e-16]), array([ 1.23826176e+00,  3.84352802e+00,  2.44978495e+00, -1.46851665e+00,
        1.00063302e+00,  8.58211830e-16]), array([ 1.18253395e+00,  3.72547285e+00,  2.38888229e+00, -1.41011623e+00,
        9.91540291e-01, -1.06110070e-17]), array([ 1.12751420e+00,  3.61302178e+00,  2.33107866e+00, -1.35315554e+00,
        9.83592676e-01,  6.52029359e-16]), array([ 1.07347015e+00,  3.50597557e+00,  2.27629550e+00, -1.29778536e+00,
        9.76739801e-01,  4.89193336e-17]), array([ 1.02059995e+00,  3.40408692e+00,  2.22442350e+00, -1.24410252e+00,
        9.70926864e-01,  4.98097473e-16]), array([ 9.69045701e-01,  3.30707519e+00,  2.17533183e+00, -1.19216133e+00,
        9.66097382e-01,  2.86855905e-16]), array([ 9.18904262e-01,  3.21463812e+00,  2.12887535e+00, -1.14198285e+00,
        9.62195082e-01,  4.44812940e-16]), array([ 8.70236035e-01,  3.12646108e+00,  2.08490030e+00, -1.09356235e+00,
        9.59165168e-01,  2.73949694e-16]), array([ 8.23072059e-01,  3.04222440e+00,  2.04324868e+00, -1.04687535e+00,
        9.56955138e-01,  4.12390622e-16]), array([ 7.77419737e-01,  2.96160902e+00,  2.00376162e+00, -1.00188243e+00,
        9.55515262e-01,  3.66668742e-16]), array([ 7.33267466e-01,  2.88430093e+00,  1.96628195e+00, -9.58533081e-01,
        9.54798840e-01, -1.37522390e-16]), array([ 6.90588371e-01,  2.80999449e+00,  1.93065617e+00, -9.16768826e-01,
        9.54762284e-01,  3.46011421e-16]), array([ 6.49343338e-01,  2.73839492e+00,  1.89673586e+00, -8.76525604e-01,
        9.55365101e-01,  4.94378458e-17]), array([ 6.09483462e-01,  2.66922017e+00,  1.86437869e+00, -8.37735717e-01,
        9.56569785e-01,  1.91800218e-16]), array([ 0.57095205,  2.60220213,  1.83344915, -0.80032933,  0.95834168,
        0.        ]), array([ 5.33686241e-01,  2.53708753e+00,  1.80381897e+00, -7.64235654e-01,
        9.60648800e-01, -4.55338287e-17]), array([ 4.97618372e-01,  2.47363836e+00,  1.77536739e+00, -7.29383835e-01,
        9.63461647e-01,  2.54450175e-16]), array([ 4.62677063e-01,  2.41163208e+00,  1.74798123e+00, -6.95703670e-01,
        9.66753013e-01,  2.80370596e-16]), array([ 4.28788160e-01,  2.35086166e+00,  1.72155488e+00, -6.63126123e-01,
        9.70497794e-01,  3.06183015e-16]), array([ 3.95875513e-01,  2.29113530e+00,  1.69599016e+00, -6.31583724e-01,
        9.74672806e-01, -9.48858160e-17]), array([ 3.63861641e-01,  2.23227618e+00,  1.67119617e+00, -6.01010855e-01,
        9.79256610e-01,  2.41481077e-16]), array([ 3.32668309e-01,  2.17412200e+00,  1.64708897e+00, -5.71343961e-01,
        9.84229349e-01,  6.14440133e-17]), array([ 3.02217021e-01,  2.11652449e+00,  1.62359136e+00, -5.42521684e-01,
        9.89572597e-01,  7.04474553e-17]), array([ 2.72429462e-01,  2.05934885e+00,  1.60063254e+00, -5.14484963e-01,
        9.95269217e-01, -7.55033578e-17]), array([ 2.43227885e-01,  2.00247318e+00,  1.57814782e+00, -4.87177078e-01,
        1.00130323e+00,  9.85497325e-18]), array([ 2.14535458e-01,  1.94578784e+00,  1.55607821e+00, -4.60543678e-01,
        1.00765971e+00,  6.58433791e-17]), array([ 1.86276577e-01,  1.88919486e+00,  1.53437018e+00, -4.34532777e-01,
        1.01432465e+00, -2.22408272e-16]), array([ 1.58377146e-01,  1.83260730e+00,  1.51297521e+00, -4.09094733e-01,
        1.02128488e+00, -6.50352913e-17]), array([ 1.30764833e-01,  1.77594862e+00,  1.49184956e+00, -3.84182218e-01,
        1.02852799e+00,  2.29608225e-16]), array([ 1.03369300e-01,  1.71915211e+00,  1.47095387e+00, -3.59750171e-01,
        1.03604220e+00,  2.18943013e-16]), array([ 7.61224108e-02,  1.66216027e+00,  1.45025287e+00, -3.35755745e-01,
        1.04381636e+00,  8.10035412e-17]), array([ 4.89584206e-02,  1.60492429e+00,  1.42971510e+00, -3.12158254e-01,
        1.05183978e+00,  9.53828451e-17]), array([ 2.18141419e-02,  1.54740343e+00,  1.40931254e+00, -2.88919103e-01,
        1.06010228e+00, -4.82427035e-17]), array([-5.37090631e-03,  1.48956458e+00,  1.38902043e+00, -2.66001729e-01,
        1.06859402e+00, -1.10400349e-16]), array([-3.26543678e-02,  1.43138171e+00,  1.36881691e+00, -2.43371525e-01,
        1.07730553e+00,  1.11903814e-17]), array([0., 0., 0., 0., 0., 0.])], 'ball_pos_history': [array([-3.38240434, -7.91070684,  1.3340509 ]), array([-3.36753236, -7.86823539,  1.32102184]), array([-3.35266039, -7.82576394,  1.30774752]), array([-3.33778842, -7.78329248,  1.29422796]), array([-3.32291644, -7.74082103,  1.28046315]), array([-3.30804447, -7.69834957,  1.26645308]), array([-3.29317249, -7.65587812,  1.25219777]), array([-3.27830052, -7.61340667,  1.2376972 ]), array([-3.26342855, -7.57093521,  1.22295139]), array([-3.24855657, -7.52846376,  1.20796032]), array([-3.2336846 , -7.48599231,  1.19272401]), array([-3.21881262, -7.44352085,  1.17724244]), array([-3.20394065, -7.4010494 ,  1.16151563]), array([-3.18906868, -7.35857794,  1.14554356]), array([-3.1741967 , -7.31610649,  1.12932625]), array([-3.15932473, -7.27363504,  1.11286368]), array([-3.14445276, -7.23116358,  1.09615587]), array([-3.12958078, -7.18869213,  1.07920281]), array([-3.11470881, -7.14622067,  1.06200449]), array([-3.09983683, -7.10374922,  1.04456093]), array([-3.08496486, -7.06127777,  1.02687211]), array([-3.07009289, -7.01880631,  1.00893805]), array([-3.05522091, -6.97633486,  0.99075873]), array([-3.04034894, -6.93386341,  0.97233417]), array([-3.02547696, -6.89139195,  0.95366435]), array([-3.01060499, -6.8489205 ,  0.93474929]), array([-2.99573302, -6.80644904,  0.91558897]), array([-2.98086104, -6.76397759,  0.89618341]), array([-2.96598907, -6.72150614,  0.87653259]), array([-2.95111709, -6.67903468,  0.85663653]), array([-2.93624512, -6.63656323,  0.83649522]), array([-2.92137315, -6.59409178,  0.81610865]), array([-2.90650117, -6.55162032,  0.79547684]), array([-2.8916292 , -6.50914887,  0.77459977]), array([-2.87675722, -6.46667741,  0.75347746]), array([-2.86188525, -6.42420596,  0.73210989]), array([-2.84701328, -6.38173451,  0.71049708]), array([-2.8321413 , -6.33926305,  0.68863901]), array([-2.81726933, -6.2967916 ,  0.6665357 ]), array([-2.80239735, -6.25432014,  0.64418713]), array([-2.78752538, -6.21184869,  0.62159332]), array([-2.77265341, -6.16937724,  0.59875425]), array([-2.75778143, -6.12690578,  0.57566994]), array([-2.74290946, -6.08443433,  0.55234038]), array([-2.72803748, -6.04196288,  0.52876556]), array([-2.71316551, -5.99949142,  0.5049455 ]), array([-2.69829354, -5.95701997,  0.48088018]), array([-2.68342156, -5.91454851,  0.45656962]), array([-2.66854959, -5.87207706,  0.4320138 ]), array([-2.65367761, -5.82960561,  0.40721274]), array([-2.63880564, -5.78713415,  0.38216642]), array([-2.62393367, -5.7446627 ,  0.35687486]), array([-2.60906169, -5.70219124,  0.33133804]), array([-2.59418972, -5.65971979,  0.30555598]), array([-2.57931775, -5.61724834,  0.27952866]), array([-2.56444577, -5.57477688,  0.2532561 ]), array([-2.5495738 , -5.53230543,  0.22673829]), array([-2.53470182, -5.48983398,  0.19997522]), array([-2.51982985, -5.44736252,  0.17296691]), array([-2.50495788, -5.40489107,  0.14571334]), array([-2.4900859 , -5.36241961,  0.11821453]), array([-2.47521393, -5.31994816,  0.09047046]), array([-2.46034195, -5.27747671,  0.06248115]), array([-2.44546998, -5.23500525,  0.03424658]), array([-2.43059801, -5.1925338 ,  0.033     ]), array([-2.41646963, -5.15218592,  0.05411461]), array([-2.40234126, -5.11183804,  0.07498397]), array([-2.38821288, -5.07149016,  0.09560808]), array([-2.3740845 , -5.03114227,  0.11598694]), array([-2.35995613, -4.99079439,  0.13612055]), array([-2.34582775, -4.95044651,  0.15600892]), array([-2.33169938, -4.91009863,  0.17565203]), array([-2.317571  , -4.86975075,  0.19504989]), array([-2.30344263, -4.82940287,  0.2142025 ]), array([-2.28931425, -4.78905499,  0.23310986]), array([-2.27518588, -4.74870711,  0.25177197]), array([-2.2610575 , -4.70835922,  0.27018883]), array([-2.24692913, -4.66801134,  0.28836044]), array([-2.23280075, -4.62766346,  0.3062868 ]), array([-2.21867238, -4.58731558,  0.32396791]), array([-2.204544  , -4.5469677 ,  0.34140378]), array([-2.19041563, -4.50661982,  0.35859439]), array([-2.17628725, -4.46627194,  0.37553975]), array([-2.16215888, -4.42592406,  0.39223986]), array([-2.1480305 , -4.38557618,  0.40869472]), array([-2.13390213, -4.34522829,  0.42490433]), array([-2.11977375, -4.30488041,  0.44086869]), array([-2.10564537, -4.26453253,  0.4565878 ]), array([-2.091517  , -4.22418465,  0.47206166]), array([-2.07738862, -4.18383677,  0.48729027]), array([-2.06326025, -4.14348889,  0.50227364]), array([-2.04913187, -4.10314101,  0.51701175]), array([-2.0350035 , -4.06279313,  0.53150461]), array([-2.02087512, -4.02244525,  0.54575222]), array([-2.00674675, -3.98209736,  0.55975458]), array([-1.99261837, -3.94174948,  0.57351169]), array([-1.97849   , -3.9014016 ,  0.58702355]), array([-1.96436162, -3.86105372,  0.60029016]), array([-1.95023325, -3.82070584,  0.61331152]), array([-1.93610487, -3.78035796,  0.62608763]), array([-1.9219765 , -3.74001008,  0.63861849]), array([-1.90784812, -3.6996622 ,  0.65090411]), array([-1.89371975, -3.65931432,  0.66294447]), array([-1.87959137, -3.61896643,  0.67473958]), array([-1.865463  , -3.57861855,  0.68628944]), array([-1.85133462, -3.53827067,  0.69759405]), array([-1.83720624, -3.49792279,  0.70865341]), array([-1.82307787, -3.45757491,  0.71946752]), array([-1.80894949, -3.41722703,  0.73003638]), array([-1.79482112, -3.37687915,  0.74035999]), array([-1.78069274, -3.33653127,  0.75043835]), array([-1.76656437, -3.29618338,  0.76027147]), array([-1.75243599, -3.2558355 ,  0.76985933]), array([-1.73830762, -3.21548762,  0.77920194]), array([-1.72417924, -3.17513974,  0.7882993 ]), array([-1.71005087, -3.13479186,  0.79715141]), array([-1.69592249, -3.09444398,  0.80575827]), array([-1.68179412, -3.0540961 ,  0.81411988]), array([-1.66766574, -3.01374822,  0.82223624]), array([-1.65353737, -2.97340034,  0.83010735]), array([-1.63940899, -2.93305245,  0.83773321]), array([-1.62528062, -2.89270457,  0.84511382]), array([-1.61115224, -2.85235669,  0.85224919]), array([-1.59702387, -2.81200881,  0.8591393 ]), array([-1.58289549, -2.77166093,  0.86578416]), array([-1.56876712, -2.73131305,  0.87218377]), array([-1.55463874, -2.69096517,  0.87833813]), array([-1.54051036, -2.65061729,  0.88424724]), array([-1.52638199, -2.61026941,  0.8899111 ]), array([-1.51225361, -2.56992152,  0.89532971]), array([-1.49812524, -2.52957364,  0.90050307]), array([-1.48399686, -2.48922576,  0.90543118]), array([-1.46986849, -2.44887788,  0.91011405]), array([-1.45574011, -2.40853   ,  0.91455166]), array([-1.44161174, -2.36818212,  0.91874402]), array([-1.42748336, -2.32783424,  0.92269113]), array([-1.41335499, -2.28748636,  0.92639299]), array([-1.39922661, -2.24713848,  0.9298496 ]), array([-1.38509824, -2.20679059,  0.93306096]), array([-1.37096986, -2.16644271,  0.93602707]), array([-1.35684149, -2.12609483,  0.93874793]), array([-1.34271311, -2.08574695,  0.94122354]), array([-1.32858474, -2.04539907,  0.94345391]), array([-1.31445636, -2.00505119,  0.94543902]), array([-1.30032799, -1.96470331,  0.94717888]), array([-1.28619961, -1.92435543,  0.94867349]), array([-1.27207123, -1.88400754,  0.94992285]), array([-1.25794286, -1.84365966,  0.95092696]), array([-1.24381448, -1.80331178,  0.95168582]), array([-1.22968611, -1.7629639 ,  0.95219943]), array([-1.21555773, -1.72261602,  0.95246779]), array([-1.20142936, -1.68226814,  0.9524909 ]), array([-1.18730098, -1.64192026,  0.95226876]), array([-1.17317261, -1.60157238,  0.95180138]), array([-1.15904423, -1.5612245 ,  0.95108874]), array([-1.14491586, -1.52087661,  0.95013085]), array([-1.13078748, -1.48052873,  0.94892771]), array([-1.11665911, -1.44018085,  0.94747932]), array([-1.10253073, -1.39983297,  0.94578568]), array([-1.08840236, -1.35948509,  0.94384679]), array([-1.07427398, -1.31913721,  0.94166265]), array([-1.06014561, -1.27878933,  0.93923326]), array([-1.04601723, -1.23844145,  0.93655862]), array([-1.03188886, -1.19809357,  0.93363874]), array([-1.01776048, -1.15774568,  0.9304736 ]), array([-1.00363211, -1.1173978 ,  0.92706321]), array([-0.98950373, -1.07704992,  0.92340757]), array([-0.97537535, -1.03670204,  0.91950668]), array([-0.96124698, -0.99635416,  0.91536054]), array([-0.9471186 , -0.95600628,  0.91096915]), array([-0.93299023, -0.9156584 ,  0.90633251]), array([-0.91886185, -0.87531052,  0.90145062]), array([-0.90473348, -0.83496263,  0.89632348]), array([-0.8906051 , -0.79461475,  0.89095109]), array([-0.87647673, -0.75426687,  0.88533346]), array([-0.86234835, -0.71391899,  0.87947057]), array([-0.84821998, -0.67357111,  0.87336243]), array([-0.8340916 , -0.63322323,  0.86700904]), array([-0.81996323, -0.59287535,  0.8604104 ]), array([-0.80583485, -0.55252747,  0.85356651]), array([-0.79170648, -0.51217959,  0.84647737]), array([-0.7775781 , -0.4718317 ,  0.83914298]), array([-0.76344973, -0.43148382,  0.83156334]), array([-0.74932135, -0.39113594,  0.82373845]), array([-0.73519298, -0.35078806,  0.81566832]), array([-0.7210646 , -0.31044018,  0.80735293]), array([-0.70693622, -0.2700923 ,  0.79879229]), array([-0.69280785, -0.22974442,  0.7899864 ]), array([-0.67867947, -0.18939654,  0.78093526]), array([-0.66542922, -0.14920713,  0.77140329]), array([-0.65575451, -0.16992662,  0.73828392]), array([-0.64677771, -0.19045135,  0.70434935]), array([-0.63780091, -0.21097609,  0.67016954]), array([-0.62882411, -0.23150082,  0.63574448]), array([-0.61984732, -0.25202555,  0.60107417]), array([-0.61087052, -0.27255029,  0.56615861]), array([-0.60189372, -0.29307502,  0.53099779]), array([-0.59291692, -0.31359975,  0.49559173]), array([-0.58394012, -0.33412449,  0.45994042]), array([-0.57496332, -0.35464922,  0.42404386]), array([-0.56598652, -0.37517395,  0.38790204]), array([-0.55700972, -0.39569869,  0.35151498]), array([-0.54803292, -0.41622342,  0.31488267]), array([-0.53905612, -0.43674815,  0.27800511]), array([-0.53007932, -0.45727289,  0.2408823 ]), array([-0.52110252, -0.47779762,  0.20351423]), array([-0.51212572, -0.49832235,  0.16590092]), array([-0.50314892, -0.51884709,  0.12804236]), array([-0.49417213, -0.53937182,  0.08993855]), array([-0.48519533, -0.55989655,  0.05158949]), array([-0.47621853, -0.58042129,  0.033     ]), array([-0.46769057, -0.59991978,  0.06170048]), array([-0.45916261, -0.61941828,  0.09015572]), array([-0.45063465, -0.63891678,  0.1183657 ]), array([-0.44210669, -0.65841527,  0.14633044]), array([-0.43357873, -0.67791377,  0.17404992]), array([-0.42505077, -0.69741227,  0.20152415]), array([-0.41652281, -0.71691076,  0.22875314]), array([-0.40799485, -0.73640926,  0.25573687]), array([-0.39946689, -0.75590776,  0.28247536]), array([-0.39093893, -0.77540625,  0.30896859]), array([-0.38241097, -0.79490475,  0.33521657]), array([-0.37388302, -0.81440325,  0.36121931]), array([-0.36535506, -0.83390174,  0.38697679]), array([-0.3568271 , -0.85340024,  0.41248903]), array([-0.34829914, -0.87289874,  0.43775601]), array([-0.33977118, -0.89239723,  0.46277775]), array([-0.33124322, -0.91189573,  0.48755423]), array([-0.32271526, -0.93139423,  0.51208546]), array([-0.3141873 , -0.95089272,  0.53637145]), array([-0.30565934, -0.97039122,  0.56041218]), array([-0.29713138, -0.98988972,  0.58420767]), array([-0.28860342, -1.00938821,  0.6077579 ]), array([-0.28007546, -1.02888671,  0.63106288]), array([-0.2715475 , -1.04838521,  0.65412262]), array([-0.26301954, -1.0678837 ,  0.6769371 ]), array([-0.25449158, -1.0873822 ,  0.69950634]), array([-0.24596363, -1.1068807 ,  0.72183032]), array([-0.23743567, -1.12637919,  0.74390905]), array([-0.22890771, -1.14587769,  0.76574254]), array([-0.22037975, -1.16537619,  0.78733077]), array([-0.21185179, -1.18487468,  0.80867376]), array([-0.20332383, -1.20437318,  0.82977149]), array([-0.19479587, -1.22387168,  0.85062397]), array([-0.18626791, -1.24337017,  0.87123121]), array([-0.17773995, -1.26286867,  0.89159319]), array([-0.16921199, -1.28236717,  0.91170993]), array([-0.16068403, -1.30186566,  0.93158141]), array([-0.15215607, -1.32136416,  0.95120764]), array([-0.14362811, -1.34086266,  0.97058863]), array([-0.13510015, -1.36036115,  0.98972436])], 'distances_history': [8.248557811924444, 8.20282182482399, 8.157110331158286, 8.111420111344604, 8.065748855849542, 8.020094969213106, 7.974457420631347, 7.928835629284395, 7.8832293759373195, 7.837638734644744, 7.792064019997528, 7.746505746470178, 7.700964597215337, 7.655441400229093, 7.609937110259565, 7.564452795191063, 7.5189896259232345, 7.473548868989359, 7.428131881330906, 7.382740106777806, 7.337375073885064, 7.292038253753528, 7.246731343244295, 7.201456121476846, 7.156214451256995, 7.111008280902836, 7.065839646414297, 7.02071067394048, 6.975623582507385, 6.930580686976135, 6.88558440120824, 6.8406372414197225, 6.795741829710234, 6.7509008977566705, 6.7061172906635695, 6.661393970964644, 6.6167340227714755, 6.572140656066674, 6.5276172111397734, 6.483167163164862, 6.438794126919449, 6.394501033803506, 6.3502918310141165, 6.3061706129663815, 6.2621416282039615, 6.218209286066453, 6.1743781632269945, 6.130653010172496, 6.0870387576745015, 6.0435405232835375, 6.000163617870149, 5.956913552229113, 5.913796043758594, 5.870817023222289, 5.827982641599605, 5.785299277026321, 5.742773541825912, 5.700412289629469, 5.658222622580164, 5.616211898616065, 5.574387738823102, 5.532760394661597, 5.4913378915268565, 5.450128563105944, 5.405761862762585, 5.360938598537863, 5.316198001049875, 5.27153841183361, 5.226958177152127, 5.182455647793241, 5.138029179271219, 5.0936771323292485, 5.049397873663522, 5.005189776807573, 4.961051223128577, 4.916980602897129, 4.872976316399523, 4.829036775067483, 4.785160402604969, 4.741345636095453, 4.697590927076195, 4.653894775189124, 4.610255668057102, 4.566672109906475, 4.523142622620426, 4.479665746639469, 4.436240041742733, 4.3928640877285865, 4.349536485004935, 4.306255855095269, 4.263020841064344, 4.219830107866401, 4.176682342618409, 4.133576254800788, 4.090510576388185, 4.047484061913042, 4.004495488464928, 3.961543655628822, 3.918627385365708, 3.87574552183905, 3.832896931190828, 3.790080501270973, 3.7472951413241025, 3.70453978163755, 3.661813373154732, 3.619114887057911, 3.5764433143244343, 3.533797665260527, 3.491176969016692, 3.4485802730887403, 3.4060066428084537, 3.363455160827828, 3.320924926600793, 3.278415055866294, 3.23592468013653, 3.1934529461941685, 3.150999015602266, 3.1085620642306617, 3.0661412818025933, 3.023735871465288, 2.9813450493883566, 2.938968044393865, 2.896604097622068, 2.85425246223693, 2.81191240317573, 2.7695831969472966, 2.727264131483677, 2.684954506050427, 2.6426536312211186, 2.600360828922165, 2.5580754325547175, 2.515796787201058, 2.4735242499238392, 2.431257190167503, 2.3889949902724243, 2.3467370461137698, 2.304482767878718, 2.2622315809976703, 2.2199829272474245, 2.1777362660470496, 2.135491075970449, 2.0931146647073477, 2.0500667233540995, 2.007636491308702, 1.9641886432203375, 1.920641533799586, 1.8778530529031963, 1.8363381005510286, 1.794805401513489, 1.7529053431291328, 1.7097231861539293, 1.6656095344978772, 1.6216482111614776, 1.5787122189889156, 1.5365297646619918, 1.4951075829405274, 1.4543794562125352, 1.4142968859290612, 1.3743437299386978, 1.334542313573254, 1.2944573434308986, 1.2528980987784548, 1.2103704613107362, 1.1678987664131084, 1.1258524964732424, 1.0831748217178974, 1.0389950246288946, 0.9958629504391929, 0.952963155953788, 0.9093121944506621, 0.8657680002416192, 0.8230461268698082, 0.7805132351863594, 0.7363573092792549, 0.6917187666659134, 0.6473675956068509, 0.6013795150902028, 0.5549891344081767, 0.5089186697508263, 0.4638600770547322, 0.41941831201955676, 0.37557755434788737, 0.3326149371137902, 0.290823888170218, 0.25053708951399684, 0.2127921901650072, 0.17968587274437375, 0.15431742070343835, 0.14080075214021578, 0.14318031992006816, 0.14552647152812465, 0.1593655322565649, 0.18139238338924205, 0.20907168030731627, 0.24052106428220413, 0.2745187564310591, 0.31030129621895536, 0.34738908305500743, 0.3854739413747639, 0.42435219395973733, 0.46388532302958735, 0.5039765458954251, 0.5445565456419943, 0.5855745504248855, 0.6269926090207696, 0.6687818246135184, 0.7109198187378132, 0.7533889868671666, 0.796175275161294, 0.8392673076355244, 0.8640940947057347, 0.8452290531630509, 0.8275006832103473, 0.8109563352986205, 0.7956429750536264, 0.7816064100830507, 0.768890415277813, 0.7575357781373646, 0.7475792949661495, 0.7390527578563952, 0.7319819799122537, 0.7263859108034276, 0.7222758952213744, 0.7196551223223766, 0.7185183046208606, 0.7188516106980845, 0.7206328589584025, 0.7238319615144877, 0.7284115903407365, 0.7343280241148396, 0.741532125105472, 0.7499703916941997, 0.7595860334506699, 0.7703200212419973, 0.7821120733609949, 0.7949015486846487, 0.8086282281231438, 0.8232329750719236, 0.8386582735678486, 0.8548486490513982, 0.8717509810080563, 0.8893147194598845, 0.9074920185738257, 0.9262378008622449, 0.945509764883799, 0.9652683482829292, 0.9854766566572453, 1.0061003672832056, 1.0271076152815615, 1.0484688684429913], 'normal_align_history': [0.47226323599611664, 0.4722167626518605, 0.47213709141343185, 0.4720328932860365, 0.4719099722778274, 0.47177230527982633, 0.47162267781442896, 0.4714630818822425, 0.4712949710934709, 0.471119428321336, 0.4709372784402786, 0.4707491656899183, 0.4705556076345217, 0.47035703323357103, 0.47015380988153815, 0.4699462626547056, 0.4697346879841497, 0.4695193633104435, 0.46930055382882796, 0.4690785171243604, 0.46885350627802613, 0.46862556221880025, 0.4683949265117808, 0.46816184839027547, 0.46792657960200157, 0.46768937176364733, 0.4674504749820654, 0.4672101370907161, 0.4669686031667282, 0.46672611516219964, 0.4664829115714357, 0.466239227100942, 0.4659952923313256, 0.4657513333707074, 0.46550757150363387, 0.46526422284088403, 0.4650214979755824, 0.4647796016504893, 0.4645387324406477, 0.464299082454832, 0.464060837058645, 0.46382337184767874, 0.46358686485596745, 0.46335151874671715, 0.4631175389022171, 0.4628851227843245, 0.46265445522591914, 0.46242570677211287, 0.4621990335308746, 0.4619745777212438, 0.4617524685008199, 0.46153282286499747, 0.46131574652170687, 0.4611013347029926, 0.4608896729034546, 0.46068083754895306, 0.46047489660443286, 0.46027191013115093, 0.46007193080310405, 0.4598750043911903, 0.45968117022209787, 0.45949337256869804, 0.45931158906410374, 0.4591356537086014, 0.45896535042417846, 0.4588004583445302, 0.45864077184659446, 0.4584861077093363, 0.4583363060013262, 0.4581912281616249, 0.4580507540476931, 0.4579147788212213, 0.4577832100676485, 0.4576559653007012, 0.45753296988224235, 0.4574141553317958, 0.4572994579778203, 0.45718881789728355, 0.45708217809245477, 0.45697948385944365, 0.4568806823095588, 0.4567855587889821, 0.4566940619162098, 0.4566061541554478, 0.45652180339964044, 0.4564409788597756, 0.45636364920934747, 0.4562897818802176, 0.45621934292148725, 0.4561522971121633, 0.4560886081687221, 0.4560282389689249, 0.4559711517554966, 0.4559173083051218, 0.4558666700591134, 0.45581919821726685, 0.455774853798618, 0.4557335976735142, 0.45569539057140906, 0.4556601930684643, 0.45562796555865903, 0.4555986682116571, 0.4555722609203118, 0.4555487032403387, 0.4555279543243952, 0.45550997285254435, 0.4554947169608751, 0.4554821441698353, 0.45547221131369087, 0.4554648744723452, 0.45546008890663603, 0.4554578089980783, 0.455457988193914, 0.455460578958199, 0.45546553272957485, 0.455472799886222, 0.45548232971845026, 0.45549407040923046, 0.4555079690229124, 0.4555239715022815, 0.4555420226740069, 0.4555620662624767, 0.45558404491193216, 0.4556079002167364, 0.4556335727595656, 0.4556610021572404, 0.4556901271138662, 0.45572088548090733, 0.45575321432376975, 0.4557870499944426, 0.4558223282097072, 0.45585898413440784, 0.4558969524692477, 0.45593616754256583, 0.4559765634055504, 0.4560180739303099, 0.456060632910257, 0.4561041741622451, 0.4561486316299026, 0.45619393948763703, 0.4562400322447775, 0.44872003768933955, 0.44922715270795055, 0.4606339390176504, 0.47698012575402793, 0.4938539083720612, 0.5026123609978966, 0.5042791812443813, 0.5157879256921764, 0.5339156413754355, 0.5409971671456241, 0.5543280047587007, 0.5688624152856295, 0.576311229319126, 0.5932425548112478, 0.6030407859841999, 0.6060645294757937, 0.6183168217112137, 0.6369760232739623, 0.6530928277243602, 0.659412701346369, 0.671458119044002, 0.6789542153576484, 0.684862327414409, 0.6937748863019884, 0.6972984262844577, 0.7070935273130372, 0.7103200534203201, 0.7215980302743541, 0.7381607634670619, 0.7483841640841825, 0.7544802752896483, 0.7616969569276187, 0.7747404285058574, 0.7799906672803991, 0.7864258124232907, 0.7986721538037188, 0.8050177586698662, 0.8065729512152977, 0.8120625435240234, 0.8163586387031877, 0.8204857933513828, 0.8236463583673045, 0.826691775832154, 0.8285756465070144, 0.82945191907188, 0.8303104663556955, 0.8304904616186657, 0.8306734126592885, 0.8309482328235179, 0.8312736901340632, 0.8316311506678005, 0.8320175213275742, 0.8324231023940765, 0.8328401424104828, 0.8332620587577471, 0.8336828982845779, 0.8340969773582803, 0.8344986573485279, 0.8348822218241809, 0.8352418287161572, 0.8355715159373459, 0.8358652431998255, 0.8361169563630586, 0.83632066372282, 0.8364705162672535, 0.8365608861161787, 0.8365864391531924, 0.8365421992933412, 0.8364236029441555, 0.8362265430595817, 0.8359474028000539, 0.8355830792403284, 0.8351309978483759, 0.8345891186272254, 0.8339559348954381, 0.8332304657040259, 0.8324122428665965, 0.8315012935296335, 0.8304981191420495, 0.8294036716055455, 0.8282193273057036, 0.826946859642168, 0.8255884105974682, 0.8241464618097328, 0.8226238055456725, 0.8210235159073145, 0.8193489205490959, 0.8176035731310204, 0.8157912266883063, 0.8139158080580368, 0.8119813934683003, 0.8099921853648054, 0.8079524905235739, 0.8058666994756495, 0.8037392672504423, 0.8015746954280487, 0.799377515477288, 0.7971522733450074, 0.7949035152531847, 0.7926357746531874, 0.7903535602810892, 0.78806134525392, 0.7857635571440011, 0.7834645689668587, 0.7811686910175493, 0.7788801634903003, 0.7766031498171834, 0.77434173066284, 0.7720998985140802], 'ball_near_history': [False, False, False, False, False, False, False, False, False, False, False, False, False, False, False, False, False, False, False, False, False, False, False, False, False, False, False, False, False, False, False, False, False, False, False, False, False, False, False, False, False, False, False, False, False, False, False, False, False, False, False, False, False, False, False, False, False, False, False, False, False, False, False, False, False, False, False, False, False, False, False, False, False, False, False, False, False, False, False, False, False, False, False, False, False, False, False, False, False, False, False, False, False, False, False, False, False, False, False, False, False, False, False, False, False, False, False, False, False, False, False, False, False, False, False, False, False, False, False, False, False, False, False, False, False, False, False, False, False, False, False, False, False, False, False, False, False, False, False, False, False, False, False, False, False, False, False, False, False, False, False, False, False, False, False, False, False, False, False, False, False, False, False, False, False, False, False, False, False, False, False, False, False, False, False, False, False, False, False, False, False, False, False, False, False, False, True, True, True, True, True, True, True, False, False, False, False, False, False, False, False, False, False, False, False, False, False, False, False, False, False, False, False, False, False, False, False, False, False, False, False, False, False, False, False, False, False, False, False, False, False, False, False, False, False, False, False, False, False, False, False, False, False, False, False, False, False, False, False, False], 'tube_ready_history': [False, False, False, False, False, False, False, False, False, False, False, False, False, False, False, False, False, False, False, False, False, False, False, False, False, False, False, False, False, False, False, False, False, False, False, False, False, False, False, False, False, False, False, False, False, False, False, False, False, False, False, False, False, False, False, False, False, False, False, False, False, False, False, False, False, False, False, False, False, False, False, False, False, False, False, False, False, False, False, False, False, False, False, False, False, False, False, False, False, False, False, False, False, False, False, False, False, False, False, False, False, False, False, False, False, False, False, False, False, False, False, False, False, False, False, False, False, False, False, False, False, False, False, False, False, False, False, False, False, False, False, False, False, False, False, False, False, False, False, False, False, False, False, False, False, False, False, False, False, False, False, False, False, False, False, False, False, False, False, False, False, False, False, False, False, False, False, False, False, False, False, False, False, False, False, False, False, False, False, True, True, True, True, True, True, True, True, True, True, True, True, True, True, True, False, False, False, False, False, False, False, False, False, False, False, False, False, False, False, False, False, False, False, False, False, False, False, False, False, False, False, False, False, False, False, False, False, False, False, False, False, False, False, False, False, False, False, False, False, False, False, False, False, False, False, False, False, False, False, False], 'pos_error_history': [0.00917750377001671, 0.009072501095495553, 0.008952910261691694, 0.008851639341591704, 0.0088060901353756, 0.008856020589068992, 0.00903976990295261, 0.009389343053800485, 0.009926051965593471, 0.010658674559398043, 0.011584805628378249, 0.012694307922569871, 0.013973089461281528, 0.015406006719527634, 0.01697859077103406, 0.01867782982244989, 0.02049236903322678, 0.022412416090543938, 0.024429530605525857, 0.02653639031236351, 0.02707863284002114, 0.029247782639961497, 0.03150280039850729, 0.033836988389765864, 0.036244364921210484, 0.03871952763359892, 0.04125754193794467, 0.04385385113788939, 0.04650420452428657, 0.04920460003710503, 0.05195123859248587, 0.05474048769574083, 0.057568852432068184, 0.06043295232341251, 0.06332950286184508, 0.06625530078583958, 0.06920721236685122, 0.0721821641304393, 0.07517713555809906, 0.07818915341065413, 0.08007039672674068, 0.08308421815766472, 0.08610881512880098, 0.08914120749119672, 0.09217846938414992, 0.09521772595727034, 0.0982561510455314, 0.10129096564026731, 0.10431943702713137, 0.10733887848406602, 0.11034664944977048, 0.11334015608709057, 0.11631685217697235, 0.11927424028766602, 0.12220987317126636, 0.12512135534568722, 0.1280063448251446, 0.13086255496633337, 0.13368775640092764, 0.13647977902792033, 0.1437916517427366, 0.14651205793943264, 0.14918834292412192, 0.15181890959916003, 0.15440218349212168, 0.15693662558835164, 0.15942074256736058, 0.16185309502889828, 0.16423230414514314, 0.16655705706694987, 0.16882611133215564, 0.1710382984643913, 0.17319252690615453, 0.17528778439612988, 0.17732313987519768, 0.1792977449861653, 0.18121083521754272, 0.1830617307305373, 0.18484983689999884, 0.18657464459371495, 0.18768267154723353, 0.18928126560928568, 0.19081621773202262, 0.19228730442149664, 0.1936943937878948, 0.19503744270974877, 0.19631649426294634, 0.19753167531967097, 0.19868319424731262, 0.1997713386560008, 0.200796473157437, 0.20175903710835794, 0.20265954232007813, 0.2034985707218115, 0.20427677197025174, 0.20499486100157455, 0.2056536155248729, 0.20625387345820476, 0.2067965303101055, 0.20728253651068246, 0.2077128946973646, 0.20808865696108345, 0.20841092205916512, 0.20868083260156728, 0.20889957221731076, 0.20906836270806992, 0.2091884611959258, 0.20926115727223463, 0.20928777015447958, 0.20926964585781854, 0.2092081543878568, 0.2091046869609573, 0.20896065325814703, 0.2087774787184081, 0.2085566018768443, 0.2082994717529151, 0.20800754529359608, 0.2076822848759999, 0.207325155873651, 0.20693762429025905, 0.20652115446449582, 0.20607720684892322, 0.20560723586588142, 0.20511268784279946, 0.20459499902904033, 0.20405559369608564, 0.2034958823225009, 0.20291725986484582, 0.2023211041153463, 0.20170877414688732, 0.20108160884556237, 0.2004409255307755, 0.19978801866260712, 0.1991241586359278, 0.19845059066049542, 0.19776853372607248, 0.1970791796513771, 0.19638369221551444, 0.19568320637034492, 0.1949788275320943, 0.19189626973527024, 0.1894934347862562, 0.18688032086582312, 0.18379274086610975, 0.1809989513389466, 0.17804443124542368, 0.17597226042788355, 0.17242418525538325, 0.17042818753556188, 0.16733394494206053, 0.16449928141593934, 0.16175315907420082, 0.1593447515685376, 0.15710180689534292, 0.1546088421442067, 0.15172718009227465, 0.14888879424030585, 0.14542748244548165, 0.14230832787652312, 0.14056371861839456, 0.13996519814726885, 0.13814898611411386, 0.13661367735498856, 0.13593484404624376, 0.13523927719597945, 0.13370832876282746, 0.13313047289135577, 0.13179323051923192, 0.13143734193707415, 0.1298209382633056, 0.12924809007444318, 0.1290495315065803, 0.12766754651258386, 0.1273692780194821, 0.12746588960999952, 0.126416578194041, 0.1262891578933104, 0.12529365011257093, 0.12528992529720862, 0.12571766841133522, 0.12643356037974257, 0.12749106934856738, 0.128773689093126, 0.13038851198329085, 0.1323958720468813, 0.13458088854748612, 0.137111478407068, 0.13976110752284487, 0.14240753468810086, 0.1449703395348656, 0.1474228277471173, 0.14974136172124608, 0.15192806817426985, 0.1539901664590758, 0.1559373818790866, 0.15778083754559277, 0.1595326039789411, 0.16120549889316424, 0.16281294898916282, 0.16436883821177348, 0.16588732185320654, 0.1673826103870794, 0.16886873595214313, 0.1703593160166786, 0.17186732714547157, 0.1734048990612789, 0.1749831363197088, 0.1766119723019017, 0.17830005799677184, 0.18005468619767667, 0.18188175024063982, 0.18378573522177913, 0.18576973871755426, 0.18783551736922818, 0.18998355526437852, 0.19221314983583385, 0.19452251098167633, 0.19690886926352538, 0.19936858933392967, 0.20189728514357627, 0.20448993395002865, 0.20714098665798347, 0.20984447253601426, 0.21259409685107722, 0.21538333042006227, 0.21820549048409324, 0.2210538126584568, 0.22392151399633245, 0.22680184742930148, 0.22968814801608503, 0.23257387154927311, 0.23545262614503773, 0.23831819748036093, 0.241164568353372, 0.24398593323151288, 0.24677670842533928, 0.24953153848768878, 0.2522452993928394, 0.25491309900139686, 0.2575302752664351, 0.2600923925868356, 0.26259523666607143, 0.2650348081898228, 0.26740731559430486, 0.2697091671593396, 0.27193696262609285, 0.2740874845089801, 0.2761576892443631, 0.27814469829508, 0.28004376581587953], 'max_qdot_ratio': 0.9994884955680478, 'max_tcp_speed': 1.1366562349271971, 'max_racket_face_speed': 1.4372856140472192, 'total_mpc_steps': 250, 'ball_was_hit': True, 'hit_step': 188, 'p_ee_at_hit': array([-0.54144899, -0.20462624,  0.81677098]), 'ball_pos_at_hit': array([-0.66542922, -0.14920713,  0.77140329]), 'v_ee_at_hit': 0.7462519763297768, 'active_contact': True, 'passive_contact': False}
2026-09-13 00:11:53,266 [INFO] __main__: 击打后继续仿真 20 步...
