__STEP_TIMING__: n=252 p50=0.26 p95=0.61 p99=4.51 max=26.30 n_over_period=2 period_ms=5.00 deciles=0.24,0.25,0.25,0.25,0.26,0.26,0.27,0.28,0.32,26.30

========================================
  RM-65 击打成功！（主动击球，pos_error=0.1017m）
  [V12 EpisodeRunner 管线架构]
  ablation: full
  击打目标位置: [-0.67  -0.205  0.708]
  末端实际位置: [-0.618 -0.352  0.748]
  规划跟踪误差: 0.1609 m
  速度误差: 1.9348 m/s
  MPC 总步数: 273
  --- Tube 专用指标 ---
  最小球拍-球距离: 0.0861 m
  ball_near 步数: 0 = 0.0 ms
  tube_ready 步数: 0 = 0.0 ms
  击打时间误差: 20.0 ms
  击打位置误差: 0.1017 m
  --- 计算性能 ---
  总墙钟时间: 1.13s (MPC=1.13s)
  --- 执行层约束 ---
  max_qdot=0.98x, max_tcp=1.8m/s, max_face=1.6m/s
  击球类型: 主动击球
========================================

__RESULT__: pos_error=0.101675 vel_error=1.934764 min_dist=0.086090 ball_near_ms=0.0 tube_ready_ms=0.0 max_tcp=1.79 max_qdot=0.98 max_face=1.6 hit_type=active hit_time_error_ms=20.0 hit_pos_error=0.101675 v_racket_at_hit=1.745
2026-09-13 00:12:09,741 [INFO] __main__: [ablation] mode=full
2026-09-13 00:12:09,747 [INFO] __main__: serve-box auto params: horizon=120, iter=10, first_plan_iters=30, total_horizon=250, replan_interval=20, near_plan_iters=5
2026-09-13 00:12:09,770 [INFO] __main__: 关节限位: 仿真默认(default.yaml), TCP=1.8 m/s, terminal_exempt=20
2026-09-13 00:12:09,770 [INFO] __main__: 球拍初始位置: [-0.24136342  0.63027058  1.45576659]
2026-09-13 00:12:09,771 [DEBUG] src.tennis.ball: serve_box bounce (attempt=0): p0_z=1.35, vz0=-2.3, spd=9.0, t1=0.335, t2=0.598, z_err=0.15
2026-09-13 00:12:09,780 [INFO] __main__: 击打步数: 192, 击打位置: [-0.66994534 -0.20514247  0.70838134]
2026-09-13 00:12:09,780 [INFO] __main__: 随挥方向: [-0.341 -0.913  0.223], 随挥步数: 60
2026-09-13 00:12:09,789 [INFO] __main__: 候选窗口已构建: best_k=192, candidates=8
2026-09-13 00:12:09,790 [INFO] src.cpp.solver_cpp: iLQR C++ 加速模块已加载
2026-09-13 00:12:09,790 [INFO] __main__: 开始 V12 EpisodeRunner，总步数=310 (MPC=250, 随挥=60)，击打步数=192
2026-09-13 00:12:09,791 [INFO] src.ilqt.async_replanner: AsyncReplanner: 后台规划线程已启动
2026-09-13 00:12:09,814 [INFO] src.ilqt.async_replanner: AsyncReplanner: 规划环境已创建（独立 MjData）
2026-09-13 00:12:09,816 [INFO] src.ilqt.async_replanner: AsyncReplanner: 规划环境已创建（独立 MjData）
2026-09-13 00:12:09,845 [DEBUG] src.ilqt.tube_cost: [Softmin诊断] 候选权重TOP3: k=192:w=0.136, k=191:w=0.135, k=190:w=0.133
2026-09-13 00:12:10,747 [INFO] src.ilqt.mpc_controller: REPLAN step=0 k_hit=192 iters=30 horizon=120 t=933ms
2026-09-13 00:12:10,748 [INFO] src.ilqt.mpc_controller: MPCController.start 完成: k_hit=192, p_hit=[-0.67  -0.205  0.708], buffer=120
2026-09-13 00:12:10,752 [DEBUG] src.ilqt.replan_core: FAR_JT step=0 k_hit=192 (JT gain=60, skip iLQR)
2026-09-13 00:12:10,752 [DEBUG] src.ilqt.mpc_controller: REPLAN step=0 k_hit=192 iters=0 horizon=0 t=4ms
2026-09-13 00:12:10,752 [DEBUG] src.ilqt.mpc_controller: MPCController.step 0: replan k_hit=192 refine=feasible buffer=20
2026-09-13 00:12:10,761 [DEBUG] src.ilqt.replan_core: FAR_JT step=20 k_hit=172 (JT gain=60, skip iLQR)
2026-09-13 00:12:10,761 [DEBUG] src.ilqt.mpc_controller: REPLAN step=20 k_hit=172 iters=0 horizon=0 t=4ms
2026-09-13 00:12:10,762 [DEBUG] src.ilqt.mpc_controller: MPCController.step 20: replan k_hit=172 refine=feasible buffer=20
2026-09-13 00:12:10,770 [DEBUG] src.ilqt.replan_core: FAR_JT step=40 k_hit=152 (JT gain=60, skip iLQR)
2026-09-13 00:12:10,770 [DEBUG] src.ilqt.mpc_controller: REPLAN step=40 k_hit=152 iters=0 horizon=0 t=4ms
2026-09-13 00:12:10,771 [DEBUG] src.ilqt.mpc_controller: MPCController.step 40: replan k_hit=152 refine=feasible buffer=20
2026-09-13 00:12:10,779 [DEBUG] src.ilqt.replan_core: FAR_JT step=60 k_hit=132 (JT gain=60, skip iLQR)
2026-09-13 00:12:10,779 [DEBUG] src.ilqt.mpc_controller: REPLAN step=60 k_hit=132 iters=0 horizon=0 t=4ms
2026-09-13 00:12:10,780 [DEBUG] src.ilqt.mpc_controller: MPCController.step 60: replan k_hit=132 refine=feasible buffer=20
2026-09-13 00:12:10,788 [DEBUG] src.ilqt.replan_core: FAR_JT step=80 k_hit=112 (JT gain=60, skip iLQR)
2026-09-13 00:12:10,788 [DEBUG] src.ilqt.mpc_controller: REPLAN step=80 k_hit=112 iters=0 horizon=0 t=3ms
2026-09-13 00:12:10,789 [DEBUG] src.ilqt.mpc_controller: MPCController.step 80: replan k_hit=112 refine=feasible buffer=20
2026-09-13 00:12:10,797 [DEBUG] src.ilqt.replan_core: FAR_JT step=100 k_hit=92 (JT gain=60, skip iLQR)
2026-09-13 00:12:10,797 [DEBUG] src.ilqt.mpc_controller: REPLAN step=100 k_hit=92 iters=0 horizon=0 t=3ms
2026-09-13 00:12:10,798 [DEBUG] src.ilqt.mpc_controller: MPCController.step 100: replan k_hit=92 refine=feasible buffer=20
2026-09-13 00:12:10,806 [DEBUG] src.ilqt.replan_core: FAR_JT step=120 k_hit=72 (JT gain=60, skip iLQR)
2026-09-13 00:12:10,806 [DEBUG] src.ilqt.mpc_controller: REPLAN step=120 k_hit=72 iters=0 horizon=0 t=3ms
2026-09-13 00:12:10,807 [DEBUG] src.ilqt.mpc_controller: MPCController.step 120: replan k_hit=72 refine=feasible buffer=20
2026-09-13 00:12:10,815 [DEBUG] src.ilqt.replan_core: FAR_JT step=140 k_hit=52 (JT gain=60, skip iLQR)
2026-09-13 00:12:10,815 [DEBUG] src.ilqt.mpc_controller: REPLAN step=140 k_hit=52 iters=0 horizon=0 t=3ms
2026-09-13 00:12:10,815 [INFO] src.ilqt.strategies.hit_point_refiner: [HIT_LOCK] k_hit=52 ≤ 60, 锁定击球点不再替换
2026-09-13 00:12:10,815 [DEBUG] src.ilqt.mpc_controller: MPCController.step 140: replan k_hit=52 refine=locked buffer=20
2026-09-13 00:12:10,828 [DEBUG] src.ilqt.tube_cost: [Softmin诊断] 候选权重TOP3: k=32:w=0.136, k=31:w=0.135, k=30:w=0.133
2026-09-13 00:12:10,846 [DEBUG] src.ilqt.mpc_controller: REPLAN step=160 k_hit=32 iters=5 horizon=32 t=26ms
2026-09-13 00:12:10,846 [DEBUG] src.ilqt.mpc_controller: MPCController.step 160: replan k_hit=32 refine=locked buffer=20
2026-09-13 00:12:10,849 [INFO] src.ilqt.components.predictive_safety: [SAFETY_FILTER] beta=0.8: qdot entering overspeed, joint=5, |qdot|=4.29 > 3.93
2026-09-13 00:12:10,851 [INFO] src.ilqt.components.predictive_safety: [SAFETY_FILTER] beta=0.4: qdot entering overspeed, joint=5, |qdot|=4.85 > 3.93
2026-09-13 00:12:10,858 [DEBUG] src.ilqt.tube_cost: [Softmin诊断] 候选权重TOP3: k=12:w=0.136, k=11:w=0.135, k=10:w=0.133
2026-09-13 00:12:10,866 [DEBUG] src.ilqt.mpc_controller: REPLAN step=180 k_hit=12 iters=5 horizon=12 t=15ms
2026-09-13 00:12:10,866 [DEBUG] src.ilqt.mpc_controller: MPCController.step 180: replan k_hit=12 refine=locked buffer=12
2026-09-13 00:12:10,867 [INFO] src.ilqt.components.predictive_safety: [SAFETY_FILTER] beta=0.0: qdot entering overspeed, joint=5, |qdot|=5.65 > 3.93
2026-09-13 00:12:10,867 [INFO] src.ilqt.components.predictive_safety: [SAFETY_FILTER] beta=0.2: tcp speed 2.23 > 1.80 m/s
2026-09-13 00:12:10,868 [INFO] src.ilqt.components.predictive_safety: [SAFETY_FILTER] beta=0.4: qdot entering overspeed, joint=5, |qdot|=4.76 > 3.93
2026-09-13 00:12:10,869 [INFO] src.ilqt.components.predictive_safety: [SAFETY_FILTER] beta=0.2: qdot entering overspeed, joint=5, |qdot|=5.42 > 3.93
2026-09-13 00:12:10,869 [INFO] src.ilqt.components.predictive_safety: [SAFETY_FILTER] beta=0.2: tcp speed 2.08 > 1.80 m/s
2026-09-13 00:12:10,870 [INFO] src.ilqt.components.predictive_safety: [SAFETY_FILTER] beta=0.4: tcp speed 1.90 > 1.80 m/s
2026-09-13 00:12:10,870 [INFO] src.ilqt.components.predictive_safety: [SAFETY_FILTER] beta=0.2: tcp speed 2.02 > 1.80 m/s
2026-09-13 00:12:10,871 [INFO] src.ilqt.components.predictive_safety: [SAFETY_FILTER] beta=0.2: qdot entering overspeed, joint=2, |qdot|=4.10 > 3.93
2026-09-13 00:12:10,872 [INFO] src.ilqt.components.predictive_safety: [SAFETY_FILTER] beta=0.2: qdot entering overspeed, joint=2, |qdot|=4.26 > 3.93
2026-09-13 00:12:10,872 [INFO] src.ilqt.components.predictive_safety: [SAFETY_FILTER] beta=0.4: qdot entering overspeed, joint=2, |qdot|=4.43 > 3.93
2026-09-13 00:12:10,873 [INFO] src.ilqt.components.predictive_safety: [SAFETY_FILTER] beta=0.2: tcp speed 1.99 > 1.80 m/s
2026-09-13 00:12:10,873 [INFO] src.ilqt.strategies.follow_through: 随挥触发: step=191, steps=60
2026-09-13 00:12:10,891 [INFO] src.ilqt.async_replanner: AsyncReplanner: 后台规划线程已停止
2026-09-13 00:12:10,891 [INFO] src.ilqt.episode_runner: EpisodeRunner 完成: total_steps=253 safe_steps=253 mpc_done=True
2026-09-13 00:12:10,891 [DEBUG] src.ilqt.episode_runner: EpisodeRunner metrics 详情: {'total_steps': 253, 'safe_steps': 253, 'mpc_done': True, 'X_history': [array([-1.5  ,  1.57 , -0.236,  0.404,  0.446,  2.45 ,  0.   ,  0.   ,
        0.   ,  0.   ,  0.   ,  0.   ]), array([-5.93627378e-02,  1.35709399e+00, -4.91916588e-01, -8.63712861e-02,
        6.77908159e-01,  2.44998575e+00,  3.15388879e-03, -2.60895574e-02,
        1.10647888e-02,  1.19169655e-03, -4.80447685e-02, -2.85005648e-03]), array([-5.93325686e-02,  1.35683589e+00, -4.91825900e-01, -8.63607774e-02,
        6.77481665e-01,  2.44996312e+00,  6.03383392e-03, -5.16183788e-02,
        1.81376903e-02,  2.10173899e-03, -8.52987876e-02, -4.52508505e-03]), array([-0.05928913,  1.35645351, -0.49171549, -0.08634691,  0.67690938,
        2.44993544,  0.00868673, -0.07647642,  0.022081  ,  0.00277256,
       -0.11445719, -0.00553724]), array([-0.05923339,  1.35595053, -0.49159766, -0.08633072,  0.67622168,
        2.44990458,  0.01114907, -0.10059665,  0.02356603,  0.00323825,
       -0.13753935, -0.00617252]), array([-0.05916614,  1.35533082, -0.49148207, -0.08631308,  0.67544139,
        2.44987162,  0.01344949, -0.1239427 ,  0.02311806,  0.00352819,
       -0.15605774, -0.00659146]), array([-0.05908809,  1.35459832, -0.49137632, -0.08629474,  0.67458567,
        2.44983719,  0.01561064, -0.14649972,  0.0211503 ,  0.00366856,
       -0.17114446, -0.0068847 ]), array([-0.05899984,  1.35375698, -0.49128637, -0.08627633,  0.67366744,
        2.44980168,  0.01765054, -0.16826782,  0.01798969,  0.00368289,
       -0.18364613, -0.00710379]), array([-0.05890192,  1.35281069, -0.49121689, -0.08625836,  0.67269647,
        2.44976528,  0.01958364, -0.18925713,  0.01389645,  0.00359223,
       -0.19419499, -0.00727831]), array([-0.05879481,  1.35176327, -0.4911715 , -0.08624129,  0.67168015,
        2.44972816,  0.02142161, -0.20948438,  0.00907904,  0.00341533,
       -0.2032623 , -0.00742533]), array([-0.05867894,  1.35061842, -0.49115297, -0.08622544,  0.67062416,
        2.44969038,  0.02317393, -0.2289703 ,  0.00370556,  0.00316865,
       -0.21119839, -0.00755487]), array([-5.85546987e-02,  1.34937973e+00, -4.91163407e-01, -8.62111111e-02,
        6.69532848e-01,  2.44965202e+00,  2.48483382e-02, -2.47737829e-01,
       -2.08746162e-03,  2.86660268e-03, -2.18262809e-01, -7.67282266e-03]), array([-0.05842244,  1.34805068, -0.49120435, -0.0861985 ,  0.66840961,
        2.44961311,  0.02645119, -0.26581082, -0.00818837,  0.00252166,
       -0.22464695, -0.00778273]), array([-5.82825041e-02,  1.34663461e+00, -4.91276874e-01, -8.61877801e-02,
        6.67257158e-01,  2.44957367e+00,  2.79877325e-02, -2.83213183e-01,
       -1.45051921e-02,  2.14455685e-03, -2.30491174e-01, -7.88675124e-03]), array([-5.81351924e-02,  1.34513477e+00, -4.91381682e-01, -8.61790577e-02,
        6.66077670e-01,  2.44953374e+00,  2.94623410e-02, -2.99968239e-01,
       -2.09616311e-02,  1.74446783e-03, -2.35897595e-01, -7.98620742e-03]), array([-5.79807990e-02,  1.34355428e+00, -4.91519152e-01, -8.61724118e-02,
        6.64872971e-01,  2.44949333e+00,  3.08786655e-02, -3.16098357e-01,
       -2.74939428e-02,  1.32919034e-03, -2.40939781e-01, -8.08194048e-03]), array([-5.78196001e-02,  1.34189615e+00, -4.91689395e-01, -8.61678852e-02,
        6.63644621e-01,  2.44945246e+00,  3.22397833e-02, -3.31624694e-01,
       -3.40485063e-02,  9.05312349e-04, -2.45669986e-01, -8.17449510e-03]), array([-5.76518586e-02,  1.34016332e+00, -4.91892294e-01, -8.61654933e-02,
        6.62393998e-01,  2.44941114e+00,  3.35483060e-02, -3.46567064e-01,
       -4.05799143e-02,  4.78371554e-04, -2.50124598e-01, -8.26423906e-03]), array([-5.74778263e-02,  1.33835860e+00, -4.92127542e-01, -8.61652283e-02,
        6.61122357e-01,  2.44936938e+00,  3.48064668e-02, -3.60943876e-01,
       -4.70494666e-02,  5.30007881e-05, -2.54328220e-01, -8.35143477e-03]), array([-5.72977453e-02,  1.33648474e+00, -4.92394662e-01, -8.61670631e-02,
        6.59830873e-01,  2.44932720e+00,  3.60161896e-02, -3.74772123e-01,
       -5.34239766e-02, -3.66940979e-04, -2.58296722e-01, -8.43628289e-03]), array([-5.71118496e-02,  1.33454440e+00, -4.92693036e-01, -8.61709543e-02,
        6.58520675e-01,  2.44928460e+00,  3.71791444e-02, -3.88067417e-01,
       -5.96748192e-02, -7.78252248e-04, -2.62039534e-01, -8.51894925e-03]), array([-5.69201561e-02,  1.33254013e+00, -4.93022129e-01, -8.61773478e-02,
        6.57192055e-01,  2.44924173e+00,  3.83387062e-02, -4.00853755e-01,
       -6.58185839e-02, -1.27869481e-03, -2.65724163e-01, -8.57487066e-03]), array([-5.67228661e-02,  1.33047443e+00, -4.93381126e-01, -8.61861204e-02,
        6.55846192e-01,  2.44919853e+00,  3.94579881e-02, -4.13140069e-01,
       -7.17995899e-02, -1.75451423e-03, -2.69172530e-01, -8.64038286e-03]), array([-5.65201760e-02,  1.32834974e+00, -4.93769115e-01, -8.61971557e-02,
        6.54484248e-01,  2.44915498e+00,  4.05380161e-02, -4.24937742e-01,
       -7.75977716e-02, -2.20707037e-03, -2.72388706e-01, -8.71002782e-03]), array([-0.05631228,  1.32616846, -0.49418509, -0.08621034,  0.65310738,
        2.44911107,  0.04157973, -0.43625715, -0.08319563, -0.00263723,
       -0.27537359, -0.00878096]), array([-0.05609936,  1.32393292, -0.49462798, -0.08622557,  0.65171675,
        2.44906681,  0.04258399, -0.44710773, -0.08857783, -0.00304555,
       -0.27812582, -0.00885176]), array([-0.0558816 ,  1.32164543, -0.49509664, -0.08624273,  0.65031354,
        2.44902221,  0.04355158, -0.457498  , -0.09373085, -0.00343237,
       -0.28064244, -0.00892176]), array([-0.05565918,  1.31930825, -0.49558985, -0.08626172,  0.64889894,
        2.44897725,  0.0444832 , -0.46743567, -0.09864274, -0.00379791,
       -0.28291942, -0.00899069]), array([-0.05543229,  1.31692361, -0.49610636, -0.08628243,  0.64747418,
        2.44893196,  0.04537952, -0.47692766, -0.10330287, -0.00414228,
       -0.28495204, -0.00905851]), array([-0.05520108,  1.31449371, -0.49664487, -0.08630476,  0.64604051,
        2.44888633,  0.04624113, -0.48598019, -0.10770178, -0.00446555,
       -0.28673515, -0.00912527]), array([-0.05496574,  1.31202072, -0.49720403, -0.0863286 ,  0.64459919,
        2.44884038,  0.04706856, -0.49459883, -0.11183104, -0.00476774,
       -0.28826343, -0.0091911 ]), array([-0.05472643,  1.30950677, -0.49778244, -0.08635384,  0.64315153,
        2.4487941 ,  0.04786229, -0.50278856, -0.11568311, -0.00504886,
       -0.28953152, -0.00925612]), array([-0.05448331,  1.30695401, -0.4983787 , -0.08638039,  0.64169886,
        2.44874749,  0.04862279, -0.51055383, -0.11925123, -0.0053089 ,
       -0.29053419, -0.00932047]), array([-0.05423656,  1.30436451, -0.49899135, -0.08640813,  0.64024253,
        2.44870057,  0.04935043, -0.51789862, -0.12252941, -0.00554786,
       -0.29126641, -0.0093843 ]), array([-0.05398633,  1.30174038, -0.49961891, -0.08643696,  0.63878391,
        2.44865333,  0.0500456 , -0.52482647, -0.12551228, -0.00576572,
       -0.29172343, -0.00944774]), array([-0.05373279,  1.29908368, -0.50025988, -0.08646677,  0.63732441,
        2.44860578,  0.05070862, -0.53134054, -0.12819512, -0.0059625 ,
       -0.29190088, -0.00951091]), array([-0.05347609,  1.29639646, -0.50091275, -0.08649746,  0.63586543,
        2.44855791,  0.05133977, -0.53744369, -0.13057373, -0.00613819,
       -0.29179477, -0.00957392]), array([-0.05321639,  1.29368077, -0.50157598, -0.08652892,  0.63440842,
        2.44850973,  0.05193934, -0.54313848, -0.13264449, -0.00629282,
       -0.29140159, -0.00963688]), array([-0.05295386,  1.29093863, -0.502248  , -0.08656106,  0.63295483,
        2.44846123,  0.05250756, -0.54842722, -0.13440428, -0.00642643,
       -0.29071832, -0.00969988]), array([-0.05268863,  1.28817207, -0.50292725, -0.08659375,  0.63150612,
        2.44841241,  0.05304466, -0.55331206, -0.13585045, -0.00653905,
       -0.28974244, -0.009763  ]), array([-0.05242088,  1.28538309, -0.50361215, -0.0866269 ,  0.63006376,
        2.44836328,  0.05355082, -0.55779494, -0.13698087, -0.00663076,
       -0.288472  , -0.0098263 ]), array([-0.05215015,  1.2825737 , -0.50430115, -0.08666175,  0.62862933,
        2.44831408,  0.05414641, -0.56187908, -0.13779916, -0.00696982,
       -0.28688587, -0.00983927]), array([-0.05187656,  1.27974587, -0.50499264, -0.08669799,  0.62720429,
        2.44826468,  0.05471737, -0.56556525, -0.13829901, -0.00724739,
       -0.28500816, -0.00987964]), array([-0.05160025,  1.2769016 , -0.50568504, -0.08673535,  0.6257901 ,
        2.44821501,  0.05526276, -0.56885523, -0.13847976, -0.00747245,
       -0.28283776, -0.00993424]), array([-0.05132134,  1.27404284, -0.50637675, -0.08677361,  0.62438823,
        2.44816503,  0.05578181, -0.57175077, -0.13834115, -0.0076519 ,
       -0.2803743 , -0.00999606]), array([-0.05103997,  1.27117158, -0.50706617, -0.08681257,  0.62300014,
        2.44811473,  0.05627394, -0.57425364, -0.13788335, -0.00779113,
       -0.27761825, -0.0100614 ]), array([-0.05075627,  1.26828975, -0.5077517 , -0.08685204,  0.62162729,
        2.44806408,  0.05673867, -0.57636565, -0.13710698, -0.00789436,
       -0.27457083, -0.01012837]), array([-0.0504704 ,  1.2653993 , -0.50843177, -0.08689186,  0.62027112,
        2.4480131 ,  0.05717565, -0.57808869, -0.13601307, -0.00796496,
       -0.27123402, -0.010196  ]), array([-0.05018247,  1.26250218, -0.50910478, -0.08693189,  0.61893306,
        2.44796179,  0.05758456, -0.57942476, -0.13460313, -0.00800563,
       -0.26761057, -0.01026383]), array([-0.04989265,  1.2596003 , -0.50976918, -0.08697199,  0.61761454,
        2.44791013,  0.05796519, -0.58037599, -0.13287909, -0.00801853,
       -0.26370395, -0.01033164]), array([-0.04960106,  1.25669558, -0.51042339, -0.08701201,  0.61631695,
        2.44785813,  0.05831734, -0.58094469, -0.13084336, -0.00800546,
       -0.25951833, -0.01039933]), array([-0.04930786,  1.25378991, -0.51106589, -0.08705185,  0.61504166,
        2.4478058 ,  0.05864087, -0.58113336, -0.1284988 , -0.00796786,
       -0.25505862, -0.01046685]), array([-0.04901318,  1.25088519, -0.51169513, -0.08709139,  0.61379001,
        2.44775313,  0.05893568, -0.58094469, -0.12584871, -0.00790696,
       -0.2503304 , -0.01053417]), array([-0.04871717,  1.24798328, -0.51230962, -0.08713051,  0.61256331,
        2.44770012,  0.0592017 , -0.58038163, -0.12289689, -0.00782378,
       -0.24533994, -0.01060125]), array([-0.04841997,  1.24508604, -0.51290785, -0.0871691 ,  0.61136284,
        2.44764678,  0.05943888, -0.5794474 , -0.11964759, -0.0077192 ,
       -0.24009416, -0.01066805]), array([-0.04812174,  1.24219531, -0.51348838, -0.08720707,  0.61018983,
        2.44759311,  0.0596472 , -0.57814547, -0.11610551, -0.00759399,
       -0.23460063, -0.0107345 ]), array([-0.0478226 ,  1.23931292, -0.51404976, -0.08724432,  0.60904549,
        2.4475391 ,  0.05982667, -0.57647963, -0.11227583, -0.00744882,
       -0.22886753, -0.01080054]), array([-0.04752272,  1.23644065, -0.51459058, -0.08728074,  0.60793098,
        2.44748477,  0.05997732, -0.57445397, -0.10816419, -0.0072843 ,
       -0.22290367, -0.01086607]), array([-0.04722222,  1.23358028, -0.51510947, -0.08731624,  0.60684738,
        2.44743012,  0.0600992 , -0.57207292, -0.10377667, -0.00710101,
       -0.21671842, -0.01093099]), array([-0.04692126,  1.23073357, -0.51560506, -0.08735074,  0.60579578,
        2.44737514,  0.0601924 , -0.56934124, -0.09911981, -0.00689947,
       -0.2103217 , -0.01099519]), array([-0.04661997,  1.22790225, -0.51607607, -0.08738414,  0.60477716,
        2.44731985,  0.06025702, -0.56626405, -0.09420061, -0.00668019,
       -0.20372398, -0.01105855]), array([-0.04632094,  1.22508836, -0.51651973, -0.08741113,  0.60379868,
        2.44726296,  0.05980751, -0.5627781 , -0.08873279, -0.0053974 ,
       -0.19569433, -0.01137751]), array([-0.04602434,  1.22229376, -0.51693468, -0.08743254,  0.60285997,
        2.44720518,  0.05932029, -0.55892131, -0.08298928, -0.00428219,
       -0.1877422 , -0.01155677]), array([-0.04573034,  1.21952022, -0.51731963, -0.08744901,  0.60196089,
        2.44714686,  0.05879939, -0.55470719, -0.07699098, -0.00329431,
       -0.1798175 , -0.01166333]), array([-4.54390982e-02,  1.21676948e+00, -5.17673411e-01, -8.74610278e-02,
        6.01101454e-01,  2.44708820e+00,  5.82481248e-02, -5.50148195e-01,
       -7.07556426e-02, -2.40356772e-03, -1.71886347e-01, -1.17328176e-02]), array([-4.51507520e-02,  1.21404320e+00, -5.17994905e-01, -8.74689630e-02,
        6.00281819e-01,  2.44702928e+00,  5.76692499e-02, -5.45256050e-01,
       -6.42988354e-02, -1.58705388e-03, -1.63926944e-01, -1.17838984e-02]), array([-4.48654265e-02,  1.21134299e+00, -5.18283078e-01, -8.74730992e-02,
        5.99502186e-01,  2.44697015e+00,  5.70651044e-02, -5.40041993e-01,
       -5.76345871e-02, -8.27226413e-04, -1.55926574e-01, -1.18261180e-02]), array([-4.45832380e-02,  1.20867041e+00, -5.18536957e-01, -8.74736521e-02,
        5.98762790e-01,  2.44691083e+00,  5.64377003e-02, -5.34516973e-01,
       -5.07758974e-02, -1.10593193e-04, -1.47879320e-01, -1.18641681e-02]), array([-4.43042940e-02,  1.20602695e+00, -5.18755633e-01, -8.74707859e-02,
        5.98063868e-01,  2.44685133e+00,  5.57887964e-02, -5.28691792e-01,
       -4.37350972e-02,  5.73248606e-04, -1.39784367e-01, -1.19001841e-02]), array([-4.40286942e-02,  1.20341406e+00, -5.18938253e-01, -8.74646243e-02,
        5.97405644e-01,  2.44679165e+00,  5.51199559e-02, -5.22577211e-01,
       -3.65241088e-02,  1.23231926e-03, -1.31644731e-01, -1.19349832e-02]), array([-4.37565313e-02,  1.20083314e+00, -5.19084027e-01, -8.74552604e-02,
        5.96788313e-01,  2.44673181e+00,  5.44325899e-02, -5.16184027e-01,
       -2.91546314e-02,  1.87278742e-03, -1.23466292e-01, -1.19687246e-02]), array([-0.04348789,  1.19828552, -0.51919222, -0.08744276,  0.59621203,
        2.4466718 ,  0.05372799, -0.50952313, -0.02163827,  0.00249937,
       -0.11525707, -0.01200126]), array([-0.04322285,  1.1957725 , -0.51926215, -0.08742719,  0.59567689,
        2.44661164,  0.05300737, -0.50260556, -0.01398662,  0.00311567,
       -0.10702665, -0.01203231]), array([-0.0429615 ,  1.19329528, -0.51929321, -0.08740856,  0.59518297,
        2.44655133,  0.05227185, -0.49544251, -0.00621133,  0.00372436,
       -0.09878577, -0.01206156]), array([-4.27038827e-02,  1.19085506e+00, -5.19284828e-01, -8.73869262e-02,
        5.94730235e-01,  2.44649089e+00,  5.15225159e-02, -4.88045340e-01,
        1.67588770e-03,  4.32743623e-03, -9.05459961e-02, -1.20886994e-02]), array([-0.04245008,  1.18845293, -0.51923651, -0.08736229,  0.59431864,
        2.44643032,  0.05076041, -0.48042562,  0.0096632 ,  0.00492633,
       -0.08231944, -0.01211345]), array([-0.04220015,  1.18608995, -0.51914782, -0.08733468,  0.59394805,
        2.44636964,  0.04998655, -0.47259508,  0.01773871,  0.00552205,
       -0.07411858, -0.01213557]), array([-0.04195414,  1.18376713, -0.51901837, -0.08730411,  0.59361826,
        2.44630887,  0.04920192, -0.46456567,  0.0258904 ,  0.00611522,
       -0.06595609, -0.01215485]), array([-0.0417121 ,  1.18148538, -0.51884784, -0.08727058,  0.59332904,
        2.44624801,  0.04840749, -0.45634948,  0.0341062 ,  0.00670623,
       -0.05784469, -0.0121711 ]), array([-0.04147408,  1.17924558, -0.51863597, -0.0872341 ,  0.59308006,
        2.44618709,  0.04760422, -0.44795879,  0.04237398,  0.00729523,
       -0.04979708, -0.01218417]), array([-0.04124011,  1.17704855, -0.51838256, -0.08719469,  0.59287093,
        2.44612612,  0.04679304, -0.439406  ,  0.05068157,  0.00788222,
       -0.04182581, -0.01219395]), array([-0.04101024,  1.17489504, -0.51808747, -0.08715235,  0.59270121,
        2.44606512,  0.04597491, -0.43070367,  0.05901682,  0.00846705,
       -0.03394323, -0.01220033]), array([-0.04078449,  1.17278571, -0.51775064, -0.08710711,  0.5925704 ,
        2.4460041 ,  0.04515074, -0.42186446,  0.06736756,  0.00904947,
       -0.02616144, -0.01220325]), array([-0.04056288,  1.17072121, -0.51737203, -0.08705896,  0.59247794,
        2.44594309,  0.04432145, -0.4129011 ,  0.07572171,  0.00962916,
       -0.01849218, -0.01220265]), array([-0.04034544,  1.16870208, -0.51695169, -0.08700793,  0.59242321,
        2.4458821 ,  0.04348796, -0.40382642,  0.08406725,  0.01020573,
       -0.01094685, -0.01219851]), array([-0.04013218,  1.16672881, -0.51648973, -0.08695404,  0.59240553,
        2.44582115,  0.04265117, -0.39465326,  0.09239226,  0.01077874,
       -0.00353642, -0.01219079]), array([-0.03992312,  1.16480184, -0.51598631, -0.0868973 ,  0.59242417,
        2.44576025,  0.04181196, -0.38539451,  0.10068496,  0.01134773,
        0.00372855, -0.01217951]), array([-0.03971827,  1.16292152, -0.51544164, -0.08683774,  0.59247836,
        2.44569942,  0.04097123, -0.37606303,  0.10893374,  0.01191221,
        0.01083803, -0.01216468]), array([-0.03951762,  1.16108816, -0.514856  , -0.08677538,  0.59256727,
        2.44563869,  0.04012983, -0.36667168,  0.11712718,  0.01247167,
        0.01778245, -0.01214634]), array([-0.03932118,  1.159302  , -0.51422973, -0.08671025,  0.59269004,
        2.44557807,  0.03928862, -0.35723323,  0.12525408,  0.01302559,
        0.02455279, -0.01212452]), array([-0.03912893,  1.1575632 , -0.51356321, -0.08664239,  0.59284574,
        2.44551757,  0.03844845, -0.34776039,  0.13330346,  0.01357345,
        0.03114056, -0.01209928]), array([-0.03894088,  1.15587187, -0.51285689, -0.08657181,  0.59303343,
        2.44545722,  0.03761014, -0.33826576,  0.14126464,  0.01411473,
        0.03753784, -0.0120707 ]), array([-0.03875701,  1.15422806, -0.51211125, -0.08649857,  0.59325211,
        2.44539703,  0.03677449, -0.32876182,  0.14912721,  0.01464891,
        0.04373729, -0.01203886]), array([-0.0385773 ,  1.15263175, -0.51132685, -0.08642269,  0.59350077,
        2.44533701,  0.0359423 , -0.31926086,  0.15688108,  0.0151755 ,
        0.04973216, -0.01200384]), array([-0.03840173,  1.15108288, -0.51050427, -0.08634422,  0.59377836,
        2.44527718,  0.03511433, -0.30977504,  0.16451649,  0.01569399,
        0.05551628, -0.01196575]), array([-0.03823027,  1.1495813 , -0.50964415, -0.0862632 ,  0.59408378,
        2.44521755,  0.03429133, -0.30031629,  0.17202406,  0.0162039 ,
        0.06108409, -0.0119247 ]), array([-0.0380629 ,  1.14812682, -0.50874717, -0.08617968,  0.59441593,
        2.44515815,  0.03347403, -0.29089631,  0.17939473,  0.01670475,
        0.06643064, -0.01188082]), array([-0.03789958,  1.14671918, -0.50781407, -0.0860937 ,  0.59477369,
        2.44509898,  0.03266313, -0.28152657,  0.18661988,  0.0171961 ,
        0.07155156, -0.01183422]), array([-0.03774029,  1.14535809, -0.50684562, -0.08600531,  0.5951559 ,
        2.44504005,  0.0318593 , -0.27221826,  0.19369127,  0.01767751,
        0.07644311, -0.01178504]), array([-0.03758497,  1.14404318, -0.50584261, -0.08591457,  0.59556141,
        2.44498139,  0.03106319, -0.2629823 ,  0.20060107,  0.01814857,
        0.08110213, -0.01173343]), array([-0.03743359,  1.14277403, -0.5048059 , -0.08582152,  0.59598904,
        2.44492299,  0.03027544, -0.2538293 ,  0.2073419 ,  0.01860888,
        0.08552605, -0.01167954]), array([-0.03728611,  1.14155019, -0.50373637, -0.08572623,  0.59643761,
        2.44486487,  0.02949663, -0.24476953,  0.21390681,  0.01905806,
        0.08971288, -0.0116235 ]), array([-0.03714247,  1.14037112, -0.50263492, -0.08562875,  0.59690591,
        2.44480704,  0.02872735, -0.23581294,  0.22028929,  0.01949577,
        0.09366121, -0.01156548]), array([-0.03700263,  1.13923628, -0.5015025 , -0.08552914,  0.59739277,
        2.44474952,  0.02796813, -0.22696912,  0.22648329,  0.01992167,
        0.09737019, -0.01150564]), array([-0.03686654,  1.13814504, -0.50034009, -0.08542747,  0.59789696,
        2.4446923 ,  0.02721948, -0.21824729,  0.23248325,  0.02033546,
        0.1008395 , -0.01144414]), array([-0.03673413,  1.13709676, -0.49914867, -0.08532378,  0.59841731,
        2.44463539,  0.02648189, -0.2096563 ,  0.23828402,  0.02073687,
        0.10406937, -0.01138114]), array([-0.03660535,  1.13609073, -0.49792926, -0.08521815,  0.59895261,
        2.44457881,  0.02575582, -0.20120459,  0.24388098,  0.02112563,
        0.10706052, -0.01131681]), array([-0.03648014,  1.13512623, -0.49668291, -0.08511065,  0.59950168,
        2.44452255,  0.02504169, -0.19290022,  0.24926993,  0.02150152,
        0.10981418, -0.01125131]), array([-0.03635844,  1.13420248, -0.49541068, -0.08500132,  0.60006334,
        2.44446662,  0.02433989, -0.18475082,  0.25444717,  0.02186433,
        0.11233205, -0.01118481]), array([-0.03624019,  1.13331866, -0.49411363, -0.08489026,  0.60063642,
        2.44441104,  0.0236508 , -0.17676361,  0.25940945,  0.02221388,
        0.11461628, -0.01111747]), array([-0.03612531,  1.13247393, -0.49279286, -0.08477751,  0.60121977,
        2.44435579,  0.02297475, -0.16894539,  0.264154  ,  0.02255001,
        0.11666947, -0.01104945]), array([-0.03601375,  1.13166742, -0.49144947, -0.08466314,  0.60181225,
        2.44430089,  0.02231204, -0.16130252,  0.26867851,  0.0228726 ,
        0.1184946 , -0.01098092]), array([-0.03590544,  1.13089822, -0.49008456, -0.08454723,  0.60241272,
        2.44424633,  0.02166297, -0.15384094,  0.27298111,  0.02318154,
        0.12009508, -0.01091203]), array([-0.0358003 ,  1.13016539, -0.48869926, -0.08442985,  0.60302009,
        2.44419211,  0.02102777, -0.14656615,  0.27706038,  0.02347675,
        0.12147464, -0.01084294]), array([-0.03569827,  1.12946797, -0.48729468, -0.08431106,  0.60363328,
        2.44413824,  0.02040668, -0.13948321,  0.28091536,  0.02375819,
        0.12263738, -0.01077379]), array([-0.03559927,  1.12880499, -0.48587196, -0.08419093,  0.60425122,
        2.44408472,  0.01979988, -0.13259675,  0.28454549,  0.02402581,
        0.12358771, -0.01070474]), array([-0.03550323,  1.12817543, -0.4844322 , -0.08406953,  0.60487287,
        2.44403154,  0.01920754, -0.12591097,  0.28795066,  0.02427962,
        0.12433033, -0.01063594]), array([-0.03541008,  1.12757828, -0.48297655, -0.08394693,  0.60549722,
        2.4439787 ,  0.0186298 , -0.11942962,  0.29113115,  0.02451964,
        0.12487022, -0.01056751]), array([-0.03531975,  1.1270125 , -0.48150611, -0.08382321,  0.60612328,
        2.4439262 ,  0.01806678, -0.11315605,  0.29408763,  0.0247459 ,
        0.12521258, -0.01049959]), array([-0.03523215,  1.12647704, -0.480022  , -0.08369841,  0.6067501 ,
        2.44387404,  0.01751857, -0.10709315,  0.29682118,  0.02495848,
        0.12536287, -0.01043231]), array([-0.03514723,  1.12597082, -0.47852534, -0.08357263,  0.60737673,
        2.44382221,  0.01698523, -0.10124343,  0.29933323,  0.02515745,
        0.12532671, -0.01036579]), array([-0.03506489,  1.12549278, -0.47701721, -0.08344591,  0.60800228,
        2.44377071,  0.01646679, -0.09560895,  0.30162557,  0.02534293,
        0.12510992, -0.01030015]), array([-0.03498508,  1.12504182, -0.47549871, -0.08331834,  0.60862587,
        2.44371953,  0.01596328, -0.09019139,  0.30370033,  0.02551505,
        0.12471846, -0.01023549]), array([-0.0349077 ,  1.12461686, -0.47397091, -0.08318997,  0.60924667,
        2.44366867,  0.0154747 , -0.08499202,  0.30555998,  0.02567394,
        0.12415843, -0.01017193]), array([-0.0348327 ,  1.1242168 , -0.47243487, -0.08306087,  0.60986385,
        2.44361813,  0.015001  , -0.08001174,  0.30720728,  0.02581979,
        0.12343602, -0.01010955]), array([-0.03475999,  1.12384054, -0.47089164, -0.0829311 ,  0.61047663,
        2.44356788,  0.01454215, -0.07525104,  0.30864529,  0.02595277,
        0.12255752, -0.01004846]), array([-0.0346895 ,  1.12348699, -0.46934226, -0.08280074,  0.61108428,
        2.44351794,  0.01409808, -0.07071007,  0.30987736,  0.02607309,
        0.1215293 , -0.00998873]), array([-0.03462115,  1.12315505, -0.46778772, -0.08266983,  0.61168607,
        2.44346829,  0.01366869, -0.06638861,  0.31090708,  0.02618096,
        0.12035775, -0.00993044]), array([-0.03455488,  1.12284362, -0.46622903, -0.08253845,  0.61228132,
        2.44341892,  0.01325389, -0.06228608,  0.31173831,  0.02627662,
        0.11904932, -0.00987368]), array([-0.03449062,  1.12255161, -0.46466716, -0.08240665,  0.61286937,
        2.44336983,  0.01285355, -0.05840159,  0.3123751 ,  0.02636031,
        0.11761045, -0.00981849]), array([-0.03442828,  1.12227794, -0.46310305, -0.08227449,  0.61344961,
        2.443321  ,  0.01246753, -0.05473391,  0.31282176,  0.0264323 ,
        0.11604759, -0.00976494]), array([-0.0343678 ,  1.12202154, -0.46153763, -0.08214202,  0.61402144,
        2.44327244,  0.01209568, -0.0512815 ,  0.31308274,  0.02649286,
        0.11436716, -0.00971309]), array([-0.03430911,  1.12178132, -0.45997182, -0.08200931,  0.61458432,
        2.44322412,  0.01173782, -0.04804253,  0.31316271,  0.02654227,
        0.11257555, -0.00966299]), array([-0.03425214,  1.12155625, -0.45840649, -0.08187641,  0.61513772,
        2.44317605,  0.01139378, -0.04501486,  0.31306648,  0.02658083,
        0.1106791 , -0.00961466]), array([-0.03419682,  1.12134527, -0.45684249, -0.08174336,  0.61568114,
        2.44312821,  0.01106335, -0.04219613,  0.31279902,  0.02660884,
        0.10868409, -0.00956815]), array([-0.03414309,  1.12114735, -0.45528066, -0.08161023,  0.61621412,
        2.44308059,  0.01074633, -0.03958366,  0.3123654 ,  0.02662662,
        0.10659673, -0.00952349]), array([-0.03409088,  1.12096148, -0.45372181, -0.08147706,  0.61673624,
        2.44303319,  0.01044249, -0.03717457,  0.31177084,  0.02663448,
        0.10442313, -0.00948071]), array([-0.03404012,  1.12078665, -0.45216671, -0.08134389,  0.61724708,
        2.44298599,  0.01015161, -0.03496572,  0.31102063,  0.02663274,
        0.10216932, -0.00943981]), array([-0.03399076,  1.12062188, -0.45061611, -0.08121078,  0.61774629,
        2.44293898,  0.00987345, -0.03295377,  0.31012015,  0.02662175,
        0.09984122, -0.00940083]), array([-0.03394272,  1.1204662 , -0.44907073, -0.08107778,  0.61823351,
        2.44289217,  0.00960775, -0.03113518,  0.30907487,  0.02660183,
        0.09744464, -0.00936375]), array([-0.03389595,  1.12031867, -0.44753128, -0.08094491,  0.61870844,
        2.44284552,  0.00935425, -0.0295062 ,  0.30789028,  0.02657333,
        0.09498527, -0.0093286 ]), array([-0.03385038,  1.12017836, -0.44599842, -0.08081223,  0.61917078,
        2.44279905,  0.0091127 , -0.02806291,  0.30657193,  0.02653659,
        0.09246867, -0.00929536]), array([-0.03380597,  1.12004435, -0.44447279, -0.08067977,  0.61962028,
        2.44275273,  0.00888283, -0.02680123,  0.30512541,  0.02649195,
        0.08990026, -0.00926404]), array([-0.03376265,  1.11991577, -0.44295501, -0.08054757,  0.62005671,
        2.44270655,  0.00866434, -0.02571693,  0.30355631,  0.02643976,
        0.08728535, -0.00923462]), array([-0.03372036,  1.11979174, -0.44144566, -0.08041567,  0.62047985,
        2.44266052,  0.00845697, -0.02480564,  0.30187023,  0.02638036,
        0.08462908, -0.0092071 ]), array([-0.03367906,  1.11967142, -0.4399453 , -0.0802841 ,  0.62088954,
        2.44261461,  0.00826042, -0.02406287,  0.30007276,  0.0263141 ,
        0.08193646, -0.00918146]), array([-0.03363869,  1.119554  , -0.43845445, -0.08015289,  0.6212856 ,
        2.44256882,  0.0080744 , -0.023484  ,  0.29816948,  0.02624132,
        0.07921234, -0.00915768]), array([-0.03359919,  1.11943868, -0.43697362, -0.08002208,  0.62166791,
        2.44252314,  0.00789862, -0.02306433,  0.29616594,  0.02616237,
        0.07646143, -0.00913574]), array([-0.03356053,  1.11932469, -0.43550328, -0.07989169,  0.62203635,
        2.44247756,  0.00773279, -0.02279906,  0.29406765,  0.02607758,
        0.07368828, -0.00911561]), array([-0.03352265,  1.11921127, -0.43404388, -0.07976175,  0.62239083,
        2.44243208,  0.00757659, -0.02268332,  0.29188007,  0.02598729,
        0.0708973 , -0.00909727]), array([-0.0334855 ,  1.11909771, -0.43259584, -0.07963229,  0.6227313 ,
        2.44238667,  0.00742974, -0.02271217,  0.28960863,  0.02589185,
        0.06809272, -0.00908068]), array([-0.03344904,  1.11898331, -0.43115955, -0.07950334,  0.62305769,
        2.44234135,  0.00729193, -0.02288061,  0.28725867,  0.02579156,
        0.06527864, -0.00906582]), array([-0.03341322,  1.11886739, -0.42973537, -0.0793749 ,  0.62336999,
        2.44229608,  0.00716286, -0.02318361,  0.28483548,  0.02568677,
        0.06245901, -0.00905265]), array([-0.03337801,  1.11874931, -0.42832365, -0.07924701,  0.62366817,
        2.44225088,  0.00704222, -0.0236161 ,  0.28234426,  0.02557778,
        0.05963759, -0.00904113]), array([-0.03334336,  1.11862844, -0.4269247 , -0.07911969,  0.62395226,
        2.44220572,  0.00692972, -0.02417297,  0.27979014,  0.02546492,
        0.05681804, -0.00903123]), array([-0.03330924,  1.1185042 , -0.42553881, -0.07899295,  0.62422228,
        2.44216061,  0.00682505, -0.02484912,  0.27717816,  0.02534849,
        0.05400383, -0.00902291]), array([-0.0332756 ,  1.118376  , -0.42416624, -0.0788668 ,  0.62447827,
        2.44211553,  0.00672793, -0.02563943,  0.27451326,  0.0252288 ,
        0.05119829, -0.00901613]), array([-0.03324241,  1.11824331, -0.42280724, -0.07874127,  0.6247203 ,
        2.44207047,  0.00663804, -0.0265388 ,  0.2718003 ,  0.02510614,
        0.04840462, -0.00901084]), array([-0.03320963,  1.1181056 , -0.42146202, -0.07861637,  0.62494843,
        2.44202544,  0.00655509, -0.02754211,  0.26904402,  0.02498079,
        0.04562586, -0.00900701]), array([-0.03317724,  1.11796238, -0.42013077, -0.0784921 ,  0.62516275,
        2.44198041,  0.0064788 , -0.02864428,  0.26624906,  0.02485305,
        0.04286491, -0.0090046 ]), array([-0.0331452 ,  1.11781317, -0.41881367, -0.07836849,  0.62536337,
        2.4419354 ,  0.00640888, -0.02984027,  0.26341995,  0.02472318,
        0.04012454, -0.00900355]), array([-0.03042415,  1.11956246, -0.41593712, -0.08052425,  0.62444458,
        2.45247293,  0.54420865,  0.34985719,  0.57530981, -0.43115274,
       -0.18375933,  2.10750619]), array([-0.02536997,  1.11637995, -0.40910896, -0.07619649,  0.63030574,
        2.45192866,  1.01083576, -0.63650178,  1.36563224,  0.86555259,
        1.172232  , -0.10885392]), array([-0.01930578,  1.1159111 , -0.40344137, -0.06823535,  0.63589633,
        2.46101845,  1.21283837, -0.09377048,  1.13351853,  1.59222822,
        1.11811939,  1.81795958]), array([-0.01259043,  1.11241985, -0.39663025, -0.05661404,  0.64233008,
        2.47969972,  1.34307031, -0.69824985,  1.36222396,  2.32426079,
        1.28674962,  3.73625272]), array([-0.00624724,  1.10451533, -0.38559342, -0.04866714,  0.65283951,
        2.48795927,  1.26863767, -1.58090387,  2.2073651 ,  1.58938069,
        2.10188561,  1.65190996]), array([-3.56785647e-04,  1.09979517e+00, -3.75935173e-01, -4.47408272e-02,
        6.61978607e-01,  2.48596195e+00,  1.17809121e+00, -9.44031890e-01,
        1.93165017e+00,  7.85262124e-01,  1.82781939e+00, -3.99464303e-01]), array([ 0.00504367,  1.09186819, -0.36459878, -0.04432716,  0.67322849,
        2.47439722,  1.08009053, -1.5853952 ,  2.26727913,  0.08273322,
        2.24997688, -2.31294532]), array([ 0.01082787,  1.08715721, -0.35480929, -0.0406857 ,  0.68244035,
        2.47291703,  1.15684027, -0.94219697,  1.95789825,  0.72829296,
        1.84237218, -0.29603771]), array([ 0.01621377,  1.08658712, -0.34832688, -0.04081973,  0.68805146,
        2.46160292,  1.07718128, -0.11401841,  1.29648191, -0.02680724,
        1.12222229, -2.26282182]), array([ 0.02189377,  1.08343278, -0.34068033, -0.03732211,  0.69511803,
        2.44228434,  1.13599879, -0.63086748,  1.52931034,  0.69952437,
        1.41331249, -3.8637158 ]), array([ 0.02695627,  1.08320157, -0.33405369, -0.03870007,  0.70069697,
        2.43428163,  1.01249966, -0.0462413 ,  1.32532656, -0.27559162,
        1.11578817, -1.60054234]), array([ 0.03246614,  1.0799328 , -0.32612207, -0.03545576,  0.707233  ,
        2.41604561,  1.10197509, -0.65375514,  1.58632496,  0.64886193,
        1.30720719, -3.64720346]), array([ 0.03734731,  1.07204473, -0.31364013, -0.03670162,  0.71795688,
        2.40930868,  0.97623255, -1.57761325,  2.49638668, -0.24917282,
        2.14477618, -1.34738612]), array([ 0.04174377,  1.06009908, -0.29739374, -0.04122008,  0.73194913,
        2.39310474,  0.87929319, -2.38913104,  3.24927855, -0.90369182,
        2.7984491 , -3.24078971]), array([ 0.04650084,  1.05127472, -0.28262457, -0.04238343,  0.74484143,
        2.38713807,  0.95141337, -1.76487195,  2.95383475, -0.23267032,
        2.57846071, -1.19333325]), array([ 0.05098852,  1.04670741, -0.27147978, -0.04784323,  0.75406877,
        2.39195319,  0.89753598, -0.91346085,  2.22895804, -1.09195895,
        1.84546748,  0.96302452]), array([ 0.05612871,  1.03888181, -0.25881895, -0.04837914,  0.76572044,
        2.38598205,  1.02803888, -1.56512134,  2.53216541, -0.10718298,
        2.33033444, -1.19422762]), array([ 0.06079736,  1.02732871, -0.24277446, -0.05299964,  0.77893282,
        2.3909966 ,  0.93373026, -2.31061938,  3.20889775, -0.92409872,
        2.64247643,  1.00291026]), array([ 0.06524933,  1.01893969, -0.228082  , -0.0616542 ,  0.79093877,
        2.406234  ,  0.89039361, -1.67780341,  2.93849313, -1.7309123 ,
        2.40118925,  3.04747811]), array([ 0.07009405,  1.01252803, -0.21533482, -0.06847183,  0.80092269,
        2.42467187,  0.96894361, -1.28233246,  2.5494346 , -1.36352559,
        1.99678323,  3.6875757 ]), array([ 0.07484988,  1.00641572, -0.20306895, -0.07506108,  0.81031079,
        2.4423002 ,  0.95116627, -1.22246281,  2.45317523, -1.31785059,
        1.8776209 ,  3.52566611]), array([ 0.08005607,  1.00098138, -0.19095329, -0.08159393,  0.81904465,
        2.45713982,  1.04123726, -1.0868664 ,  2.42313211, -1.30657079,
        1.74677253,  2.96792414]), array([ 0.08593068,  0.99667556, -0.17915312, -0.08614278,  0.82737134,
        2.47516769,  1.17492174, -0.86116407,  2.36003389, -0.90977002,
        1.66533698,  3.60557202]), array([ 0.09177634,  0.99158708, -0.16671093, -0.08984247,  0.83625565,
        2.4943824 ,  1.16913356, -1.01769633,  2.4884371 , -0.73993639,
        1.77686229,  3.84294323]), array([ 0.09731162,  0.98723477, -0.15471164, -0.09427446,  0.844719  ,
        2.51077431,  1.10705438, -0.87046322,  2.39985834, -0.88639905,
        1.69267019,  3.27838203]), array([ 0.10204556,  0.9814065 , -0.14195522, -0.1002485 ,  0.8553027 ,
        2.52253944,  0.94678823, -1.16565405,  2.55128362, -1.19480786,
        2.11673956,  2.3530253 ]), array([ 0.10633688,  0.97478017, -0.12822971, -0.10690273,  0.86616616,
        2.53181386,  0.8582637 , -1.32526466,  2.74510251, -1.3308467 ,
        2.17269254,  1.85488405]), array([ 0.10999649,  0.96738395, -0.11359044, -0.11454233,  0.87728869,
        2.54279339,  0.73192357, -1.47924417,  2.92785465, -1.52791918,
        2.22450467,  2.19590599]), array([ 0.11305818,  0.9592542 , -0.09809267, -0.1229701 ,  0.8886447 ,
        2.55130253,  0.61233803, -1.62595084,  3.09955243, -1.68555331,
        2.27120323,  1.70182824]), array([ 0.11461444,  0.9493409 , -0.08031692, -0.13349394,  0.90118855,
        2.5555036 ,  0.31125159, -1.98266006,  3.55514973, -2.10476831,
        2.50876946,  0.84021477]), array([ 0.11546282,  0.94026841, -0.06302489, -0.14517481,  0.91299542,
        2.55761109,  0.16967614, -1.81449731,  3.45840658, -2.33617429,
        2.36137466,  0.42149651]), array([ 0.11596069,  0.93142304, -0.04742751, -0.15534959,  0.92140272,
        2.55983816,  0.09957417, -1.76907332,  3.11947688, -2.03495653,
        1.68146007,  0.4454152 ]), array([ 0.11619578,  0.92291502, -0.03297823, -0.16427574,  0.92669009,
        2.56201444,  0.04701799, -1.70160431,  2.88985605, -1.78523019,
        1.05747371,  0.43525579]), array([ 0.1161714 ,  0.91475806, -0.01951923, -0.17201152,  0.92945119,
        2.56398469, -0.00487608, -1.63139317,  2.69179854, -1.54715606,
        0.55221921,  0.39405069]), array([ 0.11597771,  0.90696116, -0.00689452, -0.17885529,  0.93039489,
        2.56577716, -0.03873754, -1.5593797 ,  2.52494364, -1.36875376,
        0.18873999,  0.35849365]), array([ 0.11568776,  0.89953159,  0.00501967, -0.1850486 ,  0.93004937,
        2.567416  , -0.05799098, -1.48591444,  2.38283812, -1.23866142,
       -0.06910394,  0.32776716]), array([ 0.11536065,  0.89247441,  0.01632158, -0.19078586,  0.92880604,
        2.5689218 , -0.06542188, -1.41143499,  2.26038101, -1.14745317,
       -0.24866642,  0.3011599 ]), array([ 0.11504405,  0.88579253,  0.02708944, -0.19622241,  0.92695278,
        2.57031204, -0.06331961, -1.33637675,  2.153572  , -1.08730971,
       -0.37065199,  0.27804791]), array([ 0.11477616,  0.87948687,  0.03738589, -0.20148116,  0.92469915,
        2.57160145, -0.05357919, -1.2611315 ,  2.05929033, -1.05174947,
       -0.45072499,  0.25788244]), array([ 0.11458727,  0.87355671,  0.04726144, -0.2066582 ,  0.92219553,
        2.57280236, -0.03777642, -1.18603241,  1.97510908, -1.03540741,
       -0.50072376,  0.2401815 ]), array([ 0.11450115,  0.86799994,  0.05675715, -0.21182746,  0.91954764,
        2.57392498, -0.01722518, -1.11135298,  1.89914341, -1.0338518 ,
       -0.52957881,  0.22452366]), array([ 0.11453604,  0.86281338,  0.0659068 , -0.21704462,  0.9168276 ,
        2.57497769,  0.00697773, -1.03731258,  1.82992903, -1.04343207,
       -0.54400847,  0.21054279]), array([ 0.11470562,  0.85799296,  0.07473843, -0.22235038,  0.91408236,
        2.57596731,  0.03391684, -0.96408443,  1.76632619, -1.06115178,
       -0.54904684,  0.19792342]), array([ 0.11501977,  0.85353394,  0.08327565, -0.22777319,  0.91134014,
        2.57689929,  0.0628291 , -0.89180405,  1.70744462, -1.08456247,
       -0.54844517,  0.18639632]), array([ 0.11548517,  0.84943105,  0.09153858, -0.23333156,  0.90861525,
        2.57777796,  0.09308004, -0.82057707,  1.6525852 , -1.11167473,
       -0.54497724,  0.17573412]), array([ 0.11610589,  0.84567862,  0.09954455, -0.23903598,  0.90591189,
        2.57860669,  0.12414403, -0.75048598,  1.60119501, -1.14088347,
       -0.54067207,  0.16574706]), array([ 0.11688383,  0.84227064,  0.10730872, -0.2448905 ,  0.90322693,
        2.57938809,  0.15558761, -0.68159569,  1.55283276, -1.17090516,
       -0.53699136,  0.15627885]), array([ 0.1178191 ,  0.83920085,  0.11484443, -0.25089413,  0.90055211,
        2.5801241 ,  0.18705556, -0.6139581 ,  1.5071423 , -1.20072492,
       -0.53496484,  0.14720267]), array([ 0.1189104 ,  0.83646277,  0.12216359, -0.25704189,  0.89787564,
        2.58081619,  0.2182589 , -0.54761561,  1.46383245, -1.22955191,
       -0.53529372,  0.13841732]), array([ 0.12015522,  0.83404976,  0.1292769 , -0.2633258 ,  0.89518349,
        2.58146541,  0.24896476, -0.48260386,  1.42266167, -1.2567817 ,
       -0.53842965,  0.12984374]), array([ 0.12155016,  0.83195499,  0.13619403, -0.26973562,  0.89246031,
        2.58207251,  0.27898759, -0.41895378,  1.38342634, -1.28196446,
       -0.54463516,  0.12142166]), array([ 0.12309107,  0.83017152,  0.14292379, -0.27625951,  0.88969017,
        2.58263805,  0.30818172, -0.35669311,  1.34595204, -1.30477805,
       -0.55402996,  0.11310662]), array([ 0.12477324,  0.82869228,  0.14947423, -0.28288454,  0.88685703,
        2.58316238,  0.33643493, -0.29584746,  1.31008685, -1.32500528,
       -0.56662634,  0.10486728]), array([ 0.12659156,  0.82751008,  0.15585271, -0.28959711,  0.88394525,
        2.5836458 ,  0.36366287, -0.23644106,  1.27569643, -1.34251473,
       -0.58235644,  0.09668303]), array([ 0.12854058,  0.82661759,  0.16206601, -0.29638333,  0.88093979,
        2.58408851,  0.38980436, -0.17849719,  1.24266023, -1.35724443,
       -0.60109315,  0.08854186]), array([ 0.13061467,  0.8260074 ,  0.16812035, -0.30322927,  0.87782645,
        2.5844907 ,  0.4148173 , -0.1220385 ,  1.21086882, -1.36918821,
       -0.62266624,  0.08043856]), array([ 0.13280804,  0.82567196,  0.17402146, -0.31012119,  0.87459208,
        2.58485257,  0.43867519, -0.06708707,  1.18022174, -1.37838404,
       -0.64687481,  0.07237313]), array([ 0.13511486,  0.82560364,  0.17977459, -0.31704572,  0.8712246 ,
        2.58517431,  0.46136419, -0.01366443,  1.1506261 , -1.38490434,
       -0.67349694,  0.06434945]), array([ 0.13752926,  0.82579468,  0.18538457, -0.32398995,  0.86771311,
        2.58545619,  0.48288055,  0.0382085 ,  1.12199541, -1.38884777,
       -0.70229717,  0.05637417]), array([ 0.14004541,  0.82623724,  0.19085581, -0.33094162,  0.86404795,
        2.58569846,  0.5032285 ,  0.08851155,  1.09424884, -1.39033238,
       -0.73303234,  0.04845577]), array([ 0.1426575 ,  0.82692337,  0.19619237, -0.33788907,  0.86022067,
        2.58590148,  0.52241846,  0.13722548,  1.06731064, -1.38948988,
       -0.76545609,  0.04060382]), array([ 0.14535983,  0.82784503,  0.20139792, -0.34482137,  0.85622406,
        2.58606563,  0.54046551,  0.18433211,  1.04110974, -1.3864609 ,
       -0.79932249,  0.0328284 ]), array([ 0.14814677,  0.8289941 ,  0.20647581, -0.35172833,  0.85205211,
        2.58619132,  0.55738811,  0.22981454,  1.01557946, -1.38139108,
       -0.83438875,  0.02513958]), array([ 0.1510128 ,  0.83036239,  0.2114291 , -0.35860046,  0.84770002,
        2.58627906,  0.57320711,  0.27365733,  0.99065732, -1.37442784,
       -0.87041741,  0.01754711]), array([ 0.15395253,  0.83194162,  0.21626052, -0.36542905,  0.84316413,
        2.58632936,  0.58794486,  0.31584664,  0.9662849 , -1.36571782,
       -0.90717806,  0.01006013]), array([ 0.15696065,  0.83372348,  0.22097256, -0.37220608,  0.83844189,
        2.58634279,  0.60162451,  0.35637041,  0.94240775, -1.35540479,
       -0.94444858,  0.00268698]), array([ 0.160032  ,  0.83569957,  0.22556744, -0.37892422,  0.83353181,
        2.58631997,  0.61426945,  0.39521846,  0.91897529, -1.34362796,
       -0.98201622, -0.00456492]), array([ 0.16316151,  0.83786148,  0.23004714, -0.38557682,  0.82843342,
        2.58626152,  0.6259029 ,  0.43238264,  0.89594076, -1.33052081,
       -1.01967827, -0.01168911]), array([ 0.16634425,  0.84020077,  0.23441345, -0.39215787,  0.82314721,
        2.58616812,  0.63654752,  0.4678569 ,  0.87326116, -1.31621008,
       -1.05724264, -0.01868014]), array([ 0.16957538,  0.84270895,  0.23866793, -0.39866195,  0.81767456,
        2.58604046,  0.64622515,  0.50163735,  0.8508972 , -1.30081511,
       -1.09452823, -0.02553356]), array([ 0.17285016,  0.84537756,  0.242812  , -0.40508418,  0.81201774,
        2.58587923,  0.65495667,  0.53372236,  0.82881322, -1.28444742,
       -1.13136518, -0.03224588]), array([ 0.17616397,  0.84819813,  0.24684689, -0.41142024,  0.80617976,
        2.58568515,  0.66276179,  0.56411252,  0.80697716, -1.26721043,
       -1.16759496, -0.03881454]), array([ 0.17951226,  0.85116218,  0.25077369, -0.41766623,  0.80016441,
        2.58545896,  0.66965902,  0.5928107 ,  0.78536043, -1.24919938,
       -1.20307041, -0.04523778]), array([ 0.18289059,  0.85426129,  0.25459338, -0.42381874,  0.79397613,
        2.58520139,  0.67566558,  0.61982202,  0.76393787, -1.2305014 ,
       -1.23765567, -0.05151466]), array([ 0.18629458,  0.85748706,  0.25830682, -0.42987472,  0.78762   ,
        2.58491317,  0.68079742,  0.64515384,  0.74268766, -1.21119559,
       -1.27122607, -0.05764489]), array([ 0.18971992,  0.86083114,  0.26191477, -0.43583149,  0.78110166,
        2.58459502,  0.68506919,  0.66881571,  0.72159117, -1.19135333,
       -1.30366792, -0.06362882]), array([ 0.1931624 ,  0.86428523,  0.26541794, -0.44168668,  0.77442727,
        2.58424769,  0.68849432,  0.69081935,  0.70063291, -1.17103856,
       -1.33487832, -0.0694673 ]), array([ 0.19661782,  0.86784113,  0.26881694, -0.44743822,  0.76760345,
        2.58387188,  0.69108501,  0.71117852,  0.67980037, -1.15030814,
       -1.36476482, -0.07516165]), array([ 0.20008208,  0.87149067,  0.27211236, -0.45308428,  0.76063722,
        2.58346831,  0.69285237,  0.72990905,  0.65908392, -1.12921226,
       -1.39324519, -0.08071357]), array([ 0.20355111,  0.87522582,  0.27530474, -0.45862325,  0.75353599,
        2.58303768,  0.69380638,  0.74702865,  0.63847663, -1.10779489,
       -1.42024705, -0.08612504]), array([ 0.20702089,  0.8790386 ,  0.27839461, -0.46405373,  0.74630745,
        2.58258069,  0.69395608,  0.7625569 ,  0.61797419, -1.08609425,
       -1.44570751, -0.09139831]), array([ 0.21048744,  0.88292118,  0.28138249, -0.46937444,  0.73895958,
        2.58209801,  0.69330957,  0.77651515,  0.59757474, -1.06414325,
       -1.46957285, -0.09653578]), array([ 0.21394681,  0.88686581,  0.28426888, -0.47458429,  0.73150059,
        2.58159031,  0.69187416,  0.78892637,  0.5772787 , -1.04196998,
       -1.49179808, -0.10153999]), array([ 0.2173951 ,  0.89086488,  0.28705432, -0.47968228,  0.72393886,
        2.58105825,  0.68965641,  0.7998151 ,  0.55708864, -1.01959822,
       -1.5123466 , -0.10641357]), array([ 0.22082841,  0.89491092,  0.28973937, -0.48466752,  0.71628291,
        2.58050245,  0.68666222,  0.80920735,  0.53700911, -0.99704785,
       -1.5311898 , -0.11115917]), array([ 0.22424289,  0.89899657,  0.2923246 , -0.4895392 ,  0.70854138,
        2.57992355,  0.68289698,  0.81713043,  0.5170465 , -0.97433537,
       -1.54830663, -0.11577944]), array([ 0.22763472,  0.90311464,  0.29481065, -0.49429657,  0.70072296,
        2.57932217,  0.67836558,  0.82361294,  0.49720885, -0.95147429,
       -1.56368325, -0.12027701]), array([ 0.23100008,  0.90725806,  0.29719817, -0.49893895,  0.6928364 ,
        2.5786989 ,  0.67307257,  0.82868457,  0.47750571, -0.9284756 ,
       -1.5773126 , -0.12465444]), array([ 0.23433519,  0.91141994,  0.29948791, -0.50346569,  0.68489043,
        2.57805433,  0.66702217,  0.83237606,  0.45794798, -0.90534815,
       -1.58919403, -0.1289142 ]), array([ 0.23763628,  0.91559353,  0.30168065, -0.50787618,  0.67689377,
        2.57738903,  0.66021843,  0.83471907,  0.43854773, -0.88209904,
       -1.59933292, -0.13305868]), array([ 0.24089961,  0.91977227,  0.30377724, -0.51216985,  0.66885506,
        2.57670358,  0.65266527,  0.83574605,  0.41931806, -0.85873395,
       -1.60774026, -0.13709015]), array([ 0.24412144,  0.92394972,  0.30577861, -0.51634614,  0.6607829 ,
        2.57599853,  0.64436653,  0.83549021,  0.40027291, -0.83525754,
       -1.61443233, -0.14101077]), array([ 0.24722833,  0.92798663,  0.30760212, -0.52039198,  0.65272498,
        2.57528123,  0.62137793,  0.80738332,  0.36470306, -0.80916803,
       -1.61158401, -0.14345858])], 'U_history': [array([ 2.18432912e-03, -4.37066030e-05,  6.15109145e-07, -6.68228380e-04,
       -3.04038512e-04,  4.23665085e-19]), array([-0.00413079,  0.05221511, -0.0220736 , -0.00304751,  0.09582481,
        0.00570011]), array([-0.00990256,  0.10342585, -0.03611302, -0.00486041,  0.1704078 ,
        0.00905017]), array([-0.01522024,  0.15336382, -0.04384534, -0.0061933 ,  0.22883221,
        0.01107449]), array([-0.02015093,  0.20189393, -0.04661384, -0.00711621,  0.27513538,
        0.01234505]), array([-0.02474525,  0.2489479 , -0.04546583, -0.00768987,  0.31234343,
        0.01318292]), array([-0.02904162,  0.2945082 , -0.0412192 , -0.00796847,  0.34272538,
        0.01376939]), array([-0.03307006,  0.3385962 , -0.03451294, -0.00800044,  0.36798366,
        0.01420759]), array([-0.03685503,  0.38126277, -0.02584614, -0.00782861,  0.38939664,
        0.01455661]), array([-0.04041778,  0.42258027, -0.01560855, -0.00749025,  0.40792491,
        0.01485067]), array([-0.04377762,  0.46263552, -0.00410478, -0.00701723,  0.42429059,
        0.01510974]), array([-0.04695258,  0.50152396,  0.00842662, -0.00643655,  0.43903643,
        0.01534565]), array([-0.04995949,  0.5393452 ,  0.02179848, -0.00577082,  0.4525702 ,
        0.01556547]), array([-0.05281392,  0.57620004,  0.03586373, -0.00503887,  0.4651982 ,
        0.0157735 ]), array([-0.05553011,  0.6121885 ,  0.05050692, -0.00425632,  0.4771505 ,
        0.01597241]), array([-0.05812096,  0.64740869,  0.06563772, -0.003436  ,  0.48860009,
        0.01616388]), array([-0.0605981 ,  0.68195615,  0.08118593, -0.00258839,  0.49967725,
        0.01634899]), array([-0.06297207,  0.71592343,  0.09709759, -0.00172193,  0.5104804 ,
        0.01652848]), array([-0.06525239,  0.74939981,  0.11333183, -0.00084338,  0.52108417,
        0.01670287]), array([-6.74477610e-02,  7.82471167e-01,  1.29858418e-01,  4.19660483e-05,
        5.31545440e-01,  1.68725658e-02]), array([-0.0636717 ,  0.80880061,  0.14219139, -0.00100415,  0.5390404 ,
        0.0170379 ]), array([-6.53165383e-02,  8.40570290e-01,  1.58802743e-01, -7.78176470e-05,
        5.49318442e-01,  1.71497413e-02]), array([-6.68767672e-02,  8.72154794e-01,  1.75656682e-01,  8.14518805e-04,
        5.59511330e-01,  1.72807657e-02]), array([-0.0683613 ,  0.90362711,  0.19274805,  0.00167853,  0.56965164,
        0.01742006]), array([-0.06977844,  0.93505632,  0.21007551,  0.00251872,  0.57976469,
        0.01756193]), array([-0.07113591,  0.96650751,  0.22764059,  0.00333875,  0.58987033,
        0.01770353]), array([-0.07244096,  0.99804177,  0.24544691,  0.00414172,  0.59998417,
        0.01784352]), array([-0.07370035,  1.02971611,  0.26349952,  0.00493029,  0.61011853,
        0.01798138]), array([-0.07492044,  1.0615834 ,  0.28180436,  0.00570678,  0.62028312,
        0.01811702]), array([-0.0761072 ,  1.09369232,  0.30036772,  0.00647324,  0.63048552,
        0.01825055]), array([-0.07726624,  1.12608729,  0.31919587,  0.0072315 ,  0.64073153,
        0.0183822 ]), array([-0.0784028 ,  1.1588084 ,  0.33829467,  0.00798319,  0.65102541,
        0.01851224]), array([-0.07952184,  1.19189138,  0.35766928,  0.00872979,  0.66137007,
        0.01864095]), array([-0.08062796,  1.22536749,  0.37732385,  0.0094726 ,  0.67176719,
        0.01876861]), array([-0.08172547,  1.25926355,  0.39726133,  0.01021281,  0.68221727,
        0.01889548]), array([-0.0828184 ,  1.29360182,  0.41748326,  0.01095143,  0.69271976,
        0.01902182]), array([-0.08391046,  1.32840002,  0.43798955,  0.01168939,  0.70327303,
        0.01914785]), array([-0.08500509,  1.36367128,  0.45877841,  0.01242746,  0.71387442,
        0.01927377]), array([-0.08610543,  1.39942413,  0.47984617,  0.01316631,  0.7245203 ,
        0.01939977]), array([-0.08721436,  1.4356625 ,  0.5011872 ,  0.01390647,  0.73520602,
        0.019526  ]), array([-0.07153176,  1.47194159,  0.52248715,  0.00959286,  0.74630256,
        0.01965259]), array([-0.07227878,  1.50903022,  0.544279  ,  0.01068615,  0.75697859,
        0.01967854]), array([-0.07305492,  1.54658875,  0.56631486,  0.01170087,  0.76768477,
        0.01975928]), array([-0.07386083,  1.58460336,  0.58858107,  0.01265517,  0.77841088,
        0.01986848]), array([-0.07469731,  1.62305576,  0.61106177,  0.0135629 ,  0.78914615,
        0.01999211]), array([-0.07556523,  1.66192333,  0.63373889,  0.01443468,  0.79987929,
        0.0201228 ]), array([-0.07646543,  1.70117921,  0.65659223,  0.01527873,  0.81059841,
        0.02025674]), array([-0.07739868,  1.74079244,  0.67959947,  0.01610137,  0.8212911 ,
        0.020392  ]), array([-0.07836563,  1.78072806,  0.70273628,  0.01690748,  0.83194435,
        0.02052766]), array([-0.07936679,  1.82094732,  0.72597635,  0.01770072,  0.84254463,
        0.02066328]), array([-0.0804025 ,  1.8614078 ,  0.74929154,  0.01848387,  0.85307788,
        0.02079866]), array([-0.08147291,  1.9020636 ,  0.77265194,  0.01925892,  0.86352956,
        0.02093371]), array([-0.08257796,  1.94286558,  0.79602599,  0.02002727,  0.8738847 ,
        0.02106835]), array([-0.08371742,  1.98376152,  0.81938062,  0.0207898 ,  0.88412791,
        0.02120251]), array([-0.08489083,  2.02469636,  0.84268135,  0.02154701,  0.8942435 ,
        0.0213361 ]), array([-0.08609753,  2.06561249,  0.86589247,  0.02229904,  0.90421549,
        0.02146901]), array([-0.08733664,  2.10644993,  0.88897717,  0.0230458 ,  0.9140277 ,
        0.02160108]), array([-0.08860711,  2.14714664,  0.91189769,  0.02378692,  0.9236638 ,
        0.02173213]), array([-0.08990767,  2.18763878,  0.93461551,  0.02452189,  0.93310742,
        0.02186197]), array([-0.09123688,  2.22786098,  0.95709147,  0.02525002,  0.94234216,
        0.02199037]), array([-0.15545659,  2.31604436,  1.01274075,  0.04560562,  0.9727073 ,
        0.0221171 ]), array([-0.15704001,  2.35634819,  1.03468641,  0.0445914 ,  0.97942409,
        0.02275502]), array([-0.15858237,  2.39603059,  1.05616075,  0.04392126,  0.98636107,
        0.02311353]), array([-0.16008826,  2.43503775,  1.07714935,  0.04351252,  0.99337888,
        0.02332665]), array([-0.16156065,  2.47331263,  1.09763079,  0.04330256,  1.00036995,
        0.02346564]), array([-0.16300127,  2.51079605,  1.11757881,  0.04324323,  1.00725057,
        0.0235678 ]), array([-0.16441094,  2.5474276 ,  1.13696392,  0.04329714,  1.013955  ,
        0.02365224]), array([-0.16578972,  2.58314641,  1.15575467,  0.04343495,  1.02043113,
        0.02372834]), array([-0.16713713,  2.61789174,  1.17391862,  0.0436335 ,  1.02663726,
        0.02380037]), array([-0.16845226,  2.6516036 ,  1.19142312,  0.04387442,  1.03253971,
        0.02386997]), array([-0.1697339 ,  2.6842232 ,  1.20823586,  0.04414305,  1.03811106,
        0.02393745]), array([-0.17098059,  2.71569338,  1.22432537,  0.04442765,  1.04332884,
        0.02400252]), array([-0.17219073,  2.74595899,  1.23966142,  0.04471879,  1.04817455,
        0.02406462]), array([-0.1733626 ,  2.77496722,  1.25421525,  0.04500887,  1.05263295,
        0.02412311]), array([-0.17449445,  2.80266789,  1.26795991,  0.04529174,  1.05669151,
        0.0241774 ]), array([-0.1755845 ,  2.82901374,  1.28087038,  0.04556243,  1.06034007,
        0.02422691]), array([-0.17663097,  2.85396061,  1.29292378,  0.04581691,  1.06357047,
        0.02427115]), array([-0.17763215,  2.87746774,  1.30409947,  0.04605191,  1.0663764 ,
        0.0243097 ]), array([-0.17858637,  2.89949785,  1.31437919,  0.04626476,  1.06875319,
        0.02434219]), array([-0.17949205,  2.92001736,  1.32374713,  0.04645334,  1.07069772,
        0.02436834]), array([-0.18034771,  2.93899652,  1.33218999,  0.04661591,  1.07220831,
        0.02438789]), array([-0.18115197,  2.95640951,  1.33969701,  0.04675111,  1.07328463,
        0.02440066]), array([-0.18190356,  2.9722345 ,  1.34626004,  0.04685785,  1.07392767,
        0.0244065 ]), array([-0.18260134,  2.98645376,  1.35187355,  0.04693532,  1.07413965,
        0.02440531]), array([-0.1832443 ,  2.99905369,  1.35653458,  0.0469829 ,  1.073924  ,
        0.02439701]), array([-0.18383155,  3.01002482,  1.36024279,  0.04700019,  1.0732853 ,
        0.02438158]), array([-0.18436235,  3.01936186,  1.36300041,  0.04698693,  1.07222924,
        0.02435903]), array([-0.1848361 ,  3.02706361,  1.36481221,  0.04694301,  1.07076256,
        0.02432937]), array([-0.18525232,  3.03313301,  1.36568544,  0.04686848,  1.06889304,
        0.02429268]), array([-0.18561069,  3.03757702,  1.36562978,  0.04676347,  1.06662941,
        0.02424904]), array([-0.18591103,  3.04040657,  1.36465727,  0.04662826,  1.06398134,
        0.02419857]), array([-0.18615327,  3.04163648,  1.36278225,  0.04646321,  1.06095935,
        0.02414141]), array([-0.1863375 ,  3.04128533,  1.36002125,  0.04626878,  1.0575748 ,
        0.02407771]), array([-0.18646393,  3.03937539,  1.35639291,  0.04604551,  1.05383982,
        0.02400768]), array([-0.18653292,  3.03593242,  1.35191787,  0.04579403,  1.04976723,
        0.0239315 ]), array([-0.18654493,  3.03098559,  1.34661866,  0.04551503,  1.0453705 ,
        0.02384941]), array([-0.18650056,  3.02456728,  1.34051962,  0.0452093 ,  1.04066372,
        0.02376163]), array([-0.18640051,  3.01671292,  1.33364674,  0.04487765,  1.0356615 ,
        0.02366844]), array([-0.18624562,  3.00746085,  1.32602755,  0.044521  ,  1.03037891,
        0.02357009]), array([-0.18603682,  2.99685208,  1.317691  ,  0.04414028,  1.02483146,
        0.02346687]), array([-0.18577515,  2.98493015,  1.30866733,  0.0437365 ,  1.019035  ,
        0.02335907]), array([-0.18546175,  2.97174091,  1.29898793,  0.0433107 ,  1.01300566,
        0.023247  ]), array([-0.18509784,  2.95733232,  1.28868523,  0.04286396,  1.00675983,
        0.02313097]), array([-0.18468475,  2.94175426,  1.27779254,  0.04239741,  1.00031405,
        0.02301129]), array([-0.18422387,  2.92505832,  1.26634393,  0.0419122 ,  0.99368499,
        0.02288828]), array([-0.18371668,  2.90729758,  1.2543741 ,  0.04140951,  0.98688937,
        0.02276229]), array([-0.18316473,  2.88852642,  1.24191823,  0.04089053,  0.97994392,
        0.02263362]), array([-0.18256962,  2.86880031,  1.2290119 ,  0.0403565 ,  0.97286531,
        0.02250262]), array([-0.18193302,  2.84817563,  1.2156909 ,  0.03980864,  0.96567012,
        0.02236962]), array([-0.18125665,  2.82670943,  1.20199115,  0.03924819,  0.95837477,
        0.02223494]), array([-0.18054228,  2.80445926,  1.18794858,  0.03867641,  0.95099549,
        0.0220989 ]), array([-0.1797917 ,  2.78148298,  1.17359898,  0.03809454,  0.94354825,
        0.02196184]), array([-0.17900676,  2.75783855,  1.15897793,  0.03750383,  0.93604876,
        0.02182406]), array([-0.17818932,  2.73358391,  1.14412067,  0.03690552,  0.92851239,
        0.02168587]), array([-0.17734128,  2.70877672,  1.12906202,  0.03630085,  0.92095415,
        0.02154758]), array([-0.17646453,  2.68347428,  1.11383625,  0.03569101,  0.91338866,
        0.02140949]), array([-0.17556099,  2.65773332,  1.09847704,  0.03507722,  0.90583012,
        0.02127187]), array([-0.1746326 ,  2.63160986,  1.08301734,  0.03446065,  0.89829225,
        0.02113501]), array([-0.17368126,  2.6051591 ,  1.06748933,  0.03384246,  0.89078833,
        0.02099918]), array([-0.17270891,  2.57843522,  1.05192436,  0.03322377,  0.88333112,
        0.02086462]), array([-0.17171745,  2.55149136,  1.03635285,  0.03260568,  0.87593285,
        0.02073158]), array([-0.17070879,  2.52437939,  1.02080425,  0.03198925,  0.86860524,
        0.02060029]), array([-0.16968479,  2.49714989,  1.00530697,  0.03137553,  0.86135944,
        0.02047098]), array([-0.16864732,  2.46985204,  0.98988838,  0.03076551,  0.85420605,
        0.02034385]), array([-0.16759822,  2.44253349,  0.97457471,  0.03016015,  0.84715509,
        0.0202191 ]), array([-0.16653927,  2.41524034,  0.95939107,  0.02956037,  0.84021603,
        0.02009692]), array([-0.16547226,  2.38801705,  0.94436138,  0.02896705,  0.83339773,
        0.01997746]), array([-0.16439892,  2.36090635,  0.92950838,  0.02838102,  0.8267085 ,
        0.01986089]), array([-0.16332093,  2.33394926,  0.91485358,  0.0278031 ,  0.82015605,
        0.01974735]), array([-0.16223995,  2.30718498,  0.9004173 ,  0.02723402,  0.81374753,
        0.01963698]), array([-0.16115759,  2.28065091,  0.88621859,  0.0266745 ,  0.80748952,
        0.01952989]), array([-0.1600754 ,  2.25438258,  0.87227532,  0.0261252 ,  0.80138803,
        0.01942619]), array([-0.15899489,  2.22841368,  0.85860408,  0.02558674,  0.79544852,
        0.01932597]), array([-0.15791752,  2.20277601,  0.8452203 ,  0.02505969,  0.78967591,
        0.01922932]), array([-0.1568447 ,  2.1774995 ,  0.83213816,  0.02454459,  0.78407458,
        0.01913631]), array([-0.15577778,  2.15261222,  0.81937068,  0.02404193,  0.77864841,
        0.01904699]), array([-0.15471805,  2.12814037,  0.80692968,  0.02355214,  0.77340075,
        0.01896142]), array([-0.15366676,  2.10410829,  0.79482585,  0.02307562,  0.76833447,
        0.01887963]), array([-0.15262508,  2.08053854,  0.78306877,  0.02261273,  0.76345198,
        0.01880165]), array([-0.15159415,  2.05745184,  0.7716669 ,  0.02216378,  0.75875521,
        0.0187275 ]), array([-0.15057503,  2.03486718,  0.76062765,  0.02172906,  0.75424566,
        0.01865719]), array([-0.14956874,  2.0128018 ,  0.74995738,  0.02130879,  0.74992441,
        0.01859072]), array([-0.14857621,  1.99127127,  0.73966149,  0.02090316,  0.74579213,
        0.01852808]), array([-0.14759835,  1.9702895 ,  0.72974437,  0.02051235,  0.7418491 ,
        0.01846925]), array([-0.14663599,  1.94986881,  0.72020952,  0.02013647,  0.73809526,
        0.01841421]), array([-0.14568991,  1.93001997,  0.71105953,  0.0197756 ,  0.73453016,
        0.01836293]), array([-0.14476084,  1.91075224,  0.70229615,  0.01942981,  0.73115305,
        0.01831536]), array([-0.14384943,  1.89207345,  0.69392033,  0.01909911,  0.72796286,
        0.01827148]), array([-0.14295631,  1.87399   ,  0.68593224,  0.01878349,  0.72495821,
        0.01823122]), array([-0.14208203,  1.856507  ,  0.6783313 ,  0.01848292,  0.72213748,
        0.01819453]), array([-0.14122708,  1.83962825,  0.67111628,  0.01819734,  0.71949877,
        0.01816136]), array([-0.14039194,  1.82335633,  0.66428527,  0.01792665,  0.71703993,
        0.01813164]), array([-0.13957699,  1.80769264,  0.65783575,  0.01767073,  0.71475863,
        0.01810529]), array([-0.13878259,  1.7926375 ,  0.65176464,  0.01742945,  0.71265229,
        0.01808226]), array([-0.13800905,  1.77819014,  0.64606831,  0.01720264,  0.71071817,
        0.01806246]), array([-0.13725663,  1.76434883,  0.64074264,  0.01699013,  0.70895334,
        0.01804582]), array([-0.13652553,  1.75111087,  0.63578304,  0.01679171,  0.70735473,
        0.01803226]), array([-0.13581593,  1.73847268,  0.63118451,  0.01660716,  0.70591911,
        0.01802169]), array([-0.13512796,  1.72642988,  0.62694164,  0.01643626,  0.70464314,
        0.01801403]), array([-0.1344617 ,  1.71497726,  0.62304867,  0.01627876,  0.70352336,
        0.01800919]), array([ 60.,  60.,  30., -10.,  10.,  10.]), array([ 39.81504084, -60.        ,  11.50874615,  10.        ,
        10.        , -10.        ]), array([13.6970239 , 60.        , 15.44759854, 10.        ,  8.65157805,
       10.        ]), array([  7.2486805 , -60.        , -11.69640776,  10.        ,
        -5.28654402,  10.        ]), array([  5.0871351 , -60.        ,  11.34192769, -10.        ,
         5.20940107, -10.        ]), array([  2.47431715,  60.        ,  13.72332463, -10.        ,
         6.50062026, -10.        ]), array([  1.78500006, -60.        ,  -6.03230745, -10.        ,
        -1.37651931, -10.        ]), array([ 0.84399023, 60.        , 12.59807458, 10.        ,  4.87871364,
       10.        ]), array([  3.25725118,  60.        ,  -1.45838074, -10.        ,
        -0.76436452, -10.        ]), array([  1.33803316, -48.        ,  -6.61040938,   8.        ,
        -2.02664091,  -8.        ]), array([ -0.74864125,  60.        ,  14.97399288, -10.        ,
         6.21106006,  10.        ]), array([  2.20743733, -60.        , -10.43746615,  10.        ,
        -4.75766922, -10.        ]), array([ -0.55793427, -60.        ,  14.33511811, -10.        ,
         6.51153023,  10.        ]), array([  1.61032241, -60.        ,   9.61957427, -10.        ,
         4.10076076, -10.        ]), array([-0.16125047, 60.        , 15.62370339, 10.        ,  7.292267  ,
       10.        ]), array([  5.46831601,  60.        ,  -1.54969664, -10.        ,
        -0.72365279,  10.        ]), array([  5.34182319, -60.        ,  -5.7328896 ,  10.        ,
        -0.39963566, -10.        ]), array([  2.3107609 , -60.        ,   5.95807867, -10.        ,
         0.67370818,  10.        ]), array([  6.85391913,  60.        ,  15.97368558, -10.        ,
         7.23402398,  10.        ]), array([ 5.15779412, 24.        , -1.72037425,  4.        , -1.03201449,
        4.        ]), array([ 0., -0.,  0., -0.,  0.,  0.]), array([12., 12.,  6., -2.,  2., -2.]), array([11.06311091, 24.        ,  9.44712832,  4.        ,  4.        ,
        4.        ]), array([  0.1953317 , -12.        ,   3.89876617,   2.        ,
         2.        ,   2.        ]), array([-1.57137578, 12.        ,  4.35728316, -2.        ,  2.        ,
       -2.        ]), array([ -8.68678062, -24.        ,   2.17925862,  -4.        ,
         4.        ,  -4.        ]), array([ -4.49425044, -12.        ,   6.        ,  -2.        ,
         2.        ,  -2.        ]), array([ -8.1118022, -12.       ,   6.       ,  -2.       ,   2.       ,
         2.       ]), array([ -7.93652136, -12.        ,   6.        ,  -2.        ,
         2.        ,  -2.        ]), array([-22.78535452, -24.        ,  12.        ,  -4.        ,
         4.        ,  -4.        ]), array([-12.,  12.,   6.,  -2.,   2.,  -2.]), array([-1.50661990e+01, -1.92369164e+01, -1.49620047e+01,  5.39343263e+00,
       -1.00000000e+01, -3.05946158e-15]), array([-1.18965837e+01, -1.30376112e+01, -1.04842061e+01,  4.34600096e+00,
       -9.20696259e+00, -1.50460005e-15]), array([-9.04667244e+00, -8.26718228e+00, -6.99021215e+00,  3.37849779e+00,
       -6.55230442e+00, -2.14193709e-15]), array([-6.20712860e+00, -4.39086655e+00, -4.12836401e+00,  2.38162965e+00,
       -4.32937353e+00, -1.84624946e-15]), array([-3.88455370e+00, -1.48648575e+00, -1.98206818e+00,  1.56038611e+00,
       -2.65078407e+00, -7.70761837e-16]), array([-1.99554278e+00,  6.88378082e-01, -3.77166268e-01,  8.89291905e-01,
       -1.38960250e+00, -1.23591065e-16]), array([-4.68393658e-01,  2.31441703e+00,  8.17761154e-01,  3.45578598e-01,
       -4.48037110e-01, -1.42993484e-16]), array([ 7.57763565e-01,  3.52690012e+00,  1.70212194e+00, -9.06790232e-02,
        2.49111987e-01,  1.47517193e-16]), array([ 1.73420727e+00,  4.42745765e+00,  2.35125589e+00, -4.36688202e-01,
        7.59597450e-01,  5.29922383e-16]), array([ 2.50393590e+00,  5.09266475e+00,  2.82234693e+00, -7.07181733e-01,
        1.12773324e+00, -1.53845357e-16]), array([ 3.10290818e+00,  5.58034084e+00,  3.15884409e+00, -9.14702780e-01,
        1.38750091e+00,  2.21380161e-16]), array([ 3.56115234e+00,  5.93420499e+00,  3.39378115e+00, -1.06989069e+00,
        1.56494771e+00,  1.20173251e-15]), array([ 3.90372735e+00,  6.18733800e+00,  3.55227840e+00, -1.18174797e+00,
        1.68003322e+00,  5.81280629e-16]), array([ 4.15154019e+00,  6.36477114e+00,  3.65343411e+00, -1.25787981e+00,
        1.74804890e+00,  6.85210870e-16]), array([ 4.32203249e+00,  6.48543119e+00,  3.71175821e+00, -1.30470381e+00,
        1.78070810e+00,  9.93826780e-16]), array([ 4.42975344e+00,  6.56360774e+00,  3.73826174e+00, -1.32763090e+00,
        1.78698217e+00,  8.14536449e-17]), array([ 4.48683601e+00,  6.61006383e+00,  3.74128601e+00, -1.33121955e+00,
        1.77374166e+00, -1.24607238e-16]), array([ 4.50339188e+00,  6.63287927e+00,  3.72713496e+00, -1.31930670e+00,
        1.74624754e+00,  1.49520417e-15]), array([ 4.48783921e+00,  6.63809236e+00,  3.70055784e+00, -1.29511821e+00,
        1.70852753e+00,  4.59334360e-16]), array([ 4.44717476e+00,  6.63018936e+00,  3.66511816e+00, -1.26136206e+00,
        1.66366425e+00,  9.83176814e-16]), array([ 4.38720038e+00,  6.61247836e+00,  3.62347594e+00, -1.22030682e+00,
        1.61401571e+00,  5.14742036e-16]), array([ 4.31271182e+00,  6.58737535e+00,  3.57760376e+00, -1.17384779e+00,
        1.56138405e+00,  4.92791627e-16]), array([ 4.22765680e+00,  6.55662323e+00,  3.52895218e+00, -1.12356280e+00,
        1.50714449e+00,  6.82001043e-16]), array([ 4.13526753e+00,  6.52145964e+00,  3.47857654e+00, -1.07075948e+00,
        1.45234405e+00,  4.18802869e-16]), array([ 4.03817234e+00,  6.48274557e+00,  3.42723403e+00, -1.01651521e+00,
        1.39777691e+00,  4.26857928e-16]), array([ 3.93848984e+00,  6.44106386e+00,  3.37545807e+00, -9.61711149e-01,
        1.34404210e+00,  4.42508168e-16]), array([ 3.83790867e+00,  6.39679464e+00,  3.32361525e+00, -9.07061220e-01,
        1.29158757e+00,  6.49788647e-17]), array([ 3.73775523e+00,  6.35017283e+00,  3.27194887e+00, -8.53136849e-01,
        1.24074402e+00,  5.87885226e-16]), array([ 3.63905122e+00,  6.30133202e+00,  3.22061218e+00, -8.00388195e-01,
        1.19175072e+00,  4.56222091e-16]), array([ 3.54256277e+00,  6.25033763e+00,  3.16969375e+00, -7.49162380e-01,
        1.14477546e+00,  1.38639687e-16]), array([ 3.44884230e+00,  6.19721190e+00,  3.11923668e+00, -6.99719180e-01,
        1.09992988e+00,  4.27011726e-16]), array([ 3.35826439e+00,  6.14195255e+00,  3.06925320e+00, -6.52244570e-01,
        1.05728133e+00,  4.42220648e-16]), array([ 3.27105635e+00,  6.08454644e+00,  3.01973563e+00, -6.06862426e-01,
        1.01686212e+00,  2.24096904e-16]), array([ 3.18732444e+00,  6.02497944e+00,  2.97066455e+00, -5.63644653e-01,
        9.78676783e-01,  3.19759501e-16]), array([ 3.10707626e+00,  5.96324343e+00,  2.92201484e+00, -5.22619953e-01,
        9.42707744e-01,  4.55953979e-18]), array([ 3.03023988e+00,  5.89934091e+00,  2.87376009e+00, -4.83781425e-01,
        9.08919914e-01,  1.03878329e-16]), array([ 2.95668016e+00,  5.83328796e+00,  2.82587572e+00, -4.47093138e-01,
        8.77264333e-01, -3.12131292e-16]), array([ 2.88621267e+00,  5.76511579e+00,  2.77834115e+00, -4.12495836e-01,
        8.47681145e-01, -2.11352885e-16]), array([ 2.81861548e+00,  5.69487135e+00,  2.73114118e+00, -3.79911853e-01,
        8.20102038e-01,  3.06290505e-16]), array([ 2.75363916e+00,  5.62261717e+00,  2.68426689e+00, -3.49249365e-01,
        7.94452268e-01,  6.94962280e-16]), array([ 2.69101526e+00,  5.54843065e+00,  2.63771601e+00, -3.20406046e-01,
        7.70652341e-01,  1.07744768e-16]), array([ 2.63046335e+00,  5.47240290e+00,  2.59149304e+00, -2.93272208e-01,
        7.48619440e-01, -9.79797748e-17]), array([ 2.57169699e+00,  5.39463747e+00,  2.54560908e+00, -2.67733478e-01,
        7.28268622e-01, -5.57264357e-18]), array([ 2.51442861e+00,  5.31524871e+00,  2.50008151e+00, -2.43673078e-01,
        7.09513837e-01,  1.89990294e-16]), array([ 2.45837360e+00,  5.23436021e+00,  2.45493352e+00, -2.20973756e-01,
        6.92268799e-01,  1.03025350e-17]), array([ 2.40325358e+00,  5.15210312e+00,  2.41019359e+00, -1.99519396e-01,
        6.76447713e-01, -7.61251501e-18]), array([ 2.34879906e+00,  5.06861445e+00,  2.36589486e+00, -1.79196359e-01,
        6.61965899e-01,  5.01714594e-16]), array([ 2.29475161e+00,  4.98403556e+00,  2.32207452e+00, -1.59894588e-01,
        6.48740310e-01, -9.86658446e-17]), array([ 2.24086541e+00,  4.89851052e+00,  2.27877312e+00, -1.41508489e-01,
        6.36689964e-01,  2.10245520e-17]), array([ 2.18690857e+00,  4.81218472e+00,  2.23603396e+00, -1.23937642e-01,
        6.25736294e-01,  2.37855364e-17]), array([ 2.13266401e+00,  4.72520352e+00,  2.19390238e+00, -1.07087333e-01,
        6.15803431e-01,  2.17673988e-16]), array([ 2.07793007e+00,  4.63771098e+00,  2.15242519e+00, -9.08689533e-02,
        6.06818423e-01,  1.91742909e-16]), array([ 2.02252088e+00,  4.54984876e+00,  2.11165000e+00, -7.52002730e-02,
        5.98711396e-01, -3.93575405e-17]), array([ 1.96626657e+00,  4.46175508e+00,  2.07162471e+00, -6.00056014e-02,
        5.91415668e-01,  2.97339408e-17]), array([ 1.90901323e+00,  4.37356383e+00,  2.03239688e+00, -4.52158574e-02,
        5.84867819e-01, -6.34124836e-17]), array([ 1.85062282e+00,  4.28540379e+00,  1.99401326e+00, -3.07685569e-02,
        5.79007717e-01, -3.24904535e-16]), array([ 1.79097286e+00,  4.19739789e+00,  1.95651929e+00, -1.66077294e-02,
        5.73778517e-01, -1.94631828e-16]), array([ 1.72995616e+00,  4.10966269e+00,  1.91995868e+00, -2.68377533e-03,
        5.69126624e-01,  2.56039672e-16]), array([1.66748032e+00, 4.02230785e+00, 1.88437294e+00, 1.10467279e-02,
       5.65001637e-01, 9.62819610e-17]), array([1.60346730e+00, 3.93543573e+00, 1.84980108e+00, 2.46212633e-02,
       5.61356262e-01, 2.49147754e-16]), array([1.53785285e+00, 3.84914112e+00, 1.81627923e+00, 3.80716465e-02,
       5.58146220e-01, 5.17173561e-16]), array([0., 0., 0., 0., 0., 0.])], 'ball_pos_history': [array([-3.59840218, -8.03411699,  1.34811295]), array([-3.5826366 , -7.99196908,  1.33649438]), array([-3.56687102, -7.94982117,  1.32463056]), array([-3.55110544, -7.90767326,  1.31252149]), array([-3.53533985, -7.86552535,  1.30016718]), array([-3.51957427, -7.82337744,  1.28756761]), array([-3.50380869, -7.78122953,  1.27472279]), array([-3.48804311, -7.73908161,  1.26163272]), array([-3.47227753, -7.6969337 ,  1.24829741]), array([-3.45651194, -7.65478579,  1.23471684]), array([-3.44074636, -7.61263788,  1.22089102]), array([-3.42498078, -7.57048997,  1.20681995]), array([-3.4092152 , -7.52834206,  1.19250363]), array([-3.39344962, -7.48619415,  1.17794207]), array([-3.37768403, -7.44404623,  1.16313525]), array([-3.36191845, -7.40189832,  1.14808318]), array([-3.34615287, -7.35975041,  1.13278586]), array([-3.33038729, -7.3176025 ,  1.1172433 ]), array([-3.31462171, -7.27545459,  1.10145548]), array([-3.29885613, -7.23330668,  1.08542241]), array([-3.28309054, -7.19115877,  1.06914409]), array([-3.26732496, -7.14901086,  1.05262053]), array([-3.25155938, -7.10686294,  1.03585171]), array([-3.2357938 , -7.06471503,  1.01883764]), array([-3.22002822, -7.02256712,  1.00157832]), array([-3.20426263, -6.98041921,  0.98407376]), array([-3.18849705, -6.9382713 ,  0.96632394]), array([-3.17273147, -6.89612339,  0.94832887]), array([-3.15696589, -6.85397548,  0.93008855]), array([-3.14120031, -6.81182757,  0.91160298]), array([-3.12543472, -6.76967965,  0.89287217]), array([-3.10966914, -6.72753174,  0.8738961 ]), array([-3.09390356, -6.68538383,  0.85467478]), array([-3.07813798, -6.64323592,  0.83520821]), array([-3.0623724 , -6.60108801,  0.8154964 ]), array([-3.04660681, -6.5589401 ,  0.79553933]), array([-3.03084123, -6.51679219,  0.77533701]), array([-3.01507565, -6.47464428,  0.75488944]), array([-2.99931007, -6.43249636,  0.73419663]), array([-2.98354449, -6.39034845,  0.71325856]), array([-2.9677789 , -6.34820054,  0.69207524]), array([-2.95201332, -6.30605263,  0.67064667]), array([-2.93624774, -6.26390472,  0.64897286]), array([-2.92048216, -6.22175681,  0.62705379]), array([-2.90471658, -6.1796089 ,  0.60488947]), array([-2.888951  , -6.13746098,  0.5824799 ]), array([-2.87318541, -6.09531307,  0.55982509]), array([-2.85741983, -6.05316516,  0.53692502]), array([-2.84165425, -6.01101725,  0.5137797 ]), array([-2.82588867, -5.96886934,  0.49038913]), array([-2.81012309, -5.92672143,  0.46675331]), array([-2.7943575 , -5.88457352,  0.44287225]), array([-2.77859192, -5.84242561,  0.41874593]), array([-2.76282634, -5.80027769,  0.39437436]), array([-2.74706076, -5.75812978,  0.36975754]), array([-2.73129518, -5.71598187,  0.34489548]), array([-2.71552959, -5.67383396,  0.31978816]), array([-2.69976401, -5.63168605,  0.29443559]), array([-2.68399843, -5.58953814,  0.26883777]), array([-2.66823285, -5.54739023,  0.24299471]), array([-2.65246727, -5.50524232,  0.21690639]), array([-2.63670168, -5.4630944 ,  0.19057282]), array([-2.6209361 , -5.42094649,  0.163994  ]), array([-2.60517052, -5.37879858,  0.13716994]), array([-2.58940494, -5.33665067,  0.11010062]), array([-2.57363936, -5.29450276,  0.08278605]), array([-2.55787378, -5.25235485,  0.05522623]), array([-2.54210819, -5.21020694,  0.033     ]), array([-2.52713089, -5.17016642,  0.05360855]), array([-2.51215359, -5.1301259 ,  0.07397185]), array([-2.49717628, -5.09008539,  0.0940899 ]), array([-2.48219898, -5.05004487,  0.1139627 ]), array([-2.46722168, -5.01000436,  0.13359025]), array([-2.45224438, -4.96996384,  0.15297255]), array([-2.43726707, -4.92992333,  0.17210961]), array([-2.42228977, -4.88988281,  0.19100141]), array([-2.40731247, -4.84984229,  0.20964796]), array([-2.39233516, -4.80980178,  0.22804926]), array([-2.37735786, -4.76976126,  0.24620531]), array([-2.36238056, -4.72972075,  0.26411611]), array([-2.34740326, -4.68968023,  0.28178166]), array([-2.33242595, -4.64963972,  0.29920196]), array([-2.31744865, -4.6095992 ,  0.31637701]), array([-2.30247135, -4.56955868,  0.33330681]), array([-2.28749405, -4.52951817,  0.34999136]), array([-2.27251674, -4.48947765,  0.36643066]), array([-2.25753944, -4.44943714,  0.38262471]), array([-2.24256214, -4.40939662,  0.39857351]), array([-2.22758483, -4.36935611,  0.41427707]), array([-2.21260753, -4.32931559,  0.42973537]), array([-2.19763023, -4.28927507,  0.44494842]), array([-2.18265293, -4.24923456,  0.45991622]), array([-2.16767562, -4.20919404,  0.47463877]), array([-2.15269832, -4.16915353,  0.48911607]), array([-2.13772102, -4.12911301,  0.50334812]), array([-2.12274371, -4.0890725 ,  0.51733492]), array([-2.10776641, -4.04903198,  0.53107647]), array([-2.09278911, -4.00899146,  0.54457277]), array([-2.07781181, -3.96895095,  0.55782382]), array([-2.0628345 , -3.92891043,  0.57082962]), array([-2.0478572 , -3.88886992,  0.58359017]), array([-2.0328799 , -3.8488294 ,  0.59610547]), array([-2.01790259, -3.80878889,  0.60837553]), array([-2.00292529, -3.76874837,  0.62040033]), array([-1.98794799, -3.72870785,  0.63217988]), array([-1.97297069, -3.68866734,  0.64371418]), array([-1.95799338, -3.64862682,  0.65500323]), array([-1.94301608, -3.60858631,  0.66604703]), array([-1.92803878, -3.56854579,  0.67684558]), array([-1.91306147, -3.52850528,  0.68739888]), array([-1.89808417, -3.48846476,  0.69770693]), array([-1.88310687, -3.44842424,  0.70776973]), array([-1.86812957, -3.40838373,  0.71758728]), array([-1.85315226, -3.36834321,  0.72715958]), array([-1.83817496, -3.3283027 ,  0.73648663]), array([-1.82319766, -3.28826218,  0.74556843]), array([-1.80822036, -3.24822167,  0.75440499]), array([-1.79324305, -3.20818115,  0.76299629]), array([-1.77826575, -3.16814063,  0.77134234]), array([-1.76328845, -3.12810012,  0.77944314]), array([-1.74831114, -3.0880596 ,  0.78729869]), array([-1.73333384, -3.04801909,  0.79490899]), array([-1.71835654, -3.00797857,  0.80227404]), array([-1.70337924, -2.96793805,  0.80939384]), array([-1.68840193, -2.92789754,  0.81626839]), array([-1.67342463, -2.88785702,  0.82289769]), array([-1.65844733, -2.84781651,  0.82928174]), array([-1.64347002, -2.80777599,  0.83542054]), array([-1.62849272, -2.76773548,  0.84131409]), array([-1.61351542, -2.72769496,  0.84696239]), array([-1.59853812, -2.68765444,  0.85236545]), array([-1.58356081, -2.64761393,  0.85752325]), array([-1.56858351, -2.60757341,  0.8624358 ]), array([-1.55360621, -2.5675329 ,  0.8671031 ]), array([-1.5386289 , -2.52749238,  0.87152515]), array([-1.5236516 , -2.48745187,  0.87570195]), array([-1.5086743 , -2.44741135,  0.8796335 ]), array([-1.493697  , -2.40737083,  0.8833198 ]), array([-1.47871969, -2.36733032,  0.88676085]), array([-1.46374239, -2.3272898 ,  0.88995665]), array([-1.44876509, -2.28724929,  0.8929072 ]), array([-1.43378778, -2.24720877,  0.8956125 ]), array([-1.41881048, -2.20716826,  0.89807255]), array([-1.40383318, -2.16712774,  0.90028735]), array([-1.38885588, -2.12708722,  0.90225691]), array([-1.37387857, -2.08704671,  0.90398121]), array([-1.35890127, -2.04700619,  0.90546026]), array([-1.34392397, -2.00696568,  0.90669406]), array([-1.32894666, -1.96692516,  0.90768261]), array([-1.31396936, -1.92688465,  0.90842591]), array([-1.29899206, -1.88684413,  0.90892396]), array([-1.28401476, -1.84680361,  0.90917676]), array([-1.26903745, -1.8067631 ,  0.90918431]), array([-1.25406015, -1.76672258,  0.90894661]), array([-1.23908285, -1.72668207,  0.90846366]), array([-1.22410555, -1.68664155,  0.90773546]), array([-1.20912824, -1.64660104,  0.90676201]), array([-1.19415094, -1.60656052,  0.90554331]), array([-1.17917364, -1.56652   ,  0.90407937]), array([-1.16419633, -1.52647949,  0.90237017]), array([-1.14921903, -1.48643897,  0.90041572]), array([-1.13424173, -1.44639846,  0.89821602]), array([-1.11926443, -1.40635794,  0.89577107]), array([-1.10428712, -1.36631743,  0.89308087]), array([-1.08930982, -1.32627691,  0.89014542]), array([-1.07433252, -1.28623639,  0.88696472]), array([-1.05935521, -1.24619588,  0.88353877]), array([-1.04437791, -1.20615536,  0.87986757]), array([-1.02940061, -1.16611485,  0.87595112]), array([-1.01442331, -1.12607433,  0.87178942]), array([-0.999446  , -1.08603382,  0.86738247]), array([-0.9844687 , -1.0459933 ,  0.86273027]), array([-0.9694914 , -1.00595278,  0.85783283]), array([-0.95451409, -0.96591227,  0.85269013]), array([-0.93953679, -0.92587175,  0.84730218]), array([-0.92455949, -0.88583124,  0.84166898]), array([-0.90958219, -0.84579072,  0.83579053]), array([-0.89460488, -0.80575021,  0.82966683]), array([-0.87962758, -0.76570969,  0.82329788]), array([-0.86465028, -0.72566917,  0.81668368]), array([-0.84967297, -0.68562866,  0.80982423]), array([-0.83469567, -0.64558814,  0.80271953]), array([-0.81971837, -0.60554763,  0.79536958]), array([-0.80474107, -0.56550711,  0.78777438]), array([-0.78976376, -0.5254666 ,  0.77993393]), array([-0.77478646, -0.48542608,  0.77184824]), array([-0.75980916, -0.44538556,  0.76351729]), array([-0.74483185, -0.40534505,  0.75494109]), array([-0.72985455, -0.36530453,  0.74611964]), array([-0.7149823 , -0.32518773,  0.73710708]), array([-0.68241654, -0.31382079,  0.71325514]), array([-0.6504904 , -0.30150912,  0.68946184]), array([-0.61948267, -0.28740155,  0.66557765]), array([-0.58857387, -0.27196181,  0.64048904]), array([-0.55766507, -0.25652207,  0.61515518]), array([-0.52675627, -0.24108233,  0.58957607]), array([-0.49584747, -0.22564258,  0.56375171]), array([-0.46493867, -0.21020284,  0.5376821 ]), array([-0.43402987, -0.1947631 ,  0.51136724]), array([-0.40312106, -0.17932336,  0.48480714]), array([-0.37221226, -0.16388362,  0.45800178]), array([-0.34130346, -0.14844387,  0.43095117]), array([-0.31039466, -0.13300413,  0.40365531]), array([-0.27948586, -0.11756439,  0.3761142 ]), array([-0.24857706, -0.10212465,  0.34832784]), array([-0.21766826, -0.0866849 ,  0.32029623]), array([-0.18675946, -0.07124516,  0.29201938]), array([-0.15585065, -0.05580542,  0.26349727]), array([-0.12494185, -0.04036568,  0.23472991]), array([-0.09403305, -0.02492593,  0.2057173 ]), array([-0.06312425, -0.00948619,  0.17645944]), array([-0.03221545,  0.00595355,  0.14695633]), array([-0.00130665,  0.02139329,  0.11720797]), array([0.02960215, 0.03683304, 0.08721437]), array([0.06051095, 0.05227278, 0.05697551]), array([0.09141976, 0.06771252, 0.033     ]), array([0.12078312, 0.08238028, 0.05561783]), array([0.15014648, 0.09704803, 0.07799041]), array([0.17950984, 0.11171579, 0.10011774]), array([0.2088732 , 0.12638354, 0.12199983]), array([0.23823656, 0.1410513 , 0.14363666]), array([0.26759992, 0.15571905, 0.16502824]), array([0.29696328, 0.17038681, 0.18617457]), array([0.32632664, 0.18505456, 0.20707565]), array([0.35569001, 0.19972232, 0.22773148]), array([0.38505337, 0.21439007, 0.24814206]), array([0.41441673, 0.22905783, 0.2683074 ]), array([0.44378009, 0.24372558, 0.28822748]), array([0.47314345, 0.25839334, 0.30790231]), array([0.50250681, 0.27306109, 0.32733189]), array([0.53187017, 0.28772885, 0.34651622]), array([0.56123353, 0.30239661, 0.3654553 ]), array([0.5905969 , 0.31706436, 0.38414913]), array([0.61996026, 0.33173212, 0.40259772]), array([0.64932362, 0.34639987, 0.42080105]), array([0.67868698, 0.36106763, 0.43875913]), array([0.70805034, 0.37573538, 0.45647196]), array([0.7374137 , 0.39040314, 0.47393954]), array([0.76677706, 0.40507089, 0.49116187]), array([0.79614042, 0.41973865, 0.50813895]), array([0.82550378, 0.4344064 , 0.52487079]), array([0.85486715, 0.44907416, 0.54135737]), array([0.88423051, 0.46374191, 0.5575987 ]), array([0.91359387, 0.47840967, 0.57359478]), array([0.94295723, 0.49307742, 0.58934561]), array([0.97232059, 0.50774518, 0.60485119]), array([1.00168395, 0.52241293, 0.62011153]), array([1.03104731, 0.53708069, 0.63512661]), array([1.06041067, 0.55174844, 0.64989644]), array([1.08977404, 0.5664162 , 0.66442102]), array([1.1191374 , 0.58108396, 0.67870035]), array([1.14850076, 0.59575171, 0.69273443]), array([1.17786412, 0.61041947, 0.70652326]), array([1.20722748, 0.62508722, 0.72006685])], 'distances_history': [8.388441039326183, 8.34274668666537, 8.297087982830488, 8.251462202772656, 8.205867357500324, 8.160302015949858, 8.11476517337285, 8.069256153724668, 8.023774537097843, 7.978320105731781, 7.932892803890379, 7.887492708148884, 7.84212000552091, 7.796774977497539, 7.751457988542989, 7.706169477947524, 7.660909954209757, 7.61567999132744, 7.570480226532695, 7.52531135912592, 7.480174150151309, 7.435069319271368, 7.389997753830448, 7.3449604044488845, 7.29995828678335, 7.254992483502367, 7.210064146463898, 7.165174499080364, 7.1203248388582, 7.07551654010214, 7.0307510567774, 6.986029925525621, 6.941354768832563, 6.8967272983471215, 6.852149318352455, 6.80762272939079, 6.763149532043996, 6.718731830872305, 6.674371838513724, 6.630071879946634, 6.585834396918035, 6.541661204955986, 6.497555023874705, 6.453518698362495, 6.409555204706418, 6.365667657256201, 6.321859314766369, 6.278133586704616, 6.234494039583976, 6.190944403357598, 6.147488577902881, 6.104130639613761, 6.060874848114327, 6.017725653102911, 5.974687701332614, 5.93176584373183, 5.888965142666138, 5.846290879341195, 5.803748561344581, 5.761343930323002, 5.719082969789783, 5.676973544097876, 5.63502207947067, 5.593235275671683, 5.551620112263614, 5.510183855738266, 5.468934067131839, 5.427255573271358, 5.383127051573172, 5.33906478144806, 5.295066774256181, 5.25113106434136, 5.207255711113096, 5.163438801084776, 5.119678449844206, 5.075972803937335, 5.032320042649503, 4.988718379671527, 4.9451660646402, 4.901661384544956, 4.858202664994194, 4.814788271336435, 4.771416609632943, 4.728086127479817, 4.68479531467877, 4.641542703756945, 4.59832687033718, 4.555146433361045, 4.512000055167838, 4.468886441433519, 4.425804340974249, 4.3827525454197875, 4.339729888762608, 4.296735246789015, 4.2537675363989536, 4.210825714821565, 4.167908778733796, 4.125015763289571, 4.0821457410672215, 4.039297820942923, 3.99647114689798, 3.9536648967677652, 3.9108782809400906, 3.868110541010696, 3.825360948403414, 3.7826288029624315, 3.7399134315238487, 3.697214186473568, 3.6545304442982647, 3.611861604135995, 3.569207086332674, 3.526566331010438, 3.483938796653577, 3.4413239587174678, 3.398721308265649, 3.356130350639889, 3.313550604167832, 3.2709815989125497, 3.228422875468069, 3.1858739838047128, 3.143334482167899, 3.100803936033821, 3.058281917125311, 3.015768002491021, 2.973261773650995, 2.9307628158116033, 2.8882707171528534, 2.8457850681910637, 2.8033054612200097, 2.760831489833776, 2.7183627485347723, 2.675898832430626, 2.633439337024053, 2.5909838581002607, 2.548531991716982, 2.5060833343029496, 2.463637482871425, 2.4211940353563874, 2.3787525910801737, 2.3363127513627076, 2.2938741202841637, 2.2514363056147926, 2.208998919927985, 2.1665615819153454, 2.1241239179257843, 2.0816855637544767, 2.039246166712092, 1.9968053880101413, 1.9543629055048235, 1.911918416849549, 1.8694716431157836, 1.8270223329532185, 1.7845702673741588, 1.742115265263868, 1.699657189739295, 1.6571959555040345, 1.6147315373788151, 1.5722639802258418, 1.5297934105341284, 1.487320049994207, 1.4448442314680154, 1.399158914683116, 1.3526138687788667, 1.3054068736516937, 1.2592408152885943, 1.2123242746307785, 1.1642382350740568, 1.1161274130553935, 1.0679658079744982, 1.0192113216536336, 0.9714817406105989, 0.9224278804824465, 0.8748020189017386, 0.8263400266747665, 0.7774059538331893, 0.7282663972869198, 0.6783548577877269, 0.629636260916417, 0.5806803663984879, 0.5302571493538797, 0.48028835943047976, 0.4307851041451022, 0.38120332763131665, 0.33172462288877863, 0.28319417620599124, 0.23571275449463247, 0.19047477157062093, 0.14941409356998456, 0.11696525053357407, 0.1016749406610356, 0.08609032797670531, 0.09762894056305199, 0.12779625830656638, 0.16614446209499695, 0.20671020959840253, 0.24814792358662732, 0.29002441212294877, 0.3322128787766251, 0.37469323400649474, 0.4174803664372211, 0.4605970866877172, 0.5040640479715933, 0.547896466026442, 0.5921035988623881, 0.6366892973721765, 0.6816529024222185, 0.7269901801480092, 0.772694172302272, 0.8187559216387761, 0.8651650689021407, 0.9119103329542839, 0.9589798904857917, 1.006361672142304, 1.0540435903853957, 1.1020137122647904, 1.1459322080043848, 1.1584284094327733, 1.1724508549892252, 1.1879292117272968, 1.2047913482658692, 1.222964325478584, 1.2423752701370072, 1.2629521240966208, 1.2846242681167197, 1.3073230246451804, 1.3309820477794814, 1.355537611193613, 1.380928806253881, 1.4070976630436247, 1.433989206799555, 1.4615514615405714, 1.4897354116258343, 1.518494930760722, 1.5477866866904135, 1.577570028562543, 1.6078068627569813, 1.6384615219048038, 1.669500630866144, 1.7008929726122013, 1.732609356256575, 1.7646224888966766, 1.796906852445901, 1.8294385862488955, 1.8621953759630425, 1.8951563489471492, 1.928301976212223, 1.9616139808492987, 1.9950752527470115, 2.0286697693395404, 2.06238252207756, 2.0961994482856756, 2.130107368055226, 2.1640939258178076], 'normal_align_history': [0.40962396297241116, 0.4095979903559583, 0.40955351902795845, 0.4094951272024965, 0.4094256718038655, 0.40934697751368376, 0.4092602464079179, 0.4091663047245904, 0.40906575337024204, 0.40895906068298954, 0.4088466200186717, 0.40872878556609477, 0.4086058944745895, 0.40847828024949145, 0.4083462805116635, 0.40821024109470855, 0.4080705177618687, 0.40792747638802485, 0.4077814921698834, 0.4076329482410027, 0.4074822339432871, 0.4073294053672916, 0.4071748507714627, 0.4070189709445538, 0.40686216885699433, 0.4067048438858625, 0.4065473884383103, 0.4063901858158726, 0.40623360871090897, 0.4060780180207124, 0.4059237618214845, 0.40577117442677935, 0.4056205754977398, 0.4054722691940345, 0.40532654336487034, 0.40518366878424605, 0.40504389843645033, 0.4049074668582663, 0.4047745895441326, 0.4046454624200298, 0.4045202613912936, 0.40439824532634905, 0.40427956768742496, 0.4041643885724025, 0.40405285427914495, 0.40394508780641264, 0.40384118505292693, 0.4037412139147514, 0.40364521480169396, 0.403553201805006, 0.40346516412912925, 0.40338106760136716, 0.40330085617766587, 0.4032244534151458, 0.403151763907006, 0.4030826746860373, 0.4030170566063443, 0.40295476571271605, 0.4028956446053536, 0.4028395238054126, 0.40278622312451307, 0.40273895981759467, 0.4026974550955774, 0.4026612766334884, 0.4026299433600392, 0.4026029753993188, 0.4025799157256183, 0.40256033768213567, 0.4025438458089721, 0.40253007382220024, 0.40251868166452975, 0.40250935253597775, 0.40250179028962935, 0.40249571731504397, 0.40249087290682545, 0.4024870120621067, 0.40248390463280714, 0.402481334757817, 0.40247910050710617, 0.40247701367923916, 0.40247489970351785, 0.40247259760700516, 0.4024699600145364, 0.40246685315654845, 0.40246315686512524, 0.4024587645433256, 0.40245358309666973, 0.40244753281883283, 0.40244054722619593, 0.40243257283804085, 0.4024235689009619, 0.4024135070575135, 0.4024023709603353, 0.4023901558339546, 0.40237686798729166, 0.4023625242805352, 0.40234715155055034, 0.40233078599939537, 0.4023134725507919, 0.4022952641796126, 0.40227622121954537, 0.4022564106541502, 0.4022359053965051, 0.4022147835625494, 0.40219312774311816, 0.4021710242794748, 0.40214856254694814, 0.402125834251023, 0.4021029327399695, 0.40207995233778615, 0.4020569877009229, 0.40203413320191417, 0.4020114823427066, 0.40198912720012286, 0.4019671579055461, 0.40194566216055905, 0.401924724789933, 0.40190442733301024, 0.4018848476742016, 0.4018660597130125, 0.4018481330736883, 0.40183113285430333, 0.40181511941484704, 0.4018001482036002, 0.4017862696208847, 0.401773528919052, 0.4017619661373938, 0.4017516160704938, 0.401742508268399, 0.40173466706687655, 0.40172811164589634, 0.4017228561144434, 0.40171890961966095, 0.401716276478316, 0.4017149563285414, 0.4017149442998076, 0.4017162311990836, 0.4017188037111733, 0.4017226446112487, 0.4017277329876483, 0.40173404447307426, 0.40174155148237656, 0.4017502234551997, 0.401760027101851, 0.4017709266508275, 0.4017828840965321, 0.4017958594458167, 0.4018098109620723, 0.4018246954056948, 0.40184046826985415, 0.4018570840105831, 0.4018744962703145, 0.40189265809408414, 0.4019115221377082, 0.4019310408673413, 0.4019511667499108, 0.40197185243399153, 0.4019930509207885, 0.4020147157249619, 0.4020368010250886, 0.40205926180364454, 0.4092768243334321, 0.4109001372034191, 0.4237998634049783, 0.44787309854565055, 0.4600106084593461, 0.46024937658201737, 0.4497112506068091, 0.45047853732527326, 0.4397407829441878, 0.4245232418277705, 0.4160173911429202, 0.4016598312326484, 0.39490922766603537, 0.3775910277019519, 0.37228490903431244, 0.37348198537613686, 0.36871945542414775, 0.3713133365963594, 0.3803352156711874, 0.3932561045478578, 0.4054613872819194, 0.4150905592225131, 0.42882879394085816, 0.4441522185434665, 0.45640242565347566, 0.4639669063374242, 0.46910648170410935, 0.4750730743445861, 0.4786054706423912, 0.4777131987214369, 0.47438447675577766, 0.4714092988321532, 0.46855110782505255, 0.46577080569836815, 0.46302943231777144, 0.4602933559443497, 0.45753168067034533, 0.4547156952082926, 0.45181910174803747, 0.44881842528011207, 0.4456933484726602, 0.4424268891592028, 0.43900541726522646, 0.435418540016506, 0.4316588927134978, 0.4277218701094367, 0.42360532714159843, 0.41930927068615925, 0.4148355575792674, 0.4101876088825875, 0.4053701463320086, 0.40038895395863655, 0.39525066581186025, 0.38996257934309536, 0.38453249314835625, 0.378968567273651, 0.3732792040473014, 0.36747294733385405, 0.3615583981443476, 0.355544144644235, 0.34943870474342764, 0.34325047961278554, 0.33698771663496535, 0.33065848045669266, 0.32427063095967257, 0.31783180710591824, 0.3113494157393547, 0.304830624539056, 0.29828235842094014, 0.29171129877492646, 0.28512388500456154, 0.2785263179067618, 0.2719245644918177, 0.2653243638989175, 0.2587312341111765, 0.2521504792172171, 0.2455871970044372, 0.23904628670289996, 0.23253245672873496, 0.22605023230256677, 0.21960396284217798, 0.21319782904965828, 0.20683584963205376, 0.20052188761113343, 0.19425965619265612, 0.18805272417850924, 0.1819045209165171, 0.17581834079264425, 0.1697973472789006, 0.16384457655751522, 0.15796294074806339, 0.15215523076913612], 'ball_near_history': [False, False, False, False, False, False, False, False, False, False, False, False, False, False, False, False, False, False, False, False, False, False, False, False, False, False, False, False, False, False, False, False, False, False, False, False, False, False, False, False, False, False, False, False, False, False, False, False, False, False, False, False, False, False, False, False, False, False, False, False, False, False, False, False, False, False, False, False, False, False, False, False, False, False, False, False, False, False, False, False, False, False, False, False, False, False, False, False, False, False, False, False, False, False, False, False, False, False, False, False, False, False, False, False, False, False, False, False, False, False, False, False, False, False, False, False, False, False, False, False, False, False, False, False, False, False, False, False, False, False, False, False, False, False, False, False, False, False, False, False, False, False, False, False, False, False, False, False, False, False, False, False, False, False, False, False, False, False, False, False, False, False, False, False, False, False, False, False, False, False, False, False, False, False, False, False, False, False, False, False, False, False, False, False, False, False, False, False, False, False, False, False, False, False, False, False, False, False, False, False, False, False, False, False, False, False, False, False, False, False, False, False, False, False, False, False, False, False, False, False, False, False, False, False, False, False, False, False, False, False, False, False, False, False, False, False, False, False, False, False, False, False, False, False, False, False, False, False, False, False, False, False, False], 'tube_ready_history': [False, False, False, False, False, False, False, False, False, False, False, False, False, False, False, False, False, False, False, False, False, False, False, False, False, False, False, False, False, False, False, False, False, False, False, False, False, False, False, False, False, False, False, False, False, False, False, False, False, False, False, False, False, False, False, False, False, False, False, False, False, False, False, False, False, False, False, False, False, False, False, False, False, False, False, False, False, False, False, False, False, False, False, False, False, False, False, False, False, False, False, False, False, False, False, False, False, False, False, False, False, False, False, False, False, False, False, False, False, False, False, False, False, False, False, False, False, False, False, False, False, False, False, False, False, False, False, False, False, False, False, False, False, False, False, False, False, False, False, False, False, False, False, False, False, False, False, False, False, False, False, False, False, False, False, False, False, False, False, False, False, False, False, False, False, False, False, False, False, False, False, False, False, False, False, False, False, False, False, False, False, False, False, False, False, False, False, False, False, False, False, False, False, False, False, False, False, False, False, False, False, False, False, False, False, False, False, False, False, False, False, False, False, False, False, False, False, False, False, False, False, False, False, False, False, False, False, False, False, False, False, False, False, False, False, False, False, False, False, False, False, False, False, False, False, False, False, False, False, False, False, False, False], 'pos_error_history': [0.009074350262281832, 0.00904668112589671, 0.009031543411046998, 0.009054377369740187, 0.009144695408288411, 0.009333742579822111, 0.009651273770605229, 0.010122031852859986, 0.01076301250082942, 0.011582461594939222, 0.01258075489561231, 0.013752481302199424, 0.01508878392383198, 0.01657929438921792, 0.018213429707020626, 0.019981114852960093, 0.021873100736196943, 0.02388104023424689, 0.025997439324915314, 0.028215555168542298, 0.02871665684616306, 0.030995400655776745, 0.03337526233726995, 0.03584913213848572, 0.03841054970315636, 0.04105359505469929, 0.043772793813497406, 0.04656303714601753, 0.049419515337639615, 0.05233766326806783, 0.05531311596047241, 0.058341672501885385, 0.061419266849165516, 0.06454194426977501, 0.06770584238646325, 0.07090717598672566, 0.07414222491884426, 0.07740732452824943, 0.08069885819456599, 0.08401325161510116, 0.08745970963838486, 0.09078762924503309, 0.09412931251450044, 0.09748121756814555, 0.1008398446548679, 0.10420173529206127, 0.10756347208982754, 0.11092167916749786, 0.11427302308417671, 0.11761421421496585, 0.12094200851250152, 0.12425320959988191, 0.12754467114640305, 0.1308132994819047, 0.13405605640927695, 0.13726996217780313, 0.14045209858272883, 0.14359961215880254, 0.146709717437601, 0.14977970024030843, 0.15597592086712936, 0.1589621491009498, 0.16189673977057706, 0.1647775201386426, 0.16760237061084068, 0.17036923668549417, 0.1730761385099754, 0.17572117861682315, 0.17830254825292202, 0.18081853260211458, 0.18326751512062517, 0.18564798114613393, 0.18795852089874163, 0.19019783196099452, 0.19236472130142676, 0.19445810688949128, 0.19647701893770592, 0.1984206007981132, 0.2002881095339193, 0.20207891618276383, 0.20379250572503402, 0.20542847676859133, 0.2069865409599763, 0.2084665221314118, 0.20986835519253613, 0.21119208477573323, 0.21243786364402134, 0.2136059508707066, 0.21469670980033842, 0.2157106058008614, 0.2166482038172646, 0.2175101657374128, 0.21829724758112046, 0.2190102965238795, 0.21965024776696562, 0.22021812126591378, 0.2207150183295826, 0.22114211810220477, 0.22150067394093553, 0.2217920097014964, 0.22201751594452473, 0.222178646075206, 0.2222769124286966, 0.22231388231369364, 0.2222911740263543, 0.2222104528465139, 0.2220734270279104, 0.22188184379378834, 0.22163748534892708, 0.22134216491873318, 0.22099772282563815, 0.22060602261257534, 0.22016894722285094, 0.21968839524520772, 0.21916627723238052, 0.2186045121008848, 0.21800502361924207, 0.2173697369912808, 0.21670057554057784, 0.2159994575015383, 0.2152682929220321, 0.21450898068193683, 0.21372340563135928, 0.2129134358517642, 0.2120809200426652, 0.2112276850360176, 0.2103555334399088, 0.20946624141265632, 0.2085615565679095, 0.20764319601091147, 0.20671284450561103, 0.20577215277189878, 0.2048227359118475, 0.20386617196345508, 0.20290400058004404, 0.20193772183315611, 0.20096879513646906, 0.19999863828801456, 0.1990286266277118, 0.1980600923070328, 0.197094323667415, 0.1961325647238709, 0.1951760147501064, 0.194225827961343, 0.19328311329093376, 0.19234893425680943, 0.19142430891371398, 0.19051020988718212, 0.18960756448517624, 0.18871725488331242, 0.18784011837963585, 0.18697694771491002, 0.18612849145447885, 0.18529545442776796, 0.18447849822161422, 0.1836782417236613, 0.1828952617121661, 0.18213009348866027, 0.18138323155000824, 0.18065513029653174, 0.17813258341904004, 0.17472105048344802, 0.16983888491441687, 0.16646271214508343, 0.16292673593807935, 0.1583672978106352, 0.15497691719610174, 0.15065629035753964, 0.1466349935116232, 0.14344961333304657, 0.13961933016749012, 0.1369726387765879, 0.13455897563467917, 0.13273905922214807, 0.12985783055674313, 0.12796660245253677, 0.12676644248973254, 0.12703981931704794, 0.12762207990204943, 0.1287958837296635, 0.13059998358605632, 0.13310442007252946, 0.13580885051887212, 0.13891267257885737, 0.1424462946166198, 0.14650952347258614, 0.1509841134190343, 0.15579156701711436, 0.16086521730278197, 0.1659984609362856, 0.17129706053406804, 0.17590907717281368, 0.17978549033517974, 0.1828925662375545, 0.1854105928503314, 0.18750388818745842, 0.18931161621196205, 0.19094681335021588, 0.19249874817941617, 0.19403636676019156, 0.19561181873238234, 0.19726365033303464, 0.19901952966223277, 0.20089849720189515, 0.20291278823613762, 0.2050692915676204, 0.20737070981556135, 0.2098164801795596, 0.21240350562603927, 0.2151267373107518, 0.21797964073375534, 0.22095457102361563, 0.22404307692857942, 0.22723614846119905, 0.230524419541288, 0.23389833423498946, 0.23734828312709114, 0.24086471484014454, 0.24443822660086847, 0.24805963694818153, 0.2517200430958754, 0.255410865042747, 0.259123878215991, 0.26285123620431494, 0.26658548496017137, 0.27031956970781806, 0.2740468356734984, 0.2777610236479316, 0.2814562612945126, 0.2851270510262159, 0.2887682551886042, 0.29237507920485944, 0.2959430532612078, 0.2994680130376206, 0.30294607991944994, 0.3063736410610014, 0.3097473296121314, 0.31306400536398954, 0.31632073602005045, 0.31951477925361177, 0.3226435656728855, 0.325704682779535, 0.3286958599758158, 0.33161495464910007, 0.33445993934024615, 0.3372288899836902, 0.33991997519198286, 0.3425314465454513, 0.34506162983837746, 0.3475089172263049, 0.3498717602143954, 0.35214866342399853, 0.3542592407508251], 'max_qdot_ratio': 0.9838871503323577, 'max_tcp_speed': 1.785760051849908, 'max_racket_face_speed': 1.604348283343288, 'total_mpc_steps': 253, 'ball_was_hit': True, 'hit_step': 188, 'p_ee_at_hit': array([-0.61750627, -0.35195804,  0.74804177]), 'ball_pos_at_hit': array([-0.7149823 , -0.32518773,  0.73710708]), 'v_ee_at_hit': 1.7449610169223853, 'active_contact': True, 'passive_contact': False}
2026-09-13 00:12:10,919 [INFO] __main__: 击打后继续仿真 20 步...
