
========================================
  RM-65 击打成功！（主动击球，pos_error=0.1083m）
  [V12 EpisodeRunner 管线架构]
  ablation: full
  击打目标位置: [-0.774 -0.451  0.754]
  末端实际位置: [-0.661 -0.508  0.797]
  规划跟踪误差: 0.1336 m
  速度误差: 1.9502 m/s
  MPC 总步数: 259
  --- Tube 专用指标 ---
  最小球拍-球距离: 0.1001 m
  ball_near 步数: 0 = 0.0 ms
  tube_ready 步数: 0 = 0.0 ms
  击打时间误差: 15.0 ms
  击打位置误差: 0.1083 m
  --- 计算性能 ---
  总墙钟时间: 1.10s (MPC=1.10s)
  --- 执行层约束 ---
  max_qdot=0.98x, max_tcp=1.8m/s, max_face=2.1m/s
  击球类型: 主动击球
========================================

__RESULT__: pos_error=0.108297 vel_error=1.950195 min_dist=0.100110 ball_near_ms=0.0 tube_ready_ms=0.0 max_tcp=1.77 max_qdot=0.98 max_face=2.1 hit_type=active hit_time_error_ms=15.0 hit_pos_error=0.108297 v_racket_at_hit=1.775
2026-09-10 17:50:25,894 [INFO] __main__: [ablation] mode=full
2026-09-10 17:50:25,900 [INFO] __main__: serve-box auto params: horizon=120, iter=10, first_plan_iters=30, total_horizon=250, replan_interval=20, near_plan_iters=5
2026-09-10 17:50:25,918 [INFO] __main__: 关节限位: 仿真默认(default.yaml), TCP=1.8 m/s, terminal_exempt=20
2026-09-10 17:50:25,918 [INFO] __main__: 球拍初始位置: [-0.24136342  0.63027058  1.45576659]
2026-09-10 17:50:25,919 [DEBUG] src.tennis.ball: serve_box bounce (attempt=0): p0_z=1.22, vz0=-2.8, spd=9.0, t1=0.285, t2=0.599, z_err=0.02
2026-09-10 17:50:25,925 [INFO] __main__: 击打步数: 178, 击打位置: [-0.77405923 -0.45111809  0.75406942]
2026-09-10 17:50:25,925 [INFO] __main__: 随挥方向: [ 0.171 -0.965  0.201], 随挥步数: 60
2026-09-10 17:50:25,932 [INFO] __main__: 候选窗口已构建: best_k=178, candidates=3
2026-09-10 17:50:25,932 [INFO] src.cpp.solver_cpp: iLQR C++ 加速模块已加载
2026-09-10 17:50:25,933 [INFO] __main__: 开始 V12 EpisodeRunner，总步数=310 (MPC=250, 随挥=60)，击打步数=178
2026-09-10 17:50:25,933 [INFO] src.ilqt.async_replanner: AsyncReplanner: 后台规划线程已启动
2026-09-10 17:50:25,954 [INFO] src.ilqt.async_replanner: AsyncReplanner: 规划环境已创建（独立 MjData）
2026-09-10 17:50:25,954 [INFO] src.ilqt.async_replanner: AsyncReplanner: 规划环境已创建（独立 MjData）
2026-09-10 17:50:25,976 [DEBUG] src.ilqt.tube_cost: [Softmin诊断] 候选权重TOP3: k=178:w=0.334, k=179:w=0.333, k=177:w=0.333
2026-09-10 17:50:26,866 [INFO] src.ilqt.mpc_controller: REPLAN step=0 k_hit=178 iters=30 horizon=120 t=912ms
2026-09-10 17:50:26,868 [INFO] src.ilqt.mpc_controller: MPCController.start 完成: k_hit=178, p_hit=[-0.774 -0.451  0.754], buffer=120
2026-09-10 17:50:26,872 [DEBUG] src.ilqt.replan_core: FAR_JT step=0 k_hit=178 (JT gain=60, skip iLQR)
2026-09-10 17:50:26,872 [DEBUG] src.ilqt.mpc_controller: REPLAN step=0 k_hit=178 iters=0 horizon=0 t=4ms
2026-09-10 17:50:26,873 [DEBUG] src.ilqt.mpc_controller: MPCController.step 0: replan k_hit=178 refine=feasible buffer=20
2026-09-10 17:50:26,883 [DEBUG] src.ilqt.replan_core: FAR_JT step=20 k_hit=158 (JT gain=60, skip iLQR)
2026-09-10 17:50:26,883 [DEBUG] src.ilqt.mpc_controller: REPLAN step=20 k_hit=158 iters=0 horizon=0 t=4ms
2026-09-10 17:50:26,884 [DEBUG] src.ilqt.mpc_controller: MPCController.step 20: replan k_hit=158 refine=feasible buffer=20
2026-09-10 17:50:26,893 [DEBUG] src.ilqt.replan_core: FAR_JT step=40 k_hit=138 (JT gain=60, skip iLQR)
2026-09-10 17:50:26,893 [DEBUG] src.ilqt.mpc_controller: REPLAN step=40 k_hit=138 iters=0 horizon=0 t=4ms
2026-09-10 17:50:26,894 [DEBUG] src.ilqt.mpc_controller: MPCController.step 40: replan k_hit=138 refine=feasible buffer=20
2026-09-10 17:50:26,902 [DEBUG] src.ilqt.replan_core: FAR_JT step=60 k_hit=118 (JT gain=60, skip iLQR)
2026-09-10 17:50:26,902 [DEBUG] src.ilqt.mpc_controller: REPLAN step=60 k_hit=118 iters=0 horizon=0 t=4ms
2026-09-10 17:50:26,903 [DEBUG] src.ilqt.mpc_controller: MPCController.step 60: replan k_hit=118 refine=feasible buffer=20
2026-09-10 17:50:26,912 [DEBUG] src.ilqt.replan_core: FAR_JT step=80 k_hit=98 (JT gain=60, skip iLQR)
2026-09-10 17:50:26,912 [DEBUG] src.ilqt.mpc_controller: REPLAN step=80 k_hit=98 iters=0 horizon=0 t=4ms
2026-09-10 17:50:26,913 [DEBUG] src.ilqt.mpc_controller: MPCController.step 80: replan k_hit=98 refine=feasible buffer=20
2026-09-10 17:50:26,921 [DEBUG] src.ilqt.replan_core: FAR_JT step=100 k_hit=78 (JT gain=60, skip iLQR)
2026-09-10 17:50:26,921 [DEBUG] src.ilqt.mpc_controller: REPLAN step=100 k_hit=78 iters=0 horizon=0 t=3ms
2026-09-10 17:50:26,922 [DEBUG] src.ilqt.mpc_controller: MPCController.step 100: replan k_hit=78 refine=feasible buffer=20
2026-09-10 17:50:26,930 [DEBUG] src.ilqt.replan_core: FAR_JT step=120 k_hit=58 (JT gain=60, skip iLQR)
2026-09-10 17:50:26,930 [DEBUG] src.ilqt.mpc_controller: REPLAN step=120 k_hit=58 iters=0 horizon=0 t=3ms
2026-09-10 17:50:26,930 [INFO] src.ilqt.strategies.hit_point_refiner: [HIT_LOCK] k_hit=58 ≤ 60, 锁定击球点不再替换
2026-09-10 17:50:26,930 [DEBUG] src.ilqt.mpc_controller: MPCController.step 120: replan k_hit=58 refine=locked buffer=20
2026-09-10 17:50:26,941 [DEBUG] src.ilqt.tube_cost: [Softmin诊断] 候选权重TOP3: k=38:w=0.334, k=39:w=0.333, k=37:w=0.333
2026-09-10 17:50:26,961 [DEBUG] src.ilqt.mpc_controller: REPLAN step=140 k_hit=38 iters=5 horizon=38 t=25ms
2026-09-10 17:50:26,961 [DEBUG] src.ilqt.mpc_controller: MPCController.step 140: replan k_hit=38 refine=locked buffer=20
2026-09-10 17:50:26,971 [DEBUG] src.ilqt.tube_cost: [Softmin诊断] 候选权重TOP3: k=18:w=0.334, k=19:w=0.333, k=17:w=0.333
2026-09-10 17:50:26,981 [DEBUG] src.ilqt.mpc_controller: REPLAN step=160 k_hit=18 iters=5 horizon=18 t=15ms
2026-09-10 17:50:26,981 [DEBUG] src.ilqt.mpc_controller: MPCController.step 160: replan k_hit=18 refine=locked buffer=18
2026-09-10 17:50:26,983 [INFO] src.ilqt.components.predictive_safety: [SAFETY_FILTER] beta=0.8: qdot entering overspeed, joint=5, |qdot|=4.24 > 3.93
2026-09-10 17:50:26,985 [INFO] src.ilqt.components.predictive_safety: [SAFETY_FILTER] beta=0.8: qdot entering overspeed, joint=2, |qdot|=4.02 > 3.93
2026-09-10 17:50:26,985 [INFO] src.ilqt.components.predictive_safety: [SAFETY_FILTER] beta=0.8: tcp speed 1.85 > 1.80 m/s
2026-09-10 17:50:26,986 [INFO] src.ilqt.components.predictive_safety: [SAFETY_FILTER] beta=0.6: tcp speed 1.85 > 1.80 m/s
2026-09-10 17:50:26,986 [INFO] src.ilqt.components.predictive_safety: [SAFETY_FILTER] beta=0.2: qdot entering overspeed, joint=1, |qdot|=3.30 > 3.14
2026-09-10 17:50:26,987 [INFO] src.ilqt.components.predictive_safety: [SAFETY_FILTER] beta=0.4: tcp speed 2.02 > 1.80 m/s
2026-09-10 17:50:26,988 [INFO] src.ilqt.components.predictive_safety: [SAFETY_FILTER] beta=0.2: tcp speed 2.12 > 1.80 m/s
2026-09-10 17:50:26,988 [INFO] src.ilqt.strategies.follow_through: 随挥触发: step=177, steps=60
2026-09-10 17:50:27,005 [INFO] src.ilqt.async_replanner: AsyncReplanner: 后台规划线程已停止
2026-09-10 17:50:27,005 [INFO] src.ilqt.episode_runner: EpisodeRunner 完成: total_steps=239 safe_steps=239 mpc_done=True
2026-09-10 17:50:27,005 [DEBUG] src.ilqt.episode_runner: EpisodeRunner metrics 详情: {'total_steps': 239, 'safe_steps': 239, 'mpc_done': True, 'X_history': [array([-1.5  ,  1.57 , -0.236,  0.404,  0.446,  2.45 ,  0.   ,  0.   ,
        0.   ,  0.   ,  0.   ,  0.   ]), array([ 2.41587144e-01,  1.51733332e+00, -2.18425739e-01, -8.97480908e-02,
        2.12584768e-01,  2.44999453e+00, -1.05350597e-02, -3.64364226e-02,
       -4.18189297e-03,  2.27776549e-05, -1.31177363e-02, -1.09475446e-03]), array([ 2.41483324e-01,  1.51697616e+00, -2.18475149e-01, -8.97476847e-02,
        2.12460854e-01,  2.44998571e+00, -2.07639880e-02, -7.14306604e-02,
       -9.88208750e-03,  8.12119761e-05, -2.47828362e-02, -1.76321122e-03]), array([ 2.41329877e-01,  1.51645087e+00, -2.18559221e-01, -8.97468191e-02,
        2.12283997e-01,  2.44997473e+00, -3.06894744e-02, -1.05058270e-01,
       -1.68143495e-02,  1.73130312e-04, -3.53713740e-02, -2.19520288e-03]), array([ 2.41128300e-01,  1.51576391e+00, -2.18682930e-01, -8.97453558e-02,
        2.12058227e-01,  2.44996226e+00, -4.03155037e-02, -1.37391997e-01,
       -2.47417293e-02,  2.92666665e-04, -4.51539338e-02, -2.49491351e-03]), array([ 2.40880065e-01,  1.51492141e+00, -2.18850263e-01, -8.97431899e-02,
        2.11786607e-01,  2.44994866e+00, -4.96469367e-02, -1.68500768e-01,
       -3.34666392e-02,  4.33175939e-04, -5.43240440e-02, -2.71966723e-03]), array([ 2.40586619e-01,  1.51392916e+00, -2.19064379e-01, -8.97402474e-02,
        2.11471512e-01,  2.44993416e+00, -5.86892029e-02, -1.98449158e-01,
       -4.28231964e-02,  5.88498704e-04, -6.30190395e-02, -2.90110326e-03]), array([ 2.40249379e-01,  1.51279268e+00, -2.19327735e-01, -8.97364803e-02,
        2.11114835e-01,  2.44991887e+00, -6.74480733e-02, -2.27297160e-01,
       -5.26712621e-02,  7.53409683e-04, -7.13353212e-02, -3.05675085e-03]), array([ 2.39869731e-01,  1.51151718e+00, -2.19642194e-01, -8.97318619e-02,
        2.10718138e-01,  2.44990289e+00, -7.59294921e-02, -2.55100163e-01,
       -6.28917575e-02,  9.23682444e-04, -7.93394795e-02, -3.19636790e-03]), array([ 2.39449034e-01,  1.51010763e+00, -2.20009109e-01, -8.97263820e-02,
        2.10282756e-01,  2.44988626e+00, -8.41394502e-02, -2.81909065e-01,
       -7.33829460e-02,  1.09599030e-03, -8.70763694e-02, -3.32542026e-03]), array([ 2.38988614e-01,  1.50856878e+00, -2.20429396e-01, -8.97200432e-02,
        2.09809881e-01,  2.44986903e+00, -9.20838908e-02, -3.07770461e-01,
       -8.40574509e-02,  1.26775190e-03, -9.45749471e-02, -3.44699769e-03]), array([ 2.38489771e-01,  1.50690514e+00, -2.20903595e-01, -8.97128584e-02,
        2.09300619e-01,  2.44985121e+00, -9.97686361e-02, -3.32726874e-01,
       -9.48398402e-02,  1.43697233e-03, -1.01852474e-01, -3.56287312e-03]), array([ 2.37953775e-01,  1.50512106e+00, -2.21431918e-01, -8.97048478e-02,
        2.08756031e-01,  2.44983284e+00, -1.07199333e-01, -3.56817003e-01,
       -1.05664651e-01,  1.60210133e-03, -1.08917536e-01, -3.67409093e-03]), array([ 2.37381867e-01,  1.50322068e+00, -2.22014292e-01, -8.96960383e-02,
        2.08177170e-01,  2.44981394e+00, -1.14381411e-01, -3.80075980e-01,
       -1.16474766e-01,  1.76191585e-03, -1.15772224e-01, -3.78129530e-03]), array([ 2.36775267e-01,  1.50120800e+00, -2.22650393e-01, -8.96864611e-02,
        2.07565102e-01,  2.44979451e+00, -1.21320053e-01, -4.02535612e-01,
       -1.27220061e-01,  1.91542753e-03, -1.22413712e-01, -3.88491398e-03]), array([ 2.36135166e-01,  1.49908688e+00, -2.23339674e-01, -8.96761521e-02,
        2.06920925e-01,  2.44977459e+00, -1.28020171e-01, -4.24224614e-01,
       -1.37856294e-01,  2.06181248e-03, -1.28835432e-01, -3.98526118e-03]), array([ 2.35462734e-01,  1.49686103e+00, -2.24081395e-01, -8.96651503e-02,
        2.06245785e-01,  2.44975417e+00, -1.34486396e-01, -4.45168837e-01,
       -1.48344170e-01,  2.20035991e-03, -1.35027955e-01, -4.08259469e-03]), array([ 2.34759119e-01,  1.49453408e+00, -2.24874638e-01, -8.96534981e-02,
        2.05540886e-01,  2.44973329e+00, -1.40723070e-01, -4.65391467e-01,
       -1.58648571e-01,  2.33043585e-03, -1.40979681e-01, -4.17714691e-03]), array([ 0.23402545,  1.49210951, -0.22571833, -0.08964124,  0.2048075 ,
        2.44971194, -0.14673424, -0.48491322, -0.16873791,  0.00245146,
       -0.14667739, -0.00426914]), array([ 0.23326283,  1.48959075, -0.22661125, -0.08962843,  0.20404697,
        2.44969015, -0.15252367, -0.50375254, -0.17858361,  0.00256288,
       -0.15210669, -0.0043588 ]), array([ 0.23247236,  1.48698112, -0.22755204, -0.08961511,  0.2032607 ,
        2.44966792, -0.15809482, -0.52192573, -0.18815965,  0.00266419,
       -0.15725236, -0.00444634]), array([ 0.23165527,  1.48428385, -0.22853941, -0.08960145,  0.20244962,
        2.44964532, -0.16341617, -0.53945441, -0.19747361,  0.00273186,
       -0.162216  , -0.0045188 ]), array([ 0.23081265,  1.48150211, -0.2295718 , -0.08958748,  0.20161539,
        2.44962234, -0.16852492, -0.55634774, -0.20647686,  0.00279258,
       -0.1668474 , -0.00459565]), array([ 0.22994553,  1.47863903, -0.23064754, -0.08957326,  0.20075971,
        2.44959897, -0.17342355, -0.57261617, -0.21514815,  0.00284467,
       -0.17113568, -0.0046742 ]), array([ 0.22905496,  1.47569768, -0.23176488, -0.08955883,  0.19988437,
        2.44957521, -0.17811436, -0.58826869, -0.22346793,  0.00288684,
       -0.17506864, -0.0047531 ]), array([ 0.22814196,  1.47268112, -0.23292197, -0.08954424,  0.1989912 ,
        2.44955105, -0.18259941, -0.603313  , -0.23141816,  0.00291807,
       -0.17863332, -0.00483176]), array([ 0.22720756,  1.46959234, -0.23411688, -0.08952955,  0.19808212,
        2.4495265 , -0.18688054, -0.6177555 , -0.23898207,  0.00293752,
       -0.18181635, -0.00490997]), array([ 0.22625276,  1.46643433, -0.2353476 , -0.08951483,  0.1971591 ,
        2.44950156, -0.19095942, -0.63160148, -0.246144  ,  0.00294449,
       -0.18460427, -0.00498774]), array([ 0.22527858,  1.46321006, -0.23661204, -0.08950013,  0.19622418,
        2.44947623, -0.1948375 , -0.64485514, -0.2528893 ,  0.00293838,
       -0.18698377, -0.00506517]), array([ 0.224286  ,  1.45992246, -0.23790807, -0.08948554,  0.19527947,
        2.44945052, -0.19851605, -0.65751972, -0.25920424,  0.00291869,
       -0.18894186, -0.00514241]), array([ 0.22327601,  1.45657447, -0.23923344, -0.08947111,  0.19432714,
        2.44942442, -0.20199619, -0.66959756, -0.26507592,  0.00288499,
       -0.19046606, -0.00521965]), array([ 0.22224962,  1.45316902, -0.24058591, -0.08945693,  0.19336942,
        2.44939794, -0.20527888, -0.68109023, -0.27049225,  0.00283691,
       -0.19154449, -0.00529706]), array([ 0.2212078 ,  1.44970903, -0.24196312, -0.08944306,  0.19240859,
        2.44937106, -0.20836492, -0.69199855, -0.27544187,  0.00277414,
       -0.192166  , -0.00537482]), array([ 0.22015152,  1.44619741, -0.24336269, -0.08942958,  0.19144698,
        2.4493438 , -0.21125502, -0.70232273, -0.2799142 ,  0.00269643,
       -0.19232029, -0.00545309]), array([ 0.21908177,  1.4426371 , -0.24478218, -0.08941656,  0.19048699,
        2.44931614, -0.21394975, -0.71206242, -0.28389938,  0.00260355,
       -0.19199792, -0.00553203]), array([ 0.21799952,  1.43903102, -0.24621912, -0.08940408,  0.18953104,
        2.44928808, -0.2164496 , -0.72121679, -0.28738828,  0.00249535,
       -0.19119049, -0.00561178]), array([ 2.16905749e-01,  1.43538209e+00, -2.47670987e-01, -8.93922246e-02,
        1.88581588e-01,  2.44925962e+00, -2.18754966e-01, -7.29784619e-01,
       -2.90372524e-01,  2.37170036e-03, -1.89890617e-01, -5.69244290e-03]), array([ 2.15801418e-01,  1.43169327e+00, -2.49135210e-01, -8.93810619e-02,
        1.87641128e-01,  2.44923075e+00, -2.20866199e-01, -7.37764367e-01,
       -2.92844500e-01,  2.23253357e-03, -1.88092069e-01, -5.77413839e-03]), array([ 2.14687500e-01,  1.42796750e+00, -2.50609197e-01, -8.93706728e-02,
        1.86712179e-01,  2.44920146e+00, -2.22783593e-01, -7.45154246e-01,
       -2.94797370e-01,  2.07781344e-03, -1.85789785e-01, -5.85694779e-03]), array([ 2.13564963e-01,  1.42420774e+00, -2.52090322e-01, -8.93611351e-02,
        1.85797279e-01,  2.44917176e+00, -2.24507418e-01, -7.51952297e-01,
       -2.96225104e-01,  1.90754863e-03, -1.82979947e-01, -5.94093819e-03]), array([ 2.12434773e-01,  1.42041696e+00, -2.53575935e-01, -8.93525261e-02,
        1.84898979e-01,  2.44914163e+00, -2.26037933e-01, -7.58156468e-01,
       -2.97122505e-01,  1.72178906e-03, -1.79660025e-01, -6.02615746e-03]), array([ 2.11298299e-01,  1.41659809e+00, -2.55063520e-01, -8.93451670e-02,
        1.84019355e-01,  2.44911118e+00, -2.27294986e-01, -7.63773167e-01,
       -2.97517128e-01,  1.47183054e-03, -1.75924897e-01, -6.08908832e-03]), array([ 2.10156504e-01,  1.41275412e+00, -2.56550402e-01, -8.93390885e-02,
        1.83161051e-01,  2.44908036e+00, -2.28358811e-01, -7.68795088e-01,
       -2.97376307e-01,  1.21569965e-03, -1.71660811e-01, -6.16483779e-03]), array([ 2.09010356e-01,  1.40888802e+00, -2.58033885e-01, -8.93343325e-02,
        1.82326681e-01,  2.44904912e+00, -2.29229772e-01, -7.73219816e-01,
       -2.96696545e-01,  9.51197517e-04, -1.66873937e-01, -6.24787815e-03]), array([ 2.07860814e-01,  1.40500279e+00, -2.59511262e-01, -8.93309482e-02,
        1.81518828e-01,  2.44901744e+00, -2.29908307e-01, -7.77045227e-01,
       -2.95475577e-01,  6.76853963e-04, -1.61570655e-01, -6.33523677e-03]), array([ 2.06708839e-01,  1.40110144e+00, -2.60979824e-01, -8.93289897e-02,
        1.80740038e-01,  2.44898531e+00, -2.30394947e-01, -7.80269528e-01,
       -2.93712316e-01,  3.91699321e-04, -1.55757898e-01, -6.42530826e-03]), array([ 2.05555388e-01,  1.39718699e+00, -2.62436858e-01, -8.93285141e-02,
        1.79992821e-01,  2.44895273e+00, -2.30690333e-01, -7.82891308e-01,
       -2.91406831e-01,  9.51199201e-05, -1.49443405e-01, -6.51721159e-03]), array([ 2.04401412e-01,  1.39326244e+00, -2.63879660e-01, -8.93295803e-02,
        1.79279642e-01,  2.44891968e+00, -2.30795227e-01, -7.84909585e-01,
       -2.88560326e-01, -2.13236512e-04, -1.42635907e-01, -6.61044295e-03]), array([ 2.03247859e-01,  1.38933082e+00, -2.65305536e-01, -8.93322479e-02,
        1.78602916e-01,  2.44888615e+00, -2.30710535e-01, -7.86323862e-01,
       -2.85175137e-01, -5.33524907e-04, -1.35345248e-01, -6.70468900e-03]), array([ 2.02095672e-01,  1.38539515e+00, -2.66711809e-01, -8.93365767e-02,
        1.77965003e-01,  2.44885215e+00, -2.30437323e-01, -7.87134177e-01,
       -2.81254731e-01, -8.65747702e-04, -1.27582481e-01, -6.79972702e-03]), array([ 2.00945788e-01,  1.38145844e+00, -2.68095828e-01, -8.93426256e-02,
        1.77368204e-01,  2.44881768e+00, -2.29976829e-01, -7.87341158e-01,
       -2.76803701e-01, -1.20978721e-03, -1.19359914e-01, -6.89537193e-03]), array([ 1.99799136e-01,  1.37752371e+00, -2.69454967e-01, -8.93504528e-02,
        1.76814748e-01,  2.44878272e+00, -2.29330484e-01, -7.86946067e-01,
       -2.71827776e-01, -1.56542965e-03, -1.10691145e-01, -6.99144887e-03]), array([ 1.98656636e-01,  1.37359396e+00, -2.70786636e-01, -8.93601147e-02,
        1.76306792e-01,  2.44874728e+00, -2.28499924e-01, -7.85950856e-01,
       -2.66333814e-01, -1.93238345e-03, -1.01591068e-01, -7.08777933e-03]), array([ 1.97519201e-01,  1.36967217e+00, -2.72088285e-01, -8.93716661e-02,
        1.75846413e-01,  2.44871136e+00, -2.27487008e-01, -7.84358206e-01,
       -2.60329807e-01, -2.31029342e-03, -9.20758631e-02, -7.18417468e-03]), array([ 0.19638773,  1.36576131, -0.27335741, -0.08938516,  0.1754356 ,
        2.44867496, -0.22629382, -0.78217157, -0.25382487, -0.00269875,
       -0.08216297, -0.00728043]), array([ 0.19526312,  1.36186433, -0.27459156, -0.08940065,  0.17507624,
        2.44863808, -0.22492271, -0.77939523, -0.24682925, -0.00309731,
       -0.07187106, -0.00737634]), array([ 0.19414624,  1.35798416, -0.27578833, -0.08941817,  0.17477014,
        2.44860072, -0.22337626, -0.7760343 , -0.23935429, -0.00350548,
       -0.06121999, -0.00747167]), array([ 0.19303795,  1.35412369, -0.27694539, -0.08943779,  0.17451899,
        2.44856289, -0.22165732, -0.77209477, -0.23141243, -0.00392274,
       -0.05023071, -0.00756619]), array([ 0.19193911,  1.35028577, -0.27806047, -0.08945953,  0.17432436,
        2.44852459, -0.21976904, -0.76758356, -0.22301719, -0.00434856,
       -0.03892526, -0.00765964]), array([ 0.19085053,  1.34647323, -0.27913139, -0.08948344,  0.17418773,
        2.44848583, -0.21771482, -0.76250849, -0.21418311, -0.00478238,
       -0.02732665, -0.00775178]), array([ 0.18977304,  1.34268884, -0.28015602, -0.08950956,  0.17411044,
        2.44844662, -0.21549836, -0.75687835, -0.20492579, -0.00522361,
       -0.01545879, -0.00784234]), array([ 0.18870596,  1.33893561, -0.2811312 , -0.08953712,  0.1740981 ,
        2.44840642, -0.21341506, -0.7506454 , -0.19503564, -0.00551174,
       -0.00246692, -0.00803973]), array([ 0.18765011,  1.33521635, -0.28205487, -0.08956632,  0.17415088,
        2.44836552, -0.21117153, -0.74385209, -0.18473494, -0.00583938,
        0.01055493, -0.00818085]), array([ 0.18660624,  1.33153377, -0.28292513, -0.0895973 ,  0.17426901,
        2.44832406, -0.2087728 , -0.73651529, -0.17405219, -0.00619672,
        0.02362742, -0.00829098]), array([ 0.18557512,  1.32789051, -0.2837402 , -0.08963018,  0.17445281,
        2.44828214, -0.206224  , -0.72865178, -0.16301382, -0.00657679,
        0.03675839, -0.00838353]), array([ 0.18455747,  1.32428912, -0.28449843, -0.08966506,  0.17470254,
        2.44823982, -0.20353043, -0.72027851, -0.15164498, -0.00697448,
        0.04994614, -0.00846551]), array([ 0.18355398,  1.32073206, -0.28519828, -0.08970199,  0.17501845,
        2.44819711, -0.20069755, -0.71141273, -0.13997008, -0.00738595,
        0.06318197, -0.00854047]), array([ 0.18256533,  1.3172217 , -0.28583834, -0.08974103,  0.17540071,
        2.44815406, -0.197731  , -0.70207215, -0.12801308, -0.00780823,
        0.07645204, -0.00861016]), array([ 0.18159214,  1.31376032, -0.28641733, -0.08978222,  0.1758494 ,
        2.44811069, -0.19463667, -0.69227501, -0.11579781, -0.00823896,
        0.0897387 , -0.00867534]), array([ 0.18063504,  1.31035012, -0.28693407, -0.0898256 ,  0.17636451,
        2.448067  , -0.19142063, -0.68204009, -0.10334811, -0.00867623,
        0.10302163, -0.00873627]), array([ 0.1796946 ,  1.30699319, -0.28738751, -0.08987119,  0.1769459 ,
        2.44802304, -0.18808917, -0.67138681, -0.09068792, -0.00911845,
        0.11627858, -0.00879296]), array([ 0.17877135,  1.30369151, -0.28777672, -0.08991902,  0.17759333,
        2.44797881, -0.18464875, -0.66033517, -0.07784132, -0.00956427,
        0.12948603, -0.00884531]), array([ 0.17786582,  1.30044698, -0.28810088, -0.08996908,  0.17830643,
        2.44793435, -0.18110606, -0.64890575, -0.06483259, -0.01001256,
        0.14261966, -0.00889316]), array([ 0.17697848,  1.29726138, -0.28835931, -0.09002139,  0.1790847 ,
        2.44788967, -0.17746793, -0.63711973, -0.05168611, -0.01046228,
        0.15565472, -0.00893635]), array([ 0.17610977,  1.29413639, -0.28855144, -0.09007595,  0.17992753,
        2.44784479, -0.17374134, -0.6249988 , -0.03842645, -0.01091254,
        0.16856635, -0.00897472]), array([ 0.17526011,  1.29107356, -0.28867684, -0.09013277,  0.18083418,
        2.44779975, -0.16993344, -0.61256518, -0.0250782 , -0.01136252,
        0.1813298 , -0.00900813]), array([ 0.17442985,  1.28807436, -0.28873517, -0.09019182,  0.18180379,
        2.44775457, -0.16605147, -0.59984151, -0.01166602, -0.01181146,
        0.19392066, -0.00903647]), array([ 1.73619336e-01,  1.28514010e+00, -2.88726238e-01, -9.02531164e-02,
        1.82835362e-01,  2.44770927e+00, -1.62102763e-01, -5.86850854e-01,
        1.78548017e-03, -1.22586679e-02,  2.06315035e-01, -9.05964142e-03]), array([ 0.17282886,  1.28227202, -0.28864998, -0.09031663,  0.18392781,
        2.44766388, -0.15809473, -0.57361661,  0.01525179, -0.0127035 ,
        0.21848963, -0.00907758]), array([ 0.17205869,  1.27947121, -0.28850644, -0.09038236,  0.18507992,
        2.44761843, -0.15403485, -0.56016246,  0.02870855, -0.01314532,
        0.23042193, -0.00909023]), array([ 0.17130904,  1.27673864, -0.28829578, -0.09045028,  0.18629037,
        2.44757294, -0.14993058, -0.54651233,  0.04213166, -0.01358357,
        0.24209027, -0.00909759]), array([ 0.17058009,  1.27407519, -0.28801829, -0.09052037,  0.18755774,
        2.44752745, -0.14578944, -0.53269029,  0.05549727, -0.01401768,
        0.25347393, -0.00909967]), array([ 0.16987199,  1.27148159, -0.28767438, -0.0905926 ,  0.18888051,
        2.44748196, -0.14161888, -0.51872051,  0.06878195, -0.01444711,
        0.26455322, -0.00909649]), array([ 0.16918486,  1.26895845, -0.28726457, -0.09066696,  0.19025705,
        2.44743652, -0.13742632, -0.50462721,  0.08196267, -0.01487135,
        0.27530954, -0.0090881 ]), array([ 0.16851877,  1.26650628, -0.28678948, -0.09074341,  0.19168568,
        2.44739115, -0.13321912, -0.49043455,  0.0950169 , -0.01528991,
        0.28572544, -0.00907459]), array([ 0.16787374,  1.26412545, -0.28624987, -0.09082192,  0.1931646 ,
        2.44734587, -0.12900453, -0.47616663,  0.10792269, -0.01570232,
        0.29578465, -0.00905606]), array([ 0.1672498 ,  1.26181621, -0.28564658, -0.09090246,  0.19469197,
        2.44730071, -0.12478971, -0.46184736,  0.12065868, -0.01610812,
        0.30547215, -0.00903261]), array([ 0.16664689,  1.25957871, -0.28498056, -0.090985  ,  0.19626584,
        2.44725568, -0.12058166, -0.44750044,  0.13320419, -0.01650687,
        0.31477416, -0.00900439]), array([ 0.16606495,  1.25741296, -0.28425286, -0.09106949,  0.19788423,
        2.44721083, -0.11638724, -0.43314928,  0.14553929, -0.01689815,
        0.32367822, -0.00897156]), array([ 0.16550389,  1.25531888, -0.28346464, -0.09115589,  0.19954509,
        2.44716615, -0.11221312, -0.41881697,  0.15764479, -0.01728156,
        0.33217317, -0.00893428]), array([ 0.16496356,  1.25329625, -0.28261712, -0.09124418,  0.20124634,
        2.44712169, -0.10806579, -0.40452617,  0.16950234, -0.01765672,
        0.34024917, -0.00889275]), array([ 0.1644438 ,  1.25134475, -0.28171165, -0.09133429,  0.20298583,
        2.44707746, -0.10395153, -0.3902991 ,  0.18109446, -0.01802327,
        0.34789769, -0.00884716]), array([ 0.16394442,  1.24946396, -0.28074963, -0.0914262 ,  0.20476139,
        2.44703347, -0.09987637, -0.37615748,  0.19240454, -0.01838086,
        0.35511154, -0.00879774]), array([ 0.16346519,  1.24765335, -0.27973254, -0.09151984,  0.20657081,
        2.44698974, -0.09584613, -0.36212246,  0.20341693, -0.01872918,
        0.36188487, -0.00874471]), array([ 0.16300585,  1.24591228, -0.27866196, -0.09161518,  0.20841188,
        2.4469463 , -0.09186636, -0.3482146 ,  0.21411693, -0.01906793,
        0.36821308, -0.0086883 ]), array([ 0.16256614,  1.24424001, -0.27753951, -0.09171217,  0.21028234,
        2.44690316, -0.08794235, -0.33445381,  0.22449085, -0.01939682,
        0.37409292, -0.00862877]), array([ 0.16214575,  1.24263571, -0.27636688, -0.09181075,  0.21217995,
        2.44686033, -0.08407911, -0.3208593 ,  0.23452596, -0.01971562,
        0.37952237, -0.00856636]), array([ 0.16174434,  1.24109847, -0.27514582, -0.09191087,  0.21410245,
        2.44681782, -0.08028138, -0.30744959,  0.24421061, -0.0200241 ,
        0.38450064, -0.00850134]), array([ 0.16136157,  1.23962725, -0.27387815, -0.09201248,  0.2160476 ,
        2.44677565, -0.0765536 , -0.29424241,  0.25353416, -0.02032204,
        0.38902819, -0.00843396]), array([ 0.16099707,  1.23822098, -0.27256572, -0.09211552,  0.21801313,
        2.44673383, -0.07289992, -0.28125473,  0.26248701, -0.02060928,
        0.3931066 , -0.00836449]), array([ 0.16065045,  1.23687847, -0.27121041, -0.09221995,  0.21999682,
        2.44669236, -0.06932418, -0.26850268,  0.27106064, -0.02088567,
        0.39673861, -0.00829321]), array([ 0.1603213 ,  1.23559846, -0.26981418, -0.09232571,  0.22199646,
        2.44665126, -0.06582996, -0.25600159,  0.27924757, -0.02115109,
        0.39992803, -0.00822037]), array([ 0.1600092 ,  1.23437963, -0.26837897, -0.09243273,  0.22400986,
        2.44661053, -0.06242048, -0.24376589,  0.28704134, -0.02140543,
        0.40267973, -0.00814624]), array([ 0.15971371,  1.23322058, -0.26690679, -0.09254098,  0.22603486,
        2.44657017, -0.05909871, -0.23180918,  0.29443658, -0.02164864,
        0.40499954, -0.00807109]), array([ 0.15943437,  1.23211986, -0.26539964, -0.09265038,  0.22806933,
        2.4465302 , -0.05586729, -0.22014416,  0.30142893, -0.02188068,
        0.40689424, -0.00799517]), array([ 0.15917073,  1.23107595, -0.26385957, -0.09276089,  0.23011119,
        2.4464906 , -0.05272858, -0.20878261,  0.30801503, -0.02210152,
        0.4083715 , -0.00791874]), array([ 0.1589223 ,  1.23008727, -0.2622886 , -0.09287244,  0.23215839,
        2.44645139, -0.04968464, -0.19773545,  0.31419254, -0.02231119,
        0.4094398 , -0.00784206]), array([ 0.15868862,  1.22915221, -0.2606888 , -0.09298499,  0.23420893,
        2.44641257, -0.04673725, -0.18701267,  0.31996009, -0.02250974,
        0.41010838, -0.00776536]), array([ 0.15846918,  1.22826909, -0.25906222, -0.09309848,  0.23626086,
        2.44637412, -0.0438879 , -0.17662336,  0.32531728, -0.02269722,
        0.41038722, -0.00768887]), array([ 0.15826349,  1.22743621, -0.25741089, -0.09321285,  0.2383123 ,
        2.44633606, -0.04113781, -0.1665757 ,  0.33026462, -0.02287374,
        0.4102869 , -0.00761283]), array([ 0.15807105,  1.22665183, -0.25573688, -0.09332804,  0.24036139,
        2.44629837, -0.03848794, -0.15687697,  0.33480352, -0.02303941,
        0.40981863, -0.00753746]), array([ 0.15789135,  1.22591416, -0.2540422 , -0.09344402,  0.24240636,
        2.44626106, -0.03593896, -0.14753358,  0.33893627, -0.02319439,
        0.40899412, -0.00746295]), array([ 0.1577239 ,  1.22522141, -0.25232887, -0.09356071,  0.24444549,
        2.44622411, -0.03349134, -0.13855104,  0.34266598, -0.02333883,
        0.40782556, -0.00738952]), array([ 0.15756817,  1.22457174, -0.25059888, -0.09367808,  0.24647712,
        2.44618752, -0.03114528, -0.12993399,  0.34599656, -0.02347294,
        0.40632555, -0.00731734]), array([ 0.15742367,  1.2239633 , -0.24885422, -0.09379606,  0.24849965,
        2.44615129, -0.02890073, -0.12168622,  0.3489327 , -0.02359692,
        0.40450703, -0.0072466 ]), array([ 0.15728988,  1.22339425, -0.24709682, -0.09391461,  0.25051157,
        2.4461154 , -0.02675746, -0.11381069,  0.3514798 , -0.02371102,
        0.40238323, -0.00717745]), array([ 0.15716631,  1.2228627 , -0.2453286 , -0.09403369,  0.25251141,
        2.44607985, -0.02471501, -0.10630953,  0.35364392, -0.02381547,
        0.39996763, -0.00711006]), array([ 0.15705244,  1.22236678, -0.24355144, -0.09415324,  0.25449778,
        2.44604463, -0.02277271, -0.09918409,  0.3554318 , -0.02391055,
        0.39727388, -0.00704456]), array([ 0.15694779,  1.22190461, -0.24176719, -0.09427323,  0.25646936,
        2.44600972, -0.02092971, -0.09243491,  0.35685077, -0.02399656,
        0.39431577, -0.0069811 ]), array([ 0.15685187,  1.2214743 , -0.23997764, -0.0943936 ,  0.25842489,
        2.44597512, -0.01918499, -0.08606181,  0.3579087 , -0.02407378,
        0.39110716, -0.00691978]), array([ 0.15676418,  1.22107398, -0.23818457, -0.09451431,  0.2603632 ,
        2.44594082, -0.01753735, -0.08006388,  0.358614  , -0.02414253,
        0.38766195, -0.00686071]), array([ 0.15668425,  1.22070178, -0.2363897 , -0.09463533,  0.26228317,
        2.4459068 , -0.01598544, -0.07443949,  0.35897553, -0.02420315,
        0.38399402, -0.00680399]), array([ 0.15661162,  1.22035585, -0.23459468, -0.0947566 ,  0.26418376,
        2.44587305, -0.01452776, -0.06918634,  0.3590026 , -0.02425596,
        0.3801172 , -0.00674972]), array([ 0.1565458 ,  1.22003434, -0.23280116, -0.09487811,  0.26606398,
        2.44583956, -0.01316268, -0.0643015 ,  0.35870491, -0.02430132,
        0.37604524, -0.00669795]), array([ 0.15648636,  1.21973544, -0.2310107 , -0.09499981,  0.26792294,
        2.44580632, -0.01188844, -0.05978141,  0.3580925 , -0.02433957,
        0.37179172, -0.00664876]), array([ 0.15643284,  1.21945733, -0.22922482, -0.09512166,  0.26975979,
        2.44577331, -0.01070316, -0.05562192,  0.35717571, -0.02437109,
        0.36737008, -0.00660219]), array([ 0.15638482,  1.21919824, -0.22744499, -0.09524365,  0.27157376,
        2.44574052, -0.00960487, -0.05181833,  0.35596517, -0.02439622,
        0.36279355, -0.0065583 ]), array([ 0.15634186,  1.21895641, -0.22567263, -0.09536572,  0.27336414,
        2.44570793, -0.00859149, -0.04836542,  0.35447171, -0.02441534,
        0.35807513, -0.00651712]), array([ 0.15630356,  1.21873012, -0.2239091 , -0.09548787,  0.27513027,
        2.44567554, -0.00766087, -0.04525744,  0.35270638, -0.02442883,
        0.35322758, -0.00647866]), array([ 0.1562695 ,  1.21851768, -0.2221557 , -0.09561005,  0.27687159,
        2.44564332, -0.00681078, -0.04248821,  0.35068035, -0.02443705,
        0.34826335, -0.00644295]), array([ 0.15623931,  1.21831742, -0.22041367, -0.09573225,  0.27858756,
        2.44561127, -0.00603892, -0.04005111,  0.34840495, -0.02444037,
        0.34319462, -0.00640999]), array([ 0.15621259,  1.21812773, -0.21868422, -0.09585445,  0.28027773,
        2.44557937, -0.00534292, -0.03793909,  0.34589155, -0.02443917,
        0.33803323, -0.00637979]), array([ 0.15618899,  1.21794701, -0.21696846, -0.09597662,  0.28194168,
        2.44554761, -0.00472037, -0.03614475,  0.3431516 , -0.02443381,
        0.3327907 , -0.00635233]), array([ 0.15616815,  1.2177737 , -0.21526748, -0.09609874,  0.28357907,
        2.44551597, -0.00416884, -0.03466034,  0.34019656, -0.02442466,
        0.32747819, -0.0063276 ]), array([ 0.15614972,  1.21760631, -0.21358229, -0.0962208 ,  0.28518961,
        2.44548444, -0.00368583, -0.03347779,  0.33703789, -0.02441207,
        0.3221065 , -0.00630558]), array([ 0.15613338,  1.21744337, -0.21191385, -0.09634278,  0.28677304,
        2.44545301, -0.00326883, -0.03258876,  0.333687  , -0.0243964 ,
        0.31668608, -0.00628623]), array([ 0.1561188 ,  1.21728345, -0.21026308, -0.09646467,  0.28832917,
        2.44542167, -0.00291532, -0.03198464,  0.33015526, -0.024378  ,
        0.31122698, -0.00626953]), array([ 0.15610568,  1.21712516, -0.20863081, -0.09658646,  0.28985787,
        2.44539039, -0.00262273, -0.0316566 ,  0.32645392, -0.02435721,
        0.30573889, -0.00625544]), array([ 1.56093742e-01,  1.21696719e+00, -2.07017835e-01, -9.67081324e-02,
        2.91359022e-01,  2.44535917e+00, -2.38852570e-03, -3.15956020e-02,
        3.22594154e-01, -2.43343724e-02,  3.00231100e-01, -6.24391686e-03]), array([ 1.56082692e-01,  1.21680822e+00, -2.05424900e-01, -9.68296814e-02,
        2.92832584e-01,  2.44532799e+00, -2.21014497e-03, -3.17924465e-02,
        3.18586986e-01, -2.43098027e-02,  2.94712537e-01, -6.23490659e-03]), array([ 1.56072266e-01,  1.21664704e+00, -2.03852684e-01, -9.69511005e-02,
        2.94278543e-01,  2.44529685e+00, -2.08503692e-03, -3.22377791e-02,
        3.14443297e-01, -2.42838236e-02,  2.89191726e-01, -6.22836113e-03]), array([ 0.15889594,  1.21826997, -0.20094249, -0.09219512,  0.29455976,
        2.45487197,  0.56473439,  0.32458708,  0.58203913,  0.95119568,
        0.05624271,  1.91502313]), array([ 0.16242124,  1.21606349, -0.19629491, -0.09056721,  0.30007395,
        2.45459493,  0.70506001, -0.44129637,  0.9295148 ,  0.32558217,
        1.10283951, -0.05540845]), array([ 0.16639906,  1.20934658, -0.18753041, -0.08368644,  0.30955043,
        2.44356381,  0.7955637 , -1.34338156,  1.75290023,  1.37615511,
        1.89529617, -2.20622388]), array([ 0.17020762,  1.20561426, -0.18013646, -0.08226564,  0.31772179,
        2.44371832,  0.7617123 , -0.74646378,  1.47879147,  0.28415861,
        1.63427141,  0.03090345]), array([ 0.17381459,  1.19869099, -0.17110803, -0.08437103,  0.32787729,
        2.43434801,  0.72139393, -1.38465441,  1.80568464, -0.42107751,
        2.03109959, -1.87406347]), array([ 0.17767957,  1.19473806, -0.16340089, -0.08288174,  0.33624749,
        2.43483968,  0.77299653, -0.79058542,  1.54142795,  0.29785722,
        1.67403934,  0.0983348 ]), array([ 0.18191642,  1.19500168, -0.15960431, -0.07785845,  0.34061437,
        2.44488989,  0.84737022,  0.05272364,  0.75931665,  1.00465919,
        0.87337645,  2.01004185]), array([ 0.1863818 ,  1.19184182, -0.15419491, -0.06785391,  0.34764509,
        2.44383295,  0.8930748 , -0.63197242,  1.08188036,  2.00090839,
        1.40614524, -0.21138884]), array([ 0.19046992,  1.18458097, -0.14495525, -0.06186526,  0.35733205,
        2.43329088,  0.81762559, -1.45217036,  1.84793169,  1.19772863,
        1.93739046, -2.10841219]), array([ 0.19420087,  1.18027503, -0.13701434, -0.06130899,  0.36578246,
        2.43388194,  0.74618925, -0.86118693,  1.58818259,  0.11125551,
        1.69008205,  0.11821113]), array([ 0.19823622,  1.17269521, -0.12741031, -0.05562785,  0.37627799,
        2.42373624,  0.80706943, -1.5159645 ,  1.92080551,  1.13622764,
        2.0991068 , -2.02914002]), array([ 0.20183605,  1.16815518, -0.11911377, -0.05538565,  0.3850566 ,
        2.42470051,  0.71996684, -0.90800645,  1.65930822,  0.04844015,
        1.75572156,  0.19285444]), array([ 0.20593237,  1.16049303, -0.10936356, -0.05110092,  0.394971  ,
        2.43547691,  0.81926469, -1.53242979,  1.95004058,  0.8569456 ,
        1.98288107,  2.15527944]), array([ 0.20964895,  1.15599603, -0.10117519, -0.05088887,  0.40342898,
        2.43595393,  0.74331578, -0.89939962,  1.63767438,  0.04241043,
        1.69159408,  0.09540434]), array([ 0.21318854,  1.14838186, -0.09148896, -0.05523587,  0.41329347,
        2.4474042 ,  0.70791713, -1.52283442,  1.93724558, -0.86940142,
        1.97289885,  2.29005425]), array([ 0.21705701,  1.13652844, -0.07787614, -0.05428944,  0.42648054,
        2.447586  ,  0.77369496, -2.37068378,  2.72256479,  0.18928769,
        2.63741431,  0.03635867]), array([ 0.22044136,  1.12799092, -0.06599142, -0.05735001,  0.4380735 ,
        2.4378789 ,  0.67686906, -1.70750482,  2.37694458, -0.61211464,
        2.31859085, -1.9414196 ]), array([ 0.22361649,  1.12360369, -0.05760461, -0.06520387,  0.44604312,
        2.43925988,  0.6350253 , -0.87744558,  1.6773623 , -1.57077267,
        1.59392411,  0.27619563]), array([ 0.22746817,  1.12334621, -0.05296107, -0.06898306,  0.4502185 ,
        2.45013182,  0.77033651, -0.05149659,  0.92870664, -0.75583851,
        0.83507595,  2.17438877]), array([ 0.23121969,  1.11973557, -0.04655204, -0.07580178,  0.45671272,
        2.45095426,  0.75030405, -0.72212684,  1.28180682, -1.36374299,
        1.29884496,  0.16448703]), array([ 0.23540539,  1.11933932, -0.04150538, -0.08564491,  0.46060929,
        2.44183643,  0.83714052, -0.07925053,  1.00933221, -1.96862551,
        0.77931308, -1.82356474]), array([ 0.2394733 ,  1.11514907, -0.03392951, -0.099417  ,  0.46754492,
        2.44395789,  0.81358224, -0.83805029,  1.51517433, -2.75441926,
        1.38712741,  0.42429096]), array([ 0.24346689,  1.11429007, -0.02805951, -0.117426  ,  0.47170594,
        2.45657245,  0.79871787, -0.17179965,  1.173999  , -3.60180018,
        0.83220257,  2.52291212]), array([ 0.24782668,  1.10944439, -0.01934851, -0.12952393,  0.47937682,
        2.45782434,  0.87195709, -0.96913505,  1.74219997, -2.41958616,
        1.53417642,  0.25037865]), array([ 0.25202372,  1.10069831, -0.00701805, -0.14541331,  0.48880121,
        2.46984804,  0.83940782, -1.74921601,  2.46609156, -3.17787541,
        1.88487935,  2.40474058]), array([ 0.25670742,  1.08875629,  0.00786774, -0.15722625,  0.50073736,
        2.48908959,  0.93674048, -2.38840422,  2.97715829, -2.36258678,
        2.38722969,  3.84830942]), array([ 0.26203803,  1.08005215,  0.0208626 , -0.1638698 ,  0.51149821,
        2.49648564,  1.06612209, -1.74082929,  2.59897304, -1.32871173,
        2.15216995,  1.47920914]), array([ 0.26765585,  1.0753977 ,  0.03044026, -0.1659073 ,  0.51892212,
        2.49261731,  1.12356323, -0.93088861,  1.91553045, -0.40749836,
        1.48478133, -0.77366603]), array([ 0.27337271,  1.0742901 ,  0.03738259, -0.16479771,  0.52369604,
        2.49849102,  1.14337308, -0.22151956,  1.38846662,  0.22191649,
        0.95478387,  1.17474319]), array([ 0.27897869,  1.06920409,  0.04744093, -0.15898342,  0.53106157,
        2.49340067,  1.12119658, -1.01720214,  2.01166799,  1.16285961,
        1.47310528, -1.01807084]), array([ 0.2834065 ,  1.0588901 ,  0.06386295, -0.15732271,  0.54306852,
        2.47883892,  0.88556157, -2.06279959,  3.28440393,  0.33214179,
        2.40139068, -2.912349  ]), array([ 0.28703432,  1.04540297,  0.08307343, -0.1595772 ,  0.55771391,
        2.47355712,  0.72556274, -2.69742587,  3.84209632, -0.45089786,
        2.92907918, -1.05635992]), array([ 0.29071185,  1.03458904,  0.10083603, -0.16545032,  0.57149819,
        2.47696618,  0.73550689, -2.16278486,  3.55252036, -1.17462428,
        2.75685596,  0.68181217]), array([ 0.29469848,  1.02211177,  0.11921226, -0.17249328,  0.58628988,
        2.474386  ,  0.79732526, -2.49545454,  3.67524651, -1.40859332,
        2.95833727, -0.5160374 ]), array([ 0.29839055,  1.0092371 ,  0.13765748, -0.18002536,  0.6012146 ,
        2.46992064,  0.73841397, -2.57493305,  3.68904233, -1.50641534,
        2.9849432 , -0.89307139]), array([ 0.30209672,  0.99768466,  0.15528983, -0.18868223,  0.61484933,
        2.46147643,  0.74123519, -2.31048982,  3.5264701 , -1.73137416,
        2.72694771, -1.68884236]), array([ 0.30624263,  0.98742128,  0.17094214, -0.1974784 ,  0.62788495,
        2.45131922,  0.82918219, -2.05267572,  3.13046314, -1.75923313,
        2.607123  , -2.03144257]), array([ 0.3097915 ,  0.97743174,  0.18498384, -0.20505416,  0.63698606,
        2.44167633,  0.70977425, -1.99790726,  2.80833995, -1.51515169,
        1.82022139, -1.92857625]), array([ 0.31263877,  0.96780235,  0.19819927, -0.2111765 ,  0.64435879,
        2.43179435,  0.56945249, -1.92587817,  2.64308548, -1.22446865,
        1.47454587, -1.97639745]), array([ 0.31499263,  0.95855392,  0.21045544, -0.21623018,  0.64919102,
        2.42218402,  0.47077259, -1.84968537,  2.45123373, -1.01073591,
        0.96644577, -1.92206472]), array([ 0.31696777,  0.94968406,  0.22188365, -0.22047573,  0.65217556,
        2.4128542 ,  0.39502854, -1.7739719 ,  2.28564284, -0.84911126,
        0.59690965, -1.86596509]), array([ 0.31866021,  0.94119003,  0.2325873 , -0.22413302,  0.65383517,
        2.40381137,  0.3384871 , -1.69880763,  2.14073056, -0.73145786,
        0.33192114, -1.80856622]), array([ 0.32015038,  0.93306822,  0.24264815, -0.22738601,  0.65456256,
        2.3950597 ,  0.29803408, -1.62436195,  2.0121699 , -0.65059749,
        0.1454772 , -1.75033431]), array([ 0.32150559,  0.92531408,  0.25213129, -0.23038725,  0.65465111,
        2.38660112,  0.27104138, -1.5508274 ,  1.89662803, -0.6002477 ,
        0.01771188, -1.69171477]), array([ 0.32278195,  0.91792217,  0.26108905, -0.23326198,  0.65431842,
        2.37843552,  0.2552722 , -1.47838123,  1.7915508 , -0.57494532,
       -0.06653851, -1.63312114]), array([ 0.324026  ,  0.91088633,  0.26956399, -0.2361118 ,  0.65372425,
        2.37056087,  0.24881131, -1.40716897,  1.69498829, -0.56996562,
       -0.1188339 , -1.57492881]), array([ 0.32527606,  0.90419983,  0.27759127, -0.23901802,  0.65298439,
        2.36297351,  0.25001226, -1.33730016,  1.60545577, -0.5812425 ,
       -0.14797208, -1.51747175]), array([ 0.32656335,  0.89785558,  0.28520039, -0.24204448,  0.65218122,
        2.35566831,  0.25745629, -1.26885011,  1.52182418, -0.60529275,
       -0.16063427, -1.46104135]), array([ 0.32791294,  0.89184625,  0.29241656, -0.24524021,  0.65137182,
        2.34863887,  0.26991981, -1.20186447,  1.44323478, -0.639146  ,
       -0.16188042, -1.40588673]), array([ 0.32934468,  0.88616443,  0.29926173, -0.24864162,  0.65059417,
        2.34187779,  0.28634782, -1.13636469,  1.36903311, -0.68028104,
       -0.15552948, -1.35221606]), array([ 0.33087384,  0.88080266,  0.30575532, -0.25227446,  0.64987192,
        2.3353768 ,  0.30583205, -1.07235332,  1.29871827, -0.72656865,
       -0.14445114, -1.30019866]), array([ 0.33251181,  0.87575357,  0.31191484, -0.25615556,  0.64921797,
        2.32912696,  0.32759244, -1.00981886,  1.23190422, -0.77622065,
       -0.13078975, -1.2499677 ]), array([ 0.33426661,  0.87100987,  0.31775629, -0.26029429,  0.64863729,
        2.32311884,  0.35096135, -0.94873983,  1.16829035, -0.8277449 ,
       -0.11613593, -1.20162308]), array([ 0.33614346,  0.86656443,  0.32329449, -0.26469381,  0.648129  ,
        2.31734267,  0.37536987, -0.88908815,  1.10763928, -0.87990559,
       -0.10165808, -1.1552347 ]), array([ 0.33814514,  0.86241027,  0.32854329, -0.26935226,  0.64768798,
        2.31178844,  0.40033588, -0.83083192,  1.04976015, -0.93168842,
       -0.0882029 , -1.1108456 ]), array([ 0.34027241,  0.85854058,  0.33351577, -0.27426361,  0.64730612,
        2.30644607,  0.4254535 , -0.77393748,  0.99449609, -0.98227013,
       -0.07637226, -1.06847524]), array([ 0.34252433,  0.85494873,  0.33822435, -0.27941857,  0.64697321,
        2.30130545,  0.45038378, -0.71837113,  0.94171495, -1.0309917 ,
       -0.06658184, -1.02812258]), array([ 0.34489856,  0.85162823,  0.34268086, -0.28480524,  0.64667768,
        2.29635661,  0.47484635, -0.66410032,  0.89130236, -1.07733515,
       -0.05910579, -0.98976902]), array([ 0.34739162,  0.84857275,  0.34689664, -0.29040976,  0.64640713,
        2.2915897 ,  0.49861202, -0.61109458,  0.84315671, -1.12090304,
       -0.05411069, -0.95338122]), array([ 0.3499991 ,  0.84577612,  0.35088257, -0.29621676,  0.64614872,
        2.28699513,  0.52149619, -0.55932612,  0.79718546, -1.16140075,
       -0.05168145, -0.91891364]), array([ 0.35271587,  0.84323227,  0.35464908, -0.30220987,  0.64588952,
        2.28256358,  0.5433529 , -0.50877024,  0.75330245, -1.19862095,
       -0.0518409 , -0.88631085]), array([ 0.35553621,  0.84093524,  0.35820621, -0.30837202,  0.64561669,
        2.27828603,  0.56406955, -0.45940553,  0.71142601, -1.23243   ,
       -0.05456472, -0.8555097 ]), array([ 0.35845402,  0.83887917,  0.3615636 , -0.3146858 ,  0.64531773,
        2.27415383,  0.58356217, -0.41121397,  0.67147769, -1.26275618,
       -0.05979282, -0.82644115]), array([ 0.36146288,  0.83705827,  0.36473051, -0.32113369,  0.64498054,
        2.27015867,  0.60177126, -0.36418089,  0.6333813 , -1.28957938,
       -0.067438  , -0.79903194]), array([ 0.36455617,  0.83546679,  0.36771582, -0.3276983 ,  0.64459358,
        2.26629264,  0.61865799, -0.31829481,  0.59706237, -1.3129221 ,
       -0.0773926 , -0.77320609]), array([ 0.36772717,  0.83409906,  0.37052806, -0.33436251,  0.64414591,
        2.26254821,  0.63420093, -0.27354729,  0.56244779, -1.3328417 ,
       -0.08953362, -0.7488861 ]), array([ 0.37096914,  0.83294939,  0.37317538, -0.34110963,  0.64362728,
        2.25891824,  0.64839311, -0.22993267,  0.52946562, -1.34942361,
       -0.10372673, -0.72599403]), array([ 0.37427534,  0.83201216,  0.37566561, -0.34792351,  0.64302813,
        2.25539597,  0.66123943, -0.18744778,  0.498045  , -1.36277545,
       -0.11982941, -0.70445244]), array([ 0.37763911,  0.8312817 ,  0.37800619, -0.35478862,  0.64233966,
        2.25197505,  0.67275442, -0.14609167,  0.46811622, -1.37302198,
       -0.13769344, -0.68418509]), array([ 0.38105391,  0.83075237,  0.38020424, -0.36169012,  0.64155383,
        2.24864946,  0.68296029, -0.10586528,  0.43961074, -1.38030073,
       -0.15716695, -0.66511756]), array([ 0.38451334,  0.83041852,  0.38226655, -0.36861391,  0.64066335,
        2.24541357,  0.69188515, -0.06677112,  0.41246133, -1.38475827,
       -0.17809608, -0.64717777]), array([ 0.38801114,  0.83027445,  0.38419956, -0.37554665,  0.63966171,
        2.24226209,  0.6995616 , -0.02881298,  0.38660218, -1.386547  ,
       -0.20032639, -0.6302963 ]), array([ 0.39154127,  0.83031447,  0.38600941, -0.38247576,  0.63854319,
        2.23919006,  0.70602545,  0.0080044 ,  0.36196906, -1.38582247,
       -0.22370402, -0.61440668]), array([ 0.39509784,  0.83053285,  0.3877019 , -0.38938947,  0.63730281,
        2.23619283,  0.71131463,  0.04367561,  0.33849946, -1.38274109,
       -0.24807668, -0.59944561]), array([ 0.39867519,  0.83092382,  0.38928257, -0.39627676,  0.63593634,
        2.23326606,  0.71546829,  0.07819483,  0.31613274, -1.37745822,
       -0.2732946 , -0.58535303]), array([ 0.40226782,  0.83148161,  0.39075662, -0.40312739,  0.63444028,
        2.2304057 ,  0.71852607,  0.11155613,  0.29481025, -1.37012664,
       -0.29921118, -0.57207223]), array([ 0.40587045,  0.83220037,  0.392129  , -0.40993187,  0.63281186,
        2.22760795,  0.72052743,  0.14375365,  0.27447545, -1.36089525,
       -0.32568373, -0.5595498 ]), array([ 0.40947801,  0.83307428,  0.39340437, -0.41668141,  0.63104899,
        2.22486927,  0.72151119,  0.17478185,  0.25507403, -1.34990805,
       -0.35257401, -0.54773564]), array([ 0.41308559,  0.83409746,  0.39458714, -0.42336792,  0.62915025,
        2.22218636,  0.7215151 ,  0.20463573,  0.23655402, -1.33730337,
       -0.37974871, -0.53658285]), array([ 0.41668846,  0.83526402,  0.39568147, -0.42998399,  0.62711485,
        2.21955612,  0.72057553,  0.23331092,  0.21886582, -1.32321328,
       -0.40707987, -0.52604766]), array([ 0.4202821 ,  0.83656804,  0.39669128, -0.43652281,  0.62494262,
        2.21697568,  0.71872725,  0.26080391,  0.20196231, -1.30776314,
       -0.43444524, -0.51608929]), array([ 0.42386212,  0.8380036 ,  0.39762027, -0.44297816,  0.62263398,
        2.21444233,  0.71600323,  0.28711214,  0.18579887, -1.29107135,
       -0.46172857, -0.5066698 ]), array([ 0.42742429,  0.83956477,  0.39847194, -0.44934441,  0.62018988,
        2.21195356,  0.71243457,  0.31223411,  0.1703334 , -1.27324918,
       -0.4888198 , -0.49775399]), array([ 0.43096454,  0.84124561,  0.39924957, -0.45561641,  0.61761181,
        2.20950701,  0.70805039,  0.33616948,  0.15552639, -1.25440072,
       -0.51561528, -0.48930919]), array([ 0.43447893,  0.84304021,  0.39995627, -0.46178953,  0.61490172,
        2.20710049,  0.70287784,  0.35891913,  0.14134083, -1.23462294,
       -0.54201784, -0.48130514]), array([ 0.43796364,  0.84494264,  0.40059499, -0.46785956,  0.61206203,
        2.20473192,  0.6969421 ,  0.38048523,  0.12774227, -1.21400582,
       -0.56793693, -0.47371379]), array([ 0.44141497,  0.84694699,  0.40116848, -0.47382272,  0.60909559,
        2.20239937,  0.6902664 ,  0.40087124,  0.11469875, -1.19263251,
       -0.59328856, -0.4665092 ]), array([ 0.44482933,  0.8490474 ,  0.40167938, -0.47967562,  0.60600561,
        2.20010103,  0.68287211,  0.420082  ,  0.10218079, -1.17057955,
       -0.61799536, -0.45966735]), array([ 0.44820323,  0.85123802,  0.40213019, -0.4854152 ,  0.60279568,
        2.1978352 ,  0.67477879,  0.43812365,  0.0901613 , -1.14791719,
       -0.6419865 , -0.45316599]), array([ 0.45153325,  0.85351304,  0.40252327, -0.49103875,  0.59946969,
        2.19560028,  0.66600431,  0.45500373,  0.07861555, -1.12470966,
       -0.66519761, -0.44698451]), array([ 0.45481607,  0.85586669,  0.40286087, -0.49654383,  0.59603184,
        2.19339476,  0.65656493,  0.47073108,  0.06752106, -1.10101548,
       -0.68757069, -0.44110381]), array([ 0.45804845,  0.85829327,  0.40314516, -0.50192827,  0.59248657,
        2.19121723,  0.64647538,  0.48531588,  0.05685757, -1.07688783,
       -0.70905394, -0.43550615]), array([ 0.46122719,  0.86078712,  0.4033782 , -0.50719014,  0.58883856,
        2.18906636,  0.63574906,  0.49876958,  0.04660691, -1.05237489,
       -0.72960163, -0.43017508]), array([ 0.46434918,  0.86334265,  0.40356196, -0.51232774,  0.58509269,
        2.18694088,  0.62439805,  0.51110489,  0.03675293, -1.02752018,
       -0.74917393, -0.42509526]), array([ 0.46741135,  0.86595433,  0.40369837, -0.51733956,  0.58125401,
        2.18483962,  0.61243332,  0.52233574,  0.02728137, -1.00236293,
       -0.76773669, -0.42025243]), array([ 0.47041068,  0.86861671,  0.40378927, -0.52222425,  0.5773277 ,
        2.18276145,  0.59986477,  0.53247719,  0.0181798 , -0.97693841,
       -0.78526126, -0.41563326]), array([ 0.47334418,  0.87132444,  0.40383645, -0.52698064,  0.57331908,
        2.18070532,  0.58670139,  0.54154543,  0.00943747, -0.95127828,
       -0.80172426, -0.41122532]), array([ 4.76208939e-01,  8.74072227e-01,  4.03841680e-01, -5.31607694e-01,
        5.69233542e-01,  2.17867024e+00,  5.72951357e-01,  5.49557715e-01,
        1.04522840e-03, -9.25410896e-01, -8.17107366e-01, -4.07016926e-01]), array([ 0.47892611,  0.87670037,  0.40372031, -0.53608783,  0.56504521,
        2.17667199,  0.54343363,  0.52562767, -0.02427373, -0.89602671,
       -0.83766673, -0.39964973])], 'U_history': [array([ 4.40125507e-03, -1.16405980e-03, -6.65538601e-05, -4.19401919e-04,
       -1.43212168e-03,  5.57775061e-19]), array([ 0.02554742,  0.07202679,  0.00852223, -0.00046961,  0.0249555 ,
        0.00218951]), array([ 0.04615552,  0.14264388,  0.02036755, -0.00059568,  0.04858629,
        0.00352642]), array([ 0.06622996,  0.21083187,  0.03489261, -0.00079321,  0.07020904,
        0.00439041]), array([ 0.0857788 ,  0.27673183,  0.05162072, -0.00105049,  0.09036244,
        0.00498983]), array([ 0.10481323,  0.34048078,  0.07015653, -0.00135436,  0.10943271,
        0.00543933]), array([ 0.12334732,  0.40221258,  0.09017207, -0.00169274,  0.12769626,
        0.00580221]), array([ 0.14139798,  0.46205951,  0.1113963 , -0.00205556,  0.14535122,
        0.0061135 ]), array([ 0.15898494,  0.52015442,  0.13360723, -0.00243489,  0.16254071,
        0.00639274]), array([ 0.17613077,  0.57663272,  0.15662575, -0.00282478,  0.17936992,
        0.00665084]), array([ 0.19286083,  0.63163426,  0.1803107 , -0.00322093,  0.19591848,
        0.006894  ]), array([ 0.20920307,  0.68530444,  0.20455445, -0.00362033,  0.21224925,
        0.00712575]), array([ 0.22518772,  0.73779464,  0.22927889, -0.00402104,  0.22841432,
        0.00734818]), array([ 0.2408468 ,  0.78926182,  0.25443152, -0.00442183,  0.24445897,
        0.00756259]), array([ 0.25621364,  0.83986734,  0.27998156, -0.00482203,  0.2604241 ,
        0.00776983]), array([ 0.27132223,  0.88977537,  0.30591623, -0.00522133,  0.27634751,
        0.00797052]), array([ 0.2862067 ,  0.93915097,  0.33223726, -0.00561962,  0.29226458,
        0.00816519]), array([ 0.30090085,  0.98815817,  0.35895766, -0.00601693,  0.30820855,
        0.00835429]), array([ 0.31543771,  1.03695829,  0.38609899, -0.00641336,  0.32421054,
        0.00853828]), array([ 0.32984928,  1.08570845,  0.413689  , -0.00680898,  0.34029961,
        0.0087176 ]), array([ 0.34852608,  1.12960668,  0.43825735, -0.00765956,  0.35438165,
        0.00889269]), array([ 0.36291911,  1.17831006,  0.46661594, -0.00802952,  0.37077618,
        0.0090376 ]), array([ 0.37728941,  1.22738433,  0.49551963, -0.00840851,  0.38728839,
        0.00919131]), array([ 0.39166198,  1.27696237,  0.52500475, -0.00879394,  0.40395046,
        0.0093484 ]), array([ 0.40606019,  1.32716944,  0.55510768, -0.0091839 ,  0.42078977,
        0.0095062 ]), array([ 0.42050564,  1.3781228 ,  0.58586396, -0.00957694,  0.43782956,
        0.00966352]), array([ 0.43501821,  1.42993134,  0.61730747, -0.00997187,  0.45508945,
        0.00981994]), array([ 0.44961593,  1.4826953 ,  0.6494698 , -0.01036773,  0.47258585,
        0.00997548]), array([ 0.46431502,  1.53650597,  0.68237969, -0.0107637 ,  0.49033218,
        0.01013033]), array([ 0.4791298 ,  1.59144543,  0.71606248, -0.01115905,  0.50833902,
        0.01028482]), array([ 0.49407263,  1.64758625,  0.75053967, -0.01155312,  0.52661419,
        0.0104393 ]), array([ 0.50915391,  1.70499125,  0.78582853, -0.01194533,  0.54516285,
        0.01059412]), array([ 0.52438199,  1.76371321,  0.82194173, -0.01233511,  0.56398744,
        0.01074964]), array([ 0.53976318,  1.82379471,  0.85888699, -0.01272195,  0.58308775,
        0.01090619]), array([ 0.55530171,  1.88526782,  0.89666686, -0.01310538,  0.60246085,
        0.01106407]), array([ 0.57099968,  1.94815396,  0.93527841, -0.01348493,  0.62210112,
        0.01122355]), array([ 0.58685712,  2.01246376,  0.97471307, -0.0138602 ,  0.64200023,
        0.01138489]), array([ 0.60287189,  2.07819688,  1.01495646, -0.0142308 ,  0.66214712,
        0.01154828]), array([ 0.61903979,  2.14534197,  1.05598826, -0.01459638,  0.68252803,
        0.0117139 ]), array([ 0.63535451,  2.21387659,  1.09778213, -0.01495663,  0.70312652,
        0.01188188]), array([ 0.6620007 ,  2.27905277,  1.13699234, -0.01624603,  0.72214961,
        0.01205231]), array([ 0.67877609,  2.35007026,  1.18012962, -0.01652672,  0.74323688,
        0.01217818]), array([ 0.69566449,  2.42235355,  1.22392143, -0.01681928,  0.7644425 ,
        0.01232968]), array([ 0.71265095,  2.49583611,  1.26831588, -0.0171188 ,  0.78574919,
        0.01249576]), array([ 0.72971874,  2.57044109,  1.31325589, -0.01742181,  0.80713488,
        0.01267047]), array([ 0.74684943,  2.64608161,  1.35867914, -0.01772583,  0.82857346,
        0.01285062]), array([ 0.76402299,  2.72266099,  1.40451824, -0.01802905,  0.85003541,
        0.01303442]), array([ 0.78121791,  2.80007315,  1.45070083, -0.01833021,  0.87148826,
        0.01322089]), array([ 0.7984113 ,  2.87820304,  1.49714986, -0.01862842,  0.89289705,
        0.01340938]), array([ 0.81557902,  2.95692708,  1.54378385, -0.0189231 ,  0.91422464,
        0.01359945]), array([ 0.83269582,  3.03611377,  1.5905172 , -0.01921391,  0.9354321 ,
        0.01379074]), array([ 0.84973547,  3.11562424,  1.63726058, -0.01950071,  0.95647896,
        0.0139829 ]), array([ 0.86667094,  3.19531289,  1.68392134, -0.01978351,  0.97732352,
        0.01417556]), array([ 0.88347451,  3.27502815,  1.73040392, -0.02006245,  0.99792312,
        0.01436835]), array([ 0.90011795,  3.35461312,  1.77661032, -0.0203378 ,  1.0182344 ,
        0.01456087]), array([ 0.9165727 ,  3.43390641,  1.82244058, -0.02060991,  1.03821358,
        0.01475268]), array([ 0.93280999,  3.5127429 ,  1.86779331, -0.02087919,  1.05781669,
        0.01494335]), array([ 0.94880102,  3.59095462,  1.91256618, -0.02114615,  1.07699987,
        0.01513238]), array([ 0.96451715,  3.66837153,  1.95665644, -0.02141131,  1.09571956,
        0.01531929]), array([ 0.97993001,  3.74482241,  1.99996147, -0.02167525,  1.1139328 ,
        0.01550356]), array([ 0.96053717,  3.85721321,  2.06837396, -0.01872422,  1.14742147,
        0.01568468]), array([ 0.97527858,  3.93173568,  2.10978922, -0.01925098,  1.16300553,
        0.01607946]), array([ 0.98964595,  4.00465511,  2.15002273, -0.01971379,  1.17830458,
        0.01636169]), array([ 1.00361568,  4.07581525,  2.18899829, -0.0201317 ,  1.1931871 ,
        0.01658196]), array([ 1.01716462,  4.14506061,  2.22663639, -0.020518  ,  1.20754773,
        0.01676706]), array([ 1.03027041,  4.21223792,  2.26285648, -0.02088223,  1.22130108,
        0.01693102]), array([ 1.04291159,  4.27719741,  2.29757859, -0.02123143,  1.23437713,
        0.01708095]), array([ 1.05506783,  4.33979392,  2.33072471, -0.02157084,  1.24671798,
        0.01722033]), array([ 1.06672005,  4.39988789,  2.36221986, -0.02190443,  1.25827544,
        0.01735068]), array([ 1.07785055,  4.45734629,  2.39199294, -0.02223529,  1.26900926,
        0.01747254]), array([ 1.08844307,  4.51204334,  2.41997744, -0.02256577,  1.27888591,
        0.01758592]), array([ 1.09848294,  4.56386128,  2.44611202, -0.02289769,  1.28787759,
        0.01769062]), array([ 1.10795705,  4.61269096,  2.47034096, -0.02323249,  1.29596163,
        0.01778632]), array([ 1.11685398,  4.65843239,  2.49261452, -0.02357122,  1.30311995,
        0.0178727 ]), array([ 1.125164  ,  4.7009952 ,  2.51288928, -0.0239147 ,  1.30933872,
        0.01794944]), array([ 1.13287909,  4.74029905,  2.53112832, -0.02426351,  1.31460811,
        0.01801627]), array([ 1.13999296,  4.77627395,  2.54730143, -0.02461803,  1.31892203,
        0.01807294]), array([ 1.14650106,  4.80886052,  2.56138521, -0.02497851,  1.32227801,
        0.01811928]), array([ 1.15240055,  4.83801019,  2.57336312, -0.02534503,  1.32467701,
        0.01815515]), array([ 1.15769027,  4.8636853 ,  2.58322556, -0.02571755,  1.32612334,
        0.01818046]), array([ 1.16237076,  4.8858592 ,  2.59096978, -0.02609594,  1.3266245 ,
        0.01819519]), array([ 1.16644417,  4.90451621,  2.59659987, -0.02647996,  1.3261911 ,
        0.01819934]), array([ 1.16991425,  4.91965159,  2.60012664, -0.02686928,  1.32483669,
        0.01819297]), array([ 1.17278626,  4.9312714 ,  2.60156749, -0.02726351,  1.32257768,
        0.01817621]), array([ 1.17506697,  4.93939235,  2.60094624, -0.02766217,  1.3194332 ,
        0.01814919]), array([ 1.17676454,  4.94404154,  2.59829293, -0.02806475,  1.31542494,
        0.01811212]), array([ 1.17788849,  4.94525622,  2.5936436 , -0.02847066,  1.31057704,
        0.01806522]), array([ 1.17844961,  4.94308345,  2.58704003, -0.02887929,  1.3049159 ,
        0.01800879]), array([ 1.17845989,  4.93757971,  2.57852948, -0.02928996,  1.29847006,
        0.01794312]), array([ 1.17793246,  4.92881057,  2.56816437, -0.029702  ,  1.29127002,
        0.01786857]), array([ 1.17688146,  4.91685017,  2.55600195, -0.03011469,  1.28334807,
        0.0177855 ]), array([ 1.17532205,  4.9017808 ,  2.54210402, -0.0305273 ,  1.27473813,
        0.01769433]), array([ 1.17327023,  4.88369236,  2.52653652, -0.03093908,  1.26547556,
        0.01759548]), array([ 1.17074282,  4.86268188,  2.50936921, -0.0313493 ,  1.25559698,
        0.01748942]), array([ 1.16775736,  4.83885297,  2.49067526, -0.0317572 ,  1.2451401 ,
        0.0173766 ]), array([ 1.16433205,  4.81231519,  2.47053094, -0.03216205,  1.23414355,
        0.01725754]), array([ 1.16048563,  4.78318359,  2.44901516, -0.03256311,  1.22264669,
        0.01713272]), array([ 1.15623734,  4.75157804,  2.42620915, -0.03295969,  1.21068942,
        0.01700267]), array([ 1.15160683,  4.71762266,  2.40219604, -0.03335108,  1.19831203,
        0.01686791]), array([ 1.14661408,  4.68144526,  2.3770605 , -0.03373663,  1.18555503,
        0.01672898]), array([ 1.14127932,  4.64317673,  2.35088835, -0.03411571,  1.17245895,
        0.01658641]), array([ 1.13562301,  4.60295046,  2.32376621, -0.0344877 ,  1.15906422,
        0.01644073]), array([ 1.12966569,  4.56090175,  2.29578112, -0.03485205,  1.14541101,
        0.01629248]), array([ 1.12342798,  4.51716728,  2.26702021, -0.03520822,  1.13153906,
        0.01614217]), array([ 1.11693052,  4.47188454,  2.23757033, -0.03555574,  1.11748756,
        0.01599034]), array([ 1.11019385,  4.4251913 ,  2.20751778, -0.03589414,  1.10329501,
        0.01583749]), array([ 1.10323842,  4.3772251 ,  2.17694794, -0.03622304,  1.0889991 ,
        0.01568412]), array([ 1.09608449,  4.32812272,  2.14594503, -0.03654206,  1.0746366 ,
        0.01553071]), array([ 1.08875211,  4.2780198 ,  2.11459179, -0.03685091,  1.06024326,
        0.01537775]), array([ 1.08126105,  4.22705028,  2.08296926, -0.03714931,  1.04585368,
        0.01522567]), array([ 1.07363079,  4.17534607,  2.05115652, -0.03743704,  1.03150128,
        0.01507492]), array([ 1.06588043,  4.1230366 ,  2.01923047, -0.03771392,  1.01721817,
        0.01492591]), array([ 1.05802868,  4.0702485 ,  1.98726564, -0.03797983,  1.00303513,
        0.01477904]), array([ 1.05009383,  4.01710523,  1.95533399, -0.03823468,  0.98898151,
        0.01463468]), array([ 1.0420937 ,  3.96372679,  1.92350479, -0.03847841,  0.97508521,
        0.01449319]), array([ 1.03404563,  3.91022943,  1.89184444, -0.03871103,  0.96137263,
        0.0143549 ]), array([ 1.02596645,  3.85672542,  1.86041637, -0.03893257,  0.94786867,
        0.01422012]), array([ 1.01787241,  3.80332283,  1.82928095, -0.03914311,  0.93459664,
        0.01408913]), array([ 1.00977924,  3.75012532,  1.79849537, -0.03934276,  0.92157833,
        0.01396219]), array([ 1.00170208,  3.69723201,  1.76811364, -0.03953165,  0.90883396,
        0.01383955]), array([ 0.99365546,  3.64473733,  1.73818648, -0.03970997,  0.89638217,
        0.01372142]), array([ 0.98565331,  3.59273093,  1.70876135, -0.03987793,  0.88424007,
        0.01360799]), array([ 0.97770896,  3.54129759,  1.67988239, -0.04003575,  0.87242324,
        0.01349943]), array([ 0.96983507,  3.49051717,  1.65159048, -0.0401837 ,  0.86094574,
        0.0133959 ]), array([ 0.96204371,  3.44046459,  1.62392321, -0.04032206,  0.84982016,
        0.01329751]), array([ 0.95434629,  3.39120983,  1.59691495, -0.04045114,  0.83905763,
        0.01320439]), array([ 0.9467536 ,  3.34281792,  1.57059687, -0.04057125,  0.82866787,
        0.0131166 ]), array([ 0.93927576,  3.295349  ,  1.54499703, -0.04068274,  0.81865926,
        0.01303423]), array([ 0.9319223 ,  3.2488584 ,  1.52014042, -0.04078596,  0.80903884,
        0.01295732]), array([ 0.9247021 ,  3.20339665,  1.49604906, -0.04088128,  0.79981236,
        0.0128859 ]), array([ 0.91762339,  3.15900963,  1.47274206, -0.04096906,  0.79098439,
        0.01281999]), array([ 0.91069383,  3.11573862,  1.45023576, -0.0410497 ,  0.7825583 ,
        0.01275958]), array([ 0.90392044,  3.07362049,  1.42854377, -0.04112358,  0.77453636,
        0.01270466]), array([ 0.89730965,  3.03268773,  1.40767716, -0.04119108,  0.76691979,
        0.0126552 ]), array([ 0.89086732,  2.9929687 ,  1.38764447, -0.04125262,  0.7597088 ,
        0.01261115]), array([ 0.88459872,  2.95448767,  1.36845192, -0.04130857,  0.75290267,
        0.01257246]), array([ 0.87850857,  2.91726504,  1.35010347, -0.04135934,  0.74649979,
        0.01253907]), array([ 0.87260104,  2.8813175 ,  1.33260094, -0.04140531,  0.74049772,
        0.01251089]), array([ 0.86687977,  2.84665814,  1.31594416, -0.04144686,  0.73489326,
        0.01248783]), array([ 0.8613479 ,  2.81329668,  1.30013108, -0.04148438,  0.72968249,
        0.01246981]), array([60., 60., 30., 10., 10., 10.]), array([ 26.2373198 , -60.        ,  -4.63500801, -10.        ,
         3.91775125, -10.        ]), array([  9.39225769, -60.        ,  10.43602229,  10.        ,
         4.16672815, -10.        ]), array([  3.10012358,  60.        ,  14.40503029, -10.        ,
         6.69773566,  10.        ]), array([  4.51589332, -60.        ,  -7.28954786, -10.        ,
        -2.4219191 , -10.        ]), array([ 1.5790957 , 60.        , 14.62823078, 10.        ,  5.6550063 ,
       10.        ]), array([ 3.53609581, 60.        , -5.16805388, 10.        , -2.22808605,
       10.        ]), array([  3.40506616, -60.        ,  -7.54666937,  10.        ,
        -1.57692893, -10.        ]), array([  1.36381894, -60.        ,   7.15037576, -10.        ,
         1.44457619, -10.        ]), array([-5.45939168e-02,  6.00000000e+01,  1.52192286e+01, -1.00000000e+01,
        6.93344907e+00,  1.00000000e+01]), array([  3.97613799, -60.        ,  -6.35971121,  10.        ,
        -2.16336852, -10.        ]), array([ -1.59020145,  60.        ,  14.75894896, -10.        ,
         5.95931657,  10.        ]), array([  7.09746651, -60.        ,  -8.18346689,  10.        ,
        -3.96749355,  10.        ]), array([  0.76704676,  60.        ,  13.11606993, -10.        ,
         5.99460262, -10.        ]), array([  5.10363742, -60.        ,  -7.79416651, -10.        ,
        -3.15065765,  10.        ]), array([  3.92925314, -60.        ,  10.61857546,  10.        ,
         3.69358352, -10.        ]), array([ -1.45341838,  60.        ,  13.30095489, -10.        ,
         5.94377026, -10.        ]), array([  3.86396561,  60.        ,  -0.83208905, -10.        ,
        -0.54105043,  10.        ]), array([ 9.2447609 , 60.        , -3.62346788, 10.        , -1.84564587,
       10.        ]), array([  8.05780501, -60.        ,  -6.498145  , -10.        ,
        -1.32478721, -10.        ]), array([ 18.93773598,  60.        ,  11.82052308, -10.        ,
         3.36906602, -10.        ]), array([  7.77836518, -60.        ,  -0.31925079, -10.        ,
         1.39980488,  10.        ]), array([  7.22551562,  60.        ,   9.92737393, -10.        ,
         2.66221762,  10.        ]), array([  4.06249662, -60.        ,   2.54210505,  10.        ,
         2.41559827, -10.        ]), array([  7.02629191, -60.        ,   6.51072678, -10.        ,
         0.59983372,  10.        ]), array([  8.41529062, -48.        ,   6.70251966,   8.        ,
         3.10197052,   8.        ]), array([  9.13064814,  60.        ,  13.46925123,  10.        ,
         6.298285  , -10.        ]), array([  0.06807021,  60.        ,   0.33236193,  10.        ,
        -0.74375483, -10.        ]), array([-3.11700349, 60.        ,  5.10558021, 10.        ,  1.31074385,
       10.        ]), array([ -5.27230895, -60.        ,   4.1454258 ,  10.        ,
         1.18494949, -10.        ]), array([-11.72772792, -60.        ,  27.85475746, -10.        ,
        10.        , -10.        ]), array([ -6.66321363, -48.        ,   9.33570409,  -8.        ,
         4.26519918,   8.        ]), array([10.17874552, 48.        , 13.1368464 , -8.        ,  6.33010651,
        8.        ]), array([ 14.23558976, -36.        ,  -1.79864166,  -6.        ,
         0.51549402,  -6.        ]), array([ -2.04766324, -12.        ,   2.65579202,  -2.        ,
         1.17216876,  -2.        ]), array([ 6.79129471, 24.        ,  9.94590551, -4.        ,  4.        ,
       -4.        ]), array([12.        , 12.        , -2.46750185, -2.        ,  1.29369832,
       -2.        ]), array([-2.05016061e+01, -1.65675407e+01, -1.33715053e+01,  5.07326313e+00,
       -1.00000000e+01, -3.71319648e-16]), array([-1.66819922e+01, -9.95403908e+00, -8.47776762e+00,  4.34802388e+00,
       -7.98867792e+00, -2.73470360e-15]), array([-1.27297099e+01, -7.69468923e+00, -6.81810840e+00,  3.32627801e+00,
       -6.55528922e+00, -4.50623484e-16]), array([-9.26701735e+00, -4.10394002e+00, -4.11350315e+00,  2.51372980e+00,
       -4.41109875e+00, -3.40970952e-15]), array([-6.36455501e+00, -1.44115633e+00, -2.09926766e+00,  1.80706037e+00,
       -2.77757883e+00, -1.31986991e-16]), array([-3.94210659e+00,  5.27201441e-01, -6.06462302e-01,  1.19930919e+00,
       -1.53798846e+00, -1.87102059e-17]), array([-1.92902505e+00,  1.97594240e+00,  4.93016626e-01,  6.81727135e-01,
       -6.01702489e-01, -5.58366096e-16]), array([-2.64087122e-01,  3.03621154e+00,  1.29634451e+00,  2.44989551e-01,
        1.01472834e-01, -1.85373181e-16]), array([ 1.10525680e+00,  3.80655620e+00,  1.87723469e+00, -1.20101528e-01,
        6.25800922e-01, -2.57654088e-17]), array([ 2.22386644e+00,  4.36109950e+00,  2.29158005e+00, -4.22233028e-01,
        1.01315797e+00,  5.68279616e-16]), array([ 3.12993357e+00,  4.75560930e+00,  2.58172616e+00, -6.69392169e-01,
        1.29580927e+00,  9.96680927e-16]), array([ 3.85594481e+00,  5.03202655e+00,  2.77971447e+00, -8.68795997e-01,
        1.49857718e+00,  2.19313227e-16]), array([ 4.42954308e+00,  5.22185814e+00,  2.90974785e+00, -1.02689011e+00,
        1.64052960e+00,  8.28706580e-16]), array([ 4.87427527e+00,  5.34872797e+00,  2.99006738e+00, -1.14938582e+00,
        1.73629230e+00,  5.84358547e-16]), array([ 5.21022916e+00,  5.43030022e+00,  3.03438200e+00, -1.24131661e+00,
        1.79706729e+00,  5.28068351e-16]), array([ 5.45456959e+00,  5.47973250e+00,  3.05295819e+00, -1.30710233e+00,
        1.83142180e+00,  1.47855235e-15]), array([ 5.62198703e+00,  5.50677541e+00,  3.05345067e+00, -1.35061435e+00,
        1.84589885e+00,  1.28100086e-15]), array([ 5.72507138e+00,  5.51860561e+00,  3.04153538e+00, -1.37523770e+00,
        1.84548908e+00, -3.83140349e-18]), array([ 5.77462345e+00,  5.52045718e+00,  3.02139188e+00, -1.38392847e+00,
        1.83399481e+00,  3.15329510e-16]), array([ 5.77991475e+00,  5.51610063e+00,  2.99607046e+00, -1.37926552e+00,
        1.81431056e+00,  5.86046233e-16]), array([ 5.74890471e+00,  5.50820609e+00,  2.96777154e+00, -1.36349649e+00,
        1.78863876e+00,  9.24598641e-16]), array([ 5.68842312e+00,  5.49861900e+00,  2.93805790e+00, -1.33857828e+00,
        1.75865532e+00,  4.94395142e-16]), array([ 5.60432390e+00,  5.48856917e+00,  2.90801585e+00, -1.30621254e+00,
        1.72563642e+00,  1.34196952e-15]), array([ 5.50161552e+00,  5.47882948e+00,  2.87837737e+00, -1.26787663e+00,
        1.69055533e+00,  1.02193656e-15]), array([ 5.38457213e+00,  5.46983623e+00,  2.84961269e+00, -1.22485063e+00,
        1.65415612e+00,  6.95434496e-16]), array([ 5.25682872e+00,  5.46178056e+00,  2.82200018e+00, -1.17824086e+00,
        1.61700964e+00,  4.45785538e-16]), array([ 5.12146321e+00,  5.45467769e+00,  2.79567914e+00, -1.12900049e+00,
        1.57955583e+00,  5.84321436e-16]), array([ 4.98106745e+00,  5.44841957e+00,  2.77068967e+00, -1.07794747e+00,
        1.54213560e+00,  1.75909030e-16]), array([ 4.83780899e+00,  5.44281474e+00,  2.74700250e+00, -1.02578038e+00,
        1.50501476e+00, -4.99532276e-16]), array([ 4.69348513e+00,  5.43761851e+00,  2.72454149e+00, -9.73092275e-01,
        1.46840187e+00, -1.36718249e-16]), array([ 4.54957027e+00,  5.43255579e+00,  2.70320040e+00, -9.20383007e-01,
        1.43246155e+00,  8.31273734e-16]), array([ 4.40725762e+00,  5.42733820e+00,  2.68285536e+00, -8.68070082e-01,
        1.39732431e+00,  2.29999855e-15]), array([ 4.26749600e+00,  5.42167695e+00,  2.66337414e+00, -8.16498342e-01,
        1.36309387e+00,  3.08004273e-16]), array([ 4.13102239e+00,  5.41529227e+00,  2.64462289e+00, -7.65948592e-01,
        1.32985250e+00,  1.20363330e-15]), array([ 3.99839080e+00,  5.40792029e+00,  2.62647107e+00, -7.16645324e-01,
        1.29766498e+00,  1.75027434e-16]), array([ 3.86999784e+00,  5.39931793e+00,  2.60879493e+00, -6.68763639e-01,
        1.26658160e+00,  8.76473530e-16]), array([ 3.74610538e+00,  5.38926615e+00,  2.59147992e+00, -6.22435463e-01,
        1.23664029e+00, -2.35155906e-16]), array([ 3.62686075e+00,  5.37757206e+00,  2.57442226e+00, -5.77755144e-01,
        1.20786836e+00,  5.74232060e-16]), array([ 3.51231454e+00,  5.36406993e+00,  2.55752994e+00, -5.34784486e-01,
        1.18028379e+00,  6.21175499e-17]), array([ 3.40243642e+00,  5.34862157e+00,  2.54072312e+00, -4.93557281e-01,
        1.15389626e+00,  1.05744819e-16]), array([ 3.29712909e+00,  5.33111601e+00,  2.52393435e+00, -4.54083393e-01,
        1.12870808e+00,  3.33574462e-16]), array([ 3.19624063e+00,  5.31146877e+00,  2.50710831e+00, -4.16352425e-01,
        1.10471489e+00,  2.99509531e-16]), array([ 3.09957527e+00,  5.28962074e+00,  2.49020152e+00, -3.80337010e-01,
        1.08190638e+00,  2.83018436e-16]), array([ 3.00690295e+00,  5.26553682e+00,  2.47318177e+00, -3.45995764e-01,
        1.06026691e+00, -2.24284388e-16]), array([ 2.91796753e+00,  5.23920435e+00,  2.45602748e+00, -3.13275916e-01,
        1.03977607e+00, -2.60157937e-17]), array([ 2.83249405e+00,  5.21063137e+00,  2.43872703e+00, -2.82115651e-01,
        1.02040928e+00,  4.92751290e-17]), array([ 2.75019490e+00,  5.17984485e+00,  2.42127794e+00, -2.52446193e-01,
        1.00213830e+00, -9.95457846e-17]), array([ 2.67077522e+00,  5.14688886e+00,  2.40368607e+00, -2.24193634e-01,
        9.84931753e-01,  4.63028597e-16]), array([ 2.59393740e+00,  5.11182267e+00,  2.38596482e+00, -1.97280541e-01,
        9.68755612e-01, -1.60098035e-16]), array([ 2.51938498e+00,  5.07471896e+00,  2.36813432e+00, -1.71627359e-01,
        9.53573670e-01, -7.10663392e-16]), array([ 2.44682587e+00,  5.03566203e+00,  2.35022057e+00, -1.47153625e-01,
        9.39347976e-01,  8.00179719e-17]), array([ 2.37597502e+00,  4.99474605e+00,  2.33225466e+00, -1.23779006e-01,
        9.26039258e-01, -5.00863880e-17]), array([ 2.30655663e+00,  4.95207340e+00,  2.31427204e+00, -1.01424185e-01,
        9.13607302e-01,  7.66541574e-16]), array([ 2.23830589e+00,  4.90775312e+00,  2.29631171e+00, -8.00115991e-02,
        9.02011307e-01, -4.01529340e-16]), array([ 2.17097033e+00,  4.86189945e+00,  2.27841557e+00, -5.94660521e-02,
        8.91210213e-01,  7.52898030e-16]), array([ 2.10431093e+00,  4.81463043e+00,  2.26062774e+00, -3.97152109e-02,
        8.81162985e-01,  6.81906612e-16]), array([ 2.03810278e+00,  4.76606663e+00,  2.24299388e+00, -2.06899963e-02,
        8.71828880e-01,  1.19485683e-16]), array([ 1.97213564e+00,  4.71633003e+00,  2.22556070e+00, -2.32488155e-03,
        8.63167669e-01,  3.82185263e-16]), array([ 1.90621422e+00,  4.66554292e+00,  2.20837531e+00,  1.54418918e-02,
        8.55139843e-01, -3.30834618e-16]), array([ 1.84015824e+00,  4.61382699e+00,  2.19148480e+00,  3.26681712e-02,
        8.47706776e-01, -1.91684205e-16]), array([1.77380240e+00, 4.56130244e+00, 2.17493574e+00, 4.94078136e-02,
       8.40830869e-01, 6.11065500e-16]), array([0., 0., 0., 0., 0., 0.])], 'ball_pos_history': [array([ 0.57277806, -8.07075091,  1.22310437]), array([ 0.56494533, -8.02643784,  1.2089457 ]), array([ 0.5571126 , -7.98212477,  1.19454178]), array([ 0.54927988, -7.9378117 ,  1.17989262]), array([ 0.54144715, -7.89349862,  1.1649982 ]), array([ 0.53361442, -7.84918555,  1.14985853]), array([ 0.5257817 , -7.80487248,  1.13447361]), array([ 0.51794897, -7.76055941,  1.11884344]), array([ 0.51011625, -7.71624633,  1.10296802]), array([ 0.50228352, -7.67193326,  1.08684735]), array([ 0.49445079, -7.62762019,  1.07048144]), array([ 0.48661807, -7.58330712,  1.05387027]), array([ 0.47878534, -7.53899404,  1.03701385]), array([ 0.47095261, -7.49468097,  1.01991218]), array([ 0.46311989, -7.4503679 ,  1.00256526]), array([ 0.45528716, -7.40605483,  0.98497309]), array([ 0.44745444, -7.36174175,  0.96713567]), array([ 0.43962171, -7.31742868,  0.94905301]), array([ 0.43178898, -7.27311561,  0.93072509]), array([ 0.42395626, -7.22880254,  0.91215192]), array([ 0.41612353, -7.18448946,  0.8933335 ]), array([ 0.4082908 , -7.14017639,  0.87426983]), array([ 0.40045808, -7.09586332,  0.85496091]), array([ 0.39262535, -7.05155025,  0.83540674]), array([ 0.38479262, -7.00723717,  0.81560733]), array([ 0.3769599 , -6.9629241 ,  0.79556266]), array([ 0.36912717, -6.91861103,  0.77527274]), array([ 0.36129445, -6.87429796,  0.75473757]), array([ 0.35346172, -6.82998488,  0.73395715]), array([ 0.34562899, -6.78567181,  0.71293148]), array([ 0.33779627, -6.74135874,  0.69166056]), array([ 0.32996354, -6.69704567,  0.6701444 ]), array([ 0.32213081, -6.65273259,  0.64838298]), array([ 0.31429809, -6.60841952,  0.62637631]), array([ 0.30646536, -6.56410645,  0.60412439]), array([ 0.29863264, -6.51979338,  0.58162722]), array([ 0.29079991, -6.4754803 ,  0.5588848 ]), array([ 0.28296718, -6.43116723,  0.53589713]), array([ 0.27513446, -6.38685416,  0.51266422]), array([ 0.26730173, -6.34254109,  0.48918605]), array([ 0.259469  , -6.29822801,  0.46546263]), array([ 0.25163628, -6.25391494,  0.44149396]), array([ 0.24380355, -6.20960187,  0.41728004]), array([ 0.23597083, -6.1652888 ,  0.39282087]), array([ 0.2281381 , -6.12097572,  0.36811645]), array([ 0.22030537, -6.07666265,  0.34316679]), array([ 0.21247265, -6.03234958,  0.31797187]), array([ 0.20463992, -5.9880365 ,  0.2925317 ]), array([ 0.19680719, -5.94372343,  0.26684628]), array([ 0.18897447, -5.89941036,  0.24091561]), array([ 0.18114174, -5.85509729,  0.21473969]), array([ 0.17330901, -5.81078421,  0.18831852]), array([ 0.16547629, -5.76647114,  0.16165211]), array([ 0.15764356, -5.72215807,  0.13474044]), array([ 0.14981084, -5.677845  ,  0.10758352]), array([ 0.14197811, -5.63353192,  0.08018135]), array([ 0.13414538, -5.58921885,  0.05253393]), array([ 0.12631266, -5.54490578,  0.033     ]), array([ 0.11887157, -5.50280836,  0.05367425]), array([ 0.11143048, -5.46071094,  0.07410325]), array([ 0.10398939, -5.41861352,  0.094287  ]), array([ 0.0965483 , -5.3765161 ,  0.11422551]), array([ 0.08910721, -5.33441868,  0.13391876]), array([ 0.08166612, -5.29232127,  0.15336676]), array([ 0.07422503, -5.25022385,  0.17256951]), array([ 0.06678394, -5.20812643,  0.19152701]), array([ 0.05934285, -5.16602901,  0.21023926]), array([ 0.05190176, -5.12393159,  0.22870626]), array([ 0.04446067, -5.08183417,  0.24692802]), array([ 0.03701958, -5.03973675,  0.26490452]), array([ 0.02957849, -4.99763933,  0.28263577]), array([ 0.0221374 , -4.95554191,  0.30012177]), array([ 0.01469631, -4.9134445 ,  0.31736252]), array([ 0.00725522, -4.87134708,  0.33435802]), array([-1.85872804e-04, -4.82924966e+00,  3.51108274e-01]), array([-0.00762696, -4.78715224,  0.36761328]), array([-0.01506805, -4.74505482,  0.38387303]), array([-0.02250914, -4.7029574 ,  0.39988753]), array([-0.02995023, -4.66085998,  0.41565678]), array([-0.03739132, -4.61876256,  0.43118078]), array([-0.04483241, -4.57666514,  0.44645953]), array([-0.0522735 , -4.53456773,  0.46149303]), array([-0.05971459, -4.49247031,  0.47628129]), array([-0.06715568, -4.45037289,  0.49082429]), array([-0.07459677, -4.40827547,  0.50512204]), array([-0.08203786, -4.36617805,  0.51917454]), array([-0.08947895, -4.32408063,  0.53298179]), array([-0.09692004, -4.28198321,  0.54654379]), array([-0.10436113, -4.23988579,  0.55986054]), array([-0.11180222, -4.19778837,  0.57293205]), array([-0.11924331, -4.15569096,  0.5857583 ]), array([-0.1266844 , -4.11359354,  0.5983393 ]), array([-0.13412549, -4.07149612,  0.61067505]), array([-0.14156658, -4.0293987 ,  0.62276555]), array([-0.14900767, -3.98730128,  0.6346108 ]), array([-0.15644876, -3.94520386,  0.6462108 ]), array([-0.16388985, -3.90310644,  0.65756556]), array([-0.17133094, -3.86100902,  0.66867506]), array([-0.17877203, -3.8189116 ,  0.67953931]), array([-0.18621312, -3.77681418,  0.69015831]), array([-0.19365421, -3.73471677,  0.70053206]), array([-0.2010953 , -3.69261935,  0.71066056]), array([-0.20853639, -3.65052193,  0.72054381]), array([-0.21597748, -3.60842451,  0.73018182]), array([-0.22341857, -3.56632709,  0.73957457]), array([-0.23085966, -3.52422967,  0.74872207]), array([-0.23830075, -3.48213225,  0.75762432]), array([-0.24574184, -3.44003483,  0.76628132]), array([-0.25318293, -3.39793741,  0.77469307]), array([-0.26062402, -3.35584   ,  0.78285957]), array([-0.26806511, -3.31374258,  0.79078083]), array([-0.2755062 , -3.27164516,  0.79845683]), array([-0.28294729, -3.22954774,  0.80588758]), array([-0.29038838, -3.18745032,  0.81307308]), array([-0.29782947, -3.1453529 ,  0.82001333]), array([-0.30527056, -3.10325548,  0.82670833]), array([-0.31271165, -3.06115806,  0.83315808]), array([-0.32015274, -3.01906064,  0.83936259]), array([-0.32759383, -2.97696323,  0.84532184]), array([-0.33503492, -2.93486581,  0.85103584]), array([-0.34247601, -2.89276839,  0.85650459]), array([-0.3499171 , -2.85067097,  0.86172809]), array([-0.35735819, -2.80857355,  0.86670634]), array([-0.36479928, -2.76647613,  0.87143934]), array([-0.37224037, -2.72437871,  0.8759271 ]), array([-0.37968146, -2.68228129,  0.8801696 ]), array([-0.38712255, -2.64018387,  0.88416685]), array([-0.39456364, -2.59808645,  0.88791885]), array([-0.40200473, -2.55598904,  0.8914256 ]), array([-0.40944582, -2.51389162,  0.8946871 ]), array([-0.41688691, -2.4717942 ,  0.89770335]), array([-0.424328  , -2.42969678,  0.90047436]), array([-0.43176909, -2.38759936,  0.90300011]), array([-0.43921018, -2.34550194,  0.90528061]), array([-0.44665127, -2.30340452,  0.90731586]), array([-0.45409236, -2.2613071 ,  0.90910586]), array([-0.46153345, -2.21920968,  0.91065061]), array([-0.46897454, -2.17711227,  0.91195011]), array([-0.47641563, -2.13501485,  0.91300437]), array([-0.48385672, -2.09291743,  0.91381337]), array([-0.49129781, -2.05082001,  0.91437712]), array([-0.4987389 , -2.00872259,  0.91469562]), array([-0.50617999, -1.96662517,  0.91476887]), array([-0.51362108, -1.92452775,  0.91459687]), array([-0.52106217, -1.88243033,  0.91417962]), array([-0.52850326, -1.84033291,  0.91351713]), array([-0.53594435, -1.7982355 ,  0.91260938]), array([-0.54338544, -1.75613808,  0.91145638]), array([-0.55082653, -1.71404066,  0.91005813]), array([-0.55826762, -1.67194324,  0.90841463]), array([-0.56570871, -1.62984582,  0.90652588]), array([-0.5731498 , -1.5877484 ,  0.90439188]), array([-0.58059089, -1.54565098,  0.90201264]), array([-0.58803198, -1.50355356,  0.89938814]), array([-0.59547307, -1.46145614,  0.89651839]), array([-0.60291416, -1.41935873,  0.89340339]), array([-0.61035525, -1.37726131,  0.89004314]), array([-0.61779634, -1.33516389,  0.88643764]), array([-0.62523743, -1.29306647,  0.88258689]), array([-0.63267852, -1.25096905,  0.8784909 ]), array([-0.64011961, -1.20887163,  0.87414965]), array([-0.6475607 , -1.16677421,  0.86956315]), array([-0.65500179, -1.12467679,  0.8647314 ]), array([-0.66244288, -1.08257937,  0.8596544 ]), array([-0.66988397, -1.04048195,  0.85433215]), array([-0.67732506, -0.99838454,  0.84876465]), array([-0.68476615, -0.95628712,  0.84295191]), array([-0.69220724, -0.9141897 ,  0.83689391]), array([-0.69964833, -0.87209228,  0.83059066]), array([-0.70708942, -0.82999486,  0.82404216]), array([-0.71453051, -0.78789744,  0.81724841]), array([-0.7219716 , -0.74580002,  0.81020941]), array([-0.72941269, -0.7037026 ,  0.80292516]), array([-0.73685378, -0.66160518,  0.79539567]), array([-0.74429487, -0.61950777,  0.78762092]), array([-0.75173596, -0.57741035,  0.77960092]), array([-0.76243453, -0.53675667,  0.77207894]), array([-0.73949006, -0.5273453 ,  0.74245043]), array([-0.71926589, -0.51598757,  0.71322054]), array([-0.69869511, -0.50587799,  0.67968688]), array([-0.67812433, -0.49576841,  0.64590797]), array([-0.65755355, -0.48565882,  0.6118838 ]), array([-0.63698277, -0.47554924,  0.57761439]), array([-0.616412  , -0.46543965,  0.54309973]), array([-0.59584122, -0.45533007,  0.50833982]), array([-0.57527044, -0.44522049,  0.47333465]), array([-0.55469966, -0.4351109 ,  0.43808424]), array([-0.53412888, -0.42500132,  0.40258858]), array([-0.5135581 , -0.41489173,  0.36684766]), array([-0.49298732, -0.40478215,  0.3308615 ]), array([-0.47241655, -0.39467257,  0.29463009]), array([-0.45184577, -0.38456298,  0.25815343]), array([-0.43127499, -0.3744534 ,  0.22143151]), array([-0.41070421, -0.36434381,  0.18446435]), array([-0.39013343, -0.35423423,  0.14725194]), array([-0.36956265, -0.34412465,  0.10979428]), array([-0.34899187, -0.33401506,  0.07209136]), array([-0.3284211 , -0.32390548,  0.0341432 ]), array([-0.30785032, -0.31379589,  0.033     ]), array([-0.28830808, -0.30419179,  0.06139981]), array([-0.26876584, -0.29458768,  0.08955437]), array([-0.2492236 , -0.28498358,  0.11746368]), array([-0.22968136, -0.27537947,  0.14512774]), array([-0.21013912, -0.26577537,  0.17254655]), array([-0.19059688, -0.25617126,  0.19972011]), array([-0.17105464, -0.24656716,  0.22664842]), array([-0.1515124 , -0.23696305,  0.25333148]), array([-0.13197016, -0.22735895,  0.27976929]), array([-0.11242792, -0.21775484,  0.30596185]), array([-0.09288568, -0.20815074,  0.33190915]), array([-0.07334344, -0.19854663,  0.35761121]), array([-0.0538012 , -0.18894253,  0.38306802]), array([-0.03425896, -0.17933842,  0.40827958]), array([-0.01471672, -0.16973432,  0.43324589]), array([ 0.00482552, -0.16013021,  0.45796695]), array([ 0.02436776, -0.15052611,  0.48244276]), array([ 0.04391   , -0.140922  ,  0.50667332]), array([ 0.06345224, -0.1313179 ,  0.53065863]), array([ 0.08299448, -0.1217138 ,  0.55439869]), array([ 0.10253672, -0.11210969,  0.5778935 ]), array([ 0.12207896, -0.10250559,  0.60114306]), array([ 0.1416212 , -0.09290148,  0.62414737]), array([ 0.16116344, -0.08329738,  0.64690643]), array([ 0.18070567, -0.07369327,  0.66942024]), array([ 0.20024791, -0.06408917,  0.6916888 ]), array([ 0.21979015, -0.05448506,  0.71371211]), array([ 0.23933239, -0.04488096,  0.73549017]), array([ 0.25887463, -0.03527685,  0.75702298]), array([ 0.27841687, -0.02567275,  0.77831054]), array([ 0.29795911, -0.01606864,  0.79935285]), array([ 0.31750135, -0.00646454,  0.82014991]), array([0.33704359, 0.00313957, 0.84070171]), array([0.35658583, 0.01274367, 0.86100827]), array([0.37612807, 0.02234778, 0.88106958]), array([0.39567031, 0.03195188, 0.90088564]), array([0.41521255, 0.04155599, 0.92045645]), array([0.43475479, 0.05116009, 0.93978201]), array([0.45429703, 0.0607642 , 0.95886232]), array([0.47383927, 0.0703683 , 0.97769738]), array([0.49338151, 0.07997241, 0.99628719])], 'distances_history': [7.757602838962359, 7.711904287441013, 7.666241149934779, 7.6206131689599585, 7.575020194815293, 7.529462181061211, 7.483939181807905, 7.4384513501270115, 7.392998937184519, 7.347582291857332, 7.302201860693815, 7.256858188138338, 7.211551916976687, 7.166283788982349, 7.121054645757493, 7.075865429770101, 7.030717185591855, 6.985611061341764, 6.940548310339133, 6.895530292967718, 6.85055847875099, 6.805634279397828, 6.760759386700837, 6.715935608341568, 6.6711648709345805, 6.626449223236133, 6.581790839528926, 6.537192023188145, 6.492655210430761, 6.448182974248401, 6.4037780285231385, 6.359443232325125, 6.315181594390744, 6.2709962777797275, 6.22689060470969, 6.1828680615664044, 6.138932304088133, 6.095087162722343, 6.051336648153087, 6.007684956997413, 5.964136477669079, 5.920695429243431, 5.877366603502071, 5.834155002259086, 5.791065844110958, 5.748104571265399, 5.705276856478589, 5.662588610116411, 5.620045987347437, 5.577655395470591, 5.53542350137739, 5.49335723914641, 5.451463817765789, 5.409750728977841, 5.368225755238091, 5.326896977779096, 5.2857727847673015, 5.2438455100339105, 5.1993761533880765, 5.154997849358433, 5.110708675571421, 5.066508017099838, 5.022393847507934, 4.978364125594193, 4.934416797880893, 4.890549801629006, 4.846761068140113, 4.803048526192069, 4.759410105506287, 4.715843740176223, 4.672347372006883, 4.628918953728758, 4.585556452058963, 4.542257850589316, 4.499021152486373, 4.455844382992719, 4.412725591722361, 4.369662854746087, 4.326654276465328, 4.2836979912753375, 4.240792165020594, 4.197934996247113, 4.155124717257917, 4.1123595949793, 4.0696379316466516, 4.0269580653195565, 3.9843183702366614, 3.941717257021366, 3.8991531727498243, 3.856624600892958, 3.8141300611443385, 3.7716681091457143, 3.729237336121847, 3.6868363684360586, 3.644463867077539, 3.602118527091066, 3.5597990769593184, 3.5175042779474164, 3.4752329234188197, 3.4329838381311144, 3.3907558775196622, 3.3485479269765386, 3.306358901131616, 3.2641877431421573, 3.222033423996793, 3.1798949418393256, 3.1377713213174188, 3.0956616129609, 3.0535648925941596, 3.011480260786914, 2.9694068423474835, 2.9273437858627136, 2.885290263288673, 2.8432454695964178, 2.8012086224773056, 2.7591789621126797, 2.7171557510131463, 2.6751382739332206, 2.6331258378677607, 2.5911177721374155, 2.5491134285712613, 2.507112181795909, 2.465113429641687, 2.4231165936780314, 2.3811211198920197, 2.3391264795260183, 2.2971321700929255, 2.2551377165902426, 2.213142672937597, 2.1711466236661776, 2.129149185893159, 2.0871500116195714, 2.0451487903964507, 2.0031452524117013, 1.9611391720591154, 1.9191303720617983, 1.8771187282352073, 1.8351041749906067, 1.793086711698656, 1.751066410055762, 1.7090434226238373, 1.6651954391263957, 1.6202178140568413, 1.5753444505027117, 1.5298838691810908, 1.4841309325982153, 1.4385630094576614, 1.3932977479621245, 1.3485258726737628, 1.3034828591219088, 1.2578571028632515, 1.212776789622878, 1.1671468669997527, 1.1218507260284714, 1.0761025850828336, 1.0298800629968046, 0.9841499927712073, 0.9379914898425181, 0.8912025435809988, 0.8446244281758807, 0.7976731856629169, 0.7497271358973306, 0.7011857884017809, 0.6518892389328396, 0.6032861641479107, 0.554221852858434, 0.5055358708828532, 0.4571747783961645, 0.40972266514007605, 0.36301357413230023, 0.31776117322595326, 0.27294631223491456, 0.22924674723218208, 0.18658501765925734, 0.14806050061851903, 0.1184432907019044, 0.108297444751712, 0.10010954845246874, 0.11209455165198554, 0.13994507216681537, 0.1740126633688573, 0.21088348758863518, 0.24915847548126144, 0.2882586095709741, 0.32793825827397866, 0.3680926374314274, 0.40867797703323794, 0.44967676434744397, 0.4910821202299372, 0.5328907205339772, 0.5750996725384415, 0.6177052549651955, 0.6607025327988105, 0.704085368453287, 0.7478465959111825, 0.7919782452617733, 0.8364717654812425, 0.8813182235547644, 0.8932471669574754, 0.8791550953328758, 0.8665525069690702, 0.8554757863535221, 0.8459553043898419, 0.8380145905381592, 0.8316695933103645, 0.826928080969416, 0.823789227352961, 0.8222434167647821, 0.8222722875752856, 0.8238490178826267, 0.826938840051391, 0.8314997560018201, 0.8374834133636984, 0.8448360951136138, 0.8534997724943268, 0.863413172615907, 0.8745128173693321, 0.8867339980290911, 0.9000116589721825, 0.9142811731889218, 0.9294790008313703, 0.9455432293540039, 0.9624139995508401, 0.9800338259258828, 0.9983478224652527, 1.0173038462306916, 1.0368525715326837, 1.0569475070371912, 1.0775449672574648, 1.0986040086856197, 1.1200863394869132, 1.1419562103290255, 1.1641802926279055, 1.186727549309338, 1.2095691021367674, 1.2326780987498975, 1.2560295817927791, 1.2796003618752734, 1.3033688955946787], 'normal_align_history': [0.6999669791942384, 0.6999684811002944, 0.6999731178633533, 0.6999818739555913, 0.6999953770739261, 0.7000140611384458, 0.7000382577740507, 0.7000682477638662, 0.7001042898895583, 0.700146636847072, 0.7001955436700811, 0.7002512717388485, 0.7003140901423166, 0.7003842754272102, 0.7004621103523494, 0.7005478820274955, 0.7006418796758003, 0.7007443921741636, 0.7008557054729331, 0.7009760999624121, 0.7011058478314354, 0.7012451747072289, 0.7013943215566929, 0.7015535196139399, 0.7017229843281628, 0.7019029112247488, 0.7020934728087702, 0.7022948160511072, 0.7025070602188066, 0.70273029493006, 0.7029645783774802, 0.7032099356968594, 0.7034663574760182, 0.7037337984071972, 0.7040121760906951, 0.704301369999271, 0.7046012206132811, 0.7049115287363064, 0.7052320550003517, 0.705562519568792, 0.7059026020441573, 0.7062518219192193, 0.7066097651859945, 0.7069759897326673, 0.7073500193769665, 0.7077313415519345, 0.7081194069970842, 0.7085136305750905, 0.7089133927463389, 0.7093180414537248, 0.7097268942865733, 0.7101392408532464, 0.7105543453228643, 0.7109714491116239, 0.7113897736958982, 0.7118085235368269, 0.712226889101472, 0.7126440499651213, 0.7130591779784075, 0.7134714404820468, 0.7138800035512103, 0.7142842390413778, 0.714683412287619, 0.7150767356674498, 0.7154634042917822, 0.7158426156642699, 0.7162135808485511, 0.7165755311687317, 0.7169277225750703, 0.7172694387902897, 0.7175999938090092, 0.7179187340350611, 0.7182250401908239, 0.718518329055325, 0.7187980550494182, 0.7190637116683245, 0.7193148327544048, 0.7195509936009604, 0.7197718118783466, 0.7199769483753817, 0.7201661075510957, 0.7203390378940623, 0.7204955320886128, 0.7206354269891616, 0.7207586034055828, 0.7208649857041421, 0.7209545412298382, 0.7210272795572288, 0.7210832515778621, 0.721122548433338, 0.7211453003038261, 0.7211516750624984, 0.72114187680689, 0.7211161442786205, 0.7210747491832369, 0.7210179944221471, 0.7209462122487542, 0.720859762360916, 0.7207590299418115, 0.7206444236611491, 0.7205163736484425, 0.7203753294497786, 0.7202217579791538, 0.7200561414750344, 0.719878975472305, 0.7196907667992573, 0.7194920316086859, 0.7192832934515447, 0.7190650814009747, 0.7188379282338386, 0.7186023686762072, 0.7183589377185305, 0.718108169005524, 0.717850593305076, 0.7175867370597784, 0.7173171210239818, 0.7170422589886032, 0.716762656595232, 0.716478810240472, 0.7161912060708249, 0.7159003190678667, 0.7156066122229175, 0.7153105357999181, 0.7150125266847623, 0.7147130078189099, 0.7144123877147596, 0.7141110600498956, 0.7138094033370664, 0.7135077806664898, 0.7132065395168921, 0.7129060116315153, 0.7126065129552218, 0.712308343628721, 0.7120117880359166, 0.7117171149003381, 0.7114245774266458, 0.7111344134832436, 0.7108468458220876, 0.7105620823318904, 0.7102803163210158, 0.7100017268264897, 0.7190342597372015, 0.7190213431849345, 0.7147575281854217, 0.7147437167195022, 0.705854079434309, 0.7062037339215657, 0.7156770472099756, 0.7205499172804614, 0.7162642772957345, 0.7162747560250362, 0.7120972560631029, 0.7122628200910356, 0.7218727987494395, 0.7217892029441231, 0.7265193478215957, 0.7267795861482358, 0.7177790146101183, 0.7135236965175895, 0.7184842907705375, 0.7145971574572437, 0.701695847284563, 0.6942004985921244, 0.6914023764599997, 0.6843349807924627, 0.68267595877947, 0.6890946132728912, 0.6903502583361866, 0.6864420722701867, 0.6915466359627552, 0.6920827811687089, 0.6834780571301743, 0.6792250186041345, 0.6789647926086075, 0.673776744257589, 0.6670088837725552, 0.656562708539307, 0.6447353775919971, 0.6336444166647522, 0.6230964096061197, 0.613103469281153, 0.6035667753964363, 0.5944047385421733, 0.5855483314345828, 0.5769383344134552, 0.5685236647081893, 0.5602602972039509, 0.5521104953769317, 0.5440421985508329, 0.5360284862010177, 0.5280470820032772, 0.5200798827614521, 0.5121125084512785, 0.5041338744058395, 0.49613578813374515, 0.488112573132907, 0.480060721297348, 0.471978574608941, 0.4638660359926943, 0.4557243085789755, 0.44755566216958653, 0.43936322542276646, 0.4311508021192313, 0.42292270981126723, 0.4146836391587771, 0.4064385322961236, 0.3981924786343228, 0.38995062657331203, 0.38171810967165665, 0.3734999858927145, 0.36530118861546007, 0.3571264881649989, 0.3489804626828136, 0.34086747722103505, 0.3327916700092809, 0.3247569449075771, 0.31676696912487945, 0.30882517534982434, 0.3009347675083306, 0.29309872943113235, 0.28531983578263964, 0.2776006646700595, 0.26994361141779444, 0.2623509030559865, 0.25482461313329585, 0.24736667652178665, 0.23997890393602694, 0.23266299593857245, 0.22542055624997856, 0.21825310422300942, 0.21116208637800446, 0.20414888692930308, 0.1972148372614996, 0.19036122433919686, 0.1835892980551449, 0.1769002775394142, 0.17029535646685476, 0.16377570741179928, 0.15734248530814252], 'ball_near_history': [False, False, False, False, False, False, False, False, False, False, False, False, False, False, False, False, False, False, False, False, False, False, False, False, False, False, False, False, False, False, False, False, False, False, False, False, False, False, False, False, False, False, False, False, False, False, False, False, False, False, False, False, False, False, False, False, False, False, False, False, False, False, False, False, False, False, False, False, False, False, False, False, False, False, False, False, False, False, False, False, False, False, False, False, False, False, False, False, False, False, False, False, False, False, False, False, False, False, False, False, False, False, False, False, False, False, False, False, False, False, False, False, False, False, False, False, False, False, False, False, False, False, False, False, False, False, False, False, False, False, False, False, False, False, False, False, False, False, False, False, False, False, False, False, False, False, False, False, False, False, False, False, False, False, False, False, False, False, False, False, False, False, False, False, False, False, False, False, False, False, False, False, False, False, False, False, False, False, False, False, False, False, False, False, False, False, False, False, False, False, False, False, False, False, False, False, False, False, False, False, False, False, False, False, False, False, False, False, False, False, False, False, False, False, False, False, False, False, False, False, False, False, False, False, False, False, False, False, False, False, False, False, False, False, False, False, False, False, False], 'tube_ready_history': [False, False, False, False, False, False, False, False, False, False, False, False, False, False, False, False, False, False, False, False, False, False, False, False, False, False, False, False, False, False, False, False, False, False, False, False, False, False, False, False, False, False, False, False, False, False, False, False, False, False, False, False, False, False, False, False, False, False, False, False, False, False, False, False, False, False, False, False, False, False, False, False, False, False, False, False, False, False, False, False, False, False, False, False, False, False, False, False, False, False, False, False, False, False, False, False, False, False, False, False, False, False, False, False, False, False, False, False, False, False, False, False, False, False, False, False, False, False, False, False, False, False, False, False, False, False, False, False, False, False, False, False, False, False, False, False, False, False, False, False, False, False, False, False, False, False, False, False, False, False, False, False, False, False, False, False, False, False, False, False, False, False, False, False, False, False, False, False, False, False, False, False, False, False, False, False, False, False, False, False, False, False, False, False, False, False, False, False, False, False, False, False, False, False, False, False, False, False, False, False, False, False, False, False, False, False, False, False, False, False, False, False, False, False, False, False, False, False, False, False, False, False, False, False, False, False, False, False, False, False, False, False, False, False, False, False, False, False, False], 'pos_error_history': [0.029857502924994454, 0.02986052611823646, 0.029875528011684218, 0.029914300985184043, 0.029991812150041482, 0.03012575747060748, 0.030335986350637507, 0.03064376960040992, 0.031070910512098104, 0.031638736732361304, 0.03236705221246177, 0.03327316063828179, 0.03437108017967068, 0.035671046258132506, 0.03717934868803124, 0.038898488138636396, 0.04082758463353382, 0.042962942226534837, 0.045298672244538214, 0.047827295822577914, 0.04994918197977081, 0.052795682292507744, 0.05581231054492731, 0.05898923458814363, 0.06231671215086778, 0.06578520902128926, 0.06938546588449591, 0.07310852865021912, 0.07694575410319089, 0.08088879982499259, 0.08492960487508353, 0.08906036576381092, 0.09327351077244038, 0.0975616745989884, 0.10191767454806165, 0.1063344889595494, 0.11080523822012638, 0.11532316847275177, 0.11988163799520951, 0.1244741061320473, 0.1289677793634536, 0.13360507628608007, 0.13825778934476105, 0.1429196893950628, 0.14758462872967282, 0.1522465407403517, 0.15689944101578143, 0.1615374296844144, 0.16615469483104672, 0.17074551683250636, 0.175304273472059, 0.1798254457042802, 0.18430362395261743, 0.18873351483096246, 0.19310994818856286, 0.19742788438474088, 0.20168242170633452, 0.20586880384671544, 0.2099824273707608, 0.21401884909540106, 0.21917454681058737, 0.22304114600575725, 0.22681598953998316, 0.230495483913384, 0.23407620780952076, 0.23755492386149296, 0.2409285883733056, 0.24419435938014789, 0.24734960332472888, 0.2503919005502391, 0.2533190497555146, 0.25612907151861486, 0.2588202109670381, 0.26139093965307886, 0.2638399566791239, 0.2661661891083796, 0.2683687916903775, 0.27044714592673075, 0.27240085850042617, 0.27422975909084246, 0.2759338975964549, 0.2775135407874646, 0.2789691684112449, 0.2803014687743712, 0.28151133382597765, 0.28259985376822283, 0.28356831122066983, 0.28441817496634864, 0.2851510933081926, 0.2857688870653202, 0.28627354223936413, 0.2866672023816044, 0.2869521606921589, 0.2871308518827824, 0.2872058438350711, 0.2871798290859221, 0.2870556161720551, 0.28683612086522375, 0.2865243573294284, 0.28612342923100886, 0.2856365208319351, 0.285066888095931, 0.28441784983626917, 0.2836927789331563, 0.28289509364762283, 0.28202824905770285, 0.2810957286414721, 0.2801010360302327, 0.27904768695373017, 0.27793920139785966, 0.276779095993814, 0.2755708766560594, 0.274318031484941, 0.2730240239481008, 0.27169228635324066, 0.27032621362313103, 0.26892915738211154, 0.2675044203617131, 0.2660552511314089, 0.264584839158959, 0.2630963102032441, 0.2615927220410459, 0.26007706052776974, 0.25855223599078214, 0.2570210799527065, 0.2554863421808432, 0.2539506880577087, 0.2524166962666495, 0.25088685678550493, 0.24936356918039695, 0.24784914119093168, 0.24634578759735856, 0.2448556293596129, 0.24338069301759246, 0.24192291034156635, 0.2404841182212036, 0.23906605878138903, 0.23767037971275964, 0.23629863480470803, 0.23495228466849089, 0.23123343927464562, 0.2273434857095966, 0.22327762199180756, 0.21797892022704946, 0.21357059089669989, 0.20824352404372024, 0.20330972769529473, 0.19935190776938225, 0.19554863674283848, 0.19049678865267938, 0.18653200410005008, 0.1814532469275237, 0.17776686400561834, 0.1729379356758319, 0.16931647860850893, 0.16583938558689756, 0.16131124011199507, 0.15680590175471362, 0.1525376809769777, 0.14933641458144645, 0.14541321555883147, 0.14245395443847475, 0.1392281586526237, 0.13671404246333985, 0.13542968038219028, 0.1348928740916731, 0.13352386943223032, 0.13196313666545958, 0.12995274561726938, 0.12842903383932833, 0.1269694108725599, 0.12655052535657388, 0.1264730349037511, 0.1280625253599429, 0.13051748395873247, 0.13363703335438687, 0.13767521624726164, 0.1419142011750453, 0.145729196971466, 0.1491697052367902, 0.15224714397819206, 0.15501696352387848, 0.15754729326063227, 0.15990459463974957, 0.16214781584798585, 0.16432667395216938, 0.16648183605869246, 0.16864587763418815, 0.17084446712425186, 0.17309752042470475, 0.17542021934668908, 0.17782386351846657, 0.18031656097620846, 0.182903777902951, 0.18558877262667522, 0.18837293844915695, 0.1912560770042608, 0.19423662014411122, 0.1973118145985541, 0.20047788022470753, 0.20373014972063652, 0.2070631952649997, 0.21047094564546398, 0.21394679600333022, 0.2174837112862433, 0.22107432379656977, 0.22471102478334143, 0.2283860497890346, 0.23209155737488654, 0.23581970086411222, 0.2395626928240747, 0.24331286212695874, 0.24706270356189647, 0.25080492010420863, 0.2545324580690703, 0.25823853548120107, 0.26191666407607933, 0.2655606654108718, 0.2691646816056066, 0.2727231812588251, 0.2762309610895336, 0.27968314385123483, 0.28307517304687413, 0.2864028049481391, 0.28966209839097123, 0.29284940278338223, 0.2959613447233753, 0.29899481358539653, 0.3019469463943606, 0.30481511226784075, 0.30759689667012086, 0.31029008568697686, 0.3128926504976173, 0.3154027321903774, 0.3178186270415791, 0.3201387723525657, 0.3223617329180869, 0.324486188180045, 0.32647291842701864], 'max_qdot_ratio': 0.9799639467542788, 'max_tcp_speed': 1.7749757107763624, 'max_racket_face_speed': 2.0987494117696723, 'total_mpc_steps': 239, 'ball_was_hit': True, 'hit_step': 175, 'p_ee_at_hit': array([-0.66089672, -0.50812057,  0.79654083]), 'ball_pos_at_hit': array([-0.76243453, -0.53675667,  0.77207894]), 'v_ee_at_hit': 1.7746615632574, 'active_contact': True, 'passive_contact': False}
2026-09-10 17:50:27,028 [INFO] __main__: 击打后继续仿真 20 步...
