__STEP_TIMING__: n=245 p50=0.25 p95=0.58 p99=5.39 max=40.10 n_over_period=3 period_ms=5.00

========================================
  RM-65 击打成功！（主动击球，pos_error=0.0654m）
  [V12 EpisodeRunner 管线架构]
  ablation: full
  击打目标位置: [-0.676 -0.197  0.827]
  末端实际位置: [-0.638 -0.258  0.833]
  规划跟踪误差: 0.0712 m
  速度误差: 1.9762 m/s
  MPC 总步数: 266
  --- Tube 专用指标 ---
  最小球拍-球距离: 0.0588 m
  ball_near 步数: 1 = 5.0 ms
  tube_ready 步数: 9 = 45.0 ms
  击打时间误差: 15.0 ms
  击打位置误差: 0.0654 m
  --- 计算性能 ---
  总墙钟时间: 1.18s (MPC=1.18s)
  --- 执行层约束 ---
  max_qdot=1.00x, max_tcp=1.6m/s, max_face=1.6m/s
  击球类型: 主动击球
========================================

__RESULT__: pos_error=0.065424 vel_error=1.976198 min_dist=0.058809 ball_near_ms=5.0 tube_ready_ms=45.0 max_tcp=1.63 max_qdot=1.00 max_face=1.6 hit_type=active hit_time_error_ms=15.0 hit_pos_error=0.065424 v_racket_at_hit=1.347
2026-09-11 14:19:02,249 [INFO] __main__: [ablation] mode=full
2026-09-11 14:19:02,255 [INFO] __main__: serve-box auto params: horizon=120, iter=10, first_plan_iters=30, total_horizon=250, replan_interval=20, near_plan_iters=5
2026-09-11 14:19:02,279 [INFO] __main__: 关节限位: 仿真默认(default.yaml), TCP=1.8 m/s, terminal_exempt=20
2026-09-11 14:19:02,279 [INFO] __main__: 球拍初始位置: [-0.24136342  0.63027058  1.45576659]
2026-09-11 14:19:02,280 [DEBUG] src.tennis.ball: serve_box bounce (attempt=2): p0_z=1.32, vz0=-3.0, spd=9.0, t1=0.290, t2=0.594, z_err=0.12
2026-09-11 14:19:02,291 [INFO] __main__: 击打步数: 185, 击打位置: [-0.67593889 -0.19725473  0.82684815]
2026-09-11 14:19:02,291 [INFO] __main__: 随挥方向: [-0.253 -0.944  0.21 ], 随挥步数: 60
2026-09-11 14:19:02,309 [INFO] __main__: 候选窗口已构建: best_k=185, candidates=21
2026-09-11 14:19:02,309 [INFO] src.cpp.solver_cpp: iLQR C++ 加速模块已加载
2026-09-11 14:19:02,310 [INFO] __main__: 开始 V12 EpisodeRunner，总步数=310 (MPC=250, 随挥=60)，击打步数=185
2026-09-11 14:19:02,310 [INFO] src.ilqt.async_replanner: AsyncReplanner: 后台规划线程已启动
2026-09-11 14:19:02,364 [INFO] src.ilqt.async_replanner: AsyncReplanner: 规划环境已创建（独立 MjData）
2026-09-11 14:19:02,364 [INFO] src.ilqt.async_replanner: AsyncReplanner: 规划环境已创建（独立 MjData）
2026-09-11 14:19:02,398 [DEBUG] src.ilqt.tube_cost: [Softmin诊断] 候选权重TOP3: k=185:w=0.056, k=186:w=0.056, k=184:w=0.056
2026-09-11 14:19:03,293 [INFO] src.ilqt.mpc_controller: REPLAN step=0 k_hit=185 iters=30 horizon=120 t=929ms
2026-09-11 14:19:03,294 [INFO] src.ilqt.mpc_controller: MPCController.start 完成: k_hit=185, p_hit=[-0.676 -0.197  0.827], buffer=120
2026-09-11 14:19:03,298 [DEBUG] src.ilqt.replan_core: FAR_JT step=0 k_hit=185 (JT gain=60, skip iLQR)
2026-09-11 14:19:03,298 [DEBUG] src.ilqt.mpc_controller: REPLAN step=0 k_hit=185 iters=0 horizon=0 t=4ms
2026-09-11 14:19:03,298 [DEBUG] src.ilqt.mpc_controller: MPCController.step 0: replan k_hit=185 refine=feasible buffer=20
2026-09-11 14:19:03,307 [DEBUG] src.ilqt.replan_core: FAR_JT step=20 k_hit=165 (JT gain=60, skip iLQR)
2026-09-11 14:19:03,307 [DEBUG] src.ilqt.mpc_controller: REPLAN step=20 k_hit=165 iters=0 horizon=0 t=4ms
2026-09-11 14:19:03,307 [DEBUG] src.ilqt.mpc_controller: MPCController.step 20: replan k_hit=165 refine=feasible buffer=20
2026-09-11 14:19:03,316 [DEBUG] src.ilqt.replan_core: FAR_JT step=40 k_hit=145 (JT gain=60, skip iLQR)
2026-09-11 14:19:03,316 [DEBUG] src.ilqt.mpc_controller: REPLAN step=40 k_hit=145 iters=0 horizon=0 t=3ms
2026-09-11 14:19:03,316 [DEBUG] src.ilqt.mpc_controller: MPCController.step 40: replan k_hit=145 refine=feasible buffer=20
2026-09-11 14:19:03,324 [DEBUG] src.ilqt.replan_core: FAR_JT step=60 k_hit=125 (JT gain=60, skip iLQR)
2026-09-11 14:19:03,324 [DEBUG] src.ilqt.mpc_controller: REPLAN step=60 k_hit=125 iters=0 horizon=0 t=3ms
2026-09-11 14:19:03,325 [DEBUG] src.ilqt.mpc_controller: MPCController.step 60: replan k_hit=125 refine=feasible buffer=20
2026-09-11 14:19:03,333 [DEBUG] src.ilqt.replan_core: FAR_JT step=80 k_hit=105 (JT gain=60, skip iLQR)
2026-09-11 14:19:03,333 [DEBUG] src.ilqt.mpc_controller: REPLAN step=80 k_hit=105 iters=0 horizon=0 t=3ms
2026-09-11 14:19:03,334 [DEBUG] src.ilqt.mpc_controller: MPCController.step 80: replan k_hit=105 refine=feasible buffer=20
2026-09-11 14:19:03,342 [DEBUG] src.ilqt.replan_core: FAR_JT step=100 k_hit=85 (JT gain=60, skip iLQR)
2026-09-11 14:19:03,342 [DEBUG] src.ilqt.mpc_controller: REPLAN step=100 k_hit=85 iters=0 horizon=0 t=3ms
2026-09-11 14:19:03,342 [DEBUG] src.ilqt.mpc_controller: MPCController.step 100: replan k_hit=85 refine=feasible buffer=20
2026-09-11 14:19:03,350 [DEBUG] src.ilqt.replan_core: FAR_JT step=120 k_hit=65 (JT gain=60, skip iLQR)
2026-09-11 14:19:03,350 [DEBUG] src.ilqt.mpc_controller: REPLAN step=120 k_hit=65 iters=0 horizon=0 t=3ms
2026-09-11 14:19:03,351 [DEBUG] src.ilqt.mpc_controller: MPCController.step 120: replan k_hit=65 refine=feasible buffer=20
2026-09-11 14:19:03,370 [DEBUG] src.ilqt.tube_cost: [Softmin诊断] 候选权重TOP3: k=45:w=0.056, k=46:w=0.056, k=44:w=0.056
2026-09-11 14:19:03,395 [DEBUG] src.ilqt.mpc_controller: REPLAN step=140 k_hit=45 iters=5 horizon=45 t=40ms
2026-09-11 14:19:03,395 [INFO] src.ilqt.strategies.hit_point_refiner: [HIT_LOCK] k_hit=45 ≤ 60, 锁定击球点不再替换
2026-09-11 14:19:03,395 [DEBUG] src.ilqt.mpc_controller: MPCController.step 140: replan k_hit=45 refine=locked buffer=20
2026-09-11 14:19:03,398 [INFO] src.ilqt.components.predictive_safety: [SAFETY_FILTER] beta=0.8: qdot entering overspeed, joint=5, |qdot|=4.20 > 3.93
2026-09-11 14:19:03,399 [INFO] src.ilqt.components.predictive_safety: [SAFETY_FILTER] beta=0.0: qdot entering overspeed, joint=5, |qdot|=5.71 > 3.93
2026-09-11 14:19:03,415 [DEBUG] src.ilqt.tube_cost: [Softmin诊断] 候选权重TOP3: k=25:w=0.056, k=26:w=0.056, k=24:w=0.056
2026-09-11 14:19:03,429 [DEBUG] src.ilqt.mpc_controller: REPLAN step=160 k_hit=25 iters=5 horizon=25 t=28ms
2026-09-11 14:19:03,430 [DEBUG] src.ilqt.mpc_controller: MPCController.step 160: replan k_hit=25 refine=locked buffer=20
2026-09-11 14:19:03,430 [INFO] src.ilqt.components.predictive_safety: [SAFETY_FILTER] beta=0.4: qdot entering overspeed, joint=3, |qdot|=4.68 > 3.93
2026-09-11 14:19:03,431 [INFO] src.ilqt.components.predictive_safety: [SAFETY_FILTER] beta=0.0: qdot entering overspeed, joint=3, |qdot|=5.00 > 3.93
2026-09-11 14:19:03,431 [INFO] src.ilqt.components.predictive_safety: [SAFETY_FILTER] beta=0.2: qdot entering overspeed, joint=5, |qdot|=5.26 > 3.93
2026-09-11 14:19:03,432 [INFO] src.ilqt.components.predictive_safety: [SAFETY_FILTER] beta=0.2: qdot entering overspeed, joint=3, |qdot|=4.50 > 3.93
2026-09-11 14:19:03,432 [INFO] src.ilqt.components.predictive_safety: [SAFETY_FILTER] beta=0.4: qdot entering overspeed, joint=3, |qdot|=4.39 > 3.93
2026-09-11 14:19:03,434 [INFO] src.ilqt.components.predictive_safety: [SAFETY_FILTER] beta=0.6: qdot entering overspeed, joint=2, |qdot|=4.24 > 3.93
2026-09-11 14:19:03,435 [INFO] src.ilqt.components.predictive_safety: [SAFETY_FILTER] beta=0.0: qdot entering overspeed, joint=5, |qdot|=5.80 > 3.93
2026-09-11 14:19:03,436 [INFO] src.ilqt.components.predictive_safety: [SAFETY_FILTER] beta=0.6: qdot entering overspeed, joint=2, |qdot|=4.13 > 3.93
2026-09-11 14:19:03,436 [INFO] src.ilqt.components.predictive_safety: [SAFETY_FILTER] beta=0.6: qdot entering overspeed, joint=0, |qdot|=3.17 > 3.14
2026-09-11 14:19:03,437 [INFO] src.ilqt.components.predictive_safety: [SAFETY_FILTER] beta=0.2: qdot entering overspeed, joint=0, |qdot|=3.50 > 3.14
2026-09-11 14:19:03,437 [INFO] src.ilqt.components.predictive_safety: [SAFETY_FILTER] beta=0.2: qdot entering overspeed, joint=0, |qdot|=3.77 > 3.14
2026-09-11 14:19:03,442 [DEBUG] src.ilqt.mpc_controller: REPLAN step=180 k_hit=5 iters=5 horizon=5 t=5ms
2026-09-11 14:19:03,442 [DEBUG] src.ilqt.mpc_controller: MPCController.step 180: replan k_hit=5 refine=locked buffer=5
2026-09-11 14:19:03,442 [INFO] src.ilqt.components.predictive_safety: [SAFETY_FILTER] beta=0.2: qdot entering overspeed, joint=2, |qdot|=4.38 > 3.93
2026-09-11 14:19:03,443 [INFO] src.ilqt.components.predictive_safety: [SAFETY_FILTER] beta=0.2: qdot entering overspeed, joint=2, |qdot|=4.41 > 3.93
2026-09-11 14:19:03,444 [INFO] src.ilqt.components.predictive_safety: [SAFETY_FILTER] beta=0.0: qdot entering overspeed, joint=2, |qdot|=5.47 > 3.93
2026-09-11 14:19:03,445 [INFO] src.ilqt.components.predictive_safety: [SAFETY_FILTER] beta=0.2: qdot entering overspeed, joint=2, |qdot|=5.10 > 3.93
2026-09-11 14:19:03,445 [INFO] src.ilqt.strategies.follow_through: 随挥触发: step=184, steps=60
2026-09-11 14:19:03,462 [INFO] src.ilqt.async_replanner: AsyncReplanner: 后台规划线程已停止
2026-09-11 14:19:03,462 [INFO] src.ilqt.episode_runner: EpisodeRunner 完成: total_steps=246 safe_steps=246 mpc_done=True
2026-09-11 14:19:03,462 [DEBUG] src.ilqt.episode_runner: EpisodeRunner metrics 详情: {'total_steps': 246, 'safe_steps': 246, 'mpc_done': True, 'X_history': [array([-1.5  ,  1.57 , -0.236,  0.404,  0.446,  2.45 ,  0.   ,  0.   ,
        0.   ,  0.   ,  0.   ,  0.   ]), array([-1.02541162e-01,  1.17223872e+00, -5.31358378e-01, -1.03490940e-01,
        1.31780496e+00,  2.44997425e+00,  5.04351369e-03, -1.59950464e-02,
        7.51596295e-03,  1.11543285e-03, -8.75501140e-02, -5.15088194e-03]), array([-1.02492649e-01,  1.17207709e+00, -5.31303557e-01, -1.03480441e-01,
        1.31701737e+00,  2.44993277e+00,  9.70259852e-03, -3.23246567e-02,
        1.09640852e-02,  2.09972478e-03, -1.57517754e-01, -8.29597507e-03]), array([-0.10242254,  1.17183308, -0.53124695, -0.10346581,  1.31594925,
        2.44988141,  0.01402217, -0.04880243,  0.01132124,  0.0029267 ,
       -0.21362342, -0.01027066]), array([-0.10233234,  1.17150666, -0.53120021, -0.10344789,  1.3146553 ,
        2.44982366,  0.01804035, -0.06528495,  0.00934874,  0.00358378,
       -0.2587914 , -0.01155003]), array([-0.10222339,  1.17109835, -0.53117201, -0.10342754,  1.31317869,
        2.44976163,  0.0217898 , -0.08166185,  0.00563968,  0.00406903,
       -0.29532164, -0.01240721]), array([-1.02096895e-01,  1.17060911e+00, -5.31168730e-01, -1.03405603e-01,
        1.31155357e+00,  2.44969662e+00,  2.52986297e-02, -9.78484061e-02,
        6.55809684e-04,  4.38816635e-03, -3.25023892e-01, -1.30014662e-02]), array([-0.10195394,  1.17004021, -0.53119495, -0.10338284,  1.30980696,
        2.44962948,  0.02859118, -0.11377975, -0.00524374,  0.00455202,
       -0.34932254, -0.01342726]), array([-0.1017955 ,  1.16939317, -0.53125385, -0.10335997,  1.30796026,
        2.44956077,  0.03168856, -0.12940651, -0.01177994,  0.00457448,
       -0.36933862, -0.01374187]), array([-0.10162245,  1.16866972, -0.53134753, -0.10333761,  1.30603049,
        2.44949087,  0.03460908, -0.14469142, -0.01873633,  0.00447109,
       -0.38595419, -0.01398087]), array([-0.10143561,  1.16787168, -0.53147726, -0.10331633,  1.30403118,
        2.44942003,  0.03736867, -0.15960666, -0.02594523,  0.00425792,
       -0.3998629 , -0.01416702]), array([-0.1012357 ,  1.16700103, -0.53164364, -0.10329657,  1.30197313,
        2.44934846,  0.0399812 , -0.17413179, -0.03327702,  0.00395093,
       -0.41160981, -0.01431526]), array([-0.10102341,  1.16605976, -0.5318468 , -0.10327874,  1.29986502,
        2.44927628,  0.04245871, -0.18825218, -0.04063176,  0.00356543,
       -0.42162289, -0.01443574]), array([-0.10079935,  1.16504998, -0.53208646, -0.10326316,  1.29771383,
        2.4492036 ,  0.04481167, -0.2019577 , -0.04793259,  0.00311584,
       -0.43023785, -0.0145355 ]), array([-0.1005641 ,  1.16397377, -0.53236207, -0.10325009,  1.29552524,
        2.4491305 ,  0.04704921, -0.21524177, -0.05512064,  0.00261542,
       -0.43771778, -0.01461957]), array([-1.00318207e-01,  1.16283326e+00, -5.32672821e-01, -1.03239706e-01,
        1.29330389e+00,  2.44905705e+00,  4.91792551e-02, -2.28100552e-01,
       -6.21510229e-02,  2.07624052e-03, -4.44268584e-01, -1.46916004e-02]), array([-1.00062163e-01,  1.16163060e+00, -5.33017770e-01, -1.03232160e-01,
        1.29105364e+00,  2.44898327e+00,  5.12087581e-02, -2.40532335e-01,
       -6.89896746e-02,  1.50911208e-03, -4.50051190e-01, -1.47542846e-02]), array([-9.97964443e-02,  1.16036792e+00, -5.33395824e-01, -1.03227542e-01,
        1.28877768e+00,  2.44890923e+00,  5.31437826e-02, -2.52537061e-01,
       -7.56109347e-02,  9.23622340e-04, -4.55191120e-01, -1.48096413e-02]), array([-9.95214960e-02,  1.15904734e+00, -5.33805802e-01, -1.03225901e-01,
        1.28647875e+00,  2.44883493e+00,  5.49896507e-02, -2.64115928e-01,
       -8.19956238e-02,  3.28197225e-04, -4.59786047e-01, -1.48591978e-02]), array([-9.92377408e-02,  1.15767098e+00, -5.34246450e-01, -1.03227250e-01,
        1.28415919e+00,  2.44876041e+00,  5.67510429e-02, -2.75271091e-01,
       -8.81295556e-02, -2.69818205e-04, -4.63911734e-01, -1.49041205e-02]), array([-9.89455804e-02,  1.15624096e+00, -5.34716462e-01, -1.03231571e-01,
        1.28182106e+00,  2.44868568e+00,  5.84320887e-02, -2.86005424e-01,
       -9.40023781e-02, -8.64065864e-04, -4.67626718e-01, -1.49453085e-02]), array([-9.86453171e-02,  1.15475931e+00, -5.35214619e-01, -1.03239187e-01,
        1.27946564e+00,  2.44861081e+00,  6.00526628e-02, -2.96328238e-01,
       -9.96314057e-02, -1.52326249e-03, -4.71084042e-01, -1.49741562e-02]), array([-9.83373050e-02,  1.15322811e+00, -5.35739571e-01, -1.03250000e-01,
        1.27709463e+00,  2.44853579e+00,  6.16024132e-02, -3.06240247e-01,
       -1.04990470e-01, -2.16262181e-03, -4.74201186e-01, -1.50047963e-02]), array([-0.09802188,  1.15164939, -0.53628995, -0.1032639 ,  1.2747096 ,
        2.44846061,  0.06308403, -0.31574531, -0.11007553, -0.00277967,
       -0.47700663, -0.01503561]), array([-0.09769939,  1.15002515, -0.53686437, -0.10328076,  1.27231199,
        2.44838528,  0.06449995, -0.32484749, -0.11488396, -0.00337222,
       -0.47952176, -0.01506584]), array([-0.09737012,  1.14835739, -0.53746144, -0.10330045,  1.26990318,
        2.4483098 ,  0.06585237, -0.33355098, -0.11941418, -0.00393836,
       -0.4817624 , -0.01509518]), array([-0.09703441,  1.14664809, -0.53807977, -0.10332283,  1.26748448,
        2.44823419,  0.06714327, -0.34186004, -0.12366537, -0.00447643,
       -0.48374006, -0.01512354]), array([-0.09669253,  1.1448992 , -0.53871795, -0.10334776,  1.26505716,
        2.44815843,  0.06837447, -0.34977895, -0.12763733, -0.00498503,
       -0.48546292, -0.01515096]), array([-0.0963448 ,  1.14311264, -0.5393746 , -0.10337507,  1.26262248,
        2.44808254,  0.06954763, -0.35731198, -0.13133028, -0.00546296,
       -0.48693659, -0.01517753]), array([-0.09599148,  1.14129032, -0.54004833, -0.10340462,  1.26018166,
        2.44800653,  0.07066424, -0.36446335, -0.13474474, -0.00590923,
       -0.4881647 , -0.01520333]), array([-0.09563285,  1.13943414, -0.54073774, -0.10343623,  1.25773591,
        2.44793039,  0.07172571, -0.37123725, -0.13788151, -0.006323  ,
       -0.48914942, -0.01522848]), array([-0.09526918,  1.13754595, -0.54144144, -0.10346975,  1.25528645,
        2.44785412,  0.07273329, -0.37763779, -0.14074152, -0.0067036 ,
       -0.48989183, -0.01525307]), array([-0.09490074,  1.1356276 , -0.54215807, -0.10350501,  1.25283449,
        2.44777773,  0.07368816, -0.38366899, -0.14332588, -0.0070505 ,
       -0.4903922 , -0.01527719]), array([-0.09452778,  1.13368093, -0.54288625, -0.10354182,  1.25038124,
        2.44770123,  0.07459142, -0.38933481, -0.14563577, -0.00736327,
       -0.49065029, -0.01530092]), array([-0.09415056,  1.13170773, -0.54362461, -0.10358003,  1.24792791,
        2.44762461,  0.07544406, -0.39463914, -0.14767251, -0.0076416 ,
       -0.49066549, -0.01532434]), array([-0.09376933,  1.1297098 , -0.5443718 , -0.10361946,  1.24547573,
        2.44754787,  0.07624702, -0.39958579, -0.14943747, -0.00788527,
       -0.49043701, -0.01534751]), array([-0.09338432,  1.12768891, -0.54512646, -0.10365993,  1.24302591,
        2.44747102,  0.07700118, -0.40417849, -0.15093212, -0.00809413,
       -0.48996403, -0.01537048]), array([-0.09299578,  1.12564681, -0.54588725, -0.10370127,  1.24057968,
        2.44739405,  0.07770736, -0.40842092, -0.152158  , -0.00826813,
       -0.48924572, -0.01539331]), array([-0.09260395,  1.12358522, -0.54665284, -0.1037433 ,  1.23813827,
        2.44731697,  0.07836633, -0.41231671, -0.15311677, -0.00840726,
       -0.48828144, -0.01541604]), array([-0.09220906,  1.12150588, -0.54742189, -0.10378586,  1.23570292,
        2.44723978,  0.07897881, -0.41586944, -0.15381017, -0.00851158,
       -0.48707072, -0.0154387 ]), array([-0.09181133,  1.11941046, -0.54819309, -0.10382877,  1.23327485,
        2.44716247,  0.0795455 , -0.41908265, -0.15424005, -0.00858123,
       -0.48561333, -0.01546132]), array([-0.09141056,  1.11730061, -0.54896543, -0.10387368,  1.2308539 ,
        2.44708526,  0.08015432, -0.42197101, -0.15446797, -0.00898302,
       -0.48418981, -0.01544263]), array([-0.09100692,  1.11517794, -0.54973764, -0.1039202 ,  1.22844152,
        2.44700803,  0.08072805, -0.42453369, -0.15444251, -0.00930403,
       -0.48247699, -0.01544537]), array([-0.09060059,  1.11304407, -0.55050846, -0.10396797,  1.22603909,
        2.44693073,  0.08126559, -0.42677322, -0.15416399, -0.00955321,
       -0.48048502, -0.0154593 ]), array([-0.09019176,  1.11090061, -0.55127663, -0.10401666,  1.22364798,
        2.44685334,  0.08176614, -0.42869233, -0.15363334, -0.00973785,
       -0.47822234, -0.01547891]), array([-0.08978062,  1.10874914, -0.55204089, -0.10406598,  1.2212695 ,
        2.44677583,  0.0822291 , -0.43029386, -0.15285203, -0.00986388,
       -0.47569617, -0.01550126]), array([-0.08936734,  1.10659124, -0.5528    , -0.10411566,  1.21890494,
        2.44669821,  0.08265406, -0.43158083, -0.15182197, -0.00993622,
       -0.47291288, -0.0155248 ]), array([-0.08895214,  1.10442846, -0.55355272, -0.10416545,  1.21655554,
        2.44662047,  0.08304077, -0.43255634, -0.15054546, -0.00995894,
       -0.46987828, -0.01554873]), array([-0.0885352 ,  1.10226234, -0.55429785, -0.10421513,  1.21422255,
        2.4465426 ,  0.0833891 , -0.43322365, -0.14902513, -0.00993544,
       -0.46659789, -0.01557266]), array([-0.0881167 ,  1.10009441, -0.55503417, -0.10426447,  1.21190717,
        2.44646462,  0.083699  , -0.43358614, -0.14726395, -0.00986859,
       -0.46307706, -0.01559639]), array([-0.08769685,  1.09792617, -0.55576049, -0.10431328,  1.20961056,
        2.44638652,  0.08397053, -0.43364731, -0.14526517, -0.00976083,
       -0.45932113, -0.01561985]), array([-0.08727583,  1.09575912, -0.55647566, -0.10436135,  1.20733389,
        2.44630831,  0.08420379, -0.4334108 , -0.14303231, -0.00961427,
       -0.45533554, -0.01564301]), array([-0.08685383,  1.09359471, -0.5571785 , -0.1044085 ,  1.20507826,
        2.44622998,  0.08439896, -0.43288037, -0.14056915, -0.00943071,
       -0.45112588, -0.01566584]), array([-0.08643105,  1.09143441, -0.5578679 , -0.10445456,  1.20284477,
        2.44615154,  0.08455626, -0.43205992, -0.13787973, -0.00921177,
       -0.44669798, -0.01568835]), array([-0.08600767,  1.08927965, -0.55854274, -0.10449936,  1.20063448,
        2.44607298,  0.08467597, -0.4309535 , -0.13496835, -0.00895889,
       -0.44205794, -0.01571052]), array([-0.08558388,  1.08713182, -0.55920194, -0.10454272,  1.19844842,
        2.44599432,  0.08475838, -0.42956531, -0.13183954, -0.00867335,
       -0.43721215, -0.01573233]), array([-0.08515986,  1.08499232, -0.55984443, -0.1045845 ,  1.19628758,
        2.44591555,  0.08480385, -0.42789969, -0.12849805, -0.00835637,
       -0.43216732, -0.01575376]), array([-0.0847358 ,  1.08286252, -0.56046917, -0.10462455,  1.19415293,
        2.44583668,  0.08481274, -0.42596115, -0.12494889, -0.00800904,
       -0.42693049, -0.01577478]), array([-0.08431187,  1.08074374, -0.56107516, -0.10466271,  1.19204538,
        2.4457577 ,  0.08478547, -0.42375435, -0.1211973 , -0.00763242,
       -0.42150901, -0.01579536]), array([-0.08388826,  1.07863732, -0.56166141, -0.10469885,  1.18996583,
        2.44567862,  0.08472246, -0.42128413, -0.11724872, -0.00722753,
       -0.4159106 , -0.01581545]), array([-0.08346514,  1.07654455, -0.56222695, -0.10473283,  1.18791511,
        2.44559945,  0.08462419, -0.4185555 , -0.11310885, -0.00679533,
       -0.41014326, -0.01583501]), array([-0.08304411,  1.07446702, -0.56276912, -0.10475871,  1.18590259,
        2.44551934,  0.08420458, -0.41550587, -0.10843356, -0.00517735,
       -0.40250425, -0.01602162]), array([-0.08262547,  1.07240617, -0.56328688, -0.10477725,  1.18392747,
        2.44543875,  0.08372809, -0.41216991, -0.10355216, -0.00370727,
       -0.39502358, -0.01611786]), array([-8.22094688e-02,  1.07036337e+00, -5.63779294e-01, -1.04789018e-01,
        1.18198925e+00,  2.44535792e+00,  8.32010158e-02, -4.08559973e-01,
       -9.84831611e-02, -2.35373094e-03, -3.87645270e-01, -1.61666413e-02]), array([-8.17963258e-02,  1.06833993e+00, -5.64245504e-01, -1.04794477e-01,
        1.18008761e+00,  2.44527696e+00,  8.26286113e-02, -4.04687488e-01,
       -9.32421555e-02, -1.09196724e-03, -3.80327958e-01, -1.61910443e-02]), array([-8.13862492e-02,  1.06633711e+00, -5.64684717e-01, -1.04793989e-01,
        1.17822240e+00,  2.44519595e+00,  8.20153043e-02, -4.00563149e-01,
       -8.78425101e-02,  9.76621285e-05, -3.73041680e-01, -1.62033066e-02]), array([-8.09794249e-02,  1.06435613e+00, -5.65096197e-01, -1.04787835e-01,
        1.17639357e+00,  2.44511490e+00,  8.13648637e-02, -3.96197095e-01,
       -8.22959616e-02,  1.23074137e-03, -3.65765362e-01, -1.62097953e-02]), array([-8.05760223e-02,  1.06239813e+00, -5.65479262e-01, -1.04776237e-01,
        1.17460115e+00,  2.44503383e+00,  8.06805294e-02, -3.91599039e-01,
       -7.66130493e-02,  2.31962990e-03, -3.58484883e-01, -1.62137117e-02]), array([-0.0801762 ,  1.06046424, -0.56583328, -0.10475937,  1.17284519,
        2.44495275,  0.07996512, -0.38677837, -0.07080345,  0.00337411,
       -0.35119155, -0.01621657]), array([-0.07978009,  1.05855552, -0.56615766, -0.10473736,  1.17112579,
        2.44487165,  0.0792211 , -0.38174426, -0.06487621,  0.00440187,
       -0.34388092, -0.016219  ]), array([-0.07938784,  1.05667299, -0.56645186, -0.10471031,  1.16944303,
        2.44479055,  0.07845068, -0.37650568, -0.05883998,  0.00540897,
       -0.33655187, -0.01622117]), array([-0.07899956,  1.05481764, -0.56671538, -0.10467831,  1.167797  ,
        2.44470943,  0.07765584, -0.37107151, -0.0527031 ,  0.00640007,
       -0.32920583, -0.01622305]), array([-0.07861537,  1.05299038, -0.56694774, -0.10464142,  1.16618777,
        2.44462831,  0.07683838, -0.36545056, -0.04647372,  0.00737877,
       -0.32184626, -0.01622451]), array([-0.07823537,  1.05119212, -0.56714854, -0.10459968,  1.16461537,
        2.44454718,  0.07599997, -0.35965158, -0.04015989,  0.00834777,
       -0.31447815, -0.01622536]), array([-0.07785966,  1.04942371, -0.56731739, -0.10455313,  1.16307984,
        2.44446605,  0.07514215, -0.35368331, -0.03376961,  0.00930908,
       -0.30710766, -0.01622544]), array([-0.07748832,  1.04768594, -0.56745395, -0.10450181,  1.16158113,
        2.44438493,  0.07426639, -0.3475545 , -0.02731084,  0.0102641 ,
       -0.29974184, -0.01622458]), array([-0.07712145,  1.04597957, -0.5675579 , -0.10444574,  1.16011919,
        2.44430382,  0.07337406, -0.3412739 , -0.02079152,  0.01121378,
       -0.29238841, -0.01622264]), array([-0.07675912,  1.04430531, -0.567629  , -0.10438495,  1.15869391,
        2.44422272,  0.0724665 , -0.33485028, -0.01421964,  0.0121587 ,
       -0.28505553, -0.01621951]), array([-0.0764014 ,  1.04266385, -0.56766702, -0.10431946,  1.15730515,
        2.44414165,  0.07154498, -0.32829244, -0.00760315,  0.01309912,
       -0.27775169, -0.01621507]), array([-7.60483427e-02,  1.04105581e+00, -5.67671768e-01, -1.04249280e-01,
        1.15595272e+00,  2.44406060e+00,  7.06107466e-02, -3.21609201e-01,
       -9.50045368e-04,  1.40350805e-02, -2.70485562e-01, -1.62092452e-02]), array([-0.07570002,  1.03948176, -0.56764311, -0.10417445,  1.15463639,
        2.44397959,  0.06966501, -0.31480941,  0.0057317 ,  0.0149664 ,
       -0.26326591, -0.01620196]), array([-0.07535632,  1.03794211, -0.56758155, -0.10409564,  1.15335298,
        2.44389879,  0.06874022, -0.30792907,  0.01231163,  0.01576183,
       -0.25668265, -0.01616054]), array([-0.07501728,  1.0364373 , -0.56748707, -0.10401277,  1.15210272,
        2.44381811,  0.06780778, -0.30096266,  0.01889672,  0.01657464,
       -0.25005105, -0.01613522]), array([-0.07468294,  1.03496772, -0.56735965, -0.10392577,  1.15088571,
        2.44373752,  0.06686825, -0.2939166 ,  0.02548329,  0.01739968,
       -0.24340298, -0.0161175 ]), array([-0.07435332,  1.03353373, -0.56719932, -0.1038346 ,  1.14970188,
        2.44365701,  0.06592232, -0.28679769,  0.03206654,  0.01823277,
       -0.236765  , -0.0161028 ]), array([-0.07402847,  1.03213566, -0.56700611, -0.10373925,  1.14855109,
        2.44357657,  0.06497073, -0.2796131 ,  0.03864094,  0.01907046,
       -0.23015951, -0.0160887 ]), array([-0.0737084 ,  1.03077381, -0.56678011, -0.1036397 ,  1.14743306,
        2.4434962 ,  0.06401428, -0.27237023,  0.04520035,  0.01990985,
       -0.22360555, -0.01607394]), array([-0.07339313,  1.02944843, -0.56652142, -0.10353596,  1.14634746,
        2.44341591,  0.06305381, -0.26507669,  0.05173829,  0.02074848,
       -0.21711947, -0.01605789]), array([-0.07308268,  1.02815973, -0.56623018, -0.10342804,  1.14529388,
        2.4433357 ,  0.0620902 , -0.25774023,  0.05824798,  0.02158424,
       -0.21071543, -0.01604026]), array([-0.07277706,  1.02690788, -0.56590657, -0.10331596,  1.14427185,
        2.4432556 ,  0.06112432, -0.25036871,  0.06472252,  0.0224153 ,
       -0.2044058 , -0.01602092]), array([-0.07247627,  1.02569303, -0.56555079, -0.10319976,  1.14328085,
        2.4431756 ,  0.06015707, -0.24297004,  0.07115496,  0.02324004,
       -0.19820145, -0.01599986]), array([-0.07218033,  1.02451527, -0.5651631 , -0.10307948,  1.14232029,
        2.44309572,  0.05918937, -0.23555217,  0.07753835,  0.02405703,
       -0.19211202, -0.0159771 ]), array([-0.07188922,  1.02337466, -0.56474377, -0.10295515,  1.14138956,
        2.44301595,  0.05822211, -0.22812306,  0.08386579,  0.02486501,
       -0.18614605, -0.01595269]), array([-0.07160293,  1.0222712 , -0.56429312, -0.10282684,  1.140488  ,
        2.44293632,  0.0572562 , -0.22069063,  0.0901305 ,  0.02566282,
       -0.18031117, -0.0159267 ]), array([-0.07132147,  1.02120489, -0.56381149, -0.10269459,  1.13961493,
        2.44285682,  0.05629251, -0.21326275,  0.09632584,  0.02644942,
       -0.17461419, -0.01589919]), array([-0.07104481,  1.02017565, -0.56329926, -0.10255847,  1.13876962,
        2.44277747,  0.05533192, -0.20584724,  0.10244533,  0.02722387,
       -0.16906119, -0.01587023]), array([-0.07077294,  1.0191834 , -0.56275685, -0.10241854,  1.13795134,
        2.44269827,  0.05437529, -0.1984518 ,  0.10848271,  0.0279853 ,
       -0.16365758, -0.0158399 ]), array([-0.07050582,  1.01822798, -0.56218469, -0.10227488,  1.1371593 ,
        2.44261923,  0.05342346, -0.19108405,  0.1144319 ,  0.02873293,
       -0.15840817, -0.01580825]), array([-0.07024343,  1.01730922, -0.56158326, -0.10212755,  1.13639271,
        2.44254035,  0.05247726, -0.18375147,  0.12028707,  0.02946602,
       -0.1533172 , -0.01577537]), array([-0.06998574,  1.01642691, -0.56095304, -0.10197663,  1.13565077,
        2.44246165,  0.05153748, -0.1764614 ,  0.12604262,  0.0301839 ,
       -0.14838839, -0.01574132]), array([-0.06973272,  1.01558081, -0.56029458, -0.1018222 ,  1.13493264,
        2.44238312,  0.05060488, -0.16922103,  0.1316932 ,  0.03088598,
       -0.14362495, -0.01570619]), array([-0.06948432,  1.01477062, -0.55960841, -0.10166434,  1.13423749,
        2.44230477,  0.04968023, -0.16203739,  0.13723374,  0.03157167,
       -0.13902962, -0.01567003]), array([-0.0692405 ,  1.01399603, -0.55889511, -0.10150314,  1.13356447,
        2.4422266 ,  0.04876424, -0.15491732,  0.14265941,  0.03224048,
       -0.13460468, -0.01563294]), array([-0.06900121,  1.0132567 , -0.55815528, -0.10133868,  1.13291271,
        2.44214863,  0.0478576 , -0.14786747,  0.14796567,  0.03289194,
       -0.130352  , -0.01559497]), array([-0.06876641,  1.01255222, -0.55738954, -0.10117105,  1.13228135,
        2.44207085,  0.04696097, -0.14089428,  0.15314826,  0.03352563,
       -0.12627299, -0.01555621]), array([-0.06853603,  1.0118822 , -0.55659853, -0.10100035,  1.1316695 ,
        2.44199326,  0.04607499, -0.134004  ,  0.1582032 ,  0.03414117,
       -0.12236869, -0.01551673]), array([-0.06831003,  1.01124619, -0.55578289, -0.10082665,  1.1310763 ,
        2.44191588,  0.04520026, -0.12720265,  0.16312677,  0.03473822,
       -0.11863974, -0.01547662]), array([-0.06808834,  1.01064371, -0.55494331, -0.10065007,  1.13050087,
        2.4418387 ,  0.04433735, -0.12049601,  0.16791557,  0.03531649,
       -0.11508642, -0.01543593]), array([-0.06787091,  1.01007426, -0.55408048, -0.10047069,  1.12994233,
        2.44176173,  0.0434868 , -0.11388963,  0.17256647,  0.03587572,
       -0.11170865, -0.01539476]), array([-0.06765766,  1.00953732, -0.5531951 , -0.10028862,  1.1293998 ,
        2.44168496,  0.04264912, -0.10738884,  0.17707662,  0.0364157 ,
       -0.108506  , -0.01535317]), array([-0.06744854,  1.00903232, -0.55228788, -0.10010393,  1.12887241,
        2.4416084 ,  0.04182478, -0.10099869,  0.18144347,  0.03693624,
       -0.10547772, -0.01531124]), array([-0.06724347,  1.0085587 , -0.55135956, -0.09991675,  1.1283593 ,
        2.44153206,  0.04101423, -0.094724  ,  0.18566474,  0.0374372 ,
       -0.10262274, -0.01526905]), array([-0.06704238,  1.00811586, -0.55041086, -0.09972716,  1.1278596 ,
        2.44145592,  0.04021787, -0.08856932,  0.18973842,  0.03791847,
       -0.09993971, -0.01522666]), array([-0.0668452 ,  1.00770316, -0.54944255, -0.09953526,  1.12737246,
        2.44138   ,  0.03943609, -0.08253894,  0.19366281,  0.03837998,
       -0.09742697, -0.01518415]), array([-0.06665185,  1.00731998, -0.54845537, -0.09934115,  1.12689705,
        2.4413043 ,  0.03866923, -0.0766369 ,  0.19743646,  0.03882169,
       -0.09508262, -0.01514159]), array([-0.06646226,  1.00696564, -0.54745008, -0.09914493,  1.12643253,
        2.4412288 ,  0.03791761, -0.07086697,  0.20105819,  0.03924358,
       -0.09290448, -0.01509905]), array([-0.06627636,  1.00663948, -0.54642744, -0.0989467 ,  1.12597808,
        2.44115352,  0.03718151, -0.06523265,  0.20452709,  0.03964569,
       -0.09089016, -0.0150566 ]), array([-0.06609405,  1.00634079, -0.54538823, -0.09874656,  1.12553289,
        2.44107845,  0.03646119, -0.05973716,  0.20784251,  0.04002807,
       -0.08903702, -0.0150143 ]), array([-0.06591527,  1.00606888, -0.54433321, -0.09854461,  1.12509618,
        2.44100359,  0.03575685, -0.05438347,  0.21100406,  0.0403908 ,
       -0.08734224, -0.01497221]), array([-0.06573992,  1.00582301, -0.54326315, -0.09834094,  1.12466717,
        2.44092893,  0.03506871, -0.0491743 ,  0.21401159,  0.04073399,
       -0.08580279, -0.0149304 ]), array([-0.06556794,  1.00560245, -0.54217883, -0.09813565,  1.12424509,
        2.44085449,  0.03439692, -0.04411206,  0.21686519,  0.04105779,
       -0.08441545, -0.01488893]), array([-0.06539923,  1.00540645, -0.541081  , -0.09792884,  1.1238292 ,
        2.44078025,  0.03374162, -0.03919893,  0.21956518,  0.04136236,
       -0.08317687, -0.01484784]), array([-0.06523371,  1.00523427, -0.53997044, -0.0977206 ,  1.12341879,
        2.44070621,  0.0331029 , -0.03443683,  0.22211212,  0.04164789,
       -0.08208353, -0.01480721]), array([-0.06507131,  1.00508513, -0.5388479 , -0.09751102,  1.12301313,
        2.44063238,  0.03248086, -0.0298274 ,  0.22450678,  0.04191461,
       -0.08113178, -0.01476706]), array([-0.06491193,  1.00495827, -0.53771415, -0.09730021,  1.12261154,
        2.44055874,  0.03187554, -0.02537204,  0.22675015,  0.04216274,
       -0.08031785, -0.01472747]), array([-0.0647555 ,  1.00485291, -0.53656994, -0.09708825,  1.12221335,
        2.4404853 ,  0.03128697, -0.02107189,  0.22884341,  0.04239254,
       -0.07963786, -0.01468847]), array([-0.06460192,  1.00476827, -0.535416  , -0.09687523,  1.12181791,
        2.44041205,  0.03071516, -0.01692786,  0.23078795,  0.04260431,
       -0.07908785, -0.0146501 ]), array([-0.06445112,  1.00470357, -0.53425307, -0.09666123,  1.12142459,
        2.44033899,  0.03016007, -0.01294061,  0.23258532,  0.04279833,
       -0.07866377, -0.01461242]), array([-0.06430301,  1.00465802, -0.53308188, -0.09644636,  1.12103278,
        2.44026611,  0.02962168, -0.00911056,  0.23423728,  0.04297493,
       -0.0783615 , -0.01457544]), array([-0.06415751,  1.00463083, -0.53190316, -0.09623069,  1.1206419 ,
        2.44019341,  0.0290999 , -0.00543789,  0.23574574,  0.04313444,
       -0.07817687, -0.01453922]), array([-6.40145407e-02,  1.00462121e+00, -5.30717592e-01, -9.60143007e-02,
        1.12025137e+00,  2.44012089e+00,  2.85946504e-02, -1.92257637e-03,
        2.37112768e-01,  4.32772108e-02, -7.81056678e-02, -1.45037825e-02]), array([-6.38740116e-02,  1.00462839e+00, -5.29525889e-01, -9.57972827e-02,
        1.11986065e+00,  2.44004855e+00,  2.81058250e-02,  1.43563458e-03,
        2.38340587e-01,  4.34036021e-02, -7.81436524e-02, -1.44691577e-02]), array([-0.06373585,  1.00465158, -0.52832873, -0.09557971,  1.11946922,
        2.43997637,  0.02763329,  0.00463721,  0.23943156,  0.04351399,
       -0.07828655, -0.01443537]), array([-0.06359996,  1.00468999, -0.52712679, -0.09536167,  1.11907657,
        2.43990436,  0.02717691,  0.00768281,  0.24038818,  0.04360877,
       -0.0785301 , -0.01440246]), array([-0.06346628,  1.00474286, -0.52592072, -0.09514323,  1.11868222,
        2.43983251,  0.02673651,  0.01057332,  0.24121308,  0.04368834,
       -0.07887   , -0.01437042]), array([-0.06333472,  1.00480941, -0.52471118, -0.09492446,  1.11828571,
        2.43976081,  0.02631192,  0.01330979,  0.24190897,  0.04375311,
       -0.079302  , -0.0143393 ]), array([-0.0632052 ,  1.00488887, -0.52349879, -0.09470544,  1.1178866 ,
        2.43968926,  0.02590293,  0.01589346,  0.2424787 ,  0.04380349,
       -0.07982183, -0.0143091 ]), array([-0.06307766,  1.0049805 , -0.52228416, -0.09448624,  1.11748447,
        2.43961787,  0.02550934,  0.01832576,  0.24292521,  0.04383991,
       -0.08042528, -0.01427984]), array([-0.062952  ,  1.00508354, -0.5210679 , -0.09426693,  1.11707893,
        2.43954661,  0.02513092,  0.02060826,  0.2432515 ,  0.04386281,
       -0.08110814, -0.01425153]), array([-0.06282817,  1.00519726, -0.5198506 , -0.09404757,  1.1166696 ,
        2.43947549,  0.02476744,  0.02274272,  0.2434607 ,  0.04387261,
       -0.08186626, -0.01422418]), array([-0.06270607,  1.00532091, -0.51863282, -0.09382822,  1.11625612,
        2.4394045 ,  0.02441865,  0.02473104,  0.24355596,  0.04386976,
       -0.08269553, -0.0141978 ]), array([-0.06067276,  1.00781599, -0.51741227, -0.08886899,  1.11632885,
        2.42867942,  0.40666238,  0.49901619,  0.24411074,  0.99184628,
        0.01454602, -2.14501647]), array([-0.05878292,  1.00687643, -0.51516061, -0.08712221,  1.12002075,
        2.42894117,  0.37796768, -0.18791217,  0.45033179,  0.34935475,
        0.73837814,  0.05235117]), array([-0.05731836,  1.00189436, -0.50936868, -0.08828488,  1.12668983,
        2.41930548,  0.29291192, -0.99641485,  1.15838559, -0.23253424,
        1.33381737, -1.92713732]), array([-0.05529212,  0.99978636, -0.50450174, -0.08643844,  1.13269768,
        2.41983249,  0.40524827, -0.4216001 ,  0.97338773,  0.36928904,
        1.20157032,  0.10540015]), array([-0.05371778,  0.99457636, -0.49809736, -0.08753723,  1.1396581 ,
        2.41049381,  0.31486792, -1.04199948,  1.28087611, -0.21975771,
        1.39208304, -1.86773445]), array([-0.05157157,  0.99255274, -0.49337383, -0.08562226,  1.14549673,
        2.41132369,  0.42924277, -0.40472442,  0.94470649,  0.38299412,
        1.16772693,  0.16597607]), array([-0.04881504,  0.99436596, -0.4917924 , -0.08024247,  1.14885662,
        2.40154616,  0.55130481,  0.36264441,  0.31628573,  1.0759577 ,
        0.67197723, -1.95550611]), array([-0.04665793,  0.99333006, -0.48949374, -0.07855249,  1.15229005,
        2.40276163,  0.43142253, -0.20717973,  0.4597323 ,  0.33799571,
        0.68668536,  0.24309415]), array([-0.04394006,  0.98833196, -0.48418024, -0.0734354 ,  1.15836727,
        2.41395173,  0.54357484, -0.99962124,  1.06269909,  1.02341852,
        1.2154437 ,  2.23801871]), array([-0.04161749,  0.98581961, -0.47985451, -0.07156624,  1.16373991,
        2.43291469,  0.46451358, -0.50246857,  0.86514549,  0.37383071,
        1.07452889,  3.79259314]), array([-0.03934592,  0.98340757, -0.47563672, -0.06978903,  1.16854357,
        2.45108691,  0.45431442, -0.48240947,  0.84355884,  0.35544244,
        0.96073129,  3.63444279]), array([-0.03631363,  0.9850636 , -0.4752174 , -0.06437776,  1.17077124,
        2.45796598,  0.60645664,  0.33120632,  0.08386366,  1.0822552 ,
        0.44553458,  1.37581508]), array([-0.03261684,  0.99063869, -0.47834051, -0.0560128 ,  1.17002251,
        2.47443931,  0.73935841,  1.11501769, -0.62462124,  1.67299214,
       -0.14974651,  3.29466486]), array([-0.02825261,  0.9998285 , -0.48436607, -0.04424188,  1.1670072 ,
        2.47969693,  0.87284623,  1.83796372, -1.20511182,  2.35418368,
       -0.60306046,  1.05152449]), array([-0.0245189 ,  1.00545281, -0.48823192, -0.0358823 ,  1.16538527,
        2.47488839,  0.74674271,  1.12486167, -0.77317018,  1.67191637,
       -0.32438656, -0.96170745]), array([-0.02032137,  1.00657164, -0.48770106, -0.02395964,  1.16688432,
        2.45988278,  0.83950449,  0.22376552,  0.10617131,  2.38453194,
        0.29980961, -3.00112206]), array([-0.01684918,  1.01050231, -0.48784562, -0.01638286,  1.16739232,
        2.45579599,  0.69443921,  0.78613383, -0.02891081,  1.51535492,
        0.10159953, -0.81735771]), array([-0.01292543,  1.01800036, -0.49071162, -0.00552895,  1.16582247,
        2.44131769,  0.78475012,  1.49961069, -0.57320029,  2.17078228,
       -0.31396939, -2.89566075]), array([-0.00863448,  1.02177112, -0.49119357,  0.0081601 ,  1.16575403,
        2.43750278,  0.85819016,  0.75415098, -0.09639086,  2.73780976,
       -0.0136874 , -0.76298239]), array([-0.00386506,  1.02104341, -0.48720564,  0.02519334,  1.16901912,
        2.42345179,  0.95388379, -0.14554094,  0.7975871 ,  3.40664735,
        0.65301806, -2.81019689]), array([ 2.37371538e-03,  1.02115016e+00, -4.82557391e-01,  4.43338508e-02,
        1.17194785e+00,  2.40571617e+00,  1.24775461e+00,  2.13502990e-02,
        9.29648903e-01,  3.82810291e+00,  5.85744901e-01, -3.54712473e+00]), array([ 0.00835362,  1.02129792, -0.47796577,  0.06263701,  1.17443654,
        2.38871735,  1.19598172,  0.02955083,  0.91832465,  3.66063115,
        0.49773849, -3.39976408]), array([ 0.01469937,  1.02043017, -0.47213367,  0.08018473,  1.17750718,
        2.37042262,  1.26914848, -0.17355073,  1.16642057,  3.50954469,
        0.61412872, -3.65894672]), array([ 0.02230651,  1.021984  , -0.46632484,  0.09530365,  1.18101017,
        2.36308761,  1.52142905,  0.31076747,  1.16176495,  3.02378368,
        0.70059637, -1.46700073]), array([ 0.03143644,  1.02746142, -0.4639918 ,  0.11415353,  1.1818082 ,
        2.36591566,  1.82598577,  1.09548291,  0.46660815,  3.76997666,
        0.15960601,  0.56560887]), array([ 0.04051407,  1.03211092, -0.46097821,  0.1330556 ,  1.18250776,
        2.36656177,  1.81552495,  0.92990156,  0.6027179 ,  3.78041394,
        0.1399125 ,  0.1292228 ]), array([ 0.04977367,  1.03478324, -0.4557883 ,  0.15265866,  1.18438102,
        2.37117195,  1.85192122,  0.53446244,  1.03798116,  3.92061078,
        0.37465292,  0.92203574]), array([ 0.05911711,  1.03254325, -0.44520517,  0.1685237 ,  1.1900769 ,
        2.38603543,  1.86868775, -0.44799807,  2.11662772,  3.17300911,
        1.13917614,  2.97269633]), array([ 0.06858528,  1.03333917, -0.43526237,  0.18163972,  1.19355699,
        2.39013352,  1.89363349,  0.1591847 ,  1.98855994,  2.62320474,
        0.69601709,  0.81961778]), array([ 0.07923423,  1.03098784, -0.42348491,  0.19839432,  1.19740787,
        2.38375754,  2.12978977, -0.47026587,  2.35549075,  3.35091831,
        0.77017609, -1.27519572]), array([ 0.08986348,  1.02414904, -0.40699338,  0.21173871,  1.20457345,
        2.3676736 ,  2.1258507 , -1.36776037,  3.29830563,  2.6688791 ,
        1.43311657, -3.21678856]), array([ 0.10107353,  1.01484633, -0.38793481,  0.22665996,  1.21347793,
        2.35821625,  2.24201064, -1.86054204,  3.81171461,  2.98424897,
        1.78089637, -1.89146878]), array([ 0.1124682 ,  1.00916257, -0.37096064,  0.23891531,  1.22005749,
        2.33900114,  2.2789342 , -1.13675148,  3.39483472,  2.45107138,
        1.31591045, -3.8430222 ]), array([ 0.12350001,  1.00379956, -0.35460516,  0.25039908,  1.22603626,
        2.32056587,  2.20636212, -1.072602  ,  3.27109546,  2.29675428,
        1.19575433, -3.68705355]), array([ 0.1358691 ,  0.99511795, -0.33607052,  0.26505745,  1.23329957,
        2.31294061,  2.47381788, -1.73632254,  3.70692705,  2.93167285,
        1.45266161, -1.52505379]), array([ 0.14983019,  0.98976001, -0.31870151,  0.28388471,  1.23909977,
        2.31536007,  2.79221766, -1.07158727,  3.4738038 ,  3.76545197,
        1.16004066,  0.48389361]), array([ 0.16411571,  0.98227501, -0.29962448,  0.30032877,  1.24525088,
        2.32394973,  2.85710382, -1.49700057,  3.81540554,  3.28881133,
        1.23022174,  1.7179304 ]), array([ 0.1791463 ,  0.97639887, -0.2800904 ,  0.31574205,  1.25070196,
        2.32596827,  3.00611775, -1.17522744,  3.90681534,  3.0826565 ,
        1.09021716,  0.40370826]), array([ 0.19428714,  0.97158893, -0.26157719,  0.33140698,  1.25507197,
        2.32985441,  3.02816875, -0.96198756,  3.70264153,  3.13298557,
        0.8740008 ,  0.77722879]), array([ 0.20977614,  0.96607432, -0.24219975,  0.34747109,  1.25963838,
        2.3314401 ,  3.09779927, -1.10292343,  3.87548779,  3.21282336,
        0.91328172,  0.31713721]), array([ 0.22391562,  0.96140948, -0.22291351,  0.36145585,  1.2619144 ,
        2.33092349,  2.82789611, -0.93296799,  3.85724993,  2.79695223,
        0.45520483, -0.1033218 ]), array([ 0.23695559,  0.95758941, -0.20367442,  0.37485156,  1.26197388,
        2.32829896,  2.60799461, -0.7640134 ,  3.8478178 ,  2.67914215,
        0.01189502, -0.52490648]), array([ 0.24949593,  0.95404341, -0.18517777,  0.38771797,  1.26183395,
        2.3259485 ,  2.50806791, -0.70919983,  3.6993293 ,  2.57328146,
       -0.02798498, -0.47009074]), array([ 0.26086023,  0.94970896, -0.16576661,  0.40075375,  1.26285805,
        2.32193714,  2.27286018, -0.86689122,  3.88223265,  2.60715525,
        0.20481956, -0.80227252]), array([ 0.27147084,  0.94550003, -0.14765116,  0.41492922,  1.26178211,
        2.31807145,  2.12212164, -0.84178584,  3.62308831,  2.83509467,
       -0.21518731, -0.77313855]), array([ 0.28151842,  0.94143922, -0.13072206,  0.42933101,  1.25864575,
        2.31438443,  2.00951482, -0.8121621 ,  3.38582084,  2.88035829,
       -0.62727296, -0.73740436]), array([ 0.29106122,  0.93753945, -0.11481029,  0.44368039,  1.25411435,
        2.31086373,  1.90856117, -0.77995263,  3.1823551 ,  2.86987558,
       -0.90627988, -0.70413972]), array([ 0.30014925,  0.93381018, -0.09978196,  0.45775588,  1.24867201,
        2.30750062,  1.81760499, -0.74585481,  3.00566567,  2.81509802,
       -1.08846839, -0.67262076]), array([ 0.30882578,  0.93025739, -0.08553078,  0.4713842 ,  1.24266806,
        2.30428886,  1.73530689, -0.71055784,  2.85023574,  2.72566299,
       -1.20078927, -0.64235168]), array([ 0.31712855,  0.92688404, -0.07197193,  0.48443235,  1.23635187,
        2.30122379,  1.66055435, -0.67466992,  2.7117689 ,  2.60963135,
       -1.2632372 , -0.61301443]), array([ 0.32509057,  0.92369057, -0.05903725,  0.49680088,  1.22989885,
        2.29830167,  1.59240401, -0.63869395,  2.58693602,  2.47370575,
       -1.29060493, -0.5844242 ]), array([ 0.33274079,  0.92067543, -0.04667143,  0.50841802,  1.22342988,
        2.29551921,  1.53004372, -0.60302739,  2.47316425,  2.32342742,
       -1.29379355, -0.55649209]), array([ 0.34010463,  0.91783557, -0.0348291 ,  0.51923477,  1.21702592,
        2.29287323,  1.47276657, -0.56797293,  2.36846676,  2.16335051,
       -1.28079332, -0.52919518]), array([ 0.34720439,  0.9151668 , -0.02347256,  0.52922074,  1.21073882,
        2.29036047,  1.41995275, -0.53375291,  2.27130812,  1.99719455,
       -1.2574192 , -0.50255314]), array([ 0.35405967,  0.91266418, -0.01257006,  0.53836063,  1.2045995 ,
        2.28797742,  1.37105619, -0.50052384,  2.18049933,  1.82797645,
       -1.22786328, -0.47661067]), array([ 3.60687642e-01,  9.10322236e-01, -2.09447800e-03,  5.46651246e-01,
        1.19862395e+00,  2.28572029e+00,  1.32559448e+00, -4.68389658e-01,
        2.09511666e+00,  1.65812398e+00, -1.19511005e+00, -4.51424684e-01]), array([ 0.36710335,  0.90813517,  0.00797772,  0.55409911,  1.19281771,
        2.28358502,  1.28314085, -0.43741307,  2.01443929,  1.4895727 ,
       -1.16124865, -0.42705522]), array([ 0.37331993,  0.90609705,  0.01766723,  0.56071835,  1.18717917,
        2.28156722,  1.24331762, -0.40762493,  1.93790153,  1.32384847,
       -1.12770756, -0.40355941]), array([ 0.37934889,  0.90420189,  0.02699251,  0.56652904,  1.18170202,
        2.27966228,  1.20579063, -0.37903184,  1.86505635,  1.16213735,
       -1.0954309 , -0.38098759]), array([ 0.38520021,  0.90244378,  0.03597025,  0.57155576,  1.17637696,
        2.27786538,  1.17026446, -0.35162227,  1.79554744,  1.00534463,
       -1.06501053, -0.35938114]), array([ 0.3908826 ,  0.90081692,  0.04461569,  0.57582648,  1.17119304,
        2.27617152,  1.13647825, -0.32537143,  1.72908799,  0.85414458,
       -1.0367848 , -0.33877145]), array([ 0.39640361,  0.89931569,  0.05294291,  0.5793716 ,  1.16613848,
        2.27457562,  1.10420194, -0.30024505,  1.66544438,  0.70902221,
       -1.01091215, -0.31917978]), array([ 0.40176978,  0.89793468,  0.06096503,  0.58222314,  1.16120135,
        2.27307253,  1.073233  , -0.27620242,  1.60442377,  0.57030823,
       -0.98742568, -0.30061762]), array([ 0.40698674,  0.89666869,  0.06869435,  0.58441418,  1.15636998,
        2.27165709,  1.04339349, -0.25319875,  1.54586458,  0.43820829,
       -0.96627333, -0.28308741]), array([ 0.41205938,  0.89551275,  0.07614249,  0.58597831,  1.15163325,
        2.27032418,  1.0145274 , -0.23118699,  1.48962923,  0.31282728,
       -0.94734736, -0.26658344]), array([ 0.41699187,  0.89446216,  0.08332049,  0.58694926,  1.14698072,
        2.26906871,  0.98649829, -0.21011924,  1.43559855,  0.1941895 ,
       -0.93050568, -0.25109292]), array([ 0.42178781,  0.89351242,  0.09023883,  0.58736054,  1.14240278,
        2.26788573,  0.95918724, -0.18994785,  1.38366754,  0.08225542,
       -0.91558706, -0.23659694]), array([ 0.42645026,  0.89265929,  0.09690754,  0.58724522,  1.13789067,
        2.26677037,  0.9324909 , -0.17062628,  1.33374206, -0.02306458,
       -0.90242198, -0.22307149]), array([ 0.43098186,  0.89189874,  0.10333622,  0.58663572,  1.13343647,
        2.26571793,  0.90631988, -0.15210969,  1.28573642, -0.12189887,
       -0.89083997, -0.21048841]), array([ 0.43538485,  0.89122696,  0.10953407,  0.5855637 ,  1.1290331 ,
        2.26472385,  0.88059718, -0.13435538,  1.2395714 , -0.21440527,
       -0.8806746 , -0.19881624]), array([ 0.43966113,  0.89064034,  0.11550994,  0.58405988,  1.12467427,
        2.26378374,  0.85525687, -0.11732319,  1.19517284, -0.30076352,
       -0.87176664, -0.18802097]), array([ 0.44381235,  0.89013547,  0.12127229,  0.58215403,  1.12035444,
        2.26289341,  0.83024291, -0.10097564,  1.15247057, -0.38116908,
       -0.86396588, -0.17806673]), array([ 0.44783989,  0.88970908,  0.12682928,  0.57987489,  1.11606878,
        2.26204883,  0.80550801, -0.08527811,  1.11139755, -0.45582824,
       -0.85713215, -0.16891642]), array([ 0.45174495,  0.88935808,  0.13218873,  0.57725012,  1.1118131 ,
        2.26124617,  0.78101269, -0.07019892,  1.07188928, -0.52495404,
       -0.85113554, -0.16053215]), array([ 0.45552857,  0.88907953,  0.13735814,  0.57430631,  1.10758382,
        2.26048179,  0.75672439, -0.0557093 ,  1.03388337, -0.58876317,
       -0.84585633, -0.15287574]), array([ 0.45919166,  0.88887062,  0.14234474,  0.57106894,  1.1033779 ,
        2.25975224,  0.73261665, -0.04178339,  0.9973192 , -0.64747335,
       -0.8411845 , -0.14590908]), array([ 0.462735  ,  0.88872863,  0.14715543,  0.56756243,  1.0991928 ,
        2.25905427,  0.70866842, -0.02839819,  0.96213766, -0.70130142,
       -0.83701919, -0.13959441]), array([ 0.46615931,  0.88865096,  0.15179683,  0.56381012,  1.09502646,
        2.2583848 ,  0.68486342, -0.01553345,  0.92828104, -0.7504617 ,
       -0.83326798, -0.13389458]), array([ 0.46946526,  0.8886351 ,  0.1562753 ,  0.5598343 ,  1.09087723,
        2.25774093,  0.66118947, -0.00317156,  0.89569292, -0.79516486,
       -0.82984612, -0.12877329]), array([ 0.47265345,  0.88867861,  0.16059689,  0.55565621,  1.08674385,
        2.25711995,  0.63763803,  0.00870256,  0.86431809, -0.83561697,
       -0.82667589, -0.12419521]), array([ 0.47572447,  0.88877912,  0.1647674 ,  0.55129612,  1.08262542,
        2.25651932,  0.61420368,  0.0201016 ,  0.8341025 , -0.87201883,
       -0.82368578, -0.12012616]), array([ 0.47867889,  0.8889343 ,  0.16879237,  0.54677329,  1.07852137,
        2.25593666,  0.59088366,  0.03103603,  0.80499333, -0.90456546,
       -0.82080991, -0.11653316]), array([ 0.48151728,  0.88914187,  0.17267706,  0.54210606,  1.07443143,
        2.25536973,  0.56767747,  0.04151422,  0.77693888, -0.93344577,
       -0.81798735, -0.11338452]), array([ 0.48424021,  0.88939959,  0.1764265 ,  0.53731185,  1.07035563,
        2.25481649,  0.5445865 ,  0.05154262,  0.74988869, -0.95884231,
       -0.81516162, -0.11064991]), array([ 0.48684828,  0.88970522,  0.18004547,  0.5324072 ,  1.06629423,
        2.25427498,  0.52161372,  0.0611259 ,  0.72379352, -0.98093113,
       -0.81228015, -0.10830037]), array([ 0.48934209,  0.89005655,  0.1835385 ,  0.52740779,  1.06224776,
        2.25374344,  0.49876331,  0.07026711,  0.69860535, -0.99988169,
       -0.80929388, -0.10630834]), array([ 0.4917223 ,  0.89045139,  0.18690989,  0.5223285 ,  1.05821697,
        2.2532202 ,  0.47604047,  0.07896787,  0.67427746, -1.01585689,
       -0.80615685, -0.10464763]), array([ 0.49398955,  0.89088753,  0.19016371,  0.51718344,  1.05420284,
        2.25270374,  0.45345111,  0.08722846,  0.65076441, -1.02901307,
       -0.80282586, -0.10329346]), array([ 0.49614456,  0.89136277,  0.19330382,  0.51198594,  1.05020654,
        2.25219262,  0.43100163,  0.09504802,  0.6280221 , -1.03950006,
       -0.79926025, -0.1022224 ]), array([ 0.49818805,  0.8918749 ,  0.19633386,  0.50674863,  1.04622943,
        2.25168556,  0.40869878,  0.1024247 ,  0.60600777, -1.04746128,
       -0.79542161, -0.10141236]), array([ 0.5001208 ,  0.89242168,  0.19925726,  0.50148346,  1.04227307,
        2.25118135,  0.38654939,  0.10935575,  0.58468004, -1.05303387,
       -0.7912736 , -0.10084257]), array([ 0.5019436 ,  0.89300086,  0.20207725,  0.49620172,  1.03833916,
        2.25067888,  0.36456031,  0.11583773,  0.56399889, -1.05634876,
       -0.78678182, -0.10049351]), array([ 0.50365729,  0.8936102 ,  0.20479688,  0.49091406,  1.03442959,
        2.25017715,  0.3427382 ,  0.12186655,  0.5439257 , -1.05753084,
       -0.78191364, -0.1003469 ]), array([ 0.50526274,  0.89424739,  0.207419  ,  0.48563057,  1.0305464 ,
        2.24967522,  0.32108947,  0.1274377 ,  0.52442327, -1.0566991 ,
       -0.77663814, -0.10038565]), array([ 0.50676084,  0.89491012,  0.20994628,  0.48036073,  1.02669177,
        2.24917225,  0.29962013,  0.13254628,  0.50545579, -1.05396677,
       -0.77092602, -0.1005938 ]), array([ 0.50815252,  0.89559605,  0.21238122,  0.47511353,  1.02286802,
        2.24866747,  0.27833575,  0.13718714,  0.48698884, -1.04944145,
       -0.76474955, -0.10095646]), array([ 0.50943873,  0.89630283,  0.21472617,  0.4698974 ,  1.01907761,
        2.24816017,  0.25724134,  0.14135501,  0.46898943, -1.0432253 ,
       -0.75808254, -0.10145981]), array([ 0.51062043,  0.89702805,  0.2169833 ,  0.46472032,  1.01532311,
        2.24764971,  0.23634134,  0.14504456,  0.45142593, -1.03541518,
       -0.7509003 , -0.10209101]), array([ 0.51169863,  0.8977693 ,  0.21915464,  0.45958981,  1.01160721,
        2.24713552,  0.21563956,  0.14825053,  0.43426811, -1.02610283,
       -0.74317967, -0.10283814]), array([ 0.51267433,  0.89852414,  0.22124207,  0.45451294,  1.00793271,
        2.24661707,  0.19513913,  0.15096778,  0.41748708, -1.01537498,
       -0.73489896, -0.10369021]), array([ 0.51354854,  0.8992901 ,  0.22324735,  0.44949637,  1.00430252,
        2.24609389,  0.17484249,  0.1531914 ,  0.40105532, -1.00331359,
       -0.72603803, -0.10463703]), array([ 0.5143223 ,  0.90006468,  0.22517208,  0.44454639,  1.00071963,
        2.24556554,  0.15475141,  0.15491675,  0.38494663, -0.98999593,
       -0.71657826, -0.10566924]), array([ 0.51499663,  0.90084538,  0.22701776,  0.43966891,  0.99718712,
        2.24503165,  0.13486692,  0.15613956,  0.36913608, -0.97549483,
       -0.70650255, -0.10677819]), array([ 0.51557258,  0.90162966,  0.22878576,  0.43486952,  0.99370814,
        2.24449187,  0.11518936,  0.15685598,  0.35360005, -0.95987875,
       -0.69579542, -0.10795596]), array([ 0.51605117,  0.90241497,  0.23047734,  0.43015346,  0.99028593,
        2.24394589,  0.09571839,  0.15706262,  0.33831615, -0.94321204,
       -0.68444293, -0.10919527]), array([ 0.51643624,  0.9031512 ,  0.2319951 ,  0.42562192,  0.98662551,
        2.24340398,  0.07701401,  0.14724529,  0.30355166, -0.90630824,
       -0.73208367, -0.10838267])], 'U_history': [array([ 2.24542014e-03, -6.00928280e-05, -2.71833283e-04, -1.16980718e-03,
       -7.84456304e-04,  9.35867624e-19]), array([-0.0078636 ,  0.03200912, -0.01524596, -0.00338659,  0.17436939,
        0.01030176]), array([-0.01721957,  0.06481545, -0.0220354 , -0.00533058,  0.31440214,
        0.01659195]), array([-0.0259043 ,  0.09797586, -0.02260215, -0.00695395,  0.4267453 ,
        0.02054132]), array([-0.03398464,  0.13119689, -0.01847459, -0.00823665,  0.51723987,
        0.02310005]), array([-0.04151561,  0.16425777, -0.01084016, -0.00918017,  0.59048176,
        0.02481443]), array([-4.85432238e-02,  1.96998016e-01, -6.17257548e-04, -9.80098262e-03,
        6.50091691e-01,  2.60029325e-02]), array([-0.05510727,  0.22930743,  0.01148835, -0.01012471,  0.69892586,
        0.02685452]), array([-0.06124403,  0.26111691,  0.02493839, -0.01018127,  0.7392402 ,
        0.02748374]), array([-0.06698822,  0.29238926,  0.03932536, -0.01000149,  0.77281795,
        0.02796175]), array([-0.07237384,  0.32311035,  0.05434255, -0.00961509,  0.80106881,
        0.02833404]), array([-0.07743387,  0.35328188,  0.06976032, -0.00904986,  0.82510662,
        0.02863052]), array([-0.08219952,  0.38291619,  0.08540781, -0.00833143,  0.84581087,
        0.02887148]), array([-0.08669957,  0.41203297,  0.10115924, -0.00748329,  0.86387568,
        0.029071  ]), array([-0.09096003,  0.44065733,  0.11692361, -0.0065268 ,  0.87984883,
        0.02923914]), array([-0.09500417,  0.46881838,  0.13263674, -0.00548115,  0.89416277,
        0.0293832 ]), array([-0.09885269,  0.49654831,  0.14825531, -0.00436337,  0.90715908,
        0.02950857]), array([-0.10252407,  0.52388158,  0.16375195, -0.00318838,  0.91910783,
        0.02961928]), array([-0.10603478,  0.5508542 ,  0.17911161, -0.00196908,  0.93022269,
        0.0297184 ]), array([-1.09399626e-01,  5.77503152e-01,  1.94328509e-01, -7.16451779e-04,
        9.40672930e-01,  2.98082411e-02]), array([-0.10981266,  0.60060808,  0.20714565, -0.00101707,  0.94882826,
        0.02989062]), array([-1.12713377e-01,  6.26366553e-01,  2.21880455e-01,  2.87101656e-04,
        9.58339893e-01,  2.99483123e-02]), array([-0.11549761,  0.65190977,  0.23649081,  0.00158308,  0.96748854,
        0.03000959]), array([-0.11817633,  0.67727472,  0.25098892,  0.00286952,  0.97634708,
        0.03007122]), array([-0.12075962,  0.7024974 ,  0.26538877,  0.00414536,  0.98497335,
        0.03013168]), array([-0.12325675,  0.72761252,  0.27970542,  0.00540989,  0.99341333,
        0.03019036]), array([-0.12567629,  0.75265338,  0.2939544 ,  0.00666266,  1.0017035 ,
        0.03024708]), array([-0.12802615,  0.77765158,  0.30815125,  0.00790351,  1.00987279,
        0.03030193]), array([-0.13031368,  0.80263696,  0.32231114,  0.00913249,  1.01794406,
        0.03035506]), array([-0.13254566,  0.82763742,  0.33644862,  0.01034984,  1.02593526,
        0.03040666]), array([-0.13472841,  0.8526788 ,  0.35057739,  0.01155596,  1.03386041,
        0.03045696]), array([-0.13686777,  0.87778477,  0.36471008,  0.01275132,  1.04173026,
        0.03050614]), array([-0.13896913,  0.90297678,  0.3788582 ,  0.01393652,  1.04955291,
        0.03055438]), array([-0.14103748,  0.92827391,  0.39303194,  0.01511214,  1.05733423,
        0.03060184]), array([-0.14307742,  0.95369289,  0.4072402 ,  0.01627883,  1.06507827,
        0.03064868]), array([-0.14509315,  0.97924801,  0.42149042,  0.01743718,  1.07278748,
        0.03069502]), array([-0.1470885 ,  1.00495106,  0.43578866,  0.01858779,  1.08046298,
        0.03074097]), array([-0.14906698,  1.03081134,  0.45013947,  0.01973119,  1.08810471,
        0.03078663]), array([-0.15103171,  1.05683564,  0.46454594,  0.02086785,  1.09571163,
        0.03083208]), array([-0.15298551,  1.0830282 ,  0.47900968,  0.02199816,  1.10328176,
        0.0308774 ]), array([-0.14034373,  1.10099078,  0.48770273,  0.0153404 ,  1.10638754,
        0.03092264]), array([-0.14189919,  1.12715768,  0.50212968,  0.01689785,  1.11422739,
        0.03088527]), array([-0.14347075,  1.15350954,  0.51662576,  0.0183581 ,  1.12193634,
        0.03089074]), array([-0.14505742,  1.18003939,  0.53118342,  0.01973901,  1.12952882,
        0.0309186 ]), array([-0.14665852,  1.20673821,  0.54579472,  0.0210549 ,  1.1370145 ,
        0.03095783]), array([-0.14827357,  1.23359482,  0.5604511 ,  0.02231726,  1.14439933,
        0.03100252]), array([-0.14990216,  1.26059598,  0.57514326,  0.0235353 ,  1.15168626,
        0.0310496 ]), array([-0.15154396,  1.28772634,  0.58986107,  0.02471638,  1.15887593,
        0.03109746]), array([-0.15319859,  1.31496852,  0.6045935 ,  0.02586635,  1.16596704,
        0.03114531]), array([-0.15486561,  1.34230319,  0.61932862,  0.02698981,  1.17295682,
        0.03119278]), array([-0.15654451,  1.36970907,  0.63405361,  0.02809034,  1.17984127,
        0.03123971]), array([-0.15823467,  1.39716308,  0.64875474,  0.02917066,  1.18661545,
        0.03128602]), array([-0.15993532,  1.42464038,  0.66341742,  0.0302328 ,  1.19327363,
        0.03133169]), array([-0.16164557,  1.45211451,  0.67802627,  0.0312782 ,  1.1998095 ,
        0.0313767 ]), array([-0.16336437,  1.47955747,  0.69256515,  0.03230781,  1.20621626,
        0.03142103]), array([-0.16509053,  1.50693986,  0.70701722,  0.03332218,  1.21248679,
        0.03146465]), array([-0.16682272,  1.53423099,  0.72136503,  0.03432152,  1.21861368,
        0.03150751]), array([-0.16855945,  1.56139901,  0.73559058,  0.03530575,  1.22458938,
        0.03154956]), array([-0.17029909,  1.58841105,  0.74967541,  0.03627456,  1.23040624,
        0.03159072]), array([-0.17203988,  1.61523338,  0.76360067,  0.03722745,  1.23605656,
        0.0316309 ]), array([-0.21890847,  1.6917238 ,  0.81204243,  0.06264089,  1.26898859,
        0.03167003]), array([-0.22094488,  1.71885352,  0.82553912,  0.06170268,  1.27139154,
        0.03204324]), array([-0.22289731,  1.74553783,  0.83871375,  0.06107251,  1.27418645,
        0.03223571]), array([-0.2247747 ,  1.77175545,  0.8515719 ,  0.06068474,  1.27723684,
        0.03233328]), array([-0.22658372,  1.79748241,  0.86411271,  0.06048684,  1.28043501,
        0.03238209]), array([-0.22832928,  1.82269278,  0.87633049,  0.06043642,  1.28369565,
        0.03240661]), array([-0.23001484,  1.84735916,  0.88821606,  0.0604992 ,  1.28695105,
        0.03241959]), array([-0.23164275,  1.87145319,  0.89975776,  0.06064729,  1.29014727,
        0.03242742]), array([-0.23321444,  1.89494598,  0.91094226,  0.06085796,  1.29324127,
        0.03243314]), array([-0.23473062,  1.91780842,  0.92175518,  0.06111261,  1.2961986 ,
        0.03243799]), array([-0.23619147,  1.94001156,  0.93218162,  0.06139604,  1.29899165,
        0.03244234]), array([-0.23759672,  1.96152682,  0.94220651,  0.06169575,  1.30159829,
        0.03244611]), array([-0.23894577,  1.98232629,  0.95181497,  0.06200147,  1.30400077,
        0.03244901]), array([-0.24023779,  2.00238288,  0.96099252,  0.06230478,  1.30618494,
        0.03245072]), array([-0.24147179,  2.0216706 ,  0.96972532,  0.06259871,  1.30813953,
        0.03245087]), array([-0.24264667,  2.04016462,  0.97800029,  0.06287757,  1.30985571,
        0.03244916]), array([-0.24376126,  2.05784153,  0.98580528,  0.06313664,  1.31132665,
        0.03244529]), array([-0.24481439,  2.07467937,  0.99312912,  0.06337209,  1.31254722,
        0.03243902]), array([-0.24580489,  2.09065784,  0.99996177,  0.06358076,  1.31351375,
        0.03243014]), array([-0.24673165,  2.10575832,  1.0062943 ,  0.0637601 ,  1.31422385,
        0.03241849]), array([-0.24305149,  2.10264878,  1.00012422,  0.06115081,  1.30510518,
        0.03240392]), array([-0.24387057,  2.11587639,  1.0055933 ,  0.06150577,  1.30638949,
        0.03232108]), array([-0.24463079,  2.12823664,  1.01057856,  0.06178413,  1.30720832,
        0.03227044]), array([-0.24533011,  2.13971195,  1.01506652,  0.061994  ,  1.30760873,
        0.032235  ]), array([-0.24596688,  2.15028777,  1.01904732,  0.06214174,  1.30762843,
        0.0322056 ]), array([-0.24653976,  2.1599525 ,  1.02251426,  0.06223239,  1.30729798,
        0.03217741]), array([-0.24704772,  2.16869726,  1.02546324,  0.06227001,  1.30664245,
        0.03214789]), array([-0.24748997,  2.17651582,  1.02789251,  0.06225795,  1.30568276,
        0.03211579]), array([-0.24786597,  2.18340442,  1.0298023 ,  0.06219897,  1.30443664,
        0.03208051]), array([-0.24817542,  2.18936175,  1.03119466,  0.06209546,  1.30291944,
        0.03204184]), array([-0.24841818,  2.19438882,  1.03207326,  0.06194949,  1.30114475,
        0.03199971]), array([-0.24859435,  2.19848886,  1.03244324,  0.06176289,  1.29912481,
        0.0319542 ]), array([-0.24870417,  2.20166728,  1.03231108,  0.06153733,  1.29687091,
        0.03190539]), array([-0.24874808,  2.20393157,  1.03168451,  0.06127437,  1.29439362,
        0.03185341]), array([-0.24872666,  2.20529119,  1.0305724 ,  0.06097549,  1.29170305,
        0.03179839]), array([-0.24864065,  2.20575756,  1.02898471,  0.06064209,  1.28880895,
        0.03174047]), array([-0.24849092,  2.20534392,  1.02693235,  0.06027556,  1.28572086,
        0.03167979]), array([-0.2482785 ,  2.20406525,  1.02442719,  0.05987727,  1.28244817,
        0.0316165 ]), array([-0.24800452,  2.20193821,  1.02148193,  0.05944858,  1.27900019,
        0.03155074]), array([-0.24767024,  2.19898104,  1.01811005,  0.05899084,  1.27538619,
        0.03148265]), array([-0.24727704,  2.19521347,  1.01432579,  0.05850542,  1.27161541,
        0.03141237]), array([-0.24682638,  2.19065662,  1.010144  ,  0.05799369,  1.26769709,
        0.03134007]), array([-0.24631983,  2.1853329 ,  1.00558019,  0.05745703,  1.26364048,
        0.03126587]), array([-0.24575905,  2.17926595,  1.00065035,  0.05689685,  1.25945482,
        0.03118994]), array([-0.24514579,  2.17248051,  0.99537099,  0.05631456,  1.25514934,
        0.03111242]), array([-0.24448184,  2.16500233,  0.98975904,  0.05571156,  1.25073325,
        0.03103347]), array([-0.2437691 ,  2.15685807,  0.98383176,  0.05508928,  1.24621573,
        0.03095323]), array([-0.24300949,  2.14807523,  0.97760674,  0.05444916,  1.24160591,
        0.03087186]), array([-0.24220501,  2.13868199,  0.97110181,  0.05379262,  1.23691288,
        0.03078951]), array([-0.24135769,  2.1287072 ,  0.964335  ,  0.0531211 ,  1.23214561,
        0.03070634]), array([-0.24046959,  2.11818019,  0.95732443,  0.05243602,  1.22731299,
        0.03062248]), array([-0.23954283,  2.10713077,  0.95008836,  0.05173881,  1.22242382,
        0.03053809]), array([-0.23857953,  2.09558904,  0.94264504,  0.05103087,  1.21748674,
        0.03045332]), array([-0.23758183,  2.0835854 ,  0.9350127 ,  0.0503136 ,  1.21251025,
        0.0303683 ]), array([-0.23655189,  2.07115037,  0.9272095 ,  0.04958839,  1.20750268,
        0.03028319]), array([-0.23549188,  2.05831456,  0.91925349,  0.04885658,  1.2024722 ,
        0.03019811]), array([-0.23440394,  2.04510859,  0.91116255,  0.04811953,  1.19742678,
        0.0301132 ]), array([-0.23329025,  2.03156296,  0.90295433,  0.04737854,  1.19237418,
        0.0300286 ]), array([-0.23215293,  2.01770802,  0.89464628,  0.0466349 ,  1.18732195,
        0.02994443]), array([-0.23099413,  2.00357389,  0.88625551,  0.04588986,  1.18227741,
        0.02986081]), array([-0.22981594,  1.98919037,  0.87779883,  0.04514464,  1.17724764,
        0.02977785]), array([-0.22862046,  1.97458689,  0.86929271,  0.04440043,  1.17223948,
        0.02969569]), array([-0.22740972,  1.95979245,  0.86075321,  0.04365839,  1.16725951,
        0.02961441]), array([-0.22618575,  1.94483555,  0.85219597,  0.04291961,  1.16231405,
        0.02953413]), array([-0.22495052,  1.92974413,  0.84363621,  0.04218518,  1.15740915,
        0.02945494]), array([-0.22370598,  1.91454556,  0.83508867,  0.04145611,  1.15255061,
        0.02937694]), array([-0.22245402,  1.89926652,  0.8265676 ,  0.04073341,  1.14774393,
        0.02930021]), array([-0.22119647,  1.88393304,  0.81808676,  0.040018  ,  1.14299434,
        0.02922483]), array([-0.21993515,  1.86857041,  0.80965936,  0.03931078,  1.13830681,
        0.02915089]), array([-0.21867179,  1.85320315,  0.80129812,  0.03861261,  1.13368601,
        0.02907844]), array([-0.21740807,  1.83785501,  0.79301516,  0.0379243 ,  1.12913635,
        0.02900756]), array([-0.21614564,  1.82254888,  0.7848221 ,  0.03724659,  1.12466193,
        0.02893832]), array([-0.21488606,  1.80730684,  0.77672994,  0.03658021,  1.12026662,
        0.02887075]), array([-0.21363086,  1.79215011,  0.76874917,  0.03592583,  1.11595399,
        0.02880491]), array([-0.21238148,  1.77709901,  0.76088966,  0.03528405,  1.11172733,
        0.02874085]), array([-0.21113932,  1.76217298,  0.75316074,  0.03465546,  1.1075897 ,
        0.0286786 ]), array([-0.2099057 ,  1.74739056,  0.74557117,  0.03404059,  1.10354387,
        0.0286182 ]), array([-0.20868191,  1.73276938,  0.73812911,  0.03343992,  1.09959236,
        0.02855968]), array([-0.20746913,  1.71832617,  0.73084221,  0.03285388,  1.09573745,
        0.02850306]), array([-0.20626852,  1.70407672,  0.72371751,  0.03228289,  1.09198116,
        0.02844836]), array([ 22.41481437,  60.        ,  20.1606495 ,  10.        ,
        10.        , -10.        ]), array([  8.00811682, -60.        ,  -9.8388434 , -10.        ,
         2.40359092,  10.        ]), array([  3.02428461, -60.        ,   5.32665593, -10.        ,
         3.37514269, -10.        ]), array([ 0.52643319, 60.        , 15.03253846, 10.        ,  7.28547987,
       10.        ]), array([  2.33660105, -60.        ,  -8.073863  , -10.        ,
        -2.91200315, -10.        ]), array([ 0.65911323, 60.        , 10.12681025, 10.        ,  5.46279387,
       10.        ]), array([  1.54740577,  60.        ,  -0.95236373,  10.        ,
         0.28939582, -10.        ]), array([  0.54541293, -60.        , -14.77928764, -10.        ,
        -5.68093154,  10.        ]), array([  0.98671728, -60.        ,   2.49626493,  10.        ,
         2.36237023,  10.        ]), array([ 2.26160754, 48.        , 10.30235152, -8.        ,  5.61870399,
        8.        ]), array([ 0.,  0., -0., -0., -0.,  0.]), array([  3.98997267,  60.        ,  -5.1237845 ,  10.        ,
        -0.76103395, -10.        ]), array([ 3.14615044, 60.        , -5.06980322, 10.        , -1.52091928,
       10.        ]), array([  3.94850812,  60.        ,  -1.95529941,  10.        ,
         0.09695512, -10.        ]), array([  1.83512143, -60.        ,  -7.30390658, -10.        ,
        -2.13770615, -10.        ]), array([  0.7874742 , -60.        ,   8.9612089 ,  10.        ,
         3.96437207, -10.        ]), array([  0.12345611,  60.        ,  14.09375296, -10.        ,
         6.16961557,  10.        ]), array([ 3.50146555e-01,  6.00000000e+01,  2.81285397e-02,  1.00000000e+01,
        9.18164668e-01, -1.00000000e+01]), array([ -0.49726087, -60.        ,  -4.6615614 ,  10.        ,
        -1.53734544,  10.        ]), array([  1.62081171, -60.        ,  10.30696721,  10.        ,
         4.68091421, -10.        ]), array([24., 24., 12.,  4.,  4., -4.]), array([ 0., -0.,  0.,  0.,  0.,  0.]), array([ 12.       , -12.       ,   5.0120376,  -2.       ,   2.       ,
        -2.       ]), array([ 34.35123364,  60.        ,  20.92918113, -10.        ,
        10.        ,  10.        ]), array([21.00097146, 60.        , -3.62402683, 10.        , -0.87640832,
       10.        ]), array([  3.30777748, -12.        ,  -0.21189137,   2.        ,
        -0.39105454,  -2.        ]), array([  5.17063788, -24.        ,   6.5743465 ,   4.        ,
         2.57448953,   4.        ]), array([ 16.26401443, -60.        ,  18.43136542, -10.        ,
         7.5521859 ,  10.        ]), array([ 16.84689519,  60.        ,  15.35986119, -10.        ,
         3.03036281, -10.        ]), array([ 16.25361049, -60.        ,  -6.36521288,  10.        ,
        -4.00445704, -10.        ]), array([ 14.46784185, -60.        ,  15.42301778, -10.        ,
         6.1006916 , -10.        ]), array([  9.40542202, -36.        ,   9.92238814,   6.        ,
         4.11131695,   6.        ]), array([ 18.19568067,  60.        ,   9.10030418, -10.        ,
         1.65178044, -10.        ]), array([ 0.,  0., -0.,  0., -0., -0.]), array([ 19.20689678, -60.        ,  -0.42850878,  10.        ,
        -0.20337292,  10.        ]), array([23.69590908, 60.        , 14.81280778, 10.        ,  4.21473876,
       10.        ]), array([ 18.97035   , -36.        ,   4.2801367 ,  -6.        ,
         0.05960805,   6.        ]), array([24.89424764, 36.        , 18.        , -6.        ,  4.37258327,
       -6.        ]), array([ 8.24244461, 12.        ,  1.34196434,  2.        , -0.30438845,
        2.        ]), array([ 12.        , -12.        ,   6.        ,   2.        ,
         1.69306186,  -2.        ]), array([-12.,  12.,   6.,  -2.,  -2.,  -2.]), array([-12.,  12.,   6.,   2.,  -2.,  -2.]), array([-0., -0.,  0., -0., -0., -0.]), array([-12., -12.,   6.,   2.,   2.,  -2.]), array([-8.48051775e+00, -1.46986208e+01, -1.06343628e+01,  6.57120343e+00,
       -7.66108228e+00, -8.17852580e-16]), array([-5.41707776e+00, -1.05888116e+01, -7.73732161e+00,  4.44820362e+00,
       -5.69084413e+00,  1.43731518e-15]), array([-3.78121553e+00, -6.96407011e+00, -5.10327808e+00,  3.08139038e+00,
       -3.72552895e+00, -1.00850507e-15]), array([-2.44572015e+00, -4.22050620e+00, -3.11361322e+00,  1.96939648e+00,
       -2.27121373e+00, -8.52707257e-16]), array([-1.35916517e+00, -2.14467063e+00, -1.61284855e+00,  1.06916781e+00,
       -1.20143675e+00, -4.22937072e-16]), array([-4.78552466e-01, -5.77024204e-01, -4.83766977e-01,  3.44361398e-01,
       -4.20191006e-01, -6.96511641e-17]), array([ 2.31816186e-01,  6.02557978e-01,  3.62327528e-01, -2.35524055e-01,
        1.45231700e-01,  8.87288408e-17]), array([ 8.01461852e-01,  1.48510093e+00,  9.92765063e-01, -6.95978580e-01,
        5.49783762e-01,  1.94827463e-16]), array([ 1.25475109e+00,  2.13995662e+00,  1.45880035e+00, -1.05823519e+00,
        8.34920875e-01,  2.10831445e-16]), array([ 1.61178514e+00,  2.62021115e+00,  1.79954679e+00, -1.33993537e+00,
        1.03185775e+00, -2.98565820e-16]), array([ 1.88915250e+00,  2.96666059e+00,  2.04491629e+00, -1.55570563e+00,
        1.16404880e+00,  8.10190500e-16]), array([ 2.10055566e+00,  3.21076007e+00,  2.21782544e+00, -1.71765089e+00,
        1.24907452e+00,  3.61602128e-16]), array([ 2.25732780e+00,  3.37682814e+00,  2.33585756e+00, -1.83577315e+00,
        1.30007422e+00,  5.59556023e-16]), array([ 2.36885650e+00,  3.48370519e+00,  2.41251886e+00, -1.91832440e+00,
        1.32683327e+00,  6.97198430e-16]), array([ 2.44293011e+00,  3.54600880e+00,  2.45819094e+00, -1.97210296e+00,
        1.33660774e+00,  4.34796098e-16]), array([ 2.48602077e+00,  3.57508871e+00,  2.48085508e+00, -2.00270129e+00,
        1.33474964e+00,  6.17866233e-16]), array([ 2.50351573e+00,  3.57975686e+00,  2.48664441e+00, -2.01471287e+00,
        1.32518044e+00,  4.01128534e-16]), array([ 2.49990664e+00,  3.56684793e+00,  2.48026623e+00, -2.01190453e+00,
        1.31074975e+00, -4.19558242e-16]), array([ 2.47894481e+00,  3.54165143e+00,  2.46532558e+00, -1.99735980e+00,
        1.29350650e+00,  1.26461562e-15]), array([ 2.44376866e+00,  3.50824628e+00,  2.44457402e+00, -1.97359802e+00,
        1.27490385e+00,  5.86490617e-17]), array([ 2.39700857e+00,  3.46976060e+00,  2.42010131e+00, -1.94267326e+00,
        1.25595375e+00,  8.18468360e-16]), array([ 2.34087334e+00,  3.42857450e+00,  2.39348345e+00, -1.90625639e+00,
        1.23734336e+00,  7.36721314e-16]), array([ 2.27722136e+00,  3.38647861e+00,  2.36589739e+00, -1.86570306e+00,
        1.21952247e+00,  1.63582920e-15]), array([ 2.20761953e+00,  3.34479874e+00,  2.33821007e+00, -1.82211005e+00,
        1.20276899e+00,  7.90441510e-16]), array([ 2.13339172e+00,  3.30449401e+00,  2.31104767e+00, -1.77636185e+00,
        1.18723788e+00,  3.55284116e-16]), array([ 2.05565889e+00,  3.26623451e+00,  2.28484970e+00, -1.72916919e+00,
        1.17299750e+00, -5.19614573e-17]), array([ 1.97537215e+00,  3.23046284e+00,  2.25991127e+00, -1.68110081e+00,
        1.16005656e+00, -7.24240123e-17]), array([ 1.89334007e+00,  3.19744304e+00,  2.23641613e+00, -1.63260967e+00,
        1.14838385e+00,  5.61171937e-16]), array([ 1.81025111e+00,  3.16729967e+00,  2.21446268e+00, -1.58405452e+00,
        1.13792277e+00,  4.39788962e-16]), array([ 1.72669218e+00,  3.14004899e+00,  2.19408431e+00, -1.53571755e+00,
        1.12860167e+00,  8.42571855e-16]), array([ 1.64316389e+00,  3.11562393e+00,  2.17526551e+00, -1.48781898e+00,
        1.12034137e+00,  5.62093943e-16]), array([ 1.56009308e+00,  3.09389420e+00,  2.15795440e+00, -1.44052885e+00,
        1.11306034e+00,  5.75806820e-16]), array([ 1.47784319e+00,  3.07468237e+00,  2.14207270e+00, -1.39397675e+00,
        1.10667831e+00,  3.57101898e-16]), array([ 1.39672280e+00,  3.05777683e+00,  2.12752354e+00, -1.34825968e+00,
        1.10111861e+00,  3.70699807e-16]), array([ 1.31699265e+00,  3.04294226e+00,  2.11419757e+00, -1.30344844e+00,
        1.09630966e+00,  7.56498261e-16]), array([ 1.23887151e+00,  3.02992797e+00,  2.10197772e+00, -1.25959279e+00,
        1.09218582e+00,  5.06479883e-16]), array([ 1.16254105e+00,  3.01847467e+00,  2.09074301e+00, -1.21672564e+00,
        1.08868775e+00,  4.32099800e-16]), array([ 1.08814997e+00,  3.00831988e+00,  2.08037139e+00, -1.17486638e+00,
        1.08576252e+00,  3.73312890e-16]), array([ 1.01581738e+00,  2.99920223e+00,  2.07074203e+00, -1.13402359e+00,
        1.08336342e+00,  1.57145563e-16]), array([ 9.45635861e-01,  2.99086490e+00,  2.06173696e+00, -1.09419717e+00,
        1.08144964e+00,  2.95896445e-16]), array([ 8.77673944e-01,  2.98305833e+00,  2.05324241e+00, -1.05538005e+00,
        1.07998593e+00,  3.19611221e-16]), array([ 8.11978398e-01,  2.97554233e+00,  2.04514971e+00, -1.01755957e+00,
        1.07894207e+00,  3.03153199e-16]), array([ 7.48576204e-01,  2.96808772e+00,  2.03735598e+00, -9.80718571e-01,
        1.07829247e+00,  2.78095459e-16]), array([ 6.87476349e-01,  2.96047751e+00,  2.02976458e+00, -9.44836217e-01,
        1.07801564e+00,  8.53435200e-17]), array([ 6.28671466e-01,  2.95250782e+00,  2.02228538e+00, -9.09888728e-01,
        1.07809374e+00,  4.30323187e-17]), array([ 5.72139336e-01,  2.94398848e+00,  2.01483494e+00, -8.75849904e-01,
        1.07851209e+00,  2.50125131e-16]), array([ 5.17844299e-01,  2.93474338e+00,  2.00733650e+00, -8.42691580e-01,
        1.07925881e+00,  9.30946341e-17]), array([ 4.65738574e-01,  2.92461071e+00,  1.99971998e+00, -8.10383979e-01,
        1.08032435e+00,  1.85082898e-16]), array([ 4.15763515e-01,  2.91344295e+00,  1.99192183e+00, -7.78896016e-01,
        1.08170115e+00,  7.58196518e-17]), array([ 3.67850797e-01,  2.90110678e+00,  1.98388490e+00, -7.48195541e-01,
        1.08338331e+00,  2.57202866e-16]), array([ 3.21923557e-01,  2.88748287e+00,  1.97555818e+00, -7.18249560e-01,
        1.08536628e+00,  2.80781209e-16]), array([ 2.77897474e-01,  2.87246558e+00,  1.96689662e+00, -6.89024410e-01,
        1.08764656e+00, -1.03608525e-16]), array([ 2.35681812e-01,  2.85596259e+00,  1.95786082e+00, -6.60485935e-01,
        1.09022149e+00,  1.87910096e-16]), array([ 1.95180404e-01,  2.83789447e+00,  1.94841682e+00, -6.32599625e-01,
        1.09308900e+00,  9.84722739e-17]), array([ 0.1562926 ,  2.81819421,  1.93853573, -0.60533076,  1.09624745,
        0.        ]), array([ 1.18914167e-01,  2.79680668e+00,  1.92819350e+00, -5.78644533e-01,
        1.09969542e+00,  1.72287415e-16]), array([ 8.29381217e-02,  2.77368816e+00,  1.91737063e+00, -5.52506173e-01,
        1.10343160e+00,  9.64876188e-18]), array([ 4.82555506e-02,  2.74880572e+00,  1.90605184e+00, -5.26881055e-01,
        1.10745467e+00,  2.37388567e-16]), array([ 1.47563546e-02,  2.72213668e+00,  1.89422578e+00, -5.01734805e-01,
        1.11176314e+00, -1.90631767e-16]), array([-1.76700459e-02,  2.69366806e+00,  1.88188481e+00, -4.77033404e-01,
        1.11635534e+00, -1.61191858e-16]), array([-4.91340553e-02,  2.66339596e+00,  1.86902462e+00, -4.52743279e-01,
        1.12122926e+00,  1.38045012e-16]), array([0., 0., 0., 0., 0., 0.])], 'ball_pos_history': [array([-2.75999796, -7.96167605,  1.31646401]), array([-2.74833236, -7.91821441,  1.30118089]), array([-2.73666677, -7.87475278,  1.28565253]), array([-2.72500117, -7.83129114,  1.26987892]), array([-2.71333557, -7.7878295 ,  1.25386005]), array([-2.70166997, -7.74436787,  1.23759594]), array([-2.69000437, -7.70090623,  1.22108657]), array([-2.67833878, -7.6574446 ,  1.20433196]), array([-2.66667318, -7.61398296,  1.1873321 ]), array([-2.65500758, -7.57052132,  1.17008698]), array([-2.64334198, -7.52705969,  1.15259662]), array([-2.63167638, -7.48359805,  1.13486101]), array([-2.62001079, -7.44013641,  1.11688014]), array([-2.60834519, -7.39667478,  1.09865403]), array([-2.59667959, -7.35321314,  1.08018266]), array([-2.58501399, -7.30975151,  1.06146605]), array([-2.57334839, -7.26628987,  1.04250419]), array([-2.5616828 , -7.22282823,  1.02329707]), array([-2.5500172 , -7.1793666 ,  1.00384471]), array([-2.5383516 , -7.13590496,  0.9841471 ]), array([-2.526686  , -7.09244332,  0.96420423]), array([-2.5150204 , -7.04898169,  0.94401612]), array([-2.50335481, -7.00552005,  0.92358275]), array([-2.49168921, -6.96205842,  0.90290414]), array([-2.48002361, -6.91859678,  0.88198028]), array([-2.46835801, -6.87513514,  0.86081116]), array([-2.45669241, -6.83167351,  0.8393968 ]), array([-2.44502682, -6.78821187,  0.81773719]), array([-2.43336122, -6.74475023,  0.79583232]), array([-2.42169562, -6.7012886 ,  0.77368221]), array([-2.41003002, -6.65782696,  0.75128684]), array([-2.39836442, -6.61436533,  0.72864623]), array([-2.38669883, -6.57090369,  0.70576037]), array([-2.37503323, -6.52744205,  0.68262925]), array([-2.36336763, -6.48398042,  0.65925289]), array([-2.35170203, -6.44051878,  0.63563128]), array([-2.34003644, -6.39705714,  0.61176441]), array([-2.32837084, -6.35359551,  0.5876523 ]), array([-2.31670524, -6.31013387,  0.56329493]), array([-2.30503964, -6.26667224,  0.53869232]), array([-2.29337404, -6.2232106 ,  0.51384446]), array([-2.28170845, -6.17974896,  0.48875134]), array([-2.27004285, -6.13628733,  0.46341298]), array([-2.25837725, -6.09282569,  0.43782937]), array([-2.24671165, -6.04936405,  0.4120005 ]), array([-2.23504605, -6.00590242,  0.38592639]), array([-2.22338046, -5.96244078,  0.35960702]), array([-2.21171486, -5.91897915,  0.33304241]), array([-2.20004926, -5.87551751,  0.30623255]), array([-2.18838366, -5.83205587,  0.27917743]), array([-2.17671806, -5.78859424,  0.25187707]), array([-2.16505247, -5.7451326 ,  0.22433146]), array([-2.15338687, -5.70167096,  0.19654059]), array([-2.14172127, -5.65820933,  0.16850448]), array([-2.13005567, -5.61474769,  0.14022311]), array([-2.11839007, -5.57128606,  0.1116965 ]), array([-2.10672448, -5.52782442,  0.08292464]), array([-2.09505888, -5.48436278,  0.05390752]), array([-2.08339328, -5.44090115,  0.033     ]), array([-2.07231096, -5.39961259,  0.05470152]), array([-2.06122864, -5.35832404,  0.0761578 ]), array([-2.05014633, -5.31703548,  0.09736882]), array([-2.03906401, -5.27574693,  0.11833459]), array([-2.02798169, -5.23445837,  0.13905511]), array([-2.01689937, -5.19316982,  0.15953039]), array([-2.00581705, -5.15188127,  0.17976041]), array([-1.99473474, -5.11059271,  0.19974518]), array([-1.98365242, -5.06930416,  0.21948471]), array([-1.9725701 , -5.0280156 ,  0.23897898]), array([-1.96148778, -4.98672705,  0.258228  ]), array([-1.95040546, -4.94543849,  0.27723177]), array([-1.93932315, -4.90414994,  0.2959903 ]), array([-1.92824083, -4.86286138,  0.31450357]), array([-1.91715851, -4.82157283,  0.33277159]), array([-1.90607619, -4.78028428,  0.35079437]), array([-1.89499387, -4.73899572,  0.36857189]), array([-1.88391156, -4.69770717,  0.38610416]), array([-1.87282924, -4.65641861,  0.40339118]), array([-1.86174692, -4.61513006,  0.42043296]), array([-1.8506646 , -4.5738415 ,  0.43722948]), array([-1.83958228, -4.53255295,  0.45378075]), array([-1.82849997, -4.4912644 ,  0.47008677]), array([-1.81741765, -4.44997584,  0.48614755]), array([-1.80633533, -4.40868729,  0.50196307]), array([-1.79525301, -4.36739873,  0.51753334]), array([-1.78417069, -4.32611018,  0.53285837]), array([-1.77308838, -4.28482162,  0.54793814]), array([-1.76200606, -4.24353307,  0.56277266]), array([-1.75092374, -4.20224451,  0.57736193]), array([-1.73984142, -4.16095596,  0.59170596]), array([-1.7287591 , -4.11966741,  0.60580473]), array([-1.71767678, -4.07837885,  0.61965825]), array([-1.70659447, -4.0370903 ,  0.63326653]), array([-1.69551215, -3.99580174,  0.64662955]), array([-1.68442983, -3.95451319,  0.65974732]), array([-1.67334751, -3.91322463,  0.67261984]), array([-1.66226519, -3.87193608,  0.68524712]), array([-1.65118288, -3.83064752,  0.69762914]), array([-1.64010056, -3.78935897,  0.70976591]), array([-1.62901824, -3.74807042,  0.72165744]), array([-1.61793592, -3.70678186,  0.73330371]), array([-1.6068536 , -3.66549331,  0.74470473]), array([-1.59577129, -3.62420475,  0.7558605 ]), array([-1.58468897, -3.5829162 ,  0.76677103]), array([-1.57360665, -3.54162764,  0.7774363 ]), array([-1.56252433, -3.50033909,  0.78785632]), array([-1.55144201, -3.45905053,  0.7980311 ]), array([-1.5403597 , -3.41776198,  0.80796062]), array([-1.52927738, -3.37647343,  0.81764489]), array([-1.51819506, -3.33518487,  0.82708391]), array([-1.50711274, -3.29389632,  0.83627769]), array([-1.49603042, -3.25260776,  0.84522621]), array([-1.48494811, -3.21131921,  0.85392948]), array([-1.47386579, -3.17003065,  0.8623875 ]), array([-1.46278347, -3.1287421 ,  0.87060028]), array([-1.45170115, -3.08745354,  0.8785678 ]), array([-1.44061883, -3.04616499,  0.88629007]), array([-1.42953652, -3.00487644,  0.8937671 ]), array([-1.4184542 , -2.96358788,  0.90099887]), array([-1.40737188, -2.92229933,  0.90798539]), array([-1.39628956, -2.88101077,  0.91472666]), array([-1.38520724, -2.83972222,  0.92122269]), array([-1.37412493, -2.79843366,  0.92747346]), array([-1.36304261, -2.75714511,  0.93347898]), array([-1.35196029, -2.71585655,  0.93923926]), array([-1.34087797, -2.674568  ,  0.94475428]), array([-1.32979565, -2.63327945,  0.95002405]), array([-1.31871334, -2.59199089,  0.95504857]), array([-1.30763102, -2.55070234,  0.95982785]), array([-1.2965487 , -2.50941378,  0.96436187]), array([-1.28546638, -2.46812523,  0.96865064]), array([-1.27438406, -2.42683667,  0.97269417]), array([-1.26330174, -2.38554812,  0.97649244]), array([-1.25221943, -2.34425956,  0.98004546]), array([-1.24113711, -2.30297101,  0.98335323]), array([-1.23005479, -2.26168246,  0.98641576]), array([-1.21897247, -2.2203939 ,  0.98923303]), array([-1.20789015, -2.17910535,  0.99180505]), array([-1.19680784, -2.13781679,  0.99413183]), array([-1.18572552, -2.09652824,  0.99621335]), array([-1.1746432 , -2.05523968,  0.99804962]), array([-1.16356088, -2.01395113,  0.99964064]), array([-1.15247856, -1.97266257,  1.00098642]), array([-1.14139625, -1.93137402,  1.00208694]), array([-1.13031393, -1.89008547,  1.00294221]), array([-1.11923161, -1.84879691,  1.00355223]), array([-1.10814929, -1.80750836,  1.00391701]), array([-1.09706697, -1.7662198 ,  1.00403653]), array([-1.08598466, -1.72493125,  1.0039108 ]), array([-1.07490234, -1.68364269,  1.00353983]), array([-1.06382002, -1.64235414,  1.0029236 ]), array([-1.0527377 , -1.60106559,  1.00206212]), array([-1.04165538, -1.55977703,  1.00095539]), array([-1.03057307, -1.51848848,  0.99960342]), array([-1.01949075, -1.47719992,  0.99800619]), array([-1.00840843, -1.43591137,  0.99616371]), array([-0.99732611, -1.39462281,  0.99407599]), array([-0.98624379, -1.35333426,  0.99174301]), array([-0.97516148, -1.3120457 ,  0.98916478]), array([-0.96407916, -1.27075715,  0.9863413 ]), array([-0.95299684, -1.2294686 ,  0.98327258]), array([-0.94191452, -1.18818004,  0.9799586 ]), array([-0.9308322 , -1.14689149,  0.97639937]), array([-0.91974989, -1.10560293,  0.9725949 ]), array([-0.90866757, -1.06431438,  0.96854517]), array([-0.89758525, -1.02302582,  0.96425019]), array([-0.88650293, -0.98173727,  0.95970996]), array([-0.87542061, -0.94044871,  0.95492449]), array([-0.8643383 , -0.89916016,  0.94989376]), array([-0.85325598, -0.85787161,  0.94461778]), array([-0.84217366, -0.81658305,  0.93909656]), array([-0.83109134, -0.7752945 ,  0.93333008]), array([-0.82000902, -0.73400594,  0.92731835]), array([-0.80892671, -0.69271739,  0.92106137]), array([-0.79784439, -0.65142883,  0.91455915]), array([-0.78676207, -0.61014028,  0.90781167]), array([-0.77567975, -0.56885172,  0.90081894]), array([-0.76459743, -0.52756317,  0.89358096]), array([-0.75351511, -0.48627462,  0.88609774]), array([-0.7424328 , -0.44498606,  0.87836926]), array([-0.73135048, -0.40369751,  0.87039553]), array([-0.72026816, -0.36240895,  0.86217656]), array([-0.70918584, -0.3211204 ,  0.85371233]), array([-0.69831301, -0.28100173,  0.84460241]), array([-0.68264131, -0.28628448,  0.80491064]), array([-0.66697128, -0.29363124,  0.76353433]), array([-0.65130125, -0.30097799,  0.72191277]), array([-0.63563121, -0.30832474,  0.68004595]), array([-0.61996118, -0.31567149,  0.63793389]), array([-0.60429115, -0.32301824,  0.59557658]), array([-0.58862111, -0.33036499,  0.55297402]), array([-0.57295108, -0.33771175,  0.51012621]), array([-0.55728105, -0.3450585 ,  0.46703314]), array([-0.54161101, -0.35240525,  0.42369483]), array([-0.52594098, -0.359752  ,  0.38011127]), array([-0.51027095, -0.36709875,  0.33628246]), array([-0.49460091, -0.3744455 ,  0.29220839]), array([-0.47893088, -0.38179226,  0.24788908]), array([-0.46326085, -0.38913901,  0.20332452]), array([-0.44759081, -0.39648576,  0.15851471]), array([-0.43192078, -0.40383251,  0.11345965]), array([-0.41625074, -0.41117926,  0.06815933]), array([-0.40058071, -0.41852601,  0.033     ]), array([-0.38569418, -0.42550543,  0.06691392]), array([-0.37080765, -0.43248484,  0.10058259]), array([-0.35592112, -0.43946426,  0.13400602]), array([-0.34103458, -0.44644367,  0.16718419]), array([-0.32614805, -0.45342308,  0.20011711]), array([-0.31126152, -0.4604025 ,  0.23280478]), array([-0.29637499, -0.46738191,  0.2652472 ]), array([-0.28148846, -0.47436133,  0.29744437]), array([-0.26660193, -0.48134074,  0.3293963 ]), array([-0.25171539, -0.48832015,  0.36110297]), array([-0.23682886, -0.49529957,  0.39256439]), array([-0.22194233, -0.50227898,  0.42378056]), array([-0.2070558 , -0.5092584 ,  0.45475148]), array([-0.19216927, -0.51623781,  0.48547715]), array([-0.17728274, -0.52321722,  0.51595758]), array([-0.1623962 , -0.53019664,  0.54619275]), array([-0.14750967, -0.53717605,  0.57618267]), array([-0.13262314, -0.54415547,  0.60592734]), array([-0.11773661, -0.55113488,  0.63542676]), array([-0.10285008, -0.5581143 ,  0.66468093]), array([-0.08796355, -0.56509371,  0.69368986]), array([-0.07307701, -0.57207312,  0.72245353]), array([-0.05819048, -0.57905254,  0.75097195]), array([-0.04330395, -0.58603195,  0.77924512]), array([-0.02841742, -0.59301137,  0.80727304]), array([-0.01353089, -0.59999078,  0.83505571]), array([ 0.00135565, -0.60697019,  0.86259314]), array([ 0.01624218, -0.61394961,  0.88988531]), array([ 0.03112871, -0.62092902,  0.91693223]), array([ 0.04601524, -0.62790844,  0.9437339 ]), array([ 0.06090177, -0.63488785,  0.97029032]), array([ 0.0757883 , -0.64186726,  0.99660149]), array([ 0.09067484, -0.64884668,  1.02266742]), array([ 0.10556137, -0.65582609,  1.04848809]), array([ 0.1204479 , -0.66280551,  1.07406351]), array([ 0.13533443, -0.66978492,  1.09939368]), array([ 0.15022096, -0.67676433,  1.1244786 ]), array([ 0.16510749, -0.68374375,  1.14931827]), array([ 0.17999403, -0.69072316,  1.1739127 ]), array([ 0.19488056, -0.69770258,  1.19826187]), array([ 0.20976709, -0.70468199,  1.22236579]), array([ 0.22465362, -0.71166141,  1.24622446]), array([ 0.23954015, -0.71864082,  1.26983788]), array([ 0.25442668, -0.72562023,  1.29320605])], 'distances_history': [8.059951916362062, 8.014157875029277, 7.968396949032067, 7.922666698373128, 7.8769654053509734, 7.831291936413658, 7.785645635488193, 7.7400262408260065, 7.694433819765428, 7.648868717397649, 7.603331516183677, 7.557823004268343, 7.512344150709797, 7.466896086197306, 7.421480088123221, 7.376097569120283, 7.330750068373302, 7.285439245167438, 7.240166874252258, 7.194934842689548, 7.149745147921265, 7.1045997604620315, 7.059500897936337, 7.014450886392083, 6.969452161831058, 6.924507272182582, 6.879618879666059, 6.834789763496757, 6.790022822896967, 6.7453210803813795, 6.700687685291271, 6.656125917556719, 6.6116391916700135, 6.567231060856503, 6.52290522143168, 6.478665517335259, 6.434515944834655, 6.390460657391397, 6.346503970685018, 6.302650367789553, 6.258904504498289, 6.215270357282382, 6.171752987143033, 6.128357636514601, 6.085089736800859, 6.04195491568898, 5.9989590043248056, 5.956108044404667, 5.9134082952210845, 5.870866240687537, 5.828488596359018, 5.786282316458657, 5.744254600915678, 5.702412902415706, 5.660764933460813, 5.619318673433332, 5.578082375654404, 5.537064574425215, 5.495188156653587, 5.450121754056923, 5.405143818382534, 5.360255392183157, 5.315454801805657, 5.27074039734611, 5.22611054591245, 5.181563626857556, 5.137098028451666, 5.092712145626205, 5.04840437852632, 5.004173131679304, 4.960016813634185, 4.915933836961749, 4.87192261852899, 4.82798157998042, 4.784109148372629, 4.740303756919226, 4.69656384581179, 4.652887863088998, 4.609274265531492, 4.565721519564224, 4.522228102151571, 4.478792488150905, 4.435413198089196, 4.392088761706117, 4.348817719617529, 4.305598624675608, 4.262430043104393, 4.21931055546138, 4.176238757458677, 4.133213260666626, 4.090232693116129, 4.047295699811589, 4.004400943163551, 3.9615471033482788, 3.918732878600184, 3.875956985442234, 3.8332181588588408, 3.790515152415362, 3.7478467383280862, 3.7052117074884126, 3.662608869444802, 3.6200370523460426, 3.5774951028493165, 3.534981885996531, 3.492496285062395, 3.450037201377705, 3.407603554131298, 3.365194280154186, 3.3228083336893506, 3.2804446861507257, 3.238102325874906, 3.1957802578691585, 3.1534775035593374, 3.1111931005413687, 3.0689261023400136, 3.0266755781787116, 2.9844406127643945, 2.9422203060912846, 2.9000137732678377, 2.8578201443711726, 2.8156385643335655, 2.773468192865818, 2.731308204422669, 2.689157788215768, 2.6470161482802026, 2.6048825036010825, 2.562756088307347, 2.5206361519406766, 2.478521959808277, 2.436412793429347, 2.3943079510862257, 2.3522067484926574, 2.3101085195932898, 2.2680126175104625, 2.2259184156567087, 2.183825309034102, 2.141732715744834, 2.099640078741258, 2.0575468678482025, 2.0154525820957896, 1.973356752407509, 1.9308458743661239, 1.887526237955249, 1.8434891526862, 1.799564005364663, 1.7553526925217127, 1.7113723724932488, 1.6680551226653602, 1.6245266868583532, 1.5818933349230233, 1.5380150218971078, 1.4942074195291264, 1.4510968972011746, 1.4085649913084748, 1.3665969583304023, 1.3242631579132937, 1.2827724825352587, 1.2397059619091602, 1.1972262032623364, 1.1558552530818875, 1.1152308841718825, 1.0740026793011002, 1.0327250252479165, 0.9909092807732736, 0.9465563636546577, 0.9023581518892505, 0.8583177876317198, 0.8143833947848315, 0.7689683516235283, 0.7219028279769243, 0.6759553411828179, 0.6288526858185014, 0.5820312704013558, 0.5336897526447623, 0.4854602260446572, 0.4381410749407139, 0.39067122424310335, 0.3426456765807912, 0.2933502138921797, 0.24435629914825893, 0.1958785775405243, 0.14833191365741719, 0.1032033561750434, 0.06542375806676148, 0.05880947191749519, 0.08707167847032185, 0.1274033310355083, 0.17089272206830275, 0.2154115096472077, 0.26038167866711165, 0.30563772852160465, 0.35114220674374647, 0.3968992134424874, 0.44292467362906063, 0.48923561937863985, 0.5358465004249957, 0.5827682248899353, 0.6300082542927954, 0.6775710666699398, 0.7254587030709387, 0.7736712834435746, 0.8222074522280004, 0.8612154079405152, 0.8349664624730312, 0.8098464826904571, 0.7859217942778347, 0.7632620880325437, 0.7419399745339862, 0.7220302502478393, 0.7036088466544552, 0.6867514442487803, 0.67153175244911, 0.6580194850309461, 0.6462780974415226, 0.6363623936593978, 0.6283161499441894, 0.6221699326341297, 0.6179392984034083, 0.6156235513868102, 0.6152051901936432, 0.6166501131954804, 0.6199085727640402, 0.6249167922448854, 0.6315990971908164, 0.6398703746920298, 0.6496386652658355, 0.660807708073431, 0.6732792949671369, 0.6869553328763744, 0.7017395587761165, 0.717538890674682, 0.7342644282576748, 0.7518321371057651, 0.7701632616214354, 0.789184515767626, 0.8088280995375566, 0.8290315846821144, 0.84973770718538, 0.8708940974319077, 0.892452972685521, 0.914370810815574, 0.9366080193507376, 0.9591286099499512, 0.98189988520363, 1.004892142218784, 1.0280783955860602], 'normal_align_history': [0.5263235998526794, 0.5262572203946685, 0.5261416095759205, 0.5259885530574104, 0.5258063764696003, 0.5256011069420086, 0.5253772015492879, 0.5251380176139936, 0.5248861255248269, 0.5246235228827572, 0.5243517849741322, 0.5240721728548101, 0.5237857123320177, 0.5234932524033125, 0.5231955088606624, 0.5228930969946382, 0.5225865561887657, 0.5222763684262847, 0.5219629721994987, 0.5216467729333278, 0.5213281507596631, 0.5210073222113455, 0.5206846305865452, 0.5203604113786304, 0.5200349914069475, 0.5197086888690199, 0.5193818137185197, 0.519054668085564, 0.5187275466176127, 0.5184007367004687, 0.5180745185575001, 0.5177491652418447, 0.5174249425418699, 0.5171021088205181, 0.5167809148071649, 0.516461603357965, 0.5161444091979138, 0.5158295586554033, 0.5155172693979502, 0.5152077501760735, 0.5149012005808782, 0.5145971851869352, 0.5142959000528508, 0.5139975529936576, 0.5137023479529725, 0.5134104774900363, 0.5131221195360115, 0.5128374363426224, 0.5125565745124159, 0.5122796655257147, 0.5120068264636082, 0.5117381607786777, 0.5114737590455678, 0.5112136996650362, 0.51095804951566, 0.5107068645568899, 0.5104601903908313, 0.5102180627909852, 0.5099805082056152, 0.5097475442423163, 0.5095191801390953, 0.5092976840458071, 0.5090829675621107, 0.5088748447311355, 0.5086730974194207, 0.5084775066414394, 0.5082878661005509, 0.5081039867124649, 0.5079256967828086, 0.5077528402867105, 0.5075852744986725, 0.5074228675802427, 0.5072654963960768, 0.5071130446560892, 0.5069654013963432, 0.5068224597726234, 0.506684116125776, 0.5065502692749411, 0.506420819997339, 0.5062956706580214, 0.5061747249582994, 0.5060575605221466, 0.505944095785795, 0.505834268073763, 0.5057280209151875, 0.505625298077179, 0.5055260410876572, 0.5054301885141405, 0.5053376760781169, 0.5052484371249234, 0.5051624032057769, 0.5050795046544364, 0.5049996711068043, 0.5049228319452833, 0.5048489166660435, 0.5047778551747135, 0.5047095780187436, 0.5046440165652053, 0.5045811031323004, 0.5045207710819114, 0.5044629548795875, 0.5044075901274069, 0.5043546135743456, 0.5043039631081043, 0.5042555777317502, 0.5042093975280614, 0.5041653636140722, 0.5041234180879759, 0.5040835039702923, 0.5040455651409496, 0.5040095462737554, 0.5039753927695593, 0.503943050689239, 0.5039124666875403, 0.5038835879486532, 0.5038563621243088, 0.5038307372750809, 0.5038066618154672, 0.5037840844632601, 0.5037629541936022, 0.5037432201980703, 0.503724831849047, 0.5037077386695588, 0.503691890308712, 0.5036772365227898, 0.5036637271620069, 0.5036513121628833, 0.503639941546137, 0.5036295654199585, 0.5036201339884864, 0.5036115975652642, 0.5036039065914489, 0.5035970116584736, 0.5035908635348942, 0.5035854131970796, 0.5035806118634369, 0.5035764110318091, 0.5035727625197072, 0.5035696185070145, 0.5035669315808041, 0.5035646547819094, 0.49645053142706674, 0.4976171052945335, 0.4891792331556736, 0.49082532027201287, 0.48273101483621195, 0.48472113419440016, 0.47884399019045293, 0.4809040067870853, 0.49325184052872606, 0.5107400025192725, 0.5272730489615592, 0.5355125137366334, 0.5526447421536868, 0.5616587027974675, 0.5610717705227866, 0.553729510348596, 0.5536616508265857, 0.5462228688701076, 0.548780207195749, 0.5442865966191098, 0.5375744065612662, 0.5310250344507093, 0.5230841410650835, 0.5239400472266856, 0.5349081501312267, 0.5440423313818894, 0.5568076058726564, 0.5768552133074994, 0.5874614375177314, 0.5908381798505506, 0.5855558684068235, 0.5864419065749995, 0.5790602052977628, 0.5721055771485282, 0.5751946049029253, 0.588626428862386, 0.6063366287904708, 0.6192270624091192, 0.6337453889819518, 0.6467932687595653, 0.6576080122195385, 0.6666984388760272, 0.6757219726399873, 0.6834624493319937, 0.691086550683478, 0.698450143228282, 0.7055519282679068, 0.7123933475834267, 0.7189759951517312, 0.7253009510377844, 0.7313688673112895, 0.7371802598348973, 0.7427357790016711, 0.7480363874777579, 0.7530834418397259, 0.7578787004271301, 0.7624242846748727, 0.7667226175704918, 0.770776356618334, 0.7745883324963299, 0.778161499514091, 0.7814989002638415, 0.7846036443793513, 0.7874788998358941, 0.7901278944741342, 0.792553925182852, 0.794760372247248, 0.7967507166261801, 0.7985285582684062, 0.8000976339521203, 0.8014618334948574, 0.8026252135101382, 0.8035920081725294, 0.804366636690957, 0.8049537073824858, 0.8053580183893029, 0.8055845551953384, 0.8056384851812671, 0.8055251495127359, 0.8052500526914175, 0.8048188501160619, 0.8042373340048067, 0.8035114180236196, 0.8026471209515257, 0.8016505496932459, 0.8005278819258214, 0.7992853486390994, 0.7979292168017487, 0.7964657723556519, 0.7949013037128277, 0.7932420859010242, 0.791494365477249, 0.7896643463030831, 0.7877581762519198, 0.7857819348964782, 0.7837416222050825, 0.7816431482574819, 0.7794923239752322, 0.7772948528480245, 0.7750563236256398, 0.7727822039354089, 0.7704778347770607, 0.768148425840501, 0.7657990515872672, 0.7634346480330457], 'ball_near_history': [False, False, False, False, False, False, False, False, False, False, False, False, False, False, False, False, False, False, False, False, False, False, False, False, False, False, False, False, False, False, False, False, False, False, False, False, False, False, False, False, False, False, False, False, False, False, False, False, False, False, False, False, False, False, False, False, False, False, False, False, False, False, False, False, False, False, False, False, False, False, False, False, False, False, False, False, False, False, False, False, False, False, False, False, False, False, False, False, False, False, False, False, False, False, False, False, False, False, False, False, False, False, False, False, False, False, False, False, False, False, False, False, False, False, False, False, False, False, False, False, False, False, False, False, False, False, False, False, False, False, False, False, False, False, False, False, False, False, False, False, False, False, False, False, False, False, False, False, False, False, False, False, False, False, False, False, False, False, False, False, False, False, False, False, False, False, False, False, False, False, False, False, False, False, False, False, False, False, False, False, False, False, False, False, False, False, False, True, False, False, False, False, False, False, False, False, False, False, False, False, False, False, False, False, False, False, False, False, False, False, False, False, False, False, False, False, False, False, False, False, False, False, False, False, False, False, False, False, False, False, False, False, False, False, False, False, False, False, False, False, False, False, False, False, False, False], 'tube_ready_history': [False, False, False, False, False, False, False, False, False, False, False, False, False, False, False, False, False, False, False, False, False, False, False, False, False, False, False, False, False, False, False, False, False, False, False, False, False, False, False, False, False, False, False, False, False, False, False, False, False, False, False, False, False, False, False, False, False, False, False, False, False, False, False, False, False, False, False, False, False, False, False, False, False, False, False, False, False, False, False, False, False, False, False, False, False, False, False, False, False, False, False, False, False, False, False, False, False, False, False, False, False, False, False, False, False, False, False, False, False, False, False, False, False, False, False, False, False, False, False, False, False, False, False, False, False, False, False, False, False, False, False, False, False, False, False, False, False, False, False, False, False, False, False, False, False, False, False, False, False, False, False, False, False, False, False, False, False, False, False, False, False, False, False, False, False, False, False, False, False, False, False, False, False, False, False, False, False, False, False, False, False, False, False, False, False, False, False, True, True, True, True, True, True, True, True, True, False, False, False, False, False, False, False, False, False, False, False, False, False, False, False, False, False, False, False, False, False, False, False, False, False, False, False, False, False, False, False, False, False, False, False, False, False, False, False, False, False, False, False, False, False, False, False, False, False, False], 'pos_error_history': [0.009025445338788487, 0.00889927146272329, 0.008755260703581758, 0.00863170754859033, 0.008571438813025464, 0.008619007510667968, 0.008815845873118438, 0.00919431399924875, 0.009773098685691404, 0.010556279581387155, 0.011536207878814224, 0.012698213578518967, 0.014024926097327002, 0.015499140978011425, 0.017105255405963037, 0.018829737729951092, 0.020661084778789942, 0.022589566341447626, 0.024606916651182916, 0.02670604447844507, 0.02767879477334713, 0.029856890208988036, 0.03210928427296899, 0.034430207614366326, 0.03681449369437526, 0.03925745821486496, 0.04175480354771052, 0.0443025432931371, 0.04689694278973664, 0.04953447216618794, 0.052211769224436225, 0.05492561003162339, 0.057672885570756886, 0.06045058317168459, 0.06325577173209863, 0.06608558996029974, 0.06893723704187468, 0.07180796526322739, 0.07469507422534062, 0.07759590635843668, 0.079343044088588, 0.08224360101884744, 0.08515228842824929, 0.08806645082927278, 0.0909834831303277, 0.09390082779827817, 0.09681597282377553, 0.09972645035829888, 0.10262983591435879, 0.1055237480383299, 0.10840584837980528, 0.11127384209304272, 0.11412547851556187, 0.1169585520766807, 0.1197709033951415, 0.12256042053017834, 0.12532504035471978, 0.12806275002300815, 0.1307715885079257, 0.13344964818588445, 0.1404503871491829, 0.1430606712101932, 0.14563026060188627, 0.14815779538777327, 0.15064193056103753, 0.15308134772740478, 0.15547476451574876, 0.1578209421964842, 0.16011869187423916, 0.16236687953658716, 0.16456443017653907, 0.1667103311576751, 0.16880363495327053, 0.17084346136186873, 0.1728289992794177, 0.174759508090771, 0.17663431873001179, 0.17845283444867804, 0.18021453132301946, 0.18191895852525386, 0.18245978805748422, 0.1840517718435647, 0.18558688544339585, 0.187064856553786, 0.18848550069610734, 0.18984871687281016, 0.1911544838582206, 0.19240285695802417, 0.1935939651112384, 0.19472800823842865, 0.19580525476282537, 0.19682603924872755, 0.19779076011523822, 0.19869987739405556, 0.19955391050832247, 0.20035343605601483, 0.2010990855863954, 0.20179154336200159, 0.2024315441017068, 0.20301987070278266, 0.20355735194174085, 0.20404486015515153, 0.20448330890273606, 0.20487365061583465, 0.2052168742349782, 0.20551400284071084, 0.20576609128211878, 0.20597422380771216, 0.20613951170339975, 0.2062630909423279, 0.206346119851323, 0.20638977679859255, 0.20639525790723265, 0.2063637747989171, 0.2062965523719873, 0.20619482661795302, 0.20605984248019307, 0.20589285175843108, 0.20569511106230634, 0.2054678798171189, 0.20521241832458922, 0.20492998588118186, 0.2046218389563307, 0.2042892294326153, 0.2039334029096921, 0.20355559707353896, 0.20315704013231692, 0.20273894931991818, 0.20230252946802849, 0.2018489716473099, 0.2013794518780831, 0.20089512991069225, 0.20039714807551143, 0.19988663020237912, 0.19936468060906082, 0.19883238315815713, 0.1982908003817291, 0.19774097267275445, 0.19718391754238604, 0.19662062894186255, 0.1939709426446547, 0.19207873755440966, 0.1903325129646172, 0.18706803934011254, 0.1851074760707183, 0.1819595484403275, 0.1783847259075923, 0.17673030755102742, 0.1752781893546415, 0.17294935262859773, 0.17083992519160657, 0.16848603445190735, 0.1660601096654451, 0.16317650789809413, 0.16148026668405563, 0.15950386468333647, 0.15637651620534182, 0.15268284087405096, 0.14987448154813093, 0.14677036296235013, 0.14298589796869052, 0.13948815460427885, 0.1360167109948147, 0.13074170394275533, 0.1255106015516296, 0.12066824749897706, 0.1158235169607665, 0.11045711742768612, 0.10411734122673592, 0.09925409266357342, 0.09422437726464665, 0.08934366248424105, 0.0841302213361168, 0.07957355561799222, 0.07641003434752339, 0.07260227455969483, 0.07024584669257747, 0.06811391885614318, 0.0670603608730864, 0.06712845396178552, 0.0680020163070576, 0.06930371723112655, 0.07123188717539479, 0.07290838186715616, 0.07450712961383014, 0.07612143738271446, 0.07767993870983485, 0.07919061283758351, 0.08068962853056827, 0.08221824590301399, 0.08381344824113658, 0.08550500233376161, 0.0873153358377952, 0.08926048459879415, 0.09135129733024261, 0.09359455137031622, 0.09599386172072054, 0.09855037193495472, 0.10126325912493787, 0.10413009770036773, 0.10714712416062883, 0.11030943720282826, 0.11361115814273641, 0.1170455683056586, 0.12060523344077297, 0.12428212045533993, 0.12806770863197758, 0.131953095637274, 0.13592909769765085, 0.13998634299833654, 0.14411535740886472, 0.14830664187589504, 0.15255074113194855, 0.15683830367348234, 0.16116013322402395, 0.1655072321012176, 0.16987083704822967, 0.1742424481758655, 0.17861385170139746, 0.18297713717405997, 0.18732470985537258, 0.1916492988834586, 0.19594396180129492, 0.2002020859746468, 0.20441738737016332, 0.208583907110357, 0.2126960061716808, 0.21674835854556299, 0.22073594314052536, 0.22465403466643666, 0.22849819370937302, 0.23226425617715266, 0.23594832227096674, 0.23954674511724444, 0.24305611917551032, 0.2464732685221448, 0.2497952350962667, 0.2530192669820853, 0.25614280679176865, 0.25916348020385926, 0.26207908470438557, 0.2648875785708442, 0.26758707013308813, 0.27017580733965446, 0.2726521676532132, 0.2749983919575041], 'max_qdot_ratio': 0.9983753377493029, 'max_tcp_speed': 1.6331371593078616, 'max_racket_face_speed': 1.615607731187038, 'total_mpc_steps': 246, 'ball_was_hit': True, 'hit_step': 182, 'p_ee_at_hit': array([-0.63841287, -0.25751208,  0.83275007]), 'ball_pos_at_hit': array([-0.69831301, -0.28100173,  0.84460241]), 'v_ee_at_hit': 1.3467492562355194, 'active_contact': True, 'passive_contact': False}
2026-09-11 14:19:03,486 [INFO] __main__: 击打后继续仿真 20 步...
