__STEP_TIMING__: n=239 p50=0.26 p95=0.70 p99=4.56 max=32.49 n_over_period=2 period_ms=5.00 deciles=0.24,0.25,0.25,0.25,0.26,0.26,0.27,0.27,0.31,32.49

========================================
  RM-65 击打成功！（主动击球，pos_error=0.0733m）
  [V12 EpisodeRunner 管线架构]
  ablation: full
  击打目标位置: [-0.723 -0.284  0.753]
  末端实际位置: [-0.67  -0.406  0.819]
  规划跟踪误差: 0.1489 m
  速度误差: 1.9520 m/s
  MPC 总步数: 260
  --- Tube 专用指标 ---
  最小球拍-球距离: 0.0733 m
  ball_near 步数: 8 = 40.0 ms
  tube_ready 步数: 21 = 105.0 ms
  击打时间误差: 20.0 ms
  击打位置误差: 0.0733 m
  --- 计算性能 ---
  总墙钟时间: 1.13s (MPC=1.13s)
  --- 执行层约束 ---
  max_qdot=0.99x, max_tcp=1.8m/s, max_face=1.8m/s
  击球类型: 主动击球
========================================

__RESULT__: pos_error=0.073310 vel_error=1.951965 min_dist=0.073310 ball_near_ms=40.0 tube_ready_ms=105.0 max_tcp=1.80 max_qdot=0.99 max_face=1.8 hit_type=active hit_time_error_ms=20.0 hit_pos_error=0.073310 v_racket_at_hit=1.781
2026-09-13 00:11:50,712 [INFO] __main__: [ablation] mode=full
2026-09-13 00:11:50,719 [INFO] __main__: serve-box auto params: horizon=120, iter=10, first_plan_iters=30, total_horizon=250, replan_interval=20, near_plan_iters=5
2026-09-13 00:11:50,740 [INFO] __main__: 关节限位: 仿真默认(default.yaml), TCP=1.8 m/s, terminal_exempt=20
2026-09-13 00:11:50,741 [INFO] __main__: 球拍初始位置: [-0.24136342  0.63027058  1.45576659]
2026-09-13 00:11:50,741 [DEBUG] src.tennis.ball: serve_box bounce (attempt=0): p0_z=1.24, vz0=-2.7, spd=9.0, t1=0.293, t2=0.572, z_err=0.04
2026-09-13 00:11:50,748 [INFO] __main__: 击打步数: 179, 击打位置: [-0.72275923 -0.28358804  0.75331224]
2026-09-13 00:11:50,748 [INFO] __main__: 随挥方向: [-0.06  -0.979  0.197], 随挥步数: 60
2026-09-13 00:11:50,760 [INFO] __main__: 候选窗口已构建: best_k=179, candidates=12
2026-09-13 00:11:50,761 [INFO] src.cpp.solver_cpp: iLQR C++ 加速模块已加载
2026-09-13 00:11:50,761 [INFO] __main__: 开始 V12 EpisodeRunner，总步数=310 (MPC=250, 随挥=60)，击打步数=179
2026-09-13 00:11:50,762 [INFO] src.ilqt.async_replanner: AsyncReplanner: 后台规划线程已启动
2026-09-13 00:11:50,780 [INFO] src.ilqt.async_replanner: AsyncReplanner: 规划环境已创建（独立 MjData）
2026-09-13 00:11:50,787 [INFO] src.ilqt.async_replanner: AsyncReplanner: 规划环境已创建（独立 MjData）
2026-09-13 00:11:50,808 [DEBUG] src.ilqt.tube_cost: [Softmin诊断] 候选权重TOP3: k=179:w=0.083, k=178:w=0.082, k=180:w=0.082
2026-09-13 00:11:51,718 [INFO] src.ilqt.mpc_controller: REPLAN step=0 k_hit=179 iters=30 horizon=120 t=937ms
2026-09-13 00:11:51,719 [INFO] src.ilqt.mpc_controller: MPCController.start 完成: k_hit=179, p_hit=[-0.723 -0.284  0.753], buffer=120
2026-09-13 00:11:51,722 [DEBUG] src.ilqt.replan_core: FAR_JT step=0 k_hit=179 (JT gain=60, skip iLQR)
2026-09-13 00:11:51,722 [DEBUG] src.ilqt.mpc_controller: REPLAN step=0 k_hit=179 iters=0 horizon=0 t=4ms
2026-09-13 00:11:51,723 [DEBUG] src.ilqt.mpc_controller: MPCController.step 0: replan k_hit=179 refine=feasible buffer=20
2026-09-13 00:11:51,732 [DEBUG] src.ilqt.replan_core: FAR_JT step=20 k_hit=159 (JT gain=60, skip iLQR)
2026-09-13 00:11:51,732 [DEBUG] src.ilqt.mpc_controller: REPLAN step=20 k_hit=159 iters=0 horizon=0 t=4ms
2026-09-13 00:11:51,732 [DEBUG] src.ilqt.mpc_controller: MPCController.step 20: replan k_hit=159 refine=feasible buffer=20
2026-09-13 00:11:51,741 [DEBUG] src.ilqt.replan_core: FAR_JT step=40 k_hit=139 (JT gain=60, skip iLQR)
2026-09-13 00:11:51,741 [DEBUG] src.ilqt.mpc_controller: REPLAN step=40 k_hit=139 iters=0 horizon=0 t=4ms
2026-09-13 00:11:51,741 [DEBUG] src.ilqt.mpc_controller: MPCController.step 40: replan k_hit=139 refine=feasible buffer=20
2026-09-13 00:11:51,750 [DEBUG] src.ilqt.replan_core: FAR_JT step=60 k_hit=119 (JT gain=60, skip iLQR)
2026-09-13 00:11:51,750 [DEBUG] src.ilqt.mpc_controller: REPLAN step=60 k_hit=119 iters=0 horizon=0 t=4ms
2026-09-13 00:11:51,750 [DEBUG] src.ilqt.mpc_controller: MPCController.step 60: replan k_hit=119 refine=feasible buffer=20
2026-09-13 00:11:51,759 [DEBUG] src.ilqt.replan_core: FAR_JT step=80 k_hit=99 (JT gain=60, skip iLQR)
2026-09-13 00:11:51,759 [DEBUG] src.ilqt.mpc_controller: REPLAN step=80 k_hit=99 iters=0 horizon=0 t=3ms
2026-09-13 00:11:51,759 [DEBUG] src.ilqt.mpc_controller: MPCController.step 80: replan k_hit=99 refine=feasible buffer=20
2026-09-13 00:11:51,767 [DEBUG] src.ilqt.replan_core: FAR_JT step=100 k_hit=79 (JT gain=60, skip iLQR)
2026-09-13 00:11:51,767 [DEBUG] src.ilqt.mpc_controller: REPLAN step=100 k_hit=79 iters=0 horizon=0 t=3ms
2026-09-13 00:11:51,768 [DEBUG] src.ilqt.mpc_controller: MPCController.step 100: replan k_hit=79 refine=feasible buffer=20
2026-09-13 00:11:51,776 [DEBUG] src.ilqt.replan_core: FAR_JT step=120 k_hit=59 (JT gain=60, skip iLQR)
2026-09-13 00:11:51,776 [DEBUG] src.ilqt.mpc_controller: REPLAN step=120 k_hit=59 iters=0 horizon=0 t=3ms
2026-09-13 00:11:51,776 [INFO] src.ilqt.strategies.hit_point_refiner: [HIT_LOCK] k_hit=59 ≤ 60, 锁定击球点不再替换
2026-09-13 00:11:51,776 [DEBUG] src.ilqt.mpc_controller: MPCController.step 120: replan k_hit=59 refine=locked buffer=20
2026-09-13 00:11:51,792 [DEBUG] src.ilqt.tube_cost: [Softmin诊断] 候选权重TOP3: k=39:w=0.083, k=38:w=0.082, k=40:w=0.082
2026-09-13 00:11:51,813 [DEBUG] src.ilqt.mpc_controller: REPLAN step=140 k_hit=39 iters=5 horizon=39 t=32ms
2026-09-13 00:11:51,814 [DEBUG] src.ilqt.mpc_controller: MPCController.step 140: replan k_hit=39 refine=locked buffer=20
2026-09-13 00:11:51,816 [INFO] src.ilqt.components.predictive_safety: [SAFETY_FILTER] beta=0.8: qdot entering overspeed, joint=5, |qdot|=3.96 > 3.93
2026-09-13 00:11:51,817 [INFO] src.ilqt.components.predictive_safety: [SAFETY_FILTER] beta=0.2: qdot entering overspeed, joint=5, |qdot|=5.17 > 3.93
2026-09-13 00:11:51,828 [DEBUG] src.ilqt.tube_cost: [Softmin诊断] 候选权重TOP3: k=19:w=0.083, k=18:w=0.082, k=20:w=0.082
2026-09-13 00:11:51,840 [DEBUG] src.ilqt.mpc_controller: REPLAN step=160 k_hit=19 iters=5 horizon=19 t=21ms
2026-09-13 00:11:51,840 [DEBUG] src.ilqt.mpc_controller: MPCController.step 160: replan k_hit=19 refine=locked buffer=19
2026-09-13 00:11:51,840 [INFO] src.ilqt.components.predictive_safety: [SAFETY_FILTER] beta=0.4: tcp speed 1.96 > 1.80 m/s
2026-09-13 00:11:51,841 [INFO] src.ilqt.components.predictive_safety: [SAFETY_FILTER] beta=0.0: tcp speed 2.20 > 1.80 m/s
2026-09-13 00:11:51,842 [INFO] src.ilqt.components.predictive_safety: [SAFETY_FILTER] beta=0.6: tcp speed 1.86 > 1.80 m/s
2026-09-13 00:11:51,842 [INFO] src.ilqt.components.predictive_safety: [SAFETY_FILTER] beta=0.8: tcp speed 1.80 > 1.80 m/s
2026-09-13 00:11:51,843 [INFO] src.ilqt.components.predictive_safety: [SAFETY_FILTER] beta=0.6: tcp speed 1.88 > 1.80 m/s
2026-09-13 00:11:51,845 [INFO] src.ilqt.components.predictive_safety: [SAFETY_FILTER] beta=0.4: qdot entering overspeed, joint=2, |qdot|=4.54 > 3.93
2026-09-13 00:11:51,845 [INFO] src.ilqt.components.predictive_safety: [SAFETY_FILTER] beta=0.4: qdot entering overspeed, joint=5, |qdot|=3.99 > 3.93
2026-09-13 00:11:51,846 [INFO] src.ilqt.components.predictive_safety: [SAFETY_FILTER] beta=0.2: tcp speed 2.12 > 1.80 m/s
2026-09-13 00:11:51,847 [INFO] src.ilqt.components.predictive_safety: [SAFETY_FILTER] beta=0.2: qdot entering overspeed, joint=2, |qdot|=4.93 > 3.93
2026-09-13 00:11:51,847 [INFO] src.ilqt.components.predictive_safety: [SAFETY_FILTER] beta=0.2: qdot entering overspeed, joint=2, |qdot|=5.05 > 3.93
2026-09-13 00:11:51,848 [INFO] src.ilqt.components.predictive_safety: [SAFETY_FILTER] beta=0.0: qdot entering overspeed, joint=2, |qdot|=5.19 > 3.93
2026-09-13 00:11:51,849 [INFO] src.ilqt.strategies.follow_through: 随挥触发: step=178, steps=60
2026-09-13 00:11:51,866 [INFO] src.ilqt.async_replanner: AsyncReplanner: 后台规划线程已停止
2026-09-13 00:11:51,866 [INFO] src.ilqt.episode_runner: EpisodeRunner 完成: total_steps=240 safe_steps=240 mpc_done=True
2026-09-13 00:11:51,866 [DEBUG] src.ilqt.episode_runner: EpisodeRunner metrics 详情: {'total_steps': 240, 'safe_steps': 240, 'mpc_done': True, 'X_history': [array([-1.5  ,  1.57 , -0.236,  0.404,  0.446,  2.45 ,  0.   ,  0.   ,
        0.   ,  0.   ,  0.   ,  0.   ]), array([ 2.45527631e-02,  1.41981043e+00, -5.14500835e-01, -1.13223828e-01,
        7.53140954e-01,  2.44998433e+00, -6.51085537e-04, -2.89032439e-02,
        9.57101197e-03,  1.93441907e-03, -5.14939119e-02, -3.13389812e-03]), array([ 2.45453205e-02,  1.41952445e+00, -5.14425180e-01, -1.13205897e-01,
        7.52682147e-01,  2.44995943e+00, -1.48853782e-03, -5.71972769e-02,
        1.51309347e-02,  3.58613424e-03, -9.17614331e-02, -4.98105872e-03]), array([ 0.02453302,  1.4191006 , -0.51433742, -0.11318097,  0.75206435,
        2.44992893, -0.00245984, -0.08476898,  0.01755274,  0.00498561,
       -0.12355959, -0.00609807]), array([ 0.0245154 ,  1.41854286, -0.51424983, -0.11315017,  0.75131953,
        2.44989495, -0.00352485, -0.11154854,  0.01751779,  0.00615918,
       -0.14896443, -0.00679694]), array([ 0.02449213,  1.41785537, -0.51417203, -0.11311452,  0.75047183,
        2.44985868, -0.00465272, -0.13749719,  0.01556035,  0.00713144,
       -0.16953872, -0.00725362]), array([ 0.02446303,  1.41704238, -0.51411152, -0.11307489,  0.74953954,
        2.44982084, -0.0058197 , -0.1625981 ,  0.01210139,  0.00792595,
       -0.1864581 , -0.00756814]), array([ 0.024428  ,  1.41610813, -0.51407415, -0.11303206,  0.74853651,
        2.44978185, -0.00700743, -0.18684975,  0.00747442,  0.0085651 ,
       -0.20060617, -0.00779783]), array([ 2.43869888e-02,  1.41505683e+00, -5.14064421e-01, -1.12986711e-01,
        7.47473282e-01,  2.44974197e+00, -8.20177982e-03, -2.10261082e-01,
        1.94507695e-03,  9.06981140e-03, -2.12646090e-01, -7.97590290e-03]), array([ 0.02434003,  1.41389259, -0.51408579, -0.11293941,  0.74635791,
        2.44970136, -0.00939181, -0.23284791, -0.00427375,  0.00945934,
       -0.22307452, -0.00812184]), array([ 0.02428718,  1.41261944, -0.51414084, -0.11289066,  0.7451966 ,
        2.44966013, -0.01056914, -0.25463035, -0.01101039,  0.00975111,
       -0.23226242, -0.0082472 ]), array([ 0.02422855,  1.41124128, -0.51423147, -0.11284086,  0.74399417,
        2.44961833, -0.01172732, -0.27563095, -0.01812549,  0.00996068,
       -0.24048584, -0.00835896]), array([ 0.02416424,  1.40976191, -0.51435899, -0.11279035,  0.74275442,
        2.44957603, -0.01286148, -0.29587338, -0.02550514,  0.01010179,
       -0.24794924, -0.00846138]), array([ 0.0240944 ,  1.40818501, -0.51452427, -0.11273941,  0.74148041,
        2.44953324, -0.01396793, -0.31538147, -0.03305565,  0.01018643,
       -0.25480312, -0.00855711]), array([ 0.02401918,  1.40651411, -0.51472777, -0.11268829,  0.74017462,
        2.44949   , -0.01504394, -0.33417861, -0.04069933,  0.010225  ,
       -0.26115738, -0.00864783]), array([ 0.02393874,  1.40475268, -0.51496963, -0.11263716,  0.73883916,
        2.44944633, -0.01608751, -0.35228731, -0.04837138,  0.01022641,
       -0.26709142, -0.00873463]), array([ 0.02385326,  1.40290403, -0.51524971, -0.11258617,  0.73747585,
        2.44940224, -0.0170972 , -0.36972893, -0.05601736,  0.01019828,
       -0.2726617 , -0.00881821]), array([ 0.0237629 ,  1.40097142, -0.51556767, -0.11253543,  0.73608632,
        2.44935774, -0.01807201, -0.3865235 , -0.06359116,  0.01014704,
       -0.27790752, -0.00889905]), array([ 0.02366784,  1.39895797, -0.51592294, -0.11248504,  0.73467204,
        2.44931285, -0.0190113 , -0.40268968, -0.07105355,  0.01007812,
       -0.28285533, -0.00897751]), array([ 0.02356827,  1.39686674, -0.51631479, -0.11243506,  0.73323443,
        2.44926759, -0.01991467, -0.4182447 , -0.07837086,  0.00999603,
       -0.287522  , -0.00905382]), array([ 0.02346436,  1.39470072, -0.51674236, -0.11238554,  0.73177484,
        2.44922194, -0.02078192, -0.4332044 , -0.08551404,  0.00990455,
       -0.29191727, -0.00912819]), array([ 0.0233564 ,  1.39246277, -0.5172048 , -0.11233681,  0.73029403,
        2.44917601, -0.02159109, -0.44759042, -0.09248765,  0.00974642,
       -0.29616181, -0.0091863 ]), array([ 0.02324459,  1.39015571, -0.51770102, -0.11228885,  0.7287934 ,
        2.44912976, -0.02236207, -0.46141267, -0.09924458,  0.00959114,
       -0.30012718, -0.00924956]), array([ 0.02312912,  1.38778229, -0.51822985, -0.11224165,  0.72727432,
        2.44908319, -0.02309506, -0.47468277, -0.10576471,  0.00943902,
       -0.30381499, -0.00931481]), array([ 0.02301016,  1.38534524, -0.51879   , -0.1121952 ,  0.7257382 ,
        2.44903629, -0.02379032, -0.48741125, -0.11203037,  0.00929042,
       -0.30722384, -0.00938045]), array([ 0.02288792,  1.3828472 , -0.51938013, -0.11214947,  0.72418645,
        2.44898906, -0.02444811, -0.49960765, -0.11802598,  0.00914573,
       -0.31035021, -0.0094457 ]), array([ 0.02276258,  1.3802908 , -0.51999882, -0.11210445,  0.72262051,
        2.44894151, -0.02506872, -0.51128055, -0.12373775,  0.00900526,
       -0.31318905, -0.00951021]), array([ 0.02263432,  1.37767861, -0.52064458, -0.1120601 ,  0.72104184,
        2.44889364, -0.02565242, -0.52243764, -0.12915336,  0.0088693 ,
       -0.31573436, -0.00957387]), array([ 0.02250332,  1.37501318, -0.52131589, -0.11201641,  0.71945194,
        2.44884546, -0.0261995 , -0.53308579, -0.13426185,  0.00873807,
       -0.31797948, -0.00963672]), array([ 0.02236977,  1.37229702, -0.52201116, -0.11197335,  0.71785235,
        2.44879696, -0.02671024, -0.54323112, -0.13905337,  0.00861174,
       -0.31991743, -0.00969882]), array([ 0.02223385,  1.36953263, -0.52272876, -0.1119309 ,  0.71624465,
        2.44874816, -0.02718491, -0.55287909, -0.14351908,  0.00849043,
       -0.32154113, -0.0097603 ]), array([ 0.02209573,  1.36672245, -0.52346701, -0.11188903,  0.71463043,
        2.44869905, -0.02762378, -0.56203449, -0.14765105,  0.00837422,
       -0.32284356, -0.00982128]), array([ 0.02195559,  1.36386895, -0.52422422, -0.11184771,  0.71301134,
        2.44864964, -0.02802711, -0.57070159, -0.15144216,  0.00826313,
       -0.32381792, -0.00988189]), array([ 0.02181362,  1.36097453, -0.52499865, -0.11180693,  0.71138905,
        2.44859993, -0.02839516, -0.57888415, -0.15488602,  0.00815715,
       -0.32445773, -0.00994225]), array([ 0.02166997,  1.3580416 , -0.52578854, -0.11176665,  0.70976526,
        2.44854992, -0.02872818, -0.58658546, -0.15797694,  0.00805626,
       -0.32475694, -0.01000248]), array([ 0.02152484,  1.35507256, -0.52659209, -0.11172684,  0.70814171,
        2.44849961, -0.0290264 , -0.59380846, -0.16070988,  0.00796038,
       -0.32470999, -0.0100627 ]), array([ 0.02137839,  1.35206978, -0.52740749, -0.1116875 ,  0.70652016,
        2.44844899, -0.02929007, -0.60055574, -0.1630804 ,  0.00786944,
       -0.32431188, -0.01012299]), array([ 0.02123079,  1.34903563, -0.52823291, -0.11164858,  0.70490236,
        2.44839808, -0.02951942, -0.6068296 , -0.16508465,  0.00778331,
       -0.32355823, -0.01018345]), array([ 0.02108222,  1.34597247, -0.52906651, -0.11161007,  0.70329014,
        2.44834685, -0.02971471, -0.61263212, -0.16671935,  0.00770189,
       -0.32244535, -0.01024417]), array([ 0.02093284,  1.34288264, -0.52990642, -0.11157195,  0.70168529,
        2.44829533, -0.02987616, -0.61796519, -0.16798178,  0.00762503,
       -0.32097022, -0.01030519]), array([ 0.02078282,  1.33976849, -0.53075077, -0.11153418,  0.70008963,
        2.4482435 , -0.03000403, -0.62283056, -0.16886978,  0.0075526 ,
       -0.31913059, -0.01036659]), array([ 0.02063288,  1.33663226, -0.53159803, -0.11149817,  0.69850367,
        2.44819165, -0.02998736, -0.62724686, -0.16945319,  0.0072019 ,
       -0.31719222, -0.01036866]), array([ 0.02048322,  1.33347622, -0.53244636, -0.11146368,  0.69692947,
        2.44813964, -0.02993192, -0.63120722, -0.16966661,  0.00689851,
       -0.31484016, -0.01040255]), array([ 0.02033403,  1.33030266, -0.5332939 , -0.11143052,  0.69536904,
        2.44808737, -0.02983902, -0.63471191, -0.16950707,  0.00663278,
       -0.31208617, -0.01045307]), array([ 0.02018548,  1.32711385, -0.53413876, -0.11139853,  0.69382434,
        2.44803481, -0.02970979, -0.63776147, -0.16897283,  0.00639738,
       -0.30893991, -0.01051213]), array([ 0.02003775,  1.32391207, -0.53497908, -0.1113676 ,  0.69229729,
        2.44798194, -0.02954523, -0.64035673, -0.1680632 ,  0.00618661,
       -0.30540969, -0.01057544]), array([ 0.01989102,  1.32069958, -0.53581297, -0.11133762,  0.69078978,
        2.44792873, -0.02934624, -0.64249879, -0.16677837,  0.00599603,
       -0.30150306, -0.01064079]), array([ 0.01974545,  1.31747863, -0.53663857, -0.11130851,  0.68930364,
        2.4478752 , -0.02911365, -0.64418904, -0.16511938,  0.00582218,
       -0.29722724, -0.01070705]), array([ 0.01960121,  1.31425148, -0.53745401, -0.11128019,  0.68784069,
        2.44782133, -0.02884824, -0.64542912, -0.16308801,  0.00566229,
       -0.29258939, -0.01077367]), array([ 0.01945846,  1.31102038, -0.53825744, -0.11125262,  0.68640271,
        2.44776713, -0.02855077, -0.646221  , -0.16068677,  0.00551419,
       -0.28759691, -0.01084036]), array([ 0.01931735,  1.30778754, -0.53904704, -0.11122574,  0.68499142,
        2.44771259, -0.02822198, -0.64656693, -0.15791882,  0.00537618,
       -0.28225756, -0.010907  ]), array([ 0.01917804,  1.3045552 , -0.53982098, -0.11119951,  0.68360852,
        2.44765772, -0.02786261, -0.64646952, -0.15478799,  0.00524689,
       -0.27657959, -0.01097352]), array([ 0.01904067,  1.30132554, -0.54057747, -0.11117388,  0.68225566,
        2.44760252, -0.02747341, -0.64593169, -0.15129875,  0.00512524,
       -0.27057187, -0.01103987]), array([ 0.01890539,  1.29810075, -0.54131475, -0.11114883,  0.68093445,
        2.44754699, -0.02705513, -0.64495677, -0.14745617,  0.0050104 ,
       -0.26424388, -0.011106  ]), array([ 0.01877235,  1.29488301, -0.54203108, -0.11112432,  0.67964642,
        2.44749114, -0.02660856, -0.64354844, -0.14326593,  0.00490172,
       -0.25760581, -0.01117185]), array([ 0.01864168,  1.29167446, -0.54272475, -0.11110033,  0.67839307,
        2.44743495, -0.0261345 , -0.64171081, -0.13873433,  0.00479868,
       -0.25066855, -0.01123733]), array([ 0.01851351,  1.28847722, -0.54339409, -0.11107682,  0.67717585,
        2.44737844, -0.02563378, -0.6394484 , -0.13386824,  0.00470089,
       -0.24344369, -0.01130237]), array([ 0.01838797,  1.28529339, -0.54403747, -0.11105378,  0.67599614,
        2.4473216 , -0.02510727, -0.63676619, -0.12867513,  0.00460808,
       -0.23594355, -0.01136687]), array([ 0.01826519,  1.28212504, -0.54465328, -0.11103118,  0.67485523,
        2.44726445, -0.02455587, -0.6336696 , -0.12316301,  0.00452004,
       -0.2281811 , -0.01143069]), array([ 0.01814529,  1.27897422, -0.54523999, -0.111009  ,  0.67375438,
        2.44720698, -0.02398051, -0.63016453, -0.11734048,  0.00443663,
       -0.22017002, -0.01149372]), array([ 0.01802838,  1.27584293, -0.54579607, -0.11098721,  0.67269476,
        2.4471492 , -0.02338216, -0.62625733, -0.11121668,  0.00435777,
       -0.2119246 , -0.01155583]), array([ 0.01791289,  1.27273351, -0.54631855, -0.1109617 ,  0.67168403,
        2.44709012, -0.0230988 , -0.62188344, -0.10449667,  0.00510305,
       -0.20214535, -0.01181695]), array([ 0.01779888,  1.26964809, -0.54680589, -0.11093315,  0.67072188,
        2.44703027, -0.02280181, -0.6170837 , -0.09746661,  0.0057087 ,
       -0.19243061, -0.0119689 ]), array([ 0.01768643,  1.26658873, -0.54725664, -0.11090212,  0.66980822,
        2.44696995, -0.02248944, -0.61187355, -0.09015006,  0.00620636,
       -0.18273263, -0.01206379]), array([ 0.01757563,  1.26355739, -0.54766947, -0.11086902,  0.66894311,
        2.44690931, -0.02216051, -0.60626742, -0.0825675 ,  0.00661996,
       -0.17302013, -0.01212932]), array([ 0.01746656,  1.26055599, -0.54804316, -0.11083418,  0.66812674,
        2.44684841, -0.02181431, -0.60027913, -0.07473725,  0.0069678 ,
       -0.16327419, -0.01217996]), array([ 0.0173593 ,  1.25758638, -0.54837654, -0.11079786,  0.66735932,
        2.44678729, -0.02145049, -0.59392206, -0.06667613,  0.00726407,
       -0.15348526, -0.01222313]), array([ 0.01725396,  1.25465033, -0.54866854, -0.11076026,  0.66664106,
        2.44672598, -0.02106899, -0.58720944, -0.0584    ,  0.0075198 ,
       -0.14365075, -0.01226242]), array([ 0.01715061,  1.25174956, -0.54891816, -0.11072154,  0.6659722 ,
        2.44666448, -0.02066999, -0.58015441, -0.04992403,  0.00774365,
       -0.1337734 , -0.01229947]), array([ 0.01704934,  1.24888571, -0.54912448, -0.11068183,  0.6653529 ,
        2.44660281, -0.02025384, -0.57277014, -0.04126307,  0.00794244,
       -0.12385988, -0.01233487]), array([ 0.01695023,  1.24606036, -0.54928664, -0.11064122,  0.6647833 ,
        2.44654096, -0.01982108, -0.56506996, -0.03243172,  0.00812154,
       -0.11391982, -0.01236872]), array([ 0.01685337,  1.24327503, -0.54940386, -0.1105998 ,  0.66426347,
        2.44647896, -0.01937235, -0.55706733, -0.02344453,  0.00828522,
       -0.10396506, -0.01240086]), array([ 0.01675883,  1.24053115, -0.54947544, -0.11055761,  0.66379343,
        2.4464168 , -0.01890842, -0.54877594, -0.01431604,  0.00843687,
       -0.094009  , -0.01243104]), array([ 0.01666668,  1.2378301 , -0.54950074, -0.11051472,  0.6633731 ,
        2.44635451, -0.01843013, -0.54020971, -0.00506085,  0.00857917,
       -0.08406621, -0.01245901]), array([ 0.01657699,  1.23517318, -0.54947921, -0.11047115,  0.66300234,
        2.44629209, -0.0179384 , -0.5313828 ,  0.00430637,  0.00871429,
       -0.07415201, -0.01248449]), array([ 0.01648982,  1.23256164, -0.54941036, -0.11042693,  0.66268093,
        2.44622955, -0.01743421, -0.52230959,  0.01377086,  0.00884394,
       -0.06428223, -0.01250725]), array([ 0.01640522,  1.22999661, -0.54929377, -0.11038208,  0.66240856,
        2.44616692, -0.01691859, -0.51300471,  0.02331779,  0.00896949,
       -0.05447294, -0.01252708]), array([ 0.01632326,  1.2274792 , -0.54912911, -0.11033662,  0.66218486,
        2.4461042 , -0.0163926 , -0.50348303,  0.03293226,  0.00909204,
       -0.0447403 , -0.0125438 ]), array([ 0.01624397,  1.2250104 , -0.54891611, -0.11029056,  0.66200936,
        2.44604141, -0.01585732, -0.49375958,  0.04259932,  0.00921248,
       -0.03510042, -0.01255727]), array([ 0.0161674 ,  1.22259115, -0.54865459, -0.1102439 ,  0.66188151,
        2.44597857, -0.01531388, -0.48384961,  0.05230403,  0.0093315 ,
       -0.02556918, -0.01256736]), array([ 0.01609359,  1.22022231, -0.54834443, -0.11019665,  0.6618007 ,
        2.4459157 , -0.01476339, -0.47376852,  0.06203146,  0.00944967,
       -0.0161622 , -0.01257399]), array([ 0.01602256,  1.21790464, -0.54798562, -0.11014882,  0.66176611,
        2.44585282, -0.0142063 , -0.46353297,  0.07176186,  0.00956557,
       -0.0069178 , -0.01257586]), array([ 1.59543336e-02,  1.21563885e+00, -5.47578199e-01, -1.10100414e-01,
        6.61776998e-01,  2.44578995e+00, -1.36445060e-02, -4.53158092e-01,
        8.14848370e-02,  9.68184967e-03,  2.17737008e-03, -1.25747840e-02]), array([ 0.01588894,  1.21342556, -0.54712227, -0.11005142,  0.66183254,
        2.4457271 , -0.01307912, -0.44265946,  0.09118596,  0.00979868,
        0.01110792, -0.01257043]), array([ 0.01582638,  1.21126529, -0.54661801, -0.11000184,  0.66193183,
        2.44566428, -0.01251126, -0.43205272,  0.10085089,  0.00991618,
        0.0198593 , -0.01256262]), array([ 0.01576667,  1.20915852, -0.54606569, -0.10995167,  0.66207392,
        2.44560153, -0.01194204, -0.42135355,  0.11046543,  0.01003444,
        0.02841782, -0.01255128]), array([ 0.01570981,  1.20710564, -0.54546561, -0.1099009 ,  0.66225778,
        2.44553885, -0.01137255, -0.41057763,  0.12001558,  0.01015354,
        0.03677061, -0.01253639]), array([ 0.01565579,  1.20510693, -0.54481817, -0.10984953,  0.6624823 ,
        2.44547626, -0.01080387, -0.3997406 ,  0.12948757,  0.01027352,
        0.04490563, -0.01251796]), array([ 0.0156046 ,  1.20316264, -0.54412383, -0.10979756,  0.66274636,
        2.44541378, -0.01023704, -0.388858  ,  0.13886792,  0.01039437,
        0.05281165, -0.01249604]), array([ 0.01555624,  1.20127292, -0.54338311, -0.10974498,  0.66304875,
        2.44535142, -0.0096731 , -0.37794529,  0.14814348,  0.0105161 ,
        0.06047827, -0.01247069]), array([ 0.01551067,  1.19943783, -0.54259661, -0.10969179,  0.66338823,
        2.44528921, -0.00911304, -0.36701776,  0.15730143,  0.01063866,
        0.06789591, -0.01244199]), array([ 0.01546788,  1.19765738, -0.54176496, -0.10963798,  0.66376351,
        2.44522716, -0.00855783, -0.35609053,  0.16632933,  0.01076199,
        0.07505584, -0.01241003]), array([ 0.01542784,  1.19593148, -0.54088888, -0.10958355,  0.66417326,
        2.44516529, -0.0080084 , -0.3451785 ,  0.17521517,  0.01088602,
        0.08195012, -0.01237492]), array([ 0.01539051,  1.19426   , -0.53996915, -0.10952849,  0.66461612,
        2.4451036 , -0.00746564, -0.33429633,  0.18394738,  0.01101064,
        0.08857168, -0.01233677]), array([ 0.01535586,  1.19264271, -0.53900657, -0.10947281,  0.66509069,
        2.44504213, -0.00693042, -0.32345841,  0.19251485,  0.01113575,
        0.09491425, -0.01229571]), array([ 0.01532384,  1.19107931, -0.53800204, -0.10941651,  0.66559556,
        2.44498087, -0.00640355, -0.31267881,  0.20090695,  0.01126121,
        0.1009724 , -0.01225186]), array([ 0.01529442,  1.18956946, -0.53695647, -0.10935957,  0.66612926,
        2.44491984, -0.00588579, -0.30197129,  0.20911356,  0.01138687,
        0.10674151, -0.01220538]), array([ 0.01526753,  1.18811271, -0.53587085, -0.10930201,  0.66669035,
        2.44485906, -0.00537789, -0.29134924,  0.21712511,  0.01151258,
        0.11221777, -0.01215641]), array([ 0.01524312,  1.18670858, -0.53474618, -0.10924382,  0.66727734,
        2.44479853, -0.00488052, -0.28082567,  0.22493255,  0.01163815,
        0.11739815, -0.0121051 ]), array([ 0.01522115,  1.18535652, -0.53358355, -0.109185  ,  0.66788874,
        2.44473827, -0.00439433, -0.27041318,  0.23252739,  0.01176342,
        0.12228044, -0.01205161]), array([ 0.01520155,  1.1840559 , -0.53238404, -0.10912556,  0.66852306,
        2.44467829, -0.00391991, -0.26012394,  0.23990172,  0.01188817,
        0.12686316, -0.01199611]), array([ 0.01518426,  1.18280605, -0.5311488 , -0.1090655 ,  0.66917879,
        2.4446186 , -0.0034578 , -0.2499697 ,  0.24704819,  0.01201221,
        0.1311456 , -0.01193877]), array([ 0.01516922,  1.18160624, -0.529879  , -0.10900482,  0.66985443,
        2.4445592 , -0.00300852, -0.23996171,  0.25396006,  0.01213533,
        0.13512775, -0.01187976]), array([ 0.01515636,  1.18045569, -0.52857584, -0.10894354,  0.67054848,
        2.4445001 , -0.00257251, -0.23011075,  0.26063117,  0.01225732,
        0.13881032, -0.01181924]), array([ 1.51456070e-02,  1.17935355e+00, -5.27240560e-01, -1.08881648e-01,
        6.71259452e-01,  2.44444132e+00, -2.15017320e-03, -2.20427122e-01,
        2.67055953e-01,  1.23779413e-02,  1.42194706e-01, -1.17574039e-02]), array([ 1.51368976e-02,  1.17829895e+00, -5.25874413e-01, -1.08819163e-01,
        6.71985867e-01,  2.44438285e+00, -1.74187873e-03, -2.10920592e-01,
        2.73229442e-01,  1.24969829e-02,  1.45282939e-01, -1.16944137e-02]), array([ 1.51301579e-02,  1.17729095e+00, -5.24478677e-01, -1.08756092e-01,
        6.72726256e-01,  2.44432469e+00, -1.34793884e-03, -2.01600420e-01,
        2.79147267e-01,  1.26142151e-02,  1.48077677e-01, -1.16304470e-02]), array([ 1.51253148e-02,  1.17632857e+00, -5.23054648e-01, -1.08692445e-01,
        6.73479166e-01,  2.44426686e+00, -9.68623492e-04, -1.92475334e-01,
        2.84805653e-01,  1.27294109e-02,  1.50582173e-01, -1.15656771e-02]), array([ 1.51222940e-02,  1.17541080e+00, -5.21603641e-01, -1.08628234e-01,
        6.74243168e-01,  2.44420936e+00, -6.04158420e-04, -1.83553523e-01,
        2.90201411e-01,  1.28423441e-02,  1.52800240e-01, -1.15002756e-02]), array([ 1.51210204e-02,  1.17453659e+00, -5.20126982e-01, -1.08563470e-01,
        6.75016849e-01,  2.44415219e+00, -2.54726154e-04, -1.74842635e-01,
        2.95331940e-01,  1.29527902e-02,  1.54736225e-01, -1.14344117e-02]), array([ 1.51214180e-02,  1.17370484e+00, -5.18626006e-01, -1.08498167e-01,
        6.75798824e-01,  2.44409535e+00,  7.95328879e-05, -1.66349770e-01,
        3.00195210e-01,  1.30605279e-02,  1.56394968e-01, -1.13682517e-02]), array([ 1.51234106e-02,  1.17291443e+00, -5.17102057e-01, -1.08432340e-01,
        6.76587732e-01,  2.44403884e+00,  3.98519162e-04, -1.58081476e-01,
        3.04789759e-01,  1.31653402e-02,  1.57781778e-01, -1.13019583e-02]), array([ 1.51269215e-02,  1.17216421e+00, -5.15556483e-01, -1.08366005e-01,
        6.77382244e-01,  2.44398266e+00,  7.02172671e-04, -1.50043754e-01,
        3.09114681e-01,  1.32670157e-02,  1.58902394e-01, -1.12356900e-02]), array([ 1.51318739e-02,  1.17145300e+00, -5.13990635e-01, -1.08299178e-01,
        6.78181059e-01,  2.44392681e+00,  9.90471539e-04, -1.42242051e-01,
        3.13169610e-01,  1.33653491e-02,  1.59762952e-01, -1.11696010e-02]), array([ 1.51381910e-02,  1.17077960e+00, -5.12405862e-01, -1.08231878e-01,
        6.78982909e-01,  2.44387129e+00,  1.26343051e-03, -1.34681269e-01,
        3.16954711e-01,  1.34601431e-02,  1.60369953e-01, -1.11038403e-02]), array([ 1.51457965e-02,  1.17014277e+00, -5.10803508e-01, -1.08164122e-01,
        6.79786560e-01,  2.44381610e+00,  1.52109938e-03, -1.27365765e-01,
        3.20470660e-01,  1.35512084e-02,  1.60730228e-01, -1.10385514e-02]), array([ 1.51546143e-02,  1.16954127e+00, -5.09184915e-01, -1.08095930e-01,
        6.80590815e-01,  2.44376123e+00,  1.76356135e-03, -1.20299355e-01,
        3.23718631e-01,  1.36383653e-02,  1.60850904e-01, -1.09738722e-02]), array([ 1.51645690e-02,  1.16897385e+00, -5.07551414e-01, -1.08027323e-01,
        6.81394511e-01,  2.44370668e+00,  1.99093142e-03, -1.13485326e-01,
        3.26700278e-01,  1.37214439e-02,  1.60739373e-01, -1.09099345e-02]), array([ 1.51755857e-02,  1.16843921e+00, -5.05904325e-01, -1.07958321e-01,
        6.82196528e-01,  2.44365245e+00,  2.20335459e-03, -1.06926436e-01,
        3.29417716e-01,  1.38002853e-02,  1.60403257e-01, -1.08468637e-02]), array([ 1.51875908e-02,  1.16793609e+00, -5.04244958e-01, -1.07888948e-01,
        6.82995780e-01,  2.44359852e+00,  2.40100422e-03, -1.00624929e-01,
        3.31873501e-01,  1.38747417e-02,  1.59850378e-01, -1.07847786e-02]), array([ 0.01520051,  1.16746318, -0.5025746 , -0.10781922,  0.68379122,
        2.44354491,  0.00258408, -0.09458254,  0.33407061,  0.01394468,
        0.15908873, -0.01072379]), array([ 0.01521428,  1.16701917, -0.50089454, -0.10774917,  0.68458186,
        2.44349159,  0.00275281, -0.08880052,  0.33601243,  0.01400997,
        0.15812643, -0.01066401]), array([ 0.01522881,  1.16660278, -0.49920603, -0.10767882,  0.68536671,
        2.44343856,  0.00290743, -0.08327961,  0.33770271,  0.0140705 ,
        0.15697174, -0.01060552]), array([ 0.01524405,  1.16621267, -0.4975103 , -0.10760819,  0.68614488,
        2.44338582,  0.00304823, -0.07802011,  0.33914557,  0.01412619,
        0.15563296, -0.01054843]), array([ 0.01525993,  1.16584757, -0.49580857, -0.10753731,  0.68691547,
        2.44333335,  0.00317548, -0.07302186,  0.34034548,  0.01417693,
        0.15411847, -0.01049282]), array([ 0.01527638,  1.16550614, -0.49410204, -0.10746619,  0.68767765,
        2.44328116,  0.0032895 , -0.06828423,  0.34130719,  0.01422267,
        0.15243667, -0.01043876]), array([ 0.01529333,  1.16518711, -0.49239186, -0.10739488,  0.68843063,
        2.44322923,  0.0033906 , -0.06380619,  0.34203578,  0.01426334,
        0.15059599, -0.01038632]), array([ 0.01531073,  1.16488918, -0.49067918, -0.10732338,  0.68917366,
        2.44317755,  0.00347913, -0.05958629,  0.34253658,  0.01429889,
        0.1486048 , -0.01033557]), array([ 0.0153285 ,  1.16461107, -0.4889651 , -0.10725174,  0.68990602,
        2.44312612,  0.00355543, -0.05562269,  0.34281516,  0.0143293 ,
        0.14647145, -0.01028657]), array([ 0.0153466 ,  1.1643515 , -0.48725071, -0.10717996,  0.69062704,
        2.44307492,  0.00361987, -0.05191316,  0.34287734,  0.01435454,
        0.14420425, -0.01023935]), array([ 0.01536497,  1.16410923, -0.48553707, -0.10710809,  0.69133609,
        2.44302395,  0.00367283, -0.04845511,  0.34272913,  0.01437462,
        0.1418114 , -0.01019398]), array([ 0.01538354,  1.163883  , -0.48382518, -0.10703614,  0.6920326 ,
        2.4429732 ,  0.00371467, -0.04524561,  0.34237673,  0.01438952,
        0.13930102, -0.01015047]), array([ 0.01540227,  1.16367159, -0.48211605, -0.10696415,  0.692716  ,
        2.44292265,  0.0037458 , -0.04228141,  0.34182649,  0.01439928,
        0.13668111, -0.01010887]), array([ 0.0154211 ,  1.1634738 , -0.48041063, -0.10689213,  0.6933858 ,
        2.44287231,  0.00376661, -0.03955894,  0.34108491,  0.01440392,
        0.13395955, -0.0100692 ]), array([ 0.01543999,  1.16328843, -0.47870983, -0.10682011,  0.69404152,
        2.44282215,  0.00377749, -0.03707433,  0.34015861,  0.01440348,
        0.13114407, -0.01003147]), array([ 0.01545888,  1.16311431, -0.47701456, -0.10674812,  0.69468273,
        2.44277217,  0.00377885, -0.03482346,  0.33905431,  0.01439801,
        0.12824227, -0.0099957 ]), array([ 0.01547774,  1.1629503 , -0.47532567, -0.10667618,  0.69530904,
        2.44272236,  0.0037711 , -0.03280193,  0.33777883,  0.01438758,
        0.12526156, -0.0099619 ]), array([ 0.01549651,  1.16279527, -0.47364397, -0.10660432,  0.69592009,
        2.44267271,  0.00375463, -0.03100511,  0.33633903,  0.01437224,
        0.12220919, -0.00993007]), array([ 0.01551516,  1.16264813, -0.47197026, -0.10653256,  0.69651555,
        2.44262321,  0.00372987, -0.02942816,  0.33474183,  0.01435209,
        0.11909223, -0.00990021]), array([ 0.01553365,  1.1625078 , -0.47030529, -0.10646092,  0.69709514,
        2.44257385,  0.00369721, -0.02806602,  0.33299418,  0.01432721,
        0.11591755, -0.00987231]), array([ 0.01555193,  1.16237323, -0.46864978, -0.10638943,  0.6976586 ,
        2.44252462,  0.00365706, -0.02691344,  0.33110303,  0.0142977 ,
        0.11269184, -0.00984636]), array([ 0.01908217,  1.16410374, -0.46547376, -0.09962653,  0.69729798,
        2.43160821,  0.70604724,  0.34610139,  0.63520337,  1.35258171,
       -0.07212253, -2.18328196]), array([ 0.02440513,  1.16128626, -0.45947956, -0.09517712,  0.70388972,
        2.43193459,  1.06459207, -0.56349577,  1.19884062,  0.88988185,
        1.31834692,  0.06527694]), array([ 0.03003008,  1.15391579, -0.44911951, -0.09342915,  0.71494588,
        2.42253654,  1.12498999, -1.47409366,  2.07201033,  0.34959399,
        2.2112326 , -1.87961078]), array([ 0.03634253,  1.14954275, -0.44012137, -0.08834094,  0.72483786,
        2.42314212,  1.26249063, -0.87460846,  1.79962739,  1.01764175,
        1.97839492,  0.12111685]), array([ 0.04236169,  1.14239156, -0.43002869, -0.08650012,  0.73528156,
        2.41408808,  1.2038313 , -1.43023838,  2.01853645,  0.36816346,
        2.08873998, -1.81080895]), array([ 0.04880788,  1.13805382, -0.42096253, -0.08155189,  0.74500988,
        2.41501595,  1.2892372 , -0.86754745,  1.81323095,  0.98964703,
        1.94566578,  0.18557472]), array([ 0.05577927,  1.1308317 , -0.41100708, -0.07300417,  0.75544008,
        2.42588053,  1.39427847, -1.44442478,  1.99109021,  1.70954384,
        2.08603856,  2.17291694]), array([ 0.06327614,  1.12666226, -0.40243856, -0.06062652,  0.76493334,
        2.42548276,  1.49937353, -0.83388887,  1.71370398,  2.47552932,
        1.89865233, -0.07955489]), array([ 0.07113201,  1.11922245, -0.39240088, -0.04512963,  0.77647936,
        2.43509091,  1.57117475, -1.48796035,  2.00753696,  3.09937736,
        2.30920337,  1.92163014]), array([ 0.07850183,  1.11457219, -0.38375275, -0.03388634,  0.78585488,
        2.45276728,  1.47396321, -0.93005286,  1.72962559,  2.2486583 ,
        1.87510537,  3.53527451]), array([ 0.08550958,  1.1141563 , -0.37859207, -0.02651767,  0.79144695,
        2.45982956,  1.40155107, -0.08317815,  1.03213506,  1.47373469,
        1.11841406,  1.41245499]), array([ 0.09299575,  1.11751018, -0.37649046, -0.01609352,  0.79405934,
        2.47632311,  1.49723382,  0.67077668,  0.42032235,  2.08482862,
        0.52247667,  3.2987105 ]), array([ 0.10040277,  1.12020679, -0.37418058, -0.00540519,  0.79647742,
        2.49416147,  1.48140303,  0.53932225,  0.46197631,  2.13766779,
        0.48361774,  3.56767257]), array([ 1.07446815e-01,  1.11798386e+00, -3.66773813e-01,  1.81858446e-03,
        8.03589659e-01,  2.50151565e+00,  1.40880987e+00, -4.44585674e-01,
        1.48135344e+00,  1.44475401e+00,  1.42244689e+00,  1.47083495e+00]), array([ 0.11396078,  1.11157131, -0.35543039,  0.00547358,  0.81366655,
        2.49883249,  1.30279313, -1.28251032,  2.26868529,  0.7309988 ,
        2.0153775 , -0.53663223]), array([ 0.11989352,  1.108171  , -0.34534043,  0.0046296 ,  0.82255552,
        2.50673149,  1.18654856, -0.68006216,  2.01799057, -0.16879649,
        1.77779542,  1.5798004 ]), array([ 0.12661625,  1.10863452, -0.33831584,  0.00745976,  0.82820885,
        2.52400445,  1.34454633,  0.09270457,  1.4049184 ,  0.56603289,
        1.13066598,  3.45459179]), array([ 0.13319925,  1.10598664, -0.32984116,  0.00726576,  0.83495599,
        2.53086226,  1.31659836, -0.52957768,  1.69493603, -0.03879928,
        1.34942704,  1.37156327]), array([ 1.39344464e-01,  1.09897923e+00, -3.17186295e-01,  3.08911703e-03,
        8.44870391e-01,  2.54810690e+00,  1.22904336e+00, -1.40148114e+00,
        2.53097339e+00, -8.35329405e-01,  1.98288036e+00,  3.44892651e+00]), array([ 0.14633058,  1.09499657, -0.30562864,  0.00356188,  0.85352504,
        2.55381579,  1.39722303, -0.79653315,  2.31153085,  0.09455292,
        1.7309299 ,  1.14177756]), array([ 0.15419239,  1.08978458, -0.29369664,  0.00345197,  0.862974  ,
        2.56354771,  1.57236264, -1.0423977 ,  2.38640059, -0.02198161,
        1.88979117,  1.946385  ]), array([ 0.16185819,  1.08481526, -0.28218276,  0.00320939,  0.87180894,
        2.57285392,  1.53315887, -0.99386275,  2.30277563, -0.04851698,
        1.76698789,  1.86124154]), array([ 0.17092419,  1.08372041, -0.27380337,  0.00716482,  0.87767974,
        2.5914905 ,  1.81320021, -0.21897013,  1.67587812,  0.79108616,
        1.17416081,  3.72731541]), array([ 0.1799165 ,  1.07896781, -0.26306196,  0.00818929,  0.88644477,
        2.59958183,  1.79846253, -0.95051971,  2.1482809 ,  0.20489497,
        1.75300673,  1.61826638]), array([ 0.18851269,  1.0720353 , -0.25043556,  0.00670581,  0.89576341,
        2.61372617,  1.71923788, -1.38650286,  2.52527992, -0.29669737,
        1.86372668,  2.82886834]), array([ 0.19767381,  1.06779967, -0.23944726,  0.00871831,  0.90406139,
        2.61866714,  1.83222405, -0.84712491,  2.19766016,  0.40250008,
        1.65959649,  0.98819472]), array([ 0.20736098,  1.06728807, -0.23124231,  0.01400661,  0.90959344,
        2.63314705,  1.93743322, -0.10232101,  1.64099165,  1.0576599 ,
        1.1064111 ,  2.89598218]), array([ 0.21656741,  1.0690333 , -0.22483015,  0.01697821,  0.91341121,
        2.6410712 ,  1.84128712,  0.3490469 ,  1.28243108,  0.59432113,
        0.76355392,  1.58482919]), array([ 0.2258517 ,  1.06658254, -0.21492812,  0.02368432,  0.92075981,
        2.63810194,  1.85685725, -0.49015349,  1.98040697,  1.34122119,
        1.46971979, -0.59385238]), array([ 0.23519285,  1.05999118, -0.20080209,  0.03316532,  0.92964909,
        2.64516019,  1.86823107, -1.31827153,  2.82520457,  1.89619953,
        1.77785525,  1.41165012]), array([ 0.24468303,  1.05610796, -0.18716114,  0.04608191,  0.93831793,
        2.64120956,  1.89803457, -0.77664402,  2.72819   ,  2.5833178 ,
        1.73376779, -0.79012604]), array([ 0.25353457,  1.04797354, -0.16934581,  0.06083068,  0.94982708,
        2.64735065,  1.77030787, -1.62688368,  3.56306616,  2.94975465,
        2.30183122,  1.22821893]), array([ 0.26234892,  1.03833484, -0.14999451,  0.0761786 ,  0.96199197,
        2.65723203,  1.76287167, -1.92774012,  3.87026126,  3.06958497,
        2.43297619,  1.97627524]), array([ 0.27065804,  1.03000344, -0.13111058,  0.08915501,  0.97365713,
        2.67092897,  1.66182308, -1.66627982,  3.7767849 ,  2.59528081,
        2.33303286,  2.73938846]), array([ 0.27867182,  1.02258203, -0.11303841,  0.10088561,  0.98488724,
        2.68210377,  1.60275549, -1.48428195,  3.6144345 ,  2.34612137,
        2.24602244,  2.23496012]), array([ 0.28612393,  1.01444985, -0.09419018,  0.1117631 ,  0.99661158,
        2.69089442,  1.49042174, -1.62643558,  3.76964574,  2.17549631,
        2.34486695,  1.75812946]), array([ 0.2935168 ,  1.00561932, -0.07477273,  0.12025589,  1.00775107,
        2.69768952,  1.47857592, -1.7661074 ,  3.88348987,  1.69855848,
        2.22789925,  1.35902029]), array([ 0.30050063,  0.99720375, -0.05608894,  0.12884512,  1.01890429,
        2.70383541,  1.39676485, -1.68311248,  3.73675863,  1.71784628,
        2.23064296,  1.22917726]), array([ 0.30707725,  0.98896092, -0.03928495,  0.13777033,  1.02689372,
        2.70974751,  1.31532382, -1.64856596,  3.36079687,  1.78504239,
        1.59788653,  1.18242007]), array([ 0.31329871,  0.98099165, -0.02385735,  0.14675352,  1.03131219,
        2.71545452,  1.24429181, -1.59385566,  3.08552085,  1.79663794,
        0.88369423,  1.14140343]), array([ 0.31921679,  0.97331205, -0.00957288,  0.15558654,  1.03304954,
        2.72096862,  1.18361659, -1.53591971,  2.85689315,  1.76660276,
        0.34747013,  1.10281964]), array([ 0.32487509,  0.96593254,  0.00374533,  0.16410444,  1.03283013,
        2.72630173,  1.13166025, -1.4759018 ,  2.66364339,  1.70358052,
       -0.04388161,  1.06662153]), array([ 0.3303101 ,  0.9588609 ,  0.01623804,  0.17217844,  1.03119208,
        2.73146568,  1.08700145, -1.41432678,  2.49854151,  1.61480018,
       -0.32761058,  1.03279038]), array([ 0.33555245,  0.95210206,  0.02801738,  0.17971046,  1.02853384,
        2.73647174,  1.04847082, -1.35176853,  2.35586764,  1.50640438,
       -0.53164842,  1.00121197]), array([ 0.3406279 ,  0.94565825,  0.03917303,  0.18662832,  1.02514917,
        2.74133031,  1.01508988, -1.28876207,  2.23112971,  1.38357211,
       -0.6769344 ,  0.97171379]), array([ 0.34555805,  0.93952942,  0.04977711,  0.1928815 ,  1.0212534 ,
        2.74605077,  0.98602982, -1.2257672 ,  2.12081571,  1.25063579,
       -0.77915246,  0.94409198]), array([ 0.35036097,  0.93371362,  0.05988804,  0.19843745,  1.01700324,
        2.75064142,  0.96058303, -1.16315933,  2.02218617,  1.11119082,
       -0.85003243,  0.91813067]), array([ 0.35505168,  0.92820745,  0.06955356,  0.20327843,  1.01251161,
        2.7551095 ,  0.93814245, -1.10123376,  1.93310538,  0.96819603,
       -0.89832751,  0.89361558]), array([ 0.35964261,  0.92300637,  0.0788131 ,  0.20739876,  1.00785886,
        2.75946122,  0.91818628, -1.04021561,  1.85190671,  0.82406432,
       -0.93055005,  0.87034317]), array([ 0.36414394,  0.91810501,  0.08769953,  0.21080247,  1.00310122,
        2.76370185,  0.90026596, -0.98027137,  1.77728659,  0.68074331,
       -0.95152613,  0.84812641]), array([ 0.36856392,  0.91349741,  0.09624064,  0.2135014 ,  0.99827715,
        2.76783584,  0.88399654, -0.92152009,  1.70822181,  0.53978629,
       -0.96481424,  0.82679795]), array([ 0.37290917,  0.9091772 ,  0.10446017,  0.21551347,  0.99341205,
        2.7718669 ,  0.86904865, -0.86404329,  1.64390532,  0.40241413,
       -0.97302132,  0.80621148]), array([ 0.37718487,  0.90513773,  0.11237865,  0.21686132,  0.98852184,
        2.77579811,  0.85514159, -0.80789341,  1.58369676,  0.26956883,
       -0.97804142,  0.78624169]), array([ 0.38139506,  0.90137223,  0.12001407,  0.21757112,  0.98361566,
        2.77963202,  0.84203737, -0.75310071,  1.52708421,  0.14195969,
       -0.98123584,  0.76678341]), array([ 0.38554274,  0.89787383,  0.12738235,  0.21767163,  0.97869782,
        2.78337077,  0.82953536, -0.69967889,  1.47365497,  0.0201027 ,
       -0.983569  ,  0.74775007]), array([ 0.38963008,  0.89463569,  0.13449771,  0.2171934 ,  0.97376926,
        2.78701613,  0.81746766, -0.64762949,  1.42307294, -0.09564579,
       -0.98571076,  0.72907197]), array([ 0.39365855,  0.89165096,  0.14137302,  0.2161681 ,  0.96882869,
        2.7905696 ,  0.80569485, -0.59694542,  1.37506138, -0.20506056,
       -0.9881133 ,  0.71069425]), array([ 0.39762906,  0.88891289,  0.14801997,  0.21462798,  0.96387335,
        2.79403248,  0.79410232, -0.54761368,  1.32938963, -0.30802337,
       -0.99106887,  0.692575  ]), array([ 0.40154205,  0.8864148 ,  0.15444928,  0.21260547,  0.95889959,
        2.7974059 ,  0.78259684, -0.4996174 ,  1.28586292, -0.40450262,
       -0.99475297,  0.67468334]), array([ 0.40539756,  0.88415012,  0.16067085,  0.21013279,  0.9539033 ,
        2.80069088,  0.77110369, -0.45293753,  1.24431454, -0.4945363 ,
       -0.99925656,  0.65699763]), array([ 0.40919538,  0.88211235,  0.16669385,  0.2072417 ,  0.94888025,
        2.8038884 ,  0.75956398, -0.40755394,  1.20459987, -0.57821765,
       -1.00461001,  0.63950392]), array([ 0.41293505,  0.88029511,  0.17252681,  0.20396328,  0.94382625,
        2.80699938,  0.74793232, -0.36344639,  1.16659175, -0.65568323,
       -1.01080085,  0.62219443]), array([ 0.41661592,  0.87869214,  0.1781777 ,  0.20032777,  0.93873731,
        2.81002471,  0.73617475, -0.3205951 ,  1.13017695, -0.72710295,
       -1.01778679,  0.60506634]), array([ 0.42023725,  0.87729723,  0.18365396,  0.19636441,  0.93360979,
        2.81296531,  0.72426696, -0.27898126,  1.09525344, -0.79267186,
       -1.02550533,  0.58812066]), array([ 0.42379822,  0.8761043 ,  0.18896261,  0.19210139,  0.92844038,
        2.81582212,  0.71219268, -0.23858729,  1.06172833, -0.85260328,
       -1.03388073,  0.5713613 ]), array([ 0.42729793,  0.87510731,  0.19411019,  0.18756578,  0.92322624,
        2.81859609,  0.69994226, -0.19939701,  1.02951625, -0.90712321,
       -1.04282902,  0.55479425]), array([ 0.43073549,  0.87430033,  0.19910288,  0.18278345,  0.91796493,
        2.82128822,  0.68751149, -0.16139578,  0.99853812, -0.95646569,
       -1.05226167,  0.53842693]), array([ 0.43410999,  0.87367748,  0.20394648,  0.1777791 ,  0.91265449,
        2.82389956,  0.67490053, -0.12457044,  0.96872022, -1.00086905,
       -1.06208811,  0.52226762]), array([ 0.43742055,  0.87323293,  0.20864645,  0.17257624,  0.9072934 ,
        2.82643119,  0.66211295, -0.08890937,  0.93999344, -1.04057283,
       -1.07221754,  0.50632502]), array([ 0.44066633,  0.87296092,  0.21320791,  0.16719716,  0.9018806 ,
        2.82888423,  0.64915501, -0.05440231,  0.91229276, -1.07581531,
       -1.0825602 ,  0.49060786]), array([ 0.4438465 ,  0.87285572,  0.21763569,  0.161663  ,  0.89641546,
        2.83125985,  0.6360349 , -0.02104036,  0.88555678, -1.10683157,
       -1.09302821,  0.47512467]), array([ 0.44696031,  0.87291164,  0.22193433,  0.15599375,  0.89089778,
        2.83355927,  0.62276219,  0.0111842 ,  0.85972741, -1.13385186,
       -1.10353616,  0.45988347]), array([ 0.45000705,  0.87312303,  0.22610808,  0.15020824,  0.88532777,
        2.83578372,  0.60934732,  0.04227802,  0.83474961, -1.15710041,
       -1.11400145,  0.4448917 ]), array([ 0.45298606,  0.87348426,  0.23016093,  0.14432427,  0.87970605,
        2.8379345 ,  0.59580118,  0.07224684,  0.81057117, -1.17679449,
       -1.12434454,  0.430156  ]), array([ 0.45589673,  0.87398974,  0.23409665,  0.13835855,  0.8740336 ,
        2.84001292,  0.58213475,  0.10109561,  0.78714259, -1.19314372,
       -1.13448909,  0.41568222]), array([ 0.45873852,  0.87463389,  0.23791873,  0.1323268 ,  0.86831179,
        2.84202029,  0.56835879,  0.12882863,  0.76441692, -1.20634951,
       -1.14436207,  0.4014753 ]), array([ 0.46151094,  0.87541113,  0.24163048,  0.12624378,  0.86254233,
        2.84395799,  0.5544836 ,  0.15544971,  0.74234966, -1.21660478,
       -1.15389375,  0.38753928]), array([ 0.46421354,  0.87631595,  0.24523497,  0.12012331,  0.85672724,
        2.84582737,  0.54051884,  0.1809623 ,  0.72089867, -1.22409369,
       -1.16301776,  0.3738773 ]), array([ 0.4668459 ,  0.87734279,  0.24873509,  0.11397835,  0.85086888,
        2.84762983,  0.52647332,  0.20536959,  0.70002411, -1.22899158,
       -1.17167106,  0.36049157]), array([ 0.46940768,  0.87848617,  0.25213354,  0.10782103,  0.84496991,
        2.84936675,  0.51235494,  0.22867468,  0.67968837, -1.23146494,
       -1.17979396,  0.34738347]), array([ 0.47189853,  0.87974057,  0.25543282,  0.10166267,  0.83903326,
        2.85103952,  0.49817055,  0.25088065,  0.659856  , -1.23167148,
       -1.18733007,  0.33455353]), array([ 0.47431816,  0.88110052,  0.25863528,  0.09551387,  0.83306213,
        2.85264953,  0.48392589,  0.27199065,  0.64049364, -1.22976027,
       -1.19422634,  0.32200149]), array([ 0.47666629,  0.88256056,  0.26174313,  0.08938451,  0.82705996,
        2.85419816,  0.46962556,  0.29200807,  0.62157002, -1.22587188,
       -1.20043298,  0.30972635]), array([ 0.47894265,  0.88411525,  0.26475841,  0.08328382,  0.82103045,
        2.85568679,  0.45527301,  0.31093653,  0.60305582, -1.22013864,
       -1.20590348,  0.29772646]), array([ 0.48114701,  0.88575915,  0.26768303,  0.07722039,  0.81497747,
        2.85711679,  0.44087049,  0.32878002,  0.5849237 , -1.21268487,
       -1.21059458,  0.28599951]), array([ 0.4832791 ,  0.88748686,  0.27051877,  0.07120226,  0.80890514,
        2.8584895 ,  0.42641911,  0.34554294,  0.56714818, -1.20362716,
       -1.21446626,  0.27454265]), array([ 0.4853387 ,  0.88929301,  0.2732673 ,  0.06523688,  0.80281773,
        2.85980626,  0.41191884,  0.36123019,  0.54970565, -1.19307465,
       -1.21748169,  0.26335251]), array([ 0.48732554,  0.89117225,  0.27593017,  0.05933124,  0.7967197 ,
        2.86106839,  0.39736856,  0.37584715,  0.53257423, -1.18112933,
       -1.2196072 ,  0.25242529]), array([ 0.48923937,  0.89311925,  0.27850884,  0.05349181,  0.79061564,
        2.86227717,  0.38276608,  0.38939982,  0.51573378, -1.16788641,
       -1.22081229,  0.24175677]), array([ 0.49107991,  0.89512872,  0.28100467,  0.04772463,  0.78451029,
        2.86343388,  0.36810823,  0.40189476,  0.49916583, -1.15343457,
       -1.22106955,  0.23134241]), array([ 0.49284686,  0.89719542,  0.28341894,  0.04203535,  0.77840852,
        2.86453977,  0.35339089,  0.41333919,  0.48285347, -1.13785635,
       -1.22035463,  0.2211774 ]), array([ 0.49453991,  0.89931412,  0.28575284,  0.03642921,  0.77231529,
        2.86559606,  0.33860907,  0.42374098,  0.46678135, -1.12122842,
       -1.21864618,  0.21125666]), array([ 0.49615869,  0.90147966,  0.28800752,  0.0309111 ,  0.76623566,
        2.86660393,  0.32375696,  0.43310864,  0.45093558, -1.10362198,
       -1.21592583,  0.20157494]), array([ 0.49770283,  0.90368692,  0.29018404,  0.02548558,  0.76017477,
        2.86756456,  0.30882804,  0.4414514 ,  0.43530365, -1.085103  ,
       -1.21217811,  0.19212684]), array([ 0.49917191,  0.90593082,  0.29228341,  0.02015692,  0.75413781,
        2.8684791 ,  0.29381513,  0.44877914,  0.41987442, -1.06573257,
       -1.20739038,  0.18290685]), array([ 0.50056546,  0.90820633,  0.2943066 ,  0.01492909,  0.74813005,
        2.86934865,  0.27871044,  0.45510245,  0.40463797, -1.04556724,
       -1.20155277,  0.17390939]), array([ 0.50188299,  0.91050849,  0.29625453,  0.00980579,  0.74215676,
        2.87017429,  0.26350571,  0.46043259,  0.38958561, -1.02465926,
       -1.1946581 ,  0.16512886]), array([ 0.50312395,  0.9128324 ,  0.29812808,  0.0047905 ,  0.73622325,
        2.87095709,  0.24819224,  0.46478147,  0.37470975, -1.0030569 ,
       -1.18670183,  0.15655964]), array([ 5.04287757e-01,  9.15173209e-01,  2.99928098e-01, -1.13519073e-04,
        7.30334841e-01,  2.87169807e+00,  2.32760971e-01,  4.68161687e-01,
        3.60003870e-01, -9.80804752e-01, -1.17768191e+00,  1.48196140e-01]), array([ 0.50534714,  0.9174163 ,  0.30154718, -0.00482934,  0.72436873,
        2.87239315,  0.21187645,  0.44861766,  0.32381688, -0.9431639 ,
       -1.19322146,  0.13901549])], 'U_history': [array([ 2.09564281e-03, -9.78829893e-06,  5.06975076e-06, -6.83651762e-04,
       -3.60761885e-04,  3.52024912e-19]), array([ 0.00340111,  0.05788733, -0.01907414, -0.00455071,  0.10267224,
        0.0062678 ]), array([ 0.00508538,  0.11465025, -0.03007276, -0.00785171,  0.18329363,
        0.00996212]), array([ 0.00704834,  0.17004899, -0.03473932, -0.01064933,  0.24701448,
        0.01219615]), array([ 0.00921649,  0.22394523, -0.03443558, -0.01299839,  0.29798622,
        0.01359387]), array([ 0.01153642,  0.27627047, -0.03022373, -0.01495056,  0.33933734,
        0.01450724]), array([ 0.01396961,  0.32701034, -0.02293233, -0.01655531,  0.37342713,
        0.01513628]), array([ 0.01648822,  0.37619265, -0.01320691, -0.01785934,  0.40203653,
        0.01559565]), array([ 0.0190716 ,  0.42387728, -0.00154961, -0.01890576,  0.42651132,
        0.01595181]), array([ 0.02170378,  0.47014718,  0.01164943, -0.01973343,  0.4478692 ,
        0.01624368]), array([ 0.02437187,  0.5151005 ,  0.02608707, -0.02037676,  0.46688003,
        0.0164944 ]), array([ 0.02706528,  0.55884438,  0.04152763, -0.02086577,  0.4841261 ,
        0.01671792]), array([ 0.02977545,  0.60149041,  0.05778794, -0.02122645,  0.50004779,
        0.01692276]), array([ 0.03249561,  0.64315165,  0.07472592, -0.02148111,  0.51497824,
        0.01711422]), array([ 0.03522067,  0.68394075,  0.09223198, -0.02164878,  0.52916963,
        0.01729567]), array([ 0.03794703,  0.72396881,  0.11022237, -0.02174557,  0.54281322,
        0.01746926]), array([ 0.04067235,  0.76334454,  0.12863402, -0.02178504,  0.55605443,
        0.01763642]), array([ 0.04339527,  0.80217383,  0.14742045, -0.02177849,  0.56900421,
        0.01779811]), array([ 0.04611526,  0.84055931,  0.16654853, -0.02173526,  0.58174761,
        0.01795501]), array([ 0.04883238,  0.87860005,  0.18599582, -0.021663  ,  0.5943502 ,
        0.01810764]), array([ 0.05474839,  0.91185284,  0.20260308, -0.02275641,  0.60481855,
        0.01825638]), array([ 0.05768632,  0.94902726,  0.22238551, -0.02262315,  0.6172947 ,
        0.01837261]), array([ 0.06063218,  0.98612348,  0.24246334, -0.02249333,  0.62971886,
        0.01849911]), array([ 0.06358617,  1.02322496,  0.26283814, -0.02236604,  0.64212408,
        0.01862962]), array([ 0.06654853,  1.06041077,  0.28351485, -0.02224058,  0.65453636,
        0.0187609 ]), array([ 0.0695195 ,  1.09775542,  0.30450083, -0.02211634,  0.66697622,
        0.0188914 ]), array([ 0.07249925,  1.13532867,  0.325805  , -0.02199271,  0.67945989,
        0.01902041]), array([ 0.07548785,  1.17319539,  0.34743715, -0.02186908,  0.69200012,
        0.01914775]), array([ 0.07848521,  1.21141545,  0.36940731, -0.02174481,  0.70460678,
        0.01927343]), array([ 0.0814911 ,  1.25004353,  0.39172524, -0.02161921,  0.71728739,
        0.01939764]), array([ 0.08450507,  1.28912904,  0.41439999, -0.02149158,  0.73004734,
        0.0195206 ]), array([ 0.08752649,  1.32871597,  0.43743949, -0.02136122,  0.74289018,
        0.01964256]), array([ 0.09055447,  1.36884277,  0.46085023, -0.0212274 ,  0.75581778,
        0.01976378]), array([ 0.09358793,  1.40954227,  0.48463695, -0.02108941,  0.76883042,
        0.0198845 ]), array([ 0.09662553,  1.45084159,  0.50880239, -0.02094655,  0.78192688,
        0.02000497]), array([ 0.0996657 ,  1.49276206,  0.53334709, -0.02079814,  0.79510451,
        0.0201254 ]), array([ 0.10270664,  1.53531916,  0.55826918, -0.02064355,  0.80835925,
        0.02024598]), array([ 0.1057463 ,  1.57852247,  0.58356429, -0.02048217,  0.82168569,
        0.02036691]), array([ 0.10878242,  1.62237566,  0.60922534, -0.02031344,  0.83507708,
        0.02048833]), array([ 0.11181252,  1.66687648,  0.63524251, -0.02013686,  0.84852536,
        0.02061038]), array([ 0.13086068,  1.70102994,  0.65398872, -0.02542615,  0.85738138,
        0.02073318]), array([ 0.13425315,  1.74634279,  0.68048339, -0.02487051,  0.8712358 ,
        0.02073733]), array([ 0.13761683,  1.79228535,  0.70730692, -0.02439079,  0.88502447,
        0.0208051 ]), array([ 0.14094945,  1.83883044,  0.73443396, -0.02396743,  0.89875812,
        0.02090614]), array([ 0.14424824,  1.88594583,  0.76183763, -0.02358551,  0.91244046,
        0.02102425]), array([ 0.14750996,  1.93359423,  0.7894892 , -0.02323351,  0.92606972,
        0.02115088]), array([ 0.15073104,  1.98173331,  0.81735792, -0.02290248,  0.93963983,
        0.02128158]), array([ 0.15390765,  2.03031583,  0.84541086, -0.02258544,  0.95314129,
        0.02141411]), array([ 0.15703574,  2.07928975,  0.87361291, -0.02227695,  0.96656186,
        0.02154733]), array([ 0.16011112,  2.12859842,  0.90192677, -0.02197278,  0.97988711,
        0.02168072]), array([ 0.16312949,  2.1781808 ,  0.93031301, -0.02166969,  0.99310083,
        0.021814  ]), array([ 0.1660865 ,  2.22797164,  0.95873016, -0.02136518,  1.00618537,
        0.02194705]), array([ 0.16897778,  2.27790182,  0.98713484, -0.0210574 ,  1.01912195,
        0.02207975]), array([ 0.17179895,  2.32789858,  1.01548191, -0.02074502,  1.03189086,
        0.022212  ]), array([ 0.17454571,  2.37788588,  1.04372466, -0.02042713,  1.04447171,
        0.02234369]), array([ 0.17721383,  2.4277847 ,  1.07181494, -0.02010314,  1.05684359,
        0.02247467]), array([ 0.17979917,  2.4775134 ,  1.09970344, -0.01977279,  1.06898522,
        0.02260475]), array([ 0.18229775,  2.52698809,  1.12733986, -0.01943603,  1.08087515,
        0.02273373]), array([ 0.18470575,  2.57612301,  1.15467314, -0.01909301,  1.09249186,
        0.02286138]), array([ 0.1870195 ,  2.62483092,  1.18165172, -0.01874408,  1.10381391,
        0.02298745]), array([ 1.43911708e-01,  2.72272324e+00,  1.24257359e+00, -2.62205559e-03,
        1.13735708e+00,  2.31116644e-02]), array([ 0.14588208,  2.77108453,  1.26870654, -0.00362044,  1.14582285,
        0.02363389]), array([ 0.14779741,  2.81859183,  1.29421339, -0.00433992,  1.1544285 ,
        0.0239378 ]), array([ 0.14965014,  2.86517169,  1.31906906, -0.00484456,  1.16302698,
        0.02412759]), array([ 0.15143401,  2.91074789,  1.3432418 , -0.00518306,  1.17150368,
        0.02425864]), array([ 0.15314386,  2.9552427 ,  1.36669543, -0.00539293,  1.17976861,
        0.02435993]), array([ 0.15477542,  2.99857787,  1.38939102, -0.00550342,  1.18775051,
        0.02444625]), array([ 0.15632517,  3.04067551,  1.41128822, -0.00553749,  1.19539247,
        0.02452484]), array([ 0.15779024,  3.08145888,  1.43234632, -0.00551337,  1.20264871,
        0.02459893]), array([ 0.15916833,  3.12085295,  1.45252503, -0.00544556,  1.20948216,
        0.02466974]), array([ 0.16045765,  3.15878508,  1.47178515, -0.00534571,  1.21586266,
        0.02473743]), array([ 0.16165686,  3.19518544,  1.49008908, -0.00522319,  1.22176561,
        0.02480171]), array([ 0.16276503,  3.22998747,  1.50740124, -0.00508562,  1.227171  ,
        0.02486209]), array([ 0.16378161,  3.26312831,  1.52368841, -0.0049392 ,  1.23206262,
        0.02491802]), array([ 0.16470639,  3.29454911,  1.53891998, -0.00478899,  1.23642755,
        0.02496898]), array([ 0.16553951,  3.32419533,  1.5530682 , -0.00463919,  1.24025572,
        0.0250145 ]), array([ 0.16628137,  3.35201704,  1.56610833, -0.00449324,  1.24353961,
        0.02505416]), array([ 0.16693268,  3.37796913,  1.5780188 , -0.00435402,  1.24627398,
        0.0250876 ]), array([ 0.1674944 ,  3.40201148,  1.58878131, -0.00422394,  1.24845575,
        0.02511453]), array([ 0.16796776,  3.42410918,  1.59838089, -0.00410501,  1.25008378,
        0.02513472]), array([ 0.16841456,  3.44341773,  1.60624255, -0.00403775,  1.25076018,
        0.02514798]), array([ 0.16871486,  3.46154037,  1.61349173, -0.0039424 ,  1.25132863,
        0.02515172]), array([ 0.16893185,  3.47764866,  1.61955573, -0.00386332,  1.25134158,
        0.02514957]), array([ 0.16906753,  3.49172896,  1.6244328 , -0.00380127,  1.2508071 ,
        0.02514086]), array([ 0.16912409,  3.50377321,  1.62812471, -0.0037569 ,  1.2497342 ,
        0.02512524]), array([ 0.16910387,  3.51377888,  1.63063672, -0.00373075,  1.24813295,
        0.02510256]), array([ 0.16900936,  3.52174891,  1.63197744, -0.00372327,  1.24601445,
        0.02507278]), array([ 0.16884317,  3.52769162,  1.63215878, -0.00373481,  1.24339091,
        0.02503592]), array([ 0.16860802,  3.53162063,  1.63119579, -0.00376563,  1.24027556,
        0.02499208]), array([ 0.16830673,  3.53355471,  1.62910661, -0.00381589,  1.2366827 ,
        0.02494138]), array([ 0.1679422 ,  3.53351762,  1.62591228, -0.00388566,  1.23262761,
        0.02488399]), array([ 0.16751742,  3.53153797,  1.62163664, -0.00397494,  1.22812651,
        0.02482007]), array([ 0.16703539,  3.52764903,  1.61630621, -0.00408363,  1.22319649,
        0.02474985]), array([ 0.16649921,  3.52188851,  1.60994998, -0.00421157,  1.21785547,
        0.02467355]), array([ 0.16591195,  3.51429837,  1.6025993 , -0.00435851,  1.2121221 ,
        0.02459142]), array([ 0.16527675,  3.50492455,  1.5942877 , -0.00452414,  1.20601571,
        0.02450373]), array([ 0.16459671,  3.49381677,  1.58505071, -0.00470808,  1.1995562 ,
        0.02441076]), array([ 0.16387496,  3.48102827,  1.57492571, -0.00490988,  1.19276399,
        0.02431281]), array([ 0.16311459,  3.4666155 ,  1.56395174, -0.00512904,  1.18565992,
        0.02421019]), array([ 0.16231867,  3.45063794,  1.55216931, -0.00536498,  1.17826519,
        0.02410322]), array([ 0.16149025,  3.43315774,  1.53962026, -0.00561709,  1.17060125,
        0.02399223]), array([ 0.16063231,  3.4142395 ,  1.52634752, -0.0058847 ,  1.16268976,
        0.02387754]), array([ 0.15974779,  3.39394995,  1.51239498, -0.00616709,  1.15455247,
        0.02375951]), array([ 0.15883958,  3.37235771,  1.49780726, -0.00646351,  1.14621117,
        0.02363849]), array([ 0.15791049,  3.349533  ,  1.48262961, -0.00677316,  1.1376876 ,
        0.02351481]), array([ 0.15696327,  3.32554734,  1.46690766, -0.00709521,  1.1290034 ,
        0.02338883]), array([ 0.15600059,  3.30047329,  1.45068728, -0.0074288 ,  1.12018003,
        0.02326089]), array([ 0.15502502,  3.2743842 ,  1.43401443, -0.00777305,  1.11123868,
        0.02313135]), array([ 0.15403908,  3.24735393,  1.416935  , -0.00812704,  1.10220025,
        0.02300055]), array([ 0.15304518,  3.2194566 ,  1.3994946 , -0.00848986,  1.09308528,
        0.02286882]), array([ 0.15204564,  3.19076634,  1.38173851, -0.00886056,  1.08391386,
        0.0227365 ]), array([ 0.15104269,  3.16135706,  1.36371146, -0.0092382 ,  1.07470562,
        0.02260392]), array([ 0.15003846,  3.13130222,  1.34545753, -0.00962183,  1.06547968,
        0.02247138]), array([ 0.149035  ,  3.1006746 ,  1.32702002, -0.01001049,  1.05625458,
        0.0223392 ]), array([ 0.14803424,  3.06954614,  1.30844137, -0.01040325,  1.04704828,
        0.02220768]), array([ 0.14703803,  3.03798767,  1.28976297, -0.01079916,  1.03787808,
        0.0220771 ]), array([ 0.14604813,  3.0060688 ,  1.27102515, -0.01119728,  1.02876062,
        0.02194774]), array([ 0.14506618,  2.97385773,  1.25226705, -0.0115967 ,  1.01971186,
        0.02181987]), array([ 0.14409374,  2.94142106,  1.23352653, -0.01199652,  1.01074703,
        0.02169373]), array([ 0.14313227,  2.90882369,  1.2148401 , -0.01239587,  1.00188064,
        0.02156956]), array([ 0.14218315,  2.87612869,  1.1962429 , -0.01279387,  0.99312644,
        0.02144758]), array([ 0.14124767,  2.84339714,  1.17776859, -0.01318971,  0.98449743,
        0.02132801]), array([ 0.140327  ,  2.81068807,  1.15944933, -0.01358258,  0.97600584,
        0.02121105]), array([ 0.13942227,  2.77805834,  1.14131574, -0.0139717 ,  0.96766314,
        0.02109687]), array([ 0.13853448,  2.74556259,  1.12339686, -0.01435634,  0.95948   ,
        0.02098564]), array([ 0.13766459,  2.71325316,  1.10572016, -0.01473578,  0.95146637,
        0.02087752]), array([ 0.13681345,  2.68118001,  1.08831147, -0.01510936,  0.94363139,
        0.02077265]), array([ 0.13598185,  2.64939073,  1.07119503, -0.01547643,  0.93598347,
        0.02067115]), array([ 0.1351705 ,  2.61793045,  1.05439347, -0.01583641,  0.92853029,
        0.02057313]), array([ 0.13438004,  2.58684186,  1.03792778, -0.01618872,  0.92127877,
        0.02047871]), array([ 0.13361103,  2.55616521,  1.02181737, -0.01653284,  0.91423512,
        0.02038795]), array([ 0.132864  ,  2.52593826,  1.00608008, -0.01686831,  0.90740486,
        0.02030094]), array([ 0.13213937,  2.49619633,  0.99073218, -0.01719466,  0.90079283,
        0.02021774]), array([ 0.13143753,  2.46697228,  0.97578842, -0.01751149,  0.8944032 ,
        0.02013839]), array([ 0.13075882,  2.43829659,  0.96126203, -0.01781845,  0.8882395 ,
        0.02006294]), array([ 0.1301035 ,  2.41019734,  0.9471648 , -0.01811521,  0.88230465,
        0.0199914 ]), array([ 0.12947179,  2.38270027,  0.93350709, -0.01840146,  0.87660097,
        0.0199238 ]), array([ 0.12886386,  2.35582881,  0.92029787, -0.01867698,  0.87113021,
        0.01986014]), array([ 0.12827983,  2.32960417,  0.9075448 , -0.01894153,  0.86589358,
        0.01980042]), array([ 0.1277198 ,  2.30404536,  0.89525423, -0.01919495,  0.86089176,
        0.01974462]), array([ 60.,  60.,  30.,  10.,  10., -10.]), array([ 47.22134506, -60.        ,   4.35923726, -10.        ,
        10.        ,  10.        ]), array([ 18.11875128, -60.        ,  12.39599714, -10.        ,
         6.37322897, -10.        ]), array([ 7.03188619, 60.        , 14.26006455, 10.        ,  7.01578349,
       10.        ]), array([  5.96629266, -60.        , -11.57033022, -10.        ,
        -5.24104627, -10.        ]), array([ 2.22003792, 60.        , 16.76866176, 10.        ,  8.18718824,
       10.        ]), array([  4.23332217, -60.        , -11.91239375,  10.        ,
        -5.04407932,  10.        ]), array([  4.64657187,  60.        ,  13.93820031,  10.        ,
         7.04038448, -10.        ]), array([  1.99676097, -60.        ,  -6.99443741,  10.        ,
        -1.45337132,  10.        ]), array([ 1.83744699, 48.        ,  8.4040092 , -8.        ,  2.95667112,
        8.        ]), array([  5.81683563,  60.        ,  -3.14059866, -10.        ,
        -1.52285095, -10.        ]), array([ 3.8476373 , 60.        , -0.3335942 , 10.        ,  0.17962967,
       10.        ]), array([  1.17583681, -12.        ,  -3.09953684,   2.        ,
        -1.3210019 ,   2.        ]), array([  6.79194961, -60.        ,  16.07117035, -10.        ,
         7.5918252 , -10.        ]), array([  2.81145131, -60.        ,   8.7267651 , -10.        ,
         3.2135752 , -10.        ]), array([  1.5075287 ,  60.        ,  14.89758888, -10.        ,
         6.86419957,  10.        ]), array([ 8.87938243, 60.        ,  0.7075334 , 10.        , -0.1314598 ,
       10.        ]), array([ 10.14193675, -60.        ,  -9.08154883, -10.        ,
        -3.59698425, -10.        ]), array([  4.20180515, -60.        ,  11.27713756, -10.        ,
         4.48585313,  10.        ]), array([  9.42371006,  60.        ,  15.74780794,  10.        ,
         6.32184124, -10.        ]), array([ 24.        , -24.        ,  -1.91214313,  -4.        ,
         0.53864647,   4.        ]), array([ 0.,  0.,  0., -0.,  0., -0.]), array([21.08227408, 60.        ,  1.05360707, 10.        ,  0.18389261,
       10.        ]), array([ 12.67962255, -60.        ,  -0.62861832, -10.        ,
         2.05310341, -10.        ]), array([  2.54171811, -36.        ,   3.28225391,  -6.        ,
         0.20899252,   6.        ]), array([ 6.95626284, 48.        ,  8.57047135,  8.        ,  4.38625921,
       -8.        ]), array([ 5.23626168, 60.        ,  3.18144343, 10.        ,  0.70236122,
       10.        ]), array([ 1.96421173, 36.        ,  1.12699422, -6.        ,  0.4397336 ,
       -6.        ]), array([ -3.30345973, -60.        ,   6.57467468,  10.        ,
         4.72251071, -10.        ]), array([ -3.29291291, -60.        ,  10.54516085,  10.        ,
         1.67070845,  10.        ]), array([ -1.84616236,  60.        ,  20.7596428 ,  10.        ,
         8.86723588, -10.        ]), array([-16.07533301, -60.        ,  12.66983749,  10.        ,
         5.10063881,  10.        ]), array([  0.65576098, -24.        ,   7.29524234,   4.        ,
         2.35705367,   4.        ]), array([-0.39853962, 24.        , 10.27242546, -4.        ,  4.        ,
        4.        ]), array([ 1.30241356, 12.        ,  3.83710226, -2.        ,  2.        ,
       -2.        ]), array([ -1.68540717, -12.        ,   6.        ,  -2.        ,
         2.        ,  -2.        ]), array([ -0.09771012, -12.        ,   6.        ,  -2.        ,
         2.        ,  -2.        ]), array([ 0., -0.,  0., -0.,  0., -0.]), array([-5.66623421e+00, -2.18486211e+01, -1.69965264e+01,  3.58626725e+00,
       -1.00000000e+01,  1.76170998e-15]), array([-3.45361382e+00, -1.59483890e+01, -1.27169707e+01,  2.38546653e+00,
       -1.00000000e+01,  2.47666975e-17]), array([-1.80322776e+00, -1.05776643e+01, -8.72179818e+00,  1.40625093e+00,
       -7.23869257e+00, -2.11992408e-15]), array([-4.77214633e-01, -6.47613351e+00, -5.65587683e+00,  6.00106558e-01,
       -5.01353149e+00,  7.20003725e-16]), array([ 5.87899672e-01, -3.37501504e+00, -3.33259794e+00, -5.77285147e-02,
       -3.34089542e+00, -3.52146386e-16]), array([ 1.43736391e+00, -1.03028490e+00, -1.57436055e+00, -5.88986382e-01,
       -2.08805157e+00,  9.66329635e-16]), array([ 2.10872642e+00,  7.40623677e-01, -2.46656745e-01, -1.01312434e+00,
       -1.15354358e+00,  7.40442658e-16]), array([ 2.63303618e+00,  2.07508514e+00,  7.52672153e-01, -1.34721160e+00,
       -4.59971528e-01,  4.91751504e-16]), array([ 3.03595019e+00,  3.07697361e+00,  1.50139712e+00, -1.60601705e+00,
        5.16173528e-02,  5.34319639e-16]), array([ 3.33869162e+00,  3.82515355e+00,  2.05883771e+00, -1.80219498e+00,
        4.26061122e-01, -3.07363118e-16]), array([ 3.55885087e+00,  4.37970374e+00,  2.47031133e+00, -1.94651029e+00,
        6.97415675e-01,  1.14300258e-15]), array([ 3.71104254e+00,  4.78651811e+00,  2.77048262e+00, -2.04807112e+00,
        8.91511064e-01,  1.17714988e-15]), array([ 3.80743880e+00,  5.08073131e+00,  2.98589395e+00, -2.11455120e+00,
        1.02790862e+00,  1.30861325e-15]), array([ 3.85820039e+00,  5.28928547e+00,  3.13688314e+00, -2.15239370e+00,
        1.12139729e+00,  6.12028017e-16]), array([ 3.87182486e+00,  5.43286353e+00,  3.23904058e+00, -2.16699315e+00,
        1.18313663e+00,  4.88085273e-16]), array([ 3.85542851e+00,  5.52735240e+00,  3.30431884e+00, -2.16285476e+00,
        1.22152905e+00,  1.85239575e-16]), array([ 3.81497564e+00,  5.58495447e+00,  3.34187930e+00, -2.14373246e+00,
        1.24288517e+00,  1.18089985e-15]), array([ 3.75546596e+00,  5.61503519e+00,  3.35873931e+00, -2.11274731e+00,
        1.25193079e+00,  1.13313936e-15]), array([ 3.68108864e+00,  5.62477133e+00,  3.36026772e+00, -2.07248844e+00,
        1.25219312e+00,  2.15689717e-15]), array([ 3.59534976e+00,  5.61964827e+00,  3.35056475e+00, -2.02509872e+00,
        1.24629447e+00, -2.45863053e-16]), array([ 3.50117829e+00,  5.60384257e+00,  3.33275379e+00, -1.97234719e+00,
        1.23617565e+00,  1.27556258e-15]), array([ 3.40101465e+00,  5.58051699e+00,  3.30920577e+00, -1.91569015e+00,
        1.22326545e+00,  3.32351578e-16]), array([ 3.29688513e+00,  5.55204864e+00,  3.28171191e+00, -1.85632248e+00,
        1.20860916e+00,  5.15794969e-16]), array([ 3.19046453e+00,  5.52020581e+00,  3.25161693e+00, -1.79522084e+00,
        1.19296582e+00,  1.19610596e-15]), array([ 3.08312918e+00,  5.48628532e+00,  3.21992192e+00, -1.73317980e+00,
        1.17688166e+00,  1.71068827e-16]), array([ 2.97600178e+00,  5.45121950e+00,  3.18736376e+00, -1.67084216e+00,
        1.16074541e+00,  5.19227352e-16]), array([ 2.86998954e+00,  5.41565967e+00,  3.15447667e+00, -1.60872428e+00,
        1.14482991e+00, -2.08716800e-16]), array([ 2.76581657e+00,  5.38004134e+00,  3.12163981e+00, -1.54723733e+00,
        1.12932324e+00, -5.65149622e-16]), array([ 2.66405144e+00,  5.34463533e+00,  3.08911417e+00, -1.48670493e+00,
        1.11435192e+00,  1.02750802e-16]), array([ 2.56513070e+00,  5.30958778e+00,  3.05707120e+00, -1.42737799e+00,
        1.09999820e+00,  1.06583057e-15]), array([ 2.46937891e+00,  5.27495163e+00,  3.02561503e+00, -1.36944707e+00,
        1.08631277e+00,  5.25873608e-16]), array([ 2.37702574e+00,  5.24071120e+00,  2.99479962e+00, -1.31305263e+00,
        1.07332415e+00,  3.89419240e-16]), array([ 2.28822062e+00,  5.20680161e+00,  2.96464215e+00, -1.25829370e+00,
        1.06104550e+00,  9.43057037e-16]), array([ 2.20304520e+00,  5.17312386e+00,  2.93513332e+00, -1.20523504e+00,
        1.04947953e+00, -7.74018768e-18]), array([ 2.12152410e+00,  5.13955672e+00,  2.90624532e+00, -1.15391314e+00,
        1.03862205e+00,  1.03968618e-15]), array([ 2.04363407e+00,  5.10596591e+00,  2.87793799e+00, -1.10434129e+00,
        1.02846441e+00,  4.35792164e-16]), array([ 1.96931188e+00,  5.07221118e+00,  2.85016351e+00, -1.05651374e+00,
        1.01899523e+00,  6.92925585e-16]), array([ 1.89846112e+00,  5.03815184e+00,  2.82286998e+00, -1.01040925e+00,
        1.01020157e+00,  9.83072674e-16]), array([ 1.83095803e+00,  5.00365080e+00,  2.79600416e+00, -9.65994057e-01,
        1.00206971e+00,  3.00666298e-16]), array([ 1.76665655e+00,  4.96857769e+00,  2.76951347e+00, -9.23224375e-01,
        9.94585583e-01,  5.22142957e-16]), array([ 1.70539270e+00,  4.93281102e+00,  2.74334748e+00, -8.82048473e-01,
        9.87735102e-01,  2.94270340e-16]), array([ 1.64698833e+00,  4.89623979e+00,  2.71745898e+00, -8.42408471e-01,
        9.81504298e-01,  1.65232638e-16]), array([ 1.59125442e+00,  4.85876440e+00,  2.69180471e+00, -8.04241830e-01,
        9.75879382e-01,  7.72448156e-16]), array([ 1.53799392e+00,  4.82029727e+00,  2.66634581e+00, -7.67482632e-01,
        9.70846756e-01,  5.44483774e-16]), array([ 1.48700426e+00,  4.78076307e+00,  2.64104815e+00, -7.32062655e-01,
        9.66392988e-01,  5.71765269e-17]), array([ 1.43807945e+00,  4.74009863e+00,  2.61588239e+00, -6.97912294e-01,
        9.62504774e-01,  5.49120290e-16]), array([ 1.39101203e+00,  4.69825272e+00,  2.59082401e+00, -6.64961334e-01,
        9.59168893e-01, -2.28455964e-16]), array([ 1.34559465e+00,  4.65518567e+00,  2.56585320e+00, -6.33139618e-01,
        9.56372163e-01,  7.11688806e-17]), array([ 1.30162153e+00,  4.61086876e+00,  2.54095471e+00, -6.02377605e-01,
        9.54101410e-01, -7.78549690e-18]), array([ 1.25888970e+00,  4.56528368e+00,  2.51611758e+00, -5.72606840e-01,
        9.52343439e-01,  3.32199743e-16]), array([ 1.21720006e+00,  4.51842178e+00,  2.49133497e+00, -5.43760354e-01,
        9.51085020e-01,  6.18366729e-19]), array([ 1.17635832e+00,  4.47028340e+00,  2.46660377e+00, -5.15772994e-01,
        9.50312874e-01, -4.78887091e-17]), array([ 1.13617580e+00,  4.42087711e+00,  2.44192438e+00, -4.88581698e-01,
        9.50013685e-01, -1.31066226e-16]), array([ 1.09647013e+00,  4.37021892e+00,  2.41730034e+00, -4.62125711e-01,
        9.50174102e-01,  4.58289511e-16]), array([ 1.05706582e+00,  4.31833160e+00,  2.39273805e+00, -4.36346766e-01,
        9.50780761e-01,  5.21232404e-16]), array([ 1.01779473e+00,  4.26524387e+00,  2.36824640e+00, -4.11189215e-01,
        9.51820304e-01, -1.79029392e-16]), array([ 9.78496535e-01,  4.21098973e+00,  2.34383651e+00, -3.86600129e-01,
        9.53279409e-01, -1.75148236e-17]), array([ 9.39018999e-01,  4.15560776e+00,  2.31952133e+00, -3.62529363e-01,
        9.55144816e-01,  9.72176992e-17]), array([ 8.99218273e-01,  4.09914043e+00,  2.29531541e+00, -3.38929592e-01,
        9.57403364e-01, -1.75066246e-16]), array([ 8.58959082e-01,  4.04163353e+00,  2.27123459e+00, -3.15756321e-01,
        9.60042017e-01, -1.82530947e-16]), array([ 8.18114876e-01,  3.98313550e+00,  2.24729566e+00, -2.92967871e-01,
        9.63047901e-01, -1.48820660e-16]), array([0., 0., 0., 0., 0., 0.])], 'ball_pos_history': [array([-1.20088608, -8.05389175,  1.23659176]), array([-1.19812234, -8.0089767 ,  1.22302929]), array([-1.1953586 , -7.96406165,  1.20922157]), array([-1.19259486, -7.9191466 ,  1.19516861]), array([-1.18983112, -7.87423155,  1.18087039]), array([-1.18706738, -7.8293165 ,  1.16632692]), array([-1.18430364, -7.78440145,  1.1515382 ]), array([-1.1815399 , -7.7394864 ,  1.13650423]), array([-1.17877616, -7.69457135,  1.12122501]), array([-1.17601242, -7.6496563 ,  1.10570054]), array([-1.17324869, -7.60474125,  1.08993082]), array([-1.17048495, -7.5598262 ,  1.07391585]), array([-1.16772121, -7.51491115,  1.05765563]), array([-1.16495747, -7.4699961 ,  1.04115016]), array([-1.16219373, -7.42508105,  1.02439944]), array([-1.15942999, -7.380166  ,  1.00740347]), array([-1.15666625, -7.33525095,  0.99016225]), array([-1.15390251, -7.29033589,  0.97267579]), array([-1.15113877, -7.24542084,  0.95494407]), array([-1.14837503, -7.20050579,  0.9369671 ]), array([-1.1456113 , -7.15559074,  0.91874488]), array([-1.14284756, -7.11067569,  0.90027741]), array([-1.14008382, -7.06576064,  0.88156469]), array([-1.13732008, -7.02084559,  0.86260672]), array([-1.13455634, -6.97593054,  0.8434035 ]), array([-1.1317926 , -6.93101549,  0.82395503]), array([-1.12902886, -6.88610044,  0.80426131]), array([-1.12626512, -6.84118539,  0.78432234]), array([-1.12350138, -6.79627034,  0.76413812]), array([-1.12073764, -6.75135529,  0.74370865]), array([-1.11797391, -6.70644024,  0.72303393]), array([-1.11521017, -6.66152519,  0.70211397]), array([-1.11244643, -6.61661014,  0.68094875]), array([-1.10968269, -6.57169509,  0.65953828]), array([-1.10691895, -6.52678004,  0.63788256]), array([-1.10415521, -6.48186499,  0.61598159]), array([-1.10139147, -6.43694994,  0.59383537]), array([-1.09862773, -6.39203489,  0.5714439 ]), array([-1.09586399, -6.34711984,  0.54880718]), array([-1.09310025, -6.30220479,  0.52592521]), array([-1.09033652, -6.25728974,  0.50279799]), array([-1.08757278, -6.21237469,  0.47942552]), array([-1.08480904, -6.16745964,  0.4558078 ]), array([-1.0820453 , -6.12254459,  0.43194483]), array([-1.07928156, -6.07762954,  0.40783661]), array([-1.07651782, -6.03271449,  0.38348315]), array([-1.07375408, -5.98779944,  0.35888443]), array([-1.07099034, -5.94288438,  0.33404046]), array([-1.0682266 , -5.89796933,  0.30895124]), array([-1.06546286, -5.85305428,  0.28361677]), array([-1.06269913, -5.80813923,  0.25803705]), array([-1.05993539, -5.76322418,  0.23221208]), array([-1.05717165, -5.71830913,  0.20614186]), array([-1.05440791, -5.67339408,  0.17982639]), array([-1.05164417, -5.62847903,  0.15326567]), array([-1.04888043, -5.58356398,  0.1264597 ]), array([-1.04611669, -5.53864893,  0.09940848]), array([-1.04335295, -5.49373388,  0.07211201]), array([-1.04058921, -5.44881883,  0.04457029]), array([-1.03782547, -5.40390378,  0.033     ]), array([-1.03519992, -5.36123448,  0.05359498]), array([-1.03257437, -5.31856519,  0.0739447 ]), array([-1.02994882, -5.27589589,  0.09404918]), array([-1.02732327, -5.23322659,  0.11390841]), array([-1.02469771, -5.19055729,  0.13352238]), array([-1.02207216, -5.14788799,  0.15289111]), array([-1.01944661, -5.1052187 ,  0.17201459]), array([-1.01682106, -5.0625494 ,  0.19089282]), array([-1.01419551, -5.0198801 ,  0.20952579]), array([-1.01156995, -4.9772108 ,  0.22791352]), array([-1.0089444, -4.9345415,  0.246056 ]), array([-1.00631885, -4.89187221,  0.26395322]), array([-1.0036933 , -4.84920291,  0.2816052 ]), array([-1.00106775, -4.80653361,  0.29901193]), array([-0.99844219, -4.76386431,  0.3161734 ]), array([-0.99581664, -4.72119502,  0.33308963]), array([-0.99319109, -4.67852572,  0.34976061]), array([-0.99056554, -4.63585642,  0.36618634]), array([-0.98793999, -4.59318712,  0.38236681]), array([-0.98531443, -4.55051782,  0.39830204]), array([-0.98268888, -4.50784853,  0.41399202]), array([-0.98006333, -4.46517923,  0.42943674]), array([-0.97743778, -4.42250993,  0.44463622]), array([-0.97481223, -4.37984063,  0.45959045]), array([-0.97218667, -4.33717134,  0.47429942]), array([-0.96956112, -4.29450204,  0.48876315]), array([-0.96693557, -4.25183274,  0.50298163]), array([-0.96431002, -4.20916344,  0.51695485]), array([-0.96168447, -4.16649414,  0.53068283]), array([-0.95905891, -4.12382485,  0.54416556]), array([-0.95643336, -4.08115555,  0.55740304]), array([-0.95380781, -4.03848625,  0.57039526]), array([-0.95118226, -3.99581695,  0.58314224]), array([-0.94855671, -3.95314765,  0.59564397]), array([-0.94593115, -3.91047836,  0.60790044]), array([-0.9433056 , -3.86780906,  0.61991167]), array([-0.94068005, -3.82513976,  0.63167765]), array([-0.9380545 , -3.78247046,  0.64319837]), array([-0.93542895, -3.73980117,  0.65447385]), array([-0.93280339, -3.69713187,  0.66550408]), array([-0.93017784, -3.65446257,  0.67628906]), array([-0.92755229, -3.61179327,  0.68682878]), array([-0.92492674, -3.56912397,  0.69712326]), array([-0.92230119, -3.52645468,  0.70717249]), array([-0.91967563, -3.48378538,  0.71697646]), array([-0.91705008, -3.44111608,  0.72653519]), array([-0.91442453, -3.39844678,  0.73584867]), array([-0.91179898, -3.35577749,  0.74491689]), array([-0.90917342, -3.31310819,  0.75373987]), array([-0.90654787, -3.27043889,  0.7623176 ]), array([-0.90392232, -3.22776959,  0.77065008]), array([-0.90129677, -3.18510029,  0.7787373 ]), array([-0.89867122, -3.142431  ,  0.78657928]), array([-0.89604566, -3.0997617 ,  0.79417601]), array([-0.89342011, -3.0570924 ,  0.80152748]), array([-0.89079456, -3.0144231 ,  0.80863371]), array([-0.88816901, -2.97175381,  0.81549469]), array([-0.88554346, -2.92908451,  0.82211041]), array([-0.8829179 , -2.88641521,  0.82848089]), array([-0.88029235, -2.84374591,  0.83460612]), array([-0.8776668 , -2.80107661,  0.84048609]), array([-0.87504125, -2.75840732,  0.84612082]), array([-0.8724157 , -2.71573802,  0.8515103 ]), array([-0.86979014, -2.67306872,  0.85665453]), array([-0.86716459, -2.63039942,  0.8615535 ]), array([-0.86453904, -2.58773012,  0.86620723]), array([-0.86191349, -2.54506083,  0.87061571]), array([-0.85928794, -2.50239153,  0.87477893]), array([-0.85666238, -2.45972223,  0.87869691]), array([-0.85403683, -2.41705293,  0.88236964]), array([-0.85141128, -2.37438364,  0.88579711]), array([-0.84878573, -2.33171434,  0.88897934]), array([-0.84616018, -2.28904504,  0.89191632]), array([-0.84353462, -2.24637574,  0.89460805]), array([-0.84090907, -2.20370644,  0.89705452]), array([-0.83828352, -2.16103715,  0.89925575]), array([-0.83565797, -2.11836785,  0.90121173]), array([-0.83303242, -2.07569855,  0.90292245]), array([-0.83040686, -2.03302925,  0.90438793]), array([-0.82778131, -1.99035996,  0.90560816]), array([-0.82515576, -1.94769066,  0.90658313]), array([-0.82253021, -1.90502136,  0.90731286]), array([-0.81990466, -1.86235206,  0.90779734]), array([-0.8172791 , -1.81968276,  0.90803656]), array([-0.81465355, -1.77701347,  0.90803054]), array([-0.812028  , -1.73434417,  0.90777927]), array([-0.80940245, -1.69167487,  0.90728275]), array([-0.8067769 , -1.64900557,  0.90654097]), array([-0.80415134, -1.60633627,  0.90555395]), array([-0.80152579, -1.56366698,  0.90432168]), array([-0.79890024, -1.52099768,  0.90284415]), array([-0.79627469, -1.47832838,  0.90112138]), array([-0.79364914, -1.43565908,  0.89915336]), array([-0.79102358, -1.39298979,  0.89694008]), array([-0.78839803, -1.35032049,  0.89448156]), array([-0.78577248, -1.30765119,  0.89177779]), array([-0.78314693, -1.26498189,  0.88882877]), array([-0.78052138, -1.22231259,  0.88563449]), array([-0.77789582, -1.1796433 ,  0.88219497]), array([-0.77527027, -1.136974  ,  0.8785102 ]), array([-0.77264472, -1.0943047 ,  0.87458017]), array([-0.77001917, -1.0516354 ,  0.8704049 ]), array([-0.76739361, -1.00896611,  0.86598438]), array([-0.76476806, -0.96629681,  0.8613186 ]), array([-0.76214251, -0.92362751,  0.85640758]), array([-0.75951696, -0.88095821,  0.85125131]), array([-0.75689141, -0.83828891,  0.84584979]), array([-0.75426585, -0.79561962,  0.84020301]), array([-0.7516403 , -0.75295032,  0.83431099]), array([-0.74901475, -0.71028102,  0.82817372]), array([-0.7463892 , -0.66761172,  0.82179119]), array([-0.74376365, -0.62494242,  0.81516342]), array([-0.74113809, -0.58227313,  0.8082904 ]), array([-0.73851254, -0.53960383,  0.80117212]), array([-0.73588699, -0.49693453,  0.7938086 ]), array([-0.73326144, -0.45426523,  0.78619983]), array([-0.73037601, -0.41385772,  0.77782287]), array([-0.71200991, -0.42785697,  0.75793929]), array([-0.69308333, -0.44493238,  0.73657471]), array([-0.67415675, -0.46200778,  0.71496489]), array([-0.65523017, -0.47908319,  0.69310982]), array([-0.63630358, -0.4961586 ,  0.67100949]), array([-0.617377  , -0.51323401,  0.64866392]), array([-0.59845042, -0.53030941,  0.6260731 ]), array([-0.57952384, -0.54738482,  0.60323702]), array([-0.56059726, -0.56446023,  0.5801557 ]), array([-0.54167067, -0.58153564,  0.55682912]), array([-0.52274409, -0.59861104,  0.5332573 ]), array([-0.50381751, -0.61568645,  0.50944023]), array([-0.48489093, -0.63276186,  0.4853779 ]), array([-0.46596435, -0.64983726,  0.46107033]), array([-0.44703776, -0.66691267,  0.43651751]), array([-0.42811118, -0.68398808,  0.41171943]), array([-0.4091846 , -0.70106349,  0.38667611]), array([-0.39025802, -0.71813889,  0.36138753]), array([-0.37133144, -0.7352143 ,  0.33585371]), array([-0.35240485, -0.75228971,  0.31007464]), array([-0.33347827, -0.76936512,  0.28405031]), array([-0.31455169, -0.78644052,  0.25778074]), array([-0.29562511, -0.80351593,  0.23126592]), array([-0.27669853, -0.82059134,  0.20450584]), array([-0.25777195, -0.83766675,  0.17750052]), array([-0.23884536, -0.85474215,  0.15024994]), array([-0.21991878, -0.87181756,  0.12275412]), array([-0.2009922 , -0.88889297,  0.09501305]), array([-0.18206562, -0.90596837,  0.06702672]), array([-0.16313904, -0.92304378,  0.03879515]), array([-0.14421245, -0.94011919,  0.033     ]), array([-0.1262322 , -0.95634083,  0.05411237]), array([-0.10825195, -0.97256246,  0.07497949]), array([-0.0902717 , -0.9887841 ,  0.09560135]), array([-0.07229144, -1.00500574,  0.11597797]), array([-0.05431119, -1.02122737,  0.13610934]), array([-0.03633094, -1.03744901,  0.15599546]), array([-0.01835068, -1.05367065,  0.17563632]), array([-3.70430818e-04, -1.06989228e+00,  1.95031943e-01]), array([ 0.01760982, -1.08611392,  0.21418231]), array([ 0.03559007, -1.10233556,  0.23308743]), array([ 0.05357033, -1.1185572 ,  0.2517473 ]), array([ 0.07155058, -1.13477883,  0.27016191]), array([ 0.08953083, -1.15100047,  0.28833128]), array([ 0.10751109, -1.16722211,  0.3062554 ]), array([ 0.12549134, -1.18344374,  0.32393427]), array([ 0.14347159, -1.19966538,  0.34136789]), array([ 0.16145184, -1.21588702,  0.35855625]), array([ 0.1794321 , -1.23210865,  0.37549937]), array([ 0.19741235, -1.24833029,  0.39219724]), array([ 0.2153926 , -1.26455193,  0.40864986]), array([ 0.23337286, -1.28077356,  0.42485722]), array([ 0.25135311, -1.2969952 ,  0.44081934]), array([ 0.26933336, -1.31321684,  0.45653621]), array([ 0.28731361, -1.32943848,  0.47200783]), array([ 0.30529387, -1.34566011,  0.4872342 ]), array([ 0.32327412, -1.36188175,  0.50221531]), array([ 0.34125437, -1.37810339,  0.51695118]), array([ 0.35923463, -1.39432502,  0.5314418 ]), array([ 0.37721488, -1.41054666,  0.54568717]), array([ 0.39519513, -1.4267683 ,  0.55968728]), array([ 0.41317538, -1.44298993,  0.57344215]), array([ 0.43115564, -1.45921157,  0.58695177]), array([ 0.44913589, -1.47543321,  0.60021614])], 'distances_history': [7.804913654793399, 7.75920733567341, 7.7135296050378175, 7.667879208717622, 7.6222553413157215, 7.576657550935721, 7.531085669107829, 7.485539758812395, 7.440020075739941, 7.3945270393904705, 7.349061211584464, 7.303623280607492, 7.258214049658056, 7.212834428590966, 7.167485428191364, 7.122168156400316, 7.076883816055043, 7.031633703814456, 6.986419210021651, 6.941241819315759, 6.896103111851158, 6.851004638147498, 6.805948173140653, 6.7609355924793775, 6.71596887560386, 6.671050109019491, 6.626181489767246, 6.58136532908693, 6.536604056268029, 6.491900222682972, 6.447256505998295, 6.402675714560163, 6.358160791951485, 6.313714821718619, 6.269341032266232, 6.225042801919283, 6.1808236641514265, 6.136687312979336, 6.092637608522526, 6.048678582728326, 6.004814445261632, 5.96104886452283, 5.9173864494255985, 5.873831999466062, 5.8303905128280915, 5.787067194204236, 5.743867462482988, 5.700796958392786, 5.657861552158108, 5.615067351202188, 5.572420707917958, 5.529928227520338, 5.487596775987143, 5.445433488091449, 5.40344577552462, 5.361641335106129, 5.320028157073307, 5.278614533441376, 5.237409066421234, 5.194407398840431, 5.149744345234489, 5.105166628047859, 5.060672426252463, 5.01625992875538, 4.971927330647835, 4.927672831363588, 4.883494634080886, 4.839390945949496, 4.7953599788713195, 4.7513999506523685, 4.707509086399663, 4.663685620072584, 4.619927796122063, 4.576233871167546, 4.532602115673343, 4.4890308155946315, 4.4455182739699355, 4.402062812441943, 4.358662772692627, 4.315316517781899, 4.272022433381744, 4.2287789330357795, 4.18558445090661, 4.142437446785697, 4.09933640687712, 4.056279844460025, 4.0132663004340134, 3.970294343751478, 3.9273625717410106, 3.884469610326368, 3.8416141141458486, 3.7987947665773776, 3.7560102796749444, 3.713259394022353, 3.6705408785105313, 3.627853530044798, 3.5851961731886917, 3.5425676597510076, 3.49996686832276, 3.4573927037707852, 3.4148440966946505, 3.3723200028535016, 3.329819402569349, 3.287341300113211, 3.244884723080409, 3.2024487217611584, 3.1600323685124825, 3.117634757137359, 3.075255002276858, 3.032892238820967, 2.9905456213436974, 2.94821432356802, 2.9058975378661787, 2.8635944748009354, 2.8213043627133976, 2.779026447363206, 2.7367599916270695, 2.6945042752618993, 2.6522585947391772, 2.6100222631576524, 2.5677946102420366, 2.5255749824360993, 2.483362743099403, 2.441157272817999, 2.398957969840612, 2.35676425065336, 2.3145755507078, 2.2723913253191856, 2.2302110507543214, 2.188034225531295, 2.1458603719568976, 2.1036890379316464, 2.0615197990572334, 2.0193522610871257, 1.9771860627679814, 1.9350208791279782, 1.8928564252782012, 1.850692460805393, 1.808528794849073, 1.7663652919738828, 1.7242018789698115, 1.6806499503057881, 1.6347925826422693, 1.587761467412649, 1.5408039940078175, 1.493549158068064, 1.4464425323462329, 1.400267987966372, 1.3544338088213412, 1.3094585589001406, 1.2636110089716388, 1.2170110447805553, 1.170848210754535, 1.1249308461539658, 1.0781179584217813, 1.0307206606776524, 0.9820811443168161, 0.93379070948542, 0.885104826037468, 0.83560342062648, 0.7863673321800031, 0.7364647964680475, 0.6867499696119148, 0.6371049624419984, 0.5869239298540545, 0.5365547056062369, 0.4865559715178518, 0.43699890499951444, 0.38707774114661175, 0.33859872752576503, 0.29153248639340795, 0.24510242249907974, 0.2007761139544452, 0.15840604630064353, 0.11863957284559348, 0.08636898378359817, 0.07330959895609654, 0.08143930225576144, 0.10570496932979517, 0.13604451279400068, 0.16810156136869173, 0.20060417752880227, 0.23318141856210428, 0.26574757055428355, 0.29831070465983106, 0.3309064244283493, 0.36357425417749917, 0.3963496319258906, 0.4292618152700056, 0.4623339897038208, 0.4955841060598817, 0.5290258616235677, 0.5626696049257331, 0.5965230963036856, 0.6305921180967757, 0.6648809512453516, 0.6993927413414119, 0.7341297766582523, 0.7690936977162015, 0.804285654412361, 0.8397064234260732, 0.8753564957755706, 0.911236142090492, 0.9473454613355328, 0.9836844172986813, 1.0202528660665946, 1.0570505768805625, 1.0764928148953337, 1.0748816823186427, 1.07427106707322, 1.0746486886253417, 1.0760003177465902, 1.0783098747373172, 1.0815595490144667, 1.085729937391771, 1.0908001978037494, 1.0967482148541596, 1.10355077339674, 1.1111837363644943, 1.1196222232294115, 1.1288407857679215, 1.1388135781963942, 1.1495145191929903, 1.1609174438063332, 1.1729962437404462, 1.1857249949764777, 1.199078072127285, 1.2130302493086913, 1.227556787643726, 1.2426335097902341, 1.2582368620983717, 1.2743439651656485, 1.290932653668412, 1.3079815064160114, 1.3254698676040582, 1.343377860242902, 1.3616863927131069, 1.380377159357218, 1.399432635961696, 1.4188360709189292], 'normal_align_history': [0.5943845116197967, 0.5943733984843628, 0.5943576162083248, 0.5943409669644094, 0.5943257002143321, 0.5943131460569449, 0.5943040879259816, 0.59429898454622, 0.5942981036012484, 0.5943016029707081, 0.5943095803692725, 0.5943221036483093, 0.5943392290816121, 0.5943610120803168, 0.5943875130869644, 0.594418800383511, 0.594454950927673, 0.5944960499439725, 0.5945421897477079, 0.5945934681181368, 0.5946499864299428, 0.5947117152625276, 0.5947787533619783, 0.5948512041352311, 0.5949291692103508, 0.5950127444767419, 0.5951020174680702, 0.5951970654795119, 0.5952979540968272, 0.595404735968601, 0.5955174497353599, 0.5956361190729615, 0.5957607518306521, 0.5958913392560439, 0.5960278553052701, 0.596170256039475, 0.5963184791100872, 0.5964724433357655, 0.5966320483739521, 0.5967971744897389, 0.5969676824244425, 0.5971427545538743, 0.5973222211384104, 0.5975059231372701, 0.597693691515159, 0.5978853377202962, 0.5980806499975182, 0.5982793926831957, 0.5984813069730063, 0.5986861123776117, 0.5988935084682881, 0.5991031767189433, 0.5993147823569702, 0.599527976188716, 0.5997423963907925, 0.5999576702694166, 0.6001734159935707, 0.6003892443078566, 0.6006047602294429, 0.6008195647314984, 0.6010332564134696, 0.6012472427416224, 0.6014611005617931, 0.6016743029367537, 0.6018862928715166, 0.6020965191163619, 0.6023044523243866, 0.6025095913162659, 0.6027114645946119, 0.6029096297696565, 0.6031036722333741, 0.60329320371994, 0.6034778610278473, 0.6036573049963149, 0.6038312197409823, 0.6039993121156744, 0.604161311353792, 0.6043169688417348, 0.6044660579810053, 0.6046083741018168, 0.6047437343975473, 0.60487198004578, 0.604992970689434, 0.6051065883121278, 0.6052127366194877, 0.6053113405866534, 0.6054023460604334, 0.6054857193565037, 0.6055614468207129, 0.6056295343394364, 0.6056900067928036, 0.6057429074496516, 0.6057882973059596, 0.6058262543701923, 0.6058568729000087, 0.6058802625953965, 0.6058965477536515, 0.6059058663918284, 0.6059083693423761, 0.6059042193276823, 0.6058935900191951, 0.6058766650866596, 0.6058536372428815, 0.6058247072891949, 0.6057900831666051, 0.6057499790173018, 0.6057046142609555, 0.6056542126899078, 0.6055990015870281, 0.605539210869699, 0.6054750722630248, 0.605406818505028, 0.6053346825862406, 0.6052588970257495, 0.6051796931854255, 0.6050973006237109, 0.6050119464900356, 0.6049238549606042, 0.6048332467160091, 0.604740338460835, 0.604645342485152, 0.6045484662675544, 0.6044499121191682, 0.6043498768678365, 0.6042485515815075, 0.6041461213296807, 0.6040427649816117, 0.6039386550398411, 0.6038339575075219, 0.6037288317878996, 0.6036234306142476, 0.6035179000084885, 0.6034123792667078, 0.6033070009697116, 0.6032018910168135, 0.603097168680992, 0.6029929466836117, 0.6028893312869041, 0.6027864224024496, 0.6026843137139547, 0.6025830928126512, 0.5971779486370967, 0.5992168453536931, 0.5918277804160311, 0.5944384449957623, 0.5875058690658018, 0.5904861498632119, 0.6036712409932161, 0.6100047279089567, 0.6260072221794895, 0.6455772413054071, 0.6546794464594194, 0.6723360340084685, 0.6907845684414337, 0.6997456563408749, 0.6998126959199262, 0.7052337308595662, 0.7189937179305832, 0.7239117476403659, 0.7340528092635038, 0.7386892708787005, 0.7457365684035527, 0.7523951960816846, 0.7668343544377063, 0.7731167618631791, 0.7819168020656326, 0.7866789270115434, 0.7984372565737321, 0.8050491399937282, 0.8073535202833981, 0.8167177763445769, 0.8216813862238638, 0.8330934318879176, 0.846452586234838, 0.860343547442938, 0.8720337247560784, 0.8819843372147529, 0.8898850067344772, 0.8973202067574838, 0.904192866727408, 0.9104664420552585, 0.9161835257009677, 0.921385885582979, 0.9261102121684124, 0.9303887407202188, 0.934250032029474, 0.9377196582745785, 0.9408207293631734, 0.9435742721243446, 0.9459994987887685, 0.9481140021839594, 0.9499339076204301, 0.9514740023074947, 0.9527478550906677, 0.9537679331992731, 0.9545457185257037, 0.9550918233922577, 0.9554161043893477, 0.9555277723174973, 0.9554354962355812, 0.9551474998870886, 0.9546716491900799, 0.9540155299334306, 0.9531865152600234, 0.9521918229026887, 0.9510385624555701, 0.949733773208878, 0.9482844532523774, 0.9466975806700197, 0.9449801277140091, 0.9431390688707598, 0.9411813837225483, 0.9391140554752311, 0.9369440659710311, 0.9346783879418925, 0.9323239751879858, 0.9298877512913125, 0.9273765973990271, 0.9247973395372133, 0.9221567358450933, 0.919461464053187, 0.9167181094675176, 0.913933153666042, 0.9111129640633151, 0.9082637844549588, 0.9053917266147157, 0.9025027629834642, 0.8996027204612916, 0.8966972752901561, 0.8937919489954708, 0.8908921053396794, 0.8880029482291497, 0.8851295205071016, 0.882276703559382, 0.8794492176563595, 0.8766516229526464, 0.8738883210664674, 0.8711635571619708, 0.8684814224603321, 0.8658458571089083], 'ball_near_history': [False, False, False, False, False, False, False, False, False, False, False, False, False, False, False, False, False, False, False, False, False, False, False, False, False, False, False, False, False, False, False, False, False, False, False, False, False, False, False, False, False, False, False, False, False, False, False, False, False, False, False, False, False, False, False, False, False, False, False, False, False, False, False, False, False, False, False, False, False, False, False, False, False, False, False, False, False, False, False, False, False, False, False, False, False, False, False, False, False, False, False, False, False, False, False, False, False, False, False, False, False, False, False, False, False, False, False, False, False, False, False, False, False, False, False, False, False, False, False, False, False, False, False, False, False, False, False, False, False, False, False, False, False, False, False, False, False, False, False, False, False, False, False, False, False, False, False, False, False, False, False, False, False, False, False, False, False, False, False, False, False, False, False, False, False, False, False, False, False, False, False, False, False, True, True, True, True, True, True, True, True, False, False, False, False, False, False, False, False, False, False, False, False, False, False, False, False, False, False, False, False, False, False, False, False, False, False, False, False, False, False, False, False, False, False, False, False, False, False, False, False, False, False, False, False, False, False, False, False, False, False, False, False, False, False, False, False, False, False, False], 'tube_ready_history': [False, False, False, False, False, False, False, False, False, False, False, False, False, False, False, False, False, False, False, False, False, False, False, False, False, False, False, False, False, False, False, False, False, False, False, False, False, False, False, False, False, False, False, False, False, False, False, False, False, False, False, False, False, False, False, False, False, False, False, False, False, False, False, False, False, False, False, False, False, False, False, False, False, False, False, False, False, False, False, False, False, False, False, False, False, False, False, False, False, False, False, False, False, False, False, False, False, False, False, False, False, False, False, False, False, False, False, False, False, False, False, False, False, False, False, False, False, False, False, False, False, False, False, False, False, False, False, False, False, False, False, False, False, False, False, False, False, False, False, False, False, False, False, False, False, False, False, False, False, False, False, False, False, False, False, False, False, False, False, False, False, False, False, False, False, False, False, False, False, True, True, True, True, True, True, True, True, True, True, True, True, True, True, True, True, True, True, True, True, True, False, False, False, False, False, False, False, False, False, False, False, False, False, False, False, False, False, False, False, False, False, False, False, False, False, False, False, False, False, False, False, False, False, False, False, False, False, False, False, False, False, False, False, False, False, False, False, False, False, False], 'pos_error_history': [0.00928274444664289, 0.009271377240544705, 0.009286451811641682, 0.009358804361884469, 0.009523365464794223, 0.009815574467387842, 0.010267003990980987, 0.010901352992809879, 0.011732225314103721, 0.012763356226833725, 0.013990747836422446, 0.015405511916416844, 0.016996400991006924, 0.018751578222313263, 0.020659634255144922, 0.022710053937929575, 0.024893349155562607, 0.02720101798567627, 0.029625429132663247, 0.03215968549988151, 0.03365275755308675, 0.03634286481660984, 0.039131398598289416, 0.042012386809903025, 0.044980258203378656, 0.0480297623713385, 0.051155905171659105, 0.054353896933903884, 0.05761911106947654, 0.06094705107163392, 0.0643333242560647, 0.06777362091689072, 0.07126369784491313, 0.07479936537573505, 0.07837647731132213, 0.08199092319708852, 0.08563862254493271, 0.08931552067704539, 0.09301758593092253, 0.09674080801696917, 0.09959894158958368, 0.10334081172129858, 0.10709350270984715, 0.11085300177662781, 0.11461533380038669, 0.11837656158372589, 0.12213278700208093, 0.1258801528801318, 0.12961484546970564, 0.1333330974252293, 0.13703119118956036, 0.14070546271589782, 0.14435230546142266, 0.14796817459606562, 0.15154959137591412, 0.15509314763561916, 0.15859551035811068, 0.16205342628317335, 0.16546372651917207, 0.1688233311245901, 0.1747901339935571, 0.1780377684507992, 0.18122253564607965, 0.18434197067033592, 0.18739368531952888, 0.19037538077953117, 0.19328485787534638, 0.19612002542701734, 0.19887890710944506, 0.20155964710841426, 0.20416051478866487, 0.20667990853390017, 0.20911635887751842, 0.21146853101268637, 0.21373522674823472, 0.21591538596069046, 0.21800808758102058, 0.2200125501462139, 0.22192813193983957, 0.22375433074154744, 0.22545433521399083, 0.22710094357691168, 0.2286575453891824, 0.23012418238272817, 0.2315010298545935, 0.23278839422780098, 0.23398671036225294, 0.23509653861979155, 0.23611856169043005, 0.2370535811890862, 0.23790251403395693, 0.23866638861911244, 0.23934634079504255, 0.23994360967176798, 0.24045953325984332, 0.24089554396509127, 0.24125316395327065, 0.2415340004011583, 0.24173974065061343, 0.2418721472822547, 0.2419330531252913, 0.24192435621989408, 0.24184801474827994, 0.24170604195034495, 0.24150050103933157, 0.24123350013257192, 0.24090718721184837, 0.24052374512737534, 0.24008538665881007, 0.2395943496460695, 0.23905289220204617, 0.23846328801862843, 0.2378278217766824, 0.2371487846699106, 0.23642847005171488, 0.23566916921342795, 0.23487316730145363, 0.23404273938008924, 0.2331801466459848, 0.23228763279941214, 0.23136742057673076, 0.23042170844767437, 0.22945266748032192, 0.2284624383758966, 0.2274531286748112, 0.22642681013472327, 0.22538551628068412, 0.22433124012686392, 0.2232659320687419, 0.2221914979440985, 0.22110979726062646, 0.22002264158751153, 0.21893179310787292, 0.21783896332857447, 0.2167458119435312, 0.21565394584632458, 0.21456491828764557, 0.21348022817283324, 0.2124013194945643, 0.21132958089556794, 0.2080100630487957, 0.20398970938486294, 0.199515309099075, 0.19384129791176435, 0.1897873591954225, 0.1843230985443568, 0.1804845782199335, 0.17527665262321226, 0.17113586943681178, 0.16655198291289197, 0.16217065671128722, 0.15760704823875177, 0.1536225442663485, 0.14926028992541937, 0.14529753867137038, 0.1405622350889661, 0.13582176812006383, 0.13295100395503354, 0.13091336973637496, 0.12784725810211145, 0.126256392576227, 0.12545779382923375, 0.12485789550502181, 0.12596189868233898, 0.12843329290377328, 0.13044055276455474, 0.13219242348832194, 0.1346702825116358, 0.13691267688970754, 0.13909411825433113, 0.14018595823771107, 0.14092611081445014, 0.14198479328340807, 0.14375112650335156, 0.1461335321184069, 0.14889000167887603, 0.1527796608729469, 0.15669259598119695, 0.16004951709433946, 0.16278888812299971, 0.1650263044517012, 0.16690518467809976, 0.16855937728625642, 0.17010179262625286, 0.1716222780882146, 0.17318938136813755, 0.1748534824326575, 0.1766501400635471, 0.17860315985298578, 0.18072720913482776, 0.183029954064599, 0.18551375972700468, 0.18817701807209294, 0.191015172144462, 0.1940214995083671, 0.19718770865646537, 0.2005043923828365, 0.20396137296898367, 0.20754796614322327, 0.21125318427648188, 0.21506589410551566, 0.2189749402664655, 0.22296924288395653, 0.22703787520288954, 0.23117012560017375, 0.23535554712668097, 0.23958399688742932, 0.24384566697732366, 0.2481311082792743, 0.2524312481476637, 0.25673740280373414, 0.2610412851323096, 0.2653350084715692, 0.2696110869156704, 0.27386243259466586, 0.278082350351341, 0.2822645301964055, 0.28640303788953764, 0.29049230396265674, 0.29452711147269495, 0.2985025827436677, 0.30241416533176496, 0.30625761742251884, 0.3100289928457876, 0.3137246258723975, 0.3173411159358165, 0.32087531240321565, 0.32432429950270736, 0.32768538149742527, 0.3309560681823852, 0.3341340607667267, 0.33721723819188504, 0.34020364392547386, 0.34309147326105266, 0.3458790611454886, 0.34856487054818, 0.3511474813799515, 0.35362557996386124, 0.3559979490554212, 0.3581943547374912], 'max_qdot_ratio': 0.9889225748427386, 'max_tcp_speed': 1.7968582502422767, 'max_racket_face_speed': 1.794062461192897, 'total_mpc_steps': 240, 'ball_was_hit': True, 'hit_step': 175, 'p_ee_at_hit': array([-0.66996672, -0.40649395,  0.81869817]), 'ball_pos_at_hit': array([-0.73037601, -0.41385772,  0.77782287]), 'v_ee_at_hit': 1.7807440465530509, 'active_contact': True, 'passive_contact': False}
2026-09-13 00:11:51,889 [INFO] __main__: 击打后继续仿真 20 步...
