__STEP_TIMING__: n=240 p50=0.26 p95=0.59 p99=4.54 max=38.63 n_over_period=2 period_ms=5.00 deciles=0.25,0.25,0.25,0.25,0.26,0.26,0.26,0.27,0.42,38.63

========================================
  RM-65 击打成功！（主动击球，pos_error=0.0937m）
  [V12 EpisodeRunner 管线架构]
  ablation: full
  击打目标位置: [-0.707 -0.221  0.894]
  末端实际位置: [-0.639 -0.361  0.936]
  规划跟踪误差: 0.1614 m
  速度误差: 1.9482 m/s
  MPC 总步数: 261
  --- Tube 专用指标 ---
  最小球拍-球距离: 0.0937 m
  ball_near 步数: 8 = 40.0 ms
  tube_ready 步数: 21 = 105.0 ms
  击打时间误差: 20.0 ms
  击打位置误差: 0.0937 m
  --- 计算性能 ---
  总墙钟时间: 1.15s (MPC=1.15s)
  --- 执行层约束 ---
  max_qdot=1.00x, max_tcp=1.8m/s, max_face=1.6m/s
  击球类型: 主动击球
========================================

__RESULT__: pos_error=0.093695 vel_error=1.948249 min_dist=0.093695 ball_near_ms=40.0 tube_ready_ms=105.0 max_tcp=1.80 max_qdot=1.00 max_face=1.6 hit_type=active hit_time_error_ms=20.0 hit_pos_error=0.093695 v_racket_at_hit=1.532
2026-09-13 00:12:07,034 [INFO] __main__: [ablation] mode=full
2026-09-13 00:12:07,040 [INFO] __main__: serve-box auto params: horizon=120, iter=10, first_plan_iters=30, total_horizon=250, replan_interval=20, near_plan_iters=5
2026-09-13 00:12:07,059 [INFO] __main__: 关节限位: 仿真默认(default.yaml), TCP=1.8 m/s, terminal_exempt=20
2026-09-13 00:12:07,060 [INFO] __main__: 球拍初始位置: [-0.24136342  0.63027058  1.45576659]
2026-09-13 00:12:07,060 [DEBUG] src.tennis.ball: serve_box bounce (attempt=4): p0_z=1.28, vz0=-3.3, spd=9.0, t1=0.268, t2=0.598, z_err=0.08
2026-09-13 00:12:07,067 [INFO] __main__: 击打步数: 180, 击打位置: [-0.70715848 -0.22105937  0.89408666]
2026-09-13 00:12:07,067 [INFO] __main__: 随挥方向: [-0.172 -0.966  0.195], 随挥步数: 60
2026-09-13 00:12:07,084 [INFO] __main__: 候选窗口已构建: best_k=180, candidates=21
2026-09-13 00:12:07,085 [INFO] src.cpp.solver_cpp: iLQR C++ 加速模块已加载
2026-09-13 00:12:07,085 [INFO] __main__: 开始 V12 EpisodeRunner，总步数=310 (MPC=250, 随挥=60)，击打步数=180
2026-09-13 00:12:07,086 [INFO] src.ilqt.async_replanner: AsyncReplanner: 后台规划线程已启动
2026-09-13 00:12:07,104 [INFO] src.ilqt.async_replanner: AsyncReplanner: 规划环境已创建（独立 MjData）
2026-09-13 00:12:07,108 [INFO] src.ilqt.async_replanner: AsyncReplanner: 规划环境已创建（独立 MjData）
2026-09-13 00:12:07,136 [DEBUG] src.ilqt.tube_cost: [Softmin诊断] 候选权重TOP3: k=180:w=0.056, k=181:w=0.056, k=179:w=0.056
2026-09-13 00:12:08,055 [INFO] src.ilqt.mpc_controller: REPLAN step=0 k_hit=180 iters=30 horizon=120 t=951ms
2026-09-13 00:12:08,056 [INFO] src.ilqt.mpc_controller: MPCController.start 完成: k_hit=180, p_hit=[-0.707 -0.221  0.894], buffer=120
2026-09-13 00:12:08,060 [DEBUG] src.ilqt.replan_core: FAR_JT step=0 k_hit=180 (JT gain=60, skip iLQR)
2026-09-13 00:12:08,060 [DEBUG] src.ilqt.mpc_controller: REPLAN step=0 k_hit=180 iters=0 horizon=0 t=4ms
2026-09-13 00:12:08,060 [DEBUG] src.ilqt.mpc_controller: MPCController.step 0: replan k_hit=180 refine=feasible buffer=20
2026-09-13 00:12:08,069 [DEBUG] src.ilqt.replan_core: FAR_JT step=20 k_hit=160 (JT gain=60, skip iLQR)
2026-09-13 00:12:08,069 [DEBUG] src.ilqt.mpc_controller: REPLAN step=20 k_hit=160 iters=0 horizon=0 t=4ms
2026-09-13 00:12:08,070 [DEBUG] src.ilqt.mpc_controller: MPCController.step 20: replan k_hit=160 refine=feasible buffer=20
2026-09-13 00:12:08,078 [DEBUG] src.ilqt.replan_core: FAR_JT step=40 k_hit=141 (JT gain=60, skip iLQR)
2026-09-13 00:12:08,079 [DEBUG] src.ilqt.mpc_controller: REPLAN step=40 k_hit=141 iters=0 horizon=0 t=4ms
2026-09-13 00:12:08,079 [DEBUG] src.ilqt.mpc_controller: MPCController.step 40: replan k_hit=141 refine=feasible buffer=20
2026-09-13 00:12:08,088 [DEBUG] src.ilqt.replan_core: FAR_JT step=60 k_hit=120 (JT gain=60, skip iLQR)
2026-09-13 00:12:08,088 [DEBUG] src.ilqt.mpc_controller: REPLAN step=60 k_hit=120 iters=0 horizon=0 t=4ms
2026-09-13 00:12:08,088 [DEBUG] src.ilqt.mpc_controller: MPCController.step 60: replan k_hit=120 refine=feasible buffer=20
2026-09-13 00:12:08,097 [DEBUG] src.ilqt.replan_core: FAR_JT step=80 k_hit=100 (JT gain=60, skip iLQR)
2026-09-13 00:12:08,097 [DEBUG] src.ilqt.mpc_controller: REPLAN step=80 k_hit=100 iters=0 horizon=0 t=3ms
2026-09-13 00:12:08,097 [DEBUG] src.ilqt.mpc_controller: MPCController.step 80: replan k_hit=100 refine=feasible buffer=20
2026-09-13 00:12:08,106 [DEBUG] src.ilqt.replan_core: FAR_JT step=100 k_hit=80 (JT gain=60, skip iLQR)
2026-09-13 00:12:08,106 [DEBUG] src.ilqt.mpc_controller: REPLAN step=100 k_hit=80 iters=0 horizon=0 t=3ms
2026-09-13 00:12:08,107 [DEBUG] src.ilqt.mpc_controller: MPCController.step 100: replan k_hit=80 refine=feasible buffer=20
2026-09-13 00:12:08,115 [DEBUG] src.ilqt.replan_core: FAR_JT step=120 k_hit=60 (JT gain=60, skip iLQR)
2026-09-13 00:12:08,115 [DEBUG] src.ilqt.mpc_controller: REPLAN step=120 k_hit=60 iters=0 horizon=0 t=3ms
2026-09-13 00:12:08,115 [INFO] src.ilqt.strategies.hit_point_refiner: [HIT_LOCK] k_hit=60 ≤ 60, 锁定击球点不再替换
2026-09-13 00:12:08,115 [DEBUG] src.ilqt.mpc_controller: MPCController.step 120: replan k_hit=60 refine=locked buffer=20
2026-09-13 00:12:08,136 [DEBUG] src.ilqt.tube_cost: [Softmin诊断] 候选权重TOP3: k=40:w=0.056, k=41:w=0.056, k=39:w=0.056
2026-09-13 00:12:08,158 [DEBUG] src.ilqt.mpc_controller: REPLAN step=140 k_hit=40 iters=5 horizon=40 t=38ms
2026-09-13 00:12:08,159 [DEBUG] src.ilqt.mpc_controller: MPCController.step 140: replan k_hit=40 refine=locked buffer=20
2026-09-13 00:12:08,161 [INFO] src.ilqt.components.predictive_safety: [SAFETY_FILTER] beta=0.8: qdot entering overspeed, joint=5, |qdot|=4.13 > 3.93
2026-09-13 00:12:08,162 [INFO] src.ilqt.components.predictive_safety: [SAFETY_FILTER] beta=0.2: qdot entering overspeed, joint=5, |qdot|=5.40 > 3.93
2026-09-13 00:12:08,178 [DEBUG] src.ilqt.tube_cost: [Softmin诊断] 候选权重TOP3: k=20:w=0.056, k=21:w=0.056, k=19:w=0.056
2026-09-13 00:12:08,190 [DEBUG] src.ilqt.mpc_controller: REPLAN step=160 k_hit=20 iters=5 horizon=20 t=26ms
2026-09-13 00:12:08,190 [DEBUG] src.ilqt.mpc_controller: MPCController.step 160: replan k_hit=20 refine=locked buffer=20
2026-09-13 00:12:08,191 [INFO] src.ilqt.components.predictive_safety: [SAFETY_FILTER] beta=0.8: tcp speed 1.85 > 1.80 m/s
2026-09-13 00:12:08,192 [INFO] src.ilqt.components.predictive_safety: [SAFETY_FILTER] beta=0.6: tcp speed 1.83 > 1.80 m/s
2026-09-13 00:12:08,192 [INFO] src.ilqt.components.predictive_safety: [SAFETY_FILTER] beta=0.6: tcp speed 1.85 > 1.80 m/s
2026-09-13 00:12:08,193 [INFO] src.ilqt.components.predictive_safety: [SAFETY_FILTER] beta=0.6: qdot entering overspeed, joint=0, |qdot|=3.21 > 3.14
2026-09-13 00:12:08,193 [INFO] src.ilqt.components.predictive_safety: [SAFETY_FILTER] beta=0.6: tcp speed 1.90 > 1.80 m/s
2026-09-13 00:12:08,194 [INFO] src.ilqt.components.predictive_safety: [SAFETY_FILTER] beta=0.4: qdot entering overspeed, joint=2, |qdot|=4.53 > 3.93
2026-09-13 00:12:08,195 [INFO] src.ilqt.components.predictive_safety: [SAFETY_FILTER] beta=0.6: tcp speed 1.89 > 1.80 m/s
2026-09-13 00:12:08,195 [INFO] src.ilqt.components.predictive_safety: [SAFETY_FILTER] beta=0.2: qdot entering overspeed, joint=2, |qdot|=4.58 > 3.93
2026-09-13 00:12:08,196 [INFO] src.ilqt.components.predictive_safety: [SAFETY_FILTER] beta=0.0: qdot entering overspeed, joint=2, |qdot|=5.17 > 3.93
2026-09-13 00:12:08,196 [INFO] src.ilqt.components.predictive_safety: [SAFETY_FILTER] beta=0.2: qdot entering overspeed, joint=2, |qdot|=4.96 > 3.93
2026-09-13 00:12:08,197 [INFO] src.ilqt.components.predictive_safety: [SAFETY_FILTER] beta=0.0: qdot entering overspeed, joint=2, |qdot|=5.13 > 3.93
2026-09-13 00:12:08,198 [INFO] src.ilqt.components.predictive_safety: [SAFETY_FILTER] beta=0.2: qdot entering overspeed, joint=2, |qdot|=4.99 > 3.93
2026-09-13 00:12:08,198 [INFO] src.ilqt.components.predictive_safety: [SAFETY_FILTER] beta=0.8: qdot entering overspeed, joint=2, |qdot|=3.98 > 3.93
2026-09-13 00:12:08,199 [INFO] src.ilqt.components.predictive_safety: [SAFETY_FILTER] beta=0.0: qdot entering overspeed, joint=0, |qdot|=3.36 > 3.14
2026-09-13 00:12:08,199 [INFO] src.ilqt.strategies.follow_through: 随挥触发: step=179, steps=60
2026-09-13 00:12:08,216 [INFO] src.ilqt.async_replanner: AsyncReplanner: 后台规划线程已停止
2026-09-13 00:12:08,216 [INFO] src.ilqt.episode_runner: EpisodeRunner 完成: total_steps=241 safe_steps=241 mpc_done=True
2026-09-13 00:12:08,216 [DEBUG] src.ilqt.episode_runner: EpisodeRunner metrics 详情: {'total_steps': 241, 'safe_steps': 241, 'mpc_done': True, 'X_history': [array([-1.5  ,  1.57 , -0.236,  0.404,  0.446,  2.45 ,  0.   ,  0.   ,
        0.   ,  0.   ,  0.   ,  0.   ]), array([-8.62135568e-02,  1.17973844e+00, -5.06006577e-01, -1.22443903e-01,
        1.46137500e+00,  2.44997231e+00,  4.08580776e-03, -1.78016588e-02,
        3.19396808e-03,  1.19913967e-03, -9.03398913e-02, -5.53701959e-03]), array([-8.61743737e-02,  1.17955953e+00, -5.05992689e-01, -1.22432395e-01,
        1.46055824e+00,  2.44992765e+00,  7.83662883e-03, -3.57814702e-02,
        2.77760397e-03,  2.30170312e-03, -1.63351280e-01, -8.93265011e-03]), array([-8.61179178e-02,  1.17929057e+00, -5.05994400e-01, -1.22416038e-01,
        1.45944548e+00,  2.44987227e+00,  1.12911835e-02, -5.37919373e-02,
       -3.42180579e-04,  3.27141015e-03, -2.22553504e-01, -1.10763231e-02]), array([-0.0860455 ,  1.17893198, -0.50602169, -0.1223956 ,  1.45809177,
        2.4498099 ,  0.01448268, -0.07171766, -0.00545823,  0.00408826,
       -0.27074177, -0.01247395]), array([-0.0859583 ,  1.17848464, -0.50608179, -0.12237187,  1.45654108,
        2.44974282,  0.01743988, -0.08946817, -0.01202008,  0.00474464,
       -0.31013763, -0.01341654]), array([-0.08585737,  1.17794978, -0.50617979, -0.12234566,  1.45482854,
        2.44967245,  0.02018782, -0.10697255, -0.01960016,  0.00524184,
       -0.34250755, -0.0140739 ]), array([-0.08574362,  1.1773289 , -0.50631913, -0.12231773,  1.45298226,
        2.44959971,  0.02274837, -0.12417528, -0.02786721,  0.00558715,
       -0.36925655, -0.01454701]), array([-0.08561792,  1.17662374, -0.50650196, -0.12228877,  1.45102475,
        2.44952523,  0.02514072, -0.14103305, -0.03656541,  0.00579169,
       -0.39150219, -0.01489727]), array([-0.08548101,  1.17583618, -0.50672944, -0.12225943,  1.44897408,
        2.44944941,  0.02738166, -0.15751224, -0.04549789,  0.00586878,
       -0.41013308, -0.01516304]), array([-0.08533358,  1.17496824, -0.50700201, -0.12223026,  1.4468448 ,
        2.44937257,  0.02948591, -0.17358705, -0.05451381,  0.0058328 ,
       -0.4258554 , -0.01536901]), array([-0.08517625,  1.17402205, -0.50731951, -0.12220177,  1.44464866,
        2.44929491,  0.03146636, -0.18923786, -0.06349822,  0.00569844,
       -0.43922995, -0.01553159]), array([-0.08500958,  1.1729998 , -0.50768133, -0.12217437,  1.44239515,
        2.4492166 ,  0.03333428, -0.20445009, -0.07236406,  0.00548014,
       -0.45070169, -0.01566202]), array([-0.08483408,  1.17190374, -0.50808656, -0.12214841,  1.44009203,
        2.44913776,  0.03509951, -0.21921316, -0.08104597,  0.00519169,
       -0.46062338, -0.01576821]), array([-0.08465023,  1.17073614, -0.50853403, -0.12212418,  1.43774566,
        2.44905848,  0.03677064, -0.23351978, -0.08949534,  0.00484604,
       -0.46927441, -0.0158559 ]), array([-0.08445845,  1.16949931, -0.50902241, -0.12210191,  1.43536128,
        2.44897883,  0.03835516, -0.24736522, -0.09767656,  0.00445508,
       -0.47687583, -0.01592932]), array([-0.08425915,  1.16819558, -0.50955023, -0.12208176,  1.43294327,
        2.44889887,  0.03985963, -0.26074691, -0.10556395,  0.00402963,
       -0.48360228, -0.01599162]), array([-0.08405271,  1.16682726, -0.51011593, -0.12206386,  1.43049531,
        2.44881865,  0.04128976, -0.27366393, -0.11313946,  0.00357936,
       -0.48959153, -0.01604522]), array([-0.08383945,  1.16539667, -0.51071789, -0.1220483 ,  1.42802055,
        2.44873819,  0.04265056, -0.28611671, -0.12039083,  0.00311285,
       -0.49495198, -0.01609195]), array([-0.08361972,  1.16390614, -0.51135444, -0.12203511,  1.42552171,
        2.44865752,  0.04394643, -0.29810677, -0.12731018,  0.00263767,
       -0.49976872, -0.01613326]), array([-8.33938147e-02,  1.16235796e+00, -5.12023901e-01, -1.22024306e-01,
        1.42300116e+00,  2.44857667e+00,  4.51812118e-02, -3.09636467e-01,
       -1.33892880e-01,  2.16038392e-03, -5.04108280e-01, -1.61702498e-02]), array([-8.31619565e-02,  1.16075439e+00, -5.12724696e-01, -1.22016214e-01,
        1.42046056e+00,  2.44849568e+00,  4.63716405e-02, -3.20714135e-01,
       -1.40158989e-01,  1.61825614e-03, -5.08121672e-01, -1.61971593e-02]), array([-8.29244080e-02,  1.15909769e+00, -5.13455142e-01, -1.22010764e-01,
        1.41790185e+00,  2.44841456e+00,  4.75097030e-02, -3.31340347e-01,
       -1.46089068e-01,  1.09005174e-03, -5.11742155e-01, -1.62243936e-02]), array([-8.26814187e-02,  1.15739009e+00, -5.14213559e-01, -1.22007871e-01,
        1.41532683e+00,  2.44833331e+00,  4.85978617e-02, -3.41518896e-01,
       -1.51683475e-01,  5.78640489e-04, -5.15002575e-01, -1.62510185e-02]), array([-8.24332271e-02,  1.15563382e+00, -5.14998277e-01, -1.22007438e-01,
        1.41273719e+00,  2.44825192e+00,  4.96383191e-02, -3.51253891e-01,
       -1.56943555e-01,  8.65419304e-05, -5.17927942e-01, -1.62766723e-02]), array([-8.21800619e-02,  1.15383107e+00, -5.15807633e-01, -1.22009358e-01,
        1.41013451e+00,  2.44817042e+00,  5.06330497e-02, -3.60549677e-01,
       -1.61871327e-01, -3.84057322e-04, -5.20537080e-01, -1.63012798e-02]), array([-8.19221427e-02,  1.15198402e+00, -5.16639980e-01, -1.22013515e-01,
        1.40752029e+00,  2.44808879e+00,  5.15838273e-02, -3.69410757e-01,
       -1.66469257e-01, -8.31279489e-04, -5.22843940e-01, -1.63249011e-02]), array([-8.16596815e-02,  1.15009481e+00, -5.17493680e-01, -1.22019782e-01,
        1.40489599e+00,  2.44800705e+00,  5.24922489e-02, -3.77841748e-01,
       -1.70740084e-01, -1.25352845e-03, -5.24858646e-01, -1.63476531e-02]), array([-8.13928827e-02,  1.14816557e+00, -5.18367114e-01, -1.22028030e-01,
        1.40226305e+00,  2.44792521e+00,  5.33597557e-02, -3.85847328e-01,
       -1.74686701e-01, -1.64946189e-03, -5.26588340e-01, -1.63696697e-02]), array([-8.11219444e-02,  1.14619841e+00, -5.19258674e-01, -1.22038120e-01,
        1.39962286e+00,  2.44784325e+00,  5.41876517e-02, -3.93432206e-01,
       -1.78312071e-01, -2.01796420e-03, -5.28037855e-01, -1.63910827e-02]), array([-8.08470588e-02,  1.14419541e+00, -5.20166770e-01, -1.22049910e-01,
        1.39697681e+00,  2.44776119e+00,  5.49771195e-02, -4.00601096e-01,
       -1.81619164e-01, -2.35812096e-03, -5.29210255e-01, -1.64120132e-02]), array([-0.08056841,  1.14215861, -0.52108982, -0.12206326,  1.39432628,
        2.44767903,  0.05572923, -0.40735869, -0.18461093, -0.0026692 ,
       -0.53010727, -0.01643257]), array([-0.08028619,  1.14009007, -0.52202628, -0.12207801,  1.39167263,
        2.44759676,  0.05644497, -0.41370967, -0.18729027, -0.00295061,
       -0.53072966, -0.01645285]), array([-0.08000056,  1.13799177, -0.52297458, -0.12209402,  1.38901724,
        2.4475144 ,  0.05712524, -0.41965864, -0.18966002, -0.00320192,
       -0.53107748, -0.01647292]), array([-0.07971171,  1.13586572, -0.52393319, -0.12211113,  1.38636149,
        2.44743193,  0.05777084, -0.42521019, -0.191723  , -0.0034228 ,
       -0.53115032, -0.01649287]), array([-0.07941979,  1.13371388, -0.5249006 , -0.1221292 ,  1.38370675,
        2.44734937,  0.05838254, -0.43036884, -0.19348196, -0.00361304,
       -0.53094751, -0.01651275]), array([-0.07912499,  1.13153818, -0.5258753 , -0.12214806,  1.38105441,
        2.44726671,  0.05896102, -0.43513907, -0.19493963, -0.00377252,
       -0.53046823, -0.01653261]), array([-0.07882746,  1.12934056, -0.52685579, -0.12216757,  1.37840585,
        2.44718395,  0.05950693, -0.43952533, -0.19609871, -0.00390121,
       -0.52971171, -0.01655248]), array([-0.07852735,  1.1271229 , -0.5278406 , -0.12218756,  1.37576247,
        2.44710108,  0.06002085, -0.44353199, -0.19696193, -0.00399913,
       -0.52867725, -0.01657242]), array([-0.07822483,  1.12488708, -0.52882826, -0.12220789,  1.37312564,
        2.44701812,  0.06050334, -0.4471634 , -0.19753203, -0.00406639,
       -0.52736436, -0.01659244]), array([-0.07792006,  1.12263496, -0.52981732, -0.12222841,  1.37049678,
        2.44693506,  0.06095491, -0.4504239 , -0.1978118 , -0.00410316,
       -0.52577281, -0.01661256]), array([-7.76168330e-02,  1.12036757e+00, -5.30808729e-01, -1.22232936e-01,
        1.36786764e+00,  2.44685117e+00,  6.06452913e-02, -4.53477289e-01,
       -1.98281530e-01, -9.05093153e-04, -5.25828546e-01, -1.67782119e-02]), array([-7.73157383e-02,  1.11808658e+00, -5.31801174e-01, -1.22223250e-01,
        1.36524083e+00,  2.44676685e+00,  6.02189412e-02, -4.56197563e-01,
       -1.98489002e-01,  1.93704989e-03, -5.25360975e-01, -1.68643695e-02]), array([-0.07701728,  1.11579366, -0.53279332, -0.1222008 ,  1.36261874,
        2.4466823 ,  0.05969166, -0.45858582, -0.1984295 ,  0.00449026,
       -0.52441873, -0.01690919]), array([-0.0767219 ,  1.11349044, -0.53378382, -0.12216675,  1.36000353,
        2.44659763,  0.05907661, -0.46064356, -0.19810029,  0.00680939,
       -0.52304129, -0.01693331]), array([-0.07642997,  1.11117857, -0.53477132, -0.12212206,  1.35739723,
        2.44651289,  0.05838482, -0.46237261, -0.19750018,  0.00893933,
       -0.52126088, -0.01694779]), array([-0.07614185,  1.1088597 , -0.53575447, -0.12206747,  1.35480171,
        2.4464281 ,  0.05762552, -0.46377513, -0.19662925,  0.01091686,
       -0.51910399, -0.01695844]), array([-0.07585781,  1.10653543, -0.53673191, -0.12200361,  1.35221874,
        2.44634326,  0.05680653, -0.4648535 , -0.19548859,  0.012772  ,
       -0.5165926 , -0.01696822]), array([-0.07557814,  1.10420738, -0.53770231, -0.12193096,  1.34965002,
        2.44625837,  0.05593447, -0.46561038, -0.19408007,  0.01452923,
       -0.51374519, -0.01697855]), array([-0.07530307,  1.10187714, -0.53866434, -0.12184992,  1.34709713,
        2.44617342,  0.05501499, -0.46604864, -0.19240626,  0.01620848,
       -0.51057754, -0.01699004]), array([-0.0750328 ,  1.09954628, -0.5396167 , -0.12176079,  1.34456161,
        2.4460884 ,  0.05405294, -0.46617134, -0.19047024,  0.01782589,
       -0.50710338, -0.01700287]), array([-0.07476754,  1.09721637, -0.54055807, -0.12166382,  1.34204494,
        2.44600332,  0.05305255, -0.46598178, -0.18827558,  0.01939445,
       -0.5033349 , -0.01701698]), array([-0.07450745,  1.09488895, -0.5414872 , -0.1215592 ,  1.33954852,
        2.44591816,  0.05201749, -0.46548343, -0.18582625,  0.02092459,
       -0.49928313, -0.01703226]), array([-0.0742527 ,  1.09256555, -0.54240284, -0.12144707,  1.33707373,
        2.44583291,  0.05095103, -0.46467993, -0.18312655,  0.0224246 ,
       -0.49495833, -0.01704851]), array([-0.07400341,  1.09024768, -0.54330374, -0.12132757,  1.33462188,
        2.44574759,  0.04985608, -0.46357514, -0.18018111,  0.023901  ,
       -0.49037018, -0.01706554]), array([-0.07375974,  1.08793681, -0.54418872, -0.12120078,  1.33219424,
        2.44566217,  0.04873526, -0.4621731 , -0.17699484,  0.02535887,
       -0.48552802, -0.01708316]), array([-0.07352178,  1.08563442, -0.54505658, -0.12106677,  1.32979204,
        2.44557667,  0.04759097, -0.46047802, -0.17357293,  0.02680205,
       -0.48044103, -0.01710118]), array([-0.07328966,  1.08334195, -0.54590619, -0.1209256 ,  1.32741644,
        2.44549107,  0.04642544, -0.45849431, -0.1699208 ,  0.02823343,
       -0.47511829, -0.01711945]), array([-0.07306345,  1.08106082, -0.54673641, -0.12077732,  1.3250686 ,
        2.44540538,  0.04524074, -0.45622656, -0.16604412,  0.02965504,
       -0.46956892, -0.01713779]), array([-0.07284326,  1.07879242, -0.54754615, -0.12062198,  1.32274959,
        2.4453196 ,  0.04403883, -0.45367956, -0.16194881,  0.03106828,
       -0.46380217, -0.01715608]), array([-0.07262915,  1.07653813, -0.54833436, -0.12045961,  1.32046045,
        2.44523373,  0.04282156, -0.45085829, -0.15764098,  0.03247397,
       -0.45782741, -0.01717417]), array([-0.07241508,  1.07430088, -0.54909435, -0.12031549,  1.31822747,
        2.44514887,  0.04281438, -0.44745077, -0.15199969,  0.0288251 ,
       -0.44659681, -0.01697233]), array([-0.07220051,  1.07208238, -0.54982492, -0.12018623,  1.3160475 ,
        2.4450644 ,  0.04291366, -0.44369862, -0.14611352,  0.02585047,
       -0.43599379, -0.01689287]), array([-0.07198504,  1.06988428, -0.550525  , -0.12006905,  1.31391814,
        2.44498002,  0.04309374, -0.43962044, -0.14001498,  0.02343703,
       -0.42587228, -0.016877  ]), array([-0.07176837,  1.06770811, -0.55119365, -0.11996159,  1.31183755,
        2.44489555,  0.04333353, -0.43523323, -0.1337303 ,  0.02149127,
       -0.4161182 , -0.01689279]), array([-0.0715503 ,  1.06555535, -0.55183005, -0.11986191,  1.30980433,
        2.44481094,  0.0436158 , -0.43055264, -0.12728085,  0.01993573,
       -0.40664304, -0.01692302]), array([-0.07133066,  1.06342738, -0.55243347, -0.11976838,  1.30781744,
        2.44472614,  0.04392644, -0.42559327, -0.12068436,  0.01870617,
       -0.3973787 , -0.01695856]), array([-0.07110939,  1.06132554, -0.55300325, -0.11967964,  1.30587607,
        2.44464117,  0.04425394, -0.42036885, -0.11395581,  0.01774927,
       -0.3882734 , -0.01699466]), array([-0.07088645,  1.05925108, -0.55353879, -0.11959453,  1.30397963,
        2.44455603,  0.04458893, -0.41489237, -0.1071081 ,  0.01702075,
       -0.37928832, -0.01702896]), array([-0.07066183,  1.0572052 , -0.55403956, -0.11951211,  1.30212765,
        2.44447072,  0.04492382, -0.40917628, -0.10015263,  0.01648381,
       -0.37039503, -0.01706036]), array([-0.07043557,  1.05518903, -0.55450506, -0.11943157,  1.30031979,
        2.44438528,  0.04525252, -0.40323255, -0.09309968,  0.01610783,
       -0.36157331, -0.01708846]), array([-0.07020772,  1.05320367, -0.55493485, -0.11935224,  1.29855574,
        2.44429972,  0.0455701 , -0.39707278, -0.08595876,  0.01586734,
       -0.35280951, -0.01711317]), array([-0.06997835,  1.05125013, -0.55532854, -0.11927353,  1.29683526,
        2.44421404,  0.04587266, -0.39070827, -0.07873884,  0.01574112,
       -0.34409517, -0.01713458]), array([-0.06974757,  1.04932938, -0.55568579, -0.11919497,  1.29515813,
        2.44412828,  0.04615715, -0.38415008, -0.07144851,  0.01571147,
       -0.33542596, -0.01715284]), array([-0.06951546,  1.04744233, -0.55600627, -0.11911616,  1.29352413,
        2.44404244,  0.04642118, -0.37740908, -0.06409613,  0.0157636 ,
       -0.3268008 , -0.01716812]), array([-0.06928215,  1.04558985, -0.55628972, -0.11903673,  1.29193302,
        2.44395654,  0.04666293, -0.37049599, -0.05668991,  0.01588514,
       -0.31822113, -0.01718061]), array([-0.06904774,  1.04377275, -0.55653591, -0.1189564 ,  1.29038457,
        2.44387058,  0.04688107, -0.36342139, -0.04923799,  0.01606572,
       -0.30969039, -0.01719045]), array([-0.06881237,  1.04199177, -0.55674465, -0.11887492,  1.2888785 ,
        2.44378459,  0.04707463, -0.35619577, -0.04174846,  0.01629663,
       -0.30121357, -0.01719779]), array([-0.06857615,  1.04024762, -0.5569158 , -0.11879207,  1.28741452,
        2.44369858,  0.047243  , -0.34882954, -0.03422944,  0.01657052,
       -0.29279678, -0.01720275]), array([-0.06833922,  1.03854095, -0.55704924, -0.11870766,  1.28599229,
        2.44361255,  0.0473858 , -0.34133304, -0.026689  ,  0.01688119,
       -0.28444702, -0.01720544]), array([-0.06810171,  1.03687237, -0.55714492, -0.11862154,  1.28461143,
        2.44352652,  0.04750289, -0.33371655, -0.01913526,  0.01722335,
       -0.2761719 , -0.01720595]), array([-0.06786362,  1.03524228, -0.55720343, -0.11853414,  1.28326852,
        2.44344064,  0.0476177 , -0.32601829, -0.01170281,  0.01747993,
       -0.26858138, -0.01717664]), array([-0.06762508,  1.03365112, -0.55722483, -0.11844525,  1.28196367,
        2.44335484,  0.04770841, -0.31823228, -0.00427987,  0.01777936,
       -0.26096939, -0.01716046]), array([-0.06738621,  1.03209929, -0.55720918, -0.11835468,  1.28069684,
        2.44326909,  0.04777487, -0.31036637,  0.00312942,  0.01811434,
       -0.25336666, -0.01715018]), array([-0.06714712,  1.03058714, -0.55715658, -0.11826228,  1.27946784,
        2.44318338,  0.04781709, -0.30242873,  0.01051996,  0.01847888,
       -0.24579919, -0.01714193]), array([-0.06690794,  1.029115  , -0.55706715, -0.11816794,  1.2782764 ,
        2.44309771,  0.04783528, -0.29442775,  0.01788588,  0.01886804,
       -0.23828921, -0.01713369]), array([-0.06666879,  1.02768314, -0.55694105, -0.11807155,  1.27712212,
        2.44301209,  0.04782977, -0.28637199,  0.02522077,  0.01927767,
       -0.23085589, -0.01712444]), array([-0.06642979,  1.02629179, -0.55677846, -0.11797303,  1.27600454,
        2.44292652,  0.04780099, -0.27827011,  0.03251786,  0.01970431,
       -0.22351587, -0.01711368]), array([-0.06619104,  1.02494114, -0.55657961, -0.11787231,  1.27492312,
        2.44284101,  0.04774947, -0.27013087,  0.03977012,  0.02014501,
       -0.21628372, -0.01710121]), array([-0.06595266,  1.02363132, -0.55634476, -0.11776932,  1.27387726,
        2.44275558,  0.0476758 , -0.26196308,  0.04697039,  0.02059723,
       -0.20917227, -0.01708695]), array([-0.06571476,  1.02236245, -0.5560742 , -0.11766403,  1.27286629,
        2.44267022,  0.04758062, -0.25377554,  0.05411146,  0.02105878,
       -0.20219287, -0.01707094]), array([-0.06547744,  1.02113456, -0.55576827, -0.11755639,  1.27188952,
        2.44258496,  0.04746464, -0.24557705,  0.06118614,  0.02152776,
       -0.19535559, -0.01705322]), array([-0.06524079,  1.01994768, -0.55542733, -0.11744638,  1.27094617,
        2.44249979,  0.04732858, -0.23737637,  0.0681873 ,  0.02200249,
       -0.18866942, -0.01703385]), array([-0.06500493,  1.01880177, -0.55505179, -0.11733397,  1.27003546,
        2.44241472,  0.04717319, -0.22918219,  0.07510794,  0.02248147,
       -0.18214236, -0.01701291]), array([-0.06476993,  1.01769675, -0.55464209, -0.11721915,  1.26915655,
        2.44232977,  0.04699925, -0.22100309,  0.0819412 ,  0.02296336,
       -0.17578155, -0.01699049]), array([-0.06453589,  1.01663252, -0.55419869, -0.11710192,  1.26830858,
        2.44224494,  0.04680755, -0.21284759,  0.08868042,  0.02344694,
       -0.1695933 , -0.01696664]), array([-0.0643029 ,  1.0156089 , -0.55372209, -0.11698226,  1.26749067,
        2.44216023,  0.0465989 , -0.20472403,  0.09531914,  0.0239311 ,
       -0.16358323, -0.01694147]), array([-0.06407103,  1.01462569, -0.55321283, -0.11686019,  1.26670189,
        2.44207566,  0.04637409, -0.19664065,  0.10185115,  0.02441483,
       -0.15775627, -0.01691503]), array([-0.06384036,  1.01368266, -0.55267148, -0.1167357 ,  1.2659413 ,
        2.44199122,  0.04613395, -0.1886055 ,  0.10827047,  0.02489718,
       -0.15211671, -0.0168874 ]), array([-0.06361096,  1.01277953, -0.55209862, -0.11660881,  1.26520796,
        2.44190693,  0.04587928, -0.18062648,  0.11457139,  0.02537727,
       -0.14666823, -0.01685867]), array([-0.06338291,  1.01191598, -0.55149488, -0.11647954,  1.26450089,
        2.44182278,  0.04561089, -0.17271128,  0.1207485 ,  0.02585429,
       -0.14141397, -0.01682889]), array([-0.06315626,  1.01109164, -0.5508609 , -0.11634791,  1.26381911,
        2.44173879,  0.04532959, -0.1648674 ,  0.12679663,  0.02632747,
       -0.1363565 , -0.01679815]), array([-0.06293108,  1.01030613, -0.55019734, -0.11621393,  1.26316162,
        2.44165496,  0.04503619, -0.15710213,  0.13271095,  0.02679608,
       -0.1314979 , -0.01676653]), array([-0.06270742,  1.00955902, -0.54950491, -0.11607763,  1.26252742,
        2.44157129,  0.04473146, -0.14942252,  0.1384869 ,  0.02725945,
       -0.12683972, -0.01673408]), array([-0.06248534,  1.00884984, -0.54878431, -0.11593904,  1.26191551,
        2.44148778,  0.04441619, -0.1418354 ,  0.14412024,  0.02771694,
       -0.12238306, -0.0167009 ]), array([-0.06226489,  1.0081781 , -0.54803627, -0.1157982 ,  1.26132486,
        2.44140445,  0.04409116, -0.13434734,  0.14960705,  0.02816793,
       -0.11812856, -0.01666705]), array([-0.0620461 ,  1.00754328, -0.54726156, -0.11565514,  1.26075448,
        2.44132128,  0.04375713, -0.12696467,  0.1549437 ,  0.02861186,
       -0.11407641, -0.0166326 ]), array([-0.06182903,  1.00694481, -0.54646092, -0.1155099 ,  1.26020335,
        2.4412383 ,  0.04341482, -0.11969344,  0.16012688,  0.0290482 ,
       -0.11022638, -0.01659763]), array([-0.0616137 ,  1.00638211, -0.54563515, -0.11536252,  1.25967046,
        2.44115548,  0.04306499, -0.11253947,  0.1651536 ,  0.02947642,
       -0.10657785, -0.01656222]), array([-0.06140016,  1.00585457, -0.54478505, -0.11521304,  1.25915481,
        2.44107285,  0.04270835, -0.10550825,  0.17002117,  0.02989607,
       -0.1031298 , -0.01652642]), array([-0.06118843,  1.00536155, -0.54391141, -0.11506151,  1.25865541,
        2.4409904 ,  0.04234558, -0.09860503,  0.17472723,  0.03030669,
       -0.09988087, -0.01649032]), array([-0.06097854,  1.00490237, -0.54301506, -0.11490797,  1.25817126,
        2.44090813,  0.04197738, -0.09183477,  0.17926971,  0.03070787,
       -0.09682932, -0.01645399]), array([-0.06077052,  1.00447636, -0.54209683, -0.11475247,  1.25770139,
        2.44082604,  0.04160442, -0.08520213,  0.18364685,  0.03109922,
       -0.09397311, -0.01641749]), array([-0.06056439,  1.00408281, -0.54115754, -0.11459507,  1.25724484,
        2.44074414,  0.04122732, -0.07871148,  0.18785719,  0.03148038,
       -0.09130987, -0.01638089]), array([-0.06036015,  1.00372097, -0.54019804, -0.11443581,  1.25680066,
        2.44066242,  0.04084674, -0.07236691,  0.19189958,  0.03185103,
       -0.08883694, -0.01634425]), array([-0.06015784,  1.00339011, -0.53921918, -0.11427476,  1.2563679 ,
        2.44058088,  0.04046326, -0.0661722 ,  0.19577315,  0.03221087,
       -0.08655139, -0.01630764]), array([-0.05995745,  1.00308946, -0.53822179, -0.11411196,  1.25594565,
        2.44049952,  0.04007748, -0.06013085,  0.19947731,  0.03255963,
       -0.08445004, -0.01627113]), array([-0.059759  ,  1.00281823, -0.53720673, -0.11394748,  1.25553301,
        2.44041835,  0.03968997, -0.05424603,  0.20301176,  0.03289705,
       -0.08252946, -0.01623477]), array([-0.05956249,  1.00257562, -0.53617485, -0.11378136,  1.25512908,
        2.44033736,  0.03930128, -0.04852067,  0.20637646,  0.03322293,
       -0.08078601, -0.01619862]), array([-0.05936793,  1.00236084, -0.53512699, -0.11361368,  1.254733  ,
        2.44025654,  0.03891192, -0.04295736,  0.20957165,  0.03353707,
       -0.07921585, -0.01616273]), array([-0.05917532,  1.00217304, -0.534064  , -0.11344448,  1.25434392,
        2.44017591,  0.03852241, -0.03755841,  0.21259781,  0.03383932,
       -0.07781495, -0.01612717]), array([-0.05898465,  1.00201141, -0.53298672, -0.11327383,  1.25396103,
        2.44009545,  0.03813323, -0.03232586,  0.21545568,  0.03412954,
       -0.07657912, -0.01609197]), array([-0.05879593,  1.00187511, -0.53189599, -0.11310179,  1.25358351,
        2.44001516,  0.03774485, -0.02726145,  0.21814623,  0.03440761,
       -0.07550402, -0.0160572 ]), array([-0.05860914,  1.00176327, -0.53079264, -0.11292843,  1.25321058,
        2.43993505,  0.0373577 , -0.02236664,  0.22067067,  0.03467345,
       -0.07458517, -0.01602289]), array([-0.05842428,  1.00167506, -0.52967749, -0.11275379,  1.25284149,
        2.4398551 ,  0.0369722 , -0.01764261,  0.22303042,  0.034927  ,
       -0.07381798, -0.01598909]), array([-0.05824134,  1.00160961, -0.52855135, -0.11257795,  1.2524755 ,
        2.43977532,  0.03658876, -0.01309028,  0.22522713,  0.03516823,
       -0.07319777, -0.01595584]), array([-0.0580603 ,  1.00156606, -0.52741504, -0.11240097,  1.2521119 ,
        2.43969571,  0.03620776, -0.00871028,  0.22726263,  0.03539712,
       -0.07271977, -0.01592318]), array([-0.05788115,  1.00154354, -0.52626934, -0.1122229 ,  1.25175001,
        2.43961625,  0.03582955, -0.00450302,  0.22913895,  0.03561368,
       -0.07237912, -0.01589115]), array([-5.77038775e-02,  1.00154120e+00, -5.25115053e-01, -1.12043808e-01,
        1.25138915e+00,  2.43953695e+00,  3.54544593e-02, -4.68608054e-04,
        2.30858301e-01,  3.58179565e-02, -7.21709409e-02, -1.58597738e-02]), array([-0.05752846,  1.00155816, -0.52395294, -0.11186376,  1.2510287 ,
        2.43945781,  0.03508282,  0.00339306,  0.23242307,  0.03600999,
       -0.07209029, -0.01582909]), array([-0.05735489,  1.00159358, -0.52278376, -0.11168281,  1.25066804,
        2.43937881,  0.03471492,  0.00708234,  0.2338358 ,  0.03618986,
       -0.0721322 , -0.01579911]), array([-0.05718313,  1.00164658, -0.52160826, -0.11150102,  1.25030658,
        2.43929996,  0.03435103,  0.01059982,  0.23509919,  0.03635765,
       -0.07229169, -0.01576988]), array([-0.05701318,  1.00171631, -0.52042718, -0.11131845,  1.24994376,
        2.43922125,  0.03399142,  0.01394632,  0.23621608,  0.03651349,
       -0.07256378, -0.01574142]), array([-0.05684499,  1.00180192, -0.51924124, -0.11113517,  1.24957904,
        2.43914269,  0.03363632,  0.01712287,  0.23718943,  0.03665751,
       -0.07294349, -0.01571373]), array([-0.05667857,  1.00190258, -0.51805112, -0.11095122,  1.24921191,
        2.43906425,  0.03328595,  0.0201307 ,  0.23802234,  0.03678984,
       -0.07342586, -0.01568685]), array([-0.05651386,  1.00201743, -0.51685753, -0.11076666,  1.24884189,
        2.43898595,  0.03294051,  0.02297127,  0.23871799,  0.03691067,
       -0.07400597, -0.01566079]), array([-0.05635086,  1.00214566, -0.51566114, -0.11058156,  1.24846849,
        2.43890777,  0.03260018,  0.0256462 ,  0.23927971,  0.03702016,
       -0.07467891, -0.01563556]), array([-0.05618954,  1.00228645, -0.51446258, -0.11039597,  1.24809129,
        2.43882971,  0.03226513,  0.0281573 ,  0.23971086,  0.03711851,
       -0.07543986, -0.01561118]), array([-0.05602986,  1.00243898, -0.51326251, -0.11020994,  1.24770987,
        2.43875178,  0.0319355 ,  0.03050659,  0.24001494,  0.03720592,
       -0.07628401, -0.01558764]), array([-0.0558718 ,  1.00260246, -0.51206153, -0.11002353,  1.24732384,
        2.43867395,  0.03161143,  0.0326962 ,  0.24019548,  0.03728263,
       -0.07720665, -0.01556496]), array([-0.05571534,  1.00277611, -0.51086025, -0.10983678,  1.24693282,
        2.43859624,  0.03129303,  0.03472845,  0.2402561 ,  0.03734886,
       -0.07820311, -0.01554315]), array([-0.05128664,  1.00487491, -0.50784346, -0.1029777 ,  1.2463741 ,
        2.42792897,  0.88573945,  0.41976042,  0.6033577 ,  1.37181662,
       -0.11174378, -2.13345282]), array([-0.0452003 ,  1.0024892 , -0.50116047, -0.09754052,  1.25111458,
        2.4281032 ,  1.21726697, -0.47714093,  1.33659789,  1.08743559,
        0.94809621,  0.03484512]), array([-0.03889725,  0.99578393, -0.49028666, -0.09445549,  1.25969844,
        2.41829878,  1.26061069, -1.34105419,  2.17476207,  0.61700673,
        1.71677064, -1.96088372]), array([-0.03190377,  0.99224611, -0.48088429, -0.08843107,  1.26735683,
        2.41873167,  1.39869615, -0.70756381,  1.8804746 ,  1.20488362,
        1.53167752,  0.08657831]), array([-0.0253387 ,  0.99279775, -0.47488686, -0.08591164,  1.27219698,
        2.4090491 ,  1.31301305,  0.1103281 ,  1.19948616,  0.50388514,
        0.96803064, -1.93651368]), array([-0.01819142,  0.99003152, -0.46735923, -0.07999186,  1.27798778,
        2.40984266,  1.42945646, -0.55324676,  1.50552555,  1.18395684,
        1.15816068,  0.15871244]), array([-0.01160538,  0.99039969, -0.46104159, -0.07805107,  1.28263506,
        2.42085188,  1.31720917,  0.07363434,  1.26352713,  0.38815743,
        0.92945548,  2.20184291]), array([-0.00447211,  0.98803432, -0.45324198, -0.0733043 ,  1.28798086,
        2.43946575,  1.42665234, -0.47307485,  1.55992301,  0.94935531,
        1.0691597 ,  3.72277448]), array([ 2.29886316e-03,  9.81740548e-01, -4.41804976e-01, -7.14543073e-02,
        1.29546049e+00,  2.44735686e+00,  1.35419558e+00, -1.25875372e+00,
        2.28740041e+00,  3.69997699e-01,  1.49592601e+00,  1.57822219e+00]), array([ 0.00970768,  0.97864243, -0.43189118, -0.06660956,  1.30200214,
        2.46477677,  1.48176331, -0.61962281,  1.98275916,  0.96894929,
        1.30832994,  3.48398111]), array([ 0.0168866 ,  0.97646252, -0.42282822, -0.06274713,  1.30755464,
        2.48352779,  1.43578403, -0.43598344,  1.81259116,  0.77248683,
        1.11049988,  3.75020465]), array([ 0.02485441,  0.97104141, -0.41216593, -0.05499818,  1.31406808,
        2.4911907 ,  1.59356163, -1.08422146,  2.13245936,  1.54978985,
        1.30268851,  1.53258245]), array([ 0.03351169,  0.96179617, -0.39817301, -0.04361612,  1.32253666,
        2.4881918 ,  1.73145683, -1.84904739,  2.79858445,  2.27641076,
        1.6937165 , -0.59977954]), array([ 0.04284458,  0.95564484, -0.3850852 , -0.02911229,  1.33043881,
        2.47479629,  1.86657657, -1.23026696,  2.61756116,  2.90076644,
        1.58042999, -2.67910255]), array([ 0.05143092,  0.95344044, -0.375142  , -0.01891857,  1.33596111,
        2.47224892,  1.717268  , -0.44087925,  1.98863984,  2.03874513,
        1.10445928, -0.50947486]), array([ 0.06054513,  0.9484475 , -0.36479342, -0.00575941,  1.34142333,
        2.47992218,  1.8228431 , -0.99858775,  2.06971579,  2.63183039,
        1.0924436 ,  1.53465299]), array([ 0.07033379,  0.93921726, -0.34994208,  0.0107675 ,  1.34958103,
        2.47690994,  1.95773201, -1.84604783,  2.97026833,  3.30538375,
        1.63154135, -0.60244898]), array([ 0.07957872,  0.92615261, -0.33136246,  0.02334668,  1.35950844,
        2.48441721,  1.8489851 , -2.61293164,  3.71592363,  2.51583493,
        1.98548185,  1.501455  ]), array([ 0.08841056,  0.91656716, -0.31455807,  0.03210855,  1.36848367,
        2.50185855,  1.76636867, -1.91708861,  3.360878  ,  1.75237358,
        1.79504574,  3.48826657]), array([ 0.09703044,  0.91110751, -0.30129797,  0.03770599,  1.37525078,
        2.50848873,  1.72397652, -1.09192987,  2.65201999,  1.11948851,
        1.35342217,  1.32603635]), array([ 0.10862895,  0.90879624, -0.28877571,  0.04318088,  1.38032391,
        2.50464523,  2.31970169, -0.46225393,  2.50445285,  1.09497841,
        1.01462515, -0.7686997 ]), array([ 0.12327868,  0.90310335, -0.27402879,  0.05393104,  1.38589747,
        2.51097578,  2.9299453 , -1.13857811,  2.94938245,  2.1500317 ,
        1.11471292,  1.26611083]), array([ 0.13786789,  0.89416873, -0.25582589,  0.06193113,  1.39287889,
        2.52528954,  2.91784322, -1.78692447,  3.6405818 ,  1.60001847,
        1.3962829 ,  2.8627513 ]), array([ 0.15345646,  0.8887397 , -0.23935246,  0.07359264,  1.39878146,
        2.52851677,  3.11771364, -1.08580656,  3.29468445,  2.3323012 ,
        1.18051493,  0.64544609]), array([ 0.16836606,  0.88143098, -0.22169677,  0.08265461,  1.40489363,
        2.52559102,  2.98191925, -1.46174402,  3.53113794,  1.81239404,
        1.22243411, -0.5851499 ]), array([ 0.18339058,  0.87614028, -0.20473476,  0.09318941,  1.41038096,
        2.52869449,  3.00490459, -1.05813991,  3.39240349,  2.10695971,
        1.09746598,  0.62069447]), array([ 0.1990036 ,  0.87494662, -0.19136128,  0.1066805 ,  1.41350204,
        2.54163984,  3.1226037 , -0.23873194,  2.67469492,  2.69821923,
        0.62421487,  2.58906898]), array([ 0.21466367,  0.87167505, -0.17633305,  0.12158383,  1.41684304,
        2.54783179,  3.13201468, -0.65431294,  3.00564602,  2.98066488,
        0.66820022,  1.23839002]), array([ 0.22957583,  0.87012397, -0.16133204,  0.13394614,  1.41988259,
        2.54764094,  2.98243184, -0.31021732,  3.00020184,  2.47246202,
        0.60791012, -0.03816954]), array([ 0.24465468,  0.86501363, -0.14344646,  0.14863973,  1.42327947,
        2.55748733,  3.0157698 , -1.02206676,  3.57711612,  2.9387175 ,
        0.6793755 ,  1.96927852]), array([ 0.25909177,  0.85843442, -0.12409106,  0.16122217,  1.42694487,
        2.56287953,  2.88741809, -1.31584342,  3.87108078,  2.51648823,
        0.73308144,  1.07843993]), array([ 0.27272242,  0.85367595, -0.10498683,  0.17130776,  1.43046748,
        2.56192252,  2.72612974, -0.95169227,  3.82084586,  2.01711943,
        0.70452243, -0.19140345]), array([ 0.2858135 ,  0.84840219, -0.08575126,  0.17998603,  1.43374089,
        2.56305316,  2.61821532, -1.05475276,  3.84711362,  1.7356523 ,
        0.65468011,  0.22612858]), array([ 0.2984714 ,  0.84347665, -0.06732829,  0.18802436,  1.4365046 ,
        2.56412618,  2.53158129, -0.98510742,  3.68459365,  1.60766592,
        0.55274269,  0.21460368]), array([ 0.31089538,  0.83787183, -0.0482626 ,  0.19506423,  1.43917081,
        2.56310406,  2.48479547, -1.12096422,  3.81313898,  1.40797514,
        0.5332432 , -0.20442409]), array([ 0.32290998,  0.83261186, -0.03002994,  0.20153817,  1.44135326,
        2.56211562,  2.40292019, -1.05199484,  3.64653172,  1.29478813,
        0.43648984, -0.19768732]), array([ 0.33515685,  0.82663857, -0.01105727,  0.20927564,  1.44414326,
        2.55909156,  2.44937339, -1.19465843,  3.79453283,  1.54749399,
        0.55799986, -0.60481141]), array([ 0.34803955,  0.82272286,  0.00845355,  0.2184611 ,  1.44647999,
        2.56426303,  2.57653986, -0.78314212,  3.90216419,  1.83709111,
        0.46734513,  1.03429307]), array([ 0.36034119,  0.81909342,  0.02725117,  0.22773637,  1.44934552,
        2.56880061,  2.46032819, -0.72588799,  3.75952501,  1.85505408,
        0.57310558,  0.90751559]), array([ 0.37190097,  0.81552246,  0.04444793,  0.23830214,  1.44899399,
        2.57303904,  2.31195717, -0.71419152,  3.43935229,  2.11315429,
       -0.0703061 ,  0.84768674]), array([ 0.38283418,  0.81204131,  0.06029829,  0.2495247 ,  1.44594809,
        2.57712375,  2.18664104, -0.69622885,  3.1700723 ,  2.24451261,
       -0.60918019,  0.8169414 ]), array([ 0.39320717,  0.80867067,  0.07500966,  0.26104593,  1.44104753,
        2.58105657,  2.0745982 , -0.67412814,  2.94227262,  2.30424471,
       -0.98011016,  0.78656509]), array([ 0.40307583,  0.8054284 ,  0.08874645,  0.2725795 ,  1.43490542,
        2.58484214,  1.97373262, -0.64845518,  2.74735855,  2.30671506,
       -1.22842212,  0.75711292]), array([ 0.4124876 ,  0.80232859,  0.10163902,  0.28389941,  1.42796667,
        2.58848701,  1.88235356, -0.61996159,  2.57851475,  2.26398145,
       -1.38775167,  0.72897486]), array([ 0.42148299,  0.79938159,  0.11379103,  0.29482992,  1.42055146,
        2.59199897,  1.79907813, -0.58939957,  2.43040128,  2.18610168,
       -1.4830419 ,  0.702391  ]), array([ 0.4300968 ,  0.79659439,  0.12528536,  0.305237  ,  1.41288763,
        2.59538635,  1.72276181, -0.55743974,  2.29886641,  2.08141702,
       -1.53276515,  0.67747747]), array([ 0.43835904,  0.79397118,  0.13618885,  0.31502104,  1.40513477,
        2.59865763,  1.65244764, -0.52464299,  2.18069739,  1.9568081 ,
       -1.55057196,  0.65425482]), array([ 0.44629568,  0.79151388,  0.14655592,  0.32411065,  1.39740219,
        2.601821  ,  1.58732844, -0.49145927,  2.07341397,  1.817921  ,
       -1.54651695,  0.63267441]), array([ 0.45392927,  0.78922269,  0.15643143,  0.33245747,  1.38976233,
        2.6048842 ,  1.52671829, -0.45823837,  1.97510242,  1.66936403,
       -1.52797189,  0.61264094]), array([ 0.46127943,  0.78709647,  0.16585285,  0.34003185,  1.38226079,
        2.60785436,  1.47003086, -0.42524485,  1.88428465,  1.51487677,
       -1.50030722,  0.59403071]), array([ 0.46836324,  0.7851331 ,  0.17485194,  0.34681922,  1.37492378,
        2.61073789,  1.41676259, -0.39267348,  1.79981618,  1.35747428,
       -1.46740145,  0.57670555]), array([ 0.47519564,  0.78332978,  0.18345597,  0.35281707,  1.36776367,
        2.6135405 ,  1.36647959, -0.36066324,  1.72080735,  1.19956913,
       -1.43202257,  0.56052312]), array([ 0.48178967,  0.78168323,  0.19168879,  0.35803244,  1.3607831 ,
        2.61626722,  1.31880717, -0.32930946,  1.64656287,  1.04307438,
       -1.39611388,  0.54534416]), array([ 0.48815678,  0.78018987,  0.19957146,  0.36247989,  1.35397806,
        2.61892241,  1.27342132, -0.29867382,  1.57653547,  0.88949004,
       -1.36100829,  0.53103726]), array([ 0.49430699,  0.7788459 ,  0.20712292,  0.36617977,  1.34734011,
        2.62150982,  1.23004176, -0.26879253,  1.51029061,  0.73997553,
       -1.32758905,  0.51748176]), array([ 0.50024912,  0.77764749,  0.21436031,  0.36915682,  1.34085806,
        2.62403266,  1.18842612, -0.2396828 ,  1.44747952,  0.59541023,
       -1.29641021,  0.50456924]), array([ 0.50599094,  0.77659075,  0.22129941,  0.37143904,  1.33451913,
        2.62649368,  1.14836503, -0.21134807,  1.38781872,  0.45644406,
       -1.26778675,  0.49220408]), array([ 0.51153933,  0.77567184,  0.22795478,  0.37305674,  1.32830982,
        2.6288952 ,  1.10967791, -0.183782  ,  1.33107439,  0.32353954,
       -1.24186198,  0.48030324]), array([ 0.51690038,  0.77488698,  0.23434003,  0.37404177,  1.32221653,
        2.63123918,  1.07220932, -0.15697165,  1.27705048,  0.19700676,
       -1.21865767,  0.46879564]), array([ 0.52207951,  0.77423248,  0.24046793,  0.37442693,  1.31622597,
        2.63352728,  1.03582588, -0.13089994,  1.22557973,  0.07703245,
       -1.1981113 ,  0.45762125]), array([ 0.52708158,  0.77370474,  0.24635051,  0.37424545,  1.31032546,
        2.63576093,  1.00041345, -0.10554746,  1.17651676, -0.03629597,
       -1.1801036 ,  0.44673002]), array([ 0.53191095,  0.77330027,  0.25199918,  0.3735306 ,  1.30450306,
        2.63794134,  0.96587477, -0.08089398,  1.1297329 , -0.14297051,
       -1.16447861,  0.43608081]), array([ 0.53657159,  0.77301568,  0.25742474,  0.37231537,  1.29874777,
        2.64006954,  0.93212733, -0.05691942,  1.08511225, -0.24304616,
       -1.15105848,  0.42564025]), array([ 0.5410671 ,  0.77284765,  0.26263748,  0.37063223,  1.2930495 ,
        2.64214645,  0.89910145, -0.03360471,  1.04254867, -0.33662736,
       -1.13965389,  0.41538167]), array([ 0.54540079,  0.77279299,  0.2676472 ,  0.36851295,  1.28739914,
        2.64417287,  0.8667387 , -0.0109323 ,  1.00194359, -0.4238569 ,
       -1.13007163,  0.40528419]), array([ 0.54957574,  0.77284856,  0.27246322,  0.36598841,  1.28178854,
        2.64614953,  0.83499032,  0.01111342,  0.96320431, -0.50490676,
       -1.12211971,  0.39533174]), array([ 0.55359482,  0.77301129,  0.27709444,  0.36308856,  1.27621049,
        2.64807709,  0.80381601,  0.03254589,  0.92624277, -0.57997066,
       -1.11561093,  0.38551231]), array([ 0.55746073,  0.77327817,  0.28154931,  0.35984227,  1.27065866,
        2.64995618,  0.77318269,  0.05337624,  0.89097463, -0.64925792,
       -1.11036511,  0.37581723]), array([ 0.56117605,  0.77364624,  0.2858359 ,  0.35627733,  1.26512761,
        2.65178738,  0.74306352,  0.07361324,  0.85731863, -0.71298856,
       -1.1062105 ,  0.36624055]), array([ 0.56474324,  0.77411255,  0.28996188,  0.35242038,  1.25961269,
        2.65357127,  0.71343691,  0.09326329,  0.82519609, -0.77138921,
       -1.10298449,  0.3567785 ]), array([ 0.56816466,  0.7746742 ,  0.29393454,  0.34829693,  1.25411002,
        2.65530842,  0.68428577,  0.11233053,  0.79453063, -0.82468988,
       -1.1005339 ,  0.347429  ]), array([ 0.57144265,  0.77532829,  0.29776078,  0.34393133,  1.24861645,
        2.65699937,  0.65559669,  0.13081691,  0.76524793, -0.87312135,
       -1.09871494,  0.33819131]), array([ 0.57457945,  0.7760719 ,  0.30144715,  0.33934676,  1.24312948,
        2.6586447 ,  0.62735937,  0.14872232,  0.7372756 , -0.91691302,
       -1.09739296,  0.32906571]), array([ 0.57757728,  0.77690212,  0.30499987,  0.33456531,  1.23764727,
        2.66024497,  0.59956599,  0.16604479,  0.71054311, -0.95629128,
       -1.09644213,  0.32005315]), array([ 0.58043833,  0.77781603,  0.30842478,  0.32960791,  1.23216855,
        2.66180074,  0.57221073,  0.18278058,  0.68498177, -0.99147819,
       -1.09574492,  0.31115508]), array([ 0.58316478,  0.77881065,  0.3117274 ,  0.32449446,  1.22669259,
        2.66331261,  0.54528928,  0.19892447,  0.66052473, -1.02269042,
       -1.09519167,  0.30237325]), array([ 0.58575877,  0.779883  ,  0.31491294,  0.31924377,  1.22121919,
        2.66478116,  0.51879847,  0.21446983,  0.63710698, -1.05013848,
       -1.09468007,  0.29370956]), array([ 0.58822245,  0.78103004,  0.31798626,  0.31387364,  1.21574861,
        2.66620699,  0.49273592,  0.22940889,  0.61466542, -1.07402607,
       -1.09411469,  0.28516591]), array([ 0.59055795,  0.78224871,  0.32095196,  0.30840089,  1.21028158,
        2.66759071,  0.46709973,  0.2437329 ,  0.59313888, -1.09454971,
       -1.09340652,  0.27674414]), array([ 0.59276739,  0.78353587,  0.3238143 ,  0.3028414 ,  1.20481922,
        2.66893294,  0.44188822,  0.25743229,  0.57246817, -1.11189835,
       -1.0924725 ,  0.26844594]), array([ 0.59485289,  0.78488835,  0.32657728,  0.29721013,  1.19936304,
        2.6702343 ,  0.41709971,  0.27049687,  0.5525961 , -1.12625322,
       -1.0912352 ,  0.26027277]), array([ 0.59681655,  0.78630293,  0.32924462,  0.29152119,  1.19391493,
        2.67149543,  0.39273232,  0.282916  ,  0.53346757, -1.13778767,
       -1.08962238,  0.25222587]), array([ 0.59866047,  0.78777633,  0.33181977,  0.28578786,  1.1884771 ,
        2.67271696,  0.36878383,  0.29467875,  0.51502956, -1.14666714,
       -1.0875667 ,  0.24430621]), array([ 0.60038672,  0.7893052 ,  0.33430592,  0.28002261,  1.18305207,
        2.67389953,  0.34525153,  0.30577402,  0.49723117, -1.15304918,
       -1.08500546,  0.23651445]), array([ 0.60199738,  0.79088615,  0.33670604,  0.2742372 ,  1.17764267,
        2.67504379,  0.32213214,  0.31619074,  0.48002363, -1.15708346,
       -1.08188026,  0.22885096]), array([ 0.60349449,  0.79251574,  0.33902284,  0.26844264,  1.17225198,
        2.67615037,  0.29942171,  0.32591795,  0.46336036, -1.15891196,
       -1.07813686,  0.22131584]), array([ 0.60488007,  0.79419047,  0.34125883,  0.26264929,  1.16688336,
        2.67721991,  0.27711555,  0.33494497,  0.44719688, -1.15866902,
       -1.0737249 ,  0.21390886]), array([ 0.60615611,  0.79590677,  0.34341628,  0.25686688,  1.16154037,
        2.67825306,  0.25520822,  0.34326146,  0.4314909 , -1.15648154,
       -1.06859777,  0.20662954]), array([ 0.60732458,  0.79766106,  0.34549729,  0.25110454,  1.15622681,
        2.67925044,  0.23369349,  0.35085756,  0.41620227, -1.15246916,
       -1.06271246,  0.19947714]), array([ 0.6083874 ,  0.79944968,  0.34750376,  0.24537082,  1.15094666,
        2.6802127 ,  0.21256433,  0.35772397,  0.40129293, -1.14674446,
       -1.05602937,  0.19245066]), array([ 0.60934647,  0.80126894,  0.34943739,  0.23967375,  1.1457041 ,
        2.68114044,  0.1918129 ,  0.36385203,  0.38672693, -1.13941318,
       -1.04851224,  0.18554887]), array([ 0.61020362,  0.80311511,  0.35129974,  0.23402088,  1.14050346,
        2.68203429,  0.17143058,  0.36923381,  0.37247037, -1.13057445,
       -1.04012802,  0.17877035]), array([ 0.61096066,  0.80498442,  0.3530922 ,  0.22841927,  1.13534923,
        2.68289486,  0.15140802,  0.37386215,  0.35849138, -1.12032104,
       -1.03084676,  0.17211347]), array([ 0.61161933,  0.80687307,  0.354816  ,  0.22287557,  1.13024602,
        2.68372274,  0.1317351 ,  0.37773071,  0.34476005, -1.10873956,
       -1.02064154,  0.16557646]), array([ 0.61218134,  0.80877724,  0.35647224,  0.21739602,  1.12519858,
        2.68451853,  0.11240106,  0.38083405,  0.33124837, -1.09591079,
       -1.00948841,  0.1591574 ]), array([ 0.61264831,  0.81069308,  0.35806189,  0.21198647,  1.12021175,
        2.6852828 ,  0.09339449,  0.38316765,  0.31793023, -1.08190987,
       -0.99736627,  0.15285424]), array([ 0.61302183,  0.81261672,  0.3595858 ,  0.20665244,  1.11529046,
        2.68601613,  0.07470337,  0.38472794,  0.3047813 , -1.06680658,
       -0.98425682,  0.14666484]), array([ 0.6133034 ,  0.81454428,  0.3610447 ,  0.20139911,  1.11043974,
        2.68671906,  0.05631519,  0.38551232,  0.29177901, -1.0506656 ,
       -0.97014455,  0.14058699]), array([ 0.61349449,  0.81647188,  0.36243921,  0.19623138,  1.10566466,
        2.68739215,  0.03821695,  0.3855192 ,  0.27890243, -1.03354676,
       -0.95501657,  0.13461841]), array([ 0.61359647,  0.81839562,  0.36376987,  0.19115385,  1.10097034,
        2.68803594,  0.02039525,  0.38474799,  0.26613228, -1.0155053 ,
       -0.93886265,  0.12875678]), array([ 6.13600394e-01,  8.20234694e-01,  3.64917524e-01,  1.86293218e-01,
        1.09609701e+00,  2.68865032e+00,  7.85715361e-04,  3.67814713e-01,
        2.29531012e-01, -9.72126235e-01, -9.74666631e-01,  1.22876600e-01])], 'U_history': [array([ 2.59269684e-03, -5.58303451e-05, -3.96947348e-04, -1.43182834e-03,
       -1.05637379e-03,  4.95383882e-19]), array([-0.00560228,  0.0356344 , -0.0067192 , -0.00381366,  0.17968786,
        0.01107404]), array([-0.01314372,  0.0717559 , -0.00576516, -0.00599016,  0.3258277 ,
        0.0178653 ]), array([-0.0201001 ,  0.10800236,  0.00064162, -0.00789419,  0.44439002,
        0.02215265]), array([-0.02652714,  0.14413547,  0.01107972, -0.00949194,  0.54095551,
        0.02494791]), array([-0.03247036,  0.17997381,  0.02444597, -0.01077482,  0.61996157,
        0.02683307]), array([-0.03796749,  0.21538499,  0.03989007, -0.01175184,  0.68494149,
        0.0281478 ]), array([-0.043051  ,  0.25027915,  0.05676274, -0.01244295,  0.73871305,
        0.02909402]), array([-0.04775086,  0.28460221,  0.07457392, -0.01287366,  0.78352679,
        0.02979454]), array([-0.05209658,  0.31832822,  0.09295804, -0.0130712 ,  0.82118183,
        0.03032608]), array([-0.05611809,  0.3514515 ,  0.11164542, -0.01306221,  0.85311661,
        0.03073802]), array([-0.05984534,  0.38397987,  0.13043922, -0.01287186,  0.88048042,
        0.03106318]), array([-0.06330728,  0.41592997,  0.14919778, -0.01252367,  0.90419069,
        0.03132403]), array([-0.06653089,  0.44732448,  0.16782138, -0.01203953,  0.92497933,
        0.03153642]), array([-0.06954067,  0.47819049,  0.18624234, -0.01143969,  0.94343013,
        0.0317118 ]), array([-0.0723585 ,  0.50855856,  0.2044176 , -0.01074266,  0.96000888,
        0.03185863]), array([-0.07500379,  0.53846201,  0.22232287, -0.00996519,  0.97508744,
        0.03198324]), array([-0.07749371,  0.5679363 ,  0.23994815, -0.00912216,  0.98896292,
        0.03209043]), array([-0.07984349,  0.59701844,  0.25729418, -0.00822665,  1.00187288,
        0.03218391]), array([-0.0820667 ,  0.62574652,  0.2743696 , -0.00728994,  1.01400747,
        0.03226652]), array([-0.08175147,  0.65143982,  0.28927613, -0.00777589,  1.02393291,
        0.0323405 ]), array([-0.08357766,  0.67928099,  0.30568715, -0.00677183,  1.03496353,
        0.03239432]), array([-0.08530454,  0.70688143,  0.32188225, -0.00576762,  1.04557057,
        0.03244879]), array([-0.08694181,  0.73427963,  0.33788362, -0.0047655 ,  1.05583727,
        0.03250204]), array([-0.08849828,  0.76151314,  0.35371436, -0.00376729,  1.06583033,
        0.03255334]), array([-0.08998208,  0.78861835,  0.36939775, -0.00277437,  1.07560314,
        0.03260256]), array([-0.09140067,  0.81563021,  0.38495677, -0.00178775,  1.0851984 ,
        0.0326498 ]), array([-9.27609692e-02,  8.42582060e-01,  4.00413646e-01, -8.08079740e-04,
        1.09465012e+00,  3.26953062e-02]), array([-9.40693752e-02,  8.69505453e-01,  4.15789606e-01,  1.64290738e-04,
        1.10398534e+00,  3.27393394e-02]), array([-0.09533184,  0.89642996,  0.4311046 ,  0.00112926,  1.11322536,
        0.03278217]), array([-0.09655391,  0.92338305,  0.44637715,  0.00208695,  1.12238679,
        0.03282403]), array([-0.09774072,  0.95038996,  0.4616242 ,  0.00303763,  1.13148242,
        0.03286514]), array([-0.09889709,  0.9774736 ,  0.47686105,  0.00398168,  1.14052182,
        0.03290569]), array([-0.10002747,  1.00465442,  0.49210124,  0.0049196 ,  1.1495119 ,
        0.03294584]), array([-0.10113602,  1.03195038,  0.50735659,  0.00585191,  1.15845733,
        0.03298574]), array([-0.1022266 ,  1.05937688,  0.52263709,  0.00677918,  1.16736089,
        0.0330255 ]), array([-0.10330277,  1.08694665,  0.53795095,  0.00770196,  1.17622371,
        0.03306521]), array([-0.10436782,  1.11466981,  0.55330455,  0.00862079,  1.18504554,
        0.03310497]), array([-0.10542478,  1.14255374,  0.56870252,  0.00953616,  1.1938249 ,
        0.03314484]), array([-0.10647642,  1.17060317,  0.58414769,  0.01044853,  1.20255925,
        0.03318487]), array([-0.23589283,  1.1460852 ,  0.56228181,  0.07994433,  1.17719789,
        0.03322511]), array([-0.24015429,  1.17222839,  0.57697339,  0.07687815,  1.18803841,
        0.03355642]), array([-0.24423813,  1.19861291,  0.59176845,  0.07457692,  1.19833797,
        0.03372874]), array([-0.24816943,  1.22523216,  0.60665168,  0.07290233,  1.2081899 ,
        0.03381837]), array([-0.2519679 ,  1.25207765,  0.62160981,  0.07174028,  1.21766772,
        0.03386662]), array([-0.25564882,  1.27913888,  0.63663088,  0.07099634,  1.22682894,
        0.03389559]), array([-0.25922386,  1.30640331,  0.65170357,  0.07059235,  1.23571811,
        0.03391689]), array([-0.26270174,  1.33385633,  0.6668168 ,  0.07046342,  1.24436933,
        0.03393645]), array([-0.26608876,  1.36148127,  0.68195932,  0.0705557 ,  1.25280825,
        0.03395711]), array([-0.26938922,  1.38925939,  0.6971195 ,  0.07082439,  1.26105371,
        0.03398009]), array([-0.27260583,  1.41716996,  0.71228511,  0.07123221,  1.26911905,
        0.03400573]), array([-0.27573998,  1.44519031,  0.72744324,  0.07174805,  1.27701318,
        0.03403397]), array([-0.27879204,  1.47329588,  0.74258019,  0.07234595,  1.28474146,
        0.03406452]), array([-0.28176152,  1.50146031,  0.75768148,  0.0730042 ,  1.29230635,
        0.03409702]), array([-0.28464729,  1.52965555,  0.7727318 ,  0.07370459,  1.29970803,
        0.03413108]), array([-0.28744772,  1.55785195,  0.78771507,  0.07443185,  1.30694484,
        0.03416631]), array([-0.29016077,  1.5860184 ,  0.80261444,  0.07517311,  1.31401367,
        0.03420236]), array([-0.29278417,  1.61412241,  0.81741239,  0.07591754,  1.32091024,
        0.03423889]), array([-0.29531542,  1.64213028,  0.83209076,  0.07665598,  1.32762942,
        0.03427559]), array([-0.29775195,  1.67000721,  0.84663085,  0.07738067,  1.33416538,
        0.03431216]), array([-0.09380178,  1.83254312,  0.95629932, -0.02990704,  1.42663134,
        0.03434834]), array([-0.09450197,  1.86227754,  0.9702763 , -0.02120673,  1.42457062,
        0.03394467]), array([-0.09548178,  1.89140902,  0.98382446, -0.01382212,  1.42381864,
        0.03378574]), array([-0.09668564,  1.91992762,  0.99697669, -0.00753095,  1.42405746,
        0.033754  ]), array([-0.09806756,  1.94781884,  1.00975231, -0.00214985,  1.42503216,
        0.03378557]), array([-0.09958936,  1.97506456,  1.02216029,  0.00247264,  1.42653827,
        0.03384604]), array([-0.10121937,  2.00164385,  1.03420178,  0.00646165,  1.42841169,
        0.03391712]), array([-0.10293125,  2.02753372,  1.04587216,  0.00992065,  1.43052058,
        0.03398932]), array([-0.10470305,  2.05270966,  1.0571626 ,  0.01293513,  1.43275901,
        0.03405791]), array([-0.1065165 ,  2.07714625,  1.06806138,  0.01557573,  1.43504176,
        0.03412073]), array([-0.10835631,  2.10081755,  1.07855483,  0.0179008 ,  1.43730026,
        0.03417692]), array([-0.11020968,  2.12369752,  1.08862816,  0.01995852,  1.43947937,
        0.03422634]), array([-0.11206585,  2.14576038,  1.09826607,  0.02178865,  1.44153479,
        0.03426915]), array([-0.11391578,  2.1669809 ,  1.10745322,  0.02342397,  1.44343098,
        0.03430567]), array([-0.11575181,  2.18733469,  1.11617462,  0.02489153,  1.44513955,
        0.03433625]), array([-0.11756744,  2.2067984 ,  1.12441593,  0.02621361,  1.44663795,
        0.03436122]), array([-0.11935716,  2.22534999,  1.1321637 ,  0.02740857,  1.44790843,
        0.0343809 ]), array([-0.12111623,  2.24296883,  1.13940554,  0.02849152,  1.44893721,
        0.03439559]), array([-0.12284061,  2.25963592,  1.14613025,  0.02947494,  1.44971382,
        0.03440551]), array([-0.12452679,  2.275334  ,  1.15232793,  0.03036908,  1.45023056,
        0.03441088]), array([-0.12262166,  2.27339846,  1.14633459,  0.02878241,  1.440702  ,
        0.0344119 ]), array([-0.12423742,  2.28705831,  1.1516268 ,  0.02972841,  1.44181728,
        0.03435328]), array([-0.12581323,  2.29976299,  1.15640511,  0.03056973,  1.44245536,
        0.03432093]), array([-0.12734604,  2.31149695,  1.16065614,  0.031319  ,  1.44265962,
        0.03430036]), array([-0.12883326,  2.32224772,  1.16437023,  0.03198633,  1.44246551,
        0.03428385]), array([-0.13027272,  2.33200572,  1.16754093,  0.03257985,  1.44190231,
        0.03426738]), array([-0.13166256,  2.34076421,  1.17016457,  0.03310616,  1.44099459,
        0.03424887]), array([-0.13300124,  2.34851915,  1.17223991,  0.03357065,  1.43976329,
        0.03422736]), array([-0.13428745,  2.35526911,  1.1737679 ,  0.03397774,  1.4382266 ,
        0.03420241]), array([-0.13552009,  2.36101518,  1.1747514 ,  0.03433112,  1.43640062,
        0.03417391]), array([-0.13669828,  2.36576089,  1.17519507,  0.03463389,  1.43429989,
        0.03414188]), array([-0.1378213 ,  2.36951211,  1.17510512,  0.03488867,  1.43193777,
        0.03410643]), array([-0.1388886 ,  2.37227699,  1.17448929,  0.03509775,  1.42932676,
        0.0340677 ]), array([-0.13989977,  2.37406585,  1.1733566 ,  0.03526313,  1.42647874,
        0.03402583]), array([-0.14085453,  2.37489112,  1.17171738,  0.03538659,  1.42340512,
        0.03398097]), array([-0.14175276,  2.37476721,  1.16958307,  0.03546977,  1.42011704,
        0.03393329]), array([-0.14259443,  2.37371048,  1.16696617,  0.03551416,  1.41662538,
        0.03388293]), array([-0.14337965,  2.37173906,  1.16388017,  0.0355212 ,  1.4129409 ,
        0.03383006]), array([-0.14410863,  2.36887285,  1.16033945,  0.03549225,  1.40907424,
        0.03377481]), array([-0.1447817 ,  2.36513332,  1.15635922,  0.03542863,  1.40503599,
        0.03371733]), array([-0.14539927,  2.36054351,  1.15195542,  0.03533162,  1.40083668,
        0.03365778]), array([-0.14596186,  2.35512783,  1.14714467,  0.03520253,  1.39648681,
        0.03359631]), array([-0.1464701 ,  2.34891202,  1.14194418,  0.03504261,  1.39199683,
        0.03353305]), array([-0.14692467,  2.34192301,  1.13637172,  0.03485314,  1.38737715,
        0.03346817]), array([-0.14732638,  2.33418883,  1.13044549,  0.03463542,  1.38263812,
        0.0334018 ]), array([-0.14767609,  2.3257385 ,  1.12418411,  0.03439071,  1.37779002,
        0.0333341 ]), array([-0.14797475,  2.31660189,  1.11760649,  0.03412033,  1.37284305,
        0.0332652 ]), array([-0.14822337,  2.30680967,  1.11073185,  0.03382558,  1.36780731,
        0.03319527]), array([-0.14842305,  2.29639315,  1.10357959,  0.03350776,  1.36269279,
        0.03312443]), array([-0.14857494,  2.2853842 ,  1.09616922,  0.0331682 ,  1.35750932,
        0.03305285]), array([-0.14868024,  2.27381515,  1.08852036,  0.03280823,  1.35226661,
        0.03298065]), array([-0.14874021,  2.26171867,  1.08065264,  0.03242918,  1.34697417,
        0.03290798]), array([-0.14875619,  2.24912767,  1.07258566,  0.03203237,  1.34164134,
        0.03283497]), array([-0.14872951,  2.23607523,  1.06433889,  0.03161914,  1.33627725,
        0.03276177]), array([-0.14866158,  2.22259449,  1.05593171,  0.0311908 ,  1.3308908 ,
        0.0326885 ]), array([-0.14855384,  2.20871855,  1.04738327,  0.03074868,  1.32549069,
        0.03261529]), array([-0.14840774,  2.19448038,  1.03871248,  0.03029408,  1.32008534,
        0.03254226]), array([-0.14822478,  2.17991276,  1.02993799,  0.02982829,  1.31468293,
        0.03246953]), array([-0.14800647,  2.16504819,  1.0210781 ,  0.02935259,  1.30929136,
        0.03239723]), array([-0.14775434,  2.1499188 ,  1.01215076,  0.02886823,  1.30391826,
        0.03232546]), array([-0.14746992,  2.1345563 ,  1.00317352,  0.02837647,  1.29857098,
        0.03225433]), array([-0.14715478,  2.1189919 ,  0.99416349,  0.02787849,  1.29325655,
        0.03218394]), array([-0.14681045,  2.10325623,  0.98513731,  0.0273755 ,  1.28798175,
        0.0321144 ]), array([-0.1464385 ,  2.08737935,  0.97611114,  0.02686865,  1.282753  ,
        0.03204578]), array([-0.14604048,  2.07139059,  0.96710064,  0.02635906,  1.27757645,
        0.03197818]), array([-0.14561792,  2.0553186 ,  0.9581209 ,  0.02584784,  1.27245793,
        0.03191169]), array([-0.14517235,  2.03919125,  0.94918647,  0.02533604,  1.26740296,
        0.03184637]), array([-0.1447053 ,  2.02303559,  0.94031133,  0.02482467,  1.26241675,
        0.0317823 ]), array([-0.14421826,  2.00687785,  0.93150887,  0.02431474,  1.25750419,
        0.03171955]), array([-0.1437127 ,  1.99074336,  0.9227919 ,  0.02380719,  1.25266987,
        0.03165817]), array([-0.14319009,  1.97465657,  0.91417259,  0.02330292,  1.24791808,
        0.03159823]), array([-0.14265184,  1.95864099,  0.90566253,  0.0228028 ,  1.2432528 ,
        0.03153976]), array([-0.14209936,  1.94271918,  0.89727267,  0.02230765,  1.23867771,
        0.03148283]), array([-0.14153402,  1.92691273,  0.88901336,  0.02181827,  1.2341962 ,
        0.03142747]), array([-0.14095715,  1.91124229,  0.88089433,  0.02133539,  1.22981136,
        0.03137371]), array([-0.14037006,  1.89572748,  0.87292469,  0.0208597 ,  1.22552602,
        0.03132159]), array([-0.139774  ,  1.88038697,  0.86511293,  0.02039187,  1.22134271,
        0.03127113]), array([-0.13917021,  1.86523842,  0.85746696,  0.01993252,  1.2172637 ,
        0.03122235]), array([-0.13855987,  1.85029849,  0.84999406,  0.0194822 ,  1.213291  ,
        0.03117528]), array([-0.13794414,  1.83558288,  0.84270095,  0.01904145,  1.20942637,
        0.03112992]), array([ 60.,  60.,  30.,  10.,  10., -10.]), array([ 38.76390837, -60.        ,   8.54979695, -10.        ,
        10.        ,  10.        ]), array([ 15.63832656, -60.        ,  11.47093169, -10.        ,
         7.12052452, -10.        ]), array([ 4.71776741, 60.        , 12.18113619, 10.        ,  5.9699038 ,
       10.        ]), array([  5.28375744,  60.        ,  -2.34942681, -10.        ,
        -0.67243515, -10.        ]), array([  3.0502241 , -60.        ,  -7.06732089,  10.        ,
        -2.19674612,  10.        ]), array([  3.68840964,  60.        ,  12.05381041, -10.        ,
         5.46640526,  10.        ]), array([  4.33352972, -48.        ,  -3.78243216,   8.        ,
        -1.27306241,   8.        ]), array([  6.51045006, -60.        ,   7.018074  , -10.        ,
         2.96421908, -10.        ]), array([ 4.09163526, 60.        , 11.84420286, 10.        ,  5.5166219 ,
       10.        ]), array([ 1.51211487, 12.        ,  0.15200974, -2.        ,  0.08136902,
        2.        ]), array([  6.56737603, -60.        ,  -5.62414926,  10.        ,
        -1.82036326, -10.        ]), array([  5.57718385, -60.        ,   6.37526629,  10.        ,
         2.55695544, -10.        ]), array([  5.9036917 ,  60.        ,  16.3999833 ,  10.        ,
         6.63442056, -10.        ]), array([  2.26954841,  60.        ,   0.78744834, -10.        ,
         0.34125402,  10.        ]), array([  3.80792662, -60.        , -13.21377289,  10.        ,
        -4.76713561,  10.        ]), array([  6.28936231, -60.        ,  14.00471267,  10.        ,
         5.81507205, -10.        ]), array([  5.62549823, -60.        ,  10.27632621, -10.        ,
         3.93785095,  10.        ]), array([  7.02092853,  60.        ,  12.40005163, -10.        ,
         5.40913088,  10.        ]), array([  9.7343674 ,  60.        ,  -0.47372522, -10.        ,
        -0.19847966, -10.        ]), array([ 60.        ,  60.        ,  15.4989527 , -10.        ,
         3.28102691, -10.        ]), array([ 44.84804413, -60.        ,  -0.89060148,  10.        ,
        -0.87815508,  10.        ]), array([ 13.25501102, -48.        ,  11.98810348,  -8.        ,
         4.43432309,   8.        ]), array([ 12.86010477,  60.        ,  11.24731964,  10.        ,
         3.82538171, -10.        ]), array([  2.16776348, -36.        ,   1.01830276,  -6.        ,
         0.38481072,  -6.        ]), array([ 3.32297777, 36.        , 10.8333784 ,  6.        ,  3.69139975,
        6.        ]), array([ 7.88615097, 60.        , -1.55908332, 10.        , -1.6023303 ,
       10.        ]), array([  3.5928011 , -36.        ,   2.65142986,   6.        ,
         0.53513996,  -6.        ]), array([ 1.53303658, 36.        , 14.03592669, -6.        ,  4.51867718,
       -6.        ]), array([  2.05056765, -60.        ,   3.9509515 ,  10.        ,
         0.3349116 ,  10.        ]), array([  1.25488718, -24.        ,   6.96334174,  -4.        ,
         2.07074154,  -4.        ]), array([-0.48358375, 36.        , 14.21913282, -6.        ,  4.77225675,
       -6.        ]), array([  0.48144923, -12.        ,   2.44612569,  -2.        ,
         0.66480926,   2.        ]), array([ 0., -0.,  0., -0.,  0.,  0.]), array([  4.52755457, -12.        ,   5.53132921,  -2.        ,
         1.45776305,  -2.        ]), array([ 0., -0.,  0.,  0.,  0.,  0.]), array([  9.21953969, -12.        ,   6.        ,   2.        ,
         2.        ,  -2.        ]), array([ 5.16000734, 48.        , 24.        ,  8.        ,  8.        ,
        8.        ]), array([ 0., -0.,  0.,  0.,  0.,  0.]), array([-9.83359096e+00, -1.59990237e+01, -1.30644221e+01,  7.73584829e+00,
       -1.00000000e+01, -2.76641371e-15]), array([-6.90868262e+00, -1.16324772e+01, -9.54000544e+00,  5.56863144e+00,
       -7.70707027e+00, -1.94498433e-15]), array([-4.82384667e+00, -8.01844673e+00, -6.56975129e+00,  3.93499507e+00,
       -5.26141222e+00, -2.19950827e-15]), array([-3.14873728e+00, -5.26344913e+00, -4.31960681e+00,  2.60810309e+00,
       -3.44282537e+00,  6.61911868e-17]), array([-1.80671622e+00, -3.15397096e+00, -2.61348032e+00,  1.53438919e+00,
       -2.09609383e+00,  2.26175542e-16]), array([-7.35631998e-01, -1.53373663e+00, -1.31968847e+00,  6.69434448e-01,
       -1.10372256e+00, -4.13118825e-16]), array([ 1.14918753e-01, -2.86915184e-01, -3.39263439e-01, -2.35706789e-02,
       -3.76973149e-01,  1.66428631e-16]), array([ 7.85847259e-01,  6.73300471e-01,  4.02504049e-01, -5.75115574e-01,
        1.51074324e-01,  2.30420644e-17]), array([ 1.31040345e+00,  1.41258947e+00,  9.62230916e-01, -1.01044227e+00,
        5.30832946e-01,  4.22618407e-16]), array([ 1.71565146e+00,  1.98105096e+00,  1.38297053e+00, -1.35043650e+00,
        8.00248045e-01,  5.52413801e-16]), array([ 2.02365553e+00,  2.41716255e+00,  1.69756050e+00, -1.61236794e+00,
        9.87856239e-01,  5.97089399e-16]), array([ 2.25243262e+00,  2.75064487e+00,  1.93111162e+00, -1.81050561e+00,
        1.11509699e+00,  5.31599422e-16]), array([ 2.41671813e+00,  3.00456115e+00,  2.10286797e+00, -1.95662967e+00,
        1.19805738e+00,  3.93528510e-16]), array([ 2.52858216e+00,  3.19687382e+00,  2.22760340e+00, -2.06045710e+00,
        1.24878853e+00,  1.71577330e-15]), array([ 2.59792621e+00,  3.34161034e+00,  2.31667442e+00, -2.12999572e+00,
        1.27629888e+00,  1.28617345e-15]), array([ 2.63288430e+00,  3.44974424e+00,  2.37881720e+00, -2.17183839e+00,
        1.28730392e+00,  5.59114130e-16]), array([ 2.64014741e+00,  3.52986644e+00,  2.42075306e+00, -2.19140746e+00,
        1.28679215e+00,  1.52819325e-15]), array([ 2.62522639e+00,  3.58870036e+00,  2.44764999e+00, -2.19315769e+00,
        1.27845261e+00,  3.47830476e-16]), array([ 2.59266538e+00,  3.63149984e+00,  2.46347582e+00, -2.18074454e+00,
        1.26499780e+00,  6.11955447e-16]), array([ 2.54621526e+00,  3.66235841e+00,  2.47126909e+00, -2.15716380e+00,
        1.24840768e+00,  6.26286907e-16]), array([ 2.48897490e+00,  3.68445089e+00,  2.47334767e+00, -2.12486710e+00,
        1.23011398e+00,  1.08303222e-15]), array([ 2.42350625e+00,  3.70022320e+00,  2.47146977e+00, -2.08585763e+00,
        1.21113936e+00,  1.77260420e-16]), array([ 2.35192833e+00,  3.71154215e+00,  2.46695864e+00, -2.04176927e+00,
        1.19220243e+00,  8.99949162e-16]), array([ 2.27599392e+00,  3.71981411e+00,  2.46079948e+00, -1.99393200e+00,
        1.17379692e+00,  1.29557677e-15]), array([ 2.19715232e+00,  3.72607953e+00,  2.45371479e+00, -1.94342587e+00,
        1.15625126e+00, -5.36465353e-16]), array([ 2.11660070e+00,  3.73108840e+00,  2.44622325e+00, -1.89112560e+00,
        1.13977333e+00,  8.59607204e-16]), array([ 2.03532621e+00,  3.73536077e+00,  2.43868585e+00, -1.83773724e+00,
        1.12448400e+00,  1.65657234e-15]), array([ 1.95414041e+00,  3.73923537e+00,  2.43134200e+00, -1.78382845e+00,
        1.11044219e+00, -8.40464329e-17]), array([ 1.87370770e+00,  3.74290891e+00,  2.42433788e+00, -1.72985334e+00,
        1.09766349e+00,  8.39590205e-16]), array([ 1.79456854e+00,  3.74646769e+00,  2.41774886e+00, -1.67617292e+00,
        1.08613392e+00,  7.58608839e-16]), array([ 1.71715875e+00,  3.74991330e+00,  2.41159704e+00, -1.62307185e+00,
        1.07582008e+00,  6.76531705e-16]), array([ 1.64182536e+00,  3.75318341e+00,  2.40586516e+00, -1.57077224e+00,
        1.06667654e+00,  3.65736864e-16]), array([ 1.56883979e+00,  3.75616859e+00,  2.40050751e+00, -1.51944489e+00,
        1.05865106e+00,  1.82686504e-16]), array([ 1.49840883,  3.75872596,  2.39545856, -1.46921856,  1.05168846,
        0.        ]), array([ 1.43068382e+00,  3.76069023e+00,  2.39063965e+00, -1.42018749e+00,
        1.04573315e+00,  3.64995168e-16]), array([ 1.36576836e+00,  3.76188259e+00,  2.38596439e+00, -1.37241762e+00,
        1.04073093e+00,  7.20062815e-16]), array([ 1.30372488e+00,  3.76211785e+00,  2.38134265e+00, -1.32595165e+00,
        1.03663007e+00,  2.07062126e-16]), array([ 1.24458019e+00,  3.76121011e+00,  2.37668385e+00, -1.28081319e+00,
        1.03338206e+00,  6.80150758e-17]), array([ 1.18833029e+00,  3.75897729e+00,  2.37189930e+00, -1.23701015e+00,
        1.03094186e+00,  2.57309431e-16]), array([ 1.13494454e+00,  3.75524460e+00,  2.36690407e+00, -1.19453759e+00,
        1.02926809e+00,  3.71408313e-16]), array([ 1.08436924e+00,  3.74984723e+00,  2.36161831e+00, -1.15337995e+00,
        1.02832290e+00,  1.77847488e-16]), array([ 1.03653087e+00,  3.74263236e+00,  2.35596821e+00, -1.11351304e+00,
        1.02807188e+00, -7.80273377e-16]), array([ 9.91338927e-01,  3.73346055e+00,  2.34988661e+00, -1.07490557e+00,
        1.02848379e+00,  4.40326766e-16]), array([ 9.48688411e-01,  3.72220673e+00,  2.34331343e+00, -1.03752048e+00,
        1.02953030e+00,  4.88912697e-17]), array([ 9.08462145e-01,  3.70876076e+00,  2.33619579e+00, -1.00131609e+00,
        1.03118571e+00,  1.38801098e-16]), array([ 8.70532811e-01,  3.69302765e+00,  2.32848810e+00, -9.66246985e-01,
        1.03342663e+00,  8.75148818e-17]), array([ 8.34764820e-01,  3.67492758e+00,  2.32015191e+00, -9.32264867e-01,
        1.03623177e+00, -7.19574713e-17]), array([ 8.01016009e-01,  3.65439565e+00,  2.31115573e+00, -8.99319200e-01,
        1.03958158e+00,  1.81157678e-16]), array([ 7.69139188e-01,  3.63138146e+00,  2.30147476e+00, -8.67357821e-01,
        1.04345807e+00,  2.83999077e-16]), array([ 7.38983552e-01,  3.60584860e+00,  2.29109055e+00, -8.36327452e-01,
        1.04784456e+00,  2.69960803e-16]), array([ 7.10395972e-01,  3.57777399e+00,  2.27999064e+00, -8.06174143e-01,
        1.05272545e+00,  8.86373602e-17]), array([ 6.83222168e-01,  3.54714716e+00,  2.26816815e+00, -7.76843672e-01,
        1.05808609e+00,  2.88717355e-17]), array([ 0.65730778,  3.51396947,  2.25562135, -0.74828189,  1.06391257,
        0.        ]), array([ 6.32499341e-01,  3.47825329e+00,  2.24235327e+00, -7.20435017e-01,
        1.07019158e+00,  3.27340599e-16]), array([ 6.08645153e-01,  3.44002118e+00,  2.22837123e+00, -6.93249929e-01,
        1.07691034e+00,  1.16820789e-16]), array([ 5.85596082e-01,  3.39930504e+00,  2.21368643e+00, -6.66674379e-01,
        1.08405645e+00, -5.93810190e-17]), array([ 5.63206268e-01,  3.35614528e+00,  2.19831357e+00, -6.40657215e-01,
        1.09161782e+00,  1.11842339e-16]), array([ 5.41333760e-01,  3.31058998e+00,  2.18227036e+00, -6.15148555e-01,
        1.09958258e+00,  3.59303346e-16]), array([ 5.19841076e-01,  3.26269412e+00,  2.16557720e+00, -5.90099948e-01,
        1.10793905e+00,  1.65529654e-16]), array([ 4.98595697e-01,  3.21251881e+00,  2.14825681e+00, -5.65464507e-01,
        1.11667567e+00, -6.00744097e-17]), array([ 4.77470498e-01,  3.16013053e+00,  2.13033380e+00, -5.41197021e-01,
        1.12578098e+00, -2.51286515e-17]), array([0., 0., 0., 0., 0., 0.])], 'ball_pos_history': [array([-2.07725873, -7.91654491,  1.27735583]), array([-2.06937099, -7.87224159,  1.26047756]), array([-2.06148325, -7.82793828,  1.24335403]), array([-2.05359551, -7.78363497,  1.22598525]), array([-2.04570777, -7.73933165,  1.20837122]), array([-2.03782003, -7.69502834,  1.19051194]), array([-2.02993229, -7.65072503,  1.17240741]), array([-2.02204455, -7.60642171,  1.15405764]), array([-2.01415682, -7.5621184 ,  1.13546261]), array([-2.00626908, -7.51781509,  1.11662233]), array([-1.99838134, -7.47351177,  1.0975368 ]), array([-1.9904936 , -7.42920846,  1.07820602]), array([-1.98260586, -7.38490515,  1.05863   ]), array([-1.97471812, -7.34060183,  1.03880872]), array([-1.96683038, -7.29629852,  1.01874219]), array([-1.95894264, -7.25199521,  0.99843041]), array([-1.9510549 , -7.20769189,  0.97787338]), array([-1.94316717, -7.16338858,  0.95707111]), array([-1.93527943, -7.11908527,  0.93602358]), array([-1.92739169, -7.07478195,  0.9147308 ]), array([-1.91950395, -7.03047864,  0.89319277]), array([-1.91161621, -6.98617532,  0.87140949]), array([-1.90372847, -6.94187201,  0.84938096]), array([-1.89584073, -6.8975687 ,  0.82710719]), array([-1.88795299, -6.85326538,  0.80458816]), array([-1.88006525, -6.80896207,  0.78182388]), array([-1.87217752, -6.76465876,  0.75881435]), array([-1.86428978, -6.72035544,  0.73555957]), array([-1.85640204, -6.67605213,  0.71205955]), array([-1.8485143 , -6.63174882,  0.68831427]), array([-1.84062656, -6.5874455 ,  0.66432374]), array([-1.83273882, -6.54314219,  0.64008796]), array([-1.82485108, -6.49883888,  0.61560693]), array([-1.81696334, -6.45453556,  0.59088065]), array([-1.8090756 , -6.41023225,  0.56590913]), array([-1.80118787, -6.36592894,  0.54069235]), array([-1.79330013, -6.32162562,  0.51523032]), array([-1.78541239, -6.27732231,  0.48952304]), array([-1.77752465, -6.233019  ,  0.46357051]), array([-1.76963691, -6.18871568,  0.43737274]), array([-1.76174917, -6.14441237,  0.41092971]), array([-1.75386143, -6.10010906,  0.38424143]), array([-1.74597369, -6.05580574,  0.3573079 ]), array([-1.73808595, -6.01150243,  0.33012912]), array([-1.73019822, -5.96719912,  0.3027051 ]), array([-1.72231048, -5.9228958 ,  0.27503582]), array([-1.71442274, -5.87859249,  0.24712129]), array([-1.706535  , -5.83428918,  0.21896151]), array([-1.69864726, -5.78998586,  0.19055648]), array([-1.69075952, -5.74568255,  0.1619062 ]), array([-1.68287178, -5.70137924,  0.13301068]), array([-1.67498404, -5.65707592,  0.1038699 ]), array([-1.66709631, -5.61277261,  0.07448387]), array([-1.65920857, -5.5684693 ,  0.04485259]), array([-1.65132083, -5.52416598,  0.033     ]), array([-1.64382748, -5.48207784,  0.05516215]), array([-1.63633412, -5.43998969,  0.07707904]), array([-1.62884077, -5.39790154,  0.09875069]), array([-1.62134742, -5.35581339,  0.12017708]), array([-1.61385407, -5.31372525,  0.14135823]), array([-1.60636072, -5.2716371 ,  0.16229413]), array([-1.59886736, -5.22954895,  0.18298477]), array([-1.59137401, -5.1874608 ,  0.20343017]), array([-1.58388066, -5.14537265,  0.22363031]), array([-1.57638731, -5.10328451,  0.24358521]), array([-1.56889396, -5.06119636,  0.26329486]), array([-1.5614006 , -5.01910821,  0.28275925]), array([-1.55390725, -4.97702006,  0.3019784 ]), array([-1.5464139 , -4.93493192,  0.3209523 ]), array([-1.53892055, -4.89284377,  0.33968094]), array([-1.5314272 , -4.85075562,  0.35816434]), array([-1.52393384, -4.80866747,  0.37640248]), array([-1.51644049, -4.76657933,  0.39439538]), array([-1.50894714, -4.72449118,  0.41214303]), array([-1.50145379, -4.68240303,  0.42964542]), array([-1.49396044, -4.64031488,  0.44690257]), array([-1.48646708, -4.59822673,  0.46391446]), array([-1.47897373, -4.55613859,  0.48068111]), array([-1.47148038, -4.51405044,  0.49720251]), array([-1.46398703, -4.47196229,  0.51347865]), array([-1.45649368, -4.42987414,  0.52950955]), array([-1.44900032, -4.387786  ,  0.54529519]), array([-1.44150697, -4.34569785,  0.56083559]), array([-1.43401362, -4.3036097 ,  0.57613074]), array([-1.42652027, -4.26152155,  0.59118063]), array([-1.41902692, -4.21943341,  0.60598528]), array([-1.41153357, -4.17734526,  0.62054468]), array([-1.40404021, -4.13525711,  0.63485882]), array([-1.39654686, -4.09316896,  0.64892772]), array([-1.38905351, -4.05108081,  0.66275136]), array([-1.38156016, -4.00899267,  0.67632976]), array([-1.37406681, -3.96690452,  0.68966291]), array([-1.36657345, -3.92481637,  0.7027508 ]), array([-1.3590801 , -3.88272822,  0.71559345]), array([-1.35158675, -3.84064008,  0.72819084]), array([-1.3440934 , -3.79855193,  0.74054299]), array([-1.33660005, -3.75646378,  0.75264989]), array([-1.32910669, -3.71437563,  0.76451153]), array([-1.32161334, -3.67228749,  0.77612793]), array([-1.31411999, -3.63019934,  0.78749907]), array([-1.30662664, -3.58811119,  0.79862497]), array([-1.29913329, -3.54602304,  0.80950562]), array([-1.29163993, -3.50393489,  0.82014101]), array([-1.28414658, -3.46184675,  0.83053116]), array([-1.27665323, -3.4197586 ,  0.84067606]), array([-1.26915988, -3.37767045,  0.8505757 ]), array([-1.26166653, -3.3355823 ,  0.8602301 ]), array([-1.25417317, -3.29349416,  0.86963924]), array([-1.24667982, -3.25140601,  0.87880314]), array([-1.23918647, -3.20931786,  0.88772179]), array([-1.23169312, -3.16722971,  0.89639518]), array([-1.22419977, -3.12514157,  0.90482333]), array([-1.21670641, -3.08305342,  0.91300622]), array([-1.20921306, -3.04096527,  0.92094387]), array([-1.20171971, -2.99887712,  0.92863627]), array([-1.19422636, -2.95678897,  0.93608341]), array([-1.18673301, -2.91470083,  0.94328531]), array([-1.17923965, -2.87261268,  0.95024195]), array([-1.1717463 , -2.83052453,  0.95695335]), array([-1.16425295, -2.78843638,  0.9634195 ]), array([-1.1567596 , -2.74634824,  0.96964039]), array([-1.14926625, -2.70426009,  0.97561604]), array([-1.1417729 , -2.66217194,  0.98134643]), array([-1.13427954, -2.62008379,  0.98683158]), array([-1.12678619, -2.57799564,  0.99207148]), array([-1.11929284, -2.5359075 ,  0.99706612]), array([-1.11179949, -2.49381935,  1.00181552]), array([-1.10430614, -2.4517312 ,  1.00631967]), array([-1.09681278, -2.40964305,  1.01057856]), array([-1.08931943, -2.36755491,  1.01459221]), array([-1.08182608, -2.32546676,  1.0183606 ]), array([-1.07433273, -2.28337861,  1.02188375]), array([-1.06683938, -2.24129046,  1.02516165]), array([-1.05934602, -2.19920232,  1.02819429]), array([-1.05185267, -2.15711417,  1.03098169]), array([-1.04435932, -2.11502602,  1.03352383]), array([-1.03686597, -2.07293787,  1.03582073]), array([-1.02937262, -2.03084972,  1.03787238]), array([-1.02187926, -1.98876158,  1.03967877]), array([-1.01438591, -1.94667343,  1.04123992]), array([-1.00689256, -1.90458528,  1.04255581]), array([-0.99939921, -1.86249713,  1.04362646]), array([-0.99190586, -1.82040899,  1.04445186]), array([-0.9844125 , -1.77832084,  1.045032  ]), array([-0.97691915, -1.73623269,  1.0453669 ]), array([-0.9694258 , -1.69414454,  1.04545655]), array([-0.96193245, -1.6520564 ,  1.04530094]), array([-0.9544391 , -1.60996825,  1.04490009]), array([-0.94694574, -1.5678801 ,  1.04425398]), array([-0.93945239, -1.52579195,  1.04336263]), array([-0.93195904, -1.4837038 ,  1.04222603]), array([-0.92446569, -1.44161566,  1.04084417]), array([-0.91697234, -1.39952751,  1.03921707]), array([-0.90947899, -1.35743936,  1.03734471]), array([-0.90198563, -1.31535121,  1.03522711]), array([-0.89449228, -1.27326307,  1.03286426]), array([-0.88699893, -1.23117492,  1.03025615]), array([-0.87950558, -1.18908677,  1.0274028 ]), array([-0.87201223, -1.14699862,  1.02430419]), array([-0.86451887, -1.10491048,  1.02096034]), array([-0.85702552, -1.06282233,  1.01737124]), array([-0.84953217, -1.02073418,  1.01353688]), array([-0.84203882, -0.97864603,  1.00945728]), array([-0.83454547, -0.93655788,  1.00513243]), array([-0.82705211, -0.89446974,  1.00056232]), array([-0.81955876, -0.85238159,  0.99574697]), array([-0.81206541, -0.81029344,  0.99068636]), array([-0.80457206, -0.76820529,  0.98538051]), array([-0.79707871, -0.72611715,  0.97982941]), array([-0.78958535, -0.684029  ,  0.97403305]), array([-0.782092  , -0.64194085,  0.96799145]), array([-0.77459865, -0.5998527 ,  0.96170459]), array([-0.7671053 , -0.55776456,  0.95517249]), array([-0.75961195, -0.51567641,  0.94839514]), array([-0.75211859, -0.47358826,  0.94137253]), array([-0.74462524, -0.43150011,  0.93410468]), array([-0.73713189, -0.38941196,  0.92659157]), array([-0.73015787, -0.34965199,  0.91812093]), array([-0.71827139, -0.36659277,  0.88921217]), array([-0.70695647, -0.38677793,  0.85813713]), array([-0.69575223, -0.40764186,  0.82630147]), array([-0.684548  , -0.42850579,  0.79422057]), array([-0.67334376, -0.44936972,  0.76189441]), array([-0.66213953, -0.47023365,  0.72932301]), array([-0.65093529, -0.49109758,  0.69650635]), array([-0.63973106, -0.51196151,  0.66344445]), array([-0.62852682, -0.53282545,  0.63013729]), array([-0.61732259, -0.55368938,  0.59658489]), array([-0.60611835, -0.57455331,  0.56278723]), array([-0.59491412, -0.59541724,  0.52874433]), array([-0.58370988, -0.61628117,  0.49445617]), array([-0.57250565, -0.6371451 ,  0.45992277]), array([-0.56130141, -0.65800903,  0.42514411]), array([-0.55009717, -0.67887296,  0.39012021]), array([-0.53889294, -0.69973689,  0.35485105]), array([-0.5276887 , -0.72060082,  0.31933664]), array([-0.51648447, -0.74146475,  0.28357699]), array([-0.50528023, -0.76232868,  0.24757208]), array([-0.494076  , -0.78319261,  0.21132193]), array([-0.48287176, -0.80405654,  0.17482652]), array([-0.47166753, -0.82492047,  0.13808587]), array([-0.46046329, -0.8457844 ,  0.10109996]), array([-0.44925906, -0.86664833,  0.06386881]), array([-0.43805482, -0.88751226,  0.033     ]), array([-0.4274108 , -0.907333  ,  0.06086205]), array([-0.41676677, -0.92715373,  0.08847886]), array([-0.40612275, -0.94697446,  0.11585041]), array([-0.39547873, -0.9667952 ,  0.14297672]), array([-0.3848347 , -0.98661593,  0.16985777]), array([-0.37419068, -1.00643667,  0.19649357]), array([-0.36354665, -1.0262574 ,  0.22288413]), array([-0.35290263, -1.04607813,  0.24902943]), array([-0.34225861, -1.06589887,  0.27492948]), array([-0.33161458, -1.0857196 ,  0.30058429]), array([-0.32097056, -1.10554034,  0.32599384]), array([-0.31032654, -1.12536107,  0.35115815]), array([-0.29968251, -1.1451818 ,  0.3760772 ]), array([-0.28903849, -1.16500254,  0.400751  ]), array([-0.27839447, -1.18482327,  0.42517956]), array([-0.26775044, -1.20464401,  0.44936286]), array([-0.25710642, -1.22446474,  0.47330092]), array([-0.24646239, -1.24428547,  0.49699372]), array([-0.23581837, -1.26410621,  0.52044127]), array([-0.22517435, -1.28392694,  0.54364358]), array([-0.21453032, -1.30374767,  0.56660063]), array([-0.2038863 , -1.32356841,  0.58931243]), array([-0.19324228, -1.34338914,  0.61177899]), array([-0.18259825, -1.36320988,  0.63400029]), array([-0.17195423, -1.38303061,  0.65597635]), array([-0.1613102 , -1.40285134,  0.67770715]), array([-0.15066618, -1.42267208,  0.6991927 ]), array([-0.14002216, -1.44249281,  0.72043301]), array([-0.12937813, -1.46231355,  0.74142806]), array([-0.11873411, -1.48213428,  0.76217787]), array([-0.10809009, -1.50195501,  0.78268242]), array([-0.09744606, -1.52177575,  0.80294172]), array([-0.08680204, -1.54159648,  0.82295578]), array([-0.07615802, -1.56141722,  0.84272458]), array([-0.06551399, -1.58123795,  0.86224813]), array([-0.05486997, -1.60105868,  0.88152644]), array([-0.04422594, -1.62087942,  0.90055949]), array([-0.03358192, -1.64070015,  0.9193473 ])], 'distances_history': [7.8323967491082715, 7.786672784808211, 7.740985167368977, 7.695332667392483, 7.649714565272481, 7.604130565610778, 7.558580730841227, 7.513065429105371, 7.467585293008253, 7.422141186914562, 7.376734181094728, 7.331365531414107, 7.2860366634929274, 7.240749160447444, 7.195504753495082, 7.150305314864363, 7.105152852580726, 7.060049506798393, 7.0149975474209105, 6.969999372806103, 6.925057509390837, 6.880174462292395, 6.835353017227032, 6.790596089443705, 6.7459067262323575, 6.701288109815943, 6.656743560589102, 6.612276540671355, 6.567890657747024, 6.52358966916821, 6.4793774863004225, 6.435258179093488, 6.391235980862594, 6.347315293266405, 6.303500691470656, 6.259796929486869, 6.2162089456767715, 6.172741868413598, 6.1294010218919475, 6.086191932078008, 6.043120332792075, 6.000201313588833, 5.957440526605363, 5.914843931161228, 5.872417784244793, 5.830168634028003, 5.788103315806388, 5.746228949899015, 5.704552941141151, 5.663082979673972, 5.621827042789663, 5.580793397631563, 5.539990604581238, 5.4994275211896015, 5.456549195676261, 5.411177499355964, 5.365909330311838, 5.320743388515154, 5.275678343200615, 5.23071283340521, 5.185845468698456, 5.141060233983031, 5.096356440499624, 5.051733274145249, 5.007189814406125, 4.962725050382135, 4.9183378944552985, 4.874027194013986, 4.829791741552597, 4.785630283403028, 4.74154152730786, 4.6975241490096655, 4.653576798002455, 4.609698102568088, 4.5658866742011694, 4.522141111509645, 4.478460003664635, 4.434841933461392, 4.391285480043443, 4.347789221333682, 4.304351736209225, 4.260971517999327, 4.21764718284447, 4.174377347497841, 4.1311606319819845, 4.087995661787942, 4.044881069718102, 4.001815497444847, 3.958797596837878, 3.915826031099833, 3.872899475740627, 3.830016619414272, 3.787176164637087, 3.7443768284026278, 3.701617342705946, 3.658896454987773, 3.6162129285076516, 3.5735655426538795, 3.53095309319721, 3.488374392494589, 3.4458282696486586, 3.4033135706283764, 3.360829158355816, 3.3183739127639544, 3.2759467308301424, 3.2335465265898127, 3.191172231134926, 3.1488227926016443, 3.1064971761516986, 3.064194363951972, 3.021913355156898, 2.9796531658983403, 2.937412829287807, 2.8951913954359725, 2.8529879314947397, 2.81080152172732, 2.7686312676121263, 2.726476287986667, 2.6843357192380752, 2.642208715547457, 2.6000944491958577, 2.5579921109404227, 2.5159009104701764, 2.4738200769519136, 2.431748859677865, 2.389686528828268, 2.3476323763636047, 2.3055857170632623, 2.2635458897296505, 2.2215122585795566, 2.179484214847701, 2.1374611786312574, 2.09544260100859, 2.0534279664707853, 2.011416795710902, 1.9694086488234364, 1.9274031289755775, 1.885399886622722, 1.843398624353854, 1.801399102468313, 1.7594011454047702, 1.7162175780662707, 1.6711020012954965, 1.6247944902416571, 1.5787158887656083, 1.5316237767192442, 1.4857497593168916, 1.4384124803138356, 1.3920207136797569, 1.3448863298370899, 1.2980044658124694, 1.250955351671757, 1.2052035253018825, 1.160486605408832, 1.1159354533309058, 1.0701394639392077, 1.0257662463854784, 0.9822405752916396, 0.9378465505603014, 0.8918594525451565, 0.8446351730328779, 0.7949346453677075, 0.7458068271778933, 0.6959671391410633, 0.6463973273236883, 0.5967695877839523, 0.5473674388526906, 0.49848336339658894, 0.4506136522674579, 0.4019782708097756, 0.3550463578527866, 0.30846478912782754, 0.26164451811614803, 0.21606627874563225, 0.17276468434925538, 0.1337904298708458, 0.10421863786223041, 0.09369499513309079, 0.09447074621447209, 0.11425285562679716, 0.14453881092886012, 0.17907304516186479, 0.21549592769487064, 0.25287551145810716, 0.2908281211432303, 0.329189301577353, 0.3678868575418611, 0.4068888502863352, 0.4461811813184276, 0.4857575883737634, 0.5256151053923518, 0.5657520100500589, 0.6061669252494614, 0.6468584572926164, 0.6878250791230784, 0.7290651198156659, 0.7705767947370998, 0.8123582463135895, 0.8544075825559607, 0.8967229087087522, 0.9393023511583174, 0.9821440743191275, 1.0252462917516727, 1.062778306157404, 1.0484375767303487, 1.0351862564781629, 1.0230404621679516, 1.0120148558025677, 1.0021223579413963, 0.9933738585038884, 0.985777936183767, 0.9793405973553581, 0.9740650447913178, 0.9699514855550494, 0.9669969860502233, 0.9651953804234288, 0.9645372363934659, 0.9650098802343694, 0.9665974802118457, 0.9692811854217195, 0.9730393148574984, 0.9778475897744717, 0.9836794011168135, 0.9905061029854137, 0.9982973228548937, 1.0070212794634998, 1.0166450999300285, 1.027135128605522, 1.0384572213411163, 1.0505770201445557, 1.063460204513251, 1.0770727169939425, 1.0913809616694394, 1.1063519752726625, 1.121953571456518, 1.1381544593996402, 1.1549243384094414, 1.1722339705102003, 1.1900552331954155, 1.2083611546028872, 1.227125933360881], 'normal_align_history': [0.5872489473466461, 0.5871796978697428, 0.5870588763646536, 0.5868987663021784, 0.586708157229862, 0.5864935023548934, 0.5862596439008179, 0.5860102819620789, 0.5857482875255631, 0.5854759181668944, 0.5851949710298003, 0.5849068940041422, 0.5846128680881606, 0.5843138692701798, 0.5840107154830718, 0.5837041024668862, 0.583394631271368, 0.5830828293919459, 0.5827691670214743, 0.5824540695355347, 0.5821379270631409, 0.5818210038043347, 0.5815036401399567, 0.5811861611032083, 0.5808688774493589, 0.5805520869932108, 0.5802360758780933, 0.5799211196402156, 0.5796074840319458, 0.5792954256142744, 0.5789851921479765, 0.578677022818519, 0.5783711483288472, 0.5780677908905612, 0.5777671641395725, 0.577469472997989, 0.5771749135000841, 0.5768836725968958, 0.5765959279512276, 0.5763118477325996, 0.5760315904198191, 0.575757470389947, 0.5754895711539721, 0.5752278924081381, 0.5749724063150742, 0.5747230844879954, 0.5744799094513056, 0.5742428780780963, 0.574012001060069, 0.5737873005778505, 0.5735688073091779, 0.5733565573530467, 0.5731505893470517, 0.5729509418956282, 0.5727576513444395, 0.5725707498952932, 0.5723902640373073, 0.5722162132630938, 0.5720486090375915, 0.5718874539889227, 0.5717327412934867, 0.5715806101657219, 0.5714310924136946, 0.5712843480249887, 0.5711405729121802, 0.5709999532729055, 0.5708626449837296, 0.5707287661976828, 0.5705983966899145, 0.5704715804554027, 0.5703483296894062, 0.5702286291727011, 0.5701124405695038, 0.5699997064083995, 0.5698903536561992, 0.5697842968668759, 0.5696814409233933, 0.5695816834060494, 0.5694849166264092, 0.5693910293659669, 0.5692999083561947, 0.569211186341672, 0.5691247626073381, 0.5690405516707224, 0.5689584736343659, 0.5688784499190777, 0.5688004017425908, 0.568724249934333, 0.5686499153438913, 0.5685773194614019, 0.5685063850613062, 0.5684370367831084, 0.5683692016156301, 0.5683028092776798, 0.5682377925004705, 0.5681740872222292, 0.5681116327069142, 0.568050371598674, 0.5679902499226519, 0.5679312170414808, 0.5678732255755586, 0.5678162312940453, 0.567760192982503, 0.5677050722922772, 0.5676508335759414, 0.5675974437125596, 0.56754487192599, 0.5674930895989961, 0.5674420700855979, 0.5673917885237365, 0.567342221650072, 0.5672933476184763, 0.5672451458235681, 0.5671975967304456, 0.5671506817115951, 0.567104382891795, 0.5670586830016815, 0.5670135652405278, 0.566969013148643, 0.5669250104897072, 0.5668815411432316, 0.5668385890072594, 0.5667961379113285, 0.5667541715396203, 0.566712673364185, 0.5666716265880303, 0.5666310140978229, 0.566590818425896, 0.566551021721216, 0.5665116057289061, 0.5664725517779163, 0.5664338407763767, 0.5663954532141657, 0.5663573691722052, 0.5663195683379728, 0.5662820300267206, 0.5662447332078934, 0.5662076565362215, 0.5661707783869804, 0.566134076894917, 0.5660975299963424, 0.5598503159504874, 0.5625423651249433, 0.5566248521191085, 0.560190269123371, 0.5541425825235541, 0.5580167660919301, 0.568867358851947, 0.5867541232443069, 0.595185850973517, 0.6120644911999078, 0.6293140223703617, 0.6393158285544787, 0.642697997487197, 0.6394887612988341, 0.6429435038390854, 0.6547900293867398, 0.6600506340631805, 0.6719502296645308, 0.6898247490341953, 0.69887722601614, 0.7012808104568466, 0.7125980830050538, 0.7286350613245156, 0.7384911808364362, 0.7435982519425866, 0.7532132721079423, 0.769548863435978, 0.781882999515357, 0.7899325696309548, 0.8042312200225153, 0.8152449361276575, 0.8223262867231057, 0.8300316610867978, 0.837335729800024, 0.8432944340933363, 0.8489459437274083, 0.8540452434383566, 0.8638862237490517, 0.8731554046156135, 0.8816218448269283, 0.8893591442420986, 0.8964587572723671, 0.9029912933843781, 0.9090109636940601, 0.9145598085467783, 0.9196711469007046, 0.9243721692877466, 0.928685785002668, 0.9326318868460617, 0.9362281908078738, 0.9394907810040727, 0.9424344591549575, 0.9450729700315247, 0.947419151873664, 0.9494850438992506, 0.9512819709142217, 0.9528206167067345, 0.9541110924163785, 0.9551630026156074, 0.9559855098002957, 0.9565873968919312, 0.956977126867725, 0.9571628985205476, 0.9571526974475025, 0.9569543415686073, 0.9565755207186653, 0.9560238300958123, 0.9553067975671382, 0.9544319050144326, 0.95340660404805, 0.9522383265249134, 0.950934490381014, 0.9495025013336951, 0.9479497510292697, 0.9462836122115992, 0.9445114314715192, 0.9426405201090516, 0.9406781436036041, 0.9386315101445226, 0.9365077586277749, 0.9343139464761306, 0.9320570375914909, 0.9297438907002543, 0.9273812483067121, 0.9249757264262006, 0.9225338052295691, 0.9200618206938376, 0.9175659573208931, 0.9150522419567905, 0.9125265387186992, 0.9099945450146204, 0.9074617886226083, 0.9049336257810864, 0.9024152402297848, 0.8999116431315188, 0.8974276737982683, 0.894968001140464, 0.8925371257558138, 0.890139382573108, 0.8877789439669813], 'ball_near_history': [False, False, False, False, False, False, False, False, False, False, False, False, False, False, False, False, False, False, False, False, False, False, False, False, False, False, False, False, False, False, False, False, False, False, False, False, False, False, False, False, False, False, False, False, False, False, False, False, False, False, False, False, False, False, False, False, False, False, False, False, False, False, False, False, False, False, False, False, False, False, False, False, False, False, False, False, False, False, False, False, False, False, False, False, False, False, False, False, False, False, False, False, False, False, False, False, False, False, False, False, False, False, False, False, False, False, False, False, False, False, False, False, False, False, False, False, False, False, False, False, False, False, False, False, False, False, False, False, False, False, False, False, False, False, False, False, False, False, False, False, False, False, False, False, False, False, False, False, False, False, False, False, False, False, False, False, False, False, False, False, False, False, False, False, False, False, False, False, False, False, False, False, False, False, True, True, True, True, True, True, True, True, False, False, False, False, False, False, False, False, False, False, False, False, False, False, False, False, False, False, False, False, False, False, False, False, False, False, False, False, False, False, False, False, False, False, False, False, False, False, False, False, False, False, False, False, False, False, False, False, False, False, False, False, False, False, False, False, False, False, False], 'tube_ready_history': [False, False, False, False, False, False, False, False, False, False, False, False, False, False, False, False, False, False, False, False, False, False, False, False, False, False, False, False, False, False, False, False, False, False, False, False, False, False, False, False, False, False, False, False, False, False, False, False, False, False, False, False, False, False, False, False, False, False, False, False, False, False, False, False, False, False, False, False, False, False, False, False, False, False, False, False, False, False, False, False, False, False, False, False, False, False, False, False, False, False, False, False, False, False, False, False, False, False, False, False, False, False, False, False, False, False, False, False, False, False, False, False, False, False, False, False, False, False, False, False, False, False, False, False, False, False, False, False, False, False, False, False, False, False, False, False, False, False, False, False, False, False, False, False, False, False, False, False, False, False, False, False, False, False, False, False, False, False, False, False, False, False, False, False, False, False, False, False, False, False, True, True, True, True, True, True, True, True, True, True, True, True, True, True, True, True, True, True, True, True, True, False, False, False, False, False, False, False, False, False, False, False, False, False, False, False, False, False, False, False, False, False, False, False, False, False, False, False, False, False, False, False, False, False, False, False, False, False, False, False, False, False, False, False, False, False, False, False, False, False, False], 'pos_error_history': [0.009843426245014789, 0.009699963698171981, 0.009533847247844422, 0.009386722417704644, 0.009305377112450488, 0.009338799551113124, 0.009532928720906183, 0.009924020271745722, 0.01053332143590287, 0.011365765127286612, 0.01241302366626437, 0.013658759457304026, 0.015083525212699662, 0.016668039594991815, 0.01839483221726721, 0.020248781955325392, 0.0222170684423164, 0.024288880622684535, 0.02645506556335028, 0.028707799144727163, 0.030080086768626918, 0.032431703462999395, 0.03485921672533201, 0.037356719118222984, 0.03991890839218727, 0.042540965389303236, 0.04521845786252219, 0.047947264857482595, 0.0507235172350591, 0.05354355080588598, 0.05640386931296929, 0.05930111511872208, 0.062232045941177705, 0.06519351636253774, 0.06818246312386256, 0.0711958934420753, 0.07423087575533524, 0.07728453243276957, 0.08035403408409979, 0.08343659518120593, 0.08192986085183286, 0.0848618620171562, 0.08781304269208165, 0.09077993695694489, 0.09375918265708184, 0.09674751636357132, 0.0997417684230384, 0.10273885832053703, 0.10573579048218418, 0.10872965058004863, 0.11171760235987656, 0.11469688498521602, 0.11766481087457524, 0.1206187639981663, 0.12355619859523691, 0.12647463827051375, 0.12937167542782155, 0.1322449709997226, 0.13509225443363573, 0.1379113238969535, 0.15011477142615087, 0.15291730683659036, 0.1556717352317268, 0.15837707406447493, 0.16103228966680924, 0.16363632201924694, 0.16618810492694966, 0.1686865824565346, 0.1711307223306853, 0.17351952684548325, 0.17585204176606803, 0.17812736356693737, 0.1803446453108319, 0.18250310140185677, 0.1846020114017356, 0.18664072306069535, 0.1886186546846683, 0.19053529693675472, 0.19239021415203456, 0.19418304522986707, 0.1948722210064232, 0.19654335285644892, 0.19815307827650716, 0.19970121845997277, 0.20118768551775598, 0.20261247822949202, 0.20397567832740326, 0.20527744717358934, 0.2065180227239846, 0.20769771669718295, 0.20881691188566046, 0.20987605956198527, 0.21087567694436868, 0.2118163446951556, 0.21269870443308533, 0.21352345624586347, 0.21429135619403591, 0.2150032138006737, 0.21565988952410925, 0.2162622922130976, 0.21681137654541885, 0.21730814045220428, 0.2177536225312258, 0.21814889945308583, 0.2184950833647598, 0.2187933192952919, 0.21904478256865761, 0.21925067622892985, 0.21941222848290481, 0.21953069016531246, 0.2196073322316372, 0.21964344328343013, 0.2196403271308213, 0.21959930039673184, 0.21952169016705136, 0.2194088316907949, 0.21926206613399754, 0.2190827383908198, 0.21887219495505536, 0.21863178185495905, 0.21836284265399858, 0.2180667165198672, 0.21774473636378983, 0.21739822705188339, 0.21702850369003743, 0.2166368699835213, 0.2162246166722442, 0.21579302004235418, 0.2153433405145898, 0.2148768213095791, 0.2143946871900389, 0.21389814327962434, 0.2133883739579528, 0.21286654183115306, 0.21233378677709622, 0.21179122506430112, 0.2112399485433493, 0.21068102390949833, 0.21011549203505672, 0.20954436736995558, 0.20664087323820635, 0.2031352027988024, 0.19926471558405662, 0.19419730724907108, 0.18924528694434278, 0.18545845646524867, 0.180791737128683, 0.17702363444225425, 0.17374524036140182, 0.16927475589528343, 0.16515439631511492, 0.16198689991244286, 0.1589414354104111, 0.15425686280826503, 0.1497253862287008, 0.1467412453060321, 0.14337602130764462, 0.14081412094589812, 0.13772227767439502, 0.13492530513511028, 0.13232365809320518, 0.1313109690319216, 0.13155696651563512, 0.13097835892163984, 0.13188744862705867, 0.13245272173054395, 0.13275203564511706, 0.13355067515366928, 0.1346203619711822, 0.13607393286661346, 0.13836806272969632, 0.14099566285697593, 0.14434435280318744, 0.14807937885826777, 0.15239810042652435, 0.1569568390508141, 0.16144588548626504, 0.16584223233555853, 0.17010986108274972, 0.17352754392593164, 0.17628280787922954, 0.17852751195631805, 0.18041420696931434, 0.18207694717170209, 0.1836258669242899, 0.1851476853318491, 0.18670849411774246, 0.18835716049820925, 0.19012861507919943, 0.19204674057916574, 0.19412678600599145, 0.19637732449689155, 0.1988018104122283, 0.20139980158024473, 0.20416791036355778, 0.20710053976107698, 0.21019045170808795, 0.21342920584781497, 0.21680749909872227, 0.22031542960600783, 0.22394270315928116, 0.22767879577488742, 0.23151308272459012, 0.23543494167565365, 0.23943383563351817, 0.24349937990885615, 0.24762139624936422, 0.25178995648842956, 0.2559954174927162, 0.26022844878057294, 0.26448005388876045, 0.2687415863533284, 0.2730047610173093, 0.27726166126569296, 0.28150474270439896, 0.2857268337358663, 0.28992113343333614, 0.2940812070746813, 0.29820097966195136, 0.3022747277226879, 0.30629706966228937, 0.31026295491244166, 0.31416765209828335, 0.3180067364262684, 0.3217760764753009, 0.32547182055557755, 0.3290903827825136, 0.3326284289971367, 0.3360828626493125, 0.3394508107461235, 0.3427296099545952, 0.3459167929357548, 0.3490100749756896, 0.3520073409688001, 0.354906632798855, 0.3577061371546502, 0.3604041738091076, 0.36299918438343387, 0.36548972161150795, 0.36787443911392814, 0.37010919791629593], 'max_qdot_ratio': 0.9969512357556424, 'max_tcp_speed': 1.7986808860810872, 'max_racket_face_speed': 1.5902242179382506, 'total_mpc_steps': 241, 'ball_was_hit': True, 'hit_step': 176, 'p_ee_at_hit': array([-0.63888733, -0.36128174,  0.93581809]), 'ball_pos_at_hit': array([-0.73015787, -0.34965199,  0.91812093]), 'v_ee_at_hit': 1.5323859106330953, 'active_contact': True, 'passive_contact': False}
2026-09-13 00:12:08,239 [INFO] __main__: 击打后继续仿真 20 步...
