__STEP_TIMING__: n=241 p50=0.25 p95=0.52 p99=4.49 max=30.65 n_over_period=2 period_ms=5.00

========================================
  RM-65 击打成功！（主动击球，pos_error=0.1058m）
  [V12 EpisodeRunner 管线架构]
  ablation: full
  击打目标位置: [-0.757 -0.533  0.804]
  末端实际位置: [-0.647 -0.577  0.872]
  规划跟踪误差: 0.1377 m
  速度误差: 1.9477 m/s
  MPC 总步数: 262
  --- Tube 专用指标 ---
  最小球拍-球距离: 0.1058 m
  ball_near 步数: 7 = 35.0 ms
  tube_ready 步数: 21 = 105.0 ms
  击打时间误差: 15.0 ms
  击打位置误差: 0.1058 m
  --- 计算性能 ---
  总墙钟时间: 1.11s (MPC=1.11s)
  --- 执行层约束 ---
  max_qdot=0.99x, max_tcp=1.8m/s, max_face=1.9m/s
  击球类型: 主动击球
========================================

__RESULT__: pos_error=0.105769 vel_error=1.947750 min_dist=0.105769 ball_near_ms=35.0 tube_ready_ms=105.0 max_tcp=1.78 max_qdot=0.99 max_face=1.9 hit_type=active hit_time_error_ms=15.0 hit_pos_error=0.105769 v_racket_at_hit=1.696
2026-09-11 14:19:09,212 [INFO] __main__: [ablation] mode=full
2026-09-11 14:19:09,219 [INFO] __main__: serve-box auto params: horizon=120, iter=10, first_plan_iters=30, total_horizon=250, replan_interval=20, near_plan_iters=5
2026-09-11 14:19:09,237 [INFO] __main__: 关节限位: 仿真默认(default.yaml), TCP=1.8 m/s, terminal_exempt=20
2026-09-11 14:19:09,237 [INFO] __main__: 球拍初始位置: [-0.24136342  0.63027058  1.45576659]
2026-09-11 14:19:09,237 [DEBUG] src.tennis.ball: serve_box bounce (attempt=1): p0_z=1.31, vz0=-2.6, spd=9.0, t1=0.309, t2=0.596, z_err=0.11
2026-09-11 14:19:09,244 [INFO] __main__: 击打步数: 181, 击打位置: [-0.75737652 -0.53252744  0.80399226]
2026-09-11 14:19:09,244 [INFO] __main__: 随挥方向: [ 0.311 -0.933  0.184], 随挥步数: 60
2026-09-11 14:19:09,254 [INFO] __main__: 候选窗口已构建: best_k=181, candidates=9
2026-09-11 14:19:09,255 [INFO] src.cpp.solver_cpp: iLQR C++ 加速模块已加载
2026-09-11 14:19:09,255 [INFO] __main__: 开始 V12 EpisodeRunner，总步数=310 (MPC=250, 随挥=60)，击打步数=181
2026-09-11 14:19:09,256 [INFO] src.ilqt.async_replanner: AsyncReplanner: 后台规划线程已启动
2026-09-11 14:19:09,277 [INFO] src.ilqt.async_replanner: AsyncReplanner: 规划环境已创建（独立 MjData）
2026-09-11 14:19:09,278 [INFO] src.ilqt.async_replanner: AsyncReplanner: 规划环境已创建（独立 MjData）
2026-09-11 14:19:09,301 [DEBUG] src.ilqt.tube_cost: [Softmin诊断] 候选权重TOP3: k=181:w=0.128, k=182:w=0.128, k=180:w=0.128
2026-09-11 14:19:10,202 [INFO] src.ilqt.mpc_controller: REPLAN step=0 k_hit=181 iters=30 horizon=120 t=925ms
2026-09-11 14:19:10,203 [INFO] src.ilqt.mpc_controller: MPCController.start 完成: k_hit=181, p_hit=[-0.757 -0.533  0.804], buffer=120
2026-09-11 14:19:10,207 [DEBUG] src.ilqt.replan_core: FAR_JT step=0 k_hit=181 (JT gain=60, skip iLQR)
2026-09-11 14:19:10,207 [DEBUG] src.ilqt.mpc_controller: REPLAN step=0 k_hit=181 iters=0 horizon=0 t=4ms
2026-09-11 14:19:10,207 [DEBUG] src.ilqt.mpc_controller: MPCController.step 0: replan k_hit=181 refine=feasible buffer=20
2026-09-11 14:19:10,216 [DEBUG] src.ilqt.replan_core: FAR_JT step=20 k_hit=161 (JT gain=60, skip iLQR)
2026-09-11 14:19:10,216 [DEBUG] src.ilqt.mpc_controller: REPLAN step=20 k_hit=161 iters=0 horizon=0 t=4ms
2026-09-11 14:19:10,216 [DEBUG] src.ilqt.mpc_controller: MPCController.step 20: replan k_hit=161 refine=feasible buffer=20
2026-09-11 14:19:10,225 [DEBUG] src.ilqt.replan_core: FAR_JT step=40 k_hit=141 (JT gain=60, skip iLQR)
2026-09-11 14:19:10,225 [DEBUG] src.ilqt.mpc_controller: REPLAN step=40 k_hit=141 iters=0 horizon=0 t=4ms
2026-09-11 14:19:10,225 [DEBUG] src.ilqt.mpc_controller: MPCController.step 40: replan k_hit=141 refine=feasible buffer=20
2026-09-11 14:19:10,234 [DEBUG] src.ilqt.replan_core: FAR_JT step=60 k_hit=121 (JT gain=60, skip iLQR)
2026-09-11 14:19:10,234 [DEBUG] src.ilqt.mpc_controller: REPLAN step=60 k_hit=121 iters=0 horizon=0 t=4ms
2026-09-11 14:19:10,235 [DEBUG] src.ilqt.mpc_controller: MPCController.step 60: replan k_hit=121 refine=feasible buffer=20
2026-09-11 14:19:10,243 [DEBUG] src.ilqt.replan_core: FAR_JT step=80 k_hit=101 (JT gain=60, skip iLQR)
2026-09-11 14:19:10,243 [DEBUG] src.ilqt.mpc_controller: REPLAN step=80 k_hit=101 iters=0 horizon=0 t=3ms
2026-09-11 14:19:10,244 [DEBUG] src.ilqt.mpc_controller: MPCController.step 80: replan k_hit=101 refine=feasible buffer=20
2026-09-11 14:19:10,252 [DEBUG] src.ilqt.replan_core: FAR_JT step=100 k_hit=81 (JT gain=60, skip iLQR)
2026-09-11 14:19:10,252 [DEBUG] src.ilqt.mpc_controller: REPLAN step=100 k_hit=81 iters=0 horizon=0 t=3ms
2026-09-11 14:19:10,252 [DEBUG] src.ilqt.mpc_controller: MPCController.step 100: replan k_hit=81 refine=feasible buffer=20
2026-09-11 14:19:10,260 [DEBUG] src.ilqt.replan_core: FAR_JT step=120 k_hit=61 (JT gain=60, skip iLQR)
2026-09-11 14:19:10,260 [DEBUG] src.ilqt.mpc_controller: REPLAN step=120 k_hit=61 iters=0 horizon=0 t=3ms
2026-09-11 14:19:10,261 [DEBUG] src.ilqt.mpc_controller: MPCController.step 120: replan k_hit=61 refine=feasible buffer=20
2026-09-11 14:19:10,274 [DEBUG] src.ilqt.tube_cost: [Softmin诊断] 候选权重TOP3: k=41:w=0.128, k=42:w=0.128, k=40:w=0.128
2026-09-11 14:19:10,296 [DEBUG] src.ilqt.mpc_controller: REPLAN step=140 k_hit=41 iters=5 horizon=41 t=30ms
2026-09-11 14:19:10,296 [INFO] src.ilqt.strategies.hit_point_refiner: [HIT_LOCK] k_hit=41 ≤ 60, 锁定击球点不再替换
2026-09-11 14:19:10,296 [DEBUG] src.ilqt.mpc_controller: MPCController.step 140: replan k_hit=41 refine=locked buffer=20
2026-09-11 14:19:10,300 [INFO] src.ilqt.components.predictive_safety: [SAFETY_FILTER] beta=0.8: qdot entering overspeed, joint=5, |qdot|=4.05 > 3.93
2026-09-11 14:19:10,300 [INFO] src.ilqt.components.predictive_safety: [SAFETY_FILTER] beta=0.2: qdot entering overspeed, joint=5, |qdot|=5.62 > 3.93
2026-09-11 14:19:10,301 [INFO] src.ilqt.components.predictive_safety: [SAFETY_FILTER] beta=0.0: qdot entering overspeed, joint=5, |qdot|=5.89 > 3.93
2026-09-11 14:19:10,302 [INFO] src.ilqt.components.predictive_safety: [SAFETY_FILTER] beta=0.8: qdot entering overspeed, joint=1, |qdot|=3.15 > 3.14
2026-09-11 14:19:10,309 [DEBUG] src.ilqt.tube_cost: [Softmin诊断] 候选权重TOP3: k=21:w=0.128, k=22:w=0.128, k=20:w=0.128
2026-09-11 14:19:10,321 [DEBUG] src.ilqt.mpc_controller: REPLAN step=160 k_hit=21 iters=5 horizon=21 t=19ms
2026-09-11 14:19:10,321 [DEBUG] src.ilqt.mpc_controller: MPCController.step 160: replan k_hit=21 refine=locked buffer=20
2026-09-11 14:19:10,322 [INFO] src.ilqt.components.predictive_safety: [SAFETY_FILTER] beta=0.4: qdot entering overspeed, joint=5, |qdot|=5.18 > 3.93
2026-09-11 14:19:10,322 [INFO] src.ilqt.components.predictive_safety: [SAFETY_FILTER] beta=0.8: qdot entering overspeed, joint=1, |qdot|=3.19 > 3.14
2026-09-11 14:19:10,324 [INFO] src.ilqt.components.predictive_safety: [SAFETY_FILTER] beta=0.8: qdot entering overspeed, joint=1, |qdot|=3.27 > 3.14
2026-09-11 14:19:10,324 [INFO] src.ilqt.components.predictive_safety: [SAFETY_FILTER] beta=0.2: qdot entering overspeed, joint=1, |qdot|=3.78 > 3.14
2026-09-11 14:19:10,326 [INFO] src.ilqt.components.predictive_safety: [SAFETY_FILTER] beta=0.4: tcp speed 1.90 > 1.80 m/s
2026-09-11 14:19:10,327 [INFO] src.ilqt.components.predictive_safety: [SAFETY_FILTER] beta=0.8: tcp speed 1.82 > 1.80 m/s
2026-09-11 14:19:10,327 [INFO] src.ilqt.components.predictive_safety: [SAFETY_FILTER] beta=0.2: qdot entering overspeed, joint=2, |qdot|=4.64 > 3.93
2026-09-11 14:19:10,328 [INFO] src.ilqt.components.predictive_safety: [SAFETY_FILTER] beta=0.0: qdot entering overspeed, joint=1, |qdot|=3.17 > 3.14
2026-09-11 14:19:10,329 [INFO] src.ilqt.strategies.follow_through: 随挥触发: step=180, steps=60
2026-09-11 14:19:10,346 [INFO] src.ilqt.async_replanner: AsyncReplanner: 后台规划线程已停止
2026-09-11 14:19:10,346 [INFO] src.ilqt.episode_runner: EpisodeRunner 完成: total_steps=242 safe_steps=242 mpc_done=True
2026-09-11 14:19:10,346 [DEBUG] src.ilqt.episode_runner: EpisodeRunner metrics 详情: {'total_steps': 242, 'safe_steps': 242, 'mpc_done': True, 'X_history': [array([-1.5  ,  1.57 , -0.236,  0.404,  0.446,  2.45 ,  0.   ,  0.   ,
        0.   ,  0.   ,  0.   ,  0.   ]), array([ 3.40276323e-01,  1.57506605e+00, -2.92753735e-01, -1.22063861e-01,
        2.52107783e-01,  2.44999438e+00, -1.48326918e-02, -3.87495751e-02,
       -2.22777330e-03,  5.02902978e-04, -1.33776863e-02, -1.12370843e-03]), array([ 3.40130146e-01,  1.57468663e+00, -2.92785000e-01, -1.22058826e-01,
        2.51981294e-01,  2.44998540e+00, -2.92354187e-02, -7.58830407e-02,
       -6.25307428e-03,  1.00703962e-03, -2.52978520e-02, -1.79554626e-03]), array([ 3.39914086e-01,  1.57412916e+00, -2.92843778e-01, -1.22051251e-01,
        2.51800543e-01,  2.44997431e+00, -4.32119483e-02, -1.11493155e-01,
       -1.17556779e-02,  1.51505116e-03, -3.61500813e-02, -2.21787779e-03]), array([ 3.39630246e-01,  1.57340082e+00, -2.92936124e-01, -1.22041126e-01,
        2.51569473e-01,  2.44996181e+00, -5.67679729e-02, -1.45668397e-01,
       -1.84690966e-02,  2.02485738e-03, -4.62140070e-02, -2.50166327e-03]), array([ 0.33928069,  1.57250836, -0.29306697, -0.12202846,  0.25129103,
        2.44994827, -0.06991046, -0.17849204, -0.02616999,  0.00253284,
       -0.05568879, -0.00270786]), array([ 0.33886746,  1.57145815, -0.29324032, -0.12201329,  0.25096746,
        2.44993392, -0.08264719, -0.21004166, -0.0346699 ,  0.00303529,
       -0.06471468, -0.00287001]), array([ 0.33839253,  1.57025621, -0.29345937, -0.12199564,  0.25060051,
        2.44991888, -0.09498638, -0.24038902, -0.04380882,  0.00352893,
       -0.07338875, -0.00300663]), array([ 0.33785784,  1.56890821, -0.29372662, -0.12197559,  0.25019163,
        2.44990324, -0.10693646, -0.26960008, -0.05345003,  0.00401112,
       -0.08177637, -0.00312798]), array([ 0.33726531,  1.56741953, -0.294044  , -0.12195319,  0.24974203,
        2.44988704, -0.11850585, -0.29773517, -0.06347604,  0.00447977,
       -0.0899196 , -0.00323976]), array([ 0.3366168 ,  1.56579529, -0.29441292, -0.12192852,  0.24925282,
        2.44987032, -0.12970287, -0.32484928, -0.07378529,  0.0049333 ,
       -0.09784338, -0.00334514]), array([ 0.33591412,  1.56404032, -0.29483437, -0.12190167,  0.24872501,
        2.44985309, -0.14053563, -0.35099233, -0.08428955,  0.00537049,
       -0.10556013, -0.00344593]), array([ 0.33515906,  1.56215928, -0.29530893, -0.12187272,  0.24815965,
        2.44983537, -0.15101197, -0.37620948, -0.09491176,  0.00579041,
       -0.1130732 , -0.00354316]), array([ 0.33435337,  1.56015657, -0.29583685, -0.12184175,  0.24755775,
        2.44981719, -0.16113939, -0.40054151, -0.10558427,  0.00619232,
       -0.12037937, -0.00363746]), array([ 0.33349874,  1.55803644, -0.29641809, -0.12180888,  0.2469204 ,
        2.44979854, -0.17092508, -0.42402509, -0.11624744,  0.00657563,
       -0.12747076, -0.00372919]), array([ 0.33259686,  1.55580298, -0.29705233, -0.12177418,  0.24624872,
        2.44977945, -0.18037583, -0.44669315, -0.12684844,  0.00693984,
       -0.13433617, -0.00381862]), array([ 0.33164937,  1.5534601 , -0.29773903, -0.12173775,  0.24554391,
        2.44975992, -0.18949807, -0.46857513, -0.13734023,  0.00728451,
       -0.14096214, -0.00390592]), array([ 0.33065788,  1.55101162, -0.29847744, -0.12169971,  0.24480724,
        2.44973996, -0.19829784, -0.48969728, -0.14768076,  0.00760924,
       -0.14733361, -0.00399125]), array([ 0.32962398,  1.5484612 , -0.2992666 , -0.12166014,  0.24404007,
        2.44971959, -0.20678078, -0.51008293, -0.15783229,  0.00791361,
       -0.1534345 , -0.00407475]), array([ 0.32854922,  1.54581244, -0.3001054 , -0.12161915,  0.24324383,
        2.44969881, -0.21495215, -0.52975272, -0.16776072,  0.00819725,
       -0.15924809, -0.00415654]), array([ 0.32743513,  1.54306881, -0.30099258, -0.12157685,  0.24242004,
        2.44967762, -0.22281681, -0.54872484, -0.17743519,  0.00845977,
       -0.1647573 , -0.00423676]), array([ 0.32628337,  1.5402337 , -0.30192687, -0.12153346,  0.24156973,
        2.4496561 , -0.23035262, -0.56702259, -0.18685898,  0.00867887,
       -0.17006197, -0.00430367]), array([ 0.32509542,  1.53731042, -0.30290677, -0.12148906,  0.24069467,
        2.44963423, -0.23758931, -0.58465644, -0.1959801 ,  0.00887926,
       -0.17501261, -0.00437448]), array([ 0.32387277,  1.53430223, -0.30393064, -0.12144377,  0.23979668,
        2.449612  , -0.24453053, -0.60163793, -0.20477398,  0.00905957,
       -0.17959676, -0.00444683]), array([ 0.32261687,  1.53121234, -0.30499673, -0.12139767,  0.23887768,
        2.4495894 , -0.25117961, -0.61797698, -0.21321818,  0.00921871,
       -0.183801  , -0.00451954]), array([ 0.32132917,  1.52804393, -0.30610319, -0.12135089,  0.23793962,
        2.44956644, -0.25753957, -0.63368198, -0.22129211,  0.00935583,
       -0.18761136, -0.00459206]), array([ 0.32001111,  1.52480013, -0.30724808, -0.12130354,  0.23698455,
        2.44954312, -0.26361311, -0.64875991, -0.22897674,  0.00947019,
       -0.19101368, -0.00466419]), array([ 0.3186641 ,  1.52148405, -0.30842935, -0.12125574,  0.23601458,
        2.44951944, -0.26940266, -0.66321646, -0.23625448,  0.00956118,
       -0.19399381, -0.00473589]), array([ 0.31728954,  1.51809877, -0.3096449 , -0.1212076 ,  0.23503189,
        2.4494954 , -0.27491036, -0.67705616, -0.24310898,  0.00962827,
       -0.19653783, -0.00480723]), array([ 0.31588885,  1.51464736, -0.31089252, -0.12115924,  0.23403873,
        2.44947101, -0.28013806, -0.69028243, -0.24952501,  0.009671  ,
       -0.19863224, -0.00487831]), array([ 0.31446342,  1.51113287, -0.31216996, -0.1211108 ,  0.23303741,
        2.44944626, -0.28508741, -0.70289774, -0.2554884 ,  0.00968895,
       -0.20026406, -0.00494926]), array([ 0.31301462,  1.50755835, -0.31347489, -0.12106239,  0.23203031,
        2.44942116, -0.28975979, -0.71490368, -0.26098596,  0.00968179,
       -0.20142099, -0.00502022]), array([ 0.31154384,  1.50392685, -0.31480492, -0.12101414,  0.23101985,
        2.44939571, -0.29415639, -0.72630106, -0.2660054 ,  0.00964921,
       -0.20209148, -0.00509132]), array([ 0.31005244,  1.5002414 , -0.3161576 , -0.12096619,  0.23000853,
        2.44936989, -0.2982782 , -0.73709001, -0.27053531,  0.00959096,
       -0.20226487, -0.00516269]), array([ 0.30854181,  1.49650505, -0.31753042, -0.12091865,  0.22899887,
        2.44934372, -0.30212605, -0.74727003, -0.27456516,  0.00950685,
       -0.20193141, -0.00523444]), array([ 0.30701331,  1.49272085, -0.31892085, -0.12087167,  0.22799346,
        2.44931719, -0.30570062, -0.75684013, -0.27808525,  0.00939673,
       -0.20108242, -0.00530669]), array([ 0.3054683 ,  1.48889185, -0.32032628, -0.12082537,  0.22699491,
        2.44929029, -0.30900248, -0.76579891, -0.28108676,  0.00926048,
       -0.19971032, -0.00537952]), array([ 0.30390814,  1.48502113, -0.32174409, -0.12077987,  0.22600586,
        2.44926302, -0.31203206, -0.77414461, -0.28356168,  0.00909807,
       -0.19780871, -0.00545302]), array([ 0.30233419,  1.48111175, -0.3231716 , -0.12073533,  0.225029  ,
        2.44923539, -0.31478976, -0.7818752 , -0.28550289,  0.00890948,
       -0.19537242, -0.00552726]), array([ 0.30074781,  1.47716681, -0.32460612, -0.12069185,  0.22406701,
        2.44920738, -0.31727591, -0.78898848, -0.28690417,  0.00869476,
       -0.1923976 , -0.00560227]), array([ 0.29915036,  1.4731894 , -0.32604493, -0.12064958,  0.2231226 ,
        2.44917899, -0.31949081, -0.79548218, -0.28776016,  0.00845401,
       -0.18888177, -0.0056781 ]), array([ 0.29754355,  1.46918258, -0.32748543, -0.12060893,  0.22219806,
        2.44915033, -0.32136041, -0.80136307, -0.28810004,  0.00813122,
       -0.18490931, -0.00573146]), array([ 0.29592876,  1.46514947, -0.32892487, -0.12056996,  0.22129616,
        2.44912134, -0.32295879, -0.80662285, -0.28788897,  0.00779293,
       -0.18037957, -0.00579725]), array([ 0.29430733,  1.46109317, -0.33036049, -0.12053278,  0.22041967,
        2.44909199, -0.32428638, -0.81125895, -0.28712365,  0.00743679,
       -0.17529838, -0.00586987]), array([ 0.29268061,  1.45701683, -0.3317895 , -0.12049747,  0.21957131,
        2.44906226, -0.32534372, -0.81526912, -0.28580203,  0.00706124,
       -0.16967204, -0.00594635]), array([ 0.29104995,  1.45292357, -0.33320912, -0.12046415,  0.21875377,
        2.44903214, -0.32613144, -0.81865141, -0.28392327,  0.00666525,
       -0.16350759, -0.00602506]), array([ 0.2894167 ,  1.44881655, -0.33461655, -0.12043291,  0.2179697 ,
        2.44900161, -0.32665032, -0.82140434, -0.28148768,  0.00624821,
       -0.15681304, -0.00610513]), array([ 0.28778219,  1.44469892, -0.33600904, -0.12040386,  0.21722172,
        2.44897068, -0.32690131, -0.82352685, -0.27849677,  0.0058098 ,
       -0.14959754, -0.00618608]), array([ 0.28614777,  1.44057382, -0.3373838 , -0.12037711,  0.21651236,
        2.44893934, -0.32688554, -0.82501842, -0.2749532 ,  0.00534992,
       -0.14187149, -0.0062676 ]), array([ 0.28451474,  1.43644443, -0.33873811, -0.12035276,  0.21584412,
        2.44890759, -0.32660437, -0.8258791 , -0.27086078,  0.00486866,
       -0.13364658, -0.00634948]), array([ 0.28288445,  1.43231388, -0.34006923, -0.12033093,  0.21521945,
        2.44887544, -0.32605938, -0.8261096 , -0.26622448,  0.00436624,
       -0.12493588, -0.00643156]), array([ 0.28125819,  1.42818532, -0.34137448, -0.12031172,  0.21464068,
        2.44884287, -0.32525243, -0.82571129, -0.26105045,  0.00384299,
       -0.11575385, -0.0065137 ]), array([ 0.27963726,  1.42406189, -0.34265121, -0.12029522,  0.21411009,
        2.44880989, -0.32418566, -0.8246863 , -0.25534598,  0.00329937,
       -0.1061163 , -0.00659572]), array([ 0.27802295,  1.4199467 , -0.34389681, -0.12028154,  0.21362989,
        2.4487765 , -0.32286151, -0.82303753, -0.24911953,  0.00273588,
       -0.09604042, -0.00667748]), array([ 2.76416536e-01,  1.41584286e+00, -3.45108713e-01, -1.20270776e-01,
        2.13202169e-01,  2.44874271e+00, -3.21282743e-01, -8.20768717e-01,
       -2.42380691e-01,  2.15310727e-03, -8.55447464e-02, -6.75880700e-03]), array([ 2.74819273e-01,  1.41175344e+00, -3.46284414e-01, -1.20263017e-01,
        2.12828924e-01,  2.44870851e+00, -3.19452487e-01, -8.17884487e-01,
       -2.35140212e-01,  1.55169090e-03, -7.46490786e-02, -6.83950918e-03]), array([ 2.73232402e-01,  1.40768149e+00, -3.47421464e-01, -1.20258356e-01,
        2.12512051e-01,  2.44867391e+00, -3.17374210e-01, -8.14390361e-01,
       -2.27409960e-01,  9.32317919e-04, -6.33744679e-02, -6.91939811e-03]), array([ 2.71657144e-01,  1.40363002e+00, -3.48517479e-01, -1.20256877e-01,
        2.12253336e-01,  2.44863892e+00, -3.15051760e-01, -8.10292801e-01,
       -2.19202911e-01,  2.95716443e-04, -5.17431354e-02, -6.99827249e-03]), array([ 2.70094697e-01,  1.39960203e+00, -3.49570144e-01, -1.20258664e-01,
        2.12054444e-01,  2.44860354e+00, -3.12489371e-01, -8.05599240e-01,
       -2.10533127e-01, -3.57350278e-04, -3.97784051e-02, -7.07592381e-03]), array([ 2.68546238e-01,  1.39560044e+00, -3.50577223e-01, -1.20263794e-01,
        2.11916920e-01,  2.44856778e+00, -3.09691671e-01, -8.00318095e-01,
       -2.01415724e-01, -1.02608886e-03, -2.75046252e-02, -7.15213805e-03]), array([ 2.67012920e-01,  1.39162814e+00, -3.51536557e-01, -1.20272343e-01,
        2.11842185e-01,  2.44853165e+00, -3.06663691e-01, -7.94458788e-01,
       -1.91866846e-01, -1.70968000e-03, -1.49470841e-02, -7.22669748e-03]), array([ 2.65494482e-01,  1.38768830e+00, -3.52444874e-01, -1.20283410e-01,
        2.11835969e-01,  2.44849459e+00, -3.03687603e-01, -7.87968619e-01,
       -1.81663276e-01, -2.21356406e-03, -1.24323417e-03, -7.41129116e-03]), array([ 0.26399205,  1.38378382, -0.35330009, -0.12029726,  0.21189848,
        2.44845691, -0.30048592, -0.78089582, -0.17104273, -0.00277039,
        0.01250139, -0.00753722]), array([ 0.26250672,  1.37991753, -0.35410026, -0.12031411,  0.21203001,
        2.44841875, -0.29706553, -0.77325819, -0.16003416, -0.00336857,
        0.02630619, -0.00763112]), array([ 0.26103956,  1.37609216, -0.35484358, -0.1203341 ,  0.2122309 ,
        2.44838022, -0.29343352, -0.76507347, -0.14866449, -0.00399972,
        0.04017768, -0.00770711]), array([ 0.25959157,  1.37231036, -0.35552838, -0.12035739,  0.21250146,
        2.44834135, -0.2895972 , -0.75635958, -0.13695939, -0.0046576 ,
        0.05411283, -0.00777258]), array([ 0.25816375,  1.36857469, -0.3561531 , -0.12038408,  0.21284197,
        2.4483022 , -0.28556419, -0.7471348 , -0.12494374, -0.00533744,
        0.06810158, -0.00783129]), array([ 0.25675704,  1.3648876 , -0.35671631, -0.12041426,  0.21325261,
        2.44826277, -0.28134236, -0.73741787, -0.11264204, -0.00603544,
        0.08212871, -0.00788507]), array([ 0.25537234,  1.36125146, -0.3572167 , -0.120448  ,  0.21373349,
        2.4482231 , -0.27693994, -0.72722811, -0.1000786 , -0.00674856,
        0.09617519, -0.00793476]), array([ 0.25401051,  1.35766853, -0.35765309, -0.12048537,  0.21428458,
        2.44818319, -0.27236543, -0.7165854 , -0.08727778, -0.00747427,
        0.11021933, -0.00798066]), array([ 0.25267237,  1.35414098, -0.35802441, -0.12052642,  0.21490577,
        2.44814308, -0.26762765, -0.70551025, -0.07426399, -0.00821042,
        0.12423752, -0.00802283]), array([ 0.25135869,  1.35067086, -0.35832972, -0.1205712 ,  0.2155968 ,
        2.44810277, -0.26273568, -0.6940238 , -0.06106182, -0.00895516,
        0.13820489, -0.00806119]), array([ 0.2500702 ,  1.34726012, -0.3585682 , -0.12061973,  0.21635727,
        2.4480623 , -0.25769891, -0.68214778, -0.04769598, -0.00970683,
        0.15209578, -0.00809562]), array([ 0.24880757,  1.3439106 , -0.35873915, -0.12067205,  0.21718669,
        2.44802167, -0.25252694, -0.66990451, -0.03419136, -0.01046397,
        0.16588414, -0.00812599]), array([ 0.24757142,  1.34062402, -0.35884202, -0.12072818,  0.21808441,
        2.4479809 , -0.24722961, -0.65731685, -0.02057294, -0.01122522,
        0.17954384, -0.00815216]), array([ 0.24636233,  1.33740198, -0.35887635, -0.12078812,  0.21904966,
        2.44794003, -0.24181698, -0.64440814, -0.00686576, -0.01198931,
        0.1930489 , -0.00817404]), array([ 0.24518084,  1.33424597, -0.35884182, -0.1208519 ,  0.22008153,
        2.44789908, -0.23629923, -0.6312022 ,  0.00690508, -0.01275508,
        0.20637371, -0.00819155]), array([ 0.2440274 ,  1.33115735, -0.35873825, -0.12091951,  0.22117899,
        2.44785805, -0.23068672, -0.61772322,  0.02071459, -0.01352139,
        0.21949319, -0.00820461]), array([ 0.24290245,  1.32813737, -0.35856556, -0.12099094,  0.22234091,
        2.44781699, -0.2249899 , -0.60399573,  0.03453782, -0.01428716,
        0.23238295, -0.00821319]), array([ 0.24180636,  1.32518715, -0.35832381, -0.1210662 ,  0.223566  ,
        2.4477759 , -0.21921928, -0.59004452,  0.04835005, -0.01505135,
        0.24501938, -0.00821728]), array([ 0.24073943,  1.32230768, -0.35801318, -0.12114526,  0.2248529 ,
        2.44773482, -0.21338544, -0.57589459,  0.06212676, -0.01581294,
        0.25737981, -0.00821688]), array([ 0.23970194,  1.31949982, -0.35763396, -0.12122812,  0.22620012,
        2.44769376, -0.20749893, -0.56157109,  0.07584378, -0.01657096,
        0.26944252, -0.00821203]), array([ 0.23869408,  1.31676432, -0.35718657, -0.12131474,  0.22760605,
        2.44765274, -0.20157031, -0.54709922,  0.08947727, -0.01732443,
        0.2811869 , -0.00820277]), array([ 0.23771603,  1.3141018 , -0.35667155, -0.1214051 ,  0.22906902,
        2.4476118 , -0.19561004, -0.5325042 ,  0.10300387, -0.01807241,
        0.29259347, -0.00818917]), array([ 0.23676789,  1.31151275, -0.35608955, -0.12149917,  0.23058724,
        2.44757094, -0.18962851, -0.51781117,  0.1164007 , -0.01881399,
        0.30364394, -0.00817133]), array([ 0.23584971,  1.30899752, -0.35544132, -0.12159691,  0.23215884,
        2.44753019, -0.18363598, -0.50304515,  0.12964545, -0.01954825,
        0.31432127, -0.00814935]), array([ 0.2349615 ,  1.30655637, -0.35472774, -0.12169829,  0.23378189,
        2.44748958, -0.17764253, -0.48823096,  0.14271645, -0.02027432,
        0.32460971, -0.00812335]), array([ 0.23410321,  1.3041894 , -0.35394977, -0.12180324,  0.23545437,
        2.44744911, -0.17165808, -0.47339314,  0.15559268, -0.02099133,
        0.33449482, -0.00809348]), array([ 0.23327475,  1.30189662, -0.35310851, -0.12191174,  0.23717418,
        2.44740881, -0.1656923 , -0.45855594,  0.16825386, -0.02169845,
        0.34396352, -0.00805989]), array([ 0.23247597,  1.29967791, -0.3522051 , -0.12202371,  0.23893921,
        2.4473687 , -0.15975465, -0.4437432 ,  0.18068051, -0.02239485,
        0.35300406, -0.00802274]), array([ 0.2317067 ,  1.29753301, -0.35124083, -0.12213911,  0.24074724,
        2.44732878, -0.15385427, -0.42897831,  0.19285395, -0.02307976,
        0.36160609, -0.00798222]), array([ 0.2309667 ,  1.29546159, -0.35021705, -0.12225787,  0.24259604,
        2.44728909, -0.14800006, -0.41428419,  0.20475638, -0.0237524 ,
        0.36976064, -0.00793851]), array([ 0.2302557 ,  1.29346318, -0.3491352 , -0.12237993,  0.24448334,
        2.44724963, -0.14220055, -0.39968318,  0.21637088, -0.02441205,
        0.3774601 , -0.00789183]), array([ 0.22957338,  1.29153719, -0.34799679, -0.12250522,  0.24640683,
        2.44721042, -0.13646397, -0.38519703,  0.2276815 , -0.02505801,
        0.38469825, -0.00784237]), array([ 0.22891939,  1.28968296, -0.34680342, -0.12263367,  0.24836418,
        2.44717147, -0.13079817, -0.37084685,  0.23867322, -0.02568961,
        0.39147021, -0.00779036]), array([ 0.22829333,  1.28789969, -0.34555676, -0.1227652 ,  0.25035304,
        2.44713279, -0.12521064, -0.35665305,  0.24933205, -0.02630623,
        0.39777244, -0.00773601]), array([ 0.22769479,  1.28618652, -0.34425854, -0.12289974,  0.25237106,
        2.44709439, -0.11970847, -0.34263533,  0.25964499, -0.02690728,
        0.40360273, -0.00767956]), array([ 0.2271233 ,  1.28454245, -0.34291054, -0.1230372 ,  0.25441586,
        2.44705629, -0.11429838, -0.32881259,  0.26960007, -0.02749222,
        0.40896016, -0.00762123]), array([ 0.22657837,  1.28296644, -0.34151461, -0.1231775 ,  0.25648508,
        2.44701848, -0.10898666, -0.31520297,  0.27918637, -0.02806053,
        0.41384504, -0.00756126]), array([ 0.22605947,  1.28145732, -0.34007264, -0.12332056,  0.25857638,
        2.44698098, -0.10377919, -0.30182375,  0.28839403, -0.02861177,
        0.41825892, -0.00749988]), array([ 0.22556606,  1.28001386, -0.33858656, -0.12346629,  0.2606874 ,
        2.44694379, -0.09868143, -0.28869139,  0.29721424, -0.0291455 ,
        0.42220453, -0.00743732]), array([ 0.22509757,  1.27863475, -0.33705837, -0.12361459,  0.26281583,
        2.44690692, -0.09369842, -0.27582146,  0.30563924, -0.02966138,
        0.4256857 , -0.00737381]), array([ 0.2246534 ,  1.27731861, -0.33549006, -0.12376539,  0.26495937,
        2.44687038, -0.08883479, -0.26322863,  0.31366236, -0.03015908,
        0.42870739, -0.00730959]), array([ 0.22423292,  1.27606398, -0.33388367, -0.12391858,  0.26711574,
        2.44683415, -0.08409472, -0.25092668,  0.32127795, -0.03063834,
        0.43127554, -0.00724489]), array([ 0.22383551,  1.27486934, -0.33224126, -0.12407407,  0.26928273,
        2.44679825, -0.079482  , -0.23892846,  0.32848142, -0.03109893,
        0.43339712, -0.00717991]), array([ 0.22346051,  1.27373311, -0.33056491, -0.12423178,  0.27145813,
        2.44676268, -0.07499996, -0.22724589,  0.33526921, -0.03154068,
        0.43507998, -0.00711489]), array([ 0.22310726,  1.27265366, -0.32885672, -0.1243916 ,  0.27363979,
        2.44672743, -0.07065157, -0.21588998,  0.34163877, -0.03196349,
        0.43633286, -0.00705002]), array([ 0.22277506,  1.2716293 , -0.32711878, -0.12455343,  0.27582562,
        2.4466925 , -0.06643936, -0.20487079,  0.34758853, -0.03236728,
        0.43716528, -0.00698552]), array([ 0.22246323,  1.27065832, -0.32535319, -0.12471719,  0.27801356,
        2.44665789, -0.06236547, -0.19419744,  0.35311791, -0.03275204,
        0.43758753, -0.00692157]), array([ 0.22217107,  1.26973892, -0.32356205, -0.12488278,  0.28020161,
        2.4466236 , -0.05843167, -0.18387813,  0.35822727, -0.03311779,
        0.43761056, -0.00685838]), array([ 0.22189788,  1.26886932, -0.32174746, -0.1250501 ,  0.28238784,
        2.44658962, -0.05463934, -0.17392015,  0.36291788, -0.03346462,
        0.43724595, -0.00679611]), array([ 0.22164293,  1.26804767, -0.3199115 , -0.12521907,  0.28457037,
        2.44655595, -0.05098949, -0.16432985,  0.36719189, -0.03379265,
        0.43650584, -0.00673494]), array([ 0.22140552,  1.26727211, -0.31805624, -0.12538958,  0.28674738,
        2.44652257, -0.04748279, -0.1551127 ,  0.37105233, -0.03410205,
        0.43540286, -0.00667504]), array([ 0.22118492,  1.26654074, -0.31618373, -0.12556154,  0.28891713,
        2.44648949, -0.04411957, -0.14627327,  0.37450302, -0.03439303,
        0.43395006, -0.00661654]), array([ 0.22098042,  1.26585167, -0.31429598, -0.12573487,  0.29107794,
        2.44645669, -0.04089983, -0.13781526,  0.37754858, -0.03466586,
        0.4321609 , -0.0065596 ]), array([ 0.2207913 ,  1.26520296, -0.31239501, -0.12590948,  0.29322818,
        2.44642417, -0.03782325, -0.12974153,  0.38019436, -0.03492083,
        0.43004912, -0.00650434]), array([ 0.22061686,  1.26459269, -0.31048278, -0.12608527,  0.29536633,
        2.44639191, -0.03488924, -0.12205409,  0.38244643, -0.03515828,
        0.42762873, -0.00645089]), array([ 0.22045637,  1.26401892, -0.30856122, -0.12626216,  0.2974909 ,
        2.44635992, -0.03209689, -0.11475413,  0.38431151, -0.03537856,
        0.42491393, -0.00639937]), array([ 0.22030915,  1.26347971, -0.30663224, -0.12644007,  0.29960049,
        2.44632817, -0.02944507, -0.10784208,  0.38579694, -0.03558209,
        0.4219191 , -0.00634986]), array([ 0.22017449,  1.26297312, -0.30469768, -0.12661892,  0.30169379,
        2.44629665, -0.02693234, -0.10131758,  0.38691065, -0.03576931,
        0.41865867, -0.00630246]), array([ 0.2200517 ,  1.26249722, -0.30275938, -0.12679862,  0.30376952,
        2.44626537, -0.02455709, -0.09517953,  0.38766111, -0.03594066,
        0.41514714, -0.00625726]), array([ 0.21994011,  1.26205009, -0.30081909, -0.1269791 ,  0.30582652,
        2.4462343 , -0.02231743, -0.08942614,  0.38805728, -0.03609664,
        0.411399  , -0.00621432]), array([ 0.21983906,  1.26162982, -0.29887855, -0.12716029,  0.30786366,
        2.44620343, -0.02021129, -0.08405493,  0.38810855, -0.03623776,
        0.40742869, -0.0061737 ]), array([ 0.21974787,  1.2612345 , -0.29693942, -0.12734212,  0.30987991,
        2.44617275, -0.01823643, -0.07906274,  0.38782477, -0.03636456,
        0.40325056, -0.00613547]), array([ 0.21966592,  1.26086228, -0.29500334, -0.1275245 ,  0.31187431,
        2.44614225, -0.01639038, -0.07444582,  0.3872161 , -0.03647757,
        0.39887883, -0.00609965]), array([ 0.21959257,  1.26051128, -0.29307188, -0.12770739,  0.31384595,
        2.44611192, -0.01467056, -0.0701998 ,  0.38629308, -0.03657737,
        0.39432756, -0.0060663 ]), array([ 0.2195272 ,  1.26017968, -0.29114655, -0.12789071,  0.315794  ,
        2.44608174, -0.01307421, -0.06631976,  0.38506648, -0.03666454,
        0.3896106 , -0.00603542]), array([ 0.21946921,  1.25986568, -0.28922881, -0.12807441,  0.31771771,
        2.44605171, -0.01159845, -0.06280023,  0.38354737, -0.03673966,
        0.38474158, -0.00600705]), array([ 0.219418  ,  1.2595675 , -0.28732007, -0.12825843,  0.31961638,
        2.4460218 , -0.01024028, -0.05963526,  0.38174698, -0.03680333,
        0.37973386, -0.00598118]), array([ 0.21937302,  1.25928341, -0.28542169, -0.12844271,  0.32148938,
        2.44599201, -0.00899658, -0.05681842,  0.37967674, -0.03685616,
        0.37460051, -0.00595783]), array([ 0.2193337 ,  1.25901169, -0.28353495, -0.1286272 ,  0.32333615,
        2.44596233, -0.00786415, -0.05434283,  0.3773482 , -0.03689876,
        0.36935432, -0.00593699]), array([ 0.2192995 ,  1.25875069, -0.28166108, -0.12881186,  0.32515619,
        2.44593274, -0.00683969, -0.05220122,  0.37477301, -0.03693173,
        0.36400772, -0.00591865]), array([ 0.2192699 ,  1.25849876, -0.27980127, -0.12899664,  0.32694905,
        2.44590322, -0.00591985, -0.05038592,  0.37196287, -0.03695568,
        0.35857281, -0.00590278]), array([ 0.2192444 ,  1.25825431, -0.27795662, -0.1291815 ,  0.32871436,
        2.44587377, -0.0051012 , -0.04888894,  0.36892953, -0.03697123,
        0.35306135, -0.00588938]), array([ 0.2192225 ,  1.2580158 , -0.2761282 , -0.12936639,  0.33045178,
        2.44584438, -0.00438027, -0.04770195,  0.36568473, -0.03697897,
        0.3474847 , -0.00587841]), array([ 0.21920373,  1.25778172, -0.274317  , -0.12955129,  0.33216105,
        2.44581503, -0.00375354, -0.04681634,  0.36224019, -0.03697952,
        0.34185384, -0.00586983]), array([ 0.21918764,  1.25755061, -0.27252396, -0.12973616,  0.33384195,
        2.44578572, -0.00321749, -0.04622326,  0.35860757, -0.03697345,
        0.3361794 , -0.00586361]), array([ 0.2191738 ,  1.25732104, -0.27074997, -0.12992096,  0.33549431,
        2.44575642, -0.00276853, -0.04591361,  0.35479845, -0.03696136,
        0.33047157, -0.00585971]), array([ 2.19161783e-01,  1.25709165e+00, -2.68995847e-01, -1.30105681e-01,
        3.37118007e-01,  2.44572713e+00, -2.40310964e-03, -4.58780830e-02,
        3.50824303e-01, -3.69438220e-02,  3.24740158e-01, -5.85808806e-03]), array([ 2.19151194e-01,  1.25686111e+00, -2.67262364e-01, -1.30290288e-01,
        3.38712980e-01,  2.44569783e+00, -2.11763833e-03, -4.61072262e-02,
        3.46696476e-01, -3.69213988e-02,  3.18994589e-01, -5.85868686e-03]), array([ 2.19141652e-01,  1.25662815e+00, -2.65550233e-01, -1.30474762e-01,
        3.40279200e-01,  2.44566853e+00, -1.90854545e-03, -4.65914189e-02,
        3.42426171e-01, -3.68946441e-02,  3.13243871e-01, -5.86145819e-03]), array([ 0.22198301,  1.25818383, -0.26246779, -0.12570985,  0.34054487,
        2.45522539,  0.56827108,  0.31113472,  0.61648815,  0.95298263,
        0.05313338,  1.91137372]), array([ 0.22688118,  1.25560725, -0.25801893, -0.12303668,  0.34874323,
        2.4549516 ,  0.9796338 , -0.51531642,  0.8897731 ,  0.5346329 ,
        1.63967192, -0.0547589 ]), array([ 0.23250441,  1.24840915, -0.24904792, -0.12331615,  0.36118605,
        2.44514459,  1.12464679, -1.4396188 ,  1.79420208, -0.05589411,
        2.48856471, -1.96140108]), array([ 0.23875782,  1.24406921, -0.24122075, -0.11992716,  0.37214947,
        2.4452469 ,  1.25068173, -0.86798736,  1.56543386,  0.67779855,
        2.1926841 ,  0.02046068]), array([ 0.24499602,  1.24394826, -0.23704331, -0.12164678,  0.37910157,
        2.45610478,  1.24763974, -0.02419058,  0.83548803, -0.34392347,
        1.39041924,  2.17157663]), array([ 0.25161421,  1.24091704, -0.23193178, -0.11798784,  0.38690558,
        2.4558189 ,  1.32363943, -0.60624465,  1.02230564,  0.73178724,
        1.56080309, -0.05717646]), array([ 0.25786537,  1.23331525, -0.22245313, -0.11792893,  0.39911559,
        2.44594067,  1.25023079, -1.52035865,  1.89572888,  0.01178288,
        2.44200252, -1.97564548]), array([ 0.26440169,  1.22859268, -0.21428587, -0.11445451,  0.41016024,
        2.44596876,  1.30726352, -0.94451354,  1.6334536 ,  0.69488436,
        2.2089291 ,  0.00561725]), array([ 0.27129061,  1.2279272 , -0.20965457, -0.10764759,  0.4173798 ,
        2.45558839,  1.37778429, -0.13309566,  0.92626028,  1.36138345,
        1.44391216,  1.92392733]), array([ 0.27791282,  1.2246859 , -0.2045082 , -0.10444173,  0.42494979,
        2.45532291,  1.3244416 , -0.6482606 ,  1.02927395,  0.64117203,
        1.51399749, -0.05309674]), array([ 0.28467003,  1.216677  , -0.19494644, -0.09635246,  0.43751562,
        2.44430356,  1.35144391, -1.60177984,  1.91235059,  1.61785373,
        2.51316603, -2.20387043]), array([ 0.29103891,  1.21159825, -0.18647764, -0.09373842,  0.44876243,
        2.44442186,  1.27377516, -1.01574891,  1.69376151,  0.52280838,
        2.24936316,  0.02366053]), array([ 0.29775011,  1.20326773, -0.17652273, -0.08725405,  0.46185098,
        2.45438834,  1.34223926, -1.6661037 ,  1.99098089,  1.29687311,
        2.61771016,  1.99329514]), array([ 0.30423634,  1.19783932, -0.16836949, -0.08499878,  0.47250117,
        2.47251228,  1.29724579, -1.08568336,  1.6306482 ,  0.45105438,
        2.13003621,  3.62478882]), array([ 0.31056298,  1.19337907, -0.16118993, -0.08382349,  0.48196531,
        2.49203008,  1.26532786, -0.8920489 ,  1.43591201,  0.23505826,
        1.89282918,  3.90356054]), array([ 0.31671469,  1.18904627, -0.15429148, -0.08273584,  0.49095402,
        2.51073434,  1.23034212, -0.86656023,  1.37969018,  0.2175303 ,
        1.79774242,  3.74085181]), array([ 0.32351471,  1.1814888 , -0.14594715, -0.07638066,  0.50202467,
        2.51798034,  1.3600052 , -1.51149484,  1.66886566,  1.27103567,
        2.21412978,  1.44920029]), array([ 0.33077593,  1.16970781, -0.13352851, -0.06522892,  0.51590102,
        2.5142214 ,  1.45224333, -2.35619827,  2.483729  ,  2.23034828,
        2.77526967, -0.75178818]), array([ 0.33775565,  1.15483078, -0.11844329, -0.05814082,  0.53214306,
        2.51937039,  1.39594367, -2.97540519,  3.01704382,  1.41761889,
        3.24840796,  1.02979768]), array([ 0.34469941,  1.14311064, -0.10471264, -0.05595291,  0.54696434,
        2.53496694,  1.3887528 , -2.34402844,  2.74613015,  0.43758265,
        2.96425498,  3.11931009]), array([ 0.35213732,  1.13092753, -0.09169793, -0.05505933,  0.56085341,
        2.55430158,  1.48758128, -2.4366207 ,  2.60294121,  0.17871562,
        2.77781529,  3.86692797]), array([ 0.3596774 ,  1.11582563, -0.07629828, -0.05650406,  0.57692246,
        2.56509173,  1.50801718, -3.02038042,  3.07992942, -0.28894445,
        3.21380968,  2.15802897]), array([ 0.36781042,  1.10353395, -0.06173211, -0.05324897,  0.59268151,
        2.5644586 ,  1.62660253, -2.45833745,  2.91323473,  0.65101653,
        3.15181043, -0.12662624]), array([ 0.37554632,  1.09612272, -0.05198992, -0.05490524,  0.60359493,
        2.57455831,  1.54718118, -1.4822454 ,  1.94843774, -0.3312525 ,
        2.18268275,  2.01994316]), array([ 0.3837185 ,  1.09268985, -0.045501  , -0.05202664,  0.61133791,
        2.57335639,  1.6344352 , -0.6865745 ,  1.29778499,  0.57571876,
        1.54859682, -0.24038477]), array([ 0.39198747,  1.08547024, -0.03616173, -0.0457222 ,  0.62117215,
        2.58202868,  1.65379447, -1.44392031,  1.86785346,  1.26088905,
        1.96684709,  1.73445824]), array([ 0.39966314,  1.07388013, -0.02263423, -0.04311007,  0.63507174,
        2.58064727,  1.53513348, -2.3180236 ,  2.70549972,  0.52242492,
        2.77991843, -0.27628223]), array([ 0.40670601,  1.05854654, -0.0050392 , -0.04429656,  0.6523989 ,
        2.58792231,  1.40857517, -3.06671786,  3.51900507, -0.2372976 ,
        3.46543276,  1.45500782]), array([ 0.41364702,  1.04296028,  0.01247294, -0.04481687,  0.66931665,
        2.59683146,  1.38820125, -3.11725081,  3.50242845, -0.10406254,
        3.38354948,  1.7818313 ]), array([ 0.42129225,  1.030744  ,  0.02817463, -0.04074019,  0.68477207,
        2.59448174,  1.52904637, -2.44325662,  3.14033837,  0.81533663,
        3.09108499, -0.46994408]), array([ 0.42894495,  1.0224776 ,  0.04076448, -0.03292667,  0.69761392,
        2.58142605,  1.53053907, -1.65328062,  2.51796903,  1.56270291,
        2.56836967, -2.61113883]), array([ 0.43568244,  1.01053803,  0.05582062, -0.02296139,  0.71335249,
        2.57879305,  1.34749805, -2.38791257,  3.0112279 ,  1.99305678,
        3.14771274, -0.52659993]), array([ 0.44244414,  0.99507419,  0.07374662, -0.01015507,  0.73034831,
        2.58616183,  1.35233969, -3.09276781,  3.58520034,  2.56126408,
        3.3991647 ,  1.47375568]), array([ 4.47934971e-01,  9.82153168e-01,  9.22816187e-02, -2.15695912e-03,
        7.46482515e-01,  2.58336490e+00,  1.09816705e+00, -2.58420535e+00,
        3.70700040e+00,  1.59962219e+00,  3.22684106e+00, -5.59386451e-01]), array([ 4.52289376e-01,  9.72874042e-01,  1.08019202e-01,  5.16052972e-04,
        7.61675126e-01,  2.59133034e+00,  8.70881172e-01, -1.85582528e+00,
        3.14751668e+00,  5.34602418e-01,  3.03852223e+00,  1.59308895e+00]), array([ 4.56451030e-01,  9.65238890e-01,  1.22565064e-01,  1.74669448e-03,
        7.75555485e-01,  2.59502175e+00,  8.32330793e-01, -1.52703042e+00,
        2.90917238e+00,  2.46128301e-01,  2.77607171e+00,  7.38281474e-01]), array([ 4.60516073e-01,  9.54674367e-01,  1.39601754e-01, -8.62624586e-05,
        7.90491681e-01,  2.60713146e+00,  8.13008438e-01, -2.11290461e+00,
        3.40733802e+00, -3.66591388e-01,  2.98723915e+00,  2.42194258e+00]), array([ 4.64676636e-01,  9.43479379e-01,  1.57248522e-01, -1.04266810e-03,
        8.05496540e-01,  2.62067688e+00,  8.32112748e-01, -2.23899757e+00,
        3.52935354e+00, -1.91281128e-01,  3.00097183e+00,  2.70908447e+00]), array([ 4.68615837e-01,  9.32745682e-01,  1.74099805e-01, -1.79474237e-03,
        8.19995279e-01,  2.63364232e+00,  7.87840219e-01, -2.14673932e+00,
        3.37025655e+00, -1.50414854e-01,  2.89974792e+00,  2.59308817e+00]), array([ 0.47626188,  0.92641935,  0.18520463,  0.00360066,  0.8338645 ,
        2.63554979,  1.52920793, -1.26526628,  2.22096507,  1.07908144,
        2.77384349,  0.38149241]), array([ 0.48311417,  0.920199  ,  0.19496193,  0.01026969,  0.84496988,
        2.63703488,  1.37045906, -1.24407042,  1.95145968,  1.33380591,
        2.22107638,  0.29701873]), array([ 0.48942891,  0.91417273,  0.20366485,  0.01743243,  0.8525509 ,
        2.63843656,  1.26294836, -1.20525458,  1.74058409,  1.43254692,
        1.51620368,  0.28033561]), array([ 0.49529648,  0.90835074,  0.21150225,  0.0248205 ,  0.85749892,
        2.6397762 ,  1.17351282, -1.16439694,  1.56748024,  1.47761395,
        0.98960433,  0.26792834]), array([ 0.50079245,  0.90274261,  0.21862325,  0.03221265,  0.86048144,
        2.64107232,  1.09919362, -1.12162611,  1.42419991,  1.47843093,
        0.59650425,  0.25922361]), array([ 0.50598023,  0.89735603,  0.22514552,  0.03942903,  0.86199728,
        2.6423406 ,  1.03755614, -1.07731557,  1.30445431,  1.44327467,
        0.30316764,  0.2536572 ]), array([ 0.51091306,  0.89219646,  0.23116205,  0.04632575,  0.86241827,
        2.64359406,  0.98656721, -1.03191428,  1.20330534,  1.37934547,
        0.08419777,  0.25069135]), array([ 0.51563562,  0.88726716,  0.23674653,  0.05279002,  0.86202077,
        2.64484319,  0.94451132, -0.98585989,  1.1168961 ,  1.29285268,
       -0.07949975,  0.24982515]), array([ 0.52018527,  0.88256946,  0.24195765,  0.05873556,  0.86100949,
        2.64609619,  0.90993085, -0.93953936,  1.04222449,  1.1891078 ,
       -0.20225602,  0.25060067]), array([ 0.52459318,  0.87810309,  0.24684244,  0.06409865,  0.85953547,
        2.64735922,  0.88158189, -0.89327538,  0.97695803,  1.07261922,
       -0.29480349,  0.2526063 ]), array([ 0.52888519,  0.87386646,  0.25143887,  0.06883458,  0.85770968,
        2.64863661,  0.85840045, -0.84732624,  0.91928539,  0.9471847 ,
       -0.36515818,  0.25547803]), array([ 0.53308256,  0.869857  ,  0.25577786,  0.07291447,  0.85561324,
        2.64993111,  0.8394757 , -0.80189184,  0.8677989 ,  0.81597865,
       -0.41928826,  0.25889905]), array([ 0.53720271,  0.86607139,  0.25988487,  0.07632263,  0.85330513,
        2.6512441 ,  0.82402828, -0.7571221 ,  0.82140255,  0.68163305,
       -0.46162078,  0.2625981 ]), array([ 0.54125967,  0.86250576,  0.26378108,  0.07905419,  0.85082801,
        2.65257583,  0.81139233, -0.71312568,  0.77924046,  0.54631088,
       -0.49542556,  0.26634691]), array([ 0.54526467,  0.85915587,  0.26748429,  0.08111305,  0.84821248,
        2.65392562,  0.80100019, -0.669978  ,  0.74064157,  0.41177211,
       -0.52310575,  0.26995701]), array([ 0.54922652,  0.85601723,  0.27100967,  0.08251021,  0.84548039,
        2.655292  ,  0.79236939, -0.6277284 ,  0.70507704,  0.27943221,
       -0.54641745,  0.27327606]), array([ 0.55315197,  0.8530852 ,  0.27437031,  0.08326228,  0.84264721,
        2.65667292,  0.78509127, -0.58640603,  0.67212743,  0.15041381,
       -0.56663536,  0.27618414]), array([ 0.55704608,  0.85035507,  0.2775776 ,  0.08339024,  0.83972383,
        2.65806587,  0.77882119, -0.54602481,  0.64145756,  0.02559175,
       -0.58467752,  0.2785899 ]), array([ 0.56091243,  0.84782214,  0.28064158,  0.0829184 ,  0.83671783,
        2.659468  ,  0.77326987, -0.50658742,  0.61279723, -0.09436774,
       -0.60119886,  0.28042686]), array([ 0.56475341,  0.84548169,  0.28357121,  0.08187353,  0.83363453,
        2.66087625,  0.76819585, -0.46808852,  0.58592643, -0.20897312,
       -0.61666126,  0.28164992]), array([ 0.5685704 ,  0.84332911,  0.28637453,  0.08028414,  0.8304776 ,
        2.66228741,  0.76339889, -0.43051725,  0.56066396, -0.31787837,
       -0.6313857 ,  0.28223212]), array([ 0.57236397,  0.84135981,  0.28905883,  0.07817985,  0.82724964,
        2.66369822,  0.75871419, -0.39385921,  0.53685879, -0.42085804,
       -0.645591  ,  0.28216168]), array([ 0.57613401,  0.83956932,  0.29163074,  0.07559092,  0.82395253,
        2.66510542,  0.75400731, -0.35809805,  0.51438338, -0.51778588,
       -0.65942242,  0.2814393 ]), array([ 0.57987986,  0.83795324,  0.29409639,  0.07254784,  0.82058767,
        2.66650579,  0.74916977, -0.32321658,  0.49312856, -0.60861672,
       -0.67297268,  0.28007587]), array([ 0.58360043,  0.83650725,  0.29646139,  0.06908098,  0.81715618,
        2.66789625,  0.74411519, -0.28919768,  0.4729996 , -0.69337103,
       -0.68629724,  0.27809035]), array([ 0.58729431,  0.83522712,  0.29873095,  0.06522037,  0.81365905,
        2.66927379,  0.73877591, -0.25602495,  0.45391322, -0.77212202,
       -0.69942546,  0.27550801]), array([ 0.59095981,  0.83410871,  0.30090993,  0.06099545,  0.81009721,
        2.67063558,  0.73310014, -0.22368315,  0.43579528, -0.84498459,
       -0.71236853,  0.27235886]), array([ 0.59459506,  0.83314792,  0.30300282,  0.05643492,  0.80647158,
        2.67197896,  0.72704939, -0.19215849,  0.41857896, -0.91210623,
       -0.72512516,  0.26867636]), array([ 0.59819804,  0.83234072,  0.30501384,  0.05156662,  0.80278316,
        2.67330144,  0.72059629, -0.16143888,  0.4022035 , -0.97365927,
       -0.73768559,  0.26449633]), array([ 0.60176665,  0.83168315,  0.3069469 ,  0.04641745,  0.79903299,
        2.67460072,  0.71372269, -0.13151393,  0.38661302, -1.02983454,
       -0.75003437,  0.25985598]), array([ 0.60529875,  0.83117128,  0.30880568,  0.04101327,  0.79522222,
        2.67587469,  0.70641806, -0.10237506,  0.37175586, -1.08083602,
       -0.76215228,  0.25479317]), array([ 0.60879214,  0.8308012 ,  0.3105936 ,  0.03537889,  0.79135214,
        2.67712142,  0.69867807, -0.07401543,  0.35758385, -1.12687646,
       -0.7740176 ,  0.24934581]), array([ 0.61224465,  0.83056905,  0.31231386,  0.02953802,  0.7874241 ,
        2.67833918,  0.69050337, -0.04642984,  0.34405191, -1.16817374,
       -0.78560697,  0.2435513 ]), array([ 0.61565415,  0.83047098,  0.31396945,  0.02351328,  0.78343962,
        2.67952641,  0.68189856, -0.01961469,  0.33111766, -1.20494796,
       -0.79689599,  0.23744619]), array([ 0.6190185 ,  0.83050314,  0.31556316,  0.01732618,  0.77940032,
        2.68068174,  0.67287134,  0.00643223,  0.31874116, -1.23741898,
       -0.80785955,  0.23106581]), array([ 0.62233566,  0.8306617 ,  0.31709758,  0.01099716,  0.77530796,
        2.68180396,  0.66343168,  0.03171181,  0.30688468, -1.26580455,
       -0.81847208,  0.2244441 ]), array([ 0.62560362,  0.83094282,  0.31857514,  0.00454557,  0.77116442,
        2.68289202,  0.65359125,  0.05622382,  0.29551256, -1.29031869,
       -0.82870771,  0.21761337]), array([ 6.28820431e-01,  8.31342651e-01,  3.19998099e-01, -2.01028395e-03,
        7.66971722e-01,  2.68394504e+00,  6.43362854e-01,  7.99670370e-02,
        2.84591075e-01, -1.31117050e+00, -8.38540360e-01,  2.10604192e-01]), array([ 0.63198423,  0.83185735,  0.32136854, -0.0086531 ,  0.762732  ,
        2.68496227,  0.63275994,  0.10293942,  0.27408833, -1.32856322,
       -0.84794388,  0.20344537]), array([ 0.63509321,  0.83248304,  0.32268841, -0.01536657,  0.75844754,
        2.68594309,  0.62179626,  0.12513827,  0.26397419, -1.34269348,
       -0.85689208,  0.19616385]), array([ 0.63814564,  0.83321584,  0.32395951, -0.02213532,  0.75412075,
        2.68688701,  0.61048552,  0.14656036,  0.25422023, -1.35375079,
       -0.86535884,  0.18878472]), array([ 0.64113985,  0.83405185,  0.32518351, -0.02894491,  0.74975416,
        2.68779367,  0.59884114,  0.16720212,  0.24479967, -1.36191715,
       -0.87331817,  0.18133123]), array([ 0.64407423,  0.83498715,  0.32636195, -0.03578174,  0.74535044,
        2.68866279,  0.58687601,  0.18705971,  0.23568735, -1.3673668 ,
       -0.88074434,  0.17382482]), array([ 0.64694724,  0.8360178 ,  0.32749625, -0.04263307,  0.74091238,
        2.68949422,  0.57460235,  0.20612922,  0.22685969, -1.37026611,
       -0.88761195,  0.16628518]), array([ 0.64975739,  0.83713983,  0.32858772, -0.04948694,  0.7364429 ,
        2.69028787,  0.56203158,  0.22440678,  0.21829462, -1.37077351,
       -0.89389604,  0.1587303 ]), array([ 0.65250327,  0.83834927,  0.32963758, -0.05633214,  0.73194503,
        2.69104375,  0.54917416,  0.24188861,  0.20997163, -1.36903953,
       -0.89957223,  0.15117653]), array([ 0.65518346,  0.83964213,  0.33064694, -0.06315817,  0.72742195,
        2.69176195,  0.5360396 ,  0.25857121,  0.20187164, -1.36520686,
       -0.90461678,  0.14363868]), array([ 0.65779665,  0.84101439,  0.33161682, -0.06995522,  0.72287692,
        2.6924426 ,  0.52263636,  0.2744514 ,  0.19397708, -1.35941054,
       -0.90900676,  0.13613007]), array([ 0.6603415 ,  0.84246202,  0.33254818, -0.07671411,  0.71831332,
        2.69308591,  0.50897181,  0.28952642,  0.18627174, -1.35177808,
       -0.91272014,  0.12866266]), array([ 0.66281677,  0.84398099,  0.33344188, -0.08342626,  0.71373464,
        2.69369215,  0.49505228,  0.303794  ,  0.17874085, -1.34242969,
       -0.91573589,  0.12124708]), array([ 0.66522118,  0.84556725,  0.33429874, -0.09008366,  0.70914447,
        2.69426161,  0.48088301,  0.31725243,  0.17137097, -1.33147852,
       -0.91803409,  0.11389275]), array([ 0.66755352,  0.84721675,  0.33511949, -0.09667881,  0.70454649,
        2.69479465,  0.46646818,  0.32990063,  0.16414996, -1.31903092,
       -0.91959606,  0.10660797]), array([ 0.66981258,  0.84892545,  0.33590482, -0.10320474,  0.69994446,
        2.69529165,  0.45181097,  0.34173816,  0.15706699, -1.30518666,
       -0.92040441,  0.09939996]), array([ 0.67199714,  0.85068927,  0.33665539, -0.10965494,  0.69534225,
        2.69575302,  0.43691357,  0.35276531,  0.15011244, -1.29003926,
       -0.92044313,  0.09227501]), array([ 0.67410603,  0.85250419,  0.33737178, -0.11602332,  0.69074376,
        2.69617922,  0.42177724,  0.3629831 ,  0.14327791, -1.27367624,
       -0.91969768,  0.08523849]), array([ 0.67613804,  0.85436615,  0.33805456, -0.12230422,  0.68615298,
        2.69657069,  0.40640238,  0.37239332,  0.13655613, -1.25617942,
       -0.91815504,  0.07829497]), array([ 0.67809199,  0.85627115,  0.33870426, -0.12849234,  0.68157397,
        2.69692793,  0.39078854,  0.38099854,  0.12994092, -1.23762519,
       -0.91580377,  0.07144826]), array([ 0.67996666,  0.85821516,  0.3393214 , -0.13458277,  0.6770108 ,
        2.69725144,  0.37493456,  0.38880212,  0.12342717, -1.21808482,
       -0.91263404,  0.06470153]), array([ 0.68176085,  0.8601942 ,  0.33990645, -0.14057089,  0.67246761,
        2.69754173,  0.35883856,  0.39580825,  0.11701074, -1.19762472,
       -0.90863767,  0.05805729]), array([ 0.68347334,  0.86220431,  0.34045989, -0.14645243,  0.66794857,
        2.69779932,  0.34249809,  0.4020219 ,  0.11068847, -1.17630671,
       -0.90380814,  0.05151756]), array([ 0.68510289,  0.86424155,  0.34098218, -0.15222337,  0.66345786,
        2.69802473,  0.32591011,  0.40744885,  0.10445804, -1.15418833,
       -0.89814063,  0.04508382]), array([ 0.68664825,  0.86630203,  0.34147377, -0.15787998,  0.6589997 ,
        2.69821852,  0.30907115,  0.4120957 ,  0.09831799, -1.13132306,
       -0.89163199,  0.03875713]), array([ 0.6880473 ,  0.86825624,  0.34182911, -0.16331794,  0.65443952,
        2.69837575,  0.27981091,  0.39084264,  0.0710671 , -1.08759162,
       -0.91203739,  0.03144526])], 'U_history': [array([ 1.35829948e-03, -9.89039980e-06,  1.16310658e-04, -1.52874279e-04,
       -3.62410911e-05, -1.94481837e-19]), array([ 0.03106057,  0.07759186,  0.00464454, -0.00116152,  0.02676881,
        0.00224742]), array([ 0.05994111,  0.15206339,  0.01284027, -0.00217561,  0.05070815,
        0.00359109]), array([ 0.08801168,  0.22359331,  0.02406557, -0.00320089,  0.07256233,
        0.00443576]), array([ 0.11529161,  0.29236889,  0.03779517, -0.00423392,  0.0928955 ,
        0.00500333]), array([ 0.14180722,  0.35857825,  0.05359816, -0.00526859,  0.11211628,
        0.00541571]), array([ 0.1675912 ,  0.42241315,  0.07112398, -0.00629891,  0.13052276,
        0.00574002]), array([ 0.19268158,  0.4840704 ,  0.09009069, -0.00732008,  0.1483348 ,
        0.00601327]), array([ 0.21712029,  0.54375131,  0.11027413, -0.00832869,  0.16571666,
        0.00625597]), array([ 0.24095163,  0.60165935,  0.13149792, -0.00932257,  0.1827925 ,
        0.00647951]), array([ 0.26422108,  0.65799728,  0.15362449, -0.01030053,  0.19965715,
        0.00669027]), array([ 0.2869746 ,  0.71296477,  0.17654776, -0.01126214,  0.21638384,
        0.00689185]), array([ 0.3092582 ,  0.76675683,  0.20018733, -0.0122075 ,  0.23302997,
        0.00708633]), array([ 0.33111781,  0.81956313,  0.22448408, -0.01313714,  0.24964154,
        0.00727492]), array([ 0.35259911,  0.87156769,  0.24939667, -0.01405182,  0.26625644,
        0.00745839]), array([ 0.37374741,  0.92294891,  0.27489866, -0.01495254,  0.28290689,
        0.00763724]), array([ 0.39460749,  0.97387951,  0.30097614, -0.01584035,  0.29962115,
        0.00781185]), array([ 0.41522343,  1.02452654,  0.32762565, -0.01671636,  0.3164247 ,
        0.00798251]), array([ 0.43563841,  1.0750513 ,  0.35485234, -0.01758167,  0.33334101,
        0.0081495 ]), array([ 0.45589455,  1.12560918,  0.38266835, -0.01843737,  0.35039204,
        0.00831308]), array([ 0.47928875,  1.17141258,  0.40760311, -0.01971663,  0.36548325,
        0.00847351]), array([ 0.49955932,  1.22201242,  0.43637905, -0.02054687,  0.38288914,
        0.00860735]), array([ 0.5197977 ,  1.2730659 ,  0.46580777, -0.02137781,  0.40045096,
        0.00874896]), array([ 0.54003888,  1.32470289,  0.49591508, -0.02220812,  0.41819563,
        0.00889366]), array([ 0.56031593,  1.37704614,  0.5267283 , -0.02303697,  0.43614631,
        0.00903908]), array([ 0.5806599 ,  1.43021085,  0.55827517, -0.02386385,  0.45432293,
        0.00918413]), array([ 0.6010996 ,  1.4843043 ,  0.59058294, -0.02468843,  0.47274249,
        0.00932839]), array([ 0.62166148,  1.53942541,  0.62367757, -0.02551047,  0.4914193 ,
        0.00947179]), array([ 0.64236951,  1.59566436,  0.65758293, -0.02632977,  0.51036503,
        0.00961446]), array([ 0.66324505,  1.6531022 ,  0.69232016, -0.02714616,  0.52958878,
        0.00975662]), array([ 0.68430672,  1.71181047,  0.72790712, -0.02795947,  0.54909708,
        0.00989852]), array([ 0.70557034,  1.77185087,  0.76435779, -0.0287695 ,  0.56889383,
        0.01004044]), array([ 0.72704884,  1.8332749 ,  0.80168185, -0.02957604,  0.58898028,
        0.01018264]), array([ 0.74875219,  1.89612355,  0.83988425, -0.03037884,  0.60935503,
        0.01032538]), array([ 0.77068735,  1.96042709,  0.87896486, -0.03117764,  0.63001388,
        0.01046889]), array([ 0.79285823,  2.02620476,  0.91891813, -0.03197216,  0.65094992,
        0.01061338]), array([ 0.81526568,  2.09346464,  0.9597329 , -0.03276209,  0.67215339,
        0.01075905]), array([ 0.83790747,  2.16220345,  1.00139212, -0.03354712,  0.69361176,
        0.01090605]), array([ 0.86077829,  2.23240651,  1.04387276, -0.03432694,  0.71530966,
        0.01105451]), array([ 0.88386984,  2.30404763,  1.08714568, -0.03510122,  0.73722897,
        0.01120454]), array([ 0.91665848,  2.37244959,  1.12789461, -0.03692862,  0.75772281,
        0.0113562 ]), array([ 0.94035139,  2.44665757,  1.17256369, -0.03761434,  0.78011579,
        0.01146292]), array([ 0.96421864,  2.5221653 ,  1.2179069 , -0.03831359,  0.80262957,
        0.01159449]), array([ 0.98823976,  2.59890093,  1.26386932, -0.03902086,  0.8252436 ,
        0.01173974]), array([ 1.01239168,  2.67678197,  1.31039059, -0.03973218,  0.8479328 ,
        0.01189269]), array([ 1.03664881,  2.75571554,  1.35740498, -0.04044459,  0.87066822,
        0.01205012]), array([ 1.06098322,  2.83559869,  1.40484153, -0.04115589,  0.89341758,
        0.01221027]), array([ 1.08536478,  2.91631878,  1.45262419, -0.04186443,  0.9161458 ,
        0.01237216]), array([ 1.10976133,  2.99775402,  1.50067213, -0.04256898,  0.93881532,
        0.01253519]), array([ 1.13413888,  3.07977391,  1.54890001, -0.0432686 ,  0.96138652,
        0.01269896]), array([ 1.15846177,  3.16223988,  1.59721835, -0.04396266,  0.98381799,
        0.01286313]), array([ 1.18269291,  3.24500593,  1.64553392, -0.04465068,  1.00606686,
        0.01302739]), array([ 1.206794  ,  3.32791929,  1.69375015, -0.04533239,  1.02808911,
        0.01319145]), array([ 1.23072573,  3.41082122,  1.74176763, -0.04600765,  1.04983979,
        0.01335497]), array([ 1.25444799,  3.49354773,  1.78948457, -0.04667643,  1.07127338,
        0.01351761]), array([ 1.27792017,  3.57593043,  1.83679729, -0.0473388 ,  1.09234399,
        0.01367902]), array([ 1.30110131,  3.65779736,  1.88360079, -0.0479949 ,  1.11300565,
        0.0138388 ]), array([ 1.32395041,  3.73897388,  1.92978926, -0.04864496,  1.1332126 ,
        0.01399654]), array([ 1.34642661,  3.81928354,  1.97525665, -0.04928925,  1.15291952,
        0.01415185]), array([ 1.36848942,  3.89854898,  2.01989719, -0.04992806,  1.17208179,
        0.01430428]), array([ 1.35754297,  4.01508993,  2.09061377, -0.04676198,  1.20675415,
        0.01445339]), array([ 1.37867437,  4.09227706,  2.13326968, -0.04771127,  1.22319796,
        0.01482258]), array([ 1.39928296,  4.16776416,  2.17469483, -0.04857929,  1.23931604,
        0.01507443]), array([ 1.41933439,  4.24139041,  2.21481043, -0.04938781,  1.25497547,
        0.01526223]), array([ 1.43879512,  4.31299613,  2.25353475, -0.05015209,  1.27006967,
        0.01541422]), array([ 1.45763275,  4.38242426,  2.29078524, -0.05088312,  1.28451221,
        0.01554516]), array([ 1.47581629,  4.44952167,  2.32648022, -0.05158895,  1.2982323 ,
        0.01566257]), array([ 1.49331637,  4.51414026,  2.36054027, -0.05227557,  1.31117141,
        0.01577014]), array([ 1.51010547,  4.57613799,  2.39288924, -0.05294746,  1.32328095,
        0.01586952]), array([ 1.52615804,  4.63537977,  2.42345515, -0.05360803,  1.33452043,
        0.01596133]), array([ 1.54145065,  4.69173827,  2.45217087, -0.05425981,  1.34485623,
        0.01604567]), array([ 1.5559621 ,  4.74509457,  2.47897467, -0.05490476,  1.35426068,
        0.01612239]), array([ 1.56967349,  4.79533883,  2.50381071, -0.05554428,  1.36271135,
        0.01619124]), array([ 1.5825683 ,  4.84237078,  2.52662936, -0.05617943,  1.37019057,
        0.01625197]), array([ 1.59463245,  4.88610019,  2.5473875 , -0.05681091,  1.37668505,
        0.01630433]), array([ 1.6058543 ,  4.92644726,  2.56604875, -0.0574392 ,  1.38218562,
        0.01634809]), array([ 1.61622467,  4.96334291,  2.58258364, -0.05806454,  1.38668698,
        0.01638309]), array([ 1.62573684,  4.99672903,  2.59696967, -0.058687  ,  1.39018756,
        0.01640922]), array([ 1.63438656,  5.02655865,  2.60919138, -0.05930651,  1.39268932,
        0.01642638]), array([ 1.64217195,  5.05279602,  2.61924041, -0.05992286,  1.39419764,
        0.01643456]), array([ 1.64909353,  5.07541667,  2.62711537, -0.06053573,  1.39472121,
        0.01643376]), array([ 1.65515412,  5.09440738,  2.63282184, -0.06114471,  1.39427186,
        0.01642406]), array([ 1.66035879,  5.10976607,  2.63637224, -0.06174931,  1.39286444,
        0.01640554]), array([ 1.66471477,  5.12150171,  2.63778566, -0.06234898,  1.39051673,
        0.01637835]), array([ 1.6682314 ,  5.12963404,  2.63708771, -0.0629431 ,  1.38724924,
        0.01634266]), array([ 1.67092   ,  5.13419341,  2.63431026, -0.06353102,  1.3830851 ,
        0.0162987 ]), array([ 1.6727938 ,  5.13522041,  2.62949126, -0.06411204,  1.37804992,
        0.01624671]), array([ 1.67386783,  5.13276558,  2.62267445, -0.06468544,  1.3721716 ,
        0.01618696]), array([ 1.67415881,  5.12688896,  2.61390906, -0.06525047,  1.36548018,
        0.01611977]), array([ 1.67368504,  5.11765974,  2.60324952, -0.06580639,  1.35800767,
        0.01604548]), array([ 1.67246632,  5.10515575,  2.59075511, -0.06635244,  1.3497879 ,
        0.01596443]), array([ 1.67052379,  5.08946299,  2.57648964, -0.06688786,  1.34085629,
        0.01587703]), array([ 1.66787984,  5.07067512,  2.56052111, -0.06741193,  1.33124973,
        0.01578366]), array([ 1.664558  ,  5.04889291,  2.54292127, -0.06792392,  1.32100634,
        0.01568474]), array([ 1.66058283,  5.02422369,  2.52376534, -0.06842313,  1.31016534,
        0.01558072]), array([ 1.65597978,  4.99678077,  2.50313156, -0.06890892,  1.29876683,
        0.01547202]), array([ 1.65077511,  4.96668288,  2.48110083, -0.06938064,  1.28685163,
        0.01535912]), array([ 1.64499577,  4.93405356,  2.45775633, -0.06983771,  1.27446109,
        0.01524246]), array([ 1.6386693 ,  4.89902054,  2.4331831 , -0.0702796 ,  1.2616369 ,
        0.01512252]), array([ 1.6318237 ,  4.86171522,  2.40746772, -0.0707058 ,  1.24842096,
        0.01499975]), array([ 1.62448737,  4.82227198,  2.38069786, -0.07111588,  1.23485517,
        0.01487463]), array([ 1.61668899,  4.78082768,  2.35296197, -0.07150946,  1.22098129,
        0.01474763]), array([ 1.60845741,  4.73752103,  2.32434887, -0.0718862 ,  1.20684079,
        0.01461919]), array([ 1.5998216 ,  4.69249202,  2.29494744, -0.07224583,  1.19247467,
        0.01448977]), array([ 1.59081053,  4.64588141,  2.26484627, -0.07258815,  1.17792337,
        0.01435982]), array([ 1.58145311,  4.59783016,  2.23413329, -0.07291301,  1.16322659,
        0.01422977]), array([ 1.57177807,  4.54847891,  2.20289554, -0.07322032,  1.14842318,
        0.01410004]), array([ 1.56181396,  4.49796752,  2.17121881, -0.07351004,  1.13355104,
        0.01397103]), array([ 1.551589  ,  4.44643457,  2.1391874 , -0.07378222,  1.11864702,
        0.01384315]), array([ 1.54113108,  4.3940169 ,  2.10688383, -0.07403693,  1.10374679,
        0.01371676]), array([ 1.53046762,  4.34084925,  2.07438864, -0.07427433,  1.08888478,
        0.01359222]), array([ 1.51962562,  4.28706378,  2.04178014, -0.07449462,  1.07409409,
        0.01346989]), array([ 1.50863149,  4.23278977,  2.00913421, -0.07469805,  1.05940643,
        0.01335007]), array([ 1.49751109,  4.17815327,  1.97652413, -0.07488492,  1.04485207,
        0.01323308]), array([ 1.48628963,  4.12327678,  1.94402043, -0.07505559,  1.03045979,
        0.0131192 ]), array([ 1.47499165,  4.06827897,  1.91169071, -0.07521045,  1.0162568 ,
        0.01300869]), array([ 1.46364098,  4.01327444,  1.87959957, -0.07534994,  1.00226879,
        0.01290179]), array([ 1.45226072,  3.9583735 ,  1.84780848, -0.07547455,  0.98851985,
        0.01279873]), array([ 1.44087316,  3.903682  ,  1.81637569, -0.07558477,  0.97503245,
        0.01269971]), array([ 1.42949982,  3.84930113,  1.7853562 , -0.07568116,  0.96182748,
        0.01260492]), array([ 1.41816138,  3.79532733,  1.75480168, -0.07576429,  0.94892423,
        0.01251451]), array([ 1.40687766,  3.74185214,  1.72476047, -0.07583476,  0.9363404 ,
        0.01242863]), array([ 1.39566766,  3.68896216,  1.69527756, -0.07589318,  0.92409211,
        0.01234741]), array([ 1.38454947,  3.63673901,  1.66639458, -0.07594021,  0.91219395,
        0.01227094]), array([ 1.37354031,  3.58525923,  1.63814986, -0.07597648,  0.90065898,
        0.01219931]), array([ 1.3626565 ,  3.53459437,  1.61057844, -0.07600267,  0.88949876,
        0.0121326 ]), array([ 1.35191349,  3.48481092,  1.58371208, -0.07601944,  0.87872342,
        0.01207085]), array([ 1.34132582,  3.43597041,  1.55757939, -0.07602749,  0.8683417 ,
        0.0120141 ]), array([ 1.33090715,  3.38812944,  1.53220587, -0.07602748,  0.85836095,
        0.01196237]), array([ 1.32067023,  3.34133974,  1.50761397, -0.07602011,  0.84878723,
        0.01191567]), array([ 1.31062696,  3.2956483 ,  1.48382319, -0.07600604,  0.83962535,
        0.01187398]), array([ 1.30078835,  3.25109744,  1.4608502 , -0.07598596,  0.83087891,
        0.01183729]), array([ 1.29116457,  3.20772494,  1.4387089 , -0.07596053,  0.82255036,
        0.01180557]), array([ 1.28176495,  3.16556415,  1.41741057, -0.0759304 ,  0.81464108,
        0.01177876]), array([ 1.27259796,  3.12464419,  1.39696395, -0.07589621,  0.80715139,
        0.01175681]), array([ 1.26367128,  3.08499   ,  1.37737538, -0.07585859,  0.80008067,
        0.01173966]), array([ 1.25499182,  3.0466226 ,  1.3586489 , -0.07581815,  0.79342737,
        0.01172722]), array([ 1.24656567,  3.00955916,  1.34078638, -0.07577548,  0.78718908,
        0.01171943]), array([ 1.2383982 ,  2.97381324,  1.32378765, -0.07573117,  0.78136261,
        0.01171618]), array([ 1.23049406,  2.9393949 ,  1.30765061, -0.07568575,  0.77594402,
        0.01171737]), array([60., 60., 30., 10., 10., 10.]), array([ 60.        , -60.        ,  -3.96888535, -10.        ,
        10.        , -10.        ]), array([ 28.24880538, -60.        ,  12.92527298, -10.        ,
         5.94510299, -10.        ]), array([10.87857368, 60.        , 15.98544835, 10.        ,  6.82038721,
       10.        ]), array([  7.7596351 ,  60.        ,  -4.03058634, -10.        ,
        -1.50820525,  10.        ]), array([  6.80357978, -60.        , -13.79709154,  10.        ,
        -5.9215803 , -10.        ]), array([  4.30403718, -60.        ,  12.31866907, -10.        ,
         5.77987582, -10.        ]), array([ 3.10627885, 60.        , 15.45656101, 10.        ,  7.13602602,
       10.        ]), array([ 3.63342369, 60.        , -2.42200152, 10.        , -1.23392548,
       10.        ]), array([  5.36174438, -60.        , -17.23085351, -10.        ,
        -7.1535589 , -10.        ]), array([  2.34037286, -60.        ,  13.89556661,  10.        ,
         7.06469624, -10.        ]), array([  1.84240906,  60.        ,  16.31695236, -10.        ,
         7.21390387,  10.        ]), array([  4.8173662 , -60.        ,  -7.05864417,  10.        ,
        -2.19394112,  10.        ]), array([ 4.08548256, 48.        ,  6.37629502, -8.        ,  2.21197674,
        8.        ]), array([ 1.63428087, 12.        , -0.60441492, -2.        , -0.2540571 ,
        2.        ]), array([ 0.,  0., -0., -0., -0.,  0.]), array([ 11.36074279, -60.        ,  -7.5963093 ,  10.        ,
        -1.85338052, -10.        ]), array([  7.45961869, -60.        ,  10.74157002,  10.        ,
         3.03625965, -10.        ]), array([  4.52986273, -48.        ,   6.98810161,  -8.        ,
         3.16717042,   8.        ]), array([ 10.95343923,  60.        ,  16.75266394, -10.        ,
         7.39923392,  10.        ]), array([ 17.75646475, -24.        ,  -9.30393451,  -4.        ,
        -3.91135108,   4.        ]), array([ 13.22533302, -48.        ,   5.22163054,  -8.        ,
         2.71126969,  -8.        ]), array([  8.75278735,  60.        ,  21.42548692,  10.        ,
         9.93282743, -10.        ]), array([  3.6028501 ,  60.        ,  -9.8544693 , -10.        ,
        -4.60697307,  10.        ]), array([  4.82770298,  60.        ,   0.37420326,  10.        ,
        -0.22278608, -10.        ]), array([ -1.06565584, -60.        ,   2.03677898,  10.        ,
         0.53188032,  10.        ]), array([  1.42757644, -60.        ,  13.50381664, -10.        ,
         6.91805088, -10.        ]), array([ -1.41920322, -48.        ,  18.12013748,  -8.        ,
         8.        ,   8.        ]), array([-6.52070740e-03, -1.20000000e+01,  1.27741952e+00,  2.00000000e+00,
        2.34799170e-01,  2.00000000e+00]), array([  9.49804774,  60.        ,  14.21269344,  10.        ,
         5.98856481, -10.        ]), array([ -4.75911716,  60.        ,   3.54031589,  10.        ,
         1.28141455, -10.        ]), array([-22.44741694, -60.        ,   3.01435492,  10.        ,
         3.170629  ,  10.        ]), array([ -4.01803818, -60.        ,   4.78198312,  10.        ,
         0.6087421 ,  10.        ]), array([-12.59956893,  60.        ,  30.        , -10.        ,
        10.        , -10.        ]), array([ -9.38825655,  60.        ,   8.20946325, -10.        ,
         5.60678979,  10.        ]), array([ 3.1341526 , 24.        ,  4.29998233, -4.        ,  1.25691153,
       -4.        ]), array([  9.06593152, -48.        ,   6.01841633,  -8.        ,
         1.68595052,   8.        ]), array([  3.2287617 , -12.        ,   5.89542702,   2.        ,
         2.        ,   2.        ]), array([ 0., -0.,  0., -0.,  0.,  0.]), array([ 60.        ,  60.        , -10.05309015,  10.        ,
         2.78385373, -10.        ]), array([-1.31237471e+01, -1.92327429e+01, -1.58133315e+01,  5.14767553e+00,
       -1.00000000e+01, -2.45519504e-15]), array([-8.94710105e+00, -1.46624006e+01, -1.23666424e+01,  3.59620699e+00,
       -9.58485787e+00,  1.17908297e-15]), array([-6.14044497e+00, -9.80210263e+00, -8.59161008e+00,  2.51824137e+00,
       -6.86659903e+00, -2.07938194e-16]), array([-3.82753057e+00, -6.12658439e+00, -5.72503314e+00,  1.59909139e+00,
       -4.80897826e+00,  5.38604753e-16]), array([-1.92856397e+00, -3.34264255e+00, -3.54872378e+00,  8.23882467e-01,
       -3.25623088e+00, -3.46796230e-16]), array([-3.75886045e-01, -1.23214711e+00, -1.89745891e+00,  1.76560047e-01,
       -2.08825808e+00,  1.53355548e-16]), array([ 8.87358639e-01,  3.68103111e-01, -6.45893457e-01, -3.58716653e-01,
       -1.21275944e+00,  1.44736601e-16]), array([ 1.90874769e+00,  1.58081040e+00,  3.01207714e-01, -7.96833446e-01,
       -5.58996700e-01,  4.00271336e-16]), array([ 2.72804563e+00,  2.49861341e+00,  1.01629246e+00, -1.15136788e+00,
       -7.28930224e-02,  7.38389017e-16]), array([ 3.37850423e+00,  3.19170175e+00,  1.55453085e+00, -1.43446373e+00,
        2.86793386e-01,  1.70393226e-16]), array([ 3.88797049e+00,  3.71341709e+00,  1.95797257e+00, -1.65683589e+00,
        5.51442292e-01,  2.31507413e-16]), array([ 4.27980974e+00,  4.10440198e+00,  2.25869139e+00, -1.82784625e+00,
        7.44872936e-01,  4.19632625e-16]), array([ 4.57366535e+00,  4.39569112e+00,  2.48116780e+00, -1.95561482e+00,
        8.85120585e-01,  9.40300057e-16]), array([ 4.78608068e+00,  4.61102602e+00,  2.64409708e+00, -2.04714457e+00,
        9.85804683e-01,  1.80930029e-15]), array([ 4.93100789e+00,  4.76859549e+00,  2.76176285e+00, -2.10844767e+00,
        1.05718040e+00, -1.18698165e-16]), array([ 5.02022507e+00,  4.88234900e+00,  2.84508162e+00, -2.14466613e+00,
        1.10694540e+00,  5.69025602e-16]), array([ 5.06367965e+00,  4.96299093e+00,  2.90239774e+00, -2.16018331e+00,
        1.14085766e+00,  1.07769132e-15]), array([ 5.06977266e+00,  5.01873541e+00,  2.94008897e+00, -2.15872489e+00,
        1.16320791e+00,  8.50549914e-16]), array([ 5.04559533e+00,  5.05588098e+00,  2.96302811e+00, -2.14344879e+00,
        1.17718007e+00,  3.01736055e-16]), array([ 4.99712718e+00,  5.07924929e+00,  2.97493524e+00, -2.11702464e+00,
        1.18512582e+00,  7.49621276e-16]), array([ 4.92940264e+00,  5.09252089e+00,  2.97864678e+00, -2.08170327e+00,
        1.18877327e+00,  5.64294684e-16]), array([ 4.84665191e+00,  5.09849303e+00,  2.97632116e+00, -2.03937732e+00,
        1.18938514e+00, -5.47723627e-16]), array([ 4.75242037e+00,  5.09927820e+00,  2.96959634e+00, -1.99163367e+00,
        1.18787840e+00, -4.62369432e-16]), array([ 4.64967022e+00,  5.09645742e+00,  2.95971045e+00, -1.93979881e+00,
        1.18491447e+00,  2.02340058e-15]), array([ 4.54086702e+00,  5.09119906e+00,  2.94759453e+00, -1.88497779e+00,
        1.18096702e+00,  1.06693395e-15]), array([ 4.42805361e+00,  5.08435123e+00,  2.93394368e+00, -1.82808776e+00,
        1.17637268e+00,  7.49795395e-16]), array([ 4.31291315e+00,  5.07651380e+00,  2.91927197e+00, -1.76988664e+00,
        1.17136888e+00,  7.17929434e-16]), array([ 4.19682308e+00,  5.06809477e+00,  2.90395471e+00, -1.71099761e+00,
        1.16612191e+00,  2.07728761e-15]), array([ 4.08090116e+00,  5.05935454e+00,  2.88826113e+00, -1.65192999e+00,
        1.16074758e+00,  1.82634184e-16]), array([ 3.96604478e+00,  5.05044075e+00,  2.87237967e+00, -1.59309709e+00,
        1.15532639e+00,  1.30078659e-15]), array([ 3.85296460e+00,  5.04141575e+00,  2.85643755e+00, -1.53483127e+00,
        1.14991451e+00,  6.76247867e-16]), array([ 3.74221319e+00,  5.03227833e+00,  2.84051597e+00, -1.47739683e+00,
        1.14455168e+00, -4.41198573e-16]), array([ 3.63420949e+00,  5.02298090e+00,  2.82466189e+00, -1.42100084e+00,
        1.13926682e+00,  4.53446695e-16]), array([ 3.52925972e+00,  5.01344315e+00,  2.80889718e+00, -1.36580235e+00,
        1.13408198e+00,  1.23109242e-15]), array([ 3.42757515e+00,  5.00356274e+00,  2.79322573e+00, -1.31192025e+00,
        1.12901496e+00, -2.22078397e-17]), array([ 3.32928730e+00,  4.99322387e+00,  2.77763895e+00, -1.25943979e+00,
        1.12408113e+00,  5.47955756e-16]), array([ 3.23446089e+00,  4.98230392e+00,  2.76212003e+00, -1.20841819e+00,
        1.11929457e+00,  1.07678276e-15]), array([ 3.14310492e+00,  4.97067863e+00,  2.74664722e+00, -1.15888932e+00,
        1.11466870e+00,  9.71074398e-16]), array([ 3.05518207e+00,  4.95822620e+00,  2.73119634e+00, -1.11086775e+00,
        1.11021671e+00,  1.80949762e-16]), array([ 2.97061683e+00,  4.94483029e+00,  2.71574270e+00, -1.06435203e+00,
        1.10595166e+00, -4.47109447e-16]), array([ 2.88930235e+00,  4.93038235e+00,  2.70026252e+00, -1.01932763e+00,
        1.10188648e+00,  4.80576075e-16]), array([ 2.81110641e+00,  4.91478330e+00,  2.68473396e+00, -9.75769299e-01,
        1.09803394e+00,  1.54495574e-16]), array([ 2.73587647e+00,  4.89794463e+00,  2.66913793e+00, -9.33643144e-01,
        1.09440648e+00,  6.95550766e-16]), array([ 2.66344400e+00,  4.87978916e+00,  2.65345857e+00, -8.92908371e-01,
        1.09101609e+00,  6.57932819e-16]), array([ 2.59362829e+00,  4.86025144e+00,  2.63768359e+00, -8.53518766e-01,
        1.08787414e+00,  2.06384906e-16]), array([ 2.52623964e+00,  4.83927783e+00,  2.62180444e+00, -8.15423958e-01,
        1.08499128e+00,  1.48181278e-16]), array([ 2.46108212e+00,  4.81682644e+00,  2.60581638e+00, -7.78570500e-01,
        1.08237728e+00,  5.62711124e-16]), array([ 2.39795604e+00,  4.79286684e+00,  2.58971848e+00, -7.42902783e-01,
        1.08004094e+00,  1.36322121e-16]), array([ 2.33665994e+00,  4.76737961e+00,  2.57351346e+00, -7.08363823e-01,
        1.07799002e+00,  4.31326802e-16]), array([ 2.27699243e+00,  4.74035587e+00,  2.55720758e+00, -6.74895932e-01,
        1.07623121e+00, -3.57414200e-16]), array([ 2.21875372e+00,  4.71179663e+00,  2.54081043e+00, -6.42441282e-01,
        1.07477005e+00,  4.95366115e-16]), array([ 2.16174693e+00,  4.68171216e+00,  2.52433465e+00, -6.10942392e-01,
        1.07361096e+00, -2.78579812e-16]), array([ 2.10577925e+00,  4.65012126e+00,  2.50779574e+00, -5.80342536e-01,
        1.07275724e+00,  3.67533329e-16]), array([ 2.05066290e+00,  4.61705055e+00,  2.49121173e+00, -5.50586088e-01,
        1.07221109e+00,  2.71028677e-17]), array([ 1.99621598e+00,  4.58253371e+00,  2.47460290e+00, -5.21618805e-01,
        1.07197364e+00,  1.30304013e-16]), array([ 1.94226313e+00,  4.54661077e+00,  2.45799150e+00, -4.93388067e-01,
        1.07204502e+00,  2.30166971e-16]), array([ 1.88863616e+00,  4.50932733e+00,  2.44140146e+00, -4.65843061e-01,
        1.07242443e+00, -3.49039782e-16]), array([ 1.83517448e+00,  4.47073389e+00,  2.42485805e+00, -4.38934939e-01,
        1.07311015e+00, -3.25650909e-16]), array([ 1.78172556e+00,  4.43088511e+00,  2.40838764e+00, -4.12616926e-01,
        1.07409970e+00,  8.17497002e-16]), array([ 1.72814516e+00,  4.38983917e+00,  2.39201738e+00, -3.86844407e-01,
        1.07538982e+00,  2.30099293e-17]), array([ 1.67429759e+00,  4.34765711e+00,  2.37577494e+00, -3.61574978e-01,
        1.07697665e+00, -6.71325923e-16]), array([0., 0., 0., 0., 0., 0.])], 'ball_pos_history': [array([ 1.73267709, -8.00586007,  1.30831177]), array([ 1.71845227, -7.96316751,  1.29501346]), array([ 1.70422746, -7.92047495,  1.28146989]), array([ 1.69000265, -7.87778239,  1.26768107]), array([ 1.67577783, -7.83508983,  1.253647  ]), array([ 1.66155302, -7.79239727,  1.23936768]), array([ 1.64732821, -7.74970471,  1.22484311]), array([ 1.63310339, -7.70701215,  1.21007329]), array([ 1.61887858, -7.66431959,  1.19505822]), array([ 1.60465377, -7.62162703,  1.17979791]), array([ 1.59042895, -7.57893447,  1.16429234]), array([ 1.57620414, -7.53624191,  1.14854152]), array([ 1.56197933, -7.49354935,  1.13254545]), array([ 1.54775451, -7.45085679,  1.11630413]), array([ 1.5335297 , -7.40816423,  1.09981756]), array([ 1.51930488, -7.36547167,  1.08308574]), array([ 1.50508007, -7.32277911,  1.06610867]), array([ 1.49085526, -7.28008655,  1.04888636]), array([ 1.47663044, -7.23739399,  1.03141879]), array([ 1.46240563, -7.19470143,  1.01370597]), array([ 1.44818082, -7.15200887,  0.9957479 ]), array([ 1.433956  , -7.10931631,  0.97754458]), array([ 1.41973119, -7.06662375,  0.95909601]), array([ 1.40550638, -7.02393119,  0.94040219]), array([ 1.39128156, -6.98123863,  0.92146312]), array([ 1.37705675, -6.93854607,  0.90227881]), array([ 1.36283194, -6.89585351,  0.88284924]), array([ 1.34860712, -6.85316095,  0.86317442]), array([ 1.33438231, -6.81046839,  0.84325435]), array([ 1.3201575 , -6.76777583,  0.82308903]), array([ 1.30593268, -6.72508327,  0.80267846]), array([ 1.29170787, -6.68239071,  0.78202264]), array([ 1.27748305, -6.63969815,  0.76112157]), array([ 1.26325824, -6.59700559,  0.73997526]), array([ 1.24903343, -6.55431303,  0.71858369]), array([ 1.23480861, -6.51162047,  0.69694687]), array([ 1.2205838 , -6.46892791,  0.6750648 ]), array([ 1.20635899, -6.42623535,  0.65293748]), array([ 1.19213417, -6.38354279,  0.63056491]), array([ 1.17790936, -6.34085023,  0.60794709]), array([ 1.16368455, -6.29815767,  0.58508402]), array([ 1.14945973, -6.25546511,  0.56197571]), array([ 1.13523492, -6.21277255,  0.53862214]), array([ 1.12101011, -6.17007999,  0.51502332]), array([ 1.10678529, -6.12738743,  0.49117925]), array([ 1.09256048, -6.08469487,  0.46708993]), array([ 1.07833567, -6.04200231,  0.44275536]), array([ 1.06411085, -5.99930975,  0.41817554]), array([ 1.04988604, -5.95661719,  0.39335047]), array([ 1.03566122, -5.91392463,  0.36828016]), array([ 1.02143641, -5.87123207,  0.34296459]), array([ 1.0072116 , -5.82853951,  0.31740377]), array([ 0.99298678, -5.78584695,  0.2915977 ]), array([ 0.97876197, -5.74315439,  0.26554638]), array([ 0.96453716, -5.70046183,  0.23924981]), array([ 0.95031234, -5.65776927,  0.21270799]), array([ 0.93608753, -5.61507671,  0.18592093]), array([ 0.92186272, -5.57238415,  0.15888861]), array([ 0.9076379 , -5.52969159,  0.13161104]), array([ 0.89341309, -5.48699903,  0.10408822]), array([ 0.87918828, -5.44430647,  0.07632015]), array([ 0.86496346, -5.40161391,  0.04830683]), array([ 0.85073865, -5.35892135,  0.033     ]), array([ 0.83722508, -5.31836341,  0.05394868]), array([ 0.8237115 , -5.27780548,  0.0746521 ]), array([ 0.81019793, -5.23724755,  0.09511028]), array([ 0.79668436, -5.19668962,  0.11532321]), array([ 0.78317078, -5.15613169,  0.13529088]), array([ 0.76965721, -5.11557375,  0.15501331]), array([ 0.75614364, -5.07501582,  0.17449049]), array([ 0.74263007, -5.03445789,  0.19372241]), array([ 0.72911649, -4.99389996,  0.21270909]), array([ 0.71560292, -4.95334203,  0.23145052]), array([ 0.70208935, -4.91278409,  0.24994669]), array([ 0.68857577, -4.87222616,  0.26819762]), array([ 0.6750622 , -4.83166823,  0.2862033 ]), array([ 0.66154863, -4.7911103 ,  0.30396372]), array([ 0.64803506, -4.75055237,  0.3214789 ]), array([ 0.63452148, -4.70999443,  0.33874882]), array([ 0.62100791, -4.6694365 ,  0.3557735 ]), array([ 0.60749434, -4.62887857,  0.37255293]), array([ 0.59398076, -4.58832064,  0.3890871 ]), array([ 0.58046719, -4.54776271,  0.40537603]), array([ 0.56695362, -4.50720477,  0.42141971]), array([ 0.55344005, -4.46664684,  0.43721813]), array([ 0.53992647, -4.42608891,  0.45277131]), array([ 0.5264129 , -4.38553098,  0.46807924]), array([ 0.51289933, -4.34497305,  0.48314191]), array([ 0.49938575, -4.30441511,  0.49795934]), array([ 0.48587218, -4.26385718,  0.51253152]), array([ 0.47235861, -4.22329925,  0.52685844]), array([ 0.45884504, -4.18274132,  0.54094012]), array([ 0.44533146, -4.14218338,  0.55477655]), array([ 0.43181789, -4.10162545,  0.56836772]), array([ 0.41830432, -4.06106752,  0.58171365]), array([ 0.40479074, -4.02050959,  0.59481433]), array([ 0.39127717, -3.97995166,  0.60766975]), array([ 0.3777636 , -3.93939372,  0.62027993]), array([ 0.36425003, -3.89883579,  0.63264486]), array([ 0.35073645, -3.85827786,  0.64476453]), array([ 0.33722288, -3.81771993,  0.65663896]), array([ 0.32370931, -3.777162  ,  0.66826814]), array([ 0.31019574, -3.73660406,  0.67965206]), array([ 0.29668216, -3.69604613,  0.69079074]), array([ 0.28316859, -3.6554882 ,  0.70168417]), array([ 0.26965502, -3.61493027,  0.71233234]), array([ 0.25614144, -3.57437234,  0.72273527]), array([ 0.24262787, -3.5338144 ,  0.73289294]), array([ 0.2291143 , -3.49325647,  0.74280537]), array([ 0.21560073, -3.45269854,  0.75247255]), array([ 0.20208715, -3.41214061,  0.76189447]), array([ 0.18857358, -3.37158268,  0.77107115]), array([ 0.17506001, -3.33102474,  0.78000258]), array([ 0.16154643, -3.29046681,  0.78868875]), array([ 0.14803286, -3.24990888,  0.79712968]), array([ 0.13451929, -3.20935095,  0.80532536]), array([ 0.12100572, -3.16879302,  0.81327578]), array([ 0.10749214, -3.12823508,  0.82098096]), array([ 0.09397857, -3.08767715,  0.82844089]), array([ 0.080465  , -3.04711922,  0.83565556]), array([ 0.06695142, -3.00656129,  0.84262499]), array([ 0.05343785, -2.96600336,  0.84934917]), array([ 0.03992428, -2.92544542,  0.85582809]), array([ 0.02641071, -2.88488749,  0.86206177]), array([ 0.01289713, -2.84432956,  0.8680502 ]), array([-6.16440492e-04, -2.80377163e+00,  8.73793373e-01]), array([-0.01413001, -2.7632137 ,  0.8792913 ]), array([-0.02764359, -2.72265576,  0.88454398]), array([-0.04115716, -2.68209783,  0.8895514 ]), array([-0.05467073, -2.6415399 ,  0.89431358]), array([-0.0681843 , -2.60098197,  0.89883051]), array([-0.08169788, -2.56042404,  0.90310218]), array([-0.09521145, -2.5198661 ,  0.90712861]), array([-0.10872502, -2.47930817,  0.91090979]), array([-0.1222386 , -2.43875024,  0.91444571]), array([-0.13575217, -2.39819231,  0.91773639]), array([-0.14926574, -2.35763438,  0.92078181]), array([-0.16277931, -2.31707644,  0.92358199]), array([-0.17629289, -2.27651851,  0.92613692]), array([-0.18980646, -2.23596058,  0.92844659]), array([-0.20332003, -2.19540265,  0.93051102]), array([-0.21683361, -2.15484472,  0.9323302 ]), array([-0.23034718, -2.11428678,  0.93390412]), array([-0.24386075, -2.07372885,  0.9352328 ]), array([-0.25737432, -2.03317092,  0.93631623]), array([-0.2708879 , -1.99261299,  0.9371544 ]), array([-0.28440147, -1.95205506,  0.93774733]), array([-0.29791504, -1.91149712,  0.93809501]), array([-0.31142862, -1.87093919,  0.93819743]), array([-0.32494219, -1.83038126,  0.93805461]), array([-0.33845576, -1.78982333,  0.93766654]), array([-0.35196933, -1.7492654 ,  0.93703321]), array([-0.36548291, -1.70870746,  0.93615464]), array([-0.37899648, -1.66814953,  0.93503082]), array([-0.39251005, -1.6275916 ,  0.93366174]), array([-0.40602363, -1.58703367,  0.93204742]), array([-0.4195372 , -1.54647574,  0.93018785]), array([-0.43305077, -1.5059178 ,  0.92808302]), array([-0.44656434, -1.46535987,  0.92573295]), array([-0.46007792, -1.42480194,  0.92313763]), array([-0.47359149, -1.38424401,  0.92029705]), array([-0.48710506, -1.34368608,  0.91721123]), array([-0.50061864, -1.30312814,  0.91388016]), array([-0.51413221, -1.26257021,  0.91030383]), array([-0.52764578, -1.22201228,  0.90648226]), array([-0.54115935, -1.18145435,  0.90241543]), array([-0.55467293, -1.14089642,  0.89810336]), array([-0.5681865 , -1.10033848,  0.89354604]), array([-0.58170007, -1.05978055,  0.88874346]), array([-0.59521365, -1.01922262,  0.88369564]), array([-0.60872722, -0.97866469,  0.87840257]), array([-0.62224079, -0.93810676,  0.87286424]), array([-0.63575436, -0.89754882,  0.86708067]), array([-0.64926794, -0.85699089,  0.86105185]), array([-0.66278151, -0.81643296,  0.85477777]), array([-0.67629508, -0.77587503,  0.84825845]), array([-0.68980866, -0.7353171 ,  0.84149388]), array([-0.70332223, -0.69475916,  0.83448405]), array([-0.7168358 , -0.65420123,  0.82722898]), array([-0.73008747, -0.61471872,  0.81946482]), array([-0.71222443, -0.63180308,  0.80071174]), array([-0.69390886, -0.65101445,  0.78058061]), array([-0.67559328, -0.67022582,  0.76020423]), array([-0.65727771, -0.68943719,  0.73958259]), array([-0.63896214, -0.70864856,  0.71871571]), array([-0.62064656, -0.72785993,  0.69760358]), array([-0.60233099, -0.7470713 ,  0.67624619]), array([-0.58401542, -0.76628267,  0.65464356]), array([-0.56569984, -0.78549404,  0.63279568]), array([-0.54738427, -0.80470541,  0.61070255]), array([-0.5290687 , -0.82391678,  0.58836416]), array([-0.51075312, -0.84312815,  0.56578053]), array([-0.49243755, -0.86233952,  0.54295165]), array([-0.47412198, -0.88155089,  0.51987751]), array([-0.4558064 , -0.90076226,  0.49655813]), array([-0.43749083, -0.91997364,  0.4729935 ]), array([-0.41917526, -0.93918501,  0.44918362]), array([-0.40085968, -0.95839638,  0.42512848]), array([-0.38254411, -0.97760775,  0.4008281 ]), array([-0.36422854, -0.99681912,  0.37628247]), array([-0.34591296, -1.01603049,  0.35149158]), array([-0.32759739, -1.03524186,  0.32645545]), array([-0.30928182, -1.05445323,  0.30117407]), array([-0.29096624, -1.0736646 ,  0.27564744]), array([-0.27265067, -1.09287597,  0.24987555]), array([-0.2543351 , -1.11208734,  0.22385842]), array([-0.23601952, -1.13129871,  0.19759604]), array([-0.21770395, -1.15051008,  0.1710884 ]), array([-0.19938837, -1.16972145,  0.14433552]), array([-0.1810728 , -1.18893282,  0.11733739]), array([-0.16275723, -1.20814419,  0.09009401]), array([-0.14444165, -1.22735556,  0.06260537]), array([-0.12612608, -1.24656694,  0.03487149]), array([-0.10781051, -1.26577831,  0.033     ]), array([-0.09041071, -1.28402911,  0.0537391 ]), array([-0.07301092, -1.30227991,  0.07423295]), array([-0.05561112, -1.32053071,  0.09448155]), array([-0.03821133, -1.33878151,  0.1144849 ]), array([-0.02081153, -1.35703232,  0.134243  ]), array([-0.00341174, -1.37528312,  0.15375585]), array([ 0.01398806, -1.39353392,  0.17302345]), array([ 0.03138785, -1.41178472,  0.1920458 ]), array([ 0.04878765, -1.43003552,  0.2108229 ]), array([ 0.06618744, -1.44828633,  0.22935475]), array([ 0.08358723, -1.46653713,  0.24764135]), array([ 0.10098703, -1.48478793,  0.2656827 ]), array([ 0.11838682, -1.50303873,  0.2834788 ]), array([ 0.13578662, -1.52128953,  0.30102965]), array([ 0.15318641, -1.53954034,  0.31833524]), array([ 0.17058621, -1.55779114,  0.33539559]), array([ 0.187986  , -1.57604194,  0.35221069]), array([ 0.2053858 , -1.59429274,  0.36878054]), array([ 0.22278559, -1.61254354,  0.38510514]), array([ 0.24018539, -1.63079435,  0.40118449]), array([ 0.25758518, -1.64904515,  0.41701859]), array([ 0.27498498, -1.66729595,  0.43260744]), array([ 0.29238477, -1.68554675,  0.44795104]), array([ 0.30978457, -1.70379755,  0.46304939]), array([ 0.32718436, -1.72204836,  0.47790249]), array([ 0.34458416, -1.74029916,  0.49251034]), array([ 0.36198395, -1.75854996,  0.50687294]), array([ 0.37938375, -1.77680076,  0.52099029]), array([ 0.39678354, -1.79505157,  0.53486239])], 'distances_history': [7.896900251586651, 7.851189063607908, 7.805506439139944, 7.759851772676479, 7.714224571400706, 7.668624451825959, 7.6230511374551595, 7.577504457019241, 7.531984343098388, 7.486490831047811, 7.441024058197224, 7.395584263307316, 7.35017178627019, 7.3047870680438765, 7.259430650815032, 7.214103178387344, 7.1688053967953556, 7.123538155144096, 7.078302406674834, 7.03309921005662, 6.987929730902497, 6.942795079568629, 6.897696633987929, 6.852635884173247, 6.807614434812314, 6.7626340080181375, 6.717696446250534, 6.67280371541646, 6.627957908152155, 6.583161247287358, 6.538416089490207, 6.493724929090418, 6.449090402077831, 6.4045152902729745, 6.360002525666241, 6.315555194922181, 6.271176544045513, 6.226869983205548, 6.182639091715957, 6.138487623167009, 6.094419510707678, 6.050438500698506, 6.006548904166661, 5.962755227701599, 5.91906217965687, 5.875474676383142, 5.831997848532517, 5.788637047457634, 5.74539785171968, 5.702286073713857, 5.659307766417533, 5.61646923026403, 5.573777020143477, 5.531237952530728, 5.488859112739183, 5.4466478622979455, 5.404611846448405, 5.362759001754602, 5.321097563819983, 5.279636075100894, 5.238383392804865, 5.197350260273254, 5.154913136865146, 5.110253689298314, 5.06569205537809, 5.021226327533212, 4.976854580178719, 4.932574872537874, 4.888385251640548, 4.844283755392884, 4.8002684156431865, 4.756337261189532, 4.712488320688997, 4.6687196254390395, 4.625029212009496, 4.5814151247099595, 4.537875417882322, 4.494408158012345, 4.4510114256576365, 4.407683317192279, 4.364421946370846, 4.321225445716611, 4.278091967740555, 4.235019685999151, 4.19200679600017, 4.149051515966591, 4.1061520874694155, 4.06330677594062, 4.020513871077751, 3.9777716871516864, 3.9350785632290486, 3.892432863320431, 3.8498329764652675, 3.807277316763655, 3.7647643233648775, 3.722292460421706, 3.6798602170188617, 3.6374661070832883, 3.5951086692831207, 3.552786466921491, 3.5104980878305607, 3.4682421442704805, 3.426017272837264, 3.3838221343829953, 3.341655413951164, 3.2995158207294875, 3.2574020880220944, 3.2153129732426535, 3.173247257929714, 3.1312037477853907, 3.0891812727383945, 3.0471786870324284, 3.005194869341035, 2.963228722910164, 2.9212791757299903, 2.87934518073785, 2.837425716054644, 2.7955197852575555, 2.7536264176926135, 2.7117446688313387, 2.669873620676591, 2.628012382223695, 2.586160089984029, 2.544315908579499, 2.5024790314177507, 2.4606486814595487, 2.4188241120915714, 2.3770046081199308, 2.3351894869020824, 2.2933780996374873, 2.251569832840492, 2.209764110022504, 2.1679603936147016, 2.1261581871674142, 2.084357037868017, 2.04255653942595, 2.000756335381402, 1.958956122903739, 1.9171556571569899, 1.8753547563233075, 1.8335533073915762, 1.79026296755474, 1.7446395260513212, 1.6978164637418607, 1.6511036484016863, 1.6037952298253113, 1.5568551777613784, 1.5094681827394645, 1.4624504251280352, 1.4158287409568406, 1.3687773417651075, 1.322273124876943, 1.2752260067582448, 1.2285198178801948, 1.18131996286003, 1.1340674131961364, 1.086935237765363, 1.0402426966533083, 0.994125086575661, 0.9475020433968347, 0.8999446300282967, 0.8517929690878279, 0.8030925866213982, 0.7549062894959299, 0.7060200553307496, 0.6578178318698276, 0.6104683400302675, 0.5628843452608925, 0.5150850359294782, 0.46778547370726153, 0.4211546066410913, 0.37562021323376477, 0.33203815793430697, 0.2902007844960963, 0.24878966930771584, 0.20806257062998956, 0.16951390253448784, 0.13580005234736145, 0.1122453203654013, 0.10576941053676071, 0.11508416144547788, 0.13506112057254566, 0.16016854053855675, 0.1879083975206509, 0.21706627234234993, 0.24705799406987547, 0.27759377263264906, 0.3085235500098128, 0.3397659042389819, 0.371274474677662, 0.40302158854316017, 0.4349900202863719, 0.46716871289842615, 0.49955048012020487, 0.5321307213670962, 0.5649066650131448, 0.5978768933348186, 0.6310410218025982, 0.6643994663997177, 0.6979532641519013, 0.7317039284111673, 0.7656533289263822, 0.7998035911110158, 0.8341570111501867, 0.8687159847109854, 0.9034829475791264, 0.9384603268282654, 0.9736505012838609, 1.0090557701454919, 1.0446783287150274, 1.0805202502580071, 1.1165834731068374, 1.152869792197321, 1.16968695182239, 1.1691644466521849, 1.1695603325195718, 1.1708635930230344, 1.1730618485458266, 1.1761414185125367, 1.1800873974661108, 1.1848837433330162, 1.1905133759619098, 1.1969582838351471, 1.2041996367594872, 1.2122179023358095, 1.2209929640775796, 1.230504239182069, 1.2407307941432855, 1.2516514566170922, 1.2632449221932769, 1.2754898549836566, 1.2883649811884743, 1.3018491750461536, 1.3159215367966715, 1.3305614624913493, 1.345748705658487, 1.3614634309834475, 1.3776862602836013, 1.3943983111537839, 1.4115812287287264, 1.4292172110575165, 1.4472890286144409], 'normal_align_history': [0.7622951317062668, 0.7622946071437411, 0.7622951217915213, 0.7622976111886482, 0.7623026693455734, 0.7623107091047691, 0.7623220520420775, 0.7623369787853772, 0.7623557569058713, 0.7623786559820186, 0.7624059552530167, 0.7624379469457407, 0.7624749370481712, 0.7625172445611172, 0.7625651998381846, 0.7626191423815424, 0.7626794183196967, 0.7627463777094532, 0.7628203717531761, 0.7629017499907451, 0.7629908575055643, 0.7630879840897793, 0.763193452027965, 0.763307575574839, 0.7634306557192181, 0.763562976421878, 0.7637048016648762, 0.7638563729635586, 0.7640179071610268, 0.7641895944150422, 0.7643715963352944, 0.7645640442542758, 0.76476703762816, 0.7649806425707808, 0.7652048905270702, 0.7654397770937355, 0.7656852609954029, 0.7659412632243439, 0.7662076663514912, 0.7664843140158, 0.7667710105982395, 0.767067371879824, 0.7673731161122688, 0.7676879319643252, 0.768011473024459, 0.7683433556049734, 0.7686831583471875, 0.769030422829276, 0.7693846547550605, 0.7697453255027885, 0.7701118739188564, 0.7704837082963388, 0.7708602085059185, 0.7712407282601044, 0.7716245974974227, 0.7720111248752362, 0.7723996003599678, 0.7727892979028083, 0.7731794781880209, 0.7735693914399703, 0.7739582802741802, 0.7743458099211776, 0.7747312676706378, 0.7751138907402575, 0.7754928984172588, 0.7758675093124889, 0.776236950849874, 0.77660046476982, 0.7769573106289811, 0.7773067683188388, 0.777648140116168, 0.7779807525111148, 0.7783039579206283, 0.7786171363256403, 0.7789196968371537, 0.7792110791818085, 0.7794907550923509, 0.7797582295878596, 0.7800130421301017, 0.7802547676446836, 0.7804830173981656, 0.7806974397247003, 0.7808977205979323, 0.7810835840458379, 0.7812547924079007, 0.7814111464354817, 0.78155248523757, 0.7816786860752228, 0.781789664008997, 0.7818853714045454, 0.7819657973023024, 0.782030966657846, 0.7820809394600838, 0.7821158097349026, 0.7821357044423234, 0.7821407822755507, 0.7821312323705643, 0.7821072729351213, 0.7820691498061657, 0.7820171349447498, 0.7819515248775798, 0.7818726390942822, 0.781780818409414, 0.7816764232980983, 0.781559832213991, 0.7814314398980629, 0.7812916556864109, 0.7811409018249904, 0.7809796117988258, 0.780808228682856, 0.7806272035211749, 0.7804369937409561, 0.7802380616069127, 0.780030872721629, 0.7798158945766197, 0.779593595158448, 0.7793644416137105, 0.7791288989761902, 0.7788874289589466, 0.7786404888135957, 0.7783885302585467, 0.7781319984774545, 0.7778713311886827, 0.777606957786125, 0.7773392985512907, 0.7770687639361722, 0.7767957539160204, 0.7765206574108231, 0.7762438517739496, 0.7759657023461501, 0.7756865620728323, 0.7754067711823334, 0.7751266569226879, 0.7748465333542585, 0.7745667011954462, 0.7742874477186037, 0.7740090466932035, 0.7737317583732561, 0.7734558295259668, 0.773181493498599, 0.7729089703205517, 0.7810312508595663, 0.781485747043531, 0.774119983822174, 0.7750309134541287, 0.7798921621752591, 0.7809408951543758, 0.773931683464901, 0.7751114580048546, 0.7842384602647715, 0.7852671281712976, 0.7823941952653328, 0.7834118273674923, 0.7927190202807654, 0.8044941183325018, 0.816270448284578, 0.827272021218957, 0.8343198962510017, 0.8376310761905496, 0.843849518694503, 0.8532088642635053, 0.8636497874706671, 0.8686400950610785, 0.8700608194156219, 0.8745432027921944, 0.8754141687385907, 0.882454569790469, 0.8833823385306918, 0.886955019806493, 0.8915137408772092, 0.8928663339289786, 0.8909009781563979, 0.8944980627010293, 0.9033902949920335, 0.9061215013176279, 0.9113565212007676, 0.9142735932944721, 0.9194881540861484, 0.9253907750187503, 0.9309131663209561, 0.9343372412181989, 0.9377225530634442, 0.9409457354616109, 0.943983297631997, 0.9468209758281032, 0.9494508827024823, 0.9518696795849124, 0.9540773079301941, 0.9560760419960405, 0.9578697461379173, 0.959463281385928, 0.9608620343946515, 0.9620715533612837, 0.9630972790343446, 0.9639443592561998, 0.9646175349642071, 0.965121085253059, 0.9654588193131755, 0.9656341038105458, 0.9656499154302457, 0.9655089097041802, 0.9652134987341152, 0.9647659318878963, 0.9641683749105542, 0.963422984105282, 0.9625319732799837, 0.9614976720192794, 0.9603225745377445, 0.9590093789132571, 0.9575610169086614, 0.9559806748857651, 0.9542718065175596, 0.9524381381305643, 0.9504836675753889, 0.9484126575437534, 0.9462296242359031, 0.9439393222431611, 0.9415467264539703, 0.9390570117243585, 0.9364755309800863, 0.9338077923415116, 0.931059435786185, 0.9282362097904294, 0.9253439483210691, 0.922388548483083, 0.919375949068823, 0.9163121101999421, 0.9132029942043873, 0.9100545478277243, 0.9068726858404557, 0.9036632760706441, 0.9004321258637432, 0.8971849699486615, 0.8939274596704213, 0.8906651535348747, 0.8874035089994485, 0.8841478754353739, 0.8809034881810159, 0.8776754636022975, 0.8744687950745801, 0.8712883498003262, 0.8681388663781942], 'ball_near_history': [False, False, False, False, False, False, False, False, False, False, False, False, False, False, False, False, False, False, False, False, False, False, False, False, False, False, False, False, False, False, False, False, False, False, False, False, False, False, False, False, False, False, False, False, False, False, False, False, False, False, False, False, False, False, False, False, False, False, False, False, False, False, False, False, False, False, False, False, False, False, False, False, False, False, False, False, False, False, False, False, False, False, False, False, False, False, False, False, False, False, False, False, False, False, False, False, False, False, False, False, False, False, False, False, False, False, False, False, False, False, False, False, False, False, False, False, False, False, False, False, False, False, False, False, False, False, False, False, False, False, False, False, False, False, False, False, False, False, False, False, False, False, False, False, False, False, False, False, False, False, False, False, False, False, False, False, False, False, False, False, False, False, False, False, False, False, False, False, False, False, False, False, False, False, False, False, True, True, True, True, True, True, True, False, False, False, False, False, False, False, False, False, False, False, False, False, False, False, False, False, False, False, False, False, False, False, False, False, False, False, False, False, False, False, False, False, False, False, False, False, False, False, False, False, False, False, False, False, False, False, False, False, False, False, False, False, False, False, False, False, False, False], 'tube_ready_history': [False, False, False, False, False, False, False, False, False, False, False, False, False, False, False, False, False, False, False, False, False, False, False, False, False, False, False, False, False, False, False, False, False, False, False, False, False, False, False, False, False, False, False, False, False, False, False, False, False, False, False, False, False, False, False, False, False, False, False, False, False, False, False, False, False, False, False, False, False, False, False, False, False, False, False, False, False, False, False, False, False, False, False, False, False, False, False, False, False, False, False, False, False, False, False, False, False, False, False, False, False, False, False, False, False, False, False, False, False, False, False, False, False, False, False, False, False, False, False, False, False, False, False, False, False, False, False, False, False, False, False, False, False, False, False, False, False, False, False, False, False, False, False, False, False, False, False, False, False, False, False, False, False, False, False, False, False, False, False, False, False, False, False, False, False, False, False, False, False, False, False, True, True, True, True, True, True, True, True, True, True, True, True, True, True, True, True, True, True, True, True, True, False, False, False, False, False, False, False, False, False, False, False, False, False, False, False, False, False, False, False, False, False, False, False, False, False, False, False, False, False, False, False, False, False, False, False, False, False, False, False, False, False, False, False, False, False, False, False, False, False, False], 'pos_error_history': [0.00969043693161314, 0.00974343074178331, 0.009855031475614121, 0.010060195479499736, 0.010399330039040552, 0.01091269246959369, 0.011634373796391703, 0.01258781587989383, 0.013784367713567574, 0.015224828455219443, 0.016902607145851054, 0.018806972462258705, 0.02092552615248133, 0.023245731351235234, 0.025755690618029195, 0.02844444460471752, 0.031302008620613456, 0.03431928665015251, 0.037487941033617495, 0.040800256981975334, 0.04346314238055045, 0.0470206894928846, 0.05070422400099915, 0.05450708301808647, 0.058422854498714524, 0.06244531716617277, 0.06656839273318571, 0.07078610803891797, 0.07509256515458752, 0.07948191790008571, 0.0839483535427096, 0.0884860787151926, 0.09308930880061489, 0.09775226019580467, 0.10246914499158315, 0.10723416770557383, 0.11204152377779017, 0.1168853995960315, 0.12175997386131944, 0.1266594201363276, 0.13149309379375326, 0.13642193829810947, 0.14135856550455206, 0.1462971548397655, 0.15123191007546535, 0.1561570660090152, 0.16106689581491782, 0.16595571895962424, 0.1708179095840322, 0.17564790526683463, 0.18044021608842345, 0.1851894339200638, 0.1898902418670133, 0.19453742379753544, 0.19912587389261424, 0.20365060615381347, 0.20810676380927257, 0.21248962856042244, 0.21679462961463286, 0.22101735245182172, 0.2262766350581065, 0.23031868131214314, 0.23426405216231722, 0.23810917263081138, 0.24185064074516904, 0.2454852399358152, 0.24900994927772, 0.2524219519728248, 0.25571864236167124, 0.2588976316746789, 0.26195675267741475, 0.26489406332394166, 0.2677078495036024, 0.2703966269462687, 0.2729591423368718, 0.27539437368023684, 0.27770152995070524, 0.27988005005675254, 0.2819296011482427, 0.2838500762925196, 0.2856415915449429, 0.28730448243940776, 0.28883929992471835, 0.2902468057732041, 0.2915279674886388, 0.2926839527412467, 0.29371612335828196, 0.2946260288993743, 0.29541539984644877, 0.29608614043858483, 0.29664032118264866, 0.29708017107089496, 0.29740806953701543, 0.297626538182262, 0.297738232303352, 0.2977459322538042, 0.2976525346701967, 0.2974610435945961, 0.29717456152402155, 0.29679628041733475, 0.29632947268937954, 0.2957774822214962, 0.2951437154167556, 0.2944316323273768, 0.2936447378808088, 0.29278657322988305, 0.2918607072512886, 0.29087072821538645, 0.2898202356490569, 0.28871283241190615, 0.28755211700471467, 0.28634167612751404, 0.2850850775031621, 0.28378586298071556, 0.2824475419313115, 0.281073584947681, 0.27966741785680926, 0.27823241605366594, 0.27677189916236045, 0.27528912602950756, 0.2737872900530937, 0.27226951484864864, 0.2707388502530944, 0.269198268665301, 0.26765066172104385, 0.2660988372988482, 0.2645455168520143, 0.26299333306105893, 0.26144482779976735, 0.25990245040714577, 0.25836855625670335, 0.2568454056137329, 0.25533516277057355, 0.25383989544924473, 0.252361574460312, 0.25090207360641165, 0.2494631698184982, 0.24804654351256988, 0.2466537791544499, 0.24528636602000914, 0.241520546324675, 0.23639167789555304, 0.2304191082662845, 0.22339478635615168, 0.21646619816754886, 0.2111639370749214, 0.20538681385377594, 0.1986090611370426, 0.19215580938380553, 0.18741032388018206, 0.1822851505320101, 0.17591932546882616, 0.17082098194937034, 0.16538912045171303, 0.16033696486131283, 0.15571016280167452, 0.15228819027086923, 0.14910072911226602, 0.14626076044881522, 0.14238834838376405, 0.1400323732686191, 0.13841016195555603, 0.13542880601440552, 0.13354885910709066, 0.13161973974178726, 0.130609796892739, 0.1300552070998596, 0.12994748846736948, 0.13067756254487134, 0.13058676950277273, 0.12990164174356944, 0.12957746839693673, 0.12992385515192206, 0.12949378038799747, 0.12922661418190265, 0.12955405476706014, 0.13165438490892395, 0.13443844258810314, 0.13767053159874246, 0.14163238953039622, 0.1451782517367103, 0.1482795584772797, 0.1509468500083999, 0.15325632348440243, 0.1553012940356354, 0.15717088828707862, 0.158941928052451, 0.1606769969577817, 0.16242522637244539, 0.16422410782154778, 0.16610152680212997, 0.16807765912926942, 0.17016659380332083, 0.17237765495733592, 0.17471644511192477, 0.17718565137206518, 0.17978566037927707, 0.18251502475452844, 0.1853708176651644, 0.1883489052407033, 0.19144415996317343, 0.19465063237695024, 0.19796169367687713, 0.2013701579395341, 0.20486838986847086, 0.2084484017983571, 0.2121019422039197, 0.21582057695209111, 0.2195957638998693, 0.2234189210744128, 0.22728148849349336, 0.2311749836292618, 0.23509105053809926, 0.23902150273919703, 0.24295836000045362, 0.24689387926668566, 0.2508205800327957, 0.254731264518584, 0.2586190330407096, 0.2624772950011491, 0.26629977592186066, 0.27008052095422524, 0.2738138952815164, 0.27749458181523623, 0.2811175765637032, 0.28467818202545825, 0.2881719989322896, 0.2915949166381256, 0.2949431024215467, 0.29821298994191636, 0.30140126706256004, 0.3045048632293515, 0.3075209365697102, 0.3104468608554261, 0.31328021245298165, 0.3160187573670884, 0.3186604384669316, 0.3212033629700638, 0.3236457902458812, 0.32598611998906607, 0.32822288080316686, 0.3303075684312803], 'max_qdot_ratio': 0.9940335295108568, 'max_tcp_speed': 1.7765768969577425, 'max_racket_face_speed': 1.9213612163563167, 'total_mpc_steps': 242, 'ball_was_hit': True, 'hit_step': 178, 'p_ee_at_hit': array([-0.64655899, -0.57718341,  0.87239177]), 'ball_pos_at_hit': array([-0.73008747, -0.61471872,  0.81946482]), 'v_ee_at_hit': 1.6959593325684763, 'active_contact': True, 'passive_contact': False}
2026-09-11 14:19:10,369 [INFO] __main__: 击打后继续仿真 20 步...
