
========================================
  RM-65 击打成功！（主动击球，pos_error=0.1148m）
  [V12 EpisodeRunner 管线架构]
  ablation: full
  击打目标位置: [-0.822 -0.352  0.87 ]
  末端实际位置: [-0.701 -0.468  0.91 ]
  规划跟踪误差: 0.1730 m
  速度误差: 1.9926 m/s
  MPC 总步数: 259
  --- Tube 专用指标 ---
  最小球拍-球距离: 0.1148 m
  ball_near 步数: 6 = 30.0 ms
  tube_ready 步数: 21 = 105.0 ms
  击打时间误差: 20.0 ms
  击打位置误差: 0.1148 m
  --- 计算性能 ---
  总墙钟时间: 1.11s (MPC=1.11s)
  --- 执行层约束 ---
  max_qdot=0.99x, max_tcp=1.8m/s, max_face=1.9m/s
  击球类型: 主动击球
========================================

__RESULT__: pos_error=0.114785 vel_error=1.992625 min_dist=0.114785 ball_near_ms=30.0 tube_ready_ms=105.0 max_tcp=1.81 max_qdot=0.99 max_face=1.9 hit_type=active hit_time_error_ms=20.0 hit_pos_error=0.114785 v_racket_at_hit=1.653
2026-09-10 17:50:29,782 [INFO] __main__: [ablation] mode=full
2026-09-10 17:50:29,788 [INFO] __main__: serve-box auto params: horizon=120, iter=10, first_plan_iters=30, total_horizon=250, replan_interval=20, near_plan_iters=5
2026-09-10 17:50:29,807 [INFO] __main__: 关节限位: 仿真默认(default.yaml), TCP=1.8 m/s, terminal_exempt=20
2026-09-10 17:50:29,808 [INFO] __main__: 球拍初始位置: [-0.24136342  0.63027058  1.45576659]
2026-09-10 17:50:29,808 [DEBUG] src.tennis.ball: serve_box bounce (attempt=1): p0_z=1.33, vz0=-2.7, spd=9.0, t1=0.308, t2=0.572, z_err=0.13
2026-09-10 17:50:29,815 [INFO] __main__: 击打步数: 178, 击打位置: [-0.82243831 -0.35179198  0.86952474]
2026-09-10 17:50:29,815 [INFO] __main__: 随挥方向: [ 0.08  -0.984  0.159], 随挥步数: 60
2026-09-10 17:50:29,827 [INFO] __main__: 候选窗口已构建: best_k=178, candidates=13
2026-09-10 17:50:29,828 [INFO] src.cpp.solver_cpp: iLQR C++ 加速模块已加载
2026-09-10 17:50:29,828 [INFO] __main__: 开始 V12 EpisodeRunner，总步数=310 (MPC=250, 随挥=60)，击打步数=178
2026-09-10 17:50:29,828 [INFO] src.ilqt.async_replanner: AsyncReplanner: 后台规划线程已启动
2026-09-10 17:50:29,847 [INFO] src.ilqt.async_replanner: AsyncReplanner: 规划环境已创建（独立 MjData）
2026-09-10 17:50:29,850 [INFO] src.ilqt.async_replanner: AsyncReplanner: 规划环境已创建（独立 MjData）
2026-09-10 17:50:29,873 [DEBUG] src.ilqt.tube_cost: [Softmin诊断] 候选权重TOP3: k=178:w=0.082, k=179:w=0.082, k=177:w=0.082
2026-09-10 17:50:30,775 [INFO] src.ilqt.mpc_controller: REPLAN step=0 k_hit=178 iters=30 horizon=120 t=927ms
2026-09-10 17:50:30,776 [INFO] src.ilqt.mpc_controller: MPCController.start 完成: k_hit=178, p_hit=[-0.822 -0.352  0.87 ], buffer=120
2026-09-10 17:50:30,779 [DEBUG] src.ilqt.replan_core: FAR_JT step=0 k_hit=178 (JT gain=60, skip iLQR)
2026-09-10 17:50:30,779 [DEBUG] src.ilqt.mpc_controller: REPLAN step=0 k_hit=178 iters=0 horizon=0 t=4ms
2026-09-10 17:50:30,779 [DEBUG] src.ilqt.mpc_controller: MPCController.step 0: replan k_hit=178 refine=feasible buffer=20
2026-09-10 17:50:30,788 [DEBUG] src.ilqt.replan_core: FAR_JT step=20 k_hit=158 (JT gain=60, skip iLQR)
2026-09-10 17:50:30,788 [DEBUG] src.ilqt.mpc_controller: REPLAN step=20 k_hit=158 iters=0 horizon=0 t=4ms
2026-09-10 17:50:30,789 [DEBUG] src.ilqt.mpc_controller: MPCController.step 20: replan k_hit=158 refine=feasible buffer=20
2026-09-10 17:50:30,797 [DEBUG] src.ilqt.replan_core: FAR_JT step=40 k_hit=138 (JT gain=60, skip iLQR)
2026-09-10 17:50:30,797 [DEBUG] src.ilqt.mpc_controller: REPLAN step=40 k_hit=138 iters=0 horizon=0 t=4ms
2026-09-10 17:50:30,797 [DEBUG] src.ilqt.mpc_controller: MPCController.step 40: replan k_hit=138 refine=feasible buffer=20
2026-09-10 17:50:30,806 [DEBUG] src.ilqt.replan_core: FAR_JT step=60 k_hit=118 (JT gain=60, skip iLQR)
2026-09-10 17:50:30,806 [DEBUG] src.ilqt.mpc_controller: REPLAN step=60 k_hit=118 iters=0 horizon=0 t=3ms
2026-09-10 17:50:30,806 [DEBUG] src.ilqt.mpc_controller: MPCController.step 60: replan k_hit=118 refine=feasible buffer=20
2026-09-10 17:50:30,815 [DEBUG] src.ilqt.replan_core: FAR_JT step=80 k_hit=98 (JT gain=60, skip iLQR)
2026-09-10 17:50:30,815 [DEBUG] src.ilqt.mpc_controller: REPLAN step=80 k_hit=98 iters=0 horizon=0 t=3ms
2026-09-10 17:50:30,815 [DEBUG] src.ilqt.mpc_controller: MPCController.step 80: replan k_hit=98 refine=feasible buffer=20
2026-09-10 17:50:30,823 [DEBUG] src.ilqt.replan_core: FAR_JT step=100 k_hit=78 (JT gain=60, skip iLQR)
2026-09-10 17:50:30,823 [DEBUG] src.ilqt.mpc_controller: REPLAN step=100 k_hit=78 iters=0 horizon=0 t=3ms
2026-09-10 17:50:30,824 [DEBUG] src.ilqt.mpc_controller: MPCController.step 100: replan k_hit=78 refine=feasible buffer=20
2026-09-10 17:50:30,832 [DEBUG] src.ilqt.replan_core: FAR_JT step=120 k_hit=58 (JT gain=60, skip iLQR)
2026-09-10 17:50:30,832 [DEBUG] src.ilqt.mpc_controller: REPLAN step=120 k_hit=58 iters=0 horizon=0 t=3ms
2026-09-10 17:50:30,832 [INFO] src.ilqt.strategies.hit_point_refiner: [HIT_LOCK] k_hit=58 ≤ 60, 锁定击球点不再替换
2026-09-10 17:50:30,832 [DEBUG] src.ilqt.mpc_controller: MPCController.step 120: replan k_hit=58 refine=locked buffer=20
2026-09-10 17:50:30,848 [DEBUG] src.ilqt.tube_cost: [Softmin诊断] 候选权重TOP3: k=38:w=0.082, k=39:w=0.082, k=37:w=0.082
2026-09-10 17:50:30,869 [DEBUG] src.ilqt.mpc_controller: REPLAN step=140 k_hit=38 iters=5 horizon=38 t=31ms
2026-09-10 17:50:30,869 [DEBUG] src.ilqt.mpc_controller: MPCController.step 140: replan k_hit=38 refine=locked buffer=20
2026-09-10 17:50:30,883 [DEBUG] src.ilqt.tube_cost: [Softmin诊断] 候选权重TOP3: k=18:w=0.082, k=19:w=0.082, k=17:w=0.082
2026-09-10 17:50:30,894 [DEBUG] src.ilqt.mpc_controller: REPLAN step=160 k_hit=18 iters=5 horizon=18 t=20ms
2026-09-10 17:50:30,894 [DEBUG] src.ilqt.mpc_controller: MPCController.step 160: replan k_hit=18 refine=locked buffer=18
2026-09-10 17:50:30,895 [INFO] src.ilqt.components.predictive_safety: [SAFETY_FILTER] beta=0.6: tcp speed 1.86 > 1.80 m/s
2026-09-10 17:50:30,895 [INFO] src.ilqt.components.predictive_safety: [SAFETY_FILTER] beta=0.4: tcp speed 1.94 > 1.80 m/s
2026-09-10 17:50:30,896 [INFO] src.ilqt.components.predictive_safety: [SAFETY_FILTER] beta=0.4: qdot entering overspeed, joint=2, |qdot|=4.19 > 3.93
2026-09-10 17:50:30,896 [INFO] src.ilqt.components.predictive_safety: [SAFETY_FILTER] beta=0.6: tcp speed 1.87 > 1.80 m/s
2026-09-10 17:50:30,897 [INFO] src.ilqt.components.predictive_safety: [SAFETY_FILTER] beta=0.4: tcp speed 1.90 > 1.80 m/s
2026-09-10 17:50:30,897 [INFO] src.ilqt.components.predictive_safety: [SAFETY_FILTER] beta=0.2: tcp speed 1.93 > 1.80 m/s
2026-09-10 17:50:30,898 [INFO] src.ilqt.components.predictive_safety: [SAFETY_FILTER] beta=0.8: tcp speed 1.82 > 1.80 m/s
2026-09-10 17:50:30,898 [INFO] src.ilqt.components.predictive_safety: [SAFETY_FILTER] beta=0.2: tcp speed 2.01 > 1.80 m/s
2026-09-10 17:50:30,899 [INFO] src.ilqt.components.predictive_safety: [SAFETY_FILTER] beta=0.6: qdot entering overspeed, joint=0, |qdot|=3.21 > 3.14
2026-09-10 17:50:30,900 [INFO] src.ilqt.components.predictive_safety: [SAFETY_FILTER] beta=0.4: qdot entering overspeed, joint=0, |qdot|=3.31 > 3.14
2026-09-10 17:50:30,900 [INFO] src.ilqt.components.predictive_safety: [SAFETY_FILTER] beta=0.2: qdot entering overspeed, joint=0, |qdot|=3.35 > 3.14
2026-09-10 17:50:30,901 [INFO] src.ilqt.components.predictive_safety: [SAFETY_FILTER] beta=0.2: qdot entering overspeed, joint=0, |qdot|=3.49 > 3.14
2026-09-10 17:50:30,902 [INFO] src.ilqt.components.predictive_safety: [SAFETY_FILTER] beta=0.0: qdot entering overspeed, joint=0, |qdot|=3.58 > 3.14
2026-09-10 17:50:30,902 [INFO] src.ilqt.components.predictive_safety: [SAFETY_FILTER] beta=0.2: qdot entering overspeed, joint=0, |qdot|=3.49 > 3.14
2026-09-10 17:50:30,903 [INFO] src.ilqt.strategies.follow_through: 随挥触发: step=177, steps=60
2026-09-10 17:50:30,919 [INFO] src.ilqt.async_replanner: AsyncReplanner: 后台规划线程已停止
2026-09-10 17:50:30,919 [INFO] src.ilqt.episode_runner: EpisodeRunner 完成: total_steps=239 safe_steps=239 mpc_done=True
2026-09-10 17:50:30,919 [DEBUG] src.ilqt.episode_runner: EpisodeRunner metrics 详情: {'total_steps': 239, 'safe_steps': 239, 'mpc_done': True, 'X_history': [array([-1.5  ,  1.57 , -0.236,  0.404,  0.446,  2.45 ,  0.   ,  0.   ,
        0.   ,  0.   ,  0.   ,  0.   ]), array([ 8.96185646e-02,  1.54825373e+00, -5.23704885e-01, -1.48331613e-01,
        8.84961449e-01,  2.44998221e+00, -3.60629551e-03, -3.48551067e-02,
        4.15738984e-03,  2.21303308e-03, -5.42387602e-02, -3.55869452e-03]), array([ 0.0895819 ,  1.54790899, -0.52368165, -0.14831069,  0.88447428,
        2.44995379, -0.00733277, -0.06894732,  0.00464706,  0.00418481,
       -0.09743423, -0.00568353]), array([ 8.95262801e-02,  1.54739811e+00, -5.23670193e-01, -1.48281048e-01,
        8.83813219e-01,  2.44991884e+00, -1.11241456e-02, -1.02176529e-01,
        2.29140438e-03,  5.92810123e-03, -1.32211696e-01, -6.98920104e-03]), array([ 8.94515879e-02,  1.54672571e+00, -5.23681518e-01, -1.48243765e-01,
        8.83010385e-01,  2.44987974e+00, -1.49384366e-02, -1.34481021e-01,
       -2.26503086e-03,  7.45651821e-03, -1.60566961e-01, -7.82148397e-03]), array([ 0.08935787,  1.54589657, -0.52372409, -0.14819984,  0.8820903 ,
        2.44983785, -0.0187436 , -0.16582681, -0.00851521,  0.0087857 ,
       -0.18401677, -0.00837634]), array([ 0.08924529,  1.54491557, -0.52380439, -0.14815017,  0.88107174,
        2.44979402, -0.02251518, -0.19619969, -0.01605868,  0.00993295,
       -0.20371302, -0.00876583]), array([ 0.08911412,  1.54378758, -0.52392728, -0.14809559,  0.87996909,
        2.44974875, -0.02623452, -0.22559941, -0.02457778,  0.01091646,
       -0.22052944, -0.00905476]), array([ 0.08896468,  1.5425174 , -0.52409637, -0.14803682,  0.87879345,
        2.44970235, -0.02988744, -0.25403527, -0.03381933,  0.01175447,
       -0.23512754, -0.00928111]), array([ 0.08879737,  1.54110979, -0.52431428, -0.14797449,  0.87755342,
        2.44965501, -0.03346326, -0.28152298, -0.04358049,  0.01246468,
       -0.24800681, -0.00946749]), array([ 0.0886126 ,  1.53956937, -0.52458276, -0.14790918,  0.8762557 ,
        2.44960687, -0.03695402, -0.3080823 , -0.05369782,  0.01306378,
       -0.25954308, -0.0096276 ]), array([ 0.08841083,  1.5379007 , -0.52490296, -0.14784134,  0.87490561,
        2.44955802, -0.0403539 , -0.33373531, -0.06403885,  0.01356718,
       -0.27001777, -0.00976992]), array([ 0.08819253,  1.53610817, -0.52527544, -0.1477714 ,  0.87350741,
        2.44950852, -0.04365874, -0.3585052 , -0.07449553,  0.01398883,
       -0.27964042, -0.00989979]), array([ 0.08795821,  1.53419609, -0.52570033, -0.14769969,  0.87206458,
        2.44945842, -0.04686565, -0.38241537, -0.08497912,  0.01434123,
       -0.2885658 , -0.01002065]), array([ 0.08770834,  1.53216865, -0.52617741, -0.14762651,  0.87058005,
        2.44940774, -0.04997278, -0.40548884, -0.09541626,  0.01463537,
       -0.29690703, -0.01013479]), array([ 0.08744345,  1.53002991, -0.52670614, -0.14755211,  0.86905632,
        2.44935653, -0.05297903, -0.42774779, -0.10574582,  0.01488084,
       -0.30474556, -0.01024372]), array([ 0.08716403,  1.52778384, -0.52728572, -0.14747668,  0.86749562,
        2.44930478, -0.05588389, -0.44921333, -0.11591649,  0.0150859 ,
       -0.31213879, -0.0103485 ]), array([ 0.08687059,  1.52543432, -0.52791515, -0.14740039,  0.8659    ,
        2.44925253, -0.05868727, -0.4699053 , -0.12588484,  0.01525764,
       -0.31912587, -0.0104499 ]), array([ 0.08656364,  1.52298511, -0.52859322, -0.14732338,  0.86427133,
        2.44919979, -0.06138943, -0.48984216, -0.13561383,  0.01540202,
       -0.32573212, -0.01054844]), array([ 0.08624369,  1.5204399 , -0.52931858, -0.14724576,  0.86261147,
        2.44914657, -0.06399085, -0.50904098, -0.1450716 ,  0.01552408,
       -0.33197241, -0.01064457]), array([ 0.08591123,  1.51780232, -0.53008973, -0.14716762,  0.8609222 ,
        2.44909288, -0.06649215, -0.52751743, -0.15423052,  0.01562799,
       -0.33785374, -0.01073861]), array([ 0.08556686,  1.51507584, -0.53090523, -0.1470894 ,  0.85920465,
        2.4490388 , -0.06887313, -0.54529416, -0.16310047,  0.01564426,
       -0.34351023, -0.01081594]), array([ 0.0852111 ,  1.51226394, -0.53176339, -0.14701112,  0.8574607 ,
        2.4489843 , -0.07115319, -0.56238003, -0.17163115,  0.01565603,
       -0.34879119, -0.01089874]), array([ 0.08484443,  1.50937001, -0.5326624 , -0.1469328 ,  0.85569223,
        2.44892938, -0.07333329, -0.57878634, -0.1798028 ,  0.01566363,
       -0.35369417, -0.01098382]), array([ 0.08446736,  1.5063974 , -0.53360039, -0.14685446,  0.85390116,
        2.44887404, -0.07541434, -0.59452328, -0.18759789,  0.0156674 ,
       -0.35821336, -0.01106957]), array([ 0.08408037,  1.5033494 , -0.53457539, -0.14677613,  0.85208946,
        2.44881826, -0.07739724, -0.60959993, -0.19500071,  0.01566762,
       -0.36234053, -0.01115521]), array([ 0.08368396,  1.50022928, -0.53558538, -0.1466978 ,  0.85025913,
        2.44876206, -0.07928279, -0.62402438, -0.20199714,  0.0156645 ,
       -0.36606577, -0.01124042]), array([ 0.0832786 ,  1.49704026, -0.53662825, -0.14661951,  0.84841224,
        2.44870543, -0.08107178, -0.63780375, -0.20857439,  0.01565813,
       -0.36937802, -0.01132512]), array([ 0.08286478,  1.49378553, -0.53770186, -0.14654127,  0.84655091,
        2.44864838, -0.0827649 , -0.65094429, -0.21472084,  0.01564854,
       -0.37226558, -0.01140938]), array([ 0.08244296,  1.49046828, -0.53880399, -0.14646309,  0.84467733,
        2.44859092, -0.08436283, -0.6634514 , -0.22042588,  0.01563565,
       -0.37471644, -0.0114933 ]), array([ 0.08201363,  1.48709163, -0.53993238, -0.14638499,  0.84279373,
        2.44853303, -0.08586613, -0.67532976, -0.22567984,  0.01561931,
       -0.37671856, -0.01157701]), array([ 0.08157725,  1.48365871, -0.54108475, -0.146307  ,  0.84090243,
        2.44847473, -0.08727536, -0.68658336, -0.23047385,  0.01559929,
       -0.37826014, -0.01166067]), array([ 0.0811343 ,  1.48017263, -0.54225875, -0.14622912,  0.83900578,
        2.44841601, -0.08859098, -0.69721555, -0.23479985,  0.0155753 ,
       -0.37932978, -0.01174443]), array([ 0.08068523,  1.47663649, -0.54345201, -0.14615139,  0.8371062 ,
        2.44835687, -0.08981343, -0.70722916, -0.23865051,  0.01554701,
       -0.37991667, -0.0118284 ]), array([ 0.08023052,  1.47305336, -0.5446621 , -0.14607382,  0.83520615,
        2.4482973 , -0.0909431 , -0.71662654, -0.24201921,  0.01551401,
       -0.38001071, -0.01191274]), array([ 0.07977062,  1.46942631, -0.5458866 , -0.14599644,  0.83330813,
        2.44823731, -0.09198032, -0.72540962, -0.24490001,  0.01547588,
       -0.37960266, -0.01199753]), array([ 0.07930599,  1.46575841, -0.54712304, -0.14591928,  0.83141471,
        2.4481769 , -0.09292542, -0.73357998, -0.24728768,  0.01543217,
       -0.37868424, -0.01208289]), array([ 0.07883709,  1.46205271, -0.54836893, -0.14584236,  0.82952847,
        2.44811606, -0.09377868, -0.74113893, -0.24917766,  0.01538239,
       -0.3772482 , -0.01216888]), array([ 0.07836439,  1.45831228, -0.54962176, -0.14576573,  0.82765203,
        2.44805478, -0.09454037, -0.74808756, -0.25056609,  0.01532607,
       -0.37528844, -0.01225559]), array([ 0.07788834,  1.45454014, -0.55087901, -0.14568942,  0.82578803,
        2.44799306, -0.09521076, -0.75442679, -0.25144982,  0.01526269,
       -0.37280008, -0.01234305]), array([ 0.07740939,  1.45073935, -0.55213814, -0.14561346,  0.82393913,
        2.44793091, -0.0957901 , -0.76015746, -0.25182642,  0.01519176,
       -0.36977951, -0.0124313 ]), array([ 0.07692858,  1.44691285, -0.55339703, -0.14553972,  0.82210642,
        2.44786863, -0.09616082, -0.76530017, -0.25177839,  0.01474838,
       -0.36654279, -0.01245502]), array([ 0.07644642,  1.44306362, -0.55465317, -0.14546797,  0.82029284,
        2.44780606, -0.09643328, -0.76984591, -0.25122857,  0.01435042,
       -0.36271535, -0.01251429]), array([ 0.07596337,  1.43919465, -0.55590404, -0.14539804,  0.81850129,
        2.4477431 , -0.09660917, -0.77379402, -0.25017403,  0.01398608,
       -0.35831098, -0.01259222]), array([ 0.07547992,  1.43530893, -0.55714711, -0.14532981,  0.81673458,
        2.4476797 , -0.09668999, -0.77714427, -0.24861334,  0.01364622,
       -0.35334165, -0.01267976]), array([ 0.07499654,  1.43140945, -0.55837984, -0.14526319,  0.81499549,
        2.44761584, -0.09667704, -0.7798969 , -0.24654645,  0.01332365,
       -0.34781835, -0.01277213]), array([ 0.07451368,  1.42749919, -0.55959972, -0.14519812,  0.81328673,
        2.4475515 , -0.09657152, -0.78205256, -0.24397454,  0.0130127 ,
       -0.34175172, -0.01286679]), array([ 0.07403181,  1.42358112, -0.56080422, -0.14513458,  0.81161097,
        2.44748669, -0.09637458, -0.78361238, -0.24089996,  0.01270885,
       -0.33515253, -0.01296244]), array([ 0.07355137,  1.41965823, -0.56199085, -0.14507254,  0.80997081,
        2.4474214 , -0.09608732, -0.78457796, -0.23732612,  0.01240853,
       -0.32803203, -0.0130584 ]), array([ 0.07307282,  1.41573348, -0.56315713, -0.14501199,  0.80836879,
        2.44735563, -0.09571085, -0.78495139, -0.23325746,  0.01210891,
       -0.32040224, -0.01315432]), array([ 0.07259658,  1.4118098 , -0.56430063, -0.14495295,  0.80680741,
        2.44728938, -0.0952463 , -0.78473532, -0.22869944,  0.01180776,
       -0.31227608, -0.01325   ]), array([ 0.07212311,  1.40789014, -0.56541892, -0.14489544,  0.80528908,
        2.44722265, -0.09469485, -0.78393295, -0.22365848,  0.01150334,
       -0.30366756, -0.01334528]), array([ 0.07165282,  1.40397739, -0.56650963, -0.14483947,  0.80381612,
        2.44715545, -0.09405773, -0.78254807, -0.21814197,  0.0111943 ,
       -0.2945918 , -0.01344006]), array([ 0.07118614,  1.40007447, -0.56757042, -0.14478507,  0.80239079,
        2.44708778, -0.09333626, -0.7805851 , -0.21215823,  0.01087966,
       -0.28506517, -0.0135342 ]), array([ 0.07072348,  1.39618422, -0.56859901, -0.14473227,  0.80101526,
        2.44701964, -0.09253185, -0.77804913, -0.20571652,  0.01055869,
       -0.27510524, -0.01362758]), array([ 0.07026525,  1.39230949, -0.56959314, -0.14468112,  0.79969161,
        2.44695104, -0.09164598, -0.77494592, -0.198827  ,  0.01023091,
       -0.26473079, -0.01372003]), array([ 0.06981185,  1.38845308, -0.57055065, -0.14463164,  0.7984218 ,
        2.44688199, -0.09068027, -0.77128195, -0.19150072,  0.00989607,
       -0.25396184, -0.01381139]), array([ 0.06936367,  1.38461776, -0.57146939, -0.14458387,  0.7972077 ,
        2.44681248, -0.08963644, -0.76706442, -0.18374963,  0.00955407,
       -0.24281956, -0.01390148]), array([ 0.06892109,  1.38080626, -0.57234733, -0.14453784,  0.79605107,
        2.44674253, -0.08851635, -0.76230131, -0.17558652,  0.00920497,
       -0.23132623, -0.01399009]), array([ 0.06848448,  1.37702125, -0.57318245, -0.1444936 ,  0.79495355,
        2.44667214, -0.08732196, -0.75700135, -0.16702503,  0.00884898,
       -0.2195052 , -0.01407702]), array([ 0.0680542 ,  1.37326538, -0.57397285, -0.14445117,  0.79391664,
        2.44660133, -0.08605537, -0.75117405, -0.15807961,  0.00848641,
       -0.20738081, -0.01416204]), array([ 0.06762889,  1.3695416 , -0.57471504, -0.14440556,  0.79294898,
        2.44652906, -0.08506095, -0.74475516, -0.14843841,  0.00912235,
       -0.19353224, -0.01445385]), array([ 0.06720884,  1.36585266, -0.57540712, -0.14435765,  0.79205036,
        2.44645592, -0.08401052, -0.73778943, -0.13841504,  0.00958055,
       -0.17972334, -0.01462907]), array([ 0.06679433,  1.36220117, -0.57604732, -0.14430816,  0.7912208 ,
        2.4463822 , -0.0829028 , -0.73029691, -0.12803977,  0.00989777,
       -0.16591374, -0.01474289]), array([ 0.06638564,  1.35858969, -0.57663402, -0.14425765,  0.7904604 ,
        2.44630808, -0.0817374 , -0.7222969 , -0.11733983,  0.0101024 ,
       -0.15208018, -0.01482462]), array([ 0.06598307,  1.35502065, -0.57716572, -0.14420657,  0.78976933,
        2.44623363, -0.08051459, -0.7138083 , -0.1063404 ,  0.01021659,
       -0.13821235, -0.01488958]), array([ 0.06558689,  1.3514964 , -0.57764104, -0.14415528,  0.78914778,
        2.44615891, -0.07923521, -0.70484984, -0.09506522,  0.01025787,
       -0.12430973, -0.01494556]), array([ 0.06519739,  1.34801919, -0.57805873, -0.14410408,  0.78859589,
        2.44608392, -0.07790056, -0.69544026, -0.08353712,  0.01024019,
       -0.11037915, -0.01499632]), array([ 0.06481483,  1.3445912 , -0.57841762, -0.1440532 ,  0.78811372,
        2.44600871, -0.07651233, -0.68559846, -0.07177832,  0.01017478,
       -0.09643299, -0.01504352]), array([ 0.06443946,  1.34121448, -0.57871667, -0.14400285,  0.78770129,
        2.44593327, -0.07507255, -0.67534358, -0.05981073,  0.01007072,
       -0.08248772, -0.01508774]), array([ 0.06407155,  1.33789101, -0.57895495, -0.14395317,  0.78735847,
        2.44585762, -0.07358352, -0.66469506, -0.04765606,  0.00993544,
       -0.06856284, -0.01512901]), array([ 0.06371131,  1.33462265, -0.57913163, -0.1439043 ,  0.78708507,
        2.44578179, -0.07204777, -0.65367271, -0.03533597,  0.00977505,
       -0.05468   , -0.01516715]), array([ 0.06335897,  1.33141116, -0.57924599, -0.14385633,  0.78688076,
        2.44570578, -0.07046804, -0.64229668, -0.02287211,  0.0095946 ,
       -0.04086235, -0.01520186]), array([ 0.06301473,  1.32825822, -0.57929743, -0.14380933,  0.78674509,
        2.44562961, -0.06884726, -0.63058752, -0.01028616,  0.00939833,
       -0.02713397, -0.01523283]), array([ 6.26787892e-02,  1.32516539e+00, -5.79285425e-01, -1.43763385e-01,
        7.86677492e-01,  2.44555331e+00, -6.71884739e-02, -6.18566112e-01,
        2.40016853e-03,  9.18983125e-03, -1.35194820e-02, -1.52597675e-02]), array([ 6.23513148e-02,  1.32213413e+00, -5.79209599e-01, -1.43718524e-01,
        7.86677274e-01,  2.44547690e+00, -6.54948714e-02, -6.06253716e-01,
        1.51651357e-02,  8.97214642e-03, -4.36752884e-05, -1.52824251e-02]), array([ 0.06203247,  1.31916577, -0.57906966, -0.14367478,  0.78674362,
        2.4454004 , -0.06376973, -0.59367189,  0.02798701,  0.0087479 ,
        0.01326875, -0.01530059]), array([ 0.06172238,  1.31626155, -0.57886544, -0.14363219,  0.78687558,
        2.44532383, -0.06201641, -0.58084249,  0.0408441 ,  0.00851937,
        0.02639343, -0.0153141 ]), array([ 0.06142119,  1.31342262, -0.57859687, -0.14359075,  0.78707212,
        2.44524721, -0.06023832, -0.5677876 ,  0.05371479,  0.00828854,
        0.03930653, -0.01532283]), array([ 0.061129  ,  1.31064997, -0.57826398, -0.14355046,  0.78733204,
        2.44517058, -0.05843894, -0.55452953,  0.06657762,  0.00805716,
        0.05198488, -0.01532668]), array([ 0.06084589,  1.30794451, -0.57786693, -0.14351133,  0.78765407,
        2.44509395, -0.05662174, -0.54109073,  0.07941128,  0.00782681,
        0.06440614, -0.01532561]), array([ 0.06057194,  1.30530705, -0.57740595, -0.14347333,  0.78803682,
        2.44501735, -0.05479023, -0.52749375,  0.09219472,  0.00759884,
        0.07654891, -0.0153196 ]), array([ 0.0603072 ,  1.30273824, -0.57688142, -0.14343646,  0.78847878,
        2.44494081, -0.05294791, -0.51376121,  0.10490717,  0.00737452,
        0.08839281, -0.01530864]), array([ 0.06005171,  1.30023866, -0.57629377, -0.14340068,  0.78897837,
        2.44486435, -0.05109824, -0.49991573,  0.11752822,  0.00715493,
        0.09991857, -0.01529279]), array([ 0.05980548,  1.29780876, -0.57564359, -0.14336598,  0.78953391,
        2.44478799, -0.04924467, -0.48597986,  0.13003782,  0.00694108,
        0.1111081 , -0.0152721 ]), array([ 0.05956853,  1.29544888, -0.5749315 , -0.14333231,  0.79014364,
        2.44471175, -0.04739061, -0.47197606,  0.14241641,  0.00673384,
        0.12194456, -0.01524665]), array([ 0.05934083,  1.29315925, -0.57415828, -0.14329964,  0.7908057 ,
        2.44463567, -0.0455394 , -0.45792664,  0.15464492,  0.00653399,
        0.13241236, -0.01521656]), array([ 0.05912236,  1.29093998, -0.57332475, -0.14326793,  0.79151819,
        2.44455976, -0.04369431, -0.44385366,  0.16670481,  0.00634223,
        0.14249725, -0.01518195]), array([ 0.05891307,  1.28879108, -0.57243186, -0.14323713,  0.79227912,
        2.44448405, -0.04185854, -0.42977896,  0.17857816,  0.00615916,
        0.15218633, -0.01514297]), array([ 0.05871289,  1.28671246, -0.57148063, -0.14320721,  0.79308646,
        2.44440855, -0.04003521, -0.41572403,  0.19024767,  0.0059853 ,
        0.16146805, -0.01509977]), array([ 0.05852176,  1.28470391, -0.57047214, -0.1431781 ,  0.79393812,
        2.44433328, -0.03822733, -0.40171   ,  0.20169674,  0.00582107,
        0.17033223, -0.01505254]), array([ 0.05833957,  1.28276513, -0.56940759, -0.14314977,  0.79483197,
        2.44425828, -0.03643779, -0.38775759,  0.21290946,  0.00566684,
        0.17877009, -0.01500146]), array([ 0.05816622,  1.28089569, -0.56828824, -0.14312215,  0.79576584,
        2.44418354, -0.0346694 , -0.37388706,  0.22387071,  0.00552288,
        0.18677421, -0.01494675]), array([ 0.0580016 ,  1.2790951 , -0.56711541, -0.1430952 ,  0.79673753,
        2.4441091 , -0.03292482, -0.36011815,  0.23456611,  0.0053894 ,
        0.19433853, -0.0148886 ]), array([ 0.05784556,  1.27736275, -0.5658905 , -0.14306887,  0.79774482,
        2.44403496, -0.0312066 , -0.34647007,  0.24498214,  0.00526654,
        0.20145835, -0.01482725]), array([ 0.05769798,  1.27569794, -0.56461497, -0.1430431 ,  0.79878548,
        2.44396115, -0.02951715, -0.33296144,  0.25510608,  0.00515436,
        0.20813029, -0.01476293]), array([ 0.05755868,  1.27409989, -0.56329034, -0.14301784,  0.79985724,
        2.44388767, -0.02785875, -0.31961024,  0.26492609,  0.00505286,
        0.21435227, -0.01469587]), array([ 0.05742752,  1.27256772, -0.56191818, -0.14299303,  0.80095785,
        2.44381454, -0.02623353, -0.30643382,  0.27443121,  0.00496198,
        0.22012347, -0.01462631]), array([ 0.0573043 ,  1.27110048, -0.56050013, -0.14296862,  0.80208508,
        2.44374177, -0.02464349, -0.29344881,  0.28361137,  0.00488159,
        0.22544432, -0.0145545 ]), array([ 0.05718885,  1.26969712, -0.55903784, -0.14294456,  0.80323666,
        2.44366936, -0.02309046, -0.28067116,  0.29245739,  0.00481153,
        0.23031641, -0.01448069]), array([ 0.05708097,  1.26835654, -0.55753303, -0.1429208 ,  0.80441037,
        2.44359734, -0.02157615, -0.26811604,  0.30096101,  0.00475155,
        0.23474248, -0.01440513]), array([ 0.05698046,  1.26707755, -0.55598746, -0.1428973 ,  0.805604  ,
        2.4435257 , -0.0201021 , -0.25579788,  0.30911491,  0.00470137,
        0.23872638, -0.01432806]), array([ 0.05688711,  1.2658589 , -0.5544029 , -0.14287399,  0.80681537,
        2.44345445, -0.01866973, -0.24373032,  0.31691265,  0.00466067,
        0.24227297, -0.01424973]), array([ 0.05680071,  1.26469927, -0.55278115, -0.14285085,  0.80804231,
        2.4433836 , -0.01728028, -0.23192621,  0.32434873,  0.00462908,
        0.24538812, -0.01417039]), array([ 0.05672103,  1.26359728, -0.55112406, -0.14282782,  0.8092827 ,
        2.44331315, -0.01593485, -0.22039757,  0.33141855,  0.00460619,
        0.24807863, -0.01409028]), array([ 0.05664786,  1.2625515 , -0.54943347, -0.14280486,  0.81053446,
        2.4432431 , -0.01463443, -0.20915561,  0.3381184 ,  0.00459157,
        0.25035215, -0.01400963]), array([ 0.05658096,  1.26156045, -0.54771124, -0.14278193,  0.81179555,
        2.44317345, -0.01337981, -0.1982107 ,  0.34444549,  0.00458475,
        0.25221716, -0.01392867]), array([ 0.0565201 ,  1.26062259, -0.54595925, -0.14275901,  0.81306396,
        2.44310422, -0.0121717 , -0.18757238,  0.35039787,  0.00458524,
        0.25368289, -0.01384764]), array([ 0.05646505,  1.25973634, -0.54417938, -0.14273605,  0.81433776,
        2.44303538, -0.01101062, -0.17724936,  0.35597445,  0.00459251,
        0.25475924, -0.01376675]), array([ 0.05641556,  1.2589001 , -0.5423735 , -0.14271302,  0.81561504,
        2.44296695, -0.009897  , -0.1672495 ,  0.36117501,  0.00460605,
        0.25545674, -0.0136862 ]), array([ 0.05637141,  1.2581122 , -0.5405435 , -0.14268989,  0.81689397,
        2.44289892, -0.00883112, -0.15757983,  0.3660001 ,  0.0046253 ,
        0.25578651, -0.01360621]), array([ 0.05633234,  1.25737096, -0.53869125, -0.14266664,  0.81817278,
        2.44283129, -0.00781314, -0.14824656,  0.3704511 ,  0.00464973,
        0.25576014, -0.01352695]), array([ 0.05629813,  1.25667469, -0.5368186 , -0.14264325,  0.81944972,
        2.44276404, -0.0068431 , -0.13925507,  0.37453011,  0.00467876,
        0.25538969, -0.01344863]), array([ 0.05626852,  1.25602164, -0.5349274 , -0.14261969,  0.82072316,
        2.44269718, -0.00592092, -0.13060994,  0.37823999,  0.00471184,
        0.25468757, -0.0133714 ]), array([ 0.05624329,  1.25541006, -0.53301948, -0.14259595,  0.82199149,
        2.44263071, -0.00504644, -0.12231494,  0.38158431,  0.00474842,
        0.25366654, -0.01329544]), array([ 0.05622219,  1.2548382 , -0.53109664, -0.14257201,  0.82325319,
        2.4425646 , -0.00421935, -0.11437308,  0.38456728,  0.00478795,
        0.25233962, -0.01322089]), array([ 0.056205  ,  1.25430427, -0.52916067, -0.14254786,  0.82450679,
        2.44249886, -0.00343928, -0.10678657,  0.38719379,  0.00482987,
        0.25072005, -0.01314791]), array([ 0.05619147,  1.25380648, -0.52721332, -0.14252349,  0.8257509 ,
        2.44243348, -0.00270575, -0.09955692,  0.38946931,  0.00487367,
        0.24882121, -0.01307662]), array([ 5.61813772e-02,  1.25334306e+00, -5.25256324e-01, -1.42498894e-01,
        8.26984182e-01,  2.44236844e+00, -2.01819133e-03, -9.26848692e-02,
        3.91399865e-01,  4.91880498e-03,  2.46656596e-01, -1.30071527e-02]), array([ 5.61744974e-02,  1.25291220e+00, -5.23291364e-01, -1.42474070e-01,
        8.28205380e-01,  2.44230375e+00, -1.37596487e-03, -8.61704663e-02,
        3.92992043e-01,  4.96478843e-03,  2.44239781e-01, -1.29396097e-02]), array([ 5.61706056e-02,  1.25251214e+00, -5.21320100e-01, -1.42449015e-01,
        8.29413302e-01,  2.44223938e+00, -7.78346683e-04, -8.00130757e-02,
        3.94252912e-01,  5.01112881e-03,  2.41584333e-01, -1.28740964e-02]), array([ 5.61694829e-02,  1.25214108e+00, -5.19344150e-01, -1.42423728e-01,
        8.30606821e-01,  2.44217532e+00, -2.24545039e-04, -7.42113995e-02,
        3.95190004e-01,  5.05735866e-03,  2.38703797e-01, -1.28107040e-02]), array([ 5.61709144e-02,  1.25179726e+00, -5.17365093e-01, -1.42398213e-01,
        8.31784879e-01,  2.44211158e+00,  2.86296544e-04, -6.87635033e-02,
        3.95811274e-01,  5.10303133e-03,  2.35611649e-01, -1.27495135e-02]), array([ 5.61746899e-02,  1.25147893e+00, -5.15384468e-01, -1.42372474e-01,
        8.32946486e-01,  2.44204812e+00,  7.55093847e-04, -6.36668424e-02,
        3.96125063e-01,  5.14772224e-03,  2.32321255e-01, -1.26905959e-02]), array([ 5.61806039e-02,  1.25118434e+00, -5.13403768e-01, -1.42346519e-01,
        8.34090715e-01,  2.44198495e+00,  1.18281659e-03, -5.89182875e-02,
        3.96140064e-01,  5.19102993e-03,  2.28845839e-01, -1.26340128e-02]), array([ 5.61884564e-02,  1.25091177e+00, -5.11424441e-01, -1.42320356e-01,
        8.35216707e-01,  2.44192205e+00,  1.57048321e-03, -5.45141525e-02,
        3.95865281e-01,  5.23257694e-03,  2.25198448e-01, -1.25798163e-02]), array([ 5.61980521e-02,  1.25065952e+00, -5.09447891e-01, -1.42293996e-01,
        8.36323667e-01,  2.44185941e+00,  1.91915574e-03, -5.04502214e-02,
        3.95309998e-01,  5.27201043e-03,  2.21391924e-01, -1.25280493e-02]), array([ 5.62092018e-02,  1.25042591e+00, -5.07475472e-01, -1.42267451e-01,
        8.37410861e-01,  2.44179702e+00,  2.22993486e-03, -4.67217769e-02,
        3.94483744e-01,  5.30900257e-03,  2.17438878e-01, -1.24787462e-02]), array([ 0.05622172,  1.25020929, -0.50550849, -0.14224073,  0.83847762,
        2.44173486,  0.00250396, -0.04332363,  0.39339625,  0.00534325,
        0.21335166, -0.01243193]), array([ 0.05623543,  1.25000804, -0.5035482 , -0.14221386,  0.83952333,
        2.44167292,  0.00274238, -0.04025014,  0.39205744,  0.00537448,
        0.20914234, -0.01238763]), array([ 0.05625017,  1.24982056, -0.50159582, -0.14218685,  0.84054744,
        2.44161119,  0.0029464 , -0.03749526,  0.39047736,  0.00540243,
        0.20482271, -0.01234584]), array([ 0.05626575,  1.2496453 , -0.49965249, -0.14215972,  0.84154947,
        2.44154966,  0.00311722, -0.03505256,  0.38866617,  0.00542689,
        0.20040421, -0.01230658]), array([ 0.05628203,  1.24948072, -0.49771932, -0.14213248,  0.84252896,
        2.44148831,  0.00325607, -0.03291522,  0.38663414,  0.00544764,
        0.19589799, -0.01226983]), array([ 0.05629885,  1.24932534, -0.49579736, -0.14210515,  0.84348553,
        2.44142713,  0.00336419, -0.03107613,  0.38439156,  0.00546451,
        0.19131483, -0.01223559]), array([ 0.05631607,  1.2491777 , -0.49388761, -0.14207777,  0.84441886,
        2.44136611,  0.00344282, -0.02952785,  0.38194876,  0.00547734,
        0.18666517, -0.01220384]), array([ 0.05633353,  1.24903639, -0.49199103, -0.14205034,  0.84532865,
        2.44130524,  0.00349322, -0.02826267,  0.37931607,  0.00548601,
        0.18195911, -0.01217457]), array([ 0.05635112,  1.24890003, -0.49010851, -0.14202289,  0.84621468,
        2.4412445 ,  0.00351664, -0.02727265,  0.37650379,  0.00549039,
        0.17720635, -0.01214774]), array([ 0.05636869,  1.24876728, -0.4882409 , -0.14199543,  0.84707676,
        2.44118388,  0.00351434, -0.02654959,  0.37352218,  0.00549041,
        0.17241626, -0.01212332]), array([ 0.05638613,  1.24863685, -0.486389  , -0.141968  ,  0.84791475,
        2.44112338,  0.00348757, -0.02608512,  0.37038143,  0.00548599,
        0.16759782, -0.01210128]), array([ 0.05640331,  1.2485075 , -0.48455354, -0.14194062,  0.84872855,
        2.44106297,  0.00343757, -0.02587071,  0.36709162,  0.00547708,
        0.16275963, -0.01208159]), array([ 0.05642014,  1.24837801, -0.48273522, -0.1419133 ,  0.8495181 ,
        2.44100265,  0.00336558, -0.02589765,  0.36366273,  0.00546366,
        0.15790995, -0.01206418]), array([ 0.05990206,  1.2500463 , -0.47937768, -0.13606909,  0.84933226,
        2.45054226,  0.69638341,  0.33365802,  0.67150834,  1.16884301,
       -0.0371679 ,  1.90792189]), array([ 0.06574238,  1.24719817, -0.47294236, -0.13059189,  0.85558245,
        2.44984962,  1.16806468, -0.56962711,  1.28706454,  1.09543866,
        1.25003752, -0.13852772]), array([ 0.07262344,  1.23995181, -0.46226629, -0.12688953,  0.86544828,
        2.43939247,  1.37621242, -1.44927212,  2.13521466,  0.74047295,
        1.97316589, -2.09142963]), array([ 0.08048462,  1.23571552, -0.4530452 , -0.11979548,  0.87417334,
        2.43903379,  1.57223533, -0.84725779,  1.84421735,  1.41880905,
        1.7450114 , -0.07173612]), array([ 0.08901005,  1.23537168, -0.44699994, -0.10895743,  0.87984062,
        2.42797176,  1.70508532, -0.06876673,  1.20905272,  2.16761044,
        1.13345645, -2.21240604]), array([ 0.09707519,  1.23212383, -0.44001756, -0.10225341,  0.88608968,
        2.42813236,  1.6130287 , -0.64956978,  1.39647518,  1.3408035 ,
        1.2498127 ,  0.0321197 ]), array([ 0.1056746 ,  1.22427657, -0.42870478, -0.09204197,  0.89620398,
        2.43820231,  1.71988134, -1.56945328,  2.26255521,  2.04228889,
        2.02286027,  2.01398916]), array([ 0.11377838,  1.21956708, -0.41860796, -0.08581544,  0.90511393,
        2.437867  ,  1.62075639, -0.94189803,  2.01936588,  1.24530481,
        1.78199036, -0.06706084]), array([ 0.12143609,  1.21180438, -0.40697724, -0.08284284,  0.9150493 ,
        2.42781811,  1.53154264, -1.55253863,  2.32614344,  0.59451989,
        1.98707241, -2.00977894]), array([ 0.12959449,  1.1997955 , -0.39161901, -0.07635274,  0.92844515,
        2.42809033,  1.63167997, -2.40177711,  3.07164575,  1.29802095,
        2.67917007,  0.05444495]), array([ 0.13829797,  1.19105365, -0.37789954, -0.06626098,  0.94057102,
        2.41760986,  1.74069546, -1.74837026,  2.74389328,  2.01835187,
        2.42517376, -2.09609392]), array([ 0.14742398,  1.17936304, -0.36306703, -0.05306625,  0.95351153,
        2.41757618,  1.82520182, -2.33812214,  2.96650167,  2.63894657,
        2.58810324, -0.00673541]), array([ 0.15704499,  1.1708663 , -0.34991699, -0.03722612,  0.965545  ,
        2.42727982,  1.92420255, -1.69934764,  2.6300083 ,  3.16802582,
        2.40669319,  1.94072799]), array([ 0.16617202,  1.15940756, -0.33537869, -0.0250823 ,  0.9788405 ,
        2.42687177,  1.82540611, -2.29174861,  2.90766   ,  2.42876396,
        2.65910058, -0.08160998]), array([ 0.17467843,  1.15144209, -0.32267096, -0.01696008,  0.99026563,
        2.41648394,  1.70128066, -1.59309309,  2.54154591,  1.6244428 ,
        2.2850259 , -2.07756727]), array([ 0.18364339,  1.14764608, -0.31377534, -0.00601797,  0.998423  ,
        2.41632029,  1.79299274, -0.75920221,  1.7791244 ,  2.18842318,
        1.63147393, -0.03272894]), array([ 1.92084324e-01,  1.14073829e+00, -3.03472234e-01,  1.37144475e-03,
        1.00802071e+00,  2.40641523e+00,  1.68818694e+00, -1.38155719e+00,
        2.06062154e+00,  1.47788271e+00,  1.91954110e+00, -1.98101197e+00]), array([ 0.19983422,  1.13700348, -0.29455703,  0.00432575,  1.01582473,
        2.40731437,  1.54998009, -0.74696181,  1.78304015,  0.5908612 ,
        1.56080485,  0.17982681]), array([ 0.20836116,  1.13687304, -0.28819237,  0.01067665,  1.02087399,
        2.41792849,  1.70538767, -0.02608882,  1.27293281,  1.2701798 ,
        1.00985119,  2.12282357]), array([ 0.21649029,  1.13331255, -0.27957327,  0.01378378,  1.0270144 ,
        2.4183199 ,  1.62582585, -0.71209859,  1.72381953,  0.62142636,
        1.22808319,  0.07828289]), array([ 0.22809638,  1.13211615, -0.27007939,  0.02361032,  1.0316525 ,
        2.40783465,  2.32121798, -0.23927869,  1.8987771 ,  1.96530822,
        0.92761905, -2.09705013]), array([ 0.24054312,  1.12861326, -0.25873454,  0.03200274,  1.03717705,
        2.40409341,  2.48934761, -0.70057976,  2.26896935,  1.67848315,
        1.10491141, -0.74824717]), array([ 0.25289146,  1.12360923, -0.2462007 ,  0.03873344,  1.04325654,
        2.4047247 ,  2.46966869, -1.0008048 ,  2.50676709,  1.34614085,
        1.21589773,  0.12625715]), array([ 0.26612326,  1.11420385, -0.22893964,  0.0495719 ,  1.05231813,
        2.39478561,  2.64635964, -1.8810766 ,  3.45221365,  2.16769176,
        1.81231746, -1.98781848]), array([ 0.2790194 ,  1.10347913, -0.21063777,  0.05859928,  1.06193777,
        2.38130866,  2.57922705, -2.14494348,  3.66037403,  1.80547622,
        1.92392828, -2.69538864]), array([ 0.2922716 ,  1.09463271, -0.19304179,  0.06933072,  1.07113267,
        2.37418745,  2.65044065, -1.76928502,  3.51919451,  2.14628827,
        1.83897965, -1.42424273]), array([ 0.3052539 ,  1.08778532, -0.17762038,  0.07809776,  1.07850937,
        2.37153743,  2.5964605 , -1.36947793,  3.08428266,  1.75340763,
        1.47533967, -0.53000372]), array([ 0.31796931,  1.08047396, -0.16215975,  0.08576651,  1.08576147,
        2.36702172,  2.54308156, -1.46227028,  3.09212646,  1.5337497 ,
        1.4504208 , -0.90314306]), array([ 0.33157575,  1.07566098, -0.14754771,  0.09635418,  1.09164725,
        2.3704392 ,  2.72128719, -0.96259706,  2.92240769,  2.11753366,
        1.17715466,  0.68349635]), array([ 0.34492487,  1.07182526, -0.1340296 ,  0.10574088,  1.09651212,
        2.37579788,  2.66982543, -0.76714372,  2.70362166,  1.87734062,
        0.97297401,  1.07173563]), array([ 0.35992191,  1.06441428, -0.1177346 ,  0.11968246,  1.10300842,
        2.37042541,  2.99940637, -1.48219693,  3.25900041,  2.7883156 ,
        1.29926099, -1.07449349]), array([ 0.37536231,  1.05867028, -0.10124755,  0.13571487,  1.10869604,
        2.35881739,  3.08808134, -1.1487998 ,  3.29740928,  3.20648223,
        1.13752477, -2.32160471]), array([ 0.39096872,  1.05138398, -0.08310749,  0.15267255,  1.11490155,
        2.34347127,  3.1212825 , -1.45725901,  3.62801327,  3.39153517,
        1.24110201, -3.0692229 ]), array([ 0.40642095,  1.04340571, -0.06426506,  0.16945059,  1.12131411,
        2.3307287 ,  3.09044591, -1.59565385,  3.76848587,  3.35560942,
        1.28251181, -2.5485149 ]), array([ 0.42184018,  1.03470716, -0.04477388,  0.18544417,  1.12839683,
        2.32065092,  3.0838443 , -1.7397102 ,  3.89823456,  3.19871563,
        1.41654333, -2.01555583]), array([ 0.43689876,  1.026364  , -0.0262966 ,  0.19994156,  1.1342513 ,
        2.3110865 ,  3.01171658, -1.66863234,  3.69545762,  2.89947797,
        1.17089484, -1.91288293]), array([ 0.45202081,  1.01730372, -0.00712187,  0.21377994,  1.14114134,
        2.29969629,  3.02441066, -1.81205633,  3.83494597,  2.76767483,
        1.3780068 , -2.27804238]), array([ 0.46621229,  1.00860299,  0.01063843,  0.22885628,  1.14482648,
        2.28872127,  2.83829507, -1.74014635,  3.55205978,  3.01526871,
        0.73702904, -2.19500479]), array([ 0.47957583,  1.00026915,  0.02719957,  0.24468046,  1.14618196,
        2.27816034,  2.67270757, -1.66676782,  3.31222749,  3.16483536,
        0.27109617, -2.11218455]), array([ 0.49219735,  0.99230838,  0.04273324,  0.26085227,  1.14584891,
        2.26801036,  2.52430447, -1.59215387,  3.10673345,  3.23436253,
       -0.06661004, -2.02999687]), array([ 0.50414946,  0.98472428,  0.05737615,  0.2770482 ,  1.14429395,
        2.25826663,  2.39042241, -1.51681987,  2.92858247,  3.23918662,
       -0.31099287, -1.94874496]), array([ 0.51549396,  0.97751748,  0.07123731,  0.29300984,  1.14185404,
        2.24892325,  2.26889935, -1.44136013,  2.77223185,  3.19232683,
       -0.4879825 , -1.86867794]), array([ 0.52628373,  0.97068576,  0.08440395,  0.30853375,  1.13877023,
        2.23997316,  2.15795531, -1.36634388,  2.633328  ,  3.10478185,
       -0.61676183, -1.79001684]), array([ 0.53656428,  0.96422442,  0.0969463 ,  0.32346272,  1.13521299,
        2.23140834,  2.05610932, -1.29226807,  2.50847103,  2.9857958 ,
       -0.71144842, -1.71296399]), array([ 0.54637488,  0.95812671,  0.10892138,  0.33767821,  1.13130116,
        2.22321982,  1.96211958, -1.21954149,  2.39501515,  2.84309618,
       -0.78236472, -1.6377045 ]), array([ 0.55574957,  0.95238429,  0.12037591,  0.35109373,  1.12711618,
        2.2153978 ,  1.87493878, -1.148485  ,  2.29090517,  2.68310567,
       -0.83699706, -1.56440451]), array([ 0.56471797,  0.94698759,  0.13134863,  0.36364938,  1.12271258,
        2.20793175,  1.79368006, -1.07933936,  2.19454536,  2.51112921,
       -0.88071942, -1.4932088 ]), array([ 0.57330592,  0.94192621,  0.14187211,  0.37530697,  1.11812588,
        2.20081056,  1.71759027, -1.01227601,  2.10469576,  2.33151846,
       -0.91733911, -1.42423884]), array([ 0.58153607,  0.93718917,  0.15197407,  0.38604605,  1.11337835,
        2.1940226 ,  1.64602853, -0.94740832,  2.02039112,  2.14781546,
       -0.94950768, -1.35759184]), array([ 0.58942831,  0.93276516,  0.16167846,  0.39586044,  1.1084832 ,
        2.18755589,  1.57844884, -0.88480222,  1.94087785,  1.96287751,
       -0.97902979, -1.29334075]), array([ 0.59700024,  0.92864273,  0.17100628,  0.40475536,  1.10344772,
        2.18139822,  1.51438563, -0.82448557,  1.86556524,  1.77898526,
       -1.00709467, -1.2315351 ]), array([ 0.60426745,  0.92481045,  0.17997622,  0.41274504,  1.09827548,
        2.17553721,  1.45344173, -0.76645628,  1.79398774,  1.59793591,
       -1.03444911, -1.1722026 ]), array([ 0.61124384,  0.921257  ,  0.1886051 ,  0.41985066,  1.09296785,
        2.16996045,  1.39527821, -0.71068913,  1.72577597,  1.42112319,
       -1.06152606, -1.11535104]), array([ 0.61794187,  0.91797129,  0.19690827,  0.42609869,  1.08752515,
        2.1646556 ,  1.33960577, -0.6571414 ,  1.66063433,  1.24960581,
       -1.08853974, -1.06097055]), array([ 0.62437275,  0.91494251,  0.20489989,  0.43151952,  1.08194737,
        2.15961042,  1.28617737, -0.60575755,  1.5983238 ,  1.08416574,
       -1.11555565, -1.00903592]), array([ 0.63054666,  0.91216014,  0.21259314,  0.43614631,  1.07623466,
        2.15481287,  1.234782  , -0.55647297,  1.53864868,  0.92535774,
       -1.14254143, -0.95950891]), array([ 0.63647286,  0.90961406,  0.22000037,  0.44001406,  1.07038765,
        2.15025117,  1.18523935, -0.50921705,  1.48144634,  0.77355123,
       -1.16940366, -0.91234046]), array([ 0.64215984,  0.90729448,  0.22713326,  0.44315889,  1.06440758,
        2.14591381,  1.13739517, -0.46391564,  1.42657945,  0.62896556,
       -1.19601403, -0.8674727 ]), array([ 0.64761542,  0.90519201,  0.23400291,  0.44561739,  1.05829644,
        2.1417896 ,  1.09111742, -0.42049292,  1.37392986,  0.49169967,
       -1.2222276 , -0.82484088]), array([ 0.65284689,  0.90329765,  0.24061988,  0.44742617,  1.05205696,
        2.13786773,  1.04629292, -0.378873  ,  1.32339404,  0.36175676,
       -1.24789537, -0.78437494]), array([ 0.65786101,  0.90160274,  0.24699428,  0.4486215 ,  1.0456926 ,
        2.13413772,  1.00282443, -0.33898106,  1.27487947,  0.23906492,
       -1.27287253, -0.74600104]), array([ 0.66266415,  0.90009902,  0.25313579,  0.44923897,  1.03920748,
        2.13058951,  0.96062827, -0.30074425,  1.22830198,  0.12349423,
       -1.29702372, -0.70964276]), array([ 0.66726231,  0.89877856,  0.25905371,  0.44931332,  1.03260635,
        2.1272134 ,  0.91963222, -0.26409236,  1.18358367,  0.01487075,
       -1.32022605, -0.67522218]), array([ 0.67166118,  0.89763377,  0.26475697,  0.44887826,  1.0258945 ,
        2.1240001 ,  0.8797737 , -0.22895831,  1.14065134, -0.0870119 ,
       -1.34237059, -0.64266077]), array([ 0.67586617,  0.89665738,  0.27025414,  0.44796635,  1.01907768,
        2.12094069,  0.84099828, -0.19527846,  1.09943538, -0.18238319,
       -1.36336283, -0.61188017]), array([ 0.67988246,  0.89584241,  0.27555349,  0.44660891,  1.01216207,
        2.11802668,  0.80325837, -0.16299287,  1.05986886, -0.271488  ,
       -1.38312237, -0.58280274]), array([ 0.68371502,  0.89518219,  0.28066292,  0.444836  ,  1.00515416,
        2.11524992,  0.7665121 , -0.13204535,  1.02188695, -0.35458057,
       -1.40158221, -0.55535209]), array([ 0.68736864,  0.89467027,  0.28559005,  0.4426764 ,  0.99806072,
        2.11260265,  0.73072237, -0.10238354,  0.98542647, -0.43191961,
       -1.41868773, -0.52945345]), array([ 0.69084792,  0.89430047,  0.29034218,  0.44015758,  0.99088874,
        2.11007748,  0.69585604, -0.07395887,  0.95042556, -0.50376442,
       -1.43439557, -0.505034  ]), array([ 0.69415733,  0.89406684,  0.2949263 ,  0.43730572,  0.98364538,
        2.10766737,  0.66188325, -0.04672647,  0.91682356, -0.57037196,
       -1.44867237, -0.48202304]), array([ 0.69730122,  0.89396362,  0.2993491 ,  0.43414575,  0.97633791,
        2.10536561,  0.62877678, -0.02064509,  0.88456083, -0.63199448,
       -1.46149364, -0.46035222]), array([ 0.70028377,  0.89398523,  0.303617  ,  0.43070136,  0.9689737 ,
        2.10316583,  0.59651159,  0.0043231 ,  0.85357873, -0.68887784,
       -1.47284258, -0.43995561]), array([ 0.7031091 ,  0.89412629,  0.3077361 ,  0.42699506,  0.96156015,
        2.10106198,  0.56506437,  0.02821259,  0.82381961, -0.74126024,
       -1.48270903, -0.42076977]), array([ 0.70578116,  0.89438157,  0.31171223,  0.4230482 ,  0.95410471,
        2.09904831,  0.53441314,  0.05105479,  0.79522684, -0.78937132,
       -1.49108848, -0.40273382]), array([ 0.70830385,  0.89474596,  0.31555095,  0.41888105,  0.94661481,
        2.09711936,  0.504537  ,  0.07287817,  0.76774486, -0.83343154,
       -1.4979812 , -0.38578941]), array([ 0.71068093,  0.8952145 ,  0.31925755,  0.41451279,  0.93909785,
        2.09526996,  0.47541577,  0.09370847,  0.74131924, -0.87365187,
       -1.50339144, -0.36988074]), array([ 0.71291608,  0.89578235,  0.32283703,  0.40996162,  0.93156122,
        2.09349519,  0.44702984,  0.1135689 ,  0.71589673, -0.91023362,
       -1.50732673, -0.35495446]), array([ 0.71501287,  0.89644475,  0.32629416,  0.40524478,  0.92401223,
        2.09179039,  0.41935995,  0.13248032,  0.69142538, -0.94336838,
       -1.5097973 , -0.34095971]), array([ 0.71697481,  0.89719705,  0.32963343,  0.40037859,  0.91645815,
        2.09015115,  0.39238702,  0.15046145,  0.66785458, -0.97323814,
       -1.51081555, -0.32784799]), array([ 0.71880527,  0.8980347 ,  0.33285911,  0.39537851,  0.90890617,
        2.08857328,  0.36609201,  0.16752908,  0.64513514, -1.00001551,
       -1.51039559, -0.31557313]), array([ 0.72050755,  0.89895319,  0.33597521,  0.39025919,  0.90136341,
        2.08705283,  0.34045584,  0.1836982 ,  0.62321934, -1.02386388,
       -1.5085529 , -0.30409118]), array([ 0.72208485,  0.8999481 ,  0.33898551,  0.3850345 ,  0.89383689,
        2.08558603,  0.31545928,  0.19898224,  0.60206104, -1.04493779,
       -1.50530397, -0.29336039]), array([ 0.72354026,  0.90101507,  0.34189359,  0.37971758,  0.88633356,
        2.08416932,  0.29108287,  0.21339323,  0.58161567, -1.06338319,
       -1.50066609, -0.28334105]), array([ 0.72487679,  0.90214978,  0.34470279,  0.37432089,  0.87886027,
        2.08279934,  0.26730689,  0.22694193,  0.56184032, -1.07933784,
       -1.49465712, -0.27399549]), array([ 0.72609735,  0.90334797,  0.34741626,  0.36885624,  0.8714238 ,
        2.0814729 ,  0.2441113 ,  0.23963802,  0.54269376, -1.09293163,
       -1.48729533, -0.26528791]), array([ 0.72720473,  0.90460542,  0.35003694,  0.3633348 ,  0.8640308 ,
        2.08018698,  0.22147571,  0.25149025,  0.52413649, -1.10428694,
       -1.47859926, -0.25718439]), array([ 0.72820163,  0.90591795,  0.3525676 ,  0.35776721,  0.85668786,
        2.07893872,  0.1993794 ,  0.26250658,  0.50613069, -1.11351904,
       -1.46858766, -0.24965271]), array([ 0.72909063,  0.90728142,  0.3550108 ,  0.35216352,  0.84940146,
        2.07772541,  0.17780128,  0.27269428,  0.48864035, -1.1207364 ,
       -1.45727938, -0.24266236]), array([ 0.72987423,  0.90869172,  0.35736895,  0.34653332,  0.842178  ,
        2.07654448,  0.15671989,  0.28206011,  0.47163115, -1.12604107,
       -1.44469334, -0.23618439]), array([ 0.7305548 ,  0.91014478,  0.35964431,  0.34088567,  0.83502375,
        2.07539353,  0.13611345,  0.29061038,  0.45507056, -1.12952903,
       -1.43084855, -0.23019137]), array([ 0.7311346 ,  0.91163653,  0.36183895,  0.33522922,  0.82794493,
        2.07427024,  0.11595983,  0.29835111,  0.43892775, -1.13129048,
       -1.415764  , -0.22465729]), array([ 0.73161578,  0.91316297,  0.36395481,  0.32957217,  0.82094764,
        2.07317245,  0.09623663,  0.30528809,  0.42317363, -1.13141023,
       -1.39945878, -0.21955753]), array([ 0.73200039,  0.91472011,  0.36599372,  0.32392233,  0.81403788,
        2.07209811,  0.07692117,  0.31142698,  0.4077808 , -1.12996795,
       -1.38195201, -0.21486874]), array([ 0.73229034,  0.91630397,  0.36795734,  0.31828714,  0.80722157,
        2.07104527,  0.05799053,  0.31677342,  0.39272352, -1.12703847,
       -1.36326289, -0.21056878]), array([ 0.73248745,  0.91791064,  0.36984722,  0.31267368,  0.80050451,
        2.07001208,  0.03942162,  0.32133306,  0.3779777 , -1.12269212,
       -1.34341073, -0.20663669]), array([ 0.7325934 ,  0.9195362 ,  0.37166483,  0.3070887 ,  0.79389244,
        2.06899682,  0.0211912 ,  0.32511167,  0.36352081, -1.11699493,
       -1.32241499, -0.2030526 ]), array([ 0.73260978,  0.92117677,  0.37341149,  0.30153866,  0.78739096,
        2.06799783,  0.00327592,  0.32811521,  0.34933191, -1.11000895,
       -1.3002953 , -0.19979766]), array([ 0.73253805,  0.92282852,  0.37508844,  0.2960297 ,  0.7810056 ,
        2.06701356, -0.01434761,  0.33034983,  0.33539155, -1.10179243,
       -1.27707148, -0.19685403]), array([ 0.73235282,  0.92437906,  0.37657018,  0.29075266,  0.77458113,
        2.06604649, -0.03704471,  0.31010773,  0.29634621, -1.05540673,
       -1.28489456, -0.19341363])], 'U_history': [array([ 1.94485813e-03, -3.83543529e-05, -7.68748724e-05, -7.09853335e-04,
       -4.97328860e-04,  3.76959914e-19]), array([ 0.00916852,  0.06978004, -0.00831689, -0.00513491,  0.10803524,
        0.00711739]), array([ 0.01664714,  0.13817405, -0.00915156, -0.00907805,  0.19453136,
        0.01136707]), array([ 0.024277  ,  0.20494053, -0.00422786, -0.01256744,  0.26423803,
        0.0139784 ]), array([ 0.03198415,  0.2699616 ,  0.00516866, -0.01563372,  0.3211471 ,
        0.01564297]), array([ 0.03971732,  0.3331882 ,  0.0180367 , -0.01831196,  0.36829871,
        0.01675268]), array([ 0.04744209,  0.39462801,  0.03359999, -0.0206404 ,  0.40801193,
        0.01753166]), array([ 0.0551358 ,  0.45433478,  0.05126045, -0.02265826,  0.44205904,
        0.01810952]), array([ 0.06278347,  0.51239736,  0.07056005, -0.0244037 ,  0.47179649,
        0.01856222]), array([ 0.07037499,  0.56892896,  0.09114947, -0.02591247,  0.49826322,
        0.01893497]), array([ 0.07790383,  0.62405801,  0.11276326, -0.02721736,  0.5222549 ,
        0.0192552 ]), array([ 0.08536642,  0.67792154,  0.13520063, -0.02834796,  0.54438083,
        0.01953983]), array([ 0.09276199,  0.73066094,  0.15831113, -0.02933071,  0.56510771,
        0.01979957]), array([ 0.10009223,  0.78241932,  0.18198389, -0.03018907,  0.58479342,
        0.0200413 ]), array([ 0.10736103,  0.83333987,  0.20613933, -0.03094358,  0.60371297,
        0.02026957]), array([ 0.11457409,  0.88356471,  0.23072277, -0.03161209,  0.62207833,
        0.02048744]), array([ 0.12173848,  0.93323403,  0.25569937, -0.03220996,  0.64005352,
        0.02069701]), array([ 0.12886229,  0.98248538,  0.28104994, -0.03275024,  0.65776604,
        0.02089979]), array([ 0.13595435,  1.03145302,  0.30676774, -0.03324395,  0.67531555,
        0.02109689]), array([ 0.14302386,  1.08026742,  0.33285564, -0.03370028,  0.69278037,
        0.02128914]), array([ 0.15342072,  1.12399434,  0.35583703, -0.03559795,  0.70791328,
        0.02147721]), array([ 0.1607202 ,  1.17238379,  0.38241873, -0.035982  ,  0.72540884,
        0.02163187]), array([ 0.16803258,  1.22097769,  0.40941664, -0.03636679,  0.74293414,
        0.02179748]), array([ 0.17536612,  1.26988724,  0.43685253, -0.03675203,  0.76052953,
        0.02196765]), array([ 0.18272858,  1.31921778,  0.46475011, -0.03713755,  0.77822695,
        0.02213914]), array([ 0.19012718,  1.36906841,  0.49313397, -0.03752313,  0.79605159,
        0.02231041]), array([ 0.19756849,  1.41953157,  0.52202863, -0.0379085 ,  0.81402309,
        0.02248083]), array([ 0.20505836,  1.47069273,  0.55145777, -0.03829326,  0.83215645,
        0.02265025]), array([ 0.21260185,  1.52262998,  0.58144352, -0.03867692,  0.85046268,
        0.02281876]), array([ 0.22020319,  1.5754138 ,  0.61200588, -0.03905886,  0.8689493 ,
        0.02298659]), array([ 0.22786572,  1.62910665,  0.64316218, -0.03943838,  0.88762064,
        0.02315402]), array([ 0.23559188,  1.6837628 ,  0.67492667, -0.03981472,  0.90647816,
        0.02332135]), array([ 0.24338315,  1.73942797,  0.70731008, -0.04018702,  0.92552057,
        0.02348885]), array([ 0.25124003,  1.79613916,  0.74031931, -0.0405544 ,  0.944744  ,
        0.02365681]), array([ 0.25916205,  1.85392445,  0.77395712, -0.04091594,  0.96414207,
        0.02382547]), array([ 0.26714777,  1.91280278,  0.80822193, -0.04127068,  0.98370598,
        0.02399506]), array([ 0.27519471,  1.97278387,  0.84310755, -0.04161768,  1.0034246 ,
        0.02416577]), array([ 0.28329945,  2.03386808,  0.8786031 , -0.04195598,  1.02328448,
        0.02433777]), array([ 0.29145756,  2.09604637,  0.91469283, -0.04228464,  1.04326992,
        0.02451118]), array([ 0.29966368,  2.15930024,  0.95135608, -0.04260274,  1.06336306,
        0.0246861 ]), array([ 0.32662141,  2.21081068,  0.97974947, -0.05018214,  1.07814291,
        0.02486259]), array([ 0.33537549,  2.27562942,  1.01727922, -0.05001265,  1.09879245,
        0.02491004]), array([ 0.34413575,  2.34144372,  1.05531488, -0.04993482,  1.11937821,
        0.02502858]), array([ 0.35289474,  2.40819625,  1.09381145, -0.04992477,  1.13990143,
        0.02518444]), array([ 0.36164372,  2.47582143,  1.13272069, -0.04996388,  1.16035501,
        0.02535953]), array([ 0.37037278,  2.54424553,  1.17199084, -0.05003746,  1.18072523,
        0.02554425]), array([ 0.37907108,  2.6133869 ,  1.21156654, -0.05013384,  1.20099313,
        0.02573357]), array([ 0.38772689,  2.68315616,  1.25138877, -0.05024369,  1.22113551,
        0.02592487]), array([ 0.39632782,  2.75345657,  1.29139493, -0.05035953,  1.24112583,
        0.0261168 ]), array([ 0.40486083,  2.82418439,  1.33151898, -0.05047536,  1.26093483,
        0.02630865]), array([ 0.41331241,  2.89522932,  1.37169166, -0.05058636,  1.28053113,
        0.0265    ]), array([ 0.42166869,  2.96647497,  1.41184071, -0.05068869,  1.29988165,
        0.02669057]), array([ 0.42991548,  3.0377994 ,  1.45189118, -0.05077927,  1.31895206,
        0.02688012]), array([ 0.43803844,  3.1090757 ,  1.49176575, -0.0508557 ,  1.33770712,
        0.02706841]), array([ 0.44602314,  3.18017257,  1.5313851 , -0.0509161 ,  1.35611098,
        0.02725516]), array([ 0.45385516,  3.250955  ,  1.57066825, -0.05095906,  1.3741275 ,
        0.02744006]), array([ 0.46152018,  3.32128487,  1.60953301, -0.05098353,  1.39172052,
        0.02762278]), array([ 0.46900409,  3.39102171,  1.64789635, -0.05098881,  1.40885407,
        0.02780295]), array([ 0.47629306,  3.46002336,  1.68567485, -0.05097448,  1.42549267,
        0.02798018]), array([ 0.48337362,  3.52814669,  1.72278511, -0.05094036,  1.44160151,
        0.02815403]), array([ 0.43952139,  3.64806029,  1.79547767, -0.03089711,  1.48138539,
        0.02832408]), array([ 0.44594449,  3.7147218 ,  1.83094602, -0.03249608,  1.4938569 ,
        0.0289077 ]), array([ 0.45218915,  3.77988818,  1.86536778, -0.03375273,  1.50623237,
        0.02925814]), array([ 0.45823753,  3.84343751,  1.89869225, -0.03473983,  1.51834828,
        0.02948578]), array([ 0.46407389,  3.90524703,  1.93086325, -0.03551342,  1.53007547,
        0.02964924]), array([ 0.46968433,  3.96519463,  1.96182148, -0.03611712,  1.5413113 ,
        0.02977916]), array([ 0.47505655,  4.02316015,  1.99150649, -0.03658525,  1.5519737 ,
        0.02989112]), array([ 0.48017971,  4.07902657,  2.01985816, -0.03694501,  1.56199678,
        0.02999263]), array([ 0.4850443 ,  4.13268096,  2.04681785, -0.03721814,  1.57132753,
        0.03008703]), array([ 0.4896421 ,  4.18401536,  2.07232941, -0.03742206,  1.57992336,
        0.03017547]), array([ 0.49396609,  4.23292757,  2.0963399 , -0.03757085,  1.58775016,
        0.03025803]), array([ 0.49801038,  4.27932179,  2.11880018, -0.03767597,  1.59478099,
        0.03033431]), array([ 0.50177022,  4.32310918,  2.13966547, -0.03774676,  1.60099495,
        0.03040372]), array([ 0.5052419 ,  4.36420842,  2.15889568, -0.03779089,  1.60637642,
        0.03046566]), array([ 0.50842275,  4.40254607,  2.17645574, -0.03781474,  1.61091441,
        0.03051954]), array([ 0.51131112,  4.43805699,  2.19231583, -0.03782361,  1.61460209,
        0.03056485]), array([ 0.51390629,  4.47068458,  2.20645154, -0.03782194,  1.61743643,
        0.03060119]), array([ 0.51620851,  4.50038105,  2.21884404, -0.03781349,  1.61941788,
        0.03062821]), array([ 0.51821892,  4.52710755,  2.22948011, -0.03780148,  1.62055014,
        0.03064566]), array([ 0.51993951,  4.55083429,  2.23835216, -0.03778864,  1.62083994,
        0.03065337]), array([ 0.52137311,  4.57154064,  2.24545828, -0.03777734,  1.62029686,
        0.03065123]), array([ 0.52252334,  4.58921504,  2.25080212, -0.03776964,  1.61893316,
        0.03063919]), array([ 0.52339455,  4.60385503,  2.25439288, -0.03776733,  1.61676361,
        0.03061729]), array([ 0.52399183,  4.6154671 ,  2.25624513, -0.03777197,  1.61380537,
        0.03058558]), array([ 0.52432089,  4.62406657,  2.25637873, -0.03778491,  1.61007783,
        0.0305442 ]), array([ 0.52438808,  4.62967737,  2.25481864, -0.03780735,  1.60560245,
        0.03049331]), array([ 0.52420033,  4.63233183,  2.25159473, -0.0378403 ,  1.60040262,
        0.03043312]), array([ 0.52376507,  4.63207041,  2.24674157, -0.03788466,  1.59450353,
        0.0303639 ]), array([ 0.52309023,  4.62894137,  2.2402982 , -0.03794116,  1.58793201,
        0.03028593]), array([ 0.52218416,  4.62300045,  2.23230788, -0.03801045,  1.58071635,
        0.03019954]), array([ 0.52105558,  4.61431049,  2.22281784, -0.03809301,  1.57288621,
        0.03010508]), array([ 0.51971357,  4.60294107,  2.21187896, -0.03818925,  1.56447242,
        0.03000293]), array([ 0.5181675 ,  4.58896805,  2.19954556, -0.03829945,  1.55550684,
        0.02989349]), array([ 0.51642697,  4.57247314,  2.18587501, -0.03842379,  1.54602222,
        0.0297772 ]), array([ 0.51450178,  4.55354349,  2.17092751, -0.03856236,  1.53605201,
        0.0296545 ]), array([ 0.5124019 ,  4.53227118,  2.1547657 , -0.03871513,  1.52563027,
        0.02952586]), array([ 0.51013742,  4.50875277,  2.13745442, -0.03888201,  1.51479147,
        0.02939173]), array([ 0.50771849,  4.48308884,  2.11906037, -0.03906278,  1.50357037,
        0.02925262]), array([ 0.5051553 ,  4.45538344,  2.09965178, -0.03925718,  1.4920019 ,
        0.029109  ]), array([ 0.50245806,  4.42574367,  2.07929812, -0.03946484,  1.48012095,
        0.02896138]), array([ 0.49963694,  4.39427919,  2.05806979, -0.03968532,  1.46796235,
        0.02881025]), array([ 0.49670203,  4.3611017 ,  2.03603782, -0.0399181 ,  1.45556063,
        0.02865611]), array([ 0.49366333,  4.32632454,  2.0132736 , -0.0401626 ,  1.44294998,
        0.02849946]), array([ 0.49053074,  4.29006217,  1.98984856, -0.04041819,  1.43016412,
        0.02834078]), array([ 0.48731398,  4.25242974,  1.96583393, -0.04068417,  1.41723616,
        0.02818055]), array([ 0.48402261,  4.21354266,  1.94130044, -0.04095978,  1.40419855,
        0.02801925]), array([ 0.480666  ,  4.17351621,  1.91631814, -0.04124424,  1.39108293,
        0.02785735]), array([ 0.47725328,  4.13246508,  1.8909561 , -0.0415367 ,  1.37792013,
        0.02769528]), array([ 0.47379337,  4.09050304,  1.8652822 , -0.04183631,  1.36473998,
        0.02753349]), array([ 0.47029493,  4.04774255,  1.83936297, -0.04214217,  1.35157137,
        0.0273724 ]), array([ 0.46676637,  4.00429442,  1.81326334, -0.04245336,  1.33844207,
        0.02721241]), array([ 0.46321579,  3.96026752,  1.7870465 , -0.04276894,  1.32537875,
        0.0270539 ]), array([ 0.45965104,  3.91576845,  1.76077374, -0.04308799,  1.31240693,
        0.02689725]), array([ 0.45607966,  3.87090128,  1.73450429, -0.04340955,  1.2995509 ,
        0.0267428 ]), array([ 0.45250888,  3.8257673 ,  1.7082952 , -0.04373268,  1.28683372,
        0.02659088]), array([ 0.44894564,  3.7804648 ,  1.68220124, -0.04405644,  1.27427722,
        0.02644179]), array([ 0.44539654,  3.73508886,  1.6562748 , -0.04437991,  1.26190191,
        0.02629582]), array([ 0.4418679 ,  3.68973116,  1.6305658 , -0.04470218,  1.24972705,
        0.02615325]), array([ 0.43836569,  3.64447987,  1.60512162, -0.04502236,  1.2377706 ,
        0.02601431]), array([ 0.43489559,  3.59941946,  1.57998709, -0.04533959,  1.22604924,
        0.02587922]), array([ 0.43146295,  3.55463062,  1.5552044 , -0.04565303,  1.21457835,
        0.02574819]), array([ 0.42807281,  3.51019018,  1.53081313, -0.04596189,  1.20337206,
        0.02562141]), array([ 0.42472991,  3.46617103,  1.5068502 , -0.0462654 ,  1.19244326,
        0.02549903]), array([ 0.42143865,  3.42264204,  1.48334989, -0.04656283,  1.18180359,
        0.02538119]), array([ 0.41820316,  3.37966811,  1.46034388, -0.04685351,  1.17146351,
        0.02526803]), array([ 0.41502727,  3.33731009,  1.4378612 , -0.04713678,  1.16143229,
        0.02515963]), array([ 0.41191451,  3.29562482,  1.41592837, -0.04741204,  1.15171807,
        0.0250561 ]), array([ 0.40886811,  3.25466512,  1.39456936, -0.04767876,  1.1423279 ,
        0.02495749]), array([ 0.40589105,  3.21447988,  1.37380567, -0.04793641,  1.13326773,
        0.02486387]), array([ 0.40298603,  3.17511406,  1.3536564 , -0.04818454,  1.12454251,
        0.02477526]), array([ 0.40015547,  3.13660881,  1.33413832, -0.04842273,  1.11615621,
        0.02469168]), array([ 0.39740157,  3.09900148,  1.31526592, -0.04865063,  1.10811184,
        0.02461315]), array([ 0.39472624,  3.06232575,  1.2970515 , -0.04886791,  1.10041151,
        0.02453966]), array([ 0.39213119,  3.02661172,  1.27950526, -0.0490743 ,  1.09305649,
        0.02447118]), array([ 0.38961788,  2.991886  ,  1.26263537, -0.04926957,  1.08604724,
        0.02440769]), array([ 0.38718756,  2.95817183,  1.24644807, -0.04945355,  1.07938344,
        0.02434914]), array([ 0.38484126,  2.92548921,  1.23094776, -0.04962609,  1.07306408,
        0.02429548]), array([ 0.3825798 ,  2.89385498,  1.21613709, -0.04978709,  1.06708745,
        0.02424665]), array([ 0.38040383,  2.86328299,  1.20201704, -0.04993649,  1.06145121,
        0.02420257]), array([ 0.3783138 ,  2.83378423,  1.18858704, -0.05007427,  1.05615246,
        0.02416317]), array([60., 60., 30., 10., 10., 10.]), array([ 60.        , -60.        ,   5.52644855, -10.        ,
        10.        , -10.        ]), array([ 33.7929453 , -60.        ,  11.01830473, -10.        ,
         5.22569011, -10.        ]), array([13.47996016, 60.        , 13.56426502, 10.        ,  6.77241655,
       10.        ]), array([ 6.88268203e+00,  6.00000000e+01, -6.38955560e-03,  1.00000000e+01,
        8.25988843e-02, -1.00000000e+01]), array([  5.29158609, -60.        , -12.94207057, -10.        ,
        -5.05510259,  10.        ]), array([  5.90050726, -60.        ,  12.71229436,  10.        ,
         5.71567218,  10.        ]), array([  4.34827668,  60.        ,  14.38466515, -10.        ,
         6.65747298, -10.        ]), array([  4.65869684, -60.        ,  -7.36277284, -10.        ,
        -3.061396  , -10.        ]), array([  4.30393435, -60.        ,  10.16108399,  10.        ,
         5.012481  ,  10.        ]), array([  4.58188437,  60.        ,  13.49255899,  10.        ,
         6.19522689, -10.        ]), array([  2.88349711, -60.        ,  -8.18942177,  10.        ,
        -3.23827968,  10.        ]), array([ 4.91457072, 60.        , 13.56343689, 10.        ,  7.0313471 ,
       10.        ]), array([  4.99966736, -60.        ,  -6.63382589, -10.        ,
        -1.81735256, -10.        ]), array([  2.37115604,  60.        ,  11.08700966, -10.        ,
         4.49837137, -10.        ]), array([ 3.66276636, 60.        , -2.94675804, 10.        , -1.14712044,
       10.        ]), array([  4.4880487 , -60.        ,  -7.40481309, -10.        ,
        -1.65388067, -10.        ]), array([  1.72064021,  60.        ,  12.91533148, -10.        ,
         4.69959552,  10.        ]), array([ 9.41325916, 60.        ,  4.04424546, 10.        ,  0.67264429,
       10.        ]), array([  6.74674571, -60.        ,  -3.28943803, -10.        ,
        -1.74009652, -10.        ]), array([ 60.        ,  60.        ,  25.94963813,  10.        ,
         6.61868976, -10.        ]), array([ 28.62827036, -36.        ,   3.06327128,  -6.        ,
         0.89432268,   6.        ]), array([  8.86900107, -24.        ,   3.2682589 ,  -4.        ,
         1.24665055,   4.        ]), array([ 12.4830326 , -60.        ,  15.82937422,  10.        ,
         5.82357231, -10.        ]), array([  4.08799439, -24.        ,   4.22981237,  -4.        ,
         1.69423085,  -4.        ]), array([ 7.30694661, 36.        , 12.58458693,  6.        ,  5.31139119,
        6.        ]), array([ 6.06604103, 24.        , -2.14479244, -4.        , -1.18680047,
        4.        ]), array([  3.67307415, -12.        ,   0.78170056,  -2.        ,
         0.39882546,  -2.        ]), array([15.64226572, 48.        , 13.54150848,  8.        ,  3.80280022,
        8.        ]), array([ 4.84385078, 12.        ,  0.33111164, -2.        , -0.18613326,
        2.        ]), array([ 27.47948473, -60.        ,   2.799705  ,  10.        ,
         1.0558673 , -10.        ]), array([ 9.90556417, 36.        , 16.35489599,  6.        ,  4.41701459,
       -6.        ]), array([  7.52985194, -24.        ,   7.49917325,   4.        ,
         2.0770923 ,  -4.        ]), array([  3.93891599, -12.        ,   6.        ,   2.        ,
         2.        ,   2.        ]), array([ 11.07085326, -12.        ,   6.        ,  -2.        ,
         2.        ,   2.        ]), array([ 0., -0.,  0., -0.,  0., -0.]), array([ 12., -12.,   6.,  -2.,   2.,  -2.]), array([-1.59820936e+01, -1.31164244e+01, -1.08229369e+01,  9.08387000e+00,
       -8.27788420e+00, -6.10047387e-15]), array([-1.23453091e+01, -8.35673468e+00, -7.25546598e+00,  6.94351477e+00,
       -5.75275938e+00, -2.70979382e-15]), array([-9.37036958e+00, -4.75136706e+00, -4.55473821e+00,  5.16073200e+00,
       -3.87773898e+00, -1.52049759e-15]), array([-6.94260945e+00, -2.01541916e+00, -2.51140314e+00,  3.68348950e+00,
       -2.49527815e+00, -9.92844714e-16]), array([-4.96632780e+00,  6.17001844e-02, -9.67698678e-01,  2.46561618e+00,
       -1.48412590e+00, -3.32873154e-16]), array([-3.36222547e+00,  1.63688709e+00,  1.95623109e-01,  1.46684141e+00,
       -7.51470678e-01, -1.37618051e-15]), array([-2.06481813e+00,  2.82790179e+00,  1.06894583e+00,  6.52424319e-01,
       -2.26591036e-01,  6.47829957e-17]), array([-1.02009125e+00,  3.72374229e+00,  1.72094852e+00, -7.38659289e-03,
        1.44184682e-01,  3.33903737e-17]), array([-1.83483238e-01,  4.39210275e+00,  2.20394149e+00, -5.37939686e-01,
        4.01431437e-01,  2.48183823e-16]), array([ 4.81801106e-01,  4.88478236e+00,  2.55785772e+00, -9.60750394e-01,
        5.75702457e-01,  6.69060701e-16]), array([ 1.00617899e+00,  5.24163900e+00,  2.81324777e+00, -1.29402684e+00,
        6.89907421e-01,  7.94383475e-17]), array([ 1.41482375e+00,  5.49350025e+00,  2.99353268e+00, -1.55313998e+00,
        7.61144081e-01,  1.26725784e-16]), array([ 1.72858850e+00,  5.66432091e+00,  3.11670267e+00, -1.75103664e+00,
        8.02104393e-01,  1.13126761e-15]), array([ 1.96475849e+00,  5.77279211e+00,  3.19660052e+00, -1.89859833e+00,
        8.22151103e-01,  8.35279930e-16]), array([ 2.13766546e+00,  5.83354845e+00,  3.24389327e+00, -2.00495086e+00,
        8.28140023e-01,  7.37714492e-16]), array([ 2.25919093e+00,  5.85807919e+00,  3.26680939e+00, -2.07773013e+00,
        8.25046550e-01,  3.54497611e-16]), array([ 2.33918015e+00,  5.85541999e+00,  3.27169941e+00, -2.12330991e+00,
        8.16441854e-01,  5.78051940e-16]), array([ 2.38578407,  5.83268145,  3.26346341, -2.14699642,  0.80485382,
        0.        ]), array([ 2.40574258e+00,  5.79545558e+00,  3.24587774e+00, -2.15319445e+00,
        7.92039813e-01,  3.86275312e-16]), array([ 2.40462014e+00,  5.74813040e+00,  3.22184575e+00, -2.14554894e+00,
        7.79192126e-01,  6.51490020e-16]), array([ 2.38700201e+00,  5.69413514e+00,  3.19359066e+00, -2.12706561e+00,
        7.67092124e-01,  1.26904481e-15]), array([ 2.35665810e+00,  5.63613272e+00,  3.16280461e+00, -2.10021350e+00,
        7.56225407e-01,  1.28912152e-15]), array([ 2.31667980e+00,  5.57617174e+00,  3.13076421e+00, -2.06701206e+00,
        7.46867424e-01, -2.15881658e-16]), array([ 2.26959439e+00,  5.51580746e+00,  3.09842052e+00, -2.02910511e+00,
        7.39146751e-01,  7.22572869e-16]), array([ 2.21746054e+00,  5.45619851e+00,  3.06646941e+00, -1.98782334e+00,
        7.33091563e-01,  4.62374420e-16]), array([ 2.16194818e+00,  5.39818481e+00,  3.03540677e+00, -1.94423724e+00,
        7.28663482e-01,  7.92991764e-16]), array([ 2.10440499e+00,  5.34235054e+00,  3.00557208e+00, -1.89920170e+00,
        7.25782010e-01,  6.92485062e-16]), array([ 2.04591190e+00,  5.28907537e+00,  2.97718281e+00, -1.85339356e+00,
        7.24341956e-01,  6.52379159e-16]), array([ 1.98732918e+00,  5.23857614e+00,  2.95036173e+00, -1.80734315e+00,
        7.24225678e-01,  3.79162001e-16]), array([ 1.92933479e+00,  5.19094108e+00,  2.92515872e+00, -1.76146070e+00,
        7.25311533e-01,  5.38645682e-16]), array([ 1.87245618e+00,  5.14615771e+00,  2.90156809e+00, -1.71605840e+00,
        7.27479542e-01,  6.72410438e-16]), array([ 1.81709659e+00,  5.10413583e+00,  2.87954243e+00, -1.67136881e+00,
        7.30615053e-01,  2.50463181e-16]), array([ 1.76355684e+00,  5.06472638e+00,  2.85900375e+00, -1.62756012e+00,
        7.34610974e-01,  2.98235205e-16]), array([ 1.71205333e+00,  5.02773681e+00,  2.83985229e+00, -1.58474878e+00,
        7.39368986e-01,  2.36983043e-16]), array([ 1.66273289e+00,  4.99294380e+00,  2.82197362e+00, -1.54300997e+00,
        7.44800053e-01,  5.77711406e-16]), array([ 1.61568503e+00,  4.96010355e+00,  2.80524429e+00, -1.50238616e+00,
        7.50824455e-01,  8.07742133e-16]), array([ 1.57095205e+00,  4.92896014e+00,  2.78953623e+00, -1.46289417e+00,
        7.57371507e-01,  2.80685490e-16]), array([ 1.52853737e+00,  4.89925238e+00,  2.77472034e+00, -1.42453090e+00,
        7.64379078e-01,  8.31097145e-16]), array([ 1.48841243e+00,  4.87071916e+00,  2.76066916e+00, -1.38727799e+00,
        7.71792993e-01,  3.60960900e-16]), array([ 1.45052242e+00,  4.84310385e+00,  2.74725902e+00, -1.35110563e+00,
        7.79566377e-01,  3.94482456e-16]), array([ 1.41479092,  4.81615765,  2.7343716 , -1.31597555,  0.78765899,
        0.        ]), array([ 1.38112391e+00,  4.78964216e+00,  2.72189512e+00, -1.28184353e+00,
        7.96036539e-01,  8.34062209e-16]), array([ 1.34941301e+00,  4.76333141e+00,  2.70972516e+00, -1.24866125e+00,
        8.04670076e-01,  4.64635211e-16]), array([ 1.31953823e+00,  4.73701324e+00,  2.69776521e+00, -1.21637789e+00,
        8.13535358e-01,  2.51093739e-16]), array([ 1.29137033e+00,  4.71049024e+00,  2.68592699e+00, -1.18494133e+00,
        8.22612300e-01,  7.81377051e-16]), array([ 1.26477275e+00,  4.68358043e+00,  2.67413060e+00, -1.15429905e+00,
        8.31884455e-01, -8.46025527e-17]), array([ 1.23960329e+00,  4.65611748e+00,  2.66230449e+00, -1.12439886e+00,
        8.41338538e-01,  1.47161246e-16]), array([ 1.21571564e+00,  4.62795083e+00,  2.65038537e+00, -1.09518948e+00,
        8.50963993e-01,  4.64172977e-16]), array([ 1.19296056e+00,  4.59894550e+00,  2.63831798e+00, -1.06662091e+00,
        8.60752608e-01, -2.41027487e-17]), array([ 1.17118705e+00,  4.56898179e+00,  2.62605480e+00, -1.03864476e+00,
        8.70698163e-01,  5.77875984e-17]), array([ 1.15024328e+00,  4.53795489e+00,  2.61355572e+00, -1.01121444e+00,
        8.80796113e-01,  4.32019196e-16]), array([ 1.12997754e+00,  4.50577429e+00,  2.60078768e+00, -9.84285297e-01,
        8.91043319e-01,  4.27970440e-16]), array([ 1.11023897e+00,  4.47236322e+00,  2.58772425e+00, -9.57814756e-01,
        9.01437791e-01,  1.51824551e-16]), array([ 1.09087826e+00,  4.43765797e+00,  2.57434521e+00, -9.31762318e-01,
        9.11978476e-01, -1.92914110e-16]), array([ 1.07174836e+00,  4.40160721e+00,  2.56063613e+00, -9.06089604e-01,
        9.22665063e-01,  1.95177829e-17]), array([ 1.05270501e+00,  4.36417127e+00,  2.54658791e+00, -8.80760345e-01,
        9.33497815e-01,  1.78537319e-16]), array([ 1.03360732e+00,  4.32532140e+00,  2.53219640e+00, -8.55740357e-01,
        9.44477428e-01, -2.86539842e-17]), array([ 1.01431823e+00,  4.28503905e+00,  2.51746189e+00, -8.30997502e-01,
        9.55604896e-01,  4.26668362e-16]), array([ 9.94705000e-01,  4.24331514e+00,  2.50238879e+00, -8.06501640e-01,
        9.66881409e-01,  1.43757158e-16]), array([ 9.74639586e-01,  4.20014933e+00,  2.48698514e+00, -7.82224570e-01,
        9.78308260e-01,  4.47894626e-16]), array([ 9.53999059e-01,  4.15554937e+00,  2.47126224e+00, -7.58139970e-01,
        9.89886760e-01,  3.05860035e-16]), array([0., 0., 0., 0., 0., 0.])], 'ball_pos_history': [array([-0.19711224, -8.0755196 ,  1.32994085]), array([-0.20074364, -8.03066636,  1.31615638]), array([-0.20437503, -7.98581313,  1.30212665]), array([-0.20800642, -7.94095989,  1.28785167]), array([-0.21163782, -7.89610665,  1.27333145]), array([-0.21526921, -7.85125341,  1.25856597]), array([-0.21890061, -7.80640017,  1.24355524]), array([-0.222532  , -7.76154693,  1.22829927]), array([-0.2261634 , -7.7166937 ,  1.21279804]), array([-0.22979479, -7.67184046,  1.19705156]), array([-0.23342618, -7.62698722,  1.18105984]), array([-0.23705758, -7.58213398,  1.16482286]), array([-0.24068897, -7.53728074,  1.14834063]), array([-0.24432037, -7.49242751,  1.13161316]), array([-0.24795176, -7.44757427,  1.11464043]), array([-0.25158315, -7.40272103,  1.09742245]), array([-0.25521455, -7.35786779,  1.07995923]), array([-0.25884594, -7.31301455,  1.06225075]), array([-0.26247734, -7.26816131,  1.04429702]), array([-0.26610873, -7.22330808,  1.02609804]), array([-0.26974012, -7.17845484,  1.00765382]), array([-0.27337152, -7.1336016 ,  0.98896434]), array([-0.27700291, -7.08874836,  0.97002961]), array([-0.28063431, -7.04389512,  0.95084964]), array([-0.2842657 , -6.99904189,  0.93142441]), array([-0.2878971 , -6.95418865,  0.91175393]), array([-0.29152849, -6.90933541,  0.89183821]), array([-0.29515988, -6.86448217,  0.87167723]), array([-0.29879128, -6.81962893,  0.851271  ]), array([-0.30242267, -6.77477569,  0.83061953]), array([-0.30605407, -6.72992246,  0.8097228 ]), array([-0.30968546, -6.68506922,  0.78858082]), array([-0.31331685, -6.64021598,  0.7671936 ]), array([-0.31694825, -6.59536274,  0.74556112]), array([-0.32057964, -6.5505095 ,  0.72368339]), array([-0.32421104, -6.50565627,  0.70156042]), array([-0.32784243, -6.46080303,  0.67919219]), array([-0.33147383, -6.41594979,  0.65657871]), array([-0.33510522, -6.37109655,  0.63371998]), array([-0.33873661, -6.32624331,  0.61061601]), array([-0.34236801, -6.28139007,  0.58726678]), array([-0.3459994 , -6.23653684,  0.5636723 ]), array([-0.3496308 , -6.1916836 ,  0.53983258]), array([-0.35326219, -6.14683036,  0.5157476 ]), array([-0.35689358, -6.10197712,  0.49141737]), array([-0.36052498, -6.05712388,  0.4668419 ]), array([-0.36415637, -6.01227065,  0.44202117]), array([-0.36778777, -5.96741741,  0.41695519]), array([-0.37141916, -5.92256417,  0.39164397]), array([-0.37505055, -5.87771093,  0.36608749]), array([-0.37868195, -5.83285769,  0.34028576]), array([-0.38231334, -5.78800445,  0.31423879]), array([-0.38594474, -5.74315122,  0.28794656]), array([-0.38957613, -5.69829798,  0.26140908]), array([-0.39320753, -5.65344474,  0.23462635]), array([-0.39683892, -5.6085915 ,  0.20759838]), array([-0.40047031, -5.56373826,  0.18032515]), array([-0.40410171, -5.51888502,  0.15280667]), array([-0.4077331 , -5.47403179,  0.12504295]), array([-0.4113645 , -5.42917855,  0.09703397]), array([-0.41499589, -5.38432531,  0.06877974]), array([-0.41862728, -5.33947207,  0.04028027]), array([-0.42225868, -5.29461883,  0.033     ]), array([-0.4257085 , -5.25200826,  0.0543133 ]), array([-0.42915833, -5.20939768,  0.07538134]), array([-0.43260815, -5.16678711,  0.09620414]), array([-0.43605798, -5.12417653,  0.11678168]), array([-0.4395078 , -5.08156595,  0.13711398]), array([-0.44295763, -5.03895538,  0.15720102]), array([-0.44640745, -4.9963448 ,  0.17704282]), array([-0.44985727, -4.95373422,  0.19663936]), array([-0.4533071 , -4.91112365,  0.21599066]), array([-0.45675692, -4.86851307,  0.2350967 ]), array([-0.46020675, -4.82590249,  0.2539575 ]), array([-0.46365657, -4.78329192,  0.27257304]), array([-0.4671064 , -4.74068134,  0.29094334]), array([-0.47055622, -4.69807077,  0.30906838]), array([-0.47400605, -4.65546019,  0.32694818]), array([-0.47745587, -4.61284961,  0.34458272]), array([-0.48090569, -4.57023904,  0.36197202]), array([-0.48435552, -4.52762846,  0.37911606]), array([-0.48780534, -4.48501788,  0.39601486]), array([-0.49125517, -4.44240731,  0.4126684 ]), array([-0.49470499, -4.39979673,  0.4290767 ]), array([-0.49815482, -4.35718616,  0.44523974]), array([-0.50160464, -4.31457558,  0.46115754]), array([-0.50505447, -4.271965  ,  0.47683008]), array([-0.50850429, -4.22935443,  0.49225738]), array([-0.51195411, -4.18674385,  0.50743942]), array([-0.51540394, -4.14413327,  0.52237622]), array([-0.51885376, -4.1015227 ,  0.53706776]), array([-0.52230359, -4.05891212,  0.55151406]), array([-0.52575341, -4.01630155,  0.5657151 ]), array([-0.52920324, -3.97369097,  0.5796709 ]), array([-0.53265306, -3.93108039,  0.59338144]), array([-0.53610289, -3.88846982,  0.60684674]), array([-0.53955271, -3.84585924,  0.62006678]), array([-0.54300253, -3.80324866,  0.63304158]), array([-0.54645236, -3.76063809,  0.64577113]), array([-0.54990218, -3.71802751,  0.65825542]), array([-0.55335201, -3.67541694,  0.67049447]), array([-0.55680183, -3.63280636,  0.68248826]), array([-0.56025166, -3.59019578,  0.69423681]), array([-0.56370148, -3.54758521,  0.7057401 ]), array([-0.5671513 , -3.50497463,  0.71699815]), array([-0.57060113, -3.46236405,  0.72801094]), array([-0.57405095, -3.41975348,  0.73877849]), array([-0.57750078, -3.3771429 ,  0.74930078]), array([-0.5809506 , -3.33453232,  0.75957783]), array([-0.58440043, -3.29192175,  0.76960962]), array([-0.58785025, -3.24931117,  0.77939617]), array([-0.59130008, -3.2067006 ,  0.78893746]), array([-0.5947499 , -3.16409002,  0.79823351]), array([-0.59819972, -3.12147944,  0.8072843 ]), array([-0.60164955, -3.07886887,  0.81608985]), array([-0.60509937, -3.03625829,  0.82465014]), array([-0.6085492 , -2.99364771,  0.83296519]), array([-0.61199902, -2.95103714,  0.84103498]), array([-0.61544885, -2.90842656,  0.84885953]), array([-0.61889867, -2.86581599,  0.85643882]), array([-0.6223485 , -2.82320541,  0.86377287]), array([-0.62579832, -2.78059483,  0.87086166]), array([-0.62924814, -2.73798426,  0.87770521]), array([-0.63269797, -2.69537368,  0.8843035 ]), array([-0.63614779, -2.6527631 ,  0.89065655]), array([-0.63959762, -2.61015253,  0.89676434]), array([-0.64304744, -2.56754195,  0.90262689]), array([-0.64649727, -2.52493138,  0.90824418]), array([-0.64994709, -2.4823208 ,  0.91361623]), array([-0.65339692, -2.43971022,  0.91874302]), array([-0.65684674, -2.39709965,  0.92362457]), array([-0.66029656, -2.35448907,  0.92826086]), array([-0.66374639, -2.31187849,  0.93265191]), array([-0.66719621, -2.26926792,  0.93679771]), array([-0.67064604, -2.22665734,  0.94069825]), array([-0.67409586, -2.18404677,  0.94435355]), array([-0.67754569, -2.14143619,  0.94776359]), array([-0.68099551, -2.09882561,  0.95092839]), array([-0.68444534, -2.05621504,  0.95384793]), array([-0.68789516, -2.01360446,  0.95652223]), array([-0.69134498, -1.97099388,  0.95895127]), array([-0.69479481, -1.92838331,  0.96113507]), array([-0.69824463, -1.88577273,  0.96307361]), array([-0.70169446, -1.84316215,  0.96476691]), array([-0.70514428, -1.80055158,  0.96621495]), array([-0.70859411, -1.757941  ,  0.96741775]), array([-0.71204393, -1.71533043,  0.96837529]), array([-0.71549376, -1.67271985,  0.96908759]), array([-0.71894358, -1.63010927,  0.96955463]), array([-0.7223934 , -1.5874987 ,  0.96977643]), array([-0.72584323, -1.54488812,  0.96975297]), array([-0.72929305, -1.50227754,  0.96948427]), array([-0.73274288, -1.45966697,  0.96897031]), array([-0.7361927 , -1.41705639,  0.96821111]), array([-0.73964253, -1.37444582,  0.96720665]), array([-0.74309235, -1.33183524,  0.96595695]), array([-0.74654218, -1.28922466,  0.96446199]), array([-0.749992  , -1.24661409,  0.96272179]), array([-0.75344182, -1.20400351,  0.96073633]), array([-0.75689165, -1.16139293,  0.95850563]), array([-0.76034147, -1.11878236,  0.95602967]), array([-0.7637913 , -1.07617178,  0.95330847]), array([-0.76724112, -1.03356121,  0.95034201]), array([-0.77069095, -0.99095063,  0.94713031]), array([-0.77414077, -0.94834005,  0.94367335]), array([-0.7775906 , -0.90572948,  0.93997115]), array([-0.78104042, -0.8631189 ,  0.93602369]), array([-0.78449024, -0.82050832,  0.93183099]), array([-0.78794007, -0.77789775,  0.92739304]), array([-0.79138989, -0.73528717,  0.92270983]), array([-0.79483972, -0.6926766 ,  0.91778138]), array([-0.79828954, -0.65006602,  0.91260767]), array([-0.80173937, -0.60745544,  0.90718872]), array([-0.80518919, -0.56484487,  0.90152451]), array([-0.80863902, -0.52223429,  0.89561506]), array([-0.81264395, -0.48148689,  0.88882871]), array([-0.80080576, -0.48950907,  0.85590418]), array([-0.78960295, -0.49926172,  0.82105143]), array([-0.77840013, -0.50901436,  0.78595343]), array([-0.76719732, -0.51876701,  0.75061019]), array([-0.7559945 , -0.52851966,  0.71502169]), array([-0.74479168, -0.5382723 ,  0.67918794]), array([-0.73358887, -0.54802495,  0.64310894]), array([-0.72238605, -0.5577776 ,  0.6067847 ]), array([-0.71118323, -0.56753024,  0.5702152 ]), array([-0.69998042, -0.57728289,  0.53340045]), array([-0.6887776 , -0.58703554,  0.49634045]), array([-0.67757479, -0.59678818,  0.4590352 ]), array([-0.66637197, -0.60654083,  0.42148471]), array([-0.65516915, -0.61629348,  0.38368896]), array([-0.64396634, -0.62604613,  0.34564796]), array([-0.63276352, -0.63579877,  0.30736171]), array([-0.62156071, -0.64555142,  0.26883022]), array([-0.61035789, -0.65530407,  0.23005347]), array([-0.59915507, -0.66505671,  0.19103147]), array([-0.58795226, -0.67480936,  0.15176422]), array([-0.57674944, -0.68456201,  0.11225173]), array([-0.56554662, -0.69431465,  0.07249398]), array([-0.55434381, -0.7040673 ,  0.033     ]), array([-0.54370113, -0.71333231,  0.062757  ]), array([-0.53305846, -0.72259733,  0.09226875]), array([-0.52241578, -0.73186234,  0.12153524]), array([-0.51177311, -0.74112736,  0.15055649]), array([-0.50113043, -0.75039237,  0.17933249]), array([-0.49048776, -0.75965739,  0.20786324]), array([-0.47984508, -0.7689224 ,  0.23614874]), array([-0.46920241, -0.77818742,  0.26418899]), array([-0.45855973, -0.78745243,  0.29198398]), array([-0.44791705, -0.79671744,  0.31953373]), array([-0.43727438, -0.80598246,  0.34683823]), array([-0.4266317 , -0.81524747,  0.37389748]), array([-0.41598903, -0.82451249,  0.40071148]), array([-0.40534635, -0.8337775 ,  0.42728023]), array([-0.39470368, -0.84304252,  0.45360372]), array([-0.384061  , -0.85230753,  0.47968197]), array([-0.37341833, -0.86157255,  0.50551497]), array([-0.36277565, -0.87083756,  0.53110272]), array([-0.35213298, -0.88010258,  0.55644522]), array([-0.3414903 , -0.88936759,  0.58154246]), array([-0.33084763, -0.8986326 ,  0.60639446]), array([-0.32020495, -0.90789762,  0.63100121]), array([-0.30956228, -0.91716263,  0.65536271]), array([-0.2989196 , -0.92642765,  0.67947896]), array([-0.28827692, -0.93569266,  0.70334996]), array([-0.27763425, -0.94495768,  0.7269757 ]), array([-0.26699157, -0.95422269,  0.7503562 ]), array([-0.2563489 , -0.96348771,  0.77349145]), array([-0.24570622, -0.97275272,  0.79638145]), array([-0.23506355, -0.98201773,  0.8190262 ]), array([-0.22442087, -0.99128275,  0.8414257 ]), array([-0.2137782 , -1.00054776,  0.86357994]), array([-0.20313552, -1.00981278,  0.88548894]), array([-0.19249285, -1.01907779,  0.90715269]), array([-0.18185017, -1.02834281,  0.92857119]), array([-0.1712075 , -1.03760782,  0.94974444]), array([-0.16056482, -1.04687284,  0.97067243]), array([-0.14992215, -1.05613785,  0.99135518]), array([-0.13927947, -1.06540286,  1.01179268]), array([-0.12863679, -1.07466788,  1.03198493]), array([-0.11799412, -1.08393289,  1.05193193])], 'distances_history': [7.767302584757756, 7.721605305772747, 7.67593300152144, 7.630284751023388, 7.58465993060445, 7.539058161148774, 7.493479269390587, 7.447923258995584, 7.402390288737123, 7.356880655990141, 7.311394784299915, 7.265933214105871, 7.220496595921671, 7.1750856854419505, 7.129701340178365, 7.084344517327814, 7.039016272649114, 6.993717760177709, 6.948450232646768, 6.903215042511772, 6.858013643497448, 6.812847405243024, 6.767717988140652, 6.722627159211898, 6.677576795634826, 6.632568888466282, 6.587605546572498, 6.542689000771615, 6.497821608186947, 6.4530058568075, 6.408244370251239, 6.363539912726253, 6.318895394184872, 6.274313875665945, 6.229798574820588, 6.185352871616884, 6.140980314219211, 6.096684625037971, 6.052469706945718, 6.0083396496557695, 5.964298736259541, 5.920350426765522, 5.876499452151191, 5.8327507479147656, 5.789109463602796, 5.745580971855626, 5.702170877162151, 5.658885024444072, 5.615729507547158, 5.57271067769088, 5.529835151911048, 5.487109821518773, 5.444541860591221, 5.4021387345034935, 5.359908208506265, 5.317858356349592, 5.275997568949601, 5.2343345630911955, 5.192878390156361, 5.151638444864071, 5.110624474004006, 5.069849560752562, 5.026302612698858, 4.981069189520918, 4.93593695089869, 4.89090396612459, 4.845968296754445, 4.801127996394722, 4.756381111443925, 4.711725682503918, 4.667159746255523, 4.62268133764601, 4.578288492273399, 4.533979248879459, 4.489751651883109, 4.445603753901134, 4.4015336182147715, 4.357539321150074, 4.313618954347295, 4.269770626900736, 4.225992467355368, 4.182282625550869, 4.13863927430705, 4.095060610947754, 4.0515448586627025, 4.008090267708934, 3.9646951164552156, 3.9213577122743444, 3.878076392289432, 3.8348495239813087, 3.791675505664968, 3.7485527668435856, 3.7054797684491176, 3.6624550029787746, 3.619476994536879, 3.576544298791646, 3.5336555028564463, 3.49080922510498, 3.44800411492961, 3.405238852451899, 3.362512148194108, 3.319822742720111, 3.2771694062539014, 3.2345509382834745, 3.191966167157652, 3.1494139496830105, 3.10689317072789, 3.06440274284014, 3.021941605885126, 2.9795087267103137, 2.9371030988427056, 2.8947237422253362, 2.852369702999133, 2.8100400533365435, 2.7677338913335947, 2.72545034096737, 2.6831885521263406, 2.6409477007215987, 2.598726988887714, 2.556525645282897, 2.5143429254991583, 2.4721781125944866, 2.430030517760576, 2.3878994811414267, 2.3457843728202787, 2.3036845939948174, 2.2615995783635388, 2.2195287937495802, 2.1774717439923936, 2.135427971142415, 2.0933970579995083, 2.051378631042643, 2.0093723638061984, 1.9673779807676954, 1.9253952618230483, 1.8834240474388995, 1.8414642445878533, 1.7995158335920154, 1.7575788760240003, 1.7156535238434738, 1.673740029982639, 1.6306445541188053, 1.585245027561562, 1.5383355062783295, 1.4915820975515226, 1.4455345028713478, 1.3988002902202734, 1.3526205192798153, 1.3054553203015204, 1.257807985954235, 1.2108528709476976, 1.16449639655817, 1.1191330961759551, 1.0741352143440963, 1.0286371984119107, 0.9821731134170807, 0.9363158205597467, 0.8899931713698283, 0.84250277391046, 0.7954363264283579, 0.7478955739597573, 0.6996242321318835, 0.650478384159553, 0.6010828616283732, 0.5527535150300227, 0.5044618795291196, 0.45654090760880556, 0.4084846692840571, 0.3609107458527439, 0.3139606350691149, 0.26777500432993007, 0.2242881920017823, 0.18351864834718312, 0.14833279687194434, 0.12294933767291916, 0.11478546989814771, 0.11881573800656485, 0.13862092131772308, 0.16660747579714316, 0.19866198751183053, 0.23279768624049882, 0.26810466460460647, 0.30416121658186795, 0.34076721352364564, 0.3778256488455055, 0.41528860668162904, 0.45313182065425217, 0.49134238741611996, 0.5299127432205051, 0.5688377032719787, 0.6081130256482569, 0.6477347400408687, 0.6876988587662957, 0.7280012753139081, 0.7686377511136884, 0.8096039403121152, 0.8508954277519757, 0.8925077684567174, 0.9339405795631419, 0.9079599833895096, 0.8825949371073607, 0.8578679436875174, 0.8338035661640987, 0.8104286145193875, 0.7877722976702104, 0.7658663367704129, 0.744745032959223, 0.7244452797209633, 0.7050065072581065, 0.6864705438933714, 0.6688813777937714, 0.6522848016527565, 0.636727923882978, 0.6222585329317594, 0.6089243070829358, 0.5967718709467806, 0.5858457118252935, 0.5761869838038789, 0.5678322435978796, 0.5608121779593701, 0.5551503952966742, 0.5508623613068934, 0.5479545574541812, 0.5464239306691755, 0.5462576829398521, 0.5474334225970562, 0.5499196687304236, 0.5536766707917754, 0.5586574813538514, 0.5648092043400594, 0.5720743352128128, 0.580392113135773, 0.5896998160647239, 0.5999339453151932, 0.6110312635340719, 0.6229296667376129, 0.6355688854793538, 0.6488910213873796, 0.6628409330546428], 'normal_align_history': [0.6693877836604839, 0.669369625950922, 0.6693409591723547, 0.6693065319743187, 0.6692693464744001, 0.6692313383743408, 0.66919378437304, 0.6691575503344243, 0.6691232450060431, 0.6690913167252082, 0.6690621150309087, 0.6690359302158552, 0.6690130187199159, 0.6689936192647737, 0.6689779628432998, 0.6689662785884881, 0.6689587968655184, 0.6689557504928885, 0.6689573747107583, 0.6689639063217062, 0.6689755822976944, 0.6689925022251237, 0.6690148972862059, 0.6690429995279217, 0.669077035474587, 0.6691172220496925, 0.6691637637337394, 0.6692168503886512, 0.6692766554512197, 0.6693433343439261, 0.6694170230291272, 0.6694978366735092, 0.6695858684109146, 0.6696811882023668, 0.6697838417973278, 0.6698938498025618, 0.6700112068658003, 0.670135880981493, 0.6702678129255871, 0.6704069158257421, 0.670553074872693, 0.6707054526326593, 0.6708639005244205, 0.6710282706494264, 0.6711983948300285, 0.6713740751664515, 0.6715550806244932, 0.6717411467172506, 0.6719319767270434, 0.6721272436592041, 0.672326592517953, 0.6725296427049935, 0.6727359904503034, 0.672945211239045, 0.6731568622241524, 0.673370484624841, 0.6735856061144012, 0.6738017432001968, 0.6740184035967832, 0.6742350885906291, 0.6744512953925053, 0.6746684285712371, 0.6748859110492536, 0.6751030729684113, 0.6753192233966637, 0.6755336849011296, 0.6757458089408545, 0.6759549816556233, 0.6761606250923857, 0.6763621964695116, 0.6765591867756287, 0.6767511193124979, 0.6769375484360755, 0.6771180585720014, 0.677292263497613, 0.6774598058470339, 0.6776203567848501, 0.6777736157945805, 0.6779193105339438, 0.6780571967164439, 0.6781870579864677, 0.6783087057621228, 0.6784219790262476, 0.6785267440513171, 0.6786228940484048, 0.6787103487340893, 0.6787890538122232, 0.67885898037004, 0.6789201241900896, 0.6789725049811892, 0.6790161655328849, 0.6790511707990012, 0.6790776069166359, 0.6790955801675901, 0.6791052158896359, 0.6791066573453046, 0.6791000645560057, 0.6790856131093278, 0.6790634929472732, 0.6790339071430248, 0.6789970706735967, 0.6789532091954182, 0.6789025578295357, 0.6788453599627267, 0.6787818660703646, 0.6787123325664235, 0.6786370206855166, 0.6785561954013667, 0.6784701243856059, 0.678379077010283, 0.6782833233969712, 0.678183133514867, 0.6780787763297828, 0.677970519005497, 0.6778586261584489, 0.6777433591663803, 0.6776249755311017, 0.6775037282952054, 0.6773798655122125, 0.67725362976931, 0.6771252577615785, 0.6769949799163304, 0.6768630200659835, 0.6767295951676822, 0.6765949150677228, 0.6764591823086991, 0.6763225919771855, 0.67618533158967, 0.6760475810144104, 0.6759095124268375, 0.6757712902961109, 0.6756330714004457, 0.6754950048688316, 0.6753572322468196, 0.6752198875840879, 0.6750830975415607, 0.6749469815159344, 0.6748116517795436, 0.6746772136335804, 0.674543765572783, 0.6744113994598204, 0.6840422431118014, 0.6862148737228528, 0.6805467074572406, 0.683926827503745, 0.681330234238545, 0.6850725210952384, 0.6977811963352092, 0.7010386958258095, 0.6959779549840159, 0.7001686036091542, 0.6984139064245644, 0.7056107526280715, 0.7207040274566158, 0.7270352115402189, 0.7247927796079304, 0.7307317972058176, 0.7285739437767946, 0.7319979384730833, 0.7433778446629027, 0.7465832178851184, 0.7459029904619523, 0.7494189060941371, 0.7552649441860056, 0.7562247086609579, 0.7543212334904321, 0.7574901216233565, 0.7627870619278664, 0.7665035820956494, 0.7766109695351335, 0.7873083423812881, 0.793356354822888, 0.7967259202890588, 0.7983843356744561, 0.8016356537337617, 0.80633572649424, 0.8106951851456953, 0.8139640064291678, 0.8173017009980652, 0.8206419065439042, 0.8239396700672478, 0.8271632143636433, 0.830289405474572, 0.8333011625439446, 0.8361858662702211, 0.8389342794235303, 0.8415397408347679, 0.8439975229016318, 0.8463043053611458, 0.8484577457801827, 0.850456137396812, 0.8522981471641823, 0.853982626084671, 0.8555084825759822, 0.8568746086843749, 0.858079848737699, 0.8591230004640874, 0.8600028395169708, 0.8607181595488967, 0.8612678212969366, 0.8616508054547289, 0.8618662653262178, 0.8619135763353265, 0.8617923803827807, 0.8615026237936522, 0.861044588196609, 0.8604189141347536, 0.859626617547837, 0.8586690995064514, 0.8575481497394241, 0.8562659445929661, 0.8548250401087456, 0.8532283609202237, 0.8514791856522533, 0.8495811294760911, 0.847538124426906, 0.8453543980383326, 0.843034450792323, 0.8405830328251271, 0.8380051202736696, 0.8353058915922139, 0.8324907041179621, 0.8295650711166876, 0.8265346394959745, 0.8234051683342791, 0.8201825083388392, 0.8168725823143381, 0.8134813666970209, 0.810014874185449, 0.8064791374790186, 0.8028801941185083, 0.7992240724089943, 0.7955167783941661, 0.7917642838422121, 0.7879725151966397, 0.7841473434405143, 0.780294574819314, 0.7764199423657262, 0.7725290981690293], 'ball_near_history': [False, False, False, False, False, False, False, False, False, False, False, False, False, False, False, False, False, False, False, False, False, False, False, False, False, False, False, False, False, False, False, False, False, False, False, False, False, False, False, False, False, False, False, False, False, False, False, False, False, False, False, False, False, False, False, False, False, False, False, False, False, False, False, False, False, False, False, False, False, False, False, False, False, False, False, False, False, False, False, False, False, False, False, False, False, False, False, False, False, False, False, False, False, False, False, False, False, False, False, False, False, False, False, False, False, False, False, False, False, False, False, False, False, False, False, False, False, False, False, False, False, False, False, False, False, False, False, False, False, False, False, False, False, False, False, False, False, False, False, False, False, False, False, False, False, False, False, False, False, False, False, False, False, False, False, False, False, False, False, False, False, False, False, False, False, False, False, False, False, False, False, False, False, True, True, True, True, True, True, False, False, False, False, False, False, False, False, False, False, False, False, False, False, False, False, False, False, False, False, False, False, False, False, False, False, False, False, False, False, False, False, False, False, False, False, False, False, False, False, False, False, False, False, False, False, False, False, False, False, False, False, False, False, False, False, False, False, False, False], 'tube_ready_history': [False, False, False, False, False, False, False, False, False, False, False, False, False, False, False, False, False, False, False, False, False, False, False, False, False, False, False, False, False, False, False, False, False, False, False, False, False, False, False, False, False, False, False, False, False, False, False, False, False, False, False, False, False, False, False, False, False, False, False, False, False, False, False, False, False, False, False, False, False, False, False, False, False, False, False, False, False, False, False, False, False, False, False, False, False, False, False, False, False, False, False, False, False, False, False, False, False, False, False, False, False, False, False, False, False, False, False, False, False, False, False, False, False, False, False, False, False, False, False, False, False, False, False, False, False, False, False, False, False, False, False, False, False, False, False, False, False, False, False, False, False, False, False, False, False, False, False, False, False, False, False, False, False, False, False, False, False, False, False, False, False, False, False, False, False, False, False, False, True, True, True, True, True, True, True, True, True, True, True, True, True, True, True, True, True, True, True, True, True, False, False, False, False, False, False, False, False, False, False, False, False, False, False, False, False, False, False, False, False, False, False, False, False, False, False, False, False, False, False, False, False, False, False, False, False, False, False, False, False, False, False, False, False, False, False, False, False, False, False], 'pos_error_history': [0.009316316624136602, 0.009307812734542812, 0.009341973264389411, 0.009464455105326813, 0.0097259352850735, 0.010174937870861829, 0.010850008927473988, 0.011774348391141738, 0.012955140872538101, 0.01438701342504964, 0.01605708079856853, 0.017949321172029183, 0.020047400879718017, 0.02233609603923062, 0.024801798574640915, 0.027432538728844, 0.030217800180275596, 0.033148274647767, 0.03621562318258775, 0.03941226928142803, 0.04167108231275428, 0.04507505581898285, 0.0485930495571258, 0.0522185386376317, 0.05594531964689247, 0.05976743620002485, 0.06367912078561758, 0.06767474934634668, 0.0717488058177847, 0.07589585448269692, 0.08011051849776138, 0.08438746333511969, 0.08872138417520425, 0.09310699651033559, 0.0975390293871993, 0.10201222084372145, 0.10652131519208496, 0.11106106187235573, 0.11562621565614213, 0.12021153802129966, 0.12402079628666891, 0.12862337270011928, 0.13323187453086047, 0.13784104811474884, 0.14244567706380942, 0.1470405859729403, 0.15162064506634446, 0.156180775615016, 0.16071595598458732, 0.1652212281937821, 0.16969170487953283, 0.17412257657694322, 0.17850911923169852, 0.1828467018699719, 0.18713079435690766, 0.19135697517975442, 0.19552093919602634, 0.1996185052908453, 0.20364562389109578, 0.207598384287304, 0.21370815611099372, 0.21749623985603744, 0.22119559539980263, 0.22480317438170078, 0.22831606356634748, 0.23173149948254454, 0.23504688031049337, 0.23825977556093653, 0.24136793394844633, 0.24436928975831493, 0.24726196793142827, 0.25004428803635437, 0.2527147672573817, 0.25527212249748976, 0.25771527167348207, 0.2600433342647042, 0.2622556311653627, 0.26435168388237573, 0.26633121311504176, 0.26819413674894166, 0.26994056729401406, 0.27157080879515444, 0.27308535324285044, 0.27448487651098463, 0.2757702338488828, 0.2769424549548489, 0.27800273865871794, 0.2789524472412945, 0.2797931004189014, 0.2805263690215825, 0.2811540683937727, 0.2816781515464527, 0.2821007020899048, 0.28242392697620505, 0.28265014908050695, 0.28278179964996164, 0.2828214106488358, 0.2827716070279691, 0.28263509894620764, 0.2824146739708272, 0.2821131892832494, 0.28173356391553517, 0.281278771042238, 0.28075183035121454, 0.28015580051591593, 0.2794937717905405, 0.2787688587482307, 0.277984193181219, 0.27714291718052875, 0.2762481764114637, 0.27530311359974907, 0.2743108622417576, 0.2732745405508482, 0.2721972456503848, 0.2710820480226021, 0.26993198622104675, 0.2687500618529271, 0.2675392348363393, 0.26630241893599294, 0.2650424775797727, 0.263762219957213, 0.26246439739979016, 0.2611517000417765, 0.2598267537593622, 0.2584921173847144, 0.25715028019073904, 0.2558036596414347, 0.25445459940193943, 0.2531053676016782, 0.251758155343354, 0.2504150754499911, 0.24907816144172973, 0.247749366733671, 0.24643056404570823, 0.2451235450150225, 0.2438300200016846, 0.24255161807767464, 0.24128988718952277, 0.24004629448474213, 0.23882222679224518, 0.23536682186325203, 0.2310254846879971, 0.22637512380749938, 0.22058401441091013, 0.2146678758032236, 0.21047941297028036, 0.20614200920041276, 0.20059137313278902, 0.19648148020558717, 0.19250285736016715, 0.1873609771418086, 0.1837471496718205, 0.17893108777099614, 0.17556406486140166, 0.17143178132165132, 0.16731747508983416, 0.16472898729989138, 0.1614709980143978, 0.15782997308701627, 0.1557653601260558, 0.1524972527601009, 0.15061632243000642, 0.14982204734674398, 0.14932142982857569, 0.1498213453738931, 0.14997996523019355, 0.1510473410745266, 0.1530333072152194, 0.15461990537820497, 0.156923444894697, 0.1600286146493456, 0.1626616334010661, 0.16568573981253917, 0.16908282712251346, 0.1730345426894574, 0.17758369676472113, 0.1825908778036112, 0.18699865831340684, 0.1908446495189587, 0.19422424924511208, 0.1972452995269652, 0.20000836513761588, 0.20259943751235865, 0.20508847622992013, 0.20753051866040784, 0.20996775040519475, 0.21243176596023217, 0.21494567207143653, 0.21752589927734617, 0.22018369225516135, 0.22292629879342135, 0.22575789743392344, 0.22868030922202817, 0.23169353712160898, 0.23479617152884177, 0.23798569410894663, 0.24125870599777915, 0.2446111007974841, 0.2480381979747837, 0.25153484828933925, 0.2550955196929391, 0.2587143696586717, 0.26238530801669246, 0.26610205298290485, 0.26985818206974055, 0.2736471788769968, 0.2774624763014449, 0.28129749641583074, 0.28514568710238086, 0.2890005554450074, 0.2928556978592791, 0.2967048269484757, 0.30054179510242807, 0.3043606148925817, 0.3081554763549108, 0.3119207612874731, 0.31565105471913424, 0.3193411537291621, 0.3229860738138591, 0.32658105300642754, 0.33012155396063647, 0.33360326420835973, 0.3370220947966017, 0.3403741775020649, 0.3436558608114619, 0.3468637048442636, 0.34999447538207895, 0.3530451371557773, 0.35601284652828424, 0.3588949436979046, 0.3616889445343945, 0.36439253214791356, 0.3670035482795932, 0.3695199845918187, 0.37193997392652295, 0.374261781590759, 0.3764837967206766, 0.37860452376762893, 0.3805985680537703], 'max_qdot_ratio': 0.9935350785128093, 'max_tcp_speed': 1.8079685456090286, 'max_racket_face_speed': 1.9101217859147448, 'total_mpc_steps': 239, 'ball_was_hit': True, 'hit_step': 174, 'p_ee_at_hit': array([-0.70071996, -0.46781548,  0.91031867]), 'ball_pos_at_hit': array([-0.81264395, -0.48148689,  0.88882871]), 'v_ee_at_hit': 1.6529672449806698, 'active_contact': True, 'passive_contact': False}
2026-09-10 17:50:30,942 [INFO] __main__: 击打后继续仿真 20 步...
