
========================================
  RM-65 未命中（无物理接触，规划距离 0.3193m，球拍到达了规划点但球不在该位置）
  [V12 EpisodeRunner 管线架构]
  ablation: full
  击打目标位置: [-0.849 -0.445  0.856]
  末端实际位置: [-0.627 -0.669  0.906]
  规划跟踪误差: 0.3193 m
  速度误差: 1.9342 m/s
  MPC 总步数: 257
  --- Tube 专用指标 ---
  最小球拍-球距离: 0.1300 m
  ball_near 步数: 0 = 0.0 ms
  tube_ready 步数: 3 = 15.0 ms
  击打时间误差: 0.0 ms
  击打位置误差: 0.3193 m
  --- 计算性能 ---
  总墙钟时间: 1.09s (MPC=1.09s)
  --- 执行层约束 ---
  max_qdot=1.00x, max_tcp=1.8m/s, max_face=1.7m/s
  击球类型: 未触球
========================================

__RESULT__: pos_error=0.319350 vel_error=1.934235 min_dist=0.130031 ball_near_ms=0.0 tube_ready_ms=15.0 max_tcp=1.76 max_qdot=1.00 max_face=1.7 hit_type=miss hit_time_error_ms=0.0 hit_pos_error=0.319350 v_racket_at_hit=0.000
2026-09-10 17:50:35,330 [INFO] __main__: [ablation] mode=full
2026-09-10 17:50:35,336 [INFO] __main__: serve-box auto params: horizon=120, iter=10, first_plan_iters=30, total_horizon=250, replan_interval=20, near_plan_iters=5
2026-09-10 17:50:35,357 [INFO] __main__: 关节限位: 仿真默认(default.yaml), TCP=1.8 m/s, terminal_exempt=20
2026-09-10 17:50:35,357 [INFO] __main__: 球拍初始位置: [-0.24136342  0.63027058  1.45576659]
2026-09-10 17:50:35,358 [DEBUG] src.tennis.ball: serve_box bounce (attempt=0): p0_z=1.32, vz0=-2.6, spd=9.0, t1=0.310, t2=0.569, z_err=0.12
2026-09-10 17:50:35,364 [INFO] __main__: 击打步数: 176, 击打位置: [-0.84923052 -0.44473291  0.85631222]
2026-09-10 17:50:35,364 [INFO] __main__: 随挥方向: [ 0.176 -0.972  0.153], 随挥步数: 60
2026-09-10 17:50:35,370 [INFO] __main__: 候选窗口已构建: best_k=177, candidates=2
2026-09-10 17:50:35,371 [INFO] src.cpp.solver_cpp: iLQR C++ 加速模块已加载
2026-09-10 17:50:35,371 [INFO] __main__: 开始 V12 EpisodeRunner，总步数=310 (MPC=250, 随挥=60)，击打步数=176
2026-09-10 17:50:35,371 [INFO] src.ilqt.async_replanner: AsyncReplanner: 后台规划线程已启动
2026-09-10 17:50:35,389 [INFO] src.ilqt.async_replanner: AsyncReplanner: 规划环境已创建（独立 MjData）
2026-09-10 17:50:35,392 [INFO] src.ilqt.async_replanner: AsyncReplanner: 规划环境已创建（独立 MjData）
2026-09-10 17:50:35,409 [DEBUG] src.ilqt.tube_cost: [Softmin诊断] 候选权重TOP3: k=176:w=0.501, k=177:w=0.499
2026-09-10 17:50:36,312 [INFO] src.ilqt.mpc_controller: REPLAN step=0 k_hit=176 iters=30 horizon=120 t=923ms
2026-09-10 17:50:36,314 [INFO] src.ilqt.mpc_controller: MPCController.start 完成: k_hit=176, p_hit=[-0.849 -0.445  0.856], buffer=120
2026-09-10 17:50:36,317 [DEBUG] src.ilqt.replan_core: FAR_JT step=0 k_hit=176 (JT gain=60, skip iLQR)
2026-09-10 17:50:36,317 [DEBUG] src.ilqt.mpc_controller: REPLAN step=0 k_hit=176 iters=0 horizon=0 t=4ms
2026-09-10 17:50:36,317 [DEBUG] src.ilqt.mpc_controller: MPCController.step 0: replan k_hit=176 refine=feasible buffer=20
2026-09-10 17:50:36,326 [DEBUG] src.ilqt.replan_core: FAR_JT step=20 k_hit=157 (JT gain=60, skip iLQR)
2026-09-10 17:50:36,326 [DEBUG] src.ilqt.mpc_controller: REPLAN step=20 k_hit=157 iters=0 horizon=0 t=4ms
2026-09-10 17:50:36,327 [DEBUG] src.ilqt.mpc_controller: MPCController.step 20: replan k_hit=157 refine=feasible buffer=20
2026-09-10 17:50:36,335 [DEBUG] src.ilqt.replan_core: FAR_JT step=40 k_hit=136 (JT gain=60, skip iLQR)
2026-09-10 17:50:36,335 [DEBUG] src.ilqt.mpc_controller: REPLAN step=40 k_hit=136 iters=0 horizon=0 t=4ms
2026-09-10 17:50:36,336 [DEBUG] src.ilqt.mpc_controller: MPCController.step 40: replan k_hit=136 refine=feasible buffer=20
2026-09-10 17:50:36,344 [DEBUG] src.ilqt.replan_core: FAR_JT step=60 k_hit=116 (JT gain=60, skip iLQR)
2026-09-10 17:50:36,344 [DEBUG] src.ilqt.mpc_controller: REPLAN step=60 k_hit=116 iters=0 horizon=0 t=3ms
2026-09-10 17:50:36,345 [DEBUG] src.ilqt.mpc_controller: MPCController.step 60: replan k_hit=116 refine=feasible buffer=20
2026-09-10 17:50:36,353 [DEBUG] src.ilqt.replan_core: FAR_JT step=80 k_hit=96 (JT gain=60, skip iLQR)
2026-09-10 17:50:36,353 [DEBUG] src.ilqt.mpc_controller: REPLAN step=80 k_hit=96 iters=0 horizon=0 t=3ms
2026-09-10 17:50:36,354 [DEBUG] src.ilqt.mpc_controller: MPCController.step 80: replan k_hit=96 refine=feasible buffer=20
2026-09-10 17:50:36,362 [DEBUG] src.ilqt.replan_core: FAR_JT step=100 k_hit=76 (JT gain=60, skip iLQR)
2026-09-10 17:50:36,362 [DEBUG] src.ilqt.mpc_controller: REPLAN step=100 k_hit=76 iters=0 horizon=0 t=3ms
2026-09-10 17:50:36,363 [DEBUG] src.ilqt.mpc_controller: MPCController.step 100: replan k_hit=76 refine=feasible buffer=20
2026-09-10 17:50:36,371 [DEBUG] src.ilqt.replan_core: FAR_JT step=120 k_hit=56 (JT gain=60, skip iLQR)
2026-09-10 17:50:36,371 [DEBUG] src.ilqt.mpc_controller: REPLAN step=120 k_hit=56 iters=0 horizon=0 t=3ms
2026-09-10 17:50:36,371 [INFO] src.ilqt.strategies.hit_point_refiner: [HIT_LOCK] k_hit=56 ≤ 60, 锁定击球点不再替换
2026-09-10 17:50:36,371 [DEBUG] src.ilqt.mpc_controller: MPCController.step 120: replan k_hit=56 refine=locked buffer=20
2026-09-10 17:50:36,381 [DEBUG] src.ilqt.tube_cost: [Softmin诊断] 候选权重TOP3: k=36:w=0.501, k=37:w=0.499
2026-09-10 17:50:36,400 [DEBUG] src.ilqt.mpc_controller: REPLAN step=140 k_hit=36 iters=5 horizon=36 t=24ms
2026-09-10 17:50:36,400 [DEBUG] src.ilqt.mpc_controller: MPCController.step 140: replan k_hit=36 refine=locked buffer=20
2026-09-10 17:50:36,409 [DEBUG] src.ilqt.tube_cost: [Softmin诊断] 候选权重TOP3: k=16:w=0.501, k=17:w=0.499
2026-09-10 17:50:36,418 [DEBUG] src.ilqt.mpc_controller: REPLAN step=160 k_hit=16 iters=5 horizon=16 t=13ms
2026-09-10 17:50:36,418 [DEBUG] src.ilqt.mpc_controller: MPCController.step 160: replan k_hit=16 refine=locked buffer=16
2026-09-10 17:50:36,419 [INFO] src.ilqt.components.predictive_safety: [SAFETY_FILTER] beta=0.8: qdot entering overspeed, joint=1, |qdot|=3.31 > 3.14
2026-09-10 17:50:36,420 [INFO] src.ilqt.components.predictive_safety: [SAFETY_FILTER] beta=0.0: qdot entering overspeed, joint=1, |qdot|=3.91 > 3.14
2026-09-10 17:50:36,420 [INFO] src.ilqt.components.predictive_safety: [SAFETY_FILTER] beta=0.2: qdot entering overspeed, joint=1, |qdot|=3.91 > 3.14
2026-09-10 17:50:36,421 [INFO] src.ilqt.components.predictive_safety: [SAFETY_FILTER] beta=0.0: qdot entering overspeed, joint=1, |qdot|=3.98 > 3.14
2026-09-10 17:50:36,423 [INFO] src.ilqt.components.predictive_safety: [SAFETY_FILTER] beta=0.2: qdot entering overspeed, joint=2, |qdot|=4.50 > 3.93
2026-09-10 17:50:36,423 [INFO] src.ilqt.components.predictive_safety: [SAFETY_FILTER] beta=0.0: qdot entering overspeed, joint=2, |qdot|=4.84 > 3.93
2026-09-10 17:50:36,424 [INFO] src.ilqt.components.predictive_safety: [SAFETY_FILTER] beta=0.2: tcp speed 2.14 > 1.80 m/s
2026-09-10 17:50:36,424 [INFO] src.ilqt.strategies.follow_through: 随挥触发: step=175, steps=60
2026-09-10 17:50:36,441 [INFO] src.ilqt.async_replanner: AsyncReplanner: 后台规划线程已停止
2026-09-10 17:50:36,442 [INFO] src.ilqt.episode_runner: EpisodeRunner 完成: total_steps=237 safe_steps=237 mpc_done=True
2026-09-10 17:50:36,442 [DEBUG] src.ilqt.episode_runner: EpisodeRunner metrics 详情: {'total_steps': 237, 'safe_steps': 237, 'mpc_done': True, 'X_history': [array([-1.5  ,  1.57 , -0.236,  0.404,  0.446,  2.45 ,  0.   ,  0.   ,
        0.   ,  0.   ,  0.   ,  0.   ]), array([ 2.30069868e-01,  1.69036741e+00, -3.24795062e-01, -1.30438936e-01,
        3.04004689e-01,  2.44999329e+00, -9.99626766e-03, -4.28328726e-02,
       -3.56845287e-03,  3.69357971e-04, -1.53455451e-02, -1.34111000e-03]), array([ 2.29971252e-01,  1.68994777e+00, -3.24840224e-01, -1.30435460e-01,
        3.03859851e-01,  2.44998248e+00, -1.97231412e-02, -8.39283719e-02,
       -9.03254922e-03,  6.95310589e-04, -2.89675675e-02, -2.16361012e-03]), array([ 2.29825367e-01,  1.68933086e+00, -3.24920449e-01, -1.30430496e-01,
        3.03653238e-01,  2.44996898e+00, -2.91770312e-02, -1.23381911e-01,
       -1.60448641e-02,  9.92729100e-04, -4.13226652e-02, -2.69947729e-03]), array([ 2.29633581e-01,  1.68852444e+00, -3.25042036e-01, -1.30424153e-01,
        3.03389537e-01,  2.44995360e+00, -3.83572521e-02, -1.61285298e-01,
       -2.43173541e-02,  1.26872465e-03, -5.27401603e-02, -3.07575923e-03]), array([ 2.29397255e-01,  1.68753581e+00, -3.25210083e-01, -1.30416519e-01,
        3.03072257e-01,  2.44993679e+00, -4.72651366e-02, -1.97725505e-01,
       -3.36094954e-02,  1.52671803e-03, -6.34559423e-02, -3.36212712e-03]), array([ 2.29117738e-01,  1.68637189e+00, -3.25428678e-01, -1.30407677e-01,
        3.02704071e-01,  2.44991881e+00, -5.59033987e-02, -2.32783998e-01,
       -4.37190599e-02,  1.76844860e-03, -7.36372490e-02, -3.59684853e-03]), array([ 2.28796360e-01,  1.68503921e+00, -3.25701053e-01, -1.30397702e-01,
        3.02287067e-01,  2.44989980e+00, -6.42756753e-02, -2.66536423e-01,
       -5.44748785e-02,  1.99493002e-03, -8.34007626e-02, -3.80099010e-03]), array([ 2.28434429e-01,  1.68354394e+00, -3.26029708e-01, -1.30386668e-01,
        3.01822938e-01,  2.44987987e+00, -7.23861975e-02, -2.99052554e-01,
       -6.57311215e-02,  2.20688284e-03, -9.28258369e-02, -3.98619332e-03]), array([ 2.28033231e-01,  1.68189196e+00, -3.26416522e-01, -1.30374643e-01,
        3.01313117e-01,  2.44985907e+00, -8.02395587e-02, -3.30396386e-01,
       -7.73627544e-02,  2.40491585e-03, -1.01964233e-01, -4.15893551e-03]), array([ 0.22759403,  1.68008883, -0.32686283, -0.1303617 ,  0.30075888,
        2.44983746, -0.08784055, -0.36062634, -0.08926191,  0.00258959,
       -0.11084735, -0.00432287]), array([ 0.22711806,  1.67813985, -0.32736951, -0.13034789,  0.30016142,
        2.44981506, -0.09519403, -0.38979555, -0.101335  ,  0.00276144,
       -0.11949161, -0.00448008]), array([ 0.22660653,  1.67605009, -0.32793701, -0.13033328,  0.29952191,
        2.4497919 , -0.10230486, -0.41795213, -0.11350032,  0.00292094,
       -0.12790253, -0.00463184]), array([ 0.22606064,  1.67382439, -0.32856544, -0.13031794,  0.29884152,
        2.44976801, -0.10917781, -0.44513953, -0.1256862 ,  0.00306852,
       -0.13607768, -0.00477893]), array([ 0.22548156,  1.67146741, -0.32925459, -0.13030192,  0.29812148,
        2.4497434 , -0.11581753, -0.47139684, -0.13782942,  0.00320456,
       -0.1440089 , -0.00492188]), array([ 0.22487041,  1.66898361, -0.33000396, -0.13028527,  0.29736306,
        2.44971809, -0.12222848, -0.49675913, -0.14987388,  0.00332932,
       -0.15168393, -0.00506111]), array([ 0.22422834,  1.66637733, -0.3308128 , -0.13026806,  0.29656762,
        2.44969211, -0.12841494, -0.52125774, -0.16176959,  0.00344302,
       -0.15908761, -0.00519695]), array([ 0.22355644,  1.66365272, -0.33168016, -0.13025033,  0.29573661,
        2.44966546, -0.13438098, -0.54492053, -0.17347172,  0.00354578,
       -0.16620272, -0.00532971]), array([ 0.22285578,  1.66081386, -0.33260486, -0.13023214,  0.29487155,
        2.44963816, -0.14013041, -0.56777221, -0.1849399 ,  0.00363764,
       -0.17301062, -0.00545968]), array([ 0.22212745,  1.65786469, -0.33358555, -0.13021355,  0.29397409,
        2.44961022, -0.14566684, -0.58983457, -0.19613753,  0.00371859,
       -0.17949177, -0.00558715]), array([ 0.22137248,  1.65480906, -0.33462071, -0.1301946 ,  0.29304596,
        2.44958166, -0.15099361, -0.61112666, -0.20703131,  0.00378853,
       -0.18562602, -0.0057124 ]), array([ 0.22058914,  1.65165073, -0.33570896, -0.13017251,  0.29208495,
        2.4495519 , -0.15666894, -0.63166518, -0.21765149,  0.00441848,
       -0.19220346, -0.00595303]), array([ 0.21977827,  1.6483933 , -0.33684873, -0.13014772,  0.29109332,
        2.44952126, -0.16217244, -0.65148679, -0.22795418,  0.00495881,
       -0.1983257 , -0.00612802]), array([ 0.21894074,  1.64504028, -0.33803827, -0.13012056,  0.29007332,
        2.44948991, -0.16750767, -0.67060247, -0.23790766,  0.00543115,
       -0.20400009, -0.00626956]), array([ 0.21807735,  1.64159517, -0.33927569, -0.1300913 ,  0.28902719,
        2.44945794, -0.17267801, -0.68902181, -0.24748356,  0.00585128,
       -0.20922614, -0.00639474]), array([ 0.21718891,  1.63806141, -0.34055897, -0.13006015,  0.2879572 ,
        2.44942537, -0.17768661, -0.70675292, -0.25665627,  0.0062308 ,
       -0.2139978 , -0.00651254]), array([ 0.21627623,  1.6344424 , -0.34188598, -0.13002726,  0.28686567,
        2.44939223, -0.18253635, -0.72380249, -0.26540239,  0.00657826,
       -0.21830512, -0.00662764]), array([ 0.21534008,  1.63074152, -0.34325449, -0.12999276,  0.28575499,
        2.44935852, -0.18722974, -0.74017583, -0.27370036,  0.00689994,
       -0.22213553, -0.00674241]), array([ 0.21438124,  1.62696213, -0.34466214, -0.12995676,  0.28462762,
        2.44932423, -0.19176898, -0.75587694, -0.28153016,  0.0072004 ,
       -0.2254748 , -0.00685805]), array([ 0.21340046,  1.62310759, -0.3461065 , -0.12991934,  0.28348608,
        2.44928936, -0.19615589, -0.77090863, -0.28887311,  0.00748289,
       -0.22830778, -0.00697516]), array([ 0.2123985 ,  1.61918123, -0.34758506, -0.1298806 ,  0.28233299,
        2.44925389, -0.20039197, -0.78527254, -0.2957117 ,  0.0077497 ,
       -0.23061891, -0.00709402]), array([ 0.21137611,  1.61518638, -0.34909521, -0.12984058,  0.28117102,
        2.44921781, -0.20447835, -0.79896926, -0.30202951,  0.00800235,
       -0.23239269, -0.00721477]), array([ 0.21033403,  1.61112639, -0.35063426, -0.12979937,  0.28000295,
        2.44918112, -0.20841586, -0.81199846, -0.3078111 ,  0.00824181,
       -0.23361398, -0.00733752]), array([ 0.209273  ,  1.60700459, -0.35219947, -0.12975703,  0.27883161,
        2.44914381, -0.21220498, -0.82435893, -0.31304198,  0.00846861,
       -0.23426826, -0.00746231]), array([ 0.20819377,  1.60282435, -0.35378802, -0.12971362,  0.2776599 ,
        2.44910587, -0.21584593, -0.8360487 , -0.31770859,  0.00868294,
       -0.23434189, -0.00758919]), array([ 0.20709708,  1.59858902, -0.35539701, -0.12966919,  0.27649079,
        2.44906728, -0.21933862, -0.84706516, -0.32179826,  0.00888478,
       -0.23382224, -0.00771821]), array([ 0.20598367,  1.594302  , -0.3570235 , -0.12962382,  0.2753273 ,
        2.44902803, -0.2226827 , -0.85740511, -0.32529927,  0.00907392,
       -0.23269789, -0.0078494 ]), array([ 0.20485428,  1.58996667, -0.35866451, -0.12957757,  0.27417251,
        2.44898812, -0.22587758, -0.8670649 , -0.3282008 ,  0.00925005,
       -0.23095873, -0.00798279]), array([ 0.20370967,  1.58558647, -0.36031697, -0.12953051,  0.27302953,
        2.44894752, -0.22892245, -0.87604052, -0.33049302,  0.00941274,
       -0.22859609, -0.00811839]), array([ 0.20255058,  1.58116483, -0.36197781, -0.1294827 ,  0.27190151,
        2.44890624, -0.2318163 , -0.88432767, -0.33216707,  0.00956157,
       -0.22560285, -0.00825619]), array([ 0.20137779,  1.57670522, -0.36364388, -0.12943422,  0.27079165,
        2.44886426, -0.23455791, -0.89192189, -0.33321511,  0.00969604,
       -0.22197354, -0.00839618]), array([ 0.2002022 ,  1.57221125, -0.36531052, -0.1293947 ,  0.26972026,
        2.44882367, -0.23511889, -0.89879484, -0.33332779,  0.00790513,
       -0.21427775, -0.00811804]), array([ 0.19902486,  1.56768685, -0.36697393, -0.12936261,  0.26868737,
        2.44878332, -0.23546709, -0.90488024, -0.332681  ,  0.00641703,
       -0.2065776 , -0.00807097]), array([ 0.19784681,  1.5631359 , -0.36863047, -0.12933682,  0.26769381,
        2.44874261, -0.23560998, -0.91018917, -0.33130763,  0.00515783,
       -0.19871229, -0.00814198]), array([ 0.19666905,  1.55856226, -0.37027662, -0.12931646,  0.26674098,
        2.44870125, -0.23555329, -0.91472953, -0.32923174,  0.00407239,
       -0.19056497, -0.00827129]), array([ 0.19549254,  1.55396972, -0.37190898, -0.12930086,  0.26583072,
        2.44865911, -0.23530148, -0.91850701, -0.32647132,  0.00311897,
       -0.18205203, -0.00842771]), array([ 1.94318250e-01,  1.54936209e+00, -3.73524183e-01, -1.29289536e-01,
        2.64965147e-01,  2.44861613e+00, -2.34858082e-01, -9.21525831e-01,
       -3.23040285e-01,  2.26562381e-03, -1.73115025e-01, -8.59531387e-03]), array([ 1.93147120e-01,  1.54474314e+00, -3.75118933e-01, -1.29282097e-01,
        2.64146574e-01,  2.44857230e+00, -2.34225997e-01, -9.23789298e-01,
       -3.18950022e-01,  1.48773594e-03, -1.63714720e-01, -8.76620835e-03]), array([ 1.91980082e-01,  1.54011664e+00, -3.76689985e-01, -1.29278266e-01,
        2.63377441e-01,  2.44852762e+00, -2.33407693e-01, -9.25300271e-01,
       -3.14210448e-01,  7.66257440e-04, -1.53826637e-01, -8.93670654e-03]), array([ 1.90818055e-01,  1.53548634e+00, -3.78234139e-01, -1.29277834e-01,
        2.62660252e-01,  2.44848209e+00, -2.32405372e-01, -9.26061497e-01,
       -3.08830841e-01,  8.64248341e-05, -1.43437759e-01, -9.10523856e-03]), array([ 1.89661949e-01,  1.53085596e+00, -3.79748241e-01, -1.29280650e-01,
        2.61997532e-01,  2.44843574e+00, -2.31221099e-01, -9.26075888e-01,
       -3.02820437e-01, -5.63198176e-04, -1.32544050e-01, -9.27126082e-03]), array([ 1.88512665e-01,  1.52622922e+00, -3.81229186e-01, -1.29286607e-01,
        2.61391789e-01,  2.44838856e+00, -2.29856904e-01, -9.25346748e-01,
       -2.96188856e-01, -1.19144758e-03, -1.21148610e-01, -9.43468496e-03]), array([ 1.87371091e-01,  1.52160983e+00, -3.82673918e-01, -1.29295633e-01,
        2.60845487e-01,  2.44834059e+00, -2.28314858e-01, -9.23877956e-01,
       -2.88946424e-01, -1.80511747e-03, -1.09260285e-01, -9.59558694e-03]), array([ 1.86238105e-01,  1.51700146e+00, -3.84079440e-01, -1.29307680e-01,
        2.60361024e-01,  2.44829182e+00, -2.26597145e-01, -9.21674110e-01,
       -2.81104390e-01, -2.40939294e-03, -9.68926048e-02, -9.75406503e-03]), array([ 0.18511457,  1.51240776, -0.38544282, -0.12932272,  0.25994071,
        2.44824227, -0.22470611, -0.91874066, -0.27267509, -0.00300819,
       -0.08406298, -0.00991018]), array([ 0.18400135,  1.50783234, -0.38676118, -0.12934074,  0.25958675,
        2.44819195, -0.2226443 , -0.91508399, -0.26367204, -0.00360441,
       -0.07079206, -0.01006391]), array([ 0.18289928,  1.50327878, -0.38803173, -0.12936174,  0.25930123,
        2.44814087, -0.22041449, -0.91071154, -0.25411001, -0.00420017,
       -0.05710327, -0.01021518]), array([ 0.18180918,  1.49875062, -0.38925175, -0.12938573,  0.25908612,
        2.44808905, -0.21801974, -0.90563183, -0.24400506, -0.00479694,
       -0.04302237, -0.01036386]), array([ 0.18073186,  1.49425135, -0.39041862, -0.12941271,  0.25894324,
        2.4480365 , -0.21546339, -0.89985454, -0.23337455, -0.00539569,
       -0.02857714, -0.01050973]), array([ 0.17966812,  1.4897844 , -0.39152981, -0.12944269,  0.25887425,
        2.44798324, -0.21274906, -0.89339057, -0.2222371 , -0.005997  ,
       -0.01379711, -0.01065254]), array([ 1.78618716e-01,  1.48535314e+00, -3.92582872e-01, -1.29475697e-01,
        2.58880683e-01,  2.44792928e+00, -2.09880701e-01, -8.86252015e-01,
       -2.10612611e-01, -6.60110874e-03,  1.28669738e-03, -1.07920201e-02]), array([ 0.17758211,  1.48096138, -0.39357363, -0.12950971,  0.25897065,
        2.4478737 , -0.20732198, -0.8783513 , -0.19815104, -0.00680155,
        0.01799293, -0.0111148 ]), array([ 0.17655906,  1.47661256, -0.3944997 , -0.12954514,  0.25914389,
        2.44781702, -0.20460903, -0.86976372, -0.18521548, -0.00708624,
        0.03464789, -0.01133738]), array([ 0.17555032,  1.47230999, -0.39535893, -0.1295823 ,  0.25940033,
        2.44775949, -0.20174736, -0.86051342, -0.17184442, -0.00743373,
        0.05128837, -0.0115054 ]), array([ 0.17455661,  1.46805687, -0.39614929, -0.12962145,  0.25973999,
        2.44770128, -0.19874255, -0.85062414, -0.15807307, -0.00782851,
        0.06793181, -0.01164302]), array([ 0.17357861,  1.46385628, -0.39686896, -0.12966274,  0.26016289,
        2.44764246, -0.19560031, -0.84011964, -0.14393447, -0.00825914,
        0.08458139, -0.01176279]), array([ 0.17261698,  1.45971116, -0.39751627, -0.12970633,  0.26066904,
        2.44758311, -0.19232653, -0.82902391, -0.12946031, -0.00871692,
        0.10122979, -0.01187107]), array([ 0.17167234,  1.45562435, -0.39808967, -0.1297523 ,  0.26125835,
        2.44752325, -0.18892732, -0.81736138, -0.11468148, -0.00919514,
        0.11786197, -0.01197093]), array([ 0.1707453 ,  1.45159856, -0.39858782, -0.12980075,  0.26193064,
        2.44746293, -0.185409  , -0.80515705, -0.09962841, -0.00968855,
        0.13445735, -0.01206373]), array([ 0.1698364 ,  1.44763638, -0.39900947, -0.12985171,  0.2626856 ,
        2.44740218, -0.18177812, -0.79243651, -0.08433135, -0.0101929 ,
        0.15099136, -0.01214993]), array([ 0.1689462 ,  1.44374025, -0.39935357, -0.12990523,  0.26352278,
        2.44734104, -0.17804147, -0.77922608, -0.06882051, -0.01070476,
        0.16743666, -0.01222955]), array([ 0.16807517,  1.43991249, -0.39961921, -0.12996134,  0.2644416 ,
        2.44727952, -0.17420603, -0.7655527 , -0.05312615, -0.01122129,
        0.18376409, -0.01230242]), array([ 0.16722377,  1.43615527, -0.3998056 , -0.13002004,  0.26544132,
        2.44721768, -0.17027902, -0.75144402, -0.03727862, -0.01174012,
        0.19994334, -0.0123683 ]), array([ 0.16639243,  1.43247063, -0.39991214, -0.13008134,  0.26652104,
        2.44715555, -0.16626782, -0.73692828, -0.02130833, -0.01225919,
        0.21594358, -0.01242693]), array([ 0.16558153,  1.42886045, -0.39993837, -0.13014522,  0.2676797 ,
        2.44709316, -0.16217999, -0.72203434, -0.00524574, -0.01277676,
        0.23173384, -0.01247809]), array([ 0.16479142,  1.4253265 , -0.39988398, -0.13021168,  0.26891612,
        2.44703055, -0.15802323, -0.70679157,  0.01087869, -0.01329129,
        0.2472834 , -0.01252158]), array([ 0.16402239,  1.42187035, -0.3997488 , -0.13028068,  0.27022893,
        2.44696776, -0.15380536, -0.69122979,  0.02703457, -0.0138014 ,
        0.26256209, -0.01255724]), array([ 0.16327472,  1.41849345, -0.39953284, -0.13035221,  0.27161663,
        2.44690484, -0.14953431, -0.67537922,  0.04319169, -0.01430587,
        0.27754047, -0.01258497]), array([ 0.16254863,  1.4151971 , -0.39923624, -0.13042623,  0.27307759,
        2.44684181, -0.14521804, -0.65927038,  0.05932001, -0.01480359,
        0.29219009, -0.0126047 ]), array([ 0.16184431,  1.41198243, -0.39885929, -0.1305027 ,  0.27461   ,
        2.44677873, -0.14086458, -0.64293402,  0.07538985, -0.01529355,
        0.30648358, -0.01261642]), array([ 0.1611619 ,  1.40885042, -0.39840244, -0.13058157,  0.27621198,
        2.44671563, -0.13648196, -0.62640102,  0.09137189, -0.01577482,
        0.32039487, -0.01262015]), array([ 0.16050151,  1.40580191, -0.39786625, -0.13066281,  0.27788147,
        2.44665255, -0.13207819, -0.60970233,  0.1072373 , -0.01624655,
        0.33389923, -0.01261594]), array([ 0.1598632 ,  1.40283757, -0.39725146, -0.13074635,  0.27961634,
        2.44658953, -0.12766123, -0.59286884,  0.12295781, -0.01670794,
        0.3469734 , -0.01260391]), array([ 0.159247  ,  1.39995791, -0.39655893, -0.13083214,  0.28141432,
        2.44652661, -0.12323898, -0.57593136,  0.13850579, -0.01715827,
        0.35959568, -0.01258418]), array([ 0.15865291,  1.39716331, -0.39578966, -0.13092012,  0.28327305,
        2.44646383, -0.11881923, -0.55892044,  0.15385432, -0.01759687,
        0.37174597, -0.01255693]), array([ 0.15808086,  1.39445398, -0.39494477, -0.13101024,  0.28519008,
        2.44640122, -0.11440963, -0.54186639,  0.16897729, -0.01802313,
        0.38340584, -0.01252235]), array([ 0.15753077,  1.39182998, -0.39402553, -0.13110242,  0.28716287,
        2.44633881, -0.11001769, -0.5247991 ,  0.18384945, -0.01843648,
        0.39455856, -0.01248068]), array([ 0.15700252,  1.38929124, -0.39303329, -0.1311966 ,  0.28918882,
        2.44627665, -0.10565073, -0.50774805,  0.19844646, -0.01883643,
        0.40518916, -0.01243219]), array([ 0.15649594,  1.38683753, -0.39196957, -0.13129271,  0.29126524,
        2.44621477, -0.10131589, -0.49074216,  0.21274501, -0.01922251,
        0.41528443, -0.01237714]), array([ 0.15601084,  1.38446848, -0.39083595, -0.13139069,  0.2933894 ,
        2.44615319, -0.09702006, -0.47380976,  0.22672282, -0.01959431,
        0.42483291, -0.01231585]), array([ 0.15554699,  1.38218359, -0.38963416, -0.13149044,  0.29555853,
        2.44609194, -0.09276991, -0.4569785 ,  0.24035874, -0.01995149,
        0.43382494, -0.01224864]), array([ 0.15510413,  1.37998221, -0.388366  , -0.13159191,  0.29776979,
        2.44603106, -0.08857183, -0.44027529,  0.25363273, -0.02029374,
        0.44225265, -0.01217587]), array([ 0.15468197,  1.37786358, -0.38703337, -0.13169502,  0.30002034,
        2.44597057, -0.08443195, -0.42372626,  0.26652598, -0.02062081,
        0.45010989, -0.01209788]), array([ 0.15428019,  1.3758268 , -0.38563826, -0.13179968,  0.3023073 ,
        2.4459105 , -0.08035609, -0.40735665,  0.27902092, -0.0209325 ,
        0.45739229, -0.01201506]), array([ 0.15389844,  1.37387084, -0.38418276, -0.13190582,  0.30462779,
        2.44585086, -0.07634978, -0.39119083,  0.29110122, -0.02122865,
        0.46409717, -0.01192779]), array([ 0.15353635,  1.37199458, -0.382669  , -0.13201337,  0.30697891,
        2.44579168, -0.07241823, -0.37525218,  0.30275186, -0.02150916,
        0.47022353, -0.01183646]), array([ 0.15319352,  1.37019677, -0.3810992 , -0.13212224,  0.30935777,
        2.44573297, -0.06856632, -0.3595631 ,  0.31395912, -0.02177398,
        0.47577201, -0.01174146]), array([ 0.15286952,  1.36847604, -0.37947565, -0.13223235,  0.31176149,
        2.44567475, -0.0647986 , -0.34414495,  0.32471063, -0.02202312,
        0.48074482, -0.01164321]), array([ 0.15256393,  1.36683095, -0.37780067, -0.13234364,  0.31418722,
        2.44561704, -0.0611193 , -0.32901802,  0.33499534, -0.02225661,
        0.48514571, -0.0115421 ]), array([ 0.15227627,  1.36525995, -0.37607665, -0.13245601,  0.31663212,
        2.44555985, -0.05753229, -0.3142015 ,  0.34480355, -0.02247454,
        0.48897991, -0.01143855]), array([ 0.15200606,  1.36376138, -0.37430602, -0.13256939,  0.31909339,
        2.44550319, -0.05404109, -0.29971345,  0.35412691, -0.02267705,
        0.49225406, -0.01133294]), array([ 0.15175282,  1.36233352, -0.37249123, -0.13268372,  0.32156827,
        2.44544706, -0.05064891, -0.28557079,  0.36295841, -0.02286433,
        0.49497611, -0.01122569]), array([ 0.15151602,  1.36097458, -0.37063477, -0.1327989 ,  0.32405405,
        2.44539147, -0.04735859, -0.2717893 ,  0.37129237, -0.02303659,
        0.4971553 , -0.01111717]), array([ 0.15129516,  1.35968266, -0.36873914, -0.13291487,  0.32654806,
        2.44533643, -0.04417264, -0.25838357,  0.37912442, -0.02319409,
        0.49880206, -0.01100777]), array([ 0.15108969,  1.35845583, -0.36680689, -0.13303156,  0.3290477 ,
        2.44528194, -0.04109324, -0.24536702,  0.38645148, -0.02333713,
        0.49992793, -0.01089786]), array([ 0.15089908,  1.35729207, -0.36484053, -0.13314889,  0.33155042,
        2.445228  , -0.03812225, -0.2327519 ,  0.39327175, -0.02346605,
        0.50054548, -0.01078781]), array([ 0.15072278,  1.35618932, -0.3628426 , -0.13326679,  0.33405376,
        2.44517462, -0.03526119, -0.22054928,  0.39958466, -0.02358122,
        0.50066822, -0.01067796]), array([ 0.15056022,  1.35514547, -0.36081565, -0.13338521,  0.33655532,
        2.44512177, -0.03251129, -0.20876907,  0.40539087, -0.02368303,
        0.50031053, -0.01056865]), array([ 0.15041085,  1.35415837, -0.35876219, -0.13350407,  0.33905275,
        2.44506947, -0.02987344, -0.19742   ,  0.41069218, -0.0237719 ,
        0.49948759, -0.01046021]), array([ 0.15027411,  1.35322583, -0.35668473, -0.13362331,  0.34154383,
        2.44501771, -0.02734826, -0.18650967,  0.41549157, -0.0238483 ,
        0.49821524, -0.01035293]), array([ 0.15014943,  1.3523456 , -0.35458577, -0.13374287,  0.34402638,
        2.44496647, -0.0249361 , -0.17604454,  0.41979306, -0.02391269,
        0.49650997, -0.01024712]), array([ 0.15003625,  1.35151545, -0.35246776, -0.1338627 ,  0.34649832,
        2.44491576, -0.022637  , -0.16602996,  0.42360175, -0.02396557,
        0.49438876, -0.01014303]), array([ 0.14993399,  1.3507331 , -0.35033314, -0.13398274,  0.34895767,
        2.44486555, -0.02045075, -0.15647016,  0.42692371, -0.02400744,
        0.49186906, -0.01004094]), array([ 0.14984211,  1.34999626, -0.34818431, -0.13410293,  0.35140251,
        2.44481585, -0.01837692, -0.14736835,  0.42976598, -0.02403883,
        0.4889687 , -0.00994108]), array([ 0.14976003,  1.34930263, -0.34602363, -0.13422323,  0.35383104,
        2.44476663, -0.01641479, -0.13872665,  0.43213649, -0.02406029,
        0.48570575, -0.00984367]), array([ 0.14968722,  1.3486499 , -0.34385341, -0.13434359,  0.35624153,
        2.44471788, -0.01456346, -0.13054619,  0.43404399, -0.02407234,
        0.48209855, -0.00974891]), array([ 0.14962311,  1.34803576, -0.34167592, -0.13446397,  0.35863236,
        2.4446696 , -0.01282179, -0.12282711,  0.43549803, -0.02407555,
        0.47816554, -0.009657  ]), array([ 0.14956717,  1.34745792, -0.33949337, -0.13458432,  0.36100199,
        2.44462176, -0.01118845, -0.1155686 ,  0.43650888, -0.02407047,
        0.47392525, -0.00956809]), array([ 0.14951886,  1.34691407, -0.33730793, -0.13470461,  0.36334897,
        2.44457435, -0.00966193, -0.10876892,  0.4370875 , -0.02405765,
        0.4693962 , -0.00948235]), array([ 0.14947765,  1.34640195, -0.33512171, -0.1348248 ,  0.36567195,
        2.44452735, -0.00824052, -0.10242548,  0.43724544, -0.02403766,
        0.46459685, -0.00939991]), array([ 0.14944304,  1.34591927, -0.33293673, -0.13494486,  0.36796968,
        2.44448074, -0.00692238, -0.0965348 ,  0.43699483, -0.02401104,
        0.45954557, -0.00932089]), array([ 0.14941451,  1.34546381, -0.33075499, -0.13506475,  0.37024098,
        2.44443451, -0.00570551, -0.09109262,  0.43634827, -0.02397835,
        0.45426051, -0.00924538]), array([ 0.14939158,  1.34503334, -0.3285784 , -0.13518445,  0.37248478,
        2.44438865, -0.00458776, -0.08609391,  0.43531884, -0.02394013,
        0.44875965, -0.00917347]), array([ 0.14937374,  1.34462567, -0.3264088 , -0.13530393,  0.37470009,
        2.44434312, -0.00356688, -0.0815329 ,  0.43392   , -0.02389691,
        0.44306065, -0.00910524]), array([ 0.14936054,  1.34423866, -0.32424797, -0.13542318,  0.37688599,
        2.44429792, -0.00264048, -0.07740314,  0.43216552, -0.02384921,
        0.43718088, -0.00904073]), array([ 1.49351508e-01,  1.34387017e+00, -3.22097622e-01, -1.35542166e-01,
        3.79041677e-01,  2.44425302e+00, -1.80609084e-03, -7.36975177e-02,
        4.30069491e-01, -2.37975546e-02,  4.31137356e-01, -8.98000269e-03]), array([ 1.49346202e-01,  1.34351813e+00, -3.19959391e-01, -1.35660878e-01,
        3.81166410e-01,  2.44420840e+00, -1.06114411e-03, -7.04083205e-02,
        4.27646211e-01, -2.37424383e-02,  4.24946705e-01, -8.92307080e-03]), array([ 1.49344187e-01,  1.34318049e+00, -3.17834840e-01, -1.35779300e-01,
        3.83259536e-01,  2.44416405e+00, -4.02993316e-04, -6.75272646e-02,
        4.24910166e-01, -2.36843498e-02,  4.18625131e-01, -8.86995514e-03]), array([ 1.49345043e-01,  1.34285527e+00, -3.15725460e-01, -1.35897419e-01,
        3.85320478e-01,  2.44411995e+00,  1.71076626e-04, -6.50455374e-02,
        4.21875978e-01, -2.36237619e-02,  4.12188397e-01, -8.82065991e-03]), array([ 1.49348362e-01,  1.34254050e+00, -3.13632668e-01, -1.36015225e-01,
        3.87348737e-01,  2.44407607e+00,  6.63839617e-04, -6.29538382e-02,
        4.18558357e-01, -2.35611326e-02,  4.05651796e-01, -8.77517807e-03]), array([ 1.49353752e-01,  1.34223428e+00, -3.11557808e-01, -1.36132709e-01,
        3.89343887e-01,  2.44403241e+00,  1.07811882e-03, -6.12424178e-02,
        4.14972055e-01, -2.34969036e-02,  3.99030134e-01, -8.73349215e-03]), array([ 1.49360836e-01,  1.34193478e+00, -3.09502149e-01, -1.36249867e-01,
        3.91305576e-01,  2.44398893e+00,  1.41677753e-03, -5.99011179e-02,
        4.11131830e-01, -2.34315003e-02,  3.92337712e-01, -8.69557490e-03]), array([ 1.49369250e-01,  1.34164018e+00, -3.07466887e-01, -1.36366693e-01,
        3.93233518e-01,  2.44394562e+00,  1.68271047e-03, -5.89194102e-02,
        4.07052402e-01, -2.33653312e-02,  3.85588318e-01, -8.66139011e-03]), array([ 1.49378644e-01,  1.34134875e+00, -3.05453145e-01, -1.36483187e-01,
        3.95127494e-01,  2.44390247e+00,  1.87883551e-03, -5.82864341e-02,
        4.02748420e-01, -2.32987873e-02,  3.78795213e-01, -8.63089324e-03]), array([ 1.49388684e-01,  1.34105879e+00, -3.03461972e-01, -1.36599349e-01,
        3.96987349e-01,  2.44385945e+00,  2.00808585e-03, -5.79910343e-02,
        3.98234423e-01, -2.32322422e-02,  3.71971125e-01, -8.60403216e-03]), array([ 1.49399051e-01,  1.34076869e+00, -3.01494348e-01, -1.36715179e-01,
        3.98812991e-01,  2.44381654e+00,  2.07340262e-03, -5.80217971e-02,
        3.93524811e-01, -2.31660521e-02,  3.65128250e-01, -8.58074784e-03]), array([ 1.49409440e-01,  1.34047685e+00, -2.99551179e-01, -1.36830682e-01,
        4.00604382e-01,  2.44377374e+00,  2.07772787e-03, -5.83670855e-02,
        3.88633816e-01, -2.31005552e-02,  3.58278246e-01, -8.56097502e-03]), array([ 1.49419560e-01,  1.34018177e+00, -2.97633302e-01, -1.36945862e-01,
        4.02361543e-01,  2.44373101e+00,  2.02399802e-03, -5.90150744e-02,
        3.83575471e-01, -2.30360720e-02,  3.51432235e-01, -8.54464282e-03]), array([ 1.49429136e-01,  1.33988201e+00, -2.95741484e-01, -1.37060726e-01,
        4.04084547e-01,  2.44368836e+00,  1.91513774e-03, -5.99537829e-02,
        3.78363588e-01, -2.29729058e-02,  3.44600811e-01, -8.53167543e-03]), array([ 1.49437906e-01,  1.33957615e+00, -2.93876425e-01, -1.37175283e-01,
        4.05773517e-01,  2.44364575e+00,  1.75405418e-03, -6.11711071e-02,
        3.73011734e-01, -2.29113420e-02,  3.37794040e-01, -8.52199265e-03]), array([ 1.49445624e-01,  1.33926288e+00, -2.92038759e-01, -1.37289541e-01,
        4.07428625e-01,  2.44360317e+00,  1.54363161e-03, -6.26548508e-02,
        3.67533210e-01, -2.28516492e-02,  3.31021470e-01, -8.51551051e-03]), array([ 0.15191177,  1.34071197, -0.28884747, -0.13258448,  0.40788333,
        2.45308525,  0.49322909,  0.28981857,  0.63825785,  0.94101161,
        0.09094091,  1.89641715]), array([ 0.15482445,  1.33777301, -0.28313546, -0.130802  ,  0.41516567,
        2.45260749,  0.58253586, -0.58779221,  1.14240152,  0.35649695,
        1.45646884, -0.09555253]), array([ 0.15774106,  1.33783774, -0.27842837, -0.13403224,  0.41980524,
        2.46283567,  0.58332156,  0.0129472 ,  0.94141759, -0.64604782,
        0.92791409,  2.0456353 ]), array([ 0.16110198,  1.33485546, -0.27256845, -0.13183266,  0.42535576,
        2.46194465,  0.67218417, -0.59645768,  1.17198413,  0.43991622,
        1.11010284, -0.17820284]), array([ 0.16411352,  1.32731815, -0.26242338, -0.13311459,  0.43522265,
        2.45147604,  0.60230829, -1.50746015,  2.02901441, -0.25638591,
        1.97337894, -2.09372348]), array([ 0.16738195,  1.32260702, -0.25356683, -0.13101524,  0.44402365,
        2.45094332,  0.65368564, -0.94222633,  1.77131044,  0.41986831,
        1.7602004 , -0.10654337]), array([ 0.17092278,  1.31450122, -0.24301012, -0.12389019,  0.45519116,
        2.43974217,  0.70816685, -1.6211615 ,  2.11134158,  1.42500995,
        2.23350019, -2.24023055]), array([ 0.17407989,  1.30237967, -0.22891776, -0.12164263,  0.4691173 ,
        2.43996368,  0.63142083, -2.4243097 ,  2.81847195,  0.44951243,
        2.78522931,  0.04430205]), array([ 0.17751504,  1.29338247, -0.21643077, -0.11505301,  0.48172981,
        2.42918551,  0.68703065, -1.79944034,  2.49739798,  1.3179249 ,
        2.52250245, -2.15563401]), array([ 0.18063542,  1.28860301, -0.20755369, -0.11378693,  0.49057177,
        2.42958173,  0.62407685, -0.95589143,  1.77541606,  0.25321557,
        1.7683919 ,  0.07924494]), array([ 0.18354223,  1.28087331, -0.19755693, -0.11577897,  0.50095374,
        2.4203949 ,  0.58136124, -1.54593945,  1.99935227, -0.39840838,
        2.07639284, -1.83736632]), array([ 0.18605899,  1.27632539, -0.18907522, -0.12274593,  0.50925022,
        2.4222045 ,  0.50335263, -0.90958473,  1.6963428 , -1.39339134,
        1.65929711,  0.3619205 ]), array([ 0.18911248,  1.26830978, -0.17890281, -0.125274  ,  0.519972  ,
        2.43373407,  0.61069829, -1.60312154,  2.03448153, -0.50561442,
        2.1443554 ,  2.30591373]), array([ 0.19194981,  1.26364069, -0.17023662, -0.13149939,  0.52800646,
        2.43488742,  0.56746449, -0.93381794,  1.7332369 , -1.24507869,
        1.6068923 ,  0.23067077]), array([ 0.19531239,  1.26290413, -0.1650111 , -0.13400617,  0.53251347,
        2.44555663,  0.67251576, -0.14731208,  1.04510542, -0.50135495,
        0.90140102,  2.13384092]), array([ 0.19918595,  1.25878956, -0.15817831, -0.13120587,  0.53901263,
        2.4450953 ,  0.77471347, -0.82291481,  1.36655683,  0.56006068,
        1.29983292, -0.09226663]), array([ 0.20334205,  1.25016379, -0.14705927, -0.12465012,  0.54864803,
        2.45445923,  0.83122048, -1.72515332,  2.22380771,  1.31114989,
        1.92708037,  1.87278683]), array([ 0.20794978,  1.24440345, -0.13711169, -0.11393609,  0.55733033,
        2.45250504,  0.92154552, -1.15206781,  1.98951761,  2.14280587,
        1.73646015, -0.39083776]), array([ 0.21211049,  1.23529023, -0.12509615, -0.10699502,  0.56813533,
        2.44106454,  0.83214127, -1.82264458,  2.40310763,  1.38821254,
        2.16099992, -2.28810063]), array([ 0.2157374 ,  1.22210664, -0.10927237, -0.10483131,  0.58161393,
        2.44098242,  0.72538223, -2.63671684,  3.16475475,  0.43274293,
        2.69571854, -0.01642454]), array([ 0.21954256,  1.20698218, -0.09350334, -0.10559359,  0.59347325,
        2.43133207,  0.76103129, -3.02489339,  3.1538077 , -0.15245509,
        2.37186387, -1.93006868]), array([ 0.22313856,  1.19460978, -0.07831267, -0.11105869,  0.60477667,
        2.43262325,  0.71920002, -2.47447897,  3.03813227, -1.09302161,
        2.26068529,  0.25823574]), array([ 0.22750821,  1.18690999, -0.06776159, -0.11270197,  0.61127344,
        2.44346986,  0.87393058, -1.53995896,  2.11021695, -0.32865437,
        1.29935382,  2.1693208 ]), array([ 0.23249467,  1.17460241, -0.05285015, -0.10917696,  0.62224851,
        2.44311498,  0.99729308, -2.46151453,  2.98228846,  0.7050013 ,
        2.19501434, -0.07097486]), array([ 0.23729117,  1.15896414, -0.03440397, -0.10909178,  0.63507689,
        2.45141647,  0.9592981 , -3.12765539,  3.68923645,  0.01703583,
        2.56567513,  1.66029824]), array([ 2.41977530e-01,  1.14386448e+00, -1.68753844e-02, -1.09085696e-01,
        6.47204333e-01,  2.45935743e+00,  9.37272885e-01, -3.01993196e+00,
        3.50571623e+00,  1.21675698e-03,  2.42548889e+00,  1.58819178e+00]), array([ 2.46704674e-01,  1.12829096e+00,  8.49593701e-04, -1.08139937e-01,
        6.59530630e-01,  2.46480669e+00,  9.45428754e-01, -3.11470375e+00,
        3.54499561e+00,  1.89151646e-01,  2.46525931e+00,  1.08985123e+00]), array([ 0.2513196 ,  1.11324857,  0.01766759, -0.1073206 ,  0.67116322,
        2.47001743,  0.92298603, -3.00847695,  3.36359838,  0.16386697,
        2.32651717,  1.04214769]), array([ 0.25616098,  1.10058547,  0.0350061 , -0.10258821,  0.68216159,
        2.46408876,  0.96827535, -2.53262042,  3.46770253,  0.94647842,
        2.19967454, -1.18573378]), array([ 0.26039599,  1.09194218,  0.04885914, -0.10198493,  0.69141658,
        2.44854809,  0.84700281, -1.72865801,  2.77060738,  0.12065554,
        1.85099865, -3.10813395]), array([ 0.26400923,  1.07961685,  0.0657181 , -0.10571734,  0.70260415,
        2.44443194,  0.72264771, -2.4650664 ,  3.37179336, -0.74648246,
        2.23751414, -0.82322914]), array([ 0.26810432,  1.0696937 ,  0.08324783, -0.1132084 ,  0.71286382,
        2.45093546,  0.81901713, -1.98462883,  3.50594609, -1.49821024,
        2.05193397,  1.3007042 ]), array([ 0.27256697,  1.05917405,  0.10111651, -0.12058052,  0.72350406,
        2.45513583,  0.8925298 , -2.10393153,  3.57373576, -1.47442383,
        2.12804804,  0.84007347]), array([ 0.27692476,  1.04907654,  0.11814522, -0.12771878,  0.7335983 ,
        2.45911087,  0.87155799, -2.01950051,  3.40574102, -1.42765354,
        2.01884826,  0.79500745]), array([ 0.2816634 ,  1.04010097,  0.13350654, -0.13484152,  0.74369136,
        2.46085647,  0.94772871, -1.79511465,  3.07226392, -1.42454653,
        2.01861071,  0.3491211 ]), array([ 0.28566532,  1.03140171,  0.14751749, -0.14014635,  0.75036169,
        2.46234269,  0.80038324, -1.73985255,  2.80219028, -1.06096676,
        1.33406644,  0.29724441]), array([ 0.28908596,  1.0230048 ,  0.1604435 , -0.1440545 ,  0.75419167,
        2.46361658,  0.68412904, -1.67938231,  2.58520303, -0.78162946,
        0.76599571,  0.25477643]), array([ 0.29204874,  1.01491165,  0.17244302, -0.14691533,  0.7559678 ,
        2.46471346,  0.59255629, -1.61862914,  2.39990293, -0.57216655,
        0.35522728,  0.21937592]), array([ 0.29465649,  1.00712363,  0.18364143, -0.14902057,  0.75628138,
        2.46566427,  0.52154873, -1.557605  ,  2.23968161, -0.42104859,
        0.0627151 ,  0.190163  ]), array([ 0.29699511,  0.99964113,  0.19413822, -0.15061211,  0.75557513,
        2.46649583,  0.46772511, -1.4964994 ,  2.09935916, -0.31830771,
       -0.14124925,  0.16631209]), array([ 0.29913645,  0.99246332,  0.20401274, -0.15188894,  0.75417887,
        2.46723112,  0.42826719, -1.43556211,  1.97490436, -0.25536639,
       -0.27925221,  0.14705811]), array([ 0.30114045,  0.98558811,  0.21332872, -0.15301331,  0.75233663,
        2.46788962,  0.40080074, -1.37504157,  1.86319632, -0.22487358,
       -0.36844765,  0.13169914]), array([ 0.303057  ,  0.97901233,  0.22213786, -0.15411607,  0.75022741,
        2.4684876 ,  0.38330991, -1.31515588,  1.76182743, -0.22055277,
       -0.42184538,  0.11959716]), array([ 0.30492737,  0.97273192,  0.23048258, -0.15530139,  0.74798093,
        2.46903849,  0.3740738 , -1.2560823 ,  1.66894396, -0.23706376,
       -0.44929464,  0.11017754]), array([ 0.30678546,  0.96674214,  0.23839818, -0.15665079,  0.74568976,
        2.46955313,  0.37161792, -1.19795635,  1.5831192 , -0.26987891,
       -0.45823507,  0.10292763]), array([ 0.30865884,  0.96103776,  0.24591445, -0.15822665,  0.74341841,
        2.4700401 ,  0.37467629, -1.14087559,  1.50325388, -0.31517332,
       -0.45427061,  0.09739449]), array([ 0.31056965,  0.95561323,  0.25305694, -0.1600753 ,  0.74121037,
        2.47050601,  0.38216108, -1.08490532,  1.42849863, -0.36972832,
       -0.44160796,  0.09318203]), array([ 0.31253534,  0.95046281,  0.25984791, -0.16222953,  0.73909341,
        2.47095575,  0.39313785, -1.03008452,  1.35819417, -0.43084694,
       -0.42339158,  0.08994755]), array([ 0.31456936,  0.94558065,  0.26630704, -0.16471093,  0.73708361,
        2.47139274,  0.40680501, -0.97643153,  1.29182541, -0.49628045,
       -0.40195956,  0.08739795]), array([ 0.31668174,  0.94096091,  0.27245197, -0.16753176,  0.73518842,
        2.47181917,  0.42247649, -0.92394901,  1.22898642, -0.5641645 ,
       -0.37903881,  0.08528571]), array([ 0.31887958,  0.93659777,  0.27829874, -0.17069658,  0.73340895,
        2.47223619,  0.43956698, -0.8726281 ,  1.16935374, -0.63296391,
       -0.35589379,  0.08340467]), array([ 0.32116748,  0.93248551,  0.28386207, -0.1742037 ,  0.73174175,
        2.47264412,  0.45757914, -0.82245189,  1.1126662 , -0.70142489,
       -0.33343973,  0.08158594]), array([ 0.32354794,  0.92861852,  0.28915562, -0.17804637,  0.73018011,
        2.47304259,  0.47609258, -0.77339824,  1.05870967, -0.76853387,
       -0.31232859,  0.07969378]), array([ 0.32602171,  0.92499131,  0.29419215, -0.18221378,  0.72871503,
        2.4734307 ,  0.4947541 , -0.7254419 ,  1.00730551, -0.83348189,
       -0.29301421,  0.07762174]), array([ 0.32858805,  0.92159853,  0.29898366, -0.18669195,  0.72733603,
        2.47380714,  0.51326923, -0.67855634,  0.95830193, -0.89563399,
       -0.27580165,  0.07528891]), array([ 0.33124503,  0.91843495,  0.30354149, -0.19146446,  0.72603161,
        2.47417033,  0.53139464, -0.632715  ,  0.91156746, -0.95450279,
       -0.26088429,  0.07263652]), array([ 0.33398969,  0.91549549,  0.30787642, -0.19651309,  0.72478975,
        2.47451845,  0.54893155, -0.58789234,  0.8669861 , -1.00972571,
       -0.24837184,  0.06962474]), array([ 0.33681828,  0.91277517,  0.31199869, -0.20181832,  0.72359819,
        2.4748496 ,  0.56571979, -0.54406452,  0.82445364, -1.06104537,
       -0.23831138,  0.06622979]), array([ 0.33972645,  0.91026912,  0.31591807, -0.20735978,  0.72244467,
        2.47516181,  0.58163261, -0.50120995,  0.78387492, -1.1082927 ,
       -0.23070305,  0.06244129]), array([ 0.34270931,  0.90797257,  0.31964388, -0.21311664,  0.72131711,
        2.4754531 ,  0.59657203, -0.45930959,  0.74516185, -1.15137236,
       -0.22551185,  0.05825998]), array([ 0.34576163,  0.90588083,  0.32318503, -0.21906789,  0.72020373,
        2.47572158,  0.61046472, -0.41834715,  0.70823183, -1.19025026,
       -0.22267644,  0.05369552]), array([ 0.34887792,  0.90398929,  0.32655007, -0.22519261,  0.71909315,
        2.47596541,  0.62325841, -0.37830919,  0.6730067 , -1.22494271,
       -0.22211573,  0.04876475]), array([ 0.35205252,  0.90229336,  0.32974713, -0.23147014,  0.71797448,
        2.47618286,  0.63491863, -0.33918504,  0.63941187, -1.25550719,
       -0.22373383,  0.04349002]), array([ 0.35527965,  0.90078853,  0.33278401, -0.23788032,  0.71683737,
        2.47637235,  0.64542591, -0.30096677,  0.60737576, -1.28203438,
       -0.22742379,  0.0378978 ]), array([ 0.35855351,  0.89947028,  0.33566815, -0.24440352,  0.71567201,
        2.47653243,  0.65477326, -0.26364902,  0.57682936, -1.3046413 ,
       -0.23307043,  0.03201746]), array([ 0.36186833,  0.89833414,  0.33840668, -0.25102085,  0.71446925,
        2.47666183,  0.66296397, -0.22722883,  0.54770591, -1.32346543,
       -0.24055253,  0.02588029]), array([ 0.36521838,  0.89737561,  0.34100639, -0.25771415,  0.71322053,
        2.47675943,  0.67000972, -0.19170539,  0.51994073, -1.33865977,
       -0.24974457,  0.01951857]), array([ 0.36859803,  0.89659021,  0.34347374, -0.26446609,  0.71191794,
        2.47682425,  0.67592888, -0.15707984,  0.49347106, -1.3503885 ,
       -0.26051809,  0.01296487]), array([ 0.37200175,  0.89597344,  0.34581492, -0.27126021,  0.71055422,
        2.47685551,  0.68074504, -0.12335501,  0.46823599, -1.35882341,
       -0.27274284,  0.00625149]), array([ 3.75424180e-01,  8.95520762e-01,  3.48035803e-01, -2.78080912e-01,
        7.09122785e-01,  2.47685256e+00,  6.84485790e-01, -9.05351579e-02,
        4.44176420e-01, -1.36414079e+00, -2.86287717e-01, -5.90096902e-04]), array([ 0.37886009,  0.89522763,  0.35014198, -0.28491351,  0.70761768,
        2.47681491,  0.68718161, -0.05862574,  0.42123503, -1.36651889,
       -0.30102156, -0.00752957]), array([ 0.38230441,  0.89508947,  0.35213876, -0.29174418,  0.70603361,
        2.47674222,  0.68886494, -0.02763311,  0.39935632, -1.36613572,
       -0.31681391, -0.01453806]), array([ 3.85752259e-01,  8.95101646e-01,  3.54031193e-01, -2.98560021e-01,
        7.04365929e-01,  2.47663428e+00,  6.89569424e-01,  2.43566467e-03,
        3.78486574e-01, -1.36316732e+00, -3.33535615e-01, -2.15884202e-02]), array([ 0.38919891,  0.89525951,  0.35582406, -0.30534895,  0.70261063,
        2.476491  ,  0.68932923,  0.03157307,  0.35857396, -1.35778626,
       -0.3510594 , -0.02865531]), array([ 0.3926398 ,  0.89555837,  0.35752191, -0.31209976,  0.70076433,
        2.47631242,  0.68817851,  0.05977136,  0.33956852, -1.35016048,
       -0.3692604 , -0.03571535]), array([ 0.39607055,  0.89599348,  0.35912902, -0.31880202,  0.69882425,
        2.47609869,  0.68615093,  0.08702275,  0.32142219, -1.34045233,
       -0.38801663, -0.04274713]), array([ 0.39948695,  0.89656008,  0.36064946, -0.32544611,  0.6967882 ,
        2.47585003,  0.68327935,  0.11331962,  0.30408888, -1.32881785,
       -0.4072094 , -0.04973127]), array([ 0.40288493,  0.89725335,  0.36208708, -0.33202314,  0.69465458,
        2.47556678,  0.67959548,  0.13865467,  0.28752447, -1.31540625,
       -0.42672368, -0.05665034]), array([ 0.40626058,  0.89806846,  0.36344552, -0.33852493,  0.69242234,
        2.47524934,  0.67512972,  0.16302108,  0.27168684, -1.30035948,
       -0.44644847, -0.06348888]), array([ 0.40961013,  0.89900052,  0.3647282 , -0.34494399,  0.69009095,
        2.47489817,  0.66991093,  0.18641265,  0.2565359 , -1.28381201,
       -0.46627709, -0.07023327]), array([ 0.41292996,  0.90004464,  0.36593836, -0.35127345,  0.68766042,
        2.47451381,  0.66396637,  0.20882393,  0.2420336 , -1.26589068,
       -0.48610739, -0.07687169]), array([ 0.41621657,  0.90119589,  0.36707908, -0.35750702,  0.68513121,
        2.47409684,  0.6573216 ,  0.23025032,  0.22814391, -1.24671468,
       -0.50584204, -0.083394  ]), array([ 0.41946657,  0.90244933,  0.36815325, -0.363639  ,  0.68250426,
        2.47364788,  0.65000044,  0.25068811,  0.21483287, -1.22639557,
       -0.52538864, -0.08979165]), array([ 0.4226767 ,  0.90380001,  0.36916359, -0.36966419,  0.67978096,
        2.4731676 ,  0.64202497,  0.27013466,  0.20206852, -1.20503739,
       -0.5446599 , -0.09605755]), array([ 0.42584377,  0.90524295,  0.3701127 , -0.37557787,  0.6769631 ,
        2.47265667,  0.63341556,  0.28858836,  0.18982092, -1.18273689,
       -0.5635737 , -0.10218598]), array([ 0.42896473,  0.90677319,  0.37100301, -0.38137579,  0.67405283,
        2.4721158 ,  0.62419088,  0.3060487 ,  0.17806211, -1.15958368,
       -0.58205323, -0.10817247]), array([ 0.43203657,  0.90838577,  0.37183684, -0.38705409,  0.67105269,
        2.47154574,  0.61436801,  0.32251636,  0.16676609, -1.13566052,
       -0.60002693, -0.11401368]), array([ 0.43505638,  0.91007574,  0.37261638, -0.39260931,  0.66796555,
        2.4709472 ,  0.60396243,  0.33799314,  0.15590877, -1.11104362,
       -0.61742857, -0.11970729]), array([ 0.43802132,  0.91183815,  0.37334372, -0.39803832,  0.66479457,
        2.47032094,  0.59298819,  0.35248205,  0.1454679 , -1.08580291,
       -0.63419721, -0.1252519 ]), array([ 0.44092861,  0.91366809,  0.37402084, -0.40333834,  0.66154318,
        2.4696677 ,  0.58145793,  0.36598727,  0.13542305, -1.06000241,
       -0.65027713, -0.13064694]), array([ 0.44377553,  0.91556066,  0.37464961, -0.40850684,  0.65821509,
        2.46898824,  0.56938299,  0.37851416,  0.12575554, -1.0337005 ,
       -0.66561777, -0.13589254]), array([ 0.44655939,  0.917511  ,  0.37523185, -0.41354159,  0.65481422,
        2.46828329,  0.55677355,  0.39006923,  0.11644837, -1.00695035,
       -0.68017364, -0.14098946]), array([ 0.44927759,  0.9195143 ,  0.37576929, -0.41844059,  0.6513447 ,
        2.4675536 ,  0.54363866,  0.40066014,  0.10748615, -0.97980017,
       -0.69390423, -0.14593904]), array([ 0.45192752,  0.92156578,  0.37626356, -0.42320206,  0.64781083,
        2.46679988,  0.52998641,  0.41029565,  0.09885502, -0.9522936 ,
       -0.70677385, -0.15074304]), array([ 0.45450664,  0.92366071,  0.37671627, -0.42782441,  0.64421708,
        2.46602287,  0.51582397,  0.41898561,  0.0905426 , -0.92447004,
       -0.7187515 , -0.15540364]), array([ 0.45701243,  0.92579442,  0.37712896, -0.43230623,  0.64056802,
        2.46522325,  0.50115773,  0.42674091,  0.08253785, -0.89636495,
       -0.72981074, -0.15992336]), array([ 0.45938568,  0.92781594,  0.37739529, -0.4366457 ,  0.63678879,
        2.46441733,  0.47465073,  0.4043041 ,  0.05326513, -0.86789293,
       -0.75584573, -0.1611842 ])], 'U_history': [array([ 1.57326942e-03, -6.73860843e-05,  6.33267364e-05, -2.13606307e-04,
       -7.36681793e-05,  4.14156211e-19]), array([ 0.02159153,  0.08570972,  0.00727894, -0.00095386,  0.03067068,
        0.00268222]), array([ 0.04109907,  0.16812236,  0.01836399, -0.00160918,  0.05802063,
        0.00432722]), array([ 0.06009453,  0.24736469,  0.03262637, -0.00221003,  0.08289082,
        0.00539895]), array([ 0.07858626,  0.32363291,  0.04949937, -0.00277173,  0.1059457 ,
        0.00615152]), array([ 0.09659076,  0.39712854,  0.068522  , -0.0033025 ,  0.12767005,
        0.00672425]), array([ 0.114131  ,  0.4680618 ,  0.08932372, -0.00380737,  0.14842075,
        0.0071937 ]), array([ 0.13123445,  0.53665278,  0.11161117, -0.00428989,  0.16846392,
        0.00760198]), array([ 0.14793111,  0.60312944,  0.13515534, -0.00475286,  0.18800051,
        0.00797239]), array([ 0.16425202,  0.66772367,  0.15977954, -0.00519864,  0.20718372,
        0.00831787]), array([ 0.18022858,  0.73066712,  0.18534896, -0.00562927,  0.22613135,
        0.00864573]), array([ 0.19589238,  0.79218829,  0.21176249, -0.00604662,  0.24493487,
        0.00896016]), array([ 0.21127523,  0.85251089,  0.23894647, -0.00645239,  0.26366643,
        0.00926368]), array([ 0.22640925,  0.91185325,  0.26685003, -0.00684819,  0.28238425,
        0.00955785]), array([ 0.24132681,  0.97042807,  0.29544135, -0.00723546,  0.30113659,
        0.00984376]), array([ 0.25606042,  1.0284424 ,  0.32470461, -0.00761553,  0.31996473,
        0.01012222]), array([ 0.27064255,  1.08609756,  0.35463736, -0.00798958,  0.33890493,
        0.01039391]), array([ 0.28510546,  1.14358901,  0.38524821, -0.00835864,  0.35798994,
        0.01065943]), array([ 0.29948097,  1.20110608,  0.41655481, -0.00872358,  0.37724981,
        0.01091936]), array([ 0.3138003 ,  1.25883173,  0.44858198, -0.00908512,  0.39671253,
        0.0111743 ]), array([2.49674771e-01, 1.29784901e+00, 4.67971621e-01, 7.96491295e-04,
       4.02855621e-01, 1.14248039e-02]), array([ 2.59396612e-01,  1.35274528e+00,  4.98997582e-01, -3.44505114e-05,
        4.22335449e-01,  1.19060511e-02]), array([ 2.68751280e-01,  1.40817467e+00,  5.30778861e-01, -6.53604014e-04,
        4.41821021e-01,  1.22560366e-02]), array([ 2.77806118e-01,  1.46432065e+00,  5.63365286e-01, -1.11008902e-03,
        4.61406818e-01,  1.25391181e-02]), array([ 2.86626303e-01,  1.52135511e+00,  5.96807316e-01, -1.44119141e-03,
        4.81167519e-01,  1.27894740e-02]), array([ 0.29527386,  1.57943822,  0.63115457, -0.00167557,  0.50116239,
        0.01302508]), array([ 0.30380713,  1.63871834,  0.66645473, -0.00183545,  0.52143856,
        0.01325527]), array([ 0.31228056,  1.69933193,  0.70275261, -0.00193818,  0.5420335 ,
        0.01348481]), array([ 0.3207447 ,  1.76140345,  0.74008942, -0.00199734,  0.56297676,
        0.0137161 ]), array([ 0.32924618,  1.82504517,  0.77850208, -0.00202361,  0.58429128,
        0.01395031]), array([ 0.3378279 ,  1.8903569 ,  0.81802264, -0.00202543,  0.60599426,
        0.01418803]), array([ 0.34652908,  1.95742572,  0.85867766, -0.00200945,  0.62809783,
        0.01442955]), array([ 3.55385413e-01,  2.02632568e+00,  9.00487793e-01, -1.98092182e-03,
        6.50609431e-01,  1.46750369e-02]), array([ 3.64429111e-01,  2.09711746e+00,  9.43467233e-01, -1.94403726e-03,
        6.73532121e-01,  1.49246147e-02]), array([ 3.73689023e-01,  2.16984803e+00,  9.87623365e-01, -1.90211362e-03,
        6.96864775e-01,  1.51783791e-02]), array([ 3.83190682e-01,  2.24455039e+00,  1.03295638e+00, -1.85779935e-03,
        7.20602201e-01,  1.54364155e-02]), array([ 3.92956355e-01,  2.32124328e+00,  1.07945895e+00, -1.81321356e-03,
        7.44735228e-01,  1.56987957e-02]), array([ 4.03005086e-01,  2.39993094e+00,  1.12711599e+00, -1.77005947e-03,
        7.69250773e-01,  1.59655722e-02]), array([ 4.13352733e-01,  2.48060294e+00,  1.17590445e+00, -1.72971411e-03,
        7.94131892e-01,  1.62367708e-02]), array([ 4.24011993e-01,  2.56323405e+00,  1.22579313e+00, -1.69329945e-03,
        8.19357841e-01,  1.65123835e-02]), array([ 0.71757845,  2.7342589 ,  1.33711973, -0.03588826,  0.90223307,
        0.01679236]), array([ 0.73616488,  2.82478777,  1.39134983, -0.03329775,  0.9238653 ,
        0.01623608]), array([ 0.75488282,  2.91679751,  1.44619093, -0.03133781,  0.94696362,
        0.01614193]), array([ 0.77372505,  3.01022193,  1.50164483, -0.02985995,  0.97116392,
        0.01628395]), array([ 0.7926782 ,  3.1049732 ,  1.55768495, -0.02875321,  0.99618271,
        0.01654258]), array([ 0.81172382,  3.20094414,  1.61426216, -0.02793337,  1.02179574,
        0.01685543]), array([ 0.83083924,  3.29801027,  1.67130916, -0.02733581,  1.0478222 ,
        0.01719063]), array([ 0.84999828,  3.3960314 ,  1.72874391, -0.02691052,  1.07411306,
        0.01753242]), array([ 0.86917184,  3.49485319,  1.78647227, -0.02661862,  1.10054244,
        0.01787341]), array([ 0.88832837,  3.59430846,  1.84439012, -0.02642979,  1.12700138,
        0.01821048]), array([ 0.90743432,  3.69421854,  1.90238509, -0.02632037,  1.15339323,
        0.01854252]), array([ 0.9264545 ,  3.79439448,  1.96033804, -0.02627185,  1.17963034,
        0.01886937]), array([ 0.94535242,  3.8946383 ,  2.01812428, -0.02626984,  1.20563173,
        0.01919117]), array([ 0.96409066,  3.99474421,  2.07561473, -0.02630312,  1.23132138,
        0.01950813]), array([ 0.98263109,  4.09449987,  2.13267693, -0.02636301,  1.25662717,
        0.01982035]), array([ 1.00093522,  4.19368758,  2.18917597, -0.02644285,  1.28148004,
        0.02012782]), array([ 1.01896444,  4.29208559,  2.24497542, -0.02653755,  1.30581357,
        0.02043037]), array([ 1.03668026,  4.38946928,  2.29993817, -0.02664326,  1.32956367,
        0.02072772]), array([ 1.05404461,  4.48561249,  2.35392727, -0.02675714,  1.35266853,
        0.02101945]), array([ 1.07102002,  4.58028874,  2.40680672, -0.02687713,  1.37506855,
        0.02130508]), array([ 1.03125035,  4.7325664 ,  2.49990152, -0.01921332,  1.42111592,
        0.02158404]), array([ 1.04731531,  4.82440764,  2.55009043, -0.02001507,  1.43963296,
        0.02222961]), array([ 1.06291016,  4.91390493,  2.59862517, -0.02066239,  1.45780252,
        0.02267475]), array([ 1.07800514,  5.00086057,  2.6454123 , -0.02119715,  1.47543375,
        0.0230108 ]), array([ 1.0925713 ,  5.0850788 ,  2.69035398, -0.02164925,  1.4923758 ,
        0.02328604]), array([ 1.10658088,  5.16636794,  2.73335118, -0.02204056,  1.5085083 ,
        0.02352557]), array([ 1.12000751,  5.24454217,  2.77430607, -0.02238732,  1.52373444,
        0.02374214]), array([ 1.13282648,  5.31942308,  2.81312398, -0.02270182,  1.53797584,
        0.02394187]), array([ 1.1450149 ,  5.39084101,  2.84971484, -0.02299343,  1.55116889,
        0.02412747]), array([ 1.15655185,  5.45863623,  2.88399441, -0.02326939,  1.56326198,
        0.02429986]), array([ 1.16741848,  5.52265994,  2.91588521, -0.02353532,  1.57421354,
        0.02445909]), array([ 1.17759814,  5.58277518,  2.94531719, -0.0237956 ,  1.58399057,
        0.02460484]), array([ 1.1870764 ,  5.63885754,  2.97222841, -0.02405368,  1.59256754,
        0.0247366 ]), array([ 1.19584115,  5.69079578,  2.99656538, -0.02431224,  1.5999256 ,
        0.02485387]), array([ 1.20388257,  5.73849238,  3.01828344, -0.02457338,  1.60605198,
        0.02495619]), array([ 1.21119318,  5.78186393,  3.037347  , -0.02483874,  1.61093952,
        0.02504316]), array([ 1.21776782,  5.82084144,  3.05372966, -0.02510957,  1.61458627,
        0.02511448]), array([ 1.22360363,  5.85537052,  3.06741428, -0.02538679,  1.61699524,
        0.02516994]), array([ 1.22870002,  5.88541154,  3.078393  , -0.02567111,  1.61817407,
        0.02520941]), array([ 1.23305861,  5.91093962,  3.08666719, -0.02596297,  1.61813487,
        0.02523284]), array([ 1.23668319,  5.93194457,  3.0922473 , -0.02626268,  1.61689395,
        0.02524029]), array([ 1.23957965,  5.94843075,  3.09515272, -0.02657034,  1.61447165,
        0.02523188]), array([ 1.24175588,  5.96041685,  3.09541155, -0.02688597,  1.61089209,
        0.02520781]), array([ 1.24322171,  5.96793558,  3.09306033, -0.02720943,  1.60618299,
        0.02516836]), array([ 1.24398881,  5.9710333 ,  3.08814377, -0.0275405 ,  1.60037546,
        0.02511385]), array([ 1.24407059,  5.96976958,  3.08071437, -0.02787886,  1.59350377,
        0.0250447 ]), array([ 1.24348211,  5.96421674,  3.07083206, -0.02822414,  1.58560512,
        0.02496137]), array([ 1.24223994,  5.95445927,  3.05856383, -0.02857586,  1.57671942,
        0.02486437]), array([ 1.24036209,  5.94059324,  3.04398324, -0.0289335 ,  1.56688905,
        0.02475428]), array([ 1.23786788,  5.92272567,  3.02717   , -0.02929649,  1.55615861,
        0.0246317 ]), array([ 1.23477782,  5.90097384,  3.00820948, -0.02966423,  1.54457472,
        0.02449729]), array([ 1.23111352,  5.87546455,  2.98719226, -0.03003604,  1.5321857 ,
        0.02435174]), array([ 1.22689756,  5.84633345,  2.96421355, -0.03041126,  1.51904139,
        0.02419577]), array([ 1.22215336,  5.8137242 ,  2.93937277, -0.03078918,  1.50519285,
        0.02403013]), array([ 1.21690512,  5.77778773,  2.91277293, -0.03116906,  1.49069216,
        0.02385558]), array([ 1.21117767,  5.73868144,  2.8845202 , -0.03155017,  1.47559214,
        0.02367291]), array([ 1.20499635,  5.69656838,  2.85472333, -0.03193177,  1.45994612,
        0.02348292]), array([ 1.19838697,  5.65161648,  2.82349315, -0.0323131 ,  1.44380773,
        0.02328642]), array([ 1.19137563,  5.60399772,  2.79094203, -0.03269342,  1.42723062,
        0.02308421]), array([ 1.18398867,  5.55388734,  2.75718343, -0.033072  ,  1.41026829,
        0.0228771 ]), array([ 1.17625259,  5.50146309,  2.72233137, -0.0334481 ,  1.39297387,
        0.02266589]), array([ 1.16819389,  5.44690441,  2.68649993, -0.03382102,  1.37539988,
        0.02245137]), array([ 1.15983907,  5.39039173,  2.64980285, -0.03419006,  1.35759808,
        0.02223433]), array([ 1.15121448,  5.33210573,  2.61235303, -0.03455455,  1.33961928,
        0.02201553]), array([ 1.14234628,  5.27222663,  2.57426213, -0.03491385,  1.32151315,
        0.02179572]), array([ 1.13326035,  5.21093354,  2.53564019, -0.03526734,  1.30332811,
        0.02157562]), array([ 1.12398221,  5.14840381,  2.49659521, -0.03561444,  1.28511113,
        0.02135592]), array([ 1.11453699,  5.08481243,  2.45723282, -0.03595459,  1.26690763,
        0.02113731]), array([ 1.10494935,  5.02033149,  2.41765599, -0.03628729,  1.2487614 ,
        0.02092042]), array([ 1.0952434 ,  4.95512961,  2.37796466, -0.03661204,  1.23071442,
        0.02070587]), array([ 1.08544269,  4.88937148,  2.33825552, -0.03692841,  1.21280683,
        0.02049423]), array([ 1.07557015,  4.82321739,  2.29862178, -0.037236  ,  1.19507684,
        0.02028607]), array([ 1.06564803,  4.75682284,  2.25915291, -0.03753444,  1.17756065,
        0.02008188]), array([ 1.05569788,  4.6903382 ,  2.2199345 , -0.03782341,  1.16029245,
        0.01988216]), array([ 1.04574051,  4.62390831,  2.18104806, -0.03810263,  1.1433043 ,
        0.01968733]), array([ 1.03579597,  4.55767227,  2.14257093, -0.03837187,  1.12662622,
        0.01949782]), array([ 1.0258835 ,  4.49176317,  2.10457616, -0.03863093,  1.11028605,
        0.01931399]), array([ 1.01602154,  4.42630788,  2.06713244, -0.03887964,  1.09430957,
        0.01913619]), array([ 1.00622769,  4.3614269 ,  2.03030404, -0.03911789,  1.07872042,
        0.01896471]), array([ 0.9965187 ,  4.29723425,  1.9941508 , -0.03934561,  1.06354017,
        0.01879983]), array([ 0.98691049,  4.23383733,  1.9587281 , -0.03956275,  1.04878831,
        0.01864177]), array([ 0.9774181 ,  4.17133694,  1.92408691, -0.03976931,  1.03448233,
        0.01849076]), array([ 0.96805569,  4.10982718,  1.89027381, -0.03996532,  1.02063773,
        0.01834694]), array([ 0.95883658,  4.04939554,  1.85733106, -0.04015086,  1.00726809,
        0.01821048]), array([ 0.94977322,  3.99012288,  1.82529666, -0.04032601,  0.99438512,
        0.01808147]), array([ 0.9408772 ,  3.93208355,  1.79420446, -0.04049091,  0.98199872,
        0.01796001]), array([ 0.93215928,  3.87534542,  1.76408425, -0.04064572,  0.97011704,
        0.01784614]), array([ 0.92362935,  3.81997007,  1.73496188, -0.04079062,  0.95874658,
        0.01773991]), array([ 0.91529652,  3.76601288,  1.70685942, -0.04092584,  0.94789225,
        0.01764132]), array([ 0.90716906,  3.71352321,  1.67979524, -0.04105159,  0.93755741,
        0.01755036]), array([ 0.89925446,  3.66254454,  1.65378422, -0.04116814,  0.927744  ,
        0.01746698]), array([ 0.89155944,  3.61311472,  1.62883786, -0.04127577,  0.91845261,
        0.01739115]), array([ 0.88408997,  3.56526611,  1.60496447, -0.04137475,  0.90968254,
        0.01732278]), array([ 0.8768513 ,  3.51902583,  1.5821693 , -0.04146541,  0.90143187,
        0.01726179]), array([ 0.86984795,  3.47441595,  1.56045474, -0.04154805,  0.8936976 ,
        0.01720806]), array([ 0.86308377,  3.43145376,  1.53982048, -0.04162302,  0.88647565,
        0.0171615 ]), array([ 0.85656196,  3.39015196,  1.52026367, -0.04169063,  0.87976099,
        0.01712195]), array([ 0.85028508,  3.35051892,  1.50177906, -0.04175125,  0.87354772,
        0.01708929]), array([ 0.84425509,  3.31255889,  1.48435924, -0.04180521,  0.86782911,
        0.01706335]), array([ 0.83847336,  3.27627228,  1.46799472, -0.04185287,  0.86259768,
        0.01704399]), array([51.36498922, 60.        , 30.        , 10.        , 10.        ,
       10.        ]), array([ 22.81771289, -60.        ,   2.21944055, -10.        ,
         8.418241  , -10.        ]), array([  7.98419107,  60.        ,  13.78203395, -10.        ,
         4.04070831,  10.        ]), array([  5.73072388, -60.        , -12.07563967,  10.        ,
        -5.67437458, -10.        ]), array([  3.22768206, -60.        ,  11.87087963, -10.        ,
         5.37630609, -10.        ]), array([ 0.67473643, 60.        , 15.83391937, 10.        ,  7.17144197,
       10.        ]), array([  2.29816065, -60.        ,  -5.37630643,  10.        ,
        -1.39326679, -10.        ]), array([  1.66274162, -60.        ,   7.33035541, -10.        ,
         2.25501216,  10.        ]), array([  0.87757548,  60.        ,  14.69852524,  10.        ,
         6.63475954, -10.        ]), array([  1.32472583,  60.        ,  -1.81756967, -10.        ,
        -0.75691506,  10.        ]), array([  5.21259298, -60.        , -10.34029129, -10.        ,
        -3.34984979, -10.        ]), array([  0.50386546,  60.        ,  12.77279825, -10.        ,
         4.89029343,  10.        ]), array([  7.00696139, -60.        ,  -4.91500807,  10.        ,
        -0.69254034,  10.        ]), array([  4.25261753,  60.        ,  11.9249539 , -10.        ,
         3.44153857, -10.        ]), array([ 4.76469041, 60.        , -1.21642103, 10.        , -0.90122686,
       10.        ]), array([  6.202015  , -60.        ,  -7.22832762,  10.        ,
        -2.27256638, -10.        ]), array([  2.39413533, -60.        ,  12.14781852,  10.        ,
         3.72972375,  10.        ]), array([  4.72702133,  60.        ,  16.85364859,  10.        ,
         7.25312786, -10.        ]), array([  1.60765464, -60.        ,  -3.03991526, -10.        ,
        -0.6661871 , -10.        ]), array([  0.09163914, -60.        ,   9.92266965, -10.        ,
         3.1575956 ,  10.        ]), array([ 13.45046934, -60.        , -18.2671914 , -10.        ,
       -10.        , -10.        ]), array([  6.89793531,  60.        ,  22.73571097, -10.        ,
         9.7648809 ,  10.        ]), array([ 9.57329313, 60.        , -7.94189692, 10.        , -4.6313419 ,
       10.        ]), array([  8.81824464, -60.        ,  15.64975585,  10.        ,
         7.50777246, -10.        ]), array([  6.56510983, -48.        ,  12.99669636,  -8.        ,
         3.63908068,   8.        ]), array([ 0., -0.,  0.,  0.,  0.,  0.]), array([  1.72551418, -12.        ,   3.73758613,   2.        ,
         1.47063481,  -2.        ]), array([ 0., -0.,  0.,  0.,  0., -0.]), array([ -1.31030363,  60.        ,  30.        ,  10.        ,
        10.        , -10.        ]), array([ -1.6430083 ,  60.        ,   2.29697034, -10.        ,
         2.66676684, -10.        ]), array([ -0.58560952, -60.        ,   5.38748436, -10.        ,
         1.74159182,  10.        ]), array([ 22.43289015,  60.        ,  30.        , -10.        ,
        10.        ,  10.        ]), array([ 11.79863646, -12.        ,   4.29587047,  -2.        ,
         2.        ,  -2.        ]), array([ 0., -0.,  0., -0.,  0., -0.]), array([12.        , 12.        , -0.73815365, -2.        ,  2.        ,
       -2.        ]), array([-1.99521199e+01, -1.58522712e+01, -1.28428667e+01,  6.13729011e+00,
       -1.00000000e+01,  2.96496764e-15]), array([-1.53720212e+01, -1.06530907e+01, -8.93909716e+00,  4.81740058e+00,
       -7.82517734e+00,  8.30162856e-16]), array([-1.14831029e+01, -6.50808680e+00, -5.79257828e+00,  3.67313974e+00,
       -5.40068827e+00,  2.09378743e-15]), array([-8.23011613e+00, -3.41341228e+00, -3.43129957e+00,  2.69253916e+00,
       -3.55409529e+00, -1.62601916e-15]), array([-5.52016408e+00, -1.10475760e+00, -1.66369916e+00,  1.85981246e+00,
       -2.15266133e+00, -7.42413115e-17]), array([-3.27144180e+00,  6.14803175e-01, -3.44886334e-01,  1.15832587e+00,
       -1.09332306e+00, -2.83828882e-16]), array([-1.41324732e+00,  1.89250183e+00,  6.34849826e-01,  5.71908322e-01,
       -2.96306984e-01, -4.07069422e-16]), array([ 1.14854050e-01,  2.83873273e+00,  1.35864497e+00,  8.55207891e-02,
        2.99973771e-01, -2.15843670e-16]), array([ 1.36419605e+00,  3.53645570e+00,  1.88952289e+00, -3.14450241e-01,
        7.42959713e-01,  1.31539157e-16]), array([ 2.37824108e+00,  4.04811594e+00,  2.27526487e+00, -6.40115203e-01,
        1.06912120e+00,  3.73117282e-16]), array([ 3.19374271e+00,  4.42076652e+00,  2.55208763e+00, -9.02123380e-01,
        1.30644234e+00,  5.58200672e-16]), array([ 3.84178514e+00,  4.68987998e+00,  2.74742724e+00, -1.10976627e+00,
        1.47635613e+00, -1.77535496e-16]), array([ 4.34868320e+00,  4.88219684e+00,  2.88205006e+00, -1.27110794e+00,
        1.59524768e+00, -1.78789082e-16]), array([ 4.73674664e+00,  5.01786226e+00,  2.97165536e+00, -1.39312242e+00,
        1.67561943e+00,  1.73064205e-16]), array([ 5.02492146e+00,  5.11203335e+00,  3.02809316e+00, -1.48182699e+00,
        1.72699265e+00,  6.51877598e-16]), array([ 5.22932438e+00,  5.17609111e+00,  3.06029024e+00, -1.54240572e+00,
        1.75660388e+00,  3.36629473e-16]), array([ 5.36368683e+00,  5.21855593e+00,  3.07495444e+00, -1.57932065e+00,
        1.76994220e+00, -9.44471376e-16]), array([ 5.43972333e+00,  5.24578009e+00,  3.07711027e+00, -1.59641025e+00,
        1.77116296e+00,  5.45932920e-16]), array([ 5.46743754e+00,  5.26247222e+00,  3.07050627e+00, -1.59697525e+00,
        1.76340603e+00,  1.78774907e-15]), array([ 5.45537701e+00,  5.27209493e+00,  3.05792475e+00, -1.58385311e+00,
        1.74904006e+00,  5.51170312e-16]), array([ 5.41084591e+00,  5.27716651e+00,  3.04141710e+00, -1.55948216e+00,
        1.72984964e+00,  4.05396997e-16]), array([ 5.34008343e+00,  5.27949006e+00,  3.02248261e+00, -1.52595672e+00,
        1.70717836e+00,  5.90819897e-16]), array([ 5.24841389e+00,  5.28032780e+00,  3.00220425e+00, -1.48507425e+00,
        1.68203787e+00,  8.02526572e-16]), array([ 5.14037365e+00,  5.28053373e+00,  2.98135166e+00, -1.43837587e+00,
        1.65519083e+00,  6.72485442e-16]), array([ 5.01981895e+00,  5.28065480e+00,  2.96045943e+00, -1.38718099e+00,
        1.62721363e+00,  2.02156502e-15]), array([ 4.89001776e+00,  5.28100826e+00,  2.93988641e+00, -1.33261701e+00,
        1.59854387e+00,  1.10688569e-15]), array([ 4.75372859e+00,  5.28174082e+00,  2.91986070e+00, -1.27564480e+00,
        1.56951585e+00, -4.98102338e-16]), array([ 4.61326814e+00,  5.28287408e+00,  2.90051389e+00, -1.21708070e+00,
        1.54038725e+00,  2.70264484e-16]), array([ 4.47056975e+00,  5.28433949e+00,  2.88190691e+00, -1.15761532e+00,
        1.51135883e+00,  1.14969556e-15]), array([ 4.32723403e+00,  5.28600523e+00,  2.86404977e+00, -1.09782993e+00,
        1.48258904e+00,  1.29399114e-15]), array([ 4.18457283e+00,  5.28769710e+00,  2.84691650e+00, -1.03821056e+00,
        1.45420466e+00,  2.16873713e-16]), array([ 4.04364765e+00,  5.28921451e+00,  2.83045651e+00, -9.79160267e-01,
        1.42630865e+00,  2.70414479e-17]), array([ 3.90530309e+00,  5.29034297e+00,  2.81460322e+00, -9.21009833e-01,
        1.39898566e+00,  7.11717021e-16]), array([ 3.77019630e+00,  5.29086364e+00,  2.79928058e+00, -8.64027074e-01,
        1.37230606e+00, -4.66562640e-16]), array([ 3.63882272e+00,  5.29056069e+00,  2.78440802e+00, -8.08425025e-01,
        1.34632879e+00, -2.28362815e-16]), array([ 3.51153883e+00,  5.28922685e+00,  2.76990417e+00, -7.54369105e-01,
        1.32110334e+00,  6.27461673e-16]), array([ 3.38858204e+00,  5.28666764e+00,  2.75568966e+00, -7.01983439e-01,
        1.29667112e+00,  1.04542306e-15]), array([ 3.27008840e+00,  5.28270434e+00,  2.74168912e+00, -6.51356434e-01,
        1.27306648e+00, -4.67291728e-16]), array([ 3.15610807e+00,  5.27717615e+00,  2.72783269e+00, -6.02545707e-01,
        1.25031741e+00, -4.70023014e-16]), array([ 3.04661904e+00,  5.26994158e+00,  2.71405705e+00, -5.55582457e-01,
        1.22844603e+00,  2.91719922e-16]), array([ 2.94153923e+00,  5.26087922e+00,  2.70030605e+00, -5.10475337e-01,
        1.20746903e+00, -1.10443845e-16]), array([ 2.84073707e+00,  5.24988798e+00,  2.68653118e+00, -4.67213901e-01,
        1.18739798e+00, -2.44207434e-16]), array([ 2.74404094e+00,  5.23688704e+00,  2.67269169e+00, -4.25771659e-01,
        1.16823965e+00,  7.14962599e-16]), array([ 2.65124729e+00,  5.22181537e+00,  2.65875459e+00, -3.86108786e-01,
        1.14999633e+00,  7.71369589e-16]), array([ 2.56212791e+00,  5.20463102e+00,  2.64469456e+00, -3.48174540e-01,
        1.13266606e+00,  5.79227864e-16]), array([ 2.47643616e+00,  5.18531024e+00,  2.63049363e+00, -3.11909389e-01,
        1.11624299e+00, -2.71921572e-16]), array([ 2.39391245e+00,  5.16384636e+00,  2.61614090e+00, -2.77246899e-01,
        1.10071768e+00,  1.78372512e-16]), array([ 2.31428893e+00,  5.14024869e+00,  2.60163209e+00, -2.44115403e-01,
        1.08607736e+00, -2.79543271e-16]), array([ 2.23729362e+00,  5.11454118e+00,  2.58696914e+00, -2.12439458e-01,
        1.07230635e+00,  1.52969211e-17]), array([ 2.16265381e+00,  5.08676115e+00,  2.57215966e+00, -1.82141127e-01,
        1.05938629e+00, -4.24846782e-16]), array([ 2.09009911e+00,  5.05695793e+00,  2.55721645e+00, -1.53141093e-01,
        1.04729652e+00,  8.58745075e-16]), array([ 2.01936383e+00,  5.02519154e+00,  2.54215696e+00, -1.25359622e-01,
        1.03601440e+00,  1.38940649e-16]), array([ 1.95018912e+00,  4.99153133e+00,  2.52700275e+00, -9.87173887e-02,
        1.02551561e+00, -5.35474090e-16]), array([ 1.88232466e+00,  4.95605473e+00,  2.51177898e+00, -7.31361811e-02,
        1.01577443e+00,  1.19332389e-16]), array([ 1.81553000e+00,  4.91884596e+00,  2.49651385e+00, -4.85394910e-02,
        1.00676406e+00, -2.35925854e-16]), array([ 1.74957566e+00,  4.87999485e+00,  2.48123811e+00, -2.48530042e-02,
        9.98456885e-01,  6.40457504e-16]), array([ 1.68424393e+00,  4.83959573e+00,  2.46598457e+00, -2.00499898e-03,
        9.90824700e-01,  5.94039685e-17]), array([ 1.61932951e+00,  4.79774630e+00,  2.45078758e+00,  2.00733364e-02,
        9.83838966e-01, -1.25635170e-16]), array([ 1.55463987e+00,  4.75454672e+00,  2.43568262e+00,  4.14476603e-02,
        9.77471015e-01, -1.20374297e-16]), array([ 1.48999552e+00,  4.71009862e+00,  2.42070589e+00,  6.21802986e-02,
        9.71692236e-01, -2.84046553e-16]), array([ 1.42523005e+00,  4.66450429e+00,  2.40589382e+00,  8.23301249e-02,
        9.66474247e-01, -7.20445470e-17]), array([0., 0., 0., 0., 0., 0.])], 'ball_pos_history': [array([ 0.51370006, -7.98606254,  1.32256793]), array([ 0.50569694, -7.94177992,  1.3090963 ]), array([ 0.49769383, -7.8974973 ,  1.29537942]), array([ 0.48969071, -7.85321469,  1.28141728]), array([ 0.4816876 , -7.80893207,  1.2672099 ]), array([ 0.47368448, -7.76464945,  1.25275727]), array([ 0.46568137, -7.72036684,  1.23805939]), array([ 0.45767825, -7.67608422,  1.22311625]), array([ 0.44967513, -7.6318016 ,  1.20792787]), array([ 0.44167202, -7.58751899,  1.19249424]), array([ 0.4336689 , -7.54323637,  1.17681535]), array([ 0.42566579, -7.49895375,  1.16089122]), array([ 0.41766267, -7.45467114,  1.14472184]), array([ 0.40965956, -7.41038852,  1.12830721]), array([ 0.40165644, -7.3661059 ,  1.11164732]), array([ 0.39365333, -7.32182329,  1.09474219]), array([ 0.38565021, -7.27754067,  1.07759181]), array([ 0.37764709, -7.23325805,  1.06019618]), array([ 0.36964398, -7.18897544,  1.04255529]), array([ 0.36164086, -7.14469282,  1.02466916]), array([ 0.35363775, -7.1004102 ,  1.00653778]), array([ 0.34563463, -7.05612759,  0.98816115]), array([ 0.33763152, -7.01184497,  0.96953926]), array([ 0.3296284 , -6.96756235,  0.95067213]), array([ 0.32162529, -6.92327974,  0.93155975]), array([ 0.31362217, -6.87899712,  0.91220211]), array([ 0.30561905, -6.8347145 ,  0.89259923]), array([ 0.29761594, -6.79043189,  0.8727511 ]), array([ 0.28961282, -6.74614927,  0.85265772]), array([ 0.28160971, -6.70186665,  0.83231908]), array([ 0.27360659, -6.65758404,  0.8117352 ]), array([ 0.26560348, -6.61330142,  0.79090607]), array([ 0.25760036, -6.5690188 ,  0.76983169]), array([ 0.24959725, -6.52473619,  0.74851205]), array([ 0.24159413, -6.48045357,  0.72694717]), array([ 0.23359101, -6.43617095,  0.70513704]), array([ 0.2255879 , -6.39188834,  0.68308165]), array([ 0.21758478, -6.34760572,  0.66078102]), array([ 0.20958167, -6.3033231 ,  0.63823514]), array([ 0.20157855, -6.25904049,  0.61544401]), array([ 0.19357544, -6.21475787,  0.59240762]), array([ 0.18557232, -6.17047525,  0.56912599]), array([ 0.17756921, -6.12619264,  0.54559911]), array([ 0.16956609, -6.08191002,  0.52182698]), array([ 0.16156297, -6.0376274 ,  0.49780959]), array([ 0.15355986, -5.99334479,  0.47354696]), array([ 0.14555674, -5.94906217,  0.44903908]), array([ 0.13755363, -5.90477955,  0.42428595]), array([ 0.12955051, -5.86049694,  0.39928756]), array([ 0.1215474 , -5.81621432,  0.37404393]), array([ 0.11354428, -5.7719317 ,  0.34855505]), array([ 0.10554117, -5.72764909,  0.32282091]), array([ 0.09753805, -5.68336647,  0.29684153]), array([ 0.08953493, -5.63908385,  0.2706169 ]), array([ 0.08153182, -5.59480124,  0.24414702]), array([ 0.0735287 , -5.55051862,  0.21743188]), array([ 0.06552559, -5.506236  ,  0.1904715 ]), array([ 0.05752247, -5.46195339,  0.16326587]), array([ 0.04951936, -5.41767077,  0.13581499]), array([ 0.04151624, -5.37338815,  0.10811885]), array([ 0.03351313, -5.32910554,  0.08017747]), array([ 0.02551001, -5.28482292,  0.05199084]), array([ 0.01750689, -5.2405403 ,  0.033     ]), array([ 0.00990394, -5.19847182,  0.05407866]), array([ 2.30097524e-03, -5.15640333e+00,  7.49120740e-02]), array([-0.00530198, -5.11433485,  0.09550024]), array([-0.01290494, -5.07226636,  0.11584315]), array([-0.0205079 , -5.03019787,  0.13594081]), array([-0.02811086, -4.98812939,  0.15579322]), array([-0.03571382, -4.9460609 ,  0.17540038]), array([-0.04331678, -4.90399242,  0.1947623 ]), array([-0.05091974, -4.86192393,  0.21387896]), array([-0.0585227 , -4.81985544,  0.23275037]), array([-0.06612566, -4.77778696,  0.25137653]), array([-0.07372862, -4.73571847,  0.26975744]), array([-0.08133158, -4.69364999,  0.28789311]), array([-0.08893454, -4.6515815 ,  0.30578352]), array([-0.0965375 , -4.60951301,  0.32342868]), array([-0.10414046, -4.56744453,  0.34082859]), array([-0.11174342, -4.52537604,  0.35798325]), array([-0.11934638, -4.48330756,  0.37489267]), array([-0.12694934, -4.44123907,  0.39155683]), array([-0.1345523 , -4.39917059,  0.40797574]), array([-0.14215526, -4.3571021 ,  0.4241494 ]), array([-0.14975822, -4.31503361,  0.44007781]), array([-0.15736118, -4.27296513,  0.45576098]), array([-0.16496414, -4.23089664,  0.47119889]), array([-0.1725671 , -4.18882816,  0.48639155]), array([-0.18017006, -4.14675967,  0.50133896]), array([-0.18777302, -4.10469118,  0.51604112]), array([-0.19537598, -4.0626227 ,  0.53049804]), array([-0.20297894, -4.02055421,  0.5447097 ]), array([-0.2105819 , -3.97848573,  0.55867611]), array([-0.21818486, -3.93641724,  0.57239727]), array([-0.22578782, -3.89434876,  0.58587318]), array([-0.23339078, -3.85228027,  0.59910385]), array([-0.24099374, -3.81021178,  0.61208926]), array([-0.2485967 , -3.7681433 ,  0.62482942]), array([-0.25619966, -3.72607481,  0.63732433]), array([-0.26380262, -3.68400633,  0.64957399]), array([-0.27140558, -3.64193784,  0.66157841]), array([-0.27900854, -3.59986935,  0.67333757]), array([-0.2866115 , -3.55780087,  0.68485148]), array([-0.29421446, -3.51573238,  0.69612014]), array([-0.30181742, -3.4736639 ,  0.70714355]), array([-0.30942038, -3.43159541,  0.71792172]), array([-0.31702334, -3.38952692,  0.72845463]), array([-0.3246263 , -3.34745844,  0.73874229]), array([-0.33222926, -3.30538995,  0.7487847 ]), array([-0.33983221, -3.26332147,  0.75858186]), array([-0.34743517, -3.22125298,  0.76813378]), array([-0.35503813, -3.1791845 ,  0.77744044]), array([-0.36264109, -3.13711601,  0.78650185]), array([-0.37024405, -3.09504752,  0.79531801]), array([-0.37784701, -3.05297904,  0.80388893]), array([-0.38544997, -3.01091055,  0.81221459]), array([-0.39305293, -2.96884207,  0.820295  ]), array([-0.40065589, -2.92677358,  0.82813016]), array([-0.40825885, -2.88470509,  0.83572007]), array([-0.41586181, -2.84263661,  0.84306474]), array([-0.42346477, -2.80056812,  0.85016415]), array([-0.43106773, -2.75849964,  0.85701831]), array([-0.43867069, -2.71643115,  0.86362722]), array([-0.44627365, -2.67436267,  0.86999088]), array([-0.45387661, -2.63229418,  0.8761093 ]), array([-0.46147957, -2.59022569,  0.88198246]), array([-0.46908253, -2.54815721,  0.88761037]), array([-0.47668549, -2.50608872,  0.89299303]), array([-0.48428845, -2.46402024,  0.89813044]), array([-0.49189141, -2.42195175,  0.90302261]), array([-0.49949437, -2.37988326,  0.90766952]), array([-0.50709733, -2.33781478,  0.91207118]), array([-0.51470029, -2.29574629,  0.91622759]), array([-0.52230325, -2.25367781,  0.92013875]), array([-0.52990621, -2.21160932,  0.92380467]), array([-0.53750917, -2.16954084,  0.92722533]), array([-0.54511213, -2.12747235,  0.93040074]), array([-0.55271509, -2.08540386,  0.9333309 ]), array([-0.56031805, -2.04333538,  0.93601581]), array([-0.56792101, -2.00126689,  0.93845548]), array([-0.57552397, -1.95919841,  0.94064989]), array([-0.58312693, -1.91712992,  0.94259905]), array([-0.59072989, -1.87506143,  0.94430296]), array([-0.59833285, -1.83299295,  0.94576162]), array([-0.60593581, -1.79092446,  0.94697504]), array([-0.61353877, -1.74885598,  0.9479432 ]), array([-0.62114173, -1.70678749,  0.94866611]), array([-0.62874469, -1.664719  ,  0.94914377]), array([-0.63634765, -1.62265052,  0.94937618]), array([-0.64395061, -1.58058203,  0.94936335]), array([-0.65155357, -1.53851355,  0.94910526]), array([-0.65915653, -1.49644506,  0.94860192]), array([-0.66675949, -1.45437658,  0.94785333]), array([-0.67436245, -1.41230809,  0.94685949]), array([-0.68196541, -1.3702396 ,  0.94562041]), array([-0.68956836, -1.32817112,  0.94413607]), array([-0.69717132, -1.28610263,  0.94240648]), array([-0.70477428, -1.24403415,  0.94043164]), array([-0.71237724, -1.20196566,  0.93821155]), array([-0.7199802 , -1.15989717,  0.93574622]), array([-0.72758316, -1.11782869,  0.93303563]), array([-0.73518612, -1.0757602 ,  0.93007979]), array([-0.74278908, -1.03369172,  0.9268787 ]), array([-0.75039204, -0.99162323,  0.92343236]), array([-0.757995  , -0.94955475,  0.91974078]), array([-0.76559796, -0.90748626,  0.91580394]), array([-0.77320092, -0.86541777,  0.91162185]), array([-0.78080388, -0.82334929,  0.90719451]), array([-0.78840684, -0.7812808 ,  0.90252192]), array([-0.7960098 , -0.73921232,  0.89760409]), array([-0.80361276, -0.69714383,  0.892441  ]), array([-0.81121572, -0.65507534,  0.88703266]), array([-0.81881868, -0.61300686,  0.88137907]), array([-0.82642164, -0.57093837,  0.87548023]), array([-0.8340246 , -0.52886989,  0.86933615]), array([-0.84162756, -0.4868014 ,  0.86294681]), array([-0.84923052, -0.44473291,  0.85631222]), array([-0.85683348, -0.40266443,  0.84943238]), array([-0.86443644, -0.36059594,  0.84230729]), array([-0.8720394 , -0.31852746,  0.83493696]), array([-0.87964236, -0.27645897,  0.82732137]), array([-0.88724532, -0.23439049,  0.81946053]), array([-0.89484828, -0.192322  ,  0.81135444]), array([-0.90245124, -0.15025351,  0.8030031 ]), array([-0.9100542 , -0.10818503,  0.79440652]), array([-0.91765716, -0.06611654,  0.78556468]), array([-0.92526012, -0.02404806,  0.77647759]), array([-0.93286308,  0.01802043,  0.76714525]), array([-0.94046604,  0.06008892,  0.75756766]), array([-0.948069  ,  0.1021574 ,  0.74774483]), array([-0.95567196,  0.14422589,  0.73767674]), array([-0.96327492,  0.18629437,  0.7273634 ]), array([-0.97087788,  0.22836286,  0.71680481]), array([-0.97848084,  0.27043134,  0.70600097]), array([-0.9860838 ,  0.31249983,  0.69495189]), array([-0.99368676,  0.35456832,  0.68365755]), array([-1.00128972,  0.3966368 ,  0.67211796]), array([-1.00889268,  0.43870529,  0.66033312]), array([-1.01649564,  0.48077377,  0.64830303]), array([-1.0240986 ,  0.52284226,  0.6360277 ]), array([-1.03170155,  0.56491075,  0.62350711]), array([-1.03930451,  0.60697923,  0.61074127]), array([-1.04690747,  0.64904772,  0.59773018]), array([-1.05451043,  0.6911162 ,  0.58447384]), array([-1.06211339,  0.73318469,  0.57097226]), array([-1.06971635,  0.77525318,  0.55722542]), array([-1.07731931,  0.81732166,  0.54323333]), array([-1.08492227,  0.85939015,  0.52899599]), array([-1.09252523,  0.90145863,  0.51451341]), array([-1.10012819,  0.94352712,  0.49978557]), array([-1.10773115,  0.9855956 ,  0.48481248]), array([-1.11533411,  1.02766409,  0.46959414]), array([-1.12293707,  1.06973258,  0.45413055]), array([-1.13054003,  1.11180106,  0.43842172]), array([-1.13814299,  1.15386955,  0.42246763]), array([-1.14574595,  1.19593803,  0.40626829]), array([-1.15334891,  1.23800652,  0.3898237 ]), array([-1.16095187,  1.28007501,  0.37313386]), array([-1.16855483,  1.32214349,  0.35619878]), array([-1.17615779,  1.36421198,  0.33901844]), array([-1.18376075,  1.40628046,  0.32159285]), array([-1.19136371,  1.44834895,  0.30392201]), array([-1.19896667,  1.49041743,  0.28600592]), array([-1.20656963,  1.53248592,  0.26784459]), array([-1.21417259,  1.57455441,  0.249438  ]), array([-1.22177555,  1.61662289,  0.23078616]), array([-1.22937851,  1.65869138,  0.21188907]), array([-1.23698147,  1.70075986,  0.19274673]), array([-1.24458443,  1.74282835,  0.17335915]), array([-1.25218739,  1.78489684,  0.15372631]), array([-1.25979035,  1.82696532,  0.13384822]), array([-1.26739331,  1.86903381,  0.11372488]), array([-1.27499627,  1.91110229,  0.09335629]), array([-1.28259923,  1.95317078,  0.07274246]), array([-1.29020219,  1.99523927,  0.05188337]), array([-1.29780515,  2.03730775,  0.033     ]), array([-1.30502796,  2.07727281,  0.048583  ]), array([-1.31225077,  2.11723787,  0.06392076])], 'distances_history': [7.681571193842414, 7.635879042410729, 7.59021381975027, 7.544575113700389, 7.498962636627639, 7.453376214996268, 7.4078157822057955, 7.36228137359065, 7.316773122932125, 7.271291260090021, 7.2258361094962975, 7.180408089324301, 7.135007711193624, 7.089635580308359, 7.0442923959577595, 6.998978952332088, 6.953696139623033, 6.908444945388971, 6.863226456172257, 6.81804185936007, 6.772892445282968, 6.727782324090142, 6.68271305370034, 6.637686321920671, 6.592703945169201, 6.547767868311059, 6.502880165344277, 6.458043040765394, 6.41325883149964, 6.368530009313909, 6.323859183652267, 6.279249104848225, 6.234702667678438, 6.190222915230058, 6.145813043059847, 6.101476403627661, 6.057216510990528, 6.01303704574647, 5.96894186021954, 5.924934983879516, 5.881020628991317, 5.837193771964718, 5.793459090810712, 5.749821443108208, 5.706285882144319, 5.662857670466383, 5.619542291819423, 5.57634546206486, 5.533273139455579, 5.490331534510597, 5.447527119651681, 5.404866638713037, 5.362357116401598, 5.320005867762383, 5.277820507687102, 5.235808960491768, 5.193979469579481, 5.152340607196494, 5.110901284282658, 5.06967076041094, 5.028658653804583, 4.987877291725719, 4.9460509370617, 4.9011217506469045, 4.85629386908699, 4.811565071786274, 4.766933118430408, 4.722395753496714, 4.677950710971679, 4.633595719129737, 4.589328505270269, 4.545146800338156, 4.501048343372703, 4.45703088574396, 4.413092195145973, 4.3692300593248685, 4.325442289526409, 4.281726723653228, 4.238081229126804, 4.194503705453256, 4.150992086495673, 4.107544342458714, 4.064158481593888, 4.020832551636162, 3.9775646409844416, 3.9343528796399956, 3.891195439918118, 3.848090536949233, 3.805036428986272, 3.762031417535548, 3.71907384732845, 3.676162106151261, 3.633294624550071, 3.590469875427413, 3.5476863735466284, 3.504942674959331, 3.46223737637058, 3.4195691144555527, 3.3769365651406287, 3.3343384428609655, 3.291773499805707, 3.249240525161166, 3.206738344361444, 3.164265818355213, 3.1218218428966593, 3.0794053478679517, 3.0370152966400368, 2.9946506854781396, 2.9523105429979632, 2.909993929678357, 2.8676999374361087, 2.825427689268516, 2.7831763389695383, 2.7409450709256067, 2.69873309999762, 2.656539671496232, 2.6143640612583345, 2.5722055758335594, 2.530063552790838, 2.487937361156427, 2.4458264019964675, 2.403730109159107, 2.361647950193486, 2.3195794274655706, 2.277524079493906, 2.235481482532038, 2.1934512524285785, 2.151433046800895, 2.109426567564256, 2.0674315638651763, 2.0254478354758625, 1.9834752367163342, 1.9415136809823168, 1.899563145970752, 1.8576236797112802, 1.8156954075318903, 1.7737785401109638, 1.7318733827970516, 1.6899803464132894, 1.6480999598068322, 1.606232884457243, 1.5630226639774776, 1.5186002033406403, 1.4734141702353536, 1.4287974852765446, 1.3836485246160852, 1.3387851264838508, 1.2945423588123774, 1.2496954377520717, 1.2053633978877751, 1.1604898882147163, 1.1152444384838918, 1.069314617316445, 1.0237775058403769, 0.9776711189995552, 0.932007529709088, 0.8870511811655701, 0.8425342046562628, 0.7983829028366612, 0.7539513286109394, 0.7089771421079221, 0.6638188768376914, 0.6175893804351961, 0.571975970415294, 0.5269873595599205, 0.4816440880321498, 0.4368671026135602, 0.39286894924944105, 0.3498210598611045, 0.3076851370394484, 0.2660779071004208, 0.22641526679478205, 0.18813323758642067, 0.15596137580424738, 0.13486502316295598, 0.13003139694795135, 0.14366165329960048, 0.17028424405897663, 0.20425659903355398, 0.24217108526163791, 0.2822779217108282, 0.3236957765277173, 0.3659698337370783, 0.40885787646900124, 0.45222714141528875, 0.496002909261399, 0.5401418554008769, 0.5846177412075619, 0.6294135178629116, 0.6745168904987897, 0.7199178102313516, 0.7656070680724626, 0.8115755304631039, 0.8578137525863804, 0.9043118145972519, 0.951059288144945, 0.9980452770146725, 1.0452584975281183, 1.0926873776330455, 1.1403201618295806, 1.1881450142174543, 1.236150115183325, 1.2843237492912556, 1.3326543832291362, 1.3811307334718146, 1.4297418238200665, 1.4784770332734456, 1.5273261348653393, 1.5762793261762973, 1.6253272522767617, 1.6744610218522034, 1.7236722172450174, 1.7729528991165329, 1.8222956063944116, 1.8716933521288899, 1.9211396158378613, 1.9706283328770264, 2.0201538813280635, 2.069711066855476, 2.119295105941817, 2.168901607871512, 2.218526555795724, 2.2681662871746484, 2.3178174738594626, 2.3674771020438623, 2.417142452284855, 2.4668110797641813, 2.5164807949355157, 2.566149644678429, 2.6158158940579392, 2.665478008768402, 2.7151346383223407, 2.7647846000286163, 2.8144268637899814, 2.864060537737459, 2.913013556106157, 2.9495542094060925], 'normal_align_history': [0.6642164605144091, 0.6642098662688775, 0.6641987753707058, 0.66418447939317, 0.6641678369844903, 0.6641494807420646, 0.6641299318681865, 0.6641096634032354, 0.6640891346245607, 0.6640688091800728, 0.6640491639846515, 0.6640306928281818, 0.6640139069280298, 0.6639993337010826, 0.6639875144939409, 0.6639790017062622, 0.6639743555679295, 0.6639741407287372, 0.663978922758566, 0.6639892646193327, 0.664005723147626, 0.6640303818762626, 0.6640637756302729, 0.6641063846745535, 0.6641586679192734, 0.6642210757704385, 0.6642940527404019, 0.6643780351603913, 0.6644734467720521, 0.6645806936060372, 0.6647001588329723, 0.6648321978970728, 0.6649771340533597, 0.6651352543382947, 0.6653068059635306, 0.6654919931081875, 0.665690974083131, 0.6659038588442976, 0.6661307068374615, 0.6663715251623645, 0.6666262670489546, 0.6668887468484538, 0.6671588800357034, 0.667436693727213, 0.6677221929369103, 0.6680153006569228, 0.668315835787808, 0.6686235098309227, 0.6689379323486669, 0.6692586200673407, 0.6695850070825055, 0.669916454981328, 0.6702522623912254, 0.6705916738081376, 0.6709338877174614, 0.6712780640854805, 0.6716233313166935, 0.6719687927678459, 0.6723135328957415, 0.672656623099537, 0.6729971273023528, 0.6733349316311782, 0.6736691734542566, 0.6739989029059523, 0.6743231451373486, 0.6746409327273375, 0.6749513225589233, 0.6752534047482485, 0.675546307604717, 0.6758292006715171, 0.676101296872678, 0.6763618542563711, 0.6766101775479715, 0.6768456195883323, 0.6770675826671266, 0.677275519733013, 0.677468935453062, 0.6776473870936733, 0.6778104851990111, 0.6779578940482301, 0.6780893318782951, 0.6782045708643625, 0.6783034368543436, 0.6783858088583329, 0.6784516182970683, 0.6785008480165714, 0.6785335310786299, 0.6785497493388847, 0.6785496318260503, 0.6785333529372077, 0.6785011304652689, 0.678453223475586, 0.6783899300493322, 0.6783115849117224, 0.6782185569633589, 0.6781112467330561, 0.677990083770372, 0.677855523995796, 0.6777080470261347, 0.6775481534920735, 0.6773763623642295, 0.6771932083032376, 0.6769992390485307, 0.6767950128595327, 0.6765810960219579, 0.6763580604308239, 0.676126481260676, 0.6758869347323654, 0.6756399959845368, 0.6753862370568271, 0.6751262249905806, 0.6748605200517334, 0.6745896740793993, 0.6743142289625692, 0.6740347152463054, 0.6737516508677855, 0.6734655400216322, 0.6731768721530619, 0.6728861210765905, 0.6725937442172855, 0.6723001819708855, 0.6720058571785373, 0.6717111747113617, 0.671416521159646, 0.6711222646210843, 0.6708287545822117, 0.6705363218869462, 0.6702452787860124, 0.6699559190609287, 0.6696685182162084, 0.6693833337334617, 0.6691006053811405, 0.6688205555738157, 0.6685433897750099, 0.6682692969378276, 0.6679984499778279, 0.6677310062728553, 0.667467108184808, 0.667206883598598, 0.6669504464738863, 0.6666978974054559, 0.6763885724666724, 0.6767165486906375, 0.6815488972909703, 0.6819222135521439, 0.6729579842436451, 0.6735038025584573, 0.6695793841821347, 0.6709521345241749, 0.6669969820571767, 0.6678979737404164, 0.6596223145357222, 0.6562717985559203, 0.6633079097478762, 0.6600928686757317, 0.6664278270494753, 0.6680410255381678, 0.6794282519964454, 0.6850582350723586, 0.681461099222507, 0.6832357963054277, 0.6762420872218389, 0.6743321517129834, 0.6817824816370945, 0.6845062985335648, 0.6914895397300858, 0.6981421639549238, 0.7036202129968171, 0.7088325806987124, 0.7086221708438807, 0.6991236571934325, 0.6952086258515917, 0.6967765638309822, 0.6969485924002996, 0.6971326029402015, 0.6958872618859684, 0.6951668033192748, 0.6947850752613604, 0.6946272233501694, 0.694603805557373, 0.694642955920602, 0.6946858213887934, 0.6946838076751345, 0.6945968036263276, 0.6943919282069665, 0.6940425591119177, 0.6935275213798385, 0.6928303780803378, 0.6919387973466354, 0.690843985016618, 0.689540178178306, 0.6880241966172972, 0.6862950490304188, 0.68435359017487, 0.6822022244564533, 0.6798446510496416, 0.6772856455281543, 0.674530873126883, 0.6715867290853614, 0.6684602019690271, 0.6651587563668644, 0.6616902318766025, 0.6580627557790634, 0.6542846672512047, 0.65036445136192, 0.6463106814316915, 0.6421319686175979, 0.6378369178128172, 0.6334340891303502, 0.6289319643807161, 0.6243389180594728, 0.6196631924389522, 0.6149128764153793, 0.6100958878025947, 0.6052199587913383, 0.6002926243119502, 0.5953212130513694, 0.5903128408846778, 0.5852744064888313, 0.580212588912894, 0.5751338468859204, 0.5700444196510713, 0.564950329123024, 0.5598573831752216, 0.5547711798741155, 0.5496971124890592, 0.5446403751188377, 0.5396059687886643, 0.5345987078847347, 0.5296232268067765, 0.5246839867323315, 0.5197852823995568, 0.5149312488279681, 0.5101258679086143, 0.5053729748066101, 0.5006762641296285, 0.49603929582580664], 'ball_near_history': [False, False, False, False, False, False, False, False, False, False, False, False, False, False, False, False, False, False, False, False, False, False, False, False, False, False, False, False, False, False, False, False, False, False, False, False, False, False, False, False, False, False, False, False, False, False, False, False, False, False, False, False, False, False, False, False, False, False, False, False, False, False, False, False, False, False, False, False, False, False, False, False, False, False, False, False, False, False, False, False, False, False, False, False, False, False, False, False, False, False, False, False, False, False, False, False, False, False, False, False, False, False, False, False, False, False, False, False, False, False, False, False, False, False, False, False, False, False, False, False, False, False, False, False, False, False, False, False, False, False, False, False, False, False, False, False, False, False, False, False, False, False, False, False, False, False, False, False, False, False, False, False, False, False, False, False, False, False, False, False, False, False, False, False, False, False, False, False, False, False, False, False, False, False, False, False, False, False, False, False, False, False, False, False, False, False, False, False, False, False, False, False, False, False, False, False, False, False, False, False, False, False, False, False, False, False, False, False, False, False, False, False, False, False, False, False, False, False, False, False, False, False, False, False, False, False, False, False, False, False, False, False, False, False, False, False, False], 'tube_ready_history': [False, False, False, False, False, False, False, False, False, False, False, False, False, False, False, False, False, False, False, False, False, False, False, False, False, False, False, False, False, False, False, False, False, False, False, False, False, False, False, False, False, False, False, False, False, False, False, False, False, False, False, False, False, False, False, False, False, False, False, False, False, False, False, False, False, False, False, False, False, False, False, False, False, False, False, False, False, False, False, False, False, False, False, False, False, False, False, False, False, False, False, False, False, False, False, False, False, False, False, False, False, False, False, False, False, False, False, False, False, False, False, False, False, False, False, False, False, False, False, False, False, False, False, False, False, False, False, False, False, False, False, False, False, False, False, False, False, False, False, False, False, False, False, False, False, False, False, False, False, False, False, False, False, False, False, False, False, False, False, False, False, False, False, False, False, False, False, True, True, True, False, False, False, False, False, False, False, False, False, False, False, False, False, False, False, False, False, False, False, False, False, False, False, False, False, False, False, False, False, False, False, False, False, False, False, False, False, False, False, False, False, False, False, False, False, False, False, False, False, False, False, False, False, False, False, False, False, False, False, False, False, False, False, False, False, False, False], 'pos_error_history': [0.009376255872239373, 0.009421643854086916, 0.009529829274393359, 0.009744240435335946, 0.010114484421758104, 0.010688575432353235, 0.011504881089135917, 0.012586918192538116, 0.01394287054812629, 0.015568944890798724, 0.01745407627880251, 0.019583956915562067, 0.02194364930695237, 0.02451893744082021, 0.02729685009220875, 0.030265737471520716, 0.033415146979398506, 0.036735631559859074, 0.04021855400108879, 0.04385591270147122, 0.04525648720805024, 0.04824417023864491, 0.05147136946498365, 0.054920237277011445, 0.05857368038985852, 0.062415610629493475, 0.06643102874066253, 0.07060600511515622, 0.07492760320626009, 0.07938377601536972, 0.08396325452889139, 0.08865543903399414, 0.09345029906544498, 0.0983382845317674, 0.10331024868568651, 0.10835738256572786, 0.11347116001795719, 0.11864329219671244, 0.12386569040670115, 0.12913043620371933, 0.14314439530432496, 0.14857607232294487, 0.15400938192490854, 0.1594380740642415, 0.16485582855023162, 0.17025628694910624, 0.17563307955353819, 0.18097984871976272, 0.18629026953030248, 0.19155806848087112, 0.19677704069433857, 0.20194106601781936, 0.20704412424928603, 0.2120803096586328, 0.21704384490794473, 0.22192909443159922, 0.22673057730485136, 0.23144297960670898, 0.23606116626697848, 0.24058019237667588, 0.24682318934408876, 0.2511244143134356, 0.2553094468125915, 0.2593744183156314, 0.2633156650436401, 0.26712974485507684, 0.27081345088623954, 0.2743638225761884, 0.2777781545383798, 0.2810540036177351, 0.28418919438304774, 0.2871818232408031, 0.29003026131069065, 0.2927331561704085, 0.29528943255414897, 0.29769829207288323, 0.2999592120132495, 0.3020719432641858, 0.3040365074153531, 0.3058531930681872, 0.30752255139848644, 0.3090453910084616, 0.3104227721057961, 0.31165600004731914, 0.3127466182851993, 0.31369640075403904, 0.31450734373778055, 0.3151816572559026, 0.3157217560089033, 0.31613024992355127, 0.31640993433877407, 0.3165637798733588, 0.3165949220168301, 0.3165066504849422, 0.31630239838116375, 0.3159857312053501, 0.3155603357504592, 0.31503000892768773, 0.3143986465597971, 0.31367023218158185, 0.3128488258855516, 0.3119385532497739, 0.3109435943836152, 0.3098681731257341, 0.3087165464271622, 0.3074929939506546, 0.3062018079157225, 0.30484728321686405, 0.3034337078405244, 0.3019653536042353, 0.3004464672392331, 0.2988812618356482, 0.29727390866710046, 0.29562852940926876, 0.2939491887647119, 0.2922398875039478, 0.29050455593054675, 0.28874704777578264, 0.28697113452624384, 0.2851805001857061, 0.2833787364705852, 0.28156933843637266, 0.27975570053065846, 0.27794111306665487, 0.27612875910957174, 0.27432171176673464, 0.2725229318710506, 0.270735266046207, 0.26896144514097464, 0.26720408301904375, 0.2654656756900437, 0.26374860076674533, 0.2620551172328958, 0.2603873655057381, 0.25874736777695967, 0.25713702861563137, 0.255558135816602, 0.25401236147784423, 0.25250126329031664, 0.25102628602412963, 0.24736709919535885, 0.24296369391328054, 0.23761897757591632, 0.23380246565497204, 0.22955228120669025, 0.224170344583876, 0.21973760483883137, 0.21548585906300718, 0.21015919463302263, 0.20491870826732744, 0.20089140773241726, 0.19596166063424156, 0.19202745815534322, 0.18730961783542435, 0.18272748639720585, 0.17926214413777378, 0.17586451072264087, 0.1711218619464119, 0.1672914213655677, 0.1637926172009822, 0.16272327885270627, 0.16016505052354732, 0.158258675646393, 0.1560617237255432, 0.15427592299586068, 0.15305384066052272, 0.15223514000058821, 0.15193962011473292, 0.14970585604609907, 0.14719159388941017, 0.14594127403379697, 0.14380962049824206, 0.14257407403356379, 0.1421406402671043, 0.14244020068461513, 0.14366165329960048, 0.14536961536267862, 0.14729847612928937, 0.14931242364950353, 0.1513479395796879, 0.15338029892526273, 0.15540472915196168, 0.15742610346360558, 0.15945345852628834, 0.16149717729395238, 0.1635676089370692, 0.1656744397876627, 0.16782643912469217, 0.17003137877286317, 0.17229602332291288, 0.17462614156820314, 0.17702651858112167, 0.1795009626347979, 0.1820523081362744, 0.1846824184247007, 0.1873921927223873, 0.19018158085559292, 0.19304960823432263, 0.19599441235783346, 0.19901329098957077, 0.20210276121800935, 0.20525862792541952, 0.20847605972613967, 0.21174967018951138, 0.21507360209826917, 0.2184416125736717, 0.22184715708587244, 0.22528347062628834, 0.22874364461659624, 0.23222069844053775, 0.23570764478976847, 0.23919754829898346, 0.2426835771989495, 0.24615904793357538, 0.24961746286689837, 0.25305254134844174, 0.25645824451325916, 0.2598287942696016, 0.2631586869766377, 0.26644270234129097, 0.26967590807120556, 0.27285366081398604, 0.27597160389467496, 0.27902566233694465, 0.2820120356212578, 0.28492718859743965, 0.2877678409313699, 0.2905309554272739, 0.2932137255293204, 0.29581356226978844, 0.2983280808964294, 0.30075508737922474, 0.3030925649667882, 0.30533866093522744, 0.3074916736474823, 0.3095500400188849, 0.3115310773229163], 'max_qdot_ratio': 0.9955636305641932, 'max_tcp_speed': 1.76461104473676, 'max_racket_face_speed': 1.73814699054342, 'total_mpc_steps': 237, 'ball_was_hit': False, 'hit_step': -1, 'p_ee_at_hit': None, 'ball_pos_at_hit': None, 'v_ee_at_hit': None, 'active_contact': False, 'passive_contact': False}
2026-09-10 17:50:36,465 [INFO] __main__: 击打后继续仿真 20 步...
