__STEP_TIMING__: n=253 p50=0.25 p95=0.73 p99=4.33 max=33.31 n_over_period=2 period_ms=5.00 deciles=0.25,0.25,0.25,0.25,0.25,0.26,0.26,0.27,0.30,33.31

========================================
  RM-65 击打成功！（主动击球，pos_error=0.1034m）
  [V12 EpisodeRunner 管线架构]
  ablation: full
  击打目标位置: [-0.625 -0.125  0.888]
  末端实际位置: [-0.593 -0.256  0.885]
  规划跟踪误差: 0.1346 m
  速度误差: 1.9180 m/s
  MPC 总步数: 274
  --- Tube 专用指标 ---
  最小球拍-球距离: 0.0642 m
  ball_near 步数: 0 = 0.0 ms
  tube_ready 步数: 0 = 0.0 ms
  击打时间误差: 25.0 ms
  击打位置误差: 0.1034 m
  --- 计算性能 ---
  总墙钟时间: 1.13s (MPC=1.13s)
  --- 执行层约束 ---
  max_qdot=1.00x, max_tcp=1.8m/s, max_face=1.8m/s
  击球类型: 主动击球
========================================

__RESULT__: pos_error=0.103366 vel_error=1.918018 min_dist=0.064212 ball_near_ms=0.0 tube_ready_ms=0.0 max_tcp=1.80 max_qdot=1.00 max_face=1.8 hit_type=active hit_time_error_ms=25.0 hit_pos_error=0.103366 v_racket_at_hit=1.782
2026-09-13 00:12:01,697 [INFO] __main__: [ablation] mode=full
2026-09-13 00:12:01,702 [INFO] __main__: serve-box auto params: horizon=120, iter=10, first_plan_iters=30, total_horizon=250, replan_interval=20, near_plan_iters=5
2026-09-13 00:12:01,724 [INFO] __main__: 关节限位: 仿真默认(default.yaml), TCP=1.8 m/s, terminal_exempt=20
2026-09-13 00:12:01,725 [INFO] __main__: 球拍初始位置: [-0.24136342  0.63027058  1.45576659]
2026-09-13 00:12:01,725 [DEBUG] src.tennis.ball: serve_box bounce (attempt=1): p0_z=1.47, vz0=-2.6, spd=9.0, t1=0.337, t2=0.593, z_err=0.27
2026-09-13 00:12:01,736 [INFO] __main__: 击打步数: 193, 击打位置: [-0.62506484 -0.12501806  0.88753055]
2026-09-13 00:12:01,736 [INFO] __main__: 随挥方向: [-0.346 -0.918  0.192], 随挥步数: 60
2026-09-13 00:12:01,756 [INFO] __main__: 候选窗口已构建: best_k=193, candidates=21
2026-09-13 00:12:01,757 [INFO] src.cpp.solver_cpp: iLQR C++ 加速模块已加载
2026-09-13 00:12:01,757 [INFO] __main__: 开始 V12 EpisodeRunner，总步数=310 (MPC=250, 随挥=60)，击打步数=193
2026-09-13 00:12:01,758 [INFO] src.ilqt.async_replanner: AsyncReplanner: 后台规划线程已启动
2026-09-13 00:12:01,779 [INFO] src.ilqt.async_replanner: AsyncReplanner: 规划环境已创建（独立 MjData）
2026-09-13 00:12:01,781 [INFO] src.ilqt.async_replanner: AsyncReplanner: 规划环境已创建（独立 MjData）
2026-09-13 00:12:01,816 [DEBUG] src.ilqt.tube_cost: [Softmin诊断] 候选权重TOP3: k=193:w=0.056, k=194:w=0.056, k=192:w=0.056
2026-09-13 00:12:02,709 [INFO] src.ilqt.mpc_controller: REPLAN step=0 k_hit=193 iters=30 horizon=120 t=930ms
2026-09-13 00:12:02,710 [INFO] src.ilqt.mpc_controller: MPCController.start 完成: k_hit=193, p_hit=[-0.625 -0.125  0.888], buffer=120
2026-09-13 00:12:02,713 [DEBUG] src.ilqt.replan_core: FAR_JT step=0 k_hit=193 (JT gain=60, skip iLQR)
2026-09-13 00:12:02,714 [DEBUG] src.ilqt.mpc_controller: REPLAN step=0 k_hit=193 iters=0 horizon=0 t=4ms
2026-09-13 00:12:02,714 [DEBUG] src.ilqt.mpc_controller: MPCController.step 0: replan k_hit=193 refine=feasible buffer=20
2026-09-13 00:12:02,723 [DEBUG] src.ilqt.replan_core: FAR_JT step=20 k_hit=173 (JT gain=60, skip iLQR)
2026-09-13 00:12:02,723 [DEBUG] src.ilqt.mpc_controller: REPLAN step=20 k_hit=173 iters=0 horizon=0 t=4ms
2026-09-13 00:12:02,723 [DEBUG] src.ilqt.mpc_controller: MPCController.step 20: replan k_hit=173 refine=feasible buffer=20
2026-09-13 00:12:02,731 [DEBUG] src.ilqt.replan_core: FAR_JT step=40 k_hit=153 (JT gain=60, skip iLQR)
2026-09-13 00:12:02,732 [DEBUG] src.ilqt.mpc_controller: REPLAN step=40 k_hit=153 iters=0 horizon=0 t=4ms
2026-09-13 00:12:02,732 [DEBUG] src.ilqt.mpc_controller: MPCController.step 40: replan k_hit=153 refine=feasible buffer=20
2026-09-13 00:12:02,740 [DEBUG] src.ilqt.replan_core: FAR_JT step=60 k_hit=133 (JT gain=60, skip iLQR)
2026-09-13 00:12:02,740 [DEBUG] src.ilqt.mpc_controller: REPLAN step=60 k_hit=133 iters=0 horizon=0 t=3ms
2026-09-13 00:12:02,741 [DEBUG] src.ilqt.mpc_controller: MPCController.step 60: replan k_hit=133 refine=feasible buffer=20
2026-09-13 00:12:02,749 [DEBUG] src.ilqt.replan_core: FAR_JT step=80 k_hit=113 (JT gain=60, skip iLQR)
2026-09-13 00:12:02,749 [DEBUG] src.ilqt.mpc_controller: REPLAN step=80 k_hit=113 iters=0 horizon=0 t=3ms
2026-09-13 00:12:02,750 [DEBUG] src.ilqt.mpc_controller: MPCController.step 80: replan k_hit=113 refine=feasible buffer=20
2026-09-13 00:12:02,758 [DEBUG] src.ilqt.replan_core: FAR_JT step=100 k_hit=93 (JT gain=60, skip iLQR)
2026-09-13 00:12:02,758 [DEBUG] src.ilqt.mpc_controller: REPLAN step=100 k_hit=93 iters=0 horizon=0 t=3ms
2026-09-13 00:12:02,759 [DEBUG] src.ilqt.mpc_controller: MPCController.step 100: replan k_hit=93 refine=feasible buffer=20
2026-09-13 00:12:02,767 [DEBUG] src.ilqt.replan_core: FAR_JT step=120 k_hit=73 (JT gain=60, skip iLQR)
2026-09-13 00:12:02,767 [DEBUG] src.ilqt.mpc_controller: REPLAN step=120 k_hit=73 iters=0 horizon=0 t=3ms
2026-09-13 00:12:02,767 [DEBUG] src.ilqt.mpc_controller: MPCController.step 120: replan k_hit=73 refine=feasible buffer=20
2026-09-13 00:12:02,775 [DEBUG] src.ilqt.replan_core: FAR_JT step=140 k_hit=53 (JT gain=60, skip iLQR)
2026-09-13 00:12:02,775 [DEBUG] src.ilqt.mpc_controller: REPLAN step=140 k_hit=53 iters=0 horizon=0 t=3ms
2026-09-13 00:12:02,775 [INFO] src.ilqt.strategies.hit_point_refiner: [HIT_LOCK] k_hit=53 ≤ 60, 锁定击球点不再替换
2026-09-13 00:12:02,775 [DEBUG] src.ilqt.mpc_controller: MPCController.step 140: replan k_hit=53 refine=locked buffer=20
2026-09-13 00:12:02,794 [DEBUG] src.ilqt.tube_cost: [Softmin诊断] 候选权重TOP3: k=33:w=0.056, k=34:w=0.056, k=32:w=0.056
2026-09-13 00:12:02,813 [DEBUG] src.ilqt.mpc_controller: REPLAN step=160 k_hit=33 iters=5 horizon=33 t=33ms
2026-09-13 00:12:02,813 [DEBUG] src.ilqt.mpc_controller: MPCController.step 160: replan k_hit=33 refine=locked buffer=20
2026-09-13 00:12:02,831 [DEBUG] src.ilqt.tube_cost: [Softmin诊断] 候选权重TOP3: k=13:w=0.056, k=14:w=0.056, k=12:w=0.056
2026-09-13 00:12:02,840 [DEBUG] src.ilqt.mpc_controller: REPLAN step=180 k_hit=13 iters=5 horizon=13 t=22ms
2026-09-13 00:12:02,840 [DEBUG] src.ilqt.mpc_controller: MPCController.step 180: replan k_hit=13 refine=locked buffer=13
2026-09-13 00:12:02,840 [INFO] src.ilqt.components.predictive_safety: [SAFETY_FILTER] beta=0.6: tcp speed 1.98 > 1.80 m/s
2026-09-13 00:12:02,841 [INFO] src.ilqt.components.predictive_safety: [SAFETY_FILTER] beta=0.2: qdot entering overspeed, joint=2, |qdot|=4.23 > 3.93
2026-09-13 00:12:02,842 [INFO] src.ilqt.components.predictive_safety: [SAFETY_FILTER] beta=0.0: tcp speed 2.35 > 1.80 m/s
2026-09-13 00:12:02,842 [INFO] src.ilqt.components.predictive_safety: [SAFETY_FILTER] beta=0.2: qdot entering overspeed, joint=2, |qdot|=4.30 > 3.93
2026-09-13 00:12:02,843 [INFO] src.ilqt.components.predictive_safety: [SAFETY_FILTER] beta=0.0: qdot entering overspeed, joint=2, |qdot|=4.47 > 3.93
2026-09-13 00:12:02,843 [INFO] src.ilqt.components.predictive_safety: [SAFETY_FILTER] beta=0.4: tcp speed 2.04 > 1.80 m/s
2026-09-13 00:12:02,844 [INFO] src.ilqt.components.predictive_safety: [SAFETY_FILTER] beta=0.2: qdot entering overspeed, joint=2, |qdot|=4.38 > 3.93
2026-09-13 00:12:02,844 [INFO] src.ilqt.components.predictive_safety: [SAFETY_FILTER] beta=0.2: qdot entering overspeed, joint=2, |qdot|=4.54 > 3.93
2026-09-13 00:12:02,845 [INFO] src.ilqt.components.predictive_safety: [SAFETY_FILTER] beta=0.2: qdot entering overspeed, joint=2, |qdot|=4.69 > 3.93
2026-09-13 00:12:02,846 [INFO] src.ilqt.components.predictive_safety: [SAFETY_FILTER] beta=0.2: qdot entering overspeed, joint=2, |qdot|=4.80 > 3.93
2026-09-13 00:12:02,847 [INFO] src.ilqt.components.predictive_safety: [SAFETY_FILTER] beta=0.2: qdot entering overspeed, joint=0, |qdot|=3.23 > 3.14
2026-09-13 00:12:02,847 [INFO] src.ilqt.components.predictive_safety: [SAFETY_FILTER] beta=0.2: qdot entering overspeed, joint=2, |qdot|=5.08 > 3.93
2026-09-13 00:12:02,848 [INFO] src.ilqt.strategies.follow_through: 随挥触发: step=192, steps=60
2026-09-13 00:12:02,865 [INFO] src.ilqt.async_replanner: AsyncReplanner: 后台规划线程已停止
2026-09-13 00:12:02,865 [INFO] src.ilqt.episode_runner: EpisodeRunner 完成: total_steps=254 safe_steps=254 mpc_done=True
2026-09-13 00:12:02,865 [DEBUG] src.ilqt.episode_runner: EpisodeRunner metrics 详情: {'total_steps': 254, 'safe_steps': 254, 'mpc_done': True, 'X_history': [array([-1.5  ,  1.57 , -0.236,  0.404,  0.446,  2.45 ,  0.   ,  0.   ,
        0.   ,  0.   ,  0.   ,  0.   ]), array([-2.02516952e-01,  1.00152885e+00, -4.80892600e-01, -6.67755992e-02,
        1.60007120e+00,  2.44996806e+00,  9.45088207e-03, -9.04014362e-03,
        3.42845465e-03, -1.70179891e-03, -9.83864681e-02, -6.38892659e-03]), array([-0.20242487,  1.00143616, -0.4808755 , -0.06679184,  1.59918006,
        2.44991665,  0.01841661, -0.01853873,  0.00341986, -0.00324831,
       -0.17822861, -0.010282  ]), array([-2.02290250e-01,  1.00129435e+00, -4.80871155e-01, -6.68153389e-02,
        1.59796428e+00,  2.44985303e+00,  2.69237270e-02, -2.83622818e-02,
        8.69184798e-04, -4.69963176e-03, -2.43156910e-01, -1.27228545e-02]), array([-0.20211526,  1.00110234, -0.4808888 , -0.06684583,  1.59648387,
        2.44978152,  0.03499763, -0.03840198, -0.00352827, -0.00609773,
       -0.29608091, -0.01430304]), array([-0.20190195,  1.0008595 , -0.48093497, -0.06688318,  1.5947872 ,
        2.44970471,  0.04266248, -0.04856843, -0.00923398, -0.00747056,
       -0.33933423, -0.01536128]), array([-0.20165224,  1.00056556, -0.48101413, -0.06692736,  1.59291325,
        2.44962424,  0.04994122, -0.05878778, -0.01583245, -0.00883557,
       -0.37478976, -0.01609414]), array([-0.20136797,  1.00022056, -0.48112915, -0.06697837,  1.59089349,
        2.44954115,  0.05685548, -0.06899876, -0.02300469, -0.01020262,
       -0.40395142, -0.01661772]), array([-0.20105084,  0.99982481, -0.48128169, -0.06703625,  1.58875336,
        2.44945614,  0.06342563, -0.07915038, -0.03050718, -0.01157614,
       -0.42802716, -0.01700215]), array([-0.20070248,  0.99937881, -0.48147246, -0.06710104,  1.58651342,
        2.44936968,  0.06967072, -0.08920017, -0.03815537, -0.01295679,
       -0.44798733, -0.0172909 ]), array([-0.20032444,  0.99888325, -0.48170152, -0.06717275,  1.58419037,
        2.44928213,  0.07560849, -0.09911269, -0.0458106 , -0.01434267,
       -0.46461122, -0.01751179]), array([-0.19991816,  0.99833896, -0.48196837, -0.0672514 ,  1.58179774,
        2.44919371,  0.08125547, -0.10885842, -0.05336983, -0.01573009,
       -0.47852451, -0.0176832 ]), array([-0.19948503,  0.99774689, -0.48227216, -0.06733697,  1.5793466 ,
        2.44910462,  0.08662691, -0.11841284, -0.06075764, -0.01711424,
       -0.49022944, -0.0178177 ]), array([-0.19902635,  0.99710811, -0.48261175, -0.06742942,  1.57684595,
        2.449015  ,  0.09173692, -0.12775562, -0.06791986, -0.01848962,
       -0.50012909, -0.01792416]), array([-0.19854335,  0.99642376, -0.48298585, -0.06752867,  1.57430322,
        2.44892496,  0.09659847, -0.13687004, -0.07481864, -0.01985046,
       -0.50854696, -0.01800901]), array([-0.19803724,  0.99569505, -0.48339299, -0.06763463,  1.5717245 ,
        2.44883457,  0.10122353, -0.14574241, -0.08142862, -0.021191  ,
       -0.51574268, -0.01807701]), array([-0.19750912,  0.99492324, -0.48383166, -0.06774715,  1.56911488,
        2.44874391,  0.10562312, -0.15436165, -0.08773388, -0.0225057 ,
       -0.52192467, -0.01813178]), array([-0.19696008,  0.99410965, -0.48430029, -0.0678661 ,  1.56647858,
        2.44865303,  0.10980739, -0.16271888, -0.09372559, -0.02378941,
       -0.5272602 , -0.01817608]), array([-0.19639115,  0.99325561, -0.48479729, -0.06799129,  1.56381916,
        2.44856197,  0.11378572, -0.17080714, -0.09940014, -0.0250374 ,
       -0.5318835 , -0.01821205]), array([-0.19580332,  0.99236251, -0.48532108, -0.06812252,  1.56113965,
        2.44847076,  0.11756677, -0.17862104, -0.10475779, -0.02624545,
       -0.53590227, -0.01824138]), array([-0.19519753,  0.99143173, -0.48587009, -0.06825957,  1.55844263,
        2.44837944,  0.12115855, -0.18615662, -0.10980153, -0.02740982,
       -0.53940288, -0.01826539]), array([-0.19457462,  0.99046465, -0.48644287, -0.06840253,  1.55572986,
        2.44828804,  0.12458211, -0.19341593, -0.11455774, -0.02859367,
       -0.54255435, -0.01827999]), array([-0.19393545,  0.98946267, -0.48703795, -0.06855115,  1.55300333,
        2.44819657,  0.12783317, -0.20039432, -0.11901423, -0.02972341,
       -0.54530596, -0.01829343]), array([-0.19328086,  0.98842722, -0.48765383, -0.06870514,  1.55026481,
        2.44810504,  0.13091798, -0.20709072, -0.12317752, -0.03079785,
       -0.54770377, -0.01830528]), array([-0.19261165,  0.9873597 , -0.48828911, -0.06886422,  1.54751589,
        2.44801347,  0.13384237, -0.21350485, -0.12705461, -0.03181592,
       -0.54978452, -0.0183155 ]), array([-0.19192859,  0.98626151, -0.48894237, -0.0690281 ,  1.544758  ,
        2.44792185,  0.13661181, -0.21963701, -0.13065275, -0.03277669,
       -0.55157751, -0.0183242 ]), array([-0.19123243,  0.98513407, -0.48961227, -0.0691965 ,  1.54199247,
        2.44783019,  0.13923143, -0.22548806, -0.13397922, -0.03367938,
       -0.55310601, -0.01833156]), array([-0.1905239 ,  0.98397877, -0.49029747, -0.06936912,  1.53922053,
        2.4477385 ,  0.14170604, -0.23105928, -0.13704116, -0.03452335,
       -0.55438853, -0.01833778]), array([-0.1898037 ,  0.98279701, -0.4909967 , -0.06954566,  1.53644333,
        2.44764678,  0.14404016, -0.23635235, -0.13984553, -0.0353081 ,
       -0.55543974, -0.01834304]), array([-0.18907251,  0.98159017, -0.49170869, -0.06972582,  1.53366198,
        2.44755505,  0.14623806, -0.24136925, -0.14239901, -0.03603326,
       -0.55627122, -0.01834752]), array([-0.18833099,  0.98035961, -0.49243223, -0.06990932,  1.53087752,
        2.44746329,  0.14830376, -0.24611224, -0.14470796, -0.03669856,
       -0.55689213, -0.01835135]), array([-0.18757979,  0.97910669, -0.49316613, -0.07009584,  1.52809097,
        2.44737152,  0.15024106, -0.25058376, -0.14677841, -0.03730387,
       -0.55730969, -0.01835467]), array([-0.18681952,  0.97783275, -0.49390921, -0.07028508,  1.52530332,
        2.44727973,  0.15205356, -0.25478648, -0.14861607, -0.03784913,
       -0.55752959, -0.01835757]), array([-0.1860508 ,  0.97653914, -0.49466034, -0.07047675,  1.52251554,
        2.44718793,  0.15374467, -0.25872318, -0.15022632, -0.03833437,
       -0.55755632, -0.01836015]), array([-0.18527421,  0.97522715, -0.49541841, -0.07067055,  1.51972857,
        2.44709611,  0.15531761, -0.26239678, -0.15161426, -0.03875973,
       -0.55739345, -0.01836248]), array([-0.18449033,  0.9738981 , -0.49618233, -0.07086618,  1.51694335,
        2.44700429,  0.15677548, -0.26581031, -0.15278467, -0.0391254 ,
       -0.55704386, -0.01836462]), array([-0.18369973,  0.97255327, -0.49695104, -0.07106334,  1.5141608 ,
        2.44691246,  0.15812119, -0.26896685, -0.15374208, -0.03943163,
       -0.55650986, -0.01836663]), array([-0.18290294,  0.97119392, -0.4977235 , -0.07126173,  1.51138184,
        2.44682062,  0.15935757, -0.27186957, -0.15449081, -0.03967875,
       -0.55579341, -0.01836853]), array([-0.1821005 ,  0.96982131, -0.49849867, -0.07146107,  1.50860735,
        2.44672876,  0.16048728, -0.2745217 , -0.15503493, -0.03986714,
       -0.55489619, -0.01837037]), array([-0.18129294,  0.96843668, -0.49927556, -0.07166105,  1.50583826,
        2.4466369 ,  0.16151289, -0.27692649, -0.15537835, -0.03999724,
       -0.55381973, -0.01837218]), array([-0.18048075,  0.96704124, -0.50005319, -0.0718614 ,  1.50307543,
        2.44654503,  0.16243688, -0.27908723, -0.15552482, -0.04006952,
       -0.55256544, -0.01837398]), array([-0.17966405,  0.96563615, -0.50083092, -0.07206364,  1.50031805,
        2.44645328,  0.16334084, -0.28101929, -0.15554592, -0.04044868,
       -0.55147563, -0.01834987]), array([-0.17884326,  0.96422255, -0.50160783, -0.07226728,  1.49756724,
        2.44636159,  0.16415734, -0.2827199 , -0.15538299, -0.04072779,
       -0.55016299, -0.01833899]), array([-0.17801883,  0.96280159, -0.50238302, -0.07247186,  1.49482404,
        2.44626991,  0.16488687, -0.28419172, -0.15503754, -0.04091523,
       -0.54863852, -0.01833505]), array([-0.17719118,  0.9613744 , -0.50315558, -0.07267695,  1.49208949,
        2.44617824,  0.16553016, -0.2854375 , -0.15451146, -0.04101801,
       -0.54691137, -0.01833466]), array([-0.17636074,  0.9599421 , -0.50392461, -0.07288216,  1.48936454,
        2.44608656,  0.16608811, -0.28646007, -0.15380695, -0.04104197,
       -0.54498924, -0.018336  ]), array([-0.17552793,  0.95850579, -0.50468924, -0.07308712,  1.48665015,
        2.44599487,  0.16656178, -0.28726238, -0.15292643, -0.04099207,
       -0.54287879, -0.01833811]), array([-0.17469317,  0.95706655, -0.50544861, -0.07329148,  1.48394722,
        2.44590317,  0.16695232, -0.28784745, -0.15187254, -0.04087252,
       -0.54058583, -0.01834051]), array([-0.17385686,  0.95562546, -0.50620185, -0.07349492,  1.48125664,
        2.44581145,  0.16726101, -0.28821836, -0.15064806, -0.04068694,
       -0.53811562, -0.01834293]), array([-0.17301941,  0.95418357, -0.50694813, -0.07369711,  1.47857927,
        2.44571973,  0.16748915, -0.28837826, -0.14925589, -0.04043845,
       -0.53547296, -0.01834526]), array([-0.17218122,  0.95274192, -0.50768662, -0.07389776,  1.47591596,
        2.44562799,  0.16763813, -0.28833037, -0.14769907, -0.04012981,
       -0.53266238, -0.01834745]), array([-0.17134268,  0.95130153, -0.50841653, -0.07409657,  1.47326752,
        2.44553624,  0.16770937, -0.28807796, -0.14598072, -0.03976345,
       -0.52968824, -0.01834948]), array([-0.17050416,  0.94986341, -0.50913705, -0.07429328,  1.47063475,
        2.44544448,  0.16770434, -0.28762437, -0.14410408, -0.03934155,
       -0.52655477, -0.01835135]), array([-0.16966603,  0.94842854, -0.50984741, -0.07448761,  1.46801842,
        2.44535272,  0.16762452, -0.28697297, -0.14207245, -0.03886612,
       -0.52326621, -0.01835305]), array([-0.16882868,  0.9469979 , -0.51054685, -0.07467931,  1.46541928,
        2.44526095,  0.16747142, -0.28612721, -0.13988923, -0.038339  ,
       -0.51982678, -0.01835458]), array([-0.16799244,  0.94557245, -0.51123464, -0.07486812,  1.46283808,
        2.44516917,  0.16724658, -0.28509059, -0.1375579 , -0.03776189,
       -0.51624078, -0.01835594]), array([-0.16715768,  0.94415312, -0.51191005, -0.0750538 ,  1.46027551,
        2.44507738,  0.16695154, -0.28386665, -0.13508201, -0.03713642,
       -0.51251261, -0.01835711]), array([-0.16632475,  0.94274082, -0.51257238, -0.07523612,  1.45773228,
        2.44498559,  0.16658786, -0.28245901, -0.13246522, -0.03646416,
       -0.50864676, -0.0183581 ]), array([-0.16549396,  0.94133647, -0.51322094, -0.07541485,  1.45520904,
        2.4448938 ,  0.16615712, -0.28087134, -0.12971124, -0.03574661,
       -0.50464784, -0.01835887]), array([-0.16466566,  0.93994093, -0.51385506, -0.07558978,  1.45270644,
        2.444802  ,  0.16566092, -0.27910735, -0.12682387, -0.03498524,
       -0.50052061, -0.01835942]), array([-0.16384015,  0.93855508, -0.51447409, -0.07576069,  1.45022509,
        2.4447102 ,  0.16510084, -0.27717084, -0.12380699, -0.0341815 ,
       -0.49626998, -0.01835973]), array([-0.16301908,  0.93718027, -0.51507475, -0.07592139,  1.44777867,
        2.44461769,  0.16421337, -0.27496034, -0.12013176, -0.03213994,
       -0.48928362, -0.01850206]), array([-0.16220288,  0.93581757, -0.51565627, -0.07607254,  1.44536556,
        2.44452485,  0.16324032, -0.27254139, -0.11630506, -0.0302304 ,
       -0.48262241, -0.01856863]), array([-0.16139193,  0.93446794, -0.51621801, -0.07621466,  1.44298452,
        2.44443187,  0.16218955, -0.26992488, -0.11234622, -0.02842362,
       -0.47620723, -0.01859542]), array([-0.1605866 ,  0.93313234, -0.51675936, -0.07634814,  1.44063464,
        2.44433886,  0.16106781, -0.26712084, -0.10827084, -0.02669626,
       -0.46997631, -0.01860186]), array([-0.15978719,  0.93181165, -0.51727982, -0.07647329,  1.43831523,
        2.44424587,  0.15988093, -0.26413857, -0.10409158, -0.02502969,
       -0.46388162, -0.0185983 ]), array([-0.15899402,  0.93050671, -0.51777891, -0.07659033,  1.4360258 ,
        2.44415292,  0.158634  , -0.26098675, -0.09981891, -0.02340911,
       -0.45788613, -0.01859014]), array([-0.15820736,  0.92921834, -0.51825622, -0.07669945,  1.43376599,
        2.44406002,  0.15733152, -0.25767356, -0.09546162, -0.02182276,
       -0.45196155, -0.01858014]), array([-0.15742748,  0.92794731, -0.51871136, -0.07680075,  1.43153556,
        2.44396717,  0.1559775 , -0.25420673, -0.09102723, -0.0202614 ,
       -0.44608655, -0.01856961]), array([-0.1566546 ,  0.92669434, -0.51914397, -0.07689434,  1.42933433,
        2.44387437,  0.15457555, -0.25059365, -0.08652232, -0.01871779,
       -0.4402454 , -0.01855913]), array([-0.15588895,  0.92546014, -0.51955373, -0.07698027,  1.4271622 ,
        2.44378163,  0.15312897, -0.24684137, -0.08195277, -0.01718634,
       -0.43442678, -0.01854887]), array([-0.15513075,  0.92424535, -0.51994035, -0.07705859,  1.42501909,
        2.44368894,  0.1516408 , -0.24295672, -0.07732395, -0.0156628 ,
       -0.42862293, -0.01853885]), array([-0.15438018,  0.92305062, -0.52030356, -0.07712931,  1.42290494,
        2.44359629,  0.15011385, -0.23894631, -0.07264088, -0.014144  ,
       -0.42282892, -0.01852895]), array([-0.15363743,  0.92187654, -0.5206431 , -0.07719245,  1.42081973,
        2.4435037 ,  0.14855077, -0.23481655, -0.06790832, -0.01262766,
       -0.41704204, -0.01851907]), array([-0.15290266,  0.92072367, -0.52095875, -0.07724801,  1.41876342,
        2.44341115,  0.14695408, -0.23057372, -0.06313086, -0.01111221,
       -0.41126138, -0.01850908]), array([-0.15217603,  0.91959255, -0.52125032, -0.07729599,  1.41673599,
        2.44331866,  0.14532616, -0.22622396, -0.058313  , -0.00959668,
       -0.40548742, -0.01849885]), array([-0.15145768,  0.91848368, -0.52151761, -0.07733639,  1.41473738,
        2.44322621,  0.14366931, -0.22177332, -0.05345915, -0.00808055,
       -0.39972178, -0.01848828]), array([-0.15074775,  0.91739754, -0.52176048, -0.07736921,  1.41276754,
        2.44313383,  0.14198573, -0.21722773, -0.04857368, -0.0065637 ,
       -0.39396691, -0.01847729]), array([-0.15004636,  0.91633458, -0.52197879, -0.07739444,  1.41082641,
        2.4430415 ,  0.14027758, -0.21259307, -0.04366097, -0.00504632,
       -0.38822596, -0.01846578]), array([-0.14935363,  0.9152952 , -0.52217241, -0.07741209,  1.4089139 ,
        2.44294923,  0.13854695, -0.20787512, -0.03872538, -0.00352883,
       -0.38250257, -0.01845371]), array([-1.48669648e-01,  9.14279805e-01, -5.22341269e-01, -7.74221469e-02,
        1.40702990e+00,  2.44285703e+00,  1.36795870e-01, -2.03079635e-01,
       -3.37712733e-02, -2.01186422e-03, -3.76800774e-01, -1.84410059e-02]), array([-1.47994323e-01,  9.13288351e-01, -5.22487081e-01, -7.74255965e-02,
        1.40516568e+00,  2.44276521e+00,  1.35065073e-01, -1.98290656e-01,
       -2.91622834e-02, -6.89920419e-04, -3.72842805e-01, -1.83634940e-02]), array([-1.47327720e-01,  9.12321028e-01, -5.22609881e-01, -7.74222734e-02,
        1.40332265e+00,  2.44267361e+00,  1.33320483e-01, -1.93464614e-01,
       -2.45600104e-02,  6.64633911e-04, -3.68606998e-01, -1.83200559e-02]), array([-1.46669905e-01,  9.11378019e-01, -5.22709673e-01, -7.74120548e-02,
        1.40150186e+00,  2.44258214e+00,  1.31563037e-01, -1.88601937e-01,
       -1.99584713e-02,  2.04371012e-03, -3.64157329e-01, -1.82939814e-02]), array([-0.14602094,  0.9104595 , -0.52278644, -0.07739485,  1.39970413,
        2.44249076,  0.12979385, -0.18370374, -0.01535437,  0.00344072,
       -0.35954577, -0.01827628]), array([-0.14538086,  0.90956564, -0.52284018, -0.0773706 ,  1.39793006,
        2.44239945,  0.12801415, -0.1787717 , -0.01074647,  0.00485022,
       -0.35481475, -0.01826215]), array([-0.14474974,  0.9086966 , -0.52287085, -0.07733926,  1.39618006,
        2.4423082 ,  0.12622529, -0.17380798, -0.0061351 ,  0.00626768,
       -0.34999904, -0.01824912]), array([-1.44127595e-01,  9.07852526e-01, -5.22878462e-01, -7.73008155e-02,
        1.39445443e+00,  2.44221702e+00,  1.24428653e-01, -1.68815130e-01,
       -1.52177910e-03,  7.68924429e-03, -3.45127320e-01, -1.82359044e-02]), array([-0.14351447,  0.90703355, -0.52286301, -0.07725526,  1.39275331,
        2.44212591,  0.1226257 , -0.16379604,  0.00309108,  0.00911164,
       -0.34022337, -0.0182219 ]), array([-0.14291038,  0.90623978, -0.5228245 , -0.0772026 ,  1.39107678,
        2.44203488,  0.1208179 , -0.15875387,  0.00770042,  0.01053203,
       -0.33530702, -0.01820686]), array([-0.14231534,  0.90547132, -0.52276299, -0.07714286,  1.3894248 ,
        2.44194392,  0.11900676, -0.15369198,  0.01230273,  0.01194792,
       -0.33039492, -0.01819068]), array([-0.14172937,  0.90472825, -0.52267852, -0.07707607,  1.38779729,
        2.44185306,  0.11719376, -0.14861395,  0.01689415,  0.01335714,
       -0.32550115, -0.01817337]), array([-0.14115247,  0.90401063, -0.52257117, -0.07700228,  1.38619411,
        2.44176228,  0.11538041, -0.14352347,  0.02147065,  0.01475771,
       -0.32063769, -0.01815498]), array([-0.14058463,  0.90331851, -0.52244103, -0.07692154,  1.38461503,
        2.4416716 ,  0.11356819, -0.13842436,  0.02602804,  0.01614788,
       -0.3158148 , -0.01813557]), array([-0.14002584,  0.9026519 , -0.52228822, -0.07683391,  1.38305983,
        2.44158103,  0.11175857, -0.13332053,  0.03056209,  0.01752606,
       -0.31104133, -0.0181152 ]), array([-0.13947607,  0.90201083, -0.52211287, -0.07673946,  1.3815282 ,
        2.44149056,  0.10995299, -0.12821592,  0.03506858,  0.01889079,
       -0.30632496, -0.01809394]), array([-0.13893531,  0.90139525, -0.52191516, -0.07663826,  1.38001984,
        2.4414002 ,  0.10815286, -0.12311455,  0.03954332,  0.02024074,
       -0.30167239, -0.01807184]), array([-0.13840351,  0.90080515, -0.52169525, -0.07653038,  1.37853439,
        2.44130995,  0.10635958, -0.11802045,  0.04398218,  0.02157467,
       -0.2970895 , -0.01804895]), array([-0.13788064,  0.90024046, -0.52145334, -0.07641593,  1.37707148,
        2.44121983,  0.1045745 , -0.11293764,  0.04838114,  0.02289144,
       -0.29258145, -0.01802533]), array([-0.13736664,  0.89970111, -0.52118966, -0.07629498,  1.37563072,
        2.44112982,  0.10279893, -0.10787014,  0.05273628,  0.02419001,
       -0.28815282, -0.01800102]), array([-0.13686147,  0.899187  , -0.52090444, -0.07616763,  1.37421168,
        2.44103994,  0.10103415, -0.10282196,  0.05704382,  0.02546939,
       -0.28380764, -0.01797608]), array([-0.13636507,  0.89869802, -0.52059794, -0.07603399,  1.37281393,
        2.44095019,  0.0992814 , -0.09779705,  0.0613001 ,  0.02672866,
       -0.27954949, -0.01795053]), array([-0.13587736,  0.89823402, -0.52027043, -0.07589415,  1.37143703,
        2.44086057,  0.09754188, -0.09279934,  0.06550163,  0.027967  ,
       -0.27538152, -0.01792442]), array([-0.13539827,  0.89779486, -0.51992221, -0.07574823,  1.37008049,
        2.44077108,  0.09581673, -0.08783268,  0.06964504,  0.02918361,
       -0.27130652, -0.01789779]), array([-0.13492774,  0.89738035, -0.51955357, -0.07559634,  1.36874386,
        2.44068172,  0.09410707, -0.08290088,  0.07372714,  0.03037778,
       -0.26732694, -0.01787069]), array([-0.13446567,  0.89699031, -0.51916485, -0.0754386 ,  1.36742663,
        2.44059251,  0.09241396, -0.07800765,  0.07774488,  0.03154885,
       -0.26344492, -0.01784313]), array([-0.13401198,  0.89662453, -0.51875637, -0.07527512,  1.36612832,
        2.44050343,  0.09073841, -0.07315664,  0.08169537,  0.0326962 ,
       -0.2596623 , -0.01781517]), array([-0.13356657,  0.89628277, -0.51832849, -0.07510602,  1.36484842,
        2.4404145 ,  0.08908139, -0.0683514 ,  0.0855759 ,  0.03381927,
       -0.25598066, -0.01778684]), array([-0.13312935,  0.8959648 , -0.51788157, -0.07493143,  1.36358641,
        2.44032571,  0.08744382, -0.06359541,  0.08938389,  0.03491758,
       -0.25240133, -0.01775818]), array([-0.13270022,  0.89567034, -0.51741598, -0.07475148,  1.36234179,
        2.44023706,  0.08582658, -0.05889201,  0.09311694,  0.03599066,
       -0.24892539, -0.01772922]), array([-0.13227906,  0.89539911, -0.51693212, -0.07456629,  1.36111402,
        2.44014856,  0.08423049, -0.05424448,  0.09677281,  0.03703811,
       -0.24555371, -0.0177    ]), array([-0.13186578,  0.89515083, -0.51643037, -0.07437599,  1.35990258,
        2.44006021,  0.08265633, -0.04965596,  0.1003494 ,  0.03805958,
       -0.24228694, -0.01767056]), array([-0.13146026,  0.89492519, -0.51591115, -0.07418072,  1.35870696,
        2.439972  ,  0.08110482, -0.04512949,  0.10384479,  0.03905477,
       -0.23912552, -0.01764092]), array([-0.13106238,  0.89472185, -0.51537486, -0.0739806 ,  1.35752661,
        2.43988395,  0.07957664, -0.04066799,  0.1072572 ,  0.0400234 ,
       -0.2360697 , -0.01761114]), array([-0.13067201,  0.89454048, -0.51482194, -0.07377577,  1.35636101,
        2.43979604,  0.07807243, -0.03627426,  0.11058501,  0.04096528,
       -0.23311955, -0.01758123]), array([-0.13028905,  0.89438072, -0.5142528 , -0.07356637,  1.35520963,
        2.43970829,  0.07659276, -0.03195099,  0.11382675,  0.04188023,
       -0.23027495, -0.01755124]), array([-0.12991336,  0.89424222, -0.5136679 , -0.07335253,  1.35407196,
        2.43962068,  0.07513818, -0.02770072,  0.1169811 ,  0.04276812,
       -0.22753564, -0.01752119]), array([-0.12954481,  0.89412459, -0.51306766, -0.07313439,  1.35294745,
        2.43953322,  0.07370917, -0.02352588,  0.12004689,  0.04362887,
       -0.22490117, -0.01749113]), array([-0.12918328,  0.89402744, -0.51245255, -0.07291208,  1.3518356 ,
        2.43944592,  0.07230617, -0.01942877,  0.12302309,  0.04446243,
       -0.22237095, -0.01746109]), array([-0.12882863,  0.89395039, -0.51182301, -0.07268573,  1.35073587,
        2.43935876,  0.07092959, -0.01541155,  0.12590882,  0.0452688 ,
       -0.21994424, -0.01743109]), array([-0.12848074,  0.893893  , -0.51117949, -0.07245549,  1.34964777,
        2.43927176,  0.06957977, -0.01147626,  0.12870332,  0.04604802,
       -0.21762017, -0.01740117]), array([-0.12813945,  0.89385488, -0.51052246, -0.07222149,  1.34857079,
        2.4391849 ,  0.06825703, -0.00762481,  0.13140599,  0.04680014,
       -0.21539773, -0.01737136]), array([-0.12780464,  0.89383559, -0.50985238, -0.07198387,  1.34750441,
        2.43909819,  0.06696163, -0.00385895,  0.13401635,  0.04752529,
       -0.2132758 , -0.01734169]), array([-1.27476173e-01,  8.93834684e-01, -5.09169707e-01, -7.17427472e-02,
        1.34644814e+00,  2.43901163e+00,  6.56937896e-02, -1.80342071e-04,
        1.36534065e-01,  4.82235873e-02, -2.11253130e-01, -1.73121908e-02]), array([-0.1271539 ,  0.89385173, -0.50847491, -0.07149827,  1.3454015 ,
        2.43892522,  0.06445369,  0.00340953,  0.1389589 ,  0.04889522,
       -0.20932837, -0.01728288]), array([-0.1268377 ,  0.89388628, -0.50776846, -0.07125057,  1.344364  ,
        2.43883895,  0.06324148,  0.00690928,  0.14129078,  0.04954039,
       -0.20750006, -0.0172538 ]), array([-0.12652741,  0.89393787, -0.50705081, -0.07099977,  1.34333517,
        2.43875282,  0.06205726,  0.01031768,  0.1435297 ,  0.05015932,
       -0.20576666, -0.01722497]), array([-0.12622291,  0.89400603, -0.50632243, -0.07074601,  1.34231453,
        2.43866684,  0.06090108,  0.01363361,  0.14567583,  0.05075228,
       -0.20412653, -0.01719641]), array([-0.12592404,  0.89409032, -0.50558378, -0.07048941,  1.34130164,
        2.438581  ,  0.05977299,  0.0168561 ,  0.14772941,  0.05131957,
       -0.20257795, -0.01716814]), array([-0.12563068,  0.89419024, -0.50483533, -0.07023011,  1.34029605,
        2.4384953 ,  0.05867297,  0.01998429,  0.1496908 ,  0.05186148,
       -0.20111912, -0.0171402 ]), array([-0.12534267,  0.89430532, -0.50407753, -0.06996821,  1.33929731,
        2.43840974,  0.05760097,  0.02301745,  0.15156047,  0.05237837,
       -0.19974818, -0.0171126 ]), array([-0.12505989,  0.8944351 , -0.50331083, -0.06970386,  1.33830499,
        2.43832431,  0.05655693,  0.025955  ,  0.153339  ,  0.05287058,
       -0.1984632 , -0.01708536]), array([-0.12478218,  0.89457908, -0.5025357 , -0.06943717,  1.33731868,
        2.43823902,  0.05554073,  0.02879644,  0.15502704,  0.05333851,
       -0.19726221, -0.0170585 ]), array([-0.12450942,  0.89473679, -0.50175257, -0.06916826,  1.33633796,
        2.43815386,  0.05455225,  0.03154143,  0.15662536,  0.05378256,
       -0.19614317, -0.01703204]), array([-0.12424147,  0.89490774, -0.5009619 , -0.06889724,  1.33536244,
        2.43806883,  0.0535913 ,  0.03418973,  0.1581348 ,  0.05420314,
       -0.195104  , -0.017006  ]), array([-0.12397818,  0.89509144, -0.50016411, -0.06862424,  1.33439173,
        2.43798393,  0.0526577 ,  0.0367412 ,  0.1595563 ,  0.0546007 ,
       -0.19414259, -0.01698039]), array([-0.12371942,  0.89528742, -0.49935966, -0.06834936,  1.33342545,
        2.43789915,  0.05175122,  0.03919585,  0.16089087,  0.05497567,
       -0.19325679, -0.01695522]), array([-0.12346506,  0.89549519, -0.49854896, -0.06807272,  1.33246322,
        2.4378145 ,  0.05087162,  0.04155377,  0.16213961,  0.05532854,
       -0.19244443, -0.01693052]), array([-0.12321497,  0.89571427, -0.49773244, -0.06779442,  1.33150471,
        2.43772997,  0.05001862,  0.04381517,  0.16330368,  0.05565977,
       -0.19170329, -0.01690629]), array([-0.12296901,  0.89594417, -0.49691052, -0.06751457,  1.33054955,
        2.43764555,  0.04919193,  0.04598036,  0.16438431,  0.05596987,
       -0.19103116, -0.01688254]), array([-0.12272705,  0.89618442, -0.49608361, -0.06723327,  1.32959742,
        2.43756126,  0.04839124,  0.04804976,  0.1653828 ,  0.05625932,
       -0.19042582, -0.01685929]), array([-0.12248897,  0.89643454, -0.49525211, -0.06695063,  1.328648  ,
        2.43747707,  0.04761621,  0.05002387,  0.16630051,  0.05652864,
       -0.18988501, -0.01683654]), array([-0.12225464,  0.89669405, -0.49441641, -0.06666674,  1.32770097,
        2.437393  ,  0.04686649,  0.0519033 ,  0.16713886,  0.05677834,
       -0.18940649, -0.0168143 ]), array([-0.12202393,  0.8969625 , -0.49357691, -0.06638169,  1.32675603,
        2.43730904,  0.04614169,  0.05368876,  0.16789932,  0.05700896,
       -0.18898802, -0.01679258]), array([-0.12179672,  0.8972394 , -0.492734  , -0.06609559,  1.32581289,
        2.43722518,  0.04544145,  0.05538101,  0.16858339,  0.05722101,
       -0.18862736, -0.01677138]), array([-0.1215729 ,  0.89752431, -0.49188803, -0.06580851,  1.32487128,
        2.43714143,  0.04476534,  0.05698094,  0.16919265,  0.05741503,
       -0.18832225, -0.01675072]), array([-0.12135233,  0.89781675, -0.49103939, -0.06552055,  1.32393092,
        2.43705778,  0.04411296,  0.05848949,  0.16972871,  0.05759155,
       -0.18807049, -0.01673058]), array([-0.12113491,  0.89811629, -0.49018843, -0.0652318 ,  1.32299158,
        2.43697422,  0.04348388,  0.05990768,  0.17019319,  0.05775112,
       -0.18786985, -0.01671098]), array([-0.12092053,  0.89842248, -0.48933549, -0.06494233,  1.32205298,
        2.43689076,  0.04287764,  0.06123663,  0.17058778,  0.05789428,
       -0.18771814, -0.01669192]), array([-0.12070906,  0.89873486, -0.48848092, -0.06465222,  1.32111492,
        2.43680739,  0.0422938 ,  0.06247749,  0.17091418,  0.05802156,
       -0.18761319, -0.0166734 ]), array([-0.1205004 ,  0.89905302, -0.48762504, -0.06436155,  1.32017715,
        2.43672412,  0.0417319 ,  0.06363151,  0.17117413,  0.0581335 ,
       -0.18755284, -0.01665542]), array([-0.12029444,  0.89937652, -0.4867682 , -0.0640704 ,  1.31923948,
        2.43664093,  0.04119147,  0.06469998,  0.17136938,  0.05823064,
       -0.18753496, -0.01663798]), array([-0.12009108,  0.89970494, -0.48591069, -0.06377883,  1.31830169,
        2.43655782,  0.04067202,  0.06568427,  0.17150171,  0.05831352,
       -0.18755745, -0.01662108]), array([-0.11989021,  0.90003787, -0.48505282, -0.06348692,  1.3173636 ,
        2.4364748 ,  0.04017307,  0.06658578,  0.17157292,  0.05838267,
       -0.18761823, -0.01660472]), array([-0.11969174,  0.9003749 , -0.4841949 , -0.06319472,  1.31642503,
        2.43639185,  0.03969414,  0.06740598,  0.17158481,  0.05843862,
       -0.18771527, -0.01658889]), array([-0.11949557,  0.90071563, -0.4833372 , -0.06290231,  1.31548579,
        2.43630899,  0.03923472,  0.06814639,  0.1715392 ,  0.05848188,
       -0.18784656, -0.01657359]), array([-0.1193016 ,  0.90105968, -0.48248002, -0.06260975,  1.31454574,
        2.43622619,  0.03879432,  0.06880857,  0.17143792,  0.058513  ,
       -0.18801012, -0.01655882]), array([-0.11910974,  0.90140665, -0.4816236 , -0.06231709,  1.31360472,
        2.43614347,  0.03837243,  0.06939411,  0.1712828 ,  0.05853246,
       -0.18820402, -0.01654457]), array([-0.11891989,  0.90175617, -0.48076822, -0.06202438,  1.31266259,
        2.43606081,  0.03796856,  0.06990466,  0.17107568,  0.05854079,
       -0.18842636, -0.01653084]), array([-0.11873198,  0.90210788, -0.47991413, -0.06173169,  1.31171921,
        2.43597823,  0.0375822 ,  0.07034189,  0.17081839,  0.05853848,
       -0.18867528, -0.01651762]), array([-0.11854592,  0.90246142, -0.47906157, -0.06143906,  1.31077447,
        2.4358957 ,  0.03721285,  0.0707075 ,  0.17051276,  0.05852603,
       -0.18894895, -0.01650491]), array([-0.1144043 ,  0.90478144, -0.4763177 , -0.05487867,  1.30987882,
        2.42526237,  0.82832289,  0.46400534,  0.54877393,  1.31207815,
       -0.17912922, -2.126666  ]), array([-0.11007649,  0.90271067, -0.47006382, -0.05113174,  1.31418815,
        2.42543261,  0.86556333, -0.41415369,  1.25077455,  0.7493862 ,
        0.86186601,  0.03404841]), array([-0.10493839,  0.90356047, -0.46528293, -0.04390056,  1.3197326 ,
        2.41503695,  1.02761956,  0.16995874,  0.95617892,  1.4462356 ,
        1.10888879, -2.07913226]), array([-0.09928578,  0.9010578 , -0.45910347, -0.03359794,  1.32706209,
        2.41516261,  1.13052222, -0.50053406,  1.23589279,  2.06052396,
        1.46589845,  0.02513191]), array([-0.09430138,  0.8948118 , -0.44982771, -0.02672158,  1.33650464,
        2.40531842,  0.99687976, -1.2491987 ,  1.85515196,  1.37527254,
        1.88850962, -1.9688382 ]), array([-0.08887102,  0.89159233, -0.44151083, -0.01716033,  1.345424  ,
        2.40574252,  1.08607209, -0.64389554,  1.66337442,  1.91224981,
        1.78387352,  0.08481986]), array([-0.08412784,  0.89242151, -0.43667883, -0.01130393,  1.35199337,
        2.39603723,  0.94863519,  0.16583616,  0.96640155,  1.17127992,
        1.31387406, -1.94105905]), array([-7.88861446e-02,  8.90030084e-01, -4.30322861e-01, -2.11134197e-03,
        1.35935762e+00,  2.37646106e+00,  1.04833962e+00, -4.78284716e-01,
        1.27119300e+00,  1.83851750e+00,  1.47284813e+00, -3.91523322e+00]), array([-0.07458173,  0.89079049, -0.42536694,  0.00288382,  1.36600448,
        2.36789083,  0.86088351,  0.15208037,  0.99118463,  0.99903141,
        1.32937367, -1.71404566]), array([-0.06973411,  0.88811532, -0.41827639,  0.01124533,  1.37372235,
        2.34939447,  0.96952389, -0.53503249,  1.41810975,  1.67230304,
        1.54357381, -3.69927271]), array([-0.06572741,  0.88861711, -0.41262066,  0.01555746,  1.38061794,
        2.34185089,  0.80133992,  0.10035671,  1.13114617,  0.86242607,
        1.37911789, -1.50871488]), array([-0.06239903,  0.886     , -0.40572932,  0.01620936,  1.3878107 ,
        2.34506227,  0.66567605, -0.52342196,  1.37826678,  0.13037994,
        1.43855081,  0.6422749 ]), array([-0.0582685 ,  0.87913839, -0.39433485,  0.0205731 ,  1.39750144,
        2.33779063,  0.82610498, -1.37232153,  2.27889464,  0.87274719,
        1.93814795, -1.45432807]), array([-0.05498575,  0.87561319, -0.38466001,  0.02103986,  1.40643469,
        2.34100045,  0.65654975, -0.70504   ,  1.93496812,  0.09335237,
        1.78665092,  0.64196411]), array([-0.0519901 ,  0.86887648, -0.37318836,  0.01859667,  1.41605731,
        2.3340964 ,  0.59913014, -1.34734162,  2.29433079, -0.48863684,
        1.92452376, -1.38081005]), array([-0.04953179,  0.86552286, -0.36349109,  0.01274282,  1.42470897,
        2.33764594,  0.49166243, -0.67072507,  1.93945277, -1.17077144,
        1.73033139,  0.70990819]), array([-0.04602695,  0.86596503, -0.35686668,  0.01055366,  1.4315127 ,
        2.35098563,  0.70096911,  0.08843475,  1.32488302, -0.43783063,
        1.36074737,  2.66793772]), array([-0.04258923,  0.86338812, -0.34922999,  0.00575139,  1.43858154,
        2.35379819,  0.68754413, -0.51538142,  1.52733819, -0.96045467,
        1.41376732,  0.56251222]), array([-0.03823295,  0.85684003, -0.33793629,  0.00463944,  1.44749152,
        2.36653744,  0.87125566, -1.30961878,  2.25873962, -0.22239035,
        1.7819966 ,  2.54785048]), array([-3.40064286e-02,  8.53536328e-01, -3.27875621e-01,  6.90865474e-04,
        1.45589042e+00,  2.36853162e+00,  8.45303627e-01, -6.60740258e-01,
        2.01213366e+00, -7.89714584e-01,  1.67977896e+00,  3.98835180e-01]), array([-0.02779925,  0.84731579, -0.31366568, -0.00297062,  1.46570747,
        2.36430379,  1.24143605, -1.2441068 ,  2.84198829, -0.7322969 ,
        1.96341069, -0.84556536]), array([-0.02080182,  0.84038441, -0.2985103 , -0.00532693,  1.4754598 ,
        2.36219975,  1.39948587, -1.38627696,  3.03107608, -0.47126222,
        1.9504649 , -0.4208069 ]), array([-0.01395542,  0.83382194, -0.28395641, -0.00779892,  1.48446769,
        2.36014565,  1.36927975, -1.31249457,  2.91077837, -0.49439857,
        1.80157846, -0.41082133]), array([-0.00656706,  0.82657309, -0.26848516, -0.01028828,  1.49341852,
        2.35609716,  1.47767305, -1.44976939,  3.09424847, -0.49787078,
        1.79016611, -0.80969843]), array([ 6.58978705e-04,  8.19701759e-01, -2.53648286e-01, -1.29012735e-02,
        1.50164768e+00,  2.35217659e+00,  1.44520676e+00, -1.37426597e+00,
        2.96737579e+00, -5.22599323e-01,  1.64583288e+00, -7.84113433e-01]), array([ 0.00956265,  0.81401093, -0.23862567, -0.01300835,  1.50956333,
        2.35230739,  1.78073522, -1.13816503,  3.00452253, -0.02141615,
        1.58312943,  0.02615972]), array([ 0.01916913,  0.80762198, -0.22270926, -0.01194983,  1.51743501,
        2.35030562,  1.92129524, -1.27779   ,  3.18328167,  0.21170493,
        1.57433522, -0.40035315]), array([ 0.02944925,  0.80056181, -0.20595439, -0.00983261,  1.5252172 ,
        2.35033254,  2.05602411, -1.41203475,  3.35097554,  0.42344321,
        1.55643922,  0.0053829 ]), array([ 0.04038114,  0.79285859, -0.18841171, -0.00670676,  1.53289388,
        2.35230382,  2.18637774, -1.54064464,  3.50853616,  0.62517035,
        1.53533503,  0.39425763]), array([ 5.20024404e-02,  7.84495168e-01, -1.70308762e-01, -2.96563563e-03,
        1.53971514e+00,  2.35179701e+00,  2.32426003e+00, -1.67268371e+00,
        3.62058872e+00,  7.48225236e-01,  1.36425217e+00, -1.01362905e-01]), array([ 6.44028418e-02,  7.75480195e-01, -1.51799067e-01,  7.84120272e-04,
        1.54514340e+00,  2.34909347e+00,  2.48008028e+00, -1.80299465e+00,
        3.70193900e+00,  7.49951180e-01,  1.08565196e+00, -5.40708943e-01]), array([ 0.07700634,  0.76590627, -0.13237251,  0.00502951,  1.55198468,
        2.34395519,  2.52069926, -1.91478435,  3.88531236,  0.84907799,
        1.36825553, -1.02765552]), array([ 0.08864665,  0.7567378 , -0.11427462,  0.01156072,  1.55623191,
        2.33834477,  2.32806261, -1.83369467,  3.61957726,  1.30624253,
        0.84944665, -1.12208324]), array([ 0.09958967,  0.74797463, -0.09751061,  0.01926774,  1.55717553,
        2.33297421,  2.18860284, -1.75263337,  3.35280126,  1.54140259,
        0.18872322, -1.07411241]), array([ 0.10992949,  0.73962873, -0.08186059,  0.02771223,  1.55575515,
        2.32781837,  2.06796501, -1.669181  ,  3.1300052 ,  1.68889837,
       -0.28407565, -1.03116755]), array([ 0.11974372,  0.73171061, -0.06714949,  0.03654355,  1.55266361,
        2.32285715,  1.96284572, -1.58362461,  2.94221889,  1.76626528,
       -0.61830701, -0.99224475]), array([ 0.12909633,  0.72422767, -0.05323853,  0.04548391,  1.54840965,
        2.31807459,  1.87052119, -1.49658691,  2.78219185,  1.78807171,
       -0.85079218, -0.95651132]), array([ 0.13804008,  0.71718379, -0.04001774,  0.0543158 ,  1.54336468,
        2.31345807,  1.78875099, -1.4087757 ,  2.64415904,  1.76637762,
       -1.00899378, -0.92330387]), array([ 0.14661856,  0.71057948, -0.02739981,  0.06287144,  1.53779777,
        2.30899752,  1.71569589, -1.32086232,  2.52358595,  1.71112748,
       -1.11338202, -0.89211011]), array([ 0.1548678 ,  0.70441233, -0.01531515,  0.07102388,  1.53190178,
        2.3046848 ,  1.64984791, -1.23343058,  2.41693096,  1.63048811,
       -1.17919766, -0.86254468]), array([ 0.16281766,  0.69867752, -0.00370796,  0.07867957,  1.52581295,
        2.30051318,  1.58997136, -1.14696235,  2.32143969,  1.5311378 ,
       -1.21776672, -0.83432449]), array([ 0.17049292,  0.69336831,  0.00746692,  0.08577213,  1.51962554,
        2.29647694,  1.53505371, -1.06184113,  2.23497459,  1.41851244,
       -1.23748219, -0.80724631]), array([ 0.17791425,  0.68847649,  0.01824631,  0.0922572 ,  1.51340285,
        2.29257111,  1.48426523, -0.97836328,  2.15587751,  1.29701389,
       -1.244538  , -0.7811675 ]), array([ 0.18509888,  0.68399274,  0.02866061,  0.09810813,  1.50718545,
        2.28879116,  1.43692587, -0.89675174,  2.08286075,  1.17018564,
       -1.24347886, -0.75599017]), array([ 0.19206127,  0.67990689,  0.03873522,  0.10331243,  1.50099739,
        2.28513291,  1.39247831, -0.81716939,  2.01492176,  1.04086031,
       -1.23761254, -0.73164866]), array([ 0.1988136 ,  0.67620823,  0.0484916 ,  0.10786884,  1.49485079,
        2.28159241,  1.35046593, -0.73973115,  1.95127699,  0.91128314,
       -1.2293197 , -0.70809973]), array([ 0.20536618,  0.67288566,  0.05794816,  0.11178492,  1.48874936,
        2.27816584,  1.31051492, -0.66451421,  1.89131076,  0.78321525,
       -1.22028677, -0.68531529]), array([ 0.21172777,  0.66992783,  0.06712084,  0.11507502,  1.48269095,
        2.27484945,  1.27231956, -0.59156652,  1.83453597,  0.65801974,
       -1.21168142, -0.66327691]), array([ 0.21790592,  0.66732326,  0.07602366,  0.11775869,  1.47666953,
        2.27163959,  1.23563018, -0.52091365,  1.78056406,  0.53673331,
       -1.20428466, -0.64197196]), array([ 0.22390714,  0.66506044,  0.08466907,  0.11985932,  1.47067658,
        2.26853264,  1.20024335, -0.45256423,  1.72908196,  0.42012597,
       -1.19859052, -0.62139086]), array([ 0.22973711,  0.66312787,  0.09306824,  0.12140307,  1.46470217,
        2.26552501,  1.16599362, -0.3865143 ,  1.67983453,  0.30875049,
       -1.19488118, -0.60152528]), array([ 0.23540084,  0.66151411,  0.1012313 ,  0.12241799,  1.45873575,
        2.26261318,  1.13274687, -0.32275061,  1.63261118,  0.20298349,
       -1.19328357, -0.58236694]), array([ 0.24090282,  0.66020785,  0.10916747,  0.12293328,  1.45276669,
        2.25979364,  1.10039468, -0.26125325,  1.58723564,  0.10305945,
       -1.19381212, -0.5639069 ]), array([ 0.24624707,  0.65919786,  0.11688526,  0.12297878,  1.44678469,
        2.25706297,  1.0688497 , -0.20199763,  1.54355822,  0.00909883,
       -1.19640085, -0.54613518]), array([ 0.25143727,  0.65847308,  0.12439251,  0.12258443,  1.44078005,
        2.25441776,  1.03804181, -0.144956  ,  1.50144989, -0.07886867,
       -1.20092756, -0.52904068]), array([ 0.25647685,  0.65802259,  0.1316965 ,  0.12178001,  1.43474389,
        2.25185471,  1.00791491, -0.09009857,  1.46079778, -0.16088496,
       -1.20723194, -0.51261109]), array([ 0.26136897,  0.65783562,  0.13880401,  0.12059477,  1.42866825,
        2.24937054,  0.97842426, -0.03739436,  1.4215018 , -0.23704779,
       -1.21512911, -0.4968331 ]), array([ 0.26611664,  0.65790156,  0.14572137,  0.11905728,  1.42254615,
        2.24696208,  0.94953425,  0.0131882 ,  1.38347202, -0.3074978 ,
       -1.22441974, -0.48169244]), array([ 0.27072272,  0.65820996,  0.15245451,  0.11719524,  1.41637166,
        2.24462621,  0.92121657,  0.06168081,  1.34662674, -0.37240791,
       -1.23489752, -0.46717415]), array([ 0.27518997,  0.65875054,  0.15900896,  0.11503537,  1.41013989,
        2.2423599 ,  0.89344867,  0.10811501,  1.31089102, -0.4319746 ,
       -1.24635467, -0.45326267]), array([ 0.27952103,  0.65951315,  0.16538994,  0.11260331,  1.40384696,
        2.24016019,  0.86621248,  0.15252199,  1.27619549, -0.48641087,
       -1.25858591, -0.43994208]), array([ 0.2837185 ,  0.66048781,  0.17160232,  0.10992361,  1.39749   ,
        2.2380242 ,  0.83949337,  0.19493246,  1.24247561, -0.5359405 ,
       -1.27139141, -0.4271962 ]), array([ 0.28778489,  0.66166469,  0.17765067,  0.10701965,  1.39106711,
        2.23594916,  0.8132793 ,  0.2353766 ,  1.20967092, -0.58079335,
       -1.28457872, -0.41500877]), array([ 0.29172269,  0.66303411,  0.18353929,  0.10391364,  1.38457728,
        2.23393234,  0.78756004,  0.27388403,  1.17772464, -0.62120168,
       -1.29796423, -0.4033635 ]), array([ 0.29553433,  0.66458653,  0.18927221,  0.10062665,  1.37802041,
        2.23197112,  0.76232666,  0.31048383,  1.14658328, -0.65739713,
       -1.31137403, -0.39224422]), array([ 0.29922218,  0.66631255,  0.19485319,  0.09717861,  1.37139719,
        2.23006295,  0.73757102,  0.34520457,  1.11619632, -0.68960837,
       -1.32464447, -0.38163492]), array([ 0.30278861,  0.66820292,  0.20028577,  0.09358831,  1.36470908,
        2.22820535,  0.7132854 ,  0.37807436,  1.08651607, -0.71805921,
       -1.3376224 , -0.37151983]), array([ 0.30623592,  0.67024853,  0.20557326,  0.08987348,  1.35795825,
        2.22639593,  0.68946216,  0.40912092,  1.05749742, -0.74296721,
       -1.35016527, -0.36188342]), array([ 0.30956639,  0.67244039,  0.21071875,  0.08605076,  1.35114755,
        2.22463238,  0.66609357,  0.4383716 ,  1.02909779, -0.76454256,
       -1.36214101, -0.35271048]), array([ 0.31278225,  0.67476966,  0.21572513,  0.08213583,  1.34428041,
        2.22291245,  0.64317154,  0.46585351,  1.00127695, -0.78298731,
       -1.3734279 , -0.3439861 ]), array([ 0.31588568,  0.67722762,  0.22059512,  0.07814335,  1.33736084,
        2.22123397,  0.62068756,  0.49159352,  0.97399698, -0.79849475,
       -1.38391423, -0.33569571]), array([ 0.31887885,  0.67980571,  0.22533123,  0.07408711,  1.33039335,
        2.21959484,  0.59863254,  0.51561834,  0.94722215, -0.81124912,
       -1.39349806, -0.32782507]), array([ 0.32176383,  0.68249549,  0.22993582,  0.06997998,  1.32338291,
        2.21799304,  0.5769968 ,  0.53795459,  0.92091888, -0.82142532,
       -1.4020868 , -0.32036025]), array([ 0.32454268,  0.68528863,  0.2344111 ,  0.06583404,  1.31633493,
        2.21642661,  0.55576997,  0.55862882,  0.89505564, -0.82918887,
       -1.40959687, -0.31328768]), array([ 0.32721738,  0.68817697,  0.23875912,  0.06166056,  1.30925516,
        2.21489363,  0.53494101,  0.57766759,  0.86960292, -0.83469592,
       -1.41595327, -0.30659407]), array([ 0.32978988,  0.69115246,  0.24298178,  0.05747009,  1.30214972,
        2.2133923 ,  0.5144982 ,  0.59509746,  0.84453312, -0.83809334,
       -1.42108922, -0.30026649]), array([ 0.33226202,  0.69420718,  0.24708088,  0.0532725 ,  1.29502499,
        2.21192084,  0.49442917,  0.61094509,  0.81982053, -0.83951894,
       -1.42494571, -0.29429228]), array([ 0.33463563,  0.69733337,  0.25105809,  0.04907699,  1.28788763,
        2.21047755,  0.4747209 ,  0.62523718,  0.79544122, -0.83910166,
       -1.42747114, -0.2886591 ]), array([ 0.33691243,  0.70052337,  0.25491496,  0.04489218,  1.28074453,
        2.20906077,  0.45535979,  0.63800058,  0.77137302, -0.83696184,
       -1.42862092, -0.28335486]), array([ 0.33909408,  0.70376968,  0.25865293,  0.04072612,  1.27360274,
        2.20766893,  0.43633169,  0.64926224,  0.74759539, -0.83321159,
       -1.42835707, -0.2783678 ]), array([ 0.34118219,  0.70706493,  0.26227338,  0.03658635,  1.2664695 ,
        2.2063005 ,  0.41762193,  0.65904927,  0.7240894 , -0.82795503,
       -1.42664787, -0.27368639]), array([ 0.34317827,  0.71040187,  0.26577757,  0.0324799 ,  1.25935217,
        2.204954  ,  0.39921544,  0.6673889 ,  0.70083762, -0.82128871,
       -1.42346748, -0.26929939]), array([ 0.34508375,  0.71377342,  0.26916669,  0.02841339,  1.25225819,
        2.20362802,  0.38109674,  0.67430854,  0.6778241 , -0.81330195,
       -1.41879559, -0.2651958 ]), array([ 0.3469    ,  0.71717259,  0.27244186,  0.02439301,  1.2451951 ,
        2.2023212 ,  0.36325005,  0.67983573,  0.65503423, -0.80407722,
       -1.41261713, -0.2613649 ]), array([ 0.3486283 ,  0.72059259,  0.27560413,  0.02042455,  1.23817049,
        2.20103222,  0.34565934,  0.68399816,  0.63245469, -0.79369049,
       -1.40492188, -0.25779619]), array([ 0.35026984,  0.7240267 ,  0.2786545 ,  0.0165135 ,  1.23119197,
        2.19975982,  0.32830839,  0.68682367,  0.61007341, -0.78221163,
       -1.3957042 , -0.25447942]), array([ 0.35182575,  0.7274684 ,  0.2815939 ,  0.01266497,  1.22426716,
        2.1985028 ,  0.31118084,  0.68834022,  0.58787943, -0.76970478,
       -1.38496276, -0.25140458]), array([ 0.35329705,  0.73091128,  0.28442321,  0.00888383,  1.21740366,
        2.19725999,  0.29426029,  0.68857592,  0.5658629 , -0.75622867,
       -1.37270019, -0.24856191]), array([ 0.3546847 ,  0.73434908,  0.28714329,  0.00517464,  1.21060904,
        2.19603028,  0.27753034,  0.68755896,  0.54401492, -0.74183706,
       -1.3589229 , -0.24594186]), array([ 3.55989573e-01,  7.37775667e-01,  2.89754924e-01,  1.54174834e-03,
        1.20389084e+00,  2.19481260e+00,  2.60974638e-01,  6.85317656e-01,
        5.22327549e-01, -7.26579017e-01, -1.34364075e+00, -2.43535128e-01]), array([ 3.57212458e-01,  7.41185069e-01,  2.92258892e-01, -2.01074803e-03,
        1.19725650e+00,  2.19360594e+00,  2.44576975e-01,  6.81880410e-01,
        5.00793682e-01, -7.10499275e-01, -1.32686683e+00, -2.41332619e-01]), array([ 0.35835406,  0.74457145,  0.29465593, -0.00547894,  1.19071342,
        2.19240931,  0.22832131,  0.67727569,  0.479407  , -0.69363857,
       -1.30861728, -0.23932547]), array([ 0.35941502,  0.74792911,  0.29694674, -0.00885911,  1.18426886,
        2.19122179,  0.21219182,  0.67153203,  0.45816188, -0.67603394,
       -1.288911  , -0.23750505]), array([ 0.36039042,  0.75120973,  0.2990388 , -0.01212297,  1.17762824,
        2.19005615,  0.19507874,  0.65612538,  0.41841336, -0.6527717 ,
       -1.3281239 , -0.23312807])], 'U_history': [array([ 2.39505506e-03, -1.13320198e-04, -4.11909883e-04, -1.44503775e-03,
       -9.36926351e-04,  1.25272767e-18]), array([-0.01654791,  0.01803274, -0.00721456,  0.00198472,  0.19589573,
        0.01277785]), array([-0.03455335,  0.03714984, -0.00709919,  0.00512478,  0.35568694,
        0.020564  ]), array([-0.05166427,  0.056959  , -0.0018664 ,  0.00808898,  0.48568475,
        0.02544571]), array([-0.06792007,  0.07723256,  0.00708401,  0.01095422,  0.59169674,
        0.02860609]), array([-0.08335701,  0.09778624,  0.01866912,  0.013769  ,  0.67838165,
        0.03072256]), array([-0.09800888,  0.11847382,  0.03205723,  0.01656098,  0.7494815 ,
        0.03218827]), array([-0.11190824,  0.13918318,  0.04661622,  0.0193436 ,  0.80800648,
        0.03323545]), array([-0.12508845,  0.15983231,  0.06187222,  0.0221217 ,  0.85638195,
        0.0340043 ]), array([-0.13758547,  0.18036415,  0.0774755 ,  0.02489589,  0.89656433,
        0.03458181]), array([-0.14943875,  0.20074006,  0.09317181,  0.02766533,  0.93013232,
        0.03502359]), array([-0.16069026,  0.22093361,  0.10877897,  0.03042871,  0.95835889,
        0.03536641]), array([-0.17138251,  0.24092611,  0.12416857,  0.03318417,  0.98226934,
        0.03563541]), array([-0.1815566 ,  0.26070422,  0.13925258,  0.035929  ,  1.00268876,
        0.03584832]), array([-0.191251  ,  0.28025894,  0.15397348,  0.03865962,  1.02028105,
        0.03601801]), array([-0.20050111,  0.29958527,  0.16829698,  0.0413718 ,  1.03558059,
        0.03615402]), array([-0.20933932,  0.31868178,  0.1822064 ,  0.04406105,  1.04901784,
        0.03626356]), array([-0.2177952 ,  0.33755035,  0.19569821,  0.04672292,  1.06093992,
        0.03635216]), array([-0.2258959 ,  0.35619565,  0.20877861,  0.04935331,  1.07162696,
        0.03642411]), array([-0.23366634,  0.37462482,  0.2214608 ,  0.05194859,  1.08130533,
        0.03648277]), array([-0.23887416,  0.39050325,  0.23204664,  0.05310621,  1.08859602,
        0.03653078]), array([-0.24586409,  0.40825512,  0.24382585,  0.05562239,  1.09678377,
        0.03655998]), array([-0.25258106,  0.42582133,  0.25527148,  0.05808049,  1.10439675,
        0.03658686]), array([-0.25904462,  0.44321523,  0.26640742,  0.06048258,  1.11153634,
        0.03661057]), array([-0.2652729 ,  0.46045072,  0.27725795,  0.06283056,  1.11828469,
        0.03663101]), array([-0.27128274,  0.47754206,  0.28784712,  0.06512627,  1.12470845,
        0.0366484 ]), array([-0.27708981,  0.49450362,  0.29819835,  0.06737152,  1.13086164,
        0.03666312]), array([-0.28270873,  0.51134974,  0.30833419,  0.06956812,  1.13678814,
        0.03667556]), array([-0.28815311,  0.52809449,  0.31827602,  0.07171788,  1.14252354,
        0.03668608]), array([-0.29343561,  0.5447516 ,  0.32804398,  0.07382259,  1.14809669,
        0.03669503]), array([-0.29856806,  0.56133425,  0.33765686,  0.07588403,  1.15353094,
        0.0367027 ]), array([-0.30356146,  0.57785503,  0.34713204,  0.07790396,  1.15884516,
        0.03670933]), array([-0.30842603,  0.59432579,  0.35648547,  0.07988408,  1.16405451,
        0.03671514]), array([-0.31317124,  0.61075757,  0.3657317 ,  0.08182605,  1.16917112,
        0.0367203 ]), array([-0.3178059 ,  0.62716051,  0.37488386,  0.08373143,  1.17420461,
        0.03672496]), array([-0.32233811,  0.64354384,  0.38395372,  0.08560172,  1.17916253,
        0.03672925]), array([-0.32677536,  0.65991576,  0.39295171,  0.08743832,  1.18405069,
        0.03673325]), array([-0.33112452,  0.67628345,  0.40188696,  0.08924252,  1.18887344,
        0.03673706]), array([-0.33539185,  0.692653  ,  0.41076737,  0.09101551,  1.19363393,
        0.03674075]), array([-0.33958307,  0.70902942,  0.41959964,  0.09275835,  1.19833429,
        0.03674436]), array([-0.33092555,  0.71749558,  0.42260668,  0.08672368,  1.19774548,
        0.03674795]), array([-0.33462301,  0.73355872,  0.43122953,  0.08882807,  1.20276907,
        0.03669975]), array([-0.33827798,  0.74965396,  0.43983276,  0.09081884,  1.20764118,
        0.03667798]), array([-0.34189144,  0.76578089,  0.44841539,  0.09271254,  1.21238046,
        0.0366701 ]), array([-0.34546446,  0.78193816,  0.45697638,  0.09452272,  1.21700123,
        0.03666932]), array([-0.34899819,  0.79812349,  0.46551449,  0.09626044,  1.22151424,
        0.036672  ]), array([-0.35249371,  0.81433366,  0.47402819,  0.09793474,  1.22592748,
        0.03667623]), array([-0.35595202,  0.83056449,  0.48251557,  0.09955296,  1.23024662,
        0.03668101]), array([-0.359374  ,  0.84681086,  0.49097425,  0.10112107,  1.23447554,
        0.03668585]), array([-0.36276036,  0.86306672,  0.49940142,  0.10264389,  1.23861667,
        0.03669052]), array([-0.36611161,  0.87932515,  0.50779373,  0.10412526,  1.24267122,
        0.0366949 ]), array([-0.3694281 ,  0.8955783 ,  0.51614739,  0.10556822,  1.24663949,
        0.03669897]), array([-0.37270995,  0.9118175 ,  0.5244581 ,  0.10697515,  1.25052099,
        0.0367027 ]), array([-0.3759571 ,  0.92803328,  0.53272111,  0.10834787,  1.25431464,
        0.0367061 ]), array([-0.37916925,  0.94421539,  0.5409312 ,  0.10968774,  1.25801888,
        0.03670916]), array([-0.38234593,  0.96035283,  0.54908275,  0.11099571,  1.26163176,
        0.03671187]), array([-0.38548646,  0.97643396,  0.55716977,  0.11227241,  1.26515105,
        0.03671422]), array([-0.38858998,  0.99244648,  0.56518589,  0.11351819,  1.2685743 ,
        0.03671619]), array([-0.39165544,  1.00837754,  0.57312443,  0.11473319,  1.27189889,
        0.03671774]), array([-0.39468165,  1.02421376,  0.58097842,  0.11591733,  1.27512209,
        0.03671885]), array([-0.43879929,  1.10298764,  0.63447223,  0.14245945,  1.31941816,
        0.03671947]), array([-0.44206537,  1.11953914,  0.6419173 ,  0.1417021 ,  1.3179836 ,
        0.03700413]), array([-0.44520636,  1.13578588,  0.64913883,  0.14123535,  1.31726665,
        0.03713725]), array([-0.44823296,  1.15172819,  0.65616068,  0.14099733,  1.31709674,
        0.03719084]), array([-0.45115339,  1.16736399,  0.66299865,  0.14093787,  1.31733749,
        0.03720373]), array([-0.45397393,  1.18268918,  0.66966238,  0.14101615,  1.31787966,
        0.0371966 ]), array([-0.45669928,  1.19769805,  0.67615674,  0.14119888,  1.31863572,
        0.03718028]), array([-0.45933283,  1.21238359,  0.68248309,  0.14145886,  1.31953542,
        0.03716027]), array([-0.46187699,  1.22673772,  0.6886401 ,  0.14177385,  1.32052232,
        0.03713922]), array([-0.46433331,  1.24075163,  0.6946245 ,  0.14212561,  1.32155108,
        0.03711825]), array([-0.46670273,  1.25441589,  0.70043168,  0.14249922,  1.32258523,
        0.03709775]), array([-0.46898566,  1.26772071,  0.70605606,  0.1428824 ,  1.32359544,
        0.03707769]), array([-0.47118216,  1.28065607,  0.7114915 ,  0.1432651 ,  1.32455815,
        0.0370579 ]), array([-0.47329195,  1.29321188,  0.71673155,  0.14363909,  1.32545441,
        0.03703814]), array([-0.4753146 ,  1.30537809,  0.72176967,  0.14399759,  1.32626907,
        0.03701815]), array([-0.47724949,  1.31714481,  0.72659937,  0.14433508,  1.32699001,
        0.0369977 ]), array([-0.47909594,  1.32850245,  0.73121438,  0.14464705,  1.32760761,
        0.03697657]), array([-0.48085322,  1.33944173,  0.73560874,  0.14492983,  1.3281143 ,
        0.03695457]), array([-0.48252061,  1.34995382,  0.73977684,  0.14518045,  1.32850421,
        0.03693157]), array([-0.48409739,  1.3600304 ,  0.74371354,  0.14539657,  1.32877285,
        0.03690741]), array([-0.47998242,  1.32648362,  0.71637878,  0.14157512,  1.30135729,
        0.03688201]), array([-0.48139598,  1.33547676,  0.7203045 ,  0.14206725,  1.30457636,
        0.03672699]), array([-0.48273266,  1.34413376,  0.72406372,  0.14245763,  1.30708949,
        0.03664011]), array([-0.48398955,  1.3524351 ,  0.72763012,  0.14275927,  1.30901227,
        0.03658796]), array([-0.48516436,  1.36036392,  0.73098366,  0.14298237,  1.31043713,
        0.03655255]), array([-0.48625532,  1.36790573,  0.73410933,  0.14313501,  1.31143816,
        0.03652431]), array([-0.48726109,  1.37504815,  0.73699608,  0.14322363,  1.31207491,
        0.03649824]), array([-0.48818071,  1.38178072,  0.73963602,  0.14325343,  1.31239538,
        0.03647181]), array([-0.48901354,  1.38809472,  0.7420238 ,  0.14322866,  1.31243847,
        0.03644381]), array([-0.48975925,  1.39398304,  0.74415613,  0.14315284,  1.31223581,
        0.03641371]), array([-0.49041773,  1.39944003,  0.74603135,  0.14302891,  1.31181331,
        0.03638135]), array([-0.49098915,  1.40446142,  0.74764918,  0.14285941,  1.31119234,
        0.03634674]), array([-0.49147386,  1.40904425,  0.74901043,  0.14264653,  1.31039067,
        0.03630997]), array([-0.49187241,  1.41318674,  0.75011687,  0.14239222,  1.30942323,
        0.03627115]), array([-0.49218554,  1.41688825,  0.75097104,  0.14209826,  1.30830272,
        0.03623041]), array([-0.49241415,  1.42014925,  0.75157615,  0.14176627,  1.30704004,
        0.03618788]), array([-0.49255929,  1.4229712 ,  0.75193598,  0.14139781,  1.30564472,
        0.03614367]), array([-0.49262217,  1.42535654,  0.75205481,  0.14099433,  1.30412518,
        0.0360979 ]), array([-0.49260412,  1.42730865,  0.7519374 ,  0.14055726,  1.30248898,
        0.03605066]), array([-0.4925066 ,  1.42883176,  0.75158886,  0.14008799,  1.30074299,
        0.03600205]), array([-0.49233121,  1.42993095,  0.75101469,  0.13958788,  1.29889357,
        0.03595215]), array([-0.49207962,  1.43061208,  0.75022068,  0.1390583 ,  1.29694662,
        0.03590106]), array([-0.49175364,  1.43088175,  0.74921295,  0.1385006 ,  1.29490773,
        0.03584884]), array([-0.49135514,  1.43074729,  0.74799787,  0.13791613,  1.29278225,
        0.03579559]), array([-0.49088611,  1.43021666,  0.74658203,  0.13730625,  1.29057528,
        0.03574137]), array([-0.4903486 ,  1.42929847,  0.74497227,  0.13667232,  1.28829179,
        0.03568627]), array([-0.48974475,  1.42800192,  0.74317561,  0.13601568,  1.28593657,
        0.03563035]), array([-0.48907673,  1.42633672,  0.74119927,  0.1353377 ,  1.28351435,
        0.03557369]), array([-0.48834681,  1.42431312,  0.73905061,  0.13463975,  1.28102971,
        0.03551637]), array([-0.48755729,  1.42194181,  0.73673714,  0.13392319,  1.27848719,
        0.03545845]), array([-0.48671051,  1.41923394,  0.7342665 ,  0.13318936,  1.27589122,
        0.03540001]), array([-0.48580888,  1.41620101,  0.7316464 ,  0.13243963,  1.27324619,
        0.03534112]), array([-0.4848548 ,  1.41285489,  0.72888469,  0.13167533,  1.27055639,
        0.03528185]), array([-0.48385072,  1.40920776,  0.72598924,  0.1308978 ,  1.26782607,
        0.03522227]), array([-0.48279911,  1.40527209,  0.72296799,  0.13010837,  1.26505939,
        0.03516246]), array([-0.48170244,  1.40106055,  0.71982891,  0.12930834,  1.26226045,
        0.03510247]), array([-0.48056321,  1.39658604,  0.71657999,  0.128499  ,  1.25943328,
        0.03504239]), array([-0.4793839 ,  1.39186163,  0.71322922,  0.12768163,  1.25658184,
        0.03498227]), array([-0.47816699,  1.38690051,  0.70978456,  0.12685747,  1.25371   ,
        0.03492218]), array([-0.47691497,  1.38171596,  0.70625395,  0.12602776,  1.25082156,
        0.03486218]), array([-0.4756303 ,  1.37632135,  0.70264527,  0.1251937 ,  1.24792024,
        0.03480234]), array([-0.47431542,  1.37073007,  0.69896635,  0.12435645,  1.24500965,
        0.03474273]), array([-0.47297275,  1.36495549,  0.69522491,  0.12351718,  1.24209334,
        0.03468339]), array([-0.4716047 ,  1.359011  ,  0.69142862,  0.12267699,  1.23917475,
        0.03462438]), array([-0.47021363,  1.3529099 ,  0.68758501,  0.12183697,  1.23625721,
        0.03456577]), array([-0.46880186,  1.34666541,  0.6837015 ,  0.12099818,  1.23334398,
        0.0345076 ]), array([-0.46737169,  1.34029066,  0.6797854 ,  0.12016162,  1.2304382 ,
        0.03444993]), array([-0.46592537,  1.33379863,  0.67584384,  0.11932828,  1.22754291,
        0.03439281]), array([-0.4644651 ,  1.32720213,  0.67188384,  0.11849912,  1.22466105,
        0.03433629]), array([-0.46299305,  1.32051382,  0.66791222,  0.11767502,  1.22179544,
        0.0342804 ]), array([-0.46151132,  1.31374615,  0.66393565,  0.11685688,  1.21894879,
        0.0342252 ]), array([-0.46002196,  1.30691133,  0.65996062,  0.11604552,  1.21612372,
        0.03417072]), array([-0.45852698,  1.30002135,  0.65599343,  0.11524174,  1.21332272,
        0.034117  ]), array([-0.45702832,  1.29308795,  0.65204017,  0.11444629,  1.21054817,
        0.03406408]), array([-0.45552786,  1.28612257,  0.64810677,  0.1136599 ,  1.20780235,
        0.034012  ]), array([-0.45402744,  1.2791364 ,  0.64419892,  0.11288324,  1.20508741,
        0.03396078]), array([-0.45252882,  1.2721403 ,  0.6403221 ,  0.11211695,  1.2024054 ,
        0.03391045]), array([-0.45103369,  1.26514484,  0.63648161,  0.11136164,  1.19975827,
        0.03386104]), array([-0.44954371,  1.25816027,  0.63268249,  0.11061786,  1.19714782,
        0.03381258]), array([-0.44806045,  1.25119649,  0.6289296 ,  0.10988615,  1.19457579,
        0.03376509]), array([-0.44658542,  1.24426308,  0.62522755,  0.109167  ,  1.19204377,
        0.03371858]), array([-0.44512006,  1.23736928,  0.62158074,  0.10846084,  1.18955327,
        0.03367308]), array([-0.44366577,  1.23052395,  0.61799335,  0.10776811,  1.18710567,
        0.0336286 ]), array([-0.44222386,  1.22373563,  0.61446933,  0.10708918,  1.18470227,
        0.03358516]), array([-0.44079559,  1.21701249,  0.61101242,  0.10642438,  1.18234424,
        0.03354277]), array([-0.43938215,  1.21036232,  0.60762612,  0.10577404,  1.18003269,
        0.03350143]), array([-0.43798467,  1.20379257,  0.60431372,  0.10513843,  1.17776858,
        0.03346116]), array([-0.4366042 ,  1.19731032,  0.6010783 ,  0.10451779,  1.17555281,
        0.03342197]), array([-0.43524176,  1.19092228,  0.59792271,  0.10391234,  1.17338618,
        0.03338385]), array([-0.43389828,  1.18463482,  0.59484959,  0.10332225,  1.17126939,
        0.03334681]), array([-0.43257464,  1.17845393,  0.59186139,  0.10274767,  1.16920305,
        0.03331085]), array([-0.43127166,  1.17238525,  0.58896033,  0.10218873,  1.16718769,
        0.03327596]), array([-0.42999009,  1.16643405,  0.58614844,  0.10164552,  1.16522375,
        0.03324216]), array([-0.42873065,  1.16060529,  0.58342755,  0.10111812,  1.16331159,
        0.03320943]), array([-0.42749398,  1.15490356,  0.58079929,  0.10060655,  1.1614515 ,
        0.03317777]), array([-0.42628067,  1.14933309,  0.57826512,  0.10011084,  1.15964368,
        0.03314717]), array([-0.42509124,  1.14389783,  0.5758263 ,  0.09963098,  1.15788826,
        0.03311763]), array([-0.4239262 ,  1.13860135,  0.57348391,  0.09916694,  1.15618531,
        0.03308914]), array([-0.42278596,  1.13344694,  0.57123888,  0.09871866,  1.15453483,
        0.03306168]), array([-0.42167092,  1.12843755,  0.56909193,  0.09828609,  1.15293673,
        0.03303525]), array([ 51.04442591,  60.        ,  30.        ,  10.        ,
        10.        , -10.        ]), array([ 13.76335951, -60.        ,   7.75973326, -10.        ,
        10.        ,  10.        ]), array([  5.42128651,  60.        ,  12.28786448,  10.        ,
        10.        , -10.        ]), array([ 1.37693103e+00, -6.00000000e+01, -7.24161398e+00,  1.00000000e+01,
       -3.19322408e-04,  1.00000000e+01]), array([  1.36567075, -60.        ,   3.53688605, -10.        ,
         2.64563592, -10.        ]), array([ 0.11668626, 60.        , 14.87502603, 10.        ,  6.96894806,
       10.        ]), array([  0.94931487,  60.        ,  -2.73968683, -10.        ,
        -0.16924792, -10.        ]), array([  0.82976699, -60.        ,  -7.48294803,  10.        ,
        -2.26519955, -10.        ]), array([ -2.78813322,  60.        ,  10.96420682, -10.        ,
         5.84556923,  10.        ]), array([  1.25982484, -60.        ,  -3.51126195,  10.        ,
        -0.87898121, -10.        ]), array([ -1.51461494,  60.        ,  10.84673829, -10.        ,
         5.49878801,  10.        ]), array([  0.32647426, -60.        ,  -8.87442445, -10.        ,
        -2.77799476,  10.        ]), array([  4.33171588, -60.        ,  12.74860715,  10.        ,
         5.25287655, -10.        ]), array([ -2.27448993,  60.        ,  10.54834927, -10.        ,
         5.58818844,  10.        ]), array([  5.37373055, -60.        ,  -4.04845735, -10.        ,
        -1.07913707, -10.        ]), array([  1.48247458,  60.        ,   9.95776716, -10.        ,
         4.84140456,  10.        ]), array([ 7.42812386, 60.        ,  0.54913632, 10.        ,  0.85342366,
       10.        ]), array([  8.6050988 , -60.        ,  -9.93546756, -10.        ,
        -2.90519305, -10.        ]), array([  5.95674383, -60.        ,   8.00384315,  10.        ,
         3.90025402,  10.        ]), array([  7.97989109,  60.        ,  13.03525026, -10.        ,
         5.74326257, -10.        ]), array([ 36., -36.,  18.,  -6.,   6.,  -6.]), array([ 12., -12.,   6.,   2.,   2.,   2.]), array([ 0.,  0.,  0., -0.,  0.,  0.]), array([ 12., -12.,   6.,  -2.,   2.,  -2.]), array([ 0., -0.,  0., -0.,  0., -0.]), array([24., 24., 12.,  4.,  4.,  4.]), array([ 12., -12.,   6.,   2.,   2.,  -2.]), array([ 12., -12.,   6.,   2.,   2.,   2.]), array([ 12., -12.,   6.,   2.,   2.,   2.]), array([ 12., -12.,   6.,   2.,   2.,  -2.]), array([ 12., -12.,   6.,   2.,   2.,  -2.]), array([ 12., -12.,   6.,  -2.,   2.,  -2.]), array([-1.58469635e+01, -1.09344179e+01, -1.02872168e+01,  1.00000000e+01,
       -1.00000000e+01, -9.19304567e-15]), array([-1.13412372e+01, -8.01348564e+00, -7.95900044e+00,  7.34311851e+00,
       -8.41306154e+00,  6.08497564e-16]), array([-8.40031704e+00, -4.50531317e+00, -5.02472382e+00,  5.46608216e+00,
       -5.74378732e+00, -3.19798426e-15]), array([-6.04938230e+00, -1.86998421e+00, -2.81392961e+00,  3.94213853e+00,
       -3.75088188e+00, -7.77889862e-16]), array([-4.17423795e+00,  1.15876160e-01, -1.14937046e+00,  2.70857845e+00,
       -2.26962743e+00, -1.05305620e-15]), array([-2.68344424e+00,  1.61380783e+00,  1.01281380e-01,  1.71400043e+00,
       -1.17461023e+00, -1.29112074e-16]), array([-1.50351327e+00,  2.74218125e+00,  1.03738729e+00,  9.16148905e-01,
       -3.70626283e-01, -1.55440628e-16]), array([-5.75176386e-01,  3.58877424e+00,  1.73392820e+00,  2.80195169e-01,
        2.14459840e-01,  1.89084418e-17]), array([ 1.49515352e-01,  4.21936997e+00,  2.24773132e+00, -2.22627817e-01,
        6.35239446e-01,  3.44777249e-17]), array([ 7.09453053e-01,  4.68372415e+00,  2.62202560e+00, -6.16115169e-01,
        9.32993705e-01,  3.16111689e-16]), array([ 1.13624535e+00,  5.01976851e+00,  2.88980033e+00, -9.19966613e-01,
        1.13891993e+00,  3.34790057e-16]), array([ 1.45562131e+00,  5.25661447e+00,  3.07629845e+00, -1.15049721e+00,
        1.27658138e+00,  2.70153468e-16]), array([ 1.68854629e+00,  5.41672814e+00,  3.20087864e+00, -1.32121787e+00,
        1.36376377e+00,  8.42314137e-16]), array([ 1.85211468e+00,  5.51752498e+00,  3.27841331e+00, -1.44331241e+00,
        1.41388069e+00,  5.74507027e-19]), array([ 1.96026801e+00,  5.57255190e+00,  3.32034326e+00, -1.52603151e+00,
        1.43703710e+00,  3.51564291e-16]), array([ 2.02437490e+00,  5.59237258e+00,  3.33547652e+00, -1.57701912e+00,
        1.44083417e+00,  4.43525567e-16]), array([ 2.05370132e+00,  5.58523671e+00,  3.33059588e+00, -1.60258364e+00,
        1.43097830e+00,  6.83673819e-16]), array([ 2.05579302e+00,  5.55758996e+00,  3.31092253e+00, -1.60792357e+00,
        1.41174223e+00,  7.29170320e-16]), array([ 2.03678722e+00,  5.51446568e+00,  3.28047101e+00, -1.59731541e+00,
        1.38631430e+00,  5.89452792e-16]), array([ 2.00166718e+00,  5.45978764e+00,  3.24232191e+00, -1.57427020e+00,
        1.35706289e+00,  4.45351479e-16]), array([ 1.95447048e+00,  5.39660566e+00,  3.19883182e+00, -1.54166392e+00,
        1.32573693e+00,  2.10831421e-16]), array([ 1.89845943e+00,  5.32727980e+00,  3.15179556e+00, -1.50184617e+00,
        1.29361769e+00,  5.78130989e-16]), array([ 1.83626092e+00,  5.25362523e+00,  3.10257181e+00, -1.45673052e+00,
        1.26163392e+00,  5.67788322e-16]), array([ 1.76998093e+00,  5.17702651e+00,  3.05218058e+00, -1.40786973e+00,
        1.23044903e+00,  6.07776270e-16]), array([ 1.70129856e+00,  5.09852824e+00,  3.00137909e+00, -1.35651832e+00,
        1.20052716e+00,  7.26675498e-16]), array([ 1.63154321e+00,  5.01890706e+00,  2.95072088e+00, -1.30368444e+00,
        1.17218318e+00,  7.69196349e-16]), array([ 1.56175788e+00,  4.93872902e+00,  2.90060203e+00, -1.25017301e+00,
        1.14562060e+00,  2.53500401e-16]), array([ 1.49275117e+00,  4.85839543e+00,  2.85129722e+00, -1.19662142e+00,
        1.12096014e+00,  1.89396695e-16]), array([ 1.42513998e+00,  4.77817947e+00,  2.80298805e+00, -1.14352920e+00,
        1.09826146e+00,  1.79029260e-16]), array([ 1.35938458e+00,  4.69825548e+00,  2.75578519e+00, -1.09128249e+00,
        1.07753943e+00, -5.88543854e-17]), array([ 1.29581741e+00,  4.61872241e+00,  2.70974573e+00, -1.04017442e+00,
        1.05877650e+00,  2.77986266e-16]), array([ 1.23466673e+00,  4.53962250e+00,  2.66488679e+00, -9.90421832e-01,
        1.04193195e+00,  9.37827311e-16]), array([ 1.17607617e+00,  4.46095619e+00,  2.62119620e+00, -9.42179247e-01,
        1.02694891e+00,  7.23284631e-16]), array([ 1.12012067e+00,  4.38269398e+00,  2.57864079e+00, -8.95550318e-01,
        1.01375955e+00,  2.02368421e-16]), array([ 1.06681970e+00,  4.30478574e+00,  2.53717286e+00, -8.50597358e-01,
        1.00228902e+00,  6.07457272e-16]), array([ 1.01614815e+00,  4.22716808e+00,  2.49673526e+00, -8.07349201e-01,
        9.92458367e-01,  2.36145840e-16]), array([ 9.68045319e-01,  4.14977007e+00,  2.45726521e+00, -7.65807712e-01,
        9.84186697e-01,  1.99160347e-16]), array([ 9.22422286e-01,  4.07251764e+00,  2.41869732e+00, -7.25953178e-01,
        9.77392767e-01,  6.30867549e-16]), array([ 8.79168094e-01,  3.99533689e+00,  2.38096575e+00, -6.87748774e-01,
        9.71996158e-01,  9.27518214e-17]), array([ 8.38154825e-01,  3.91815658e+00,  2.34400597e+00, -6.51144263e-01,
        9.67918122e-01,  2.77263689e-16]), array([ 7.99241826e-01,  3.84090990e+00,  2.30775587e+00, -6.16079063e-01,
        9.65082180e-01,  2.42872401e-16]), array([ 7.62279229e-01,  3.76353568e+00,  2.27215670e+00, -5.82484802e-01,
        9.63414540e-01, -1.34054415e-16]), array([ 7.27110874e-01,  3.68597921e+00,  2.23715358e+00, -5.50287424e-01,
        9.62844377e-01,  8.47196401e-17]), array([ 6.93576752e-01,  3.60819261e+00,  2.20269586e+00, -5.19408950e-01,
        9.63304004e-01, -9.14666888e-17]), array([ 6.61515044e-01,  3.53013502e+00,  2.16873732e+00, -4.89768933e-01,
        9.64728971e-01,  4.20994917e-16]), array([ 6.30763821e-01,  3.45177256e+00,  2.13523614e+00, -4.61285664e-01,
        9.67058099e-01,  3.43583938e-16]), array([ 6.01162467e-01,  3.37307806e+00,  2.10215489e+00, -4.33877173e-01,
        9.70233469e-01,  2.44162496e-16]), array([ 5.72552860e-01,  3.29403081e+00,  2.06946037e+00, -4.07462051e-01,
        9.74200383e-01, -1.05086493e-16]), array([ 5.44780364e-01,  3.21461605e+00,  2.03712342e+00, -3.81960127e-01,
        9.78907297e-01,  1.40334303e-16]), array([ 5.17694642e-01,  3.13482458e+00,  2.00511863e+00, -3.57293020e-01,
        9.84305730e-01,  1.12605799e-17]), array([ 4.91150339e-01,  3.05465222e+00,  1.97342413e+00, -3.33384585e-01,
        9.90350168e-01,  3.89145404e-17]), array([ 4.65007630e-01,  2.97409933e+00,  1.94202126e+00, -3.10161271e-01,
        9.96997951e-01,  1.41535792e-16]), array([ 4.39132675e-01,  2.89317023e+00,  1.91089433e+00, -2.87552396e-01,
        1.00420916e+00,  1.21512542e-16]), array([ 4.13397978e-01,  2.81187276e+00,  1.88003024e+00, -2.65490363e-01,
        1.01194647e+00,  1.54906673e-17]), array([ 3.87682673e-01,  2.73021777e+00,  1.84941827e+00, -2.43910818e-01,
        1.02017508e+00, -4.16800335e-17]), array([ 3.61872738e-01,  2.64821868e+00,  1.81904973e+00, -2.22752756e-01,
        1.02886253e+00,  1.28333125e-16]), array([ 3.35861159e-01,  2.56589103e+00,  1.78891772e+00, -2.01958587e-01,
        1.03797857e+00, -1.34685189e-16]), array([ 3.09548036e-01,  2.48325209e+00,  1.75901688e+00, -1.81474168e-01,
        1.04749509e+00, -8.86934763e-17]), array([ 2.82840651e-01,  2.40032054e+00,  1.72934308e+00, -1.61248799e-01,
        1.05738594e+00, -2.46897970e-17]), array([ 2.55653494e-01,  2.31711610e+00,  1.69989325e+00, -1.41235197e-01,
        1.06762682e+00,  3.36706552e-17]), array([ 2.27908257e-01,  2.23365931e+00,  1.67066514e+00, -1.21389443e-01,
        1.07819515e+00, -1.56684964e-16]), array([0., 0., 0., 0., 0., 0.])], 'ball_pos_history': [array([-3.58848986, -7.98893097,  1.46785858]), array([-3.57262145, -7.94682166,  1.45457434]), array([-3.55675305, -7.90471236,  1.44104485]), array([-3.54088464, -7.86260305,  1.4272701 ]), array([-3.52501623, -7.82049374,  1.41325011]), array([-3.50914782, -7.77838444,  1.39898487]), array([-3.49327942, -7.73627513,  1.38447438]), array([-3.47741101, -7.69416583,  1.36971863]), array([-3.4615426 , -7.65205652,  1.35471764]), array([-3.4456742 , -7.60994721,  1.3394714 ]), array([-3.42980579, -7.56783791,  1.32397991]), array([-3.41393738, -7.5257286 ,  1.30824316]), array([-3.39806898, -7.4836193 ,  1.29226117]), array([-3.38220057, -7.44150999,  1.27603393]), array([-3.36633216, -7.39940068,  1.25956144]), array([-3.35046375, -7.35729138,  1.24284369]), array([-3.33459535, -7.31518207,  1.2258807 ]), array([-3.31872694, -7.27307277,  1.20867246]), array([-3.30285853, -7.23096346,  1.19121896]), array([-3.28699013, -7.18885415,  1.17352022]), array([-3.27112172, -7.14674485,  1.15557623]), array([-3.25525331, -7.10463554,  1.13738699]), array([-3.2393849 , -7.06252624,  1.11895249]), array([-3.2235165 , -7.02041693,  1.10027275]), array([-3.20764809, -6.97830762,  1.08134776]), array([-3.19177968, -6.93619832,  1.06217752]), array([-3.17591128, -6.89408901,  1.04276202]), array([-3.16004287, -6.85197971,  1.02310128]), array([-3.14417446, -6.8098704 ,  1.00319529]), array([-3.12830605, -6.76776109,  0.98304405]), array([-3.11243765, -6.72565179,  0.96264755]), array([-3.09656924, -6.68354248,  0.94200581]), array([-3.08070083, -6.64143318,  0.92111882]), array([-3.06483243, -6.59932387,  0.89998658]), array([-3.04896402, -6.55721456,  0.87860908]), array([-3.03309561, -6.51510526,  0.85698634]), array([-3.0172272 , -6.47299595,  0.83511835]), array([-3.0013588 , -6.43088664,  0.81300511]), array([-2.98549039, -6.38877734,  0.79064661]), array([-2.96962198, -6.34666803,  0.76804287]), array([-2.95375358, -6.30455873,  0.74519388]), array([-2.93788517, -6.26244942,  0.72209964]), array([-2.92201676, -6.22034011,  0.69876014]), array([-2.90614836, -6.17823081,  0.6751754 ]), array([-2.89027995, -6.1361215 ,  0.65134541]), array([-2.87441154, -6.0940122 ,  0.62727017]), array([-2.85854313, -6.05190289,  0.60294967]), array([-2.84267473, -6.00979358,  0.57838393]), array([-2.82680632, -5.96768428,  0.55357294]), array([-2.81093791, -5.92557497,  0.5285167 ]), array([-2.79506951, -5.88346567,  0.5032152 ]), array([-2.7792011 , -5.84135636,  0.47766846]), array([-2.76333269, -5.79924705,  0.45187647]), array([-2.74746428, -5.75713775,  0.42583923]), array([-2.73159588, -5.71502844,  0.39955673]), array([-2.71572747, -5.67291914,  0.37302899]), array([-2.69985906, -5.63080983,  0.346256  ]), array([-2.68399066, -5.58870052,  0.31923776]), array([-2.66812225, -5.54659122,  0.29197426]), array([-2.65225384, -5.50448191,  0.26446552]), array([-2.63638543, -5.46237261,  0.23671153]), array([-2.62051703, -5.4202633 ,  0.20871229]), array([-2.60464862, -5.37815399,  0.18046779]), array([-2.58878021, -5.33604469,  0.15197805]), array([-2.57291181, -5.29393538,  0.12324306]), array([-2.5570434 , -5.25182608,  0.09426282]), array([-2.54117499, -5.20971677,  0.06503732]), array([-2.52530658, -5.16760746,  0.03556658]), array([-2.50943818, -5.12549816,  0.033     ]), array([-2.49436319, -5.08549432,  0.05504174]), array([-2.4792882 , -5.04549048,  0.07683824]), array([-2.46421322, -5.00548664,  0.09838948]), array([-2.44913823, -4.96548279,  0.11969548]), array([-2.43406324, -4.92547895,  0.14075622]), array([-2.41898826, -4.88547511,  0.16157172]), array([-2.40391327, -4.84547127,  0.18214196]), array([-2.38883828, -4.80546743,  0.20246696]), array([-2.3737633 , -4.76546359,  0.2225467 ]), array([-2.35868831, -4.72545975,  0.24238119]), array([-2.34361332, -4.68545591,  0.26197044]), array([-2.32853834, -4.64545207,  0.28131443]), array([-2.31346335, -4.60544823,  0.30041318]), array([-2.29838836, -4.56544439,  0.31926667]), array([-2.28331338, -4.52544055,  0.33787492]), array([-2.26823839, -4.48543671,  0.35623791]), array([-2.2531634 , -4.44543286,  0.37435565]), array([-2.23808842, -4.40542902,  0.39222815]), array([-2.22301343, -4.36542518,  0.40985539]), array([-2.20793844, -4.32542134,  0.42723739]), array([-2.19286346, -4.2854175 ,  0.44437413]), array([-2.17778847, -4.24541366,  0.46126563]), array([-2.16271348, -4.20540982,  0.47791187]), array([-2.1476385 , -4.16540598,  0.49431287]), array([-2.13256351, -4.12540214,  0.51046861]), array([-2.11748852, -4.0853983 ,  0.5263791 ]), array([-2.10241354, -4.04539446,  0.54204435]), array([-2.08733855, -4.00539062,  0.55746434]), array([-2.07226356, -3.96538678,  0.57263909]), array([-2.05718858, -3.92538293,  0.58756858]), array([-2.04211359, -3.88537909,  0.60225283]), array([-2.0270386 , -3.84537525,  0.61669182]), array([-2.01196362, -3.80537141,  0.63088557]), array([-1.99688863, -3.76536757,  0.64483406]), array([-1.98181364, -3.72536373,  0.6585373 ]), array([-1.96673866, -3.68535989,  0.6719953 ]), array([-1.95166367, -3.64535605,  0.68520804]), array([-1.93658868, -3.60535221,  0.69817554]), array([-1.9215137 , -3.56534837,  0.71089778]), array([-1.90643871, -3.52534453,  0.72337478]), array([-1.89136372, -3.48534069,  0.73560652]), array([-1.87628873, -3.44533685,  0.74759302]), array([-1.86121375, -3.405333  ,  0.75933426]), array([-1.84613876, -3.36532916,  0.77083025]), array([-1.83106377, -3.32532532,  0.782081  ]), array([-1.81598879, -3.28532148,  0.79308649]), array([-1.8009138 , -3.24531764,  0.80384674]), array([-1.78583881, -3.2053138 ,  0.81436173]), array([-1.77076383, -3.16530996,  0.82463148]), array([-1.75568884, -3.12530612,  0.83465597]), array([-1.74061385, -3.08530228,  0.84443521]), array([-1.72553887, -3.04529844,  0.85396921]), array([-1.71046388, -3.0052946 ,  0.86325795]), array([-1.69538889, -2.96529076,  0.87230145]), array([-1.68031391, -2.92528692,  0.88109969]), array([-1.66523892, -2.88528308,  0.88965269]), array([-1.65016393, -2.84527923,  0.89796043]), array([-1.63508895, -2.80527539,  0.90602293]), array([-1.62001396, -2.76527155,  0.91384017]), array([-1.60493897, -2.72526771,  0.92141216]), array([-1.58986399, -2.68526387,  0.92873891]), array([-1.574789  , -2.64526003,  0.9358204 ]), array([-1.55971401, -2.60525619,  0.94265665]), array([-1.54463903, -2.56525235,  0.94924764]), array([-1.52956404, -2.52524851,  0.95559339]), array([-1.51448905, -2.48524467,  0.96169388]), array([-1.49941407, -2.44524083,  0.96754913]), array([-1.48433908, -2.40523699,  0.97315912]), array([-1.46926409, -2.36523315,  0.97852386]), array([-1.45418911, -2.3252293 ,  0.98364336]), array([-1.43911412, -2.28522546,  0.9885176 ]), array([-1.42403913, -2.24522162,  0.9931466 ]), array([-1.40896415, -2.20521778,  0.99753034]), array([-1.39388916, -2.16521394,  1.00166884]), array([-1.37881417, -2.1252101 ,  1.00556208]), array([-1.36373919, -2.08520626,  1.00921007]), array([-1.3486642 , -2.04520242,  1.01261282]), array([-1.33358921, -2.00519858,  1.01577031]), array([-1.31851423, -1.96519474,  1.01868256]), array([-1.30343924, -1.9251909 ,  1.02134955]), array([-1.28836425, -1.88518706,  1.0237713 ]), array([-1.27328927, -1.84518322,  1.02594779]), array([-1.25821428, -1.80517937,  1.02787904]), array([-1.24313929, -1.76517553,  1.02956503]), array([-1.22806431, -1.72517169,  1.03100577]), array([-1.21298932, -1.68516785,  1.03220127]), array([-1.19791433, -1.64516401,  1.03315151]), array([-1.18283934, -1.60516017,  1.03385651]), array([-1.16776436, -1.56515633,  1.03431625]), array([-1.15268937, -1.52515249,  1.03453075]), array([-1.13761438, -1.48514865,  1.03449999]), array([-1.1225394 , -1.44514481,  1.03422399]), array([-1.10746441, -1.40514097,  1.03370273]), array([-1.09238942, -1.36513713,  1.03293622]), array([-1.07731444, -1.32513329,  1.03192447]), array([-1.06223945, -1.28512945,  1.03066746]), array([-1.04716446, -1.2451256 ,  1.02916521]), array([-1.03208948, -1.20512176,  1.0274177 ]), array([-1.01701449, -1.16511792,  1.02542495]), array([-1.0019395 , -1.12511408,  1.02318694]), array([-0.98686452, -1.08511024,  1.02070368]), array([-0.97178953, -1.0451064 ,  1.01797518]), array([-0.95671454, -1.00510256,  1.01500142]), array([-0.94163956, -0.96509872,  1.01178242]), array([-0.92656457, -0.92509488,  1.00831816]), array([-0.91148958, -0.88509104,  1.00460866]), array([-0.8964146, -0.8450872,  1.0006539]), array([-0.88133961, -0.80508336,  0.9964539 ]), array([-0.86626462, -0.76507952,  0.99200864]), array([-0.85118964, -0.72507567,  0.98731813]), array([-0.83611465, -0.68507183,  0.98238238]), array([-0.82103966, -0.64506799,  0.97720137]), array([-0.80596468, -0.60506415,  0.97177512]), array([-0.79088969, -0.56506031,  0.96610361]), array([-0.7758147 , -0.52505647,  0.96018686]), array([-0.76073972, -0.48505263,  0.95402485]), array([-0.74566473, -0.44504879,  0.9476176 ]), array([-0.73058974, -0.40504495,  0.94096509]), array([-0.71551476, -0.36504111,  0.93406733]), array([-0.70043977, -0.32503727,  0.92692433]), array([-0.68539151, -0.28505634,  0.91955315]), array([-0.66495638, -0.27036478,  0.88935045]), array([-0.64622431, -0.25218634,  0.86230155]), array([-0.62722145, -0.23751434,  0.83098767]), array([-0.60798254, -0.2248584 ,  0.79584873]), array([-0.58874364, -0.21220246,  0.76046453]), array([-0.56950474, -0.19954652,  0.72483508]), array([-0.55026584, -0.18689058,  0.68896039]), array([-0.53102694, -0.17423464,  0.65284044]), array([-0.51178804, -0.16157869,  0.61647525]), array([-0.49254914, -0.14892275,  0.5798648 ]), array([-0.47331023, -0.13626681,  0.54300911]), array([-0.45407133, -0.12361087,  0.50590816]), array([-0.43483243, -0.11095493,  0.46856196]), array([-0.41559353, -0.09829899,  0.43097052]), array([-0.39635463, -0.08564305,  0.39313382]), array([-0.37711573, -0.0729871 ,  0.35505188]), array([-0.35787682, -0.06033116,  0.31672468]), array([-0.33863792, -0.04767522,  0.27815224]), array([-0.31939902, -0.03501928,  0.23933454]), array([-0.30016012, -0.02236334,  0.2002716 ]), array([-0.28092122, -0.0097074 ,  0.1609634 ]), array([-0.26168232,  0.00294854,  0.12140995]), array([-0.24244342,  0.01560449,  0.08161126]), array([-0.22320451,  0.02826043,  0.04156731]), array([-0.20396561,  0.04091637,  0.033     ]), array([-0.18568866,  0.05293951,  0.06297165]), array([-0.1674117 ,  0.06496266,  0.09269804]), array([-0.14913474,  0.0769858 ,  0.12217919]), array([-0.13085779,  0.08900895,  0.15141509]), array([-0.11258083,  0.10103209,  0.18040573]), array([-0.09430388,  0.11305523,  0.20915113]), array([-0.07602692,  0.12507838,  0.23765128]), array([-0.05774996,  0.13710152,  0.26590617]), array([-0.03947301,  0.14912467,  0.29391582]), array([-0.02119605,  0.16114781,  0.32168022]), array([-0.00291909,  0.17317096,  0.34919936]), array([0.01535786, 0.1851941 , 0.37647326]), array([0.03363482, 0.19721724, 0.40350191]), array([0.05191178, 0.20924039, 0.4302853 ]), array([0.07018873, 0.22126353, 0.45682345]), array([0.08846569, 0.23328668, 0.48311635]), array([0.10674265, 0.24530982, 0.50916399]), array([0.1250196 , 0.25733297, 0.53496639]), array([0.14329656, 0.26935611, 0.56052354]), array([0.16157351, 0.28137925, 0.58583543]), array([0.17985047, 0.2934024 , 0.61090208]), array([0.19812743, 0.30542554, 0.63572348]), array([0.21640438, 0.31744869, 0.66029962]), array([0.23468134, 0.32947183, 0.68463052]), array([0.2529583 , 0.34149498, 0.70871617]), array([0.27123525, 0.35351812, 0.73255656]), array([0.28951221, 0.36554126, 0.75615171]), array([0.30778917, 0.37756441, 0.77950161]), array([0.32606612, 0.38958755, 0.80260625]), array([0.34434308, 0.4016107 , 0.82546565]), array([0.36262003, 0.41363384, 0.8480798 ]), array([0.38089699, 0.42565699, 0.87044869]), array([0.39917395, 0.43768013, 0.89257234]), array([0.4174509 , 0.44970327, 0.91445074]), array([0.43572786, 0.46172642, 0.93608388]), array([0.45400482, 0.47374956, 0.95747178]), array([0.47228177, 0.48577271, 0.97861443]), array([0.49055873, 0.49779585, 0.99951182]), array([0.50883569, 0.509819  , 1.02016397]), array([0.52711264, 0.52184214, 1.04057087])], 'distances_history': [8.429937262713047, 8.384165448311933, 8.33840717376004, 8.292659210736023, 8.246919178358977, 8.201185386486715, 8.155456711331404, 8.10973249610769, 8.064012471332312, 8.018296690776497, 7.972585480066408, 7.926879395590433, 7.881179191784597, 7.835485795160431, 7.7898002837155556, 7.744123870640693, 7.698457891478048, 7.6528037940763545, 7.607163130830087, 7.561537552796068, 7.515928805360628, 7.4703386174686175, 7.424768915542362, 7.379221712883216, 7.3336991096003095, 7.288203293122031, 7.242736539204582, 7.197301213367154, 7.151899772695934, 7.106534767969544, 7.061208846067152, 7.015924752627645, 6.9706853349340845, 6.925493545002575, 6.880352442858649, 6.835265199987542, 6.790235102947508, 6.745265557137447, 6.7003600907119925, 6.655522358638675, 6.610756146892904, 6.566064600384417, 6.521451817545402, 6.476922034230186, 6.432479629714114, 6.388129132588945, 6.343875226599562, 6.299722756456038, 6.255676733647514, 6.211742342278514, 6.167924944943974, 6.1242300886555405, 6.080663510828802, 6.037231145338437, 5.993939128646063, 5.9507938060034515, 5.907801737731901, 5.864969705576712, 5.822304719134002, 5.779814022345316, 5.737505100053777, 5.6953877770031465, 5.65346992353461, 5.611759692092438, 5.57026552004799, 5.5289961332851405, 5.487960550349716, 5.447168087016737, 5.402763865387234, 5.3571817726934725, 5.3116921655281395, 5.266293742636656, 5.220985199163662, 5.175765226318858, 5.130632511277722, 5.085585737267271, 5.040623583796689, 4.995744727000388, 4.950947840067216, 4.906231593734445, 4.8615946568291815, 4.817036027702164, 4.772554413769237, 4.728148512929711, 4.683817016323486, 4.639558610530995, 4.595371979364426, 4.551255805353313, 4.507208770997623, 4.4632295598410865, 4.419316857403455, 4.3754693520002705, 4.3316857354715586, 4.287964703835524, 4.244304957879462, 4.200705203697186, 4.157164153180125, 4.11368052446765, 4.070253042360968, 4.026880438704099, 3.9835614527347296, 3.9402948314073347, 3.897079329690577, 3.8539137108407835, 3.810796746653129, 3.767727217692038, 3.72470391350231, 3.68172563280237, 3.638791183661117, 3.595899383659796, 3.5530490600404145, 3.510239049842193, 3.4674682000276538, 3.424735367599972, 3.382039419713289, 3.33937923377777, 3.2967536975612486, 3.2541617092894133, 3.211602177746568, 3.1690740223791267, 3.126576173404104, 3.084107571925022, 3.041667170057795, 2.999253931069317, 2.956866829531713, 2.9145048514953835, 2.872166994684285, 2.8298522687171337, 2.7875596953585933, 2.745288308804858, 2.703037156008523, 2.6608052970480958, 2.6185918055481334, 2.5763957691566373, 2.5342162900871337, 2.492052485733762, 2.449903489368757, 2.4077684509329256, 2.36564653793113, 2.3235369364464598, 2.281438852288715, 2.2393515122950673, 2.197274165803471, 2.1552060863224893, 2.113146573424957, 2.071094954897237, 2.0290505891810873, 1.9870128681513113, 1.944981220279823, 1.9029551142456291, 1.8609340630609255, 1.8189176287964424, 1.7769054280048437, 1.7348971379600464, 1.692892503853683, 1.6508913471185556, 1.6088935750842996, 1.566899192214304, 1.5249083132275736, 1.4829211784776666, 1.440938172047107, 1.3976381018375965, 1.3529266561514854, 1.3080771330022234, 1.2644205591674433, 1.220127480892917, 1.1758153020793587, 1.1304890629521387, 1.0865955156068896, 1.041177817211523, 0.9970717298037706, 0.9514337638425228, 0.9056152316337687, 0.860567854386658, 0.8140317506342891, 0.7672013379198451, 0.7189006662352198, 0.6709864716380174, 0.6229958372389118, 0.5759899255577695, 0.5273388732368856, 0.47752421397964995, 0.42788380477089016, 0.37863683089098044, 0.32943719607357463, 0.2809151463899661, 0.23256126729198726, 0.18559147482875402, 0.1413476120624153, 0.10336631384921054, 0.07175717898712977, 0.06421190380583086, 0.08726208968792272, 0.12555504619980737, 0.1671841673843256, 0.20959337576308787, 0.2521816559439768, 0.29484518458587616, 0.33761688074458857, 0.380561655666815, 0.42374345872454955, 0.4672154709849197, 0.5110183246335096, 0.5551810901897277, 0.5997230778922301, 0.6446557145446385, 0.6899842317036313, 0.7357090917620182, 0.7818271540298876, 0.8283326102370806, 0.8752177258719929, 0.9224734224822413, 0.9700897317783909, 1.0180561474038752, 1.039104579005549, 1.0275025827906392, 1.0175148156294707, 1.00916161753418, 1.0024561117771973, 0.9974037576951831, 0.9940020531752148, 0.9922404107049179, 0.9921002203964411, 0.9935551019444312, 0.9965713360639318, 1.0011084556312977, 1.00711996844501, 1.014554177885374, 1.0233550650770031, 1.033463196370878, 1.0448166226730846, 1.057351741748145, 1.0710041004100994, 1.0857091197892401, 1.1014027330269207, 1.1180219303507364, 1.1355052112250834, 1.153792947016757, 1.1728276603457768, 1.1925542290820255, 1.21292002392822, 1.2338749888547325, 1.2553716734806082, 1.2773652259746187, 1.2998133543064943, 1.32267626281369, 1.3459165701411284, 1.369499213716458, 1.3933913450792041, 1.4175622196115925, 1.44198308353352, 1.4666270604275862, 1.491469039050277, 1.5164855637566947], 'normal_align_history': [0.5150154791055608, 0.5149344498811045, 0.5147930151711669, 0.5146054612807663, 0.5143820025807925, 0.5141301451332646, 0.5138555306046548, 0.5135624755256645, 0.5132543280568682, 0.5129337125009095, 0.5126027025694727, 0.512262947800332, 0.5119157679954879, 0.5115622250484662, 0.5112031783027757, 0.5108393276338465, 0.5104712472165949, 0.5100994121301944, 0.5097242193976015, 0.5093460046671474, 0.5089650554614127, 0.5085815346906468, 0.5081956611484956, 0.5078076334952496, 0.5074176339068426, 0.507025831482243, 0.5066323852235755, 0.5062374465448849, 0.5058411613317675, 0.5054436716013925, 0.505045116820026, 0.5046456349334245, 0.5042453631597726, 0.5038444385879376, 0.5034429986169602, 0.5030411812665384, 0.5026391253829363, 0.5022369707602444, 0.5018348581932377, 0.501432929475038, 0.5010313273503165, 0.5006297985146254, 0.5002284983175317, 0.4998275955007442, 0.4994272625088089, 0.49902767078590426, 0.4986289886878131, 0.49823138072657025, 0.49783500746106785, 0.4974400256716906, 0.49704658863310536, 0.49665484639388596, 0.4962649460217606, 0.4958770317991722, 0.49549124536681544, 0.4951077258188032, 0.49472660975554106, 0.49434803130096594, 0.49397212209053404, 0.4935990112357025, 0.4932288252698729, 0.49286387425400835, 0.49250418514156813, 0.49214970790908086, 0.49180037036868907, 0.491456104137343, 0.4911168555081888, 0.49078258865038393, 0.4904532851078424, 0.4901289416854829, 0.48980956779309937, 0.4894951827710919, 0.4891858134339062, 0.4888814919183354, 0.488582253850046, 0.4882881368077293, 0.4879991790509179, 0.48771541847445515, 0.487436891754452, 0.48716363365437715, 0.4868956764643193, 0.4866321209140494, 0.48637304244009477, 0.48611854651017694, 0.48586874316114903, 0.48562373494825606, 0.48538361189098755, 0.4851484499603645, 0.48491831126769225, 0.48469324499207905, 0.484473288557092, 0.4842584688193089, 0.48404880316396554, 0.483844300470546, 0.4836449619442311, 0.48345078182395784, 0.48326174798333016, 0.48307784244151897, 0.4828990418000953, 0.482725317619695, 0.4825566367482719, 0.4823929616106044, 0.48223425046693047, 0.48208045764705176, 0.4819315337649584, 0.48178742591800344, 0.48164807787379754, 0.4815134302473244, 0.4813834206702298, 0.4812579839538134, 0.48113705224687975, 0.48102055518936976, 0.48090842006244255, 0.4808005719355216, 0.4806969338106774, 0.4805974267646177, 0.4805019700884664, 0.48041048142544224, 0.480322876906517, 0.4802390712840612, 0.4801589780634905, 0.4800825096328809, 0.48000957739049377, 0.47994009187018805, 0.47987396286461675, 0.47981109954616846, 0.47975141058556076, 0.47969480426802247, 0.47964118860697963, 0.4795904714551845, 0.479542560613198, 0.4794973639351805, 0.47945478943189496, 0.4794147453708954, 0.4793771403738125, 0.47934188351070167, 0.47930888439139974, 0.47927805325384243, 0.4792493010493111, 0.4792225395245683, 0.47919768130085477, 0.47917463994972453, 0.4791533300656966, 0.4791336673357109, 0.47911556860537435, 0.47909895194199736, 0.47908373669441656, 0.4790698435496081, 0.47905719458610135, 0.47904571332420315, 0.479035324773059, 0.47902595547455845, 0.47901753354411963, 0.4790099887083858, 0.4790032523398552, 0.478997257488493, 0.4789919389103586, 0.47898723309329916, 0.47898307827974573, 0.47897941448666986, 0.47897618352276194, 0.4722468748982312, 0.4744659188454351, 0.46897448264966546, 0.47375071317063333, 0.46893373158998, 0.4740710809156946, 0.4690931766494327, 0.45651850165158125, 0.4523463010661397, 0.4405053693047705, 0.43721190311373087, 0.44214678097236804, 0.439418283254725, 0.4449440288406402, 0.44075568462012865, 0.44494553674289666, 0.4586711714251123, 0.4623091638237656, 0.4758498881581664, 0.47975466724143523, 0.4794471451321499, 0.48165119605729434, 0.48384100596791646, 0.4847044877233978, 0.48560177665466164, 0.4912276826265067, 0.4958068592825478, 0.5026543799559251, 0.5116302813418698, 0.5188975133853662, 0.5243927118500255, 0.5288725081754867, 0.5326715647387783, 0.5358034252937256, 0.5384117713674537, 0.5406159249409935, 0.5425096824235534, 0.5441640092237399, 0.545630974110135, 0.5469477076388003, 0.5481398871328138, 0.5492246033021484, 0.5502126249656335, 0.5511101422495707, 0.5519200849664054, 0.5526431077167316, 0.5532783198958715, 0.5538238236785071, 0.5542771090768118, 0.5546353433718104, 0.5548955827753416, 0.555054926875179, 0.5551106308977466, 0.5550601867266023, 0.5549013806140632, 0.5546323333473098, 0.5542515270644807, 0.5537578217960067, 0.5531504640078109, 0.552429088854541, 0.5515937174459734, 0.5506447501398898, 0.5495829566656747, 0.548409463730123, 0.5471257406432934, 0.5457335834156527, 0.5442350977098646, 0.5426326809757187, 0.5409290040508823, 0.5391269924708779, 0.5372298076971429, 0.5352408284411435, 0.5331636322345835, 0.5310019773703326, 0.5287597853155551, 0.526441123677481, 0.5240501897832862, 0.5215912949184922, 0.5190688492532334, 0.5164873474724477, 0.5138513551146678, 0.5111654956142992, 0.5084344380342185, 0.5056628854688885, 0.5028555640929853, 0.5000172128265846, 0.4971525735850804, 0.4942663820802019, 0.49136335913743173, 0.48844820249488385, 0.4855255790489603, 0.4826001175128869, 0.47967640145537427], 'ball_near_history': [False, False, False, False, False, False, False, False, False, False, False, False, False, False, False, False, False, False, False, False, False, False, False, False, False, False, False, False, False, False, False, False, False, False, False, False, False, False, False, False, False, False, False, False, False, False, False, False, False, False, False, False, False, False, False, False, False, False, False, False, False, False, False, False, False, False, False, False, False, False, False, False, False, False, False, False, False, False, False, False, False, False, False, False, False, False, False, False, False, False, False, False, False, False, False, False, False, False, False, False, False, False, False, False, False, False, False, False, False, False, False, False, False, False, False, False, False, False, False, False, False, False, False, False, False, False, False, False, False, False, False, False, False, False, False, False, False, False, False, False, False, False, False, False, False, False, False, False, False, False, False, False, False, False, False, False, False, False, False, False, False, False, False, False, False, False, False, False, False, False, False, False, False, False, False, False, False, False, False, False, False, False, False, False, False, False, False, False, False, False, False, False, False, False, False, False, False, False, False, False, False, False, False, False, False, False, False, False, False, False, False, False, False, False, False, False, False, False, False, False, False, False, False, False, False, False, False, False, False, False, False, False, False, False, False, False, False, False, False, False, False, False, False, False, False, False, False, False, False, False, False, False, False, False], 'tube_ready_history': [False, False, False, False, False, False, False, False, False, False, False, False, False, False, False, False, False, False, False, False, False, False, False, False, False, False, False, False, False, False, False, False, False, False, False, False, False, False, False, False, False, False, False, False, False, False, False, False, False, False, False, False, False, False, False, False, False, False, False, False, False, False, False, False, False, False, False, False, False, False, False, False, False, False, False, False, False, False, False, False, False, False, False, False, False, False, False, False, False, False, False, False, False, False, False, False, False, False, False, False, False, False, False, False, False, False, False, False, False, False, False, False, False, False, False, False, False, False, False, False, False, False, False, False, False, False, False, False, False, False, False, False, False, False, False, False, False, False, False, False, False, False, False, False, False, False, False, False, False, False, False, False, False, False, False, False, False, False, False, False, False, False, False, False, False, False, False, False, False, False, False, False, False, False, False, False, False, False, False, False, False, False, False, False, False, False, False, False, False, False, False, False, False, False, False, False, False, False, False, False, False, False, False, False, False, False, False, False, False, False, False, False, False, False, False, False, False, False, False, False, False, False, False, False, False, False, False, False, False, False, False, False, False, False, False, False, False, False, False, False, False, False, False, False, False, False, False, False, False, False, False, False, False, False], 'pos_error_history': [0.009013333780691364, 0.008811234866339161, 0.008555102257879399, 0.008283177955568138, 0.008039122040346285, 0.007871284098203138, 0.007829465380071942, 0.007958431924167047, 0.008289832636309216, 0.008836719533322724, 0.009594086858838105, 0.010544570954178089, 0.011665414249362783, 0.012933624758070347, 0.014328629652191489, 0.0158331080781343, 0.017432877511091897, 0.01911642262229202, 0.020874363862295346, 0.022698984104482515, 0.023232392314900527, 0.025091322771423157, 0.027011622635679997, 0.028987331681672744, 0.03101330188725621, 0.033085026913891466, 0.035198509338803675, 0.03735015759531127, 0.03953670593396628, 0.04175515209852396, 0.04400270860801268, 0.04627676450260611, 0.04857485516337473, 0.050894638390600495, 0.05323387535986563, 0.05559041540238565, 0.057962183802329, 0.060347171989471766, 0.06274342964586409, 0.06514905835163619, 0.06568341826760318, 0.06807567813624635, 0.07047472720837046, 0.07287862630741625, 0.0752854956830051, 0.07769350983970204, 0.08010089332094741, 0.08250591729287028, 0.0849068967991155, 0.08730218857932293, 0.0896901893615341, 0.09206933455327379, 0.09443809726798813, 0.09679498763335985, 0.09913855233615051, 0.10146737436497169, 0.10378007291797191, 0.10607530344708654, 0.1083517578143851, 0.11060816453929469, 0.12083169437779134, 0.12303925949616866, 0.12521657994018928, 0.1273630519672661, 0.12947803615279568, 0.13156087250163168, 0.13361089264626888, 0.13562742971567301, 0.13760982633374544, 0.13955744111015067, 0.14146965391127003, 0.14334587014024025, 0.14518552420860292, 0.14698808234536945, 0.14875304486009536, 0.15047994795338204, 0.15216836514972523, 0.15381790841293955, 0.155428228992649, 0.1569990180410147, 0.15488114030739236, 0.1563820630508666, 0.15784638849881238, 0.15927363024400903, 0.1606633915943159, 0.16201535562490288, 0.16332927710103537, 0.16460497587390507, 0.16584233143760788, 0.16704127840155275, 0.16820180268424081, 0.16932393827490716, 0.17040776444148656, 0.17145340328866832, 0.17246101758986554, 0.17343080883287393, 0.17436301543166924, 0.17525791106689087, 0.17611580312559952, 0.17693703121731902, 0.1777219657484641, 0.17847100654135822, 0.17918458148726493, 0.17986314522547264, 0.18050717784251624, 0.18111718358726742, 0.18169368959892238, 0.18223724464595262, 0.18274841787489265, 0.18322779756847588, 0.183675989913138, 0.1840936177762807, 0.18448131949398539, 0.1848397476700877, 0.18516956798768627, 0.18547145803425913, 0.18574610614164164, 0.18599421024216328, 0.186216476742237, 0.18641361941471007, 0.18658635831124346, 0.1867354186959552, 0.1868615300015169, 0.1869654248088292, 0.18704783785133705, 0.18710950504498503, 0.187151162544724, 0.187173545828411, 0.18717738880887178, 0.1871634229747992, 0.18713237656109316, 0.18708497374916086, 0.1870219338976159, 0.1869439708037443, 0.18685179199600654, 0.1867460980578011, 0.18662758198260584, 0.18649692856057154, 0.1863548137965566, 0.18620190435952333, 0.18603885706317097, 0.18586631837759715, 0.18568492397173364, 0.1854952982862539, 0.1852980541365788, 0.18509379234558004, 0.1848831014055189, 0.18466655716872776, 0.18444472256649141, 0.18421814735556058, 0.18398736789168985, 0.18375290692956203, 0.18351527344843874, 0.18327496250284944, 0.18303245509760974, 0.18278821808644194, 0.18254270409345463, 0.18229635145672746, 0.18204958419322492, 0.1818028119842755, 0.1794360359536977, 0.1765907403936163, 0.17187489794634686, 0.16770685425242393, 0.16396296298249827, 0.1587462027654391, 0.15383179775091682, 0.14963749605889207, 0.14478102174352422, 0.1403804463732462, 0.13540816421999466, 0.13212453705837354, 0.12822308688450101, 0.12389000441501273, 0.12105348210400561, 0.11813569501241797, 0.11490192584567135, 0.11373187913378188, 0.1124724344407359, 0.11128851021975637, 0.11115179397136707, 0.11173867836288327, 0.11311874360185133, 0.11545086853285366, 0.11843656932012592, 0.12171252829960276, 0.12553239546695225, 0.12986220514212532, 0.13464496778066148, 0.14002835774604985, 0.14620928409547435, 0.15251790284144442, 0.1574307853545951, 0.16141666165037533, 0.16466193514631103, 0.16735414833361706, 0.16965834648360248, 0.17171074830086774, 0.17361957427001867, 0.17546851794308016, 0.1773208688331204, 0.17922344448677727, 0.18121001697403408, 0.18330415935176275, 0.18552154258661518, 0.18787175394580952, 0.1903597179341132, 0.1929867970371631, 0.1957516400137866, 0.19865083431334982, 0.2016794083339859, 0.204831219557833, 0.20809925640960533, 0.21147587500243392, 0.21495298663379903, 0.21852220778672646, 0.22217498127375757, 0.225902674838918, 0.2296966618328256, 0.2335483873511891, 0.23744942235699515, 0.24139150769624756, 0.24536658949244572, 0.24936684711049742, 0.2533847146754795, 0.25741289698622344, 0.2614443805573605, 0.2654724404422221, 0.26949064342337137, 0.27349284810162494, 0.27747320236450496, 0.28142613866898214, 0.2853463675300691, 0.28922886956573035, 0.2930688864095526, 0.2968619107657626, 0.3006036758464663, 0.304290144398683, 0.3079174974988565, 0.311482123265123, 0.3149806056127646, 0.31840971315585415, 0.32176638833814847, 0.32504773685859656, 0.32825101744137875, 0.3313736319869738, 0.3344131161292374, 0.33736713021372844, 0.34023345070434563, 0.3430099620186165, 0.3456946487865335, 0.3482855885235397, 0.350780944704965, 0.35315644225246284], 'max_qdot_ratio': 0.9970059516140404, 'max_tcp_speed': 1.7998286103658354, 'max_racket_face_speed': 1.8333681816502458, 'total_mpc_steps': 254, 'ball_was_hit': True, 'hit_step': 188, 'p_ee_at_hit': array([-0.59269193, -0.25567836,  0.88450583]), 'ball_pos_at_hit': array([-0.68539151, -0.28505634,  0.91955315]), 'v_ee_at_hit': 1.781820922480781, 'active_contact': True, 'passive_contact': False}
2026-09-13 00:12:02,889 [INFO] __main__: 击打后继续仿真 20 步...
