
========================================
  RM-65 未命中（无物理接触，规划距离 0.3109m，球拍到达了规划点但球不在该位置）
  [V12 EpisodeRunner 管线架构]
  ablation: full
  击打目标位置: [-0.818 -0.12   0.88 ]
  末端实际位置: [-0.65  -0.382  0.887]
  规划跟踪误差: 0.3109 m
  速度误差: 1.9358 m/s
  MPC 总步数: 270
  --- Tube 专用指标 ---
  最小球拍-球距离: 0.2182 m
  ball_near 步数: 0 = 0.0 ms
  tube_ready 步数: 0 = 0.0 ms
  击打时间误差: 0.0 ms
  击打位置误差: 0.3109 m
  --- 计算性能 ---
  总墙钟时间: 1.16s (MPC=1.16s)
  --- 执行层约束 ---
  max_qdot=1.00x, max_tcp=1.1m/s, max_face=1.4m/s
  击球类型: 未触球
========================================

__RESULT__: pos_error=0.310899 vel_error=1.935819 min_dist=0.218241 ball_near_ms=0.0 tube_ready_ms=0.0 max_tcp=1.10 max_qdot=1.00 max_face=1.4 hit_type=miss hit_time_error_ms=0.0 hit_pos_error=0.310899 v_racket_at_hit=0.000
2026-09-10 17:50:36,597 [INFO] __main__: [ablation] mode=full
2026-09-10 17:50:36,603 [INFO] __main__: serve-box auto params: horizon=120, iter=10, first_plan_iters=30, total_horizon=250, replan_interval=20, near_plan_iters=5
2026-09-10 17:50:36,622 [INFO] __main__: 关节限位: 仿真默认(default.yaml), TCP=1.8 m/s, terminal_exempt=20
2026-09-10 17:50:36,623 [INFO] __main__: 球拍初始位置: [-0.24136342  0.63027058  1.45576659]
2026-09-10 17:50:36,623 [DEBUG] src.tennis.ball: serve_box bounce (attempt=1): p0_z=1.46, vz0=-2.4, spd=9.0, t1=0.348, t2=0.566, z_err=0.26
2026-09-10 17:50:36,630 [INFO] __main__: 击打步数: 189, 击打位置: [-0.81773279 -0.1201584   0.88013808]
2026-09-10 17:50:36,630 [INFO] __main__: 随挥方向: [-0.265 -0.949  0.169], 随挥步数: 60
2026-09-10 17:50:36,643 [INFO] __main__: 候选窗口已构建: best_k=189, candidates=14
2026-09-10 17:50:36,643 [INFO] src.cpp.solver_cpp: iLQR C++ 加速模块已加载
2026-09-10 17:50:36,643 [INFO] __main__: 开始 V12 EpisodeRunner，总步数=310 (MPC=250, 随挥=60)，击打步数=189
2026-09-10 17:50:36,644 [INFO] src.ilqt.async_replanner: AsyncReplanner: 后台规划线程已启动
2026-09-10 17:50:36,672 [INFO] src.ilqt.async_replanner: AsyncReplanner: 规划环境已创建（独立 MjData）
2026-09-10 17:50:36,679 [INFO] src.ilqt.async_replanner: AsyncReplanner: 规划环境已创建（独立 MjData）
2026-09-10 17:50:36,705 [DEBUG] src.ilqt.tube_cost: [Softmin诊断] 候选权重TOP3: k=189:w=0.077, k=190:w=0.077, k=188:w=0.077
2026-09-10 17:50:37,601 [INFO] src.ilqt.mpc_controller: REPLAN step=0 k_hit=189 iters=30 horizon=120 t=928ms
2026-09-10 17:50:37,602 [INFO] src.ilqt.mpc_controller: MPCController.start 完成: k_hit=189, p_hit=[-0.818 -0.12   0.88 ], buffer=120
2026-09-10 17:50:37,606 [DEBUG] src.ilqt.replan_core: FAR_JT step=0 k_hit=189 (JT gain=60, skip iLQR)
2026-09-10 17:50:37,606 [DEBUG] src.ilqt.mpc_controller: REPLAN step=0 k_hit=189 iters=0 horizon=0 t=4ms
2026-09-10 17:50:37,606 [DEBUG] src.ilqt.mpc_controller: MPCController.step 0: replan k_hit=189 refine=feasible buffer=20
2026-09-10 17:50:37,615 [DEBUG] src.ilqt.replan_core: FAR_JT step=20 k_hit=169 (JT gain=60, skip iLQR)
2026-09-10 17:50:37,615 [DEBUG] src.ilqt.mpc_controller: REPLAN step=20 k_hit=169 iters=0 horizon=0 t=4ms
2026-09-10 17:50:37,615 [DEBUG] src.ilqt.mpc_controller: MPCController.step 20: replan k_hit=169 refine=feasible buffer=20
2026-09-10 17:50:37,624 [DEBUG] src.ilqt.replan_core: FAR_JT step=40 k_hit=149 (JT gain=60, skip iLQR)
2026-09-10 17:50:37,624 [DEBUG] src.ilqt.mpc_controller: REPLAN step=40 k_hit=149 iters=0 horizon=0 t=4ms
2026-09-10 17:50:37,624 [DEBUG] src.ilqt.mpc_controller: MPCController.step 40: replan k_hit=149 refine=feasible buffer=20
2026-09-10 17:50:37,633 [DEBUG] src.ilqt.replan_core: FAR_JT step=60 k_hit=129 (JT gain=60, skip iLQR)
2026-09-10 17:50:37,633 [DEBUG] src.ilqt.mpc_controller: REPLAN step=60 k_hit=129 iters=0 horizon=0 t=3ms
2026-09-10 17:50:37,634 [DEBUG] src.ilqt.mpc_controller: MPCController.step 60: replan k_hit=129 refine=feasible buffer=20
2026-09-10 17:50:37,642 [DEBUG] src.ilqt.replan_core: FAR_JT step=80 k_hit=109 (JT gain=60, skip iLQR)
2026-09-10 17:50:37,642 [DEBUG] src.ilqt.mpc_controller: REPLAN step=80 k_hit=109 iters=0 horizon=0 t=3ms
2026-09-10 17:50:37,643 [DEBUG] src.ilqt.mpc_controller: MPCController.step 80: replan k_hit=109 refine=feasible buffer=20
2026-09-10 17:50:37,651 [DEBUG] src.ilqt.replan_core: FAR_JT step=100 k_hit=89 (JT gain=60, skip iLQR)
2026-09-10 17:50:37,651 [DEBUG] src.ilqt.mpc_controller: REPLAN step=100 k_hit=89 iters=0 horizon=0 t=3ms
2026-09-10 17:50:37,651 [DEBUG] src.ilqt.mpc_controller: MPCController.step 100: replan k_hit=89 refine=feasible buffer=20
2026-09-10 17:50:37,659 [DEBUG] src.ilqt.replan_core: FAR_JT step=120 k_hit=69 (JT gain=60, skip iLQR)
2026-09-10 17:50:37,659 [DEBUG] src.ilqt.mpc_controller: REPLAN step=120 k_hit=69 iters=0 horizon=0 t=3ms
2026-09-10 17:50:37,660 [DEBUG] src.ilqt.mpc_controller: MPCController.step 120: replan k_hit=69 refine=feasible buffer=20
2026-09-10 17:50:37,676 [DEBUG] src.ilqt.tube_cost: [Softmin诊断] 候选权重TOP3: k=49:w=0.077, k=50:w=0.077, k=48:w=0.077
2026-09-10 17:50:37,703 [DEBUG] src.ilqt.mpc_controller: REPLAN step=140 k_hit=49 iters=5 horizon=49 t=38ms
2026-09-10 17:50:37,703 [INFO] src.ilqt.strategies.hit_point_refiner: [HIT_LOCK] k_hit=49 ≤ 60, 锁定击球点不再替换
2026-09-10 17:50:37,703 [DEBUG] src.ilqt.mpc_controller: MPCController.step 140: replan k_hit=49 refine=locked buffer=20
2026-09-10 17:50:37,706 [INFO] src.ilqt.components.predictive_safety: [SAFETY_FILTER] beta=0.8: qdot entering overspeed, joint=2, |qdot|=3.95 > 3.93
2026-09-10 17:50:37,708 [INFO] src.ilqt.components.predictive_safety: [SAFETY_FILTER] beta=0.4: qdot entering overspeed, joint=5, |qdot|=4.97 > 3.93
2026-09-10 17:50:37,719 [DEBUG] src.ilqt.tube_cost: [Softmin诊断] 候选权重TOP3: k=29:w=0.077, k=30:w=0.077, k=28:w=0.077
2026-09-10 17:50:37,735 [DEBUG] src.ilqt.mpc_controller: REPLAN step=160 k_hit=29 iters=5 horizon=29 t=27ms
2026-09-10 17:50:37,735 [DEBUG] src.ilqt.mpc_controller: MPCController.step 160: replan k_hit=29 refine=locked buffer=20
2026-09-10 17:50:37,736 [INFO] src.ilqt.components.predictive_safety: [SAFETY_FILTER] beta=0.0: qdot entering overspeed, joint=5, |qdot|=5.56 > 3.93
2026-09-10 17:50:37,736 [INFO] src.ilqt.components.predictive_safety: [SAFETY_FILTER] beta=0.8: qdot entering overspeed, joint=3, |qdot|=3.96 > 3.93
2026-09-10 17:50:37,737 [INFO] src.ilqt.components.predictive_safety: [SAFETY_FILTER] beta=0.4: qdot entering overspeed, joint=5, |qdot|=4.88 > 3.93
2026-09-10 17:50:37,737 [INFO] src.ilqt.components.predictive_safety: [SAFETY_FILTER] beta=0.8: qdot entering overspeed, joint=3, |qdot|=3.94 > 3.93
2026-09-10 17:50:37,738 [INFO] src.ilqt.components.predictive_safety: [SAFETY_FILTER] beta=0.4: qdot entering overspeed, joint=3, |qdot|=4.29 > 3.93
2026-09-10 17:50:37,739 [INFO] src.ilqt.components.predictive_safety: [SAFETY_FILTER] beta=0.4: qdot entering overspeed, joint=3, |qdot|=4.35 > 3.93
2026-09-10 17:50:37,751 [DEBUG] src.ilqt.tube_cost: [Softmin诊断] 候选权重TOP3: k=9:w=0.077, k=10:w=0.077, k=8:w=0.077
2026-09-10 17:50:37,758 [DEBUG] src.ilqt.mpc_controller: REPLAN step=180 k_hit=9 iters=5 horizon=9 t=17ms
2026-09-10 17:50:37,758 [DEBUG] src.ilqt.mpc_controller: MPCController.step 180: replan k_hit=9 refine=locked buffer=9
2026-09-10 17:50:37,758 [INFO] src.ilqt.components.predictive_safety: [SAFETY_FILTER] beta=0.4: qdot entering overspeed, joint=0, |qdot|=3.47 > 3.14
2026-09-10 17:50:37,759 [INFO] src.ilqt.components.predictive_safety: [SAFETY_FILTER] beta=0.2: qdot entering overspeed, joint=0, |qdot|=3.73 > 3.14
2026-09-10 17:50:37,760 [INFO] src.ilqt.components.predictive_safety: [SAFETY_FILTER] beta=0.2: qdot entering overspeed, joint=0, |qdot|=3.82 > 3.14
2026-09-10 17:50:37,760 [INFO] src.ilqt.components.predictive_safety: [SAFETY_FILTER] beta=0.0: qdot entering overspeed, joint=0, |qdot|=3.90 > 3.14
2026-09-10 17:50:37,761 [INFO] src.ilqt.components.predictive_safety: [SAFETY_FILTER] beta=0.2: qdot entering overspeed, joint=0, |qdot|=3.82 > 3.14
2026-09-10 17:50:37,761 [INFO] src.ilqt.components.predictive_safety: [SAFETY_FILTER] beta=0.0: qdot entering overspeed, joint=0, |qdot|=3.91 > 3.14
2026-09-10 17:50:37,762 [INFO] src.ilqt.components.predictive_safety: [SAFETY_FILTER] beta=0.2: qdot entering overspeed, joint=0, |qdot|=3.83 > 3.14
2026-09-10 17:50:37,762 [INFO] src.ilqt.components.predictive_safety: [SAFETY_FILTER] beta=0.0: qdot entering overspeed, joint=0, |qdot|=3.91 > 3.14
2026-09-10 17:50:37,763 [INFO] src.ilqt.strategies.follow_through: 随挥触发: step=188, steps=60
2026-09-10 17:50:37,780 [INFO] src.ilqt.async_replanner: AsyncReplanner: 后台规划线程已停止
2026-09-10 17:50:37,780 [INFO] src.ilqt.episode_runner: EpisodeRunner 完成: total_steps=250 safe_steps=250 mpc_done=True
2026-09-10 17:50:37,780 [DEBUG] src.ilqt.episode_runner: EpisodeRunner metrics 详情: {'total_steps': 250, 'safe_steps': 250, 'mpc_done': True, 'X_history': [array([-1.5  ,  1.57 , -0.236,  0.404,  0.446,  2.45 ,  0.   ,  0.   ,
        0.   ,  0.   ,  0.   ,  0.   ]), array([-1.72877662e-01,  1.46718207e+00, -4.54973363e-01, -8.24089855e-02,
        9.63574524e-01,  2.44997730e+00,  8.18828217e-03, -3.13388394e-02,
        1.09301845e-03, -7.06919359e-04, -6.07409157e-02, -4.53970895e-03]), array([-1.72797898e-01,  1.46687089e+00, -4.54979733e-01, -8.24167361e-02,
        9.63028868e-01,  2.44994111e+00,  1.59526954e-02, -6.22363249e-02,
       -1.27404649e-03, -1.55013083e-03, -1.09131229e-01, -7.23845998e-03]), array([-0.17268121,  1.46640808, -0.45501105, -0.08242928,  0.96228869,
        2.44989666,  0.02333767, -0.09256194, -0.00626372, -0.00250893,
       -0.14803592, -0.00889042]), array([-0.17252931,  1.46579695, -0.45507718, -0.08244712,  0.96139044,
        2.44984695,  0.03037906, -0.12222526, -0.01322612, -0.00356795,
       -0.17964921, -0.00994054]), array([-0.17234378,  1.46504112, -0.45518546, -0.08247069,  0.96036218,
        2.44979376,  0.03710635, -0.15116557, -0.02165596, -0.0047134 ,
       -0.20565156, -0.0106397 ]), array([-0.17212606,  1.4641444 , -0.45534126, -0.08250035,  0.95922554,
        2.4497381 ,  0.04354415, -0.17934404, -0.03115956, -0.00593179,
       -0.22732953, -0.01113048]), array([-0.1718775 ,  1.46311071, -0.45554841, -0.0825364 ,  0.9579972 ,
        2.44968063,  0.04971327, -0.20673787, -0.04142947, -0.00720971,
       -0.2456673 , -0.0114948 ]), array([-0.17159934,  1.46194403, -0.45580953, -0.08257906,  0.95669012,
        2.44962173,  0.05563149, -0.233336  , -0.05222495, -0.00853397,
       -0.26141672, -0.01178031]), array([-0.17129277,  1.46064836, -0.45612632, -0.08262852,  0.95531436,
        2.44956165,  0.06131409, -0.25913572, -0.06335685, -0.00989177,
       -0.27515088, -0.01201521]), array([-0.1709589 ,  1.45922765, -0.4564997 , -0.08268488,  0.95387783,
        2.44950057,  0.06677432, -0.2841403 , -0.07467602, -0.01127091,
       -0.28730541, -0.01221654]), array([-0.17059878,  1.45768587, -0.45693002, -0.08274818,  0.95238678,
        2.4494386 ,  0.07202366, -0.30835709, -0.08606436, -0.01265989,
       -0.29821027, -0.01239481]), array([-0.17021342,  1.45602689, -0.45741716, -0.08281842,  0.95084621,
        2.44937581,  0.07707216, -0.33179617, -0.09742792, -0.01404807,
       -0.30811428, -0.01255672]), array([-0.16980377,  1.45425454, -0.45796062, -0.08289555,  0.94926019,
        2.44931228,  0.08192861, -0.35446935, -0.10869156, -0.01542571,
       -0.31720403, -0.01270662]), array([-0.16937077,  1.45237259, -0.45855959, -0.08297947,  0.9476321 ,
        2.44924804,  0.08660076, -0.37638939, -0.1197948 , -0.01678403,
       -0.32561839, -0.01284744]), array([-0.16891529,  1.45038475, -0.45921303, -0.08307004,  0.9459648 ,
        2.44918314,  0.09109547, -0.39756943, -0.13068866, -0.01811519,
       -0.33345971, -0.01298123]), array([-0.1684382 ,  1.44829463, -0.4599197 , -0.0831671 ,  0.94426079,
        2.44911759,  0.09541886, -0.41802265, -0.14133313, -0.01941228,
       -0.34080236, -0.01310943]), array([-0.16794032,  1.44610582, -0.46067817, -0.08327045,  0.94252229,
        2.44905142,  0.09957635, -0.43776193, -0.15169524, -0.02066922,
       -0.34769927, -0.01323313]), array([-0.16742245,  1.44382183, -0.46148691, -0.08337985,  0.94075136,
        2.44898466,  0.10357285, -0.45679967, -0.16174758, -0.02188073,
       -0.35418701, -0.01335315]), array([-0.16688539,  1.44144609, -0.46234425, -0.08349506,  0.93894991,
        2.44891731,  0.10741274, -0.47514766, -0.17146708, -0.02304221,
       -0.3602896 , -0.01347015]), array([-0.16632989,  1.438982  , -0.46324842, -0.08361581,  0.9371198 ,
        2.44884938,  0.1111    , -0.492817  , -0.18083414, -0.02414967,
       -0.36602156, -0.01358467]), array([-0.16575655,  1.43643286, -0.4641978 , -0.08374236,  0.93526193,
        2.448781  ,  0.114668  , -0.50982878, -0.18987663, -0.02530951,
       -0.37157439, -0.0136766 ]), array([-0.16516608,  1.43380192, -0.46519051, -0.08387436,  0.93337819,
        2.44871212,  0.11809441, -0.52618725, -0.19854212, -0.02639948,
       -0.37674764, -0.01377643]), array([-0.16455917,  1.43109242, -0.46622459, -0.08401146,  0.93147047,
        2.44864272,  0.12138194, -0.54190079, -0.20681653, -0.02741958,
       -0.38154412, -0.01387993]), array([-0.1639365 ,  1.42830753, -0.46729803, -0.0841533 ,  0.92954066,
        2.44857279,  0.12453308, -0.55697707, -0.21468748, -0.0283695 ,
       -0.38596235, -0.013985  ]), array([-0.16329875,  1.42545042, -0.46840875, -0.08429955,  0.92759067,
        2.44850234,  0.12755013, -0.57142306, -0.22214396, -0.02924882,
       -0.38999763, -0.01409063]), array([-0.16264658,  1.42252419, -0.46955463, -0.08444983,  0.92562246,
        2.44843136,  0.13043519, -0.58524511, -0.22917606, -0.03005701,
       -0.39364294, -0.01419644]), array([-0.16198062,  1.41953195, -0.47073351, -0.0846038 ,  0.92363801,
        2.44835985,  0.13319017, -0.59844889, -0.23577477, -0.03079353,
       -0.39688964, -0.01430237]), array([-0.16130154,  1.41647675, -0.47194317, -0.08476109,  0.92163937,
        2.4482878 ,  0.13581683, -0.61103947, -0.24193187, -0.03145783,
       -0.39972801, -0.01440849]), array([-0.16060996,  1.41336164, -0.47318136, -0.08492134,  0.91962863,
        2.44821523,  0.13831676, -0.62302133, -0.24763981, -0.03204936,
       -0.40214768, -0.01451499]), array([-0.1599065 ,  1.41018965, -0.47444582, -0.08508417,  0.91760794,
        2.44814212,  0.1406914 , -0.63439843, -0.25289162, -0.03256765,
       -0.40413796, -0.01462206]), array([-0.15919179,  1.40696378, -0.47573423, -0.08524924,  0.9155795 ,
        2.44806847,  0.14294207, -0.64517421, -0.25768088, -0.03301222,
       -0.40568815, -0.01472991]), array([-0.15846644,  1.40368702, -0.47704424, -0.08541615,  0.91354556,
        2.44799427,  0.14506994, -0.65535168, -0.26200169, -0.03338268,
       -0.40678775, -0.01483875]), array([-0.15773106,  1.40036235, -0.47837348, -0.08558454,  0.91150843,
        2.44791953,  0.14707609, -0.66493341, -0.26584863, -0.03367869,
       -0.40742665, -0.01494877]), array([-0.15698625,  1.39699275, -0.47971956, -0.08575404,  0.90947045,
        2.44784423,  0.14896149, -0.67392166, -0.26921675, -0.0339    ,
       -0.40759533, -0.01506012]), array([-0.15623262,  1.39358115, -0.48108007, -0.08592427,  0.90743403,
        2.44776837,  0.15072701, -0.68231832, -0.27210163, -0.03404639,
       -0.40728493, -0.01517298]), array([-0.15547075,  1.39013053, -0.48245257, -0.08609486,  0.90540159,
        2.44769193,  0.15237344, -0.69012506, -0.27449932, -0.03411776,
       -0.40648746, -0.01528746]), array([-0.15470124,  1.38664381, -0.4838346 , -0.08626543,  0.90337561,
        2.44761491,  0.1539015 , -0.69734333, -0.2764064 , -0.03411407,
       -0.40519584, -0.01540366]), array([-0.15392468,  1.38312394, -0.4852237 , -0.08643561,  0.90135859,
        2.4475373 ,  0.15531186, -0.70397441, -0.27782   , -0.03403539,
       -0.40340399, -0.01552167]), array([-0.15314166,  1.37957384, -0.48661739, -0.08660502,  0.89935306,
        2.44745909,  0.15660511, -0.71001946, -0.27873779, -0.03388185,
       -0.40110697, -0.01564155]), array([-0.15235275,  1.37599645, -0.48801318, -0.08677329,  0.89736155,
        2.44738028,  0.15778184, -0.71547961, -0.27915805, -0.03365371,
       -0.39830101, -0.01576333]), array([-0.15155892,  1.37239519, -0.48940633, -0.08693856,  0.89539668,
        2.44730028,  0.15876478, -0.72025136, -0.27863037, -0.03305438,
       -0.39297338, -0.01600001]), array([-0.15076078,  1.36877324, -0.49079414, -0.08710071,  0.89345931,
        2.44721936,  0.15962828, -0.72439021, -0.27756151, -0.03243029,
       -0.38747495, -0.01618278]), array([-0.14995891,  1.36513371, -0.49217397, -0.08725956,  0.89155067,
        2.44713767,  0.16037359, -0.72790556, -0.27596718, -0.03177044,
       -0.3817283 , -0.01633816]), array([-0.14915391,  1.36147968, -0.49354327, -0.0874149 ,  0.88967229,
        2.44705527,  0.16100177, -0.73080551, -0.27385978, -0.03106696,
       -0.37567591, -0.01648033]), array([-0.14834634,  1.3578142 , -0.49489952, -0.08756647,  0.88782591,
        2.44697219,  0.1615138 , -0.73309717, -0.2712494 , -0.03031419,
       -0.36927578, -0.01661671]), array([-0.14753678,  1.35414026, -0.49624024, -0.08771401,  0.88601342,
        2.44688843,  0.16191061, -0.73478701, -0.26814463, -0.02950818,
       -0.36249813, -0.01675112]), array([-0.14672582,  1.35046086, -0.49756301, -0.08785724,  0.8842368 ,
        2.446804  ,  0.16219312, -0.73588106, -0.26455317, -0.02864626,
       -0.35532294, -0.0168854 ]), array([-0.14591401,  1.34677893, -0.49886542, -0.08799588,  0.88249811,
        2.4467189 ,  0.16236227, -0.7363851 , -0.26048232, -0.02772672,
       -0.34773797, -0.01702032]), array([-0.14510191,  1.34309741, -0.50014512, -0.08812962,  0.88079943,
        2.44663312,  0.16241901, -0.73630484, -0.25593925, -0.02674864,
       -0.3397373 , -0.01715612]), array([-0.14429009,  1.33941918, -0.50139977, -0.08825818,  0.87914283,
        2.44654666,  0.16236434, -0.73564604, -0.25093135, -0.02571171,
       -0.33132017, -0.01729274]), array([-0.14347909,  1.3357471 , -0.50262711, -0.08838126,  0.87753038,
        2.44645951,  0.16219933, -0.73441464, -0.24546635, -0.02461612,
       -0.32249011, -0.01742994]), array([-0.14266947,  1.33208402, -0.50382487, -0.08849857,  0.8759641 ,
        2.44637167,  0.16192512, -0.73261681, -0.23955253, -0.02346245,
       -0.31325426, -0.01756743]), array([-0.14186175,  1.32843272, -0.50499086, -0.08860983,  0.87444599,
        2.44628315,  0.16154294, -0.73025911, -0.23319875, -0.02225163,
       -0.30362276, -0.01770487]), array([-0.14105648,  1.32479598, -0.50612293, -0.08871475,  0.87297795,
        2.44619394,  0.16105409, -0.72734846, -0.22641459, -0.02098487,
       -0.29360839, -0.01784187]), array([-0.14025418,  1.32117652, -0.50721899, -0.08881307,  0.87156182,
        2.44610405,  0.16046   , -0.72389229, -0.21921038, -0.01966362,
       -0.28322621, -0.01797807]), array([-0.13945537,  1.31757703, -0.50827697, -0.08890452,  0.87019935,
        2.44601348,  0.1597622 , -0.71989853, -0.21159721, -0.01828952,
       -0.2724932 , -0.01811309]), array([-0.13866056,  1.31400015, -0.50929491, -0.08898884,  0.86889221,
        2.44592225,  0.15896232, -0.71537567, -0.20358696, -0.01686441,
       -0.26142811, -0.01824652]), array([-0.13787025,  1.31044848, -0.51027087, -0.08906579,  0.86764195,
        2.44583036,  0.15806214, -0.71033279, -0.19519232, -0.01539026,
       -0.2500512 , -0.01837799]), array([-0.13708493,  1.30692459, -0.511203  , -0.08913514,  0.86645003,
        2.44573782,  0.15706354, -0.7047796 , -0.18642674, -0.0138692 ,
       -0.23838409, -0.0185071 ]), array([-0.13630509,  1.30343095, -0.51208952, -0.08919666,  0.86531779,
        2.44564466,  0.15596854, -0.69872645, -0.17730446, -0.01230347,
       -0.22644955, -0.01863346]), array([-0.13553144,  1.2999695 , -0.5129311 , -0.08924956,  0.86423499,
        2.4455512 ,  0.15473041, -0.69229106, -0.16831582, -0.01058104,
       -0.21655939, -0.0186917 ]), array([-0.13476447,  1.29654233, -0.51372631, -0.0892937 ,  0.86320497,
        2.44545731,  0.15339362, -0.68543408, -0.15904218, -0.00882733,
       -0.20600493, -0.01877725]), array([-0.13400466,  1.29315154, -0.51447372, -0.08932892,  0.86223041,
        2.44536293,  0.15196208, -0.67815703, -0.14948074, -0.0070456 ,
       -0.19491013, -0.01887541]), array([-0.13325246,  1.28979922, -0.51517189, -0.08935512,  0.86131353,
        2.44526804,  0.15043961, -0.67046406, -0.13963446, -0.00523838,
       -0.18337633, -0.01897813]), array([-0.13250831,  1.28648742, -0.51581944, -0.08937216,  0.86045609,
        2.44517264,  0.1488299 , -0.66236156, -0.12951078, -0.00340781,
       -0.1714876 , -0.01908096]), array([-1.31772628e-01,  1.28321813e+00, -5.16415047e-01, -8.93799353e-02,
        8.59659521e-01,  2.44507673e+00,  1.47136586e-01, -6.53857818e-01,
       -1.19120567e-01, -1.55589035e-03, -1.59314838e-01, -1.91813845e-02]), array([-1.31045811e-01,  1.27999331e+00, -5.16957434e-01, -8.93783582e-02,
        8.58924926e-01,  2.44498034e+00,  1.45363294e-01, -6.44962730e-01,
       -1.08477316e-01,  3.15411031e-04, -1.46918873e-01, -1.92779489e-02]), array([-1.30328243e-01,  1.27681487e+00, -5.17445417e-01, -8.93673377e-02,
        8.58253162e-01,  2.44488349e+00,  1.43513630e-01, -6.35687630e-01,
       -9.75965808e-02,  2.20409406e-03, -1.34352782e-01, -1.93697561e-02]), array([-0.12962029,  1.27368465, -0.51787789, -0.0893468 ,  0.85764484,
        2.44478621,  0.14159122, -0.62604509, -0.08649549,  0.00410808,
       -0.12166366, -0.01945621]), array([-0.12892229,  1.2706044 , -0.51825386, -0.08931667,  0.85710037,
        2.44468853,  0.13959971, -0.61604879, -0.07519238,  0.0060252 ,
       -0.10889394, -0.0195369 ]), array([-0.12823457,  1.26757584, -0.51857239, -0.08927691,  0.85661996,
        2.44459047,  0.13754278, -0.60571338, -0.06370652,  0.00795318,
       -0.09608239, -0.01961148]), array([-0.12755745,  1.26460057, -0.51883268, -0.08922746,  0.85620364,
        2.44449207,  0.13542417, -0.5950544 , -0.05205786,  0.00988968,
       -0.08326482, -0.0196797 ]), array([-0.12689122,  1.26168013, -0.51903401, -0.0891683 ,  0.85585127,
        2.44439337,  0.13324764, -0.58408816, -0.0402669 ,  0.01183225,
       -0.07047465, -0.0197413 ]), array([-0.12623613,  1.25881597, -0.51917578, -0.0890994 ,  0.85556255,
        2.44429439,  0.13101701, -0.57283168, -0.02835446,  0.01377838,
       -0.0577433 , -0.01979611]), array([-0.12559245,  1.25600945, -0.51925749, -0.08902078,  0.85533705,
        2.44419517,  0.12873613, -0.56130258, -0.01634163,  0.01572552,
       -0.04510043, -0.01984394]), array([-0.12496041,  1.25326186, -0.51927874, -0.08893242,  0.85517418,
        2.44409574,  0.12640891, -0.54951907, -0.00424963,  0.01767106,
       -0.03257421, -0.01988465]), array([-0.12434021,  1.25057436, -0.51923924, -0.08883436,  0.85507322,
        2.44399615,  0.12403926, -0.53749981,  0.0079003 ,  0.01961238,
       -0.02019137, -0.01991813]), array([-0.12373205,  1.24794804, -0.51913881, -0.08872662,  0.85503333,
        2.44389643,  0.12163114, -0.5252639 ,  0.02008694,  0.02154683,
       -0.00797738, -0.0199443 ]), array([-0.12313611,  1.24538389, -0.51897736, -0.08860927,  0.85505355,
        2.44379661,  0.11918852, -0.51283078,  0.03228918,  0.02347176,
        0.00404359, -0.01996308]), array([-0.12255253,  1.24288279, -0.51875493, -0.08848234,  0.85513279,
        2.44369674,  0.11671539, -0.5002202 ,  0.04448611,  0.02538455,
        0.01584858, -0.01997445]), array([-0.12198146,  1.24044552, -0.51847164, -0.08834593,  0.85526987,
        2.44359685,  0.11421572, -0.48745214,  0.05665705,  0.02728259,
        0.02741583, -0.01997842]), array([-0.12142299,  1.23807279, -0.51812774, -0.08820011,  0.8554635 ,
        2.44349698,  0.1116935 , -0.47454674,  0.06878161,  0.02916329,
        0.0387248 , -0.019975  ]), array([-0.12087722,  1.23576517, -0.51772354, -0.08804499,  0.85571228,
        2.44339715,  0.10915269, -0.46152429,  0.08083976,  0.03102414,
        0.0497562 , -0.01996426]), array([-0.12034424,  1.23352314, -0.51725948, -0.08788068,  0.85601474,
        2.44329742,  0.1065972 , -0.44840509,  0.09281188,  0.03286266,
        0.06049193, -0.01994628]), array([-0.11982408,  1.2313471 , -0.51673608, -0.0877073 ,  0.85636931,
        2.44319782,  0.10403095, -0.4352095 ,  0.10467877,  0.03467642,
        0.07091518, -0.01992117]), array([-0.11931679,  1.22923731, -0.51615397, -0.08752498,  0.85677436,
        2.44309837,  0.10145778, -0.42195778,  0.11642177,  0.03646309,
        0.08101037, -0.01988907]), array([-0.11882239,  1.22719396, -0.51551386, -0.08733388,  0.85722818,
        2.44299912,  0.09888147, -0.40867011,  0.12802272,  0.03822039,
        0.0907632 , -0.01985014]), array([-0.11834086,  1.22521712, -0.51481654, -0.08713415,  0.85772898,
        2.4429001 ,  0.09630575, -0.3953665 ,  0.13946405,  0.03994615,
        0.10016068, -0.01980457]), array([-0.11787219,  1.22330679, -0.5140629 , -0.08692596,  0.85827494,
        2.44280134,  0.09373428, -0.38206675,  0.15072882,  0.04163827,
        0.10919107, -0.01975258]), array([-0.11741633,  1.22146284, -0.51325389, -0.08670948,  0.85886416,
        2.44270286,  0.09117063, -0.36879041,  0.16180072,  0.04329476,
        0.11784395, -0.01969438]), array([-0.11697324,  1.21968505, -0.51239057, -0.08648492,  0.85949471,
        2.44260471,  0.08861826, -0.35555672,  0.17266414,  0.04491372,
        0.12611018, -0.01963024]), array([-0.11654284,  1.21797313, -0.51147405, -0.08625245,  0.86016462,
        2.44250691,  0.08608056, -0.34238454,  0.18330417,  0.04649337,
        0.13398189, -0.01956042]), array([-0.11612504,  1.21632667, -0.51050552, -0.08601229,  0.86087188,
        2.44240948,  0.0835608 , -0.32929237,  0.19370666,  0.04803203,
        0.14145251, -0.0194852 ]), array([-0.11571973,  1.21474518, -0.50948623, -0.08576465,  0.86161447,
        2.44231246,  0.08106213, -0.31629825,  0.20385822,  0.04952815,
        0.1485167 , -0.01940489]), array([-0.11532679,  1.21322808, -0.5084175 , -0.08550975,  0.86239032,
        2.44221586,  0.07858759, -0.30341973,  0.21374624,  0.05098026,
        0.15517038, -0.01931979]), array([-0.11494609,  1.21177471, -0.5073007 , -0.08524781,  0.86319737,
        2.44211971,  0.0761401 , -0.29067387,  0.22335892,  0.05238706,
        0.16141064, -0.01923022]), array([-0.11457747,  1.21038433, -0.50613727, -0.08497908,  0.86403355,
        2.44202403,  0.07372244, -0.27807715,  0.2326853 ,  0.05374733,
        0.1672358 , -0.01913652]), array([-0.11422079,  1.2090561 , -0.5049287 , -0.08470378,  0.86489678,
        2.44192883,  0.07133726, -0.26564548,  0.24171522,  0.05506   ,
        0.1726453 , -0.01903903]), array([-0.11387585,  1.20778913, -0.5036765 , -0.08442215,  0.86578497,
        2.44183414,  0.06898707, -0.25339417,  0.25043941,  0.05632411,
        0.1776397 , -0.01893807]), array([-0.11354248,  1.20658244, -0.50238225, -0.08413446,  0.86669608,
        2.44173997,  0.06667424, -0.24133786,  0.25884942,  0.05753882,
        0.18222064, -0.01883401]), array([-0.11322048,  1.20543499, -0.50104757, -0.08384094,  0.86762803,
        2.44164634,  0.06440102, -0.22949055,  0.26693768,  0.05870343,
        0.18639077, -0.01872717]), array([-0.11290963,  1.20434566, -0.49967408, -0.08354186,  0.8685788 ,
        2.44155325,  0.06216947, -0.21786554,  0.27469745,  0.05981736,
        0.19015374, -0.01861792]), array([-0.11260972,  1.20331328, -0.49826346, -0.08323746,  0.86954637,
        2.44146071,  0.05998153, -0.20647543,  0.28212287,  0.06088014,
        0.19351415, -0.01850658]), array([-0.11232053,  1.20233662, -0.49681742, -0.082928  ,  0.87052876,
        2.44136875,  0.05783901, -0.1953321 ,  0.28920893,  0.06189144,
        0.19647744, -0.01839351]), array([-0.11204181,  1.20141439, -0.49533766, -0.08261374,  0.87152401,
        2.44127735,  0.05574355, -0.1844467 ,  0.29595145,  0.06285104,
        0.19904993, -0.01827904]), array([-0.11177333,  1.20054524, -0.49382593, -0.08229495,  0.8725302 ,
        2.44118653,  0.05369664, -0.17382962,  0.3023471 ,  0.06375883,
        0.2012387 , -0.01816348]), array([-0.11151483,  1.19972779, -0.49228396, -0.08197187,  0.87354546,
        2.4410963 ,  0.05169965, -0.16349051,  0.30839335,  0.06461483,
        0.20305156, -0.01804718]), array([-0.11126606,  1.19896059, -0.49071352, -0.08164478,  0.87456794,
        2.44100664,  0.04975378, -0.15343825,  0.3140885 ,  0.06541916,
        0.20449699, -0.01793044]), array([-0.11102676,  1.19824219, -0.48911636, -0.08131392,  0.87559586,
        2.44091758,  0.0478601 , -0.14368098,  0.31943162,  0.06617206,
        0.20558407, -0.01781355]), array([-0.11079666,  1.19757106, -0.48749425, -0.08097955,  0.87662748,
        2.44082909,  0.04601955, -0.13422606,  0.32442256,  0.06687386,
        0.20632246, -0.01769682]), array([-0.1105755 ,  1.19694566, -0.48584894, -0.08064192,  0.87766109,
        2.44074119,  0.04423292, -0.12508008,  0.32906192,  0.067525  ,
        0.20672232, -0.01758053]), array([-0.11036299,  1.19636441, -0.48418218, -0.08030129,  0.87869506,
        2.44065387,  0.04250087, -0.1162489 ,  0.333351  ,  0.06812603,
        0.20679424, -0.01746494]), array([-0.11015887,  1.19582573, -0.48249572, -0.07995791,  0.87972781,
        2.44056711,  0.04082393, -0.10773762,  0.33729182,  0.06867756,
        0.20654924, -0.01735031]), array([-0.10996286,  1.19532797, -0.48079129, -0.07961201,  0.8807578 ,
        2.44048093,  0.0392025 , -0.09955059,  0.34088707,  0.06918031,
        0.20599864, -0.01723688]), array([-0.10977467,  1.19486952, -0.47907059, -0.07926383,  0.88178357,
        2.44039531,  0.03763688, -0.09169143,  0.34414008,  0.06963508,
        0.20515407, -0.01712488]), array([-0.10959404,  1.1944487 , -0.47733531, -0.07891362,  0.88280371,
        2.44031023,  0.03612721, -0.08416306,  0.34705479,  0.07004275,
        0.2040274 , -0.01701454]), array([-0.10942067,  1.19406386, -0.47558713, -0.07856159,  0.88381686,
        2.4402257 ,  0.03467354, -0.07696767,  0.34963571,  0.07040427,
        0.20263068, -0.01690604]), array([-0.10925429,  1.19371333, -0.47382769, -0.07820799,  0.88482174,
        2.4401417 ,  0.03327583, -0.07010677,  0.35188793,  0.07072064,
        0.2009761 , -0.01679958]), array([-0.10909462,  1.19339542, -0.47205861, -0.07785303,  0.88581712,
        2.44005823,  0.03193389, -0.0635812 ,  0.35381704,  0.07099295,
        0.19907597, -0.01669533]), array([-0.10894138,  1.19310847, -0.47028146, -0.07749691,  0.88680183,
        2.43997526,  0.03064747, -0.05739116,  0.35542912,  0.07122234,
        0.19694262, -0.01659344]), array([-0.1087943 ,  1.19285079, -0.46849781, -0.07713987,  0.88777477,
        2.43989279,  0.0294162 , -0.05153618,  0.35673071,  0.07140999,
        0.19458841, -0.01649407]), array([-0.10865311,  1.19262071, -0.46670917, -0.07678208,  0.8887349 ,
        2.4398108 ,  0.02823963, -0.04601522,  0.35772874,  0.07155713,
        0.19202567, -0.01639734]), array([-0.10851752,  1.19241658, -0.46491701, -0.07642375,  0.88968124,
        2.43972929,  0.02711722, -0.04082661,  0.35843057,  0.07166505,
        0.18926668, -0.01630337]), array([-0.10838728,  1.19223674, -0.46312279, -0.07606508,  0.89061285,
        2.43964823,  0.02604835, -0.03596814,  0.35884388,  0.07173504,
        0.18632361, -0.01621227]), array([-0.10826212,  1.19207955, -0.46132791, -0.07570624,  0.8915289 ,
        2.4395676 ,  0.02503233, -0.03143704,  0.35897669,  0.07176847,
        0.18320849, -0.01612412]), array([-0.10814177,  1.1919434 , -0.45953372, -0.0753474 ,  0.89242856,
        2.43948741,  0.02406838, -0.02723004,  0.35883729,  0.0717667 ,
        0.17993323, -0.016039  ]), array([-0.108026  ,  1.19182668, -0.45774155, -0.07498875,  0.89331111,
        2.43940762,  0.02315568, -0.02334333,  0.35843424,  0.07173111,
        0.17650953, -0.01595698]), array([-0.10791453,  1.19172782, -0.45595267, -0.07463043,  0.89417586,
        2.43932823,  0.02229333, -0.01977269,  0.35777632,  0.07166312,
        0.17294888, -0.01587812]), array([-0.10780713,  1.19164525, -0.45416831, -0.07427261,  0.89502217,
        2.43924922,  0.02148038, -0.01651341,  0.35687248,  0.07156415,
        0.16926256, -0.01580245]), array([-0.10770355,  1.19157745, -0.45238965, -0.07391543,  0.89584948,
        2.43917057,  0.02071582, -0.01356038,  0.35573187,  0.07143564,
        0.16546159, -0.01573002]), array([-0.10760356,  1.19152291, -0.45061783, -0.07355904,  0.89665726,
        2.43909227,  0.0199986 , -0.0109081 ,  0.35436375,  0.071279  ,
        0.16155671, -0.01566083]), array([-0.10750692,  1.19148016, -0.44885394, -0.07320356,  0.89744505,
        2.43901429,  0.01932764, -0.00855069,  0.35277749,  0.07109569,
        0.15755841, -0.01559491]), array([-0.10741341,  1.19144775, -0.44709903, -0.07284912,  0.89821244,
        2.43893663,  0.01870179, -0.00648194,  0.35098253,  0.07088713,
        0.15347687, -0.01553225]), array([-0.10732281,  1.19142427, -0.44535409, -0.07249585,  0.89895905,
        2.43885927,  0.01811988, -0.00469533,  0.34898838,  0.07065474,
        0.14932196, -0.01547286]), array([-0.10723491,  1.19140835, -0.44362007, -0.07214385,  0.89968456,
        2.43878218,  0.01758073, -0.00318403,  0.34680457,  0.07039995,
        0.14510325, -0.01541672]), array([-1.07149490e-01,  1.19139865e+00, -4.41897863e-01, -7.17932298e-02,
        9.00388712e-01,  2.43870536e+00,  1.70830880e-02, -1.94097739e-03,
        3.44440614e-01,  7.01241406e-02,  1.40829972e-01, -1.53638014e-02]), array([-1.07066361e-01,  1.19139385e+00, -4.40188333e-01, -7.14440862e-02,
        9.01071267e-01,  2.43862879e+00,  1.66257216e-02, -9.58842687e-04,
        3.41906033e-01,  6.98287105e-02,  1.36511055e-01, -1.53140883e-02]), array([-1.06985324e-01,  1.19139270e+00, -4.38492282e-01, -7.10965111e-02,
        9.01732043e-01,  2.43855246e+00,  1.62073577e-02, -2.30094682e-04,
        3.39210298e-01,  6.95150215e-02,  1.32155084e-01, -1.52675428e-02]), array([-1.06906191e-01,  1.19139397e+00, -4.36810468e-01, -7.07505890e-02,
        9.02370894e-01,  2.43847634e+00,  1.58267114e-02,  2.52990891e-04,
        3.36362818e-01,  6.91844179e-02,  1.27770315e-01, -1.52241253e-02]), array([-1.06828778e-01,  1.19139646e+00, -4.35143603e-01, -7.04063979e-02,
        9.02987717e-01,  2.43840042e+00,  1.54824854e-02,  4.98305680e-04,
        3.33372926e-01,  6.88382200e-02,  1.23364672e-01, -1.51837906e-02]), array([-0.10646416,  1.19603668, -0.4424057 , -0.06692052,  0.90795241,
        2.44803222,  0.07292388,  0.92804458, -1.4524202 ,  0.69717623,
        0.99293805,  1.92635998]), array([-0.10674342,  1.20556703, -0.4574576 , -0.06713738,  0.91331252,
        2.44731968, -0.05585153,  1.90607076, -3.01037994, -0.04337169,
        1.07202294, -0.1425065 ]), array([-0.10658896,  1.21245259, -0.47376157, -0.06378709,  0.9205965 ,
        2.45664886,  0.03089072,  1.37711163, -3.26079242,  0.67005698,
        1.45679537,  1.86583542]), array([-0.10700598,  1.21487124, -0.48595789, -0.06375297,  0.93112049,
        2.45581996, -0.08340289,  0.48372862, -2.43926531,  0.00682424,
        2.10479771, -0.16578008]), array([-0.10795994,  1.21284869, -0.49423719, -0.06757996,  0.94519306,
        2.46566452, -0.19079334, -0.40450937, -1.65586045, -0.76539721,
        2.81451387,  1.96891196]), array([-0.10843244,  1.21393861, -0.50419444, -0.06748646,  0.95789732,
        2.46434804, -0.09449869,  0.21798488, -1.9914483 ,  0.01869953,
        2.54085339, -0.2632972 ]), array([-0.10934865,  1.2190326 , -0.51782961, -0.07156532,  0.96748811,
        2.47353314, -0.18324337,  1.01879796, -2.72703531, -0.81577298,
        1.91815766,  1.83702121]), array([-0.10970446,  1.22793068, -0.53496673, -0.07168138,  0.97436548,
        2.47164343, -0.07116083,  1.77961488, -3.42742273, -0.02321164,
        1.37547339, -0.37794277]), array([-0.11045341,  1.23351446, -0.55078575, -0.07477412,  0.98262417,
        2.46006638, -0.14978948,  1.11675697, -3.16380522, -0.61854794,
        1.65173814, -2.31540956]), array([-0.11064598,  1.24169674, -0.56755755, -0.07464101,  0.99019209,
        2.45865876, -0.03851481,  1.63645482, -3.35435996,  0.02662235,
        1.51358389, -0.28152292]), array([-0.11129109,  1.24647791, -0.58293273, -0.07817476,  0.99918309,
        2.46797552, -0.1290215 ,  0.95623381, -3.07503545, -0.70675073,
        1.79820038,  1.86335099]), array([-0.11137421,  1.25401558, -0.59947006, -0.07781932,  1.00741026,
        2.46618112, -0.016625  ,  1.50753439, -3.30746559,  0.07108788,
        1.64543274, -0.358879  ]), array([-0.11097264,  1.26434741, -0.61839241, -0.07495615,  1.01339271,
        2.47227711,  0.08031522,  2.06636729, -3.78447063,  0.57263452,
        1.19649047,  1.21919781]), array([-0.11110568,  1.27071223, -0.63496121, -0.07587136,  1.0222028 ,
        2.48876633, -0.0266092 ,  1.27296388, -3.31375957, -0.18304273,
        1.76201825,  3.29784353]), array([-0.11073001,  1.27239552, -0.64760979, -0.0725986 ,  1.03543182,
        2.49410725,  0.07513489,  0.33665687, -2.52971557,  0.65455314,
        2.64580497,  1.06818423]), array([-0.10985273,  1.26971823, -0.6565642 , -0.06536477,  1.05190418,
        2.48879949,  0.17545522, -0.53545768, -1.79088267,  1.44676533,
        3.29447159, -1.06155278]), array([-0.10952807,  1.2629745 , -0.66219292, -0.06152565,  1.07146423,
        2.47390908,  0.06493296, -1.34874659, -1.12574337,  0.76782463,
        3.91201009, -2.97808209]), array([-0.1086651 ,  1.25899847, -0.66858308, -0.05478385,  1.09049284,
        2.46938537,  0.17259427, -0.79520469, -1.27803176,  1.34836042,
        3.80572206, -0.90474177]), array([-0.10727299,  1.25958247, -0.67984731, -0.04469252,  1.10597938,
        2.45449214,  0.27842211,  0.11679868, -2.25284755,  2.01826597,
        3.09730745, -2.97864683]), array([-0.10571524,  1.2616027 , -0.69212041, -0.03360911,  1.11990913,
        2.4360088 ,  0.311549  ,  0.40404743, -2.45461936,  2.21668105,
        2.78595078, -3.69666631]), array([-0.10420074,  1.26340308, -0.70376102, -0.02301819,  1.13290717,
        2.41832291,  0.30290013,  0.36007495, -2.32812114,  2.11818428,
        2.59960788, -3.53717832]), array([-0.0998169 ,  1.26731912, -0.71245806, -0.0075147 ,  1.14089951,
        2.4111702 ,  0.87676725,  0.7832082 , -1.73940957,  3.10069791,
        1.59846713, -1.43054255]), array([-0.09419125,  1.2667538 , -0.7144373 ,  0.01130474,  1.14990796,
        2.39602906,  1.12513009, -0.11306447, -0.39584738,  3.76388818,
        1.80169097, -3.02822797]), array([-0.08875114,  1.26402435, -0.71308911,  0.02822355,  1.15909547,
        2.37759266,  1.08802158, -0.54588978,  0.26963772,  3.38376168,
        1.83750176, -3.68727934]), array([-0.08286157,  1.25738326, -0.70785572,  0.04720739,  1.17223984,
        2.36795281,  1.17791401, -1.32821719,  1.04667849,  3.79676903,
        2.62887375, -1.92796996]), array([-0.07720619,  1.25411541, -0.70388852,  0.06210605,  1.18248634,
        2.36902822,  1.13107607, -0.65357035,  0.79343985,  2.97973133,
        2.04929976,  0.21508117]), array([-0.07061165,  1.24763969, -0.69841891,  0.08006214,  1.19350876,
        2.38022174,  1.31890876, -1.29514479,  1.09392195,  3.59121872,
        2.20448418,  2.23870485]), array([-0.06374198,  1.23948367, -0.69114279,  0.09893582,  1.20555235,
        2.38684243,  1.37393324, -1.63120377,  1.45522459,  3.77473481,
        2.4087181 ,  1.32413737]), array([-0.05669538,  1.23283703, -0.68463698,  0.11844788,  1.2163694 ,
        2.39714997,  1.40932182, -1.32932692,  1.30116094,  3.90241234,
        2.16340982,  2.06150752]), array([-0.04977529,  1.2231426 , -0.67687249,  0.13434751,  1.22807685,
        2.39726216,  1.38401623, -1.93888637,  1.55289752,  3.17992609,
        2.34149053,  0.02243755]), array([-0.04212837,  1.20934791, -0.66511   ,  0.15340819,  1.24295267,
        2.38704134,  1.52938427, -2.75893731,  2.35249858,  3.81213571,
        2.97516412, -2.04416342]), array([-0.03493795,  1.19849423, -0.65393262,  0.16847294,  1.25729787,
        2.38745631,  1.43808416, -2.17073669,  2.23547595,  3.01295072,
        2.86904014,  0.08299403]), array([-0.02767245,  1.19241173, -0.64762973,  0.18052211,  1.26746904,
        2.37782182,  1.45310081, -1.21650084,  1.26057836,  2.40983304,
        2.034233  , -1.92689698]), array([-0.0195227 ,  1.18282936, -0.63939152,  0.19541109,  1.28016953,
        2.3787126 ,  1.62994964, -1.91647365,  1.64764218,  2.97779729,
        2.54009866,  0.17815605]), array([-0.01028517,  1.17672663, -0.63249077,  0.21379119,  1.29029552,
        2.38940218,  1.84750696, -1.22054563,  1.38014927,  3.67601882,
        2.02519831,  2.13791609]), array([-1.00540293e-03,  1.17465357e+00, -6.28914287e-01,  2.29186927e-01,
        1.29753245e+00,  2.38956301e+00,  1.85595244e+00, -4.14612766e-01,
        7.15297265e-01,  3.07914767e+00,  1.44738613e+00,  3.21648912e-02]), array([ 0.00934228,  1.16906691, -0.62294275,  0.24782956,  1.30658884,
        2.3794592 ,  2.06953637, -1.11733069,  1.19430826,  3.72852705,
        1.81127621, -2.02076153]), array([ 0.01957253,  1.15912864, -0.61320099,  0.26238212,  1.31945956,
        2.38021658,  2.04605096, -1.98765487,  1.94835202,  2.91051176,
        2.57414543,  0.15147668]), array([ 0.03067315,  1.15244478, -0.60472865,  0.2746308 ,  1.33050466,
        2.39113061,  2.22012339, -1.33677145,  1.69446615,  2.44973527,
        2.20901914,  2.18280517]), array([ 0.04421947,  1.14224955, -0.59372378,  0.29138613,  1.34403987,
        2.39130919,  2.70926401, -2.03904688,  2.20097502,  3.35106734,
        2.70704298,  0.03571669]), array([ 0.05906544,  1.13026254, -0.58011552,  0.30973921,  1.35856894,
        2.39545083,  2.96919385, -2.39740209,  2.72165268,  3.67061482,
        2.90581237,  0.82832673]), array([ 0.0743452 ,  1.11765884, -0.56548904,  0.32837581,  1.37306319,
        2.39733454,  3.05595283, -2.52073836,  2.92529427,  3.72732079,
        2.89885011,  0.37674195]), array([ 0.09004925,  1.10447108, -0.54989107,  0.34726214,  1.38750533,
        2.3970493 ,  3.14080821, -2.6375531 ,  3.1195949 ,  3.77726502,
        2.88842865, -0.05704821]), array([ 0.10532002,  1.09178719, -0.53491124,  0.36503393,  1.40092222,
        2.39678549,  3.05415574, -2.53677783,  2.99596571,  3.55435893,
        2.68337845, -0.0527608 ]), array([ 0.12101816,  1.07852832, -0.51899006,  0.38307339,  1.41429741,
        2.39443199,  3.13962746, -2.65177432,  3.18423569,  3.6078925 ,
        2.67503789, -0.47070038]), array([ 0.13627931,  1.06577257, -0.50372643,  0.40003233,  1.42668226,
        2.39217998,  3.0522293 , -2.55114885,  3.05272603,  3.39178779,
        2.47697037, -0.45040297]), array([ 0.15197157,  1.05245027, -0.48754855,  0.41727592,  1.4390346 ,
        2.38791188,  3.13845245, -2.6644601 ,  3.2355761 ,  3.44871826,
        2.47046711, -0.85361902]), array([ 0.16722367,  1.03963017, -0.4720637 ,  0.43347223,  1.4504296 ,
        2.38382022,  3.05041957, -2.5640211 ,  3.09697068,  3.2392618 ,
        2.27899951, -0.8183325 ]), array([ 0.18172527,  1.02745484, -0.45723176,  0.44965124,  1.45941129,
        2.3798654 ,  2.90032077, -2.4350653 ,  2.96638723,  3.23580147,
        1.79633954, -0.79096421]), array([ 0.19553901,  1.01591661, -0.44295138,  0.46553037,  1.46649243,
        2.37604067,  2.76274704, -2.3076455 ,  2.85607695,  3.17582551,
        1.41622667, -0.76494544]), array([ 0.2087175 ,  1.00500458, -0.42914437,  0.48089191,  1.47206426,
        2.37233947,  2.63569832, -2.18240626,  2.76140165,  3.07230797,
        1.11436572, -0.74023965]), array([ 0.22130545,  0.994705  , -0.4157508 ,  0.49557183,  1.47642573,
        2.36875573,  2.51759048, -2.05991598,  2.67871307,  2.93598508,
        0.87229429, -0.71674912]), array([ 0.23334124,  0.9850018 , -0.40272494,  0.50945028,  1.47980554,
        2.36528394,  2.40715708, -1.94064107,  2.60517392,  2.77568842,
        0.67596258, -0.69435694]), array([ 0.24485813,  0.97587709, -0.39003195,  0.52244346,  1.48237886,
        2.3619192 ,  2.30337784, -1.82494211,  2.53859783,  2.59863632,
        0.51466462, -0.67294866]), array([ 0.25588525,  0.96731168, -0.37764538,  0.53449689,  1.48428003,
        2.35865709,  2.20542537, -1.71308126,  2.47731325,  2.41068747,
        0.38023338, -0.65242204]), array([ 0.26644838,  0.95928551, -0.36554512,  0.5455797 ,  1.4856122 ,
        2.35549364,  2.11262464, -1.60523467,  2.42005152,  2.21656019,
        0.26643375, -0.63269034]), array([ 0.27657048,  0.95177798, -0.35371584,  0.5556798 ,  1.48645472,
        2.35242522,  2.02442171, -1.50150623,  2.36585654,  2.02002071,
        0.16850385, -0.61368217]), array([ 0.28627228,  0.94476827, -0.34214577,  0.56480002,  1.48686876,
        2.34944853,  1.94035934, -1.40194092,  2.31401317,  1.82404397,
        0.08280764, -0.59533977]), array([ 0.29557257,  0.93823559, -0.33082582,  0.57295477,  1.48690161,
        2.34656044,  1.86005776, -1.3065368 ,  2.26399092,  1.63095015,
        0.00657113, -0.5776167 ]), array([ 0.30448857,  0.93215931, -0.31974882,  0.58016737,  1.48659002,
        2.34375806,  1.78319946, -1.21525531,  2.21540001,  1.44252011,
       -0.06231844, -0.56047561]), array([ 0.31303615,  0.92651916, -0.30890903,  0.58646783,  1.48596269,
        2.34103863,  1.70951703, -1.12802994,  2.16795745,  1.26009261,
       -0.12546593, -0.54388614]), array([ 0.32123007,  0.9212953 , -0.29830173,  0.59189106,  1.48504226,
        2.33839952,  1.63878343, -1.04477331,  2.12146076,  1.08464574,
       -0.18408554, -0.52782327]), array([ 0.32908409,  0.91646838, -0.28792289,  0.59647539,  1.48384681,
        2.33583819,  1.57080421, -0.96538292,  2.07576781,  0.91686505,
       -0.23909093, -0.51226596]), array([ 0.33661115,  0.91201965, -0.27776898,  0.60026139,  1.48239099,
        2.33335221,  1.50541123, -0.88974572,  2.03078148,  0.75720026,
       -0.29116439, -0.49719611]), array([ 0.34382343,  0.90793094, -0.26783679,  0.60329095,  1.48068693,
        2.33093922,  1.44245759, -0.81774176,  1.98643779,  0.60591226,
       -0.3408103 , -0.48259785]), array([ 0.3507325 ,  0.90418471, -0.25812331,  0.60560651,  1.47874495,
        2.32859693,  1.38181361, -0.74924697,  1.94269702,  0.46311207,
       -0.38839636, -0.46845692]), array([ 0.35734932,  0.90076403, -0.24862562,  0.60725047,  1.47657402,
        2.32632313,  1.32336354, -0.68413545,  1.8995369 ,  0.32879283,
       -0.43418556, -0.45476036]), array([ 0.36368434,  0.89765263, -0.23934089,  0.60826476,  1.47418222,
        2.32411565,  1.267003  , -0.62228109,  1.85694745,  0.20285619,
       -0.47836098, -0.44149617]), array([ 0.36974752,  0.89483483, -0.23026625,  0.60869042,  1.47157699,
        2.32197238,  1.21263685, -0.56355886,  1.81492717,  0.08513374,
       -0.52104502, -0.4286532 ]), array([ 0.37554841,  0.8922956 , -0.22139885,  0.60856745,  1.46876542,
        2.31989128,  1.16017755, -0.50784584,  1.77348012, -0.02459536,
       -0.56231439, -0.41622094]), array([ 0.38109613,  0.89002049, -0.21273578,  0.6079345 ,  1.46575436,
        2.31787033,  1.10954387, -0.45502185,  1.73261376, -0.12659025,
       -0.60221177, -0.40418952]), array([ 0.38639943,  0.88799564, -0.20427409,  0.60682881,  1.46255059,
        2.31590758,  1.06065984, -0.40497001,  1.69233741, -0.22113689,
       -0.64075487, -0.39254959]), array([ 0.3914667 ,  0.88620776, -0.19601079,  0.60528612,  1.45916087,
        2.31400112,  1.01345392, -0.35757711,  1.65266105, -0.30853884,
       -0.67794348, -0.38129227]), array([ 0.39630599,  0.88464409, -0.18794282,  0.60334057,  1.45559205,
        2.31214908,  0.96785839, -0.31273381,  1.61359451, -0.38910995,
       -0.71376491, -0.37040914]), array([ 0.40092503,  0.88329241, -0.18006708,  0.60102472,  1.45185106,
        2.31034962,  0.92380885, -0.27033479,  1.57514686, -0.46316858,
       -0.74819829, -0.35989219]), array([ 0.40533125,  0.88214102, -0.17238045,  0.59836956,  1.44794497,
        2.30860095,  0.88124381, -0.23027887,  1.53732605, -0.53103301,
       -0.78121775, -0.34973377]), array([ 0.40953177,  0.88117867, -0.16487976,  0.59540447,  1.44388099,
        2.30690131,  0.8401044 , -0.19246897,  1.50013858, -0.59301799,
       -0.81279495, -0.33992658]), array([ 0.41353344,  0.88039461, -0.15756181,  0.59215731,  1.43966649,
        2.305249  ,  0.80033415, -0.15681211,  1.46358939, -0.64943198,
       -0.84290099, -0.3304636 ]), array([ 0.41734284,  0.87977852, -0.1504234 ,  0.58865443,  1.43530895,
        2.30364231,  0.76187878, -0.12321937,  1.42768178, -0.70057519,
       -0.87150777, -0.32133807]), array([ 0.42096627,  0.87932049, -0.14346132,  0.58492074,  1.430816  ,
        2.30207959,  0.72468608, -0.09160578,  1.39241731, -0.74673806,
       -0.89858906, -0.31254348]), array([ 0.4244098 ,  0.87901104, -0.13667234,  0.58097974,  1.4261954 ,
        2.30055922,  0.68870576, -0.06189023,  1.35779593, -0.78820027,
       -0.92412124, -0.3040735 ]), array([ 0.42767924,  0.87884106, -0.13005326,  0.57685359,  1.42145498,
        2.29907961,  0.65388939, -0.03399539,  1.32381592, -0.82523   ,
       -0.94808378, -0.29592196]), array([ 0.43078019,  0.87880182, -0.12360089,  0.57256317,  1.41660268,
        2.2976392 ,  0.62019027, -0.00784752,  1.29047402, -0.85808355,
       -0.97045958, -0.28808281]), array([ 0.43371801,  0.87888494, -0.11731206,  0.56812815,  1.4116465 ,
        2.29623645,  0.5875634 ,  0.01662357,  1.25776548, -0.88700516,
       -0.99123517, -0.28055011]), array([ 0.43649784,  0.87908236, -0.11118364,  0.56356701,  1.4065945 ,
        2.29486986,  0.55596541,  0.03948472,  1.22568416, -0.91222692,
       -1.01040073, -0.27331799]), array([ 0.43912461,  0.87938636, -0.10521252,  0.55889717,  1.40145475,
        2.29353795,  0.52535445,  0.06079953,  1.19422266, -0.93396898,
       -1.02795011, -0.26638065]), array([ 0.44160306,  0.8797895 , -0.09939566,  0.55413497,  1.39623535,
        2.29223929,  0.4956902 ,  0.08062848,  1.16337236, -0.95243967,
       -1.04388074, -0.25973229]), array([ 0.44393773,  0.88028465, -0.09373005,  0.54929579,  1.39094438,
        2.29097246,  0.46693379,  0.09902911,  1.13312359, -0.96783584,
       -1.0581935 , -0.25336715]), array([ 0.44613297,  0.88086493, -0.08821272,  0.54439408,  1.38558992,
        2.28973606,  0.4390477 ,  0.1160561 ,  1.10346568, -0.98034319,
       -1.07089256, -0.24727948]), array([ 0.44819295,  0.88152374, -0.08284078,  0.53944339,  1.38017999,
        2.28852874,  0.4119958 ,  0.13176144,  1.07438709, -0.99013667,
       -1.08198519, -0.24146349]), array([ 0.45012166,  0.88225471, -0.0776114 ,  0.53445649,  1.37472258,
        2.28734917,  0.3857432 ,  0.14619457,  1.04587552, -0.99738088,
       -1.09148157, -0.2359134 ]), array([ 0.45192295,  0.88305172, -0.07252181,  0.52944534,  1.36922561,
        2.28619606,  0.36025626,  0.15940247,  1.01791798, -1.0022305 ,
       -1.09939458, -0.2306234 ]), array([ 0.45360046,  0.88390887, -0.06756931,  0.52442118,  1.36369691,
        2.28506812,  0.33550254,  0.17142983,  0.99050092, -1.00483075,
       -1.10573959, -0.22558768]), array([ 0.45515771,  0.88482047, -0.06275126,  0.51939459,  1.35814424,
        2.28396412,  0.31145069,  0.18231915,  0.96361029, -1.0053178 ,
       -1.11053425, -0.22080036]), array([ 0.45659806,  0.88578102, -0.0580651 ,  0.5143755 ,  1.35257525,
        2.28288284,  0.28807049,  0.19211087,  0.93723164, -1.00381926,
       -1.11379831, -0.21625558]), array([ 0.45792473,  0.88678524, -0.05350835,  0.50937322,  1.34699748,
        2.2818231 ,  0.26533272,  0.2008435 ,  0.91135019, -1.00045455,
       -1.11555339, -0.21194743]), array([ 0.45914077,  0.88782801, -0.04907859,  0.50439655,  1.34141837,
        2.28078375,  0.24320916,  0.20855373,  0.88595096, -0.9953354 ,
       -1.11582282, -0.20787   ]), array([ 0.46024914,  0.88890439, -0.0447735 ,  0.49945372,  1.33584521,
        2.27976367,  0.22167255,  0.2152765 ,  0.86101877, -0.98856622,
       -1.11463148, -0.20401736]), array([ 0.46125262,  0.89000962, -0.04059081,  0.49455249,  1.33028518,
        2.27876175,  0.20069652,  0.22104521,  0.83653837, -0.98024449,
       -1.11200563, -0.20038358]), array([ 0.4621539 ,  0.89113908, -0.03652834,  0.48970019,  1.32474532,
        2.27777693,  0.18025557,  0.2258917 ,  0.81249448, -0.97046122,
       -1.10797273, -0.19696271]), array([ 0.46295552,  0.89228831, -0.03258398,  0.48490368,  1.31923251,
        2.27680819,  0.16032502,  0.22984646,  0.78887185, -0.95930122,
       -1.10256137, -0.19374882]), array([ 0.46365993,  0.893453  , -0.0287557 ,  0.48016946,  1.31375351,
        2.27585451,  0.140881  ,  0.23293867,  0.76565533, -0.94684356,
       -1.0958011 , -0.19073601]), array([ 0.46426943,  0.89462898, -0.02504155,  0.47550365,  1.30831489,
        2.27491492,  0.12190036,  0.23519631,  0.74282992, -0.93316184,
       -1.08772234, -0.18791836]), array([ 0.46478623,  0.89581221, -0.02143965,  0.47091203,  1.30292311,
        2.27398847,  0.10336073,  0.23664624,  0.72038082, -0.91832457,
       -1.07835628, -0.18529001]), array([ 0.46521243,  0.89699879, -0.01794818,  0.46640005,  1.29758444,
        2.27307424,  0.08524039,  0.23731431,  0.69829345, -0.90239544,
       -1.06773481, -0.18284512]), array([ 0.46555003,  0.89818491, -0.01456541,  0.46197289,  1.29230499,
        2.27217135,  0.06751831,  0.23722542,  0.67655353, -0.88543364,
       -1.0558904 , -0.18057789]), array([ 0.4658009 ,  0.89936693, -0.01128968,  0.45763541,  1.28709071,
        2.27127894,  0.05017412,  0.23640363,  0.65514709, -0.86749416,
       -1.0428561 , -0.17848259]), array([ 0.46596684,  0.90054129, -0.00811937,  0.45339227,  1.28194738,
        2.27039617,  0.03318806,  0.2348722 ,  0.63406053, -0.848628  ,
       -1.02866545, -0.1765535 ]), array([ 0.46604954,  0.90170456, -0.00505297,  0.44924786,  1.27688062,
        2.26952225,  0.01654097,  0.23265369,  0.61328062, -0.82888249,
       -1.01335243, -0.17478501]), array([ 4.66059565e-01,  9.02826974e-01, -2.17029607e-03,  4.45249820e-01,
        1.27155318e+00,  2.26867164e+00,  2.00477837e-03,  2.24482804e-01,
        5.76534789e-01, -7.99608419e-01, -1.06548676e+00, -1.70121127e-01])], 'U_history': [array([ 2.59601015e-03, -4.25821960e-05, -1.57000494e-04, -1.05872736e-03,
       -5.34780877e-04,  7.38751516e-20]), array([-0.01380679,  0.06274169, -0.00226836,  0.00036913,  0.12100341,
        0.00907942]), array([-0.02938089,  0.12474016,  0.00260796,  0.00208033,  0.21789001,
        0.01447692]), array([-0.04420402,  0.18568423,  0.01279116,  0.00402864,  0.29584868,
        0.01778084]), array([-0.05833398,  0.24539278,  0.0269805 ,  0.00617764,  0.35926464,
        0.01988109]), array([-0.07181497,  0.30375734,  0.04417356,  0.00849407,  0.41150174,
        0.02127939]), array([-0.08468333,  0.36073181,  0.06360398,  0.01094664,  0.45514518,
        0.02226097]), array([-0.09697307,  0.41632292,  0.08469234,  0.01350694,  0.49218612,
        0.0229896 ]), array([-0.1087197 ,  0.47057915,  0.10700551,  0.01615065,  0.52416096,
        0.02356062]), array([-0.11996166,  0.52357841,  0.13022266,  0.01885776,  0.552256  ,
        0.02403043]), array([-0.13073931,  0.57541707,  0.15410768,  0.02161206,  0.57738667,
        0.02443308]), array([-0.14109307,  0.62620215,  0.17848842,  0.02440021,  0.60025883,
        0.02478962]), array([-0.15106181,  0.67604666,  0.20324144,  0.02721107,  0.62141651,
        0.02511343]), array([-0.16068201,  0.72506712,  0.22828098,  0.0300353 ,  0.64127938,
        0.02541323]), array([-0.16998764,  0.77338194,  0.25355061,  0.03286523,  0.66017161,
        0.02569488]), array([-0.17901021,  0.82111039,  0.27901688,  0.03569474,  0.67834428,
        0.02596246]), array([-0.18777913,  0.8683717 ,  0.30466423,  0.03851923,  0.69599243,
        0.02621887]), array([-0.1963219 ,  0.91528419,  0.33049097,  0.04133549,  0.71326812,
        0.02646626]), array([-0.20466441,  0.96196463,  0.35650606,  0.04414156,  0.73029037,
        0.0267063 ]), array([-0.2128311 ,  1.00852747,  0.38272646,  0.04693661,  0.7471527 ,
        0.0269403 ]), array([-0.21577314,  1.04851529,  0.4046271 ,  0.04749792,  0.76076896,
        0.02716933]), array([-0.22322142,  1.09449714,  0.43093524,  0.05027761,  0.77754197,
        0.0273532 ]), array([-0.23054747,  1.14067815,  0.45752943,  0.05302187,  0.79428788,
        0.02755285]), array([-0.23777235,  1.18715912,  0.48443995,  0.05573859,  0.81105494,
        0.02775987]), array([-0.24491603,  1.23403609,  0.51169815,  0.0584347 ,  0.82788123,
        0.02797   ]), array([-0.25199743,  1.28139991,  0.53933541,  0.06111639,  0.84479663,
        0.02818127]), array([-0.25903437,  1.32933584,  0.56738239,  0.06378926,  0.86182445,
        0.02839289]), array([-0.26604362,  1.3779231 ,  0.5958683 ,  0.06645836,  0.87898249,
        0.02860473]), array([-0.27304088,  1.42723453,  0.62482032,  0.06912827,  0.89628399,
        0.02881698]), array([-0.28004077,  1.47733625,  0.6542631 ,  0.07180311,  0.91373822,
        0.02902997]), array([-0.2870568 ,  1.5282873 ,  0.68421832,  0.07448654,  0.93135099,
        0.02924411]), array([-0.29410137,  1.58013937,  0.71470431,  0.0771818 ,  0.949125  ,
        0.02945982]), array([-0.30118577,  1.63293649,  0.74573575,  0.07989165,  0.96706008,
        0.0296775 ]), array([-0.30832013,  1.68671481,  0.77732339,  0.08261846,  0.98515347,
        0.02989753]), array([-0.3155134 ,  1.74150238,  0.80947381,  0.08536413,  1.00339987,
        0.03012025]), array([-0.32277338,  1.79731893,  0.84218921,  0.08813011,  1.02179165,
        0.03034596]), array([-0.33010667,  1.85417575,  0.87546731,  0.09091744,  1.04031888,
        0.03057491]), array([-0.33751868,  1.91207554,  0.90930116,  0.0937267 ,  1.05896946,
        0.03080732]), array([-0.34501361,  1.97101236,  0.94367912,  0.09655804,  1.07772917,
        0.03104335]), array([-0.35259448,  2.03097154,  0.97858475,  0.09941117,  1.09658176,
        0.0312831 ]), array([-0.37127144,  2.16014034,  1.06126956,  0.1083416 ,  1.14992716,
        0.03152665]), array([-0.37937065,  2.224299  ,  1.09795921,  0.11088726,  1.16616892,
        0.03200001]), array([-0.38754337,  2.28920575,  1.13496016,  0.11354439,  1.18309051,
        0.03236555]), array([-0.39578809,  2.35482143,  1.17226362,  0.11628743,  1.20051007,
        0.03267632]), array([-0.40410184,  2.42109545,  1.20984796,  0.11909645,  1.21828091,
        0.03296065]), array([-0.41248033,  2.48796671,  1.24768107,  0.12195544,  1.23628298,
        0.03323343]), array([-0.42091809,  2.55536446,  1.28572206,  0.12485122,  1.25441646,
        0.03350225]), array([-0.42940848,  2.62320907,  1.32392271,  0.12777262,  1.2725968 ,
        0.03377079]), array([-0.43794386,  2.69141273,  1.36222863,  0.13070992,  1.29075107,
        0.03404064]), array([-0.44651558,  2.75988016,  1.4005802 ,  0.13365446,  1.30881513,
        0.03431225]), array([-0.45511414,  2.8285093 ,  1.4389134 ,  0.13659836,  1.32673156,
        0.03458548]), array([-0.46372917,  2.89719194,  1.47716049,  0.1395343 ,  1.34444812,
        0.03485989]), array([-0.47234956,  2.96581441,  1.51525067,  0.14245538,  1.36191656,
        0.03513487]), array([-0.48096354,  3.03425824,  1.55311059,  0.145355  ,  1.37909183,
        0.03540973]), array([-0.48955872,  3.10240086,  1.59066494,  0.1482268 ,  1.39593143,
        0.03568374]), array([-0.49812219,  3.17011627,  1.6278369 ,  0.15106458,  1.41239504,
        0.03595615]), array([-0.5066406 ,  3.23727574,  1.66454867,  0.15386229,  1.42844423,
        0.03622617]), array([-0.51510021,  3.30374847,  1.70072184,  0.15661403,  1.44404225,
        0.03649305]), array([-0.52348703,  3.36940236,  1.73627793,  0.15931399,  1.45915399,
        0.03675598]), array([-0.53178685,  3.43410464,  1.77113878,  0.16195649,  1.47374591,
        0.0370142 ]), array([-0.55028872,  3.42291301,  1.75341777,  0.16669921,  1.44887964,
        0.03726691]), array([-0.55842374,  3.48441763,  1.78683988,  0.16901697,  1.46629897,
        0.0373834 ]), array([-0.56641151,  3.54484212,  1.819528  ,  0.17127914,  1.48229636,
        0.0375545 ]), array([-0.57424067,  3.60403344,  1.8513688 ,  0.17348202,  1.49704049,
        0.03775082]), array([-0.58189957,  3.66184583,  1.88226198,  0.17562048,  1.51065569,
        0.03795626]), array([-0.58937636,  3.71814042,  1.91211784,  0.17768873,  1.52323287,
        0.03816192]), array([-0.59665921,  3.77278493,  1.94085558,  0.17968074,  1.53483793,
        0.03836277]), array([-0.60373634,  3.82565364,  1.96840199,  0.18159059,  1.54551816,
        0.0385559 ]), array([-0.61059622,  3.87662744,  1.99469061,  0.18341256,  1.55530717,
        0.03873951]), array([-0.61722764,  3.92559391,  2.01966106,  0.18514131,  1.56422863,
        0.03891243]), array([-0.62361979,  3.97244752,  2.04325864,  0.18677189,  1.57229916,
        0.0390738 ]), array([-0.62976235,  4.01708982,  2.06543411,  0.18829979,  1.57953057,
        0.03922297]), array([-0.63564556,  4.05942968,  2.08614342,  0.18972098,  1.58593148,
        0.03935939]), array([-0.64126031,  4.0993835 ,  2.1053477 ,  0.19103187,  1.59150868,
        0.03948261]), array([-0.64659815,  4.1368754 ,  2.12301319,  0.19222936,  1.59626809,
        0.03959221]), array([-0.65165136,  4.17183743,  2.13911119,  0.19331081,  1.60021548,
        0.03968787]), array([-0.65641299,  4.20420973,  2.15361809,  0.19427401,  1.60335706,
        0.0397693 ]), array([-0.66087688,  4.23394067,  2.16651533,  0.19511724,  1.60569988,
        0.03983627]), array([-0.6650377 ,  4.26098692,  2.17778943,  0.1958392 ,  1.60725214,
        0.03988859]), array([-0.66889094,  4.28531358,  2.18743193,  0.19643899,  1.6080234 ,
        0.03992616]), array([-0.67243295,  4.30689415,  2.19543941,  0.19691618,  1.60802474,
        0.03994891]), array([-0.67566095,  4.32571055,  2.20181337,  0.1972707 ,  1.6072688 ,
        0.03995684]), array([-0.678573  ,  4.34175305,  2.20656022,  0.19750291,  1.60576991,
        0.03995001]), array([-0.68116802,  4.35502021,  2.20969117,  0.19761352,  1.60354401,
        0.03992853]), array([-0.6834458 ,  4.36551876,  2.21122211,  0.19760363,  1.60060869,
        0.03989256]), array([-0.68540694,  4.37326339,  2.21117349,  0.19747468,  1.59698313,
        0.03984234]), array([-0.68705287,  4.37827662,  2.20957017,  0.19722848,  1.59268801,
        0.03977814]), array([-0.68838581,  4.38058853,  2.20644125,  0.19686712,  1.5877455 ,
        0.03970028]), array([-0.68940878,  4.38023652,  2.20181988,  0.19639305,  1.58217911,
        0.03960915]), array([-0.69012552,  4.37726501,  2.19574308,  0.19580898,  1.5760136 ,
        0.03950515]), array([-0.69054052,  4.37172514,  2.18825149,  0.1951179 ,  1.5692749 ,
        0.03938876]), array([-0.69065893,  4.36367442,  2.17938916,  0.19432308,  1.56199   ,
        0.03926048]), array([-0.69048658,  4.3531764 ,  2.16920331,  0.19342802,  1.55418677,
        0.03912083]), array([-0.69002991,  4.34030023,  2.15774409,  0.19243643,  1.54589394,
        0.0389704 ]), array([-0.68929595,  4.32512034,  2.14506428,  0.19135224,  1.53714089,
        0.03880977]), array([-0.68829225,  4.30771598,  2.13121907,  0.19017957,  1.52795757,
        0.03863957]), array([-0.68702689,  4.28817086,  2.11626577,  0.18892268,  1.51837436,
        0.03846045]), array([-0.68550841,  4.26657263,  2.10026356,  0.18758599,  1.50842199,
        0.03827305]), array([-0.68374577,  4.24301257,  2.08327317,  0.18617406,  1.49813134,
        0.03807806]), array([-0.6817483 ,  4.21758507,  2.06535666,  0.18469152,  1.48753342,
        0.03787615]), array([-0.67952568,  4.19038722,  2.04657714,  0.18314312,  1.47665918,
        0.03766801]), array([-0.67708789,  4.1615184 ,  2.02699847,  0.18153365,  1.46553943,
        0.03745435]), array([-0.67444517,  4.13107985,  2.00668505,  0.17986796,  1.45420474,
        0.03723584]), array([-0.67160796,  4.09917422,  1.98570153,  0.17815092,  1.44268535,
        0.03701317]), array([-0.66858691,  4.06590522,  1.96411257,  0.17638742,  1.43101102,
        0.03678702]), array([-0.66539276,  4.03137715,  1.94198261,  0.17458233,  1.41921102,
        0.03655807]), array([-0.66203639,  3.99569459,  1.91937566,  0.1727405 ,  1.40731398,
        0.03632697]), array([-0.65852873,  3.95896196,  1.89635505,  0.17086672,  1.39534786,
        0.03609436]), array([-0.65488072,  3.9212832 ,  1.87298323,  0.16896576,  1.38333984,
        0.03586087]), array([-0.65110332,  3.88276143,  1.84932162,  0.16704228,  1.37131628,
        0.0356271 ]), array([-0.64720742,  3.84349863,  1.82543036,  0.16510087,  1.35930267,
        0.03539364]), array([-0.64320386,  3.8035953 ,  1.80136822,  0.16314602,  1.34732355,
        0.03516106]), array([-0.63910336,  3.76315023,  1.77719237,  0.16118209,  1.33540249,
        0.03492987]), array([-0.63491652,  3.72226021,  1.75295831,  0.15921333,  1.32356203,
        0.03470061]), array([-0.63065378,  3.68101977,  1.7287197 ,  0.15724387,  1.31182368,
        0.03447376]), array([-0.62632539,  3.63952097,  1.70452827,  0.15527766,  1.30020787,
        0.03424977]), array([-0.62194141,  3.59785324,  1.6804337 ,  0.15331854,  1.28873392,
        0.03402908]), array([-0.61751164,  3.55610311,  1.65648356,  0.15137017,  1.27742006,
        0.03381208]), array([-0.61304566,  3.51435413,  1.63272324,  0.14943604,  1.26628339,
        0.03359916]), array([-0.60855279,  3.4726867 ,  1.60919588,  0.14751947,  1.2553399 ,
        0.03339065]), array([-0.60404205,  3.43117793,  1.58594231,  0.14562364,  1.24460444,
        0.03318688]), array([-0.59952216,  3.38990158,  1.56300107,  0.1437515 ,  1.23409078,
        0.03298814]), array([-0.59500156,  3.34892794,  1.54040833,  0.14190587,  1.22381157,
        0.03279468]), array([-0.59048834,  3.30832381,  1.51819792,  0.14008935,  1.21377837,
        0.03260674]), array([-0.58599029,  3.2681524 ,  1.49640132,  0.1383044 ,  1.20400167,
        0.03242453]), array([-0.58151485,  3.22847335,  1.47504766,  0.13655325,  1.19449092,
        0.03224823]), array([-0.57706911,  3.18934269,  1.45416377,  0.134838  ,  1.18525455,
        0.032078  ]), array([-0.57265983,  3.15081285,  1.43377417,  0.13316054,  1.1763    ,
        0.03191397]), array([-0.56829342,  3.11293269,  1.41390114,  0.1315226 ,  1.16763372,
        0.03175624]), array([-0.56397593,  3.07574751,  1.39456477,  0.12992572,  1.15926125,
        0.03160491]), array([-0.55971306,  3.03929911,  1.37578296,  0.12837129,  1.15118724,
        0.03146003]), array([-0.55551017,  3.00362581,  1.35757154,  0.12686053,  1.14341544,
        0.03132166]), array([-0.55137225,  2.96876257,  1.33994429,  0.12539449,  1.1359488 ,
        0.03118981]), array([-0.54730398,  2.93474102,  1.32291303,  0.12397409,  1.12878948,
        0.0310645 ]), array([-0.54330966,  2.90158955,  1.30648767,  0.12260006,  1.12193888,
        0.03094572]), array([-0.53939329,  2.86933341,  1.29067632,  0.12127303,  1.11539768,
        0.03083343]), array([-0.5355585 ,  2.83799478,  1.27548532,  0.11999346,  1.10916588,
        0.0307276 ]), array([-0.53180863,  2.80759292,  1.26091935,  0.11876168,  1.10324287,
        0.03062818]), array([-0.52814669,  2.77814423,  1.2469815 ,  0.11757791,  1.0976274 ,
        0.03053509]), array([-0.52457538,  2.74966237,  1.23367336,  0.11644224,  1.09231769,
        0.03044825]), array([ -3.55088568,  60.        , -30.        ,  10.        ,
        10.        ,  10.        ]), array([ -2.84497992,  60.        , -30.        , -10.        ,
         2.35169486, -10.        ]), array([ -1.96022775, -60.        , -30.        ,  10.        ,
        -5.09104868,  10.        ]), array([ -1.4458706 , -60.        ,   4.13422707, -10.        ,
         3.53877166, -10.        ]), array([ -0.7988162 , -60.        ,   4.9497923 , -10.        ,
         4.74533488,  10.        ]), array([ -1.55658332,  60.        ,   7.0264001 ,  10.        ,
         5.39661652, -10.        ]), array([  0.65409574,  60.        ,  -8.00613554, -10.        ,
        -0.23853651,  10.        ]), array([ -0.51868164,  60.        ,  -7.70101979,  10.        ,
        -0.13048022, -10.        ]), array([  1.35090399, -60.        , -15.36611624, -10.        ,
        -3.50031066, -10.        ]), array([ 0.17859394, 60.        ,  9.6781663 , 10.        ,  7.19187832,
       10.        ]), array([  0.63419604, -60.        , -14.46730055, -10.        ,
        -3.02366635,  10.        ]), array([-4.40146122e-02,  6.00000000e+01,  8.20675425e+00,  1.00000000e+01,
        6.63321931e+00, -1.00000000e+01]), array([ 0.76378419, 48.        , -5.29159722,  8.        ,  0.48834075,
        8.        ]), array([ -0.18029064, -60.        ,  -7.93145902, -10.        ,
         0.77472683,  10.        ]), array([ -0.70055371, -60.        ,   4.54233437,  10.        ,
         5.6289366 , -10.        ]), array([ -0.58656485, -60.        ,   3.44137486,  10.        ,
         3.31341836, -10.        ]), array([ -0.16974388, -60.        ,   1.95442755, -10.        ,
         3.39421666, -10.        ]), array([ 0.22292157, 60.        , 14.04718944, 10.        ,  9.17157035,
       10.        ]), array([ -0.17750476,  60.        , -14.85248208,  10.        ,
        -2.04236216, -10.        ]), array([-0.31966255, 24.        , -2.51511766,  4.        ,  0.56158646,
       -4.        ]), array([ 0.,  0.,  0., -0.,  0., -0.]), array([42.41853619, 60.        , 30.        , 10.        ,  1.43644584,
       10.        ]), array([ 16.74687439, -48.        ,  24.        ,   8.        ,
         2.41351371,  -8.        ]), array([  3.76900442, -24.        ,  12.        ,  -4.        ,
         1.3090893 ,  -4.        ]), array([  3.0747928 , -48.        ,  12.28336788,   8.        ,
         7.23070045,   8.        ]), array([  8.98118849,  60.        ,  10.32729212, -10.        ,
         2.84796462,  10.        ]), array([  9.90645686, -60.        ,  -8.28706253,  10.        ,
        -3.59056682,  10.        ]), array([  4.3277518 , -24.        ,   5.60956209,   4.        ,
         2.43269941,  -4.        ]), array([ 2.93586606, 24.        ,  3.76583761,  4.        ,  1.86830545,
        4.        ]), array([ 11.42126401, -60.        ,  -8.6485652 , -10.        ,
        -3.18448449, -10.        ]), array([  6.02497918, -60.        ,  10.04320601,  10.        ,
         4.76722873, -10.        ]), array([  5.1657938 ,  60.        ,  18.86254459, -10.        ,
         9.13295486,  10.        ]), array([ 14.87376632,  60.        , -11.09021667, -10.        ,
        -3.86380941, -10.        ]), array([  9.00996694, -60.        ,  -3.01146081,  10.        ,
         1.73832329,  10.        ]), array([13.01246643, 60.        , 10.53462172, 10.        ,  2.79474519,
       10.        ]), array([ 15.26819077,  60.        ,  -2.06237304, -10.        ,
        -0.36409773, -10.        ]), array([ 1.35977279e+01, -6.00000000e+01, -2.52912198e+00,  1.00000000e+01,
       -3.16662181e-02, -1.00000000e+01]), array([ 12.24934539, -60.        ,  10.02610227, -10.        ,
         6.66941212,  10.        ]), array([ 28.66329354,  60.        ,  12.73804411, -10.        ,
         4.23354646,  10.        ]), array([ 36.9080525 , -60.        ,   0.2666086 ,  10.        ,
         2.22050605, -10.        ]), array([ 24., -24.,  12.,   4.,   4.,   4.]), array([ 12., -12.,   6.,   2.,   2.,  -2.]), array([ 12., -12.,   6.,   2.,   2.,  -2.]), array([ 0., -0.,  0.,  0.,  0.,  0.]), array([ 12., -12.,   6.,   2.,   2.,  -2.]), array([ 0., -0.,  0.,  0.,  0., -0.]), array([ 12., -12.,   6.,   2.,   2.,  -2.]), array([ 0., -0.,  0.,  0.,  0., -0.]), array([-8.49529090e+00, -7.30716953e-01, -1.56920625e+00,  4.35332542e+00,
       -3.60874662e+00, -1.92476472e-15]), array([-6.51324851e+00,  1.76852555e+00,  9.97882202e-02,  2.92744854e+00,
       -2.26971335e+00, -1.08364461e-15]), array([-4.92622913e+00,  3.61255755e+00,  1.33157149e+00,  1.77752424e+00,
       -1.26787500e+00, -9.59168656e-16]), array([-3.66089857e+00,  4.95617223e+00,  2.23057843e+00,  8.56481038e-01,
       -5.22657110e-01, -7.28931608e-16]), array([-2.65670607e+00,  5.91657703e+00,  2.87605110e+00,  1.24653097e-01,
        2.77232054e-02,  1.92303795e-17]), array([-1.86388484e+00,  6.58308971e+00,  3.32835106e+00, -4.51251493e-01,
        4.30524771e-01,  5.34434039e-19]), array([-1.24167101e+00,  7.02417510e+00,  3.63361772e+00, -8.99090057e-01,
        7.21830996e-01,  3.34516920e-16]), array([-7.56767342e-01,  7.29258755e+00,  3.82722574e+00, -1.24211290e+00,
        9.29153326e-01,  1.19689064e-15]), array([-3.82041952e-01,  7.42915782e+00,  3.93636514e+00, -1.49967957e+00,
        1.07344249e+00,  1.25518306e-15]), array([-9.54376815e-02,  7.46560364e+00,  3.98197668e+00, -1.68787261e+00,
        1.17063548e+00,  1.24122456e-15]), array([ 1.20935940e-01,  7.42663238e+00,  3.98021090e+00, -1.82002052e+00,
        1.23284184e+00,  1.46153637e-15]), array([ 2.81555524e-01,  7.33152641e+00,  3.94353320e+00, -1.90714182e+00,
        1.26925145e+00,  1.26425926e-15]), array([ 3.98106155e-01,  7.19534767e+00,  3.88156478e+00, -1.95832108e+00,
        1.28682829e+00,  1.16523383e-15]), array([ 4.79994693e-01,  7.02985951e+00,  3.80172536e+00, -1.98102700e+00,
        1.29084010e+00,  4.95976662e-16]), array([ 5.34772381e-01,  6.84423707e+00,  3.70972634e+00, -1.98138078e+00,
        1.28526251e+00,  1.48279161e-16]), array([ 5.68482181e-01,  6.64561806e+00,  3.60995089e+00, -1.96438240e+00,
        1.27308727e+00,  9.86267504e-16]), array([ 5.85943790e-01,  6.43953240e+00,  3.50574772e+00, -1.93410091e+00,
        1.25655731e+00,  5.10521461e-16]), array([ 5.90987110e-01,  6.23023890e+00,  3.39965903e+00, -1.89383428e+00,
        1.23734598e+00,  5.10571810e-16]), array([ 5.86643163e-01,  6.02099037e+00,  3.29359790e+00, -1.84624333e+00,
        1.21669363e+00,  3.91817797e-16]), array([ 5.75299919e-01,  5.81424310e+00,  3.18898659e+00, -1.79346379e+00,
        1.19551183e+00,  9.08719362e-16]), array([ 5.58829218e-01,  5.61182293e+00,  3.08686475e+00, -1.73719977e+00,
        1.17446277e+00,  7.16533322e-16]), array([ 5.38689941e-01,  5.41505721e+00,  2.98797405e+00, -1.67880161e+00,
        1.15401984e+00,  6.74752418e-16]), array([ 5.16011665e-01,  5.22487989e+00,  2.89282469e+00, -1.61933054e+00,
        1.13451375e+00,  7.15872531e-16]), array([ 4.91662337e-01,  5.04191523e+00,  2.80174751e+00, -1.55961228e+00,
        1.11616776e+00,  6.24984939e-16]), array([ 4.66302860e-01,  4.86654471e+00,  2.71493496e+00, -1.50028134e+00,
        1.09912450e+00,  5.01505691e-16]), array([ 4.40431007e-01,  4.69896030e+00,  2.63247335e+00, -1.44181754e+00,
        1.08346643e+00,  7.02616770e-16]), array([ 4.14416618e-01,  4.53920712e+00,  2.55436810e+00, -1.38457607e+00,
        1.06923140e+00,  9.33303984e-16]), array([ 3.88529736e-01,  4.38721737e+00,  2.48056365e+00, -1.32881217e+00,
        1.05642452e+00,  4.42654327e-17]), array([ 3.62962984e-01,  4.24283743e+00,  2.41095905e+00, -1.27470125e+00,
        1.04502717e+00,  7.98060270e-16]), array([ 3.37849320e-01,  4.10584944e+00,  2.34542018e+00, -1.22235544e+00,
        1.03500391e+00,  4.80402855e-16]), array([ 3.13276024e-01,  3.97598847e+00,  2.28378930e+00, -1.17183696e+00,
        1.02630759e+00,  4.27163007e-16]), array([ 2.89295693e-01,  3.85295609e+00,  2.22589258e+00, -1.12316901e+00,
        1.01888337e+00,  3.70019696e-16]), array([ 2.65934807e-01,  3.73643120e+00,  2.17154585e+00, -1.07634457e+00,
        1.01267164e+00,  7.82202939e-17]), array([ 2.43200382e-01,  3.62607851e+00,  2.12055915e+00, -1.03133354e+00,
        1.00761024e+00,  5.27789984e-18]), array([ 2.21085083e-01,  3.52155528e+00,  2.07274024e+00, -9.88088440e-01,
        1.00363613e+00,  3.84731196e-17]), array([ 1.99571129e-01,  3.42251651e+00,  2.02789724e+00, -9.46548985e-01,
        1.00068663e+00,  4.45647672e-16]), array([ 1.78633247e-01,  3.32861912e+00,  1.98584069e+00, -9.06645754e-01,
        9.98700248e-01,  5.56439406e-16]), array([ 1.58240882e-01,  3.23952505e+00,  1.94638512e+00, -8.68303086e-01,
        9.97617383e-01,  2.83792515e-16]), array([ 1.38359831e-01,  3.15490373e+00,  1.90935016e+00, -8.31441377e-01,
        9.97380711e-01,  3.38424070e-16]), array([ 1.18953429e-01,  3.07443392e+00,  1.87456146e+00, -7.95978883e-01,
        9.97935494e-01,  3.54022710e-16]), array([ 9.99833999e-02,  2.99780513e+00,  1.84185119e+00, -7.61833126e-01,
        9.99229746e-01,  2.07198070e-16]), array([ 8.14104574e-02,  2.92471857e+00,  1.81105855e+00, -7.28921972e-01,
        1.00121432e+00,  2.23562914e-16]), array([ 6.31947114e-02,  2.85488790e+00,  1.78203000e+00, -6.97164468e-01,
        1.00384294e+00,  2.55056385e-16]), array([ 4.52959419e-02,  2.78803972e+00,  1.75461937e+00, -6.66481457e-01,
        1.00707215e+00,  1.53605401e-16]), array([ 2.76737759e-02,  2.72391385e+00,  1.72868801e+00, -6.36796043e-01,
        1.01086126e+00, -3.90249027e-17]), array([ 1.02877983e-02,  2.66226348e+00,  1.70410468e+00, -6.08033916e-01,
        1.01517225e+00,  1.18447858e-16]), array([-6.90238025e-03,  2.60285515e+00,  1.68074555e+00, -5.80123579e-01,
        1.01996968e+00,  1.52181722e-16]), array([-2.39370804e-02,  2.54546877e+00,  1.65849404e+00, -5.52996491e-01,
        1.02522052e+00,  9.48056349e-17]), array([-4.08565240e-02,  2.48989737e+00,  1.63724071e+00, -5.26587151e-01,
        1.03089405e+00,  2.40406985e-16]), array([-5.77008085e-02,  2.43594697e+00,  1.61688307e+00, -5.00833126e-01,
        1.03696171e+00, -6.93907368e-17]), array([-7.45098780e-02,  2.38343629e+00,  1.59732538e+00, -4.75675046e-01,
        1.04339696e+00, -1.38240331e-16]), array([-9.13234894e-02,  2.33219647e+00,  1.57847847e+00, -4.51056564e-01,
        1.05017513e+00, -1.13983404e-16]), array([-1.08181169e-01,  2.28207075e+00,  1.56025947e+00, -4.26924303e-01,
        1.05727329e+00, -2.62715500e-16]), array([-1.25122160e-01,  2.23291411e+00,  1.54259163e+00, -4.03227775e-01,
        1.06467011e+00, -1.37217796e-17]), array([-1.42185363e-01,  2.18459294e+00,  1.52540406e+00, -3.79919300e-01,
        1.07234571e+00, -1.61228545e-17]), array([-1.59409261e-01,  2.13698466e+00,  1.50863150e+00, -3.56953906e-01,
        1.08028155e+00,  1.63615251e-16]), array([-1.76831846e-01,  2.08997730e+00,  1.49221407e+00, -3.34289232e-01,
        1.08846031e+00, -4.74635379e-17]), array([-1.94490530e-01,  2.04346921e+00,  1.47609707e+00, -3.11885425e-01,
        1.09686575e+00,  1.43890389e-16]), array([-2.12422061e-01,  1.99736858e+00,  1.46023067e+00, -2.89705031e-01,
        1.10548258e+00, -7.66886461e-17]), array([-2.30662423e-01,  1.95159312e+00,  1.44456976e+00, -2.67712893e-01,
        1.11429642e+00, -4.66218385e-17]), array([-2.49246749e-01,  1.90606963e+00,  1.42907363e+00, -2.45876046e-01,
        1.12329360e+00,  5.36091440e-17]), array([0., 0., 0., 0., 0., 0.])], 'ball_pos_history': [array([-3.02975098, -8.05484574,  1.46048209]), array([-3.01766675, -8.01149863,  1.4482926 ]), array([-3.00558252, -7.96815153,  1.43585785]), array([-2.99349829, -7.92480443,  1.42317786]), array([-2.98141406, -7.88145732,  1.41025262]), array([-2.96932983, -7.83811022,  1.39708212]), array([-2.9572456 , -7.79476311,  1.38366638]), array([-2.94516138, -7.75141601,  1.37000539]), array([-2.93307715, -7.70806891,  1.35609914]), array([-2.92099292, -7.6647218 ,  1.34194765]), array([-2.90890869, -7.6213747 ,  1.32755091]), array([-2.89682446, -7.5780276 ,  1.31290891]), array([-2.88474023, -7.53468049,  1.29802167]), array([-2.872656  , -7.49133339,  1.28288918]), array([-2.86057177, -7.44798629,  1.26751143]), array([-2.84848754, -7.40463918,  1.25188844]), array([-2.83640331, -7.36129208,  1.2360202 ]), array([-2.82431908, -7.31794497,  1.2199067 ]), array([-2.81223485, -7.27459787,  1.20354796]), array([-2.80015062, -7.23125077,  1.18694397]), array([-2.78806639, -7.18790366,  1.17009473]), array([-2.77598216, -7.14455656,  1.15300023]), array([-2.76389793, -7.10120946,  1.13566049]), array([-2.7518137 , -7.05786235,  1.1180755 ]), array([-2.73972948, -7.01451525,  1.10024525]), array([-2.72764525, -6.97116814,  1.08216976]), array([-2.71556102, -6.92782104,  1.06384902]), array([-2.70347679, -6.88447394,  1.04528302]), array([-2.69139256, -6.84112683,  1.02647178]), array([-2.67930833, -6.79777973,  1.00741529]), array([-2.6672241 , -6.75443263,  0.98811354]), array([-2.65513987, -6.71108552,  0.96856655]), array([-2.64305564, -6.66773842,  0.94877431]), array([-2.63097141, -6.62439131,  0.92873681]), array([-2.61888718, -6.58104421,  0.90845407]), array([-2.60680295, -6.53769711,  0.88792608]), array([-2.59471872, -6.49435   ,  0.86715283]), array([-2.58263449, -6.4510029 ,  0.84613434]), array([-2.57055026, -6.4076558 ,  0.8248706 ]), array([-2.55846603, -6.36430869,  0.8033616 ]), array([-2.5463818 , -6.32096159,  0.78160736]), array([-2.53429758, -6.27761449,  0.75960787]), array([-2.52221335, -6.23426738,  0.73736312]), array([-2.51012912, -6.19092028,  0.71487313]), array([-2.49804489, -6.14757317,  0.69213789]), array([-2.48596066, -6.10422607,  0.66915739]), array([-2.47387643, -6.06087897,  0.64593165]), array([-2.4617922 , -6.01753186,  0.62246066]), array([-2.44970797, -5.97418476,  0.59874442]), array([-2.43762374, -5.93083766,  0.57478292]), array([-2.42553951, -5.88749055,  0.55057618]), array([-2.41345528, -5.84414345,  0.52612419]), array([-2.40137105, -5.80079634,  0.50142694]), array([-2.38928682, -5.75744924,  0.47648445]), array([-2.37720259, -5.71410214,  0.45129671]), array([-2.36511836, -5.67075503,  0.42586371]), array([-2.35303413, -5.62740793,  0.40018547]), array([-2.3409499 , -5.58406083,  0.37426198]), array([-2.32886568, -5.54071372,  0.34809323]), array([-2.31678145, -5.49736662,  0.32167924]), array([-2.30469722, -5.45401951,  0.29502   ]), array([-2.29261299, -5.41067241,  0.2681155 ]), array([-2.28052876, -5.36732531,  0.24096576]), array([-2.26844453, -5.3239782 ,  0.21357077]), array([-2.2563603 , -5.2806311 ,  0.18593052]), array([-2.24427607, -5.237284  ,  0.15804503]), array([-2.23219184, -5.19393689,  0.12991429]), array([-2.22010761, -5.15058979,  0.10153829]), array([-2.20802338, -5.10724269,  0.07291705]), array([-2.19593915, -5.06389558,  0.04405056]), array([-2.18385492, -5.02054848,  0.033     ]), array([-2.1723749 , -4.97936873,  0.05458856]), array([-2.16089489, -4.93818898,  0.07593186]), array([-2.14941487, -4.89700923,  0.09702992]), array([-2.13793485, -4.85582948,  0.11788273]), array([-2.12645483, -4.81464974,  0.13849029]), array([-2.11497481, -4.77346999,  0.15885259]), array([-2.1034948 , -4.73229024,  0.17896965]), array([-2.09201478, -4.69111049,  0.19884146]), array([-2.08053476, -4.64993074,  0.21846802]), array([-2.06905474, -4.60875099,  0.23784932]), array([-2.05757473, -4.56757124,  0.25698538]), array([-2.04609471, -4.5263915 ,  0.27587619]), array([-2.03461469, -4.48521175,  0.29452175]), array([-2.02313467, -4.444032  ,  0.31292205]), array([-2.01165465, -4.40285225,  0.33107711]), array([-2.00017464, -4.3616725 ,  0.34898692]), array([-1.98869462, -4.32049275,  0.36665148]), array([-1.9772146 , -4.279313  ,  0.38407078]), array([-1.96573458, -4.23813326,  0.40124484]), array([-1.95425456, -4.19695351,  0.41817365]), array([-1.94277455, -4.15577376,  0.43485721]), array([-1.93129453, -4.11459401,  0.45129551]), array([-1.91981451, -4.07341426,  0.46748857]), array([-1.90833449, -4.03223451,  0.48343638]), array([-1.89685447, -3.99105476,  0.49913894]), array([-1.88537446, -3.94987502,  0.51459624]), array([-1.87389444, -3.90869527,  0.5298083 ]), array([-1.86241442, -3.86751552,  0.54477511]), array([-1.8509344 , -3.82633577,  0.55949666]), array([-1.83945438, -3.78515602,  0.57397297]), array([-1.82797437, -3.74397627,  0.58820403]), array([-1.81649435, -3.70279652,  0.60218984]), array([-1.80501433, -3.66161678,  0.61593039]), array([-1.79353431, -3.62043703,  0.6294257 ]), array([-1.78205429, -3.57925728,  0.64267576]), array([-1.77057428, -3.53807753,  0.65568057]), array([-1.75909426, -3.49689778,  0.66844012]), array([-1.74761424, -3.45571803,  0.68095443]), array([-1.73613422, -3.41453829,  0.69322349]), array([-1.7246542 , -3.37335854,  0.7052473 ]), array([-1.71317419, -3.33217879,  0.71702585]), array([-1.70169417, -3.29099904,  0.72855916]), array([-1.69021415, -3.24981929,  0.73984722]), array([-1.67873413, -3.20863954,  0.75089003]), array([-1.66725412, -3.16745979,  0.76168758]), array([-1.6557741 , -3.12628005,  0.77223989]), array([-1.64429408, -3.0851003 ,  0.78254695]), array([-1.63281406, -3.04392055,  0.79260876]), array([-1.62133404, -3.0027408 ,  0.80242531]), array([-1.60985403, -2.96156105,  0.81199662]), array([-1.59837401, -2.9203813 ,  0.82132268]), array([-1.58689399, -2.87920155,  0.83040349]), array([-1.57541397, -2.83802181,  0.83923904]), array([-1.56393395, -2.79684206,  0.84782935]), array([-1.55245394, -2.75566231,  0.85617441]), array([-1.54097392, -2.71448256,  0.86427421]), array([-1.5294939 , -2.67330281,  0.87212877]), array([-1.51801388, -2.63212306,  0.87973808]), array([-1.50653386, -2.59094331,  0.88710214]), array([-1.49505385, -2.54976357,  0.89422094]), array([-1.48357383, -2.50858382,  0.9010945 ]), array([-1.47209381, -2.46740407,  0.90772281]), array([-1.46061379, -2.42622432,  0.91410587]), array([-1.44913377, -2.38504457,  0.92024367]), array([-1.43765376, -2.34386482,  0.92613623]), array([-1.42617374, -2.30268508,  0.93178354]), array([-1.41469372, -2.26150533,  0.9371856 ]), array([-1.4032137 , -2.22032558,  0.9423424 ]), array([-1.39173368, -2.17914583,  0.94725396]), array([-1.38025367, -2.13796608,  0.95192027]), array([-1.36877365, -2.09678633,  0.95634133]), array([-1.35729363, -2.05560658,  0.96051713]), array([-1.34581361, -2.01442684,  0.96444769]), array([-1.33433359, -1.97324709,  0.968133  ]), array([-1.32285358, -1.93206734,  0.97157306]), array([-1.31137356, -1.89088759,  0.97476786]), array([-1.29989354, -1.84970784,  0.97771742]), array([-1.28841352, -1.80852809,  0.98042173]), array([-1.27693351, -1.76734834,  0.98288079]), array([-1.26545349, -1.7261686 ,  0.98509459]), array([-1.25397347, -1.68498885,  0.98706315]), array([-1.24249345, -1.6438091 ,  0.98878646]), array([-1.23101343, -1.60262935,  0.99026451]), array([-1.21953342, -1.5614496 ,  0.99149732]), array([-1.2080534 , -1.52026985,  0.99248488]), array([-1.19657338, -1.4790901 ,  0.99322719]), array([-1.18509336, -1.43791036,  0.99372424]), array([-1.17361334, -1.39673061,  0.99397605]), array([-1.16213333, -1.35555086,  0.99398261]), array([-1.15065331, -1.31437111,  0.99374392]), array([-1.13917329, -1.27319136,  0.99325997]), array([-1.12769327, -1.23201161,  0.99253078]), array([-1.11621325, -1.19083187,  0.99155634]), array([-1.10473324, -1.14965212,  0.99033665]), array([-1.09325322, -1.10847237,  0.9888717 ]), array([-1.0817732 , -1.06729262,  0.98716151]), array([-1.07029318, -1.02611287,  0.98520607]), array([-1.05881316, -0.98493312,  0.98300538]), array([-1.04733315, -0.94375337,  0.98055943]), array([-1.03585313, -0.90257363,  0.97786824]), array([-1.02437311, -0.86139388,  0.9749318 ]), array([-1.01289309, -0.82021413,  0.97175011]), array([-1.00141307, -0.77903438,  0.96832316]), array([-0.98993306, -0.73785463,  0.96465097]), array([-0.97845304, -0.69667488,  0.96073353]), array([-0.96697302, -0.65549513,  0.95657083]), array([-0.955493  , -0.61431539,  0.95216289]), array([-0.94401299, -0.57313564,  0.9475097 ]), array([-0.93253297, -0.53195589,  0.94261126]), array([-0.92105295, -0.49077614,  0.93746756]), array([-0.90957293, -0.44959639,  0.93207862]), array([-0.89809291, -0.40841664,  0.92644443]), array([-0.8866129 , -0.36723689,  0.92056499]), array([-0.87513288, -0.32605715,  0.91444029]), array([-0.86365286, -0.2848774 ,  0.90807035]), array([-0.85217284, -0.24369765,  0.90145516]), array([-0.84069282, -0.2025179 ,  0.89459472]), array([-0.82921281, -0.16133815,  0.88748902]), array([-0.81773279, -0.1201584 ,  0.88013808]), array([-0.80625277, -0.07897866,  0.87254189]), array([-0.79477275, -0.03779891,  0.86470045]), array([-0.78329273,  0.00338084,  0.85661375]), array([-0.77181272,  0.04456059,  0.84828181]), array([-0.7603327 ,  0.08574034,  0.83970462]), array([-0.74885268,  0.12692009,  0.83088218]), array([-0.73737266,  0.16809984,  0.82181448]), array([-0.72589264,  0.20927958,  0.81250154]), array([-0.71441263,  0.25045933,  0.80294335]), array([-0.70293261,  0.29163908,  0.79313991]), array([-0.69145259,  0.33281883,  0.78309121]), array([-0.67997257,  0.37399858,  0.77279727]), array([-0.66849255,  0.41517833,  0.76225808]), array([-0.65701254,  0.45635808,  0.75147363]), array([-0.64553252,  0.49753782,  0.74044394]), array([-0.6340525 ,  0.53871757,  0.729169  ]), array([-0.62257248,  0.57989732,  0.71764881]), array([-0.61109246,  0.62107707,  0.70588336]), array([-0.59961245,  0.66225682,  0.69387267]), array([-0.58813243,  0.70343657,  0.68161673]), array([-0.57665241,  0.74461632,  0.66911554]), array([-0.56517239,  0.78579606,  0.65636909]), array([-0.55369238,  0.82697581,  0.6433774 ]), array([-0.54221236,  0.86815556,  0.63014046]), array([-0.53073234,  0.90933531,  0.61665827]), array([-0.51925232,  0.95051506,  0.60293082]), array([-0.5077723 ,  0.99169481,  0.58895813]), array([-0.49629229,  1.03287455,  0.57474019]), array([-0.48481227,  1.0740543 ,  0.560277  ]), array([-0.47333225,  1.11523405,  0.54556855]), array([-0.46185223,  1.1564138 ,  0.53061486]), array([-0.45037221,  1.19759355,  0.51541592]), array([-0.4388922 ,  1.2387733 ,  0.49997173]), array([-0.42741218,  1.27995305,  0.48428228]), array([-0.41593216,  1.32113279,  0.46834759]), array([-0.40445214,  1.36231254,  0.45216765]), array([-0.39297212,  1.40349229,  0.43574246]), array([-0.38149211,  1.44467204,  0.41907201]), array([-0.37001209,  1.48585179,  0.40215632]), array([-0.35853207,  1.52703154,  0.38499538]), array([-0.34705205,  1.56821129,  0.36758918]), array([-0.33557203,  1.60939103,  0.34993774]), array([-0.32409202,  1.65057078,  0.33204105]), array([-0.312612  ,  1.69175053,  0.31389911]), array([-0.30113198,  1.73293028,  0.29551191]), array([-0.28965196,  1.77411003,  0.27687947]), array([-0.27817194,  1.81528978,  0.25800178]), array([-0.26669193,  1.85646953,  0.23887884]), array([-0.25521191,  1.89764927,  0.21951064]), array([-0.24373189,  1.93882902,  0.1998972 ]), array([-0.23225187,  1.98000877,  0.18003851]), array([-0.22077185,  2.02118852,  0.15993457]), array([-0.20929184,  2.06236827,  0.13958537]), array([-0.19781182,  2.10354802,  0.11899093]), array([-0.1863318 ,  2.14472776,  0.09815124]), array([-0.17485178,  2.18590751,  0.0770663 ]), array([-0.16337177,  2.22708726,  0.0557361 ]), array([-0.15189175,  2.26826701,  0.03416066]), array([-0.14041173,  2.30944676,  0.033     ]), array([-0.12950571,  2.34856752,  0.04912027]), array([-0.1185997 ,  2.38768828,  0.06499529])], 'distances_history': [8.263384766106679, 8.217680934099276, 8.171996528303909, 8.126329155369017, 8.080677083305238, 8.035039092313246, 7.989414362748739, 7.9438023903351676, 7.898202921741371, 7.852615905635324, 7.807041455620769, 7.7614798223122055, 7.715931372414322, 7.670396573158823, 7.624875980847202, 7.57937023255719, 7.533880040303656, 7.488406187117418, 7.442949524633595, 7.39751097187699, 7.352091515004454, 7.306692051527922, 7.26131370087233, 7.215957651419685, 7.170625162917151, 7.125317569171456, 7.080036281009207, 7.0347827894817545, 6.9895586692951435, 6.944365582448683, 6.899205282068701, 6.854079616426763, 6.808990533133985, 6.763940083504902, 6.718930427085861, 6.6739638363440115, 6.6290427015138755, 6.584169535599146, 6.539346979527863, 6.494577807459544, 6.449864932243118, 6.405210884039724, 6.360618928601695, 6.316092480040197, 6.271635108613456, 6.227250548426636, 6.182942705020404, 6.138715662866771, 6.094573692806077, 6.05052125946152, 6.0065630286646075, 5.962703874919821, 5.918948888931254, 5.8753033852089045, 5.831772909767726, 5.788363247928629, 5.7450804322272395, 5.7019307504331795, 5.658920753680019, 5.616057264703465, 5.573347386182972, 5.530800072044494, 5.488422863058152, 5.446223623867301, 5.404210547363416, 5.36239215996351, 5.320777327623379, 5.279375262429097, 5.2381955296249, 5.197248054951866, 5.154088447418347, 5.108829228375995, 5.063659431384929, 5.018577091981007, 4.973580254002941, 4.928666972966749, 4.8838353192721495, 4.839083381229293, 4.794409267895606, 4.7498111117140445, 4.705287070945868, 4.660835331892805, 4.616454110905296, 4.572141656175315, 4.527896249313988, 4.483716206715814, 4.439599880712876, 4.39554566052382, 4.351551973003626, 4.30761728320139, 4.263740094734306, 4.2199189499869325, 4.176152430145536, 4.132439155077937, 4.0887777830697205, 4.045167010428044, 4.0016055709645055, 3.9580922353686185, 3.914625810483521, 3.8712051384954145, 3.827829096048088, 3.7844965932936763, 3.7412065728904618, 3.697958008958211, 3.6547499060011246, 3.6115812978080566, 3.568451246339193, 3.5253588406079213, 3.4823031955660992, 3.439283451000514, 3.3962987704477694, 3.3533483401344397, 3.3104313679488415, 3.267547082450398, 3.2246947319221597, 3.1818735834717353, 3.139082922185562, 3.096322050341229, 3.0535902866823648, 3.0108869657604744, 2.9682114373480544, 2.9255630659273306, 2.882941230259046, 2.8403453230359057, 2.7977747506255604, 2.7552289329083655, 2.7127073032156557, 2.670209308374852, 2.6277344088684877, 2.5852820791151214, 2.5428518078811706, 2.5004430988339803, 2.4580554712479254, 2.4156884608770937, 2.37334162101017, 2.331014523725513, 2.2887067613672816, 2.246417948266703, 2.2041477227365127, 2.1618957493710815, 2.1196617216901537, 2.0779326323228844, 2.0356671154338675, 1.9948317048048174, 1.9534269140290583, 1.9112223335142675, 1.8695044774154292, 1.8268956817904105, 1.7851086590140959, 1.7431856671162236, 1.7013995747789639, 1.6593155216310893, 1.6175756596219286, 1.576296921300772, 1.5344943074398756, 1.4935323667489744, 1.4535320293324672, 1.4129520863749327, 1.3723441977500734, 1.3327156349836407, 1.2933850990265132, 1.2540807317606801, 1.2139774785274855, 1.1740098011499291, 1.1335604487746047, 1.0933815174548496, 1.0516643794054972, 1.0111118090445594, 0.9708148650630546, 0.9305884337412392, 0.8900243955334678, 0.8502917240386053, 0.8087444402931442, 0.7663527955413018, 0.7250822679952651, 0.6839616919016348, 0.6417384431603309, 0.6008568455220986, 0.5592458960870302, 0.5160809818284389, 0.474255276453324, 0.4331493427331551, 0.39324792530448927, 0.35500800784904013, 0.3191722524615969, 0.2865478222228182, 0.2584676061691341, 0.23650275737259263, 0.22253374999686046, 0.21824131124756416, 0.2236722051406724, 0.23787870542243025, 0.25929123350492206, 0.28626055481173396, 0.31739224231869384, 0.35163212032462776, 0.388223425552179, 0.4266319752189155, 0.4664795920276072, 0.5074947926663331, 0.5494787853875779, 0.5922826560986308, 0.6357921612540552, 0.6799175511978834, 0.7245866956489232, 0.7697403825933604, 0.8153290588970005, 0.861310537313227, 0.9076483589144212, 0.9543106055451819, 1.0012690251624874, 1.0484983774749503, 1.095975936660641, 1.1436811075100224, 1.1915951245174028, 1.2397008124110775, 1.287982392776534, 1.3364253257065943, 1.3850161784120814, 1.4337425148489984, 1.482592801933854, 1.5315563290110883, 1.5806231380311486, 1.629783962481225, 1.6790301735431912, 1.7283537322771987, 1.7777471468743022, 1.8272034342087333, 1.8767160850650186, 1.926279032527996, 1.9758866231128471, 2.025533590283191, 2.0752150300624326, 2.124926378489943, 2.1746633907116855, 2.224422121526308, 2.2741989072338313, 2.323990348655912, 2.3737932952150342, 2.423604829975493, 2.4734222555621894, 2.523243080884416, 2.573065008601356, 2.6228859232741084, 2.6727038801560297, 2.7225170945790897, 2.77232393189904, 2.8221228979665605, 2.865661697841985, 2.902050532076003], 'normal_align_history': [0.5072684631140845, 0.5072346002856999, 0.5071778928368895, 0.5071051873083646, 0.5070208284989044, 0.5069276345842171, 0.5068274757104749, 0.5067216236593737, 0.5066109675105074, 0.5064961495514511, 0.5063776527403262, 0.5062558580074537, 0.5061310822791576, 0.5060036038722189, 0.5058736794430272, 0.5057415551994506, 0.5056074741701708, 0.5054716807439845, 0.5053344233106631, 0.5051959555805006, 0.5050565369865011, 0.5049161838309821, 0.5047751610961069, 0.5046337480586801, 0.5044922302402503, 0.5043508948364331, 0.5042100279549815, 0.5040699127754803, 0.5039308281668415, 0.5037930475260887, 0.5036568377229352, 0.5035224580982502, 0.5033901594972899, 0.5032601833349594, 0.5031327606980984, 0.5030081114931023, 0.5028864436481708, 0.502767952379416, 0.5026528195294044, 0.5025412129858782, 0.5024332861874096, 0.5023299310222572, 0.5022312623717891, 0.5021373217077644, 0.502048116054738, 0.5019636365537714, 0.5018838665466054, 0.5018087844692217, 0.5017383643373955, 0.5016725752580532, 0.5016113806805718, 0.5015547377229049, 0.5015025967113592, 0.5014549009744266, 0.5014115868841555, 0.5013725841181533, 0.5013378161083187, 0.501307200641725, 0.5012806505812142, 0.5012580746763893, 0.5012393784389548, 0.5012247850453297, 0.5012141435359991, 0.501207338395733, 0.5012042695242827, 0.5012048429474345, 0.5012089670170482, 0.5012165513211494, 0.5012275068540867, 0.5012417467055683, 0.5012591869012225, 0.5012797472215359, 0.5013033519245454, 0.5013299303460361, 0.5013594173734262, 0.5013917537989603, 0.5014268865610572, 0.5014647688830799, 0.5015053603181584, 0.5015486267078567, 0.5015945400616608, 0.5016430783637125, 0.501694225312852, 0.5017479700018804, 0.5018043065418701, 0.5018632336374377, 0.5019247541189578, 0.5019888744377927, 0.502055604130709, 0.5021249552596918, 0.5021969418333907, 0.5022715792163747, 0.5023488835322926, 0.5024288710668829, 0.5025115576765653, 0.50259695820811, 0.5026850859345645, 0.5027759520122856, 0.5028695649635545, 0.5029659301888179, 0.5030650495122068, 0.5031669207634958, 0.5032715373992229, 0.5033788881652232, 0.5034889568023406, 0.5036017217966353, 0.5037171561749337, 0.5038352273461288, 0.5039558969882081, 0.5040791209805839, 0.5042048493809257, 0.5043330264453226, 0.5044635906902976, 0.5045964749948992, 0.5047316067408171, 0.504868907988271, 0.5050082956851992, 0.5051496819071358, 0.5052929741250191, 0.5054380754980935, 0.5055848851889969, 0.5057332986980976, 0.505883208214128, 0.506034502978203, 0.5061870696583363, 0.5063407927316494, 0.50649555487156, 0.5066512373373183, 0.5068077203634225, 0.5069648835465316, 0.5071226062276827, 0.5072807678677405, 0.5074392484141936, 0.5075979286575538, 0.5077566905758039, 0.5079154176654892, 0.5080739952582322, 0.5082323108215946, 0.5083902542433997, 0.5085477180987509, 0.5087045978991689, 0.5191479086299109, 0.5186420681879989, 0.5287442051505264, 0.5284837907804812, 0.5352983796721609, 0.5347812742353169, 0.5407696779701013, 0.5394457910887208, 0.5284886469869414, 0.5277485934735646, 0.5342816156657422, 0.5333886179903351, 0.5402677818710502, 0.5540345178247694, 0.5606659939144454, 0.5604049021693632, 0.5506484218605724, 0.5506499494079712, 0.5431256636739397, 0.5326463638327393, 0.522278874510424, 0.5226522316727984, 0.5174019180523444, 0.5083797024200394, 0.5074963814626365, 0.514257924811483, 0.5304553155497496, 0.5427216468598914, 0.5579606564852211, 0.5632369706413027, 0.5606193896718661, 0.5657360537711578, 0.5618510849769178, 0.5671151607826356, 0.5814997050681985, 0.5867402071888408, 0.5842003839378623, 0.5893501824890991, 0.6028159985878225, 0.6086744547177786, 0.6182346836995654, 0.6261288814364184, 0.632467077703555, 0.638516592266292, 0.6431375568793314, 0.6475719120330681, 0.650682783323801, 0.6536907555706617, 0.656624975266485, 0.6594909893126527, 0.662304494674282, 0.6650849605757321, 0.6678519303806147, 0.6706229612224934, 0.67341257000737, 0.6762317988424469, 0.6790881593270861, 0.6819858038130618, 0.6849258263520555, 0.687906630384368, 0.6909243223111692, 0.6939731046263323, 0.6970456520343273, 0.7001334606127265, 0.7032271646167612, 0.7063168186205223, 0.7093921447737116, 0.7124427463170825, 0.7154582893499197, 0.7184286553277599, 0.7213440669968845, 0.7241951905242522, 0.726973216516493, 0.7296699224826356, 0.7322777191134574, 0.7347896825477442, 0.7371995745873869, 0.73950185261909, 0.7416916708067518, 0.7437648739387526, 0.7457179851501287, 0.7475481885912455, 0.7492533079816521, 0.750831781869335, 0.7522826363104502, 0.7536054555913654, 0.7548003515323551, 0.7558679318391839, 0.7568092679040553, 0.7576258623999734, 0.7583196169615815, 0.7588928002002115, 0.7593480162606504, 0.759688174091295, 0.7599164575675953, 0.7600362965804781, 0.7600513391764409, 0.7599654248139827, 0.759782558781634, 0.7595068878058482, 0.7591426768622693, 0.7586942871910817, 0.7581661555062035, 0.7575627743788119, 0.7568886737678535, 0.7561484036638209, 0.7553465178068308, 0.7544875584359845, 0.7535760420238533], 'ball_near_history': [False, False, False, False, False, False, False, False, False, False, False, False, False, False, False, False, False, False, False, False, False, False, False, False, False, False, False, False, False, False, False, False, False, False, False, False, False, False, False, False, False, False, False, False, False, False, False, False, False, False, False, False, False, False, False, False, False, False, False, False, False, False, False, False, False, False, False, False, False, False, False, False, False, False, False, False, False, False, False, False, False, False, False, False, False, False, False, False, False, False, False, False, False, False, False, False, False, False, False, False, False, False, False, False, False, False, False, False, False, False, False, False, False, False, False, False, False, False, False, False, False, False, False, False, False, False, False, False, False, False, False, False, False, False, False, False, False, False, False, False, False, False, False, False, False, False, False, False, False, False, False, False, False, False, False, False, False, False, False, False, False, False, False, False, False, False, False, False, False, False, False, False, False, False, False, False, False, False, False, False, False, False, False, False, False, False, False, False, False, False, False, False, False, False, False, False, False, False, False, False, False, False, False, False, False, False, False, False, False, False, False, False, False, False, False, False, False, False, False, False, False, False, False, False, False, False, False, False, False, False, False, False, False, False, False, False, False, False, False, False, False, False, False, False, False, False, False, False, False, False], 'tube_ready_history': [False, False, False, False, False, False, False, False, False, False, False, False, False, False, False, False, False, False, False, False, False, False, False, False, False, False, False, False, False, False, False, False, False, False, False, False, False, False, False, False, False, False, False, False, False, False, False, False, False, False, False, False, False, False, False, False, False, False, False, False, False, False, False, False, False, False, False, False, False, False, False, False, False, False, False, False, False, False, False, False, False, False, False, False, False, False, False, False, False, False, False, False, False, False, False, False, False, False, False, False, False, False, False, False, False, False, False, False, False, False, False, False, False, False, False, False, False, False, False, False, False, False, False, False, False, False, False, False, False, False, False, False, False, False, False, False, False, False, False, False, False, False, False, False, False, False, False, False, False, False, False, False, False, False, False, False, False, False, False, False, False, False, False, False, False, False, False, False, False, False, False, False, False, False, False, False, False, False, False, False, False, False, False, False, False, False, False, False, False, False, False, False, False, False, False, False, False, False, False, False, False, False, False, False, False, False, False, False, False, False, False, False, False, False, False, False, False, False, False, False, False, False, False, False, False, False, False, False, False, False, False, False, False, False, False, False, False, False, False, False, False, False, False, False, False, False, False, False, False, False], 'pos_error_history': [0.009167798682905851, 0.009089489486867618, 0.009022957328195774, 0.009019024126969815, 0.009137004613843397, 0.009437402831337196, 0.009971632915414884, 0.010772839031790696, 0.011852675120881695, 0.013205022874988186, 0.01481315862607574, 0.016656302638577196, 0.018713754476304818, 0.02096680409565838, 0.023399262406127178, 0.02599732979634715, 0.028749227230999604, 0.03164479287143028, 0.03467512348271204, 0.037832281636335105, 0.0393385456874185, 0.04267612030814473, 0.04612828878699745, 0.04968797643125993, 0.05334858865427398, 0.05710389978916528, 0.060947967517245565, 0.06487506688516974, 0.06887963930995056, 0.07295625309752138, 0.07709957286299196, 0.08130433588989959, 0.08556533395025097, 0.08987739946750602, 0.09423539517248426, 0.09863420660153024, 0.10306873693493761, 0.10753390378483302, 0.11202463762510163, 0.1165358816186378, 0.12704577202266087, 0.13157183131893768, 0.13609780084097617, 0.14061895231600546, 0.14513053921052874, 0.14962781344356263, 0.15410604002035364, 0.15856051010619063, 0.16298655292506017, 0.16737954676619093, 0.17173492930445602, 0.1760482073820105, 0.18031496635391456, 0.18453087906657467, 0.18869171451208866, 0.1927933461821823, 0.1968317601309148, 0.20080306274464224, 0.20470348821001055, 0.20852940566538, 0.20856335996309716, 0.21224582912829845, 0.21584896389191144, 0.21936936429945728, 0.22280385096770225, 0.22614945614406418, 0.22940341758173732, 0.23256317444832908, 0.23562636467061904, 0.23859082325841638, 0.24145458125772706, 0.2442158650655922, 0.24687309590224216, 0.24942488928509154, 0.25187005438700233, 0.2542075931907801, 0.2564366993749676, 0.25855675688414936, 0.26056733815133637, 0.2624682019513938, 0.2642592908735832, 0.2659407284086147, 0.2675128156515259, 0.26897602762651734, 0.270331009243795, 0.27157857090170684, 0.2727196837500925, 0.27375547463293, 0.2746872207301593, 0.27551634391997154, 0.27624440488403673, 0.2768730969790246, 0.2774042398984706, 0.2778397731495264, 0.27818174936944506, 0.27843232750679947, 0.2785937658924432, 0.27866841522507, 0.2786587114959893, 0.27856716887732635, 0.27839637259738076, 0.2781489718262623, 0.27782767259424557, 0.27743523076448495, 0.27697444508087604, 0.2764481503109023, 0.27585921050230644, 0.2752105123713436, 0.2745049588392767, 0.2737454627325893, 0.2729349406612029, 0.2720763070877647, 0.2711724685998093, 0.27022631839535355, 0.2692407309912169, 0.26821855716209, 0.2671626191171498, 0.2660757059197608, 0.26496056915462385, 0.2638199188455383, 0.262656419625822, 0.26147268716233685, 0.260271284833012, 0.25905472065677415, 0.2578254444738533, 0.2565858453735403, 0.25533824936566585, 0.2540849172913093, 0.252828042967548, 0.25156975156043376, 0.2503120981798213, 0.2490570666891673, 0.24780656872299134, 0.2465624429043158, 0.24532645425408012, 0.24410029378429363, 0.2428855782664678, 0.2416838501667504, 0.2404965777390765, 0.23932515526762047, 0.2375054536346761, 0.23610610810565846, 0.23653376199980616, 0.23714245746650703, 0.23795381854877726, 0.23753096746265392, 0.2373969602588747, 0.2369767982262957, 0.23808890201249164, 0.23775089632146737, 0.23900743500712532, 0.238773826977426, 0.2383418025466743, 0.23889432904269606, 0.23905602322517006, 0.23918364610707624, 0.23974532915358907, 0.23862648929221408, 0.23773254799040763, 0.23684017737454022, 0.23621320433062415, 0.23436208197472833, 0.2321385049081572, 0.22994705893779022, 0.22736775322355868, 0.2241038366375597, 0.22236496030508185, 0.22075228020925608, 0.21897420999018877, 0.2186734641648909, 0.218553555616882, 0.2167476822937692, 0.2152468801777705, 0.21476775533487844, 0.2134719300129721, 0.2117555875310819, 0.21116450359273567, 0.2107106946473842, 0.2091362635893391, 0.2086506167203656, 0.20834120857269664, 0.20834176722997938, 0.20867432128686758, 0.20941145781156498, 0.210479253217887, 0.21190945537401584, 0.213662041305288, 0.21573045138540045, 0.21824131124756416, 0.22098752689489287, 0.2238283376151149, 0.22666779081631677, 0.22944079337589793, 0.2321040034208452, 0.2346297687592079, 0.23700198114841087, 0.23921314824404435, 0.24126225583202923, 0.24315315831877943, 0.2448933351172158, 0.24649291031339945, 0.24796386888565158, 0.24931942450871986, 0.25057350740865525, 0.2517403492534339, 0.25283414766357176, 0.2538687967641214, 0.254857672945835, 0.25581346704905444, 0.256748055757659, 0.2576724062289797, 0.2585965089736356, 0.25952933479226936, 0.2604788122130873, 0.2614518223845429, 0.2624542087854231, 0.2634907994402949, 0.2645654395894523, 0.2656810329743277, 0.2668395900749897, 0.2680422817866049, 0.2692894971553872, 0.27058090391822703, 0.27191551070850545, 0.2732917299066518, 0.27470744022913723, 0.27616004826426116, 0.277646548276641, 0.2791635797136403, 0.2807074819546521, 0.2822743459466009, 0.28386006246486295, 0.28546036682672116, 0.28707087996361597, 0.2886871458281871, 0.2903046651721524, 0.2919189257815351, 0.29352542929689635, 0.29511971477865345, 0.2966973792019153, 0.29825409508240663, 0.2997856254458376, 0.3012878363583861, 0.30275670723671205, 0.3041883391529057, 0.30557896134378926, 0.30692493612572325, 0.30822276240614016, 0.30946907797195655, 0.31073168816049823], 'max_qdot_ratio': 0.9997503041462146, 'max_tcp_speed': 1.099999625124052, 'max_racket_face_speed': 1.424175393038923, 'total_mpc_steps': 250, 'ball_was_hit': False, 'hit_step': -1, 'p_ee_at_hit': None, 'ball_pos_at_hit': None, 'v_ee_at_hit': None, 'active_contact': False, 'passive_contact': False}
2026-09-10 17:50:37,803 [INFO] __main__: 击打后继续仿真 20 步...
