__STEP_TIMING__: n=240 p50=0.26 p95=0.60 p99=4.45 max=38.54 n_over_period=2 period_ms=5.00 deciles=0.25,0.25,0.25,0.25,0.26,0.27,0.27,0.27,0.47,38.54

========================================
  RM-65 击打成功！（主动击球，pos_error=0.0668m）
  [V12 EpisodeRunner 管线架构]
  ablation: full
  击打目标位置: [-0.706 -0.238  0.893]
  末端实际位置: [-0.654 -0.352  0.916]
  规划跟踪误差: 0.1279 m
  速度误差: 1.9694 m/s
  MPC 总步数: 261
  --- Tube 专用指标 ---
  最小球拍-球距离: 0.0668 m
  ball_near 步数: 8 = 40.0 ms
  tube_ready 步数: 21 = 105.0 ms
  击打时间误差: 15.0 ms
  击打位置误差: 0.0668 m
  --- 计算性能 ---
  总墙钟时间: 1.13s (MPC=1.13s)
  --- 执行层约束 ---
  max_qdot=1.00x, max_tcp=1.8m/s, max_face=1.4m/s
  击球类型: 主动击球
========================================

__RESULT__: pos_error=0.066830 vel_error=1.969450 min_dist=0.066830 ball_near_ms=40.0 tube_ready_ms=105.0 max_tcp=1.81 max_qdot=1.00 max_face=1.4 hit_type=active hit_time_error_ms=15.0 hit_pos_error=0.066830 v_racket_at_hit=1.633
2026-09-13 00:11:36,273 [INFO] __main__: [ablation] mode=full
2026-09-13 00:11:36,279 [INFO] __main__: serve-box auto params: horizon=120, iter=10, first_plan_iters=30, total_horizon=250, replan_interval=20, near_plan_iters=5
2026-09-13 00:11:36,297 [INFO] __main__: 关节限位: 仿真默认(default.yaml), TCP=1.8 m/s, terminal_exempt=20
2026-09-13 00:11:36,297 [INFO] __main__: 球拍初始位置: [-0.24136342  0.63027058  1.45576659]
2026-09-13 00:11:36,298 [DEBUG] src.tennis.ball: serve_box bounce (attempt=0): p0_z=1.30, vz0=-3.3, spd=9.0, t1=0.274, t2=0.589, z_err=0.10
2026-09-13 00:11:36,304 [INFO] __main__: 击打步数: 180, 击打位置: [-0.70593564 -0.23755927  0.89325228]
2026-09-13 00:11:36,304 [INFO] __main__: 随挥方向: [-0.1   -0.976  0.191], 随挥步数: 60
2026-09-13 00:11:36,322 [INFO] __main__: 候选窗口已构建: best_k=180, candidates=21
2026-09-13 00:11:36,322 [INFO] src.cpp.solver_cpp: iLQR C++ 加速模块已加载
2026-09-13 00:11:36,322 [INFO] __main__: 开始 V12 EpisodeRunner，总步数=310 (MPC=250, 随挥=60)，击打步数=180
2026-09-13 00:11:36,323 [INFO] src.ilqt.async_replanner: AsyncReplanner: 后台规划线程已启动
2026-09-13 00:11:36,345 [INFO] src.ilqt.async_replanner: AsyncReplanner: 规划环境已创建（独立 MjData）
2026-09-13 00:11:36,345 [INFO] src.ilqt.async_replanner: AsyncReplanner: 规划环境已创建（独立 MjData）
2026-09-13 00:11:36,375 [DEBUG] src.ilqt.tube_cost: [Softmin诊断] 候选权重TOP3: k=180:w=0.056, k=181:w=0.056, k=179:w=0.056
2026-09-13 00:11:37,267 [INFO] src.ilqt.mpc_controller: REPLAN step=0 k_hit=180 iters=30 horizon=120 t=922ms
2026-09-13 00:11:37,268 [INFO] src.ilqt.mpc_controller: MPCController.start 完成: k_hit=180, p_hit=[-0.706 -0.238  0.893], buffer=120
2026-09-13 00:11:37,271 [DEBUG] src.ilqt.replan_core: FAR_JT step=0 k_hit=180 (JT gain=60, skip iLQR)
2026-09-13 00:11:37,272 [DEBUG] src.ilqt.mpc_controller: REPLAN step=0 k_hit=180 iters=0 horizon=0 t=4ms
2026-09-13 00:11:37,272 [DEBUG] src.ilqt.mpc_controller: MPCController.step 0: replan k_hit=180 refine=feasible buffer=20
2026-09-13 00:11:37,281 [DEBUG] src.ilqt.replan_core: FAR_JT step=20 k_hit=160 (JT gain=60, skip iLQR)
2026-09-13 00:11:37,281 [DEBUG] src.ilqt.mpc_controller: REPLAN step=20 k_hit=160 iters=0 horizon=0 t=4ms
2026-09-13 00:11:37,281 [DEBUG] src.ilqt.mpc_controller: MPCController.step 20: replan k_hit=160 refine=feasible buffer=20
2026-09-13 00:11:37,290 [DEBUG] src.ilqt.replan_core: FAR_JT step=40 k_hit=140 (JT gain=60, skip iLQR)
2026-09-13 00:11:37,290 [DEBUG] src.ilqt.mpc_controller: REPLAN step=40 k_hit=140 iters=0 horizon=0 t=4ms
2026-09-13 00:11:37,290 [DEBUG] src.ilqt.mpc_controller: MPCController.step 40: replan k_hit=140 refine=feasible buffer=20
2026-09-13 00:11:37,299 [DEBUG] src.ilqt.replan_core: FAR_JT step=60 k_hit=120 (JT gain=60, skip iLQR)
2026-09-13 00:11:37,299 [DEBUG] src.ilqt.mpc_controller: REPLAN step=60 k_hit=120 iters=0 horizon=0 t=4ms
2026-09-13 00:11:37,299 [DEBUG] src.ilqt.mpc_controller: MPCController.step 60: replan k_hit=120 refine=feasible buffer=20
2026-09-13 00:11:37,308 [DEBUG] src.ilqt.replan_core: FAR_JT step=80 k_hit=100 (JT gain=60, skip iLQR)
2026-09-13 00:11:37,308 [DEBUG] src.ilqt.mpc_controller: REPLAN step=80 k_hit=100 iters=0 horizon=0 t=3ms
2026-09-13 00:11:37,309 [DEBUG] src.ilqt.mpc_controller: MPCController.step 80: replan k_hit=100 refine=feasible buffer=20
2026-09-13 00:11:37,317 [DEBUG] src.ilqt.replan_core: FAR_JT step=100 k_hit=80 (JT gain=60, skip iLQR)
2026-09-13 00:11:37,317 [DEBUG] src.ilqt.mpc_controller: REPLAN step=100 k_hit=80 iters=0 horizon=0 t=3ms
2026-09-13 00:11:37,318 [DEBUG] src.ilqt.mpc_controller: MPCController.step 100: replan k_hit=80 refine=feasible buffer=20
2026-09-13 00:11:37,326 [DEBUG] src.ilqt.replan_core: FAR_JT step=120 k_hit=60 (JT gain=60, skip iLQR)
2026-09-13 00:11:37,326 [DEBUG] src.ilqt.mpc_controller: REPLAN step=120 k_hit=60 iters=0 horizon=0 t=3ms
2026-09-13 00:11:37,326 [INFO] src.ilqt.strategies.hit_point_refiner: [HIT_LOCK] k_hit=60 ≤ 60, 锁定击球点不再替换
2026-09-13 00:11:37,326 [DEBUG] src.ilqt.mpc_controller: MPCController.step 120: replan k_hit=60 refine=locked buffer=20
2026-09-13 00:11:37,347 [DEBUG] src.ilqt.tube_cost: [Softmin诊断] 候选权重TOP3: k=40:w=0.056, k=41:w=0.056, k=39:w=0.056
2026-09-13 00:11:37,369 [DEBUG] src.ilqt.mpc_controller: REPLAN step=140 k_hit=40 iters=5 horizon=40 t=38ms
2026-09-13 00:11:37,369 [DEBUG] src.ilqt.mpc_controller: MPCController.step 140: replan k_hit=40 refine=locked buffer=20
2026-09-13 00:11:37,372 [INFO] src.ilqt.components.predictive_safety: [SAFETY_FILTER] beta=0.0: qdot entering overspeed, joint=5, |qdot|=5.82 > 3.93
2026-09-13 00:11:37,389 [DEBUG] src.ilqt.tube_cost: [Softmin诊断] 候选权重TOP3: k=20:w=0.056, k=21:w=0.056, k=19:w=0.056
2026-09-13 00:11:37,401 [DEBUG] src.ilqt.mpc_controller: REPLAN step=160 k_hit=20 iters=5 horizon=20 t=27ms
2026-09-13 00:11:37,402 [DEBUG] src.ilqt.mpc_controller: MPCController.step 160: replan k_hit=20 refine=locked buffer=20
2026-09-13 00:11:37,402 [INFO] src.ilqt.components.predictive_safety: [SAFETY_FILTER] beta=0.6: qdot entering overspeed, joint=0, |qdot|=3.38 > 3.14
2026-09-13 00:11:37,403 [INFO] src.ilqt.components.predictive_safety: [SAFETY_FILTER] beta=0.2: qdot entering overspeed, joint=0, |qdot|=3.61 > 3.14
2026-09-13 00:11:37,403 [INFO] src.ilqt.components.predictive_safety: [SAFETY_FILTER] beta=0.2: qdot entering overspeed, joint=0, |qdot|=3.46 > 3.14
2026-09-13 00:11:37,404 [INFO] src.ilqt.components.predictive_safety: [SAFETY_FILTER] beta=0.2: qdot entering overspeed, joint=0, |qdot|=3.41 > 3.14
2026-09-13 00:11:37,404 [INFO] src.ilqt.components.predictive_safety: [SAFETY_FILTER] beta=0.8: qdot entering overspeed, joint=0, |qdot|=3.17 > 3.14
2026-09-13 00:11:37,405 [INFO] src.ilqt.components.predictive_safety: [SAFETY_FILTER] beta=0.4: qdot entering overspeed, joint=0, |qdot|=3.23 > 3.14
2026-09-13 00:11:37,405 [INFO] src.ilqt.components.predictive_safety: [SAFETY_FILTER] beta=0.2: qdot entering overspeed, joint=0, |qdot|=3.47 > 3.14
2026-09-13 00:11:37,406 [INFO] src.ilqt.components.predictive_safety: [SAFETY_FILTER] beta=0.2: qdot entering overspeed, joint=0, |qdot|=3.42 > 3.14
2026-09-13 00:11:37,406 [INFO] src.ilqt.components.predictive_safety: [SAFETY_FILTER] beta=0.4: qdot entering overspeed, joint=0, |qdot|=3.20 > 3.14
2026-09-13 00:11:37,407 [INFO] src.ilqt.components.predictive_safety: [SAFETY_FILTER] beta=0.2: qdot entering overspeed, joint=0, |qdot|=3.43 > 3.14
2026-09-13 00:11:37,407 [INFO] src.ilqt.components.predictive_safety: [SAFETY_FILTER] beta=0.2: qdot entering overspeed, joint=0, |qdot|=3.19 > 3.14
2026-09-13 00:11:37,408 [INFO] src.ilqt.components.predictive_safety: [SAFETY_FILTER] beta=0.2: qdot entering overspeed, joint=0, |qdot|=3.43 > 3.14
2026-09-13 00:11:37,409 [INFO] src.ilqt.components.predictive_safety: [SAFETY_FILTER] beta=0.2: qdot entering overspeed, joint=0, |qdot|=3.76 > 3.14
2026-09-13 00:11:37,409 [INFO] src.ilqt.components.predictive_safety: [SAFETY_FILTER] beta=0.2: qdot entering overspeed, joint=0, |qdot|=3.58 > 3.14
2026-09-13 00:11:37,410 [INFO] src.ilqt.components.predictive_safety: [SAFETY_FILTER] beta=0.0: qdot entering overspeed, joint=0, |qdot|=3.85 > 3.14
2026-09-13 00:11:37,411 [INFO] src.ilqt.components.predictive_safety: [SAFETY_FILTER] beta=0.2: qdot entering overspeed, joint=0, |qdot|=3.70 > 3.14
2026-09-13 00:11:37,411 [INFO] src.ilqt.components.predictive_safety: [SAFETY_FILTER] beta=0.2: qdot entering overspeed, joint=0, |qdot|=3.79 > 3.14
2026-09-13 00:11:37,412 [INFO] src.ilqt.strategies.follow_through: 随挥触发: step=179, steps=60
2026-09-13 00:11:37,429 [INFO] src.ilqt.async_replanner: AsyncReplanner: 后台规划线程已停止
2026-09-13 00:11:37,429 [INFO] src.ilqt.episode_runner: EpisodeRunner 完成: total_steps=241 safe_steps=241 mpc_done=True
2026-09-13 00:11:37,429 [DEBUG] src.ilqt.episode_runner: EpisodeRunner metrics 详情: {'total_steps': 241, 'safe_steps': 241, 'mpc_done': True, 'X_history': [array([-1.5  ,  1.57 , -0.236,  0.404,  0.446,  2.45 ,  0.   ,  0.   ,
        0.   ,  0.   ,  0.   ,  0.   ]), array([-6.62305956e-02,  1.18303667e+00, -5.13881443e-01, -1.29510283e-01,
        1.46166407e+00,  2.44997290e+00,  3.15268834e-03, -1.78829575e-02,
        3.59757563e-03,  1.67176812e-03, -9.03656025e-02, -5.42094169e-03]), array([-0.06620062,  1.18285697, -0.5138637 , -0.1294942 ,  1.46084714,
        2.44992913,  0.00599581, -0.03593852,  0.00354882,  0.00321698,
       -0.16338595, -0.00875386]), array([-6.61577715e-02,  1.18258688e+00, -5.13859884e-01, -1.29471198e-01,
        1.45973421e+00,  2.44987481e+00,  8.56900834e-03, -5.40182993e-02,
        7.62980844e-04,  4.60004955e-03, -2.22585568e-01, -1.08637792e-02]), array([-0.06610324,  1.18222685, -0.51388014, -0.12944219,  1.4583804 ,
        2.44981359,  0.01090611, -0.07200646, -0.00405036,  0.00580234,
       -0.27076348, -0.01224328]), array([-0.06603806,  1.18177779, -0.51393183, -0.1294081 ,  1.45682968,
        2.44974771,  0.0130362 , -0.08981243, -0.01033832,  0.00681794,
       -0.31014401, -0.01317607]), array([-0.06596314,  1.18124096, -0.51402018, -0.12936985,  1.4551172 ,
        2.44967857,  0.01498445, -0.1073654 , -0.01767096,  0.00764996,
       -0.34249565, -0.01382803]), array([-0.06587927,  1.18061791, -0.51414876, -0.12932831,  1.45327107,
        2.44960708,  0.0167727 , -0.1246101 , -0.02571473,  0.00830759,
       -0.36922475, -0.01429803]), array([-0.06578717,  1.17991039, -0.51431981, -0.12928429,  1.45131383,
        2.44953385,  0.01841991, -0.1415036 , -0.03421162,  0.00880377,
       -0.39144967, -0.01464632]), array([-0.06568746,  1.17912033, -0.51453463, -0.12923852,  1.44926353,
        2.4494593 ,  0.0199426 , -0.15801272, -0.04296267,  0.00915361,
       -0.41005943, -0.0149107 ]), array([-0.06558069,  1.17824977, -0.5147937 , -0.12919166,  1.44713473,
        2.44938372,  0.02135507, -0.17411209, -0.0518151 ,  0.00937314,
       -0.42576036, -0.01511555]), array([-0.06546734,  1.17730085, -0.51509696, -0.12914426,  1.44493916,
        2.44930733,  0.02266975, -0.1897826 , -0.06065216,  0.0094786 ,
       -0.43911325, -0.01527714]), array([-0.06534785,  1.1762758 , -0.51544389, -0.12909683,  1.44268635,
        2.4492303 ,  0.02389739, -0.20501012, -0.06938515,  0.00948578,
       -0.45056301, -0.01540663]), array([-0.06522261,  1.17517688, -0.51583363, -0.12904979,  1.44038403,
        2.44915274,  0.02504727, -0.21978455, -0.0779472 ,  0.00940973,
       -0.46046238, -0.01551193]), array([-0.06509198,  1.17400639, -0.51626507, -0.12900346,  1.43803858,
        2.44907475,  0.02612742, -0.23409902, -0.08628838,  0.00926442,
       -0.46909075, -0.01559875]), array([-0.06495625,  1.17276664, -0.51673693, -0.12895815,  1.43565523,
        2.44899639,  0.02714475, -0.24794923, -0.09437186,  0.00906265,
       -0.47666923, -0.01567129]), array([-0.06481573,  1.17145997, -0.51724778, -0.12891407,  1.43323837,
        2.44891772,  0.02810523, -0.26133297, -0.10217089,  0.00881599,
       -0.48337252, -0.01573273]), array([-0.06467066,  1.17008873, -0.51779611, -0.1288714 ,  1.43079168,
        2.4488388 ,  0.02901401, -0.2742497 , -0.10966647,  0.00853473,
       -0.48933846, -0.01578546]), array([-0.06452128,  1.16865523, -0.51838034, -0.12883026,  1.4283183 ,
        2.44875964,  0.02987555, -0.28670017, -0.1168455 ,  0.00822799,
       -0.49467557, -0.01583134]), array([-0.06436781,  1.16716179, -0.51899884, -0.12879074,  1.42582096,
        2.44868028,  0.03069367, -0.29868618, -0.12369932,  0.00790376,
       -0.49946902, -0.01587178]), array([-0.06421045,  1.16561074, -0.51964995, -0.12875289,  1.42330203,
        2.44860074,  0.03147172, -0.31021037, -0.13022266,  0.00756897,
       -0.50378542, -0.01590791]), array([-0.06404932,  1.16400434, -0.52033213, -0.12871708,  1.42076315,
        2.44852107,  0.03222559, -0.32128145, -0.1364352 ,  0.00716249,
       -0.50777637, -0.01593401]), array([-0.06388459,  1.16234483, -0.52104371, -0.12868327,  1.41820628,
        2.44844127,  0.03294705, -0.33190008, -0.1423167 ,  0.0067619 ,
       -0.51137441, -0.0159604 ]), array([-0.0637164 ,  1.16063448, -0.52178305, -0.12865142,  1.41563321,
        2.44836134,  0.03363808, -0.34207026, -0.14786706,  0.0063703 ,
       -0.51461252, -0.01598616]), array([-0.0635449 ,  1.1588755 , -0.52254848, -0.12862147,  1.41304563,
        2.44828128,  0.03430044, -0.35179626, -0.15308722,  0.00599043,
       -0.5175158 , -0.01601093]), array([-0.06337022,  1.15707009, -0.52333838, -0.12859334,  1.41044512,
        2.44820111,  0.03493565, -0.3610826 , -0.15797887,  0.00562461,
       -0.52010318, -0.01603464]), array([-0.06319249,  1.15522042, -0.5241511 , -0.12856697,  1.40783317,
        2.44812083,  0.03554509, -0.36993392, -0.16254416,  0.00527484,
       -0.52238869, -0.01605733]), array([-0.06301184,  1.15332864, -0.52498502, -0.12854226,  1.40521126,
        2.44804043,  0.03612995, -0.37835497, -0.16678558,  0.00494283,
       -0.52438256, -0.01607913]), array([-0.06282839,  1.15139689, -0.52583855, -0.12851911,  1.4025808 ,
        2.44795993,  0.03669129, -0.38635055, -0.17070579,  0.00462996,
       -0.52609201, -0.01610017]), array([-0.06264224,  1.14942726, -0.52671009, -0.12849742,  1.39994319,
        2.44787933,  0.03723006, -0.39392546, -0.17430757,  0.00433743,
       -0.52752197, -0.01612057]), array([-0.0624535 ,  1.14742184, -0.52759806, -0.12847709,  1.39729981,
        2.44779862,  0.03774708, -0.40108453, -0.17759373,  0.00406617,
       -0.52867558, -0.01614045]), array([-0.06226229,  1.14538268, -0.5285009 , -0.128458  ,  1.39465204,
        2.44771782,  0.03824312, -0.40783253, -0.18056706,  0.00381694,
       -0.52955466, -0.01615993]), array([-0.06206869,  1.14331181, -0.52941705, -0.12844005,  1.39200124,
        2.44763693,  0.03871884, -0.41417422, -0.18323037,  0.00359036,
       -0.53016004, -0.01617908]), array([-0.06187282,  1.14121124, -0.53034498, -0.12842312,  1.38934878,
        2.44755594,  0.03917483, -0.42011428, -0.18558638,  0.00338687,
       -0.53049186, -0.01619799]), array([-0.06167476,  1.13908295, -0.53128317, -0.12840708,  1.38669603,
        2.44747485,  0.03961162, -0.42565737, -0.18763783,  0.00320679,
       -0.53054977, -0.01621674]), array([-0.06147461,  1.13692891, -0.53223011, -0.12839183,  1.38404437,
        2.44739368,  0.04002971, -0.43080807, -0.18938739,  0.00305035,
       -0.53033319, -0.01623536]), array([-0.06127246,  1.13475106, -0.53318429, -0.12837724,  1.38139516,
        2.44731241,  0.04042952, -0.43557092, -0.19083775,  0.00291768,
       -0.52984137, -0.01625392]), array([-0.06106841,  1.1325513 , -0.53414425, -0.1283632 ,  1.37874979,
        2.44723105,  0.04081145, -0.4399504 , -0.19199156,  0.0028088 ,
       -0.52907358, -0.01627245]), array([-0.06086253,  1.13033155, -0.53510851, -0.12834958,  1.37610965,
        2.44714959,  0.04117583, -0.44395095, -0.1928515 ,  0.0027237 ,
       -0.5280292 , -0.016291  ]), array([-0.06065491,  1.12809366, -0.53607561, -0.12833627,  1.37347611,
        2.44706804,  0.041523  , -0.44757697, -0.19342029,  0.00266228,
       -0.5267078 , -0.01630957]), array([-0.06044565,  1.1258395 , -0.53704411, -0.12832315,  1.37085056,
        2.4469864 ,  0.04185324, -0.45083283, -0.19370069,  0.00262438,
       -0.52510921, -0.0163282 ]), array([-6.02344778e-02,  1.12357082e+00, -5.38012896e-01, -1.28311658e-01,
        1.36823297e+00,  2.44690481e+00,  4.22334980e-02, -4.53735122e-01,
       -1.93756322e-01,  2.29788622e-03, -5.23518695e-01, -1.63184174e-02]), array([-6.00214514e-02,  1.12128941e+00, -5.38980569e-01, -1.28301490e-01,
        1.36562492e+00,  2.44682319e+00,  4.26052817e-02, -4.56282039e-01,
       -1.93534642e-01,  2.03364670e-03, -5.21609134e-01, -1.63235589e-02]), array([-5.98066146e-02,  1.11899703e+00, -5.39945754e-01, -1.28292368e-01,
        1.36302797e+00,  2.44674151e+00,  4.29673692e-02, -4.58477062e-01,
       -1.93036891e-01,  1.82422764e-03, -5.19390244e-01, -1.63365137e-02]), array([-5.95900207e-02,  1.11669541e+00, -5.40907078e-01, -1.28284051e-01,
        1.36044362e+00,  2.44665974e+00,  4.33187741e-02, -4.60323800e-01,
       -1.92264863e-01,  1.66353673e-03, -5.16870278e-01, -1.63534473e-02]), array([-5.93717272e-02,  1.11438628e+00, -5.41863182e-01, -1.28276318e-01,
        1.35787334e+00,  2.44657788e+00,  4.36586971e-02, -4.61825985e-01,
       -1.91220823e-01,  1.54655139e-03, -5.14056463e-01, -1.63723112e-02]), array([-5.91517948e-02,  1.11207134e+00, -5.42812719e-01, -1.28268973e-01,
        1.35531856e+00,  2.44649592e+00,  4.39864897e-02, -4.62987460e-01,
       -1.89907443e-01,  1.46910854e-03, -5.10955335e-01, -1.63920262e-02]), array([-5.89302866e-02,  1.10975228e+00, -5.43754358e-01, -1.28261834e-01,
        1.35278069e+00,  2.44641386e+00,  4.43016243e-02, -4.63812182e-01,
       -1.88327753e-01,  1.42773864e-03, -5.07573008e-01, -1.64120348e-02]), array([-5.87072683e-02,  1.10743076e+00, -5.44686784e-01, -1.28254736e-01,
        1.35026112e+00,  2.44633170e+00,  4.46036708e-02, -4.64304215e-01,
       -1.86485111e-01,  1.41953327e-03, -5.03915379e-01, -1.64320562e-02]), array([-5.84828069e-02,  1.10510842e+00, -5.45608699e-01, -1.28247526e-01,
        1.34776118e+00,  2.44624944e+00,  4.48922783e-02, -4.64467738e-01,
       -1.84383171e-01,  1.44203884e-03, -4.99988289e-01, -1.64519537e-02]), array([-5.82569711e-02,  1.10278689e+00, -5.46518829e-01, -1.28240060e-01,
        1.34528219e+00,  2.44616708e+00,  4.51671596e-02, -4.64307044e-01,
       -1.82025874e-01,  1.49317069e-03, -4.95797647e-01, -1.64716624e-02]), array([-5.80298307e-02,  1.10046775e+00, -5.47415916e-01, -1.28232204e-01,
        1.34282544e+00,  2.44608463e+00,  4.54280793e-02, -4.63826545e-01,
       -1.79417428e-01,  1.57114357e-03, -4.91349531e-01, -1.64911507e-02]), array([-5.78014565e-02,  1.09815260e+00, -5.48298727e-01, -1.28223832e-01,
        1.34039219e+00,  2.44600207e+00,  4.56748440e-02, -4.63030777e-01,
       -1.76562301e-01,  1.67441511e-03, -4.86650252e-01, -1.65104000e-02]), array([-5.75719200e-02,  1.09584298e+00, -5.49166054e-01, -1.28214824e-01,
        1.33798366e+00,  2.44591943e+00,  4.59072950e-02, -4.61924405e-01,
       -1.73465217e-01,  1.80163993e-03, -4.81706416e-01, -1.65293947e-02]), array([-5.73412935e-02,  1.09354042e+00, -5.50016709e-01, -1.28205066e-01,
        1.33560103e+00,  2.44583669e+00,  4.61253018e-02, -4.60512230e-01,
       -1.70131148e-01,  1.95163216e-03, -4.76524960e-01, -1.65481164e-02]), array([-5.71096497e-02,  1.09124642e+00, -5.50849536e-01, -1.28194449e-01,
        1.33324547e+00,  2.44575385e+00,  4.63287576e-02, -4.58799196e-01,
       -1.66565311e-01,  2.12333501e-03, -4.71113179e-01, -1.65665427e-02]), array([-5.68770618e-02,  1.08896247e+00, -5.51663402e-01, -1.28182870e-01,
        1.33091807e+00,  2.44567093e+00,  4.65175756e-02, -4.56790390e-01,
       -1.62773166e-01,  2.31579588e-03, -4.65478742e-01, -1.65846456e-02]), array([-0.0566436 ,  1.08669001, -0.5524572 , -0.12817023,  1.32861992,
        2.44558792,  0.04669169, -0.45449106, -0.15876041,  0.00252815,
       -0.4596297 , -0.01660239]), array([-0.05640935,  1.08443048, -0.55322987, -0.12815643,  1.32635205,
        2.44550482,  0.04685103, -0.45190659, -0.15453299,  0.00275958,
       -0.45357449, -0.01661974]), array([-0.05617437,  1.08218527, -0.55398035, -0.12814138,  1.32411544,
        2.44542164,  0.04699558, -0.44904256, -0.15009705,  0.00300936,
       -0.44732193, -0.01663666]), array([-0.05593874,  1.07995574, -0.55470765, -0.128125  ,  1.32191104,
        2.44533837,  0.04712529, -0.4459047 , -0.14545901,  0.00327678,
       -0.44088119, -0.01665309]), array([-0.05570366,  1.0777436 , -0.55540901, -0.12810218,  1.31974837,
        2.4452544 ,  0.04701759, -0.44242903, -0.14027172,  0.00456338,
       -0.43253275, -0.01679481]), array([-0.05546928,  1.07555032, -0.55608337, -0.1280736 ,  1.31762678,
        2.44517006,  0.046875  , -0.43865672, -0.13487253,  0.0057178 ,
       -0.42431766, -0.01686821]), array([-0.05523577,  1.07337732, -0.55672977, -0.12803976,  1.31554586,
        2.44508553,  0.04670249, -0.43459996, -0.12927968,  0.00676657,
       -0.41618568, -0.01690576]), array([-0.05500325,  1.07122596, -0.55734731, -0.12800111,  1.31350536,
        2.4450009 ,  0.04650411, -0.4302702 , -0.12350878,  0.0077309 ,
       -0.4080997 , -0.0169249 ]), array([-0.05477183,  1.06909757, -0.55793518, -0.12795797,  1.31150519,
        2.44491623,  0.0462832 , -0.42567833, -0.11757345,  0.00862771,
       -0.40003299, -0.01693486]), array([-0.05454162,  1.0669934 , -0.55849261, -0.12791062,  1.30954536,
        2.44483153,  0.0460425 , -0.42083483, -0.11148581,  0.00947058,
       -0.39196696, -0.01694044]), array([-0.0543127 ,  1.06491465, -0.55901889, -0.12785926,  1.30762591,
        2.44474681,  0.04578431, -0.41574982, -0.10525691,  0.01027037,
       -0.38388951, -0.01694404]), array([-0.05408515,  1.06286248, -0.55951338, -0.12780409,  1.30574694,
        2.44466207,  0.04551053, -0.41043317, -0.09889699,  0.01103576,
       -0.37579361, -0.01694678]), array([-0.05385903,  1.06083801, -0.55997546, -0.12774522,  1.30390856,
        2.44457733,  0.04522276, -0.40489456, -0.09241572,  0.01177367,
       -0.36767629, -0.01694911]), array([-0.05363442,  1.05884229, -0.56040457, -0.12768277,  1.30211087,
        2.44449257,  0.04492235, -0.39914356, -0.08582238,  0.01248961,
       -0.35953773, -0.01695114]), array([-0.05341137,  1.05687634, -0.5608002 , -0.12761683,  1.30035397,
        2.44440781,  0.04461044, -0.39318962, -0.07912597,  0.01318795,
       -0.35138059, -0.01695284]), array([-0.05318993,  1.05494113, -0.56116188, -0.12754747,  1.29863792,
        2.44432304,  0.04428803, -0.38704215, -0.07233531,  0.01387211,
       -0.34320951, -0.01695406]), array([-0.05297015,  1.05303758, -0.56148917, -0.12747474,  1.29696277,
        2.44423826,  0.04395597, -0.38071052, -0.06545912,  0.01454477,
       -0.33503062, -0.01695468]), array([-0.05275207,  1.05116656, -0.5617817 , -0.12739871,  1.29532851,
        2.44415349,  0.04361503, -0.37420409, -0.05850605,  0.01520799,
       -0.32685121, -0.01695456]), array([-0.05253574,  1.0493289 , -0.56203912, -0.12731939,  1.29373512,
        2.44406872,  0.04326586, -0.36753222, -0.05148471,  0.01586333,
       -0.31867943, -0.01695355]), array([-0.0523212 ,  1.04752538, -0.56226114, -0.12723683,  1.29218249,
        2.44398397,  0.04290908, -0.36070428, -0.04440371,  0.01651196,
       -0.31052411, -0.01695155]), array([-0.05210847,  1.04575673, -0.5624475 , -0.12715106,  1.29067052,
        2.44389922,  0.04254522, -0.35372968, -0.03727163,  0.01715471,
       -0.30239451, -0.01694846]), array([-0.0518976 ,  1.04402364, -0.56259799, -0.12706209,  1.28919902,
        2.4438145 ,  0.0421748 , -0.34661781, -0.03009708,  0.01779217,
       -0.2943002 , -0.01694419]), array([-0.05168861,  1.04232675, -0.56271243, -0.12696997,  1.28776777,
        2.44372981,  0.04179828, -0.33937812, -0.02288862,  0.0184247 ,
       -0.2862509 , -0.01693868]), array([-0.05148153,  1.04066665, -0.5627907 , -0.12687471,  1.28637648,
        2.44364515,  0.04141611, -0.33202004, -0.01565483,  0.01905248,
       -0.27825643, -0.01693187]), array([-0.05127625,  1.03904372, -0.56283349, -0.12677699,  1.2850212 ,
        2.4435607 ,  0.04105565, -0.32458696, -0.00855737,  0.0195438 ,
       -0.27105748, -0.0168907 ]), array([-5.10727877e-02,  1.03745837e+00, -5.62840789e-01, -1.26676721e-01,
        1.28370222e+00,  2.44347636e+00,  4.06919097e-02, -3.17068864e-01,
       -1.45963072e-03,  2.00536460e-02, -2.63796349e-01, -1.68662656e-02]), array([-0.05087116,  1.03591101, -0.56281262, -0.12657384,  1.28241967,
        2.44339212,  0.04032473, -0.3094725 ,  0.00563476,  0.02057713,
       -0.25650967, -0.01684982]), array([-0.05067139,  1.03440198, -0.56274901, -0.12646828,  1.28117353,
        2.44330793,  0.03995406, -0.30180502,  0.01272097,  0.02111036,
       -0.24922817, -0.01683666]), array([-0.05047349,  1.03293161, -0.56265004, -0.12636003,  1.27996364,
        2.44322381,  0.03957993, -0.29407392,  0.01979331,  0.02165017,
       -0.24197779, -0.01682432]), array([-0.05027748,  1.03150018, -0.56251582, -0.12624906,  1.27878973,
        2.44313975,  0.03920245, -0.28628695,  0.02684543,  0.02219398,
       -0.23478067, -0.0168115 ]), array([-0.05008337,  1.03010792, -0.56234646, -0.12613536,  1.27765145,
        2.44305577,  0.03882176, -0.27845208,  0.03387056,  0.02273967,
       -0.22765582, -0.01679758]), array([-0.04989118,  1.02875503, -0.56214216, -0.12601894,  1.27654836,
        2.44297185,  0.03843806, -0.2705774 ,  0.04086162,  0.02328544,
       -0.22061971, -0.01678225]), array([-0.04970092,  1.02744168, -0.5619031 , -0.12589979,  1.27547992,
        2.44288803,  0.03805156, -0.26267113,  0.0478114 ,  0.02382979,
       -0.21368669, -0.01676542]), array([-0.04951261,  1.02616797, -0.56162954, -0.12577793,  1.27444558,
        2.44280429,  0.03766251, -0.25474154,  0.05471258,  0.02437145,
       -0.20686936, -0.01674706]), array([-0.04932626,  1.02493398, -0.56132175, -0.12565338,  1.27344468,
        2.44272066,  0.03727119, -0.24679694,  0.06155785,  0.0249093 ,
       -0.20017882, -0.01672721]), array([-0.04914187,  1.02373976, -0.56098005, -0.12552617,  1.27247656,
        2.44263713,  0.03687787, -0.23884564,  0.06833998,  0.02544238,
       -0.19362489, -0.01670592]), array([-0.04895945,  1.02258528, -0.56060479, -0.12539632,  1.27154048,
        2.44255371,  0.03648285, -0.23089593,  0.07505185,  0.02596984,
       -0.18721629, -0.01668326]), array([-0.04877902,  1.0214705 , -0.56019635, -0.12526387,  1.27063567,
        2.44247041,  0.03608643, -0.22295603,  0.08168649,  0.02649092,
       -0.18096075, -0.01665929]), array([-0.04860058,  1.02039533, -0.55975517, -0.12512884,  1.26976135,
        2.44238724,  0.03568892, -0.21503409,  0.08823711,  0.02700496,
       -0.17486514, -0.01663409]), array([-0.04842412,  1.01935963, -0.55928168, -0.12499129,  1.26891667,
        2.4423042 ,  0.03529063, -0.20713818,  0.09469714,  0.02751133,
       -0.16893553, -0.01660773]), array([-0.04824966,  1.01836325, -0.55877638, -0.12485124,  1.26810078,
        2.4422213 ,  0.03489187, -0.19927623,  0.10106025,  0.02800948,
       -0.16317728, -0.01658027]), array([-0.0480772 ,  1.01740597, -0.55823978, -0.12470875,  1.26731281,
        2.44213854,  0.03449296, -0.19145605,  0.10732034,  0.0284989 ,
       -0.15759508, -0.01655179]), array([-0.04790673,  1.01648755, -0.55767242, -0.12456385,  1.26655184,
        2.44205593,  0.03409421, -0.1836853 ,  0.1134716 ,  0.02897912,
       -0.15219299, -0.01652235]), array([-0.04773825,  1.01560769, -0.55707488, -0.1244166 ,  1.26581697,
        2.44197347,  0.03369593, -0.17597148,  0.11950847,  0.02944972,
       -0.14697451, -0.01649202]), array([-0.04757176,  1.01476608, -0.55644775, -0.12426705,  1.26510726,
        2.44189117,  0.03329844, -0.16832188,  0.12542568,  0.02991028,
       -0.14194257, -0.01646087]), array([-0.04740725,  1.01396236, -0.55579166, -0.12411525,  1.26442176,
        2.44180902,  0.03290203, -0.16074365,  0.13121827,  0.03036044,
       -0.13709958, -0.01642897]), array([-0.04724471,  1.01319614, -0.55510725, -0.12396125,  1.26375952,
        2.44172704,  0.03250701, -0.15324368,  0.13688156,  0.03079986,
       -0.13244744, -0.01639638]), array([-0.04708414,  1.012467  , -0.5543952 , -0.12380511,  1.26311958,
        2.44164523,  0.03211367, -0.14582867,  0.14241117,  0.03122822,
       -0.12798759, -0.01636319]), array([-0.04692553,  1.01177447, -0.55365618, -0.12364688,  1.26250098,
        2.44156358,  0.0317223 , -0.1385051 ,  0.14780304,  0.03164522,
       -0.12372101, -0.01632944]), array([-0.04676886,  1.01111808, -0.55289091, -0.12348663,  1.26190274,
        2.4414821 ,  0.03133319, -0.13127921,  0.1530534 ,  0.0320506 ,
       -0.11964824, -0.01629521]), array([-0.04661413,  1.01049729, -0.55210012, -0.12332441,  1.26132389,
        2.4414008 ,  0.0309466 , -0.12415699,  0.1581588 ,  0.03244411,
       -0.11576941, -0.01626057]), array([-0.04646132,  1.00991157, -0.55128454, -0.12316028,  1.26076347,
        2.44131967,  0.03056282, -0.11714417,  0.16311609,  0.03282553,
       -0.11208422, -0.01622559]), array([-0.04631041,  1.00936034, -0.55044493, -0.12299431,  1.26022051,
        2.44123872,  0.03018209, -0.11024625,  0.16792242,  0.03319464,
       -0.10859204, -0.01619033]), array([-0.04616138,  1.008843  , -0.54958205, -0.12282655,  1.25969405,
        2.44115795,  0.02980467, -0.10346843,  0.17257527,  0.03355128,
       -0.10529182, -0.01615485]), array([-0.04601423,  1.00835892, -0.54869669, -0.12265707,  1.25918314,
        2.44107735,  0.02943081, -0.09681566,  0.17707239,  0.03389527,
       -0.10218222, -0.01611922]), array([-0.04586893,  1.00790746, -0.54778963, -0.12248594,  1.25868683,
        2.44099693,  0.02906073, -0.09029263,  0.18141185,  0.03422648,
       -0.09926152, -0.01608351]), array([-0.04572545,  1.00748794, -0.54686167, -0.12231322,  1.25820419,
        2.44091669,  0.02869467, -0.08390373,  0.185592  ,  0.03454478,
       -0.09652773, -0.01604777]), array([-0.04558379,  1.00709967, -0.54591361, -0.12213897,  1.2577343 ,
        2.44083663,  0.02833283, -0.07765308,  0.1896115 ,  0.03485009,
       -0.09397854, -0.01601207]), array([-0.04544391,  1.00674195, -0.54494627, -0.12196326,  1.25727624,
        2.44075675,  0.02797543, -0.07154451,  0.19346928,  0.03514231,
       -0.09161138, -0.01597647]), array([-0.0453058 ,  1.00641404, -0.54396044, -0.12178615,  1.25682913,
        2.44067704,  0.02762265, -0.06558158,  0.19716456,  0.03542138,
       -0.08942341, -0.01594102]), array([-0.04516943,  1.00611521, -0.54295696, -0.12160771,  1.25639207,
        2.44059752,  0.02727469, -0.05976757,  0.20069681,  0.03568727,
       -0.08741156, -0.01590577]), array([-0.04503477,  1.00584468, -0.54193663, -0.12142801,  1.25596421,
        2.44051816,  0.02693171, -0.05410545,  0.20406581,  0.03593996,
       -0.08557254, -0.01587079]), array([-0.0449018 ,  1.00560169, -0.54090027, -0.12124712,  1.25554469,
        2.44043898,  0.02659389, -0.04859793,  0.20727156,  0.03617944,
       -0.08390283, -0.01583611]), array([-0.04477049,  1.00538545, -0.5398487 , -0.12106509,  1.2551327 ,
        2.44035997,  0.02626138, -0.04324745,  0.21031433,  0.03640572,
       -0.08239876, -0.0158018 ]), array([-0.04464082,  1.00519517, -0.53878273, -0.12088199,  1.25472742,
        2.44028113,  0.02593431, -0.03805614,  0.21319463,  0.03661884,
       -0.08105646, -0.0157679 ]), array([-0.04451275,  1.00503004, -0.53770316, -0.1206979 ,  1.25432806,
        2.44020246,  0.02561283, -0.03302587,  0.21591321,  0.03681885,
       -0.07987191, -0.01573445]), array([-0.04438627,  1.00488925, -0.53661081, -0.12051287,  1.25393385,
        2.44012395,  0.02529706, -0.02815826,  0.21847105,  0.03700583,
       -0.07884096, -0.01570149]), array([-0.04426133,  1.00477198, -0.53550646, -0.12032697,  1.25354405,
        2.44004561,  0.02498711, -0.02345462,  0.22086934,  0.03717985,
       -0.07795933, -0.01566906]), array([-0.04413792,  1.0046774 , -0.53439091, -0.12014027,  1.25315794,
        2.43996742,  0.02468308, -0.01891602,  0.22310948,  0.03734101,
       -0.07722262, -0.01563721]), array([-0.04401599,  1.00460468, -0.53326495, -0.11995282,  1.25277481,
        2.43988939,  0.02438507, -0.01454328,  0.22519309,  0.03748944,
       -0.07662636, -0.01560596]), array([-0.04389553,  1.004553  , -0.53212934, -0.11976469,  1.25239398,
        2.43981152,  0.02409315, -0.01033694,  0.22712195,  0.03762528,
       -0.076166  , -0.01557535]), array([-0.04377649,  1.00452151, -0.53098485, -0.11957595,  1.25201479,
        2.43973379,  0.0238074 , -0.00629732,  0.22889805,  0.03774865,
       -0.0758369 , -0.0155454 ]), array([-4.36588507e-02,  1.00450939e+00, -5.29832230e-01, -1.19386649e-01,
        1.25163662e+00,  2.43965621e+00,  2.35278737e-02, -2.42447033e-03,
        2.30523542e-01,  3.78597393e-02, -7.56343953e-02, -1.55161566e-02]), array([-4.35425775e-02,  1.00451580e+00, -5.28672226e-01, -1.19196856e-01,
        1.25125885e+00,  2.43957877e+00,  2.32546305e-02,  1.28177229e-03,
        2.32000728e-01,  3.79587091e-02, -7.55537745e-02, -1.54876283e-02]), array([-0.04342764,  1.0045399 , -0.52750557, -0.11900663,  1.2508809 ,
        2.43950147,  0.02298771,  0.00482181,  0.23333208,  0.03804575,
       -0.0755903 , -0.01545984]), array([-0.043314  ,  1.00458089, -0.52633296, -0.11881602,  1.25050221,
        2.43942431,  0.02272715,  0.00819626,  0.2345202 ,  0.03812106,
       -0.07573922, -0.01543282]), array([-0.04320164,  1.00463792, -0.52515513, -0.1186251 ,  1.25012223,
        2.43934727,  0.02247296,  0.01140596,  0.23556783,  0.03818486,
       -0.07599578, -0.01540658]), array([-0.04309051,  1.00471018, -0.52397274, -0.11843391,  1.24974045,
        2.43927037,  0.02222517,  0.01445195,  0.23647785,  0.03823737,
       -0.07635524, -0.01538113]), array([-0.04298059,  1.00479685, -0.52278647, -0.11824252,  1.24935639,
        2.43919359,  0.02198378,  0.01733546,  0.23725321,  0.03827881,
       -0.07681287, -0.01535649]), array([-0.04287185,  1.00489714, -0.52159699, -0.11805097,  1.24896957,
        2.43911692,  0.02174879,  0.02005794,  0.23789702,  0.03830944,
       -0.07736397, -0.01533268]), array([-0.04276425,  1.00501025, -0.52040492, -0.11785932,  1.24857955,
        2.43904037,  0.02152019,  0.02262098,  0.23841244,  0.0383295 ,
       -0.07800387, -0.01530969]), array([-0.04265776,  1.00513538, -0.51921091, -0.11766763,  1.24818591,
        2.43896394,  0.02129796,  0.02502639,  0.23880274,  0.03833924,
       -0.07872796, -0.01528755]), array([-0.04255235,  1.00527176, -0.51801555, -0.11747593,  1.24778825,
        2.4388876 ,  0.02108207,  0.02727609,  0.23907126,  0.03833895,
       -0.07953167, -0.01526624]), array([-0.04244799,  1.00541862, -0.51681945, -0.11728429,  1.2473862 ,
        2.43881138,  0.02087249,  0.02937222,  0.23922141,  0.03832889,
       -0.08041049, -0.01524578]), array([-0.03807447,  1.00749036, -0.51380727, -0.11043957,  1.24680335,
        2.42815059,  0.87470361,  0.41434737,  0.60243616,  1.36894239,
       -0.11656874, -2.13215777]), array([-0.0330304 ,  1.00548963, -0.50870472, -0.10585181,  1.25219189,
        2.42833085,  1.00881342, -0.40014507,  1.02050807,  0.91755195,
        1.0777065 ,  0.03605349]), array([-0.02806603,  0.99926693, -0.49945151, -0.10428171,  1.26031779,
        2.43895337,  0.99287373, -1.2445403 ,  1.85064296,  0.31402007,
        1.62518127,  2.12450383]), array([-0.02234387,  0.99625172, -0.49174585, -0.09924522,  1.26764577,
        2.43858477,  1.14443179, -0.60304202,  1.54113204,  1.00729823,
        1.46559545, -0.07372025]), array([-0.01595458,  0.99722206, -0.48753534, -0.09093289,  1.27235969,
        2.42773181,  1.2778591 ,  0.19406884,  0.84210209,  1.66246608,
        0.9427845 , -2.17059326]), array([-0.00902961,  0.99494793, -0.48195334, -0.07943187,  1.27777429,
        2.42742161,  1.38499285, -0.45482632,  1.11640066,  2.30020482,
        1.0829204 , -0.06203822]), array([-0.0027579 ,  0.99573209, -0.47736898, -0.071765  ,  1.2825054 ,
        2.41698527,  1.25434326,  0.15683095,  0.9168716 ,  1.53337402,
        0.94622079, -2.08726792]), array([ 0.0039596 ,  0.99307213, -0.47088964, -0.06100927,  1.28829774,
        2.41706762,  1.34349901, -0.53199088,  1.29586698,  2.15114533,
        1.15846897,  0.01646918]), array([ 0.0111699 ,  0.98640133, -0.46092755, -0.04723431,  1.29637092,
        2.42720822,  1.44206107, -1.33416095,  1.99241765,  2.75499253,
        1.6146364 ,  2.02811914]), array([ 0.01885949,  0.98296549, -0.45252697, -0.03092754,  1.30352274,
        2.44681155,  1.53791805, -0.6871673 ,  1.68011784,  3.26135293,
        1.43036355,  3.92066681]), array([ 0.02627645,  0.97972436, -0.4443751 , -0.01533907,  1.31003933,
        2.46562128,  1.4833909 , -0.64822635,  1.63037407,  3.11769414,
        1.30331726,  3.76194659]), array([ 0.03315112,  0.9733977 , -0.43477122, -0.00325094,  1.31738508,
        2.47375877,  1.37493411, -1.26533256,  1.92077586,  2.41762744,
        1.46915091,  1.62749657]), array([ 0.0394018 ,  0.97033208, -0.42655731,  0.00516028,  1.32381615,
        2.47142605,  1.25013727, -0.61312292,  1.64278034,  1.68224399,
        1.28621419, -0.46654381]), array([ 0.0462526 ,  0.96395129, -0.4165028 ,  0.0166084 ,  1.3311483 ,
        2.47928313,  1.37015978, -1.27615842,  2.0109033 ,  2.28962437,
        1.46642961,  1.57141558]), array([ 0.05263303,  0.9538371 , -0.40331611,  0.02432727,  1.34025659,
        2.49724512,  1.27608517, -2.02283825,  2.63733672,  1.54377244,
        1.82165807,  3.59239936]), array([ 0.05981601,  0.94709006, -0.39175394,  0.03553554,  1.34866927,
        2.50396354,  1.43659663, -1.34940764,  2.31243424,  2.24165402,
        1.68253623,  1.34368389]), array([ 0.06761646,  0.93725204, -0.37870802,  0.04963247,  1.35769661,
        2.52051296,  1.56008968, -1.96760336,  2.60918509,  2.81938668,
        1.80546732,  3.30988401]), array([ 0.07619562,  0.93079698, -0.36723932,  0.0670381 ,  1.36601851,
        2.52590171,  1.71583113, -1.29101316,  2.29374034,  3.4811253 ,
        1.66437998,  1.07775003]), array([ 0.08414364,  0.92839442, -0.35925962,  0.08070969,  1.37213141,
        2.52099922,  1.58960417, -0.48051115,  1.59593944,  2.73431904,
        1.22257916, -0.98049907]), array([ 0.09138952,  0.92975243, -0.35423704,  0.0907435 ,  1.37637739,
        2.50620428,  1.44917556,  0.27160086,  1.00451579,  2.00676223,
        0.8491974 , -2.95898715]), array([ 0.10275873,  0.93314735, -0.34739604,  0.10706968,  1.3808447 ,
        2.50179589,  2.27384389,  0.67898418,  1.36820053,  3.26523555,
        0.89346158, -0.88167848]), array([ 0.11692048,  0.93137175, -0.33287186,  0.12250103,  1.38619486,
        2.50782359,  2.83234909, -0.35511977,  2.90483575,  3.08627057,
        1.07003134,  1.20553989]), array([ 0.13253359,  0.92721462, -0.31578212,  0.13716325,  1.39204673,
        2.50754097,  3.12262236, -0.83142623,  3.41794799,  2.93244396,
        1.17037353, -0.05652348]), array([ 0.14822954,  0.9225588 , -0.29841398,  0.15202757,  1.39770602,
        2.50516784,  3.13918939, -0.93116388,  3.47362727,  2.972863  ,
        1.1318582 , -0.47462623]), array([ 0.16383686,  0.91737805, -0.28071254,  0.16686049,  1.40322543,
        2.50486584,  3.12146469, -1.03615073,  3.54028872,  2.96658353,
        1.1038818 , -0.06040059]), array([ 0.17932142,  0.91306564, -0.26354824,  0.18178299,  1.40819405,
        2.50244453,  3.09691165, -0.86248144,  3.43285999,  2.9845015 ,
        0.99372488, -0.48426159]), array([ 0.19498614,  0.91213938, -0.24980371,  0.19421669,  1.41113811,
        2.5083494 ,  3.13294417, -0.18525148,  2.7489062 ,  2.48673933,
        0.58881254,  1.1809748 ]), array([ 0.21053373,  0.91275881, -0.23732433,  0.20514078,  1.41290935,
        2.51809326,  3.10951848,  0.12388584,  2.49587573,  2.18481756,
        0.35424667,  1.94877214]), array([ 0.22601684,  0.91273485, -0.22440411,  0.21628161,  1.41432882,
        2.52533914,  3.09662048, -0.00479287,  2.58404379,  2.22816718,
        0.28389531,  1.4491752 ]), array([ 0.24140455,  0.91203842, -0.21096682,  0.22760159,  1.41553453,
        2.53018509,  3.07754316, -0.1392858 ,  2.68745824,  2.26399598,
        0.2411406 ,  0.9691907 ]), array([ 0.25671986,  0.91260441, -0.19804439,  0.23767207,  1.41622524,
        2.53072892,  3.06306235,  0.11319843,  2.58448573,  2.01409421,
        0.13814337,  0.10876619]), array([ 0.27197999,  0.91252979, -0.18473286,  0.24798058,  1.41655105,
        2.52915158,  3.05202474, -0.01492405,  2.66230504,  2.06170374,
        0.06516153, -0.31546881]), array([ 0.28695659,  0.91320329, -0.17214843,  0.25727058,  1.41641167,
        2.52966201,  2.99531953,  0.13470113,  2.51688685,  1.85799937,
       -0.027877  ,  0.10208535]), array([ 0.30195649,  0.91458408, -0.16010272,  0.26586847,  1.41549851,
        2.53216871,  2.99998106,  0.2761577 ,  2.40914227,  1.71957846,
       -0.18263077,  0.50134022]), array([ 0.3172987 ,  0.91506517, -0.14689195,  0.27514837,  1.41435171,
        2.53243562,  3.06844282,  0.0962179 ,  2.64215309,  1.8559788 ,
       -0.2293598 ,  0.05338256]), array([ 0.33272541,  0.91463494, -0.13269458,  0.28365255,  1.41326757,
        2.53469701,  3.08534199, -0.08604542,  2.83947488,  1.70083668,
       -0.21682942,  0.45227738]), array([ 0.34762498,  0.91436655, -0.11905827,  0.29149327,  1.41170567,
        2.53685471,  2.97991254, -0.05367846,  2.72726118,  1.56814328,
       -0.31237834,  0.43154024]), array([ 0.36271069,  0.91322459, -0.10428835,  0.30096025,  1.41070792,
        2.54102409,  3.01714281, -0.22839203,  2.95398515,  1.89339747,
       -0.19955056,  0.83387621]), array([ 0.37825828,  0.91126406, -0.08855808,  0.31036831,  1.40854599,
        2.5429844 ,  3.1095174 , -0.39210732,  3.1460544 ,  1.88161025,
       -0.43238616,  0.39206197]), array([ 0.3924766 ,  0.9093023 , -0.07384512,  0.32217355,  1.40562275,
        2.54433517,  2.8436634 , -0.39235172,  2.94259054,  2.36104871,
       -0.58464866,  0.27015466]), array([ 0.40578864,  0.9073857 , -0.06010932,  0.33543424,  1.40139788,
        2.54543809,  2.66240941, -0.38331998,  2.74716002,  2.65213876,
       -0.84497335,  0.22058421]), array([ 0.41833778,  0.90553359, -0.04723937,  0.34943354,  1.39611798,
        2.54645339,  2.50982742, -0.37042155,  2.57399154,  2.79985856,
       -1.05597932,  0.20306032]), array([ 0.43020683,  0.90375969, -0.03511645,  0.36376534,  1.39018535,
        2.54739707,  2.37380952, -0.35478075,  2.4245838 ,  2.86636167,
       -1.18652731,  0.1887341 ]), array([ 0.44146568,  0.9020742 , -0.02364669,  0.37810836,  1.38388541,
        2.54828333,  2.25177052, -0.33709753,  2.2939504 ,  2.86860318,
       -1.25998721,  0.17725347]), array([ 0.45217369,  0.90048407, -0.01275572,  0.39221117,  1.37741765,
        2.5491249 ,  2.14160127, -0.31802621,  2.17819523,  2.82056261,
       -1.29355176,  0.1683138 ]), array([ 4.62381518e-01,  8.98993408e-01, -2.38424608e-03,  4.05879801e-01,
        1.37091854e+00,  2.54993303e+00,  2.04156631e+00, -2.98131902e-01,
        2.07429440e+00,  2.73372568e+00, -1.29982219e+00,  1.61625935e-01]), array([ 0.47213265,  0.89760402,  0.00751531,  0.41896729,  1.36447861,
        2.55071756,  1.95022657, -0.27787846,  1.97991153,  2.6174971 ,
       -1.28798689,  0.15690614]), array([ 0.48146455,  0.89631585,  0.01698155,  0.43136504,  1.35815511,
        2.55148694,  1.86638014, -0.25763225,  1.89324674,  2.47955039,
       -1.26469842,  0.15387634]), array([ 0.49040963,  0.89512749,  0.02604612,  0.44299565,  1.35198148,
        2.55224828,  1.78901655, -0.23767287,  1.81291587,  2.32612264,
       -1.23472708,  0.1522682 ]), array([ 0.49899604,  0.89403646,  0.0347354 ,  0.45380696,  1.34597424,
        2.55300743,  1.7172812 , -0.2182062 ,  1.73785538,  2.16226131,
       -1.20144862,  0.15182808]), array([ 0.50724828,  0.89303957,  0.04307164,  0.46376711,  1.34013819,
        2.55376903,  1.65044739, -0.19937735,  1.66724807,  1.99203043,
       -1.16720861,  0.15232106]), array([ 0.51518775,  0.89213316,  0.05107397,  0.47286052,  1.33447022,
        2.5545367 ,  1.58789428, -0.18128248,  1.60046556,  1.8186824 ,
       -1.1335949 ,  0.15353387]), array([ 0.52283319,  0.89131326,  0.05875909,  0.48108453,  1.32896201,
        2.55531308,  1.52908917, -0.16397901,  1.53702388,  1.64480097,
       -1.10164121,  0.15527632]), array([ 0.53020106,  0.89057579,  0.06614184,  0.48844663,  1.32360212,
        2.55609999,  1.4735734 , -0.14749422,  1.47654927,  1.47242007,
       -1.07197936,  0.15738176]), array([ 0.53730581,  0.88991663,  0.07323559,  0.49496224,  1.31837735,
        2.55689852,  1.42095077, -0.13183235,  1.41875189,  1.30312255,
       -1.04495275,  0.15970648]), array([ 0.54416021,  0.88933173,  0.08005262,  0.50065285,  1.31327385,
        2.55770917,  1.37087816, -0.11698043,  1.36340568,  1.13812208,
       -1.02070082,  0.16212853]), array([ 0.55077549,  0.88881717,  0.08660429,  0.50554451,  1.30827774,
        2.5585319 ,  1.32305778, -0.10291289,  1.31033285,  0.9783311 ,
       -0.99922166,  0.16454612]), array([ 0.55716165,  0.88836919,  0.09290125,  0.50966659,  1.30337565,
        2.55936627,  1.27723071, -0.08959534,  1.25939204,  0.8244171 ,
       -0.98041818,  0.16687575]), array([ 0.56332751,  0.88798425,  0.09895359,  0.51305084,  1.29855499,
        2.56021153,  1.23317157, -0.07698748,  1.21046915,  0.67684921,
       -0.96413194,  0.16905024]), array([ 0.56928093,  0.88765902,  0.10477095,  0.51573052,  1.29380415,
        2.56106661,  1.19068399, -0.06504551,  1.16347046,  0.53593661,
       -0.95016767,  0.17101683]), array([ 0.57502891,  0.8873904 ,  0.11036253,  0.51773982,  1.2891126 ,
        2.56193029,  1.14959682, -0.0537239 ,  1.11831719,  0.40186036,
       -0.93831089,  0.17273524]), array([ 0.58057771,  0.88717552,  0.11573724,  0.51911332,  1.28447089,
        2.56280117,  1.1097609 , -0.04297685,  1.07494153,  0.2746994 ,
       -0.92834032,  0.17417592]), array([ 0.58593295,  0.88701172,  0.12090366,  0.51988558,  1.27987071,
        2.56367776,  1.07104631, -0.03275941,  1.03328346,  0.15445212,
       -0.92003644,  0.1753185 ]), array([ 0.59109965,  0.88689658,  0.1258701 ,  0.52009085,  1.27530478,
        2.56455851,  1.03334   , -0.02302823,  0.99328846,  0.04105387,
       -0.9131872 ,  0.17615027]), array([ 0.59608236,  0.88682787,  0.13064463,  0.51976281,  1.27076682,
        2.56544183,  0.99654378, -0.01374228,  0.95490571, -0.06560868,
       -0.90759167,  0.17666493]), array([ 0.60088523,  0.88680355,  0.13523506,  0.51893438,  1.26625151,
        2.56632614,  0.9605725 , -0.00486321,  0.91808683, -0.16568584,
       -0.90306213,  0.17686144]), array([ 0.60551199,  0.88682178,  0.13964899,  0.5176376 ,  1.26175438,
        2.56720986,  0.92535258,  0.00364428,  0.88278485, -0.25935544,
       -0.89942509,  0.17674307]), array([ 0.60996609,  0.88688084,  0.14389375,  0.51590352,  1.25727177,
        2.56809144,  0.89082062,  0.01181227,  0.84895358, -0.34681512,
       -0.89652158,  0.17631648]), array([ 0.6142507 ,  0.88697918,  0.14797649,  0.51376214,  1.25280074,
        2.56896939,  0.85692222,  0.01966949,  0.81654709, -0.42827628,
       -0.89420686,  0.17559108]), array([ 0.61836876,  0.88711539,  0.15190409,  0.51124235,  1.24833899,
        2.56984229,  0.82361092,  0.02724131,  0.7855194 , -0.50395905,
       -0.8923498 ,  0.17457834]), array([ 0.622323  ,  0.88728814,  0.15568321,  0.50837191,  1.24388483,
        2.57070874,  0.79084731,  0.03454972,  0.75582426, -0.57408846,
       -0.89083205,  0.17329131]), array([ 0.62611599,  0.88749621,  0.15932028,  0.50517745,  1.23943709,
        2.57156746,  0.75859813,  0.04161341,  0.7274151 , -0.63889132,
       -0.88954709,  0.17174414]), array([ 0.62975016,  0.88773845,  0.16282151,  0.50168448,  1.2349951 ,
        2.57241722,  0.72683556,  0.04844786,  0.70024495, -0.69859382,
       -0.88839921,  0.16995176]), array([ 0.63322785,  0.88801377,  0.16619284,  0.49791738,  1.23055859,
        2.57325687,  0.69553655,  0.05506549,  0.67426646, -0.75341967,
       -0.88730249,  0.16792957]), array([ 0.63655126,  0.88832115,  0.16944   ,  0.49389944,  1.22612769,
        2.57408534,  0.66468218,  0.06147575,  0.649432  , -0.80358866,
       -0.88617981,  0.16569313]), array([ 0.63972254,  0.88865958,  0.17256847,  0.48965286,  1.22170288,
        2.57490163,  0.63425712,  0.06768535,  0.62569372, -0.8493156 ,
       -0.88496188,  0.16325803]), array([ 0.64274379,  0.88902807,  0.17558349,  0.48519881,  1.21728495,
        2.57570482,  0.60424916,  0.07369838,  0.60300364, -0.89080954,
       -0.88358639,  0.1606397 ]), array([ 0.64561703,  0.88942565,  0.17849006,  0.48055745,  1.21287496,
        2.57649409,  0.5746487 ,  0.07951653,  0.58131384, -0.92827317,
       -0.88199716,  0.15785325]), array([ 0.64834427,  0.88985135,  0.18129294,  0.47574793,  1.20847424,
        2.57726866,  0.54544839,  0.08513926,  0.5605765 , -0.96190247,
       -0.88014346,  0.1549134 ]), array([ 0.65092749,  0.89030417,  0.18399666,  0.4707885 ,  1.20408435,
        2.57802783,  0.51664271,  0.09056398,  0.54074412, -0.99188646,
       -0.87797925,  0.15183438]), array([ 0.65336863,  0.8907831 ,  0.18660551,  0.46569647,  1.19970703,
        2.57877098,  0.48822769,  0.09578627,  0.52176957, -1.01840705,
       -0.87546269,  0.14862987]), array([ 0.65566963,  0.8912871 ,  0.18912354,  0.46048827,  1.19534426,
        2.57949754,  0.46020053,  0.10080005,  0.50360627, -1.04163897,
       -0.87255554,  0.14531295]), array([ 0.65783243,  0.89181509,  0.19155458,  0.45517952,  1.19099814,
        2.58020702,  0.4325594 ,  0.10559778,  0.48620828, -1.06174982,
       -0.86922277,  0.1418961 ]), array([ 0.65985894,  0.89236594,  0.19390223,  0.44978502,  1.18667098,
        2.58089898,  0.40530316,  0.11017065,  0.46953046, -1.07890011,
       -0.86543209,  0.13839112]), array([ 0.6617511 ,  0.89293849,  0.19616987,  0.44431881,  1.18236521,
        2.58157303,  0.3784311 ,  0.1145087 ,  0.45352852, -1.09324336,
       -0.86115369,  0.13480918]), array([ 0.66351081,  0.89353149,  0.19836067,  0.43879417,  1.17808341,
        2.58222883,  0.35194283,  0.1186011 ,  0.43815915, -1.10492621,
       -0.85635991,  0.13116076]), array([ 0.66514   ,  0.89414367,  0.20047757,  0.43322373,  1.17382829,
        2.58286611,  0.32583803,  0.12243622,  0.4233801 , -1.11408858,
       -0.85102502,  0.1274557 ]), array([ 0.66664058,  0.89477368,  0.20252332,  0.42761941,  1.16960266,
        2.58348462,  0.30011636,  0.12600182,  0.40915027, -1.12086383,
       -0.84512501,  0.12370319]), array([ 0.66801447,  0.89542011,  0.20450047,  0.42199252,  1.16540948,
        2.58408418,  0.27477729,  0.12928522,  0.39542979, -1.12537892,
       -0.83863745,  0.11991178]), array([ 0.66926357,  0.89608148,  0.20641137,  0.41635374,  1.16125177,
        2.58466463,  0.24981999,  0.13227343,  0.38218002, -1.12775458,
       -0.83154135,  0.11608941]), array([ 0.67038979,  0.89675624,  0.20825819,  0.41071322,  1.15713268,
        2.58522585,  0.22524327,  0.13495329,  0.36936369, -1.12810551,
       -0.82381708,  0.11224338]), array([ 0.67139501,  0.8974428 ,  0.21004291,  0.40508051,  1.15305545,
        2.58576775,  0.20104547,  0.13731158,  0.35694488, -1.12654054,
       -0.81544628,  0.10838047]), array([ 0.67228114,  0.89813948,  0.21176736,  0.3994647 ,  1.14902339,
        2.58629028,  0.17722441,  0.13933514,  0.34488907, -1.12316282,
       -0.80641185,  0.10450686]), array([ 0.67305002,  0.89884453,  0.21343318,  0.39387435,  1.1450399 ,
        2.58679342,  0.15377735,  0.14101102,  0.33316318, -1.11807   ,
       -0.79669786,  0.10062821]), array([ 0.67370353,  0.89955616,  0.21504185,  0.38831758,  1.14110846,
        2.58727717,  0.13070095,  0.14232654,  0.32173555, -1.11135443,
       -0.78628961,  0.0967497 ]), array([ 0.67424348,  0.90027251,  0.21659473,  0.38280206,  1.13723259,
        2.58774155,  0.10799124,  0.14326939,  0.31057601, -1.10310333,
       -0.77517358,  0.09287599]), array([ 0.6746717 ,  0.90099165,  0.21809301,  0.37733507,  1.1334159 ,
        2.58818661,  0.08564362,  0.14382773,  0.29965582, -1.09339896,
       -0.76333744,  0.08901133]), array([ 0.67498997,  0.9017116 ,  0.21953775,  0.37192347,  1.12966205,
        2.58861241,  0.06365284,  0.14399028,  0.28894772, -1.08231884,
       -0.75077011,  0.08515953]), array([ 0.67520003,  0.90243033,  0.22092988,  0.36657379,  1.12597474,
        2.58901903,  0.04201303,  0.14374633,  0.27842588, -1.06993588,
       -0.73746174,  0.081324  ]), array([ 0.67530362,  0.90314576,  0.22227021,  0.3612922 ,  1.12235772,
        2.58940657,  0.02071769,  0.1430859 ,  0.26806591, -1.05631861,
       -0.72340378,  0.07750778]), array([ 6.75297250e-01,  9.03793533e-01,  2.23444302e-01,  3.56234671e-01,
        1.11852274e+00,  2.58977578e+00, -1.27394964e-03,  1.29554336e-01,
        2.34818308e-01, -1.01150577e+00, -7.66996160e-01,  7.38428043e-02])], 'U_history': [array([ 2.08545225e-03, -4.13774698e-05, -3.22617959e-04, -1.14690375e-03,
       -8.75044312e-04,  1.65766031e-19]), array([-0.00423828,  0.03580307, -0.00745862, -0.00447704,  0.17991427,
        0.01084188]), array([-0.00995495,  0.07206027, -0.00725204, -0.00754456,  0.32606022,
        0.01750771]), array([-0.01513548,  0.1084233 , -0.00153021, -0.01028331,  0.44460092,
        0.02172756]), array([-0.01983735,  0.14465452,  0.00828178, -0.01266182,  0.54112579,
        0.02448655]), array([-0.02410724,  0.18057455,  0.02107763, -0.01467452,  0.62007933,
        0.02635213]), array([-0.02798363,  0.21605419,  0.03600443, -0.01633363,  0.68500079,
        0.02765607]), array([-0.03149968,  0.25100741,  0.05241083, -0.01766224,  0.73871303,
        0.02859605]), array([-0.03468601,  0.28538364,  0.06980449, -0.0186888 ,  0.78347047,
        0.02929264]), array([-0.03757261,  0.31915921,  0.0878169 , -0.01944333,  0.82107466,
        0.02982139]), array([-0.04018922,  0.3523291 ,  0.10617448, -0.01995541,  0.85296481,
        0.0302311 ]), array([-0.04256472,  0.38490063,  0.12467584, -0.02025337,  0.88028973,
        0.03055427]), array([-0.04472608,  0.41688945,  0.14317466, -0.02036403,  0.90396575,
        0.03081327]), array([-0.0466977 ,  0.44831723,  0.16156679, -0.02031255,  0.92472354,
        0.03102387]), array([-0.04850117,  0.47921032,  0.17978065, -0.02012228,  0.94314576,
        0.03119749]), array([-0.05015538,  0.50959883,  0.19776972, -0.01981452,  0.95969734,
        0.03134258]), array([-0.05167678,  0.53951585,  0.21550676, -0.01940851,  0.97474948,
        0.03146545]), array([-0.0530797 ,  0.56899676,  0.23297919, -0.01892131,  0.98859879,
        0.03157092]), array([-0.05437668,  0.59807858,  0.2501855 , -0.01836788,  1.0014825 ,
        0.03166268]), array([-0.05557873,  0.62679944,  0.26713238, -0.01776117,  1.01359049,
        0.03174357]), array([-0.05432876,  0.65244555,  0.28190262, -0.01853988,  1.02347889,
        0.03181581]), array([-0.05519246,  0.68027232,  0.29820745, -0.01784682,  1.03448612,
        0.03186802]), array([-0.05598264,  0.70785201,  0.31430307, -0.01714447,  1.04506876,
        0.0319208 ]), array([-0.05670676,  0.73522305,  0.33021043, -0.01643624,  1.05530995,
        0.03197233]), array([-0.05737162,  0.76242297,  0.34595148, -0.01572493,  1.06527628,
        0.03202187]), array([-0.0579834 ,  0.78948808,  0.3615485 , -0.0150128 ,  1.07502107,
        0.03206927]), array([-0.05854778,  0.81645329,  0.37702359, -0.01430161,  1.08458695,
        0.03211466]), array([-0.05906998,  0.8433519 ,  0.3923982 , -0.01359268,  1.09400791,
        0.03215826]), array([-0.05955484,  0.87021536,  0.40769288, -0.01288692,  1.10331094,
        0.03220033]), array([-0.06000685,  0.8970732 ,  0.42292695, -0.01218494,  1.11251731,
        0.03224113]), array([-0.06043021,  0.92395283,  0.43811841, -0.01148706,  1.12164365,
        0.0322809 ]), array([-0.06082883,  0.95087941,  0.45328374, -0.01079337,  1.13070271,
        0.03231985]), array([-0.06120637,  0.97787579,  0.46843782, -0.01010382,  1.13970408,
        0.03235816]), array([-0.06156626,  1.00496238,  0.48359385, -0.00941818,  1.14865469,
        0.03239599]), array([-0.06191173,  1.03215712,  0.49876334, -0.00873615,  1.15755922,
        0.03243347]), array([-0.06224578,  1.05947534,  0.51395603, -0.00805736,  1.16642047,
        0.03247072]), array([-0.06257125,  1.08692981,  0.52917991, -0.00738139,  1.17523962,
        0.03250784]), array([-0.06289078,  1.11453062,  0.54444122, -0.00670782,  1.18401647,
        0.03254491]), array([-0.06320684,  1.1422852 ,  0.55974442, -0.00603623,  1.19274958,
        0.03258199]), array([-0.06352172,  1.17019832,  0.57509228, -0.00536621,  1.20143648,
        0.03261914]), array([-0.05220791,  1.19031136,  0.58492812, -0.01136196,  1.20560497,
        0.0326564 ]), array([-0.05221826,  1.21822965,  0.60024954, -0.01031869,  1.21456296,
        0.03263683]), array([-0.05225082,  1.24632248,  0.61562817, -0.00935286,  1.22337984,
        0.03264712]), array([-0.05230505,  1.27458294,  0.63105702, -0.0084496 ,  1.23206793,
        0.03267303]), array([-0.05238071,  1.30300181,  0.64652844, -0.00759687,  1.24063517,
        0.03270689]), array([-0.05247785,  1.33156755,  0.66203395, -0.00678488,  1.249086  ,
        0.03274462]), array([-0.05259667,  1.36026635,  0.67756418, -0.00600572,  1.25742207,
        0.03278405]), array([-0.05273747,  1.38908215,  0.69310875, -0.00525299,  1.2656428 ,
        0.03282407]), array([-0.05290063,  1.41799669,  0.70865628, -0.00452153,  1.27374577,
        0.03286411]), array([-0.05308653,  1.44698964,  0.72419437, -0.00380722,  1.28172715,
        0.03290391]), array([-0.05329554,  1.47603858,  0.73970963, -0.00310681,  1.2895819 ,
        0.03294332]), array([-0.05352801,  1.50511919,  0.75518769, -0.00241774,  1.2973041 ,
        0.0329823 ]), array([-0.05378419,  1.53420528,  0.77061328, -0.00173807,  1.30488708,
        0.0330208 ]), array([-5.40642844e-02,  1.56326896e+00,  7.85970240e-01, -1.06633383e-03,
        1.31232359e+00,  3.30587893e-02]), array([-5.43683869e-02,  1.59228072e+00,  8.01241644e-01, -4.01514099e-04,
        1.31960598e+00,  3.30962329e-02]), array([-5.46964985e-02,  1.62120959e+00,  8.16409831e-01,  2.57071414e-04,
        1.32672627e+00,  3.31330854e-02]), array([-5.50485100e-02,  1.65002325e+00,  8.31456505e-01,  9.09802436e-04,
        1.33367626e+00,  3.31692911e-02]), array([-5.54241990e-02,  1.67868819e+00,  8.46362813e-01,  1.55680688e-03,
        1.34044766e+00,  3.32047837e-02]), array([-0.05582323,  1.70716987,  0.86110944,  0.002198  ,  1.34703212,
        0.03323949]), array([-0.05624514,  1.73543283,  0.87567669,  0.00283312,  1.35342131,
        0.03327332]), array([-0.09330259,  1.81026182,  0.92291307,  0.02487586,  1.38704815,
        0.03330618]), array([-0.094031  ,  1.83867518,  0.93694697,  0.02389056,  1.39007868,
        0.03358962]), array([-0.0947131 ,  1.86661827,  0.9506447 ,  0.02317652,  1.39345311,
        0.03373643]), array([-0.09535758,  1.89406662,  0.96400931,  0.02267868,  1.3970437 ,
        0.03381152]), array([-0.0959712 ,  1.92099364,  0.97703804,  0.0223526 ,  1.40074853,
        0.03384979]), array([-0.09655909,  1.94737111,  0.98972378,  0.02216227,  1.40448602,
        0.03386971]), array([-0.09712515,  1.97316969,  1.00205629,  0.02207842,  1.40819077,
        0.03388088]), array([-0.09767224,  1.99835935,  1.01402311,  0.02207714,  1.4118102 ,
        0.03388808]), array([-0.09820236,  2.02290974,  1.0256103 ,  0.02213888,  1.41530198,
        0.03389355]), array([-0.09871685,  2.04679047,  1.03680305,  0.0222476 ,  1.41863202,
        0.03389822]), array([-0.09921651,  2.06997149,  1.04758613,  0.02239011,  1.42177284,
        0.03390229]), array([-0.09970168,  2.09242326,  1.05794425,  0.02255554,  1.4247023 ,
        0.03390567]), array([-0.10017235,  2.11411705,  1.06786239,  0.02273492,  1.42740267,
        0.03390813]), array([-0.10062825,  2.13502512,  1.07732605,  0.02292083,  1.42985977,
        0.03390937]), array([-0.10106888,  2.15512091,  1.08632139,  0.02310712,  1.43206241,
        0.03390911]), array([-0.10149355,  2.17437919,  1.09483546,  0.02328868,  1.43400189,
        0.0339071 ]), array([-0.10190149,  2.19277623,  1.10285625,  0.02346129,  1.43567159,
        0.0339031 ]), array([-0.1022918 ,  2.21028994,  1.11037285,  0.02362141,  1.43706672,
        0.03389691]), array([-0.10266355,  2.22689994,  1.11737551,  0.02376614,  1.43818399,
        0.03388837]), array([-0.10301574,  2.24258772,  1.12385567,  0.02389304,  1.43902151,
        0.03387735]), array([-0.09927962,  2.2371588 ,  1.1156951 ,  0.02118222,  1.42771101,
        0.03386374]), array([-0.09960693,  2.25088564,  1.12131836,  0.02150986,  1.42936264,
        0.0337814 ]), array([-0.09991862,  2.26371178,  1.12644253,  0.0217714 ,  1.43048381,
        0.03373253]), array([-0.10021255,  2.2756192 ,  1.13105314,  0.02197508,  1.43112964,
        0.03369963]), array([-0.10048684,  2.28659313,  1.13513976,  0.0221273 ,  1.43134477,
        0.03367332]), array([-0.10073986,  2.29662189,  1.13869536,  0.02223306,  1.43116573,
        0.03364864]), array([-0.1009702 ,  2.30569668,  1.14171587,  0.02229634,  1.43062274,
        0.03362301]), array([-0.10117662,  2.31381153,  1.14419969,  0.02232032,  1.42974117,
        0.03359516]), array([-0.10135806,  2.32096308,  1.14614742,  0.02230756,  1.42854264,
        0.03356451]), array([-0.10151357,  2.32715055,  1.14756164,  0.02226021,  1.4270459 ,
        0.03353084]), array([-0.10164238,  2.33237561,  1.14844661,  0.02218002,  1.42526748,
        0.03349412]), array([-0.1017438 ,  2.33664227,  1.1488082 ,  0.02206853,  1.42322226,
        0.03345442]), array([-0.10181728,  2.33995681,  1.14865366,  0.02192706,  1.42092385,
        0.03341184]), array([-0.10186237,  2.3423277 ,  1.14799156,  0.02175682,  1.41838493,
        0.03336651]), array([-0.10187873,  2.34376546,  1.14683165,  0.02155888,  1.41561746,
        0.03331858]), array([-0.10186611,  2.34428262,  1.14518477,  0.02133429,  1.4126329 ,
        0.03326818]), array([-0.10182438,  2.34389363,  1.14306279,  0.02108403,  1.40944233,
        0.03321545]), array([-0.10175345,  2.34261471,  1.14047849,  0.02080907,  1.40605655,
        0.03316054]), array([-0.10165337,  2.34046381,  1.13744551,  0.02051035,  1.40248619,
        0.03310357]), array([-0.10152426,  2.33746051,  1.13397826,  0.02018883,  1.39874171,
        0.03304469]), array([-0.10136629,  2.33362587,  1.13009188,  0.01984547,  1.39483347,
        0.03298403]), array([-0.10117974,  2.32898239,  1.12580215,  0.01948124,  1.39077175,
        0.03292174]), array([-0.10096496,  2.32355388,  1.12112544,  0.01909711,  1.38656675,
        0.03285794]), array([-0.10072237,  2.31736537,  1.11607862,  0.01869409,  1.38222863,
        0.03279277]), array([-0.10045244,  2.31044297,  1.11067902,  0.0182732 ,  1.37776744,
        0.03272637]), array([-0.10015572,  2.30281383,  1.10494438,  0.01783545,  1.37319318,
        0.03265888]), array([-0.09983281,  2.29450598,  1.09889273,  0.01738191,  1.36851576,
        0.03259042]), array([-0.09948438,  2.28554825,  1.09254241,  0.01691362,  1.36374499,
        0.03252115]), array([-0.09911114,  2.27597017,  1.08591195,  0.01643166,  1.35889057,
        0.03245118]), array([-0.09871384,  2.26580187,  1.07902002,  0.01593711,  1.35396207,
        0.03238065]), array([-0.0982933 ,  2.25507396,  1.07188541,  0.01543105,  1.34896892,
        0.0323097 ]), array([-0.09785035,  2.24381745,  1.06452695,  0.01491458,  1.3439204 ,
        0.03223845]), array([-0.09738589,  2.23206366,  1.05696344,  0.01438878,  1.33882561,
        0.03216702]), array([-0.09690081,  2.21984412,  1.04921363,  0.01385474,  1.33369347,
        0.03209555]), array([-0.09639607,  2.20719045,  1.04129615,  0.01331355,  1.32853267,
        0.03202415]), array([-0.09587263,  2.19413433,  1.03322948,  0.01276629,  1.32335173,
        0.03195294]), array([-0.09533148,  2.18070736,  1.02503189,  0.01221401,  1.31815891,
        0.03188203]), array([-0.09477363,  2.166941  ,  1.0167214 ,  0.01165778,  1.31296224,
        0.03181154]), array([-0.09420008,  2.15286652,  1.00831574,  0.01109862,  1.3077695 ,
        0.03174157]), array([-0.09361187,  2.13851486,  0.99983233,  0.01053757,  1.30258822,
        0.03167223]), array([-0.09301004,  2.12391664,  0.99128823,  0.00997562,  1.29742564,
        0.0316036 ]), array([-0.09239561,  2.10910203,  0.98270007,  0.00941374,  1.29228874,
        0.0315358 ]), array([-0.09176963,  2.0941007 ,  0.97408412,  0.0088529 ,  1.28718423,
        0.03146889]), array([-0.09113312,  2.0789418 ,  0.96545614,  0.008294  ,  1.28211851,
        0.03140297]), array([-0.09048712,  2.06365385,  0.95683146,  0.00773796,  1.27709771,
        0.03133812]), array([-0.08983264,  2.04826475,  0.94822489,  0.00718563,  1.27212765,
        0.03127442]), array([-0.08917069,  2.03280167,  0.93965073,  0.00663786,  1.26721386,
        0.03121192]), array([-0.08850225,  2.01729106,  0.93112274,  0.00609544,  1.26236159,
        0.0311507 ]), array([-0.08782831,  2.0017586 ,  0.92265416,  0.00555915,  1.25757578,
        0.03109081]), array([-0.08714981,  1.98622914,  0.91425763,  0.00502971,  1.25286106,
        0.03103231]), array([-0.08646769,  1.97072671,  0.90594524,  0.00450782,  1.2482218 ,
        0.03097526]), array([-0.08578288,  1.95527447,  0.89772853,  0.00399414,  1.24366206,
        0.03091969]), array([-0.08509624,  1.9398947 ,  0.8896184 ,  0.00348931,  1.23918561,
        0.03086564]), array([-0.08440865,  1.92460876,  0.88162522,  0.0029939 ,  1.23479594,
        0.03081315]), array([-0.08372093,  1.90943711,  0.87375874,  0.00250846,  1.23049627,
        0.03076226]), array([-0.08303391,  1.89439927,  0.86602813,  0.00203351,  1.22628953,
        0.03071299]), array([-8.23483462e-02,  1.87951385e+00,  8.58441993e-01,  1.56951497e-03,
        1.22217840e+00,  3.06653592e-02]), array([-8.16649949e-02,  1.86479849e+00,  8.51008335e-01,  1.11691649e-03,
        1.21816527e+00,  3.06193894e-02]), array([-8.09845706e-02,  1.85026990e+00,  8.43734594e-01,  6.76112275e-04,
        1.21425231e+00,  3.05750948e-02]), array([-8.03077578e-02,  1.83594385e+00,  8.36627644e-01,  2.47464796e-04,
        1.21044142e+00,  3.05324860e-02]), array([ 60.,  60.,  30.,  10.,  10., -10.]), array([ 22.89405044, -60.        ,  -0.3573827 , -10.        ,
        10.        ,  10.        ]), array([ 10.34028696, -60.        ,   9.91264116, -10.        ,
         4.73468032,  10.        ]), array([  5.13230301,  60.        ,  11.37123207,  10.        ,
         5.78098966, -10.        ]), array([  4.09211613,  60.        ,  -2.71954667,  10.        ,
        -0.65828145, -10.        ]), array([  2.68384469, -60.        ,  -8.70434933,  10.        ,
        -3.08541106,  10.        ]), array([  2.50323998,  60.        ,  13.08986954, -10.        ,
         6.3441748 , -10.        ]), array([  1.23766427, -60.        ,  -5.09719288,  10.        ,
        -1.62367592,  10.        ]), array([  2.42645421, -60.        ,   6.3198657 ,  10.        ,
         3.08318134,  10.        ]), array([ 2.57031374, 60.        , 11.24919364, 10.        ,  5.5712136 ,
       10.        ]), array([ 0.,  0., -0., -0.,  0.,  0.]), array([  4.59218067, -60.        ,  -7.00957808, -10.        ,
        -2.03438837, -10.        ]), array([  2.83793096,  60.        ,  11.86936567, -10.        ,
         5.43500058, -10.        ]), array([  3.73156856, -60.        ,  -4.18458505,  10.        ,
        -1.28124898,  10.        ]), array([  5.26902642, -60.        ,   5.24047717, -10.        ,
         2.66113976,  10.        ]), array([  6.5467121 ,  60.        ,  11.71960333,  10.        ,
         5.64683314, -10.        ]), array([  4.48057725, -60.        ,  -5.33395167,  10.        ,
        -1.68690835,  10.        ]), array([  7.15211862,  60.        ,  11.73024985,  10.        ,
         5.4558262 , -10.        ]), array([  3.9549601 ,  60.        ,  -1.62128535, -10.        ,
        -0.24514896, -10.        ]), array([  2.51514577,  60.        ,   0.75028026, -10.        ,
         0.69273308, -10.        ]), array([60., 60., 30., 10., 10., 10.]), array([ 60.        , -60.        ,  30.        , -10.        ,
         4.56128383,  10.        ]), array([ 36.        , -36.        ,   8.23380117,  -6.        ,
         1.57969327,  -6.        ]), array([  7.53460985, -12.        ,   1.96430972,   2.        ,
         0.60943747,  -2.        ]), array([  4.89051268, -12.        ,   2.62129315,   2.        ,
         0.90763356,   2.        ]), array([ 4.16702334, 12.        ,  4.19656393,  2.        ,  1.41104512,
       -2.        ]), array([18.41318872, 48.        , -3.34079685, -8.        , -1.59035858,
        8.        ]), array([10.17212813, 24.        ,  1.97114336, -4.        ,  0.02403859,
        4.        ]), array([  5.59815582, -12.        ,   1.57402843,   2.        ,
         0.07162313,  -2.        ]), array([  5.0440108 , -12.        ,   2.36519177,   2.        ,
         0.50740294,  -2.        ]), array([10.44098053, 24.        ,  6.79557948, -4.        ,  2.08843404,
       -4.        ]), array([  5.76201104, -12.        ,   1.4833828 ,   2.        ,
        -0.01595723,  -2.        ]), array([ 5.57719501, 12.        ,  2.25108825, -2.        ,  0.94310116,
        2.        ]), array([10.47080773, 12.        ,  2.81591078, -2.        ,  0.1983405 ,
        2.        ]), array([ 12.        , -12.        ,   6.        ,   2.        ,
         0.91499524,  -2.        ]), array([ 11.6286646 , -12.        ,   6.        ,  -2.        ,
         1.64187547,   2.        ]), array([ 0., -0.,  0.,  0.,  0., -0.]), array([ 12.        , -12.        ,   6.        ,   2.        ,
         0.87906533,   2.        ]), array([ 12.        , -12.        ,   6.        ,   2.        ,
         0.05743117,  -2.        ]), array([-1.80454058e+01, -1.17908950e+01, -8.15366995e+00,  1.00000000e+01,
       -5.01969762e+00, -9.54668563e-15]), array([-1.27461212e+01, -9.19035394e+00, -6.43159679e+00,  8.62305826e+00,
       -4.06490640e+00, -1.11966542e-15]), array([-9.27145907e+00, -6.42612253e+00, -4.44155959e+00,  6.26908046e+00,
       -2.68708349e+00, -4.20029098e-15]), array([-6.75416578e+00, -4.12273141e+00, -2.76232398e+00,  4.50102674e+00,
       -1.49845160e+00, -1.72082883e-15]), array([-4.72406442e+00, -2.34572533e+00, -1.48554700e+00,  3.06963750e+00,
       -6.32269500e-01, -1.87923103e-15]), array([-3.09116651e+00, -9.73811130e-01, -5.15912102e-01,  1.91449239e+00,
       -7.09528278e-03, -9.13744274e-16]), array([-1.78194480e+00,  8.44190952e-02,  2.18690305e-01,  9.85839275e-01,
        4.38658237e-01, -5.98900376e-16]), array([-7.36399559e-01,  8.98570445e-01,  7.73065054e-01,  2.42733046e-01,
        7.51440832e-01, -3.69327771e-16]), array([ 9.43960910e-02,  1.52213981e+00,  1.18904491e+00, -3.48512467e-01,
        9.66203563e-01, -1.47183517e-17]), array([ 7.50326982e-01,  1.99658057e+00,  1.49868879e+00, -8.15605061e-01,
        1.10918421e+00,  2.03310148e-16]), array([ 1.26390429e+00,  2.35424111e+00,  1.72665520e+00, -1.18133024e+00,
        1.20002956e+00,  4.40664368e-16]), array([ 1.66163064e+00,  2.62051553e+00,  1.89197255e+00, -1.46442077e+00,
        1.25340776e+00,  5.89277642e-16]), array([ 1.96511416e+00,  2.81543629e+00,  2.00936617e+00, -1.68027217e+00,
        1.28023114e+00,  8.30378171e-16]), array([ 2.19197658e+00,  2.95486670e+00,  2.09025783e+00, -1.84153129e+00,
        1.28858257e+00,  7.68052149e-16]), array([ 2.35659278e+00,  3.05140330e+00,  2.14352218e+00, -1.95858067e+00,
        1.28441677e+00,  9.49216406e-17]), array([ 2.47069298e+00,  3.11506522e+00,  2.17606182e+00, -2.03993728e+00,
        1.27209085e+00,  4.68680238e-16]), array([ 2.54385315e+00,  3.15382583e+00,  2.19324666e+00, -2.09258091e+00,
        1.25476542e+00,  4.68100056e-16]), array([ 2.58389440e+00,  3.17402614e+00,  2.19925096e+00, -2.12222492e+00,
        1.23470770e+00,  3.91782871e-16]), array([ 2.59720826e+00,  3.18069884e+00,  2.19731329e+00, -2.13353951e+00,
        1.21352020e+00,  9.63205632e-16]), array([ 2.58902172e+00,  3.17782408e+00,  2.18993769e+00, -2.13033596e+00,
        1.19231318e+00,  1.06641240e-15]), array([ 2.56361315e+00,  3.16853280e+00,  2.17905022e+00, -2.11571877e+00,
        1.17183440e+00,  3.88442277e-16]), array([ 2.52448812e+00,  3.15526922e+00,  2.16612121e+00, -2.09221130e+00,
        1.15256659e+00, -9.11539378e-17]), array([ 2.47452260e+00,  3.13992148e+00,  2.15226115e+00, -2.06185953e+00,
        1.13480045e+00, -4.53983852e-16]), array([ 2.41607953e+00,  3.12392711e+00,  2.13829621e+00, -2.02631778e+00,
        1.11868928e+00,  2.55841649e-16]), array([ 2.35110352e+00,  3.10835863e+00,  2.12482794e+00, -1.98691950e+00,
        1.10428946e+00,  4.31334790e-16]), array([ 2.28119792e+00,  3.09399312e+00,  2.11228060e+00, -1.94473562e+00,
        1.09159065e+00,  3.31447470e-16]), array([ 2.20768728e+00,  3.08136910e+00,  2.10093886e+00, -1.90062276e+00,
        1.08053783e+00,  7.56116645e-16]), array([ 2.13166807e+00,  3.07083313e+00,  2.09097783e+00, -1.85526290e+00,
        1.07104761e+00,  9.29694367e-16]), array([ 2.05404968e+00,  3.06257793e+00,  2.08248716e+00, -1.80919599e+00,
        1.06301990e+00,  6.29639544e-16]), array([ 1.97558765e+00,  3.05667385e+00,  2.07549028e+00, -1.76284683e+00,
        1.05634637e+00,  5.76234121e-16]), array([ 1.89691050e+00,  3.05309469e+00,  2.06995994e+00, -1.71654701e+00,
        1.05091638e+00,  2.77416374e-16]), array([ 1.81854135e+00,  3.05173902e+00,  2.06583059e+00, -1.67055296e+00,
        1.04662109e+00,  8.91944485e-16]), array([ 1.74091543e+00,  3.05244773e+00,  2.06300846e+00, -1.62506060e+00,
        1.04335621e+00,  1.29728024e-16]), array([ 1.66439416e+00,  3.05501851e+00,  2.06137956e+00, -1.58021739e+00,
        1.04102375e+00,  2.99233043e-17]), array([ 1.58927654e+00,  3.05921782e+00,  2.06081620e+00, -1.53613198e+00,
        1.03953305e+00, -1.30992428e-16]), array([ 1.51580837e+00,  3.06479068e+00,  2.06118214e+00, -1.49288216e+00,
        1.03880133e+00,  8.75748510e-16]), array([ 1.44418969e+00,  3.07146876e+00,  2.06233674e+00, -1.45052117e+00,
        1.03875378e+00,  2.19496900e-16]), array([ 1.37458091e+00,  3.07897699e+00,  2.06413827e+00, -1.40908283e+00,
        1.03932347e+00,  4.49742695e-16]), array([ 1.30710777e+00,  3.08703898e+00,  2.06644650e+00, -1.36858564e+00,
        1.04045109e+00,  6.42419547e-16]), array([ 1.24186545e+00,  3.09538138e+00,  2.06912475e+00, -1.32903607e+00,
        1.04208449e+00,  1.12878246e-16]), array([ 1.17892209e+00,  3.10373740e+00,  2.07204144e+00, -1.29043113e+00,
        1.04417821e+00,  3.81832880e-16]), array([ 1.11832164e+00,  3.11184966e+00,  2.07507131e+00, -1.25276045e+00,
        1.04669299e+00, -1.00212563e-16]), array([ 1.06008640e+00,  3.11947237e+00,  2.07809626e+00, -1.21600791e+00,
        1.04959522e+00,  4.51152769e-16]), array([ 1.00421920e+00,  3.12637305e+00,  2.08100601e+00, -1.18015287e+00,
        1.05285638e+00,  5.41496638e-16]), array([ 9.50705326e-01,  3.13233377e+00,  2.08369845e+00, -1.14517125e+00,
        1.05645254e+00,  8.10044111e-17]), array([ 8.99514297e-01,  3.13715210e+00,  2.08607992e+00, -1.11103623e+00,
        1.06036385e+00,  1.77547857e-16]), array([ 8.50601422e-01,  3.14064170e+00,  2.08806528e+00, -1.07771893e+00,
        1.06457403e+00,  2.55305374e-16]), array([ 8.03909292e-01,  3.14263267e+00,  2.08957787e+00, -1.04518885e+00,
        1.06906995e+00, -1.23563130e-16]), array([ 7.59369153e-01,  3.14297166e+00,  2.09054941e+00, -1.01341423e+00,
        1.07384119e+00,  9.31681120e-17]), array([ 7.16902203e-01,  3.14152185e+00,  2.09091978e+00, -9.82362404e-01,
        1.07887961e+00,  3.01969686e-16]), array([ 6.76420822e-01,  3.13816271e+00,  2.09063677e+00, -9.51999987e-01,
        1.08417906e+00, -2.36707481e-16]), array([ 6.37829742e-01,  3.13278971e+00,  2.08965579e+00, -9.22293100e-01,
        1.08973499e+00, -1.10103291e-16]), array([ 6.01027163e-01,  3.12531384e+00,  2.08793950e+00, -8.93207522e-01,
        1.09554413e+00,  2.99085285e-16]), array([ 5.65905814e-01,  3.11566113e+00,  2.08545744e+00, -8.64708832e-01,
        1.10160430e+00,  2.23931776e-16]), array([ 5.32353969e-01,  3.10377205e+00,  2.08218567e+00, -8.36762534e-01,
        1.10791406e+00,  3.02550232e-16]), array([ 5.00256406e-01,  3.08960087e+00,  2.07810636e+00, -8.09334165e-01,
        1.11447254e+00,  3.67935717e-16]), array([ 4.69495324e-01,  3.07311499e+00,  2.07320737e+00, -7.82389397e-01,
        1.12127928e+00,  5.45995850e-17]), array([ 4.39951203e-01,  3.05429423e+00,  2.06748186e+00, -7.55894133e-01,
        1.12833395e+00,  8.89716554e-17]), array([ 4.11503614e-01,  3.03313014e+00,  2.06092786e+00, -7.29814597e-01,
        1.13563632e+00, -1.68934043e-16]), array([ 3.84031983e-01,  3.00962526e+00,  2.05354794e+00, -7.04117419e-01,
        1.14318604e+00,  3.87816870e-17]), array([ 3.57416294e-01,  2.98379237e+00,  2.04534871e+00, -6.78769717e-01,
        1.15098255e+00, -5.08878382e-17]), array([0., 0., 0., 0., 0., 0.])], 'ball_pos_history': [array([-1.50534838, -8.01533471,  1.29647977]), array([-1.50074745, -7.97057054,  1.27994624]), array([-1.49614651, -7.92580636,  1.26316747]), array([-1.49154557, -7.88104218,  1.24614345]), array([-1.48694464, -7.83627801,  1.22887417]), array([-1.4823437 , -7.79151383,  1.21135965]), array([-1.47774276, -7.74674966,  1.19359987]), array([-1.47314183, -7.70198548,  1.17559485]), array([-1.46854089, -7.65722131,  1.15734457]), array([-1.46393995, -7.61245713,  1.13884905]), array([-1.45933902, -7.56769296,  1.12010828]), array([-1.45473808, -7.52292878,  1.10112225]), array([-1.45013714, -7.47816461,  1.08189098]), array([-1.44553621, -7.43340043,  1.06241445]), array([-1.44093527, -7.38863626,  1.04269268]), array([-1.43633433, -7.34387208,  1.02272565]), array([-1.4317334 , -7.29910791,  1.00251338]), array([-1.42713246, -7.25434373,  0.98205586]), array([-1.42253152, -7.20957956,  0.96135308]), array([-1.41793059, -7.16481538,  0.94040506]), array([-1.41332965, -7.12005121,  0.91921178]), array([-1.40872871, -7.07528703,  0.89777326]), array([-1.40412778, -7.03052286,  0.87608948]), array([-1.39952684, -6.98575868,  0.85416046]), array([-1.3949259 , -6.94099451,  0.83198619]), array([-1.39032497, -6.89623033,  0.80956666]), array([-1.38572403, -6.85146615,  0.78690189]), array([-1.38112309, -6.80670198,  0.76399186]), array([-1.37652216, -6.7619378 ,  0.74083659]), array([-1.37192122, -6.71717363,  0.71743606]), array([-1.36732028, -6.67240945,  0.69379029]), array([-1.36271935, -6.62764528,  0.66989927]), array([-1.35811841, -6.5828811 ,  0.64576299]), array([-1.35351747, -6.53811693,  0.62138147]), array([-1.34891654, -6.49335275,  0.59675469]), array([-1.3443156 , -6.44858858,  0.57188267]), array([-1.33971466, -6.4038244 ,  0.54676539]), array([-1.33511373, -6.35906023,  0.52140287]), array([-1.33051279, -6.31429605,  0.4957951 ]), array([-1.32591185, -6.26953188,  0.46994207]), array([-1.32131092, -6.2247677 ,  0.4438438 ]), array([-1.31670998, -6.18000353,  0.41750027]), array([-1.31210904, -6.13523935,  0.3909115 ]), array([-1.30750811, -6.09047518,  0.36407747]), array([-1.30290717, -6.045711  ,  0.3369982 ]), array([-1.29830623, -6.00094683,  0.30967368]), array([-1.2937053 , -5.95618265,  0.2821039 ]), array([-1.28910436, -5.91141848,  0.25428888]), array([-1.28450342, -5.8666543 ,  0.2262286 ]), array([-1.27990249, -5.82189013,  0.19792308]), array([-1.27530155, -5.77712595,  0.1693723 ]), array([-1.27070061, -5.73236177,  0.14057628]), array([-1.26609968, -5.6875976 ,  0.11153501]), array([-1.26149874, -5.64283342,  0.08224848]), array([-1.2568978 , -5.59806925,  0.05271671]), array([-1.25229687, -5.55330507,  0.033     ]), array([-1.24792598, -5.51077911,  0.05508752]), array([-1.24355509, -5.46825314,  0.07692979]), array([-1.2391842 , -5.42572717,  0.0985268 ]), array([-1.23481331, -5.38320121,  0.11987857]), array([-1.23044242, -5.34067524,  0.14098509]), array([-1.22607153, -5.29814928,  0.16184636]), array([-1.22170064, -5.25562331,  0.18246238]), array([-1.21732975, -5.21309734,  0.20283315]), array([-1.21295886, -5.17057138,  0.22295866]), array([-1.20858797, -5.12804541,  0.24283893]), array([-1.20421708, -5.08551944,  0.26247395]), array([-1.19984619, -5.04299348,  0.28186372]), array([-1.1954753 , -5.00046751,  0.30100824]), array([-1.19110441, -4.95794154,  0.31990751]), array([-1.18673352, -4.91541558,  0.33856152]), array([-1.18236263, -4.87288961,  0.35697029]), array([-1.17799174, -4.83036364,  0.37513381]), array([-1.17362085, -4.78783768,  0.39305208]), array([-1.16924996, -4.74531171,  0.4107251 ]), array([-1.16487907, -4.70278575,  0.42815286]), array([-1.16050818, -4.66025978,  0.44533538]), array([-1.15613729, -4.61773381,  0.46227265]), array([-1.1517664 , -4.57520785,  0.47896467]), array([-1.14739551, -4.53268188,  0.49541144]), array([-1.14302462, -4.49015591,  0.51161296]), array([-1.13865373, -4.44762995,  0.52756922]), array([-1.13428284, -4.40510398,  0.54328024]), array([-1.12991195, -4.36257801,  0.55874601]), array([-1.12554106, -4.32005205,  0.57396653]), array([-1.12117017, -4.27752608,  0.5889418 ]), array([-1.11679928, -4.23500011,  0.60367181]), array([-1.11242839, -4.19247415,  0.61815658]), array([-1.1080575 , -4.14994818,  0.6323961 ]), array([-1.10368661, -4.10742221,  0.64639037]), array([-1.09931572, -4.06489625,  0.66013939]), array([-1.09494483, -4.02237028,  0.67364316]), array([-1.09057394, -3.97984432,  0.68690167]), array([-1.08620305, -3.93731835,  0.69991494]), array([-1.08183216, -3.89479238,  0.71268296]), array([-1.07746127, -3.85226642,  0.72520573]), array([-1.07309038, -3.80974045,  0.73748325]), array([-1.06871949, -3.76721448,  0.74951552]), array([-1.0643486 , -3.72468852,  0.76130253]), array([-1.05997771, -3.68216255,  0.7728443 ]), array([-1.05560682, -3.63963658,  0.78414082]), array([-1.05123593, -3.59711062,  0.79519209]), array([-1.04686504, -3.55458465,  0.80599811]), array([-1.04249415, -3.51205868,  0.81655887]), array([-1.03812326, -3.46953272,  0.82687439]), array([-1.03375237, -3.42700675,  0.83694466]), array([-1.02938148, -3.38448079,  0.84676968]), array([-1.0250106 , -3.34195482,  0.85634945]), array([-1.02063971, -3.29942885,  0.86568397]), array([-1.01626882, -3.25690289,  0.87477323]), array([-1.01189793, -3.21437692,  0.88361725]), array([-1.00752704, -3.17185095,  0.89221602]), array([-1.00315615, -3.12932499,  0.90056954]), array([-0.99878526, -3.08679902,  0.90867781]), array([-0.99441437, -3.04427305,  0.91654082]), array([-0.99004348, -3.00174709,  0.92415859]), array([-0.98567259, -2.95922112,  0.93153111]), array([-0.9813017 , -2.91669515,  0.93865838]), array([-0.97693081, -2.87416919,  0.9455404 ]), array([-0.97255992, -2.83164322,  0.95217717]), array([-0.96818903, -2.78911726,  0.95856868]), array([-0.96381814, -2.74659129,  0.96471495]), array([-0.95944725, -2.70406532,  0.97061597]), array([-0.95507636, -2.66153936,  0.97627174]), array([-0.95070547, -2.61901339,  0.98168226]), array([-0.94633458, -2.57648742,  0.98684753]), array([-0.94196369, -2.53396146,  0.99176754]), array([-0.9375928 , -2.49143549,  0.99644231]), array([-0.93322191, -2.44890952,  1.00087183]), array([-0.92885102, -2.40638356,  1.0050561 ]), array([-0.92448013, -2.36385759,  1.00899512]), array([-0.92010924, -2.32133162,  1.01268888]), array([-0.91573835, -2.27880566,  1.0161374 ]), array([-0.91136746, -2.23627969,  1.01934067]), array([-0.90699657, -2.19375372,  1.02229869]), array([-0.90262568, -2.15122776,  1.02501146]), array([-0.89825479, -2.10870179,  1.02747898]), array([-0.8938839 , -2.06617583,  1.02970124]), array([-0.88951301, -2.02364986,  1.03167826]), array([-0.88514212, -1.98112389,  1.03341003]), array([-0.88077123, -1.93859793,  1.03489655]), array([-0.87640034, -1.89607196,  1.03613782]), array([-0.87202945, -1.85354599,  1.03713383]), array([-0.86765856, -1.81102003,  1.0378846 ]), array([-0.86328767, -1.76849406,  1.03839012]), array([-0.85891678, -1.72596809,  1.03865039]), array([-0.85454589, -1.68344213,  1.03866541]), array([-0.850175  , -1.64091616,  1.03843518]), array([-0.84580411, -1.59839019,  1.03795969]), array([-0.84143322, -1.55586423,  1.03723896]), array([-0.83706233, -1.51333826,  1.03627298]), array([-0.83269144, -1.4708123 ,  1.03506175]), array([-0.82832055, -1.42828633,  1.03360527]), array([-0.82394966, -1.38576036,  1.03190354]), array([-0.81957877, -1.3432344 ,  1.02995655]), array([-0.81520788, -1.30070843,  1.02776432]), array([-0.81083699, -1.25818246,  1.02532684]), array([-0.8064661 , -1.2156565 ,  1.02264411]), array([-0.80209521, -1.17313053,  1.01971613]), array([-0.79772432, -1.13060456,  1.01654289]), array([-0.79335343, -1.0880786 ,  1.01312441]), array([-0.78898254, -1.04555263,  1.00946068]), array([-0.78461165, -1.00302666,  1.0055517 ]), array([-0.78024076, -0.9605007 ,  1.00139747]), array([-0.77586987, -0.91797473,  0.99699799]), array([-0.77149898, -0.87544877,  0.99235325]), array([-0.76712809, -0.8329228 ,  0.98746327]), array([-0.7627572 , -0.79039683,  0.98232804]), array([-0.75838631, -0.74787087,  0.97694756]), array([-0.75401542, -0.7053449 ,  0.97132183]), array([-0.74964454, -0.66281893,  0.96545084]), array([-0.74527365, -0.62029297,  0.95933461]), array([-0.74090276, -0.577767  ,  0.95297313]), array([-0.73653187, -0.53524103,  0.9463664 ]), array([-0.73216098, -0.49271507,  0.93951442]), array([-0.72779009, -0.4501891 ,  0.93241719]), array([-0.7234192 , -0.40766313,  0.9250747 ]), array([-0.71904831, -0.36513717,  0.91748697]), array([-0.71507066, -0.3267019 ,  0.90839678]), array([-0.70707543, -0.35115746,  0.87730459]), array([-0.69936783, -0.37989485,  0.84389172]), array([-0.69170678, -0.4094115 ,  0.80977052]), array([-0.68404574, -0.43892814,  0.77540407]), array([-0.67638469, -0.46844479,  0.74079236]), array([-0.66872365, -0.49796143,  0.70593541]), array([-0.6610626 , -0.52747808,  0.6708332 ]), array([-0.65340156, -0.55699472,  0.63548575]), array([-0.64574051, -0.58651137,  0.59989305]), array([-0.63807947, -0.61602801,  0.56405509]), array([-0.63041842, -0.64554466,  0.52797189]), array([-0.62275737, -0.6750613 ,  0.49164343]), array([-0.61509633, -0.70457795,  0.45506973]), array([-0.60743528, -0.73409459,  0.41825078]), array([-0.59977424, -0.76361124,  0.38118657]), array([-0.59211319, -0.79312788,  0.34387712]), array([-0.58445215, -0.82264453,  0.30632241]), array([-0.5767911 , -0.85216117,  0.26852246]), array([-0.56913006, -0.88167782,  0.23047726]), array([-0.56146901, -0.91119446,  0.1921868 ]), array([-0.55380797, -0.94071111,  0.1536511 ]), array([-0.54614692, -0.97022775,  0.11487014]), array([-0.53848588, -0.9997444 ,  0.07584394]), array([-0.53082483, -1.02926104,  0.03657249]), array([-0.52316379, -1.05877769,  0.033     ]), array([-0.5158858 , -1.0868185 ,  0.06239228]), array([-0.5086078 , -1.11485932,  0.09153931]), array([-0.50132981, -1.14290013,  0.12044108]), array([-0.49405182, -1.17094094,  0.14909761]), array([-0.48677382, -1.19898175,  0.17750889]), array([-0.47949583, -1.22702257,  0.20567492]), array([-0.47221784, -1.25506338,  0.2335957 ]), array([-0.46493985, -1.28310419,  0.26127122]), array([-0.45766185, -1.31114501,  0.2887015 ]), array([-0.45038386, -1.33918582,  0.31588653]), array([-0.44310587, -1.36722663,  0.34282631]), array([-0.43582787, -1.39526744,  0.36952084]), array([-0.42854988, -1.42330826,  0.39597011]), array([-0.42127189, -1.45134907,  0.42217414]), array([-0.4139939 , -1.47938988,  0.44813292]), array([-0.4067159 , -1.5074307 ,  0.47384645]), array([-0.39943791, -1.53547151,  0.49931473]), array([-0.39215992, -1.56351232,  0.52453775]), array([-0.38488192, -1.59155313,  0.54951553]), array([-0.37760393, -1.61959395,  0.57424806]), array([-0.37032594, -1.64763476,  0.59873534]), array([-0.36304795, -1.67567557,  0.62297737]), array([-0.35576995, -1.70371639,  0.64697414]), array([-0.34849196, -1.7317572 ,  0.67072567]), array([-0.34121397, -1.75979801,  0.69423195]), array([-0.33393598, -1.78783883,  0.71749298]), array([-0.32665798, -1.81587964,  0.74050876]), array([-0.31937999, -1.84392045,  0.76327928]), array([-0.312102  , -1.87196126,  0.78580456]), array([-0.304824  , -1.90000208,  0.80808459]), array([-0.29754601, -1.92804289,  0.83011937]), array([-0.29026802, -1.9560837 ,  0.8519089 ]), array([-0.28299003, -1.98412452,  0.87345317]), array([-0.27571203, -2.01216533,  0.8947522 ]), array([-0.26843404, -2.04020614,  0.91580598]), array([-0.26115605, -2.06824695,  0.93661451]), array([-0.25387805, -2.09628777,  0.95717779]), array([-0.24660006, -2.12432858,  0.97749581])], 'distances_history': [7.834782314593157, 7.789033781070575, 7.743316408084695, 7.697629099167711, 7.651971225646391, 7.606342550629962, 7.560743169813091, 7.515173464786666, 7.469634065962723, 7.424125823114581, 7.378649782064572, 7.333207166349673, 7.287799362890525, 7.242427910864816, 7.197094493155727, 7.151800929892725, 7.106549173715148, 7.061341306471517, 7.016179537126862, 6.971066200694357, 6.926003758041069, 6.880994639997908, 6.836041562038528, 6.791147367352655, 6.746315029423198, 6.701547654973596, 6.65684848725063, 6.612220909612303, 6.5676684493943265, 6.523194782032566, 6.478803735421902, 6.434499294494804, 6.390285606005146, 6.346166983504723, 6.30214791250144, 6.258233055789381, 6.214427258941841, 6.170735555959177, 6.127163175063691, 6.083715544634122, 6.04039829927236, 5.997216462469379, 5.954176141667941, 5.911283661398263, 5.868545571406495, 5.8259686545580225, 5.783559934577348, 5.741326683665757, 5.699276430023908, 5.657416965296171, 5.615756351945682, 5.574302930562769, 5.5330653271040715, 5.492052460054892, 5.451273547503202, 5.40930624150822, 5.363739566852191, 5.318269270489497, 5.272894179832956, 5.227613095746995, 5.1824247938135555, 5.137330709818683, 5.09232930234441, 5.04741905185793, 5.002598453157182, 4.95786600981549, 4.9132202301387204, 4.868659624282063, 4.824182702264176, 4.779787972679891, 4.735473941958246, 4.691239114046375, 4.647081990425041, 4.603001070381029, 4.558994851476642, 4.515061830168317, 4.471200502535657, 4.4274093650896225, 4.383686915634506, 4.340031654163119, 4.2964420837684765, 4.252916516230716, 4.209453506652425, 4.1660516081303225, 4.122709374347168, 4.079425361705106, 4.0361981311127755, 3.993026249504274, 3.9499082911457157, 3.906842838770016, 3.86382848457018, 3.820863831074089, 3.777947491918506, 3.7350780925362623, 3.6922542707677586, 3.6494746774059044, 3.6067379766820435, 3.564042846699324, 3.5213879798191186, 3.478772083005487, 3.436193878132243, 3.393652102256847, 3.3511455078651444, 3.308672863090824, 3.2662329519133615, 3.2238245743382126, 3.181446546562985, 3.139097701133385, 3.096776887092764, 3.0544829701292175, 3.0122148327243035, 2.9699713743075833, 2.9277515114214014, 2.8855541779005267, 2.843378325071563, 2.801222921977314, 2.7590869556317115, 2.716969431311289, 2.674869372889727, 2.6327858232225667, 2.590717844589886, 2.548664519205523, 2.5066249498023683, 2.464598260304358, 2.4225835965970415, 2.380580127410116, 2.3385870453270567, 2.2966035679389947, 2.2546289391624255, 2.2126624307431233, 2.1707033439719665, 2.128751011642305, 2.086804800283134, 2.044864112707842, 2.002928390924884, 1.9609971194645064, 1.919069829185072, 1.8771461016337476, 1.8352255740499264, 1.7933079451161575, 1.7513929815813396, 1.7084309947336773, 1.6639225973464142, 1.61826760788774, 1.5730715537835818, 1.5286352195988901, 1.4853421248368497, 1.4407067159140776, 1.3971862024924309, 1.3545140797992017, 1.3121603164693272, 1.2698059022709682, 1.2268560662503591, 1.1825736447656792, 1.1393715597127965, 1.095248075656664, 1.0515166816761272, 1.0089020274339497, 0.9666331796237355, 0.9232205310998509, 0.878652199480374, 0.832980936312763, 0.7850664221595318, 0.7360674347182484, 0.6872569360260874, 0.6386667103328397, 0.5901978508139771, 0.5405572559980817, 0.4903553141947347, 0.44048898926126306, 0.3909944330302025, 0.34099628044700436, 0.29153152663131665, 0.24219821846562545, 0.19324350061931356, 0.14597696558454698, 0.10234035037894271, 0.0702023411461183, 0.06682967871204505, 0.06815614204703944, 0.0930776124684846, 0.12978135963020576, 0.17060567936537385, 0.21319826708305784, 0.2567286834908708, 0.3008534522922399, 0.3454103993751372, 0.390314228730384, 0.43551590297907145, 0.4809851254515112, 0.5267021205010175, 0.5726534819900665, 0.6188299269613986, 0.6652249955758411, 0.7118342474691498, 0.7586547331120631, 0.8056846263549206, 0.8529229571173863, 0.9003694100069698, 0.948024168739246, 0.9958877938838145, 1.0439611257687207, 1.0922452069053388, 1.111283344112432, 1.1033918996942274, 1.0969501301868094, 1.0919587632817676, 1.0884142088890916, 1.0863084568245944, 1.0856290540837295, 1.0863591655600204, 1.0884777177185616, 1.09195962064046, 1.0967760602666687, 1.1028948498021347, 1.1102808272381552, 1.1188962848745931, 1.1287014165520555, 1.1396547689414394, 1.151713684533332, 1.1648347257398068, 1.1789740715748651, 1.1940878805375876, 1.2101326154307954, 1.2270653277895474, 1.2448439012876409, 1.2634272548917995, 1.282775507628397, 1.3028501076263919, 1.3236139286292758, 1.3450313374651768, 1.3670682360690858, 1.3896920816061957, 1.4128718880893938, 1.436578212651415, 1.46078312935199, 1.4854601930957996, 1.5105843959262346, 1.5361321176560339, 1.5620810725080867, 1.5884102531739015], 'normal_align_history': [0.616619873781058, 0.6165662688119721, 0.6164744780339545, 0.6163550305526712, 0.6162153274198543, 0.616060705528816, 0.6158950972706809, 0.6157214519381287, 0.615542013595885, 0.6153585101785246, 0.6151722859944793, 0.6149843969379227, 0.6147956802953795, 0.6146068067081428, 0.6144183192736768, 0.6142306631851552, 0.614044208299514, 0.613859266358358, 0.6136761041314447, 0.6134949534328843, 0.6133160187297845, 0.6131394176065041, 0.6129653154253643, 0.6127938666262172, 0.612625214981713, 0.6124594942768666, 0.6122968290538074, 0.6121373352641857, 0.6119811207739995, 0.6118282857151429, 0.6116789226999009, 0.6115331169224743, 0.611390946172697, 0.611252480785109, 0.6111177835434473, 0.6109869095573497, 0.6108599061250166, 0.6107368125929468, 0.6106176602216352, 0.6105024720643017, 0.6103912628642225, 0.6102837622357937, 0.6101799752742572, 0.6100799129776806, 0.6099835820720101, 0.609890980154298, 0.6098020936482942, 0.6097168972166144, 0.6096353539026275, 0.6095574156178317, 0.6094830237760452, 0.6094121099753129, 0.609344596681145, 0.6092803978919527, 0.6092194197811307, 0.6091615613165463, 0.6091067148606927, 0.6090547667553707, 0.6090055978944604, 0.6089590842876588, 0.6089150976172595, 0.6088745823628504, 0.6088373735015407, 0.6088032355940506, 0.6087719100657786, 0.6087431382247639, 0.6087166715492842, 0.6086922754727542, 0.6086697299949995, 0.608648828871864, 0.6086293782821549, 0.6086111954139354, 0.6085941071708028, 0.6085779490741733, 0.6085625643756496, 0.6085478033648759, 0.6085335228467922, 0.6085195857594301, 0.608505860904657, 0.6084922227672804, 0.608478551401435, 0.6084645512074989, 0.6084501153609121, 0.608435161087225, 0.6084196171495507, 0.6084034178430464, 0.6083865003854594, 0.6083688040278028, 0.6083502699918226, 0.6083308417658339, 0.6083104655196447, 0.608289090521677, 0.6082666695057398, 0.6082431589679953, 0.6082185193909981, 0.6081927153991835, 0.6081657158531972, 0.6081374938911464, 0.6081080269245597, 0.608077296596074, 0.6080452887050103, 0.608011993106161, 0.6079774035863684, 0.6079415177228094, 0.6079043367263914, 0.607865865273181, 0.607826111326424, 0.6077850859513965, 0.6077428031250693, 0.6076992795423284, 0.6076545344203161, 0.6076085893022831, 0.6075614678621877, 0.6075131957111626, 0.6074638002068299, 0.6074133102663488, 0.6073617561839795, 0.6073091694538375, 0.607255582598452, 0.6072010290036205, 0.607145542760021, 0.6070891585119188, 0.6070319113132834, 0.6069738364915258, 0.606914969519041, 0.6068553458926423, 0.6067950010209681, 0.6067339701198489, 0.6066722881156049, 0.6066099895561909, 0.6065471085300678, 0.6064836785926483, 0.6064197327001264, 0.6063553031504904, 0.6062904215314645, 0.6062251186751398, 0.6061594246190047, 0.6060933685730918, 0.6060269788929393, 0.6059602830580564, 0.605893307655568, 0.599626611232539, 0.6017338684592942, 0.6113626764488156, 0.6133636732559291, 0.6080534472201131, 0.6121291463459522, 0.607038102418937, 0.6112655885900425, 0.6243294866848026, 0.6451329558305912, 0.6646216857235568, 0.6749373900281195, 0.6765891407113307, 0.6864346180865706, 0.7025340294316778, 0.7113712351675834, 0.7274535695248114, 0.736439026242228, 0.7376016973600651, 0.7313638644815917, 0.734487307677194, 0.7455104620187402, 0.7526911632557401, 0.7586895616086552, 0.7661338572901402, 0.772363609941404, 0.7836044813649925, 0.7969060077417258, 0.8085240756154751, 0.8186058092742667, 0.8261256061630635, 0.8324620301816364, 0.8397653125338765, 0.8480290635484411, 0.8552705514624654, 0.8634073803988054, 0.8710944139533233, 0.8799432846248508, 0.8876606757675715, 0.8948167176239807, 0.9015425661591291, 0.9078800290697601, 0.9138437720012578, 0.9194473313647347, 0.9247039931404321, 0.9296273336805039, 0.9342314200292445, 0.9385307565592945, 0.9425400785695826, 0.9462740776685075, 0.9497471198896013, 0.9529729948865571, 0.9559647165325047, 0.9587343823215032, 0.9612930905084058, 0.963650908945994, 0.9658168871153001, 0.9677991020770218, 0.9696047293651625, 0.971240130738064, 0.9727109518796696, 0.9740222243986101, 0.9751784676788527, 0.9761837872240497, 0.9770419670772313, 0.9777565546809415, 0.9783309371775394, 0.9787684086500381, 0.9790722281886265, 0.9792456689555639, 0.9792920586290389, 0.9792148117505616, 0.9790174545940447, 0.9787036432292224, 0.9782771754767319, 0.9777419974544524, 0.9771022054005049, 0.9763620434321711, 0.9755258978655907, 0.9745982886810377, 0.973583858675086, 0.9724873607955291, 0.9713136441088167, 0.9700676388038634, 0.9687543405911115, 0.9673787948121937, 0.9659460805338473, 0.964461294860195, 0.9629295376603049, 0.9613558968732939, 0.9597454345211716, 0.9581031735302596, 0.9564340854353299, 0.9547430790165908, 0.9530349898982632, 0.951314571118642, 0.9495864846651386, 0.9478552939537382, 0.9461254572204358, 0.944401321782394], 'ball_near_history': [False, False, False, False, False, False, False, False, False, False, False, False, False, False, False, False, False, False, False, False, False, False, False, False, False, False, False, False, False, False, False, False, False, False, False, False, False, False, False, False, False, False, False, False, False, False, False, False, False, False, False, False, False, False, False, False, False, False, False, False, False, False, False, False, False, False, False, False, False, False, False, False, False, False, False, False, False, False, False, False, False, False, False, False, False, False, False, False, False, False, False, False, False, False, False, False, False, False, False, False, False, False, False, False, False, False, False, False, False, False, False, False, False, False, False, False, False, False, False, False, False, False, False, False, False, False, False, False, False, False, False, False, False, False, False, False, False, False, False, False, False, False, False, False, False, False, False, False, False, False, False, False, False, False, False, False, False, False, False, False, False, False, False, False, False, False, False, False, False, False, False, False, False, False, False, True, True, True, True, True, True, True, True, False, False, False, False, False, False, False, False, False, False, False, False, False, False, False, False, False, False, False, False, False, False, False, False, False, False, False, False, False, False, False, False, False, False, False, False, False, False, False, False, False, False, False, False, False, False, False, False, False, False, False, False, False, False, False, False, False, False], 'tube_ready_history': [False, False, False, False, False, False, False, False, False, False, False, False, False, False, False, False, False, False, False, False, False, False, False, False, False, False, False, False, False, False, False, False, False, False, False, False, False, False, False, False, False, False, False, False, False, False, False, False, False, False, False, False, False, False, False, False, False, False, False, False, False, False, False, False, False, False, False, False, False, False, False, False, False, False, False, False, False, False, False, False, False, False, False, False, False, False, False, False, False, False, False, False, False, False, False, False, False, False, False, False, False, False, False, False, False, False, False, False, False, False, False, False, False, False, False, False, False, False, False, False, False, False, False, False, False, False, False, False, False, False, False, False, False, False, False, False, False, False, False, False, False, False, False, False, False, False, False, False, False, False, False, False, False, False, False, False, False, False, False, False, False, False, False, False, False, False, False, False, False, False, True, True, True, True, True, True, True, True, True, True, True, True, True, True, True, True, True, True, True, True, True, False, False, False, False, False, False, False, False, False, False, False, False, False, False, False, False, False, False, False, False, False, False, False, False, False, False, False, False, False, False, False, False, False, False, False, False, False, False, False, False, False, False, False, False, False, False, False, False, False, False], 'pos_error_history': [0.008924454510734394, 0.008787609645639812, 0.00863463571742645, 0.008510605299395655, 0.008466041057684351, 0.00855272810028453, 0.00881680175180184, 0.009291068431172283, 0.00999036967667221, 0.010912486030765898, 0.012043372721210198, 0.013363354556959061, 0.014851787984902921, 0.016489607213419535, 0.0182602797393156, 0.020149880085787192, 0.0221467863688474, 0.024241273262607756, 0.0264251228909318, 0.028691295470847235, 0.03005547606882003, 0.032420526842044044, 0.03485803312529654, 0.03736257101539258, 0.03992924209949728, 0.042553564982615505, 0.04523139084953595, 0.047958837669224506, 0.050732238797668736, 0.05354810269938663, 0.05640308127606171, 0.059293944886166856, 0.06221756259406061, 0.06517088653161128, 0.06815093951579712, 0.0711548052624846, 0.07417962068547582, 0.07722256988295276, 0.08028087949949515, 0.08335181521767883, 0.08539776125266008, 0.0884735260696298, 0.09155552633430884, 0.09464106149866781, 0.09772747662446174, 0.10081216057315613, 0.10389254487433124, 0.10696610316211863, 0.11003035108765077, 0.11308284663021899, 0.1161211907416654, 0.11914302826812341, 0.12214604910103659, 0.12512798951576518, 0.12808663366135442, 0.13101981516937833, 0.13392541885339473, 0.13680138247356652, 0.1396456985435886, 0.14245641615922336, 0.14913113218904184, 0.15186517958131604, 0.15455593876074547, 0.1572020172143945, 0.15980204274487078, 0.1623546745665865, 0.16485861234140894, 0.16731260356270988, 0.169715449605033, 0.17206601068682348, 0.17436320994003401, 0.1766060367389316, 0.17879354940811742, 0.1809248774045814, 0.1829992230489103, 0.1850158628653615, 0.18697414857847908, 0.188873507804525, 0.19071344446869368, 0.1924935389733814, 0.19293997285747164, 0.1946034286201129, 0.19620783477221515, 0.19775293136019023, 0.19923855297287288, 0.20066462357772524, 0.20203115209246233, 0.20333822851185432, 0.20458602045055024, 0.20577476999443378, 0.20690479077756854, 0.207976465220977, 0.2089902418845016, 0.20994663289480148, 0.2108462114218175, 0.21168960918335072, 0.21247751396316375, 0.21321066713253436, 0.21388986116876496, 0.21451593716694417, 0.21508978234342713, 0.21561232753120624, 0.21608454466864419, 0.21650744428402977, 0.2168820729791673, 0.2172095109157484, 0.21749086930863049, 0.21772728793040835, 0.21791993263179238, 0.21806999288238071, 0.21817867933638346, 0.21824722142780714, 0.21827686499947266, 0.21826886997010592, 0.21822450804354318, 0.21814506046390128, 0.21803181582032402, 0.2178860679046869, 0.217709113625389, 0.21750225098009818, 0.21726677709006495, 0.21700398629833534, 0.216715168333948, 0.2164016065439191, 0.2160645761945683, 0.21570534284347156, 0.21532516078308395, 0.21492527155681973, 0.21450690254815147, 0.21407126564305073, 0.21361955596587726, 0.2131529506886125, 0.21267260791313228, 0.21217966562603424, 0.21167524072533583, 0.21116042811821634, 0.21063629988881058, 0.2101039045349095, 0.20956426627230962, 0.20901838440541665, 0.20612898434746407, 0.20282767307300115, 0.19953109239987696, 0.19496852735315454, 0.19025046335989776, 0.1868113851713438, 0.1821134043008172, 0.17843541390937023, 0.17493139670138333, 0.17022075745690488, 0.16581551801781222, 0.1627310808699249, 0.15849346143883217, 0.15535129233514414, 0.1528301657447412, 0.1489753232934636, 0.14640108108940078, 0.14251296378726022, 0.13841216623289482, 0.13386273817816988, 0.12720557510376482, 0.12077275604211286, 0.11527513626101778, 0.1105904933904824, 0.106710202738672, 0.10322541157718641, 0.1006217358525915, 0.09888169527644501, 0.09820420949989943, 0.09846007781084552, 0.09942764655446791, 0.10132300677798182, 0.10402042488846694, 0.1075934719737799, 0.11183398527538921, 0.1169562517800288, 0.12247036541956714, 0.12786263219050054, 0.13392514911961315, 0.1385100134867742, 0.1421567982541495, 0.14516444399296968, 0.1477027998622599, 0.14991895378158873, 0.15193395893393533, 0.1538442804415235, 0.1557249508055757, 0.1576330938532574, 0.15961124459024645, 0.16169024940858523, 0.1638916965404924, 0.16622990068503088, 0.16871349551854603, 0.17134669610771333, 0.17413029134920638, 0.17706242016300072, 0.18013917719061776, 0.18335508569005207, 0.1867034679105175, 0.19017673679092373, 0.1937666274429402, 0.19746438251253642, 0.2012609020579143, 0.20514686590441025, 0.20911283440120337, 0.21314933198209945, 0.2172469168100734, 0.22139623896738161, 0.22558808906264963, 0.22981343870245344, 0.2340634739709709, 0.23832962284233095, 0.24260357729084586, 0.2468773107460585, 0.2511430914496812, 0.2553934922011663, 0.2596213969218957, 0.2638200044207954, 0.26798282970397513, 0.27210370313603893, 0.2761767677299146, 0.28019647481461646, 0.28415757830584015, 0.2880551277822246, 0.291884460550296, 0.2956411928632208, 0.2993212104423511, 0.30292065843595983, 0.3064359309363353, 0.30986366016439787, 0.3132007054200553, 0.31644414188652414, 0.31959124936766736, 0.32263950102897093, 0.3255865522050076, 0.3284302293290523, 0.33116851903385064, 0.33379955746639406, 0.3363216198538391, 0.33873311035242293, 0.34101024044268524], 'max_qdot_ratio': 0.9992350179942989, 'max_tcp_speed': 1.8096500944193739, 'max_racket_face_speed': 1.4124090282381883, 'total_mpc_steps': 241, 'ball_was_hit': True, 'hit_step': 177, 'p_ee_at_hit': array([-0.65369602, -0.35201402,  0.91605543]), 'ball_pos_at_hit': array([-0.71507066, -0.3267019 ,  0.90839678]), 'v_ee_at_hit': 1.6334000971165006, 'active_contact': True, 'passive_contact': False}
2026-09-13 00:11:37,452 [INFO] __main__: 击打后继续仿真 20 步...
