__STEP_TIMING__: n=250 p50=0.25 p95=0.55 p99=19.49 max=41.94 n_over_period=3 period_ms=5.00

========================================
  RM-65 击打成功！（主动击球，pos_error=0.1441m）
  [V12 EpisodeRunner 管线架构]
  ablation: full
  击打目标位置: [-0.694 -0.584  0.922]
  末端实际位置: [-0.573 -0.557  0.899]
  规划跟踪误差: 0.1264 m
  速度误差: 1.9578 m/s
  MPC 总步数: 271
  --- Tube 专用指标 ---
  最小球拍-球距离: 0.1221 m
  ball_near 步数: 7 = 35.0 ms
  tube_ready 步数: 21 = 105.0 ms
  击打时间误差: 0.0 ms
  击打位置误差: 0.1441 m
  --- 计算性能 ---
  总墙钟时间: 1.15s (MPC=1.15s)
  --- 执行层约束 ---
  max_qdot=1.00x, max_tcp=1.2m/s, max_face=1.6m/s
  击球类型: 主动击球
========================================

__RESULT__: pos_error=0.144057 vel_error=1.957844 min_dist=0.122085 ball_near_ms=35.0 tube_ready_ms=105.0 max_tcp=1.24 max_qdot=1.00 max_face=1.6 hit_type=active hit_time_error_ms=0.0 hit_pos_error=0.144057 v_racket_at_hit=0.473
2026-09-11 14:18:51,802 [INFO] __main__: [ablation] mode=full
2026-09-11 14:18:51,809 [INFO] __main__: serve-box auto params: horizon=120, iter=10, first_plan_iters=30, total_horizon=250, replan_interval=20, near_plan_iters=5
2026-09-11 14:18:51,828 [INFO] __main__: 关节限位: 仿真默认(default.yaml), TCP=1.8 m/s, terminal_exempt=20
2026-09-11 14:18:51,829 [INFO] __main__: 球拍初始位置: [-0.24136342  0.63027058  1.45576659]
2026-09-11 14:18:51,829 [DEBUG] src.tennis.ball: serve_box bounce (attempt=0): p0_z=1.53, vz0=-2.3, spd=9.0, t1=0.366, t2=0.594, z_err=0.33
2026-09-11 14:18:51,835 [INFO] __main__: 击打步数: 190, 击打位置: [-0.69413634 -0.58380192  0.92183567]
2026-09-11 14:18:51,836 [INFO] __main__: 随挥方向: [ 0.436 -0.887  0.153], 随挥步数: 60
2026-09-11 14:18:51,852 [INFO] __main__: 候选窗口已构建: best_k=190, candidates=20
2026-09-11 14:18:51,853 [INFO] src.cpp.solver_cpp: iLQR C++ 加速模块已加载
2026-09-11 14:18:51,853 [INFO] __main__: 开始 V12 EpisodeRunner，总步数=310 (MPC=250, 随挥=60)，击打步数=190
2026-09-11 14:18:51,854 [INFO] src.ilqt.async_replanner: AsyncReplanner: 后台规划线程已启动
2026-09-11 14:18:51,875 [INFO] src.ilqt.async_replanner: AsyncReplanner: 规划环境已创建（独立 MjData）
2026-09-11 14:18:51,875 [INFO] src.ilqt.async_replanner: AsyncReplanner: 规划环境已创建（独立 MjData）
2026-09-11 14:18:51,904 [DEBUG] src.ilqt.tube_cost: [Softmin诊断] 候选权重TOP3: k=190:w=0.061, k=191:w=0.060, k=189:w=0.060
2026-09-11 14:18:52,795 [INFO] src.ilqt.mpc_controller: REPLAN step=0 k_hit=190 iters=30 horizon=120 t=920ms
2026-09-11 14:18:52,796 [INFO] src.ilqt.mpc_controller: MPCController.start 完成: k_hit=190, p_hit=[-0.694 -0.584  0.922], buffer=120
2026-09-11 14:18:52,800 [DEBUG] src.ilqt.replan_core: FAR_JT step=0 k_hit=190 (JT gain=60, skip iLQR)
2026-09-11 14:18:52,800 [DEBUG] src.ilqt.mpc_controller: REPLAN step=0 k_hit=190 iters=0 horizon=0 t=3ms
2026-09-11 14:18:52,800 [DEBUG] src.ilqt.mpc_controller: MPCController.step 0: replan k_hit=190 refine=feasible buffer=20
2026-09-11 14:18:52,808 [DEBUG] src.ilqt.replan_core: FAR_JT step=20 k_hit=170 (JT gain=60, skip iLQR)
2026-09-11 14:18:52,809 [DEBUG] src.ilqt.mpc_controller: REPLAN step=20 k_hit=170 iters=0 horizon=0 t=4ms
2026-09-11 14:18:52,809 [DEBUG] src.ilqt.mpc_controller: MPCController.step 20: replan k_hit=170 refine=feasible buffer=20
2026-09-11 14:18:52,817 [DEBUG] src.ilqt.replan_core: FAR_JT step=40 k_hit=150 (JT gain=60, skip iLQR)
2026-09-11 14:18:52,817 [DEBUG] src.ilqt.mpc_controller: REPLAN step=40 k_hit=150 iters=0 horizon=0 t=4ms
2026-09-11 14:18:52,818 [DEBUG] src.ilqt.mpc_controller: MPCController.step 40: replan k_hit=150 refine=feasible buffer=20
2026-09-11 14:18:52,826 [DEBUG] src.ilqt.replan_core: FAR_JT step=60 k_hit=130 (JT gain=60, skip iLQR)
2026-09-11 14:18:52,826 [DEBUG] src.ilqt.mpc_controller: REPLAN step=60 k_hit=130 iters=0 horizon=0 t=3ms
2026-09-11 14:18:52,827 [DEBUG] src.ilqt.mpc_controller: MPCController.step 60: replan k_hit=130 refine=feasible buffer=20
2026-09-11 14:18:52,835 [DEBUG] src.ilqt.replan_core: FAR_JT step=80 k_hit=110 (JT gain=60, skip iLQR)
2026-09-11 14:18:52,835 [DEBUG] src.ilqt.mpc_controller: REPLAN step=80 k_hit=110 iters=0 horizon=0 t=3ms
2026-09-11 14:18:52,835 [DEBUG] src.ilqt.mpc_controller: MPCController.step 80: replan k_hit=110 refine=feasible buffer=20
2026-09-11 14:18:52,844 [DEBUG] src.ilqt.replan_core: FAR_JT step=100 k_hit=90 (JT gain=60, skip iLQR)
2026-09-11 14:18:52,844 [DEBUG] src.ilqt.mpc_controller: REPLAN step=100 k_hit=90 iters=0 horizon=0 t=3ms
2026-09-11 14:18:52,844 [DEBUG] src.ilqt.mpc_controller: MPCController.step 100: replan k_hit=90 refine=feasible buffer=20
2026-09-11 14:18:52,852 [DEBUG] src.ilqt.replan_core: FAR_JT step=120 k_hit=70 (JT gain=60, skip iLQR)
2026-09-11 14:18:52,852 [DEBUG] src.ilqt.mpc_controller: REPLAN step=120 k_hit=70 iters=0 horizon=0 t=3ms
2026-09-11 14:18:52,853 [DEBUG] src.ilqt.mpc_controller: MPCController.step 120: replan k_hit=70 refine=feasible buffer=20
2026-09-11 14:18:52,872 [DEBUG] src.ilqt.tube_cost: [Softmin诊断] 候选权重TOP3: k=50:w=0.061, k=51:w=0.060, k=49:w=0.060
2026-09-11 14:18:52,899 [DEBUG] src.ilqt.mpc_controller: REPLAN step=140 k_hit=50 iters=5 horizon=50 t=41ms
2026-09-11 14:18:52,899 [INFO] src.ilqt.strategies.hit_point_refiner: [HIT_LOCK] k_hit=50 ≤ 60, 锁定击球点不再替换
2026-09-11 14:18:52,899 [DEBUG] src.ilqt.mpc_controller: MPCController.step 140: replan k_hit=50 refine=locked buffer=20
2026-09-11 14:18:52,917 [DEBUG] src.ilqt.tube_cost: [Softmin诊断] 候选权重TOP3: k=30:w=0.061, k=31:w=0.060, k=29:w=0.060
2026-09-11 14:18:52,934 [DEBUG] src.ilqt.mpc_controller: REPLAN step=160 k_hit=30 iters=5 horizon=30 t=30ms
2026-09-11 14:18:52,934 [DEBUG] src.ilqt.mpc_controller: MPCController.step 160: replan k_hit=30 refine=locked buffer=20
2026-09-11 14:18:52,935 [INFO] src.ilqt.components.predictive_safety: [SAFETY_FILTER] beta=0.2: qdot entering overspeed, joint=5, |qdot|=5.38 > 3.93
2026-09-11 14:18:52,939 [INFO] src.ilqt.components.predictive_safety: [SAFETY_FILTER] beta=0.4: qdot entering overspeed, joint=1, |qdot|=3.23 > 3.14
2026-09-11 14:18:52,939 [INFO] src.ilqt.components.predictive_safety: [SAFETY_FILTER] beta=0.0: qdot entering overspeed, joint=5, |qdot|=5.76 > 3.93
2026-09-11 14:18:52,940 [INFO] src.ilqt.components.predictive_safety: [SAFETY_FILTER] beta=0.8: qdot entering overspeed, joint=1, |qdot|=3.24 > 3.14
2026-09-11 14:18:52,952 [DEBUG] src.ilqt.tube_cost: [Softmin诊断] 候选权重TOP3: k=10:w=0.061, k=11:w=0.060, k=9:w=0.060
2026-09-11 14:18:52,959 [DEBUG] src.ilqt.mpc_controller: REPLAN step=180 k_hit=10 iters=5 horizon=10 t=19ms
2026-09-11 14:18:52,959 [DEBUG] src.ilqt.mpc_controller: MPCController.step 180: replan k_hit=10 refine=locked buffer=10
2026-09-11 14:18:52,960 [INFO] src.ilqt.components.predictive_safety: [SAFETY_FILTER] beta=0.2: qdot entering overspeed, joint=3, |qdot|=4.64 > 3.93
2026-09-11 14:18:52,961 [INFO] src.ilqt.components.predictive_safety: [SAFETY_FILTER] beta=0.2: qdot entering overspeed, joint=3, |qdot|=4.64 > 3.93
2026-09-11 14:18:52,962 [INFO] src.ilqt.components.predictive_safety: [SAFETY_FILTER] beta=0.2: qdot entering overspeed, joint=3, |qdot|=4.60 > 3.93
2026-09-11 14:18:52,962 [INFO] src.ilqt.components.predictive_safety: [SAFETY_FILTER] beta=0.2: qdot entering overspeed, joint=3, |qdot|=4.74 > 3.93
2026-09-11 14:18:52,963 [INFO] src.ilqt.components.predictive_safety: [SAFETY_FILTER] beta=0.2: qdot entering overspeed, joint=0, |qdot|=3.15 > 3.14
2026-09-11 14:18:52,963 [INFO] src.ilqt.components.predictive_safety: [SAFETY_FILTER] beta=0.0: qdot entering overspeed, joint=0, |qdot|=3.37 > 3.14
2026-09-11 14:18:52,964 [INFO] src.ilqt.components.predictive_safety: [SAFETY_FILTER] beta=0.2: qdot entering overspeed, joint=3, |qdot|=4.89 > 3.93
2026-09-11 14:18:52,964 [INFO] src.ilqt.strategies.follow_through: 随挥触发: step=189, steps=60
2026-09-11 14:18:52,981 [INFO] src.ilqt.async_replanner: AsyncReplanner: 后台规划线程已停止
2026-09-11 14:18:52,981 [INFO] src.ilqt.episode_runner: EpisodeRunner 完成: total_steps=251 safe_steps=251 mpc_done=True
2026-09-11 14:18:52,981 [DEBUG] src.ilqt.episode_runner: EpisodeRunner metrics 详情: {'total_steps': 251, 'safe_steps': 251, 'mpc_done': True, 'X_history': [array([-1.5  ,  1.57 , -0.236,  0.404,  0.446,  2.45 ,  0.   ,  0.   ,
        0.   ,  0.   ,  0.   ,  0.   ]), array([ 0.38067729,  1.4168895 , -0.66825739, -0.18765914,  1.23113271,
        2.44998513, -0.0167801 , -0.02917224,  0.0087906 ,  0.00722121,
       -0.06983258, -0.00297457]), array([ 0.38051111,  1.41660001, -0.66818979, -0.18758847,  1.2305035 ,
        2.44996086, -0.03323634, -0.05789761,  0.01352057,  0.01413424,
       -0.12584185, -0.00485442]), array([ 0.38026445,  1.41616981, -0.66811444, -0.18748499,  1.22964819,
        2.44993046, -0.04933058, -0.08604004,  0.01507004,  0.02069587,
       -0.17106229, -0.00607841]), array([ 0.37993928,  1.41560229, -0.66804376, -0.18735056,  1.22860891,
        2.44989596, -0.06503474, -0.11350515,  0.01413631,  0.0268863 ,
       -0.20785606, -0.00690082]), array([ 0.37953764,  1.41490114, -0.66798739, -0.18718705,  1.2274186 ,
        2.4498586 , -0.08032862, -0.14022973,  0.01127307,  0.03270246,
       -0.23806229, -0.00747133]), array([ 0.37906165,  1.41407027, -0.66795279, -0.18699628,  1.22610303,
        2.4498192 , -0.09519815, -0.16617375,  0.00692101,  0.03815256,
       -0.2631128 , -0.00787968]), array([ 3.78513475e-01,  1.41311370e+00, -6.67945629e-01, -1.86780022e-01,
        1.22468243e+00,  2.44977830e+00, -1.09634193e-01, -1.91314386e-01,
        1.43171574e-03,  4.32520299e-02, -2.84121703e-01, -8.18087142e-03]), array([ 0.37789532,  1.41203549, -0.6679702 , -0.18653992,  1.22317265,
        2.44973625, -0.12363142, -0.21564143, -0.00491352,  0.04802037,
       -0.3019551 , -0.00840947]), array([ 0.37720938,  1.41083972, -0.66802964, -0.18627753,  1.22158622,
        2.44969331, -0.13718757, -0.2391538 , -0.01188905,  0.05247898,
       -0.31728536, -0.00858773]), array([ 0.37645787,  1.40953044, -0.66812621, -0.18599428,  1.21993306,
        2.44964966, -0.15030276, -0.26185697, -0.01931329,  0.05664967,
       -0.33063345, -0.00873037]), array([ 0.37564297,  1.40811163, -0.66826141, -0.18569151,  1.21822104,
        2.44960542, -0.16297896, -0.28376091, -0.02703963,  0.06055363,
       -0.34240212, -0.00884739]), array([ 0.37476687,  1.40658724, -0.66843615, -0.18537045,  1.21645654,
        2.4495607 , -0.17521957, -0.30487869, -0.03494935,  0.06421083,
       -0.35290183, -0.00894566]), array([ 0.37383173,  1.40496111, -0.66865088, -0.18503226,  1.21464468,
        2.44951555, -0.18702909, -0.32522527, -0.04294589,  0.06763959,
       -0.36237109, -0.00903006]), array([ 0.37283966,  1.40323703, -0.66890564, -0.18467797,  1.21278972,
        2.44947003, -0.19841281, -0.34481675, -0.05095051,  0.07085649,
       -0.37099232, -0.00910406]), array([ 0.37179278,  1.40141868, -0.66920013, -0.18430859,  1.2108952 ,
        2.44942418, -0.20937658, -0.36366968, -0.05889864,  0.0738762 ,
       -0.37890428, -0.00917015]), array([ 0.37069315,  1.39950968, -0.66953381, -0.18392504,  1.20896414,
        2.44937802, -0.21992665, -0.38180068, -0.06673719,  0.07671159,
       -0.38621171, -0.00923016]), array([ 0.3695428 ,  1.39751355, -0.66990593, -0.18352817,  1.20699917,
        2.4493316 , -0.23006945, -0.39922609, -0.07442224,  0.0793738 ,
       -0.39299293, -0.00928539]), array([ 0.36834374,  1.39543374, -0.67031551, -0.1831188 ,  1.20500265,
        2.44928491, -0.23981154, -0.41596174, -0.08191733,  0.0818723 ,
       -0.39930571, -0.00933683]), array([ 0.36709795,  1.39327362, -0.67076147, -0.18269773,  1.20297669,
        2.44923799, -0.24915946, -0.43202282, -0.08919201,  0.08421509,
       -0.40519186, -0.00938516]), array([ 0.36580735,  1.3910365 , -0.67124258, -0.18226569,  1.20092328,
        2.44919083, -0.2581197 , -0.44742379, -0.09622076,  0.08640883,
       -0.41068087, -0.00943091]), array([ 0.36447392,  1.38872559, -0.67175757, -0.18182367,  1.19884395,
        2.4491435 , -0.26668642, -0.4621824 , -0.10299912,  0.08840272,
       -0.41586699, -0.00946708]), array([ 0.36309953,  1.38634404, -0.67230504, -0.18137236,  1.19674054,
        2.44909597, -0.2748762 , -0.47630959, -0.10949418,  0.09026275,
       -0.42068058, -0.00950485]), array([ 0.36168606,  1.38389496, -0.67288349, -0.1809124 ,  1.19461489,
        2.44904826, -0.28269512, -0.48981718, -0.11568993,  0.09199112,
       -0.4251307 , -0.0095427 ]), array([ 0.36023531,  1.38138138, -0.67349136, -0.18044445,  1.19246878,
        2.44900036, -0.29014899, -0.50271621, -0.12157276,  0.09358952,
       -0.42922167, -0.00957984]), array([ 0.3587491 ,  1.37880629, -0.67412701, -0.17996916,  1.19030401,
        2.44895228, -0.29724333, -0.51501698, -0.12713096,  0.09505909,
       -0.43295421, -0.00961586]), array([ 0.35722918,  1.37617265, -0.67478878, -0.17948716,  1.18812238,
        2.44890403, -0.30398339, -0.52672907, -0.13235446,  0.09640059,
       -0.43632638, -0.00965059]), array([ 0.35567731,  1.37348334, -0.67547496, -0.17899908,  1.18592571,
        2.44885561, -0.31037412, -0.53786139, -0.13723458,  0.09761437,
       -0.43933432, -0.00968394]), array([ 0.35409521,  1.37074123, -0.67618377, -0.17850558,  1.18371584,
        2.44880703, -0.31642019, -0.54842218, -0.14176378,  0.09870048,
       -0.44197281, -0.00971587]), array([ 0.35248458,  1.36794913, -0.67691345, -0.17800729,  1.18149466,
        2.4487583 , -0.32212602, -0.55841911, -0.14593557,  0.09965869,
       -0.44423577, -0.00974639]), array([ 0.3508471 ,  1.36510984, -0.67766217, -0.17750485,  1.17926408,
        2.44870942, -0.32749574, -0.56785927, -0.1497443 ,  0.10048859,
       -0.44611655, -0.00977549]), array([ 0.34918443,  1.36222609, -0.6784281 , -0.1769989 ,  1.17702604,
        2.4486604 , -0.33253328, -0.57674927, -0.15318516,  0.10118957,
       -0.44760832, -0.0098032 ]), array([ 0.34749822,  1.35930061, -0.67920937, -0.17649009,  1.17478252,
        2.44861126, -0.33724233, -0.58509523, -0.156254  ,  0.10176094,
       -0.44870425, -0.00982951]), array([ 0.34579009,  1.3563361 , -0.68000411, -0.17597908,  1.17253553,
        2.44856198, -0.34162635, -0.59290288, -0.15894735,  0.1022019 ,
       -0.44939769, -0.00985445]), array([ 0.34406165,  1.35333521, -0.68081042, -0.17546653,  1.17028712,
        2.44851259, -0.34568865, -0.6001776 , -0.16126232,  0.10251164,
       -0.44968242, -0.00987802]), array([ 0.34231448,  1.35030059, -0.6816264 , -0.17495308,  1.16803936,
        2.44846309, -0.34943236, -0.60692441, -0.16319661,  0.10268933,
       -0.44955267, -0.00990024]), array([ 0.34055018,  1.34723485, -0.68245014, -0.17443941,  1.16579434,
        2.44841349, -0.35286048, -0.61314809, -0.16474846,  0.10273416,
       -0.44900334, -0.00992113]), array([ 0.3387703 ,  1.34414058, -0.68327973, -0.17392618,  1.16355419,
        2.44836378, -0.35597588, -0.61885319, -0.16591663,  0.10264539,
       -0.44803001, -0.00994068]), array([ 0.3369764 ,  1.34102036, -0.68411323, -0.17341407,  1.16132104,
        2.44831399, -0.35878133, -0.62404407, -0.1667004 ,  0.10242237,
       -0.44662905, -0.00995893]), array([ 0.33517   ,  1.33787674, -0.68494873, -0.17290375,  1.15909705,
        2.44826411, -0.36127954, -0.62872496, -0.16709956,  0.10206455,
       -0.44479773, -0.00997586]), array([ 0.33335263,  1.33471224, -0.6857843 , -0.17239589,  1.15688438,
        2.44821415, -0.36347318, -0.63289996, -0.16711441,  0.1015715 ,
       -0.44253418, -0.00999151]), array([ 0.33152595,  1.33152936, -0.68661809, -0.17189175,  1.15468495,
        2.44816419, -0.36533679, -0.63657565, -0.16675791,  0.10082726,
       -0.4398871 , -0.00999282]), array([ 0.32969146,  1.32833058, -0.68744819, -0.17139194,  1.15250096,
        2.44811419, -0.36689826, -0.63975525, -0.16602063,  0.09996276,
       -0.43679834, -0.0099998 ]), array([ 0.32785065,  1.32511837, -0.68827271, -0.17089706,  1.1503346 ,
        2.44806414, -0.36816081, -0.64244259, -0.16490393,  0.09897522,
       -0.4332711 , -0.01000912]), array([ 0.32600502,  1.32189516, -0.68908976, -0.17040775,  1.14818806,
        2.44801405, -0.36912757, -0.64464158, -0.16340986,  0.09786265,
       -0.42930917, -0.01001903]), array([ 0.32415601,  1.31866338, -0.68989747, -0.16992463,  1.14606347,
        2.44796391, -0.3698017 , -0.64635627, -0.16154103,  0.09662374,
       -0.42491702, -0.01002858]), array([ 0.32230508,  1.31542543, -0.69069397, -0.16944834,  1.14396297,
        2.44791372, -0.37018639, -0.64759087, -0.15930066,  0.09525777,
       -0.42009996, -0.0100373 ]), array([ 0.32045365,  1.31218368, -0.69147743, -0.16897952,  1.14188865,
        2.44786349, -0.37028488, -0.64834975, -0.15669255,  0.09376455,
       -0.41486419, -0.01004495]), array([ 0.31860315,  1.30894049, -0.69224604, -0.1685188 ,  1.13984257,
        2.44781324, -0.37010055, -0.64863753, -0.15372105,  0.09214437,
       -0.40921684, -0.01005145]), array([ 0.31675496,  1.3056982 , -0.69299799, -0.16806681,  1.13782674,
        2.44776295, -0.36963687, -0.64845903, -0.15039109,  0.09039799,
       -0.40316599, -0.01005676]), array([ 0.31491048,  1.3024591 , -0.69373153, -0.16762417,  1.13584313,
        2.44771265, -0.36889749, -0.64781937, -0.14670814,  0.08852657,
       -0.39672073, -0.01006089]), array([ 0.31307105,  1.29922548, -0.69444492, -0.16719152,  1.13389368,
        2.44766233, -0.36788622, -0.64672391, -0.14267823,  0.0865317 ,
       -0.38989114, -0.01006388]), array([ 0.31123801,  1.29599959, -0.69513646, -0.16676944,  1.13198023,
        2.447612  , -0.36660708, -0.64517836, -0.13830791,  0.08441531,
       -0.38268829, -0.01006575]), array([ 0.30941269,  1.29278364, -0.69580449, -0.16635854,  1.13010461,
        2.44756167, -0.36506429, -0.64318872, -0.13360429,  0.08217971,
       -0.37512422, -0.01006655]), array([ 0.30759638,  1.28957984, -0.69644736, -0.1659594 ,  1.12826855,
        2.44751134, -0.36326233, -0.64076137, -0.128575  ,  0.07982757,
       -0.36721193, -0.01006632]), array([ 0.30579035,  1.28639032, -0.6970635 , -0.16557259,  1.12647373,
        2.44746101, -0.3612059 , -0.63790303, -0.12322818,  0.07736187,
       -0.35896532, -0.01006511]), array([ 0.30399585,  1.28321722, -0.69765136, -0.16519866,  1.12472173,
        2.4474107 , -0.35889998, -0.63462081, -0.11757249,  0.07478593,
       -0.35039922, -0.01006296]), array([ 0.3022141 ,  1.28006261, -0.69820945, -0.16483815,  1.12301408,
        2.4473604 , -0.35634979, -0.63092221, -0.11161708,  0.07210337,
       -0.34152926, -0.01005991]), array([ 0.30044629,  1.27692853, -0.69873631, -0.16449156,  1.12135223,
        2.44731012, -0.35356087, -0.62681513, -0.10537159,  0.0693181 ,
       -0.3323719 , -0.01005601]), array([ 0.2986936 ,  1.27381699, -0.69923054, -0.16415939,  1.1197375 ,
        2.44725986, -0.35053901, -0.62230789, -0.09884611,  0.06643434,
       -0.32294433, -0.0100513 ]), array([ 0.29695715,  1.27072995, -0.69969079, -0.1638421 ,  1.11817118,
        2.44720963, -0.3472903 , -0.61740922, -0.09205121,  0.06345655,
       -0.31326441, -0.01004583]), array([ 0.29523764,  1.2676695 , -0.70011494, -0.16353846,  1.11665844,
        2.44715912, -0.34390232, -0.61208923, -0.08482873,  0.06072838,
       -0.3025487 , -0.01010173]), array([ 0.29353611,  1.26463762, -0.70050167, -0.16324915,  1.11519959,
        2.44710851, -0.3403055 , -0.60637642, -0.07734696,  0.05786124,
       -0.29176892, -0.0101233 ]), array([ 0.29185358,  1.26163619, -0.70084979, -0.1629748 ,  1.11379503,
        2.44705787, -0.33650544, -0.60028465, -0.06962349,  0.05487126,
       -0.28091243, -0.01012684]), array([ 0.29019104,  1.25866706, -0.70115816, -0.16271594,  1.11244516,
        2.44700727, -0.3325083 , -0.59382752, -0.06167475,  0.05177235,
       -0.2699743 , -0.0101211 ]), array([ 0.28854944,  1.25573196, -0.70142575, -0.16247305,  1.11115038,
        2.44695671, -0.3283207 , -0.58701849, -0.05351638,  0.04857684,
       -0.25895562, -0.01011072]), array([ 0.28692969,  1.25283261, -0.70165156, -0.16224657,  1.10991107,
        2.44690622, -0.32394973, -0.579871  , -0.04516346,  0.04529579,
       -0.24786213, -0.01009813]), array([ 0.28533267,  1.24997062, -0.70183472, -0.16203688,  1.10872756,
        2.4468558 , -0.31940284, -0.57239851, -0.03663072,  0.04193935,
       -0.23670315, -0.01008457]), array([ 0.28375923,  1.24714754, -0.70197438, -0.16184429,  1.1076001 ,
        2.44680545, -0.31468786, -0.56461462, -0.02793268,  0.03851694,
       -0.22549074, -0.01007064]), array([ 0.28221017,  1.24436488, -0.7020698 , -0.1616691 ,  1.10652891,
        2.44675516, -0.30981292, -0.55653303, -0.0190837 ,  0.0350374 ,
       -0.21423905, -0.01005662]), array([ 0.28068624,  1.24162404, -0.70212029, -0.16151156,  1.10551409,
        2.44670495, -0.30478644, -0.54816763, -0.01009811,  0.03150913,
       -0.2029638 , -0.01004264]), array([ 2.79188152e-01,  1.23892638e+00, -7.02125239e-01, -1.61371858e-01,
        1.10455568e+00,  2.44665481e+00, -2.99617096e-01, -5.39532497e-01,
       -9.90214771e-04,  2.79401974e-02, -1.91681802e-01, -1.00287234e-02]), array([ 0.27771658,  1.23627317, -0.70208411, -0.16125017,  1.10365362,
        2.44660473, -0.29431378, -0.53064188,  0.0082257 ,  0.02433834,
       -0.18041068, -0.01001488]), array([ 0.27627215,  1.23366562, -0.70199643, -0.16114661,  1.10280778,
        2.44655473, -0.28888559, -0.52151021,  0.01753533,  0.02071108,
       -0.16916854, -0.01000111]), array([ 0.27485545,  1.23110486, -0.70186181, -0.16106128,  1.10201791,
        2.44650479, -0.28334178, -0.51215214,  0.02692436,  0.01706572,
       -0.15797375, -0.00998739]), array([ 0.27346699,  1.22859194, -0.70167992, -0.16099424,  1.10128369,
        2.44645492, -0.27769174, -0.50258244,  0.03637848,  0.01340935,
       -0.14684478, -0.00997373]), array([ 0.27210726,  1.22612786, -0.7014505 , -0.16094549,  1.10060469,
        2.44640512, -0.27194499, -0.49281608,  0.04588342,  0.00974891,
       -0.13579999, -0.00996012]), array([ 0.27077671,  1.22371352, -0.70117338, -0.16091504,  1.0999804 ,
        2.44635539, -0.26611112, -0.48286814,  0.05542493,  0.00609116,
       -0.12485752, -0.00994657]), array([ 2.69475708e-01,  1.22134975e+00, -7.00848434e-01, -1.60902822e-01,
        1.09941023e+00,  2.44630572e+00, -2.60199769e-01, -4.72753825e-01,
        6.49888326e-02,  2.44267884e-03, -1.14035170e-01, -9.93308235e-03]), array([ 2.68204605e-01,  1.21903731e+00, -7.00475629e-01, -1.60908772e-01,
        1.09889347e+00,  2.44625612e+00, -2.54220615e-01, -4.62488437e-01,
        7.45610612e-02, -1.19013029e-03, -1.03350318e-01, -9.91967673e-03]), array([ 0.26696369,  1.21677688, -0.70005499, -0.16093278,  1.09842938,
        2.44620659, -0.24818333, -0.45208733,  0.08412766, -0.00480104,
       -0.09281981, -0.00990637]), array([ 0.26575297,  1.21456896, -0.69958697, -0.16097391,  1.09801528,
        2.44615709, -0.24214286, -0.44158354,  0.09360393, -0.00822624,
       -0.08281879, -0.00989972]), array([ 0.26457264,  1.21241404, -0.69907176, -0.16103211,  1.09765061,
        2.44610765, -0.23606704, -0.43098272,  0.10304311, -0.01164098,
       -0.07293374, -0.00988939]), array([ 0.26342282,  1.21031255, -0.69850958, -0.16110729,  1.09733464,
        2.44605826, -0.22996433, -0.42029857,  0.11243418, -0.01503604,
       -0.06319408, -0.0098772 ]), array([ 0.2623036 ,  1.20826483, -0.69790076, -0.16119931,  1.09706652,
        2.44600894, -0.22384325, -0.40954509,  0.12176576, -0.01840301,
       -0.05362525, -0.00986415]), array([ 0.26121504,  1.20627114, -0.69724562, -0.16130798,  1.09684527,
        2.44595968, -0.21771234, -0.39873639,  0.13102623, -0.0217342 ,
       -0.04424943, -0.00985079]), array([ 0.26015714,  1.20433171, -0.69654461, -0.16143309,  1.09666984,
        2.4459105 , -0.21158015, -0.3878867 ,  0.14020389, -0.02502259,
       -0.03508603, -0.00983743]), array([ 0.25912986,  1.20244666, -0.69579817, -0.1615744 ,  1.09653908,
        2.44586138, -0.20545512, -0.37701025,  0.14928711, -0.02826172,
       -0.02615211, -0.00982424]), array([ 0.25813313,  1.20061605, -0.69500685, -0.16173163,  1.09645176,
        2.44581232, -0.19934561, -0.36612125,  0.15826437, -0.03144571,
       -0.01746267, -0.00981131]), array([ 0.25716684,  1.19883988, -0.69417123, -0.16190448,  1.09640661,
        2.44576333, -0.19325982, -0.3552338 ,  0.1671244 , -0.03456917,
       -0.00903093, -0.0097987 ]), array([ 2.56230807e-01,  1.19711807e+00, -6.93291945e-01, -1.62092612e-01,
        1.09640227e+00,  2.44571439e+00, -1.87205783e-01, -3.44361871e-01,
        1.75856175e-01, -3.76271814e-02, -8.68501838e-04, -9.78643859e-03]), array([ 0.25532485,  1.19545048, -0.6923697 , -0.16229569,  1.09643734,
        2.44566552, -0.18119133, -0.33351924,  0.18444902, -0.04061529,
        0.00701445, -0.00977453]), array([ 0.25444873,  1.19383688, -0.69140524, -0.16251334,  1.09651039,
        2.44561671, -0.17522406, -0.32271948,  0.19289264, -0.04352946,
        0.01460911, -0.009763  ]), array([ 0.25360217,  1.192277  , -0.69039935, -0.16274517,  1.09661993,
        2.44556795, -0.16931132, -0.3119759 ,  0.20117714, -0.04636606,
        0.02190788, -0.00975184]), array([ 0.25278487,  1.19077049, -0.68935289, -0.16299078,  1.09676445,
        2.44551924, -0.1634602 , -0.30130151,  0.20929306, -0.04912184,
        0.02890432, -0.00974105]), array([ 0.25199648,  1.18931695, -0.68826673, -0.16324974,  1.09694241,
        2.44547059, -0.15767749, -0.29070903,  0.21723141, -0.05179394,
        0.03559311, -0.00973065]), array([ 0.25123664,  1.18791589, -0.68714181, -0.16352164,  1.09715226,
        2.44542199, -0.15196969, -0.28021081,  0.22498368, -0.05437984,
        0.04196991, -0.00972062]), array([ 0.25050492,  1.1865668 , -0.6859791 , -0.16380603,  1.09739242,
        2.44537343, -0.14634296, -0.26981885,  0.23254187, -0.05687737,
        0.04803139, -0.00971097]), array([ 0.24980091,  1.18526908, -0.68477961, -0.16410245,  1.09766129,
        2.44532492, -0.14080318, -0.25954474,  0.23989849, -0.05928471,
        0.05377516, -0.00970171]), array([ 0.24912413,  1.18402208, -0.68354438, -0.16441046,  1.09795729,
        2.44527646, -0.13535587, -0.24939967,  0.24704656, -0.06160034,
        0.0591997 , -0.00969283]), array([ 0.2484741 ,  1.18282511, -0.68227448, -0.16472957,  1.09827881,
        2.44522804, -0.1300062 , -0.23939439,  0.25397964, -0.06382305,
        0.06430436, -0.00968433]), array([ 0.2478503 ,  1.18167741, -0.68097102, -0.16505933,  1.09862426,
        2.44517966, -0.12475902, -0.22953922,  0.26069185, -0.06595194,
        0.0690893 , -0.00967623]), array([ 0.24725221,  1.18057819, -0.67963513, -0.16539926,  1.09899204,
        2.44513131, -0.11961881, -0.219844  ,  0.26717782, -0.0679864 ,
        0.07355543, -0.00966852]), array([ 0.24667926,  1.1795266 , -0.67826797, -0.16574889,  1.09938056,
        2.44508301, -0.11458973, -0.21031809,  0.27343273, -0.06992607,
        0.07770442, -0.00966121]), array([ 0.24613088,  1.17852175, -0.6768707 , -0.16610775,  1.09978825,
        2.44503474, -0.10967555, -0.20097038,  0.27945231, -0.07177089,
        0.08153865, -0.00965429]), array([ 0.24560648,  1.1775627 , -0.67544454, -0.16647535,  1.10021356,
        2.4449865 , -0.10487972, -0.19180926,  0.28523282, -0.07352103,
        0.08506112, -0.00964778]), array([ 0.24510545,  1.17664849, -0.67399068, -0.16685124,  1.10065494,
        2.44493829, -0.10020534, -0.1828426 ,  0.29077108, -0.07517689,
        0.08827549, -0.00964167]), array([ 0.24462718,  1.1757781 , -0.67251036, -0.16723493,  1.10111087,
        2.44489011, -0.09565515, -0.17407778,  0.2960644 , -0.07673913,
        0.09118599, -0.00963597]), array([ 0.24417102,  1.17495049, -0.67100481, -0.16762598,  1.10157985,
        2.44484195, -0.09123156, -0.16552166,  0.30111066, -0.07820859,
        0.09379741, -0.00963069]), array([ 0.24373634,  1.17416459, -0.66947527, -0.16802391,  1.10206043,
        2.44479383, -0.08693667, -0.15718058,  0.30590821, -0.07958633,
        0.09611503, -0.00962582]), array([ 0.24332248,  1.17341929, -0.66792299, -0.16842828,  1.10255115,
        2.44474572, -0.08277221, -0.14906035,  0.31045594, -0.08087359,
        0.09814461, -0.00962138]), array([ 0.24292878,  1.17271346, -0.66634922, -0.16883863,  1.10305061,
        2.44469763, -0.07873963, -0.14116628,  0.31475321, -0.08207181,
        0.09989237, -0.00961736]), array([ 0.24255458,  1.17204594, -0.66475522, -0.16925455,  1.10355744,
        2.44464956, -0.07484004, -0.13350315,  0.31879989, -0.08318256,
        0.10136489, -0.00961378]), array([ 0.24219921,  1.17141556, -0.66314224, -0.16967559,  1.10407028,
        2.44460151, -0.07107428, -0.12607525,  0.3225963 , -0.08420759,
        0.10256913, -0.00961062]), array([ 0.24186199,  1.17082113, -0.66151153, -0.17010133,  1.10458785,
        2.44455347, -0.06744287, -0.11888632,  0.3261432 , -0.08514877,
        0.10351238, -0.00960791]), array([ 0.24154226,  1.17026143, -0.65986432, -0.17053137,  1.10510886,
        2.44450544, -0.06394605, -0.11193963,  0.32944183, -0.0860081 ,
        0.10420221, -0.00960564]), array([ 0.24123934,  1.16973524, -0.65820185, -0.17096531,  1.10563209,
        2.44445742, -0.06058382, -0.10523794,  0.33249381, -0.0867877 ,
        0.10464645, -0.00960382]), array([ 0.24095256,  1.16924133, -0.65652534, -0.17140276,  1.10615635,
        2.44440941, -0.05735589, -0.09878353,  0.3353012 , -0.08748977,
        0.10485314, -0.00960244]), array([ 0.24068125,  1.16877843, -0.65483601, -0.17184334,  1.10668051,
        2.4443614 , -0.05426173, -0.09257819,  0.33786644, -0.08811663,
        0.10483053, -0.00960152]), array([ 0.24042475,  1.16834532, -0.65313505, -0.17228669,  1.10720344,
        2.4443134 , -0.05130057, -0.08662325,  0.34019232, -0.08867066,
        0.10458701, -0.00960106]), array([ 0.24018239,  1.16794072, -0.65142364, -0.17273246,  1.1077241 ,
        2.44426539, -0.04847143, -0.08091956,  0.34228202, -0.08915429,
        0.1041311 , -0.00960106]), array([ 0.23995353,  1.16756338, -0.64970294, -0.17318032,  1.10824145,
        2.44421738, -0.04577311, -0.07546755,  0.34413902, -0.08957004,
        0.1034714 , -0.00960151]), array([ 0.23973751,  1.16721205, -0.64797411, -0.17362992,  1.10875454,
        2.44416937, -0.0432042 , -0.0702672 ,  0.34576714, -0.08992044,
        0.10261661, -0.00960243]), array([ 0.23953369,  1.16688546, -0.64623825, -0.17408096,  1.10926242,
        2.44412135, -0.04076311, -0.06531807,  0.34717047, -0.09020808,
        0.10157544, -0.00960382]), array([ 0.23934145,  1.16658236, -0.64449649, -0.17453314,  1.1097642 ,
        2.44407333, -0.03844808, -0.06061933,  0.34835341, -0.09043556,
        0.10035663, -0.00960567]), array([ 0.23916017,  1.16630151, -0.64274988, -0.17498616,  1.11025904,
        2.44402529, -0.03625717, -0.05616973,  0.34932058, -0.09060549,
        0.0989689 , -0.00960799]), array([ 0.23898922,  1.16604167, -0.6409995 , -0.17543977,  1.11074615,
        2.44397723, -0.0341883 , -0.05196767,  0.35007685, -0.09072052,
        0.09742095, -0.00961078]), array([ 0.23882803,  1.16580162, -0.63924636, -0.17589368,  1.11122475,
        2.44392916, -0.03223924, -0.04801116,  0.35062732, -0.09078325,
        0.09572142, -0.00961403]), array([ 0.23867599,  1.16558013, -0.63749148, -0.17634766,  1.11169415,
        2.44388107, -0.03040765, -0.04429788,  0.35097727, -0.09079631,
        0.09387887, -0.00961775]), array([ 0.23853254,  1.165376  , -0.63573582, -0.17680147,  1.11215366,
        2.44383296, -0.02869106, -0.04082519,  0.35113217, -0.0907623 ,
        0.09190179, -0.00962194]), array([ 0.2383971 ,  1.16518805, -0.63398033, -0.17725489,  1.11260265,
        2.44378483, -0.02708687, -0.03759012,  0.35109765, -0.09068378,
        0.08979854, -0.00962658]), array([ 0.23826914,  1.1650151 , -0.63222593, -0.17770771,  1.11304054,
        2.44373667, -0.02559243, -0.0345894 ,  0.35087946, -0.09056331,
        0.08757735, -0.00963169]), array([ 0.23814811,  1.16485601, -0.63047351, -0.17815973,  1.11346677,
        2.44368849, -0.02420497, -0.0318195 ,  0.3504835 , -0.0904034 ,
        0.08524634, -0.00963725]), array([ 0.23803351,  1.16470962, -0.62872393, -0.17861076,  1.11388084,
        2.44364027, -0.02292165, -0.0292766 ,  0.34991576, -0.09020652,
        0.08281344, -0.00964327]), array([ 0.23792481,  1.16457484, -0.62697802, -0.17906064,  1.11428227,
        2.44359202, -0.02173958, -0.02695666,  0.34918232, -0.0899751 ,
        0.08028645, -0.00964973]), array([ 0.23782153,  1.16445056, -0.62523658, -0.17950919,  1.11467063,
        2.44354374, -0.02065579, -0.02485539,  0.34828935, -0.08971152,
        0.07767299, -0.00965663]), array([ 0.23772319,  1.16433572, -0.62350036, -0.17995628,  1.11504554,
        2.44349542, -0.01966729, -0.02296829,  0.34724304, -0.0894181 ,
        0.07498047, -0.00966398]), array([ 0.23762934,  1.16422927, -0.62177011, -0.18040177,  1.11540662,
        2.44344706, -0.01877103, -0.02129067,  0.34604965, -0.08909711,
        0.07221614, -0.00967175]), array([ 0.23753952,  1.16413018, -0.62004654, -0.18084552,  1.11575355,
        2.44339866, -0.01796393, -0.01981765,  0.34471546, -0.08875076,
        0.06938705, -0.00967995]), array([ 0.2374533 ,  1.16403746, -0.6183303 , -0.18128743,  1.11608605,
        2.44335022, -0.0172429 , -0.01854419,  0.34324674, -0.08838121,
        0.06650003, -0.00968857]), array([ 0.23737028,  1.16395013, -0.61662205, -0.18172738,  1.11640386,
        2.44330173, -0.01660483, -0.01746509,  0.34164978, -0.08799053,
        0.06356171, -0.00969759]), array([ 0.24117355,  1.16572827, -0.61321869, -0.17617543,  1.11600821,
        2.45302658,  0.76065516,  0.35562662,  0.68067279,  1.11039053,
       -0.07913015,  1.94497143]), array([ 0.24764647,  1.16402188, -0.60941373, -0.1702837 ,  1.1209642 ,
        2.45242795,  1.29458286, -0.34127665,  0.76099165,  1.17834645,
        0.99119805, -0.11972729]), array([ 0.2561576 ,  1.15789035, -0.60185356, -0.15941548,  1.12954589,
        2.46185519,  1.70222639, -1.22630729,  1.5120343 ,  2.1736443 ,
        1.71633853,  1.88544774]), array([ 0.26467886,  1.15528623, -0.59621502, -0.15191571,  1.13641177,
        2.46083684,  1.70425177, -0.52082443,  1.12770854,  1.49995225,
        1.37317613, -0.203669  ]), array([ 0.27395079,  1.15701091, -0.59481397, -0.14095709,  1.13960315,
        2.4493063 ,  1.85438508,  0.34493719,  0.28020976,  2.19172463,
        0.63827581, -2.30610843]), array([ 0.28369633,  1.162304  , -0.59621759, -0.12738169,  1.14049442,
        2.44809339,  1.94910951,  1.05861707, -0.28072502,  2.71508096,
        0.17825332, -0.24258239]), array([ 0.29286383,  1.16453286, -0.59648073, -0.1175404 ,  1.14156848,
        2.45753914,  1.8335002 ,  0.44577248, -0.05262816,  1.96825765,
        0.21481167,  1.88915014]), array([ 0.30145453,  1.16933886, -0.59692261, -0.11143067,  1.14257947,
        2.45649923,  1.71813953,  0.96120108, -0.08837517,  1.22194485,
        0.20219835, -0.20798247]), array([ 0.31056383,  1.17819918, -0.6011322 , -0.1019321 ,  1.13992314,
        2.44495038,  1.82186044,  1.77206315, -0.8419173 ,  1.89971565,
       -0.53126664, -2.30976851]), array([ 0.32007547,  1.19037605, -0.60763556, -0.0897215 ,  1.13470908,
        2.44371523,  1.90232665,  2.43537403, -1.3006729 ,  2.4421195 ,
       -1.04281136, -0.24703046]), array([ 0.32892076,  1.19850736, -0.61108049, -0.08078173,  1.1316981 ,
        2.43269182,  1.76905938,  1.62626125, -0.68898571,  1.7879532 ,
       -0.60219666, -2.20468198]), array([ 0.33812399,  1.20242502, -0.61134045, -0.06864288,  1.13120448,
        2.43216675,  1.84064539,  0.7835321 , -0.05199248,  2.42777071,
       -0.09872293, -0.10501419]), array([ 0.34661565,  1.20874218, -0.61153184, -0.06084958,  1.13050955,
        2.44196591,  1.6983312 ,  1.26343224, -0.03827753,  1.5586606 ,
       -0.13898701,  1.95983238]), array([ 0.35563147,  1.21149072, -0.60981999, -0.04917939,  1.13129963,
        2.44101852,  1.80316465,  0.54970765,  0.34236921,  2.33403707,
        0.15801646, -0.18947895]), array([ 0.36398072,  1.21007678, -0.60472122, -0.04142342,  1.13495471,
        2.45067729,  1.66985072, -0.28278767,  1.01975399,  1.55119382,
        0.73101694,  1.93175541]), array([ 0.37179213,  1.20421025, -0.59529864, -0.03684554,  1.14228197,
        2.45005893,  1.56228085, -1.17330578,  1.88451696,  0.91557599,
        1.46545146, -0.12367377]), array([ 0.38009655,  1.20099533, -0.5861937 , -0.02925622,  1.14915319,
        2.4592257 ,  1.6608852 , -0.64298305,  1.82098828,  1.51786343,
        1.37424451,  1.83335442]), array([ 0.38799676,  1.19509812, -0.57686241, -0.02526875,  1.15618002,
        2.47863221,  1.5800415 , -1.17944287,  1.8662571 ,  0.79749524,
        1.4053651 ,  3.88130193]), array([ 0.39667144,  1.18500378, -0.5638138 , -0.01717236,  1.16671955,
        2.48683164,  1.73493545, -2.01886726,  2.60972198,  1.61927764,
        2.10790615,  1.6398873 ]), array([ 0.40595212,  1.17817454, -0.55235983, -0.00605923,  1.17601038,
        2.50450317,  1.85613541, -1.36584837,  2.29079372,  2.22262667,
        1.85816685,  3.53430501]), array([ 0.41524899,  1.17269672, -0.54277219,  0.00533475,  1.18367847,
        2.52345354,  1.85937539, -1.09556452,  1.91752932,  2.27879538,
        1.53361756,  3.79007399]), array([ 0.42537727,  1.1641358 , -0.53109051,  0.02052002,  1.19056787,
        2.53131792,  2.02565562, -1.71218396,  2.33633441,  3.03705353,
        1.37787973,  1.57287561]), array([ 0.43486681,  1.15905932, -0.52146931,  0.03197726,  1.19611518,
        2.52879218,  1.89790716, -1.01529507,  1.92424021,  2.29144802,
        1.10946235, -0.50514763]), array([ 0.44481681,  1.15051412, -0.50983339,  0.04634585,  1.20355195,
        2.53643318,  1.98999987, -1.70904108,  2.32718424,  2.87371905,
        1.4873534 ,  1.5282008 ]), array([ 0.4541728 ,  1.1454815 , -0.5001965 ,  0.05710634,  1.20919093,
        2.53369439,  1.87119805, -1.00652468,  1.92737778,  2.15209623,
        1.12779555, -0.54775887]), array([ 0.4638179 ,  1.13699052, -0.48852284,  0.07058033,  1.21663998,
        2.5411336 ,  1.92902009, -1.69819474,  2.33473226,  2.69479891,
        1.48981104,  1.4878414 ]), array([ 0.47286837,  1.13195367, -0.47885487,  0.08007039,  1.22223038,
        2.55860265,  1.81009379, -1.00737028,  1.93359483,  1.89801195,
        1.11807902,  3.4938114 ]), array([ 0.48272738,  1.12348898, -0.46700182,  0.09325023,  1.22954764,
        2.56500927,  1.97180298, -1.69293848,  2.3706086 ,  2.63596753,
        1.46345181,  1.2813236 ]), array([ 0.49183449,  1.11849881, -0.45712976,  0.10281611,  1.23514279,
        2.56108385,  1.82142162, -0.99803413,  1.97441261,  1.91317621,
        1.11903067, -0.78508372]), array([ 0.50132536,  1.11006428, -0.44516012,  0.11512971,  1.24238876,
        2.56738161,  1.89817466, -1.68690487,  2.39392769,  2.46272055,
        1.44919358,  1.25955128]), array([ 0.51126173,  1.1050959 , -0.43496796,  0.13087169,  1.24797722,
        2.56288733,  1.98727458, -0.99367646,  2.03843227,  3.14839637,
        1.11769201, -0.8988567 ]), array([ 0.52031818,  1.09659502, -0.42262416,  0.14210554,  1.25527742,
        2.5691052 ,  1.81128817, -1.7001763 ,  2.46876062,  2.24676997,
        1.46004091,  1.24357442]), array([ 0.53000734,  1.09148884, -0.41183739,  0.15703432,  1.26106561,
        2.56452812,  1.93783249, -1.02123557,  2.15735271,  2.98575498,
        1.15763741, -0.91541473]), array([ 0.53868125,  1.0828956 , -0.39898993,  0.16731233,  1.26829176,
        2.57066402,  1.73478235, -1.71864793,  2.56949271,  2.05560247,
        1.44522934,  1.22717973]), array([ 0.54767957,  1.07048455, -0.38263503,  0.18017565,  1.27734724,
        2.58657447,  1.79966497, -2.48221092,  3.27097928,  2.5726634 ,
        1.81109773,  3.18208891]), array([ 0.55676915,  1.05683553, -0.36532105,  0.1938056 ,  1.28681368,
        2.60585816,  1.81791599, -2.72980276,  3.46279754,  2.72599043,
        1.89328635,  3.85673839]), array([ 0.56549669,  1.04367015, -0.3488004 ,  0.20675567,  1.29556742,
        2.62438539,  1.7455063 , -2.63307743,  3.30413037,  2.59001434,
        1.75074882,  3.70544543]), array([ 0.57478944,  1.0281589 , -0.33098799,  0.22215076,  1.30503347,
        2.63390423,  1.85854997, -3.1022487 ,  3.56248093,  3.079017  ,
        1.89321013,  1.90376795]), array([ 0.58369347,  1.01640374, -0.31576865,  0.2344734 ,  1.3128345 ,
        2.63298449,  1.78080696, -2.35103268,  3.04386756,  2.46452828,
        1.56020507, -0.18394631]), array([ 0.59204685,  1.00796341, -0.30243162,  0.24332726,  1.31984   ,
        2.64240972,  1.67067639, -1.68806536,  2.66740568,  1.77077273,
        1.40110076,  1.88504426]), array([ 0.60391059,  0.99721688, -0.28901379,  0.25751753,  1.32498243,
        2.66157563,  2.3727467 , -2.1493069 ,  2.68356765,  2.83805309,
        1.02848546,  3.83318207]), array([ 0.61766034,  0.99029549, -0.27612059,  0.27678878,  1.32322926,
        2.66948518,  2.74995084, -1.38427681,  2.57863936,  3.85425168,
       -0.35063381,  1.58191074]), array([ 0.63121146,  0.98429849, -0.26400959,  0.2960955 ,  1.32069929,
        2.67907483,  2.71022472, -1.19940114,  2.42220033,  3.86134247,
       -0.5059929 ,  1.9179299 ]), array([ 0.64467255,  0.97776994, -0.25164898,  0.31544193,  1.31808351,
        2.68621606,  2.69221743, -1.30570874,  2.47212167,  3.86928655,
       -0.5231559 ,  1.42824546]), array([ 0.65798389,  0.97059857, -0.23875584,  0.33477727,  1.31569922,
        2.69099638,  2.66226779, -1.43427507,  2.57862883,  3.86706884,
       -0.47685909,  0.95606386]), array([ 0.67115158,  0.9642127 , -0.22635559,  0.35424298,  1.31308042,
        2.69757225,  2.63353709, -1.27717356,  2.48004855,  3.89314165,
       -0.52375893,  1.31517494]), array([ 0.68439427,  0.95712519, -0.21322255,  0.37382668,  1.31059766,
        2.70588099,  2.64853961, -1.41750312,  2.62660876,  3.91673882,
       -0.49655187,  1.66174817]), array([ 0.69708111,  0.9502998 , -0.20071691,  0.39248356,  1.30783043,
        2.7138887 ,  2.53736776, -1.36507679,  2.50112723,  3.73137703,
       -0.55344751,  1.60154143]), array([ 0.7099174 ,  0.94467259, -0.18991604,  0.41160084,  1.30441205,
        2.71953971,  2.56725773, -1.12544328,  2.16017397,  3.82345498,
       -0.68367579,  1.13020168]), array([ 0.72201272,  0.93937541, -0.17939917,  0.43031862,  1.30144007,
        2.72492918,  2.41906366, -1.05943537,  2.10337413,  3.74355729,
       -0.59439546,  1.07789466]), array([ 0.73344927,  0.93428997, -0.16934832,  0.44868638,  1.2984301 ,
        2.73015311,  2.2873095 , -1.0170872 ,  2.01017036,  3.67355244,
       -0.60199378,  1.04478693]), array([ 0.74429255,  0.92950781, -0.15956195,  0.46618452,  1.29570568,
        2.73518226,  2.16865652, -0.95643146,  1.95727404,  3.49962683,
       -0.54488461,  1.00582932]), array([ 0.75459731,  0.92500872, -0.15005145,  0.4827013 ,  1.29313084,
        2.74004172,  2.06095144, -0.89981994,  1.90209925,  3.30335576,
       -0.51496776,  0.97189221]), array([ 0.76441013,  0.92077329, -0.14082417,  0.49816312,  1.29060193,
        2.74475167,  1.96256557, -0.84708524,  1.84545658,  3.09236395,
       -0.50578271,  0.94198929]), array([ 0.77377096,  0.91678297, -0.13188437,  0.51252648,  1.28804088,
        2.74932828,  1.87216474, -0.79806346,  1.78795977,  2.87267201,
       -0.51220976,  0.91532285]), array([ 0.78271422,  0.91302004, -0.12323396,  0.52577145,  1.28538991,
        2.75378454,  1.78865228, -0.75258664,  1.73008172,  2.64899493,
       -0.53019443,  0.89125208]), array([ 0.79126983,  0.90946764, -0.114873  ,  0.53789639,  1.28260726,
        2.75813087,  1.71112274, -0.71048029,  1.67219331,  2.42498722,
       -0.55653002,  0.86926497]), array([ 0.79946396,  0.90610982, -0.10680004,  0.54891361,  1.27966383,
        2.76237564,  1.63882472, -0.67156362,  1.61459053,  2.20344449,
       -0.58868544,  0.84895423]), array([ 0.80731961,  0.90293156, -0.09901248,  0.55884596,  1.27654049,
        2.76652562,  1.57113085, -0.63565122,  1.55751343,  1.9864691 ,
       -0.62466852,  0.82999705]), array([ 0.81485718,  0.89991879, -0.09150668,  0.56772399,  1.2732259 ,
        2.77058632,  1.50751386, -0.60255522,  1.50115944,  1.77560645,
       -0.66291727,  0.81213836]), array([ 0.82209482,  0.89705835, -0.08427822,  0.57558377,  1.26971483,
        2.7745622 ,  1.44752734, -0.57208758,  1.4456928 ,  1.57195684,
       -0.70221314,  0.7951771 ]), array([ 0.82904877,  0.89433804, -0.07732196,  0.58246511,  1.26600677,
        2.77845698,  1.39079047, -0.54406215,  1.39125128,  1.37626715,
       -0.7416119 ,  0.7789551 ]), array([ 0.83573365,  0.89174656, -0.0706322 ,  0.58841014,  1.26210483,
        2.78227372,  1.33697574, -0.51829653,  1.33795102,  1.18900592,
       -0.78038827,  0.76334811]), array([ 0.84216264,  0.88927349, -0.06420275,  0.59346226,  1.25801487,
        2.78601501,  1.28579926, -0.49461352,  1.28589003,  1.01042451,
       -0.81799179,  0.74825859]), array([ 0.84834771,  0.88690928, -0.058027  ,  0.59766529,  1.25374482,
        2.78968306,  1.23701296, -0.47284232,  1.23515079,  0.84060683,
       -0.85401135,  0.73361001]), array([ 0.8542997 ,  0.88464518, -0.05209799,  0.60106284,  1.24930408,
        2.79327977,  1.19039845, -0.45281939,  1.18580222,  0.6795096 ,
       -0.88814691,  0.71934223]), array([ 0.86002851,  0.88247323, -0.04640848,  0.60369782,  1.24470315,
        2.79680681,  1.14576205, -0.43438911,  1.13790113,  0.52699477,
       -0.92018678,  0.70540797]), array([ 0.86554317,  0.88038621, -0.04095102,  0.60561209,  1.2399532 ,
        2.80026566,  1.10293091, -0.41740419,  1.09149343,  0.38285543,
       -0.94998943,  0.69176992]), array([ 0.87085192,  0.87837758, -0.03571794,  0.60684628,  1.23506586,
        2.80365765,  1.06174991, -0.40172591,  1.04661513,  0.24683647,
       -0.97746888,  0.67839852]), array([ 0.87596231,  0.87644146, -0.03070148,  0.60743953,  1.23005294,
        2.80698401,  1.02207911, -0.38722427,  1.00329308,  0.11865079,
       -1.00258298,  0.66527023]), array([ 8.80881270e-01,  8.74572572e-01, -2.58937466e-02,  6.07429490e-01,
        1.22492632e+00,  2.81024584e+00,  9.83791804e-01, -3.73777907e-01,
        9.61545703e-01, -2.00801580e-03, -1.02532399e+00,  6.52366188e-01]), array([ 0.88561513,  0.8727662 , -0.02128683,  0.60685221,  1.21969777,
        2.81344419,  0.94677289, -0.3612741 ,  0.92138365, -0.11545584,
       -1.04571104,  0.6396711 ]), array([ 0.89016972,  0.87101816, -0.01687278,  0.60574216,  1.21437885,
        2.81658005,  0.9109176 , -0.34960853,  0.88281032, -0.22201069,
       -1.06378396,  0.6271725 ]), array([ 0.89455037,  0.86932473, -0.01264366,  0.60413222,  1.20898085,
        2.81965435,  0.87613039, -0.33868511,  0.84582244, -0.32198715,
       -1.07959843,  0.61486006]), array([ 0.898762  ,  0.86768266, -0.00859161,  0.60205376,  1.20351475,
        2.82266798,  0.84232412, -0.3284157 ,  0.81041058, -0.41569236,
       -1.09322197,  0.60272518]), array([ 0.90280909,  0.86608906, -0.00470881,  0.59953664,  1.19799109,
        2.82562178,  0.80941927, -0.31871984,  0.7765596 , -0.50342326,
       -1.10473077,  0.59076057]), array([ 9.06695808e-01,  8.64541434e-01, -9.87567763e-04,  5.96609320e-01,
        1.19242006e+00,  2.82851658e+00,  7.77343373e-01, -3.09524431e-01,
        7.44249190e-01, -5.85464695e-01, -1.11420706e+00,  5.78959995e-01]), array([ 9.10425960e-01,  8.63037617e-01,  2.57970358e-03,  5.93298878e-01,
        1.18681137e+00,  2.83135317e+00,  7.46030399e-01, -3.00763440e-01,
        7.13454269e-01, -6.62088368e-01, -1.12173703e+00,  5.67318104e-01]), array([ 0.91400306,  0.86157573,  0.00600043,  0.58963112,  1.18117433,
        2.83413232,  0.71542034, -0.29237753,  0.68414549, -0.73355227,
       -1.12740912,  0.55583023]), array([ 0.91743036,  0.86015416,  0.00928188,  0.58563061,  1.17551776,
        2.83685479,  0.68545875, -0.28431375,  0.65628964, -0.8001006 ,
       -1.13131265,  0.54449229]), array([ 0.92071084,  0.85877153,  0.01243113,  0.58132079,  1.16985008,
        2.83952129,  0.65609635, -0.27652517,  0.62985011, -0.86196395,
       -1.13353671,  0.53330073]), array([ 0.92384728,  0.85742668,  0.01545507,  0.576724  ,  1.16417923,
        2.84213255,  0.62728868, -0.26897056,  0.60478726, -0.9193598 ,
       -1.13416923,  0.52225241]), array([ 0.92684226,  0.85611861,  0.01836036,  0.57186153,  1.15851275,
        2.84468928,  0.59899574, -0.26161406,  0.58105884, -0.97249306,
       -1.13329628,  0.51134461]), array([ 0.92969817,  0.85484649,  0.02115346,  0.56675375,  1.15285774,
        2.84719215,  0.57118166, -0.25442481,  0.5586204 , -1.02155684,
       -1.13100148,  0.50057493]), array([ 0.93241724,  0.8536096 ,  0.02384059,  0.56142008,  1.14722092,
        2.84964186,  0.54381439, -0.24737665,  0.53742562, -1.06673315,
       -1.12736554,  0.48994134]), array([ 0.93500157,  0.85240737,  0.02642772,  0.55587911,  1.14160859,
        2.85203907,  0.51686543, -0.24044777,  0.51742666, -1.10819368,
       -1.12246589,  0.47944208]), array([ 0.93745311,  0.85123926,  0.0289206 ,  0.55014861,  1.1360267 ,
        2.85438445,  0.49030947, -0.23362044,  0.49857454, -1.14610063,
       -1.11637642,  0.46907569]), array([ 0.93977374,  0.85010486,  0.03132469,  0.54424557,  1.13048087,
        2.85667865,  0.4641242 , -0.22688065,  0.48081941, -1.18060739,
       -1.10916727,  0.45884096]), array([ 0.94196519,  0.84900377,  0.03364525,  0.53818627,  1.12497634,
        2.85892233,  0.43828996, -0.22021784,  0.46411086, -1.21185931,
       -1.10090466,  0.44873691]), array([ 0.94402913,  0.84793565,  0.03588724,  0.5319863 ,  1.11951809,
        2.86111615,  0.41278953, -0.2136246 ,  0.4483982 , -1.23999434,
       -1.09165084,  0.43876281]), array([ 0.94596717,  0.84690017,  0.03805539,  0.52566058,  1.11411077,
        2.86326074,  0.38760788, -0.2070964 ,  0.43363071, -1.26514365,
       -1.08146399,  0.42891811]), array([ 0.94778083,  0.84589701,  0.04015418,  0.51922342,  1.10875878,
        2.86535675,  0.36273189, -0.20063132,  0.41975788, -1.28743222,
       -1.07039828,  0.41920243]), array([ 0.94947158,  0.84492586,  0.04218783,  0.51268853,  1.10346626,
        2.86740483,  0.33815018, -0.19422979,  0.40672962, -1.3069793 ,
       -1.05850382,  0.40961557]), array([ 0.95104085,  0.84398639,  0.04416031,  0.50606903,  1.09823713,
        2.86940562,  0.31385287, -0.18789432,  0.39449647, -1.32389892,
       -1.04582676,  0.40015747]), array([ 0.95249   ,  0.84307824,  0.04607536,  0.49937753,  1.09307508,
        2.87135976,  0.28983138, -0.18162931,  0.38300978, -1.33830026,
       -1.03240937,  0.39082816]), array([ 0.9538204 ,  0.84220104,  0.04793647,  0.49262609,  1.08798363,
        2.8732679 ,  0.26607824, -0.17544079,  0.37222182, -1.350288  ,
       -1.01829013,  0.38162778]), array([ 0.95503333,  0.84135436,  0.0497469 ,  0.48582628,  1.08296611,
        2.87513068,  0.24258689, -0.16933621,  0.36208602, -1.35996265,
       -1.00350386,  0.37255656]), array([ 0.95613009,  0.84053774,  0.05150969,  0.47898917,  1.0780257 ,
        2.87694875,  0.21935158, -0.16332427,  0.35255698, -1.36742079,
       -0.98808184,  0.36361475]), array([ 0.95711192,  0.83975066,  0.05322764,  0.4721254 ,  1.07316544,
        2.87872277,  0.19636714, -0.15741467,  0.34359066, -1.37275533,
       -0.97205202,  0.35480265]), array([ 0.95798007,  0.83899257,  0.05490336,  0.46524512,  1.06838824,
        2.88045337,  0.17362889, -0.15161799,  0.33514444, -1.37605567,
       -0.95543911,  0.34612059]), array([ 0.95873573,  0.83826284,  0.05653925,  0.45835808,  1.06369692,
        2.88214121,  0.15113252, -0.14594548,  0.3271772 , -1.3774079 ,
       -0.93826485,  0.33756885]), array([ 0.9593801 ,  0.8375608 ,  0.05813749,  0.45147361,  1.05909418,
        2.88378695,  0.12887392, -0.14040891,  0.31964937, -1.3768949 ,
       -0.92054812,  0.32914774]), array([ 0.95991435,  0.8368857 ,  0.05970011,  0.44460062,  1.05458265,
        2.88539124,  0.10684916, -0.13502045,  0.312523  , -1.37459649,
       -0.90230518,  0.32085749]), array([ 0.96033962,  0.83623674,  0.06122892,  0.43774768,  1.0501649 ,
        2.88695473,  0.08505432, -0.12979249,  0.3057618 , -1.37058952,
       -0.88354983,  0.31269832]), array([ 0.96065704,  0.83561305,  0.06272557,  0.43092294,  1.04584344,
        2.88847808,  0.06348546, -0.12473753,  0.29933114, -1.36494794,
       -0.86429367,  0.30467034]), array([ 0.96086774,  0.83501371,  0.06419156,  0.42413422,  1.0416207 ,
        2.88996195,  0.04213854, -0.11986806,  0.29319808, -1.35774289,
       -0.84454627,  0.29677364]), array([ 0.96097278,  0.83443773,  0.06562822,  0.41738901,  1.03749913,
        2.89140699,  0.02100936, -0.11519646,  0.2873314 , -1.34904276,
       -0.82431536,  0.28900818]), array([ 9.60973252e-01,  8.33884051e-01,  6.70367284e-02,  4.10694441e-01,
        1.03348109e+00,  2.89281386e+00,  9.35134469e-05, -1.10734875e-01,
        2.81701555e-01, -1.33891323e+00, -8.03607089e-01,  2.81373876e-01]), array([ 0.96087018,  0.83335158,  0.06841813,  0.40405735,  1.02956896,
        2.89418321, -0.02061365, -0.10649515,  0.27628071, -1.32741732,
       -0.78242617,  0.27387051]), array([ 0.9606646 ,  0.83283913,  0.06977335,  0.39748428,  1.02576508,
        2.8955157 , -0.04111706, -0.10248873,  0.27104268, -1.31461546,
       -0.76077614,  0.2664978 ]), array([ 0.96032019,  0.83229571,  0.07098937,  0.391205  ,  1.02177684,
        2.8967929 , -0.06888128, -0.10868506,  0.24320528, -1.25585481,
       -0.79764732,  0.25543966])], 'U_history': [array([ 1.20159275e-03,  2.68847645e-05, -1.17637617e-04, -5.16998419e-04,
       -8.32852926e-04,  5.96531154e-19]), array([ 0.0347987 ,  0.05846485, -0.01763481, -0.01497227,  0.13888789,
        0.00594914]), array([ 0.067786  ,  0.11609472, -0.02697257, -0.0288248 ,  0.25101006,
        0.00970885]), array([ 0.10009088,  0.17264   , -0.02989473, -0.0419898 ,  0.34159617,
        0.01215682]), array([ 0.13166478,  0.22791483, -0.02779467, -0.05443088,  0.41536759,
        0.01380165]), array([ 0.16248004,  0.28180666, -0.02177107, -0.06614692,  0.47600562,
        0.01494266]), array([ 0.19252694,  0.33426297, -0.01268734, -0.07716141,  0.5263847 ,
        0.01575935]), array([ 0.22181048,  0.38527943, -0.00121919, -0.08751389,  0.56875248,
        0.01636174]), array([ 0.25034675,  0.43488851,  0.01210639, -0.09725318,  0.60486826,
        0.01681893]), array([ 0.27815962,  0.48314886,  0.02687917, -0.10643239,  0.63610941,
        0.01717545]), array([ 0.30527824,  0.53013639,  0.04278012, -0.11510551,  0.66355382,
        0.01746075]), array([ 0.33173538,  0.57593793,  0.05956152, -0.12332523,  0.68804441,
        0.01769477]), array([ 0.35756653,  0.62064683,  0.07703166, -0.13114173,  0.71024002,
        0.01789132]), array([ 0.3828092 ,  0.66436022,  0.09504325, -0.13860192,  0.73065546,
        0.01806012]), array([ 0.40750239,  0.70717714,  0.11348426, -0.14574913,  0.74969315,
        0.01820812]), array([ 0.43168614,  0.74919717,  0.13227085, -0.15262299,  0.76766779,
        0.0183403 ]), array([ 0.45540105,  0.79051941,  0.15134164, -0.15925947,  0.78482571,
        0.01846031]), array([ 0.47868785,  0.83124167,  0.17065315, -0.16569102,  0.80135987,
        0.01857079]), array([ 0.50158705,  0.87145975,  0.19017611, -0.17194669,  0.81742161,
        0.01867366]), array([ 0.52413853,  0.91126695,  0.20989248, -0.17805244,  0.83312969,
        0.01877033]), array([ 0.5485597 ,  0.94832032,  0.22814682, -0.18522588,  0.84736223,
        0.01886182]), array([ 0.57067024,  0.98734948,  0.24810606, -0.19107597,  0.86265364,
        0.01893416]), array([ 0.59254899,  1.02622587,  0.26824991, -0.19685128,  0.87779604,
        0.0190097 ]), array([ 0.61423066,  1.06502873,  0.28858434, -0.20256482,  0.89283904,
        0.0190854 ]), array([ 0.63574814,  1.10383301,  0.30911813, -0.20822816,  0.90782128,
        0.01915967]), array([ 0.65713236,  1.14270909,  0.32986191, -0.21385146,  0.9227727 ,
        0.01923173]), array([ 0.67841209,  1.18172265,  0.35082727, -0.21944352,  0.93771622,
        0.01930119]), array([ 0.69961392,  1.22093435,  0.37202618, -0.22501191,  0.95266903,
        0.01936788]), array([ 0.72076212,  1.26039977,  0.39347028, -0.23056299,  0.96764363,
        0.01943175]), array([ 0.74187854,  1.30016917,  0.41517051, -0.23610201,  0.98264859,
        0.01949278]), array([ 0.76298261,  1.34028738,  0.4371366 , -0.24163317,  0.99768916,
        0.01955099]), array([ 0.78409124,  1.38079368,  0.45937681, -0.24715969,  1.01276772,
        0.01960639]), array([ 0.80521879,  1.42172171,  0.48189754, -0.25268386,  1.02788418,
        0.01965902]), array([ 0.82637705,  1.46309934,  0.5047032 , -0.25820711,  1.04303621,
        0.01970889]), array([ 0.84757525,  1.50494866,  0.5277959 , -0.26373002,  1.05821952,
        0.01975604]), array([ 0.86882002,  1.5472859 ,  0.55117536, -0.26925241,  1.07342798,
        0.01980049]), array([ 0.89011543,  1.59012141,  0.57483875, -0.27477336,  1.08865381,
        0.01984226]), array([ 0.91146301,  1.63345966,  0.5987806 , -0.28029125,  1.10388769,
        0.01988137]), array([ 0.93286178,  1.67729927,  0.62299272, -0.28580381,  1.11911884,
        0.01991785]), array([ 0.95430831,  1.72163302,  0.64746416, -0.29130817,  1.13433517,
        0.01995173]), array([ 0.98070412,  1.76457108,  0.67091502, -0.2992432 ,  1.14875343,
        0.01998303]), array([ 1.00234339,  1.80977512,  0.69583247, -0.30457352,  1.16396514,
        0.01998564]), array([ 1.02399865,  1.85542152,  0.72096301, -0.30991326,  1.17910143,
        0.01999959]), array([ 1.0456581 ,  1.90148029,  0.7462839 , -0.31525158,  1.1941498 ,
        0.02001825]), array([ 1.0673077 ,  1.94791624,  0.77177002, -0.32057834,  1.20909588,
        0.02003806]), array([ 1.0889313 ,  1.99468922,  0.79739388, -0.32588395,  1.22392374,
        0.02005716]), array([ 1.11051084,  2.04175423,  0.82312568, -0.33115918,  1.23861617,
        0.02007459]), array([ 1.13202645,  2.08906172,  0.84893338, -0.33639507,  1.25315488,
        0.0200899 ]), array([ 1.15345664,  2.13655778,  0.87478287, -0.34158287,  1.2675207 ,
        0.0201029 ]), array([ 1.17477846,  2.18418441,  0.90063805, -0.34671399,  1.28169379,
        0.02011352]), array([ 1.19596765,  2.23187984,  0.926461  , -0.35177996,  1.29565375,
        0.02012178]), array([ 1.21699881,  2.2795788 ,  0.95221217, -0.35677242,  1.30937981,
        0.02012775]), array([ 1.23784558,  2.32721289,  0.97785053, -0.36168314,  1.32285096,
        0.0201315 ]), array([ 1.25848081,  2.37471088,  1.00333378, -0.366504  ,  1.33604609,
        0.0201331 ]), array([ 1.27887671,  2.4219991 ,  1.02861858, -0.37122699,  1.34894409,
        0.02013264]), array([ 1.29900505,  2.4690018 ,  1.0536607 , -0.3758443 ,  1.36152401,
        0.02013022]), array([ 1.31883733,  2.51564151,  1.0784153 , -0.38034825,  1.37376517,
        0.02012592]), array([ 1.33834493,  2.56183947,  1.10283714, -0.3847314 ,  1.38564725,
        0.02011982]), array([ 1.35749931,  2.607516  ,  1.12688078, -0.3889865 ,  1.39715046,
        0.02011202]), array([ 1.37627215,  2.6525909 ,  1.15050084, -0.39310659,  1.40825557,
        0.0201026 ]), array([ 1.38175958,  2.72223084,  1.1907635 , -0.38990199,  1.43211368,
        0.02009166]), array([ 1.39961619,  2.76620103,  1.21334661, -0.39428983,  1.4409899 ,
        0.02020346]), array([ 1.41702511,  2.80924737,  1.23531947, -0.39841975,  1.44969349,
        0.0202466 ]), array([ 1.43395819,  2.85129995,  1.25665128, -0.40230794,  1.45814459,
        0.02025368]), array([ 1.45038877,  2.89228873,  1.27730923, -0.40596619,  1.46627889,
        0.0202422 ]), array([ 1.46629166,  2.93214429,  1.29725952, -0.40940312,  1.47404445,
        0.02022144]), array([ 1.48164324,  2.97079839,  1.31646809, -0.41262501,  1.4813992 ,
        0.02019626]), array([ 1.49642147,  3.00818453,  1.33490134, -0.41563639,  1.48830902,
        0.02016913]), array([ 1.51060591,  3.04423847,  1.35252661, -0.41844057,  1.49474632,
        0.02014127]), array([ 1.52417782,  3.07889862,  1.36931262, -0.42104003,  1.5006889 ,
        0.02011324]), array([ 1.5371202 ,  3.11210645,  1.38522982, -0.42343664,  1.50611907,
        0.02008527]), array([ 1.54941777,  3.14380682,  1.40025067, -0.42563196,  1.51102301,
        0.02005745]), array([ 1.56105709,  3.17394829,  1.4143499 , -0.42762739,  1.51539019,
        0.02002977]), array([ 1.57202653,  3.20248336,  1.42750467, -0.4294243 ,  1.51921303,
        0.02000222]), array([ 1.5823163 ,  3.22936872,  1.43969473, -0.43102417,  1.52248655,
        0.01997479]), array([ 1.59191848,  3.25456546,  1.45090256, -0.43242862,  1.52520807,
        0.01994746]), array([ 1.60082702,  3.27803917,  1.46111344, -0.43363952,  1.52737709,
        0.01992024]), array([ 1.60903768,  3.29976013,  1.47031553, -0.43465904,  1.52899504,
        0.01989314]), array([ 1.61654812,  3.31970337,  1.47849991, -0.43548962,  1.53006518,
        0.01986616]), array([ 1.62335776,  3.33784877,  1.48566058, -0.43613409,  1.53059248,
        0.01983935]), array([ 1.62187638,  3.34382766,  1.48476924, -0.4333471 ,  1.52454297,
        0.01981273]), array([ 1.62733672,  3.35832587,  1.48998639, -0.43392304,  1.52469103,
        0.01979943]), array([ 1.63212454,  3.37103405,  1.49420329, -0.43428205,  1.52419311,
        0.01977878]), array([ 1.6362433 ,  3.38194666,  1.49741966, -0.43443524,  1.52308813,
        0.01975441]), array([ 1.63969848,  3.39106371,  1.49963945, -0.43439289,  1.52140992,
        0.0197283 ]), array([ 1.64249747,  3.39839054,  1.50087036, -0.43416465,  1.51918858,
        0.01970158]), array([ 1.64464938,  3.40393758,  1.50112358, -0.43375961,  1.51645142,
        0.01967486]), array([ 1.64616497,  3.40772011,  1.50041339, -0.43318649,  1.51322381,
        0.01964847]), array([ 1.64705648,  3.40975806,  1.49875699, -0.43245367,  1.50952968,
        0.01962262]), array([ 1.64733751,  3.41007576,  1.49617422, -0.43156928,  1.505392  ,
        0.01959741]), array([ 1.64702296,  3.40870177,  1.49268735, -0.43054126,  1.50083308,
        0.01957288]), array([ 1.64612887,  3.4056686 ,  1.48832089, -0.42937737,  1.49587478,
        0.01954907]), array([ 1.64467233,  3.40101249,  1.4831014 , -0.42808523,  1.49053871,
        0.019526  ]), array([ 1.64267136,  3.39477323,  1.47705733, -0.42667236,  1.48484631,
        0.01950368]), array([ 1.64014486,  3.38699385,  1.4702188 , -0.42514618,  1.47881893,
        0.01948211]), array([ 1.63711244,  3.37772042,  1.46261749, -0.42351399,  1.47247784,
        0.01946129]), array([ 1.63359437,  3.36700181,  1.45428641, -0.42178303,  1.46584429,
        0.01944123]), array([ 1.62961149,  3.35488944,  1.44525979, -0.41996042,  1.45893946,
        0.01942194]), array([ 1.6251851 ,  3.34143701,  1.43557292, -0.41805317,  1.45178446,
        0.01940341]), array([ 1.62033686,  3.32670028,  1.42526193, -0.41606821,  1.4444003 ,
        0.01938565]), array([ 1.61508875,  3.31073685,  1.41436372, -0.41401233,  1.43680785,
        0.01936867]), array([ 1.60946294,  3.29360584,  1.40291576, -0.41189219,  1.42902781,
        0.01935246]), array([ 1.60348176,  3.27536771,  1.39095594, -0.40971433,  1.42108066,
        0.01933704]), array([ 1.59716759,  3.25608403,  1.37852245, -0.40748513,  1.41298662,
        0.01932241]), array([ 1.59054279,  3.23581718,  1.36565364, -0.4052108 ,  1.4047656 ,
        0.01930858]), array([ 1.58362966,  3.21463021,  1.35238787, -0.40289741,  1.39643716,
        0.01929555]), array([ 1.57645035,  3.19258654,  1.33876339, -0.40055083,  1.38802047,
        0.01928334]), array([ 1.56902683,  3.1697498 ,  1.32481821, -0.39817674,  1.37953426,
        0.01927195]), array([ 1.56138078,  3.14618362,  1.31059002, -0.39578064,  1.3709968 ,
        0.01926138]), array([ 1.55353361,  3.12195138,  1.29611601, -0.3933678 ,  1.36242586,
        0.01925165]), array([ 1.54550636,  3.09711609,  1.28143283, -0.39094332,  1.35383865,
        0.01924276]), array([ 1.53731967,  3.07174017,  1.26657646, -0.38851205,  1.34525183,
        0.01923473]), array([ 1.52899373,  3.04588529,  1.25158212, -0.38607863,  1.33668147,
        0.01922755]), array([ 1.52054829,  3.01961221,  1.23648421, -0.3836475 ,  1.32814301,
        0.01922125]), array([ 1.51200254,  2.99298064,  1.22131619, -0.38122284,  1.31965127,
        0.01921582]), array([ 1.50337516,  2.96604907,  1.20611055, -0.37880865,  1.3112204 ,
        0.01921128]), array([ 1.49468427,  2.93887469,  1.19089874, -0.37640865,  1.3028639 ,
        0.01920763]), array([ 1.48594739,  2.91151325,  1.17571109, -0.37402638,  1.29459458,
        0.01920489]), array([ 1.47718143,  2.88401892,  1.16057677, -0.37166514,  1.28642457,
        0.01920305]), array([ 1.46840267,  2.85644426,  1.1455238 , -0.369328  ,  1.27836532,
        0.01920212]), array([ 1.45962676,  2.82884009,  1.13057891, -0.36701784,  1.27042758,
        0.01920211]), array([ 1.45086869,  2.80125542,  1.11576761, -0.3647373 ,  1.26262141,
        0.01920303]), array([ 1.44214281,  2.77373741,  1.10111412, -0.36248883,  1.2549562 ,
        0.01920487]), array([ 1.43346279,  2.74633127,  1.08664137, -0.36027465,  1.24744063,
        0.01920764]), array([ 1.42484163,  2.71908029,  1.07237096, -0.3580968 ,  1.24008274,
        0.01921135]), array([ 1.41629168,  2.69202571,  1.05832319, -0.35595713,  1.23288989,
        0.01921599]), array([ 1.4078246 ,  2.66520678,  1.04451706, -0.3538573 ,  1.22586878,
        0.01922156]), array([ 1.39945139,  2.63866068,  1.03097024, -0.35179878,  1.21902549,
        0.01922807]), array([ 1.39118242,  2.61242255,  1.01769911, -0.34978288,  1.21236548,
        0.01923551]), array([ 1.38302736,  2.58652547,  1.00471877, -0.34781073,  1.20589357,
        0.01924388]), array([ 1.37499529,  2.56100048,  0.99204306, -0.34588332,  1.19961404,
        0.01925317]), array([ 1.3670946 ,  2.53587655,  0.97968455, -0.34400146,  1.19353056,
        0.01926338]), array([ 1.35933311,  2.51118067,  0.96765464, -0.34216583,  1.18764627,
        0.0192745 ]), array([ 1.35171799,  2.48693781,  0.95596348, -0.34037699,  1.18196376,
        0.01928653]), array([ 1.34425584,  2.463171  ,  0.94462011, -0.33863535,  1.17648513,
        0.01929946]), array([ 1.33695266,  2.43990132,  0.93363242, -0.33694119,  1.17121197,
        0.01931327]), array([ 1.32981389,  2.41714796,  0.92300722, -0.33529469,  1.16614543,
        0.01932795]), array([ 1.32284442,  2.39492829,  0.91275026, -0.33369592,  1.16128618,
        0.0193435 ]), array([ 1.3160486 ,  2.37325786,  0.90286627, -0.33214484,  1.15663449,
        0.0193599 ]), array([ 1.30943027,  2.35215048,  0.89335904, -0.33064131,  1.15219022,
        0.01937713]), array([60.        , 60.        , 29.70549258, 10.        , 10.        ,
       10.        ]), array([ 60.        , -60.        , -11.70471003, -10.        ,
         5.96879   , -10.        ]), array([ 30.85094485, -60.        ,   8.3166253 ,  10.        ,
         5.14243787,  10.        ]), array([ 14.80800433,  60.        ,   7.5050311 , -10.        ,
         4.50366357, -10.        ]), array([  8.17847516,  60.        ,  -8.46040783,  10.        ,
        -2.95907814, -10.        ]), array([ 4.77499115, 60.        ,  0.10677348, 10.        ,  1.31883784,
       10.        ]), array([  5.75418852, -60.        , -13.54151499, -10.        ,
        -5.71160963,  10.        ]), array([  5.82840733,  60.        ,  17.13629289, -10.        ,
         8.78941675, -10.        ]), array([  4.72498843,  60.        ,  -7.83361044,  10.        ,
        -3.30578333, -10.        ]), array([ 3.95272503, 60.        ,  0.93012951, 10.        ,  0.54765298,
       10.        ]), array([  4.87147315, -60.        ,  -1.9459318 , -10.        ,
        -0.33840995, -10.        ]), array([  3.05782134, -60.        ,   0.84677069,  10.        ,
         0.73354573,  10.        ]), array([  4.04115719,  60.        ,  18.59078844, -10.        ,
         8.84299577,  10.        ]), array([  5.35875478, -60.        ,  -7.24386207,  10.        ,
        -2.90009225, -10.        ]), array([  4.33838791, -60.        ,   3.83862482, -10.        ,
         2.47839667,  10.        ]), array([  5.63961159, -60.        ,  11.37535229, -10.        ,
         5.37411476, -10.        ]), array([ 4.30034717, 60.        , 19.50601699, 10.        ,  8.61536335,
       10.        ]), array([  7.92692211, -60.        , -15.538298  , -10.        ,
        -5.78137803,  10.        ]), array([  8.78354241, -60.        ,   9.14526189,  10.        ,
         4.91640426, -10.        ]), array([ 6.57232099, 60.        , 12.142803  , 10.        ,  5.92039348,
       10.        ]), array([ 4.33486709, 12.        , -6.        ,  2.        , -2.        ,
        2.        ]), array([ 10.87276306, -60.        ,  -4.76644471,  10.        ,
        -6.34006275, -10.        ]), array([  5.12600259,  60.        ,   8.48942977, -10.        ,
         4.64707748, -10.        ]), array([  4.74398238, -60.        ,  -2.43166352,  10.        ,
         0.11447323,  10.        ]), array([  5.80350826,  60.        ,   8.47198048, -10.        ,
         3.52671107, -10.        ]), array([  1.66987642, -60.        ,  -2.3007243 ,  10.        ,
         0.13189213,  10.        ]), array([  5.83720273,  60.        ,   8.79600759, -10.        ,
         3.4917092 ,  10.        ]), array([ 10.36334155, -60.        ,  -1.81266579,  10.        ,
        -0.06184497, -10.        ]), array([  2.96365655,  60.        ,   8.75522525, -10.        ,
         3.43952406, -10.        ]), array([  3.26905076, -60.        ,  -1.87772963,  10.        ,
         0.14906208,  10.        ]), array([  4.25845588,  60.        ,   9.51240384,  10.        ,
         3.43471278, -10.        ]), array([  1.57083562, -60.        ,  -0.80073095, -10.        ,
         0.66050129,  10.        ]), array([  7.2018186 ,  60.        ,  10.93922292,  10.        ,
         3.82637572, -10.        ]), array([ -0.80340829, -60.        ,  -1.23925735, -10.        ,
         0.14624316,  10.        ]), array([  1.93062163, -60.        ,   8.00110487,  10.        ,
         2.73680004,  10.        ]), array([  3.8279229 , -24.        ,   3.73637139,   4.        ,
         1.48496298,   4.        ]), array([ 0.,  0.,  0., -0.,  0.,  0.]), array([  8.0635916 , -48.        ,  -1.63208294,   8.        ,
        -0.28304939,  -8.        ]), array([  8.64713094,  60.        ,   7.08796341, -10.        ,
         2.51186775, -10.        ]), array([  5.66729622,  60.        ,  11.84857093, -10.        ,
         5.16386412,  10.        ]), array([ 56.9314768, -60.       , -15.9087256,  10.       , -10.       ,
        10.       ]), array([ 30.63487562,  60.        ,  11.36688111,  10.        ,
       -10.        , -10.        ]), array([ 4.09886179, 12.        ,  1.91040689,  2.        , -0.11914391,
        2.        ]), array([  5.98994866, -12.        ,   1.12636338,   2.        ,
        -0.11837016,  -2.        ]), array([  4.77449299, -12.        ,   3.26839986,   2.        ,
         1.01068508,  -2.        ]), array([ 4.70643941, 12.        ,  4.2191807 ,  2.        ,  1.41730871,
        2.        ]), array([  8.55971924, -12.        ,   4.49893468,   2.        ,
         0.89659031,   2.        ]), array([ 0., -0.,  0.,  0.,  0., -0.]), array([ 9.86827352, 12.        , -3.72049784,  2.        , -1.13806588,
       -2.        ]), array([-5.46574333e+00,  5.58128999e+00,  3.71094369e+00,  1.96925775e+00,
        2.77854922e+00, -1.73216324e-15]), array([-3.39263108e+00,  5.23867992e+00,  3.37025162e+00,  8.75550557e-01,
        2.24717087e+00, -1.93185605e-17]), array([-1.53098803e+00,  5.80560670e+00,  3.69762410e+00, -2.43905467e-01,
        2.26165668e+00, -1.18740424e-16]), array([-2.70297683e-01,  5.41119001e+00,  3.35847614e+00, -8.75980061e-01,
        1.82202369e+00, -4.78173819e-16]), array([ 7.16516951e-01,  5.08868492e+00,  3.08964945e+00, -1.36387787e+00,
        1.47844707e+00,  9.98455696e-17]), array([ 1.48325075e+00,  4.81634180e+00,  2.87263475e+00, -1.73539288e+00,
        1.21084922e+00,  4.89332666e-16]), array([ 2.07376404e+00,  4.57913842e+00,  2.69400837e+00, -2.01332111e+00,
        1.00347860e+00,  3.12655069e-17]), array([ 2.52368474e+00,  4.36694936e+00,  2.54411456e+00, -2.21634285e+00,
        8.43923509e-01,  5.14913620e-16]), array([ 2.86184315e+00,  4.17315334e+00,  2.41606497e+00, -2.35974145e+00,
        7.22368947e-01,  8.70071932e-16]), array([ 3.11147791e+00,  3.99358796e+00,  2.30498518e+00, -2.45599260e+00,
        6.31031243e-01,  2.03549904e-16]), array([ 3.29124619e+00,  3.82577610e+00,  2.20745162e+00, -2.51525032e+00,
        5.63724209e-01,  9.76352116e-16]), array([ 3.41606652e+00,  3.66836127e+00,  2.12107409e+00, -2.54574936e+00,
        5.15523338e-01, -2.77615009e-16]), array([ 3.49781929e+00,  3.52070198e+00,  2.04418877e+00, -2.55413959e+00,
        4.82503955e-01, -2.74254099e-16]), array([ 3.54592642e+00,  3.38258545e+00,  1.97563440e+00, -2.54576426e+00,
        4.61535708e-01,  7.99760771e-16]), array([ 3.56782919e+00,  3.25402993e+00,  1.91459077e+00, -2.52489192e+00,
        4.50120407e-01,  8.15510380e-16]), array([ 3.56938021e+00,  3.13515181e+00,  1.86046341e+00, -2.49490958e+00,
        4.46263538e-01,  5.68190774e-16]), array([ 3.55516388e+00,  3.02607973e+00,  1.81280244e+00, -2.45848368e+00,
        4.48372121e-01,  1.27499907e-15]), array([ 3.52875703e+00,  2.92690192e+00,  1.77124638e+00, -2.41769386e+00,
        4.55173347e-01,  2.30412416e-16]), array([ 3.49294016e+00,  2.83763691e+00,  1.73548403e+00, -2.37414409e+00,
        4.65649668e-01,  7.40993924e-16]), array([ 3.44986774e+00,  2.75822012e+00,  1.70522947e+00, -2.32905465e+00,
        4.78986980e-01,  2.17893634e-16]), array([ 3.40120501e+00,  2.68850094e+00,  1.68020621e+00, -2.28333822e+00,
        4.94533261e-01, -4.97240158e-16]), array([ 3.34823718e+00,  2.62824656e+00,  1.66013782e+00, -2.23766247e+00,
        5.11765577e-01,  1.13002929e-15]), array([ 3.29195625e+00,  2.57714976e+00,  1.64474309e+00, -2.19250149e+00,
        5.30263768e-01,  1.83652874e-16]), array([ 3.23312963e+00,  2.53483873e+00,  1.63373411e+00, -2.14817784e+00,
        5.49689518e-01,  5.38284786e-16]), array([ 3.17235396e+00,  2.50088787e+00,  1.62681630e+00, -2.10489675e+00,
        5.69769712e-01,  1.67398437e-16]), array([ 3.11009713e+00,  2.47482847e+00,  1.62368970e+00, -2.06277394e+00,
        5.90283235e-01, -8.74202750e-16]), array([ 3.04673069e+00,  2.45615898e+00,  1.62405088e+00, -2.02185790e+00,
        6.11050530e-01,  2.41417622e-16]), array([ 2.98255477e+00,  2.44435439e+00,  1.62759524e+00, -1.98214788e+00,
        6.31925342e-01,  1.36503680e-15]), array([ 2.91781689e+00,  2.43887475e+00,  1.63401935e+00, -1.94360806e+00,
        6.52788219e-01,  1.47956075e-15]), array([ 2.85272605e+00,  2.43917262e+00,  1.64302326e+00, -1.90617881e+00,
        6.73541405e-01,  5.19707834e-16]), array([ 2.78746310e+00,  2.44469954e+00,  1.65431264e+00, -1.86978544e+00,
        6.94104823e-01,  2.70850335e-16]), array([ 2.72218817e+00,  2.45491159e+00,  1.66760070e+00, -1.83434491e+00,
        7.14412938e-01,  6.82514506e-16]), array([ 2.65704595e+00,  2.46927401e+00,  1.68260985e+00, -1.79977095e+00,
        7.34412298e-01,  1.32861397e-15]), array([ 2.59216918e+00,  2.48726511e+00,  1.69907315e+00, -1.76597784e+00,
        7.54059607e-01,  7.96872396e-16]), array([ 2.52768099e+00,  2.50837941e+00,  1.71673546e+00, -1.73288309e+00,
        7.73320213e-01,  9.66154919e-16]), array([ 2.46369619e+00,  2.53213021e+00,  1.73535438e+00, -1.70040934e+00,
        7.92166920e-01,  6.19840515e-16]), array([ 2.40032194e+00,  2.55805159e+00,  1.75470098e+00, -1.66848557e+00,
        8.10579040e-01,  5.10176097e-16]), array([ 2.33765801e+00,  2.58569994e+00,  1.77456028e+00, -1.63704773e+00,
        8.28541630e-01, -1.92895005e-16]), array([ 2.27579662e+00,  2.61465507e+00,  1.79473161e+00, -1.60603907e+00,
        8.46044876e-01, -1.50802923e-16]), array([ 2.21482222e+00,  2.64452098e+00,  1.81502875e+00, -1.57541008e+00,
        8.63083571e-01,  6.85776858e-16]), array([ 2.15481110e+00,  2.67492635e+00,  1.83527993e+00, -1.54511825e+00,
        8.79656675e-01,  5.09446359e-16]), array([ 2.09583102e+00,  2.70552471e+00,  1.85532779e+00, -1.51512764e+00,
        8.95766926e-01,  3.97738198e-16]), array([ 2.03794082e+00,  2.73599446e+00,  1.87502909e+00, -1.48540840e+00,
        9.11420493e-01,  2.60429886e-16]), array([ 1.98119016e+00,  2.76603866e+00,  1.89425444e+00, -1.45593611e+00,
        9.26626651e-01,  2.04521249e-16]), array([ 1.92561925e+00,  2.79538465e+00,  1.91288790e+00, -1.42669122e+00,
        9.41397477e-01,  4.74487848e-16]), array([ 1.87125879e+00,  2.82378363e+00,  1.93082654e+00, -1.39765837e+00,
        9.55747565e-01,  3.95907296e-16]), array([ 1.81812989e+00,  2.85100997e+00,  1.94797990e+00, -1.36882580e+00,
        9.69693738e-01,  1.44496324e-16]), array([ 1.76624415e+00,  2.87686061e+00,  1.96426952e+00, -1.34018472e+00,
        9.83254780e-01,  2.38039785e-16]), array([ 1.71560387e+00,  2.90115424e+00,  1.97962826e+00, -1.31172876e+00,
        9.96451162e-01,  2.43530806e-16]), array([ 1.66620224e+00,  2.92373055e+00,  1.99399978e+00, -1.28345343e+00,
        1.00930479e+00,  4.26098851e-16]), array([ 1.61802375e+00,  2.94444930e+00,  2.00733790e+00, -1.25535566e+00,
        1.02183874e+00, -1.57351278e-16]), array([ 1.57104456e+00,  2.96318948e+00,  2.01960597e+00, -1.22743340e+00,
        1.03407703e+00, -4.77030854e-16]), array([ 1.52523301e+00,  2.97984839e+00,  2.03077628e+00, -1.19968517e+00,
        1.04604434e+00,  6.87065502e-16]), array([ 1.48055009e+00,  2.99434072e+00,  2.04082939e+00, -1.17210982e+00,
        1.05776585e+00,  3.93151955e-16]), array([ 1.43695009e+00,  3.00659761e+00,  2.04975358e+00, -1.14470620e+00,
        1.06926696e+00,  3.15368105e-16]), array([ 1.39438112e+00,  3.01656573e+00,  2.05754423e+00, -1.11747295e+00,
        1.08057310e+00, -1.97959219e-16]), array([ 1.35278582e+00,  3.02420640e+00,  2.06420323e+00, -1.09040832e+00,
        1.09170958e+00,  3.14303250e-16]), array([ 1.31210193e+00,  3.02949464e+00,  2.06973846e+00, -1.06351002e+00,
        1.10270135e+00,  4.80159759e-16]), array([ 1.27226298e+00,  3.03241832e+00,  2.07416320e+00, -1.03677511e+00,
        1.11357287e+00, -1.60325013e-16]), array([ 1.23319892e+00,  3.03297730e+00,  2.07749568e+00, -1.01019994e+00,
        1.12434795e+00, -3.08190487e-16]), array([ 1.19483680e+00,  3.03118260e+00,  2.07975856e+00, -9.83780073e-01,
        1.13504961e+00, -1.20667574e-16]), array([0., 0., 0., 0., 0., 0.])], 'ball_pos_history': [array([ 2.95917209, -8.02178304,  1.53150382]), array([ 2.93933333, -7.98139216,  1.51973964]), array([ 2.91949457, -7.94100127,  1.50773021]), array([ 2.8996558 , -7.90061039,  1.49547552]), array([ 2.87981704, -7.86021951,  1.48297559]), array([ 2.85997827, -7.81982862,  1.47023041]), array([ 2.84013951, -7.77943774,  1.45723998]), array([ 2.82030074, -7.73904686,  1.4440043 ]), array([ 2.80046198, -7.69865597,  1.43052337]), array([ 2.78062322, -7.65826509,  1.41679719]), array([ 2.76078445, -7.61787421,  1.40282575]), array([ 2.74094569, -7.57748333,  1.38860907]), array([ 2.72110692, -7.53709244,  1.37414714]), array([ 2.70126816, -7.49670156,  1.35943996]), array([ 2.68142939, -7.45631068,  1.34448753]), array([ 2.66159063, -7.41591979,  1.32928985]), array([ 2.64175187, -7.37552891,  1.31384692]), array([ 2.6219131 , -7.33513803,  1.29815873]), array([ 2.60207434, -7.29474714,  1.2822253 ]), array([ 2.58223557, -7.25435626,  1.26604662]), array([ 2.56239681, -7.21396538,  1.24962269]), array([ 2.54255805, -7.17357449,  1.23295351]), array([ 2.52271928, -7.13318361,  1.21603908]), array([ 2.50288052, -7.09279273,  1.1988794 ]), array([ 2.48304175, -7.05240185,  1.18147447]), array([ 2.46320299, -7.01201096,  1.16382428]), array([ 2.44336422, -6.97162008,  1.14592885]), array([ 2.42352546, -6.9312292 ,  1.12778817]), array([ 2.4036867 , -6.89083831,  1.10940224]), array([ 2.38384793, -6.85044743,  1.09077106]), array([ 2.36400917, -6.81005655,  1.07189463]), array([ 2.3441704 , -6.76966566,  1.05277295]), array([ 2.32433164, -6.72927478,  1.03340601]), array([ 2.30449287, -6.6888839 ,  1.01379383]), array([ 2.28465411, -6.64849301,  0.9939364 ]), array([ 2.26481535, -6.60810213,  0.97383372]), array([ 2.24497658, -6.56771125,  0.95348579]), array([ 2.22513782, -6.52732037,  0.93289261]), array([ 2.20529905, -6.48692948,  0.91205418]), array([ 2.18546029, -6.4465386 ,  0.89097049]), array([ 2.16562153, -6.40614772,  0.86964156]), array([ 2.14578276, -6.36575683,  0.84806738]), array([ 2.125944  , -6.32536595,  0.82624795]), array([ 2.10610523, -6.28497507,  0.80418327]), array([ 2.08626647, -6.24458418,  0.78187334]), array([ 2.0664277 , -6.2041933 ,  0.75931816]), array([ 2.04658894, -6.16380242,  0.73651772]), array([ 2.02675018, -6.12341153,  0.71347204]), array([ 2.00691141, -6.08302065,  0.69018111]), array([ 1.98707265, -6.04262977,  0.66664493]), array([ 1.96723388, -6.00223889,  0.6428635 ]), array([ 1.94739512, -5.961848  ,  0.61883682]), array([ 1.92755635, -5.92145712,  0.59456489]), array([ 1.90771759, -5.88106624,  0.5700477 ]), array([ 1.88787883, -5.84067535,  0.54528527]), array([ 1.86804006, -5.80028447,  0.52027759]), array([ 1.8482013 , -5.75989359,  0.49502466]), array([ 1.82836253, -5.7195027 ,  0.46952648]), array([ 1.80852377, -5.67911182,  0.44378305]), array([ 1.78868501, -5.63872094,  0.41779437]), array([ 1.76884624, -5.59833005,  0.39156043]), array([ 1.74900748, -5.55793917,  0.36508125]), array([ 1.72916871, -5.51754829,  0.33835682]), array([ 1.70932995, -5.47715741,  0.31138714]), array([ 1.68949118, -5.43676652,  0.28417221]), array([ 1.66965242, -5.39637564,  0.25671203]), array([ 1.64981366, -5.35598476,  0.2290066 ]), array([ 1.62997489, -5.31559387,  0.20105591]), array([ 1.61013613, -5.27520299,  0.17285998]), array([ 1.59029736, -5.23481211,  0.1444188 ]), array([ 1.5704586 , -5.19442122,  0.11573237]), array([ 1.55061983, -5.15403034,  0.08680069]), array([ 1.53078107, -5.11363946,  0.05762376]), array([ 1.51094231, -5.07324858,  0.033     ]), array([ 1.49209548, -5.03487724,  0.05482139]), array([ 1.47324865, -4.9965059 ,  0.07639752]), array([ 1.45440183, -4.95813456,  0.09772841]), array([ 1.435555  , -4.91976322,  0.11881404]), array([ 1.41670818, -4.88139188,  0.13965443]), array([ 1.39786135, -4.84302054,  0.16024957]), array([ 1.37901452, -4.8046492 ,  0.18059945]), array([ 1.3601677 , -4.76627786,  0.20070409]), array([ 1.34132087, -4.72790652,  0.22056347]), array([ 1.32247405, -4.68953519,  0.24017761]), array([ 1.30362722, -4.65116385,  0.2595465 ]), array([ 1.28478039, -4.61279251,  0.27867013]), array([ 1.26593357, -4.57442117,  0.29754852]), array([ 1.24708674, -4.53604983,  0.31618165]), array([ 1.22823992, -4.49767849,  0.33456954]), array([ 1.20939309, -4.45930715,  0.35271218]), array([ 1.19054626, -4.42093581,  0.37060956]), array([ 1.17169944, -4.38256447,  0.3882617 ]), array([ 1.15285261, -4.34419314,  0.40566859]), array([ 1.13400579, -4.3058218 ,  0.42283022]), array([ 1.11515896, -4.26745046,  0.43974661]), array([ 1.09631213, -4.22907912,  0.45641774]), array([ 1.07746531, -4.19070778,  0.47284363]), array([ 1.05861848, -4.15233644,  0.48902427]), array([ 1.03977166, -4.1139651 ,  0.50495965]), array([ 1.02092483, -4.07559376,  0.52064979]), array([ 1.002078  , -4.03722242,  0.53609467]), array([ 0.98323118, -3.99885109,  0.55129431]), array([ 0.96438435, -3.96047975,  0.5662487 ]), array([ 0.94553753, -3.92210841,  0.58095783]), array([ 0.9266907 , -3.88373707,  0.59542172]), array([ 0.90784387, -3.84536573,  0.60964035]), array([ 0.88899705, -3.80699439,  0.62361374]), array([ 0.87015022, -3.76862305,  0.63734188]), array([ 0.8513034 , -3.73025171,  0.65082476]), array([ 0.83245657, -3.69188037,  0.6640624 ]), array([ 0.81360974, -3.65350904,  0.67705478]), array([ 0.79476292, -3.6151377 ,  0.68980192]), array([ 0.77591609, -3.57676636,  0.70230381]), array([ 0.75706927, -3.53839502,  0.71456044]), array([ 0.73822244, -3.50002368,  0.72657183]), array([ 0.71937561, -3.46165234,  0.73833796]), array([ 0.70052879, -3.423281  ,  0.74985885]), array([ 0.68168196, -3.38490966,  0.76113449]), array([ 0.66283514, -3.34653832,  0.77216487]), array([ 0.64398831, -3.30816699,  0.78295001]), array([ 0.62514148, -3.26979565,  0.79348989]), array([ 0.60629466, -3.23142431,  0.80378453]), array([ 0.58744783, -3.19305297,  0.81383392]), array([ 0.56860101, -3.15468163,  0.82363805]), array([ 0.54975418, -3.11631029,  0.83319694]), array([ 0.53090735, -3.07793895,  0.84251058]), array([ 0.51206053, -3.03956761,  0.85157896]), array([ 0.4932137 , -3.00119627,  0.8604021 ]), array([ 0.47436688, -2.96282494,  0.86897998]), array([ 0.45552005, -2.9244536 ,  0.87731262]), array([ 0.43667322, -2.88608226,  0.88540001]), array([ 0.4178264 , -2.84771092,  0.89324214]), array([ 0.39897957, -2.80933958,  0.90083903]), array([ 0.38013275, -2.77096824,  0.90819066]), array([ 0.36128592, -2.7325969 ,  0.91529705]), array([ 0.34243909, -2.69422556,  0.92215819]), array([ 0.32359227, -2.65585422,  0.92877407]), array([ 0.30474544, -2.61748288,  0.93514471]), array([ 0.28589862, -2.57911155,  0.94127009]), array([ 0.26705179, -2.54074021,  0.94715023]), array([ 0.24820496, -2.50236887,  0.95278512]), array([ 0.22935814, -2.46399753,  0.95817475]), array([ 0.21051131, -2.42562619,  0.96331914]), array([ 0.19166449, -2.38725485,  0.96821827]), array([ 0.17281766, -2.34888351,  0.97287216]), array([ 0.15397083, -2.31051217,  0.9772808 ]), array([ 0.13512401, -2.27214083,  0.98144418]), array([ 0.11627718, -2.2337695 ,  0.98536232]), array([ 0.09743036, -2.19539816,  0.9890352 ]), array([ 0.07858353, -2.15702682,  0.99246284]), array([ 0.0597367 , -2.11865548,  0.99564523]), array([ 0.04088988, -2.08028414,  0.99858236]), array([ 0.02204305, -2.0419128 ,  1.00127425]), array([ 0.00319623, -2.00354146,  1.00372089]), array([-0.0156506 , -1.96517012,  1.00592227]), array([-0.03449743, -1.92679878,  1.00787841]), array([-0.05334425, -1.88842745,  1.00958929]), array([-0.07219108, -1.85005611,  1.01105493]), array([-0.0910379 , -1.81168477,  1.01227532]), array([-0.10988473, -1.77331343,  1.01325045]), array([-0.12873156, -1.73494209,  1.01398034]), array([-0.14757838, -1.69657075,  1.01446497]), array([-0.16642521, -1.65819941,  1.01470436]), array([-0.18527203, -1.61982807,  1.0146985 ]), array([-0.20411886, -1.58145673,  1.01444738]), array([-0.22296569, -1.5430854 ,  1.01395102]), array([-0.24181251, -1.50471406,  1.0132094 ]), array([-0.26065934, -1.46634272,  1.01222254]), array([-0.27950616, -1.42797138,  1.01099043]), array([-0.29835299, -1.38960004,  1.00951306]), array([-0.31719982, -1.3512287 ,  1.00779045]), array([-0.33604664, -1.31285736,  1.00582258]), array([-0.35489347, -1.27448602,  1.00360947]), array([-0.37374029, -1.23611468,  1.00115111]), array([-0.39258712, -1.19774335,  0.99844749]), array([-0.41143395, -1.15937201,  0.99549863]), array([-0.43028077, -1.12100067,  0.99230451]), array([-0.4491276 , -1.08262933,  0.98886515]), array([-0.46797442, -1.04425799,  0.98518054]), array([-0.48682125, -1.00588665,  0.98125067]), array([-0.50566808, -0.96751531,  0.97707556]), array([-0.5245149 , -0.92914397,  0.97265519]), array([-0.54336173, -0.89077263,  0.96798958]), array([-0.56220855, -0.8524013 ,  0.96307872]), array([-0.58105538, -0.81402996,  0.9579226 ]), array([-0.59990221, -0.77565862,  0.95252124]), array([-0.61874903, -0.73728728,  0.94687463]), array([-0.63759586, -0.69891594,  0.94098276]), array([-0.65644268, -0.6605446 ,  0.93484565]), array([-0.67528951, -0.62217326,  0.92846328]), array([-0.69413634, -0.58380192,  0.92183567]), array([-0.71547509, -0.54640462,  0.91593282]), array([-0.7181729 , -0.5834064 ,  0.91756604]), array([-0.7208707 , -0.62040818,  0.91895401]), array([-0.72356851, -0.65740996,  0.92009674]), array([-0.72626632, -0.69441174,  0.92099421]), array([-0.72896412, -0.73141352,  0.92164643]), array([-0.73166193, -0.76841529,  0.9220534 ]), array([-0.73435973, -0.80541707,  0.92221512]), array([-0.73705754, -0.84241885,  0.92213159]), array([-0.73975535, -0.87942063,  0.92180281]), array([-0.74245315, -0.91642241,  0.92122878]), array([-0.74515096, -0.95342419,  0.9204095 ]), array([-0.74784877, -0.99042597,  0.91934497]), array([-0.75054657, -1.02742775,  0.91803519]), array([-0.75324438, -1.06442953,  0.91648017]), array([-0.75594219, -1.10143131,  0.91467989]), array([-0.75863999, -1.13843309,  0.91263436]), array([-0.7613378 , -1.17543486,  0.91034358]), array([-0.7640356 , -1.21243664,  0.90780755]), array([-0.76673341, -1.24943842,  0.90502627]), array([-0.76943122, -1.2864402 ,  0.90199974]), array([-0.77212902, -1.32344198,  0.89872796]), array([-0.77482683, -1.36044376,  0.89521093]), array([-0.77752464, -1.39744554,  0.89144865]), array([-0.78022244, -1.43444732,  0.88744112]), array([-0.78292025, -1.4714491 ,  0.88318835]), array([-0.78561806, -1.50845088,  0.87869032]), array([-0.78831586, -1.54545266,  0.87394704]), array([-0.79101367, -1.58245444,  0.86895851]), array([-0.79371147, -1.61945621,  0.86372473]), array([-0.79640928, -1.65645799,  0.8582457 ]), array([-0.79910709, -1.69345977,  0.85252142]), array([-0.80180489, -1.73046155,  0.84655189]), array([-0.8045027 , -1.76746333,  0.84033711]), array([-0.80720051, -1.80446511,  0.83387708]), array([-0.80989831, -1.84146689,  0.82717181]), array([-0.81259612, -1.87846867,  0.82022128]), array([-0.81529393, -1.91547045,  0.8130255 ]), array([-0.81799173, -1.95247223,  0.80558447]), array([-0.82068954, -1.98947401,  0.79789819]), array([-0.82338734, -2.02647579,  0.78996666]), array([-0.82608515, -2.06347756,  0.78178988]), array([-0.82878296, -2.10047934,  0.77336785]), array([-0.83148076, -2.13748112,  0.76470057]), array([-0.83417857, -2.1744829 ,  0.75578804]), array([-0.83687638, -2.21148468,  0.74663026]), array([-0.83957418, -2.24848646,  0.73722724]), array([-0.84227199, -2.28548824,  0.72757896]), array([-0.84496979, -2.32249002,  0.71768543]), array([-0.8476676 , -2.3594918 ,  0.70754665]), array([-0.85036541, -2.39649358,  0.69716262]), array([-0.85306321, -2.43349536,  0.68653334]), array([-0.85576102, -2.47049714,  0.67565881]), array([-0.85845883, -2.50749891,  0.66453903]), array([-0.86115663, -2.54450069,  0.653174  ]), array([-0.86385444, -2.58150247,  0.64156372]), array([-0.86655225, -2.61850425,  0.6297082 ]), array([-0.86925005, -2.65550603,  0.61760742]), array([-0.87194786, -2.69250781,  0.60526139]), array([-0.87464566, -2.72950959,  0.59267011]), array([-0.87734347, -2.76651137,  0.57983358])], 'distances_history': [8.312673718211833, 8.266968953823609, 8.221283286622766, 8.17561741551563, 8.129971683126335, 8.084346185414004, 8.038740855960025, 7.993155530210152, 7.947589994090731, 7.902044020580411, 7.856517397066164, 7.811009945680825, 7.7655215383199145, 7.720052107652538, 7.674601655146848, 7.62917025690109, 7.58375806789013, 7.538365325094667, 7.492992349868358, 7.44763954981108, 7.402307420349298, 7.356996351045997, 7.311707019509994, 7.26644019342134, 7.2211967325341435, 7.175977590726392, 7.130783818150328, 7.085616563519739, 7.040477076558476, 6.9953667106259205, 6.950286925528958, 6.905239290525594, 6.86022548752208, 6.815247314463102, 6.770306688912884, 6.7254056518238405, 6.680546371488569, 6.635731147670343, 6.590962415906908, 6.546242751982144, 6.50157487655999, 6.456961313401436, 6.412405106223371, 6.367909454866269, 6.323477721317143, 6.2791134356894664, 6.234820302201353, 6.190602205179168, 6.146463215104821, 6.102407594719112, 6.058439805189604, 6.014564512348725, 5.970786593005825, 5.927111141335433, 5.883543475342825, 5.840089143407036, 5.79675393090069, 5.753543866885213, 5.710465230879331, 5.667524559697938, 5.624728654357628, 5.5820861205485155, 5.539604194463181, 5.497290418369012, 5.455152642976021, 5.413199030959232, 5.371438061328923, 5.329878534428987, 5.28852957739967, 5.247400649977933, 5.206501550533417, 5.165842422254724, 5.1254337594118295, 5.084593549574732, 5.039412071850993, 4.994327404970603, 4.949337868034634, 4.904441779668194, 4.859637459510226, 4.814923229645626, 4.7702974159698295, 4.725758467410397, 4.681304731860256, 4.636934561054392, 4.592646312557694, 4.548438351428644, 4.504309051617584, 4.460256797146948, 4.416279983111345, 4.372377016527665, 4.32854631705925, 4.284786317633449, 4.241095464968194, 4.197472220020429, 4.153915058367073, 4.11042247052753, 4.066992962235478, 4.0236250546666765, 3.9803172846286823, 3.937068204717781, 3.8938763834478287, 3.850740405355302, 3.80765887108442, 3.7646303974558855, 3.7216536175224615, 3.678727180614351, 3.635849752377093, 3.593020014804463, 3.550236666268706, 3.507498421550223, 3.464804011868743, 3.422152184917859, 3.3795417049047587, 3.3369713525969074, 3.2944399253774224, 3.251946237310903, 3.2094891192214914, 3.1670674187850514, 3.124680000637438, 3.082325746500989, 3.0400035553315687, 2.997712343488702, 2.955451044931637, 2.913218611444482, 2.871014012893949, 2.8288362375236638, 2.7866842922895008, 2.744557203240986, 2.7024540159544297, 2.6603737960242277, 2.61831562961959, 2.5762786241149347, 2.534261908803272, 2.4922646357032, 2.450285980471529, 2.4083251434352917, 2.3663813507587568, 2.3244538557633354, 2.2825419404208462, 2.2406449170436167, 2.1987621301984173, 2.1566923622201126, 2.1124852782851855, 2.0684598917053068, 2.023501374313626, 1.9793217742359748, 1.9358865182994363, 1.8911536872894241, 1.8458182794802185, 1.8013402047500422, 1.7576192288130246, 1.7129866396448628, 1.6690750916792583, 1.6243877589439393, 1.5804759532657962, 1.5355494613989267, 1.4898897066319372, 1.44522315746093, 1.399247414781212, 1.3542420104169433, 1.3100875057657726, 1.265948440228502, 1.2224108354037526, 1.1780927883339347, 1.1344763366862751, 1.0900369718419307, 1.0463809322795516, 1.001718874076926, 0.9578609643171426, 0.9132340932069276, 0.8693943537988845, 0.8265546967340953, 0.7827302181901166, 0.739865996620083, 0.6960726322652376, 0.6532603848441151, 0.6108426730807809, 0.5685187850064422, 0.5270205105158982, 0.48467602660740006, 0.441482973290071, 0.3981359310875757, 0.3551636671861101, 0.3128303930449294, 0.27153611320133786, 0.23189566324750044, 0.1946709974071025, 0.16164725585736986, 0.13586225032208085, 0.12208477529366622, 0.12425942299053104, 0.1440571486587718, 0.15089109936058612, 0.16561275713783102, 0.18632218874497922, 0.2111933555938996, 0.23884534045282663, 0.2683344660689657, 0.29903752555477425, 0.33054434769038216, 0.3625826360423713, 0.3949695734492665, 0.4275812772123024, 0.4603334115912921, 0.4931686789929082, 0.526048583627873, 0.5589478932969976, 0.5918508399783043, 0.6247484649823676, 0.6576367332731617, 0.6905151748284288, 0.7233858936320037, 0.7562528372647052, 0.7891212538924889, 0.8219972857352607, 0.8548876630539047, 0.8877994729047833, 0.9207399839977295, 0.9537165139847706, 0.9867363290691176, 1.0198065683966628, 1.0529341875695504, 1.0861259170036117, 1.1193882318769208, 1.1527273311823771, 1.1861491239719268, 1.2196592213132462, 1.2532629328074343, 1.2869652667649103, 1.3207709333258308, 1.354684349955585, 1.3887096488562076, 1.4228506859192331, 1.4571110509107772, 1.4914940786303579, 1.5260028608246639, 1.560640258668999, 1.5954089156544562, 1.6303112707396994, 1.665349571643579, 1.700525888169713, 1.7358421254671308, 1.7713000371426704, 1.8069012381513092, 1.842647217400243, 1.8785393500114642, 1.914578909195929, 1.9507670777001889, 1.9871049587936314, 2.023593586771272, 2.0602339369533142], 'normal_align_history': [0.8543094453692006, 0.8542881945262147, 0.8542520164798783, 0.8542053261210167, 0.8541512907234144, 0.8540922421298635, 0.8540299404920005, 0.8539657474637412, 0.853900742740712, 0.8538358041733227, 0.8537716638009476, 0.8537089475378886, 0.8536482034879117, 0.8535899221866305, 0.8535345510226559, 0.8534825044132962, 0.8534341708617569, 0.8533899177153259, 0.8533500942278124, 0.8533150333741952, 0.8532850527520894, 0.8532604135000433, 0.8532414029840529, 0.8532282950527657, 0.8532213476255734, 0.8532208009733544, 0.8532268763540413, 0.8532397748340596, 0.8532596762158078, 0.8532867380375642, 0.8533210946354581, 0.8533628562683547, 0.8534121083114194, 0.8534689105259284, 0.853533296413144, 0.8536052726596569, 0.8536848186808873, 0.8537718862686565, 0.8538663993479337, 0.8539682538471021, 0.8540773176853088, 0.8541933433431392, 0.854316145021971, 0.8544455142055063, 0.8545812169708091, 0.8547229930634772, 0.8548705559569424, 0.8550235934731936, 0.8551817687369501, 0.8553447213408458, 0.8555120686559006, 0.8556834072515735, 0.8558583144052542, 0.8560363496887444, 0.8562170566228042, 0.85639996439218, 0.8565845896137679, 0.8567704381502519, 0.8569570069611103, 0.8571437859823221, 0.857330260025655, 0.8575160859517179, 0.8577007435786119, 0.8578836902547123, 0.8580643779993371, 0.8582422627091235, 0.8584168092006692, 0.8585874941110994, 0.8587538077270144, 0.8589152552975826, 0.8590713581111362, 0.8592216544679226, 0.859365700605217, 0.8595030715923694, 0.8596333621948584, 0.8597561876984985, 0.8598711846824179, 0.8599780117295502, 0.8600763500647294, 0.8601659041122415, 0.86024640196659, 0.8603177937789946, 0.8603798444956167, 0.8604323414488348, 0.8604750962062409, 0.8605079454304373, 0.860530751163113, 0.8605434007634889, 0.8605458066298073, 0.8605379057764148, 0.8605196593079592, 0.860491051815094, 0.8604520907066767, 0.8604028054883196, 0.8603432469943947, 0.8602734865791465, 0.8601936152718304, 0.8601037429004331, 0.8600039971883635, 0.8598945228284282, 0.8597754805383514, 0.859647046102059, 0.8595094094008648, 0.8593627734386332, 0.8592073533648523, 0.8590433754994395, 0.8588710763629138, 0.8586907017154088, 0.8585025056077938, 0.8583067494479555, 0.8581037010850753, 0.8578936339145108, 0.8576768260056445, 0.857453559254843, 0.8572241185654161, 0.8569887910562488, 0.8567478653005378, 0.8565016305958435, 0.8562503762664545, 0.8559943909988484, 0.8557339622108389, 0.8554693754547996, 0.8552009138551835, 0.8549288575803929, 0.8546534833488783, 0.8543750639692222, 0.8540938679138129, 0.8538101589255985, 0.8535241956572985, 0.85323623134235, 0.8529465134967749, 0.8526552836510831, 0.8523627771112542, 0.852069222747779, 0.8517748428117042, 0.8514798527765834, 0.851184461205191, 0.8508888696398662, 0.8505932725153055, 0.8502978570926409, 0.850002803413628, 0.8559721016705165, 0.8570283665966661, 0.8643175170686381, 0.86550814751195, 0.862223852377006, 0.8646662277068996, 0.8717831632788584, 0.8728142301897678, 0.8694566664959618, 0.8717218185941396, 0.8685836781650642, 0.8712661875741392, 0.8779459185768241, 0.8802267785383089, 0.8866683554375956, 0.8876459732218723, 0.8935202821083538, 0.9032069567786051, 0.9084386351156696, 0.9177309686673376, 0.9270735102294031, 0.9324112751151654, 0.9334935278385436, 0.938300605461202, 0.9391545685794217, 0.9434744362377366, 0.9504107909110926, 0.9538894759466257, 0.9541246986142226, 0.9572541413195612, 0.9574728647577796, 0.9602106558326036, 0.9601866517649894, 0.9625864704011879, 0.9668779346756461, 0.9712205291074392, 0.9747217358106433, 0.9760485109947513, 0.9758045037575378, 0.9771780065274354, 0.9797087878043275, 0.9806012585619942, 0.9812105814062105, 0.9812199757626857, 0.9807317485677889, 0.9799065255725956, 0.9786545228934443, 0.9770769950658946, 0.9752163845521502, 0.9729382752454228, 0.970332535554256, 0.9674988445304422, 0.9645189002499378, 0.9614630615936667, 0.9583911111132755, 0.955352994278287, 0.9523896047154059, 0.9495336223115569, 0.9468103838195637, 0.9442387574885711, 0.9418319946452739, 0.9395985366196858, 0.9375427619756735, 0.9356656651809766, 0.9339654629908347, 0.93243812874723, 0.9310778575743974, 0.92987746724898, 0.9288287405402521, 0.927922715245576, 0.9271499281573624, 0.9265006189281957, 0.9259648993578975, 0.9255328930904549, 0.9251948501374994, 0.9249412400779866, 0.9247628272463665, 0.9246507307290815, 0.9245964715493569, 0.924592009035304, 0.9246297680353862, 0.9247026583648701, 0.924804087632545, 0.9249279684034676, 0.9250687204955155, 0.9252212690798284, 0.9253810391529902, 0.9255439468675712, 0.925706388143497, 0.9258652249321849, 0.926017769465554, 0.9261617667903773, 0.9262953758629262, 0.9264171494578246, 0.9265260131270662, 0.9266212434292891, 0.9267024456347687, 0.9267695310976718, 0.9268226944734662, 0.9268623909457397, 0.9268893136129533, 0.9269043711717233, 0.9269086660191691, 0.9269034728827018, 0.9268902180714951, 0.9268704594298833, 0.9268458670591807, 0.926818204861092, 0.9267893129430396, 0.9267610909135476], 'ball_near_history': [False, False, False, False, False, False, False, False, False, False, False, False, False, False, False, False, False, False, False, False, False, False, False, False, False, False, False, False, False, False, False, False, False, False, False, False, False, False, False, False, False, False, False, False, False, False, False, False, False, False, False, False, False, False, False, False, False, False, False, False, False, False, False, False, False, False, False, False, False, False, False, False, False, False, False, False, False, False, False, False, False, False, False, False, False, False, False, False, False, False, False, False, False, False, False, False, False, False, False, False, False, False, False, False, False, False, False, False, False, False, False, False, False, False, False, False, False, False, False, False, False, False, False, False, False, False, False, False, False, False, False, False, False, False, False, False, False, False, False, False, False, False, False, False, False, False, False, False, False, False, False, False, False, False, False, False, False, False, False, False, False, False, False, False, False, False, False, False, False, False, False, False, False, False, False, False, False, False, False, False, False, False, False, False, False, False, False, True, True, True, True, True, True, True, False, False, False, False, False, False, False, False, False, False, False, False, False, False, False, False, False, False, False, False, False, False, False, False, False, False, False, False, False, False, False, False, False, False, False, False, False, False, False, False, False, False, False, False, False, False, False, False, False, False, False, False, False, False, False, False, False], 'tube_ready_history': [False, False, False, False, False, False, False, False, False, False, False, False, False, False, False, False, False, False, False, False, False, False, False, False, False, False, False, False, False, False, False, False, False, False, False, False, False, False, False, False, False, False, False, False, False, False, False, False, False, False, False, False, False, False, False, False, False, False, False, False, False, False, False, False, False, False, False, False, False, False, False, False, False, False, False, False, False, False, False, False, False, False, False, False, False, False, False, False, False, False, False, False, False, False, False, False, False, False, False, False, False, False, False, False, False, False, False, False, False, False, False, False, False, False, False, False, False, False, False, False, False, False, False, False, False, False, False, False, False, False, False, False, False, False, False, False, False, False, False, False, False, False, False, False, False, False, False, False, False, False, False, False, False, False, False, False, False, False, False, False, False, False, False, False, False, False, False, False, False, False, False, False, False, False, False, False, False, False, False, False, True, True, True, True, True, True, True, True, True, True, True, True, True, True, True, True, True, True, True, True, True, False, False, False, False, False, False, False, False, False, False, False, False, False, False, False, False, False, False, False, False, False, False, False, False, False, False, False, False, False, False, False, False, False, False, False, False, False, False, False, False, False, False, False, False, False, False, False, False, False, False], 'pos_error_history': [0.00942850287982204, 0.009401107711071093, 0.009411825573401481, 0.009507107861189867, 0.009736694288077758, 0.010146877418529715, 0.010773371010926798, 0.011636645876723745, 0.012741693058633272, 0.014081570491612282, 0.01564233341300492, 0.017407255771197234, 0.019359538976342613, 0.021483663542508764, 0.02376585554873056, 0.02619408570229698, 0.028757868928852185, 0.03144800754603207, 0.03425634358651059, 0.037175544692397276, 0.03989887250859913, 0.043002626694936874, 0.04620093890458607, 0.04948802919656816, 0.05285842216541141, 0.056306883755667024, 0.05982837171554799, 0.06341799673718211, 0.06707099197271511, 0.07078268913616292, 0.0745484998107308, 0.07836390089850181, 0.08222442339256454, 0.08612564383719777, 0.0900631779829931, 0.09403267625132185, 0.09802982070444874, 0.10205032328007184, 0.10608992509674903, 0.11014439667321624, 0.11426165191406226, 0.11833154124587492, 0.12240392846646735, 0.126474709592151, 0.1305398221192952, 0.1345952484209577, 0.13863701950408003, 0.14266121906917348, 0.1466639878196731, 0.15064152797232214, 0.1545901079233517, 0.15850606702806827, 0.16238582045382152, 0.16622586406845039, 0.1700227793281689, 0.17377323813062212, 0.17747400760051404, 0.1811219547768874, 0.184714051172769, 0.18824737717959492, 0.19273396063190182, 0.1961382283805286, 0.19947415425049805, 0.20273940549810993, 0.20593176041783884, 0.20904911525881087, 0.2120894899592333, 0.21505103288221136, 0.21793202469464037, 0.2207308814988963, 0.2234461573027265, 0.22607654589421775, 0.22862088217475282, 0.23107814299238205, 0.23344744751021643, 0.23572805713873288, 0.2379193750567124, 0.24002094534257182, 0.24203245173581353, 0.24395371604694763, 0.2452026771996835, 0.2469455262791019, 0.24859927443332563, 0.250164197803516, 0.2516407081001689, 0.25302934711034597, 0.25433078144429866, 0.2555457974360835, 0.25667529613522355, 0.25772028834407557, 0.25868188966921535, 0.2595613155658404, 0.26035987636245117, 0.261078972259482, 0.26172008830047927, 0.26228478931819016, 0.26277471486076603, 0.2631915741054059, 0.26353714076830903, 0.2638132480208696, 0.2640217834227721, 0.26416468388305947, 0.26424393066042523, 0.2642615444139729, 0.2642195803155287, 0.26412012323431455, 0.26396528300438976, 0.26375718978482693, 0.26349798952205206, 0.26318983952320796, 0.26283490414878324, 0.26243535063210993, 0.2619933450326709, 0.2615110483294744, 0.26099061266007795, 0.26043417771014293, 0.25984386725773584, 0.2592217858758929, 0.2585700157963188, 0.25789061393642326, 0.2571856090912664, 0.2564569992913838, 0.25570674932684107, 0.25493678843732775, 0.2541490081675469, 0.25334526038663757, 0.2525273554698944, 0.2516970606405845, 0.2508560984692469, 0.2500061455274591, 0.2491488311926999, 0.24828573660061085, 0.24741839374065336, 0.2465482846909052, 0.24567684098749087, 0.24480544312395136, 0.2439354201756664, 0.2430680495443177, 0.24220455681723516, 0.24134611573640863, 0.23821694992804657, 0.2343307437292587, 0.23037695676071854, 0.2251214240992155, 0.22050968035006863, 0.2158655834033834, 0.21236078925939741, 0.20689132410101466, 0.20206647683133386, 0.1972328200972712, 0.1926954990927526, 0.18901991494461515, 0.18333825506234233, 0.17910882606451964, 0.17481002082179362, 0.17000139680033136, 0.16396474386272908, 0.159347449565401, 0.15508414359232067, 0.15003005792701057, 0.14561489862691376, 0.1430577343786077, 0.13921996790027863, 0.13663442529313538, 0.13286201995849528, 0.1304011080418848, 0.12675340282731523, 0.1244001370410151, 0.12086161188180487, 0.11870030229729464, 0.1158627070948462, 0.11380373971745945, 0.11097634176617292, 0.10905080376342614, 0.10819080664159353, 0.1079842246928579, 0.10817651282108898, 0.10970642611662211, 0.1100582418394625, 0.10900988079824209, 0.11028236306761868, 0.11114347561375533, 0.11202576988862724, 0.11332412792476565, 0.1149331996875363, 0.1164243646417223, 0.11820415126060803, 0.12014683653079918, 0.12226357351879082, 0.12425942299053104, 0.1263530986493794, 0.12829442303263341, 0.1301044458447187, 0.13180118464422294, 0.1334005266102495, 0.13491716864967684, 0.136365363687567, 0.13775940966196593, 0.13911389605910568, 0.1404437536058361, 0.1417641596646991, 0.14309034789976605, 0.14443736274622776, 0.14581979052018393, 0.14725149113358768, 0.14874534781047755, 0.15031304692429484, 0.1519648958866965, 0.15370968367125812, 0.15555458584161527, 0.15750511372629244, 0.15956510555704936, 0.1617367559273296, 0.16402067882356455, 0.16641599873495283, 0.16892046395104593, 0.17153057609029088, 0.1742417301279465, 0.17704835965443813, 0.179944082731295, 0.18292184445447499, 0.18597405312104168, 0.1890927076707504, 0.1922695147969581, 0.19549599476252918, 0.19876357549953003, 0.20206367501083466, 0.20538777242984177, 0.20872746833978548, 0.21207453511849308, 0.21542095817139983, 0.2187589689587279, 0.22208107072470987, 0.2253800578087703, 0.22864902937019843, 0.23188139829667, 0.23507089599905245, 0.23821157372469678, 0.24129780095212322, 0.2443242613638147, 0.2472859468321397, 0.25017814979694725, 0.25299645436246265, 0.25573672639572276, 0.25839510286871215, 0.2609679806512409, 0.2634520049310203, 0.2658440574108887, 0.26814124441026105, 0.27034088497820297, 0.2725011839383211], 'max_qdot_ratio': 0.9973893515291433, 'max_tcp_speed': 1.2426081965533644, 'max_racket_face_speed': 1.566470269689431, 'total_mpc_steps': 251, 'ball_was_hit': True, 'hit_step': 190, 'p_ee_at_hit': array([-0.5728421 , -0.55699422,  0.89872377]), 'ball_pos_at_hit': array([-0.71547509, -0.54640462,  0.91593282]), 'v_ee_at_hit': 0.4725161877512477, 'active_contact': True, 'passive_contact': False}
2026-09-11 14:18:53,005 [INFO] __main__: 击打后继续仿真 20 步...
