__STEP_TIMING__: n=235 p50=0.26 p95=0.56 p99=4.77 max=31.00 n_over_period=2 period_ms=5.00 deciles=0.25,0.25,0.25,0.25,0.26,0.26,0.26,0.27,0.32,31.00

========================================
  RM-65 击打成功！（主动击球，pos_error=0.1240m）
  [V12 EpisodeRunner 管线架构]
  ablation: full
  击打目标位置: [-0.821 -0.34   0.856]
  末端实际位置: [-0.695 -0.458  0.879]
  规划跟踪误差: 0.1749 m
  速度误差: 1.9553 m/s
  MPC 总步数: 256
  --- Tube 专用指标 ---
  最小球拍-球距离: 0.1099 m
  ball_near 步数: 8 = 40.0 ms
  tube_ready 步数: 21 = 105.0 ms
  击打时间误差: 20.0 ms
  击打位置误差: 0.1240 m
  --- 计算性能 ---
  总墙钟时间: 1.11s (MPC=1.11s)
  --- 执行层约束 ---
  max_qdot=0.99x, max_tcp=1.8m/s, max_face=1.7m/s
  击球类型: 主动击球
========================================

__RESULT__: pos_error=0.124027 vel_error=1.955262 min_dist=0.109907 ball_near_ms=40.0 tube_ready_ms=105.0 max_tcp=1.80 max_qdot=0.99 max_face=1.7 hit_type=active hit_time_error_ms=20.0 hit_pos_error=0.124027 v_racket_at_hit=1.699
2026-09-13 00:11:40,143 [INFO] __main__: [ablation] mode=full
2026-09-13 00:11:40,149 [INFO] __main__: serve-box auto params: horizon=120, iter=10, first_plan_iters=30, total_horizon=250, replan_interval=20, near_plan_iters=5
2026-09-13 00:11:40,168 [INFO] __main__: 关节限位: 仿真默认(default.yaml), TCP=1.8 m/s, terminal_exempt=20
2026-09-13 00:11:40,168 [INFO] __main__: 球拍初始位置: [-0.24136342  0.63027058  1.45576659]
2026-09-13 00:11:40,169 [DEBUG] src.tennis.ball: serve_box bounce (attempt=2): p0_z=1.25, vz0=-3.0, spd=9.0, t1=0.278, t2=0.591, z_err=0.05
2026-09-13 00:11:40,175 [INFO] __main__: 击打步数: 175, 击打位置: [-0.8207526  -0.33956806  0.85557624]
2026-09-13 00:11:40,175 [INFO] __main__: 随挥方向: [ 0.034 -0.984  0.174], 随挥步数: 60
2026-09-13 00:11:40,187 [INFO] __main__: 候选窗口已构建: best_k=175, candidates=13
2026-09-13 00:11:40,188 [INFO] src.cpp.solver_cpp: iLQR C++ 加速模块已加载
2026-09-13 00:11:40,188 [INFO] __main__: 开始 V12 EpisodeRunner，总步数=310 (MPC=250, 随挥=60)，击打步数=175
2026-09-13 00:11:40,189 [INFO] src.ilqt.async_replanner: AsyncReplanner: 后台规划线程已启动
2026-09-13 00:11:40,207 [INFO] src.ilqt.async_replanner: AsyncReplanner: 规划环境已创建（独立 MjData）
2026-09-13 00:11:40,211 [INFO] src.ilqt.async_replanner: AsyncReplanner: 规划环境已创建（独立 MjData）
2026-09-13 00:11:40,233 [DEBUG] src.ilqt.tube_cost: [Softmin诊断] 候选权重TOP3: k=175:w=0.082, k=176:w=0.082, k=174:w=0.082
2026-09-13 00:11:41,130 [INFO] src.ilqt.mpc_controller: REPLAN step=0 k_hit=175 iters=30 horizon=120 t=923ms
2026-09-13 00:11:41,131 [INFO] src.ilqt.mpc_controller: MPCController.start 完成: k_hit=175, p_hit=[-0.821 -0.34   0.856], buffer=120
2026-09-13 00:11:41,135 [DEBUG] src.ilqt.replan_core: FAR_JT step=0 k_hit=175 (JT gain=60, skip iLQR)
2026-09-13 00:11:41,135 [DEBUG] src.ilqt.mpc_controller: REPLAN step=0 k_hit=175 iters=0 horizon=0 t=4ms
2026-09-13 00:11:41,135 [DEBUG] src.ilqt.mpc_controller: MPCController.step 0: replan k_hit=175 refine=feasible buffer=20
2026-09-13 00:11:41,144 [DEBUG] src.ilqt.replan_core: FAR_JT step=20 k_hit=155 (JT gain=60, skip iLQR)
2026-09-13 00:11:41,144 [DEBUG] src.ilqt.mpc_controller: REPLAN step=20 k_hit=155 iters=0 horizon=0 t=4ms
2026-09-13 00:11:41,145 [DEBUG] src.ilqt.mpc_controller: MPCController.step 20: replan k_hit=155 refine=feasible buffer=20
2026-09-13 00:11:41,154 [DEBUG] src.ilqt.replan_core: FAR_JT step=40 k_hit=135 (JT gain=60, skip iLQR)
2026-09-13 00:11:41,154 [DEBUG] src.ilqt.mpc_controller: REPLAN step=40 k_hit=135 iters=0 horizon=0 t=4ms
2026-09-13 00:11:41,154 [DEBUG] src.ilqt.mpc_controller: MPCController.step 40: replan k_hit=135 refine=feasible buffer=20
2026-09-13 00:11:41,163 [DEBUG] src.ilqt.replan_core: FAR_JT step=60 k_hit=115 (JT gain=60, skip iLQR)
2026-09-13 00:11:41,163 [DEBUG] src.ilqt.mpc_controller: REPLAN step=60 k_hit=115 iters=0 horizon=0 t=4ms
2026-09-13 00:11:41,164 [DEBUG] src.ilqt.mpc_controller: MPCController.step 60: replan k_hit=115 refine=feasible buffer=20
2026-09-13 00:11:41,172 [DEBUG] src.ilqt.replan_core: FAR_JT step=80 k_hit=95 (JT gain=60, skip iLQR)
2026-09-13 00:11:41,172 [DEBUG] src.ilqt.mpc_controller: REPLAN step=80 k_hit=95 iters=0 horizon=0 t=3ms
2026-09-13 00:11:41,173 [DEBUG] src.ilqt.mpc_controller: MPCController.step 80: replan k_hit=95 refine=feasible buffer=20
2026-09-13 00:11:41,182 [DEBUG] src.ilqt.replan_core: FAR_JT step=100 k_hit=75 (JT gain=60, skip iLQR)
2026-09-13 00:11:41,182 [DEBUG] src.ilqt.mpc_controller: REPLAN step=100 k_hit=75 iters=0 horizon=0 t=3ms
2026-09-13 00:11:41,182 [DEBUG] src.ilqt.mpc_controller: MPCController.step 100: replan k_hit=75 refine=feasible buffer=20
2026-09-13 00:11:41,191 [DEBUG] src.ilqt.replan_core: FAR_JT step=120 k_hit=55 (JT gain=60, skip iLQR)
2026-09-13 00:11:41,191 [DEBUG] src.ilqt.mpc_controller: REPLAN step=120 k_hit=55 iters=0 horizon=0 t=3ms
2026-09-13 00:11:41,191 [INFO] src.ilqt.strategies.hit_point_refiner: [HIT_LOCK] k_hit=55 ≤ 60, 锁定击球点不再替换
2026-09-13 00:11:41,191 [DEBUG] src.ilqt.mpc_controller: MPCController.step 120: replan k_hit=55 refine=locked buffer=20
2026-09-13 00:11:41,207 [DEBUG] src.ilqt.tube_cost: [Softmin诊断] 候选权重TOP3: k=35:w=0.082, k=36:w=0.082, k=34:w=0.082
2026-09-13 00:11:41,226 [DEBUG] src.ilqt.mpc_controller: REPLAN step=140 k_hit=35 iters=5 horizon=35 t=30ms
2026-09-13 00:11:41,227 [DEBUG] src.ilqt.mpc_controller: MPCController.step 140: replan k_hit=35 refine=locked buffer=20
2026-09-13 00:11:41,230 [INFO] src.ilqt.components.predictive_safety: [SAFETY_FILTER] beta=0.8: qdot entering overspeed, joint=5, |qdot|=3.99 > 3.93
2026-09-13 00:11:41,241 [DEBUG] src.ilqt.tube_cost: [Softmin诊断] 候选权重TOP3: k=15:w=0.082, k=16:w=0.082, k=14:w=0.082
2026-09-13 00:11:41,251 [DEBUG] src.ilqt.mpc_controller: REPLAN step=160 k_hit=15 iters=5 horizon=15 t=19ms
2026-09-13 00:11:41,251 [DEBUG] src.ilqt.mpc_controller: MPCController.step 160: replan k_hit=15 refine=locked buffer=15
2026-09-13 00:11:41,251 [INFO] src.ilqt.components.predictive_safety: [SAFETY_FILTER] beta=0.4: tcp speed 2.06 > 1.80 m/s
2026-09-13 00:11:41,252 [INFO] src.ilqt.components.predictive_safety: [SAFETY_FILTER] beta=0.4: qdot entering overspeed, joint=5, |qdot|=4.21 > 3.93
2026-09-13 00:11:41,252 [INFO] src.ilqt.components.predictive_safety: [SAFETY_FILTER] beta=0.4: qdot entering overspeed, joint=5, |qdot|=4.81 > 3.93
2026-09-13 00:11:41,253 [INFO] src.ilqt.components.predictive_safety: [SAFETY_FILTER] beta=0.4: tcp speed 2.01 > 1.80 m/s
2026-09-13 00:11:41,253 [INFO] src.ilqt.components.predictive_safety: [SAFETY_FILTER] beta=0.6: qdot entering overspeed, joint=5, |qdot|=4.54 > 3.93
2026-09-13 00:11:41,254 [INFO] src.ilqt.components.predictive_safety: [SAFETY_FILTER] beta=0.6: tcp speed 1.91 > 1.80 m/s
2026-09-13 00:11:41,254 [INFO] src.ilqt.components.predictive_safety: [SAFETY_FILTER] beta=0.6: qdot entering overspeed, joint=5, |qdot|=4.24 > 3.93
2026-09-13 00:11:41,255 [INFO] src.ilqt.components.predictive_safety: [SAFETY_FILTER] beta=0.4: tcp speed 1.86 > 1.80 m/s
2026-09-13 00:11:41,256 [INFO] src.ilqt.components.predictive_safety: [SAFETY_FILTER] beta=0.2: qdot entering overspeed, joint=2, |qdot|=5.02 > 3.93
2026-09-13 00:11:41,256 [INFO] src.ilqt.components.predictive_safety: [SAFETY_FILTER] beta=0.2: qdot entering overspeed, joint=2, |qdot|=4.78 > 3.93
2026-09-13 00:11:41,257 [INFO] src.ilqt.components.predictive_safety: [SAFETY_FILTER] beta=0.6: qdot entering overspeed, joint=2, |qdot|=4.03 > 3.93
2026-09-13 00:11:41,257 [INFO] src.ilqt.components.predictive_safety: [SAFETY_FILTER] beta=0.0: qdot entering overspeed, joint=2, |qdot|=5.18 > 3.93
2026-09-13 00:11:41,258 [INFO] src.ilqt.components.predictive_safety: [SAFETY_FILTER] beta=0.4: tcp speed 2.08 > 1.80 m/s
2026-09-13 00:11:41,258 [INFO] src.ilqt.strategies.follow_through: 随挥触发: step=174, steps=60
2026-09-13 00:11:41,275 [INFO] src.ilqt.async_replanner: AsyncReplanner: 后台规划线程已停止
2026-09-13 00:11:41,276 [INFO] src.ilqt.episode_runner: EpisodeRunner 完成: total_steps=236 safe_steps=236 mpc_done=True
2026-09-13 00:11:41,276 [DEBUG] src.ilqt.episode_runner: EpisodeRunner metrics 详情: {'total_steps': 236, 'safe_steps': 236, 'mpc_done': True, 'X_history': [array([-1.5  ,  1.57 , -0.236,  0.404,  0.446,  2.45 ,  0.   ,  0.   ,
        0.   ,  0.   ,  0.   ,  0.   ]), array([ 7.91192230e-02,  1.55392719e+00, -5.14211763e-01, -1.41430952e-01,
        8.29624321e-01,  2.44998295e+00, -3.12795034e-03, -3.51775840e-02,
        4.33492590e-03,  1.98079622e-03, -5.12779147e-02, -3.40996123e-03]), array([ 0.07908733,  1.55357953, -0.51418659, -0.14141235,  0.82916401,
        2.44995576, -0.00637865, -0.0695315 ,  0.00503514,  0.00372027,
       -0.09206272, -0.00543843]), array([ 0.07903884,  1.55306467, -0.51417204, -0.14138616,  0.8285396 ,
        2.44992235, -0.00969868, -0.10297104,  0.00290903,  0.00523748,
       -0.12488208, -0.00668071]), array([ 7.89735980e-02,  1.55238746e+00, -5.14179091e-01, -1.41353414e-01,
        8.27781348e-01,  2.44988500e+00, -1.30476561e-02, -1.35442780e-01,
       -1.40988047e-03,  6.54980805e-03, -1.51649675e-01, -7.47088191e-03]), array([ 0.07889162,  1.55155286, -0.51421621, -0.14131504,  0.82691228,
        2.44984501, -0.01639488, -0.16691999, -0.00742302,  0.00767497,
       -0.17381363, -0.00799767]), array([ 0.07879304,  1.55056589, -0.51428989, -0.14127188,  0.82594994,
        2.44980317, -0.01971702, -0.19739476, -0.01473625,  0.00863123,
       -0.19246894, -0.00836857]), array([ 0.07867806,  1.54943153, -0.51440507, -0.1412247 ,  0.82490772,
        2.44975994, -0.02299635, -0.22687226, -0.0230365 ,  0.00943698,
       -0.20844247, -0.00864544]), array([ 0.07854696,  1.54815469, -0.51456544, -0.14117415,  0.82379594,
        2.44971562, -0.02621947, -0.2553665 , -0.03207378,  0.01011016,
       -0.2223573 , -0.00886429]), array([ 0.07840008,  1.54674021, -0.51477368, -0.14112081,  0.82262253,
        2.44967039, -0.0293763 , -0.2828972 , -0.04164728,  0.01066789,
       -0.23468162, -0.00904638]), array([ 0.07823778,  1.54519277, -0.51503165, -0.14106518,  0.8213937 ,
        2.44962437, -0.03245934, -0.30948752, -0.05159477,  0.01112608,
       -0.24576581, -0.00920449]), array([ 0.07806047,  1.54351696, -0.51534057, -0.14100768,  0.82011435,
        2.44957763, -0.03546312, -0.33516245, -0.06178428,  0.01149927,
       -0.25587077, -0.00934643]), array([ 0.07786855,  1.54171722, -0.51570111, -0.14094868,  0.8187884 ,
        2.44953025, -0.03838373, -0.35994765, -0.07210777,  0.01180056,
       -0.2651895 , -0.00947708]), array([ 0.07766245,  1.53979788, -0.51611349, -0.14088847,  0.81741908,
        2.44948225, -0.04121847, -0.3838686 , -0.08247615,  0.01204156,
       -0.27386348, -0.00959953]), array([ 0.07744263,  1.53776313, -0.51657757, -0.14082731,  0.8160091 ,
        2.44943367, -0.04396557, -0.40695005, -0.09281542,  0.01223247,
       -0.2819952 , -0.0097158 ]), array([ 0.07720951,  1.53561705, -0.51709289, -0.1407654 ,  0.81456082,
        2.44938454, -0.046624  , -0.42921566, -0.10306361,  0.01238211,
       -0.28965762, -0.00982725]), array([ 0.07696354,  1.53336361, -0.51765873, -0.14070291,  0.81307631,
        2.44933486, -0.04919324, -0.45068773, -0.11316849,  0.01249809,
       -0.29690142, -0.00993481]), array([ 0.07670517,  1.53100667, -0.51827416, -0.14063997,  0.81155751,
        2.44928467, -0.05167317, -0.4713871 , -0.12308562,  0.01258686,
       -0.30376039, -0.01003911]), array([ 0.07643485,  1.52855001, -0.51893804, -0.1405767 ,  0.81000623,
        2.44923396, -0.05406399, -0.49133305, -0.13277693,  0.01265389,
       -0.31025565, -0.01014067]), array([ 0.07615302,  1.52599729, -0.51964909, -0.14051318,  0.80842424,
        2.44918276, -0.05636608, -0.51054331, -0.14220949,  0.01270374,
       -0.31639874, -0.01023984]), array([ 0.07586012,  1.52335212, -0.52040586, -0.14044948,  0.80681327,
        2.44913108, -0.05857999, -0.52903407, -0.15135467,  0.0127402 ,
       -0.32219406, -0.01033694]), array([ 0.07555671,  1.52061798, -0.52120698, -0.14038602,  0.80517437,
        2.449079  , -0.06068353, -0.54682871, -0.16022285,  0.01269293,
       -0.32777913, -0.01041633]), array([ 0.07524322,  1.5177983 , -0.52205078, -0.14032279,  0.80350939,
        2.44902649, -0.0626978 , -0.56393631, -0.1687616 ,  0.01264555,
       -0.33299545, -0.01050163]), array([ 0.0749201 ,  1.51489645, -0.52293553, -0.1402598 ,  0.80182019,
        2.44897354, -0.06462363, -0.58036836, -0.17695015,  0.01259809,
       -0.33783964, -0.01058944]), array([ 0.07458779,  1.51191578, -0.52385938, -0.14019705,  0.80010867,
        2.44892015, -0.06646181, -0.59613518, -0.18477006,  0.01255066,
       -0.34230519, -0.01067801]), array([ 0.07424673,  1.50885955, -0.52482041, -0.14013453,  0.79837675,
        2.44886632, -0.06821311, -0.6112459 , -0.19220479,  0.01250337,
       -0.34638333, -0.01076651]), array([ 0.07389733,  1.50573101, -0.52581661, -0.14007225,  0.79662643,
        2.44881205, -0.06987821, -0.62570863, -0.19923942,  0.01245629,
       -0.35006371, -0.01085463]), array([ 0.07354005,  1.50253335, -0.52684591, -0.1400102 ,  0.79485976,
        2.44875733, -0.07145778, -0.63953045, -0.20586041,  0.01240944,
       -0.35333501, -0.01094226]), array([ 0.07317528,  1.49926977, -0.52790619, -0.13994839,  0.79307883,
        2.44870219, -0.07295242, -0.65271752, -0.21205546,  0.01236279,
       -0.35618531, -0.01102947]), array([ 0.07280347,  1.49594339, -0.52899525, -0.13988681,  0.79128582,
        2.44864661, -0.07436267, -0.66527513, -0.21781331,  0.01231623,
       -0.35860246, -0.01111638]), array([ 0.07242502,  1.49255735, -0.53011087, -0.13982546,  0.78948295,
        2.44859059, -0.07568903, -0.6772078 , -0.22312367,  0.01226961,
       -0.36057436, -0.01120314]), array([ 0.07204036,  1.48911475, -0.53125076, -0.13976435,  0.7876725 ,
        2.44853414, -0.07693194, -0.68851934, -0.22797712,  0.0122227 ,
       -0.36208914, -0.01128991]), array([ 0.07164991,  1.48561869, -0.53241258, -0.13970347,  0.78585682,
        2.44847726, -0.07809179, -0.69921292, -0.23236505,  0.01217525,
       -0.36313541, -0.01137684]), array([ 0.07125406,  1.48207223, -0.53359398, -0.13964283,  0.78403831,
        2.44841994, -0.07916894, -0.70929112, -0.23627963,  0.01212694,
       -0.36370237, -0.01146408]), array([ 0.07085324,  1.47847845, -0.53479255, -0.13958245,  0.78221941,
        2.44836218, -0.08016369, -0.71875604, -0.23971376,  0.01207743,
       -0.36377996, -0.01155177]), array([ 0.07044786,  1.47484041, -0.53600585, -0.13952232,  0.78040262,
        2.44830398, -0.08107632, -0.72760937, -0.24266106,  0.01202635,
       -0.36335899, -0.01164004]), array([ 0.07003833,  1.47116115, -0.53723143, -0.13946245,  0.77859046,
        2.44824533, -0.08190708, -0.7358524 , -0.24511586,  0.01197329,
       -0.36243121, -0.01172897]), array([ 0.06962504,  1.46744371, -0.5384668 , -0.13940286,  0.77678551,
        2.44818624, -0.0826562 , -0.74348616, -0.24707321,  0.01191784,
       -0.36098945, -0.01181868]), array([ 0.06920843,  1.46369116, -0.53970944, -0.13934356,  0.77499038,
        2.44812669, -0.08332388, -0.75051143, -0.24852886,  0.01185956,
       -0.35902764, -0.01190922]), array([ 0.06878887,  1.45990651, -0.54095684, -0.13928457,  0.77320767,
        2.44806669, -0.08391034, -0.75692884, -0.24947931,  0.01179802,
       -0.35654095, -0.01200066]), array([ 0.06836679,  1.45609282, -0.54220645, -0.13922591,  0.77144004,
        2.44800622, -0.08441577, -0.76273893, -0.24992178,  0.01173278,
       -0.35352582, -0.01209302]), array([ 0.06794327,  1.45225301, -0.54345614, -0.13916953,  0.76968861,
        2.44794565, -0.08470499, -0.76796204, -0.24993788,  0.01127496,
       -0.35028557, -0.01211429]), array([ 0.06751874,  1.44839006, -0.54470339, -0.13911518,  0.76795631,
        2.44788478, -0.08490541, -0.77258868, -0.24945069,  0.01087091,
       -0.34646014, -0.01217487]), array([ 0.06709365,  1.44450698, -0.54594568, -0.13906264,  0.766246  ,
        2.4478235 , -0.08501879, -0.7766179 , -0.24845699,  0.01050779,
       -0.34206313, -0.0122561 ]), array([ 0.06666842,  1.44060673, -0.54718045, -0.13901176,  0.76456047,
        2.44776176, -0.0850466 , -0.78004918, -0.24695511,  0.0101757 ,
       -0.33710629, -0.012348  ]), array([ 0.06624347,  1.43669232, -0.54840518, -0.13896243,  0.76290247,
        2.44769953, -0.08499014, -0.78288246, -0.24494475,  0.00986692,
       -0.3316004 , -0.01244527]), array([ 0.06581921,  1.43276673, -0.54961731, -0.13891455,  0.76127469,
        2.44763681, -0.0848506 , -0.78511809, -0.24242689,  0.00957532,
       -0.32555593, -0.01254514]), array([ 0.06539607,  1.42883294, -0.55081433, -0.13886807,  0.75967977,
        2.44757357, -0.08462909, -0.78675693, -0.23940364,  0.00929611,
       -0.31898346, -0.01264619]), array([ 0.06497443,  1.42489394, -0.55199372, -0.13882294,  0.7581203 ,
        2.44750984, -0.08432667, -0.78780028, -0.23587821,  0.00902546,
       -0.31189409, -0.01274767]), array([ 0.06455471,  1.42095269, -0.55315299, -0.13877914,  0.7565988 ,
        2.44744559, -0.08394439, -0.78824997, -0.23185489,  0.00876034,
       -0.30429966, -0.0128492 ]), array([ 0.06413729,  1.41701215, -0.55428969, -0.13873665,  0.75511773,
        2.44738084, -0.08348334, -0.78810838, -0.22733894,  0.00849837,
       -0.29621296, -0.01295056]), array([ 0.06372257,  1.41307526, -0.55540137, -0.13869546,  0.7536795 ,
        2.44731558, -0.08294462, -0.78737844, -0.22233664,  0.00823768,
       -0.28764783, -0.01305162]), array([ 0.06331092,  1.40914494, -0.55648565, -0.13865558,  0.7522864 ,
        2.44724982, -0.08232939, -0.78606372, -0.21685524,  0.00797682,
       -0.27861927, -0.01315223]), array([ 0.06290273,  1.4052241 , -0.55754016, -0.138617  ,  0.75094068,
        2.44718356, -0.08163888, -0.78416839, -0.21090293,  0.00771467,
       -0.26914348, -0.01325227]), array([ 0.06249836,  1.40131561, -0.55856261, -0.13857975,  0.74964449,
        2.4471168 , -0.08087438, -0.78169731, -0.20448887,  0.00745044,
       -0.25923788, -0.01335161]), array([ 0.06209817,  1.39742233, -0.55955072, -0.13854383,  0.74839989,
        2.44704955, -0.0800373 , -0.77865605, -0.19762312,  0.00718355,
       -0.24892112, -0.01345008]), array([ 0.06170253,  1.39354707, -0.56050231, -0.13850926,  0.74720882,
        2.44698181, -0.07912913, -0.77505089, -0.19031668,  0.00691362,
       -0.23821305, -0.0135475 ]), array([ 0.06131177,  1.38969263, -0.56141521, -0.13847606,  0.74607315,
        2.44691359, -0.07815146, -0.77088886, -0.18258143,  0.00664046,
       -0.22713468, -0.01364367]), array([ 0.06092624,  1.38586174, -0.56228736, -0.13844424,  0.74499461,
        2.4468449 , -0.077106  , -0.76617777, -0.17443012,  0.00636403,
       -0.21570813, -0.0137384 ]), array([ 0.06054627,  1.38205711, -0.56311675, -0.13841382,  0.74397482,
        2.44677574, -0.07599457, -0.76092621, -0.16587639,  0.0060844 ,
       -0.20395658, -0.01383144]), array([ 0.06017217,  1.37828139, -0.56390142, -0.13838481,  0.7430153 ,
        2.44670613, -0.0748191 , -0.75514358, -0.15693467,  0.00580178,
       -0.1919042 , -0.01392257]), array([ 0.05980234,  1.37453758, -0.56463783, -0.13835197,  0.74212476,
        2.44663494, -0.07396652, -0.74876159, -0.14728249,  0.0065681 ,
       -0.17810935, -0.01423901]), array([ 0.05943701,  1.37082845, -0.56532405, -0.13831622,  0.74130294,
        2.44656279, -0.07306525, -0.74182757, -0.13724291,  0.00714961,
       -0.16436334, -0.01442874]), array([ 0.05907644,  1.36715664, -0.56595828, -0.13827829,  0.74054982,
        2.44649003, -0.07211375, -0.73436181, -0.12684682,  0.00758566,
       -0.15062325, -0.01455185]), array([ 0.05872089,  1.36352472, -0.56653889, -0.13823876,  0.7398655 ,
        2.44641683, -0.07111134, -0.72638378, -0.11612193,  0.0079064 ,
       -0.136864  , -0.01464025]), array([ 0.0583706 ,  1.35993516, -0.56706436, -0.13819809,  0.73925013,
        2.44634328, -0.07005802, -0.71791253, -0.10509376,  0.00813522,
       -0.12307403, -0.01471059]), array([ 0.05802582,  1.35639032, -0.56753329, -0.13815663,  0.73870387,
        2.44626942, -0.06895434, -0.7089669 , -0.09378635,  0.0082905 ,
       -0.10925191, -0.01477131]), array([ 0.05768682,  1.35289249, -0.5679444 , -0.1381147 ,  0.73822685,
        2.44619529, -0.06780133, -0.69956575, -0.08222276,  0.00838678,
       -0.09540385, -0.01482653]), array([ 0.05735382,  1.34944385, -0.56829653, -0.13807252,  0.73781915,
        2.4461209 , -0.06660037, -0.68972809, -0.07042543,  0.00843565,
       -0.08154175, -0.01487802]), array([ 0.05702705,  1.34604649, -0.56858861, -0.13803029,  0.73748074,
        2.44604627, -0.06535317, -0.67947315, -0.05841645,  0.00844643,
       -0.06768176, -0.01492641]), array([ 0.05670674,  1.34270238, -0.5688197 , -0.13798816,  0.73721152,
        2.44597141, -0.06406173, -0.66882051, -0.04621773,  0.00842665,
       -0.05384312, -0.01497175]), array([ 0.0563931 ,  1.33941343, -0.56898896, -0.13794624,  0.73701129,
        2.44589634, -0.06272825, -0.65779009, -0.03385112,  0.00838242,
       -0.04004726, -0.01501382]), array([ 0.05608632,  1.33618142, -0.56909565, -0.13790465,  0.7368797 ,
        2.44582108, -0.06135513, -0.64640219, -0.02133846,  0.00831879,
       -0.02631717, -0.01505229]), array([ 0.0557866 ,  1.33300804, -0.56913916, -0.13786345,  0.73681632,
        2.44574564, -0.05994497, -0.63467749, -0.00870165,  0.00823988,
       -0.01267679, -0.01508683]), array([ 5.54940975e-02,  1.32989485e+00, -5.69118971e-01, -1.37822705e-01,
        7.36820563e-01,  2.44567006e+00, -5.85004616e-02, -6.22637036e-01,
        4.03739797e-03,  8.14915310e-03,  8.49386703e-04, -1.51171216e-02]), array([ 0.05520898,  1.32684334, -0.56903469, -0.13778246,  0.73689175,
        2.44559434, -0.05702444, -0.61030226,  0.01685673,  0.0080495 ,
        0.01423668, -0.01514289]), array([ 0.05493138,  1.32385486, -0.56888602, -0.13774274,  0.73702905,
        2.44551852, -0.05551983, -0.59769488,  0.02973438,  0.00794336,
        0.02746049, -0.01516391]), array([ 0.05466143,  1.32093068, -0.56867277, -0.13770358,  0.73723153,
        2.44544262, -0.05398962, -0.58483695,  0.04264842,  0.00783283,
        0.04049656, -0.01517999]), array([ 0.05439924,  1.31807193, -0.56839489, -0.13766498,  0.73749814,
        2.44536667, -0.05243688, -0.57175075,  0.05557703,  0.00771968,
        0.05332111, -0.01519099]), array([ 0.05414492,  1.31527963, -0.5680524 , -0.13762695,  0.73782769,
        2.44529068, -0.05086469, -0.55845878,  0.06849846,  0.00760546,
        0.06591108, -0.0151968 ]), array([ 0.05389854,  1.31255471, -0.56764544, -0.13758949,  0.73821891,
        2.4452147 , -0.04927618, -0.5449837 ,  0.08139119,  0.00749152,
        0.07824419, -0.01519738]), array([ 0.05366017,  1.30989797, -0.56717427, -0.1375526 ,  0.73867041,
        2.44513873, -0.04767449, -0.53134827,  0.09423392,  0.00737903,
        0.0902991 , -0.01519268]), array([ 0.05342985,  1.3073101 , -0.56663924, -0.13751625,  0.73918069,
        2.44506282, -0.04606275, -0.51757532,  0.10700562,  0.00726901,
        0.10205548, -0.01518271]), array([ 0.05320763,  1.30479166, -0.56604081, -0.13748044,  0.73974816,
        2.44498698, -0.04444407, -0.5036877 ,  0.11968562,  0.00716237,
        0.11349413, -0.01516751]), array([ 0.05299353,  1.30234312, -0.56537955, -0.13744514,  0.74037114,
        2.44491125, -0.04282154, -0.48970816,  0.13225366,  0.00705989,
        0.12459698, -0.01514713]), array([ 0.05278753,  1.29996482, -0.5646561 , -0.13741033,  0.74104788,
        2.44483564, -0.04119821, -0.47565941,  0.14468992,  0.00696227,
        0.13534723, -0.01512167]), array([ 0.05258965,  1.297657  , -0.56387122, -0.13737598,  0.74177652,
        2.44476018, -0.03957709, -0.46156394,  0.15697507,  0.00687009,
        0.14572933, -0.01509123]), array([ 0.05239984,  1.29541978, -0.56302577, -0.13734206,  0.74255517,
        2.4446849 , -0.03796111, -0.44744406,  0.16909036,  0.00678387,
        0.15572904, -0.01505594]), array([ 0.05221808,  1.29325317, -0.56212068, -0.13730854,  0.74338184,
        2.44460982, -0.03635314, -0.4333218 ,  0.18101763,  0.00670405,
        0.16533347, -0.01501596]), array([ 0.0520443 ,  1.29115708, -0.56115698, -0.13727539,  0.74425449,
        2.44453497, -0.03475598, -0.41921888,  0.19273937,  0.00663098,
        0.17453108, -0.01497145]), array([ 0.05187844,  1.28913129, -0.56013579, -0.13724256,  0.74517105,
        2.44446035, -0.03317231, -0.40515663,  0.20423874,  0.00656496,
        0.18331171, -0.01492259]), array([ 0.05172041,  1.28717551, -0.55905829, -0.13721003,  0.74612938,
        2.44438601, -0.03160476, -0.39115598,  0.21549965,  0.00650619,
        0.19166654, -0.0148696 ]), array([ 0.05157013,  1.28528933, -0.55792576, -0.13717776,  0.74712732,
        2.44431194, -0.03005582, -0.37723738,  0.22650676,  0.00645483,
        0.19958817, -0.01481267]), array([ 0.05142749,  1.28347222, -0.55673953, -0.1371457 ,  0.74816268,
        2.44423818, -0.02852789, -0.36342077,  0.23724552,  0.00641099,
        0.20707051, -0.01475205]), array([ 0.05129238,  1.28172359, -0.55550102, -0.13711383,  0.74923322,
        2.44416474, -0.02702325, -0.34972553,  0.24770221,  0.00637469,
        0.21410886, -0.01468795]), array([ 0.05116466,  1.28004274, -0.5542117 , -0.1370821 ,  0.75033672,
        2.44409164, -0.02554407, -0.33617048,  0.25786397,  0.00634591,
        0.22069981, -0.01462063]), array([ 0.05104419,  1.27842887, -0.55287311, -0.13705047,  0.75147093,
        2.44401889, -0.02409238, -0.32277375,  0.2677188 ,  0.00632459,
        0.22684126, -0.01455034]), array([ 0.05093084,  1.27688111, -0.55148683, -0.13701892,  0.75263359,
        2.4439465 , -0.02267009, -0.30955286,  0.27725558,  0.00631058,
        0.23253238, -0.01447734]), array([ 0.05082445,  1.27539849, -0.55005451, -0.1369874 ,  0.75382246,
        2.44387449, -0.02127899, -0.29652461,  0.28646411,  0.00630372,
        0.23777355, -0.01440187]), array([ 0.05072485,  1.27397996, -0.54857783, -0.13695588,  0.75503529,
        2.44380287, -0.01992073, -0.28370506,  0.2953351 ,  0.00630379,
        0.24256635, -0.01432422]), array([ 0.05063186,  1.27262441, -0.54705853, -0.13692433,  0.75626986,
        2.44373165, -0.01859683, -0.27110954,  0.30386021,  0.00631054,
        0.24691349, -0.01424464]), array([ 0.05054532,  1.27133065, -0.54549837, -0.13689271,  0.75752395,
        2.44366083, -0.01730867, -0.25875261,  0.31203198,  0.00632365,
        0.2508188 , -0.0141634 ]), array([ 0.05046503,  1.27009741, -0.54389915, -0.136861  ,  0.75879539,
        2.44359043, -0.0160575 , -0.24664802,  0.31984392,  0.00634281,
        0.25428712, -0.01408075]), array([ 0.05039081,  1.26892337, -0.5422627 , -0.13682916,  0.76008201,
        2.44352044, -0.01484445, -0.23480872,  0.32729046,  0.00636765,
        0.25732429, -0.01399698]), array([ 0.05032246,  1.26780713, -0.54059086, -0.13679717,  0.76138169,
        2.44345088, -0.01367051, -0.22324685,  0.33436693,  0.00639778,
        0.25993708, -0.01391232]), array([ 0.05025977,  1.26674726, -0.53888552, -0.13676501,  0.76269236,
        2.44338174, -0.01253652, -0.2119737 ,  0.34106961,  0.0064328 ,
        0.26213314, -0.01382703]), array([ 0.05020256,  1.26574227, -0.53714854, -0.13673265,  0.76401196,
        2.44331304, -0.01144322, -0.20099972,  0.34739566,  0.00647225,
        0.26392093, -0.01374137]), array([ 0.0501506 ,  1.26479059, -0.53538182, -0.13670007,  0.76533851,
        2.44324476, -0.01039122, -0.19033454,  0.35334311,  0.0065157 ,
        0.26530964, -0.01365556]), array([ 0.0501037 ,  1.26389066, -0.53358727, -0.13666725,  0.76667006,
        2.44317691, -0.00938099, -0.1799869 ,  0.3589109 ,  0.00656269,
        0.26630919, -0.01356985]), array([ 0.05006163,  1.26304083, -0.53176677, -0.13663419,  0.76800471,
        2.44310949, -0.0084129 , -0.16996474,  0.36409878,  0.00661275,
        0.2669301 , -0.01348446]), array([ 0.0500242 ,  1.26223946, -0.52992224, -0.13660086,  0.76934062,
        2.44304249, -0.0074872 , -0.16027513,  0.36890735,  0.00666539,
        0.26718347, -0.01339961]), array([ 0.04999118,  1.26148484, -0.52805555, -0.13656726,  0.77067603,
        2.44297591, -0.00660401, -0.15092432,  0.37333799,  0.00672014,
        0.26708089, -0.0133155 ]), array([ 0.04996236,  1.26077525, -0.52616858, -0.13653338,  0.7720092 ,
        2.44290975, -0.00576338, -0.14191772,  0.37739288,  0.00677652,
        0.26663442, -0.01323233]), array([ 0.04993753,  1.26010895, -0.52426321, -0.13649921,  0.77333848,
        2.442844  , -0.00496523, -0.13325993,  0.38107492,  0.00683406,
        0.26585648, -0.01315029]), array([ 0.04991649,  1.25948418, -0.52234127, -0.13646475,  0.77466228,
        2.44277865, -0.00420939, -0.12495475,  0.38438773,  0.00689229,
        0.26475984, -0.01306955]), array([ 0.04989901,  1.25889915, -0.52040459, -0.13643   ,  0.77597907,
        2.4427137 , -0.00349559, -0.11700517,  0.38733561,  0.00695075,
        0.26335752, -0.01299029]), array([ 0.04988489,  1.25835208, -0.51845497, -0.13639495,  0.77728738,
        2.44264914, -0.00282348, -0.10941342,  0.38992353,  0.00700899,
        0.26166278, -0.01291264]), array([ 4.98739274e-02,  1.25784118e+00, -5.16494189e-01, -1.36359617e-01,
        7.78585829e-01,  2.44258495e+00, -2.19262578e-03, -1.02180999e-01,
        3.92157025e-01,  7.06657575e-03,  2.59689002e-01, -1.28367689e-02]), array([ 4.98659148e-02,  1.25736463e+00, -5.14523978e-01, -1.36324002e-01,
        7.79873078e-01,  2.44252114e+00, -1.60251906e-03, -9.53086309e-02,
        3.94042249e-01,  7.12309546e-03,  2.57449721e-01, -1.27627943e-02]), array([ 4.98606519e-02,  1.25692065e+00, -5.12546048e-01, -1.36288111e-01,
        7.81147870e-01,  2.44245769e+00, -1.05257145e-03, -8.87963501e-02,
        3.95585878e-01,  7.17814477e-03,  2.54958511e-01, -1.26908407e-02]), array([ 4.98579413e-02,  1.25650743e+00, -5.10562073e-01, -1.36251954e-01,
        7.82409015e-01,  2.44239458e+00, -5.42129753e-04, -8.26434945e-02,
        3.96795094e-01,  7.23134171e-03,  2.52228970e-01, -1.26210180e-02]), array([ 4.98575889e-02,  1.25612319e+00, -5.08573685e-01, -1.36215543e-01,
        7.83655388e-01,  2.44233181e+00, -7.04780803e-05, -7.68487363e-02,
        3.97677544e-01,  7.28232452e-03,  2.49274664e-01, -1.25534249e-02]), array([ 4.98594047e-02,  1.25576614e+00, -5.06582478e-01, -1.36178889e-01,
        7.84885934e-01,  2.44226937e+00,  3.63157118e-04, -7.14101059e-02,
        3.98241304e-01,  7.33075270e-03,  2.46109095e-01, -1.24881496e-02]), array([ 4.98632027e-02,  1.25543452e+00, -5.04590004e-01, -1.36142007e-01,
        7.86099662e-01,  2.44220725e+00,  7.59602151e-04, -6.63250182e-02,
        3.98494843e-01,  7.37630791e-03,  2.42745656e-01, -1.24252694e-02]), array([ 4.98688014e-02,  1.25512656e+00, -5.02597769e-01, -1.36104914e-01,
        7.87295650e-01,  2.44214542e+00,  1.11973126e-03, -6.15902993e-02,
        3.98446982e-01,  7.41869468e-03,  2.39197599e-01, -1.23648515e-02]), array([ 4.98760237e-02,  1.25484055e+00, -5.00607235e-01, -1.36067626e-01,
        7.88473040e-01,  2.44208389e+00,  1.44446189e-03, -5.72022138e-02,
        3.98106859e-01,  7.45764082e-03,  2.35477999e-01, -1.23069530e-02]), array([ 4.98846974e-02,  1.25457477e+00, -4.98619816e-01, -1.36030161e-01,
        7.89631039e-01,  2.44202263e+00,  1.73475012e-03, -5.31564926e-02,
        3.97483895e-01,  7.49289775e-03,  2.31599729e-01, -1.22516212e-02]), array([ 4.98946553e-02,  1.25432753e+00, -4.96636877e-01, -1.35992540e-01,
        7.90768916e-01,  2.44196163e+00,  1.99158621e-03, -4.94483617e-02,
        3.96587755e-01,  7.52424065e-03,  2.27575427e-01, -1.21988943e-02]), array([ 4.99057353e-02,  1.25409717e+00, -4.94659735e-01, -1.35954783e-01,
        7.91886003e-01,  2.44190089e+00,  2.21599028e-03, -4.60725702e-02,
        3.95428316e-01,  7.55146835e-03,  2.23417478e-01, -1.21488012e-02]), array([ 4.99177803e-02,  1.25388205e+00, -4.92689657e-01, -1.35916911e-01,
        7.92981693e-01,  2.44184038e+00,  2.40900821e-03, -4.30234194e-02,
        3.94015630e-01,  7.57440316e-03,  2.19137984e-01, -1.21013626e-02]), array([ 0.04993064,  1.25368057, -0.49072786, -0.13587895,  0.79405544,
        2.4417801 ,  0.00257171, -0.04029479,  0.39235989,  0.00759289,
        0.21474875, -0.01205659]), array([ 0.04994416,  1.25349117, -0.4887755 , -0.13584091,  0.79510674,
        2.44172003,  0.00270517, -0.03788018,  0.39047142,  0.0076068 ,
        0.21026127, -0.01201449]), array([ 0.04995822,  1.25331231, -0.4868337 , -0.13580283,  0.79613518,
        2.44166015,  0.00281051, -0.03577271,  0.38836059,  0.00761602,
        0.20568671, -0.01197506]), array([ 0.04997266,  1.25314248, -0.48490351, -0.13576473,  0.79714036,
        2.44160046,  0.00288882, -0.03396519,  0.38603787,  0.00762046,
        0.20103589, -0.01193829]), array([ 0.04998737,  1.25298023, -0.48298594, -0.13572663,  0.79812195,
        2.44154094,  0.00294123, -0.0324501 ,  0.3835137 ,  0.00762006,
        0.19631928, -0.01190416]), array([ 0.05000221,  1.25282414, -0.48108195, -0.13568856,  0.79907969,
        2.44148158,  0.00296885, -0.03121967,  0.38079857,  0.00761476,
        0.19154699, -0.01187265]), array([ 0.05001708,  1.25267281, -0.47919243, -0.13565053,  0.80001333,
        2.44142236,  0.00297282, -0.03026585,  0.37790291,  0.00760455,
        0.18672876, -0.01184374]), array([ 0.05003185,  1.2525249 , -0.47731825, -0.13561259,  0.8009227 ,
        2.44136327,  0.00295426, -0.02958039,  0.3748371 ,  0.0075894 ,
        0.18187399, -0.01181739]), array([ 0.05004642,  1.25237913, -0.47546019, -0.13557474,  0.80180766,
        2.4413043 ,  0.00291428, -0.02915483,  0.37161148,  0.00756932,
        0.17699168, -0.01179357]), array([ 0.05006069,  1.25223423, -0.47361901, -0.13553702,  0.80266811,
        2.44124544,  0.002854  , -0.02898055,  0.36823625,  0.00754434,
        0.17209046, -0.01177223]), array([ 0.05007456,  1.25208898, -0.4717954 , -0.13549945,  0.80350401,
        2.44118668,  0.00277453, -0.02904878,  0.36472154,  0.0075145 ,
        0.1671786 , -0.01175332]), array([ 0.05350793,  1.25374042, -0.46845373, -0.12967377,  0.80333063,
        2.45071538,  0.68667443,  0.33028801,  0.66833393,  1.16513603,
       -0.03467465,  1.90574061]), array([ 0.05927746,  1.25058075, -0.46101607, -0.12437919,  0.80921193,
        2.45004093,  1.1539053 , -0.63193546,  1.48753222,  1.05891455,
        1.17626003, -0.13489075]), array([ 0.06563505,  1.25037934, -0.45496672, -0.12278559,  0.8143648 ,
        2.45986311,  1.27151843, -0.04028077,  1.20987075,  0.31872083,
        1.03057415,  1.96443623]), array([ 0.072969  ,  1.24693001, -0.44740301, -0.1161677 ,  0.82062592,
        2.45875194,  1.46678902, -0.68986567,  1.51274048,  1.32357771,
        1.25222365, -0.22223294]), array([ 0.08088095,  1.23897924, -0.43585293, -0.10592825,  0.83079702,
        2.4675889 ,  1.58239095, -1.59015426,  2.31001646,  2.0478898 ,
        2.03421958,  1.76739264]), array([ 0.0884068 ,  1.23410084, -0.42537978, -0.0996666 ,  0.83981552,
        2.46609945,  1.50516891, -0.97568074,  2.09463046,  1.25233082,
        1.80370025, -0.29789006]), array([ 0.09647254,  1.2261053 , -0.41351773, -0.08908829,  0.85002587,
        2.45417251,  1.61314807, -1.59910803,  2.37240914,  2.11566173,
        2.04206923, -2.38538985]), array([ 0.10391016,  1.21404366, -0.39809616, -0.0829486 ,  0.86356071,
        2.45346054,  1.48752452, -2.41232706,  3.08431386,  1.2279371 ,
        2.70696808, -0.14239272]), array([ 0.11184352,  1.20515388, -0.38418813, -0.07314277,  0.87607007,
        2.44200239,  1.58667135, -1.77795596,  2.78160658,  1.96116723,
        2.50187207, -2.29163112]), array([ 0.11927594,  1.19330108, -0.36901344, -0.06761639,  0.88978841,
        2.44177306,  1.48648405, -2.37056063,  3.03493873,  1.10527486,
        2.74366796, -0.04586559]), array([ 0.12720195,  1.1848978 , -0.35579902, -0.05843075,  0.9016473 ,
        2.43080283,  1.58520202, -1.68065531,  2.64288358,  1.83712889,
        2.37177888, -2.1940461 ]), array([ 1.34656277e-01,  1.18069476e+00, -3.46205314e-01, -5.38757339e-02,
        9.10067647e-01,  2.43079583e+00,  1.49086620e+00, -8.40608954e-01,
        1.91874117e+00,  9.11002734e-01,  1.68406907e+00, -1.39866575e-03]), array([ 0.14167846,  1.17320061, -0.33499454, -0.0532437 ,  0.92045803,
        2.44148932,  1.40443744, -1.49882985,  2.24215407,  0.12640762,
        2.07807602,  2.13869659]), array([ 0.14930425,  1.16838857, -0.32519285, -0.04989038,  0.92880993,
        2.45949121,  1.525157  , -0.96240712,  1.96033869,  0.67066347,
        1.6703806 ,  3.60037799]), array([ 0.156763  ,  1.16038557, -0.31357803, -0.04943013,  0.93841774,
        2.46698824,  1.49174938, -1.60060082,  2.32296437,  0.09204915,
        1.92156302,  1.49940557]), array([ 0.16392155,  1.15549553, -0.30322022, -0.05298043,  0.94650748,
        2.48458021,  1.43171028, -0.97800863,  2.07156122, -0.71006011,
        1.61794636,  3.51839427]), array([ 0.17209787,  1.14751839, -0.29128463, -0.05164353,  0.95515221,
        2.49093278,  1.63526364, -1.59542724,  2.38711789,  0.26738149,
        1.72894683,  1.27051386]), array([ 0.18099694,  1.13551118, -0.27581006, -0.04590182,  0.96679809,
        2.4864719 ,  1.7798144 , -2.40144128,  3.09491507,  1.14834201,
        2.329175  , -0.89217433]), array([ 0.1904134 ,  1.12654923, -0.26164469, -0.03721964,  0.97770316,
        2.49190335,  1.88329303, -1.79239142,  2.83307407,  1.73643605,
        2.18101527,  1.08628867]), array([ 0.19953967,  1.1218179 , -0.25114731, -0.03277261,  0.98505078,
        2.5076004 ,  1.82525349, -0.946265  ,  2.09947558,  0.88940604,
        1.46952455,  3.13940967]), array([ 0.2094756 ,  1.11818719, -0.24063073, -0.02881518,  0.99150398,
        2.51859296,  1.98718526, -0.72614174,  2.10331583,  0.79148584,
        1.29063974,  2.19851297]), array([ 0.21987064,  1.11296382, -0.22875462, -0.02579953,  0.99882159,
        2.53333381,  2.07900874, -1.04467538,  2.3752228 ,  0.60313005,
        1.46352089,  2.94816987]), array([ 0.23057954,  1.10641743, -0.21594307, -0.02135801,  1.00613337,
        2.55142599,  2.14177939, -1.30927784,  2.56230934,  0.8883024 ,
        1.46235572,  3.61843522]), array([ 0.24110387,  1.10125061, -0.20391001, -0.01836585,  1.01275335,
        2.56475353,  2.10486691, -1.03336315,  2.40661133,  0.59843216,
        1.32399632,  2.66550837]), array([ 0.25197119,  1.09383343, -0.19012474, -0.01333295,  1.02051452,
        2.58346828,  2.17346368, -1.48343703,  2.75705448,  1.00657972,
        1.55223441,  3.74294985]), array([ 0.26264039,  1.08863303, -0.17771467, -0.0103612 ,  1.02666505,
        2.59541023,  2.13383913, -1.04007965,  2.48201427,  0.59435013,
        1.23010685,  2.38839068]), array([ 0.27345617,  1.08526448, -0.1662083 , -0.00567781,  1.03231621,
        2.61270113,  2.16315761, -0.67371   ,  2.30127284,  0.93667958,
        1.13023031,  3.45818029]), array([ 2.84034159e-01,  1.08053502e+00, -1.53623833e-01, -2.38842821e-03,
        1.03786483e+00,  2.62533873e+00,  2.11559688e+00, -9.45891012e-01,
        2.51689428e+00,  6.57875552e-01,  1.10972516e+00,  2.52751994e+00]), array([ 0.2942578 ,  1.07083174, -0.13500288,  0.00401728,  1.04726222,
        2.62690056,  2.04472804, -1.94065713,  3.72419091,  1.28114112,
        1.87947757,  0.31236652]), array([ 0.30409084,  1.06046801, -0.11572651,  0.01040435,  1.05679771,
        2.63037875,  1.96660726, -2.07274498,  3.85527425,  1.27741533,
        1.90709709,  0.6956365 ]), array([ 0.31392512,  1.0495943 , -0.09619993,  0.01727624,  1.06646616,
        2.63160194,  1.96685624, -2.17474214,  3.90531564,  1.37437694,
        1.93369176,  0.24463911]), array([ 0.32283766,  1.04027076, -0.07667905,  0.02491795,  1.07556769,
        2.63868537,  1.78250844, -1.86470889,  3.90417564,  1.52834294,
        1.82030427,  1.41668454]), array([ 0.33150922,  1.03135355, -0.05804338,  0.03190845,  1.08394811,
        2.64547778,  1.73431303, -1.78344216,  3.727135  ,  1.3980999 ,
        1.67608524,  1.35848316]), array([ 0.3411819 ,  1.02384631, -0.04089886,  0.03758948,  1.09199035,
        2.64807385,  1.93453524, -1.50144698,  3.42890296,  1.13620627,
        1.60844697,  0.51921299]), array([ 0.3500295 ,  1.01649286, -0.0252768 ,  0.0451244 ,  1.09722301,
        2.65023018,  1.76951936, -1.47069019,  3.12441227,  1.50698296,
        1.04653325,  0.43126622]), array([ 0.35828577,  1.00936536, -0.01091801,  0.05346203,  1.09933148,
        2.65224279,  1.65125379, -1.4254996 ,  2.87175795,  1.66752688,
        0.42169407,  0.40252232]), array([ 3.66036586e-01,  1.00247754e+00,  2.38144113e-03,  6.22458240e-02,
        1.09919286e+00,  2.65413746e+00,  1.55016402e+00, -1.37756371e+00,
        2.65989021e+00,  1.75675810e+00, -2.77244177e-02,  3.78933915e-01]), array([ 0.37335318,  0.99584149,  0.01478382,  0.07118777,  1.0974556 ,
        2.65593599,  1.46331935, -1.32720996,  2.4804752 ,  1.78838937,
       -0.34745291,  0.35970658]), array([ 0.38029495,  0.98946658,  0.02641806,  0.08005763,  1.09459695,
        2.65765689,  1.38835399, -1.27498344,  2.32684946,  1.77397273,
       -0.57172931,  0.34417952]), array([ 0.38691161,  0.98335922,  0.03738681,  0.08867368,  1.09096614,
        2.65931579,  1.32333061, -1.22147212,  2.19374851,  1.72320932,
       -0.72616194,  0.33178042]), array([ 0.39324483,  0.97752311,  0.04777204,  0.09689476,  1.08681677,
        2.6609258 ,  1.26664543, -1.16722199,  2.0770464 ,  1.64421639,
       -0.82987494,  0.3220017 ]), array([ 0.39932963,  0.9719596 ,  0.05763967,  0.10461356,  1.08233117,
        2.66249774,  1.21695973, -1.11270224,  1.97352596,  1.5437589 ,
       -0.89711824,  0.31438871]), array([ 0.40519538,  0.96666811,  0.0670431 ,  0.11175081,  1.07763879,
        2.66404041,  1.17314907, -1.05829691,  1.88068578,  1.42745057,
       -0.93847755,  0.30853415]), array([ 0.4108667 ,  0.96164656,  0.07602601,  0.11825045,  1.07282986,
        2.66556079,  1.13426467, -1.00430937,  1.79658289,  1.29992788,
       -0.96178498,  0.30407519]), array([ 0.41636422,  0.9568917 ,  0.08462455,  0.12407545,  1.06796583,
        2.66706425,  1.09950353, -0.95097231,  1.71970728,  1.16500007,
       -0.97280536,  0.30069169]), array([ 0.42170514,  0.95239941,  0.09286896,  0.12920434,  1.06308707,
        2.66855477,  1.06818487, -0.89845923,  1.64888305,  1.025778  ,
       -0.97575361,  0.29810445]), array([ 0.4269038 ,  0.94816493,  0.10078492,  0.13362826,  1.05821864,
        2.67003514,  1.03973107, -0.8468956 ,  1.58319139,  0.88478453,
       -0.97368516,  0.29607319]), array([ 0.43197206,  0.94418309,  0.10839448,  0.13734851,  1.05337469,
        2.67150711,  1.01365228, -0.79636872,  1.52191091,  0.74404873,
       -0.96879027,  0.29439403]), array([ 0.43691973,  0.9404484 ,  0.11571683,  0.14037444,  1.04856161,
        2.67297159,  0.98953347, -0.74693619,  1.46447163,  0.60518611,
       -0.96261602,  0.29289665]), array([ 0.44175485,  0.93695524,  0.12276893,  0.14272177,  1.04378044,
        2.6744288 ,  0.96702377, -0.69863283,  1.41041972,  0.46946676,
       -0.95623333,  0.29144127]), array([ 0.44648398,  0.93369786,  0.12956588,  0.14441114,  1.03902863,
        2.67587837,  0.94582724, -0.65147637,  1.35939039,  0.33787323,
       -0.95036252,  0.2899154 ]), array([ 0.45111246,  0.9306705 ,  0.13612132,  0.14546688,  1.03430129,
        2.67731953,  0.92569516, -0.60547194,  1.31108716,  0.21114934,
       -0.94546753,  0.28823069]), array([ 0.45564455,  0.92786742,  0.14244765,  0.14591609,  1.02959216,
        2.67875113,  0.90641929, -0.56061567,  1.26526603,  0.08984156,
       -0.9418263 ,  0.28631981]), array([ 0.46008368,  0.92528293,  0.14855627,  0.14578776,  1.02489424,
        2.68017179,  0.88782615, -0.51689743,  1.22172341, -0.02566621,
       -0.93958325,  0.28413353]), array([ 0.46443254,  0.92291142,  0.1544577 ,  0.14511214,  1.0202003 ,
        2.68157998,  0.86977198, -0.47430309,  1.18028679, -0.13512333,
       -0.93878824,  0.281638  ]), array([ 0.46869324,  0.92074734,  0.16016174,  0.1439202 ,  1.01550318,
        2.68297404,  0.85213848, -0.43281612,  1.1408078 , -0.23838778,
       -0.9394253 ,  0.2788123 ]), array([ 0.47286738,  0.91878524,  0.16567752,  0.14224318,  1.01079601,
        2.68435228,  0.83482904, -0.39241888,  1.10315675, -0.33540556,
       -0.9414337 ,  0.27564619]), array([ 0.47695621,  0.91701977,  0.17101362,  0.14011221,  1.00607239,
        2.68571297,  0.81776547, -0.35309359,  1.06721856, -0.42619341,
       -0.94472333,  0.27213818]), array([ 0.48096064,  0.91544566,  0.17617806,  0.13755809,  1.00132646,
        2.68705444,  0.80088523, -0.31482297,  1.0328897 , -0.5108244 ,
       -0.94918575,  0.26829377]), array([ 0.48488133,  0.91405771,  0.18117844,  0.13461101,  0.99655295,
        2.68837506,  0.78413896, -0.27759078,  1.00007573, -0.58941591,
       -0.95470215,  0.26412397]), array([ 0.48871877,  0.9128508 ,  0.18602189,  0.13130041,  0.99174721,
        2.68967328,  0.76748836, -0.24138211,  0.96868958, -0.66211962,
       -0.96114882,  0.25964403]), array([ 0.49247329,  0.91181988,  0.19071514,  0.12765484,  0.9869052 ,
        2.69094764,  0.75090437, -0.20618362,  0.93865019, -0.72911327,
       -0.96840107,  0.25487233]), array([ 0.49614512,  0.91095996,  0.19526455,  0.12370188,  0.98202352,
        2.69219678,  0.73436557, -0.17198361,  0.90988145, -0.79059379,
       -0.97633579,  0.24982946]), array([ 0.49973441,  0.9102661 ,  0.19967611,  0.11946802,  0.97709936,
        2.69341947,  0.71785681, -0.13877208,  0.88231147, -0.84677165,
       -0.98483314,  0.24453746]), array([ 0.50324125,  0.9097334 ,  0.20395547,  0.11497869,  0.97213047,
        2.69461457,  0.70136805, -0.1065407 ,  0.85587203, -0.89786621,
       -0.9937776 ,  0.23901918]), array([ 0.50666571,  0.90935698,  0.20810796,  0.11025818,  0.96711518,
        2.69578106,  0.6848933 , -0.07528271,  0.83049811, -0.94410197,
       -1.00305856,  0.23329777]), array([ 0.51000786,  0.90913202,  0.2121386 ,  0.10532965,  0.96205232,
        2.69691804,  0.6684298 , -0.04499287,  0.80612758, -0.98570541,
       -1.01257063,  0.22739625]), array([ 0.51326775,  0.90905368,  0.2160521 ,  0.10021514,  0.95694126,
        2.69802472,  0.6519772 , -0.01566728,  0.78270102, -1.02290255,
       -1.02221369,  0.22133718]), array([ 0.51644543,  0.90911716,  0.21985291,  0.09493555,  0.95178179,
        2.69910044,  0.635537  ,  0.01269673,  0.76016153, -1.05591693,
       -1.03189288,  0.21514241]), array([ 0.51954099,  0.90931767,  0.22354518,  0.08951071,  0.9465742 ,
        2.7001446 ,  0.61911194,  0.04010075,  0.73845458, -1.08496799,
       -1.04151844,  0.20883289]), array([ 0.52255452,  0.9096504 ,  0.22713282,  0.08395936,  0.94131917,
        2.70115674,  0.60270556,  0.06654544,  0.71752797, -1.11026983,
       -1.05100553,  0.20242849]), array([ 0.52548613,  0.91011055,  0.23061948,  0.07829921,  0.9360178 ,
        2.70213648,  0.58632183,  0.09203074,  0.69733174, -1.13203022,
       -1.06027408,  0.19594796]), array([ 0.52833595,  0.91069333,  0.23400857,  0.07254696,  0.93067156,
        2.70308353,  0.56996481,  0.11655593,  0.67781815, -1.1504499 ,
       -1.06924854,  0.18940879]), array([ 0.53110415,  0.91139393,  0.23730328,  0.06671835,  0.92528227,
        2.70399766,  0.55363839,  0.14011987,  0.65894161, -1.16572202,
       -1.0778577 ,  0.18282726]), array([ 0.53379088,  0.91220753,  0.24050657,  0.06082819,  0.9198521 ,
        2.70487875,  0.53734607,  0.16272109,  0.64065868, -1.17803174,
       -1.08603455,  0.17621837]), array([ 0.53639633,  0.91312932,  0.24362121,  0.05489041,  0.91438352,
        2.70572673,  0.52109076,  0.18435794,  0.62292803, -1.18755605,
       -1.09371609,  0.16959587]), array([ 0.5389207 ,  0.91415447,  0.24664976,  0.0489181 ,  0.9088793 ,
        2.7065416 ,  0.5048747 ,  0.20502872,  0.60571046, -1.19446356,
       -1.10084316,  0.16297228]), array([ 0.5413642 ,  0.91527813,  0.24959461,  0.04292352,  0.9033425 ,
        2.70732339,  0.4886993 ,  0.22473181,  0.5889688 , -1.19891455,
       -1.10736038,  0.15635895]), array([ 0.54372702,  0.91649546,  0.25245795,  0.03691822,  0.89777642,
        2.70807222,  0.47256509,  0.24346575,  0.57266796, -1.20106095,
       -1.11321599,  0.14976609]), array([ 0.54600938,  0.9178016 ,  0.25524182,  0.03091299,  0.89218461,
        2.70878823,  0.45647167,  0.26122938,  0.55677486, -1.20104644,
       -1.11836174,  0.14320281]), array([ 0.54821147,  0.91919171,  0.25794811,  0.02491795,  0.88657085,
        2.70947162,  0.44041768,  0.27802188,  0.54125841, -1.19900666,
       -1.12275285,  0.13667722]), array([ 0.55033348,  0.92066093,  0.26057856,  0.01894261,  0.88093911,
        2.7101226 ,  0.42440076,  0.29384289,  0.5260895 , -1.19506932,
       -1.12634789,  0.13019646]), array([ 0.55237556,  0.92220439,  0.26313477,  0.01299583,  0.87529356,
        2.71074144,  0.4084176 ,  0.30869259,  0.51124092, -1.18935451,
       -1.12910874,  0.12376675]), array([ 0.55433788,  0.92381725,  0.2656182 ,  0.00708596,  0.86963856,
        2.7113284 ,  0.39246393,  0.32257171,  0.49668735, -1.18197489,
       -1.13100049,  0.11739353]), array([ 5.56220556e-01,  9.25494655e-01,  2.68030230e-01,  1.22077849e-03,
        8.63978604e-01,  2.71188381e+00,  3.76534570e-01,  3.35481620e-01,
        4.82405314e-01, -1.17303600e+00, -1.13199139e+00,  1.11081424e-01]), array([ 0.55802367,  0.92723178,  0.2703721 , -0.0045924 ,  0.85831834,
        2.71240798,  0.36062344,  0.34742439,  0.46837312, -1.16263651,
       -1.13205281,  0.10483438]), array([ 0.55974729,  0.92902379,  0.27264495, -0.01034675,  0.85266254,
        2.71290126,  0.34472364,  0.35840278,  0.45457081, -1.15086858,
       -1.13115917,  0.09865571]), array([ 0.56139143,  0.93086589,  0.27484985, -0.01603584,  0.8470161 ,
        2.713364  ,  0.32882749,  0.36842032,  0.44098011, -1.13781809,
       -1.12928784,  0.09254812]), array([ 0.56295606,  0.9327533 ,  0.27698777, -0.02165366,  0.84138401,
        2.71379657,  0.31292659,  0.37748128,  0.42758437, -1.123565  ,
       -1.12641914,  0.08651383]), array([ 0.56444112,  0.93468125,  0.27905961, -0.02719458,  0.83577133,
        2.71419934,  0.2970119 ,  0.38559074,  0.41436852, -1.10818367,
       -1.12253624,  0.08055456]), array([ 0.56584649,  0.93664503,  0.28106621, -0.0326533 ,  0.8301832 ,
        2.7145727 ,  0.28107379,  0.39275456,  0.40131895, -1.09174312,
       -1.1176251 ,  0.07467162]), array([ 0.567172  ,  0.93863992,  0.28300833, -0.03802483,  0.82462483,
        2.71491703,  0.26510211,  0.39897939,  0.38842352, -1.07430736,
       -1.11167439,  0.06886598]), array([ 0.56841743,  0.94066129,  0.28488668, -0.04330451,  0.81910145,
        2.71523272,  0.24908629,  0.4042727 ,  0.37567143, -1.05593571,
       -1.10467546,  0.06313826]), array([ 0.56958251,  0.9427045 ,  0.28670195, -0.04848793,  0.81361834,
        2.71552017,  0.23301539,  0.40864274,  0.36305319, -1.03668308,
       -1.09662222,  0.05748881]), array([ 0.5706669 ,  0.94476499,  0.28845475, -0.05357093,  0.80818079,
        2.71577976,  0.21687818,  0.41209854,  0.35056052, -1.01660024,
       -1.08751106,  0.05191773]), array([ 0.57163558,  0.94671917,  0.29002415, -0.0584607 ,  0.80265244,
        2.71600983,  0.19373637,  0.39083613,  0.31387998, -0.97795502,
       -1.10566882,  0.04601496])], 'U_history': [array([ 1.99526495e-03, -3.61588954e-05, -5.35687102e-05, -6.91260157e-04,
       -4.50629620e-04, -3.07469056e-22]), array([ 0.00826134,  0.07042716, -0.00864859, -0.00465171,  0.10215946,
        0.00681992]), array([ 0.01478654,  0.13934486, -0.00990389, -0.00812986,  0.18383309,
        0.01087685]), array([ 0.0214708 ,  0.20653296, -0.00543811, -0.01116626,  0.24962255,
        0.01336142]), array([ 0.02824311,  0.27189025,  0.00348543, -0.01379886,  0.30335572,
        0.01494176]), array([ 0.03505454,  0.33538189,  0.01588234, -0.0160666 ,  0.34793569,
        0.01599534]), array([ 0.04187237,  0.39702758,  0.03098874, -0.01800933,  0.38556759,
        0.01673715]), array([ 0.0486751 ,  0.45689111,  0.04821536, -0.01966638,  0.41792954,
        0.01729088]), array([ 0.05544841,  0.51506993,  0.06711012, -0.02107506,  0.44630063,
        0.01772857]), array([ 0.06218254,  0.57168478,  0.08732767, -0.02226977,  0.47165657,
        0.01809276]), array([ 0.06887088,  0.62687082,  0.10860495, -0.02328153,  0.4947418 ,
        0.01840898]), array([ 0.07550954,  0.68077114,  0.13074249, -0.02413804,  0.51612419,
        0.01869287]), array([ 0.08209711,  0.73353252,  0.15359032, -0.02486377,  0.53623714,
        0.01895416]), array([ 0.08863448,  0.7853029 ,  0.17703742, -0.0254802 ,  0.55541188,
        0.01919906]), array([ 0.09512456,  0.83622974,  0.2010036 , -0.02600603,  0.57390213,
        0.01943161]), array([ 0.10157193,  0.88645901,  0.22543331, -0.02645732,  0.59190293,
        0.01965451]), array([ 0.10798248,  0.93613428,  0.25029061, -0.0268478 ,  0.60956488,
        0.01986961]), array([ 0.11436307,  0.98539615,  0.27555518, -0.02718905,  0.62700492,
        0.02007823]), array([ 0.12072122,  1.03438166,  0.30121908, -0.02749073,  0.6443144 ,
        0.02028133]), array([ 0.12706486,  1.08322376,  0.32728404, -0.02776083,  0.66156519,
        0.02047968]), array([ 0.13694573,  1.12670984,  0.35007041, -0.0294738 ,  0.67639793,
        0.02067388]), array([ 0.14354662,  1.17512319,  0.37666908, -0.02967934,  0.69371641,
        0.02083266]), array([ 0.1501654 ,  1.22375646,  0.40371177, -0.02988912,  0.71107682,
        0.02100327]), array([ 0.15680903,  1.27272266,  0.43121938, -0.03010198,  0.72851793,
        0.02117887]), array([ 0.16348403,  1.32212882,  0.45921489, -0.03031697,  0.74607055,
        0.02135601]), array([ 0.17019642,  1.37207557,  0.48772225, -0.03053328,  0.76375908,
        0.02153303]), array([ 0.17695168,  1.42265682,  0.51676546, -0.0307501 ,  0.78160266,
        0.02170925]), array([ 0.18375461,  1.47395937,  0.54636774, -0.03096661,  0.799616  ,
        0.02188452]), array([ 0.19060934,  1.52606256,  0.57655085, -0.03118197,  0.81781   ,
        0.02205894]), array([ 0.19751924,  1.57903795,  0.60733446, -0.03139529,  0.83619221,
        0.02223277]), array([ 0.20448689,  1.63294906,  0.63873563, -0.03160565,  0.85476711,
        0.02240629]), array([ 0.21151404,  1.68785103,  0.67076831, -0.03181208,  0.87353636,
        0.02257982]), array([ 0.2186016 ,  1.74379037,  0.703443  , -0.03201363,  0.89249894,
        0.02275368]), array([ 0.22574962,  1.80080476,  0.73676632, -0.03220932,  0.91165128,
        0.02292817]), array([ 0.23295725,  1.85892281,  0.77074079, -0.03239818,  0.93098733,
        0.02310355]), array([ 0.24022276,  1.9181639 ,  0.80536449, -0.03257924,  0.95049861,
        0.02328007]), array([ 0.24754352,  1.97853804,  0.84063093, -0.03275157,  0.9701743 ,
        0.02345795]), array([ 0.25491604,  2.04004575,  0.87652883, -0.03291427,  0.99000127,
        0.02363736]), array([ 0.26233593,  2.102678  ,  0.91304201, -0.03306646,  1.00996409,
        0.02381845]), array([ 0.26979795,  2.16641621,  0.95014932, -0.03320734,  1.03004515,
        0.02400132]), array([ 0.29835959,  2.2185112 ,  0.97903763, -0.04100036,  1.04501427,
        0.02418605]), array([ 0.30641112,  2.2838656 ,  1.01704338, -0.04061887,  1.06565062,
        0.02422858]), array([ 0.31446241,  2.35024419,  1.05557349, -0.04033742,  1.0862375 ,
        0.02434975]), array([ 0.32250651,  2.41758899,  1.09458223, -0.04013013,  1.10677578,
        0.02451221]), array([ 0.33053523,  2.48583364,  1.13402055, -0.03997697,  1.12725795,
        0.024696  ]), array([ 0.33853931,  2.55490349,  1.17383581, -0.03986224,  1.14766989,
        0.02489054]), array([ 0.34650855,  2.62471579,  1.21397165, -0.03977362,  1.1679922 ,
        0.02509029]), array([ 0.354432  ,  2.69517993,  1.25436797, -0.03970133,  1.18820128,
        0.02529238]), array([ 0.36229807,  2.76619781,  1.294961  , -0.0396376 ,  1.20827015,
        0.02549534]), array([ 0.37009461,  2.83766415,  1.33568346, -0.03957632,  1.2281691 ,
        0.0256984 ]), array([ 0.37780905,  2.90946699,  1.37646473, -0.03951261,  1.24786626,
        0.02590113]), array([ 0.3854285 ,  2.98148815,  1.41723114, -0.03944268,  1.26732808,
        0.02610323]), array([ 0.39293982,  3.05360377,  1.45790625, -0.03936357,  1.28651971,
        0.02630445]), array([ 0.40032974,  3.12568488,  1.49841117, -0.03927301,  1.30540535,
        0.02650455]), array([ 0.40758496,  3.19759804,  1.53866493, -0.03916932,  1.32394858,
        0.02670322]), array([ 0.41469221,  3.26920597,  1.57858488, -0.0390513 ,  1.34211265,
        0.02690016]), array([ 0.42163836,  3.34036821,  1.61808708, -0.03891814,  1.35986074,
        0.027095  ]), array([ 0.42841048,  3.41094184,  1.65708673, -0.03876939,  1.37715623,
        0.02728735]), array([ 0.43499595,  3.48078219,  1.69549859, -0.03860488,  1.39396292,
        0.02747679]), array([ 0.4413825 ,  3.54974356,  1.73323742, -0.03842468,  1.41024526,
        0.02766288]), array([ 0.3916656 ,  3.67252086,  1.80799503, -0.01754385,  1.45070888,
        0.02784514]), array([ 0.39741569,  3.74004654,  1.84408496, -0.01908634,  1.46333258,
        0.02847802]), array([ 0.40300422,  3.80606208,  1.87911261, -0.02027105,  1.47587619,
        0.02885748]), array([ 0.40841446,  3.87044342,  1.91302655, -0.0211765 ,  1.48817053,
        0.02910371]), array([ 0.41363178,  3.93306547,  1.9457695 , -0.02186285,  1.50008232,
        0.0292805 ]), array([ 0.41864334,  3.99380371,  1.97728086, -0.02237678,  1.51150588,
        0.02942117]), array([ 0.42343786,  4.05253552,  2.00749871, -0.02275492,  1.52235683,
        0.02954263]), array([ 0.42800548,  4.10914141,  2.03636141, -0.02302622,  1.53256753,
        0.02965305]), array([ 0.43233762,  4.163506  ,  2.06380876, -0.02321372,  1.54208354,
        0.02975603]), array([ 0.4364269 ,  4.21551896,  2.08978307, -0.02333589,  1.55086107,
        0.02985282]), array([ 0.44026709,  4.26507577,  2.11422992, -0.02340761,  1.55886505,
        0.0299435 ]), array([ 0.44385301,  4.31207839,  2.13709876, -0.02344092,  1.56606765,
        0.03002763]), array([ 0.44718052,  4.35643591,  2.15834347, -0.02344562,  1.57244722,
        0.03010457]), array([ 0.45024647,  4.398065  ,  2.17792272, -0.02342977,  1.5779874 ,
        0.03017366]), array([ 0.45304866,  4.4368904 ,  2.1958003 , -0.02339996,  1.58267658,
        0.03023424]), array([ 0.45558581,  4.47284524,  2.21194538, -0.02336169,  1.58650733,
        0.03028579]), array([ 0.45785752,  4.50587139,  2.22633268, -0.02331951,  1.58947608,
        0.03032782]), array([ 0.45986423,  4.53591967,  2.23894256, -0.02327726,  1.59158279,
        0.03035998]), array([ 0.46160721,  4.56295003,  2.24976118, -0.02323816,  1.59283072,
        0.03038197]), array([ 0.46308852,  4.58693165,  2.25878044, -0.02320494,  1.59322619,
        0.03039361]), array([ 0.46431094,  4.60784302,  2.26599804, -0.02317993,  1.59277844,
        0.03039475]), array([ 0.46527799,  4.62567193,  2.27141739, -0.02316508,  1.59149942,
        0.03038535]), array([ 0.46599382,  4.64041542,  2.27504758, -0.0231621 ,  1.58940367,
        0.03036542]), array([ 0.46646326,  4.65207968,  2.27690321, -0.0231724 ,  1.58650816,
        0.03033502]), array([ 0.4666917 ,  4.66067992,  2.27700429, -0.02319721,  1.58283213,
        0.03029426]), array([ 0.46668508,  4.66624012,  2.27537606, -0.02323753,  1.57839697,
        0.03024334]), array([ 0.46644986,  4.66879289,  2.27204879, -0.02329422,  1.57322605,
        0.03018246]), array([ 0.46599295,  4.66837908,  2.26705758, -0.02336795,  1.56734457,
        0.03011188]), array([ 0.46532168,  4.66504758,  2.26044213, -0.02345927,  1.56077944,
        0.03003191]), array([ 0.46444378,  4.65885491,  2.25224646, -0.02356857,  1.55355909,
        0.02994289]), array([ 0.46336728,  4.64986484,  2.24251866, -0.02369613,  1.54571337,
        0.02984518]), array([ 0.46210053,  4.63814803,  2.23131061, -0.02384211,  1.53727332,
        0.02973919]), array([ 0.46065211,  4.62378161,  2.21867768, -0.02400653,  1.5282711 ,
        0.02962535]), array([ 0.45903083,  4.60684868,  2.20467841, -0.02418933,  1.51873976,
        0.02950409]), array([ 0.45724564,  4.58743791,  2.18937423, -0.02439033,  1.50871313,
        0.0293759 ]), array([ 0.45530564,  4.56564302,  2.17282912, -0.02460926,  1.49822566,
        0.02924127]), array([ 0.45322002,  4.54156236,  2.15510932, -0.02484573,  1.48731227,
        0.02910069]), array([ 0.45099801,  4.51529835,  2.13628296, -0.02509929,  1.47600818,
        0.02895467]), array([ 0.44864887,  4.48695702,  2.11641979, -0.0253694 ,  1.46434881,
        0.02880375]), array([ 0.44618187,  4.45664753,  2.09559083, -0.02565543,  1.4523696 ,
        0.02864844]), array([ 0.4436062 ,  4.42448164,  2.07386807, -0.02595667,  1.4401059 ,
        0.02848928]), array([ 0.44093101,  4.39057326,  2.05132418, -0.02627236,  1.42759282,
        0.02832679]), array([ 0.43816533,  4.35503794,  2.02803217, -0.02660166,  1.41486513,
        0.02816151]), array([ 0.43531808,  4.31799244,  2.00406513, -0.0269437 ,  1.40195712,
        0.02799395]), array([ 0.43239804,  4.2795542 ,  1.97949597, -0.02729752,  1.38890253,
        0.02782463]), array([ 0.4294138 ,  4.23984098,  1.95439708, -0.02766215,  1.3757344 ,
        0.02765406]), array([ 0.42637377,  4.19897038,  1.92884017, -0.02803656,  1.36248498,
        0.02748273]), array([ 0.42328618,  4.15705944,  1.90289595, -0.0284197 ,  1.34918569,
        0.02731112]), array([ 0.42015902,  4.11422423,  1.87663392, -0.02881048,  1.33586699,
        0.0271397 ]), array([ 0.41700004,  4.07057954,  1.85012222, -0.02920782,  1.32255833,
        0.02696893]), array([ 0.41381675,  4.02623845,  1.82342733, -0.0296106 ,  1.30928808,
        0.02679922]), array([ 0.41061642,  3.98131206,  1.79661397, -0.0300177 ,  1.29608349,
        0.026631  ]), array([ 0.40740603,  3.93590916,  1.76974491, -0.030428  ,  1.2829706 ,
        0.02646466]), array([ 0.40419231,  3.89013597,  1.74288082, -0.0308404 ,  1.26997426,
        0.02630058]), array([ 0.4009817 ,  3.84409586,  1.71608012, -0.03125378,  1.25711806,
        0.02613911]), array([ 0.39778036,  3.79788913,  1.68939892, -0.03166708,  1.24442429,
        0.02598057]), array([ 0.39459416,  3.7516128 ,  1.66289086, -0.03207921,  1.23191397,
        0.02582529]), array([ 0.39142869,  3.70536044,  1.63660707, -0.03248915,  1.21960679,
        0.02567354]), array([ 0.38828927,  3.65922197,  1.61059608, -0.03289588,  1.20752114,
        0.02552559]), array([ 0.38518089,  3.61328358,  1.58490378, -0.03329844,  1.19567409,
        0.02538168]), array([ 0.38210828,  3.56762758,  1.55957337, -0.03369589,  1.18408141,
        0.02524204]), array([ 0.3790759 ,  3.52233231,  1.53464538, -0.03408734,  1.17275757,
        0.02510685]), array([ 0.3760879 ,  3.4774721 ,  1.51015758, -0.03447194,  1.16171578,
        0.0249763 ]), array([ 0.37314818,  3.43311716,  1.48614507, -0.03484888,  1.15096796,
        0.02485054]), array([ 0.37026033,  3.38933364,  1.46264023, -0.03521742,  1.14052484,
        0.0247297 ]), array([ 0.36742772,  3.34618353,  1.43967279, -0.03557686,  1.13039593,
        0.02461391]), array([ 0.36465343,  3.30372472,  1.41726983, -0.03592653,  1.12058958,
        0.02450324]), array([ 0.36194029,  3.26201101,  1.39545586, -0.03626585,  1.111113  ,
        0.02439779]), array([ 0.35929087,  3.22109215,  1.37425285, -0.03659426,  1.10197232,
        0.0242976 ]), array([ 0.35670753,  3.1810139 ,  1.35368029, -0.03691129,  1.09317262,
        0.02420273]), array([ 0.35419236,  3.14181806,  1.33375528, -0.03721649,  1.08471797,
        0.02411318]), array([ 0.35174724,  3.10354261,  1.31449259, -0.03750947,  1.07661144,
        0.02402898]), array([ 0.34937382,  3.06622176,  1.29590475, -0.03778991,  1.06885524,
        0.02395012]), array([ 0.34707357,  3.02988602,  1.27800212, -0.03805752,  1.06145066,
        0.02387657]), array([ 0.34484771,  2.99456238,  1.26079297, -0.03831207,  1.05439817,
        0.02380832]), array([ 0.34269729,  2.96027436,  1.24428363, -0.03855339,  1.04769747,
        0.0237453 ]), array([ 0.34062318,  2.92704217,  1.22847849, -0.03878133,  1.0413475 ,
        0.02368748]), array([ 0.33862606,  2.8948828 ,  1.21338019, -0.0389958 ,  1.03534652,
        0.02363478]), array([ 0.33670642,  2.86381019,  1.19898963, -0.03919677,  1.02969216,
        0.02358713]), array([ 0.33486463,  2.83383532,  1.18530615, -0.03938422,  1.02438142,
        0.02354445]), array([60., 60., 30., 10., 10., 10.]), array([ 60.       , -60.       ,  11.4662814, -10.       ,  10.       ,
       -10.       ]), array([ 24.77987358,  60.        ,  12.76023487, -10.        ,
         7.76063428,  10.        ]), array([ 12.92246137, -60.        ,  -8.50534387,  10.        ,
        -4.0025882 , -10.        ]), array([  6.87509579, -60.        ,  10.70992886,  10.        ,
         5.18109371,  10.        ]), array([  5.86166445,  60.        ,  15.46937065, -10.        ,
         7.09451952, -10.        ]), array([  4.67006319, -60.        ,  -7.73435243,  10.        ,
        -3.3598128 , -10.        ]), array([  1.89394162, -60.        ,   8.41281535, -10.        ,
         4.42904152,  10.        ]), array([  3.64001968,  60.        ,  14.70377906,  10.        ,
         7.04706462, -10.        ]), array([  3.8797155 , -60.        ,  -7.35812061, -10.        ,
        -2.19266032,  10.        ]), array([  3.24968998,  60.        ,  10.94562804,  10.        ,
         4.59072302, -10.        ]), array([  4.66155324,  60.        ,  -1.9343078 , -10.        ,
        -0.60218003,  10.        ]), array([  5.39627393, -60.        ,  -5.50990519, -10.        ,
        -0.38115828,  10.        ]), array([ 7.46953772, 48.        ,  8.972208  ,  8.        ,  2.69071357,
        8.        ]), array([  9.87290575, -60.        ,  -5.05496576, -10.        ,
        -1.85429135, -10.        ]), array([  7.92357098,  60.        ,  14.45124251, -10.        ,
         5.85952477,  10.        ]), array([ 12.46899054, -60.        ,  -6.75039232,  10.        ,
        -3.77942888, -10.        ]), array([  7.74531576, -60.        ,   8.77115383,  10.        ,
         4.21249566, -10.        ]), array([ 4.90424781, 60.        , 16.4168111 , 10.        ,  7.56685954,
       10.        ]), array([  9.30080262,  60.        ,  -2.06664895, -10.        ,
        -1.54058719,  10.        ]), array([24.        , 24.        , 10.21430617, -4.        ,  3.00413283,
       -4.        ]), array([ 17.91680797, -24.        ,   4.43899516,  -4.        ,
         2.16093646,   4.        ]), array([  7.18931762, -24.        ,   1.42763588,   4.        ,
        -0.25595964,   4.        ]), array([ 5.62307042, 24.        ,  6.21420265, -4.        ,  2.64756126,
       -4.        ]), array([  5.98142514, -36.        ,   3.9124749 ,   6.        ,
         1.80852866,   6.        ]), array([ 7.37250983, 36.        ,  5.77935699, -6.        ,  1.41006196,
       -6.        ]), array([ 2.53707425, 36.        ,  9.55631185,  6.        ,  4.3156281 ,
        6.        ]), array([  4.98200917, -24.        ,   1.97037035,  -4.        ,
        -0.36303121,  -4.        ]), array([-11.4273261 , -60.        ,  25.58530616,  10.        ,
         9.90994789, -10.        ]), array([ -3.9732999, -12.       ,   6.       ,   2.       ,   2.       ,
         2.       ]), array([  3.03861627, -12.        ,   3.70666291,   2.        ,
         1.55958149,  -2.        ]), array([-16.85467624,  36.        ,  18.        ,   6.        ,
         6.        ,   6.        ]), array([ 0., -0.,  0., -0.,  0.,  0.]), array([24.        , 24.        ,  5.49265187, -4.        ,  4.        ,
       -4.        ]), array([-1.52321001e+01, -1.80895382e+01, -1.43422459e+01,  7.60011676e+00,
       -1.00000000e+01, -5.52308192e-15]), array([-1.05486340e+01, -1.33346421e+01, -1.08188401e+01,  5.34967157e+00,
       -8.74440398e+00, -5.33016984e-16]), array([-7.55620083e+00, -8.71152275e+00, -7.30505601e+00,  3.86106706e+00,
       -6.08771948e+00, -1.44415158e-15]), array([-5.13079781e+00, -5.21215132e+00, -4.64129695e+00,  2.63041260e+00,
       -4.09230411e+00, -8.90147712e-16]), array([-3.17037698e+00, -2.55822876e+00, -2.62261233e+00,  1.61911807e+00,
       -2.59998843e+00,  6.54182530e-16]), array([-1.59095054e+00, -5.43476588e-01, -1.09438363e+00,  7.93131421e-01,
       -1.48934916e+00, -2.26219747e-16]), array([-3.23721584e-01,  9.86124773e-01,  6.04186070e-02,  1.22924994e-01,
       -6.67490314e-01,  1.19580925e-16]), array([ 6.87560933e-01,  2.14631089e+00,  9.30615477e-01, -4.16818536e-01,
       -6.35311840e-02,  3.81462440e-16]), array([ 1.48889069e+00,  3.02452632e+00,  1.58377244e+00, -8.47642359e-01,
        3.76490297e-01,  4.99226576e-16]), array([ 2.11791823e+00,  3.68714811e+00,  2.07138315e+00, -1.18778162e+00,
        6.93573394e-01,  8.41825586e-17]), array([ 2.60552129e+00,  4.18475960e+00,  2.43275366e+00, -1.45261322e+00,
        9.18807837e-01, -3.23989468e-16]), array([ 2.97707884e+00,  4.55603541e+00,  2.69792522e+00, -1.65506783e+00,
        1.07572145e+00,  1.19567206e-15]), array([ 3.25349839e+00,  4.83062550e+00,  2.88988114e+00, -1.80599618e+00,
        1.18208049e+00,  5.46493062e-16]), array([ 3.45204227e+00,  5.03131066e+00,  3.02621800e+00, -1.91448837e+00,
        1.25126765e+00,  7.75201243e-16]), array([ 3.58699206e+00,  5.17562268e+00,  3.12041444e+00, -1.98814901e+00,
        1.29333549e+00, -1.27584851e-17]), array([ 3.67018366e+00,  5.27706836e+00,  3.18279635e+00, -2.03333215e+00,
        1.31581058e+00,  8.25564408e-16]), array([ 3.71143952e+00,  5.34605823e+00,  3.22127249e+00, -2.05534075e+00,
        1.32430703e+00,  6.07807853e-16]), array([ 3.71891884e+00,  5.39061400e+00,  3.24189627e+00, -2.05859543e+00,
        1.32299380e+00,  7.79976116e-16]), array([ 3.69940259e+00,  5.41690960e+00,  3.24929527e+00, -2.04677682e+00,
        1.31495051e+00, -6.43012220e-16]), array([ 3.65852642e+00,  5.42968615e+00,  3.24700029e+00, -2.02294527e+00,
        1.30243785e+00,  9.55964665e-16]), array([ 3.60097180e+00,  5.43257158e+00,  3.23769774e+00, -1.98964166e+00,
        1.28710283e+00,  1.29079841e-15]), array([ 3.53062349e+00,  5.42832743e+00,  3.22342362e+00, -1.94897192e+00,
        1.27013436e+00,  5.92241308e-16]), array([ 3.45069972e+00,  5.41904015e+00,  3.20571274e+00, -1.90267801e+00,
        1.25238089e+00,  6.35923469e-16]), array([ 3.36386025e+00,  5.40626983e+00,  3.18571376e+00, -1.85219748e+00,
        1.23443911e+00,  2.56640041e-16]), array([ 3.27229629e+00,  5.39116622e+00,  3.16427805e+00, -1.79871333e+00,
        1.21672081e+00,  1.29490364e-16]), array([ 3.17780545e+00,  5.37455957e+00,  3.14202826e+00, -1.74319587e+00,
        1.19950291e+00,  2.02179190e-16]), array([ 3.08185448e+00,  5.35703184e+00,  3.11941157e+00, -1.68643774e+00,
        1.18296491e+00,  1.19657349e-16]), array([ 2.98563180e+00,  5.33897286e+00,  3.09674087e+00, -1.62908318e+00,
        1.16721669e+00,  1.12597526e-15]), array([ 2.89009157e+00,  5.32062456e+00,  3.07422679e+00, -1.57165265e+00,
        1.15231910e+00,  7.65152472e-16]), array([ 2.79599074e+00,  5.30211603e+00,  3.05200253e+00, -1.51456329e+00,
        1.13829910e+00, -2.26747514e-16]), array([ 2.70392024e+00,  5.28349126e+00,  3.03014323e+00, -1.45814618e+00,
        1.12516076e+00,  4.64099891e-17]), array([ 2.61433123,  5.26473112,  3.00868102, -1.40266063,  1.11289324,
        0.        ]), array([ 2.52755730e+00,  5.24577087e+00,  2.98761669e+00, -1.34830622e+00,
        1.10147645e+00,  1.06893417e-16]), array([ 2.44383322e+00,  5.22651394e+00,  2.96692875e+00, -1.29523289e+00,
        1.09088504e+00,  5.82117138e-17]), array([ 2.36331077e+00,  5.20684291e+00,  2.94658055e+00, -1.24354928e+00,
        1.08109113e+00, -3.14736027e-16]), array([ 2.28607220e+00,  5.18662812e+00,  2.92652564e+00, -1.19332983e+00,
        1.07206613e+00,  5.87226557e-16]), array([ 2.21214169e+00,  5.16573444e+00,  2.90671201e+00, -1.14462064e+00,
        1.06378194e+00,  3.07282240e-16]), array([ 2.14149500e+00,  5.14402653e+00,  2.88708524e+00, -1.09744442e+00,
        1.05621161e+00, -6.10999483e-16]), array([ 2.07406782e+00,  5.12137283e+00,  2.86759097e+00, -1.05180462e+00,
        1.04932973e+00, -1.76918797e-16]), array([ 2.00976280e+00,  5.09764865e+00,  2.84817666e+00, -1.00768895e+00,
        1.04311262e+00,  3.98769610e-16]), array([ 1.94845564e+00,  5.07273839e+00,  2.82879295e+00, -9.65072311e-01,
        1.03753824e+00,  6.44351596e-16]), array([ 1.89000028e+00,  5.04653712e+00,  2.80939454e+00, -9.23919231e-01,
        1.03258620e+00,  5.36714098e-16]), array([ 1.83423335e+00,  5.01895166e+00,  2.78994087e+00, -8.84185991e-01,
        1.02823753e+00,  2.40235429e-17]), array([ 1.78097807e+00,  4.98990119e+00,  2.77039652e+00, -8.45822382e-01,
        1.02447452e+00, -1.43871793e-17]), array([ 1.73004751e+00,  4.95931756e+00,  2.75073136e+00, -8.08773203e-01,
        1.02128057e+00,  2.59790354e-16]), array([ 1.68124750e+00,  4.92714526e+00,  2.73092069e+00, -7.72979540e-01,
        1.01863998e+00,  3.48944917e-16]), array([ 1.63437913e+00,  4.89334124e+00,  2.71094509e+00, -7.38379841e-01,
        1.01653778e+00,  3.85625931e-16]), array([ 1.58924086e+00,  4.85787454e+00,  2.69079039e+00, -7.04910848e-01,
        1.01495961e+00, -2.64662740e-16]), array([ 1.54563041e+00,  4.82072572e+00,  2.67044735e+00, -6.72508372e-01,
        1.01389156e+00,  4.06052447e-16]), array([ 1.50334638e+00,  4.78188629e+00,  2.64991148e+00, -6.41107968e-01,
        1.01332007e+00,  5.79756010e-17]), array([ 1.46218965e+00,  4.74135802e+00,  2.62918270e+00, -6.10645500e-01,
        1.01323187e+00,  3.05537386e-16]), array([ 1.42196457e+00,  4.69915214e+00,  2.60826502e+00, -5.81057619e-01,
        1.01361386e+00,  5.56620808e-16]), array([ 1.38248002e+00,  4.65528867e+00,  2.58716621e+00, -5.52282175e-01,
        1.01445312e+00, -4.44701344e-16]), array([ 1.34355029e+00,  4.60979551e+00,  2.56589743e+00, -5.24258548e-01,
        1.01573682e+00, -2.40621940e-16]), array([ 1.30499585e+00,  4.56270777e+00,  2.54447290e+00, -4.96927937e-01,
        1.01745224e+00,  2.40879847e-16]), array([ 1.26664402e+00,  4.51406688e+00,  2.52290949e+00, -4.70233587e-01,
        1.01958675e+00,  5.97740603e-16]), array([ 1.22832945e+00,  4.46391991e+00,  2.50122643e+00, -4.44120974e-01,
        1.02212777e+00,  2.25418999e-16]), array([ 1.18989465e+00,  4.41231876e+00,  2.47944491e+00, -4.18537952e-01,
        1.02506284e+00,  2.93575479e-16]), array([ 1.15119029e+00,  4.35931950e+00,  2.45758777e+00, -3.93434857e-01,
        1.02837959e+00,  2.84754875e-16]), array([ 1.11207554e+00,  4.30498162e+00,  2.43567917e+00, -3.68764589e-01,
        1.03206577e+00,  1.87100418e-16]), array([ 1.07241827e+00,  4.24936748e+00,  2.41374425e+00, -3.44482658e-01,
        1.03610927e+00, -1.54090848e-16]), array([0., 0., 0., 0., 0., 0.])], 'ball_pos_history': [array([-0.55602978, -7.94221066,  1.24899087]), array([-0.55759572, -7.89723791,  1.23364308]), array([-0.55916167, -7.85226517,  1.21805004]), array([-0.56072761, -7.80729242,  1.20221175]), array([-0.56229355, -7.76231968,  1.18612821]), array([-0.5638595 , -7.71734693,  1.16979942]), array([-0.56542544, -7.67237418,  1.15322538]), array([-0.56699139, -7.62740144,  1.13640609]), array([-0.56855733, -7.58242869,  1.11934155]), array([-0.57012327, -7.53745595,  1.10203176]), array([-0.57168922, -7.4924832 ,  1.08447672]), array([-0.57325516, -7.44751046,  1.06667643]), array([-0.57482111, -7.40253771,  1.04863089]), array([-0.57638705, -7.35756497,  1.0303401 ]), array([-0.57795299, -7.31259222,  1.01180406]), array([-0.57951894, -7.26761948,  0.99302277]), array([-0.58108488, -7.22264673,  0.97399623]), array([-0.58265083, -7.17767399,  0.95472444]), array([-0.58421677, -7.13270124,  0.93520739]), array([-0.58578271, -7.0877285 ,  0.9154451 ]), array([-0.58734866, -7.04275575,  0.89543756]), array([-0.5889146 , -6.99778301,  0.87518477]), array([-0.59048055, -6.95281026,  0.85468673]), array([-0.59204649, -6.90783751,  0.83394344]), array([-0.59361243, -6.86286477,  0.8129549 ]), array([-0.59517838, -6.81789202,  0.79172111]), array([-0.59674432, -6.77291928,  0.77024207]), array([-0.59831026, -6.72794653,  0.74851778]), array([-0.59987621, -6.68297379,  0.72654824]), array([-0.60144215, -6.63800104,  0.70433345]), array([-0.6030081 , -6.5930283 ,  0.68187341]), array([-0.60457404, -6.54805555,  0.65916812]), array([-0.60613998, -6.50308281,  0.63621758]), array([-0.60770593, -6.45811006,  0.61302179]), array([-0.60927187, -6.41313732,  0.58958075]), array([-0.61083782, -6.36816457,  0.56589446]), array([-0.61240376, -6.32319183,  0.54196292]), array([-0.6139697 , -6.27821908,  0.51778613]), array([-0.61553565, -6.23324634,  0.49336409]), array([-0.61710159, -6.18827359,  0.4686968 ]), array([-0.61866754, -6.14330084,  0.44378425]), array([-0.62023348, -6.0983281 ,  0.41862646]), array([-0.62179942, -6.05335535,  0.39322342]), array([-0.62336537, -6.00838261,  0.36757513]), array([-0.62493131, -5.96340986,  0.34168159]), array([-0.62649726, -5.91843712,  0.3155428 ]), array([-0.6280632 , -5.87346437,  0.28915876]), array([-0.62962914, -5.82849163,  0.26252947]), array([-0.63119509, -5.78351888,  0.23565493]), array([-0.63276103, -5.73854614,  0.20853514]), array([-0.63432698, -5.69357339,  0.1811701 ]), array([-0.63589292, -5.64860065,  0.15355981]), array([-0.63745886, -5.6036279 ,  0.12570427]), array([-0.63902481, -5.55865516,  0.09760348]), array([-0.64059075, -5.51368241,  0.06925744]), array([-0.6421567 , -5.46870967,  0.04066615]), array([-0.64372264, -5.42373692,  0.033     ]), array([-0.64521029, -5.38101281,  0.05438216]), array([-0.64669793, -5.3382887 ,  0.07551906]), array([-0.64818558, -5.2955646 ,  0.09641072]), array([-0.64967323, -5.25284049,  0.11705712]), array([-0.65116087, -5.21011638,  0.13745828]), array([-0.65264852, -5.16739227,  0.15761418]), array([-0.65413617, -5.12466816,  0.17752484]), array([-0.65562381, -5.08194406,  0.19719024]), array([-0.65711146, -5.03921995,  0.2166104 ]), array([-0.65859911, -4.99649584,  0.2357853 ]), array([-0.66008675, -4.95377173,  0.25471496]), array([-0.6615744 , -4.91104762,  0.27339936]), array([-0.66306205, -4.86832352,  0.29183852]), array([-0.66454969, -4.82559941,  0.31003242]), array([-0.66603734, -4.7828753 ,  0.32798108]), array([-0.66752499, -4.74015119,  0.34568449]), array([-0.66901263, -4.69742708,  0.36314264]), array([-0.67050028, -4.65470298,  0.38035555]), array([-0.67198793, -4.61197887,  0.3973232 ]), array([-0.67347557, -4.56925476,  0.41404561]), array([-0.67496322, -4.52653065,  0.43052276]), array([-0.67645087, -4.48380654,  0.44675467]), array([-0.67793851, -4.44108244,  0.46274132]), array([-0.67942616, -4.39835833,  0.47848273]), array([-0.68091381, -4.35563422,  0.49397888]), array([-0.68240146, -4.31291011,  0.50922979]), array([-0.6838891 , -4.270186  ,  0.52423544]), array([-0.68537675, -4.22746189,  0.53899585]), array([-0.6868644 , -4.18473779,  0.55351101]), array([-0.68835204, -4.14201368,  0.56778091]), array([-0.68983969, -4.09928957,  0.58180557]), array([-0.69132734, -4.05656546,  0.59558497]), array([-0.69281498, -4.01384135,  0.60911913]), array([-0.69430263, -3.97111725,  0.62240803]), array([-0.69579028, -3.92839314,  0.63545169]), array([-0.69727792, -3.88566903,  0.64825009]), array([-0.69876557, -3.84294492,  0.66080325]), array([-0.70025322, -3.80022081,  0.67311115]), array([-0.70174086, -3.75749671,  0.68517381]), array([-0.70322851, -3.7147726 ,  0.69699121]), array([-0.70471616, -3.67204849,  0.70856337]), array([-0.7062038 , -3.62932438,  0.71989027]), array([-0.70769145, -3.58660027,  0.73097193]), array([-0.7091791 , -3.54387617,  0.74180834]), array([-0.71066674, -3.50115206,  0.75239949]), array([-0.71215439, -3.45842795,  0.7627454 ]), array([-0.71364204, -3.41570384,  0.77284605]), array([-0.71512968, -3.37297973,  0.78270146]), array([-0.71661733, -3.33025563,  0.79231161]), array([-0.71810498, -3.28753152,  0.80167652]), array([-0.71959262, -3.24480741,  0.81079617]), array([-0.72108027, -3.2020833 ,  0.81967058]), array([-0.72256792, -3.15935919,  0.82829973]), array([-0.72405556, -3.11663509,  0.83668364]), array([-0.72554321, -3.07391098,  0.84482229]), array([-0.72703086, -3.03118687,  0.8527157 ]), array([-0.7285185 , -2.98846276,  0.86036386]), array([-0.73000615, -2.94573865,  0.86776676]), array([-0.7314938 , -2.90301455,  0.87492442]), array([-0.73298144, -2.86029044,  0.88183682]), array([-0.73446909, -2.81756633,  0.88850398]), array([-0.73595674, -2.77484222,  0.89492588]), array([-0.73744439, -2.73211811,  0.90110254]), array([-0.73893203, -2.68939401,  0.90703394]), array([-0.74041968, -2.6466699 ,  0.9127201 ]), array([-0.74190733, -2.60394579,  0.918161  ]), array([-0.74339497, -2.56122168,  0.92335666]), array([-0.74488262, -2.51849757,  0.92830706]), array([-0.74637027, -2.47577347,  0.93301222]), array([-0.74785791, -2.43304936,  0.93747212]), array([-0.74934556, -2.39032525,  0.94168678]), array([-0.75083321, -2.34760114,  0.94565619]), array([-0.75232085, -2.30487703,  0.94938034]), array([-0.7538085 , -2.26215293,  0.95285925]), array([-0.75529615, -2.21942882,  0.9560929 ]), array([-0.75678379, -2.17670471,  0.95908131]), array([-0.75827144, -2.1339806 ,  0.96182446]), array([-0.75975909, -2.09125649,  0.96432237]), array([-0.76124673, -2.04853239,  0.96657502]), array([-0.76273438, -2.00580828,  0.96858243]), array([-0.76422203, -1.96308417,  0.97034458]), array([-0.76570967, -1.92036006,  0.97186149]), array([-0.76719732, -1.87763595,  0.97313314]), array([-0.76868497, -1.83491185,  0.97415955]), array([-0.77017261, -1.79218774,  0.9749407 ]), array([-0.77166026, -1.74946363,  0.97547661]), array([-0.77314791, -1.70673952,  0.97576727]), array([-0.77463555, -1.66401541,  0.97581267]), array([-0.7761232 , -1.62129131,  0.97561283]), array([-0.77761085, -1.5785672 ,  0.97516773]), array([-0.77909849, -1.53584309,  0.97447739]), array([-0.78058614, -1.49311898,  0.97354179]), array([-0.78207379, -1.45039487,  0.97236095]), array([-0.78356143, -1.40767076,  0.97093485]), array([-0.78504908, -1.36494666,  0.96926351]), array([-0.78653673, -1.32222255,  0.96734691]), array([-0.78802437, -1.27949844,  0.96518507]), array([-0.78951202, -1.23677433,  0.96277797]), array([-0.79099967, -1.19405022,  0.96012563]), array([-0.79248731, -1.15132612,  0.95722804]), array([-0.79397496, -1.10860201,  0.95408519]), array([-0.79546261, -1.0658779 ,  0.9506971 ]), array([-0.79695026, -1.02315379,  0.94706375]), array([-0.7984379 , -0.98042968,  0.94318516]), array([-0.79992555, -0.93770558,  0.93906131]), array([-0.8014132 , -0.89498147,  0.93469222]), array([-0.80290084, -0.85225736,  0.93007787]), array([-0.80438849, -0.80953325,  0.92521828]), array([-0.80587614, -0.76680914,  0.92011343]), array([-0.80736378, -0.72408504,  0.91476334]), array([-0.80885143, -0.68136093,  0.90916799]), array([-0.81033908, -0.63863682,  0.9033274 ]), array([-0.81182672, -0.59591271,  0.89724155]), array([-0.81331437, -0.5531886 ,  0.89091046]), array([-0.81480202, -0.5104645 ,  0.88433412]), array([-0.81807405, -0.46894757,  0.8779033 ]), array([-0.79743184, -0.48728903,  0.85446264]), array([-0.77990114, -0.50295877,  0.83103805]), array([-0.76236494, -0.52083642,  0.80625482]), array([-0.74482874, -0.53871408,  0.78122633]), array([-0.72729255, -0.55659173,  0.7559526 ]), array([-0.70975635, -0.57446938,  0.73043361]), array([-0.69222015, -0.59234704,  0.70466938]), array([-0.67468395, -0.61022469,  0.67865989]), array([-0.65714775, -0.62810235,  0.65240516]), array([-0.63961155, -0.64598   ,  0.62590518]), array([-0.62207535, -0.66385765,  0.59915994]), array([-0.60453915, -0.68173531,  0.57216946]), array([-0.58700296, -0.69961296,  0.54493372]), array([-0.56946676, -0.71749061,  0.51745274]), array([-0.55193056, -0.73536827,  0.4897265 ]), array([-0.53439436, -0.75324592,  0.46175502]), array([-0.51685816, -0.77112358,  0.43353829]), array([-0.49932196, -0.78900123,  0.4050763 ]), array([-0.48178576, -0.80687888,  0.37636907]), array([-0.46424956, -0.82475654,  0.34741658]), array([-0.44671337, -0.84263419,  0.31821885]), array([-0.42917717, -0.86051185,  0.28877586]), array([-0.41164097, -0.8783895 ,  0.25908763]), array([-0.39410477, -0.89626715,  0.22915415]), array([-0.37656857, -0.91414481,  0.19897541]), array([-0.35903237, -0.93202246,  0.16855143]), array([-0.34149617, -0.94990011,  0.13788219]), array([-0.32395997, -0.96777777,  0.10696771]), array([-0.30642378, -0.98565542,  0.07580797]), array([-0.28888758, -1.00353308,  0.04440299]), array([-0.27135138, -1.02141073,  0.033     ]), array([-0.25469199, -1.0383945 ,  0.05649243]), array([-0.2380326 , -1.05537827,  0.0797396 ]), array([-0.22137321, -1.07236204,  0.10274153]), array([-0.20471382, -1.08934581,  0.1254982 ]), array([-0.18805443, -1.10632959,  0.14800963]), array([-0.17139505, -1.12331336,  0.1702758 ]), array([-0.15473566, -1.14029713,  0.19229673]), array([-0.13807627, -1.1572809 ,  0.21407241]), array([-0.12141688, -1.17426467,  0.23560283]), array([-0.10475749, -1.19124844,  0.25688801]), array([-0.0880981 , -1.20823221,  0.27792793]), array([-0.07143871, -1.22521598,  0.29872261]), array([-0.05477932, -1.24219976,  0.31927203]), array([-0.03811994, -1.25918353,  0.33957621]), array([-0.02146055, -1.2761673 ,  0.35963514]), array([-0.00480116, -1.29315107,  0.37944881]), array([ 0.01185823, -1.31013484,  0.39901724]), array([ 0.02851762, -1.32711861,  0.41834041]), array([ 0.04517701, -1.34410238,  0.43741834]), array([ 0.0618364 , -1.36108615,  0.45625102]), array([ 0.07849579, -1.37806992,  0.47483844]), array([ 0.09515517, -1.3950537 ,  0.49318062]), array([ 0.11181456, -1.41203747,  0.51127754]), array([ 0.12847395, -1.42902124,  0.52912922]), array([ 0.14513334, -1.44600501,  0.54673564]), array([ 0.16179273, -1.46298878,  0.56409682]), array([ 0.17845212, -1.47997255,  0.58121275]), array([ 0.19511151, -1.49695632,  0.59808342]), array([ 0.2117709 , -1.51394009,  0.61470885]), array([ 0.22843028, -1.53092386,  0.63108902]), array([ 0.24508967, -1.54790764,  0.64722395]), array([ 0.26174906, -1.56489141,  0.66311362]), array([ 0.27840845, -1.58187518,  0.67875805])], 'distances_history': [7.622288759717123, 7.576604684942237, 7.530956408062841, 7.485343175466447, 7.439764561739704, 7.394220410221852, 7.3487107897054385, 7.303235962441449, 7.257796360318322, 7.212392567123245, 7.167025305420041, 7.121695426966461, 7.076403905859251, 7.03115183379493, 6.985940416988731, 6.940770974411177, 6.895644937088131, 6.850563848273013, 6.805529364345797, 6.760543256327088, 6.715607411920851, 6.670723655396106, 6.62589411295946, 6.581121034438005, 6.536406797301102, 6.49175391088082, 6.447165020805964, 6.40264291365449, 6.358190521823915, 6.31381092861681, 6.2695073735372695, 6.225283257793648, 6.181142150002718, 6.137087792090234, 6.093124105382877, 6.0492551968865085, 6.005485365745564, 5.961819109878384, 5.91826113278313, 5.8748163505088105, 5.831489898785763, 5.788286057154952, 5.745210464596179, 5.702268992476895, 5.6594677547666805, 5.616813117712083, 5.574311709176285, 5.53197042776867, 5.489796451842115, 5.447797248406545, 5.405980581988534, 5.364354523453943, 5.322927458801296, 5.281708097926442, 5.240705483353101, 5.199928998918598, 5.156472097755992, 5.111349254571429, 5.066325802205429, 5.021399983766611, 4.976570000469533, 4.931836945757711, 4.8871987226838725, 4.8426532426878595, 4.798198420185684, 4.753832169885003, 4.7095524059316975, 4.6653570423044926, 4.621243994065357, 4.577211179193141, 4.533256520805411, 4.489377949625315, 4.445573406586085, 4.401840845491381, 4.358178235668463, 4.31458356456544, 4.2710548402547905, 4.227590093814168, 4.1841873815624595, 4.140844787134861, 4.097560423385534, 4.054332434110383, 4.011158995585871, 3.9680383179226983, 3.9249686462355613, 3.881948261632283, 3.838975482027374, 3.79604866278651, 3.753166197209663, 3.7103265168615684, 3.667528091759046, 3.6247694304252613, 3.5820490798214877, 3.5393656251672216, 3.496717689659689, 3.454103934103844, 3.411523056463925, 3.3689737913475373, 3.326454909433057, 3.283965216850895, 3.241503554528929, 3.1990687975120955, 3.156659854265825, 3.114275665972694, 3.0719152058313846, 3.0295774783667353, 2.9872615187594214, 2.944966392203626, 2.9026911933008606, 2.8604350454980474, 2.8181971005779234, 2.775976538209917, 2.733772565569809, 2.6915844170367436, 2.649411353976597, 2.6072526646212064, 2.5651076640537034, 2.522975694311039, 2.4808561246159235, 2.4387483517516744, 2.396651800595101, 2.3545659248244504, 2.312490207821717, 2.2704241637912976, 2.2283673391202066, 2.186319314008824, 2.1442797044056614, 2.1022481642849136, 2.060224388311936, 2.0182081149492452, 1.9761991300646398, 1.9341972711137425, 1.8922024319821023, 1.850214568587481, 1.808233705361611, 1.7662599427533463, 1.724293465922678, 1.682334554828757, 1.6403835959563784, 1.5984410959763504, 1.5565076976983063, 1.5132235610970557, 1.4675705025959822, 1.4201837017369436, 1.3736591985827598, 1.3275853381370553, 1.280447002577366, 1.234401038756043, 1.1875213991935247, 1.1411343699066063, 1.0941647234886198, 1.04778357366052, 1.0004094915084598, 0.9524102327891238, 0.9046804432561153, 0.8564969609902621, 0.8070093363586783, 0.7587235798138879, 0.7114555079766289, 0.6644438271278298, 0.6163871403885955, 0.5675373616335906, 0.5183531720448274, 0.469881605492307, 0.42130001690079194, 0.3738860451857825, 0.326508767312803, 0.28024038992868217, 0.23575928215519507, 0.1952664393835143, 0.16012784609069042, 0.13424773589433767, 0.12402679328485812, 0.10990682620724898, 0.11133594072628175, 0.12628855185304658, 0.14910876702517606, 0.17627434225691094, 0.20586041905694866, 0.2368917324572728, 0.26886850212922553, 0.3015239640930944, 0.3347084844764223, 0.3683336473232973, 0.4023444165529879, 0.4367047612184633, 0.47138995654780674, 0.5063823096151406, 0.5416686992203421, 0.5772391063374681, 0.6130857014159397, 0.6492022540360187, 0.6855837350145544, 0.7222260373122801, 0.7591257730049715, 0.7962801208971196, 0.8336867092344205, 0.8713435237074743, 0.9092488343338423, 0.947401136858278, 0.9857991055841278, 1.0244415553630655, 1.0633274110100583, 1.0858096865989473, 1.0794775098844376, 1.074178099207464, 1.0699104663809167, 1.0666715676795944, 1.0644562436796208, 1.0632571880297055, 1.0630649467629079, 1.063867948613359, 1.065652565692346, 1.0684032028482704, 1.0721024131291204, 1.0767310360212539, 1.0822683545810385, 1.088692267220033, 1.095979469750649, 1.1041056433357253, 1.1130456441900216, 1.122773691224565, 1.1332635482718096, 1.1444886980452562, 1.1564225055374806, 1.1690383691149333, 1.1823098581009948, 1.1962108361308992, 1.2107155699995453, 1.225798824097684, 1.241435940840167, 1.2576029077325115, 1.2742764119026828, 1.2914338830494116, 1.3090535258336833, 1.3271143427737933], 'normal_align_history': [0.6403421576846027, 0.6403220221917894, 0.6402893578708219, 0.6402488846859817, 0.6402035904419032, 0.6401554106920914, 0.6401056352661816, 0.6400551552300746, 0.6400046152848742, 0.639954509162957, 0.6399052400051949, 0.6398571587845656, 0.6398105886873886, 0.6397658403502876, 0.6397232210586149, 0.6396830399206198, 0.6396456103492552, 0.6396112507457951, 0.6395802839921712, 0.6395530361668865, 0.6395298347690465, 0.6395108479508134, 0.639496398967959, 0.6394868126530742, 0.63948240839078, 0.6394834956182512, 0.6394903706726318, 0.6395033143604719, 0.639522589922889, 0.6395484412303875, 0.6395810911265761, 0.6396207398850006, 0.6396675637666335, 0.6397217136774237, 0.6397833139310832, 0.6398524611249017, 0.6399292231373336, 0.6400136382562436, 0.6401057144463425, 0.6402054287637717, 0.640312726925059, 0.6404266851009065, 0.6405472141385566, 0.6406742250052812, 0.640807605007244, 0.6409472070781179, 0.6410928458938614, 0.6412442974777495, 0.6414013005341914, 0.6415635585976214, 0.641730742535329, 0.6419024931815277, 0.642078424002978, 0.6422581237577147, 0.6424411591370747, 0.642627077392891, 0.6428154089549822, 0.643005670043209, 0.6431973652759325, 0.6433899902737017, 0.6435830342541207, 0.6437782358245533, 0.6439749887939473, 0.6441725829197669, 0.6443702838342401, 0.6445673714071134, 0.6447631566896913, 0.6449569881700695, 0.6451482529780244, 0.645336375940356, 0.6455208179279459, 0.6457010741677006, 0.6458766727964931, 0.6460471737366885, 0.6462121678800106, 0.6463712765278044, 0.6465241510242732, 0.6466704725206889, 0.6468099518155471, 0.646942329224488, 0.6470673744426284, 0.6471848863701107, 0.6472946928787576, 0.6473966505038052, 0.647490644049777, 0.647576586103792, 0.6476544164531137, 0.6477241014066137, 0.6477856330221803, 0.6478390282439809, 0.6478843279550356, 0.6479215959517244, 0.6479509178477919, 0.6479723999160766, 0.6479861678766677, 0.6479923656404861, 0.6479911540174181, 0.6479827093981309, 0.6479672224185664, 0.6479448966159145, 0.647915947084523, 0.6478805991398388, 0.6478390869980154, 0.6477916524783267, 0.6477385437349823, 0.6476800140243719, 0.6476163205131624, 0.6475477231320793, 0.6474744834795726, 0.6473968637789638, 0.6473151258920614, 0.6472295303916481, 0.6471403356946454, 0.6470477972572413, 0.6469521668327183, 0.6468536917922285, 0.6467526145083121, 0.6466491718005102, 0.6465435944420472, 0.6464361067261956, 0.646326926090614, 0.6462162627976903, 0.6461043196686589, 0.6459912918690681, 0.6458773667430033, 0.6457627236933374, 0.6456475341051708, 0.6455319613095734, 0.6454161605846651, 0.6453002791910923, 0.6451844564389388, 0.645068823783162, 0.6449535049446801, 0.644838616054319, 0.644724265816909, 0.6446105556929103, 0.6444975800950734, 0.6443854265977491, 0.6442741761565858, 0.6441639033364989, 0.6440546765459123, 0.6541397525942212, 0.6563216907858809, 0.6643718246208713, 0.6670545901375265, 0.6791398286524754, 0.6814951047938433, 0.678605419488548, 0.6818317414977597, 0.6791169192946543, 0.6825964378988996, 0.6801041167841484, 0.6832784518679983, 0.6923910178247931, 0.7078877896226801, 0.7145437535556961, 0.7262062080538725, 0.7324502754538259, 0.7337202842613869, 0.7430537841334962, 0.7568726023755363, 0.7673197540609754, 0.7796137248489745, 0.7942218230569811, 0.8050482964558158, 0.8195105300137894, 0.82895936163801, 0.8416380457733416, 0.8509640377952608, 0.8562840491442713, 0.8625031882663394, 0.8678058909926902, 0.8760482144478166, 0.8836317439297592, 0.8888700420194059, 0.8940680093269823, 0.8989859625083496, 0.9036149232135935, 0.9079504500365697, 0.9119907108855021, 0.9157357873592197, 0.9191874175755281, 0.922348838228182, 0.9252246064723281, 0.9278203801827645, 0.9301426722039119, 0.9321986027603928, 0.9339956708695694, 0.9355415585704022, 0.9368439747615079, 0.9379105398435686, 0.9387487084992772, 0.9393657256459274, 0.9397686095227007, 0.9399641556718529, 0.9399589559333963, 0.9397594272567192, 0.9393718459660084, 0.9388023839812424, 0.9380571443185408, 0.9371421939305729, 0.93606359257983, 0.9348274169600611, 0.9334397796985432, 0.9319068431937914, 0.9302348284820796, 0.9284300194945744, 0.9264987631775081, 0.9244474660120731, 0.922282587498666, 0.9200106311704842, 0.9176381336814582, 0.9151716524791673, 0.9126177525294707, 0.9099829925100068, 0.9072739108374336, 0.9044970118405643, 0.9016587523401879, 0.8987655288474751, 0.8958236655474207, 0.892839403192218, 0.8898188889921693, 0.8867681675587861, 0.8836931729261188, 0.8805997216519358, 0.8774935069799283, 0.874380094027401, 0.8712649159495852, 0.8681532710214936, 0.8650503205707596, 0.8619610876898577, 0.8588904566531617, 0.8558431729631512, 0.8528238439504241, 0.8498369398537865, 0.8468867953092606], 'ball_near_history': [False, False, False, False, False, False, False, False, False, False, False, False, False, False, False, False, False, False, False, False, False, False, False, False, False, False, False, False, False, False, False, False, False, False, False, False, False, False, False, False, False, False, False, False, False, False, False, False, False, False, False, False, False, False, False, False, False, False, False, False, False, False, False, False, False, False, False, False, False, False, False, False, False, False, False, False, False, False, False, False, False, False, False, False, False, False, False, False, False, False, False, False, False, False, False, False, False, False, False, False, False, False, False, False, False, False, False, False, False, False, False, False, False, False, False, False, False, False, False, False, False, False, False, False, False, False, False, False, False, False, False, False, False, False, False, False, False, False, False, False, False, False, False, False, False, False, False, False, False, False, False, False, False, False, False, False, False, False, False, False, False, False, False, False, False, False, False, False, False, False, True, True, True, True, True, True, True, True, False, False, False, False, False, False, False, False, False, False, False, False, False, False, False, False, False, False, False, False, False, False, False, False, False, False, False, False, False, False, False, False, False, False, False, False, False, False, False, False, False, False, False, False, False, False, False, False, False, False, False, False, False, False, False, False, False, False], 'tube_ready_history': [False, False, False, False, False, False, False, False, False, False, False, False, False, False, False, False, False, False, False, False, False, False, False, False, False, False, False, False, False, False, False, False, False, False, False, False, False, False, False, False, False, False, False, False, False, False, False, False, False, False, False, False, False, False, False, False, False, False, False, False, False, False, False, False, False, False, False, False, False, False, False, False, False, False, False, False, False, False, False, False, False, False, False, False, False, False, False, False, False, False, False, False, False, False, False, False, False, False, False, False, False, False, False, False, False, False, False, False, False, False, False, False, False, False, False, False, False, False, False, False, False, False, False, False, False, False, False, False, False, False, False, False, False, False, False, False, False, False, False, False, False, False, False, False, False, False, False, False, False, False, False, False, False, False, False, False, False, False, False, False, False, False, False, False, False, True, True, True, True, True, True, True, True, True, True, True, True, True, True, True, True, True, True, True, True, True, False, False, False, False, False, False, False, False, False, False, False, False, False, False, False, False, False, False, False, False, False, False, False, False, False, False, False, False, False, False, False, False, False, False, False, False, False, False, False, False, False, False, False, False, False, False, False, False, False, False], 'pos_error_history': [0.009352300643002043, 0.009348071876589623, 0.009386535667214152, 0.009511727268808941, 0.009772805817110266, 0.010217222743687623, 0.010883198372263883, 0.011794398403595297, 0.012959000466222283, 0.01437276539276835, 0.01602379595451393, 0.017896800386706265, 0.019975928042131552, 0.022246250358028477, 0.02469432864441792, 0.027308284117493874, 0.030077644900795713, 0.032993120473638206, 0.036046374759128245, 0.03922982602949147, 0.041411102289308985, 0.04480153016859191, 0.048307141499948206, 0.051921354752118815, 0.055637917509269205, 0.05945083051270434, 0.06335428819554167, 0.06734263215963959, 0.07141031479944664, 0.0755518709045163, 0.07976189557140938, 0.08403502714355775, 0.08836593419511786, 0.09274930580137286, 0.09717984451005446, 0.10165226155803968, 0.10616127397637234, 0.11070160330106912, 0.11526797566360361, 0.1198551230776718, 0.12369529102671767, 0.12829935394955327, 0.13290992538908905, 0.13752171352220444, 0.14212946330632673, 0.14672796014218095, 0.15131203449716502, 0.15587656731693147, 0.1604164960819298, 0.1649268213873084, 0.1694026139408736, 0.17383902188622258, 0.17823127836776914, 0.18257470926194444, 0.18686474100495495, 0.19109690845250532, 0.19526686271121055, 0.19937037888520595, 0.20340336368494372, 0.2073618628484202, 0.2135532222298843, 0.21734708922369206, 0.2210518419476037, 0.2246643943732438, 0.22818179552833395, 0.2316012445831813, 0.23492010307484745, 0.2381359048470053, 0.24124636413096287, 0.24424938208307576, 0.24714305201356257, 0.24992566348309178, 0.25259570540058707, 0.25515186822429786, 0.2575930453452948, 0.25991833371597406, 0.2621270337742462, 0.2642186487056521, 0.2661928830797896, 0.26804964089345973, 0.26978902305034713, 0.271411324305488, 0.27291702970189563, 0.2743068105263573, 0.27558151981140383, 0.2767421874106359, 0.2777900146749274, 0.2787263687574028, 0.27955277657548916, 0.2802709184586971, 0.2808826215111145, 0.2813898527178184, 0.2817947118245742, 0.28209942402023586, 0.2823063324512149, 0.28241789059721956, 0.2824366545372042, 0.2823652751340849, 0.2822064901662949, 0.281963116433651, 0.2816380418643127, 0.28123421764881795, 0.280754650426278, 0.280202394546851, 0.27958054443352803, 0.2788922270651467, 0.278140594601321, 0.2773288171687148, 0.2764600758267593, 0.2755375557295489, 0.2745644394992388, 0.2735439008248499, 0.2724790982989253, 0.2713731695030287, 0.27022922535162847, 0.2690503447024523, 0.2678395692399749, 0.2665998986372944, 0.2653342860002941, 0.26404563359664973, 0.26273678887096313, 0.26141054074609005, 0.26006961620954755, 0.25871667718280367, 0.2573543176701969, 0.2559850611832969, 0.2546113584356047, 0.2532355853016946, 0.2518600410341566, 0.25048694673103966, 0.24911844404591324, 0.2477565941321588, 0.24640337681266106, 0.24506068996572125, 0.2437303491177132, 0.24241408723277308, 0.241113554689677, 0.2398303194359223, 0.23856586730902554, 0.23732160251502313, 0.2338691975257341, 0.22939074273546517, 0.2235701096487287, 0.21911488166398593, 0.21456653107375911, 0.20871589158067036, 0.2042021041294783, 0.19989984103814196, 0.1943276782159349, 0.19024831252267196, 0.18524406519372646, 0.1804629271760795, 0.17707339283413714, 0.1732159673821302, 0.17090084272119027, 0.16798818869598986, 0.16656800459169852, 0.16539832053275946, 0.16294752872282112, 0.16113982751289968, 0.159560979957758, 0.1590396529321072, 0.1593787076767285, 0.16005729828186352, 0.16137013912931847, 0.16312593055145633, 0.16449350935116175, 0.1669337191506956, 0.16871796227483982, 0.1708190172070167, 0.1733236494952608, 0.17492743865910182, 0.17706708475765928, 0.18046255952988605, 0.1833668548911699, 0.186000131248175, 0.18836194643673154, 0.1905055607223743, 0.19249950395010676, 0.19441009767650289, 0.19629450521646677, 0.19819887828986057, 0.2001588151728168, 0.2022007279530904, 0.20434343561363433, 0.2065996715428663, 0.20897738364289808, 0.211480798796243, 0.21411126662446367, 0.216867914498825, 0.21974814964207426, 0.2227480418476502, 0.22586261551807743, 0.22908607428125982, 0.23241197629994303, 0.2358333739365905, 0.2393429277859435, 0.24293300221310649, 0.24659574734531428, 0.25032317084778655, 0.2541072016554144, 0.25793974702994243, 0.2618127437791183, 0.26571820413792907, 0.2696482566151835, 0.2735951820071261, 0.27755144474015203, 0.2815097197028029, 0.2854629147458442, 0.2894041890566927, 0.2933269676431889, 0.297224952187137, 0.301092128547702, 0.3049227712076999, 0.30871144496195835, 0.31245300414679794, 0.31614258970414094, 0.31977562436370344, 0.32334780621321224, 0.3268551009104718, 0.33029373277326596, 0.33366017496415684, 0.33695113896792733, 0.34016356354006777, 0.34329460328582034, 0.3463416170110719, 0.3493021559690737, 0.3521739521107199, 0.35495490643098954, 0.35764307749023955, 0.3602366701763244, 0.36273402476199157, 0.36513360630166725, 0.3674339944025025, 0.3696338733963969, 0.3717023416285906], 'max_qdot_ratio': 0.9944804607884883, 'max_tcp_speed': 1.8037862086155945, 'max_racket_face_speed': 1.6815183870348303, 'total_mpc_steps': 236, 'ball_was_hit': True, 'hit_step': 171, 'p_ee_at_hit': array([-0.69451302, -0.4583053 ,  0.87933848]), 'ball_pos_at_hit': array([-0.81807405, -0.46894757,  0.8779033 ]), 'v_ee_at_hit': 1.6989173158199955, 'active_contact': True, 'passive_contact': False}
2026-09-13 00:11:41,298 [INFO] __main__: 击打后继续仿真 20 步...
