
========================================
  RM-65 击打成功！（主动击球，pos_error=0.0713m）
  [V12 EpisodeRunner 管线架构]
  ablation: full
  击打目标位置: [-0.753 -0.332  0.737]
  末端实际位置: [-0.689 -0.433  0.762]
  规划跟踪误差: 0.1224 m
  速度误差: 1.9459 m/s
  MPC 总步数: 257
  --- Tube 专用指标 ---
  最小球拍-球距离: 0.0513 m
  ball_near 步数: 0 = 0.0 ms
  tube_ready 步数: 0 = 0.0 ms
  击打时间误差: 20.0 ms
  击打位置误差: 0.0713 m
  --- 计算性能 ---
  总墙钟时间: 1.09s (MPC=1.09s)
  --- 执行层约束 ---
  max_qdot=0.98x, max_tcp=1.8m/s, max_face=1.7m/s
  击球类型: 主动击球
========================================

__RESULT__: pos_error=0.071285 vel_error=1.945920 min_dist=0.051287 ball_near_ms=0.0 tube_ready_ms=0.0 max_tcp=1.79 max_qdot=0.98 max_face=1.7 hit_type=active hit_time_error_ms=20.0 hit_pos_error=0.071285 v_racket_at_hit=1.784
2026-09-10 17:50:43,246 [INFO] __main__: [ablation] mode=full
2026-09-10 17:50:43,252 [INFO] __main__: serve-box auto params: horizon=120, iter=10, first_plan_iters=30, total_horizon=250, replan_interval=20, near_plan_iters=5
2026-09-10 17:50:43,269 [INFO] __main__: 关节限位: 仿真默认(default.yaml), TCP=1.8 m/s, terminal_exempt=20
2026-09-10 17:50:43,269 [INFO] __main__: 球拍初始位置: [-0.24136342  0.63027058  1.45576659]
2026-09-10 17:50:43,270 [DEBUG] src.tennis.ball: serve_box bounce (attempt=1): p0_z=1.20, vz0=-2.8, spd=9.0, t1=0.281, t2=0.578, z_err=0.00
2026-09-10 17:50:43,276 [INFO] __main__: 击打步数: 176, 击打位置: [-0.75283002 -0.33188954  0.73657708]
2026-09-10 17:50:43,276 [INFO] __main__: 随挥方向: [-0.007 -0.98   0.2  ], 随挥步数: 60
2026-09-10 17:50:43,286 [INFO] __main__: 候选窗口已构建: best_k=176, candidates=8
2026-09-10 17:50:43,286 [INFO] src.cpp.solver_cpp: iLQR C++ 加速模块已加载
2026-09-10 17:50:43,286 [INFO] __main__: 开始 V12 EpisodeRunner，总步数=310 (MPC=250, 随挥=60)，击打步数=176
2026-09-10 17:50:43,287 [INFO] src.ilqt.async_replanner: AsyncReplanner: 后台规划线程已启动
2026-09-10 17:50:43,307 [INFO] src.ilqt.async_replanner: AsyncReplanner: 规划环境已创建（独立 MjData）
2026-09-10 17:50:43,310 [INFO] src.ilqt.async_replanner: AsyncReplanner: 规划环境已创建（独立 MjData）
2026-09-10 17:50:43,330 [DEBUG] src.ilqt.tube_cost: [Softmin诊断] 候选权重TOP3: k=176:w=0.115, k=175:w=0.115, k=177:w=0.115
2026-09-10 17:50:44,219 [INFO] src.ilqt.mpc_controller: REPLAN step=0 k_hit=176 iters=30 horizon=120 t=912ms
2026-09-10 17:50:44,220 [INFO] src.ilqt.mpc_controller: MPCController.start 完成: k_hit=176, p_hit=[-0.753 -0.332  0.737], buffer=120
2026-09-10 17:50:44,224 [DEBUG] src.ilqt.replan_core: FAR_JT step=0 k_hit=176 (JT gain=60, skip iLQR)
2026-09-10 17:50:44,224 [DEBUG] src.ilqt.mpc_controller: REPLAN step=0 k_hit=176 iters=0 horizon=0 t=4ms
2026-09-10 17:50:44,224 [DEBUG] src.ilqt.mpc_controller: MPCController.step 0: replan k_hit=176 refine=feasible buffer=20
2026-09-10 17:50:44,233 [DEBUG] src.ilqt.replan_core: FAR_JT step=20 k_hit=156 (JT gain=60, skip iLQR)
2026-09-10 17:50:44,233 [DEBUG] src.ilqt.mpc_controller: REPLAN step=20 k_hit=156 iters=0 horizon=0 t=4ms
2026-09-10 17:50:44,233 [DEBUG] src.ilqt.mpc_controller: MPCController.step 20: replan k_hit=156 refine=feasible buffer=20
2026-09-10 17:50:44,241 [DEBUG] src.ilqt.replan_core: FAR_JT step=40 k_hit=136 (JT gain=60, skip iLQR)
2026-09-10 17:50:44,241 [DEBUG] src.ilqt.mpc_controller: REPLAN step=40 k_hit=136 iters=0 horizon=0 t=4ms
2026-09-10 17:50:44,242 [DEBUG] src.ilqt.mpc_controller: MPCController.step 40: replan k_hit=136 refine=feasible buffer=20
2026-09-10 17:50:44,250 [DEBUG] src.ilqt.replan_core: FAR_JT step=60 k_hit=116 (JT gain=60, skip iLQR)
2026-09-10 17:50:44,250 [DEBUG] src.ilqt.mpc_controller: REPLAN step=60 k_hit=116 iters=0 horizon=0 t=3ms
2026-09-10 17:50:44,251 [DEBUG] src.ilqt.mpc_controller: MPCController.step 60: replan k_hit=116 refine=feasible buffer=20
2026-09-10 17:50:44,259 [DEBUG] src.ilqt.replan_core: FAR_JT step=80 k_hit=96 (JT gain=60, skip iLQR)
2026-09-10 17:50:44,259 [DEBUG] src.ilqt.mpc_controller: REPLAN step=80 k_hit=96 iters=0 horizon=0 t=3ms
2026-09-10 17:50:44,260 [DEBUG] src.ilqt.mpc_controller: MPCController.step 80: replan k_hit=96 refine=feasible buffer=20
2026-09-10 17:50:44,268 [DEBUG] src.ilqt.replan_core: FAR_JT step=100 k_hit=76 (JT gain=60, skip iLQR)
2026-09-10 17:50:44,268 [DEBUG] src.ilqt.mpc_controller: REPLAN step=100 k_hit=76 iters=0 horizon=0 t=3ms
2026-09-10 17:50:44,269 [DEBUG] src.ilqt.mpc_controller: MPCController.step 100: replan k_hit=76 refine=feasible buffer=20
2026-09-10 17:50:44,277 [DEBUG] src.ilqt.replan_core: FAR_JT step=120 k_hit=56 (JT gain=60, skip iLQR)
2026-09-10 17:50:44,277 [DEBUG] src.ilqt.mpc_controller: REPLAN step=120 k_hit=56 iters=0 horizon=0 t=3ms
2026-09-10 17:50:44,277 [INFO] src.ilqt.strategies.hit_point_refiner: [HIT_LOCK] k_hit=56 ≤ 60, 锁定击球点不再替换
2026-09-10 17:50:44,277 [DEBUG] src.ilqt.mpc_controller: MPCController.step 120: replan k_hit=56 refine=locked buffer=20
2026-09-10 17:50:44,290 [DEBUG] src.ilqt.tube_cost: [Softmin诊断] 候选权重TOP3: k=36:w=0.115, k=35:w=0.115, k=37:w=0.115
2026-09-10 17:50:44,309 [DEBUG] src.ilqt.mpc_controller: REPLAN step=140 k_hit=36 iters=5 horizon=36 t=27ms
2026-09-10 17:50:44,309 [DEBUG] src.ilqt.mpc_controller: MPCController.step 140: replan k_hit=36 refine=locked buffer=20
2026-09-10 17:50:44,314 [INFO] src.ilqt.components.predictive_safety: [SAFETY_FILTER] beta=0.8: qdot entering overspeed, joint=5, |qdot|=4.22 > 3.93
2026-09-10 17:50:44,321 [DEBUG] src.ilqt.tube_cost: [Softmin诊断] 候选权重TOP3: k=16:w=0.115, k=15:w=0.115, k=17:w=0.115
2026-09-10 17:50:44,331 [DEBUG] src.ilqt.mpc_controller: REPLAN step=160 k_hit=16 iters=5 horizon=16 t=17ms
2026-09-10 17:50:44,331 [DEBUG] src.ilqt.mpc_controller: MPCController.step 160: replan k_hit=16 refine=locked buffer=16
2026-09-10 17:50:44,331 [INFO] src.ilqt.components.predictive_safety: [SAFETY_FILTER] beta=0.0: qdot entering overspeed, joint=5, |qdot|=5.78 > 3.93
2026-09-10 17:50:44,332 [INFO] src.ilqt.components.predictive_safety: [SAFETY_FILTER] beta=0.2: tcp speed 2.03 > 1.80 m/s
2026-09-10 17:50:44,332 [INFO] src.ilqt.components.predictive_safety: [SAFETY_FILTER] beta=0.6: tcp speed 1.87 > 1.80 m/s
2026-09-10 17:50:44,333 [INFO] src.ilqt.components.predictive_safety: [SAFETY_FILTER] beta=0.8: qdot entering overspeed, joint=5, |qdot|=4.06 > 3.93
2026-09-10 17:50:44,334 [INFO] src.ilqt.components.predictive_safety: [SAFETY_FILTER] beta=0.4: qdot entering overspeed, joint=5, |qdot|=5.00 > 3.93
2026-09-10 17:50:44,335 [INFO] src.ilqt.components.predictive_safety: [SAFETY_FILTER] beta=0.6: tcp speed 1.86 > 1.80 m/s
2026-09-10 17:50:44,335 [INFO] src.ilqt.components.predictive_safety: [SAFETY_FILTER] beta=0.6: tcp speed 1.84 > 1.80 m/s
2026-09-10 17:50:44,336 [INFO] src.ilqt.components.predictive_safety: [SAFETY_FILTER] beta=0.8: tcp speed 1.81 > 1.80 m/s
2026-09-10 17:50:44,336 [INFO] src.ilqt.components.predictive_safety: [SAFETY_FILTER] beta=0.6: tcp speed 1.89 > 1.80 m/s
2026-09-10 17:50:44,337 [WARNING] src.ilqt.components.predictive_safety: [EMERGENCY_STOP] 安全滤波全 beta 失败: tcp speed 2.28 > 1.80 m/s, safe_hold 阻尼制动
2026-09-10 17:50:44,338 [INFO] src.ilqt.strategies.follow_through: 随挥触发: step=175, steps=60
2026-09-10 17:50:44,354 [INFO] src.ilqt.async_replanner: AsyncReplanner: 后台规划线程已停止
2026-09-10 17:50:44,354 [INFO] src.ilqt.episode_runner: EpisodeRunner 完成: total_steps=237 safe_steps=237 mpc_done=True
2026-09-10 17:50:44,354 [DEBUG] src.ilqt.episode_runner: EpisodeRunner metrics 详情: {'total_steps': 237, 'safe_steps': 237, 'mpc_done': True, 'X_history': [array([-1.5  ,  1.57 , -0.236,  0.404,  0.446,  2.45 ,  0.   ,  0.   ,
        0.   ,  0.   ,  0.   ,  0.   ]), array([ 1.07633806e-01,  1.50117882e+00, -2.32565484e-01, -1.00662581e-01,
        1.93970124e-01,  2.44999446e+00, -4.63699279e-03, -3.58306255e-02,
       -2.68121567e-03, -9.94138764e-05, -1.15202927e-02, -1.10851242e-03]), array([ 1.07588059e-01,  1.50082796e+00, -2.32600229e-01, -1.00663673e-01,
        1.93860921e-01,  2.44998550e+00, -9.14937831e-03, -7.01729397e-02,
       -6.94894309e-03, -2.18377935e-04, -2.18405945e-02, -1.79246106e-03]), array([ 1.07520382e-01,  1.50031239e+00, -2.32662835e-01, -1.00665390e-01,
        1.93704506e-01,  2.44997429e+00, -1.35353767e-02, -1.03112924e-01,
       -1.25212295e-02, -3.43347500e-04, -3.12830338e-02, -2.24198148e-03]), array([ 1.07431409e-01,  1.49963873e+00, -2.32758649e-01, -1.00667731e-01,
        1.93504117e-01,  2.44996148e+00, -1.77946383e-02, -1.34732091e-01,
       -1.91628616e-02, -4.68167663e-04, -4.00778574e-02, -2.56093469e-03]), array([ 1.07321770e-01,  1.49881320e+00, -2.32892030e-01, -1.00670682e-01,
        1.93262176e-01,  2.44994745e+00, -2.19278103e-02, -1.65106805e-01,
       -2.66762354e-02, -5.90289317e-04, -4.83882453e-02, -2.80610907e-03]), array([ 1.07192089e-01,  1.49784166e+00, -2.33066502e-01, -1.00674227e-01,
        1.92980533e-01,  2.44993241e+00, -2.59362140e-02, -1.94307984e-01,
       -3.48942502e-02, -7.08848724e-04, -5.63284432e-02, -3.00859304e-03]), array([ 1.07042981e-01,  1.49672965e+00, -2.33284875e-01, -1.00678345e-01,
        1.92660649e-01,  2.44991648e+00, -2.98216097e-02, -2.22401051e-01,
       -4.36747228e-02, -8.23717960e-04, -6.39769623e-02, -3.18543769e-03]), array([ 1.06875051e-01,  1.49548242e+00, -2.33549355e-01, -1.00683020e-01,
        1.92303718e-01,  2.44989975e+00, -3.35860280e-02, -2.49446048e-01,
       -5.28959572e-02, -9.35052269e-04, -7.13861781e-02, -3.34602743e-03]), array([ 1.06688892e-01,  1.49410494e+00, -2.33861621e-01, -1.00688236e-01,
        1.91910771e-01,  2.44988227e+00, -3.72316539e-02, -2.75497848e-01,
       -6.24532029e-02, -1.04308576e-03, -7.85893291e-02, -3.49556279e-03]), array([ 1.06485089e-01,  1.49260190e+00, -2.34222900e-01, -1.00693976e-01,
        1.91482743e-01,  2.44986409e+00, -4.07607480e-02, -3.00606419e-01,
       -7.22558096e-02, -1.14804788e-03, -8.56056581e-02, -3.63696500e-03]), array([ 1.06264211e-01,  1.49097782e+00, -2.34634025e-01, -1.00700227e-01,
        1.91020522e-01,  2.44984523e+00, -4.41755927e-02, -3.24817131e-01,
       -8.22249280e-02, -1.25013672e-03, -9.24442180e-02, -3.77191647e-03]), array([ 1.06026818e-01,  1.48923696e+00, -2.35095483e-01, -1.00706974e-01,
        1.90524988e-01,  2.44982572e+00, -4.74784534e-02, -3.48171065e-01,
       -9.22916426e-02, -1.34951802e-03, -9.91067009e-02, -3.90142837e-03]), array([ 1.05773461e-01,  1.48738344e+00, -2.35607460e-01, -1.00714206e-01,
        1.89997041e-01,  2.44980559e+00, -5.06715506e-02, -3.70705329e-01,
       -1.02395445e-01, -1.44633423e-03, -1.05589537e-01, -4.02614981e-03]), array([ 1.05504675e-01,  1.48542117e+00, -2.36169875e-01, -1.00721910e-01,
        1.89437613e-01,  2.44978486e+00, -5.37570384e-02, -3.92453362e-01,
       -1.12482974e-01, -1.54071605e-03, -1.11885444e-01, -4.14653607e-03]), array([ 1.05220990e-01,  1.48335394e+00, -2.36782410e-01, -1.00730074e-01,
        1.88847691e-01,  2.44976354e+00, -5.67369880e-02, -4.13445234e-01,
       -1.22506974e-01, -1.63279307e-03, -1.17984556e-01, -4.26294027e-03]), array([ 1.04922924e-01,  1.48118540e+00, -2.37444537e-01, -1.00738687e-01,
        1.88228314e-01,  2.44974166e+00, -5.96133765e-02, -4.33707916e-01,
       -1.32425417e-01, -1.72270189e-03, -1.23875247e-01, -4.37566321e-03]), array([ 1.04610983e-01,  1.47891908e+00, -2.38155541e-01, -1.00747740e-01,
        1.87580591e-01,  2.44971924e+00, -6.23880777e-02, -4.53265538e-01,
       -1.42200774e-01, -1.81059161e-03, -1.29544726e-01, -4.48498040e-03]), array([ 1.04285669e-01,  1.47655838e+00, -2.38914538e-01, -1.00757223e-01,
        1.86905693e-01,  2.44969628e+00, -6.50628574e-02, -4.72139632e-01,
       -1.51799390e-01, -1.89662693e-03, -1.34979466e-01, -4.59115651e-03]), array([ 1.03947472e-01,  1.47410663e+00, -2.39720493e-01, -1.00767128e-01,
        1.86204866e-01,  2.44967281e+00, -6.76393701e-02, -4.90349350e-01,
       -1.61190961e-01, -1.98098933e-03, -1.40165515e-01, -4.69445277e-03]), array([ 1.03596876e-01,  1.47156707e+00, -2.40572233e-01, -1.00777447e-01,
        1.85479422e-01,  2.44964884e+00, -7.01191575e-02, -5.07911660e-01,
       -1.70348085e-01, -2.06387691e-03, -1.45088719e-01, -4.79513047e-03]), array([ 1.03234516e-01,  1.46894282e+00, -2.41468645e-01, -1.00788268e-01,
        1.84730046e-01,  2.44962443e+00, -7.24721421e-02, -5.24849943e-01,
       -1.79282458e-01, -2.16402144e-03, -1.49875195e-01, -4.88015181e-03]), array([ 1.02860867e-01,  1.46623695e+00, -2.42408351e-01, -1.00799569e-01,
        1.83958282e-01,  2.44959959e+00, -7.47297593e-02, -5.41173733e-01,
       -1.87941174e-01, -2.26036755e-03, -1.54352764e-01, -4.96865506e-03]), array([ 1.02476401e-01,  1.46345248e+00, -2.43389863e-01, -1.00811340e-01,
        1.83165718e-01,  2.44957430e+00, -7.68930748e-02, -5.56894075e-01,
       -1.96302321e-01, -2.35404277e-03, -1.58512897e-01, -5.05823816e-03]), array([ 1.02081586e-01,  1.46059238e+00, -2.44411593e-01, -1.00823569e-01,
        1.82353988e-01,  2.44954856e+00, -7.89630822e-02, -5.72020594e-01,
       -2.04346004e-01, -2.44589419e-03, -1.62345887e-01, -5.14774062e-03]), array([ 0.10167688,  1.45765957, -0.24547186, -0.10083625,  0.18152478,
        2.44952238, -0.0809407 , -0.5865616 , -0.21205406, -0.00253659,
       -0.16584129, -0.00523667]), array([ 0.10126275,  1.45465695, -0.24656891, -0.10084939,  0.18067984,
        2.44949575, -0.08282677, -0.60052419, -0.21940981, -0.00262667,
       -0.16898828, -0.00532489]), array([ 0.10083964,  1.45158738, -0.2477009 , -0.10086297,  0.17982096,
        2.44946869, -0.08462205, -0.61391433, -0.22639788, -0.0027166 ,
       -0.17177588, -0.00541245]), array([ 0.100408  ,  1.4484537 , -0.24886592, -0.100877  ,  0.17895   ,
        2.44944119, -0.08632723, -0.62673697, -0.23300407, -0.00280679,
       -0.17419319, -0.0054995 ]), array([ 0.09996829,  1.44525871, -0.250062  , -0.10089149,  0.17806885,
        2.44941326, -0.08794294, -0.63899613, -0.23921519, -0.00289759,
       -0.17622955, -0.00558623]), array([ 0.09952094,  1.44200524, -0.25128709, -0.10090644,  0.17717947,
        2.4493849 , -0.08946971, -0.65069497, -0.24501901, -0.00298932,
       -0.17787464, -0.00567285]), array([ 0.0990664 ,  1.43869606, -0.25253911, -0.10092185,  0.17628388,
        2.4493561 , -0.09090804, -0.66183587, -0.25040414, -0.00308228,
       -0.17911864, -0.00575958]), array([ 0.09860511,  1.43533396, -0.25381591, -0.10093773,  0.17538412,
        2.44932687, -0.09225836, -0.67242053, -0.25536002, -0.00317673,
       -0.17995227, -0.00584662]), array([ 0.0981375 ,  1.43192171, -0.2551153 , -0.1009541 ,  0.17448229,
        2.4492972 , -0.09352103, -0.68245005, -0.25987684, -0.00327292,
       -0.18036691, -0.00593418]), array([ 0.09766402,  1.42846208, -0.25643503, -0.10097095,  0.17358051,
        2.44926708, -0.0946964 , -0.69192497, -0.26394555, -0.00337106,
       -0.18035465, -0.00602244]), array([ 0.0971851 ,  1.42495786, -0.25777281, -0.10098831,  0.17268097,
        2.44923653, -0.09578474, -0.70084539, -0.26755782, -0.00347138,
       -0.17990839, -0.00611156]), array([ 0.09670116,  1.4214118 , -0.25912634, -0.10100618,  0.17178586,
        2.44920552, -0.09678631, -0.709211  , -0.270706  , -0.00357403,
       -0.17902185, -0.00620171]), array([ 0.09621266,  1.41782669, -0.26049326, -0.10102457,  0.17089741,
        2.44917405, -0.09770133, -0.71702117, -0.2733832 , -0.0036792 ,
       -0.17768966, -0.00629302]), array([ 0.09572001,  1.41420532, -0.26187118, -0.10104351,  0.17001788,
        2.44914212, -0.09853002, -0.72427502, -0.27558321, -0.00378701,
       -0.17590742, -0.0063856 ]), array([ 0.09522365,  1.41055046, -0.26325768, -0.101063  ,  0.16914952,
        2.44910973, -0.09927257, -0.73097147, -0.27730056, -0.00389759,
       -0.17367171, -0.00647954]), array([ 0.094724  ,  1.40686492, -0.26465033, -0.10108305,  0.16829462,
        2.44907685, -0.09992916, -0.73710933, -0.27853051, -0.00401104,
       -0.17098018, -0.00657494]), array([ 0.09422232,  1.40315138, -0.26604708, -0.10110413,  0.16745426,
        2.44904374, -0.10033638, -0.74270803, -0.27934894, -0.00421631,
       -0.16807217, -0.0066224 ]), array([ 0.09371903,  1.39941261, -0.26744547, -0.10112617,  0.16663094,
        2.44901026, -0.10065697, -0.74775367, -0.27967957, -0.004408  ,
       -0.1646628 , -0.00669517]), array([ 0.09321458,  1.39565139, -0.26884306, -0.10114913,  0.16582712,
        2.44897635, -0.10089114, -0.7522438 , -0.27951756, -0.00459055,
       -0.16076439, -0.00678196]), array([ 0.09270938,  1.39187051, -0.27023736, -0.10117296,  0.16504518,
        2.44894197, -0.10103916, -0.75617638, -0.27885961, -0.00476707,
       -0.15638738, -0.00687674]), array([ 0.09220387,  1.38807276, -0.27162588, -0.10119766,  0.16428748,
        2.44890709, -0.10110135, -0.75954972, -0.27770372, -0.00493976,
       -0.15154121, -0.00697629]), array([ 0.09169848,  1.38426094, -0.27300612, -0.10122321,  0.1635563 ,
        2.4488717 , -0.10107813, -0.76236253, -0.27604913, -0.0051102 ,
       -0.14623487, -0.00707887]), array([ 0.09119363,  1.38043788, -0.27437561, -0.10124961,  0.16285391,
        2.44883578, -0.10096998, -0.76461393, -0.2738962 , -0.00527953,
       -0.14047739, -0.00718356]), array([ 0.09068975,  1.37660636, -0.27573184, -0.10127685,  0.16218252,
        2.44879933, -0.10077744, -0.76630347, -0.27124635, -0.00544856,
       -0.13427809, -0.00728982]), array([ 0.09018724,  1.3727692 , -0.27707235, -0.10130494,  0.16154429,
        2.44876234, -0.10050116, -0.76743118, -0.26810207, -0.00561786,
       -0.12764691, -0.00739734]), array([ 0.08968653,  1.36892921, -0.27839468, -0.10133388,  0.16094132,
        2.44872481, -0.10014183, -0.76799757, -0.26446684, -0.00578781,
       -0.12059449, -0.0075059 ]), array([ 0.08918803,  1.3650892 , -0.27969641, -0.10136367,  0.16037566,
        2.44868674, -0.09970028, -0.76800374, -0.26034515, -0.00595864,
       -0.1131323 , -0.00761531]), array([ 0.08869214,  1.36125194, -0.28097512, -0.10139433,  0.15984929,
        2.44864811, -0.09917739, -0.76745133, -0.25574246, -0.00613049,
       -0.10527277, -0.00772538]), array([ 0.08819927,  1.35742023, -0.28222845, -0.10142584,  0.15936415,
        2.44860893, -0.09857417, -0.76634262, -0.25066524, -0.00630337,
       -0.09702925, -0.00783595]), array([ 0.08770981,  1.35359682, -0.28345405, -0.10145823,  0.15892207,
        2.44856919, -0.09789173, -0.76468053, -0.2451209 , -0.00647725,
       -0.0884161 , -0.00794681]), array([ 0.08722416,  1.34978448, -0.28464964, -0.10149149,  0.15852482,
        2.44852891, -0.09713127, -0.76246868, -0.23911784, -0.00665202,
       -0.07944864, -0.00805776]), array([ 0.08674269,  1.34598592, -0.28581297, -0.10152563,  0.15817411,
        2.44848806, -0.09629413, -0.75971139, -0.23266539, -0.00682753,
       -0.07014319, -0.00816855]), array([ 0.08626578,  1.34220385, -0.28694184, -0.10156065,  0.15787152,
        2.44844667, -0.09538175, -0.75641374, -0.22577383, -0.00700358,
       -0.06051698, -0.00827895]), array([ 0.0857938 ,  1.33844095, -0.28803411, -0.10159655,  0.15761858,
        2.44840473, -0.09439569, -0.75258157, -0.21845438, -0.00717994,
       -0.05058818, -0.00838871]), array([ 0.08532711,  1.33469984, -0.2890877 , -0.10163333,  0.1574167 ,
        2.44836224, -0.09333765, -0.7482215 , -0.21071916, -0.00735635,
       -0.04037578, -0.00849754]), array([ 0.08486606,  1.33098313, -0.29010061, -0.10167099,  0.1572672 ,
        2.44831921, -0.09220943, -0.74334098, -0.20258119, -0.00753252,
       -0.02989962, -0.00860519]), array([ 0.0844086 ,  1.32729387, -0.29106904, -0.10170836,  0.1571781 ,
        2.44827478, -0.09149283, -0.7378531 , -0.19368659, -0.00747371,
       -0.01782009, -0.00888564]), array([ 0.0839551 ,  1.32363476, -0.29199097, -0.10174567,  0.15714906,
        2.44822939, -0.09069973, -0.73182189, -0.18438559, -0.00746303,
       -0.00580902, -0.00907827]), array([ 0.08350594,  1.32000843, -0.29286452, -0.10178311,  0.15717998,
        2.44818328, -0.08983324, -0.72526533, -0.1747091 , -0.00748634,
        0.00618377, -0.00922324]), array([ 0.08306145,  1.31641743, -0.29368794, -0.10182077,  0.15727092,
        2.44813657, -0.08889623, -0.71820061, -0.16468439, -0.00753387,
        0.01818894, -0.00934195]), array([ 0.082622  ,  1.31286421, -0.29445962, -0.10185877,  0.15742204,
        2.44808934, -0.08789144, -0.71064455, -0.15433623, -0.00759863,
        0.03022276, -0.00944561]), array([ 0.08218789,  1.30935114, -0.29517806, -0.10189715,  0.15763349,
        2.44804164, -0.08682158, -0.70261382, -0.14368775, -0.00767554,
        0.04229079, -0.00954002]), array([ 0.08175944,  1.30588051, -0.29584186, -0.10193595,  0.15790544,
        2.4479935 , -0.0856893 , -0.69412518, -0.13276107, -0.00776079,
        0.05439075, -0.00962806]), array([ 0.08133696,  1.30245453, -0.29644975, -0.10197521,  0.15823802,
        2.44794494, -0.08449732, -0.68519563, -0.12157773, -0.00785147,
        0.06651453, -0.00971104]), array([ 0.08092071,  1.29907532, -0.29700055, -0.10201493,  0.15863126,
        2.44789599, -0.08324837, -0.67584248, -0.11015894, -0.00794535,
        0.07864976, -0.00978949]), array([ 0.08051099,  1.2957449 , -0.29749318, -0.10205514,  0.15908517,
        2.44784668, -0.08194525, -0.66608345, -0.09852583, -0.00804065,
        0.09078102, -0.00986352]), array([ 0.08010803,  1.29246522, -0.29792667, -0.10209582,  0.15959962,
        2.44779701, -0.08059079, -0.65593669, -0.08669953, -0.00813594,
        0.10289063, -0.00993302]), array([ 0.07971209,  1.28923812, -0.29830018, -0.10213697,  0.16017442,
        2.44774702, -0.07918792, -0.64542081, -0.0747013 , -0.0082301 ,
        0.1149594 , -0.00999782]), array([ 0.0793234 ,  1.28606534, -0.29861294, -0.10217858,  0.16080926,
        2.44769673, -0.07773963, -0.63455488, -0.06255252, -0.00832217,
        0.12696713, -0.01005769]), array([ 0.07894215,  1.28294855, -0.29886432, -0.10222063,  0.16150372,
        2.44764617, -0.07624894, -0.62335842, -0.05027468, -0.00841139,
        0.13889299, -0.01011241]), array([ 0.07856856,  1.27988929, -0.29905376, -0.10226312,  0.1622573 ,
        2.44759536, -0.07471896, -0.61185136, -0.03788943, -0.00849709,
        0.15071585, -0.01016179]), array([ 0.07820279,  1.27688902, -0.29918086, -0.10230601,  0.16306937,
        2.44754434, -0.07315283, -0.60005406, -0.02541849, -0.00857875,
        0.16241453, -0.01020563]), array([ 0.07784502,  1.27394909, -0.29924527, -0.10234929,  0.16393921,
        2.44749312, -0.07155375, -0.58798723, -0.01288363, -0.00865589,
        0.17396798, -0.01024378]), array([ 7.74953988e-02,  1.27107073e+00, -2.99246807e-01, -1.02392934e-01,
        1.64865989e-01,  2.44744174e+00, -6.99249334e-02, -5.75671922e-01,
       -3.06641894e-04, -8.72812448e-03,  1.85355497e-01, -1.02761044e-02]), array([ 0.07715405,  1.26825508, -0.29918535, -0.10243691,  0.16584877,
        2.44739022, -0.06826964, -0.56312945,  0.01229076, -0.00879512,
        0.19655681, -0.01030251]), array([ 0.07682109,  1.26550317, -0.29906092, -0.10248119,  0.16688653,
        2.44733861, -0.06659114, -0.55038137,  0.02488696, -0.0088566 ,
        0.20755221, -0.01032291]), array([ 0.07649663,  1.26281593, -0.29887362, -0.10252575,  0.16797815,
        2.44728692, -0.0648927 , -0.53744942,  0.03746049, -0.00891234,
        0.21832266, -0.01033727]), array([ 0.07618074,  1.26019415, -0.29862367, -0.10257056,  0.1691224 ,
        2.44723519, -0.0631776 , -0.5243555 ,  0.04999014, -0.00896213,
        0.22884988, -0.01034557]), array([ 0.0758735 ,  1.25763854, -0.29831139, -0.10261559,  0.17031798,
        2.44718346, -0.0614491 , -0.51112154,  0.06245494, -0.00900582,
        0.23911639, -0.0103478 ]), array([ 0.07557495,  1.25514969, -0.29793722, -0.10266081,  0.17156351,
        2.44713174, -0.05971044, -0.49776953,  0.07483431, -0.00904329,
        0.2491056 , -0.01034399]), array([ 0.07528512,  1.25272809, -0.29750168, -0.10270618,  0.17285752,
        2.44708006, -0.05796482, -0.48432141,  0.08710802, -0.00907446,
        0.25880183, -0.01033421]), array([ 0.07500404,  1.25037409, -0.2970054 , -0.10275168,  0.17419847,
        2.44702847, -0.0562154 , -0.47079906,  0.09925632, -0.00909927,
        0.2681904 , -0.01031854]), array([ 0.07473172,  1.24808797, -0.2964491 , -0.10279727,  0.17558476,
        2.44697699, -0.05446531, -0.45722419,  0.11125996, -0.00911769,
        0.27725764, -0.01029707]), array([ 0.07446813,  1.24586988, -0.2958336 , -0.10284292,  0.17701471,
        2.44692564, -0.05271759, -0.44361835,  0.12310022, -0.00912973,
        0.28599091, -0.01026993]), array([ 0.07421325,  1.24371986, -0.2951598 , -0.10288859,  0.1784866 ,
        2.44687445, -0.05097523, -0.43000282,  0.13475901, -0.00913541,
        0.29437866, -0.01023728]), array([ 0.07396705,  1.24163787, -0.29442871, -0.10293427,  0.17999866,
        2.44682345, -0.04924114, -0.41639859,  0.14621887, -0.00913479,
        0.30241041, -0.01019926]), array([ 0.07372946,  1.23962374, -0.29364139, -0.10297991,  0.18154904,
        2.44677267, -0.04751813, -0.40282631,  0.15746302, -0.00912795,
        0.3100768 , -0.01015607]), array([ 0.07350041,  1.23767721, -0.29279901, -0.10302548,  0.18313589,
        2.44672213, -0.04580894, -0.38930624,  0.16847541, -0.00911498,
        0.31736956, -0.01010792]), array([ 0.07327983,  1.23579792, -0.29190281, -0.10307096,  0.1847573 ,
        2.44667186, -0.04411619, -0.3758582 ,  0.17924075, -0.00909603,
        0.32428155, -0.01005501]), array([ 0.07306762,  1.23398541, -0.29095409, -0.10311632,  0.18641133,
        2.44662187, -0.04244242, -0.36250152,  0.18974454, -0.00907123,
        0.33080675, -0.00999758]), array([ 0.07286367,  1.23223913, -0.28995422, -0.10316152,  0.18809603,
        2.44657219, -0.04079005, -0.34925502,  0.19997308, -0.00904074,
        0.33694023, -0.00993589]), array([ 0.07266786,  1.23055845, -0.28890466, -0.10320655,  0.18980942,
        2.44652284, -0.03916136, -0.33613695,  0.20991354, -0.00900477,
        0.34267817, -0.00987017]), array([ 0.07248007,  1.22894262, -0.28780689, -0.10325136,  0.19154951,
        2.44647384, -0.03755855, -0.32316497,  0.21955392, -0.00896351,
        0.34801783, -0.00980071]), array([ 0.07230015,  1.22739084, -0.28666247, -0.10329595,  0.1933143 ,
        2.4464252 , -0.03598368, -0.31035612,  0.22888314, -0.00891717,
        0.35295753, -0.00972778]), array([ 0.07212796,  1.22590221, -0.28547302, -0.10334028,  0.19510178,
        2.44637694, -0.03443867, -0.29772676,  0.23789097, -0.008866  ,
        0.35749663, -0.00965167]), array([ 0.07196333,  1.22447575, -0.28424017, -0.10338433,  0.19690996,
        2.44632908, -0.03292535, -0.28529259,  0.24656811, -0.00881025,
        0.3616355 , -0.00957265]), array([ 0.0718061 ,  1.2231104 , -0.28296564, -0.10342808,  0.19873684,
        2.44628162, -0.03144537, -0.27306857,  0.25490617, -0.00875017,
        0.36537552, -0.00949103]), array([ 0.0716561 ,  1.22180506, -0.28165116, -0.10347151,  0.20058043,
        2.44623459, -0.0300003 , -0.26106896,  0.26289767, -0.00868603,
        0.36871899, -0.00940709]), array([ 0.07151315,  1.22055852, -0.28029848, -0.1035146 ,  0.20243878,
        2.44618798, -0.02859156, -0.24930724,  0.27053604, -0.00861813,
        0.37166914, -0.00932114]), array([ 0.07137704,  1.21936954, -0.2789094 , -0.10355734,  0.20430993,
        2.44614181, -0.02722041, -0.23779615,  0.27781563, -0.00854673,
        0.37423008, -0.00923347]), array([ 0.0712476 ,  1.2182368 , -0.27748574, -0.1035997 ,  0.20619196,
        2.44609609, -0.02588804, -0.22654764,  0.28473168, -0.00847215,
        0.37640674, -0.00914437]), array([ 0.07112463,  1.21715894, -0.27602934, -0.10364167,  0.20808299,
        2.44605082, -0.02459545, -0.21557286,  0.29128035, -0.00839468,
        0.37820487, -0.00905413]), array([ 0.07100791,  1.21613453, -0.27454204, -0.10368324,  0.20998114,
        2.44600601, -0.02334356, -0.20488219,  0.29745867, -0.00831461,
        0.37963096, -0.00896305]), array([ 0.07089724,  1.2151621 , -0.27302572, -0.1037244 ,  0.2118846 ,
        2.44596165, -0.02213314, -0.19448519,  0.30326453, -0.00823227,
        0.38069218, -0.00887139]), array([ 0.07079242,  1.21424015, -0.27148224, -0.10376514,  0.21379158,
        2.44591775, -0.02096484, -0.18439061,  0.3086967 , -0.00814794,
        0.38139639, -0.00877944]), array([ 0.07069322,  1.21336712, -0.26991346, -0.10380545,  0.21570034,
        2.44587431, -0.0198392 , -0.17460643,  0.31375474, -0.00806194,
        0.38175204, -0.00868747]), array([ 0.07059944,  1.21254142, -0.26832127, -0.10384533,  0.21760918,
        2.44583134, -0.01875665, -0.1651398 ,  0.31843906, -0.00797458,
        0.38176814, -0.00859572]), array([ 0.07051085,  1.21176143, -0.26670751, -0.10388476,  0.21951646,
        2.44578881, -0.01771747, -0.15599708,  0.32275083, -0.00788614,
        0.3814542 , -0.00850445]), array([ 0.07042724,  1.21102551, -0.26507405, -0.10392374,  0.22142056,
        2.44574674, -0.01672189, -0.14718386,  0.32669198, -0.00779693,
        0.38082023, -0.00841391]), array([ 0.07034839,  1.21033199, -0.26342273, -0.10396228,  0.22331994,
        2.44570512, -0.01576997, -0.13870494,  0.33026518, -0.00770723,
        0.37987659, -0.00832431]), array([ 0.07027408,  1.20967917, -0.26175536, -0.10400036,  0.22521311,
        2.44566394, -0.01486173, -0.13056434,  0.33347379, -0.00761733,
        0.37863406, -0.00823588]), array([ 0.0702041 ,  1.20906534, -0.26007375, -0.104038  ,  0.22709863,
        2.4456232 , -0.01399705, -0.12276536,  0.33632184, -0.00752751,
        0.3771037 , -0.00814883]), array([ 0.07013822,  1.20848879, -0.25837968, -0.10407519,  0.22897511,
        2.44558288, -0.01317573, -0.11531054,  0.338814  , -0.00743803,
        0.37529684, -0.00806334]), array([ 0.07007623,  1.20794778, -0.2566749 , -0.10411194,  0.23084124,
        2.44554298, -0.0123975 , -0.10820169,  0.34095554, -0.00734915,
        0.37322505, -0.0079796 ]), array([ 0.07001792,  1.20744058, -0.25496114, -0.10414824,  0.23269574,
        2.4455035 , -0.01166199, -0.10143994,  0.3427523 , -0.00726112,
        0.37090005, -0.00789779]), array([ 0.06996308,  1.20696545, -0.25324009, -0.10418411,  0.23453741,
        2.4454644 , -0.01096874, -0.09502571,  0.34421063, -0.00717419,
        0.36833373, -0.00781805]), array([ 0.06991149,  1.20652066, -0.2515134 , -0.10421956,  0.2363651 ,
        2.4454257 , -0.01031726, -0.08895879,  0.34533742, -0.00708857,
        0.36553802, -0.00774054]), array([ 0.06986296,  1.20610447, -0.2497827 , -0.10425458,  0.23817772,
        2.44538738, -0.00970694, -0.08323829,  0.34613999, -0.00700448,
        0.36252495, -0.00766538]), array([ 0.06981727,  1.20571515, -0.24804957, -0.10428919,  0.23997425,
        2.44534941, -0.00913714, -0.07786273,  0.3466261 , -0.00692214,
        0.35930653, -0.0075927 ]), array([ 0.06977424,  1.205351  , -0.24631555, -0.1043234 ,  0.24175373,
        2.4453118 , -0.00860714, -0.07283002,  0.34680388, -0.00684172,
        0.35589477, -0.00752261]), array([ 0.06973366,  1.20501031, -0.24458214, -0.10435722,  0.24351524,
        2.44527452, -0.0081162 , -0.06813751,  0.34668183, -0.00676342,
        0.3523016 , -0.0074552 ]), array([ 0.06969534,  1.2046914 , -0.2428508 , -0.10439065,  0.24525793,
        2.44523757, -0.00766348, -0.06378199,  0.34626877, -0.0066874 ,
        0.34853888, -0.00739055]), array([ 0.0696591 ,  1.20439261, -0.24112293, -0.10442372,  0.24698102,
        2.44520093, -0.00724813, -0.05975973,  0.34557379, -0.00661381,
        0.34461833, -0.00732874]), array([ 0.06962475,  1.20411227, -0.2393999 , -0.10445644,  0.24868378,
        2.44516458, -0.00686925, -0.05606652,  0.34460625, -0.00654281,
        0.34055154, -0.00726982]), array([ 0.06959212,  1.20384879, -0.23768302, -0.10448881,  0.25036553,
        2.44512851, -0.0065259 , -0.05269767,  0.3433757 , -0.00647451,
        0.33634993, -0.00721386]), array([ 0.06956104,  1.20360054, -0.23597356, -0.10452085,  0.25202565,
        2.4450927 , -0.00621711, -0.04964806,  0.34189189, -0.00640904,
        0.3320247 , -0.00716088]), array([ 0.06953133,  1.20336598, -0.23427274, -0.10455259,  0.25366359,
        2.44505715, -0.00594187, -0.04691214,  0.34016473, -0.0063465 ,
        0.32758685, -0.00711092]), array([ 0.06950283,  1.20314356, -0.23258172, -0.10458402,  0.25527882,
        2.44502183, -0.00569916, -0.04448397,  0.33820422, -0.00628699,
        0.32304715, -0.007064  ]), array([ 0.06947539,  1.20293178, -0.23090161, -0.10461517,  0.2568709 ,
        2.44498673, -0.00548793, -0.04235728,  0.33602048, -0.00623059,
        0.3184161 , -0.00702013]), array([ 0.06944886,  1.20272915, -0.22923349, -0.10464606,  0.25843942,
        2.44495183, -0.0053071 , -0.04052541,  0.33362367, -0.00617737,
        0.31370395, -0.00697931]), array([ 0.06942308,  1.20253424, -0.22757837, -0.1046767 ,  0.25998403,
        2.44491712, -0.00515559, -0.03898144,  0.33102402, -0.00612739,
        0.30892064, -0.00694153]), array([ 0.06939792,  1.20234565, -0.22593722, -0.1047071 ,  0.26150441,
        2.44488259, -0.00503232, -0.03771815,  0.32823173, -0.0060807 ,
        0.30407585, -0.00690678]), array([ 0.06937324,  1.20216201, -0.22431093, -0.10473729,  0.2630003 ,
        2.44484821, -0.00493616, -0.03672806,  0.32525702, -0.00603734,
        0.29917895, -0.00687504]), array([ 0.06934891,  1.201982  , -0.22270038, -0.10476728,  0.2644715 ,
        2.44481398, -0.00486602, -0.03600344,  0.32211004, -0.00599733,
        0.29423899, -0.00684629]), array([ 0.0693248 ,  1.20180431, -0.22110638, -0.10479708,  0.26591782,
        2.44477988, -0.00482077, -0.03553639,  0.31880091, -0.0059607 ,
        0.28926471, -0.00682048]), array([ 0.0693008 ,  1.20162772, -0.21952968, -0.10482672,  0.26733914,
        2.44474589, -0.0047993 , -0.0353188 ,  0.31533966, -0.00592746,
        0.28426454, -0.00679758]), array([ 0.07172931,  1.20331196, -0.21652642, -0.10882876,  0.26745364,
        2.45556325,  0.48570139,  0.33684758,  0.60065072, -0.80040982,
        0.02290046,  2.16347058]), array([ 0.07512453,  1.20030295, -0.21030933, -0.11551147,  0.27487882,
        2.45641806,  0.67904342, -0.60180246,  1.24341858, -1.33654047,
        1.48503585,  0.17096203]), array([ 0.0791815 ,  1.19300993, -0.20064998, -0.11766975,  0.28606571,
        2.46700374,  0.81139436, -1.45860211,  1.93186946, -0.43165711,
        2.23737749,  2.11713606]), array([ 0.08369703,  1.18885114, -0.19259426, -0.1148332 ,  0.29560039,
        2.46609079,  0.90310585, -0.8317583 ,  1.61114427,  0.56731039,
        1.90693578, -0.18258996]), array([ 0.08850018,  1.18871354, -0.18789926, -0.10734736,  0.30161356,
        2.45422566,  0.96062951, -0.02752113,  0.93900036,  1.49716727,
        1.20263396, -2.37302454]), array([ 0.09309225,  1.19277655, -0.18692744, -0.1053966 ,  0.30350287,
        2.4536569 ,  0.91841382,  0.81260306,  0.19436369,  0.39015262,
        0.37786212, -0.11375367]), array([ 0.09739083,  1.19330403, -0.18411058, -0.10701435,  0.30837737,
        2.44358844,  0.85971702,  0.1054954 ,  0.56337258, -0.32355005,
        0.97489959, -2.01369209]), array([ 0.10198319,  1.19672861, -0.18250248, -0.10505682,  0.31094498,
        2.44342558,  0.9184724 ,  0.68491529,  0.32162065,  0.39150582,
        0.51352294, -0.03257187]), array([ 0.10672374,  1.19663422, -0.17900007, -0.09799713,  0.31581206,
        2.43255043,  0.94810996, -0.01887644,  0.70048151,  1.41193862,
        0.97341594, -2.17502991]), array([ 0.11116222,  1.19930521, -0.17634172, -0.09648663,  0.31895332,
        2.4328439 ,  0.88769623,  0.53419816,  0.53167017,  0.30209953,
        0.62825256,  0.05869478]), array([ 0.11550001,  1.20579141, -0.17670398, -0.10011744,  0.31844071,
        2.44388275,  0.86755751,  1.29723843, -0.07245148, -0.72616112,
       -0.10252273,  2.2077704 ]), array([ 0.12011597,  1.20855318, -0.17474192, -0.09832442,  0.32021323,
        2.44371972,  0.92319082,  0.55235549,  0.39241196,  0.35860325,
        0.35450409, -0.032607  ]), array([ 0.12446139,  1.20625897, -0.16811998, -0.10129631,  0.3277471 ,
        2.454512  ,  0.86908456, -0.45884218,  1.32438614, -0.59437689,
        1.50677411,  2.15845713]), array([ 0.12863001,  1.20700238, -0.16243281, -0.10803717,  0.33267454,
        2.45498573,  0.8337237 ,  0.14868165,  1.13743393, -1.34817292,
        0.98548837,  0.09474538]), array([ 0.1330291 ,  1.20427917, -0.1548445 , -0.10927538,  0.33976405,
        2.44467027,  0.87981939, -0.54464306,  1.51766311, -0.24764195,
        1.41790217, -2.06309247]), array([ 0.13713328,  1.20423836, -0.14795186, -0.11567838,  0.34555235,
        2.44543889,  0.82083571, -0.00816222,  1.37852862, -1.28060094,
        1.15765931,  0.15372405]), array([ 0.14147625,  1.20078026, -0.13918282, -0.1165949 ,  0.35329932,
        2.43541335,  0.86859294, -0.69161982,  1.75380782, -0.18330238,
        1.54939281, -2.0051075 ]), array([ 0.14621002,  1.20011013, -0.13157653, -0.11395435,  0.35964681,
        2.43529289,  0.94675501, -0.13402552,  1.5212572 ,  0.52811014,
        1.26949829, -0.02409109]), array([ 0.1506226 ,  1.19569698, -0.12156061, -0.11605893,  0.36900353,
        2.44617321,  0.88251462, -0.88262903,  2.00318402, -0.42091728,
        1.87134555,  2.17606368]), array([ 0.15505755,  1.19373623, -0.1124513 , -0.12202024,  0.37627418,
        2.46514226,  0.88699095, -0.39215058,  1.82186219, -1.19226244,
        1.45412879,  3.79380841]), array([ 0.15938283,  1.19184885, -0.10366391, -0.12770803,  0.38325844,
        2.48328359,  0.86505546, -0.37747663,  1.75747792, -1.13755711,
        1.39685318,  3.62826633]), array([ 0.1654456 ,  1.18684951, -0.0942619 , -0.13511022,  0.39388025,
        2.49113828,  1.21255412, -0.99986654,  1.88040164, -1.48043809,
        2.12436088,  1.57093861]), array([ 0.17143206,  1.18095614, -0.08400528, -0.14283414,  0.40517155,
        2.49667588,  1.19729268, -1.17867428,  2.05132387, -1.54478434,
        2.25825964,  1.10751906]), array([ 0.17761366,  1.17689494, -0.07482378, -0.14813641,  0.41560696,
        2.50763872,  1.23631957, -0.8122411 ,  1.83629984, -1.06045353,
        2.08708311,  2.19256809]), array([ 0.18370597,  1.17040699, -0.06479484, -0.15016373,  0.42703128,
        2.5259629 ,  1.2184626 , -1.29758881,  2.00578948, -0.40546313,
        2.28486407,  3.66483695]), array([ 0.18966984,  1.15947901, -0.05079946, -0.1471891 ,  0.44272355,
        2.53272391,  1.19277376, -2.18559688,  2.79907452,  0.59492605,
        3.13845315,  1.35220181]), array([ 0.1953745 ,  1.15110161, -0.03742806, -0.14140578,  0.45820745,
        2.54873148,  1.14093198, -1.6754802 ,  2.67428002,  1.15666261,
        3.09678005,  3.20151378]), array([ 0.20097654,  1.14463995, -0.0260062 , -0.13467073,  0.4717588 ,
        2.56795224,  1.12040682, -1.29233105,  2.28437316,  1.34700984,
        2.71026948,  3.84415176]), array([ 0.20539976,  1.13521509, -0.01341446, -0.13210568,  0.487276  ,
        2.57681428,  0.88464564, -1.88497174,  2.51834705,  0.51300986,
        3.10344137,  1.77240942]), array([ 2.08537480e-01,  1.12806320e+00,  3.87598655e-05, -1.34334342e-01,
        5.01953124e-01,  2.57543829e+00,  6.27543171e-01, -1.43037975e+00,
        2.69064447e+00, -4.45731581e-01,  2.93542415e+00, -2.75199749e-01]), array([ 0.21102483,  1.12321651,  0.01161166, -0.13979042,  0.51524614,
        2.58052164,  0.49747038, -0.969338  ,  2.31458063, -1.09121534,
        2.65860349,  1.01667052]), array([ 0.2127995 ,  1.12069941,  0.02134225, -0.14770889,  0.52687872,
        2.57947151,  0.35493351, -0.50341991,  1.94611741, -1.58369402,
        2.32651663, -0.21002589]), array([ 0.21260332,  1.11469622,  0.03436807, -0.15837855,  0.54163365,
        2.5710727 , -0.03923536, -1.20063774,  2.60516442, -2.13393224,
        2.95098506, -1.67976203]), array([ 0.21115341,  1.10555632,  0.05088549, -0.17291865,  0.55784938,
        2.56917436, -0.28998163, -1.82797952,  3.30348362, -2.90802044,
        3.2431466 , -0.37966759]), array([ 0.21004715,  1.10089854,  0.06092903, -0.18206416,  0.57081353,
        2.57433261, -0.22125236, -0.93155681,  2.00870741, -1.82910148,
        2.59282918,  1.03165025]), array([ 0.20853309,  1.09626772,  0.06990379, -0.19014941,  0.58143725,
        2.57883109, -0.30281286, -0.92616223,  1.7949523 , -1.61705076,
        2.12474337,  0.89969625]), array([ 0.20697765,  1.09170847,  0.0779077 , -0.19782687,  0.58876672,
        2.58317362, -0.31108859, -0.91185173,  1.60078297, -1.53549225,
        1.4658939 ,  0.86850582]), array([ 0.20544753,  1.0872347 ,  0.08512237, -0.20522999,  0.59373988,
        2.58735723, -0.30602218, -0.89475331,  1.44293288, -1.48062402,
        0.99463226,  0.83672124]), array([ 0.20399603,  1.08285858,  0.09168869, -0.21246645,  0.59706031,
        2.59138341, -0.29029992, -0.87522424,  1.31326415, -1.44729088,
        0.66408675,  0.80523533]), array([ 0.20266534,  1.07859004,  0.09771596, -0.21962188,  0.59925415,
        2.5952561 , -0.26613834, -0.85370836,  1.20545382, -1.4310872 ,
        0.43876747,  0.77453877]), array([ 0.20148842,  1.07443684,  0.10328907, -0.22676323,  0.60071298,
        2.59898044, -0.23538446, -0.83064017,  1.11462205, -1.42826854,
        0.29176698,  0.74486814]), array([ 0.20049049,  1.07040483,  0.10847418, -0.23394157,  0.60172629,
        2.60256195, -0.19958696, -0.80640044,  1.03702319, -1.43566895,
        0.20266216,  0.71630119]), array([ 0.19969024,  1.06649833,  0.11332316, -0.2411947 ,  0.60250599,
        2.60600604, -0.16004862, -0.78130116,  0.96979495, -1.45062542,
        0.15593865,  0.68881913]), array([ 0.19910091,  1.0627204 ,  0.11787695, -0.24854925,  0.60320501,
        2.60931778, -0.11786645, -0.75558588,  0.91075786, -1.47091014,
        0.13980491,  0.66234752]), array([ 0.1987311 ,  1.05907321,  0.12216823, -0.2560226 ,  0.6039315 ,
        2.6125017 , -0.07396302, -0.7294372 ,  0.85825726, -1.49467034,
        0.14529764,  0.63678341]), array([ 0.19858554,  1.05555828,  0.12622343, -0.26362448,  0.60475953,
        2.61556176, -0.0291117 , -0.70298687,  0.81103973, -1.52037546,
        0.16560559,  0.61201308]), array([ 0.19866575,  1.05217665,  0.13006422, -0.27135833,  0.60573732,
        2.61850138,  0.01604261, -0.67632617,  0.76815725, -1.54677102,
        0.19555757,  0.58792351]), array([ 0.19897058,  1.04892907,  0.13370869, -0.27922253,  0.60689349,
        2.62132343,  0.06096621, -0.64951532,  0.72889325, -1.57283866,
        0.23123431,  0.56440953]), array([ 0.19949669,  1.04581611,  0.13717221, -0.28721134,  0.60824186,
        2.62403032,  0.10522185, -0.62259169,  0.69270578, -1.5977616 ,
        0.26967378,  0.54137807]), array([ 0.20023897,  1.04283823,  0.14046813, -0.29531581,  0.60978509,
        2.62662407,  0.14845601, -0.59557646,  0.65918397, -1.62089486,
        0.30864733,  0.5187502 ]), array([ 0.20119091,  1.03999583,  0.14360821, -0.30352451,  0.61151754,
        2.62910638,  0.19038781, -0.56848012,  0.62801484, -1.64173967,
        0.34648942,  0.49646192]), array([ 0.20234491,  1.0372893 ,  0.146603  , -0.31182412,  0.61342738,
        2.6314787 ,  0.23079925, -0.54130669,  0.59895797, -1.65992145,
        0.38196806,  0.47446393]), array([ 0.20369254,  1.03471901,  0.14946213, -0.32019997,  0.61549831,
        2.6337423 ,  0.2695265 , -0.51405707,  0.57182638, -1.6751709 ,
        0.41418603,  0.45272076]), array([ 0.2052248 ,  1.03228535,  0.15219449, -0.32863651,  0.61771084,
        2.63589835,  0.30645221, -0.48673151,  0.54647198, -1.68730769,
        0.44250554,  0.43120953]), array([ 0.20693229,  1.0299887 ,  0.15480836, -0.33711764,  0.62004329,
        2.63794794,  0.34149862, -0.45933144,  0.5227747 , -1.69622638,
        0.46649065,  0.40991852]), array([ 0.2088054 ,  1.02782939,  0.15731154, -0.34562706,  0.62247261,
        2.63989217,  0.37462137, -0.4318608 ,  0.50063435, -1.70188428,
        0.48586306,  0.38884555]), array([ 0.21083442,  1.02580776,  0.15971136, -0.35414852,  0.62497495,
        2.64173215,  0.405804  , -0.40432688,  0.47996459, -1.70429089,
        0.50046819,  0.36799644]), array([ 0.21300968,  1.02392405,  0.1620148 , -0.36266601,  0.62752619,
        2.64346907,  0.43505309, -0.37674083,  0.46068851, -1.70349878,
        0.51024888,  0.34738348]), array([ 0.21532165,  1.02217846,  0.16422848, -0.37116399,  0.63010232,
        2.64510419,  0.46239385, -0.34911796,  0.44273541, -1.69959559,
        0.51522498,  0.32702392]), array([ 0.21776099,  1.02057107,  0.16635867, -0.37962747,  0.6326797 ,
        2.64663888,  0.48786635, -0.32147774,  0.42603858, -1.69269711,
        0.51547732,  0.30693868]), array([ 0.2203186 ,  1.01910186,  0.16841134, -0.38804218,  0.63523538,
        2.64807464,  0.5115221 , -0.2938437 ,  0.41053374, -1.68294127,
        0.51113509,  0.2871511 ]), array([ 0.2229857 ,  1.01777064,  0.17039213, -0.39639459,  0.63774721,
        2.64941307,  0.53342112, -0.26624315,  0.39615799, -1.67048283,
        0.50236562,  0.26768589]), array([ 0.22575385,  1.01657711,  0.17230638, -0.40467204,  0.64019404,
        2.65065591,  0.55362943, -0.23870688,  0.38284925, -1.65548883,
        0.48936629,  0.24856816]), array([ 0.22861493,  1.01552076,  0.17415911, -0.41286271,  0.64255583,
        2.65180502,  0.57221687, -0.21126872,  0.37054587, -1.63813463,
        0.47235774,  0.22982265]), array([ 0.23156121,  1.01460094,  0.17595504, -0.42095571,  0.64481372,
        2.65286239,  0.58925523, -0.18396512,  0.35918654, -1.61860047,
        0.45157833,  0.21147306]), array([ 0.23458529,  1.01381676,  0.17769859, -0.42894106,  0.64695012,
        2.65383009,  0.60481677, -0.15683466,  0.34871033, -1.59706856,
        0.42727947,  0.1935415 ]), array([ 0.23768016,  1.01316718,  0.17939387, -0.43680966,  0.64894872,
        2.65471033,  0.61897293, -0.12991761,  0.33905679, -1.57372054,
        0.39972165,  0.17604807]), array([ 0.24083912,  1.0126509 ,  0.1810447 , -0.44455334,  0.65079458,
        2.65550539,  0.63179333, -0.10325546,  0.33016615, -1.54873542,
        0.36917107,  0.15901055]), array([ 0.24405585,  1.01226645,  0.1826546 , -0.45216478,  0.65247406,
        2.65621761,  0.64334497, -0.07689042,  0.32197956, -1.52228779,
        0.33589668,  0.14244422]), array([ 0.24732431,  1.01201212,  0.1842268 , -0.45963751,  0.6539749 ,
        2.65684942,  0.65369163, -0.05086507,  0.31443933, -1.49454641,
        0.30016772,  0.12636166]), array([ 0.25063877,  1.01188601,  0.18576424, -0.46696587,  0.65528616,
        2.65740328,  0.66289343, -0.02522187,  0.30748917, -1.46567302,
        0.26225151,  0.11077276]), array([ 2.53993807e-01,  1.01188600e+00,  1.87269617e-01, -4.74144980e-01,
        6.56398217e-01,  2.65788170e+00,  6.71006513e-01, -2.86208152e-06,
        3.01074427e-01, -1.43582151e+00,  2.22411558e-01,  9.56846764e-02]), array([ 0.25738422,  1.01200975,  0.18874533, -0.48117067,  0.65730275,
        2.65828721,  0.67808292,  0.0247507 ,  0.29514229, -1.40513716,
        0.180906  ,  0.08110194]), array([ 0.26080507,  1.01225474,  0.19019354, -0.48803945,  0.65799268,
        2.65862235,  0.68417049,  0.04899864,  0.289642  , -1.37375624,
        0.13798618,  0.06702651]), array([ 0.26425164,  1.01261825,  0.19161616, -0.49474848,  0.65846215,
        2.65888964,  0.68931286,  0.07270216,  0.28452502, -1.34180569,
        0.09389549,  0.05345798]), array([ 0.26771939,  1.01309737,  0.19301489, -0.50129549,  0.6587065 ,
        2.6590916 ,  0.69354957,  0.09582402,  0.27974517, -1.30940295,
        0.04886844,  0.04039367]), array([ 0.27120397,  1.01368902,  0.19439118, -0.50767877,  0.65872215,
        2.65923075,  0.6969162 ,  0.11832879,  0.27525874, -1.27665598,
        0.00312983,  0.02782886]), array([ 0.27470119,  1.01438993,  0.19574631, -0.51389709,  0.65850662,
        2.65930953,  0.69944453,  0.14018295,  0.2710246 , -1.24366334,
       -0.04310583,  0.01575695]), array([ 0.278207  ,  1.01519671,  0.19708133, -0.51994966,  0.65805844,
        2.65933038,  0.70116276,  0.1613551 ,  0.26700425, -1.21051438,
       -0.08963484,  0.0041697 ]), array([ 0.28171748,  1.01610579,  0.19839714, -0.52583611,  0.65737712,
        2.65929567,  0.70209575,  0.18181602,  0.26316186, -1.17728952,
       -0.13626463, -0.00694261]), array([ 0.28522881,  1.01711348,  0.19969446, -0.53155641,  0.65646305,
        2.65920771,  0.70226524,  0.20153876,  0.25946431, -1.14406057,
       -0.18281399, -0.01759094]), array([ 0.28873726,  1.01821598,  0.20097386, -0.53711086,  0.65531748,
        2.65906878,  0.70169014,  0.22049872,  0.25588117, -1.11089109,
       -0.22911318, -0.02778732]), array([ 0.29223919,  1.01940934,  0.20223579, -0.54250005,  0.65394246,
        2.65888105,  0.70038672,  0.23867364,  0.25238472, -1.07783687,
       -0.27500398, -0.03754466]), array([ 0.29573104,  1.02068956,  0.20348054, -0.54772478,  0.65234077,
        2.65864667,  0.69836895,  0.25604365,  0.24894986, -1.04494631,
       -0.32033959, -0.04687655]), array([ 0.29920928,  1.02205252,  0.20470831, -0.55278608,  0.65051584,
        2.65836768,  0.69564868,  0.27259128,  0.24555413, -1.01226094,
       -0.36498455, -0.05579715]), array([ 0.30267046,  1.02349403,  0.2059192 , -0.55768516,  0.64847177,
        2.65804608,  0.69223589,  0.2883014 ,  0.24217762, -0.97981585,
       -0.4088145 , -0.06432098]), array([ 0.30611116,  1.02500983,  0.20711321, -0.56242337,  0.64621319,
        2.65768377,  0.68813893,  0.30316122,  0.23880288, -0.94764021,
       -0.45171597, -0.0724628 ]), array([ 0.30952798,  1.02659563,  0.20829028, -0.56700215,  0.64374526,
        2.65728258,  0.68336475,  0.31716023,  0.23541489, -0.91575774,
       -0.49358608, -0.0802375 ]), array([ 0.31291757,  1.02824708,  0.20945029, -0.57142309,  0.6410736 ,
        2.65684428,  0.67791906,  0.33029019,  0.23200093, -0.88418716,
       -0.53433223, -0.08765999]), array([ 0.31627661,  1.02995981,  0.21059304, -0.5756878 ,  0.63820424,
        2.65637055,  0.67180655,  0.34254498,  0.22855051, -0.8529427 ,
       -0.57387173, -0.09474505]), array([ 0.31960176,  1.03172941,  0.21171832, -0.57979798,  0.63514358,
        2.65586302,  0.66503107,  0.35392064,  0.22505526, -0.82203451,
       -0.61213145, -0.10150731]), array([ 0.32288974,  1.03355149,  0.21282586, -0.58375532,  0.63189835,
        2.65532321,  0.65759577,  0.36441521,  0.22150884, -0.79146912,
       -0.64904742, -0.10796114]), array([ 0.32613726,  1.03542163,  0.2139154 , -0.58756157,  0.62847552,
        2.65475261,  0.64950326,  0.37402869,  0.21790679, -0.76124985,
       -0.68456445, -0.11412059]), array([ 0.32934104,  1.03733545,  0.21498663, -0.59121846,  0.62488235,
        2.65415261,  0.64075576,  0.38276293,  0.21424648, -0.7313772 ,
       -0.71863569, -0.11999935]), array([ 0.33249781,  1.03928855,  0.21603926, -0.5947277 ,  0.62112623,
        2.65352456,  0.63135519,  0.39062159,  0.21052692, -0.70184922,
       -0.75122228, -0.12561068]), array([ 0.33560433,  1.0412766 ,  0.21707301, -0.59809101,  0.61721477,
        2.65286972,  0.62130332,  0.39761   ,  0.20674873, -0.67266189,
       -0.78229289, -0.13096742]), array([ 0.33858481,  1.04314282,  0.2179686 , -0.60135431,  0.61320679,
        2.65220596,  0.59609609,  0.37324213,  0.17911924, -0.65266026,
       -0.80159519, -0.13275237])], 'U_history': [array([ 1.80427081e-03, -2.45951800e-05,  7.06899716e-05, -1.61361185e-04,
        5.55842972e-06,  5.37672257e-19]), array([1.10906281e-02, 7.17276026e-02, 5.49746949e-03, 3.71928754e-05,
       2.30890478e-02, 2.21702485e-03]), array([0.02014207, 0.14059303, 0.01416096, 0.00027439, 0.04381495,
       0.00358492]), array([0.02895927, 0.20674503, 0.02549844, 0.00052277, 0.06282823,
       0.00448396]), array([0.03754807, 0.27035331, 0.0390445 , 0.00076949, 0.08059256,
       0.00512187]), array([0.04591839, 0.33158604, 0.05441519, 0.00100884, 0.09744165,
       0.00561222]), array([0.05408309, 0.39061257, 0.07129609, 0.00123841, 0.11361705,
       0.00601719]), array([0.06205671, 0.44760535, 0.08943257, 0.00145735, 0.12929545,
       0.00637088]), array([0.06985424, 0.50274018, 0.10862082, 0.00166549, 0.14460792,
       0.00669205]), array([0.07749013, 0.55619469, 0.12869948, 0.001863  , 0.15965297,
       0.00699113]), array([0.08497796, 0.60814604, 0.14954183, 0.00205025, 0.17450554,
       0.00727393]), array([0.09233042, 0.65876868, 0.17104928, 0.00222764, 0.18922319,
       0.00754383]), array([0.09955961, 0.70823284, 0.19314616, 0.00239563, 0.20385084,
       0.00780286]), array([0.10667725, 0.75670375, 0.21577563, 0.00255466, 0.21842428,
       0.0080523 ]), array([0.11369498, 0.80434138, 0.23889661, 0.00270516, 0.23297287,
       0.00829307]), array([0.12062437, 0.85130046, 0.2624813 , 0.00284759, 0.2475215 ,
       0.00852588]), array([0.12747695, 0.89773055, 0.28651306, 0.00298237, 0.26209206,
       0.00875133]), array([0.13426422, 0.94377609, 0.31098464, 0.00310997, 0.27670438,
       0.00896996]), array([0.14099751, 0.98957646, 0.33589662, 0.00323085, 0.29137687,
       0.00918231]), array([0.14768796, 1.03526587, 0.36125598, 0.00334552, 0.30612696,
       0.00938891]), array([0.15816115, 1.0751428 , 0.38295011, 0.00307209, 0.31844025,
       0.00959026]), array([0.16506541, 1.12041292, 0.40889753, 0.00318054, 0.33341314,
       0.0097603 ]), array([0.17197013, 1.16593241, 0.43533877, 0.00327772, 0.34846712,
       0.00993731]), array([0.17888347, 1.21181433, 0.46229401, 0.00336615, 0.36362808,
       0.01011648]), array([0.1858132 , 1.25816589, 0.48978533, 0.00344775, 0.37891815,
       0.01029548]), array([0.1927666 , 1.30508818, 0.51783575, 0.00352405, 0.39435635,
       0.01047334]), array([0.19975037, 1.35267584, 0.54646842, 0.00359637, 0.40995903,
       0.01064978]), array([0.20677059, 1.40101677, 0.57570588, 0.00366583, 0.42574013,
       0.0108249 ]), array([0.21383267, 1.45019186, 0.60556943, 0.00373343, 0.44171138,
       0.010999  ]), array([0.22094128, 1.50027462, 0.6360785 , 0.00380006, 0.45788238,
       0.01117246]), array([0.22810032, 1.55133095, 0.6672502 , 0.00386655, 0.47426064,
       0.0113457 ]), array([0.23531292, 1.60341885, 0.69909882, 0.00393365, 0.4908516 ,
       0.01151916]), array([0.24258135, 1.65658816, 0.73163543, 0.00400204, 0.50765861,
       0.01169325]), array([0.24990704, 1.71088031, 0.76486754, 0.00407237, 0.52468292,
       0.01186836]), array([0.25729059, 1.76632814, 0.79879876, 0.00414522, 0.54192362,
       0.01204488]), array([0.26473167, 1.82295565, 0.83342853, 0.00422113, 0.55937766,
       0.01222313]), array([0.27222911, 1.88077788, 0.8687519 , 0.00430058, 0.57703978,
       0.01240343]), array([0.27978086, 1.93980077, 0.90475935, 0.00438401, 0.59490251,
       0.01258604]), array([0.28738396, 2.00002104, 0.94143661, 0.00447178, 0.61295618,
       0.0127712 ]), array([0.29503461, 2.06142616, 0.97876457, 0.00456424, 0.6311889 ,
       0.01295909]), array([0.32307933, 2.11229097, 1.00845494, 0.00292377, 0.6451169 ,
       0.01314987]), array([0.33125008, 2.17550414, 1.04679518, 0.00314444, 0.6639369 ,
       0.0132448 ]), array([0.33944616, 2.23983279, 1.08571829, 0.00333794, 0.68280273,
       0.01339033]), array([0.34765894, 2.30522644, 1.12518156, 0.00351327, 0.70171717,
       0.01356392]), array([0.35587917, 2.37162618, 1.1651388 , 0.00367674, 0.72067495,
       0.01375349]), array([0.36409701, 2.43896478, 1.20554011, 0.00383286, 0.73966449,
       0.01395258]), array([0.37230202, 2.5071668 , 1.24633169, 0.00398484, 0.7586691 ,
       0.01415774]), array([0.38048326, 2.57614879, 1.28745584, 0.00413502, 0.77766797,
       0.01436711]), array([0.38862927, 2.6458196 , 1.32885097, 0.00428505, 0.79663693,
       0.01457964]), array([0.39672816, 2.71608064, 1.37045175, 0.00443611, 0.81554901,
       0.01479468]), array([0.40476767, 2.78682636, 1.41218929, 0.00458897, 0.83437495,
       0.0150118 ]), array([0.41273522, 2.85794458, 1.45399134, 0.0047441 , 0.85308359,
       0.01523061]), array([0.42061798, 2.92931705, 1.49578262, 0.00490172, 0.87164221,
       0.01545077]), array([0.42840291, 3.00081992, 1.53748507, 0.00506189, 0.89001685,
       0.01567191]), array([0.4360769 , 3.07232434, 1.57901822, 0.00522447, 0.90817259,
       0.01589363]), array([0.44362675, 3.14369701, 1.62029955, 0.00538922, 0.92607376,
       0.01611551]), array([0.45103931, 3.21480082, 1.66124487, 0.00555578, 0.94368424,
       0.0163371 ]), array([0.45830153, 3.28549553, 1.70176872, 0.00572369, 0.96096765,
       0.0165579 ]), array([0.46540052, 3.35563837, 1.74178478, 0.00589244, 0.97788759,
       0.01677741]), array([0.47232361, 3.42508479, 1.78120633, 0.00606144, 0.99440784,
       0.01699509]), array([0.42319818, 3.55267846, 1.86136748, 0.01102342, 1.03518097,
       0.01721038]), array([0.42972255, 3.62118374, 1.89935386, 0.01081018, 1.04852264,
       0.01777127]), array([0.43605411, 3.68836465, 1.9363452 , 0.0106908 , 1.06189067,
       0.01815653]), array([0.44218531, 3.75409289, 1.97228844, 0.01063697, 1.07510781,
       0.01844649]), array([0.44810823, 3.81823823, 2.00712305, 0.01062904, 1.08803566,
       0.0186839 ]), array([0.45381487, 3.88067021, 2.04078406, 0.01065301, 1.10056496,
       0.01889122]), array([0.45929735, 3.94125951, 2.07320434, 0.01069863, 1.11260849,
       0.01908005]), array([0.46454806, 3.99987917, 2.10431634, 0.01075823, 1.12409581,
       0.01925612]), array([0.4695598 , 4.05640564, 2.1340535 , 0.01082594, 1.13496955,
       0.01942208]), array([0.47432584, 4.11071967, 2.16235132, 0.01089722, 1.14518251,
       0.01957899]), array([0.47884002, 4.16270714, 2.18914822, 0.01096849, 1.15469576,
       0.01972704]), array([0.48309682, 4.21225975, 2.2143862 , 0.01103686, 1.16347706,
       0.01986605]), array([0.48709135, 4.25927566, 2.23801143, 0.01110001, 1.17149985,
       0.01999564]), array([0.49081944, 4.30366005, 2.25997465, 0.01115605, 1.17874244,
       0.02011538]), array([0.49427762, 4.3453256 , 2.28023153, 0.01120341, 1.18518744,
       0.02022483]), array([0.49746319, 4.38419291, 2.29874297, 0.01124078, 1.19082135,
       0.02032357]), array([0.50037417, 4.42019084, 2.3154753 , 0.01126708, 1.19563421,
       0.02041125]), array([0.50300935, 4.45325686, 2.33040045, 0.01128139, 1.19961942,
       0.02048755]), array([0.50536824, 4.48333724, 2.34349604, 0.01128294, 1.20277349,
       0.02055221]), array([0.50745112, 4.51038726, 2.3547455 , 0.01127112, 1.20509595,
       0.02060502]), array([0.50925898, 4.53437136, 2.36413808, 0.01124539, 1.20658918,
       0.02064583]), array([0.51079354, 4.55526317, 2.37166884, 0.01120534, 1.20725831,
       0.02067455]), array([0.5120572 , 4.5730456 , 2.37733863, 0.01115064, 1.20711115,
       0.02069113]), array([0.51305302, 4.58771075, 2.38115401, 0.01108105, 1.206158  ,
       0.02069559]), array([0.51378473, 4.59925991, 2.38312717, 0.01099639, 1.20441165,
       0.02068799]), array([0.51425665, 4.60770338, 2.38327579, 0.01089659, 1.20188719,
       0.02066843]), array([0.51447371, 4.61306035, 2.38162292, 0.01078161, 1.19860194,
       0.02063708]), array([0.51444135, 4.61535871, 2.37819673, 0.01065151, 1.19457535,
       0.02059414]), array([0.51416557, 4.61463474, 2.37303043, 0.01050639, 1.18982882,
       0.02053987]), array([0.51365283, 4.61093292, 2.36616194, 0.01034643, 1.18438564,
       0.02047455]), array([0.51291003, 4.60430556, 2.35763372, 0.01017186, 1.17827081,
       0.02039852]), array([0.51194448, 4.59481246, 2.34749252, 0.00998295, 1.17151094,
       0.02031215]), array([0.51076386, 4.58252059, 2.33578905, 0.00978006, 1.16413409,
       0.02021583]), array([0.50937618, 4.56750363, 2.32257779, 0.00956357, 1.15616965,
       0.02011002]), array([0.50778975, 4.5498416 , 2.30791662, 0.00933391, 1.14764815,
       0.01999517]), array([0.50601312, 4.52962038, 2.29186658, 0.00909158, 1.13860117,
       0.01987177]), array([0.50405508, 4.5069313 , 2.2744915 , 0.00883708, 1.12906116,
       0.01974035]), array([0.50192458, 4.48187066, 2.25585777, 0.00857099, 1.11906131,
       0.01960143]), array([0.49963074, 4.45453924, 2.23603394, 0.0082939 , 1.10863538,
       0.01945557]), array([0.49718277, 4.42504181, 2.21509046, 0.00800644, 1.09781759,
       0.01930333]), array([0.49458997, 4.39348671, 2.19309935, 0.00770928, 1.08664246,
       0.0191453 ]), array([0.4918617 , 4.35998526, 2.17013388, 0.00740308, 1.07514464,
       0.01898205]), array([0.48900731, 4.32465137, 2.14626826, 0.00708857, 1.06335884,
       0.01881418]), array([0.48603616, 4.28760098, 2.12157736, 0.00676646, 1.05131964,
       0.01864228]), array([0.48295758, 4.24895165, 2.09613635, 0.00643749, 1.03906142,
       0.01846693]), array([0.47978079, 4.20882205, 2.07002051, 0.00610242, 1.02661818,
       0.01828873]), array([0.47651497, 4.16733152, 2.04330486, 0.00576201, 1.01402345,
       0.01810826]), array([0.47316915, 4.12459963, 2.01606393, 0.00541702, 1.00131021,
       0.01792609]), array([0.46975225, 4.08074575, 1.98837151, 0.00506822, 0.98851075,
       0.01774278]), array([0.46627302, 4.03588865, 1.96030041, 0.00471637, 0.97565659,
       0.01755888]), array([0.46274005, 3.9901461 , 1.93192221, 0.00436223, 0.9627784 ,
       0.01737493]), array([0.45916171, 3.94363448, 1.90330705, 0.00400656, 0.9499059 ,
       0.01719144]), array([4.55546199e-01, 3.89646848e+00, 1.87452345e+00, 3.65010265e-03,
       9.37067828e-01, 1.70089082e-02]), array([4.51901481e-01, 3.84876071e+00, 1.84563810e+00, 3.29358035e-03,
       9.24291828e-01, 1.68278170e-02]), array([4.48235288e-01, 3.80062145e+00, 1.81671572e+00, 2.93770864e-03,
       9.11604426e-01, 1.66486238e-02]), array([4.44555113e-01, 3.75215833e+00, 1.78781890e+00, 2.58318204e-03,
       8.99030971e-01, 1.64717648e-02]), array([4.40868195e-01, 3.70347609e+00, 1.75900793e+00, 2.23067446e-03,
       8.86595596e-01, 1.62976531e-02]), array([4.37181513e-01, 3.65467633e+00, 1.73034074e+00, 1.88083705e-03,
       8.74321183e-01, 1.61266781e-02]), array([4.33501778e-01, 3.60585731e+00, 1.70187276e+00, 1.53429630e-03,
       8.62229339e-01, 1.59592050e-02]), array([4.29835429e-01, 3.55711377e+00, 1.67365684e+00, 1.19165233e-03,
       8.50340375e-01, 1.57955742e-02]), array([4.26188628e-01, 3.50853675e+00, 1.64574317e+00, 8.53477374e-04,
       8.38673296e-01, 1.56361011e-02]), array([4.22567256e-01, 3.46021347e+00, 1.61817926e+00, 5.20314413e-04,
       8.27245793e-01, 1.54810763e-02]), array([4.18976911e-01, 3.41222719e+00, 1.59100984e+00, 1.92676067e-04,
       8.16074243e-01, 1.53307650e-02]), array([ 4.15422906e-01,  3.36465713e+00,  1.56427689e+00, -1.28956360e-04,
        8.05173719e-01,  1.51854077e-02]), array([ 4.11910271e-01,  3.31757842e+00,  1.53801960e+00, -4.44133624e-04,
        7.94557998e-01,  1.50452203e-02]), array([ 4.08443751e-01,  3.27106199e+00,  1.51227437e+00, -7.52439101e-04,
        7.84239579e-01,  1.49103945e-02]), array([ 4.05027809e-01,  3.22517460e+00,  1.48707483e+00, -1.05348916e-03,
        7.74229703e-01,  1.47810981e-02]), array([ 4.01666627e-01,  3.17997881e+00,  1.46245185e+00, -1.34693337e-03,
        7.64538381e-01,  1.46574758e-02]), array([ 3.98364112e-01,  3.13553297e+00,  1.43843359e+00, -1.63245450e-03,
        7.55174425e-01,  1.45396498e-02]), array([ 3.95123895e-01,  3.09189123e+00,  1.41504553e+00, -1.90976840e-03,
        7.46145474e-01,  1.44277205e-02]), array([ 3.91949340e-01,  3.04910364e+00,  1.39231053e+00, -2.17862367e-03,
        7.37458038e-01,  1.43217673e-02]), array([ 3.88843544e-01,  3.00721615e+00,  1.37024890e+00, -2.43880128e-03,
        7.29117534e-01,  1.42218493e-02]), array([ 3.85809347e-01,  2.96627067e+00,  1.34887846e+00, -2.69011390e-03,
        7.21128323e-01,  1.41280066e-02]), array([ 0.38284934,  2.92630522,  1.32821459, -0.00293241,  0.71349376,
        0.01404026]), array([ 0.37996585,  2.88735393,  1.30827036, -0.00316555,  0.70621623,
        0.01395862]), array([ 0.37716099,  2.84944719,  1.28905659, -0.00338945,  0.69929721,
        0.01388306]), array([ 0.37443662,  2.81261177,  1.27058191, -0.00360404,  0.69273729,
        0.01381356]), array([ 0.37179437,  2.77687091,  1.25285291, -0.00380927,  0.68653624,
        0.01375009]), array([ 0.36923568,  2.74224445,  1.23587421, -0.00400513,  0.68069306,
        0.01369258]), array([ 0.36676174,  2.70874895,  1.21964853, -0.00419164,  0.67520601,
        0.01364096]), array([ 60.,  60.,  30., -10.,  10.,  10.]), array([ 31.99508574, -60.        ,   7.15310203, -10.        ,
        10.        , -10.        ]), array([ 12.88024583, -60.        ,   6.59346456,  10.        ,
         3.36497915,  10.        ]), array([  7.53946723,  60.        ,  12.73013145,  10.        ,
         5.60707369, -10.        ]), array([  2.80768833,  60.        ,  -1.42314085,  10.        ,
        -0.69878816, -10.        ]), array([  0.93194523,  60.        ,  -5.73469957, -10.        ,
        -2.56087982,  10.        ]), array([  3.05889375, -60.        ,  -7.28566649, -10.        ,
        -1.01349886, -10.        ]), array([ 2.21638707, 60.        , 12.43365959, 10.        ,  3.88983939,
       10.        ]), array([  1.99186561, -60.        ,  -7.11686094,  10.        ,
        -2.43555875, -10.        ]), array([  0.35337667,  60.        ,  15.268682  , -10.        ,
         5.65759501,  10.        ]), array([  4.17521552,  60.        ,  -1.42295694, -10.        ,
        -1.05869216,  10.        ]), array([  4.55558615, -60.        ,  -5.18790865,  10.        ,
        -2.28765302, -10.        ]), array([  3.83519136, -60.        ,  14.73762143, -10.        ,
         8.35055061,  10.        ]), array([  3.85156086,  60.        ,  14.29132201, -10.        ,
         3.8759793 , -10.        ]), array([  3.10829757, -60.        ,  -5.93378315,  10.        ,
        -2.29541223, -10.        ]), array([  0.86639136,  60.        ,  17.92597347, -10.        ,
         7.02684078,  10.        ]), array([  3.06214652, -60.        ,  -5.89684978,  10.        ,
        -2.57771013, -10.        ]), array([ 4.76730116, 60.        , 15.63299659, 10.        ,  6.30082712,
       10.        ]), array([  2.48366543, -60.        ,  -1.08987972, -10.        ,
         0.74076622,  10.        ]), array([ 7.23798937, 48.        , 12.08717349, -8.        ,  3.58371279,
        8.        ]), array([ 0.,  0.,  0., -0.,  0.,  0.]), array([ 50.97649747, -60.        , -11.57188946, -10.        ,
         1.09487013, -10.        ]), array([  3.26014838, -12.        ,   4.72791841,  -2.        ,
         2.        ,  -2.        ]), array([ 3.38823239, 36.        ,  8.64796038,  6.        ,  4.09954719,
        6.        ]), array([ -3.89329496, -48.        ,  -7.63007505,   8.        ,
        -2.99330004,   8.        ]), array([ -4.20099035, -60.        ,  12.16512744,  10.        ,
         5.83017483, -10.        ]), array([-9.76522765, 60.        , 22.60241855, 10.        , 10.        ,
       10.        ]), array([-3.18167478, 24.        , -1.56148764,  4.        , -0.75898868,
        4.        ]), array([-15.49162955, -60.        ,  -8.47736636, -10.        ,
        -1.97103776, -10.        ]), array([-18.60637026,  60.        ,  30.        , -10.        ,
        10.        , -10.        ]), array([-8.16779825, 36.        ,  3.39438451, -6.        ,  2.13870604,
        6.        ]), array([-9.88041844, 36.        ,  2.43280159, -6.        ,  1.13106109,
       -6.        ]), array([-29.6602524 , -48.        ,   9.76002253,  -8.        ,
         4.15421597,  -8.        ]), array([-26.04434016, -36.        ,  18.        ,  -6.        ,
         6.        ,   6.        ]), array([  5.79963256,  36.55959043, -66.06967241,  58.16040877,
       -64.86293192,   7.59335179]), array([-6.36372366e+00, -2.19705842e+01, -1.62965504e+01,  6.93901669e-01,
       -1.00000000e+01, -1.83418647e-15]), array([-2.98055721e+00, -1.75139393e+01, -1.30950601e+01, -3.67789067e-02,
       -9.41602673e+00, -1.03524772e-15]), array([-7.24546317e-01, -1.18879974e+01, -9.00195668e+00, -4.02909721e-01,
       -6.46064580e+00, -3.00091297e-16]), array([ 1.11554829e+00, -7.66058597e+00, -5.92065902e+00, -7.10090594e-01,
       -4.21658202e+00,  7.92410644e-16]), array([ 2.60232742e+00, -4.48569277e+00, -3.60534039e+00, -9.62481845e-01,
       -2.51685914e+00,  1.33788131e-15]), array([ 3.79038487e+00, -2.10380762e+00, -1.86995112e+00, -1.16536004e+00,
       -1.23347396e+00,  7.47448664e-16]), array([ 4.72667743e+00, -3.19650052e-01, -5.73473473e-01, -1.32432447e+00,
       -2.68416575e-01, -3.40473327e-16]), array([ 5.45128248e+00,  1.01412225e+00,  3.91097206e-01, -1.44485195e+00,
        4.53292936e-01,  4.37920585e-16]), array([ 5.99827206e+00,  2.00890648e+00,  1.10501754e+00, -1.53206357e+00,
        9.88982404e-01,  3.85489711e-16]), array([ 6.39657014e+00,  2.74903917e+00,  1.63001618e+00, -1.59061892e+00,
        1.38246769e+00,  7.49967609e-16]), array([ 6.67073267e+00,  3.29841588e+00,  2.01298830e+00, -1.62468507e+00,
        1.66723218e+00,  2.87855978e-15]), array([ 6.84162908e+00,  3.70544874e+00,  2.28954735e+00, -1.63794777e+00,
        1.86886428e+00,  1.87122606e-15]), array([ 6.92702323e+00,  4.00679520e+00,  2.48671796e+00, -1.63364456e+00,
        2.00692362e+00,  1.78673840e-15]), array([ 6.94206106e+00,  4.23017308e+00,  2.62498108e+00, -1.61460758e+00,
        2.09636854e+00,  6.43457887e-16]), array([ 6.89967642e+00,  4.39649216e+00,  2.71982972e+00, -1.58330902e+00,
        2.14864722e+00,  7.77096581e-16]), array([ 6.81092695e+00,  4.52147261e+00,  2.78295364e+00, -1.54190493e+00,
        2.17253117e+00, -1.61224676e-16]), array([ 6.68527164e+00,  4.61687639e+00,  2.82314268e+00, -1.49227551e+00,
        2.17475146e+00,  1.66398183e-15]), array([ 6.53080045e+00,  4.69144615e+00,  2.84697614e+00, -1.43606085e+00,
        2.16048413e+00, -2.29868186e-17]), array([ 6.35442468e+00,  4.75162232e+00,  2.85934929e+00, -1.37469201e+00,
        2.13372017e+00,  1.55085852e-15]), array([ 6.16203577e+00,  4.80209164e+00,  2.86387594e+00, -1.30941772e+00,
        2.09754731e+00,  4.67236939e-16]), array([ 5.95863844e+00,  4.84620756e+00,  2.86319637e+00, -1.24132693e+00,
        2.05436444e+00, -1.93455751e-16]), array([ 5.74846341e+00,  4.88631284e+00,  2.85921301e+00, -1.17136801e+00,
        2.00604443e+00,  7.37058705e-16]), array([ 5.53506354e+00,  4.92398747e+00,  2.85327104e+00, -1.10036490e+00,
        1.95405779e+00,  2.85634321e-16]), array([ 5.32139670e+00,  4.96023953e+00,  2.84629671e+00, -1.02903074e+00,
        1.89956632e+00,  7.55088295e-16]), array([ 5.10989786e+00,  4.99565213e+00,  2.83890339e+00, -9.57979603e-01,
        1.84349399e+00,  7.01951687e-16]), array([ 4.90254239e+00,  5.03049678e+00,  2.83147283e+00, -8.87736512e-01,
        1.78658049e+00,  3.22238758e-16]), array([ 4.70090219e+00,  5.06482082e+00,  2.82421731e+00, -8.18746169e-01,
        1.72942171e+00,  1.65523237e-15]), array([ 4.50619563e+00,  5.09851465e+00,  2.81722732e+00, -7.51380689e-01,
        1.67250021e+00,  4.57827813e-16]), array([ 4.31933253e+00,  5.13136357e+00,  2.81050775e+00, -6.85946511e-01,
        1.61620832e+00,  3.66251150e-16]), array([ 4.14095459e+00,  5.16308738e+00,  2.80400556e+00, -6.22690673e-01,
        1.56086559e+00,  6.75165680e-16]), array([ 3.97147196e+00,  5.19337057e+00,  2.79763065e+00, -5.61806588e-01,
        1.50673202e+00,  2.95020889e-16]), array([ 3.81109635e+00,  5.22188511e+00,  2.79127148e+00, -5.03439401e-01,
        1.45401822e+00, -1.94399761e-16]), array([ 3.65987091e+00,  5.24830733e+00,  2.78480674e+00, -4.47691010e-01,
        1.40289328e+00,  7.53490587e-16]), array([ 3.51769723e+00,  5.27233031e+00,  2.77811387e+00, -3.94624776e-01,
        1.35349086e+00,  2.90839755e-16]), array([ 3.38435968e+00,  5.29367257e+00,  2.77107517e+00, -3.44269971e-01,
        1.30591413e+00,  1.56184937e-16]), array([ 3.25954719e+00,  5.31208397e+00,  2.76358203e+00, -2.96625960e-01,
        1.26023972e+00,  4.84122257e-16]), array([ 3.14287263e+00,  5.32734934e+00,  2.75553772e+00, -2.51666137e-01,
        1.21652103e+00,  1.38088104e-16]), array([ 3.03389011e+00,  5.33929033e+00,  2.74685916e+00, -2.09341614e-01,
        1.17479109e+00, -4.26825544e-16]), array([ 2.93211007e+00,  5.34776598e+00,  2.73747773e+00, -1.69584654e-01,
        1.13506499e+00, -3.37633980e-16]), array([ 2.83701260e+00,  5.35267220e+00,  2.72733957e+00, -1.32311862e-01,
        1.09734208e+00, -3.49256495e-16]), array([ 2.74805885e+00,  5.35394046e+00,  2.71640536e+00, -9.74271172e-02,
        1.06160790e+00, -2.66995060e-16]), array([ 2.66470093e+00,  5.35153594e+00,  2.70464975e+00, -6.48242553e-02,
        1.02783606e+00,  1.76592693e-16]), array([ 2.58639022e+00,  5.34545525e+00,  2.69206060e+00, -3.43895058e-02,
        9.95989813e-01, -6.25668886e-16]), array([ 2.51258439e+00,  5.33572390e+00,  2.67863806e+00, -6.00368073e-03,
        9.66023627e-01, -4.35827937e-16]), array([2.44275311e+00, 5.32239360e+00, 2.66439348e+00, 2.04558711e-02,
       9.37884584e-01, 3.94793261e-16]), array([ 2.37638276e+00,  5.30553949e+00,  2.64934840e+00,  4.51135385e-02,
        9.11513681e-01, -3.84327487e-16]), array([2.31298013e+00, 5.28525740e+00, 2.63353335e+00, 6.80939390e-02,
       8.86847023e-01, 3.93233356e-16]), array([ 2.25207520e+00,  5.26166109e+00,  2.61698684e+00,  8.95206142e-02,
        8.63816919e-01, -9.21870536e-17]), array([ 2.19322325e+00,  5.23487964e+00,  2.59975425e+00,  1.09514917e-01,
        8.42352871e-01, -6.18927079e-16]), array([ 2.13600631e+00,  5.20505496e+00,  2.58188682e+00,  1.28195075e-01,
        8.22382469e-01, -1.39804910e-16]), array([2.08003400e+00, 5.17233941e+00, 2.56344065e+00, 1.45675415e-01,
       8.03832195e-01, 1.90502972e-16]), array([2.02494399, 5.1368936 , 2.54447584, 0.16206574, 0.78662812,
       0.        ]), array([ 1.97040196e+00,  5.09888436e+00,  2.52505557e+00,  1.77470840e-01,
        7.70696549e-01, -1.41338708e-16]), array([1.91610133e+00, 5.05848284e+00, 2.50524533e+00, 1.91990102e-01,
       7.55964522e-01, 1.85763191e-16]), array([ 1.86176269e+00,  5.01586282e+00,  2.48511220e+00,  2.05717266e-01,
        7.42360307e-01, -2.79153677e-16]), array([ 1.80713296e+00,  4.97119920e+00,  2.46472416e+00,  2.18740235e-01,
        7.29813768e-01, -5.49592379e-16]), array([ 1.75198454e+00,  4.92466656e+00,  2.44414950e+00,  2.31140992e-01,
        7.18256690e-01, -2.29449039e-16]), array([ 1.69611414e+00,  4.87643799e+00,  2.42345620e+00,  2.42995575e-01,
        7.07623034e-01, -7.76992500e-16]), array([ 1.63934169e+00,  4.82668399e+00,  2.40271153e+00,  2.54374121e-01,
        6.97849137e-01, -3.62715678e-16]), array([1.58150910e+00, 4.77557155e+00, 2.38198150e+00, 2.65340953e-01,
       6.88873861e-01, 3.92383406e-16]), array([ 1.52247898e+00,  4.72326331e+00,  2.36133051e+00,  2.75954722e-01,
        6.80638696e-01, -8.80136291e-16]), array([0., 0., 0., 0., 0., 0.])], 'ball_pos_history': [array([-0.80952414, -7.98167946,  1.19981536]), array([-0.80919065, -7.9366807 ,  1.18570309]), array([-0.80885715, -7.89168193,  1.17134557]), array([-0.80852366, -7.84668317,  1.1567428 ]), array([-0.80819016, -7.8016844 ,  1.14189477]), array([-0.80785667, -7.75668564,  1.1268015 ]), array([-0.80752317, -7.71168688,  1.11146298]), array([-0.80718968, -7.66668811,  1.0958792 ]), array([-0.80685618, -7.62168935,  1.08005018]), array([-0.80652269, -7.57669058,  1.06397591]), array([-0.80618919, -7.53169182,  1.04765638]), array([-0.8058557 , -7.48669305,  1.03109161]), array([-0.8055222 , -7.44169429,  1.01428159]), array([-0.80518871, -7.39669553,  0.99722631]), array([-0.80485522, -7.35169676,  0.97992579]), array([-0.80452172, -7.306698  ,  0.96238002]), array([-0.80418823, -7.26169923,  0.94458899]), array([-0.80385473, -7.21670047,  0.92655272]), array([-0.80352124, -7.17170171,  0.9082712 ]), array([-0.80318774, -7.12670294,  0.88974443]), array([-0.80285425, -7.08170418,  0.8709724 ]), array([-0.80252075, -7.03670541,  0.85195513]), array([-0.80218726, -6.99170665,  0.83269261]), array([-0.80185376, -6.94670788,  0.81318483]), array([-0.80152027, -6.90170912,  0.79343181]), array([-0.80118677, -6.85671036,  0.77343354]), array([-0.80085328, -6.81171159,  0.75319001]), array([-0.80051978, -6.76671283,  0.73270124]), array([-0.80018629, -6.72171406,  0.71196722]), array([-0.79985279, -6.6767153 ,  0.69098794]), array([-0.7995193 , -6.63171653,  0.66976342]), array([-0.7991858 , -6.58671777,  0.64829365]), array([-0.79885231, -6.54171901,  0.62657862]), array([-0.79851881, -6.49672024,  0.60461835]), array([-0.79818532, -6.45172148,  0.58241283]), array([-0.79785182, -6.40672271,  0.55996205]), array([-0.79751833, -6.36172395,  0.53726603]), array([-0.79718483, -6.31672519,  0.51432476]), array([-0.79685134, -6.27172642,  0.49113824]), array([-0.79651784, -6.22672766,  0.46770646]), array([-0.79618435, -6.18172889,  0.44402944]), array([-0.79585085, -6.13673013,  0.42010717]), array([-0.79551736, -6.09173136,  0.39593964]), array([-0.79518386, -6.0467326 ,  0.37152687]), array([-0.79485037, -6.00173384,  0.34686885]), array([-0.79451688, -5.95673507,  0.32196557]), array([-0.79418338, -5.91173631,  0.29681705]), array([-0.79384989, -5.86673754,  0.27142328]), array([-0.79351639, -5.82173878,  0.24578425]), array([-0.7931829 , -5.77674001,  0.21989998]), array([-0.7928494 , -5.73174125,  0.19377046]), array([-0.79251591, -5.68674249,  0.16739568]), array([-0.79218241, -5.64174372,  0.14077566]), array([-0.79184892, -5.59674496,  0.11391039]), array([-0.79151542, -5.55174619,  0.08679987]), array([-0.79118193, -5.50674743,  0.05944409]), array([-0.79084843, -5.46174866,  0.033     ]), array([-0.79053161, -5.41899984,  0.05345552]), array([-0.79021479, -5.37625101,  0.07366578]), array([-0.78989797, -5.33350219,  0.0936308 ]), array([-0.78958115, -5.29075336,  0.11335057]), array([-0.78926433, -5.24800453,  0.13282509]), array([-0.78894751, -5.20525571,  0.15205435]), array([-0.78863069, -5.16250688,  0.17103837]), array([-0.78831387, -5.11975806,  0.18977714]), array([-0.78799705, -5.07700923,  0.20827066]), array([-0.78768023, -5.0342604 ,  0.22651892]), array([-0.78736341, -4.99151158,  0.24452194]), array([-0.78704659, -4.94876275,  0.26227971]), array([-0.78672977, -4.90601393,  0.27979223]), array([-0.78641295, -4.8632651 ,  0.29705949]), array([-0.78609613, -4.82051627,  0.31408151]), array([-0.78577931, -4.77776745,  0.33085828]), array([-0.78546249, -4.73501862,  0.3473898 ]), array([-0.78514567, -4.6922698 ,  0.36367606]), array([-0.78482885, -4.64952097,  0.37971708]), array([-0.78451203, -4.60677214,  0.39551285]), array([-0.78419521, -4.56402332,  0.41106336]), array([-0.78387839, -4.52127449,  0.42636863]), array([-0.78356157, -4.47852567,  0.44142865]), array([-0.78324475, -4.43577684,  0.45624342]), array([-0.78292793, -4.39302801,  0.47081293]), array([-0.78261111, -4.35027919,  0.4851372 ]), array([-0.78229429, -4.30753036,  0.49921622]), array([-0.78197747, -4.26478154,  0.51304999]), array([-0.78166065, -4.22203271,  0.5266385 ]), array([-0.78134383, -4.17928388,  0.53998177]), array([-0.78102701, -4.13653506,  0.55307979]), array([-0.78071019, -4.09378623,  0.56593256]), array([-0.78039337, -4.05103741,  0.57854007]), array([-0.78007655, -4.00828858,  0.59090234]), array([-0.77975973, -3.96553975,  0.60301936]), array([-0.77944291, -3.92279093,  0.61489112]), array([-0.77912609, -3.8800421 ,  0.62651764]), array([-0.77880927, -3.83729328,  0.63789891]), array([-0.77849245, -3.79454445,  0.64903493]), array([-0.77817563, -3.75179562,  0.65992569]), array([-0.77785881, -3.7090468 ,  0.67057121]), array([-0.77754199, -3.66629797,  0.68097148]), array([-0.77722517, -3.62354915,  0.6911265 ]), array([-0.77690835, -3.58080032,  0.70103626]), array([-0.77659153, -3.53805149,  0.71070078]), array([-0.77627471, -3.49530267,  0.72012005]), array([-0.77595789, -3.45255384,  0.72929407]), array([-0.77564107, -3.40980502,  0.73822283]), array([-0.77532425, -3.36705619,  0.74690635]), array([-0.77500743, -3.32430736,  0.75534462]), array([-0.77469061, -3.28155854,  0.76353764]), array([-0.77437379, -3.23880971,  0.7714854 ]), array([-0.77405697, -3.19606089,  0.77918792]), array([-0.77374015, -3.15331206,  0.78664519]), array([-0.77342333, -3.11056323,  0.7938572 ]), array([-0.77310651, -3.06781441,  0.80082397]), array([-0.77278969, -3.02506558,  0.80754549]), array([-0.77247287, -2.98231676,  0.81402176]), array([-0.77215605, -2.93956793,  0.82025277]), array([-0.77183923, -2.8968191 ,  0.82623854]), array([-0.77152241, -2.85407028,  0.83197906]), array([-0.77120559, -2.81132145,  0.83747433]), array([-0.77088877, -2.76857263,  0.84272434]), array([-0.77057195, -2.7258238 ,  0.84772911]), array([-0.77025513, -2.68307497,  0.85248863]), array([-0.76993831, -2.64032615,  0.8570029 ]), array([-0.76962149, -2.59757732,  0.86127191]), array([-0.76930467, -2.5548285 ,  0.86529568]), array([-0.76898785, -2.51207967,  0.8690742 ]), array([-0.76867103, -2.46933084,  0.87260747]), array([-0.7683542 , -2.42658202,  0.87589548]), array([-0.76803738, -2.38383319,  0.87893825]), array([-0.76772056, -2.34108437,  0.88173577]), array([-0.76740374, -2.29833554,  0.88428803]), array([-0.76708692, -2.25558671,  0.88659505]), array([-0.7667701 , -2.21283789,  0.88865682]), array([-0.76645328, -2.17008906,  0.89047334]), array([-0.76613646, -2.12734024,  0.8920446 ]), array([-0.76581964, -2.08459141,  0.89337062]), array([-0.76550282, -2.04184258,  0.89445139]), array([-0.765186  , -1.99909376,  0.89528691]), array([-0.76486918, -1.95634493,  0.89587717]), array([-0.76455236, -1.91359611,  0.89622219]), array([-0.76423554, -1.87084728,  0.89632196]), array([-0.76391872, -1.82809845,  0.89617648]), array([-0.7636019 , -1.78534963,  0.89578574]), array([-0.76328508, -1.7426008 ,  0.89514976]), array([-0.76296826, -1.69985198,  0.89426853]), array([-0.76265144, -1.65710315,  0.89314204]), array([-0.76233462, -1.61435432,  0.89177031]), array([-0.7620178 , -1.5716055 ,  0.89015333]), array([-0.76170098, -1.52885667,  0.8882911 ]), array([-0.76138416, -1.48610785,  0.88618361]), array([-0.76106734, -1.44335902,  0.88383088]), array([-0.76075052, -1.40061019,  0.8812329 ]), array([-0.7604337 , -1.35786137,  0.87838967]), array([-0.76011688, -1.31511254,  0.87530118]), array([-0.75980006, -1.27236372,  0.87196745]), array([-0.75948324, -1.22961489,  0.86838847]), array([-0.75916642, -1.18686606,  0.86456424]), array([-0.7588496 , -1.14411724,  0.86049475]), array([-0.75853278, -1.10136841,  0.85618002]), array([-0.75821596, -1.05861959,  0.85162004]), array([-0.75789914, -1.01587076,  0.84681481]), array([-0.75758232, -0.97312193,  0.84176432]), array([-0.7572655 , -0.93037311,  0.83646859]), array([-0.75694868, -0.88762428,  0.83092761]), array([-0.75663186, -0.84487546,  0.82514137]), array([-0.75631504, -0.80212663,  0.81910989]), array([-0.75599822, -0.7593778 ,  0.81283316]), array([-0.7556814 , -0.71662898,  0.80631118]), array([-0.75536458, -0.67388015,  0.79954394]), array([-0.75504776, -0.63113133,  0.79253146]), array([-0.75473094, -0.5883825 ,  0.78527373]), array([-0.75441412, -0.54563367,  0.77777075]), array([-0.7540973 , -0.50288485,  0.77002251]), array([-0.75343517, -0.46350826,  0.76167783]), array([-0.73063878, -0.45185788,  0.73913653]), array([-0.70459661, -0.44531376,  0.71345004]), array([-0.67639868, -0.44162381,  0.68541846]), array([-0.64820074, -0.43793385,  0.65714164]), array([-0.62000281, -0.4342439 ,  0.62861957]), array([-0.59180487, -0.43055395,  0.59985225]), array([-0.56360694, -0.426864  ,  0.57083968]), array([-0.535409  , -0.42317405,  0.54158186]), array([-0.50721107, -0.41948409,  0.51207879]), array([-0.47901313, -0.41579414,  0.48233047]), array([-0.4508152 , -0.41210419,  0.4523369 ]), array([-0.42261726, -0.40841424,  0.42209808]), array([-0.39441933, -0.40472429,  0.39161401]), array([-0.36622139, -0.40103433,  0.36088468]), array([-0.33802346, -0.39734438,  0.32991011]), array([-0.30982552, -0.39365443,  0.29869029]), array([-0.28162759, -0.38996448,  0.26722522]), array([-0.25342965, -0.38627453,  0.2355149 ]), array([-0.22523172, -0.38258457,  0.20355933]), array([-0.19703378, -0.37889462,  0.17135851]), array([-0.16883585, -0.37520467,  0.13891244]), array([-0.14063791, -0.37151472,  0.10622112]), array([-0.11243998, -0.36782477,  0.07328455]), array([-0.08424204, -0.36413481,  0.04010272]), array([-0.05604411, -0.36044486,  0.033     ]), array([-0.02925607, -0.35693941,  0.05782505]), array([-0.00246803, -0.35343395,  0.08240486]), array([ 0.02432001, -0.3499285 ,  0.10673941]), array([ 0.05110805, -0.34642304,  0.13082871]), array([ 0.07789609, -0.34291759,  0.15467277]), array([ 0.10468412, -0.33941213,  0.17827157]), array([ 0.13147216, -0.33590668,  0.20162512]), array([ 0.1582602 , -0.33240123,  0.22473343]), array([ 0.18504824, -0.32889577,  0.24759648]), array([ 0.21183628, -0.32539032,  0.27021428]), array([ 0.23862432, -0.32188486,  0.29258684]), array([ 0.26541235, -0.31837941,  0.31471414]), array([ 0.29220039, -0.31487395,  0.33659619]), array([ 0.31898843, -0.3113685 ,  0.35823299]), array([ 0.34577647, -0.30786304,  0.37962455]), array([ 0.37256451, -0.30435759,  0.40077085]), array([ 0.39935255, -0.30085213,  0.4216719 ]), array([ 0.42614058, -0.29734668,  0.44232771]), array([ 0.45292862, -0.29384123,  0.46273826]), array([ 0.47971666, -0.29033577,  0.48290356]), array([ 0.5065047 , -0.28683032,  0.50282362]), array([ 0.53329274, -0.28332486,  0.52249842]), array([ 0.56008078, -0.27981941,  0.54192797]), array([ 0.58686882, -0.27631395,  0.56111228]), array([ 0.61365685, -0.2728085 ,  0.58005133]), array([ 0.64044489, -0.26930304,  0.59874513]), array([ 0.66723293, -0.26579759,  0.61719369]), array([ 0.69402097, -0.26229214,  0.63539699]), array([ 0.72080901, -0.25878668,  0.65335504]), array([ 0.74759705, -0.25528123,  0.67106785]), array([ 0.77438508, -0.25177577,  0.6885354 ]), array([ 0.80117312, -0.24827032,  0.7057577 ]), array([ 0.82796116, -0.24476486,  0.72273476]), array([ 0.8547492 , -0.24125941,  0.73946656]), array([ 0.88153724, -0.23775395,  0.75595311]), array([ 0.90832528, -0.2342485 ,  0.77219442]), array([ 0.93511331, -0.23074305,  0.78819047]), array([ 0.96190135, -0.22723759,  0.80394127]), array([ 0.98868939, -0.22373214,  0.81944683])], 'distances_history': [7.66838858682393, 7.622669010736667, 7.576984011120502, 7.531333627395943, 7.485718007125235, 7.440137395053383, 7.394592126036473, 7.34908262059099, 7.303609382249933, 7.258172996204882, 7.212774128896388, 7.1674135283224105, 7.122092024897214, 7.0768105327342825, 7.031570051258948, 6.986371667083169, 6.9412165560963075, 6.896105985742117, 6.851041317463808, 6.806024009307187, 6.761055618677214, 6.716137709936227, 6.671272039486261, 6.626460472643008, 6.581704986916007, 6.537007675474643, 6.492370750801543, 6.44779654853314, 6.403287531486738, 6.358846293873504, 6.314475565697088, 6.270178217337828, 6.225957264322721, 6.181815872281441, 6.137757362088752, 6.093785215193661, 6.049903079135619, 6.006114773247987, 5.962424294548898, 5.918835823819541, 5.875353731869727, 5.83198195133051, 5.78872524738661, 5.7455885962577025, 5.702577192194379, 5.659696454624732, 5.616952035477994, 5.574349826694289, 5.531895967920806, 5.489596854390449, 5.44745914497684, 5.40548977041823, 5.363695941701805, 5.322085158598807, 5.280665218339524, 5.239444224415646, 5.198293279519114, 5.153927798190699, 5.1096470404863945, 5.0654490079603764, 5.021331679485554, 4.977294574389612, 4.933335604729254, 4.889452669112886, 4.845643657130136, 4.801906453856183, 4.758238944285207, 4.714639017619961, 4.671104571381271, 4.6276335153193475, 4.584223775117182, 4.540873295880201, 4.497580045407936, 4.454342017244239, 4.4111572335031415, 4.368023747468027, 4.324939645962469, 4.2819030514920104, 4.23891212415717, 4.195965063339036, 4.1530601091600445, 4.110195543723652, 4.0673696921378495, 4.024580923328541, 3.9818276506498727, 3.9391083322995906, 3.8964214715483414, 3.8537656167926135, 3.8111393614416587, 3.7685413436492645, 3.7259702459016935, 3.683424794473378, 3.640903758762211, 3.598405950516351, 3.555930222964491, 3.513475469861466, 3.4710406244609517, 3.4286246584267706, 3.386226580694101, 3.3438454362915375, 3.301480305134648, 3.2591303008012873, 3.2167945692985334, 3.1744722878307603, 3.132162663577931, 3.0898649324928593, 3.0475783581258016, 3.0053022304844434, 2.963035864937028, 2.9207786011661634, 2.878529802180633, 2.836288853392413, 2.7940551617660683, 2.7518281550477055, 2.7096072810807903, 2.667392007216389, 2.6251818198257, 2.5829762239232683, 2.5407747429098775, 2.4985769184449307, 2.456382310459149, 2.4141904973196184, 2.372001076160731, 2.3298136633963566, 2.287627895430715, 2.2454434295879877, 2.2032599452837713, 2.161077145465063, 2.118894758349818, 2.0767125395022297, 2.0345302742860074, 1.992347780745239, 1.9501649129711565, 1.90798156502367, 1.8657976754891274, 1.823613232771109, 1.7814282812295614, 1.7392429283061925, 1.6970573528016455, 1.654871814503889, 1.6126866654091108, 1.5678184135833295, 1.5213910964153283, 1.4747164293424762, 1.4280323441717209, 1.3817838451117908, 1.3352873304117736, 1.2886254265261665, 1.2420073722903988, 1.195990307396375, 1.149301675415494, 1.1021751056060105, 1.0555835471012636, 1.0081758976358615, 0.9602178126847135, 0.912883610342417, 0.8647496947653697, 0.8172805865062743, 0.7696546104876772, 0.7216667516577068, 0.6729571054509016, 0.6244031179202976, 0.5743306811211006, 0.5242214015186741, 0.4741474430441292, 0.42504973519753253, 0.3766573695782317, 0.32844332421029976, 0.2809439047146828, 0.23460093077924998, 0.1882878105186922, 0.1432538864336139, 0.10158116425608767, 0.07128544642151541, 0.05128690244081679, 0.06370979402857692, 0.09845702013693326, 0.1379285077227947, 0.1782850747189658, 0.2187335691827479, 0.25913734328538224, 0.29952417791670727, 0.33995924825204327, 0.38050799600849167, 0.42122561078221965, 0.46215519599727534, 0.5033287817526829, 0.5447691218891346, 0.5864915300535906, 0.6285055030493757, 0.6708160704740576, 0.7134248818359696, 0.7563310664599746, 0.7995319060702892, 0.8430233569595889, 0.8868004532310718, 0.9308576168793312, 0.9751888952947276, 0.9993880664955546, 0.998936033727976, 0.9999774681569713, 1.0024832549169487, 1.006418929697014, 1.0117452807156866, 1.0184190083549591, 1.0263934191708284, 1.0356191307548979, 1.0460447653957128, 1.0576176132748276, 1.0702842495746134, 1.0839910939241828, 1.0986849046736373, 1.1143132042581487, 1.130824635182344, 1.14816924880671, 1.1662987311163697, 1.1851665710254629, 1.204728177585538, 1.2249409528150328, 1.2457643268481007, 1.2671597618110597, 1.289090730359988, 1.3115226742264972, 1.3344229474786784, 1.3577607485548873, 1.381507044500754, 1.4056344902555213, 1.430117345304807, 1.4549313895490277, 1.4800538398311271, 1.5054632682218587, 1.5311395228714633, 1.5570636519978478, 1.583217831387442, 1.6095852956298466, 1.6361502731855182, 1.6628979252917988], 'normal_align_history': [0.6088274933079977, 0.6088284823555312, 0.6088320451081702, 0.6088390864639714, 0.6088501455139443, 0.6088655681888394, 0.6088856021454561, 0.6089104487044681, 0.6089402909665088, 0.6089753086563964, 0.6090156855403426, 0.6090616126670645, 0.6091132892465275, 0.6091709221819925, 0.6092347248282552, 0.6093049153034524, 0.6093817145451992, 0.6094653442249983, 0.6095560245909781, 0.6096539722834192, 0.609759398152343, 0.6098724813132781, 0.6099934034010093, 0.6101223408870846, 0.6102594592897572, 0.6104049093120582, 0.6105588240297142, 0.6107213166631873, 0.6108924786903958, 0.6110723781760543, 0.6112610582573704, 0.6114585357596688, 0.6116647999332799, 0.6118798113121562, 0.6121035006991946, 0.6123357682853089, 0.6125764829100204, 0.6128254814713506, 0.6130825684923995, 0.6133475158513535, 0.6136200626808472, 0.6138996708409549, 0.6141859764720804, 0.6144786113585607, 0.6147771879079612, 0.6150812921632022, 0.615390481104517, 0.6157042822414568, 0.6160221944335922, 0.6163436893814918, 0.6166682134972884, 0.6169951900052146, 0.6173240211956394, 0.6176540907930408, 0.6179847664161926, 0.6183154021166886, 0.6186453409847926, 0.618973917811971, 0.6193004617988113, 0.619624299295949, 0.6199447565645719, 0.6202615681649533, 0.6205742452442878, 0.6208821962557958, 0.6211847875868226, 0.6214813758354228, 0.6217713250748754, 0.6220540162435865, 0.6223288524535222, 0.6225952622126488, 0.6228527015949824, 0.6231006558806342, 0.6233386409193032, 0.6235662043313805, 0.6237829265905335, 0.6239884219976721, 0.6241823395411188, 0.624364363632353, 0.6245342147059509, 0.6246916496737598, 0.6248364622256639, 0.6249684829718164, 0.6250875794236836, 0.625193655813529, 0.6252866527539666, 0.6253665467410289, 0.6254333495057337, 0.6254871072204794, 0.625527899567751, 0.6255558386796, 0.6255710679571622, 0.6255737607801566, 0.6255641191168254, 0.6255423720451782, 0.6255087741966785, 0.625463604133682, 0.6254071626719859, 0.625339771159817, 0.6252617697244475, 0.6251735154974176, 0.6250753808290335, 0.6249677515024615, 0.6248510249572824, 0.6247256085318987, 0.6245919177336342, 0.6244503745447794, 0.6243014057722303, 0.6241454414476915, 0.6239829132847665, 0.6238142531985628, 0.623639891892736, 0.623460257518215, 0.6232757744071432, 0.6230868618849017, 0.6228939331624035, 0.6226973943102091, 0.6224976433153862, 0.6222950692214585, 0.6220900513512051, 0.621882958611584, 0.6216741488795272, 0.6214639684669482, 0.6212527516628781, 0.6210408203502785, 0.6208284836947846, 0.620616037902335, 0.620403766042414, 0.6201919379334493, 0.6199808100867368, 0.6197706257051686, 0.6195616147329441, 0.6193539939524088, 0.6191479671241521, 0.6189437251665116, 0.6187414463706771, 0.6185412966476447, 0.6183434298033966, 0.6181479878387448, 0.617955101270446, 0.6177648894703118, 0.6175774610192112, 0.6222650397126529, 0.6168264847980125, 0.622248773392001, 0.6223186412469075, 0.6173058912387952, 0.6171881221595003, 0.6070060065681342, 0.6072776479758938, 0.6029217853742566, 0.6033219636916864, 0.6084324101669769, 0.6087372195055298, 0.6142491308185833, 0.6087993297252293, 0.5989612598653423, 0.59408410937082, 0.5847759567281936, 0.5861807824973002, 0.5930346491770097, 0.6033759171293582, 0.6132320509203595, 0.6136398836687533, 0.6121379641490401, 0.616748103680483, 0.6295551555986103, 0.6374502667036656, 0.6544257364082091, 0.674015145408621, 0.6831443644835692, 0.6819024299036882, 0.6831037401842666, 0.6782573153712776, 0.6666985079794195, 0.6573443305880502, 0.6564494128747321, 0.6555366968361782, 0.6543773606849872, 0.6529778389565908, 0.651346075865984, 0.649489025086366, 0.6474121167170455, 0.6451195476269024, 0.6426148258617632, 0.6399013079522258, 0.6369826273830435, 0.6338629905140197, 0.6305473508989421, 0.6270414853845874, 0.6233519971192565, 0.6194862677714245, 0.615452376954984, 0.6112590025420522, 0.6069153118176008, 0.6024308504585983, 0.5978154340689714, 0.5930790453573356, 0.5882317388761824, 0.5832835544286671, 0.5782444396924995, 0.5731241822323927, 0.5679323508159451, 0.5626782457723071, 0.5573708580109098, 0.5520188362309641, 0.5466304617900545, 0.5412136306552175, 0.5357758418286899, 0.5303241916208818, 0.5248653731340382, 0.5194056803207215, 0.5139510159910268, 0.5085069031606426, 0.5030784991575383, 0.497670611937157, 0.49228771809335947, 0.4869339820936958, 0.48161327631167056, 0.4763292014742472, 0.4710851071888106, 0.4658841122591655, 0.4607291245440326, 0.4556228601532348, 0.45056786181579017, 0.4455665162900946, 0.4406210707190159, 0.4357336478619393, 0.4309062601615924, 0.4261408226259016, 0.42143916452433816, 0.41680303991443834, 0.41223413702756095, 0.4077340865538638, 0.4033044688750572, 0.39894682030008743, 0.3946626383637306, 0.3904533862513433], 'ball_near_history': [False, False, False, False, False, False, False, False, False, False, False, False, False, False, False, False, False, False, False, False, False, False, False, False, False, False, False, False, False, False, False, False, False, False, False, False, False, False, False, False, False, False, False, False, False, False, False, False, False, False, False, False, False, False, False, False, False, False, False, False, False, False, False, False, False, False, False, False, False, False, False, False, False, False, False, False, False, False, False, False, False, False, False, False, False, False, False, False, False, False, False, False, False, False, False, False, False, False, False, False, False, False, False, False, False, False, False, False, False, False, False, False, False, False, False, False, False, False, False, False, False, False, False, False, False, False, False, False, False, False, False, False, False, False, False, False, False, False, False, False, False, False, False, False, False, False, False, False, False, False, False, False, False, False, False, False, False, False, False, False, False, False, False, False, False, False, False, False, False, False, False, False, False, False, False, False, False, False, False, False, False, False, False, False, False, False, False, False, False, False, False, False, False, False, False, False, False, False, False, False, False, False, False, False, False, False, False, False, False, False, False, False, False, False, False, False, False, False, False, False, False, False, False, False, False, False, False, False, False, False, False, False, False, False, False, False, False], 'tube_ready_history': [False, False, False, False, False, False, False, False, False, False, False, False, False, False, False, False, False, False, False, False, False, False, False, False, False, False, False, False, False, False, False, False, False, False, False, False, False, False, False, False, False, False, False, False, False, False, False, False, False, False, False, False, False, False, False, False, False, False, False, False, False, False, False, False, False, False, False, False, False, False, False, False, False, False, False, False, False, False, False, False, False, False, False, False, False, False, False, False, False, False, False, False, False, False, False, False, False, False, False, False, False, False, False, False, False, False, False, False, False, False, False, False, False, False, False, False, False, False, False, False, False, False, False, False, False, False, False, False, False, False, False, False, False, False, False, False, False, False, False, False, False, False, False, False, False, False, False, False, False, False, False, False, False, False, False, False, False, False, False, False, False, False, False, False, False, False, False, False, False, False, False, False, False, False, False, False, False, False, False, False, False, False, False, False, False, False, False, False, False, False, False, False, False, False, False, False, False, False, False, False, False, False, False, False, False, False, False, False, False, False, False, False, False, False, False, False, False, False, False, False, False, False, False, False, False, False, False, False, False, False, False, False, False, False, False, False, False], 'pos_error_history': [0.009236277088711692, 0.009266526321500754, 0.009339069525814562, 0.009484004538726581, 0.00973707479646119, 0.010135342068668408, 0.01071203018824957, 0.011492019256497461, 0.012489552649984052, 0.013708679834860099, 0.015145634211485438, 0.016791791782397238, 0.018636196706855457, 0.020667274423752872, 0.022873794681442166, 0.025245307339892185, 0.0277722660466536, 0.030445992204359368, 0.033258570938281946, 0.036202728161210666, 0.03799472607807028, 0.04114659075245363, 0.04441599626752401, 0.047796478055642196, 0.05128190743422884, 0.0548664175704716, 0.05854434430013335, 0.062310179036562996, 0.0661585314139064, 0.07008409973595517, 0.07408164768737599, 0.07814598608794257, 0.08227195873258884, 0.08645443156776023, 0.09068828461686756, 0.0949684061935205, 0.09928968903837712, 0.10364702809019505, 0.10803531965909349, 0.11244946181408026, 0.11621650626869051, 0.1206571554050555, 0.12510976272255095, 0.1295691822083568, 0.13403029620517448, 0.1384880182361944, 0.14293729683854442, 0.1473731202230672, 0.1517905216127472, 0.15618458513742728, 0.16055045218118527, 0.16488332809275336, 0.16917848917987044, 0.1734312899165149, 0.17763717029819878, 0.18179166328546922, 0.18589040227980913, 0.18992912857958166, 0.193903698766674, 0.1978100919772598, 0.20407517454143495, 0.20783070494144076, 0.21150305772945166, 0.21508898740807106, 0.2185853700702818, 0.2219892188357311, 0.22529769636156774, 0.22850812507380053, 0.23161799558684973, 0.23462497365070242, 0.2375269058725067, 0.24032182439266286, 0.24300795064722822, 0.24558369831381024, 0.2480476755132799, 0.250398686322018, 0.2526357316370058, 0.2547580094275055, 0.25676491440127874, 0.2586560371095281, 0.2604311625123881, 0.2620902680255347, 0.2636335210678922, 0.2650612761303756, 0.26637407138588404, 0.267572624861266, 0.26865783019261286, 0.2696307519859327, 0.2704926208059659, 0.2712448278166115, 0.2718889190970657, 0.27242658965838307, 0.27285967718566406, 0.2731901555315083, 0.2734201279867039, 0.2735518203543607, 0.2735875738538223, 0.2735298378807351, 0.27338116264957574, 0.27314419174475335, 0.27282165460615265, 0.2724163589745666, 0.2719311833220171, 0.2713690692913712, 0.2707330141689899, 0.2700260634133864, 0.2692513032620227, 0.26841185343744317, 0.26751085997294477, 0.26655148817690616, 0.26553691575376903, 0.2644703260984743, 0.26335490177992465, 0.2621938182277688, 0.2609902376355003, 0.25974730309154176, 0.2584681329486458, 0.2571558154406003, 0.2558134035538928, 0.25444391016065665, 0.25305030341792184, 0.2516355024369112, 0.25020237322488575, 0.24875372490083314, 0.2472923061851495, 0.2458208021623552, 0.24434183131484916, 0.24285794282472123, 0.24137161413972408, 0.23988524879866413, 0.23840117451068207, 0.23692164148219397, 0.23544882098462333, 0.23398480415548326, 0.23253160102488818, 0.23109113975913045, 0.22966526611260946, 0.22825574307911956, 0.226864250733246, 0.22549238625248885, 0.22190610566436592, 0.21734784520519512, 0.21285596913733956, 0.2073305563055268, 0.20183216024074369, 0.19672933419036848, 0.19244206400951203, 0.18735640030445902, 0.18323963835123677, 0.17807568859507794, 0.1730862979663451, 0.16899591099029915, 0.16433776160055166, 0.15891387003345012, 0.15449542509647374, 0.14905721914695585, 0.144670030153613, 0.1392740150626184, 0.13490347703657407, 0.13039709154212273, 0.12647396399857178, 0.12470596502091713, 0.1236228523230281, 0.12255967600479682, 0.12269116409555886, 0.12266620082649109, 0.12142977614574403, 0.12063598133854075, 0.12097875218365935, 0.12063898049685663, 0.1209041073808493, 0.12163875405714662, 0.12244087715563004, 0.12410060826904781, 0.12542767595314905, 0.1266090341349017, 0.12772464976616743, 0.12873273451259343, 0.12966648885404886, 0.13058455676773986, 0.13154789645237971, 0.13261004252097325, 0.1338139243025857, 0.13519172954729303, 0.13676603981263039, 0.13855136447134375, 0.14055566584184603, 0.1427817065266239, 0.1452281693768133, 0.14789055690260564, 0.15076190030513806, 0.15383331471141806, 0.15709443540098234, 0.16053376456999913, 0.16413895200573408, 0.1678970272037014, 0.17179459550281378, 0.1758180068987982, 0.17995350327622284, 0.18418734773327267, 0.18850593828920992, 0.19289590739490062, 0.1973442081660918, 0.2018381880090267, 0.20636565021773942, 0.21091490412577063, 0.21547480444587147, 0.22003478049898997, 0.22458485609945608, 0.2291156609161474, 0.23361843416434935, 0.23808502149865218, 0.2425078659743372, 0.2468799939253711, 0.25119499657403926, 0.25544700814325566, 0.25963068119049576, 0.26374115982460766, 0.2677740514057926, 0.2717253972666387, 0.2755916429299166, 0.2793696082380845, 0.2830564577512004, 0.28664967171483796, 0.2901470178482451, 0.2935465241556924, 0.2968464529208772, 0.30004527600549424, 0.3031416515385714, 0.3061344020527702, 0.30902249409743465, 0.3118050193354297, 0.31448117711157747, 0.3170502584644243, 0.3195116315399385, 0.3218647283552026, 0.32406375470407317], 'max_qdot_ratio': 0.9789052075499868, 'max_tcp_speed': 1.794295573873694, 'max_racket_face_speed': 1.6806257876041442, 'total_mpc_steps': 237, 'ball_was_hit': True, 'hit_step': 172, 'p_ee_at_hit': array([-0.68896891, -0.43309342,  0.7624866 ]), 'ball_pos_at_hit': array([-0.75343517, -0.46350826,  0.76167783]), 'v_ee_at_hit': 1.7842953340468215, 'active_contact': True, 'passive_contact': False}
2026-09-10 17:50:44,377 [INFO] __main__: 击打后继续仿真 20 步...
