__STEP_TIMING__: n=237 p50=0.25 p95=0.61 p99=4.43 max=33.77 n_over_period=2 period_ms=5.00 deciles=0.24,0.24,0.25,0.25,0.25,0.26,0.26,0.27,0.29,33.77
__STEP_LATENCIES__: 0.29,0.27,0.26,0.25,0.26,0.25,0.28,0.25,0.38,0.25,0.25,0.24,0.25,0.25,0.25,0.24,0.25,0.24,0.24,4.42,0.26,0.25,0.25,0.25,0.24,0.24,0.24,0.28,0.25,0.25,0.25,0.25,0.25,0.24,0.24,0.24,0.24,0.24,0.24,4.38,0.25,0.25,0.24,0.26,0.24,0.25,0.24,0.26,0.24,0.25,0.25,0.25,0.26,0.25,0.24,0.25,0.25,0.24,0.24,4.43,0.25,0.25,0.27,0.25,0.24,0.24,0.25,0.24,0.24,0.24,0.26,0.24,0.24,0.24,0.26,0.24,0.24,0.24,0.25,4.33,0.26,0.25,0.27,0.25,0.25,0.25,0.25,0.25,0.25,0.25,0.25,0.25,0.24,0.24,0.24,0.24,0.24,0.24,0.24,4.11,0.25,0.25,0.24,0.24,0.24,0.25,0.24,0.25,0.25,0.25,0.25,0.25,0.25,0.25,0.25,0.25,0.24,0.25,0.25,3.33,0.27,0.26,0.26,0.25,0.25,0.25,0.26,0.27,0.25,0.25,0.45,0.30,0.25,0.26,0.25,0.25,0.25,0.27,0.25,33.77,0.26,0.30,0.25,0.25,0.25,0.25,0.25,0.25,0.24,0.24,0.24,0.25,0.24,0.24,0.24,0.26,0.25,0.24,0.24,22.37,0.26,0.25,0.26,0.27,0.61,0.26,0.29,0.53,0.56,0.53,0.28,0.55,0.74,0.74,0.81,0.41,0.31,0.30,0.28,0.28,0.29,0.29,0.28,0.28,0.28,0.28,0.28,0.26,0.26,0.26,0.26,0.28,0.29,0.26,0.26,0.26,0.26,0.27,0.26,0.27,0.26,0.26,0.26,0.26,0.26,0.26,0.26,0.27,0.26,0.26,0.27,0.27,0.26,0.26,0.27,0.26,0.26,0.26,0.28,0.26,0.26,0.25,0.27,0.26,0.26,0.26,0.26,0.26,0.26,0.26,0.27,0.26,0.26,0.28,0.27,0.27,0.24

========================================
  RM-65 击打成功！（主动击球，pos_error=0.1027m）
  [V12 EpisodeRunner 管线架构]
  ablation: full
  击打目标位置: [-0.733 -0.284  0.793]
  末端实际位置: [-0.649 -0.395  0.84 ]
  规划跟踪误差: 0.1472 m
  速度误差: 1.9495 m/s
  MPC 总步数: 258
  --- Tube 专用指标 ---
  最小球拍-球距离: 0.0986 m
  ball_near 步数: 7 = 35.0 ms
  tube_ready 步数: 21 = 105.0 ms
  击打时间误差: 20.0 ms
  击打位置误差: 0.1027 m
  --- 计算性能 ---
  总墙钟时间: 1.13s (MPC=1.13s)
  --- 执行层约束 ---
  max_qdot=0.99x, max_tcp=1.8m/s, max_face=1.7m/s
  击球类型: 主动击球
========================================

__RESULT__: pos_error=0.102696 vel_error=1.949466 min_dist=0.098637 ball_near_ms=35.0 tube_ready_ms=105.0 max_tcp=1.78 max_qdot=0.99 max_face=1.7 hit_type=active hit_time_error_ms=20.0 hit_pos_error=0.102696 v_racket_at_hit=1.761
2026-09-13 17:17:06,152 [INFO] __main__: [ablation] mode=full
2026-09-13 17:17:06,158 [INFO] __main__: serve-box auto params: horizon=120, iter=10, first_plan_iters=30, total_horizon=250, replan_interval=20, near_plan_iters=5
2026-09-13 17:17:06,176 [INFO] __main__: 关节限位: 仿真默认(default.yaml), TCP=1.8 m/s, terminal_exempt=20
2026-09-13 17:17:06,176 [INFO] __main__: 球拍初始位置: [-0.24136342  0.63027058  1.45576659]
2026-09-13 17:17:06,177 [DEBUG] src.tennis.ball: serve_box bounce (attempt=0): p0_z=1.21, vz0=-3.0, spd=9.0, t1=0.272, t2=0.598, z_err=0.01
2026-09-13 17:17:06,183 [INFO] __main__: 击打步数: 177, 击打位置: [-0.73288478 -0.2836791   0.79326044]
2026-09-13 17:17:06,184 [INFO] __main__: 随挥方向: [-0.11  -0.974  0.197], 随挥步数: 60
2026-09-13 17:17:06,198 [INFO] __main__: 候选窗口已构建: best_k=177, candidates=16
2026-09-13 17:17:06,198 [INFO] src.cpp.solver_cpp: iLQR C++ 加速模块已加载
2026-09-13 17:17:06,199 [INFO] __main__: 开始 V12 EpisodeRunner，总步数=310 (MPC=250, 随挥=60)，击打步数=177
2026-09-13 17:17:06,199 [INFO] src.ilqt.async_replanner: AsyncReplanner: 后台规划线程已启动
2026-09-13 17:17:06,217 [INFO] src.ilqt.async_replanner: AsyncReplanner: 规划环境已创建（独立 MjData）
2026-09-13 17:17:06,221 [INFO] src.ilqt.async_replanner: AsyncReplanner: 规划环境已创建（独立 MjData）
2026-09-13 17:17:06,254 [DEBUG] src.ilqt.tube_cost: [Softmin诊断] 候选权重TOP3: k=177:w=0.066, k=176:w=0.066, k=178:w=0.066
2026-09-13 17:17:07,159 [INFO] src.ilqt.mpc_controller: REPLAN step=0 k_hit=177 iters=30 horizon=120 t=942ms
2026-09-13 17:17:07,160 [INFO] src.ilqt.mpc_controller: MPCController.start 完成: k_hit=177, p_hit=[-0.733 -0.284  0.793], buffer=120
2026-09-13 17:17:07,164 [DEBUG] src.ilqt.replan_core: FAR_JT step=0 k_hit=177 (JT gain=60, skip iLQR)
2026-09-13 17:17:07,164 [DEBUG] src.ilqt.mpc_controller: REPLAN step=0 k_hit=177 iters=0 horizon=0 t=4ms
2026-09-13 17:17:07,164 [DEBUG] src.ilqt.mpc_controller: MPCController.step 0: replan k_hit=177 refine=feasible buffer=20
2026-09-13 17:17:07,173 [DEBUG] src.ilqt.replan_core: FAR_JT step=20 k_hit=157 (JT gain=60, skip iLQR)
2026-09-13 17:17:07,174 [DEBUG] src.ilqt.mpc_controller: REPLAN step=20 k_hit=157 iters=0 horizon=0 t=4ms
2026-09-13 17:17:07,174 [DEBUG] src.ilqt.mpc_controller: MPCController.step 20: replan k_hit=157 refine=feasible buffer=20
2026-09-13 17:17:07,182 [DEBUG] src.ilqt.replan_core: FAR_JT step=40 k_hit=138 (JT gain=60, skip iLQR)
2026-09-13 17:17:07,182 [DEBUG] src.ilqt.mpc_controller: REPLAN step=40 k_hit=138 iters=0 horizon=0 t=4ms
2026-09-13 17:17:07,183 [DEBUG] src.ilqt.mpc_controller: MPCController.step 40: replan k_hit=138 refine=feasible buffer=20
2026-09-13 17:17:07,191 [DEBUG] src.ilqt.replan_core: FAR_JT step=60 k_hit=117 (JT gain=60, skip iLQR)
2026-09-13 17:17:07,192 [DEBUG] src.ilqt.mpc_controller: REPLAN step=60 k_hit=117 iters=0 horizon=0 t=4ms
2026-09-13 17:17:07,192 [DEBUG] src.ilqt.mpc_controller: MPCController.step 60: replan k_hit=117 refine=feasible buffer=20
2026-09-13 17:17:07,200 [DEBUG] src.ilqt.replan_core: FAR_JT step=80 k_hit=97 (JT gain=60, skip iLQR)
2026-09-13 17:17:07,200 [DEBUG] src.ilqt.mpc_controller: REPLAN step=80 k_hit=97 iters=0 horizon=0 t=3ms
2026-09-13 17:17:07,201 [DEBUG] src.ilqt.mpc_controller: MPCController.step 80: replan k_hit=97 refine=feasible buffer=20
2026-09-13 17:17:07,209 [DEBUG] src.ilqt.replan_core: FAR_JT step=100 k_hit=77 (JT gain=60, skip iLQR)
2026-09-13 17:17:07,209 [DEBUG] src.ilqt.mpc_controller: REPLAN step=100 k_hit=77 iters=0 horizon=0 t=3ms
2026-09-13 17:17:07,210 [DEBUG] src.ilqt.mpc_controller: MPCController.step 100: replan k_hit=77 refine=feasible buffer=20
2026-09-13 17:17:07,218 [DEBUG] src.ilqt.replan_core: FAR_JT step=120 k_hit=57 (JT gain=60, skip iLQR)
2026-09-13 17:17:07,218 [DEBUG] src.ilqt.mpc_controller: REPLAN step=120 k_hit=57 iters=0 horizon=0 t=3ms
2026-09-13 17:17:07,218 [INFO] src.ilqt.strategies.hit_point_refiner: [HIT_LOCK] k_hit=57 ≤ 60, 锁定击球点不再替换
2026-09-13 17:17:07,218 [DEBUG] src.ilqt.mpc_controller: MPCController.step 120: replan k_hit=57 refine=locked buffer=20
2026-09-13 17:17:07,236 [DEBUG] src.ilqt.tube_cost: [Softmin诊断] 候选权重TOP3: k=37:w=0.066, k=36:w=0.066, k=38:w=0.066
2026-09-13 17:17:07,257 [DEBUG] src.ilqt.mpc_controller: REPLAN step=140 k_hit=37 iters=5 horizon=37 t=33ms
2026-09-13 17:17:07,257 [DEBUG] src.ilqt.mpc_controller: MPCController.step 140: replan k_hit=37 refine=locked buffer=20
2026-09-13 17:17:07,273 [DEBUG] src.ilqt.tube_cost: [Softmin诊断] 候选权重TOP3: k=17:w=0.066, k=16:w=0.066, k=18:w=0.066
2026-09-13 17:17:07,284 [DEBUG] src.ilqt.mpc_controller: REPLAN step=160 k_hit=17 iters=5 horizon=17 t=22ms
2026-09-13 17:17:07,284 [DEBUG] src.ilqt.mpc_controller: MPCController.step 160: replan k_hit=17 refine=locked buffer=17
2026-09-13 17:17:07,284 [INFO] src.ilqt.components.predictive_safety: [SAFETY_FILTER] beta=0.2: qdot entering overspeed, joint=5, |qdot|=5.28 > 3.93
2026-09-13 17:17:07,286 [INFO] src.ilqt.components.predictive_safety: [SAFETY_FILTER] beta=0.2: tcp speed 2.02 > 1.80 m/s
2026-09-13 17:17:07,287 [INFO] src.ilqt.components.predictive_safety: [SAFETY_FILTER] beta=0.2: qdot entering overspeed, joint=2, |qdot|=4.73 > 3.93
2026-09-13 17:17:07,287 [INFO] src.ilqt.components.predictive_safety: [SAFETY_FILTER] beta=0.2: qdot entering overspeed, joint=1, |qdot|=3.23 > 3.14
2026-09-13 17:17:07,288 [INFO] src.ilqt.components.predictive_safety: [SAFETY_FILTER] beta=0.2: qdot entering overspeed, joint=1, |qdot|=3.22 > 3.14
2026-09-13 17:17:07,289 [INFO] src.ilqt.components.predictive_safety: [SAFETY_FILTER] beta=0.4: tcp speed 2.05 > 1.80 m/s
2026-09-13 17:17:07,289 [INFO] src.ilqt.components.predictive_safety: [SAFETY_FILTER] beta=0.2: qdot entering overspeed, joint=2, |qdot|=4.94 > 3.93
2026-09-13 17:17:07,290 [INFO] src.ilqt.components.predictive_safety: [SAFETY_FILTER] beta=0.2: qdot entering overspeed, joint=2, |qdot|=5.03 > 3.93
2026-09-13 17:17:07,291 [INFO] src.ilqt.components.predictive_safety: [SAFETY_FILTER] beta=0.0: qdot entering overspeed, joint=2, |qdot|=5.17 > 3.93
2026-09-13 17:17:07,291 [INFO] src.ilqt.strategies.follow_through: 随挥触发: step=176, steps=60
2026-09-13 17:17:07,308 [INFO] src.ilqt.async_replanner: AsyncReplanner: 后台规划线程已停止
2026-09-13 17:17:07,308 [INFO] src.ilqt.episode_runner: EpisodeRunner 完成: total_steps=238 safe_steps=238 mpc_done=True
2026-09-13 17:17:07,308 [DEBUG] src.ilqt.episode_runner: EpisodeRunner metrics 详情: {'total_steps': 238, 'safe_steps': 238, 'mpc_done': True, 'X_history': [array([-1.5  ,  1.57 , -0.236,  0.404,  0.446,  2.45 ,  0.   ,  0.   ,
        0.   ,  0.   ,  0.   ,  0.   ]), array([ 1.26633462e-02,  1.37772911e+00, -5.42490035e-01, -1.24444073e-01,
        9.66438030e-01,  2.44998061e+00, -8.94435486e-05, -2.62613498e-02,
        9.02603121e-03,  2.31449021e-03, -6.54361336e-02, -3.87819171e-03]), array([ 1.26612388e-02,  1.37746783e+00, -5.42420746e-01, -1.24422260e-01,
        9.65853172e-01,  2.44994960e+00, -4.21487662e-04, -5.22563356e-02,
        1.38578121e-02,  4.36263441e-03, -1.16971614e-01, -6.20106091e-03]), array([ 1.26565483e-02,  1.37707870e+00, -5.42343541e-01, -1.24391502e-01,
        9.65063935e-01,  2.44991146e+00, -9.38101160e-04, -7.78246498e-02,
        1.54410196e-02,  6.15164985e-03, -1.57847413e-01, -7.62845552e-03]), array([ 1.26485796e-02,  1.37656443e+00, -5.42270974e-01, -1.24353035e-01,
        9.64111220e-01,  2.44986879e+00, -1.59373470e-03, -1.02854980e-01,
        1.45133287e-02,  7.69338885e-03, -1.90543044e-01, -8.53344313e-03]), array([ 1.26368176e-02,  1.37592807e+00, -5.42212715e-01, -1.24308014e-01,
        9.63026442e-01,  2.44982315e+00, -2.35240082e-03, -1.27272214e-01,
        1.16517697e-02,  9.00405574e-03, -2.16955626e-01, -9.12879241e-03]), array([ 0.01262089,  1.37517293, -0.54217617, -0.1242575 ,  0.96183376,
        2.44977546, -0.00318554, -0.15102789,  0.00730904,  0.01010293,
       -0.23853645, -0.00953717]), array([ 1.26005378e-02,  1.37430246e+00, -5.42166963e-01, -1.24202445e-01,
        9.60551783e-01,  2.44972631e+00, -4.07041575e-03, -1.74093031e-01,
        1.84139066e-03,  1.10109339e-02, -2.56395250e-01, -9.83021081e-03]), array([ 0.01257559,  1.3733202 , -0.54218931, -0.1241437 ,  0.95919488,
        2.44967606, -0.00498891, -0.19645283, -0.00446982,  0.01174945,
       -0.27137985, -0.01005043]), array([ 0.01254596,  1.37222969, -0.54224632, -0.124082  ,  0.9577742 ,
        2.44962494, -0.00592658, -0.21810263, -0.0114016 ,  0.01233937,
       -0.28413715, -0.01022351]), array([ 0.0125116 ,  1.37103446, -0.5423402 , -0.124018  ,  0.9562984 ,
        2.44957312, -0.00687193, -0.2390449 , -0.01877644,  0.01280056,
       -0.29515989, -0.01036525]), array([ 0.01247252,  1.36973803, -0.54247246, -0.12395224,  0.95477429,
        2.44952069, -0.00781582, -0.25928706, -0.02645246,  0.01315139,
       -0.30482249, -0.01048563]), array([ 0.01242877,  1.36834383, -0.54264404, -0.1238852 ,  0.95320724,
        2.44946773, -0.00875102, -0.27883981, -0.0343157 ,  0.01340864,
       -0.31340873, -0.01059103]), array([ 0.01238041,  1.36685525, -0.54285541, -0.12381726,  0.95160158,
        2.44941431, -0.00967185, -0.29771589, -0.04227417,  0.01358731,
       -0.32113289, -0.01068568]), array([ 0.01232754,  1.3652756 , -0.54310668, -0.12374876,  0.9499608 ,
        2.44936044, -0.01057386, -0.31592921, -0.05025321,  0.01370073,
       -0.32815607, -0.01077238]), array([ 0.01227027,  1.36360813, -0.54339764, -0.12367996,  0.9482878 ,
        2.44930618, -0.01145358, -0.33349422, -0.05819191,  0.01376056,
       -0.33459867, -0.01085307]), array([ 0.01220873,  1.361856  , -0.54372784, -0.12361107,  0.94658505,
        2.44925153, -0.01230834, -0.35042538, -0.06604023,  0.01377694,
       -0.34055   , -0.01092906]), array([ 0.01214305,  1.36002232, -0.54409663, -0.12354228,  0.94485468,
        2.44919653, -0.01313611, -0.36673694, -0.07375687,  0.01375861,
       -0.34607563, -0.01100132]), array([ 0.01207337,  1.35811011, -0.54450316, -0.12347371,  0.94309856,
        2.44914117, -0.01393535, -0.38244262, -0.08130745,  0.01371302,
       -0.35122297, -0.0110705 ]), array([ 0.01199985,  1.35612233, -0.54494648, -0.12340548,  0.94131843,
        2.44908549, -0.01470495, -0.39755551, -0.0886632 ,  0.01364651,
       -0.35602563, -0.01113713]), array([ 0.01192263,  1.35406189, -0.54542548, -0.12333766,  0.9395159 ,
        2.44902948, -0.01544408, -0.412088  , -0.09579988,  0.01356444,
       -0.36050671, -0.01120156]), array([ 0.01184196,  1.35193159, -0.54593911, -0.12327066,  0.9376919 ,
        2.44897323, -0.0161324 , -0.42605884, -0.10272628,  0.01339993,
       -0.36479975, -0.01125047]), array([ 0.01175803,  1.34973422, -0.54648611, -0.12320448,  0.93584798,
        2.44891671, -0.0167869 , -0.43947541, -0.10939992,  0.01323503,
       -0.36878332, -0.01130411]), array([ 0.01167099,  1.34747248, -0.54706513, -0.12313913,  0.93398566,
        2.44885991, -0.01740754, -0.45234743, -0.11580495,  0.01307105,
       -0.37246547, -0.0113596 ]), array([ 0.01158102,  1.34514906, -0.54767477, -0.12307458,  0.93210641,
        2.44880283, -0.01799431, -0.46468392, -0.1219277 ,  0.01290918,
       -0.37585003, -0.01141545]), array([ 0.01148828,  1.34276659, -0.54831355, -0.12301083,  0.93021172,
        2.44874548, -0.01854731, -0.47649319, -0.12775634,  0.01275046,
       -0.37893769, -0.01147094]), array([ 0.01139295,  1.34032768, -0.54897996, -0.12294785,  0.92830308,
        2.44868785, -0.01906667, -0.48778291, -0.13328056,  0.01259579,
       -0.38172683, -0.01152576]), array([ 0.01129519,  1.33783488, -0.54967241, -0.12288562,  0.92638201,
        2.44862995, -0.01955253, -0.4985601 , -0.13849131,  0.0124459 ,
       -0.38421416, -0.01157981]), array([ 0.01119516,  1.33529072, -0.55038932, -0.12282411,  0.92445004,
        2.44857178, -0.0200051 , -0.50883119, -0.14338064,  0.01230138,
       -0.38639528, -0.0116331 ]), array([ 0.01109304,  1.33269771, -0.55112902, -0.1227633 ,  0.92250871,
        2.44851336, -0.02042457, -0.51860203, -0.1479415 ,  0.01216273,
       -0.38826503, -0.0116857 ]), array([ 0.01098898,  1.33005832, -0.55188986, -0.12270315,  0.92055962,
        2.44845467, -0.02081117, -0.52787799, -0.15216766,  0.01203028,
       -0.3898178 , -0.01173771]), array([ 0.01088316,  1.327375  , -0.55267013, -0.12264363,  0.91860438,
        2.44839572, -0.02116512, -0.53666393, -0.15605361,  0.01190432,
       -0.39104778, -0.01178923]), array([ 0.01077572,  1.32465018, -0.5534681 , -0.1225847 ,  0.91664464,
        2.44833652, -0.02148666, -0.5449643 , -0.15959446,  0.01178502,
       -0.39194919, -0.01184037]), array([ 0.01066684,  1.32188627, -0.55428203, -0.12252634,  0.91468206,
        2.44827706, -0.02177603, -0.55278315, -0.16278592,  0.01167248,
       -0.39251635, -0.01189124]), array([ 0.01055668,  1.31908564, -0.55511015, -0.12246851,  0.91271834,
        2.44821735, -0.02203347, -0.56012419, -0.16562423,  0.01156676,
       -0.39274392, -0.01194192]), array([ 0.01044538,  1.31625069, -0.55595068, -0.12241117,  0.9107552 ,
        2.44815739, -0.02225923, -0.56699083, -0.16810615,  0.01146784,
       -0.39262689, -0.01199252]), array([ 0.01033311,  1.31338376, -0.55680183, -0.12235429,  0.9087944 ,
        2.44809718, -0.02245355, -0.57338622, -0.17022892,  0.01137566,
       -0.39216076, -0.01204311]), array([ 0.01022003,  1.31048719, -0.55766178, -0.12229784,  0.90683769,
        2.44803671, -0.02261669, -0.57931326, -0.17199023,  0.01129015,
       -0.39134155, -0.01209376]), array([ 0.01010629,  1.30756332, -0.55852872, -0.12224178,  0.90488686,
        2.44797598, -0.0227489 , -0.58477471, -0.17338826,  0.01121116,
       -0.3901659 , -0.01214454]), array([ 0.00999203,  1.30461445, -0.55940083, -0.12218609,  0.90294371,
        2.44791501, -0.02285046, -0.58977316, -0.17442163,  0.01113855,
       -0.38863108, -0.01219551]), array([ 0.00987742,  1.3016429 , -0.56027628, -0.12213073,  0.90101003,
        2.44785377, -0.02292164, -0.5943111 , -0.17508942,  0.01107215,
       -0.3867351 , -0.01224669]), array([ 0.00975767,  1.29865036, -0.56115552, -0.12206014,  0.89907518,
        2.44779053, -0.02395084, -0.59850672, -0.17584844,  0.01411667,
       -0.38696953, -0.01264765]), array([ 0.00963249,  1.29563886, -0.56203699, -0.1219764 ,  0.8971429 ,
        2.44772626, -0.02503577, -0.60230174, -0.17629367,  0.01674953,
       -0.38645654, -0.01285491]), array([ 0.00950168,  1.29261041, -0.56291903, -0.12188114,  0.89521649,
        2.44766145, -0.02616146, -0.60569022, -0.17640946,  0.01905175,
       -0.38528282, -0.01296267]), array([ 0.00936511,  1.28956707, -0.56379996, -0.1217757 ,  0.89329891,
        2.44759634, -0.02731576, -0.60866783, -0.17618469,  0.02108747,
       -0.38351594, -0.01302139]), array([ 0.00922266,  1.28651091, -0.56467802, -0.12166116,  0.89139286,
        2.44753105, -0.02848879, -0.6112315 , -0.17561177,  0.02290781,
       -0.38120883, -0.01305777]), array([ 0.0090743 ,  1.28344401, -0.56555145, -0.12153839,  0.88950085,
        2.44746562, -0.02967246, -0.61337921, -0.17468587,  0.02455364,
       -0.37840331, -0.01308564]), array([ 0.00892   ,  1.28036846, -0.56641847, -0.12140811,  0.88762518,
        2.44740006, -0.03086005, -0.6151098 , -0.17340435,  0.02605768,
       -0.37513278, -0.01311189]), array([ 0.00875977,  1.27728635, -0.5672773 , -0.12127087,  0.88576806,
        2.44733436, -0.03204603, -0.61642287, -0.17176634,  0.02744614,
       -0.37142437, -0.0131397 ]), array([ 0.00859364,  1.27419976, -0.56812616, -0.12112717,  0.88393156,
        2.44726851, -0.03322571, -0.61731861, -0.1697724 ,  0.02873999,
       -0.36730053, -0.01317036]), array([ 0.00842166,  1.27111077, -0.56896328, -0.1209774 ,  0.88211766,
        2.44720249, -0.03439517, -0.61779783, -0.16742424,  0.02995594,
       -0.36278034, -0.01320414]), array([ 0.00824391,  1.26802146, -0.56978691, -0.12082186,  0.88032825,
        2.44713629, -0.03555105, -0.61786182, -0.1647246 ,  0.0311073 ,
       -0.35788045, -0.01324086]), array([ 0.00806046,  1.2649339 , -0.57059529, -0.12066084,  0.87856517,
        2.44706989, -0.03669045, -0.6175124 , -0.16167708,  0.03220459,
       -0.35261586, -0.01328012]), array([ 0.0078714 ,  1.26185014, -0.57138672, -0.12049456,  0.87683017,
        2.44700328, -0.03781085, -0.61675183, -0.15828603,  0.03325609,
       -0.34700043, -0.01332144]), array([ 0.00767685,  1.25877222, -0.5721595 , -0.12032321,  0.87512493,
        2.44693646, -0.03891003, -0.61558283, -0.15455648,  0.03426825,
       -0.34104738, -0.01336435]), array([ 0.00747692,  1.25570218, -0.57291197, -0.12014698,  0.87345109,
        2.44686942, -0.03998603, -0.61400858, -0.1504941 ,  0.03524608,
       -0.33476958, -0.01340839]), array([ 0.00727174,  1.25264202, -0.5736425 , -0.11996602,  0.87181019,
        2.44680215, -0.04103706, -0.61203269, -0.14610514,  0.03619339,
       -0.32817982, -0.01345315]), array([ 0.00706143,  1.24959372, -0.57434948, -0.11978045,  0.87020373,
        2.44673466, -0.0420615 , -0.60965923, -0.14139641,  0.03711303,
       -0.32129096, -0.01349824]), array([ 0.00684614,  1.24655926, -0.57503136, -0.11959042,  0.86863315,
        2.44666694, -0.04305789, -0.60689271, -0.13637525,  0.03800708,
       -0.3141161 , -0.01354332]), array([ 0.00662602,  1.24354057, -0.57568661, -0.11939603,  0.86709981,
        2.446599  , -0.04402486, -0.6037381 , -0.13104949,  0.03887704,
       -0.30666866, -0.01358809]), array([ 0.00640121,  1.24053956, -0.57631374, -0.11919741,  0.865605  ,
        2.44653084, -0.04496115, -0.6002008 , -0.12542749,  0.03972389,
       -0.29896241, -0.01363225]), array([ 0.00618038,  1.23755932, -0.57690621, -0.11902002,  0.86417901,
        2.44646526, -0.04416532, -0.59604744, -0.11849392,  0.03547856,
       -0.28519826, -0.01311617]), array([ 0.00596425,  1.23460236, -0.5774621 , -0.11886011,  0.86281756,
        2.44640066, -0.04322652, -0.59139278, -0.11117672,  0.031981  ,
       -0.27228988, -0.01291929]), array([ 0.00575339,  1.23167102, -0.57797974, -0.11871467,  0.86151749,
        2.44633624, -0.04217273, -0.58626884, -0.10352971,  0.02908833,
       -0.26001414, -0.0128855 ]), array([ 0.00554825,  1.2287675 , -0.57845772, -0.11858124,  0.86027647,
        2.44627158, -0.04102659, -0.58070332, -0.09559558,  0.02668649,
       -0.24820356, -0.01293102]), array([ 0.00534922,  1.2258939 , -0.57889477, -0.11845782,  0.8590928 ,
        2.44620652, -0.03980649, -0.57472075, -0.08740875,  0.02468385,
       -0.23673361, -0.01301146]), array([ 0.00515658,  1.22305218, -0.57928975, -0.11834279,  0.85796524,
        2.44614101, -0.03852745, -0.56834317, -0.07899751,  0.02300651,
       -0.22551285, -0.01310376]), array([ 0.00497058,  1.22024423, -0.57964168, -0.11823481,  0.85689286,
        2.44607502, -0.03720181, -0.56159081, -0.07038567,  0.02159466,
       -0.21447532, -0.01319635]), array([ 0.00479138,  1.21747181, -0.57994965, -0.11813282,  0.85587499,
        2.4460086 , -0.03583972, -0.55448254, -0.06159381,  0.02039988,
       -0.20357461, -0.01328375]), array([ 0.00461913,  1.21473663, -0.58021285, -0.1180359 ,  0.85491109,
        2.44594179, -0.03444964, -0.54703621, -0.05264015,  0.01938289,
       -0.19277935, -0.0133637 ]), array([ 0.00445394,  1.21204029, -0.58043056, -0.11794334,  0.85400074,
        2.44587461, -0.03303861, -0.53926895, -0.04354132,  0.01851185,
       -0.1820697 , -0.01343551]), array([ 0.00429587,  1.2093843 , -0.58060212, -0.11785454,  0.85314357,
        2.44580711, -0.03161255, -0.53119737, -0.03431277,  0.01776095,
       -0.17143463, -0.01349931]), array([ 0.00414499,  1.20677011, -0.58072697, -0.11776899,  0.85233922,
        2.44573933, -0.03017651, -0.5228377 , -0.02496924,  0.01710927,
       -0.1608698 , -0.01355554]), array([ 0.00400132,  1.20419908, -0.58080459, -0.11768629,  0.85158734,
        2.44567131, -0.02873478, -0.51420596, -0.01552493,  0.01653986,
       -0.15037599, -0.01360478]), array([ 0.00386486,  1.20167249, -0.58083456, -0.1176061 ,  0.85088755,
        2.44560307, -0.02729109, -0.50531799, -0.00599377,  0.01603901,
       -0.13995779, -0.01364757]), array([ 0.00373562,  1.19919154, -0.58081651, -0.11752812,  0.85023944,
        2.44553465, -0.02584868, -0.49618956,  0.00361051,  0.01559563,
       -0.12962268, -0.01368445]), array([ 0.00361357,  1.19675736, -0.58075014, -0.11745211,  0.84964254,
        2.44546607, -0.02441042, -0.48683638,  0.01327428,  0.01520077,
       -0.11938018, -0.01371584]), array([ 0.00349867,  1.19437099, -0.58063522, -0.11737788,  0.84909633,
        2.44539736, -0.02297884, -0.47727416,  0.02298393,  0.0148472 ,
       -0.10924134, -0.01374215]), array([ 0.00339089,  1.1920334 , -0.58047159, -0.11730523,  0.84860024,
        2.44532854, -0.02155625, -0.46751861,  0.03272591,  0.01452908,
       -0.09921822, -0.01376368]), array([ 0.00329017,  1.18974547, -0.58025916, -0.11723402,  0.84815362,
        2.44525964, -0.02014471, -0.45758544,  0.04248666,  0.01424171,
       -0.08932352, -0.01378072]), array([ 0.00319644,  1.18750802, -0.57999789, -0.11716412,  0.84775577,
        2.44519067, -0.01874615, -0.4474904 ,  0.05225265,  0.01398131,
       -0.07957028, -0.01379347]), array([ 0.00310962,  1.18532177, -0.57968784, -0.11709539,  0.84740591,
        2.44512166, -0.01736229, -0.43724922,  0.06201038,  0.01374481,
       -0.06997169, -0.01380213]), array([ 0.00302965,  1.18318739, -0.57932911, -0.11702774,  0.84710321,
        2.44505263, -0.01599478, -0.42687763,  0.07174642,  0.01352977,
       -0.06054082, -0.01380687]), array([ 0.00295642,  1.18110543, -0.57892187, -0.11696107,  0.84684675,
        2.44498359, -0.01464512, -0.41639134,  0.08144744,  0.01333418,
       -0.05129055, -0.01380782]), array([ 0.00288985,  1.1790764 , -0.57846637, -0.11689529,  0.84663559,
        2.44491456, -0.01331473, -0.40580603,  0.09110022,  0.01315644,
       -0.04223338, -0.01380511]), array([ 0.00282983,  1.17710071, -0.57796291, -0.11683032,  0.84646868,
        2.44484557, -0.01200493, -0.39513729,  0.1006917 ,  0.01299523,
       -0.03338139, -0.01379885]), array([ 0.00277624,  1.17517871, -0.57741187, -0.11676607,  0.84634495,
        2.44477662, -0.01071696, -0.38440065,  0.110209  ,  0.01284948,
       -0.0247461 , -0.01378916]), array([ 0.00272898,  1.17331065, -0.57681367, -0.11670248,  0.84626326,
        2.44470774, -0.009452  , -0.37361153,  0.11963948,  0.0127183 ,
       -0.01633844, -0.01377614]), array([ 0.00268793,  1.17149673, -0.57616882, -0.11663947,  0.84622241,
        2.44463894, -0.00821112, -0.3627852 ,  0.12897075,  0.01260092,
       -0.00816868, -0.01375989]), array([ 2.65294934e-03,  1.16973704e+00, -5.75477862e-01, -1.16576988e-01,
        8.46221181e-01,  2.44457024e+00, -6.99535901e-03, -3.51936786e-01,
        1.38190685e-01,  1.24967245e-02, -2.46415158e-04, -1.37405140e-02]), array([ 0.00262392,  1.16803164, -0.57474142, -0.11651496,  0.84625828,
        2.44450165, -0.00580566, -0.34108121,  0.14728751,  0.01240514,
        0.00741951, -0.01371812]), array([ 0.00260071,  1.16638047, -0.57396018, -0.11645333,  0.84633238,
        2.44443318, -0.00464291, -0.33023318,  0.1562498 ,  0.01232568,
        0.01482099, -0.01369281]), array([ 0.00258317,  1.16478343, -0.57313484, -0.11639204,  0.84644214,
        2.44436486, -0.00350792, -0.31940719,  0.16506648,  0.01225789,
        0.0219507 , -0.01366471]), array([ 2.57115961e-03,  1.16324035e+00, -5.72266209e-01, -1.16331038e-01,
        8.46586148e-01,  2.44429669e+00, -2.40145334e-03, -3.08617427e-01,
        1.73726905e-01,  1.22013306e-02,  2.88021059e-02, -1.36339181e-02]), array([ 2.56453870e-03,  1.16175096e+00, -5.71355104e-01, -1.16270260e-01,
        8.46762995e-01,  2.44422869e+00, -1.32418333e-03, -2.97877817e-01,
        1.82220847e-01,  1.21556107e-02,  3.53694537e-02, -1.36005653e-02]), array([ 2.56315504e-03,  1.16031495e+00, -5.70402412e-01, -1.16209658e-01,
        8.46971234e-01,  2.44416086e+00, -2.76730641e-04, -2.87201954e-01,
        1.90538531e-01,  1.21203297e-02,  4.16477947e-02, -1.35647729e-02]), array([ 2.56685681e-03,  1.15893193e+00, -5.69409058e-01, -1.16149183e-01,
        8.47209399e-01,  2.44409323e+00,  7.40353185e-04, -2.76603096e-01,
        1.98670653e-01,  1.20950949e-02,  4.76329720e-02, -1.35266691e-02]), array([ 2.57548972e-03,  1.15760146e+00, -5.68376017e-01, -1.16088785e-01,
        8.47476007e-01,  2.44402580e+00,  1.72658246e-03, -2.66094134e-01,
        2.06608399e-01,  1.20795124e-02,  5.33216165e-02, -1.34863862e-02]), array([ 0.0025889 ,  1.15632302, -0.5673043 , -0.11602842,  0.84776956,
        2.44395858,  0.00268154, -0.25568758,  0.21434346,  0.01207318,
        0.05871114, -0.01344406]), array([ 0.00260692,  1.15509605, -0.56619496, -0.11596804,  0.84808856,
        2.44389158,  0.00360486, -0.24539553,  0.22186805,  0.0120757 ,
        0.06379971, -0.01339983]), array([ 0.0026294 ,  1.1539199 , -0.56504908, -0.11590761,  0.84843149,
        2.44382481,  0.00449627, -0.23522966,  0.2291749 ,  0.01208665,
        0.06858626, -0.01335384]), array([ 0.00265618,  1.15279389, -0.5638678 , -0.11584708,  0.84879684,
        2.44375828,  0.00535552, -0.22520122,  0.23625731,  0.01210562,
        0.07307045, -0.01330622]), array([ 0.00268709,  1.15171729, -0.56265225, -0.11578642,  0.84918311,
        2.44369199,  0.00618246, -0.21532097,  0.24310909,  0.01213215,
        0.07725264, -0.01325714]), array([ 0.00272198,  1.15068929, -0.56140363, -0.11572559,  0.84958878,
        2.44362596,  0.00697699, -0.20559923,  0.24972465,  0.01216582,
        0.08113388, -0.01320673]), array([ 0.00276067,  1.14970906, -0.56012313, -0.11566456,  0.85001236,
        2.44356018,  0.00773906, -0.19604581,  0.25609892,  0.01220617,
        0.08471589, -0.01315514]), array([ 0.00280302,  1.14877571, -0.558812  , -0.11560329,  0.85045236,
        2.44349467,  0.00846869, -0.18667004,  0.26222741,  0.01225275,
        0.08800101, -0.01310252]), array([ 0.00284885,  1.14788831, -0.55747147, -0.11554177,  0.85090732,
        2.44342943,  0.00916594, -0.17748073,  0.26810617,  0.01230508,
        0.0909922 , -0.01304902]), array([ 0.002898  ,  1.14704588, -0.55610281, -0.11547996,  0.85137579,
        2.44336445,  0.00983095, -0.16848619,  0.27373184,  0.01236271,
        0.09369298, -0.01299478]), array([ 0.00295032,  1.14624741, -0.5547073 , -0.11541783,  0.85185632,
        2.44329975,  0.0104639 , -0.15969419,  0.27910157,  0.01242515,
        0.09610742, -0.01293995]), array([ 0.00300565,  1.14549185, -0.55328623, -0.11535537,  0.85234753,
        2.44323533,  0.01106502, -0.15111198,  0.2842131 ,  0.01249193,
        0.09824011, -0.01288466]), array([ 0.00306382,  1.14477811, -0.55184091, -0.11529256,  0.85284801,
        2.44317118,  0.01163459, -0.1427463 ,  0.28906467,  0.01256258,
        0.10009611, -0.01282907]), array([ 0.00312468,  1.1441051 , -0.55037264, -0.11522937,  0.85335641,
        2.44310732,  0.01217294, -0.13460333,  0.29365509,  0.01263664,
        0.10168091, -0.01277331]), array([ 0.00318809,  1.14347165, -0.54888272, -0.11516581,  0.85387141,
        2.44304373,  0.01268044, -0.12668874,  0.29798365,  0.01271363,
        0.10300043, -0.01271751]), array([ 0.00325387,  1.14287662, -0.54737247, -0.11510184,  0.85439172,
        2.44298042,  0.01315751, -0.11900764,  0.30205018,  0.01279308,
        0.10406098, -0.0126618 ]), array([ 0.0033219 ,  1.14231879, -0.54584319, -0.11503747,  0.85491606,
        2.44291739,  0.01360459, -0.11156465,  0.30585499,  0.01287456,
        0.10486918, -0.0126063 ]), array([ 0.00339201,  1.14179697, -0.5442962 , -0.11497268,  0.85544322,
        2.44285463,  0.01402218, -0.10436383,  0.30939887,  0.01295761,
        0.10543198, -0.01255114]), array([ 0.00346406,  1.14130993, -0.54273278, -0.11490747,  0.85597201,
        2.44279215,  0.01441081, -0.09740875,  0.31268309,  0.01304179,
        0.10575661, -0.01249644]), array([ 0.00353792,  1.14085642, -0.54115423, -0.11484184,  0.85650126,
        2.44272994,  0.01477102, -0.09070244,  0.31570934,  0.01312669,
        0.10585054, -0.01244231]), array([ 0.00361343,  1.14043518, -0.53956184, -0.11477578,  0.85702987,
        2.442668  ,  0.0151034 , -0.08424745,  0.31847978,  0.0132119 ,
        0.10572144, -0.01238884]), array([ 0.00369048,  1.14004495, -0.53795685, -0.11470929,  0.85755675,
        2.44260632,  0.01540857, -0.07804582,  0.32099695,  0.01329701,
        0.1053772 , -0.01233615]), array([ 0.00376891,  1.13968446, -0.53634053, -0.11464238,  0.85808088,
        2.44254489,  0.01568716, -0.0720991 ,  0.32326379,  0.01338166,
        0.10482581, -0.01228433]), array([ 0.00384861,  1.13935241, -0.53471411, -0.11457506,  0.85860126,
        2.44248373,  0.01593982, -0.06640836,  0.32528364,  0.01346547,
        0.10407542, -0.01223346]), array([ 0.00392945,  1.13904754, -0.53307881, -0.11450732,  0.85911693,
        2.44242281,  0.01616724, -0.06097423,  0.32706017,  0.01354811,
        0.10313425, -0.01218364]), array([ 0.0040113 ,  1.13876856, -0.53143583, -0.11443917,  0.85962698,
        2.44236213,  0.01637011, -0.05579686,  0.32859738,  0.01362923,
        0.10201061, -0.01213493]), array([ 0.00409404,  1.13851418, -0.52978633, -0.11437063,  0.86013055,
        2.4423017 ,  0.01654913, -0.05087599,  0.32989961,  0.01370854,
        0.10071283, -0.01208742]), array([ 0.00417757,  1.13828312, -0.52813147, -0.1143017 ,  0.86062679,
        2.44224149,  0.01670503, -0.0462109 ,  0.33097148,  0.01378574,
        0.09924927, -0.01204116]), array([ 0.00426176,  1.13807412, -0.52647238, -0.1142324 ,  0.86111493,
        2.44218151,  0.01683853, -0.04180048,  0.33181788,  0.01386057,
        0.09762827, -0.01199622]), array([ 0.00434651,  1.13788591, -0.52481016, -0.11416273,  0.86159423,
        2.44212175,  0.01695038, -0.03764325,  0.33244395,  0.01393276,
        0.09585814, -0.01195265]), array([ 0.00443172,  1.13771722, -0.52314589, -0.11409272,  0.86206396,
        2.44206219,  0.01704131, -0.0337373 ,  0.33285507,  0.01400208,
        0.09394716, -0.0119105 ]), array([ 0.00451728,  1.13756682, -0.5214806 , -0.11402238,  0.86252348,
        2.44200284,  0.01711207, -0.03008039,  0.33305683,  0.01406834,
        0.09190352, -0.01186981]), array([ 0.0046031 ,  1.13743347, -0.51981533, -0.11395172,  0.86297216,
        2.44194369,  0.01716342, -0.02666993,  0.333055  ,  0.01413132,
        0.08973533, -0.01183063]), array([ 0.00468908,  1.13731595, -0.51815105, -0.11388077,  0.86340941,
        2.44188473,  0.01719611, -0.02350299,  0.33285553,  0.01419086,
        0.0874506 , -0.01179298]), array([ 0.00477513,  1.13721307, -0.51648873, -0.11380954,  0.86383469,
        2.44182594,  0.01721088, -0.02057634,  0.33246452,  0.0142468 ,
        0.08505722, -0.0117569 ]), array([ 0.00486117,  1.13712364, -0.51482929, -0.11373804,  0.86424751,
        2.44176733,  0.01720847, -0.01788644,  0.33188819,  0.01429901,
        0.08256293, -0.0117224 ]), array([ 0.00494712,  1.13704649, -0.51317362, -0.1136663 ,  0.86464739,
        2.44170888,  0.01718964, -0.01542949,  0.33113289,  0.01434737,
        0.07997535, -0.0116895 ]), array([ 0.0050329 ,  1.13698048, -0.5115226 , -0.11359434,  0.8650339 ,
        2.44165059,  0.01715512, -0.01320141,  0.33020505,  0.01439179,
        0.07730193, -0.01165821]), array([ 0.00511843,  1.13692449, -0.50987704, -0.11352218,  0.86540665,
        2.44159245,  0.01710563, -0.01119787,  0.32911119,  0.01443217,
        0.07454996, -0.01162855]), array([ 0.00520364,  1.13687742, -0.50823775, -0.11344984,  0.86576528,
        2.44153445,  0.01704191, -0.00941435,  0.32785787,  0.01446846,
        0.07172655, -0.01160052]), array([ 0.00528846,  1.13683819, -0.50660549, -0.11337734,  0.86610947,
        2.44147658,  0.01696465, -0.00784607,  0.32645171,  0.01450061,
        0.06883863, -0.01157411]), array([ 0.00537283,  1.13680575, -0.504981  , -0.1133047 ,  0.86643894,
        2.44141883,  0.01687457, -0.00648808,  0.32489934,  0.01452858,
        0.06589293, -0.01154933]), array([ 0.00545669,  1.13677908, -0.50336496, -0.11323193,  0.86675342,
        2.4413612 ,  0.01677235, -0.00533527,  0.32320743,  0.01455235,
        0.06289599, -0.01152617]), array([ 0.00926944,  1.13858589, -0.50017141, -0.10717951,  0.86618223,
        2.45096022,  0.76254831,  0.36136233,  0.63870965,  1.21048518,
       -0.11423661,  1.91980412]), array([ 0.01510415,  1.13584743, -0.49375886, -0.101946  ,  0.87214898,
        2.45036374,  1.16694211, -0.54769225,  1.28250925,  1.04670115,
        1.19335031, -0.11929626]), array([ 0.0221833 ,  1.12863822, -0.48347552, -0.09251475,  0.88221626,
        2.45971836,  1.4158299 , -1.44184105,  2.05666966,  1.88625128,
        2.01345502,  1.87092435]), array([ 0.02903143,  1.12451652, -0.47429367, -0.08678487,  0.89129354,
        2.45869055,  1.36962774, -0.82433944,  1.83636866,  1.14597525,
        1.81545706, -0.20556271]), array([ 0.03644229,  1.11707996, -0.46346837, -0.07682162,  0.90244595,
        2.44723102,  1.48217164, -1.48731264,  2.1650599 ,  1.99264977,
        2.23048188, -2.29190587]), array([ 0.04330928,  1.11303628, -0.45433037, -0.07159455,  0.91148678,
        2.44670555,  1.37339839, -0.80873521,  1.82760132,  1.04541443,
        1.80816539, -0.10509271]), array([ 0.04974202,  1.10599027, -0.44376805, -0.06958303,  0.92154766,
        2.43646807,  1.2865463 , -1.40920217,  2.11246353,  0.40230323,
        2.01217641, -2.0474972 ]), array([ 0.05668257,  1.1020601 , -0.43467772, -0.06453387,  0.93022239,
        2.43634635,  1.38811019, -0.78603516,  1.81806639,  1.00983157,
        1.73494593, -0.02434386]), array([ 0.06318934,  1.10237256, -0.42926166, -0.06382504,  0.93500874,
        2.44670678,  1.3013549 ,  0.06249213,  1.083212  ,  0.14176695,
        0.95726877,  2.07208592]), array([ 0.07034457,  1.10647527, -0.42692689, -0.05914528,  0.93701479,
        2.44594133,  1.43104638,  0.82054194,  0.46695241,  0.93595246,
        0.40121146, -0.15308985]), array([ 0.07700677,  1.10759627, -0.42359119, -0.0583608 ,  0.93941023,
        2.45592414,  1.33243881,  0.22420013,  0.66714017,  0.1568954 ,
        0.47908637,  1.99656186]), array([ 0.08433788,  1.10404735, -0.41572142, -0.05314908,  0.94596152,
        2.45496062,  1.46622244, -0.70978445,  1.57395478,  1.04234507,
        1.31025856, -0.19270373]), array([ 0.09209116,  1.10341032, -0.4089843 , -0.04503365,  0.95138292,
        2.46375143,  1.55065656, -0.12740478,  1.34742313,  1.62308482,
        1.08427986,  1.75816271]), array([ 0.09945562,  1.09931361, -0.40017603, -0.0408311 ,  0.95859726,
        2.4828638 ,  1.47289255, -0.81934266,  1.76165561,  0.84050989,
        1.44286873,  3.82247296]), array([ 0.10747935,  1.09821969, -0.39235552, -0.03275476,  0.96422947,
        2.49047227,  1.60474566, -0.21878471,  1.56410138,  1.61526852,
        1.12644107,  1.52169488]), array([ 0.11605921,  1.09383522, -0.38270594, -0.02071599,  0.97109984,
        2.4873288 ,  1.71597108, -0.87689352,  1.92991619,  2.4077532 ,
        1.37407454, -0.62869448]), array([ 0.12400982,  1.09247649, -0.37432514, -0.01326327,  0.97693655,
        2.49473902,  1.59012322, -0.27174558,  1.67615948,  1.49054462,
        1.16734281,  1.48204348]), array([ 1.32522226e-01,  1.08762718e+00, -3.63863535e-01, -2.53040546e-03,
        9.84508063e-01,  2.51183483e+00,  1.70248023e+00, -9.69861241e-01,
        2.09232128e+00,  2.14657291e+00,  1.51430188e+00,  3.41916192e+00]), array([ 0.14065844,  1.07880201, -0.34960725,  0.00482776,  0.99431423,
        2.51842532,  1.62724315, -1.76503514,  2.85125634,  1.47163391,
        1.96123301,  1.31809871]), array([ 0.14831075,  1.07301572, -0.3364846 ,  0.0079806 ,  1.00314162,
        2.53514136,  1.53046141, -1.1572584 ,  2.62453098,  0.63056746,
        1.76547919,  3.3432088 ]), array([ 0.15630509,  1.06819278, -0.32431508,  0.01070491,  1.01101916,
        2.55323999,  1.59886925, -0.96458649,  2.43390447,  0.5448621 ,
        1.5755067 ,  3.61972493]), array([ 0.1669994 ,  1.05980221, -0.30977129,  0.01950191,  1.02137801,
        2.56007766,  2.13886018, -1.67811571,  2.90875638,  1.75939916,
        2.07177033,  1.36753499]), array([ 0.17735555,  1.05487717, -0.29691708,  0.02486205,  1.02940518,
        2.55662129,  2.07123071, -0.9850067 ,  2.57084235,  1.07202892,
        1.60543376, -0.69127522]), array([ 0.18703262,  1.04663789, -0.28201684,  0.02605275,  1.03857402,
        2.56392035,  1.93541334, -1.6478558 ,  2.98004855,  0.23813923,
        1.83376907,  1.45981327]), array([ 0.19724762,  1.0339886 , -0.26248375,  0.03120628,  1.05153826,
        2.5603641 ,  2.04300021, -2.52985789,  3.90661873,  1.03070613,
        2.5928481 , -0.7112512 ]), array([ 0.20706118,  1.0223972 , -0.24379771,  0.03509181,  1.06354018,
        2.55901905,  1.9627122 , -2.31828035,  3.73720735,  0.77710521,
        2.400384  , -0.26900877]), array([ 0.21705053,  1.01467143, -0.2277853 ,  0.04232775,  1.07306201,
        2.54709974,  1.99787042, -1.54515478,  3.20248246,  1.44718799,
        1.90436473, -2.38386174]), array([ 0.22694386,  1.00367133, -0.20964978,  0.05197395,  1.08357664,
        2.54566364,  1.97866596, -2.20001883,  3.62710287,  1.92924177,
        2.10292653, -0.2872203 ]), array([ 0.23660783,  0.99213295, -0.19102797,  0.0617353 ,  1.09421944,
        2.54219008,  1.93279359, -2.3076774 ,  3.72436339,  1.95226839,
        2.12856044, -0.69471211]), array([ 0.24591088,  0.9800679 , -0.17197596,  0.0713587 ,  1.10502722,
        2.54085134,  1.86061059, -2.41300966,  3.810402  ,  1.92468004,
        2.16155537, -0.26774865]), array([ 0.25500584,  0.96760658, -0.15275354,  0.08098941,  1.11568868,
        2.54156626,  1.81899201, -2.49226365,  3.84448317,  1.92614242,
        2.13229169,  0.14298516]), array([ 0.26274014,  0.95795218, -0.13403693,  0.08585219,  1.12640318,
        2.55260319,  1.54686075, -1.93087938,  3.74332231,  0.97255552,
        2.14290043,  2.20738514]), array([ 0.27032368,  0.94966467, -0.11591045,  0.08940455,  1.1367531 ,
        2.55914163,  1.51670778, -1.65750305,  3.6252952 ,  0.7104726 ,
        2.06998428,  1.30768862]), array([ 0.27738907,  0.94069429, -0.09707586,  0.09223921,  1.1473446 ,
        2.56350015,  1.41307795, -1.79407468,  3.76691743,  0.56693301,
        2.11830054,  0.87170414]), array([ 0.28412406,  0.93103025, -0.0777737 ,  0.09312589,  1.15717593,
        2.56567601,  1.34699803, -1.93280794,  3.86043305,  0.17733435,
        1.96626579,  0.43517205]), array([ 0.29052052,  0.92178823, -0.05922603,  0.09446246,  1.16713671,
        2.56751413,  1.27929089, -1.84840594,  3.70953393,  0.2673148 ,
        1.99215512,  0.36762278]), array([ 0.29635123,  0.91282042, -0.04234853,  0.0972054 ,  1.17381155,
        2.56912016,  1.1661433 , -1.79356176,  3.37549959,  0.54858729,
        1.33496812,  0.3212054 ]), array([ 0.30174658,  0.90418588, -0.0267893 ,  0.10074315,  1.17713193,
        2.57064051,  1.0790694 , -1.72690667,  3.11184707,  0.70755153,
        0.6640756 ,  0.30406999]), array([ 0.30678167,  0.89589626, -0.01233692,  0.10473763,  1.17799883,
        2.57208653,  1.00701738, -1.65792507,  2.89047506,  0.79889612,
        0.17338081,  0.28920439]), array([ 3.11517861e-01,  8.87961580e-01,  1.17741232e-03,  1.08919141e-01,
        1.17708312e+00,  2.57346840e+00,  9.47238605e-01, -1.58693550e+00,
        2.70286671e+00,  8.36301336e-01, -1.83142262e-01,  2.76374537e-01]), array([ 0.31600554,  0.88038913,  0.01388833,  0.11307494,  1.17488292,
        2.57479523,  0.8975355 , -1.5144893 ,  2.54218326,  0.83115927,
       -0.44004005,  0.26536679]), array([ 0.32028615,  0.8731832 ,  0.02590332,  0.11703957,  1.1717667 ,
        2.57607509,  0.85612317, -1.44118749,  2.40299796,  0.79292641,
       -0.62324332,  0.25597039]), array([ 0.32439383,  0.86634524,  0.03730851,  0.12068668,  1.16800566,
        2.57731495,  0.82153569, -1.3675911 ,  2.28103818,  0.72942267,
       -0.75220793,  0.24797356]), array([ 0.32835663,  0.85987432,  0.04817329,  0.12392212,  1.16379807,
        2.57852078,  0.79255952, -1.29418358,  2.17295643,  0.64708718,
       -0.84151824,  0.241166  ]), array([ 0.33219755,  0.85376752,  0.05855398,  0.1266781 ,  1.15928762,
        2.5796975 ,  0.76818466, -1.22136123,  2.07613699,  0.5511972 ,
       -0.90209044,  0.23534356]), array([ 0.33593539,  0.84802033,  0.06849666,  0.12890838,  1.15457723,
        2.58084907,  0.7475676 , -1.1494373 ,  1.98853764,  0.44605504,
       -0.94207732,  0.2303131 ]), array([ 0.3395854 ,  0.84262707,  0.07803948,  0.13058412,  1.14973948,
        2.58197855,  0.73000253, -1.07865199,  1.90856272,  0.33514719,
       -0.96754968,  0.22589655]), array([ 0.3431599 ,  0.83758115,  0.08721429,  0.13169051,  1.14482443,
        2.58308822,  0.7148986 , -1.0091843 ,  1.83496282,  0.22127936,
       -0.98301009,  0.22193361]), array([ 0.34666871,  0.83287533,  0.09604807,  0.13222397,  1.13986553,
        2.58417963,  0.70176151, -0.94116348,  1.76675619,  0.10669064,
       -0.99178069,  0.21828334]), array([ 0.3501196 ,  0.82850193,  0.10456391,  0.13218972,  1.13488405,
        2.58525376,  0.69017847, -0.87467938,  1.70316762, -0.0068501 ,
       -0.99629595,  0.2148246 ]), array([ 0.35351863,  0.82445298,  0.11278182,  0.1315999 ,  1.12989243,
        2.58631104,  0.67980567, -0.80979114,  1.6435812 , -0.11796317,
       -0.99832389,  0.21145568]), array([ 0.35687042,  0.82072031,  0.12071934,  0.13047195,  1.12489677,
        2.5873515 ,  0.67035785, -0.74653448,  1.58750378, -0.22558997,
       -0.99913302,  0.20809325]), array([ 0.36017841,  0.81729567,  0.12839202,  0.12882727,  1.11989867,
        2.58837486,  0.66159943, -0.68492748,  1.53453691, -0.32893586,
       -0.99961844,  0.20467093]), array([ 0.3634451 ,  0.81417079,  0.1358138 ,  0.12669016,  1.11489669,
        2.58938054,  0.65333697, -0.62497532,  1.48435527, -0.4274225 ,
       -1.00039688,  0.20113759]), array([ 0.36667216,  0.81133742,  0.14299725,  0.12408692,  1.1098873 ,
        2.59036782,  0.64541275, -0.56667386,  1.43669009, -0.5206479 ,
       -1.00187833,  0.19745554]), array([ 0.36986066,  0.80878736,  0.14995383,  0.12104515,  1.1048657 ,
        2.59133582,  0.63769925, -0.51001254,  1.39131644, -0.6083532 ,
       -1.00431993,  0.19359872]), array([ 0.37301113,  0.80651248,  0.15669405,  0.11759318,  1.09982637,
        2.59228357,  0.63009448, -0.45497652,  1.34804352, -0.69039506,
       -1.00786644,  0.18955096]), array([ 0.37612372,  0.80450474,  0.16322758,  0.11375956,  1.09476346,
        2.59321009,  0.62251782, -0.40154837,  1.30670717, -0.76672261,
       -1.0125806 ,  0.18530432]), array([ 0.37919825,  0.80275619,  0.1695634 ,  0.10957277,  1.08967113,
        2.59411438,  0.61490663, -0.34970929,  1.26716418, -0.83735843,
       -1.01846581,  0.1808576 ]), array([ 0.38223432,  0.80125899,  0.17570984,  0.10506086,  1.08454372,
        2.59499546,  0.60721319, -0.29944002,  1.22928789, -0.90238281,
       -1.0254831 ,  0.17621501]), array([ 0.38523133,  0.80000538,  0.18167467,  0.10025125,  1.0793759 ,
        2.59585238,  0.59940217, -0.25072149,  1.1929649 , -0.96192072,
       -1.03356374,  0.17138495]), array([ 0.38818857,  0.79898771,  0.18746513,  0.0951706 ,  1.07416281,
        2.59668428,  0.59144838, -0.20353528,  1.15809247, -1.01613111,
       -1.04261863,  0.16637901]), array([ 0.39110525,  0.79819839,  0.19308801,  0.08984461,  1.06890008,
        2.59749033,  0.58333494, -0.15786387,  1.1245766 , -1.06519805,
       -1.05254517,  0.1612111 ]), array([ 0.3939805 ,  0.79762993,  0.19854967,  0.08429799,  1.06358392,
        2.59826981,  0.57505161, -0.11369083,  1.09233051, -1.10932362,
       -1.06323243,  0.15589664]), array([ 0.39681347,  0.79727493,  0.20385603,  0.07855438,  1.05821109,
        2.59902207,  0.56659345, -0.07100091,  1.06127356, -1.14872194,
       -1.07456489,  0.15045202]), array([ 0.39960327,  0.79712603,  0.20901269,  0.07263631,  1.05277897,
        2.59974654,  0.55795965, -0.02978001,  1.03133033, -1.18361444,
       -1.08642518,  0.14489403]), array([ 0.40234903,  0.79717595,  0.21402484,  0.06656518,  1.04728549,
        2.60044274,  0.54915252,  0.00998483,  1.00243002, -1.21422598,
       -1.0986961 ,  0.1392395 ]), array([ 0.40504991,  0.79741748,  0.21889737,  0.06036127,  1.04172918,
        2.60111027,  0.5401767 ,  0.04830554,  0.97450588, -1.24078177,
       -1.11126205,  0.13350492]), array([ 0.40770511,  0.79784344,  0.22363484,  0.05404375,  1.03610913,
        2.6017488 ,  0.5310384 ,  0.0851931 ,  0.94749491, -1.26350486,
       -1.12401008,  0.12770621]), array([ 0.41031383,  0.79844673,  0.22824153,  0.04763067,  1.03042497,
        2.60235809,  0.52174484,  0.1206577 ,  0.92133751, -1.2826142 ,
       -1.13683068,  0.12185855]), array([ 0.41287535,  0.79922028,  0.23272141,  0.04113906,  1.02467688,
        2.60293797,  0.51230378,  0.15470884,  0.89597728, -1.29832314,
       -1.14961824,  0.11597621]), array([ 0.41538897,  0.80015705,  0.23707822,  0.03458487,  1.01886553,
        2.60348833,  0.50272311,  0.18735547,  0.87136081, -1.31083826,
       -1.16227146,  0.11007248]), array([ 0.41785402,  0.80125009,  0.24131541,  0.02798308,  1.01299206,
        2.60400913,  0.4930105 ,  0.21860616,  0.84743761, -1.32035847,
       -1.1746936 ,  0.10415959]), array([ 0.42026988,  0.80249243,  0.24543621,  0.0213477 ,  1.00705809,
        2.60450038,  0.48317317,  0.24846919,  0.82415993, -1.32707442,
       -1.18679264,  0.09824872]), array([ 0.42263597,  0.80387719,  0.24944362,  0.01469186,  1.00106569,
        2.60496213,  0.47321767,  0.27695271,  0.80148269, -1.33116806,
       -1.19848137,  0.09234998]), array([ 0.42495172,  0.80539752,  0.25334044,  0.0080278 ,  0.9950173 ,
        2.60539449,  0.46314972,  0.30406482,  0.77936343, -1.33281238,
       -1.20967747,  0.08647241]), array([ 4.27216591e-01,  8.07046588e-01,  2.57129247e-01,  1.36694449e-03,
        9.88915783e-01,  2.60579761e+00,  4.52974102e-01,  3.29813755e-01,
        7.57762180e-01, -1.33217126e+00, -1.22030349e+00,  8.06240307e-02]), array([ 0.42943006,  0.80881763,  0.26081245, -0.00528005,  0.98276435,
        2.60617167,  0.44269457,  0.3542079 ,  0.73664146, -1.3293995 ,
       -1.23028691,  0.07481191]), array([ 0.43159163,  0.81070391,  0.26439228, -0.01190327,  0.97656655,
        2.60651688,  0.43231379,  0.37725594,  0.71596615, -1.32464285,
       -1.23956002,  0.06904217]), array([ 0.4337008 ,  0.81269874,  0.2678708 , -0.01849346,  0.97032625,
        2.60683348,  0.42183332,  0.39896692,  0.69570351, -1.31803818,
       -1.24805997,  0.06332007]), array([ 0.43575707,  0.81479549,  0.27124992, -0.02504203,  0.96404761,
        2.60712173,  0.41125362,  0.41935033,  0.67582301, -1.30971367,
       -1.25572864,  0.05765009]), array([ 0.43775994,  0.81698757,  0.2745314 , -0.03154097,  0.95773504,
        2.60738191,  0.40057401,  0.43841614,  0.65629639, -1.29978908,
       -1.2625126 ,  0.05203594]), array([ 0.4397089 ,  0.81926845,  0.27771689, -0.03798285,  0.95139323,
        2.60761431,  0.38979276,  0.4561749 ,  0.6370975 , -1.28837599,
       -1.26836302,  0.04648068]), array([ 0.44160344,  0.82163164,  0.2808079 , -0.04436074,  0.94502705,
        2.60781925,  0.3789071 ,  0.47263773,  0.61820227, -1.27557818,
       -1.2732356 ,  0.04098675]), array([ 0.443443  ,  0.82407072,  0.28380584, -0.0506682 ,  0.9386416 ,
        2.60799703,  0.36791326,  0.48781639,  0.59958866, -1.26149193,
       -1.27709044,  0.03555604]), array([ 0.44522704,  0.82657934,  0.28671202, -0.05689923,  0.93224214,
        2.60814798,  0.35680655,  0.50172328,  0.58123656, -1.24620634,
       -1.27989198,  0.03018998]), array([ 0.44695494,  0.82915119,  0.28952766, -0.06304825,  0.92583409,
        2.60827242,  0.34558139,  0.5143715 ,  0.56312771, -1.22980377,
       -1.28160884,  0.02488953]), array([ 0.4486261 ,  0.83178007,  0.29225389, -0.06911005,  0.91942302,
        2.6083707 ,  0.33423142,  0.52577483,  0.54524567, -1.21236012,
       -1.28221372,  0.01965531]), array([ 0.45023985,  0.83445981,  0.29489177, -0.07507978,  0.91301461,
        2.60844314,  0.32274956,  0.53594772,  0.52757571, -1.19394525,
       -1.28168332,  0.0144876 ]), array([ 0.45179549,  0.83718433,  0.29744229, -0.0809529 ,  0.90661462,
        2.60849007,  0.31112807,  0.54490533,  0.51010472, -1.17462335,
       -1.27999814,  0.00938641]), array([ 0.45329228,  0.83994765,  0.2999064 , -0.08672516,  0.9002289 ,
        2.60851183,  0.29935864,  0.55266353,  0.49282116, -1.15445326,
       -1.27714242,  0.00435153]), array([ 4.54729444e-01,  8.42743844e-01,  3.02284974e-01, -9.23926071e-02,
        8.93863385e-01,  2.60850874e+00,  2.87432475e-01,  5.59238815e-01,
        4.75714959e-01, -1.13348885e+00, -1.27310395e+00, -6.17461516e-04]), array([ 0.45610615,  0.84556709,  0.30457886, -0.0979515 ,  0.88752402,
        2.60848113,  0.27534037,  0.56464839,  0.45877743, -1.11177939,
       -1.26787396, -0.00552111]), array([ 0.45742151,  0.84841164,  0.30678887, -0.10339835,  0.88121678,
        2.60842933,  0.26307277,  0.56891007,  0.44200119, -1.08936985,
       -1.26144698, -0.01036011]), array([ 0.45867461,  0.85127185,  0.30891577, -0.10872986,  0.87494768,
        2.60835366,  0.25061989,  0.57204231,  0.42538008, -1.06630124,
       -1.25382071, -0.01513522]), array([ 0.45986447,  0.85414217,  0.31096031, -0.11394291,  0.8687227 ,
        2.60825442,  0.23797175,  0.57406417,  0.40890908, -1.04261094,
       -1.24499583, -0.01984728]), array([ 0.46099006,  0.85701715,  0.31292323, -0.11903458,  0.86254782,
        2.60813194,  0.22511827,  0.57499527,  0.39258419, -1.01833298,
       -1.23497592, -0.02449714]), array([ 0.46201944,  0.85979505,  0.31469862, -0.12393965,  0.85626752,
        2.60798902,  0.2058764 ,  0.55558003,  0.35507683, -0.98101437,
       -1.25605893, -0.02858287])], 'U_history': [array([ 1.99234327e-03, -1.65271438e-05, -8.44026732e-05, -7.98840542e-04,
       -5.07456198e-04,  3.24623043e-19]), array([ 0.00217122,  0.05259625, -0.01807408, -0.00542432,  0.13041283,
        0.00775638]), array([ 0.00283895,  0.1047583 , -0.02761869, -0.00951541,  0.23357402,
        0.01240212]), array([ 0.00388544,  0.15614352, -0.03061363, -0.01308914,  0.31545324,
        0.01525691]), array([ 0.00522753,  0.2065294 , -0.02853452, -0.0161724 ,  0.38100724,
        0.01706689]), array([ 0.00680268,  0.25577463, -0.02252961, -0.01880107,  0.43403231,
        0.01825758]), array([ 0.00856385,  0.30380263, -0.01349063, -0.02101696,  0.47743892,
        0.01907433]), array([ 0.0104751 ,  0.3505883 , -0.00210777, -0.02286451,  0.51346101,
        0.01966042]), array([ 0.01250795,  0.39614631,  0.01108656, -0.0243879 ,  0.54381502,
        0.02010087]), array([ 0.0146389 ,  0.44052031,  0.02568275, -0.02562913,  0.56982054,
        0.02044702]), array([ 0.01684799,  0.48377368,  0.041366  , -0.02662691,  0.59249207,
        0.02073051]), array([ 0.01911821,  0.52598237,  0.05789467, -0.0274163 ,  0.6126093 ,
        0.02097126]), array([ 0.02143532,  0.56722988,  0.07508369, -0.02802862,  0.63077122,
        0.02118207]), array([ 0.02378771,  0.60760404,  0.09279211, -0.02849159,  0.64743805,
        0.02137136]), array([ 0.02616619,  0.64719484,  0.11091354, -0.02882952,  0.66296354,
        0.02154477]), array([ 0.02856366,  0.68609308,  0.12936887, -0.02906352,  0.6776199 ,
        0.02170613]), array([ 0.03097482,  0.72438928,  0.14810056, -0.02921178,  0.69161691,
        0.02185813]), array([ 0.0333958 ,  0.76217295,  0.1670681 , -0.02928978,  0.70511656,
        0.02200263]), array([ 0.03582392,  0.79953195,  0.18624448, -0.02931061,  0.71824423,
        0.02214101]), array([ 0.03825737,  0.83655202,  0.20561325, -0.02928522,  0.73109727,
        0.02227426]), array([ 0.04389242,  0.8689854 ,  0.22218905, -0.03068217,  0.74171872,
        0.02240312]), array([ 0.04656304,  0.90513605,  0.2416718 , -0.03057087,  0.75425239,
        0.02250094]), array([ 0.0492444 ,  0.94118242,  0.26133989, -0.03045482,  0.76666155,
        0.02260822]), array([ 0.05193579,  0.97719873,  0.28119946, -0.03033482,  0.77899027,
        0.0227192 ]), array([ 0.05463663,  1.01325554,  0.30125951, -0.03021151,  0.79127306,
        0.0228309 ]), array([ 0.05734642,  1.04941954,  0.32153097, -0.0300854 ,  0.80353697,
        0.02294189]), array([ 0.06006471,  1.08575336,  0.34202594, -0.02995675,  0.81580312,
        0.02305153]), array([ 0.06279099,  1.12231538,  0.362757  , -0.02982567,  0.82808791,
        0.02315962]), array([ 0.06552469,  1.15915954,  0.38373664, -0.02969206,  0.8404039 ,
        0.0232662 ]), array([ 0.06826512,  1.19633522,  0.40497685, -0.02955569,  0.85276046,
        0.0233714 ]), array([ 0.07101146,  1.23388707,  0.42648865, -0.0294162 ,  0.86516432,
        0.02347542]), array([ 0.07376273,  1.27185487,  0.44828183, -0.02927313,  0.87761989,
        0.02357846]), array([ 0.07651779,  1.31027345,  0.4703646 , -0.02912594,  0.89012957,
        0.02368074]), array([ 0.07927533,  1.34917259,  0.49274338, -0.02897405,  0.90269397,
        0.02378247]), array([ 0.08203381,  1.38857688,  0.51542256, -0.02881686,  0.91531204,
        0.02388385]), array([ 0.08479156,  1.42850571,  0.53840439, -0.02865374,  0.92798122,
        0.02398504]), array([ 0.08754667,  1.46897317,  0.56168878, -0.02848408,  0.94069752,
        0.02408622]), array([ 0.09029708,  1.50998804,  0.58527321, -0.02830727,  0.9534556 ,
        0.02418753]), array([ 0.09304052,  1.55155377,  0.60915263, -0.02812274,  0.96624882,
        0.02428909]), array([ 0.09577457,  1.59366843,  0.63331939, -0.02792996,  0.97906934,
        0.02439101]), array([-0.06332972,  1.56501076,  0.60861104,  0.03456319,  0.9483394 ,
        0.02449339]), array([-0.06479087,  1.60493441,  0.63183018,  0.03086616,  0.96407487,
        0.02529529]), array([-0.06608185,  1.64552825,  0.65543655,  0.02800611,  0.97905911,
        0.02570983]), array([-0.06722445,  1.68676189,  0.67938608,  0.02581662,  0.99345784,
        0.02592534]), array([-0.06823503,  1.72860298,  0.7036402 ,  0.02416497,  1.00739595,
        0.02604277]), array([-0.06912578,  1.77101665,  0.72816387,  0.02294446,  1.0209665 ,
        0.02611554]), array([-0.06990562,  1.813965  ,  0.75292404,  0.02206889,  1.03423767,
        0.02617128]), array([-0.07058101,  1.85740685,  0.7778886 ,  0.02146835,  1.04725826,
        0.02622377]), array([-0.07115647,  1.90129754,  0.80302551,  0.02108599,  1.06006195,
        0.0262794 ]), array([-0.0716351 ,  1.94558882,  0.82830226,  0.02087547,  1.07267059,
        0.02634072]), array([-0.07201889,  1.99022888,  0.85368543,  0.02079896,  1.08509681,
        0.02640828]), array([-0.07230907,  2.03516236,  0.87914043,  0.02082554,  1.09734603,
        0.02648173]), array([-0.07250629,  2.08033051,  0.90463139,  0.02092992,  1.10941799,
        0.02656024]), array([-0.07261089,  2.12567127,  0.93012102,  0.02109134,  1.12130804,
        0.02664289]), array([-0.07262297,  2.17111953,  0.95557068,  0.02129279,  1.13300806,
        0.02672871]), array([-0.07254256,  2.2166073 ,  0.98094039,  0.02152029,  1.14450729,
        0.02681679]), array([-0.07236968,  2.26206399,  1.00618895,  0.02176234,  1.15579288,
        0.0269063 ]), array([-0.07210447,  2.30741667,  1.03127405,  0.02200947,  1.16685047,
        0.02699648]), array([-0.07174717,  2.35259038,  1.05615242,  0.02225388,  1.17766452,
        0.02708665]), array([-0.07129822,  2.3975084 ,  1.08078003,  0.02248913,  1.18821869,
        0.02717618]), array([ 0.19504286,  2.61007216,  1.22067312, -0.07769702,  1.29782016,
        0.02726451]), array([ 0.1972878 ,  2.65718762,  1.24495897, -0.06926111,  1.29826184,
        0.02623233]), array([ 0.19917474,  2.70323509,  1.26843138, -0.06230207,  1.30039475,
        0.02583858]), array([ 0.20075762,  2.7481879 ,  1.2911358 , -0.05653607,  1.30372668,
        0.025771  ]), array([ 0.20207916,  2.79200865,  1.31309396, -0.05173665,  1.30787547,
        0.02586204]), array([ 0.20317322,  2.83465217,  1.33431006, -0.04772201,  1.31254405,
        0.02602291]), array([ 0.20406673,  2.87606775,  1.35477569, -0.04434555,  1.3175011 ,
        0.02620752]), array([ 0.20478108,  2.91620111,  1.37447349, -0.04148877,  1.32256617,
        0.0263927 ]), array([ 0.20533331,  2.95499587,  1.39338008, -0.03905574,  1.3275982 ,
        0.02656751]), array([ 0.20573704,  2.99239485,  1.41146827, -0.03696877,  1.3324867 ,
        0.02672739]), array([ 0.2060032 ,  3.0283411 ,  1.42870878, -0.03516494,  1.33714504,
        0.02687102]), array([ 0.20614062,  3.06277875,  1.44507153, -0.03359329,  1.34150523,
        0.02699861]), array([ 0.20615651,  3.09565378,  1.46052669, -0.03221263,  1.34551396,
        0.02711108]), array([ 0.20605687,  3.12691458,  1.47504547, -0.03098963,  1.34912954,
        0.02720955]), array([ 0.20584672,  3.15651251,  1.48860069, -0.02989744,  1.35231959,
        0.02729515]), array([ 0.20553043,  3.18440232,  1.50116728, -0.02891441,  1.3550592 ,
        0.02736889]), array([ 0.20511186,  3.21054253,  1.51272262, -0.0280231 ,  1.35732961,
        0.02743169]), array([ 0.20459451,  3.2348957 ,  1.52324681, -0.02720957,  1.35911709,
        0.0274843 ]), array([ 0.2039817 ,  3.25742872,  1.53272285, -0.02646261,  1.36041212,
        0.02752737]), array([ 0.20327657,  3.27811301,  1.54113681, -0.0257733 ,  1.3612088 ,
        0.02756143]), array([ 0.20248222,  3.29692468,  1.5484779 , -0.02513452,  1.36150427,
        0.02758694]), array([ 0.20160175,  3.31384462,  1.55473854, -0.02454064,  1.36129837,
        0.02760427]), array([ 0.20063828,  3.32885865,  1.55991436, -0.0239872 ,  1.36059329,
        0.02761374]), array([ 0.19959499,  3.34195751,  1.56400425, -0.02347067,  1.35939334,
        0.02761564]), array([ 0.19847514,  3.35313691,  1.56701028, -0.0229883 ,  1.35770471,
        0.02761022]), array([ 0.19728206,  3.36239752,  1.56893769, -0.02253792,  1.35553528,
        0.02759771]), array([ 0.19601919,  3.36974492,  1.56979481, -0.02211784,  1.35289451,
        0.02757833]), array([ 0.19469003,  3.37518955,  1.56959296, -0.02172675,  1.34979326,
        0.02755228]), array([ 0.1932982 ,  3.37874659,  1.56834641, -0.02136359,  1.34624369,
        0.02751978]), array([ 0.19184736,  3.38043589,  1.56607223, -0.02102756,  1.34225914,
        0.02748103]), array([ 0.19034125,  3.38028181,  1.56279018, -0.02071798,  1.33785401,
        0.02743624]), array([ 0.18878366,  3.37831306,  1.55852259, -0.02043431,  1.33304371,
        0.02738563]), array([ 0.18717844,  3.37456257,  1.55329423, -0.02017608,  1.32784449,
        0.02732941]), array([ 0.18552943,  3.36906725,  1.54713213, -0.01994287,  1.32227341,
        0.02726784]), array([ 0.18384053,  3.36186782,  1.54006548, -0.01973429,  1.31634823,
        0.02720113]), array([ 0.18211559,  3.35300861,  1.53212545, -0.01954995,  1.3100873 ,
        0.02712955]), array([ 0.1803585 ,  3.34253729,  1.523345  , -0.01938948,  1.3035095 ,
        0.02705334]), array([ 0.17857307,  3.33050469,  1.51375877, -0.01925244,  1.29663416,
        0.02697277]), array([ 0.17676312,  3.3169645 ,  1.50340289, -0.01913842,  1.28948095,
        0.02688812]), array([ 0.17493239,  3.3019731 ,  1.49231479, -0.01904693,  1.28206982,
        0.02679966]), array([ 0.17308455,  3.28558922,  1.48053306, -0.01897748,  1.27442092,
        0.02670767]), array([ 0.17122323,  3.26787375,  1.46809728, -0.01892952,  1.26655452,
        0.02661245]), array([ 0.16935195,  3.24888946,  1.45504784, -0.01890246,  1.25849094,
        0.02651428]), array([ 0.16747414,  3.22870073,  1.44142578, -0.01889568,  1.25025047,
        0.02641346]), array([ 0.16559314,  3.20737335,  1.42727263, -0.01890849,  1.24185332,
        0.02631028]), array([ 0.16371218,  3.18497417,  1.41263026, -0.0189402 ,  1.23331953,
        0.02620504]), array([ 0.16183437,  3.16157096,  1.39754069, -0.01899005,  1.22466892,
        0.02609803]), array([ 0.1599627 ,  3.13723209,  1.38204601, -0.01905725,  1.21592107,
        0.02598956]), array([ 0.15810004,  3.11202633,  1.36618815, -0.019141  ,  1.20709517,
        0.02587989]), array([ 0.15624914,  3.08602259,  1.3500088 , -0.01924045,  1.19821009,
        0.02576933]), array([ 0.15441262,  3.05928972,  1.33354928, -0.01935472,  1.18928422,
        0.02565815]), array([ 0.15259294,  3.03189631,  1.31685038, -0.01948291,  1.1803355 ,
        0.02554662]), array([ 0.15079246,  3.00391045,  1.29995226, -0.01962413,  1.17138136,
        0.02543501]), array([ 0.14901339,  2.97539954,  1.28289435, -0.01977744,  1.16243867,
        0.02532359]), array([ 0.1472578 ,  2.94643013,  1.26571522, -0.0199419 ,  1.15352373,
        0.0252126 ]), array([ 0.14552764,  2.91706774,  1.24845253, -0.02011657,  1.14465222,
        0.02510229]), array([ 0.14382471,  2.88737667,  1.2311429 , -0.0203005 ,  1.13583919,
        0.02499288]), array([ 0.14215069,  2.85741987,  1.21382185, -0.02049275,  1.12709903,
        0.02488461]), array([ 0.14050713,  2.82725884,  1.19652371, -0.02069237,  1.11844547,
        0.02477768]), array([ 0.13889543,  2.79695341,  1.17928161, -0.02089844,  1.10989154,
        0.0246723 ]), array([ 0.13731691,  2.76656172,  1.16212737, -0.02111003,  1.10144959,
        0.02456865]), array([ 0.13577272,  2.73614005,  1.14509146, -0.02132623,  1.09313124,
        0.02446692]), array([ 0.13426391,  2.70574278,  1.12820298, -0.02154617,  1.08494742,
        0.02436727]), array([ 0.13279144,  2.67542226,  1.11148965, -0.02176896,  1.07690836,
        0.02426986]), array([ 0.13135612,  2.64522878,  1.09497771, -0.02199377,  1.06902355,
        0.02417483]), array([ 0.12995866,  2.6152105 ,  1.07869198, -0.02221978,  1.06130182,
        0.02408231]), array([ 0.1285997 ,  2.58541338,  1.06265581, -0.02244619,  1.05375127,
        0.02399243]), array([ 0.12727973,  2.55588121,  1.04689107, -0.02267225,  1.04637932,
        0.02390529]), array([ 0.12599919,  2.52665549,  1.03141819, -0.02289723,  1.03919272,
        0.023821  ]), array([ 0.1247584 ,  2.4977755 ,  1.01625612, -0.02312042,  1.03219756,
        0.02373963]), array([ 0.12355761,  2.46927824,  1.00142237, -0.02334118,  1.02539928,
        0.02366126]), array([ 0.12239698,  2.44119844,  0.98693301, -0.02355886,  1.01880268,
        0.02358597]), array([ 0.12127659,  2.4135686 ,  0.97280272, -0.02377289,  1.01241196,
        0.0235138 ]), array([ 0.12019646,  2.38641895,  0.95904478, -0.02398269,  1.0062307 ,
        0.02344479]), array([ 0.11915653,  2.35977754,  0.94567112, -0.02418776,  1.00026193,
        0.02337899]), array([ 0.11815668,  2.33367021,  0.93269235, -0.02438761,  0.99450812,
        0.02331642]), array([ 0.11719671,  2.30812065,  0.92011781, -0.0245818 ,  0.98897121,
        0.0232571 ]), array([ 0.1162764 ,  2.28315048,  0.90795557, -0.02476993,  0.98365261,
        0.02320104]), array([ 0.11539545,  2.25877924,  0.89621251, -0.02495161,  0.97855326,
        0.02314823]), array([ 0.11455351,  2.23502444,  0.88489434, -0.02512651,  0.97367364,
        0.02309867]), array([60., 60., 30., 10., 10., 10.]), array([ 50.03959191, -60.        ,   6.33903805, -10.        ,
        10.        , -10.        ]), array([ 17.30968454, -60.        ,   9.78547709,  10.        ,
         5.56681726,  10.        ]), array([  8.52337521,  60.        ,  14.89454033, -10.        ,
         7.39491831, -10.        ]), array([  4.4158296 , -60.        ,  -5.64933785,  10.        ,
        -1.14978   , -10.        ]), array([  2.92508403,  60.        ,  10.48000531, -10.        ,
         4.51177072,  10.        ]), array([  4.49131814, -60.        ,  -8.40811133, -10.        ,
        -3.31123942, -10.        ]), array([ 2.91646711, 60.        , 12.90166546, 10.        ,  5.92979683,
       10.        ]), array([  4.65063821,  60.        ,  -4.3184463 , -10.        ,
        -1.96901177,  10.        ]), array([ 5.31661906e+00,  6.00000000e+01, -6.99692137e-01,  1.00000000e+01,
        4.06034170e-02, -1.00000000e+01]), array([  4.20786433, -60.        , -13.65136392, -10.        ,
        -5.60434681,  10.        ]), array([  6.28523992, -60.        ,  12.72031427,  10.        ,
         6.14128135, -10.        ]), array([ 2.24918249, 60.        , 14.25400589, 10.        ,  6.28035892,
       10.        ]), array([  6.74318475, -60.        ,  -3.99729592, -10.        ,
        -0.7463622 ,  10.        ]), array([  6.19440648,  60.        ,  14.64779257,  10.        ,
         5.16597428, -10.        ]), array([  4.8720441 , -60.        ,  -5.7976513 ,  10.        ,
        -2.62358553, -10.        ]), array([  3.13883667,  60.        ,  13.76724899, -10.        ,
         6.53070143,  10.        ]), array([  5.18498552, -60.        ,  -3.25605346,  10.        ,
        -0.79960372,  10.        ]), array([  7.17702296, -60.        ,   8.38760738, -10.        ,
         2.47196679, -10.        ]), array([  5.12281109,  60.        ,  16.27347062, -10.        ,
         7.17439289,  10.        ]), array([12.        , 12.        ,  0.72798066, -2.        ,  0.42434719,
        2.        ]), array([ 43.20244743, -60.        ,   0.44826911,  10.        ,
         1.71853186, -10.        ]), array([  8.68171529,  60.        ,  11.0740946 , -10.        ,
         3.04086233, -10.        ]), array([  2.63182896, -60.        ,  -2.24658582, -10.        ,
        -0.94682502,  10.        ]), array([  4.05662151, -60.        ,  16.89823612,  10.        ,
         7.92462714, -10.        ]), array([-0.64833083, 12.        ,  3.67190931, -2.        ,  1.28784559,
        2.        ]), array([ -2.14209732,  60.        ,   5.89613097,  10.        ,
         1.43374081, -10.        ]), array([ -6.09921878, -60.        ,  -0.7062181 ,  10.        ,
        -0.63546294,  10.        ]), array([ -1.10147817, -12.        ,   4.69565803,   2.        ,
         1.82507568,  -2.        ]), array([ -3.40679891, -12.        ,   4.70492191,   2.        ,
         2.        ,   2.        ]), array([ -0.80030383, -12.        ,   2.98489064,   2.        ,
         1.0338439 ,   2.        ]), array([ -9.63867822,  60.        ,  22.77505392, -10.        ,
         9.77367283,  10.        ]), array([ 4.98905299, 24.        ,  9.28881564, -4.        ,  3.80828726,
       -4.        ]), array([ -2.21336559, -12.        ,   6.        ,  -2.        ,
         2.        ,  -2.        ]), array([ -3.13376262, -12.        ,   6.        ,  -2.        ,
         2.        ,  -2.        ]), array([-0., -0.,  0., -0.,  0., -0.]), array([-1.11502460e+01, -1.75571059e+01, -1.43179674e+01,  6.34635168e+00,
       -1.00000000e+01, -4.00824411e-15]), array([-7.74101353e+00, -1.23933628e+01, -1.04830382e+01,  4.46031949e+00,
       -8.96806195e+00,  2.86014943e-16]), array([-5.27647000e+00, -7.76148405e+00, -6.94998793e+00,  3.04075131e+00,
       -6.27845924e+00, -4.88842223e-16]), array([-3.28419853e+00, -4.26748032e+00, -4.27398558e+00,  1.88342763e+00,
       -4.25111142e+00, -6.64756255e-16]), array([-1.68220333e+00, -1.62894493e+00, -2.24874382e+00,  9.46477433e-01,
       -2.72852816e+00, -2.06114412e-16]), array([-4.01661663e-01,  3.63131035e-01, -7.18740906e-01,  1.93664916e-01,
       -1.58979996e+00,  4.08088049e-16]), array([ 6.14695126e-01,  1.86466198e+00,  4.33732417e-01, -4.05968531e-01,
       -7.42385651e-01,  2.04596825e-16]), array([ 1.41429289e+00,  2.99276513e+00,  1.29806415e+00, -8.78649535e-01,
       -1.15618341e-01,  3.44401264e-16]), array([ 2.03630806e+00,  3.83594100e+00,  1.94232686e+00, -1.24646584e+00,
        3.44368731e-01,  5.29778301e-16]), array([ 2.51306630e+00,  4.46140355e+00,  2.41848296e+00, -1.52794039e+00,
        6.78575111e-01,  1.17941034e-15]), array([ 2.87123219e+00,  4.92041403e+00,  2.76627451e+00, -1.73855661e+00,
        9.18165041e-01,  7.63668843e-16]), array([ 3.13280329e+00,  5.25220013e+00,  3.01614473e+00, -1.89122414e+00,
        1.08679624e+00,  6.95849883e-16]), array([ 3.31593246e+00,  5.48686065e+00,  3.19144161e+00, -1.99668379e+00,
        1.20240418e+00,  1.66854783e-15]), array([ 3.43560434e+00,  5.64753501e+00,  3.31008651e+00, -2.06385537e+00,
        1.27856677e+00,  6.94283968e-16]), array([ 3.50419047e+00,  5.75203451e+00,  3.38584165e+00, -2.10013378e+00,
        1.32554684e+00, -6.42405408e-17]), array([ 3.53190448e+00,  5.81407626e+00,  3.42927580e+00, -2.11163962e+00,
        1.35108778e+00, -6.60857202e-17]), array([ 3.52717564e+00,  5.84422141e+00,  3.44850181e+00, -2.10343029e+00,
        1.36102024e+00,  1.99940023e-16]), array([ 3.49695561e+00,  5.85059187e+00,  3.44974136e+00, -2.07967741e+00,
        1.35972438e+00,  1.37540716e-15]), array([ 3.44697104e+00,  5.83942012e+00,  3.43775818e+00, -2.04381530e+00,
        1.35048193e+00,  4.75121012e-16]), array([ 3.38193164e+00,  5.81547260e+00,  3.41619105e+00, -1.99866528e+00,
        1.33574393e+00,  1.56416974e-15]), array([ 3.30570223e+00,  5.78237681e+00,  3.38781032e+00, -1.94653939e+00,
        1.31733431e+00,  1.04598379e-15]), array([ 3.22144497e+00,  5.74287489e+00,  3.35471572e+00, -1.88932686e+00,
        1.29660439e+00, -1.19072732e-16]), array([ 3.13173735e+00,  5.69902083e+00,  3.31848918e+00, -1.82856621e+00,
        1.27455012e+00,  7.75512340e-16]), array([ 3.03867009e+00,  5.65233407e+00,  3.28031315e+00, -1.76550525e+00,
        1.25190079e+00,  8.67990729e-16]), array([ 2.94392852e+00,  5.60391964e+00,  3.24106218e+00, -1.70115092e+00,
        1.22918613e+00, -6.99011474e-16]), array([ 2.84886038e+00,  5.55456219e+00,  3.20137396e+00, -1.63631079e+00,
        1.20678697e+00,  9.77729869e-17]), array([ 2.75453222e+00,  5.50479979e+00,  3.16170455e+00, -1.57162755e+00,
        1.18497338e+00,  5.41237582e-16]), array([ 2.66177651e+00,  5.45498183e+00,  3.12237118e+00, -1.50760756e+00,
        1.16393330e+00,  7.89154768e-16]), array([ 2.57123093e+00,  5.40531462e+00,  3.08358560e+00, -1.44464465e+00,
        1.14379405e+00,  1.32999422e-15]), array([ 2.48337121e+00,  5.35589727e+00,  3.04548000e+00, -1.38303984e+00,
        1.12463838e+00, -4.15217518e-17]), array([ 2.39853863e+00,  5.30674979e+00,  3.00812709e+00, -1.32301768e+00,
        1.10651637e+00,  3.96238243e-17]), array([ 2.31696297e+00,  5.25783530e+00,  2.97155581e+00, -1.26473985e+00,
        1.08945440e+00,  1.49383124e-16]), array([ 2.23878180e+00,  5.20907732e+00,  2.93576341e+00, -1.20831643e+00,
        1.07346164e+00,  3.42867339e-17]), array([ 2.16405667e+00,  5.16037330e+00,  2.90072485e+00, -1.15381529e+00,
        1.05853490e+00,  2.47648197e-16]), array([ 2.09278667e+00,  5.11160516e+00,  2.86640006e+00, -1.10126982e+00,
        1.04466220e+00, -3.33037406e-17]), array([ 2.02491986e+00,  5.06264735e+00,  2.83273948e+00, -1.05068549e+00,
        1.03182530e+00,  5.86645508e-16]), array([ 1.96036285e+00,  5.01337300e+00,  2.79968830e+00, -1.00204513e+00,
        1.02000165e+00, -1.69149795e-18]), array([ 1.89898900e+00,  4.96365861e+00,  2.76718970e+00, -9.55313509e-01,
        1.00916567e+00,  2.82018741e-17]), array([ 1.84064517e+00,  4.91338738e+00,  2.73518721e+00, -9.10441027e-01,
        9.99289786e-01,  4.87524755e-16]), array([ 1.78515759e+00,  4.86245168e+00,  2.70362647e+00, -8.67366855e-01,
        9.90345112e-01,  3.39864412e-16]), array([ 1.73233670e+00,  4.81075467e+00,  2.67245654e+00, -8.26021543e-01,
        9.82301949e-01,  3.06359154e-16]), array([ 1.68198135e+00,  4.75821132e+00,  2.64163069e+00, -7.86329207e-01,
        9.75130152e-01,  7.38162994e-16]), array([ 1.63388233e+00,  4.70474896e+00,  2.61110703e+00, -7.48209358e-01,
        9.68799392e-01, -2.78547648e-16]), array([ 1.58782532e+00,  4.65030741e+00,  2.58084878e+00, -7.11578432e-01,
        9.63279352e-01,  3.69983452e-16]), array([ 1.54359348e+00,  4.59483884e+00,  2.55082445e+00, -6.76351073e-01,
        9.58539863e-01,  5.82208023e-16]), array([ 1.50096958e+00,  4.53830743e+00,  2.52100779e+00, -6.42441211e-01,
        9.54551024e-01, -2.58684294e-16]), array([ 1.45973784e+00,  4.48068876e+00,  2.49137771e+00, -6.09762952e-01,
        9.51283283e-01,  3.58378761e-16]), array([ 1.41968547e+00,  4.42196919e+00,  2.46191805e+00, -5.78231331e-01,
        9.48707513e-01, -7.78503688e-18]), array([ 1.38060403e+00,  4.36214510e+00,  2.43261734e+00, -5.47762930e-01,
        9.46795076e-01, -1.91926945e-16]), array([ 1.34229046e+00,  4.30122206e+00,  2.40346851e+00, -5.18276390e-01,
        9.45517876e-01,  1.63322204e-17]), array([ 1.30454806e+00,  4.23921400e+00,  2.37446851e+00, -4.89692828e-01,
        9.44848408e-01, -1.61100223e-16]), array([ 1.26718726e+00,  4.17614234e+00,  2.34561797e+00, -4.61936171e-01,
        9.44759805e-01,  2.40288850e-16]), array([ 1.23002623e+00,  4.11203516e+00,  2.31692086e+00, -4.34933427e-01,
        9.45225878e-01, -9.32269789e-17]), array([ 1.19289141e+00,  4.04692633e+00,  2.28838409e+00, -4.08614888e-01,
        9.46221153e-01, -3.27555605e-16]), array([ 1.15561793e+00,  3.98085475e+00,  2.26001714e+00, -3.82914283e-01,
        9.47720906e-01,  2.38918277e-16]), array([ 1.11804995e+00,  3.91386351e+00,  2.23183168e+00, -3.57768883e-01,
        9.49701190e-01, -1.59052912e-16]), array([ 1.08004088e+00,  3.84599918e+00,  2.20384125e+00, -3.33119567e-01,
        9.52138863e-01, -1.54401769e-16]), array([ 1.04145358e+00,  3.77731115e+00,  2.17606087e+00, -3.08910851e-01,
        9.55011607e-01,  3.90281178e-16]), array([ 1.00216044e+00,  3.70785089e+00,  2.14850672e+00, -2.85090881e-01,
        9.58297946e-01, -5.08819495e-17]), array([ 9.62043496e-01,  3.63767144e+00,  2.12119582e+00, -2.61611408e-01,
        9.61977257e-01, -1.15912647e-16]), array([ 9.20994383e-01,  3.56682676e+00,  2.09414572e+00, -2.38427729e-01,
        9.66029781e-01, -1.20816135e-16]), array([0., 0., 0., 0., 0., 0.])], 'ball_pos_history': [array([-1.59866972, -7.92528931,  1.2065423 ]), array([-1.59360369, -7.88057538,  1.19136644]), array([-1.58853766, -7.83586146,  1.17594533]), array([-1.58347162, -7.79114753,  1.16027898]), array([-1.57840559, -7.7464336 ,  1.14436737]), array([-1.57333956, -7.70171967,  1.12821051]), array([-1.56827353, -7.65700575,  1.11180841]), array([-1.56320749, -7.61229182,  1.09516105]), array([-1.55814146, -7.56757789,  1.07826844]), array([-1.55307543, -7.52286396,  1.06113058]), array([-1.5480094 , -7.47815004,  1.04374748]), array([-1.54294336, -7.43343611,  1.02611912]), array([-1.53787733, -7.38872218,  1.00824551]), array([-1.5328113 , -7.34400825,  0.99012665]), array([-1.52774527, -7.29929433,  0.97176255]), array([-1.52267923, -7.2545804 ,  0.95315319]), array([-1.5176132 , -7.20986647,  0.93429858]), array([-1.51254717, -7.16515254,  0.91519873]), array([-1.50748114, -7.12043862,  0.89585362]), array([-1.5024151 , -7.07572469,  0.87626326]), array([-1.49734907, -7.03101076,  0.85642765]), array([-1.49228304, -6.98629683,  0.8363468 ]), array([-1.48721701, -6.94158291,  0.81602069]), array([-1.48215098, -6.89686898,  0.79544933]), array([-1.47708494, -6.85215505,  0.77463272]), array([-1.47201891, -6.80744112,  0.75357087]), array([-1.46695288, -6.7627272 ,  0.73226376]), array([-1.46188685, -6.71801327,  0.7107114 ]), array([-1.45682081, -6.67329934,  0.6889138 ]), array([-1.45175478, -6.62858541,  0.66687094]), array([-1.44668875, -6.58387148,  0.64458283]), array([-1.44162272, -6.53915756,  0.62204947]), array([-1.43655668, -6.49444363,  0.59927087]), array([-1.43149065, -6.4497297 ,  0.57624701]), array([-1.42642462, -6.40501577,  0.5529779 ]), array([-1.42135859, -6.36030185,  0.52946354]), array([-1.41629255, -6.31558792,  0.50570394]), array([-1.41122652, -6.27087399,  0.48169908]), array([-1.40616049, -6.22616006,  0.45744897]), array([-1.40109446, -6.18144614,  0.43295362]), array([-1.39602842, -6.13673221,  0.40821301]), array([-1.39096239, -6.09201828,  0.38322715]), array([-1.38589636, -6.04730435,  0.35799604]), array([-1.38083033, -6.00259043,  0.33251969]), array([-1.37576429, -5.9578765 ,  0.30679808]), array([-1.37069826, -5.91316257,  0.28083122]), array([-1.36563223, -5.86844864,  0.25461911]), array([-1.3605662 , -5.82373472,  0.22816176]), array([-1.35550016, -5.77902079,  0.20145915]), array([-1.35043413, -5.73430686,  0.17451129]), array([-1.3453681 , -5.68959293,  0.14731819]), array([-1.34030207, -5.64487901,  0.11987983]), array([-1.33523604, -5.60016508,  0.09219622]), array([-1.33017   , -5.55545115,  0.06426736]), array([-1.32510397, -5.51073722,  0.03609326]), array([-1.32003794, -5.4660233 ,  0.033     ]), array([-1.31522521, -5.42354507,  0.05406927]), array([-1.31041248, -5.38106683,  0.07489329]), array([-1.30559975, -5.3385886 ,  0.09547205]), array([-1.30078701, -5.29611037,  0.11580557]), array([-1.29597428, -5.25363214,  0.13589384]), array([-1.29116155, -5.21115391,  0.15573686]), array([-1.28634882, -5.16867568,  0.17533463]), array([-1.28153609, -5.12619745,  0.19468714]), array([-1.27672336, -5.08371922,  0.21379441]), array([-1.27191063, -5.04124098,  0.23265643]), array([-1.2670979 , -4.99876275,  0.2512732 ]), array([-1.26228517, -4.95628452,  0.26964472]), array([-1.25747244, -4.91380629,  0.28777098]), array([-1.25265971, -4.87132806,  0.305652  ]), array([-1.24784698, -4.82884983,  0.32328777]), array([-1.24303425, -4.7863716 ,  0.34067829]), array([-1.23822151, -4.74389337,  0.35782356]), array([-1.23340878, -4.70141514,  0.37472357]), array([-1.22859605, -4.6589369 ,  0.39137834]), array([-1.22378332, -4.61645867,  0.40778786]), array([-1.21897059, -4.57398044,  0.42395213]), array([-1.21415786, -4.53150221,  0.43987114]), array([-1.20934513, -4.48902398,  0.45554491]), array([-1.2045324 , -4.44654575,  0.47097343]), array([-1.19971967, -4.40406752,  0.4861567 ]), array([-1.19490694, -4.36158929,  0.50109472]), array([-1.19009421, -4.31911106,  0.51578748]), array([-1.18528148, -4.27663282,  0.530235  ]), array([-1.18046875, -4.23415459,  0.54443727]), array([-1.17565601, -4.19167636,  0.55839429]), array([-1.17084328, -4.14919813,  0.57210606]), array([-1.16603055, -4.1067199 ,  0.58557257]), array([-1.16121782, -4.06424167,  0.59879384]), array([-1.15640509, -4.02176344,  0.61176986]), array([-1.15159236, -3.97928521,  0.62450063]), array([-1.14677963, -3.93680697,  0.63698615]), array([-1.1419669 , -3.89432874,  0.64922641]), array([-1.13715417, -3.85185051,  0.66122143]), array([-1.13234144, -3.80937228,  0.6729712 ]), array([-1.12752871, -3.76689405,  0.68447572]), array([-1.12271598, -3.72441582,  0.69573499]), array([-1.11790324, -3.68193759,  0.706749  ]), array([-1.11309051, -3.63945936,  0.71751777]), array([-1.10827778, -3.59698113,  0.72804129]), array([-1.10346505, -3.55450289,  0.73831956]), array([-1.09865232, -3.51202466,  0.74835258]), array([-1.09383959, -3.46954643,  0.75814034]), array([-1.08902686, -3.4270682 ,  0.76768286]), array([-1.08421413, -3.38458997,  0.77698013]), array([-1.0794014 , -3.34211174,  0.78603215]), array([-1.07458867, -3.29963351,  0.79483892]), array([-1.06977594, -3.25715528,  0.80340043]), array([-1.06496321, -3.21467705,  0.8117167 ]), array([-1.06015048, -3.17219881,  0.81978772]), array([-1.05533774, -3.12972058,  0.82761349]), array([-1.05052501, -3.08724235,  0.83519401]), array([-1.04571228, -3.04476412,  0.84252927]), array([-1.04089955, -3.00228589,  0.84961929]), array([-1.03608682, -2.95980766,  0.85646406]), array([-1.03127409, -2.91732943,  0.86306358]), array([-1.02646136, -2.8748512 ,  0.86941784]), array([-1.02164863, -2.83237296,  0.87552686]), array([-1.0168359 , -2.78989473,  0.88139063]), array([-1.01202317, -2.7474165 ,  0.88700915]), array([-1.00721044, -2.70493827,  0.89238242]), array([-1.00239771, -2.66246004,  0.89751043]), array([-0.99758498, -2.61998181,  0.9023932 ]), array([-0.99277224, -2.57750358,  0.90703072]), array([-0.98795951, -2.53502535,  0.91142299]), array([-0.98314678, -2.49254712,  0.91557001]), array([-0.97833405, -2.45006888,  0.91947177]), array([-0.97352132, -2.40759065,  0.92312829]), array([-0.96870859, -2.36511242,  0.92653956]), array([-0.96389586, -2.32263419,  0.92970558]), array([-0.95908313, -2.28015596,  0.93262635]), array([-0.9542704 , -2.23767773,  0.93530186]), array([-0.94945767, -2.1951995 ,  0.93773213]), array([-0.94464494, -2.15272127,  0.93991715]), array([-0.93983221, -2.11024304,  0.94185692]), array([-0.93501947, -2.0677648 ,  0.94355144]), array([-0.93020674, -2.02528657,  0.9450007 ]), array([-0.92539401, -1.98280834,  0.94620472]), array([-0.92058128, -1.94033011,  0.94716349]), array([-0.91576855, -1.89785188,  0.94787701]), array([-0.91095582, -1.85537365,  0.94834528]), array([-0.90614309, -1.81289542,  0.94856829]), array([-0.90133036, -1.77041719,  0.94854606]), array([-0.89651763, -1.72793895,  0.94827858]), array([-0.8917049 , -1.68546072,  0.94776585]), array([-0.88689217, -1.64298249,  0.94700787]), array([-0.88207944, -1.60050426,  0.94600463]), array([-0.87726671, -1.55802603,  0.94475615]), array([-0.87245397, -1.5155478 ,  0.94326242]), array([-0.86764124, -1.47306957,  0.94152344]), array([-0.86282851, -1.43059134,  0.9395392 ]), array([-0.85801578, -1.38811311,  0.93730972]), array([-0.85320305, -1.34563487,  0.93483499]), array([-0.84839032, -1.30315664,  0.93211501]), array([-0.84357759, -1.26067841,  0.92914978]), array([-0.83876486, -1.21820018,  0.92593929]), array([-0.83395213, -1.17572195,  0.92248356]), array([-0.8291394 , -1.13324372,  0.91878258]), array([-0.82432667, -1.09076549,  0.91483635]), array([-0.81951394, -1.04828726,  0.91064487]), array([-0.8147012 , -1.00580902,  0.90620813]), array([-0.80988847, -0.96333079,  0.90152615]), array([-0.80507574, -0.92085256,  0.89659892]), array([-0.80026301, -0.87837433,  0.89142644]), array([-0.79545028, -0.8358961 ,  0.88600871]), array([-0.79063755, -0.79341787,  0.88034572]), array([-0.78582482, -0.75093964,  0.87443749]), array([-0.78101209, -0.70846141,  0.86828401]), array([-0.77619936, -0.66598318,  0.86188528]), array([-0.77138663, -0.62350494,  0.8552413 ]), array([-0.7665739 , -0.58102671,  0.84835206]), array([-0.76176117, -0.53854848,  0.84121758]), array([-0.75694844, -0.49607025,  0.83383785]), array([-0.7521357 , -0.45359202,  0.82621287]), array([-0.74765926, -0.41254015,  0.81802664]), array([-0.7278832 , -0.42110687,  0.79108004]), array([-0.7079543 , -0.43257876,  0.7622711 ]), array([-0.68795148, -0.44472031,  0.73273483]), array([-0.66794866, -0.45686186,  0.70295331]), array([-0.64794584, -0.46900341,  0.67292653]), array([-0.62794301, -0.48114496,  0.64265451]), array([-0.60794019, -0.49328651,  0.61213724]), array([-0.58793737, -0.50542806,  0.58137472]), array([-0.56793455, -0.51756961,  0.55036695]), array([-0.54793172, -0.52971116,  0.51911393]), array([-0.5279289 , -0.54185271,  0.48761566]), array([-0.50792608, -0.55399426,  0.45587213]), array([-0.48792325, -0.56613581,  0.42388336]), array([-0.46792043, -0.57827736,  0.39164934]), array([-0.44791761, -0.59041891,  0.35917007]), array([-0.42791479, -0.60256046,  0.32644555]), array([-0.40791196, -0.61470201,  0.29347578]), array([-0.38790914, -0.62684356,  0.26026075]), array([-0.36790632, -0.63898511,  0.22680048]), array([-0.3479035 , -0.65112666,  0.19309496]), array([-0.32790067, -0.66326821,  0.15914419]), array([-0.30789785, -0.67540976,  0.12494817]), array([-0.28789503, -0.68755131,  0.0905069 ]), array([-0.2678922 , -0.69969286,  0.05582037]), array([-0.24788938, -0.71183441,  0.033     ]), array([-0.2288867 , -0.72336888,  0.05895358]), array([-0.20988402, -0.73490336,  0.08466191]), array([-0.19088134, -0.74643783,  0.11012499]), array([-0.17187866, -0.7579723 ,  0.13534281]), array([-0.15287597, -0.76950678,  0.16031539]), array([-0.13387329, -0.78104125,  0.18504272]), array([-0.11487061, -0.79257572,  0.2095248 ]), array([-0.09586793, -0.80411019,  0.23376163]), array([-0.07686525, -0.81564467,  0.25775321]), array([-0.05786257, -0.82717914,  0.28149954]), array([-0.03885988, -0.83871361,  0.30500062]), array([-0.0198572 , -0.85024808,  0.32825644]), array([-8.54521757e-04, -8.61782558e-01,  3.51267023e-01]), array([ 0.01814816, -0.87331703,  0.37403235]), array([ 0.03715084, -0.8848515 ,  0.39655243]), array([ 0.05615352, -0.89638598,  0.41882726]), array([ 0.0751562 , -0.90792045,  0.44085684]), array([ 0.09415889, -0.91945492,  0.46264117]), array([ 0.11316157, -0.93098939,  0.48418024]), array([ 0.13216425, -0.94252387,  0.50547407]), array([ 0.15116693, -0.95405834,  0.52652265]), array([ 0.17016961, -0.96559281,  0.54732598]), array([ 0.18917229, -0.97712728,  0.56788406]), array([ 0.20817498, -0.98866176,  0.58819689]), array([ 0.22717766, -1.00019623,  0.60826447]), array([ 0.24618034, -1.0117307 ,  0.6280868 ]), array([ 0.26518302, -1.02326518,  0.64766387]), array([ 0.2841857 , -1.03479965,  0.6669957 ]), array([ 0.30318838, -1.04633412,  0.68608228]), array([ 0.32219106, -1.05786859,  0.70492361]), array([ 0.34119375, -1.06940307,  0.72351969]), array([ 0.36019643, -1.08093754,  0.74187052]), array([ 0.37919911, -1.09247201,  0.7599761 ]), array([ 0.39820179, -1.10400648,  0.77783642]), array([ 0.41720447, -1.11554096,  0.7954515 ]), array([ 0.43620715, -1.12707543,  0.81282133]), array([ 0.45520984, -1.1386099 ,  0.82994591]), array([ 0.47421252, -1.15014438,  0.84682524]), array([ 0.4932152 , -1.16167885,  0.86345932])], 'distances_history': [7.706833656805993, 7.661141616225714, 7.615491822296072, 7.569882777122535, 7.524313495483048, 7.478783403760965, 7.433292264524418, 7.387840119606978, 7.34242724684226, 7.297054127082812, 7.251721419088855, 7.206429940497534, 7.161180653511835, 7.115974654263599, 7.070813165048305, 7.025697528818474, 6.980629205467662, 6.935609769546963, 6.890640909138922, 6.845724425676337, 6.80086223454122, 6.756056220628757, 6.711308531483102, 6.666621432385377, 6.6219973093854785, 6.577438672610766, 6.532948159841943, 6.488528540343846, 6.444182718938993, 6.39991374031294, 6.355724793542003, 6.311619216835406, 6.267600502485157, 6.223672302018058, 6.179838431544953, 6.136102877302984, 6.0924698013869065, 6.048943547665749, 6.005528647881141, 5.962229827923549, 5.919052014282437, 5.876009652480708, 5.833107645376179, 5.790351198812159, 5.747745809054185, 5.7052972549288805, 5.663011593406856, 5.62089515778162, 5.578954557850814, 5.537196681669073, 5.49562869854984, 5.454258063067534, 5.4130925198637945, 5.372140109099415, 5.331409172421454, 5.287622275274049, 5.243030111252279, 5.198533930459439, 5.154131969423004, 5.109822432810952, 5.065603495601269, 5.021457811456163, 4.977384269196097, 4.933381621792778, 4.889448514451163, 4.845583506921797, 4.801785091648554, 4.758051708786533, 4.714381758788426, 4.670773613052635, 4.627225622996046, 4.58373612782773, 4.540303461239169, 4.496925957182549, 4.45360195487525, 4.410329803142752, 4.3671078641917, 4.323934516888424, 4.280808159605016, 4.237727212684376, 4.194690120567017, 4.151695353615426, 4.108741409666242, 4.065826815335959, 4.022950127102326, 3.980109932180735, 3.9373048492126492, 3.894533528781327, 3.8517946537686854, 3.8090869395660554, 3.7664091341506793, 3.7237600180391155, 3.68113840412816, 3.638543137433426, 3.5959730947353417, 3.5534271841420217, 3.510904344578144, 3.468403545208739, 3.425923784806546, 3.383464091071353, 3.34102351990952, 3.298601154681686, 3.256196105426435, 3.2138075080675, 3.1714345236118993, 3.1290763373462007, 3.086732158037968, 3.044401217149268, 3.0020827680690196, 2.959776085370836, 2.917480464102987, 2.8751952191170513, 2.8329196844418703, 2.7906532127094863, 2.748395174639902, 2.7061449585916875, 2.6639019701857887, 2.621665632010267, 2.5794353834142107, 2.537210680399701, 2.4949909956214817, 2.4527758185049593, 2.4105646554942908, 2.3683570304437147, 2.326152485166942, 2.2839505801613846, 2.2417508955263736, 2.199553032097297, 2.1573566128209376, 2.11516128440123, 2.0729667192493904, 2.030772617778006, 1.9885787110853808, 1.9463847640845409, 1.904190579140973, 1.8619960002948788, 1.8198009181578894, 1.7776052755913494, 1.7354090742942383, 1.693212382454439, 1.6510153436485704, 1.607300042418652, 1.561463859420464, 1.5157894477678107, 1.4688150645721163, 1.4229233595976907, 1.3757882929673748, 1.3283446410518804, 1.2811223418327027, 1.232970627494284, 1.1854788344502536, 1.1376585269031525, 1.0905398938399555, 1.0435888216918459, 0.9960215759618012, 0.9487479023472551, 0.9027189243300567, 0.8552517580674919, 0.8087993718117372, 0.7617324633150988, 0.7131717110896855, 0.664287820251336, 0.615813501771725, 0.5661400185447071, 0.5162398355459898, 0.4674455540281347, 0.41878234644240975, 0.3709662827614679, 0.32506126193345275, 0.28018114443442504, 0.23674464020610023, 0.1955032370635704, 0.15590986112942476, 0.12223476439396586, 0.10269638031824233, 0.09863680902291282, 0.11325387879084545, 0.13976593096203777, 0.17141221514888427, 0.20535684501506057, 0.2404374115926991, 0.27617423188575746, 0.3123662888468893, 0.3489299288594022, 0.3858318566279477, 0.42306015541852093, 0.46061143938760235, 0.49848514723362336, 0.5366810879008509, 0.575198483647929, 0.6140356947959169, 0.6531902406371697, 0.6926589341333385, 0.7324380458911746, 0.7725234604356742, 0.8129108107429239, 0.8535955877709783, 0.8945732264680101, 0.9358391715176428, 0.9667618375123265, 0.9549370240362227, 0.9443088237413925, 0.9348928695992307, 0.9267017288381827, 0.9197445798167181, 0.9140269215833567, 0.909550332282162, 0.906312290145163, 0.9043060677342108, 0.903520706454066, 0.9039410743490882, 0.9055480060777803, 0.9083185200236937, 0.9122261040302997, 0.9172410584774542, 0.9233308835092066, 0.9304606962474333, 0.9385936637617449, 0.9476914383122953, 0.957714582778819, 0.9686229760444892, 0.9803761902179448, 0.9929338337669358, 1.0062558567482214, 1.0203028162347294, 1.0350361016870055, 1.0504181213533028, 1.0664124518042397, 1.0829839534302488, 1.1000988551851816, 1.117724812088584, 1.1358309390462953, 1.1543878244573254, 1.173367526883642, 1.1927435578023935, 1.2124908531651144, 1.2325857361774746, 1.253005873402643], 'normal_align_history': [0.5758759400250056, 0.5758399878709828, 0.5757790944549993, 0.5757004244588303, 0.5756087436894118, 0.5755072926897341, 0.5753983249395903, 0.5752834455702591, 0.5751638290902663, 0.5750403621312219, 0.5749137386422422, 0.5747845242040553, 0.574653199825209, 0.5745201918272427, 0.5743858921446827, 0.5742506719436785, 0.5741148905499887, 0.5739789010736871, 0.5738430537090642, 0.5737076974054443, 0.5735731804059327, 0.5734396740830655, 0.5733075224509618, 0.5731770729087294, 0.5730486706428907, 0.572922655178774, 0.5727993580526948, 0.5726791010651202, 0.572562194836855, 0.5724489375293542, 0.5723396136632433, 0.5722344930066994, 0.5721338295242057, 0.5720378603852367, 0.5719468050364749, 0.5718608643427, 0.5717802198018309, 0.5717050328393956, 0.5716354441873245, 0.5715715733514263, 0.5715135181714417, 0.5714680344128215, 0.57143503282886, 0.57141421584245, 0.5714052149054529, 0.5714076558825923, 0.571421186687977, 0.5714454856764867, 0.5714802607048286, 0.5715252441019522, 0.5715801862554057, 0.5716448491578006, 0.5717190005333732, 0.5718024087869114, 0.5718948388264974, 0.5719960487205106, 0.5721057871107278, 0.5722237912915559, 0.5723497858666818, 0.5724834819014373, 0.5726245764982397, 0.5727608880444252, 0.5728925000017722, 0.5730198013900472, 0.5731432563641418, 0.5732632947775886, 0.5733802664065918, 0.5734944277923734, 0.5736059450278741, 0.5737149036483508, 0.5738213210382006, 0.5739251590596129, 0.5740263358318595, 0.5741247362309629, 0.5742202210053297, 0.5743126345597949, 0.5744018115281643, 0.5744875822759561, 0.5745697774740327, 0.5746482318725297, 0.5747227873894651, 0.5747932956128493, 0.5748596198006078, 0.5749216364497305, 0.5749792364950135, 0.5750323261883854, 0.5750808277020518, 0.575124679492231, 0.5751638364549935, 0.5751982699013565, 0.575227967375269, 0.5752529323351988, 0.5752731837176692, 0.5752887553991173, 0.5752996955708289, 0.5753060660403205, 0.5753079414713895, 0.5753054085740503, 0.5752985652546881, 0.5752875197359807, 0.5752723896554246, 0.5752533011506451, 0.5752303879390285, 0.575203790398654, 0.5751736546568962, 0.5751401316925504, 0.5751033764567666, 0.5750635470175711, 0.5750208037322231, 0.574975308451175, 0.57492722375688, 0.5748767122402586, 0.5748239358171255, 0.5747690550864786, 0.5747122287320963, 0.5746536129685, 0.5745933610319425, 0.5745316227167312, 0.5744685439568467, 0.5744042664525214, 0.5743389273411337, 0.5742726589115174, 0.574205588360574, 0.5741378375908182, 0.5740695230473539, 0.5740007555925772, 0.5739316404167973, 0.5738622769828422, 0.5737927590026247, 0.5737231744436001, 0.5736536055629674, 0.5735841289674776, 0.5735148156966773, 0.5734457313274317, 0.5733769360976076, 0.5733084850468149, 0.573240428172167, 0.5731728105970786, 0.5731056727511894, 0.5730390505595697, 0.5729729756394697, 0.5836013498058571, 0.5855651368723492, 0.5979206478753581, 0.5999243825091595, 0.5960212132209204, 0.5983630043676847, 0.5913976573178378, 0.5941723198025215, 0.6029056138935713, 0.6047649676655739, 0.613075033707709, 0.6153883240058633, 0.6268289955672504, 0.6441192539372983, 0.6545023581790502, 0.6588692321046041, 0.6688428321237233, 0.6873654752888031, 0.6967086063804196, 0.7111484737055279, 0.7260079182566922, 0.7360284901169407, 0.7377154973940648, 0.7446033974273802, 0.7467284224334745, 0.7497816210458477, 0.7476596659665141, 0.753351489428367, 0.7578936583245011, 0.7637647932184644, 0.7708683480023402, 0.7824304148758312, 0.79076280679826, 0.7975333046979853, 0.8021839466222421, 0.8068123849408602, 0.8112248648332299, 0.8152967776124713, 0.8190415084213085, 0.8224729571115417, 0.8256030092326936, 0.8284410842873146, 0.8309944950471001, 0.8332690251510095, 0.8352694749288783, 0.8370000918585617, 0.8384648768514338, 0.8396677863428587, 0.8406128571601396, 0.8413042788526287, 0.8417464327818277, 0.8419439116280386, 0.8419015282064825, 0.8416243188976776, 0.8411175445110161, 0.8403866898084327, 0.839437461986309, 0.838275787943925, 0.8369078099935816, 0.8353398796708139, 0.8335785493992272, 0.8316305618980746, 0.8295028373577009, 0.8272024585291272, 0.8247366539702172, 0.8221127797591896, 0.819338300027886, 0.8164207666852348, 0.8133677986999164, 0.8101870612945721, 0.8068862453760689, 0.8034730474909532, 0.7999551505553272, 0.7963402055664706, 0.7926358144615655, 0.7888495142483798, 0.7849887624947202, 0.7810609242287462, 0.7770732602711649, 0.7730329169932141, 0.7689469174712142, 0.7648221539892549, 0.7606653818260802, 0.7564832142502407, 0.7522821186387547, 0.7480684136285679, 0.7438482672066794, 0.7396276956435804, 0.7354125631753097, 0.7312085823416251, 0.7270213148912966, 0.7228561731699851, 0.7187184219114198, 0.7146131803583539, 0.7105454246458827, 0.706519990385979, 0.7025415753984238], 'ball_near_history': [False, False, False, False, False, False, False, False, False, False, False, False, False, False, False, False, False, False, False, False, False, False, False, False, False, False, False, False, False, False, False, False, False, False, False, False, False, False, False, False, False, False, False, False, False, False, False, False, False, False, False, False, False, False, False, False, False, False, False, False, False, False, False, False, False, False, False, False, False, False, False, False, False, False, False, False, False, False, False, False, False, False, False, False, False, False, False, False, False, False, False, False, False, False, False, False, False, False, False, False, False, False, False, False, False, False, False, False, False, False, False, False, False, False, False, False, False, False, False, False, False, False, False, False, False, False, False, False, False, False, False, False, False, False, False, False, False, False, False, False, False, False, False, False, False, False, False, False, False, False, False, False, False, False, False, False, False, False, False, False, False, False, False, False, False, False, False, False, False, False, False, False, True, True, True, True, True, True, True, False, False, False, False, False, False, False, False, False, False, False, False, False, False, False, False, False, False, False, False, False, False, False, False, False, False, False, False, False, False, False, False, False, False, False, False, False, False, False, False, False, False, False, False, False, False, False, False, False, False, False, False, False, False, False, False, False, False, False], 'tube_ready_history': [False, False, False, False, False, False, False, False, False, False, False, False, False, False, False, False, False, False, False, False, False, False, False, False, False, False, False, False, False, False, False, False, False, False, False, False, False, False, False, False, False, False, False, False, False, False, False, False, False, False, False, False, False, False, False, False, False, False, False, False, False, False, False, False, False, False, False, False, False, False, False, False, False, False, False, False, False, False, False, False, False, False, False, False, False, False, False, False, False, False, False, False, False, False, False, False, False, False, False, False, False, False, False, False, False, False, False, False, False, False, False, False, False, False, False, False, False, False, False, False, False, False, False, False, False, False, False, False, False, False, False, False, False, False, False, False, False, False, False, False, False, False, False, False, False, False, False, False, False, False, False, False, False, False, False, False, False, False, False, False, False, False, False, False, False, False, False, True, True, True, True, True, True, True, True, True, True, True, True, True, True, True, True, True, True, True, True, True, False, False, False, False, False, False, False, False, False, False, False, False, False, False, False, False, False, False, False, False, False, False, False, False, False, False, False, False, False, False, False, False, False, False, False, False, False, False, False, False, False, False, False, False, False, False, False, False, False, False], 'pos_error_history': [0.008988097445693148, 0.008950468147056257, 0.008934319594668005, 0.008976618010559934, 0.009118380238294213, 0.009400191650148238, 0.009856713662466772, 0.010511937365592725, 0.01137714315775579, 0.012452153623832389, 0.013728713172835517, 0.015194213964900352, 0.0168345883801776, 0.01863606719760665, 0.020586019708356832, 0.022673217213702152, 0.024887796159117983, 0.02722109424316977, 0.02966545227989089, 0.0322140249042292, 0.03374017320868722, 0.03643307828797082, 0.039219239647469664, 0.04209281063281515, 0.04504835707660725, 0.048080772837421924, 0.05118521271836438, 0.054357039348939956, 0.05759178117233793, 0.06088509922849917, 0.06423276090217762, 0.06763061920011759, 0.07107459643710487, 0.07456067145841995, 0.0780848697187471, 0.08164325568626545, 0.08523192715522493, 0.08884701113845948, 0.09248466107914692, 0.09614105517343328, 0.09294910259714287, 0.09647523185169654, 0.10002537348347922, 0.10359482279516732, 0.10717900474949617, 0.11077346354769327, 0.11437385377085693, 0.11797593309111584, 0.12157555646635847, 0.1251686716896624, 0.1287513161494239, 0.13231961465577816, 0.1358697781958725, 0.13939810349087015, 0.1429009732389051, 0.14637485693949825, 0.14981631220546227, 0.1532219864779357, 0.1565886190687591, 0.15991304346200624, 0.17371210377687737, 0.17697446276174478, 0.18016969650143616, 0.18329609364111768, 0.18635190046642616, 0.18933535821383704, 0.19224473261389863, 0.1950783373110592, 0.19783455245387616, 0.2005118394665445, 0.20310875278789545, 0.2056239491872823, 0.20805619512895066, 0.21040437254959693, 0.2126674833312798, 0.21484465268831873, 0.216935131638082, 0.21893829868825115, 0.22085366084467972, 0.22268085402228768, 0.22441964292497277, 0.2260699204480807, 0.22763170664758708, 0.2291051473131087, 0.23049051217660993, 0.23178819278475327, 0.2329987000599891, 0.23412266157334188, 0.23516081855033624, 0.23611402263038284, 0.23698323239913305, 0.23776950971274474, 0.23847401583254238, 0.23909800738823905, 0.23964283218760613, 0.24010992489023514, 0.24050080256280468, 0.2408170601330168, 0.2410603657591151, 0.24123245613159758, 0.24133513172341528, 0.2413702520045833, 0.24133973063673278, 0.2412455306626711, 0.2410896597055548, 0.2408741651917321, 0.24060112961076455, 0.24027266582553441, 0.23989091244470706, 0.2394580292691766, 0.23897619282341745, 0.23844759198197582, 0.23787442370060013, 0.23725888886078492, 0.2366031882357362, 0.23590951858503723, 0.23518006888452148, 0.23441701669711712, 0.23362252468967895, 0.23279873730008127, 0.231947777558141, 0.23107174406320885, 0.23017270812059654, 0.2292527110383437, 0.22831376158517325, 0.22735783360988948, 0.226386863821881, 0.22540274973183444, 0.22440734775125445, 0.22340247144889291, 0.22238988996173656, 0.22137132655779232, 0.22034845734752087, 0.21932291014042563, 0.21829626344299433, 0.21727004559391308, 0.2162457340322316, 0.21522475469394825, 0.21420848153231306, 0.21319823615699485, 0.20997810540183806, 0.2059341536129619, 0.20168453761059107, 0.19605279128261358, 0.19138157414187762, 0.18590420897617785, 0.18184175477648815, 0.17668715784548383, 0.1719442612588437, 0.1669520401759865, 0.16397182333953192, 0.16061522997439495, 0.15599311534470844, 0.15274458339082322, 0.14823340022254375, 0.14474364222709588, 0.14051589050062469, 0.13722431262052437, 0.13475952065236974, 0.13175899735611685, 0.12948503118744756, 0.12828849685989158, 0.12730449879001035, 0.1284087483989123, 0.1293753346303724, 0.13099835750060448, 0.13187136694525145, 0.1331885130971003, 0.13478036183709194, 0.1366060899494141, 0.13872076437821612, 0.14100682286375282, 0.14385495950944457, 0.14717418247609532, 0.151460132713925, 0.15576434634487663, 0.1594366437898769, 0.1625250977473095, 0.16512152901503113, 0.16734810744579448, 0.1693235949816323, 0.171150477013778, 0.17291171828308347, 0.17467170315326902, 0.17647875450151548, 0.17836801141810438, 0.1803641276243055, 0.18248358700892128, 0.1847365933181063, 0.1871285636825689, 0.18966128379373656, 0.19233378857782008, 0.19514302789773896, 0.19808436828911502, 0.20115197217990063, 0.2043390870098852, 0.207638268832354, 0.2110415585480868, 0.21454062384996125, 0.21812687608815365, 0.2217915684031703, 0.22552587941626479, 0.22932098533176232, 0.23316812233744943, 0.23705864056011358, 0.24098405044313012, 0.24493606218522776, 0.24890661875746423, 0.2528879229584935, 0.25687245894810345, 0.26085300869709716, 0.2648226637958362, 0.26877483306725414, 0.2727032464290949, 0.2766019554430848, 0.28046533097557047, 0.28428805837544674, 0.28806513055206423, 0.29179183930933633, 0.2954637652636387, 0.2990767666433488, 0.302626967237844, 0.30611074373421276, 0.3095247126513842, 0.31286571705422067, 0.3161308132046953, 0.319317257283688, 0.3224224922953637, 0.32544413524651195, 0.32837996467562, 0.3312279085907989, 0.33398603286183914, 0.3366525300995782, 0.33922570904528226, 0.341703984483749, 0.34408586768621313, 0.34636995738274334, 0.34849171348988606], 'max_qdot_ratio': 0.9948122915239678, 'max_tcp_speed': 1.7776270160640568, 'max_racket_face_speed': 1.6778824338477503, 'total_mpc_steps': 238, 'ball_was_hit': True, 'hit_step': 173, 'p_ee_at_hit': array([-0.64893476, -0.39505215,  0.840257  ]), 'ball_pos_at_hit': array([-0.74765926, -0.41254015,  0.81802664]), 'v_ee_at_hit': 1.760767402843989, 'active_contact': True, 'passive_contact': False}
2026-09-13 17:17:07,331 [INFO] __main__: 击打后继续仿真 20 步...
