__STEP_TIMING__: n=254 p50=0.25 p95=0.42 p99=5.59 max=26.18 n_over_period=5 period_ms=5.00 deciles=0.24,0.24,0.24,0.25,0.25,0.25,0.26,0.27,0.29,26.18
__STEP_LATENCIES__: 0.29,0.26,0.25,0.25,0.25,0.25,0.35,0.25,0.35,0.25,0.25,0.25,0.26,0.25,0.25,0.24,0.24,0.25,0.24,5.59,0.25,0.24,0.24,0.24,0.25,0.24,0.24,0.24,0.25,0.24,0.24,0.24,0.25,0.24,0.24,0.24,0.24,0.24,0.24,5.33,0.27,0.25,0.24,0.24,0.25,0.24,0.24,0.24,0.24,0.24,0.24,0.24,0.24,0.24,0.24,0.23,0.23,0.24,0.23,5.04,0.25,0.25,0.25,0.24,0.23,0.23,0.25,0.23,0.23,0.23,0.24,0.24,0.23,0.23,0.24,0.24,0.23,0.23,0.24,4.97,0.26,0.25,0.25,0.25,0.24,0.24,0.25,0.24,0.24,0.24,0.24,0.24,0.25,0.24,0.24,0.24,0.24,0.25,0.24,4.76,0.25,0.25,0.27,0.24,0.24,0.24,0.25,0.25,0.25,0.24,0.25,0.24,0.24,0.26,0.25,0.25,0.26,0.24,0.30,4.61,0.26,0.26,0.25,0.25,0.25,0.25,0.25,0.25,0.24,0.24,0.24,0.24,0.24,0.27,0.41,0.26,0.26,0.24,0.24,3.38,0.26,0.25,0.24,0.25,0.25,0.24,0.25,0.25,0.25,0.24,0.24,0.24,0.25,0.26,0.25,0.28,0.25,0.25,0.25,26.18,0.29,0.25,0.25,0.25,0.27,0.24,0.24,0.24,0.25,0.25,0.24,0.24,0.24,0.24,0.24,0.24,0.24,0.24,0.24,15.18,0.26,0.25,0.25,0.29,0.27,0.37,0.60,0.52,0.27,0.29,0.34,0.42,0.46,0.38,0.39,0.29,0.28,0.28,0.30,0.29,0.28,0.28,0.28,0.28,0.26,0.27,0.26,0.26,0.27,0.26,0.26,0.27,0.27,0.26,0.26,0.26,0.27,0.26,0.26,0.26,0.29,0.26,0.26,0.26,0.26,0.26,0.26,0.26,0.26,0.26,0.26,0.29,0.28,0.27,0.26,0.27,0.26,0.25,0.26,0.27,0.26,0.26,0.26,0.27,0.27,0.27,0.27,0.27,0.27,0.28,0.28,0.26,0.26,0.25

========================================
  RM-65 击打成功！（主动击球，pos_error=0.1062m）
  [V12 EpisodeRunner 管线架构]
  ablation: full
  击打目标位置: [-0.718 -0.601  0.785]
  末端实际位置: [-0.605 -0.587  0.797]
  规划跟踪误差: 0.1140 m
  速度误差: 1.9039 m/s
  MPC 总步数: 275
  --- Tube 专用指标 ---
  最小球拍-球距离: 0.1014 m
  ball_near 步数: 8 = 40.0 ms
  tube_ready 步数: 21 = 105.0 ms
  击打时间误差: 10.0 ms
  击打位置误差: 0.1062 m
  --- 计算性能 ---
  总墙钟时间: 1.14s (MPC=1.14s)
  --- 执行层约束 ---
  max_qdot=0.99x, max_tcp=1.6m/s, max_face=1.4m/s
  击球类型: 主动击球
========================================

__RESULT__: pos_error=0.106181 vel_error=1.903871 min_dist=0.101442 ball_near_ms=40.0 tube_ready_ms=105.0 max_tcp=1.61 max_qdot=0.99 max_face=1.4 hit_type=active hit_time_error_ms=10.0 hit_pos_error=0.106181 v_racket_at_hit=0.726
2026-09-13 17:17:11,401 [INFO] __main__: [ablation] mode=full
2026-09-13 17:17:11,407 [INFO] __main__: serve-box auto params: horizon=120, iter=10, first_plan_iters=30, total_horizon=250, replan_interval=20, near_plan_iters=5
2026-09-13 17:17:11,425 [INFO] __main__: 关节限位: 仿真默认(default.yaml), TCP=1.8 m/s, terminal_exempt=20
2026-09-13 17:17:11,425 [INFO] __main__: 球拍初始位置: [-0.24136342  0.63027058  1.45576659]
2026-09-13 17:17:11,425 [DEBUG] src.tennis.ball: serve_box bounce (attempt=1): p0_z=1.40, vz0=0.2, spd=9.0, t1=0.545, t2=0.430, z_err=0.20
2026-09-13 17:17:11,432 [INFO] __main__: 击打步数: 194, 击打位置: [-0.71793865 -0.60127851  0.7850613 ]
2026-09-13 17:17:11,432 [INFO] __main__: 随挥方向: [ 0.504 -0.863  0.034], 随挥步数: 60
2026-09-13 17:17:11,441 [INFO] __main__: 候选窗口已构建: best_k=194, candidates=7
2026-09-13 17:17:11,442 [INFO] src.cpp.solver_cpp: iLQR C++ 加速模块已加载
2026-09-13 17:17:11,442 [INFO] __main__: 开始 V12 EpisodeRunner，总步数=310 (MPC=250, 随挥=60)，击打步数=194
2026-09-13 17:17:11,443 [INFO] src.ilqt.async_replanner: AsyncReplanner: 后台规划线程已启动
2026-09-13 17:17:11,476 [INFO] src.ilqt.async_replanner: AsyncReplanner: 规划环境已创建（独立 MjData）
2026-09-13 17:17:11,476 [INFO] src.ilqt.async_replanner: AsyncReplanner: 规划环境已创建（独立 MjData）
2026-09-13 17:17:11,512 [DEBUG] src.ilqt.tube_cost: [Softmin诊断] 候选权重TOP3: k=194:w=0.146, k=193:w=0.145, k=195:w=0.145
2026-09-13 17:17:12,407 [INFO] src.ilqt.mpc_controller: REPLAN step=0 k_hit=194 iters=30 horizon=120 t=931ms
2026-09-13 17:17:12,408 [INFO] src.ilqt.mpc_controller: MPCController.start 完成: k_hit=194, p_hit=[-0.718 -0.601  0.785], buffer=120
2026-09-13 17:17:12,413 [DEBUG] src.ilqt.replan_core: FAR_JT step=0 k_hit=194 (JT gain=60, skip iLQR)
2026-09-13 17:17:12,413 [DEBUG] src.ilqt.mpc_controller: REPLAN step=0 k_hit=194 iters=0 horizon=0 t=4ms
2026-09-13 17:17:12,414 [DEBUG] src.ilqt.mpc_controller: MPCController.step 0: replan k_hit=194 refine=feasible buffer=20
2026-09-13 17:17:12,424 [DEBUG] src.ilqt.replan_core: FAR_JT step=20 k_hit=174 (JT gain=60, skip iLQR)
2026-09-13 17:17:12,424 [DEBUG] src.ilqt.mpc_controller: REPLAN step=20 k_hit=174 iters=0 horizon=0 t=4ms
2026-09-13 17:17:12,425 [DEBUG] src.ilqt.mpc_controller: MPCController.step 20: replan k_hit=174 refine=feasible buffer=20
2026-09-13 17:17:12,434 [DEBUG] src.ilqt.replan_core: FAR_JT step=40 k_hit=154 (JT gain=60, skip iLQR)
2026-09-13 17:17:12,434 [DEBUG] src.ilqt.mpc_controller: REPLAN step=40 k_hit=154 iters=0 horizon=0 t=4ms
2026-09-13 17:17:12,435 [DEBUG] src.ilqt.mpc_controller: MPCController.step 40: replan k_hit=154 refine=feasible buffer=20
2026-09-13 17:17:12,443 [DEBUG] src.ilqt.replan_core: FAR_JT step=60 k_hit=134 (JT gain=60, skip iLQR)
2026-09-13 17:17:12,443 [DEBUG] src.ilqt.mpc_controller: REPLAN step=60 k_hit=134 iters=0 horizon=0 t=4ms
2026-09-13 17:17:12,444 [DEBUG] src.ilqt.mpc_controller: MPCController.step 60: replan k_hit=134 refine=feasible buffer=20
2026-09-13 17:17:12,453 [DEBUG] src.ilqt.replan_core: FAR_JT step=80 k_hit=114 (JT gain=60, skip iLQR)
2026-09-13 17:17:12,453 [DEBUG] src.ilqt.mpc_controller: REPLAN step=80 k_hit=114 iters=0 horizon=0 t=4ms
2026-09-13 17:17:12,454 [DEBUG] src.ilqt.mpc_controller: MPCController.step 80: replan k_hit=114 refine=feasible buffer=20
2026-09-13 17:17:12,462 [DEBUG] src.ilqt.replan_core: FAR_JT step=100 k_hit=94 (JT gain=60, skip iLQR)
2026-09-13 17:17:12,462 [DEBUG] src.ilqt.mpc_controller: REPLAN step=100 k_hit=94 iters=0 horizon=0 t=3ms
2026-09-13 17:17:12,463 [DEBUG] src.ilqt.mpc_controller: MPCController.step 100: replan k_hit=94 refine=feasible buffer=20
2026-09-13 17:17:12,471 [DEBUG] src.ilqt.replan_core: FAR_JT step=120 k_hit=74 (JT gain=60, skip iLQR)
2026-09-13 17:17:12,471 [DEBUG] src.ilqt.mpc_controller: REPLAN step=120 k_hit=74 iters=0 horizon=0 t=3ms
2026-09-13 17:17:12,472 [DEBUG] src.ilqt.mpc_controller: MPCController.step 120: replan k_hit=74 refine=feasible buffer=20
2026-09-13 17:17:12,481 [DEBUG] src.ilqt.replan_core: FAR_JT step=140 k_hit=54 (JT gain=60, skip iLQR)
2026-09-13 17:17:12,481 [DEBUG] src.ilqt.mpc_controller: REPLAN step=140 k_hit=54 iters=0 horizon=0 t=3ms
2026-09-13 17:17:12,481 [INFO] src.ilqt.strategies.hit_point_refiner: [HIT_LOCK] k_hit=54 ≤ 60, 锁定击球点不再替换
2026-09-13 17:17:12,481 [DEBUG] src.ilqt.mpc_controller: MPCController.step 140: replan k_hit=54 refine=locked buffer=20
2026-09-13 17:17:12,494 [DEBUG] src.ilqt.tube_cost: [Softmin诊断] 候选权重TOP3: k=34:w=0.146, k=33:w=0.145, k=35:w=0.145
2026-09-13 17:17:12,512 [DEBUG] src.ilqt.mpc_controller: REPLAN step=160 k_hit=34 iters=5 horizon=34 t=26ms
2026-09-13 17:17:12,512 [DEBUG] src.ilqt.mpc_controller: MPCController.step 160: replan k_hit=34 refine=locked buffer=20
2026-09-13 17:17:12,523 [DEBUG] src.ilqt.tube_cost: [Softmin诊断] 候选权重TOP3: k=14:w=0.169, k=15:w=0.168, k=13:w=0.168
2026-09-13 17:17:12,532 [DEBUG] src.ilqt.mpc_controller: REPLAN step=180 k_hit=14 iters=5 horizon=14 t=15ms
2026-09-13 17:17:12,532 [DEBUG] src.ilqt.mpc_controller: MPCController.step 180: replan k_hit=14 refine=locked buffer=14
2026-09-13 17:17:12,533 [INFO] src.ilqt.components.predictive_safety: [SAFETY_FILTER] beta=0.8: qdot entering overspeed, joint=1, |qdot|=3.27 > 3.14
2026-09-13 17:17:12,534 [INFO] src.ilqt.components.predictive_safety: [SAFETY_FILTER] beta=0.0: qdot entering overspeed, joint=1, |qdot|=3.95 > 3.14
2026-09-13 17:17:12,535 [INFO] src.ilqt.components.predictive_safety: [SAFETY_FILTER] beta=0.2: qdot entering overspeed, joint=1, |qdot|=3.92 > 3.14
2026-09-13 17:17:12,536 [INFO] src.ilqt.strategies.follow_through: 随挥触发: step=193, steps=60
2026-09-13 17:17:12,553 [INFO] src.ilqt.async_replanner: AsyncReplanner: 后台规划线程已停止
2026-09-13 17:17:12,553 [INFO] src.ilqt.episode_runner: EpisodeRunner 完成: total_steps=255 safe_steps=255 mpc_done=True
2026-09-13 17:17:12,553 [DEBUG] src.ilqt.episode_runner: EpisodeRunner metrics 详情: {'total_steps': 255, 'safe_steps': 255, 'mpc_done': True, 'X_history': [array([-1.5  ,  1.57 , -0.236,  0.404,  0.446,  2.45 ,  0.   ,  0.   ,
        0.   ,  0.   ,  0.   ,  0.   ]), array([ 4.30336543e-01,  1.47990882e+00, -1.06736804e-01, -9.90313207e-02,
        7.76697759e-02,  2.44999685e+00, -1.85962041e-02, -3.58330514e-02,
       -8.59927151e-03, -5.15034193e-04, -4.85813044e-03, -6.30089488e-04]), array([ 4.30153527e-01,  1.47955789e+00, -1.06826163e-01, -9.90358165e-02,
        7.76168296e-02,  2.44999174e+00, -3.66032137e-02, -7.01856123e-02,
       -1.78719667e-02, -8.99150039e-04, -1.05892565e-02, -1.02272752e-03]), array([ 4.29883320e-01,  1.47904206e+00, -1.06964774e-01, -9.90416937e-02,
        7.75320988e-02,  2.44998532e+00, -5.40413476e-02, -1.03165546e-01,
       -2.77221421e-02, -1.17544378e-03, -1.69461717e-02, -1.28278851e-03]), array([ 4.29528675e-01,  1.47836772e+00, -1.07155060e-01, -9.90485193e-02,
        7.74133922e-02,  2.44997798e+00, -7.09289882e-02, -1.34867169e-01,
       -3.80571117e-02, -1.36512200e-03, -2.37413081e-02, -1.46797424e-03]), array([ 4.29092260e-01,  1.47754086e+00, -1.07399006e-01, -9.90559519e-02,
        7.72592343e-02,  2.44996993e+00, -8.72829885e-02, -1.65373335e-01,
       -4.87891770e-02, -1.48651468e-03, -3.08315800e-02, -1.61017334e-03]), array([ 4.28576666e-01,  1.47656707e+00, -1.07698189e-01, -9.90637266e-02,
        7.70686988e-02,  2.44996130e+00, -1.03118959e-01, -1.94757135e-01,
       -5.98365943e-02, -1.55493375e-03, -3.81071008e-02, -1.72711007e-03]), array([ 4.27984408e-01,  1.47545165e+00, -1.08053809e-01, -9.90716411e-02,
        7.68412851e-02,  2.44995215e+00, -1.18451466e-01, -2.23083286e-01,
       -7.11240030e-02, -1.58290927e-03, -4.54827395e-02, -1.82870800e-03]), array([ 4.27317937e-01,  1.47419961e+00, -1.08466721e-01, -9.90795439e-02,
        7.65768263e-02,  2.44994255e+00, -1.33294174e-01, -2.50409278e-01,
       -8.25824799e-02, -1.58056591e-03, -5.28917665e-02, -1.92057515e-03]), array([ 4.26579638e-01,  1.47281568e+00, -1.08937468e-01, -9.90873241e-02,
        7.62754211e-02,  2.44993252e+00, -1.47659932e-01, -2.76786311e-01,
       -9.41493392e-02, -1.55602394e-03, -6.02810490e-02, -2.00591929e-03]), array([ 4.25771834e-01,  1.47130438e+00, -1.09466306e-01, -9.90949029e-02,
        7.59373840e-02,  2.44992209e+00, -1.61560841e-01, -3.02260083e-01,
       -1.05767770e-01, -1.51577182e-03, -6.76074126e-02, -2.08660556e-03]), array([ 4.24896792e-01,  1.46967002e+00, -1.10053238e-01, -9.91022279e-02,
        7.55632095e-02,  2.44991127e+00, -1.75008289e-01, -3.26871431e-01,
       -1.17386379e-01, -1.46499007e-03, -7.48348952e-02, -2.16374390e-03]), array([ 4.23956727e-01,  1.46791673e+00, -1.10698032e-01, -9.91092670e-02,
        7.51535460e-02,  2.44990008e+00, -1.88012982e-01, -3.50656876e-01,
       -1.28958688e-01, -1.40782155e-03, -8.19326957e-02, -2.23801748e-03]), array([ 4.22953802e-01,  1.46604849e+00, -1.11400245e-01, -9.91160049e-02,
        7.47091777e-02,  2.44988853e+00, -2.00584960e-01, -3.73649078e-01,
       -1.40442622e-01, -1.34759097e-03, -8.88736703e-02, -2.30986747e-03]), array([ 4.21890134e-01,  1.46406910e+00, -1.12159245e-01, -9.91224398e-02,
        7.42310114e-02,  2.44987663e+00, -2.12733623e-01, -3.95877222e-01,
       -1.51800021e-01, -1.28697985e-03, -9.56332564e-02, -2.37959749e-03]), array([ 4.20767796e-01,  1.46198227e+00, -1.12974226e-01, -9.91285807e-02,
        7.37200678e-02,  2.44986439e+00, -2.24467741e-01, -4.17367351e-01,
       -1.62996181e-01, -1.22816369e-03, -1.02188724e-01, -2.44743288e-03]), array([ 4.19588818e-01,  1.45979155e+00, -1.13844223e-01, -9.91344452e-02,
        7.31774744e-02,  2.44985183e+00, -2.35795482e-01, -4.38142650e-01,
       -1.73999433e-01, -1.17291873e-03, -1.08518672e-01, -2.51355440e-03]), array([ 4.18355196e-01,  1.45750043e+00, -1.14768127e-01, -9.91400588e-02,
        7.26044610e-02,  2.44983893e+00, -2.46724424e-01, -4.58223704e-01,
       -1.84780773e-01, -1.12270420e-03, -1.14602693e-01, -2.57811736e-03]), array([ 4.17068888e-01,  1.45511229e+00, -1.15744695e-01, -9.91454524e-02,
        7.20023551e-02,  2.44982573e+00, -2.57261582e-01, -4.77628722e-01,
       -1.95313532e-01, -1.07872556e-03, -1.20421164e-01, -2.64126267e-03]), array([ 4.15731821e-01,  1.45263042e+00, -1.16772560e-01, -9.91506623e-02,
        7.13725796e-02,  2.44981221e+00, -2.67413424e-01, -4.96373730e-01,
       -2.05573087e-01, -1.04198299e-03, -1.25955116e-01, -2.70312314e-03]), array([ 4.14345892e-01,  1.45005806e+00, -1.17850243e-01, -9.91557289e-02,
        7.07166488e-02,  2.44979839e+00, -2.77185896e-01, -5.14472761e-01,
       -2.15536609e-01, -1.01330854e-03, -1.31186150e-01, -2.76382712e-03]), array([ 4.12913090e-01,  1.44739834e+00, -1.18976280e-01, -9.91607137e-02,
        7.00357048e-02,  2.44978432e+00, -2.86560374e-01, -5.31943694e-01,
       -2.25207305e-01, -9.96977235e-04, -1.36188799e-01, -2.81541003e-03]), array([ 4.11435262e-01,  1.44465437e+00, -1.20149003e-01, -9.91656594e-02,
        6.93315041e-02,  2.44976997e+00, -2.95565466e-01, -5.48794414e-01,
       -2.34544714e-01, -9.89127582e-04, -1.40840143e-01, -2.86943674e-03]), array([ 4.09914235e-01,  1.44182920e+00, -1.21366650e-01, -9.91706121e-02,
        6.86058679e-02,  2.44975535e+00, -3.04205537e-01, -5.65033560e-01,
       -2.43529416e-01, -9.90552254e-04, -1.45127248e-01, -2.92445367e-03]), array([ 4.08351812e-01,  1.43892586e+00, -1.22627367e-01, -9.91756213e-02,
        6.78606847e-02,  2.44974045e+00, -3.12484534e-01, -5.80668431e-01,
       -2.52143324e-01, -1.00183066e-03, -1.49036637e-01, -2.97973570e-03]), array([ 4.06749782e-01,  1.43594733e+00, -1.23929214e-01, -9.91807382e-02,
        6.70979117e-02,  2.44972527e+00, -3.20406008e-01, -5.95705074e-01,
       -2.60369501e-01, -1.02338883e-03, -1.52554594e-01, -3.03495120e-03]), array([ 4.05109916e-01,  1.43289659e+00, -1.25270175e-01, -9.91860159e-02,
        6.63195747e-02,  2.44970982e+00, -3.27973125e-01, -6.10148383e-01,
       -2.68192026e-01, -1.05553594e-03, -1.55667397e-01, -3.08998014e-03]), array([ 4.03433973e-01,  1.42977658e+00, -1.26648154e-01, -9.91915084e-02,
        6.55277671e-02,  2.44969410e+00, -3.35188686e-01, -6.24002182e-01,
       -2.75595881e-01, -1.09848711e-03, -1.58361517e-01, -3.14481521e-03]), array([ 4.01723697e-01,  1.42659023e+00, -1.28060988e-01, -9.91972702e-02,
        6.47246483e-02,  2.44967810e+00, -3.42055148e-01, -6.37269319e-01,
       -2.82566871e-01, -1.15237812e-03, -1.60623766e-01, -3.19950790e-03]), array([ 3.99980824e-01,  1.42334047e+00, -1.29506446e-01, -9.92033566e-02,
        6.39124411e-02,  2.44966183e+00, -3.48574644e-01, -6.49951747e-01,
       -2.89091568e-01, -1.21727524e-03, -1.62441435e-01, -3.25413892e-03]), array([ 3.98207079e-01,  1.42003022e+00, -1.30982232e-01, -9.92098225e-02,
        6.30934291e-02,  2.44964529e+00, -3.54749007e-01, -6.62050609e-01,
       -2.95157263e-01, -1.29318214e-03, -1.63802406e-01, -3.30880192e-03]), array([ 3.96404180e-01,  1.41666239e+00, -1.32485992e-01, -9.92167228e-02,
        6.22699528e-02,  2.44962847e+00, -3.60579791e-01, -6.73566317e-01,
       -3.00751946e-01, -1.38004496e-03, -1.64695257e-01, -3.36359416e-03]), array([ 3.94573838e-01,  1.41323990e+00, -1.34015314e-01, -9.92241115e-02,
        6.14444061e-02,  2.44961138e+00, -3.66068299e-01, -6.84498633e-01,
       -3.05864290e-01, -1.47775632e-03, -1.65109349e-01, -3.41861112e-03]), array([ 3.92717760e-01,  1.40976566e+00, -1.35567732e-01, -9.92320423e-02,
        6.06192315e-02,  2.44959401e+00, -3.71215610e-01, -6.94846748e-01,
       -3.10483651e-01, -1.58615876e-03, -1.65034919e-01, -3.47394326e-03]), array([ 3.90837647e-01,  1.40624262e+00, -1.37140732e-01, -9.92405676e-02,
        5.97969157e-02,  2.44957636e+00, -3.76022598e-01, -7.04609357e-01,
       -3.14600074e-01, -1.70504782e-03, -1.64463155e-01, -3.52967373e-03]), array([ 3.88935198e-01,  1.40267369e+00, -1.38731754e-01, -9.92497384e-02,
        5.89799843e-02,  2.44955843e+00, -3.80489972e-01, -7.13784735e-01,
       -3.18204309e-01, -1.83417511e-03, -1.63386271e-01, -3.58587693e-03]), array([ 3.87012106e-01,  1.39906184e+00, -1.40338193e-01, -9.92596047e-02,
        5.81709965e-02,  2.44954022e+00, -3.84618295e-01, -7.22370817e-01,
       -3.21287833e-01, -1.97325130e-03, -1.61797577e-01, -3.64261727e-03]), array([ 3.85070066e-01,  1.39541001e+00, -1.41957407e-01, -9.92702144e-02,
        5.73725387e-02,  2.44952172e+00, -3.88408017e-01, -7.30365267e-01,
       -3.23842874e-01, -2.12194940e-03, -1.59691547e-01, -3.69994824e-03]), array([ 3.83110768e-01,  1.39172118e+00, -1.43586720e-01, -9.92816140e-02,
        5.65872193e-02,  2.44950293e+00, -3.91859507e-01, -7.37765557e-01,
       -3.25862445e-01, -2.27990808e-03, -1.57063874e-01, -3.75791161e-03]), array([ 3.81135903e-01,  1.38799834e+00, -1.45223421e-01, -9.92938477e-02,
        5.58176617e-02,  2.44948384e+00, -3.94973081e-01, -7.44569037e-01,
       -3.27340376e-01, -2.44673536e-03, -1.53911533e-01, -3.81653677e-03]), array([ 0.37914716,  1.38424447, -0.14686478, -0.09930696,  0.0550665 ,
        2.44946447, -0.39774904, -0.75077301, -0.32827135, -0.00262201,
       -0.15023282, -0.00387584]), array([ 0.37714654,  1.38046256, -0.14850819, -0.09932102,  0.05433589,
        2.44944486, -0.40012302, -0.75638309, -0.32868252, -0.00281291,
       -0.14612219, -0.00392004]), array([ 0.37513574,  1.3766556 , -0.1501509 , -0.09933607,  0.05362855,
        2.449425  , -0.40216002, -0.76139154, -0.32854141, -0.00300952,
       -0.14146818, -0.00397201]), array([ 0.37311644,  1.37282662, -0.15179012, -0.09935213,  0.05294716,
        2.44940486, -0.40386041, -0.76579545, -0.32784454, -0.003212  ,
       -0.13627788, -0.00402844]), array([ 0.37109032,  1.36897866, -0.15342307, -0.09936923,  0.05229436,
        2.44938442, -0.40522469, -0.76959229, -0.32658966, -0.00342026,
       -0.13055864, -0.00408753]), array([ 0.36905905,  1.36511476, -0.15504695, -0.0993874 ,  0.05167277,
        2.44936368, -0.40625356, -0.77277987, -0.3247758 , -0.00363408,
       -0.1243184 , -0.00414828]), array([ 0.36702431,  1.36123798, -0.15665896, -0.09940667,  0.05108494,
        2.44934263, -0.40694787, -0.77535647, -0.32240316, -0.00385312,
       -0.11756595, -0.00421011]), array([ 0.36498777,  1.35735138, -0.15825633, -0.09942705,  0.05053339,
        2.44932127, -0.40730873, -0.77732081, -0.31947314, -0.00407703,
       -0.11031109, -0.00427267]), array([ 0.36295108,  1.35345802, -0.15983627, -0.09944858,  0.05002056,
        2.44929959, -0.40733746, -0.77867219, -0.31598836, -0.0043054 ,
       -0.10256476, -0.00433573]), array([ 0.3609159 ,  1.34956096, -0.16139603, -0.09947127,  0.04954887,
        2.4492776 , -0.4070357 , -0.77941047, -0.3119526 , -0.00453785,
       -0.09433913, -0.0043991 ]), array([ 0.35888387,  1.34566328, -0.16293289, -0.09949514,  0.04912063,
        2.44925528, -0.40640536, -0.77953617, -0.30737084, -0.00477399,
       -0.08564763, -0.00446262]), array([ 0.35685663,  1.34176803, -0.16444413, -0.09952021,  0.0487381 ,
        2.44923265, -0.40544871, -0.77905048, -0.30224926, -0.00501345,
       -0.076505  , -0.00452615]), array([ 0.35483579,  1.33787825, -0.16592711, -0.09954649,  0.04840347,
        2.4492097 , -0.40416836, -0.77795535, -0.29659522, -0.00525587,
       -0.06692726, -0.00458953]), array([ 0.35282295,  1.33399699, -0.1673792 , -0.09957399,  0.04811881,
        2.44918644, -0.40256732, -0.77625351, -0.29041729, -0.00550095,
       -0.05693173, -0.00465262]), array([ 0.35081971,  1.33012724, -0.16879782, -0.09960273,  0.04788612,
        2.44916286, -0.40064899, -0.77394852, -0.2837252 , -0.00574841,
       -0.04653696, -0.00471526]), array([ 0.34882762,  1.32627202, -0.17018047, -0.09963272,  0.04770731,
        2.44913898, -0.39841723, -0.77104481, -0.27652988, -0.00599799,
       -0.03576273, -0.00477727]), array([ 0.34684824,  1.32243428, -0.17152469, -0.09966397,  0.04758416,
        2.44911479, -0.39587631, -0.76754769, -0.26884341, -0.00624951,
       -0.02462998, -0.00483848]), array([ 0.34488308,  1.31861696, -0.17282808, -0.09969648,  0.04751836,
        2.44909029, -0.39303098, -0.76346342, -0.26067901, -0.00650281,
       -0.01316071, -0.00489872]), array([ 3.42933652e-01,  1.31482297e+00, -1.74088340e-01, -9.97302725e-02,
        4.75114666e-02,  2.44906550e+00, -3.89886477e-01, -7.58799222e-01,
       -2.52051005e-01, -6.75779693e-03, -1.37797577e-03, -4.95780474e-03]), array([ 0.34100141,  1.31105515, -0.17530321, -0.09976534,  0.04756494,
        2.44904043, -0.38644851, -0.75356327, -0.24297482, -0.00701441,
        0.01069423, -0.00501555]), array([ 0.33908779,  1.30731633, -0.17647055, -0.09980171,  0.04768009,
        2.44901507, -0.38272329, -0.74776473, -0.23346693, -0.00727264,
        0.02303105, -0.00507177]), array([ 0.33719308,  1.3036095 , -0.17758731, -0.0998393 ,  0.04786169,
        2.44898907, -0.378942  , -0.74136515, -0.22335302, -0.00751878,
        0.03631863, -0.00519839]), array([ 0.33531868,  1.29993748, -0.17865144, -0.09987816,  0.04811002,
        2.44896263, -0.37488114, -0.73440352, -0.21282625, -0.00777092,
        0.04966593, -0.00528951]), array([ 0.33346593,  1.296303  , -0.17966102, -0.09991829,  0.04842544,
        2.44893583, -0.37054917, -0.72689616, -0.20191417, -0.00802702,
        0.063084  , -0.00536031]), array([ 0.33163616,  1.29270871, -0.18061423, -0.09995972,  0.0488083 ,
        2.44890873, -0.3659548 , -0.71885957, -0.19064284, -0.00828608,
        0.0765734 , -0.00541891]), array([ 0.32983062,  1.28915715, -0.18150942, -0.10000246,  0.04925894,
        2.44888138, -0.36110709, -0.71031059, -0.17903741, -0.00854768,
        0.09012697, -0.00546965]), array([ 0.32805054,  1.28565082, -0.18234503, -0.10004652,  0.0497776 ,
        2.44885381, -0.35601545, -0.70126653, -0.16712253, -0.00881173,
        0.10373184, -0.00551478]), array([ 0.3262971 ,  1.28219209, -0.18311964, -0.10009191,  0.05036445,
        2.44882603, -0.35068966, -0.69174525, -0.15492267, -0.00907837,
        0.11737098, -0.00555547]), array([ 0.3245714 ,  1.27878327, -0.18383195, -0.10013865,  0.05101957,
        2.44879807, -0.34513991, -0.68176524, -0.14246225, -0.00934785,
        0.13102433, -0.00559227]), array([ 0.32287451,  1.27542654, -0.18448078, -0.10018675,  0.05174292,
        2.44876994, -0.33937675, -0.67134562, -0.1297658 , -0.0096205 ,
        0.14466967, -0.00562542]), array([ 0.32120746,  1.27212401, -0.18506507, -0.10023624,  0.05253434,
        2.44874167, -0.33341111, -0.66050616, -0.11685801, -0.00989668,
        0.15828335, -0.005655  ]), array([ 0.31957119,  1.26887767, -0.18558389, -0.10028712,  0.05339354,
        2.44871326, -0.32725427, -0.64926728, -0.10376374, -0.01017681,
        0.17184074, -0.00568102]), array([ 0.3179666 ,  1.26568942, -0.18603643, -0.10033943,  0.05432013,
        2.44868475, -0.32091783, -0.63765   , -0.09050802, -0.01046128,
        0.18531666, -0.00570344]), array([ 0.31639453,  1.26256104, -0.18642201, -0.10039318,  0.05531355,
        2.44865613, -0.31441371, -0.62567596, -0.07711604, -0.01075052,
        0.19868574, -0.00572221]), array([ 0.31485576,  1.25949421, -0.18674008, -0.1004484 ,  0.05637317,
        2.44862745, -0.30775409, -0.61336733, -0.06361307, -0.01104493,
        0.21192263, -0.00573728]), array([ 0.313351  ,  1.25649047, -0.1869902 , -0.10050513,  0.05749818,
        2.44859871, -0.30095141, -0.60074678, -0.05002444, -0.01134489,
        0.22500224, -0.00574861]), array([ 0.31188091,  1.25355128, -0.18717208, -0.10056338,  0.05868768,
        2.44856992, -0.29401828, -0.58783745, -0.03637547, -0.01165079,
        0.2378999 , -0.00575618]), array([ 0.31044607,  1.25067797, -0.18728553, -0.1006232 ,  0.05994064,
        2.44854112, -0.2869675 , -0.57466286, -0.0226914 , -0.01196296,
        0.25059153, -0.00575998]), array([ 0.30904701,  1.24787174, -0.18733052, -0.10068461,  0.0612559 ,
        2.44851232, -0.27981199, -0.56124687, -0.00899734, -0.01228171,
        0.26305373, -0.00576   ]), array([ 0.30768419,  1.24513367, -0.18730711, -0.10074764,  0.06263222,
        2.44848354, -0.27256475, -0.54761362,  0.00468184, -0.01260732,
        0.27526394, -0.00575628]), array([ 0.30635799,  1.24246473, -0.1872155 , -0.10081234,  0.06406823,
        2.4484548 , -0.26523884, -0.53378745,  0.01832152, -0.01294   ,
        0.28720047, -0.00574885]), array([ 0.30506876,  1.23986577, -0.18705602, -0.10087874,  0.06556244,
        2.44842611, -0.25784732, -0.51979284,  0.03189745, -0.01327996,
        0.29884263, -0.00573775]), array([ 0.30381674,  1.23733749, -0.18682909, -0.10094688,  0.06711329,
        2.44839749, -0.25040319, -0.50565437,  0.04538581, -0.0136273 ,
        0.31017077, -0.00572308]), array([ 0.30260214,  1.23488051, -0.18653527, -0.10101679,  0.06871913,
        2.44836897, -0.2429194 , -0.4913966 ,  0.05876323, -0.01398211,
        0.32116636, -0.00570489]), array([ 0.3014251 ,  1.23249529, -0.18617524, -0.10108851,  0.07037819,
        2.44834055, -0.23540876, -0.47704405,  0.07200692, -0.0143444 ,
        0.33181202, -0.00568331]), array([ 0.30028568,  1.23018219, -0.18574976, -0.10116208,  0.07208864,
        2.44831226, -0.22788393, -0.46262112,  0.08509467, -0.01471413,
        0.34209157, -0.00565844]), array([ 0.29918389,  1.22794143, -0.18525974, -0.10123754,  0.07384859,
        2.44828411, -0.22035737, -0.44815202,  0.09800496, -0.01509119,
        0.35199008, -0.0056304 ]), array([ 0.29811969,  1.22577312, -0.18470615, -0.10131491,  0.07565606,
        2.44825611, -0.21284132, -0.43366071,  0.11071698, -0.01547542,
        0.36149389, -0.00559935]), array([ 0.29709295,  1.22367727, -0.1840901 , -0.10139425,  0.07750902,
        2.44822829, -0.20534771, -0.41917085,  0.12321068, -0.0158666 ,
        0.37059062, -0.00556542]), array([ 0.29610351,  1.22165374, -0.18341277, -0.10147557,  0.07940536,
        2.44820064, -0.19788821, -0.40470572,  0.13546683, -0.01626445,
        0.3792692 , -0.00552878]), array([ 0.29515114,  1.2197023 , -0.18267543, -0.10155891,  0.08134296,
        2.44817319, -0.19047412, -0.39028817,  0.14746706, -0.01666861,
        0.38751987, -0.00548961]), array([ 0.29423556,  1.2178226 , -0.18187946, -0.10164431,  0.08331963,
        2.44814595, -0.18311641, -0.37594059,  0.1591939 , -0.01707869,
        0.39533419, -0.00544807]), array([ 0.29335643,  1.21601417, -0.18102631, -0.10173178,  0.08533316,
        2.44811893, -0.17582562, -0.36168482,  0.1706308 , -0.01749424,
        0.40270505, -0.00540436]), array([ 0.29251337,  1.21427646, -0.1801175 , -0.10182135,  0.08738129,
        2.44809214, -0.16861191, -0.34754212,  0.18176219, -0.01791476,
        0.40962664, -0.00535866]), array([ 0.29170594,  1.2126088 , -0.17915463, -0.10191305,  0.08946176,
        2.44806558, -0.16148498, -0.33353315,  0.19257348, -0.01833969,
        0.41609444, -0.00531118]), array([ 0.29093367,  1.21101041, -0.17813937, -0.10200689,  0.09157229,
        2.44803927, -0.15445407, -0.31967787,  0.20305108, -0.01876846,
        0.42210522, -0.00526212]), array([ 0.29019603,  1.20948043, -0.17707346, -0.10210289,  0.09371057,
        2.44801321, -0.14752797, -0.30599555,  0.21318245, -0.01920043,
        0.427657  , -0.00521167]), array([ 0.28949246,  1.2080179 , -0.17595868, -0.10220107,  0.09587432,
        2.44798741, -0.14071495, -0.29250473,  0.22295608, -0.01963495,
        0.43274904, -0.00516004]), array([ 0.28882234,  1.20662179, -0.17479687, -0.10230143,  0.09806123,
        2.44796188, -0.13402281, -0.27922314,  0.23236151, -0.02007134,
        0.43738178, -0.00510744]), array([ 0.28818505,  1.20529095, -0.17358993, -0.10240397,  0.10026901,
        2.44793661, -0.12745882, -0.26616776,  0.24138935, -0.02050888,
        0.44155684, -0.00505407]), array([ 0.2875799 ,  1.20402418, -0.17233977, -0.1025087 ,  0.1024954 ,
        2.44791161, -0.12102976, -0.25335469,  0.25003126, -0.02094686,
        0.44527696, -0.00500012]), array([ 0.28700619,  1.20282018, -0.17104837, -0.10261563,  0.10473813,
        2.44788688, -0.11474185, -0.24079922,  0.25827998, -0.02138455,
        0.44854594, -0.00494581]), array([ 0.28646319,  1.2016776 , -0.16971772, -0.10272473,  0.10699497,
        2.44786242, -0.10860084, -0.22851575,  0.26612928, -0.0218212 ,
        0.45136864, -0.00489132]), array([ 0.28595013,  1.20059501, -0.16834985, -0.10283601,  0.10926372,
        2.44783824, -0.10261192, -0.2165178 ,  0.27357398, -0.02225609,
        0.4537509 , -0.00483685]), array([ 0.28546623,  1.19957092, -0.1669468 , -0.10294946,  0.11154222,
        2.44781432, -0.09677978, -0.20481802,  0.28060995, -0.02268848,
        0.45569949, -0.00478258]), array([ 0.28501069,  1.19860378, -0.16551063, -0.10306504,  0.11382833,
        2.44779068, -0.09110861, -0.19342812,  0.28723405, -0.02311766,
        0.45722206, -0.0047287 ]), array([ 0.28458268,  1.19769199, -0.16404341, -0.10318276,  0.11611997,
        2.4477673 , -0.08560207, -0.18235893,  0.29344415, -0.02354292,
        0.45832708, -0.00467537]), array([ 0.28418136,  1.19683389, -0.16254722, -0.10330258,  0.11841509,
        2.44774419, -0.08026335, -0.17162035,  0.2992391 , -0.02396358,
        0.45902382, -0.00462277]), array([ 0.28380588,  1.19602778, -0.16102412, -0.10342447,  0.1207117 ,
        2.44772133, -0.07509512, -0.16122138,  0.30461869, -0.02437898,
        0.45932223, -0.00457105]), array([ 0.28345539,  1.19527193, -0.15947621, -0.10354841,  0.12300786,
        2.44769873, -0.07009962, -0.15117012,  0.30958363, -0.02478849,
        0.45923293, -0.00452037]), array([ 0.28312899,  1.19456456, -0.15790553, -0.10367437,  0.1253017 ,
        2.44767638, -0.06527858, -0.14147375,  0.31413553, -0.02519151,
        0.45876712, -0.00447086]), array([ 0.28282583,  1.19390387, -0.15631414, -0.10380231,  0.12759138,
        2.44765426, -0.06063332, -0.13213857,  0.31827685, -0.02558747,
        0.45793656, -0.00442267]), array([ 0.282545  ,  1.19328802, -0.15470409, -0.10393219,  0.12987515,
        2.44763238, -0.05616471, -0.12317   ,  0.32201089, -0.02597584,
        0.45675347, -0.00437591]), array([ 0.28228564,  1.19271515, -0.15307738, -0.10406397,  0.1321513 ,
        2.44761073, -0.0518732 , -0.11457256,  0.32534173, -0.02635615,
        0.45523049, -0.00433071]), array([ 0.28204684,  1.1921834 , -0.15143601, -0.10419761,  0.1344182 ,
        2.44758929, -0.04775885, -0.10634997,  0.3282742 , -0.02672793,
        0.45338063, -0.00428718]), array([ 0.28182774,  1.19169088, -0.14978194, -0.10433306,  0.13667429,
        2.44756807, -0.04382133, -0.09850506,  0.33081385, -0.02709079,
        0.45121718, -0.0042454 ]), array([ 0.28162744,  1.19123568, -0.14811711, -0.10447028,  0.13891806,
        2.44754704, -0.04005996, -0.09103988,  0.3329669 , -0.02744436,
        0.44875372, -0.00420547]), array([ 0.28144507,  1.1908159 , -0.14644341, -0.10460923,  0.14114808,
        2.4475262 , -0.03647368, -0.08395566,  0.3347402 , -0.02778833,
        0.44600399, -0.00416748]), array([ 0.28127976,  1.19042964, -0.1447627 , -0.10474984,  0.14336299,
        2.44750555, -0.03306113, -0.07725286,  0.3361412 , -0.02812243,
        0.44298189, -0.00413149]), array([ 0.28113066,  1.19007498, -0.14307681, -0.10489207,  0.1455615 ,
        2.44748506, -0.02982064, -0.0709312 ,  0.33717789, -0.02844643,
        0.43970142, -0.00409756]), array([ 0.28099691,  1.18975003, -0.14138752, -0.10503587,  0.14774238,
        2.44746473, -0.02675024, -0.06498966,  0.33785877, -0.02876015,
        0.43617659, -0.00406575]), array([ 0.28087767,  1.1894529 , -0.13969655, -0.10518119,  0.14990449,
        2.44744455, -0.02384769, -0.05942653,  0.3381928 , -0.02906346,
        0.43242147, -0.00403611]), array([ 0.28077212,  1.1891817 , -0.13800561, -0.10532797,  0.15204674,
        2.4474245 , -0.02111048, -0.05423941,  0.33818939, -0.02935624,
        0.42845003, -0.00400866]), array([ 0.28067944,  1.18893458, -0.13631631, -0.10547616,  0.15416812,
        2.44740459, -0.01853589, -0.04942528,  0.33785829, -0.02963847,
        0.42427619, -0.00398345]), array([ 0.28059883,  1.18870967, -0.13463027, -0.10562571,  0.15626769,
        2.44738479, -0.01612098, -0.04498049,  0.33720963, -0.02991011,
        0.41991374, -0.00396049]), array([ 0.28052952,  1.18850517, -0.132949  , -0.10577657,  0.15834457,
        2.44736509, -0.01386259, -0.0409008 ,  0.33625382, -0.03017121,
        0.41537631, -0.0039398 ]), array([ 0.28047073,  1.18831926, -0.13127399, -0.10592868,  0.16039795,
        2.44734548, -0.01175738, -0.03718142,  0.33500153, -0.03042182,
        0.41067734, -0.00392138]), array([ 0.28042172,  1.18815018, -0.12960667, -0.10608199,  0.1624271 ,
        2.44732595, -0.00980188, -0.03381703,  0.33346365, -0.03066205,
        0.40583006, -0.00390524]), array([ 0.28038176,  1.18799617, -0.12794841, -0.10623645,  0.16443134,
        2.4473065 , -0.00799242, -0.03080182,  0.33165128, -0.03089203,
        0.40084745, -0.00389136]), array([ 0.28035013,  1.18785552, -0.12630054, -0.10639201,  0.16641005,
        2.4472871 , -0.00632523, -0.02812951,  0.32957564, -0.03111192,
        0.3957422 , -0.00387975]), array([ 0.28032615,  1.18772655, -0.1246643 , -0.10654862,  0.16836269,
        2.44726775, -0.0047964 , -0.02579339,  0.32724808, -0.03132192,
        0.39052675, -0.00387038]), array([ 0.28030914,  1.18760762, -0.1230409 , -0.10670623,  0.17028875,
        2.44724843, -0.00340195, -0.02378633,  0.32468003, -0.03152226,
        0.38521317, -0.00386322]), array([ 2.80298454e-01,  1.18749712e+00, -1.21431481e-01, -1.06864794e-01,
        1.72187818e-01,  2.44722914e+00, -2.13777693e-03, -2.21008525e-02,
        3.21882953e-01, -3.17131752e-02,  3.79813247e-01, -3.85826422e-03]), array([ 2.80293455e-01,  1.18739347e+00, -1.19837139e-01, -1.07024269e-01,
        1.74059510e-01,  2.44720986e+00, -9.99717570e-04, -2.07291137e-02,
        3.18868352e-01, -3.18949460e-02,  3.74338404e-01, -3.85546755e-03]), array([ 2.80293537e-01,  1.18729516e+00, -1.18258901e-01, -1.07184608e-01,
        1.75903508e-01,  2.44719059e+00,  1.64546988e-05, -1.96629669e-02,
        3.15647708e-01, -3.20678611e-02,  3.68799713e-01, -3.85479795e-03]), array([ 2.80298112e-01,  1.18720069e+00, -1.16697738e-01, -1.07345770e-01,
        1.77719548e-01,  2.44717131e+00,  9.15016564e-04, -1.88939787e-02,
        3.12232465e-01, -3.22322307e-02,  3.63207877e-01, -3.85621654e-03]), array([ 2.80306614e-01,  1.18710862e+00, -1.15154568e-01, -1.07507711e-01,
        1.79507414e-01,  2.44715201e+00,  1.70028240e-03, -1.84134599e-02,
        3.08634005e-01, -3.23883814e-02,  3.57573228e-01, -3.85968112e-03]), array([ 2.80318497e-01,  1.18701756e+00, -1.13630250e-01, -1.07670395e-01,
        1.81266943e-01,  2.44713268e+00,  2.37659298e-03, -1.82124933e-02,
        3.04863624e-01, -3.25366542e-02,  3.51905719e-01, -3.86514648e-03]), array([ 0.28033324,  1.18692615, -0.11212559, -0.10783378,  0.18299802,
        2.44711332,  0.0029483 , -0.01828196,  0.3009325 , -0.0326774 ,
        0.34621492, -0.00387256]), array([ 0.28035034,  1.18683308, -0.11064133, -0.10799784,  0.18470057,
        2.44709391,  0.00341978, -0.01861257,  0.2968517 , -0.03281099,
        0.34051001, -0.00388189]), array([ 0.28036931,  1.18673711, -0.10917817, -0.10816253,  0.18637457,
        2.44707444,  0.00379538, -0.01919489,  0.29263212, -0.03293779,
        0.3347998 , -0.00389306]), array([ 0.28038971,  1.18663701, -0.10773675, -0.10832782,  0.18802003,
        2.44705491,  0.00407944, -0.02001936,  0.28828451, -0.03305817,
        0.32909269, -0.00390602]), array([ 0.28041109,  1.18653163, -0.10631765, -0.10849368,  0.18963701,
        2.44703531,  0.00427629, -0.02107631,  0.2838194 , -0.03317253,
        0.32339672, -0.00392073]), array([ 0.28043304,  1.18641985, -0.10492141, -0.10866009,  0.19122561,
        2.44701562,  0.00439023, -0.02235602,  0.27924718, -0.03328124,
        0.31771955, -0.00393712]), array([ 0.28045517,  1.18630061, -0.10354852, -0.10882701,  0.19278595,
        2.44699585,  0.00442552, -0.02384869,  0.27457798, -0.0333847 ,
        0.31206846, -0.00395514]), array([ 0.2804771 ,  1.18617289, -0.10219941, -0.10899443,  0.19431821,
        2.44697598,  0.00438636, -0.02554452,  0.26982174, -0.0334833 ,
        0.30645037, -0.00397473]), array([ 0.28049849,  1.18603572, -0.10087447, -0.10916231,  0.19582256,
        2.446956  ,  0.00427693, -0.02743367,  0.26498815, -0.03357741,
        0.30087182, -0.00399582]), array([ 0.28051899,  1.18588819, -0.09957404, -0.10933065,  0.19729926,
        2.4469359 ,  0.00410134, -0.02950633,  0.26008667, -0.03366742,
        0.29533902, -0.00401837]), array([ 0.28053831,  1.18572942, -0.09829841, -0.10949942,  0.19874855,
        2.44691569,  0.00386364, -0.03175272,  0.25512651, -0.03375372,
        0.28985782, -0.0040423 ]), array([ 0.28055615,  1.18555861, -0.09704782, -0.1096686 ,  0.20017072,
        2.44689535,  0.0035678 , -0.03416308,  0.25011663, -0.03383667,
        0.28443376, -0.00406757]), array([ 0.28057224,  1.18537497, -0.0958225 , -0.10983818,  0.20156608,
        2.44687488,  0.00321775, -0.03672774,  0.24506573, -0.03391665,
        0.27907201, -0.00409411]), array([ 0.28058633,  1.18517778, -0.09462258, -0.11000815,  0.20293496,
        2.44685428,  0.00281733, -0.03943709,  0.23998224, -0.03399401,
        0.27377746, -0.00412186]), array([ 2.80598179e-01,  1.18496637e+00, -9.34482132e-02, -1.10178500e-01,
        2.04277738e-01,  2.44683352e+00,  2.37029457e-03, -4.22816313e-02,
        2.34874343e-01, -3.40691187e-02,  2.68554667e-01, -4.15076785e-03]), array([ 2.80607581e-01,  1.18474011e+00, -9.22994635e-02, -1.10349212e-01,
        2.05594777e-01,  2.44681262e+00,  1.88033101e-03, -4.52519495e-02,
        2.29749931e-01, -3.41423107e-02,  2.63407908e-01, -4.18077268e-03]), array([ 2.80614336e-01,  1.18449842e+00, -9.11763803e-02, -1.10520282e-01,
        2.06886483e-01,  2.44679156e+00,  1.35103552e-03, -4.83387625e-02,
        2.24616640e-01, -3.42139256e-02,  2.58341162e-01, -4.21181873e-03]), array([ 2.80618265e-01,  1.18424076e+00, -9.00789711e-02, -1.10691703e-01,
        2.08153274e-01,  2.44677034e+00,  7.85919046e-04, -5.15329162e-02,
        2.19481834e-01, -3.42842900e-02,  2.53358133e-01, -4.24385019e-03]), array([ 2.80619207e-01,  1.18396663e+00, -8.90072081e-02, -1.10863472e-01,
        2.09395585e-01,  2.44674895e+00,  1.88403553e-04, -5.48253980e-02,
        2.14352608e-01, -3.43537204e-02,  2.48462255e-01, -4.27681226e-03]), array([ 2.80617016e-01,  1.18367559e+00, -8.79610292e-02, -1.11035584e-01,
        2.10613869e-01,  2.44672740e+00, -4.38179946e-04, -5.82073471e-02,
        2.09235787e-01, -3.44225225e-02,  2.43656707e-01, -4.31065114e-03]), array([ 2.80611563e-01,  1.18336724e+00, -8.69403395e-02, -1.11208039e-01,
        2.11808591e-01,  2.44670568e+00, -1.09059313e-03, -6.16700638e-02,
        2.04137929e-01, -3.44909907e-02,  2.38944416e-01, -4.34531417e-03]), array([ 2.80602735e-01,  1.18304122e+00, -8.59450129e-02, -1.11380836e-01,
        2.12980231e-01,  2.44668377e+00, -1.76569185e-03, -6.52050179e-02,
        1.99065326e-01, -3.45594083e-02,  2.34328074e-01, -4.38074985e-03]), array([ 0.28059043,  1.1826972 , -0.08497489, -0.11155398,  0.21412928,
        2.44666169, -0.00246043, -0.06880386,  0.19402401, -0.03462805,
        0.22981014, -0.00441691]), array([ 0.28328692,  1.18414293, -0.08268207, -0.10713049,  0.21404065,
        2.45625917,  0.53929661,  0.28914647,  0.45856383,  0.88469722,
       -0.01772626,  1.91949673]), array([ 0.28806051,  1.18117096, -0.07799203, -0.10541705,  0.22140763,
        2.45611765,  0.95471956, -0.59439434,  0.93800931,  0.34268791,
        1.47339625, -0.02830454]), array([ 0.29465249,  1.1813677 , -0.07526497, -0.10815903,  0.22720009,
        2.46687081,  1.31839523,  0.03934733,  0.54541148, -0.54839498,
        1.15849242,  2.15063334]), array([ 0.30201521,  1.17794864, -0.07055321, -0.10519012,  0.23605887,
        2.46644759,  1.4725443 , -0.68381163,  0.94235143,  0.59378045,
        1.77175483, -0.08464508]), array([ 0.30981084,  1.17770615, -0.06749154, -0.09868317,  0.24222169,
        2.47556455,  1.55912661, -0.04849667,  0.61233466,  1.30138989,
        1.23256412,  1.82339148]), array([ 0.31745873,  1.1739371 , -0.06235525, -0.09593021,  0.25122057,
        2.47482267,  1.52957795, -0.75380988,  1.02725777,  0.55059316,
        1.79977619, -0.14837612]), array([ 0.32494395,  1.17343342, -0.05874524, -0.09724538,  0.25762376,
        2.46429221,  1.49704384, -0.10073653,  0.72200169, -0.26303513,
        1.2806371 , -2.10609117]), array([ 0.33261785,  1.16927694, -0.05314273, -0.09450777,  0.26693012,
        2.46398181,  1.53477902, -0.83129555,  1.12050327,  0.54752338,
        1.86127353, -0.06208068]), array([ 0.34004634,  1.16839788, -0.04907458, -0.0958667 ,  0.27362893,
        2.45385635,  1.48569772, -0.17581225,  0.81362822, -0.27178659,
        1.33976194, -2.0250913 ]), array([ 0.34769385,  1.16384303, -0.0429838 , -0.09315915,  0.28332837,
        2.4539345 ,  1.52950253, -0.91097081,  1.21815701,  0.54150968,
        1.9398878 ,  0.015629  ]), array([ 0.35542123,  1.16248051, -0.03841363, -0.08585787,  0.29049593,
        2.44295337,  1.54547618, -0.27250413,  0.91403315,  1.46025559,
        1.43351133, -2.19622484]), array([ 0.36304703,  1.15746521, -0.03169491, -0.08355513,  0.30075316,
        2.44348436,  1.52515923, -1.00305877,  1.34374454,  0.4605481 ,
        2.05144583,  0.10619804]), array([ 0.37073967,  1.15555716, -0.02626929, -0.07666763,  0.30855205,
        2.43293312,  1.53852846, -0.38161045,  1.08512445,  1.37750119,
        1.55977789, -2.11024779]), array([ 0.37828296,  1.15096215, -0.02019378, -0.0747741 ,  0.31679565,
        2.43391632,  1.50865796, -0.9190018 ,  1.21510107,  0.37870587,
        1.64872085,  0.19664005]), array([ 0.38589198,  1.14135795, -0.00903351, -0.06786045,  0.33025154,
        2.42402554,  1.52180329, -1.92084027,  2.23205372,  1.38272988,
        2.69117858, -1.97815662]), array([ 3.93237140e-01,  1.13501881e+00,  4.71024966e-04, -6.64188099e-02,
        3.41573165e-01,  2.42526883e+00,  1.46903290e+00, -1.26782781e+00,
        1.90090795e+00,  2.88327708e-01,  2.26432423e+00,  2.48657928e-01]), array([ 0.40081664,  1.12522604,  0.01185862, -0.05986815,  0.35579396,
        2.41571548,  1.51589947, -1.95855399,  2.27751869,  1.31013268,
        2.84415941, -1.91066997]), array([ 0.40812111,  1.11877286,  0.02147437, -0.05873175,  0.36771419,
        2.41727603,  1.4608948 , -1.29063567,  1.92315117,  0.22727979,
        2.38404507,  0.31211069]), array([ 0.41574097,  1.10954282,  0.03206288, -0.05248416,  0.38029848,
        2.40807224,  1.52397129, -1.84600964,  2.11770109,  1.24951674,
        2.51685919, -1.84075763]), array([ 0.42290851,  1.09576202,  0.04703793, -0.0513011 ,  0.39728414,
        2.41017927,  1.43350753, -2.75615959,  2.99500984,  0.23661285,
        3.39713169,  0.42140433]), array([ 0.4275451 ,  1.0805124 ,  0.0600327 , -0.04693982,  0.41414772,
        2.40152409,  0.92731937, -3.04992422,  2.59895424,  0.87225601,
        3.37271575, -1.73103429]), array([ 0.43147792,  1.06940457,  0.07218631, -0.04008068,  0.42139726,
        2.40281455,  0.78656343, -2.22156575,  2.43072226,  1.37182849,
        1.44990815,  0.25809175]), array([ 0.43454752,  1.05494121,  0.08613901, -0.03732648,  0.43190896,
        2.39449393,  0.61391975, -2.89267096,  2.79054061,  0.55083893,
        2.10233943, -1.66412478]), array([ 0.4371131 ,  1.04309868,  0.09974402, -0.03978264,  0.44192773,
        2.3971325 ,  0.51311703, -2.36850591,  2.72100204, -0.49123128,
        2.00375423,  0.52771453]), array([ 0.44013997,  1.03519193,  0.11021876, -0.0384921 ,  0.44875732,
        2.40920994,  0.60537316, -1.58135166,  2.09494644,  0.25810784,
        1.36591889,  2.41548699]), array([ 0.44357525,  1.02399531,  0.12284154, -0.0321557 ,  0.45682248,
        2.41008228,  0.68705661, -2.23932334,  2.52455685,  1.26727927,
        1.61303127,  0.17446765]), array([ 0.44660548,  1.00873126,  0.14047603, -0.02893179,  0.46822864,
        2.40317432,  0.60604591, -3.05280947,  3.52689788,  0.64478342,
        2.2812319 , -1.3815916 ]), array([ 0.44950063,  0.99400337,  0.15718391, -0.0259166 ,  0.47904188,
        2.39655717,  0.57903019, -2.94557843,  3.34157643,  0.60303813,
        2.16264828, -1.32343015]), array([ 0.45214149,  0.97871024,  0.17428592, -0.02405043,  0.49026358,
        2.39238079,  0.5281722 , -3.05862558,  3.42040161,  0.37323252,
        2.24433989, -0.83527581]), array([ 0.45500025,  0.9666136 ,  0.18996111, -0.01774881,  0.50015785,
        2.37737786,  0.57175114, -2.41932874,  3.13503812,  1.26032438,
        1.97885433, -3.00058584]), array([ 0.45748327,  0.95100438,  0.20785372, -0.01626446,  0.51290483,
        2.37391702,  0.49660402, -3.12184322,  3.57852212,  0.29687027,
        2.54939539, -0.69216701]), array([ 0.46086986,  0.93938503,  0.22268374, -0.01092294,  0.52254149,
        2.38017911,  0.67731782, -2.32387011,  2.96600374,  1.06830393,
        1.92733161,  1.25241661]), array([ 4.67069073e-01,  9.26210727e-01,  2.35415151e-01,  1.85563944e-03,
        5.32555326e-01,  2.37591631e+00,  1.23984294e+00, -2.63486094e+00,
        2.54628206e+00,  2.55571590e+00,  2.00276776e+00, -8.52559404e-01]), array([ 0.47288189,  0.91354356,  0.24718912,  0.01419139,  0.54051367,
        2.37167345,  1.16256412, -2.53343293,  2.354793  ,  2.46715055,
        1.59166896, -0.84857233]), array([ 0.47806716,  0.90138729,  0.25836767,  0.02680159,  0.54833115,
        2.36767686,  1.0370536 , -2.43125531,  2.23571182,  2.52204026,
        1.56349582, -0.79931833]), array([ 0.48294113,  0.8897547 ,  0.26885883,  0.0389835 ,  0.55515366,
        2.36387399,  0.97479426, -2.32651719,  2.09823016,  2.43638053,
        1.36450188, -0.76057329]), array([ 0.48759204,  0.87863844,  0.27870019,  0.05058722,  0.56099914,
        2.36027939,  0.93018167, -2.22325197,  1.96827365,  2.32074459,
        1.16909546, -0.71892011]), array([ 0.49207102,  0.86802936,  0.28794298,  0.06154207,  0.565983  ,
        2.35689442,  0.8957958 , -2.12181515,  1.84855729,  2.19097002,
        0.99677326, -0.67699426]), array([ 0.49642053,  0.85791788,  0.29663206,  0.07179469,  0.5701922 ,
        2.3537182 ,  0.8699014 , -2.02229764,  1.73781562,  2.05052475,
        0.84183924, -0.63524336]), array([ 0.50067546,  0.84829398,  0.30480713,  0.08130711,  0.57369299,
        2.35074788,  0.85098575, -1.92477993,  1.63501526,  1.90248388,
        0.70015788, -0.59406377]), array([ 0.50486414,  0.83914733,  0.31250365,  0.0900548 ,  0.57653678,
        2.3479789 ,  0.8377372 , -1.82932922,  1.53930214,  1.74953823,
        0.56875912, -0.55379667]), array([ 0.50900927,  0.83046734,  0.31975345,  0.09802487,  0.57876446,
        2.34540526,  0.82902505, -1.73599835,  1.44996156,  1.59401244,
        0.44553579, -0.51472754]), array([ 0.51312867,  0.82224321,  0.32658539,  0.10521431,  0.58040953,
        2.34301982,  0.82388057, -1.64482578,  1.36638816,  1.43788899,
        0.32901316, -0.47708802]), array([ 0.51723607,  0.81446403,  0.33302571,  0.11162849,  0.5815004 ,
        2.34081452,  0.82147918, -1.55583633,  1.28806328,  1.28283586,
        0.21817428, -0.44105938]), array([ 0.52134169,  0.80711882,  0.3390984 ,  0.11727967,  0.58206205,
        2.33878064,  0.82112383, -1.46904237,  1.21453762,  1.13023582,
        0.11232893, -0.40677689]), array([ 0.52545283,  0.80019659,  0.34482549,  0.12218575,  0.58211712,
        2.33690897,  0.8222296 , -1.38444531,  1.1454182 ,  0.98121609,
        0.01101587, -0.37433474]), array([ 0.52957438,  0.7936864 ,  0.35022728,  0.12636914,  0.58168678,
        2.33519001,  0.82430957, -1.30203713,  1.08035811,  0.83667744,
       -0.08606911, -0.34379112]), array([ 0.53370919,  0.78757739,  0.35532252,  0.12985575,  0.58079115,
        2.33361414,  0.82696197, -1.22180197,  1.01904872,  0.69732195,
       -0.17912547, -0.3151732 ]), array([ 0.53785848,  0.78185881,  0.36012859,  0.13267414,  0.57944972,
        2.33217173,  0.82985861, -1.14371765,  0.96121343,  0.56367918,
       -0.26828548, -0.28848192]), array([ 0.54202216,  0.77652002,  0.3646616 ,  0.13485479,  0.57768152,
        2.33085325,  0.83273447, -1.06775708,  0.90660277,  0.43613018,
       -0.3536405 , -0.26369645]), array([ 0.54619905,  0.77155057,  0.36893656,  0.13642944,  0.57550523,
        2.32964936,  0.8353785 , -0.99388949,  0.8549905 ,  0.31492958,
       -0.43525914, -0.2407782 ]), array([ 0.55038718,  0.76694016,  0.37296741,  0.13743057,  0.57293923,
        2.32855099,  0.83762547, -0.92208157,  0.80617035,  0.20022534,
       -0.51319922, -0.21967445]), array([ 0.55458392,  0.76267867,  0.37676718,  0.13789095,  0.57000165,
        2.32754938,  0.83934881, -0.85229839,  0.75995344,  0.09207644,
       -0.58751545, -0.20032154]), array([ 0.55878619,  0.75875615,  0.38034801,  0.13784329,  0.56671033,
        2.32663614,  0.84045434, -0.78450419,  0.71616613, -0.00953147,
       -0.65826398, -0.18264765]), array([ 0.56299057,  0.75516284,  0.38372125,  0.13731993,  0.56308281,
        2.32580327,  0.84087488, -0.71866306,  0.6746482 , -0.10467242,
       -0.72550477, -0.16657516]), array([ 0.56719339,  0.75188914,  0.3868975 ,  0.13635259,  0.5591363 ,
        2.32504315,  0.8405655 , -0.65473939,  0.63525139, -0.19346821,
       -0.78930254, -0.15202266]), array([ 0.57139089,  0.74892565,  0.3898867 ,  0.1349722 ,  0.55488766,
        2.32434862,  0.83949953, -0.59269833,  0.59783809, -0.27607816,
       -0.84972681, -0.13890669]), array([ 0.57557922,  0.74626312,  0.3926981 ,  0.13320875,  0.55035341,
        2.32371291,  0.837665  , -0.53250601,  0.5622803 , -0.35269033,
       -0.9068513 , -0.12714304]), array([ 0.57975453,  0.74389247,  0.39534039,  0.13109118,  0.54554964,
        2.32312967,  0.83506177, -0.47412984,  0.52845873, -0.42351413,
       -0.96075308, -0.11664797]), array([ 0.58391302,  0.74180478,  0.3978217 ,  0.12864731,  0.54049208,
        2.32259297,  0.83169895, -0.41753852,  0.49626199, -0.48877401,
       -1.01151158, -0.10733906]), array([ 0.58805098,  0.73999127,  0.40014963,  0.12590379,  0.53519604,
        2.32209729,  0.82759275, -0.36270222,  0.46558595, -0.54870426,
       -1.05920759, -0.09913596]), array([ 0.59216481,  0.7384433 ,  0.4023313 ,  0.12288606,  0.52967643,
        2.32163749,  0.82276474, -0.30959253,  0.43633317, -0.60354469,
       -1.10392227, -0.09196091]), array([ 0.59625101,  0.73715239,  0.40437336,  0.11961838,  0.52394775,
        2.32120879,  0.81724029, -0.25818247,  0.40841241, -0.65353709,
       -1.14573639, -0.08573914]), array([ 0.60030625,  0.73611016,  0.40628205,  0.11612376,  0.5180241 ,
        2.32080679,  0.81104733, -0.20844642,  0.38173817, -0.69892239,
       -1.18472951, -0.08039917]), array([ 0.60432732,  0.73530836,  0.4080632 ,  0.11242407,  0.51191921,
        2.32042743,  0.80421531, -0.16036006,  0.35623036, -0.73993834,
       -1.2209795 , -0.07587302]), array([ 0.60831119,  0.73473886,  0.40972227,  0.10853998,  0.5056464 ,
        2.32006695,  0.79677435, -0.11390028,  0.33181396, -0.77681776,
       -1.25456202, -0.07209624]), array([ 0.61225497,  0.73439363,  0.41126436,  0.10449105,  0.49921864,
        2.31972191,  0.78875452, -0.06904506,  0.30841873, -0.80978715,
       -1.28555025, -0.06900804]), array([ 0.61615589,  0.73426476,  0.41269426,  0.10029572,  0.49264857,
        2.31938915,  0.78018532, -0.02577337,  0.28597895, -0.8390657 ,
       -1.31401462, -0.06655121]), array([ 0.62001137,  0.73434444,  0.41401642,  0.0959714 ,  0.48594846,
        2.31906579,  0.77109519,  0.01593494,  0.26443319, -0.8648645 ,
       -1.34002272, -0.06467211]), array([ 0.62381893,  0.73462494,  0.41523505,  0.09153447,  0.47913026,
        2.31874919,  0.7615112 ,  0.05609928,  0.24372414, -0.8873861 ,
       -1.36363927, -0.06332053]), array([ 0.62757622,  0.73509863,  0.41635404,  0.08700035,  0.47220563,
        2.31843694,  0.75145878,  0.0947384 ,  0.22379839, -0.90682424,
       -1.38492615, -0.06244963]), array([ 0.63128103,  0.73575798,  0.41737707,  0.08238353,  0.46518592,
        2.31812686,  0.74096152,  0.13187056,  0.20460627, -0.92336367,
       -1.40394245, -0.06201578]), array([ 0.63493123,  0.73659555,  0.41830758,  0.07769763,  0.4580822 ,
        2.31781697,  0.73004106,  0.16751357,  0.1861017 , -0.93718022,
       -1.42074468, -0.0619784 ]), array([ 0.63852482,  0.73760397,  0.41914879,  0.07295542,  0.45090526,
        2.31750547,  0.71871699,  0.20168496,  0.16824204, -0.94844087,
       -1.43538687, -0.06229985]), array([ 0.64205985,  0.73877598,  0.41990373,  0.0681689 ,  0.44366566,
        2.31719074,  0.70700684,  0.23440203,  0.15098794, -0.95730397,
       -1.44792077, -0.06294524]), array([ 0.64553448,  0.74010439,  0.42057524,  0.0633493 ,  0.43637368,
        2.31687133,  0.69492606,  0.26568198,  0.13430324, -0.9639195 ,
       -1.45839611, -0.06388228]), array([ 0.64894692,  0.7415821 ,  0.42116602,  0.05850716,  0.42903937,
        2.31654593,  0.68248805,  0.29554196,  0.11815481, -0.9684294 ,
       -1.46686076, -0.06508109]), array([ 0.65229544,  0.7432021 ,  0.42167858,  0.05365232,  0.42167257,
        2.31621336,  0.66970424,  0.3239992 ,  0.10251244, -0.97096787,
       -1.47336099, -0.0665141 ]), array([ 0.65557836,  0.74495745,  0.42211532,  0.04879401,  0.41428286,
        2.31587258,  0.65658414,  0.35107103,  0.08734873, -0.97166179,
       -1.47794168, -0.06815586]), array([ 0.65879404,  0.74684133,  0.42247852,  0.04394085,  0.40687963,
        2.31552266,  0.64313545,  0.37677497,  0.07263898, -0.97063105,
       -1.48064655, -0.0699829 ]), array([ 0.66194086,  0.74884697,  0.42277032,  0.03910091,  0.39947203,
        2.3151628 ,  0.62936416,  0.40112879,  0.05836102, -0.96798898,
       -1.48151834, -0.07197358]), array([ 0.66501723,  0.75096773,  0.4229928 ,  0.0342817 ,  0.39206904,
        2.31479226,  0.61527467,  0.42415057,  0.04449519, -0.96384274,
       -1.48059905, -0.07410797]), array([ 0.66802158,  0.75319702,  0.42314792,  0.02949023,  0.38467939,
        2.31441042,  0.60086991,  0.44585873,  0.03102412, -0.95829366,
       -1.47793011, -0.0763677 ]), array([ 0.67095234,  0.75552838,  0.42323758,  0.02473304,  0.37731163,
        2.31401674,  0.58615147,  0.46627207,  0.0179327 , -0.95143767,
       -1.47355256, -0.07873587]), array([ 0.67380794,  0.75795543,  0.42326362,  0.02001621,  0.36997409,
        2.31361075,  0.57111975,  0.48540982,  0.00520792, -0.94336562,
       -1.46750718, -0.08119692]), array([ 0.67658681,  0.76047189,  0.42322782,  0.01534539,  0.36267492,
        2.31319207,  0.55577407,  0.50329164, -0.00716122, -0.93416363,
       -1.45983467, -0.08373651]), array([ 0.67928738,  0.76307158,  0.4231319 ,  0.01072583,  0.35542204,
        2.31276036,  0.54011284,  0.51993768, -0.01918386, -0.92391342,
       -1.45057576, -0.08634146]), array([ 0.68190804,  0.76574842,  0.42297756,  0.00616236,  0.34822318,
        2.31231536,  0.52413367,  0.53536854, -0.03086735, -0.91269262,
       -1.4397713 , -0.08899961]), array([ 6.84447211e-01,  7.68496445e-01,  4.22766474e-01,  1.65948680e-03,
        3.41085870e-01,  2.31185687e+00,  5.07833498e-01,  5.49605356e-01,
       -4.22173969e-02, -9.00575045e-01, -1.42746238e+00, -9.16997825e-02]), array([ 0.68690325,  0.77130979,  0.42250028, -0.00277867,  0.33401742,
        2.31138471,  0.49120877,  0.56266973, -0.05323817, -0.88763097,
       -1.41369039, -0.09443169]), array([ 0.68927453,  0.77418271,  0.42218062, -0.0071483 ,  0.32702493,
        2.31089878,  0.4742555 ,  0.57458377, -0.06393243, -0.87392735,
       -1.39849704, -0.09718585]), array([ 0.69155938,  0.77710956,  0.42180911, -0.01144594,  0.32011531,
        2.31039901,  0.45696946,  0.5853701 , -0.07430162, -0.85952804,
       -1.38192447, -0.09995354]), array([ 0.69375611,  0.78008482,  0.42138738, -0.01566841,  0.31329523,
        2.30988538,  0.43934623,  0.59505181, -0.084346  , -0.844494  ,
       -1.3640152 , -0.10272675]), array([ 0.69586302,  0.78310308,  0.42091706, -0.01981283,  0.30657117,
        2.30935789,  0.42138134,  0.60365247, -0.09406476, -0.82888349,
       -1.34481219, -0.1054981 ]), array([ 0.69779945,  0.78600056,  0.42034378, -0.02379025,  0.29989361,
        2.30881797,  0.387286  ,  0.57949471, -0.11465545, -0.79548381,
       -1.33551254, -0.10798292])], 'U_history': [array([ 2.22680667e-03, -1.79577194e-04,  1.58255727e-04, -7.87550069e-05,
       -9.90249891e-05,  5.14803573e-19]), array([0.03951386, 0.07171113, 0.0175159 , 0.0009487 , 0.0097261 ,
       0.00126018]), array([0.0757153 , 0.140863  , 0.03637785, 0.00171177, 0.02140486,
       0.00204546]), array([0.11087112, 0.20749035, 0.05655142, 0.00225669, 0.03444214,
       0.00256558]), array([0.14501928, 0.27178326, 0.07785248, 0.00262584, 0.04846346,
       0.00293595]), array([0.1781974 , 0.33391406, 0.10011064, 0.00285581, 0.06318584,
       0.00322035]), array([0.21044424, 0.39404346, 0.12317303, 0.00297703, 0.07839651,
       0.00345422]), array([0.24180103, 0.45232614, 0.14690718, 0.00301426, 0.09393742,
       0.00365742]), array([0.27231243, 0.5089154 , 0.17120273, 0.00298731, 0.10969362,
       0.00384115]), array([0.30202713, 0.56396666, 0.19597223, 0.00291186, 0.12558453,
       0.00401184]), array([0.33099784, 0.61763962, 0.22115072, 0.0028002 , 0.14155683,
       0.00417321]), array([0.35928084, 0.67009873, 0.24669429, 0.00266189, 0.15757868,
       0.00432749]), array([0.38693518, 0.72151258, 0.27257782, 0.00250435, 0.17363472,
       0.00447603]), array([0.41402166, 0.77205233, 0.2987922 , 0.00233333, 0.18972189,
       0.00461973]), array([0.4406018 , 0.82188972, 0.32534143, 0.00215327, 0.20584593,
       0.00475919]), array([0.46673691, 0.87119519, 0.35223986, 0.00196765, 0.22201869,
       0.00489487]), array([0.49248745, 0.92013631, 0.37950987, 0.00177917, 0.23825599,
       0.00502711]), array([0.51791248, 0.96887647, 0.40717987, 0.00158997, 0.25457616,
       0.00515623]), array([0.54306928, 1.01757406, 0.43528271, 0.00140175, 0.27099898,
       0.00528253]), array([0.56801316, 1.06638183, 0.46385438, 0.00121588, 0.28754486,
       0.00540625]), array([5.95717370e-01, 1.11155257e+00, 4.90178130e-01, 9.23682478e-04,
       3.02564098e-01, 5.52765424e-03]), array([6.20521437e-01, 1.16068834e+00, 5.19613405e-01, 7.46902920e-04,
       3.19454078e-01, 5.63082006e-03]), array([6.45274046e-01, 1.21034612e+00, 5.49631884e-01, 5.73373880e-04,
       3.36494947e-01, 5.73887348e-03]), array([6.70020013e-01, 1.26065319e+00, 5.80272261e-01, 4.04433432e-04,
       3.53713920e-01, 5.84890734e-03]), array([6.94801521e-01, 1.31172957e+00, 6.11572630e-01, 2.41077735e-04,
       3.71134907e-01, 5.95947139e-03]), array([7.19657979e-01, 1.36368770e+00, 6.43569737e-01, 8.40787960e-05,
       3.88778848e-01, 6.06990239e-03]), array([ 7.44625893e-01,  1.41663206e+00,  6.76298302e-01, -6.59455227e-05,
        4.06663925e-01,  6.17996028e-03]), array([ 7.69738734e-01,  1.47065878e+00,  7.09790414e-01, -2.08489833e-04,
        4.24805673e-01,  6.28963043e-03]), array([ 7.95026817e-01,  1.52585530e+00,  7.44074969e-01, -3.43136807e-04,
        4.43217022e-01,  6.39901579e-03]), array([ 8.20517175e-01,  1.58229997e+00,  7.79177167e-01, -4.69543576e-04,
        4.61908302e-01,  6.50827785e-03]), array([ 8.46233455e-01,  1.64006166e+00,  8.15118051e-01, -5.87435117e-04,
        4.80887216e-01,  6.61760385e-03]), array([ 8.72195821e-01,  1.69919948e+00,  8.51914092e-01, -6.96602266e-04,
        5.00158793e-01,  6.72718831e-03]), array([ 8.98420865e-01,  1.75976239e+00,  8.89576813e-01, -7.96902844e-04,
        5.19725342e-01,  6.83722225e-03]), array([ 9.24921538e-01,  1.82178892e+00,  9.28112466e-01, -8.88264902e-04,
        5.39586399e-01,  6.94788651e-03]), array([ 9.51707092e-01,  1.88530688e+00,  9.67521742e-01, -9.70691374e-04,
        5.59738686e-01,  7.05934746e-03]), array([ 9.78783046e-01,  1.95033313e+00,  1.00779953e+00, -1.04426560e-03,
        5.80176069e-01,  7.17175386e-03]), array([ 1.00615116e+00,  2.01687341e+00,  1.04893471e+00, -1.10915730e-03,
        6.00889541e-01,  7.28523453e-03]), array([ 1.03380942e+00,  2.08492215e+00,  1.09091003e+00, -1.16562872e-03,
        6.21867208e-01,  7.39989647e-03]), array([ 1.06175210e+00,  2.15446237e+00,  1.13370195e+00, -1.21404060e-03,
        6.43094295e-01,  7.51582322e-03]), array([ 1.08996972e+00,  2.22546565e+00,  1.17728061e+00, -1.25485769e-03,
        6.64553173e-01,  7.63307354e-03]), array([ 1.12645144e+00,  2.29326019e+00,  1.21834151e+00, -1.51219007e-03,
        6.84457551e-01,  7.75168034e-03]), array([ 1.15532805e+00,  2.36688288e+00,  1.26330637e+00, -1.52955340e-03,
        7.06430480e-01,  7.84008385e-03]), array([ 1.18442776e+00,  2.44182412e+00,  1.30893776e+00, -1.54486206e-03,
        7.28531455e-01,  7.94401092e-03]), array([ 1.21372631e+00,  2.51800989e+00,  1.35517921e+00, -1.55777010e-03,
        7.50741341e-01,  8.05687144e-03]), array([ 1.24319627e+00,  2.59535556e+00,  1.40196882e+00, -1.56853699e-03,
        7.73036108e-01,  8.17505616e-03]), array([ 1.27280721e+00,  2.67376614e+00,  1.44923937e+00, -1.57782894e-03,
        7.95387607e-01,  8.29655780e-03]), array([ 1.30252582e+00,  2.75313663e+00,  1.49691838e+00, -1.58660299e-03,
        8.17764186e-01,  8.42022318e-03]), array([ 1.33231615e+00,  2.83335244e+00,  1.54492837e+00, -1.59603709e-03,
        8.40131197e-01,  8.54534810e-03]), array([ 1.36213976e+00,  2.91428981e+00,  1.59318710e+00, -1.60748548e-03,
        8.62451430e-01,  8.67145842e-03]), array([ 1.39195595e+00,  2.99581640e+00,  1.64160786e+00, -1.62244797e-03,
        8.84685494e-01,  8.79819205e-03]), array([ 1.42172202e+00,  3.07779185e+00,  1.69009991e+00, -1.64254674e-03,
        9.06792158e-01,  8.92523598e-03]), array([ 1.45139348e+00,  3.16006844e+00,  1.73856881e+00, -1.66950690e-03,
        9.28728674e-01,  9.05229303e-03]), array([ 1.48092434e+00,  3.24249180e+00,  1.78691688e+00, -1.70513899e-03,
        9.50451076e-01,  9.17906489e-03]), array([ 1.51026736e+00,  3.32490166e+00,  1.83504372e+00, -1.75132202e-03,
        9.71914473e-01,  9.30524398e-03]), array([ 1.53937432e+00,  3.40713260e+00,  1.88284664e+00, -1.80998667e-03,
        9.93073333e-01,  9.43051018e-03]), array([ 1.56819631e+00,  3.48901493e+00,  1.93022121e+00, -1.88309809e-03,
        1.01388176e+00,  9.55453027e-03]), array([ 1.59668401e+00,  3.57037550e+00,  1.97706179e+00, -1.97263841e-03,
        1.03429376e+00,  9.67695880e-03]), array([ 1.62478795e+00,  3.65103861e+00,  2.02326207e+00, -2.08058884e-03,
        1.05426354e+00,  9.79743989e-03]), array([ 1.65245883e+00,  3.73082688e+00,  2.06871565e+00, -2.20891140e-03,
        1.07374571e+00,  9.91560947e-03]), array([ 1.67964776e+00,  3.80956216e+00,  2.11331654e+00, -2.35953051e-03,
        1.09269560e+00,  1.00310979e-02]), array([ 1.68044140e+00,  3.91782819e+00,  2.17859860e+00, -1.85381259e-03,
        1.12402337e+00,  1.01435325e-02]), array([ 1.70655516e+00,  3.99435737e+00,  2.22116692e+00, -2.06864170e-03,
        1.14057598e+00,  1.03967741e-02]), array([ 1.73204816e+00,  4.06920277e+00,  2.26249689e+00, -2.30320660e-03,
        1.15674821e+00,  1.05790188e-02]), array([ 1.75687821e+00,  4.14220096e+00,  2.30250645e+00, -2.56332795e-03,
        1.17242499e+00,  1.07206107e-02]), array([ 1.78100418e+00,  4.21319031e+00,  2.34111173e+00, -2.85275898e-03,
        1.18751296e+00,  1.08378203e-02]), array([ 1.80438635e+00,  4.28201234e+00,  2.37822897e+00, -3.17403594e-03,
        1.20193546e+00,  1.09392962e-02]), array([ 1.82698674e+00,  4.34851290e+00,  2.41377596e+00, -3.52894497e-03,
        1.21562887e+00,  1.10295665e-02]), array([ 1.84876936e+00,  4.41254324e+00,  2.44767319e+00, -3.91877735e-03,
        1.22853998e+00,  1.11109393e-02]), array([ 1.86970042e+00,  4.47396094e+00,  2.47984486e+00, -4.34446769e-03,
        1.24062407e+00,  1.11845328e-02]), array([ 1.88974855,  4.53263077,  2.51021959, -0.00480667,  1.25184348,
        0.01125084]), array([ 1.90888489,  4.58842542,  2.53873104, -0.00530579,  1.26216663,
        0.01131001]), array([ 1.92708329,  4.6412262 ,  2.56531848, -0.005842  ,  1.2715673 ,
        0.01136205]), array([ 1.94432036,  4.69092356,  2.58992711, -0.00641529,  1.28002405,
        0.01140689]), array([ 1.96057556,  4.73741771,  2.61250845, -0.00702541,  1.28751988,
        0.01144442]), array([ 1.97583125,  4.78061893,  2.63302061, -0.0076719 ,  1.29404194,
        0.01147456]), array([ 1.99007274,  4.82044803,  2.65142841, -0.00835413,  1.29958125,
        0.01149722]), array([ 2.0032883 ,  4.8568366 ,  2.66770359, -0.00907125,  1.30413261,
        0.01151236]), array([ 2.01546915,  4.88972725,  2.68182489, -0.00982221,  1.30769438,
        0.01151995]), array([ 2.02660943,  4.91907373,  2.69377806, -0.01060579,  1.3102684 ,
        0.01152   ]), array([ 2.03670618,  4.94484109,  2.70355585, -0.0114206 ,  1.31185987,
        0.01151256]), array([ 2.04575927,  4.96700562,  2.71115804, -0.01226506,  1.31247719,
        0.01149769]), array([ 2.05377136,  4.98555488,  2.71659125, -0.01313746,  1.31213191,
        0.01147551]), array([ 2.0607478 ,  5.00048759,  2.7198689 , -0.01403593,  1.31083855,
        0.01144615]), array([ 2.06669655,  5.01181346,  2.72101103, -0.01495849,  1.30861451,
        0.01140979]), array([ 2.07162809,  5.01955298,  2.7200441 , -0.01590304,  1.30547992,
        0.01136662]), array([ 2.07555528,  5.02373721,  2.71700079, -0.01686737,  1.3014575 ,
        0.01131687]), array([ 2.07849328,  5.02440741,  2.71191977, -0.01784921,  1.29657244,
        0.0112608 ]), array([ 2.08045945,  5.02161473,  2.7048454 , -0.01884623,  1.29085219,
        0.01119869]), array([ 2.08147315,  5.01541982,  2.69582747, -0.01985602,  1.28432635,
        0.01113084]), array([ 2.08155568,  5.00589237,  2.68492086, -0.02087619,  1.27702649,
        0.01105756]), array([ 2.08073013,  4.9931107 ,  2.67218525, -0.02190428,  1.26898596,
        0.01097921]), array([ 2.07902124,  4.9771612 ,  2.65768476, -0.02293789,  1.26023973,
        0.01089614]), array([ 2.07645527,  4.95813789,  2.64148758, -0.02397458,  1.25082422,
        0.01080872]), array([ 2.07305985,  4.93614181,  2.62366565, -0.025012  ,  1.24077709,
        0.01071733]), array([ 2.06886388,  4.91128049,  2.60429422, -0.02604779,  1.2301371 ,
        0.01062237]), array([ 2.06389739,  4.8836674 ,  2.58345154, -0.02707971,  1.21894389,
        0.01052424]), array([ 2.05819136,  4.85342133,  2.56121845, -0.02810554,  1.20723781,
        0.01042334]), array([ 2.05177768,  4.82066582,  2.53767796, -0.02912317,  1.19505978,
        0.01032009]), array([ 2.04468894,  4.78552855,  2.51291496, -0.03013059,  1.18245105,
        0.01021488]), array([ 2.03695836,  4.74814076,  2.48701574, -0.03112586,  1.16945309,
        0.01010813]), array([ 2.02861965,  4.70863666,  2.4600677 , -0.03210719,  1.15610737,
        0.01000025]), array([ 2.0197069 ,  4.66715281,  2.43215893, -0.03307289,  1.14245524,
        0.00989162]), array([ 2.01025447,  4.6238276 ,  2.40337788, -0.03402138,  1.12853778,
        0.00978264]), array([ 2.00029688,  4.57880064,  2.37381302, -0.03495123,  1.11439561,
        0.0096737 ]), array([ 1.98986872,  4.53221223,  2.34355247, -0.03586111,  1.10006879,
        0.00956517]), array([ 1.97900452,  4.48420284,  2.31268374, -0.03674987,  1.08559665,
        0.0094574 ]), array([ 1.9677387 ,  4.43491256,  2.28129336, -0.03761644,  1.07101772,
        0.00935075]), array([ 1.95610544,  4.38448064,  2.24946665, -0.03845992,  1.05636957,
        0.00924554]), array([ 1.94413864,  4.33304501,  2.21728739, -0.03927952,  1.04168872,
        0.0091421 ]), array([ 1.93187177,  4.28074184,  2.18483762, -0.0400746 ,  1.02701056,
        0.00904073]), array([ 1.91933788,  4.22770514,  2.15219737, -0.04084463,  1.01236922,
        0.00894172]), array([ 1.90656946,  4.17406631,  2.11944447, -0.04158922,  0.99779756,
        0.00884534]), array([ 1.89359843,  4.11995387,  2.08665432, -0.0423081 ,  0.98332702,
        0.00875183]), array([ 1.88045603,  4.06549303,  2.05389974, -0.04300109,  0.96898765,
        0.00866143]), array([ 1.86717277,  4.01080548,  2.0212508 , -0.04366816,  0.95480798,
        0.00857435]), array([ 1.85377844,  3.95600902,  1.98877469, -0.04430936,  0.94081506,
        0.0084908 ]), array([ 1.84030196,  3.90121741,  1.95653559, -0.04492485,  0.92703435,
        0.00841095]), array([ 1.82677144,  3.84654008,  1.92459458, -0.04551487,  0.91348976,
        0.00833496]), array([ 1.81321404,  3.79208199,  1.89300958, -0.04607978,  0.90020362,
        0.00826297]), array([ 1.79965603,  3.73794346,  1.86183523, -0.04661998,  0.88719666,
        0.00819512]), array([ 1.78612271,  3.68422003,  1.83112293, -0.04713598,  0.87448803,
        0.0081315 ]), array([ 1.77263837,  3.63100236,  1.80092074, -0.04762832,  0.8620953 ,
        0.00807221]), array([ 1.75922632,  3.57837619,  1.7712734 , -0.04809765,  0.85003447,
        0.00801732]), array([ 1.7459088 ,  3.52642225,  1.74222236, -0.04854462,  0.83832003,
        0.0079669 ]), array([ 1.73270706,  3.47521624,  1.71380574, -0.04896997,  0.82696492,
        0.00792098]), array([ 1.71964125,  3.42482885,  1.68605842, -0.04937447,  0.81598065,
        0.00787959]), array([ 1.70673048,  3.37532576,  1.65901207, -0.0497589 ,  0.80537727,
        0.00784276]), array([ 1.6939928 ,  3.32676768,  1.63269521, -0.05012412,  0.79516342,
        0.00781047]), array([ 1.68144519,  3.27921042,  1.60713324, -0.05047096,  0.78534641,
        0.00778272]), array([ 1.66910357,  3.23270496,  1.58234859, -0.05080031,  0.77593225,
        0.0077595 ]), array([ 1.6569828 ,  3.18729754,  1.55836076, -0.05111304,  0.7669257 ,
        0.00774075]), array([ 1.64509671,  3.14302976,  1.53518641, -0.05141005,  0.75833032,
        0.00772645]), array([ 1.63345808,  3.09993872,  1.5128395 , -0.05169224,  0.75014853,
        0.00771653]), array([ 1.62207869,  3.05805712,  1.49133136, -0.05196049,  0.74238169,
        0.00771094]), array([ 1.61096928,  3.01741342,  1.47067081, -0.05221571,  0.73503011,
        0.0077096 ]), array([ 1.60013966,  2.97803202,  1.45086428, -0.05245877,  0.72809313,
        0.00771243]), array([ 1.58959863,  2.93993332,  1.43191594, -0.05269054,  0.72156922,
        0.00771936]), array([ 1.57935407,  2.90313401,  1.41382779, -0.05291188,  0.71545597,
        0.00773029]), array([ 1.56941294,  2.86764712,  1.39659981, -0.05312361,  0.70975019,
        0.00774513]), array([ 1.55978131,  2.83348228,  1.38023007, -0.05332656,  0.70444794,
        0.00776377]), array([ 1.55046439,  2.80064582,  1.36471482, -0.05352152,  0.69954464,
        0.00778611]), array([ 1.54146655,  2.76914101,  1.35004868, -0.05370925,  0.69503504,
        0.00781205]), array([ 1.53279135,  2.73896818,  1.33622469, -0.05389049,  0.69091336,
        0.00784146]), array([ 1.52444157,  2.71012492,  1.32323444, -0.05406596,  0.68717328,
        0.00787425]), array([ 1.51641926,  2.68260626,  1.31106824, -0.05423634,  0.683808  ,
        0.00791029]), array([ 1.50872574,  2.65640481,  1.29971514, -0.05440229,  0.68081033,
        0.00794946]), array([ 1.50136164,  2.63151095,  1.2891631 , -0.05456443,  0.67817268,
        0.00799165]), array([ 1.49432696,  2.60791297,  1.27939909, -0.05472335,  0.67588714,
        0.00803674]), array([ 1.48762104,  2.58559727,  1.27040915, -0.05487962,  0.67394551,
        0.00808461]), array([ 1.48124266,  2.56454847,  1.26217852, -0.05503376,  0.67233932,
        0.00813514]), array([ 1.47519004,  2.54474956,  1.25469173, -0.05518628,  0.67105992,
        0.00818822]), array([ 1.46946084,  2.52618209,  1.24793268, -0.05533764,  0.67009845,
        0.00824372]), array([ 1.46405225,  2.50882624,  1.24188469, -0.05548828,  0.66944593,
        0.00830154]), array([ 1.45896098,  2.49266103,  1.23653064, -0.0556386 ,  0.66909324,
        0.00836155]), array([ 1.45418329,  2.47766435,  1.23185299, -0.05578899,  0.66903118,
        0.00842364]), array([ 1.44971505,  2.46381317,  1.22783387, -0.05593978,  0.6692505 ,
        0.0084877 ]), array([ 1.44555172,  2.45108359,  1.22445516, -0.0560913 ,  0.66974191,
        0.00855362]), array([ 1.44168842,  2.43945097,  1.2216985 , -0.05624383,  0.67049609,
        0.0086213 ]), array([ 1.43811993,  2.42889003,  1.21954539, -0.05639765,  0.67150374,
        0.00869063]), array([ 1.43484073,  2.41937496,  1.21797723, -0.05655298,  0.67275558,
        0.0087615 ]), array([60., 60., 30., 10., 10., 10.]), array([ 60.        , -60.        ,   2.26357238, -10.        ,
        10.        , -10.        ]), array([ 49.19216575,  60.        ,   9.25050961, -10.        ,
         5.87424661,  10.        ]), array([ 2.02851648e+01, -6.00000000e+01, -4.88661289e+00,  1.00000000e+01,
       -8.54724673e-03, -1.00000000e+01]), array([ 8.46875783, 60.        , 10.29799535, 10.        ,  3.14579569,
       10.        ]), array([  7.83411709, -60.        ,  -4.77110286, -10.        ,
        -0.42961117, -10.        ]), array([  5.33157748,  60.        ,  10.64142763, -10.        ,
         3.39223354, -10.        ]), array([  4.90596792, -60.        ,  -4.29166066,  10.        ,
        -0.25405524,  10.        ]), array([  3.63940163,  60.        ,  10.7288298 , -10.        ,
         3.36646319, -10.        ]), array([  5.49309606, -60.        ,  -3.77550658,  10.        ,
         0.09937816,  10.        ]), array([  1.21612964,  60.        ,  11.40644145,  10.        ,
         3.42191189, -10.        ]), array([  8.43001345, -60.        ,  -2.97116187, -10.        ,
         0.70625153,  10.        ]), array([  0.7716144 ,  60.        ,  13.13931853,  10.        ,
         3.88948992, -10.        ]), array([  6.6459295 , -60.        , -15.33531282, -10.        ,
        -6.48452024,  10.        ]), array([  2.81514193, -60.        ,  19.18445912,  10.        ,
         8.59379306, -10.        ]), array([  3.33513659,  60.        ,  12.83364354, -10.        ,
         4.99117946,  10.        ]), array([  5.27740533, -60.        ,  -3.01084576,  10.        ,
         0.45864492, -10.        ]), array([  3.57814284,  60.        ,  11.9756872 , -10.        ,
         4.53327385,  10.        ]), array([  6.01084288, -60.        , -11.32484205,  10.        ,
        -5.17795891, -10.        ]), array([  1.46543955, -60.        ,  15.82272728, -10.        ,
         7.39701   ,  10.        ]), array([-60.        , -60.        , -29.05584869,  10.        ,
       -10.        , -10.        ]), array([-21.11789969,  60.        ,  10.6269425 ,  10.        ,
       -10.        ,  10.        ]), array([ -8.44305333, -60.        ,  -1.68896836, -10.        ,
         1.67237385, -10.        ]), array([ -1.10575326,  60.        ,  24.56202042, -10.        ,
        10.        ,  10.        ]), array([ 5.7091973 , 60.        ,  3.10110092, 10.        ,  0.46684685,
       10.        ]), array([  5.24472606, -60.        ,  -2.21264749,  10.        ,
        -2.35675359, -10.        ]), array([  0.75751246, -48.        ,  24.        ,  -8.        ,
         8.        ,  -8.        ]), array([ 0., -0.,  0., -0.,  0., -0.]), array([ -0.96135573, -12.        ,   5.28879348,  -2.        ,
         2.        ,   2.        ]), array([  0.08397591,  60.        ,  17.02116779,  10.        ,
         6.40776634, -10.        ]), array([  2.91577447, -60.        ,   2.72030366, -10.        ,
         2.61317779,  10.        ]), array([14.43068467, 60.        ,  4.77729366, 10.        ,  0.74528993,
       10.        ]), array([ 60.        , -60.        , -30.        ,  10.        ,
        -9.82039356, -10.        ]), array([-7.42610248e+00, -1.53913862e+00, -2.22298283e+00,  1.91515622e+00,
       -2.23776306e+00, -1.32043630e-15]), array([-5.43499402e+00,  1.15939619e+00, -2.61058707e-01,  1.42242868e+00,
       -9.05928091e-01, -9.37510850e-16]), array([-2.29667239e+00,  7.77852613e-01, -6.29848971e-01,  6.11200241e-01,
       -1.21083233e+00, -7.24350341e-16]), array([-5.07295861e-01,  1.65583545e+00, -2.87148860e-02,  1.28849210e-01,
       -8.52588416e-01, -4.84705789e-17]), array([ 8.84508603e-01,  2.50725899e+00,  5.62307098e-01, -2.62113783e-01,
       -5.06574183e-01,  1.26440379e-16]), array([ 2.02999976e+00,  3.18084436e+00,  1.02579544e+00, -5.94831156e-01,
       -2.51339971e-01,  1.45110508e-15]), array([ 2.96252659e+00,  3.71714744e+00,  1.39147898e+00, -8.74127671e-01,
       -6.31983497e-02,  7.21266215e-18]), array([ 3.71157984e+00,  4.14666371e+00,  1.68173861e+00, -1.10504672e+00,
        7.57466167e-02, -1.86935118e-16]), array([ 4.30323467e+00,  4.49242607e+00,  1.91345024e+00, -1.29263415e+00,
        1.78928403e-01, -2.66901723e-16]), array([ 4.76051958e+00,  4.77193206e+00,  2.09937211e+00, -1.44179209e+00,
        2.56356177e-01,  3.61184572e-16]), array([ 5.10372973e+00,  4.99856935e+00,  2.24918581e+00, -1.55718212e+00,
        3.15424325e-01,  1.17858837e-15]), array([ 5.35069917e+00,  5.18266704e+00,  2.37027492e+00, -1.64316389e+00,
        3.61542121e-01, -5.73092520e-17]), array([ 5.51704298e+00,  5.33226902e+00,  2.46830563e+00, -1.70375952e+00,
        3.98621862e-01,  9.65738870e-16]), array([ 5.61637680e+00,  5.45370183e+00,  2.54765838e+00, -1.74263671e+00,
        4.29455737e-01,  1.74787932e-15]), array([ 5.66051850e+00,  5.55199119e+00,  2.61174796e+00, -1.76310583e+00,
        4.56005331e-01,  7.86896295e-16]), array([ 5.65967502e+00,  5.63116776e+00,  2.66326064e+00, -1.76812704e+00,
        4.79622727e-01,  1.29455182e-15]), array([ 5.62261578e+00,  5.69449228e+00,  2.70432957e+00, -1.76032461e+00,
        5.01218218e-01,  4.78183496e-16]), array([ 5.55683345e+00,  5.74462207e+00,  2.73666471e+00, -1.74200615e+00,
        5.21386544e-01,  3.64509288e-16]), array([ 5.46869245e+00,  5.78373525e+00,  2.76164923e+00, -1.71518507e+00,
        5.40501055e-01,  1.58257518e-15]), array([ 5.36356526e+00,  5.81362434e+00,  2.78041138e+00, -1.68160473e+00,
        5.58783242e-01,  1.18890011e-15]), array([ 5.24595686e+00,  5.83576784e+00,  2.79387838e+00, -1.64276327e+00,
        5.76353452e-01,  1.67970692e-15]), array([ 5.11961741e+00,  5.85138581e+00,  2.80281711e+00, -1.59993836e+00,
        5.93267373e-01,  8.75629373e-16]), array([ 4.98764356e+00,  5.86148381e+00,  2.80786527e+00, -1.55421108e+00,
        6.09541818e-01, -6.90539127e-16]), array([ 4.85256909e+00,  5.86688830e+00,  2.80955543e+00, -1.50648870e+00,
        6.25172569e-01,  4.72976652e-16]), array([ 4.71644524e+00,  5.86827556e+00,  2.80833388e+00, -1.45752590e+00,
        6.40146373e-01,  1.94977005e-15]), array([ 4.58091163e+00,  5.86619585e+00,  2.80457572e+00, -1.40794437e+00,
        6.54448700e-01, -1.88082975e-16]), array([ 4.44725840e+00,  5.86109370e+00,  2.79859688e+00, -1.35825069e+00,
        6.68068484e-01,  5.22684800e-16]), array([ 4.31648045e+00,  5.85332517e+00,  2.79066412e+00, -1.30885237e+00,
        6.81000725e-01,  1.00513886e-15]), array([ 4.18932446e+00,  5.84317271e+00,  2.78100318e+00, -1.26007231e+00,
        6.93247656e-01, -2.87972084e-16]), array([ 4.06632951e+00,  5.83085786e+00,  2.76980567e+00, -1.21216155e+00,
        7.04818940e-01,  1.35810316e-15]), array([ 3.94786202e+00,  5.81655230e+00,  2.75723484e+00, -1.16531047e+00,
        7.15731264e-01,  3.32264382e-16]), array([ 3.83414564e+00,  5.80038726e+00,  2.74343051e+00, -1.11965872e+00,
        7.26007574e-01,  8.53091652e-16]), array([ 3.72528678e+00,  5.78246170e+00,  2.72851322e+00, -1.07530369e+00,
        7.35676131e-01,  1.20357138e-15]), array([ 3.62129629e+00,  5.76284929e+00,  2.71258776e+00, -1.03230799e+00,
        7.44769500e-01,  5.72673507e-16]), array([ 3.52210783e+00,  5.74160435e+00,  2.69574624e+00, -9.90705750e-01,
        7.53323552e-01,  2.16629929e-16]), array([ 3.42759338e+00,  5.71876684e+00,  2.67807061e+00, -9.50508159e-01,
        7.61376532e-01,  1.01498018e-15]), array([ 3.33757639e+00,  5.69436665e+00,  2.65963482e+00, -9.11708062e-01,
        7.68968208e-01, -5.03470294e-16]), array([ 3.25184266e+00,  5.66842711e+00,  2.64050669e+00, -8.74283936e-01,
        7.76139124e-01,  4.49306525e-16]), array([ 3.17014963e+00,  5.64096784e+00,  2.62074937e+00, -8.38203219e-01,
        7.82929960e-01, -3.39865839e-16]), array([ 3.09223406,  5.61200713,  2.60042264, -0.80342512,  0.78938099,
        0.        ]), array([ 3.01781842e+00,  5.58156385e+00,  2.57958389e+00, -7.69902962e-01,
        7.95531636e-01,  4.89753168e-16]), array([ 2.94661627e+00,  5.54965887e+00,  2.55828900e+00, -7.37586132e-01,
        8.01420112e-01,  5.91105003e-16]), array([ 2.87833670e+00,  5.51631619e+00,  2.53659294e+00, -7.06421691e-01,
        8.07083143e-01,  4.80626914e-16]), array([ 2.81268800e+00,  5.48156378e+00,  2.51455028e+00, -6.76355695e-01,
        8.12555752e-01,  4.73029447e-17]), array([ 2.74938070e+00,  5.44543412e+00,  2.49221561e+00, -6.47334264e-01,
        8.17871107e-01,  7.18440756e-16]), array([ 2.68813010e+00,  5.40796455e+00,  2.46964371e+00, -6.19304438e-01,
        8.23060423e-01,  1.64857827e-16]), array([ 2.62865831e+00,  5.36919742e+00,  2.44688980e+00, -5.92214855e-01,
        8.28152899e-01,  8.49166082e-16]), array([ 2.57069598e+00,  5.32918014e+00,  2.42400956e+00, -5.66016271e-01,
        8.33175694e-01,  3.36321403e-16]), array([ 2.51398360e+00,  5.28796505e+00,  2.40105918e+00, -5.40661951e-01,
        8.38153941e-01,  2.56917898e-16]), array([ 2.45827268e+00,  5.24560920e+00,  2.37809529e+00, -5.16107940e-01,
        8.43110770e-01,  3.42516971e-16]), array([ 2.40332659e+00,  5.20217408e+00,  2.35517491e+00, -4.92313251e-01,
        8.48067368e-01,  5.61968604e-16]), array([ 2.34892127e+00,  5.15772529e+00,  2.33235526e+00, -4.69239958e-01,
        8.53043040e-01, -9.83142346e-16]), array([ 2.29484572e+00,  5.11233209e+00,  2.30969366e+00, -4.46853233e-01,
        8.58055294e-01,  6.29981816e-16]), array([ 2.24090243e+00,  5.06606703e+00,  2.28724730e+00, -4.25121312e-01,
        8.63119927e-01,  1.06569026e-15]), array([ 2.18690757e+00,  5.01900544e+00,  2.26507307e+00, -4.04015424e-01,
        8.68251127e-01,  7.56268524e-16]), array([ 2.13269118e+00,  4.97122500e+00,  2.24322732e+00, -3.83509671e-01,
        8.73461570e-01, -1.32536517e-16]), array([ 2.07809719e+00,  4.92280522e+00,  2.22176564e+00, -3.63580879e-01,
        8.78762526e-01,  2.20039490e-16]), array([ 2.02298337e+00,  4.87382700e+00,  2.20074265e+00, -3.44208419e-01,
        8.84163969e-01,  3.52274191e-16]), array([ 1.96722116e+00,  4.82437214e+00,  2.18021175e+00, -3.25374009e-01,
        8.89674681e-01, -2.13888411e-16]), array([ 1.91069551e+00,  4.77452285e+00,  2.16022489e+00, -3.07061502e-01,
        8.95302357e-01,  6.15486752e-16]), array([ 1.85330452e+00,  4.72436134e+00,  2.14083239e+00, -2.89256654e-01,
        9.01053712e-01,  6.12297137e-16]), array([0., 0., 0., 0., 0., 0.])], 'ball_pos_history': [array([ 3.58662763, -7.97562328,  1.39714439]), array([ 3.56394217, -7.9367598 ,  1.39777335]), array([ 3.5412567 , -7.89789633,  1.39815706]), array([ 3.51857124, -7.85903285,  1.39829552]), array([ 3.49588578, -7.82016937,  1.39818873]), array([ 3.47320032, -7.7813059 ,  1.39783669]), array([ 3.45051486, -7.74244242,  1.3972394 ]), array([ 3.4278294 , -7.70357894,  1.39639686]), array([ 3.40514394, -7.66471547,  1.39530907]), array([ 3.38245848, -7.62585199,  1.39397603]), array([ 3.35977301, -7.58698851,  1.39239774]), array([ 3.33708755, -7.54812503,  1.3905742 ]), array([ 3.31440209, -7.50926156,  1.38850541]), array([ 3.29171663, -7.47039808,  1.38619137]), array([ 3.26903117, -7.4315346 ,  1.38363208]), array([ 3.24634571, -7.39267113,  1.38082754]), array([ 3.22366025, -7.35380765,  1.37777775]), array([ 3.20097479, -7.31494417,  1.37448271]), array([ 3.17828932, -7.27608069,  1.37094242]), array([ 3.15560386, -7.23721722,  1.36715688]), array([ 3.1329184 , -7.19835374,  1.36312609]), array([ 3.11023294, -7.15949026,  1.35885005]), array([ 3.08754748, -7.12062679,  1.35432876]), array([ 3.06486202, -7.08176331,  1.34956222]), array([ 3.04217656, -7.04289983,  1.34455043]), array([ 3.0194911 , -7.00403636,  1.33929339]), array([ 2.99680563, -6.96517288,  1.3337911 ]), array([ 2.97412017, -6.9263094 ,  1.32804356]), array([ 2.95143471, -6.88744592,  1.32205077]), array([ 2.92874925, -6.84858245,  1.31581273]), array([ 2.90606379, -6.80971897,  1.30932944]), array([ 2.88337833, -6.77085549,  1.3026009 ]), array([ 2.86069287, -6.73199202,  1.29562711]), array([ 2.83800741, -6.69312854,  1.28840807]), array([ 2.81532194, -6.65426506,  1.28094378]), array([ 2.79263648, -6.61540158,  1.27323424]), array([ 2.76995102, -6.57653811,  1.26527945]), array([ 2.74726556, -6.53767463,  1.25707941]), array([ 2.7245801 , -6.49881115,  1.24863412]), array([ 2.70189464, -6.45994768,  1.23994358]), array([ 2.67920918, -6.4210842 ,  1.23100779]), array([ 2.65652372, -6.38222072,  1.22182675]), array([ 2.63383825, -6.34335725,  1.21240046]), array([ 2.61115279, -6.30449377,  1.20272892]), array([ 2.58846733, -6.26563029,  1.19281213]), array([ 2.56578187, -6.22676681,  1.18265009]), array([ 2.54309641, -6.18790334,  1.1722428 ]), array([ 2.52041095, -6.14903986,  1.16159026]), array([ 2.49772549, -6.11017638,  1.15069247]), array([ 2.47504003, -6.07131291,  1.13954943]), array([ 2.45235456, -6.03244943,  1.12816114]), array([ 2.4296691 , -5.99358595,  1.1165276 ]), array([ 2.40698364, -5.95472248,  1.10464881]), array([ 2.38429818, -5.915859  ,  1.09252477]), array([ 2.36161272, -5.87699552,  1.08015548]), array([ 2.33892726, -5.83813204,  1.06754094]), array([ 2.3162418 , -5.79926857,  1.05468115]), array([ 2.29355634, -5.76040509,  1.04157611]), array([ 2.27087087, -5.72154161,  1.02822582]), array([ 2.24818541, -5.68267814,  1.01463028]), array([ 2.22549995, -5.64381466,  1.00078949]), array([ 2.20281449, -5.60495118,  0.98670345]), array([ 2.18012903, -5.5660877 ,  0.97237216]), array([ 2.15744357, -5.52722423,  0.95779562]), array([ 2.13475811, -5.48836075,  0.94297383]), array([ 2.11207265, -5.44949727,  0.92790679]), array([ 2.08938718, -5.4106338 ,  0.9125945 ]), array([ 2.06670172, -5.37177032,  0.89703696]), array([ 2.04401626, -5.33290684,  0.88123417]), array([ 2.0213308 , -5.29404337,  0.86518613]), array([ 1.99864534, -5.25517989,  0.84889284]), array([ 1.97595988, -5.21631641,  0.8323543 ]), array([ 1.95327442, -5.17745293,  0.81557051]), array([ 1.93058896, -5.13858946,  0.79854147]), array([ 1.90790349, -5.09972598,  0.78126718]), array([ 1.88521803, -5.0608625 ,  0.76374764]), array([ 1.86253257, -5.02199903,  0.74598285]), array([ 1.83984711, -4.98313555,  0.72797281]), array([ 1.81716165, -4.94427207,  0.70971752]), array([ 1.79447619, -4.9054086 ,  0.69121698]), array([ 1.77179073, -4.86654512,  0.67247119]), array([ 1.74910527, -4.82768164,  0.65348015]), array([ 1.7264198 , -4.78881816,  0.63424386]), array([ 1.70373434, -4.74995469,  0.61476232]), array([ 1.68104888, -4.71109121,  0.59503553]), array([ 1.65836342, -4.67222773,  0.57506349]), array([ 1.63567796, -4.63336426,  0.5548462 ]), array([ 1.6129925 , -4.59450078,  0.53438366]), array([ 1.59030704, -4.5556373 ,  0.51367587]), array([ 1.56762158, -4.51677382,  0.49272283]), array([ 1.54493611, -4.47791035,  0.47152454]), array([ 1.52225065, -4.43904687,  0.450081  ]), array([ 1.49956519, -4.40018339,  0.42839221]), array([ 1.47687973, -4.36131992,  0.40645817]), array([ 1.45419427, -4.32245644,  0.38427888]), array([ 1.43150881, -4.28359296,  0.36185434]), array([ 1.40882335, -4.24472949,  0.33918455]), array([ 1.38613789, -4.20586601,  0.31626951]), array([ 1.36345242, -4.16700253,  0.29310922]), array([ 1.34076696, -4.12813905,  0.26970368]), array([ 1.3180815 , -4.08927558,  0.24605289]), array([ 1.29539604, -4.0504121 ,  0.22215685]), array([ 1.27271058, -4.01154862,  0.19801556]), array([ 1.25002512, -3.97268515,  0.17362902]), array([ 1.22733966, -3.93382167,  0.14899723]), array([ 1.2046542 , -3.89495819,  0.12412019]), array([ 1.18196873, -3.85609471,  0.0989979 ]), array([ 1.15928327, -3.81723124,  0.07363036]), array([ 1.13659781, -3.77836776,  0.04801757]), array([ 1.11391235, -3.73950428,  0.033     ]), array([ 1.09236116, -3.70258398,  0.05214828]), array([ 1.07080997, -3.66566368,  0.07105131]), array([ 1.04925879, -3.62874337,  0.08970909]), array([ 1.0277076 , -3.59182307,  0.10812162]), array([ 1.00615641, -3.55490277,  0.1262889 ]), array([ 0.98460522, -3.51798246,  0.14421093]), array([ 0.96305403, -3.48106216,  0.16188771]), array([ 0.94150284, -3.44414186,  0.17931924]), array([ 0.91995166, -3.40722155,  0.19650552]), array([ 0.89840047, -3.37030125,  0.21344655]), array([ 0.87684928, -3.33338095,  0.23014233]), array([ 0.85529809, -3.29646065,  0.24659286]), array([ 0.8337469 , -3.25954034,  0.26279814]), array([ 0.81219572, -3.22262004,  0.27875817]), array([ 0.79064453, -3.18569974,  0.29447295]), array([ 0.76909334, -3.14877943,  0.30994248]), array([ 0.74754215, -3.11185913,  0.32516676]), array([ 0.72599096, -3.07493883,  0.34014579]), array([ 0.70443977, -3.03801852,  0.35487957]), array([ 0.68288859, -3.00109822,  0.3693681 ]), array([ 0.6613374 , -2.96417792,  0.38361138]), array([ 0.63978621, -2.92725761,  0.39760941]), array([ 0.61823502, -2.89033731,  0.41136219]), array([ 0.59668383, -2.85341701,  0.42486972]), array([ 0.57513265, -2.8164967 ,  0.438132  ]), array([ 0.55358146, -2.7795764 ,  0.45114903]), array([ 0.53203027, -2.7426561 ,  0.46392081]), array([ 0.51047908, -2.70573579,  0.47644734]), array([ 0.48892789, -2.66881549,  0.48872862]), array([ 0.4673767 , -2.63189519,  0.50076465]), array([ 0.44582552, -2.59497488,  0.51255543]), array([ 0.42427433, -2.55805458,  0.52410096]), array([ 0.40272314, -2.52113428,  0.53540124]), array([ 0.38117195, -2.48421398,  0.54645627]), array([ 0.35962076, -2.44729367,  0.55726605]), array([ 0.33806958, -2.41037337,  0.56783058]), array([ 0.31651839, -2.37345307,  0.57814986]), array([ 0.2949672 , -2.33653276,  0.58822389]), array([ 0.27341601, -2.29961246,  0.59805267]), array([ 0.25186482, -2.26269216,  0.6076362 ]), array([ 0.23031363, -2.22577185,  0.61697448]), array([ 0.20876245, -2.18885155,  0.62606751]), array([ 0.18721126, -2.15193125,  0.63491529]), array([ 0.16566007, -2.11501094,  0.64351782]), array([ 0.14410888, -2.07809064,  0.6518751 ]), array([ 0.12255769, -2.04117034,  0.65998713]), array([ 0.10100651, -2.00425003,  0.66785391]), array([ 0.07945532, -1.96732973,  0.67547544]), array([ 0.05790413, -1.93040943,  0.68285172]), array([ 0.03635294, -1.89348912,  0.68998275]), array([ 0.01480175, -1.85656882,  0.69686853]), array([-0.00674944, -1.81964852,  0.70350906]), array([-0.02830062, -1.78272821,  0.70990434]), array([-0.04985181, -1.74580791,  0.71605437]), array([-0.071403  , -1.70888761,  0.72195915]), array([-0.09295419, -1.6719673 ,  0.72761868]), array([-0.11450538, -1.635047  ,  0.73303296]), array([-0.13605656, -1.5981267 ,  0.73820199]), array([-0.15760775, -1.5612064 ,  0.74312577]), array([-0.17915894, -1.52428609,  0.7478043 ]), array([-0.20071013, -1.48736579,  0.75223758]), array([-0.22226132, -1.45044549,  0.75642561]), array([-0.24381251, -1.41352518,  0.76036839]), array([-0.26536369, -1.37660488,  0.76406592]), array([-0.28691488, -1.33968458,  0.7675182 ]), array([-0.30846607, -1.30276427,  0.77072523]), array([-0.33001726, -1.26584397,  0.77368701]), array([-0.35156845, -1.22892367,  0.77640354]), array([-0.37311963, -1.19200336,  0.77887482]), array([-0.39467082, -1.15508306,  0.78110085]), array([-0.41622201, -1.11816276,  0.78308163]), array([-0.4377732 , -1.08124245,  0.78481716]), array([-0.45932439, -1.04432215,  0.78630744]), array([-0.48087558, -1.00740185,  0.78755247]), array([-0.50242676, -0.97048154,  0.78855225]), array([-0.52397795, -0.93356124,  0.78930678]), array([-0.54552914, -0.89664094,  0.78981606]), array([-0.56708033, -0.85972063,  0.79008009]), array([-0.58863152, -0.82280033,  0.79009887]), array([-0.6101827 , -0.78588003,  0.7898724 ]), array([-0.63173389, -0.74895973,  0.78940068]), array([-0.65328508, -0.71203942,  0.78868371]), array([-0.67483627, -0.67511912,  0.78772149]), array([-0.69548717, -0.64227746,  0.78573883]), array([-0.67163395, -0.6536206 ,  0.76292769]), array([-0.64639215, -0.66819474,  0.73849549]), array([-0.62097169, -0.68309094,  0.71365246]), array([-0.59555124, -0.69798713,  0.68856417]), array([-0.57013078, -0.71288333,  0.66323064]), array([-0.54471032, -0.72777953,  0.63765185]), array([-0.51928986, -0.74267573,  0.61182782]), array([-0.49386941, -0.75757193,  0.58575853]), array([-0.46844895, -0.77246812,  0.559444  ]), array([-0.44302849, -0.78736432,  0.53288421]), array([-0.41760803, -0.80226052,  0.50607918]), array([-0.39218758, -0.81715672,  0.47902889]), array([-0.36676712, -0.83205292,  0.45173336]), array([-0.34134666, -0.84694911,  0.42419257]), array([-0.3159262 , -0.86184531,  0.39640654]), array([-0.29050575, -0.87674151,  0.36837525]), array([-0.26508529, -0.89163771,  0.34009872]), array([-0.23966483, -0.90653391,  0.31157693]), array([-0.21424437, -0.9214301 ,  0.2828099 ]), array([-0.18882392, -0.9363263 ,  0.25379761]), array([-0.16340346, -0.9512225 ,  0.22454008]), array([-0.137983  , -0.9661187 ,  0.19503729]), array([-0.11256254, -0.9810149 ,  0.16528926]), array([-0.08714209, -0.99591109,  0.13529597]), array([-0.06172163, -1.01080729,  0.10505744]), array([-0.03630117, -1.02570349,  0.07457365]), array([-0.01088071, -1.04059969,  0.04384462]), array([ 0.01453974, -1.05549589,  0.033     ]), array([ 0.03868918, -1.06964727,  0.05598546]), array([ 0.06283861, -1.08379866,  0.07872568]), array([ 0.08698805, -1.09795005,  0.10122064]), array([ 0.11113748, -1.11210144,  0.12347035]), array([ 0.13528692, -1.12625283,  0.14547482]), array([ 0.15943635, -1.14040421,  0.16723403]), array([ 0.18358579, -1.1545556 ,  0.188748  ]), array([ 0.20773522, -1.16870699,  0.21001671]), array([ 0.23188466, -1.18285838,  0.23104017]), array([ 0.25603409, -1.19700977,  0.25181839]), array([ 0.28018353, -1.21116115,  0.27235135]), array([ 0.30433296, -1.22531254,  0.29263906]), array([ 0.32848239, -1.23946393,  0.31268153]), array([ 0.35263183, -1.25361532,  0.33247874]), array([ 0.37678126, -1.26776671,  0.35203071]), array([ 0.4009307 , -1.28191809,  0.37133742]), array([ 0.42508013, -1.29606948,  0.39039888]), array([ 0.44922957, -1.31022087,  0.4092151 ]), array([ 0.473379  , -1.32437226,  0.42778606]), array([ 0.49752844, -1.33852365,  0.44611177]), array([ 0.52167787, -1.35267504,  0.46419224]), array([ 0.54582731, -1.36682642,  0.48202745]), array([ 0.56997674, -1.38097781,  0.49961741]), array([ 0.59412618, -1.3951292 ,  0.51696213]), array([ 0.61827561, -1.40928059,  0.53406159]), array([ 0.64242505, -1.42343198,  0.55091581]), array([ 0.66657448, -1.43758336,  0.56752477]), array([ 0.69072391, -1.45173475,  0.58388848]), array([ 0.71487335, -1.46588614,  0.60000695]), array([ 0.73902278, -1.48003753,  0.61588016]), array([ 0.76317222, -1.49418892,  0.63150812]), array([ 0.78732165, -1.5083403 ,  0.64689084]), array([ 0.81147109, -1.52249169,  0.6620283 ]), array([ 0.83562052, -1.53664308,  0.67692052])], 'distances_history': [8.563337269928315, 8.518510437639737, 8.473685741680574, 8.428861754186354, 8.384037157333372, 8.339210729119605, 8.294381332007642, 8.249547903726855, 8.204709449751025, 8.159865037109775, 8.115013789284275, 8.070154881997384, 8.025287539747278, 7.98041103296046, 7.935524675660508, 7.890627823566717, 7.845719872553025, 7.800800257412249, 7.755868450883217, 7.710923962908466, 7.665966340097693, 7.620994998750241, 7.576009554706482, 7.531009658882997, 7.4859949976616535, 7.4409652933535995, 7.395920304747944, 7.350859827749641, 7.305783696107937, 7.260691782234567, 7.2155839981095555, 7.170460296271623, 7.125320670889602, 7.080165158910936, 7.034993841283146, 6.989806844244042, 6.944604340676453, 6.89938655152332, 6.8541537472590734, 6.8089062494134405, 6.763644432143956, 6.7183683863919565, 6.67307859860904, 6.627775612200939, 6.5824600295355475, 6.5371325139076495, 6.491793791484284, 6.446444653246363, 6.40108595693719, 6.355718629025791, 6.310343666691404, 6.264962139834811, 6.219575193122013, 6.174184048065976, 6.128790005152572, 6.083394446017502, 6.037998835681672, 5.992604724853308, 5.947213752305938, 5.901827647342252, 5.856448232354689, 5.811078823935861, 5.765721391758939, 5.72037801297386, 5.675050873472083, 5.629742269841539, 5.5844546118661045, 5.539190425477342, 5.49395235610086, 5.44874317236241, 5.403565770134113, 5.358423176911703, 5.313318556520789, 5.268255214155235, 5.22323660175405, 5.178266323725598, 5.1333481430294325, 5.0884859876269495, 5.043683957312615, 4.998946330937624, 4.954277574037777, 4.909682346877061, 4.865165512918012, 4.820732147729296, 4.77638754834038, 4.732137243052354, 4.68798700171314, 4.643942846464488, 4.600011062967104, 4.556198212109277, 4.512511142203153, 4.46895700167156, 4.4255432522268485, 4.382277682541639, 4.339168422409507, 4.296223957391609, 4.253453143942837, 4.210865225008358, 4.168469846078203, 4.126277071683889, 4.0842974023167935, 4.042541791743104, 4.001021664684447, 3.9597489348268384, 3.918736023113093, 3.8779958762653726, 3.837541985474856, 3.7973884051846802, 3.757549771879962, 3.7162511627864965, 3.6716635038273457, 3.6271557797315683, 3.5827262053443123, 3.538373012236388, 3.494094450120979, 3.449888788254589, 3.405754316817495, 3.361689348269286, 3.317692218675552, 3.2737612890022554, 3.2298949463749316, 3.186091605300482, 3.1423497088500567, 3.0986677298022443, 3.05504417174662, 3.0114775701485343, 2.967966493376929, 2.9245095436978907, 2.8811053582376287, 2.8377526099195984, 2.794450008381548, 2.7511963008793883, 2.707990273186009, 2.6648307504943736, 2.621716598335648, 2.5786467235245447, 2.5356200751456894, 2.4926356455965584, 2.449692471704544, 2.406789635937846, 2.363926267732418, 2.321101544960018, 2.278314695565636, 2.2355649994063675, 2.192851790328121, 2.15017445852166, 2.1075324532054367, 2.064925285689731, 2.022352532884932, 1.9798138413267143, 1.9373089318026842, 1.8948376046792332, 1.8523997460443649, 1.809995334802816, 1.7676244508846959, 1.725287284759159, 1.6829841484816357, 1.6407154885485227, 1.598481900889186, 1.5562841483943333, 1.5141231814659497, 1.4707788105990114, 1.4254572120484208, 1.3785886826885827, 1.3313423519449599, 1.2843603204911436, 1.2369091000411079, 1.1894614787956765, 1.1420113416405817, 1.0945922616709742, 1.047191355559412, 1.0005107346326336, 0.9531640613114789, 0.9065740866249117, 0.8591737020686768, 0.8124895754662549, 0.7655701110125602, 0.7190560210510595, 0.6722456307617929, 0.625727438838104, 0.5790359592003731, 0.5346087913423395, 0.49121686868924386, 0.44808229628163593, 0.40493191156231295, 0.3622651153397473, 0.3205809215746904, 0.27955510077790513, 0.23959186670491217, 0.201291823134375, 0.16589205859315154, 0.13494009803697418, 0.11206009306076534, 0.10618105044698996, 0.10144188473643762, 0.11112591076832022, 0.13190958888852986, 0.1592723797003721, 0.1903168384083239, 0.22346937319503266, 0.257895782238727, 0.29313909734022353, 0.3289377937848535, 0.3651362394234812, 0.40163908806169574, 0.43838693993286465, 0.4753427121136037, 0.5124836512773457, 0.5497964540072692, 0.5872741719219894, 0.6249141828116554, 0.6627168220695338, 0.7006844371447191, 0.7388207215323418, 0.7771302387384608, 0.8156180786021703, 0.8542896078337192, 0.8931502888349125, 0.932205548728358, 0.9714606857176432, 1.0109208034225527, 1.0354653983899829, 1.0343671999234365, 1.0345042677882952, 1.0358653161910445, 1.0384352691399938, 1.0421954416203663, 1.047123777770043, 1.0531951376248347, 1.0603816225049938, 1.0686529282601447, 1.0779767153736486, 1.0883189852942257, 1.099644453217308, 1.1119169087610445, 1.1250995574425011, 1.1391553374325842, 1.154047207642602, 1.1697384046813866, 1.1861926675543657, 1.203374430113977, 1.2212489821953738, 1.2397826010814108, 1.2589426554488554, 1.2786976842750748, 1.299017453357651, 1.3198729921468, 1.3412366135399831, 1.3630819191652772, 1.3853837925074275, 1.4081183820268743, 1.4312630762026857, 1.4547964722070537, 1.4786983397005415, 1.5029495810298306], 'normal_align_history': [0.9007956811070208, 0.9007907155530392, 0.9007812932395234, 0.9007677410654829, 0.9007502937573479, 0.9007291429496563, 0.9007044639265693, 0.90067643003012, 0.9006452202251629, 0.9006110228482143, 0.9005740372198302, 0.9005344740590713, 0.9004925552281307, 0.9004485131060869, 0.9004025897620224, 0.9003550360252492, 0.9003061105095415, 0.9002560786252165, 0.9002052115996838, 0.9001537855192252, 0.9001020803998157, 0.9000503442055424, 0.8999988570622163, 0.8999479023136898, 0.899897764625902, 0.899848728685628, 0.8998010782214269, 0.8997550952007248, 0.8997110591247668, 0.8996692463793244, 0.8996299296183043, 0.8995933771675768, 0.8995598524417553, 0.8995296133695292, 0.8995029118247282, 0.8994799930612286, 0.8994610951503897, 0.8994464484201465, 0.8994362748952688, 0.899430787738619, 0.8994301906935888, 0.89943460441162, 0.8994442009919156, 0.8994591463645174, 0.8994795972736893, 0.8995056994796615, 0.899537586609143, 0.8995753793509296, 0.8996191848363131, 0.899669096121096, 0.8997251917273079, 0.8997875352247314, 0.899856174843979, 0.8999311431189526, 0.9000124565596375, 0.9001001153577463, 0.9001941031284433, 0.9002943866916722, 0.900400915896662, 0.9005136234931125, 0.9006324250524175, 0.9007575886543023, 0.9008890271543123, 0.9010266141947391, 0.9011701954369427, 0.9013195943842003, 0.9014746154125509, 0.9016350454012989, 0.9018006546970515, 0.9019711977936938, 0.9021464139239287, 0.9023260276595251, 0.9025097495659974, 0.9026972769309526, 0.9028882945719168, 0.9030824757228113, 0.9032794829950336, 0.903478969407575, 0.9036805794798822, 0.9038839503808089, 0.9040887131267578, 0.9042944938219464, 0.9045009149335324, 0.9047075965941728, 0.904914157924421, 0.9051202183672252, 0.9053253990266693, 0.9055293240030436, 0.905731621716296, 0.9059319262099669, 0.9061298784278105, 0.9063251274554702, 0.906517331719819, 0.9067061601388787, 0.9068912932156005, 0.9070724240692238, 0.9072492593984273, 0.9074215203710218, 0.9075889434355437, 0.9077512810507241, 0.907908302329486, 0.9080597935948161, 0.9082055588455533, 0.9083454201308638, 0.9084792178328818, 0.908606810857702, 0.9087280767355983, 0.9088429116320104, 0.9089512302714677, 0.9090529657772177, 0.9091480694298743, 0.9092365103489044, 0.9093182751012192, 0.9093933672415255, 0.9094618067894337, 0.9095236296485889, 0.9095788869733066, 0.9096276444883536, 0.9096699817676096, 0.90970599147738, 0.9097357785901313, 0.909759459574343, 0.9097771615660623, 0.9097890215275994, 0.9097951853986005, 0.9097958072445131, 0.9097910484071985, 0.9097810766621628, 0.9097660653865823, 0.9097461927419738, 0.9097216408750278, 0.9096925951398039, 0.9096592433441236, 0.9096217750226736, 0.9095803807389994, 0.9095352514182244, 0.90948657771203, 0.9094345493971169, 0.9093793548080774, 0.9093211803053347, 0.9092602097785412, 0.9091966241855944, 0.9091306011271999, 0.9090623144567083, 0.9089919339247777, 0.9089196248582329, 0.9088455478723642, 0.9087698586157642, 0.9086927075467088, 0.9086142397399735, 0.9085345947229284, 0.9084539063396626, 0.908372302641864, 0.9082899058051388, 0.908206832069429, 0.9081231917021816, 0.9080390889829124, 0.9079546222078311, 0.9078698837131868, 0.9077849599160365, 0.9076999313711516, 0.9131369573569743, 0.9132622954400627, 0.9158626821319374, 0.9161686949670189, 0.9215632317949014, 0.9216891810372448, 0.9164247335434578, 0.9167926616116678, 0.9116093177697527, 0.9122209500525793, 0.9101342536758491, 0.9108704515805846, 0.9088829499451095, 0.9096804958787496, 0.9081722954874402, 0.9091228314316449, 0.9077261961116948, 0.9088124203532846, 0.9074757207273196, 0.9090304805239404, 0.9074335453868946, 0.9107583110432778, 0.9085956702390522, 0.9089996325435247, 0.9146103802051755, 0.9175062850107838, 0.9162571072665138, 0.9150041901473303, 0.9142993683221156, 0.9107952107560509, 0.9102225614157409, 0.9149955084321901, 0.9181199973391897, 0.9209823561970514, 0.9239305752150946, 0.9267102687853715, 0.929294843934615, 0.9316798944772697, 0.9338652737609158, 0.9358538422858254, 0.9376504009028008, 0.9392608153013327, 0.9406913271008776, 0.941948038628801, 0.943036552729182, 0.9439617456193328, 0.9447276495720576, 0.945337422609772, 0.9457933839855847, 0.9460970965655364, 0.946249479952926, 0.9462509410279518, 0.9461015113109439, 0.9458009830627252, 0.9453490382359083, 0.9447453662550377, 0.9439897681315087, 0.9430822456319119, 0.9420230751487285, 0.9408128666087748, 0.9394526082373482, 0.9379436983127518, 0.936287965231561, 0.93448767728988, 0.9325455435957253, 0.9304647074837733, 0.9282487337231569, 0.9259015907052714, 0.9234276286820523, 0.9208315550036748, 0.9181184071838151, 0.9152935245044482, 0.9123625187633274, 0.9093312446674199, 0.9062057702855267, 0.9029923478933793, 0.8996973854745699, 0.8963274190803211, 0.8928890861997274, 0.8893891002489931, 0.8858342262525589, 0.8822312577600481, 0.8785869950198505, 0.8749082244121554, 0.8712016991305667, 0.8674741210914124, 0.863732124042884, 0.8599822578415879, 0.8562309738615002, 0.8524846114991936, 0.8487493857391774, 0.8450313757439043, 0.8413365144341921, 0.8376705790272017], 'ball_near_history': [False, False, False, False, False, False, False, False, False, False, False, False, False, False, False, False, False, False, False, False, False, False, False, False, False, False, False, False, False, False, False, False, False, False, False, False, False, False, False, False, False, False, False, False, False, False, False, False, False, False, False, False, False, False, False, False, False, False, False, False, False, False, False, False, False, False, False, False, False, False, False, False, False, False, False, False, False, False, False, False, False, False, False, False, False, False, False, False, False, False, False, False, False, False, False, False, False, False, False, False, False, False, False, False, False, False, False, False, False, False, False, False, False, False, False, False, False, False, False, False, False, False, False, False, False, False, False, False, False, False, False, False, False, False, False, False, False, False, False, False, False, False, False, False, False, False, False, False, False, False, False, False, False, False, False, False, False, False, False, False, False, False, False, False, False, False, False, False, False, False, False, False, False, False, False, False, False, False, False, False, False, False, False, False, False, False, False, False, False, False, True, True, True, True, True, True, True, True, False, False, False, False, False, False, False, False, False, False, False, False, False, False, False, False, False, False, False, False, False, False, False, False, False, False, False, False, False, False, False, False, False, False, False, False, False, False, False, False, False, False, False, False, False, False, False, False, False, False, False, False, False, False, False, False, False], 'tube_ready_history': [False, False, False, False, False, False, False, False, False, False, False, False, False, False, False, False, False, False, False, False, False, False, False, False, False, False, False, False, False, False, False, False, False, False, False, False, False, False, False, False, False, False, False, False, False, False, False, False, False, False, False, False, False, False, False, False, False, False, False, False, False, False, False, False, False, False, False, False, False, False, False, False, False, False, False, False, False, False, False, False, False, False, False, False, False, False, False, False, False, False, False, False, False, False, False, False, False, False, False, False, False, False, False, False, False, False, False, False, False, False, False, False, False, False, False, False, False, False, False, False, False, False, False, False, False, False, False, False, False, False, False, False, False, False, False, False, False, False, False, False, False, False, False, False, False, False, False, False, False, False, False, False, False, False, False, False, False, False, False, False, False, False, False, False, False, False, False, False, False, False, False, False, False, False, False, False, False, False, False, False, False, False, False, False, True, True, True, True, True, True, True, True, True, True, True, True, True, True, True, True, True, True, True, True, True, False, False, False, False, False, False, False, False, False, False, False, False, False, False, False, False, False, False, False, False, False, False, False, False, False, False, False, False, False, False, False, False, False, False, False, False, False, False, False, False, False, False, False, False, False, False, False, False, False, False], 'pos_error_history': [0.021776587442215535, 0.021797111606208303, 0.02184241909529168, 0.021929293597212872, 0.02207901404434865, 0.022316364293267284, 0.02266829607347946, 0.023162259366896414, 0.02382432949946882, 0.02467737618965705, 0.0257395771378231, 0.027023531420009086, 0.02853608228697117, 0.03027877881576902, 0.0322487716323067, 0.034439894509885494, 0.03684372197992604, 0.03945047176390221, 0.04224969903743572, 0.04523078514714802, 0.04792139208618975, 0.05121502309071068, 0.05466265724321227, 0.058254720102958873, 0.061982102165837924, 0.06583612770651975, 0.06980851167523988, 0.07389131243527436, 0.07807688499716839, 0.0823578373419822, 0.08672699111604185, 0.09117734717997954, 0.09570205602866431, 0.10029439284414078, 0.10494773681966177, 0.10965555434657594, 0.11441138565374534, 0.11920883451055661, 0.12404156063687923, 0.1289032744991524, 0.1337135876844293, 0.13861247404308788, 0.14352210644889993, 0.14843636799794085, 0.15334919631034205, 0.1582545869633372, 0.1631465980295193, 0.16801935555011321, 0.1728670597938501, 0.17768399216847391, 0.18246452266509233, 0.18720311772626194, 0.19189434843751957, 0.1965328989495122, 0.20111357504426464, 0.20563131276482538, 0.21008118703266934, 0.2144584201820638, 0.21875839034517805, 0.2229766396261616, 0.2278765159517358, 0.23191566207221456, 0.23585909707581912, 0.23970319947196722, 0.24344453049183057, 0.24707984482491926, 0.2506060995499303, 0.2540204615674572, 0.25732031375759823, 0.2605032600247458, 0.26356712934826665, 0.26650997892681194, 0.26933009648208506, 0.2720260017726362, 0.27459644735778177, 0.27704041864477863, 0.2793571332478773, 0.28154603968519165, 0.2836068154378643, 0.2855393643954289, 0.28734381371130274, 0.2890205100927105, 0.29057001555001605, 0.29199310263116357, 0.29329074916777936, 0.2944641325602835, 0.2955146236301511, 0.29644378006817074, 0.29725333950818505, 0.29794521225634424, 0.2985214737063441, 0.2989843564714655, 0.2993362422644701, 0.29957965355654725, 0.29971724504653385, 0.29975179497155646, 0.2996861962900785, 0.29952344776804757, 0.29926664499847516, 0.2989189713842923, 0.2984836891137579, 0.2979641301570308, 0.2973636873117469, 0.29668580532458383, 0.29593397211486244, 0.29511171012520554, 0.2942225678231483, 0.2932701113764379, 0.29225791652347877, 0.2911895606590806, 0.2900686151542866, 0.28889863792762704, 0.28768316628369, 0.28642571003340106, 0.28512974490886, 0.2837987062840838, 0.28243598321141655, 0.28104491278184685, 0.2796287748159367, 0.2781907868905387, 0.27673409970500334, 0.2752617927891061, 0.27377687055352434, 0.2722822586823168, 0.2707808008655407, 0.26927525586889367, 0.26776829493605936, 0.26626249951832137, 0.26476035932493047, 0.2632642706867439, 0.2617765352247164, 0.26029935881399924, 0.2588348508336378, 0.2573850236911509, 0.2559517926106931, 0.25453697567292877, 0.25314229409432154, 0.2517693727331249, 0.2504197408090641, 0.24909483282345038, 0.24779598966630406, 0.24652445989694494, 0.2452814011844992, 0.2440678818947763, 0.24288488281008022, 0.24173329896867135, 0.2406139416108011, 0.23952754021852177, 0.23847474463679497, 0.23745612726378593, 0.23647218529866842, 0.23552334303571315, 0.23460995419394604, 0.23373230427219777, 0.2328906129199384, 0.23208503631488767, 0.23131566953900573, 0.2305825489451208, 0.22988565450707454, 0.2292249121469513, 0.22600305529887202, 0.22103225304424245, 0.21436513354238274, 0.2081576161861921, 0.2014762230691706, 0.19529039173417911, 0.18839327924710864, 0.1823282259720216, 0.1755793266420705, 0.1696648647190735, 0.163295967638083, 0.15747453667630282, 0.1511027243695258, 0.14643877978979872, 0.14132673161860196, 0.1354506756243919, 0.13058990252525232, 0.12510248167358246, 0.1214680555412944, 0.11789535196283077, 0.11707616475517285, 0.11683079581144117, 0.11730403971070325, 0.11622403541041586, 0.11485438877512644, 0.1145548624623489, 0.11394718667031191, 0.11375187728021174, 0.1138505491717137, 0.11274707437691645, 0.11272676656272493, 0.11230079579124573, 0.11400169541567227, 0.11625014695603171, 0.11835940577874332, 0.1206073936608494, 0.12298664155618091, 0.12546300369624408, 0.12801363034720606, 0.13062303294590913, 0.1332806933050857, 0.13597959778939167, 0.13871530990928654, 0.14148534700696266, 0.14428872396269887, 0.14712558757636307, 0.14999690216691006, 0.1529041684907599, 0.1558491699393675, 0.15883374583424692, 0.16185959390312277, 0.16492810424861598, 0.16804022630115478, 0.1711963689982864, 0.1743963331253809, 0.1776392735986352, 0.18092368857511268, 0.18424743167258423, 0.18760774326696184, 0.19100129677409858, 0.19442425596895324, 0.19787233969698778, 0.20134089073961375, 0.20482494606199114, 0.20831930615911298, 0.21181860169476346, 0.21531735607561633, 0.2188100430049432, 0.22229113840907744, 0.22575516642201277, 0.2291967393502494, 0.2326105917249342, 0.23599160868677743, 0.23933484904740104, 0.24263556343512346, 0.24588920796995306, 0.24909145392753995, 0.25223819385010815, 0.2553255445483796, 0.2583498474158688, 0.261307666448671, 0.26419578433233154, 0.267011196924436, 0.2697511064285231, 0.2724129135228032, 0.2749942086766464, 0.27749276285927676, 0.27990651781887826, 0.2822335760864117, 0.28447219083690256, 0.2866207557216984, 0.2886777947680505, 0.2906419524272434, 0.29251198383913996, 0.2943437647688974], 'max_qdot_ratio': 0.9937135597473862, 'max_tcp_speed': 1.6139952075654405, 'max_racket_face_speed': 1.4396260743676692, 'total_mpc_steps': 255, 'ball_was_hit': True, 'hit_step': 192, 'p_ee_at_hit': array([-0.60542354, -0.58712361,  0.79673937]), 'ball_pos_at_hit': array([-0.69548717, -0.64227746,  0.78573883]), 'v_ee_at_hit': 0.725715078626262, 'active_contact': True, 'passive_contact': False}
2026-09-13 17:17:12,583 [INFO] __main__: 击打后继续仿真 20 步...
