experiment,config_id,config_json,seed,hit,hit_type,pos_error,vel_error,min_dist,ball_near_ms,tube_ready_ms,max_tcp,max_qdot,max_face,hit_time_error_ms,hit_pos_error,v_racket_at_hit,wall_time,first_plan_ms,ball_out_speed,ball_out_vy,error
exp26_tcp_grid,ablationfull__ballspeed7__maxtcp1.0__noplot__servebox,"{""--ablation"": ""full"", ""--ball-speed"": 7, ""--max-tcp"": 1.0, ""--no-plot"": null, ""--serve-box"": null}",13,True,active,0.12372,1.955855,0.094848,55.0,105.0,1.01,0.98,1.1,20.0,0.12372,0.912,1.51,1022.4,6.094,-1.992,
exp26_tcp_grid,ablationfull__ballspeed7__maxtcp1.0__noplot__servebox,"{""--ablation"": ""full"", ""--ball-speed"": 7, ""--max-tcp"": 1.0, ""--no-plot"": null, ""--serve-box"": null}",3,False,miss,0.40442,1.981087,0.182581,5.0,0.0,1.01,0.99,1.5,0.0,0.40442,0.0,1.54,1044.9,-1.0,-99.0,
exp26_tcp_grid,ablationfull__ballspeed7__maxtcp1.0__noplot__servebox,"{""--ablation"": ""full"", ""--ball-speed"": 7, ""--max-tcp"": 1.0, ""--no-plot"": null, ""--serve-box"": null}",2,True,active,0.127023,1.951134,0.102028,50.0,105.0,1.0,0.96,1.1,15.0,0.127023,0.964,1.56,999.8,5.694,-0.678,
exp26_tcp_grid,ablationfull__ballspeed7__maxtcp1.0__noplot__servebox,"{""--ablation"": ""full"", ""--ball-speed"": 7, ""--max-tcp"": 1.0, ""--no-plot"": null, ""--serve-box"": null}",10,True,active,0.12141,1.980217,0.12141,40.0,105.0,1.0,1.0,1.3,15.0,0.12141,0.782,1.56,1011.8,5.571,-4.089,
exp26_tcp_grid,ablationfull__ballspeed7__maxtcp1.0__noplot__servebox,"{""--ablation"": ""full"", ""--ball-speed"": 7, ""--max-tcp"": 1.0, ""--no-plot"": null, ""--serve-box"": null}",14,True,active,0.095104,1.983896,0.095104,45.0,105.0,1.0,1.0,1.3,10.0,0.095104,0.589,1.56,1061.2,6.256,-6.23,
exp26_tcp_grid,ablationfull__ballspeed7__maxtcp1.0__noplot__servebox,"{""--ablation"": ""full"", ""--ball-speed"": 7, ""--max-tcp"": 1.0, ""--no-plot"": null, ""--serve-box"": null}",16,False,miss,0.331758,1.913661,0.139667,30.0,75.0,1.0,0.99,1.4,0.0,0.331758,0.0,1.58,1065.5,-1.0,-99.0,
exp26_tcp_grid,ablationfull__ballspeed7__maxtcp1.0__noplot__servebox,"{""--ablation"": ""full"", ""--ball-speed"": 7, ""--max-tcp"": 1.0, ""--no-plot"": null, ""--serve-box"": null}",1,True,passive,0.101141,1.926835,0.101141,0.0,10.0,1.0,1.0,1.3,0.0,0.101141,0.218,1.6,1011.9,6.112,1.103,
exp26_tcp_grid,ablationfull__ballspeed7__maxtcp1.0__noplot__servebox,"{""--ablation"": ""full"", ""--ball-speed"": 7, ""--max-tcp"": 1.0, ""--no-plot"": null, ""--serve-box"": null}",12,True,active,0.120719,1.951858,0.109101,55.0,105.0,1.01,0.98,1.5,20.0,0.120719,0.961,1.7,1027.8,4.91,-3.131,
exp26_tcp_grid,ablationfull__ballspeed7__maxtcp1.0__noplot__servebox,"{""--ablation"": ""full"", ""--ball-speed"": 7, ""--max-tcp"": 1.0, ""--no-plot"": null, ""--serve-box"": null}",20,,,,,,,,,,,,,,0.23,,,,no_result
exp26_tcp_grid,ablationfull__ballspeed7__maxtcp1.0__noplot__servebox,"{""--ablation"": ""full"", ""--ball-speed"": 7, ""--max-tcp"": 1.0, ""--no-plot"": null, ""--serve-box"": null}",21,,,,,,,,,,,,,,0.23,,,,no_result
exp26_tcp_grid,ablationfull__ballspeed7__maxtcp1.0__noplot__servebox,"{""--ablation"": ""full"", ""--ball-speed"": 7, ""--max-tcp"": 1.0, ""--no-plot"": null, ""--serve-box"": null}",11,False,miss,0.348973,1.961739,0.160936,0.0,0.0,1.01,1.0,1.5,0.0,0.348973,0.0,2.14,1551.6,-1.0,-99.0,
exp26_tcp_grid,ablationfull__ballspeed7__maxtcp1.0__noplot__servebox,"{""--ablation"": ""full"", ""--ball-speed"": 7, ""--max-tcp"": 1.0, ""--no-plot"": null, ""--serve-box"": null}",27,,,,,,,,,,,,,,0.17,,,,no_result
exp26_tcp_grid,ablationfull__ballspeed7__maxtcp1.0__noplot__servebox,"{""--ablation"": ""full"", ""--ball-speed"": 7, ""--max-tcp"": 1.0, ""--no-plot"": null, ""--serve-box"": null}",5,False,miss,0.331872,1.942923,0.13872,0.0,0.0,1.0,1.0,1.3,0.0,0.331872,0.0,2.42,1854.9,-1.0,-99.0,
exp26_tcp_grid,ablationfull__ballspeed7__maxtcp1.0__noplot__servebox,"{""--ablation"": ""full"", ""--ball-speed"": 7, ""--max-tcp"": 1.0, ""--no-plot"": null, ""--serve-box"": null}",17,False,miss,0.340595,1.975723,0.18234,5.0,0.0,1.01,0.93,1.1,0.0,0.340595,0.0,1.42,1047.5,-1.0,-99.0,
exp26_tcp_grid,ablationfull__ballspeed7__maxtcp1.0__noplot__servebox,"{""--ablation"": ""full"", ""--ball-speed"": 7, ""--max-tcp"": 1.0, ""--no-plot"": null, ""--serve-box"": null}",19,False,miss,0.314563,1.94184,0.131032,35.0,80.0,1.0,0.99,1.2,0.0,0.314563,0.0,1.43,1028.6,-1.0,-99.0,
exp26_tcp_grid,ablationfull__ballspeed7__maxtcp1.0__noplot__servebox,"{""--ablation"": ""full"", ""--ball-speed"": 7, ""--max-tcp"": 1.0, ""--no-plot"": null, ""--serve-box"": null}",18,False,miss,0.335382,1.93674,0.170565,15.0,0.0,1.01,1.0,1.3,0.0,0.335382,0.0,1.45,1016.5,-1.0,-99.0,
exp26_tcp_grid,ablationfull__ballspeed7__maxtcp1.0__noplot__servebox,"{""--ablation"": ""full"", ""--ball-speed"": 7, ""--max-tcp"": 1.0, ""--no-plot"": null, ""--serve-box"": null}",9,False,miss,0.304071,1.945438,0.147712,35.0,55.0,1.0,1.0,1.4,0.0,0.304071,0.0,3.07,2274.3,-1.0,-99.0,
exp26_tcp_grid,ablationfull__ballspeed7__maxtcp1.0__noplot__servebox,"{""--ablation"": ""full"", ""--ball-speed"": 7, ""--max-tcp"": 1.0, ""--no-plot"": null, ""--serve-box"": null}",4,False,miss,0.378876,1.939964,0.201887,0.0,0.0,1.0,1.0,1.3,0.0,0.378876,0.0,3.12,2316.1,-1.0,-99.0,
exp26_tcp_grid,ablationfull__ballspeed7__maxtcp1.0__noplot__servebox,"{""--ablation"": ""full"", ""--ball-speed"": 7, ""--max-tcp"": 1.0, ""--no-plot"": null, ""--serve-box"": null}",8,False,miss,0.334697,1.928816,0.174592,15.0,0.0,1.0,1.0,1.4,0.0,0.334697,0.0,3.15,2282.1,-1.0,-99.0,
exp26_tcp_grid,ablationfull__ballspeed7__maxtcp1.0__noplot__servebox,"{""--ablation"": ""full"", ""--ball-speed"": 7, ""--max-tcp"": 1.0, ""--no-plot"": null, ""--serve-box"": null}",24,False,miss,0.339966,1.950188,0.144509,0.0,0.0,1.0,0.99,1.6,0.0,0.339966,0.0,1.47,997.2,-1.0,-99.0,
exp26_tcp_grid,ablationfull__ballspeed7__maxtcp1.0__noplot__servebox,"{""--ablation"": ""full"", ""--ball-speed"": 7, ""--max-tcp"": 1.0, ""--no-plot"": null, ""--serve-box"": null}",22,True,active,0.101272,1.914426,0.083476,0.0,0.0,1.0,1.0,1.5,10.0,0.101272,0.827,1.6,1085.4,6.518,4.469,
exp26_tcp_grid,ablationfull__ballspeed7__maxtcp1.0__noplot__servebox,"{""--ablation"": ""full"", ""--ball-speed"": 7, ""--max-tcp"": 1.0, ""--no-plot"": null, ""--serve-box"": null}",6,True,active,0.084289,1.959773,0.084289,50.0,105.0,1.0,1.0,1.3,15.0,0.084289,0.928,3.25,2290.4,5.176,-4.315,
exp26_tcp_grid,ablationfull__ballspeed7__maxtcp1.0__noplot__servebox,"{""--ablation"": ""full"", ""--ball-speed"": 7, ""--max-tcp"": 1.0, ""--no-plot"": null, ""--serve-box"": null}",15,True,active,0.126519,1.931453,0.122424,45.0,90.0,1.0,0.98,1.2,10.0,0.126519,0.895,3.26,2287.6,6.216,-4.97,
exp26_tcp_grid,ablationfull__ballspeed7__maxtcp1.0__noplot__servebox,"{""--ablation"": ""full"", ""--ball-speed"": 7, ""--max-tcp"": 1.0, ""--no-plot"": null, ""--serve-box"": null}",7,True,active,0.114141,1.921501,0.109785,50.0,105.0,0.99,0.98,1.5,15.0,0.114141,0.976,3.28,2287.6,5.579,-5.188,
exp26_tcp_grid,ablationfull__ballspeed7__maxtcp1.0__noplot__servebox,"{""--ablation"": ""full"", ""--ball-speed"": 7, ""--max-tcp"": 1.0, ""--no-plot"": null, ""--serve-box"": null}",23,True,active,0.102371,1.979157,0.102371,50.0,105.0,1.01,1.0,1.4,10.0,0.102371,0.6,1.71,1000.3,5.875,-5.656,
exp26_tcp_grid,ablationfull__ballspeed7__maxtcp1.0__noplot__servebox,"{""--ablation"": ""full"", ""--ball-speed"": 7, ""--max-tcp"": 1.0, ""--no-plot"": null, ""--serve-box"": null}",26,True,active,0.132218,1.953161,0.123848,45.0,75.0,1.0,0.99,1.2,25.0,0.132218,0.985,1.89,1440.6,6.24,-2.464,
exp26_tcp_grid,ablationfull__ballspeed7__maxtcp1.0__noplot__servebox,"{""--ablation"": ""full"", ""--ball-speed"": 7, ""--max-tcp"": 1.0, ""--no-plot"": null, ""--serve-box"": null}",29,False,miss,0.34431,1.943877,0.132287,35.0,105.0,1.0,0.99,1.3,0.0,0.34431,0.0,1.47,1033.0,-1.0,-99.0,
exp26_tcp_grid,ablationfull__ballspeed7__maxtcp1.0__noplot__servebox,"{""--ablation"": ""full"", ""--ball-speed"": 7, ""--max-tcp"": 1.0, ""--no-plot"": null, ""--serve-box"": null}",28,False,miss,0.361393,1.933298,0.170116,20.0,0.0,1.0,0.98,1.2,0.0,0.361393,0.0,1.58,1042.1,-1.0,-99.0,
exp26_tcp_grid,ablationfull__ballspeed7__maxtcp1.0__noplot__servebox,"{""--ablation"": ""full"", ""--ball-speed"": 7, ""--max-tcp"": 1.0, ""--no-plot"": null, ""--serve-box"": null}",25,False,miss,0.374086,1.979741,0.153019,0.0,0.0,1.01,1.0,1.3,0.0,0.374086,0.0,2.54,2136.4,-1.0,-99.0,
exp26_tcp_grid,ablationfull__ballspeed7__maxtcp1.0__noplot__servebox,"{""--ablation"": ""full"", ""--ball-speed"": 7, ""--max-tcp"": 1.0, ""--no-plot"": null, ""--serve-box"": null}",39,False,miss,0.323786,1.933985,0.177614,0.0,0.0,1.0,1.0,1.5,0.0,0.323786,0.0,1.48,1056.5,-1.0,-99.0,
exp26_tcp_grid,ablationfull__ballspeed7__maxtcp1.0__noplot__servebox,"{""--ablation"": ""full"", ""--ball-speed"": 7, ""--max-tcp"": 1.0, ""--no-plot"": null, ""--serve-box"": null}",38,False,miss,0.372574,1.934032,0.19349,0.0,0.0,1.0,1.0,1.3,0.0,0.372574,0.0,1.55,1049.2,-1.0,-99.0,
exp26_tcp_grid,ablationfull__ballspeed7__maxtcp1.0__noplot__servebox,"{""--ablation"": ""full"", ""--ball-speed"": 7, ""--max-tcp"": 1.0, ""--no-plot"": null, ""--serve-box"": null}",35,False,miss,0.371157,1.954742,0.187343,0.0,0.0,1.01,1.0,1.4,0.0,0.371157,0.0,1.69,1105.0,-1.0,-99.0,
exp26_tcp_grid,ablationfull__ballspeed7__maxtcp1.0__noplot__servebox,"{""--ablation"": ""full"", ""--ball-speed"": 7, ""--max-tcp"": 1.0, ""--no-plot"": null, ""--serve-box"": null}",40,True,active,0.111795,1.964354,0.111795,45.0,105.0,1.01,1.0,1.5,10.0,0.111795,0.941,1.6,1114.2,5.327,-5.007,
exp26_tcp_grid,ablationfull__ballspeed7__maxtcp1.0__noplot__servebox,"{""--ablation"": ""full"", ""--ball-speed"": 7, ""--max-tcp"": 1.0, ""--no-plot"": null, ""--serve-box"": null}",31,False,miss,0.347109,1.985709,0.183192,0.0,0.0,1.0,0.99,1.0,0.0,0.347109,0.0,2.05,1324.7,-1.0,-99.0,
exp26_tcp_grid,ablationfull__ballspeed7__maxtcp1.0__noplot__servebox,"{""--ablation"": ""full"", ""--ball-speed"": 7, ""--max-tcp"": 1.0, ""--no-plot"": null, ""--serve-box"": null}",36,False,miss,0.372878,1.92663,0.204587,0.0,0.0,1.0,1.0,1.1,0.0,0.372878,0.0,1.97,1411.5,-1.0,-99.0,
exp26_tcp_grid,ablationfull__ballspeed7__maxtcp1.0__noplot__servebox,"{""--ablation"": ""full"", ""--ball-speed"": 7, ""--max-tcp"": 1.0, ""--no-plot"": null, ""--serve-box"": null}",37,False,miss,0.382034,1.913151,0.214718,0.0,0.0,1.0,0.99,1.2,0.0,0.382034,0.0,1.98,1387.8,-1.0,-99.0,
exp26_tcp_grid,ablationfull__ballspeed7__maxtcp1.0__noplot__servebox,"{""--ablation"": ""full"", ""--ball-speed"": 7, ""--max-tcp"": 1.0, ""--no-plot"": null, ""--serve-box"": null}",42,False,miss,0.340618,1.925922,0.16544,20.0,0.0,0.98,1.0,1.4,0.0,0.340618,0.0,1.68,1207.7,-1.0,-99.0,
exp26_tcp_grid,ablationfull__ballspeed7__maxtcp1.0__noplot__servebox,"{""--ablation"": ""full"", ""--ball-speed"": 7, ""--max-tcp"": 1.0, ""--no-plot"": null, ""--serve-box"": null}",43,False,miss,0.351297,1.931179,0.185438,0.0,0.0,1.0,0.99,1.3,0.0,0.351297,0.0,1.51,1020.6,-1.0,-99.0,
exp26_tcp_grid,ablationfull__ballspeed7__maxtcp1.0__noplot__servebox,"{""--ablation"": ""full"", ""--ball-speed"": 7, ""--max-tcp"": 1.0, ""--no-plot"": null, ""--serve-box"": null}",34,False,miss,0.334616,1.988204,0.157339,25.0,10.0,1.0,1.0,1.4,0.0,0.334616,0.0,2.6,2099.4,-1.0,-99.0,
exp26_tcp_grid,ablationfull__ballspeed7__maxtcp1.0__noplot__servebox,"{""--ablation"": ""full"", ""--ball-speed"": 7, ""--max-tcp"": 1.0, ""--no-plot"": null, ""--serve-box"": null}",44,False,miss,0.398253,1.97708,0.204828,0.0,0.0,1.0,0.97,1.4,0.0,0.398253,0.0,1.88,1415.3,-1.0,-99.0,
exp26_tcp_grid,ablationfull__ballspeed7__maxtcp1.0__noplot__servebox,"{""--ablation"": ""full"", ""--ball-speed"": 7, ""--max-tcp"": 1.0, ""--no-plot"": null, ""--serve-box"": null}",45,False,miss,0.376761,1.972838,0.186848,0.0,0.0,1.01,1.0,1.4,0.0,0.376761,0.0,1.59,1170.9,-1.0,-99.0,
exp26_tcp_grid,ablationfull__ballspeed7__maxtcp1.0__noplot__servebox,"{""--ablation"": ""full"", ""--ball-speed"": 7, ""--max-tcp"": 1.0, ""--no-plot"": null, ""--serve-box"": null}",30,False,miss,0.343471,1.970283,0.153555,0.0,0.0,1.01,0.99,1.2,0.0,0.343471,0.0,3.05,2309.8,-1.0,-99.0,
exp26_tcp_grid,ablationfull__ballspeed7__maxtcp1.0__noplot__servebox,"{""--ablation"": ""full"", ""--ball-speed"": 7, ""--max-tcp"": 1.0, ""--no-plot"": null, ""--serve-box"": null}",32,True,active,0.08397,1.956077,0.08397,50.0,105.0,1.01,1.0,1.1,5.0,0.08397,0.819,3.03,2274.7,6.437,-6.186,
exp26_tcp_grid,ablationfull__ballspeed7__maxtcp1.0__noplot__servebox,"{""--ablation"": ""full"", ""--ball-speed"": 7, ""--max-tcp"": 1.0, ""--no-plot"": null, ""--serve-box"": null}",46,False,miss,0.345002,1.972865,0.148171,30.0,50.0,1.01,0.98,1.4,0.0,0.345002,0.0,1.45,1029.5,-1.0,-99.0,
exp26_tcp_grid,ablationfull__ballspeed7__maxtcp1.0__noplot__servebox,"{""--ablation"": ""full"", ""--ball-speed"": 7, ""--max-tcp"": 1.0, ""--no-plot"": null, ""--serve-box"": null}",33,False,miss,0.333982,1.940171,0.169039,20.0,0.0,0.99,1.0,1.5,0.0,0.333982,0.0,3.17,2307.0,-1.0,-99.0,
exp26_tcp_grid,ablationfull__ballspeed7__maxtcp1.0__noplot__servebox,"{""--ablation"": ""full"", ""--ball-speed"": 7, ""--max-tcp"": 1.0, ""--no-plot"": null, ""--serve-box"": null}",41,True,active,0.147771,1.988016,0.142307,45.0,80.0,1.01,0.99,1.0,5.0,0.147771,0.79,2.96,2094.0,6.323,-6.044,
exp26_tcp_grid,ablationfull__ballspeed7__maxtcp1.0__noplot__servebox,"{""--ablation"": ""full"", ""--ball-speed"": 7, ""--max-tcp"": 1.0, ""--no-plot"": null, ""--serve-box"": null}",47,True,active,0.050821,1.989219,0.045708,55.0,105.0,1.0,1.0,1.2,10.0,0.050821,0.899,1.52,1094.9,6.545,-6.17,
exp26_tcp_grid,ablationfull__ballspeed7__maxtcp1.0__noplot__servebox,"{""--ablation"": ""full"", ""--ball-speed"": 7, ""--max-tcp"": 1.0, ""--no-plot"": null, ""--serve-box"": null}",49,False,miss,0.359514,1.989897,0.169863,20.0,0.0,1.0,0.99,1.2,0.0,0.359514,0.0,1.59,1086.4,-1.0,-99.0,
exp26_tcp_grid,ablationfull__ballspeed7__maxtcp1.0__noplot__servebox,"{""--ablation"": ""full"", ""--ball-speed"": 7, ""--max-tcp"": 1.0, ""--no-plot"": null, ""--serve-box"": null}",51,False,miss,0.378031,1.90166,0.206236,0.0,0.0,1.0,0.99,1.2,0.0,0.378031,0.0,1.63,1241.4,-1.0,-99.0,
exp26_tcp_grid,ablationfull__ballspeed7__maxtcp1.0__noplot__servebox,"{""--ablation"": ""full"", ""--ball-speed"": 7, ""--max-tcp"": 1.0, ""--no-plot"": null, ""--serve-box"": null}",54,False,miss,0.336144,1.955614,0.14867,0.0,0.0,1.0,1.0,1.2,0.0,0.336144,0.0,1.61,1210.8,-1.0,-99.0,
exp26_tcp_grid,ablationfull__ballspeed7__maxtcp1.0__noplot__servebox,"{""--ablation"": ""full"", ""--ball-speed"": 7, ""--max-tcp"": 1.0, ""--no-plot"": null, ""--serve-box"": null}",50,False,miss,0.347132,1.949355,0.148336,30.0,0.0,1.01,0.98,1.3,0.0,0.347132,0.0,2.08,1649.5,-1.0,-99.0,
exp26_tcp_grid,ablationfull__ballspeed7__maxtcp1.0__noplot__servebox,"{""--ablation"": ""full"", ""--ball-speed"": 7, ""--max-tcp"": 1.0, ""--no-plot"": null, ""--serve-box"": null}",55,True,active,0.121975,1.991136,0.098666,55.0,105.0,1.0,0.97,1.0,15.0,0.121975,1.002,1.46,1020.1,5.491,-3.579,
exp26_tcp_grid,ablationfull__ballspeed7__maxtcp1.0__noplot__servebox,"{""--ablation"": ""full"", ""--ball-speed"": 7, ""--max-tcp"": 1.0, ""--no-plot"": null, ""--serve-box"": null}",52,True,active,0.081605,1.990061,0.058876,55.0,105.0,1.0,1.0,0.9,20.0,0.081605,0.998,2.02,1628.1,5.294,-2.706,
exp26_tcp_grid,ablationfull__ballspeed7__maxtcp1.0__noplot__servebox,"{""--ablation"": ""full"", ""--ball-speed"": 7, ""--max-tcp"": 1.0, ""--no-plot"": null, ""--serve-box"": null}",56,False,miss,0.320303,1.908647,0.15837,25.0,20.0,1.0,0.96,1.4,0.0,0.320303,0.0,1.51,1088.1,-1.0,-99.0,
exp26_tcp_grid,ablationfull__ballspeed7__maxtcp1.0__noplot__servebox,"{""--ablation"": ""full"", ""--ball-speed"": 7, ""--max-tcp"": 1.0, ""--no-plot"": null, ""--serve-box"": null}",60,True,active,0.106951,1.974486,0.106951,50.0,105.0,1.01,0.99,1.3,15.0,0.106951,0.759,1.53,1065.9,6.24,-4.007,
exp26_tcp_grid,ablationfull__ballspeed7__maxtcp1.0__noplot__servebox,"{""--ablation"": ""full"", ""--ball-speed"": 7, ""--max-tcp"": 1.0, ""--no-plot"": null, ""--serve-box"": null}",63,False,miss,0.30454,1.911508,0.134118,30.0,50.0,0.99,0.98,1.1,0.0,0.30454,0.0,1.51,1103.1,-1.0,-99.0,
exp26_tcp_grid,ablationfull__ballspeed7__maxtcp1.0__noplot__servebox,"{""--ablation"": ""full"", ""--ball-speed"": 7, ""--max-tcp"": 1.0, ""--no-plot"": null, ""--serve-box"": null}",53,True,active,0.083843,1.982267,0.054635,45.0,75.0,1.01,0.99,1.1,20.0,0.083843,0.967,2.54,1802.8,5.792,-0.03,
exp26_tcp_grid,ablationfull__ballspeed7__maxtcp1.0__noplot__servebox,"{""--ablation"": ""full"", ""--ball-speed"": 7, ""--max-tcp"": 1.0, ""--no-plot"": null, ""--serve-box"": null}",48,False,miss,0.344329,1.994324,0.151397,30.0,40.0,1.01,1.0,1.5,0.0,0.344329,0.0,3.11,2305.5,-1.0,-99.0,
exp26_tcp_grid,ablationfull__ballspeed7__maxtcp1.0__noplot__servebox,"{""--ablation"": ""full"", ""--ball-speed"": 7, ""--max-tcp"": 1.0, ""--no-plot"": null, ""--serve-box"": null}",61,True,active,0.148311,1.941906,0.140655,50.0,70.0,1.0,0.99,1.2,10.0,0.148311,0.857,1.78,1256.4,5.375,-4.517,
exp26_tcp_grid,ablationfull__ballspeed7__maxtcp1.0__noplot__servebox,"{""--ablation"": ""full"", ""--ball-speed"": 7, ""--max-tcp"": 1.0, ""--no-plot"": null, ""--serve-box"": null}",62,True,active,0.106075,1.981179,0.106075,40.0,105.0,1.0,1.0,1.2,5.0,0.106075,0.643,1.98,1482.4,6.257,-6.152,
exp26_tcp_grid,ablationfull__ballspeed7__maxtcp1.0__noplot__servebox,"{""--ablation"": ""full"", ""--ball-speed"": 7, ""--max-tcp"": 1.0, ""--no-plot"": null, ""--serve-box"": null}",66,True,active,0.143442,1.945851,0.138598,50.0,90.0,1.0,0.99,1.4,10.0,0.143442,0.842,1.54,1125.8,5.825,-5.76,
exp26_tcp_grid,ablationfull__ballspeed7__maxtcp1.0__noplot__servebox,"{""--ablation"": ""full"", ""--ball-speed"": 7, ""--max-tcp"": 1.0, ""--no-plot"": null, ""--serve-box"": null}",67,False,miss,0.330404,1.931892,0.16018,0.0,0.0,0.98,0.93,1.3,0.0,0.330404,0.0,1.46,1067.2,-1.0,-99.0,
exp26_tcp_grid,ablationfull__ballspeed7__maxtcp1.0__noplot__servebox,"{""--ablation"": ""full"", ""--ball-speed"": 7, ""--max-tcp"": 1.0, ""--no-plot"": null, ""--serve-box"": null}",65,True,active,0.13296,1.973197,0.13296,35.0,105.0,1.01,1.0,1.8,5.0,0.13296,0.725,1.81,1383.6,6.568,-3.077,
exp26_tcp_grid,ablationfull__ballspeed7__maxtcp1.0__noplot__servebox,"{""--ablation"": ""full"", ""--ball-speed"": 7, ""--max-tcp"": 1.0, ""--no-plot"": null, ""--serve-box"": null}",68,False,miss,0.347602,1.929902,0.165123,20.0,0.0,1.0,1.0,1.3,0.0,0.347602,0.0,1.53,1039.0,-1.0,-99.0,
exp26_tcp_grid,ablationfull__ballspeed7__maxtcp1.0__noplot__servebox,"{""--ablation"": ""full"", ""--ball-speed"": 7, ""--max-tcp"": 1.0, ""--no-plot"": null, ""--serve-box"": null}",57,False,miss,0.31779,1.937769,0.150533,30.0,50.0,1.0,0.99,1.4,0.0,0.31779,0.0,2.98,2257.7,-1.0,-99.0,
exp26_tcp_grid,ablationfull__ballspeed7__maxtcp1.0__noplot__servebox,"{""--ablation"": ""full"", ""--ball-speed"": 7, ""--max-tcp"": 1.0, ""--no-plot"": null, ""--serve-box"": null}",70,False,miss,0.336509,1.954932,0.171867,20.0,0.0,1.0,1.0,1.4,0.0,0.336509,0.0,1.76,1287.3,-1.0,-99.0,
exp26_tcp_grid,ablationfull__ballspeed7__maxtcp1.0__noplot__servebox,"{""--ablation"": ""full"", ""--ball-speed"": 7, ""--max-tcp"": 1.0, ""--no-plot"": null, ""--serve-box"": null}",58,True,active,0.074174,1.96784,0.074124,40.0,105.0,1.01,0.98,1.2,20.0,0.074174,1.003,3.08,2330.2,6.004,-3.305,
exp26_tcp_grid,ablationfull__ballspeed7__maxtcp1.0__noplot__servebox,"{""--ablation"": ""full"", ""--ball-speed"": 7, ""--max-tcp"": 1.0, ""--no-plot"": null, ""--serve-box"": null}",59,True,active,0.126227,1.924695,0.103062,45.0,85.0,1.0,0.98,1.2,20.0,0.126227,0.956,3.06,2233.1,5.944,-1.004,
exp26_tcp_grid,ablationfull__ballspeed7__maxtcp1.0__noplot__servebox,"{""--ablation"": ""full"", ""--ball-speed"": 7, ""--max-tcp"": 1.0, ""--no-plot"": null, ""--serve-box"": null}",73,False,miss,0.402915,1.910679,0.225872,0.0,0.0,1.0,1.0,1.1,0.0,0.402915,0.0,1.52,1068.9,-1.0,-99.0,
exp26_tcp_grid,ablationfull__ballspeed7__maxtcp1.0__noplot__servebox,"{""--ablation"": ""full"", ""--ball-speed"": 7, ""--max-tcp"": 1.0, ""--no-plot"": null, ""--serve-box"": null}",74,False,miss,0.377114,1.966268,0.192125,0.0,0.0,1.0,1.0,1.3,0.0,0.377114,0.0,1.5,1017.7,-1.0,-99.0,
exp26_tcp_grid,ablationfull__ballspeed7__maxtcp1.0__noplot__servebox,"{""--ablation"": ""full"", ""--ball-speed"": 7, ""--max-tcp"": 1.0, ""--no-plot"": null, ""--serve-box"": null}",64,True,active,0.129112,1.967536,0.12498,40.0,105.0,1.01,1.0,1.3,10.0,0.129112,0.68,3.1,2270.3,5.979,-4.682,
exp26_tcp_grid,ablationfull__ballspeed7__maxtcp1.0__noplot__servebox,"{""--ablation"": ""full"", ""--ball-speed"": 7, ""--max-tcp"": 1.0, ""--no-plot"": null, ""--serve-box"": null}",69,False,miss,0.354155,1.956357,0.146882,30.0,55.0,1.01,0.97,1.2,0.0,0.354155,0.0,2.5,1721.2,-1.0,-99.0,
exp26_tcp_grid,ablationfull__ballspeed7__maxtcp1.0__noplot__servebox,"{""--ablation"": ""full"", ""--ball-speed"": 7, ""--max-tcp"": 1.0, ""--no-plot"": null, ""--serve-box"": null}",75,False,miss,0.393521,1.928109,0.189817,0.0,0.0,1.0,1.0,1.2,0.0,0.393521,0.0,1.66,1227.0,-1.0,-99.0,
exp26_tcp_grid,ablationfull__ballspeed7__maxtcp1.0__noplot__servebox,"{""--ablation"": ""full"", ""--ball-speed"": 7, ""--max-tcp"": 1.0, ""--no-plot"": null, ""--serve-box"": null}",76,True,active,0.072416,1.972263,0.065815,45.0,105.0,1.01,1.0,1.1,20.0,0.072416,0.875,1.58,1081.2,6.046,-2.419,
exp26_tcp_grid,ablationfull__ballspeed7__maxtcp1.0__noplot__servebox,"{""--ablation"": ""full"", ""--ball-speed"": 7, ""--max-tcp"": 1.0, ""--no-plot"": null, ""--serve-box"": null}",71,False,miss,0.341121,1.94757,0.162221,25.0,0.0,1.0,1.0,1.2,0.0,0.341121,0.0,2.09,1266.1,-1.0,-99.0,
exp26_tcp_grid,ablationfull__ballspeed7__maxtcp1.0__noplot__servebox,"{""--ablation"": ""full"", ""--ball-speed"": 7, ""--max-tcp"": 1.0, ""--no-plot"": null, ""--serve-box"": null}",77,False,miss,0.322416,1.930825,0.141827,0.0,0.0,1.0,0.98,1.5,0.0,0.322416,0.0,1.8,1080.7,-1.0,-99.0,
exp26_tcp_grid,ablationfull__ballspeed7__maxtcp1.0__noplot__servebox,"{""--ablation"": ""full"", ""--ball-speed"": 7, ""--max-tcp"": 1.0, ""--no-plot"": null, ""--serve-box"": null}",80,False,miss,0.343919,1.966688,0.182536,5.0,0.0,1.0,0.99,1.3,0.0,0.343919,0.0,1.77,1319.1,-1.0,-99.0,
exp26_tcp_grid,ablationfull__ballspeed7__maxtcp1.0__noplot__servebox,"{""--ablation"": ""full"", ""--ball-speed"": 7, ""--max-tcp"": 1.0, ""--no-plot"": null, ""--serve-box"": null}",82,False,miss,0.349893,1.957486,0.159134,25.0,0.0,1.0,1.0,1.2,0.0,0.349893,0.0,1.49,1059.2,-1.0,-99.0,
exp26_tcp_grid,ablationfull__ballspeed7__maxtcp1.0__noplot__servebox,"{""--ablation"": ""full"", ""--ball-speed"": 7, ""--max-tcp"": 1.0, ""--no-plot"": null, ""--serve-box"": null}",83,True,active,0.121436,1.95532,0.121436,50.0,105.0,1.0,1.0,1.6,15.0,0.121436,0.874,1.5,1039.1,5.518,-5.082,
exp26_tcp_grid,ablationfull__ballspeed7__maxtcp1.0__noplot__servebox,"{""--ablation"": ""full"", ""--ball-speed"": 7, ""--max-tcp"": 1.0, ""--no-plot"": null, ""--serve-box"": null}",84,False,miss,0.312179,1.915343,0.143797,30.0,70.0,1.0,0.99,1.3,0.0,0.312179,0.0,1.53,1098.3,-1.0,-99.0,
exp26_tcp_grid,ablationfull__ballspeed7__maxtcp1.0__noplot__servebox,"{""--ablation"": ""full"", ""--ball-speed"": 7, ""--max-tcp"": 1.0, ""--no-plot"": null, ""--serve-box"": null}",81,False,miss,0.304896,1.979849,0.14918,25.0,50.0,0.99,0.98,1.0,0.0,0.304896,0.0,1.9,1416.9,-1.0,-99.0,
exp26_tcp_grid,ablationfull__ballspeed7__maxtcp1.0__noplot__servebox,"{""--ablation"": ""full"", ""--ball-speed"": 7, ""--max-tcp"": 1.0, ""--no-plot"": null, ""--serve-box"": null}",85,True,active,0.118409,1.967808,0.108935,0.0,0.0,1.0,0.99,1.4,15.0,0.118409,0.989,1.5,1059.1,6.476,1.197,
exp26_tcp_grid,ablationfull__ballspeed7__maxtcp1.0__noplot__servebox,"{""--ablation"": ""full"", ""--ball-speed"": 7, ""--max-tcp"": 1.0, ""--no-plot"": null, ""--serve-box"": null}",72,True,active,0.097815,1.975544,0.091256,50.0,105.0,0.95,1.0,1.4,5.0,0.097815,0.303,3.13,2289.0,5.903,-5.452,
exp26_tcp_grid,ablationfull__ballspeed7__maxtcp1.0__noplot__servebox,"{""--ablation"": ""full"", ""--ball-speed"": 7, ""--max-tcp"": 1.0, ""--no-plot"": null, ""--serve-box"": null}",79,False,miss,0.332726,1.939127,0.151823,0.0,0.0,0.99,1.0,1.5,0.0,0.332726,0.0,2.54,2110.8,-1.0,-99.0,
exp26_tcp_grid,ablationfull__ballspeed7__maxtcp1.0__noplot__servebox,"{""--ablation"": ""full"", ""--ball-speed"": 7, ""--max-tcp"": 1.0, ""--no-plot"": null, ""--serve-box"": null}",88,True,active,0.130295,1.976378,0.122141,45.0,90.0,1.0,0.99,1.3,15.0,0.130295,0.694,1.6,1069.3,6.303,-3.64,
exp26_tcp_grid,ablationfull__ballspeed7__maxtcp1.0__noplot__servebox,"{""--ablation"": ""full"", ""--ball-speed"": 7, ""--max-tcp"": 1.0, ""--no-plot"": null, ""--serve-box"": null}",78,True,active,0.115941,1.932326,0.094143,60.0,105.0,1.0,1.0,1.2,20.0,0.115941,0.991,2.93,2063.7,5.448,-4.716,
exp26_tcp_grid,ablationfull__ballspeed7__maxtcp1.0__noplot__servebox,"{""--ablation"": ""full"", ""--ball-speed"": 7, ""--max-tcp"": 1.0, ""--no-plot"": null, ""--serve-box"": null}",90,False,miss,0.297904,1.959628,0.148928,30.0,60.0,1.0,0.98,1.1,0.0,0.297904,0.0,1.7,1247.4,-1.0,-99.0,
exp26_tcp_grid,ablationfull__ballspeed7__maxtcp1.0__noplot__servebox,"{""--ablation"": ""full"", ""--ball-speed"": 7, ""--max-tcp"": 1.0, ""--no-plot"": null, ""--serve-box"": null}",91,True,active,0.148935,1.938495,0.14299,40.0,95.0,1.01,1.0,1.4,5.0,0.148935,0.567,1.72,1036.5,6.526,-2.246,
exp26_tcp_grid,ablationfull__ballspeed7__maxtcp1.0__noplot__servebox,"{""--ablation"": ""full"", ""--ball-speed"": 7, ""--max-tcp"": 1.0, ""--no-plot"": null, ""--serve-box"": null}",92,False,miss,0.39207,1.956624,0.202915,0.0,0.0,1.0,0.99,1.5,0.0,0.39207,0.0,1.62,1126.2,-1.0,-99.0,
exp26_tcp_grid,ablationfull__ballspeed7__maxtcp1.0__noplot__servebox,"{""--ablation"": ""full"", ""--ball-speed"": 7, ""--max-tcp"": 1.0, ""--no-plot"": null, ""--serve-box"": null}",96,False,miss,0.356225,1.954614,0.155228,25.0,0.0,1.0,1.0,1.1,0.0,0.356225,0.0,1.52,1119.9,-1.0,-99.0,
exp26_tcp_grid,ablationfull__ballspeed7__maxtcp1.0__noplot__servebox,"{""--ablation"": ""full"", ""--ball-speed"": 7, ""--max-tcp"": 1.0, ""--no-plot"": null, ""--serve-box"": null}",94,False,miss,0.351849,1.933463,0.160546,25.0,0.0,1.0,1.0,1.4,0.0,0.351849,0.0,1.64,1160.0,-1.0,-99.0,
exp26_tcp_grid,ablationfull__ballspeed7__maxtcp1.0__noplot__servebox,"{""--ablation"": ""full"", ""--ball-speed"": 7, ""--max-tcp"": 1.0, ""--no-plot"": null, ""--serve-box"": null}",97,False,miss,0.372537,1.959368,0.174272,0.0,0.0,1.0,0.86,1.3,0.0,0.372537,0.0,1.57,1079.1,-1.0,-99.0,
exp26_tcp_grid,ablationfull__ballspeed7__maxtcp1.0__noplot__servebox,"{""--ablation"": ""full"", ""--ball-speed"": 7, ""--max-tcp"": 1.0, ""--no-plot"": null, ""--serve-box"": null}",98,True,active,0.11886,1.964159,0.068657,60.0,100.0,0.99,1.0,1.1,20.0,0.11886,0.961,1.46,1038.1,5.712,-2.492,
exp26_tcp_grid,ablationfull__ballspeed7__maxtcp1.0__noplot__servebox,"{""--ablation"": ""full"", ""--ball-speed"": 7, ""--max-tcp"": 1.0, ""--no-plot"": null, ""--serve-box"": null}",89,True,active,0.117738,1.964209,0.096692,0.0,0.0,1.0,0.99,1.1,15.0,0.117738,0.989,2.82,2074.4,5.878,1.823,
exp26_tcp_grid,ablationfull__ballspeed7__maxtcp1.0__noplot__servebox,"{""--ablation"": ""full"", ""--ball-speed"": 7, ""--max-tcp"": 1.0, ""--no-plot"": null, ""--serve-box"": null}",86,False,miss,0.342913,1.953548,0.160782,25.0,0.0,1.0,1.0,1.4,0.0,0.342913,0.0,3.05,2297.9,-1.0,-99.0,
exp26_tcp_grid,ablationfull__ballspeed7__maxtcp1.0__noplot__servebox,"{""--ablation"": ""full"", ""--ball-speed"": 7, ""--max-tcp"": 1.0, ""--no-plot"": null, ""--serve-box"": null}",100,False,miss,0.344347,1.956729,0.176113,15.0,0.0,1.01,1.0,1.1,0.0,0.344347,0.0,1.48,1030.3,-1.0,-99.0,
exp26_tcp_grid,ablationfull__ballspeed7__maxtcp1.0__noplot__servebox,"{""--ablation"": ""full"", ""--ball-speed"": 7, ""--max-tcp"": 1.0, ""--no-plot"": null, ""--serve-box"": null}",87,True,active,0.123653,1.98,0.121391,45.0,105.0,1.0,1.0,1.1,15.0,0.123653,0.889,3.25,2314.1,6.204,-4.82,
exp26_tcp_grid,ablationtube_only__ballspeed7__maxtcp1.0__noplot__servebox,"{""--ablation"": ""tube_only"", ""--ball-speed"": 7, ""--max-tcp"": 1.0, ""--no-plot"": null, ""--serve-box"": null}",1,False,miss,0.216793,1.861772,0.150618,0.0,0.0,1.0,1.0,1.4,0.0,0.216793,0.0,1.68,1224.6,-1.0,-99.0,
exp26_tcp_grid,ablationtube_only__ballspeed7__maxtcp1.0__noplot__servebox,"{""--ablation"": ""tube_only"", ""--ball-speed"": 7, ""--max-tcp"": 1.0, ""--no-plot"": null, ""--serve-box"": null}",2,True,active,0.100866,1.93086,0.060308,0.0,0.0,1.0,1.0,1.0,15.0,0.100866,0.989,1.49,1066.9,5.721,2.395,
exp26_tcp_grid,ablationfull__ballspeed7__maxtcp1.0__noplot__servebox,"{""--ablation"": ""full"", ""--ball-speed"": 7, ""--max-tcp"": 1.0, ""--no-plot"": null, ""--serve-box"": null}",93,True,active,0.117099,1.974015,0.107073,55.0,105.0,1.0,0.99,1.2,15.0,0.117099,0.998,2.68,2144.1,5.917,-3.717,
exp26_tcp_grid,ablationtube_only__ballspeed7__maxtcp1.0__noplot__servebox,"{""--ablation"": ""tube_only"", ""--ball-speed"": 7, ""--max-tcp"": 1.0, ""--no-plot"": null, ""--serve-box"": null}",5,False,miss,0.299497,2.009134,0.083166,0.0,0.0,0.99,1.0,1.2,0.0,0.299497,0.0,1.51,1070.4,-1.0,-99.0,
exp26_tcp_grid,ablationfull__ballspeed7__maxtcp1.0__noplot__servebox,"{""--ablation"": ""full"", ""--ball-speed"": 7, ""--max-tcp"": 1.0, ""--no-plot"": null, ""--serve-box"": null}",95,False,miss,0.35232,1.990895,0.159762,25.0,0.0,1.0,0.99,1.4,0.0,0.35232,0.0,3.09,2299.7,-1.0,-99.0,
exp26_tcp_grid,ablationtube_only__ballspeed7__maxtcp1.0__noplot__servebox,"{""--ablation"": ""tube_only"", ""--ball-speed"": 7, ""--max-tcp"": 1.0, ""--no-plot"": null, ""--serve-box"": null}",6,True,active,0.096461,1.984702,0.087886,50.0,105.0,1.01,0.96,1.0,10.0,0.096461,1.005,1.6,1191.5,5.934,-3.584,
exp26_tcp_grid,ablationfull__ballspeed7__maxtcp1.0__noplot__servebox,"{""--ablation"": ""full"", ""--ball-speed"": 7, ""--max-tcp"": 1.0, ""--no-plot"": null, ""--serve-box"": null}",99,True,active,0.14615,1.950651,0.143636,35.0,65.0,1.0,0.99,1.3,10.0,0.14615,0.839,2.82,1982.9,6.122,-5.766,
exp26_tcp_grid,ablationtube_only__ballspeed7__maxtcp1.0__noplot__servebox,"{""--ablation"": ""tube_only"", ""--ball-speed"": 7, ""--max-tcp"": 1.0, ""--no-plot"": null, ""--serve-box"": null}",7,True,active,0.116489,1.94248,0.090369,40.0,65.0,0.99,0.99,1.3,15.0,0.116489,0.945,1.64,1175.8,6.004,-0.095,
exp26_tcp_grid,ablationtube_only__ballspeed7__maxtcp1.0__noplot__servebox,"{""--ablation"": ""tube_only"", ""--ball-speed"": 7, ""--max-tcp"": 1.0, ""--no-plot"": null, ""--serve-box"": null}",4,False,miss,0.332137,1.93226,0.127125,25.0,70.0,0.99,0.99,1.3,0.0,0.332137,0.0,2.34,1549.3,-1.0,-99.0,
exp26_tcp_grid,ablationtube_only__ballspeed7__maxtcp1.0__noplot__servebox,"{""--ablation"": ""tube_only"", ""--ball-speed"": 7, ""--max-tcp"": 1.0, ""--no-plot"": null, ""--serve-box"": null}",20,,,,,,,,,,,,,,0.2,,,,no_result
exp26_tcp_grid,ablationtube_only__ballspeed7__maxtcp1.0__noplot__servebox,"{""--ablation"": ""tube_only"", ""--ball-speed"": 7, ""--max-tcp"": 1.0, ""--no-plot"": null, ""--serve-box"": null}",21,,,,,,,,,,,,,,0.2,,,,no_result
exp26_tcp_grid,ablationtube_only__ballspeed7__maxtcp1.0__noplot__servebox,"{""--ablation"": ""tube_only"", ""--ball-speed"": 7, ""--max-tcp"": 1.0, ""--no-plot"": null, ""--serve-box"": null}",10,True,active,0.082972,1.95004,0.078248,55.0,105.0,0.98,1.0,1.1,10.0,0.082972,0.934,1.53,1030.7,5.028,-1.743,
exp26_tcp_grid,ablationtube_only__ballspeed7__maxtcp1.0__noplot__servebox,"{""--ablation"": ""tube_only"", ""--ball-speed"": 7, ""--max-tcp"": 1.0, ""--no-plot"": null, ""--serve-box"": null}",3,False,miss,0.279496,1.863068,0.171905,20.0,0.0,1.0,1.0,1.2,0.0,0.279496,0.0,2.55,1684.9,-1.0,-99.0,
exp26_tcp_grid,ablationtube_only__ballspeed7__maxtcp1.0__noplot__servebox,"{""--ablation"": ""tube_only"", ""--ball-speed"": 7, ""--max-tcp"": 1.0, ""--no-plot"": null, ""--serve-box"": null}",13,False,miss,0.310255,1.918736,0.0966,0.0,0.0,0.99,0.99,1.2,0.0,0.310255,0.0,1.45,1040.9,-1.0,-99.0,
exp26_tcp_grid,ablationtube_only__ballspeed7__maxtcp1.0__noplot__servebox,"{""--ablation"": ""tube_only"", ""--ball-speed"": 7, ""--max-tcp"": 1.0, ""--no-plot"": null, ""--serve-box"": null}",11,True,active,0.114764,1.936831,0.082633,0.0,0.0,0.99,0.91,1.4,20.0,0.114764,0.955,1.8,1096.2,6.009,1.758,
exp26_tcp_grid,ablationtube_only__ballspeed7__maxtcp1.0__noplot__servebox,"{""--ablation"": ""tube_only"", ""--ball-speed"": 7, ""--max-tcp"": 1.0, ""--no-plot"": null, ""--serve-box"": null}",12,True,active,0.031535,1.976495,0.031535,50.0,105.0,1.0,0.97,1.2,10.0,0.031535,0.98,1.71,1250.7,6.005,-4.471,
exp26_tcp_grid,ablationtube_only__ballspeed7__maxtcp1.0__noplot__servebox,"{""--ablation"": ""tube_only"", ""--ball-speed"": 7, ""--max-tcp"": 1.0, ""--no-plot"": null, ""--serve-box"": null}",15,True,active,0.074893,1.968552,0.074893,40.0,105.0,1.0,0.99,1.0,10.0,0.074893,0.956,1.53,1028.5,6.03,-3.171,
exp26_tcp_grid,ablationtube_only__ballspeed7__maxtcp1.0__noplot__servebox,"{""--ablation"": ""tube_only"", ""--ball-speed"": 7, ""--max-tcp"": 1.0, ""--no-plot"": null, ""--serve-box"": null}",27,,,,,,,,,,,,,,0.3,,,,no_result
exp26_tcp_grid,ablationtube_only__ballspeed7__maxtcp1.0__noplot__servebox,"{""--ablation"": ""tube_only"", ""--ball-speed"": 7, ""--max-tcp"": 1.0, ""--no-plot"": null, ""--serve-box"": null}",17,False,miss,0.3413,1.949522,0.187718,0.0,0.0,1.0,0.99,1.2,0.0,0.3413,0.0,1.51,1153.8,-1.0,-99.0,
exp26_tcp_grid,ablationtube_only__ballspeed7__maxtcp1.0__noplot__servebox,"{""--ablation"": ""tube_only"", ""--ball-speed"": 7, ""--max-tcp"": 1.0, ""--no-plot"": null, ""--serve-box"": null}",14,True,active,0.143576,1.935007,0.137808,45.0,80.0,1.0,0.98,1.5,0.0,0.143576,0.78,2.06,1550.3,6.325,-5.166,
exp26_tcp_grid,ablationtube_only__ballspeed7__maxtcp1.0__noplot__servebox,"{""--ablation"": ""tube_only"", ""--ball-speed"": 7, ""--max-tcp"": 1.0, ""--no-plot"": null, ""--serve-box"": null}",19,True,active,0.088557,1.964072,0.046241,0.0,0.0,1.0,0.93,0.9,15.0,0.088557,0.969,1.45,1038.1,5.689,1.015,
exp26_tcp_grid,ablationtube_only__ballspeed7__maxtcp1.0__noplot__servebox,"{""--ablation"": ""tube_only"", ""--ball-speed"": 7, ""--max-tcp"": 1.0, ""--no-plot"": null, ""--serve-box"": null}",8,True,active,0.104768,1.914462,0.095216,50.0,105.0,1.0,0.99,1.1,10.0,0.104768,0.753,2.94,2252.0,5.014,-1.704,
exp26_tcp_grid,ablationtube_only__ballspeed7__maxtcp1.0__noplot__servebox,"{""--ablation"": ""tube_only"", ""--ball-speed"": 7, ""--max-tcp"": 1.0, ""--no-plot"": null, ""--serve-box"": null}",9,False,miss,0.333626,1.948439,0.17678,10.0,0.0,1.0,0.98,1.4,0.0,0.333626,0.0,3.02,2257.7,-1.0,-99.0,
exp26_tcp_grid,ablationtube_only__ballspeed7__maxtcp1.0__noplot__servebox,"{""--ablation"": ""tube_only"", ""--ball-speed"": 7, ""--max-tcp"": 1.0, ""--no-plot"": null, ""--serve-box"": null}",23,True,active,0.091882,1.973715,0.087883,50.0,105.0,1.0,0.98,1.2,10.0,0.091882,0.978,1.45,1050.5,6.084,-3.622,
exp26_tcp_grid,ablationtube_only__ballspeed7__maxtcp1.0__noplot__servebox,"{""--ablation"": ""tube_only"", ""--ball-speed"": 7, ""--max-tcp"": 1.0, ""--no-plot"": null, ""--serve-box"": null}",24,False,miss,0.322523,1.932225,0.145322,30.0,60.0,1.0,1.0,1.3,0.0,0.322523,0.0,1.46,1010.3,-1.0,-99.0,
exp26_tcp_grid,ablationtube_only__ballspeed7__maxtcp1.0__noplot__servebox,"{""--ablation"": ""tube_only"", ""--ball-speed"": 7, ""--max-tcp"": 1.0, ""--no-plot"": null, ""--serve-box"": null}",16,True,active,0.097083,1.9542,0.037574,0.0,0.0,1.0,0.93,1.2,20.0,0.097083,0.984,2.45,1736.9,6.351,1.601,
exp26_tcp_grid,ablationtube_only__ballspeed7__maxtcp1.0__noplot__servebox,"{""--ablation"": ""tube_only"", ""--ball-speed"": 7, ""--max-tcp"": 1.0, ""--no-plot"": null, ""--serve-box"": null}",26,True,active,0.081091,1.947149,0.062166,50.0,95.0,1.0,0.98,1.2,25.0,0.081091,0.979,1.64,1097.9,5.583,0.595,
exp26_tcp_grid,ablationtube_only__ballspeed7__maxtcp1.0__noplot__servebox,"{""--ablation"": ""tube_only"", ""--ball-speed"": 7, ""--max-tcp"": 1.0, ""--no-plot"": null, ""--serve-box"": null}",30,True,active,0.107833,1.928862,0.081839,0.0,0.0,0.99,0.99,1.3,15.0,0.107833,0.811,1.44,1041.3,6.031,1.273,
exp26_tcp_grid,ablationtube_only__ballspeed7__maxtcp1.0__noplot__servebox,"{""--ablation"": ""tube_only"", ""--ball-speed"": 7, ""--max-tcp"": 1.0, ""--no-plot"": null, ""--serve-box"": null}",31,False,miss,0.326474,1.92884,0.185239,0.0,0.0,1.0,1.0,1.3,0.0,0.326474,0.0,1.69,1273.9,-1.0,-99.0,
exp26_tcp_grid,ablationtube_only__ballspeed7__maxtcp1.0__noplot__servebox,"{""--ablation"": ""tube_only"", ""--ball-speed"": 7, ""--max-tcp"": 1.0, ""--no-plot"": null, ""--serve-box"": null}",28,False,miss,0.303198,1.918886,0.133957,35.0,85.0,0.99,0.95,1.4,0.0,0.303198,0.0,2.02,1189.7,-1.0,-99.0,
exp26_tcp_grid,ablationtube_only__ballspeed7__maxtcp1.0__noplot__servebox,"{""--ablation"": ""tube_only"", ""--ball-speed"": 7, ""--max-tcp"": 1.0, ""--no-plot"": null, ""--serve-box"": null}",32,True,active,0.096345,1.934494,0.096345,40.0,105.0,1.0,0.98,1.2,10.0,0.096345,0.982,1.6,1222.7,6.76,-5.679,
exp26_tcp_grid,ablationtube_only__ballspeed7__maxtcp1.0__noplot__servebox,"{""--ablation"": ""tube_only"", ""--ball-speed"": 7, ""--max-tcp"": 1.0, ""--no-plot"": null, ""--serve-box"": null}",18,True,active,0.117162,1.952094,0.117162,40.0,105.0,1.01,0.99,1.3,10.0,0.117162,1.005,3.03,2168.9,6.313,-2.797,
exp26_tcp_grid,ablationtube_only__ballspeed7__maxtcp1.0__noplot__servebox,"{""--ablation"": ""tube_only"", ""--ball-speed"": 7, ""--max-tcp"": 1.0, ""--no-plot"": null, ""--serve-box"": null}",34,True,active,0.116978,1.944197,0.10928,45.0,105.0,0.98,0.98,1.5,15.0,0.116978,0.857,1.56,1068.7,5.75,-0.738,
exp26_tcp_grid,ablationtube_only__ballspeed7__maxtcp1.0__noplot__servebox,"{""--ablation"": ""tube_only"", ""--ball-speed"": 7, ""--max-tcp"": 1.0, ""--no-plot"": null, ""--serve-box"": null}",22,True,active,0.087163,1.910944,0.065455,0.0,0.0,0.99,0.95,1.3,25.0,0.087163,0.94,2.9,2049.2,5.963,1.194,
exp26_tcp_grid,ablationtube_only__ballspeed7__maxtcp1.0__noplot__servebox,"{""--ablation"": ""tube_only"", ""--ball-speed"": 7, ""--max-tcp"": 1.0, ""--no-plot"": null, ""--serve-box"": null}",35,False,miss,0.332167,1.934032,0.127209,0.0,0.0,0.97,0.99,1.0,0.0,0.332167,0.0,1.51,1062.9,-1.0,-99.0,
exp26_tcp_grid,ablationtube_only__ballspeed7__maxtcp1.0__noplot__servebox,"{""--ablation"": ""tube_only"", ""--ball-speed"": 7, ""--max-tcp"": 1.0, ""--no-plot"": null, ""--serve-box"": null}",37,True,active,0.09976,1.938766,0.081903,0.0,0.0,1.0,0.95,1.1,25.0,0.09976,0.977,1.57,1064.6,6.118,1.69,
exp26_tcp_grid,ablationtube_only__ballspeed7__maxtcp1.0__noplot__servebox,"{""--ablation"": ""tube_only"", ""--ball-speed"": 7, ""--max-tcp"": 1.0, ""--no-plot"": null, ""--serve-box"": null}",25,False,miss,0.310851,1.918951,0.125577,0.0,0.0,0.99,0.99,1.1,0.0,0.310851,0.0,3.04,2285.5,-1.0,-99.0,
exp26_tcp_grid,ablationtube_only__ballspeed7__maxtcp1.0__noplot__servebox,"{""--ablation"": ""tube_only"", ""--ball-speed"": 7, ""--max-tcp"": 1.0, ""--no-plot"": null, ""--serve-box"": null}",38,False,miss,0.314571,1.944169,0.141438,30.0,70.0,0.99,0.99,1.3,0.0,0.314571,0.0,1.66,1215.2,-1.0,-99.0,
exp26_tcp_grid,ablationtube_only__ballspeed7__maxtcp1.0__noplot__servebox,"{""--ablation"": ""tube_only"", ""--ball-speed"": 7, ""--max-tcp"": 1.0, ""--no-plot"": null, ""--serve-box"": null}",29,True,active,0.120641,1.909503,0.099223,0.0,0.0,0.99,0.98,1.5,15.0,0.120641,0.739,2.87,2182.2,6.024,1.471,
exp26_tcp_grid,ablationtube_only__ballspeed7__maxtcp1.0__noplot__servebox,"{""--ablation"": ""tube_only"", ""--ball-speed"": 7, ""--max-tcp"": 1.0, ""--no-plot"": null, ""--serve-box"": null}",39,True,active,0.102718,1.932887,0.06511,0.0,0.0,1.0,1.0,1.1,20.0,0.102718,0.976,1.62,1122.6,6.478,3.179,
exp26_tcp_grid,ablationtube_only__ballspeed7__maxtcp1.0__noplot__servebox,"{""--ablation"": ""tube_only"", ""--ball-speed"": 7, ""--max-tcp"": 1.0, ""--no-plot"": null, ""--serve-box"": null}",41,False,miss,0.307898,1.976946,0.157034,25.0,0.0,1.0,1.0,1.4,0.0,0.307898,0.0,1.61,1150.3,-1.0,-99.0,
exp26_tcp_grid,ablationtube_only__ballspeed7__maxtcp1.0__noplot__servebox,"{""--ablation"": ""tube_only"", ""--ball-speed"": 7, ""--max-tcp"": 1.0, ""--no-plot"": null, ""--serve-box"": null}",36,True,active,0.111315,1.933853,0.074858,0.0,0.0,1.0,0.98,1.3,15.0,0.111315,0.959,2.37,1661.9,5.991,1.533,
exp26_tcp_grid,ablationtube_only__ballspeed7__maxtcp1.0__noplot__servebox,"{""--ablation"": ""tube_only"", ""--ball-speed"": 7, ""--max-tcp"": 1.0, ""--no-plot"": null, ""--serve-box"": null}",42,False,miss,0.331434,1.908757,0.122489,0.0,0.0,1.0,0.99,1.3,0.0,0.331434,0.0,1.55,1095.7,-1.0,-99.0,
exp26_tcp_grid,ablationtube_only__ballspeed7__maxtcp1.0__noplot__servebox,"{""--ablation"": ""tube_only"", ""--ball-speed"": 7, ""--max-tcp"": 1.0, ""--no-plot"": null, ""--serve-box"": null}",43,False,miss,0.305513,1.935597,0.134613,0.0,0.0,0.98,1.0,1.2,0.0,0.305513,0.0,1.52,1115.9,-1.0,-99.0,
exp26_tcp_grid,ablationtube_only__ballspeed7__maxtcp1.0__noplot__servebox,"{""--ablation"": ""tube_only"", ""--ball-speed"": 7, ""--max-tcp"": 1.0, ""--no-plot"": null, ""--serve-box"": null}",33,True,active,0.08834,1.9462,0.082151,45.0,105.0,1.0,0.98,1.4,15.0,0.08834,0.968,2.87,2107.1,5.637,-0.37,
exp26_tcp_grid,ablationtube_only__ballspeed7__maxtcp1.0__noplot__servebox,"{""--ablation"": ""tube_only"", ""--ball-speed"": 7, ""--max-tcp"": 1.0, ""--no-plot"": null, ""--serve-box"": null}",44,False,miss,0.325551,1.934396,0.124336,0.0,0.0,1.0,0.98,1.6,0.0,0.325551,0.0,1.58,1117.3,-1.0,-99.0,
exp26_tcp_grid,ablationtube_only__ballspeed7__maxtcp1.0__noplot__servebox,"{""--ablation"": ""tube_only"", ""--ball-speed"": 7, ""--max-tcp"": 1.0, ""--no-plot"": null, ""--serve-box"": null}",48,True,active,0.114148,1.94872,0.111982,40.0,105.0,1.01,1.0,1.4,0.0,0.114148,0.652,1.52,1030.3,6.266,-6.164,
exp26_tcp_grid,ablationtube_only__ballspeed7__maxtcp1.0__noplot__servebox,"{""--ablation"": ""tube_only"", ""--ball-speed"": 7, ""--max-tcp"": 1.0, ""--no-plot"": null, ""--serve-box"": null}",40,False,miss,0.332346,1.93975,0.173929,15.0,0.0,0.97,0.99,1.4,0.0,0.332346,0.0,2.74,2065.3,-1.0,-99.0,
exp26_tcp_grid,ablationtube_only__ballspeed7__maxtcp1.0__noplot__servebox,"{""--ablation"": ""tube_only"", ""--ball-speed"": 7, ""--max-tcp"": 1.0, ""--no-plot"": null, ""--serve-box"": null}",46,True,active,0.1131,1.963183,0.090173,55.0,105.0,1.0,0.93,1.1,15.0,0.1131,0.983,1.75,1282.3,5.916,-1.275,
exp26_tcp_grid,ablationtube_only__ballspeed7__maxtcp1.0__noplot__servebox,"{""--ablation"": ""tube_only"", ""--ball-speed"": 7, ""--max-tcp"": 1.0, ""--no-plot"": null, ""--serve-box"": null}",52,True,active,0.067285,1.938495,0.067285,45.0,105.0,0.99,0.97,1.1,10.0,0.067285,0.963,1.42,1008.7,5.907,-1.95,
exp26_tcp_grid,ablationtube_only__ballspeed7__maxtcp1.0__noplot__servebox,"{""--ablation"": ""tube_only"", ""--ball-speed"": 7, ""--max-tcp"": 1.0, ""--no-plot"": null, ""--serve-box"": null}",49,True,active,0.110867,1.97004,0.107859,45.0,105.0,1.0,0.98,1.4,15.0,0.110867,0.933,1.68,1220.5,5.877,-0.619,
exp26_tcp_grid,ablationtube_only__ballspeed7__maxtcp1.0__noplot__servebox,"{""--ablation"": ""tube_only"", ""--ball-speed"": 7, ""--max-tcp"": 1.0, ""--no-plot"": null, ""--serve-box"": null}",53,True,active,0.106241,1.909742,0.046218,0.0,0.0,1.0,0.86,1.4,25.0,0.106241,0.942,1.9,1460.7,6.015,1.995,
exp26_tcp_grid,ablationtube_only__ballspeed7__maxtcp1.0__noplot__servebox,"{""--ablation"": ""tube_only"", ""--ball-speed"": 7, ""--max-tcp"": 1.0, ""--no-plot"": null, ""--serve-box"": null}",56,True,active,0.142805,1.917132,0.142805,35.0,45.0,1.01,1.0,1.2,10.0,0.142805,0.943,1.44,1034.1,6.413,-1.488,
exp26_tcp_grid,ablationtube_only__ballspeed7__maxtcp1.0__noplot__servebox,"{""--ablation"": ""tube_only"", ""--ball-speed"": 7, ""--max-tcp"": 1.0, ""--no-plot"": null, ""--serve-box"": null}",57,True,active,0.090802,1.934676,0.090536,30.0,70.0,1.0,0.99,1.3,10.0,0.090802,1.005,1.42,1024.2,6.538,-1.225,
exp26_tcp_grid,ablationtube_only__ballspeed7__maxtcp1.0__noplot__servebox,"{""--ablation"": ""tube_only"", ""--ball-speed"": 7, ""--max-tcp"": 1.0, ""--no-plot"": null, ""--serve-box"": null}",50,True,active,0.10567,1.901575,0.065542,60.0,95.0,0.99,0.98,1.3,15.0,0.10567,0.98,2.3,1780.9,5.931,-1.685,
exp26_tcp_grid,ablationtube_only__ballspeed7__maxtcp1.0__noplot__servebox,"{""--ablation"": ""tube_only"", ""--ball-speed"": 7, ""--max-tcp"": 1.0, ""--no-plot"": null, ""--serve-box"": null}",47,True,active,0.056532,1.9451,0.056532,55.0,105.0,1.01,0.99,1.3,0.0,0.056532,0.356,2.85,1963.3,5.948,-5.326,
exp26_tcp_grid,ablationtube_only__ballspeed7__maxtcp1.0__noplot__servebox,"{""--ablation"": ""tube_only"", ""--ball-speed"": 7, ""--max-tcp"": 1.0, ""--no-plot"": null, ""--serve-box"": null}",59,True,active,0.094062,1.92746,0.052319,10.0,35.0,1.0,0.99,1.3,15.0,0.094062,0.992,1.6,1173.0,6.508,-0.004,
exp26_tcp_grid,ablationtube_only__ballspeed7__maxtcp1.0__noplot__servebox,"{""--ablation"": ""tube_only"", ""--ball-speed"": 7, ""--max-tcp"": 1.0, ""--no-plot"": null, ""--serve-box"": null}",45,True,active,0.130157,1.952686,0.118024,45.0,105.0,0.97,1.0,1.2,10.0,0.130157,0.85,3.1,2284.0,5.926,-1.239,
exp26_tcp_grid,ablationtube_only__ballspeed7__maxtcp1.0__noplot__servebox,"{""--ablation"": ""tube_only"", ""--ball-speed"": 7, ""--max-tcp"": 1.0, ""--no-plot"": null, ""--serve-box"": null}",60,True,active,0.146165,1.94504,0.143202,40.0,70.0,1.01,1.0,1.4,10.0,0.146165,1.008,1.49,1066.0,6.112,-2.019,
exp26_tcp_grid,ablationtube_only__ballspeed7__maxtcp1.0__noplot__servebox,"{""--ablation"": ""tube_only"", ""--ball-speed"": 7, ""--max-tcp"": 1.0, ""--no-plot"": null, ""--serve-box"": null}",62,True,active,0.080806,1.954995,0.080806,50.0,105.0,1.0,0.99,1.2,5.0,0.080806,0.699,1.48,1051.8,6.275,-5.684,
exp26_tcp_grid,ablationtube_only__ballspeed7__maxtcp1.0__noplot__servebox,"{""--ablation"": ""tube_only"", ""--ball-speed"": 7, ""--max-tcp"": 1.0, ""--no-plot"": null, ""--serve-box"": null}",63,True,active,0.091075,1.952493,0.061288,0.0,0.0,1.0,0.99,1.1,15.0,0.091075,0.955,1.49,1068.7,6.448,2.549,
exp26_tcp_grid,ablationtube_only__ballspeed7__maxtcp1.0__noplot__servebox,"{""--ablation"": ""tube_only"", ""--ball-speed"": 7, ""--max-tcp"": 1.0, ""--no-plot"": null, ""--serve-box"": null}",51,False,miss,0.356863,1.900514,0.190295,0.0,0.0,1.0,1.0,1.5,0.0,0.356863,0.0,2.98,2259.2,-1.0,-99.0,
exp26_tcp_grid,ablationtube_only__ballspeed7__maxtcp1.0__noplot__servebox,"{""--ablation"": ""tube_only"", ""--ball-speed"": 7, ""--max-tcp"": 1.0, ""--no-plot"": null, ""--serve-box"": null}",55,False,miss,0.304925,1.920924,0.138674,35.0,105.0,0.98,0.99,1.1,0.0,0.304925,0.0,2.47,1938.7,-1.0,-99.0,
exp26_tcp_grid,ablationtube_only__ballspeed7__maxtcp1.0__noplot__servebox,"{""--ablation"": ""tube_only"", ""--ball-speed"": 7, ""--max-tcp"": 1.0, ""--no-plot"": null, ""--serve-box"": null}",54,True,active,0.09229,1.936307,0.042116,0.0,0.0,1.0,0.97,1.4,20.0,0.09229,0.999,2.75,2010.1,6.205,3.092,
exp26_tcp_grid,ablationtube_only__ballspeed7__maxtcp1.0__noplot__servebox,"{""--ablation"": ""tube_only"", ""--ball-speed"": 7, ""--max-tcp"": 1.0, ""--no-plot"": null, ""--serve-box"": null}",64,False,miss,0.290145,1.919569,0.151152,30.0,50.0,1.0,1.0,1.2,0.0,0.290145,0.0,1.66,1227.6,-1.0,-99.0,
exp26_tcp_grid,ablationtube_only__ballspeed7__maxtcp1.0__noplot__servebox,"{""--ablation"": ""tube_only"", ""--ball-speed"": 7, ""--max-tcp"": 1.0, ""--no-plot"": null, ""--serve-box"": null}",58,True,active,0.092359,1.945662,0.037173,0.0,0.0,0.99,0.95,1.0,20.0,0.092359,0.984,2.63,1863.3,6.173,1.997,
exp26_tcp_grid,ablationtube_only__ballspeed7__maxtcp1.0__noplot__servebox,"{""--ablation"": ""tube_only"", ""--ball-speed"": 7, ""--max-tcp"": 1.0, ""--no-plot"": null, ""--serve-box"": null}",66,True,active,0.139372,1.914183,0.129612,45.0,90.0,0.99,0.98,1.6,10.0,0.139372,0.954,1.48,1053.0,5.36,-1.938,
exp26_tcp_grid,ablationtube_only__ballspeed7__maxtcp1.0__noplot__servebox,"{""--ablation"": ""tube_only"", ""--ball-speed"": 7, ""--max-tcp"": 1.0, ""--no-plot"": null, ""--serve-box"": null}",67,False,miss,0.293583,1.922729,0.12277,0.0,0.0,0.99,0.95,1.1,0.0,0.293583,0.0,1.51,1080.4,-1.0,-99.0,
exp26_tcp_grid,ablationtube_only__ballspeed7__maxtcp1.0__noplot__servebox,"{""--ablation"": ""tube_only"", ""--ball-speed"": 7, ""--max-tcp"": 1.0, ""--no-plot"": null, ""--serve-box"": null}",65,True,active,0.136553,1.940333,0.129926,45.0,105.0,1.0,1.0,1.3,0.0,0.136553,0.66,1.77,1085.0,6.545,-5.046,
exp26_tcp_grid,ablationtube_only__ballspeed7__maxtcp1.0__noplot__servebox,"{""--ablation"": ""tube_only"", ""--ball-speed"": 7, ""--max-tcp"": 1.0, ""--no-plot"": null, ""--serve-box"": null}",61,True,active,0.090195,1.91686,0.079205,50.0,105.0,1.0,0.94,1.4,15.0,0.090195,0.99,2.6,1977.1,5.562,-1.337,
exp26_tcp_grid,ablationtube_only__ballspeed7__maxtcp1.0__noplot__servebox,"{""--ablation"": ""tube_only"", ""--ball-speed"": 7, ""--max-tcp"": 1.0, ""--no-plot"": null, ""--serve-box"": null}",68,False,miss,0.323952,1.926195,0.126659,0.0,0.0,1.0,0.91,1.5,0.0,0.323952,0.0,1.7,1222.9,-1.0,-99.0,
exp26_tcp_grid,ablationtube_only__ballspeed7__maxtcp1.0__noplot__servebox,"{""--ablation"": ""tube_only"", ""--ball-speed"": 7, ""--max-tcp"": 1.0, ""--no-plot"": null, ""--serve-box"": null}",74,False,miss,0.314098,1.932636,0.152915,30.0,40.0,0.98,1.0,1.5,0.0,0.314098,0.0,1.46,1055.8,-1.0,-99.0,
exp26_tcp_grid,ablationtube_only__ballspeed7__maxtcp1.0__noplot__servebox,"{""--ablation"": ""tube_only"", ""--ball-speed"": 7, ""--max-tcp"": 1.0, ""--no-plot"": null, ""--serve-box"": null}",71,False,miss,0.310172,1.918308,0.120626,0.0,0.0,0.99,0.98,1.2,0.0,0.310172,0.0,1.79,1081.7,-1.0,-99.0,
exp26_tcp_grid,ablationtube_only__ballspeed7__maxtcp1.0__noplot__servebox,"{""--ablation"": ""tube_only"", ""--ball-speed"": 7, ""--max-tcp"": 1.0, ""--no-plot"": null, ""--serve-box"": null}",75,False,miss,0.35734,1.904499,0.173092,15.0,0.0,1.0,1.0,1.7,0.0,0.35734,0.0,1.52,1029.3,-1.0,-99.0,
exp26_tcp_grid,ablationtube_only__ballspeed7__maxtcp1.0__noplot__servebox,"{""--ablation"": ""tube_only"", ""--ball-speed"": 7, ""--max-tcp"": 1.0, ""--no-plot"": null, ""--serve-box"": null}",77,True,active,0.097917,1.944237,0.021255,0.0,0.0,1.0,0.98,1.1,20.0,0.097917,0.984,1.57,1029.8,5.995,0.586,
exp26_tcp_grid,ablationtube_only__ballspeed7__maxtcp1.0__noplot__servebox,"{""--ablation"": ""tube_only"", ""--ball-speed"": 7, ""--max-tcp"": 1.0, ""--no-plot"": null, ""--serve-box"": null}",81,True,active,0.132804,1.948862,0.129559,40.0,95.0,1.0,1.0,1.2,5.0,0.132804,0.808,1.44,1017.4,6.204,-4.334,
exp26_tcp_grid,ablationtube_only__ballspeed7__maxtcp1.0__noplot__servebox,"{""--ablation"": ""tube_only"", ""--ball-speed"": 7, ""--max-tcp"": 1.0, ""--no-plot"": null, ""--serve-box"": null}",80,False,miss,0.330437,1.985914,0.16247,25.0,0.0,1.0,0.79,1.1,0.0,0.330437,0.0,1.54,1182.0,-1.0,-99.0,
exp26_tcp_grid,ablationtube_only__ballspeed7__maxtcp1.0__noplot__servebox,"{""--ablation"": ""tube_only"", ""--ball-speed"": 7, ""--max-tcp"": 1.0, ""--no-plot"": null, ""--serve-box"": null}",82,True,active,0.123036,1.925306,0.120833,35.0,105.0,1.0,0.99,1.4,15.0,0.123036,0.898,1.46,1077.1,6.36,-3.194,
exp26_tcp_grid,ablationtube_only__ballspeed7__maxtcp1.0__noplot__servebox,"{""--ablation"": ""tube_only"", ""--ball-speed"": 7, ""--max-tcp"": 1.0, ""--no-plot"": null, ""--serve-box"": null}",79,True,active,0.110525,1.930918,0.059486,0.0,5.0,1.0,0.97,1.0,20.0,0.110525,0.935,1.91,1111.0,6.027,1.353,
exp26_tcp_grid,ablationtube_only__ballspeed7__maxtcp1.0__noplot__servebox,"{""--ablation"": ""tube_only"", ""--ball-speed"": 7, ""--max-tcp"": 1.0, ""--no-plot"": null, ""--serve-box"": null}",83,True,active,0.13967,1.925234,0.129641,45.0,100.0,1.0,0.98,1.2,10.0,0.13967,0.843,1.45,1038.2,6.033,-3.296,
exp26_tcp_grid,ablationtube_only__ballspeed7__maxtcp1.0__noplot__servebox,"{""--ablation"": ""tube_only"", ""--ball-speed"": 7, ""--max-tcp"": 1.0, ""--no-plot"": null, ""--serve-box"": null}",69,True,active,0.135488,1.921001,0.117395,50.0,95.0,0.99,0.98,1.3,15.0,0.135488,0.924,3.11,2248.2,5.818,-1.956,
exp26_tcp_grid,ablationtube_only__ballspeed7__maxtcp1.0__noplot__servebox,"{""--ablation"": ""tube_only"", ""--ball-speed"": 7, ""--max-tcp"": 1.0, ""--no-plot"": null, ""--serve-box"": null}",70,True,active,0.135298,1.939563,0.127066,45.0,80.0,1.0,0.99,1.2,10.0,0.135298,1.001,2.99,2276.3,6.349,-4.111,
exp26_tcp_grid,ablationtube_only__ballspeed7__maxtcp1.0__noplot__servebox,"{""--ablation"": ""tube_only"", ""--ball-speed"": 7, ""--max-tcp"": 1.0, ""--no-plot"": null, ""--serve-box"": null}",84,False,miss,0.31197,1.919789,0.109398,40.0,90.0,1.0,0.98,1.4,0.0,0.31197,0.0,1.73,1306.8,-1.0,-99.0,
exp26_tcp_grid,ablationtube_only__ballspeed7__maxtcp1.0__noplot__servebox,"{""--ablation"": ""tube_only"", ""--ball-speed"": 7, ""--max-tcp"": 1.0, ""--no-plot"": null, ""--serve-box"": null}",72,False,miss,0.269173,1.945991,0.159889,25.0,0.0,0.94,0.99,0.9,0.0,0.269173,0.0,3.13,2299.4,-1.0,-99.0,
exp26_tcp_grid,ablationtube_only__ballspeed7__maxtcp1.0__noplot__servebox,"{""--ablation"": ""tube_only"", ""--ball-speed"": 7, ""--max-tcp"": 1.0, ""--no-plot"": null, ""--serve-box"": null}",73,False,miss,0.344068,1.938959,0.140046,35.0,70.0,1.0,0.98,1.3,0.0,0.344068,0.0,3.03,2271.6,-1.0,-99.0,
exp26_tcp_grid,ablationtube_only__ballspeed7__maxtcp1.0__noplot__servebox,"{""--ablation"": ""tube_only"", ""--ball-speed"": 7, ""--max-tcp"": 1.0, ""--no-plot"": null, ""--serve-box"": null}",85,True,active,0.11449,1.926183,0.092027,0.0,0.0,0.99,0.97,1.3,20.0,0.11449,0.983,1.46,1029.0,6.127,1.266,
exp26_tcp_grid,ablationtube_only__ballspeed7__maxtcp1.0__noplot__servebox,"{""--ablation"": ""tube_only"", ""--ball-speed"": 7, ""--max-tcp"": 1.0, ""--no-plot"": null, ""--serve-box"": null}",76,True,active,0.091594,1.916179,0.067729,0.0,0.0,1.0,0.97,1.4,20.0,0.091594,0.807,2.87,2121.1,6.391,2.439,
exp26_tcp_grid,ablationtube_only__ballspeed7__maxtcp1.0__noplot__servebox,"{""--ablation"": ""tube_only"", ""--ball-speed"": 7, ""--max-tcp"": 1.0, ""--no-plot"": null, ""--serve-box"": null}",87,True,active,0.080449,1.957439,0.065098,50.0,105.0,1.0,0.98,0.9,15.0,0.080449,0.969,1.54,1066.0,5.832,-2.905,
exp26_tcp_grid,ablationtube_only__ballspeed7__maxtcp1.0__noplot__servebox,"{""--ablation"": ""tube_only"", ""--ball-speed"": 7, ""--max-tcp"": 1.0, ""--no-plot"": null, ""--serve-box"": null}",78,True,active,0.068119,1.946953,0.068119,45.0,105.0,1.0,0.99,1.1,15.0,0.068119,0.99,2.9,2038.0,5.593,-1.38,
exp26_tcp_grid,ablationtube_only__ballspeed7__maxtcp1.0__noplot__servebox,"{""--ablation"": ""tube_only"", ""--ball-speed"": 7, ""--max-tcp"": 1.0, ""--no-plot"": null, ""--serve-box"": null}",86,True,active,0.111576,1.931778,0.077094,0.0,0.0,1.0,0.99,1.5,20.0,0.111576,0.735,1.66,1140.6,6.267,1.15,
exp26_tcp_grid,ablationtube_only__ballspeed7__maxtcp1.0__noplot__servebox,"{""--ablation"": ""tube_only"", ""--ball-speed"": 7, ""--max-tcp"": 1.0, ""--no-plot"": null, ""--serve-box"": null}",88,True,active,0.072991,1.979398,0.063673,55.0,105.0,1.01,1.0,1.1,5.0,0.072991,0.67,1.65,1163.2,6.023,-4.039,
exp26_tcp_grid,ablationtube_only__ballspeed7__maxtcp1.0__noplot__servebox,"{""--ablation"": ""tube_only"", ""--ball-speed"": 7, ""--max-tcp"": 1.0, ""--no-plot"": null, ""--serve-box"": null}",92,True,active,0.132355,1.915751,0.120894,45.0,105.0,0.99,0.99,1.4,15.0,0.132355,0.901,1.55,1131.4,5.819,-2.552,
exp26_tcp_grid,ablationtube_only__ballspeed7__maxtcp1.0__noplot__servebox,"{""--ablation"": ""tube_only"", ""--ball-speed"": 7, ""--max-tcp"": 1.0, ""--no-plot"": null, ""--serve-box"": null}",90,False,miss,0.292076,1.953318,0.149517,30.0,60.0,1.0,1.0,1.3,0.0,0.292076,0.0,1.86,1477.8,-1.0,-99.0,
exp26_tcp_grid,ablationtube_only__ballspeed7__maxtcp1.0__noplot__servebox,"{""--ablation"": ""tube_only"", ""--ball-speed"": 7, ""--max-tcp"": 1.0, ""--no-plot"": null, ""--serve-box"": null}",89,True,active,0.11887,1.936265,0.085858,0.0,10.0,1.0,0.97,1.3,15.0,0.11887,0.971,2.02,1316.7,5.791,1.799,
exp26_tcp_grid,ablationtube_only__ballspeed7__maxtcp1.0__noplot__servebox,"{""--ablation"": ""tube_only"", ""--ball-speed"": 7, ""--max-tcp"": 1.0, ""--no-plot"": null, ""--serve-box"": null}",91,True,active,0.119971,1.966758,0.119971,40.0,105.0,1.0,0.99,1.4,5.0,0.119971,0.789,2.2,1420.5,6.633,-2.91,
exp26_tcp_grid,ablationtube_only__ballspeed7__maxtcp1.0__noplot__servebox,"{""--ablation"": ""tube_only"", ""--ball-speed"": 7, ""--max-tcp"": 1.0, ""--no-plot"": null, ""--serve-box"": null}",99,True,active,0.12122,1.943002,0.12122,40.0,105.0,1.0,0.99,1.4,5.0,0.12122,0.381,1.53,1040.6,6.072,-4.752,
exp26_tcp_grid,ablationtube_only__ballspeed7__maxtcp1.0__noplot__servebox,"{""--ablation"": ""tube_only"", ""--ball-speed"": 7, ""--max-tcp"": 1.0, ""--no-plot"": null, ""--serve-box"": null}",100,False,miss,0.307241,1.941278,0.145885,30.0,70.0,1.0,1.0,1.3,0.0,0.307241,0.0,1.51,1053.3,-1.0,-99.0,
exp26_tcp_grid,ablationsoftmin_only__ballspeed7__maxtcp1.0__noplot__servebox,"{""--ablation"": ""softmin_only"", ""--ball-speed"": 7, ""--max-tcp"": 1.0, ""--no-plot"": null, ""--serve-box"": null}",2,True,active,0.127023,1.951134,0.102028,50.0,105.0,1.0,0.96,1.1,15.0,0.127023,0.964,1.51,1024.4,5.694,-0.678,
exp26_tcp_grid,ablationsoftmin_only__ballspeed7__maxtcp1.0__noplot__servebox,"{""--ablation"": ""softmin_only"", ""--ball-speed"": 7, ""--max-tcp"": 1.0, ""--no-plot"": null, ""--serve-box"": null}",3,False,miss,0.404414,1.981087,0.182572,5.0,0.0,1.01,0.99,1.5,0.0,0.404414,0.0,1.64,1128.4,-1.0,-99.0,
exp26_tcp_grid,ablationsoftmin_only__ballspeed7__maxtcp1.0__noplot__servebox,"{""--ablation"": ""softmin_only"", ""--ball-speed"": 7, ""--max-tcp"": 1.0, ""--no-plot"": null, ""--serve-box"": null}",1,True,passive,0.101169,1.926868,0.101169,0.0,10.0,1.0,1.0,1.3,0.0,0.101169,0.218,1.73,1018.4,6.112,1.102,
exp26_tcp_grid,ablationtube_only__ballspeed7__maxtcp1.0__noplot__servebox,"{""--ablation"": ""tube_only"", ""--ball-speed"": 7, ""--max-tcp"": 1.0, ""--no-plot"": null, ""--serve-box"": null}",95,True,active,0.08347,1.975572,0.052401,55.0,100.0,0.99,0.98,1.3,15.0,0.08347,0.827,2.19,1410.4,6.138,-1.26,
exp26_tcp_grid,ablationtube_only__ballspeed7__maxtcp1.0__noplot__servebox,"{""--ablation"": ""tube_only"", ""--ball-speed"": 7, ""--max-tcp"": 1.0, ""--no-plot"": null, ""--serve-box"": null}",94,True,active,0.080363,1.937323,0.080363,45.0,105.0,0.99,0.99,1.1,10.0,0.080363,0.976,2.21,1630.7,6.194,-5.234,
exp26_tcp_grid,ablationsoftmin_only__ballspeed7__maxtcp1.0__noplot__servebox,"{""--ablation"": ""softmin_only"", ""--ball-speed"": 7, ""--max-tcp"": 1.0, ""--no-plot"": null, ""--serve-box"": null}",4,False,miss,0.378866,1.939963,0.201873,0.0,0.0,1.0,1.0,1.3,0.0,0.378866,0.0,1.66,1241.9,-1.0,-99.0,
exp26_tcp_grid,ablationtube_only__ballspeed7__maxtcp1.0__noplot__servebox,"{""--ablation"": ""tube_only"", ""--ball-speed"": 7, ""--max-tcp"": 1.0, ""--no-plot"": null, ""--serve-box"": null}",93,True,active,0.128841,1.93136,0.107745,50.0,105.0,0.99,0.97,1.1,10.0,0.128841,0.959,3.05,2299.3,6.582,-4.035,
exp26_tcp_grid,ablationsoftmin_only__ballspeed7__maxtcp1.0__noplot__servebox,"{""--ablation"": ""softmin_only"", ""--ball-speed"": 7, ""--max-tcp"": 1.0, ""--no-plot"": null, ""--serve-box"": null}",6,True,active,0.084276,1.959773,0.084276,50.0,105.0,1.0,1.0,1.3,15.0,0.084276,0.928,1.59,1189.4,5.176,-4.315,
exp26_tcp_grid,ablationsoftmin_only__ballspeed7__maxtcp1.0__noplot__servebox,"{""--ablation"": ""softmin_only"", ""--ball-speed"": 7, ""--max-tcp"": 1.0, ""--no-plot"": null, ""--serve-box"": null}",7,True,active,0.11412,1.92148,0.109774,50.0,105.0,0.99,0.98,1.5,15.0,0.11412,0.976,1.49,1048.0,5.579,-5.188,
exp26_tcp_grid,ablationsoftmin_only__ballspeed7__maxtcp1.0__noplot__servebox,"{""--ablation"": ""softmin_only"", ""--ball-speed"": 7, ""--max-tcp"": 1.0, ""--no-plot"": null, ""--serve-box"": null}",8,False,miss,0.334697,1.928816,0.174592,15.0,0.0,1.0,1.0,1.4,0.0,0.334697,0.0,1.4,1003.5,-1.0,-99.0,
exp26_tcp_grid,ablationtube_only__ballspeed7__maxtcp1.0__noplot__servebox,"{""--ablation"": ""tube_only"", ""--ball-speed"": 7, ""--max-tcp"": 1.0, ""--no-plot"": null, ""--serve-box"": null}",98,True,active,0.09348,1.920828,0.028505,0.0,0.0,0.98,0.97,1.2,15.0,0.09348,0.956,2.94,2203.9,5.762,0.807,
exp26_tcp_grid,ablationtube_only__ballspeed7__maxtcp1.0__noplot__servebox,"{""--ablation"": ""tube_only"", ""--ball-speed"": 7, ""--max-tcp"": 1.0, ""--no-plot"": null, ""--serve-box"": null}",96,True,active,0.118854,1.914733,0.118019,45.0,105.0,1.0,1.0,1.5,0.0,0.118854,0.472,3.16,2326.7,4.926,-3.961,
exp26_tcp_grid,ablationtube_only__ballspeed7__maxtcp1.0__noplot__servebox,"{""--ablation"": ""tube_only"", ""--ball-speed"": 7, ""--max-tcp"": 1.0, ""--no-plot"": null, ""--serve-box"": null}",97,False,miss,0.338479,1.919856,0.150944,20.0,0.0,0.98,0.98,1.4,0.0,0.338479,0.0,3.0,2251.6,-1.0,-99.0,
exp26_tcp_grid,ablationsoftmin_only__ballspeed7__maxtcp1.0__noplot__servebox,"{""--ablation"": ""softmin_only"", ""--ball-speed"": 7, ""--max-tcp"": 1.0, ""--no-plot"": null, ""--serve-box"": null}",21,,,,,,,,,,,,,,0.25,,,,no_result
exp26_tcp_grid,ablationsoftmin_only__ballspeed7__maxtcp1.0__noplot__servebox,"{""--ablation"": ""softmin_only"", ""--ball-speed"": 7, ""--max-tcp"": 1.0, ""--no-plot"": null, ""--serve-box"": null}",20,,,,,,,,,,,,,,0.27,,,,no_result
exp26_tcp_grid,ablationsoftmin_only__ballspeed7__maxtcp1.0__noplot__servebox,"{""--ablation"": ""softmin_only"", ""--ball-speed"": 7, ""--max-tcp"": 1.0, ""--no-plot"": null, ""--serve-box"": null}",11,False,miss,0.348972,1.961739,0.160935,0.0,0.0,1.01,1.0,1.5,0.0,0.348972,0.0,1.54,1118.8,-1.0,-99.0,
exp26_tcp_grid,ablationsoftmin_only__ballspeed7__maxtcp1.0__noplot__servebox,"{""--ablation"": ""softmin_only"", ""--ball-speed"": 7, ""--max-tcp"": 1.0, ""--no-plot"": null, ""--serve-box"": null}",12,True,active,0.120713,1.95186,0.109102,55.0,105.0,1.01,0.98,1.5,20.0,0.120713,0.961,1.45,1014.2,4.91,-3.131,
exp26_tcp_grid,ablationsoftmin_only__ballspeed7__maxtcp1.0__noplot__servebox,"{""--ablation"": ""softmin_only"", ""--ball-speed"": 7, ""--max-tcp"": 1.0, ""--no-plot"": null, ""--serve-box"": null}",15,True,active,0.12652,1.931452,0.122425,45.0,90.0,1.0,0.98,1.2,10.0,0.12652,0.895,1.45,1038.5,6.216,-4.97,
exp26_tcp_grid,ablationsoftmin_only__ballspeed7__maxtcp1.0__noplot__servebox,"{""--ablation"": ""softmin_only"", ""--ball-speed"": 7, ""--max-tcp"": 1.0, ""--no-plot"": null, ""--serve-box"": null}",9,False,miss,0.304069,1.945438,0.147711,35.0,55.0,1.0,1.0,1.4,0.0,0.304069,0.0,1.92,1510.3,-1.0,-99.0,
exp26_tcp_grid,ablationsoftmin_only__ballspeed7__maxtcp1.0__noplot__servebox,"{""--ablation"": ""softmin_only"", ""--ball-speed"": 7, ""--max-tcp"": 1.0, ""--no-plot"": null, ""--serve-box"": null}",27,,,,,,,,,,,,,,0.2,,,,no_result
exp26_tcp_grid,ablationsoftmin_only__ballspeed7__maxtcp1.0__noplot__servebox,"{""--ablation"": ""softmin_only"", ""--ball-speed"": 7, ""--max-tcp"": 1.0, ""--no-plot"": null, ""--serve-box"": null}",13,True,active,0.123719,1.955856,0.094847,55.0,105.0,1.01,0.98,1.1,20.0,0.123719,0.912,1.64,1208.1,6.094,-1.992,
exp26_tcp_grid,ablationsoftmin_only__ballspeed7__maxtcp1.0__noplot__servebox,"{""--ablation"": ""softmin_only"", ""--ball-speed"": 7, ""--max-tcp"": 1.0, ""--no-plot"": null, ""--serve-box"": null}",10,True,active,0.121401,1.980214,0.121401,40.0,105.0,1.0,1.0,1.3,15.0,0.121401,0.781,2.39,1936.1,5.571,-4.09,
exp26_tcp_grid,ablationsoftmin_only__ballspeed7__maxtcp1.0__noplot__servebox,"{""--ablation"": ""softmin_only"", ""--ball-speed"": 7, ""--max-tcp"": 1.0, ""--no-plot"": null, ""--serve-box"": null}",5,False,miss,0.33185,1.942926,0.138688,0.0,0.0,1.0,1.0,1.3,0.0,0.33185,0.0,3.06,2304.1,-1.0,-99.0,
exp26_tcp_grid,ablationsoftmin_only__ballspeed7__maxtcp1.0__noplot__servebox,"{""--ablation"": ""softmin_only"", ""--ball-speed"": 7, ""--max-tcp"": 1.0, ""--no-plot"": null, ""--serve-box"": null}",16,False,miss,0.331754,1.913661,0.139661,30.0,75.0,1.0,0.99,1.4,0.0,0.331754,0.0,2.31,1613.4,-1.0,-99.0,
exp26_tcp_grid,ablationsoftmin_only__ballspeed7__maxtcp1.0__noplot__servebox,"{""--ablation"": ""softmin_only"", ""--ball-speed"": 7, ""--max-tcp"": 1.0, ""--no-plot"": null, ""--serve-box"": null}",22,True,active,0.101285,1.914414,0.083486,0.0,0.0,1.0,1.0,1.5,10.0,0.101285,0.827,1.59,1142.7,6.518,4.47,
exp26_tcp_grid,ablationsoftmin_only__ballspeed7__maxtcp1.0__noplot__servebox,"{""--ablation"": ""softmin_only"", ""--ball-speed"": 7, ""--max-tcp"": 1.0, ""--no-plot"": null, ""--serve-box"": null}",24,False,miss,0.339964,1.950187,0.144508,0.0,0.0,1.0,0.99,1.6,0.0,0.339964,0.0,1.43,1053.3,-1.0,-99.0,
exp26_tcp_grid,ablationsoftmin_only__ballspeed7__maxtcp1.0__noplot__servebox,"{""--ablation"": ""softmin_only"", ""--ball-speed"": 7, ""--max-tcp"": 1.0, ""--no-plot"": null, ""--serve-box"": null}",25,False,miss,0.374077,1.979738,0.153005,0.0,0.0,1.01,1.0,1.3,0.0,0.374077,0.0,1.53,1061.7,-1.0,-99.0,
exp26_tcp_grid,ablationsoftmin_only__ballspeed7__maxtcp1.0__noplot__servebox,"{""--ablation"": ""softmin_only"", ""--ball-speed"": 7, ""--max-tcp"": 1.0, ""--no-plot"": null, ""--serve-box"": null}",26,True,active,0.132208,1.95316,0.123841,45.0,75.0,1.0,0.99,1.2,25.0,0.132208,0.985,1.51,1055.4,6.24,-2.465,
exp26_tcp_grid,ablationsoftmin_only__ballspeed7__maxtcp1.0__noplot__servebox,"{""--ablation"": ""softmin_only"", ""--ball-speed"": 7, ""--max-tcp"": 1.0, ""--no-plot"": null, ""--serve-box"": null}",14,True,active,0.095108,1.983886,0.095108,45.0,105.0,1.0,1.0,1.3,10.0,0.095108,0.589,2.91,2049.6,6.256,-6.23,
exp26_tcp_grid,ablationsoftmin_only__ballspeed7__maxtcp1.0__noplot__servebox,"{""--ablation"": ""softmin_only"", ""--ball-speed"": 7, ""--max-tcp"": 1.0, ""--no-plot"": null, ""--serve-box"": null}",28,False,miss,0.361383,1.933298,0.170102,20.0,0.0,1.0,0.98,1.2,0.0,0.361383,0.0,1.49,1012.2,-1.0,-99.0,
exp26_tcp_grid,ablationsoftmin_only__ballspeed7__maxtcp1.0__noplot__servebox,"{""--ablation"": ""softmin_only"", ""--ball-speed"": 7, ""--max-tcp"": 1.0, ""--no-plot"": null, ""--serve-box"": null}",30,False,miss,0.343455,1.970283,0.153531,0.0,0.0,1.01,0.99,1.2,0.0,0.343455,0.0,1.6,1171.3,-1.0,-99.0,
exp26_tcp_grid,ablationsoftmin_only__ballspeed7__maxtcp1.0__noplot__servebox,"{""--ablation"": ""softmin_only"", ""--ball-speed"": 7, ""--max-tcp"": 1.0, ""--no-plot"": null, ""--serve-box"": null}",23,True,active,0.102368,1.979157,0.102368,50.0,105.0,1.01,1.0,1.4,10.0,0.102368,0.6,2.22,1770.4,5.875,-5.656,
exp26_tcp_grid,ablationsoftmin_only__ballspeed7__maxtcp1.0__noplot__servebox,"{""--ablation"": ""softmin_only"", ""--ball-speed"": 7, ""--max-tcp"": 1.0, ""--no-plot"": null, ""--serve-box"": null}",19,False,miss,0.314554,1.94184,0.13102,35.0,80.0,1.0,0.99,1.2,0.0,0.314554,0.0,2.51,1833.5,-1.0,-99.0,
exp26_tcp_grid,ablationsoftmin_only__ballspeed7__maxtcp1.0__noplot__servebox,"{""--ablation"": ""softmin_only"", ""--ball-speed"": 7, ""--max-tcp"": 1.0, ""--no-plot"": null, ""--serve-box"": null}",29,False,miss,0.344307,1.943877,0.132281,35.0,105.0,1.0,0.99,1.3,0.0,0.344307,0.0,2.05,1329.3,-1.0,-99.0,
exp26_tcp_grid,ablationsoftmin_only__ballspeed7__maxtcp1.0__noplot__servebox,"{""--ablation"": ""softmin_only"", ""--ball-speed"": 7, ""--max-tcp"": 1.0, ""--no-plot"": null, ""--serve-box"": null}",17,False,miss,0.340593,1.975722,0.182337,5.0,0.0,1.01,0.93,1.1,0.0,0.340593,0.0,2.96,2286.7,-1.0,-99.0,
exp26_tcp_grid,ablationsoftmin_only__ballspeed7__maxtcp1.0__noplot__servebox,"{""--ablation"": ""softmin_only"", ""--ball-speed"": 7, ""--max-tcp"": 1.0, ""--no-plot"": null, ""--serve-box"": null}",18,False,miss,0.335378,1.936742,0.170567,15.0,0.0,1.01,1.0,1.3,0.0,0.335378,0.0,3.1,2322.2,-1.0,-99.0,
exp26_tcp_grid,ablationsoftmin_only__ballspeed7__maxtcp1.0__noplot__servebox,"{""--ablation"": ""softmin_only"", ""--ball-speed"": 7, ""--max-tcp"": 1.0, ""--no-plot"": null, ""--serve-box"": null}",32,True,active,0.083971,1.956077,0.083971,50.0,105.0,1.01,1.0,1.1,5.0,0.083971,0.819,1.82,1159.1,6.437,-6.186,
exp26_tcp_grid,ablationsoftmin_only__ballspeed7__maxtcp1.0__noplot__servebox,"{""--ablation"": ""softmin_only"", ""--ball-speed"": 7, ""--max-tcp"": 1.0, ""--no-plot"": null, ""--serve-box"": null}",34,False,miss,0.334599,1.988203,0.157311,25.0,10.0,1.0,1.0,1.4,0.0,0.334599,0.0,1.44,1038.8,-1.0,-99.0,
exp26_tcp_grid,ablationsoftmin_only__ballspeed7__maxtcp1.0__noplot__servebox,"{""--ablation"": ""softmin_only"", ""--ball-speed"": 7, ""--max-tcp"": 1.0, ""--no-plot"": null, ""--serve-box"": null}",35,False,miss,0.371142,1.954742,0.187324,0.0,0.0,1.01,1.0,1.4,0.0,0.371142,0.0,1.42,1006.4,-1.0,-99.0,
exp26_tcp_grid,ablationsoftmin_only__ballspeed7__maxtcp1.0__noplot__servebox,"{""--ablation"": ""softmin_only"", ""--ball-speed"": 7, ""--max-tcp"": 1.0, ""--no-plot"": null, ""--serve-box"": null}",31,False,miss,0.356977,1.976653,0.196212,0.0,0.0,1.01,1.0,1.1,0.0,0.356977,0.0,2.55,1853.3,-1.0,-99.0,
exp26_tcp_grid,ablationsoftmin_only__ballspeed7__maxtcp1.0__noplot__servebox,"{""--ablation"": ""softmin_only"", ""--ball-speed"": 7, ""--max-tcp"": 1.0, ""--no-plot"": null, ""--serve-box"": null}",37,False,miss,0.382023,1.913152,0.214703,0.0,0.0,1.0,0.99,1.2,0.0,0.382023,0.0,1.51,1031.2,-1.0,-99.0,
exp26_tcp_grid,ablationsoftmin_only__ballspeed7__maxtcp1.0__noplot__servebox,"{""--ablation"": ""softmin_only"", ""--ball-speed"": 7, ""--max-tcp"": 1.0, ""--no-plot"": null, ""--serve-box"": null}",36,False,miss,0.372867,1.926631,0.204569,0.0,0.0,1.0,1.0,1.1,0.0,0.372867,0.0,1.69,1128.3,-1.0,-99.0,
exp26_tcp_grid,ablationsoftmin_only__ballspeed7__maxtcp1.0__noplot__servebox,"{""--ablation"": ""softmin_only"", ""--ball-speed"": 7, ""--max-tcp"": 1.0, ""--no-plot"": null, ""--serve-box"": null}",39,False,miss,0.323789,1.933991,0.17761,0.0,0.0,1.0,1.0,1.5,0.0,0.323789,0.0,1.51,1018.4,-1.0,-99.0,
exp26_tcp_grid,ablationsoftmin_only__ballspeed7__maxtcp1.0__noplot__servebox,"{""--ablation"": ""softmin_only"", ""--ball-speed"": 7, ""--max-tcp"": 1.0, ""--no-plot"": null, ""--serve-box"": null}",38,False,miss,0.372563,1.934033,0.193475,0.0,0.0,1.0,1.0,1.3,0.0,0.372563,0.0,1.77,1312.6,-1.0,-99.0,
exp26_tcp_grid,ablationsoftmin_only__ballspeed7__maxtcp1.0__noplot__servebox,"{""--ablation"": ""softmin_only"", ""--ball-speed"": 7, ""--max-tcp"": 1.0, ""--no-plot"": null, ""--serve-box"": null}",41,True,active,0.147763,1.988015,0.142299,45.0,80.0,1.01,0.99,1.0,5.0,0.147763,0.79,1.54,1094.3,6.323,-6.044,
exp26_tcp_grid,ablationsoftmin_only__ballspeed7__maxtcp1.0__noplot__servebox,"{""--ablation"": ""softmin_only"", ""--ball-speed"": 7, ""--max-tcp"": 1.0, ""--no-plot"": null, ""--serve-box"": null}",33,False,miss,0.333975,1.94017,0.169038,20.0,0.0,0.99,1.0,1.5,0.0,0.333975,0.0,2.68,1882.9,-1.0,-99.0,
exp26_tcp_grid,ablationsoftmin_only__ballspeed7__maxtcp1.0__noplot__servebox,"{""--ablation"": ""softmin_only"", ""--ball-speed"": 7, ""--max-tcp"": 1.0, ""--no-plot"": null, ""--serve-box"": null}",42,False,miss,0.340602,1.92592,0.16542,20.0,0.0,0.98,1.0,1.4,0.0,0.340602,0.0,1.74,1233.6,-1.0,-99.0,
exp26_tcp_grid,ablationsoftmin_only__ballspeed7__maxtcp1.0__noplot__servebox,"{""--ablation"": ""softmin_only"", ""--ball-speed"": 7, ""--max-tcp"": 1.0, ""--no-plot"": null, ""--serve-box"": null}",45,False,miss,0.376746,1.972831,0.186828,0.0,0.0,1.01,1.0,1.4,0.0,0.376746,0.0,1.75,1183.9,-1.0,-99.0,
exp26_tcp_grid,ablationsoftmin_only__ballspeed7__maxtcp1.0__noplot__servebox,"{""--ablation"": ""softmin_only"", ""--ball-speed"": 7, ""--max-tcp"": 1.0, ""--no-plot"": null, ""--serve-box"": null}",47,True,active,0.050958,1.989505,0.04584,55.0,105.0,1.0,1.0,1.2,10.0,0.050958,0.902,1.57,1061.4,6.561,-6.187,
exp26_tcp_grid,ablationsoftmin_only__ballspeed7__maxtcp1.0__noplot__servebox,"{""--ablation"": ""softmin_only"", ""--ball-speed"": 7, ""--max-tcp"": 1.0, ""--no-plot"": null, ""--serve-box"": null}",40,True,active,0.11178,1.964345,0.11178,45.0,105.0,1.01,1.0,1.5,10.0,0.11178,0.941,2.64,1890.8,5.327,-5.007,
exp26_tcp_grid,ablationsoftmin_only__ballspeed7__maxtcp1.0__noplot__servebox,"{""--ablation"": ""softmin_only"", ""--ball-speed"": 7, ""--max-tcp"": 1.0, ""--no-plot"": null, ""--serve-box"": null}",48,False,miss,0.344325,1.994323,0.151397,30.0,40.0,1.01,1.0,1.5,0.0,0.344325,0.0,1.64,1184.8,-1.0,-99.0,
exp26_tcp_grid,ablationsoftmin_only__ballspeed7__maxtcp1.0__noplot__servebox,"{""--ablation"": ""softmin_only"", ""--ball-speed"": 7, ""--max-tcp"": 1.0, ""--no-plot"": null, ""--serve-box"": null}",49,False,miss,0.359507,1.989898,0.169853,20.0,0.0,1.0,0.99,1.2,0.0,0.359507,0.0,1.59,1118.1,-1.0,-99.0,
exp26_tcp_grid,ablationsoftmin_only__ballspeed7__maxtcp1.0__noplot__servebox,"{""--ablation"": ""softmin_only"", ""--ball-speed"": 7, ""--max-tcp"": 1.0, ""--no-plot"": null, ""--serve-box"": null}",50,False,miss,0.347129,1.949354,0.14833,30.0,0.0,1.01,0.98,1.3,0.0,0.347129,0.0,1.72,1059.2,-1.0,-99.0,
exp26_tcp_grid,ablationsoftmin_only__ballspeed7__maxtcp1.0__noplot__servebox,"{""--ablation"": ""softmin_only"", ""--ball-speed"": 7, ""--max-tcp"": 1.0, ""--no-plot"": null, ""--serve-box"": null}",43,False,miss,0.351288,1.931177,0.185424,0.0,0.0,1.0,0.99,1.3,0.0,0.351288,0.0,2.61,1900.6,-1.0,-99.0,
exp26_tcp_grid,ablationsoftmin_only__ballspeed7__maxtcp1.0__noplot__servebox,"{""--ablation"": ""softmin_only"", ""--ball-speed"": 7, ""--max-tcp"": 1.0, ""--no-plot"": null, ""--serve-box"": null}",52,True,active,0.081568,1.990062,0.058919,55.0,105.0,1.0,1.0,0.9,20.0,0.081568,0.998,1.66,1157.0,5.294,-2.706,
exp26_tcp_grid,ablationsoftmin_only__ballspeed7__maxtcp1.0__noplot__servebox,"{""--ablation"": ""softmin_only"", ""--ball-speed"": 7, ""--max-tcp"": 1.0, ""--no-plot"": null, ""--serve-box"": null}",55,True,active,0.121964,1.991136,0.098659,55.0,105.0,1.0,0.97,1.0,15.0,0.121964,1.001,1.66,1008.2,5.491,-3.579,
exp26_tcp_grid,ablationsoftmin_only__ballspeed7__maxtcp1.0__noplot__servebox,"{""--ablation"": ""softmin_only"", ""--ball-speed"": 7, ""--max-tcp"": 1.0, ""--no-plot"": null, ""--serve-box"": null}",57,False,miss,0.317789,1.937768,0.150534,30.0,50.0,1.0,0.99,1.4,0.0,0.317789,0.0,1.6,1186.2,-1.0,-99.0,
exp26_tcp_grid,ablationsoftmin_only__ballspeed7__maxtcp1.0__noplot__servebox,"{""--ablation"": ""softmin_only"", ""--ball-speed"": 7, ""--max-tcp"": 1.0, ""--no-plot"": null, ""--serve-box"": null}",56,False,miss,0.320367,1.908666,0.158372,25.0,20.0,1.0,0.96,1.4,0.0,0.320367,0.0,1.94,1299.3,-1.0,-99.0,
exp26_tcp_grid,ablationsoftmin_only__ballspeed7__maxtcp1.0__noplot__servebox,"{""--ablation"": ""softmin_only"", ""--ball-speed"": 7, ""--max-tcp"": 1.0, ""--no-plot"": null, ""--serve-box"": null}",58,True,active,0.074173,1.96784,0.074124,40.0,105.0,1.01,0.98,1.2,20.0,0.074173,1.003,1.44,1044.5,6.004,-3.305,
exp26_tcp_grid,ablationsoftmin_only__ballspeed7__maxtcp1.0__noplot__servebox,"{""--ablation"": ""softmin_only"", ""--ball-speed"": 7, ""--max-tcp"": 1.0, ""--no-plot"": null, ""--serve-box"": null}",44,False,miss,0.398243,1.97708,0.204808,0.0,0.0,1.0,0.97,1.4,0.0,0.398243,0.0,3.23,2347.9,-1.0,-99.0,
exp26_tcp_grid,ablationsoftmin_only__ballspeed7__maxtcp1.0__noplot__servebox,"{""--ablation"": ""softmin_only"", ""--ball-speed"": 7, ""--max-tcp"": 1.0, ""--no-plot"": null, ""--serve-box"": null}",46,False,miss,0.344998,1.972864,0.148166,30.0,50.0,1.01,0.98,1.4,0.0,0.344998,0.0,3.04,2308.7,-1.0,-99.0,
exp26_tcp_grid,ablationsoftmin_only__ballspeed7__maxtcp1.0__noplot__servebox,"{""--ablation"": ""softmin_only"", ""--ball-speed"": 7, ""--max-tcp"": 1.0, ""--no-plot"": null, ""--serve-box"": null}",59,True,active,0.126223,1.924695,0.103067,45.0,85.0,1.0,0.98,1.2,20.0,0.126223,0.956,1.52,1067.8,5.944,-1.004,
exp26_tcp_grid,ablationsoftmin_only__ballspeed7__maxtcp1.0__noplot__servebox,"{""--ablation"": ""softmin_only"", ""--ball-speed"": 7, ""--max-tcp"": 1.0, ""--no-plot"": null, ""--serve-box"": null}",53,True,active,0.083842,1.982267,0.054635,45.0,75.0,1.01,0.99,1.1,20.0,0.083842,0.967,2.64,1858.9,5.792,-0.03,
exp26_tcp_grid,ablationsoftmin_only__ballspeed7__maxtcp1.0__noplot__servebox,"{""--ablation"": ""softmin_only"", ""--ball-speed"": 7, ""--max-tcp"": 1.0, ""--no-plot"": null, ""--serve-box"": null}",62,True,active,0.106077,1.981177,0.106077,40.0,105.0,1.0,1.0,1.2,5.0,0.106077,0.643,1.47,1035.6,6.257,-6.152,
exp26_tcp_grid,ablationsoftmin_only__ballspeed7__maxtcp1.0__noplot__servebox,"{""--ablation"": ""softmin_only"", ""--ball-speed"": 7, ""--max-tcp"": 1.0, ""--no-plot"": null, ""--serve-box"": null}",61,True,active,0.143106,1.941565,0.13993,45.0,70.0,1.0,0.99,1.2,15.0,0.143106,0.849,1.55,1086.0,5.406,-4.528,
exp26_tcp_grid,ablationsoftmin_only__ballspeed7__maxtcp1.0__noplot__servebox,"{""--ablation"": ""softmin_only"", ""--ball-speed"": 7, ""--max-tcp"": 1.0, ""--no-plot"": null, ""--serve-box"": null}",51,False,miss,0.378025,1.901659,0.206232,0.0,0.0,1.0,0.99,1.2,0.0,0.378025,0.0,3.02,2262.4,-1.0,-99.0,
exp26_tcp_grid,ablationsoftmin_only__ballspeed7__maxtcp1.0__noplot__servebox,"{""--ablation"": ""softmin_only"", ""--ball-speed"": 7, ""--max-tcp"": 1.0, ""--no-plot"": null, ""--serve-box"": null}",63,False,miss,0.304539,1.911508,0.134117,30.0,50.0,0.99,0.98,1.1,0.0,0.304539,0.0,1.5,1098.1,-1.0,-99.0,
exp26_tcp_grid,ablationsoftmin_only__ballspeed7__maxtcp1.0__noplot__servebox,"{""--ablation"": ""softmin_only"", ""--ball-speed"": 7, ""--max-tcp"": 1.0, ""--no-plot"": null, ""--serve-box"": null}",54,False,miss,0.336125,1.955613,0.148634,0.0,0.0,1.0,1.0,1.2,0.0,0.336125,0.0,3.09,2248.3,-1.0,-99.0,
exp26_tcp_grid,ablationsoftmin_only__ballspeed7__maxtcp1.0__noplot__servebox,"{""--ablation"": ""softmin_only"", ""--ball-speed"": 7, ""--max-tcp"": 1.0, ""--no-plot"": null, ""--serve-box"": null}",67,False,miss,0.330401,1.931893,0.160175,0.0,0.0,0.98,0.93,1.3,0.0,0.330401,0.0,1.48,1049.6,-1.0,-99.0,
exp26_tcp_grid,ablationsoftmin_only__ballspeed7__maxtcp1.0__noplot__servebox,"{""--ablation"": ""softmin_only"", ""--ball-speed"": 7, ""--max-tcp"": 1.0, ""--no-plot"": null, ""--serve-box"": null}",65,True,active,0.132959,1.973193,0.132959,35.0,105.0,1.01,1.0,1.8,5.0,0.132959,0.725,2.09,1237.0,6.568,-3.077,
exp26_tcp_grid,ablationsoftmin_only__ballspeed7__maxtcp1.0__noplot__servebox,"{""--ablation"": ""softmin_only"", ""--ball-speed"": 7, ""--max-tcp"": 1.0, ""--no-plot"": null, ""--serve-box"": null}",68,False,miss,0.347599,1.929902,0.165115,20.0,0.0,1.0,1.0,1.3,0.0,0.347599,0.0,1.42,1018.5,-1.0,-99.0,
exp26_tcp_grid,ablationsoftmin_only__ballspeed7__maxtcp1.0__noplot__servebox,"{""--ablation"": ""softmin_only"", ""--ball-speed"": 7, ""--max-tcp"": 1.0, ""--no-plot"": null, ""--serve-box"": null}",70,False,miss,0.336503,1.954931,0.171858,20.0,0.0,1.0,1.0,1.4,0.0,0.336503,0.0,1.51,1023.2,-1.0,-99.0,
exp26_tcp_grid,ablationsoftmin_only__ballspeed7__maxtcp1.0__noplot__servebox,"{""--ablation"": ""softmin_only"", ""--ball-speed"": 7, ""--max-tcp"": 1.0, ""--no-plot"": null, ""--serve-box"": null}",64,True,active,0.118033,1.983752,0.118033,40.0,105.0,1.01,0.99,1.3,20.0,0.118033,0.854,2.52,1687.1,5.592,-3.926,
exp26_tcp_grid,ablationsoftmin_only__ballspeed7__maxtcp1.0__noplot__servebox,"{""--ablation"": ""softmin_only"", ""--ball-speed"": 7, ""--max-tcp"": 1.0, ""--no-plot"": null, ""--serve-box"": null}",71,False,miss,0.341111,1.947569,0.162204,25.0,0.0,1.0,1.0,1.2,0.0,0.341111,0.0,1.56,1063.2,-1.0,-99.0,
exp26_tcp_grid,ablationsoftmin_only__ballspeed7__maxtcp1.0__noplot__servebox,"{""--ablation"": ""softmin_only"", ""--ball-speed"": 7, ""--max-tcp"": 1.0, ""--no-plot"": null, ""--serve-box"": null}",60,True,active,0.10695,1.974485,0.10695,50.0,105.0,1.01,0.99,1.3,15.0,0.10695,0.759,2.95,2293.1,6.24,-4.007,
exp26_tcp_grid,ablationsoftmin_only__ballspeed7__maxtcp1.0__noplot__servebox,"{""--ablation"": ""softmin_only"", ""--ball-speed"": 7, ""--max-tcp"": 1.0, ""--no-plot"": null, ""--serve-box"": null}",72,True,active,0.097825,1.975544,0.091266,50.0,105.0,0.95,1.0,1.4,5.0,0.097825,0.303,1.59,1021.7,5.903,-5.452,
exp26_tcp_grid,ablationsoftmin_only__ballspeed7__maxtcp1.0__noplot__servebox,"{""--ablation"": ""softmin_only"", ""--ball-speed"": 7, ""--max-tcp"": 1.0, ""--no-plot"": null, ""--serve-box"": null}",75,False,miss,0.393514,1.928107,0.18981,0.0,0.0,1.0,1.0,1.2,0.0,0.393514,0.0,1.56,1067.1,-1.0,-99.0,
exp26_tcp_grid,ablationsoftmin_only__ballspeed7__maxtcp1.0__noplot__servebox,"{""--ablation"": ""softmin_only"", ""--ball-speed"": 7, ""--max-tcp"": 1.0, ""--no-plot"": null, ""--serve-box"": null}",77,False,miss,0.322414,1.930825,0.141824,0.0,0.0,1.0,0.98,1.5,0.0,0.322414,0.0,1.51,1065.6,-1.0,-99.0,
exp26_tcp_grid,ablationsoftmin_only__ballspeed7__maxtcp1.0__noplot__servebox,"{""--ablation"": ""softmin_only"", ""--ball-speed"": 7, ""--max-tcp"": 1.0, ""--no-plot"": null, ""--serve-box"": null}",76,True,active,0.07238,1.972266,0.065808,45.0,105.0,1.01,1.0,1.1,20.0,0.07238,0.875,1.87,1244.6,6.046,-2.419,
exp26_tcp_grid,ablationsoftmin_only__ballspeed7__maxtcp1.0__noplot__servebox,"{""--ablation"": ""softmin_only"", ""--ball-speed"": 7, ""--max-tcp"": 1.0, ""--no-plot"": null, ""--serve-box"": null}",66,True,active,0.143437,1.945851,0.138594,50.0,90.0,1.0,0.99,1.4,10.0,0.143437,0.842,2.93,2203.1,5.825,-5.76,
exp26_tcp_grid,ablationsoftmin_only__ballspeed7__maxtcp1.0__noplot__servebox,"{""--ablation"": ""softmin_only"", ""--ball-speed"": 7, ""--max-tcp"": 1.0, ""--no-plot"": null, ""--serve-box"": null}",78,True,active,0.115928,1.932326,0.094143,60.0,105.0,1.0,1.0,1.2,20.0,0.115928,0.99,1.7,1198.7,5.448,-4.716,
exp26_tcp_grid,ablationsoftmin_only__ballspeed7__maxtcp1.0__noplot__servebox,"{""--ablation"": ""softmin_only"", ""--ball-speed"": 7, ""--max-tcp"": 1.0, ""--no-plot"": null, ""--serve-box"": null}",74,False,miss,0.377108,1.966266,0.192118,0.0,0.0,1.0,1.0,1.3,0.0,0.377108,0.0,2.4,1602.7,-1.0,-99.0,
exp26_tcp_grid,ablationsoftmin_only__ballspeed7__maxtcp1.0__noplot__servebox,"{""--ablation"": ""softmin_only"", ""--ball-speed"": 7, ""--max-tcp"": 1.0, ""--no-plot"": null, ""--serve-box"": null}",81,False,miss,0.304893,1.979849,0.149176,25.0,50.0,0.99,0.98,1.0,0.0,0.304893,0.0,1.54,1123.1,-1.0,-99.0,
exp26_tcp_grid,ablationsoftmin_only__ballspeed7__maxtcp1.0__noplot__servebox,"{""--ablation"": ""softmin_only"", ""--ball-speed"": 7, ""--max-tcp"": 1.0, ""--no-plot"": null, ""--serve-box"": null}",69,False,miss,0.354143,1.956356,0.146866,30.0,55.0,1.01,0.97,1.2,0.0,0.354143,0.0,3.06,2291.3,-1.0,-99.0,
exp26_tcp_grid,ablationsoftmin_only__ballspeed7__maxtcp1.0__noplot__servebox,"{""--ablation"": ""softmin_only"", ""--ball-speed"": 7, ""--max-tcp"": 1.0, ""--no-plot"": null, ""--serve-box"": null}",73,False,miss,0.402907,1.91068,0.225856,0.0,0.0,1.0,1.0,1.1,0.0,0.402907,0.0,2.98,2246.9,-1.0,-99.0,
exp26_tcp_grid,ablationsoftmin_only__ballspeed7__maxtcp1.0__noplot__servebox,"{""--ablation"": ""softmin_only"", ""--ball-speed"": 7, ""--max-tcp"": 1.0, ""--no-plot"": null, ""--serve-box"": null}",86,False,miss,0.342909,1.953553,0.16077,25.0,0.0,1.0,1.0,1.4,0.0,0.342909,0.0,1.44,1025.8,-1.0,-99.0,
exp26_tcp_grid,ablationsoftmin_only__ballspeed7__maxtcp1.0__noplot__servebox,"{""--ablation"": ""softmin_only"", ""--ball-speed"": 7, ""--max-tcp"": 1.0, ""--no-plot"": null, ""--serve-box"": null}",82,False,miss,0.349197,1.966092,0.159855,25.0,0.0,1.0,1.0,1.2,0.0,0.349197,0.0,1.76,1267.4,-1.0,-99.0,
exp26_tcp_grid,ablationsoftmin_only__ballspeed7__maxtcp1.0__noplot__servebox,"{""--ablation"": ""softmin_only"", ""--ball-speed"": 7, ""--max-tcp"": 1.0, ""--no-plot"": null, ""--serve-box"": null}",85,True,active,0.11839,1.967806,0.108927,0.0,0.0,1.0,0.99,1.4,15.0,0.11839,0.989,1.54,1102.7,6.476,1.197,
exp26_tcp_grid,ablationsoftmin_only__ballspeed7__maxtcp1.0__noplot__servebox,"{""--ablation"": ""softmin_only"", ""--ball-speed"": 7, ""--max-tcp"": 1.0, ""--no-plot"": null, ""--serve-box"": null}",84,False,miss,0.312172,1.915342,0.143785,30.0,70.0,1.0,0.99,1.3,0.0,0.312172,0.0,1.77,1046.1,-1.0,-99.0,
exp26_tcp_grid,ablationsoftmin_only__ballspeed7__maxtcp1.0__noplot__servebox,"{""--ablation"": ""softmin_only"", ""--ball-speed"": 7, ""--max-tcp"": 1.0, ""--no-plot"": null, ""--serve-box"": null}",87,True,active,0.123643,1.980001,0.121386,45.0,105.0,1.0,1.0,1.1,15.0,0.123643,0.889,1.51,1081.7,6.204,-4.82,
exp26_tcp_grid,ablationsoftmin_only__ballspeed7__maxtcp1.0__noplot__servebox,"{""--ablation"": ""softmin_only"", ""--ball-speed"": 7, ""--max-tcp"": 1.0, ""--no-plot"": null, ""--serve-box"": null}",88,True,active,0.130285,1.976382,0.122136,45.0,90.0,1.0,0.99,1.3,15.0,0.130285,0.694,1.44,1005.1,6.304,-3.641,
exp26_tcp_grid,ablationsoftmin_only__ballspeed7__maxtcp1.0__noplot__servebox,"{""--ablation"": ""softmin_only"", ""--ball-speed"": 7, ""--max-tcp"": 1.0, ""--no-plot"": null, ""--serve-box"": null}",83,True,active,0.121431,1.955322,0.121431,50.0,105.0,1.0,1.0,1.6,15.0,0.121431,0.874,2.29,1490.3,5.518,-5.082,
exp26_tcp_grid,ablationsoftmin_only__ballspeed7__maxtcp1.0__noplot__servebox,"{""--ablation"": ""softmin_only"", ""--ball-speed"": 7, ""--max-tcp"": 1.0, ""--no-plot"": null, ""--serve-box"": null}",91,True,active,0.14893,1.938495,0.142984,40.0,100.0,1.01,1.0,1.4,5.0,0.14893,0.567,1.47,1059.1,6.526,-2.246,
exp26_tcp_grid,ablationsoftmin_only__ballspeed7__maxtcp1.0__noplot__servebox,"{""--ablation"": ""softmin_only"", ""--ball-speed"": 7, ""--max-tcp"": 1.0, ""--no-plot"": null, ""--serve-box"": null}",80,False,miss,0.343914,1.966686,0.182528,5.0,0.0,1.0,0.99,1.3,0.0,0.343914,0.0,2.92,2263.6,-1.0,-99.0,
exp26_tcp_grid,ablationsoftmin_only__ballspeed7__maxtcp1.0__noplot__servebox,"{""--ablation"": ""softmin_only"", ""--ball-speed"": 7, ""--max-tcp"": 1.0, ""--no-plot"": null, ""--serve-box"": null}",92,False,miss,0.392058,1.956625,0.2029,0.0,0.0,1.0,0.99,1.5,0.0,0.392058,0.0,1.59,1088.0,-1.0,-99.0,
exp26_tcp_grid,ablationsoftmin_only__ballspeed7__maxtcp1.0__noplot__servebox,"{""--ablation"": ""softmin_only"", ""--ball-speed"": 7, ""--max-tcp"": 1.0, ""--no-plot"": null, ""--serve-box"": null}",79,False,miss,0.332712,1.939129,0.151801,0.0,0.0,0.99,1.0,1.5,0.0,0.332712,0.0,3.09,2249.6,-1.0,-99.0,
exp26_tcp_grid,ablationsoftmin_only__ballspeed7__maxtcp1.0__noplot__servebox,"{""--ablation"": ""softmin_only"", ""--ball-speed"": 7, ""--max-tcp"": 1.0, ""--no-plot"": null, ""--serve-box"": null}",98,True,active,0.118859,1.964159,0.068657,60.0,100.0,0.99,1.0,1.1,20.0,0.118859,0.961,1.46,1066.4,5.712,-2.492,
exp26_tcp_grid,ablationsoftmin_only__ballspeed7__maxtcp1.0__noplot__servebox,"{""--ablation"": ""softmin_only"", ""--ball-speed"": 7, ""--max-tcp"": 1.0, ""--no-plot"": null, ""--serve-box"": null}",95,False,miss,0.352316,1.990897,0.159755,25.0,0.0,1.0,0.99,1.4,0.0,0.352316,0.0,1.52,1100.3,-1.0,-99.0,
exp26_tcp_grid,ablationsoftmin_only__ballspeed7__maxtcp1.0__noplot__servebox,"{""--ablation"": ""softmin_only"", ""--ball-speed"": 7, ""--max-tcp"": 1.0, ""--no-plot"": null, ""--serve-box"": null}",93,True,active,0.117093,1.974014,0.107039,55.0,105.0,1.0,0.99,1.2,15.0,0.117093,0.998,1.93,1143.1,5.917,-3.717,
exp26_tcp_grid,ablationsoftmin_only__ballspeed7__maxtcp1.0__noplot__servebox,"{""--ablation"": ""softmin_only"", ""--ball-speed"": 7, ""--max-tcp"": 1.0, ""--no-plot"": null, ""--serve-box"": null}",99,True,active,0.143671,1.950003,0.140033,40.0,70.0,1.0,1.0,1.3,10.0,0.143671,0.819,1.47,1030.8,6.078,-5.684,
exp26_tcp_grid,ablationnone__ballspeed7__maxtcp1.0__noplot__servebox,"{""--ablation"": ""none"", ""--ball-speed"": 7, ""--max-tcp"": 1.0, ""--no-plot"": null, ""--serve-box"": null}",1,False,miss,0.17189,1.849217,0.144317,0.0,0.0,1.0,0.99,1.3,0.0,0.17189,0.0,1.51,1097.0,-1.0,-99.0,
exp26_tcp_grid,ablationsoftmin_only__ballspeed7__maxtcp1.0__noplot__servebox,"{""--ablation"": ""softmin_only"", ""--ball-speed"": 7, ""--max-tcp"": 1.0, ""--no-plot"": null, ""--serve-box"": null}",100,False,miss,0.344338,1.956728,0.176097,15.0,0.0,1.01,1.0,1.1,0.0,0.344338,0.0,1.72,1233.6,-1.0,-99.0,
exp26_tcp_grid,ablationsoftmin_only__ballspeed7__maxtcp1.0__noplot__servebox,"{""--ablation"": ""softmin_only"", ""--ball-speed"": 7, ""--max-tcp"": 1.0, ""--no-plot"": null, ""--serve-box"": null}",89,True,active,0.117738,1.964209,0.096692,0.0,0.0,1.0,0.99,1.1,15.0,0.117738,0.989,2.92,2137.9,5.878,1.823,
exp26_tcp_grid,ablationsoftmin_only__ballspeed7__maxtcp1.0__noplot__servebox,"{""--ablation"": ""softmin_only"", ""--ball-speed"": 7, ""--max-tcp"": 1.0, ""--no-plot"": null, ""--serve-box"": null}",97,False,miss,0.372536,1.959367,0.174271,0.0,0.0,1.0,0.86,1.3,0.0,0.372536,0.0,2.15,1422.0,-1.0,-99.0,
exp26_tcp_grid,ablationsoftmin_only__ballspeed7__maxtcp1.0__noplot__servebox,"{""--ablation"": ""softmin_only"", ""--ball-speed"": 7, ""--max-tcp"": 1.0, ""--no-plot"": null, ""--serve-box"": null}",90,False,miss,0.297902,1.959628,0.148923,30.0,60.0,1.0,0.98,1.1,0.0,0.297902,0.0,2.9,2101.4,-1.0,-99.0,
exp26_tcp_grid,ablationnone__ballspeed7__maxtcp1.0__noplot__servebox,"{""--ablation"": ""none"", ""--ball-speed"": 7, ""--max-tcp"": 1.0, ""--no-plot"": null, ""--serve-box"": null}",2,True,active,0.114928,1.925355,0.084713,0.0,0.0,1.0,0.98,1.5,15.0,0.114928,0.962,1.58,1143.9,6.021,0.665,
exp26_tcp_grid,ablationsoftmin_only__ballspeed7__maxtcp1.0__noplot__servebox,"{""--ablation"": ""softmin_only"", ""--ball-speed"": 7, ""--max-tcp"": 1.0, ""--no-plot"": null, ""--serve-box"": null}",96,False,miss,0.356216,1.954613,0.155211,25.0,0.0,1.0,1.0,1.1,0.0,0.356216,0.0,2.43,1906.4,-1.0,-99.0,
exp26_tcp_grid,ablationnone__ballspeed7__maxtcp1.0__noplot__servebox,"{""--ablation"": ""none"", ""--ball-speed"": 7, ""--max-tcp"": 1.0, ""--no-plot"": null, ""--serve-box"": null}",4,True,active,0.114112,1.951961,0.10296,50.0,0.0,1.0,0.97,1.1,15.0,0.114112,0.686,1.58,1195.4,5.852,-0.75,
exp26_tcp_grid,ablationsoftmin_only__ballspeed7__maxtcp1.0__noplot__servebox,"{""--ablation"": ""softmin_only"", ""--ball-speed"": 7, ""--max-tcp"": 1.0, ""--no-plot"": null, ""--serve-box"": null}",94,False,miss,0.351845,1.933463,0.16054,25.0,0.0,1.0,1.0,1.4,0.0,0.351845,0.0,2.98,2254.0,-1.0,-99.0,
exp26_tcp_grid,ablationnone__ballspeed7__maxtcp1.0__noplot__servebox,"{""--ablation"": ""none"", ""--ball-speed"": 7, ""--max-tcp"": 1.0, ""--no-plot"": null, ""--serve-box"": null}",5,True,active,0.079905,1.940279,0.040437,0.0,0.0,1.0,0.98,1.0,20.0,0.079905,0.705,1.76,1099.0,6.378,0.522,
exp26_tcp_grid,ablationnone__ballspeed7__maxtcp1.0__noplot__servebox,"{""--ablation"": ""none"", ""--ball-speed"": 7, ""--max-tcp"": 1.0, ""--no-plot"": null, ""--serve-box"": null}",3,False,miss,0.316979,1.892577,0.128055,0.0,0.0,0.99,1.0,1.5,0.0,0.316979,0.0,2.02,1639.5,-1.0,-99.0,
exp26_tcp_grid,ablationnone__ballspeed7__maxtcp1.0__noplot__servebox,"{""--ablation"": ""none"", ""--ball-speed"": 7, ""--max-tcp"": 1.0, ""--no-plot"": null, ""--serve-box"": null}",20,,,,,,,,,,,,,,0.2,,,,no_result
exp26_tcp_grid,ablationnone__ballspeed7__maxtcp1.0__noplot__servebox,"{""--ablation"": ""none"", ""--ball-speed"": 7, ""--max-tcp"": 1.0, ""--no-plot"": null, ""--serve-box"": null}",8,False,miss,0.324543,1.94518,0.156687,25.0,0.0,1.0,0.99,1.3,0.0,0.324543,0.0,1.52,1102.9,-1.0,-99.0,
exp26_tcp_grid,ablationnone__ballspeed7__maxtcp1.0__noplot__servebox,"{""--ablation"": ""none"", ""--ball-speed"": 7, ""--max-tcp"": 1.0, ""--no-plot"": null, ""--serve-box"": null}",21,,,,,,,,,,,,,,0.2,,,,no_result
exp26_tcp_grid,ablationnone__ballspeed7__maxtcp1.0__noplot__servebox,"{""--ablation"": ""none"", ""--ball-speed"": 7, ""--max-tcp"": 1.0, ""--no-plot"": null, ""--serve-box"": null}",9,False,miss,0.325949,1.947363,0.167975,20.0,0.0,1.0,0.99,1.5,0.0,0.325949,0.0,1.52,1076.9,-1.0,-99.0,
exp26_tcp_grid,ablationnone__ballspeed7__maxtcp1.0__noplot__servebox,"{""--ablation"": ""none"", ""--ball-speed"": 7, ""--max-tcp"": 1.0, ""--no-plot"": null, ""--serve-box"": null}",12,True,active,0.091773,1.949049,0.059096,0.0,0.0,1.09,1.0,1.2,20.0,0.091773,0.9,1.47,1095.0,5.869,2.589,
exp26_tcp_grid,ablationnone__ballspeed7__maxtcp1.0__noplot__servebox,"{""--ablation"": ""none"", ""--ball-speed"": 7, ""--max-tcp"": 1.0, ""--no-plot"": null, ""--serve-box"": null}",10,True,active,0.074929,1.921931,0.071958,55.0,0.0,0.99,0.97,1.2,10.0,0.074929,0.963,1.75,1359.3,5.019,-1.923,
exp26_tcp_grid,ablationnone__ballspeed7__maxtcp1.0__noplot__servebox,"{""--ablation"": ""none"", ""--ball-speed"": 7, ""--max-tcp"": 1.0, ""--no-plot"": null, ""--serve-box"": null}",6,False,miss,0.29379,1.94927,0.147452,30.0,0.0,1.0,0.99,1.2,0.0,0.29379,0.0,2.45,1772.7,-1.0,-99.0,
exp26_tcp_grid,ablationnone__ballspeed7__maxtcp1.0__noplot__servebox,"{""--ablation"": ""none"", ""--ball-speed"": 7, ""--max-tcp"": 1.0, ""--no-plot"": null, ""--serve-box"": null}",27,,,,,,,,,,,,,,0.18,,,,no_result
exp26_tcp_grid,ablationnone__ballspeed7__maxtcp1.0__noplot__servebox,"{""--ablation"": ""none"", ""--ball-speed"": 7, ""--max-tcp"": 1.0, ""--no-plot"": null, ""--serve-box"": null}",16,True,active,0.0886,1.93958,0.020221,0.0,0.0,1.0,0.98,1.0,15.0,0.0886,0.973,1.53,1086.0,6.255,0.888,
exp26_tcp_grid,ablationnone__ballspeed7__maxtcp1.0__noplot__servebox,"{""--ablation"": ""none"", ""--ball-speed"": 7, ""--max-tcp"": 1.0, ""--no-plot"": null, ""--serve-box"": null}",14,False,miss,0.307546,1.89778,0.206525,0.0,0.0,1.0,1.0,1.7,0.0,0.307546,0.0,1.76,1328.4,-1.0,-99.0,
exp26_tcp_grid,ablationnone__ballspeed7__maxtcp1.0__noplot__servebox,"{""--ablation"": ""none"", ""--ball-speed"": 7, ""--max-tcp"": 1.0, ""--no-plot"": null, ""--serve-box"": null}",18,True,active,0.077909,1.928469,0.077517,50.0,0.0,1.0,0.99,1.3,10.0,0.077909,0.982,1.5,1144.8,5.021,-4.306,
exp26_tcp_grid,ablationnone__ballspeed7__maxtcp1.0__noplot__servebox,"{""--ablation"": ""none"", ""--ball-speed"": 7, ""--max-tcp"": 1.0, ""--no-plot"": null, ""--serve-box"": null}",22,True,active,0.088442,1.927844,0.042504,0.0,0.0,1.0,0.98,1.1,25.0,0.088442,0.965,1.45,1076.7,5.97,-0.209,
exp26_tcp_grid,ablationnone__ballspeed7__maxtcp1.0__noplot__servebox,"{""--ablation"": ""none"", ""--ball-speed"": 7, ""--max-tcp"": 1.0, ""--no-plot"": null, ""--serve-box"": null}",19,True,active,0.104203,1.960236,0.065447,0.0,0.0,0.99,1.0,1.0,10.0,0.104203,0.991,1.72,1371.5,5.547,0.637,
exp26_tcp_grid,ablationnone__ballspeed7__maxtcp1.0__noplot__servebox,"{""--ablation"": ""none"", ""--ball-speed"": 7, ""--max-tcp"": 1.0, ""--no-plot"": null, ""--serve-box"": null}",7,True,active,0.120121,1.917331,0.09423,50.0,0.0,0.98,1.0,1.2,15.0,0.120121,0.494,3.0,2326.5,5.634,-0.604,
exp26_tcp_grid,ablationnone__ballspeed7__maxtcp1.0__noplot__servebox,"{""--ablation"": ""none"", ""--ball-speed"": 7, ""--max-tcp"": 1.0, ""--no-plot"": null, ""--serve-box"": null}",11,False,miss,0.334664,1.938476,0.116667,0.0,0.0,1.0,0.99,1.3,0.0,0.334664,0.0,2.9,2254.5,-1.0,-99.0,
exp26_tcp_grid,ablationnone__ballspeed7__maxtcp1.0__noplot__servebox,"{""--ablation"": ""none"", ""--ball-speed"": 7, ""--max-tcp"": 1.0, ""--no-plot"": null, ""--serve-box"": null}",24,True,active,0.118793,1.921967,0.08509,55.0,0.0,1.0,0.98,1.5,15.0,0.118793,0.965,1.66,1208.5,5.347,-0.728,
exp26_tcp_grid,ablationnone__ballspeed7__maxtcp1.0__noplot__servebox,"{""--ablation"": ""none"", ""--ball-speed"": 7, ""--max-tcp"": 1.0, ""--no-plot"": null, ""--serve-box"": null}",15,True,active,0.127095,1.927685,0.124619,45.0,0.0,1.0,0.99,1.1,10.0,0.127095,0.629,2.81,2021.9,6.045,-3.931,
exp26_tcp_grid,ablationnone__ballspeed7__maxtcp1.0__noplot__servebox,"{""--ablation"": ""none"", ""--ball-speed"": 7, ""--max-tcp"": 1.0, ""--no-plot"": null, ""--serve-box"": null}",28,True,active,0.128045,1.943375,0.10728,0.0,0.0,1.0,0.95,1.6,15.0,0.128045,0.944,1.43,1069.8,5.893,0.208,
exp26_tcp_grid,ablationnone__ballspeed7__maxtcp1.0__noplot__servebox,"{""--ablation"": ""none"", ""--ball-speed"": 7, ""--max-tcp"": 1.0, ""--no-plot"": null, ""--serve-box"": null}",29,True,active,0.107605,1.911863,0.068935,0.0,0.0,0.99,0.98,1.1,20.0,0.107605,0.772,1.44,1065.8,5.884,1.202,
exp26_tcp_grid,ablationnone__ballspeed7__maxtcp1.0__noplot__servebox,"{""--ablation"": ""none"", ""--ball-speed"": 7, ""--max-tcp"": 1.0, ""--no-plot"": null, ""--serve-box"": null}",13,False,miss,0.288669,1.936044,0.090977,0.0,0.0,1.0,0.99,1.1,0.0,0.288669,0.0,3.03,2283.9,-1.0,-99.0,
exp26_tcp_grid,ablationnone__ballspeed7__maxtcp1.0__noplot__servebox,"{""--ablation"": ""none"", ""--ball-speed"": 7, ""--max-tcp"": 1.0, ""--no-plot"": null, ""--serve-box"": null}",26,True,active,0.072578,1.936774,0.030979,0.0,0.0,1.0,0.99,1.1,20.0,0.072578,0.889,1.8,1119.7,5.831,0.689,
exp26_tcp_grid,ablationnone__ballspeed7__maxtcp1.0__noplot__servebox,"{""--ablation"": ""none"", ""--ball-speed"": 7, ""--max-tcp"": 1.0, ""--no-plot"": null, ""--serve-box"": null}",17,False,miss,0.326261,1.94231,0.169639,15.0,0.0,1.0,0.99,1.0,0.0,0.326261,0.0,2.96,2334.2,-1.0,-99.0,
exp26_tcp_grid,ablationnone__ballspeed7__maxtcp1.0__noplot__servebox,"{""--ablation"": ""none"", ""--ball-speed"": 7, ""--max-tcp"": 1.0, ""--no-plot"": null, ""--serve-box"": null}",25,False,miss,0.317571,1.926595,0.14002,0.0,0.0,1.0,0.97,1.3,0.0,0.317571,0.0,2.33,1751.0,-1.0,-99.0,
exp26_tcp_grid,ablationnone__ballspeed7__maxtcp1.0__noplot__servebox,"{""--ablation"": ""none"", ""--ball-speed"": 7, ""--max-tcp"": 1.0, ""--no-plot"": null, ""--serve-box"": null}",32,True,active,0.101365,1.93705,0.089003,50.0,0.0,1.0,1.0,1.0,15.0,0.101365,0.971,1.43,1064.9,5.949,-2.463,
exp26_tcp_grid,ablationnone__ballspeed7__maxtcp1.0__noplot__servebox,"{""--ablation"": ""none"", ""--ball-speed"": 7, ""--max-tcp"": 1.0, ""--no-plot"": null, ""--serve-box"": null}",31,False,miss,0.327368,1.951673,0.190444,0.0,0.0,1.0,0.99,1.4,0.0,0.327368,0.0,1.61,1194.5,-1.0,-99.0,
exp26_tcp_grid,ablationnone__ballspeed7__maxtcp1.0__noplot__servebox,"{""--ablation"": ""none"", ""--ball-speed"": 7, ""--max-tcp"": 1.0, ""--no-plot"": null, ""--serve-box"": null}",35,True,active,0.107858,1.942026,0.087651,0.0,0.0,0.99,1.0,1.3,20.0,0.107858,0.855,1.49,1120.4,6.52,2.398,
exp26_tcp_grid,ablationnone__ballspeed7__maxtcp1.0__noplot__servebox,"{""--ablation"": ""none"", ""--ball-speed"": 7, ""--max-tcp"": 1.0, ""--no-plot"": null, ""--serve-box"": null}",23,True,active,0.117767,1.948755,0.086723,60.0,0.0,1.0,0.99,1.0,15.0,0.117767,0.664,3.0,2335.4,5.906,-1.838,
exp26_tcp_grid,ablationnone__ballspeed7__maxtcp1.0__noplot__servebox,"{""--ablation"": ""none"", ""--ball-speed"": 7, ""--max-tcp"": 1.0, ""--no-plot"": null, ""--serve-box"": null}",34,True,active,0.106576,1.99218,0.075052,15.0,0.0,1.0,1.0,1.3,20.0,0.106576,0.961,1.58,1149.6,6.139,-0.594,
exp26_tcp_grid,ablationnone__ballspeed7__maxtcp1.0__noplot__servebox,"{""--ablation"": ""none"", ""--ball-speed"": 7, ""--max-tcp"": 1.0, ""--no-plot"": null, ""--serve-box"": null}",37,True,active,0.137179,1.886743,0.135562,45.0,0.0,1.0,1.0,1.7,5.0,0.137179,0.351,1.43,1065.4,5.269,-3.901,
exp26_tcp_grid,ablationnone__ballspeed7__maxtcp1.0__noplot__servebox,"{""--ablation"": ""none"", ""--ball-speed"": 7, ""--max-tcp"": 1.0, ""--no-plot"": null, ""--serve-box"": null}",30,True,active,0.122505,1.904152,0.102331,55.0,0.0,0.99,1.0,1.4,10.0,0.122505,0.842,2.69,2059.0,5.271,-2.125,
exp26_tcp_grid,ablationnone__ballspeed7__maxtcp1.0__noplot__servebox,"{""--ablation"": ""none"", ""--ball-speed"": 7, ""--max-tcp"": 1.0, ""--no-plot"": null, ""--serve-box"": null}",40,True,active,0.097641,1.955938,0.057141,10.0,0.0,1.0,0.97,1.1,15.0,0.097641,0.97,1.51,1077.6,5.412,1.688,
exp26_tcp_grid,ablationnone__ballspeed7__maxtcp1.0__noplot__servebox,"{""--ablation"": ""none"", ""--ball-speed"": 7, ""--max-tcp"": 1.0, ""--no-plot"": null, ""--serve-box"": null}",41,True,active,0.11731,1.96321,0.114998,50.0,0.0,1.0,1.0,1.3,10.0,0.11731,0.322,1.59,1217.0,6.052,-5.048,
exp26_tcp_grid,ablationnone__ballspeed7__maxtcp1.0__noplot__servebox,"{""--ablation"": ""none"", ""--ball-speed"": 7, ""--max-tcp"": 1.0, ""--no-plot"": null, ""--serve-box"": null}",42,False,miss,0.348729,1.932742,0.136878,0.0,0.0,1.0,1.0,1.1,0.0,0.348729,0.0,1.54,1153.2,-1.0,-99.0,
exp26_tcp_grid,ablationnone__ballspeed7__maxtcp1.0__noplot__servebox,"{""--ablation"": ""none"", ""--ball-speed"": 7, ""--max-tcp"": 1.0, ""--no-plot"": null, ""--serve-box"": null}",36,True,active,0.128722,1.912317,0.104625,30.0,0.0,0.99,0.99,1.7,15.0,0.128722,0.945,2.22,1580.1,5.728,-0.196,
exp26_tcp_grid,ablationnone__ballspeed7__maxtcp1.0__noplot__servebox,"{""--ablation"": ""none"", ""--ball-speed"": 7, ""--max-tcp"": 1.0, ""--no-plot"": null, ""--serve-box"": null}",33,False,miss,0.298169,1.930361,0.155851,25.0,0.0,0.99,1.0,1.3,0.0,0.298169,0.0,2.5,1836.9,-1.0,-99.0,
exp26_tcp_grid,ablationnone__ballspeed7__maxtcp1.0__noplot__servebox,"{""--ablation"": ""none"", ""--ball-speed"": 7, ""--max-tcp"": 1.0, ""--no-plot"": null, ""--serve-box"": null}",44,False,miss,0.332967,1.923853,0.130463,0.0,0.0,1.0,1.0,1.4,0.0,0.332967,0.0,1.74,1383.1,-1.0,-99.0,
exp26_tcp_grid,ablationnone__ballspeed7__maxtcp1.0__noplot__servebox,"{""--ablation"": ""none"", ""--ball-speed"": 7, ""--max-tcp"": 1.0, ""--no-plot"": null, ""--serve-box"": null}",43,False,miss,0.356912,1.909327,0.172041,0.0,0.0,1.0,1.0,1.1,0.0,0.356912,0.0,1.82,1386.9,-1.0,-99.0,
exp26_tcp_grid,ablationnone__ballspeed7__maxtcp1.0__noplot__servebox,"{""--ablation"": ""none"", ""--ball-speed"": 7, ""--max-tcp"": 1.0, ""--no-plot"": null, ""--serve-box"": null}",45,False,miss,0.335465,1.962932,0.13435,35.0,0.0,1.0,0.98,1.4,0.0,0.335465,0.0,1.71,1312.0,-1.0,-99.0,
exp26_tcp_grid,ablationnone__ballspeed7__maxtcp1.0__noplot__servebox,"{""--ablation"": ""none"", ""--ball-speed"": 7, ""--max-tcp"": 1.0, ""--no-plot"": null, ""--serve-box"": null}",47,True,active,0.070467,1.951928,0.064541,50.0,0.0,1.0,0.97,1.1,15.0,0.070467,1.0,1.55,1127.9,5.1,-0.511,
exp26_tcp_grid,ablationnone__ballspeed7__maxtcp1.0__noplot__servebox,"{""--ablation"": ""none"", ""--ball-speed"": 7, ""--max-tcp"": 1.0, ""--no-plot"": null, ""--serve-box"": null}",48,True,active,0.127756,1.901922,0.121306,45.0,0.0,0.99,0.99,1.3,10.0,0.127756,0.45,1.53,1098.6,5.519,-3.916,
exp26_tcp_grid,ablationnone__ballspeed7__maxtcp1.0__noplot__servebox,"{""--ablation"": ""none"", ""--ball-speed"": 7, ""--max-tcp"": 1.0, ""--no-plot"": null, ""--serve-box"": null}",46,True,active,0.112378,1.942692,0.091355,15.0,0.0,0.99,0.97,1.2,15.0,0.112378,0.943,2.03,1367.3,5.9,-0.551,
exp26_tcp_grid,ablationnone__ballspeed7__maxtcp1.0__noplot__servebox,"{""--ablation"": ""none"", ""--ball-speed"": 7, ""--max-tcp"": 1.0, ""--no-plot"": null, ""--serve-box"": null}",50,False,miss,0.298265,1.902921,0.09324,0.0,0.0,0.98,1.0,1.3,0.0,0.298265,0.0,1.71,1274.2,-1.0,-99.0,
exp26_tcp_grid,ablationnone__ballspeed7__maxtcp1.0__noplot__servebox,"{""--ablation"": ""none"", ""--ball-speed"": 7, ""--max-tcp"": 1.0, ""--no-plot"": null, ""--serve-box"": null}",39,True,active,0.100938,1.927496,0.052694,0.0,0.0,1.0,0.98,1.2,20.0,0.100938,0.947,3.08,2377.2,6.533,3.967,
exp26_tcp_grid,ablationnone__ballspeed7__maxtcp1.0__noplot__servebox,"{""--ablation"": ""none"", ""--ball-speed"": 7, ""--max-tcp"": 1.0, ""--no-plot"": null, ""--serve-box"": null}",52,True,active,0.095592,1.976432,0.062313,0.0,0.0,1.0,0.94,1.0,20.0,0.095592,0.957,1.53,1141.2,5.791,1.809,
exp26_tcp_grid,ablationnone__ballspeed7__maxtcp1.0__noplot__servebox,"{""--ablation"": ""none"", ""--ball-speed"": 7, ""--max-tcp"": 1.0, ""--no-plot"": null, ""--serve-box"": null}",38,True,active,0.122336,1.94509,0.112575,0.0,0.0,1.0,1.0,1.4,20.0,0.122336,0.714,3.14,2366.6,5.943,0.755,
exp26_tcp_grid,ablationnone__ballspeed7__maxtcp1.0__noplot__servebox,"{""--ablation"": ""none"", ""--ball-speed"": 7, ""--max-tcp"": 1.0, ""--no-plot"": null, ""--serve-box"": null}",55,True,active,0.121859,1.970008,0.105029,0.0,0.0,0.99,1.0,1.4,15.0,0.121859,0.924,1.54,1172.8,5.856,1.206,
exp26_tcp_grid,ablationnone__ballspeed7__maxtcp1.0__noplot__servebox,"{""--ablation"": ""none"", ""--ball-speed"": 7, ""--max-tcp"": 1.0, ""--no-plot"": null, ""--serve-box"": null}",56,True,active,0.110269,1.927449,0.110269,45.0,0.0,1.0,1.0,1.5,0.0,0.110269,0.331,1.57,1110.5,5.953,-1.42,
exp26_tcp_grid,ablationnone__ballspeed7__maxtcp1.0__noplot__servebox,"{""--ablation"": ""none"", ""--ball-speed"": 7, ""--max-tcp"": 1.0, ""--no-plot"": null, ""--serve-box"": null}",57,False,miss,0.330936,1.922955,0.124661,0.0,0.0,1.0,0.99,1.3,0.0,0.330936,0.0,1.48,1101.0,-1.0,-99.0,
exp26_tcp_grid,ablationnone__ballspeed7__maxtcp1.0__noplot__servebox,"{""--ablation"": ""none"", ""--ball-speed"": 7, ""--max-tcp"": 1.0, ""--no-plot"": null, ""--serve-box"": null}",59,True,active,0.101801,1.949756,0.036965,0.0,0.0,1.0,1.0,1.3,20.0,0.101801,0.944,1.69,1323.1,6.138,0.634,
exp26_tcp_grid,ablationnone__ballspeed7__maxtcp1.0__noplot__servebox,"{""--ablation"": ""none"", ""--ball-speed"": 7, ""--max-tcp"": 1.0, ""--no-plot"": null, ""--serve-box"": null}",60,False,miss,0.281848,1.878802,0.169,20.0,0.0,0.99,1.0,1.6,0.0,0.281848,0.0,1.47,1103.6,-1.0,-99.0,
exp26_tcp_grid,ablationnone__ballspeed7__maxtcp1.0__noplot__servebox,"{""--ablation"": ""none"", ""--ball-speed"": 7, ""--max-tcp"": 1.0, ""--no-plot"": null, ""--serve-box"": null}",49,True,active,0.123,1.957696,0.099238,55.0,0.0,1.0,0.99,1.1,10.0,0.123,0.612,3.05,2346.5,5.243,-0.082,
exp26_tcp_grid,ablationnone__ballspeed7__maxtcp1.0__noplot__servebox,"{""--ablation"": ""none"", ""--ball-speed"": 7, ""--max-tcp"": 1.0, ""--no-plot"": null, ""--serve-box"": null}",53,True,active,0.087034,1.975112,0.034701,0.0,0.0,1.0,0.92,1.1,20.0,0.087034,0.913,2.45,1987.4,6.781,1.461,
exp26_tcp_grid,ablationnone__ballspeed7__maxtcp1.0__noplot__servebox,"{""--ablation"": ""none"", ""--ball-speed"": 7, ""--max-tcp"": 1.0, ""--no-plot"": null, ""--serve-box"": null}",63,True,active,0.094362,1.928498,0.063465,0.0,0.0,1.0,1.0,1.0,15.0,0.094362,0.864,1.58,1144.5,6.072,0.485,
exp26_tcp_grid,ablationnone__ballspeed7__maxtcp1.0__noplot__servebox,"{""--ablation"": ""none"", ""--ball-speed"": 7, ""--max-tcp"": 1.0, ""--no-plot"": null, ""--serve-box"": null}",51,False,miss,0.352394,1.914095,0.172405,0.0,0.0,1.0,1.0,1.5,0.0,0.352394,0.0,2.98,2273.9,-1.0,-99.0,
exp26_tcp_grid,ablationnone__ballspeed7__maxtcp1.0__noplot__servebox,"{""--ablation"": ""none"", ""--ball-speed"": 7, ""--max-tcp"": 1.0, ""--no-plot"": null, ""--serve-box"": null}",58,False,miss,0.290395,1.909032,0.080891,0.0,0.0,1.0,0.99,1.2,0.0,0.290395,0.0,2.26,1594.0,-1.0,-99.0,
exp26_tcp_grid,ablationnone__ballspeed7__maxtcp1.0__noplot__servebox,"{""--ablation"": ""none"", ""--ball-speed"": 7, ""--max-tcp"": 1.0, ""--no-plot"": null, ""--serve-box"": null}",64,True,active,0.109968,1.92936,0.107618,50.0,0.0,1.0,0.99,1.2,10.0,0.109968,0.792,1.42,1058.2,5.953,-3.516,
exp26_tcp_grid,ablationnone__ballspeed7__maxtcp1.0__noplot__servebox,"{""--ablation"": ""none"", ""--ball-speed"": 7, ""--max-tcp"": 1.0, ""--no-plot"": null, ""--serve-box"": null}",65,False,miss,0.347005,1.910532,0.202949,0.0,0.0,1.0,1.0,1.2,0.0,0.347005,0.0,1.47,1100.0,-1.0,-99.0,
exp26_tcp_grid,ablationnone__ballspeed7__maxtcp1.0__noplot__servebox,"{""--ablation"": ""none"", ""--ball-speed"": 7, ""--max-tcp"": 1.0, ""--no-plot"": null, ""--serve-box"": null}",54,False,miss,0.315942,1.921475,0.112271,0.0,0.0,1.0,0.91,1.4,0.0,0.315942,0.0,2.99,2319.1,-1.0,-99.0,
exp26_tcp_grid,ablationnone__ballspeed7__maxtcp1.0__noplot__servebox,"{""--ablation"": ""none"", ""--ball-speed"": 7, ""--max-tcp"": 1.0, ""--no-plot"": null, ""--serve-box"": null}",67,False,miss,0.313151,1.935454,0.134826,0.0,0.0,1.0,1.0,1.3,0.0,0.313151,0.0,1.42,1077.3,-1.0,-99.0,
exp26_tcp_grid,ablationnone__ballspeed7__maxtcp1.0__noplot__servebox,"{""--ablation"": ""none"", ""--ball-speed"": 7, ""--max-tcp"": 1.0, ""--no-plot"": null, ""--serve-box"": null}",68,False,miss,0.298633,1.935492,0.098241,0.0,0.0,0.99,0.99,1.1,0.0,0.298633,0.0,1.42,1074.7,-1.0,-99.0,
exp26_tcp_grid,ablationnone__ballspeed7__maxtcp1.0__noplot__servebox,"{""--ablation"": ""none"", ""--ball-speed"": 7, ""--max-tcp"": 1.0, ""--no-plot"": null, ""--serve-box"": null}",62,True,active,0.049369,1.966115,0.049369,50.0,0.0,1.0,0.96,1.2,10.0,0.049369,0.989,2.47,1774.5,5.625,-2.228,
exp26_tcp_grid,ablationnone__ballspeed7__maxtcp1.0__noplot__servebox,"{""--ablation"": ""none"", ""--ball-speed"": 7, ""--max-tcp"": 1.0, ""--no-plot"": null, ""--serve-box"": null}",71,False,miss,0.33088,1.954122,0.142604,0.0,0.0,0.99,1.0,1.2,0.0,0.33088,0.0,1.45,1086.4,-1.0,-99.0,
exp26_tcp_grid,ablationnone__ballspeed7__maxtcp1.0__noplot__servebox,"{""--ablation"": ""none"", ""--ball-speed"": 7, ""--max-tcp"": 1.0, ""--no-plot"": null, ""--serve-box"": null}",70,True,active,0.120089,1.921307,0.083508,60.0,0.0,0.98,1.0,1.3,5.0,0.120089,0.505,1.53,1196.4,5.624,-2.169,
exp26_tcp_grid,ablationnone__ballspeed7__maxtcp1.0__noplot__servebox,"{""--ablation"": ""none"", ""--ball-speed"": 7, ""--max-tcp"": 1.0, ""--no-plot"": null, ""--serve-box"": null}",61,True,active,0.13421,1.923206,0.133668,40.0,0.0,1.0,0.98,1.4,10.0,0.13421,0.855,3.05,2329.8,5.588,-0.997,
exp26_tcp_grid,ablationnone__ballspeed7__maxtcp1.0__noplot__servebox,"{""--ablation"": ""none"", ""--ball-speed"": 7, ""--max-tcp"": 1.0, ""--no-plot"": null, ""--serve-box"": null}",73,False,miss,0.336662,1.896705,0.174444,15.0,0.0,0.92,0.99,1.2,0.0,0.336662,0.0,1.5,1085.9,-1.0,-99.0,
exp26_tcp_grid,ablationnone__ballspeed7__maxtcp1.0__noplot__servebox,"{""--ablation"": ""none"", ""--ball-speed"": 7, ""--max-tcp"": 1.0, ""--no-plot"": null, ""--serve-box"": null}",69,False,miss,0.33605,1.927989,0.159533,25.0,0.0,0.99,0.98,1.5,0.0,0.33605,0.0,2.2,1815.3,-1.0,-99.0,
exp26_tcp_grid,ablationnone__ballspeed7__maxtcp1.0__noplot__servebox,"{""--ablation"": ""none"", ""--ball-speed"": 7, ""--max-tcp"": 1.0, ""--no-plot"": null, ""--serve-box"": null}",66,True,active,0.110588,1.977624,0.091057,50.0,0.0,0.99,0.94,1.2,15.0,0.110588,0.948,2.74,2112.0,5.958,-1.029,
exp26_tcp_grid,ablationnone__ballspeed7__maxtcp1.0__noplot__servebox,"{""--ablation"": ""none"", ""--ball-speed"": 7, ""--max-tcp"": 1.0, ""--no-plot"": null, ""--serve-box"": null}",76,True,active,0.083275,1.914211,0.06405,0.0,0.0,1.0,0.97,1.2,20.0,0.083275,0.897,1.54,1055.0,6.16,1.148,
exp26_tcp_grid,ablationnone__ballspeed7__maxtcp1.0__noplot__servebox,"{""--ablation"": ""none"", ""--ball-speed"": 7, ""--max-tcp"": 1.0, ""--no-plot"": null, ""--serve-box"": null}",77,True,active,0.099057,1.96236,0.019874,0.0,0.0,0.98,1.0,1.0,20.0,0.099057,0.959,1.69,1090.6,6.685,0.395,
exp26_tcp_grid,ablationnone__ballspeed7__maxtcp1.0__noplot__servebox,"{""--ablation"": ""none"", ""--ball-speed"": 7, ""--max-tcp"": 1.0, ""--no-plot"": null, ""--serve-box"": null}",79,False,miss,0.299978,1.925151,0.107481,0.0,0.0,1.0,0.96,1.1,0.0,0.299978,0.0,1.51,1136.8,-1.0,-99.0,
exp26_tcp_grid,ablationnone__ballspeed7__maxtcp1.0__noplot__servebox,"{""--ablation"": ""none"", ""--ball-speed"": 7, ""--max-tcp"": 1.0, ""--no-plot"": null, ""--serve-box"": null}",80,False,miss,0.34419,1.927599,0.190183,0.0,0.0,1.0,1.0,1.0,0.0,0.34419,0.0,1.41,1059.2,-1.0,-99.0,
exp26_tcp_grid,ablationnone__ballspeed7__maxtcp1.0__noplot__servebox,"{""--ablation"": ""none"", ""--ball-speed"": 7, ""--max-tcp"": 1.0, ""--no-plot"": null, ""--serve-box"": null}",81,True,active,0.099012,1.942643,0.086539,50.0,0.0,1.0,1.0,1.2,5.0,0.099012,0.637,1.46,1082.2,5.622,-2.482,
exp26_tcp_grid,ablationnone__ballspeed7__maxtcp1.0__noplot__servebox,"{""--ablation"": ""none"", ""--ball-speed"": 7, ""--max-tcp"": 1.0, ""--no-plot"": null, ""--serve-box"": null}",82,True,active,0.119394,1.944571,0.10487,0.0,0.0,0.99,0.96,1.5,20.0,0.119394,0.936,1.72,1360.4,5.888,-0.041,
exp26_tcp_grid,ablationnone__ballspeed7__maxtcp1.0__noplot__servebox,"{""--ablation"": ""none"", ""--ball-speed"": 7, ""--max-tcp"": 1.0, ""--no-plot"": null, ""--serve-box"": null}",83,False,miss,0.329241,1.94382,0.17155,20.0,0.0,1.0,1.0,1.3,0.0,0.329241,0.0,1.56,1177.5,-1.0,-99.0,
exp26_tcp_grid,ablationnone__ballspeed7__maxtcp1.0__noplot__servebox,"{""--ablation"": ""none"", ""--ball-speed"": 7, ""--max-tcp"": 1.0, ""--no-plot"": null, ""--serve-box"": null}",84,True,active,0.103143,1.898465,0.064389,50.0,0.0,1.0,0.98,1.3,15.0,0.103143,0.994,1.62,1260.4,5.557,-0.852,
exp26_tcp_grid,ablationnone__ballspeed7__maxtcp1.0__noplot__servebox,"{""--ablation"": ""none"", ""--ball-speed"": 7, ""--max-tcp"": 1.0, ""--no-plot"": null, ""--serve-box"": null}",86,True,active,0.099142,1.961293,0.052201,0.0,0.0,1.0,0.97,1.2,20.0,0.099142,0.986,1.5,1130.0,5.859,1.18,
exp26_tcp_grid,ablationnone__ballspeed7__maxtcp1.0__noplot__servebox,"{""--ablation"": ""none"", ""--ball-speed"": 7, ""--max-tcp"": 1.0, ""--no-plot"": null, ""--serve-box"": null}",72,True,passive,0.091504,1.922413,0.091504,50.0,0.0,0.99,1.0,1.3,5.0,0.091504,0.252,3.1,2311.0,5.471,-3.381,
exp26_tcp_grid,ablationnone__ballspeed7__maxtcp1.0__noplot__servebox,"{""--ablation"": ""none"", ""--ball-speed"": 7, ""--max-tcp"": 1.0, ""--no-plot"": null, ""--serve-box"": null}",78,True,active,0.089787,1.905999,0.089787,50.0,0.0,1.0,1.0,1.4,10.0,0.089787,0.698,2.82,2133.2,5.181,-0.563,
exp26_tcp_grid,ablationnone__ballspeed7__maxtcp1.0__noplot__servebox,"{""--ablation"": ""none"", ""--ball-speed"": 7, ""--max-tcp"": 1.0, ""--no-plot"": null, ""--serve-box"": null}",74,True,active,0.122343,1.901216,0.122343,45.0,0.0,1.0,1.0,1.4,5.0,0.122343,0.438,3.02,2362.2,4.844,-3.778,
exp26_tcp_grid,ablationnone__ballspeed7__maxtcp1.0__noplot__servebox,"{""--ablation"": ""none"", ""--ball-speed"": 7, ""--max-tcp"": 1.0, ""--no-plot"": null, ""--serve-box"": null}",88,True,active,0.124178,1.942011,0.098575,25.0,0.0,0.97,1.0,1.3,5.0,0.124178,0.404,1.64,1265.0,5.953,0.338,
exp26_tcp_grid,ablationnone__ballspeed7__maxtcp1.0__noplot__servebox,"{""--ablation"": ""none"", ""--ball-speed"": 7, ""--max-tcp"": 1.0, ""--no-plot"": null, ""--serve-box"": null}",75,False,miss,0.351611,1.912776,0.175695,0.0,0.0,1.0,0.99,1.7,0.0,0.351611,0.0,3.05,2345.2,-1.0,-99.0,
exp26_tcp_grid,ablationnone__ballspeed7__maxtcp1.0__noplot__servebox,"{""--ablation"": ""none"", ""--ball-speed"": 7, ""--max-tcp"": 1.0, ""--no-plot"": null, ""--serve-box"": null}",89,True,active,0.092641,1.940914,0.080811,0.0,0.0,0.99,0.87,1.0,10.0,0.092641,0.952,1.72,1104.2,5.915,1.198,
exp26_tcp_grid,ablationnone__ballspeed7__maxtcp1.0__noplot__servebox,"{""--ablation"": ""none"", ""--ball-speed"": 7, ""--max-tcp"": 1.0, ""--no-plot"": null, ""--serve-box"": null}",91,False,miss,0.299081,1.914948,0.186319,0.0,0.0,1.0,1.0,1.6,0.0,0.299081,0.0,1.59,1113.5,-1.0,-99.0,
exp26_tcp_grid,ablationnone__ballspeed7__maxtcp1.0__noplot__servebox,"{""--ablation"": ""none"", ""--ball-speed"": 7, ""--max-tcp"": 1.0, ""--no-plot"": null, ""--serve-box"": null}",93,False,miss,0.338777,1.955076,0.173499,20.0,0.0,0.99,0.99,1.3,0.0,0.338777,0.0,1.46,1081.6,-1.0,-99.0,
exp26_tcp_grid,ablationnone__ballspeed7__maxtcp1.0__noplot__servebox,"{""--ablation"": ""none"", ""--ball-speed"": 7, ""--max-tcp"": 1.0, ""--no-plot"": null, ""--serve-box"": null}",94,True,active,0.099909,1.953874,0.071361,60.0,0.0,0.97,0.99,0.9,10.0,0.099909,0.472,1.63,1171.7,5.996,-1.652,
exp26_tcp_grid,ablationnone__ballspeed7__maxtcp1.0__noplot__servebox,"{""--ablation"": ""none"", ""--ball-speed"": 7, ""--max-tcp"": 1.0, ""--no-plot"": null, ""--serve-box"": null}",90,False,miss,0.307961,1.93283,0.169104,20.0,0.0,1.0,1.0,1.0,0.0,0.307961,0.0,2.22,1620.4,-1.0,-99.0,
exp26_tcp_grid,ablationnone__ballspeed7__maxtcp1.0__noplot__servebox,"{""--ablation"": ""none"", ""--ball-speed"": 7, ""--max-tcp"": 1.0, ""--no-plot"": null, ""--serve-box"": null}",95,True,active,0.104203,1.940338,0.087376,0.0,0.0,0.99,0.99,1.4,15.0,0.104203,0.711,1.56,1197.0,6.41,0.327,
exp26_tcp_grid,ablationnone__ballspeed7__maxtcp1.0__noplot__servebox,"{""--ablation"": ""none"", ""--ball-speed"": 7, ""--max-tcp"": 1.0, ""--no-plot"": null, ""--serve-box"": null}",96,True,active,0.10504,1.93336,0.097665,50.0,0.0,1.0,1.0,1.2,15.0,0.10504,0.695,1.54,1123.3,6.037,-2.185,
exp26_tcp_grid,ablationnone__ballspeed7__maxtcp1.0__noplot__servebox,"{""--ablation"": ""none"", ""--ball-speed"": 7, ""--max-tcp"": 1.0, ""--no-plot"": null, ""--serve-box"": null}",97,False,miss,0.310961,1.925473,0.123815,35.0,0.0,1.0,1.0,1.2,0.0,0.310961,0.0,1.51,1141.6,-1.0,-99.0,
exp26_tcp_grid,ablationnone__ballspeed7__maxtcp1.0__noplot__servebox,"{""--ablation"": ""none"", ""--ball-speed"": 7, ""--max-tcp"": 1.0, ""--no-plot"": null, ""--serve-box"": null}",85,False,miss,0.313099,1.944795,0.110804,0.0,0.0,0.99,0.98,1.4,0.0,0.313099,0.0,3.15,2399.8,-1.0,-99.0,
exp26_tcp_grid,ablationnone__ballspeed7__maxtcp1.0__noplot__servebox,"{""--ablation"": ""none"", ""--ball-speed"": 7, ""--max-tcp"": 1.0, ""--no-plot"": null, ""--serve-box"": null}",87,True,active,0.128459,1.932609,0.111061,50.0,0.0,0.96,0.98,1.3,10.0,0.128459,0.892,2.95,2286.6,5.752,-0.734,
exp26_tcp_grid,ablationnone__ballspeed7__maxtcp1.0__noplot__servebox,"{""--ablation"": ""none"", ""--ball-speed"": 7, ""--max-tcp"": 1.0, ""--no-plot"": null, ""--serve-box"": null}",100,False,miss,0.290095,1.948758,0.121038,40.0,0.0,1.0,0.99,1.2,0.0,0.290095,0.0,1.5,1099.7,-1.0,-99.0,
exp26_tcp_grid,ablationnone__ballspeed7__maxtcp1.0__noplot__servebox,"{""--ablation"": ""none"", ""--ball-speed"": 7, ""--max-tcp"": 1.0, ""--no-plot"": null, ""--serve-box"": null}",92,True,active,0.094673,1.956919,0.083741,5.0,0.0,1.0,0.99,1.8,15.0,0.094673,0.738,2.93,2245.8,5.564,0.416,
exp26_tcp_grid,ablationfull__ballspeed7__maxtcp1.4__noplot__servebox,"{""--ablation"": ""full"", ""--ball-speed"": 7, ""--max-tcp"": 1.4, ""--no-plot"": null, ""--serve-box"": null}",3,False,miss,0.405614,1.977234,0.135645,35.0,55.0,1.4,1.0,1.7,0.0,0.405614,0.0,1.5,1037.8,-1.0,-99.0,
exp26_tcp_grid,ablationfull__ballspeed7__maxtcp1.4__noplot__servebox,"{""--ablation"": ""full"", ""--ball-speed"": 7, ""--max-tcp"": 1.4, ""--no-plot"": null, ""--serve-box"": null}",4,True,active,0.140203,1.954019,0.12827,45.0,100.0,1.32,0.99,1.3,20.0,0.140203,1.229,1.66,1239.9,5.953,-4.709,
exp26_tcp_grid,ablationfull__ballspeed7__maxtcp1.4__noplot__servebox,"{""--ablation"": ""full"", ""--ball-speed"": 7, ""--max-tcp"": 1.4, ""--no-plot"": null, ""--serve-box"": null}",7,True,active,0.105727,1.926837,0.105727,45.0,105.0,1.4,1.0,1.6,25.0,0.105727,0.908,1.53,1123.9,5.971,-5.053,
exp26_tcp_grid,ablationfull__ballspeed7__maxtcp1.4__noplot__servebox,"{""--ablation"": ""full"", ""--ball-speed"": 7, ""--max-tcp"": 1.4, ""--no-plot"": null, ""--serve-box"": null}",1,True,active,0.049282,1.984696,0.049282,0.0,0.0,1.41,1.0,1.4,10.0,0.049282,1.05,2.56,1691.3,6.49,0.369,
exp26_tcp_grid,ablationfull__ballspeed7__maxtcp1.4__noplot__servebox,"{""--ablation"": ""full"", ""--ball-speed"": 7, ""--max-tcp"": 1.4, ""--no-plot"": null, ""--serve-box"": null}",9,False,miss,0.330493,1.927912,0.172817,20.0,0.0,1.16,0.99,1.6,0.0,0.330493,0.0,1.51,1088.0,-1.0,-99.0,
exp26_tcp_grid,ablationfull__ballspeed7__maxtcp1.4__noplot__servebox,"{""--ablation"": ""full"", ""--ball-speed"": 7, ""--max-tcp"": 1.4, ""--no-plot"": null, ""--serve-box"": null}",10,True,active,0.062241,1.987657,0.062241,50.0,105.0,1.42,0.99,1.6,15.0,0.062241,1.42,1.53,1090.9,5.466,-5.45,
exp26_tcp_grid,ablationfull__ballspeed7__maxtcp1.4__noplot__servebox,"{""--ablation"": ""full"", ""--ball-speed"": 7, ""--max-tcp"": 1.4, ""--no-plot"": null, ""--serve-box"": null}",6,True,active,0.074514,1.957441,0.069807,55.0,105.0,1.38,0.99,1.7,20.0,0.074514,1.356,1.87,1305.5,4.905,-1.081,
exp26_tcp_grid,ablationnone__ballspeed7__maxtcp1.0__noplot__servebox,"{""--ablation"": ""none"", ""--ball-speed"": 7, ""--max-tcp"": 1.0, ""--no-plot"": null, ""--serve-box"": null}",99,True,active,0.105751,1.906081,0.105751,40.0,0.0,1.0,1.0,1.3,15.0,0.105751,0.536,2.9,2208.9,5.944,-3.786,
exp26_tcp_grid,ablationnone__ballspeed7__maxtcp1.0__noplot__servebox,"{""--ablation"": ""none"", ""--ball-speed"": 7, ""--max-tcp"": 1.0, ""--no-plot"": null, ""--serve-box"": null}",98,True,active,0.086146,1.909468,0.075053,0.0,0.0,1.0,0.95,1.1,15.0,0.086146,0.984,3.07,2374.3,6.599,4.844,
exp26_tcp_grid,ablationfull__ballspeed7__maxtcp1.4__noplot__servebox,"{""--ablation"": ""full"", ""--ball-speed"": 7, ""--max-tcp"": 1.4, ""--no-plot"": null, ""--serve-box"": null}",11,True,active,0.119061,1.981709,0.103719,0.0,0.0,1.4,1.0,1.7,25.0,0.119061,1.334,1.57,1062.1,6.399,1.358,
exp26_tcp_grid,ablationfull__ballspeed7__maxtcp1.4__noplot__servebox,"{""--ablation"": ""full"", ""--ball-speed"": 7, ""--max-tcp"": 1.4, ""--no-plot"": null, ""--serve-box"": null}",2,True,active,0.102952,1.975801,0.092951,30.0,75.0,1.4,0.95,1.4,25.0,0.102952,1.379,2.88,2076.5,5.731,0.637,
exp26_tcp_grid,ablationfull__ballspeed7__maxtcp1.4__noplot__servebox,"{""--ablation"": ""full"", ""--ball-speed"": 7, ""--max-tcp"": 1.4, ""--no-plot"": null, ""--serve-box"": null}",20,,,,,,,,,,,,,,0.24,,,,no_result
exp26_tcp_grid,ablationfull__ballspeed7__maxtcp1.4__noplot__servebox,"{""--ablation"": ""full"", ""--ball-speed"": 7, ""--max-tcp"": 1.4, ""--no-plot"": null, ""--serve-box"": null}",21,,,,,,,,,,,,,,0.25,,,,no_result
exp26_tcp_grid,ablationfull__ballspeed7__maxtcp1.4__noplot__servebox,"{""--ablation"": ""full"", ""--ball-speed"": 7, ""--max-tcp"": 1.4, ""--no-plot"": null, ""--serve-box"": null}",5,True,active,0.12704,1.965124,0.12704,0.0,0.0,1.4,1.0,1.5,25.0,0.12704,1.255,2.64,1857.8,6.411,2.271,
exp26_tcp_grid,ablationfull__ballspeed7__maxtcp1.4__noplot__servebox,"{""--ablation"": ""full"", ""--ball-speed"": 7, ""--max-tcp"": 1.4, ""--no-plot"": null, ""--serve-box"": null}",13,True,active,0.121916,1.952927,0.113024,25.0,75.0,1.39,0.99,1.6,30.0,0.121916,1.315,1.6,1150.8,5.848,-0.646,
exp26_tcp_grid,ablationfull__ballspeed7__maxtcp1.4__noplot__servebox,"{""--ablation"": ""full"", ""--ball-speed"": 7, ""--max-tcp"": 1.4, ""--no-plot"": null, ""--serve-box"": null}",15,True,active,0.085032,1.947974,0.085032,50.0,105.0,1.38,0.98,1.4,10.0,0.085032,0.374,1.43,1004.3,5.761,-3.492,
exp26_tcp_grid,ablationfull__ballspeed7__maxtcp1.4__noplot__servebox,"{""--ablation"": ""full"", ""--ball-speed"": 7, ""--max-tcp"": 1.4, ""--no-plot"": null, ""--serve-box"": null}",14,True,active,0.057304,2.012465,0.057304,55.0,105.0,1.41,1.0,1.3,15.0,0.057304,0.981,1.52,1054.0,6.549,-6.277,
exp26_tcp_grid,ablationfull__ballspeed7__maxtcp1.4__noplot__servebox,"{""--ablation"": ""full"", ""--ball-speed"": 7, ""--max-tcp"": 1.4, ""--no-plot"": null, ""--serve-box"": null}",27,,,,,,,,,,,,,,0.23,,,,no_result
exp26_tcp_grid,ablationfull__ballspeed7__maxtcp1.4__noplot__servebox,"{""--ablation"": ""full"", ""--ball-speed"": 7, ""--max-tcp"": 1.4, ""--no-plot"": null, ""--serve-box"": null}",8,False,miss,0.358096,1.944892,0.172004,0.0,0.0,1.37,1.0,1.6,0.0,0.358096,0.0,2.36,1917.5,-1.0,-99.0,
exp26_tcp_grid,ablationfull__ballspeed7__maxtcp1.4__noplot__servebox,"{""--ablation"": ""full"", ""--ball-speed"": 7, ""--max-tcp"": 1.4, ""--no-plot"": null, ""--serve-box"": null}",16,True,active,0.112008,1.966884,0.076293,50.0,90.0,1.4,1.0,1.4,30.0,0.112008,1.102,1.5,1065.4,5.861,-0.624,
exp26_tcp_grid,ablationfull__ballspeed7__maxtcp1.4__noplot__servebox,"{""--ablation"": ""full"", ""--ball-speed"": 7, ""--max-tcp"": 1.4, ""--no-plot"": null, ""--serve-box"": null}",18,True,active,0.140583,1.956747,0.138255,40.0,80.0,1.41,0.99,1.5,15.0,0.140583,1.152,1.61,1142.9,6.371,-6.362,
exp26_tcp_grid,ablationfull__ballspeed7__maxtcp1.4__noplot__servebox,"{""--ablation"": ""full"", ""--ball-speed"": 7, ""--max-tcp"": 1.4, ""--no-plot"": null, ""--serve-box"": null}",12,True,active,0.106163,1.972092,0.106163,40.0,105.0,1.4,0.99,1.6,30.0,0.106163,1.34,2.91,2120.5,5.665,-1.744,
exp26_tcp_grid,ablationfull__ballspeed7__maxtcp1.4__noplot__servebox,"{""--ablation"": ""full"", ""--ball-speed"": 7, ""--max-tcp"": 1.4, ""--no-plot"": null, ""--serve-box"": null}",24,True,active,0.125102,1.948396,0.116213,45.0,90.0,1.32,1.0,1.5,20.0,0.125102,1.104,1.64,1103.8,5.386,0.546,
exp26_tcp_grid,ablationfull__ballspeed7__maxtcp1.4__noplot__servebox,"{""--ablation"": ""full"", ""--ball-speed"": 7, ""--max-tcp"": 1.4, ""--no-plot"": null, ""--serve-box"": null}",19,True,active,0.100336,1.969441,0.100336,40.0,95.0,1.39,1.0,1.6,25.0,0.100336,1.267,1.87,1386.6,5.492,-0.83,
exp26_tcp_grid,ablationfull__ballspeed7__maxtcp1.4__noplot__servebox,"{""--ablation"": ""full"", ""--ball-speed"": 7, ""--max-tcp"": 1.4, ""--no-plot"": null, ""--serve-box"": null}",22,True,active,0.108084,1.917741,0.098782,0.0,0.0,1.4,1.0,2.0,15.0,0.108084,1.133,1.77,1170.5,6.339,3.639,
exp26_tcp_grid,ablationfull__ballspeed7__maxtcp1.4__noplot__servebox,"{""--ablation"": ""full"", ""--ball-speed"": 7, ""--max-tcp"": 1.4, ""--no-plot"": null, ""--serve-box"": null}",29,True,active,0.120078,1.952564,0.116324,40.0,105.0,1.39,1.0,1.7,25.0,0.120078,1.197,1.61,1077.9,5.806,-0.509,
exp26_tcp_grid,ablationfull__ballspeed7__maxtcp1.4__noplot__servebox,"{""--ablation"": ""full"", ""--ball-speed"": 7, ""--max-tcp"": 1.4, ""--no-plot"": null, ""--serve-box"": null}",30,True,active,0.121832,1.963849,0.11619,40.0,105.0,1.41,1.0,1.5,30.0,0.121832,1.366,1.64,1205.8,5.772,-0.306,
exp26_tcp_grid,ablationfull__ballspeed7__maxtcp1.4__noplot__servebox,"{""--ablation"": ""full"", ""--ball-speed"": 7, ""--max-tcp"": 1.4, ""--no-plot"": null, ""--serve-box"": null}",32,True,active,0.071793,1.967953,0.071793,45.0,105.0,1.41,0.99,1.3,10.0,0.071793,1.336,1.58,1089.2,6.909,-6.566,
exp26_tcp_grid,ablationfull__ballspeed7__maxtcp1.4__noplot__servebox,"{""--ablation"": ""full"", ""--ball-speed"": 7, ""--max-tcp"": 1.4, ""--no-plot"": null, ""--serve-box"": null}",33,True,active,0.113399,1.972959,0.111159,50.0,105.0,1.39,1.0,1.8,20.0,0.113399,0.996,1.51,1051.9,5.749,-3.696,
exp26_tcp_grid,ablationfull__ballspeed7__maxtcp1.4__noplot__servebox,"{""--ablation"": ""full"", ""--ball-speed"": 7, ""--max-tcp"": 1.4, ""--no-plot"": null, ""--serve-box"": null}",34,True,active,0.104043,1.986978,0.102741,45.0,105.0,1.37,0.99,1.3,20.0,0.104043,1.263,1.6,1080.1,6.567,-4.733,
exp26_tcp_grid,ablationfull__ballspeed7__maxtcp1.4__noplot__servebox,"{""--ablation"": ""full"", ""--ball-speed"": 7, ""--max-tcp"": 1.4, ""--no-plot"": null, ""--serve-box"": null}",17,False,miss,0.340142,1.961266,0.141737,30.0,60.0,1.4,0.98,1.7,0.0,0.340142,0.0,2.92,2253.9,-1.0,-99.0,
exp26_tcp_grid,ablationfull__ballspeed7__maxtcp1.4__noplot__servebox,"{""--ablation"": ""full"", ""--ball-speed"": 7, ""--max-tcp"": 1.4, ""--no-plot"": null, ""--serve-box"": null}",31,False,miss,0.3608,1.976836,0.163782,20.0,0.0,1.37,1.0,1.2,0.0,0.3608,0.0,2.19,1766.9,-1.0,-99.0,
exp26_tcp_grid,ablationfull__ballspeed7__maxtcp1.4__noplot__servebox,"{""--ablation"": ""full"", ""--ball-speed"": 7, ""--max-tcp"": 1.4, ""--no-plot"": null, ""--serve-box"": null}",35,False,miss,0.433578,1.954194,0.193946,0.0,0.0,1.4,1.0,1.6,0.0,0.433578,0.0,1.65,1186.7,-1.0,-99.0,
exp26_tcp_grid,ablationfull__ballspeed7__maxtcp1.4__noplot__servebox,"{""--ablation"": ""full"", ""--ball-speed"": 7, ""--max-tcp"": 1.4, ""--no-plot"": null, ""--serve-box"": null}",36,True,active,0.101144,1.960529,0.094429,50.0,105.0,1.39,0.98,1.4,20.0,0.101144,1.375,1.69,1192.5,5.89,-4.826,
exp26_tcp_grid,ablationfull__ballspeed7__maxtcp1.4__noplot__servebox,"{""--ablation"": ""full"", ""--ball-speed"": 7, ""--max-tcp"": 1.4, ""--no-plot"": null, ""--serve-box"": null}",23,True,active,0.07618,1.966869,0.07618,55.0,105.0,1.4,0.98,1.3,15.0,0.07618,0.765,3.16,2293.7,5.555,-3.533,
exp26_tcp_grid,ablationfull__ballspeed7__maxtcp1.4__noplot__servebox,"{""--ablation"": ""full"", ""--ball-speed"": 7, ""--max-tcp"": 1.4, ""--no-plot"": null, ""--serve-box"": null}",39,False,miss,0.349625,1.960568,0.157693,0.0,0.0,1.4,1.0,1.7,0.0,0.349625,0.0,1.5,1085.7,-1.0,-99.0,
exp26_tcp_grid,ablationfull__ballspeed7__maxtcp1.4__noplot__servebox,"{""--ablation"": ""full"", ""--ball-speed"": 7, ""--max-tcp"": 1.4, ""--no-plot"": null, ""--serve-box"": null}",25,False,miss,0.391769,1.952794,0.136581,35.0,0.0,1.4,0.99,1.5,0.0,0.391769,0.0,3.15,2319.3,-1.0,-99.0,
exp26_tcp_grid,ablationfull__ballspeed7__maxtcp1.4__noplot__servebox,"{""--ablation"": ""full"", ""--ball-speed"": 7, ""--max-tcp"": 1.4, ""--no-plot"": null, ""--serve-box"": null}",28,True,active,0.145206,1.935634,0.12486,50.0,75.0,1.35,0.99,1.5,20.0,0.145206,1.261,3.13,2303.4,6.084,-4.727,
exp26_tcp_grid,ablationfull__ballspeed7__maxtcp1.4__noplot__servebox,"{""--ablation"": ""full"", ""--ball-speed"": 7, ""--max-tcp"": 1.4, ""--no-plot"": null, ""--serve-box"": null}",26,True,active,0.094867,1.966712,0.091417,45.0,105.0,1.39,1.0,1.4,35.0,0.094867,0.822,3.29,2301.4,5.544,-1.363,
exp26_tcp_grid,ablationfull__ballspeed7__maxtcp1.4__noplot__servebox,"{""--ablation"": ""full"", ""--ball-speed"": 7, ""--max-tcp"": 1.4, ""--no-plot"": null, ""--serve-box"": null}",40,True,active,0.10255,1.98571,0.100479,50.0,105.0,1.39,1.0,1.6,15.0,0.10255,1.137,1.63,1169.0,5.217,-4.403,
exp26_tcp_grid,ablationfull__ballspeed7__maxtcp1.4__noplot__servebox,"{""--ablation"": ""full"", ""--ball-speed"": 7, ""--max-tcp"": 1.4, ""--no-plot"": null, ""--serve-box"": null}",41,True,active,0.146428,1.987945,0.138338,45.0,75.0,1.41,1.0,1.4,10.0,0.146428,1.36,1.55,1069.2,7.061,-6.473,
exp26_tcp_grid,ablationfull__ballspeed7__maxtcp1.4__noplot__servebox,"{""--ablation"": ""full"", ""--ball-speed"": 7, ""--max-tcp"": 1.4, ""--no-plot"": null, ""--serve-box"": null}",42,True,active,0.129417,1.943099,0.119282,40.0,105.0,1.4,1.0,1.8,25.0,0.129417,1.288,1.61,1176.0,5.856,-3.537,
exp26_tcp_grid,ablationfull__ballspeed7__maxtcp1.4__noplot__servebox,"{""--ablation"": ""full"", ""--ball-speed"": 7, ""--max-tcp"": 1.4, ""--no-plot"": null, ""--serve-box"": null}",46,True,active,0.136202,1.843276,0.133919,10.0,10.0,1.4,1.0,1.8,25.0,0.136202,1.374,1.46,1106.1,5.743,0.822,
exp26_tcp_grid,ablationfull__ballspeed7__maxtcp1.4__noplot__servebox,"{""--ablation"": ""full"", ""--ball-speed"": 7, ""--max-tcp"": 1.4, ""--no-plot"": null, ""--serve-box"": null}",38,False,miss,0.395972,1.959411,0.157778,25.0,0.0,1.39,1.0,1.7,0.0,0.395972,0.0,2.4,1623.1,-1.0,-99.0,
exp26_tcp_grid,ablationfull__ballspeed7__maxtcp1.4__noplot__servebox,"{""--ablation"": ""full"", ""--ball-speed"": 7, ""--max-tcp"": 1.4, ""--no-plot"": null, ""--serve-box"": null}",43,False,miss,0.368934,1.925454,0.184539,0.0,0.0,1.41,1.0,1.4,0.0,0.368934,0.0,2.15,1380.7,-1.0,-99.0,
exp26_tcp_grid,ablationfull__ballspeed7__maxtcp1.4__noplot__servebox,"{""--ablation"": ""full"", ""--ball-speed"": 7, ""--max-tcp"": 1.4, ""--no-plot"": null, ""--serve-box"": null}",45,True,active,0.122586,2.024443,0.113084,40.0,105.0,1.41,1.0,1.6,30.0,0.122586,1.402,1.78,1268.3,5.964,-1.809,
exp26_tcp_grid,ablationfull__ballspeed7__maxtcp1.4__noplot__servebox,"{""--ablation"": ""full"", ""--ball-speed"": 7, ""--max-tcp"": 1.4, ""--no-plot"": null, ""--serve-box"": null}",44,False,miss,0.404379,1.981038,0.16822,15.0,0.0,1.4,1.0,1.6,0.0,0.404379,0.0,2.12,1585.7,-1.0,-99.0,
exp26_tcp_grid,ablationfull__ballspeed7__maxtcp1.4__noplot__servebox,"{""--ablation"": ""full"", ""--ball-speed"": 7, ""--max-tcp"": 1.4, ""--no-plot"": null, ""--serve-box"": null}",49,True,active,0.115876,1.970373,0.115876,40.0,105.0,1.4,0.99,1.5,25.0,0.115876,0.732,1.52,1059.5,5.17,-2.012,
exp26_tcp_grid,ablationfull__ballspeed7__maxtcp1.4__noplot__servebox,"{""--ablation"": ""full"", ""--ball-speed"": 7, ""--max-tcp"": 1.4, ""--no-plot"": null, ""--serve-box"": null}",50,True,active,0.109162,1.947932,0.094206,50.0,105.0,1.4,0.99,1.5,25.0,0.109162,1.191,1.56,1104.4,6.109,-2.003,
exp26_tcp_grid,ablationfull__ballspeed7__maxtcp1.4__noplot__servebox,"{""--ablation"": ""full"", ""--ball-speed"": 7, ""--max-tcp"": 1.4, ""--no-plot"": null, ""--serve-box"": null}",37,False,miss,0.412633,1.939202,0.170241,15.0,0.0,1.39,1.0,1.5,0.0,0.412633,0.0,3.14,2258.6,-1.0,-99.0,
exp26_tcp_grid,ablationfull__ballspeed7__maxtcp1.4__noplot__servebox,"{""--ablation"": ""full"", ""--ball-speed"": 7, ""--max-tcp"": 1.4, ""--no-plot"": null, ""--serve-box"": null}",53,True,active,0.067765,1.998316,0.058875,45.0,105.0,1.4,1.0,1.4,25.0,0.067765,1.311,1.51,1016.0,5.926,-1.437,
exp26_tcp_grid,ablationfull__ballspeed7__maxtcp1.4__noplot__servebox,"{""--ablation"": ""full"", ""--ball-speed"": 7, ""--max-tcp"": 1.4, ""--no-plot"": null, ""--serve-box"": null}",54,False,miss,0.35403,1.987295,0.130621,0.0,0.0,1.4,1.0,1.4,0.0,0.35403,0.0,1.79,1319.1,-1.0,-99.0,
exp26_tcp_grid,ablationfull__ballspeed7__maxtcp1.4__noplot__servebox,"{""--ablation"": ""full"", ""--ball-speed"": 7, ""--max-tcp"": 1.4, ""--no-plot"": null, ""--serve-box"": null}",51,False,miss,0.407581,1.915421,0.18814,0.0,0.0,1.38,1.0,1.7,0.0,0.407581,0.0,2.22,1495.2,-1.0,-99.0,
exp26_tcp_grid,ablationfull__ballspeed7__maxtcp1.4__noplot__servebox,"{""--ablation"": ""full"", ""--ball-speed"": 7, ""--max-tcp"": 1.4, ""--no-plot"": null, ""--serve-box"": null}",48,True,active,0.124947,1.991375,0.12292,40.0,100.0,1.41,1.0,1.5,20.0,0.124947,1.047,2.36,1707.1,6.572,-6.431,
exp26_tcp_grid,ablationfull__ballspeed7__maxtcp1.4__noplot__servebox,"{""--ablation"": ""full"", ""--ball-speed"": 7, ""--max-tcp"": 1.4, ""--no-plot"": null, ""--serve-box"": null}",58,True,active,0.066678,1.992469,0.066678,40.0,105.0,1.39,1.0,1.5,25.0,0.066678,1.3,1.46,1046.4,6.095,-3.411,
exp26_tcp_grid,ablationfull__ballspeed7__maxtcp1.4__noplot__servebox,"{""--ablation"": ""full"", ""--ball-speed"": 7, ""--max-tcp"": 1.4, ""--no-plot"": null, ""--serve-box"": null}",55,True,active,0.101743,1.968824,0.101743,40.0,105.0,1.4,1.0,1.5,25.0,0.101743,1.365,2.17,1409.4,5.963,-4.767,
exp26_tcp_grid,ablationfull__ballspeed7__maxtcp1.4__noplot__servebox,"{""--ablation"": ""full"", ""--ball-speed"": 7, ""--max-tcp"": 1.4, ""--no-plot"": null, ""--serve-box"": null}",60,True,active,0.077522,1.990484,0.077522,50.0,105.0,1.4,1.0,1.6,20.0,0.077522,1.248,1.5,1057.9,6.737,-4.828,
exp26_tcp_grid,ablationfull__ballspeed7__maxtcp1.4__noplot__servebox,"{""--ablation"": ""full"", ""--ball-speed"": 7, ""--max-tcp"": 1.4, ""--no-plot"": null, ""--serve-box"": null}",61,True,active,0.11835,1.94916,0.11835,40.0,105.0,1.4,1.0,1.5,25.0,0.11835,1.372,1.45,1023.1,6.507,-5.479,
exp26_tcp_grid,ablationfull__ballspeed7__maxtcp1.4__noplot__servebox,"{""--ablation"": ""full"", ""--ball-speed"": 7, ""--max-tcp"": 1.4, ""--no-plot"": null, ""--serve-box"": null}",47,True,active,0.023838,2.007878,0.023838,45.0,105.0,1.4,1.0,1.2,15.0,0.023838,1.009,3.1,2313.6,6.803,-6.386,
exp26_tcp_grid,ablationfull__ballspeed7__maxtcp1.4__noplot__servebox,"{""--ablation"": ""full"", ""--ball-speed"": 7, ""--max-tcp"": 1.4, ""--no-plot"": null, ""--serve-box"": null}",62,True,active,0.110906,2.005528,0.10808,45.0,105.0,1.4,1.0,1.4,10.0,0.110906,0.926,1.5,1031.1,6.679,-6.198,
exp26_tcp_grid,ablationfull__ballspeed7__maxtcp1.4__noplot__servebox,"{""--ablation"": ""full"", ""--ball-speed"": 7, ""--max-tcp"": 1.4, ""--no-plot"": null, ""--serve-box"": null}",57,True,active,0.128297,1.931284,0.128297,35.0,95.0,1.35,0.99,1.6,10.0,0.128297,1.308,2.09,1700.3,6.53,-5.891,
exp26_tcp_grid,ablationfull__ballspeed7__maxtcp1.4__noplot__servebox,"{""--ablation"": ""full"", ""--ball-speed"": 7, ""--max-tcp"": 1.4, ""--no-plot"": null, ""--serve-box"": null}",52,True,active,0.045609,1.992791,0.045609,50.0,105.0,1.4,0.98,1.9,25.0,0.045609,1.396,2.97,2222.5,4.105,-1.931,
exp26_tcp_grid,ablationfull__ballspeed7__maxtcp1.4__noplot__servebox,"{""--ablation"": ""full"", ""--ball-speed"": 7, ""--max-tcp"": 1.4, ""--no-plot"": null, ""--serve-box"": null}",64,True,active,0.096033,1.968703,0.096033,40.0,105.0,1.36,0.99,1.5,20.0,0.096033,1.106,1.68,1027.1,6.085,-5.777,
exp26_tcp_grid,ablationfull__ballspeed7__maxtcp1.4__noplot__servebox,"{""--ablation"": ""full"", ""--ball-speed"": 7, ""--max-tcp"": 1.4, ""--no-plot"": null, ""--serve-box"": null}",65,True,active,0.149961,1.976401,0.142295,35.0,85.0,1.38,0.99,2.0,5.0,0.149961,0.7,1.63,1200.2,6.552,-2.436,
exp26_tcp_grid,ablationfull__ballspeed7__maxtcp1.4__noplot__servebox,"{""--ablation"": ""full"", ""--ball-speed"": 7, ""--max-tcp"": 1.4, ""--no-plot"": null, ""--serve-box"": null}",59,True,active,0.101722,1.970966,0.088569,0.0,0.0,1.4,1.0,1.6,25.0,0.101722,1.362,2.32,1553.0,6.308,2.577,
exp26_tcp_grid,ablationfull__ballspeed7__maxtcp1.4__noplot__servebox,"{""--ablation"": ""full"", ""--ball-speed"": 7, ""--max-tcp"": 1.4, ""--no-plot"": null, ""--serve-box"": null}",56,False,miss,0.390734,1.923569,0.191387,0.0,0.0,1.4,0.99,2.0,0.0,0.390734,0.0,3.04,2210.0,-1.0,-99.0,
exp26_tcp_grid,ablationfull__ballspeed7__maxtcp1.4__noplot__servebox,"{""--ablation"": ""full"", ""--ball-speed"": 7, ""--max-tcp"": 1.4, ""--no-plot"": null, ""--serve-box"": null}",66,True,active,0.149832,1.948246,0.142602,45.0,65.0,1.2,1.0,1.6,10.0,0.149832,0.926,1.54,1082.2,5.919,-5.838,
exp26_tcp_grid,ablationfull__ballspeed7__maxtcp1.4__noplot__servebox,"{""--ablation"": ""full"", ""--ball-speed"": 7, ""--max-tcp"": 1.4, ""--no-plot"": null, ""--serve-box"": null}",67,False,miss,0.347634,1.962529,0.128634,0.0,0.0,1.4,0.96,1.5,0.0,0.347634,0.0,1.58,1151.8,-1.0,-99.0,
exp26_tcp_grid,ablationfull__ballspeed7__maxtcp1.4__noplot__servebox,"{""--ablation"": ""full"", ""--ball-speed"": 7, ""--max-tcp"": 1.4, ""--no-plot"": null, ""--serve-box"": null}",69,True,active,0.131568,2.004241,0.122388,45.0,105.0,1.4,1.0,1.8,25.0,0.131568,1.228,1.57,1081.2,5.889,-3.321,
exp26_tcp_grid,ablationfull__ballspeed7__maxtcp1.4__noplot__servebox,"{""--ablation"": ""full"", ""--ball-speed"": 7, ""--max-tcp"": 1.4, ""--no-plot"": null, ""--serve-box"": null}",63,True,active,0.103398,1.957688,0.083623,0.0,25.0,1.39,0.98,1.5,25.0,0.103398,1.361,2.41,1825.7,6.404,0.297,
exp26_tcp_grid,ablationfull__ballspeed7__maxtcp1.4__noplot__servebox,"{""--ablation"": ""full"", ""--ball-speed"": 7, ""--max-tcp"": 1.4, ""--no-plot"": null, ""--serve-box"": null}",70,False,miss,0.349891,1.953828,0.152407,30.0,0.0,1.4,0.99,1.7,0.0,0.349891,0.0,1.59,1131.3,-1.0,-99.0,
exp26_tcp_grid,ablationfull__ballspeed7__maxtcp1.4__noplot__servebox,"{""--ablation"": ""full"", ""--ball-speed"": 7, ""--max-tcp"": 1.4, ""--no-plot"": null, ""--serve-box"": null}",72,True,passive,0.086499,1.965257,0.078985,50.0,105.0,1.1,1.0,1.6,10.0,0.086499,0.223,1.68,1171.0,5.889,-5.182,
exp26_tcp_grid,ablationfull__ballspeed7__maxtcp1.4__noplot__servebox,"{""--ablation"": ""full"", ""--ball-speed"": 7, ""--max-tcp"": 1.4, ""--no-plot"": null, ""--serve-box"": null}",73,False,miss,0.394804,1.967807,0.172657,20.0,0.0,1.39,1.0,1.4,0.0,0.394804,0.0,1.48,1079.4,-1.0,-99.0,
exp26_tcp_grid,ablationfull__ballspeed7__maxtcp1.4__noplot__servebox,"{""--ablation"": ""full"", ""--ball-speed"": 7, ""--max-tcp"": 1.4, ""--no-plot"": null, ""--serve-box"": null}",76,True,active,0.071841,1.985332,0.068534,45.0,100.0,1.4,0.99,1.3,25.0,0.071841,1.346,1.56,1094.3,6.131,-2.854,
exp26_tcp_grid,ablationfull__ballspeed7__maxtcp1.4__noplot__servebox,"{""--ablation"": ""full"", ""--ball-speed"": 7, ""--max-tcp"": 1.4, ""--no-plot"": null, ""--serve-box"": null}",81,True,active,0.087727,2.011681,0.083472,45.0,105.0,1.41,1.0,1.7,15.0,0.087727,1.404,1.52,1050.4,6.527,-1.561,
exp26_tcp_grid,ablationfull__ballspeed7__maxtcp1.4__noplot__servebox,"{""--ablation"": ""full"", ""--ball-speed"": 7, ""--max-tcp"": 1.4, ""--no-plot"": null, ""--serve-box"": null}",80,True,active,0.133561,1.984185,0.12369,45.0,105.0,1.41,1.0,1.4,15.0,0.133561,1.392,1.67,1195.4,6.438,-4.625,
exp26_tcp_grid,ablationfull__ballspeed7__maxtcp1.4__noplot__servebox,"{""--ablation"": ""full"", ""--ball-speed"": 7, ""--max-tcp"": 1.4, ""--no-plot"": null, ""--serve-box"": null}",68,True,active,0.132833,1.941346,0.123307,45.0,75.0,1.4,1.0,1.4,20.0,0.132833,1.241,2.95,2255.9,6.416,-4.293,
exp26_tcp_grid,ablationfull__ballspeed7__maxtcp1.4__noplot__servebox,"{""--ablation"": ""full"", ""--ball-speed"": 7, ""--max-tcp"": 1.4, ""--no-plot"": null, ""--serve-box"": null}",82,True,active,0.118669,1.974681,0.114737,40.0,105.0,1.41,1.0,1.6,25.0,0.118669,1.379,1.46,1015.7,6.758,-3.928,
exp26_tcp_grid,ablationfull__ballspeed7__maxtcp1.4__noplot__servebox,"{""--ablation"": ""full"", ""--ball-speed"": 7, ""--max-tcp"": 1.4, ""--no-plot"": null, ""--serve-box"": null}",77,False,miss,0.356393,1.912016,0.151862,20.0,0.0,1.38,1.0,1.5,0.0,0.356393,0.0,2.26,1677.3,-1.0,-99.0,
exp26_tcp_grid,ablationfull__ballspeed7__maxtcp1.4__noplot__servebox,"{""--ablation"": ""full"", ""--ball-speed"": 7, ""--max-tcp"": 1.4, ""--no-plot"": null, ""--serve-box"": null}",75,False,miss,0.425383,1.921073,0.180166,10.0,0.0,1.4,0.98,1.4,0.0,0.425383,0.0,2.63,1914.1,-1.0,-99.0,
exp26_tcp_grid,ablationfull__ballspeed7__maxtcp1.4__noplot__servebox,"{""--ablation"": ""full"", ""--ball-speed"": 7, ""--max-tcp"": 1.4, ""--no-plot"": null, ""--serve-box"": null}",71,True,active,0.12787,1.969877,0.118861,40.0,90.0,1.4,0.99,1.5,25.0,0.12787,1.383,3.04,2266.6,6.034,-2.986,
exp26_tcp_grid,ablationfull__ballspeed7__maxtcp1.4__noplot__servebox,"{""--ablation"": ""full"", ""--ball-speed"": 7, ""--max-tcp"": 1.4, ""--no-plot"": null, ""--serve-box"": null}",84,True,active,0.131617,1.920694,0.122176,45.0,85.0,1.4,1.0,1.7,15.0,0.131617,1.364,1.7,999.3,6.339,-4.582,
exp26_tcp_grid,ablationfull__ballspeed7__maxtcp1.4__noplot__servebox,"{""--ablation"": ""full"", ""--ball-speed"": 7, ""--max-tcp"": 1.4, ""--no-plot"": null, ""--serve-box"": null}",83,True,active,0.080091,1.9684,0.078485,55.0,105.0,1.37,1.0,1.4,20.0,0.080091,1.193,1.82,1330.4,5.116,-3.581,
exp26_tcp_grid,ablationfull__ballspeed7__maxtcp1.4__noplot__servebox,"{""--ablation"": ""full"", ""--ball-speed"": 7, ""--max-tcp"": 1.4, ""--no-plot"": null, ""--serve-box"": null}",86,True,active,0.12143,1.954704,0.11754,20.0,75.0,1.41,0.99,1.6,25.0,0.12143,1.219,1.42,1024.1,5.665,0.796,
exp26_tcp_grid,ablationfull__ballspeed7__maxtcp1.4__noplot__servebox,"{""--ablation"": ""full"", ""--ball-speed"": 7, ""--max-tcp"": 1.4, ""--no-plot"": null, ""--serve-box"": null}",85,True,active,0.115542,1.971322,0.090166,0.0,0.0,1.4,1.0,1.5,25.0,0.115542,1.212,1.71,1253.1,6.603,-0.864,
exp26_tcp_grid,ablationfull__ballspeed7__maxtcp1.4__noplot__servebox,"{""--ablation"": ""full"", ""--ball-speed"": 7, ""--max-tcp"": 1.4, ""--no-plot"": null, ""--serve-box"": null}",87,True,active,0.103779,2.020553,0.099953,45.0,105.0,1.4,0.99,1.7,25.0,0.103779,0.906,1.46,1021.0,6.006,-0.845,
exp26_tcp_grid,ablationfull__ballspeed7__maxtcp1.4__noplot__servebox,"{""--ablation"": ""full"", ""--ball-speed"": 7, ""--max-tcp"": 1.4, ""--no-plot"": null, ""--serve-box"": null}",74,False,miss,0.381883,1.963161,0.150797,25.0,30.0,1.39,1.0,1.8,0.0,0.381883,0.0,3.07,2274.3,-1.0,-99.0,
exp26_tcp_grid,ablationfull__ballspeed7__maxtcp1.4__noplot__servebox,"{""--ablation"": ""full"", ""--ball-speed"": 7, ""--max-tcp"": 1.4, ""--no-plot"": null, ""--serve-box"": null}",88,True,active,0.114053,1.999002,0.114053,35.0,105.0,1.38,1.0,1.4,25.0,0.114053,1.007,1.67,1051.6,6.272,-4.437,
exp26_tcp_grid,ablationfull__ballspeed7__maxtcp1.4__noplot__servebox,"{""--ablation"": ""full"", ""--ball-speed"": 7, ""--max-tcp"": 1.4, ""--no-plot"": null, ""--serve-box"": null}",78,True,active,0.085725,1.958379,0.077367,50.0,105.0,1.39,0.99,1.4,25.0,0.085725,1.382,3.08,2272.1,5.959,-5.744,
exp26_tcp_grid,ablationfull__ballspeed7__maxtcp1.4__noplot__servebox,"{""--ablation"": ""full"", ""--ball-speed"": 7, ""--max-tcp"": 1.4, ""--no-plot"": null, ""--serve-box"": null}",79,True,active,0.117094,1.948581,0.093152,45.0,80.0,1.39,1.0,1.7,25.0,0.117094,1.297,3.13,2294.0,5.64,-0.571,
exp26_tcp_grid,ablationfull__ballspeed7__maxtcp1.4__noplot__servebox,"{""--ablation"": ""full"", ""--ball-speed"": 7, ""--max-tcp"": 1.4, ""--no-plot"": null, ""--serve-box"": null}",91,True,active,0.113529,1.965981,0.113529,35.0,105.0,1.41,1.0,1.7,5.0,0.113529,0.945,1.64,1203.6,6.67,-2.292,
exp26_tcp_grid,ablationfull__ballspeed7__maxtcp1.4__noplot__servebox,"{""--ablation"": ""full"", ""--ball-speed"": 7, ""--max-tcp"": 1.4, ""--no-plot"": null, ""--serve-box"": null}",94,True,active,0.123792,1.924773,0.116445,45.0,105.0,1.39,0.99,1.5,25.0,0.123792,1.354,1.54,1054.4,5.331,-4.08,
exp26_tcp_grid,ablationfull__ballspeed7__maxtcp1.4__noplot__servebox,"{""--ablation"": ""full"", ""--ball-speed"": 7, ""--max-tcp"": 1.4, ""--no-plot"": null, ""--serve-box"": null}",95,True,active,0.124618,2.003737,0.124618,35.0,105.0,1.4,0.98,1.6,30.0,0.124618,1.4,1.55,1057.9,6.03,-3.197,
exp26_tcp_grid,ablationfull__ballspeed7__maxtcp1.4__noplot__servebox,"{""--ablation"": ""full"", ""--ball-speed"": 7, ""--max-tcp"": 1.4, ""--no-plot"": null, ""--serve-box"": null}",96,True,active,0.125325,1.995443,0.125325,40.0,105.0,1.41,1.0,1.6,25.0,0.125325,1.235,1.53,1039.0,5.993,-3.56,
exp26_tcp_grid,ablationfull__ballspeed7__maxtcp1.4__noplot__servebox,"{""--ablation"": ""full"", ""--ball-speed"": 7, ""--max-tcp"": 1.4, ""--no-plot"": null, ""--serve-box"": null}",97,False,miss,0.383485,1.976517,0.135732,30.0,0.0,1.41,1.0,1.6,0.0,0.383485,0.0,1.54,1090.8,-1.0,-99.0,
exp26_tcp_grid,ablationfull__ballspeed7__maxtcp1.4__noplot__servebox,"{""--ablation"": ""full"", ""--ball-speed"": 7, ""--max-tcp"": 1.4, ""--no-plot"": null, ""--serve-box"": null}",92,False,miss,0.418438,1.964424,0.175437,15.0,0.0,1.39,1.0,1.7,0.0,0.418438,0.0,2.02,1513.0,-1.0,-99.0,
exp26_tcp_grid,ablationfull__ballspeed7__maxtcp1.4__noplot__servebox,"{""--ablation"": ""full"", ""--ball-speed"": 7, ""--max-tcp"": 1.4, ""--no-plot"": null, ""--serve-box"": null}",100,True,active,0.120065,1.96885,0.120065,40.0,105.0,1.4,1.0,1.4,15.0,0.120065,1.131,1.49,1025.8,6.3,-6.063,
exp26_tcp_grid,ablationfull__ballspeed7__maxtcp1.4__noplot__servebox,"{""--ablation"": ""full"", ""--ball-speed"": 7, ""--max-tcp"": 1.4, ""--no-plot"": null, ""--serve-box"": null}",89,True,active,0.095349,1.971234,0.092219,0.0,0.0,1.37,0.98,1.4,15.0,0.095349,1.332,2.3,1595.1,5.568,1.598,
exp26_tcp_grid,ablationfull__ballspeed7__maxtcp1.4__noplot__servebox,"{""--ablation"": ""full"", ""--ball-speed"": 7, ""--max-tcp"": 1.4, ""--no-plot"": null, ""--serve-box"": null}",99,True,active,0.088492,1.966118,0.088492,50.0,105.0,1.4,1.0,1.5,15.0,0.088492,0.795,1.77,1229.7,5.886,-5.841,
exp26_tcp_grid,ablationfull__ballspeed7__maxtcp1.4__noplot__servebox,"{""--ablation"": ""full"", ""--ball-speed"": 7, ""--max-tcp"": 1.4, ""--no-plot"": null, ""--serve-box"": null}",90,True,active,0.118613,1.979467,0.108287,45.0,105.0,1.4,0.99,1.4,15.0,0.118613,1.259,2.53,1858.8,5.897,-3.15,
exp26_tcp_grid,ablationtube_only__ballspeed7__maxtcp1.4__noplot__servebox,"{""--ablation"": ""tube_only"", ""--ball-speed"": 7, ""--max-tcp"": 1.4, ""--no-plot"": null, ""--serve-box"": null}",3,False,miss,0.266792,1.852732,0.215126,0.0,0.0,1.44,1.0,1.8,0.0,0.266792,0.0,1.64,1123.0,-1.0,-99.0,
exp26_tcp_grid,ablationfull__ballspeed7__maxtcp1.4__noplot__servebox,"{""--ablation"": ""full"", ""--ball-speed"": 7, ""--max-tcp"": 1.4, ""--no-plot"": null, ""--serve-box"": null}",98,True,active,0.119026,1.928831,0.101173,25.0,25.0,1.4,0.99,1.6,30.0,0.119026,1.35,2.36,1692.1,5.725,-1.072,
exp26_tcp_grid,ablationtube_only__ballspeed7__maxtcp1.4__noplot__servebox,"{""--ablation"": ""tube_only"", ""--ball-speed"": 7, ""--max-tcp"": 1.4, ""--no-plot"": null, ""--serve-box"": null}",4,False,miss,0.359721,1.925837,0.139113,5.0,5.0,1.39,1.0,1.7,0.0,0.359721,0.0,1.91,1386.2,-1.0,-99.0,
exp26_tcp_grid,ablationtube_only__ballspeed7__maxtcp1.4__noplot__servebox,"{""--ablation"": ""tube_only"", ""--ball-speed"": 7, ""--max-tcp"": 1.4, ""--no-plot"": null, ""--serve-box"": null}",5,False,miss,0.306414,2.020629,0.079512,0.0,0.0,1.22,0.99,1.5,0.0,0.306414,0.0,1.64,1107.0,-1.0,-99.0,
exp26_tcp_grid,ablationfull__ballspeed7__maxtcp1.4__noplot__servebox,"{""--ablation"": ""full"", ""--ball-speed"": 7, ""--max-tcp"": 1.4, ""--no-plot"": null, ""--serve-box"": null}",93,True,active,0.087299,1.987754,0.087299,45.0,105.0,1.4,0.98,1.5,20.0,0.087299,1.317,3.0,2237.3,5.791,-2.026,
exp26_tcp_grid,ablationtube_only__ballspeed7__maxtcp1.4__noplot__servebox,"{""--ablation"": ""tube_only"", ""--ball-speed"": 7, ""--max-tcp"": 1.4, ""--no-plot"": null, ""--serve-box"": null}",6,True,active,0.092343,1.941841,0.090711,55.0,105.0,1.39,0.97,1.3,5.0,0.092343,0.637,1.53,1058.9,4.93,-3.822,
exp26_tcp_grid,ablationtube_only__ballspeed7__maxtcp1.4__noplot__servebox,"{""--ablation"": ""tube_only"", ""--ball-speed"": 7, ""--max-tcp"": 1.4, ""--no-plot"": null, ""--serve-box"": null}",1,False,miss,0.22076,1.862326,0.207691,0.0,0.0,1.38,1.0,1.8,0.0,0.22076,0.0,2.7,1737.6,-1.0,-99.0,
exp26_tcp_grid,ablationtube_only__ballspeed7__maxtcp1.4__noplot__servebox,"{""--ablation"": ""tube_only"", ""--ball-speed"": 7, ""--max-tcp"": 1.4, ""--no-plot"": null, ""--serve-box"": null}",8,True,active,0.091314,1.92287,0.088945,45.0,100.0,1.38,0.99,1.5,15.0,0.091314,1.022,1.54,1016.4,5.307,-1.313,
exp26_tcp_grid,ablationtube_only__ballspeed7__maxtcp1.4__noplot__servebox,"{""--ablation"": ""tube_only"", ""--ball-speed"": 7, ""--max-tcp"": 1.4, ""--no-plot"": null, ""--serve-box"": null}",9,True,active,0.148289,1.957878,0.14323,40.0,60.0,1.4,0.97,1.8,10.0,0.148289,1.404,1.48,1007.9,5.912,-2.077,
exp26_tcp_grid,ablationtube_only__ballspeed7__maxtcp1.4__noplot__servebox,"{""--ablation"": ""tube_only"", ""--ball-speed"": 7, ""--max-tcp"": 1.4, ""--no-plot"": null, ""--serve-box"": null}",21,,,,,,,,,,,,,,0.22,,,,no_result
exp26_tcp_grid,ablationtube_only__ballspeed7__maxtcp1.4__noplot__servebox,"{""--ablation"": ""tube_only"", ""--ball-speed"": 7, ""--max-tcp"": 1.4, ""--no-plot"": null, ""--serve-box"": null}",20,,,,,,,,,,,,,,0.29,,,,no_result
exp26_tcp_grid,ablationtube_only__ballspeed7__maxtcp1.4__noplot__servebox,"{""--ablation"": ""tube_only"", ""--ball-speed"": 7, ""--max-tcp"": 1.4, ""--no-plot"": null, ""--serve-box"": null}",10,True,active,0.088291,1.949777,0.088291,45.0,105.0,1.21,0.99,1.5,15.0,0.088291,0.953,1.72,1221.2,5.62,-2.214,
exp26_tcp_grid,ablationtube_only__ballspeed7__maxtcp1.4__noplot__servebox,"{""--ablation"": ""tube_only"", ""--ball-speed"": 7, ""--max-tcp"": 1.4, ""--no-plot"": null, ""--serve-box"": null}",14,True,passive,0.041837,1.926842,0.041837,50.0,105.0,1.37,1.0,1.7,10.0,0.041837,0.185,1.57,1024.8,5.817,-5.41,
exp26_tcp_grid,ablationtube_only__ballspeed7__maxtcp1.4__noplot__servebox,"{""--ablation"": ""tube_only"", ""--ball-speed"": 7, ""--max-tcp"": 1.4, ""--no-plot"": null, ""--serve-box"": null}",2,True,active,0.09348,1.953277,0.05023,0.0,0.0,1.39,0.98,1.5,20.0,0.09348,1.372,3.05,2265.4,5.817,3.291,
exp26_tcp_grid,ablationtube_only__ballspeed7__maxtcp1.4__noplot__servebox,"{""--ablation"": ""tube_only"", ""--ball-speed"": 7, ""--max-tcp"": 1.4, ""--no-plot"": null, ""--serve-box"": null}",27,,,,,,,,,,,,,,0.19,,,,no_result
exp26_tcp_grid,ablationtube_only__ballspeed7__maxtcp1.4__noplot__servebox,"{""--ablation"": ""tube_only"", ""--ball-speed"": 7, ""--max-tcp"": 1.4, ""--no-plot"": null, ""--serve-box"": null}",11,True,active,0.104414,1.933011,0.072247,0.0,30.0,1.39,0.76,1.4,25.0,0.104414,1.351,2.11,1603.5,5.914,0.42,
exp26_tcp_grid,ablationtube_only__ballspeed7__maxtcp1.4__noplot__servebox,"{""--ablation"": ""tube_only"", ""--ball-speed"": 7, ""--max-tcp"": 1.4, ""--no-plot"": null, ""--serve-box"": null}",7,True,active,0.118796,1.943146,0.092163,0.0,0.0,1.04,0.99,1.3,15.0,0.118796,1.009,2.27,1779.4,6.119,0.188,
exp26_tcp_grid,ablationtube_only__ballspeed7__maxtcp1.4__noplot__servebox,"{""--ablation"": ""tube_only"", ""--ball-speed"": 7, ""--max-tcp"": 1.4, ""--no-plot"": null, ""--serve-box"": null}",15,True,active,0.060386,1.968184,0.060386,40.0,105.0,1.39,0.99,1.2,10.0,0.060386,1.394,1.62,1191.5,6.247,-3.877,
exp26_tcp_grid,ablationtube_only__ballspeed7__maxtcp1.4__noplot__servebox,"{""--ablation"": ""tube_only"", ""--ball-speed"": 7, ""--max-tcp"": 1.4, ""--no-plot"": null, ""--serve-box"": null}",13,True,active,0.101493,1.919805,0.058435,0.0,0.0,1.37,0.99,1.6,25.0,0.101493,1.231,2.37,1546.6,6.376,2.648,
exp26_tcp_grid,ablationtube_only__ballspeed7__maxtcp1.4__noplot__servebox,"{""--ablation"": ""tube_only"", ""--ball-speed"": 7, ""--max-tcp"": 1.4, ""--no-plot"": null, ""--serve-box"": null}",19,True,active,0.068043,1.977048,0.04262,0.0,0.0,1.37,0.97,1.0,15.0,0.068043,1.35,1.52,1123.8,5.397,1.116,
exp26_tcp_grid,ablationtube_only__ballspeed7__maxtcp1.4__noplot__servebox,"{""--ablation"": ""tube_only"", ""--ball-speed"": 7, ""--max-tcp"": 1.4, ""--no-plot"": null, ""--serve-box"": null}",12,True,active,0.025776,2.000417,0.025776,45.0,105.0,1.33,1.0,1.2,15.0,0.025776,1.168,2.93,2093.3,6.977,-5.028,
exp26_tcp_grid,ablationtube_only__ballspeed7__maxtcp1.4__noplot__servebox,"{""--ablation"": ""tube_only"", ""--ball-speed"": 7, ""--max-tcp"": 1.4, ""--no-plot"": null, ""--serve-box"": null}",24,False,miss,0.322754,1.933787,0.138066,5.0,35.0,1.32,1.0,1.7,0.0,0.322754,0.0,1.58,1067.9,-1.0,-99.0,
exp26_tcp_grid,ablationtube_only__ballspeed7__maxtcp1.4__noplot__servebox,"{""--ablation"": ""tube_only"", ""--ball-speed"": 7, ""--max-tcp"": 1.4, ""--no-plot"": null, ""--serve-box"": null}",26,True,active,0.043797,1.974296,0.036922,20.0,30.0,1.39,1.0,1.4,20.0,0.043797,1.133,1.55,1100.7,5.75,0.877,
exp26_tcp_grid,ablationtube_only__ballspeed7__maxtcp1.4__noplot__servebox,"{""--ablation"": ""tube_only"", ""--ball-speed"": 7, ""--max-tcp"": 1.4, ""--no-plot"": null, ""--serve-box"": null}",23,True,active,0.111381,1.959019,0.105835,45.0,105.0,1.02,1.0,1.0,10.0,0.111381,0.69,1.85,1319.6,6.354,-3.186,
exp26_tcp_grid,ablationtube_only__ballspeed7__maxtcp1.4__noplot__servebox,"{""--ablation"": ""tube_only"", ""--ball-speed"": 7, ""--max-tcp"": 1.4, ""--no-plot"": null, ""--serve-box"": null}",18,True,active,0.056898,1.984037,0.056898,40.0,105.0,1.39,1.0,1.6,10.0,0.056898,1.352,2.15,1516.7,7.305,-3.186,
exp26_tcp_grid,ablationtube_only__ballspeed7__maxtcp1.4__noplot__servebox,"{""--ablation"": ""tube_only"", ""--ball-speed"": 7, ""--max-tcp"": 1.4, ""--no-plot"": null, ""--serve-box"": null}",30,True,active,0.11286,1.933682,0.082182,0.0,0.0,1.36,1.0,1.6,20.0,0.11286,1.256,1.39,988.0,5.863,1.828,
exp26_tcp_grid,ablationtube_only__ballspeed7__maxtcp1.4__noplot__servebox,"{""--ablation"": ""tube_only"", ""--ball-speed"": 7, ""--max-tcp"": 1.4, ""--no-plot"": null, ""--serve-box"": null}",29,True,active,0.114433,1.926661,0.098332,0.0,0.0,1.35,0.98,1.5,15.0,0.114433,1.15,1.44,1008.4,6.0,2.096,
exp26_tcp_grid,ablationtube_only__ballspeed7__maxtcp1.4__noplot__servebox,"{""--ablation"": ""tube_only"", ""--ball-speed"": 7, ""--max-tcp"": 1.4, ""--no-plot"": null, ""--serve-box"": null}",31,False,miss,0.323095,1.93314,0.1573,25.0,0.0,1.4,1.0,1.7,0.0,0.323095,0.0,1.44,1017.9,-1.0,-99.0,
exp26_tcp_grid,ablationtube_only__ballspeed7__maxtcp1.4__noplot__servebox,"{""--ablation"": ""tube_only"", ""--ball-speed"": 7, ""--max-tcp"": 1.4, ""--no-plot"": null, ""--serve-box"": null}",32,True,active,0.087794,1.956175,0.087794,40.0,105.0,1.39,0.99,1.5,10.0,0.087794,1.389,1.5,1002.2,6.716,-3.624,
exp26_tcp_grid,ablationtube_only__ballspeed7__maxtcp1.4__noplot__servebox,"{""--ablation"": ""tube_only"", ""--ball-speed"": 7, ""--max-tcp"": 1.4, ""--no-plot"": null, ""--serve-box"": null}",16,True,active,0.07572,1.969486,0.032403,0.0,0.0,1.41,0.95,1.4,20.0,0.07572,1.303,3.11,2276.2,6.195,2.229,
exp26_tcp_grid,ablationtube_only__ballspeed7__maxtcp1.4__noplot__servebox,"{""--ablation"": ""tube_only"", ""--ball-speed"": 7, ""--max-tcp"": 1.4, ""--no-plot"": null, ""--serve-box"": null}",17,False,miss,0.331735,1.964232,0.143913,30.0,60.0,1.39,0.99,1.7,0.0,0.331735,0.0,2.93,2259.3,-1.0,-99.0,
exp26_tcp_grid,ablationtube_only__ballspeed7__maxtcp1.4__noplot__servebox,"{""--ablation"": ""tube_only"", ""--ball-speed"": 7, ""--max-tcp"": 1.4, ""--no-plot"": null, ""--serve-box"": null}",22,True,active,0.048813,1.909595,0.048813,10.0,50.0,1.39,0.97,1.5,25.0,0.048813,1.328,2.65,1868.3,6.12,0.007,
exp26_tcp_grid,ablationtube_only__ballspeed7__maxtcp1.4__noplot__servebox,"{""--ablation"": ""tube_only"", ""--ball-speed"": 7, ""--max-tcp"": 1.4, ""--no-plot"": null, ""--serve-box"": null}",28,True,active,0.126111,1.938773,0.105337,40.0,75.0,1.38,0.98,1.8,20.0,0.126111,1.367,2.15,1669.8,5.65,0.802,
exp26_tcp_grid,ablationtube_only__ballspeed7__maxtcp1.4__noplot__servebox,"{""--ablation"": ""tube_only"", ""--ball-speed"": 7, ""--max-tcp"": 1.4, ""--no-plot"": null, ""--serve-box"": null}",25,False,miss,0.320198,1.913863,0.118113,0.0,0.0,1.37,0.98,1.5,0.0,0.320198,0.0,2.63,1864.6,-1.0,-99.0,
exp26_tcp_grid,ablationtube_only__ballspeed7__maxtcp1.4__noplot__servebox,"{""--ablation"": ""tube_only"", ""--ball-speed"": 7, ""--max-tcp"": 1.4, ""--no-plot"": null, ""--serve-box"": null}",34,True,active,0.109599,1.977123,0.099714,45.0,105.0,1.34,0.99,1.7,20.0,0.109599,1.263,1.65,1125.0,5.814,-0.916,
exp26_tcp_grid,ablationtube_only__ballspeed7__maxtcp1.4__noplot__servebox,"{""--ablation"": ""tube_only"", ""--ball-speed"": 7, ""--max-tcp"": 1.4, ""--no-plot"": null, ""--serve-box"": null}",35,False,miss,0.343163,1.935757,0.117129,0.0,15.0,1.39,1.0,1.1,0.0,0.343163,0.0,1.47,1043.8,-1.0,-99.0,
exp26_tcp_grid,ablationtube_only__ballspeed7__maxtcp1.4__noplot__servebox,"{""--ablation"": ""tube_only"", ""--ball-speed"": 7, ""--max-tcp"": 1.4, ""--no-plot"": null, ""--serve-box"": null}",36,True,active,0.093163,1.960613,0.066685,50.0,105.0,1.4,0.96,1.2,20.0,0.093163,1.322,1.43,1028.2,5.83,0.109,
exp26_tcp_grid,ablationtube_only__ballspeed7__maxtcp1.4__noplot__servebox,"{""--ablation"": ""tube_only"", ""--ball-speed"": 7, ""--max-tcp"": 1.4, ""--no-plot"": null, ""--serve-box"": null}",38,False,miss,0.319316,1.938311,0.148109,30.0,40.0,1.06,0.99,1.2,0.0,0.319316,0.0,1.59,1095.8,-1.0,-99.0,
exp26_tcp_grid,ablationtube_only__ballspeed7__maxtcp1.4__noplot__servebox,"{""--ablation"": ""tube_only"", ""--ball-speed"": 7, ""--max-tcp"": 1.4, ""--no-plot"": null, ""--serve-box"": null}",41,False,miss,0.311509,1.98185,0.149989,25.0,40.0,1.28,1.0,1.3,0.0,0.311509,0.0,1.44,1051.5,-1.0,-99.0,
exp26_tcp_grid,ablationtube_only__ballspeed7__maxtcp1.4__noplot__servebox,"{""--ablation"": ""tube_only"", ""--ball-speed"": 7, ""--max-tcp"": 1.4, ""--no-plot"": null, ""--serve-box"": null}",40,False,miss,0.331067,1.929461,0.16221,20.0,0.0,1.37,0.99,1.7,0.0,0.331067,0.0,1.47,1069.0,-1.0,-99.0,
exp26_tcp_grid,ablationtube_only__ballspeed7__maxtcp1.4__noplot__servebox,"{""--ablation"": ""tube_only"", ""--ball-speed"": 7, ""--max-tcp"": 1.4, ""--no-plot"": null, ""--serve-box"": null}",33,True,active,0.047619,1.953808,0.047619,45.0,105.0,1.4,0.98,1.2,15.0,0.047619,1.296,2.85,2067.2,5.574,-2.645,
exp26_tcp_grid,ablationtube_only__ballspeed7__maxtcp1.4__noplot__servebox,"{""--ablation"": ""tube_only"", ""--ball-speed"": 7, ""--max-tcp"": 1.4, ""--no-plot"": null, ""--serve-box"": null}",44,False,miss,0.319193,1.929011,0.115283,25.0,60.0,1.32,0.98,1.6,0.0,0.319193,0.0,1.68,1245.5,-1.0,-99.0,
exp26_tcp_grid,ablationtube_only__ballspeed7__maxtcp1.4__noplot__servebox,"{""--ablation"": ""tube_only"", ""--ball-speed"": 7, ""--max-tcp"": 1.4, ""--no-plot"": null, ""--serve-box"": null}",46,True,active,0.106935,1.984783,0.094623,45.0,105.0,1.37,0.99,1.4,15.0,0.106935,1.335,1.54,1042.5,5.811,-1.326,
exp26_tcp_grid,ablationtube_only__ballspeed7__maxtcp1.4__noplot__servebox,"{""--ablation"": ""tube_only"", ""--ball-speed"": 7, ""--max-tcp"": 1.4, ""--no-plot"": null, ""--serve-box"": null}",45,True,active,0.123295,1.958504,0.113588,40.0,105.0,1.25,1.0,1.4,15.0,0.123295,1.005,1.7,1229.9,5.944,-1.715,
exp26_tcp_grid,ablationtube_only__ballspeed7__maxtcp1.4__noplot__servebox,"{""--ablation"": ""tube_only"", ""--ball-speed"": 7, ""--max-tcp"": 1.4, ""--no-plot"": null, ""--serve-box"": null}",37,True,active,0.077453,1.935987,0.064493,0.0,0.0,1.4,0.99,1.4,25.0,0.077453,1.339,2.62,1785.5,6.22,1.482,
exp26_tcp_grid,ablationtube_only__ballspeed7__maxtcp1.4__noplot__servebox,"{""--ablation"": ""tube_only"", ""--ball-speed"": 7, ""--max-tcp"": 1.4, ""--no-plot"": null, ""--serve-box"": null}",48,True,active,0.106074,1.954061,0.103637,45.0,105.0,1.17,1.0,1.4,0.0,0.106074,0.628,1.69,1094.5,6.367,-6.183,
exp26_tcp_grid,ablationtube_only__ballspeed7__maxtcp1.4__noplot__servebox,"{""--ablation"": ""tube_only"", ""--ball-speed"": 7, ""--max-tcp"": 1.4, ""--no-plot"": null, ""--serve-box"": null}",50,True,active,0.082287,1.932488,0.045409,55.0,85.0,1.39,0.99,1.4,20.0,0.082287,1.357,1.47,1042.3,5.864,-0.852,
exp26_tcp_grid,ablationtube_only__ballspeed7__maxtcp1.4__noplot__servebox,"{""--ablation"": ""tube_only"", ""--ball-speed"": 7, ""--max-tcp"": 1.4, ""--no-plot"": null, ""--serve-box"": null}",51,False,miss,0.341879,1.901371,0.189152,0.0,0.0,1.07,0.99,1.5,0.0,0.341879,0.0,1.46,1063.2,-1.0,-99.0,
exp26_tcp_grid,ablationtube_only__ballspeed7__maxtcp1.4__noplot__servebox,"{""--ablation"": ""tube_only"", ""--ball-speed"": 7, ""--max-tcp"": 1.4, ""--no-plot"": null, ""--serve-box"": null}",39,True,active,0.095291,1.938339,0.070114,0.0,0.0,1.39,0.91,1.5,20.0,0.095291,1.378,3.04,2282.5,6.564,4.298,
exp26_tcp_grid,ablationtube_only__ballspeed7__maxtcp1.4__noplot__servebox,"{""--ablation"": ""tube_only"", ""--ball-speed"": 7, ""--max-tcp"": 1.4, ""--no-plot"": null, ""--serve-box"": null}",53,True,active,0.087823,1.884993,0.048965,0.0,0.0,1.39,0.99,1.6,25.0,0.087823,1.315,1.49,1093.1,6.017,2.362,
exp26_tcp_grid,ablationtube_only__ballspeed7__maxtcp1.4__noplot__servebox,"{""--ablation"": ""tube_only"", ""--ball-speed"": 7, ""--max-tcp"": 1.4, ""--no-plot"": null, ""--serve-box"": null}",52,True,active,0.071364,1.947166,0.071364,40.0,105.0,1.37,0.99,1.1,15.0,0.071364,1.35,1.61,1156.0,6.309,-2.446,
exp26_tcp_grid,ablationtube_only__ballspeed7__maxtcp1.4__noplot__servebox,"{""--ablation"": ""tube_only"", ""--ball-speed"": 7, ""--max-tcp"": 1.4, ""--no-plot"": null, ""--serve-box"": null}",49,True,active,0.099359,1.945089,0.09898,40.0,105.0,1.38,0.99,1.4,15.0,0.099359,1.38,2.13,1698.3,5.699,-1.013,
exp26_tcp_grid,ablationtube_only__ballspeed7__maxtcp1.4__noplot__servebox,"{""--ablation"": ""tube_only"", ""--ball-speed"": 7, ""--max-tcp"": 1.4, ""--no-plot"": null, ""--serve-box"": null}",42,False,miss,0.349558,1.901687,0.110559,0.0,0.0,1.39,0.99,1.8,0.0,0.349558,0.0,3.07,2301.0,-1.0,-99.0,
exp26_tcp_grid,ablationtube_only__ballspeed7__maxtcp1.4__noplot__servebox,"{""--ablation"": ""tube_only"", ""--ball-speed"": 7, ""--max-tcp"": 1.4, ""--no-plot"": null, ""--serve-box"": null}",54,True,active,0.078967,1.93622,0.044253,0.0,0.0,1.39,0.97,1.7,20.0,0.078967,1.39,1.75,1301.2,6.255,3.372,
exp26_tcp_grid,ablationtube_only__ballspeed7__maxtcp1.4__noplot__servebox,"{""--ablation"": ""tube_only"", ""--ball-speed"": 7, ""--max-tcp"": 1.4, ""--no-plot"": null, ""--serve-box"": null}",43,True,active,0.110186,1.939663,0.094166,50.0,90.0,1.38,0.99,1.4,15.0,0.110186,1.243,3.07,2277.3,5.669,0.066,
exp26_tcp_grid,ablationtube_only__ballspeed7__maxtcp1.4__noplot__servebox,"{""--ablation"": ""tube_only"", ""--ball-speed"": 7, ""--max-tcp"": 1.4, ""--no-plot"": null, ""--serve-box"": null}",55,False,miss,0.305905,1.925373,0.139048,30.0,95.0,1.35,0.99,1.8,0.0,0.305905,0.0,1.63,1110.5,-1.0,-99.0,
exp26_tcp_grid,ablationtube_only__ballspeed7__maxtcp1.4__noplot__servebox,"{""--ablation"": ""tube_only"", ""--ball-speed"": 7, ""--max-tcp"": 1.4, ""--no-plot"": null, ""--serve-box"": null}",57,True,active,0.052763,1.993787,0.052763,40.0,85.0,1.42,0.99,1.3,10.0,0.052763,1.375,1.56,1085.7,6.734,-1.714,
exp26_tcp_grid,ablationtube_only__ballspeed7__maxtcp1.4__noplot__servebox,"{""--ablation"": ""tube_only"", ""--ball-speed"": 7, ""--max-tcp"": 1.4, ""--no-plot"": null, ""--serve-box"": null}",59,True,active,0.089551,1.952249,0.04426,0.0,5.0,1.4,0.99,1.3,20.0,0.089551,1.347,1.51,1067.4,6.22,1.389,
exp26_tcp_grid,ablationtube_only__ballspeed7__maxtcp1.4__noplot__servebox,"{""--ablation"": ""tube_only"", ""--ball-speed"": 7, ""--max-tcp"": 1.4, ""--no-plot"": null, ""--serve-box"": null}",47,True,active,0.045946,1.951598,0.045946,45.0,105.0,1.12,1.0,1.5,5.0,0.045946,0.65,3.21,2327.0,6.041,-5.413,
exp26_tcp_grid,ablationtube_only__ballspeed7__maxtcp1.4__noplot__servebox,"{""--ablation"": ""tube_only"", ""--ball-speed"": 7, ""--max-tcp"": 1.4, ""--no-plot"": null, ""--serve-box"": null}",58,True,active,0.088373,1.950938,0.04066,0.0,0.0,1.33,0.97,1.3,20.0,0.088373,1.328,1.72,1123.5,6.205,2.863,
exp26_tcp_grid,ablationtube_only__ballspeed7__maxtcp1.4__noplot__servebox,"{""--ablation"": ""tube_only"", ""--ball-speed"": 7, ""--max-tcp"": 1.4, ""--no-plot"": null, ""--serve-box"": null}",60,False,miss,0.337602,1.939252,0.144697,0.0,0.0,1.4,0.99,1.9,0.0,0.337602,0.0,2.01,1328.4,-1.0,-99.0,
exp26_tcp_grid,ablationtube_only__ballspeed7__maxtcp1.4__noplot__servebox,"{""--ablation"": ""tube_only"", ""--ball-speed"": 7, ""--max-tcp"": 1.4, ""--no-plot"": null, ""--serve-box"": null}",66,True,active,0.129107,1.935936,0.116505,45.0,105.0,1.35,0.98,1.9,15.0,0.129107,1.336,1.51,1098.1,5.531,-0.028,
exp26_tcp_grid,ablationtube_only__ballspeed7__maxtcp1.4__noplot__servebox,"{""--ablation"": ""tube_only"", ""--ball-speed"": 7, ""--max-tcp"": 1.4, ""--no-plot"": null, ""--serve-box"": null}",63,True,active,0.097967,1.960648,0.056884,0.0,0.0,1.4,0.99,1.5,20.0,0.097967,1.304,1.72,1219.3,6.402,2.289,
exp26_tcp_grid,ablationtube_only__ballspeed7__maxtcp1.4__noplot__servebox,"{""--ablation"": ""tube_only"", ""--ball-speed"": 7, ""--max-tcp"": 1.4, ""--no-plot"": null, ""--serve-box"": null}",67,False,miss,0.300286,1.930703,0.110513,0.0,0.0,1.39,0.95,1.6,0.0,0.300286,0.0,1.52,1052.8,-1.0,-99.0,
exp26_tcp_grid,ablationtube_only__ballspeed7__maxtcp1.4__noplot__servebox,"{""--ablation"": ""tube_only"", ""--ball-speed"": 7, ""--max-tcp"": 1.4, ""--no-plot"": null, ""--serve-box"": null}",65,True,active,0.140634,1.931139,0.137315,30.0,85.0,1.4,0.99,1.4,0.0,0.140634,0.928,1.76,1038.7,6.777,-4.254,
exp26_tcp_grid,ablationtube_only__ballspeed7__maxtcp1.4__noplot__servebox,"{""--ablation"": ""tube_only"", ""--ball-speed"": 7, ""--max-tcp"": 1.4, ""--no-plot"": null, ""--serve-box"": null}",68,False,miss,0.327607,1.925032,0.11555,0.0,0.0,1.39,0.97,1.5,0.0,0.327607,0.0,1.56,1143.8,-1.0,-99.0,
exp26_tcp_grid,ablationtube_only__ballspeed7__maxtcp1.4__noplot__servebox,"{""--ablation"": ""tube_only"", ""--ball-speed"": 7, ""--max-tcp"": 1.4, ""--no-plot"": null, ""--serve-box"": null}",56,True,active,0.124385,1.931777,0.124385,35.0,105.0,1.4,0.99,1.8,15.0,0.124385,1.383,3.01,2261.1,6.298,-3.194,
exp26_tcp_grid,ablationtube_only__ballspeed7__maxtcp1.4__noplot__servebox,"{""--ablation"": ""tube_only"", ""--ball-speed"": 7, ""--max-tcp"": 1.4, ""--no-plot"": null, ""--serve-box"": null}",73,False,miss,0.357098,1.940503,0.141264,30.0,50.0,1.38,1.0,1.5,0.0,0.357098,0.0,1.5,1019.5,-1.0,-99.0,
exp26_tcp_grid,ablationtube_only__ballspeed7__maxtcp1.4__noplot__servebox,"{""--ablation"": ""tube_only"", ""--ball-speed"": 7, ""--max-tcp"": 1.4, ""--no-plot"": null, ""--serve-box"": null}",74,True,active,0.145488,1.938418,0.141758,40.0,65.0,1.33,1.0,1.6,10.0,0.145488,1.168,1.46,1014.0,5.91,-0.228,
exp26_tcp_grid,ablationtube_only__ballspeed7__maxtcp1.4__noplot__servebox,"{""--ablation"": ""tube_only"", ""--ball-speed"": 7, ""--max-tcp"": 1.4, ""--no-plot"": null, ""--serve-box"": null}",72,False,miss,0.269173,1.945991,0.159889,25.0,0.0,0.94,0.99,0.9,0.0,0.269173,0.0,1.55,1032.3,-1.0,-99.0,
exp26_tcp_grid,ablationtube_only__ballspeed7__maxtcp1.4__noplot__servebox,"{""--ablation"": ""tube_only"", ""--ball-speed"": 7, ""--max-tcp"": 1.4, ""--no-plot"": null, ""--serve-box"": null}",61,True,active,0.072652,1.919024,0.072652,45.0,105.0,1.38,0.95,1.5,15.0,0.072652,1.321,3.06,2221.1,4.98,-1.185,
exp26_tcp_grid,ablationtube_only__ballspeed7__maxtcp1.4__noplot__servebox,"{""--ablation"": ""tube_only"", ""--ball-speed"": 7, ""--max-tcp"": 1.4, ""--no-plot"": null, ""--serve-box"": null}",71,True,active,0.11261,1.922756,0.083295,0.0,0.0,1.36,1.0,1.6,20.0,0.11261,1.351,1.91,1440.8,5.877,2.378,
exp26_tcp_grid,ablationtube_only__ballspeed7__maxtcp1.4__noplot__servebox,"{""--ablation"": ""tube_only"", ""--ball-speed"": 7, ""--max-tcp"": 1.4, ""--no-plot"": null, ""--serve-box"": null}",69,True,active,0.134572,1.929575,0.114006,50.0,100.0,1.24,0.99,1.6,15.0,0.134572,1.136,2.2,1343.8,5.996,-1.855,
exp26_tcp_grid,ablationtube_only__ballspeed7__maxtcp1.4__noplot__servebox,"{""--ablation"": ""tube_only"", ""--ball-speed"": 7, ""--max-tcp"": 1.4, ""--no-plot"": null, ""--serve-box"": null}",62,True,active,0.065423,1.970452,0.065423,50.0,105.0,1.24,1.0,1.2,5.0,0.065423,0.926,3.09,2252.1,6.812,-6.599,
exp26_tcp_grid,ablationtube_only__ballspeed7__maxtcp1.4__noplot__servebox,"{""--ablation"": ""tube_only"", ""--ball-speed"": 7, ""--max-tcp"": 1.4, ""--no-plot"": null, ""--serve-box"": null}",64,True,active,0.119069,1.946162,0.117102,45.0,105.0,1.17,1.0,1.1,10.0,0.119069,0.609,3.02,2287.2,6.203,-2.287,
exp26_tcp_grid,ablationtube_only__ballspeed7__maxtcp1.4__noplot__servebox,"{""--ablation"": ""tube_only"", ""--ball-speed"": 7, ""--max-tcp"": 1.4, ""--no-plot"": null, ""--serve-box"": null}",76,True,active,0.052759,1.913344,0.03917,0.0,0.0,1.39,1.0,1.4,25.0,0.052759,1.354,1.49,1054.5,5.749,1.281,
exp26_tcp_grid,ablationtube_only__ballspeed7__maxtcp1.4__noplot__servebox,"{""--ablation"": ""tube_only"", ""--ball-speed"": 7, ""--max-tcp"": 1.4, ""--no-plot"": null, ""--serve-box"": null}",77,True,active,0.087392,1.923664,0.044742,0.0,0.0,1.4,0.98,1.6,20.0,0.087392,1.397,1.55,1109.0,6.034,1.879,
exp26_tcp_grid,ablationtube_only__ballspeed7__maxtcp1.4__noplot__servebox,"{""--ablation"": ""tube_only"", ""--ball-speed"": 7, ""--max-tcp"": 1.4, ""--no-plot"": null, ""--serve-box"": null}",70,True,active,0.11313,1.956205,0.101324,45.0,105.0,1.4,0.99,1.5,15.0,0.11313,1.289,2.83,2093.1,6.517,-3.341,
exp26_tcp_grid,ablationtube_only__ballspeed7__maxtcp1.4__noplot__servebox,"{""--ablation"": ""tube_only"", ""--ball-speed"": 7, ""--max-tcp"": 1.4, ""--no-plot"": null, ""--serve-box"": null}",81,True,active,0.11303,1.97651,0.11004,40.0,105.0,1.39,0.99,1.5,10.0,0.11303,1.187,1.65,1151.3,6.705,-3.518,
exp26_tcp_grid,ablationtube_only__ballspeed7__maxtcp1.4__noplot__servebox,"{""--ablation"": ""tube_only"", ""--ball-speed"": 7, ""--max-tcp"": 1.4, ""--no-plot"": null, ""--serve-box"": null}",80,False,miss,0.336716,1.952122,0.154543,25.0,0.0,1.39,0.99,1.8,0.0,0.336716,0.0,2.07,1391.7,-1.0,-99.0,
exp26_tcp_grid,ablationtube_only__ballspeed7__maxtcp1.4__noplot__servebox,"{""--ablation"": ""tube_only"", ""--ball-speed"": 7, ""--max-tcp"": 1.4, ""--no-plot"": null, ""--serve-box"": null}",82,True,active,0.092251,1.935136,0.087713,45.0,105.0,1.37,0.99,1.3,15.0,0.092251,1.269,1.51,1071.0,6.047,-2.005,
exp26_tcp_grid,ablationtube_only__ballspeed7__maxtcp1.4__noplot__servebox,"{""--ablation"": ""tube_only"", ""--ball-speed"": 7, ""--max-tcp"": 1.4, ""--no-plot"": null, ""--serve-box"": null}",75,False,miss,0.365578,1.91386,0.14913,5.0,5.0,1.39,0.99,1.7,0.0,0.365578,0.0,2.47,1704.5,-1.0,-99.0,
exp26_tcp_grid,ablationtube_only__ballspeed7__maxtcp1.4__noplot__servebox,"{""--ablation"": ""tube_only"", ""--ball-speed"": 7, ""--max-tcp"": 1.4, ""--no-plot"": null, ""--serve-box"": null}",85,True,active,0.101158,1.941774,0.081706,0.0,0.0,1.39,0.99,1.5,25.0,0.101158,1.351,1.54,1064.3,6.116,1.981,
exp26_tcp_grid,ablationtube_only__ballspeed7__maxtcp1.4__noplot__servebox,"{""--ablation"": ""tube_only"", ""--ball-speed"": 7, ""--max-tcp"": 1.4, ""--no-plot"": null, ""--serve-box"": null}",86,True,active,0.098748,1.949378,0.079095,0.0,5.0,1.3,1.0,1.6,20.0,0.098748,1.078,1.48,1025.6,5.887,0.871,
exp26_tcp_grid,ablationtube_only__ballspeed7__maxtcp1.4__noplot__servebox,"{""--ablation"": ""tube_only"", ""--ball-speed"": 7, ""--max-tcp"": 1.4, ""--no-plot"": null, ""--serve-box"": null}",87,True,active,0.088945,1.968187,0.081009,45.0,105.0,1.4,0.98,1.2,20.0,0.088945,1.39,1.51,1053.8,5.704,-1.411,
exp26_tcp_grid,ablationtube_only__ballspeed7__maxtcp1.4__noplot__servebox,"{""--ablation"": ""tube_only"", ""--ball-speed"": 7, ""--max-tcp"": 1.4, ""--no-plot"": null, ""--serve-box"": null}",88,True,active,0.059283,2.002095,0.048784,55.0,105.0,1.4,1.0,1.3,5.0,0.059283,1.03,1.53,1049.1,6.079,-3.951,
exp26_tcp_grid,ablationtube_only__ballspeed7__maxtcp1.4__noplot__servebox,"{""--ablation"": ""tube_only"", ""--ball-speed"": 7, ""--max-tcp"": 1.4, ""--no-plot"": null, ""--serve-box"": null}",79,True,active,0.100986,1.923176,0.058778,0.0,0.0,1.39,0.97,1.4,20.0,0.100986,1.316,2.67,1881.0,5.959,2.116,
exp26_tcp_grid,ablationtube_only__ballspeed7__maxtcp1.4__noplot__servebox,"{""--ablation"": ""tube_only"", ""--ball-speed"": 7, ""--max-tcp"": 1.4, ""--no-plot"": null, ""--serve-box"": null}",78,True,active,0.054051,1.941898,0.054051,45.0,105.0,1.38,0.97,1.5,20.0,0.054051,1.29,2.74,1917.0,5.607,-0.839,
exp26_tcp_grid,ablationtube_only__ballspeed7__maxtcp1.4__noplot__servebox,"{""--ablation"": ""tube_only"", ""--ball-speed"": 7, ""--max-tcp"": 1.4, ""--no-plot"": null, ""--serve-box"": null}",83,True,active,0.1381,1.929743,0.129191,45.0,105.0,1.12,0.98,1.3,10.0,0.1381,0.922,2.09,1284.6,5.76,-3.01,
exp26_tcp_grid,ablationtube_only__ballspeed7__maxtcp1.4__noplot__servebox,"{""--ablation"": ""tube_only"", ""--ball-speed"": 7, ""--max-tcp"": 1.4, ""--no-plot"": null, ""--serve-box"": null}",89,True,active,0.106412,1.934418,0.087584,0.0,0.0,1.39,0.99,1.7,15.0,0.106412,1.328,1.56,1084.8,5.672,2.258,
exp26_tcp_grid,ablationtube_only__ballspeed7__maxtcp1.4__noplot__servebox,"{""--ablation"": ""tube_only"", ""--ball-speed"": 7, ""--max-tcp"": 1.4, ""--no-plot"": null, ""--serve-box"": null}",90,True,active,0.109353,1.987345,0.099313,45.0,105.0,1.38,1.0,1.5,10.0,0.109353,1.215,1.8,1379.1,6.212,-2.454,
exp26_tcp_grid,ablationtube_only__ballspeed7__maxtcp1.4__noplot__servebox,"{""--ablation"": ""tube_only"", ""--ball-speed"": 7, ""--max-tcp"": 1.4, ""--no-plot"": null, ""--serve-box"": null}",91,True,active,0.08671,1.99799,0.085493,45.0,105.0,1.4,0.99,1.5,5.0,0.08671,1.073,2.04,1528.9,6.972,-2.802,
exp26_tcp_grid,ablationtube_only__ballspeed7__maxtcp1.4__noplot__servebox,"{""--ablation"": ""tube_only"", ""--ball-speed"": 7, ""--max-tcp"": 1.4, ""--no-plot"": null, ""--serve-box"": null}",84,True,active,0.109911,1.926418,0.052376,20.0,55.0,1.38,1.0,1.6,25.0,0.109911,1.365,3.02,2339.6,5.725,0.72,
exp26_tcp_grid,ablationtube_only__ballspeed7__maxtcp1.4__noplot__servebox,"{""--ablation"": ""tube_only"", ""--ball-speed"": 7, ""--max-tcp"": 1.4, ""--no-plot"": null, ""--serve-box"": null}",96,True,active,0.118854,1.914803,0.118019,45.0,105.0,1.0,1.0,1.5,0.0,0.118854,0.472,1.56,1127.0,4.926,-3.961,
exp26_tcp_grid,ablationtube_only__ballspeed7__maxtcp1.4__noplot__servebox,"{""--ablation"": ""tube_only"", ""--ball-speed"": 7, ""--max-tcp"": 1.4, ""--no-plot"": null, ""--serve-box"": null}",94,True,active,0.06278,1.948014,0.06278,45.0,105.0,1.36,0.97,1.4,10.0,0.06278,1.035,1.63,1195.4,6.771,-5.762,
exp26_tcp_grid,ablationtube_only__ballspeed7__maxtcp1.4__noplot__servebox,"{""--ablation"": ""tube_only"", ""--ball-speed"": 7, ""--max-tcp"": 1.4, ""--no-plot"": null, ""--serve-box"": null}",97,False,miss,0.34731,1.909815,0.132426,0.0,5.0,1.39,0.98,1.9,0.0,0.34731,0.0,1.49,1060.4,-1.0,-99.0,
exp26_tcp_grid,ablationtube_only__ballspeed7__maxtcp1.4__noplot__servebox,"{""--ablation"": ""tube_only"", ""--ball-speed"": 7, ""--max-tcp"": 1.4, ""--no-plot"": null, ""--serve-box"": null}",98,True,active,0.090477,1.909169,0.031385,0.0,0.0,1.4,0.97,1.2,15.0,0.090477,1.395,1.73,1295.3,5.69,1.805,
exp26_tcp_grid,ablationsoftmin_only__ballspeed7__maxtcp1.4__noplot__servebox,"{""--ablation"": ""softmin_only"", ""--ball-speed"": 7, ""--max-tcp"": 1.4, ""--no-plot"": null, ""--serve-box"": null}",2,True,active,0.102952,1.975801,0.092951,30.0,75.0,1.4,0.95,1.4,25.0,0.102952,1.379,1.58,1112.2,5.731,0.637,
exp26_tcp_grid,ablationtube_only__ballspeed7__maxtcp1.4__noplot__servebox,"{""--ablation"": ""tube_only"", ""--ball-speed"": 7, ""--max-tcp"": 1.4, ""--no-plot"": null, ""--serve-box"": null}",99,True,active,0.089388,1.936993,0.089388,45.0,105.0,1.2,1.0,1.4,5.0,0.089388,0.337,1.94,1513.1,5.646,-5.175,
exp26_tcp_grid,ablationsoftmin_only__ballspeed7__maxtcp1.4__noplot__servebox,"{""--ablation"": ""softmin_only"", ""--ball-speed"": 7, ""--max-tcp"": 1.4, ""--no-plot"": null, ""--serve-box"": null}",5,True,active,0.127036,1.965135,0.127036,0.0,0.0,1.4,1.0,1.5,25.0,0.127036,1.255,1.51,1050.2,6.411,2.271,
exp26_tcp_grid,ablationsoftmin_only__ballspeed7__maxtcp1.4__noplot__servebox,"{""--ablation"": ""softmin_only"", ""--ball-speed"": 7, ""--max-tcp"": 1.4, ""--no-plot"": null, ""--serve-box"": null}",3,False,miss,0.40561,1.977234,0.135636,35.0,55.0,1.4,1.0,1.7,0.0,0.40561,0.0,2.07,1523.8,-1.0,-99.0,
exp26_tcp_grid,ablationsoftmin_only__ballspeed7__maxtcp1.4__noplot__servebox,"{""--ablation"": ""softmin_only"", ""--ball-speed"": 7, ""--max-tcp"": 1.4, ""--no-plot"": null, ""--serve-box"": null}",6,True,active,0.074505,1.957443,0.069803,55.0,105.0,1.38,0.99,1.7,20.0,0.074505,1.356,1.42,1014.2,4.905,-1.081,
exp26_tcp_grid,ablationtube_only__ballspeed7__maxtcp1.4__noplot__servebox,"{""--ablation"": ""tube_only"", ""--ball-speed"": 7, ""--max-tcp"": 1.4, ""--no-plot"": null, ""--serve-box"": null}",92,True,active,0.122285,1.943471,0.112202,45.0,105.0,1.4,1.0,1.4,15.0,0.122285,1.251,3.17,2268.9,5.786,-0.84,
exp26_tcp_grid,ablationtube_only__ballspeed7__maxtcp1.4__noplot__servebox,"{""--ablation"": ""tube_only"", ""--ball-speed"": 7, ""--max-tcp"": 1.4, ""--no-plot"": null, ""--serve-box"": null}",93,True,active,0.121412,1.940649,0.104111,50.0,105.0,1.39,0.97,1.4,10.0,0.121412,1.225,2.94,2182.9,6.473,-3.958,
exp26_tcp_grid,ablationtube_only__ballspeed7__maxtcp1.4__noplot__servebox,"{""--ablation"": ""tube_only"", ""--ball-speed"": 7, ""--max-tcp"": 1.4, ""--no-plot"": null, ""--serve-box"": null}",95,True,active,0.080331,1.970204,0.065202,45.0,85.0,1.4,0.98,1.6,20.0,0.080331,1.381,2.78,1954.6,6.06,-1.532,
exp26_tcp_grid,ablationsoftmin_only__ballspeed7__maxtcp1.4__noplot__servebox,"{""--ablation"": ""softmin_only"", ""--ball-speed"": 7, ""--max-tcp"": 1.4, ""--no-plot"": null, ""--serve-box"": null}",4,True,active,0.140195,1.954018,0.128271,45.0,100.0,1.32,0.99,1.3,20.0,0.140195,1.229,2.27,1469.0,5.953,-4.71,
exp26_tcp_grid,ablationsoftmin_only__ballspeed7__maxtcp1.4__noplot__servebox,"{""--ablation"": ""softmin_only"", ""--ball-speed"": 7, ""--max-tcp"": 1.4, ""--no-plot"": null, ""--serve-box"": null}",8,False,miss,0.358096,1.944892,0.172004,0.0,0.0,1.37,1.0,1.6,0.0,0.358096,0.0,1.46,984.7,-1.0,-99.0,
exp26_tcp_grid,ablationsoftmin_only__ballspeed7__maxtcp1.4__noplot__servebox,"{""--ablation"": ""softmin_only"", ""--ball-speed"": 7, ""--max-tcp"": 1.4, ""--no-plot"": null, ""--serve-box"": null}",7,True,active,0.105716,1.926841,0.105716,45.0,105.0,1.4,1.0,1.6,25.0,0.105716,0.908,1.52,1015.2,5.972,-5.053,
exp26_tcp_grid,ablationsoftmin_only__ballspeed7__maxtcp1.4__noplot__servebox,"{""--ablation"": ""softmin_only"", ""--ball-speed"": 7, ""--max-tcp"": 1.4, ""--no-plot"": null, ""--serve-box"": null}",20,,,,,,,,,,,,,,0.2,,,,no_result
exp26_tcp_grid,ablationsoftmin_only__ballspeed7__maxtcp1.4__noplot__servebox,"{""--ablation"": ""softmin_only"", ""--ball-speed"": 7, ""--max-tcp"": 1.4, ""--no-plot"": null, ""--serve-box"": null}",10,True,active,0.062229,1.987655,0.062229,50.0,105.0,1.42,0.99,1.6,15.0,0.062229,1.42,1.56,1107.6,5.466,-5.45,
exp26_tcp_grid,ablationsoftmin_only__ballspeed7__maxtcp1.4__noplot__servebox,"{""--ablation"": ""softmin_only"", ""--ball-speed"": 7, ""--max-tcp"": 1.4, ""--no-plot"": null, ""--serve-box"": null}",21,,,,,,,,,,,,,,0.25,,,,no_result
exp26_tcp_grid,ablationtube_only__ballspeed7__maxtcp1.4__noplot__servebox,"{""--ablation"": ""tube_only"", ""--ball-speed"": 7, ""--max-tcp"": 1.4, ""--no-plot"": null, ""--serve-box"": null}",100,True,active,0.129568,1.937926,0.121034,40.0,105.0,1.4,1.0,1.3,15.0,0.129568,1.398,3.08,2268.8,6.467,-4.407,
exp26_tcp_grid,ablationsoftmin_only__ballspeed7__maxtcp1.4__noplot__servebox,"{""--ablation"": ""softmin_only"", ""--ball-speed"": 7, ""--max-tcp"": 1.4, ""--no-plot"": null, ""--serve-box"": null}",1,True,active,0.049284,1.984677,0.049284,0.0,0.0,1.41,1.0,1.4,10.0,0.049284,1.05,2.88,1983.0,6.49,0.37,
exp26_tcp_grid,ablationsoftmin_only__ballspeed7__maxtcp1.4__noplot__servebox,"{""--ablation"": ""softmin_only"", ""--ball-speed"": 7, ""--max-tcp"": 1.4, ""--no-plot"": null, ""--serve-box"": null}",27,,,,,,,,,,,,,,0.19,,,,no_result
exp26_tcp_grid,ablationsoftmin_only__ballspeed7__maxtcp1.4__noplot__servebox,"{""--ablation"": ""softmin_only"", ""--ball-speed"": 7, ""--max-tcp"": 1.4, ""--no-plot"": null, ""--serve-box"": null}",13,True,active,0.121915,1.952928,0.113023,25.0,75.0,1.39,0.99,1.6,30.0,0.121915,1.315,1.54,1120.4,5.848,-0.646,
exp26_tcp_grid,ablationsoftmin_only__ballspeed7__maxtcp1.4__noplot__servebox,"{""--ablation"": ""softmin_only"", ""--ball-speed"": 7, ""--max-tcp"": 1.4, ""--no-plot"": null, ""--serve-box"": null}",9,False,miss,0.33049,1.927911,0.172815,20.0,0.0,1.16,0.99,1.6,0.0,0.33049,0.0,2.38,1660.7,-1.0,-99.0,
exp26_tcp_grid,ablationsoftmin_only__ballspeed7__maxtcp1.4__noplot__servebox,"{""--ablation"": ""softmin_only"", ""--ball-speed"": 7, ""--max-tcp"": 1.4, ""--no-plot"": null, ""--serve-box"": null}",11,True,active,0.119061,1.981709,0.103719,0.0,0.0,1.4,1.0,1.7,25.0,0.119061,1.334,2.21,1488.5,6.399,1.358,
exp26_tcp_grid,ablationsoftmin_only__ballspeed7__maxtcp1.4__noplot__servebox,"{""--ablation"": ""softmin_only"", ""--ball-speed"": 7, ""--max-tcp"": 1.4, ""--no-plot"": null, ""--serve-box"": null}",15,True,active,0.085033,1.947973,0.085033,50.0,105.0,1.38,0.98,1.4,10.0,0.085033,0.374,1.48,1072.5,5.761,-3.492,
exp26_tcp_grid,ablationsoftmin_only__ballspeed7__maxtcp1.4__noplot__servebox,"{""--ablation"": ""softmin_only"", ""--ball-speed"": 7, ""--max-tcp"": 1.4, ""--no-plot"": null, ""--serve-box"": null}",17,False,miss,0.340141,1.961265,0.141736,30.0,60.0,1.4,0.98,1.7,0.0,0.340141,0.0,1.5,1137.7,-1.0,-99.0,
exp26_tcp_grid,ablationsoftmin_only__ballspeed7__maxtcp1.4__noplot__servebox,"{""--ablation"": ""softmin_only"", ""--ball-speed"": 7, ""--max-tcp"": 1.4, ""--no-plot"": null, ""--serve-box"": null}",14,True,active,0.057304,2.012464,0.057304,55.0,105.0,1.41,1.0,1.3,15.0,0.057304,0.981,2.0,1579.0,6.549,-6.277,
exp26_tcp_grid,ablationsoftmin_only__ballspeed7__maxtcp1.4__noplot__servebox,"{""--ablation"": ""softmin_only"", ""--ball-speed"": 7, ""--max-tcp"": 1.4, ""--no-plot"": null, ""--serve-box"": null}",22,True,active,0.108094,1.917732,0.098792,0.0,0.0,1.4,1.0,2.0,15.0,0.108094,1.133,1.48,1025.8,6.339,3.639,
exp26_tcp_grid,ablationsoftmin_only__ballspeed7__maxtcp1.4__noplot__servebox,"{""--ablation"": ""softmin_only"", ""--ball-speed"": 7, ""--max-tcp"": 1.4, ""--no-plot"": null, ""--serve-box"": null}",24,True,active,0.1251,1.948396,0.116212,45.0,90.0,1.32,1.0,1.5,20.0,0.1251,1.104,1.5,1080.2,5.386,0.546,
exp26_tcp_grid,ablationsoftmin_only__ballspeed7__maxtcp1.4__noplot__servebox,"{""--ablation"": ""softmin_only"", ""--ball-speed"": 7, ""--max-tcp"": 1.4, ""--no-plot"": null, ""--serve-box"": null}",19,True,active,0.100333,1.969441,0.100333,40.0,95.0,1.39,1.0,1.6,25.0,0.100333,1.266,1.95,1461.8,5.492,-0.831,
exp26_tcp_grid,ablationsoftmin_only__ballspeed7__maxtcp1.4__noplot__servebox,"{""--ablation"": ""softmin_only"", ""--ball-speed"": 7, ""--max-tcp"": 1.4, ""--no-plot"": null, ""--serve-box"": null}",25,False,miss,0.391761,1.952792,0.136569,35.0,0.0,1.4,0.99,1.5,0.0,0.391761,0.0,1.46,1035.1,-1.0,-99.0,
exp26_tcp_grid,ablationsoftmin_only__ballspeed7__maxtcp1.4__noplot__servebox,"{""--ablation"": ""softmin_only"", ""--ball-speed"": 7, ""--max-tcp"": 1.4, ""--no-plot"": null, ""--serve-box"": null}",12,True,active,0.10616,1.972097,0.10616,40.0,105.0,1.4,0.99,1.6,30.0,0.10616,1.34,2.84,2099.3,5.665,-1.745,
exp26_tcp_grid,ablationsoftmin_only__ballspeed7__maxtcp1.4__noplot__servebox,"{""--ablation"": ""softmin_only"", ""--ball-speed"": 7, ""--max-tcp"": 1.4, ""--no-plot"": null, ""--serve-box"": null}",28,True,active,0.1452,1.935633,0.124858,50.0,75.0,1.35,0.99,1.5,20.0,0.1452,1.261,1.47,1047.2,6.084,-4.727,
exp26_tcp_grid,ablationsoftmin_only__ballspeed7__maxtcp1.4__noplot__servebox,"{""--ablation"": ""softmin_only"", ""--ball-speed"": 7, ""--max-tcp"": 1.4, ""--no-plot"": null, ""--serve-box"": null}",32,True,active,0.071793,1.967954,0.071793,45.0,105.0,1.41,0.99,1.3,10.0,0.071793,1.336,1.39,999.8,6.909,-6.567,
exp26_tcp_grid,ablationsoftmin_only__ballspeed7__maxtcp1.4__noplot__servebox,"{""--ablation"": ""softmin_only"", ""--ball-speed"": 7, ""--max-tcp"": 1.4, ""--no-plot"": null, ""--serve-box"": null}",16,True,active,0.112003,1.966879,0.076333,50.0,90.0,1.4,1.0,1.4,30.0,0.112003,1.102,2.88,2144.3,5.861,-0.624,
exp26_tcp_grid,ablationsoftmin_only__ballspeed7__maxtcp1.4__noplot__servebox,"{""--ablation"": ""softmin_only"", ""--ball-speed"": 7, ""--max-tcp"": 1.4, ""--no-plot"": null, ""--serve-box"": null}",31,False,miss,0.360792,1.976833,0.163769,20.0,0.0,1.37,1.0,1.2,0.0,0.360792,0.0,1.48,1049.7,-1.0,-99.0,
exp26_tcp_grid,ablationsoftmin_only__ballspeed7__maxtcp1.4__noplot__servebox,"{""--ablation"": ""softmin_only"", ""--ball-speed"": 7, ""--max-tcp"": 1.4, ""--no-plot"": null, ""--serve-box"": null}",33,True,active,0.113398,1.972959,0.111158,50.0,105.0,1.39,1.0,1.8,20.0,0.113398,0.996,1.53,1085.1,5.749,-3.697,
exp26_tcp_grid,ablationsoftmin_only__ballspeed7__maxtcp1.4__noplot__servebox,"{""--ablation"": ""softmin_only"", ""--ball-speed"": 7, ""--max-tcp"": 1.4, ""--no-plot"": null, ""--serve-box"": null}",30,True,active,0.121823,1.96385,0.116192,40.0,105.0,1.41,1.0,1.5,30.0,0.121823,1.366,1.82,1395.1,5.772,-0.306,
exp26_tcp_grid,ablationsoftmin_only__ballspeed7__maxtcp1.4__noplot__servebox,"{""--ablation"": ""softmin_only"", ""--ball-speed"": 7, ""--max-tcp"": 1.4, ""--no-plot"": null, ""--serve-box"": null}",18,True,active,0.140583,1.956749,0.138257,40.0,80.0,1.41,0.99,1.5,15.0,0.140583,1.152,3.18,2290.5,6.371,-6.363,
exp26_tcp_grid,ablationsoftmin_only__ballspeed7__maxtcp1.4__noplot__servebox,"{""--ablation"": ""softmin_only"", ""--ball-speed"": 7, ""--max-tcp"": 1.4, ""--no-plot"": null, ""--serve-box"": null}",35,False,miss,0.433551,1.954187,0.193917,0.0,0.0,1.4,1.0,1.6,0.0,0.433551,0.0,1.44,1032.0,-1.0,-99.0,
exp26_tcp_grid,ablationsoftmin_only__ballspeed7__maxtcp1.4__noplot__servebox,"{""--ablation"": ""softmin_only"", ""--ball-speed"": 7, ""--max-tcp"": 1.4, ""--no-plot"": null, ""--serve-box"": null}",36,True,active,0.101134,1.960528,0.094427,50.0,105.0,1.39,0.98,1.4,20.0,0.101134,1.375,1.42,1018.0,5.89,-4.826,
exp26_tcp_grid,ablationsoftmin_only__ballspeed7__maxtcp1.4__noplot__servebox,"{""--ablation"": ""softmin_only"", ""--ball-speed"": 7, ""--max-tcp"": 1.4, ""--no-plot"": null, ""--serve-box"": null}",26,True,active,0.09486,1.966712,0.091413,45.0,105.0,1.39,1.0,1.4,35.0,0.09486,0.822,2.77,1949.2,5.544,-1.363,
exp26_tcp_grid,ablationsoftmin_only__ballspeed7__maxtcp1.4__noplot__servebox,"{""--ablation"": ""softmin_only"", ""--ball-speed"": 7, ""--max-tcp"": 1.4, ""--no-plot"": null, ""--serve-box"": null}",23,True,active,0.076178,1.966869,0.076178,55.0,105.0,1.4,0.98,1.3,15.0,0.076178,0.765,3.04,2275.6,5.555,-3.533,
exp26_tcp_grid,ablationsoftmin_only__ballspeed7__maxtcp1.4__noplot__servebox,"{""--ablation"": ""softmin_only"", ""--ball-speed"": 7, ""--max-tcp"": 1.4, ""--no-plot"": null, ""--serve-box"": null}",38,False,miss,0.395962,1.95941,0.157765,25.0,0.0,1.39,1.0,1.7,0.0,0.395962,0.0,1.51,1075.6,-1.0,-99.0,
exp26_tcp_grid,ablationsoftmin_only__ballspeed7__maxtcp1.4__noplot__servebox,"{""--ablation"": ""softmin_only"", ""--ball-speed"": 7, ""--max-tcp"": 1.4, ""--no-plot"": null, ""--serve-box"": null}",34,True,active,0.104017,1.986976,0.102729,45.0,105.0,1.37,0.99,1.3,20.0,0.104017,1.263,1.96,1519.3,6.567,-4.733,
exp26_tcp_grid,ablationsoftmin_only__ballspeed7__maxtcp1.4__noplot__servebox,"{""--ablation"": ""softmin_only"", ""--ball-speed"": 7, ""--max-tcp"": 1.4, ""--no-plot"": null, ""--serve-box"": null}",29,True,active,0.120077,1.952564,0.116324,40.0,105.0,1.39,1.0,1.7,25.0,0.120077,1.197,2.78,2066.4,5.806,-0.509,
exp26_tcp_grid,ablationsoftmin_only__ballspeed7__maxtcp1.4__noplot__servebox,"{""--ablation"": ""softmin_only"", ""--ball-speed"": 7, ""--max-tcp"": 1.4, ""--no-plot"": null, ""--serve-box"": null}",39,False,miss,0.349631,1.960573,0.157693,0.0,0.0,1.4,1.0,1.7,0.0,0.349631,0.0,2.02,1542.7,-1.0,-99.0,
exp26_tcp_grid,ablationsoftmin_only__ballspeed7__maxtcp1.4__noplot__servebox,"{""--ablation"": ""softmin_only"", ""--ball-speed"": 7, ""--max-tcp"": 1.4, ""--no-plot"": null, ""--serve-box"": null}",41,True,active,0.146425,1.987946,0.138334,45.0,75.0,1.41,1.0,1.4,10.0,0.146425,1.36,1.44,1040.7,7.062,-6.473,
exp26_tcp_grid,ablationsoftmin_only__ballspeed7__maxtcp1.4__noplot__servebox,"{""--ablation"": ""softmin_only"", ""--ball-speed"": 7, ""--max-tcp"": 1.4, ""--no-plot"": null, ""--serve-box"": null}",37,False,miss,0.412625,1.939202,0.170232,15.0,0.0,1.39,1.0,1.5,0.0,0.412625,0.0,2.26,1425.0,-1.0,-99.0,
exp26_tcp_grid,ablationsoftmin_only__ballspeed7__maxtcp1.4__noplot__servebox,"{""--ablation"": ""softmin_only"", ""--ball-speed"": 7, ""--max-tcp"": 1.4, ""--no-plot"": null, ""--serve-box"": null}",43,False,miss,0.368924,1.925451,0.184522,0.0,0.0,1.41,1.0,1.4,0.0,0.368924,0.0,1.43,1054.0,-1.0,-99.0,
exp26_tcp_grid,ablationsoftmin_only__ballspeed7__maxtcp1.4__noplot__servebox,"{""--ablation"": ""softmin_only"", ""--ball-speed"": 7, ""--max-tcp"": 1.4, ""--no-plot"": null, ""--serve-box"": null}",42,True,active,0.129402,1.943097,0.119278,40.0,105.0,1.4,1.0,1.8,25.0,0.129402,1.288,1.52,1050.1,5.856,-3.537,
exp26_tcp_grid,ablationsoftmin_only__ballspeed7__maxtcp1.4__noplot__servebox,"{""--ablation"": ""softmin_only"", ""--ball-speed"": 7, ""--max-tcp"": 1.4, ""--no-plot"": null, ""--serve-box"": null}",45,True,active,0.122576,2.02444,0.11308,40.0,105.0,1.41,1.0,1.6,30.0,0.122576,1.402,1.57,1154.1,5.964,-1.809,
exp26_tcp_grid,ablationsoftmin_only__ballspeed7__maxtcp1.4__noplot__servebox,"{""--ablation"": ""softmin_only"", ""--ball-speed"": 7, ""--max-tcp"": 1.4, ""--no-plot"": null, ""--serve-box"": null}",47,True,active,0.023838,2.007877,0.023838,45.0,105.0,1.4,1.0,1.2,15.0,0.023838,1.009,1.59,1154.6,6.803,-6.386,
exp26_tcp_grid,ablationsoftmin_only__ballspeed7__maxtcp1.4__noplot__servebox,"{""--ablation"": ""softmin_only"", ""--ball-speed"": 7, ""--max-tcp"": 1.4, ""--no-plot"": null, ""--serve-box"": null}",48,True,active,0.124945,1.991376,0.12292,40.0,100.0,1.41,1.0,1.5,20.0,0.124945,1.047,1.47,1029.8,6.572,-6.431,
exp26_tcp_grid,ablationsoftmin_only__ballspeed7__maxtcp1.4__noplot__servebox,"{""--ablation"": ""softmin_only"", ""--ball-speed"": 7, ""--max-tcp"": 1.4, ""--no-plot"": null, ""--serve-box"": null}",51,False,miss,0.407574,1.915421,0.188136,0.0,0.0,1.38,1.0,1.7,0.0,0.407574,0.0,1.79,1375.6,-1.0,-99.0,
exp26_tcp_grid,ablationsoftmin_only__ballspeed7__maxtcp1.4__noplot__servebox,"{""--ablation"": ""softmin_only"", ""--ball-speed"": 7, ""--max-tcp"": 1.4, ""--no-plot"": null, ""--serve-box"": null}",40,True,active,0.102545,1.985708,0.100476,50.0,105.0,1.39,1.0,1.6,15.0,0.102545,1.137,3.12,2283.8,5.217,-4.403,
exp26_tcp_grid,ablationsoftmin_only__ballspeed7__maxtcp1.4__noplot__servebox,"{""--ablation"": ""softmin_only"", ""--ball-speed"": 7, ""--max-tcp"": 1.4, ""--no-plot"": null, ""--serve-box"": null}",53,True,active,0.067764,1.998317,0.058844,45.0,105.0,1.4,1.0,1.4,25.0,0.067764,1.311,1.84,1315.0,5.926,-1.437,
exp26_tcp_grid,ablationsoftmin_only__ballspeed7__maxtcp1.4__noplot__servebox,"{""--ablation"": ""softmin_only"", ""--ball-speed"": 7, ""--max-tcp"": 1.4, ""--no-plot"": null, ""--serve-box"": null}",49,True,active,0.115873,1.970376,0.115873,40.0,105.0,1.4,0.99,1.5,25.0,0.115873,0.732,2.27,1466.5,5.171,-2.013,
exp26_tcp_grid,ablationsoftmin_only__ballspeed7__maxtcp1.4__noplot__servebox,"{""--ablation"": ""softmin_only"", ""--ball-speed"": 7, ""--max-tcp"": 1.4, ""--no-plot"": null, ""--serve-box"": null}",57,True,active,0.128297,1.931284,0.128297,35.0,95.0,1.35,0.99,1.6,10.0,0.128297,1.308,1.42,1023.6,6.53,-5.891,
exp26_tcp_grid,ablationsoftmin_only__ballspeed7__maxtcp1.4__noplot__servebox,"{""--ablation"": ""softmin_only"", ""--ball-speed"": 7, ""--max-tcp"": 1.4, ""--no-plot"": null, ""--serve-box"": null}",55,True,active,0.101727,1.968823,0.101727,40.0,105.0,1.4,1.0,1.5,25.0,0.101727,1.365,1.5,1104.4,5.963,-4.767,
exp26_tcp_grid,ablationsoftmin_only__ballspeed7__maxtcp1.4__noplot__servebox,"{""--ablation"": ""softmin_only"", ""--ball-speed"": 7, ""--max-tcp"": 1.4, ""--no-plot"": null, ""--serve-box"": null}",56,False,miss,0.390806,1.923586,0.191379,0.0,0.0,1.4,0.99,2.0,0.0,0.390806,0.0,1.54,1057.0,-1.0,-99.0,
exp26_tcp_grid,ablationsoftmin_only__ballspeed7__maxtcp1.4__noplot__servebox,"{""--ablation"": ""softmin_only"", ""--ball-speed"": 7, ""--max-tcp"": 1.4, ""--no-plot"": null, ""--serve-box"": null}",58,True,active,0.066678,1.992469,0.066678,40.0,105.0,1.39,1.0,1.5,25.0,0.066678,1.3,1.55,1076.1,6.095,-3.411,
exp26_tcp_grid,ablationsoftmin_only__ballspeed7__maxtcp1.4__noplot__servebox,"{""--ablation"": ""softmin_only"", ""--ball-speed"": 7, ""--max-tcp"": 1.4, ""--no-plot"": null, ""--serve-box"": null}",44,False,miss,0.40437,1.981034,0.168206,15.0,0.0,1.4,1.0,1.6,0.0,0.40437,0.0,3.11,2334.3,-1.0,-99.0,
exp26_tcp_grid,ablationsoftmin_only__ballspeed7__maxtcp1.4__noplot__servebox,"{""--ablation"": ""softmin_only"", ""--ball-speed"": 7, ""--max-tcp"": 1.4, ""--no-plot"": null, ""--serve-box"": null}",59,True,active,0.101718,1.970965,0.088567,0.0,0.0,1.4,1.0,1.6,25.0,0.101718,1.362,1.53,1089.9,6.308,2.577,
exp26_tcp_grid,ablationsoftmin_only__ballspeed7__maxtcp1.4__noplot__servebox,"{""--ablation"": ""softmin_only"", ""--ball-speed"": 7, ""--max-tcp"": 1.4, ""--no-plot"": null, ""--serve-box"": null}",52,True,active,0.045598,1.992829,0.045598,50.0,105.0,1.4,0.98,1.9,25.0,0.045598,1.394,2.56,2140.3,4.106,-1.933,
exp26_tcp_grid,ablationsoftmin_only__ballspeed7__maxtcp1.4__noplot__servebox,"{""--ablation"": ""softmin_only"", ""--ball-speed"": 7, ""--max-tcp"": 1.4, ""--no-plot"": null, ""--serve-box"": null}",54,False,miss,0.354015,1.987294,0.130592,0.0,0.0,1.4,1.0,1.4,0.0,0.354015,0.0,2.0,1563.9,-1.0,-99.0,
exp26_tcp_grid,ablationsoftmin_only__ballspeed7__maxtcp1.4__noplot__servebox,"{""--ablation"": ""softmin_only"", ""--ball-speed"": 7, ""--max-tcp"": 1.4, ""--no-plot"": null, ""--serve-box"": null}",46,True,active,0.136199,1.843274,0.133919,10.0,10.0,1.4,1.0,1.8,25.0,0.136199,1.374,3.0,2286.3,5.743,0.822,
exp26_tcp_grid,ablationsoftmin_only__ballspeed7__maxtcp1.4__noplot__servebox,"{""--ablation"": ""softmin_only"", ""--ball-speed"": 7, ""--max-tcp"": 1.4, ""--no-plot"": null, ""--serve-box"": null}",61,True,active,0.117127,1.947419,0.11633,40.0,105.0,1.4,1.0,1.4,25.0,0.117127,1.375,1.55,1081.8,6.532,-5.39,
exp26_tcp_grid,ablationsoftmin_only__ballspeed7__maxtcp1.4__noplot__servebox,"{""--ablation"": ""softmin_only"", ""--ball-speed"": 7, ""--max-tcp"": 1.4, ""--no-plot"": null, ""--serve-box"": null}",50,True,active,0.109158,1.947932,0.094225,50.0,105.0,1.4,0.99,1.5,25.0,0.109158,1.191,3.06,2296.9,6.109,-2.003,
exp26_tcp_grid,ablationsoftmin_only__ballspeed7__maxtcp1.4__noplot__servebox,"{""--ablation"": ""softmin_only"", ""--ball-speed"": 7, ""--max-tcp"": 1.4, ""--no-plot"": null, ""--serve-box"": null}",60,True,active,0.077521,1.990481,0.077521,50.0,105.0,1.4,1.0,1.6,20.0,0.077521,1.248,1.9,1478.8,6.737,-4.828,
exp26_tcp_grid,ablationsoftmin_only__ballspeed7__maxtcp1.4__noplot__servebox,"{""--ablation"": ""softmin_only"", ""--ball-speed"": 7, ""--max-tcp"": 1.4, ""--no-plot"": null, ""--serve-box"": null}",63,True,active,0.103397,1.957682,0.083654,0.0,25.0,1.39,0.98,1.5,25.0,0.103397,1.361,1.59,1062.8,6.404,0.297,
exp26_tcp_grid,ablationsoftmin_only__ballspeed7__maxtcp1.4__noplot__servebox,"{""--ablation"": ""softmin_only"", ""--ball-speed"": 7, ""--max-tcp"": 1.4, ""--no-plot"": null, ""--serve-box"": null}",66,True,active,0.149828,1.948246,0.142597,45.0,65.0,1.2,1.0,1.6,10.0,0.149828,0.926,1.53,1091.0,5.919,-5.838,
exp26_tcp_grid,ablationsoftmin_only__ballspeed7__maxtcp1.4__noplot__servebox,"{""--ablation"": ""softmin_only"", ""--ball-speed"": 7, ""--max-tcp"": 1.4, ""--no-plot"": null, ""--serve-box"": null}",69,True,active,0.131552,2.004236,0.122383,45.0,105.0,1.4,1.0,1.8,25.0,0.131552,1.228,1.54,1108.5,5.889,-3.322,
exp26_tcp_grid,ablationsoftmin_only__ballspeed7__maxtcp1.4__noplot__servebox,"{""--ablation"": ""softmin_only"", ""--ball-speed"": 7, ""--max-tcp"": 1.4, ""--no-plot"": null, ""--serve-box"": null}",74,True,active,0.153601,1.96288,0.148552,40.0,30.0,1.39,1.0,1.8,20.0,0.153601,1.118,1.48,1055.4,6.188,-3.705,
exp26_tcp_grid,ablationsoftmin_only__ballspeed7__maxtcp1.4__noplot__servebox,"{""--ablation"": ""softmin_only"", ""--ball-speed"": 7, ""--max-tcp"": 1.4, ""--no-plot"": null, ""--serve-box"": null}",73,False,miss,0.394793,1.967804,0.17264,20.0,0.0,1.39,1.0,1.4,0.0,0.394793,0.0,1.51,1046.1,-1.0,-99.0,
exp26_tcp_grid,ablationsoftmin_only__ballspeed7__maxtcp1.4__noplot__servebox,"{""--ablation"": ""softmin_only"", ""--ball-speed"": 7, ""--max-tcp"": 1.4, ""--no-plot"": null, ""--serve-box"": null}",72,True,passive,0.086512,1.965257,0.078998,50.0,105.0,1.1,1.0,1.6,10.0,0.086512,0.223,1.58,1154.4,5.889,-5.182,
exp26_tcp_grid,ablationsoftmin_only__ballspeed7__maxtcp1.4__noplot__servebox,"{""--ablation"": ""softmin_only"", ""--ball-speed"": 7, ""--max-tcp"": 1.4, ""--no-plot"": null, ""--serve-box"": null}",75,False,miss,0.425375,1.921071,0.18016,10.0,0.0,1.4,0.98,1.4,0.0,0.425375,0.0,1.45,1024.6,-1.0,-99.0,
exp26_tcp_grid,ablationsoftmin_only__ballspeed7__maxtcp1.4__noplot__servebox,"{""--ablation"": ""softmin_only"", ""--ball-speed"": 7, ""--max-tcp"": 1.4, ""--no-plot"": null, ""--serve-box"": null}",71,True,active,0.127859,1.969876,0.118858,40.0,90.0,1.4,0.99,1.5,25.0,0.127859,1.383,1.87,1450.1,6.034,-2.986,
exp26_tcp_grid,ablationsoftmin_only__ballspeed7__maxtcp1.4__noplot__servebox,"{""--ablation"": ""softmin_only"", ""--ball-speed"": 7, ""--max-tcp"": 1.4, ""--no-plot"": null, ""--serve-box"": null}",62,True,active,0.110907,2.005528,0.108086,45.0,105.0,1.4,1.0,1.4,10.0,0.110907,0.926,2.93,2159.1,6.679,-6.199,
exp26_tcp_grid,ablationsoftmin_only__ballspeed7__maxtcp1.4__noplot__servebox,"{""--ablation"": ""softmin_only"", ""--ball-speed"": 7, ""--max-tcp"": 1.4, ""--no-plot"": null, ""--serve-box"": null}",77,False,miss,0.356391,1.912016,0.151859,20.0,0.0,1.38,1.0,1.5,0.0,0.356391,0.0,1.63,1167.9,-1.0,-99.0,
exp26_tcp_grid,ablationsoftmin_only__ballspeed7__maxtcp1.4__noplot__servebox,"{""--ablation"": ""softmin_only"", ""--ball-speed"": 7, ""--max-tcp"": 1.4, ""--no-plot"": null, ""--serve-box"": null}",70,False,miss,0.349884,1.953826,0.152396,30.0,0.0,1.4,0.99,1.7,0.0,0.349884,0.0,2.37,1618.4,-1.0,-99.0,
exp26_tcp_grid,ablationsoftmin_only__ballspeed7__maxtcp1.4__noplot__servebox,"{""--ablation"": ""softmin_only"", ""--ball-speed"": 7, ""--max-tcp"": 1.4, ""--no-plot"": null, ""--serve-box"": null}",76,True,active,0.071812,1.985328,0.068541,45.0,100.0,1.4,0.99,1.3,25.0,0.071812,1.346,2.05,1623.0,6.131,-2.855,
exp26_tcp_grid,ablationsoftmin_only__ballspeed7__maxtcp1.4__noplot__servebox,"{""--ablation"": ""softmin_only"", ""--ball-speed"": 7, ""--max-tcp"": 1.4, ""--no-plot"": null, ""--serve-box"": null}",78,True,active,0.085711,1.958305,0.077364,50.0,105.0,1.38,0.99,1.4,25.0,0.085711,1.381,1.55,1130.3,5.959,-5.744,
exp26_tcp_grid,ablationsoftmin_only__ballspeed7__maxtcp1.4__noplot__servebox,"{""--ablation"": ""softmin_only"", ""--ball-speed"": 7, ""--max-tcp"": 1.4, ""--no-plot"": null, ""--serve-box"": null}",64,True,active,0.095294,1.982308,0.095294,45.0,105.0,1.41,1.0,1.7,20.0,0.095294,0.968,3.07,2248.6,6.097,-6.042,
exp26_tcp_grid,ablationsoftmin_only__ballspeed7__maxtcp1.4__noplot__servebox,"{""--ablation"": ""softmin_only"", ""--ball-speed"": 7, ""--max-tcp"": 1.4, ""--no-plot"": null, ""--serve-box"": null}",67,False,miss,0.347631,1.962529,0.128629,0.0,0.0,1.4,0.96,1.5,0.0,0.347631,0.0,2.94,2170.3,-1.0,-99.0,
exp26_tcp_grid,ablationsoftmin_only__ballspeed7__maxtcp1.4__noplot__servebox,"{""--ablation"": ""softmin_only"", ""--ball-speed"": 7, ""--max-tcp"": 1.4, ""--no-plot"": null, ""--serve-box"": null}",79,True,active,0.117075,1.948577,0.093161,45.0,80.0,1.39,1.0,1.7,25.0,0.117075,1.297,1.53,1092.6,5.64,-0.571,
exp26_tcp_grid,ablationsoftmin_only__ballspeed7__maxtcp1.4__noplot__servebox,"{""--ablation"": ""softmin_only"", ""--ball-speed"": 7, ""--max-tcp"": 1.4, ""--no-plot"": null, ""--serve-box"": null}",65,True,active,0.149961,1.976402,0.1423,35.0,85.0,1.38,0.99,2.0,5.0,0.149961,0.7,3.09,2279.0,6.552,-2.436,
exp26_tcp_grid,ablationsoftmin_only__ballspeed7__maxtcp1.4__noplot__servebox,"{""--ablation"": ""softmin_only"", ""--ball-speed"": 7, ""--max-tcp"": 1.4, ""--no-plot"": null, ""--serve-box"": null}",68,True,active,0.13283,1.941346,0.123306,45.0,75.0,1.4,1.0,1.4,20.0,0.13283,1.241,3.04,2206.0,6.416,-4.293,
exp26_tcp_grid,ablationsoftmin_only__ballspeed7__maxtcp1.4__noplot__servebox,"{""--ablation"": ""softmin_only"", ""--ball-speed"": 7, ""--max-tcp"": 1.4, ""--no-plot"": null, ""--serve-box"": null}",81,True,active,0.087726,2.011682,0.083472,45.0,105.0,1.41,1.0,1.7,15.0,0.087726,1.404,1.48,1044.2,6.527,-1.561,
exp26_tcp_grid,ablationsoftmin_only__ballspeed7__maxtcp1.4__noplot__servebox,"{""--ablation"": ""softmin_only"", ""--ball-speed"": 7, ""--max-tcp"": 1.4, ""--no-plot"": null, ""--serve-box"": null}",83,True,active,0.080087,1.9684,0.078482,55.0,105.0,1.37,1.0,1.4,20.0,0.080087,1.193,1.5,1101.9,5.117,-3.581,
exp26_tcp_grid,ablationsoftmin_only__ballspeed7__maxtcp1.4__noplot__servebox,"{""--ablation"": ""softmin_only"", ""--ball-speed"": 7, ""--max-tcp"": 1.4, ""--no-plot"": null, ""--serve-box"": null}",84,True,active,0.131711,1.928775,0.121143,45.0,80.0,1.4,0.99,1.6,15.0,0.131711,1.368,1.49,1061.0,6.314,-4.192,
exp26_tcp_grid,ablationsoftmin_only__ballspeed7__maxtcp1.4__noplot__servebox,"{""--ablation"": ""softmin_only"", ""--ball-speed"": 7, ""--max-tcp"": 1.4, ""--no-plot"": null, ""--serve-box"": null}",82,True,active,0.118663,1.974681,0.114733,40.0,105.0,1.41,1.0,1.6,25.0,0.118663,1.379,1.76,1338.4,6.758,-3.928,
exp26_tcp_grid,ablationsoftmin_only__ballspeed7__maxtcp1.4__noplot__servebox,"{""--ablation"": ""softmin_only"", ""--ball-speed"": 7, ""--max-tcp"": 1.4, ""--no-plot"": null, ""--serve-box"": null}",80,True,active,0.133556,1.984183,0.123686,45.0,105.0,1.41,1.0,1.4,15.0,0.133556,1.392,2.07,1405.7,6.438,-4.625,
exp26_tcp_grid,ablationsoftmin_only__ballspeed7__maxtcp1.4__noplot__servebox,"{""--ablation"": ""softmin_only"", ""--ball-speed"": 7, ""--max-tcp"": 1.4, ""--no-plot"": null, ""--serve-box"": null}",89,True,active,0.095349,1.971234,0.092219,0.0,0.0,1.37,0.98,1.4,15.0,0.095349,1.332,1.47,1083.0,5.568,1.598,
exp26_tcp_grid,ablationsoftmin_only__ballspeed7__maxtcp1.4__noplot__servebox,"{""--ablation"": ""softmin_only"", ""--ball-speed"": 7, ""--max-tcp"": 1.4, ""--no-plot"": null, ""--serve-box"": null}",91,True,active,0.103522,1.977989,0.096769,45.0,105.0,1.41,0.99,1.6,0.0,0.103522,0.818,1.52,1060.9,6.466,-2.371,
exp26_tcp_grid,ablationsoftmin_only__ballspeed7__maxtcp1.4__noplot__servebox,"{""--ablation"": ""softmin_only"", ""--ball-speed"": 7, ""--max-tcp"": 1.4, ""--no-plot"": null, ""--serve-box"": null}",94,True,active,0.123789,1.924779,0.116444,45.0,105.0,1.39,0.99,1.5,25.0,0.123789,1.353,1.46,1006.8,5.332,-4.081,
exp26_tcp_grid,ablationsoftmin_only__ballspeed7__maxtcp1.4__noplot__servebox,"{""--ablation"": ""softmin_only"", ""--ball-speed"": 7, ""--max-tcp"": 1.4, ""--no-plot"": null, ""--serve-box"": null}",92,False,miss,0.418426,1.964421,0.175426,15.0,0.0,1.39,1.0,1.7,0.0,0.418426,0.0,1.56,1053.2,-1.0,-99.0,
exp26_tcp_grid,ablationsoftmin_only__ballspeed7__maxtcp1.4__noplot__servebox,"{""--ablation"": ""softmin_only"", ""--ball-speed"": 7, ""--max-tcp"": 1.4, ""--no-plot"": null, ""--serve-box"": null}",93,True,active,0.087297,1.987754,0.087297,45.0,105.0,1.4,0.98,1.5,20.0,0.087297,1.317,1.71,1200.9,5.791,-2.027,
exp26_tcp_grid,ablationsoftmin_only__ballspeed7__maxtcp1.4__noplot__servebox,"{""--ablation"": ""softmin_only"", ""--ball-speed"": 7, ""--max-tcp"": 1.4, ""--no-plot"": null, ""--serve-box"": null}",96,True,active,0.125316,1.995442,0.125316,40.0,105.0,1.41,1.0,1.6,25.0,0.125316,1.235,1.51,1074.0,5.993,-3.56,
exp26_tcp_grid,ablationsoftmin_only__ballspeed7__maxtcp1.4__noplot__servebox,"{""--ablation"": ""softmin_only"", ""--ball-speed"": 7, ""--max-tcp"": 1.4, ""--no-plot"": null, ""--serve-box"": null}",97,False,miss,0.383484,1.976516,0.135728,30.0,0.0,1.41,1.0,1.6,0.0,0.383484,0.0,1.48,1072.0,-1.0,-99.0,
exp26_tcp_grid,ablationsoftmin_only__ballspeed7__maxtcp1.4__noplot__servebox,"{""--ablation"": ""softmin_only"", ""--ball-speed"": 7, ""--max-tcp"": 1.4, ""--no-plot"": null, ""--serve-box"": null}",87,True,active,0.10377,2.020549,0.100002,45.0,105.0,1.4,0.99,1.7,25.0,0.10377,0.906,2.64,2172.9,6.006,-0.846,
exp26_tcp_grid,ablationsoftmin_only__ballspeed7__maxtcp1.4__noplot__servebox,"{""--ablation"": ""softmin_only"", ""--ball-speed"": 7, ""--max-tcp"": 1.4, ""--no-plot"": null, ""--serve-box"": null}",95,True,active,0.124612,2.00374,0.124612,35.0,105.0,1.4,0.98,1.6,30.0,0.124612,1.4,2.18,1746.9,6.03,-3.197,
exp26_tcp_grid,ablationsoftmin_only__ballspeed7__maxtcp1.4__noplot__servebox,"{""--ablation"": ""softmin_only"", ""--ball-speed"": 7, ""--max-tcp"": 1.4, ""--no-plot"": null, ""--serve-box"": null}",99,True,active,0.088499,1.966083,0.088499,50.0,105.0,1.4,1.0,1.5,15.0,0.088499,0.795,1.6,1157.0,5.884,-5.839,
exp26_tcp_grid,ablationsoftmin_only__ballspeed7__maxtcp1.4__noplot__servebox,"{""--ablation"": ""softmin_only"", ""--ball-speed"": 7, ""--max-tcp"": 1.4, ""--no-plot"": null, ""--serve-box"": null}",85,True,active,0.115523,1.971322,0.090171,0.0,0.0,1.4,1.0,1.5,25.0,0.115523,1.212,3.07,2324.6,6.603,-0.864,
exp26_tcp_grid,ablationsoftmin_only__ballspeed7__maxtcp1.4__noplot__servebox,"{""--ablation"": ""softmin_only"", ""--ball-speed"": 7, ""--max-tcp"": 1.4, ""--no-plot"": null, ""--serve-box"": null}",86,True,active,0.121426,1.95469,0.117543,20.0,75.0,1.41,0.99,1.6,25.0,0.121426,1.219,2.92,2113.9,5.665,0.796,
exp26_tcp_grid,ablationnone__ballspeed7__maxtcp1.4__noplot__servebox,"{""--ablation"": ""none"", ""--ball-speed"": 7, ""--max-tcp"": 1.4, ""--no-plot"": null, ""--serve-box"": null}",1,False,miss,0.168029,1.838327,0.157878,25.0,0.0,1.39,1.0,1.6,0.0,0.168029,0.0,1.52,1140.0,-1.0,-99.0,
exp26_tcp_grid,ablationsoftmin_only__ballspeed7__maxtcp1.4__noplot__servebox,"{""--ablation"": ""softmin_only"", ""--ball-speed"": 7, ""--max-tcp"": 1.4, ""--no-plot"": null, ""--serve-box"": null}",100,True,active,0.120053,1.968848,0.120053,40.0,105.0,1.4,1.0,1.4,15.0,0.120053,1.131,2.08,1534.3,6.3,-6.063,
exp26_tcp_grid,ablationsoftmin_only__ballspeed7__maxtcp1.4__noplot__servebox,"{""--ablation"": ""softmin_only"", ""--ball-speed"": 7, ""--max-tcp"": 1.4, ""--no-plot"": null, ""--serve-box"": null}",90,True,active,0.118608,1.979466,0.108284,45.0,105.0,1.4,0.99,1.4,15.0,0.118608,1.259,3.02,2300.5,5.897,-3.15,
exp26_tcp_grid,ablationsoftmin_only__ballspeed7__maxtcp1.4__noplot__servebox,"{""--ablation"": ""softmin_only"", ""--ball-speed"": 7, ""--max-tcp"": 1.4, ""--no-plot"": null, ""--serve-box"": null}",88,True,active,0.114045,1.999002,0.114045,35.0,105.0,1.38,1.0,1.4,25.0,0.114045,1.007,3.2,2345.4,6.272,-4.437,
exp26_tcp_grid,ablationnone__ballspeed7__maxtcp1.4__noplot__servebox,"{""--ablation"": ""none"", ""--ball-speed"": 7, ""--max-tcp"": 1.4, ""--no-plot"": null, ""--serve-box"": null}",2,True,active,0.106609,1.924426,0.088937,0.0,0.0,1.37,0.99,1.9,15.0,0.106609,1.356,1.5,1111.0,5.854,1.661,
exp26_tcp_grid,ablationnone__ballspeed7__maxtcp1.4__noplot__servebox,"{""--ablation"": ""none"", ""--ball-speed"": 7, ""--max-tcp"": 1.4, ""--no-plot"": null, ""--serve-box"": null}",4,True,active,0.088415,1.969834,0.08572,30.0,0.0,1.39,1.0,1.4,20.0,0.088415,1.297,1.46,1096.8,5.823,-1.624,
exp26_tcp_grid,ablationnone__ballspeed7__maxtcp1.4__noplot__servebox,"{""--ablation"": ""none"", ""--ball-speed"": 7, ""--max-tcp"": 1.4, ""--no-plot"": null, ""--serve-box"": null}",3,True,active,0.104729,1.913675,0.073937,0.0,0.0,1.23,1.0,1.5,20.0,0.104729,0.747,1.72,1319.9,5.679,0.214,
exp26_tcp_grid,ablationsoftmin_only__ballspeed7__maxtcp1.4__noplot__servebox,"{""--ablation"": ""softmin_only"", ""--ball-speed"": 7, ""--max-tcp"": 1.4, ""--no-plot"": null, ""--serve-box"": null}",98,True,active,0.119025,1.928837,0.101148,25.0,25.0,1.4,0.99,1.6,30.0,0.119025,1.35,2.79,2083.2,5.725,-1.072,
exp26_tcp_grid,ablationnone__ballspeed7__maxtcp1.4__noplot__servebox,"{""--ablation"": ""none"", ""--ball-speed"": 7, ""--max-tcp"": 1.4, ""--no-plot"": null, ""--serve-box"": null}",7,True,active,0.10449,1.929481,0.08549,0.0,0.0,1.1,0.97,1.1,15.0,0.10449,0.747,1.6,1201.7,5.599,0.194,
exp26_tcp_grid,ablationnone__ballspeed7__maxtcp1.4__noplot__servebox,"{""--ablation"": ""none"", ""--ball-speed"": 7, ""--max-tcp"": 1.4, ""--no-plot"": null, ""--serve-box"": null}",20,,,,,,,,,,,,,,0.26,,,,no_result
exp26_tcp_grid,ablationnone__ballspeed7__maxtcp1.4__noplot__servebox,"{""--ablation"": ""none"", ""--ball-speed"": 7, ""--max-tcp"": 1.4, ""--no-plot"": null, ""--serve-box"": null}",21,,,,,,,,,,,,,,0.24,,,,no_result
exp26_tcp_grid,ablationnone__ballspeed7__maxtcp1.4__noplot__servebox,"{""--ablation"": ""none"", ""--ball-speed"": 7, ""--max-tcp"": 1.4, ""--no-plot"": null, ""--serve-box"": null}",9,False,miss,0.337523,1.94616,0.158816,25.0,0.0,1.35,1.0,1.9,0.0,0.337523,0.0,1.57,1194.1,-1.0,-99.0,
exp26_tcp_grid,ablationnone__ballspeed7__maxtcp1.4__noplot__servebox,"{""--ablation"": ""none"", ""--ball-speed"": 7, ""--max-tcp"": 1.4, ""--no-plot"": null, ""--serve-box"": null}",11,True,active,0.0907,1.959241,0.041446,0.0,0.0,1.4,0.98,1.4,25.0,0.0907,1.131,1.53,1096.4,5.979,-0.297,
exp26_tcp_grid,ablationnone__ballspeed7__maxtcp1.4__noplot__servebox,"{""--ablation"": ""none"", ""--ball-speed"": 7, ""--max-tcp"": 1.4, ""--no-plot"": null, ""--serve-box"": null}",8,False,miss,0.320112,1.946138,0.137884,35.0,0.0,1.42,0.99,1.4,0.0,0.320112,0.0,2.02,1524.9,-1.0,-99.0,
exp26_tcp_grid,ablationnone__ballspeed7__maxtcp1.4__noplot__servebox,"{""--ablation"": ""none"", ""--ball-speed"": 7, ""--max-tcp"": 1.4, ""--no-plot"": null, ""--serve-box"": null}",13,True,active,0.078975,1.961194,0.015409,0.0,0.0,1.36,0.99,1.4,20.0,0.078975,0.98,1.51,1149.3,6.251,-0.065,
exp26_tcp_grid,ablationnone__ballspeed7__maxtcp1.4__noplot__servebox,"{""--ablation"": ""none"", ""--ball-speed"": 7, ""--max-tcp"": 1.4, ""--no-plot"": null, ""--serve-box"": null}",18,True,active,0.022276,1.957845,0.022276,55.0,0.0,1.39,0.99,1.4,10.0,0.022276,0.894,1.48,1100.4,4.934,-2.415,
exp26_tcp_grid,ablationnone__ballspeed7__maxtcp1.4__noplot__servebox,"{""--ablation"": ""none"", ""--ball-speed"": 7, ""--max-tcp"": 1.4, ""--no-plot"": null, ""--serve-box"": null}",15,True,active,0.075797,1.960541,0.075797,50.0,0.0,1.4,0.99,1.6,10.0,0.075797,1.348,1.64,1270.2,6.875,-2.27,
exp26_tcp_grid,ablationnone__ballspeed7__maxtcp1.4__noplot__servebox,"{""--ablation"": ""none"", ""--ball-speed"": 7, ""--max-tcp"": 1.4, ""--no-plot"": null, ""--serve-box"": null}",27,,,,,,,,,,,,,,0.28,,,,no_result
exp26_tcp_grid,ablationnone__ballspeed7__maxtcp1.4__noplot__servebox,"{""--ablation"": ""none"", ""--ball-speed"": 7, ""--max-tcp"": 1.4, ""--no-plot"": null, ""--serve-box"": null}",6,True,active,0.132807,1.947909,0.115521,55.0,0.0,1.05,1.0,1.3,5.0,0.132807,0.68,2.67,1928.5,5.499,-3.096,
exp26_tcp_grid,ablationnone__ballspeed7__maxtcp1.4__noplot__servebox,"{""--ablation"": ""none"", ""--ball-speed"": 7, ""--max-tcp"": 1.4, ""--no-plot"": null, ""--serve-box"": null}",19,True,active,0.104107,1.948802,0.069814,0.0,0.0,1.39,1.0,1.1,10.0,0.104107,1.389,1.51,1141.1,5.334,1.612,
exp26_tcp_grid,ablationnone__ballspeed7__maxtcp1.4__noplot__servebox,"{""--ablation"": ""none"", ""--ball-speed"": 7, ""--max-tcp"": 1.4, ""--no-plot"": null, ""--serve-box"": null}",14,True,passive,0.142508,1.91726,0.134896,45.0,0.0,1.35,0.99,1.6,5.0,0.142508,0.243,2.0,1503.8,5.241,-5.185,
exp26_tcp_grid,ablationnone__ballspeed7__maxtcp1.4__noplot__servebox,"{""--ablation"": ""none"", ""--ball-speed"": 7, ""--max-tcp"": 1.4, ""--no-plot"": null, ""--serve-box"": null}",5,True,active,0.073557,2.000325,0.054865,0.0,0.0,1.39,0.96,1.3,25.0,0.073557,1.127,3.1,2348.4,6.42,1.678,
exp26_tcp_grid,ablationnone__ballspeed7__maxtcp1.4__noplot__servebox,"{""--ablation"": ""none"", ""--ball-speed"": 7, ""--max-tcp"": 1.4, ""--no-plot"": null, ""--serve-box"": null}",22,True,active,0.068259,1.972328,0.055021,0.0,0.0,1.59,0.96,1.5,25.0,0.068259,1.394,1.46,1088.7,5.901,1.511,
exp26_tcp_grid,ablationnone__ballspeed7__maxtcp1.4__noplot__servebox,"{""--ablation"": ""none"", ""--ball-speed"": 7, ""--max-tcp"": 1.4, ""--no-plot"": null, ""--serve-box"": null}",17,True,active,0.123881,1.960893,0.101297,50.0,0.0,1.38,0.99,1.7,10.0,0.123881,1.346,2.29,1927.4,5.987,-3.376,
exp26_tcp_grid,ablationnone__ballspeed7__maxtcp1.4__noplot__servebox,"{""--ablation"": ""none"", ""--ball-speed"": 7, ""--max-tcp"": 1.4, ""--no-plot"": null, ""--serve-box"": null}",23,True,active,0.063741,1.976391,0.054238,45.0,0.0,1.4,0.9,1.3,15.0,0.063741,1.375,1.5,1110.3,5.142,-0.738,
exp26_tcp_grid,ablationnone__ballspeed7__maxtcp1.4__noplot__servebox,"{""--ablation"": ""none"", ""--ball-speed"": 7, ""--max-tcp"": 1.4, ""--no-plot"": null, ""--serve-box"": null}",25,True,active,0.132257,1.903876,0.117545,0.0,0.0,1.39,1.0,1.6,20.0,0.132257,1.38,1.5,1087.4,5.679,0.605,
exp26_tcp_grid,ablationnone__ballspeed7__maxtcp1.4__noplot__servebox,"{""--ablation"": ""none"", ""--ball-speed"": 7, ""--max-tcp"": 1.4, ""--no-plot"": null, ""--serve-box"": null}",24,True,active,0.127555,1.939549,0.105429,15.0,0.0,1.38,0.99,1.7,20.0,0.127555,1.121,1.55,1150.2,5.679,0.788,
exp26_tcp_grid,ablationnone__ballspeed7__maxtcp1.4__noplot__servebox,"{""--ablation"": ""none"", ""--ball-speed"": 7, ""--max-tcp"": 1.4, ""--no-plot"": null, ""--serve-box"": null}",10,True,active,0.063199,1.944432,0.063199,50.0,0.0,1.38,0.98,1.3,10.0,0.063199,1.118,3.07,2360.6,5.133,-1.718,
exp26_tcp_grid,ablationnone__ballspeed7__maxtcp1.4__noplot__servebox,"{""--ablation"": ""none"", ""--ball-speed"": 7, ""--max-tcp"": 1.4, ""--no-plot"": null, ""--serve-box"": null}",12,True,active,0.059749,1.976069,0.047352,0.0,0.0,1.34,0.99,1.4,20.0,0.059749,0.939,3.03,2268.6,5.774,2.009,
exp26_tcp_grid,ablationnone__ballspeed7__maxtcp1.4__noplot__servebox,"{""--ablation"": ""none"", ""--ball-speed"": 7, ""--max-tcp"": 1.4, ""--no-plot"": null, ""--serve-box"": null}",28,True,active,0.124927,1.950921,0.102238,5.0,0.0,1.38,0.99,1.8,20.0,0.124927,1.385,1.56,1165.3,5.782,-0.185,
exp26_tcp_grid,ablationnone__ballspeed7__maxtcp1.4__noplot__servebox,"{""--ablation"": ""none"", ""--ball-speed"": 7, ""--max-tcp"": 1.4, ""--no-plot"": null, ""--serve-box"": null}",16,True,active,0.067869,1.946282,0.014059,0.0,0.0,1.4,0.98,1.4,15.0,0.067869,1.36,3.11,2391.8,6.159,3.249,
exp26_tcp_grid,ablationnone__ballspeed7__maxtcp1.4__noplot__servebox,"{""--ablation"": ""none"", ""--ball-speed"": 7, ""--max-tcp"": 1.4, ""--no-plot"": null, ""--serve-box"": null}",26,True,active,0.037342,1.924908,0.028984,0.0,0.0,1.39,1.0,1.6,20.0,0.037342,1.126,1.84,1367.5,6.002,1.099,
exp26_tcp_grid,ablationnone__ballspeed7__maxtcp1.4__noplot__servebox,"{""--ablation"": ""none"", ""--ball-speed"": 7, ""--max-tcp"": 1.4, ""--no-plot"": null, ""--serve-box"": null}",32,True,active,0.041152,1.973914,0.041152,55.0,0.0,1.38,1.0,1.5,5.0,0.041152,1.085,1.5,1115.2,6.85,-4.716,
exp26_tcp_grid,ablationnone__ballspeed7__maxtcp1.4__noplot__servebox,"{""--ablation"": ""none"", ""--ball-speed"": 7, ""--max-tcp"": 1.4, ""--no-plot"": null, ""--serve-box"": null}",34,True,active,0.091409,1.965624,0.079129,40.0,0.0,1.39,0.93,1.5,25.0,0.091409,1.379,1.47,1068.6,6.055,-0.933,
exp26_tcp_grid,ablationnone__ballspeed7__maxtcp1.4__noplot__servebox,"{""--ablation"": ""none"", ""--ball-speed"": 7, ""--max-tcp"": 1.4, ""--no-plot"": null, ""--serve-box"": null}",35,True,active,0.095713,1.961295,0.069879,0.0,0.0,1.4,1.0,1.4,25.0,0.095713,1.188,1.6,1114.8,6.46,1.166,
exp26_tcp_grid,ablationnone__ballspeed7__maxtcp1.4__noplot__servebox,"{""--ablation"": ""none"", ""--ball-speed"": 7, ""--max-tcp"": 1.4, ""--no-plot"": null, ""--serve-box"": null}",36,False,miss,0.320814,1.915123,0.123623,0.0,0.0,1.31,0.98,2.1,0.0,0.320814,0.0,1.62,1231.1,-1.0,-99.0,
exp26_tcp_grid,ablationnone__ballspeed7__maxtcp1.4__noplot__servebox,"{""--ablation"": ""none"", ""--ball-speed"": 7, ""--max-tcp"": 1.4, ""--no-plot"": null, ""--serve-box"": null}",29,True,active,0.089164,1.933562,0.055098,0.0,0.0,1.39,0.99,1.2,20.0,0.089164,1.055,2.41,1738.7,5.817,2.401,
exp26_tcp_grid,ablationnone__ballspeed7__maxtcp1.4__noplot__servebox,"{""--ablation"": ""none"", ""--ball-speed"": 7, ""--max-tcp"": 1.4, ""--no-plot"": null, ""--serve-box"": null}",39,True,active,0.075544,1.931989,0.040366,0.0,0.0,1.4,0.98,1.3,20.0,0.075544,1.389,1.49,1115.8,6.543,4.922,
exp26_tcp_grid,ablationnone__ballspeed7__maxtcp1.4__noplot__servebox,"{""--ablation"": ""none"", ""--ball-speed"": 7, ""--max-tcp"": 1.4, ""--no-plot"": null, ""--serve-box"": null}",41,True,active,0.11731,1.96321,0.114998,50.0,0.0,1.0,1.0,1.3,10.0,0.11731,0.322,1.77,1367.8,6.052,-5.048,
exp26_tcp_grid,ablationnone__ballspeed7__maxtcp1.4__noplot__servebox,"{""--ablation"": ""none"", ""--ball-speed"": 7, ""--max-tcp"": 1.4, ""--no-plot"": null, ""--serve-box"": null}",40,True,active,0.06992,1.941731,0.062154,45.0,0.0,1.38,1.0,1.5,15.0,0.06992,1.343,1.84,1405.0,5.129,0.876,
exp26_tcp_grid,ablationnone__ballspeed7__maxtcp1.4__noplot__servebox,"{""--ablation"": ""none"", ""--ball-speed"": 7, ""--max-tcp"": 1.4, ""--no-plot"": null, ""--serve-box"": null}",43,False,miss,0.344323,1.928367,0.12214,0.0,0.0,1.38,1.0,1.5,0.0,0.344323,0.0,1.44,1092.1,-1.0,-99.0,
exp26_tcp_grid,ablationnone__ballspeed7__maxtcp1.4__noplot__servebox,"{""--ablation"": ""none"", ""--ball-speed"": 7, ""--max-tcp"": 1.4, ""--no-plot"": null, ""--serve-box"": null}",31,False,miss,0.31399,1.950818,0.161294,25.0,0.0,1.35,1.0,1.4,0.0,0.31399,0.0,2.88,2217.0,-1.0,-99.0,
exp26_tcp_grid,ablationnone__ballspeed7__maxtcp1.4__noplot__servebox,"{""--ablation"": ""none"", ""--ball-speed"": 7, ""--max-tcp"": 1.4, ""--no-plot"": null, ""--serve-box"": null}",44,False,miss,0.325537,1.951885,0.0955,0.0,0.0,1.32,0.99,1.6,0.0,0.325537,0.0,1.45,1058.7,-1.0,-99.0,
exp26_tcp_grid,ablationnone__ballspeed7__maxtcp1.4__noplot__servebox,"{""--ablation"": ""none"", ""--ball-speed"": 7, ""--max-tcp"": 1.4, ""--no-plot"": null, ""--serve-box"": null}",30,True,active,0.120914,1.905213,0.100295,55.0,0.0,1.05,0.99,1.3,10.0,0.120914,0.873,3.01,2362.0,5.284,-2.003,
exp26_tcp_grid,ablationnone__ballspeed7__maxtcp1.4__noplot__servebox,"{""--ablation"": ""none"", ""--ball-speed"": 7, ""--max-tcp"": 1.4, ""--no-plot"": null, ""--serve-box"": null}",45,True,active,0.098817,1.990405,0.08997,50.0,0.0,1.38,0.98,1.7,20.0,0.098817,1.38,1.49,1095.4,5.888,-1.532,
exp26_tcp_grid,ablationnone__ballspeed7__maxtcp1.4__noplot__servebox,"{""--ablation"": ""none"", ""--ball-speed"": 7, ""--max-tcp"": 1.4, ""--no-plot"": null, ""--serve-box"": null}",33,True,active,0.116723,1.936613,0.116723,45.0,0.0,1.38,1.0,1.3,10.0,0.116723,0.688,3.07,2334.9,5.444,-2.8,
exp26_tcp_grid,ablationnone__ballspeed7__maxtcp1.4__noplot__servebox,"{""--ablation"": ""none"", ""--ball-speed"": 7, ""--max-tcp"": 1.4, ""--no-plot"": null, ""--serve-box"": null}",46,True,active,0.0692,1.963793,0.0692,40.0,0.0,1.38,0.97,1.5,15.0,0.0692,1.382,1.65,1262.2,5.717,-1.57,
exp26_tcp_grid,ablationnone__ballspeed7__maxtcp1.4__noplot__servebox,"{""--ablation"": ""none"", ""--ball-speed"": 7, ""--max-tcp"": 1.4, ""--no-plot"": null, ""--serve-box"": null}",42,False,miss,0.360838,1.958333,0.111695,0.0,0.0,1.4,1.0,1.6,0.0,0.360838,0.0,2.0,1548.4,-1.0,-99.0,
exp26_tcp_grid,ablationnone__ballspeed7__maxtcp1.4__noplot__servebox,"{""--ablation"": ""none"", ""--ball-speed"": 7, ""--max-tcp"": 1.4, ""--no-plot"": null, ""--serve-box"": null}",50,True,active,0.106283,1.916928,0.045631,0.0,0.0,1.32,1.0,1.3,20.0,0.106283,1.323,1.42,1070.7,5.83,2.472,
exp26_tcp_grid,ablationnone__ballspeed7__maxtcp1.4__noplot__servebox,"{""--ablation"": ""none"", ""--ball-speed"": 7, ""--max-tcp"": 1.4, ""--no-plot"": null, ""--serve-box"": null}",38,True,active,0.114952,1.956378,0.104964,0.0,0.0,1.36,0.99,1.8,20.0,0.114952,1.028,2.99,2325.2,6.093,0.7,
exp26_tcp_grid,ablationnone__ballspeed7__maxtcp1.4__noplot__servebox,"{""--ablation"": ""none"", ""--ball-speed"": 7, ""--max-tcp"": 1.4, ""--no-plot"": null, ""--serve-box"": null}",37,True,active,0.098863,1.895996,0.098863,45.0,0.0,1.12,0.99,1.6,5.0,0.098863,0.333,3.07,2311.4,5.306,-3.179,
exp26_tcp_grid,ablationnone__ballspeed7__maxtcp1.4__noplot__servebox,"{""--ablation"": ""none"", ""--ball-speed"": 7, ""--max-tcp"": 1.4, ""--no-plot"": null, ""--serve-box"": null}",48,True,active,0.116691,1.937407,0.116691,40.0,0.0,1.34,0.99,1.5,10.0,0.116691,0.778,1.66,1217.4,5.443,-2.64,
exp26_tcp_grid,ablationnone__ballspeed7__maxtcp1.4__noplot__servebox,"{""--ablation"": ""none"", ""--ball-speed"": 7, ""--max-tcp"": 1.4, ""--no-plot"": null, ""--serve-box"": null}",51,False,miss,0.372819,1.918053,0.161219,0.0,0.0,1.36,1.0,2.0,0.0,0.372819,0.0,1.49,1080.7,-1.0,-99.0,
exp26_tcp_grid,ablationnone__ballspeed7__maxtcp1.4__noplot__servebox,"{""--ablation"": ""none"", ""--ball-speed"": 7, ""--max-tcp"": 1.4, ""--no-plot"": null, ""--serve-box"": null}",49,True,active,0.104693,1.968615,0.095009,50.0,0.0,1.22,1.0,1.3,15.0,0.104693,1.047,2.06,1678.1,5.083,-0.457,
exp26_tcp_grid,ablationnone__ballspeed7__maxtcp1.4__noplot__servebox,"{""--ablation"": ""none"", ""--ball-speed"": 7, ""--max-tcp"": 1.4, ""--no-plot"": null, ""--serve-box"": null}",54,False,miss,0.337092,1.929164,0.098523,0.0,0.0,1.39,0.95,1.6,0.0,0.337092,0.0,1.57,1101.6,-1.0,-99.0,
exp26_tcp_grid,ablationnone__ballspeed7__maxtcp1.4__noplot__servebox,"{""--ablation"": ""none"", ""--ball-speed"": 7, ""--max-tcp"": 1.4, ""--no-plot"": null, ""--serve-box"": null}",55,True,active,0.097972,1.950012,0.091623,15.0,0.0,1.4,1.0,1.4,15.0,0.097972,1.362,1.76,1378.8,5.535,0.106,
exp26_tcp_grid,ablationnone__ballspeed7__maxtcp1.4__noplot__servebox,"{""--ablation"": ""none"", ""--ball-speed"": 7, ""--max-tcp"": 1.4, ""--no-plot"": null, ""--serve-box"": null}",59,True,active,0.096963,1.950989,0.038127,0.0,0.0,1.39,0.99,1.4,20.0,0.096963,1.148,1.48,1124.2,6.295,2.112,
exp26_tcp_grid,ablationnone__ballspeed7__maxtcp1.4__noplot__servebox,"{""--ablation"": ""none"", ""--ball-speed"": 7, ""--max-tcp"": 1.4, ""--no-plot"": null, ""--serve-box"": null}",60,True,active,0.129554,1.909671,0.129554,35.0,0.0,1.4,1.0,1.6,10.0,0.129554,0.961,1.47,1087.4,6.644,-4.33,
exp26_tcp_grid,ablationnone__ballspeed7__maxtcp1.4__noplot__servebox,"{""--ablation"": ""none"", ""--ball-speed"": 7, ""--max-tcp"": 1.4, ""--no-plot"": null, ""--serve-box"": null}",58,False,miss,0.299129,1.916256,0.075371,0.0,0.0,1.4,0.99,1.2,0.0,0.299129,0.0,1.66,1247.4,-1.0,-99.0,
exp26_tcp_grid,ablationnone__ballspeed7__maxtcp1.4__noplot__servebox,"{""--ablation"": ""none"", ""--ball-speed"": 7, ""--max-tcp"": 1.4, ""--no-plot"": null, ""--serve-box"": null}",47,True,active,0.027125,1.947791,0.027125,50.0,0.0,1.4,0.97,1.4,10.0,0.027125,0.879,3.01,2368.5,5.356,-0.972,
exp26_tcp_grid,ablationnone__ballspeed7__maxtcp1.4__noplot__servebox,"{""--ablation"": ""none"", ""--ball-speed"": 7, ""--max-tcp"": 1.4, ""--no-plot"": null, ""--serve-box"": null}",62,True,active,0.017646,1.970895,0.017646,50.0,0.0,1.38,1.0,1.4,5.0,0.017646,0.512,1.55,1107.5,5.979,-1.971,
exp26_tcp_grid,ablationnone__ballspeed7__maxtcp1.4__noplot__servebox,"{""--ablation"": ""none"", ""--ball-speed"": 7, ""--max-tcp"": 1.4, ""--no-plot"": null, ""--serve-box"": null}",63,True,active,0.079202,1.96382,0.024256,0.0,0.0,1.34,1.0,1.1,15.0,0.079202,1.228,1.58,1150.6,6.112,2.403,
exp26_tcp_grid,ablationnone__ballspeed7__maxtcp1.4__noplot__servebox,"{""--ablation"": ""none"", ""--ball-speed"": 7, ""--max-tcp"": 1.4, ""--no-plot"": null, ""--serve-box"": null}",53,True,active,0.094922,1.973163,0.016398,0.0,0.0,1.59,0.99,1.5,30.0,0.094922,1.326,2.69,2036.2,6.85,2.151,
exp26_tcp_grid,ablationnone__ballspeed7__maxtcp1.4__noplot__servebox,"{""--ablation"": ""none"", ""--ball-speed"": 7, ""--max-tcp"": 1.4, ""--no-plot"": null, ""--serve-box"": null}",52,True,active,0.086845,2.004944,0.063515,0.0,0.0,1.34,1.0,1.1,20.0,0.086845,1.105,2.93,2292.5,5.639,1.374,
exp26_tcp_grid,ablationnone__ballspeed7__maxtcp1.4__noplot__servebox,"{""--ablation"": ""none"", ""--ball-speed"": 7, ""--max-tcp"": 1.4, ""--no-plot"": null, ""--serve-box"": null}",64,True,active,0.092753,1.944379,0.092753,40.0,0.0,1.34,0.99,1.4,15.0,0.092753,1.066,1.76,1348.7,5.936,-2.95,
exp26_tcp_grid,ablationnone__ballspeed7__maxtcp1.4__noplot__servebox,"{""--ablation"": ""none"", ""--ball-speed"": 7, ""--max-tcp"": 1.4, ""--no-plot"": null, ""--serve-box"": null}",57,True,active,0.036516,1.997973,0.036516,0.0,0.0,1.39,0.99,1.5,15.0,0.036516,0.868,2.55,1844.4,5.533,1.31,
exp26_tcp_grid,ablationnone__ballspeed7__maxtcp1.4__noplot__servebox,"{""--ablation"": ""none"", ""--ball-speed"": 7, ""--max-tcp"": 1.4, ""--no-plot"": null, ""--serve-box"": null}",65,True,passive,0.102292,1.926438,0.102292,45.0,0.0,1.38,0.98,1.3,10.0,0.102292,0.226,1.6,1135.6,5.192,-4.193,
exp26_tcp_grid,ablationnone__ballspeed7__maxtcp1.4__noplot__servebox,"{""--ablation"": ""none"", ""--ball-speed"": 7, ""--max-tcp"": 1.4, ""--no-plot"": null, ""--serve-box"": null}",67,False,miss,0.331281,1.951784,0.123637,0.0,0.0,1.4,1.0,1.3,0.0,0.331281,0.0,1.56,1159.6,-1.0,-99.0,
exp26_tcp_grid,ablationnone__ballspeed7__maxtcp1.4__noplot__servebox,"{""--ablation"": ""none"", ""--ball-speed"": 7, ""--max-tcp"": 1.4, ""--no-plot"": null, ""--serve-box"": null}",56,True,active,0.07087,1.930728,0.065432,45.0,0.0,1.4,1.0,1.7,0.0,0.07087,0.415,3.05,2316.2,6.261,-3.393,
exp26_tcp_grid,ablationnone__ballspeed7__maxtcp1.4__noplot__servebox,"{""--ablation"": ""none"", ""--ball-speed"": 7, ""--max-tcp"": 1.4, ""--no-plot"": null, ""--serve-box"": null}",66,True,active,0.059326,1.971216,0.059326,50.0,0.0,1.4,0.94,1.3,10.0,0.059326,1.332,1.71,1324.5,5.056,-1.101,
exp26_tcp_grid,ablationnone__ballspeed7__maxtcp1.4__noplot__servebox,"{""--ablation"": ""none"", ""--ball-speed"": 7, ""--max-tcp"": 1.4, ""--no-plot"": null, ""--serve-box"": null}",69,True,active,0.130947,1.948591,0.125425,40.0,0.0,1.39,1.0,1.7,20.0,0.130947,1.375,1.45,1078.1,5.745,-1.053,
exp26_tcp_grid,ablationnone__ballspeed7__maxtcp1.4__noplot__servebox,"{""--ablation"": ""none"", ""--ball-speed"": 7, ""--max-tcp"": 1.4, ""--no-plot"": null, ""--serve-box"": null}",61,True,active,0.098095,1.915749,0.095925,40.0,0.0,1.38,0.93,2.0,20.0,0.098095,1.325,2.97,2342.9,5.646,-1.066,
exp26_tcp_grid,ablationnone__ballspeed7__maxtcp1.4__noplot__servebox,"{""--ablation"": ""none"", ""--ball-speed"": 7, ""--max-tcp"": 1.4, ""--no-plot"": null, ""--serve-box"": null}",70,True,active,0.109623,1.932405,0.094512,55.0,0.0,1.19,1.0,1.3,10.0,0.109623,1.034,1.83,1482.9,5.232,-2.806,
exp26_tcp_grid,ablationnone__ballspeed7__maxtcp1.4__noplot__servebox,"{""--ablation"": ""none"", ""--ball-speed"": 7, ""--max-tcp"": 1.4, ""--no-plot"": null, ""--serve-box"": null}",73,False,miss,0.336662,1.896705,0.174444,15.0,0.0,0.92,0.99,1.2,0.0,0.336662,0.0,1.53,1183.2,-1.0,-99.0,
exp26_tcp_grid,ablationnone__ballspeed7__maxtcp1.4__noplot__servebox,"{""--ablation"": ""none"", ""--ball-speed"": 7, ""--max-tcp"": 1.4, ""--no-plot"": null, ""--serve-box"": null}",75,True,active,0.138686,1.915471,0.137069,0.0,0.0,1.38,0.97,1.8,20.0,0.138686,1.19,1.45,1059.2,6.021,0.963,
exp26_tcp_grid,ablationnone__ballspeed7__maxtcp1.4__noplot__servebox,"{""--ablation"": ""none"", ""--ball-speed"": 7, ""--max-tcp"": 1.4, ""--no-plot"": null, ""--serve-box"": null}",78,True,active,0.069468,1.920295,0.069468,45.0,0.0,1.32,0.98,1.7,20.0,0.069468,1.135,1.49,1064.4,5.403,-1.132,
exp26_tcp_grid,ablationnone__ballspeed7__maxtcp1.4__noplot__servebox,"{""--ablation"": ""none"", ""--ball-speed"": 7, ""--max-tcp"": 1.4, ""--no-plot"": null, ""--serve-box"": null}",77,True,active,0.093852,1.969754,0.024186,0.0,0.0,1.4,1.0,1.1,25.0,0.093852,1.377,1.67,1215.6,6.667,-0.802,
exp26_tcp_grid,ablationnone__ballspeed7__maxtcp1.4__noplot__servebox,"{""--ablation"": ""none"", ""--ball-speed"": 7, ""--max-tcp"": 1.4, ""--no-plot"": null, ""--serve-box"": null}",82,True,active,0.076804,1.926045,0.076804,40.0,0.0,1.41,0.97,1.8,15.0,0.076804,1.174,1.42,1056.7,5.552,-1.419,
exp26_tcp_grid,ablationnone__ballspeed7__maxtcp1.4__noplot__servebox,"{""--ablation"": ""none"", ""--ball-speed"": 7, ""--max-tcp"": 1.4, ""--no-plot"": null, ""--serve-box"": null}",72,True,active,0.084861,1.925043,0.084861,50.0,0.0,1.12,0.99,1.3,5.0,0.084861,0.333,2.37,1669.2,5.502,-3.38,
exp26_tcp_grid,ablationnone__ballspeed7__maxtcp1.4__noplot__servebox,"{""--ablation"": ""none"", ""--ball-speed"": 7, ""--max-tcp"": 1.4, ""--no-plot"": null, ""--serve-box"": null}",68,True,active,0.097013,1.95381,0.042956,0.0,0.0,1.39,1.0,1.1,15.0,0.097013,0.981,2.8,2171.2,5.975,1.716,
exp26_tcp_grid,ablationnone__ballspeed7__maxtcp1.4__noplot__servebox,"{""--ablation"": ""none"", ""--ball-speed"": 7, ""--max-tcp"": 1.4, ""--no-plot"": null, ""--serve-box"": null}",80,False,miss,0.329356,1.930151,0.157229,25.0,0.0,1.27,0.99,1.3,0.0,0.329356,0.0,1.52,1160.9,-1.0,-99.0,
exp26_tcp_grid,ablationnone__ballspeed7__maxtcp1.4__noplot__servebox,"{""--ablation"": ""none"", ""--ball-speed"": 7, ""--max-tcp"": 1.4, ""--no-plot"": null, ""--serve-box"": null}",71,False,miss,0.340886,1.962223,0.139803,0.0,0.0,1.26,1.0,1.3,0.0,0.340886,0.0,2.63,1971.0,-1.0,-99.0,
exp26_tcp_grid,ablationnone__ballspeed7__maxtcp1.4__noplot__servebox,"{""--ablation"": ""none"", ""--ball-speed"": 7, ""--max-tcp"": 1.4, ""--no-plot"": null, ""--serve-box"": null}",81,True,active,0.079621,1.954467,0.057812,50.0,0.0,1.31,1.0,1.4,10.0,0.079621,1.145,1.58,1191.7,5.774,-0.758,
exp26_tcp_grid,ablationnone__ballspeed7__maxtcp1.4__noplot__servebox,"{""--ablation"": ""none"", ""--ball-speed"": 7, ""--max-tcp"": 1.4, ""--no-plot"": null, ""--serve-box"": null}",79,False,miss,0.31989,1.916233,0.108886,0.0,0.0,1.39,0.96,1.5,0.0,0.31989,0.0,2.05,1645.5,-1.0,-99.0,
exp26_tcp_grid,ablationnone__ballspeed7__maxtcp1.4__noplot__servebox,"{""--ablation"": ""none"", ""--ball-speed"": 7, ""--max-tcp"": 1.4, ""--no-plot"": null, ""--serve-box"": null}",76,True,active,0.082944,1.954128,0.054223,0.0,0.0,1.4,1.0,1.5,30.0,0.082944,1.328,2.54,2187.6,6.186,3.129,
exp26_tcp_grid,ablationnone__ballspeed7__maxtcp1.4__noplot__servebox,"{""--ablation"": ""none"", ""--ball-speed"": 7, ""--max-tcp"": 1.4, ""--no-plot"": null, ""--serve-box"": null}",84,True,active,0.091321,1.929377,0.031479,0.0,0.0,1.34,1.0,1.3,15.0,0.091321,1.341,1.54,1106.8,5.648,-0.047,
exp26_tcp_grid,ablationnone__ballspeed7__maxtcp1.4__noplot__servebox,"{""--ablation"": ""none"", ""--ball-speed"": 7, ""--max-tcp"": 1.4, ""--no-plot"": null, ""--serve-box"": null}",74,True,active,0.094584,1.928656,0.094584,45.0,0.0,1.36,0.99,1.6,5.0,0.094584,1.004,3.0,2355.4,4.421,-2.579,
exp26_tcp_grid,ablationnone__ballspeed7__maxtcp1.4__noplot__servebox,"{""--ablation"": ""none"", ""--ball-speed"": 7, ""--max-tcp"": 1.4, ""--no-plot"": null, ""--serve-box"": null}",86,True,active,0.077182,1.952885,0.056161,0.0,0.0,1.4,0.98,1.2,20.0,0.077182,1.354,1.56,1120.7,5.52,1.293,
exp26_tcp_grid,ablationnone__ballspeed7__maxtcp1.4__noplot__servebox,"{""--ablation"": ""none"", ""--ball-speed"": 7, ""--max-tcp"": 1.4, ""--no-plot"": null, ""--serve-box"": null}",89,True,active,0.055557,1.971972,0.055557,10.0,0.0,1.4,0.9,1.2,10.0,0.055557,1.358,1.46,1072.3,5.711,1.06,
exp26_tcp_grid,ablationnone__ballspeed7__maxtcp1.4__noplot__servebox,"{""--ablation"": ""none"", ""--ball-speed"": 7, ""--max-tcp"": 1.4, ""--no-plot"": null, ""--serve-box"": null}",90,False,miss,0.307742,1.937553,0.140425,35.0,0.0,1.37,0.99,1.3,0.0,0.307742,0.0,1.5,1071.5,-1.0,-99.0,
exp26_tcp_grid,ablationnone__ballspeed7__maxtcp1.4__noplot__servebox,"{""--ablation"": ""none"", ""--ball-speed"": 7, ""--max-tcp"": 1.4, ""--no-plot"": null, ""--serve-box"": null}",92,True,active,0.066658,1.968357,0.05859,0.0,0.0,1.34,1.0,1.6,15.0,0.066658,1.043,1.52,1051.7,5.518,0.854,
exp26_tcp_grid,ablationnone__ballspeed7__maxtcp1.4__noplot__servebox,"{""--ablation"": ""none"", ""--ball-speed"": 7, ""--max-tcp"": 1.4, ""--no-plot"": null, ""--serve-box"": null}",95,True,active,0.101122,1.938052,0.091264,25.0,0.0,1.38,1.0,1.3,20.0,0.101122,1.148,1.48,1079.0,6.339,-0.466,
exp26_tcp_grid,ablationnone__ballspeed7__maxtcp1.4__noplot__servebox,"{""--ablation"": ""none"", ""--ball-speed"": 7, ""--max-tcp"": 1.4, ""--no-plot"": null, ""--serve-box"": null}",96,True,active,0.09755,1.944324,0.093438,45.0,0.0,1.34,0.98,1.4,15.0,0.09755,1.142,1.46,1069.9,6.109,-2.409,
exp26_tcp_grid,ablationnone__ballspeed7__maxtcp1.4__noplot__servebox,"{""--ablation"": ""none"", ""--ball-speed"": 7, ""--max-tcp"": 1.4, ""--no-plot"": null, ""--serve-box"": null}",83,False,miss,0.332038,1.944812,0.165588,20.0,0.0,1.03,0.99,1.4,0.0,0.332038,0.0,2.96,2273.0,-1.0,-99.0,
exp26_tcp_grid,ablationnone__ballspeed7__maxtcp1.4__noplot__servebox,"{""--ablation"": ""none"", ""--ball-speed"": 7, ""--max-tcp"": 1.4, ""--no-plot"": null, ""--serve-box"": null}",94,True,active,0.06462,1.964187,0.06462,45.0,0.0,1.4,0.98,1.1,15.0,0.06462,0.673,1.7,1290.2,6.436,-2.566,
exp26_tcp_grid,ablationnone__ballspeed7__maxtcp1.4__noplot__servebox,"{""--ablation"": ""none"", ""--ball-speed"": 7, ""--max-tcp"": 1.4, ""--no-plot"": null, ""--serve-box"": null}",85,True,active,0.094877,1.959993,0.058127,0.0,0.0,1.41,0.99,1.4,25.0,0.094877,1.378,2.77,2088.2,5.995,2.198,
exp26_tcp_grid,ablationnone__ballspeed7__maxtcp1.4__noplot__servebox,"{""--ablation"": ""none"", ""--ball-speed"": 7, ""--max-tcp"": 1.4, ""--no-plot"": null, ""--serve-box"": null}",97,True,active,0.096686,1.944465,0.057241,55.0,0.0,1.39,1.0,1.3,20.0,0.096686,1.286,1.55,1204.3,6.002,-1.101,
exp26_tcp_grid,ablationnone__ballspeed7__maxtcp1.4__noplot__servebox,"{""--ablation"": ""none"", ""--ball-speed"": 7, ""--max-tcp"": 1.4, ""--no-plot"": null, ""--serve-box"": null}",87,True,active,0.126977,1.936839,0.115041,45.0,0.0,1.19,0.98,1.3,15.0,0.126977,0.787,2.78,2104.6,5.427,-0.863,
exp26_tcp_grid,ablationnone__ballspeed7__maxtcp1.4__noplot__servebox,"{""--ablation"": ""none"", ""--ball-speed"": 7, ""--max-tcp"": 1.4, ""--no-plot"": null, ""--serve-box"": null}",91,True,active,0.098695,1.945572,0.098695,50.0,0.0,1.38,1.0,1.6,5.0,0.098695,0.494,2.31,1914.6,5.965,-5.256,
exp26_tcp_grid,ablationnone__ballspeed7__maxtcp1.4__noplot__servebox,"{""--ablation"": ""none"", ""--ball-speed"": 7, ""--max-tcp"": 1.4, ""--no-plot"": null, ""--serve-box"": null}",99,True,active,0.008759,1.970527,0.008759,50.0,0.0,1.4,0.94,1.5,10.0,0.008759,0.861,1.49,1138.0,6.095,-2.738,
exp26_tcp_grid,ablationnone__ballspeed7__maxtcp1.4__noplot__servebox,"{""--ablation"": ""none"", ""--ball-speed"": 7, ""--max-tcp"": 1.4, ""--no-plot"": null, ""--serve-box"": null}",88,True,active,0.113784,1.945192,0.08801,20.0,0.0,1.16,0.98,1.5,10.0,0.113784,0.706,2.81,2144.6,5.969,0.257,
exp26_tcp_grid,ablationnone__ballspeed7__maxtcp1.4__noplot__servebox,"{""--ablation"": ""none"", ""--ball-speed"": 7, ""--max-tcp"": 1.4, ""--no-plot"": null, ""--serve-box"": null}",93,False,miss,0.337389,1.955184,0.155441,25.0,0.0,1.29,0.99,1.7,0.0,0.337389,0.0,2.45,2001.0,-1.0,-99.0,
exp26_tcp_grid,ablationnone__ballspeed7__maxtcp1.4__noplot__servebox,"{""--ablation"": ""none"", ""--ball-speed"": 7, ""--max-tcp"": 1.4, ""--no-plot"": null, ""--serve-box"": null}",100,True,active,0.117123,1.945664,0.077663,55.0,0.0,1.36,0.99,1.3,15.0,0.117123,0.746,1.99,1366.1,5.728,-1.488,
exp26_tcp_grid,ablationfull__ballspeed7__maxtcp1.8__noplot__servebox,"{""--ablation"": ""full"", ""--ball-speed"": 7, ""--max-tcp"": 1.8, ""--no-plot"": null, ""--serve-box"": null}",3,True,active,0.109543,1.992778,0.095492,50.0,105.0,1.81,0.99,1.9,35.0,0.109543,1.465,1.5,1075.1,5.161,-1.721,
exp26_tcp_grid,ablationfull__ballspeed7__maxtcp1.8__noplot__servebox,"{""--ablation"": ""full"", ""--ball-speed"": 7, ""--max-tcp"": 1.8, ""--no-plot"": null, ""--serve-box"": null}",4,True,active,0.138839,1.950731,0.127067,45.0,105.0,1.4,1.0,1.4,20.0,0.138839,1.302,1.48,1059.1,5.954,-4.757,
exp26_tcp_grid,ablationfull__ballspeed7__maxtcp1.8__noplot__servebox,"{""--ablation"": ""full"", ""--ball-speed"": 7, ""--max-tcp"": 1.8, ""--no-plot"": null, ""--serve-box"": null}",6,True,active,0.06403,1.918489,0.059018,60.0,105.0,1.5,0.99,1.8,20.0,0.06403,1.348,1.64,1135.4,4.587,-1.0,
exp26_tcp_grid,ablationfull__ballspeed7__maxtcp1.8__noplot__servebox,"{""--ablation"": ""full"", ""--ball-speed"": 7, ""--max-tcp"": 1.8, ""--no-plot"": null, ""--serve-box"": null}",8,False,miss,0.358096,1.944892,0.172004,0.0,0.0,1.37,1.0,1.6,0.0,0.358096,0.0,1.41,1009.6,-1.0,-99.0,
exp26_tcp_grid,ablationfull__ballspeed7__maxtcp1.8__noplot__servebox,"{""--ablation"": ""full"", ""--ball-speed"": 7, ""--max-tcp"": 1.8, ""--no-plot"": null, ""--serve-box"": null}",5,True,active,0.12829,1.964744,0.12829,0.0,20.0,1.77,0.98,1.8,30.0,0.12829,1.646,1.87,1423.7,6.293,0.453,
exp26_tcp_grid,ablationfull__ballspeed7__maxtcp1.8__noplot__servebox,"{""--ablation"": ""full"", ""--ball-speed"": 7, ""--max-tcp"": 1.8, ""--no-plot"": null, ""--serve-box"": null}",11,True,active,0.118389,1.995488,0.110457,0.0,0.0,1.81,1.0,1.9,30.0,0.118389,1.364,1.42,1024.7,6.401,0.573,
exp26_tcp_grid,ablationnone__ballspeed7__maxtcp1.4__noplot__servebox,"{""--ablation"": ""none"", ""--ball-speed"": 7, ""--max-tcp"": 1.4, ""--no-plot"": null, ""--serve-box"": null}",98,True,active,0.094577,1.921106,0.062383,0.0,0.0,1.38,0.95,1.2,20.0,0.094577,1.384,3.07,2380.4,6.552,5.094,
exp26_tcp_grid,ablationfull__ballspeed7__maxtcp1.8__noplot__servebox,"{""--ablation"": ""full"", ""--ball-speed"": 7, ""--max-tcp"": 1.8, ""--no-plot"": null, ""--serve-box"": null}",20,,,,,,,,,,,,,,0.19,,,,no_result
exp26_tcp_grid,ablationfull__ballspeed7__maxtcp1.8__noplot__servebox,"{""--ablation"": ""full"", ""--ball-speed"": 7, ""--max-tcp"": 1.8, ""--no-plot"": null, ""--serve-box"": null}",21,,,,,,,,,,,,,,0.17,,,,no_result
exp26_tcp_grid,ablationfull__ballspeed7__maxtcp1.8__noplot__servebox,"{""--ablation"": ""full"", ""--ball-speed"": 7, ""--max-tcp"": 1.8, ""--no-plot"": null, ""--serve-box"": null}",14,True,active,0.047737,2.010868,0.047737,50.0,105.0,1.59,1.0,1.4,15.0,0.047737,1.469,1.43,1010.8,6.834,-6.503,
exp26_tcp_grid,ablationfull__ballspeed7__maxtcp1.8__noplot__servebox,"{""--ablation"": ""full"", ""--ball-speed"": 7, ""--max-tcp"": 1.8, ""--no-plot"": null, ""--serve-box"": null}",9,False,miss,0.330493,1.927912,0.172817,20.0,0.0,1.16,0.99,1.6,0.0,0.330493,0.0,1.96,1329.6,-1.0,-99.0,
exp26_tcp_grid,ablationfull__ballspeed7__maxtcp1.8__noplot__servebox,"{""--ablation"": ""full"", ""--ball-speed"": 7, ""--max-tcp"": 1.8, ""--no-plot"": null, ""--serve-box"": null}",12,True,active,0.089631,1.970173,0.089631,40.0,95.0,1.79,0.98,1.9,35.0,0.089631,1.444,1.82,1317.8,6.026,-1.816,
exp26_tcp_grid,ablationfull__ballspeed7__maxtcp1.8__noplot__servebox,"{""--ablation"": ""full"", ""--ball-speed"": 7, ""--max-tcp"": 1.8, ""--no-plot"": null, ""--serve-box"": null}",1,True,active,0.063337,1.986146,0.060244,95.0,105.0,1.77,1.0,1.6,10.0,0.063337,1.405,3.02,2164.5,6.032,-0.244,
exp26_tcp_grid,ablationfull__ballspeed7__maxtcp1.8__noplot__servebox,"{""--ablation"": ""full"", ""--ball-speed"": 7, ""--max-tcp"": 1.8, ""--no-plot"": null, ""--serve-box"": null}",27,,,,,,,,,,,,,,0.2,,,,no_result
exp26_tcp_grid,ablationfull__ballspeed7__maxtcp1.8__noplot__servebox,"{""--ablation"": ""full"", ""--ball-speed"": 7, ""--max-tcp"": 1.8, ""--no-plot"": null, ""--serve-box"": null}",2,True,active,0.102455,1.969225,0.098729,25.0,80.0,1.8,0.99,1.9,25.0,0.102455,1.762,2.97,2259.1,5.779,0.525,
exp26_tcp_grid,ablationfull__ballspeed7__maxtcp1.8__noplot__servebox,"{""--ablation"": ""full"", ""--ball-speed"": 7, ""--max-tcp"": 1.8, ""--no-plot"": null, ""--serve-box"": null}",16,True,active,0.101702,1.982196,0.073246,50.0,75.0,1.8,0.99,1.7,30.0,0.101702,1.362,1.61,1190.1,6.223,-1.304,
exp26_tcp_grid,ablationfull__ballspeed7__maxtcp1.8__noplot__servebox,"{""--ablation"": ""full"", ""--ball-speed"": 7, ""--max-tcp"": 1.8, ""--no-plot"": null, ""--serve-box"": null}",17,True,active,0.124511,1.976693,0.106874,45.0,100.0,1.78,0.99,2.2,20.0,0.124511,1.705,1.61,1169.0,5.999,-0.622,
exp26_tcp_grid,ablationfull__ballspeed7__maxtcp1.8__noplot__servebox,"{""--ablation"": ""full"", ""--ball-speed"": 7, ""--max-tcp"": 1.8, ""--no-plot"": null, ""--serve-box"": null}",13,True,active,0.122735,1.981994,0.113439,30.0,80.0,1.8,0.99,1.7,30.0,0.122735,1.726,2.23,1486.2,6.278,-1.696,
exp26_tcp_grid,ablationfull__ballspeed7__maxtcp1.8__noplot__servebox,"{""--ablation"": ""full"", ""--ball-speed"": 7, ""--max-tcp"": 1.8, ""--no-plot"": null, ""--serve-box"": null}",7,True,active,0.097377,1.929171,0.094438,50.0,105.0,1.59,1.0,1.6,25.0,0.097377,0.896,3.04,2258.2,6.009,-4.627,
exp26_tcp_grid,ablationfull__ballspeed7__maxtcp1.8__noplot__servebox,"{""--ablation"": ""full"", ""--ball-speed"": 7, ""--max-tcp"": 1.8, ""--no-plot"": null, ""--serve-box"": null}",18,True,active,0.138148,1.955343,0.133205,45.0,105.0,1.76,1.0,1.5,15.0,0.138148,1.296,1.51,1073.5,6.712,-6.683,
exp26_tcp_grid,ablationfull__ballspeed7__maxtcp1.8__noplot__servebox,"{""--ablation"": ""full"", ""--ball-speed"": 7, ""--max-tcp"": 1.8, ""--no-plot"": null, ""--serve-box"": null}",19,True,active,0.085417,1.970768,0.085417,45.0,85.0,1.72,0.99,1.7,25.0,0.085417,1.576,1.54,1141.0,5.419,-0.775,
exp26_tcp_grid,ablationfull__ballspeed7__maxtcp1.8__noplot__servebox,"{""--ablation"": ""full"", ""--ball-speed"": 7, ""--max-tcp"": 1.8, ""--no-plot"": null, ""--serve-box"": null}",15,True,passive,0.081878,1.948164,0.081878,55.0,105.0,1.58,0.98,1.5,10.0,0.081878,0.17,2.11,1588.8,5.563,-2.813,
exp26_tcp_grid,ablationfull__ballspeed7__maxtcp1.8__noplot__servebox,"{""--ablation"": ""full"", ""--ball-speed"": 7, ""--max-tcp"": 1.8, ""--no-plot"": null, ""--serve-box"": null}",23,True,active,0.069135,2.006176,0.069135,40.0,105.0,1.81,1.0,1.7,20.0,0.069135,1.768,1.5,1098.9,6.712,-3.934,
exp26_tcp_grid,ablationfull__ballspeed7__maxtcp1.8__noplot__servebox,"{""--ablation"": ""full"", ""--ball-speed"": 7, ""--max-tcp"": 1.8, ""--no-plot"": null, ""--serve-box"": null}",10,True,active,0.062241,1.981583,0.062241,50.0,105.0,1.5,1.0,1.6,15.0,0.062241,1.42,3.08,2280.9,5.466,-5.45,
exp26_tcp_grid,ablationfull__ballspeed7__maxtcp1.8__noplot__servebox,"{""--ablation"": ""full"", ""--ball-speed"": 7, ""--max-tcp"": 1.8, ""--no-plot"": null, ""--serve-box"": null}",22,True,active,0.089577,1.922023,0.089577,0.0,0.0,1.68,1.0,2.2,10.0,0.089577,1.386,1.67,1176.8,6.27,3.416,
exp26_tcp_grid,ablationfull__ballspeed7__maxtcp1.8__noplot__servebox,"{""--ablation"": ""full"", ""--ball-speed"": 7, ""--max-tcp"": 1.8, ""--no-plot"": null, ""--serve-box"": null}",28,True,active,0.142756,1.929098,0.122952,50.0,75.0,1.49,0.99,1.6,20.0,0.142756,1.412,1.51,1054.1,6.176,-4.736,
exp26_tcp_grid,ablationfull__ballspeed7__maxtcp1.8__noplot__servebox,"{""--ablation"": ""full"", ""--ball-speed"": 7, ""--max-tcp"": 1.8, ""--no-plot"": null, ""--serve-box"": null}",30,True,active,0.110765,1.974469,0.110765,40.0,105.0,1.79,0.98,1.9,30.0,0.110765,1.757,1.45,1036.5,5.645,0.347,
exp26_tcp_grid,ablationfull__ballspeed7__maxtcp1.8__noplot__servebox,"{""--ablation"": ""full"", ""--ball-speed"": 7, ""--max-tcp"": 1.8, ""--no-plot"": null, ""--serve-box"": null}",32,True,active,0.072118,1.97307,0.072118,45.0,105.0,1.49,1.0,1.3,10.0,0.072118,1.423,1.56,1046.3,7.126,-6.758,
exp26_tcp_grid,ablationfull__ballspeed7__maxtcp1.8__noplot__servebox,"{""--ablation"": ""full"", ""--ball-speed"": 7, ""--max-tcp"": 1.8, ""--no-plot"": null, ""--serve-box"": null}",34,True,active,0.098825,1.983534,0.096078,45.0,105.0,1.64,0.99,1.4,20.0,0.098825,1.55,1.49,1012.0,6.788,-5.043,
exp26_tcp_grid,ablationfull__ballspeed7__maxtcp1.8__noplot__servebox,"{""--ablation"": ""full"", ""--ball-speed"": 7, ""--max-tcp"": 1.8, ""--no-plot"": null, ""--serve-box"": null}",36,True,active,0.102525,1.965262,0.102525,40.0,105.0,1.79,0.98,1.7,25.0,0.102525,1.518,1.43,1021.8,5.982,-4.725,
exp26_tcp_grid,ablationfull__ballspeed7__maxtcp1.8__noplot__servebox,"{""--ablation"": ""full"", ""--ball-speed"": 7, ""--max-tcp"": 1.8, ""--no-plot"": null, ""--serve-box"": null}",35,False,miss,0.455666,1.99972,0.156579,0.0,0.0,1.8,1.0,2.0,0.0,0.455666,0.0,1.69,1204.5,-1.0,-99.0,
exp26_tcp_grid,ablationfull__ballspeed7__maxtcp1.8__noplot__servebox,"{""--ablation"": ""full"", ""--ball-speed"": 7, ""--max-tcp"": 1.8, ""--no-plot"": null, ""--serve-box"": null}",37,False,miss,0.434161,1.929433,0.166941,20.0,0.0,1.78,0.99,1.7,0.0,0.434161,0.0,1.65,1175.4,-1.0,-99.0,
exp26_tcp_grid,ablationfull__ballspeed7__maxtcp1.8__noplot__servebox,"{""--ablation"": ""full"", ""--ball-speed"": 7, ""--max-tcp"": 1.8, ""--no-plot"": null, ""--serve-box"": null}",24,True,active,0.125102,1.948396,0.116213,45.0,90.0,1.32,1.0,1.5,20.0,0.125102,1.104,2.83,2113.4,5.386,0.546,
exp26_tcp_grid,ablationfull__ballspeed7__maxtcp1.8__noplot__servebox,"{""--ablation"": ""full"", ""--ball-speed"": 7, ""--max-tcp"": 1.8, ""--no-plot"": null, ""--serve-box"": null}",39,False,miss,0.392,1.95284,0.149923,0.0,0.0,1.78,1.0,2.1,0.0,0.392,0.0,1.48,1078.3,-1.0,-99.0,
exp26_tcp_grid,ablationfull__ballspeed7__maxtcp1.8__noplot__servebox,"{""--ablation"": ""full"", ""--ball-speed"": 7, ""--max-tcp"": 1.8, ""--no-plot"": null, ""--serve-box"": null}",38,False,miss,0.40259,1.971058,0.152032,25.0,0.0,1.77,1.0,1.8,0.0,0.40259,0.0,1.56,1040.6,-1.0,-99.0,
exp26_tcp_grid,ablationfull__ballspeed7__maxtcp1.8__noplot__servebox,"{""--ablation"": ""full"", ""--ball-speed"": 7, ""--max-tcp"": 1.8, ""--no-plot"": null, ""--serve-box"": null}",31,True,active,0.140328,1.978858,0.13343,40.0,50.0,1.79,1.0,1.8,20.0,0.140328,1.624,2.33,1793.8,6.728,-5.453,
exp26_tcp_grid,ablationfull__ballspeed7__maxtcp1.8__noplot__servebox,"{""--ablation"": ""full"", ""--ball-speed"": 7, ""--max-tcp"": 1.8, ""--no-plot"": null, ""--serve-box"": null}",25,True,active,0.128594,1.984513,0.116793,0.0,25.0,1.8,0.98,2.2,35.0,0.128594,1.769,3.11,2337.5,6.057,-0.127,
exp26_tcp_grid,ablationfull__ballspeed7__maxtcp1.8__noplot__servebox,"{""--ablation"": ""full"", ""--ball-speed"": 7, ""--max-tcp"": 1.8, ""--no-plot"": null, ""--serve-box"": null}",26,True,active,0.094771,1.948063,0.09348,40.0,105.0,1.79,0.99,1.7,40.0,0.094771,1.545,3.18,2311.4,6.617,-2.739,
exp26_tcp_grid,ablationfull__ballspeed7__maxtcp1.8__noplot__servebox,"{""--ablation"": ""full"", ""--ball-speed"": 7, ""--max-tcp"": 1.8, ""--no-plot"": null, ""--serve-box"": null}",29,True,active,0.126415,1.959417,0.124708,0.0,15.0,1.78,0.98,2.1,30.0,0.126415,1.776,2.98,2252.0,5.975,0.113,
exp26_tcp_grid,ablationfull__ballspeed7__maxtcp1.8__noplot__servebox,"{""--ablation"": ""full"", ""--ball-speed"": 7, ""--max-tcp"": 1.8, ""--no-plot"": null, ""--serve-box"": null}",41,True,active,0.114071,2.022208,0.114071,40.0,105.0,1.79,0.99,1.9,20.0,0.114071,1.791,1.62,1202.7,6.983,-4.945,
exp26_tcp_grid,ablationfull__ballspeed7__maxtcp1.8__noplot__servebox,"{""--ablation"": ""full"", ""--ball-speed"": 7, ""--max-tcp"": 1.8, ""--no-plot"": null, ""--serve-box"": null}",33,True,active,0.087156,1.951641,0.087156,45.0,105.0,1.74,0.99,1.9,25.0,0.087156,1.417,3.06,2319.9,5.264,-3.269,
exp26_tcp_grid,ablationfull__ballspeed7__maxtcp1.8__noplot__servebox,"{""--ablation"": ""full"", ""--ball-speed"": 7, ""--max-tcp"": 1.8, ""--no-plot"": null, ""--serve-box"": null}",44,False,miss,0.432483,1.94984,0.148107,25.0,0.0,1.81,0.99,1.7,0.0,0.432483,0.0,1.5,1085.5,-1.0,-99.0,
exp26_tcp_grid,ablationfull__ballspeed7__maxtcp1.8__noplot__servebox,"{""--ablation"": ""full"", ""--ball-speed"": 7, ""--max-tcp"": 1.8, ""--no-plot"": null, ""--serve-box"": null}",45,True,active,0.142677,1.977684,0.137692,35.0,50.0,1.78,1.0,1.9,30.0,0.142677,1.484,1.53,1118.5,6.013,-2.891,
exp26_tcp_grid,ablationfull__ballspeed7__maxtcp1.8__noplot__servebox,"{""--ablation"": ""full"", ""--ball-speed"": 7, ""--max-tcp"": 1.8, ""--no-plot"": null, ""--serve-box"": null}",42,True,active,0.118449,1.967939,0.108581,45.0,105.0,1.77,1.0,1.9,25.0,0.118449,1.486,2.01,1320.3,5.937,-3.248,
exp26_tcp_grid,ablationfull__ballspeed7__maxtcp1.8__noplot__servebox,"{""--ablation"": ""full"", ""--ball-speed"": 7, ""--max-tcp"": 1.8, ""--no-plot"": null, ""--serve-box"": null}",46,True,active,0.131919,1.792022,0.130606,30.0,45.0,1.8,1.0,1.9,25.0,0.131919,1.797,1.49,1086.0,6.003,-1.891,
exp26_tcp_grid,ablationfull__ballspeed7__maxtcp1.8__noplot__servebox,"{""--ablation"": ""full"", ""--ball-speed"": 7, ""--max-tcp"": 1.8, ""--no-plot"": null, ""--serve-box"": null}",48,True,active,0.131218,1.993287,0.12195,45.0,90.0,1.64,1.0,1.6,20.0,0.131218,1.282,1.48,1010.5,6.972,-6.59,
exp26_tcp_grid,ablationfull__ballspeed7__maxtcp1.8__noplot__servebox,"{""--ablation"": ""full"", ""--ball-speed"": 7, ""--max-tcp"": 1.8, ""--no-plot"": null, ""--serve-box"": null}",51,False,miss,0.413509,1.907956,0.188295,0.0,0.0,1.69,1.0,1.7,0.0,0.413509,0.0,1.44,1032.1,-1.0,-99.0,
exp26_tcp_grid,ablationfull__ballspeed7__maxtcp1.8__noplot__servebox,"{""--ablation"": ""full"", ""--ball-speed"": 7, ""--max-tcp"": 1.8, ""--no-plot"": null, ""--serve-box"": null}",40,True,active,0.102306,1.97941,0.102306,40.0,105.0,1.46,1.0,1.8,20.0,0.102306,1.227,3.08,2306.0,5.074,-4.262,
exp26_tcp_grid,ablationfull__ballspeed7__maxtcp1.8__noplot__servebox,"{""--ablation"": ""full"", ""--ball-speed"": 7, ""--max-tcp"": 1.8, ""--no-plot"": null, ""--serve-box"": null}",52,True,active,0.050836,2.008741,0.050836,45.0,105.0,1.8,0.99,1.6,30.0,0.050836,0.935,1.53,1089.6,4.934,-3.559,
exp26_tcp_grid,ablationfull__ballspeed7__maxtcp1.8__noplot__servebox,"{""--ablation"": ""full"", ""--ball-speed"": 7, ""--max-tcp"": 1.8, ""--no-plot"": null, ""--serve-box"": null}",49,True,active,0.110307,1.983777,0.110307,40.0,105.0,1.48,0.99,1.5,25.0,0.110307,0.945,1.96,1469.7,5.13,-1.534,
exp26_tcp_grid,ablationfull__ballspeed7__maxtcp1.8__noplot__servebox,"{""--ablation"": ""full"", ""--ball-speed"": 7, ""--max-tcp"": 1.8, ""--no-plot"": null, ""--serve-box"": null}",54,True,active,0.121581,1.992811,0.103519,20.0,65.0,1.8,1.0,1.6,25.0,0.121581,1.557,1.43,1021.0,6.639,-1.567,
exp26_tcp_grid,ablationfull__ballspeed7__maxtcp1.8__noplot__servebox,"{""--ablation"": ""full"", ""--ball-speed"": 7, ""--max-tcp"": 1.8, ""--no-plot"": null, ""--serve-box"": null}",55,True,active,0.08248,1.982655,0.075304,50.0,105.0,1.79,0.99,1.6,25.0,0.08248,1.733,1.48,1058.9,5.974,-4.23,
exp26_tcp_grid,ablationfull__ballspeed7__maxtcp1.8__noplot__servebox,"{""--ablation"": ""full"", ""--ball-speed"": 7, ""--max-tcp"": 1.8, ""--no-plot"": null, ""--serve-box"": null}",43,False,miss,0.369765,1.966008,0.154879,25.0,10.0,1.74,1.0,1.8,0.0,0.369765,0.0,2.89,2107.9,-1.0,-99.0,
exp26_tcp_grid,ablationfull__ballspeed7__maxtcp1.8__noplot__servebox,"{""--ablation"": ""full"", ""--ball-speed"": 7, ""--max-tcp"": 1.8, ""--no-plot"": null, ""--serve-box"": null}",57,True,active,0.127769,1.936733,0.127769,35.0,100.0,1.42,0.99,1.6,10.0,0.127769,1.347,1.48,1047.0,6.628,-5.991,
exp26_tcp_grid,ablationfull__ballspeed7__maxtcp1.8__noplot__servebox,"{""--ablation"": ""full"", ""--ball-speed"": 7, ""--max-tcp"": 1.8, ""--no-plot"": null, ""--serve-box"": null}",47,True,active,0.02424,2.029368,0.02424,45.0,105.0,1.8,1.0,1.7,20.0,0.02424,1.309,2.64,1827.5,6.837,-5.28,
exp26_tcp_grid,ablationfull__ballspeed7__maxtcp1.8__noplot__servebox,"{""--ablation"": ""full"", ""--ball-speed"": 7, ""--max-tcp"": 1.8, ""--no-plot"": null, ""--serve-box"": null}",58,True,active,0.044894,2.026119,0.044894,45.0,95.0,1.8,1.0,1.7,25.0,0.044894,1.656,1.53,1049.0,6.268,-3.551,
exp26_tcp_grid,ablationfull__ballspeed7__maxtcp1.8__noplot__servebox,"{""--ablation"": ""full"", ""--ball-speed"": 7, ""--max-tcp"": 1.8, ""--no-plot"": null, ""--serve-box"": null}",53,True,active,0.060068,2.011538,0.058543,45.0,105.0,1.81,1.0,1.7,25.0,0.060068,1.628,2.22,1757.8,6.107,-2.281,
exp26_tcp_grid,ablationfull__ballspeed7__maxtcp1.8__noplot__servebox,"{""--ablation"": ""full"", ""--ball-speed"": 7, ""--max-tcp"": 1.8, ""--no-plot"": null, ""--serve-box"": null}",59,True,active,0.101977,1.994321,0.086447,0.0,0.0,1.8,1.0,1.7,30.0,0.101977,1.754,1.76,1213.4,6.142,2.917,
exp26_tcp_grid,ablationfull__ballspeed7__maxtcp1.8__noplot__servebox,"{""--ablation"": ""full"", ""--ball-speed"": 7, ""--max-tcp"": 1.8, ""--no-plot"": null, ""--serve-box"": null}",62,True,active,0.090677,2.013092,0.090677,50.0,105.0,1.8,1.0,1.7,15.0,0.090677,1.316,1.43,1021.0,7.075,-6.528,
exp26_tcp_grid,ablationfull__ballspeed7__maxtcp1.8__noplot__servebox,"{""--ablation"": ""full"", ""--ball-speed"": 7, ""--max-tcp"": 1.8, ""--no-plot"": null, ""--serve-box"": null}",50,True,active,0.086088,1.952023,0.074544,45.0,105.0,1.81,0.99,1.7,30.0,0.086088,1.69,3.05,2284.6,6.003,-2.715,
exp26_tcp_grid,ablationfull__ballspeed7__maxtcp1.8__noplot__servebox,"{""--ablation"": ""full"", ""--ball-speed"": 7, ""--max-tcp"": 1.8, ""--no-plot"": null, ""--serve-box"": null}",61,True,active,0.115391,1.94357,0.11211,45.0,105.0,1.79,0.98,1.6,25.0,0.115391,1.789,1.81,1367.5,7.03,-6.005,
exp26_tcp_grid,ablationfull__ballspeed7__maxtcp1.8__noplot__servebox,"{""--ablation"": ""full"", ""--ball-speed"": 7, ""--max-tcp"": 1.8, ""--no-plot"": null, ""--serve-box"": null}",63,True,active,0.08966,1.969973,0.076861,5.0,50.0,1.8,0.99,1.5,25.0,0.08966,1.703,1.69,1150.5,6.227,0.315,
exp26_tcp_grid,ablationfull__ballspeed7__maxtcp1.8__noplot__servebox,"{""--ablation"": ""full"", ""--ball-speed"": 7, ""--max-tcp"": 1.8, ""--no-plot"": null, ""--serve-box"": null}",65,True,active,0.149961,1.976401,0.142295,35.0,85.0,1.38,0.99,2.0,5.0,0.149961,0.7,1.52,1075.1,6.552,-2.436,
exp26_tcp_grid,ablationfull__ballspeed7__maxtcp1.8__noplot__servebox,"{""--ablation"": ""full"", ""--ball-speed"": 7, ""--max-tcp"": 1.8, ""--no-plot"": null, ""--serve-box"": null}",66,True,active,0.149832,1.948246,0.142602,45.0,65.0,1.2,1.0,1.6,10.0,0.149832,0.926,1.49,1063.0,5.919,-5.838,
exp26_tcp_grid,ablationfull__ballspeed7__maxtcp1.8__noplot__servebox,"{""--ablation"": ""full"", ""--ball-speed"": 7, ""--max-tcp"": 1.8, ""--no-plot"": null, ""--serve-box"": null}",56,False,miss,0.394543,1.941165,0.151582,25.0,35.0,1.8,1.0,2.3,0.0,0.394543,0.0,3.0,2190.8,-1.0,-99.0,
exp26_tcp_grid,ablationfull__ballspeed7__maxtcp1.8__noplot__servebox,"{""--ablation"": ""full"", ""--ball-speed"": 7, ""--max-tcp"": 1.8, ""--no-plot"": null, ""--serve-box"": null}",70,True,active,0.126816,1.961333,0.126816,40.0,105.0,1.79,0.99,1.7,20.0,0.126816,1.571,1.48,1069.8,6.423,-5.096,
exp26_tcp_grid,ablationfull__ballspeed7__maxtcp1.8__noplot__servebox,"{""--ablation"": ""full"", ""--ball-speed"": 7, ""--max-tcp"": 1.8, ""--no-plot"": null, ""--serve-box"": null}",69,True,active,0.130551,2.010007,0.127224,40.0,105.0,1.79,1.0,2.0,30.0,0.130551,1.635,1.55,1059.2,5.981,-3.17,
exp26_tcp_grid,ablationfull__ballspeed7__maxtcp1.8__noplot__servebox,"{""--ablation"": ""full"", ""--ball-speed"": 7, ""--max-tcp"": 1.8, ""--no-plot"": null, ""--serve-box"": null}",60,True,active,0.06734,2.000328,0.06734,50.0,105.0,1.81,1.0,1.6,25.0,0.06734,1.705,3.15,2303.4,6.975,-6.006,
exp26_tcp_grid,ablationfull__ballspeed7__maxtcp1.8__noplot__servebox,"{""--ablation"": ""full"", ""--ball-speed"": 7, ""--max-tcp"": 1.8, ""--no-plot"": null, ""--serve-box"": null}",74,True,active,0.140959,1.980217,0.140959,35.0,60.0,1.8,0.99,1.9,25.0,0.140959,1.694,1.53,1085.2,5.828,-3.843,
exp26_tcp_grid,ablationfull__ballspeed7__maxtcp1.8__noplot__servebox,"{""--ablation"": ""full"", ""--ball-speed"": 7, ""--max-tcp"": 1.8, ""--no-plot"": null, ""--serve-box"": null}",72,True,passive,0.086499,1.965257,0.078985,50.0,105.0,1.1,1.0,1.6,10.0,0.086499,0.223,1.87,1440.1,5.889,-5.182,
exp26_tcp_grid,ablationfull__ballspeed7__maxtcp1.8__noplot__servebox,"{""--ablation"": ""full"", ""--ball-speed"": 7, ""--max-tcp"": 1.8, ""--no-plot"": null, ""--serve-box"": null}",76,True,active,0.078728,2.007224,0.078728,40.0,100.0,1.81,1.0,1.7,30.0,0.078728,1.809,1.54,1064.9,6.434,-3.086,
exp26_tcp_grid,ablationfull__ballspeed7__maxtcp1.8__noplot__servebox,"{""--ablation"": ""full"", ""--ball-speed"": 7, ""--max-tcp"": 1.8, ""--no-plot"": null, ""--serve-box"": null}",73,False,miss,0.422516,1.976794,0.144335,30.0,0.0,1.79,1.0,1.9,0.0,0.422516,0.0,1.89,1132.3,-1.0,-99.0,
exp26_tcp_grid,ablationfull__ballspeed7__maxtcp1.8__noplot__servebox,"{""--ablation"": ""full"", ""--ball-speed"": 7, ""--max-tcp"": 1.8, ""--no-plot"": null, ""--serve-box"": null}",64,True,active,0.094803,1.974381,0.094803,45.0,105.0,1.59,0.99,1.5,20.0,0.094803,1.298,3.06,2328.0,6.542,-6.112,
exp26_tcp_grid,ablationfull__ballspeed7__maxtcp1.8__noplot__servebox,"{""--ablation"": ""full"", ""--ball-speed"": 7, ""--max-tcp"": 1.8, ""--no-plot"": null, ""--serve-box"": null}",77,False,miss,0.379655,1.92815,0.1463,25.0,10.0,1.79,1.0,1.7,0.0,0.379655,0.0,1.47,1048.5,-1.0,-99.0,
exp26_tcp_grid,ablationfull__ballspeed7__maxtcp1.8__noplot__servebox,"{""--ablation"": ""full"", ""--ball-speed"": 7, ""--max-tcp"": 1.8, ""--no-plot"": null, ""--serve-box"": null}",75,False,miss,0.428247,1.932509,0.158918,25.0,0.0,1.79,0.99,1.9,0.0,0.428247,0.0,1.83,1406.2,-1.0,-99.0,
exp26_tcp_grid,ablationfull__ballspeed7__maxtcp1.8__noplot__servebox,"{""--ablation"": ""full"", ""--ball-speed"": 7, ""--max-tcp"": 1.8, ""--no-plot"": null, ""--serve-box"": null}",67,True,active,0.12046,1.942688,0.104442,5.0,45.0,1.79,0.99,1.5,25.0,0.12046,1.72,3.07,2319.0,6.401,-0.316,
exp26_tcp_grid,ablationfull__ballspeed7__maxtcp1.8__noplot__servebox,"{""--ablation"": ""full"", ""--ball-speed"": 7, ""--max-tcp"": 1.8, ""--no-plot"": null, ""--serve-box"": null}",68,True,active,0.124526,1.963828,0.115772,35.0,105.0,1.8,0.99,1.6,25.0,0.124526,1.789,3.01,2271.9,6.323,-3.223,
exp26_tcp_grid,ablationfull__ballspeed7__maxtcp1.8__noplot__servebox,"{""--ablation"": ""full"", ""--ball-speed"": 7, ""--max-tcp"": 1.8, ""--no-plot"": null, ""--serve-box"": null}",78,True,active,0.078216,1.936617,0.078216,40.0,105.0,1.81,1.0,1.7,30.0,0.078216,1.446,1.89,1280.0,6.093,-5.651,
exp26_tcp_grid,ablationfull__ballspeed7__maxtcp1.8__noplot__servebox,"{""--ablation"": ""full"", ""--ball-speed"": 7, ""--max-tcp"": 1.8, ""--no-plot"": null, ""--serve-box"": null}",80,True,active,0.114719,1.988049,0.109887,45.0,105.0,1.81,0.99,1.8,20.0,0.114719,1.796,1.5,1038.0,6.36,-4.167,
exp26_tcp_grid,ablationfull__ballspeed7__maxtcp1.8__noplot__servebox,"{""--ablation"": ""full"", ""--ball-speed"": 7, ""--max-tcp"": 1.8, ""--no-plot"": null, ""--serve-box"": null}",71,True,active,0.111803,1.982985,0.104631,45.0,105.0,1.79,0.99,1.6,25.0,0.111803,1.697,3.01,2264.9,5.914,-2.771,
exp26_tcp_grid,ablationfull__ballspeed7__maxtcp1.8__noplot__servebox,"{""--ablation"": ""full"", ""--ball-speed"": 7, ""--max-tcp"": 1.8, ""--no-plot"": null, ""--serve-box"": null}",82,True,active,0.112963,1.962026,0.106735,40.0,105.0,1.79,1.0,1.7,25.0,0.112963,1.753,1.6,1192.5,7.236,-5.087,
exp26_tcp_grid,ablationfull__ballspeed7__maxtcp1.8__noplot__servebox,"{""--ablation"": ""full"", ""--ball-speed"": 7, ""--max-tcp"": 1.8, ""--no-plot"": null, ""--serve-box"": null}",79,True,active,0.125379,1.949619,0.107626,45.0,90.0,1.79,1.0,1.8,25.0,0.125379,1.492,2.29,1525.6,5.885,-1.916,
exp26_tcp_grid,ablationfull__ballspeed7__maxtcp1.8__noplot__servebox,"{""--ablation"": ""full"", ""--ball-speed"": 7, ""--max-tcp"": 1.8, ""--no-plot"": null, ""--serve-box"": null}",83,True,active,0.077726,1.953,0.074827,55.0,105.0,1.42,1.0,1.6,20.0,0.077726,1.373,1.5,1073.1,5.191,-3.601,
exp26_tcp_grid,ablationfull__ballspeed7__maxtcp1.8__noplot__servebox,"{""--ablation"": ""full"", ""--ball-speed"": 7, ""--max-tcp"": 1.8, ""--no-plot"": null, ""--serve-box"": null}",84,True,active,0.105985,1.945264,0.100042,45.0,105.0,1.7,1.0,1.8,20.0,0.105985,1.515,1.45,1047.5,5.76,-3.204,
exp26_tcp_grid,ablationfull__ballspeed7__maxtcp1.8__noplot__servebox,"{""--ablation"": ""full"", ""--ball-speed"": 7, ""--max-tcp"": 1.8, ""--no-plot"": null, ""--serve-box"": null}",86,True,active,0.112058,1.986678,0.112058,40.0,105.0,1.79,0.98,1.9,30.0,0.112058,1.789,1.55,1027.2,5.485,-1.314,
exp26_tcp_grid,ablationfull__ballspeed7__maxtcp1.8__noplot__servebox,"{""--ablation"": ""full"", ""--ball-speed"": 7, ""--max-tcp"": 1.8, ""--no-plot"": null, ""--serve-box"": null}",90,True,active,0.097112,1.993436,0.095722,40.0,105.0,1.79,0.98,1.8,20.0,0.097112,1.718,1.53,1111.5,5.392,-2.519,
exp26_tcp_grid,ablationfull__ballspeed7__maxtcp1.8__noplot__servebox,"{""--ablation"": ""full"", ""--ball-speed"": 7, ""--max-tcp"": 1.8, ""--no-plot"": null, ""--serve-box"": null}",85,True,active,0.107033,1.993645,0.088715,35.0,85.0,1.82,1.0,1.6,30.0,0.107033,1.582,1.95,1518.0,6.645,-2.144,
exp26_tcp_grid,ablationfull__ballspeed7__maxtcp1.8__noplot__servebox,"{""--ablation"": ""full"", ""--ball-speed"": 7, ""--max-tcp"": 1.8, ""--no-plot"": null, ""--serve-box"": null}",91,True,active,0.084345,2.009766,0.084345,40.0,105.0,1.82,0.99,1.8,10.0,0.084345,1.441,1.47,1043.5,7.021,-2.667,
exp26_tcp_grid,ablationfull__ballspeed7__maxtcp1.8__noplot__servebox,"{""--ablation"": ""full"", ""--ball-speed"": 7, ""--max-tcp"": 1.8, ""--no-plot"": null, ""--serve-box"": null}",92,False,miss,0.444568,1.979275,0.17535,15.0,0.0,1.79,0.99,2.3,0.0,0.444568,0.0,1.52,1048.8,-1.0,-99.0,
exp26_tcp_grid,ablationfull__ballspeed7__maxtcp1.8__noplot__servebox,"{""--ablation"": ""full"", ""--ball-speed"": 7, ""--max-tcp"": 1.8, ""--no-plot"": null, ""--serve-box"": null}",81,True,active,0.08243,2.000662,0.082409,40.0,105.0,1.8,1.0,1.7,20.0,0.08243,1.721,3.04,2273.4,6.827,-2.894,
exp26_tcp_grid,ablationfull__ballspeed7__maxtcp1.8__noplot__servebox,"{""--ablation"": ""full"", ""--ball-speed"": 7, ""--max-tcp"": 1.8, ""--no-plot"": null, ""--serve-box"": null}",96,True,active,0.118861,2.004829,0.118494,45.0,105.0,1.81,1.0,2.2,25.0,0.118861,1.612,1.56,1074.0,6.163,-3.63,
exp26_tcp_grid,ablationfull__ballspeed7__maxtcp1.8__noplot__servebox,"{""--ablation"": ""full"", ""--ball-speed"": 7, ""--max-tcp"": 1.8, ""--no-plot"": null, ""--serve-box"": null}",87,True,active,0.090849,2.015689,0.090849,40.0,105.0,1.78,1.0,1.9,25.0,0.090849,1.542,2.61,1820.3,5.989,-2.069,
exp26_tcp_grid,ablationfull__ballspeed7__maxtcp1.8__noplot__servebox,"{""--ablation"": ""full"", ""--ball-speed"": 7, ""--max-tcp"": 1.8, ""--no-plot"": null, ""--serve-box"": null}",89,True,active,0.095898,1.961599,0.095898,0.0,0.0,1.76,0.99,1.9,15.0,0.095898,1.72,2.54,1815.9,5.344,1.778,
exp26_tcp_grid,ablationfull__ballspeed7__maxtcp1.8__noplot__servebox,"{""--ablation"": ""full"", ""--ball-speed"": 7, ""--max-tcp"": 1.8, ""--no-plot"": null, ""--serve-box"": null}",97,True,active,0.135319,1.989682,0.12632,35.0,0.0,1.81,1.0,1.9,30.0,0.135319,1.674,1.65,1212.3,6.449,-1.282,
exp26_tcp_grid,ablationfull__ballspeed7__maxtcp1.8__noplot__servebox,"{""--ablation"": ""full"", ""--ball-speed"": 7, ""--max-tcp"": 1.8, ""--no-plot"": null, ""--serve-box"": null}",99,True,active,0.105855,1.94285,0.105855,35.0,105.0,1.5,1.0,1.5,20.0,0.105855,1.113,1.49,1057.7,6.394,-6.231,
exp26_tcp_grid,ablationfull__ballspeed7__maxtcp1.8__noplot__servebox,"{""--ablation"": ""full"", ""--ball-speed"": 7, ""--max-tcp"": 1.8, ""--no-plot"": null, ""--serve-box"": null}",100,True,active,0.094915,1.979577,0.091162,50.0,105.0,1.81,1.0,1.8,20.0,0.094915,1.754,1.52,1039.2,6.349,-5.681,
exp26_tcp_grid,ablationfull__ballspeed7__maxtcp1.8__noplot__servebox,"{""--ablation"": ""full"", ""--ball-speed"": 7, ""--max-tcp"": 1.8, ""--no-plot"": null, ""--serve-box"": null}",93,True,active,0.082958,1.98447,0.082958,45.0,105.0,1.78,0.98,1.9,20.0,0.082958,1.742,2.56,1824.2,5.903,-1.532,
exp26_tcp_grid,ablationtube_only__ballspeed7__maxtcp1.8__noplot__servebox,"{""--ablation"": ""tube_only"", ""--ball-speed"": 7, ""--max-tcp"": 1.8, ""--no-plot"": null, ""--serve-box"": null}",1,False,miss,0.231874,1.810486,0.23898,0.0,0.0,1.73,1.0,1.9,0.0,0.231874,0.0,1.55,1094.4,-1.0,-99.0,
exp26_tcp_grid,ablationfull__ballspeed7__maxtcp1.8__noplot__servebox,"{""--ablation"": ""full"", ""--ball-speed"": 7, ""--max-tcp"": 1.8, ""--no-plot"": null, ""--serve-box"": null}",98,True,active,0.094357,1.942352,0.058927,0.0,0.0,1.8,1.0,1.6,40.0,0.094357,1.765,2.11,1336.5,5.887,-0.199,
exp26_tcp_grid,ablationtube_only__ballspeed7__maxtcp1.8__noplot__servebox,"{""--ablation"": ""tube_only"", ""--ball-speed"": 7, ""--max-tcp"": 1.8, ""--no-plot"": null, ""--serve-box"": null}",2,True,active,0.091116,1.938412,0.05186,0.0,0.0,1.74,0.98,2.4,20.0,0.091116,1.68,1.48,1085.2,5.775,3.783,
exp26_tcp_grid,ablationfull__ballspeed7__maxtcp1.8__noplot__servebox,"{""--ablation"": ""full"", ""--ball-speed"": 7, ""--max-tcp"": 1.8, ""--no-plot"": null, ""--serve-box"": null}",88,True,active,0.09784,2.010965,0.09784,45.0,105.0,1.75,1.0,1.6,25.0,0.09784,1.398,3.23,2308.0,6.783,-4.376,
exp26_tcp_grid,ablationtube_only__ballspeed7__maxtcp1.8__noplot__servebox,"{""--ablation"": ""tube_only"", ""--ball-speed"": 7, ""--max-tcp"": 1.8, ""--no-plot"": null, ""--serve-box"": null}",4,False,miss,0.363499,1.934946,0.138796,0.0,0.0,1.74,1.0,2.3,0.0,0.363499,0.0,1.48,1017.2,-1.0,-99.0,
exp26_tcp_grid,ablationfull__ballspeed7__maxtcp1.8__noplot__servebox,"{""--ablation"": ""full"", ""--ball-speed"": 7, ""--max-tcp"": 1.8, ""--no-plot"": null, ""--serve-box"": null}",94,True,active,0.123792,1.920135,0.116083,45.0,105.0,1.68,0.99,1.7,25.0,0.123792,1.354,2.98,2187.6,5.331,-4.08,
exp26_tcp_grid,ablationtube_only__ballspeed7__maxtcp1.8__noplot__servebox,"{""--ablation"": ""tube_only"", ""--ball-speed"": 7, ""--max-tcp"": 1.8, ""--no-plot"": null, ""--serve-box"": null}",5,False,miss,0.306414,2.020629,0.079512,0.0,0.0,1.22,0.99,1.5,0.0,0.306414,0.0,1.57,1118.2,-1.0,-99.0,
exp26_tcp_grid,ablationfull__ballspeed7__maxtcp1.8__noplot__servebox,"{""--ablation"": ""full"", ""--ball-speed"": 7, ""--max-tcp"": 1.8, ""--no-plot"": null, ""--serve-box"": null}",95,True,active,0.119099,1.986349,0.119099,35.0,105.0,1.79,0.99,1.9,30.0,0.119099,1.792,3.07,2335.1,6.191,-4.423,
exp26_tcp_grid,ablationtube_only__ballspeed7__maxtcp1.8__noplot__servebox,"{""--ablation"": ""tube_only"", ""--ball-speed"": 7, ""--max-tcp"": 1.8, ""--no-plot"": null, ""--serve-box"": null}",6,True,active,0.093243,1.942388,0.093243,45.0,105.0,1.56,0.97,1.5,10.0,0.093243,0.919,1.53,1101.6,4.904,-3.768,
exp26_tcp_grid,ablationtube_only__ballspeed7__maxtcp1.8__noplot__servebox,"{""--ablation"": ""tube_only"", ""--ball-speed"": 7, ""--max-tcp"": 1.8, ""--no-plot"": null, ""--serve-box"": null}",9,True,active,0.144991,1.952221,0.1405,40.0,95.0,1.76,0.99,1.8,10.0,0.144991,1.764,1.47,1042.6,5.862,-2.183,
exp26_tcp_grid,ablationtube_only__ballspeed7__maxtcp1.8__noplot__servebox,"{""--ablation"": ""tube_only"", ""--ball-speed"": 7, ""--max-tcp"": 1.8, ""--no-plot"": null, ""--serve-box"": null}",20,,,,,,,,,,,,,,0.26,,,,no_result
exp26_tcp_grid,ablationtube_only__ballspeed7__maxtcp1.8__noplot__servebox,"{""--ablation"": ""tube_only"", ""--ball-speed"": 7, ""--max-tcp"": 1.8, ""--no-plot"": null, ""--serve-box"": null}",21,,,,,,,,,,,,,,0.26,,,,no_result
exp26_tcp_grid,ablationtube_only__ballspeed7__maxtcp1.8__noplot__servebox,"{""--ablation"": ""tube_only"", ""--ball-speed"": 7, ""--max-tcp"": 1.8, ""--no-plot"": null, ""--serve-box"": null}",10,True,active,0.088291,1.949777,0.088291,45.0,105.0,1.21,0.99,1.5,15.0,0.088291,0.953,1.61,1190.5,5.62,-2.214,
exp26_tcp_grid,ablationtube_only__ballspeed7__maxtcp1.8__noplot__servebox,"{""--ablation"": ""tube_only"", ""--ball-speed"": 7, ""--max-tcp"": 1.8, ""--no-plot"": null, ""--serve-box"": null}",7,True,active,0.118796,1.943146,0.092163,0.0,0.0,1.04,0.99,1.3,15.0,0.118796,1.009,1.84,1308.1,6.119,0.188,
exp26_tcp_grid,ablationtube_only__ballspeed7__maxtcp1.8__noplot__servebox,"{""--ablation"": ""tube_only"", ""--ball-speed"": 7, ""--max-tcp"": 1.8, ""--no-plot"": null, ""--serve-box"": null}",11,True,active,0.091357,1.933019,0.076241,25.0,70.0,1.78,0.95,1.9,25.0,0.091357,1.762,1.57,1176.2,5.555,0.763,
exp26_tcp_grid,ablationtube_only__ballspeed7__maxtcp1.8__noplot__servebox,"{""--ablation"": ""tube_only"", ""--ball-speed"": 7, ""--max-tcp"": 1.8, ""--no-plot"": null, ""--serve-box"": null}",3,False,miss,0.348901,1.816747,0.322691,0.0,0.0,1.95,1.36,1.7,0.0,0.348901,0.0,2.79,1903.5,-1.0,-99.0,
exp26_tcp_grid,ablationtube_only__ballspeed7__maxtcp1.8__noplot__servebox,"{""--ablation"": ""tube_only"", ""--ball-speed"": 7, ""--max-tcp"": 1.8, ""--no-plot"": null, ""--serve-box"": null}",27,,,,,,,,,,,,,,0.17,,,,no_result
exp26_tcp_grid,ablationtube_only__ballspeed7__maxtcp1.8__noplot__servebox,"{""--ablation"": ""tube_only"", ""--ball-speed"": 7, ""--max-tcp"": 1.8, ""--no-plot"": null, ""--serve-box"": null}",14,True,passive,0.041837,1.926842,0.041837,50.0,105.0,1.37,1.0,1.7,10.0,0.041837,0.185,1.63,1139.8,5.817,-5.41,
exp26_tcp_grid,ablationtube_only__ballspeed7__maxtcp1.8__noplot__servebox,"{""--ablation"": ""tube_only"", ""--ball-speed"": 7, ""--max-tcp"": 1.8, ""--no-plot"": null, ""--serve-box"": null}",16,True,active,0.060392,1.97647,0.031964,0.0,0.0,1.78,0.98,1.7,20.0,0.060392,1.702,1.61,1197.9,6.097,2.623,
exp26_tcp_grid,ablationtube_only__ballspeed7__maxtcp1.8__noplot__servebox,"{""--ablation"": ""tube_only"", ""--ball-speed"": 7, ""--max-tcp"": 1.8, ""--no-plot"": null, ""--serve-box"": null}",18,True,active,0.035549,1.989336,0.035549,50.0,105.0,1.76,1.0,1.7,5.0,0.035549,1.159,1.57,1116.5,7.261,-2.672,
exp26_tcp_grid,ablationtube_only__ballspeed7__maxtcp1.8__noplot__servebox,"{""--ablation"": ""tube_only"", ""--ball-speed"": 7, ""--max-tcp"": 1.8, ""--no-plot"": null, ""--serve-box"": null}",19,True,active,0.068228,1.973123,0.050704,0.0,0.0,1.6,0.97,1.2,15.0,0.068228,1.513,1.43,1050.2,5.271,1.519,
exp26_tcp_grid,ablationtube_only__ballspeed7__maxtcp1.8__noplot__servebox,"{""--ablation"": ""tube_only"", ""--ball-speed"": 7, ""--max-tcp"": 1.8, ""--no-plot"": null, ""--serve-box"": null}",8,True,active,0.085258,1.936995,0.084245,40.0,100.0,1.78,0.99,1.7,15.0,0.085258,1.454,2.9,2224.7,5.408,-1.06,
exp26_tcp_grid,ablationtube_only__ballspeed7__maxtcp1.8__noplot__servebox,"{""--ablation"": ""tube_only"", ""--ball-speed"": 7, ""--max-tcp"": 1.8, ""--no-plot"": null, ""--serve-box"": null}",23,True,active,0.111381,1.959019,0.105835,45.0,105.0,1.02,1.0,1.0,10.0,0.111381,0.69,1.46,1064.6,6.354,-3.186,
exp26_tcp_grid,ablationtube_only__ballspeed7__maxtcp1.8__noplot__servebox,"{""--ablation"": ""tube_only"", ""--ball-speed"": 7, ""--max-tcp"": 1.8, ""--no-plot"": null, ""--serve-box"": null}",24,False,miss,0.322754,1.933787,0.138066,5.0,35.0,1.32,1.0,1.7,0.0,0.322754,0.0,1.49,1078.5,-1.0,-99.0,
exp26_tcp_grid,ablationtube_only__ballspeed7__maxtcp1.8__noplot__servebox,"{""--ablation"": ""tube_only"", ""--ball-speed"": 7, ""--max-tcp"": 1.8, ""--no-plot"": null, ""--serve-box"": null}",25,True,active,0.112957,1.911511,0.103686,0.0,0.0,1.78,0.98,1.8,15.0,0.112957,1.753,1.49,1017.9,5.852,2.321,
exp26_tcp_grid,ablationtube_only__ballspeed7__maxtcp1.8__noplot__servebox,"{""--ablation"": ""tube_only"", ""--ball-speed"": 7, ""--max-tcp"": 1.8, ""--no-plot"": null, ""--serve-box"": null}",26,True,active,0.047739,1.99532,0.047739,45.0,45.0,1.8,0.98,1.8,20.0,0.047739,1.795,1.61,1138.3,5.651,0.622,
exp26_tcp_grid,ablationtube_only__ballspeed7__maxtcp1.8__noplot__servebox,"{""--ablation"": ""tube_only"", ""--ball-speed"": 7, ""--max-tcp"": 1.8, ""--no-plot"": null, ""--serve-box"": null}",29,True,active,0.113037,1.929582,0.098252,0.0,0.0,1.45,1.0,1.5,15.0,0.113037,1.24,1.41,1021.3,5.992,2.242,
exp26_tcp_grid,ablationtube_only__ballspeed7__maxtcp1.8__noplot__servebox,"{""--ablation"": ""tube_only"", ""--ball-speed"": 7, ""--max-tcp"": 1.8, ""--no-plot"": null, ""--serve-box"": null}",31,False,miss,0.320147,1.942455,0.153049,25.0,0.0,1.52,1.0,1.7,0.0,0.320147,0.0,1.37,990.6,-1.0,-99.0,
exp26_tcp_grid,ablationtube_only__ballspeed7__maxtcp1.8__noplot__servebox,"{""--ablation"": ""tube_only"", ""--ball-speed"": 7, ""--max-tcp"": 1.8, ""--no-plot"": null, ""--serve-box"": null}",12,True,active,0.025776,2.005649,0.025776,45.0,105.0,1.7,1.0,1.2,15.0,0.025776,1.168,3.08,2193.3,6.977,-5.028,
exp26_tcp_grid,ablationtube_only__ballspeed7__maxtcp1.8__noplot__servebox,"{""--ablation"": ""tube_only"", ""--ball-speed"": 7, ""--max-tcp"": 1.8, ""--no-plot"": null, ""--serve-box"": null}",13,True,active,0.09904,1.914597,0.05891,0.0,0.0,1.51,0.99,1.8,25.0,0.09904,1.458,3.15,2339.6,6.325,2.711,
exp26_tcp_grid,ablationtube_only__ballspeed7__maxtcp1.8__noplot__servebox,"{""--ablation"": ""tube_only"", ""--ball-speed"": 7, ""--max-tcp"": 1.8, ""--no-plot"": null, ""--serve-box"": null}",15,True,active,0.057743,1.973928,0.057743,40.0,105.0,1.74,0.99,1.4,10.0,0.057743,1.74,3.13,2303.4,6.527,-3.984,
exp26_tcp_grid,ablationtube_only__ballspeed7__maxtcp1.8__noplot__servebox,"{""--ablation"": ""tube_only"", ""--ball-speed"": 7, ""--max-tcp"": 1.8, ""--no-plot"": null, ""--serve-box"": null}",30,True,active,0.110338,1.931617,0.079846,0.0,0.0,1.64,1.0,1.6,20.0,0.110338,1.496,1.53,1060.0,5.764,1.888,
exp26_tcp_grid,ablationtube_only__ballspeed7__maxtcp1.8__noplot__servebox,"{""--ablation"": ""tube_only"", ""--ball-speed"": 7, ""--max-tcp"": 1.8, ""--no-plot"": null, ""--serve-box"": null}",17,True,active,0.127697,1.966922,0.103939,50.0,100.0,1.77,1.0,2.1,15.0,0.127697,1.656,2.9,2212.4,5.969,-1.207,
exp26_tcp_grid,ablationtube_only__ballspeed7__maxtcp1.8__noplot__servebox,"{""--ablation"": ""tube_only"", ""--ball-speed"": 7, ""--max-tcp"": 1.8, ""--no-plot"": null, ""--serve-box"": null}",22,True,active,0.044501,1.928477,0.044501,0.0,0.0,1.8,0.97,1.9,25.0,0.044501,1.8,2.41,1902.2,5.919,1.27,
exp26_tcp_grid,ablationtube_only__ballspeed7__maxtcp1.8__noplot__servebox,"{""--ablation"": ""tube_only"", ""--ball-speed"": 7, ""--max-tcp"": 1.8, ""--no-plot"": null, ""--serve-box"": null}",32,True,active,0.087794,1.956175,0.087794,40.0,105.0,1.39,0.99,1.5,10.0,0.087794,1.389,1.5,1017.3,6.716,-3.624,
exp26_tcp_grid,ablationtube_only__ballspeed7__maxtcp1.8__noplot__servebox,"{""--ablation"": ""tube_only"", ""--ball-speed"": 7, ""--max-tcp"": 1.8, ""--no-plot"": null, ""--serve-box"": null}",35,False,miss,0.348922,1.953516,0.113757,0.0,30.0,1.67,1.0,1.2,0.0,0.348922,0.0,1.48,1036.9,-1.0,-99.0,
exp26_tcp_grid,ablationtube_only__ballspeed7__maxtcp1.8__noplot__servebox,"{""--ablation"": ""tube_only"", ""--ball-speed"": 7, ""--max-tcp"": 1.8, ""--no-plot"": null, ""--serve-box"": null}",33,True,active,0.052299,1.946086,0.052299,35.0,50.0,1.56,0.97,1.8,15.0,0.052299,1.183,2.04,1649.2,6.08,0.283,
exp26_tcp_grid,ablationtube_only__ballspeed7__maxtcp1.8__noplot__servebox,"{""--ablation"": ""tube_only"", ""--ball-speed"": 7, ""--max-tcp"": 1.8, ""--no-plot"": null, ""--serve-box"": null}",37,True,active,0.076816,1.932278,0.064088,0.0,0.0,1.77,0.99,1.9,25.0,0.076816,1.475,1.48,1055.8,6.175,1.508,
exp26_tcp_grid,ablationtube_only__ballspeed7__maxtcp1.8__noplot__servebox,"{""--ablation"": ""tube_only"", ""--ball-speed"": 7, ""--max-tcp"": 1.8, ""--no-plot"": null, ""--serve-box"": null}",38,False,miss,0.319316,1.938311,0.148109,30.0,40.0,1.06,0.99,1.2,0.0,0.319316,0.0,1.51,1060.4,-1.0,-99.0,
exp26_tcp_grid,ablationtube_only__ballspeed7__maxtcp1.8__noplot__servebox,"{""--ablation"": ""tube_only"", ""--ball-speed"": 7, ""--max-tcp"": 1.8, ""--no-plot"": null, ""--serve-box"": null}",28,True,active,0.122434,1.934591,0.10718,0.0,0.0,1.74,1.0,1.9,20.0,0.122434,1.738,3.05,2234.7,5.664,1.309,
exp26_tcp_grid,ablationtube_only__ballspeed7__maxtcp1.8__noplot__servebox,"{""--ablation"": ""tube_only"", ""--ball-speed"": 7, ""--max-tcp"": 1.8, ""--no-plot"": null, ""--serve-box"": null}",40,False,miss,0.330102,1.932145,0.158717,25.0,5.0,1.45,0.99,1.6,0.0,0.330102,0.0,1.55,1074.2,-1.0,-99.0,
exp26_tcp_grid,ablationtube_only__ballspeed7__maxtcp1.8__noplot__servebox,"{""--ablation"": ""tube_only"", ""--ball-speed"": 7, ""--max-tcp"": 1.8, ""--no-plot"": null, ""--serve-box"": null}",44,False,miss,0.320458,1.919844,0.111924,30.0,65.0,1.6,0.99,1.7,0.0,0.320458,0.0,1.51,1037.9,-1.0,-99.0,
exp26_tcp_grid,ablationtube_only__ballspeed7__maxtcp1.8__noplot__servebox,"{""--ablation"": ""tube_only"", ""--ball-speed"": 7, ""--max-tcp"": 1.8, ""--no-plot"": null, ""--serve-box"": null}",43,True,active,0.11217,1.95481,0.094206,45.0,85.0,1.76,0.99,1.7,20.0,0.11217,1.69,1.53,1041.8,5.592,1.001,
exp26_tcp_grid,ablationtube_only__ballspeed7__maxtcp1.8__noplot__servebox,"{""--ablation"": ""tube_only"", ""--ball-speed"": 7, ""--max-tcp"": 1.8, ""--no-plot"": null, ""--serve-box"": null}",42,False,miss,0.350137,1.89581,0.106344,0.0,0.0,1.77,0.99,2.0,0.0,0.350137,0.0,1.63,1084.6,-1.0,-99.0,
exp26_tcp_grid,ablationtube_only__ballspeed7__maxtcp1.8__noplot__servebox,"{""--ablation"": ""tube_only"", ""--ball-speed"": 7, ""--max-tcp"": 1.8, ""--no-plot"": null, ""--serve-box"": null}",45,True,active,0.123295,1.958504,0.113588,40.0,105.0,1.25,1.0,1.4,15.0,0.123295,1.005,1.86,1457.9,5.944,-1.715,
exp26_tcp_grid,ablationtube_only__ballspeed7__maxtcp1.8__noplot__servebox,"{""--ablation"": ""tube_only"", ""--ball-speed"": 7, ""--max-tcp"": 1.8, ""--no-plot"": null, ""--serve-box"": null}",36,True,active,0.087664,1.978766,0.060463,45.0,105.0,1.74,0.96,1.6,20.0,0.087664,1.736,2.63,1951.7,5.803,0.454,
exp26_tcp_grid,ablationtube_only__ballspeed7__maxtcp1.8__noplot__servebox,"{""--ablation"": ""tube_only"", ""--ball-speed"": 7, ""--max-tcp"": 1.8, ""--no-plot"": null, ""--serve-box"": null}",34,True,active,0.108,1.978358,0.098494,45.0,105.0,1.43,0.99,1.7,20.0,0.108,1.344,2.84,2047.0,5.818,-1.015,
exp26_tcp_grid,ablationtube_only__ballspeed7__maxtcp1.8__noplot__servebox,"{""--ablation"": ""tube_only"", ""--ball-speed"": 7, ""--max-tcp"": 1.8, ""--no-plot"": null, ""--serve-box"": null}",48,True,active,0.106074,1.954061,0.103637,45.0,105.0,1.17,1.0,1.4,0.0,0.106074,0.628,1.47,1071.3,6.367,-6.183,
exp26_tcp_grid,ablationtube_only__ballspeed7__maxtcp1.8__noplot__servebox,"{""--ablation"": ""tube_only"", ""--ball-speed"": 7, ""--max-tcp"": 1.8, ""--no-plot"": null, ""--serve-box"": null}",50,True,active,0.096422,1.93986,0.070797,45.0,85.0,1.78,0.99,1.6,25.0,0.096422,1.76,1.64,1236.1,5.918,-0.308,
exp26_tcp_grid,ablationtube_only__ballspeed7__maxtcp1.8__noplot__servebox,"{""--ablation"": ""tube_only"", ""--ball-speed"": 7, ""--max-tcp"": 1.8, ""--no-plot"": null, ""--serve-box"": null}",51,False,miss,0.341879,1.901371,0.189152,0.0,0.0,1.07,0.99,1.5,0.0,0.341879,0.0,1.41,1035.9,-1.0,-99.0,
exp26_tcp_grid,ablationtube_only__ballspeed7__maxtcp1.8__noplot__servebox,"{""--ablation"": ""tube_only"", ""--ball-speed"": 7, ""--max-tcp"": 1.8, ""--no-plot"": null, ""--serve-box"": null}",49,True,active,0.096812,1.960312,0.09643,40.0,105.0,1.7,1.0,1.6,15.0,0.096812,1.632,1.75,1012.5,5.687,-0.887,
exp26_tcp_grid,ablationtube_only__ballspeed7__maxtcp1.8__noplot__servebox,"{""--ablation"": ""tube_only"", ""--ball-speed"": 7, ""--max-tcp"": 1.8, ""--no-plot"": null, ""--serve-box"": null}",47,True,active,0.045946,1.951598,0.045946,45.0,105.0,1.12,1.0,1.5,5.0,0.045946,0.65,2.47,1734.6,6.041,-5.413,
exp26_tcp_grid,ablationtube_only__ballspeed7__maxtcp1.8__noplot__servebox,"{""--ablation"": ""tube_only"", ""--ball-speed"": 7, ""--max-tcp"": 1.8, ""--no-plot"": null, ""--serve-box"": null}",39,True,active,0.094176,1.94197,0.071417,0.0,0.0,1.54,1.0,1.6,20.0,0.094176,1.538,3.02,2269.3,6.567,4.583,
exp26_tcp_grid,ablationtube_only__ballspeed7__maxtcp1.8__noplot__servebox,"{""--ablation"": ""tube_only"", ""--ball-speed"": 7, ""--max-tcp"": 1.8, ""--no-plot"": null, ""--serve-box"": null}",52,True,active,0.072819,1.956645,0.072819,40.0,105.0,1.73,0.98,1.4,15.0,0.072819,1.291,1.56,1121.2,6.619,-2.833,
exp26_tcp_grid,ablationtube_only__ballspeed7__maxtcp1.8__noplot__servebox,"{""--ablation"": ""tube_only"", ""--ball-speed"": 7, ""--max-tcp"": 1.8, ""--no-plot"": null, ""--serve-box"": null}",41,False,miss,0.311509,1.98185,0.149989,25.0,40.0,1.28,1.0,1.3,0.0,0.311509,0.0,3.02,2263.2,-1.0,-99.0,
exp26_tcp_grid,ablationtube_only__ballspeed7__maxtcp1.8__noplot__servebox,"{""--ablation"": ""tube_only"", ""--ball-speed"": 7, ""--max-tcp"": 1.8, ""--no-plot"": null, ""--serve-box"": null}",53,True,active,0.103844,1.888303,0.039313,0.0,0.0,1.79,0.98,1.6,30.0,0.103844,1.642,1.55,1046.3,5.847,1.945,
exp26_tcp_grid,ablationtube_only__ballspeed7__maxtcp1.8__noplot__servebox,"{""--ablation"": ""tube_only"", ""--ball-speed"": 7, ""--max-tcp"": 1.8, ""--no-plot"": null, ""--serve-box"": null}",54,True,active,0.077488,1.924887,0.048327,0.0,0.0,1.8,0.97,1.7,20.0,0.077488,1.765,1.48,1031.1,6.242,3.836,
exp26_tcp_grid,ablationtube_only__ballspeed7__maxtcp1.8__noplot__servebox,"{""--ablation"": ""tube_only"", ""--ball-speed"": 7, ""--max-tcp"": 1.8, ""--no-plot"": null, ""--serve-box"": null}",46,True,active,0.106371,1.985891,0.094681,45.0,105.0,1.67,1.0,1.6,15.0,0.106371,1.668,3.05,2295.4,5.624,-1.053,
exp26_tcp_grid,ablationtube_only__ballspeed7__maxtcp1.8__noplot__servebox,"{""--ablation"": ""tube_only"", ""--ball-speed"": 7, ""--max-tcp"": 1.8, ""--no-plot"": null, ""--serve-box"": null}",56,True,active,0.131292,1.902365,0.131292,35.0,105.0,1.8,0.99,2.0,20.0,0.131292,1.769,1.67,1205.2,7.142,-3.288,
exp26_tcp_grid,ablationtube_only__ballspeed7__maxtcp1.8__noplot__servebox,"{""--ablation"": ""tube_only"", ""--ball-speed"": 7, ""--max-tcp"": 1.8, ""--no-plot"": null, ""--serve-box"": null}",58,True,active,0.088373,1.950938,0.04066,0.0,0.0,1.33,0.97,1.3,20.0,0.088373,1.328,1.52,1113.0,6.205,2.863,
exp26_tcp_grid,ablationtube_only__ballspeed7__maxtcp1.8__noplot__servebox,"{""--ablation"": ""tube_only"", ""--ball-speed"": 7, ""--max-tcp"": 1.8, ""--no-plot"": null, ""--serve-box"": null}",57,True,active,0.043091,2.008797,0.043091,40.0,105.0,1.79,1.0,1.7,10.0,0.043091,1.767,1.64,1160.7,8.019,-3.833,
exp26_tcp_grid,ablationtube_only__ballspeed7__maxtcp1.8__noplot__servebox,"{""--ablation"": ""tube_only"", ""--ball-speed"": 7, ""--max-tcp"": 1.8, ""--no-plot"": null, ""--serve-box"": null}",62,True,active,0.065423,1.970452,0.065423,50.0,105.0,1.24,1.0,1.2,5.0,0.065423,0.926,1.55,1137.6,6.812,-6.599,
exp26_tcp_grid,ablationtube_only__ballspeed7__maxtcp1.8__noplot__servebox,"{""--ablation"": ""tube_only"", ""--ball-speed"": 7, ""--max-tcp"": 1.8, ""--no-plot"": null, ""--serve-box"": null}",61,True,active,0.06949,1.916828,0.06949,45.0,105.0,1.73,0.95,1.6,15.0,0.06949,1.732,1.59,1159.7,5.048,-1.435,
exp26_tcp_grid,ablationtube_only__ballspeed7__maxtcp1.8__noplot__servebox,"{""--ablation"": ""tube_only"", ""--ball-speed"": 7, ""--max-tcp"": 1.8, ""--no-plot"": null, ""--serve-box"": null}",64,True,active,0.119069,1.946162,0.117102,45.0,105.0,1.17,1.0,1.1,10.0,0.119069,0.609,1.46,1027.3,6.203,-2.287,
exp26_tcp_grid,ablationtube_only__ballspeed7__maxtcp1.8__noplot__servebox,"{""--ablation"": ""tube_only"", ""--ball-speed"": 7, ""--max-tcp"": 1.8, ""--no-plot"": null, ""--serve-box"": null}",66,True,active,0.129839,1.955546,0.118246,45.0,105.0,1.72,1.0,1.9,15.0,0.129839,1.723,1.48,1023.5,5.321,0.233,
exp26_tcp_grid,ablationtube_only__ballspeed7__maxtcp1.8__noplot__servebox,"{""--ablation"": ""tube_only"", ""--ball-speed"": 7, ""--max-tcp"": 1.8, ""--no-plot"": null, ""--serve-box"": null}",55,False,miss,0.306085,1.925589,0.13917,30.0,95.0,1.4,0.99,1.8,0.0,0.306085,0.0,2.92,2230.4,-1.0,-99.0,
exp26_tcp_grid,ablationtube_only__ballspeed7__maxtcp1.8__noplot__servebox,"{""--ablation"": ""tube_only"", ""--ball-speed"": 7, ""--max-tcp"": 1.8, ""--no-plot"": null, ""--serve-box"": null}",68,True,active,0.107947,1.943465,0.092887,0.0,0.0,1.8,0.98,1.8,20.0,0.107947,1.799,1.6,1132.0,6.081,2.651,
exp26_tcp_grid,ablationtube_only__ballspeed7__maxtcp1.8__noplot__servebox,"{""--ablation"": ""tube_only"", ""--ball-speed"": 7, ""--max-tcp"": 1.8, ""--no-plot"": null, ""--serve-box"": null}",69,True,active,0.134572,1.929575,0.114006,50.0,100.0,1.24,0.99,1.6,15.0,0.134572,1.136,1.96,1437.6,5.996,-1.855,
exp26_tcp_grid,ablationtube_only__ballspeed7__maxtcp1.8__noplot__servebox,"{""--ablation"": ""tube_only"", ""--ball-speed"": 7, ""--max-tcp"": 1.8, ""--no-plot"": null, ""--serve-box"": null}",72,False,miss,0.269173,1.945991,0.159889,25.0,0.0,0.94,0.99,0.9,0.0,0.269173,0.0,1.54,1022.9,-1.0,-99.0,
exp26_tcp_grid,ablationtube_only__ballspeed7__maxtcp1.8__noplot__servebox,"{""--ablation"": ""tube_only"", ""--ball-speed"": 7, ""--max-tcp"": 1.8, ""--no-plot"": null, ""--serve-box"": null}",73,False,miss,0.356162,1.935927,0.134711,30.0,80.0,1.77,1.0,1.6,0.0,0.356162,0.0,1.46,1012.7,-1.0,-99.0,
exp26_tcp_grid,ablationtube_only__ballspeed7__maxtcp1.8__noplot__servebox,"{""--ablation"": ""tube_only"", ""--ball-speed"": 7, ""--max-tcp"": 1.8, ""--no-plot"": null, ""--serve-box"": null}",70,True,active,0.104113,1.969205,0.092235,45.0,105.0,1.78,0.99,2.0,15.0,0.104113,1.659,1.84,1125.9,6.201,-2.695,
exp26_tcp_grid,ablationtube_only__ballspeed7__maxtcp1.8__noplot__servebox,"{""--ablation"": ""tube_only"", ""--ball-speed"": 7, ""--max-tcp"": 1.8, ""--no-plot"": null, ""--serve-box"": null}",59,True,active,0.07576,1.97742,0.038193,0.0,0.0,1.79,1.0,1.4,20.0,0.07576,1.746,3.12,2302.0,6.254,1.807,
exp26_tcp_grid,ablationtube_only__ballspeed7__maxtcp1.8__noplot__servebox,"{""--ablation"": ""tube_only"", ""--ball-speed"": 7, ""--max-tcp"": 1.8, ""--no-plot"": null, ""--serve-box"": null}",60,False,miss,0.372597,1.94697,0.149346,0.0,0.0,1.8,1.0,2.3,0.0,0.372597,0.0,3.14,2202.7,-1.0,-99.0,
exp26_tcp_grid,ablationtube_only__ballspeed7__maxtcp1.8__noplot__servebox,"{""--ablation"": ""tube_only"", ""--ball-speed"": 7, ""--max-tcp"": 1.8, ""--no-plot"": null, ""--serve-box"": null}",63,True,active,0.089103,1.981162,0.051136,0.0,0.0,1.74,0.99,1.4,20.0,0.089103,1.562,2.85,2047.3,6.248,1.329,
exp26_tcp_grid,ablationtube_only__ballspeed7__maxtcp1.8__noplot__servebox,"{""--ablation"": ""tube_only"", ""--ball-speed"": 7, ""--max-tcp"": 1.8, ""--no-plot"": null, ""--serve-box"": null}",74,True,active,0.14427,1.936395,0.140837,40.0,75.0,1.43,1.0,1.6,10.0,0.14427,1.247,1.43,1038.2,5.88,-0.31,
exp26_tcp_grid,ablationtube_only__ballspeed7__maxtcp1.8__noplot__servebox,"{""--ablation"": ""tube_only"", ""--ball-speed"": 7, ""--max-tcp"": 1.8, ""--no-plot"": null, ""--serve-box"": null}",75,False,miss,0.368052,1.917904,0.147089,10.0,10.0,1.62,0.99,1.6,0.0,0.368052,0.0,1.42,1013.9,-1.0,-99.0,
exp26_tcp_grid,ablationtube_only__ballspeed7__maxtcp1.8__noplot__servebox,"{""--ablation"": ""tube_only"", ""--ball-speed"": 7, ""--max-tcp"": 1.8, ""--no-plot"": null, ""--serve-box"": null}",76,True,active,0.068717,1.932032,0.048644,0.0,0.0,1.65,1.0,1.5,30.0,0.068717,1.285,1.51,1059.6,5.937,0.409,
exp26_tcp_grid,ablationtube_only__ballspeed7__maxtcp1.8__noplot__servebox,"{""--ablation"": ""tube_only"", ""--ball-speed"": 7, ""--max-tcp"": 1.8, ""--no-plot"": null, ""--serve-box"": null}",71,True,active,0.110609,1.924196,0.083425,0.0,0.0,1.72,1.0,2.0,20.0,0.110609,1.713,2.58,1933.2,5.86,2.661,
exp26_tcp_grid,ablationtube_only__ballspeed7__maxtcp1.8__noplot__servebox,"{""--ablation"": ""tube_only"", ""--ball-speed"": 7, ""--max-tcp"": 1.8, ""--no-plot"": null, ""--serve-box"": null}",67,True,active,0.107147,1.93191,0.099263,0.0,0.0,1.79,0.95,1.9,15.0,0.107147,1.783,3.05,2279.4,6.307,2.58,
exp26_tcp_grid,ablationtube_only__ballspeed7__maxtcp1.8__noplot__servebox,"{""--ablation"": ""tube_only"", ""--ball-speed"": 7, ""--max-tcp"": 1.8, ""--no-plot"": null, ""--serve-box"": null}",65,True,active,0.128622,1.961664,0.118505,40.0,105.0,1.79,1.0,1.8,10.0,0.128622,0.74,3.14,2277.8,6.566,-2.361,
exp26_tcp_grid,ablationtube_only__ballspeed7__maxtcp1.8__noplot__servebox,"{""--ablation"": ""tube_only"", ""--ball-speed"": 7, ""--max-tcp"": 1.8, ""--no-plot"": null, ""--serve-box"": null}",79,True,active,0.099822,1.919715,0.06067,0.0,0.0,1.78,0.97,1.7,20.0,0.099822,1.777,1.55,1105.7,5.922,2.6,
exp26_tcp_grid,ablationtube_only__ballspeed7__maxtcp1.8__noplot__servebox,"{""--ablation"": ""tube_only"", ""--ball-speed"": 7, ""--max-tcp"": 1.8, ""--no-plot"": null, ""--serve-box"": null}",82,True,active,0.090366,1.942329,0.087056,45.0,105.0,1.69,0.99,1.4,15.0,0.090366,1.61,1.46,1051.0,6.108,-2.127,
exp26_tcp_grid,ablationtube_only__ballspeed7__maxtcp1.8__noplot__servebox,"{""--ablation"": ""tube_only"", ""--ball-speed"": 7, ""--max-tcp"": 1.8, ""--no-plot"": null, ""--serve-box"": null}",81,True,active,0.107734,1.966136,0.103984,40.0,105.0,1.8,1.0,1.7,10.0,0.107734,1.532,1.52,1071.0,6.959,-3.928,
exp26_tcp_grid,ablationtube_only__ballspeed7__maxtcp1.8__noplot__servebox,"{""--ablation"": ""tube_only"", ""--ball-speed"": 7, ""--max-tcp"": 1.8, ""--no-plot"": null, ""--serve-box"": null}",77,True,active,0.098873,1.924291,0.034487,0.0,0.0,1.52,0.99,1.7,25.0,0.098873,1.451,2.23,1517.6,5.997,1.563,
exp26_tcp_grid,ablationtube_only__ballspeed7__maxtcp1.8__noplot__servebox,"{""--ablation"": ""tube_only"", ""--ball-speed"": 7, ""--max-tcp"": 1.8, ""--no-plot"": null, ""--serve-box"": null}",80,False,miss,0.334037,1.945444,0.148215,25.0,30.0,1.76,1.0,2.7,0.0,0.334037,0.0,1.72,997.9,-1.0,-99.0,
exp26_tcp_grid,ablationtube_only__ballspeed7__maxtcp1.8__noplot__servebox,"{""--ablation"": ""tube_only"", ""--ball-speed"": 7, ""--max-tcp"": 1.8, ""--no-plot"": null, ""--serve-box"": null}",83,True,active,0.1381,1.929743,0.129191,45.0,105.0,1.12,0.98,1.3,10.0,0.1381,0.922,1.72,1276.0,5.76,-3.01,
exp26_tcp_grid,ablationtube_only__ballspeed7__maxtcp1.8__noplot__servebox,"{""--ablation"": ""tube_only"", ""--ball-speed"": 7, ""--max-tcp"": 1.8, ""--no-plot"": null, ""--serve-box"": null}",78,True,active,0.051046,1.940333,0.051046,45.0,105.0,1.79,0.98,2.0,20.0,0.051046,1.764,2.38,1575.7,6.009,-1.217,
exp26_tcp_grid,ablationtube_only__ballspeed7__maxtcp1.8__noplot__servebox,"{""--ablation"": ""tube_only"", ""--ball-speed"": 7, ""--max-tcp"": 1.8, ""--no-plot"": null, ""--serve-box"": null}",85,True,active,0.094651,1.950217,0.077233,0.0,0.0,1.8,0.99,1.8,25.0,0.094651,1.8,1.56,1087.8,5.963,2.741,
exp26_tcp_grid,ablationtube_only__ballspeed7__maxtcp1.8__noplot__servebox,"{""--ablation"": ""tube_only"", ""--ball-speed"": 7, ""--max-tcp"": 1.8, ""--no-plot"": null, ""--serve-box"": null}",90,True,active,0.099776,1.9912,0.091715,45.0,105.0,1.56,1.0,1.6,10.0,0.099776,1.508,1.48,1037.8,5.921,-2.439,
exp26_tcp_grid,ablationtube_only__ballspeed7__maxtcp1.8__noplot__servebox,"{""--ablation"": ""tube_only"", ""--ball-speed"": 7, ""--max-tcp"": 1.8, ""--no-plot"": null, ""--serve-box"": null}",91,True,active,0.049057,1.986847,0.043338,45.0,105.0,1.8,1.0,1.7,5.0,0.049057,1.375,1.52,1111.2,7.427,-4.69,
exp26_tcp_grid,ablationtube_only__ballspeed7__maxtcp1.8__noplot__servebox,"{""--ablation"": ""tube_only"", ""--ball-speed"": 7, ""--max-tcp"": 1.8, ""--no-plot"": null, ""--serve-box"": null}",93,True,active,0.119238,1.951563,0.100377,50.0,105.0,1.75,0.99,2.3,10.0,0.119238,1.634,1.41,1012.8,6.663,-3.588,
exp26_tcp_grid,ablationtube_only__ballspeed7__maxtcp1.8__noplot__servebox,"{""--ablation"": ""tube_only"", ""--ball-speed"": 7, ""--max-tcp"": 1.8, ""--no-plot"": null, ""--serve-box"": null}",88,True,active,0.072954,2.006112,0.072954,45.0,105.0,1.5,1.0,1.5,10.0,0.072954,1.505,1.99,1489.0,6.285,-4.093,
exp26_tcp_grid,ablationtube_only__ballspeed7__maxtcp1.8__noplot__servebox,"{""--ablation"": ""tube_only"", ""--ball-speed"": 7, ""--max-tcp"": 1.8, ""--no-plot"": null, ""--serve-box"": null}",84,True,active,0.107869,1.930127,0.055224,0.0,0.0,1.77,1.0,1.9,25.0,0.107869,1.767,2.48,1759.3,5.479,1.8,
exp26_tcp_grid,ablationtube_only__ballspeed7__maxtcp1.8__noplot__servebox,"{""--ablation"": ""tube_only"", ""--ball-speed"": 7, ""--max-tcp"": 1.8, ""--no-plot"": null, ""--serve-box"": null}",86,True,active,0.098748,1.949378,0.079095,0.0,5.0,1.3,1.0,1.6,20.0,0.098748,1.078,2.15,1646.5,5.887,0.871,
exp26_tcp_grid,ablationtube_only__ballspeed7__maxtcp1.8__noplot__servebox,"{""--ablation"": ""tube_only"", ""--ball-speed"": 7, ""--max-tcp"": 1.8, ""--no-plot"": null, ""--serve-box"": null}",89,True,active,0.105389,1.933793,0.090172,0.0,0.0,1.61,0.99,1.9,15.0,0.105389,1.539,2.19,1483.7,5.499,2.443,
exp26_tcp_grid,ablationtube_only__ballspeed7__maxtcp1.8__noplot__servebox,"{""--ablation"": ""tube_only"", ""--ball-speed"": 7, ""--max-tcp"": 1.8, ""--no-plot"": null, ""--serve-box"": null}",94,True,active,0.069925,1.935317,0.069925,45.0,105.0,1.44,0.99,1.3,10.0,0.069925,0.92,1.51,1010.5,6.559,-5.712,
exp26_tcp_grid,ablationtube_only__ballspeed7__maxtcp1.8__noplot__servebox,"{""--ablation"": ""tube_only"", ""--ball-speed"": 7, ""--max-tcp"": 1.8, ""--no-plot"": null, ""--serve-box"": null}",97,False,miss,0.347149,1.904658,0.126329,0.0,10.0,1.73,1.0,2.0,0.0,0.347149,0.0,1.52,1030.1,-1.0,-99.0,
exp26_tcp_grid,ablationtube_only__ballspeed7__maxtcp1.8__noplot__servebox,"{""--ablation"": ""tube_only"", ""--ball-speed"": 7, ""--max-tcp"": 1.8, ""--no-plot"": null, ""--serve-box"": null}",87,True,active,0.087501,1.944857,0.081286,45.0,105.0,1.76,0.98,1.7,20.0,0.087501,1.735,2.97,2221.2,5.712,-1.668,
exp26_tcp_grid,ablationtube_only__ballspeed7__maxtcp1.8__noplot__servebox,"{""--ablation"": ""tube_only"", ""--ball-speed"": 7, ""--max-tcp"": 1.8, ""--no-plot"": null, ""--serve-box"": null}",100,True,active,0.121774,1.969337,0.106085,50.0,105.0,1.76,0.99,1.8,15.0,0.121774,1.733,1.67,1197.9,6.48,-3.542,
exp26_tcp_grid,ablationtube_only__ballspeed7__maxtcp1.8__noplot__servebox,"{""--ablation"": ""tube_only"", ""--ball-speed"": 7, ""--max-tcp"": 1.8, ""--no-plot"": null, ""--serve-box"": null}",92,True,active,0.122285,1.943471,0.112202,45.0,105.0,1.4,1.0,1.4,15.0,0.122285,1.251,2.63,1753.4,5.786,-0.84,
exp26_tcp_grid,ablationsoftmin_only__ballspeed7__maxtcp1.8__noplot__servebox,"{""--ablation"": ""softmin_only"", ""--ball-speed"": 7, ""--max-tcp"": 1.8, ""--no-plot"": null, ""--serve-box"": null}",2,True,active,0.102455,1.969225,0.098729,25.0,80.0,1.8,0.99,1.9,25.0,0.102455,1.762,1.39,996.7,5.779,0.525,
exp26_tcp_grid,ablationtube_only__ballspeed7__maxtcp1.8__noplot__servebox,"{""--ablation"": ""tube_only"", ""--ball-speed"": 7, ""--max-tcp"": 1.8, ""--no-plot"": null, ""--serve-box"": null}",98,True,active,0.090321,1.92209,0.028916,0.0,0.0,1.63,0.97,1.2,15.0,0.090321,1.629,2.16,1754.6,5.661,2.208,
exp26_tcp_grid,ablationsoftmin_only__ballspeed7__maxtcp1.8__noplot__servebox,"{""--ablation"": ""softmin_only"", ""--ball-speed"": 7, ""--max-tcp"": 1.8, ""--no-plot"": null, ""--serve-box"": null}",4,True,active,0.138831,1.95073,0.127069,45.0,105.0,1.4,1.0,1.4,20.0,0.138831,1.301,1.41,1006.8,5.954,-4.757,
exp26_tcp_grid,ablationsoftmin_only__ballspeed7__maxtcp1.8__noplot__servebox,"{""--ablation"": ""softmin_only"", ""--ball-speed"": 7, ""--max-tcp"": 1.8, ""--no-plot"": null, ""--serve-box"": null}",1,True,active,0.063346,1.986181,0.060255,95.0,105.0,1.77,1.0,1.6,10.0,0.063346,1.405,1.64,1166.8,6.032,-0.244,
exp26_tcp_grid,ablationsoftmin_only__ballspeed7__maxtcp1.8__noplot__servebox,"{""--ablation"": ""softmin_only"", ""--ball-speed"": 7, ""--max-tcp"": 1.8, ""--no-plot"": null, ""--serve-box"": null}",6,True,active,0.064023,1.918499,0.058988,60.0,105.0,1.5,0.99,1.8,20.0,0.064023,1.348,1.45,996.4,4.587,-1.0,
exp26_tcp_grid,ablationtube_only__ballspeed7__maxtcp1.8__noplot__servebox,"{""--ablation"": ""tube_only"", ""--ball-speed"": 7, ""--max-tcp"": 1.8, ""--no-plot"": null, ""--serve-box"": null}",99,True,active,0.089388,1.936993,0.089388,45.0,105.0,1.2,1.0,1.4,5.0,0.089388,0.337,2.4,1588.2,5.646,-5.175,
exp26_tcp_grid,ablationsoftmin_only__ballspeed7__maxtcp1.8__noplot__servebox,"{""--ablation"": ""softmin_only"", ""--ball-speed"": 7, ""--max-tcp"": 1.8, ""--no-plot"": null, ""--serve-box"": null}",7,True,active,0.097365,1.929177,0.094431,50.0,105.0,1.59,1.0,1.6,25.0,0.097365,0.895,1.55,1028.9,6.01,-4.627,
exp26_tcp_grid,ablationtube_only__ballspeed7__maxtcp1.8__noplot__servebox,"{""--ablation"": ""tube_only"", ""--ball-speed"": 7, ""--max-tcp"": 1.8, ""--no-plot"": null, ""--serve-box"": null}",95,True,active,0.074341,1.964744,0.059858,45.0,105.0,1.77,1.0,1.8,20.0,0.074341,1.496,2.96,2153.2,5.982,-1.733,
exp26_tcp_grid,ablationsoftmin_only__ballspeed7__maxtcp1.8__noplot__servebox,"{""--ablation"": ""softmin_only"", ""--ball-speed"": 7, ""--max-tcp"": 1.8, ""--no-plot"": null, ""--serve-box"": null}",5,True,active,0.128287,1.96475,0.128287,0.0,20.0,1.77,0.98,1.8,30.0,0.128287,1.646,1.98,1229.8,6.293,0.452,
exp26_tcp_grid,ablationsoftmin_only__ballspeed7__maxtcp1.8__noplot__servebox,"{""--ablation"": ""softmin_only"", ""--ball-speed"": 7, ""--max-tcp"": 1.8, ""--no-plot"": null, ""--serve-box"": null}",9,False,miss,0.33049,1.927911,0.172815,20.0,0.0,1.16,0.99,1.6,0.0,0.33049,0.0,1.42,1023.9,-1.0,-99.0,
exp26_tcp_grid,ablationtube_only__ballspeed7__maxtcp1.8__noplot__servebox,"{""--ablation"": ""tube_only"", ""--ball-speed"": 7, ""--max-tcp"": 1.8, ""--no-plot"": null, ""--serve-box"": null}",96,True,active,0.118854,1.914803,0.118019,45.0,105.0,1.0,1.0,1.5,0.0,0.118854,0.472,3.07,2269.7,4.926,-3.961,
exp26_tcp_grid,ablationsoftmin_only__ballspeed7__maxtcp1.8__noplot__servebox,"{""--ablation"": ""softmin_only"", ""--ball-speed"": 7, ""--max-tcp"": 1.8, ""--no-plot"": null, ""--serve-box"": null}",21,,,,,,,,,,,,,,0.19,,,,no_result
exp26_tcp_grid,ablationsoftmin_only__ballspeed7__maxtcp1.8__noplot__servebox,"{""--ablation"": ""softmin_only"", ""--ball-speed"": 7, ""--max-tcp"": 1.8, ""--no-plot"": null, ""--serve-box"": null}",20,,,,,,,,,,,,,,0.29,,,,no_result
exp26_tcp_grid,ablationsoftmin_only__ballspeed7__maxtcp1.8__noplot__servebox,"{""--ablation"": ""softmin_only"", ""--ball-speed"": 7, ""--max-tcp"": 1.8, ""--no-plot"": null, ""--serve-box"": null}",8,False,miss,0.358096,1.944892,0.172004,0.0,0.0,1.37,1.0,1.6,0.0,0.358096,0.0,1.98,1510.4,-1.0,-99.0,
exp26_tcp_grid,ablationsoftmin_only__ballspeed7__maxtcp1.8__noplot__servebox,"{""--ablation"": ""softmin_only"", ""--ball-speed"": 7, ""--max-tcp"": 1.8, ""--no-plot"": null, ""--serve-box"": null}",11,True,active,0.118388,1.995488,0.110457,0.0,0.0,1.81,1.0,1.9,30.0,0.118388,1.364,1.5,1053.5,6.401,0.573,
exp26_tcp_grid,ablationsoftmin_only__ballspeed7__maxtcp1.8__noplot__servebox,"{""--ablation"": ""softmin_only"", ""--ball-speed"": 7, ""--max-tcp"": 1.8, ""--no-plot"": null, ""--serve-box"": null}",3,True,active,0.109534,1.992778,0.095492,50.0,105.0,1.81,0.99,1.9,35.0,0.109534,1.465,2.57,1741.6,5.161,-1.721,
exp26_tcp_grid,ablationsoftmin_only__ballspeed7__maxtcp1.8__noplot__servebox,"{""--ablation"": ""softmin_only"", ""--ball-speed"": 7, ""--max-tcp"": 1.8, ""--no-plot"": null, ""--serve-box"": null}",27,,,,,,,,,,,,,,0.26,,,,no_result
exp26_tcp_grid,ablationsoftmin_only__ballspeed7__maxtcp1.8__noplot__servebox,"{""--ablation"": ""softmin_only"", ""--ball-speed"": 7, ""--max-tcp"": 1.8, ""--no-plot"": null, ""--serve-box"": null}",15,True,passive,0.081878,1.948162,0.081878,55.0,105.0,1.58,0.98,1.5,10.0,0.081878,0.17,1.44,1045.2,5.563,-2.813,
exp26_tcp_grid,ablationsoftmin_only__ballspeed7__maxtcp1.8__noplot__servebox,"{""--ablation"": ""softmin_only"", ""--ball-speed"": 7, ""--max-tcp"": 1.8, ""--no-plot"": null, ""--serve-box"": null}",14,True,active,0.047737,2.01087,0.047737,50.0,105.0,1.59,1.0,1.4,15.0,0.047737,1.47,1.52,1064.5,6.834,-6.503,
exp26_tcp_grid,ablationsoftmin_only__ballspeed7__maxtcp1.8__noplot__servebox,"{""--ablation"": ""softmin_only"", ""--ball-speed"": 7, ""--max-tcp"": 1.8, ""--no-plot"": null, ""--serve-box"": null}",17,True,active,0.12451,1.976693,0.106874,45.0,100.0,1.78,0.99,2.2,20.0,0.12451,1.705,1.43,1027.6,5.999,-0.622,
exp26_tcp_grid,ablationsoftmin_only__ballspeed7__maxtcp1.8__noplot__servebox,"{""--ablation"": ""softmin_only"", ""--ball-speed"": 7, ""--max-tcp"": 1.8, ""--no-plot"": null, ""--serve-box"": null}",16,True,active,0.101697,1.982195,0.073249,50.0,75.0,1.8,0.99,1.7,30.0,0.101697,1.362,1.78,1378.8,6.223,-1.304,
exp26_tcp_grid,ablationsoftmin_only__ballspeed7__maxtcp1.8__noplot__servebox,"{""--ablation"": ""softmin_only"", ""--ball-speed"": 7, ""--max-tcp"": 1.8, ""--no-plot"": null, ""--serve-box"": null}",12,True,active,0.089631,1.970224,0.089631,40.0,95.0,1.79,0.98,1.9,35.0,0.089631,1.444,2.41,1536.3,6.026,-1.817,
exp26_tcp_grid,ablationsoftmin_only__ballspeed7__maxtcp1.8__noplot__servebox,"{""--ablation"": ""softmin_only"", ""--ball-speed"": 7, ""--max-tcp"": 1.8, ""--no-plot"": null, ""--serve-box"": null}",23,True,active,0.069135,2.006176,0.069135,40.0,105.0,1.81,1.0,1.7,20.0,0.069135,1.768,1.51,1101.6,6.712,-3.934,
exp26_tcp_grid,ablationsoftmin_only__ballspeed7__maxtcp1.8__noplot__servebox,"{""--ablation"": ""softmin_only"", ""--ball-speed"": 7, ""--max-tcp"": 1.8, ""--no-plot"": null, ""--serve-box"": null}",13,True,active,0.122735,1.981994,0.113436,30.0,80.0,1.8,0.99,1.7,30.0,0.122735,1.726,2.41,1669.9,6.278,-1.696,
exp26_tcp_grid,ablationsoftmin_only__ballspeed7__maxtcp1.8__noplot__servebox,"{""--ablation"": ""softmin_only"", ""--ball-speed"": 7, ""--max-tcp"": 1.8, ""--no-plot"": null, ""--serve-box"": null}",25,True,active,0.128589,1.984531,0.116794,0.0,25.0,1.8,0.98,2.2,35.0,0.128589,1.769,1.47,1064.4,6.057,-0.127,
exp26_tcp_grid,ablationsoftmin_only__ballspeed7__maxtcp1.8__noplot__servebox,"{""--ablation"": ""softmin_only"", ""--ball-speed"": 7, ""--max-tcp"": 1.8, ""--no-plot"": null, ""--serve-box"": null}",19,True,active,0.085415,1.971,0.085415,45.0,85.0,1.72,1.0,1.7,25.0,0.085415,1.576,1.79,1306.3,5.419,-0.776,
exp26_tcp_grid,ablationsoftmin_only__ballspeed7__maxtcp1.8__noplot__servebox,"{""--ablation"": ""softmin_only"", ""--ball-speed"": 7, ""--max-tcp"": 1.8, ""--no-plot"": null, ""--serve-box"": null}",26,True,active,0.094749,1.947965,0.093507,40.0,105.0,1.79,0.99,1.7,40.0,0.094749,1.548,1.59,1105.7,6.609,-2.731,
exp26_tcp_grid,ablationsoftmin_only__ballspeed7__maxtcp1.8__noplot__servebox,"{""--ablation"": ""softmin_only"", ""--ball-speed"": 7, ""--max-tcp"": 1.8, ""--no-plot"": null, ""--serve-box"": null}",28,True,active,0.142751,1.929097,0.122951,50.0,75.0,1.49,0.99,1.6,20.0,0.142751,1.412,1.52,1087.3,6.176,-4.736,
exp26_tcp_grid,ablationsoftmin_only__ballspeed7__maxtcp1.8__noplot__servebox,"{""--ablation"": ""softmin_only"", ""--ball-speed"": 7, ""--max-tcp"": 1.8, ""--no-plot"": null, ""--serve-box"": null}",10,True,active,0.062229,1.981582,0.062229,50.0,105.0,1.5,0.99,1.6,15.0,0.062229,1.42,3.08,2273.1,5.466,-5.45,
exp26_tcp_grid,ablationsoftmin_only__ballspeed7__maxtcp1.8__noplot__servebox,"{""--ablation"": ""softmin_only"", ""--ball-speed"": 7, ""--max-tcp"": 1.8, ""--no-plot"": null, ""--serve-box"": null}",29,True,active,0.126414,1.959418,0.124708,0.0,15.0,1.78,0.98,2.1,30.0,0.126414,1.776,1.48,1027.3,5.975,0.113,
exp26_tcp_grid,ablationsoftmin_only__ballspeed7__maxtcp1.8__noplot__servebox,"{""--ablation"": ""softmin_only"", ""--ball-speed"": 7, ""--max-tcp"": 1.8, ""--no-plot"": null, ""--serve-box"": null}",30,True,active,0.11076,1.97446,0.11076,40.0,105.0,1.79,0.98,1.9,30.0,0.11076,1.757,1.44,1047.4,5.645,0.347,
exp26_tcp_grid,ablationsoftmin_only__ballspeed7__maxtcp1.8__noplot__servebox,"{""--ablation"": ""softmin_only"", ""--ball-speed"": 7, ""--max-tcp"": 1.8, ""--no-plot"": null, ""--serve-box"": null}",31,True,active,0.140321,1.978857,0.133426,40.0,50.0,1.79,1.0,1.8,20.0,0.140321,1.623,1.59,1121.0,6.728,-5.453,
exp26_tcp_grid,ablationsoftmin_only__ballspeed7__maxtcp1.8__noplot__servebox,"{""--ablation"": ""softmin_only"", ""--ball-speed"": 7, ""--max-tcp"": 1.8, ""--no-plot"": null, ""--serve-box"": null}",33,True,active,0.087156,1.951643,0.087156,45.0,105.0,1.74,0.99,1.9,25.0,0.087156,1.417,1.56,1161.7,5.264,-3.269,
exp26_tcp_grid,ablationsoftmin_only__ballspeed7__maxtcp1.8__noplot__servebox,"{""--ablation"": ""softmin_only"", ""--ball-speed"": 7, ""--max-tcp"": 1.8, ""--no-plot"": null, ""--serve-box"": null}",18,True,active,0.138147,1.955347,0.133206,45.0,105.0,1.76,1.0,1.5,15.0,0.138147,1.296,3.15,2269.7,6.712,-6.683,
exp26_tcp_grid,ablationsoftmin_only__ballspeed7__maxtcp1.8__noplot__servebox,"{""--ablation"": ""softmin_only"", ""--ball-speed"": 7, ""--max-tcp"": 1.8, ""--no-plot"": null, ""--serve-box"": null}",32,True,active,0.072118,1.97307,0.072118,45.0,105.0,1.49,1.0,1.3,10.0,0.072118,1.423,1.88,1464.3,7.126,-6.758,
exp26_tcp_grid,ablationsoftmin_only__ballspeed7__maxtcp1.8__noplot__servebox,"{""--ablation"": ""softmin_only"", ""--ball-speed"": 7, ""--max-tcp"": 1.8, ""--no-plot"": null, ""--serve-box"": null}",22,True,active,0.089584,1.922015,0.089584,0.0,0.0,1.68,1.0,2.2,10.0,0.089584,1.386,2.91,2041.0,6.27,3.417,
exp26_tcp_grid,ablationsoftmin_only__ballspeed7__maxtcp1.8__noplot__servebox,"{""--ablation"": ""softmin_only"", ""--ball-speed"": 7, ""--max-tcp"": 1.8, ""--no-plot"": null, ""--serve-box"": null}",34,True,active,0.0988,1.983532,0.096066,45.0,105.0,1.64,0.99,1.4,20.0,0.0988,1.55,1.72,1181.7,6.788,-5.043,
exp26_tcp_grid,ablationsoftmin_only__ballspeed7__maxtcp1.8__noplot__servebox,"{""--ablation"": ""softmin_only"", ""--ball-speed"": 7, ""--max-tcp"": 1.8, ""--no-plot"": null, ""--serve-box"": null}",24,True,active,0.1251,1.948396,0.116212,45.0,90.0,1.32,1.0,1.5,20.0,0.1251,1.104,2.96,2263.8,5.386,0.546,
exp26_tcp_grid,ablationsoftmin_only__ballspeed7__maxtcp1.8__noplot__servebox,"{""--ablation"": ""softmin_only"", ""--ball-speed"": 7, ""--max-tcp"": 1.8, ""--no-plot"": null, ""--serve-box"": null}",36,True,active,0.102516,1.965263,0.102516,40.0,105.0,1.79,0.98,1.7,25.0,0.102516,1.518,1.51,1022.7,5.982,-4.725,
exp26_tcp_grid,ablationsoftmin_only__ballspeed7__maxtcp1.8__noplot__servebox,"{""--ablation"": ""softmin_only"", ""--ball-speed"": 7, ""--max-tcp"": 1.8, ""--no-plot"": null, ""--serve-box"": null}",40,True,active,0.102301,1.979411,0.102301,40.0,105.0,1.46,1.0,1.8,20.0,0.102301,1.227,1.46,1010.0,5.074,-4.262,
exp26_tcp_grid,ablationsoftmin_only__ballspeed7__maxtcp1.8__noplot__servebox,"{""--ablation"": ""softmin_only"", ""--ball-speed"": 7, ""--max-tcp"": 1.8, ""--no-plot"": null, ""--serve-box"": null}",41,True,active,0.114068,2.022209,0.114068,40.0,105.0,1.79,0.99,1.9,20.0,0.114068,1.791,1.47,1022.5,6.984,-4.945,
exp26_tcp_grid,ablationsoftmin_only__ballspeed7__maxtcp1.8__noplot__servebox,"{""--ablation"": ""softmin_only"", ""--ball-speed"": 7, ""--max-tcp"": 1.8, ""--no-plot"": null, ""--serve-box"": null}",42,True,active,0.11844,1.967944,0.108579,45.0,105.0,1.77,1.0,1.9,25.0,0.11844,1.486,1.44,1019.2,5.937,-3.249,
exp26_tcp_grid,ablationsoftmin_only__ballspeed7__maxtcp1.8__noplot__servebox,"{""--ablation"": ""softmin_only"", ""--ball-speed"": 7, ""--max-tcp"": 1.8, ""--no-plot"": null, ""--serve-box"": null}",43,False,miss,0.369749,1.965999,0.154861,25.0,10.0,1.74,1.0,1.8,0.0,0.369749,0.0,1.47,1083.0,-1.0,-99.0,
exp26_tcp_grid,ablationsoftmin_only__ballspeed7__maxtcp1.8__noplot__servebox,"{""--ablation"": ""softmin_only"", ""--ball-speed"": 7, ""--max-tcp"": 1.8, ""--no-plot"": null, ""--serve-box"": null}",38,False,miss,0.402581,1.971057,0.15202,25.0,0.0,1.77,1.0,1.8,0.0,0.402581,0.0,2.13,1637.1,-1.0,-99.0,
exp26_tcp_grid,ablationsoftmin_only__ballspeed7__maxtcp1.8__noplot__servebox,"{""--ablation"": ""softmin_only"", ""--ball-speed"": 7, ""--max-tcp"": 1.8, ""--no-plot"": null, ""--serve-box"": null}",45,True,active,0.142672,1.977685,0.13769,35.0,50.0,1.78,1.0,1.9,30.0,0.142672,1.484,1.51,1094.5,6.014,-2.892,
exp26_tcp_grid,ablationsoftmin_only__ballspeed7__maxtcp1.8__noplot__servebox,"{""--ablation"": ""softmin_only"", ""--ball-speed"": 7, ""--max-tcp"": 1.8, ""--no-plot"": null, ""--serve-box"": null}",46,True,active,0.131916,1.792022,0.130604,30.0,45.0,1.8,1.0,1.9,25.0,0.131916,1.797,1.62,1143.3,6.003,-1.891,
exp26_tcp_grid,ablationsoftmin_only__ballspeed7__maxtcp1.8__noplot__servebox,"{""--ablation"": ""softmin_only"", ""--ball-speed"": 7, ""--max-tcp"": 1.8, ""--no-plot"": null, ""--serve-box"": null}",50,True,active,0.086083,1.951979,0.074541,45.0,105.0,1.81,0.99,1.7,30.0,0.086083,1.69,1.4,996.2,6.002,-2.714,
exp26_tcp_grid,ablationsoftmin_only__ballspeed7__maxtcp1.8__noplot__servebox,"{""--ablation"": ""softmin_only"", ""--ball-speed"": 7, ""--max-tcp"": 1.8, ""--no-plot"": null, ""--serve-box"": null}",35,False,miss,0.455649,1.999717,0.15656,0.0,0.0,1.8,1.0,2.0,0.0,0.455649,0.0,3.05,2280.3,-1.0,-99.0,
exp26_tcp_grid,ablationsoftmin_only__ballspeed7__maxtcp1.8__noplot__servebox,"{""--ablation"": ""softmin_only"", ""--ball-speed"": 7, ""--max-tcp"": 1.8, ""--no-plot"": null, ""--serve-box"": null}",37,False,miss,0.434154,1.929434,0.166931,20.0,0.0,1.78,0.99,1.7,0.0,0.434154,0.0,3.04,2256.4,-1.0,-99.0,
exp26_tcp_grid,ablationsoftmin_only__ballspeed7__maxtcp1.8__noplot__servebox,"{""--ablation"": ""softmin_only"", ""--ball-speed"": 7, ""--max-tcp"": 1.8, ""--no-plot"": null, ""--serve-box"": null}",49,True,active,0.110304,1.983777,0.110304,40.0,105.0,1.48,0.99,1.5,25.0,0.110304,0.945,1.6,1079.2,5.13,-1.534,
exp26_tcp_grid,ablationsoftmin_only__ballspeed7__maxtcp1.8__noplot__servebox,"{""--ablation"": ""softmin_only"", ""--ball-speed"": 7, ""--max-tcp"": 1.8, ""--no-plot"": null, ""--serve-box"": null}",39,False,miss,0.392008,1.952846,0.149923,0.0,0.0,1.78,1.0,2.1,0.0,0.392008,0.0,2.91,2220.3,-1.0,-99.0,
exp26_tcp_grid,ablationsoftmin_only__ballspeed7__maxtcp1.8__noplot__servebox,"{""--ablation"": ""softmin_only"", ""--ball-speed"": 7, ""--max-tcp"": 1.8, ""--no-plot"": null, ""--serve-box"": null}",52,True,active,0.050847,2.00875,0.050847,45.0,105.0,1.8,0.99,1.6,30.0,0.050847,0.935,1.42,1033.3,4.934,-3.56,
exp26_tcp_grid,ablationsoftmin_only__ballspeed7__maxtcp1.8__noplot__servebox,"{""--ablation"": ""softmin_only"", ""--ball-speed"": 7, ""--max-tcp"": 1.8, ""--no-plot"": null, ""--serve-box"": null}",54,True,active,0.121565,1.992813,0.103523,20.0,65.0,1.8,1.0,1.6,25.0,0.121565,1.557,1.52,1083.5,6.639,-1.567,
exp26_tcp_grid,ablationsoftmin_only__ballspeed7__maxtcp1.8__noplot__servebox,"{""--ablation"": ""softmin_only"", ""--ball-speed"": 7, ""--max-tcp"": 1.8, ""--no-plot"": null, ""--serve-box"": null}",56,False,miss,0.394598,1.941159,0.151599,25.0,35.0,1.8,1.0,2.3,0.0,0.394598,0.0,1.44,1002.1,-1.0,-99.0,
exp26_tcp_grid,ablationsoftmin_only__ballspeed7__maxtcp1.8__noplot__servebox,"{""--ablation"": ""softmin_only"", ""--ball-speed"": 7, ""--max-tcp"": 1.8, ""--no-plot"": null, ""--serve-box"": null}",53,True,active,0.060067,2.011539,0.058542,45.0,105.0,1.81,1.0,1.7,25.0,0.060067,1.628,1.76,1321.2,6.107,-2.281,
exp26_tcp_grid,ablationsoftmin_only__ballspeed7__maxtcp1.8__noplot__servebox,"{""--ablation"": ""softmin_only"", ""--ball-speed"": 7, ""--max-tcp"": 1.8, ""--no-plot"": null, ""--serve-box"": null}",44,False,miss,0.432476,1.949838,0.148094,25.0,0.0,1.81,0.99,1.7,0.0,0.432476,0.0,2.9,2179.6,-1.0,-99.0,
exp26_tcp_grid,ablationsoftmin_only__ballspeed7__maxtcp1.8__noplot__servebox,"{""--ablation"": ""softmin_only"", ""--ball-speed"": 7, ""--max-tcp"": 1.8, ""--no-plot"": null, ""--serve-box"": null}",55,True,active,0.082471,1.982658,0.075297,50.0,105.0,1.79,0.99,1.6,25.0,0.082471,1.733,2.0,1306.8,5.975,-4.23,
exp26_tcp_grid,ablationsoftmin_only__ballspeed7__maxtcp1.8__noplot__servebox,"{""--ablation"": ""softmin_only"", ""--ball-speed"": 7, ""--max-tcp"": 1.8, ""--no-plot"": null, ""--serve-box"": null}",58,True,active,0.044894,2.026119,0.044894,45.0,95.0,1.8,1.0,1.7,25.0,0.044894,1.656,1.48,1045.3,6.268,-3.551,
exp26_tcp_grid,ablationsoftmin_only__ballspeed7__maxtcp1.8__noplot__servebox,"{""--ablation"": ""softmin_only"", ""--ball-speed"": 7, ""--max-tcp"": 1.8, ""--no-plot"": null, ""--serve-box"": null}",47,True,active,0.024241,2.029367,0.024241,45.0,105.0,1.8,1.0,1.7,20.0,0.024241,1.309,3.08,2300.2,6.837,-5.28,
exp26_tcp_grid,ablationsoftmin_only__ballspeed7__maxtcp1.8__noplot__servebox,"{""--ablation"": ""softmin_only"", ""--ball-speed"": 7, ""--max-tcp"": 1.8, ""--no-plot"": null, ""--serve-box"": null}",48,True,active,0.131215,1.993288,0.121948,45.0,90.0,1.64,1.0,1.6,20.0,0.131215,1.282,3.09,2276.4,6.972,-6.59,
exp26_tcp_grid,ablationsoftmin_only__ballspeed7__maxtcp1.8__noplot__servebox,"{""--ablation"": ""softmin_only"", ""--ball-speed"": 7, ""--max-tcp"": 1.8, ""--no-plot"": null, ""--serve-box"": null}",57,True,active,0.127769,1.936733,0.127769,35.0,100.0,1.42,0.99,1.6,10.0,0.127769,1.347,1.81,1074.7,6.628,-5.991,
exp26_tcp_grid,ablationsoftmin_only__ballspeed7__maxtcp1.8__noplot__servebox,"{""--ablation"": ""softmin_only"", ""--ball-speed"": 7, ""--max-tcp"": 1.8, ""--no-plot"": null, ""--serve-box"": null}",51,False,miss,0.413503,1.907956,0.188291,0.0,0.0,1.69,1.0,1.7,0.0,0.413503,0.0,2.91,2219.8,-1.0,-99.0,
exp26_tcp_grid,ablationsoftmin_only__ballspeed7__maxtcp1.8__noplot__servebox,"{""--ablation"": ""softmin_only"", ""--ball-speed"": 7, ""--max-tcp"": 1.8, ""--no-plot"": null, ""--serve-box"": null}",59,True,active,0.101973,1.99432,0.086446,0.0,0.0,1.8,1.0,1.7,30.0,0.101973,1.754,1.55,1036.1,6.142,2.917,
exp26_tcp_grid,ablationsoftmin_only__ballspeed7__maxtcp1.8__noplot__servebox,"{""--ablation"": ""softmin_only"", ""--ball-speed"": 7, ""--max-tcp"": 1.8, ""--no-plot"": null, ""--serve-box"": null}",62,True,active,0.090679,2.013097,0.090679,50.0,105.0,1.8,1.0,1.7,15.0,0.090679,1.316,1.57,1085.8,7.075,-6.528,
exp26_tcp_grid,ablationsoftmin_only__ballspeed7__maxtcp1.8__noplot__servebox,"{""--ablation"": ""softmin_only"", ""--ball-speed"": 7, ""--max-tcp"": 1.8, ""--no-plot"": null, ""--serve-box"": null}",60,True,active,0.067338,2.000329,0.067338,50.0,105.0,1.81,1.0,1.6,25.0,0.067338,1.705,1.83,1026.1,6.975,-6.006,
exp26_tcp_grid,ablationsoftmin_only__ballspeed7__maxtcp1.8__noplot__servebox,"{""--ablation"": ""softmin_only"", ""--ball-speed"": 7, ""--max-tcp"": 1.8, ""--no-plot"": null, ""--serve-box"": null}",64,True,active,0.077794,2.005048,0.077794,45.0,105.0,1.75,1.0,1.6,25.0,0.077794,1.54,1.62,1087.6,7.029,-6.861,
exp26_tcp_grid,ablationsoftmin_only__ballspeed7__maxtcp1.8__noplot__servebox,"{""--ablation"": ""softmin_only"", ""--ball-speed"": 7, ""--max-tcp"": 1.8, ""--no-plot"": null, ""--serve-box"": null}",65,True,active,0.149961,1.976402,0.1423,35.0,85.0,1.38,0.99,2.0,5.0,0.149961,0.7,1.6,1136.6,6.552,-2.436,
exp26_tcp_grid,ablationsoftmin_only__ballspeed7__maxtcp1.8__noplot__servebox,"{""--ablation"": ""softmin_only"", ""--ball-speed"": 7, ""--max-tcp"": 1.8, ""--no-plot"": null, ""--serve-box"": null}",67,True,active,0.120457,1.942687,0.104444,5.0,45.0,1.79,0.99,1.5,25.0,0.120457,1.72,1.56,1107.8,6.401,-0.316,
exp26_tcp_grid,ablationsoftmin_only__ballspeed7__maxtcp1.8__noplot__servebox,"{""--ablation"": ""softmin_only"", ""--ball-speed"": 7, ""--max-tcp"": 1.8, ""--no-plot"": null, ""--serve-box"": null}",69,True,active,0.130543,2.010006,0.127221,40.0,105.0,1.79,1.0,2.0,30.0,0.130543,1.635,1.54,1045.9,5.982,-3.17,
exp26_tcp_grid,ablationsoftmin_only__ballspeed7__maxtcp1.8__noplot__servebox,"{""--ablation"": ""softmin_only"", ""--ball-speed"": 7, ""--max-tcp"": 1.8, ""--no-plot"": null, ""--serve-box"": null}",68,True,active,0.124524,1.963827,0.115772,35.0,105.0,1.8,0.99,1.6,25.0,0.124524,1.789,2.02,1639.8,6.323,-3.223,
exp26_tcp_grid,ablationsoftmin_only__ballspeed7__maxtcp1.8__noplot__servebox,"{""--ablation"": ""softmin_only"", ""--ball-speed"": 7, ""--max-tcp"": 1.8, ""--no-plot"": null, ""--serve-box"": null}",71,True,active,0.111796,1.982984,0.104628,45.0,105.0,1.79,0.99,1.6,25.0,0.111796,1.697,1.51,1105.4,5.914,-2.771,
exp26_tcp_grid,ablationsoftmin_only__ballspeed7__maxtcp1.8__noplot__servebox,"{""--ablation"": ""softmin_only"", ""--ball-speed"": 7, ""--max-tcp"": 1.8, ""--no-plot"": null, ""--serve-box"": null}",73,False,miss,0.422507,1.976792,0.144316,30.0,0.0,1.79,1.0,1.9,0.0,0.422507,0.0,1.5,1031.4,-1.0,-99.0,
exp26_tcp_grid,ablationsoftmin_only__ballspeed7__maxtcp1.8__noplot__servebox,"{""--ablation"": ""softmin_only"", ""--ball-speed"": 7, ""--max-tcp"": 1.8, ""--no-plot"": null, ""--serve-box"": null}",74,True,active,0.140957,1.980218,0.140957,35.0,60.0,1.8,0.99,1.9,25.0,0.140957,1.694,1.5,1018.1,5.828,-3.843,
exp26_tcp_grid,ablationsoftmin_only__ballspeed7__maxtcp1.8__noplot__servebox,"{""--ablation"": ""softmin_only"", ""--ball-speed"": 7, ""--max-tcp"": 1.8, ""--no-plot"": null, ""--serve-box"": null}",75,False,miss,0.42824,1.932508,0.158913,25.0,0.0,1.79,0.99,1.9,0.0,0.42824,0.0,1.61,1101.9,-1.0,-99.0,
exp26_tcp_grid,ablationsoftmin_only__ballspeed7__maxtcp1.8__noplot__servebox,"{""--ablation"": ""softmin_only"", ""--ball-speed"": 7, ""--max-tcp"": 1.8, ""--no-plot"": null, ""--serve-box"": null}",61,True,active,0.115388,1.943572,0.112106,45.0,105.0,1.79,0.98,1.6,25.0,0.115388,1.789,3.06,2324.6,7.03,-6.005,
exp26_tcp_grid,ablationsoftmin_only__ballspeed7__maxtcp1.8__noplot__servebox,"{""--ablation"": ""softmin_only"", ""--ball-speed"": 7, ""--max-tcp"": 1.8, ""--no-plot"": null, ""--serve-box"": null}",66,True,active,0.149828,1.948246,0.142597,45.0,65.0,1.2,1.0,1.6,10.0,0.149828,0.926,2.66,1903.0,5.919,-5.838,
exp26_tcp_grid,ablationsoftmin_only__ballspeed7__maxtcp1.8__noplot__servebox,"{""--ablation"": ""softmin_only"", ""--ball-speed"": 7, ""--max-tcp"": 1.8, ""--no-plot"": null, ""--serve-box"": null}",63,True,active,0.089659,1.969974,0.076861,5.0,50.0,1.8,0.99,1.5,25.0,0.089659,1.703,3.02,2278.9,6.227,0.315,
exp26_tcp_grid,ablationsoftmin_only__ballspeed7__maxtcp1.8__noplot__servebox,"{""--ablation"": ""softmin_only"", ""--ball-speed"": 7, ""--max-tcp"": 1.8, ""--no-plot"": null, ""--serve-box"": null}",72,True,passive,0.086512,1.965257,0.078998,50.0,105.0,1.1,1.0,1.6,10.0,0.086512,0.223,1.92,1387.8,5.889,-5.182,
exp26_tcp_grid,ablationsoftmin_only__ballspeed7__maxtcp1.8__noplot__servebox,"{""--ablation"": ""softmin_only"", ""--ball-speed"": 7, ""--max-tcp"": 1.8, ""--no-plot"": null, ""--serve-box"": null}",76,True,active,0.078717,2.007219,0.078717,40.0,100.0,1.81,1.0,1.7,30.0,0.078717,1.809,1.77,1258.2,6.434,-3.086,
exp26_tcp_grid,ablationsoftmin_only__ballspeed7__maxtcp1.8__noplot__servebox,"{""--ablation"": ""softmin_only"", ""--ball-speed"": 7, ""--max-tcp"": 1.8, ""--no-plot"": null, ""--serve-box"": null}",79,True,active,0.125369,1.949618,0.107641,45.0,90.0,1.79,1.0,1.8,25.0,0.125369,1.492,1.48,1011.2,5.885,-1.916,
exp26_tcp_grid,ablationsoftmin_only__ballspeed7__maxtcp1.8__noplot__servebox,"{""--ablation"": ""softmin_only"", ""--ball-speed"": 7, ""--max-tcp"": 1.8, ""--no-plot"": null, ""--serve-box"": null}",70,True,active,0.126806,1.96133,0.126806,40.0,105.0,1.79,0.99,1.7,20.0,0.126806,1.571,2.83,2099.7,6.423,-5.096,
exp26_tcp_grid,ablationsoftmin_only__ballspeed7__maxtcp1.8__noplot__servebox,"{""--ablation"": ""softmin_only"", ""--ball-speed"": 7, ""--max-tcp"": 1.8, ""--no-plot"": null, ""--serve-box"": null}",81,True,active,0.082429,2.000663,0.082408,40.0,105.0,1.8,1.0,1.7,20.0,0.082429,1.721,1.58,1051.9,6.827,-2.894,
exp26_tcp_grid,ablationsoftmin_only__ballspeed7__maxtcp1.8__noplot__servebox,"{""--ablation"": ""softmin_only"", ""--ball-speed"": 7, ""--max-tcp"": 1.8, ""--no-plot"": null, ""--serve-box"": null}",82,True,active,0.112956,1.962027,0.10673,40.0,105.0,1.79,1.0,1.7,25.0,0.112956,1.753,1.48,1023.7,7.236,-5.087,
exp26_tcp_grid,ablationsoftmin_only__ballspeed7__maxtcp1.8__noplot__servebox,"{""--ablation"": ""softmin_only"", ""--ball-speed"": 7, ""--max-tcp"": 1.8, ""--no-plot"": null, ""--serve-box"": null}",83,True,active,0.077721,1.952994,0.074818,55.0,105.0,1.42,1.0,1.6,20.0,0.077721,1.373,1.48,1036.7,5.191,-3.601,
exp26_tcp_grid,ablationsoftmin_only__ballspeed7__maxtcp1.8__noplot__servebox,"{""--ablation"": ""softmin_only"", ""--ball-speed"": 7, ""--max-tcp"": 1.8, ""--no-plot"": null, ""--serve-box"": null}",87,True,active,0.090847,2.01569,0.090847,40.0,105.0,1.78,1.0,1.9,25.0,0.090847,1.542,1.43,1020.9,5.989,-2.069,
exp26_tcp_grid,ablationsoftmin_only__ballspeed7__maxtcp1.8__noplot__servebox,"{""--ablation"": ""softmin_only"", ""--ball-speed"": 7, ""--max-tcp"": 1.8, ""--no-plot"": null, ""--serve-box"": null}",86,True,active,0.112055,1.986679,0.112055,40.0,105.0,1.79,0.98,1.9,30.0,0.112055,1.789,1.56,1030.8,5.485,-1.315,
exp26_tcp_grid,ablationsoftmin_only__ballspeed7__maxtcp1.8__noplot__servebox,"{""--ablation"": ""softmin_only"", ""--ball-speed"": 7, ""--max-tcp"": 1.8, ""--no-plot"": null, ""--serve-box"": null}",80,True,active,0.114717,1.988048,0.109885,45.0,105.0,1.81,0.99,1.8,20.0,0.114717,1.796,2.47,1799.5,6.36,-4.167,
exp26_tcp_grid,ablationsoftmin_only__ballspeed7__maxtcp1.8__noplot__servebox,"{""--ablation"": ""softmin_only"", ""--ball-speed"": 7, ""--max-tcp"": 1.8, ""--no-plot"": null, ""--serve-box"": null}",89,True,active,0.095898,1.961599,0.095898,0.0,0.0,1.76,0.99,1.9,15.0,0.095898,1.72,1.46,1000.9,5.344,1.778,
exp26_tcp_grid,ablationsoftmin_only__ballspeed7__maxtcp1.8__noplot__servebox,"{""--ablation"": ""softmin_only"", ""--ball-speed"": 7, ""--max-tcp"": 1.8, ""--no-plot"": null, ""--serve-box"": null}",88,True,active,0.097837,2.010965,0.097837,45.0,105.0,1.75,1.0,1.6,25.0,0.097837,1.398,1.62,1024.5,6.783,-4.377,
exp26_tcp_grid,ablationsoftmin_only__ballspeed7__maxtcp1.8__noplot__servebox,"{""--ablation"": ""softmin_only"", ""--ball-speed"": 7, ""--max-tcp"": 1.8, ""--no-plot"": null, ""--serve-box"": null}",77,False,miss,0.379648,1.928146,0.146296,25.0,10.0,1.79,1.0,1.7,0.0,0.379648,0.0,3.14,2300.4,-1.0,-99.0,
exp26_tcp_grid,ablationsoftmin_only__ballspeed7__maxtcp1.8__noplot__servebox,"{""--ablation"": ""softmin_only"", ""--ball-speed"": 7, ""--max-tcp"": 1.8, ""--no-plot"": null, ""--serve-box"": null}",85,True,active,0.107015,1.993639,0.088749,35.0,85.0,1.82,1.0,1.6,30.0,0.107015,1.582,2.08,1602.3,6.645,-2.144,
exp26_tcp_grid,ablationsoftmin_only__ballspeed7__maxtcp1.8__noplot__servebox,"{""--ablation"": ""softmin_only"", ""--ball-speed"": 7, ""--max-tcp"": 1.8, ""--no-plot"": null, ""--serve-box"": null}",78,True,active,0.078208,1.936618,0.078208,40.0,105.0,1.81,1.0,1.7,30.0,0.078208,1.445,3.15,2268.1,6.093,-5.652,
exp26_tcp_grid,ablationsoftmin_only__ballspeed7__maxtcp1.8__noplot__servebox,"{""--ablation"": ""softmin_only"", ""--ball-speed"": 7, ""--max-tcp"": 1.8, ""--no-plot"": null, ""--serve-box"": null}",92,False,miss,0.44456,1.979275,0.175342,15.0,0.0,1.79,0.99,2.3,0.0,0.44456,0.0,1.72,1258.5,-1.0,-99.0,
exp26_tcp_grid,ablationsoftmin_only__ballspeed7__maxtcp1.8__noplot__servebox,"{""--ablation"": ""softmin_only"", ""--ball-speed"": 7, ""--max-tcp"": 1.8, ""--no-plot"": null, ""--serve-box"": null}",93,True,active,0.082956,1.984469,0.082956,45.0,105.0,1.78,0.98,1.9,20.0,0.082956,1.742,1.54,1112.4,5.903,-1.532,
exp26_tcp_grid,ablationsoftmin_only__ballspeed7__maxtcp1.8__noplot__servebox,"{""--ablation"": ""softmin_only"", ""--ball-speed"": 7, ""--max-tcp"": 1.8, ""--no-plot"": null, ""--serve-box"": null}",91,True,active,0.107713,1.977477,0.094498,40.0,105.0,1.8,0.98,1.8,5.0,0.107713,1.443,2.22,1521.3,7.713,-4.888,
exp26_tcp_grid,ablationsoftmin_only__ballspeed7__maxtcp1.8__noplot__servebox,"{""--ablation"": ""softmin_only"", ""--ball-speed"": 7, ""--max-tcp"": 1.8, ""--no-plot"": null, ""--serve-box"": null}",94,True,active,0.123789,1.920113,0.116082,45.0,105.0,1.68,0.99,1.7,25.0,0.123789,1.353,1.46,1005.0,5.332,-4.081,
exp26_tcp_grid,ablationsoftmin_only__ballspeed7__maxtcp1.8__noplot__servebox,"{""--ablation"": ""softmin_only"", ""--ball-speed"": 7, ""--max-tcp"": 1.8, ""--no-plot"": null, ""--serve-box"": null}",96,True,active,0.118854,2.004828,0.118487,45.0,105.0,1.81,1.0,2.2,25.0,0.118854,1.612,1.63,1143.7,6.163,-3.63,
exp26_tcp_grid,ablationsoftmin_only__ballspeed7__maxtcp1.8__noplot__servebox,"{""--ablation"": ""softmin_only"", ""--ball-speed"": 7, ""--max-tcp"": 1.8, ""--no-plot"": null, ""--serve-box"": null}",84,True,active,0.109444,1.935072,0.102185,45.0,105.0,1.68,1.0,1.7,20.0,0.109444,1.549,2.96,2200.7,6.036,-4.036,
exp26_tcp_grid,ablationsoftmin_only__ballspeed7__maxtcp1.8__noplot__servebox,"{""--ablation"": ""softmin_only"", ""--ball-speed"": 7, ""--max-tcp"": 1.8, ""--no-plot"": null, ""--serve-box"": null}",97,True,active,0.135316,1.989681,0.126319,35.0,0.0,1.81,1.0,1.9,30.0,0.135316,1.674,1.52,1127.1,6.449,-1.282,
exp26_tcp_grid,ablationsoftmin_only__ballspeed7__maxtcp1.8__noplot__servebox,"{""--ablation"": ""softmin_only"", ""--ball-speed"": 7, ""--max-tcp"": 1.8, ""--no-plot"": null, ""--serve-box"": null}",100,True,active,0.094904,1.979571,0.091155,50.0,105.0,1.81,1.0,1.8,20.0,0.094904,1.754,1.43,1018.2,6.349,-5.681,
exp26_tcp_grid,ablationsoftmin_only__ballspeed7__maxtcp1.8__noplot__servebox,"{""--ablation"": ""softmin_only"", ""--ball-speed"": 7, ""--max-tcp"": 1.8, ""--no-plot"": null, ""--serve-box"": null}",90,True,active,0.097109,1.993436,0.095721,40.0,105.0,1.79,0.98,1.8,20.0,0.097109,1.718,2.94,2254.8,5.392,-2.519,
exp26_tcp_grid,ablationnone__ballspeed7__maxtcp1.8__noplot__servebox,"{""--ablation"": ""none"", ""--ball-speed"": 7, ""--max-tcp"": 1.8, ""--no-plot"": null, ""--serve-box"": null}",2,True,active,0.10519,1.926908,0.089744,0.0,0.0,1.51,0.99,1.9,15.0,0.10519,1.444,1.48,1101.2,5.865,1.621,
exp26_tcp_grid,ablationsoftmin_only__ballspeed7__maxtcp1.8__noplot__servebox,"{""--ablation"": ""softmin_only"", ""--ball-speed"": 7, ""--max-tcp"": 1.8, ""--no-plot"": null, ""--serve-box"": null}",95,True,active,0.119095,1.986351,0.119095,35.0,105.0,1.79,0.99,1.9,30.0,0.119095,1.792,2.22,1770.2,6.191,-4.424,
exp26_tcp_grid,ablationsoftmin_only__ballspeed7__maxtcp1.8__noplot__servebox,"{""--ablation"": ""softmin_only"", ""--ball-speed"": 7, ""--max-tcp"": 1.8, ""--no-plot"": null, ""--serve-box"": null}",99,True,active,0.105855,1.942833,0.105855,35.0,105.0,1.5,1.0,1.5,20.0,0.105855,1.113,2.01,1216.9,6.392,-6.23,
exp26_tcp_grid,ablationnone__ballspeed7__maxtcp1.8__noplot__servebox,"{""--ablation"": ""none"", ""--ball-speed"": 7, ""--max-tcp"": 1.8, ""--no-plot"": null, ""--serve-box"": null}",4,True,active,0.082505,1.975702,0.082505,20.0,0.0,1.76,0.99,1.7,20.0,0.082505,1.757,1.63,1184.8,5.842,-1.243,
exp26_tcp_grid,ablationnone__ballspeed7__maxtcp1.8__noplot__servebox,"{""--ablation"": ""none"", ""--ball-speed"": 7, ""--max-tcp"": 1.8, ""--no-plot"": null, ""--serve-box"": null}",5,True,active,0.069336,2.005655,0.049908,0.0,0.0,1.63,0.95,1.2,25.0,0.069336,1.462,1.64,1275.0,6.402,2.078,
exp26_tcp_grid,ablationnone__ballspeed7__maxtcp1.8__noplot__servebox,"{""--ablation"": ""none"", ""--ball-speed"": 7, ""--max-tcp"": 1.8, ""--no-plot"": null, ""--serve-box"": null}",6,True,active,0.132807,1.947909,0.115521,55.0,0.0,1.05,1.0,1.3,5.0,0.132807,0.68,1.48,1091.2,5.499,-3.096,
exp26_tcp_grid,ablationnone__ballspeed7__maxtcp1.8__noplot__servebox,"{""--ablation"": ""none"", ""--ball-speed"": 7, ""--max-tcp"": 1.8, ""--no-plot"": null, ""--serve-box"": null}",8,False,miss,0.320112,1.946138,0.137884,35.0,0.0,1.42,0.99,1.4,0.0,0.320112,0.0,1.74,1355.2,-1.0,-99.0,
exp26_tcp_grid,ablationnone__ballspeed7__maxtcp1.8__noplot__servebox,"{""--ablation"": ""none"", ""--ball-speed"": 7, ""--max-tcp"": 1.8, ""--no-plot"": null, ""--serve-box"": null}",10,True,active,0.063199,1.944432,0.063199,50.0,0.0,1.38,0.98,1.3,10.0,0.063199,1.118,1.61,1173.3,5.133,-1.718,
exp26_tcp_grid,ablationsoftmin_only__ballspeed7__maxtcp1.8__noplot__servebox,"{""--ablation"": ""softmin_only"", ""--ball-speed"": 7, ""--max-tcp"": 1.8, ""--no-plot"": null, ""--serve-box"": null}",98,True,active,0.094357,1.942459,0.058959,0.0,0.0,1.8,1.0,1.6,40.0,0.094357,1.765,2.98,2285.8,5.887,-0.199,
exp26_tcp_grid,ablationnone__ballspeed7__maxtcp1.8__noplot__servebox,"{""--ablation"": ""none"", ""--ball-speed"": 7, ""--max-tcp"": 1.8, ""--no-plot"": null, ""--serve-box"": null}",12,True,active,0.059749,1.976069,0.047352,0.0,0.0,1.34,0.99,1.4,20.0,0.059749,0.939,1.49,1091.9,5.774,2.009,
exp26_tcp_grid,ablationnone__ballspeed7__maxtcp1.8__noplot__servebox,"{""--ablation"": ""none"", ""--ball-speed"": 7, ""--max-tcp"": 1.8, ""--no-plot"": null, ""--serve-box"": null}",21,,,,,,,,,,,,,,0.2,,,,no_result
exp26_tcp_grid,ablationnone__ballspeed7__maxtcp1.8__noplot__servebox,"{""--ablation"": ""none"", ""--ball-speed"": 7, ""--max-tcp"": 1.8, ""--no-plot"": null, ""--serve-box"": null}",20,,,,,,,,,,,,,,0.29,,,,no_result
exp26_tcp_grid,ablationnone__ballspeed7__maxtcp1.8__noplot__servebox,"{""--ablation"": ""none"", ""--ball-speed"": 7, ""--max-tcp"": 1.8, ""--no-plot"": null, ""--serve-box"": null}",13,True,active,0.079531,1.973268,0.030838,0.0,0.0,1.79,0.97,1.6,25.0,0.079531,1.562,1.55,1097.0,6.202,0.005,
exp26_tcp_grid,ablationnone__ballspeed7__maxtcp1.8__noplot__servebox,"{""--ablation"": ""none"", ""--ball-speed"": 7, ""--max-tcp"": 1.8, ""--no-plot"": null, ""--serve-box"": null}",1,False,miss,0.218399,1.818924,0.207166,0.0,0.0,1.79,1.0,2.0,0.0,0.218399,0.0,3.12,2355.3,-1.0,-99.0,
exp26_tcp_grid,ablationnone__ballspeed7__maxtcp1.8__noplot__servebox,"{""--ablation"": ""none"", ""--ball-speed"": 7, ""--max-tcp"": 1.8, ""--no-plot"": null, ""--serve-box"": null}",15,True,active,0.036711,1.970607,0.036711,50.0,0.0,1.79,1.0,1.3,5.0,0.036711,0.424,1.6,1164.2,5.606,-2.59,
exp26_tcp_grid,ablationnone__ballspeed7__maxtcp1.8__noplot__servebox,"{""--ablation"": ""none"", ""--ball-speed"": 7, ""--max-tcp"": 1.8, ""--no-plot"": null, ""--serve-box"": null}",14,True,active,0.104431,1.919637,0.103249,50.0,0.0,1.58,0.99,1.6,5.0,0.104431,0.521,1.64,1220.9,6.029,-5.875,
exp26_tcp_grid,ablationnone__ballspeed7__maxtcp1.8__noplot__servebox,"{""--ablation"": ""none"", ""--ball-speed"": 7, ""--max-tcp"": 1.8, ""--no-plot"": null, ""--serve-box"": null}",17,True,active,0.121111,1.964758,0.105072,45.0,0.0,1.51,0.99,1.6,15.0,0.121111,1.296,1.46,1108.8,5.716,-3.25,
exp26_tcp_grid,ablationnone__ballspeed7__maxtcp1.8__noplot__servebox,"{""--ablation"": ""none"", ""--ball-speed"": 7, ""--max-tcp"": 1.8, ""--no-plot"": null, ""--serve-box"": null}",3,True,active,0.104729,1.913675,0.073937,0.0,0.0,1.23,1.0,1.5,20.0,0.104729,0.747,3.12,2350.5,5.679,0.214,
exp26_tcp_grid,ablationnone__ballspeed7__maxtcp1.8__noplot__servebox,"{""--ablation"": ""none"", ""--ball-speed"": 7, ""--max-tcp"": 1.8, ""--no-plot"": null, ""--serve-box"": null}",27,,,,,,,,,,,,,,0.2,,,,no_result
exp26_tcp_grid,ablationnone__ballspeed7__maxtcp1.8__noplot__servebox,"{""--ablation"": ""none"", ""--ball-speed"": 7, ""--max-tcp"": 1.8, ""--no-plot"": null, ""--serve-box"": null}",18,True,active,0.027841,1.985399,0.027841,45.0,0.0,1.69,0.99,1.6,15.0,0.027841,1.004,1.59,1113.0,6.377,-3.439,
exp26_tcp_grid,ablationnone__ballspeed7__maxtcp1.8__noplot__servebox,"{""--ablation"": ""none"", ""--ball-speed"": 7, ""--max-tcp"": 1.8, ""--no-plot"": null, ""--serve-box"": null}",16,True,active,0.083098,1.951458,0.019088,0.0,0.0,1.76,1.0,1.8,20.0,0.083098,1.627,1.9,1553.4,6.286,3.847,
exp26_tcp_grid,ablationnone__ballspeed7__maxtcp1.8__noplot__servebox,"{""--ablation"": ""none"", ""--ball-speed"": 7, ""--max-tcp"": 1.8, ""--no-plot"": null, ""--serve-box"": null}",7,True,active,0.10449,1.929481,0.08549,0.0,0.0,1.1,0.97,1.1,15.0,0.10449,0.747,2.94,2303.6,5.599,0.194,
exp26_tcp_grid,ablationnone__ballspeed7__maxtcp1.8__noplot__servebox,"{""--ablation"": ""none"", ""--ball-speed"": 7, ""--max-tcp"": 1.8, ""--no-plot"": null, ""--serve-box"": null}",19,True,active,0.103481,1.93861,0.07171,0.0,0.0,1.58,1.0,1.2,10.0,0.103481,1.481,1.55,1183.6,5.301,2.108,
exp26_tcp_grid,ablationnone__ballspeed7__maxtcp1.8__noplot__servebox,"{""--ablation"": ""none"", ""--ball-speed"": 7, ""--max-tcp"": 1.8, ""--no-plot"": null, ""--serve-box"": null}",9,False,miss,0.337523,1.94616,0.158816,25.0,0.0,1.35,1.0,1.9,0.0,0.337523,0.0,2.92,2252.1,-1.0,-99.0,
exp26_tcp_grid,ablationnone__ballspeed7__maxtcp1.8__noplot__servebox,"{""--ablation"": ""none"", ""--ball-speed"": 7, ""--max-tcp"": 1.8, ""--no-plot"": null, ""--serve-box"": null}",11,True,active,0.094857,1.954077,0.027234,0.0,0.0,1.81,0.99,2.3,30.0,0.094857,1.559,2.89,2273.2,6.295,1.439,
exp26_tcp_grid,ablationnone__ballspeed7__maxtcp1.8__noplot__servebox,"{""--ablation"": ""none"", ""--ball-speed"": 7, ""--max-tcp"": 1.8, ""--no-plot"": null, ""--serve-box"": null}",22,True,active,0.05913,2.026906,0.05913,0.0,0.0,1.81,0.97,1.8,25.0,0.05913,1.774,1.56,1152.2,5.874,0.808,
exp26_tcp_grid,ablationnone__ballspeed7__maxtcp1.8__noplot__servebox,"{""--ablation"": ""none"", ""--ball-speed"": 7, ""--max-tcp"": 1.8, ""--no-plot"": null, ""--serve-box"": null}",26,True,active,0.032288,1.907553,0.028576,0.0,0.0,1.51,0.98,1.7,20.0,0.032288,1.408,1.58,1181.8,5.88,1.45,
exp26_tcp_grid,ablationnone__ballspeed7__maxtcp1.8__noplot__servebox,"{""--ablation"": ""none"", ""--ball-speed"": 7, ""--max-tcp"": 1.8, ""--no-plot"": null, ""--serve-box"": null}",25,True,active,0.130886,1.920179,0.120117,0.0,0.0,1.77,1.0,1.8,20.0,0.130886,1.664,1.74,1268.2,5.68,1.137,
exp26_tcp_grid,ablationnone__ballspeed7__maxtcp1.8__noplot__servebox,"{""--ablation"": ""none"", ""--ball-speed"": 7, ""--max-tcp"": 1.8, ""--no-plot"": null, ""--serve-box"": null}",30,True,active,0.120914,1.905213,0.100295,55.0,0.0,1.05,0.99,1.3,10.0,0.120914,0.873,1.53,1125.4,5.284,-2.003,
exp26_tcp_grid,ablationnone__ballspeed7__maxtcp1.8__noplot__servebox,"{""--ablation"": ""none"", ""--ball-speed"": 7, ""--max-tcp"": 1.8, ""--no-plot"": null, ""--serve-box"": null}",31,False,miss,0.31361,1.949206,0.155555,30.0,0.0,1.44,1.0,1.4,0.0,0.31361,0.0,1.55,1141.8,-1.0,-99.0,
exp26_tcp_grid,ablationnone__ballspeed7__maxtcp1.8__noplot__servebox,"{""--ablation"": ""none"", ""--ball-speed"": 7, ""--max-tcp"": 1.8, ""--no-plot"": null, ""--serve-box"": null}",29,True,active,0.085913,1.939535,0.051915,0.0,0.0,1.58,0.99,1.2,20.0,0.085913,1.244,1.64,1145.2,5.826,2.681,
exp26_tcp_grid,ablationnone__ballspeed7__maxtcp1.8__noplot__servebox,"{""--ablation"": ""none"", ""--ball-speed"": 7, ""--max-tcp"": 1.8, ""--no-plot"": null, ""--serve-box"": null}",32,True,active,0.061239,1.954634,0.061239,40.0,0.0,1.67,1.0,1.6,5.0,0.061239,1.131,1.74,1257.7,6.87,-5.891,
exp26_tcp_grid,ablationnone__ballspeed7__maxtcp1.8__noplot__servebox,"{""--ablation"": ""none"", ""--ball-speed"": 7, ""--max-tcp"": 1.8, ""--no-plot"": null, ""--serve-box"": null}",34,True,active,0.074499,1.967206,0.063797,25.0,0.0,1.79,0.96,2.0,25.0,0.074499,1.785,1.57,1211.5,5.93,-0.007,
exp26_tcp_grid,ablationnone__ballspeed7__maxtcp1.8__noplot__servebox,"{""--ablation"": ""none"", ""--ball-speed"": 7, ""--max-tcp"": 1.8, ""--no-plot"": null, ""--serve-box"": null}",23,True,active,0.06145,1.998716,0.053057,45.0,0.0,1.8,0.99,1.4,15.0,0.06145,1.532,2.69,1954.6,4.882,-0.34,
exp26_tcp_grid,ablationnone__ballspeed7__maxtcp1.8__noplot__servebox,"{""--ablation"": ""none"", ""--ball-speed"": 7, ""--max-tcp"": 1.8, ""--no-plot"": null, ""--serve-box"": null}",36,True,active,0.124811,1.936289,0.098021,0.0,0.0,1.74,0.95,1.8,20.0,0.124811,1.45,1.74,1368.3,6.155,0.933,
exp26_tcp_grid,ablationnone__ballspeed7__maxtcp1.8__noplot__servebox,"{""--ablation"": ""none"", ""--ball-speed"": 7, ""--max-tcp"": 1.8, ""--no-plot"": null, ""--serve-box"": null}",38,True,active,0.114952,1.95806,0.104964,0.0,0.0,1.43,0.99,1.9,20.0,0.114952,1.028,1.57,1107.2,6.093,0.7,
exp26_tcp_grid,ablationnone__ballspeed7__maxtcp1.8__noplot__servebox,"{""--ablation"": ""none"", ""--ball-speed"": 7, ""--max-tcp"": 1.8, ""--no-plot"": null, ""--serve-box"": null}",24,True,active,0.126481,1.937277,0.103937,15.0,0.0,1.45,1.0,1.7,20.0,0.126481,1.147,2.98,2316.2,5.697,0.704,
exp26_tcp_grid,ablationnone__ballspeed7__maxtcp1.8__noplot__servebox,"{""--ablation"": ""none"", ""--ball-speed"": 7, ""--max-tcp"": 1.8, ""--no-plot"": null, ""--serve-box"": null}",33,True,active,0.124302,1.92764,0.121679,45.0,0.0,1.47,1.0,1.3,5.0,0.124302,0.511,2.24,1772.1,5.217,-2.823,
exp26_tcp_grid,ablationnone__ballspeed7__maxtcp1.8__noplot__servebox,"{""--ablation"": ""none"", ""--ball-speed"": 7, ""--max-tcp"": 1.8, ""--no-plot"": null, ""--serve-box"": null}",40,True,active,0.068743,1.963193,0.060594,50.0,0.0,1.77,1.0,1.6,15.0,0.068743,1.769,1.43,1069.7,4.75,1.551,
exp26_tcp_grid,ablationnone__ballspeed7__maxtcp1.8__noplot__servebox,"{""--ablation"": ""none"", ""--ball-speed"": 7, ""--max-tcp"": 1.8, ""--no-plot"": null, ""--serve-box"": null}",28,True,active,0.124927,1.950921,0.102238,5.0,0.0,1.38,0.99,1.8,20.0,0.124927,1.385,2.94,2295.0,5.782,-0.185,
exp26_tcp_grid,ablationnone__ballspeed7__maxtcp1.8__noplot__servebox,"{""--ablation"": ""none"", ""--ball-speed"": 7, ""--max-tcp"": 1.8, ""--no-plot"": null, ""--serve-box"": null}",41,True,active,0.11731,1.96321,0.114998,50.0,0.0,1.0,1.0,1.3,10.0,0.11731,0.322,1.53,1107.5,6.052,-5.048,
exp26_tcp_grid,ablationnone__ballspeed7__maxtcp1.8__noplot__servebox,"{""--ablation"": ""none"", ""--ball-speed"": 7, ""--max-tcp"": 1.8, ""--no-plot"": null, ""--serve-box"": null}",46,True,active,0.06926,1.960753,0.06926,40.0,0.0,1.75,0.97,1.9,15.0,0.06926,1.753,1.39,1050.4,5.746,-1.676,
exp26_tcp_grid,ablationnone__ballspeed7__maxtcp1.8__noplot__servebox,"{""--ablation"": ""none"", ""--ball-speed"": 7, ""--max-tcp"": 1.8, ""--no-plot"": null, ""--serve-box"": null}",39,True,active,0.069841,1.948628,0.03907,0.0,0.0,1.63,0.99,1.4,20.0,0.069841,1.617,2.37,1723.9,6.608,5.28,
exp26_tcp_grid,ablationnone__ballspeed7__maxtcp1.8__noplot__servebox,"{""--ablation"": ""none"", ""--ball-speed"": 7, ""--max-tcp"": 1.8, ""--no-plot"": null, ""--serve-box"": null}",35,True,active,0.102222,1.988717,0.067928,0.0,0.0,1.8,1.0,1.4,30.0,0.102222,1.792,3.08,2327.2,6.268,1.362,
exp26_tcp_grid,ablationnone__ballspeed7__maxtcp1.8__noplot__servebox,"{""--ablation"": ""none"", ""--ball-speed"": 7, ""--max-tcp"": 1.8, ""--no-plot"": null, ""--serve-box"": null}",45,True,active,0.091236,1.993601,0.083475,45.0,0.0,1.8,0.97,1.9,20.0,0.091236,1.798,1.8,1432.6,6.02,-1.794,
exp26_tcp_grid,ablationnone__ballspeed7__maxtcp1.8__noplot__servebox,"{""--ablation"": ""none"", ""--ball-speed"": 7, ""--max-tcp"": 1.8, ""--no-plot"": null, ""--serve-box"": null}",44,False,miss,0.325537,1.951885,0.0955,0.0,0.0,1.32,0.99,1.6,0.0,0.325537,0.0,2.11,1488.2,-1.0,-99.0,
exp26_tcp_grid,ablationnone__ballspeed7__maxtcp1.8__noplot__servebox,"{""--ablation"": ""none"", ""--ball-speed"": 7, ""--max-tcp"": 1.8, ""--no-plot"": null, ""--serve-box"": null}",48,True,active,0.089774,1.929985,0.089774,45.0,0.0,1.43,0.99,1.5,10.0,0.089774,0.594,1.47,1096.0,5.268,-2.237,
exp26_tcp_grid,ablationnone__ballspeed7__maxtcp1.8__noplot__servebox,"{""--ablation"": ""none"", ""--ball-speed"": 7, ""--max-tcp"": 1.8, ""--no-plot"": null, ""--serve-box"": null}",37,True,active,0.098863,1.895996,0.098863,45.0,0.0,1.12,0.99,1.6,5.0,0.098863,0.333,3.09,2350.4,5.306,-3.179,
exp26_tcp_grid,ablationnone__ballspeed7__maxtcp1.8__noplot__servebox,"{""--ablation"": ""none"", ""--ball-speed"": 7, ""--max-tcp"": 1.8, ""--no-plot"": null, ""--serve-box"": null}",50,True,active,0.106396,1.921197,0.045403,0.0,0.0,1.41,1.0,1.3,20.0,0.106396,1.411,1.46,1071.2,5.803,2.493,
exp26_tcp_grid,ablationnone__ballspeed7__maxtcp1.8__noplot__servebox,"{""--ablation"": ""none"", ""--ball-speed"": 7, ""--max-tcp"": 1.8, ""--no-plot"": null, ""--serve-box"": null}",47,True,active,0.023814,1.955309,0.023814,50.0,0.0,1.42,0.97,1.3,10.0,0.023814,0.818,1.81,1113.1,5.444,-1.136,
exp26_tcp_grid,ablationnone__ballspeed7__maxtcp1.8__noplot__servebox,"{""--ablation"": ""none"", ""--ball-speed"": 7, ""--max-tcp"": 1.8, ""--no-plot"": null, ""--serve-box"": null}",49,True,active,0.104693,1.968615,0.095009,50.0,0.0,1.22,1.0,1.3,15.0,0.104693,1.047,1.63,1164.7,5.083,-0.457,
exp26_tcp_grid,ablationnone__ballspeed7__maxtcp1.8__noplot__servebox,"{""--ablation"": ""none"", ""--ball-speed"": 7, ""--max-tcp"": 1.8, ""--no-plot"": null, ""--serve-box"": null}",43,False,miss,0.360869,1.94836,0.107963,0.0,0.0,1.72,1.0,2.1,0.0,0.360869,0.0,2.55,1928.6,-1.0,-99.0,
exp26_tcp_grid,ablationnone__ballspeed7__maxtcp1.8__noplot__servebox,"{""--ablation"": ""none"", ""--ball-speed"": 7, ""--max-tcp"": 1.8, ""--no-plot"": null, ""--serve-box"": null}",51,False,miss,0.376942,1.919418,0.153928,0.0,0.0,1.73,1.0,2.2,0.0,0.376942,0.0,1.49,1087.0,-1.0,-99.0,
exp26_tcp_grid,ablationnone__ballspeed7__maxtcp1.8__noplot__servebox,"{""--ablation"": ""none"", ""--ball-speed"": 7, ""--max-tcp"": 1.8, ""--no-plot"": null, ""--serve-box"": null}",52,True,active,0.086845,2.009893,0.06341,0.0,0.0,1.53,1.0,1.2,20.0,0.086845,1.105,1.54,1108.3,5.639,1.374,
exp26_tcp_grid,ablationnone__ballspeed7__maxtcp1.8__noplot__servebox,"{""--ablation"": ""none"", ""--ball-speed"": 7, ""--max-tcp"": 1.8, ""--no-plot"": null, ""--serve-box"": null}",42,False,miss,0.3755,1.94785,0.1076,0.0,0.0,1.77,0.99,2.0,0.0,0.3755,0.0,3.0,2346.5,-1.0,-99.0,
exp26_tcp_grid,ablationnone__ballspeed7__maxtcp1.8__noplot__servebox,"{""--ablation"": ""none"", ""--ball-speed"": 7, ""--max-tcp"": 1.8, ""--no-plot"": null, ""--serve-box"": null}",54,False,miss,0.336056,1.931975,0.092785,0.0,0.0,1.79,0.95,1.7,0.0,0.336056,0.0,1.81,1409.4,-1.0,-99.0,
exp26_tcp_grid,ablationnone__ballspeed7__maxtcp1.8__noplot__servebox,"{""--ablation"": ""none"", ""--ball-speed"": 7, ""--max-tcp"": 1.8, ""--no-plot"": null, ""--serve-box"": null}",55,True,active,0.097867,1.943361,0.092658,15.0,0.0,1.44,0.99,1.4,15.0,0.097867,1.443,1.59,1167.1,5.522,0.076,
exp26_tcp_grid,ablationnone__ballspeed7__maxtcp1.8__noplot__servebox,"{""--ablation"": ""none"", ""--ball-speed"": 7, ""--max-tcp"": 1.8, ""--no-plot"": null, ""--serve-box"": null}",61,True,active,0.098007,1.938535,0.097214,40.0,0.0,1.77,0.99,2.1,20.0,0.098007,1.77,1.53,1136.5,5.627,-1.078,
exp26_tcp_grid,ablationnone__ballspeed7__maxtcp1.8__noplot__servebox,"{""--ablation"": ""none"", ""--ball-speed"": 7, ""--max-tcp"": 1.8, ""--no-plot"": null, ""--serve-box"": null}",60,True,active,0.115319,1.90923,0.109849,40.0,0.0,1.8,1.0,1.8,10.0,0.115319,1.06,1.64,1193.1,6.834,-4.399,
exp26_tcp_grid,ablationnone__ballspeed7__maxtcp1.8__noplot__servebox,"{""--ablation"": ""none"", ""--ball-speed"": 7, ""--max-tcp"": 1.8, ""--no-plot"": null, ""--serve-box"": null}",62,True,active,0.017646,1.970895,0.017646,50.0,0.0,1.38,1.0,1.4,5.0,0.017646,0.512,1.49,1122.0,5.979,-1.971,
exp26_tcp_grid,ablationnone__ballspeed7__maxtcp1.8__noplot__servebox,"{""--ablation"": ""none"", ""--ball-speed"": 7, ""--max-tcp"": 1.8, ""--no-plot"": null, ""--serve-box"": null}",63,True,active,0.078234,1.964306,0.019771,0.0,0.0,1.41,1.0,1.1,15.0,0.078234,1.247,1.55,1104.9,6.168,3.042,
exp26_tcp_grid,ablationnone__ballspeed7__maxtcp1.8__noplot__servebox,"{""--ablation"": ""none"", ""--ball-speed"": 7, ""--max-tcp"": 1.8, ""--no-plot"": null, ""--serve-box"": null}",66,True,active,0.055035,1.965273,0.055035,50.0,0.0,1.79,0.94,1.4,10.0,0.055035,1.781,1.5,1064.0,5.468,-1.766,
exp26_tcp_grid,ablationnone__ballspeed7__maxtcp1.8__noplot__servebox,"{""--ablation"": ""none"", ""--ball-speed"": 7, ""--max-tcp"": 1.8, ""--no-plot"": null, ""--serve-box"": null}",53,True,active,0.068059,2.017226,0.041332,0.0,0.0,1.8,1.0,1.6,30.0,0.068059,1.71,2.91,2248.6,6.637,0.736,
exp26_tcp_grid,ablationnone__ballspeed7__maxtcp1.8__noplot__servebox,"{""--ablation"": ""none"", ""--ball-speed"": 7, ""--max-tcp"": 1.8, ""--no-plot"": null, ""--serve-box"": null}",67,False,miss,0.335343,1.964228,0.122654,0.0,0.0,1.51,1.0,1.3,0.0,0.335343,0.0,1.65,1265.2,-1.0,-99.0,
exp26_tcp_grid,ablationnone__ballspeed7__maxtcp1.8__noplot__servebox,"{""--ablation"": ""none"", ""--ball-speed"": 7, ""--max-tcp"": 1.8, ""--no-plot"": null, ""--serve-box"": null}",68,True,active,0.097013,1.95381,0.042956,0.0,0.0,1.39,1.0,1.1,15.0,0.097013,0.981,1.53,1084.5,5.975,1.716,
exp26_tcp_grid,ablationnone__ballspeed7__maxtcp1.8__noplot__servebox,"{""--ablation"": ""none"", ""--ball-speed"": 7, ""--max-tcp"": 1.8, ""--no-plot"": null, ""--serve-box"": null}",57,True,active,0.033722,2.04667,0.033722,0.0,0.0,1.69,1.0,1.4,15.0,0.033722,0.892,2.58,1857.4,5.706,1.617,
exp26_tcp_grid,ablationnone__ballspeed7__maxtcp1.8__noplot__servebox,"{""--ablation"": ""none"", ""--ball-speed"": 7, ""--max-tcp"": 1.8, ""--no-plot"": null, ""--serve-box"": null}",69,True,active,0.125633,1.949552,0.120204,40.0,0.0,1.75,1.0,1.8,20.0,0.125633,1.754,1.57,1188.8,5.797,-1.457,
exp26_tcp_grid,ablationnone__ballspeed7__maxtcp1.8__noplot__servebox,"{""--ablation"": ""none"", ""--ball-speed"": 7, ""--max-tcp"": 1.8, ""--no-plot"": null, ""--serve-box"": null}",65,True,active,0.088182,1.954831,0.088182,45.0,0.0,1.62,1.0,1.4,10.0,0.088182,0.672,2.14,1732.5,5.523,-4.03,
exp26_tcp_grid,ablationnone__ballspeed7__maxtcp1.8__noplot__servebox,"{""--ablation"": ""none"", ""--ball-speed"": 7, ""--max-tcp"": 1.8, ""--no-plot"": null, ""--serve-box"": null}",58,False,miss,0.296922,1.89096,0.071402,0.0,0.0,1.81,0.99,1.4,0.0,0.296922,0.0,2.85,2180.9,-1.0,-99.0,
exp26_tcp_grid,ablationnone__ballspeed7__maxtcp1.8__noplot__servebox,"{""--ablation"": ""none"", ""--ball-speed"": 7, ""--max-tcp"": 1.8, ""--no-plot"": null, ""--serve-box"": null}",70,True,active,0.109623,1.932405,0.094512,55.0,0.0,1.19,1.0,1.3,10.0,0.109623,1.034,1.51,1131.0,5.232,-2.806,
exp26_tcp_grid,ablationnone__ballspeed7__maxtcp1.8__noplot__servebox,"{""--ablation"": ""none"", ""--ball-speed"": 7, ""--max-tcp"": 1.8, ""--no-plot"": null, ""--serve-box"": null}",56,True,active,0.092079,1.950919,0.076647,45.0,0.0,1.76,1.0,1.6,0.0,0.092079,0.88,3.08,2382.2,6.74,-3.978,
exp26_tcp_grid,ablationnone__ballspeed7__maxtcp1.8__noplot__servebox,"{""--ablation"": ""none"", ""--ball-speed"": 7, ""--max-tcp"": 1.8, ""--no-plot"": null, ""--serve-box"": null}",59,True,active,0.096963,1.950989,0.038127,0.0,0.0,1.39,0.99,1.4,20.0,0.096963,1.148,2.84,2179.0,6.295,2.112,
exp26_tcp_grid,ablationnone__ballspeed7__maxtcp1.8__noplot__servebox,"{""--ablation"": ""none"", ""--ball-speed"": 7, ""--max-tcp"": 1.8, ""--no-plot"": null, ""--serve-box"": null}",73,False,miss,0.336662,1.896705,0.174444,15.0,0.0,0.92,0.99,1.2,0.0,0.336662,0.0,1.51,1142.3,-1.0,-99.0,
exp26_tcp_grid,ablationnone__ballspeed7__maxtcp1.8__noplot__servebox,"{""--ablation"": ""none"", ""--ball-speed"": 7, ""--max-tcp"": 1.8, ""--no-plot"": null, ""--serve-box"": null}",64,True,active,0.085377,1.925584,0.085377,40.0,0.0,1.7,0.99,1.6,15.0,0.085377,1.397,3.03,2343.4,5.998,-3.405,
exp26_tcp_grid,ablationnone__ballspeed7__maxtcp1.8__noplot__servebox,"{""--ablation"": ""none"", ""--ball-speed"": 7, ""--max-tcp"": 1.8, ""--no-plot"": null, ""--serve-box"": null}",74,True,active,0.094584,1.928656,0.094584,45.0,0.0,1.36,0.99,1.6,5.0,0.094584,1.004,1.54,1168.8,4.421,-2.579,
exp26_tcp_grid,ablationnone__ballspeed7__maxtcp1.8__noplot__servebox,"{""--ablation"": ""none"", ""--ball-speed"": 7, ""--max-tcp"": 1.8, ""--no-plot"": null, ""--serve-box"": null}",76,True,active,0.057351,1.951611,0.056348,0.0,0.0,1.79,0.98,1.9,30.0,0.057351,1.786,1.67,1212.0,5.889,2.743,
exp26_tcp_grid,ablationnone__ballspeed7__maxtcp1.8__noplot__servebox,"{""--ablation"": ""none"", ""--ball-speed"": 7, ""--max-tcp"": 1.8, ""--no-plot"": null, ""--serve-box"": null}",80,False,miss,0.329356,1.930151,0.157229,25.0,0.0,1.27,0.99,1.3,0.0,0.329356,0.0,1.43,1073.3,-1.0,-99.0,
exp26_tcp_grid,ablationnone__ballspeed7__maxtcp1.8__noplot__servebox,"{""--ablation"": ""none"", ""--ball-speed"": 7, ""--max-tcp"": 1.8, ""--no-plot"": null, ""--serve-box"": null}",72,True,active,0.084861,1.925043,0.084861,50.0,0.0,1.12,0.99,1.3,5.0,0.084861,0.333,2.39,1739.8,5.502,-3.38,
exp26_tcp_grid,ablationnone__ballspeed7__maxtcp1.8__noplot__servebox,"{""--ablation"": ""none"", ""--ball-speed"": 7, ""--max-tcp"": 1.8, ""--no-plot"": null, ""--serve-box"": null}",79,False,miss,0.324534,1.910266,0.104604,0.0,0.0,1.79,0.98,2.0,0.0,0.324534,0.0,1.65,1268.5,-1.0,-99.0,
exp26_tcp_grid,ablationnone__ballspeed7__maxtcp1.8__noplot__servebox,"{""--ablation"": ""none"", ""--ball-speed"": 7, ""--max-tcp"": 1.8, ""--no-plot"": null, ""--serve-box"": null}",75,True,active,0.135833,1.920215,0.135833,0.0,0.0,1.75,0.99,2.3,20.0,0.135833,1.614,2.15,1753.6,5.908,1.375,
exp26_tcp_grid,ablationnone__ballspeed7__maxtcp1.8__noplot__servebox,"{""--ablation"": ""none"", ""--ball-speed"": 7, ""--max-tcp"": 1.8, ""--no-plot"": null, ""--serve-box"": null}",71,False,miss,0.340886,1.962223,0.139803,0.0,0.0,1.26,1.0,1.3,0.0,0.340886,0.0,2.65,1961.4,-1.0,-99.0,
exp26_tcp_grid,ablationnone__ballspeed7__maxtcp1.8__noplot__servebox,"{""--ablation"": ""none"", ""--ball-speed"": 7, ""--max-tcp"": 1.8, ""--no-plot"": null, ""--serve-box"": null}",83,False,miss,0.332038,1.944812,0.165588,20.0,0.0,1.03,0.99,1.4,0.0,0.332038,0.0,1.55,1074.6,-1.0,-99.0,
exp26_tcp_grid,ablationnone__ballspeed7__maxtcp1.8__noplot__servebox,"{""--ablation"": ""none"", ""--ball-speed"": 7, ""--max-tcp"": 1.8, ""--no-plot"": null, ""--serve-box"": null}",85,True,active,0.067377,1.968489,0.052855,0.0,0.0,1.8,1.0,1.7,25.0,0.067377,1.757,1.74,1284.5,6.011,3.055,
exp26_tcp_grid,ablationnone__ballspeed7__maxtcp1.8__noplot__servebox,"{""--ablation"": ""none"", ""--ball-speed"": 7, ""--max-tcp"": 1.8, ""--no-plot"": null, ""--serve-box"": null}",87,True,active,0.126977,1.936839,0.115041,45.0,0.0,1.19,0.98,1.3,15.0,0.126977,0.787,1.42,1070.4,5.427,-0.863,
exp26_tcp_grid,ablationnone__ballspeed7__maxtcp1.8__noplot__servebox,"{""--ablation"": ""none"", ""--ball-speed"": 7, ""--max-tcp"": 1.8, ""--no-plot"": null, ""--serve-box"": null}",88,True,active,0.113784,1.945192,0.08801,20.0,0.0,1.16,0.98,1.5,10.0,0.113784,0.706,1.4,1049.7,5.969,0.257,
exp26_tcp_grid,ablationnone__ballspeed7__maxtcp1.8__noplot__servebox,"{""--ablation"": ""none"", ""--ball-speed"": 7, ""--max-tcp"": 1.8, ""--no-plot"": null, ""--serve-box"": null}",86,True,active,0.052679,1.99119,0.047309,0.0,0.0,1.77,1.0,1.6,20.0,0.052679,1.537,1.58,1240.2,5.762,1.905,
exp26_tcp_grid,ablationnone__ballspeed7__maxtcp1.8__noplot__servebox,"{""--ablation"": ""none"", ""--ball-speed"": 7, ""--max-tcp"": 1.8, ""--no-plot"": null, ""--serve-box"": null}",82,True,active,0.091644,1.942436,0.082341,35.0,0.0,1.8,0.97,2.2,15.0,0.091644,1.761,2.15,1448.6,5.512,-0.122,
exp26_tcp_grid,ablationnone__ballspeed7__maxtcp1.8__noplot__servebox,"{""--ablation"": ""none"", ""--ball-speed"": 7, ""--max-tcp"": 1.8, ""--no-plot"": null, ""--serve-box"": null}",78,True,active,0.067682,1.92285,0.067682,45.0,0.0,1.49,0.99,1.9,20.0,0.067682,1.305,2.67,1993.4,5.373,-1.166,
exp26_tcp_grid,ablationnone__ballspeed7__maxtcp1.8__noplot__servebox,"{""--ablation"": ""none"", ""--ball-speed"": 7, ""--max-tcp"": 1.8, ""--no-plot"": null, ""--serve-box"": null}",77,True,active,0.080185,1.979367,0.014515,0.0,0.0,1.86,1.0,1.3,25.0,0.080185,1.564,3.03,2348.6,6.597,0.291,
exp26_tcp_grid,ablationnone__ballspeed7__maxtcp1.8__noplot__servebox,"{""--ablation"": ""none"", ""--ball-speed"": 7, ""--max-tcp"": 1.8, ""--no-plot"": null, ""--serve-box"": null}",81,True,active,0.077612,1.954584,0.055985,50.0,0.0,1.41,1.0,1.5,10.0,0.077612,1.245,2.76,2122.0,5.739,-0.616,
exp26_tcp_grid,ablationnone__ballspeed7__maxtcp1.8__noplot__servebox,"{""--ablation"": ""none"", ""--ball-speed"": 7, ""--max-tcp"": 1.8, ""--no-plot"": null, ""--serve-box"": null}",84,True,active,0.091075,1.93724,0.029785,0.0,0.0,1.53,1.0,1.3,15.0,0.091075,1.528,2.51,1886.7,5.571,0.11,
exp26_tcp_grid,ablationnone__ballspeed7__maxtcp1.8__noplot__servebox,"{""--ablation"": ""none"", ""--ball-speed"": 7, ""--max-tcp"": 1.8, ""--no-plot"": null, ""--serve-box"": null}",90,False,miss,0.306096,1.939739,0.137113,35.0,0.0,1.44,1.0,1.3,0.0,0.306096,0.0,1.47,1102.7,-1.0,-99.0,
exp26_tcp_grid,ablationnone__ballspeed7__maxtcp1.8__noplot__servebox,"{""--ablation"": ""none"", ""--ball-speed"": 7, ""--max-tcp"": 1.8, ""--no-plot"": null, ""--serve-box"": null}",91,True,active,0.133291,1.920985,0.126304,45.0,0.0,1.76,1.0,1.9,10.0,0.133291,0.502,1.51,1131.5,5.341,-5.248,
exp26_tcp_grid,ablationnone__ballspeed7__maxtcp1.8__noplot__servebox,"{""--ablation"": ""none"", ""--ball-speed"": 7, ""--max-tcp"": 1.8, ""--no-plot"": null, ""--serve-box"": null}",92,True,active,0.066658,1.970328,0.058465,0.0,0.0,1.44,1.0,1.6,15.0,0.066658,1.043,1.55,1110.8,5.518,0.854,
exp26_tcp_grid,ablationnone__ballspeed7__maxtcp1.8__noplot__servebox,"{""--ablation"": ""none"", ""--ball-speed"": 7, ""--max-tcp"": 1.8, ""--no-plot"": null, ""--serve-box"": null}",94,True,active,0.092587,2.047316,0.076609,40.0,0.0,1.75,1.0,1.5,5.0,0.092587,0.925,1.63,1164.3,6.613,-2.973,
exp26_tcp_grid,ablationnone__ballspeed7__maxtcp1.8__noplot__servebox,"{""--ablation"": ""none"", ""--ball-speed"": 7, ""--max-tcp"": 1.8, ""--no-plot"": null, ""--serve-box"": null}",96,True,active,0.092794,1.943317,0.088472,45.0,0.0,1.76,0.97,1.5,15.0,0.092794,1.579,1.58,1215.0,6.159,-2.757,
exp26_tcp_grid,ablationnone__ballspeed7__maxtcp1.8__noplot__servebox,"{""--ablation"": ""none"", ""--ball-speed"": 7, ""--max-tcp"": 1.8, ""--no-plot"": null, ""--serve-box"": null}",93,False,miss,0.337389,1.955184,0.155441,25.0,0.0,1.29,0.99,1.7,0.0,0.337389,0.0,2.07,1370.1,-1.0,-99.0,
exp26_tcp_grid,ablationnone__ballspeed7__maxtcp1.8__noplot__servebox,"{""--ablation"": ""none"", ""--ball-speed"": 7, ""--max-tcp"": 1.8, ""--no-plot"": null, ""--serve-box"": null}",100,True,active,0.111421,1.945204,0.079179,50.0,0.0,1.51,0.98,1.3,15.0,0.111421,0.892,1.51,1132.5,5.603,-1.786,
exp26_tcp_grid,ablationnone__ballspeed7__maxtcp1.8__noplot__servebox,"{""--ablation"": ""none"", ""--ball-speed"": 7, ""--max-tcp"": 1.8, ""--no-plot"": null, ""--serve-box"": null}",99,True,active,0.02675,1.965161,0.02675,45.0,0.0,1.62,0.97,2.1,15.0,0.02675,1.531,1.77,1379.0,7.388,-4.492,
exp26_tcp_grid,ablationnone__ballspeed7__maxtcp1.8__noplot__servebox,"{""--ablation"": ""none"", ""--ball-speed"": 7, ""--max-tcp"": 1.8, ""--no-plot"": null, ""--serve-box"": null}",89,True,active,0.055699,1.971004,0.055699,0.0,0.0,1.7,0.9,1.7,10.0,0.055699,1.699,2.95,2306.6,5.792,1.508,
exp26_tcp_grid,ablationfull__ballspeed9__maxtcp1.0__noplot__servebox,"{""--ablation"": ""full"", ""--ball-speed"": 9, ""--max-tcp"": 1.0, ""--no-plot"": null, ""--serve-box"": null}",4,False,miss,0.320979,1.968583,0.16556,15.0,0.0,1.01,0.99,1.2,0.0,0.320979,0.0,1.5,1052.1,-1.0,-99.0,
exp26_tcp_grid,ablationfull__ballspeed9__maxtcp1.0__noplot__servebox,"{""--ablation"": ""full"", ""--ball-speed"": 9, ""--max-tcp"": 1.0, ""--no-plot"": null, ""--serve-box"": null}",1,True,active,0.120914,1.947186,0.105585,35.0,105.0,1.0,0.99,1.3,15.0,0.120914,0.97,1.89,1464.1,8.172,-1.407,
exp26_tcp_grid,ablationfull__ballspeed9__maxtcp1.0__noplot__servebox,"{""--ablation"": ""full"", ""--ball-speed"": 9, ""--max-tcp"": 1.0, ""--no-plot"": null, ""--serve-box"": null}",6,False,miss,0.307206,1.962635,0.146542,25.0,45.0,1.0,0.99,1.1,0.0,0.307206,0.0,1.41,1024.7,-1.0,-99.0,
exp26_tcp_grid,ablationfull__ballspeed9__maxtcp1.0__noplot__servebox,"{""--ablation"": ""full"", ""--ball-speed"": 9, ""--max-tcp"": 1.0, ""--no-plot"": null, ""--serve-box"": null}",5,False,miss,0.348361,1.916892,0.157205,0.0,0.0,0.99,0.98,1.3,0.0,0.348361,0.0,1.54,1057.2,-1.0,-99.0,
exp26_tcp_grid,ablationfull__ballspeed9__maxtcp1.0__noplot__servebox,"{""--ablation"": ""full"", ""--ball-speed"": 9, ""--max-tcp"": 1.0, ""--no-plot"": null, ""--serve-box"": null}",2,False,miss,0.299113,1.942715,0.136246,25.0,95.0,1.0,0.98,1.2,0.0,0.299113,0.0,1.9,1287.2,-1.0,-99.0,
exp26_tcp_grid,ablationfull__ballspeed9__maxtcp1.0__noplot__servebox,"{""--ablation"": ""full"", ""--ball-speed"": 9, ""--max-tcp"": 1.0, ""--no-plot"": null, ""--serve-box"": null}",7,True,active,0.138191,1.941276,0.128665,35.0,80.0,1.01,0.99,1.2,10.0,0.138191,0.934,1.56,1099.3,7.625,-4.218,
exp26_tcp_grid,ablationnone__ballspeed7__maxtcp1.8__noplot__servebox,"{""--ablation"": ""none"", ""--ball-speed"": 7, ""--max-tcp"": 1.8, ""--no-plot"": null, ""--serve-box"": null}",95,True,active,0.096569,1.953279,0.085623,0.0,0.0,1.72,1.0,1.5,20.0,0.096569,1.48,2.96,2255.6,6.283,-0.177,
exp26_tcp_grid,ablationnone__ballspeed7__maxtcp1.8__noplot__servebox,"{""--ablation"": ""none"", ""--ball-speed"": 7, ""--max-tcp"": 1.8, ""--no-plot"": null, ""--serve-box"": null}",98,True,active,0.092461,1.884213,0.063731,0.0,0.0,1.75,0.97,1.4,20.0,0.092461,1.592,2.52,2078.0,6.621,5.439,
exp26_tcp_grid,ablationfull__ballspeed9__maxtcp1.0__noplot__servebox,"{""--ablation"": ""full"", ""--ball-speed"": 9, ""--max-tcp"": 1.0, ""--no-plot"": null, ""--serve-box"": null}",20,,,,,,,,,,,,,,0.18,,,,no_result
exp26_tcp_grid,ablationfull__ballspeed9__maxtcp1.0__noplot__servebox,"{""--ablation"": ""full"", ""--ball-speed"": 9, ""--max-tcp"": 1.0, ""--no-plot"": null, ""--serve-box"": null}",21,,,,,,,,,,,,,,0.19,,,,no_result
exp26_tcp_grid,ablationfull__ballspeed9__maxtcp1.0__noplot__servebox,"{""--ablation"": ""full"", ""--ball-speed"": 9, ""--max-tcp"": 1.0, ""--no-plot"": null, ""--serve-box"": null}",3,False,miss,0.372044,1.931665,0.187111,0.0,0.0,1.0,0.99,1.3,0.0,0.372044,0.0,2.37,1864.9,-1.0,-99.0,
exp26_tcp_grid,ablationfull__ballspeed9__maxtcp1.0__noplot__servebox,"{""--ablation"": ""full"", ""--ball-speed"": 9, ""--max-tcp"": 1.0, ""--no-plot"": null, ""--serve-box"": null}",10,True,active,0.126647,1.961504,0.110515,45.0,105.0,1.01,0.99,1.1,10.0,0.126647,0.953,1.56,1075.9,8.127,-6.097,
exp26_tcp_grid,ablationnone__ballspeed7__maxtcp1.8__noplot__servebox,"{""--ablation"": ""none"", ""--ball-speed"": 7, ""--max-tcp"": 1.8, ""--no-plot"": null, ""--serve-box"": null}",97,True,active,0.115401,1.950659,0.079296,0.0,0.0,1.76,0.99,1.6,25.0,0.115401,1.435,2.94,2327.6,6.08,-0.689,
exp26_tcp_grid,ablationfull__ballspeed9__maxtcp1.0__noplot__servebox,"{""--ablation"": ""full"", ""--ball-speed"": 9, ""--max-tcp"": 1.0, ""--no-plot"": null, ""--serve-box"": null}",9,False,miss,0.333535,1.928663,0.185711,0.0,0.0,1.0,0.99,1.1,0.0,0.333535,0.0,1.64,1269.1,-1.0,-99.0,
exp26_tcp_grid,ablationfull__ballspeed9__maxtcp1.0__noplot__servebox,"{""--ablation"": ""full"", ""--ball-speed"": 9, ""--max-tcp"": 1.0, ""--no-plot"": null, ""--serve-box"": null}",11,False,miss,0.319288,1.901186,0.146763,25.0,30.0,1.02,0.97,1.2,0.0,0.319288,0.0,1.48,1053.5,-1.0,-99.0,
exp26_tcp_grid,ablationfull__ballspeed9__maxtcp1.0__noplot__servebox,"{""--ablation"": ""full"", ""--ball-speed"": 9, ""--max-tcp"": 1.0, ""--no-plot"": null, ""--serve-box"": null}",17,True,active,0.142906,1.929683,0.135667,35.0,95.0,0.99,0.99,1.7,0.0,0.142906,0.484,1.46,1091.0,6.767,-6.647,
exp26_tcp_grid,ablationfull__ballspeed9__maxtcp1.0__noplot__servebox,"{""--ablation"": ""full"", ""--ball-speed"": 9, ""--max-tcp"": 1.0, ""--no-plot"": null, ""--serve-box"": null}",16,True,active,0.078849,1.969751,0.058821,0.0,0.0,1.01,0.99,1.1,10.0,0.078849,0.575,1.48,1070.6,7.976,0.837,
exp26_tcp_grid,ablationfull__ballspeed9__maxtcp1.0__noplot__servebox,"{""--ablation"": ""full"", ""--ball-speed"": 9, ""--max-tcp"": 1.0, ""--no-plot"": null, ""--serve-box"": null}",19,False,miss,0.310747,1.928304,0.138421,20.0,70.0,0.99,0.99,1.0,0.0,0.310747,0.0,1.43,1022.2,-1.0,-99.0,
exp26_tcp_grid,ablationfull__ballspeed9__maxtcp1.0__noplot__servebox,"{""--ablation"": ""full"", ""--ball-speed"": 9, ""--max-tcp"": 1.0, ""--no-plot"": null, ""--serve-box"": null}",18,False,miss,0.34219,1.944393,0.163048,20.0,0.0,1.01,0.98,1.1,0.0,0.34219,0.0,1.73,1326.3,-1.0,-99.0,
exp26_tcp_grid,ablationfull__ballspeed9__maxtcp1.0__noplot__servebox,"{""--ablation"": ""full"", ""--ball-speed"": 9, ""--max-tcp"": 1.0, ""--no-plot"": null, ""--serve-box"": null}",22,False,miss,0.319217,1.890363,0.127521,0.0,0.0,1.0,0.95,1.4,0.0,0.319217,0.0,1.48,1064.3,-1.0,-99.0,
exp26_tcp_grid,ablationfull__ballspeed9__maxtcp1.0__noplot__servebox,"{""--ablation"": ""full"", ""--ball-speed"": 9, ""--max-tcp"": 1.0, ""--no-plot"": null, ""--serve-box"": null}",8,False,miss,0.284046,1.95544,0.146222,25.0,60.0,0.97,1.0,1.1,0.0,0.284046,0.0,3.09,2307.4,-1.0,-99.0,
exp26_tcp_grid,ablationfull__ballspeed9__maxtcp1.0__noplot__servebox,"{""--ablation"": ""full"", ""--ball-speed"": 9, ""--max-tcp"": 1.0, ""--no-plot"": null, ""--serve-box"": null}",25,False,miss,0.30958,1.933704,0.217815,0.0,0.0,0.98,1.0,1.3,0.0,0.30958,0.0,1.43,1021.0,-1.0,-99.0,
exp26_tcp_grid,ablationfull__ballspeed9__maxtcp1.0__noplot__servebox,"{""--ablation"": ""full"", ""--ball-speed"": 9, ""--max-tcp"": 1.0, ""--no-plot"": null, ""--serve-box"": null}",27,True,active,0.080904,1.921931,0.068018,45.0,105.0,1.0,1.0,1.3,10.0,0.080904,0.418,1.46,1033.4,7.803,-7.734,
exp26_tcp_grid,ablationfull__ballspeed9__maxtcp1.0__noplot__servebox,"{""--ablation"": ""full"", ""--ball-speed"": 9, ""--max-tcp"": 1.0, ""--no-plot"": null, ""--serve-box"": null}",24,False,miss,0.303484,1.948109,0.158731,0.0,0.0,1.0,0.99,1.2,0.0,0.303484,0.0,1.79,1425.4,-1.0,-99.0,
exp26_tcp_grid,ablationfull__ballspeed9__maxtcp1.0__noplot__servebox,"{""--ablation"": ""full"", ""--ball-speed"": 9, ""--max-tcp"": 1.0, ""--no-plot"": null, ""--serve-box"": null}",12,True,active,0.10569,1.985475,0.058366,45.0,105.0,1.0,0.99,1.0,15.0,0.10569,0.924,2.83,2169.7,7.858,-1.647,
exp26_tcp_grid,ablationfull__ballspeed9__maxtcp1.0__noplot__servebox,"{""--ablation"": ""full"", ""--ball-speed"": 9, ""--max-tcp"": 1.0, ""--no-plot"": null, ""--serve-box"": null}",26,False,miss,0.320149,1.92967,0.131122,30.0,105.0,1.0,0.96,1.3,0.0,0.320149,0.0,1.78,1219.6,-1.0,-99.0,
exp26_tcp_grid,ablationfull__ballspeed9__maxtcp1.0__noplot__servebox,"{""--ablation"": ""full"", ""--ball-speed"": 9, ""--max-tcp"": 1.0, ""--no-plot"": null, ""--serve-box"": null}",28,False,miss,0.325373,1.915352,0.154702,0.0,0.0,1.0,0.96,1.2,0.0,0.325373,0.0,1.69,1306.5,-1.0,-99.0,
exp26_tcp_grid,ablationfull__ballspeed9__maxtcp1.0__noplot__servebox,"{""--ablation"": ""full"", ""--ball-speed"": 9, ""--max-tcp"": 1.0, ""--no-plot"": null, ""--serve-box"": null}",14,True,active,0.142621,1.97853,0.130257,40.0,85.0,1.0,0.99,1.3,5.0,0.142621,0.783,2.86,2096.9,7.948,-6.523,
exp26_tcp_grid,ablationfull__ballspeed9__maxtcp1.0__noplot__servebox,"{""--ablation"": ""full"", ""--ball-speed"": 9, ""--max-tcp"": 1.0, ""--no-plot"": null, ""--serve-box"": null}",13,True,active,0.145907,1.914642,0.145024,30.0,65.0,0.99,1.0,1.2,5.0,0.145907,0.694,3.01,2145.9,7.997,-3.031,
exp26_tcp_grid,ablationfull__ballspeed9__maxtcp1.0__noplot__servebox,"{""--ablation"": ""full"", ""--ball-speed"": 9, ""--max-tcp"": 1.0, ""--no-plot"": null, ""--serve-box"": null}",15,False,miss,0.321776,1.943886,0.152159,0.0,0.0,1.0,1.0,1.3,0.0,0.321776,0.0,2.85,2202.9,-1.0,-99.0,
exp26_tcp_grid,ablationfull__ballspeed9__maxtcp1.0__noplot__servebox,"{""--ablation"": ""full"", ""--ball-speed"": 9, ""--max-tcp"": 1.0, ""--no-plot"": null, ""--serve-box"": null}",30,True,active,0.114765,1.93471,0.059813,50.0,100.0,0.99,1.0,1.1,10.0,0.114765,0.961,1.47,1040.4,7.459,-1.472,
exp26_tcp_grid,ablationfull__ballspeed9__maxtcp1.0__noplot__servebox,"{""--ablation"": ""full"", ""--ball-speed"": 9, ""--max-tcp"": 1.0, ""--no-plot"": null, ""--serve-box"": null}",29,True,active,0.106476,1.908638,0.103461,35.0,105.0,0.99,1.0,1.2,5.0,0.106476,0.363,1.61,1209.5,7.521,-7.263,
exp26_tcp_grid,ablationfull__ballspeed9__maxtcp1.0__noplot__servebox,"{""--ablation"": ""full"", ""--ball-speed"": 9, ""--max-tcp"": 1.0, ""--no-plot"": null, ""--serve-box"": null}",23,True,active,0.137949,1.937477,0.1117,45.0,105.0,1.0,0.99,1.0,5.0,0.137949,0.752,2.9,2279.0,7.944,-6.041,
exp26_tcp_grid,ablationfull__ballspeed9__maxtcp1.0__noplot__servebox,"{""--ablation"": ""full"", ""--ball-speed"": 9, ""--max-tcp"": 1.0, ""--no-plot"": null, ""--serve-box"": null}",34,False,miss,0.320486,1.950082,0.154277,20.0,0.0,1.0,0.98,1.1,0.0,0.320486,0.0,1.5,1107.9,-1.0,-99.0,
exp26_tcp_grid,ablationfull__ballspeed9__maxtcp1.0__noplot__servebox,"{""--ablation"": ""full"", ""--ball-speed"": 9, ""--max-tcp"": 1.0, ""--no-plot"": null, ""--serve-box"": null}",33,False,miss,0.294423,1.973865,0.12675,25.0,105.0,1.01,0.98,1.1,0.0,0.294423,0.0,1.53,1089.0,-1.0,-99.0,
exp26_tcp_grid,ablationfull__ballspeed9__maxtcp1.0__noplot__servebox,"{""--ablation"": ""full"", ""--ball-speed"": 9, ""--max-tcp"": 1.0, ""--no-plot"": null, ""--serve-box"": null}",36,False,miss,0.301222,1.947342,0.160709,20.0,0.0,1.01,1.0,1.5,0.0,0.301222,0.0,1.47,1060.5,-1.0,-99.0,
exp26_tcp_grid,ablationfull__ballspeed9__maxtcp1.0__noplot__servebox,"{""--ablation"": ""full"", ""--ball-speed"": 9, ""--max-tcp"": 1.0, ""--no-plot"": null, ""--serve-box"": null}",38,False,miss,0.313152,1.940853,0.149301,25.0,55.0,1.0,0.99,1.4,0.0,0.313152,0.0,1.42,1058.8,-1.0,-99.0,
exp26_tcp_grid,ablationfull__ballspeed9__maxtcp1.0__noplot__servebox,"{""--ablation"": ""full"", ""--ball-speed"": 9, ""--max-tcp"": 1.0, ""--no-plot"": null, ""--serve-box"": null}",39,False,miss,0.311348,1.913248,0.145517,25.0,65.0,1.01,1.0,1.3,0.0,0.311348,0.0,1.48,1061.3,-1.0,-99.0,
exp26_tcp_grid,ablationfull__ballspeed9__maxtcp1.0__noplot__servebox,"{""--ablation"": ""full"", ""--ball-speed"": 9, ""--max-tcp"": 1.0, ""--no-plot"": null, ""--serve-box"": null}",40,True,active,0.117767,1.947426,0.094112,45.0,105.0,1.0,0.95,1.0,10.0,0.117767,0.947,1.58,1182.9,7.512,-3.425,
exp26_tcp_grid,ablationfull__ballspeed9__maxtcp1.0__noplot__servebox,"{""--ablation"": ""full"", ""--ball-speed"": 9, ""--max-tcp"": 1.0, ""--no-plot"": null, ""--serve-box"": null}",41,False,miss,0.276643,1.924973,0.159135,20.0,35.0,1.0,0.99,1.5,0.0,0.276643,0.0,1.54,1057.6,-1.0,-99.0,
exp26_tcp_grid,ablationfull__ballspeed9__maxtcp1.0__noplot__servebox,"{""--ablation"": ""full"", ""--ball-speed"": 9, ""--max-tcp"": 1.0, ""--no-plot"": null, ""--serve-box"": null}",32,True,active,0.141327,1.940806,0.130367,40.0,90.0,1.01,0.99,1.1,5.0,0.141327,0.723,2.55,1961.3,7.966,-7.376,
exp26_tcp_grid,ablationfull__ballspeed9__maxtcp1.0__noplot__servebox,"{""--ablation"": ""full"", ""--ball-speed"": 9, ""--max-tcp"": 1.0, ""--no-plot"": null, ""--serve-box"": null}",44,False,miss,0.371698,1.975036,0.181756,10.0,0.0,1.01,1.0,1.3,0.0,0.371698,0.0,1.47,1069.4,-1.0,-99.0,
exp26_tcp_grid,ablationfull__ballspeed9__maxtcp1.0__noplot__servebox,"{""--ablation"": ""full"", ""--ball-speed"": 9, ""--max-tcp"": 1.0, ""--no-plot"": null, ""--serve-box"": null}",31,False,miss,0.345365,1.934785,0.21877,0.0,0.0,1.0,1.0,1.4,0.0,0.345365,0.0,2.85,2144.4,-1.0,-99.0,
exp26_tcp_grid,ablationfull__ballspeed9__maxtcp1.0__noplot__servebox,"{""--ablation"": ""full"", ""--ball-speed"": 9, ""--max-tcp"": 1.0, ""--no-plot"": null, ""--serve-box"": null}",45,False,miss,0.334334,1.970287,0.192642,0.0,0.0,1.01,0.98,1.5,0.0,0.334334,0.0,1.65,1260.4,-1.0,-99.0,
exp26_tcp_grid,ablationfull__ballspeed9__maxtcp1.0__noplot__servebox,"{""--ablation"": ""full"", ""--ball-speed"": 9, ""--max-tcp"": 1.0, ""--no-plot"": null, ""--serve-box"": null}",48,False,miss,0.306358,1.938086,0.163746,15.0,0.0,1.0,1.0,1.4,0.0,0.306358,0.0,1.36,1012.7,-1.0,-99.0,
exp26_tcp_grid,ablationfull__ballspeed9__maxtcp1.0__noplot__servebox,"{""--ablation"": ""full"", ""--ball-speed"": 9, ""--max-tcp"": 1.0, ""--no-plot"": null, ""--serve-box"": null}",47,True,active,0.11807,1.897822,0.11807,35.0,105.0,1.01,0.99,1.2,10.0,0.11807,0.762,1.4,1023.1,7.679,-6.488,
exp26_tcp_grid,ablationfull__ballspeed9__maxtcp1.0__noplot__servebox,"{""--ablation"": ""full"", ""--ball-speed"": 9, ""--max-tcp"": 1.0, ""--no-plot"": null, ""--serve-box"": null}",43,False,miss,0.332009,1.940485,0.173879,10.0,0.0,1.01,1.0,1.2,0.0,0.332009,0.0,2.15,1631.1,-1.0,-99.0,
exp26_tcp_grid,ablationfull__ballspeed9__maxtcp1.0__noplot__servebox,"{""--ablation"": ""full"", ""--ball-speed"": 9, ""--max-tcp"": 1.0, ""--no-plot"": null, ""--serve-box"": null}",46,False,miss,0.327285,1.949833,0.163647,20.0,0.0,1.0,1.0,1.2,0.0,0.327285,0.0,1.53,1015.7,-1.0,-99.0,
exp26_tcp_grid,ablationfull__ballspeed9__maxtcp1.0__noplot__servebox,"{""--ablation"": ""full"", ""--ball-speed"": 9, ""--max-tcp"": 1.0, ""--no-plot"": null, ""--serve-box"": null}",35,False,miss,0.318337,1.912362,0.154622,20.0,0.0,1.0,1.0,1.4,0.0,0.318337,0.0,3.0,2253.4,-1.0,-99.0,
exp26_tcp_grid,ablationfull__ballspeed9__maxtcp1.0__noplot__servebox,"{""--ablation"": ""full"", ""--ball-speed"": 9, ""--max-tcp"": 1.0, ""--no-plot"": null, ""--serve-box"": null}",37,False,miss,0.330309,1.929537,0.161348,20.0,0.0,1.0,1.0,1.2,0.0,0.330309,0.0,2.98,2259.4,-1.0,-99.0,
exp26_tcp_grid,ablationfull__ballspeed9__maxtcp1.0__noplot__servebox,"{""--ablation"": ""full"", ""--ball-speed"": 9, ""--max-tcp"": 1.0, ""--no-plot"": null, ""--serve-box"": null}",52,True,active,0.11916,1.931036,0.104743,40.0,105.0,1.0,0.97,1.1,15.0,0.11916,0.982,1.39,1043.1,7.5,-3.343,
exp26_tcp_grid,ablationfull__ballspeed9__maxtcp1.0__noplot__servebox,"{""--ablation"": ""full"", ""--ball-speed"": 9, ""--max-tcp"": 1.0, ""--no-plot"": null, ""--serve-box"": null}",55,False,miss,0.344933,1.959745,0.169602,0.0,0.0,1.0,0.99,1.4,0.0,0.344933,0.0,1.41,1038.2,-1.0,-99.0,
exp26_tcp_grid,ablationfull__ballspeed9__maxtcp1.0__noplot__servebox,"{""--ablation"": ""full"", ""--ball-speed"": 9, ""--max-tcp"": 1.0, ""--no-plot"": null, ""--serve-box"": null}",42,True,active,0.101938,1.97827,0.056735,50.0,105.0,1.01,0.97,1.0,15.0,0.101938,0.987,3.15,2277.8,7.951,-4.309,
exp26_tcp_grid,ablationfull__ballspeed9__maxtcp1.0__noplot__servebox,"{""--ablation"": ""full"", ""--ball-speed"": 9, ""--max-tcp"": 1.0, ""--no-plot"": null, ""--serve-box"": null}",51,False,miss,0.33265,1.930265,0.170235,15.0,0.0,1.0,0.99,1.5,0.0,0.33265,0.0,1.88,1530.2,-1.0,-99.0,
exp26_tcp_grid,ablationfull__ballspeed9__maxtcp1.0__noplot__servebox,"{""--ablation"": ""full"", ""--ball-speed"": 9, ""--max-tcp"": 1.0, ""--no-plot"": null, ""--serve-box"": null}",56,False,miss,0.347574,1.923901,0.193763,0.0,0.0,1.0,1.0,1.4,0.0,0.347574,0.0,1.44,1019.9,-1.0,-99.0,
exp26_tcp_grid,ablationfull__ballspeed9__maxtcp1.0__noplot__servebox,"{""--ablation"": ""full"", ""--ball-speed"": 9, ""--max-tcp"": 1.0, ""--no-plot"": null, ""--serve-box"": null}",57,False,miss,0.329106,1.954639,0.156476,0.0,0.0,1.0,0.99,1.3,0.0,0.329106,0.0,1.46,1038.0,-1.0,-99.0,
exp26_tcp_grid,ablationfull__ballspeed9__maxtcp1.0__noplot__servebox,"{""--ablation"": ""full"", ""--ball-speed"": 9, ""--max-tcp"": 1.0, ""--no-plot"": null, ""--serve-box"": null}",59,True,active,0.098752,1.955384,0.064949,40.0,105.0,1.01,0.99,1.1,15.0,0.098752,0.995,1.42,1023.1,7.641,-1.816,
exp26_tcp_grid,ablationfull__ballspeed9__maxtcp1.0__noplot__servebox,"{""--ablation"": ""full"", ""--ball-speed"": 9, ""--max-tcp"": 1.0, ""--no-plot"": null, ""--serve-box"": null}",54,True,active,0.071011,1.957892,0.058593,0.0,0.0,1.01,0.97,1.2,15.0,0.071011,0.916,2.16,1387.0,8.445,0.893,
exp26_tcp_grid,ablationfull__ballspeed9__maxtcp1.0__noplot__servebox,"{""--ablation"": ""full"", ""--ball-speed"": 9, ""--max-tcp"": 1.0, ""--no-plot"": null, ""--serve-box"": null}",49,False,miss,0.309425,1.950847,0.155206,25.0,0.0,1.0,1.0,1.5,0.0,0.309425,0.0,3.01,2285.2,-1.0,-99.0,
exp26_tcp_grid,ablationfull__ballspeed9__maxtcp1.0__noplot__servebox,"{""--ablation"": ""full"", ""--ball-speed"": 9, ""--max-tcp"": 1.0, ""--no-plot"": null, ""--serve-box"": null}",62,True,active,0.124222,1.957533,0.103612,40.0,105.0,1.0,0.97,1.2,10.0,0.124222,0.981,1.67,1226.1,7.998,-5.177,
exp26_tcp_grid,ablationfull__ballspeed9__maxtcp1.0__noplot__servebox,"{""--ablation"": ""full"", ""--ball-speed"": 9, ""--max-tcp"": 1.0, ""--no-plot"": null, ""--serve-box"": null}",61,False,miss,0.301493,1.958727,0.147462,25.0,55.0,1.0,0.98,1.0,0.0,0.301493,0.0,1.85,1175.5,-1.0,-99.0,
exp26_tcp_grid,ablationfull__ballspeed9__maxtcp1.0__noplot__servebox,"{""--ablation"": ""full"", ""--ball-speed"": 9, ""--max-tcp"": 1.0, ""--no-plot"": null, ""--serve-box"": null}",58,True,active,0.092619,1.9121,0.07895,45.0,105.0,1.0,0.99,1.2,15.0,0.092619,0.95,2.06,1628.5,6.214,-2.024,
exp26_tcp_grid,ablationfull__ballspeed9__maxtcp1.0__noplot__servebox,"{""--ablation"": ""full"", ""--ball-speed"": 9, ""--max-tcp"": 1.0, ""--no-plot"": null, ""--serve-box"": null}",63,True,active,0.080459,1.967026,0.04788,50.0,105.0,1.01,0.98,0.9,15.0,0.080459,0.907,1.48,1062.4,7.264,-5.04,
exp26_tcp_grid,ablationfull__ballspeed9__maxtcp1.0__noplot__servebox,"{""--ablation"": ""full"", ""--ball-speed"": 9, ""--max-tcp"": 1.0, ""--no-plot"": null, ""--serve-box"": null}",50,False,miss,0.320614,1.937841,0.133157,30.0,105.0,1.01,0.95,1.3,0.0,0.320614,0.0,3.07,2294.5,-1.0,-99.0,
exp26_tcp_grid,ablationfull__ballspeed9__maxtcp1.0__noplot__servebox,"{""--ablation"": ""full"", ""--ball-speed"": 9, ""--max-tcp"": 1.0, ""--no-plot"": null, ""--serve-box"": null}",53,True,active,0.059386,1.933035,0.059386,45.0,105.0,0.99,1.0,1.2,5.0,0.059386,0.581,2.98,2208.0,7.57,-4.508,
exp26_tcp_grid,ablationfull__ballspeed9__maxtcp1.0__noplot__servebox,"{""--ablation"": ""full"", ""--ball-speed"": 9, ""--max-tcp"": 1.0, ""--no-plot"": null, ""--serve-box"": null}",65,False,miss,0.308743,1.979507,0.142402,25.0,65.0,1.01,0.98,1.1,0.0,0.308743,0.0,1.42,1020.1,-1.0,-99.0,
exp26_tcp_grid,ablationfull__ballspeed9__maxtcp1.0__noplot__servebox,"{""--ablation"": ""full"", ""--ball-speed"": 9, ""--max-tcp"": 1.0, ""--no-plot"": null, ""--serve-box"": null}",66,False,miss,0.329994,1.932398,0.169779,15.0,0.0,1.0,0.99,1.4,0.0,0.329994,0.0,1.51,1046.1,-1.0,-99.0,
exp26_tcp_grid,ablationfull__ballspeed9__maxtcp1.0__noplot__servebox,"{""--ablation"": ""full"", ""--ball-speed"": 9, ""--max-tcp"": 1.0, ""--no-plot"": null, ""--serve-box"": null}",64,False,miss,0.340864,1.933978,0.190744,0.0,0.0,1.0,0.97,1.2,0.0,0.340864,0.0,1.86,1176.0,-1.0,-99.0,
exp26_tcp_grid,ablationfull__ballspeed9__maxtcp1.0__noplot__servebox,"{""--ablation"": ""full"", ""--ball-speed"": 9, ""--max-tcp"": 1.0, ""--no-plot"": null, ""--serve-box"": null}",69,False,miss,0.339652,1.962285,0.187816,0.0,0.0,0.99,1.0,1.2,0.0,0.339652,0.0,1.4,1028.7,-1.0,-99.0,
exp26_tcp_grid,ablationfull__ballspeed9__maxtcp1.0__noplot__servebox,"{""--ablation"": ""full"", ""--ball-speed"": 9, ""--max-tcp"": 1.0, ""--no-plot"": null, ""--serve-box"": null}",60,False,miss,0.34499,1.95833,0.187401,0.0,0.0,1.0,1.0,1.3,0.0,0.34499,0.0,2.87,2195.1,-1.0,-99.0,
exp26_tcp_grid,ablationfull__ballspeed9__maxtcp1.0__noplot__servebox,"{""--ablation"": ""full"", ""--ball-speed"": 9, ""--max-tcp"": 1.0, ""--no-plot"": null, ""--serve-box"": null}",67,True,active,0.129254,1.92316,0.122165,35.0,95.0,1.0,0.99,1.3,10.0,0.129254,0.858,1.97,1279.7,7.227,-5.106,
exp26_tcp_grid,ablationfull__ballspeed9__maxtcp1.0__noplot__servebox,"{""--ablation"": ""full"", ""--ball-speed"": 9, ""--max-tcp"": 1.0, ""--no-plot"": null, ""--serve-box"": null}",68,True,active,0.100959,1.9423,0.091401,45.0,105.0,0.99,0.98,1.3,5.0,0.100959,0.651,2.13,1573.4,7.618,-3.109,
exp26_tcp_grid,ablationfull__ballspeed9__maxtcp1.0__noplot__servebox,"{""--ablation"": ""full"", ""--ball-speed"": 9, ""--max-tcp"": 1.0, ""--no-plot"": null, ""--serve-box"": null}",71,False,miss,0.345599,2.005829,0.131008,30.0,80.0,1.01,0.99,1.3,0.0,0.345599,0.0,1.62,1105.1,-1.0,-99.0,
exp26_tcp_grid,ablationfull__ballspeed9__maxtcp1.0__noplot__servebox,"{""--ablation"": ""full"", ""--ball-speed"": 9, ""--max-tcp"": 1.0, ""--no-plot"": null, ""--serve-box"": null}",72,True,active,0.124547,1.958897,0.122245,35.0,105.0,1.01,1.0,1.4,10.0,0.124547,0.952,1.48,1070.9,7.784,-4.914,
exp26_tcp_grid,ablationfull__ballspeed9__maxtcp1.0__noplot__servebox,"{""--ablation"": ""full"", ""--ball-speed"": 9, ""--max-tcp"": 1.0, ""--no-plot"": null, ""--serve-box"": null}",73,False,miss,0.344365,1.979185,0.150831,25.0,10.0,1.01,1.0,1.1,0.0,0.344365,0.0,1.52,1102.9,-1.0,-99.0,
exp26_tcp_grid,ablationfull__ballspeed9__maxtcp1.0__noplot__servebox,"{""--ablation"": ""full"", ""--ball-speed"": 9, ""--max-tcp"": 1.0, ""--no-plot"": null, ""--serve-box"": null}",74,False,miss,0.323938,1.955863,0.158207,20.0,0.0,1.01,1.0,1.5,0.0,0.323938,0.0,1.53,1098.3,-1.0,-99.0,
exp26_tcp_grid,ablationfull__ballspeed9__maxtcp1.0__noplot__servebox,"{""--ablation"": ""full"", ""--ball-speed"": 9, ""--max-tcp"": 1.0, ""--no-plot"": null, ""--serve-box"": null}",75,False,miss,0.280472,1.946951,0.153771,20.0,35.0,1.0,0.99,1.4,0.0,0.280472,0.0,1.67,1209.6,-1.0,-99.0,
exp26_tcp_grid,ablationfull__ballspeed9__maxtcp1.0__noplot__servebox,"{""--ablation"": ""full"", ""--ball-speed"": 9, ""--max-tcp"": 1.0, ""--no-plot"": null, ""--serve-box"": null}",80,True,active,0.117676,1.926712,0.115049,35.0,105.0,1.01,1.0,1.7,0.0,0.117676,0.439,1.41,1027.0,6.826,-6.337,
exp26_tcp_grid,ablationfull__ballspeed9__maxtcp1.0__noplot__servebox,"{""--ablation"": ""full"", ""--ball-speed"": 9, ""--max-tcp"": 1.0, ""--no-plot"": null, ""--serve-box"": null}",78,False,miss,0.311871,1.944694,0.148872,20.0,50.0,1.0,0.99,1.3,0.0,0.311871,0.0,1.78,1131.4,-1.0,-99.0,
exp26_tcp_grid,ablationfull__ballspeed9__maxtcp1.0__noplot__servebox,"{""--ablation"": ""full"", ""--ball-speed"": 9, ""--max-tcp"": 1.0, ""--no-plot"": null, ""--serve-box"": null}",76,True,active,0.09114,1.898783,0.077228,0.0,0.0,1.0,0.98,1.4,10.0,0.09114,0.986,2.1,1670.9,7.923,2.85,
exp26_tcp_grid,ablationfull__ballspeed9__maxtcp1.0__noplot__servebox,"{""--ablation"": ""full"", ""--ball-speed"": 9, ""--max-tcp"": 1.0, ""--no-plot"": null, ""--serve-box"": null}",83,False,miss,0.317791,1.96152,0.158407,20.0,0.0,1.01,0.99,1.3,0.0,0.317791,0.0,1.5,1007.6,-1.0,-99.0,
exp26_tcp_grid,ablationfull__ballspeed9__maxtcp1.0__noplot__servebox,"{""--ablation"": ""full"", ""--ball-speed"": 9, ""--max-tcp"": 1.0, ""--no-plot"": null, ""--serve-box"": null}",70,False,miss,0.32579,1.95155,0.156593,20.0,0.0,1.01,1.0,1.3,0.0,0.32579,0.0,3.08,2280.6,-1.0,-99.0,
exp26_tcp_grid,ablationfull__ballspeed9__maxtcp1.0__noplot__servebox,"{""--ablation"": ""full"", ""--ball-speed"": 9, ""--max-tcp"": 1.0, ""--no-plot"": null, ""--serve-box"": null}",86,False,miss,0.315043,1.937361,0.130652,30.0,105.0,1.01,0.98,1.1,0.0,0.315043,0.0,1.42,1032.5,-1.0,-99.0,
exp26_tcp_grid,ablationfull__ballspeed9__maxtcp1.0__noplot__servebox,"{""--ablation"": ""full"", ""--ball-speed"": 9, ""--max-tcp"": 1.0, ""--no-plot"": null, ""--serve-box"": null}",85,True,active,0.145036,1.951826,0.137738,40.0,105.0,1.0,1.0,1.2,0.0,0.145036,0.642,1.53,1044.0,8.017,-4.308,
exp26_tcp_grid,ablationfull__ballspeed9__maxtcp1.0__noplot__servebox,"{""--ablation"": ""full"", ""--ball-speed"": 9, ""--max-tcp"": 1.0, ""--no-plot"": null, ""--serve-box"": null}",87,False,miss,0.333755,1.922392,0.166781,20.0,0.0,1.0,0.99,1.3,0.0,0.333755,0.0,1.4,999.1,-1.0,-99.0,
exp26_tcp_grid,ablationfull__ballspeed9__maxtcp1.0__noplot__servebox,"{""--ablation"": ""full"", ""--ball-speed"": 9, ""--max-tcp"": 1.0, ""--no-plot"": null, ""--serve-box"": null}",88,False,miss,0.334816,1.960512,0.173799,10.0,0.0,1.0,0.98,1.3,0.0,0.334816,0.0,1.46,1030.0,-1.0,-99.0,
exp26_tcp_grid,ablationfull__ballspeed9__maxtcp1.0__noplot__servebox,"{""--ablation"": ""full"", ""--ball-speed"": 9, ""--max-tcp"": 1.0, ""--no-plot"": null, ""--serve-box"": null}",90,False,miss,0.324742,1.956086,0.155614,20.0,0.0,1.01,1.0,1.1,0.0,0.324742,0.0,1.38,1011.3,-1.0,-99.0,
exp26_tcp_grid,ablationfull__ballspeed9__maxtcp1.0__noplot__servebox,"{""--ablation"": ""full"", ""--ball-speed"": 9, ""--max-tcp"": 1.0, ""--no-plot"": null, ""--serve-box"": null}",77,True,active,0.120145,1.89752,0.111739,40.0,105.0,0.98,1.0,1.4,10.0,0.120145,0.859,3.21,2299.0,7.321,-5.688,
exp26_tcp_grid,ablationfull__ballspeed9__maxtcp1.0__noplot__servebox,"{""--ablation"": ""full"", ""--ball-speed"": 9, ""--max-tcp"": 1.0, ""--no-plot"": null, ""--serve-box"": null}",81,False,miss,0.326973,1.96002,0.146686,25.0,50.0,1.0,0.98,1.3,0.0,0.326973,0.0,2.84,2008.9,-1.0,-99.0,
exp26_tcp_grid,ablationfull__ballspeed9__maxtcp1.0__noplot__servebox,"{""--ablation"": ""full"", ""--ball-speed"": 9, ""--max-tcp"": 1.0, ""--no-plot"": null, ""--serve-box"": null}",91,True,active,0.105857,1.935624,0.096825,40.0,105.0,1.0,0.99,1.4,5.0,0.105857,0.317,1.55,1122.9,7.053,-6.873,
exp26_tcp_grid,ablationfull__ballspeed9__maxtcp1.0__noplot__servebox,"{""--ablation"": ""full"", ""--ball-speed"": 9, ""--max-tcp"": 1.0, ""--no-plot"": null, ""--serve-box"": null}",79,False,miss,0.329565,1.902459,0.152238,20.0,0.0,0.99,0.99,1.2,0.0,0.329565,0.0,3.09,2329.8,-1.0,-99.0,
exp26_tcp_grid,ablationfull__ballspeed9__maxtcp1.0__noplot__servebox,"{""--ablation"": ""full"", ""--ball-speed"": 9, ""--max-tcp"": 1.0, ""--no-plot"": null, ""--serve-box"": null}",93,False,miss,0.318182,1.968442,0.14314,25.0,50.0,1.0,0.95,1.1,0.0,0.318182,0.0,1.53,1126.3,-1.0,-99.0,
exp26_tcp_grid,ablationfull__ballspeed9__maxtcp1.0__noplot__servebox,"{""--ablation"": ""full"", ""--ball-speed"": 9, ""--max-tcp"": 1.0, ""--no-plot"": null, ""--serve-box"": null}",89,False,miss,0.302174,1.929683,0.137154,25.0,100.0,1.0,0.99,1.1,0.0,0.302174,0.0,2.23,1580.9,-1.0,-99.0,
exp26_tcp_grid,ablationfull__ballspeed9__maxtcp1.0__noplot__servebox,"{""--ablation"": ""full"", ""--ball-speed"": 9, ""--max-tcp"": 1.0, ""--no-plot"": null, ""--serve-box"": null}",82,False,miss,0.300464,1.948647,0.148713,25.0,20.0,1.0,1.0,1.4,0.0,0.300464,0.0,3.05,2237.2,-1.0,-99.0,
exp26_tcp_grid,ablationfull__ballspeed9__maxtcp1.0__noplot__servebox,"{""--ablation"": ""full"", ""--ball-speed"": 9, ""--max-tcp"": 1.0, ""--no-plot"": null, ""--serve-box"": null}",94,False,miss,0.318206,1.95594,0.125963,30.0,105.0,1.0,0.98,1.1,0.0,0.318206,0.0,1.47,1107.7,-1.0,-99.0,
exp26_tcp_grid,ablationfull__ballspeed9__maxtcp1.0__noplot__servebox,"{""--ablation"": ""full"", ""--ball-speed"": 9, ""--max-tcp"": 1.0, ""--no-plot"": null, ""--serve-box"": null}",84,True,active,0.104561,1.945285,0.061145,50.0,105.0,1.0,1.0,1.4,15.0,0.104561,0.937,3.03,2215.7,7.492,-4.665,
exp26_tcp_grid,ablationfull__ballspeed9__maxtcp1.0__noplot__servebox,"{""--ablation"": ""full"", ""--ball-speed"": 9, ""--max-tcp"": 1.0, ""--no-plot"": null, ""--serve-box"": null}",96,False,miss,0.295985,1.961213,0.141096,25.0,75.0,1.01,0.97,1.1,0.0,0.295985,0.0,1.42,1062.5,-1.0,-99.0,
exp26_tcp_grid,ablationfull__ballspeed9__maxtcp1.0__noplot__servebox,"{""--ablation"": ""full"", ""--ball-speed"": 9, ""--max-tcp"": 1.0, ""--no-plot"": null, ""--serve-box"": null}",98,False,miss,0.321055,1.913326,0.113918,0.0,15.0,1.0,0.98,1.2,0.0,0.321055,0.0,1.44,1063.6,-1.0,-99.0,
exp26_tcp_grid,ablationfull__ballspeed9__maxtcp1.0__noplot__servebox,"{""--ablation"": ""full"", ""--ball-speed"": 9, ""--max-tcp"": 1.0, ""--no-plot"": null, ""--serve-box"": null}",95,False,miss,0.319416,1.944249,0.134295,30.0,85.0,1.0,0.96,1.0,0.0,0.319416,0.0,1.78,1213.2,-1.0,-99.0,
exp26_tcp_grid,ablationfull__ballspeed9__maxtcp1.0__noplot__servebox,"{""--ablation"": ""full"", ""--ball-speed"": 9, ""--max-tcp"": 1.0, ""--no-plot"": null, ""--serve-box"": null}",99,False,miss,0.347723,1.941831,0.168928,15.0,0.0,1.0,0.99,1.3,0.0,0.347723,0.0,1.59,1123.7,-1.0,-99.0,
exp26_tcp_grid,ablationfull__ballspeed9__maxtcp1.0__noplot__servebox,"{""--ablation"": ""full"", ""--ball-speed"": 9, ""--max-tcp"": 1.0, ""--no-plot"": null, ""--serve-box"": null}",92,False,miss,0.355721,1.945455,0.161436,20.0,0.0,1.0,1.0,1.2,0.0,0.355721,0.0,2.55,1924.9,-1.0,-99.0,
exp26_tcp_grid,ablationfull__ballspeed9__maxtcp1.0__noplot__servebox,"{""--ablation"": ""full"", ""--ball-speed"": 9, ""--max-tcp"": 1.0, ""--no-plot"": null, ""--serve-box"": null}",100,False,miss,0.370963,1.956623,0.202138,0.0,0.0,1.0,0.99,1.3,0.0,0.370963,0.0,1.64,1259.9,-1.0,-99.0,
exp26_tcp_grid,ablationtube_only__ballspeed9__maxtcp1.0__noplot__servebox,"{""--ablation"": ""tube_only"", ""--ball-speed"": 9, ""--max-tcp"": 1.0, ""--no-plot"": null, ""--serve-box"": null}",1,False,miss,0.307005,1.901051,0.125603,30.0,85.0,1.0,0.99,1.4,0.0,0.307005,0.0,1.68,1163.6,-1.0,-99.0,
exp26_tcp_grid,ablationtube_only__ballspeed9__maxtcp1.0__noplot__servebox,"{""--ablation"": ""tube_only"", ""--ball-speed"": 9, ""--max-tcp"": 1.0, ""--no-plot"": null, ""--serve-box"": null}",6,True,active,0.116087,1.932891,0.104613,45.0,105.0,1.0,0.96,1.4,5.0,0.116087,0.687,1.49,1130.4,6.967,-2.739,
exp26_tcp_grid,ablationtube_only__ballspeed9__maxtcp1.0__noplot__servebox,"{""--ablation"": ""tube_only"", ""--ball-speed"": 9, ""--max-tcp"": 1.0, ""--no-plot"": null, ""--serve-box"": null}",9,False,miss,0.304967,1.96896,0.172751,10.0,0.0,1.0,1.0,1.3,0.0,0.304967,0.0,1.38,998.6,-1.0,-99.0,
exp26_tcp_grid,ablationtube_only__ballspeed9__maxtcp1.0__noplot__servebox,"{""--ablation"": ""tube_only"", ""--ball-speed"": 9, ""--max-tcp"": 1.0, ""--no-plot"": null, ""--serve-box"": null}",8,True,passive,0.100703,1.955679,0.091534,45.0,105.0,0.97,1.0,1.3,5.0,0.100703,0.161,1.61,1083.3,7.337,-7.165,
exp26_tcp_grid,ablationtube_only__ballspeed9__maxtcp1.0__noplot__servebox,"{""--ablation"": ""tube_only"", ""--ball-speed"": 9, ""--max-tcp"": 1.0, ""--no-plot"": null, ""--serve-box"": null}",3,False,miss,0.336559,1.905428,0.1796,10.0,0.0,1.0,1.0,1.3,0.0,0.336559,0.0,2.07,1616.5,-1.0,-99.0,
exp26_tcp_grid,ablationfull__ballspeed9__maxtcp1.0__noplot__servebox,"{""--ablation"": ""full"", ""--ball-speed"": 9, ""--max-tcp"": 1.0, ""--no-plot"": null, ""--serve-box"": null}",97,False,miss,0.339662,1.963922,0.150075,25.0,40.0,1.01,1.0,1.2,0.0,0.339662,0.0,2.92,2174.3,-1.0,-99.0,
exp26_tcp_grid,ablationtube_only__ballspeed9__maxtcp1.0__noplot__servebox,"{""--ablation"": ""tube_only"", ""--ball-speed"": 9, ""--max-tcp"": 1.0, ""--no-plot"": null, ""--serve-box"": null}",12,True,active,0.072083,1.952187,0.038289,50.0,105.0,1.0,1.0,1.0,10.0,0.072083,0.955,1.37,992.9,7.8,-3.597,
exp26_tcp_grid,ablationtube_only__ballspeed9__maxtcp1.0__noplot__servebox,"{""--ablation"": ""tube_only"", ""--ball-speed"": 9, ""--max-tcp"": 1.0, ""--no-plot"": null, ""--serve-box"": null}",10,False,miss,0.290858,1.93935,0.147411,25.0,55.0,0.99,0.99,1.3,0.0,0.290858,0.0,1.65,1231.7,-1.0,-99.0,
exp26_tcp_grid,ablationtube_only__ballspeed9__maxtcp1.0__noplot__servebox,"{""--ablation"": ""tube_only"", ""--ball-speed"": 9, ""--max-tcp"": 1.0, ""--no-plot"": null, ""--serve-box"": null}",5,False,miss,0.295213,1.935148,0.091379,0.0,0.0,0.99,0.97,1.1,0.0,0.295213,0.0,2.09,1681.5,-1.0,-99.0,
exp26_tcp_grid,ablationtube_only__ballspeed9__maxtcp1.0__noplot__servebox,"{""--ablation"": ""tube_only"", ""--ball-speed"": 9, ""--max-tcp"": 1.0, ""--no-plot"": null, ""--serve-box"": null}",20,,,,,,,,,,,,,,0.28,,,,no_result
exp26_tcp_grid,ablationtube_only__ballspeed9__maxtcp1.0__noplot__servebox,"{""--ablation"": ""tube_only"", ""--ball-speed"": 9, ""--max-tcp"": 1.0, ""--no-plot"": null, ""--serve-box"": null}",21,,,,,,,,,,,,,,0.25,,,,no_result
exp26_tcp_grid,ablationtube_only__ballspeed9__maxtcp1.0__noplot__servebox,"{""--ablation"": ""tube_only"", ""--ball-speed"": 9, ""--max-tcp"": 1.0, ""--no-plot"": null, ""--serve-box"": null}",14,False,miss,0.321889,1.962986,0.175841,15.0,0.0,1.01,0.99,1.4,0.0,0.321889,0.0,1.48,1044.8,-1.0,-99.0,
exp26_tcp_grid,ablationtube_only__ballspeed9__maxtcp1.0__noplot__servebox,"{""--ablation"": ""tube_only"", ""--ball-speed"": 9, ""--max-tcp"": 1.0, ""--no-plot"": null, ""--serve-box"": null}",15,False,miss,0.294199,1.942721,0.130411,0.0,0.0,1.0,0.99,1.3,0.0,0.294199,0.0,1.57,1222.5,-1.0,-99.0,
exp26_tcp_grid,ablationtube_only__ballspeed9__maxtcp1.0__noplot__servebox,"{""--ablation"": ""tube_only"", ""--ball-speed"": 9, ""--max-tcp"": 1.0, ""--no-plot"": null, ""--serve-box"": null}",2,False,miss,0.284393,1.93082,0.133195,0.0,0.0,1.0,1.0,1.2,0.0,0.284393,0.0,2.97,2239.0,-1.0,-99.0,
exp26_tcp_grid,ablationtube_only__ballspeed9__maxtcp1.0__noplot__servebox,"{""--ablation"": ""tube_only"", ""--ball-speed"": 9, ""--max-tcp"": 1.0, ""--no-plot"": null, ""--serve-box"": null}",4,False,miss,0.299905,1.933074,0.14787,25.0,35.0,1.0,1.0,1.1,0.0,0.299905,0.0,2.97,2296.0,-1.0,-99.0,
exp26_tcp_grid,ablationtube_only__ballspeed9__maxtcp1.0__noplot__servebox,"{""--ablation"": ""tube_only"", ""--ball-speed"": 9, ""--max-tcp"": 1.0, ""--no-plot"": null, ""--serve-box"": null}",7,True,active,0.111119,1.933715,0.074042,50.0,105.0,1.0,1.0,1.1,10.0,0.111119,0.954,2.73,2057.2,7.506,-1.007,
exp26_tcp_grid,ablationtube_only__ballspeed9__maxtcp1.0__noplot__servebox,"{""--ablation"": ""tube_only"", ""--ball-speed"": 9, ""--max-tcp"": 1.0, ""--no-plot"": null, ""--serve-box"": null}",11,True,active,0.119397,1.907404,0.096911,45.0,105.0,1.01,0.91,1.3,5.0,0.119397,0.834,2.39,1729.0,7.902,-3.25,
exp26_tcp_grid,ablationtube_only__ballspeed9__maxtcp1.0__noplot__servebox,"{""--ablation"": ""tube_only"", ""--ball-speed"": 9, ""--max-tcp"": 1.0, ""--no-plot"": null, ""--serve-box"": null}",16,True,active,0.070239,1.958791,0.038864,0.0,0.0,0.99,0.98,1.3,15.0,0.070239,0.953,1.58,1173.8,8.079,2.88,
exp26_tcp_grid,ablationtube_only__ballspeed9__maxtcp1.0__noplot__servebox,"{""--ablation"": ""tube_only"", ""--ball-speed"": 9, ""--max-tcp"": 1.0, ""--no-plot"": null, ""--serve-box"": null}",17,False,miss,0.295376,1.937231,0.145875,25.0,45.0,0.99,0.99,1.4,0.0,0.295376,0.0,1.61,1178.5,-1.0,-99.0,
exp26_tcp_grid,ablationtube_only__ballspeed9__maxtcp1.0__noplot__servebox,"{""--ablation"": ""tube_only"", ""--ball-speed"": 9, ""--max-tcp"": 1.0, ""--no-plot"": null, ""--serve-box"": null}",18,False,miss,0.31046,1.957206,0.139693,25.0,85.0,1.01,0.99,1.5,0.0,0.31046,0.0,1.58,1076.6,-1.0,-99.0,
exp26_tcp_grid,ablationtube_only__ballspeed9__maxtcp1.0__noplot__servebox,"{""--ablation"": ""tube_only"", ""--ball-speed"": 9, ""--max-tcp"": 1.0, ""--no-plot"": null, ""--serve-box"": null}",19,False,miss,0.285553,1.912708,0.116708,0.0,0.0,1.0,1.0,1.2,0.0,0.285553,0.0,1.5,1137.2,-1.0,-99.0,
exp26_tcp_grid,ablationtube_only__ballspeed9__maxtcp1.0__noplot__servebox,"{""--ablation"": ""tube_only"", ""--ball-speed"": 9, ""--max-tcp"": 1.0, ""--no-plot"": null, ""--serve-box"": null}",24,False,miss,0.302918,1.926871,0.150715,20.0,25.0,1.0,0.98,1.1,0.0,0.302918,0.0,1.45,1047.6,-1.0,-99.0,
exp26_tcp_grid,ablationtube_only__ballspeed9__maxtcp1.0__noplot__servebox,"{""--ablation"": ""tube_only"", ""--ball-speed"": 9, ""--max-tcp"": 1.0, ""--no-plot"": null, ""--serve-box"": null}",26,True,active,0.112484,1.910515,0.085923,5.0,40.0,1.0,0.93,1.4,15.0,0.112484,0.993,1.43,1028.2,8.092,0.379,
exp26_tcp_grid,ablationtube_only__ballspeed9__maxtcp1.0__noplot__servebox,"{""--ablation"": ""tube_only"", ""--ball-speed"": 9, ""--max-tcp"": 1.0, ""--no-plot"": null, ""--serve-box"": null}",13,True,active,0.073242,1.903751,0.062576,0.0,0.0,1.0,0.98,1.4,15.0,0.073242,0.94,3.04,2278.1,7.634,0.454,
exp26_tcp_grid,ablationtube_only__ballspeed9__maxtcp1.0__noplot__servebox,"{""--ablation"": ""tube_only"", ""--ball-speed"": 9, ""--max-tcp"": 1.0, ""--no-plot"": null, ""--serve-box"": null}",23,False,miss,0.292956,1.961441,0.128715,30.0,105.0,1.01,1.0,1.2,0.0,0.292956,0.0,1.87,1392.4,-1.0,-99.0,
exp26_tcp_grid,ablationtube_only__ballspeed9__maxtcp1.0__noplot__servebox,"{""--ablation"": ""tube_only"", ""--ball-speed"": 9, ""--max-tcp"": 1.0, ""--no-plot"": null, ""--serve-box"": null}",27,True,active,0.084457,1.934889,0.083501,40.0,105.0,0.99,1.0,1.1,0.0,0.084457,0.491,1.57,1156.3,7.416,-7.322,
exp26_tcp_grid,ablationtube_only__ballspeed9__maxtcp1.0__noplot__servebox,"{""--ablation"": ""tube_only"", ""--ball-speed"": 9, ""--max-tcp"": 1.0, ""--no-plot"": null, ""--serve-box"": null}",28,False,miss,0.278347,1.910352,0.101975,0.0,0.0,0.99,0.99,1.1,0.0,0.278347,0.0,1.48,1088.4,-1.0,-99.0,
exp26_tcp_grid,ablationtube_only__ballspeed9__maxtcp1.0__noplot__servebox,"{""--ablation"": ""tube_only"", ""--ball-speed"": 9, ""--max-tcp"": 1.0, ""--no-plot"": null, ""--serve-box"": null}",30,False,miss,0.291444,1.92857,0.11427,0.0,0.0,1.0,0.95,1.2,0.0,0.291444,0.0,1.5,1065.4,-1.0,-99.0,
exp26_tcp_grid,ablationtube_only__ballspeed9__maxtcp1.0__noplot__servebox,"{""--ablation"": ""tube_only"", ""--ball-speed"": 9, ""--max-tcp"": 1.0, ""--no-plot"": null, ""--serve-box"": null}",32,False,miss,0.307454,1.960321,0.142067,25.0,65.0,1.0,0.97,1.3,0.0,0.307454,0.0,1.55,1116.0,-1.0,-99.0,
exp26_tcp_grid,ablationtube_only__ballspeed9__maxtcp1.0__noplot__servebox,"{""--ablation"": ""tube_only"", ""--ball-speed"": 9, ""--max-tcp"": 1.0, ""--no-plot"": null, ""--serve-box"": null}",34,True,active,0.129089,1.945293,0.120303,40.0,105.0,0.98,0.98,1.3,5.0,0.129089,0.638,1.67,1126.6,7.808,-0.611,
exp26_tcp_grid,ablationtube_only__ballspeed9__maxtcp1.0__noplot__servebox,"{""--ablation"": ""tube_only"", ""--ball-speed"": 9, ""--max-tcp"": 1.0, ""--no-plot"": null, ""--serve-box"": null}",25,True,active,0.11432,1.911837,0.056236,50.0,100.0,0.98,0.97,1.2,10.0,0.11432,0.956,2.82,2008.2,7.323,-3.295,
exp26_tcp_grid,ablationtube_only__ballspeed9__maxtcp1.0__noplot__servebox,"{""--ablation"": ""tube_only"", ""--ball-speed"": 9, ""--max-tcp"": 1.0, ""--no-plot"": null, ""--serve-box"": null}",22,True,active,0.099784,1.880718,0.060583,0.0,0.0,1.0,0.8,1.3,15.0,0.099784,0.991,2.98,2191.6,7.889,0.404,
exp26_tcp_grid,ablationtube_only__ballspeed9__maxtcp1.0__noplot__servebox,"{""--ablation"": ""tube_only"", ""--ball-speed"": 9, ""--max-tcp"": 1.0, ""--no-plot"": null, ""--serve-box"": null}",37,False,miss,0.294021,1.910215,0.14028,25.0,85.0,0.98,0.99,1.3,0.0,0.294021,0.0,1.44,1061.8,-1.0,-99.0,
exp26_tcp_grid,ablationtube_only__ballspeed9__maxtcp1.0__noplot__servebox,"{""--ablation"": ""tube_only"", ""--ball-speed"": 9, ""--max-tcp"": 1.0, ""--no-plot"": null, ""--serve-box"": null}",38,True,active,0.112999,1.929218,0.07148,50.0,105.0,1.0,0.95,1.0,10.0,0.112999,0.948,1.59,1164.0,7.822,-2.997,
exp26_tcp_grid,ablationtube_only__ballspeed9__maxtcp1.0__noplot__servebox,"{""--ablation"": ""tube_only"", ""--ball-speed"": 9, ""--max-tcp"": 1.0, ""--no-plot"": null, ""--serve-box"": null}",39,False,miss,0.30831,1.889879,0.137311,25.0,85.0,1.0,0.99,1.0,0.0,0.30831,0.0,1.49,1016.9,-1.0,-99.0,
exp26_tcp_grid,ablationtube_only__ballspeed9__maxtcp1.0__noplot__servebox,"{""--ablation"": ""tube_only"", ""--ball-speed"": 9, ""--max-tcp"": 1.0, ""--no-plot"": null, ""--serve-box"": null}",40,True,active,0.126334,1.941028,0.106822,45.0,105.0,1.0,1.0,1.4,5.0,0.126334,0.802,1.41,1031.8,7.699,-1.738,
exp26_tcp_grid,ablationtube_only__ballspeed9__maxtcp1.0__noplot__servebox,"{""--ablation"": ""tube_only"", ""--ball-speed"": 9, ""--max-tcp"": 1.0, ""--no-plot"": null, ""--serve-box"": null}",35,False,miss,0.317984,1.900586,0.132671,15.0,60.0,0.99,0.97,1.3,0.0,0.317984,0.0,2.33,1545.4,-1.0,-99.0,
exp26_tcp_grid,ablationtube_only__ballspeed9__maxtcp1.0__noplot__servebox,"{""--ablation"": ""tube_only"", ""--ball-speed"": 9, ""--max-tcp"": 1.0, ""--no-plot"": null, ""--serve-box"": null}",31,True,active,0.135977,1.939309,0.12925,40.0,90.0,1.0,0.99,1.3,5.0,0.135977,0.651,3.01,2260.8,7.038,-4.405,
exp26_tcp_grid,ablationtube_only__ballspeed9__maxtcp1.0__noplot__servebox,"{""--ablation"": ""tube_only"", ""--ball-speed"": 9, ""--max-tcp"": 1.0, ""--no-plot"": null, ""--serve-box"": null}",33,False,miss,0.292581,1.958997,0.139161,25.0,85.0,1.0,0.92,1.2,0.0,0.292581,0.0,2.92,2292.6,-1.0,-99.0,
exp26_tcp_grid,ablationtube_only__ballspeed9__maxtcp1.0__noplot__servebox,"{""--ablation"": ""tube_only"", ""--ball-speed"": 9, ""--max-tcp"": 1.0, ""--no-plot"": null, ""--serve-box"": null}",42,True,active,0.091255,1.904339,0.055894,40.0,80.0,1.0,0.95,1.1,15.0,0.091255,0.997,1.76,1236.0,8.088,-2.151,
exp26_tcp_grid,ablationtube_only__ballspeed9__maxtcp1.0__noplot__servebox,"{""--ablation"": ""tube_only"", ""--ball-speed"": 9, ""--max-tcp"": 1.0, ""--no-plot"": null, ""--serve-box"": null}",29,False,miss,0.228323,1.852875,0.145669,25.0,95.0,1.0,0.99,1.5,0.0,0.228323,0.0,3.15,2281.8,-1.0,-99.0,
exp26_tcp_grid,ablationtube_only__ballspeed9__maxtcp1.0__noplot__servebox,"{""--ablation"": ""tube_only"", ""--ball-speed"": 9, ""--max-tcp"": 1.0, ""--no-plot"": null, ""--serve-box"": null}",43,False,miss,0.30991,1.914391,0.147488,25.0,55.0,1.0,0.98,1.2,0.0,0.30991,0.0,1.71,1305.0,-1.0,-99.0,
exp26_tcp_grid,ablationtube_only__ballspeed9__maxtcp1.0__noplot__servebox,"{""--ablation"": ""tube_only"", ""--ball-speed"": 9, ""--max-tcp"": 1.0, ""--no-plot"": null, ""--serve-box"": null}",44,True,active,0.112994,1.917384,0.092746,45.0,105.0,1.0,0.99,1.4,10.0,0.112994,0.928,1.52,1049.1,7.702,-4.753,
exp26_tcp_grid,ablationtube_only__ballspeed9__maxtcp1.0__noplot__servebox,"{""--ablation"": ""tube_only"", ""--ball-speed"": 9, ""--max-tcp"": 1.0, ""--no-plot"": null, ""--serve-box"": null}",36,False,miss,0.302173,1.949614,0.137757,25.0,105.0,1.0,0.97,1.2,0.0,0.302173,0.0,2.87,2217.4,-1.0,-99.0,
exp26_tcp_grid,ablationtube_only__ballspeed9__maxtcp1.0__noplot__servebox,"{""--ablation"": ""tube_only"", ""--ball-speed"": 9, ""--max-tcp"": 1.0, ""--no-plot"": null, ""--serve-box"": null}",45,False,miss,0.310632,1.945771,0.175617,10.0,0.0,0.99,1.0,1.3,0.0,0.310632,0.0,1.47,1049.0,-1.0,-99.0,
exp26_tcp_grid,ablationtube_only__ballspeed9__maxtcp1.0__noplot__servebox,"{""--ablation"": ""tube_only"", ""--ball-speed"": 9, ""--max-tcp"": 1.0, ""--no-plot"": null, ""--serve-box"": null}",41,True,active,0.121601,1.944324,0.121601,0.0,0.0,1.0,1.0,1.5,0.0,0.121601,0.599,2.27,1429.3,8.315,1.962,
exp26_tcp_grid,ablationtube_only__ballspeed9__maxtcp1.0__noplot__servebox,"{""--ablation"": ""tube_only"", ""--ball-speed"": 9, ""--max-tcp"": 1.0, ""--no-plot"": null, ""--serve-box"": null}",48,True,active,0.136808,1.965688,0.12421,40.0,100.0,1.01,0.99,1.2,5.0,0.136808,0.781,1.55,1133.4,8.026,-5.646,
exp26_tcp_grid,ablationtube_only__ballspeed9__maxtcp1.0__noplot__servebox,"{""--ablation"": ""tube_only"", ""--ball-speed"": 9, ""--max-tcp"": 1.0, ""--no-plot"": null, ""--serve-box"": null}",49,False,miss,0.301509,1.95144,0.149437,25.0,20.0,1.0,0.99,1.2,0.0,0.301509,0.0,1.5,1136.9,-1.0,-99.0,
exp26_tcp_grid,ablationtube_only__ballspeed9__maxtcp1.0__noplot__servebox,"{""--ablation"": ""tube_only"", ""--ball-speed"": 9, ""--max-tcp"": 1.0, ""--no-plot"": null, ""--serve-box"": null}",47,True,active,0.099027,1.877299,0.092813,40.0,105.0,1.0,1.0,1.1,5.0,0.099027,0.571,1.85,1213.6,7.389,-4.978,
exp26_tcp_grid,ablationtube_only__ballspeed9__maxtcp1.0__noplot__servebox,"{""--ablation"": ""tube_only"", ""--ball-speed"": 9, ""--max-tcp"": 1.0, ""--no-plot"": null, ""--serve-box"": null}",51,False,miss,0.328032,1.936585,0.161008,20.0,0.0,1.0,0.97,1.3,0.0,0.328032,0.0,1.7,1356.9,-1.0,-99.0,
exp26_tcp_grid,ablationtube_only__ballspeed9__maxtcp1.0__noplot__servebox,"{""--ablation"": ""tube_only"", ""--ball-speed"": 9, ""--max-tcp"": 1.0, ""--no-plot"": null, ""--serve-box"": null}",50,True,active,0.121059,1.895069,0.100478,40.0,100.0,1.0,1.0,1.8,15.0,0.121059,0.969,1.9,1263.4,7.582,-0.474,
exp26_tcp_grid,ablationtube_only__ballspeed9__maxtcp1.0__noplot__servebox,"{""--ablation"": ""tube_only"", ""--ball-speed"": 9, ""--max-tcp"": 1.0, ""--no-plot"": null, ""--serve-box"": null}",56,False,miss,0.332867,1.919276,0.174311,10.0,0.0,1.0,1.0,1.3,0.0,0.332867,0.0,1.48,1026.4,-1.0,-99.0,
exp26_tcp_grid,ablationtube_only__ballspeed9__maxtcp1.0__noplot__servebox,"{""--ablation"": ""tube_only"", ""--ball-speed"": 9, ""--max-tcp"": 1.0, ""--no-plot"": null, ""--serve-box"": null}",53,True,active,0.078509,1.937522,0.062591,0.0,0.0,1.0,1.0,1.2,15.0,0.078509,0.961,1.6,1039.7,8.144,1.295,
exp26_tcp_grid,ablationtube_only__ballspeed9__maxtcp1.0__noplot__servebox,"{""--ablation"": ""tube_only"", ""--ball-speed"": 9, ""--max-tcp"": 1.0, ""--no-plot"": null, ""--serve-box"": null}",57,False,miss,0.314644,1.923194,0.14533,25.0,45.0,1.0,0.99,1.2,0.0,0.314644,0.0,1.52,1135.6,-1.0,-99.0,
exp26_tcp_grid,ablationtube_only__ballspeed9__maxtcp1.0__noplot__servebox,"{""--ablation"": ""tube_only"", ""--ball-speed"": 9, ""--max-tcp"": 1.0, ""--no-plot"": null, ""--serve-box"": null}",46,True,passive,0.085592,1.941479,0.085592,45.0,105.0,0.98,1.0,1.4,5.0,0.085592,0.11,2.58,1784.5,7.312,-5.597,
exp26_tcp_grid,ablationtube_only__ballspeed9__maxtcp1.0__noplot__servebox,"{""--ablation"": ""tube_only"", ""--ball-speed"": 9, ""--max-tcp"": 1.0, ""--no-plot"": null, ""--serve-box"": null}",58,True,active,0.112761,1.874367,0.112571,35.0,105.0,0.99,1.0,1.0,5.0,0.112761,0.761,1.63,1127.5,7.801,-7.454,
exp26_tcp_grid,ablationtube_only__ballspeed9__maxtcp1.0__noplot__servebox,"{""--ablation"": ""tube_only"", ""--ball-speed"": 9, ""--max-tcp"": 1.0, ""--no-plot"": null, ""--serve-box"": null}",60,False,miss,0.299706,1.930604,0.153972,20.0,10.0,1.0,0.99,1.4,0.0,0.299706,0.0,1.54,1011.0,-1.0,-99.0,
exp26_tcp_grid,ablationtube_only__ballspeed9__maxtcp1.0__noplot__servebox,"{""--ablation"": ""tube_only"", ""--ball-speed"": 9, ""--max-tcp"": 1.0, ""--no-plot"": null, ""--serve-box"": null}",61,True,active,0.122965,1.934773,0.10151,40.0,105.0,1.01,0.87,1.2,10.0,0.122965,0.954,1.57,1068.0,7.588,-3.055,
exp26_tcp_grid,ablationtube_only__ballspeed9__maxtcp1.0__noplot__servebox,"{""--ablation"": ""tube_only"", ""--ball-speed"": 9, ""--max-tcp"": 1.0, ""--no-plot"": null, ""--serve-box"": null}",65,False,miss,0.283942,1.975165,0.149368,20.0,35.0,1.0,1.0,1.1,0.0,0.283942,0.0,1.36,1005.7,-1.0,-99.0,
exp26_tcp_grid,ablationtube_only__ballspeed9__maxtcp1.0__noplot__servebox,"{""--ablation"": ""tube_only"", ""--ball-speed"": 9, ""--max-tcp"": 1.0, ""--no-plot"": null, ""--serve-box"": null}",64,False,miss,0.302417,1.954576,0.141558,25.0,95.0,1.01,0.91,1.2,0.0,0.302417,0.0,1.67,1213.3,-1.0,-99.0,
exp26_tcp_grid,ablationtube_only__ballspeed9__maxtcp1.0__noplot__servebox,"{""--ablation"": ""tube_only"", ""--ball-speed"": 9, ""--max-tcp"": 1.0, ""--no-plot"": null, ""--serve-box"": null}",52,False,miss,0.290433,1.940546,0.096184,0.0,0.0,0.99,0.99,1.1,0.0,0.290433,0.0,2.85,2185.6,-1.0,-99.0,
exp26_tcp_grid,ablationtube_only__ballspeed9__maxtcp1.0__noplot__servebox,"{""--ablation"": ""tube_only"", ""--ball-speed"": 9, ""--max-tcp"": 1.0, ""--no-plot"": null, ""--serve-box"": null}",63,True,active,0.095294,1.932353,0.044292,0.0,0.0,1.0,0.98,1.1,20.0,0.095294,0.991,1.88,1457.1,7.714,1.997,
exp26_tcp_grid,ablationtube_only__ballspeed9__maxtcp1.0__noplot__servebox,"{""--ablation"": ""tube_only"", ""--ball-speed"": 9, ""--max-tcp"": 1.0, ""--no-plot"": null, ""--serve-box"": null}",55,True,active,0.122936,1.925029,0.09095,45.0,105.0,1.0,0.99,1.3,5.0,0.122936,0.729,2.8,2174.9,7.792,-4.061,
exp26_tcp_grid,ablationtube_only__ballspeed9__maxtcp1.0__noplot__servebox,"{""--ablation"": ""tube_only"", ""--ball-speed"": 9, ""--max-tcp"": 1.0, ""--no-plot"": null, ""--serve-box"": null}",54,True,active,0.070542,1.954255,0.039898,0.0,0.0,1.0,0.99,1.1,15.0,0.070542,0.796,2.84,1975.7,7.864,2.334,
exp26_tcp_grid,ablationtube_only__ballspeed9__maxtcp1.0__noplot__servebox,"{""--ablation"": ""tube_only"", ""--ball-speed"": 9, ""--max-tcp"": 1.0, ""--no-plot"": null, ""--serve-box"": null}",66,False,miss,0.296602,1.951454,0.128597,25.0,105.0,1.0,1.0,1.3,0.0,0.296602,0.0,1.45,1045.9,-1.0,-99.0,
exp26_tcp_grid,ablationtube_only__ballspeed9__maxtcp1.0__noplot__servebox,"{""--ablation"": ""tube_only"", ""--ball-speed"": 9, ""--max-tcp"": 1.0, ""--no-plot"": null, ""--serve-box"": null}",68,True,active,0.101858,1.902381,0.101545,40.0,105.0,1.01,0.98,1.1,5.0,0.101858,0.685,1.43,1030.2,7.573,-5.606,
exp26_tcp_grid,ablationtube_only__ballspeed9__maxtcp1.0__noplot__servebox,"{""--ablation"": ""tube_only"", ""--ball-speed"": 9, ""--max-tcp"": 1.0, ""--no-plot"": null, ""--serve-box"": null}",69,False,miss,0.312764,1.93935,0.168576,15.0,0.0,1.0,0.96,1.3,0.0,0.312764,0.0,1.45,1032.3,-1.0,-99.0,
exp26_tcp_grid,ablationtube_only__ballspeed9__maxtcp1.0__noplot__servebox,"{""--ablation"": ""tube_only"", ""--ball-speed"": 9, ""--max-tcp"": 1.0, ""--no-plot"": null, ""--serve-box"": null}",71,True,active,0.101926,1.947735,0.086644,35.0,65.0,1.0,0.99,1.1,10.0,0.101926,0.958,1.46,1007.0,7.672,-0.125,
exp26_tcp_grid,ablationtube_only__ballspeed9__maxtcp1.0__noplot__servebox,"{""--ablation"": ""tube_only"", ""--ball-speed"": 9, ""--max-tcp"": 1.0, ""--no-plot"": null, ""--serve-box"": null}",59,True,active,0.072833,1.933596,0.042734,0.0,0.0,1.0,0.97,1.2,15.0,0.072833,0.956,2.87,2270.8,8.122,4.535,
exp26_tcp_grid,ablationtube_only__ballspeed9__maxtcp1.0__noplot__servebox,"{""--ablation"": ""tube_only"", ""--ball-speed"": 9, ""--max-tcp"": 1.0, ""--no-plot"": null, ""--serve-box"": null}",62,True,active,0.12431,1.940835,0.114368,35.0,105.0,1.0,0.96,1.2,10.0,0.12431,0.964,2.81,2154.9,7.814,-4.296,
exp26_tcp_grid,ablationtube_only__ballspeed9__maxtcp1.0__noplot__servebox,"{""--ablation"": ""tube_only"", ""--ball-speed"": 9, ""--max-tcp"": 1.0, ""--no-plot"": null, ""--serve-box"": null}",70,False,miss,0.303845,1.933582,0.147526,25.0,45.0,1.0,1.0,1.4,0.0,0.303845,0.0,2.1,1424.1,-1.0,-99.0,
exp26_tcp_grid,ablationtube_only__ballspeed9__maxtcp1.0__noplot__servebox,"{""--ablation"": ""tube_only"", ""--ball-speed"": 9, ""--max-tcp"": 1.0, ""--no-plot"": null, ""--serve-box"": null}",73,True,active,0.117282,1.942399,0.101147,20.0,50.0,1.0,1.0,1.2,10.0,0.117282,0.613,1.8,1417.1,7.954,-0.08,
exp26_tcp_grid,ablationtube_only__ballspeed9__maxtcp1.0__noplot__servebox,"{""--ablation"": ""tube_only"", ""--ball-speed"": 9, ""--max-tcp"": 1.0, ""--no-plot"": null, ""--serve-box"": null}",74,False,miss,0.312076,1.938963,0.15145,25.0,0.0,1.0,0.98,1.1,0.0,0.312076,0.0,1.42,1040.5,-1.0,-99.0,
exp26_tcp_grid,ablationtube_only__ballspeed9__maxtcp1.0__noplot__servebox,"{""--ablation"": ""tube_only"", ""--ball-speed"": 9, ""--max-tcp"": 1.0, ""--no-plot"": null, ""--serve-box"": null}",77,True,active,0.078856,1.92531,0.067192,40.0,95.0,0.98,0.98,1.2,15.0,0.078856,0.865,1.5,1066.6,7.972,-2.496,
exp26_tcp_grid,ablationtube_only__ballspeed9__maxtcp1.0__noplot__servebox,"{""--ablation"": ""tube_only"", ""--ball-speed"": 9, ""--max-tcp"": 1.0, ""--no-plot"": null, ""--serve-box"": null}",79,False,miss,0.319413,1.918133,0.128838,0.0,0.0,0.99,1.0,1.4,0.0,0.319413,0.0,1.46,1020.6,-1.0,-99.0,
exp26_tcp_grid,ablationtube_only__ballspeed9__maxtcp1.0__noplot__servebox,"{""--ablation"": ""tube_only"", ""--ball-speed"": 9, ""--max-tcp"": 1.0, ""--no-plot"": null, ""--serve-box"": null}",80,True,active,0.121867,1.915016,0.118612,35.0,105.0,1.0,1.0,1.4,0.0,0.121867,0.43,1.5,1111.2,7.088,-6.904,
exp26_tcp_grid,ablationtube_only__ballspeed9__maxtcp1.0__noplot__servebox,"{""--ablation"": ""tube_only"", ""--ball-speed"": 9, ""--max-tcp"": 1.0, ""--no-plot"": null, ""--serve-box"": null}",67,True,active,0.084471,1.941657,0.058433,50.0,105.0,1.0,0.97,1.2,5.0,0.084471,0.663,2.91,2246.7,7.015,-0.412,
exp26_tcp_grid,ablationtube_only__ballspeed9__maxtcp1.0__noplot__servebox,"{""--ablation"": ""tube_only"", ""--ball-speed"": 9, ""--max-tcp"": 1.0, ""--no-plot"": null, ""--serve-box"": null}",81,True,active,0.097757,1.924431,0.09377,45.0,105.0,1.0,0.99,1.1,10.0,0.097757,0.812,1.48,1018.4,6.839,-3.7,
exp26_tcp_grid,ablationtube_only__ballspeed9__maxtcp1.0__noplot__servebox,"{""--ablation"": ""tube_only"", ""--ball-speed"": 9, ""--max-tcp"": 1.0, ""--no-plot"": null, ""--serve-box"": null}",82,True,active,0.123835,1.935103,0.114786,40.0,105.0,0.98,1.0,1.4,5.0,0.123835,0.542,1.48,1070.9,7.514,-2.791,
exp26_tcp_grid,ablationtube_only__ballspeed9__maxtcp1.0__noplot__servebox,"{""--ablation"": ""tube_only"", ""--ball-speed"": 9, ""--max-tcp"": 1.0, ""--no-plot"": null, ""--serve-box"": null}",72,True,active,0.114036,1.963126,0.108464,35.0,105.0,0.99,0.99,1.2,10.0,0.114036,0.993,2.9,2195.5,7.801,-2.69,
exp26_tcp_grid,ablationtube_only__ballspeed9__maxtcp1.0__noplot__servebox,"{""--ablation"": ""tube_only"", ""--ball-speed"": 9, ""--max-tcp"": 1.0, ""--no-plot"": null, ""--serve-box"": null}",85,False,miss,0.278944,1.921475,0.172517,15.0,0.0,1.0,1.0,1.3,0.0,0.278944,0.0,1.53,1125.5,-1.0,-99.0,
exp26_tcp_grid,ablationtube_only__ballspeed9__maxtcp1.0__noplot__servebox,"{""--ablation"": ""tube_only"", ""--ball-speed"": 9, ""--max-tcp"": 1.0, ""--no-plot"": null, ""--serve-box"": null}",84,True,active,0.105469,1.754962,0.090696,0.0,0.0,1.0,1.0,1.4,15.0,0.105469,0.966,1.82,1326.7,7.797,2.001,
exp26_tcp_grid,ablationtube_only__ballspeed9__maxtcp1.0__noplot__servebox,"{""--ablation"": ""tube_only"", ""--ball-speed"": 9, ""--max-tcp"": 1.0, ""--no-plot"": null, ""--serve-box"": null}",87,True,active,0.118227,1.93973,0.089639,45.0,105.0,1.0,0.97,1.0,10.0,0.118227,0.902,1.54,1119.5,7.719,-1.332,
exp26_tcp_grid,ablationtube_only__ballspeed9__maxtcp1.0__noplot__servebox,"{""--ablation"": ""tube_only"", ""--ball-speed"": 9, ""--max-tcp"": 1.0, ""--no-plot"": null, ""--serve-box"": null}",78,True,active,0.128257,1.915905,0.106891,40.0,105.0,1.0,1.0,1.2,10.0,0.128257,0.949,2.62,1868.7,7.642,-1.747,
exp26_tcp_grid,ablationtube_only__ballspeed9__maxtcp1.0__noplot__servebox,"{""--ablation"": ""tube_only"", ""--ball-speed"": 9, ""--max-tcp"": 1.0, ""--no-plot"": null, ""--serve-box"": null}",88,True,active,0.130369,1.957847,0.118806,40.0,105.0,1.0,1.0,1.4,5.0,0.130369,0.782,1.43,1059.2,8.072,-3.825,
exp26_tcp_grid,ablationtube_only__ballspeed9__maxtcp1.0__noplot__servebox,"{""--ablation"": ""tube_only"", ""--ball-speed"": 9, ""--max-tcp"": 1.0, ""--no-plot"": null, ""--serve-box"": null}",75,True,active,0.146684,1.93256,0.140322,35.0,85.0,0.99,1.0,1.3,0.0,0.146684,0.585,2.91,2153.3,7.526,-4.453,
exp26_tcp_grid,ablationtube_only__ballspeed9__maxtcp1.0__noplot__servebox,"{""--ablation"": ""tube_only"", ""--ball-speed"": 9, ""--max-tcp"": 1.0, ""--no-plot"": null, ""--serve-box"": null}",76,False,miss,0.289854,1.887453,0.096593,0.0,0.0,1.0,1.0,1.3,0.0,0.289854,0.0,2.97,2299.9,-1.0,-99.0,
exp26_tcp_grid,ablationtube_only__ballspeed9__maxtcp1.0__noplot__servebox,"{""--ablation"": ""tube_only"", ""--ball-speed"": 9, ""--max-tcp"": 1.0, ""--no-plot"": null, ""--serve-box"": null}",86,True,active,0.102832,1.951053,0.066237,45.0,105.0,0.99,0.99,1.0,10.0,0.102832,0.995,1.86,1499.0,7.344,-1.5,
exp26_tcp_grid,ablationtube_only__ballspeed9__maxtcp1.0__noplot__servebox,"{""--ablation"": ""tube_only"", ""--ball-speed"": 9, ""--max-tcp"": 1.0, ""--no-plot"": null, ""--serve-box"": null}",90,False,miss,0.307069,1.954127,0.137922,25.0,80.0,1.01,0.97,1.2,0.0,0.307069,0.0,1.55,1135.6,-1.0,-99.0,
exp26_tcp_grid,ablationtube_only__ballspeed9__maxtcp1.0__noplot__servebox,"{""--ablation"": ""tube_only"", ""--ball-speed"": 9, ""--max-tcp"": 1.0, ""--no-plot"": null, ""--serve-box"": null}",92,False,miss,0.311116,1.946709,0.143921,0.0,0.0,0.99,0.99,1.3,0.0,0.311116,0.0,1.47,1009.0,-1.0,-99.0,
exp26_tcp_grid,ablationtube_only__ballspeed9__maxtcp1.0__noplot__servebox,"{""--ablation"": ""tube_only"", ""--ball-speed"": 9, ""--max-tcp"": 1.0, ""--no-plot"": null, ""--serve-box"": null}",94,True,active,0.1064,1.92805,0.091071,40.0,80.0,0.99,0.99,1.1,10.0,0.1064,0.976,1.4,997.1,7.158,0.255,
exp26_tcp_grid,ablationtube_only__ballspeed9__maxtcp1.0__noplot__servebox,"{""--ablation"": ""tube_only"", ""--ball-speed"": 9, ""--max-tcp"": 1.0, ""--no-plot"": null, ""--serve-box"": null}",83,False,miss,0.315271,1.9258,0.163413,15.0,0.0,1.0,1.0,1.3,0.0,0.315271,0.0,2.77,2115.9,-1.0,-99.0,
exp26_tcp_grid,ablationtube_only__ballspeed9__maxtcp1.0__noplot__servebox,"{""--ablation"": ""tube_only"", ""--ball-speed"": 9, ""--max-tcp"": 1.0, ""--no-plot"": null, ""--serve-box"": null}",91,True,passive,0.104675,1.946246,0.100067,45.0,105.0,1.02,0.99,1.0,5.0,0.104675,0.249,1.64,1210.7,6.779,-6.121,
exp26_tcp_grid,ablationtube_only__ballspeed9__maxtcp1.0__noplot__servebox,"{""--ablation"": ""tube_only"", ""--ball-speed"": 9, ""--max-tcp"": 1.0, ""--no-plot"": null, ""--serve-box"": null}",93,False,miss,0.29129,1.922754,0.145103,20.0,65.0,1.0,0.99,1.6,0.0,0.29129,0.0,1.86,1441.6,-1.0,-99.0,
exp26_tcp_grid,ablationtube_only__ballspeed9__maxtcp1.0__noplot__servebox,"{""--ablation"": ""tube_only"", ""--ball-speed"": 9, ""--max-tcp"": 1.0, ""--no-plot"": null, ""--serve-box"": null}",96,False,miss,0.31023,1.940548,0.171257,15.0,0.0,1.0,0.98,1.3,0.0,0.31023,0.0,1.4,1034.6,-1.0,-99.0,
exp26_tcp_grid,ablationtube_only__ballspeed9__maxtcp1.0__noplot__servebox,"{""--ablation"": ""tube_only"", ""--ball-speed"": 9, ""--max-tcp"": 1.0, ""--no-plot"": null, ""--serve-box"": null}",95,True,active,0.103374,1.940724,0.086888,45.0,105.0,1.0,1.0,1.0,10.0,0.103374,0.978,1.83,1339.2,7.42,-1.292,
exp26_tcp_grid,ablationtube_only__ballspeed9__maxtcp1.0__noplot__servebox,"{""--ablation"": ""tube_only"", ""--ball-speed"": 9, ""--max-tcp"": 1.0, ""--no-plot"": null, ""--serve-box"": null}",89,False,miss,0.282083,1.926295,0.126411,30.0,105.0,0.99,1.0,1.1,0.0,0.282083,0.0,2.54,1924.7,-1.0,-99.0,
exp26_tcp_grid,ablationtube_only__ballspeed9__maxtcp1.0__noplot__servebox,"{""--ablation"": ""tube_only"", ""--ball-speed"": 9, ""--max-tcp"": 1.0, ""--no-plot"": null, ""--serve-box"": null}",100,True,active,0.119123,1.964402,0.10496,40.0,105.0,1.0,0.99,1.3,10.0,0.119123,0.841,1.48,1095.6,7.113,-4.085,
exp26_tcp_grid,ablationsoftmin_only__ballspeed9__maxtcp1.0__noplot__servebox,"{""--ablation"": ""softmin_only"", ""--ball-speed"": 9, ""--max-tcp"": 1.0, ""--no-plot"": null, ""--serve-box"": null}",2,False,miss,0.299113,1.942715,0.136246,25.0,95.0,1.0,0.98,1.2,0.0,0.299113,0.0,1.46,1026.1,-1.0,-99.0,
exp26_tcp_grid,ablationsoftmin_only__ballspeed9__maxtcp1.0__noplot__servebox,"{""--ablation"": ""softmin_only"", ""--ball-speed"": 9, ""--max-tcp"": 1.0, ""--no-plot"": null, ""--serve-box"": null}",1,True,active,0.120911,1.947186,0.105584,35.0,105.0,1.0,0.99,1.3,15.0,0.120911,0.97,1.7,1251.4,8.172,-1.407,
exp26_tcp_grid,ablationsoftmin_only__ballspeed9__maxtcp1.0__noplot__servebox,"{""--ablation"": ""softmin_only"", ""--ball-speed"": 9, ""--max-tcp"": 1.0, ""--no-plot"": null, ""--serve-box"": null}",4,False,miss,0.320979,1.968584,0.165561,15.0,0.0,1.01,0.99,1.2,0.0,0.320979,0.0,1.52,1068.9,-1.0,-99.0,
exp26_tcp_grid,ablationtube_only__ballspeed9__maxtcp1.0__noplot__servebox,"{""--ablation"": ""tube_only"", ""--ball-speed"": 9, ""--max-tcp"": 1.0, ""--no-plot"": null, ""--serve-box"": null}",99,False,miss,0.311856,1.927514,0.165488,15.0,0.0,1.0,1.0,1.2,0.0,0.311856,0.0,2.15,1620.8,-1.0,-99.0,
exp26_tcp_grid,ablationsoftmin_only__ballspeed9__maxtcp1.0__noplot__servebox,"{""--ablation"": ""softmin_only"", ""--ball-speed"": 9, ""--max-tcp"": 1.0, ""--no-plot"": null, ""--serve-box"": null}",7,True,active,0.138186,1.941275,0.128663,35.0,80.0,1.01,0.99,1.2,10.0,0.138186,0.934,1.67,1168.6,7.625,-4.218,
exp26_tcp_grid,ablationsoftmin_only__ballspeed9__maxtcp1.0__noplot__servebox,"{""--ablation"": ""softmin_only"", ""--ball-speed"": 9, ""--max-tcp"": 1.0, ""--no-plot"": null, ""--serve-box"": null}",5,False,miss,0.348355,1.916892,0.157193,0.0,0.0,0.99,0.98,1.3,0.0,0.348355,0.0,1.8,1357.0,-1.0,-99.0,
exp26_tcp_grid,ablationsoftmin_only__ballspeed9__maxtcp1.0__noplot__servebox,"{""--ablation"": ""softmin_only"", ""--ball-speed"": 9, ""--max-tcp"": 1.0, ""--no-plot"": null, ""--serve-box"": null}",10,True,active,0.126644,1.961504,0.110512,45.0,105.0,1.01,0.99,1.1,10.0,0.126644,0.953,1.46,1041.4,8.127,-6.097,
exp26_tcp_grid,ablationsoftmin_only__ballspeed9__maxtcp1.0__noplot__servebox,"{""--ablation"": ""softmin_only"", ""--ball-speed"": 9, ""--max-tcp"": 1.0, ""--no-plot"": null, ""--serve-box"": null}",3,False,miss,0.372043,1.931664,0.187106,0.0,0.0,1.0,0.99,1.3,0.0,0.372043,0.0,2.42,1934.1,-1.0,-99.0,
exp26_tcp_grid,ablationsoftmin_only__ballspeed9__maxtcp1.0__noplot__servebox,"{""--ablation"": ""softmin_only"", ""--ball-speed"": 9, ""--max-tcp"": 1.0, ""--no-plot"": null, ""--serve-box"": null}",20,,,,,,,,,,,,,,0.18,,,,no_result
exp26_tcp_grid,ablationtube_only__ballspeed9__maxtcp1.0__noplot__servebox,"{""--ablation"": ""tube_only"", ""--ball-speed"": 9, ""--max-tcp"": 1.0, ""--no-plot"": null, ""--serve-box"": null}",97,True,active,0.100972,1.914755,0.084287,40.0,100.0,1.0,0.98,1.2,15.0,0.100972,0.776,3.04,2292.9,7.628,-1.578,
exp26_tcp_grid,ablationsoftmin_only__ballspeed9__maxtcp1.0__noplot__servebox,"{""--ablation"": ""softmin_only"", ""--ball-speed"": 9, ""--max-tcp"": 1.0, ""--no-plot"": null, ""--serve-box"": null}",21,,,,,,,,,,,,,,0.27,,,,no_result
exp26_tcp_grid,ablationtube_only__ballspeed9__maxtcp1.0__noplot__servebox,"{""--ablation"": ""tube_only"", ""--ball-speed"": 9, ""--max-tcp"": 1.0, ""--no-plot"": null, ""--serve-box"": null}",98,False,miss,0.291328,1.905676,0.094478,0.0,0.0,0.99,0.99,1.3,0.0,0.291328,0.0,2.95,2300.5,-1.0,-99.0,
exp26_tcp_grid,ablationsoftmin_only__ballspeed9__maxtcp1.0__noplot__servebox,"{""--ablation"": ""softmin_only"", ""--ball-speed"": 9, ""--max-tcp"": 1.0, ""--no-plot"": null, ""--serve-box"": null}",8,False,miss,0.284039,1.955439,0.146207,25.0,60.0,0.97,1.0,1.1,0.0,0.284039,0.0,2.34,1905.5,-1.0,-99.0,
exp26_tcp_grid,ablationsoftmin_only__ballspeed9__maxtcp1.0__noplot__servebox,"{""--ablation"": ""softmin_only"", ""--ball-speed"": 9, ""--max-tcp"": 1.0, ""--no-plot"": null, ""--serve-box"": null}",12,True,active,0.10569,1.985475,0.058366,45.0,105.0,1.0,0.99,1.0,15.0,0.10569,0.924,1.56,1163.8,7.858,-1.647,
exp26_tcp_grid,ablationsoftmin_only__ballspeed9__maxtcp1.0__noplot__servebox,"{""--ablation"": ""softmin_only"", ""--ball-speed"": 9, ""--max-tcp"": 1.0, ""--no-plot"": null, ""--serve-box"": null}",13,True,active,0.145895,1.914643,0.145009,30.0,65.0,0.99,1.0,1.2,5.0,0.145895,0.694,1.49,1021.5,7.997,-3.031,
exp26_tcp_grid,ablationsoftmin_only__ballspeed9__maxtcp1.0__noplot__servebox,"{""--ablation"": ""softmin_only"", ""--ball-speed"": 9, ""--max-tcp"": 1.0, ""--no-plot"": null, ""--serve-box"": null}",16,True,active,0.078834,1.969756,0.058808,0.0,0.0,1.01,0.99,1.1,10.0,0.078834,0.574,1.44,1057.0,7.976,0.836,
exp26_tcp_grid,ablationsoftmin_only__ballspeed9__maxtcp1.0__noplot__servebox,"{""--ablation"": ""softmin_only"", ""--ball-speed"": 9, ""--max-tcp"": 1.0, ""--no-plot"": null, ""--serve-box"": null}",14,True,active,0.142612,1.978528,0.130251,40.0,85.0,1.0,0.99,1.3,5.0,0.142612,0.783,1.8,1156.2,7.948,-6.524,
exp26_tcp_grid,ablationsoftmin_only__ballspeed9__maxtcp1.0__noplot__servebox,"{""--ablation"": ""softmin_only"", ""--ball-speed"": 9, ""--max-tcp"": 1.0, ""--no-plot"": null, ""--serve-box"": null}",6,False,miss,0.307207,1.962635,0.146543,25.0,45.0,1.0,0.99,1.1,0.0,0.307207,0.0,2.95,2286.0,-1.0,-99.0,
exp26_tcp_grid,ablationsoftmin_only__ballspeed9__maxtcp1.0__noplot__servebox,"{""--ablation"": ""softmin_only"", ""--ball-speed"": 9, ""--max-tcp"": 1.0, ""--no-plot"": null, ""--serve-box"": null}",17,True,active,0.142906,1.929683,0.135668,35.0,95.0,0.99,0.99,1.7,0.0,0.142906,0.484,1.43,1046.7,6.767,-6.647,
exp26_tcp_grid,ablationsoftmin_only__ballspeed9__maxtcp1.0__noplot__servebox,"{""--ablation"": ""softmin_only"", ""--ball-speed"": 9, ""--max-tcp"": 1.0, ""--no-plot"": null, ""--serve-box"": null}",9,False,miss,0.333534,1.928663,0.18571,0.0,0.0,1.0,0.99,1.1,0.0,0.333534,0.0,2.68,2044.1,-1.0,-99.0,
exp26_tcp_grid,ablationsoftmin_only__ballspeed9__maxtcp1.0__noplot__servebox,"{""--ablation"": ""softmin_only"", ""--ball-speed"": 9, ""--max-tcp"": 1.0, ""--no-plot"": null, ""--serve-box"": null}",18,False,miss,0.34219,1.944393,0.163047,20.0,0.0,1.01,0.98,1.1,0.0,0.34219,0.0,1.62,1221.2,-1.0,-99.0,
exp26_tcp_grid,ablationsoftmin_only__ballspeed9__maxtcp1.0__noplot__servebox,"{""--ablation"": ""softmin_only"", ""--ball-speed"": 9, ""--max-tcp"": 1.0, ""--no-plot"": null, ""--serve-box"": null}",11,False,miss,0.319287,1.901186,0.146761,25.0,30.0,1.02,0.97,1.2,0.0,0.319287,0.0,2.68,2019.1,-1.0,-99.0,
exp26_tcp_grid,ablationsoftmin_only__ballspeed9__maxtcp1.0__noplot__servebox,"{""--ablation"": ""softmin_only"", ""--ball-speed"": 9, ""--max-tcp"": 1.0, ""--no-plot"": null, ""--serve-box"": null}",23,True,active,0.137949,1.937477,0.1117,45.0,105.0,1.0,0.99,1.0,5.0,0.137949,0.752,1.42,1065.1,7.944,-6.041,
exp26_tcp_grid,ablationsoftmin_only__ballspeed9__maxtcp1.0__noplot__servebox,"{""--ablation"": ""softmin_only"", ""--ball-speed"": 9, ""--max-tcp"": 1.0, ""--no-plot"": null, ""--serve-box"": null}",22,False,miss,0.319211,1.890361,0.127501,0.0,0.0,1.0,0.95,1.4,0.0,0.319211,0.0,1.59,1082.9,-1.0,-99.0,
exp26_tcp_grid,ablationsoftmin_only__ballspeed9__maxtcp1.0__noplot__servebox,"{""--ablation"": ""softmin_only"", ""--ball-speed"": 9, ""--max-tcp"": 1.0, ""--no-plot"": null, ""--serve-box"": null}",15,False,miss,0.321776,1.943885,0.152159,0.0,0.0,1.0,1.0,1.3,0.0,0.321776,0.0,2.5,1872.0,-1.0,-99.0,
exp26_tcp_grid,ablationsoftmin_only__ballspeed9__maxtcp1.0__noplot__servebox,"{""--ablation"": ""softmin_only"", ""--ball-speed"": 9, ""--max-tcp"": 1.0, ""--no-plot"": null, ""--serve-box"": null}",24,False,miss,0.303484,1.948109,0.158731,0.0,0.0,1.0,0.99,1.2,0.0,0.303484,0.0,1.59,1161.6,-1.0,-99.0,
exp26_tcp_grid,ablationsoftmin_only__ballspeed9__maxtcp1.0__noplot__servebox,"{""--ablation"": ""softmin_only"", ""--ball-speed"": 9, ""--max-tcp"": 1.0, ""--no-plot"": null, ""--serve-box"": null}",28,False,miss,0.325372,1.915353,0.154699,0.0,0.0,1.0,0.96,1.2,0.0,0.325372,0.0,1.5,1110.5,-1.0,-99.0,
exp26_tcp_grid,ablationsoftmin_only__ballspeed9__maxtcp1.0__noplot__servebox,"{""--ablation"": ""softmin_only"", ""--ball-speed"": 9, ""--max-tcp"": 1.0, ""--no-plot"": null, ""--serve-box"": null}",27,True,active,0.080892,1.921923,0.068027,45.0,105.0,1.0,1.0,1.3,10.0,0.080892,0.418,1.71,1066.1,7.803,-7.735,
exp26_tcp_grid,ablationsoftmin_only__ballspeed9__maxtcp1.0__noplot__servebox,"{""--ablation"": ""softmin_only"", ""--ball-speed"": 9, ""--max-tcp"": 1.0, ""--no-plot"": null, ""--serve-box"": null}",19,False,miss,0.310747,1.928304,0.138421,20.0,70.0,0.99,0.99,1.0,0.0,0.310747,0.0,2.5,1880.8,-1.0,-99.0,
exp26_tcp_grid,ablationsoftmin_only__ballspeed9__maxtcp1.0__noplot__servebox,"{""--ablation"": ""softmin_only"", ""--ball-speed"": 9, ""--max-tcp"": 1.0, ""--no-plot"": null, ""--serve-box"": null}",25,False,miss,0.322817,1.929237,0.203092,0.0,0.0,1.0,0.99,1.2,0.0,0.322817,0.0,2.04,1543.0,-1.0,-99.0,
exp26_tcp_grid,ablationsoftmin_only__ballspeed9__maxtcp1.0__noplot__servebox,"{""--ablation"": ""softmin_only"", ""--ball-speed"": 9, ""--max-tcp"": 1.0, ""--no-plot"": null, ""--serve-box"": null}",29,True,active,0.106484,1.908637,0.103471,35.0,105.0,0.99,1.0,1.2,5.0,0.106484,0.363,1.57,1081.5,7.521,-7.263,
exp26_tcp_grid,ablationsoftmin_only__ballspeed9__maxtcp1.0__noplot__servebox,"{""--ablation"": ""softmin_only"", ""--ball-speed"": 9, ""--max-tcp"": 1.0, ""--no-plot"": null, ""--serve-box"": null}",33,False,miss,0.294422,1.973865,0.12675,25.0,105.0,1.01,0.98,1.1,0.0,0.294422,0.0,1.45,1062.5,-1.0,-99.0,
exp26_tcp_grid,ablationsoftmin_only__ballspeed9__maxtcp1.0__noplot__servebox,"{""--ablation"": ""softmin_only"", ""--ball-speed"": 9, ""--max-tcp"": 1.0, ""--no-plot"": null, ""--serve-box"": null}",32,True,active,0.141326,1.940806,0.130366,40.0,90.0,1.01,0.99,1.1,5.0,0.141326,0.723,1.75,1313.3,7.966,-7.376,
exp26_tcp_grid,ablationsoftmin_only__ballspeed9__maxtcp1.0__noplot__servebox,"{""--ablation"": ""softmin_only"", ""--ball-speed"": 9, ""--max-tcp"": 1.0, ""--no-plot"": null, ""--serve-box"": null}",34,False,miss,0.320485,1.950082,0.154273,20.0,0.0,1.0,0.98,1.1,0.0,0.320485,0.0,1.56,1142.4,-1.0,-99.0,
exp26_tcp_grid,ablationsoftmin_only__ballspeed9__maxtcp1.0__noplot__servebox,"{""--ablation"": ""softmin_only"", ""--ball-speed"": 9, ""--max-tcp"": 1.0, ""--no-plot"": null, ""--serve-box"": null}",35,False,miss,0.318326,1.912356,0.154597,20.0,0.0,1.0,1.0,1.4,0.0,0.318326,0.0,1.53,1053.3,-1.0,-99.0,
exp26_tcp_grid,ablationsoftmin_only__ballspeed9__maxtcp1.0__noplot__servebox,"{""--ablation"": ""softmin_only"", ""--ball-speed"": 9, ""--max-tcp"": 1.0, ""--no-plot"": null, ""--serve-box"": null}",26,False,miss,0.32015,1.929671,0.131124,30.0,105.0,1.0,0.96,1.3,0.0,0.32015,0.0,2.94,2225.1,-1.0,-99.0,
exp26_tcp_grid,ablationsoftmin_only__ballspeed9__maxtcp1.0__noplot__servebox,"{""--ablation"": ""softmin_only"", ""--ball-speed"": 9, ""--max-tcp"": 1.0, ""--no-plot"": null, ""--serve-box"": null}",38,False,miss,0.313145,1.940851,0.149287,25.0,55.0,1.0,0.99,1.4,0.0,0.313145,0.0,1.58,1073.9,-1.0,-99.0,
exp26_tcp_grid,ablationsoftmin_only__ballspeed9__maxtcp1.0__noplot__servebox,"{""--ablation"": ""softmin_only"", ""--ball-speed"": 9, ""--max-tcp"": 1.0, ""--no-plot"": null, ""--serve-box"": null}",30,True,active,0.114765,1.93471,0.059813,50.0,100.0,0.99,1.0,1.1,10.0,0.114765,0.961,2.71,2273.9,7.459,-1.472,
exp26_tcp_grid,ablationsoftmin_only__ballspeed9__maxtcp1.0__noplot__servebox,"{""--ablation"": ""softmin_only"", ""--ball-speed"": 9, ""--max-tcp"": 1.0, ""--no-plot"": null, ""--serve-box"": null}",36,False,miss,0.301221,1.947341,0.160708,20.0,0.0,1.01,1.0,1.5,0.0,0.301221,0.0,2.09,1401.7,-1.0,-99.0,
exp26_tcp_grid,ablationsoftmin_only__ballspeed9__maxtcp1.0__noplot__servebox,"{""--ablation"": ""softmin_only"", ""--ball-speed"": 9, ""--max-tcp"": 1.0, ""--no-plot"": null, ""--serve-box"": null}",40,True,active,0.117765,1.947426,0.094112,45.0,105.0,1.0,0.95,1.0,10.0,0.117765,0.947,1.73,1260.8,7.512,-3.425,
exp26_tcp_grid,ablationsoftmin_only__ballspeed9__maxtcp1.0__noplot__servebox,"{""--ablation"": ""softmin_only"", ""--ball-speed"": 9, ""--max-tcp"": 1.0, ""--no-plot"": null, ""--serve-box"": null}",41,False,miss,0.276628,1.924917,0.159111,20.0,35.0,1.0,0.99,1.5,0.0,0.276628,0.0,1.61,1084.0,-1.0,-99.0,
exp26_tcp_grid,ablationsoftmin_only__ballspeed9__maxtcp1.0__noplot__servebox,"{""--ablation"": ""softmin_only"", ""--ball-speed"": 9, ""--max-tcp"": 1.0, ""--no-plot"": null, ""--serve-box"": null}",42,True,active,0.101919,1.978272,0.056731,50.0,105.0,1.01,0.97,1.0,15.0,0.101919,0.987,1.53,1050.6,7.951,-4.309,
exp26_tcp_grid,ablationsoftmin_only__ballspeed9__maxtcp1.0__noplot__servebox,"{""--ablation"": ""softmin_only"", ""--ball-speed"": 9, ""--max-tcp"": 1.0, ""--no-plot"": null, ""--serve-box"": null}",43,False,miss,0.332007,1.940484,0.173874,10.0,0.0,1.01,1.0,1.2,0.0,0.332007,0.0,1.59,1065.5,-1.0,-99.0,
exp26_tcp_grid,ablationsoftmin_only__ballspeed9__maxtcp1.0__noplot__servebox,"{""--ablation"": ""softmin_only"", ""--ball-speed"": 9, ""--max-tcp"": 1.0, ""--no-plot"": null, ""--serve-box"": null}",31,False,miss,0.345359,1.934784,0.218761,0.0,0.0,1.0,1.0,1.4,0.0,0.345359,0.0,3.04,2314.5,-1.0,-99.0,
exp26_tcp_grid,ablationsoftmin_only__ballspeed9__maxtcp1.0__noplot__servebox,"{""--ablation"": ""softmin_only"", ""--ball-speed"": 9, ""--max-tcp"": 1.0, ""--no-plot"": null, ""--serve-box"": null}",45,False,miss,0.33433,1.970285,0.192635,0.0,0.0,1.01,0.98,1.5,0.0,0.33433,0.0,1.51,995.3,-1.0,-99.0,
exp26_tcp_grid,ablationsoftmin_only__ballspeed9__maxtcp1.0__noplot__servebox,"{""--ablation"": ""softmin_only"", ""--ball-speed"": 9, ""--max-tcp"": 1.0, ""--no-plot"": null, ""--serve-box"": null}",37,False,miss,0.330308,1.929538,0.161345,20.0,0.0,1.0,1.0,1.2,0.0,0.330308,0.0,2.5,2098.4,-1.0,-99.0,
exp26_tcp_grid,ablationsoftmin_only__ballspeed9__maxtcp1.0__noplot__servebox,"{""--ablation"": ""softmin_only"", ""--ball-speed"": 9, ""--max-tcp"": 1.0, ""--no-plot"": null, ""--serve-box"": null}",47,True,active,0.118068,1.897822,0.118068,35.0,105.0,1.01,0.99,1.2,10.0,0.118068,0.762,1.46,1025.5,7.678,-6.488,
exp26_tcp_grid,ablationsoftmin_only__ballspeed9__maxtcp1.0__noplot__servebox,"{""--ablation"": ""softmin_only"", ""--ball-speed"": 9, ""--max-tcp"": 1.0, ""--no-plot"": null, ""--serve-box"": null}",48,False,miss,0.306357,1.938086,0.163742,15.0,0.0,1.0,1.0,1.4,0.0,0.306357,0.0,1.53,1126.0,-1.0,-99.0,
exp26_tcp_grid,ablationsoftmin_only__ballspeed9__maxtcp1.0__noplot__servebox,"{""--ablation"": ""softmin_only"", ""--ball-speed"": 9, ""--max-tcp"": 1.0, ""--no-plot"": null, ""--serve-box"": null}",39,False,miss,0.311347,1.913248,0.145516,25.0,65.0,1.01,1.0,1.3,0.0,0.311347,0.0,2.89,2251.4,-1.0,-99.0,
exp26_tcp_grid,ablationsoftmin_only__ballspeed9__maxtcp1.0__noplot__servebox,"{""--ablation"": ""softmin_only"", ""--ball-speed"": 9, ""--max-tcp"": 1.0, ""--no-plot"": null, ""--serve-box"": null}",51,False,miss,0.33265,1.930265,0.170234,15.0,0.0,1.0,0.99,1.5,0.0,0.33265,0.0,1.41,1024.9,-1.0,-99.0,
exp26_tcp_grid,ablationsoftmin_only__ballspeed9__maxtcp1.0__noplot__servebox,"{""--ablation"": ""softmin_only"", ""--ball-speed"": 9, ""--max-tcp"": 1.0, ""--no-plot"": null, ""--serve-box"": null}",53,True,active,0.059366,1.933033,0.059366,45.0,105.0,0.99,1.0,1.2,5.0,0.059366,0.581,1.44,1020.5,7.57,-4.509,
exp26_tcp_grid,ablationsoftmin_only__ballspeed9__maxtcp1.0__noplot__servebox,"{""--ablation"": ""softmin_only"", ""--ball-speed"": 9, ""--max-tcp"": 1.0, ""--no-plot"": null, ""--serve-box"": null}",52,True,active,0.119151,1.931036,0.10474,40.0,105.0,1.0,0.97,1.1,15.0,0.119151,0.982,1.55,1092.7,7.5,-3.343,
exp26_tcp_grid,ablationsoftmin_only__ballspeed9__maxtcp1.0__noplot__servebox,"{""--ablation"": ""softmin_only"", ""--ball-speed"": 9, ""--max-tcp"": 1.0, ""--no-plot"": null, ""--serve-box"": null}",44,False,miss,0.371692,1.975033,0.181743,10.0,0.0,1.01,1.0,1.3,0.0,0.371692,0.0,2.78,2046.9,-1.0,-99.0,
exp26_tcp_grid,ablationsoftmin_only__ballspeed9__maxtcp1.0__noplot__servebox,"{""--ablation"": ""softmin_only"", ""--ball-speed"": 9, ""--max-tcp"": 1.0, ""--no-plot"": null, ""--serve-box"": null}",57,False,miss,0.329106,1.954639,0.156476,0.0,0.0,1.0,0.99,1.3,0.0,0.329106,0.0,1.46,1042.3,-1.0,-99.0,
exp26_tcp_grid,ablationsoftmin_only__ballspeed9__maxtcp1.0__noplot__servebox,"{""--ablation"": ""softmin_only"", ""--ball-speed"": 9, ""--max-tcp"": 1.0, ""--no-plot"": null, ""--serve-box"": null}",56,False,miss,0.347571,1.923901,0.19376,0.0,0.0,1.0,1.0,1.4,0.0,0.347571,0.0,1.53,1064.8,-1.0,-99.0,
exp26_tcp_grid,ablationsoftmin_only__ballspeed9__maxtcp1.0__noplot__servebox,"{""--ablation"": ""softmin_only"", ""--ball-speed"": 9, ""--max-tcp"": 1.0, ""--no-plot"": null, ""--serve-box"": null}",46,False,miss,0.327279,1.949833,0.163633,20.0,0.0,1.0,1.0,1.2,0.0,0.327279,0.0,2.71,1976.8,-1.0,-99.0,
exp26_tcp_grid,ablationsoftmin_only__ballspeed9__maxtcp1.0__noplot__servebox,"{""--ablation"": ""softmin_only"", ""--ball-speed"": 9, ""--max-tcp"": 1.0, ""--no-plot"": null, ""--serve-box"": null}",59,True,active,0.098725,1.955385,0.064957,40.0,105.0,1.01,0.99,1.1,15.0,0.098725,0.995,1.47,1070.6,7.641,-1.816,
exp26_tcp_grid,ablationsoftmin_only__ballspeed9__maxtcp1.0__noplot__servebox,"{""--ablation"": ""softmin_only"", ""--ball-speed"": 9, ""--max-tcp"": 1.0, ""--no-plot"": null, ""--serve-box"": null}",60,False,miss,0.344987,1.958329,0.187393,0.0,0.0,1.0,1.0,1.3,0.0,0.344987,0.0,1.51,1086.1,-1.0,-99.0,
exp26_tcp_grid,ablationsoftmin_only__ballspeed9__maxtcp1.0__noplot__servebox,"{""--ablation"": ""softmin_only"", ""--ball-speed"": 9, ""--max-tcp"": 1.0, ""--no-plot"": null, ""--serve-box"": null}",55,False,miss,0.344933,1.959745,0.169601,0.0,0.0,1.0,0.99,1.4,0.0,0.344933,0.0,2.13,1736.3,-1.0,-99.0,
exp26_tcp_grid,ablationsoftmin_only__ballspeed9__maxtcp1.0__noplot__servebox,"{""--ablation"": ""softmin_only"", ""--ball-speed"": 9, ""--max-tcp"": 1.0, ""--no-plot"": null, ""--serve-box"": null}",50,False,miss,0.32061,1.937844,0.133138,30.0,105.0,1.01,0.95,1.3,0.0,0.32061,0.0,2.74,1974.0,-1.0,-99.0,
exp26_tcp_grid,ablationsoftmin_only__ballspeed9__maxtcp1.0__noplot__servebox,"{""--ablation"": ""softmin_only"", ""--ball-speed"": 9, ""--max-tcp"": 1.0, ""--no-plot"": null, ""--serve-box"": null}",58,True,active,0.092622,1.912101,0.078955,45.0,105.0,1.0,0.99,1.2,15.0,0.092622,0.949,2.11,1334.3,6.215,-2.024,
exp26_tcp_grid,ablationsoftmin_only__ballspeed9__maxtcp1.0__noplot__servebox,"{""--ablation"": ""softmin_only"", ""--ball-speed"": 9, ""--max-tcp"": 1.0, ""--no-plot"": null, ""--serve-box"": null}",61,False,miss,0.301491,1.958726,0.147457,25.0,55.0,1.0,0.98,1.0,0.0,0.301491,0.0,1.7,1327.7,-1.0,-99.0,
exp26_tcp_grid,ablationsoftmin_only__ballspeed9__maxtcp1.0__noplot__servebox,"{""--ablation"": ""softmin_only"", ""--ball-speed"": 9, ""--max-tcp"": 1.0, ""--no-plot"": null, ""--serve-box"": null}",49,False,miss,0.309422,1.950846,0.155203,25.0,0.0,1.0,1.0,1.5,0.0,0.309422,0.0,2.93,2262.7,-1.0,-99.0,
exp26_tcp_grid,ablationsoftmin_only__ballspeed9__maxtcp1.0__noplot__servebox,"{""--ablation"": ""softmin_only"", ""--ball-speed"": 9, ""--max-tcp"": 1.0, ""--no-plot"": null, ""--serve-box"": null}",63,True,active,0.080417,1.967023,0.04788,50.0,105.0,1.01,0.98,0.9,15.0,0.080417,0.907,1.49,1067.4,7.264,-5.04,
exp26_tcp_grid,ablationsoftmin_only__ballspeed9__maxtcp1.0__noplot__servebox,"{""--ablation"": ""softmin_only"", ""--ball-speed"": 9, ""--max-tcp"": 1.0, ""--no-plot"": null, ""--serve-box"": null}",54,True,active,0.071011,1.957892,0.058594,0.0,0.0,1.01,0.97,1.2,15.0,0.071011,0.916,2.95,2165.4,8.445,0.893,
exp26_tcp_grid,ablationsoftmin_only__ballspeed9__maxtcp1.0__noplot__servebox,"{""--ablation"": ""softmin_only"", ""--ball-speed"": 9, ""--max-tcp"": 1.0, ""--no-plot"": null, ""--serve-box"": null}",65,False,miss,0.308735,1.979505,0.142387,25.0,65.0,1.01,0.98,1.1,0.0,0.308735,0.0,1.53,1063.1,-1.0,-99.0,
exp26_tcp_grid,ablationsoftmin_only__ballspeed9__maxtcp1.0__noplot__servebox,"{""--ablation"": ""softmin_only"", ""--ball-speed"": 9, ""--max-tcp"": 1.0, ""--no-plot"": null, ""--serve-box"": null}",67,True,active,0.129251,1.92316,0.122164,35.0,95.0,1.0,0.99,1.3,10.0,0.129251,0.858,1.41,1037.4,7.227,-5.106,
exp26_tcp_grid,ablationsoftmin_only__ballspeed9__maxtcp1.0__noplot__servebox,"{""--ablation"": ""softmin_only"", ""--ball-speed"": 9, ""--max-tcp"": 1.0, ""--no-plot"": null, ""--serve-box"": null}",68,True,active,0.100958,1.9423,0.0914,45.0,105.0,0.99,0.98,1.3,5.0,0.100958,0.651,1.53,1126.7,7.618,-3.11,
exp26_tcp_grid,ablationsoftmin_only__ballspeed9__maxtcp1.0__noplot__servebox,"{""--ablation"": ""softmin_only"", ""--ball-speed"": 9, ""--max-tcp"": 1.0, ""--no-plot"": null, ""--serve-box"": null}",70,False,miss,0.325788,1.95155,0.156589,20.0,0.0,1.01,1.0,1.3,0.0,0.325788,0.0,1.37,990.3,-1.0,-99.0,
exp26_tcp_grid,ablationsoftmin_only__ballspeed9__maxtcp1.0__noplot__servebox,"{""--ablation"": ""softmin_only"", ""--ball-speed"": 9, ""--max-tcp"": 1.0, ""--no-plot"": null, ""--serve-box"": null}",64,False,miss,0.340859,1.933977,0.190734,0.0,0.0,1.0,0.97,1.2,0.0,0.340859,0.0,2.22,1573.8,-1.0,-99.0,
exp26_tcp_grid,ablationsoftmin_only__ballspeed9__maxtcp1.0__noplot__servebox,"{""--ablation"": ""softmin_only"", ""--ball-speed"": 9, ""--max-tcp"": 1.0, ""--no-plot"": null, ""--serve-box"": null}",72,True,active,0.124545,1.958897,0.122243,35.0,105.0,1.01,1.0,1.4,10.0,0.124545,0.952,1.56,1169.1,7.784,-4.914,
exp26_tcp_grid,ablationsoftmin_only__ballspeed9__maxtcp1.0__noplot__servebox,"{""--ablation"": ""softmin_only"", ""--ball-speed"": 9, ""--max-tcp"": 1.0, ""--no-plot"": null, ""--serve-box"": null}",73,False,miss,0.344356,1.979183,0.150817,25.0,10.0,1.01,1.0,1.1,0.0,0.344356,0.0,1.62,1090.3,-1.0,-99.0,
exp26_tcp_grid,ablationsoftmin_only__ballspeed9__maxtcp1.0__noplot__servebox,"{""--ablation"": ""softmin_only"", ""--ball-speed"": 9, ""--max-tcp"": 1.0, ""--no-plot"": null, ""--serve-box"": null}",76,True,active,0.091114,1.898774,0.077221,0.0,0.0,1.0,0.98,1.4,10.0,0.091114,0.986,1.54,1027.1,7.922,2.85,
exp26_tcp_grid,ablationsoftmin_only__ballspeed9__maxtcp1.0__noplot__servebox,"{""--ablation"": ""softmin_only"", ""--ball-speed"": 9, ""--max-tcp"": 1.0, ""--no-plot"": null, ""--serve-box"": null}",69,False,miss,0.339645,1.962282,0.187803,0.0,0.0,0.99,1.0,1.2,0.0,0.339645,0.0,2.31,1849.6,-1.0,-99.0,
exp26_tcp_grid,ablationsoftmin_only__ballspeed9__maxtcp1.0__noplot__servebox,"{""--ablation"": ""softmin_only"", ""--ball-speed"": 9, ""--max-tcp"": 1.0, ""--no-plot"": null, ""--serve-box"": null}",62,True,active,0.124221,1.957533,0.103612,40.0,105.0,1.0,0.97,1.2,10.0,0.124221,0.981,3.02,2259.8,7.998,-5.177,
exp26_tcp_grid,ablationsoftmin_only__ballspeed9__maxtcp1.0__noplot__servebox,"{""--ablation"": ""softmin_only"", ""--ball-speed"": 9, ""--max-tcp"": 1.0, ""--no-plot"": null, ""--serve-box"": null}",71,False,miss,0.345584,2.005821,0.130984,30.0,80.0,1.01,0.99,1.3,0.0,0.345584,0.0,2.16,1456.1,-1.0,-99.0,
exp26_tcp_grid,ablationsoftmin_only__ballspeed9__maxtcp1.0__noplot__servebox,"{""--ablation"": ""softmin_only"", ""--ball-speed"": 9, ""--max-tcp"": 1.0, ""--no-plot"": null, ""--serve-box"": null}",66,False,miss,0.329992,1.932398,0.169774,15.0,0.0,1.0,0.99,1.4,0.0,0.329992,0.0,2.85,2215.3,-1.0,-99.0,
exp26_tcp_grid,ablationsoftmin_only__ballspeed9__maxtcp1.0__noplot__servebox,"{""--ablation"": ""softmin_only"", ""--ball-speed"": 9, ""--max-tcp"": 1.0, ""--no-plot"": null, ""--serve-box"": null}",78,False,miss,0.31187,1.944695,0.148869,20.0,50.0,1.0,0.99,1.3,0.0,0.31187,0.0,1.46,1028.5,-1.0,-99.0,
exp26_tcp_grid,ablationsoftmin_only__ballspeed9__maxtcp1.0__noplot__servebox,"{""--ablation"": ""softmin_only"", ""--ball-speed"": 9, ""--max-tcp"": 1.0, ""--no-plot"": null, ""--serve-box"": null}",79,False,miss,0.329559,1.902458,0.152222,20.0,0.0,0.99,0.99,1.2,0.0,0.329559,0.0,1.46,1036.4,-1.0,-99.0,
exp26_tcp_grid,ablationsoftmin_only__ballspeed9__maxtcp1.0__noplot__servebox,"{""--ablation"": ""softmin_only"", ""--ball-speed"": 9, ""--max-tcp"": 1.0, ""--no-plot"": null, ""--serve-box"": null}",80,True,active,0.117676,1.926711,0.115052,35.0,105.0,1.01,1.0,1.7,0.0,0.117676,0.439,1.58,1192.5,6.826,-6.337,
exp26_tcp_grid,ablationsoftmin_only__ballspeed9__maxtcp1.0__noplot__servebox,"{""--ablation"": ""softmin_only"", ""--ball-speed"": 9, ""--max-tcp"": 1.0, ""--no-plot"": null, ""--serve-box"": null}",81,False,miss,0.326968,1.960018,0.146679,25.0,50.0,1.0,0.98,1.3,0.0,0.326968,0.0,1.46,1041.1,-1.0,-99.0,
exp26_tcp_grid,ablationsoftmin_only__ballspeed9__maxtcp1.0__noplot__servebox,"{""--ablation"": ""softmin_only"", ""--ball-speed"": 9, ""--max-tcp"": 1.0, ""--no-plot"": null, ""--serve-box"": null}",82,False,miss,0.300459,1.948644,0.148701,25.0,20.0,1.0,1.0,1.4,0.0,0.300459,0.0,1.46,1051.0,-1.0,-99.0,
exp26_tcp_grid,ablationsoftmin_only__ballspeed9__maxtcp1.0__noplot__servebox,"{""--ablation"": ""softmin_only"", ""--ball-speed"": 9, ""--max-tcp"": 1.0, ""--no-plot"": null, ""--serve-box"": null}",77,True,active,0.120143,1.897522,0.111737,40.0,105.0,0.98,1.0,1.4,10.0,0.120143,0.859,2.25,1503.4,7.322,-5.688,
exp26_tcp_grid,ablationsoftmin_only__ballspeed9__maxtcp1.0__noplot__servebox,"{""--ablation"": ""softmin_only"", ""--ball-speed"": 9, ""--max-tcp"": 1.0, ""--no-plot"": null, ""--serve-box"": null}",74,False,miss,0.323936,1.955862,0.158202,20.0,0.0,1.01,1.0,1.5,0.0,0.323936,0.0,2.98,2230.5,-1.0,-99.0,
exp26_tcp_grid,ablationsoftmin_only__ballspeed9__maxtcp1.0__noplot__servebox,"{""--ablation"": ""softmin_only"", ""--ball-speed"": 9, ""--max-tcp"": 1.0, ""--no-plot"": null, ""--serve-box"": null}",84,True,active,0.10453,1.945277,0.061149,50.0,105.0,1.01,1.0,1.4,15.0,0.10453,0.937,1.73,1330.2,7.492,-4.665,
exp26_tcp_grid,ablationsoftmin_only__ballspeed9__maxtcp1.0__noplot__servebox,"{""--ablation"": ""softmin_only"", ""--ball-speed"": 9, ""--max-tcp"": 1.0, ""--no-plot"": null, ""--serve-box"": null}",86,False,miss,0.315043,1.937361,0.130651,30.0,105.0,1.01,0.98,1.1,0.0,0.315043,0.0,1.39,1019.7,-1.0,-99.0,
exp26_tcp_grid,ablationsoftmin_only__ballspeed9__maxtcp1.0__noplot__servebox,"{""--ablation"": ""softmin_only"", ""--ball-speed"": 9, ""--max-tcp"": 1.0, ""--no-plot"": null, ""--serve-box"": null}",75,False,miss,0.28047,1.946951,0.153767,20.0,35.0,1.0,0.99,1.4,0.0,0.28047,0.0,3.0,2290.6,-1.0,-99.0,
exp26_tcp_grid,ablationsoftmin_only__ballspeed9__maxtcp1.0__noplot__servebox,"{""--ablation"": ""softmin_only"", ""--ball-speed"": 9, ""--max-tcp"": 1.0, ""--no-plot"": null, ""--serve-box"": null}",88,False,miss,0.334809,1.96051,0.173786,10.0,0.0,1.0,0.98,1.3,0.0,0.334809,0.0,1.52,1085.0,-1.0,-99.0,
exp26_tcp_grid,ablationsoftmin_only__ballspeed9__maxtcp1.0__noplot__servebox,"{""--ablation"": ""softmin_only"", ""--ball-speed"": 9, ""--max-tcp"": 1.0, ""--no-plot"": null, ""--serve-box"": null}",87,False,miss,0.333754,1.922393,0.166777,20.0,0.0,1.0,0.99,1.3,0.0,0.333754,0.0,1.65,1161.1,-1.0,-99.0,
exp26_tcp_grid,ablationsoftmin_only__ballspeed9__maxtcp1.0__noplot__servebox,"{""--ablation"": ""softmin_only"", ""--ball-speed"": 9, ""--max-tcp"": 1.0, ""--no-plot"": null, ""--serve-box"": null}",89,False,miss,0.302173,1.929682,0.137152,25.0,100.0,1.0,0.99,1.1,0.0,0.302173,0.0,1.51,1036.0,-1.0,-99.0,
exp26_tcp_grid,ablationsoftmin_only__ballspeed9__maxtcp1.0__noplot__servebox,"{""--ablation"": ""softmin_only"", ""--ball-speed"": 9, ""--max-tcp"": 1.0, ""--no-plot"": null, ""--serve-box"": null}",90,False,miss,0.324737,1.956085,0.155605,20.0,0.0,1.01,1.0,1.1,0.0,0.324737,0.0,1.53,1111.6,-1.0,-99.0,
exp26_tcp_grid,ablationsoftmin_only__ballspeed9__maxtcp1.0__noplot__servebox,"{""--ablation"": ""softmin_only"", ""--ball-speed"": 9, ""--max-tcp"": 1.0, ""--no-plot"": null, ""--serve-box"": null}",92,False,miss,0.355714,1.945453,0.161422,20.0,0.0,1.0,1.0,1.2,0.0,0.355714,0.0,1.53,1097.1,-1.0,-99.0,
exp26_tcp_grid,ablationsoftmin_only__ballspeed9__maxtcp1.0__noplot__servebox,"{""--ablation"": ""softmin_only"", ""--ball-speed"": 9, ""--max-tcp"": 1.0, ""--no-plot"": null, ""--serve-box"": null}",93,False,miss,0.318181,1.968442,0.14314,25.0,50.0,1.0,0.95,1.1,0.0,0.318181,0.0,1.46,1077.3,-1.0,-99.0,
exp26_tcp_grid,ablationsoftmin_only__ballspeed9__maxtcp1.0__noplot__servebox,"{""--ablation"": ""softmin_only"", ""--ball-speed"": 9, ""--max-tcp"": 1.0, ""--no-plot"": null, ""--serve-box"": null}",83,False,miss,0.317792,1.96152,0.158408,20.0,0.0,1.01,0.99,1.3,0.0,0.317792,0.0,2.54,1868.6,-1.0,-99.0,
exp26_tcp_grid,ablationsoftmin_only__ballspeed9__maxtcp1.0__noplot__servebox,"{""--ablation"": ""softmin_only"", ""--ball-speed"": 9, ""--max-tcp"": 1.0, ""--no-plot"": null, ""--serve-box"": null}",94,False,miss,0.318206,1.95594,0.125962,30.0,105.0,1.0,0.98,1.1,0.0,0.318206,0.0,1.81,1409.2,-1.0,-99.0,
exp26_tcp_grid,ablationsoftmin_only__ballspeed9__maxtcp1.0__noplot__servebox,"{""--ablation"": ""softmin_only"", ""--ball-speed"": 9, ""--max-tcp"": 1.0, ""--no-plot"": null, ""--serve-box"": null}",95,False,miss,0.319415,1.944249,0.134292,30.0,85.0,1.0,0.96,1.0,0.0,0.319415,0.0,1.86,1499.3,-1.0,-99.0,
exp26_tcp_grid,ablationsoftmin_only__ballspeed9__maxtcp1.0__noplot__servebox,"{""--ablation"": ""softmin_only"", ""--ball-speed"": 9, ""--max-tcp"": 1.0, ""--no-plot"": null, ""--serve-box"": null}",85,False,miss,0.284979,1.9048,0.148991,25.0,50.0,1.0,0.98,1.1,0.0,0.284979,0.0,2.97,2235.5,-1.0,-99.0,
exp26_tcp_grid,ablationsoftmin_only__ballspeed9__maxtcp1.0__noplot__servebox,"{""--ablation"": ""softmin_only"", ""--ball-speed"": 9, ""--max-tcp"": 1.0, ""--no-plot"": null, ""--serve-box"": null}",99,False,miss,0.347713,1.941829,0.16891,15.0,0.0,1.0,0.99,1.3,0.0,0.347713,0.0,1.52,1064.8,-1.0,-99.0,
exp26_tcp_grid,ablationsoftmin_only__ballspeed9__maxtcp1.0__noplot__servebox,"{""--ablation"": ""softmin_only"", ""--ball-speed"": 9, ""--max-tcp"": 1.0, ""--no-plot"": null, ""--serve-box"": null}",100,False,miss,0.370955,1.956623,0.202125,0.0,0.0,1.0,0.99,1.3,0.0,0.370955,0.0,1.58,1071.2,-1.0,-99.0,
exp26_tcp_grid,ablationnone__ballspeed9__maxtcp1.0__noplot__servebox,"{""--ablation"": ""none"", ""--ball-speed"": 9, ""--max-tcp"": 1.0, ""--no-plot"": null, ""--serve-box"": null}",1,False,miss,0.307542,1.919355,0.11835,0.0,0.0,0.99,1.0,1.1,0.0,0.307542,0.0,1.53,1119.3,-1.0,-99.0,
exp26_tcp_grid,ablationnone__ballspeed9__maxtcp1.0__noplot__servebox,"{""--ablation"": ""none"", ""--ball-speed"": 9, ""--max-tcp"": 1.0, ""--no-plot"": null, ""--serve-box"": null}",2,False,miss,0.305087,1.940812,0.140834,25.0,0.0,1.0,0.99,1.1,0.0,0.305087,0.0,1.49,1115.4,-1.0,-99.0,
exp26_tcp_grid,ablationsoftmin_only__ballspeed9__maxtcp1.0__noplot__servebox,"{""--ablation"": ""softmin_only"", ""--ball-speed"": 9, ""--max-tcp"": 1.0, ""--no-plot"": null, ""--serve-box"": null}",91,True,active,0.105858,1.935624,0.096828,40.0,105.0,1.0,0.99,1.4,5.0,0.105858,0.317,2.92,2249.1,7.053,-6.873,
exp26_tcp_grid,ablationnone__ballspeed9__maxtcp1.0__noplot__servebox,"{""--ablation"": ""none"", ""--ball-speed"": 9, ""--max-tcp"": 1.0, ""--no-plot"": null, ""--serve-box"": null}",4,False,miss,0.274485,1.911284,0.144833,25.0,0.0,1.0,1.0,1.1,0.0,0.274485,0.0,1.53,1117.6,-1.0,-99.0,
exp26_tcp_grid,ablationnone__ballspeed9__maxtcp1.0__noplot__servebox,"{""--ablation"": ""none"", ""--ball-speed"": 9, ""--max-tcp"": 1.0, ""--no-plot"": null, ""--serve-box"": null}",5,False,miss,0.297447,1.930744,0.103964,0.0,0.0,0.99,1.0,1.0,0.0,0.297447,0.0,1.59,1169.2,-1.0,-99.0,
exp26_tcp_grid,ablationnone__ballspeed9__maxtcp1.0__noplot__servebox,"{""--ablation"": ""none"", ""--ball-speed"": 9, ""--max-tcp"": 1.0, ""--no-plot"": null, ""--serve-box"": null}",7,True,active,0.091068,1.961499,0.03354,45.0,0.0,1.0,1.0,0.9,10.0,0.091068,0.966,1.69,1362.5,7.83,-1.532,
exp26_tcp_grid,ablationnone__ballspeed9__maxtcp1.0__noplot__servebox,"{""--ablation"": ""none"", ""--ball-speed"": 9, ""--max-tcp"": 1.0, ""--no-plot"": null, ""--serve-box"": null}",3,False,miss,0.341798,1.918196,0.139028,0.0,0.0,0.99,1.0,1.2,0.0,0.341798,0.0,2.18,1707.6,-1.0,-99.0,
exp26_tcp_grid,ablationnone__ballspeed9__maxtcp1.0__noplot__servebox,"{""--ablation"": ""none"", ""--ball-speed"": 9, ""--max-tcp"": 1.0, ""--no-plot"": null, ""--serve-box"": null}",8,False,miss,0.185256,1.909766,0.159735,0.0,0.0,1.0,1.0,1.3,0.0,0.185256,0.0,1.48,1110.7,-1.0,-99.0,
exp26_tcp_grid,ablationsoftmin_only__ballspeed9__maxtcp1.0__noplot__servebox,"{""--ablation"": ""softmin_only"", ""--ball-speed"": 9, ""--max-tcp"": 1.0, ""--no-plot"": null, ""--serve-box"": null}",96,False,miss,0.295984,1.961213,0.141093,25.0,75.0,1.01,0.97,1.1,0.0,0.295984,0.0,3.02,2278.5,-1.0,-99.0,
exp26_tcp_grid,ablationnone__ballspeed9__maxtcp1.0__noplot__servebox,"{""--ablation"": ""none"", ""--ball-speed"": 9, ""--max-tcp"": 1.0, ""--no-plot"": null, ""--serve-box"": null}",9,False,miss,0.305843,1.929513,0.141333,25.0,0.0,1.0,1.0,0.9,0.0,0.305843,0.0,1.5,1162.9,-1.0,-99.0,
exp26_tcp_grid,ablationsoftmin_only__ballspeed9__maxtcp1.0__noplot__servebox,"{""--ablation"": ""softmin_only"", ""--ball-speed"": 9, ""--max-tcp"": 1.0, ""--no-plot"": null, ""--serve-box"": null}",98,False,miss,0.321053,1.913327,0.113908,0.0,15.0,1.0,0.98,1.2,0.0,0.321053,0.0,2.82,2194.5,-1.0,-99.0,
exp26_tcp_grid,ablationnone__ballspeed9__maxtcp1.0__noplot__servebox,"{""--ablation"": ""none"", ""--ball-speed"": 9, ""--max-tcp"": 1.0, ""--no-plot"": null, ""--serve-box"": null}",20,,,,,,,,,,,,,,0.21,,,,no_result
exp26_tcp_grid,ablationnone__ballspeed9__maxtcp1.0__noplot__servebox,"{""--ablation"": ""none"", ""--ball-speed"": 9, ""--max-tcp"": 1.0, ""--no-plot"": null, ""--serve-box"": null}",21,,,,,,,,,,,,,,0.25,,,,no_result
exp26_tcp_grid,ablationsoftmin_only__ballspeed9__maxtcp1.0__noplot__servebox,"{""--ablation"": ""softmin_only"", ""--ball-speed"": 9, ""--max-tcp"": 1.0, ""--no-plot"": null, ""--serve-box"": null}",97,False,miss,0.339645,1.963916,0.150051,25.0,40.0,1.01,1.0,1.2,0.0,0.339645,0.0,3.03,2217.0,-1.0,-99.0,
exp26_tcp_grid,ablationnone__ballspeed9__maxtcp1.0__noplot__servebox,"{""--ablation"": ""none"", ""--ball-speed"": 9, ""--max-tcp"": 1.0, ""--no-plot"": null, ""--serve-box"": null}",11,True,active,0.130615,1.888701,0.115698,45.0,0.0,1.0,0.99,1.0,5.0,0.130615,0.744,1.6,1136.5,7.951,-5.668,
exp26_tcp_grid,ablationnone__ballspeed9__maxtcp1.0__noplot__servebox,"{""--ablation"": ""none"", ""--ball-speed"": 9, ""--max-tcp"": 1.0, ""--no-plot"": null, ""--serve-box"": null}",14,False,miss,0.319951,1.938877,0.184799,0.0,0.0,1.0,0.99,1.4,0.0,0.319951,0.0,1.47,1116.7,-1.0,-99.0,
exp26_tcp_grid,ablationnone__ballspeed9__maxtcp1.0__noplot__servebox,"{""--ablation"": ""none"", ""--ball-speed"": 9, ""--max-tcp"": 1.0, ""--no-plot"": null, ""--serve-box"": null}",13,False,miss,0.267584,1.90426,0.11717,0.0,0.0,1.0,0.98,0.9,0.0,0.267584,0.0,1.55,1107.7,-1.0,-99.0,
exp26_tcp_grid,ablationnone__ballspeed9__maxtcp1.0__noplot__servebox,"{""--ablation"": ""none"", ""--ball-speed"": 9, ""--max-tcp"": 1.0, ""--no-plot"": null, ""--serve-box"": null}",6,True,active,0.117035,1.948298,0.077262,45.0,0.0,0.99,0.99,1.4,10.0,0.117035,0.992,3.05,2380.2,7.676,-0.181,
exp26_tcp_grid,ablationnone__ballspeed9__maxtcp1.0__noplot__servebox,"{""--ablation"": ""none"", ""--ball-speed"": 9, ""--max-tcp"": 1.0, ""--no-plot"": null, ""--serve-box"": null}",19,False,miss,0.294,1.932838,0.112537,0.0,0.0,1.0,0.98,1.1,0.0,0.294,0.0,1.46,1114.4,-1.0,-99.0,
exp26_tcp_grid,ablationnone__ballspeed9__maxtcp1.0__noplot__servebox,"{""--ablation"": ""none"", ""--ball-speed"": 9, ""--max-tcp"": 1.0, ""--no-plot"": null, ""--serve-box"": null}",18,False,miss,0.294867,1.938663,0.127649,30.0,0.0,0.99,1.0,1.2,0.0,0.294867,0.0,1.66,1305.7,-1.0,-99.0,
exp26_tcp_grid,ablationnone__ballspeed9__maxtcp1.0__noplot__servebox,"{""--ablation"": ""none"", ""--ball-speed"": 9, ""--max-tcp"": 1.0, ""--no-plot"": null, ""--serve-box"": null}",22,True,active,0.094393,1.903137,0.024807,0.0,0.0,1.0,1.0,1.0,15.0,0.094393,0.898,1.51,1135.7,7.962,1.653,
exp26_tcp_grid,ablationnone__ballspeed9__maxtcp1.0__noplot__servebox,"{""--ablation"": ""none"", ""--ball-speed"": 9, ""--max-tcp"": 1.0, ""--no-plot"": null, ""--serve-box"": null}",24,False,miss,0.287717,1.954644,0.14154,25.0,0.0,1.0,0.99,1.2,0.0,0.287717,0.0,1.47,1104.4,-1.0,-99.0,
exp26_tcp_grid,ablationnone__ballspeed9__maxtcp1.0__noplot__servebox,"{""--ablation"": ""none"", ""--ball-speed"": 9, ""--max-tcp"": 1.0, ""--no-plot"": null, ""--serve-box"": null}",23,True,active,0.12363,1.929365,0.095674,45.0,0.0,1.0,0.99,0.9,5.0,0.12363,0.742,1.56,1204.1,8.132,-5.859,
exp26_tcp_grid,ablationnone__ballspeed9__maxtcp1.0__noplot__servebox,"{""--ablation"": ""none"", ""--ball-speed"": 9, ""--max-tcp"": 1.0, ""--no-plot"": null, ""--serve-box"": null}",10,True,active,0.101519,1.939431,0.053562,45.0,0.0,1.0,1.0,1.1,5.0,0.101519,0.728,2.92,2327.9,7.368,-0.502,
exp26_tcp_grid,ablationnone__ballspeed9__maxtcp1.0__noplot__servebox,"{""--ablation"": ""none"", ""--ball-speed"": 9, ""--max-tcp"": 1.0, ""--no-plot"": null, ""--serve-box"": null}",17,True,active,0.134381,1.923418,0.132298,40.0,0.0,1.0,1.0,1.3,0.0,0.134381,0.451,2.33,1725.2,6.701,-6.25,
exp26_tcp_grid,ablationnone__ballspeed9__maxtcp1.0__noplot__servebox,"{""--ablation"": ""none"", ""--ball-speed"": 9, ""--max-tcp"": 1.0, ""--no-plot"": null, ""--serve-box"": null}",12,False,miss,0.280215,1.959628,0.102816,0.0,0.0,0.96,1.0,1.1,0.0,0.280215,0.0,2.92,2325.3,-1.0,-99.0,
exp26_tcp_grid,ablationnone__ballspeed9__maxtcp1.0__noplot__servebox,"{""--ablation"": ""none"", ""--ball-speed"": 9, ""--max-tcp"": 1.0, ""--no-plot"": null, ""--serve-box"": null}",16,True,active,0.074271,1.951228,0.049384,5.0,0.0,1.0,0.94,1.0,15.0,0.074271,0.922,2.61,1966.4,7.582,-0.326,
exp26_tcp_grid,ablationnone__ballspeed9__maxtcp1.0__noplot__servebox,"{""--ablation"": ""none"", ""--ball-speed"": 9, ""--max-tcp"": 1.0, ""--no-plot"": null, ""--serve-box"": null}",15,True,active,0.120052,1.911712,0.081778,25.0,0.0,1.01,0.99,1.4,5.0,0.120052,0.654,2.73,2096.4,7.153,1.009,
exp26_tcp_grid,ablationnone__ballspeed9__maxtcp1.0__noplot__servebox,"{""--ablation"": ""none"", ""--ball-speed"": 9, ""--max-tcp"": 1.0, ""--no-plot"": null, ""--serve-box"": null}",27,True,active,0.046571,1.943788,0.039117,50.0,0.0,1.0,1.0,1.1,5.0,0.046571,0.689,1.52,1123.1,6.707,-3.861,
exp26_tcp_grid,ablationnone__ballspeed9__maxtcp1.0__noplot__servebox,"{""--ablation"": ""none"", ""--ball-speed"": 9, ""--max-tcp"": 1.0, ""--no-plot"": null, ""--serve-box"": null}",28,False,miss,0.293539,1.946457,0.112004,0.0,0.0,0.99,0.99,1.0,0.0,0.293539,0.0,1.45,1079.6,-1.0,-99.0,
exp26_tcp_grid,ablationnone__ballspeed9__maxtcp1.0__noplot__servebox,"{""--ablation"": ""none"", ""--ball-speed"": 9, ""--max-tcp"": 1.0, ""--no-plot"": null, ""--serve-box"": null}",26,False,miss,0.308938,1.943371,0.101888,0.0,0.0,1.0,1.0,1.3,0.0,0.308938,0.0,1.81,1433.9,-1.0,-99.0,
exp26_tcp_grid,ablationnone__ballspeed9__maxtcp1.0__noplot__servebox,"{""--ablation"": ""none"", ""--ball-speed"": 9, ""--max-tcp"": 1.0, ""--no-plot"": null, ""--serve-box"": null}",25,False,miss,0.278387,1.873029,0.192679,0.0,0.0,0.99,1.0,1.5,0.0,0.278387,0.0,2.21,1554.3,-1.0,-99.0,
exp26_tcp_grid,ablationnone__ballspeed9__maxtcp1.0__noplot__servebox,"{""--ablation"": ""none"", ""--ball-speed"": 9, ""--max-tcp"": 1.0, ""--no-plot"": null, ""--serve-box"": null}",30,False,miss,0.299024,1.95919,0.123005,0.0,0.0,1.0,0.99,0.9,0.0,0.299024,0.0,1.56,1146.6,-1.0,-99.0,
exp26_tcp_grid,ablationnone__ballspeed9__maxtcp1.0__noplot__servebox,"{""--ablation"": ""none"", ""--ball-speed"": 9, ""--max-tcp"": 1.0, ""--no-plot"": null, ""--serve-box"": null}",29,True,active,0.088843,1.842362,0.088843,40.0,0.0,1.01,0.98,1.4,0.0,0.088843,0.492,2.14,1799.5,6.172,-6.09,
exp26_tcp_grid,ablationnone__ballspeed9__maxtcp1.0__noplot__servebox,"{""--ablation"": ""none"", ""--ball-speed"": 9, ""--max-tcp"": 1.0, ""--no-plot"": null, ""--serve-box"": null}",31,False,miss,0.32999,1.942816,0.212445,0.0,0.0,0.99,1.0,1.5,0.0,0.32999,0.0,1.47,1129.5,-1.0,-99.0,
exp26_tcp_grid,ablationnone__ballspeed9__maxtcp1.0__noplot__servebox,"{""--ablation"": ""none"", ""--ball-speed"": 9, ""--max-tcp"": 1.0, ""--no-plot"": null, ""--serve-box"": null}",32,False,miss,0.28296,1.924708,0.152917,25.0,0.0,1.0,0.99,1.2,0.0,0.28296,0.0,1.45,1104.5,-1.0,-99.0,
exp26_tcp_grid,ablationnone__ballspeed9__maxtcp1.0__noplot__servebox,"{""--ablation"": ""none"", ""--ball-speed"": 9, ""--max-tcp"": 1.0, ""--no-plot"": null, ""--serve-box"": null}",37,True,active,0.084405,1.965343,0.018146,0.0,0.0,0.99,0.97,1.1,10.0,0.084405,0.937,1.45,1094.4,7.907,-0.235,
exp26_tcp_grid,ablationnone__ballspeed9__maxtcp1.0__noplot__servebox,"{""--ablation"": ""none"", ""--ball-speed"": 9, ""--max-tcp"": 1.0, ""--no-plot"": null, ""--serve-box"": null}",39,True,active,0.135552,1.897442,0.122622,45.0,0.0,1.0,0.99,1.1,5.0,0.135552,0.829,1.51,1064.5,8.123,-5.625,
exp26_tcp_grid,ablationnone__ballspeed9__maxtcp1.0__noplot__servebox,"{""--ablation"": ""none"", ""--ball-speed"": 9, ""--max-tcp"": 1.0, ""--no-plot"": null, ""--serve-box"": null}",40,False,miss,0.275754,1.952231,0.109365,30.0,0.0,1.0,0.99,1.2,0.0,0.275754,0.0,1.49,1088.7,-1.0,-99.0,
exp26_tcp_grid,ablationnone__ballspeed9__maxtcp1.0__noplot__servebox,"{""--ablation"": ""none"", ""--ball-speed"": 9, ""--max-tcp"": 1.0, ""--no-plot"": null, ""--serve-box"": null}",43,False,miss,0.303258,1.897628,0.165118,20.0,0.0,1.0,1.0,1.5,0.0,0.303258,0.0,1.69,1315.5,-1.0,-99.0,
exp26_tcp_grid,ablationnone__ballspeed9__maxtcp1.0__noplot__servebox,"{""--ablation"": ""none"", ""--ball-speed"": 9, ""--max-tcp"": 1.0, ""--no-plot"": null, ""--serve-box"": null}",44,True,active,0.130681,1.904421,0.119155,0.0,0.0,0.99,0.98,1.3,10.0,0.130681,0.815,1.44,1093.9,7.895,1.007,
exp26_tcp_grid,ablationnone__ballspeed9__maxtcp1.0__noplot__servebox,"{""--ablation"": ""none"", ""--ball-speed"": 9, ""--max-tcp"": 1.0, ""--no-plot"": null, ""--serve-box"": null}",45,False,miss,0.27087,1.95787,0.134881,25.0,0.0,0.98,1.0,1.3,0.0,0.27087,0.0,1.42,1085.3,-1.0,-99.0,
exp26_tcp_grid,ablationnone__ballspeed9__maxtcp1.0__noplot__servebox,"{""--ablation"": ""none"", ""--ball-speed"": 9, ""--max-tcp"": 1.0, ""--no-plot"": null, ""--serve-box"": null}",46,True,active,0.074126,1.93297,0.074126,40.0,0.0,1.0,0.99,1.3,5.0,0.074126,0.492,1.51,1126.2,6.909,-4.085,
exp26_tcp_grid,ablationnone__ballspeed9__maxtcp1.0__noplot__servebox,"{""--ablation"": ""none"", ""--ball-speed"": 9, ""--max-tcp"": 1.0, ""--no-plot"": null, ""--serve-box"": null}",47,True,active,0.124712,1.883471,0.124712,40.0,0.0,0.99,0.99,1.0,5.0,0.124712,0.686,1.52,1154.7,7.924,-6.672,
exp26_tcp_grid,ablationnone__ballspeed9__maxtcp1.0__noplot__servebox,"{""--ablation"": ""none"", ""--ball-speed"": 9, ""--max-tcp"": 1.0, ""--no-plot"": null, ""--serve-box"": null}",38,False,miss,0.274573,1.948635,0.117844,30.0,0.0,0.98,1.0,1.0,0.0,0.274573,0.0,2.45,2062.2,-1.0,-99.0,
exp26_tcp_grid,ablationnone__ballspeed9__maxtcp1.0__noplot__servebox,"{""--ablation"": ""none"", ""--ball-speed"": 9, ""--max-tcp"": 1.0, ""--no-plot"": null, ""--serve-box"": null}",33,False,miss,0.291997,1.960655,0.148592,20.0,0.0,1.0,1.0,1.3,0.0,0.291997,0.0,2.92,2335.7,-1.0,-99.0,
exp26_tcp_grid,ablationnone__ballspeed9__maxtcp1.0__noplot__servebox,"{""--ablation"": ""none"", ""--ball-speed"": 9, ""--max-tcp"": 1.0, ""--no-plot"": null, ""--serve-box"": null}",48,False,miss,0.247528,1.942861,0.136547,25.0,0.0,0.99,1.0,1.2,0.0,0.247528,0.0,1.61,1255.5,-1.0,-99.0,
exp26_tcp_grid,ablationnone__ballspeed9__maxtcp1.0__noplot__servebox,"{""--ablation"": ""none"", ""--ball-speed"": 9, ""--max-tcp"": 1.0, ""--no-plot"": null, ""--serve-box"": null}",34,True,active,0.126761,1.929155,0.094911,50.0,0.0,0.98,1.0,1.1,0.0,0.126761,0.402,2.98,2361.9,7.359,-2.561,
exp26_tcp_grid,ablationnone__ballspeed9__maxtcp1.0__noplot__servebox,"{""--ablation"": ""none"", ""--ball-speed"": 9, ""--max-tcp"": 1.0, ""--no-plot"": null, ""--serve-box"": null}",35,False,miss,0.317996,1.884159,0.152328,0.0,0.0,0.98,0.99,1.3,0.0,0.317996,0.0,2.97,2367.9,-1.0,-99.0,
exp26_tcp_grid,ablationnone__ballspeed9__maxtcp1.0__noplot__servebox,"{""--ablation"": ""none"", ""--ball-speed"": 9, ""--max-tcp"": 1.0, ""--no-plot"": null, ""--serve-box"": null}",36,False,miss,0.283689,1.938536,0.132656,25.0,0.0,1.0,1.0,0.9,0.0,0.283689,0.0,2.98,2307.8,-1.0,-99.0,
exp26_tcp_grid,ablationnone__ballspeed9__maxtcp1.0__noplot__servebox,"{""--ablation"": ""none"", ""--ball-speed"": 9, ""--max-tcp"": 1.0, ""--no-plot"": null, ""--serve-box"": null}",49,False,miss,0.304839,1.973525,0.148195,25.0,0.0,1.0,1.0,1.2,0.0,0.304839,0.0,1.52,1160.8,-1.0,-99.0,
exp26_tcp_grid,ablationnone__ballspeed9__maxtcp1.0__noplot__servebox,"{""--ablation"": ""none"", ""--ball-speed"": 9, ""--max-tcp"": 1.0, ""--no-plot"": null, ""--serve-box"": null}",50,True,active,0.111073,1.917764,0.096382,0.0,0.0,1.0,0.99,1.7,15.0,0.111073,0.975,1.55,1076.8,7.762,-0.53,
exp26_tcp_grid,ablationnone__ballspeed9__maxtcp1.0__noplot__servebox,"{""--ablation"": ""none"", ""--ball-speed"": 9, ""--max-tcp"": 1.0, ""--no-plot"": null, ""--serve-box"": null}",42,True,active,0.113147,1.913766,0.099369,40.0,0.0,1.0,0.99,1.1,15.0,0.113147,0.39,2.92,2239.8,7.88,-2.516,
exp26_tcp_grid,ablationnone__ballspeed9__maxtcp1.0__noplot__servebox,"{""--ablation"": ""none"", ""--ball-speed"": 9, ""--max-tcp"": 1.0, ""--no-plot"": null, ""--serve-box"": null}",41,False,miss,0.260668,1.909225,0.215916,0.0,0.0,0.99,1.0,1.4,0.0,0.260668,0.0,3.04,2355.0,-1.0,-99.0,
exp26_tcp_grid,ablationnone__ballspeed9__maxtcp1.0__noplot__servebox,"{""--ablation"": ""none"", ""--ball-speed"": 9, ""--max-tcp"": 1.0, ""--no-plot"": null, ""--serve-box"": null}",51,False,miss,0.308644,1.954417,0.142916,25.0,0.0,1.0,1.0,1.2,0.0,0.308644,0.0,1.97,1405.0,-1.0,-99.0,
exp26_tcp_grid,ablationnone__ballspeed9__maxtcp1.0__noplot__servebox,"{""--ablation"": ""none"", ""--ball-speed"": 9, ""--max-tcp"": 1.0, ""--no-plot"": null, ""--serve-box"": null}",52,False,miss,0.305231,1.930324,0.134925,10.0,0.0,0.97,1.0,1.0,0.0,0.305231,0.0,1.64,1287.7,-1.0,-99.0,
exp26_tcp_grid,ablationnone__ballspeed9__maxtcp1.0__noplot__servebox,"{""--ablation"": ""none"", ""--ball-speed"": 9, ""--max-tcp"": 1.0, ""--no-plot"": null, ""--serve-box"": null}",54,True,active,0.078392,1.965422,0.058283,0.0,0.0,1.0,0.97,1.3,15.0,0.078392,0.932,1.41,1076.4,8.262,4.433,
exp26_tcp_grid,ablationnone__ballspeed9__maxtcp1.0__noplot__servebox,"{""--ablation"": ""none"", ""--ball-speed"": 9, ""--max-tcp"": 1.0, ""--no-plot"": null, ""--serve-box"": null}",57,False,miss,0.3142,1.957522,0.131716,25.0,0.0,1.0,0.98,1.0,0.0,0.3142,0.0,1.46,1103.4,-1.0,-99.0,
exp26_tcp_grid,ablationnone__ballspeed9__maxtcp1.0__noplot__servebox,"{""--ablation"": ""none"", ""--ball-speed"": 9, ""--max-tcp"": 1.0, ""--no-plot"": null, ""--serve-box"": null}",58,False,miss,0.298053,1.8633,0.142638,30.0,0.0,0.98,0.99,1.1,0.0,0.298053,0.0,1.57,1154.2,-1.0,-99.0,
exp26_tcp_grid,ablationnone__ballspeed9__maxtcp1.0__noplot__servebox,"{""--ablation"": ""none"", ""--ball-speed"": 9, ""--max-tcp"": 1.0, ""--no-plot"": null, ""--serve-box"": null}",61,False,miss,0.2723,1.92873,0.144872,25.0,0.0,1.0,0.98,1.0,0.0,0.2723,0.0,1.48,1058.6,-1.0,-99.0,
exp26_tcp_grid,ablationnone__ballspeed9__maxtcp1.0__noplot__servebox,"{""--ablation"": ""none"", ""--ball-speed"": 9, ""--max-tcp"": 1.0, ""--no-plot"": null, ""--serve-box"": null}",63,True,active,0.077287,1.928353,0.035551,0.0,0.0,0.99,0.98,1.0,15.0,0.077287,0.983,1.46,1066.6,7.971,1.085,
exp26_tcp_grid,ablationnone__ballspeed9__maxtcp1.0__noplot__servebox,"{""--ablation"": ""none"", ""--ball-speed"": 9, ""--max-tcp"": 1.0, ""--no-plot"": null, ""--serve-box"": null}",62,False,miss,0.275023,1.953451,0.109801,30.0,0.0,0.99,1.0,1.0,0.0,0.275023,0.0,1.54,1149.3,-1.0,-99.0,
exp26_tcp_grid,ablationnone__ballspeed9__maxtcp1.0__noplot__servebox,"{""--ablation"": ""none"", ""--ball-speed"": 9, ""--max-tcp"": 1.0, ""--no-plot"": null, ""--serve-box"": null}",59,True,active,0.073104,1.905766,0.051542,0.0,0.0,1.06,0.99,1.2,15.0,0.073104,0.986,1.98,1282.6,7.704,1.478,
exp26_tcp_grid,ablationnone__ballspeed9__maxtcp1.0__noplot__servebox,"{""--ablation"": ""none"", ""--ball-speed"": 9, ""--max-tcp"": 1.0, ""--no-plot"": null, ""--serve-box"": null}",53,True,active,0.072999,1.899476,0.056053,35.0,0.0,1.0,0.96,1.1,15.0,0.072999,0.934,2.75,2126.6,7.58,-1.878,
exp26_tcp_grid,ablationnone__ballspeed9__maxtcp1.0__noplot__servebox,"{""--ablation"": ""none"", ""--ball-speed"": 9, ""--max-tcp"": 1.0, ""--no-plot"": null, ""--serve-box"": null}",64,False,miss,0.272671,1.931053,0.115422,30.0,0.0,0.99,1.0,1.1,0.0,0.272671,0.0,1.7,1362.7,-1.0,-99.0,
exp26_tcp_grid,ablationnone__ballspeed9__maxtcp1.0__noplot__servebox,"{""--ablation"": ""none"", ""--ball-speed"": 9, ""--max-tcp"": 1.0, ""--no-plot"": null, ""--serve-box"": null}",65,False,miss,0.316745,1.929493,0.163337,15.0,0.0,1.0,1.0,1.3,0.0,0.316745,0.0,1.72,1358.1,-1.0,-99.0,
exp26_tcp_grid,ablationnone__ballspeed9__maxtcp1.0__noplot__servebox,"{""--ablation"": ""none"", ""--ball-speed"": 9, ""--max-tcp"": 1.0, ""--no-plot"": null, ""--serve-box"": null}",68,True,active,0.101969,1.890791,0.09552,45.0,0.0,1.0,1.0,1.0,0.0,0.101969,0.476,1.45,1127.5,7.081,-4.191,
exp26_tcp_grid,ablationnone__ballspeed9__maxtcp1.0__noplot__servebox,"{""--ablation"": ""none"", ""--ball-speed"": 9, ""--max-tcp"": 1.0, ""--no-plot"": null, ""--serve-box"": null}",56,False,miss,0.325674,1.962997,0.156177,0.0,0.0,1.03,1.0,1.1,0.0,0.325674,0.0,2.65,2001.2,-1.0,-99.0,
exp26_tcp_grid,ablationnone__ballspeed9__maxtcp1.0__noplot__servebox,"{""--ablation"": ""none"", ""--ball-speed"": 9, ""--max-tcp"": 1.0, ""--no-plot"": null, ""--serve-box"": null}",55,False,miss,0.30035,1.968087,0.144365,30.0,0.0,1.0,0.99,1.0,0.0,0.30035,0.0,2.72,2143.5,-1.0,-99.0,
exp26_tcp_grid,ablationnone__ballspeed9__maxtcp1.0__noplot__servebox,"{""--ablation"": ""none"", ""--ball-speed"": 9, ""--max-tcp"": 1.0, ""--no-plot"": null, ""--serve-box"": null}",70,False,miss,0.291994,1.944141,0.165957,20.0,0.0,0.98,1.0,1.3,0.0,0.291994,0.0,1.5,1129.1,-1.0,-99.0,
exp26_tcp_grid,ablationnone__ballspeed9__maxtcp1.0__noplot__servebox,"{""--ablation"": ""none"", ""--ball-speed"": 9, ""--max-tcp"": 1.0, ""--no-plot"": null, ""--serve-box"": null}",69,False,miss,0.280407,1.917693,0.157274,25.0,0.0,0.97,1.0,1.3,0.0,0.280407,0.0,1.8,1490.9,-1.0,-99.0,
exp26_tcp_grid,ablationnone__ballspeed9__maxtcp1.0__noplot__servebox,"{""--ablation"": ""none"", ""--ball-speed"": 9, ""--max-tcp"": 1.0, ""--no-plot"": null, ""--serve-box"": null}",60,False,miss,0.313635,1.917033,0.176087,10.0,0.0,1.0,1.0,1.3,0.0,0.313635,0.0,2.93,2304.2,-1.0,-99.0,
exp26_tcp_grid,ablationnone__ballspeed9__maxtcp1.0__noplot__servebox,"{""--ablation"": ""none"", ""--ball-speed"": 9, ""--max-tcp"": 1.0, ""--no-plot"": null, ""--serve-box"": null}",71,False,miss,0.323644,1.948845,0.128514,0.0,0.0,1.0,0.97,1.2,0.0,0.323644,0.0,1.51,1151.2,-1.0,-99.0,
exp26_tcp_grid,ablationnone__ballspeed9__maxtcp1.0__noplot__servebox,"{""--ablation"": ""none"", ""--ball-speed"": 9, ""--max-tcp"": 1.0, ""--no-plot"": null, ""--serve-box"": null}",74,False,miss,0.284364,1.949753,0.13073,30.0,0.0,0.99,1.0,1.1,0.0,0.284364,0.0,1.54,1131.5,-1.0,-99.0,
exp26_tcp_grid,ablationnone__ballspeed9__maxtcp1.0__noplot__servebox,"{""--ablation"": ""none"", ""--ball-speed"": 9, ""--max-tcp"": 1.0, ""--no-plot"": null, ""--serve-box"": null}",66,False,miss,0.302562,1.919482,0.169946,20.0,0.0,1.0,1.0,1.1,0.0,0.302562,0.0,3.02,2365.7,-1.0,-99.0,
exp26_tcp_grid,ablationnone__ballspeed9__maxtcp1.0__noplot__servebox,"{""--ablation"": ""none"", ""--ball-speed"": 9, ""--max-tcp"": 1.0, ""--no-plot"": null, ""--serve-box"": null}",73,False,miss,0.331875,1.933145,0.136818,0.0,0.0,0.99,0.99,1.5,0.0,0.331875,0.0,1.84,1470.3,-1.0,-99.0,
exp26_tcp_grid,ablationnone__ballspeed9__maxtcp1.0__noplot__servebox,"{""--ablation"": ""none"", ""--ball-speed"": 9, ""--max-tcp"": 1.0, ""--no-plot"": null, ""--serve-box"": null}",67,True,active,0.116116,1.94533,0.068632,45.0,0.0,1.0,0.97,1.2,10.0,0.116116,0.587,2.72,1985.0,7.137,0.691,
exp26_tcp_grid,ablationnone__ballspeed9__maxtcp1.0__noplot__servebox,"{""--ablation"": ""none"", ""--ball-speed"": 9, ""--max-tcp"": 1.0, ""--no-plot"": null, ""--serve-box"": null}",78,False,miss,0.271871,1.934281,0.102962,0.0,0.0,0.99,0.99,1.3,0.0,0.271871,0.0,1.49,1059.6,-1.0,-99.0,
exp26_tcp_grid,ablationnone__ballspeed9__maxtcp1.0__noplot__servebox,"{""--ablation"": ""none"", ""--ball-speed"": 9, ""--max-tcp"": 1.0, ""--no-plot"": null, ""--serve-box"": null}",79,False,miss,0.31688,1.917526,0.123875,0.0,0.0,1.01,0.99,1.3,0.0,0.31688,0.0,1.47,1064.7,-1.0,-99.0,
exp26_tcp_grid,ablationnone__ballspeed9__maxtcp1.0__noplot__servebox,"{""--ablation"": ""none"", ""--ball-speed"": 9, ""--max-tcp"": 1.0, ""--no-plot"": null, ""--serve-box"": null}",80,False,miss,0.291364,1.922087,0.159623,20.0,0.0,1.0,0.99,1.5,0.0,0.291364,0.0,1.52,1115.0,-1.0,-99.0,
exp26_tcp_grid,ablationnone__ballspeed9__maxtcp1.0__noplot__servebox,"{""--ablation"": ""none"", ""--ball-speed"": 9, ""--max-tcp"": 1.0, ""--no-plot"": null, ""--serve-box"": null}",76,False,miss,0.284522,1.906303,0.090335,0.0,0.0,0.99,0.98,1.2,0.0,0.284522,0.0,1.89,1344.6,-1.0,-99.0,
exp26_tcp_grid,ablationnone__ballspeed9__maxtcp1.0__noplot__servebox,"{""--ablation"": ""none"", ""--ball-speed"": 9, ""--max-tcp"": 1.0, ""--no-plot"": null, ""--serve-box"": null}",72,True,active,0.076078,1.926889,0.037895,55.0,0.0,1.0,1.0,1.2,5.0,0.076078,0.69,2.35,1763.2,7.153,-3.266,
exp26_tcp_grid,ablationnone__ballspeed9__maxtcp1.0__noplot__servebox,"{""--ablation"": ""none"", ""--ball-speed"": 9, ""--max-tcp"": 1.0, ""--no-plot"": null, ""--serve-box"": null}",83,False,miss,0.301846,1.937307,0.139271,25.0,0.0,1.0,1.0,1.2,0.0,0.301846,0.0,1.47,1110.2,-1.0,-99.0,
exp26_tcp_grid,ablationnone__ballspeed9__maxtcp1.0__noplot__servebox,"{""--ablation"": ""none"", ""--ball-speed"": 9, ""--max-tcp"": 1.0, ""--no-plot"": null, ""--serve-box"": null}",82,False,miss,0.261269,1.917071,0.138586,25.0,0.0,0.99,1.0,1.2,0.0,0.261269,0.0,1.51,1099.7,-1.0,-99.0,
exp26_tcp_grid,ablationnone__ballspeed9__maxtcp1.0__noplot__servebox,"{""--ablation"": ""none"", ""--ball-speed"": 9, ""--max-tcp"": 1.0, ""--no-plot"": null, ""--serve-box"": null}",85,False,miss,0.265173,1.925442,0.163938,20.0,0.0,1.0,0.99,1.4,0.0,0.265173,0.0,1.46,1098.5,-1.0,-99.0,
exp26_tcp_grid,ablationnone__ballspeed9__maxtcp1.0__noplot__servebox,"{""--ablation"": ""none"", ""--ball-speed"": 9, ""--max-tcp"": 1.0, ""--no-plot"": null, ""--serve-box"": null}",81,True,active,0.083562,1.949082,0.077063,40.0,0.0,1.02,0.99,1.1,5.0,0.083562,0.736,2.04,1674.6,7.115,0.18,
exp26_tcp_grid,ablationnone__ballspeed9__maxtcp1.0__noplot__servebox,"{""--ablation"": ""none"", ""--ball-speed"": 9, ""--max-tcp"": 1.0, ""--no-plot"": null, ""--serve-box"": null}",75,True,passive,0.134475,1.899254,0.125981,45.0,0.0,1.02,1.0,1.4,10.0,0.134475,0.25,2.69,2128.9,7.179,-5.083,
exp26_tcp_grid,ablationnone__ballspeed9__maxtcp1.0__noplot__servebox,"{""--ablation"": ""none"", ""--ball-speed"": 9, ""--max-tcp"": 1.0, ""--no-plot"": null, ""--serve-box"": null}",87,True,active,0.112633,1.953889,0.051127,45.0,0.0,0.99,1.0,1.0,10.0,0.112633,0.911,1.52,1107.3,7.79,-2.948,
exp26_tcp_grid,ablationnone__ballspeed9__maxtcp1.0__noplot__servebox,"{""--ablation"": ""none"", ""--ball-speed"": 9, ""--max-tcp"": 1.0, ""--no-plot"": null, ""--serve-box"": null}",77,False,miss,0.316266,1.869868,0.184618,0.0,0.0,0.98,1.0,1.3,0.0,0.316266,0.0,2.96,2328.7,-1.0,-99.0,
exp26_tcp_grid,ablationnone__ballspeed9__maxtcp1.0__noplot__servebox,"{""--ablation"": ""none"", ""--ball-speed"": 9, ""--max-tcp"": 1.0, ""--no-plot"": null, ""--serve-box"": null}",90,True,active,0.119273,1.91848,0.094927,50.0,0.0,1.0,0.98,1.3,5.0,0.119273,0.672,1.52,1160.7,7.041,-4.622,
exp26_tcp_grid,ablationnone__ballspeed9__maxtcp1.0__noplot__servebox,"{""--ablation"": ""none"", ""--ball-speed"": 9, ""--max-tcp"": 1.0, ""--no-plot"": null, ""--serve-box"": null}",91,False,miss,0.198664,1.909894,0.146003,30.0,0.0,0.98,0.99,1.6,0.0,0.198664,0.0,1.44,1097.3,-1.0,-99.0,
exp26_tcp_grid,ablationnone__ballspeed9__maxtcp1.0__noplot__servebox,"{""--ablation"": ""none"", ""--ball-speed"": 9, ""--max-tcp"": 1.0, ""--no-plot"": null, ""--serve-box"": null}",88,False,miss,0.330806,1.949191,0.176844,10.0,0.0,1.0,0.99,1.7,0.0,0.330806,0.0,1.8,1442.1,-1.0,-99.0,
exp26_tcp_grid,ablationnone__ballspeed9__maxtcp1.0__noplot__servebox,"{""--ablation"": ""none"", ""--ball-speed"": 9, ""--max-tcp"": 1.0, ""--no-plot"": null, ""--serve-box"": null}",93,False,miss,0.303934,1.93311,0.158823,20.0,0.0,1.0,1.0,1.3,0.0,0.303934,0.0,1.45,1074.1,-1.0,-99.0,
exp26_tcp_grid,ablationnone__ballspeed9__maxtcp1.0__noplot__servebox,"{""--ablation"": ""none"", ""--ball-speed"": 9, ""--max-tcp"": 1.0, ""--no-plot"": null, ""--serve-box"": null}",95,True,active,0.115678,1.920586,0.058629,45.0,0.0,1.0,1.0,0.9,10.0,0.115678,0.849,1.41,1051.2,7.969,-3.045,
exp26_tcp_grid,ablationnone__ballspeed9__maxtcp1.0__noplot__servebox,"{""--ablation"": ""none"", ""--ball-speed"": 9, ""--max-tcp"": 1.0, ""--no-plot"": null, ""--serve-box"": null}",96,False,miss,0.2974,1.954887,0.150114,20.0,0.0,1.0,1.0,1.0,0.0,0.2974,0.0,1.51,1196.9,-1.0,-99.0,
exp26_tcp_grid,ablationnone__ballspeed9__maxtcp1.0__noplot__servebox,"{""--ablation"": ""none"", ""--ball-speed"": 9, ""--max-tcp"": 1.0, ""--no-plot"": null, ""--serve-box"": null}",98,True,active,0.08734,1.931287,0.026113,0.0,0.0,1.0,0.99,1.1,10.0,0.08734,0.993,1.46,1104.8,7.624,1.62,
exp26_tcp_grid,ablationnone__ballspeed9__maxtcp1.0__noplot__servebox,"{""--ablation"": ""none"", ""--ball-speed"": 9, ""--max-tcp"": 1.0, ""--no-plot"": null, ""--serve-box"": null}",84,True,active,0.123362,1.923496,0.094348,25.0,0.0,1.01,0.99,1.2,15.0,0.123362,0.964,3.04,2346.9,7.933,-2.928,
exp26_tcp_grid,ablationnone__ballspeed9__maxtcp1.0__noplot__servebox,"{""--ablation"": ""none"", ""--ball-speed"": 9, ""--max-tcp"": 1.0, ""--no-plot"": null, ""--serve-box"": null}",94,False,miss,0.299886,1.991613,0.108059,0.0,0.0,1.0,0.99,0.9,0.0,0.299886,0.0,2.18,1771.6,-1.0,-99.0,
exp26_tcp_grid,ablationnone__ballspeed9__maxtcp1.0__noplot__servebox,"{""--ablation"": ""none"", ""--ball-speed"": 9, ""--max-tcp"": 1.0, ""--no-plot"": null, ""--serve-box"": null}",86,False,miss,0.308852,1.899935,0.146924,15.0,0.0,1.0,1.0,1.7,0.0,0.308852,0.0,2.92,2344.6,-1.0,-99.0,
exp26_tcp_grid,ablationnone__ballspeed9__maxtcp1.0__noplot__servebox,"{""--ablation"": ""none"", ""--ball-speed"": 9, ""--max-tcp"": 1.0, ""--no-plot"": null, ""--serve-box"": null}",89,False,miss,0.299551,1.919657,0.140464,25.0,0.0,1.0,0.99,1.0,0.0,0.299551,0.0,2.84,2218.5,-1.0,-99.0,
exp26_tcp_grid,ablationfull__ballspeed9__maxtcp1.4__noplot__servebox,"{""--ablation"": ""full"", ""--ball-speed"": 9, ""--max-tcp"": 1.4, ""--no-plot"": null, ""--serve-box"": null}",2,True,active,0.107676,1.949091,0.089948,40.0,90.0,1.4,0.97,1.5,15.0,0.107676,1.338,1.44,1089.1,7.081,0.514,
exp26_tcp_grid,ablationfull__ballspeed9__maxtcp1.4__noplot__servebox,"{""--ablation"": ""full"", ""--ball-speed"": 9, ""--max-tcp"": 1.4, ""--no-plot"": null, ""--serve-box"": null}",1,True,active,0.073335,1.972858,0.073335,40.0,105.0,1.39,1.0,1.4,15.0,0.073335,1.323,1.61,1126.6,8.204,-2.572,
exp26_tcp_grid,ablationfull__ballspeed9__maxtcp1.4__noplot__servebox,"{""--ablation"": ""full"", ""--ball-speed"": 9, ""--max-tcp"": 1.4, ""--no-plot"": null, ""--serve-box"": null}",4,True,active,0.143431,1.946497,0.130087,35.0,65.0,1.41,1.0,1.4,15.0,0.143431,1.322,1.47,1079.7,7.581,-4.797,
exp26_tcp_grid,ablationfull__ballspeed9__maxtcp1.4__noplot__servebox,"{""--ablation"": ""full"", ""--ball-speed"": 9, ""--max-tcp"": 1.4, ""--no-plot"": null, ""--serve-box"": null}",3,False,miss,0.388604,1.911558,0.157087,20.0,0.0,1.39,1.0,1.6,0.0,0.388604,0.0,1.53,1127.4,-1.0,-99.0,
exp26_tcp_grid,ablationnone__ballspeed9__maxtcp1.0__noplot__servebox,"{""--ablation"": ""none"", ""--ball-speed"": 9, ""--max-tcp"": 1.0, ""--no-plot"": null, ""--serve-box"": null}",92,False,miss,0.327666,1.935941,0.154691,0.0,0.0,1.0,0.99,1.4,0.0,0.327666,0.0,2.95,2357.1,-1.0,-99.0,
exp26_tcp_grid,ablationnone__ballspeed9__maxtcp1.0__noplot__servebox,"{""--ablation"": ""none"", ""--ball-speed"": 9, ""--max-tcp"": 1.0, ""--no-plot"": null, ""--serve-box"": null}",100,False,miss,0.285413,1.929901,0.158661,20.0,0.0,0.99,1.0,1.4,0.0,0.285413,0.0,2.14,1799.3,-1.0,-99.0,
exp26_tcp_grid,ablationfull__ballspeed9__maxtcp1.4__noplot__servebox,"{""--ablation"": ""full"", ""--ball-speed"": 9, ""--max-tcp"": 1.4, ""--no-plot"": null, ""--serve-box"": null}",7,True,active,0.111907,1.947487,0.106205,40.0,105.0,1.4,0.99,1.5,15.0,0.111907,1.378,1.54,1054.6,7.239,-3.332,
exp26_tcp_grid,ablationnone__ballspeed9__maxtcp1.0__noplot__servebox,"{""--ablation"": ""none"", ""--ball-speed"": 9, ""--max-tcp"": 1.0, ""--no-plot"": null, ""--serve-box"": null}",99,False,miss,0.274768,1.932982,0.133491,25.0,0.0,0.99,1.0,1.1,0.0,0.274768,0.0,2.71,2136.5,-1.0,-99.0,
exp26_tcp_grid,ablationnone__ballspeed9__maxtcp1.0__noplot__servebox,"{""--ablation"": ""none"", ""--ball-speed"": 9, ""--max-tcp"": 1.0, ""--no-plot"": null, ""--serve-box"": null}",97,False,miss,0.325282,1.912787,0.134023,0.0,0.0,1.0,1.0,1.3,0.0,0.325282,0.0,2.94,2340.6,-1.0,-99.0,
exp26_tcp_grid,ablationfull__ballspeed9__maxtcp1.4__noplot__servebox,"{""--ablation"": ""full"", ""--ball-speed"": 9, ""--max-tcp"": 1.4, ""--no-plot"": null, ""--serve-box"": null}",9,True,active,0.14882,1.943012,0.144861,30.0,55.0,1.39,1.0,1.6,10.0,0.14882,1.244,1.43,1029.8,8.133,-6.296,
exp26_tcp_grid,ablationfull__ballspeed9__maxtcp1.4__noplot__servebox,"{""--ablation"": ""full"", ""--ball-speed"": 9, ""--max-tcp"": 1.4, ""--no-plot"": null, ""--serve-box"": null}",20,,,,,,,,,,,,,,0.23,,,,no_result
exp26_tcp_grid,ablationfull__ballspeed9__maxtcp1.4__noplot__servebox,"{""--ablation"": ""full"", ""--ball-speed"": 9, ""--max-tcp"": 1.4, ""--no-plot"": null, ""--serve-box"": null}",8,True,active,0.144057,1.957844,0.122085,35.0,105.0,1.24,1.0,1.6,0.0,0.144057,0.473,1.6,1171.5,7.43,-7.4,
exp26_tcp_grid,ablationfull__ballspeed9__maxtcp1.4__noplot__servebox,"{""--ablation"": ""full"", ""--ball-speed"": 9, ""--max-tcp"": 1.4, ""--no-plot"": null, ""--serve-box"": null}",21,,,,,,,,,,,,,,0.21,,,,no_result
exp26_tcp_grid,ablationfull__ballspeed9__maxtcp1.4__noplot__servebox,"{""--ablation"": ""full"", ""--ball-speed"": 9, ""--max-tcp"": 1.4, ""--no-plot"": null, ""--serve-box"": null}",12,True,active,0.081067,1.977853,0.074057,40.0,105.0,1.41,0.91,1.3,20.0,0.081067,1.395,1.47,1036.0,7.172,-0.849,
exp26_tcp_grid,ablationfull__ballspeed9__maxtcp1.4__noplot__servebox,"{""--ablation"": ""full"", ""--ball-speed"": 9, ""--max-tcp"": 1.4, ""--no-plot"": null, ""--serve-box"": null}",5,True,active,0.09871,1.936548,0.067952,0.0,40.0,1.4,0.95,1.3,20.0,0.09871,1.363,2.64,1967.5,8.096,-0.907,
exp26_tcp_grid,ablationfull__ballspeed9__maxtcp1.4__noplot__servebox,"{""--ablation"": ""full"", ""--ball-speed"": 9, ""--max-tcp"": 1.4, ""--no-plot"": null, ""--serve-box"": null}",13,True,active,0.14318,1.916528,0.140801,35.0,75.0,1.14,1.0,1.4,5.0,0.14318,0.746,1.51,1077.0,8.034,-4.182,
exp26_tcp_grid,ablationfull__ballspeed9__maxtcp1.4__noplot__servebox,"{""--ablation"": ""full"", ""--ball-speed"": 9, ""--max-tcp"": 1.4, ""--no-plot"": null, ""--serve-box"": null}",6,True,active,0.099044,1.955301,0.091601,45.0,105.0,1.4,0.97,1.4,15.0,0.099044,1.373,2.59,1940.0,6.415,-4.31,
exp26_tcp_grid,ablationfull__ballspeed9__maxtcp1.4__noplot__servebox,"{""--ablation"": ""full"", ""--ball-speed"": 9, ""--max-tcp"": 1.4, ""--no-plot"": null, ""--serve-box"": null}",15,True,active,0.119699,1.947573,0.106914,0.0,0.0,1.39,0.99,2.0,15.0,0.119699,1.373,1.44,1068.7,7.902,2.491,
exp26_tcp_grid,ablationfull__ballspeed9__maxtcp1.4__noplot__servebox,"{""--ablation"": ""full"", ""--ball-speed"": 9, ""--max-tcp"": 1.4, ""--no-plot"": null, ""--serve-box"": null}",17,True,active,0.084584,1.933898,0.081287,45.0,105.0,1.4,1.0,1.3,5.0,0.084584,0.55,1.44,1024.3,7.026,-6.564,
exp26_tcp_grid,ablationfull__ballspeed9__maxtcp1.4__noplot__servebox,"{""--ablation"": ""full"", ""--ball-speed"": 9, ""--max-tcp"": 1.4, ""--no-plot"": null, ""--serve-box"": null}",18,True,active,0.119852,1.987145,0.115273,35.0,105.0,1.4,0.99,1.6,20.0,0.119852,1.378,1.49,1103.9,7.38,-2.087,
exp26_tcp_grid,ablationfull__ballspeed9__maxtcp1.4__noplot__servebox,"{""--ablation"": ""full"", ""--ball-speed"": 9, ""--max-tcp"": 1.4, ""--no-plot"": null, ""--serve-box"": null}",19,True,active,0.121799,1.953305,0.107331,0.0,0.0,1.4,0.99,1.5,20.0,0.121799,1.383,1.44,1034.9,7.4,1.688,
exp26_tcp_grid,ablationfull__ballspeed9__maxtcp1.4__noplot__servebox,"{""--ablation"": ""full"", ""--ball-speed"": 9, ""--max-tcp"": 1.4, ""--no-plot"": null, ""--serve-box"": null}",11,True,active,0.118529,1.913906,0.112292,40.0,105.0,1.39,0.99,1.5,10.0,0.118529,1.324,2.55,1913.8,8.226,-5.159,
exp26_tcp_grid,ablationfull__ballspeed9__maxtcp1.4__noplot__servebox,"{""--ablation"": ""full"", ""--ball-speed"": 9, ""--max-tcp"": 1.4, ""--no-plot"": null, ""--serve-box"": null}",10,True,active,0.108895,1.963877,0.106637,40.0,105.0,1.41,0.99,1.5,15.0,0.108895,1.295,2.7,2027.6,7.584,-4.565,
exp26_tcp_grid,ablationfull__ballspeed9__maxtcp1.4__noplot__servebox,"{""--ablation"": ""full"", ""--ball-speed"": 9, ""--max-tcp"": 1.4, ""--no-plot"": null, ""--serve-box"": null}",22,True,active,0.092259,1.907303,0.064694,0.0,0.0,1.4,1.0,1.3,20.0,0.092259,1.399,1.48,1071.1,8.174,1.676,
exp26_tcp_grid,ablationfull__ballspeed9__maxtcp1.4__noplot__servebox,"{""--ablation"": ""full"", ""--ball-speed"": 9, ""--max-tcp"": 1.4, ""--no-plot"": null, ""--serve-box"": null}",14,True,active,0.113714,1.988646,0.113714,30.0,105.0,1.41,1.0,1.4,15.0,0.113714,1.392,2.42,1754.5,7.91,-3.968,
exp26_tcp_grid,ablationfull__ballspeed9__maxtcp1.4__noplot__servebox,"{""--ablation"": ""full"", ""--ball-speed"": 9, ""--max-tcp"": 1.4, ""--no-plot"": null, ""--serve-box"": null}",26,True,active,0.102252,1.928454,0.102252,40.0,105.0,1.4,0.99,1.5,15.0,0.102252,1.341,1.46,1077.9,7.231,-3.434,
exp26_tcp_grid,ablationfull__ballspeed9__maxtcp1.4__noplot__servebox,"{""--ablation"": ""full"", ""--ball-speed"": 9, ""--max-tcp"": 1.4, ""--no-plot"": null, ""--serve-box"": null}",16,True,active,0.075079,1.970374,0.06385,5.0,45.0,1.4,1.0,1.5,15.0,0.075079,1.134,2.65,1934.5,8.178,-0.358,
exp26_tcp_grid,ablationfull__ballspeed9__maxtcp1.4__noplot__servebox,"{""--ablation"": ""full"", ""--ball-speed"": 9, ""--max-tcp"": 1.4, ""--no-plot"": null, ""--serve-box"": null}",28,False,miss,0.352228,1.929686,0.128361,0.0,0.0,1.4,0.98,1.4,0.0,0.352228,0.0,1.46,1102.5,-1.0,-99.0,
exp26_tcp_grid,ablationfull__ballspeed9__maxtcp1.4__noplot__servebox,"{""--ablation"": ""full"", ""--ball-speed"": 9, ""--max-tcp"": 1.4, ""--no-plot"": null, ""--serve-box"": null}",25,False,miss,0.310899,1.935819,0.218241,0.0,0.0,1.1,1.0,1.4,0.0,0.310899,0.0,2.01,1242.7,-1.0,-99.0,
exp26_tcp_grid,ablationfull__ballspeed9__maxtcp1.4__noplot__servebox,"{""--ablation"": ""full"", ""--ball-speed"": 9, ""--max-tcp"": 1.4, ""--no-plot"": null, ""--serve-box"": null}",29,True,active,0.106476,1.908638,0.103461,35.0,105.0,0.99,1.0,1.2,5.0,0.106476,0.363,1.54,1132.7,7.521,-7.263,
exp26_tcp_grid,ablationfull__ballspeed9__maxtcp1.4__noplot__servebox,"{""--ablation"": ""full"", ""--ball-speed"": 9, ""--max-tcp"": 1.4, ""--no-plot"": null, ""--serve-box"": null}",31,False,miss,0.34839,1.9414,0.167296,15.0,0.0,1.38,1.0,1.5,0.0,0.34839,0.0,1.49,1060.0,-1.0,-99.0,
exp26_tcp_grid,ablationfull__ballspeed9__maxtcp1.4__noplot__servebox,"{""--ablation"": ""full"", ""--ball-speed"": 9, ""--max-tcp"": 1.4, ""--no-plot"": null, ""--serve-box"": null}",24,False,miss,0.317742,1.936865,0.134933,0.0,15.0,1.38,1.0,1.6,0.0,0.317742,0.0,2.54,1945.1,-1.0,-99.0,
exp26_tcp_grid,ablationfull__ballspeed9__maxtcp1.4__noplot__servebox,"{""--ablation"": ""full"", ""--ball-speed"": 9, ""--max-tcp"": 1.4, ""--no-plot"": null, ""--serve-box"": null}",32,True,active,0.115974,1.946839,0.111719,35.0,105.0,1.38,1.0,1.5,15.0,0.115974,1.31,1.45,1068.2,8.144,-6.457,
exp26_tcp_grid,ablationfull__ballspeed9__maxtcp1.4__noplot__servebox,"{""--ablation"": ""full"", ""--ball-speed"": 9, ""--max-tcp"": 1.4, ""--no-plot"": null, ""--serve-box"": null}",33,True,active,0.117187,1.965999,0.113655,35.0,105.0,1.4,0.99,1.5,15.0,0.117187,1.317,1.48,1109.8,7.675,-2.811,
exp26_tcp_grid,ablationfull__ballspeed9__maxtcp1.4__noplot__servebox,"{""--ablation"": ""full"", ""--ball-speed"": 9, ""--max-tcp"": 1.4, ""--no-plot"": null, ""--serve-box"": null}",30,True,active,0.096242,1.947068,0.071765,40.0,65.0,1.4,0.99,1.6,20.0,0.096242,1.362,2.08,1692.5,7.57,-0.399,
exp26_tcp_grid,ablationfull__ballspeed9__maxtcp1.4__noplot__servebox,"{""--ablation"": ""full"", ""--ball-speed"": 9, ""--max-tcp"": 1.4, ""--no-plot"": null, ""--serve-box"": null}",36,True,active,0.115245,1.93494,0.115245,35.0,105.0,1.4,0.98,1.9,10.0,0.115245,1.169,1.48,1064.6,6.604,-4.7,
exp26_tcp_grid,ablationfull__ballspeed9__maxtcp1.4__noplot__servebox,"{""--ablation"": ""full"", ""--ball-speed"": 9, ""--max-tcp"": 1.4, ""--no-plot"": null, ""--serve-box"": null}",23,True,active,0.125538,1.940498,0.115906,35.0,105.0,1.38,0.99,1.6,15.0,0.125538,1.36,2.99,2272.5,6.163,-1.803,
exp26_tcp_grid,ablationfull__ballspeed9__maxtcp1.4__noplot__servebox,"{""--ablation"": ""full"", ""--ball-speed"": 9, ""--max-tcp"": 1.4, ""--no-plot"": null, ""--serve-box"": null}",38,True,active,0.103624,1.978442,0.100362,40.0,105.0,1.39,1.0,1.4,15.0,0.103624,1.209,1.42,1048.8,7.1,-3.353,
exp26_tcp_grid,ablationfull__ballspeed9__maxtcp1.4__noplot__servebox,"{""--ablation"": ""full"", ""--ball-speed"": 9, ""--max-tcp"": 1.4, ""--no-plot"": null, ""--serve-box"": null}",27,True,active,0.048119,1.928724,0.033914,45.0,105.0,1.4,1.0,1.7,10.0,0.048119,0.731,3.01,2284.7,8.31,-8.171,
exp26_tcp_grid,ablationfull__ballspeed9__maxtcp1.4__noplot__servebox,"{""--ablation"": ""full"", ""--ball-speed"": 9, ""--max-tcp"": 1.4, ""--no-plot"": null, ""--serve-box"": null}",41,True,active,0.036655,1.975041,0.036655,35.0,105.0,1.4,1.0,1.6,5.0,0.036655,0.901,1.48,1077.0,8.259,-2.194,
exp26_tcp_grid,ablationfull__ballspeed9__maxtcp1.4__noplot__servebox,"{""--ablation"": ""full"", ""--ball-speed"": 9, ""--max-tcp"": 1.4, ""--no-plot"": null, ""--serve-box"": null}",40,True,active,0.087481,1.958662,0.087481,35.0,105.0,1.4,1.0,1.4,15.0,0.087481,1.37,1.62,1196.0,7.175,-2.406,
exp26_tcp_grid,ablationfull__ballspeed9__maxtcp1.4__noplot__servebox,"{""--ablation"": ""full"", ""--ball-speed"": 9, ""--max-tcp"": 1.4, ""--no-plot"": null, ""--serve-box"": null}",43,False,miss,0.382987,1.948643,0.162294,15.0,0.0,1.41,1.0,1.5,0.0,0.382987,0.0,1.43,1034.6,-1.0,-99.0,
exp26_tcp_grid,ablationfull__ballspeed9__maxtcp1.4__noplot__servebox,"{""--ablation"": ""full"", ""--ball-speed"": 9, ""--max-tcp"": 1.4, ""--no-plot"": null, ""--serve-box"": null}",42,True,active,0.096932,1.968825,0.080994,40.0,105.0,1.4,1.0,1.3,20.0,0.096932,1.341,1.52,1064.2,7.366,-2.276,
exp26_tcp_grid,ablationfull__ballspeed9__maxtcp1.4__noplot__servebox,"{""--ablation"": ""full"", ""--ball-speed"": 9, ""--max-tcp"": 1.4, ""--no-plot"": null, ""--serve-box"": null}",34,True,active,0.116943,1.963439,0.107259,40.0,105.0,1.4,1.0,1.4,15.0,0.116943,1.271,2.65,1894.6,7.926,-3.878,
exp26_tcp_grid,ablationfull__ballspeed9__maxtcp1.4__noplot__servebox,"{""--ablation"": ""full"", ""--ball-speed"": 9, ""--max-tcp"": 1.4, ""--no-plot"": null, ""--serve-box"": null}",45,True,active,0.147506,1.960089,0.136126,40.0,80.0,1.4,0.99,1.6,10.0,0.147506,1.258,1.51,1121.1,8.029,-4.587,
exp26_tcp_grid,ablationfull__ballspeed9__maxtcp1.4__noplot__servebox,"{""--ablation"": ""full"", ""--ball-speed"": 9, ""--max-tcp"": 1.4, ""--no-plot"": null, ""--serve-box"": null}",35,True,active,0.133888,1.932546,0.119722,35.0,105.0,1.39,1.0,1.5,15.0,0.133888,1.249,2.87,2066.9,7.507,-4.73,
exp26_tcp_grid,ablationfull__ballspeed9__maxtcp1.4__noplot__servebox,"{""--ablation"": ""full"", ""--ball-speed"": 9, ""--max-tcp"": 1.4, ""--no-plot"": null, ""--serve-box"": null}",39,True,active,0.098092,1.917189,0.094529,40.0,105.0,1.4,0.99,1.6,10.0,0.098092,1.385,2.33,1929.8,7.995,-3.901,
exp26_tcp_grid,ablationfull__ballspeed9__maxtcp1.4__noplot__servebox,"{""--ablation"": ""full"", ""--ball-speed"": 9, ""--max-tcp"": 1.4, ""--no-plot"": null, ""--serve-box"": null}",47,True,active,0.068372,1.889237,0.068372,50.0,105.0,1.39,0.98,1.5,10.0,0.068372,0.98,1.5,1067.6,7.234,-5.042,
exp26_tcp_grid,ablationfull__ballspeed9__maxtcp1.4__noplot__servebox,"{""--ablation"": ""full"", ""--ball-speed"": 9, ""--max-tcp"": 1.4, ""--no-plot"": null, ""--serve-box"": null}",48,True,active,0.138548,1.969868,0.127254,40.0,105.0,1.4,0.98,1.5,10.0,0.138548,1.205,1.52,1103.1,8.139,-7.472,
exp26_tcp_grid,ablationfull__ballspeed9__maxtcp1.4__noplot__servebox,"{""--ablation"": ""full"", ""--ball-speed"": 9, ""--max-tcp"": 1.4, ""--no-plot"": null, ""--serve-box"": null}",37,True,active,0.147197,1.967597,0.139976,30.0,65.0,1.4,0.99,1.6,15.0,0.147197,1.344,2.99,2296.0,7.632,-2.175,
exp26_tcp_grid,ablationfull__ballspeed9__maxtcp1.4__noplot__servebox,"{""--ablation"": ""full"", ""--ball-speed"": 9, ""--max-tcp"": 1.4, ""--no-plot"": null, ""--serve-box"": null}",52,True,active,0.090175,1.961816,0.080076,35.0,105.0,1.39,0.98,1.3,20.0,0.090175,1.394,1.39,1034.4,7.225,-1.665,
exp26_tcp_grid,ablationfull__ballspeed9__maxtcp1.4__noplot__servebox,"{""--ablation"": ""full"", ""--ball-speed"": 9, ""--max-tcp"": 1.4, ""--no-plot"": null, ""--serve-box"": null}",51,True,active,0.120749,1.953723,0.100801,40.0,105.0,1.4,1.0,1.6,15.0,0.120749,1.315,1.5,1065.9,7.231,-2.373,
exp26_tcp_grid,ablationfull__ballspeed9__maxtcp1.4__noplot__servebox,"{""--ablation"": ""full"", ""--ball-speed"": 9, ""--max-tcp"": 1.4, ""--no-plot"": null, ""--serve-box"": null}",53,True,active,0.043132,1.938156,0.043132,40.0,105.0,1.41,1.0,1.5,10.0,0.043132,0.468,1.46,1028.8,7.39,-5.429,
exp26_tcp_grid,ablationfull__ballspeed9__maxtcp1.4__noplot__servebox,"{""--ablation"": ""full"", ""--ball-speed"": 9, ""--max-tcp"": 1.4, ""--no-plot"": null, ""--serve-box"": null}",56,False,miss,0.354153,1.956102,0.155269,0.0,0.0,1.41,1.0,1.7,0.0,0.354153,0.0,1.5,1030.8,-1.0,-99.0,
exp26_tcp_grid,ablationfull__ballspeed9__maxtcp1.4__noplot__servebox,"{""--ablation"": ""full"", ""--ball-speed"": 9, ""--max-tcp"": 1.4, ""--no-plot"": null, ""--serve-box"": null}",57,True,active,0.110457,1.964214,0.093863,0.0,0.0,1.4,0.96,1.5,20.0,0.110457,1.384,1.38,1008.5,7.245,1.336,
exp26_tcp_grid,ablationfull__ballspeed9__maxtcp1.4__noplot__servebox,"{""--ablation"": ""full"", ""--ball-speed"": 9, ""--max-tcp"": 1.4, ""--no-plot"": null, ""--serve-box"": null}",44,True,active,0.137989,1.967556,0.10536,45.0,105.0,1.41,1.0,1.6,20.0,0.137989,1.306,2.93,2163.9,8.485,-7.678,
exp26_tcp_grid,ablationfull__ballspeed9__maxtcp1.4__noplot__servebox,"{""--ablation"": ""full"", ""--ball-speed"": 9, ""--max-tcp"": 1.4, ""--no-plot"": null, ""--serve-box"": null}",49,True,active,0.149104,1.944271,0.133388,40.0,60.0,1.39,0.99,1.4,10.0,0.149104,1.077,2.55,1900.2,7.351,-5.447,
exp26_tcp_grid,ablationfull__ballspeed9__maxtcp1.4__noplot__servebox,"{""--ablation"": ""full"", ""--ball-speed"": 9, ""--max-tcp"": 1.4, ""--no-plot"": null, ""--serve-box"": null}",58,True,active,0.076289,1.888863,0.076289,40.0,105.0,1.39,1.0,1.6,15.0,0.076289,1.392,1.45,1037.7,5.772,-2.891,
exp26_tcp_grid,ablationfull__ballspeed9__maxtcp1.4__noplot__servebox,"{""--ablation"": ""full"", ""--ball-speed"": 9, ""--max-tcp"": 1.4, ""--no-plot"": null, ""--serve-box"": null}",46,True,active,0.108514,1.968238,0.104572,35.0,105.0,1.34,0.99,1.4,10.0,0.108514,1.098,3.01,2224.6,7.949,-6.982,
exp26_tcp_grid,ablationfull__ballspeed9__maxtcp1.4__noplot__servebox,"{""--ablation"": ""full"", ""--ball-speed"": 9, ""--max-tcp"": 1.4, ""--no-plot"": null, ""--serve-box"": null}",61,True,active,0.128429,1.994479,0.121468,35.0,105.0,1.4,1.0,1.3,15.0,0.128429,1.169,1.44,1008.1,7.929,-2.656,
exp26_tcp_grid,ablationfull__ballspeed9__maxtcp1.4__noplot__servebox,"{""--ablation"": ""full"", ""--ball-speed"": 9, ""--max-tcp"": 1.4, ""--no-plot"": null, ""--serve-box"": null}",62,True,active,0.107299,1.969362,0.098579,45.0,105.0,1.4,0.99,1.4,15.0,0.107299,1.38,1.42,1022.3,6.9,-4.926,
exp26_tcp_grid,ablationfull__ballspeed9__maxtcp1.4__noplot__servebox,"{""--ablation"": ""full"", ""--ball-speed"": 9, ""--max-tcp"": 1.4, ""--no-plot"": null, ""--serve-box"": null}",50,True,active,0.126675,1.900633,0.113862,35.0,80.0,1.4,1.0,2.0,20.0,0.126675,1.328,2.78,1909.8,7.905,-0.911,
exp26_tcp_grid,ablationfull__ballspeed9__maxtcp1.4__noplot__servebox,"{""--ablation"": ""full"", ""--ball-speed"": 9, ""--max-tcp"": 1.4, ""--no-plot"": null, ""--serve-box"": null}",59,True,active,0.101701,1.957931,0.084164,40.0,80.0,1.4,1.0,1.5,20.0,0.101701,1.31,1.98,1260.1,7.41,-1.415,
exp26_tcp_grid,ablationfull__ballspeed9__maxtcp1.4__noplot__servebox,"{""--ablation"": ""full"", ""--ball-speed"": 9, ""--max-tcp"": 1.4, ""--no-plot"": null, ""--serve-box"": null}",63,True,active,0.073678,1.97601,0.056149,45.0,105.0,1.41,1.0,1.1,20.0,0.073678,1.14,1.62,1235.2,7.947,-4.656,
exp26_tcp_grid,ablationfull__ballspeed9__maxtcp1.4__noplot__servebox,"{""--ablation"": ""full"", ""--ball-speed"": 9, ""--max-tcp"": 1.4, ""--no-plot"": null, ""--serve-box"": null}",65,True,active,0.128484,2.003924,0.126535,30.0,90.0,1.4,1.0,1.5,15.0,0.128484,1.337,1.52,1104.6,7.799,-5.562,
exp26_tcp_grid,ablationfull__ballspeed9__maxtcp1.4__noplot__servebox,"{""--ablation"": ""full"", ""--ball-speed"": 9, ""--max-tcp"": 1.4, ""--no-plot"": null, ""--serve-box"": null}",55,True,active,0.119392,1.989896,0.107216,0.0,0.0,1.4,0.99,1.5,15.0,0.119392,1.319,2.85,2166.9,7.992,1.918,
exp26_tcp_grid,ablationfull__ballspeed9__maxtcp1.4__noplot__servebox,"{""--ablation"": ""full"", ""--ball-speed"": 9, ""--max-tcp"": 1.4, ""--no-plot"": null, ""--serve-box"": null}",54,True,active,0.034293,1.960216,0.034293,0.0,0.0,1.4,0.99,1.5,20.0,0.034293,1.104,3.06,2242.0,7.959,2.006,
exp26_tcp_grid,ablationfull__ballspeed9__maxtcp1.4__noplot__servebox,"{""--ablation"": ""full"", ""--ball-speed"": 9, ""--max-tcp"": 1.4, ""--no-plot"": null, ""--serve-box"": null}",64,False,miss,0.360039,1.966907,0.152708,20.0,35.0,1.4,0.99,1.7,0.0,0.360039,0.0,1.95,1294.5,-1.0,-99.0,
exp26_tcp_grid,ablationfull__ballspeed9__maxtcp1.4__noplot__servebox,"{""--ablation"": ""full"", ""--ball-speed"": 9, ""--max-tcp"": 1.4, ""--no-plot"": null, ""--serve-box"": null}",67,True,active,0.086496,1.952953,0.086496,40.0,105.0,1.39,0.99,1.6,15.0,0.086496,1.012,1.51,1002.9,7.181,-1.764,
exp26_tcp_grid,ablationfull__ballspeed9__maxtcp1.4__noplot__servebox,"{""--ablation"": ""full"", ""--ball-speed"": 9, ""--max-tcp"": 1.4, ""--no-plot"": null, ""--serve-box"": null}",68,True,active,0.074583,1.923344,0.069561,45.0,105.0,1.38,1.0,1.1,5.0,0.074583,0.987,1.5,1090.1,8.018,-6.555,
exp26_tcp_grid,ablationfull__ballspeed9__maxtcp1.4__noplot__servebox,"{""--ablation"": ""full"", ""--ball-speed"": 9, ""--max-tcp"": 1.4, ""--no-plot"": null, ""--serve-box"": null}",69,False,miss,0.360818,1.95075,0.154034,20.0,0.0,1.39,0.99,1.7,0.0,0.360818,0.0,1.51,1016.8,-1.0,-99.0,
exp26_tcp_grid,ablationfull__ballspeed9__maxtcp1.4__noplot__servebox,"{""--ablation"": ""full"", ""--ball-speed"": 9, ""--max-tcp"": 1.4, ""--no-plot"": null, ""--serve-box"": null}",71,True,active,0.134623,1.970554,0.134623,25.0,90.0,1.42,1.0,1.6,20.0,0.134623,1.195,1.55,1072.8,7.68,-2.219,
exp26_tcp_grid,ablationfull__ballspeed9__maxtcp1.4__noplot__servebox,"{""--ablation"": ""full"", ""--ball-speed"": 9, ""--max-tcp"": 1.4, ""--no-plot"": null, ""--serve-box"": null}",60,False,miss,0.37327,1.943437,0.153019,20.0,0.0,1.4,1.0,1.6,0.0,0.37327,0.0,2.99,2249.5,-1.0,-99.0,
exp26_tcp_grid,ablationfull__ballspeed9__maxtcp1.4__noplot__servebox,"{""--ablation"": ""full"", ""--ball-speed"": 9, ""--max-tcp"": 1.4, ""--no-plot"": null, ""--serve-box"": null}",70,True,active,0.108516,1.990733,0.104399,40.0,105.0,1.4,1.0,1.6,15.0,0.108516,0.914,1.69,1225.4,7.507,-6.759,
exp26_tcp_grid,ablationfull__ballspeed9__maxtcp1.4__noplot__servebox,"{""--ablation"": ""full"", ""--ball-speed"": 9, ""--max-tcp"": 1.4, ""--no-plot"": null, ""--serve-box"": null}",72,True,active,0.064452,2.006715,0.064452,35.0,105.0,1.4,0.99,1.5,15.0,0.064452,1.4,1.51,1090.9,8.169,-5.731,
exp26_tcp_grid,ablationfull__ballspeed9__maxtcp1.4__noplot__servebox,"{""--ablation"": ""full"", ""--ball-speed"": 9, ""--max-tcp"": 1.4, ""--no-plot"": null, ""--serve-box"": null}",73,False,miss,0.366172,1.955892,0.186206,0.0,0.0,1.39,1.0,1.4,0.0,0.366172,0.0,1.7,1286.7,-1.0,-99.0,
exp26_tcp_grid,ablationfull__ballspeed9__maxtcp1.4__noplot__servebox,"{""--ablation"": ""full"", ""--ball-speed"": 9, ""--max-tcp"": 1.4, ""--no-plot"": null, ""--serve-box"": null}",75,True,active,0.127343,1.946594,0.126061,35.0,105.0,1.3,0.99,1.5,5.0,0.127343,0.788,1.62,1122.5,7.856,-4.717,
exp26_tcp_grid,ablationfull__ballspeed9__maxtcp1.4__noplot__servebox,"{""--ablation"": ""full"", ""--ball-speed"": 9, ""--max-tcp"": 1.4, ""--no-plot"": null, ""--serve-box"": null}",66,False,miss,0.371535,1.949684,0.155848,20.0,0.0,1.39,0.99,1.4,0.0,0.371535,0.0,2.77,2126.9,-1.0,-99.0,
exp26_tcp_grid,ablationfull__ballspeed9__maxtcp1.4__noplot__servebox,"{""--ablation"": ""full"", ""--ball-speed"": 9, ""--max-tcp"": 1.4, ""--no-plot"": null, ""--serve-box"": null}",78,True,active,0.103714,1.946757,0.098973,35.0,105.0,1.4,0.99,1.5,20.0,0.103714,1.384,1.59,1097.1,7.389,-2.694,
exp26_tcp_grid,ablationfull__ballspeed9__maxtcp1.4__noplot__servebox,"{""--ablation"": ""full"", ""--ball-speed"": 9, ""--max-tcp"": 1.4, ""--no-plot"": null, ""--serve-box"": null}",77,True,active,0.094158,1.908377,0.084188,40.0,105.0,1.34,1.0,1.3,15.0,0.094158,1.308,1.67,1187.9,7.387,-5.25,
exp26_tcp_grid,ablationfull__ballspeed9__maxtcp1.4__noplot__servebox,"{""--ablation"": ""full"", ""--ball-speed"": 9, ""--max-tcp"": 1.4, ""--no-plot"": null, ""--serve-box"": null}",81,True,active,0.08142,1.987832,0.08142,40.0,105.0,1.38,1.0,1.6,15.0,0.08142,1.079,1.62,1085.1,7.415,-4.324,
exp26_tcp_grid,ablationfull__ballspeed9__maxtcp1.4__noplot__servebox,"{""--ablation"": ""full"", ""--ball-speed"": 9, ""--max-tcp"": 1.4, ""--no-plot"": null, ""--serve-box"": null}",84,True,active,0.090332,1.932729,0.069648,45.0,105.0,1.4,1.0,1.5,20.0,0.090332,1.385,1.45,1051.9,7.402,-4.969,
exp26_tcp_grid,ablationfull__ballspeed9__maxtcp1.4__noplot__servebox,"{""--ablation"": ""full"", ""--ball-speed"": 9, ""--max-tcp"": 1.4, ""--no-plot"": null, ""--serve-box"": null}",86,True,active,0.093839,1.952317,0.089567,40.0,105.0,1.41,0.98,1.5,15.0,0.093839,1.324,1.41,1041.3,7.178,-3.502,
exp26_tcp_grid,ablationfull__ballspeed9__maxtcp1.4__noplot__servebox,"{""--ablation"": ""full"", ""--ball-speed"": 9, ""--max-tcp"": 1.4, ""--no-plot"": null, ""--serve-box"": null}",85,True,active,0.121618,1.930799,0.109401,45.0,105.0,1.41,1.0,1.5,5.0,0.121618,1.018,1.51,1036.0,8.505,-7.58,
exp26_tcp_grid,ablationfull__ballspeed9__maxtcp1.4__noplot__servebox,"{""--ablation"": ""full"", ""--ball-speed"": 9, ""--max-tcp"": 1.4, ""--no-plot"": null, ""--serve-box"": null}",74,True,active,0.132155,1.945629,0.12228,35.0,105.0,1.4,0.99,1.7,15.0,0.132155,1.249,2.96,2303.0,7.205,-6.236,
exp26_tcp_grid,ablationfull__ballspeed9__maxtcp1.4__noplot__servebox,"{""--ablation"": ""full"", ""--ball-speed"": 9, ""--max-tcp"": 1.4, ""--no-plot"": null, ""--serve-box"": null}",87,True,active,0.138239,1.939226,0.110745,45.0,95.0,1.4,0.99,1.5,15.0,0.138239,1.199,1.62,1226.7,7.646,-4.99,
exp26_tcp_grid,ablationfull__ballspeed9__maxtcp1.4__noplot__servebox,"{""--ablation"": ""full"", ""--ball-speed"": 9, ""--max-tcp"": 1.4, ""--no-plot"": null, ""--serve-box"": null}",88,True,active,0.131434,1.984112,0.126974,35.0,105.0,1.41,1.0,1.6,15.0,0.131434,1.302,1.44,1030.3,7.893,-4.072,
exp26_tcp_grid,ablationfull__ballspeed9__maxtcp1.4__noplot__servebox,"{""--ablation"": ""full"", ""--ball-speed"": 9, ""--max-tcp"": 1.4, ""--no-plot"": null, ""--serve-box"": null}",79,False,miss,0.35309,1.925844,0.11926,10.0,55.0,1.38,1.0,1.6,0.0,0.35309,0.0,2.67,2228.2,-1.0,-99.0,
exp26_tcp_grid,ablationfull__ballspeed9__maxtcp1.4__noplot__servebox,"{""--ablation"": ""full"", ""--ball-speed"": 9, ""--max-tcp"": 1.4, ""--no-plot"": null, ""--serve-box"": null}",76,True,active,0.0914,1.904888,0.081482,0.0,0.0,1.39,0.98,1.7,15.0,0.0914,1.281,3.04,2339.0,7.703,1.677,
exp26_tcp_grid,ablationfull__ballspeed9__maxtcp1.4__noplot__servebox,"{""--ablation"": ""full"", ""--ball-speed"": 9, ""--max-tcp"": 1.4, ""--no-plot"": null, ""--serve-box"": null}",91,True,passive,0.01365,1.988657,0.01365,45.0,105.0,1.39,0.99,1.5,0.0,0.01365,0.273,1.47,1078.8,6.765,-5.393,
exp26_tcp_grid,ablationfull__ballspeed9__maxtcp1.4__noplot__servebox,"{""--ablation"": ""full"", ""--ball-speed"": 9, ""--max-tcp"": 1.4, ""--no-plot"": null, ""--serve-box"": null}",90,True,active,0.107174,1.98357,0.106528,40.0,105.0,1.41,1.0,1.4,15.0,0.107174,1.222,1.54,1078.6,7.627,-6.856,
exp26_tcp_grid,ablationfull__ballspeed9__maxtcp1.4__noplot__servebox,"{""--ablation"": ""full"", ""--ball-speed"": 9, ""--max-tcp"": 1.4, ""--no-plot"": null, ""--serve-box"": null}",92,True,active,0.139525,1.963288,0.124075,35.0,60.0,1.41,0.99,1.6,20.0,0.139525,1.292,1.51,1105.5,7.986,-2.8,
exp26_tcp_grid,ablationfull__ballspeed9__maxtcp1.4__noplot__servebox,"{""--ablation"": ""full"", ""--ball-speed"": 9, ""--max-tcp"": 1.4, ""--no-plot"": null, ""--serve-box"": null}",82,True,active,0.117501,1.963545,0.116134,30.0,105.0,1.42,1.0,1.5,15.0,0.117501,1.183,2.97,2250.4,7.696,-0.982,
exp26_tcp_grid,ablationfull__ballspeed9__maxtcp1.4__noplot__servebox,"{""--ablation"": ""full"", ""--ball-speed"": 9, ""--max-tcp"": 1.4, ""--no-plot"": null, ""--serve-box"": null}",80,True,active,0.040296,1.931801,0.036891,50.0,105.0,1.4,0.98,1.7,5.0,0.040296,0.761,3.05,2295.2,6.403,-6.11,
exp26_tcp_grid,ablationfull__ballspeed9__maxtcp1.4__noplot__servebox,"{""--ablation"": ""full"", ""--ball-speed"": 9, ""--max-tcp"": 1.4, ""--no-plot"": null, ""--serve-box"": null}",83,True,active,0.144236,1.984037,0.134563,40.0,105.0,1.4,1.0,1.6,10.0,0.144236,1.401,2.97,2280.8,8.635,-6.649,
exp26_tcp_grid,ablationfull__ballspeed9__maxtcp1.4__noplot__servebox,"{""--ablation"": ""full"", ""--ball-speed"": 9, ""--max-tcp"": 1.4, ""--no-plot"": null, ""--serve-box"": null}",96,True,active,0.110276,1.978548,0.099382,35.0,105.0,1.4,0.99,1.3,15.0,0.110276,1.374,1.59,1204.3,7.323,-4.375,
exp26_tcp_grid,ablationfull__ballspeed9__maxtcp1.4__noplot__servebox,"{""--ablation"": ""full"", ""--ball-speed"": 9, ""--max-tcp"": 1.4, ""--no-plot"": null, ""--serve-box"": null}",97,False,miss,0.380362,1.956211,0.153833,20.0,25.0,1.4,1.0,1.4,0.0,0.380362,0.0,1.47,1078.3,-1.0,-99.0,
exp26_tcp_grid,ablationfull__ballspeed9__maxtcp1.4__noplot__servebox,"{""--ablation"": ""full"", ""--ball-speed"": 9, ""--max-tcp"": 1.4, ""--no-plot"": null, ""--serve-box"": null}",93,True,active,0.121636,1.950579,0.118995,35.0,105.0,1.4,0.99,1.4,15.0,0.121636,1.394,2.01,1373.0,7.453,-5.665,
exp26_tcp_grid,ablationfull__ballspeed9__maxtcp1.4__noplot__servebox,"{""--ablation"": ""full"", ""--ball-speed"": 9, ""--max-tcp"": 1.4, ""--no-plot"": null, ""--serve-box"": null}",99,False,miss,0.382598,1.965449,0.143921,25.0,50.0,1.41,1.0,1.4,0.0,0.382598,0.0,1.5,1064.7,-1.0,-99.0,
exp26_tcp_grid,ablationfull__ballspeed9__maxtcp1.4__noplot__servebox,"{""--ablation"": ""full"", ""--ball-speed"": 9, ""--max-tcp"": 1.4, ""--no-plot"": null, ""--serve-box"": null}",98,True,active,0.091449,1.929378,0.043291,0.0,0.0,1.4,0.99,1.4,20.0,0.091449,1.355,1.63,1202.1,8.221,-0.153,
exp26_tcp_grid,ablationfull__ballspeed9__maxtcp1.4__noplot__servebox,"{""--ablation"": ""full"", ""--ball-speed"": 9, ""--max-tcp"": 1.4, ""--no-plot"": null, ""--serve-box"": null}",95,True,active,0.100966,1.982755,0.077443,40.0,105.0,1.41,0.96,1.3,20.0,0.100966,1.38,1.89,1464.2,6.811,-0.515,
exp26_tcp_grid,ablationfull__ballspeed9__maxtcp1.4__noplot__servebox,"{""--ablation"": ""full"", ""--ball-speed"": 9, ""--max-tcp"": 1.4, ""--no-plot"": null, ""--serve-box"": null}",89,True,active,0.109584,1.934758,0.102245,35.0,105.0,1.4,0.98,1.5,15.0,0.109584,1.338,2.9,2257.0,7.364,-4.261,
exp26_tcp_grid,ablationfull__ballspeed9__maxtcp1.4__noplot__servebox,"{""--ablation"": ""full"", ""--ball-speed"": 9, ""--max-tcp"": 1.4, ""--no-plot"": null, ""--serve-box"": null}",100,True,active,0.140577,1.969126,0.121106,45.0,105.0,1.42,1.0,1.7,15.0,0.140577,1.415,1.44,1036.3,7.727,-6.886,
exp26_tcp_grid,ablationtube_only__ballspeed9__maxtcp1.4__noplot__servebox,"{""--ablation"": ""tube_only"", ""--ball-speed"": 9, ""--max-tcp"": 1.4, ""--no-plot"": null, ""--serve-box"": null}",1,True,active,0.09826,1.893227,0.085827,30.0,40.0,1.39,0.99,1.6,15.0,0.09826,1.33,1.44,1043.6,7.203,0.87,
exp26_tcp_grid,ablationtube_only__ballspeed9__maxtcp1.4__noplot__servebox,"{""--ablation"": ""tube_only"", ""--ball-speed"": 9, ""--max-tcp"": 1.4, ""--no-plot"": null, ""--serve-box"": null}",5,False,miss,0.296172,1.924691,0.088628,0.0,0.0,1.15,1.0,1.1,0.0,0.296172,0.0,1.48,1105.9,-1.0,-99.0,
exp26_tcp_grid,ablationfull__ballspeed9__maxtcp1.4__noplot__servebox,"{""--ablation"": ""full"", ""--ball-speed"": 9, ""--max-tcp"": 1.4, ""--no-plot"": null, ""--serve-box"": null}",94,True,active,0.11278,1.973707,0.101568,0.0,0.0,1.41,0.98,1.4,20.0,0.11278,1.328,2.8,2184.7,8.04,1.655,
exp26_tcp_grid,ablationtube_only__ballspeed9__maxtcp1.4__noplot__servebox,"{""--ablation"": ""tube_only"", ""--ball-speed"": 9, ""--max-tcp"": 1.4, ""--no-plot"": null, ""--serve-box"": null}",2,True,active,0.097348,1.931642,0.07959,10.0,10.0,1.38,1.0,1.8,10.0,0.097348,1.375,1.94,1583.1,7.773,0.553,
exp26_tcp_grid,ablationtube_only__ballspeed9__maxtcp1.4__noplot__servebox,"{""--ablation"": ""tube_only"", ""--ball-speed"": 9, ""--max-tcp"": 1.4, ""--no-plot"": null, ""--serve-box"": null}",7,True,active,0.100137,1.925327,0.061925,0.0,0.0,1.35,0.98,1.4,15.0,0.100137,1.321,1.62,1152.1,7.577,0.514,
exp26_tcp_grid,ablationtube_only__ballspeed9__maxtcp1.4__noplot__servebox,"{""--ablation"": ""tube_only"", ""--ball-speed"": 9, ""--max-tcp"": 1.4, ""--no-plot"": null, ""--serve-box"": null}",20,,,,,,,,,,,,,,0.27,,,,no_result
exp26_tcp_grid,ablationtube_only__ballspeed9__maxtcp1.4__noplot__servebox,"{""--ablation"": ""tube_only"", ""--ball-speed"": 9, ""--max-tcp"": 1.4, ""--no-plot"": null, ""--serve-box"": null}",9,False,miss,0.328986,1.950069,0.161953,20.0,0.0,1.4,0.98,1.8,0.0,0.328986,0.0,1.57,1107.0,-1.0,-99.0,
exp26_tcp_grid,ablationtube_only__ballspeed9__maxtcp1.4__noplot__servebox,"{""--ablation"": ""tube_only"", ""--ball-speed"": 9, ""--max-tcp"": 1.4, ""--no-plot"": null, ""--serve-box"": null}",13,True,active,0.057671,1.915825,0.04382,0.0,0.0,1.39,0.99,1.2,20.0,0.057671,1.258,1.46,1042.9,7.331,0.751,
exp26_tcp_grid,ablationtube_only__ballspeed9__maxtcp1.4__noplot__servebox,"{""--ablation"": ""tube_only"", ""--ball-speed"": 9, ""--max-tcp"": 1.4, ""--no-plot"": null, ""--serve-box"": null}",14,True,active,0.116493,1.984237,0.10598,40.0,105.0,1.4,0.98,1.4,10.0,0.116493,1.376,1.37,996.3,7.684,-3.941,
exp26_tcp_grid,ablationtube_only__ballspeed9__maxtcp1.4__noplot__servebox,"{""--ablation"": ""tube_only"", ""--ball-speed"": 9, ""--max-tcp"": 1.4, ""--no-plot"": null, ""--serve-box"": null}",21,,,,,,,,,,,,,,0.3,,,,no_result
exp26_tcp_grid,ablationtube_only__ballspeed9__maxtcp1.4__noplot__servebox,"{""--ablation"": ""tube_only"", ""--ball-speed"": 9, ""--max-tcp"": 1.4, ""--no-plot"": null, ""--serve-box"": null}",15,True,active,0.109527,1.949726,0.085218,0.0,0.0,1.39,0.97,1.5,15.0,0.109527,1.376,1.41,1038.2,7.85,1.342,
exp26_tcp_grid,ablationtube_only__ballspeed9__maxtcp1.4__noplot__servebox,"{""--ablation"": ""tube_only"", ""--ball-speed"": 9, ""--max-tcp"": 1.4, ""--no-plot"": null, ""--serve-box"": null}",10,True,active,0.110417,1.94416,0.10575,40.0,105.0,1.34,1.0,1.3,10.0,0.110417,1.217,1.77,1035.4,7.945,-5.619,
exp26_tcp_grid,ablationtube_only__ballspeed9__maxtcp1.4__noplot__servebox,"{""--ablation"": ""tube_only"", ""--ball-speed"": 9, ""--max-tcp"": 1.4, ""--no-plot"": null, ""--serve-box"": null}",11,True,active,0.094634,1.893071,0.094634,30.0,105.0,1.4,0.91,1.3,10.0,0.094634,1.396,1.86,1460.5,7.964,-4.148,
exp26_tcp_grid,ablationtube_only__ballspeed9__maxtcp1.4__noplot__servebox,"{""--ablation"": ""tube_only"", ""--ball-speed"": 9, ""--max-tcp"": 1.4, ""--no-plot"": null, ""--serve-box"": null}",4,True,active,0.124105,1.913236,0.104688,45.0,105.0,1.38,1.0,1.4,10.0,0.124105,1.331,2.84,2162.1,7.92,-2.168,
exp26_tcp_grid,ablationtube_only__ballspeed9__maxtcp1.4__noplot__servebox,"{""--ablation"": ""tube_only"", ""--ball-speed"": 9, ""--max-tcp"": 1.4, ""--no-plot"": null, ""--serve-box"": null}",3,False,miss,0.342716,1.913843,0.171595,15.0,0.0,1.12,1.0,1.4,0.0,0.342716,0.0,2.98,2287.1,-1.0,-99.0,
exp26_tcp_grid,ablationtube_only__ballspeed9__maxtcp1.4__noplot__servebox,"{""--ablation"": ""tube_only"", ""--ball-speed"": 9, ""--max-tcp"": 1.4, ""--no-plot"": null, ""--serve-box"": null}",16,True,active,0.083225,1.968485,0.030762,0.0,0.0,1.4,0.98,1.6,20.0,0.083225,1.4,1.62,1095.8,8.086,3.051,
exp26_tcp_grid,ablationtube_only__ballspeed9__maxtcp1.4__noplot__servebox,"{""--ablation"": ""tube_only"", ""--ball-speed"": 9, ""--max-tcp"": 1.4, ""--no-plot"": null, ""--serve-box"": null}",6,True,active,0.08094,1.947803,0.066184,40.0,105.0,1.4,0.97,1.6,15.0,0.08094,1.397,2.97,2281.5,6.766,1.288,
exp26_tcp_grid,ablationtube_only__ballspeed9__maxtcp1.4__noplot__servebox,"{""--ablation"": ""tube_only"", ""--ball-speed"": 9, ""--max-tcp"": 1.4, ""--no-plot"": null, ""--serve-box"": null}",17,True,active,0.102037,1.932192,0.100112,40.0,105.0,1.39,1.0,1.8,10.0,0.102037,1.278,1.59,1118.0,7.362,-3.271,
exp26_tcp_grid,ablationtube_only__ballspeed9__maxtcp1.4__noplot__servebox,"{""--ablation"": ""tube_only"", ""--ball-speed"": 9, ""--max-tcp"": 1.4, ""--no-plot"": null, ""--serve-box"": null}",18,True,active,0.137852,1.946276,0.122123,40.0,105.0,1.4,0.99,1.6,10.0,0.137852,1.335,1.57,1092.8,7.827,-2.267,
exp26_tcp_grid,ablationtube_only__ballspeed9__maxtcp1.4__noplot__servebox,"{""--ablation"": ""tube_only"", ""--ball-speed"": 9, ""--max-tcp"": 1.4, ""--no-plot"": null, ""--serve-box"": null}",19,True,active,0.110395,1.894075,0.080635,0.0,0.0,1.36,0.98,1.5,15.0,0.110395,1.358,1.52,1142.2,7.576,3.494,
exp26_tcp_grid,ablationtube_only__ballspeed9__maxtcp1.4__noplot__servebox,"{""--ablation"": ""tube_only"", ""--ball-speed"": 9, ""--max-tcp"": 1.4, ""--no-plot"": null, ""--serve-box"": null}",8,True,passive,0.100703,1.955679,0.091534,45.0,105.0,0.97,1.0,1.3,5.0,0.100703,0.161,2.9,2121.6,7.337,-7.165,
exp26_tcp_grid,ablationtube_only__ballspeed9__maxtcp1.4__noplot__servebox,"{""--ablation"": ""tube_only"", ""--ball-speed"": 9, ""--max-tcp"": 1.4, ""--no-plot"": null, ""--serve-box"": null}",12,True,active,0.031022,1.963426,0.031022,40.0,105.0,1.4,0.99,1.1,10.0,0.031022,1.363,2.9,2239.6,7.133,-0.526,
exp26_tcp_grid,ablationtube_only__ballspeed9__maxtcp1.4__noplot__servebox,"{""--ablation"": ""tube_only"", ""--ball-speed"": 9, ""--max-tcp"": 1.4, ""--no-plot"": null, ""--serve-box"": null}",22,True,active,0.102992,1.882355,0.062759,0.0,0.0,1.4,0.96,1.7,20.0,0.102992,1.372,1.56,1086.1,7.902,3.315,
exp26_tcp_grid,ablationtube_only__ballspeed9__maxtcp1.4__noplot__servebox,"{""--ablation"": ""tube_only"", ""--ball-speed"": 9, ""--max-tcp"": 1.4, ""--no-plot"": null, ""--serve-box"": null}",26,True,active,0.087773,1.922647,0.071426,0.0,0.0,1.4,1.0,1.7,20.0,0.087773,1.327,1.42,1034.4,7.588,1.465,
exp26_tcp_grid,ablationtube_only__ballspeed9__maxtcp1.4__noplot__servebox,"{""--ablation"": ""tube_only"", ""--ball-speed"": 9, ""--max-tcp"": 1.4, ""--no-plot"": null, ""--serve-box"": null}",23,True,active,0.08881,1.959837,0.077392,40.0,105.0,1.4,1.0,1.4,10.0,0.08881,1.358,1.95,1568.6,7.755,-1.558,
exp26_tcp_grid,ablationtube_only__ballspeed9__maxtcp1.4__noplot__servebox,"{""--ablation"": ""tube_only"", ""--ball-speed"": 9, ""--max-tcp"": 1.4, ""--no-plot"": null, ""--serve-box"": null}",24,True,active,0.098741,1.950983,0.081448,0.0,5.0,1.4,0.97,1.6,10.0,0.098741,1.211,1.96,1362.4,7.553,0.709,
exp26_tcp_grid,ablationtube_only__ballspeed9__maxtcp1.4__noplot__servebox,"{""--ablation"": ""tube_only"", ""--ball-speed"": 9, ""--max-tcp"": 1.4, ""--no-plot"": null, ""--serve-box"": null}",30,True,active,0.097527,1.942084,0.058104,0.0,0.0,1.39,0.97,1.5,15.0,0.097527,1.365,1.44,1036.1,7.567,2.696,
exp26_tcp_grid,ablationtube_only__ballspeed9__maxtcp1.4__noplot__servebox,"{""--ablation"": ""tube_only"", ""--ball-speed"": 9, ""--max-tcp"": 1.4, ""--no-plot"": null, ""--serve-box"": null}",31,True,active,0.111551,1.927468,0.111551,35.0,105.0,1.41,0.99,1.5,10.0,0.111551,1.298,1.47,1016.7,7.53,-5.623,
exp26_tcp_grid,ablationtube_only__ballspeed9__maxtcp1.4__noplot__servebox,"{""--ablation"": ""tube_only"", ""--ball-speed"": 9, ""--max-tcp"": 1.4, ""--no-plot"": null, ""--serve-box"": null}",29,True,active,0.056685,1.865912,0.051823,45.0,105.0,1.35,0.99,1.5,5.0,0.056685,0.341,1.69,1108.7,7.553,-6.515,
exp26_tcp_grid,ablationtube_only__ballspeed9__maxtcp1.4__noplot__servebox,"{""--ablation"": ""tube_only"", ""--ball-speed"": 9, ""--max-tcp"": 1.4, ""--no-plot"": null, ""--serve-box"": null}",32,True,active,0.119593,1.931528,0.085109,50.0,105.0,1.38,0.98,1.4,10.0,0.119593,1.353,1.47,1040.3,8.419,-2.819,
exp26_tcp_grid,ablationtube_only__ballspeed9__maxtcp1.4__noplot__servebox,"{""--ablation"": ""tube_only"", ""--ball-speed"": 9, ""--max-tcp"": 1.4, ""--no-plot"": null, ""--serve-box"": null}",35,False,miss,0.335574,1.905277,0.122189,0.0,10.0,1.39,1.0,1.5,0.0,0.335574,0.0,1.58,1117.1,-1.0,-99.0,
exp26_tcp_grid,ablationtube_only__ballspeed9__maxtcp1.4__noplot__servebox,"{""--ablation"": ""tube_only"", ""--ball-speed"": 9, ""--max-tcp"": 1.4, ""--no-plot"": null, ""--serve-box"": null}",33,True,active,0.104097,1.950152,0.086655,40.0,105.0,1.41,0.99,1.3,10.0,0.104097,1.361,1.96,1542.8,7.731,-2.717,
exp26_tcp_grid,ablationtube_only__ballspeed9__maxtcp1.4__noplot__servebox,"{""--ablation"": ""tube_only"", ""--ball-speed"": 9, ""--max-tcp"": 1.4, ""--no-plot"": null, ""--serve-box"": null}",37,True,active,0.116386,1.925243,0.108656,0.0,20.0,1.38,0.99,1.6,10.0,0.116386,1.359,1.5,1066.7,7.567,0.814,
exp26_tcp_grid,ablationtube_only__ballspeed9__maxtcp1.4__noplot__servebox,"{""--ablation"": ""tube_only"", ""--ball-speed"": 9, ""--max-tcp"": 1.4, ""--no-plot"": null, ""--serve-box"": null}",38,True,active,0.096105,1.944276,0.088202,35.0,105.0,1.4,0.99,1.4,15.0,0.096105,1.361,1.45,1084.4,7.146,-0.812,
exp26_tcp_grid,ablationtube_only__ballspeed9__maxtcp1.4__noplot__servebox,"{""--ablation"": ""tube_only"", ""--ball-speed"": 9, ""--max-tcp"": 1.4, ""--no-plot"": null, ""--serve-box"": null}",25,True,active,0.104359,1.915093,0.068264,45.0,105.0,1.4,0.97,1.6,15.0,0.104359,1.393,2.92,2152.4,6.873,-2.758,
exp26_tcp_grid,ablationtube_only__ballspeed9__maxtcp1.4__noplot__servebox,"{""--ablation"": ""tube_only"", ""--ball-speed"": 9, ""--max-tcp"": 1.4, ""--no-plot"": null, ""--serve-box"": null}",28,False,miss,0.280726,1.900363,0.094141,0.0,0.0,1.3,0.99,1.4,0.0,0.280726,0.0,2.74,2111.4,-1.0,-99.0,
exp26_tcp_grid,ablationtube_only__ballspeed9__maxtcp1.4__noplot__servebox,"{""--ablation"": ""tube_only"", ""--ball-speed"": 9, ""--max-tcp"": 1.4, ""--no-plot"": null, ""--serve-box"": null}",27,True,passive,0.084451,1.937113,0.071441,45.0,105.0,1.3,1.0,1.3,5.0,0.084451,0.094,3.05,2290.7,7.053,-7.025,
exp26_tcp_grid,ablationtube_only__ballspeed9__maxtcp1.4__noplot__servebox,"{""--ablation"": ""tube_only"", ""--ball-speed"": 9, ""--max-tcp"": 1.4, ""--no-plot"": null, ""--serve-box"": null}",41,True,active,0.120225,1.952377,0.120225,30.0,105.0,1.4,0.99,1.7,5.0,0.120225,1.115,1.43,1034.8,8.657,-1.311,
exp26_tcp_grid,ablationtube_only__ballspeed9__maxtcp1.4__noplot__servebox,"{""--ablation"": ""tube_only"", ""--ball-speed"": 9, ""--max-tcp"": 1.4, ""--no-plot"": null, ""--serve-box"": null}",40,True,active,0.105045,1.943442,0.103464,35.0,105.0,1.36,0.99,1.4,10.0,0.105045,1.001,1.49,1075.0,6.97,-1.628,
exp26_tcp_grid,ablationtube_only__ballspeed9__maxtcp1.4__noplot__servebox,"{""--ablation"": ""tube_only"", ""--ball-speed"": 9, ""--max-tcp"": 1.4, ""--no-plot"": null, ""--serve-box"": null}",43,True,active,0.118167,1.929841,0.112692,35.0,105.0,1.4,0.98,1.5,10.0,0.118167,1.401,1.5,1105.6,7.46,-2.974,
exp26_tcp_grid,ablationtube_only__ballspeed9__maxtcp1.4__noplot__servebox,"{""--ablation"": ""tube_only"", ""--ball-speed"": 9, ""--max-tcp"": 1.4, ""--no-plot"": null, ""--serve-box"": null}",44,True,active,0.085995,1.933881,0.079829,40.0,105.0,1.39,0.99,1.5,15.0,0.085995,1.209,1.51,1110.3,7.951,-3.763,
exp26_tcp_grid,ablationtube_only__ballspeed9__maxtcp1.4__noplot__servebox,"{""--ablation"": ""tube_only"", ""--ball-speed"": 9, ""--max-tcp"": 1.4, ""--no-plot"": null, ""--serve-box"": null}",34,True,active,0.108797,1.953499,0.099695,40.0,105.0,1.4,1.0,1.4,10.0,0.108797,1.38,2.98,2306.9,7.57,-2.149,
exp26_tcp_grid,ablationtube_only__ballspeed9__maxtcp1.4__noplot__servebox,"{""--ablation"": ""tube_only"", ""--ball-speed"": 9, ""--max-tcp"": 1.4, ""--no-plot"": null, ""--serve-box"": null}",39,True,active,0.087875,1.886002,0.081355,40.0,105.0,1.38,0.99,1.4,5.0,0.087875,1.031,2.5,2098.2,7.246,-2.668,
exp26_tcp_grid,ablationtube_only__ballspeed9__maxtcp1.4__noplot__servebox,"{""--ablation"": ""tube_only"", ""--ball-speed"": 9, ""--max-tcp"": 1.4, ""--no-plot"": null, ""--serve-box"": null}",36,True,active,0.104957,1.95307,0.091944,40.0,105.0,1.39,0.86,1.4,15.0,0.104957,1.336,2.92,2276.4,7.411,-1.964,
exp26_tcp_grid,ablationtube_only__ballspeed9__maxtcp1.4__noplot__servebox,"{""--ablation"": ""tube_only"", ""--ball-speed"": 9, ""--max-tcp"": 1.4, ""--no-plot"": null, ""--serve-box"": null}",46,True,passive,0.118912,1.934006,0.111741,40.0,105.0,1.13,1.0,1.6,10.0,0.118912,0.199,1.55,1151.1,7.382,-6.547,
exp26_tcp_grid,ablationtube_only__ballspeed9__maxtcp1.4__noplot__servebox,"{""--ablation"": ""tube_only"", ""--ball-speed"": 9, ""--max-tcp"": 1.4, ""--no-plot"": null, ""--serve-box"": null}",47,True,active,0.06031,1.896754,0.053739,50.0,105.0,1.38,0.92,1.2,5.0,0.06031,0.809,1.4,1019.2,6.884,-3.669,
exp26_tcp_grid,ablationtube_only__ballspeed9__maxtcp1.4__noplot__servebox,"{""--ablation"": ""tube_only"", ""--ball-speed"": 9, ""--max-tcp"": 1.4, ""--no-plot"": null, ""--serve-box"": null}",42,True,active,0.017209,1.970027,0.017209,0.0,0.0,1.39,1.0,1.8,15.0,0.017209,1.33,2.29,1858.4,8.3,0.789,
exp26_tcp_grid,ablationtube_only__ballspeed9__maxtcp1.4__noplot__servebox,"{""--ablation"": ""tube_only"", ""--ball-speed"": 9, ""--max-tcp"": 1.4, ""--no-plot"": null, ""--serve-box"": null}",48,True,active,0.111467,1.973328,0.102378,35.0,105.0,1.39,1.0,1.5,10.0,0.111467,1.355,1.68,1114.1,8.425,-4.313,
exp26_tcp_grid,ablationtube_only__ballspeed9__maxtcp1.4__noplot__servebox,"{""--ablation"": ""tube_only"", ""--ball-speed"": 9, ""--max-tcp"": 1.4, ""--no-plot"": null, ""--serve-box"": null}",51,False,miss,0.34943,1.94213,0.153092,0.0,0.0,1.38,0.99,1.6,0.0,0.34943,0.0,1.49,1081.2,-1.0,-99.0,
exp26_tcp_grid,ablationtube_only__ballspeed9__maxtcp1.4__noplot__servebox,"{""--ablation"": ""tube_only"", ""--ball-speed"": 9, ""--max-tcp"": 1.4, ""--no-plot"": null, ""--serve-box"": null}",45,True,active,0.134333,1.948661,0.123809,35.0,100.0,1.39,0.99,1.5,10.0,0.134333,1.284,2.41,1784.8,7.513,-2.346,
exp26_tcp_grid,ablationtube_only__ballspeed9__maxtcp1.4__noplot__servebox,"{""--ablation"": ""tube_only"", ""--ball-speed"": 9, ""--max-tcp"": 1.4, ""--no-plot"": null, ""--serve-box"": null}",50,True,active,0.07972,1.96246,0.05844,40.0,90.0,1.4,1.0,2.0,20.0,0.07972,1.334,1.82,1285.5,7.509,0.148,
exp26_tcp_grid,ablationtube_only__ballspeed9__maxtcp1.4__noplot__servebox,"{""--ablation"": ""tube_only"", ""--ball-speed"": 9, ""--max-tcp"": 1.4, ""--no-plot"": null, ""--serve-box"": null}",53,True,active,0.059498,1.951609,0.05252,0.0,0.0,1.39,1.0,1.7,15.0,0.059498,1.337,1.53,1074.7,8.299,0.971,
exp26_tcp_grid,ablationtube_only__ballspeed9__maxtcp1.4__noplot__servebox,"{""--ablation"": ""tube_only"", ""--ball-speed"": 9, ""--max-tcp"": 1.4, ""--no-plot"": null, ""--serve-box"": null}",54,True,active,0.046596,1.968739,0.038778,0.0,0.0,1.39,0.99,1.4,20.0,0.046596,1.236,1.83,1359.3,7.492,1.817,
exp26_tcp_grid,ablationtube_only__ballspeed9__maxtcp1.4__noplot__servebox,"{""--ablation"": ""tube_only"", ""--ball-speed"": 9, ""--max-tcp"": 1.4, ""--no-plot"": null, ""--serve-box"": null}",59,True,active,0.06726,1.945672,0.029526,0.0,0.0,1.38,1.0,1.3,20.0,0.06726,1.025,1.46,1035.9,7.717,2.932,
exp26_tcp_grid,ablationtube_only__ballspeed9__maxtcp1.4__noplot__servebox,"{""--ablation"": ""tube_only"", ""--ball-speed"": 9, ""--max-tcp"": 1.4, ""--no-plot"": null, ""--serve-box"": null}",62,True,active,0.097844,1.96089,0.085971,40.0,105.0,1.4,1.0,1.3,10.0,0.097844,1.404,1.44,1042.3,7.461,-3.08,
exp26_tcp_grid,ablationtube_only__ballspeed9__maxtcp1.4__noplot__servebox,"{""--ablation"": ""tube_only"", ""--ball-speed"": 9, ""--max-tcp"": 1.4, ""--no-plot"": null, ""--serve-box"": null}",61,True,active,0.11161,1.914983,0.092731,40.0,105.0,1.4,0.98,1.3,15.0,0.11161,1.322,1.46,1057.6,7.758,-3.391,
exp26_tcp_grid,ablationtube_only__ballspeed9__maxtcp1.4__noplot__servebox,"{""--ablation"": ""tube_only"", ""--ball-speed"": 9, ""--max-tcp"": 1.4, ""--no-plot"": null, ""--serve-box"": null}",56,False,miss,0.339445,1.955929,0.135002,0.0,0.0,1.39,0.99,1.6,0.0,0.339445,0.0,2.02,1413.5,-1.0,-99.0,
exp26_tcp_grid,ablationtube_only__ballspeed9__maxtcp1.4__noplot__servebox,"{""--ablation"": ""tube_only"", ""--ball-speed"": 9, ""--max-tcp"": 1.4, ""--no-plot"": null, ""--serve-box"": null}",60,True,active,0.118693,1.937018,0.115243,40.0,100.0,1.4,1.0,1.6,10.0,0.118693,1.319,1.64,1181.0,7.594,0.034,
exp26_tcp_grid,ablationtube_only__ballspeed9__maxtcp1.4__noplot__servebox,"{""--ablation"": ""tube_only"", ""--ball-speed"": 9, ""--max-tcp"": 1.4, ""--no-plot"": null, ""--serve-box"": null}",49,True,active,0.103234,1.938916,0.103234,35.0,105.0,1.38,1.0,1.5,5.0,0.103234,0.957,2.91,2251.6,6.891,-3.817,
exp26_tcp_grid,ablationtube_only__ballspeed9__maxtcp1.4__noplot__servebox,"{""--ablation"": ""tube_only"", ""--ball-speed"": 9, ""--max-tcp"": 1.4, ""--no-plot"": null, ""--serve-box"": null}",58,True,active,0.102707,1.877682,0.102537,35.0,105.0,1.38,1.0,1.3,5.0,0.102707,0.839,1.91,1427.1,7.828,-7.557,
exp26_tcp_grid,ablationtube_only__ballspeed9__maxtcp1.4__noplot__servebox,"{""--ablation"": ""tube_only"", ""--ball-speed"": 9, ""--max-tcp"": 1.4, ""--no-plot"": null, ""--serve-box"": null}",55,True,active,0.101319,1.934354,0.081725,40.0,105.0,1.39,0.96,1.4,10.0,0.101319,1.302,2.64,2025.3,7.541,-2.053,
exp26_tcp_grid,ablationtube_only__ballspeed9__maxtcp1.4__noplot__servebox,"{""--ablation"": ""tube_only"", ""--ball-speed"": 9, ""--max-tcp"": 1.4, ""--no-plot"": null, ""--serve-box"": null}",65,True,active,0.10924,1.949232,0.109216,35.0,105.0,1.34,1.0,1.6,10.0,0.10924,1.127,1.5,1070.9,7.838,-5.266,
exp26_tcp_grid,ablationtube_only__ballspeed9__maxtcp1.4__noplot__servebox,"{""--ablation"": ""tube_only"", ""--ball-speed"": 9, ""--max-tcp"": 1.4, ""--no-plot"": null, ""--serve-box"": null}",52,True,active,0.09398,1.938505,0.039383,0.0,0.0,1.4,0.99,1.1,15.0,0.09398,1.378,2.94,2275.3,7.518,2.044,
exp26_tcp_grid,ablationtube_only__ballspeed9__maxtcp1.4__noplot__servebox,"{""--ablation"": ""tube_only"", ""--ball-speed"": 9, ""--max-tcp"": 1.4, ""--no-plot"": null, ""--serve-box"": null}",67,True,active,0.058608,1.930344,0.050682,45.0,105.0,1.39,0.99,1.2,5.0,0.058608,1.034,1.62,1209.2,6.516,-1.613,
exp26_tcp_grid,ablationtube_only__ballspeed9__maxtcp1.4__noplot__servebox,"{""--ablation"": ""tube_only"", ""--ball-speed"": 9, ""--max-tcp"": 1.4, ""--no-plot"": null, ""--serve-box"": null}",66,True,active,0.098603,1.950196,0.081737,45.0,105.0,1.39,0.98,1.3,10.0,0.098603,1.25,1.77,1362.6,7.47,-2.23,
exp26_tcp_grid,ablationtube_only__ballspeed9__maxtcp1.4__noplot__servebox,"{""--ablation"": ""tube_only"", ""--ball-speed"": 9, ""--max-tcp"": 1.4, ""--no-plot"": null, ""--serve-box"": null}",63,True,active,0.064077,1.966906,0.025169,0.0,0.0,1.4,1.0,1.7,20.0,0.064077,1.319,2.04,1242.5,8.416,4.306,
exp26_tcp_grid,ablationtube_only__ballspeed9__maxtcp1.4__noplot__servebox,"{""--ablation"": ""tube_only"", ""--ball-speed"": 9, ""--max-tcp"": 1.4, ""--no-plot"": null, ""--serve-box"": null}",57,True,active,0.113986,1.935814,0.091516,0.0,5.0,1.37,0.99,1.4,10.0,0.113986,1.356,2.93,2236.0,7.21,1.154,
exp26_tcp_grid,ablationtube_only__ballspeed9__maxtcp1.4__noplot__servebox,"{""--ablation"": ""tube_only"", ""--ball-speed"": 9, ""--max-tcp"": 1.4, ""--no-plot"": null, ""--serve-box"": null}",68,True,active,0.099541,1.899187,0.098742,40.0,105.0,1.38,0.97,1.5,5.0,0.099541,0.91,1.7,1331.9,7.479,-5.425,
exp26_tcp_grid,ablationtube_only__ballspeed9__maxtcp1.4__noplot__servebox,"{""--ablation"": ""tube_only"", ""--ball-speed"": 9, ""--max-tcp"": 1.4, ""--no-plot"": null, ""--serve-box"": null}",69,True,active,0.129631,1.94639,0.120083,35.0,105.0,1.39,1.0,1.5,10.0,0.129631,1.212,1.43,1035.4,7.927,-3.045,
exp26_tcp_grid,ablationtube_only__ballspeed9__maxtcp1.4__noplot__servebox,"{""--ablation"": ""tube_only"", ""--ball-speed"": 9, ""--max-tcp"": 1.4, ""--no-plot"": null, ""--serve-box"": null}",70,True,active,0.135523,1.93274,0.127854,35.0,100.0,1.41,0.99,1.8,10.0,0.135523,1.17,1.5,1047.3,8.018,-5.094,
exp26_tcp_grid,ablationtube_only__ballspeed9__maxtcp1.4__noplot__servebox,"{""--ablation"": ""tube_only"", ""--ball-speed"": 9, ""--max-tcp"": 1.4, ""--no-plot"": null, ""--serve-box"": null}",74,True,active,0.126874,1.950587,0.113121,40.0,105.0,1.4,0.98,1.5,10.0,0.126874,1.386,1.52,1050.4,7.917,-3.04,
exp26_tcp_grid,ablationtube_only__ballspeed9__maxtcp1.4__noplot__servebox,"{""--ablation"": ""tube_only"", ""--ball-speed"": 9, ""--max-tcp"": 1.4, ""--no-plot"": null, ""--serve-box"": null}",64,True,active,0.139107,1.939777,0.121365,40.0,100.0,1.39,1.0,1.5,10.0,0.139107,1.334,2.92,2259.3,8.048,-2.757,
exp26_tcp_grid,ablationtube_only__ballspeed9__maxtcp1.4__noplot__servebox,"{""--ablation"": ""tube_only"", ""--ball-speed"": 9, ""--max-tcp"": 1.4, ""--no-plot"": null, ""--serve-box"": null}",77,True,active,0.018073,1.94769,0.018073,35.0,95.0,1.4,0.99,1.5,15.0,0.018073,1.369,1.45,1059.2,8.07,-1.595,
exp26_tcp_grid,ablationtube_only__ballspeed9__maxtcp1.4__noplot__servebox,"{""--ablation"": ""tube_only"", ""--ball-speed"": 9, ""--max-tcp"": 1.4, ""--no-plot"": null, ""--serve-box"": null}",81,True,active,0.069408,1.954536,0.063575,45.0,105.0,1.24,1.0,1.4,10.0,0.069408,0.786,1.44,1036.4,7.098,-1.427,
exp26_tcp_grid,ablationtube_only__ballspeed9__maxtcp1.4__noplot__servebox,"{""--ablation"": ""tube_only"", ""--ball-speed"": 9, ""--max-tcp"": 1.4, ""--no-plot"": null, ""--serve-box"": null}",79,False,miss,0.324766,1.913088,0.107327,0.0,0.0,1.39,1.0,1.5,0.0,0.324766,0.0,1.53,1168.6,-1.0,-99.0,
exp26_tcp_grid,ablationtube_only__ballspeed9__maxtcp1.4__noplot__servebox,"{""--ablation"": ""tube_only"", ""--ball-speed"": 9, ""--max-tcp"": 1.4, ""--no-plot"": null, ""--serve-box"": null}",76,True,active,0.087607,1.889295,0.065269,0.0,0.0,1.37,0.99,1.6,15.0,0.087607,1.331,1.97,1524.9,7.875,3.624,
exp26_tcp_grid,ablationtube_only__ballspeed9__maxtcp1.4__noplot__servebox,"{""--ablation"": ""tube_only"", ""--ball-speed"": 9, ""--max-tcp"": 1.4, ""--no-plot"": null, ""--serve-box"": null}",78,True,active,0.108083,1.911729,0.094848,30.0,60.0,1.4,0.99,1.9,15.0,0.108083,1.373,2.05,1272.0,7.513,0.35,
exp26_tcp_grid,ablationtube_only__ballspeed9__maxtcp1.4__noplot__servebox,"{""--ablation"": ""tube_only"", ""--ball-speed"": 9, ""--max-tcp"": 1.4, ""--no-plot"": null, ""--serve-box"": null}",83,True,active,0.12451,1.922643,0.12451,35.0,105.0,1.36,1.0,1.6,5.0,0.12451,0.838,1.43,1036.1,7.49,-5.478,
exp26_tcp_grid,ablationtube_only__ballspeed9__maxtcp1.4__noplot__servebox,"{""--ablation"": ""tube_only"", ""--ball-speed"": 9, ""--max-tcp"": 1.4, ""--no-plot"": null, ""--serve-box"": null}",82,True,active,0.105755,1.94462,0.099155,35.0,105.0,1.38,1.0,1.5,10.0,0.105755,1.339,1.53,1064.5,7.683,-2.232,
exp26_tcp_grid,ablationtube_only__ballspeed9__maxtcp1.4__noplot__servebox,"{""--ablation"": ""tube_only"", ""--ball-speed"": 9, ""--max-tcp"": 1.4, ""--no-plot"": null, ""--serve-box"": null}",72,True,active,0.096902,1.962249,0.091832,40.0,105.0,1.4,0.98,1.3,10.0,0.096902,1.37,2.73,1982.5,7.736,-2.776,
exp26_tcp_grid,ablationtube_only__ballspeed9__maxtcp1.4__noplot__servebox,"{""--ablation"": ""tube_only"", ""--ball-speed"": 9, ""--max-tcp"": 1.4, ""--no-plot"": null, ""--serve-box"": null}",73,True,active,0.103646,1.952242,0.091197,15.0,50.0,1.24,0.99,1.2,10.0,0.103646,0.845,2.8,2033.4,7.831,0.095,
exp26_tcp_grid,ablationtube_only__ballspeed9__maxtcp1.4__noplot__servebox,"{""--ablation"": ""tube_only"", ""--ball-speed"": 9, ""--max-tcp"": 1.4, ""--no-plot"": null, ""--serve-box"": null}",80,True,active,0.08313,1.918103,0.081168,45.0,105.0,1.4,0.97,1.6,0.0,0.08313,0.443,1.99,1587.1,7.219,-7.218,
exp26_tcp_grid,ablationtube_only__ballspeed9__maxtcp1.4__noplot__servebox,"{""--ablation"": ""tube_only"", ""--ball-speed"": 9, ""--max-tcp"": 1.4, ""--no-plot"": null, ""--serve-box"": null}",71,True,active,0.06907,1.941068,0.068351,35.0,100.0,1.4,0.99,1.4,15.0,0.06907,1.137,3.03,2300.7,7.124,-1.372,
exp26_tcp_grid,ablationtube_only__ballspeed9__maxtcp1.4__noplot__servebox,"{""--ablation"": ""tube_only"", ""--ball-speed"": 9, ""--max-tcp"": 1.4, ""--no-plot"": null, ""--serve-box"": null}",85,True,active,0.116428,1.930526,0.113095,35.0,105.0,1.4,0.98,1.2,5.0,0.116428,1.143,1.56,1136.8,8.636,-7.703,
exp26_tcp_grid,ablationtube_only__ballspeed9__maxtcp1.4__noplot__servebox,"{""--ablation"": ""tube_only"", ""--ball-speed"": 9, ""--max-tcp"": 1.4, ""--no-plot"": null, ""--serve-box"": null}",75,True,active,0.131022,1.914181,0.119418,40.0,105.0,1.34,1.0,1.6,0.0,0.131022,0.689,2.95,2268.4,7.424,-6.111,
exp26_tcp_grid,ablationtube_only__ballspeed9__maxtcp1.4__noplot__servebox,"{""--ablation"": ""tube_only"", ""--ball-speed"": 9, ""--max-tcp"": 1.4, ""--no-plot"": null, ""--serve-box"": null}",87,True,active,0.112635,1.939611,0.098535,0.0,0.0,1.4,1.0,1.8,15.0,0.112635,1.351,1.48,1073.5,7.527,1.562,
exp26_tcp_grid,ablationtube_only__ballspeed9__maxtcp1.4__noplot__servebox,"{""--ablation"": ""tube_only"", ""--ball-speed"": 9, ""--max-tcp"": 1.4, ""--no-plot"": null, ""--serve-box"": null}",86,True,active,0.088187,1.961681,0.063513,40.0,105.0,1.4,0.99,1.2,10.0,0.088187,1.4,1.86,1460.1,7.292,-1.752,
exp26_tcp_grid,ablationtube_only__ballspeed9__maxtcp1.4__noplot__servebox,"{""--ablation"": ""tube_only"", ""--ball-speed"": 9, ""--max-tcp"": 1.4, ""--no-plot"": null, ""--serve-box"": null}",88,True,active,0.102385,1.934041,0.101286,35.0,105.0,1.39,0.99,1.5,10.0,0.102385,1.309,1.63,1265.5,8.174,-5.532,
exp26_tcp_grid,ablationtube_only__ballspeed9__maxtcp1.4__noplot__servebox,"{""--ablation"": ""tube_only"", ""--ball-speed"": 9, ""--max-tcp"": 1.4, ""--no-plot"": null, ""--serve-box"": null}",89,True,active,0.096714,1.940933,0.077233,35.0,65.0,1.39,0.96,1.7,10.0,0.096714,1.347,1.5,1072.6,7.928,-0.296,
exp26_tcp_grid,ablationtube_only__ballspeed9__maxtcp1.4__noplot__servebox,"{""--ablation"": ""tube_only"", ""--ball-speed"": 9, ""--max-tcp"": 1.4, ""--no-plot"": null, ""--serve-box"": null}",90,True,active,0.103971,1.971416,0.093473,40.0,105.0,1.4,0.99,1.4,10.0,0.103971,1.359,1.74,1349.5,7.152,-4.323,
exp26_tcp_grid,ablationtube_only__ballspeed9__maxtcp1.4__noplot__servebox,"{""--ablation"": ""tube_only"", ""--ball-speed"": 9, ""--max-tcp"": 1.4, ""--no-plot"": null, ""--serve-box"": null}",84,True,active,0.085742,1.781281,0.071094,0.0,0.0,1.4,1.0,1.8,20.0,0.085742,1.364,2.95,1928.4,7.573,1.38,
exp26_tcp_grid,ablationtube_only__ballspeed9__maxtcp1.4__noplot__servebox,"{""--ablation"": ""tube_only"", ""--ball-speed"": 9, ""--max-tcp"": 1.4, ""--no-plot"": null, ""--serve-box"": null}",91,True,passive,0.101735,1.932662,0.097727,45.0,105.0,1.03,1.0,1.0,5.0,0.101735,0.288,1.81,1234.4,6.763,-6.381,
exp26_tcp_grid,ablationtube_only__ballspeed9__maxtcp1.4__noplot__servebox,"{""--ablation"": ""tube_only"", ""--ball-speed"": 9, ""--max-tcp"": 1.4, ""--no-plot"": null, ""--serve-box"": null}",99,False,miss,0.316403,1.941542,0.155231,20.0,0.0,1.39,0.99,1.3,0.0,0.316403,0.0,1.47,1023.6,-1.0,-99.0,
exp26_tcp_grid,ablationtube_only__ballspeed9__maxtcp1.4__noplot__servebox,"{""--ablation"": ""tube_only"", ""--ball-speed"": 9, ""--max-tcp"": 1.4, ""--no-plot"": null, ""--serve-box"": null}",98,True,active,0.083359,1.917225,0.057086,0.0,0.0,1.39,1.0,1.4,15.0,0.083359,1.29,1.55,1104.0,8.159,3.914,
exp26_tcp_grid,ablationtube_only__ballspeed9__maxtcp1.4__noplot__servebox,"{""--ablation"": ""tube_only"", ""--ball-speed"": 9, ""--max-tcp"": 1.4, ""--no-plot"": null, ""--serve-box"": null}",97,True,active,0.056937,1.933987,0.05639,0.0,10.0,1.4,0.96,1.8,20.0,0.056937,1.384,1.7,1244.3,7.908,0.589,
exp26_tcp_grid,ablationtube_only__ballspeed9__maxtcp1.4__noplot__servebox,"{""--ablation"": ""tube_only"", ""--ball-speed"": 9, ""--max-tcp"": 1.4, ""--no-plot"": null, ""--serve-box"": null}",100,True,active,0.073015,1.965514,0.073015,40.0,105.0,1.38,1.0,1.5,10.0,0.073015,0.724,1.6,1149.2,7.113,-5.529,
exp26_tcp_grid,ablationtube_only__ballspeed9__maxtcp1.4__noplot__servebox,"{""--ablation"": ""tube_only"", ""--ball-speed"": 9, ""--max-tcp"": 1.4, ""--no-plot"": null, ""--serve-box"": null}",94,True,active,0.084677,1.924075,0.079419,0.0,0.0,1.38,0.98,1.4,10.0,0.084677,1.373,2.63,2176.3,7.452,1.755,
exp26_tcp_grid,ablationsoftmin_only__ballspeed9__maxtcp1.4__noplot__servebox,"{""--ablation"": ""softmin_only"", ""--ball-speed"": 9, ""--max-tcp"": 1.4, ""--no-plot"": null, ""--serve-box"": null}",1,True,active,0.073332,1.972858,0.073332,40.0,105.0,1.39,1.0,1.4,15.0,0.073332,1.323,2.08,1369.8,8.204,-2.573,
exp26_tcp_grid,ablationsoftmin_only__ballspeed9__maxtcp1.4__noplot__servebox,"{""--ablation"": ""softmin_only"", ""--ball-speed"": 9, ""--max-tcp"": 1.4, ""--no-plot"": null, ""--serve-box"": null}",2,True,active,0.107676,1.949091,0.089948,40.0,90.0,1.4,0.97,1.5,15.0,0.107676,1.338,1.96,1552.6,7.081,0.514,
exp26_tcp_grid,ablationtube_only__ballspeed9__maxtcp1.4__noplot__servebox,"{""--ablation"": ""tube_only"", ""--ball-speed"": 9, ""--max-tcp"": 1.4, ""--no-plot"": null, ""--serve-box"": null}",93,True,active,0.087601,1.908163,0.085831,40.0,105.0,1.4,0.99,1.6,10.0,0.087601,1.374,2.87,2228.4,6.807,-3.527,
exp26_tcp_grid,ablationtube_only__ballspeed9__maxtcp1.4__noplot__servebox,"{""--ablation"": ""tube_only"", ""--ball-speed"": 9, ""--max-tcp"": 1.4, ""--no-plot"": null, ""--serve-box"": null}",92,False,miss,0.316683,1.948999,0.136479,0.0,0.0,1.36,0.99,1.6,0.0,0.316683,0.0,3.01,2243.1,-1.0,-99.0,
exp26_tcp_grid,ablationsoftmin_only__ballspeed9__maxtcp1.4__noplot__servebox,"{""--ablation"": ""softmin_only"", ""--ball-speed"": 9, ""--max-tcp"": 1.4, ""--no-plot"": null, ""--serve-box"": null}",4,True,active,0.14343,1.946496,0.130086,35.0,65.0,1.41,1.0,1.4,15.0,0.14343,1.322,1.8,1352.5,7.581,-4.797,
exp26_tcp_grid,ablationtube_only__ballspeed9__maxtcp1.4__noplot__servebox,"{""--ablation"": ""tube_only"", ""--ball-speed"": 9, ""--max-tcp"": 1.4, ""--no-plot"": null, ""--serve-box"": null}",96,True,active,0.120272,1.950469,0.109931,35.0,105.0,1.38,0.99,1.3,10.0,0.120272,1.174,2.84,2180.5,8.167,-4.061,
exp26_tcp_grid,ablationsoftmin_only__ballspeed9__maxtcp1.4__noplot__servebox,"{""--ablation"": ""softmin_only"", ""--ball-speed"": 9, ""--max-tcp"": 1.4, ""--no-plot"": null, ""--serve-box"": null}",3,False,miss,0.3886,1.911556,0.157081,20.0,0.0,1.39,1.0,1.6,0.0,0.3886,0.0,2.12,1375.5,-1.0,-99.0,
exp26_tcp_grid,ablationtube_only__ballspeed9__maxtcp1.4__noplot__servebox,"{""--ablation"": ""tube_only"", ""--ball-speed"": 9, ""--max-tcp"": 1.4, ""--no-plot"": null, ""--serve-box"": null}",95,True,active,0.096127,1.931883,0.090486,40.0,105.0,1.37,0.98,1.5,10.0,0.096127,1.366,3.07,2295.6,7.202,-0.893,
exp26_tcp_grid,ablationsoftmin_only__ballspeed9__maxtcp1.4__noplot__servebox,"{""--ablation"": ""softmin_only"", ""--ball-speed"": 9, ""--max-tcp"": 1.4, ""--no-plot"": null, ""--serve-box"": null}",5,True,active,0.098698,1.936547,0.067959,0.0,40.0,1.4,0.95,1.3,20.0,0.098698,1.363,1.72,1241.2,8.096,-0.907,
exp26_tcp_grid,ablationsoftmin_only__ballspeed9__maxtcp1.4__noplot__servebox,"{""--ablation"": ""softmin_only"", ""--ball-speed"": 9, ""--max-tcp"": 1.4, ""--no-plot"": null, ""--serve-box"": null}",6,True,active,0.099045,1.955301,0.091601,45.0,105.0,1.4,0.97,1.4,15.0,0.099045,1.373,1.69,1204.9,6.415,-4.31,
exp26_tcp_grid,ablationsoftmin_only__ballspeed9__maxtcp1.4__noplot__servebox,"{""--ablation"": ""softmin_only"", ""--ball-speed"": 9, ""--max-tcp"": 1.4, ""--no-plot"": null, ""--serve-box"": null}",7,True,active,0.111901,1.947487,0.106205,40.0,105.0,1.4,0.99,1.5,15.0,0.111901,1.378,1.68,1231.5,7.239,-3.332,
exp26_tcp_grid,ablationsoftmin_only__ballspeed9__maxtcp1.4__noplot__servebox,"{""--ablation"": ""softmin_only"", ""--ball-speed"": 9, ""--max-tcp"": 1.4, ""--no-plot"": null, ""--serve-box"": null}",21,,,,,,,,,,,,,,0.22,,,,no_result
exp26_tcp_grid,ablationsoftmin_only__ballspeed9__maxtcp1.4__noplot__servebox,"{""--ablation"": ""softmin_only"", ""--ball-speed"": 9, ""--max-tcp"": 1.4, ""--no-plot"": null, ""--serve-box"": null}",20,,,,,,,,,,,,,,0.25,,,,no_result
exp26_tcp_grid,ablationsoftmin_only__ballspeed9__maxtcp1.4__noplot__servebox,"{""--ablation"": ""softmin_only"", ""--ball-speed"": 9, ""--max-tcp"": 1.4, ""--no-plot"": null, ""--serve-box"": null}",9,True,active,0.148817,1.943012,0.14486,30.0,55.0,1.39,1.0,1.6,10.0,0.148817,1.244,1.54,1132.9,8.133,-6.296,
exp26_tcp_grid,ablationsoftmin_only__ballspeed9__maxtcp1.4__noplot__servebox,"{""--ablation"": ""softmin_only"", ""--ball-speed"": 9, ""--max-tcp"": 1.4, ""--no-plot"": null, ""--serve-box"": null}",8,True,active,0.144053,1.957843,0.122077,35.0,105.0,1.24,1.0,1.6,0.0,0.144053,0.473,2.03,1265.9,7.429,-7.4,
exp26_tcp_grid,ablationsoftmin_only__ballspeed9__maxtcp1.4__noplot__servebox,"{""--ablation"": ""softmin_only"", ""--ball-speed"": 9, ""--max-tcp"": 1.4, ""--no-plot"": null, ""--serve-box"": null}",14,True,active,0.113705,1.988642,0.113705,30.0,105.0,1.41,1.0,1.4,15.0,0.113705,1.392,1.45,1040.2,7.91,-3.968,
exp26_tcp_grid,ablationsoftmin_only__ballspeed9__maxtcp1.4__noplot__servebox,"{""--ablation"": ""softmin_only"", ""--ball-speed"": 9, ""--max-tcp"": 1.4, ""--no-plot"": null, ""--serve-box"": null}",13,True,active,0.143171,1.916528,0.140791,35.0,75.0,1.14,1.0,1.4,5.0,0.143171,0.746,1.63,1121.8,8.034,-4.182,
exp26_tcp_grid,ablationsoftmin_only__ballspeed9__maxtcp1.4__noplot__servebox,"{""--ablation"": ""softmin_only"", ""--ball-speed"": 9, ""--max-tcp"": 1.4, ""--no-plot"": null, ""--serve-box"": null}",17,True,active,0.084584,1.933899,0.081288,45.0,105.0,1.4,1.0,1.3,5.0,0.084584,0.55,1.49,1021.5,7.026,-6.564,
exp26_tcp_grid,ablationsoftmin_only__ballspeed9__maxtcp1.4__noplot__servebox,"{""--ablation"": ""softmin_only"", ""--ball-speed"": 9, ""--max-tcp"": 1.4, ""--no-plot"": null, ""--serve-box"": null}",18,True,active,0.119851,1.987144,0.115273,35.0,105.0,1.4,0.99,1.6,20.0,0.119851,1.378,1.44,1033.0,7.38,-2.087,
exp26_tcp_grid,ablationsoftmin_only__ballspeed9__maxtcp1.4__noplot__servebox,"{""--ablation"": ""softmin_only"", ""--ball-speed"": 9, ""--max-tcp"": 1.4, ""--no-plot"": null, ""--serve-box"": null}",11,True,active,0.118528,1.913905,0.112293,40.0,105.0,1.39,0.99,1.5,10.0,0.118528,1.324,2.46,1775.8,8.226,-5.159,
exp26_tcp_grid,ablationsoftmin_only__ballspeed9__maxtcp1.4__noplot__servebox,"{""--ablation"": ""softmin_only"", ""--ball-speed"": 9, ""--max-tcp"": 1.4, ""--no-plot"": null, ""--serve-box"": null}",19,True,active,0.121799,1.953322,0.107331,0.0,0.0,1.4,0.99,1.5,20.0,0.121799,1.383,1.57,1120.5,7.4,1.688,
exp26_tcp_grid,ablationsoftmin_only__ballspeed9__maxtcp1.4__noplot__servebox,"{""--ablation"": ""softmin_only"", ""--ball-speed"": 9, ""--max-tcp"": 1.4, ""--no-plot"": null, ""--serve-box"": null}",23,True,active,0.125537,1.940498,0.115906,35.0,105.0,1.38,0.99,1.6,15.0,0.125537,1.36,1.46,1040.9,6.163,-1.803,
exp26_tcp_grid,ablationsoftmin_only__ballspeed9__maxtcp1.4__noplot__servebox,"{""--ablation"": ""softmin_only"", ""--ball-speed"": 9, ""--max-tcp"": 1.4, ""--no-plot"": null, ""--serve-box"": null}",10,True,active,0.108891,1.963876,0.106636,40.0,105.0,1.41,0.99,1.5,15.0,0.108891,1.295,2.91,2230.8,7.584,-4.565,
exp26_tcp_grid,ablationsoftmin_only__ballspeed9__maxtcp1.4__noplot__servebox,"{""--ablation"": ""softmin_only"", ""--ball-speed"": 9, ""--max-tcp"": 1.4, ""--no-plot"": null, ""--serve-box"": null}",26,True,active,0.102252,1.928454,0.102252,40.0,105.0,1.4,0.99,1.5,15.0,0.102252,1.341,1.43,1014.6,7.231,-3.434,
exp26_tcp_grid,ablationsoftmin_only__ballspeed9__maxtcp1.4__noplot__servebox,"{""--ablation"": ""softmin_only"", ""--ball-speed"": 9, ""--max-tcp"": 1.4, ""--no-plot"": null, ""--serve-box"": null}",22,True,active,0.092245,1.9073,0.064689,0.0,0.0,1.4,1.0,1.3,20.0,0.092245,1.399,1.78,1341.4,8.174,1.676,
exp26_tcp_grid,ablationsoftmin_only__ballspeed9__maxtcp1.4__noplot__servebox,"{""--ablation"": ""softmin_only"", ""--ball-speed"": 9, ""--max-tcp"": 1.4, ""--no-plot"": null, ""--serve-box"": null}",15,True,active,0.119698,1.947573,0.106913,0.0,0.0,1.39,0.99,2.0,15.0,0.119698,1.373,2.6,2152.7,7.902,2.491,
exp26_tcp_grid,ablationsoftmin_only__ballspeed9__maxtcp1.4__noplot__servebox,"{""--ablation"": ""softmin_only"", ""--ball-speed"": 9, ""--max-tcp"": 1.4, ""--no-plot"": null, ""--serve-box"": null}",12,True,active,0.081066,1.977853,0.074057,40.0,105.0,1.41,0.91,1.3,20.0,0.081066,1.395,2.88,2227.5,7.172,-0.849,
exp26_tcp_grid,ablationsoftmin_only__ballspeed9__maxtcp1.4__noplot__servebox,"{""--ablation"": ""softmin_only"", ""--ball-speed"": 9, ""--max-tcp"": 1.4, ""--no-plot"": null, ""--serve-box"": null}",27,True,active,0.048179,1.928718,0.033846,45.0,105.0,1.4,0.99,1.7,10.0,0.048179,0.731,1.64,1213.5,8.31,-8.171,
exp26_tcp_grid,ablationsoftmin_only__ballspeed9__maxtcp1.4__noplot__servebox,"{""--ablation"": ""softmin_only"", ""--ball-speed"": 9, ""--max-tcp"": 1.4, ""--no-plot"": null, ""--serve-box"": null}",28,False,miss,0.352227,1.929686,0.128358,0.0,0.0,1.4,0.98,1.4,0.0,0.352227,0.0,1.49,1119.8,-1.0,-99.0,
exp26_tcp_grid,ablationsoftmin_only__ballspeed9__maxtcp1.4__noplot__servebox,"{""--ablation"": ""softmin_only"", ""--ball-speed"": 9, ""--max-tcp"": 1.4, ""--no-plot"": null, ""--serve-box"": null}",24,False,miss,0.317742,1.936865,0.134933,0.0,15.0,1.38,1.0,1.6,0.0,0.317742,0.0,2.44,1837.6,-1.0,-99.0,
exp26_tcp_grid,ablationsoftmin_only__ballspeed9__maxtcp1.4__noplot__servebox,"{""--ablation"": ""softmin_only"", ""--ball-speed"": 9, ""--max-tcp"": 1.4, ""--no-plot"": null, ""--serve-box"": null}",25,False,miss,0.334178,1.933358,0.201624,0.0,0.0,1.37,0.99,1.6,0.0,0.334178,0.0,2.44,1696.5,-1.0,-99.0,
exp26_tcp_grid,ablationsoftmin_only__ballspeed9__maxtcp1.4__noplot__servebox,"{""--ablation"": ""softmin_only"", ""--ball-speed"": 9, ""--max-tcp"": 1.4, ""--no-plot"": null, ""--serve-box"": null}",30,True,active,0.096242,1.947068,0.071765,40.0,65.0,1.4,0.99,1.6,20.0,0.096242,1.362,1.47,1101.4,7.57,-0.399,
exp26_tcp_grid,ablationsoftmin_only__ballspeed9__maxtcp1.4__noplot__servebox,"{""--ablation"": ""softmin_only"", ""--ball-speed"": 9, ""--max-tcp"": 1.4, ""--no-plot"": null, ""--serve-box"": null}",32,True,active,0.115973,1.946839,0.111719,35.0,105.0,1.38,1.0,1.5,15.0,0.115973,1.31,1.39,1030.8,8.144,-6.457,
exp26_tcp_grid,ablationsoftmin_only__ballspeed9__maxtcp1.4__noplot__servebox,"{""--ablation"": ""softmin_only"", ""--ball-speed"": 9, ""--max-tcp"": 1.4, ""--no-plot"": null, ""--serve-box"": null}",31,False,miss,0.348385,1.941398,0.167289,15.0,0.0,1.38,1.0,1.5,0.0,0.348385,0.0,1.53,1044.0,-1.0,-99.0,
exp26_tcp_grid,ablationsoftmin_only__ballspeed9__maxtcp1.4__noplot__servebox,"{""--ablation"": ""softmin_only"", ""--ball-speed"": 9, ""--max-tcp"": 1.4, ""--no-plot"": null, ""--serve-box"": null}",16,True,active,0.075065,1.970377,0.063837,5.0,45.0,1.4,1.0,1.5,15.0,0.075065,1.134,3.18,2290.3,8.178,-0.358,
exp26_tcp_grid,ablationsoftmin_only__ballspeed9__maxtcp1.4__noplot__servebox,"{""--ablation"": ""softmin_only"", ""--ball-speed"": 9, ""--max-tcp"": 1.4, ""--no-plot"": null, ""--serve-box"": null}",34,True,active,0.116938,1.963441,0.107259,40.0,105.0,1.4,1.0,1.4,15.0,0.116938,1.271,1.53,1094.9,7.926,-3.878,
exp26_tcp_grid,ablationsoftmin_only__ballspeed9__maxtcp1.4__noplot__servebox,"{""--ablation"": ""softmin_only"", ""--ball-speed"": 9, ""--max-tcp"": 1.4, ""--no-plot"": null, ""--serve-box"": null}",37,True,active,0.147263,1.969195,0.14056,30.0,65.0,1.4,1.0,1.6,15.0,0.147263,1.336,1.44,1068.0,7.65,-1.877,
exp26_tcp_grid,ablationsoftmin_only__ballspeed9__maxtcp1.4__noplot__servebox,"{""--ablation"": ""softmin_only"", ""--ball-speed"": 9, ""--max-tcp"": 1.4, ""--no-plot"": null, ""--serve-box"": null}",35,True,active,0.133872,1.932538,0.119731,35.0,105.0,1.39,1.0,1.5,15.0,0.133872,1.249,1.66,1238.0,7.507,-4.73,
exp26_tcp_grid,ablationsoftmin_only__ballspeed9__maxtcp1.4__noplot__servebox,"{""--ablation"": ""softmin_only"", ""--ball-speed"": 9, ""--max-tcp"": 1.4, ""--no-plot"": null, ""--serve-box"": null}",33,True,active,0.117186,1.965999,0.113655,35.0,105.0,1.4,0.99,1.5,15.0,0.117186,1.317,2.02,1595.9,7.675,-2.811,
exp26_tcp_grid,ablationsoftmin_only__ballspeed9__maxtcp1.4__noplot__servebox,"{""--ablation"": ""softmin_only"", ""--ball-speed"": 9, ""--max-tcp"": 1.4, ""--no-plot"": null, ""--serve-box"": null}",38,True,active,0.103606,1.978437,0.10036,40.0,105.0,1.39,1.0,1.4,15.0,0.103606,1.209,1.53,1111.6,7.1,-3.353,
exp26_tcp_grid,ablationsoftmin_only__ballspeed9__maxtcp1.4__noplot__servebox,"{""--ablation"": ""softmin_only"", ""--ball-speed"": 9, ""--max-tcp"": 1.4, ""--no-plot"": null, ""--serve-box"": null}",29,True,active,0.106484,1.908637,0.103471,35.0,105.0,0.99,1.0,1.2,5.0,0.106484,0.363,3.0,2289.5,7.521,-7.263,
exp26_tcp_grid,ablationsoftmin_only__ballspeed9__maxtcp1.4__noplot__servebox,"{""--ablation"": ""softmin_only"", ""--ball-speed"": 9, ""--max-tcp"": 1.4, ""--no-plot"": null, ""--serve-box"": null}",42,True,active,0.096918,1.968825,0.080989,40.0,105.0,1.4,1.0,1.3,20.0,0.096918,1.341,1.55,1074.5,7.366,-2.276,
exp26_tcp_grid,ablationsoftmin_only__ballspeed9__maxtcp1.4__noplot__servebox,"{""--ablation"": ""softmin_only"", ""--ball-speed"": 9, ""--max-tcp"": 1.4, ""--no-plot"": null, ""--serve-box"": null}",43,False,miss,0.382981,1.94864,0.162289,15.0,0.0,1.4,1.0,1.5,0.0,0.382981,0.0,1.54,1035.1,-1.0,-99.0,
exp26_tcp_grid,ablationsoftmin_only__ballspeed9__maxtcp1.4__noplot__servebox,"{""--ablation"": ""softmin_only"", ""--ball-speed"": 9, ""--max-tcp"": 1.4, ""--no-plot"": null, ""--serve-box"": null}",45,True,active,0.1475,1.960087,0.136123,40.0,80.0,1.4,0.99,1.6,10.0,0.1475,1.258,1.46,1058.8,8.029,-4.587,
exp26_tcp_grid,ablationsoftmin_only__ballspeed9__maxtcp1.4__noplot__servebox,"{""--ablation"": ""softmin_only"", ""--ball-speed"": 9, ""--max-tcp"": 1.4, ""--no-plot"": null, ""--serve-box"": null}",47,True,active,0.068371,1.889237,0.068371,50.0,105.0,1.39,0.98,1.5,10.0,0.068371,0.98,1.5,1092.1,7.234,-5.042,
exp26_tcp_grid,ablationsoftmin_only__ballspeed9__maxtcp1.4__noplot__servebox,"{""--ablation"": ""softmin_only"", ""--ball-speed"": 9, ""--max-tcp"": 1.4, ""--no-plot"": null, ""--serve-box"": null}",36,True,active,0.115244,1.93494,0.115244,35.0,105.0,1.4,0.98,1.9,10.0,0.115244,1.169,2.87,2255.0,6.604,-4.7,
exp26_tcp_grid,ablationsoftmin_only__ballspeed9__maxtcp1.4__noplot__servebox,"{""--ablation"": ""softmin_only"", ""--ball-speed"": 9, ""--max-tcp"": 1.4, ""--no-plot"": null, ""--serve-box"": null}",48,True,active,0.13854,1.969865,0.127248,40.0,105.0,1.4,0.98,1.5,10.0,0.13854,1.205,1.53,1135.8,8.139,-7.472,
exp26_tcp_grid,ablationsoftmin_only__ballspeed9__maxtcp1.4__noplot__servebox,"{""--ablation"": ""softmin_only"", ""--ball-speed"": 9, ""--max-tcp"": 1.4, ""--no-plot"": null, ""--serve-box"": null}",49,True,active,0.149102,1.944271,0.133386,40.0,60.0,1.39,0.99,1.4,10.0,0.149102,1.077,1.42,1065.0,7.351,-5.447,
exp26_tcp_grid,ablationsoftmin_only__ballspeed9__maxtcp1.4__noplot__servebox,"{""--ablation"": ""softmin_only"", ""--ball-speed"": 9, ""--max-tcp"": 1.4, ""--no-plot"": null, ""--serve-box"": null}",50,True,active,0.126659,1.931878,0.113854,35.0,80.0,1.4,1.0,1.9,20.0,0.126659,1.328,1.75,1189.7,7.905,-0.912,
exp26_tcp_grid,ablationsoftmin_only__ballspeed9__maxtcp1.4__noplot__servebox,"{""--ablation"": ""softmin_only"", ""--ball-speed"": 9, ""--max-tcp"": 1.4, ""--no-plot"": null, ""--serve-box"": null}",52,True,active,0.090168,1.961816,0.080076,35.0,105.0,1.39,0.98,1.3,20.0,0.090168,1.394,1.4,1054.5,7.225,-1.665,
exp26_tcp_grid,ablationsoftmin_only__ballspeed9__maxtcp1.4__noplot__servebox,"{""--ablation"": ""softmin_only"", ""--ball-speed"": 9, ""--max-tcp"": 1.4, ""--no-plot"": null, ""--serve-box"": null}",51,True,active,0.120747,1.953722,0.100802,40.0,105.0,1.4,1.0,1.6,15.0,0.120747,1.315,1.78,1427.3,7.231,-2.373,
exp26_tcp_grid,ablationsoftmin_only__ballspeed9__maxtcp1.4__noplot__servebox,"{""--ablation"": ""softmin_only"", ""--ball-speed"": 9, ""--max-tcp"": 1.4, ""--no-plot"": null, ""--serve-box"": null}",40,True,active,0.087479,1.958662,0.087479,35.0,105.0,1.4,1.0,1.4,15.0,0.087479,1.37,2.94,2290.0,7.175,-2.406,
exp26_tcp_grid,ablationsoftmin_only__ballspeed9__maxtcp1.4__noplot__servebox,"{""--ablation"": ""softmin_only"", ""--ball-speed"": 9, ""--max-tcp"": 1.4, ""--no-plot"": null, ""--serve-box"": null}",39,True,active,0.098092,1.917189,0.094529,40.0,105.0,1.4,0.99,1.6,10.0,0.098092,1.385,2.97,2260.8,7.995,-3.901,
exp26_tcp_grid,ablationsoftmin_only__ballspeed9__maxtcp1.4__noplot__servebox,"{""--ablation"": ""softmin_only"", ""--ball-speed"": 9, ""--max-tcp"": 1.4, ""--no-plot"": null, ""--serve-box"": null}",41,True,active,0.036653,1.975035,0.036653,35.0,105.0,1.4,1.0,1.6,5.0,0.036653,0.901,2.99,2236.7,8.259,-2.195,
exp26_tcp_grid,ablationsoftmin_only__ballspeed9__maxtcp1.4__noplot__servebox,"{""--ablation"": ""softmin_only"", ""--ball-speed"": 9, ""--max-tcp"": 1.4, ""--no-plot"": null, ""--serve-box"": null}",55,True,active,0.119391,1.989896,0.107215,0.0,0.0,1.4,0.99,1.5,15.0,0.119391,1.319,1.44,1025.3,7.992,1.918,
exp26_tcp_grid,ablationsoftmin_only__ballspeed9__maxtcp1.4__noplot__servebox,"{""--ablation"": ""softmin_only"", ""--ball-speed"": 9, ""--max-tcp"": 1.4, ""--no-plot"": null, ""--serve-box"": null}",56,False,miss,0.35415,1.956102,0.155268,0.0,0.0,1.41,1.0,1.7,0.0,0.35415,0.0,1.41,1038.8,-1.0,-99.0,
exp26_tcp_grid,ablationsoftmin_only__ballspeed9__maxtcp1.4__noplot__servebox,"{""--ablation"": ""softmin_only"", ""--ball-speed"": 9, ""--max-tcp"": 1.4, ""--no-plot"": null, ""--serve-box"": null}",44,True,active,0.137983,1.967554,0.105358,45.0,105.0,1.41,1.0,1.6,20.0,0.137983,1.306,3.01,2300.8,8.485,-7.678,
exp26_tcp_grid,ablationsoftmin_only__ballspeed9__maxtcp1.4__noplot__servebox,"{""--ablation"": ""softmin_only"", ""--ball-speed"": 9, ""--max-tcp"": 1.4, ""--no-plot"": null, ""--serve-box"": null}",53,True,active,0.043133,1.938171,0.043133,40.0,105.0,1.41,1.0,1.5,10.0,0.043133,0.467,1.65,1142.9,7.391,-5.43,
exp26_tcp_grid,ablationsoftmin_only__ballspeed9__maxtcp1.4__noplot__servebox,"{""--ablation"": ""softmin_only"", ""--ball-speed"": 9, ""--max-tcp"": 1.4, ""--no-plot"": null, ""--serve-box"": null}",57,True,active,0.110457,1.964214,0.093863,0.0,0.0,1.4,0.96,1.5,20.0,0.110457,1.384,1.47,1081.5,7.245,1.336,
exp26_tcp_grid,ablationsoftmin_only__ballspeed9__maxtcp1.4__noplot__servebox,"{""--ablation"": ""softmin_only"", ""--ball-speed"": 9, ""--max-tcp"": 1.4, ""--no-plot"": null, ""--serve-box"": null}",46,True,active,0.108509,1.968238,0.104567,35.0,105.0,1.34,0.99,1.4,10.0,0.108509,1.098,3.07,2279.5,7.949,-6.982,
exp26_tcp_grid,ablationsoftmin_only__ballspeed9__maxtcp1.4__noplot__servebox,"{""--ablation"": ""softmin_only"", ""--ball-speed"": 9, ""--max-tcp"": 1.4, ""--no-plot"": null, ""--serve-box"": null}",58,True,active,0.076284,1.888874,0.076284,40.0,105.0,1.39,1.0,1.6,15.0,0.076284,1.391,1.51,1043.1,5.773,-2.892,
exp26_tcp_grid,ablationsoftmin_only__ballspeed9__maxtcp1.4__noplot__servebox,"{""--ablation"": ""softmin_only"", ""--ball-speed"": 9, ""--max-tcp"": 1.4, ""--no-plot"": null, ""--serve-box"": null}",59,True,active,0.101687,1.957933,0.084165,40.0,80.0,1.4,1.0,1.5,20.0,0.101687,1.31,1.86,1451.1,7.41,-1.415,
exp26_tcp_grid,ablationsoftmin_only__ballspeed9__maxtcp1.4__noplot__servebox,"{""--ablation"": ""softmin_only"", ""--ball-speed"": 9, ""--max-tcp"": 1.4, ""--no-plot"": null, ""--serve-box"": null}",62,True,active,0.107298,1.969362,0.098578,45.0,105.0,1.4,0.99,1.4,15.0,0.107298,1.38,1.41,1039.7,6.9,-4.926,
exp26_tcp_grid,ablationsoftmin_only__ballspeed9__maxtcp1.4__noplot__servebox,"{""--ablation"": ""softmin_only"", ""--ball-speed"": 9, ""--max-tcp"": 1.4, ""--no-plot"": null, ""--serve-box"": null}",60,False,miss,0.373267,1.943434,0.153012,20.0,0.0,1.4,1.0,1.6,0.0,0.373267,0.0,2.07,1426.2,-1.0,-99.0,
exp26_tcp_grid,ablationsoftmin_only__ballspeed9__maxtcp1.4__noplot__servebox,"{""--ablation"": ""softmin_only"", ""--ball-speed"": 9, ""--max-tcp"": 1.4, ""--no-plot"": null, ""--serve-box"": null}",65,True,active,0.128472,2.003918,0.126532,30.0,90.0,1.4,1.0,1.5,15.0,0.128472,1.337,1.61,1150.4,7.799,-5.562,
exp26_tcp_grid,ablationsoftmin_only__ballspeed9__maxtcp1.4__noplot__servebox,"{""--ablation"": ""softmin_only"", ""--ball-speed"": 9, ""--max-tcp"": 1.4, ""--no-plot"": null, ""--serve-box"": null}",54,True,active,0.03429,1.960214,0.03429,0.0,0.0,1.4,0.99,1.5,20.0,0.03429,1.104,2.83,2018.1,7.959,2.006,
exp26_tcp_grid,ablationsoftmin_only__ballspeed9__maxtcp1.4__noplot__servebox,"{""--ablation"": ""softmin_only"", ""--ball-speed"": 9, ""--max-tcp"": 1.4, ""--no-plot"": null, ""--serve-box"": null}",67,True,active,0.086495,1.952952,0.086495,40.0,105.0,1.39,0.99,1.6,15.0,0.086495,1.012,1.41,1037.1,7.181,-1.764,
exp26_tcp_grid,ablationsoftmin_only__ballspeed9__maxtcp1.4__noplot__servebox,"{""--ablation"": ""softmin_only"", ""--ball-speed"": 9, ""--max-tcp"": 1.4, ""--no-plot"": null, ""--serve-box"": null}",66,False,miss,0.371532,1.949684,0.155842,20.0,0.0,1.39,0.99,1.4,0.0,0.371532,0.0,1.64,1148.3,-1.0,-99.0,
exp26_tcp_grid,ablationsoftmin_only__ballspeed9__maxtcp1.4__noplot__servebox,"{""--ablation"": ""softmin_only"", ""--ball-speed"": 9, ""--max-tcp"": 1.4, ""--no-plot"": null, ""--serve-box"": null}",69,False,miss,0.360811,1.950748,0.15402,20.0,0.0,1.39,0.99,1.7,0.0,0.360811,0.0,1.46,1011.0,-1.0,-99.0,
exp26_tcp_grid,ablationsoftmin_only__ballspeed9__maxtcp1.4__noplot__servebox,"{""--ablation"": ""softmin_only"", ""--ball-speed"": 9, ""--max-tcp"": 1.4, ""--no-plot"": null, ""--serve-box"": null}",70,True,active,0.108513,1.990733,0.104396,40.0,105.0,1.4,1.0,1.6,15.0,0.108513,0.914,1.46,1005.2,7.507,-6.759,
exp26_tcp_grid,ablationsoftmin_only__ballspeed9__maxtcp1.4__noplot__servebox,"{""--ablation"": ""softmin_only"", ""--ball-speed"": 9, ""--max-tcp"": 1.4, ""--no-plot"": null, ""--serve-box"": null}",72,True,active,0.064452,2.006715,0.064452,35.0,105.0,1.4,0.99,1.5,15.0,0.064452,1.4,1.47,1060.6,8.169,-5.731,
exp26_tcp_grid,ablationsoftmin_only__ballspeed9__maxtcp1.4__noplot__servebox,"{""--ablation"": ""softmin_only"", ""--ball-speed"": 9, ""--max-tcp"": 1.4, ""--no-plot"": null, ""--serve-box"": null}",71,True,active,0.130825,1.97947,0.130825,25.0,90.0,1.41,1.0,1.6,20.0,0.130825,1.126,1.99,1592.5,7.444,-1.847,
exp26_tcp_grid,ablationsoftmin_only__ballspeed9__maxtcp1.4__noplot__servebox,"{""--ablation"": ""softmin_only"", ""--ball-speed"": 9, ""--max-tcp"": 1.4, ""--no-plot"": null, ""--serve-box"": null}",61,True,active,0.128425,1.994478,0.121467,35.0,105.0,1.4,1.0,1.3,15.0,0.128425,1.169,2.94,2279.4,7.929,-2.656,
exp26_tcp_grid,ablationsoftmin_only__ballspeed9__maxtcp1.4__noplot__servebox,"{""--ablation"": ""softmin_only"", ""--ball-speed"": 9, ""--max-tcp"": 1.4, ""--no-plot"": null, ""--serve-box"": null}",63,True,active,0.073653,1.976008,0.056139,45.0,105.0,1.41,1.0,1.1,20.0,0.073653,1.14,2.82,2028.4,7.947,-4.656,
exp26_tcp_grid,ablationsoftmin_only__ballspeed9__maxtcp1.4__noplot__servebox,"{""--ablation"": ""softmin_only"", ""--ball-speed"": 9, ""--max-tcp"": 1.4, ""--no-plot"": null, ""--serve-box"": null}",75,True,active,0.12734,1.946594,0.126058,35.0,105.0,1.3,0.99,1.5,5.0,0.12734,0.788,1.48,1062.1,7.856,-4.717,
exp26_tcp_grid,ablationsoftmin_only__ballspeed9__maxtcp1.4__noplot__servebox,"{""--ablation"": ""softmin_only"", ""--ball-speed"": 9, ""--max-tcp"": 1.4, ""--no-plot"": null, ""--serve-box"": null}",64,False,miss,0.360036,1.966904,0.152698,20.0,35.0,1.4,0.99,1.7,0.0,0.360036,0.0,2.91,2243.6,-1.0,-99.0,
exp26_tcp_grid,ablationsoftmin_only__ballspeed9__maxtcp1.4__noplot__servebox,"{""--ablation"": ""softmin_only"", ""--ball-speed"": 9, ""--max-tcp"": 1.4, ""--no-plot"": null, ""--serve-box"": null}",74,True,active,0.132152,1.945629,0.122278,35.0,105.0,1.4,0.99,1.7,15.0,0.132152,1.249,1.93,1512.8,7.205,-6.236,
exp26_tcp_grid,ablationsoftmin_only__ballspeed9__maxtcp1.4__noplot__servebox,"{""--ablation"": ""softmin_only"", ""--ball-speed"": 9, ""--max-tcp"": 1.4, ""--no-plot"": null, ""--serve-box"": null}",77,True,active,0.094156,1.908378,0.084187,40.0,105.0,1.34,1.0,1.3,15.0,0.094156,1.308,1.49,1039.9,7.387,-5.251,
exp26_tcp_grid,ablationsoftmin_only__ballspeed9__maxtcp1.4__noplot__servebox,"{""--ablation"": ""softmin_only"", ""--ball-speed"": 9, ""--max-tcp"": 1.4, ""--no-plot"": null, ""--serve-box"": null}",68,True,active,0.074582,1.923344,0.069562,45.0,105.0,1.38,1.0,1.1,5.0,0.074582,0.988,2.75,2266.2,8.018,-6.555,
exp26_tcp_grid,ablationsoftmin_only__ballspeed9__maxtcp1.4__noplot__servebox,"{""--ablation"": ""softmin_only"", ""--ball-speed"": 9, ""--max-tcp"": 1.4, ""--no-plot"": null, ""--serve-box"": null}",78,True,active,0.103708,1.946756,0.098973,35.0,105.0,1.4,0.99,1.5,20.0,0.103708,1.384,1.49,1013.1,7.389,-2.694,
exp26_tcp_grid,ablationsoftmin_only__ballspeed9__maxtcp1.4__noplot__servebox,"{""--ablation"": ""softmin_only"", ""--ball-speed"": 9, ""--max-tcp"": 1.4, ""--no-plot"": null, ""--serve-box"": null}",79,False,miss,0.353086,1.925843,0.119246,10.0,55.0,1.38,1.0,1.6,0.0,0.353086,0.0,1.45,1036.0,-1.0,-99.0,
exp26_tcp_grid,ablationsoftmin_only__ballspeed9__maxtcp1.4__noplot__servebox,"{""--ablation"": ""softmin_only"", ""--ball-speed"": 9, ""--max-tcp"": 1.4, ""--no-plot"": null, ""--serve-box"": null}",80,True,active,0.040293,1.9318,0.036894,50.0,105.0,1.4,0.98,1.7,5.0,0.040293,0.761,1.4,1020.9,6.403,-6.111,
exp26_tcp_grid,ablationsoftmin_only__ballspeed9__maxtcp1.4__noplot__servebox,"{""--ablation"": ""softmin_only"", ""--ball-speed"": 9, ""--max-tcp"": 1.4, ""--no-plot"": null, ""--serve-box"": null}",73,False,miss,0.366159,1.95589,0.186193,0.0,0.0,1.39,1.0,1.4,0.0,0.366159,0.0,2.65,1933.0,-1.0,-99.0,
exp26_tcp_grid,ablationsoftmin_only__ballspeed9__maxtcp1.4__noplot__servebox,"{""--ablation"": ""softmin_only"", ""--ball-speed"": 9, ""--max-tcp"": 1.4, ""--no-plot"": null, ""--serve-box"": null}",83,True,active,0.144236,1.984037,0.134562,40.0,105.0,1.4,1.0,1.6,10.0,0.144236,1.401,1.43,1061.7,8.635,-6.649,
exp26_tcp_grid,ablationsoftmin_only__ballspeed9__maxtcp1.4__noplot__servebox,"{""--ablation"": ""softmin_only"", ""--ball-speed"": 9, ""--max-tcp"": 1.4, ""--no-plot"": null, ""--serve-box"": null}",81,True,active,0.081416,1.987832,0.081416,40.0,105.0,1.38,1.0,1.6,15.0,0.081416,1.079,1.67,1221.9,7.415,-4.324,
exp26_tcp_grid,ablationsoftmin_only__ballspeed9__maxtcp1.4__noplot__servebox,"{""--ablation"": ""softmin_only"", ""--ball-speed"": 9, ""--max-tcp"": 1.4, ""--no-plot"": null, ""--serve-box"": null}",82,True,active,0.11749,1.963542,0.116132,30.0,105.0,1.42,1.0,1.5,15.0,0.11749,1.183,2.09,1635.2,7.696,-0.982,
exp26_tcp_grid,ablationsoftmin_only__ballspeed9__maxtcp1.4__noplot__servebox,"{""--ablation"": ""softmin_only"", ""--ball-speed"": 9, ""--max-tcp"": 1.4, ""--no-plot"": null, ""--serve-box"": null}",86,True,active,0.093838,1.952317,0.089567,40.0,105.0,1.41,0.98,1.5,15.0,0.093838,1.324,1.51,1065.8,7.178,-3.502,
exp26_tcp_grid,ablationsoftmin_only__ballspeed9__maxtcp1.4__noplot__servebox,"{""--ablation"": ""softmin_only"", ""--ball-speed"": 9, ""--max-tcp"": 1.4, ""--no-plot"": null, ""--serve-box"": null}",76,True,active,0.091374,1.904882,0.081477,0.0,0.0,1.39,0.98,1.7,15.0,0.091374,1.281,2.87,2230.3,7.703,1.677,
exp26_tcp_grid,ablationsoftmin_only__ballspeed9__maxtcp1.4__noplot__servebox,"{""--ablation"": ""softmin_only"", ""--ball-speed"": 9, ""--max-tcp"": 1.4, ""--no-plot"": null, ""--serve-box"": null}",88,True,active,0.131427,1.984111,0.12697,35.0,105.0,1.41,1.0,1.6,15.0,0.131427,1.302,1.48,1044.6,7.893,-4.073,
exp26_tcp_grid,ablationsoftmin_only__ballspeed9__maxtcp1.4__noplot__servebox,"{""--ablation"": ""softmin_only"", ""--ball-speed"": 9, ""--max-tcp"": 1.4, ""--no-plot"": null, ""--serve-box"": null}",90,True,active,0.10717,1.983569,0.106525,40.0,105.0,1.41,1.0,1.4,15.0,0.10717,1.222,1.42,1028.7,7.627,-6.856,
exp26_tcp_grid,ablationsoftmin_only__ballspeed9__maxtcp1.4__noplot__servebox,"{""--ablation"": ""softmin_only"", ""--ball-speed"": 9, ""--max-tcp"": 1.4, ""--no-plot"": null, ""--serve-box"": null}",89,True,active,0.109583,1.934758,0.102245,35.0,105.0,1.4,0.98,1.5,15.0,0.109583,1.338,1.5,1058.8,7.364,-4.261,
exp26_tcp_grid,ablationsoftmin_only__ballspeed9__maxtcp1.4__noplot__servebox,"{""--ablation"": ""softmin_only"", ""--ball-speed"": 9, ""--max-tcp"": 1.4, ""--no-plot"": null, ""--serve-box"": null}",92,True,active,0.139516,1.963285,0.124083,35.0,60.0,1.41,0.99,1.6,20.0,0.139516,1.292,1.51,1092.2,7.986,-2.8,
exp26_tcp_grid,ablationsoftmin_only__ballspeed9__maxtcp1.4__noplot__servebox,"{""--ablation"": ""softmin_only"", ""--ball-speed"": 9, ""--max-tcp"": 1.4, ""--no-plot"": null, ""--serve-box"": null}",95,True,active,0.100961,1.982754,0.077446,40.0,105.0,1.41,0.96,1.3,20.0,0.100961,1.38,1.49,1078.6,6.811,-0.515,
exp26_tcp_grid,ablationsoftmin_only__ballspeed9__maxtcp1.4__noplot__servebox,"{""--ablation"": ""softmin_only"", ""--ball-speed"": 9, ""--max-tcp"": 1.4, ""--no-plot"": null, ""--serve-box"": null}",97,False,miss,0.380347,1.956203,0.153807,20.0,25.0,1.4,1.0,1.4,0.0,0.380347,0.0,1.61,1227.4,-1.0,-99.0,
exp26_tcp_grid,ablationsoftmin_only__ballspeed9__maxtcp1.4__noplot__servebox,"{""--ablation"": ""softmin_only"", ""--ball-speed"": 9, ""--max-tcp"": 1.4, ""--no-plot"": null, ""--serve-box"": null}",96,True,active,0.110273,1.978548,0.09938,35.0,105.0,1.4,0.99,1.3,15.0,0.110273,1.374,2.0,1380.7,7.323,-4.375,
exp26_tcp_grid,ablationsoftmin_only__ballspeed9__maxtcp1.4__noplot__servebox,"{""--ablation"": ""softmin_only"", ""--ball-speed"": 9, ""--max-tcp"": 1.4, ""--no-plot"": null, ""--serve-box"": null}",98,True,active,0.091107,1.921816,0.042131,0.0,5.0,1.4,0.99,1.4,20.0,0.091107,1.377,1.52,1139.6,8.138,-0.364,
exp26_tcp_grid,ablationsoftmin_only__ballspeed9__maxtcp1.4__noplot__servebox,"{""--ablation"": ""softmin_only"", ""--ball-speed"": 9, ""--max-tcp"": 1.4, ""--no-plot"": null, ""--serve-box"": null}",84,True,active,0.090307,1.932728,0.069649,45.0,105.0,1.4,1.0,1.5,20.0,0.090307,1.385,3.02,2289.0,7.402,-4.969,
exp26_tcp_grid,ablationsoftmin_only__ballspeed9__maxtcp1.4__noplot__servebox,"{""--ablation"": ""softmin_only"", ""--ball-speed"": 9, ""--max-tcp"": 1.4, ""--no-plot"": null, ""--serve-box"": null}",87,True,active,0.138238,1.939226,0.110745,45.0,95.0,1.4,0.99,1.5,15.0,0.138238,1.199,2.85,2220.2,7.646,-4.99,
exp26_tcp_grid,ablationsoftmin_only__ballspeed9__maxtcp1.4__noplot__servebox,"{""--ablation"": ""softmin_only"", ""--ball-speed"": 9, ""--max-tcp"": 1.4, ""--no-plot"": null, ""--serve-box"": null}",85,True,active,0.121615,1.930811,0.109399,45.0,105.0,1.41,1.0,1.5,5.0,0.121615,1.018,3.12,2268.0,8.505,-7.58,
exp26_tcp_grid,ablationsoftmin_only__ballspeed9__maxtcp1.4__noplot__servebox,"{""--ablation"": ""softmin_only"", ""--ball-speed"": 9, ""--max-tcp"": 1.4, ""--no-plot"": null, ""--serve-box"": null}",100,True,active,0.140564,1.969122,0.121103,45.0,105.0,1.42,1.0,1.7,15.0,0.140564,1.415,1.48,1051.1,7.727,-6.887,
exp26_tcp_grid,ablationsoftmin_only__ballspeed9__maxtcp1.4__noplot__servebox,"{""--ablation"": ""softmin_only"", ""--ball-speed"": 9, ""--max-tcp"": 1.4, ""--no-plot"": null, ""--serve-box"": null}",94,True,active,0.112779,1.973707,0.101568,0.0,0.0,1.41,0.98,1.4,20.0,0.112779,1.328,2.62,1957.3,8.04,1.655,
exp26_tcp_grid,ablationsoftmin_only__ballspeed9__maxtcp1.4__noplot__servebox,"{""--ablation"": ""softmin_only"", ""--ball-speed"": 9, ""--max-tcp"": 1.4, ""--no-plot"": null, ""--serve-box"": null}",99,False,miss,0.382594,1.965447,0.14391,25.0,50.0,1.41,1.0,1.4,0.0,0.382594,0.0,1.61,1025.4,-1.0,-99.0,
exp26_tcp_grid,ablationnone__ballspeed9__maxtcp1.4__noplot__servebox,"{""--ablation"": ""none"", ""--ball-speed"": 9, ""--max-tcp"": 1.4, ""--no-plot"": null, ""--serve-box"": null}",1,True,active,0.034214,1.935593,0.022251,0.0,0.0,1.38,1.0,1.3,15.0,0.034214,1.312,1.55,1126.9,7.736,-0.126,
exp26_tcp_grid,ablationnone__ballspeed9__maxtcp1.4__noplot__servebox,"{""--ablation"": ""none"", ""--ball-speed"": 9, ""--max-tcp"": 1.4, ""--no-plot"": null, ""--serve-box"": null}",3,True,active,0.098704,1.948672,0.048121,0.0,0.0,1.4,1.0,1.6,20.0,0.098704,1.368,1.39,1042.9,8.328,1.604,
exp26_tcp_grid,ablationsoftmin_only__ballspeed9__maxtcp1.4__noplot__servebox,"{""--ablation"": ""softmin_only"", ""--ball-speed"": 9, ""--max-tcp"": 1.4, ""--no-plot"": null, ""--serve-box"": null}",93,True,active,0.121637,1.95058,0.118995,35.0,105.0,1.4,0.99,1.4,15.0,0.121637,1.394,2.93,2257.8,7.454,-5.665,
exp26_tcp_grid,ablationnone__ballspeed9__maxtcp1.4__noplot__servebox,"{""--ablation"": ""none"", ""--ball-speed"": 9, ""--max-tcp"": 1.4, ""--no-plot"": null, ""--serve-box"": null}",4,True,active,0.113372,1.942406,0.073817,45.0,0.0,1.27,1.0,1.1,10.0,0.113372,0.731,1.46,1065.8,7.509,-1.773,
exp26_tcp_grid,ablationnone__ballspeed9__maxtcp1.4__noplot__servebox,"{""--ablation"": ""none"", ""--ball-speed"": 9, ""--max-tcp"": 1.4, ""--no-plot"": null, ""--serve-box"": null}",2,True,active,0.103915,1.964717,0.074076,40.0,0.0,1.38,0.99,1.0,15.0,0.103915,0.927,1.62,1147.6,7.523,-3.49,
exp26_tcp_grid,ablationsoftmin_only__ballspeed9__maxtcp1.4__noplot__servebox,"{""--ablation"": ""softmin_only"", ""--ball-speed"": 9, ""--max-tcp"": 1.4, ""--no-plot"": null, ""--serve-box"": null}",91,True,passive,0.013651,1.988659,0.013651,45.0,105.0,1.39,0.99,1.5,0.0,0.013651,0.273,3.02,2260.7,6.765,-5.393,
exp26_tcp_grid,ablationnone__ballspeed9__maxtcp1.4__noplot__servebox,"{""--ablation"": ""none"", ""--ball-speed"": 9, ""--max-tcp"": 1.4, ""--no-plot"": null, ""--serve-box"": null}",20,,,,,,,,,,,,,,0.22,,,,no_result
exp26_tcp_grid,ablationnone__ballspeed9__maxtcp1.4__noplot__servebox,"{""--ablation"": ""none"", ""--ball-speed"": 9, ""--max-tcp"": 1.4, ""--no-plot"": null, ""--serve-box"": null}",21,,,,,,,,,,,,,,0.18,,,,no_result
exp26_tcp_grid,ablationnone__ballspeed9__maxtcp1.4__noplot__servebox,"{""--ablation"": ""none"", ""--ball-speed"": 9, ""--max-tcp"": 1.4, ""--no-plot"": null, ""--serve-box"": null}",5,False,miss,0.302049,1.95578,0.094482,0.0,0.0,1.37,1.0,1.2,0.0,0.302049,0.0,1.76,1452.1,-1.0,-99.0,
exp26_tcp_grid,ablationnone__ballspeed9__maxtcp1.4__noplot__servebox,"{""--ablation"": ""none"", ""--ball-speed"": 9, ""--max-tcp"": 1.4, ""--no-plot"": null, ""--serve-box"": null}",6,True,active,0.055797,1.944985,0.047722,45.0,0.0,1.39,0.99,1.6,10.0,0.055797,1.36,1.75,1315.7,6.966,0.645,
exp26_tcp_grid,ablationnone__ballspeed9__maxtcp1.4__noplot__servebox,"{""--ablation"": ""none"", ""--ball-speed"": 9, ""--max-tcp"": 1.4, ""--no-plot"": null, ""--serve-box"": null}",7,True,active,0.079118,1.973504,0.019339,50.0,0.0,1.39,1.0,1.1,10.0,0.079118,1.387,1.59,1166.0,7.73,-2.007,
exp26_tcp_grid,ablationnone__ballspeed9__maxtcp1.4__noplot__servebox,"{""--ablation"": ""none"", ""--ball-speed"": 9, ""--max-tcp"": 1.4, ""--no-plot"": null, ""--serve-box"": null}",9,True,active,0.094524,1.939047,0.063607,50.0,0.0,1.28,1.0,1.3,5.0,0.094524,0.759,1.6,1169.3,7.51,-4.739,
exp26_tcp_grid,ablationnone__ballspeed9__maxtcp1.4__noplot__servebox,"{""--ablation"": ""none"", ""--ball-speed"": 9, ""--max-tcp"": 1.4, ""--no-plot"": null, ""--serve-box"": null}",13,False,miss,0.260521,1.907239,0.10309,0.0,0.0,1.39,0.98,1.2,0.0,0.260521,0.0,1.47,1090.2,-1.0,-99.0,
exp26_tcp_grid,ablationnone__ballspeed9__maxtcp1.4__noplot__servebox,"{""--ablation"": ""none"", ""--ball-speed"": 9, ""--max-tcp"": 1.4, ""--no-plot"": null, ""--serve-box"": null}",8,False,miss,0.188541,1.896539,0.178762,0.0,0.0,1.36,1.0,1.5,0.0,0.188541,0.0,1.81,1420.4,-1.0,-99.0,
exp26_tcp_grid,ablationnone__ballspeed9__maxtcp1.4__noplot__servebox,"{""--ablation"": ""none"", ""--ball-speed"": 9, ""--max-tcp"": 1.4, ""--no-plot"": null, ""--serve-box"": null}",18,True,active,0.081205,1.966628,0.026369,50.0,0.0,1.39,1.0,1.3,10.0,0.081205,1.394,1.51,1126.3,7.672,-1.085,
exp26_tcp_grid,ablationnone__ballspeed9__maxtcp1.4__noplot__servebox,"{""--ablation"": ""none"", ""--ball-speed"": 9, ""--max-tcp"": 1.4, ""--no-plot"": null, ""--serve-box"": null}",17,True,active,0.120848,1.913028,0.1121,45.0,0.0,1.38,1.0,1.5,0.0,0.120848,0.403,1.64,1084.9,6.732,-6.431,
exp26_tcp_grid,ablationnone__ballspeed9__maxtcp1.4__noplot__servebox,"{""--ablation"": ""none"", ""--ball-speed"": 9, ""--max-tcp"": 1.4, ""--no-plot"": null, ""--serve-box"": null}",19,True,active,0.094021,1.966548,0.028754,0.0,0.0,1.38,0.99,1.1,15.0,0.094021,1.355,1.85,1507.0,7.246,2.285,
exp26_tcp_grid,ablationnone__ballspeed9__maxtcp1.4__noplot__servebox,"{""--ablation"": ""none"", ""--ball-speed"": 9, ""--max-tcp"": 1.4, ""--no-plot"": null, ""--serve-box"": null}",22,True,active,0.0618,1.910332,0.026991,0.0,0.0,1.39,0.99,1.2,15.0,0.0618,1.303,1.56,1107.4,7.96,1.58,
exp26_tcp_grid,ablationnone__ballspeed9__maxtcp1.4__noplot__servebox,"{""--ablation"": ""none"", ""--ball-speed"": 9, ""--max-tcp"": 1.4, ""--no-plot"": null, ""--serve-box"": null}",23,True,active,0.107985,1.938745,0.10616,35.0,0.0,1.32,0.99,1.4,10.0,0.107985,1.302,1.5,1160.2,7.448,-5.18,
exp26_tcp_grid,ablationnone__ballspeed9__maxtcp1.4__noplot__servebox,"{""--ablation"": ""none"", ""--ball-speed"": 9, ""--max-tcp"": 1.4, ""--no-plot"": null, ""--serve-box"": null}",24,True,active,0.092755,1.962074,0.078531,50.0,0.0,1.39,0.99,1.3,10.0,0.092755,0.965,1.51,1197.6,6.055,-2.114,
exp26_tcp_grid,ablationnone__ballspeed9__maxtcp1.4__noplot__servebox,"{""--ablation"": ""none"", ""--ball-speed"": 9, ""--max-tcp"": 1.4, ""--no-plot"": null, ""--serve-box"": null}",10,True,active,0.0661,1.958027,0.030557,50.0,0.0,1.39,1.0,1.2,10.0,0.0661,1.353,2.9,2330.5,7.212,0.204,
exp26_tcp_grid,ablationnone__ballspeed9__maxtcp1.4__noplot__servebox,"{""--ablation"": ""none"", ""--ball-speed"": 9, ""--max-tcp"": 1.4, ""--no-plot"": null, ""--serve-box"": null}",25,True,passive,0.139862,1.89696,0.138008,0.0,0.0,1.38,1.0,1.5,10.0,0.139862,0.096,1.53,1169.9,8.173,1.431,
exp26_tcp_grid,ablationnone__ballspeed9__maxtcp1.4__noplot__servebox,"{""--ablation"": ""none"", ""--ball-speed"": 9, ""--max-tcp"": 1.4, ""--no-plot"": null, ""--serve-box"": null}",26,True,active,0.064139,1.958626,0.031385,0.0,0.0,1.39,0.99,1.2,20.0,0.064139,1.358,1.43,1080.5,8.446,-0.216,
exp26_tcp_grid,ablationnone__ballspeed9__maxtcp1.4__noplot__servebox,"{""--ablation"": ""none"", ""--ball-speed"": 9, ""--max-tcp"": 1.4, ""--no-plot"": null, ""--serve-box"": null}",12,True,active,0.080329,1.950899,0.038645,0.0,0.0,1.33,1.0,1.4,15.0,0.080329,0.951,2.91,2316.9,7.664,0.347,
exp26_tcp_grid,ablationnone__ballspeed9__maxtcp1.4__noplot__servebox,"{""--ablation"": ""none"", ""--ball-speed"": 9, ""--max-tcp"": 1.4, ""--no-plot"": null, ""--serve-box"": null}",27,True,active,0.011992,1.936815,0.011992,45.0,0.0,1.37,1.0,1.5,5.0,0.011992,0.792,1.57,1170.0,6.803,-2.17,
exp26_tcp_grid,ablationnone__ballspeed9__maxtcp1.4__noplot__servebox,"{""--ablation"": ""none"", ""--ball-speed"": 9, ""--max-tcp"": 1.4, ""--no-plot"": null, ""--serve-box"": null}",11,True,active,0.109392,1.87789,0.107896,35.0,0.0,1.38,0.99,1.2,10.0,0.109392,0.809,3.11,2382.4,7.539,-4.683,
exp26_tcp_grid,ablationnone__ballspeed9__maxtcp1.4__noplot__servebox,"{""--ablation"": ""none"", ""--ball-speed"": 9, ""--max-tcp"": 1.4, ""--no-plot"": null, ""--serve-box"": null}",14,True,active,0.103945,1.951178,0.070166,45.0,0.0,1.35,1.0,1.6,10.0,0.103945,1.209,3.04,2372.0,7.742,-2.427,
exp26_tcp_grid,ablationnone__ballspeed9__maxtcp1.4__noplot__servebox,"{""--ablation"": ""none"", ""--ball-speed"": 9, ""--max-tcp"": 1.4, ""--no-plot"": null, ""--serve-box"": null}",15,True,active,0.103381,1.938481,0.057332,55.0,0.0,1.39,1.0,1.0,10.0,0.103381,0.535,3.01,2303.7,7.336,-1.372,
exp26_tcp_grid,ablationnone__ballspeed9__maxtcp1.4__noplot__servebox,"{""--ablation"": ""none"", ""--ball-speed"": 9, ""--max-tcp"": 1.4, ""--no-plot"": null, ""--serve-box"": null}",28,False,miss,0.302618,1.985494,0.107416,0.0,0.0,1.39,0.98,1.0,0.0,0.302618,0.0,1.64,1269.8,-1.0,-99.0,
exp26_tcp_grid,ablationnone__ballspeed9__maxtcp1.4__noplot__servebox,"{""--ablation"": ""none"", ""--ball-speed"": 9, ""--max-tcp"": 1.4, ""--no-plot"": null, ""--serve-box"": null}",16,True,active,0.023833,1.978718,0.023833,0.0,0.0,1.84,0.95,1.4,15.0,0.023833,1.35,3.03,2324.0,7.825,0.694,
exp26_tcp_grid,ablationnone__ballspeed9__maxtcp1.4__noplot__servebox,"{""--ablation"": ""none"", ""--ball-speed"": 9, ""--max-tcp"": 1.4, ""--no-plot"": null, ""--serve-box"": null}",30,False,miss,0.311765,1.98978,0.106569,0.0,0.0,1.39,0.99,1.3,0.0,0.311765,0.0,1.64,1236.3,-1.0,-99.0,
exp26_tcp_grid,ablationnone__ballspeed9__maxtcp1.4__noplot__servebox,"{""--ablation"": ""none"", ""--ball-speed"": 9, ""--max-tcp"": 1.4, ""--no-plot"": null, ""--serve-box"": null}",32,True,active,0.103773,1.918402,0.077763,50.0,0.0,1.26,1.0,1.2,5.0,0.103773,0.388,1.7,1340.5,7.544,-3.579,
exp26_tcp_grid,ablationnone__ballspeed9__maxtcp1.4__noplot__servebox,"{""--ablation"": ""none"", ""--ball-speed"": 9, ""--max-tcp"": 1.4, ""--no-plot"": null, ""--serve-box"": null}",29,True,active,0.038669,1.839362,0.038669,45.0,0.0,1.36,0.99,1.8,0.0,0.038669,0.537,2.18,1539.3,6.272,-6.213,
exp26_tcp_grid,ablationnone__ballspeed9__maxtcp1.4__noplot__servebox,"{""--ablation"": ""none"", ""--ball-speed"": 9, ""--max-tcp"": 1.4, ""--no-plot"": null, ""--serve-box"": null}",31,False,miss,0.31925,1.929066,0.214906,0.0,0.0,1.12,0.99,1.3,0.0,0.31925,0.0,1.94,1301.4,-1.0,-99.0,
exp26_tcp_grid,ablationnone__ballspeed9__maxtcp1.4__noplot__servebox,"{""--ablation"": ""none"", ""--ball-speed"": 9, ""--max-tcp"": 1.4, ""--no-plot"": null, ""--serve-box"": null}",34,True,active,0.102874,1.951026,0.057783,45.0,0.0,1.19,1.0,1.2,10.0,0.102874,0.811,1.5,1136.8,7.629,-1.22,
exp26_tcp_grid,ablationnone__ballspeed9__maxtcp1.4__noplot__servebox,"{""--ablation"": ""none"", ""--ball-speed"": 9, ""--max-tcp"": 1.4, ""--no-plot"": null, ""--serve-box"": null}",37,True,active,0.084116,1.98817,0.039884,0.0,0.0,1.39,1.0,1.6,15.0,0.084116,1.376,1.49,1112.8,7.793,0.51,
exp26_tcp_grid,ablationnone__ballspeed9__maxtcp1.4__noplot__servebox,"{""--ablation"": ""none"", ""--ball-speed"": 9, ""--max-tcp"": 1.4, ""--no-plot"": null, ""--serve-box"": null}",35,False,miss,0.316662,1.903572,0.122283,0.0,0.0,1.31,0.99,1.6,0.0,0.316662,0.0,1.62,1254.3,-1.0,-99.0,
exp26_tcp_grid,ablationnone__ballspeed9__maxtcp1.4__noplot__servebox,"{""--ablation"": ""none"", ""--ball-speed"": 9, ""--max-tcp"": 1.4, ""--no-plot"": null, ""--serve-box"": null}",43,False,miss,0.330765,1.908719,0.137249,25.0,0.0,1.39,0.96,1.7,0.0,0.330765,0.0,1.5,1081.0,-1.0,-99.0,
exp26_tcp_grid,ablationnone__ballspeed9__maxtcp1.4__noplot__servebox,"{""--ablation"": ""none"", ""--ball-speed"": 9, ""--max-tcp"": 1.4, ""--no-plot"": null, ""--serve-box"": null}",40,True,active,0.05636,1.970972,0.041528,50.0,0.0,1.39,0.99,1.3,10.0,0.05636,1.355,1.94,1545.9,6.615,-2.654,
exp26_tcp_grid,ablationnone__ballspeed9__maxtcp1.4__noplot__servebox,"{""--ablation"": ""none"", ""--ball-speed"": 9, ""--max-tcp"": 1.4, ""--no-plot"": null, ""--serve-box"": null}",39,True,active,0.102079,1.898507,0.096614,40.0,0.0,1.39,1.0,1.4,5.0,0.102079,0.523,2.02,1313.9,7.477,-5.037,
exp26_tcp_grid,ablationnone__ballspeed9__maxtcp1.4__noplot__servebox,"{""--ablation"": ""none"", ""--ball-speed"": 9, ""--max-tcp"": 1.4, ""--no-plot"": null, ""--serve-box"": null}",45,True,active,0.076166,1.973287,0.026835,50.0,0.0,1.4,1.0,1.4,10.0,0.076166,1.372,1.54,1215.2,7.422,-1.801,
exp26_tcp_grid,ablationnone__ballspeed9__maxtcp1.4__noplot__servebox,"{""--ablation"": ""none"", ""--ball-speed"": 9, ""--max-tcp"": 1.4, ""--no-plot"": null, ""--serve-box"": null}",33,True,active,0.125045,1.950037,0.087253,45.0,0.0,1.35,1.0,1.4,10.0,0.125045,0.563,2.9,2344.3,7.424,0.14,
exp26_tcp_grid,ablationnone__ballspeed9__maxtcp1.4__noplot__servebox,"{""--ablation"": ""none"", ""--ball-speed"": 9, ""--max-tcp"": 1.4, ""--no-plot"": null, ""--serve-box"": null}",36,True,active,0.119603,1.960268,0.104265,40.0,0.0,1.25,1.0,1.1,5.0,0.119603,0.702,2.54,1958.5,8.251,-4.429,
exp26_tcp_grid,ablationnone__ballspeed9__maxtcp1.4__noplot__servebox,"{""--ablation"": ""none"", ""--ball-speed"": 9, ""--max-tcp"": 1.4, ""--no-plot"": null, ""--serve-box"": null}",47,True,active,0.065723,1.877404,0.065723,40.0,0.0,1.38,1.0,1.3,5.0,0.065723,0.936,1.45,1077.5,7.981,-5.286,
exp26_tcp_grid,ablationnone__ballspeed9__maxtcp1.4__noplot__servebox,"{""--ablation"": ""none"", ""--ball-speed"": 9, ""--max-tcp"": 1.4, ""--no-plot"": null, ""--serve-box"": null}",46,True,active,0.006927,1.945795,0.006927,45.0,0.0,1.29,0.98,1.5,5.0,0.006927,0.358,1.52,1072.1,6.841,-4.242,
exp26_tcp_grid,ablationnone__ballspeed9__maxtcp1.4__noplot__servebox,"{""--ablation"": ""none"", ""--ball-speed"": 9, ""--max-tcp"": 1.4, ""--no-plot"": null, ""--serve-box"": null}",41,True,passive,0.094967,1.937083,0.094967,40.0,0.0,1.4,0.99,1.7,5.0,0.094967,0.271,2.44,1675.6,7.77,-4.427,
exp26_tcp_grid,ablationnone__ballspeed9__maxtcp1.4__noplot__servebox,"{""--ablation"": ""none"", ""--ball-speed"": 9, ""--max-tcp"": 1.4, ""--no-plot"": null, ""--serve-box"": null}",42,True,active,0.063957,1.934816,0.050344,15.0,0.0,1.3,1.0,1.5,15.0,0.063957,0.635,2.45,1699.3,7.781,-1.316,
exp26_tcp_grid,ablationnone__ballspeed9__maxtcp1.4__noplot__servebox,"{""--ablation"": ""none"", ""--ball-speed"": 9, ""--max-tcp"": 1.4, ""--no-plot"": null, ""--serve-box"": null}",48,True,active,0.102985,1.954129,0.057188,45.0,0.0,1.22,1.0,1.2,5.0,0.102985,0.757,1.49,1107.5,7.425,-0.99,
exp26_tcp_grid,ablationnone__ballspeed9__maxtcp1.4__noplot__servebox,"{""--ablation"": ""none"", ""--ball-speed"": 9, ""--max-tcp"": 1.4, ""--no-plot"": null, ""--serve-box"": null}",49,True,active,0.096942,1.966799,0.089956,40.0,0.0,1.4,0.99,1.7,10.0,0.096942,1.261,1.73,1134.2,7.949,-4.349,
exp26_tcp_grid,ablationnone__ballspeed9__maxtcp1.4__noplot__servebox,"{""--ablation"": ""none"", ""--ball-speed"": 9, ""--max-tcp"": 1.4, ""--no-plot"": null, ""--serve-box"": null}",50,True,active,0.064745,1.955547,0.064745,5.0,0.0,1.39,1.0,1.6,15.0,0.064745,1.384,1.6,1076.6,7.098,0.074,
exp26_tcp_grid,ablationnone__ballspeed9__maxtcp1.4__noplot__servebox,"{""--ablation"": ""none"", ""--ball-speed"": 9, ""--max-tcp"": 1.4, ""--no-plot"": null, ""--serve-box"": null}",38,True,active,0.090646,1.954148,0.051676,50.0,0.0,1.27,0.99,1.3,10.0,0.090646,1.155,3.0,2337.5,7.746,-3.44,
exp26_tcp_grid,ablationnone__ballspeed9__maxtcp1.4__noplot__servebox,"{""--ablation"": ""none"", ""--ball-speed"": 9, ""--max-tcp"": 1.4, ""--no-plot"": null, ""--serve-box"": null}",44,True,active,0.085474,1.914849,0.085474,0.0,0.0,1.39,0.99,1.7,15.0,0.085474,1.317,3.01,2373.0,7.83,2.55,
exp26_tcp_grid,ablationnone__ballspeed9__maxtcp1.4__noplot__servebox,"{""--ablation"": ""none"", ""--ball-speed"": 9, ""--max-tcp"": 1.4, ""--no-plot"": null, ""--serve-box"": null}",51,True,active,0.110564,1.9601,0.057858,45.0,0.0,1.35,1.0,1.3,15.0,0.110564,1.249,2.19,1617.2,7.385,-1.885,
exp26_tcp_grid,ablationnone__ballspeed9__maxtcp1.4__noplot__servebox,"{""--ablation"": ""none"", ""--ball-speed"": 9, ""--max-tcp"": 1.4, ""--no-plot"": null, ""--serve-box"": null}",54,True,active,0.055024,1.974651,0.054064,0.0,0.0,1.39,0.99,1.4,20.0,0.055024,0.941,1.49,1123.3,8.276,2.961,
exp26_tcp_grid,ablationnone__ballspeed9__maxtcp1.4__noplot__servebox,"{""--ablation"": ""none"", ""--ball-speed"": 9, ""--max-tcp"": 1.4, ""--no-plot"": null, ""--serve-box"": null}",55,False,miss,0.295703,1.959828,0.113366,35.0,0.0,1.26,0.99,1.1,0.0,0.295703,0.0,1.49,1124.9,-1.0,-99.0,
exp26_tcp_grid,ablationnone__ballspeed9__maxtcp1.4__noplot__servebox,"{""--ablation"": ""none"", ""--ball-speed"": 9, ""--max-tcp"": 1.4, ""--no-plot"": null, ""--serve-box"": null}",59,True,active,0.060313,1.943651,0.050923,0.0,0.0,1.39,0.98,1.2,20.0,0.060313,1.135,1.5,1119.4,7.577,1.752,
exp26_tcp_grid,ablationnone__ballspeed9__maxtcp1.4__noplot__servebox,"{""--ablation"": ""none"", ""--ball-speed"": 9, ""--max-tcp"": 1.4, ""--no-plot"": null, ""--serve-box"": null}",58,True,active,0.089674,1.866225,0.087033,45.0,0.0,1.17,0.99,1.2,5.0,0.089674,0.796,1.56,1118.7,6.234,-4.692,
exp26_tcp_grid,ablationnone__ballspeed9__maxtcp1.4__noplot__servebox,"{""--ablation"": ""none"", ""--ball-speed"": 9, ""--max-tcp"": 1.4, ""--no-plot"": null, ""--serve-box"": null}",52,False,miss,0.305231,1.930324,0.134925,10.0,0.0,0.97,1.0,1.0,0.0,0.305231,0.0,2.4,1838.6,-1.0,-99.0,
exp26_tcp_grid,ablationnone__ballspeed9__maxtcp1.4__noplot__servebox,"{""--ablation"": ""none"", ""--ball-speed"": 9, ""--max-tcp"": 1.4, ""--no-plot"": null, ""--serve-box"": null}",62,True,active,0.078171,1.952326,0.065012,35.0,0.0,1.32,1.0,1.1,10.0,0.078171,1.123,1.54,1163.6,7.387,-1.382,
exp26_tcp_grid,ablationnone__ballspeed9__maxtcp1.4__noplot__servebox,"{""--ablation"": ""none"", ""--ball-speed"": 9, ""--max-tcp"": 1.4, ""--no-plot"": null, ""--serve-box"": null}",65,True,active,0.100711,1.961668,0.048656,50.0,0.0,1.28,0.99,1.2,10.0,0.100711,1.082,1.4,1045.0,8.144,-1.752,
exp26_tcp_grid,ablationnone__ballspeed9__maxtcp1.4__noplot__servebox,"{""--ablation"": ""none"", ""--ball-speed"": 9, ""--max-tcp"": 1.4, ""--no-plot"": null, ""--serve-box"": null}",61,True,active,0.116456,1.927886,0.066382,45.0,0.0,1.27,1.0,1.1,10.0,0.116456,1.087,1.77,1268.5,7.457,-2.827,
exp26_tcp_grid,ablationnone__ballspeed9__maxtcp1.4__noplot__servebox,"{""--ablation"": ""none"", ""--ball-speed"": 9, ""--max-tcp"": 1.4, ""--no-plot"": null, ""--serve-box"": null}",57,True,active,0.102399,1.988311,0.034132,50.0,0.0,1.38,0.98,1.2,15.0,0.102399,0.673,2.07,1602.4,8.024,-1.61,
exp26_tcp_grid,ablationnone__ballspeed9__maxtcp1.4__noplot__servebox,"{""--ablation"": ""none"", ""--ball-speed"": 9, ""--max-tcp"": 1.4, ""--no-plot"": null, ""--serve-box"": null}",53,True,active,0.04826,1.925252,0.04826,0.0,0.0,1.4,0.99,1.2,15.0,0.04826,0.901,2.61,2189.3,7.731,-0.958,
exp26_tcp_grid,ablationnone__ballspeed9__maxtcp1.4__noplot__servebox,"{""--ablation"": ""none"", ""--ball-speed"": 9, ""--max-tcp"": 1.4, ""--no-plot"": null, ""--serve-box"": null}",66,False,miss,0.304012,1.929817,0.137965,25.0,0.0,1.22,1.0,1.0,0.0,0.304012,0.0,1.7,1072.3,-1.0,-99.0,
exp26_tcp_grid,ablationnone__ballspeed9__maxtcp1.4__noplot__servebox,"{""--ablation"": ""none"", ""--ball-speed"": 9, ""--max-tcp"": 1.4, ""--no-plot"": null, ""--serve-box"": null}",60,False,miss,0.304284,1.930195,0.137556,25.0,0.0,1.25,1.0,1.3,0.0,0.304284,0.0,2.4,1736.6,-1.0,-99.0,
exp26_tcp_grid,ablationnone__ballspeed9__maxtcp1.4__noplot__servebox,"{""--ablation"": ""none"", ""--ball-speed"": 9, ""--max-tcp"": 1.4, ""--no-plot"": null, ""--serve-box"": null}",56,False,miss,0.298261,1.96069,0.095213,0.0,0.0,1.42,0.99,1.9,0.0,0.298261,0.0,2.74,2140.8,-1.0,-99.0,
exp26_tcp_grid,ablationnone__ballspeed9__maxtcp1.4__noplot__servebox,"{""--ablation"": ""none"", ""--ball-speed"": 9, ""--max-tcp"": 1.4, ""--no-plot"": null, ""--serve-box"": null}",68,True,active,0.094694,1.882938,0.088998,50.0,0.0,1.21,1.0,1.0,5.0,0.094694,0.571,1.46,1112.0,6.834,-4.448,
exp26_tcp_grid,ablationnone__ballspeed9__maxtcp1.4__noplot__servebox,"{""--ablation"": ""none"", ""--ball-speed"": 9, ""--max-tcp"": 1.4, ""--no-plot"": null, ""--serve-box"": null}",69,False,miss,0.286428,1.929609,0.134891,10.0,0.0,1.13,1.0,1.3,0.0,0.286428,0.0,1.52,1118.2,-1.0,-99.0,
exp26_tcp_grid,ablationnone__ballspeed9__maxtcp1.4__noplot__servebox,"{""--ablation"": ""none"", ""--ball-speed"": 9, ""--max-tcp"": 1.4, ""--no-plot"": null, ""--serve-box"": null}",63,True,active,0.073268,1.937998,0.033642,0.0,0.0,1.39,0.99,1.2,20.0,0.073268,1.384,2.7,2106.5,8.133,1.668,
exp26_tcp_grid,ablationnone__ballspeed9__maxtcp1.4__noplot__servebox,"{""--ablation"": ""none"", ""--ball-speed"": 9, ""--max-tcp"": 1.4, ""--no-plot"": null, ""--serve-box"": null}",71,True,active,0.109358,1.944408,0.06443,0.0,0.0,1.41,0.98,1.2,20.0,0.109358,1.288,1.64,1253.9,7.899,1.57,
exp26_tcp_grid,ablationnone__ballspeed9__maxtcp1.4__noplot__servebox,"{""--ablation"": ""none"", ""--ball-speed"": 9, ""--max-tcp"": 1.4, ""--no-plot"": null, ""--serve-box"": null}",74,True,active,0.104914,1.957733,0.064401,50.0,0.0,1.25,1.0,1.1,10.0,0.104914,1.253,1.41,1073.7,7.181,-3.302,
exp26_tcp_grid,ablationnone__ballspeed9__maxtcp1.4__noplot__servebox,"{""--ablation"": ""none"", ""--ball-speed"": 9, ""--max-tcp"": 1.4, ""--no-plot"": null, ""--serve-box"": null}",75,True,active,0.100578,1.892332,0.100578,35.0,0.0,1.41,1.0,1.9,5.0,0.100578,0.49,1.47,1115.3,6.624,-5.157,
exp26_tcp_grid,ablationnone__ballspeed9__maxtcp1.4__noplot__servebox,"{""--ablation"": ""none"", ""--ball-speed"": 9, ""--max-tcp"": 1.4, ""--no-plot"": null, ""--serve-box"": null}",64,True,active,0.093219,1.939911,0.036919,5.0,0.0,1.33,1.0,1.4,10.0,0.093219,1.327,3.0,2349.7,7.471,1.168,
exp26_tcp_grid,ablationnone__ballspeed9__maxtcp1.4__noplot__servebox,"{""--ablation"": ""none"", ""--ball-speed"": 9, ""--max-tcp"": 1.4, ""--no-plot"": null, ""--serve-box"": null}",76,True,active,0.076825,1.915364,0.035939,0.0,0.0,1.37,1.0,1.3,15.0,0.076825,1.34,1.51,1167.5,8.205,1.621,
exp26_tcp_grid,ablationnone__ballspeed9__maxtcp1.4__noplot__servebox,"{""--ablation"": ""none"", ""--ball-speed"": 9, ""--max-tcp"": 1.4, ""--no-plot"": null, ""--serve-box"": null}",77,True,active,0.089954,1.901866,0.089954,35.0,0.0,1.39,0.99,1.4,10.0,0.089954,0.637,1.59,1233.0,7.367,-1.335,
exp26_tcp_grid,ablationnone__ballspeed9__maxtcp1.4__noplot__servebox,"{""--ablation"": ""none"", ""--ball-speed"": 9, ""--max-tcp"": 1.4, ""--no-plot"": null, ""--serve-box"": null}",72,True,active,0.047155,1.949052,0.027142,45.0,0.0,1.37,0.99,1.3,5.0,0.047155,1.046,2.23,1643.4,7.252,-2.84,
exp26_tcp_grid,ablationnone__ballspeed9__maxtcp1.4__noplot__servebox,"{""--ablation"": ""none"", ""--ball-speed"": 9, ""--max-tcp"": 1.4, ""--no-plot"": null, ""--serve-box"": null}",67,True,active,0.067015,1.928644,0.056423,45.0,0.0,1.36,0.94,1.7,10.0,0.067015,1.313,2.82,2185.5,7.262,1.061,
exp26_tcp_grid,ablationnone__ballspeed9__maxtcp1.4__noplot__servebox,"{""--ablation"": ""none"", ""--ball-speed"": 9, ""--max-tcp"": 1.4, ""--no-plot"": null, ""--serve-box"": null}",79,False,miss,0.315945,1.941479,0.106675,0.0,0.0,1.37,0.99,1.4,0.0,0.315945,0.0,1.51,1101.3,-1.0,-99.0,
exp26_tcp_grid,ablationnone__ballspeed9__maxtcp1.4__noplot__servebox,"{""--ablation"": ""none"", ""--ball-speed"": 9, ""--max-tcp"": 1.4, ""--no-plot"": null, ""--serve-box"": null}",73,True,active,0.106444,1.95071,0.08465,0.0,0.0,1.38,0.99,1.5,20.0,0.106444,1.186,2.39,1778.4,8.126,0.06,
exp26_tcp_grid,ablationnone__ballspeed9__maxtcp1.4__noplot__servebox,"{""--ablation"": ""none"", ""--ball-speed"": 9, ""--max-tcp"": 1.4, ""--no-plot"": null, ""--serve-box"": null}",81,True,active,0.065451,1.955257,0.065451,40.0,0.0,1.38,0.99,1.1,10.0,0.065451,0.873,1.51,1068.5,6.47,-3.358,
exp26_tcp_grid,ablationnone__ballspeed9__maxtcp1.4__noplot__servebox,"{""--ablation"": ""none"", ""--ball-speed"": 9, ""--max-tcp"": 1.4, ""--no-plot"": null, ""--serve-box"": null}",82,True,active,0.118446,1.907937,0.09105,40.0,0.0,1.33,1.0,1.3,10.0,0.118446,0.732,1.72,1313.1,7.723,-3.522,
exp26_tcp_grid,ablationnone__ballspeed9__maxtcp1.4__noplot__servebox,"{""--ablation"": ""none"", ""--ball-speed"": 9, ""--max-tcp"": 1.4, ""--no-plot"": null, ""--serve-box"": null}",70,False,miss,0.299314,1.948963,0.156594,20.0,0.0,1.1,0.99,1.3,0.0,0.299314,0.0,2.94,2329.5,-1.0,-99.0,
exp26_tcp_grid,ablationnone__ballspeed9__maxtcp1.4__noplot__servebox,"{""--ablation"": ""none"", ""--ball-speed"": 9, ""--max-tcp"": 1.4, ""--no-plot"": null, ""--serve-box"": null}",80,True,active,0.141801,1.923464,0.134827,35.0,0.0,1.37,0.99,1.4,0.0,0.141801,0.595,2.15,1517.5,7.608,-7.465,
exp26_tcp_grid,ablationnone__ballspeed9__maxtcp1.4__noplot__servebox,"{""--ablation"": ""none"", ""--ball-speed"": 9, ""--max-tcp"": 1.4, ""--no-plot"": null, ""--serve-box"": null}",84,True,active,0.030596,1.932526,0.030596,15.0,0.0,1.39,1.0,1.4,15.0,0.030596,1.376,1.47,1082.9,7.16,-1.846,
exp26_tcp_grid,ablationnone__ballspeed9__maxtcp1.4__noplot__servebox,"{""--ablation"": ""none"", ""--ball-speed"": 9, ""--max-tcp"": 1.4, ""--no-plot"": null, ""--serve-box"": null}",86,True,active,0.095393,1.9821,0.028354,40.0,0.0,1.41,0.99,1.2,15.0,0.095393,1.396,1.44,1084.2,7.647,-0.551,
exp26_tcp_grid,ablationnone__ballspeed9__maxtcp1.4__noplot__servebox,"{""--ablation"": ""none"", ""--ball-speed"": 9, ""--max-tcp"": 1.4, ""--no-plot"": null, ""--serve-box"": null}",85,True,active,0.123981,1.932811,0.111102,35.0,0.0,1.39,0.99,1.6,5.0,0.123981,0.304,1.56,1121.9,7.752,-2.717,
exp26_tcp_grid,ablationnone__ballspeed9__maxtcp1.4__noplot__servebox,"{""--ablation"": ""none"", ""--ball-speed"": 9, ""--max-tcp"": 1.4, ""--no-plot"": null, ""--serve-box"": null}",89,True,active,0.107249,1.9096,0.079602,50.0,0.0,1.39,0.96,1.0,10.0,0.107249,0.696,1.48,1154.8,6.885,-2.33,
exp26_tcp_grid,ablationnone__ballspeed9__maxtcp1.4__noplot__servebox,"{""--ablation"": ""none"", ""--ball-speed"": 9, ""--max-tcp"": 1.4, ""--no-plot"": null, ""--serve-box"": null}",78,True,active,0.09085,1.926911,0.028804,35.0,0.0,1.23,1.0,1.2,15.0,0.09085,1.113,2.84,2265.9,8.033,-0.788,
exp26_tcp_grid,ablationnone__ballspeed9__maxtcp1.4__noplot__servebox,"{""--ablation"": ""none"", ""--ball-speed"": 9, ""--max-tcp"": 1.4, ""--no-plot"": null, ""--serve-box"": null}",90,True,active,0.068128,1.928868,0.068128,40.0,0.0,1.38,0.99,1.4,10.0,0.068128,1.089,1.46,1080.9,7.232,-4.779,
exp26_tcp_grid,ablationnone__ballspeed9__maxtcp1.4__noplot__servebox,"{""--ablation"": ""none"", ""--ball-speed"": 9, ""--max-tcp"": 1.4, ""--no-plot"": null, ""--serve-box"": null}",93,True,active,0.090237,1.952096,0.080451,40.0,0.0,1.4,0.96,1.4,10.0,0.090237,1.394,1.48,1050.3,7.936,-4.544,
exp26_tcp_grid,ablationnone__ballspeed9__maxtcp1.4__noplot__servebox,"{""--ablation"": ""none"", ""--ball-speed"": 9, ""--max-tcp"": 1.4, ""--no-plot"": null, ""--serve-box"": null}",87,True,active,0.09974,1.961315,0.028672,0.0,0.0,1.34,1.0,1.7,15.0,0.09974,1.32,2.12,1511.5,7.839,1.44,
exp26_tcp_grid,ablationnone__ballspeed9__maxtcp1.4__noplot__servebox,"{""--ablation"": ""none"", ""--ball-speed"": 9, ""--max-tcp"": 1.4, ""--no-plot"": null, ""--serve-box"": null}",94,True,active,0.085782,1.942189,0.029672,0.0,0.0,1.24,1.0,1.7,10.0,0.085782,1.143,1.46,1081.1,7.365,3.369,
exp26_tcp_grid,ablationnone__ballspeed9__maxtcp1.4__noplot__servebox,"{""--ablation"": ""none"", ""--ball-speed"": 9, ""--max-tcp"": 1.4, ""--no-plot"": null, ""--serve-box"": null}",83,True,active,0.112133,1.951472,0.105598,40.0,0.0,1.37,0.98,1.6,10.0,0.112133,1.326,2.63,2209.4,8.313,-4.597,
exp26_tcp_grid,ablationnone__ballspeed9__maxtcp1.4__noplot__servebox,"{""--ablation"": ""none"", ""--ball-speed"": 9, ""--max-tcp"": 1.4, ""--no-plot"": null, ""--serve-box"": null}",96,True,active,0.108291,1.976175,0.041287,45.0,0.0,1.41,1.0,1.2,15.0,0.108291,1.31,1.54,1152.9,7.664,-1.433,
exp26_tcp_grid,ablationnone__ballspeed9__maxtcp1.4__noplot__servebox,"{""--ablation"": ""none"", ""--ball-speed"": 9, ""--max-tcp"": 1.4, ""--no-plot"": null, ""--serve-box"": null}",92,True,active,0.124544,1.941056,0.118823,0.0,0.0,1.4,0.98,1.6,15.0,0.124544,1.335,2.11,1523.9,7.758,1.448,
exp26_tcp_grid,ablationnone__ballspeed9__maxtcp1.4__noplot__servebox,"{""--ablation"": ""none"", ""--ball-speed"": 9, ""--max-tcp"": 1.4, ""--no-plot"": null, ""--serve-box"": null}",98,True,active,0.069989,1.933344,0.030525,0.0,0.0,1.38,1.0,1.3,10.0,0.069989,1.324,1.46,1140.3,7.504,2.12,
exp26_tcp_grid,ablationnone__ballspeed9__maxtcp1.4__noplot__servebox,"{""--ablation"": ""none"", ""--ball-speed"": 9, ""--max-tcp"": 1.4, ""--no-plot"": null, ""--serve-box"": null}",88,False,miss,0.324043,1.961519,0.153913,20.0,0.0,1.4,0.99,1.7,0.0,0.324043,0.0,2.8,2213.1,-1.0,-99.0,
exp26_tcp_grid,ablationnone__ballspeed9__maxtcp1.4__noplot__servebox,"{""--ablation"": ""none"", ""--ball-speed"": 9, ""--max-tcp"": 1.4, ""--no-plot"": null, ""--serve-box"": null}",99,False,miss,0.279359,1.936677,0.115923,10.0,0.0,1.16,1.0,1.3,0.0,0.279359,0.0,1.52,1086.2,-1.0,-99.0,
exp26_tcp_grid,ablationnone__ballspeed9__maxtcp1.4__noplot__servebox,"{""--ablation"": ""none"", ""--ball-speed"": 9, ""--max-tcp"": 1.4, ""--no-plot"": null, ""--serve-box"": null}",97,True,active,0.096108,1.936248,0.075287,0.0,0.0,1.4,0.99,1.7,20.0,0.096108,1.263,1.85,1428.5,8.02,-1.134,
exp26_tcp_grid,ablationnone__ballspeed9__maxtcp1.4__noplot__servebox,"{""--ablation"": ""none"", ""--ball-speed"": 9, ""--max-tcp"": 1.4, ""--no-plot"": null, ""--serve-box"": null}",91,False,miss,0.196753,1.906955,0.142145,30.0,0.0,1.3,0.99,2.0,0.0,0.196753,0.0,2.69,2033.4,-1.0,-99.0,
exp26_tcp_grid,ablationfull__ballspeed9__maxtcp1.8__noplot__servebox,"{""--ablation"": ""full"", ""--ball-speed"": 9, ""--max-tcp"": 1.8, ""--no-plot"": null, ""--serve-box"": null}",3,True,active,0.136368,1.915636,0.123043,35.0,100.0,1.75,1.0,1.7,25.0,0.136368,1.543,1.58,1195.7,7.642,-4.993,
exp26_tcp_grid,ablationfull__ballspeed9__maxtcp1.8__noplot__servebox,"{""--ablation"": ""full"", ""--ball-speed"": 9, ""--max-tcp"": 1.8, ""--no-plot"": null, ""--serve-box"": null}",2,True,active,0.101154,1.951322,0.090046,35.0,70.0,1.79,1.0,1.8,20.0,0.101154,1.781,1.65,1283.7,6.85,1.463,
exp26_tcp_grid,ablationfull__ballspeed9__maxtcp1.8__noplot__servebox,"{""--ablation"": ""full"", ""--ball-speed"": 9, ""--max-tcp"": 1.8, ""--no-plot"": null, ""--serve-box"": null}",6,True,active,0.10185,1.949561,0.095652,35.0,105.0,1.8,0.99,1.6,20.0,0.10185,1.742,1.41,1018.1,6.169,-1.684,
exp26_tcp_grid,ablationnone__ballspeed9__maxtcp1.4__noplot__servebox,"{""--ablation"": ""none"", ""--ball-speed"": 9, ""--max-tcp"": 1.4, ""--no-plot"": null, ""--serve-box"": null}",95,True,active,0.099037,1.934738,0.050891,50.0,0.0,1.11,1.0,0.9,10.0,0.099037,0.921,2.76,2088.2,7.85,-3.398,
exp26_tcp_grid,ablationfull__ballspeed9__maxtcp1.8__noplot__servebox,"{""--ablation"": ""full"", ""--ball-speed"": 9, ""--max-tcp"": 1.8, ""--no-plot"": null, ""--serve-box"": null}",7,True,active,0.102696,1.949466,0.098637,35.0,105.0,1.78,0.99,1.7,20.0,0.102696,1.761,1.62,1222.1,7.491,-2.335,
exp26_tcp_grid,ablationfull__ballspeed9__maxtcp1.8__noplot__servebox,"{""--ablation"": ""full"", ""--ball-speed"": 9, ""--max-tcp"": 1.8, ""--no-plot"": null, ""--serve-box"": null}",9,True,active,0.137241,1.963303,0.132474,30.0,85.0,1.78,0.99,1.8,15.0,0.137241,1.756,1.43,1057.0,7.964,-4.025,
exp26_tcp_grid,ablationfull__ballspeed9__maxtcp1.8__noplot__servebox,"{""--ablation"": ""full"", ""--ball-speed"": 9, ""--max-tcp"": 1.8, ""--no-plot"": null, ""--serve-box"": null}",8,True,active,0.144057,1.957844,0.122085,35.0,105.0,1.24,1.0,1.6,0.0,0.144057,0.473,1.55,1084.6,7.43,-7.4,
exp26_tcp_grid,ablationnone__ballspeed9__maxtcp1.4__noplot__servebox,"{""--ablation"": ""none"", ""--ball-speed"": 9, ""--max-tcp"": 1.4, ""--no-plot"": null, ""--serve-box"": null}",100,False,miss,0.281967,1.916573,0.157163,25.0,0.0,1.15,1.0,1.4,0.0,0.281967,0.0,2.89,2268.8,-1.0,-99.0,
exp26_tcp_grid,ablationfull__ballspeed9__maxtcp1.8__noplot__servebox,"{""--ablation"": ""full"", ""--ball-speed"": 9, ""--max-tcp"": 1.8, ""--no-plot"": null, ""--serve-box"": null}",20,,,,,,,,,,,,,,0.2,,,,no_result
exp26_tcp_grid,ablationfull__ballspeed9__maxtcp1.8__noplot__servebox,"{""--ablation"": ""full"", ""--ball-speed"": 9, ""--max-tcp"": 1.8, ""--no-plot"": null, ""--serve-box"": null}",11,True,active,0.106181,1.903871,0.101442,40.0,105.0,1.61,0.99,1.4,10.0,0.106181,0.726,1.51,1058.7,7.399,-2.452,
exp26_tcp_grid,ablationfull__ballspeed9__maxtcp1.8__noplot__servebox,"{""--ablation"": ""full"", ""--ball-speed"": 9, ""--max-tcp"": 1.8, ""--no-plot"": null, ""--serve-box"": null}",12,True,active,0.07331,1.951965,0.07331,40.0,105.0,1.8,0.99,1.8,20.0,0.07331,1.781,1.51,1096.4,6.874,-3.78,
exp26_tcp_grid,ablationfull__ballspeed9__maxtcp1.8__noplot__servebox,"{""--ablation"": ""full"", ""--ball-speed"": 9, ""--max-tcp"": 1.8, ""--no-plot"": null, ""--serve-box"": null}",21,,,,,,,,,,,,,,0.22,,,,no_result
exp26_tcp_grid,ablationfull__ballspeed9__maxtcp1.8__noplot__servebox,"{""--ablation"": ""full"", ""--ball-speed"": 9, ""--max-tcp"": 1.8, ""--no-plot"": null, ""--serve-box"": null}",10,True,active,0.099045,1.962541,0.096678,40.0,105.0,1.8,1.0,1.6,15.0,0.099045,1.679,1.87,1470.2,8.154,-6.093,
exp26_tcp_grid,ablationfull__ballspeed9__maxtcp1.8__noplot__servebox,"{""--ablation"": ""full"", ""--ball-speed"": 9, ""--max-tcp"": 1.8, ""--no-plot"": null, ""--serve-box"": null}",5,True,active,0.102937,1.950804,0.069905,0.0,0.0,1.79,0.99,1.5,25.0,0.102937,1.599,2.53,1862.6,8.277,0.45,
exp26_tcp_grid,ablationfull__ballspeed9__maxtcp1.8__noplot__servebox,"{""--ablation"": ""full"", ""--ball-speed"": 9, ""--max-tcp"": 1.8, ""--no-plot"": null, ""--serve-box"": null}",4,True,active,0.124027,1.955262,0.109907,40.0,105.0,1.8,0.99,1.7,20.0,0.124027,1.699,2.59,1882.8,7.35,-3.77,
exp26_tcp_grid,ablationfull__ballspeed9__maxtcp1.8__noplot__servebox,"{""--ablation"": ""full"", ""--ball-speed"": 9, ""--max-tcp"": 1.8, ""--no-plot"": null, ""--serve-box"": null}",13,True,active,0.14318,1.916528,0.140801,35.0,75.0,1.14,1.0,1.4,5.0,0.14318,0.746,1.64,1206.8,8.034,-4.182,
exp26_tcp_grid,ablationfull__ballspeed9__maxtcp1.8__noplot__servebox,"{""--ablation"": ""full"", ""--ball-speed"": 9, ""--max-tcp"": 1.8, ""--no-plot"": null, ""--serve-box"": null}",1,True,active,0.06683,1.96945,0.06683,40.0,105.0,1.81,1.0,1.4,15.0,0.06683,1.633,3.05,2306.3,8.568,-5.489,
exp26_tcp_grid,ablationfull__ballspeed9__maxtcp1.8__noplot__servebox,"{""--ablation"": ""full"", ""--ball-speed"": 9, ""--max-tcp"": 1.8, ""--no-plot"": null, ""--serve-box"": null}",17,True,active,0.084584,1.933898,0.081287,45.0,105.0,1.4,1.0,1.3,5.0,0.084584,0.55,1.52,1154.5,7.026,-6.564,
exp26_tcp_grid,ablationfull__ballspeed9__maxtcp1.8__noplot__servebox,"{""--ablation"": ""full"", ""--ball-speed"": 9, ""--max-tcp"": 1.8, ""--no-plot"": null, ""--serve-box"": null}",18,True,active,0.114785,1.992625,0.114785,30.0,105.0,1.81,0.99,1.9,20.0,0.114785,1.653,1.49,1119.1,7.534,-1.991,
exp26_tcp_grid,ablationfull__ballspeed9__maxtcp1.8__noplot__servebox,"{""--ablation"": ""full"", ""--ball-speed"": 9, ""--max-tcp"": 1.8, ""--no-plot"": null, ""--serve-box"": null}",15,True,active,0.108297,1.950195,0.10011,0.0,0.0,1.77,0.98,2.1,15.0,0.108297,1.775,1.86,1439.9,7.829,1.775,
exp26_tcp_grid,ablationfull__ballspeed9__maxtcp1.8__noplot__servebox,"{""--ablation"": ""full"", ""--ball-speed"": 9, ""--max-tcp"": 1.8, ""--no-plot"": null, ""--serve-box"": null}",23,True,active,0.105769,1.94775,0.105769,35.0,105.0,1.78,0.99,1.9,15.0,0.105769,1.696,1.4,1043.0,6.884,-3.991,
exp26_tcp_grid,ablationfull__ballspeed9__maxtcp1.8__noplot__servebox,"{""--ablation"": ""full"", ""--ball-speed"": 9, ""--max-tcp"": 1.8, ""--no-plot"": null, ""--serve-box"": null}",22,True,active,0.103366,1.918018,0.064212,0.0,0.0,1.8,1.0,1.8,25.0,0.103366,1.782,1.47,1078.5,8.183,2.685,
exp26_tcp_grid,ablationfull__ballspeed9__maxtcp1.8__noplot__servebox,"{""--ablation"": ""full"", ""--ball-speed"": 9, ""--max-tcp"": 1.8, ""--no-plot"": null, ""--serve-box"": null}",25,False,miss,0.310899,1.935819,0.218241,0.0,0.0,1.1,1.0,1.4,0.0,0.310899,0.0,1.46,1019.6,-1.0,-99.0,
exp26_tcp_grid,ablationfull__ballspeed9__maxtcp1.8__noplot__servebox,"{""--ablation"": ""full"", ""--ball-speed"": 9, ""--max-tcp"": 1.8, ""--no-plot"": null, ""--serve-box"": null}",26,True,active,0.093695,1.948249,0.093695,40.0,105.0,1.8,1.0,1.6,20.0,0.093695,1.532,1.49,1033.0,7.875,-4.333,
exp26_tcp_grid,ablationfull__ballspeed9__maxtcp1.8__noplot__servebox,"{""--ablation"": ""full"", ""--ball-speed"": 9, ""--max-tcp"": 1.8, ""--no-plot"": null, ""--serve-box"": null}",14,True,active,0.085757,1.98576,0.085757,40.0,105.0,1.79,1.0,1.4,15.0,0.085757,1.757,2.97,2226.5,8.553,-7.103,
exp26_tcp_grid,ablationfull__ballspeed9__maxtcp1.8__noplot__servebox,"{""--ablation"": ""full"", ""--ball-speed"": 9, ""--max-tcp"": 1.8, ""--no-plot"": null, ""--serve-box"": null}",24,False,miss,0.31935,1.934235,0.130031,0.0,15.0,1.76,1.0,1.7,0.0,0.31935,0.0,1.86,1517.3,-1.0,-99.0,
exp26_tcp_grid,ablationfull__ballspeed9__maxtcp1.8__noplot__servebox,"{""--ablation"": ""full"", ""--ball-speed"": 9, ""--max-tcp"": 1.8, ""--no-plot"": null, ""--serve-box"": null}",29,True,active,0.106476,1.908638,0.103461,35.0,105.0,0.99,1.0,1.2,5.0,0.106476,0.363,1.64,1109.6,7.521,-7.263,
exp26_tcp_grid,ablationfull__ballspeed9__maxtcp1.8__noplot__servebox,"{""--ablation"": ""full"", ""--ball-speed"": 9, ""--max-tcp"": 1.8, ""--no-plot"": null, ""--serve-box"": null}",31,False,miss,0.355262,1.968782,0.153561,25.0,0.0,1.5,0.99,1.4,0.0,0.355262,0.0,1.51,1040.8,-1.0,-99.0,
exp26_tcp_grid,ablationfull__ballspeed9__maxtcp1.8__noplot__servebox,"{""--ablation"": ""full"", ""--ball-speed"": 9, ""--max-tcp"": 1.8, ""--no-plot"": null, ""--serve-box"": null}",16,True,active,0.065424,1.976198,0.058809,5.0,45.0,1.63,1.0,1.6,15.0,0.065424,1.347,2.97,2260.2,8.117,-0.269,
exp26_tcp_grid,ablationfull__ballspeed9__maxtcp1.8__noplot__servebox,"{""--ablation"": ""full"", ""--ball-speed"": 9, ""--max-tcp"": 1.8, ""--no-plot"": null, ""--serve-box"": null}",32,True,active,0.102337,1.943804,0.089879,45.0,105.0,1.74,1.0,1.7,15.0,0.102337,1.74,1.44,992.9,7.619,-4.877,
exp26_tcp_grid,ablationfull__ballspeed9__maxtcp1.8__noplot__servebox,"{""--ablation"": ""full"", ""--ball-speed"": 9, ""--max-tcp"": 1.8, ""--no-plot"": null, ""--serve-box"": null}",19,True,active,0.113456,1.937541,0.099306,0.0,0.0,1.78,0.99,2.0,25.0,0.113456,1.64,2.84,2192.2,7.622,1.339,
exp26_tcp_grid,ablationfull__ballspeed9__maxtcp1.8__noplot__servebox,"{""--ablation"": ""full"", ""--ball-speed"": 9, ""--max-tcp"": 1.8, ""--no-plot"": null, ""--serve-box"": null}",34,True,active,0.09099,1.983368,0.09099,30.0,105.0,1.81,1.0,1.7,20.0,0.09099,1.661,1.66,1295.0,7.812,-2.546,
exp26_tcp_grid,ablationfull__ballspeed9__maxtcp1.8__noplot__servebox,"{""--ablation"": ""full"", ""--ball-speed"": 9, ""--max-tcp"": 1.8, ""--no-plot"": null, ""--serve-box"": null}",35,True,active,0.113404,1.959309,0.104396,40.0,105.0,1.79,0.99,1.7,20.0,0.113404,1.656,1.46,1064.2,7.61,-2.695,
exp26_tcp_grid,ablationfull__ballspeed9__maxtcp1.8__noplot__servebox,"{""--ablation"": ""full"", ""--ball-speed"": 9, ""--max-tcp"": 1.8, ""--no-plot"": null, ""--serve-box"": null}",36,True,active,0.115858,1.931859,0.113812,35.0,105.0,1.79,1.0,1.8,10.0,0.115858,1.403,1.46,1080.0,7.043,-5.13,
exp26_tcp_grid,ablationfull__ballspeed9__maxtcp1.8__noplot__servebox,"{""--ablation"": ""full"", ""--ball-speed"": 9, ""--max-tcp"": 1.8, ""--no-plot"": null, ""--serve-box"": null}",28,True,active,0.101675,1.934764,0.08609,0.0,0.0,1.79,0.98,1.6,20.0,0.101675,1.745,2.72,2253.9,8.359,2.273,
exp26_tcp_grid,ablationfull__ballspeed9__maxtcp1.8__noplot__servebox,"{""--ablation"": ""full"", ""--ball-speed"": 9, ""--max-tcp"": 1.8, ""--no-plot"": null, ""--serve-box"": null}",30,True,active,0.071285,1.94592,0.051287,0.0,0.0,1.79,0.98,1.7,20.0,0.071285,1.784,2.67,2048.9,7.353,1.699,
exp26_tcp_grid,ablationfull__ballspeed9__maxtcp1.8__noplot__servebox,"{""--ablation"": ""full"", ""--ball-speed"": 9, ""--max-tcp"": 1.8, ""--no-plot"": null, ""--serve-box"": null}",37,True,active,0.139208,1.965344,0.125336,35.0,65.0,1.65,1.0,1.7,20.0,0.139208,1.298,1.61,1216.6,8.118,-3.752,
exp26_tcp_grid,ablationfull__ballspeed9__maxtcp1.8__noplot__servebox,"{""--ablation"": ""full"", ""--ball-speed"": 9, ""--max-tcp"": 1.8, ""--no-plot"": null, ""--serve-box"": null}",39,True,active,0.091562,1.913835,0.091562,40.0,105.0,1.8,0.99,2.0,10.0,0.091562,1.773,1.41,1062.9,7.635,-2.924,
exp26_tcp_grid,ablationfull__ballspeed9__maxtcp1.8__noplot__servebox,"{""--ablation"": ""full"", ""--ball-speed"": 9, ""--max-tcp"": 1.8, ""--no-plot"": null, ""--serve-box"": null}",27,True,active,0.034755,1.914821,0.034755,40.0,105.0,1.48,1.0,1.7,10.0,0.034755,0.754,3.07,2274.5,8.514,-7.145,
exp26_tcp_grid,ablationfull__ballspeed9__maxtcp1.8__noplot__servebox,"{""--ablation"": ""full"", ""--ball-speed"": 9, ""--max-tcp"": 1.8, ""--no-plot"": null, ""--serve-box"": null}",33,True,active,0.110297,1.972966,0.110297,35.0,105.0,1.79,0.98,2.0,15.0,0.110297,1.783,2.46,2048.8,7.375,-2.333,
exp26_tcp_grid,ablationfull__ballspeed9__maxtcp1.8__noplot__servebox,"{""--ablation"": ""full"", ""--ball-speed"": 9, ""--max-tcp"": 1.8, ""--no-plot"": null, ""--serve-box"": null}",41,True,active,0.056183,1.997129,0.034753,40.0,105.0,1.8,1.0,2.1,5.0,0.056183,1.348,1.5,1045.7,8.715,-3.744,
exp26_tcp_grid,ablationfull__ballspeed9__maxtcp1.8__noplot__servebox,"{""--ablation"": ""full"", ""--ball-speed"": 9, ""--max-tcp"": 1.8, ""--no-plot"": null, ""--serve-box"": null}",42,True,active,0.094913,1.966658,0.094913,35.0,105.0,1.81,1.0,1.7,20.0,0.094913,1.537,1.53,1067.0,7.231,-2.127,
exp26_tcp_grid,ablationfull__ballspeed9__maxtcp1.8__noplot__servebox,"{""--ablation"": ""full"", ""--ball-speed"": 9, ""--max-tcp"": 1.8, ""--no-plot"": null, ""--serve-box"": null}",44,True,active,0.129569,1.964779,0.121277,40.0,105.0,1.83,1.0,2.2,20.0,0.129569,1.757,1.71,1289.8,7.652,-6.637,
exp26_tcp_grid,ablationfull__ballspeed9__maxtcp1.8__noplot__servebox,"{""--ablation"": ""full"", ""--ball-speed"": 9, ""--max-tcp"": 1.8, ""--no-plot"": null, ""--serve-box"": null}",47,True,active,0.064985,1.887022,0.064985,50.0,105.0,1.52,0.98,1.6,10.0,0.064985,1.116,1.46,1028.6,7.258,-5.225,
exp26_tcp_grid,ablationfull__ballspeed9__maxtcp1.8__noplot__servebox,"{""--ablation"": ""full"", ""--ball-speed"": 9, ""--max-tcp"": 1.8, ""--no-plot"": null, ""--serve-box"": null}",48,True,active,0.105054,1.942428,0.099425,35.0,105.0,1.79,1.0,1.7,20.0,0.105054,1.749,1.41,1033.3,8.389,-6.493,
exp26_tcp_grid,ablationfull__ballspeed9__maxtcp1.8__noplot__servebox,"{""--ablation"": ""full"", ""--ball-speed"": 9, ""--max-tcp"": 1.8, ""--no-plot"": null, ""--serve-box"": null}",38,True,active,0.089332,1.985166,0.089332,30.0,105.0,1.81,1.0,1.7,20.0,0.089332,1.451,2.93,2254.0,7.253,-3.641,
exp26_tcp_grid,ablationfull__ballspeed9__maxtcp1.8__noplot__servebox,"{""--ablation"": ""full"", ""--ball-speed"": 9, ""--max-tcp"": 1.8, ""--no-plot"": null, ""--serve-box"": null}",40,True,active,0.073123,1.977508,0.073123,40.0,105.0,1.81,0.98,1.7,15.0,0.073123,1.732,2.73,2101.5,7.135,-2.207,
exp26_tcp_grid,ablationfull__ballspeed9__maxtcp1.8__noplot__servebox,"{""--ablation"": ""full"", ""--ball-speed"": 9, ""--max-tcp"": 1.8, ""--no-plot"": null, ""--serve-box"": null}",52,True,active,0.083163,1.959336,0.078353,35.0,105.0,1.8,0.99,1.5,20.0,0.083163,1.744,1.49,1091.6,7.273,-1.908,
exp26_tcp_grid,ablationfull__ballspeed9__maxtcp1.8__noplot__servebox,"{""--ablation"": ""full"", ""--ball-speed"": 9, ""--max-tcp"": 1.8, ""--no-plot"": null, ""--serve-box"": null}",49,True,active,0.09145,1.949414,0.084788,45.0,105.0,1.78,0.99,1.9,20.0,0.09145,1.743,1.64,1270.3,7.497,-5.161,
exp26_tcp_grid,ablationfull__ballspeed9__maxtcp1.8__noplot__servebox,"{""--ablation"": ""full"", ""--ball-speed"": 9, ""--max-tcp"": 1.8, ""--no-plot"": null, ""--serve-box"": null}",53,True,active,0.043132,1.938156,0.043132,40.0,105.0,1.41,1.0,1.5,10.0,0.043132,0.468,1.49,1046.2,7.39,-5.429,
exp26_tcp_grid,ablationfull__ballspeed9__maxtcp1.8__noplot__servebox,"{""--ablation"": ""full"", ""--ball-speed"": 9, ""--max-tcp"": 1.8, ""--no-plot"": null, ""--serve-box"": null}",54,True,active,0.026586,2.002054,0.026586,0.0,40.0,1.83,0.99,1.8,25.0,0.026586,1.798,1.58,1071.7,8.39,-1.408,
exp26_tcp_grid,ablationfull__ballspeed9__maxtcp1.8__noplot__servebox,"{""--ablation"": ""full"", ""--ball-speed"": 9, ""--max-tcp"": 1.8, ""--no-plot"": null, ""--serve-box"": null}",50,True,active,0.112881,1.922109,0.10606,30.0,85.0,1.81,1.0,2.0,20.0,0.112881,1.724,2.0,1045.5,8.112,-1.518,
exp26_tcp_grid,ablationfull__ballspeed9__maxtcp1.8__noplot__servebox,"{""--ablation"": ""full"", ""--ball-speed"": 9, ""--max-tcp"": 1.8, ""--no-plot"": null, ""--serve-box"": null}",43,True,active,0.115634,1.944807,0.113098,35.0,105.0,1.8,1.0,1.8,25.0,0.115634,1.395,2.98,2256.7,7.153,-5.033,
exp26_tcp_grid,ablationfull__ballspeed9__maxtcp1.8__noplot__servebox,"{""--ablation"": ""full"", ""--ball-speed"": 9, ""--max-tcp"": 1.8, ""--no-plot"": null, ""--serve-box"": null}",55,True,active,0.088314,1.991799,0.08214,40.0,105.0,1.8,0.96,1.9,20.0,0.088314,1.797,1.62,1218.4,7.749,0.171,
exp26_tcp_grid,ablationfull__ballspeed9__maxtcp1.8__noplot__servebox,"{""--ablation"": ""full"", ""--ball-speed"": 9, ""--max-tcp"": 1.8, ""--no-plot"": null, ""--serve-box"": null}",45,True,active,0.109191,1.972798,0.108133,35.0,105.0,1.81,1.0,1.8,20.0,0.109191,1.799,2.92,2302.9,8.077,-3.411,
exp26_tcp_grid,ablationfull__ballspeed9__maxtcp1.8__noplot__servebox,"{""--ablation"": ""full"", ""--ball-speed"": 9, ""--max-tcp"": 1.8, ""--no-plot"": null, ""--serve-box"": null}",56,False,miss,0.368244,1.958887,0.147452,0.0,0.0,1.79,1.0,2.0,0.0,0.368244,0.0,1.82,1450.1,-1.0,-99.0,
exp26_tcp_grid,ablationfull__ballspeed9__maxtcp1.8__noplot__servebox,"{""--ablation"": ""full"", ""--ball-speed"": 9, ""--max-tcp"": 1.8, ""--no-plot"": null, ""--serve-box"": null}",46,True,active,0.108514,1.968238,0.104572,35.0,105.0,1.34,0.99,1.4,10.0,0.108514,1.098,2.75,1997.9,7.949,-6.982,
exp26_tcp_grid,ablationfull__ballspeed9__maxtcp1.8__noplot__servebox,"{""--ablation"": ""full"", ""--ball-speed"": 9, ""--max-tcp"": 1.8, ""--no-plot"": null, ""--serve-box"": null}",58,True,active,0.077257,1.896827,0.07613,45.0,105.0,1.4,1.0,1.8,15.0,0.077257,1.252,1.55,1182.2,6.218,-2.787,
exp26_tcp_grid,ablationfull__ballspeed9__maxtcp1.8__noplot__servebox,"{""--ablation"": ""full"", ""--ball-speed"": 9, ""--max-tcp"": 1.8, ""--no-plot"": null, ""--serve-box"": null}",51,True,active,0.11297,1.953827,0.099565,40.0,105.0,1.68,1.0,1.8,15.0,0.11297,1.562,2.79,2143.8,7.141,-0.963,
exp26_tcp_grid,ablationfull__ballspeed9__maxtcp1.8__noplot__servebox,"{""--ablation"": ""full"", ""--ball-speed"": 9, ""--max-tcp"": 1.8, ""--no-plot"": null, ""--serve-box"": null}",59,True,active,0.096793,1.96297,0.089672,35.0,85.0,1.79,1.0,1.8,25.0,0.096793,1.79,1.64,1259.9,7.6,-1.367,
exp26_tcp_grid,ablationfull__ballspeed9__maxtcp1.8__noplot__servebox,"{""--ablation"": ""full"", ""--ball-speed"": 9, ""--max-tcp"": 1.8, ""--no-plot"": null, ""--serve-box"": null}",61,True,active,0.11432,1.984064,0.11432,30.0,105.0,1.81,1.0,1.6,20.0,0.11432,1.692,1.39,1026.6,7.937,-3.643,
exp26_tcp_grid,ablationfull__ballspeed9__maxtcp1.8__noplot__servebox,"{""--ablation"": ""full"", ""--ball-speed"": 9, ""--max-tcp"": 1.8, ""--no-plot"": null, ""--serve-box"": null}",65,True,active,0.09285,1.993612,0.09285,30.0,105.0,1.82,1.0,1.8,20.0,0.09285,1.775,1.4,1013.2,7.884,-4.686,
exp26_tcp_grid,ablationfull__ballspeed9__maxtcp1.8__noplot__servebox,"{""--ablation"": ""full"", ""--ball-speed"": 9, ""--max-tcp"": 1.8, ""--no-plot"": null, ""--serve-box"": null}",57,True,active,0.097783,1.972986,0.092844,0.0,0.0,1.8,0.93,2.0,20.0,0.097783,1.789,2.49,1871.8,7.453,1.167,
exp26_tcp_grid,ablationfull__ballspeed9__maxtcp1.8__noplot__servebox,"{""--ablation"": ""full"", ""--ball-speed"": 9, ""--max-tcp"": 1.8, ""--no-plot"": null, ""--serve-box"": null}",68,True,active,0.071334,1.922423,0.064738,45.0,105.0,1.62,1.0,1.1,5.0,0.071334,1.194,1.42,1022.9,8.239,-7.001,
exp26_tcp_grid,ablationfull__ballspeed9__maxtcp1.8__noplot__servebox,"{""--ablation"": ""full"", ""--ball-speed"": 9, ""--max-tcp"": 1.8, ""--no-plot"": null, ""--serve-box"": null}",67,True,active,0.073771,1.954488,0.073771,35.0,105.0,1.78,0.99,1.8,15.0,0.073771,1.568,1.54,1142.7,7.01,-0.625,
exp26_tcp_grid,ablationfull__ballspeed9__maxtcp1.8__noplot__servebox,"{""--ablation"": ""full"", ""--ball-speed"": 9, ""--max-tcp"": 1.8, ""--no-plot"": null, ""--serve-box"": null}",60,True,active,0.127876,1.958514,0.126692,35.0,105.0,1.8,1.0,1.9,20.0,0.127876,1.571,2.22,1582.8,7.727,-3.294,
exp26_tcp_grid,ablationfull__ballspeed9__maxtcp1.8__noplot__servebox,"{""--ablation"": ""full"", ""--ball-speed"": 9, ""--max-tcp"": 1.8, ""--no-plot"": null, ""--serve-box"": null}",70,True,active,0.082878,1.983895,0.082878,40.0,105.0,1.79,1.0,1.7,20.0,0.082878,1.761,1.39,1013.1,9.097,-8.348,
exp26_tcp_grid,ablationfull__ballspeed9__maxtcp1.8__noplot__servebox,"{""--ablation"": ""full"", ""--ball-speed"": 9, ""--max-tcp"": 1.8, ""--no-plot"": null, ""--serve-box"": null}",69,True,active,0.11835,1.974658,0.11144,35.0,105.0,1.79,0.99,1.8,20.0,0.11835,1.752,1.56,1123.2,7.541,-3.897,
exp26_tcp_grid,ablationfull__ballspeed9__maxtcp1.8__noplot__servebox,"{""--ablation"": ""full"", ""--ball-speed"": 9, ""--max-tcp"": 1.8, ""--no-plot"": null, ""--serve-box"": null}",71,True,active,0.126619,1.976014,0.126619,20.0,80.0,1.78,1.0,1.9,25.0,0.126619,1.555,1.64,1250.8,7.409,-0.161,
exp26_tcp_grid,ablationfull__ballspeed9__maxtcp1.8__noplot__servebox,"{""--ablation"": ""full"", ""--ball-speed"": 9, ""--max-tcp"": 1.8, ""--no-plot"": null, ""--serve-box"": null}",63,True,active,0.072823,1.982572,0.072823,40.0,105.0,1.81,1.0,1.5,20.0,0.072823,1.57,2.36,1548.5,8.244,-4.049,
exp26_tcp_grid,ablationfull__ballspeed9__maxtcp1.8__noplot__servebox,"{""--ablation"": ""full"", ""--ball-speed"": 9, ""--max-tcp"": 1.8, ""--no-plot"": null, ""--serve-box"": null}",73,True,active,0.140894,1.988814,0.136055,35.0,105.0,1.73,0.99,1.5,20.0,0.140894,1.456,1.47,1032.0,8.015,-3.799,
exp26_tcp_grid,ablationfull__ballspeed9__maxtcp1.8__noplot__servebox,"{""--ablation"": ""full"", ""--ball-speed"": 9, ""--max-tcp"": 1.8, ""--no-plot"": null, ""--serve-box"": null}",62,True,active,0.095273,1.973723,0.092454,35.0,105.0,1.8,0.99,1.8,20.0,0.095273,1.673,2.83,2136.2,7.038,-3.894,
exp26_tcp_grid,ablationfull__ballspeed9__maxtcp1.8__noplot__servebox,"{""--ablation"": ""full"", ""--ball-speed"": 9, ""--max-tcp"": 1.8, ""--no-plot"": null, ""--serve-box"": null}",64,True,active,0.128047,1.958688,0.118032,35.0,105.0,1.81,0.99,1.6,20.0,0.128047,1.688,2.93,2270.1,8.541,-5.591,
exp26_tcp_grid,ablationfull__ballspeed9__maxtcp1.8__noplot__servebox,"{""--ablation"": ""full"", ""--ball-speed"": 9, ""--max-tcp"": 1.8, ""--no-plot"": null, ""--serve-box"": null}",75,True,active,0.127343,1.946594,0.126061,35.0,105.0,1.3,0.99,1.5,5.0,0.127343,0.788,1.73,1314.1,7.856,-4.717,
exp26_tcp_grid,ablationfull__ballspeed9__maxtcp1.8__noplot__servebox,"{""--ablation"": ""full"", ""--ball-speed"": 9, ""--max-tcp"": 1.8, ""--no-plot"": null, ""--serve-box"": null}",77,True,active,0.09224,1.91121,0.082952,40.0,105.0,1.48,1.0,1.4,15.0,0.09224,1.407,1.58,1096.3,7.308,-5.318,
exp26_tcp_grid,ablationfull__ballspeed9__maxtcp1.8__noplot__servebox,"{""--ablation"": ""full"", ""--ball-speed"": 9, ""--max-tcp"": 1.8, ""--no-plot"": null, ""--serve-box"": null}",66,True,active,0.12469,1.952175,0.112218,40.0,100.0,1.8,1.0,1.8,20.0,0.12469,1.52,2.95,2289.3,7.981,-3.079,
exp26_tcp_grid,ablationfull__ballspeed9__maxtcp1.8__noplot__servebox,"{""--ablation"": ""full"", ""--ball-speed"": 9, ""--max-tcp"": 1.8, ""--no-plot"": null, ""--serve-box"": null}",79,True,active,0.109761,1.943228,0.0789,25.0,60.0,1.79,0.99,1.6,20.0,0.109761,1.751,1.47,1095.1,8.196,-1.381,
exp26_tcp_grid,ablationfull__ballspeed9__maxtcp1.8__noplot__servebox,"{""--ablation"": ""full"", ""--ball-speed"": 9, ""--max-tcp"": 1.8, ""--no-plot"": null, ""--serve-box"": null}",81,True,active,0.071026,1.982943,0.071026,35.0,105.0,1.79,1.0,1.8,20.0,0.071026,1.411,1.51,1096.0,7.635,-5.284,
exp26_tcp_grid,ablationfull__ballspeed9__maxtcp1.8__noplot__servebox,"{""--ablation"": ""full"", ""--ball-speed"": 9, ""--max-tcp"": 1.8, ""--no-plot"": null, ""--serve-box"": null}",78,True,active,0.087027,1.939952,0.083845,35.0,105.0,1.8,0.99,1.8,20.0,0.087027,1.635,1.78,1120.4,7.315,-4.26,
exp26_tcp_grid,ablationfull__ballspeed9__maxtcp1.8__noplot__servebox,"{""--ablation"": ""full"", ""--ball-speed"": 9, ""--max-tcp"": 1.8, ""--no-plot"": null, ""--serve-box"": null}",72,True,active,0.074501,1.984458,0.074501,40.0,105.0,1.79,0.99,1.8,15.0,0.074501,1.748,2.54,1783.3,8.437,-6.261,
exp26_tcp_grid,ablationfull__ballspeed9__maxtcp1.8__noplot__servebox,"{""--ablation"": ""full"", ""--ball-speed"": 9, ""--max-tcp"": 1.8, ""--no-plot"": null, ""--serve-box"": null}",74,True,active,0.102081,1.949043,0.092376,40.0,105.0,1.8,0.99,1.8,20.0,0.102081,1.612,2.47,2038.8,7.973,-5.982,
exp26_tcp_grid,ablationfull__ballspeed9__maxtcp1.8__noplot__servebox,"{""--ablation"": ""full"", ""--ball-speed"": 9, ""--max-tcp"": 1.8, ""--no-plot"": null, ""--serve-box"": null}",82,True,active,0.093209,1.964047,0.093209,30.0,105.0,1.81,0.99,1.7,20.0,0.093209,1.711,1.53,1142.7,8.053,-3.259,
exp26_tcp_grid,ablationfull__ballspeed9__maxtcp1.8__noplot__servebox,"{""--ablation"": ""full"", ""--ball-speed"": 9, ""--max-tcp"": 1.8, ""--no-plot"": null, ""--serve-box"": null}",80,True,active,0.030953,1.933759,0.030953,50.0,105.0,1.81,1.0,1.5,10.0,0.030953,0.789,1.98,1488.8,7.522,-6.608,
exp26_tcp_grid,ablationfull__ballspeed9__maxtcp1.8__noplot__servebox,"{""--ablation"": ""full"", ""--ball-speed"": 9, ""--max-tcp"": 1.8, ""--no-plot"": null, ""--serve-box"": null}",83,True,active,0.106131,1.987813,0.106131,40.0,105.0,1.59,1.0,1.5,15.0,0.106131,1.425,1.66,1053.7,8.371,-7.689,
exp26_tcp_grid,ablationfull__ballspeed9__maxtcp1.8__noplot__servebox,"{""--ablation"": ""full"", ""--ball-speed"": 9, ""--max-tcp"": 1.8, ""--no-plot"": null, ""--serve-box"": null}",85,True,active,0.076236,1.966502,0.07422,40.0,105.0,1.8,0.99,1.6,10.0,0.076236,1.656,1.65,1229.8,9.615,-8.316,
exp26_tcp_grid,ablationfull__ballspeed9__maxtcp1.8__noplot__servebox,"{""--ablation"": ""full"", ""--ball-speed"": 9, ""--max-tcp"": 1.8, ""--no-plot"": null, ""--serve-box"": null}",88,True,active,0.101658,1.967028,0.101658,35.0,105.0,1.8,0.99,2.0,20.0,0.101658,1.669,1.47,1106.4,8.187,-5.665,
exp26_tcp_grid,ablationfull__ballspeed9__maxtcp1.8__noplot__servebox,"{""--ablation"": ""full"", ""--ball-speed"": 9, ""--max-tcp"": 1.8, ""--no-plot"": null, ""--serve-box"": null}",76,True,active,0.08453,1.911601,0.079262,0.0,0.0,1.68,0.99,1.8,15.0,0.08453,1.582,2.91,2173.7,7.748,1.555,
exp26_tcp_grid,ablationfull__ballspeed9__maxtcp1.8__noplot__servebox,"{""--ablation"": ""full"", ""--ball-speed"": 9, ""--max-tcp"": 1.8, ""--no-plot"": null, ""--serve-box"": null}",86,True,active,0.084805,1.952287,0.084805,40.0,105.0,1.78,1.0,1.8,15.0,0.084805,1.657,1.79,1317.6,6.988,-3.76,
exp26_tcp_grid,ablationfull__ballspeed9__maxtcp1.8__noplot__servebox,"{""--ablation"": ""full"", ""--ball-speed"": 9, ""--max-tcp"": 1.8, ""--no-plot"": null, ""--serve-box"": null}",89,True,active,0.079684,1.937969,0.079684,40.0,105.0,1.79,0.97,1.8,15.0,0.079684,1.784,1.53,1068.7,7.137,-3.114,
exp26_tcp_grid,ablationfull__ballspeed9__maxtcp1.8__noplot__servebox,"{""--ablation"": ""full"", ""--ball-speed"": 9, ""--max-tcp"": 1.8, ""--no-plot"": null, ""--serve-box"": null}",90,True,active,0.0873,1.974535,0.085874,40.0,105.0,1.81,0.96,2.1,15.0,0.0873,1.806,1.52,1051.9,7.606,-6.96,
exp26_tcp_grid,ablationfull__ballspeed9__maxtcp1.8__noplot__servebox,"{""--ablation"": ""full"", ""--ball-speed"": 9, ""--max-tcp"": 1.8, ""--no-plot"": null, ""--serve-box"": null}",92,True,active,0.106311,1.956969,0.087031,40.0,105.0,1.79,1.0,1.9,30.0,0.106311,1.716,1.43,1036.1,7.325,-2.44,
exp26_tcp_grid,ablationfull__ballspeed9__maxtcp1.8__noplot__servebox,"{""--ablation"": ""full"", ""--ball-speed"": 9, ""--max-tcp"": 1.8, ""--no-plot"": null, ""--serve-box"": null}",93,True,active,0.095905,1.937913,0.085581,45.0,105.0,1.79,0.99,2.1,15.0,0.095905,1.731,1.48,1025.6,6.987,-4.145,
exp26_tcp_grid,ablationfull__ballspeed9__maxtcp1.8__noplot__servebox,"{""--ablation"": ""full"", ""--ball-speed"": 9, ""--max-tcp"": 1.8, ""--no-plot"": null, ""--serve-box"": null}",84,True,active,0.076666,1.95954,0.070048,40.0,105.0,1.8,1.0,1.8,20.0,0.076666,1.718,3.1,2305.3,7.355,-5.348,
exp26_tcp_grid,ablationfull__ballspeed9__maxtcp1.8__noplot__servebox,"{""--ablation"": ""full"", ""--ball-speed"": 9, ""--max-tcp"": 1.8, ""--no-plot"": null, ""--serve-box"": null}",97,True,active,0.131892,1.974842,0.122393,30.0,85.0,1.79,1.0,1.9,20.0,0.131892,1.681,1.5,1079.9,8.582,-2.715,
exp26_tcp_grid,ablationfull__ballspeed9__maxtcp1.8__noplot__servebox,"{""--ablation"": ""full"", ""--ball-speed"": 9, ""--max-tcp"": 1.8, ""--no-plot"": null, ""--serve-box"": null}",95,True,active,0.100278,1.93337,0.08638,40.0,105.0,1.76,0.99,1.8,25.0,0.100278,1.546,1.92,1498.2,6.901,-1.871,
exp26_tcp_grid,ablationfull__ballspeed9__maxtcp1.8__noplot__servebox,"{""--ablation"": ""full"", ""--ball-speed"": 9, ""--max-tcp"": 1.8, ""--no-plot"": null, ""--serve-box"": null}",96,True,active,0.083008,1.980193,0.077035,35.0,105.0,1.81,0.94,1.8,20.0,0.083008,1.739,2.03,1616.2,7.425,-3.487,
exp26_tcp_grid,ablationfull__ballspeed9__maxtcp1.8__noplot__servebox,"{""--ablation"": ""full"", ""--ball-speed"": 9, ""--max-tcp"": 1.8, ""--no-plot"": null, ""--serve-box"": null}",99,True,active,0.122597,1.963723,0.117566,35.0,105.0,1.8,1.0,1.8,20.0,0.122597,1.802,1.45,1046.5,8.299,-5.906,
exp26_tcp_grid,ablationfull__ballspeed9__maxtcp1.8__noplot__servebox,"{""--ablation"": ""full"", ""--ball-speed"": 9, ""--max-tcp"": 1.8, ""--no-plot"": null, ""--serve-box"": null}",87,True,active,0.132262,1.950591,0.121873,35.0,100.0,1.78,0.99,1.9,20.0,0.132262,1.465,2.91,2178.3,7.714,-2.567,
exp26_tcp_grid,ablationtube_only__ballspeed9__maxtcp1.8__noplot__servebox,"{""--ablation"": ""tube_only"", ""--ball-speed"": 9, ""--max-tcp"": 1.8, ""--no-plot"": null, ""--serve-box"": null}",1,True,active,0.091094,1.893505,0.08134,40.0,95.0,1.78,1.0,1.8,15.0,0.091094,1.782,1.58,1074.1,6.922,0.626,
exp26_tcp_grid,ablationtube_only__ballspeed9__maxtcp1.8__noplot__servebox,"{""--ablation"": ""tube_only"", ""--ball-speed"": 9, ""--max-tcp"": 1.8, ""--no-plot"": null, ""--serve-box"": null}",3,False,miss,0.342716,1.913843,0.171595,15.0,0.0,1.12,1.0,1.4,0.0,0.342716,0.0,1.42,1032.0,-1.0,-99.0,
exp26_tcp_grid,ablationfull__ballspeed9__maxtcp1.8__noplot__servebox,"{""--ablation"": ""full"", ""--ball-speed"": 9, ""--max-tcp"": 1.8, ""--no-plot"": null, ""--serve-box"": null}",98,True,active,0.08569,1.932214,0.056172,0.0,0.0,1.79,0.99,1.4,20.0,0.08569,1.706,2.25,1551.3,8.358,0.246,
exp26_tcp_grid,ablationfull__ballspeed9__maxtcp1.8__noplot__servebox,"{""--ablation"": ""full"", ""--ball-speed"": 9, ""--max-tcp"": 1.8, ""--no-plot"": null, ""--serve-box"": null}",91,True,active,0.006857,1.964639,0.006857,55.0,105.0,1.6,1.0,1.5,5.0,0.006857,0.674,3.0,2303.8,6.208,-6.002,
exp26_tcp_grid,ablationtube_only__ballspeed9__maxtcp1.8__noplot__servebox,"{""--ablation"": ""tube_only"", ""--ball-speed"": 9, ""--max-tcp"": 1.8, ""--no-plot"": null, ""--serve-box"": null}",5,False,miss,0.296172,1.924691,0.088628,0.0,0.0,1.15,1.0,1.1,0.0,0.296172,0.0,1.44,1072.0,-1.0,-99.0,
exp26_tcp_grid,ablationfull__ballspeed9__maxtcp1.8__noplot__servebox,"{""--ablation"": ""full"", ""--ball-speed"": 9, ""--max-tcp"": 1.8, ""--no-plot"": null, ""--serve-box"": null}",94,True,active,0.094843,1.978892,0.094843,35.0,105.0,1.8,0.97,1.8,20.0,0.094843,1.744,2.82,2182.6,7.678,-1.305,
exp26_tcp_grid,ablationtube_only__ballspeed9__maxtcp1.8__noplot__servebox,"{""--ablation"": ""tube_only"", ""--ball-speed"": 9, ""--max-tcp"": 1.8, ""--no-plot"": null, ""--serve-box"": null}",2,True,active,0.093304,1.928257,0.078251,0.0,0.0,1.7,1.0,2.3,10.0,0.093304,1.693,2.19,1576.4,7.729,1.022,
exp26_tcp_grid,ablationtube_only__ballspeed9__maxtcp1.8__noplot__servebox,"{""--ablation"": ""tube_only"", ""--ball-speed"": 9, ""--max-tcp"": 1.8, ""--no-plot"": null, ""--serve-box"": null}",6,True,active,0.055962,1.933183,0.055962,40.0,105.0,1.78,0.97,1.7,15.0,0.055962,1.775,1.68,1249.5,6.725,1.218,
exp26_tcp_grid,ablationtube_only__ballspeed9__maxtcp1.8__noplot__servebox,"{""--ablation"": ""tube_only"", ""--ball-speed"": 9, ""--max-tcp"": 1.8, ""--no-plot"": null, ""--serve-box"": null}",4,True,active,0.118874,1.939295,0.099712,40.0,105.0,1.76,0.98,1.9,15.0,0.118874,1.75,2.09,1705.0,7.862,-0.59,
exp26_tcp_grid,ablationtube_only__ballspeed9__maxtcp1.8__noplot__servebox,"{""--ablation"": ""tube_only"", ""--ball-speed"": 9, ""--max-tcp"": 1.8, ""--no-plot"": null, ""--serve-box"": null}",8,True,passive,0.100703,1.955679,0.091534,45.0,105.0,0.97,1.0,1.3,5.0,0.100703,0.161,1.52,1123.5,7.337,-7.165,
exp26_tcp_grid,ablationtube_only__ballspeed9__maxtcp1.8__noplot__servebox,"{""--ablation"": ""tube_only"", ""--ball-speed"": 9, ""--max-tcp"": 1.8, ""--no-plot"": null, ""--serve-box"": null}",20,,,,,,,,,,,,,,0.2,,,,no_result
exp26_tcp_grid,ablationtube_only__ballspeed9__maxtcp1.8__noplot__servebox,"{""--ablation"": ""tube_only"", ""--ball-speed"": 9, ""--max-tcp"": 1.8, ""--no-plot"": null, ""--serve-box"": null}",9,False,miss,0.327476,1.954936,0.147604,20.0,40.0,1.79,1.0,1.9,0.0,0.327476,0.0,1.43,1062.8,-1.0,-99.0,
exp26_tcp_grid,ablationtube_only__ballspeed9__maxtcp1.8__noplot__servebox,"{""--ablation"": ""tube_only"", ""--ball-speed"": 9, ""--max-tcp"": 1.8, ""--no-plot"": null, ""--serve-box"": null}",21,,,,,,,,,,,,,,0.21,,,,no_result
exp26_tcp_grid,ablationtube_only__ballspeed9__maxtcp1.8__noplot__servebox,"{""--ablation"": ""tube_only"", ""--ball-speed"": 9, ""--max-tcp"": 1.8, ""--no-plot"": null, ""--serve-box"": null}",11,True,active,0.089259,1.885984,0.082303,45.0,105.0,1.67,0.97,1.6,5.0,0.089259,1.278,1.43,1054.3,7.832,-4.896,
exp26_tcp_grid,ablationfull__ballspeed9__maxtcp1.8__noplot__servebox,"{""--ablation"": ""full"", ""--ball-speed"": 9, ""--max-tcp"": 1.8, ""--no-plot"": null, ""--serve-box"": null}",100,True,active,0.081024,1.985073,0.0764,40.0,105.0,1.8,0.98,1.8,20.0,0.081024,1.777,2.97,2245.2,7.481,-5.689,
exp26_tcp_grid,ablationtube_only__ballspeed9__maxtcp1.8__noplot__servebox,"{""--ablation"": ""tube_only"", ""--ball-speed"": 9, ""--max-tcp"": 1.8, ""--no-plot"": null, ""--serve-box"": null}",7,True,active,0.101431,1.919691,0.06644,0.0,0.0,1.75,0.98,2.0,15.0,0.101431,1.647,2.12,1428.1,7.564,0.785,
exp26_tcp_grid,ablationtube_only__ballspeed9__maxtcp1.8__noplot__servebox,"{""--ablation"": ""tube_only"", ""--ball-speed"": 9, ""--max-tcp"": 1.8, ""--no-plot"": null, ""--serve-box"": null}",13,True,active,0.04711,1.934844,0.040574,0.0,0.0,1.42,0.99,1.2,20.0,0.04711,1.296,1.53,1081.9,7.399,1.077,
exp26_tcp_grid,ablationtube_only__ballspeed9__maxtcp1.8__noplot__servebox,"{""--ablation"": ""tube_only"", ""--ball-speed"": 9, ""--max-tcp"": 1.8, ""--no-plot"": null, ""--serve-box"": null}",14,True,active,0.117589,1.982498,0.107806,40.0,105.0,1.79,1.0,1.7,10.0,0.117589,1.67,1.53,1073.7,7.99,-3.935,
exp26_tcp_grid,ablationtube_only__ballspeed9__maxtcp1.8__noplot__servebox,"{""--ablation"": ""tube_only"", ""--ball-speed"": 9, ""--max-tcp"": 1.8, ""--no-plot"": null, ""--serve-box"": null}",15,True,active,0.106101,1.944144,0.086935,0.0,0.0,1.77,0.97,2.1,15.0,0.106101,1.769,1.55,1121.3,7.836,1.988,
exp26_tcp_grid,ablationtube_only__ballspeed9__maxtcp1.8__noplot__servebox,"{""--ablation"": ""tube_only"", ""--ball-speed"": 9, ""--max-tcp"": 1.8, ""--no-plot"": null, ""--serve-box"": null}",17,True,active,0.103838,1.929115,0.099716,40.0,105.0,1.61,0.99,2.2,10.0,0.103838,1.609,1.72,1346.9,7.363,-2.498,
exp26_tcp_grid,ablationtube_only__ballspeed9__maxtcp1.8__noplot__servebox,"{""--ablation"": ""tube_only"", ""--ball-speed"": 9, ""--max-tcp"": 1.8, ""--no-plot"": null, ""--serve-box"": null}",22,True,active,0.089807,1.884663,0.065916,0.0,0.0,1.8,0.99,1.9,20.0,0.089807,1.715,1.51,1073.0,7.684,2.33,
exp26_tcp_grid,ablationtube_only__ballspeed9__maxtcp1.8__noplot__servebox,"{""--ablation"": ""tube_only"", ""--ball-speed"": 9, ""--max-tcp"": 1.8, ""--no-plot"": null, ""--serve-box"": null}",24,True,active,0.088386,1.960253,0.073033,20.0,40.0,1.81,0.95,2.0,15.0,0.088386,1.79,1.54,1068.0,7.207,0.321,
exp26_tcp_grid,ablationtube_only__ballspeed9__maxtcp1.8__noplot__servebox,"{""--ablation"": ""tube_only"", ""--ball-speed"": 9, ""--max-tcp"": 1.8, ""--no-plot"": null, ""--serve-box"": null}",10,True,active,0.109267,1.949302,0.105107,40.0,105.0,1.4,1.0,1.4,10.0,0.109267,1.244,2.95,2296.7,7.873,-5.545,
exp26_tcp_grid,ablationtube_only__ballspeed9__maxtcp1.8__noplot__servebox,"{""--ablation"": ""tube_only"", ""--ball-speed"": 9, ""--max-tcp"": 1.8, ""--no-plot"": null, ""--serve-box"": null}",18,True,active,0.128928,1.958824,0.114294,35.0,105.0,1.78,0.98,1.9,15.0,0.128928,1.744,2.24,1547.7,7.881,-2.047,
exp26_tcp_grid,ablationtube_only__ballspeed9__maxtcp1.8__noplot__servebox,"{""--ablation"": ""tube_only"", ""--ball-speed"": 9, ""--max-tcp"": 1.8, ""--no-plot"": null, ""--serve-box"": null}",26,True,active,0.079216,1.917511,0.079216,0.0,0.0,1.79,0.97,2.0,20.0,0.079216,1.79,1.59,1039.5,7.534,2.357,
exp26_tcp_grid,ablationtube_only__ballspeed9__maxtcp1.8__noplot__servebox,"{""--ablation"": ""tube_only"", ""--ball-speed"": 9, ""--max-tcp"": 1.8, ""--no-plot"": null, ""--serve-box"": null}",25,True,active,0.098649,1.924759,0.066798,40.0,105.0,1.78,1.0,1.7,15.0,0.098649,1.783,1.82,1235.2,6.935,-2.068,
exp26_tcp_grid,ablationtube_only__ballspeed9__maxtcp1.8__noplot__servebox,"{""--ablation"": ""tube_only"", ""--ball-speed"": 9, ""--max-tcp"": 1.8, ""--no-plot"": null, ""--serve-box"": null}",12,True,active,0.022407,1.972845,0.022407,40.0,80.0,1.78,0.97,1.5,10.0,0.022407,1.757,3.03,2287.0,7.187,-0.057,
exp26_tcp_grid,ablationtube_only__ballspeed9__maxtcp1.8__noplot__servebox,"{""--ablation"": ""tube_only"", ""--ball-speed"": 9, ""--max-tcp"": 1.8, ""--no-plot"": null, ""--serve-box"": null}",27,True,passive,0.084451,1.937113,0.071441,45.0,105.0,1.3,1.0,1.3,5.0,0.084451,0.094,1.54,1032.6,7.053,-7.025,
exp26_tcp_grid,ablationtube_only__ballspeed9__maxtcp1.8__noplot__servebox,"{""--ablation"": ""tube_only"", ""--ball-speed"": 9, ""--max-tcp"": 1.8, ""--no-plot"": null, ""--serve-box"": null}",30,True,active,0.092887,1.936698,0.061294,0.0,0.0,1.77,0.98,1.8,15.0,0.092887,1.736,1.41,1016.7,7.538,3.011,
exp26_tcp_grid,ablationtube_only__ballspeed9__maxtcp1.8__noplot__servebox,"{""--ablation"": ""tube_only"", ""--ball-speed"": 9, ""--max-tcp"": 1.8, ""--no-plot"": null, ""--serve-box"": null}",29,True,active,0.070298,1.869746,0.070298,40.0,105.0,1.51,1.0,1.5,5.0,0.070298,0.43,1.76,1019.7,7.478,-6.758,
exp26_tcp_grid,ablationtube_only__ballspeed9__maxtcp1.8__noplot__servebox,"{""--ablation"": ""tube_only"", ""--ball-speed"": 9, ""--max-tcp"": 1.8, ""--no-plot"": null, ""--serve-box"": null}",16,True,active,0.078691,1.966857,0.032883,0.0,0.0,1.78,0.98,1.9,20.0,0.078691,1.769,3.0,2272.5,8.032,3.67,
exp26_tcp_grid,ablationtube_only__ballspeed9__maxtcp1.8__noplot__servebox,"{""--ablation"": ""tube_only"", ""--ball-speed"": 9, ""--max-tcp"": 1.8, ""--no-plot"": null, ""--serve-box"": null}",32,True,active,0.107824,1.949081,0.081976,40.0,105.0,1.77,0.99,1.7,15.0,0.107824,1.773,1.37,1022.6,7.936,-1.491,
exp26_tcp_grid,ablationtube_only__ballspeed9__maxtcp1.8__noplot__servebox,"{""--ablation"": ""tube_only"", ""--ball-speed"": 9, ""--max-tcp"": 1.8, ""--no-plot"": null, ""--serve-box"": null}",28,False,miss,0.280726,1.900363,0.094141,0.0,0.0,1.3,0.99,1.4,0.0,0.280726,0.0,1.99,1565.2,-1.0,-99.0,
exp26_tcp_grid,ablationtube_only__ballspeed9__maxtcp1.8__noplot__servebox,"{""--ablation"": ""tube_only"", ""--ball-speed"": 9, ""--max-tcp"": 1.8, ""--no-plot"": null, ""--serve-box"": null}",23,True,active,0.087936,1.958937,0.078596,40.0,105.0,1.77,1.0,1.9,10.0,0.087936,1.77,2.62,1958.7,7.945,-1.859,
exp26_tcp_grid,ablationtube_only__ballspeed9__maxtcp1.8__noplot__servebox,"{""--ablation"": ""tube_only"", ""--ball-speed"": 9, ""--max-tcp"": 1.8, ""--no-plot"": null, ""--serve-box"": null}",19,True,active,0.108847,1.889958,0.08056,0.0,0.0,1.54,0.98,1.6,15.0,0.108847,1.544,2.99,2272.2,7.525,4.003,
exp26_tcp_grid,ablationtube_only__ballspeed9__maxtcp1.8__noplot__servebox,"{""--ablation"": ""tube_only"", ""--ball-speed"": 9, ""--max-tcp"": 1.8, ""--no-plot"": null, ""--serve-box"": null}",33,True,active,0.093397,1.962692,0.07695,45.0,105.0,1.81,0.99,1.6,10.0,0.093397,1.798,1.43,1067.0,7.894,-2.264,
exp26_tcp_grid,ablationtube_only__ballspeed9__maxtcp1.8__noplot__servebox,"{""--ablation"": ""tube_only"", ""--ball-speed"": 9, ""--max-tcp"": 1.8, ""--no-plot"": null, ""--serve-box"": null}",31,True,active,0.106362,1.94348,0.106087,40.0,105.0,1.79,1.0,1.6,10.0,0.106362,1.602,2.24,1494.0,7.964,-5.894,
exp26_tcp_grid,ablationtube_only__ballspeed9__maxtcp1.8__noplot__servebox,"{""--ablation"": ""tube_only"", ""--ball-speed"": 9, ""--max-tcp"": 1.8, ""--no-plot"": null, ""--serve-box"": null}",34,True,active,0.105101,1.956307,0.097386,40.0,105.0,1.78,1.0,1.5,10.0,0.105101,1.784,1.55,1118.2,7.645,-3.381,
exp26_tcp_grid,ablationtube_only__ballspeed9__maxtcp1.8__noplot__servebox,"{""--ablation"": ""tube_only"", ""--ball-speed"": 9, ""--max-tcp"": 1.8, ""--no-plot"": null, ""--serve-box"": null}",37,True,active,0.11283,1.928017,0.10736,0.0,20.0,1.77,0.99,1.8,10.0,0.11283,1.723,1.54,1161.5,7.503,0.669,
exp26_tcp_grid,ablationtube_only__ballspeed9__maxtcp1.8__noplot__servebox,"{""--ablation"": ""tube_only"", ""--ball-speed"": 9, ""--max-tcp"": 1.8, ""--no-plot"": null, ""--serve-box"": null}",35,True,active,0.109855,1.917147,0.090899,0.0,0.0,1.8,1.0,1.7,15.0,0.109855,1.722,1.66,1208.5,7.667,1.588,
exp26_tcp_grid,ablationtube_only__ballspeed9__maxtcp1.8__noplot__servebox,"{""--ablation"": ""tube_only"", ""--ball-speed"": 9, ""--max-tcp"": 1.8, ""--no-plot"": null, ""--serve-box"": null}",42,True,active,0.004444,1.999017,0.004444,0.0,0.0,1.93,1.0,1.8,15.0,0.004444,1.715,1.5,1078.9,8.208,-0.719,
exp26_tcp_grid,ablationtube_only__ballspeed9__maxtcp1.8__noplot__servebox,"{""--ablation"": ""tube_only"", ""--ball-speed"": 9, ""--max-tcp"": 1.8, ""--no-plot"": null, ""--serve-box"": null}",43,True,active,0.113343,1.936196,0.108979,35.0,105.0,1.79,1.0,1.6,10.0,0.113343,1.74,1.5,1068.6,7.448,-3.12,
exp26_tcp_grid,ablationtube_only__ballspeed9__maxtcp1.8__noplot__servebox,"{""--ablation"": ""tube_only"", ""--ball-speed"": 9, ""--max-tcp"": 1.8, ""--no-plot"": null, ""--serve-box"": null}",46,True,passive,0.118912,1.934006,0.111741,40.0,105.0,1.13,1.0,1.6,10.0,0.118912,0.199,1.5,1029.5,7.382,-6.547,
exp26_tcp_grid,ablationtube_only__ballspeed9__maxtcp1.8__noplot__servebox,"{""--ablation"": ""tube_only"", ""--ball-speed"": 9, ""--max-tcp"": 1.8, ""--no-plot"": null, ""--serve-box"": null}",41,True,active,0.090891,1.961814,0.090891,30.0,105.0,1.8,0.99,1.8,5.0,0.090891,1.344,2.01,1600.3,9.005,-3.668,
exp26_tcp_grid,ablationtube_only__ballspeed9__maxtcp1.8__noplot__servebox,"{""--ablation"": ""tube_only"", ""--ball-speed"": 9, ""--max-tcp"": 1.8, ""--no-plot"": null, ""--serve-box"": null}",39,True,active,0.079431,1.900903,0.074958,40.0,105.0,1.78,0.96,2.0,5.0,0.079431,1.364,2.22,1551.1,7.711,-2.778,
exp26_tcp_grid,ablationtube_only__ballspeed9__maxtcp1.8__noplot__servebox,"{""--ablation"": ""tube_only"", ""--ball-speed"": 9, ""--max-tcp"": 1.8, ""--no-plot"": null, ""--serve-box"": null}",47,True,active,0.058398,1.896642,0.051948,50.0,105.0,1.49,0.92,1.4,5.0,0.058398,0.864,1.45,1008.1,6.987,-3.812,
exp26_tcp_grid,ablationtube_only__ballspeed9__maxtcp1.8__noplot__servebox,"{""--ablation"": ""tube_only"", ""--ball-speed"": 9, ""--max-tcp"": 1.8, ""--no-plot"": null, ""--serve-box"": null}",48,True,active,0.09955,1.982362,0.092001,40.0,105.0,1.75,0.98,1.8,10.0,0.09955,1.481,1.44,1027.6,8.281,-3.972,
exp26_tcp_grid,ablationtube_only__ballspeed9__maxtcp1.8__noplot__servebox,"{""--ablation"": ""tube_only"", ""--ball-speed"": 9, ""--max-tcp"": 1.8, ""--no-plot"": null, ""--serve-box"": null}",38,True,active,0.084374,1.931927,0.081724,35.0,105.0,1.79,0.99,1.8,15.0,0.084374,1.788,2.75,2087.9,7.126,-0.607,
exp26_tcp_grid,ablationtube_only__ballspeed9__maxtcp1.8__noplot__servebox,"{""--ablation"": ""tube_only"", ""--ball-speed"": 9, ""--max-tcp"": 1.8, ""--no-plot"": null, ""--serve-box"": null}",50,True,active,0.070198,1.915608,0.053392,35.0,80.0,1.8,1.0,2.1,20.0,0.070198,1.715,1.58,1018.7,7.203,0.227,
exp26_tcp_grid,ablationtube_only__ballspeed9__maxtcp1.8__noplot__servebox,"{""--ablation"": ""tube_only"", ""--ball-speed"": 9, ""--max-tcp"": 1.8, ""--no-plot"": null, ""--serve-box"": null}",40,True,active,0.095187,1.943329,0.090617,40.0,105.0,1.64,0.99,1.5,5.0,0.095187,0.927,2.7,2082.0,6.911,-1.455,
exp26_tcp_grid,ablationtube_only__ballspeed9__maxtcp1.8__noplot__servebox,"{""--ablation"": ""tube_only"", ""--ball-speed"": 9, ""--max-tcp"": 1.8, ""--no-plot"": null, ""--serve-box"": null}",36,True,active,0.100246,1.965315,0.090376,40.0,105.0,1.76,0.95,1.9,15.0,0.100246,1.751,3.02,2271.9,7.326,-1.562,
exp26_tcp_grid,ablationtube_only__ballspeed9__maxtcp1.8__noplot__servebox,"{""--ablation"": ""tube_only"", ""--ball-speed"": 9, ""--max-tcp"": 1.8, ""--no-plot"": null, ""--serve-box"": null}",51,False,miss,0.353263,1.945096,0.144149,0.0,0.0,1.75,1.0,2.2,0.0,0.353263,0.0,1.43,1065.1,-1.0,-99.0,
exp26_tcp_grid,ablationtube_only__ballspeed9__maxtcp1.8__noplot__servebox,"{""--ablation"": ""tube_only"", ""--ball-speed"": 9, ""--max-tcp"": 1.8, ""--no-plot"": null, ""--serve-box"": null}",45,True,active,0.130074,1.951827,0.119676,35.0,100.0,1.67,1.0,1.8,10.0,0.130074,1.502,2.7,1973.1,7.678,-1.907,
exp26_tcp_grid,ablationtube_only__ballspeed9__maxtcp1.8__noplot__servebox,"{""--ablation"": ""tube_only"", ""--ball-speed"": 9, ""--max-tcp"": 1.8, ""--no-plot"": null, ""--serve-box"": null}",53,True,active,0.04828,1.956792,0.04828,0.0,0.0,1.78,0.99,1.5,15.0,0.04828,1.676,1.44,1049.2,8.308,-0.021,
exp26_tcp_grid,ablationtube_only__ballspeed9__maxtcp1.8__noplot__servebox,"{""--ablation"": ""tube_only"", ""--ball-speed"": 9, ""--max-tcp"": 1.8, ""--no-plot"": null, ""--serve-box"": null}",52,True,active,0.092451,1.934185,0.040651,0.0,0.0,1.56,1.0,1.3,15.0,0.092451,1.536,2.08,1476.7,7.461,2.393,
exp26_tcp_grid,ablationtube_only__ballspeed9__maxtcp1.8__noplot__servebox,"{""--ablation"": ""tube_only"", ""--ball-speed"": 9, ""--max-tcp"": 1.8, ""--no-plot"": null, ""--serve-box"": null}",44,True,active,0.081528,1.949489,0.07706,40.0,105.0,1.71,1.0,1.6,15.0,0.081528,1.496,2.98,2207.4,7.951,-3.344,
exp26_tcp_grid,ablationtube_only__ballspeed9__maxtcp1.8__noplot__servebox,"{""--ablation"": ""tube_only"", ""--ball-speed"": 9, ""--max-tcp"": 1.8, ""--no-plot"": null, ""--serve-box"": null}",55,True,active,0.100281,1.941638,0.080253,40.0,105.0,1.5,0.96,1.4,10.0,0.100281,1.405,1.42,1037.4,7.57,-1.934,
exp26_tcp_grid,ablationtube_only__ballspeed9__maxtcp1.8__noplot__servebox,"{""--ablation"": ""tube_only"", ""--ball-speed"": 9, ""--max-tcp"": 1.8, ""--no-plot"": null, ""--serve-box"": null}",56,False,miss,0.353274,1.953512,0.134299,0.0,0.0,1.78,1.0,1.9,0.0,0.353274,0.0,1.4,1035.3,-1.0,-99.0,
exp26_tcp_grid,ablationtube_only__ballspeed9__maxtcp1.8__noplot__servebox,"{""--ablation"": ""tube_only"", ""--ball-speed"": 9, ""--max-tcp"": 1.8, ""--no-plot"": null, ""--serve-box"": null}",57,True,active,0.112168,1.927998,0.096556,0.0,5.0,1.59,1.0,1.9,10.0,0.112168,1.579,1.41,1018.9,7.279,2.0,
exp26_tcp_grid,ablationtube_only__ballspeed9__maxtcp1.8__noplot__servebox,"{""--ablation"": ""tube_only"", ""--ball-speed"": 9, ""--max-tcp"": 1.8, ""--no-plot"": null, ""--serve-box"": null}",49,True,active,0.099532,1.946753,0.099532,35.0,105.0,1.8,1.0,1.9,5.0,0.099532,1.356,2.95,2206.2,6.797,-3.873,
exp26_tcp_grid,ablationtube_only__ballspeed9__maxtcp1.8__noplot__servebox,"{""--ablation"": ""tube_only"", ""--ball-speed"": 9, ""--max-tcp"": 1.8, ""--no-plot"": null, ""--serve-box"": null}",61,True,active,0.099161,1.918249,0.078032,40.0,105.0,1.8,0.94,1.7,15.0,0.099161,1.777,1.45,1059.5,7.713,-2.459,
exp26_tcp_grid,ablationtube_only__ballspeed9__maxtcp1.8__noplot__servebox,"{""--ablation"": ""tube_only"", ""--ball-speed"": 9, ""--max-tcp"": 1.8, ""--no-plot"": null, ""--serve-box"": null}",62,True,active,0.086159,1.972767,0.076812,40.0,105.0,1.77,1.0,1.6,10.0,0.086159,1.774,1.49,1082.6,7.258,-2.077,
exp26_tcp_grid,ablationtube_only__ballspeed9__maxtcp1.8__noplot__servebox,"{""--ablation"": ""tube_only"", ""--ball-speed"": 9, ""--max-tcp"": 1.8, ""--no-plot"": null, ""--serve-box"": null}",64,True,active,0.129432,1.951341,0.11464,35.0,105.0,1.79,1.0,2.0,15.0,0.129432,1.764,1.46,1075.1,8.124,-1.203,
exp26_tcp_grid,ablationtube_only__ballspeed9__maxtcp1.8__noplot__servebox,"{""--ablation"": ""tube_only"", ""--ball-speed"": 9, ""--max-tcp"": 1.8, ""--no-plot"": null, ""--serve-box"": null}",60,True,active,0.11743,1.936721,0.114456,40.0,100.0,1.49,0.99,1.6,10.0,0.11743,1.332,1.57,1077.6,7.622,0.25,
exp26_tcp_grid,ablationtube_only__ballspeed9__maxtcp1.8__noplot__servebox,"{""--ablation"": ""tube_only"", ""--ball-speed"": 9, ""--max-tcp"": 1.8, ""--no-plot"": null, ""--serve-box"": null}",54,True,active,0.029846,1.984467,0.029846,0.0,0.0,1.72,0.99,1.6,20.0,0.029846,1.364,2.8,2000.1,7.793,3.56,
exp26_tcp_grid,ablationtube_only__ballspeed9__maxtcp1.8__noplot__servebox,"{""--ablation"": ""tube_only"", ""--ball-speed"": 9, ""--max-tcp"": 1.8, ""--no-plot"": null, ""--serve-box"": null}",63,True,active,0.054044,1.986078,0.019143,0.0,0.0,1.78,1.0,1.7,20.0,0.054044,1.738,2.12,1317.4,8.34,3.786,
exp26_tcp_grid,ablationtube_only__ballspeed9__maxtcp1.8__noplot__servebox,"{""--ablation"": ""tube_only"", ""--ball-speed"": 9, ""--max-tcp"": 1.8, ""--no-plot"": null, ""--serve-box"": null}",58,True,active,0.091693,1.875607,0.091693,40.0,105.0,1.77,1.0,1.5,5.0,0.091693,0.972,2.7,1982.8,7.695,-7.392,
exp26_tcp_grid,ablationtube_only__ballspeed9__maxtcp1.8__noplot__servebox,"{""--ablation"": ""tube_only"", ""--ball-speed"": 9, ""--max-tcp"": 1.8, ""--no-plot"": null, ""--serve-box"": null}",70,True,active,0.131683,1.949591,0.122303,40.0,100.0,1.79,1.0,1.9,10.0,0.131683,1.534,1.48,1057.2,8.399,-4.678,
exp26_tcp_grid,ablationtube_only__ballspeed9__maxtcp1.8__noplot__servebox,"{""--ablation"": ""tube_only"", ""--ball-speed"": 9, ""--max-tcp"": 1.8, ""--no-plot"": null, ""--serve-box"": null}",68,True,active,0.097685,1.900678,0.096206,40.0,105.0,1.49,0.99,1.5,5.0,0.097685,1.016,1.56,1053.5,7.598,-5.621,
exp26_tcp_grid,ablationtube_only__ballspeed9__maxtcp1.8__noplot__servebox,"{""--ablation"": ""tube_only"", ""--ball-speed"": 9, ""--max-tcp"": 1.8, ""--no-plot"": null, ""--serve-box"": null}",66,True,active,0.093678,1.96064,0.076868,45.0,105.0,1.78,1.0,1.4,10.0,0.093678,1.633,1.84,1414.2,7.58,-2.373,
exp26_tcp_grid,ablationtube_only__ballspeed9__maxtcp1.8__noplot__servebox,"{""--ablation"": ""tube_only"", ""--ball-speed"": 9, ""--max-tcp"": 1.8, ""--no-plot"": null, ""--serve-box"": null}",59,True,active,0.063155,1.925699,0.027271,0.0,0.0,1.53,0.99,1.2,20.0,0.063155,0.869,2.81,2053.8,7.817,2.34,
exp26_tcp_grid,ablationtube_only__ballspeed9__maxtcp1.8__noplot__servebox,"{""--ablation"": ""tube_only"", ""--ball-speed"": 9, ""--max-tcp"": 1.8, ""--no-plot"": null, ""--serve-box"": null}",69,True,active,0.125296,1.946818,0.117079,35.0,105.0,1.68,1.0,1.8,10.0,0.125296,1.42,1.78,1333.0,7.87,-2.515,
exp26_tcp_grid,ablationtube_only__ballspeed9__maxtcp1.8__noplot__servebox,"{""--ablation"": ""tube_only"", ""--ball-speed"": 9, ""--max-tcp"": 1.8, ""--no-plot"": null, ""--serve-box"": null}",72,True,active,0.095683,1.970351,0.091386,40.0,105.0,1.78,0.99,1.9,10.0,0.095683,1.754,1.57,1054.2,7.833,-2.575,
exp26_tcp_grid,ablationtube_only__ballspeed9__maxtcp1.8__noplot__servebox,"{""--ablation"": ""tube_only"", ""--ball-speed"": 9, ""--max-tcp"": 1.8, ""--no-plot"": null, ""--serve-box"": null}",67,True,active,0.054483,1.923214,0.049983,45.0,105.0,1.79,0.99,1.6,5.0,0.054483,1.393,2.21,1736.5,6.423,-1.79,
exp26_tcp_grid,ablationtube_only__ballspeed9__maxtcp1.8__noplot__servebox,"{""--ablation"": ""tube_only"", ""--ball-speed"": 9, ""--max-tcp"": 1.8, ""--no-plot"": null, ""--serve-box"": null}",73,True,active,0.103646,1.952242,0.091197,15.0,50.0,1.24,0.99,1.2,10.0,0.103646,0.845,1.53,1086.9,7.831,0.095,
exp26_tcp_grid,ablationtube_only__ballspeed9__maxtcp1.8__noplot__servebox,"{""--ablation"": ""tube_only"", ""--ball-speed"": 9, ""--max-tcp"": 1.8, ""--no-plot"": null, ""--serve-box"": null}",74,True,active,0.117998,1.962539,0.10698,35.0,105.0,1.8,0.98,1.8,15.0,0.117998,1.803,1.9,1226.2,7.66,-2.372,
exp26_tcp_grid,ablationtube_only__ballspeed9__maxtcp1.8__noplot__servebox,"{""--ablation"": ""tube_only"", ""--ball-speed"": 9, ""--max-tcp"": 1.8, ""--no-plot"": null, ""--serve-box"": null}",65,True,active,0.107199,1.950197,0.107002,35.0,105.0,1.59,1.0,1.6,10.0,0.107199,1.394,2.92,2178.4,7.858,-5.404,
exp26_tcp_grid,ablationtube_only__ballspeed9__maxtcp1.8__noplot__servebox,"{""--ablation"": ""tube_only"", ""--ball-speed"": 9, ""--max-tcp"": 1.8, ""--no-plot"": null, ""--serve-box"": null}",76,True,active,0.084338,1.8901,0.063973,0.0,0.0,1.73,0.99,1.9,15.0,0.084338,1.593,2.17,1472.2,7.825,4.163,
exp26_tcp_grid,ablationtube_only__ballspeed9__maxtcp1.8__noplot__servebox,"{""--ablation"": ""tube_only"", ""--ball-speed"": 9, ""--max-tcp"": 1.8, ""--no-plot"": null, ""--serve-box"": null}",79,False,miss,0.330111,1.913072,0.094547,0.0,0.0,1.77,1.0,2.0,0.0,0.330111,0.0,1.58,1098.9,-1.0,-99.0,
exp26_tcp_grid,ablationtube_only__ballspeed9__maxtcp1.8__noplot__servebox,"{""--ablation"": ""tube_only"", ""--ball-speed"": 9, ""--max-tcp"": 1.8, ""--no-plot"": null, ""--serve-box"": null}",71,True,active,0.052289,1.96162,0.052289,40.0,85.0,1.77,0.98,1.4,15.0,0.052289,1.651,2.95,2236.4,7.405,-1.03,
exp26_tcp_grid,ablationtube_only__ballspeed9__maxtcp1.8__noplot__servebox,"{""--ablation"": ""tube_only"", ""--ball-speed"": 9, ""--max-tcp"": 1.8, ""--no-plot"": null, ""--serve-box"": null}",82,True,active,0.096772,1.947559,0.092991,35.0,105.0,1.61,0.99,1.5,10.0,0.096772,1.54,1.46,1073.9,7.4,-2.526,
exp26_tcp_grid,ablationtube_only__ballspeed9__maxtcp1.8__noplot__servebox,"{""--ablation"": ""tube_only"", ""--ball-speed"": 9, ""--max-tcp"": 1.8, ""--no-plot"": null, ""--serve-box"": null}",75,True,active,0.129388,1.914345,0.11776,40.0,105.0,1.43,1.0,1.6,0.0,0.129388,0.7,2.46,1729.0,7.414,-6.188,
exp26_tcp_grid,ablationtube_only__ballspeed9__maxtcp1.8__noplot__servebox,"{""--ablation"": ""tube_only"", ""--ball-speed"": 9, ""--max-tcp"": 1.8, ""--no-plot"": null, ""--serve-box"": null}",77,True,active,0.009685,1.980981,0.009685,35.0,60.0,1.82,0.97,2.0,15.0,0.009685,1.794,1.95,1406.6,8.335,-2.291,
exp26_tcp_grid,ablationtube_only__ballspeed9__maxtcp1.8__noplot__servebox,"{""--ablation"": ""tube_only"", ""--ball-speed"": 9, ""--max-tcp"": 1.8, ""--no-plot"": null, ""--serve-box"": null}",83,True,active,0.126717,1.91632,0.126717,35.0,105.0,1.4,1.0,1.6,5.0,0.126717,0.839,1.54,1067.6,7.478,-5.557,
exp26_tcp_grid,ablationtube_only__ballspeed9__maxtcp1.8__noplot__servebox,"{""--ablation"": ""tube_only"", ""--ball-speed"": 9, ""--max-tcp"": 1.8, ""--no-plot"": null, ""--serve-box"": null}",78,True,active,0.066342,1.91151,0.064113,40.0,105.0,1.79,1.0,1.8,15.0,0.066342,1.729,2.07,1318.0,6.87,-0.393,
exp26_tcp_grid,ablationtube_only__ballspeed9__maxtcp1.8__noplot__servebox,"{""--ablation"": ""tube_only"", ""--ball-speed"": 9, ""--max-tcp"": 1.8, ""--no-plot"": null, ""--serve-box"": null}",85,True,active,0.058284,1.959678,0.050982,45.0,105.0,1.79,0.98,1.5,5.0,0.058284,1.345,1.45,1042.1,9.195,-7.934,
exp26_tcp_grid,ablationtube_only__ballspeed9__maxtcp1.8__noplot__servebox,"{""--ablation"": ""tube_only"", ""--ball-speed"": 9, ""--max-tcp"": 1.8, ""--no-plot"": null, ""--serve-box"": null}",84,True,active,0.07411,1.786415,0.063394,0.0,0.0,1.8,1.0,1.9,20.0,0.07411,1.694,1.74,1119.7,7.474,1.611,
exp26_tcp_grid,ablationtube_only__ballspeed9__maxtcp1.8__noplot__servebox,"{""--ablation"": ""tube_only"", ""--ball-speed"": 9, ""--max-tcp"": 1.8, ""--no-plot"": null, ""--serve-box"": null}",86,True,active,0.085689,1.959338,0.058011,45.0,105.0,1.69,0.99,1.6,10.0,0.085689,1.692,1.41,1057.6,7.324,-1.5,
exp26_tcp_grid,ablationtube_only__ballspeed9__maxtcp1.8__noplot__servebox,"{""--ablation"": ""tube_only"", ""--ball-speed"": 9, ""--max-tcp"": 1.8, ""--no-plot"": null, ""--serve-box"": null}",87,True,active,0.106019,1.945153,0.096057,0.0,0.0,1.8,1.0,2.0,15.0,0.106019,1.697,1.42,1027.3,7.569,1.275,
exp26_tcp_grid,ablationtube_only__ballspeed9__maxtcp1.8__noplot__servebox,"{""--ablation"": ""tube_only"", ""--ball-speed"": 9, ""--max-tcp"": 1.8, ""--no-plot"": null, ""--serve-box"": null}",81,True,active,0.069408,1.954536,0.063575,45.0,105.0,1.24,1.0,1.4,10.0,0.069408,0.786,2.51,2051.0,7.098,-1.427,
exp26_tcp_grid,ablationtube_only__ballspeed9__maxtcp1.8__noplot__servebox,"{""--ablation"": ""tube_only"", ""--ball-speed"": 9, ""--max-tcp"": 1.8, ""--no-plot"": null, ""--serve-box"": null}",88,True,active,0.096711,1.935392,0.094593,40.0,105.0,1.8,0.99,1.8,10.0,0.096711,1.621,1.68,1186.8,8.229,-4.949,
exp26_tcp_grid,ablationtube_only__ballspeed9__maxtcp1.8__noplot__servebox,"{""--ablation"": ""tube_only"", ""--ball-speed"": 9, ""--max-tcp"": 1.8, ""--no-plot"": null, ""--serve-box"": null}",80,True,active,0.08313,1.918103,0.081168,45.0,105.0,1.4,0.97,1.6,0.0,0.08313,0.443,2.88,2188.3,7.219,-7.218,
exp26_tcp_grid,ablationtube_only__ballspeed9__maxtcp1.8__noplot__servebox,"{""--ablation"": ""tube_only"", ""--ball-speed"": 9, ""--max-tcp"": 1.8, ""--no-plot"": null, ""--serve-box"": null}",91,True,passive,0.101735,1.932662,0.097727,45.0,105.0,1.03,1.0,1.0,5.0,0.101735,0.288,1.54,1068.3,6.763,-6.381,
exp26_tcp_grid,ablationtube_only__ballspeed9__maxtcp1.8__noplot__servebox,"{""--ablation"": ""tube_only"", ""--ball-speed"": 9, ""--max-tcp"": 1.8, ""--no-plot"": null, ""--serve-box"": null}",93,True,active,0.081151,1.922172,0.081151,35.0,105.0,1.76,0.99,1.9,10.0,0.081151,1.683,1.47,1024.7,6.297,-2.139,
exp26_tcp_grid,ablationtube_only__ballspeed9__maxtcp1.8__noplot__servebox,"{""--ablation"": ""tube_only"", ""--ball-speed"": 9, ""--max-tcp"": 1.8, ""--no-plot"": null, ""--serve-box"": null}",96,True,active,0.116178,1.950255,0.107448,40.0,105.0,1.81,0.99,1.6,10.0,0.116178,1.519,1.44,1019.8,8.167,-3.731,
exp26_tcp_grid,ablationtube_only__ballspeed9__maxtcp1.8__noplot__servebox,"{""--ablation"": ""tube_only"", ""--ball-speed"": 9, ""--max-tcp"": 1.8, ""--no-plot"": null, ""--serve-box"": null}",98,True,active,0.082617,1.921335,0.056065,0.0,0.0,1.43,1.0,1.4,15.0,0.082617,1.3,1.45,1019.4,8.17,3.913,
exp26_tcp_grid,ablationsoftmin_only__ballspeed9__maxtcp1.8__noplot__servebox,"{""--ablation"": ""softmin_only"", ""--ball-speed"": 9, ""--max-tcp"": 1.8, ""--no-plot"": null, ""--serve-box"": null}",1,True,active,0.066828,1.969449,0.066828,40.0,105.0,1.81,1.0,1.4,15.0,0.066828,1.633,1.43,1037.9,8.568,-5.489,
exp26_tcp_grid,ablationtube_only__ballspeed9__maxtcp1.8__noplot__servebox,"{""--ablation"": ""tube_only"", ""--ball-speed"": 9, ""--max-tcp"": 1.8, ""--no-plot"": null, ""--serve-box"": null}",100,True,active,0.073015,1.965514,0.073015,40.0,105.0,1.38,1.0,1.5,10.0,0.073015,0.724,1.7,1250.9,7.113,-5.529,
exp26_tcp_grid,ablationtube_only__ballspeed9__maxtcp1.8__noplot__servebox,"{""--ablation"": ""tube_only"", ""--ball-speed"": 9, ""--max-tcp"": 1.8, ""--no-plot"": null, ""--serve-box"": null}",97,True,active,0.050321,1.936835,0.050321,0.0,5.0,1.77,0.99,2.1,20.0,0.050321,1.398,2.02,1577.8,7.923,-0.002,
exp26_tcp_grid,ablationtube_only__ballspeed9__maxtcp1.8__noplot__servebox,"{""--ablation"": ""tube_only"", ""--ball-speed"": 9, ""--max-tcp"": 1.8, ""--no-plot"": null, ""--serve-box"": null}",89,True,active,0.09003,1.939411,0.07495,35.0,75.0,1.78,0.97,2.0,10.0,0.09003,1.715,2.89,2251.7,7.737,-0.244,
exp26_tcp_grid,ablationsoftmin_only__ballspeed9__maxtcp1.8__noplot__servebox,"{""--ablation"": ""softmin_only"", ""--ball-speed"": 9, ""--max-tcp"": 1.8, ""--no-plot"": null, ""--serve-box"": null}",3,True,active,0.136364,1.915635,0.123042,35.0,100.0,1.75,1.0,1.7,25.0,0.136364,1.543,1.37,1003.1,7.642,-4.993,
exp26_tcp_grid,ablationtube_only__ballspeed9__maxtcp1.8__noplot__servebox,"{""--ablation"": ""tube_only"", ""--ball-speed"": 9, ""--max-tcp"": 1.8, ""--no-plot"": null, ""--serve-box"": null}",99,False,miss,0.316442,1.945237,0.154403,25.0,0.0,1.49,0.99,1.4,0.0,0.316442,0.0,2.11,1444.5,-1.0,-99.0,
exp26_tcp_grid,ablationtube_only__ballspeed9__maxtcp1.8__noplot__servebox,"{""--ablation"": ""tube_only"", ""--ball-speed"": 9, ""--max-tcp"": 1.8, ""--no-plot"": null, ""--serve-box"": null}",92,False,miss,0.317454,1.952261,0.134773,0.0,0.0,1.53,0.99,1.8,0.0,0.317454,0.0,2.81,2144.1,-1.0,-99.0,
exp26_tcp_grid,ablationsoftmin_only__ballspeed9__maxtcp1.8__noplot__servebox,"{""--ablation"": ""softmin_only"", ""--ball-speed"": 9, ""--max-tcp"": 1.8, ""--no-plot"": null, ""--serve-box"": null}",4,True,active,0.124026,1.955262,0.109907,40.0,105.0,1.8,0.99,1.7,20.0,0.124026,1.699,1.48,1066.7,7.35,-3.77,
exp26_tcp_grid,ablationsoftmin_only__ballspeed9__maxtcp1.8__noplot__servebox,"{""--ablation"": ""softmin_only"", ""--ball-speed"": 9, ""--max-tcp"": 1.8, ""--no-plot"": null, ""--serve-box"": null}",5,True,active,0.102928,1.950802,0.069918,0.0,0.0,1.79,0.99,1.5,25.0,0.102928,1.599,1.42,1011.9,8.277,0.45,
exp26_tcp_grid,ablationtube_only__ballspeed9__maxtcp1.8__noplot__servebox,"{""--ablation"": ""tube_only"", ""--ball-speed"": 9, ""--max-tcp"": 1.8, ""--no-plot"": null, ""--serve-box"": null}",90,True,active,0.101631,1.96835,0.091354,40.0,105.0,1.5,0.99,1.4,10.0,0.101631,1.454,3.04,2265.6,7.174,-4.554,
exp26_tcp_grid,ablationtube_only__ballspeed9__maxtcp1.8__noplot__servebox,"{""--ablation"": ""tube_only"", ""--ball-speed"": 9, ""--max-tcp"": 1.8, ""--no-plot"": null, ""--serve-box"": null}",94,True,active,0.077253,1.923331,0.077253,0.0,0.0,1.79,0.99,1.7,10.0,0.077253,1.793,2.89,2207.1,7.29,1.866,
exp26_tcp_grid,ablationsoftmin_only__ballspeed9__maxtcp1.8__noplot__servebox,"{""--ablation"": ""softmin_only"", ""--ball-speed"": 9, ""--max-tcp"": 1.8, ""--no-plot"": null, ""--serve-box"": null}",6,True,active,0.101852,1.949561,0.095652,35.0,105.0,1.8,0.99,1.6,20.0,0.101852,1.742,1.46,1074.2,6.169,-1.684,
exp26_tcp_grid,ablationsoftmin_only__ballspeed9__maxtcp1.8__noplot__servebox,"{""--ablation"": ""softmin_only"", ""--ball-speed"": 9, ""--max-tcp"": 1.8, ""--no-plot"": null, ""--serve-box"": null}",7,True,active,0.102693,1.949466,0.098638,35.0,105.0,1.78,0.99,1.7,20.0,0.102693,1.761,1.43,1052.6,7.491,-2.335,
exp26_tcp_grid,ablationtube_only__ballspeed9__maxtcp1.8__noplot__servebox,"{""--ablation"": ""tube_only"", ""--ball-speed"": 9, ""--max-tcp"": 1.8, ""--no-plot"": null, ""--serve-box"": null}",95,True,active,0.09039,1.936549,0.087621,40.0,105.0,1.79,0.98,1.8,10.0,0.09039,1.791,2.99,2264.3,7.232,-0.875,
exp26_tcp_grid,ablationsoftmin_only__ballspeed9__maxtcp1.8__noplot__servebox,"{""--ablation"": ""softmin_only"", ""--ball-speed"": 9, ""--max-tcp"": 1.8, ""--no-plot"": null, ""--serve-box"": null}",2,True,active,0.101154,1.951322,0.090046,35.0,70.0,1.79,1.0,1.8,20.0,0.101154,1.781,2.21,1724.3,6.85,1.463,
exp26_tcp_grid,ablationsoftmin_only__ballspeed9__maxtcp1.8__noplot__servebox,"{""--ablation"": ""softmin_only"", ""--ball-speed"": 9, ""--max-tcp"": 1.8, ""--no-plot"": null, ""--serve-box"": null}",20,,,,,,,,,,,,,,0.27,,,,no_result
exp26_tcp_grid,ablationsoftmin_only__ballspeed9__maxtcp1.8__noplot__servebox,"{""--ablation"": ""softmin_only"", ""--ball-speed"": 9, ""--max-tcp"": 1.8, ""--no-plot"": null, ""--serve-box"": null}",21,,,,,,,,,,,,,,0.24,,,,no_result
exp26_tcp_grid,ablationsoftmin_only__ballspeed9__maxtcp1.8__noplot__servebox,"{""--ablation"": ""softmin_only"", ""--ball-speed"": 9, ""--max-tcp"": 1.8, ""--no-plot"": null, ""--serve-box"": null}",9,True,active,0.137239,1.963303,0.132473,30.0,85.0,1.78,0.99,1.8,15.0,0.137239,1.756,1.39,1030.2,7.964,-4.025,
exp26_tcp_grid,ablationsoftmin_only__ballspeed9__maxtcp1.8__noplot__servebox,"{""--ablation"": ""softmin_only"", ""--ball-speed"": 9, ""--max-tcp"": 1.8, ""--no-plot"": null, ""--serve-box"": null}",8,True,active,0.144053,1.957843,0.122077,35.0,105.0,1.24,1.0,1.6,0.0,0.144053,0.473,1.66,1143.5,7.429,-7.4,
exp26_tcp_grid,ablationsoftmin_only__ballspeed9__maxtcp1.8__noplot__servebox,"{""--ablation"": ""softmin_only"", ""--ball-speed"": 9, ""--max-tcp"": 1.8, ""--no-plot"": null, ""--serve-box"": null}",10,True,active,0.099043,1.962539,0.09668,40.0,105.0,1.8,1.0,1.6,15.0,0.099043,1.679,1.87,1209.1,8.154,-6.093,
exp26_tcp_grid,ablationsoftmin_only__ballspeed9__maxtcp1.8__noplot__servebox,"{""--ablation"": ""softmin_only"", ""--ball-speed"": 9, ""--max-tcp"": 1.8, ""--no-plot"": null, ""--serve-box"": null}",14,True,active,0.085752,1.98576,0.085752,40.0,105.0,1.79,1.0,1.4,15.0,0.085752,1.757,1.73,1295.0,8.553,-7.103,
exp26_tcp_grid,ablationsoftmin_only__ballspeed9__maxtcp1.8__noplot__servebox,"{""--ablation"": ""softmin_only"", ""--ball-speed"": 9, ""--max-tcp"": 1.8, ""--no-plot"": null, ""--serve-box"": null}",15,True,active,0.108297,1.950195,0.10011,0.0,0.0,1.77,0.98,2.1,15.0,0.108297,1.775,1.56,1086.2,7.829,1.775,
exp26_tcp_grid,ablationsoftmin_only__ballspeed9__maxtcp1.8__noplot__servebox,"{""--ablation"": ""softmin_only"", ""--ball-speed"": 9, ""--max-tcp"": 1.8, ""--no-plot"": null, ""--serve-box"": null}",18,True,active,0.114785,1.992625,0.114785,30.0,105.0,1.81,0.99,1.9,20.0,0.114785,1.653,1.54,1079.4,7.534,-1.991,
exp26_tcp_grid,ablationsoftmin_only__ballspeed9__maxtcp1.8__noplot__servebox,"{""--ablation"": ""softmin_only"", ""--ball-speed"": 9, ""--max-tcp"": 1.8, ""--no-plot"": null, ""--serve-box"": null}",19,True,active,0.113456,1.937541,0.099306,0.0,0.0,1.78,0.99,2.0,25.0,0.113456,1.64,1.55,1115.9,7.622,1.339,
exp26_tcp_grid,ablationsoftmin_only__ballspeed9__maxtcp1.8__noplot__servebox,"{""--ablation"": ""softmin_only"", ""--ball-speed"": 9, ""--max-tcp"": 1.8, ""--no-plot"": null, ""--serve-box"": null}",24,False,miss,0.31935,1.934235,0.130031,0.0,15.0,1.76,1.0,1.7,0.0,0.31935,0.0,1.4,1030.9,-1.0,-99.0,
exp26_tcp_grid,ablationsoftmin_only__ballspeed9__maxtcp1.8__noplot__servebox,"{""--ablation"": ""softmin_only"", ""--ball-speed"": 9, ""--max-tcp"": 1.8, ""--no-plot"": null, ""--serve-box"": null}",23,True,active,0.10577,1.94775,0.10577,35.0,105.0,1.78,0.99,1.9,15.0,0.10577,1.696,1.49,1107.0,6.884,-3.991,
exp26_tcp_grid,ablationsoftmin_only__ballspeed9__maxtcp1.8__noplot__servebox,"{""--ablation"": ""softmin_only"", ""--ball-speed"": 9, ""--max-tcp"": 1.8, ""--no-plot"": null, ""--serve-box"": null}",26,True,active,0.093695,1.948249,0.093695,40.0,105.0,1.8,1.0,1.6,20.0,0.093695,1.532,1.51,1121.5,7.875,-4.333,
exp26_tcp_grid,ablationsoftmin_only__ballspeed9__maxtcp1.8__noplot__servebox,"{""--ablation"": ""softmin_only"", ""--ball-speed"": 9, ""--max-tcp"": 1.8, ""--no-plot"": null, ""--serve-box"": null}",25,False,miss,0.334178,1.933358,0.201624,0.0,0.0,1.37,0.99,1.6,0.0,0.334178,0.0,1.93,1493.4,-1.0,-99.0,
exp26_tcp_grid,ablationsoftmin_only__ballspeed9__maxtcp1.8__noplot__servebox,"{""--ablation"": ""softmin_only"", ""--ball-speed"": 9, ""--max-tcp"": 1.8, ""--no-plot"": null, ""--serve-box"": null}",27,True,active,0.034768,1.914805,0.034768,40.0,105.0,1.48,1.0,1.7,10.0,0.034768,0.754,1.73,1281.4,8.514,-7.145,
exp26_tcp_grid,ablationsoftmin_only__ballspeed9__maxtcp1.8__noplot__servebox,"{""--ablation"": ""softmin_only"", ""--ball-speed"": 9, ""--max-tcp"": 1.8, ""--no-plot"": null, ""--serve-box"": null}",11,True,active,0.106181,1.903871,0.101442,40.0,105.0,1.61,0.99,1.4,10.0,0.106181,0.726,2.98,2321.5,7.399,-2.452,
exp26_tcp_grid,ablationsoftmin_only__ballspeed9__maxtcp1.8__noplot__servebox,"{""--ablation"": ""softmin_only"", ""--ball-speed"": 9, ""--max-tcp"": 1.8, ""--no-plot"": null, ""--serve-box"": null}",22,True,active,0.103354,1.918014,0.064216,0.0,0.0,1.8,1.0,1.8,25.0,0.103354,1.782,2.34,1580.4,8.183,2.685,
exp26_tcp_grid,ablationsoftmin_only__ballspeed9__maxtcp1.8__noplot__servebox,"{""--ablation"": ""softmin_only"", ""--ball-speed"": 9, ""--max-tcp"": 1.8, ""--no-plot"": null, ""--serve-box"": null}",28,True,active,0.101673,1.934764,0.08609,0.0,0.0,1.79,0.98,1.6,20.0,0.101673,1.745,1.49,1121.8,8.359,2.273,
exp26_tcp_grid,ablationsoftmin_only__ballspeed9__maxtcp1.8__noplot__servebox,"{""--ablation"": ""softmin_only"", ""--ball-speed"": 9, ""--max-tcp"": 1.8, ""--no-plot"": null, ""--serve-box"": null}",12,True,active,0.073309,1.951965,0.073309,40.0,105.0,1.8,0.99,1.8,20.0,0.073309,1.781,3.08,2350.6,6.874,-3.78,
exp26_tcp_grid,ablationsoftmin_only__ballspeed9__maxtcp1.8__noplot__servebox,"{""--ablation"": ""softmin_only"", ""--ball-speed"": 9, ""--max-tcp"": 1.8, ""--no-plot"": null, ""--serve-box"": null}",13,True,active,0.143171,1.916528,0.140791,35.0,75.0,1.14,1.0,1.4,5.0,0.143171,0.746,3.09,2315.5,8.034,-4.182,
exp26_tcp_grid,ablationsoftmin_only__ballspeed9__maxtcp1.8__noplot__servebox,"{""--ablation"": ""softmin_only"", ""--ball-speed"": 9, ""--max-tcp"": 1.8, ""--no-plot"": null, ""--serve-box"": null}",17,True,active,0.084584,1.933899,0.081288,45.0,105.0,1.4,1.0,1.3,5.0,0.084584,0.55,2.89,2234.8,7.026,-6.564,
exp26_tcp_grid,ablationsoftmin_only__ballspeed9__maxtcp1.8__noplot__servebox,"{""--ablation"": ""softmin_only"", ""--ball-speed"": 9, ""--max-tcp"": 1.8, ""--no-plot"": null, ""--serve-box"": null}",30,True,active,0.071285,1.94592,0.051287,0.0,0.0,1.79,0.98,1.7,20.0,0.071285,1.784,1.44,1046.5,7.353,1.699,
exp26_tcp_grid,ablationsoftmin_only__ballspeed9__maxtcp1.8__noplot__servebox,"{""--ablation"": ""softmin_only"", ""--ball-speed"": 9, ""--max-tcp"": 1.8, ""--no-plot"": null, ""--serve-box"": null}",16,True,active,0.065409,1.976202,0.058801,5.0,45.0,1.63,1.0,1.6,15.0,0.065409,1.347,3.02,2287.3,8.117,-0.27,
exp26_tcp_grid,ablationsoftmin_only__ballspeed9__maxtcp1.8__noplot__servebox,"{""--ablation"": ""softmin_only"", ""--ball-speed"": 9, ""--max-tcp"": 1.8, ""--no-plot"": null, ""--serve-box"": null}",29,True,active,0.106484,1.908637,0.103471,35.0,105.0,0.99,1.0,1.2,5.0,0.106484,0.363,1.53,1096.2,7.521,-7.263,
exp26_tcp_grid,ablationsoftmin_only__ballspeed9__maxtcp1.8__noplot__servebox,"{""--ablation"": ""softmin_only"", ""--ball-speed"": 9, ""--max-tcp"": 1.8, ""--no-plot"": null, ""--serve-box"": null}",32,True,active,0.102336,1.943804,0.089879,45.0,105.0,1.74,1.0,1.7,15.0,0.102336,1.74,1.42,1050.3,7.619,-4.877,
exp26_tcp_grid,ablationsoftmin_only__ballspeed9__maxtcp1.8__noplot__servebox,"{""--ablation"": ""softmin_only"", ""--ball-speed"": 9, ""--max-tcp"": 1.8, ""--no-plot"": null, ""--serve-box"": null}",36,True,active,0.115858,1.931859,0.113812,35.0,105.0,1.79,1.0,1.8,10.0,0.115858,1.403,1.4,1047.4,7.043,-5.13,
exp26_tcp_grid,ablationsoftmin_only__ballspeed9__maxtcp1.8__noplot__servebox,"{""--ablation"": ""softmin_only"", ""--ball-speed"": 9, ""--max-tcp"": 1.8, ""--no-plot"": null, ""--serve-box"": null}",37,True,active,0.139205,1.965343,0.125334,35.0,65.0,1.65,1.0,1.7,20.0,0.139205,1.298,1.42,1047.4,8.118,-3.752,
exp26_tcp_grid,ablationsoftmin_only__ballspeed9__maxtcp1.8__noplot__servebox,"{""--ablation"": ""softmin_only"", ""--ball-speed"": 9, ""--max-tcp"": 1.8, ""--no-plot"": null, ""--serve-box"": null}",33,True,active,0.110297,1.972966,0.110297,35.0,105.0,1.79,0.98,2.0,15.0,0.110297,1.783,2.11,1476.1,7.375,-2.333,
exp26_tcp_grid,ablationsoftmin_only__ballspeed9__maxtcp1.8__noplot__servebox,"{""--ablation"": ""softmin_only"", ""--ball-speed"": 9, ""--max-tcp"": 1.8, ""--no-plot"": null, ""--serve-box"": null}",39,True,active,0.091562,1.913835,0.091562,40.0,105.0,1.8,0.99,2.0,10.0,0.091562,1.773,1.47,1052.3,7.635,-2.924,
exp26_tcp_grid,ablationsoftmin_only__ballspeed9__maxtcp1.8__noplot__servebox,"{""--ablation"": ""softmin_only"", ""--ball-speed"": 9, ""--max-tcp"": 1.8, ""--no-plot"": null, ""--serve-box"": null}",40,True,active,0.073123,1.977508,0.073123,40.0,105.0,1.81,0.98,1.7,15.0,0.073123,1.732,1.42,1046.2,7.135,-2.207,
exp26_tcp_grid,ablationsoftmin_only__ballspeed9__maxtcp1.8__noplot__servebox,"{""--ablation"": ""softmin_only"", ""--ball-speed"": 9, ""--max-tcp"": 1.8, ""--no-plot"": null, ""--serve-box"": null}",41,True,active,0.056175,1.99712,0.034779,40.0,105.0,1.8,1.0,2.1,5.0,0.056175,1.348,1.52,1013.9,8.715,-3.745,
exp26_tcp_grid,ablationsoftmin_only__ballspeed9__maxtcp1.8__noplot__servebox,"{""--ablation"": ""softmin_only"", ""--ball-speed"": 9, ""--max-tcp"": 1.8, ""--no-plot"": null, ""--serve-box"": null}",34,True,active,0.090987,1.983368,0.090987,30.0,105.0,1.81,1.0,1.7,20.0,0.090987,1.661,2.5,1839.9,7.812,-2.546,
exp26_tcp_grid,ablationsoftmin_only__ballspeed9__maxtcp1.8__noplot__servebox,"{""--ablation"": ""softmin_only"", ""--ball-speed"": 9, ""--max-tcp"": 1.8, ""--no-plot"": null, ""--serve-box"": null}",42,True,active,0.094911,1.966659,0.094911,35.0,105.0,1.81,1.0,1.7,20.0,0.094911,1.537,1.57,1015.7,7.232,-2.128,
exp26_tcp_grid,ablationsoftmin_only__ballspeed9__maxtcp1.8__noplot__servebox,"{""--ablation"": ""softmin_only"", ""--ball-speed"": 9, ""--max-tcp"": 1.8, ""--no-plot"": null, ""--serve-box"": null}",45,True,active,0.109188,1.972797,0.108132,35.0,105.0,1.81,1.0,1.8,20.0,0.109188,1.799,1.43,1017.2,8.078,-3.411,
exp26_tcp_grid,ablationsoftmin_only__ballspeed9__maxtcp1.8__noplot__servebox,"{""--ablation"": ""softmin_only"", ""--ball-speed"": 9, ""--max-tcp"": 1.8, ""--no-plot"": null, ""--serve-box"": null}",35,True,active,0.113393,1.959297,0.104403,40.0,105.0,1.79,0.99,1.7,20.0,0.113393,1.656,2.44,1957.9,7.61,-2.695,
exp26_tcp_grid,ablationsoftmin_only__ballspeed9__maxtcp1.8__noplot__servebox,"{""--ablation"": ""softmin_only"", ""--ball-speed"": 9, ""--max-tcp"": 1.8, ""--no-plot"": null, ""--serve-box"": null}",31,False,miss,0.355259,1.968782,0.153555,25.0,0.0,1.5,0.99,1.4,0.0,0.355259,0.0,2.89,2165.4,-1.0,-99.0,
exp26_tcp_grid,ablationsoftmin_only__ballspeed9__maxtcp1.8__noplot__servebox,"{""--ablation"": ""softmin_only"", ""--ball-speed"": 9, ""--max-tcp"": 1.8, ""--no-plot"": null, ""--serve-box"": null}",43,True,active,0.115631,1.944806,0.113097,35.0,105.0,1.8,1.0,1.8,25.0,0.115631,1.395,1.88,1413.9,7.153,-5.033,
exp26_tcp_grid,ablationsoftmin_only__ballspeed9__maxtcp1.8__noplot__servebox,"{""--ablation"": ""softmin_only"", ""--ball-speed"": 9, ""--max-tcp"": 1.8, ""--no-plot"": null, ""--serve-box"": null}",44,True,active,0.129566,1.964778,0.121275,40.0,105.0,1.83,1.0,2.2,20.0,0.129566,1.757,1.96,1204.1,7.652,-6.636,
exp26_tcp_grid,ablationsoftmin_only__ballspeed9__maxtcp1.8__noplot__servebox,"{""--ablation"": ""softmin_only"", ""--ball-speed"": 9, ""--max-tcp"": 1.8, ""--no-plot"": null, ""--serve-box"": null}",48,True,active,0.105045,1.942427,0.099419,35.0,105.0,1.79,1.0,1.7,20.0,0.105045,1.75,1.49,1084.8,8.389,-6.492,
exp26_tcp_grid,ablationsoftmin_only__ballspeed9__maxtcp1.8__noplot__servebox,"{""--ablation"": ""softmin_only"", ""--ball-speed"": 9, ""--max-tcp"": 1.8, ""--no-plot"": null, ""--serve-box"": null}",49,True,active,0.091449,1.949414,0.084788,45.0,105.0,1.78,0.99,1.9,20.0,0.091449,1.743,1.48,1070.1,7.497,-5.161,
exp26_tcp_grid,ablationsoftmin_only__ballspeed9__maxtcp1.8__noplot__servebox,"{""--ablation"": ""softmin_only"", ""--ball-speed"": 9, ""--max-tcp"": 1.8, ""--no-plot"": null, ""--serve-box"": null}",38,True,active,0.089315,1.985162,0.089315,30.0,105.0,1.81,1.0,1.7,20.0,0.089315,1.452,2.92,2286.5,7.253,-3.642,
exp26_tcp_grid,ablationsoftmin_only__ballspeed9__maxtcp1.8__noplot__servebox,"{""--ablation"": ""softmin_only"", ""--ball-speed"": 9, ""--max-tcp"": 1.8, ""--no-plot"": null, ""--serve-box"": null}",50,True,active,0.11287,1.94601,0.106058,30.0,85.0,1.81,1.0,2.0,20.0,0.11287,1.724,1.62,1040.8,8.112,-1.518,
exp26_tcp_grid,ablationsoftmin_only__ballspeed9__maxtcp1.8__noplot__servebox,"{""--ablation"": ""softmin_only"", ""--ball-speed"": 9, ""--max-tcp"": 1.8, ""--no-plot"": null, ""--serve-box"": null}",56,False,miss,0.368242,1.958887,0.14745,0.0,0.0,1.79,1.0,2.0,0.0,0.368242,0.0,1.39,1024.0,-1.0,-99.0,
exp26_tcp_grid,ablationsoftmin_only__ballspeed9__maxtcp1.8__noplot__servebox,"{""--ablation"": ""softmin_only"", ""--ball-speed"": 9, ""--max-tcp"": 1.8, ""--no-plot"": null, ""--serve-box"": null}",54,True,active,0.026602,2.002052,0.026602,0.0,40.0,1.83,0.99,1.8,25.0,0.026602,1.798,1.46,1051.7,8.39,-1.408,
exp26_tcp_grid,ablationsoftmin_only__ballspeed9__maxtcp1.8__noplot__servebox,"{""--ablation"": ""softmin_only"", ""--ball-speed"": 9, ""--max-tcp"": 1.8, ""--no-plot"": null, ""--serve-box"": null}",47,True,active,0.064985,1.887022,0.064985,50.0,105.0,1.52,0.98,1.6,10.0,0.064985,1.116,2.82,2113.8,7.258,-5.225,
exp26_tcp_grid,ablationsoftmin_only__ballspeed9__maxtcp1.8__noplot__servebox,"{""--ablation"": ""softmin_only"", ""--ball-speed"": 9, ""--max-tcp"": 1.8, ""--no-plot"": null, ""--serve-box"": null}",46,True,active,0.108509,1.968238,0.104567,35.0,105.0,1.34,0.99,1.4,10.0,0.108509,1.098,3.02,2248.1,7.949,-6.982,
exp26_tcp_grid,ablationsoftmin_only__ballspeed9__maxtcp1.8__noplot__servebox,"{""--ablation"": ""softmin_only"", ""--ball-speed"": 9, ""--max-tcp"": 1.8, ""--no-plot"": null, ""--serve-box"": null}",55,True,active,0.088314,1.991799,0.082141,40.0,105.0,1.8,0.96,1.9,20.0,0.088314,1.797,1.71,1273.2,7.749,0.171,
exp26_tcp_grid,ablationsoftmin_only__ballspeed9__maxtcp1.8__noplot__servebox,"{""--ablation"": ""softmin_only"", ""--ball-speed"": 9, ""--max-tcp"": 1.8, ""--no-plot"": null, ""--serve-box"": null}",58,True,active,0.077252,1.896829,0.07613,45.0,105.0,1.4,1.0,1.8,15.0,0.077252,1.252,1.87,1197.1,6.218,-2.787,
exp26_tcp_grid,ablationsoftmin_only__ballspeed9__maxtcp1.8__noplot__servebox,"{""--ablation"": ""softmin_only"", ""--ball-speed"": 9, ""--max-tcp"": 1.8, ""--no-plot"": null, ""--serve-box"": null}",57,True,active,0.097783,1.972986,0.092844,0.0,0.0,1.8,0.93,2.0,20.0,0.097783,1.789,1.97,1314.7,7.453,1.167,
exp26_tcp_grid,ablationsoftmin_only__ballspeed9__maxtcp1.8__noplot__servebox,"{""--ablation"": ""softmin_only"", ""--ball-speed"": 9, ""--max-tcp"": 1.8, ""--no-plot"": null, ""--serve-box"": null}",59,True,active,0.096787,1.962974,0.089674,35.0,85.0,1.79,1.0,1.8,25.0,0.096787,1.79,1.65,1214.2,7.6,-1.368,
exp26_tcp_grid,ablationsoftmin_only__ballspeed9__maxtcp1.8__noplot__servebox,"{""--ablation"": ""softmin_only"", ""--ball-speed"": 9, ""--max-tcp"": 1.8, ""--no-plot"": null, ""--serve-box"": null}",60,True,active,0.127872,1.958513,0.126691,35.0,105.0,1.8,1.0,1.9,20.0,0.127872,1.57,1.61,1253.7,7.727,-3.294,
exp26_tcp_grid,ablationsoftmin_only__ballspeed9__maxtcp1.8__noplot__servebox,"{""--ablation"": ""softmin_only"", ""--ball-speed"": 9, ""--max-tcp"": 1.8, ""--no-plot"": null, ""--serve-box"": null}",51,True,active,0.112968,1.953826,0.099565,40.0,105.0,1.68,1.0,1.8,15.0,0.112968,1.562,2.59,1989.8,7.141,-0.963,
exp26_tcp_grid,ablationsoftmin_only__ballspeed9__maxtcp1.8__noplot__servebox,"{""--ablation"": ""softmin_only"", ""--ball-speed"": 9, ""--max-tcp"": 1.8, ""--no-plot"": null, ""--serve-box"": null}",62,True,active,0.095273,1.973723,0.092454,35.0,105.0,1.8,0.99,1.8,20.0,0.095273,1.673,1.39,1028.1,7.038,-3.894,
exp26_tcp_grid,ablationsoftmin_only__ballspeed9__maxtcp1.8__noplot__servebox,"{""--ablation"": ""softmin_only"", ""--ball-speed"": 9, ""--max-tcp"": 1.8, ""--no-plot"": null, ""--serve-box"": null}",63,True,active,0.072817,1.982574,0.072817,40.0,105.0,1.81,1.0,1.5,20.0,0.072817,1.57,1.44,1054.1,8.244,-4.049,
exp26_tcp_grid,ablationsoftmin_only__ballspeed9__maxtcp1.8__noplot__servebox,"{""--ablation"": ""softmin_only"", ""--ball-speed"": 9, ""--max-tcp"": 1.8, ""--no-plot"": null, ""--serve-box"": null}",52,True,active,0.083158,1.959336,0.078359,35.0,105.0,1.8,0.99,1.5,20.0,0.083158,1.743,2.94,2286.9,7.273,-1.908,
exp26_tcp_grid,ablationsoftmin_only__ballspeed9__maxtcp1.8__noplot__servebox,"{""--ablation"": ""softmin_only"", ""--ball-speed"": 9, ""--max-tcp"": 1.8, ""--no-plot"": null, ""--serve-box"": null}",53,True,active,0.043133,1.938171,0.043133,40.0,105.0,1.41,1.0,1.5,10.0,0.043133,0.467,2.96,2140.4,7.391,-5.43,
exp26_tcp_grid,ablationsoftmin_only__ballspeed9__maxtcp1.8__noplot__servebox,"{""--ablation"": ""softmin_only"", ""--ball-speed"": 9, ""--max-tcp"": 1.8, ""--no-plot"": null, ""--serve-box"": null}",65,True,active,0.092845,1.99361,0.092845,30.0,105.0,1.82,1.0,1.8,20.0,0.092845,1.775,1.46,1048.7,7.884,-4.686,
exp26_tcp_grid,ablationsoftmin_only__ballspeed9__maxtcp1.8__noplot__servebox,"{""--ablation"": ""softmin_only"", ""--ball-speed"": 9, ""--max-tcp"": 1.8, ""--no-plot"": null, ""--serve-box"": null}",61,True,active,0.114318,1.984063,0.114318,30.0,105.0,1.81,1.0,1.6,20.0,0.114318,1.692,2.09,1426.8,7.937,-3.643,
exp26_tcp_grid,ablationsoftmin_only__ballspeed9__maxtcp1.8__noplot__servebox,"{""--ablation"": ""softmin_only"", ""--ball-speed"": 9, ""--max-tcp"": 1.8, ""--no-plot"": null, ""--serve-box"": null}",68,True,active,0.071333,1.922423,0.064737,45.0,105.0,1.62,1.0,1.1,5.0,0.071333,1.194,1.5,1097.6,8.239,-7.001,
exp26_tcp_grid,ablationsoftmin_only__ballspeed9__maxtcp1.8__noplot__servebox,"{""--ablation"": ""softmin_only"", ""--ball-speed"": 9, ""--max-tcp"": 1.8, ""--no-plot"": null, ""--serve-box"": null}",67,True,active,0.073771,1.954488,0.073771,35.0,105.0,1.78,0.99,1.8,15.0,0.073771,1.568,1.73,1186.5,7.01,-0.625,
exp26_tcp_grid,ablationsoftmin_only__ballspeed9__maxtcp1.8__noplot__servebox,"{""--ablation"": ""softmin_only"", ""--ball-speed"": 9, ""--max-tcp"": 1.8, ""--no-plot"": null, ""--serve-box"": null}",69,True,active,0.118332,1.974652,0.111439,35.0,105.0,1.79,0.99,1.8,20.0,0.118332,1.752,1.56,1113.3,7.541,-3.897,
exp26_tcp_grid,ablationsoftmin_only__ballspeed9__maxtcp1.8__noplot__servebox,"{""--ablation"": ""softmin_only"", ""--ball-speed"": 9, ""--max-tcp"": 1.8, ""--no-plot"": null, ""--serve-box"": null}",74,True,active,0.102079,1.949042,0.092375,40.0,105.0,1.8,0.99,1.8,20.0,0.102079,1.612,1.45,1109.3,7.973,-5.982,
exp26_tcp_grid,ablationsoftmin_only__ballspeed9__maxtcp1.8__noplot__servebox,"{""--ablation"": ""softmin_only"", ""--ball-speed"": 9, ""--max-tcp"": 1.8, ""--no-plot"": null, ""--serve-box"": null}",75,True,active,0.12734,1.946594,0.126058,35.0,105.0,1.3,0.99,1.5,5.0,0.12734,0.788,1.46,1099.2,7.856,-4.717,
exp26_tcp_grid,ablationsoftmin_only__ballspeed9__maxtcp1.8__noplot__servebox,"{""--ablation"": ""softmin_only"", ""--ball-speed"": 9, ""--max-tcp"": 1.8, ""--no-plot"": null, ""--serve-box"": null}",73,True,active,0.140882,1.988806,0.136042,35.0,105.0,1.73,0.99,1.5,20.0,0.140882,1.456,1.75,1304.5,8.015,-3.799,
exp26_tcp_grid,ablationsoftmin_only__ballspeed9__maxtcp1.8__noplot__servebox,"{""--ablation"": ""softmin_only"", ""--ball-speed"": 9, ""--max-tcp"": 1.8, ""--no-plot"": null, ""--serve-box"": null}",76,True,active,0.084506,1.911595,0.079259,0.0,0.0,1.68,0.99,1.8,15.0,0.084506,1.582,1.44,1051.0,7.747,1.555,
exp26_tcp_grid,ablationsoftmin_only__ballspeed9__maxtcp1.8__noplot__servebox,"{""--ablation"": ""softmin_only"", ""--ball-speed"": 9, ""--max-tcp"": 1.8, ""--no-plot"": null, ""--serve-box"": null}",71,True,active,0.126612,1.976013,0.126612,20.0,80.0,1.78,1.0,1.9,25.0,0.126612,1.555,1.96,1564.9,7.409,-0.161,
exp26_tcp_grid,ablationsoftmin_only__ballspeed9__maxtcp1.8__noplot__servebox,"{""--ablation"": ""softmin_only"", ""--ball-speed"": 9, ""--max-tcp"": 1.8, ""--no-plot"": null, ""--serve-box"": null}",66,True,active,0.124686,1.952174,0.112218,40.0,100.0,1.8,1.0,1.8,20.0,0.124686,1.52,2.62,1987.5,7.981,-3.079,
exp26_tcp_grid,ablationsoftmin_only__ballspeed9__maxtcp1.8__noplot__servebox,"{""--ablation"": ""softmin_only"", ""--ball-speed"": 9, ""--max-tcp"": 1.8, ""--no-plot"": null, ""--serve-box"": null}",64,True,active,0.128042,1.958688,0.118029,35.0,105.0,1.81,0.99,1.6,20.0,0.128042,1.687,2.93,2283.2,8.541,-5.591,
exp26_tcp_grid,ablationsoftmin_only__ballspeed9__maxtcp1.8__noplot__servebox,"{""--ablation"": ""softmin_only"", ""--ball-speed"": 9, ""--max-tcp"": 1.8, ""--no-plot"": null, ""--serve-box"": null}",77,True,active,0.092238,1.911211,0.08295,40.0,105.0,1.48,1.0,1.4,15.0,0.092238,1.407,1.54,1066.2,7.308,-5.319,
exp26_tcp_grid,ablationsoftmin_only__ballspeed9__maxtcp1.8__noplot__servebox,"{""--ablation"": ""softmin_only"", ""--ball-speed"": 9, ""--max-tcp"": 1.8, ""--no-plot"": null, ""--serve-box"": null}",79,True,active,0.109749,1.943225,0.078906,25.0,60.0,1.79,0.99,1.6,20.0,0.109749,1.751,1.72,1071.6,8.196,-1.381,
exp26_tcp_grid,ablationsoftmin_only__ballspeed9__maxtcp1.8__noplot__servebox,"{""--ablation"": ""softmin_only"", ""--ball-speed"": 9, ""--max-tcp"": 1.8, ""--no-plot"": null, ""--serve-box"": null}",72,True,active,0.074501,1.984458,0.074501,40.0,105.0,1.79,0.99,1.8,15.0,0.074501,1.748,2.69,1935.2,8.437,-6.261,
exp26_tcp_grid,ablationsoftmin_only__ballspeed9__maxtcp1.8__noplot__servebox,"{""--ablation"": ""softmin_only"", ""--ball-speed"": 9, ""--max-tcp"": 1.8, ""--no-plot"": null, ""--serve-box"": null}",82,True,active,0.093201,1.964045,0.093201,30.0,105.0,1.81,0.99,1.7,20.0,0.093201,1.711,1.54,1044.9,8.053,-3.259,
exp26_tcp_grid,ablationsoftmin_only__ballspeed9__maxtcp1.8__noplot__servebox,"{""--ablation"": ""softmin_only"", ""--ball-speed"": 9, ""--max-tcp"": 1.8, ""--no-plot"": null, ""--serve-box"": null}",83,True,active,0.106132,1.987813,0.106132,40.0,105.0,1.59,1.0,1.5,15.0,0.106132,1.425,1.67,1178.8,8.371,-7.689,
exp26_tcp_grid,ablationsoftmin_only__ballspeed9__maxtcp1.8__noplot__servebox,"{""--ablation"": ""softmin_only"", ""--ball-speed"": 9, ""--max-tcp"": 1.8, ""--no-plot"": null, ""--serve-box"": null}",70,True,active,0.082875,1.983895,0.082875,40.0,105.0,1.79,1.0,1.7,20.0,0.082875,1.761,3.0,2208.2,9.097,-8.348,
exp26_tcp_grid,ablationsoftmin_only__ballspeed9__maxtcp1.8__noplot__servebox,"{""--ablation"": ""softmin_only"", ""--ball-speed"": 9, ""--max-tcp"": 1.8, ""--no-plot"": null, ""--serve-box"": null}",81,True,active,0.071023,1.982943,0.071023,35.0,105.0,1.79,1.0,1.8,20.0,0.071023,1.411,1.89,1412.5,7.635,-5.284,
exp26_tcp_grid,ablationsoftmin_only__ballspeed9__maxtcp1.8__noplot__servebox,"{""--ablation"": ""softmin_only"", ""--ball-speed"": 9, ""--max-tcp"": 1.8, ""--no-plot"": null, ""--serve-box"": null}",84,True,active,0.076655,1.959534,0.070055,40.0,105.0,1.8,1.0,1.8,20.0,0.076655,1.718,1.49,1057.3,7.355,-5.348,
exp26_tcp_grid,ablationsoftmin_only__ballspeed9__maxtcp1.8__noplot__servebox,"{""--ablation"": ""softmin_only"", ""--ball-speed"": 9, ""--max-tcp"": 1.8, ""--no-plot"": null, ""--serve-box"": null}",85,True,active,0.076236,1.966507,0.074221,40.0,105.0,1.8,0.99,1.6,10.0,0.076236,1.656,1.5,1074.8,9.616,-8.317,
exp26_tcp_grid,ablationsoftmin_only__ballspeed9__maxtcp1.8__noplot__servebox,"{""--ablation"": ""softmin_only"", ""--ball-speed"": 9, ""--max-tcp"": 1.8, ""--no-plot"": null, ""--serve-box"": null}",87,True,active,0.132261,1.950591,0.121874,35.0,100.0,1.78,0.99,1.9,20.0,0.132261,1.465,1.51,1088.0,7.714,-2.567,
exp26_tcp_grid,ablationsoftmin_only__ballspeed9__maxtcp1.8__noplot__servebox,"{""--ablation"": ""softmin_only"", ""--ball-speed"": 9, ""--max-tcp"": 1.8, ""--no-plot"": null, ""--serve-box"": null}",88,True,active,0.101654,1.967029,0.101654,35.0,105.0,1.8,0.99,2.0,20.0,0.101654,1.669,1.48,1050.3,8.187,-5.665,
exp26_tcp_grid,ablationsoftmin_only__ballspeed9__maxtcp1.8__noplot__servebox,"{""--ablation"": ""softmin_only"", ""--ball-speed"": 9, ""--max-tcp"": 1.8, ""--no-plot"": null, ""--serve-box"": null}",78,True,active,0.087023,1.93995,0.083849,35.0,105.0,1.8,0.99,1.8,20.0,0.087023,1.635,2.89,2259.6,7.315,-4.26,
exp26_tcp_grid,ablationsoftmin_only__ballspeed9__maxtcp1.8__noplot__servebox,"{""--ablation"": ""softmin_only"", ""--ball-speed"": 9, ""--max-tcp"": 1.8, ""--no-plot"": null, ""--serve-box"": null}",80,True,active,0.030953,1.933759,0.030953,50.0,105.0,1.81,1.0,1.5,10.0,0.030953,0.789,3.0,2257.6,7.522,-6.608,
exp26_tcp_grid,ablationsoftmin_only__ballspeed9__maxtcp1.8__noplot__servebox,"{""--ablation"": ""softmin_only"", ""--ball-speed"": 9, ""--max-tcp"": 1.8, ""--no-plot"": null, ""--serve-box"": null}",91,True,active,0.006856,1.964643,0.006856,55.0,105.0,1.6,1.0,1.5,5.0,0.006856,0.674,1.79,1293.8,6.208,-6.002,
exp26_tcp_grid,ablationsoftmin_only__ballspeed9__maxtcp1.8__noplot__servebox,"{""--ablation"": ""softmin_only"", ""--ball-speed"": 9, ""--max-tcp"": 1.8, ""--no-plot"": null, ""--serve-box"": null}",93,True,active,0.095907,1.937913,0.085582,45.0,105.0,1.79,0.99,2.1,15.0,0.095907,1.731,1.46,1058.9,6.987,-4.145,
exp26_tcp_grid,ablationsoftmin_only__ballspeed9__maxtcp1.8__noplot__servebox,"{""--ablation"": ""softmin_only"", ""--ball-speed"": 9, ""--max-tcp"": 1.8, ""--no-plot"": null, ""--serve-box"": null}",95,True,active,0.100277,1.933371,0.086379,40.0,105.0,1.76,0.99,1.8,25.0,0.100277,1.546,1.43,1059.3,6.901,-1.871,
exp26_tcp_grid,ablationsoftmin_only__ballspeed9__maxtcp1.8__noplot__servebox,"{""--ablation"": ""softmin_only"", ""--ball-speed"": 9, ""--max-tcp"": 1.8, ""--no-plot"": null, ""--serve-box"": null}",96,True,active,0.083003,1.980057,0.077248,35.0,105.0,1.81,0.94,1.8,20.0,0.083003,1.739,1.58,1168.2,7.425,-3.487,
exp26_tcp_grid,ablationsoftmin_only__ballspeed9__maxtcp1.8__noplot__servebox,"{""--ablation"": ""softmin_only"", ""--ball-speed"": 9, ""--max-tcp"": 1.8, ""--no-plot"": null, ""--serve-box"": null}",89,True,active,0.079683,1.937969,0.079683,40.0,105.0,1.79,0.97,1.8,15.0,0.079683,1.784,2.6,1951.4,7.137,-3.114,
exp26_tcp_grid,ablationsoftmin_only__ballspeed9__maxtcp1.8__noplot__servebox,"{""--ablation"": ""softmin_only"", ""--ball-speed"": 9, ""--max-tcp"": 1.8, ""--no-plot"": null, ""--serve-box"": null}",98,True,active,0.085684,1.932208,0.056169,0.0,0.0,1.79,0.99,1.4,20.0,0.085684,1.706,1.49,1075.1,8.359,0.246,
exp26_tcp_grid,ablationsoftmin_only__ballspeed9__maxtcp1.8__noplot__servebox,"{""--ablation"": ""softmin_only"", ""--ball-speed"": 9, ""--max-tcp"": 1.8, ""--no-plot"": null, ""--serve-box"": null}",86,True,active,0.084805,1.952287,0.084805,40.0,105.0,1.78,1.0,1.8,15.0,0.084805,1.657,2.88,2231.7,6.988,-3.76,
exp26_tcp_grid,ablationsoftmin_only__ballspeed9__maxtcp1.8__noplot__servebox,"{""--ablation"": ""softmin_only"", ""--ball-speed"": 9, ""--max-tcp"": 1.8, ""--no-plot"": null, ""--serve-box"": null}",99,True,active,0.12259,1.963722,0.117563,35.0,105.0,1.8,1.0,1.8,20.0,0.12259,1.802,1.46,1029.6,8.3,-5.906,
exp26_tcp_grid,ablationnone__ballspeed9__maxtcp1.8__noplot__servebox,"{""--ablation"": ""none"", ""--ball-speed"": 9, ""--max-tcp"": 1.8, ""--no-plot"": null, ""--serve-box"": null}",1,True,active,0.056345,1.946711,0.045804,0.0,0.0,1.79,1.0,1.6,20.0,0.056345,1.789,1.55,1201.8,7.76,1.88,
exp26_tcp_grid,ablationsoftmin_only__ballspeed9__maxtcp1.8__noplot__servebox,"{""--ablation"": ""softmin_only"", ""--ball-speed"": 9, ""--max-tcp"": 1.8, ""--no-plot"": null, ""--serve-box"": null}",90,True,active,0.087297,1.974534,0.085874,40.0,105.0,1.81,0.96,2.1,15.0,0.087297,1.806,2.94,2229.2,7.606,-6.96,
exp26_tcp_grid,ablationsoftmin_only__ballspeed9__maxtcp1.8__noplot__servebox,"{""--ablation"": ""softmin_only"", ""--ball-speed"": 9, ""--max-tcp"": 1.8, ""--no-plot"": null, ""--serve-box"": null}",97,True,active,0.131879,1.974839,0.122393,30.0,85.0,1.79,1.0,1.9,20.0,0.131879,1.681,2.04,1268.8,8.582,-2.715,
exp26_tcp_grid,ablationnone__ballspeed9__maxtcp1.8__noplot__servebox,"{""--ablation"": ""none"", ""--ball-speed"": 9, ""--max-tcp"": 1.8, ""--no-plot"": null, ""--serve-box"": null}",2,True,active,0.0914,1.980466,0.067024,40.0,0.0,1.65,0.99,1.1,15.0,0.0914,1.117,1.41,1068.8,7.407,-3.688,
exp26_tcp_grid,ablationsoftmin_only__ballspeed9__maxtcp1.8__noplot__servebox,"{""--ablation"": ""softmin_only"", ""--ball-speed"": 9, ""--max-tcp"": 1.8, ""--no-plot"": null, ""--serve-box"": null}",94,True,active,0.094843,1.978892,0.094843,35.0,105.0,1.8,0.97,1.8,20.0,0.094843,1.744,2.41,1685.1,7.678,-1.305,
exp26_tcp_grid,ablationnone__ballspeed9__maxtcp1.8__noplot__servebox,"{""--ablation"": ""none"", ""--ball-speed"": 9, ""--max-tcp"": 1.8, ""--no-plot"": null, ""--serve-box"": null}",3,True,active,0.101632,1.933792,0.034245,0.0,0.0,1.46,1.0,1.7,20.0,0.101632,0.823,1.54,1091.4,8.293,0.73,
exp26_tcp_grid,ablationsoftmin_only__ballspeed9__maxtcp1.8__noplot__servebox,"{""--ablation"": ""softmin_only"", ""--ball-speed"": 9, ""--max-tcp"": 1.8, ""--no-plot"": null, ""--serve-box"": null}",92,True,active,0.106301,1.956975,0.087002,40.0,105.0,1.79,1.0,1.9,30.0,0.106301,1.716,2.89,2261.6,7.325,-2.44,
exp26_tcp_grid,ablationnone__ballspeed9__maxtcp1.8__noplot__servebox,"{""--ablation"": ""none"", ""--ball-speed"": 9, ""--max-tcp"": 1.8, ""--no-plot"": null, ""--serve-box"": null}",5,False,miss,0.302049,1.95578,0.094482,0.0,0.0,1.37,1.0,1.2,0.0,0.302049,0.0,1.42,1094.9,-1.0,-99.0,
exp26_tcp_grid,ablationsoftmin_only__ballspeed9__maxtcp1.8__noplot__servebox,"{""--ablation"": ""softmin_only"", ""--ball-speed"": 9, ""--max-tcp"": 1.8, ""--no-plot"": null, ""--serve-box"": null}",100,True,active,0.081013,1.985073,0.076399,40.0,105.0,1.8,0.98,1.8,20.0,0.081013,1.778,2.43,1738.2,7.481,-5.689,
exp26_tcp_grid,ablationnone__ballspeed9__maxtcp1.8__noplot__servebox,"{""--ablation"": ""none"", ""--ball-speed"": 9, ""--max-tcp"": 1.8, ""--no-plot"": null, ""--serve-box"": null}",6,True,active,0.041667,1.963245,0.041667,35.0,0.0,1.8,0.99,1.8,10.0,0.041667,1.752,1.53,1133.3,7.048,0.597,
exp26_tcp_grid,ablationnone__ballspeed9__maxtcp1.8__noplot__servebox,"{""--ablation"": ""none"", ""--ball-speed"": 9, ""--max-tcp"": 1.8, ""--no-plot"": null, ""--serve-box"": null}",7,True,active,0.076035,1.98018,0.019934,50.0,0.0,1.79,1.0,1.4,10.0,0.076035,1.79,1.45,1117.9,7.873,-2.276,
exp26_tcp_grid,ablationnone__ballspeed9__maxtcp1.8__noplot__servebox,"{""--ablation"": ""none"", ""--ball-speed"": 9, ""--max-tcp"": 1.8, ""--no-plot"": null, ""--serve-box"": null}",20,,,,,,,,,,,,,,0.18,,,,no_result
exp26_tcp_grid,ablationnone__ballspeed9__maxtcp1.8__noplot__servebox,"{""--ablation"": ""none"", ""--ball-speed"": 9, ""--max-tcp"": 1.8, ""--no-plot"": null, ""--serve-box"": null}",21,,,,,,,,,,,,,,0.17,,,,no_result
exp26_tcp_grid,ablationnone__ballspeed9__maxtcp1.8__noplot__servebox,"{""--ablation"": ""none"", ""--ball-speed"": 9, ""--max-tcp"": 1.8, ""--no-plot"": null, ""--serve-box"": null}",10,True,active,0.063642,1.965808,0.033176,40.0,0.0,1.72,0.99,1.7,10.0,0.063642,1.724,1.57,1210.5,7.273,0.315,
exp26_tcp_grid,ablationnone__ballspeed9__maxtcp1.8__noplot__servebox,"{""--ablation"": ""none"", ""--ball-speed"": 9, ""--max-tcp"": 1.8, ""--no-plot"": null, ""--serve-box"": null}",4,True,active,0.113372,1.942406,0.073817,45.0,0.0,1.27,1.0,1.1,10.0,0.113372,0.731,2.44,1845.8,7.509,-1.773,
exp26_tcp_grid,ablationnone__ballspeed9__maxtcp1.8__noplot__servebox,"{""--ablation"": ""none"", ""--ball-speed"": 9, ""--max-tcp"": 1.8, ""--no-plot"": null, ""--serve-box"": null}",15,True,active,0.096965,1.956504,0.069954,45.0,0.0,1.63,1.0,1.1,15.0,0.096965,0.858,1.51,1118.4,6.969,-1.112,
exp26_tcp_grid,ablationnone__ballspeed9__maxtcp1.8__noplot__servebox,"{""--ablation"": ""none"", ""--ball-speed"": 9, ""--max-tcp"": 1.8, ""--no-plot"": null, ""--serve-box"": null}",11,True,active,0.109392,1.87789,0.107896,35.0,0.0,1.38,0.99,1.2,10.0,0.109392,0.809,1.97,1523.4,7.539,-4.683,
exp26_tcp_grid,ablationnone__ballspeed9__maxtcp1.8__noplot__servebox,"{""--ablation"": ""none"", ""--ball-speed"": 9, ""--max-tcp"": 1.8, ""--no-plot"": null, ""--serve-box"": null}",14,True,active,0.103945,1.951178,0.070166,45.0,0.0,1.35,1.0,1.6,10.0,0.103945,1.209,1.72,1352.9,7.742,-2.427,
exp26_tcp_grid,ablationnone__ballspeed9__maxtcp1.8__noplot__servebox,"{""--ablation"": ""none"", ""--ball-speed"": 9, ""--max-tcp"": 1.8, ""--no-plot"": null, ""--serve-box"": null}",16,True,active,0.047939,2.020466,0.047939,0.0,0.0,1.79,0.99,1.5,15.0,0.047939,1.473,1.59,1194.1,7.987,1.902,
exp26_tcp_grid,ablationnone__ballspeed9__maxtcp1.8__noplot__servebox,"{""--ablation"": ""none"", ""--ball-speed"": 9, ""--max-tcp"": 1.8, ""--no-plot"": null, ""--serve-box"": null}",17,True,active,0.090855,1.919206,0.090855,40.0,0.0,1.58,0.97,1.4,5.0,0.090855,0.835,1.44,1089.6,5.9,-5.266,
exp26_tcp_grid,ablationnone__ballspeed9__maxtcp1.8__noplot__servebox,"{""--ablation"": ""none"", ""--ball-speed"": 9, ""--max-tcp"": 1.8, ""--no-plot"": null, ""--serve-box"": null}",19,True,active,0.093229,1.966529,0.028792,0.0,0.0,1.51,0.99,1.1,15.0,0.093229,1.449,1.45,1115.7,7.214,2.463,
exp26_tcp_grid,ablationnone__ballspeed9__maxtcp1.8__noplot__servebox,"{""--ablation"": ""none"", ""--ball-speed"": 9, ""--max-tcp"": 1.8, ""--no-plot"": null, ""--serve-box"": null}",12,True,active,0.076772,1.961254,0.037698,0.0,0.0,1.41,1.0,1.4,15.0,0.076772,0.963,2.33,1999.0,7.606,0.304,
exp26_tcp_grid,ablationnone__ballspeed9__maxtcp1.8__noplot__servebox,"{""--ablation"": ""none"", ""--ball-speed"": 9, ""--max-tcp"": 1.8, ""--no-plot"": null, ""--serve-box"": null}",22,True,active,0.057752,1.923803,0.025463,0.0,0.0,1.77,0.99,1.3,15.0,0.057752,1.721,1.44,1105.4,7.971,1.605,
exp26_tcp_grid,ablationnone__ballspeed9__maxtcp1.8__noplot__servebox,"{""--ablation"": ""none"", ""--ball-speed"": 9, ""--max-tcp"": 1.8, ""--no-plot"": null, ""--serve-box"": null}",9,True,active,0.094524,1.939047,0.063607,50.0,0.0,1.28,1.0,1.3,5.0,0.094524,0.759,2.85,2204.3,7.51,-4.739,
exp26_tcp_grid,ablationnone__ballspeed9__maxtcp1.8__noplot__servebox,"{""--ablation"": ""none"", ""--ball-speed"": 9, ""--max-tcp"": 1.8, ""--no-plot"": null, ""--serve-box"": null}",8,False,miss,0.191065,1.906671,0.175849,10.0,0.0,1.45,1.0,1.6,0.0,0.191065,0.0,2.97,2317.8,-1.0,-99.0,
exp26_tcp_grid,ablationnone__ballspeed9__maxtcp1.8__noplot__servebox,"{""--ablation"": ""none"", ""--ball-speed"": 9, ""--max-tcp"": 1.8, ""--no-plot"": null, ""--serve-box"": null}",13,False,miss,0.258967,1.883136,0.092805,0.0,0.0,1.8,0.98,1.3,0.0,0.258967,0.0,2.86,2137.4,-1.0,-99.0,
exp26_tcp_grid,ablationnone__ballspeed9__maxtcp1.8__noplot__servebox,"{""--ablation"": ""none"", ""--ball-speed"": 9, ""--max-tcp"": 1.8, ""--no-plot"": null, ""--serve-box"": null}",25,False,miss,0.170541,1.876711,0.151651,0.0,0.0,1.72,1.0,1.7,0.0,0.170541,0.0,1.74,1277.8,-1.0,-99.0,
exp26_tcp_grid,ablationnone__ballspeed9__maxtcp1.8__noplot__servebox,"{""--ablation"": ""none"", ""--ball-speed"": 9, ""--max-tcp"": 1.8, ""--no-plot"": null, ""--serve-box"": null}",27,True,active,0.029988,1.977935,0.029988,40.0,0.0,1.66,1.0,1.6,5.0,0.029988,0.749,1.5,1129.0,7.438,2.225,
exp26_tcp_grid,ablationnone__ballspeed9__maxtcp1.8__noplot__servebox,"{""--ablation"": ""none"", ""--ball-speed"": 9, ""--max-tcp"": 1.8, ""--no-plot"": null, ""--serve-box"": null}",18,True,active,0.079494,1.973642,0.026104,45.0,0.0,1.66,1.0,1.7,10.0,0.079494,1.66,2.71,2143.2,7.85,-1.148,
exp26_tcp_grid,ablationnone__ballspeed9__maxtcp1.8__noplot__servebox,"{""--ablation"": ""none"", ""--ball-speed"": 9, ""--max-tcp"": 1.8, ""--no-plot"": null, ""--serve-box"": null}",29,True,active,0.032211,1.829229,0.032211,45.0,0.0,1.74,0.99,2.1,0.0,0.032211,0.819,1.47,1076.3,5.893,-5.815,
exp26_tcp_grid,ablationnone__ballspeed9__maxtcp1.8__noplot__servebox,"{""--ablation"": ""none"", ""--ball-speed"": 9, ""--max-tcp"": 1.8, ""--no-plot"": null, ""--serve-box"": null}",24,True,active,0.081582,1.944779,0.078428,40.0,0.0,1.81,1.0,1.5,15.0,0.081582,1.251,2.21,1738.0,6.111,-1.973,
exp26_tcp_grid,ablationnone__ballspeed9__maxtcp1.8__noplot__servebox,"{""--ablation"": ""none"", ""--ball-speed"": 9, ""--max-tcp"": 1.8, ""--no-plot"": null, ""--serve-box"": null}",30,False,miss,0.331062,2.014312,0.100187,0.0,0.0,1.78,1.0,1.7,0.0,0.331062,0.0,1.55,1152.9,-1.0,-99.0,
exp26_tcp_grid,ablationnone__ballspeed9__maxtcp1.8__noplot__servebox,"{""--ablation"": ""none"", ""--ball-speed"": 9, ""--max-tcp"": 1.8, ""--no-plot"": null, ""--serve-box"": null}",31,False,miss,0.31925,1.929066,0.214906,0.0,0.0,1.12,0.99,1.3,0.0,0.31925,0.0,1.47,1062.2,-1.0,-99.0,
exp26_tcp_grid,ablationnone__ballspeed9__maxtcp1.8__noplot__servebox,"{""--ablation"": ""none"", ""--ball-speed"": 9, ""--max-tcp"": 1.8, ""--no-plot"": null, ""--serve-box"": null}",23,True,active,0.107985,1.938745,0.10616,35.0,0.0,1.32,0.99,1.4,10.0,0.107985,1.302,2.67,2097.4,7.448,-5.18,
exp26_tcp_grid,ablationnone__ballspeed9__maxtcp1.8__noplot__servebox,"{""--ablation"": ""none"", ""--ball-speed"": 9, ""--max-tcp"": 1.8, ""--no-plot"": null, ""--serve-box"": null}",26,True,active,0.038576,1.974776,0.038576,0.0,0.0,1.8,1.0,1.5,20.0,0.038576,1.755,2.27,1888.3,8.369,-0.299,
exp26_tcp_grid,ablationnone__ballspeed9__maxtcp1.8__noplot__servebox,"{""--ablation"": ""none"", ""--ball-speed"": 9, ""--max-tcp"": 1.8, ""--no-plot"": null, ""--serve-box"": null}",28,False,miss,0.301522,1.990643,0.103434,0.0,0.0,1.61,0.99,1.2,0.0,0.301522,0.0,2.08,1513.7,-1.0,-99.0,
exp26_tcp_grid,ablationnone__ballspeed9__maxtcp1.8__noplot__servebox,"{""--ablation"": ""none"", ""--ball-speed"": 9, ""--max-tcp"": 1.8, ""--no-plot"": null, ""--serve-box"": null}",33,True,active,0.125045,1.950037,0.087253,45.0,0.0,1.35,1.0,1.4,10.0,0.125045,0.563,1.49,1160.3,7.424,0.14,
exp26_tcp_grid,ablationnone__ballspeed9__maxtcp1.8__noplot__servebox,"{""--ablation"": ""none"", ""--ball-speed"": 9, ""--max-tcp"": 1.8, ""--no-plot"": null, ""--serve-box"": null}",32,True,active,0.103773,1.918402,0.077763,50.0,0.0,1.26,1.0,1.2,5.0,0.103773,0.388,1.8,1154.7,7.544,-3.579,
exp26_tcp_grid,ablationnone__ballspeed9__maxtcp1.8__noplot__servebox,"{""--ablation"": ""none"", ""--ball-speed"": 9, ""--max-tcp"": 1.8, ""--no-plot"": null, ""--serve-box"": null}",37,True,active,0.04033,1.995297,0.009437,0.0,0.0,1.66,1.0,1.7,10.0,0.04033,1.661,1.54,1133.4,7.723,1.673,
exp26_tcp_grid,ablationnone__ballspeed9__maxtcp1.8__noplot__servebox,"{""--ablation"": ""none"", ""--ball-speed"": 9, ""--max-tcp"": 1.8, ""--no-plot"": null, ""--serve-box"": null}",41,True,passive,0.086263,1.926089,0.083086,35.0,0.0,1.8,1.0,2.0,15.0,0.086263,0.223,1.47,1070.8,7.629,-5.626,
exp26_tcp_grid,ablationnone__ballspeed9__maxtcp1.8__noplot__servebox,"{""--ablation"": ""none"", ""--ball-speed"": 9, ""--max-tcp"": 1.8, ""--no-plot"": null, ""--serve-box"": null}",42,True,active,0.063957,1.934816,0.050344,15.0,0.0,1.3,1.0,1.5,15.0,0.063957,0.635,1.53,1102.1,7.781,-1.316,
exp26_tcp_grid,ablationnone__ballspeed9__maxtcp1.8__noplot__servebox,"{""--ablation"": ""none"", ""--ball-speed"": 9, ""--max-tcp"": 1.8, ""--no-plot"": null, ""--serve-box"": null}",43,True,active,0.133283,1.89376,0.120506,35.0,0.0,1.78,0.99,2.0,15.0,0.133283,1.474,1.58,1209.2,7.43,-1.07,
exp26_tcp_grid,ablationnone__ballspeed9__maxtcp1.8__noplot__servebox,"{""--ablation"": ""none"", ""--ball-speed"": 9, ""--max-tcp"": 1.8, ""--no-plot"": null, ""--serve-box"": null}",38,True,active,0.090646,1.954148,0.051676,50.0,0.0,1.27,0.99,1.3,10.0,0.090646,1.155,1.89,1424.5,7.746,-3.44,
exp26_tcp_grid,ablationnone__ballspeed9__maxtcp1.8__noplot__servebox,"{""--ablation"": ""none"", ""--ball-speed"": 9, ""--max-tcp"": 1.8, ""--no-plot"": null, ""--serve-box"": null}",36,True,active,0.119603,1.960268,0.104265,40.0,0.0,1.25,1.0,1.1,5.0,0.119603,0.702,2.42,1749.9,8.251,-4.429,
exp26_tcp_grid,ablationnone__ballspeed9__maxtcp1.8__noplot__servebox,"{""--ablation"": ""none"", ""--ball-speed"": 9, ""--max-tcp"": 1.8, ""--no-plot"": null, ""--serve-box"": null}",34,True,active,0.102874,1.951026,0.057783,45.0,0.0,1.19,1.0,1.2,10.0,0.102874,0.811,2.76,2177.1,7.629,-1.22,
exp26_tcp_grid,ablationnone__ballspeed9__maxtcp1.8__noplot__servebox,"{""--ablation"": ""none"", ""--ball-speed"": 9, ""--max-tcp"": 1.8, ""--no-plot"": null, ""--serve-box"": null}",45,True,active,0.07024,1.976097,0.023748,50.0,0.0,1.79,1.0,1.5,10.0,0.07024,1.788,1.47,1106.3,7.609,-1.931,
exp26_tcp_grid,ablationnone__ballspeed9__maxtcp1.8__noplot__servebox,"{""--ablation"": ""none"", ""--ball-speed"": 9, ""--max-tcp"": 1.8, ""--no-plot"": null, ""--serve-box"": null}",39,True,active,0.093892,1.897449,0.088409,45.0,0.0,1.74,0.99,1.6,5.0,0.093892,0.875,2.1,1488.0,7.597,-4.711,
exp26_tcp_grid,ablationnone__ballspeed9__maxtcp1.8__noplot__servebox,"{""--ablation"": ""none"", ""--ball-speed"": 9, ""--max-tcp"": 1.8, ""--no-plot"": null, ""--serve-box"": null}",48,True,active,0.102985,1.954129,0.057188,45.0,0.0,1.22,1.0,1.2,5.0,0.102985,0.757,1.4,1042.7,7.425,-0.99,
exp26_tcp_grid,ablationnone__ballspeed9__maxtcp1.8__noplot__servebox,"{""--ablation"": ""none"", ""--ball-speed"": 9, ""--max-tcp"": 1.8, ""--no-plot"": null, ""--serve-box"": null}",49,True,active,0.088668,1.973793,0.085829,40.0,0.0,1.72,0.97,1.9,10.0,0.088668,1.534,1.41,1043.2,7.702,-3.692,
exp26_tcp_grid,ablationnone__ballspeed9__maxtcp1.8__noplot__servebox,"{""--ablation"": ""none"", ""--ball-speed"": 9, ""--max-tcp"": 1.8, ""--no-plot"": null, ""--serve-box"": null}",35,False,miss,0.316662,1.903572,0.122283,0.0,0.0,1.31,0.99,1.6,0.0,0.316662,0.0,3.0,2348.4,-1.0,-99.0,
exp26_tcp_grid,ablationnone__ballspeed9__maxtcp1.8__noplot__servebox,"{""--ablation"": ""none"", ""--ball-speed"": 9, ""--max-tcp"": 1.8, ""--no-plot"": null, ""--serve-box"": null}",47,True,active,0.065723,1.877404,0.065723,40.0,0.0,1.38,1.0,1.3,5.0,0.065723,0.936,1.75,1301.8,7.981,-5.286,
exp26_tcp_grid,ablationnone__ballspeed9__maxtcp1.8__noplot__servebox,"{""--ablation"": ""none"", ""--ball-speed"": 9, ""--max-tcp"": 1.8, ""--no-plot"": null, ""--serve-box"": null}",40,True,active,0.046658,1.960363,0.028947,45.0,0.0,1.72,1.0,1.8,10.0,0.046658,1.716,2.54,2183.3,7.055,-1.165,
exp26_tcp_grid,ablationnone__ballspeed9__maxtcp1.8__noplot__servebox,"{""--ablation"": ""none"", ""--ball-speed"": 9, ""--max-tcp"": 1.8, ""--no-plot"": null, ""--serve-box"": null}",50,True,active,0.057608,1.909722,0.057608,15.0,0.0,1.78,1.0,1.8,15.0,0.057608,1.769,1.49,1108.2,6.903,-1.244,
exp26_tcp_grid,ablationnone__ballspeed9__maxtcp1.8__noplot__servebox,"{""--ablation"": ""none"", ""--ball-speed"": 9, ""--max-tcp"": 1.8, ""--no-plot"": null, ""--serve-box"": null}",51,True,active,0.10848,1.944385,0.056596,30.0,0.0,1.54,1.0,2.2,15.0,0.10848,1.516,1.44,1088.0,8.143,-1.718,
exp26_tcp_grid,ablationnone__ballspeed9__maxtcp1.8__noplot__servebox,"{""--ablation"": ""none"", ""--ball-speed"": 9, ""--max-tcp"": 1.8, ""--no-plot"": null, ""--serve-box"": null}",52,False,miss,0.305231,1.930324,0.134925,10.0,0.0,0.97,1.0,1.0,0.0,0.305231,0.0,1.45,1100.1,-1.0,-99.0,
exp26_tcp_grid,ablationnone__ballspeed9__maxtcp1.8__noplot__servebox,"{""--ablation"": ""none"", ""--ball-speed"": 9, ""--max-tcp"": 1.8, ""--no-plot"": null, ""--serve-box"": null}",44,True,active,0.080092,1.905311,0.080092,0.0,0.0,1.8,1.0,1.8,15.0,0.080092,1.735,2.92,2295.9,7.557,1.001,
exp26_tcp_grid,ablationnone__ballspeed9__maxtcp1.8__noplot__servebox,"{""--ablation"": ""none"", ""--ball-speed"": 9, ""--max-tcp"": 1.8, ""--no-plot"": null, ""--serve-box"": null}",46,True,active,0.006927,1.945795,0.006927,45.0,0.0,1.29,0.98,1.5,5.0,0.006927,0.358,2.72,2095.2,6.841,-4.242,
exp26_tcp_grid,ablationnone__ballspeed9__maxtcp1.8__noplot__servebox,"{""--ablation"": ""none"", ""--ball-speed"": 9, ""--max-tcp"": 1.8, ""--no-plot"": null, ""--serve-box"": null}",54,True,active,0.051937,1.982058,0.051937,0.0,0.0,1.47,1.0,1.5,20.0,0.051937,1.101,1.55,1140.8,8.312,3.288,
exp26_tcp_grid,ablationnone__ballspeed9__maxtcp1.8__noplot__servebox,"{""--ablation"": ""none"", ""--ball-speed"": 9, ""--max-tcp"": 1.8, ""--no-plot"": null, ""--serve-box"": null}",57,True,active,0.103904,1.991033,0.047306,45.0,0.0,1.62,1.0,1.3,20.0,0.103904,1.22,1.49,1079.7,8.203,-1.998,
exp26_tcp_grid,ablationnone__ballspeed9__maxtcp1.8__noplot__servebox,"{""--ablation"": ""none"", ""--ball-speed"": 9, ""--max-tcp"": 1.8, ""--no-plot"": null, ""--serve-box"": null}",56,False,miss,0.331034,1.953172,0.102189,0.0,0.0,1.78,1.0,2.3,0.0,0.331034,0.0,1.68,1248.6,-1.0,-99.0,
exp26_tcp_grid,ablationnone__ballspeed9__maxtcp1.8__noplot__servebox,"{""--ablation"": ""none"", ""--ball-speed"": 9, ""--max-tcp"": 1.8, ""--no-plot"": null, ""--serve-box"": null}",59,True,active,0.050269,1.948411,0.050269,0.0,0.0,1.73,1.0,1.4,20.0,0.050269,1.057,1.66,1248.0,7.529,1.218,
exp26_tcp_grid,ablationnone__ballspeed9__maxtcp1.8__noplot__servebox,"{""--ablation"": ""none"", ""--ball-speed"": 9, ""--max-tcp"": 1.8, ""--no-plot"": null, ""--serve-box"": null}",61,True,active,0.116456,1.927886,0.066382,45.0,0.0,1.27,1.0,1.1,10.0,0.116456,1.087,1.61,1093.8,7.457,-2.827,
exp26_tcp_grid,ablationnone__ballspeed9__maxtcp1.8__noplot__servebox,"{""--ablation"": ""none"", ""--ball-speed"": 9, ""--max-tcp"": 1.8, ""--no-plot"": null, ""--serve-box"": null}",63,True,active,0.061202,1.964914,0.019987,0.0,0.0,1.76,0.98,1.5,20.0,0.061202,1.581,1.54,1170.7,8.263,2.078,
exp26_tcp_grid,ablationnone__ballspeed9__maxtcp1.8__noplot__servebox,"{""--ablation"": ""none"", ""--ball-speed"": 9, ""--max-tcp"": 1.8, ""--no-plot"": null, ""--serve-box"": null}",55,False,miss,0.295703,1.959828,0.113366,35.0,0.0,1.26,0.99,1.1,0.0,0.295703,0.0,2.6,1988.9,-1.0,-99.0,
exp26_tcp_grid,ablationnone__ballspeed9__maxtcp1.8__noplot__servebox,"{""--ablation"": ""none"", ""--ball-speed"": 9, ""--max-tcp"": 1.8, ""--no-plot"": null, ""--serve-box"": null}",65,True,active,0.100711,1.961668,0.048656,50.0,0.0,1.28,0.99,1.2,10.0,0.100711,1.082,1.57,1157.9,8.144,-1.752,
exp26_tcp_grid,ablationnone__ballspeed9__maxtcp1.8__noplot__servebox,"{""--ablation"": ""none"", ""--ball-speed"": 9, ""--max-tcp"": 1.8, ""--no-plot"": null, ""--serve-box"": null}",64,True,active,0.09314,1.941679,0.036531,5.0,0.0,1.43,1.0,1.6,10.0,0.09314,1.432,1.82,1502.0,7.486,1.184,
exp26_tcp_grid,ablationnone__ballspeed9__maxtcp1.8__noplot__servebox,"{""--ablation"": ""none"", ""--ball-speed"": 9, ""--max-tcp"": 1.8, ""--no-plot"": null, ""--serve-box"": null}",53,True,active,0.04826,1.925252,0.04826,0.0,0.0,1.4,0.99,1.2,15.0,0.04826,0.901,3.07,2360.1,7.731,-0.958,
exp26_tcp_grid,ablationnone__ballspeed9__maxtcp1.8__noplot__servebox,"{""--ablation"": ""none"", ""--ball-speed"": 9, ""--max-tcp"": 1.8, ""--no-plot"": null, ""--serve-box"": null}",68,True,active,0.094694,1.882938,0.088998,50.0,0.0,1.21,1.0,1.0,5.0,0.094694,0.571,1.57,1129.6,6.834,-4.448,
exp26_tcp_grid,ablationnone__ballspeed9__maxtcp1.8__noplot__servebox,"{""--ablation"": ""none"", ""--ball-speed"": 9, ""--max-tcp"": 1.8, ""--no-plot"": null, ""--serve-box"": null}",62,True,active,0.078171,1.952326,0.065012,35.0,0.0,1.32,1.0,1.1,10.0,0.078171,1.123,2.46,1893.0,7.387,-1.382,
exp26_tcp_grid,ablationnone__ballspeed9__maxtcp1.8__noplot__servebox,"{""--ablation"": ""none"", ""--ball-speed"": 9, ""--max-tcp"": 1.8, ""--no-plot"": null, ""--serve-box"": null}",69,False,miss,0.286428,1.929609,0.134891,10.0,0.0,1.13,1.0,1.3,0.0,0.286428,0.0,1.64,1151.6,-1.0,-99.0,
exp26_tcp_grid,ablationnone__ballspeed9__maxtcp1.8__noplot__servebox,"{""--ablation"": ""none"", ""--ball-speed"": 9, ""--max-tcp"": 1.8, ""--no-plot"": null, ""--serve-box"": null}",70,False,miss,0.299314,1.948963,0.156594,20.0,0.0,1.1,0.99,1.3,0.0,0.299314,0.0,1.48,1071.0,-1.0,-99.0,
exp26_tcp_grid,ablationnone__ballspeed9__maxtcp1.8__noplot__servebox,"{""--ablation"": ""none"", ""--ball-speed"": 9, ""--max-tcp"": 1.8, ""--no-plot"": null, ""--serve-box"": null}",58,True,active,0.089674,1.866225,0.087033,45.0,0.0,1.17,0.99,1.2,5.0,0.089674,0.796,2.98,2333.2,6.234,-4.692,
exp26_tcp_grid,ablationnone__ballspeed9__maxtcp1.8__noplot__servebox,"{""--ablation"": ""none"", ""--ball-speed"": 9, ""--max-tcp"": 1.8, ""--no-plot"": null, ""--serve-box"": null}",60,False,miss,0.304284,1.930195,0.137556,25.0,0.0,1.25,1.0,1.3,0.0,0.304284,0.0,2.98,2327.5,-1.0,-99.0,
exp26_tcp_grid,ablationnone__ballspeed9__maxtcp1.8__noplot__servebox,"{""--ablation"": ""none"", ""--ball-speed"": 9, ""--max-tcp"": 1.8, ""--no-plot"": null, ""--serve-box"": null}",66,False,miss,0.304012,1.929817,0.137965,25.0,0.0,1.22,1.0,1.0,0.0,0.304012,0.0,2.07,1636.8,-1.0,-99.0,
exp26_tcp_grid,ablationnone__ballspeed9__maxtcp1.8__noplot__servebox,"{""--ablation"": ""none"", ""--ball-speed"": 9, ""--max-tcp"": 1.8, ""--no-plot"": null, ""--serve-box"": null}",72,True,active,0.047155,1.949052,0.027142,45.0,0.0,1.37,0.99,1.3,5.0,0.047155,1.046,1.47,1079.2,7.252,-2.84,
exp26_tcp_grid,ablationnone__ballspeed9__maxtcp1.8__noplot__servebox,"{""--ablation"": ""none"", ""--ball-speed"": 9, ""--max-tcp"": 1.8, ""--no-plot"": null, ""--serve-box"": null}",71,True,active,0.092171,1.963841,0.06489,0.0,0.0,1.78,1.0,1.5,20.0,0.092171,1.559,1.57,1151.2,7.99,2.534,
exp26_tcp_grid,ablationnone__ballspeed9__maxtcp1.8__noplot__servebox,"{""--ablation"": ""none"", ""--ball-speed"": 9, ""--max-tcp"": 1.8, ""--no-plot"": null, ""--serve-box"": null}",73,True,active,0.091577,1.963628,0.074048,0.0,0.0,1.78,1.0,1.9,20.0,0.091577,1.585,1.45,1080.9,7.98,1.006,
exp26_tcp_grid,ablationnone__ballspeed9__maxtcp1.8__noplot__servebox,"{""--ablation"": ""none"", ""--ball-speed"": 9, ""--max-tcp"": 1.8, ""--no-plot"": null, ""--serve-box"": null}",67,True,active,0.059739,1.939254,0.051618,30.0,0.0,1.67,0.97,1.9,10.0,0.059739,1.673,2.8,2164.4,7.155,1.858,
exp26_tcp_grid,ablationnone__ballspeed9__maxtcp1.8__noplot__servebox,"{""--ablation"": ""none"", ""--ball-speed"": 9, ""--max-tcp"": 1.8, ""--no-plot"": null, ""--serve-box"": null}",76,True,active,0.076755,1.920115,0.037113,0.0,0.0,1.77,1.0,1.3,15.0,0.076755,1.55,1.43,1101.8,8.262,1.447,
exp26_tcp_grid,ablationnone__ballspeed9__maxtcp1.8__noplot__servebox,"{""--ablation"": ""none"", ""--ball-speed"": 9, ""--max-tcp"": 1.8, ""--no-plot"": null, ""--serve-box"": null}",77,True,active,0.089954,1.901866,0.089954,35.0,0.0,1.39,0.99,1.4,10.0,0.089954,0.637,1.62,1250.7,7.367,-1.335,
exp26_tcp_grid,ablationnone__ballspeed9__maxtcp1.8__noplot__servebox,"{""--ablation"": ""none"", ""--ball-speed"": 9, ""--max-tcp"": 1.8, ""--no-plot"": null, ""--serve-box"": null}",82,True,active,0.118446,1.907937,0.09105,40.0,0.0,1.33,1.0,1.3,10.0,0.118446,0.732,1.44,1049.2,7.723,-3.522,
exp26_tcp_grid,ablationnone__ballspeed9__maxtcp1.8__noplot__servebox,"{""--ablation"": ""none"", ""--ball-speed"": 9, ""--max-tcp"": 1.8, ""--no-plot"": null, ""--serve-box"": null}",83,True,active,0.108176,1.937817,0.101864,40.0,0.0,1.79,0.98,1.6,10.0,0.108176,1.677,1.51,1105.7,8.377,-4.915,
exp26_tcp_grid,ablationnone__ballspeed9__maxtcp1.8__noplot__servebox,"{""--ablation"": ""none"", ""--ball-speed"": 9, ""--max-tcp"": 1.8, ""--no-plot"": null, ""--serve-box"": null}",84,True,active,0.036983,1.942231,0.036983,20.0,0.0,1.8,0.99,1.8,15.0,0.036983,1.768,1.47,1054.2,7.233,-2.373,
exp26_tcp_grid,ablationnone__ballspeed9__maxtcp1.8__noplot__servebox,"{""--ablation"": ""none"", ""--ball-speed"": 9, ""--max-tcp"": 1.8, ""--no-plot"": null, ""--serve-box"": null}",86,True,active,0.095336,1.967961,0.027876,20.0,0.0,1.57,0.99,1.6,15.0,0.095336,1.45,1.44,1071.5,7.642,-0.455,
exp26_tcp_grid,ablationnone__ballspeed9__maxtcp1.8__noplot__servebox,"{""--ablation"": ""none"", ""--ball-speed"": 9, ""--max-tcp"": 1.8, ""--no-plot"": null, ""--serve-box"": null}",78,True,active,0.09085,1.926911,0.028804,35.0,0.0,1.23,1.0,1.2,15.0,0.09085,1.113,1.85,1391.4,8.033,-0.788,
exp26_tcp_grid,ablationnone__ballspeed9__maxtcp1.8__noplot__servebox,"{""--ablation"": ""none"", ""--ball-speed"": 9, ""--max-tcp"": 1.8, ""--no-plot"": null, ""--serve-box"": null}",74,True,active,0.104914,1.957733,0.064401,50.0,0.0,1.25,1.0,1.1,10.0,0.104914,1.253,2.6,2000.5,7.181,-3.302,
exp26_tcp_grid,ablationnone__ballspeed9__maxtcp1.8__noplot__servebox,"{""--ablation"": ""none"", ""--ball-speed"": 9, ""--max-tcp"": 1.8, ""--no-plot"": null, ""--serve-box"": null}",87,True,active,0.098574,1.968937,0.026488,0.0,0.0,1.43,1.0,1.8,15.0,0.098574,1.374,1.49,1136.6,7.825,1.569,
exp26_tcp_grid,ablationnone__ballspeed9__maxtcp1.8__noplot__servebox,"{""--ablation"": ""none"", ""--ball-speed"": 9, ""--max-tcp"": 1.8, ""--no-plot"": null, ""--serve-box"": null}",88,False,miss,0.327193,1.950891,0.147207,20.0,0.0,1.8,0.99,1.7,0.0,0.327193,0.0,1.44,1064.3,-1.0,-99.0,
exp26_tcp_grid,ablationnone__ballspeed9__maxtcp1.8__noplot__servebox,"{""--ablation"": ""none"", ""--ball-speed"": 9, ""--max-tcp"": 1.8, ""--no-plot"": null, ""--serve-box"": null}",85,True,active,0.082228,1.920803,0.082228,35.0,0.0,1.79,1.0,1.7,0.0,0.082228,0.399,2.26,1881.5,7.877,-5.113,
exp26_tcp_grid,ablationnone__ballspeed9__maxtcp1.8__noplot__servebox,"{""--ablation"": ""none"", ""--ball-speed"": 9, ""--max-tcp"": 1.8, ""--no-plot"": null, ""--serve-box"": null}",75,True,active,0.100578,1.892332,0.100578,35.0,0.0,1.41,1.0,1.9,5.0,0.100578,0.49,3.04,2384.7,6.624,-5.157,
exp26_tcp_grid,ablationnone__ballspeed9__maxtcp1.8__noplot__servebox,"{""--ablation"": ""none"", ""--ball-speed"": 9, ""--max-tcp"": 1.8, ""--no-plot"": null, ""--serve-box"": null}",89,True,active,0.109237,1.905777,0.083966,50.0,0.0,1.57,1.0,1.2,10.0,0.109237,0.886,1.61,1200.5,7.459,-3.306,
exp26_tcp_grid,ablationnone__ballspeed9__maxtcp1.8__noplot__servebox,"{""--ablation"": ""none"", ""--ball-speed"": 9, ""--max-tcp"": 1.8, ""--no-plot"": null, ""--serve-box"": null}",80,True,active,0.103248,1.924751,0.092561,45.0,0.0,1.59,0.99,1.5,0.0,0.103248,0.692,2.95,2354.3,7.695,-7.66,
exp26_tcp_grid,ablationnone__ballspeed9__maxtcp1.8__noplot__servebox,"{""--ablation"": ""none"", ""--ball-speed"": 9, ""--max-tcp"": 1.8, ""--no-plot"": null, ""--serve-box"": null}",79,False,miss,0.319356,1.953928,0.106147,0.0,0.0,1.8,0.99,2.0,0.0,0.319356,0.0,2.99,2420.7,-1.0,-99.0,
exp26_tcp_grid,ablationnone__ballspeed9__maxtcp1.8__noplot__servebox,"{""--ablation"": ""none"", ""--ball-speed"": 9, ""--max-tcp"": 1.8, ""--no-plot"": null, ""--serve-box"": null}",92,True,active,0.119656,1.94414,0.119281,0.0,0.0,1.77,1.0,2.0,15.0,0.119656,1.769,1.43,1105.8,7.618,2.147,
exp26_tcp_grid,ablationnone__ballspeed9__maxtcp1.8__noplot__servebox,"{""--ablation"": ""none"", ""--ball-speed"": 9, ""--max-tcp"": 1.8, ""--no-plot"": null, ""--serve-box"": null}",81,True,active,0.058555,1.953284,0.058555,40.0,0.0,1.41,0.98,1.1,10.0,0.058555,0.596,2.96,2338.8,6.955,-3.603,
exp26_tcp_grid,ablationnone__ballspeed9__maxtcp1.8__noplot__servebox,"{""--ablation"": ""none"", ""--ball-speed"": 9, ""--max-tcp"": 1.8, ""--no-plot"": null, ""--serve-box"": null}",95,True,active,0.099037,1.934738,0.050891,50.0,0.0,1.11,1.0,0.9,10.0,0.099037,0.921,1.45,1104.9,7.85,-3.398,
exp26_tcp_grid,ablationnone__ballspeed9__maxtcp1.8__noplot__servebox,"{""--ablation"": ""none"", ""--ball-speed"": 9, ""--max-tcp"": 1.8, ""--no-plot"": null, ""--serve-box"": null}",96,True,active,0.098591,1.9913,0.02379,15.0,0.0,1.8,1.0,1.9,15.0,0.098591,1.789,1.42,1073.5,7.626,0.835,
exp26_tcp_grid,ablationnone__ballspeed9__maxtcp1.8__noplot__servebox,"{""--ablation"": ""none"", ""--ball-speed"": 9, ""--max-tcp"": 1.8, ""--no-plot"": null, ""--serve-box"": null}",97,True,active,0.042427,1.943692,0.042427,0.0,0.0,1.78,1.0,1.7,20.0,0.042427,1.621,1.41,1047.4,7.472,0.585,
exp26_tcp_grid,ablationnone__ballspeed9__maxtcp1.8__noplot__servebox,"{""--ablation"": ""none"", ""--ball-speed"": 9, ""--max-tcp"": 1.8, ""--no-plot"": null, ""--serve-box"": null}",98,True,active,0.068779,1.935549,0.029665,0.0,0.0,1.6,1.0,1.3,10.0,0.068779,1.551,1.41,1068.6,7.43,2.524,
exp26_tcp_grid,ablationnone__ballspeed9__maxtcp1.8__noplot__servebox,"{""--ablation"": ""none"", ""--ball-speed"": 9, ""--max-tcp"": 1.8, ""--no-plot"": null, ""--serve-box"": null}",94,True,active,0.085782,1.942189,0.029672,0.0,0.0,1.24,1.0,1.7,10.0,0.085782,1.143,1.66,1286.6,7.365,3.369,
exp26_tcp_grid,ablationnone__ballspeed9__maxtcp1.8__noplot__servebox,"{""--ablation"": ""none"", ""--ball-speed"": 9, ""--max-tcp"": 1.8, ""--no-plot"": null, ""--serve-box"": null}",93,True,active,0.087252,1.962688,0.079011,40.0,0.0,1.77,0.96,2.0,10.0,0.087252,1.768,1.77,1435.1,7.967,-4.164,
exp26_tcp_grid,ablationnone__ballspeed9__maxtcp1.8__noplot__servebox,"{""--ablation"": ""none"", ""--ball-speed"": 9, ""--max-tcp"": 1.8, ""--no-plot"": null, ""--serve-box"": null}",91,False,miss,0.196753,1.906955,0.142145,30.0,0.0,1.3,0.99,2.0,0.0,0.196753,0.0,2.15,1809.9,-1.0,-99.0,
exp26_tcp_grid,ablationnone__ballspeed9__maxtcp1.8__noplot__servebox,"{""--ablation"": ""none"", ""--ball-speed"": 9, ""--max-tcp"": 1.8, ""--no-plot"": null, ""--serve-box"": null}",90,True,active,0.068128,1.928868,0.068128,40.0,0.0,1.38,0.99,1.4,10.0,0.068128,1.089,2.48,2055.8,7.232,-4.779,
exp26_tcp_grid,ablationnone__ballspeed9__maxtcp1.8__noplot__servebox,"{""--ablation"": ""none"", ""--ball-speed"": 9, ""--max-tcp"": 1.8, ""--no-plot"": null, ""--serve-box"": null}",99,False,miss,0.279359,1.936677,0.115923,10.0,0.0,1.16,1.0,1.3,0.0,0.279359,0.0,1.65,1288.8,-1.0,-99.0,
exp26_tcp_grid,ablationnone__ballspeed9__maxtcp1.8__noplot__servebox,"{""--ablation"": ""none"", ""--ball-speed"": 9, ""--max-tcp"": 1.8, ""--no-plot"": null, ""--serve-box"": null}",100,False,miss,0.281967,1.916573,0.157163,25.0,0.0,1.15,1.0,1.4,0.0,0.281967,0.0,1.38,999.3,-1.0,-99.0,
